LINESTRING (384287.002490 6672170.005248, 384292.541883 6672180.127731, 384294.254671 6672181.789871)

LINESTRING (384287.002490 6672170.005248, 384302.129443 6672164.590433, 384319.193689 6672155.637435, 384335.474368 6672144.903863, 384354.888903 6672126.493211, 384374.898453 6672100.363086)

LINESTRING (384294.254671 6672181.789871, 384345.665918 6672143.211300)

LINESTRING (384294.254671 6672181.789871, 384228.467196 6672231.221338)

LINESTRING (384294.254671 6672181.789871, 384296.769871 6672185.298933)

LINESTRING (384294.254671 6672181.789871, 384292.541883 6672180.127731, 384287.002490 6672170.005248)

LINESTRING (384374.898453 6672100.363086, 384386.044296 6672106.909687, 384389.106487 6672108.573859)

LINESTRING (384374.898453 6672100.363086, 384354.888903 6672126.493211, 384335.474368 6672144.903863, 384319.193689 6672155.637435, 384302.129443 6672164.590433, 384287.002490 6672170.005248)

LINESTRING (384158.626085 6672748.069809, 384157.928288 6672741.806399)

LINESTRING (384158.626085 6672748.069809, 384159.518179 6672753.279493)

LINESTRING (384158.626085 6672748.069809, 384174.494862 6672747.233556, 384191.371842 6672748.081738, 384202.189674 6672749.745671, 384210.668772 6672751.015511, 384219.348579 6672753.014560, 384229.487949 6672755.346400, 384308.752141 6672773.603658, 384312.328620 6672774.515966, 384315.899199 6672775.417319)

LINESTRING (384157.928288 6672741.806399, 384153.258741 6672742.321875)

LINESTRING (384157.928288 6672741.806399, 384158.626085 6672748.069809)

LINESTRING (384157.928288 6672741.806399, 384169.588513 6672740.612895, 384187.702818 6672740.909282)

LINESTRING (384159.518179 6672753.279493, 384158.626085 6672748.069809)

LINESTRING (384159.518179 6672753.279493, 384151.079658 6672754.872617, 384149.399280 6672755.282397)

LINESTRING (384159.518179 6672753.279493, 384175.501470 6672752.729378, 384186.110391 6672753.229700, 384197.813959 6672754.988198)

LINESTRING (384315.899199 6672775.417319, 384317.399550 6672768.605242)

LINESTRING (384315.899199 6672775.417319, 384314.997370 6672783.425235)

LINESTRING (384315.899199 6672775.417319, 384312.328620 6672774.515966, 384308.752141 6672773.603658, 384229.487949 6672755.346400, 384219.348579 6672753.014560, 384210.668772 6672751.015511, 384202.189674 6672749.745671, 384191.371842 6672748.081738, 384174.494862 6672747.233556, 384158.626085 6672748.069809)

LINESTRING (384315.899199 6672775.417319, 384322.615583 6672776.954841, 384350.255912 6672784.083583, 384370.926969 6672789.404281, 384375.227250 6672790.382951, 384380.489230 6672791.576441)

LINESTRING (384475.186990 6672912.826077, 384468.926560 6672911.652814)

LINESTRING (384475.186990 6672912.826077, 384477.004493 6672903.741748)

LINESTRING (384468.926560 6672911.652814, 384466.501970 6672911.172085, 384427.128826 6672903.409784)

LINESTRING (384468.926560 6672911.652814, 384470.328896 6672904.543000, 384470.713156 6672902.469157)

LINESTRING (384468.926560 6672911.652814, 384468.333748 6672914.858825, 384467.731249 6672918.109720)

LINESTRING (384477.004493 6672903.741748, 384483.760403 6672870.463094, 384491.514968 6672835.046663, 384492.355562 6672830.718399, 384492.847466 6672828.184242)

LINESTRING (384477.004493 6672903.741748, 384479.837468 6672904.321045, 384485.868128 6672905.601875)

LINESTRING (384477.004493 6672903.741748, 384473.523597 6672903.038015, 384470.713156 6672902.469157)

LINESTRING (384492.119489 6672915.991899, 384484.100096 6672914.495182)

LINESTRING (384492.119489 6672915.991899, 384490.757974 6672922.988971)

LINESTRING (384484.100096 6672914.495182, 384475.186990 6672912.826077)

LINESTRING (384484.100096 6672914.495182, 384482.905609 6672921.330967)

LINESTRING (384484.100096 6672914.495182, 384485.868128 6672905.601875)

LINESTRING (384490.757974 6672922.988971, 384478.771178 6672985.965384)

LINESTRING (384490.757974 6672922.988971, 384482.905609 6672921.330967)

LINESTRING (384490.757974 6672922.988971, 384497.121151 6672923.724396)

LINESTRING (384490.757974 6672922.988971, 384494.676501 6672934.399860)

LINESTRING (384573.203648 6672479.025761, 384575.549918 6672468.732391)

LINESTRING (384573.203648 6672479.025761, 384568.979389 6672478.178184, 384567.103032 6672477.836121)

LINESTRING (384575.549918 6672468.732391, 384576.199511 6672465.736361, 384582.699490 6672437.135560)

LINESTRING (384575.549918 6672468.732391, 384578.190402 6672469.184110, 384581.748984 6672469.874365, 384585.033665 6672470.506389, 384592.351910 6672471.925157)

LINESTRING (384575.549918 6672468.732391, 384571.447327 6672467.869831, 384569.760259 6672467.544091)

LINESTRING (384567.103032 6672477.836121, 384548.498123 6672474.165370)

LINESTRING (384567.103032 6672477.836121, 384569.202592 6672469.757116)

LINESTRING (384567.103032 6672477.836121, 384566.160157 6672481.744095)

LINESTRING (384567.103032 6672477.836121, 384568.979389 6672478.178184, 384573.203648 6672479.025761)

LINESTRING (384590.628165 6672479.245630, 384595.959036 6672480.147519)

LINESTRING (384590.628165 6672479.245630, 384588.930210 6672485.974637)

LINESTRING (384595.959036 6672480.147519, 384594.145707 6672487.091902)

LINESTRING (384595.959036 6672480.147519, 384597.497355 6672472.933191)

LINESTRING (384595.959036 6672480.147519, 384590.628165 6672479.245630)

LINESTRING (384595.959036 6672480.147519, 384599.567107 6672480.646776, 384613.957178 6672482.890348, 384625.066427 6672484.624382)

LINESTRING (384588.930210 6672485.974637, 384594.145707 6672487.091902)

LINESTRING (384588.930210 6672485.974637, 384583.949780 6672484.916837, 384581.755506 6672484.529064, 384578.568641 6672484.005406, 384575.453181 6672483.457211, 384572.212599 6672482.990973)

LINESTRING (384588.930210 6672485.974637, 384588.296199 6672488.936740, 384578.449623 6672530.793409)

LINESTRING (384604.081051 6672336.485350, 384597.511655 6672335.756195)

LINESTRING (384604.081051 6672336.485350, 384605.717404 6672324.977345)

LINESTRING (384604.081051 6672336.485350, 384612.252377 6672335.893588, 384615.177694 6672335.689989, 384622.606774 6672335.155065)

LINESTRING (384597.511655 6672335.756195, 384604.081051 6672336.485350)

LINESTRING (384597.511655 6672335.756195, 384598.969186 6672325.446273)

LINESTRING (384597.511655 6672335.756195, 384596.156922 6672343.689121)

LINESTRING (384597.511655 6672335.756195, 384592.380753 6672335.215760, 384563.813845 6672331.190138, 384557.812614 6672330.342848, 384529.420804 6672326.590582)

LINESTRING (384605.717404 6672324.977345, 384608.324327 6672305.325637, 384613.735687 6672258.716425, 384615.823243 6672241.610869)

LINESTRING (384605.717404 6672324.977345, 384609.856737 6672325.415304, 384611.455749 6672325.587818, 384613.834854 6672325.847202, 384616.826586 6672326.165300, 384623.818269 6672326.903476)

LINESTRING (384605.717404 6672324.977345, 384601.231502 6672323.937367, 384599.234089 6672323.632533)

LINESTRING (384622.606774 6672335.155065, 384619.965195 6672348.243798)

LINESTRING (384622.606774 6672335.155065, 384630.738604 6672329.783639)

LINESTRING (384622.606774 6672335.155065, 384615.177694 6672335.689989, 384612.252377 6672335.893588, 384604.081051 6672336.485350)

LINESTRING (384619.965195 6672348.243798, 384626.347847 6672349.391217)

LINESTRING (384619.965195 6672348.243798, 384615.061677 6672347.517859, 384613.086817 6672347.223451, 384610.326893 6672346.508000, 384607.015490 6672346.088536, 384602.934676 6672345.392416)

LINESTRING (384619.965195 6672348.243798, 384615.181078 6672368.933648, 384613.854048 6672374.926567)

LINESTRING (384630.738604 6672329.783639, 384630.630788 6672330.767743, 384630.221808 6672334.001358)

LINESTRING (384630.738604 6672329.783639, 384630.963927 6672327.770549, 384631.049683 6672327.143761)

LINESTRING (384630.738604 6672329.783639, 384632.636994 6672328.531393, 384675.557631 6672321.640994)

LINESTRING (384623.176071 6672180.475092, 384623.898685 6672174.857841)

LINESTRING (384623.176071 6672180.475092, 384618.524574 6672181.234551)

LINESTRING (384623.176071 6672180.475092, 384631.497908 6672179.009383, 384634.557411 6672178.478391, 384642.017741 6672177.162428)

LINESTRING (384623.898685 6672174.857841, 384624.734322 6672168.245178)

LINESTRING (384623.898685 6672174.857841, 384632.207751 6672173.515125, 384635.235027 6672173.018582, 384642.649938 6672171.670618)

LINESTRING (384618.524574 6672181.234551, 384617.478595 6672177.467257, 384617.110721 6672175.483997)

LINESTRING (384642.017741 6672177.162428, 384650.061877 6672175.694363)

LINESTRING (384642.017741 6672177.162428, 384640.154331 6672191.341068, 384637.493232 6672211.573955, 384637.326907 6672212.816222)

LINESTRING (384155.784738 6672450.758358, 384160.884980 6672458.231006)

LINESTRING (384155.784738 6672450.758358, 384151.029495 6672454.018070)

LINESTRING (384155.784738 6672450.758358, 384165.755639 6672444.224391, 384271.059102 6672375.232463)

LINESTRING (384160.884980 6672458.231006, 384155.784738 6672450.758358)

LINESTRING (384160.884980 6672458.231006, 384171.222834 6672474.186124)

LINESTRING (384160.884980 6672458.231006, 384155.856627 6672461.633084)

LINESTRING (384160.884980 6672458.231006, 384166.473048 6672454.443466)

LINESTRING (384151.029495 6672454.018070, 384145.715631 6672445.760934)

LINESTRING (384151.029495 6672454.018070, 384155.856627 6672461.633084)

LINESTRING (384151.029495 6672454.018070, 384155.784738 6672450.758358)

LINESTRING (384271.059102 6672375.232463, 384275.453868 6672382.348643)

LINESTRING (384271.059102 6672375.232463, 384277.205894 6672371.371726)

LINESTRING (384271.059102 6672375.232463, 384165.755639 6672444.224391, 384155.784738 6672450.758358)

LINESTRING (384383.835668 6672302.051561, 384395.782863 6672293.895653)

LINESTRING (384383.835668 6672302.051561, 384374.584889 6672308.027235)

LINESTRING (384383.835668 6672302.051561, 384395.679736 6672309.980326)

LINESTRING (384383.835668 6672302.051561, 384387.077004 6672312.034963, 384386.272793 6672318.044909)

LINESTRING (384395.782863 6672293.895653, 384401.120491 6672301.862629)

LINESTRING (384395.782863 6672293.895653, 384390.651032 6672286.468266)

LINESTRING (384395.782863 6672293.895653, 384524.879818 6672209.672787)

LINESTRING (384395.782863 6672293.895653, 384383.835668 6672302.051561)

LINESTRING (384374.584889 6672308.027235, 384383.835668 6672302.051561)

LINESTRING (384374.584889 6672308.027235, 384369.822072 6672300.153593)

LINESTRING (384374.584889 6672308.027235, 384379.441007 6672316.042814)

LINESTRING (384374.584889 6672308.027235, 384348.100152 6672324.944815, 384277.205894 6672371.371726)

LINESTRING (384395.679736 6672309.980326, 384383.835668 6672302.051561)

LINESTRING (384395.679736 6672309.980326, 384393.118476 6672317.672814)

LINESTRING (384395.679736 6672309.980326, 384398.776437 6672303.418819)

LINESTRING (384395.679736 6672309.980326, 384440.856368 6672316.166395, 384517.934316 6672325.236476)

LINESTRING (384386.272793 6672318.044909, 384380.509459 6672317.524731)

LINESTRING (384386.272793 6672318.044909, 384390.800112 6672318.459232)

LINESTRING (384386.272793 6672318.044909, 384387.077004 6672312.034963, 384383.835668 6672302.051561)

LINESTRING (384386.272793 6672318.044909, 384382.822474 6672340.843890, 384379.310881 6672356.423216, 384375.620308 6672370.904897, 384367.526777 6672391.721892)

LINESTRING (384997.325005 6672083.911815, 385005.458169 6672089.161794)

LINESTRING (384997.325005 6672083.911815, 385002.744456 6672076.832177)

LINESTRING (384997.325005 6672083.911815, 384993.388778 6672081.282740, 384991.551224 6672080.058831)

LINESTRING (384997.325005 6672083.911815, 384994.554616 6672087.464687, 384991.437285 6672091.463083, 384985.206444 6672099.404043, 384980.743122 6672105.807315)

LINESTRING (385005.458169 6672089.161794, 385014.876292 6672094.661207, 385053.954242 6672117.395093, 385082.295712 6672133.500974, 385085.339543 6672135.300022)

LINESTRING (385005.458169 6672089.161794, 385002.586131 6672092.483819, 385000.904847 6672093.584170)

LINESTRING (385002.744456 6672076.832177, 384997.325005 6672083.911815)

LINESTRING (385002.744456 6672076.832177, 385010.120607 6672082.908325)

LINESTRING (385002.744456 6672076.832177, 384997.219254 6672072.937947)

LINESTRING (385002.744456 6672076.832177, 385005.669705 6672072.728378, 385009.265410 6672068.224627)

LINESTRING (384991.551224 6672080.058831, 384997.219254 6672072.937947)

LINESTRING (384991.551224 6672080.058831, 384993.388778 6672081.282740, 384997.325005 6672083.911815)

LINESTRING (384991.551224 6672080.058831, 384988.503182 6672072.999855, 384975.962218 6672065.313970)

LINESTRING (384991.551224 6672080.058831, 384984.748730 6672077.575478, 384972.931824 6672070.312644)

LINESTRING (384980.743122 6672105.807315, 384971.765157 6672115.740245)

LINESTRING (384980.743122 6672105.807315, 384970.529412 6672102.205223)

LINESTRING (384980.743122 6672105.807315, 384985.206444 6672099.404043, 384991.437285 6672091.463083, 384994.554616 6672087.464687, 384997.325005 6672083.911815)

LINESTRING (384861.011905 6672277.302758, 384868.693915 6672266.262389)

LINESTRING (384861.011905 6672277.302758, 384859.083195 6672283.069306, 384856.904101 6672287.406102)

LINESTRING (384868.693915 6672266.262389, 384861.011905 6672277.302758)

LINESTRING (384868.693915 6672266.262389, 384888.381724 6672237.938707, 384893.231812 6672230.954791, 384919.987754 6672192.000351)

LINESTRING (384868.693915 6672266.262389, 384869.263825 6672275.561172, 384869.560753 6672278.471665)

LINESTRING (384856.904101 6672287.406102, 384864.250595 6672287.420344)

LINESTRING (384856.904101 6672287.406102, 384848.670180 6672287.776394)

LINESTRING (384856.904101 6672287.406102, 384853.156822 6672293.787041, 384852.476949 6672294.945141)

LINESTRING (384971.765157 6672115.740245, 384980.743122 6672105.807315)

LINESTRING (384971.765157 6672115.740245, 384965.145167 6672110.933173)

LINESTRING (384971.765157 6672115.740245, 384977.250980 6672120.326622)

LINESTRING (384971.765157 6672115.740245, 384967.716204 6672120.837777, 384956.373160 6672133.787132, 384954.324416 6672136.269803)

LINESTRING (384970.529412 6672102.205223, 384980.743122 6672105.807315)

LINESTRING (384970.529412 6672102.205223, 384973.164532 6672098.589714, 384975.080406 6672097.002776, 384978.297513 6672095.475279, 384985.182634 6672087.680929, 384988.092352 6672083.967654, 384991.551224 6672080.058831)

LINESTRING (385081.521869 6672163.525826, 385076.034722 6672173.226393)

LINESTRING (385081.521869 6672163.525826, 385080.282218 6672162.773469, 385073.326295 6672158.578545)

LINESTRING (385076.034722 6672173.226393, 385081.521869 6672163.525826)

LINESTRING (385076.034722 6672173.226393, 385059.756055 6672200.361010, 385055.488727 6672207.170383, 385025.384650 6672255.188934, 385020.715445 6672262.635051)

LINESTRING (385076.034722 6672173.226393, 385074.492726 6672172.394369, 385068.451316 6672169.207186)

LINESTRING (385076.034722 6672173.226393, 385077.102365 6672173.805835, 385083.372286 6672177.197606)

LINESTRING (385073.326295 6672158.578545, 385075.762199 6672155.337125)

LINESTRING (385073.326295 6672158.578545, 385069.066880 6672165.465660)

LINESTRING (385073.326295 6672158.578545, 385070.142396 6672156.739325, 385064.690716 6672153.589365, 385026.584512 6672131.549265, 385021.837704 6672128.745005)

LINESTRING (384814.245790 6672306.188297, 384813.266525 6672297.649064)

LINESTRING (384814.245790 6672306.188297, 384808.271829 6672307.089408, 384796.252154 6672308.905062, 384777.766605 6672311.693112, 384772.560898 6672312.480960)

LINESTRING (384813.266525 6672297.649064, 384814.245790 6672306.188297)

LINESTRING (384813.266525 6672297.649064, 384812.763227 6672293.474604, 384812.003568 6672287.681127, 384805.248880 6672236.038748, 384803.608077 6672224.121285, 384802.142952 6672213.022982)

LINESTRING (384813.266525 6672297.649064, 384808.104968 6672296.663515, 384806.730750 6672296.929621)

LINESTRING (384813.266525 6672297.649064, 384817.301587 6672297.243563, 384818.911934 6672297.070336)

LINESTRING (384772.560898 6672312.480960, 384771.448919 6672305.550700)

LINESTRING (384772.560898 6672312.480960, 384762.536381 6672313.999928, 384749.477754 6672315.971012, 384728.295823 6672319.178490, 384718.453339 6672320.658418, 384707.533746 6672322.317154, 384693.625133 6672324.448927)

LINESTRING (384836.078715 6672303.373196, 384848.670180 6672287.776394)

LINESTRING (384836.078715 6672303.373196, 384825.475051 6672304.486713)

LINESTRING (384836.078715 6672303.373196, 384845.127441 6672298.720106, 384852.476949 6672294.945141)

LINESTRING (384848.670180 6672287.776394, 384856.904101 6672287.406102)

LINESTRING (384848.670180 6672287.776394, 384842.714764 6672288.208800)

LINESTRING (384848.670180 6672287.776394, 384852.858849 6672282.718899, 384861.011905 6672277.302758)

LINESTRING (384825.475051 6672304.486713, 384814.245790 6672306.188297)

LINESTRING (384825.475051 6672304.486713, 384828.966597 6672299.863451, 384831.957892 6672296.459516)

LINESTRING (384825.475051 6672304.486713, 384821.370406 6672309.742198, 384819.644800 6672312.783155)

LINESTRING (384852.476949 6672294.945141, 384861.395070 6672292.848260)

LINESTRING (384852.476949 6672294.945141, 384850.050109 6672299.702072, 384848.831145 6672302.080713)

LINESTRING (384710.275293 6672751.936576, 384702.028212 6672754.324792)

LINESTRING (384710.275293 6672751.936576, 384707.126339 6672745.025880, 384702.031536 6672735.914133, 384700.840481 6672734.057082)

LINESTRING (384710.275293 6672751.936576, 384714.969682 6672750.975254, 384717.479619 6672750.461611, 384718.075474 6672750.342554, 384720.623887 6672749.816558, 384725.373393 6672748.842370)

LINESTRING (384710.275293 6672751.936576, 384710.340278 6672745.359332, 384711.020477 6672740.512393, 384711.273947 6672738.687876, 384711.899937 6672735.469726, 384713.424609 6672727.642937)

LINESTRING (384702.028212 6672754.324792, 384710.275293 6672751.936576)

LINESTRING (384702.028212 6672754.324792, 384696.214376 6672746.004654)

LINESTRING (384702.028212 6672754.324792, 384704.916055 6672762.993376)

LINESTRING (384702.028212 6672754.324792, 384699.735639 6672754.865035, 384689.112493 6672756.904602, 384676.552144 6672758.604004, 384664.629320 6672759.391819, 384650.349541 6672759.028025, 384635.934215 6672757.710137, 384609.599434 6672753.235070)

LINESTRING (384700.840481 6672734.057082, 384696.553977 6672739.686229)

LINESTRING (384700.840481 6672734.057082, 384695.895711 6672725.832172)

LINESTRING (384700.840481 6672734.057082, 384704.405344 6672729.665400, 384706.037047 6672726.649619, 384708.061707 6672722.183841)

LINESTRING (384725.373393 6672748.842370, 384733.621333 6672747.891808)

LINESTRING (384725.373393 6672748.842370, 384720.623887 6672749.816558, 384718.075474 6672750.342554, 384717.479619 6672750.461611, 384714.969682 6672750.975254, 384710.275293 6672751.936576)

LINESTRING (384725.373393 6672748.842370, 384725.097405 6672756.830448, 384726.142916 6672764.999818)

LINESTRING (384713.424609 6672727.642937, 384715.528189 6672717.747355)

LINESTRING (384713.424609 6672727.642937, 384718.765066 6672736.446067, 384719.731391 6672738.042732, 384721.249687 6672740.948205, 384725.373393 6672748.842370)

LINESTRING (384548.231718 6672587.423352, 384549.993436 6672580.079367)

LINESTRING (384548.231718 6672587.423352, 384541.825716 6672585.875622)

LINESTRING (384549.993436 6672580.079367, 384553.885461 6672562.816566)

LINESTRING (384541.825716 6672585.875622, 384541.205075 6672593.662850)

LINESTRING (384541.825716 6672585.875622, 384538.570897 6672585.131256, 384522.075338 6672581.605905, 384491.174365 6672574.991000, 384488.295436 6672574.546866)

LINESTRING (384541.825716 6672585.875622, 384542.775694 6672581.666517, 384543.952154 6672580.414687)

LINESTRING (384481.655441 6672573.151497, 384482.411781 6672568.614148, 384482.085110 6672563.185971, 384480.420769 6672557.242764, 384477.063143 6672551.832178, 384473.261503 6672547.483176, 384488.345780 6672482.135695)

LINESTRING (384481.655441 6672573.151497, 384480.212652 6672577.576765, 384477.939337 6672581.370709, 384474.518223 6672585.212005, 384469.658565 6672588.508028, 384463.398341 6672590.878674, 384462.639619 6672593.755584)

LINESTRING (384488.345780 6672482.135695, 384483.313985 6672481.035073)

LINESTRING (384488.345780 6672482.135695, 384473.261503 6672547.483176, 384477.063143 6672551.832178, 384480.420769 6672557.242764, 384482.085110 6672563.185971, 384482.411781 6672568.614148, 384481.655441 6672573.151497)

LINESTRING (384488.345780 6672482.135695, 384490.761738 6672470.714475, 384492.515759 6672462.423428)

LINESTRING (384462.639619 6672593.755584, 384457.882882 6672590.985805)

LINESTRING (384462.639619 6672593.755584, 384467.237326 6672596.764418)

LINESTRING (384462.639619 6672593.755584, 384455.705815 6672624.755251)

LINESTRING (384941.652849 6672391.338810, 384943.037290 6672398.115672)

LINESTRING (384941.652849 6672391.338810, 384935.705059 6672399.961942, 384917.962361 6672429.383297)

LINESTRING (384941.652849 6672391.338810, 384938.311342 6672383.241526, 384937.973887 6672381.513606)

LINESTRING (384941.652849 6672391.338810, 384948.247485 6672392.524700, 384949.967586 6672391.958028)

LINESTRING (384941.652849 6672391.338810, 384952.203211 6672373.510746, 384953.348150 6672371.602530)

LINESTRING (384943.037290 6672398.115672, 384951.316679 6672398.847446)

LINESTRING (384943.037290 6672398.115672, 384943.057439 6672404.589916, 384929.441437 6672427.161526, 384925.472720 6672433.738805)

LINESTRING (384917.962361 6672429.383297, 384910.921021 6672424.935055)

LINESTRING (384917.962361 6672429.383297, 384925.472720 6672433.738805)

LINESTRING (384917.962361 6672429.383297, 384935.705059 6672399.961942, 384941.652849 6672391.338810)

LINESTRING (384937.973887 6672381.513606, 384946.694784 6672367.487506)

LINESTRING (384937.973887 6672381.513606, 384928.054901 6672384.265837, 384906.282670 6672422.216703)

LINESTRING (384937.973887 6672381.513606, 384938.311342 6672383.241526, 384941.652849 6672391.338810)

LINESTRING (384949.967586 6672391.958028, 384951.316679 6672398.847446)

LINESTRING (384949.967586 6672391.958028, 384960.024038 6672375.728002)

LINESTRING (384949.967586 6672391.958028, 384948.247485 6672392.524700, 384941.652849 6672391.338810)

LINESTRING (384953.348150 6672371.602530, 384946.694784 6672367.487506)

LINESTRING (384953.348150 6672371.602530, 384960.024038 6672375.728002)

LINESTRING (384953.348150 6672371.602530, 384957.952156 6672363.857464)

LINESTRING (384953.348150 6672371.602530, 384952.203211 6672373.510746, 384941.652849 6672391.338810)

LINESTRING (384755.808071 6672949.932459, 384757.140724 6672958.761463)

LINESTRING (384755.808071 6672949.932459, 384751.239560 6672950.299125, 384748.138309 6672950.541606, 384743.397870 6672950.913692)

LINESTRING (384757.140724 6672958.761463, 384764.562773 6673009.379793)

LINESTRING (384757.140724 6672958.761463, 384760.582090 6672958.742318, 384762.269848 6672958.744927)

LINESTRING (384757.140724 6672958.761463, 384754.098674 6672958.768044, 384752.883034 6672958.772868, 384749.796966 6672958.791983, 384748.453766 6672958.800824, 384745.317433 6672958.810379)

LINESTRING (384743.397870 6672950.913692, 384737.479682 6672951.612610)

LINESTRING (384743.397870 6672950.913692, 384740.619317 6672939.890177, 384733.961194 6672898.386246, 384733.046812 6672892.441628)

LINESTRING (384352.508504 6672836.603103, 384357.921231 6672837.825231)

LINESTRING (384352.508504 6672836.603103, 384305.490049 6672825.873905)

LINESTRING (384352.508504 6672836.603103, 384360.111388 6672829.297434, 384366.280901 6672821.959031, 384372.161447 6672812.501174, 384378.695409 6672797.361320)

LINESTRING (384352.508504 6672836.603103, 384343.544821 6672843.361109, 384334.852761 6672848.171425, 384324.421454 6672851.877677, 384313.977344 6672854.826542, 384301.386884 6672857.141146)

LINESTRING (384357.921231 6672837.825231, 384352.508504 6672836.603103)

LINESTRING (384357.921231 6672837.825231, 384380.338266 6672842.890235)

LINESTRING (384357.921231 6672837.825231, 384349.118543 6672844.934762, 384338.859050 6672850.741848, 384329.095647 6672855.028793, 384319.287871 6672857.734654, 384316.879643 6672858.301084)

LINESTRING (384357.921231 6672837.825231, 384363.199380 6672831.796581, 384369.617891 6672823.904243, 384375.653894 6672814.798106, 384379.573151 6672806.171153, 384382.021004 6672800.176170, 384383.427391 6672798.649558)

LINESTRING (384305.490049 6672825.873905, 384352.508504 6672836.603103)

LINESTRING (384378.695409 6672797.361320, 384380.489230 6672791.576441)

LINESTRING (384378.695409 6672797.361320, 384372.161447 6672812.501174, 384366.280901 6672821.959031, 384360.111388 6672829.297434, 384352.508504 6672836.603103)

LINESTRING (384378.695409 6672797.361320, 384381.841615 6672798.186978, 384383.427391 6672798.649558)

LINESTRING (384378.695409 6672797.361320, 384375.481668 6672796.682674, 384373.709775 6672796.303985, 384314.997370 6672783.425235)

LINESTRING (384301.386884 6672857.141146, 384302.905890 6672863.222607)

LINESTRING (384301.386884 6672857.141146, 384299.743958 6672849.949156, 384289.370448 6672853.375072)

LINESTRING (384301.386884 6672857.141146, 384313.977344 6672854.826542, 384324.421454 6672851.877677, 384334.852761 6672848.171425, 384343.544821 6672843.361109, 384352.508504 6672836.603103)

LINESTRING (384301.386884 6672857.141146, 384297.982071 6672858.496898, 384295.708748 6672860.697315, 384291.833892 6672876.343975)

LINESTRING (384998.219094 6672963.608520, 384994.874437 6672978.903337)

LINESTRING (384998.219094 6672963.608520, 385013.239441 6672965.309992)

LINESTRING (384998.219094 6672963.608520, 384910.965951 6672947.014222)

LINESTRING (384998.219094 6672963.608520, 384999.257608 6672958.494073, 384999.729797 6672956.205793, 385001.219769 6672949.026605)

LINESTRING (384994.874437 6672978.903337, 384915.746192 6672964.160069)

LINESTRING (384994.874437 6672978.903337, 385010.201090 6672981.698467)

LINESTRING (384994.874437 6672978.903337, 384998.219094 6672963.608520)

LINESTRING (384994.874437 6672978.903337, 384993.379840 6672986.818202, 384992.130335 6672993.521779)

LINESTRING (385013.239441 6672965.309992, 385010.201090 6672981.698467)

LINESTRING (385013.239441 6672965.309992, 385070.731520 6672977.000976)

LINESTRING (385013.239441 6672965.309992, 384998.219094 6672963.608520)

LINESTRING (385013.239441 6672965.309992, 385014.356699 6672961.641846, 385014.901250 6672959.005820, 385016.365617 6672951.894310)

LINESTRING (384910.965951 6672947.014222, 384907.050792 6672962.516518)

LINESTRING (384910.965951 6672947.014222, 384998.219094 6672963.608520)

LINESTRING (384910.965951 6672947.014222, 384897.266568 6672944.424670)

LINESTRING (384910.965951 6672947.014222, 384912.198166 6672942.060824, 384912.698787 6672939.972236, 384914.505672 6672932.459859)

LINESTRING (385001.219769 6672949.026605, 385002.403396 6672943.406106)

LINESTRING (385001.219769 6672949.026605, 385008.600284 6672950.343904)

LINESTRING (385001.219769 6672949.026605, 384999.729797 6672956.205793, 384999.257608 6672958.494073, 384998.219094 6672963.608520)

LINESTRING (385070.731520 6672977.000976, 385013.239441 6672965.309992)

LINESTRING (385070.731520 6672977.000976, 385073.354380 6672972.483203)

LINESTRING (385070.731520 6672977.000976, 385063.964553 6672991.868201)

LINESTRING (385073.354380 6672972.483203, 385070.731520 6672977.000976)

LINESTRING (385073.354380 6672972.483203, 385081.124131 6672974.000171)

LINESTRING (385073.354380 6672972.483203, 385074.062646 6672970.109514, 385076.101776 6672964.150152)

LINESTRING (385063.964553 6672991.868201, 385010.201090 6672981.698467)

LINESTRING (385063.964553 6672991.868201, 385070.731520 6672977.000976)

LINESTRING (385063.964553 6672991.868201, 385059.991575 6672999.002708, 385056.332151 6673005.514437)

LINESTRING (385095.215500 6672961.845260, 385088.216326 6672959.055911)

LINESTRING (385095.215500 6672961.845260, 385100.788670 6672949.088408)

LINESTRING (385095.215500 6672961.845260, 385091.782838 6672969.040784)

LINESTRING (385088.216326 6672959.055911, 385095.215500 6672961.845260)

LINESTRING (385088.216326 6672959.055911, 385081.401603 6672956.483674)

LINESTRING (385088.216326 6672959.055911, 385084.363137 6672967.356786)

LINESTRING (385088.216326 6672959.055911, 385089.422660 6672956.454854, 385091.738603 6672951.177766, 385096.012329 6672941.593247, 385100.023794 6672932.496171)

LINESTRING (385100.788670 6672949.088408, 385095.215500 6672961.845260)

LINESTRING (385100.788670 6672949.088408, 385101.192270 6672948.150763)

LINESTRING (385100.788670 6672949.088408, 385102.049855 6672949.650632)

LINESTRING (385091.782838 6672969.040784, 385095.215500 6672961.845260)

LINESTRING (385091.782838 6672969.040784, 385089.803730 6672972.490773, 385088.129876 6672975.407399)

LINESTRING (384755.865200 6672904.294343, 384755.147926 6672917.489596)

LINESTRING (384755.865200 6672904.294343, 384756.554297 6672892.849647)

LINESTRING (384755.865200 6672904.294343, 384758.374708 6672906.945747, 384773.327339 6672918.656051)

LINESTRING (384755.865200 6672904.294343, 384753.913988 6672902.271745, 384748.933980 6672899.620084)

LINESTRING (384755.147926 6672917.489596, 384757.848322 6672934.321813)

LINESTRING (384755.147926 6672917.489596, 384755.865200 6672904.294343)

LINESTRING (384755.147926 6672917.489596, 384772.045722 6672920.446048)

LINESTRING (384756.554297 6672892.849647, 384755.865200 6672904.294343)

LINESTRING (384756.554297 6672892.849647, 384757.079028 6672885.355242)

LINESTRING (384756.554297 6672892.849647, 384758.914520 6672893.756079, 384763.291391 6672895.412593, 384772.688243 6672899.050876)

LINESTRING (384773.327339 6672918.656051, 384772.045722 6672920.446048)

LINESTRING (384773.327339 6672918.656051, 384776.679485 6672921.269808)

LINESTRING (384773.327339 6672918.656051, 384758.374708 6672906.945747, 384755.865200 6672904.294343)

LINESTRING (384748.933980 6672899.620084, 384753.951009 6672937.141409, 384755.808071 6672949.932459)

LINESTRING (384748.933980 6672899.620084, 384753.913988 6672902.271745, 384755.865200 6672904.294343)

LINESTRING (384748.933980 6672899.620084, 384742.310657 6672896.262332, 384738.837162 6672894.733431, 384733.046812 6672892.441628)

LINESTRING (384801.331114 6672207.866378, 384806.832259 6672210.111702)

LINESTRING (384801.331114 6672207.866378, 384794.815174 6672209.018581)

LINESTRING (384801.331114 6672207.866378, 384802.142952 6672213.022982)

LINESTRING (384801.331114 6672207.866378, 384799.175096 6672202.696326, 384797.962155 6672201.029383)

LINESTRING (384806.832259 6672210.111702, 384810.527889 6672211.622561)

LINESTRING (384806.832259 6672210.111702, 384801.331114 6672207.866378)

LINESTRING (384806.832259 6672210.111702, 384807.156701 6672212.129776)

LINESTRING (384806.832259 6672210.111702, 384805.333006 6672200.752994, 384812.338520 6672199.629992, 384810.799343 6672190.060795)

LINESTRING (384794.815174 6672209.018581, 384801.331114 6672207.866378)

LINESTRING (384794.815174 6672209.018581, 384791.566842 6672202.133221)

LINESTRING (384794.815174 6672209.018581, 384795.636715 6672214.130302)

LINESTRING (384794.815174 6672209.018581, 384743.867937 6672217.096201, 384740.459332 6672217.649232)

LINESTRING (384802.142952 6672213.022982, 384795.636715 6672214.130302)

LINESTRING (384802.142952 6672213.022982, 384807.156701 6672212.129776)

LINESTRING (384802.142952 6672213.022982, 384801.331114 6672207.866378)

LINESTRING (384802.142952 6672213.022982, 384803.608077 6672224.121285, 384805.248880 6672236.038748, 384812.003568 6672287.681127, 384812.763227 6672293.474604, 384813.266525 6672297.649064)

LINESTRING (384797.962155 6672201.029383, 384791.566842 6672202.133221)

LINESTRING (384797.962155 6672201.029383, 384799.175096 6672202.696326, 384801.331114 6672207.866378)

LINESTRING (384797.962155 6672201.029383, 384795.315671 6672197.390395, 384792.623475 6672192.827862)

LINESTRING (384658.891272 6672489.922471, 384666.029430 6672491.090734)

LINESTRING (384658.891272 6672489.922471, 384652.111610 6672488.854376)

LINESTRING (384658.891272 6672489.922471, 384657.646758 6672496.949205)

LINESTRING (384658.891272 6672489.922471, 384660.509756 6672482.605351)

LINESTRING (384666.029430 6672491.090734, 384658.891272 6672489.922471)

LINESTRING (384666.029430 6672491.090734, 384664.365039 6672498.008099)

LINESTRING (384666.029430 6672491.090734, 384667.586274 6672483.931580)

LINESTRING (384666.029430 6672491.090734, 384667.586448 6672491.342603, 384706.374538 6672497.688432, 384740.329203 6672503.239498, 384743.560397 6672503.761900)

LINESTRING (384652.111610 6672488.854376, 384658.891272 6672489.922471)

LINESTRING (384652.111610 6672488.854376, 384653.466927 6672481.467530)

LINESTRING (384652.111610 6672488.854376, 384650.778009 6672495.872774)

LINESTRING (384652.111610 6672488.854376, 384625.066427 6672484.624382)

LINESTRING (384657.646758 6672496.949205, 384658.891272 6672489.922471)

LINESTRING (384657.646758 6672496.949205, 384650.778009 6672495.872774)

LINESTRING (384657.646758 6672496.949205, 384664.365039 6672498.008099)

LINESTRING (384657.646758 6672496.949205, 384657.308048 6672498.887854, 384654.919393 6672512.425521, 384650.604629 6672537.614034)

LINESTRING (384660.509756 6672482.605351, 384658.891272 6672489.922471)

LINESTRING (384660.509756 6672482.605351, 384667.586274 6672483.931580)

LINESTRING (384660.509756 6672482.605351, 384653.466927 6672481.467530)

LINESTRING (384660.509756 6672482.605351, 384661.072509 6672480.904824, 384676.969212 6672410.383980)

LINESTRING (384495.069371 6672817.660685, 384506.144770 6672820.286941)

LINESTRING (384495.069371 6672817.660685, 384496.805134 6672809.325626)

LINESTRING (384506.144770 6672820.286941, 384504.720422 6672828.110674)

LINESTRING (384506.144770 6672820.286941, 384507.804313 6672811.998870)

LINESTRING (384506.144770 6672820.286941, 384512.252501 6672821.543100)

LINESTRING (384496.805134 6672809.325626, 384497.112765 6672807.989736, 384514.063904 6672737.613011, 384514.722722 6672734.560952)

LINESTRING (384496.805134 6672809.325626, 384500.922325 6672810.310216, 384506.174189 6672811.537636)

LINESTRING (384496.805134 6672809.325626, 384493.956784 6672808.613065, 384491.561897 6672808.019936)

LINESTRING (384512.252501 6672821.543100, 384518.416815 6672823.009228)

LINESTRING (384512.252501 6672821.543100, 384510.483291 6672829.522583)

LINESTRING (384518.416815 6672823.009228, 384516.843529 6672829.455743)

LINESTRING (384518.416815 6672823.009228, 384519.884019 6672814.782951)

LINESTRING (384518.416815 6672823.009228, 384531.808555 6672824.971863, 384555.979546 6672830.383830, 384622.131103 6672845.606346, 384640.136387 6672850.042956)

LINESTRING (384510.483291 6672829.522583, 384516.843529 6672829.455743)

LINESTRING (384510.483291 6672829.522583, 384509.938019 6672832.125287)

LINESTRING (384510.483291 6672829.522583, 384507.137479 6672828.703112, 384504.720422 6672828.110674)

LINESTRING (384731.157901 6672884.109349, 384729.448914 6672875.849419)

LINESTRING (384731.157901 6672884.109349, 384737.460205 6672886.262447, 384740.816067 6672887.404996, 384747.932015 6672889.833402)

LINESTRING (384729.448914 6672875.849419, 384724.838362 6672874.178011)

LINESTRING (384729.448914 6672875.849419, 384727.495413 6672863.172857)

LINESTRING (384729.448914 6672875.849419, 384733.905159 6672877.380812, 384736.110744 6672878.136075, 384739.470058 6672879.211648, 384742.115953 6672880.198233, 384747.380298 6672882.005107)

LINESTRING (384747.932015 6672889.833402, 384756.554297 6672892.849647)

LINESTRING (384747.932015 6672889.833402, 384748.933980 6672899.620084)

LINESTRING (384625.530611 6672926.017648, 384681.127347 6672938.798746)

LINESTRING (384625.530611 6672926.017648, 384627.336766 6672916.209379)

LINESTRING (384625.530611 6672926.017648, 384622.932722 6672925.497699, 384617.949098 6672924.495701)

LINESTRING (384681.127347 6672938.798746, 384689.695141 6672940.791262)

LINESTRING (384681.127347 6672938.798746, 384625.530611 6672926.017648)

LINESTRING (384681.127347 6672938.798746, 384680.261351 6672945.323208, 384679.369861 6672952.271961)

LINESTRING (384627.336766 6672916.209379, 384625.530611 6672926.017648)

LINESTRING (384627.336766 6672916.209379, 384630.756575 6672898.058829, 384635.601472 6672876.152299)

LINESTRING (384627.336766 6672916.209379, 384603.975612 6672911.986191, 384607.772051 6672915.833973, 384612.119437 6672923.776689)

LINESTRING (384617.949098 6672924.495701, 384612.119437 6672923.776689)

LINESTRING (384617.949098 6672924.495701, 384622.932722 6672925.497699, 384625.530611 6672926.017648)

LINESTRING (384617.949098 6672924.495701, 384616.139500 6672932.431822, 384614.012865 6672940.701122)

LINESTRING (384376.175161 6672295.785021, 384369.822072 6672300.153593)

LINESTRING (384376.175161 6672295.785021, 384372.521139 6672290.495317, 384365.915040 6672280.517848)

LINESTRING (384376.175161 6672295.785021, 384380.834123 6672292.628957, 384390.651032 6672286.468266)

LINESTRING (384369.822072 6672300.153593, 384376.175161 6672295.785021)

LINESTRING (384369.822072 6672300.153593, 384374.584889 6672308.027235)

LINESTRING (384369.822072 6672300.153593, 384272.371366 6672363.166137)

LINESTRING (384365.915040 6672280.517848, 384370.991240 6672275.275735)

LINESTRING (384365.915040 6672280.517848, 384307.625969 6672321.029696)

LINESTRING (384365.915040 6672280.517848, 384372.521139 6672290.495317, 384376.175161 6672295.785021)

LINESTRING (384365.915040 6672280.517848, 384361.452644 6672278.819894, 384359.517859 6672275.927701)

LINESTRING (384390.651032 6672286.468266, 384395.782863 6672293.895653)

LINESTRING (384390.651032 6672286.468266, 384519.662699 6672201.824427)

LINESTRING (384390.651032 6672286.468266, 384380.834123 6672292.628957, 384376.175161 6672295.785021)

LINESTRING (384145.715631 6672445.760934, 384151.029495 6672454.018070)

LINESTRING (384145.715631 6672445.760934, 384272.371366 6672363.166137)

LINESTRING (384272.371366 6672363.166137, 384145.715631 6672445.760934)

LINESTRING (384272.371366 6672363.166137, 384277.205894 6672371.371726)

LINESTRING (384272.371366 6672363.166137, 384369.822072 6672300.153593)

LINESTRING (384493.351372 6672825.326518, 384488.138685 6672823.228616)

LINESTRING (384493.351372 6672825.326518, 384495.069371 6672817.660685)

LINESTRING (384493.351372 6672825.326518, 384504.720422 6672828.110674)

LINESTRING (384488.138685 6672823.228616, 384487.609376 6672826.688941)

LINESTRING (384488.138685 6672823.228616, 384493.351372 6672825.326518)

LINESTRING (384488.138685 6672823.228616, 384488.845633 6672820.999719, 384489.856262 6672816.253747)

LINESTRING (384488.138685 6672823.228616, 384467.511551 6672818.407386, 384448.779732 6672814.183988)

LINESTRING (384504.720422 6672828.110674, 384506.144770 6672820.286941)

LINESTRING (384504.720422 6672828.110674, 384504.089223 6672830.805244)

LINESTRING (384504.720422 6672828.110674, 384493.351372 6672825.326518)

LINESTRING (384504.720422 6672828.110674, 384507.137479 6672828.703112, 384510.483291 6672829.522583)

LINESTRING (384516.843529 6672829.455743, 384510.483291 6672829.522583)

LINESTRING (384516.843529 6672829.455743, 384518.416815 6672823.009228)

LINESTRING (384516.843529 6672829.455743, 384515.937613 6672833.474016)

LINESTRING (384516.843529 6672829.455743, 384621.126548 6672854.074319, 384636.380866 6672858.597583)

LINESTRING (384509.938019 6672832.125287, 384504.089223 6672830.805244)

LINESTRING (384509.938019 6672832.125287, 384495.302145 6672900.200150, 384493.851805 6672907.021711)

LINESTRING (384509.938019 6672832.125287, 384514.824778 6672833.219354, 384515.937613 6672833.474016)

LINESTRING (384380.489230 6672791.576441, 384386.652249 6672792.997815)

LINESTRING (384380.489230 6672791.576441, 384382.253300 6672784.321436)

LINESTRING (384380.489230 6672791.576441, 384378.695409 6672797.361320)

LINESTRING (384380.489230 6672791.576441, 384375.227250 6672790.382951, 384370.926969 6672789.404281, 384350.255912 6672784.083583, 384322.615583 6672776.954841, 384315.899199 6672775.417319)

LINESTRING (384386.652249 6672792.997815, 384385.445858 6672799.276790)

LINESTRING (384386.652249 6672792.997815, 384388.070271 6672785.508560)

LINESTRING (384386.652249 6672792.997815, 384388.303880 6672793.436030, 384401.702584 6672794.205522)

LINESTRING (384382.253300 6672784.321436, 384380.489230 6672791.576441)

LINESTRING (384382.253300 6672784.321436, 384386.731769 6672785.316783)

LINESTRING (384382.253300 6672784.321436, 384377.020096 6672783.160467)

LINESTRING (384382.253300 6672784.321436, 384383.997195 6672774.492702, 384384.649374 6672762.792735, 384383.944943 6672754.724108, 384382.327660 6672746.405688, 384379.646211 6672735.858544, 384375.001669 6672723.802013)

LINESTRING (384314.997370 6672783.425235, 384315.899199 6672775.417319)

LINESTRING (384314.997370 6672783.425235, 384219.368715 6672760.324692)

LINESTRING (384314.997370 6672783.425235, 384373.709775 6672796.303985, 384375.481668 6672796.682674, 384378.695409 6672797.361320)

LINESTRING (384219.368715 6672760.324692, 384314.997370 6672783.425235)

LINESTRING (384219.368715 6672760.324692, 384221.429512 6672765.274550, 384228.143630 6672774.289909, 384251.044857 6672797.816356, 384257.004601 6672804.749303)

LINESTRING (384219.368715 6672760.324692, 384215.201026 6672759.152554, 384197.813959 6672754.988198)

LINESTRING (384689.695141 6672940.791262, 384681.127347 6672938.798746)

LINESTRING (384689.695141 6672940.791262, 384698.042875 6672915.342051)

LINESTRING (384689.695141 6672940.791262, 384690.473845 6672944.188075, 384690.092982 6672953.249328)

LINESTRING (384698.042875 6672915.342051, 384689.695141 6672940.791262)

LINESTRING (384698.042875 6672915.342051, 384705.216044 6672892.080715)

LINESTRING (384698.042875 6672915.342051, 384732.292011 6672921.373967)

LINESTRING (384690.092982 6672953.249328, 384689.713754 6672960.070503)

LINESTRING (384690.092982 6672953.249328, 384685.634859 6672953.066524)

LINESTRING (384690.092982 6672953.249328, 384690.473845 6672944.188075, 384689.695141 6672940.791262)

LINESTRING (384689.713754 6672960.070503, 384690.092982 6672953.249328)

LINESTRING (384689.713754 6672960.070503, 384739.034726 6672958.863248)

LINESTRING (384689.713754 6672960.070503, 384685.299721 6672960.053478)

LINESTRING (384685.634859 6672953.066524, 384685.299721 6672960.053478)

LINESTRING (384685.634859 6672953.066524, 384679.369861 6672952.271961)

LINESTRING (384772.688243 6672899.050876, 384773.891684 6672892.482392)

LINESTRING (384772.688243 6672899.050876, 384774.451808 6672899.697482, 384804.336549 6672911.528752, 384810.977774 6672913.693600, 384817.510528 6672914.881166)

LINESTRING (384773.891684 6672892.482392, 384775.278152 6672884.849433)

LINESTRING (384773.891684 6672892.482392, 384772.688243 6672899.050876)

LINESTRING (384773.891684 6672892.482392, 384780.907592 6672895.437795)

LINESTRING (384773.891684 6672892.482392, 384757.079028 6672885.355242)

LINESTRING (384817.510528 6672914.881166, 384914.505672 6672932.459859)

LINESTRING (384817.510528 6672914.881166, 384815.966712 6672908.688865)

LINESTRING (384817.510528 6672914.881166, 384820.476476 6672921.808844, 384826.748337 6672931.117748)

LINESTRING (384547.614402 6672590.384939, 384541.825716 6672585.875622)

LINESTRING (384547.614402 6672590.384939, 384548.231718 6672587.423352)

LINESTRING (384504.089223 6672830.805244, 384504.720422 6672828.110674)

LINESTRING (384504.089223 6672830.805244, 384492.847466 6672828.184242)

LINESTRING (384504.089223 6672830.805244, 384509.938019 6672832.125287)

LINESTRING (384504.089223 6672830.805244, 384498.222473 6672851.975239, 384485.868128 6672905.601875)

LINESTRING (384482.905609 6672921.330967, 384470.634334 6672984.260664)

LINESTRING (384482.905609 6672921.330967, 384473.813213 6672919.433488)

LINESTRING (384482.905609 6672921.330967, 384490.757974 6672922.988971)

LINESTRING (384482.905609 6672921.330967, 384484.100096 6672914.495182)

LINESTRING (384485.868128 6672905.601875, 384493.851805 6672907.021711)

LINESTRING (384485.868128 6672905.601875, 384484.100096 6672914.495182)

LINESTRING (384485.868128 6672905.601875, 384479.837468 6672904.321045, 384477.004493 6672903.741748)

LINESTRING (384485.868128 6672905.601875, 384498.222473 6672851.975239, 384504.089223 6672830.805244)

LINESTRING (384781.716619 6672410.430705, 384784.687957 6672403.572593)

LINESTRING (384781.716619 6672410.430705, 384786.590402 6672411.804172, 384789.497608 6672412.615419, 384794.192133 6672413.938812)

LINESTRING (384784.687957 6672403.572593, 384780.721282 6672402.794678)

LINESTRING (384784.687957 6672403.572593, 384795.549162 6672376.763038, 384806.704731 6672351.716222, 384813.807352 6672338.153026, 384823.557542 6672321.731642, 384826.565020 6672316.900711)

LINESTRING (384784.687957 6672403.572593, 384789.444449 6672404.570844, 384792.378989 6672405.191779, 384797.191072 6672405.486196)

LINESTRING (384794.192133 6672413.938812, 384791.090214 6672422.294372)

LINESTRING (384794.192133 6672413.938812, 384799.370523 6672414.934950)

LINESTRING (384794.192133 6672413.938812, 384789.497608 6672412.615419, 384786.590402 6672411.804172, 384781.716619 6672410.430705)

LINESTRING (384492.515759 6672462.423428, 384497.494917 6672463.614878)

LINESTRING (384492.515759 6672462.423428, 384502.212751 6672420.248029)

LINESTRING (384492.515759 6672462.423428, 384488.050417 6672461.327223)

LINESTRING (384492.515759 6672462.423428, 384490.761738 6672470.714475, 384488.345780 6672482.135695)

LINESTRING (384497.494917 6672463.614878, 384492.515759 6672462.423428)

LINESTRING (384497.494917 6672463.614878, 384486.625062 6672511.198905)

LINESTRING (384497.494917 6672463.614878, 384499.554804 6672454.634380)

LINESTRING (384497.494917 6672463.614878, 384499.249610 6672463.971887, 384507.402810 6672465.631624)

LINESTRING (384502.212751 6672420.248029, 384492.515759 6672462.423428)

LINESTRING (384502.212751 6672420.248029, 384514.849089 6672365.275350)

LINESTRING (384502.212751 6672420.248029, 384507.178762 6672421.373043)

LINESTRING (384488.050417 6672461.327223, 384483.313985 6672481.035073)

LINESTRING (384488.050417 6672461.327223, 384516.563384 6672333.883191)

LINESTRING (384488.050417 6672461.327223, 384492.515759 6672462.423428)

LINESTRING (384326.266010 6672628.863524, 384330.079209 6672649.572063)

LINESTRING (384326.266010 6672628.863524, 384320.997945 6672630.122072)

LINESTRING (384326.266010 6672628.863524, 384330.583855 6672627.579272)

LINESTRING (384326.266010 6672628.863524, 384322.602966 6672608.339701, 384318.361025 6672585.660998)

LINESTRING (384330.079209 6672649.572063, 384334.595152 6672649.462870)

LINESTRING (384330.079209 6672649.572063, 384326.266010 6672628.863524)

LINESTRING (384330.079209 6672649.572063, 384333.194226 6672666.457821)

LINESTRING (384320.997945 6672630.122072, 384313.637365 6672586.579169)

LINESTRING (384320.997945 6672630.122072, 384269.114672 6672643.161995)

LINESTRING (384320.997945 6672630.122072, 384326.266010 6672628.863524)

LINESTRING (384320.997945 6672630.122072, 384324.107261 6672645.770970, 384328.573830 6672667.829639)

LINESTRING (384330.583855 6672627.579272, 384334.595152 6672649.462870)

LINESTRING (384330.583855 6672627.579272, 384330.343118 6672626.461286)

LINESTRING (384330.583855 6672627.579272, 384326.266010 6672628.863524)

LINESTRING (384318.361025 6672585.660998, 384313.637365 6672586.579169)

LINESTRING (384318.361025 6672585.660998, 384322.450692 6672584.885446)

LINESTRING (384318.361025 6672585.660998, 384316.984243 6672577.580182)

LINESTRING (384318.361025 6672585.660998, 384322.602966 6672608.339701, 384326.266010 6672628.863524)

LINESTRING (384275.453868 6672382.348643, 384286.966858 6672399.481689)

LINESTRING (384275.453868 6672382.348643, 384271.059102 6672375.232463)

LINESTRING (384275.453868 6672382.348643, 384270.194689 6672386.359649)

LINESTRING (384275.453868 6672382.348643, 384280.410680 6672378.960143)

LINESTRING (384277.205894 6672371.371726, 384271.059102 6672375.232463)

LINESTRING (384277.205894 6672371.371726, 384272.371366 6672363.166137)

LINESTRING (384277.205894 6672371.371726, 384280.410680 6672378.960143)

LINESTRING (384277.205894 6672371.371726, 384348.100152 6672324.944815, 384374.584889 6672308.027235)

LINESTRING (384234.691812 6672591.525482, 384239.203002 6672590.736512, 384253.462924 6672588.513848)

LINESTRING (384234.691812 6672591.525482, 384229.079331 6672595.413996, 384199.078480 6672604.642799)

LINESTRING (384234.691812 6672591.525482, 384232.660992 6672581.905139, 384227.519281 6672555.722164, 384301.401818 6672544.795076)

LINESTRING (384253.462924 6672588.513848, 384291.689931 6672582.547248, 384306.748114 6672579.931807, 384312.109998 6672579.004612)

LINESTRING (384253.462924 6672588.513848, 384239.203002 6672590.736512, 384234.691812 6672591.525482)

LINESTRING (384253.462924 6672588.513848, 384254.512366 6672595.367956, 384259.603285 6672619.423974)

LINESTRING (384199.078480 6672604.642799, 384191.418148 6672598.198338)

LINESTRING (384199.078480 6672604.642799, 384193.954672 6672617.487213, 384192.458203 6672620.554682, 384192.620612 6672623.057051, 384163.674980 6672630.882021)

LINESTRING (384199.078480 6672604.642799, 384229.079331 6672595.413996, 384234.691812 6672591.525482)

LINESTRING (384301.401818 6672544.795076, 384227.519281 6672555.722164, 384232.660992 6672581.905139, 384234.691812 6672591.525482)

LINESTRING (384171.222834 6672474.186124, 384160.884980 6672458.231006)

LINESTRING (384171.222834 6672474.186124, 384211.618007 6672449.126574)

LINESTRING (384171.222834 6672474.186124, 384187.434551 6672498.380742, 384194.825292 6672506.828585, 384201.818169 6672512.703506, 384213.947285 6672519.820262, 384215.809302 6672520.586087)

LINESTRING (384211.618007 6672449.126574, 384233.462307 6672479.729699)

LINESTRING (384211.618007 6672449.126574, 384229.558288 6672437.548737)

LINESTRING (384211.618007 6672449.126574, 384171.222834 6672474.186124)

LINESTRING (384215.809302 6672520.586087, 384213.947285 6672519.820262, 384201.818169 6672512.703506, 384194.825292 6672506.828585, 384187.434551 6672498.380742, 384171.222834 6672474.186124)

LINESTRING (384215.809302 6672520.586087, 384223.144669 6672523.597238, 384231.009726 6672525.098301, 384244.717617 6672525.779478, 384259.717728 6672523.076532, 384274.903651 6672517.291908, 384286.624090 6672508.139767, 384297.580546 6672496.771766, 384304.578400 6672484.002056, 384309.458781 6672470.463413, 384311.249932 6672457.735599, 384310.870260 6672450.637434)

LINESTRING (384215.809302 6672520.586087, 384218.350822 6672517.730772, 384223.398069 6672514.751671, 384232.872942 6672512.200991, 384246.202230 6672511.969152)

LINESTRING (384286.966858 6672399.481689, 384275.453868 6672382.348643)

LINESTRING (384286.966858 6672399.481689, 384247.885122 6672425.724743)

LINESTRING (384286.966858 6672399.481689, 384302.221620 6672422.224815, 384306.543861 6672430.212586, 384310.175039 6672443.393214, 384310.870260 6672450.637434)

LINESTRING (384247.885122 6672425.724743, 384266.869153 6672457.187422)

LINESTRING (384247.885122 6672425.724743, 384286.966858 6672399.481689)

LINESTRING (384247.885122 6672425.724743, 384229.558288 6672437.548737)

LINESTRING (384310.870260 6672450.637434, 384311.249932 6672457.735599, 384309.458781 6672470.463413, 384304.578400 6672484.002056, 384297.580546 6672496.771766, 384286.624090 6672508.139767, 384274.903651 6672517.291908, 384259.717728 6672523.076532, 384244.717617 6672525.779478, 384231.009726 6672525.098301, 384223.144669 6672523.597238, 384215.809302 6672520.586087)

LINESTRING (384310.870260 6672450.637434, 384310.175039 6672443.393214, 384306.543861 6672430.212586, 384302.221620 6672422.224815, 384286.966858 6672399.481689)

LINESTRING (384310.870260 6672450.637434, 384314.930552 6672450.509186, 384316.061405 6672450.451178)

LINESTRING (384435.880347 6672820.965645, 384448.779732 6672814.183988)

LINESTRING (384435.880347 6672820.965645, 384426.172997 6672822.988233, 384418.509279 6672826.963490, 384410.867454 6672834.270261)

LINESTRING (384435.880347 6672820.965645, 384444.297871 6672821.524714, 384451.570439 6672823.802738, 384462.036982 6672831.061869)

LINESTRING (384448.779732 6672814.183988, 384435.880347 6672820.965645)

LINESTRING (384448.779732 6672814.183988, 384393.505933 6672801.173219)

LINESTRING (384448.779732 6672814.183988, 384467.511551 6672818.407386, 384488.138685 6672823.228616)

LINESTRING (384410.867454 6672834.270261, 384406.907792 6672840.914744, 384404.549635 6672848.344512)

LINESTRING (384410.867454 6672834.270261, 384418.509279 6672826.963490, 384426.172997 6672822.988233, 384435.880347 6672820.965645)

LINESTRING (384410.867454 6672834.270261, 384405.842633 6672837.070099, 384396.182872 6672839.191567, 384380.338266 6672842.890235)

LINESTRING (384462.036982 6672831.061869, 384487.609376 6672826.688941)

LINESTRING (384462.036982 6672831.061869, 384451.570439 6672823.802738, 384444.297871 6672821.524714, 384435.880347 6672820.965645)

LINESTRING (384462.036982 6672831.061869, 384464.591903 6672833.912250, 384468.677799 6672840.592596, 384471.249441 6672848.724915, 384471.747339 6672856.588323)

LINESTRING (384404.549635 6672848.344512, 384380.338266 6672842.890235)

LINESTRING (384404.549635 6672848.344512, 384404.020326 6672857.254486, 384405.465290 6672864.865107, 384408.109725 6672871.078246, 384412.434299 6672877.227210, 384419.299993 6672883.151097, 384427.495212 6672887.049326, 384430.582982 6672887.609400)

LINESTRING (384404.549635 6672848.344512, 384406.907792 6672840.914744, 384410.867454 6672834.270261)

LINESTRING (384380.338266 6672842.890235, 384404.549635 6672848.344512)

LINESTRING (384380.338266 6672842.890235, 384357.921231 6672837.825231)

LINESTRING (384380.338266 6672842.890235, 384396.182872 6672839.191567, 384405.842633 6672837.070099, 384410.867454 6672834.270261)

LINESTRING (384430.582982 6672887.609400, 384427.128826 6672903.409784)

LINESTRING (384430.582982 6672887.609400, 384436.222220 6672888.623892, 384444.039099 6672888.098609, 384450.530549 6672886.210966)

LINESTRING (384430.582982 6672887.609400, 384427.495212 6672887.049326, 384419.299993 6672883.151097, 384412.434299 6672877.227210, 384408.109725 6672871.078246, 384405.465290 6672864.865107, 384404.020326 6672857.254486, 384404.549635 6672848.344512)

LINESTRING (384866.687640 6672139.012143, 384871.183555 6672138.246749)

LINESTRING (384866.687640 6672139.012143, 384860.103943 6672140.132921)

LINESTRING (384866.687640 6672139.012143, 384867.980478 6672146.048183)

LINESTRING (384871.183555 6672138.246749, 384876.932413 6672137.241383)

LINESTRING (384871.183555 6672138.246749, 384866.687640 6672139.012143)

LINESTRING (384871.183555 6672138.246749, 384869.980229 6672131.408493)

LINESTRING (384860.103943 6672140.132921, 384861.379101 6672147.136082)

LINESTRING (384860.103943 6672140.132921, 384858.835429 6672133.341295)

LINESTRING (384860.103943 6672140.132921, 384866.687640 6672139.012143)

LINESTRING (384860.103943 6672140.132921, 384818.828153 6672147.136499)

LINESTRING (384867.980478 6672146.048183, 384861.379101 6672147.136082)

LINESTRING (384867.980478 6672146.048183, 384866.687640 6672139.012143)

LINESTRING (384867.980478 6672146.048183, 384870.312253 6672158.579177)

LINESTRING (384867.980478 6672146.048183, 384923.086402 6672137.039295, 384935.282883 6672143.131027)

LINESTRING (384988.727932 6672310.233862, 384988.201442 6672301.424061, 384987.273641 6672298.577950, 384985.558598 6672296.124322)

LINESTRING (384988.727932 6672310.233862, 384996.475158 6672296.840266, 384998.198956 6672294.267518)

LINESTRING (384985.558598 6672296.124322, 384981.878979 6672296.886239, 384978.786209 6672297.239678)

LINESTRING (384985.558598 6672296.124322, 384988.397160 6672295.455684, 384990.561521 6672295.242847)

LINESTRING (384985.558598 6672296.124322, 384982.984711 6672293.374477, 384979.362704 6672291.727406)

LINESTRING (384998.198956 6672294.267518, 385004.754021 6672285.168517, 385005.552179 6672284.062457)

LINESTRING (384998.198956 6672294.267518, 384992.478664 6672294.937475, 384990.561521 6672295.242847)

LINESTRING (384998.198956 6672294.267518, 385007.395563 6672293.611019, 385009.830728 6672293.534569)

LINESTRING (384393.505933 6672801.173219, 384448.779732 6672814.183988)

LINESTRING (384393.505933 6672801.173219, 384385.445858 6672799.276790)

LINESTRING (384393.505933 6672801.173219, 384401.702584 6672794.205522)

LINESTRING (384906.907958 6672431.513749, 384910.921021 6672424.935055)

LINESTRING (384906.907958 6672431.513749, 384921.686764 6672440.477512)

LINESTRING (384906.907958 6672431.513749, 384901.833757 6672428.530489)

LINESTRING (384910.921021 6672424.935055, 384906.282670 6672422.216703)

LINESTRING (384910.921021 6672424.935055, 384917.962361 6672429.383297)

LINESTRING (384910.921021 6672424.935055, 384912.307783 6672422.595740, 384928.405731 6672395.432616, 384941.652849 6672391.338810)

LINESTRING (384921.686764 6672440.477512, 384927.212075 6672443.858966)

LINESTRING (384921.686764 6672440.477512, 384906.907958 6672431.513749)

LINESTRING (384901.833757 6672428.530489, 384897.866088 6672434.962890)

LINESTRING (384901.833757 6672428.530489, 384906.282670 6672422.216703)

LINESTRING (384901.833757 6672428.530489, 384906.907958 6672431.513749)

LINESTRING (384901.833757 6672428.530489, 384899.543540 6672427.209413, 384890.258175 6672421.851025, 384850.909018 6672418.685875, 384846.416929 6672418.325606)

LINESTRING (384858.793852 6672044.042756, 384849.690000 6672058.092221, 384843.815969 6672065.364697, 384838.319555 6672073.873481)

LINESTRING (384838.319555 6672073.873481, 384840.308888 6672074.624480)

LINESTRING (384838.319555 6672073.873481, 384815.288353 6672065.113750)

LINESTRING (384838.319555 6672073.873481, 384843.815969 6672065.364697, 384849.690000 6672058.092221, 384858.793852 6672044.042756)

LINESTRING (384370.991240 6672275.275735, 384365.915040 6672280.517848)

LINESTRING (384370.991240 6672275.275735, 384376.795031 6672269.687474)

LINESTRING (384370.991240 6672275.275735, 384348.535624 6672238.673104)

LINESTRING (384370.991240 6672275.275735, 384375.753902 6672281.912351)

LINESTRING (384307.625969 6672321.029696, 384227.469759 6672376.743728)

LINESTRING (384307.625969 6672321.029696, 384365.915040 6672280.517848)

LINESTRING (384307.625969 6672321.029696, 384302.760440 6672313.248536)

LINESTRING (384359.517859 6672275.927701, 384355.678125 6672270.209243)

LINESTRING (384359.517859 6672275.927701, 384331.476597 6672294.376747)

LINESTRING (384359.517859 6672275.927701, 384361.452644 6672278.819894, 384365.915040 6672280.517848)

LINESTRING (384322.190963 6672220.303127, 384254.891346 6672264.744600)

LINESTRING (384322.190963 6672220.303127, 384325.118045 6672218.394144)

LINESTRING (384322.190963 6672220.303127, 384303.700358 6672194.987434)

LINESTRING (384322.190963 6672220.303127, 384325.349079 6672225.006646, 384328.011769 6672228.967992, 384338.628486 6672244.792176)

LINESTRING (384254.891346 6672264.744600, 384216.463865 6672290.120279)

LINESTRING (384254.891346 6672264.744600, 384322.190963 6672220.303127)

LINESTRING (384254.891346 6672264.744600, 384230.677004 6672234.026764)

LINESTRING (384325.118045 6672218.394144, 384322.190963 6672220.303127)

LINESTRING (384325.118045 6672218.394144, 384360.804436 6672195.145637)

LINESTRING (384325.118045 6672218.394144, 384308.394301 6672196.276810, 384313.273121 6672193.046853)

LINESTRING (384303.700358 6672194.987434, 384322.190963 6672220.303127)

LINESTRING (384303.700358 6672194.987434, 384296.769871 6672185.298933)

LINESTRING (384303.700358 6672194.987434, 384306.694643 6672192.920293)

LINESTRING (384338.628486 6672244.792176, 384343.132988 6672251.514917)

LINESTRING (384338.628486 6672244.792176, 384311.427811 6672262.434714)

LINESTRING (384338.628486 6672244.792176, 384348.535624 6672238.673104)

LINESTRING (384338.628486 6672244.792176, 384328.011769 6672228.967992, 384325.349079 6672225.006646, 384322.190963 6672220.303127)

LINESTRING (384372.964225 6672187.205846, 384367.931783 6672190.496293)

LINESTRING (384372.964225 6672187.205846, 384380.702428 6672182.381224)

LINESTRING (384372.964225 6672187.205846, 384374.189745 6672189.440625, 384387.932550 6672213.357428)

LINESTRING (384367.931783 6672190.496293, 384372.964225 6672187.205846)

LINESTRING (384367.931783 6672190.496293, 384364.388363 6672192.759029, 384360.804436 6672195.145637)

LINESTRING (384367.931783 6672190.496293, 384356.986298 6672172.877004, 384362.815730 6672169.327350)

LINESTRING (384380.702428 6672182.381224, 384372.964225 6672187.205846)

LINESTRING (384380.702428 6672182.381224, 384387.758211 6672178.101945, 384388.854160 6672177.287244)

LINESTRING (384380.702428 6672182.381224, 384369.850661 6672164.914962, 384362.815730 6672169.327350)

LINESTRING (384387.932550 6672213.357428, 384380.190643 6672219.118287)

LINESTRING (384387.932550 6672213.357428, 384395.923423 6672227.448107)

LINESTRING (384387.932550 6672213.357428, 384392.095947 6672209.626370)

LINESTRING (384387.932550 6672213.357428, 384374.189745 6672189.440625, 384372.964225 6672187.205846)

LINESTRING (384408.131777 6672247.969775, 384401.396568 6672251.670536)

LINESTRING (384408.131777 6672247.969775, 384427.407976 6672238.557416)

LINESTRING (384408.131777 6672247.969775, 384414.270500 6672257.215389)

LINESTRING (384408.131777 6672247.969775, 384403.853348 6672235.210687)

LINESTRING (384401.396568 6672251.670536, 384395.126076 6672255.668687)

LINESTRING (384401.396568 6672251.670536, 384408.131777 6672247.969775)

LINESTRING (384401.396568 6672251.670536, 384407.035561 6672260.564144)

LINESTRING (384401.396568 6672251.670536, 384380.190643 6672219.118287)

LINESTRING (384427.407976 6672238.557416, 384408.131777 6672247.969775)

LINESTRING (384427.407976 6672238.557416, 384442.315370 6672231.467294, 384453.868519 6672223.658356)

LINESTRING (384427.407976 6672238.557416, 384418.377819 6672238.686327, 384410.595680 6672237.717156, 384403.853348 6672235.210687)

LINESTRING (384414.270500 6672257.215389, 384408.131777 6672247.969775)

LINESTRING (384403.853348 6672235.210687, 384408.131777 6672247.969775)

LINESTRING (384403.853348 6672235.210687, 384410.595680 6672237.717156, 384418.377819 6672238.686327, 384427.407976 6672238.557416)

LINESTRING (384403.853348 6672235.210687, 384398.587438 6672231.454036, 384395.923423 6672227.448107)

LINESTRING (384536.764164 6672163.215997, 384548.286855 6672158.127571)

LINESTRING (384536.764164 6672163.215997, 384528.995242 6672169.010813)

LINESTRING (384536.764164 6672163.215997, 384524.874341 6672147.498268, 384521.820534 6672145.744566, 384518.608797 6672144.441623, 384515.249937 6672144.636672)

LINESTRING (384548.286855 6672158.127571, 384559.032254 6672153.041391)

LINESTRING (384548.286855 6672158.127571, 384536.764164 6672163.215997)

LINESTRING (384548.286855 6672158.127571, 384549.676355 6672161.516256, 384549.122717 6672163.506266, 384549.248169 6672165.196263, 384549.974063 6672166.733602, 384551.153511 6672167.509970, 384556.613347 6672168.084568, 384564.871658 6672162.664445, 384564.232270 6672161.581298)

LINESTRING (384528.995242 6672169.010813, 384536.764164 6672163.215997)

LINESTRING (384528.995242 6672169.010813, 384523.217760 6672172.803736)

LINESTRING (384528.995242 6672169.010813, 384513.587149 6672144.733674)

LINESTRING (384515.249937 6672144.636672, 384513.587149 6672144.733674)

LINESTRING (384515.249937 6672144.636672, 384512.054263 6672126.583171)

LINESTRING (384515.249937 6672144.636672, 384518.608797 6672144.441623, 384521.820534 6672145.744566, 384524.874341 6672147.498268, 384536.764164 6672163.215997)

LINESTRING (384564.747512 6672149.562532, 384571.075023 6672145.952944)

LINESTRING (384564.747512 6672149.562532, 384559.032254 6672153.041391)

LINESTRING (384564.747512 6672149.562532, 384561.029624 6672146.470108)

LINESTRING (384571.075023 6672145.952944, 384585.742795 6672137.934855)

LINESTRING (384571.075023 6672145.952944, 384564.747512 6672149.562532)

LINESTRING (384571.075023 6672145.952944, 384576.818851 6672155.010663)

LINESTRING (384559.032254 6672153.041391, 384564.747512 6672149.562532)

LINESTRING (384559.032254 6672153.041391, 384548.286855 6672158.127571)

LINESTRING (384559.032254 6672153.041391, 384560.982022 6672156.412422)

LINESTRING (384561.029624 6672146.470108, 384564.747512 6672149.562532)

LINESTRING (384561.029624 6672146.470108, 384562.657884 6672142.105908)

LINESTRING (384561.029624 6672146.470108, 384547.800061 6672139.687769, 384534.595727 6672132.826669)

LINESTRING (384601.430843 6672125.638666, 384606.203090 6672117.252613)

LINESTRING (384601.430843 6672125.638666, 384599.549604 6672127.614770)

LINESTRING (384601.430843 6672125.638666, 384602.390568 6672126.667150, 384603.434805 6672126.500521, 384605.281494 6672126.776677, 384606.733813 6672127.577900)

LINESTRING (384606.203090 6672117.252613, 384607.817009 6672113.312374)

LINESTRING (384606.203090 6672117.252613, 384601.430843 6672125.638666)

LINESTRING (384606.203090 6672117.252613, 384604.691844 6672114.580986)

LINESTRING (384606.203090 6672117.252613, 384611.099655 6672124.799146)

LINESTRING (384599.549604 6672127.614770, 384601.430843 6672125.638666)

LINESTRING (384599.549604 6672127.614770, 384601.220669 6672130.247927)

LINESTRING (384599.549604 6672127.614770, 384591.698455 6672134.682498, 384585.742795 6672137.934855)

LINESTRING (384606.733813 6672127.577900, 384605.821695 6672128.765652)

LINESTRING (384606.733813 6672127.577900, 384605.281494 6672126.776677, 384603.434805 6672126.500521, 384602.390568 6672126.667150, 384601.430843 6672125.638666)

LINESTRING (384606.733813 6672127.577900, 384607.719934 6672128.739287, 384608.074425 6672130.121170)

LINESTRING (384607.817009 6672113.312374, 384609.516277 6672108.555907)

LINESTRING (384607.817009 6672113.312374, 384606.203090 6672117.252613)

LINESTRING (384607.817009 6672113.312374, 384590.113549 6672084.025387)

LINESTRING (384607.817009 6672113.312374, 384604.691844 6672114.580986)

LINESTRING (384607.817009 6672113.312374, 384619.339721 6672114.387036)

LINESTRING (384609.516277 6672108.555907, 384611.470472 6672103.078169)

LINESTRING (384609.516277 6672108.555907, 384607.817009 6672113.312374)

LINESTRING (384609.516277 6672108.555907, 384592.672070 6672082.395707)

LINESTRING (384590.113549 6672084.025387, 384577.135411 6672064.608402)

LINESTRING (384590.113549 6672084.025387, 384607.817009 6672113.312374)

LINESTRING (384590.113549 6672084.025387, 384592.672070 6672082.395707)

LINESTRING (384590.113549 6672084.025387, 384586.495738 6672086.401687, 384525.313797 6672126.209727)

LINESTRING (384604.691844 6672114.580986, 384607.817009 6672113.312374)

LINESTRING (384604.691844 6672114.580986, 384598.813996 6672118.365800)

LINESTRING (384604.691844 6672114.580986, 384589.724827 6672090.545967)

LINESTRING (384604.691844 6672114.580986, 384606.203090 6672117.252613)

LINESTRING (384619.339721 6672114.387036, 384607.817009 6672113.312374)

LINESTRING (384619.339721 6672114.387036, 384618.925452 6672117.453651, 384617.641400 6672119.879000, 384615.799332 6672121.865005, 384612.832208 6672123.919884, 384611.099655 6672124.799146)

LINESTRING (384619.339721 6672114.387036, 384619.464826 6672111.307241, 384618.801633 6672108.586608, 384617.360309 6672106.548004, 384615.368295 6672105.184268, 384611.470472 6672103.078169)

LINESTRING (384572.128917 6672055.516300, 384577.135411 6672064.608402)

LINESTRING (384572.128917 6672055.516300, 384560.119035 6672063.305791)

LINESTRING (384572.128917 6672055.516300, 384572.983377 6672054.965588)

LINESTRING (384577.135411 6672064.608402, 384572.128917 6672055.516300)

LINESTRING (384577.135411 6672064.608402, 384590.113549 6672084.025387)

LINESTRING (384577.135411 6672064.608402, 384573.797765 6672067.065041)

LINESTRING (384577.135411 6672064.608402, 384580.090770 6672062.531577)

LINESTRING (384560.119035 6672063.305791, 384545.214473 6672072.980807)

LINESTRING (384560.119035 6672063.305791, 384572.128917 6672055.516300)

LINESTRING (384560.119035 6672063.305791, 384552.505119 6672051.298038)

LINESTRING (384572.983377 6672054.965588, 384572.128917 6672055.516300)

LINESTRING (384416.785390 6672158.128920, 384388.854160 6672177.287244)

LINESTRING (384416.785390 6672158.128920, 384455.906430 6672132.298951)

LINESTRING (384416.785390 6672158.128920, 384400.939107 6672134.244958, 384395.860505 6672137.659408)

LINESTRING (384388.854160 6672177.287244, 384416.785390 6672158.128920)

LINESTRING (384388.854160 6672177.287244, 384387.758211 6672178.101945, 384380.702428 6672182.381224)

LINESTRING (384388.854160 6672177.287244, 384373.512617 6672152.685367, 384378.874015 6672149.083648)

LINESTRING (384455.906430 6672132.298951, 384416.785390 6672158.128920)

LINESTRING (384455.906430 6672132.298951, 384476.942502 6672118.273305)

LINESTRING (384455.906430 6672132.298951, 384452.865954 6672150.861169, 384452.226140 6672160.855611, 384453.238388 6672173.405734)

LINESTRING (384395.860505 6672137.659408, 384407.873227 6672155.668618)

LINESTRING (384395.860505 6672137.659408, 384391.918110 6672140.302472)

LINESTRING (384395.860505 6672137.659408, 384400.939107 6672134.244958, 384416.785390 6672158.128920)

LINESTRING (384635.082041 6672234.451341, 384640.794672 6672233.535893)

LINESTRING (384635.082041 6672234.451341, 384630.945210 6672267.591357, 384630.817657 6672268.654093)

LINESTRING (384640.794672 6672233.535893, 384643.356553 6672213.150111)

LINESTRING (384640.794672 6672233.535893, 384687.878401 6672226.035368)

LINESTRING (384640.794672 6672233.535893, 384635.082041 6672234.451341)

LINESTRING (384640.794672 6672233.535893, 384638.109935 6672252.487919, 384636.782601 6672265.702408, 384636.547225 6672267.749247)

LINESTRING (384630.817657 6672268.654093, 384636.547225 6672267.749247)

LINESTRING (384630.817657 6672268.654093, 384630.209192 6672273.487640, 384624.424190 6672319.874559, 384623.818269 6672326.903476)

LINESTRING (385011.647992 6672065.230015, 385023.314122 6672051.769213)

LINESTRING (385011.647992 6672065.230015, 385009.265410 6672068.224627)

LINESTRING (385023.314122 6672051.769213, 385011.647992 6672065.230015)

LINESTRING (385023.314122 6672051.769213, 385023.923206 6672058.436705, 385022.018438 6672068.693571)

LINESTRING (385009.265410 6672068.224627, 385011.647992 6672065.230015)

LINESTRING (385009.265410 6672068.224627, 385005.669705 6672072.728378, 385002.744456 6672076.832177)

LINESTRING (384406.185740 6672065.240252, 384420.147491 6672068.811693, 384438.724230 6672071.167729)

LINESTRING (384406.185740 6672065.240252, 384403.018212 6672078.011423, 384398.657724 6672090.107003)

LINESTRING (384438.724230 6672071.167729, 384441.760528 6672087.677135)

LINESTRING (384438.724230 6672071.167729, 384445.981189 6672073.256839, 384488.926626 6672102.282046)

LINESTRING (384438.724230 6672071.167729, 384420.147491 6672068.811693, 384406.185740 6672065.240252)

LINESTRING (384438.724230 6672071.167729, 384434.135404 6672077.965718, 384412.118034 6672094.507778)

LINESTRING (384438.724230 6672071.167729, 384441.605835 6672067.811507, 384443.298269 6672065.484655, 384445.034741 6672064.025679)

LINESTRING (384398.657724 6672090.107003, 384389.106487 6672108.573859)

LINESTRING (384398.657724 6672090.107003, 384412.118034 6672094.507778)

LINESTRING (384398.657724 6672090.107003, 384403.018212 6672078.011423, 384406.185740 6672065.240252)

LINESTRING (384494.942422 6672105.691996, 384519.896337 6672122.401957)

LINESTRING (384494.942422 6672105.691996, 384488.926626 6672102.282046)

LINESTRING (384494.942422 6672105.691996, 384476.942502 6672118.273305)

LINESTRING (384494.942422 6672105.691996, 384523.902835 6672086.736116)

LINESTRING (384519.896337 6672122.401957, 384525.313797 6672126.209727)

LINESTRING (384519.896337 6672122.401957, 384494.942422 6672105.691996)

LINESTRING (384519.896337 6672122.401957, 384523.749770 6672116.229060, 384524.382899 6672113.590164)

LINESTRING (384519.896337 6672122.401957, 384514.963531 6672125.689051, 384512.054263 6672126.583171)

LINESTRING (384488.926626 6672102.282046, 384494.942422 6672105.691996)

LINESTRING (384488.926626 6672102.282046, 384445.981189 6672073.256839, 384438.724230 6672071.167729)

LINESTRING (384488.926626 6672102.282046, 384489.962654 6672100.622291, 384490.973824 6672099.230787, 384491.595905 6672098.531361)

LINESTRING (384476.942502 6672118.273305, 384455.906430 6672132.298951)

LINESTRING (384476.942502 6672118.273305, 384494.942422 6672105.691996)

LINESTRING (384476.942502 6672118.273305, 384458.963942 6672092.093733, 384455.476932 6672089.283883, 384441.760528 6672087.677135)

LINESTRING (384523.902835 6672086.736116, 384494.942422 6672105.691996)

LINESTRING (384523.902835 6672086.736116, 384545.214473 6672072.980807)

LINESTRING (384523.902835 6672086.736116, 384528.866167 6672095.160852)

LINESTRING (384166.406846 6672417.412501, 384180.598370 6672409.318611, 384227.469759 6672376.743728)

LINESTRING (384166.406846 6672417.412501, 384161.684551 6672409.426389, 384145.762954 6672384.765765)

LINESTRING (384227.469759 6672376.743728, 384307.625969 6672321.029696)

LINESTRING (384227.469759 6672376.743728, 384200.675208 6672334.651157)

LINESTRING (384227.469759 6672376.743728, 384180.598370 6672409.318611, 384166.406846 6672417.412501)

LINESTRING (384145.762954 6672384.765765, 384139.936203 6672375.744744)

LINESTRING (384145.762954 6672384.765765, 384133.467133 6672392.231451)

LINESTRING (384145.762954 6672384.765765, 384161.684551 6672409.426389, 384166.406846 6672417.412501)

LINESTRING (384861.395070 6672292.848260, 384916.570109 6672288.584508)

LINESTRING (384861.395070 6672292.848260, 384861.386110 6672291.856693, 384864.250595 6672287.420344)

LINESTRING (384861.395070 6672292.848260, 384861.265929 6672295.805579, 384861.233732 6672298.314076, 384861.510245 6672302.517957)

LINESTRING (384916.570109 6672288.584508, 384922.265864 6672288.193813)

LINESTRING (384916.570109 6672288.584508, 384916.491151 6672287.662006, 384916.119351 6672283.427684, 384920.022005 6672283.048746)

LINESTRING (384916.570109 6672288.584508, 384916.829918 6672291.551891, 384917.027812 6672293.785691, 384917.099473 6672294.652700, 384917.272329 6672296.619822)

LINESTRING (384864.250595 6672287.420344, 384856.904101 6672287.406102)

LINESTRING (384864.250595 6672287.420344, 384861.386110 6672291.856693, 384861.395070 6672292.848260)

LINESTRING (384861.510245 6672302.517957, 384862.353065 6672317.848412)

LINESTRING (384861.510245 6672302.517957, 384861.233732 6672298.314076, 384861.265929 6672295.805579, 384861.395070 6672292.848260)

LINESTRING (384861.510245 6672302.517957, 384856.143369 6672304.714943, 384851.974663 6672306.874269, 384847.260867 6672309.886565, 384842.087048 6672314.161501)

LINESTRING (384861.510245 6672302.517957, 384855.992701 6672301.688409, 384848.831145 6672302.080713)

LINESTRING (384185.395984 6672310.638720, 384156.879644 6672261.011495)

LINESTRING (384185.395984 6672310.638720, 384180.145867 6672314.058911)

LINESTRING (384185.395984 6672310.638720, 384191.721550 6672306.460144)

LINESTRING (384185.395984 6672310.638720, 384200.675208 6672334.651157)

LINESTRING (384156.879644 6672261.011495, 384185.395984 6672310.638720)

LINESTRING (384156.879644 6672261.011495, 384154.859982 6672257.899198)

LINESTRING (384156.879644 6672261.011495, 384164.908305 6672259.063628)

LINESTRING (384156.879644 6672261.011495, 384148.031253 6672261.971161)

LINESTRING (384180.145867 6672314.058911, 384175.515802 6672317.069446)

LINESTRING (384180.145867 6672314.058911, 384185.395984 6672310.638720)

LINESTRING (384180.145867 6672314.058911, 384148.031253 6672261.971161)

LINESTRING (384191.721550 6672306.460144, 384185.395984 6672310.638720)

LINESTRING (384191.721550 6672306.460144, 384211.122557 6672293.643606)

LINESTRING (384191.721550 6672306.460144, 384164.908305 6672259.063628)

LINESTRING (384200.675208 6672334.651157, 384227.469759 6672376.743728)

LINESTRING (384200.675208 6672334.651157, 384185.395984 6672310.638720)

LINESTRING (384200.675208 6672334.651157, 384139.936203 6672375.744744)

LINESTRING (384200.675208 6672334.651157, 384282.655234 6672281.107836)

LINESTRING (384123.874154 6672350.865758, 384129.743846 6672347.024681)

LINESTRING (384123.874154 6672350.865758, 384100.140606 6672315.709191)

LINESTRING (384123.874154 6672350.865758, 384139.936203 6672375.744744)

LINESTRING (384129.743846 6672347.024681, 384123.874154 6672350.865758)

LINESTRING (384129.743846 6672347.024681, 384137.289278 6672342.094170)

LINESTRING (384129.743846 6672347.024681, 384106.479720 6672311.786357)

LINESTRING (384100.140606 6672315.709191, 384123.874154 6672350.865758)

LINESTRING (384100.140606 6672315.709191, 384106.479720 6672311.786357)

LINESTRING (384139.936203 6672375.744744, 384145.762954 6672384.765765)

LINESTRING (384139.936203 6672375.744744, 384123.874154 6672350.865758)

LINESTRING (384139.936203 6672375.744744, 384200.675208 6672334.651157)

LINESTRING (384345.665918 6672143.211300, 384387.849210 6672111.667115)

LINESTRING (384345.665918 6672143.211300, 384294.254671 6672181.789871)

LINESTRING (384345.665918 6672143.211300, 384348.644087 6672147.842511)

LINESTRING (384228.467196 6672231.221338, 384294.254671 6672181.789871)

LINESTRING (384228.467196 6672231.221338, 384230.677004 6672234.026764)

LINESTRING (384228.467196 6672231.221338, 384216.947871 6672239.910350, 384201.740842 6672246.643113, 384191.784700 6672249.799717)

LINESTRING (384296.769871 6672185.298933, 384303.700358 6672194.987434)

LINESTRING (384296.769871 6672185.298933, 384294.254671 6672181.789871)

LINESTRING (384296.769871 6672185.298933, 384291.956726 6672188.850026)

LINESTRING (384296.769871 6672185.298933, 384298.057490 6672184.400139, 384299.138886 6672183.652736, 384300.046639 6672183.033408)

LINESTRING (384154.859982 6672257.899198, 384156.879644 6672261.011495)

LINESTRING (384154.859982 6672257.899198, 384191.784700 6672249.799717)

LINESTRING (384154.859982 6672257.899198, 384109.616392 6672266.139663)

LINESTRING (384191.784700 6672249.799717, 384154.859982 6672257.899198)

LINESTRING (384191.784700 6672249.799717, 384193.670133 6672253.584944)

LINESTRING (384191.784700 6672249.799717, 384201.740842 6672246.643113, 384216.947871 6672239.910350, 384228.467196 6672231.221338)

LINESTRING (384109.616392 6672266.139663, 384154.859982 6672257.899198)

LINESTRING (384109.616392 6672266.139663, 384111.793874 6672269.324955)

LINESTRING (384390.132996 6672109.956804, 384389.106487 6672108.573859)

LINESTRING (384390.132996 6672109.956804, 384412.118034 6672094.507778)

LINESTRING (384390.132996 6672109.956804, 384387.849210 6672111.667115)

LINESTRING (384389.106487 6672108.573859, 384390.132996 6672109.956804)

LINESTRING (384389.106487 6672108.573859, 384398.657724 6672090.107003)

LINESTRING (384389.106487 6672108.573859, 384386.044296 6672106.909687, 384374.898453 6672100.363086)

LINESTRING (384412.118034 6672094.507778, 384390.132996 6672109.956804)

LINESTRING (384412.118034 6672094.507778, 384398.657724 6672090.107003)

LINESTRING (384412.118034 6672094.507778, 384434.135404 6672077.965718, 384438.724230 6672071.167729)

LINESTRING (384387.849210 6672111.667115, 384390.132996 6672109.956804)

LINESTRING (384387.849210 6672111.667115, 384345.665918 6672143.211300)

LINESTRING (384387.849210 6672111.667115, 384391.217068 6672116.330638)

LINESTRING (384441.760528 6672087.677135, 384438.724230 6672071.167729)

LINESTRING (384441.760528 6672087.677135, 384455.476932 6672089.283883, 384458.963942 6672092.093733, 384476.942502 6672118.273305)

LINESTRING (384441.760528 6672087.677135, 384429.531964 6672087.996059, 384391.217068 6672116.330638)

LINESTRING (384445.034741 6672064.025679, 384458.962225 6672074.786500)

LINESTRING (384445.034741 6672064.025679, 384443.298269 6672065.484655, 384441.605835 6672067.811507, 384438.724230 6672071.167729)

LINESTRING (384445.034741 6672064.025679, 384448.490776 6672062.155840, 384454.568644 6672060.136437)

LINESTRING (384445.034741 6672064.025679, 384441.855038 6672059.868816, 384443.521998 6672058.846666, 384450.457752 6672056.209538, 384458.093129 6672054.274745)

LINESTRING (384927.212075 6672443.858966, 384923.337928 6672450.087802)

LINESTRING (384927.212075 6672443.858966, 384931.235054 6672436.711622)

LINESTRING (384927.212075 6672443.858966, 384951.972481 6672459.496774)

LINESTRING (384927.212075 6672443.858966, 384921.686764 6672440.477512)

LINESTRING (384973.489943 6672549.201735, 384928.678870 6672557.697201)

LINESTRING (384973.489943 6672549.201735, 384982.002981 6672547.307301)

LINESTRING (384973.489943 6672549.201735, 384972.206534 6672542.633434)

LINESTRING (384928.678870 6672557.697201, 384884.756446 6672566.020415)

LINESTRING (384928.678870 6672557.697201, 384973.489943 6672549.201735)

LINESTRING (384928.678870 6672557.697201, 384929.952711 6672564.488678)

LINESTRING (384982.002981 6672547.307301, 384973.489943 6672549.201735)

LINESTRING (384982.002981 6672547.307301, 384983.679036 6672546.931479)

LINESTRING (384982.002981 6672547.307301, 384984.568799 6672554.225384)

LINESTRING (384972.206534 6672542.633434, 384978.663605 6672541.215907)

LINESTRING (384972.206534 6672542.633434, 384966.819726 6672544.362833)

LINESTRING (384972.206534 6672542.633434, 384973.489943 6672549.201735)

LINESTRING (384972.206534 6672542.633434, 384971.638302 6672539.920911, 384964.763534 6672509.478684)

LINESTRING (385076.555111 6672678.026832, 385072.602433 6672670.606141)

LINESTRING (385076.555111 6672678.026832, 385081.675282 6672686.737070)

LINESTRING (385076.555111 6672678.026832, 385065.202977 6672680.377921)

LINESTRING (385076.555111 6672678.026832, 385087.411567 6672675.802776)

LINESTRING (385072.602433 6672670.606141, 385076.555111 6672678.026832)

LINESTRING (385072.602433 6672670.606141, 385080.583504 6672668.929218)

LINESTRING (385072.602433 6672670.606141, 385065.178071 6672672.154168)

LINESTRING (385072.602433 6672670.606141, 385071.673200 6672667.002242, 385061.205759 6672618.997667)

LINESTRING (385081.675282 6672686.737070, 385074.978979 6672688.485119)

LINESTRING (385081.675282 6672686.737070, 385089.823591 6672684.375112)

LINESTRING (385081.675282 6672686.737070, 385076.555111 6672678.026832)

LINESTRING (385081.675282 6672686.737070, 385082.671983 6672688.422026, 385088.335630 6672698.352242)

LINESTRING (385065.202977 6672680.377921, 385063.763846 6672672.733480)

LINESTRING (385065.202977 6672680.377921, 385066.864138 6672688.728633)

LINESTRING (385065.202977 6672680.377921, 385076.555111 6672678.026832)

LINESTRING (385065.202977 6672680.377921, 385063.316211 6672680.760320, 385015.439636 6672690.242544, 385002.704799 6672692.759830, 384993.762920 6672694.600831)

LINESTRING (385087.411567 6672675.802776, 385089.823591 6672684.375112)

LINESTRING (385087.411567 6672675.802776, 385084.939827 6672668.335605)

LINESTRING (385087.411567 6672675.802776, 385076.555111 6672678.026832)

LINESTRING (384851.528678 6672564.312292, 384849.383201 6672570.241691)

LINESTRING (384851.528678 6672564.312292, 384853.674513 6672558.394027)

LINESTRING (384851.528678 6672564.312292, 384845.774573 6672561.773978, 384840.215829 6672558.739176, 384832.301957 6672552.847468, 384826.211521 6672546.853856, 384821.567188 6672540.235267, 384818.861664 6672534.358106, 384816.644022 6672527.752363, 384816.078231 6672522.119953, 384816.997215 6672516.385127)

LINESTRING (384851.528678 6672564.312292, 384858.631908 6672566.496158, 384863.654407 6672567.486133, 384868.646212 6672567.852995, 384873.898252 6672567.843919, 384881.671259 6672566.607740, 384884.756446 6672566.020415)

LINESTRING (384849.383201 6672570.241691, 384848.567308 6672573.075728)

LINESTRING (384849.383201 6672570.241691, 384851.528678 6672564.312292)

LINESTRING (384849.383201 6672570.241691, 384843.730802 6672568.112525, 384838.089752 6672564.578818)

LINESTRING (384849.383201 6672570.241691, 384857.785791 6672572.607590, 384863.169219 6672573.775672, 384864.153426 6672573.822742)

LINESTRING (384853.674513 6672558.394027, 384851.528678 6672564.312292)

LINESTRING (384853.674513 6672558.394027, 384860.230275 6672560.294210, 384865.591479 6672561.284685, 384871.821196 6672561.467759, 384880.796601 6672560.684135, 384945.465540 6672548.410343)

LINESTRING (384853.674513 6672558.394027, 384847.704779 6672555.884777, 384842.902237 6672553.238538, 384834.666267 6672546.108781, 384829.605411 6672540.015922, 384825.251791 6672532.931268, 384823.082090 6672526.613767)

LINESTRING (384816.997215 6672516.385127, 384823.147460 6672518.275712)

LINESTRING (384816.997215 6672516.385127, 384819.034876 6672508.263655)

LINESTRING (384816.997215 6672516.385127, 384809.631582 6672514.688798)

LINESTRING (384816.997215 6672516.385127, 384816.078231 6672522.119953, 384816.644022 6672527.752363, 384818.861664 6672534.358106, 384821.567188 6672540.235267, 384826.211521 6672546.853856, 384832.301957 6672552.847468, 384840.215829 6672558.739176, 384845.774573 6672561.773978, 384851.528678 6672564.312292)

LINESTRING (384884.756446 6672566.020415, 384928.678870 6672557.697201)

LINESTRING (384884.756446 6672566.020415, 384885.478694 6672572.394586)

LINESTRING (384884.756446 6672566.020415, 384881.671259 6672566.607740, 384873.898252 6672567.843919, 384868.646212 6672567.852995, 384863.654407 6672567.486133, 384858.631908 6672566.496158, 384851.528678 6672564.312292)

LINESTRING (384823.147460 6672518.275712, 384824.823249 6672510.299356)

LINESTRING (384823.147460 6672518.275712, 384816.997215 6672516.385127)

LINESTRING (384823.147460 6672518.275712, 384822.234678 6672522.795604, 384823.082090 6672526.613767)

LINESTRING (384819.034876 6672508.263655, 384816.997215 6672516.385127)

LINESTRING (384819.034876 6672508.263655, 384824.823249 6672510.299356)

LINESTRING (384819.034876 6672508.263655, 384813.177006 6672506.843089)

LINESTRING (384819.034876 6672508.263655, 384820.847192 6672502.333571, 384833.757643 6672460.002423)

LINESTRING (384809.631582 6672514.688798, 384813.177006 6672506.843089)

LINESTRING (384809.631582 6672514.688798, 384807.724114 6672521.123379)

LINESTRING (384809.631582 6672514.688798, 384816.997215 6672516.385127)

LINESTRING (384809.631582 6672514.688798, 384806.774492 6672514.232583, 384772.041407 6672508.638535, 384768.023226 6672507.984847)

LINESTRING (384792.623475 6672192.827862, 384810.799343 6672190.060795)

LINESTRING (384792.623475 6672192.827862, 384790.799940 6672186.577496, 384786.894188 6672161.792651, 384786.474268 6672159.387528)

LINESTRING (384792.623475 6672192.827862, 384795.315671 6672197.390395, 384797.962155 6672201.029383)

LINESTRING (384810.799343 6672190.060795, 384792.623475 6672192.827862)

LINESTRING (384810.799343 6672190.060795, 384816.928119 6672189.132539, 384815.267770 6672177.828628)

LINESTRING (384810.799343 6672190.060795, 384812.338520 6672199.629992, 384805.333006 6672200.752994, 384806.832259 6672210.111702)

LINESTRING (384786.474268 6672159.387528, 384785.329118 6672152.814928)

LINESTRING (384786.474268 6672159.387528, 384786.894188 6672161.792651, 384790.799940 6672186.577496, 384792.623475 6672192.827862)

LINESTRING (384786.474268 6672159.387528, 384783.811685 6672159.827896, 384782.115674 6672160.104131)

LINESTRING (384786.474268 6672159.387528, 384792.755614 6672158.365279, 384861.379101 6672147.136082)

LINESTRING (384965.145167 6672110.933173, 384966.621972 6672107.565777)

LINESTRING (384965.145167 6672110.933173, 384971.765157 6672115.740245)

LINESTRING (384965.145167 6672110.933173, 384944.574398 6672111.010874, 384939.838770 6672110.156629)

LINESTRING (384977.250980 6672120.326622, 384971.765157 6672115.740245)

LINESTRING (384977.250980 6672120.326622, 384963.826848 6672136.851774, 384962.731795 6672138.936726, 384961.959232 6672141.212149, 384961.293146 6672144.932995, 384960.215182 6672147.385175, 384958.283636 6672149.886452, 384956.569600 6672151.533928, 384953.900382 6672153.177971, 384951.929632 6672154.254005, 384949.664559 6672156.743473)

LINESTRING (384954.324416 6672136.269803, 384956.373160 6672133.787132, 384967.716204 6672120.837777, 384971.765157 6672115.740245)

LINESTRING (384954.324416 6672136.269803, 384955.509964 6672138.127110, 384956.114839 6672140.236685, 384956.094966 6672142.432748, 384955.438854 6672144.526205, 384954.219272 6672146.358751, 384952.524929 6672147.749290, 384950.497607 6672148.615358, 384948.311671 6672148.851181, 384946.144984 6672148.462317)

LINESTRING (384224.692606 6672666.353432, 384269.114672 6672643.161995)

LINESTRING (384224.692606 6672666.353432, 384243.330514 6672676.529837, 384265.820168 6672685.436730)

LINESTRING (384224.692606 6672666.353432, 384216.024444 6672661.567878, 384189.242467 6672651.950030)

LINESTRING (384224.692606 6672666.353432, 384210.562954 6672674.266924, 384193.973246 6672684.620890)

LINESTRING (384269.114672 6672643.161995, 384224.692606 6672666.353432)

LINESTRING (384269.114672 6672643.161995, 384320.997945 6672630.122072)

LINESTRING (384269.114672 6672643.161995, 384241.521261 6672640.367527, 384189.242467 6672651.950030)

LINESTRING (384265.820168 6672685.436730, 384294.438981 6672680.631885, 384313.907634 6672677.921694, 384320.467549 6672678.015383)

LINESTRING (384265.820168 6672685.436730, 384249.368096 6672690.837951, 384228.376192 6672694.008987, 384212.824248 6672692.405486, 384193.973246 6672684.620890)

LINESTRING (384265.820168 6672685.436730, 384243.330514 6672676.529837, 384224.692606 6672666.353432)

LINESTRING (384189.242467 6672651.950030, 384106.133023 6672670.192477)

LINESTRING (384189.242467 6672651.950030, 384241.521261 6672640.367527, 384269.114672 6672643.161995)

LINESTRING (384189.242467 6672651.950030, 384216.024444 6672661.567878, 384224.692606 6672666.353432)

LINESTRING (384193.973246 6672684.620890, 384212.824248 6672692.405486, 384228.376192 6672694.008987, 384249.368096 6672690.837951, 384265.820168 6672685.436730)

LINESTRING (384193.973246 6672684.620890, 384163.308877 6672690.048448, 384121.458275 6672701.123820)

LINESTRING (384193.973246 6672684.620890, 384187.630957 6672696.500848, 384184.654466 6672704.908748, 384182.924551 6672710.424245)

LINESTRING (384193.973246 6672684.620890, 384210.562954 6672674.266924, 384224.692606 6672666.353432)

LINESTRING (384121.458275 6672701.123820, 384141.218017 6672726.398412)

LINESTRING (384121.458275 6672701.123820, 384163.308877 6672690.048448, 384193.973246 6672684.620890)

LINESTRING (384121.458275 6672701.123820, 384113.514371 6672691.155697, 384109.456689 6672682.234781, 384106.133023 6672670.192477)

LINESTRING (384182.924551 6672710.424245, 384165.183637 6672714.038919, 384150.849778 6672720.577200, 384141.218017 6672726.398412)

LINESTRING (384182.924551 6672710.424245, 384184.972945 6672724.635530, 384186.610599 6672730.423443, 384187.702818 6672740.909282)

LINESTRING (384182.924551 6672710.424245, 384184.654466 6672704.908748, 384187.630957 6672696.500848, 384193.973246 6672684.620890)

LINESTRING (384140.472787 6672729.341840, 384132.676428 6672727.192434)

LINESTRING (384140.472787 6672729.341840, 384153.258741 6672742.321875)

LINESTRING (384140.472787 6672729.341840, 384141.218017 6672726.398412)

LINESTRING (384132.676428 6672727.192434, 384140.472787 6672729.341840)

LINESTRING (384153.258741 6672742.321875, 384157.928288 6672741.806399)

LINESTRING (384153.258741 6672742.321875, 384140.472787 6672729.341840)

LINESTRING (384141.218017 6672726.398412, 384121.458275 6672701.123820)

LINESTRING (384141.218017 6672726.398412, 384140.472787 6672729.341840)

LINESTRING (384141.218017 6672726.398412, 384150.849778 6672720.577200, 384165.183637 6672714.038919, 384182.924551 6672710.424245)

LINESTRING (384951.296880 6672832.999270, 384958.542439 6672834.253852)

LINESTRING (384951.296880 6672832.999270, 384944.436456 6672831.810613)

LINESTRING (384951.296880 6672832.999270, 384951.859000 6672830.039496, 384952.698735 6672825.666809, 384955.520404 6672810.689284, 384957.484711 6672800.229877, 384994.571405 6672792.300392, 384999.479659 6672791.254708, 385004.409752 6672790.197201, 385006.405984 6672789.766754)

LINESTRING (384951.296880 6672832.999270, 384950.994335 6672834.502121, 384949.968381 6672839.839074, 384948.431881 6672847.833285)

LINESTRING (384958.542439 6672834.253852, 384957.743572 6672838.513809)

LINESTRING (384958.542439 6672834.253852, 384951.296880 6672832.999270)

LINESTRING (384958.542439 6672834.253852, 384963.804380 6672806.294493, 384973.708881 6672804.177995)

LINESTRING (384944.436456 6672831.810613, 384945.033198 6672828.716017)

LINESTRING (384944.436456 6672831.810613, 384942.962620 6672839.501959)

LINESTRING (384944.436456 6672831.810613, 384951.296880 6672832.999270)

LINESTRING (385006.405984 6672789.766754, 385005.130349 6672782.028042)

LINESTRING (385006.405984 6672789.766754, 385008.005209 6672796.848931)

LINESTRING (385006.405984 6672789.766754, 385014.518481 6672788.040970)

LINESTRING (385006.405984 6672789.766754, 385004.409752 6672790.197201, 384999.479659 6672791.254708, 384994.571405 6672792.300392, 384957.484711 6672800.229877, 384955.520404 6672810.689284, 384952.698735 6672825.666809, 384951.859000 6672830.039496, 384951.296880 6672832.999270)

LINESTRING (384948.431881 6672847.833285, 384955.731525 6672849.219893)

LINESTRING (384948.431881 6672847.833285, 384949.968381 6672839.839074, 384950.994335 6672834.502121, 384951.296880 6672832.999270)

LINESTRING (384948.431881 6672847.833285, 384947.983639 6672850.176542, 384945.658996 6672862.240923, 384944.845165 6672867.437482)

LINESTRING (384811.825225 6672840.738042, 384812.467596 6672840.862713)

LINESTRING (384811.825225 6672840.738042, 384795.833890 6672837.663721)

LINESTRING (384811.825225 6672840.738042, 384813.576167 6672832.157508)

LINESTRING (384812.467596 6672840.862713, 384811.825225 6672840.738042)

LINESTRING (384812.467596 6672840.862713, 384811.304817 6672846.961837)

LINESTRING (384812.467596 6672840.862713, 384813.763430 6672841.111709, 384815.171940 6672841.412882)

LINESTRING (384795.833890 6672837.663721, 384811.825225 6672840.738042)

LINESTRING (384795.833890 6672837.663721, 384794.567510 6672843.821832)

LINESTRING (384795.833890 6672837.663721, 384790.958037 6672836.736106, 384786.383429 6672835.854741)

LINESTRING (384813.576167 6672832.157508, 384787.884384 6672827.270914)

LINESTRING (384813.576167 6672832.157508, 384822.069106 6672833.706920)

LINESTRING (384813.576167 6672832.157508, 384813.885954 6672830.710138)

LINESTRING (384813.576167 6672832.157508, 384811.825225 6672840.738042)

LINESTRING (384313.637365 6672586.579169, 384318.361025 6672585.660998)

LINESTRING (384313.637365 6672586.579169, 384312.109998 6672579.004612)

LINESTRING (384313.637365 6672586.579169, 384320.997945 6672630.122072)

LINESTRING (384322.450692 6672584.885446, 384318.361025 6672585.660998)

LINESTRING (384322.450692 6672584.885446, 384321.113368 6672576.647360)

LINESTRING (384322.450692 6672584.885446, 384327.329245 6672611.021114, 384330.343118 6672626.461286)

LINESTRING (384316.984243 6672577.580182, 384321.113368 6672576.647360)

LINESTRING (384316.984243 6672577.580182, 384318.361025 6672585.660998)

LINESTRING (384316.984243 6672577.580182, 384312.109998 6672579.004612)

LINESTRING (384316.984243 6672577.580182, 384316.858460 6672573.070653, 384316.586338 6672563.049244, 384317.593813 6672547.660371, 384320.123239 6672526.138560, 384324.082557 6672504.181536, 384336.460304 6672456.939378)

LINESTRING (384348.419337 6672557.140341, 384367.202081 6672540.421270)

LINESTRING (384348.419337 6672557.140341, 384328.135764 6672573.271684, 384321.113368 6672576.647360)

LINESTRING (384348.419337 6672557.140341, 384360.654800 6672564.298785, 384365.503684 6672565.059532, 384369.394172 6672563.777678, 384374.811655 6672559.862110, 384383.381564 6672557.841888)

LINESTRING (384348.419337 6672557.140341, 384350.277100 6672575.180257, 384353.259918 6672590.342813, 384357.126386 6672602.368170, 384365.117857 6672615.266287)

LINESTRING (384367.202081 6672540.421270, 384348.419337 6672557.140341)

LINESTRING (384367.202081 6672540.421270, 384378.111104 6672528.074302, 384383.721716 6672521.656298, 384389.680850 6672512.207160, 384394.286253 6672502.789617, 384397.312255 6672493.466511, 384400.418359 6672480.875559)

LINESTRING (384367.202081 6672540.421270, 384403.562383 6672527.538384, 384426.751207 6672520.231353, 384437.801183 6672517.798671)

LINESTRING (384321.113368 6672576.647360, 384316.984243 6672577.580182)

LINESTRING (384321.113368 6672576.647360, 384322.450692 6672584.885446)

LINESTRING (384321.113368 6672576.647360, 384328.135764 6672573.271684, 384348.419337 6672557.140341)

LINESTRING (384321.113368 6672576.647360, 384320.696085 6672555.174043, 384322.509529 6672534.187493, 384327.474523 6672504.341874, 384340.802346 6672458.173027)

LINESTRING (384383.381564 6672557.841888, 384398.098549 6672557.956843, 384440.121897 6672542.254343, 384446.461774 6672537.830572, 384449.884285 6672536.496704, 384459.796907 6672536.908366)

LINESTRING (384383.381564 6672557.841888, 384374.811655 6672559.862110, 384369.394172 6672563.777678, 384365.503684 6672565.059532, 384360.654800 6672564.298785, 384348.419337 6672557.140341)

LINESTRING (384383.381564 6672557.841888, 384386.455270 6672563.751712, 384395.820787 6672573.920709, 384404.745286 6672573.460709, 384408.536994 6672574.678369, 384416.543124 6672579.072924, 384431.678904 6672588.591841, 384437.656608 6672590.464939)

LINESTRING (384383.381564 6672557.841888, 384383.974001 6672553.744321, 384386.639528 6672550.417145, 384391.539419 6672545.581809, 384399.672552 6672540.276661, 384406.195405 6672537.429552, 384413.800253 6672535.439863, 384420.595191 6672532.417028, 384425.221391 6672530.343052, 384430.056244 6672527.315222, 384434.295570 6672524.417633, 384437.424779 6672521.354477, 384437.801183 6672517.798671)

LINESTRING (384365.117857 6672615.266287, 384360.429225 6672615.358604, 384330.343118 6672626.461286)

LINESTRING (384365.117857 6672615.266287, 384379.763029 6672619.796625, 384385.790019 6672620.241593, 384390.024648 6672619.662139, 384393.563388 6672617.967923, 384409.850931 6672608.393401, 384437.656608 6672590.464939)

LINESTRING (384365.117857 6672615.266287, 384357.126386 6672602.368170, 384353.259918 6672590.342813, 384350.277100 6672575.180257, 384348.419337 6672557.140341)

LINESTRING (384400.418359 6672480.875559, 384398.896151 6672464.663871)

LINESTRING (384400.418359 6672480.875559, 384397.312255 6672493.466511, 384394.286253 6672502.789617, 384389.680850 6672512.207160, 384383.721716 6672521.656298, 384378.111104 6672528.074302, 384367.202081 6672540.421270)

LINESTRING (384400.418359 6672480.875559, 384415.431594 6672497.229832, 384443.768286 6672513.877014)

LINESTRING (384400.418359 6672480.875559, 384403.101051 6672478.617723, 384411.295276 6672469.789038, 384416.485975 6672466.950562)

LINESTRING (384398.896151 6672464.663871, 384400.418359 6672480.875559)

LINESTRING (384398.896151 6672464.663871, 384396.813428 6672448.637041)

LINESTRING (384398.896151 6672464.663871, 384416.485975 6672466.950562)

LINESTRING (384398.896151 6672464.663871, 384388.844346 6672463.543514, 384374.279505 6672460.169600, 384365.987550 6672458.514537)

LINESTRING (384443.768286 6672513.877014, 384437.801183 6672517.798671)

LINESTRING (384443.768286 6672513.877014, 384461.501281 6672495.542198, 384476.601848 6672479.118193)

LINESTRING (384443.768286 6672513.877014, 384415.431594 6672497.229832, 384400.418359 6672480.875559)

LINESTRING (384443.768286 6672513.877014, 384455.055296 6672523.004825, 384458.970534 6672528.665268, 384460.251348 6672534.241656, 384459.796907 6672536.908366)

LINESTRING (384416.485975 6672466.950562, 384398.896151 6672464.663871)

LINESTRING (384416.485975 6672466.950562, 384476.601848 6672479.118193)

LINESTRING (384416.485975 6672466.950562, 384411.295276 6672469.789038, 384403.101051 6672478.617723, 384400.418359 6672480.875559)

LINESTRING (384396.235017 6672444.208667, 384396.813428 6672448.637041)

LINESTRING (384396.235017 6672444.208667, 384394.200359 6672436.917560, 384389.387451 6672426.571416, 384375.396657 6672400.756762, 384371.218625 6672394.870661)

LINESTRING (384396.235017 6672444.208667, 384397.931466 6672435.507040, 384401.661573 6672423.509342, 384408.571736 6672412.871207)

LINESTRING (384396.235017 6672444.208667, 384388.939088 6672449.130765, 384376.703908 6672454.654578, 384365.987550 6672458.514537)

LINESTRING (384396.813428 6672448.637041, 384398.896151 6672464.663871)

LINESTRING (384396.813428 6672448.637041, 384396.235017 6672444.208667)

LINESTRING (384396.813428 6672448.637041, 384399.797205 6672448.353410)

LINESTRING (384371.218625 6672394.870661, 384375.396657 6672400.756762, 384389.387451 6672426.571416, 384394.200359 6672436.917560, 384396.235017 6672444.208667)

LINESTRING (384371.218625 6672394.870661, 384369.887528 6672393.686795, 384367.526777 6672391.721892)

LINESTRING (384371.218625 6672394.870661, 384367.412990 6672402.011802, 384353.989286 6672427.577480, 384345.912588 6672443.468159, 384343.580995 6672449.459484, 384340.802346 6672458.173027)

LINESTRING (384371.218625 6672394.870661, 384377.911308 6672375.936728, 384379.814717 6672370.449302, 384383.049105 6672357.698268, 384386.785273 6672340.261882, 384390.800112 6672318.459232)

LINESTRING (384408.571736 6672412.871207, 384409.545571 6672416.986203)

LINESTRING (384408.571736 6672412.871207, 384411.641701 6672407.224394, 384417.768665 6672380.563013, 384425.368463 6672345.496850, 384430.099718 6672323.515624)

LINESTRING (384408.571736 6672412.871207, 384401.661573 6672423.509342, 384397.931466 6672435.507040, 384396.235017 6672444.208667)

LINESTRING (384365.987550 6672458.514537, 384346.519297 6672459.340977, 384340.802346 6672458.173027)

LINESTRING (384365.987550 6672458.514537, 384374.279505 6672460.169600, 384388.844346 6672463.543514, 384398.896151 6672464.663871)

LINESTRING (384365.987550 6672458.514537, 384376.703908 6672454.654578, 384388.939088 6672449.130765, 384396.235017 6672444.208667)

LINESTRING (384367.526777 6672391.721892, 384363.676444 6672388.477830)

LINESTRING (384367.526777 6672391.721892, 384369.887528 6672393.686795, 384371.218625 6672394.870661)

LINESTRING (384367.526777 6672391.721892, 384375.620308 6672370.904897, 384379.310881 6672356.423216, 384382.822474 6672340.843890, 384386.272793 6672318.044909)

LINESTRING (384367.526777 6672391.721892, 384362.355880 6672402.048872, 384344.205679 6672436.712804, 384336.460304 6672456.939378)

LINESTRING (384363.676444 6672388.477830, 384367.526777 6672391.721892)

LINESTRING (384363.676444 6672388.477830, 384359.468717 6672385.345355, 384353.806311 6672383.094648, 384346.944309 6672381.539349, 384333.546079 6672381.360635, 384318.020752 6672382.397028, 384311.691455 6672383.644515, 384305.534470 6672384.897714, 384299.657458 6672386.576713, 384293.473660 6672389.090103, 384288.852078 6672391.665594)

LINESTRING (384363.676444 6672388.477830, 384370.911146 6672369.125571, 384374.485827 6672356.074030, 384377.178503 6672341.289516, 384380.509459 6672317.524731)

LINESTRING (384363.676444 6672388.477830, 384350.942045 6672415.125054, 384339.923536 6672436.145925, 384333.657416 6672451.522538, 384331.972283 6672455.654622)

LINESTRING (384336.460304 6672456.939378, 384331.972283 6672455.654622)

LINESTRING (384336.460304 6672456.939378, 384340.802346 6672458.173027)

LINESTRING (384336.460304 6672456.939378, 384344.205679 6672436.712804, 384362.355880 6672402.048872, 384367.526777 6672391.721892)

LINESTRING (384336.460304 6672456.939378, 384324.082557 6672504.181536, 384320.123239 6672526.138560, 384317.593813 6672547.660371, 384316.586338 6672563.049244, 384316.858460 6672573.070653, 384316.984243 6672577.580182)

LINESTRING (384483.313985 6672481.035073, 384476.601848 6672479.118193)

LINESTRING (384483.313985 6672481.035073, 384488.345780 6672482.135695)

LINESTRING (384483.313985 6672481.035073, 384467.185384 6672550.940160)

LINESTRING (384483.313985 6672481.035073, 384488.050417 6672461.327223)

LINESTRING (384713.226986 6672255.516770, 384713.459800 6672257.091946, 384713.984636 6672260.006402, 384716.175963 6672276.174812)

LINESTRING (384713.226986 6672255.516770, 384693.390635 6672258.793528, 384687.878401 6672226.035368)

LINESTRING (384713.226986 6672255.516770, 384739.219994 6672250.965376, 384734.011684 6672218.676808)

LINESTRING (384716.175963 6672276.174812, 384679.642286 6672282.072365, 384685.258221 6672316.888965)

LINESTRING (384716.175963 6672276.174812, 384756.704193 6672269.639305, 384762.409441 6672304.141139)

LINESTRING (384716.175963 6672276.174812, 384713.984636 6672260.006402, 384713.459800 6672257.091946, 384713.226986 6672255.516770)

LINESTRING (384687.878401 6672226.035368, 384640.794672 6672233.535893)

LINESTRING (384687.878401 6672226.035368, 384693.390635 6672258.793528, 384713.226986 6672255.516770)

LINESTRING (384687.878401 6672226.035368, 384694.938960 6672224.899261, 384734.011684 6672218.676808)

LINESTRING (384734.011684 6672218.676808, 384740.459332 6672217.649232)

LINESTRING (384734.011684 6672218.676808, 384739.219994 6672250.965376, 384713.226986 6672255.516770)

LINESTRING (384734.011684 6672218.676808, 384694.938960 6672224.899261, 384687.878401 6672226.035368)

LINESTRING (384740.459332 6672217.649232, 384734.011684 6672218.676808)

LINESTRING (384740.459332 6672217.649232, 384744.917731 6672249.047563, 384768.519576 6672245.440882, 384768.936001 6672247.734670, 384769.710101 6672252.925890)

LINESTRING (384740.459332 6672217.649232, 384743.867937 6672217.096201, 384794.815174 6672209.018581)

LINESTRING (384769.710101 6672252.925890, 384768.936001 6672247.734670, 384768.519576 6672245.440882, 384744.917731 6672249.047563, 384740.459332 6672217.649232)

LINESTRING (384724.324063 6672418.978943, 384751.317790 6672421.740243)

LINESTRING (384724.324063 6672418.978943, 384717.206306 6672453.037354)

LINESTRING (384724.324063 6672418.978943, 384726.198510 6672410.439064)

LINESTRING (384724.324063 6672418.978943, 384717.509091 6672418.379898)

LINESTRING (384751.317790 6672421.740243, 384724.324063 6672418.978943)

LINESTRING (384751.317790 6672421.740243, 384767.630156 6672426.665457)

LINESTRING (384751.317790 6672421.740243, 384744.780899 6672440.211597, 384751.570367 6672442.472007, 384735.833498 6672486.530655)

LINESTRING (384717.206306 6672453.037354, 384711.480718 6672482.282162)

LINESTRING (384717.206306 6672453.037354, 384724.324063 6672418.978943)

LINESTRING (384717.206306 6672453.037354, 384711.995773 6672452.254089, 384709.482173 6672451.775991, 384696.617666 6672449.138538)

LINESTRING (384726.198510 6672410.439064, 384727.363098 6672405.454301)

LINESTRING (384726.198510 6672410.439064, 384724.324063 6672418.978943)

LINESTRING (384726.198510 6672410.439064, 384774.411435 6672415.252003)

LINESTRING (384726.198510 6672410.439064, 384715.900649 6672409.615307)

LINESTRING (384717.509091 6672418.379898, 384724.324063 6672418.978943)

LINESTRING (384727.363098 6672405.454301, 384726.198510 6672410.439064)

LINESTRING (384727.363098 6672405.454301, 384761.642631 6672408.599328, 384771.008599 6672409.452531, 384777.058396 6672409.908581)

LINESTRING (384777.058396 6672409.908581, 384781.716619 6672410.430705)

LINESTRING (384777.058396 6672409.908581, 384779.344806 6672405.635220)

LINESTRING (384777.058396 6672409.908581, 384774.411435 6672415.252003)

LINESTRING (384676.969212 6672410.383980, 384678.066821 6672405.390163)

LINESTRING (384676.969212 6672410.383980, 384682.543001 6672411.768704, 384684.199605 6672412.184611)

LINESTRING (384676.969212 6672410.383980, 384672.119032 6672409.232802, 384670.913539 6672409.036728)

LINESTRING (384676.969212 6672410.383980, 384661.072509 6672480.904824, 384660.509756 6672482.605351)

LINESTRING (384678.066821 6672405.390163, 384676.969212 6672410.383980)

LINESTRING (384678.066821 6672405.390163, 384678.999674 6672401.159353)

LINESTRING (384678.066821 6672405.390163, 384671.913688 6672403.945678)

LINESTRING (384684.199605 6672412.184611, 384676.362326 6672445.775417)

LINESTRING (384684.199605 6672412.184611, 384685.568671 6672407.171105)

LINESTRING (384684.199605 6672412.184611, 384682.543001 6672411.768704, 384676.969212 6672410.383980)

LINESTRING (384670.913539 6672409.036728, 384671.913688 6672403.945678)

LINESTRING (384670.913539 6672409.036728, 384669.379038 6672414.790980)

LINESTRING (384670.913539 6672409.036728, 384672.119032 6672409.232802, 384676.969212 6672410.383980)

LINESTRING (385064.277703 6673007.505057, 385056.332151 6673005.514437)

LINESTRING (385064.277703 6673007.505057, 385061.191388 6673013.174111)

LINESTRING (385064.277703 6673007.505057, 385067.890099 6673000.025252, 385079.577145 6672976.890531, 385081.124131 6672974.000171)

LINESTRING (385056.332151 6673005.514437, 385053.126733 6673004.912960, 385043.282037 6673003.082282, 385039.127503 6673002.310014, 384994.738156 6672994.008240)

LINESTRING (385056.332151 6673005.514437, 385059.991575 6672999.002708, 385063.964553 6672991.868201)

LINESTRING (385056.332151 6673005.514437, 385053.800475 6673009.929063, 385052.669247 6673011.914837)

LINESTRING (385061.191388 6673013.174111, 385064.277703 6673007.505057)

LINESTRING (385061.191388 6673013.174111, 385060.323523 6673014.884150, 385056.622378 6673022.188440, 385051.288795 6673031.427375)

LINESTRING (385061.191388 6673013.174111, 385055.185514 6673012.315058, 385052.669247 6673011.914837)

LINESTRING (385061.191388 6673013.174111, 385067.191713 6673014.033347, 385068.992849 6673014.288858)

LINESTRING (385081.124131 6672974.000171, 385084.363137 6672967.356786)

LINESTRING (385081.124131 6672974.000171, 385073.354380 6672972.483203)

LINESTRING (385081.124131 6672974.000171, 385086.217758 6672974.977050, 385088.129876 6672975.407399)

LINESTRING (385081.124131 6672974.000171, 385079.577145 6672976.890531, 385067.890099 6673000.025252, 385064.277703 6673007.505057)

LINESTRING (385080.610761 6672559.033897, 385074.480264 6672554.757377)

LINESTRING (385080.610761 6672559.033897, 385084.983235 6672552.934473)

LINESTRING (385080.610761 6672559.033897, 385076.168641 6672565.213522)

LINESTRING (385074.480264 6672554.757377, 385041.701206 6672532.494401)

LINESTRING (385074.480264 6672554.757377, 385077.170593 6672551.140198, 385078.406419 6672549.474344)

LINESTRING (385074.480264 6672554.757377, 385071.147007 6672558.940807, 385070.173541 6672560.297533)

LINESTRING (385084.983235 6672552.934473, 385080.610761 6672559.033897)

LINESTRING (385084.983235 6672552.934473, 385089.870356 6672556.336184, 385090.818308 6672556.997392)

LINESTRING (385084.983235 6672552.934473, 385081.719486 6672550.663132, 385079.488635 6672549.106056)

LINESTRING (385076.168641 6672565.213522, 385080.610761 6672559.033897)

LINESTRING (385076.168641 6672565.213522, 385065.610714 6672578.906914, 385056.472980 6672593.269007, 385056.122545 6672596.255548, 385056.150722 6672599.453094)

LINESTRING (385076.168641 6672565.213522, 385071.225308 6672561.612995, 385070.134495 6672560.822543)

LINESTRING (385076.168641 6672565.213522, 385080.436847 6672568.177722, 385081.867093 6672569.169269)

LINESTRING (384737.479682 6672951.612610, 384720.421690 6672952.205285)

LINESTRING (384737.479682 6672951.612610, 384736.524967 6672945.268062, 384735.966702 6672942.700132, 384732.292011 6672921.373967)

LINESTRING (384737.479682 6672951.612610, 384738.481660 6672956.284010, 384739.034726 6672958.863248)

LINESTRING (384733.046812 6672892.441628, 384728.036836 6672890.426168)

LINESTRING (384733.046812 6672892.441628, 384731.157901 6672884.109349)

LINESTRING (384733.046812 6672892.441628, 384738.837162 6672894.733431, 384742.310657 6672896.262332, 384748.933980 6672899.620084)

LINESTRING (385005.552179 6672284.062457, 385017.115761 6672283.632570)

LINESTRING (385005.552179 6672284.062457, 385003.861289 6672285.207689, 384998.935601 6672288.549623, 384992.744121 6672290.482541)

LINESTRING (385005.552179 6672284.062457, 385007.742204 6672281.129602, 385008.765303 6672279.760160, 385012.644561 6672274.567695)

LINESTRING (384990.561521 6672295.242847, 384991.674834 6672292.856431, 384992.744121 6672290.482541)

LINESTRING (384990.561521 6672295.242847, 384988.397160 6672295.455684, 384985.558598 6672296.124322)

LINESTRING (384990.561521 6672295.242847, 384992.478664 6672294.937475, 384998.198956 6672294.267518)

LINESTRING (385009.830728 6672293.534569, 385004.152635 6672303.330411)

LINESTRING (385009.830728 6672293.534569, 385012.065578 6672292.383406)

LINESTRING (385009.830728 6672293.534569, 385007.395563 6672293.611019, 384998.198956 6672294.267518)

LINESTRING (385004.152635 6672303.330411, 384968.419112 6672361.578460)

LINESTRING (385004.152635 6672303.330411, 385009.830728 6672293.534569)

LINESTRING (385004.152635 6672303.330411, 385013.166607 6672308.530446)

LINESTRING (385012.065578 6672292.383406, 385009.830728 6672293.534569)

LINESTRING (385012.065578 6672292.383406, 385023.791613 6672291.469232)

LINESTRING (385012.065578 6672292.383406, 385016.604650 6672284.685040, 385017.115761 6672283.632570)

LINESTRING (385017.115761 6672283.632570, 385005.552179 6672284.062457)

LINESTRING (385017.115761 6672283.632570, 385037.785044 6672282.125666)

LINESTRING (385017.115761 6672283.632570, 385016.604650 6672284.685040, 385012.065578 6672292.383406)

LINESTRING (385017.115761 6672283.632570, 385018.637743 6672280.820993, 385020.677517 6672275.931456)

LINESTRING (385037.785044 6672282.125666, 385082.127027 6672278.917681)

LINESTRING (385037.785044 6672282.125666, 385017.115761 6672283.632570)

LINESTRING (385020.677517 6672275.931456, 385023.756621 6672272.134877)

LINESTRING (385020.677517 6672275.931456, 385018.637743 6672280.820993, 385017.115761 6672283.632570)

LINESTRING (385020.677517 6672275.931456, 385013.275578 6672274.681617, 385012.644561 6672274.567695)

LINESTRING (385040.029217 6672612.596801, 385023.069784 6672615.670100)

LINESTRING (385040.029217 6672612.596801, 385045.425699 6672604.102578)

LINESTRING (385023.069784 6672615.670100, 385040.029217 6672612.596801)

LINESTRING (385023.069784 6672615.670100, 385021.998922 6672610.209549)

LINESTRING (385023.069784 6672615.670100, 384995.693952 6672621.901223, 384986.573408 6672623.892721, 384985.478478 6672620.672952, 384984.812015 6672618.721329, 384983.294508 6672614.244374, 384982.597513 6672612.204555, 384973.910187 6672613.848148, 384967.234483 6672615.194546)

LINESTRING (385045.425699 6672604.102578, 385042.702274 6672597.111395)

LINESTRING (385045.425699 6672604.102578, 385048.853849 6672613.735146)

LINESTRING (385045.425699 6672604.102578, 385048.407884 6672602.002991, 385056.150722 6672599.453094)

LINESTRING (384979.871626 6672538.135557, 384978.411969 6672540.098229)

LINESTRING (384978.411969 6672540.098229, 384975.676247 6672527.947633)

LINESTRING (384978.411969 6672540.098229, 384978.663605 6672541.215907)

LINESTRING (384978.411969 6672540.098229, 384979.871626 6672538.135557)

LINESTRING (384743.560397 6672503.761900, 384741.780033 6672511.585569)

LINESTRING (384743.560397 6672503.761900, 384744.160886 6672496.554869)

LINESTRING (384743.560397 6672503.761900, 384749.291953 6672504.695977)

LINESTRING (384743.560397 6672503.761900, 384740.329203 6672503.239498, 384706.374538 6672497.688432, 384667.586448 6672491.342603, 384666.029430 6672491.090734)

LINESTRING (384741.780033 6672511.585569, 384743.560397 6672503.761900)

LINESTRING (384741.780033 6672511.585569, 384664.365039 6672498.008099)

LINESTRING (384741.780033 6672511.585569, 384746.961166 6672512.849007)

LINESTRING (384741.780033 6672511.585569, 384737.885309 6672517.324911, 384731.866458 6672543.603364, 384731.327618 6672552.591562, 384730.277293 6672558.029651, 384723.398647 6672598.087372)

LINESTRING (384744.160886 6672496.554869, 384743.560397 6672503.761900)

LINESTRING (384744.160886 6672496.554869, 384744.598372 6672493.342661)

LINESTRING (384744.160886 6672496.554869, 384733.239224 6672494.602831)

LINESTRING (384749.291953 6672504.695977, 384743.560397 6672503.761900)

LINESTRING (384749.291953 6672504.695977, 384751.992225 6672495.227429)

LINESTRING (384640.898003 6672824.520547, 384637.585718 6672838.510827, 384636.521353 6672842.790378)

LINESTRING (384636.521353 6672842.790378, 384641.714916 6672844.108981)

LINESTRING (384636.521353 6672842.790378, 384633.293461 6672842.011657)

LINESTRING (384636.521353 6672842.790378, 384637.585718 6672838.510827, 384640.898003 6672824.520547)

LINESTRING (385059.522382 6672612.062986, 385048.853849 6672613.735146)

LINESTRING (385059.522382 6672612.062986, 385056.150722 6672599.453094)

LINESTRING (385059.522382 6672612.062986, 385060.231170 6672614.303046, 385061.205759 6672618.997667)

LINESTRING (385048.853849 6672613.735146, 385040.029217 6672612.596801)

LINESTRING (385048.853849 6672613.735146, 385045.425699 6672604.102578)

LINESTRING (385048.853849 6672613.735146, 385051.091981 6672618.178363)

LINESTRING (385056.150722 6672599.453094, 385059.522382 6672612.062986)

LINESTRING (385056.150722 6672599.453094, 385056.122545 6672596.255548, 385056.472980 6672593.269007, 385065.610714 6672578.906914, 385076.168641 6672565.213522)

LINESTRING (385061.205759 6672618.997667, 385053.885194 6672620.141257)

LINESTRING (385061.205759 6672618.997667, 385069.363775 6672617.471191)

LINESTRING (385061.205759 6672618.997667, 385060.231170 6672614.303046, 385059.522382 6672612.062986)

LINESTRING (385061.205759 6672618.997667, 385071.673200 6672667.002242, 385072.602433 6672670.606141)

LINESTRING (384770.907239 6672056.568770, 384768.988999 6672047.134098)

LINESTRING (384770.907239 6672056.568770, 384792.105320 6672056.826999)

LINESTRING (384770.907239 6672056.568770, 384763.279152 6672057.856303, 384757.767330 6672058.809808)

LINESTRING (384768.988999 6672047.134098, 384770.907239 6672056.568770)

LINESTRING (384768.988999 6672047.134098, 384760.682263 6672045.913209, 384760.194369 6672046.820108)

LINESTRING (384792.105320 6672056.826999, 384811.489282 6672063.672999)

LINESTRING (384792.105320 6672056.826999, 384770.907239 6672056.568770)

LINESTRING (384792.105320 6672056.826999, 384788.072664 6672061.378149, 384757.649939 6672066.904323)

LINESTRING (384792.105320 6672056.826999, 384792.323427 6672053.521403, 384793.583458 6672050.327915)

LINESTRING (384757.767330 6672058.809808, 384757.649939 6672066.904323)

LINESTRING (384757.767330 6672058.809808, 384763.279152 6672057.856303, 384770.907239 6672056.568770)

LINESTRING (384757.767330 6672058.809808, 384724.216630 6672064.635266, 384664.935239 6672074.915308, 384662.278503 6672075.366723)

LINESTRING (384910.556464 6672867.389351, 384910.868280 6672865.652172)

LINESTRING (384910.868280 6672865.652172, 384907.115335 6672864.945436)

LINESTRING (384910.868280 6672865.652172, 384923.673901 6672868.058130)

LINESTRING (384910.868280 6672865.652172, 384910.556464 6672867.389351)

LINESTRING (384250.613668 6672469.369354, 384247.202515 6672464.562454)

LINESTRING (384247.202515 6672464.562454, 384250.613668 6672469.369354)

LINESTRING (384247.202515 6672464.562454, 384229.558288 6672437.548737)

LINESTRING (384247.202515 6672464.562454, 384257.360349 6672463.940539)

LINESTRING (384247.202515 6672464.562454, 384242.690334 6672473.230569)

LINESTRING (384229.558288 6672437.548737, 384247.202515 6672464.562454)

LINESTRING (384229.558288 6672437.548737, 384226.760388 6672433.524871)

LINESTRING (384229.558288 6672437.548737, 384247.885122 6672425.724743)

LINESTRING (384229.558288 6672437.548737, 384211.618007 6672449.126574)

LINESTRING (384226.760388 6672433.524871, 384229.558288 6672437.548737)

LINESTRING (384226.760388 6672433.524871, 384226.187585 6672432.617987, 384222.837484 6672427.285388, 384222.295229 6672426.466694, 384219.334793 6672421.868459, 384218.115662 6672420.012439)

LINESTRING (384226.760388 6672433.524871, 384272.683668 6672403.276294, 384274.860736 6672399.953327, 384275.291770 6672396.373484, 384274.708500 6672393.026288, 384270.194689 6672386.359649)

LINESTRING (384226.760388 6672433.524871, 384180.242063 6672463.369384, 384176.772916 6672463.579388, 384173.288285 6672462.597427, 384170.725135 6672460.906516, 384166.473048 6672454.443466)

LINESTRING (384218.115662 6672420.012439, 384166.473048 6672454.443466)

LINESTRING (384218.115662 6672420.012439, 384270.194689 6672386.359649)

LINESTRING (384218.115662 6672420.012439, 384219.334793 6672421.868459, 384222.295229 6672426.466694, 384222.837484 6672427.285388, 384226.187585 6672432.617987, 384226.760388 6672433.524871)

LINESTRING (384166.473048 6672454.443466, 384218.115662 6672420.012439)

LINESTRING (384166.473048 6672454.443466, 384160.884980 6672458.231006)

LINESTRING (384166.473048 6672454.443466, 384170.725135 6672460.906516, 384173.288285 6672462.597427, 384176.772916 6672463.579388, 384180.242063 6672463.369384, 384226.760388 6672433.524871)

LINESTRING (384270.194689 6672386.359649, 384218.115662 6672420.012439)

LINESTRING (384270.194689 6672386.359649, 384275.453868 6672382.348643)

LINESTRING (384270.194689 6672386.359649, 384274.708500 6672393.026288, 384275.291770 6672396.373484, 384274.860736 6672399.953327, 384272.683668 6672403.276294, 384226.760388 6672433.524871)

LINESTRING (384915.133125 6672823.113782, 384913.048440 6672833.978198)

LINESTRING (384915.133125 6672823.113782, 384893.314062 6672819.029734, 384891.755801 6672818.733237)

LINESTRING (384915.133125 6672823.113782, 384942.877299 6672828.304543, 384945.033198 6672828.716017)

LINESTRING (384913.048440 6672833.978198, 384910.283205 6672846.858848)

LINESTRING (384913.048440 6672833.978198, 384915.133125 6672823.113782)

LINESTRING (384913.048440 6672833.978198, 384936.653733 6672838.373999)

LINESTRING (384913.048440 6672833.978198, 384911.117539 6672833.659971)

LINESTRING (384891.755801 6672818.733237, 384891.165491 6672815.319323)

LINESTRING (384891.755801 6672818.733237, 384885.283624 6672856.036325)

LINESTRING (384891.755801 6672818.733237, 384893.314062 6672819.029734, 384915.133125 6672823.113782)

LINESTRING (384945.033198 6672828.716017, 384944.436456 6672831.810613)

LINESTRING (384945.033198 6672828.716017, 384951.708511 6672793.969887, 385005.130349 6672782.028042)

LINESTRING (384945.033198 6672828.716017, 384942.877299 6672828.304543, 384915.133125 6672823.113782)

LINESTRING (384907.954254 6672860.372163, 384924.503496 6672863.540876)

LINESTRING (384907.954254 6672860.372163, 384894.041343 6672857.711309)

LINESTRING (384907.954254 6672860.372163, 384907.115335 6672864.945436)

LINESTRING (384907.954254 6672860.372163, 384909.287302 6672852.796667)

LINESTRING (384924.503496 6672863.540876, 384937.852343 6672866.096978)

LINESTRING (384924.503496 6672863.540876, 384907.954254 6672860.372163)

LINESTRING (384924.503496 6672863.540876, 384923.673901 6672868.058130)

LINESTRING (384894.041343 6672857.711309, 384907.954254 6672860.372163)

LINESTRING (384894.041343 6672857.711309, 384885.283624 6672856.036325)

LINESTRING (384894.041343 6672857.711309, 384893.131390 6672862.320252)

LINESTRING (384907.115335 6672864.945436, 384907.954254 6672860.372163)

LINESTRING (384907.115335 6672864.945436, 384893.131390 6672862.320252)

LINESTRING (384907.115335 6672864.945436, 384910.868280 6672865.652172)

LINESTRING (384909.287302 6672852.796667, 384907.954254 6672860.372163)

LINESTRING (384909.287302 6672852.796667, 384910.283205 6672846.858848)

LINESTRING (384909.287302 6672852.796667, 384932.981971 6672857.390230, 384936.653733 6672838.373999)

LINESTRING (385028.886427 6672120.678139, 385031.178658 6672116.928558, 385030.001049 6672116.207703, 385012.191584 6672105.366050, 385010.742452 6672104.486559, 385012.780984 6672101.146127)

LINESTRING (385012.780984 6672101.146127, 385000.904847 6672093.584170)

LINESTRING (385012.780984 6672101.146127, 385076.574672 6672138.049044, 385082.714290 6672139.940418)

LINESTRING (385012.780984 6672101.146127, 385010.742452 6672104.486559, 385012.191584 6672105.366050, 385030.001049 6672116.207703, 385031.178658 6672116.928558, 385028.886427 6672120.678139)

LINESTRING (384848.831145 6672302.080713, 384842.087048 6672314.161501)

LINESTRING (384848.831145 6672302.080713, 384846.384593 6672302.324794, 384841.425276 6672302.826187, 384836.078715 6672303.373196)

LINESTRING (384848.567308 6672573.075728, 384849.383201 6672570.241691)

LINESTRING (384848.567308 6672573.075728, 384850.103543 6672573.551213, 384854.773608 6672574.986888, 384856.062988 6672575.380982, 384855.287210 6672577.901713, 384853.896941 6672577.477358, 384850.330419 6672576.352464, 384847.869887 6672575.616286)

LINESTRING (384848.567308 6672573.075728, 384847.059156 6672572.610505, 384842.613051 6672571.234664, 384841.441547 6672570.881446, 384840.659881 6672573.391221, 384841.932624 6672573.785833, 384845.251598 6672574.807059, 384847.869887 6672575.616286)

LINESTRING (384847.869887 6672575.616286, 384848.164181 6672574.381151)

LINESTRING (384847.869887 6672575.616286, 384847.602519 6672576.471666, 384847.123194 6672578.002372, 384846.492523 6672580.017046)

LINESTRING (384847.869887 6672575.616286, 384850.330419 6672576.352464, 384853.896941 6672577.477358, 384855.287210 6672577.901713, 384856.062988 6672575.380982, 384854.773608 6672574.986888, 384850.103543 6672573.551213, 384848.567308 6672573.075728)

LINESTRING (384847.869887 6672575.616286, 384845.251598 6672574.807059, 384841.932624 6672573.785833, 384840.659881 6672573.391221, 384841.441547 6672570.881446, 384842.613051 6672571.234664, 384847.059156 6672572.610505, 384848.567308 6672573.075728)

LINESTRING (384506.174189 6672811.537636, 384523.013350 6672736.372386)

LINESTRING (384506.174189 6672811.537636, 384507.804313 6672811.998870)

LINESTRING (384506.174189 6672811.537636, 384500.922325 6672810.310216, 384496.805134 6672809.325626)

LINESTRING (384523.013350 6672736.372386, 384506.174189 6672811.537636)

LINESTRING (384523.013350 6672736.372386, 384524.527513 6672730.161775)

LINESTRING (384523.013350 6672736.372386, 384517.765248 6672735.267408, 384514.722722 6672734.560952)

LINESTRING (384523.013350 6672736.372386, 384528.150169 6672737.469737, 384529.033241 6672737.831948, 384530.124901 6672738.822815, 384531.064560 6672739.394986)

LINESTRING (384507.804313 6672811.998870, 384506.144770 6672820.286941)

LINESTRING (384507.804313 6672811.998870, 384514.221738 6672813.568455)

LINESTRING (384507.804313 6672811.998870, 384506.174189 6672811.537636)

LINESTRING (384514.722722 6672734.560952, 384516.111411 6672728.421159)

LINESTRING (384514.722722 6672734.560952, 384517.765248 6672735.267408, 384523.013350 6672736.372386)

LINESTRING (384491.561897 6672808.019936, 384485.592442 6672806.748305)

LINESTRING (384491.561897 6672808.019936, 384491.094841 6672810.285843, 384489.856262 6672816.253747)

LINESTRING (384491.561897 6672808.019936, 384493.956784 6672808.613065, 384496.805134 6672809.325626)

LINESTRING (384491.561897 6672808.019936, 384501.739341 6672762.809178, 384509.944554 6672727.055408)

LINESTRING (384514.221738 6672813.568455, 384512.252501 6672821.543100)

LINESTRING (384514.221738 6672813.568455, 384519.884019 6672814.782951)

LINESTRING (384514.221738 6672813.568455, 384507.804313 6672811.998870)

LINESTRING (384519.884019 6672814.782951, 384535.393127 6672748.842716)

LINESTRING (384519.884019 6672814.782951, 384518.416815 6672823.009228)

LINESTRING (384519.884019 6672814.782951, 384633.293461 6672842.011657)

LINESTRING (384519.884019 6672814.782951, 384514.221738 6672813.568455)

LINESTRING (384489.856262 6672816.253747, 384495.069371 6672817.660685)

LINESTRING (384489.856262 6672816.253747, 384491.094841 6672810.285843, 384491.561897 6672808.019936)

LINESTRING (384489.856262 6672816.253747, 384488.845633 6672820.999719, 384488.138685 6672823.228616)

LINESTRING (384535.393127 6672748.842716, 384584.387979 6672757.629178)

LINESTRING (384535.393127 6672748.842716, 384519.884019 6672814.782951)

LINESTRING (384535.393127 6672748.842716, 384535.744448 6672747.483164, 384537.238268 6672740.626823)

LINESTRING (384633.293461 6672842.011657, 384636.521353 6672842.790378)

LINESTRING (384633.293461 6672842.011657, 384519.884019 6672814.782951)

LINESTRING (384633.293461 6672842.011657, 384634.366109 6672837.642688, 384637.794152 6672823.626469)

LINESTRING (384640.136387 6672850.042956, 384641.714916 6672844.108981)

LINESTRING (384640.136387 6672850.042956, 384638.864244 6672855.833548, 384636.380866 6672858.597583)

LINESTRING (384640.136387 6672850.042956, 384673.136298 6672860.103399, 384712.017777 6672875.005092)

LINESTRING (384515.937613 6672833.474016, 384514.645090 6672839.844812)

LINESTRING (384515.937613 6672833.474016, 384516.843529 6672829.455743)

LINESTRING (384515.937613 6672833.474016, 384514.824778 6672833.219354, 384509.938019 6672832.125287)

LINESTRING (384636.380866 6672858.597583, 384671.436253 6672868.526390, 384708.449454 6672882.985381)

LINESTRING (384636.380866 6672858.597583, 384621.126548 6672854.074319, 384516.843529 6672829.455743)

LINESTRING (384636.380866 6672858.597583, 384634.676220 6672860.880166, 384629.976050 6672874.869602)

LINESTRING (384636.380866 6672858.597583, 384638.864244 6672855.833548, 384640.136387 6672850.042956)

LINESTRING (384262.068286 6672991.136422, 384268.223205 6672992.134352)

LINESTRING (384262.068286 6672991.136422, 384258.849700 6672993.110420, 384241.066341 6673008.862449, 384234.940723 6673016.166268, 384229.981812 6673023.321767, 384222.375891 6673032.266069)

LINESTRING (384262.068286 6672991.136422, 384268.538121 6672958.534988, 384269.688529 6672951.722797)

LINESTRING (384262.068286 6672991.136422, 384257.043921 6673017.651885, 384253.207293 6673033.442273)

LINESTRING (384268.223205 6672992.134352, 384281.760915 6672925.118372)

LINESTRING (384268.223205 6672992.134352, 384273.371391 6672992.896641)

LINESTRING (384268.223205 6672992.134352, 384262.068286 6672991.136422)

LINESTRING (384268.223205 6672992.134352, 384263.355577 6673018.867741, 384261.725763 6673027.021279, 384260.772654 6673030.940822, 384259.799093 6673036.320936)

LINESTRING (384222.375891 6673032.266069, 384203.227344 6673049.075609)

LINESTRING (384222.375891 6673032.266069, 384229.981812 6673023.321767, 384234.940723 6673016.166268, 384241.066341 6673008.862449, 384258.849700 6672993.110420, 384262.068286 6672991.136422)

LINESTRING (384222.375891 6673032.266069, 384225.354928 6673034.657098, 384241.698790 6673051.347455)

LINESTRING (384269.688529 6672951.722797, 384261.140464 6672950.187553)

LINESTRING (384269.688529 6672951.722797, 384273.406065 6672932.158226)

LINESTRING (384269.688529 6672951.722797, 384268.538121 6672958.534988, 384262.068286 6672991.136422)

LINESTRING (384253.207293 6673033.442273, 384247.494209 6673045.892920, 384244.405645 6673051.451342)

LINESTRING (384253.207293 6673033.442273, 384253.121736 6673042.327117, 384252.923117 6673048.161951)

LINESTRING (384253.207293 6673033.442273, 384257.043921 6673017.651885, 384262.068286 6672991.136422)

LINESTRING (384281.760915 6672925.118372, 384286.304829 6672926.256400)

LINESTRING (384281.760915 6672925.118372, 384285.595725 6672905.572401)

LINESTRING (384281.760915 6672925.118372, 384268.223205 6672992.134352)

LINESTRING (384273.371391 6672992.896641, 384265.342743 6673037.126434)

LINESTRING (384273.371391 6672992.896641, 384268.223205 6672992.134352)

LINESTRING (384273.371391 6672992.896641, 384286.304829 6672926.256400)

LINESTRING (384259.799093 6673036.320936, 384265.342743 6673037.126434)

LINESTRING (384259.799093 6673036.320936, 384257.740373 6673046.360304)

LINESTRING (384259.799093 6673036.320936, 384260.772654 6673030.940822, 384261.725763 6673027.021279, 384263.355577 6673018.867741, 384268.223205 6672992.134352)

LINESTRING (384265.342743 6673037.126434, 384259.799093 6673036.320936)

LINESTRING (384265.342743 6673037.126434, 384273.371391 6672992.896641)

LINESTRING (384265.342743 6673037.126434, 384274.576630 6673038.762595, 384287.268016 6673040.189220, 384290.757228 6673039.577463, 384294.352668 6673031.083219, 384294.971403 6673023.608024, 384292.720909 6673002.281770, 384292.423647 6672992.874094, 384296.954847 6672970.419713)

LINESTRING (384265.342743 6673037.126434, 384264.301869 6673040.903872, 384262.578618 6673047.154660)

LINESTRING (384286.304829 6672926.256400, 384281.760915 6672925.118372)

LINESTRING (384286.304829 6672926.256400, 384273.371391 6672992.896641)

LINESTRING (384286.304829 6672926.256400, 384290.616900 6672906.528188)

LINESTRING (384286.304829 6672926.256400, 384297.258254 6672928.540395, 384304.613125 6672930.614922)

LINESTRING (384289.370448 6672853.375072, 384288.860149 6672854.795398, 384288.196105 6672857.323883, 384284.250328 6672878.455866, 384283.725816 6672881.358855)

LINESTRING (384289.370448 6672853.375072, 384299.743958 6672849.949156, 384301.386884 6672857.141146)

LINESTRING (384289.370448 6672853.375072, 384289.038066 6672846.721189, 384289.965855 6672836.550417, 384287.817231 6672831.803901, 384280.174666 6672822.739770, 384274.387324 6672817.394998)

LINESTRING (384283.725816 6672881.358855, 384290.683514 6672882.632364)

LINESTRING (384283.725816 6672881.358855, 384284.250328 6672878.455866, 384288.196105 6672857.323883, 384288.860149 6672854.795398, 384289.370448 6672853.375072)

LINESTRING (384283.725816 6672881.358855, 384278.698436 6672905.155118, 384273.406065 6672932.158226)

LINESTRING (384274.387324 6672817.394998, 384280.701410 6672813.406358)

LINESTRING (384274.387324 6672817.394998, 384280.174666 6672822.739770, 384287.817231 6672831.803901, 384289.965855 6672836.550417, 384289.038066 6672846.721189, 384289.370448 6672853.375072)

LINESTRING (384274.387324 6672817.394998, 384269.337955 6672812.740158, 384257.004601 6672804.749303)

LINESTRING (384290.683514 6672882.632364, 384295.264622 6672883.891819)

LINESTRING (384290.683514 6672882.632364, 384283.725816 6672881.358855)

LINESTRING (384290.683514 6672882.632364, 384291.833892 6672876.343975)

LINESTRING (384290.683514 6672882.632364, 384289.616130 6672886.978996, 384288.119742 6672894.615654, 384285.595725 6672905.572401)

LINESTRING (384273.406065 6672932.158226, 384265.131744 6672930.502876)

LINESTRING (384273.406065 6672932.158226, 384269.688529 6672951.722797)

LINESTRING (384273.406065 6672932.158226, 384278.698436 6672905.155118, 384283.725816 6672881.358855)

LINESTRING (384295.264622 6672883.891819, 384290.683514 6672882.632364)

LINESTRING (384295.264622 6672883.891819, 384300.689369 6672884.968603)

LINESTRING (384295.264622 6672883.891819, 384290.616900 6672906.528188)

LINESTRING (384291.833892 6672876.343975, 384290.683514 6672882.632364)

LINESTRING (384291.833892 6672876.343975, 384295.708748 6672860.697315, 384297.982071 6672858.496898, 384301.386884 6672857.141146)

LINESTRING (384285.595725 6672905.572401, 384290.616900 6672906.528188)

LINESTRING (384285.595725 6672905.572401, 384281.760915 6672925.118372)

LINESTRING (384285.595725 6672905.572401, 384288.119742 6672894.615654, 384289.616130 6672886.978996, 384290.683514 6672882.632364)

LINESTRING (384300.689369 6672884.968603, 384295.264622 6672883.891819)

LINESTRING (384300.689369 6672884.968603, 384309.505270 6672886.718373)

LINESTRING (384300.689369 6672884.968603, 384301.870849 6672878.434057)

LINESTRING (384290.616900 6672906.528188, 384285.595725 6672905.572401)

LINESTRING (384290.616900 6672906.528188, 384286.304829 6672926.256400)

LINESTRING (384290.616900 6672906.528188, 384295.264622 6672883.891819)

LINESTRING (384290.616900 6672906.528188, 384302.206781 6672908.747512, 384340.513268 6672917.355714, 384357.141283 6672920.719990)

LINESTRING (384487.503561 6672578.661847, 384488.295436 6672574.546866)

LINESTRING (384487.503561 6672578.661847, 384537.459366 6672590.203577, 384541.205075 6672593.662850)

LINESTRING (384487.503561 6672578.661847, 384486.142354 6672583.385439, 384474.344760 6672593.442066, 384467.237326 6672596.764418)

LINESTRING (384488.295436 6672574.546866, 384481.655441 6672573.151497)

LINESTRING (384488.295436 6672574.546866, 384487.503561 6672578.661847)

LINESTRING (384488.295436 6672574.546866, 384489.473675 6672569.126947)

LINESTRING (384541.205075 6672593.662850, 384541.825716 6672585.875622)

LINESTRING (384541.205075 6672593.662850, 384537.459366 6672590.203577, 384487.503561 6672578.661847)

LINESTRING (384541.205075 6672593.662850, 384542.203255 6672593.976859, 384546.574760 6672594.920058)

LINESTRING (384541.205075 6672593.662850, 384527.610457 6672653.792125, 384514.399968 6672712.705764)

LINESTRING (384467.237326 6672596.764418, 384462.639619 6672593.755584)

LINESTRING (384467.237326 6672596.764418, 384460.567166 6672625.738615)

LINESTRING (384467.237326 6672596.764418, 384474.344760 6672593.442066, 384486.142354 6672583.385439, 384487.503561 6672578.661847)

LINESTRING (384546.574760 6672594.920058, 384547.614402 6672590.384939)

LINESTRING (384546.574760 6672594.920058, 384542.203255 6672593.976859, 384541.205075 6672593.662850)

LINESTRING (384546.574760 6672594.920058, 384549.017587 6672595.444851, 384555.015438 6672596.726848)

LINESTRING (384514.399968 6672712.705764, 384512.143351 6672716.499163)

LINESTRING (384514.399968 6672712.705764, 384451.512213 6672698.607986, 384445.858488 6672690.104856, 384446.247277 6672688.877845)

LINESTRING (384514.399968 6672712.705764, 384527.610457 6672653.792125, 384541.205075 6672593.662850)

LINESTRING (384555.015438 6672596.726848, 384524.527513 6672730.161775)

LINESTRING (384555.015438 6672596.726848, 384563.395095 6672598.535579)

LINESTRING (384555.015438 6672596.726848, 384549.017587 6672595.444851, 384546.574760 6672594.920058)

LINESTRING (384524.527513 6672730.161775, 384523.013350 6672736.372386)

LINESTRING (384524.527513 6672730.161775, 384555.015438 6672596.726848)

LINESTRING (384524.527513 6672730.161775, 384532.828185 6672731.939482)

LINESTRING (384524.527513 6672730.161775, 384516.111411 6672728.421159)

LINESTRING (384563.395095 6672598.535579, 384555.015438 6672596.726848)

LINESTRING (384563.395095 6672598.535579, 384569.297941 6672599.798305)

LINESTRING (384563.395095 6672598.535579, 384562.793708 6672601.474372, 384553.664886 6672641.068488)

LINESTRING (384569.297941 6672599.798305, 384569.915487 6672596.491238)

LINESTRING (384569.297941 6672599.798305, 384563.395095 6672598.535579)

LINESTRING (384569.297941 6672599.798305, 384567.455353 6672604.224991, 384566.678431 6672607.759970)

LINESTRING (384569.297941 6672599.798305, 384580.063261 6672601.375862, 384583.440050 6672603.877238)

LINESTRING (384553.664886 6672641.068488, 384546.206812 6672673.421816)

LINESTRING (384553.664886 6672641.068488, 384558.991178 6672642.360514)

LINESTRING (384569.915487 6672596.491238, 384564.234229 6672594.508284)

LINESTRING (384569.915487 6672596.491238, 384569.297941 6672599.798305)

LINESTRING (384569.915487 6672596.491238, 384571.470858 6672591.583251)

LINESTRING (384566.678431 6672607.759970, 384568.164706 6672608.058602)

LINESTRING (384566.678431 6672607.759970, 384566.275261 6672609.589217, 384565.989068 6672610.902135)

LINESTRING (384566.678431 6672607.759970, 384567.455353 6672604.224991, 384569.297941 6672599.798305)

LINESTRING (384583.440050 6672603.877238, 384581.875457 6672605.497908)

LINESTRING (384583.440050 6672603.877238, 384580.063261 6672601.375862, 384569.297941 6672599.798305)

LINESTRING (384583.440050 6672603.877238, 384585.787988 6672605.619786, 384586.617223 6672606.563218)

LINESTRING (384460.567166 6672625.738615, 384455.705815 6672624.755251)

LINESTRING (384460.567166 6672625.738615, 384453.555938 6672656.216946)

LINESTRING (384460.567166 6672625.738615, 384467.237326 6672596.764418)

LINESTRING (384551.013594 6672550.971420, 384558.361114 6672517.741197)

LINESTRING (384551.013594 6672550.971420, 384543.952154 6672580.414687)

LINESTRING (384551.013594 6672550.971420, 384552.279361 6672551.143264, 384556.346128 6672551.928917)

LINESTRING (384558.361114 6672517.741197, 384563.806733 6672518.762009)

LINESTRING (384558.361114 6672517.741197, 384565.564572 6672484.515537)

LINESTRING (384558.361114 6672517.741197, 384551.013594 6672550.971420)

LINESTRING (384558.361114 6672517.741197, 384557.265179 6672517.497130, 384554.769926 6672516.895972)

LINESTRING (384543.952154 6672580.414687, 384489.473675 6672569.126947)

LINESTRING (384543.952154 6672580.414687, 384551.013594 6672550.971420)

LINESTRING (384543.952154 6672580.414687, 384542.775694 6672581.666517, 384541.825716 6672585.875622)

LINESTRING (384556.346128 6672551.928917, 384558.792139 6672552.553916, 384559.675184 6672552.737827, 384563.124510 6672553.487226, 384566.121045 6672554.139456, 384567.798034 6672554.498945, 384572.606079 6672555.551007)

LINESTRING (384556.346128 6672551.928917, 384552.279361 6672551.143264, 384551.013594 6672550.971420)

LINESTRING (384556.346128 6672551.928917, 384557.292830 6672548.143407, 384563.806733 6672518.762009)

LINESTRING (384572.606079 6672555.551007, 384577.436308 6672556.602376)

LINESTRING (384572.606079 6672555.551007, 384571.526352 6672561.458143)

LINESTRING (384572.606079 6672555.551007, 384567.798034 6672554.498945, 384566.121045 6672554.139456, 384563.124510 6672553.487226, 384559.675184 6672552.737827, 384558.792139 6672552.553916, 384556.346128 6672551.928917)

LINESTRING (384563.806733 6672518.762009, 384558.361114 6672517.741197)

LINESTRING (384563.806733 6672518.762009, 384570.885843 6672488.460117, 384572.212599 6672482.990973)

LINESTRING (384577.436308 6672556.602376, 384583.434772 6672531.650450)

LINESTRING (384577.436308 6672556.602376, 384572.606079 6672555.551007)

LINESTRING (384577.436308 6672556.602376, 384576.324293 6672561.485242, 384577.310729 6672567.416417)

LINESTRING (384571.526352 6672561.458143, 384573.297885 6672567.988661, 384575.861830 6672573.413198)

LINESTRING (384571.526352 6672561.458143, 384569.718439 6672569.628259, 384568.731421 6672574.072556, 384565.494932 6672588.706884)

LINESTRING (384583.434772 6672531.650450, 384577.436308 6672556.602376)

LINESTRING (384583.434772 6672531.650450, 384594.145707 6672487.091902)

LINESTRING (384583.434772 6672531.650450, 384585.220950 6672531.950784)

LINESTRING (384583.434772 6672531.650450, 384582.552777 6672531.499934, 384578.449623 6672530.793409)

LINESTRING (384577.310729 6672567.416417, 384575.861830 6672573.413198)

LINESTRING (384577.310729 6672567.416417, 384671.963395 6672675.120880)

LINESTRING (384577.310729 6672567.416417, 384576.324293 6672561.485242, 384577.436308 6672556.602376)

LINESTRING (384489.473675 6672569.126947, 384543.952154 6672580.414687)

LINESTRING (384489.473675 6672569.126947, 384488.295436 6672574.546866)

LINESTRING (384489.473675 6672569.126947, 384488.112783 6672560.833837, 384486.297566 6672554.683643, 384483.827210 6672549.590544, 384479.170458 6672543.830876, 384486.625062 6672511.198905)

LINESTRING (384486.625062 6672511.198905, 384497.494917 6672463.614878)

LINESTRING (384486.625062 6672511.198905, 384493.461830 6672512.844404)

LINESTRING (384486.625062 6672511.198905, 384479.170458 6672543.830876, 384483.827210 6672549.590544, 384486.297566 6672554.683643, 384488.112783 6672560.833837, 384489.473675 6672569.126947)

LINESTRING (384499.554804 6672454.634380, 384497.494917 6672463.614878)

LINESTRING (384499.554804 6672454.634380, 384503.249612 6672438.514474)

LINESTRING (384499.554804 6672454.634380, 384509.405847 6672456.608347, 384509.261910 6672457.326128, 384507.402810 6672465.631624)

LINESTRING (384507.402810 6672465.631624, 384509.261910 6672457.326128, 384509.405847 6672456.608347, 384499.554804 6672454.634380)

LINESTRING (384507.402810 6672465.631624, 384524.279875 6672469.089180, 384525.598400 6672469.348508)

LINESTRING (384507.402810 6672465.631624, 384499.249610 6672463.971887, 384497.494917 6672463.614878)

LINESTRING (384526.864959 6672335.519824, 384529.420804 6672326.590582)

LINESTRING (384526.864959 6672335.519824, 384522.315722 6672355.366580)

LINESTRING (384526.864959 6672335.519824, 384521.561664 6672334.795468)

LINESTRING (384526.864959 6672335.519824, 384577.740223 6672341.605916)

LINESTRING (384529.420804 6672326.590582, 384522.549022 6672325.781938)

LINESTRING (384529.420804 6672326.590582, 384526.864959 6672335.519824)

LINESTRING (384529.420804 6672326.590582, 384530.284165 6672319.631536)

LINESTRING (384529.420804 6672326.590582, 384557.812614 6672330.342848, 384563.813845 6672331.190138, 384592.380753 6672335.215760, 384597.511655 6672335.756195)

LINESTRING (384522.315722 6672355.366580, 384520.680376 6672362.494845)

LINESTRING (384522.315722 6672355.366580, 384526.864959 6672335.519824)

LINESTRING (384522.315722 6672355.366580, 384528.646508 6672356.805219)

LINESTRING (384521.561664 6672334.795468, 384522.549022 6672325.781938)

LINESTRING (384521.561664 6672334.795468, 384516.563384 6672333.883191)

LINESTRING (384521.561664 6672334.795468, 384526.864959 6672335.519824)

LINESTRING (384521.561664 6672334.795468, 384521.123642 6672337.985437, 384515.747574 6672361.368763)

LINESTRING (384577.740223 6672341.605916, 384526.864959 6672335.519824)

LINESTRING (384577.740223 6672341.605916, 384596.156922 6672343.689121)

LINESTRING (384577.740223 6672341.605916, 384576.484082 6672347.908659, 384576.396515 6672348.301473, 384573.088806 6672363.328078)

LINESTRING (384215.431663 6672779.617646, 384225.342608 6672786.492491, 384257.004601 6672804.749303)

LINESTRING (384215.431663 6672779.617646, 384204.518735 6672763.881223, 384197.813959 6672754.988198)

LINESTRING (384257.004601 6672804.749303, 384269.337955 6672812.740158, 384274.387324 6672817.394998)

LINESTRING (384257.004601 6672804.749303, 384225.342608 6672786.492491, 384215.431663 6672779.617646)

LINESTRING (384257.004601 6672804.749303, 384251.044857 6672797.816356, 384228.143630 6672774.289909, 384221.429512 6672765.274550, 384219.368715 6672760.324692)

LINESTRING (384197.813959 6672754.988198, 384204.518735 6672763.881223, 384215.431663 6672779.617646)

LINESTRING (384197.813959 6672754.988198, 384215.201026 6672759.152554, 384219.368715 6672760.324692)

LINESTRING (384197.813959 6672754.988198, 384186.110391 6672753.229700, 384175.501470 6672752.729378, 384159.518179 6672753.279493)

LINESTRING (385000.904847 6672093.584170, 385012.780984 6672101.146127)

LINESTRING (385000.904847 6672093.584170, 384997.714068 6672095.066243, 384991.296313 6672102.890472, 384989.985235 6672104.993342)

LINESTRING (384989.985235 6672104.993342, 384987.442449 6672109.074003)

LINESTRING (384989.985235 6672104.993342, 385000.267817 6672110.967072)

LINESTRING (384987.442449 6672109.074003, 384980.743122 6672105.807315)

LINESTRING (384987.442449 6672109.074003, 384985.187202 6672112.231800, 384982.642827 6672114.139365)

LINESTRING (384982.642827 6672114.139365, 384977.250980 6672120.326622)

LINESTRING (384982.642827 6672114.139365, 385018.062575 6672135.137774)

LINESTRING (384949.664559 6672156.743473, 384943.464488 6672153.282865)

LINESTRING (384949.664559 6672156.743473, 384947.594709 6672158.023221, 384943.099404 6672163.580578, 384936.867890 6672166.896741)

LINESTRING (384949.664559 6672156.743473, 384950.009047 6672160.109395, 384944.037256 6672171.341029, 384942.784756 6672173.185757)

LINESTRING (385018.062575 6672135.137774, 384982.642827 6672114.139365)

LINESTRING (385018.062575 6672135.137774, 385069.066880 6672165.465660)

LINESTRING (385018.062575 6672135.137774, 385021.837704 6672128.745005)

LINESTRING (385018.062575 6672135.137774, 385016.190784 6672138.305804)

LINESTRING (385020.715445 6672262.635051, 385012.644561 6672274.567695)

LINESTRING (385020.715445 6672262.635051, 385020.852472 6672264.346981, 385021.067732 6672266.959147, 385022.163063 6672270.190059, 385023.756621 6672272.134877)

LINESTRING (385020.715445 6672262.635051, 385025.384650 6672255.188934, 385055.488727 6672207.170383, 385059.756055 6672200.361010, 385076.034722 6672173.226393)

LINESTRING (385068.451316 6672169.207186, 385051.006321 6672197.570885)

LINESTRING (385068.451316 6672169.207186, 385069.468673 6672166.768086, 385069.066880 6672165.465660)

LINESTRING (385068.451316 6672169.207186, 385074.492726 6672172.394369, 385076.034722 6672173.226393)

LINESTRING (385083.372286 6672177.197606, 385082.811871 6672178.095590)

LINESTRING (385083.372286 6672177.197606, 385084.923707 6672175.321261)

LINESTRING (385083.372286 6672177.197606, 385077.102365 6672173.805835, 385076.034722 6672173.226393)

LINESTRING (384966.621972 6672107.565777, 384970.529412 6672102.205223)

LINESTRING (384966.621972 6672107.565777, 384963.005954 6672104.347172, 384942.674231 6672092.236588, 384858.793852 6672044.042756)

LINESTRING (384939.838770 6672110.156629, 384936.269782 6672124.522375)

LINESTRING (384939.838770 6672110.156629, 384931.819273 6672107.466426, 384898.116783 6672095.374929)

LINESTRING (384939.838770 6672110.156629, 384944.574398 6672111.010874, 384965.145167 6672110.933173)

LINESTRING (384942.125671 6672128.160950, 384936.269782 6672124.522375)

LINESTRING (384942.125671 6672128.160950, 384950.366009 6672127.099732, 384953.681135 6672125.335101, 384955.822934 6672123.339859, 384963.873778 6672113.592024, 384965.145167 6672110.933173)

LINESTRING (384936.269782 6672124.522375, 384939.838770 6672110.156629)

LINESTRING (384936.269782 6672124.522375, 384942.125671 6672128.160950)

LINESTRING (384936.269782 6672124.522375, 384932.410777 6672131.775988)

LINESTRING (384936.269782 6672124.522375, 384932.056339 6672121.199978, 384926.625896 6672121.560024, 384924.914965 6672121.892382)

LINESTRING (384938.112239 6672134.917911, 384942.216127 6672137.051309)

LINESTRING (384938.112239 6672134.917911, 384942.125671 6672128.160950)

LINESTRING (384938.112239 6672134.917911, 384934.153625 6672132.813388, 384932.410777 6672131.775988)

LINESTRING (384942.216127 6672137.051309, 384938.112239 6672134.917911)

LINESTRING (384942.216127 6672137.051309, 384943.789034 6672135.330249, 384945.806921 6672134.163576, 384948.078777 6672133.657588, 384950.401100 6672133.874400, 384952.550247 6672134.765315, 384954.324416 6672136.269803)

LINESTRING (384932.410777 6672131.775988, 384936.269782 6672124.522375)

LINESTRING (384932.410777 6672131.775988, 384934.153625 6672132.813388, 384938.112239 6672134.917911)

LINESTRING (384932.410777 6672131.775988, 384928.114119 6672129.693234, 384926.392904 6672129.167799, 384924.693324 6672129.154325, 384901.312953 6672133.120768)

LINESTRING (384935.282883 6672143.131027, 384923.086402 6672137.039295, 384867.980478 6672146.048183)

LINESTRING (384935.282883 6672143.131027, 384935.292758 6672139.909996, 384938.112239 6672134.917911)

LINESTRING (384936.800880 6672149.914838, 384943.464488 6672153.282865)

LINESTRING (384936.800880 6672149.914838, 384874.673533 6672242.749271, 384849.758641 6672277.890547)

LINESTRING (384936.800880 6672149.914838, 384936.119141 6672146.949563, 384935.282883 6672143.131027)

LINESTRING (384943.464488 6672153.282865, 384946.144984 6672148.462317)

LINESTRING (384943.464488 6672153.282865, 384949.664559 6672156.743473)

LINESTRING (384943.464488 6672153.282865, 384936.800880 6672149.914838)

LINESTRING (384943.464488 6672153.282865, 384941.951499 6672156.027324, 384936.867890 6672166.896741)

LINESTRING (384849.758641 6672277.890547, 384847.203318 6672283.153015)

LINESTRING (384849.758641 6672277.890547, 384839.058417 6672279.820596)

LINESTRING (384849.758641 6672277.890547, 384874.673533 6672242.749271, 384936.800880 6672149.914838)

LINESTRING (384998.154086 6672065.040685, 385002.394251 6672060.193509)

LINESTRING (384998.154086 6672065.040685, 384997.219254 6672072.937947)

LINESTRING (384998.154086 6672065.040685, 384996.342729 6672063.236445)

LINESTRING (385002.394251 6672060.193509, 385005.346032 6672056.757538)

LINESTRING (385002.394251 6672060.193509, 384998.154086 6672065.040685)

LINESTRING (385002.394251 6672060.193509, 385000.531265 6672058.513475, 384996.126572 6672054.405760)

LINESTRING (384997.219254 6672072.937947, 384998.154086 6672065.040685)

LINESTRING (384997.219254 6672072.937947, 385002.744456 6672076.832177)

LINESTRING (384997.219254 6672072.937947, 384991.551224 6672080.058831)

LINESTRING (384997.219254 6672072.937947, 385000.682870 6672069.887100, 385009.265410 6672068.224627)

LINESTRING (384996.342729 6672063.236445, 384998.154086 6672065.040685)

LINESTRING (385010.120607 6672082.908325, 385005.458169 6672089.161794)

LINESTRING (385010.120607 6672082.908325, 385002.744456 6672076.832177)

LINESTRING (385010.120607 6672082.908325, 385014.432088 6672088.824367, 385079.044504 6672127.038955, 385087.801917 6672130.954491)

LINESTRING (385087.801917 6672130.954491, 385085.339543 6672135.300022)

LINESTRING (385087.801917 6672130.954491, 385079.044504 6672127.038955, 385014.432088 6672088.824367, 385010.120607 6672082.908325)

LINESTRING (385085.339543 6672135.300022, 385087.801917 6672130.954491)

LINESTRING (385085.339543 6672135.300022, 385082.714290 6672139.940418)

LINESTRING (385019.576576 6672071.745759, 385011.647992 6672065.230015)

LINESTRING (385019.576576 6672071.745759, 385010.120607 6672082.908325)

LINESTRING (384721.749062 6672606.887647, 384727.000365 6672607.914810)

LINESTRING (384721.749062 6672606.887647, 384718.352547 6672606.225594, 384715.548526 6672605.689771, 384692.685731 6672601.305378, 384648.337201 6672549.710261, 384649.448710 6672544.103051)

LINESTRING (384721.749062 6672606.887647, 384720.848410 6672611.964408, 384720.428525 6672613.794162)

LINESTRING (384721.749062 6672606.887647, 384722.815114 6672600.891839, 384722.981441 6672599.649575)

LINESTRING (384727.000365 6672607.914810, 384728.367724 6672598.967400)

LINESTRING (384727.000365 6672607.914810, 384721.749062 6672606.887647)

LINESTRING (384727.000365 6672607.914810, 384731.497967 6672608.809681, 384734.408770 6672609.386733, 384738.945195 6672610.280391)

LINESTRING (384649.448710 6672544.103051, 384656.731332 6672545.277885)

LINESTRING (384649.448710 6672544.103051, 384650.604629 6672537.614034)

LINESTRING (384649.448710 6672544.103051, 384648.337201 6672549.710261, 384692.685731 6672601.305378, 384715.548526 6672605.689771, 384718.352547 6672606.225594, 384721.749062 6672606.887647)

LINESTRING (384720.428525 6672613.794162, 384721.815039 6672617.450460)

LINESTRING (384720.428525 6672613.794162, 384689.248422 6672607.988797, 384640.833010 6672552.253510, 384649.487163 6672503.190725, 384650.778009 6672495.872774)

LINESTRING (384720.428525 6672613.794162, 384720.848410 6672611.964408, 384721.749062 6672606.887647)

LINESTRING (384722.981441 6672599.649575, 384723.398647 6672598.087372)

LINESTRING (384722.981441 6672599.649575, 384696.143137 6672594.554463, 384656.640219 6672548.378900, 384656.731332 6672545.277885)

LINESTRING (384722.981441 6672599.649575, 384722.815114 6672600.891839, 384721.749062 6672606.887647)

LINESTRING (384737.951465 6672830.257514, 384742.277021 6672829.575297)

LINESTRING (384737.951465 6672830.257514, 384733.841163 6672830.899527, 384731.769725 6672831.232193, 384728.631712 6672831.721020, 384726.677097 6672832.061156, 384722.631952 6672832.656554)

LINESTRING (384737.951465 6672830.257514, 384740.981912 6672843.814024, 384741.260347 6672845.075722, 384746.107455 6672873.842888, 384747.380298 6672882.005107)

LINESTRING (384742.277021 6672829.575297, 384737.951465 6672830.257514)

LINESTRING (384742.277021 6672829.575297, 384750.837995 6672828.169138)

LINESTRING (384742.277021 6672829.575297, 384738.189449 6672805.186267, 384731.378442 6672764.121783)

LINESTRING (384742.277021 6672829.575297, 384746.122690 6672842.927843, 384752.970254 6672841.765068)

LINESTRING (384722.631952 6672832.656554, 384717.554915 6672833.451606)

LINESTRING (384722.631952 6672832.656554, 384726.677097 6672832.061156, 384728.631712 6672831.721020, 384731.769725 6672831.232193, 384733.841163 6672830.899527, 384737.951465 6672830.257514)

LINESTRING (384722.631952 6672832.656554, 384716.457635 6672791.716926, 384713.690786 6672774.897967, 384712.275228 6672767.319758)

LINESTRING (384747.380298 6672882.005107, 384747.932015 6672889.833402)

LINESTRING (384747.380298 6672882.005107, 384752.145071 6672883.638256, 384754.137442 6672884.322230)

LINESTRING (384747.380298 6672882.005107, 384742.115953 6672880.198233, 384739.470058 6672879.211648, 384736.110744 6672878.136075, 384733.905159 6672877.380812, 384729.448914 6672875.849419)

LINESTRING (384717.554915 6672833.451606, 384722.631952 6672832.656554)

LINESTRING (384717.554915 6672833.451606, 384713.736353 6672807.560778)

LINESTRING (384717.554915 6672833.451606, 384721.288691 6672860.883033, 384721.127289 6672862.281164, 384720.650805 6672863.722647)

LINESTRING (384712.275228 6672767.319758, 384707.453934 6672768.129058)

LINESTRING (384712.275228 6672767.319758, 384710.275293 6672751.936576)

LINESTRING (384712.275228 6672767.319758, 384718.184601 6672766.331336, 384720.912938 6672765.877686, 384726.142916 6672764.999818)

LINESTRING (384750.837995 6672828.169138, 384752.970254 6672841.765068)

LINESTRING (384750.837995 6672828.169138, 384742.277021 6672829.575297)

LINESTRING (384750.837995 6672828.169138, 384771.684136 6672824.793921)

LINESTRING (384731.378442 6672764.121783, 384731.212907 6672757.451497)

LINESTRING (384731.378442 6672764.121783, 384726.142916 6672764.999818)

LINESTRING (384731.378442 6672764.121783, 384738.189449 6672805.186267, 384742.277021 6672829.575297)

LINESTRING (384752.970254 6672841.765068, 384754.247352 6672850.239198)

LINESTRING (384752.970254 6672841.765068, 384750.837995 6672828.169138)

LINESTRING (384752.970254 6672841.765068, 384770.951767 6672838.747461)

LINESTRING (384752.970254 6672841.765068, 384746.122690 6672842.927843, 384742.277021 6672829.575297)

LINESTRING (384754.247352 6672850.239198, 384756.946920 6672869.690374)

LINESTRING (384754.247352 6672850.239198, 384752.970254 6672841.765068)

LINESTRING (384754.247352 6672850.239198, 384765.397171 6672854.535543)

LINESTRING (384770.951767 6672838.747461, 384783.269697 6672841.703212)

LINESTRING (384770.951767 6672838.747461, 384752.970254 6672841.765068)

LINESTRING (384770.951767 6672838.747461, 384770.735791 6672829.236942, 384771.684136 6672824.793921)

LINESTRING (384757.079028 6672885.355242, 384773.891684 6672892.482392)

LINESTRING (384757.079028 6672885.355242, 384754.137442 6672884.322230)

LINESTRING (384757.079028 6672885.355242, 384756.554297 6672892.849647)

LINESTRING (384936.867890 6672166.896741, 384936.059824 6672168.571490)

LINESTRING (384936.867890 6672166.896741, 384941.951499 6672156.027324, 384943.464488 6672153.282865)

LINESTRING (384936.867890 6672166.896741, 384935.612573 6672159.636616, 384937.175866 6672153.190645, 384936.800880 6672149.914838)

LINESTRING (384942.784756 6672173.185757, 384936.059824 6672168.571490)

LINESTRING (384942.784756 6672173.185757, 384902.800034 6672232.047167, 384873.175634 6672275.649961, 384869.560753 6672278.471665)

LINESTRING (384942.784756 6672173.185757, 384944.037256 6672171.341029, 384950.009047 6672160.109395, 384949.664559 6672156.743473)

LINESTRING (384942.784756 6672173.185757, 384944.645871 6672174.453478, 384956.682243 6672182.701165)

LINESTRING (385084.363137 6672967.356786, 385091.782838 6672969.040784)

LINESTRING (385084.363137 6672967.356786, 385081.124131 6672974.000171)

LINESTRING (385084.363137 6672967.356786, 385088.216326 6672959.055911)

LINESTRING (385088.129876 6672975.407399, 385086.026100 6672979.307076)

LINESTRING (385088.129876 6672975.407399, 385086.217758 6672974.977050, 385081.124131 6672974.000171)

LINESTRING (385088.129876 6672975.407399, 385089.803730 6672972.490773, 385091.782838 6672969.040784)

LINESTRING (385086.026100 6672979.307076, 385078.708364 6672994.492453)

LINESTRING (385086.026100 6672979.307076, 385088.129876 6672975.407399)

LINESTRING (385086.026100 6672979.307076, 385093.044016 6672980.925673, 385101.448606 6672983.214012, 385108.738569 6672984.656938)

LINESTRING (385010.201090 6672981.698467, 385013.239441 6672965.309992)

LINESTRING (385010.201090 6672981.698467, 384994.874437 6672978.903337)

LINESTRING (385010.201090 6672981.698467, 385063.964553 6672991.868201)

LINESTRING (385016.365617 6672951.894310, 385017.516689 6672946.297128)

LINESTRING (385016.365617 6672951.894310, 385069.651480 6672962.045707, 385076.101776 6672964.150152)

LINESTRING (385016.365617 6672951.894310, 385014.901250 6672959.005820, 385014.356699 6672961.641846, 385013.239441 6672965.309992)

LINESTRING (384907.050792 6672962.516518, 384900.535389 6672960.993921)

LINESTRING (384907.050792 6672962.516518, 384915.746192 6672964.160069)

LINESTRING (384907.050792 6672962.516518, 384910.965951 6672947.014222)

LINESTRING (384900.535389 6672960.993921, 384885.269850 6672958.030155)

LINESTRING (384900.535389 6672960.993921, 384907.050792 6672962.516518)

LINESTRING (384900.535389 6672960.993921, 384897.266568 6672944.424670)

LINESTRING (384900.535389 6672960.993921, 384899.875830 6672968.269645, 384898.554949 6672975.699889)

LINESTRING (384915.746192 6672964.160069, 384907.050792 6672962.516518)

LINESTRING (384915.746192 6672964.160069, 384994.874437 6672978.903337)

LINESTRING (384915.746192 6672964.160069, 384914.096153 6672971.009998, 384912.418899 6672978.406858)

LINESTRING (384757.848322 6672934.321813, 384804.428986 6672942.351238)

LINESTRING (384757.848322 6672934.321813, 384755.147926 6672917.489596)

LINESTRING (384757.848322 6672934.321813, 384758.956763 6672939.201611, 384760.094251 6672940.770608, 384761.606822 6672949.671962)

LINESTRING (384804.428986 6672942.351238, 384757.848322 6672934.321813)

LINESTRING (384804.428986 6672942.351238, 384830.748463 6672947.452206)

LINESTRING (384804.428986 6672942.351238, 384802.783358 6672932.217029, 384799.129780 6672925.667617)

LINESTRING (384761.606822 6672949.671962, 384755.808071 6672949.932459)

LINESTRING (384761.606822 6672949.671962, 384763.092999 6672958.440414)

LINESTRING (384761.606822 6672949.671962, 384760.094251 6672940.770608, 384758.956763 6672939.201611, 384757.848322 6672934.321813)

LINESTRING (384897.266568 6672944.424670, 384910.965951 6672947.014222)

LINESTRING (384897.266568 6672944.424670, 384888.431409 6672942.752121)

LINESTRING (384897.266568 6672944.424670, 384900.535389 6672960.993921)

LINESTRING (384914.505672 6672932.459859, 384915.544731 6672927.189346)

LINESTRING (384914.505672 6672932.459859, 384943.898424 6672938.022271)

LINESTRING (384914.505672 6672932.459859, 384912.698787 6672939.972236, 384912.198166 6672942.060824, 384910.965951 6672947.014222)

LINESTRING (384915.544731 6672927.189346, 384917.225657 6672927.504285)

LINESTRING (384915.544731 6672927.189346, 384815.966712 6672908.688865)

LINESTRING (384915.544731 6672927.189346, 384914.505672 6672932.459859)

LINESTRING (384943.898424 6672938.022271, 384946.742026 6672938.590447)

LINESTRING (384943.898424 6672938.022271, 384944.957608 6672932.684269)

LINESTRING (384992.130335 6672993.521779, 384991.042475 6672999.362163)

LINESTRING (384992.130335 6672993.521779, 384962.319361 6672987.882985)

LINESTRING (384992.130335 6672993.521779, 384993.379840 6672986.818202, 384994.874437 6672978.903337)

LINESTRING (385002.403396 6672943.406106, 385003.899037 6672935.346337)

LINESTRING (385002.403396 6672943.406106, 385001.219769 6672949.026605)

LINESTRING (385002.403396 6672943.406106, 385009.657760 6672944.771946)

LINESTRING (385002.403396 6672943.406106, 384994.367679 6672941.908797)

LINESTRING (385008.600284 6672950.343904, 385009.657760 6672944.771946)

LINESTRING (385008.600284 6672950.343904, 385016.365617 6672951.894310)

LINESTRING (385076.101776 6672964.150152, 385084.363137 6672967.356786)

LINESTRING (385076.101776 6672964.150152, 385077.413641 6672959.428350, 385077.948110 6672957.884799)

LINESTRING (385076.101776 6672964.150152, 385074.062646 6672970.109514, 385073.354380 6672972.483203)

LINESTRING (385077.948110 6672957.884799, 385017.516689 6672946.297128)

LINESTRING (385077.948110 6672957.884799, 385081.401603 6672956.483674)

LINESTRING (385077.948110 6672957.884799, 385077.413641 6672959.428350, 385076.101776 6672964.150152)

LINESTRING (384994.738156 6672994.008240, 384992.130335 6672993.521779)

LINESTRING (384994.738156 6672994.008240, 384993.618065 6672999.883068)

LINESTRING (385052.669247 6673011.914837, 384993.618065 6672999.883068)

LINESTRING (385052.669247 6673011.914837, 385053.800475 6673009.929063, 385056.332151 6673005.514437)

LINESTRING (385052.669247 6673011.914837, 385055.185514 6673012.315058, 385061.191388 6673013.174111)

LINESTRING (384523.784671 6672855.381691, 384517.166848 6672883.897228)

LINESTRING (384523.784671 6672855.381691, 384557.328510 6672862.961034, 384552.290287 6672884.884924)

LINESTRING (384523.784671 6672855.381691, 384525.509804 6672847.236438, 384526.568210 6672842.243794)

LINESTRING (384517.166848 6672883.897228, 384534.001219 6672887.645852)

LINESTRING (384517.166848 6672883.897228, 384523.784671 6672855.381691)

LINESTRING (384517.166848 6672883.897228, 384515.917592 6672890.054915)

LINESTRING (384552.290287 6672884.884924, 384551.235515 6672889.465102)

LINESTRING (384552.290287 6672884.884924, 384557.328510 6672862.961034, 384523.784671 6672855.381691)

LINESTRING (384552.290287 6672884.884924, 384564.379055 6672887.613133, 384563.346805 6672892.203741)

LINESTRING (384526.568210 6672842.243794, 384514.645090 6672839.844812)

LINESTRING (384526.568210 6672842.243794, 384525.509804 6672847.236438, 384523.784671 6672855.381691)

LINESTRING (384526.568210 6672842.243794, 384622.789405 6672864.386235, 384629.976050 6672874.869602)

LINESTRING (384608.308938 6672872.264669, 384629.976050 6672874.869602)

LINESTRING (384629.976050 6672874.869602, 384635.601472 6672876.152299)

LINESTRING (384629.976050 6672874.869602, 384608.308938 6672872.264669)

LINESTRING (384629.976050 6672874.869602, 384622.789405 6672864.386235, 384526.568210 6672842.243794)

LINESTRING (384629.976050 6672874.869602, 384634.676220 6672860.880166, 384636.380866 6672858.597583)

LINESTRING (384708.449454 6672882.985381, 384728.036836 6672890.426168)

LINESTRING (384708.449454 6672882.985381, 384705.216044 6672892.080715)

LINESTRING (384708.449454 6672882.985381, 384671.436253 6672868.526390, 384636.380866 6672858.597583)

LINESTRING (384728.036836 6672890.426168, 384708.449454 6672882.985381)

LINESTRING (384728.036836 6672890.426168, 384733.046812 6672892.441628)

LINESTRING (384728.036836 6672890.426168, 384732.292011 6672921.373967)

LINESTRING (384728.036836 6672890.426168, 384725.402231 6672886.976325, 384725.281472 6672881.552802)

LINESTRING (384705.216044 6672892.080715, 384698.042875 6672915.342051)

LINESTRING (384705.216044 6672892.080715, 384708.449454 6672882.985381)

LINESTRING (384705.216044 6672892.080715, 384635.601472 6672876.152299)

LINESTRING (384725.281472 6672881.552802, 384731.157901 6672884.109349)

LINESTRING (384725.281472 6672881.552802, 384724.838362 6672874.178011)

LINESTRING (384725.281472 6672881.552802, 384725.402231 6672886.976325, 384728.036836 6672890.426168)

LINESTRING (384724.838362 6672874.178011, 384729.448914 6672875.849419)

LINESTRING (384724.838362 6672874.178011, 384723.177983 6672869.226440)

LINESTRING (384724.838362 6672874.178011, 384725.281472 6672881.552802)

LINESTRING (385089.288146 6672168.241416, 385084.923707 6672175.321261)

LINESTRING (385089.288146 6672168.241416, 385091.540524 6672164.459692)

LINESTRING (385089.288146 6672168.241416, 385083.095446 6672164.479450, 385081.521869 6672163.525826)

LINESTRING (385084.923707 6672175.321261, 385089.288146 6672168.241416)

LINESTRING (385084.923707 6672175.321261, 385083.372286 6672177.197606)

LINESTRING (385091.540524 6672164.459692, 385089.288146 6672168.241416)

LINESTRING (384936.059824 6672168.571490, 384936.867890 6672166.896741)

LINESTRING (384936.059824 6672168.571490, 384942.784756 6672173.185757)

LINESTRING (384936.059824 6672168.571490, 384935.413134 6672169.550220, 384919.987754 6672192.000351)

LINESTRING (384380.509459 6672317.524731, 384386.272793 6672318.044909)

LINESTRING (384380.509459 6672317.524731, 384379.441007 6672316.042814)

LINESTRING (384380.509459 6672317.524731, 384377.178503 6672341.289516, 384374.485827 6672356.074030, 384370.911146 6672369.125571, 384363.676444 6672388.477830)

LINESTRING (384390.800112 6672318.459232, 384386.272793 6672318.044909)

LINESTRING (384390.800112 6672318.459232, 384386.785273 6672340.261882, 384383.049105 6672357.698268, 384379.814717 6672370.449302, 384377.911308 6672375.936728, 384371.218625 6672394.870661)

LINESTRING (384390.800112 6672318.459232, 384392.065666 6672317.917787, 384393.118476 6672317.672814)

LINESTRING (384312.109998 6672579.004612, 384313.637365 6672586.579169)

LINESTRING (384312.109998 6672579.004612, 384316.984243 6672577.580182)

LINESTRING (384312.109998 6672579.004612, 384311.458424 6672572.438823, 384309.461574 6672561.602628, 384312.703430 6672548.750975, 384315.940782 6672523.451120, 384319.732361 6672503.215633, 384320.588951 6672488.321886, 384321.513349 6672482.430710, 384324.308966 6672474.608169, 384328.536222 6672466.406083, 384330.445867 6672460.416928, 384331.972283 6672455.654622)

LINESTRING (384312.109998 6672579.004612, 384306.748114 6672579.931807, 384291.689931 6672582.547248, 384253.462924 6672588.513848)

LINESTRING (384331.972283 6672455.654622, 384336.460304 6672456.939378)

LINESTRING (384331.972283 6672455.654622, 384333.657416 6672451.522538, 384339.923536 6672436.145925, 384350.942045 6672415.125054, 384363.676444 6672388.477830)

LINESTRING (384331.972283 6672455.654622, 384330.445867 6672460.416928, 384328.536222 6672466.406083, 384324.308966 6672474.608169, 384321.513349 6672482.430710, 384320.588951 6672488.321886, 384319.732361 6672503.215633, 384315.940782 6672523.451120, 384312.703430 6672548.750975, 384309.461574 6672561.602628, 384311.458424 6672572.438823, 384312.109998 6672579.004612)

LINESTRING (384331.972283 6672455.654622, 384320.460065 6672451.894760, 384316.061405 6672450.451178)

LINESTRING (384379.441007 6672316.042814, 384380.509459 6672317.524731)

LINESTRING (384379.441007 6672316.042814, 384374.584889 6672308.027235)

LINESTRING (384379.441007 6672316.042814, 384362.013668 6672326.489233, 384280.410680 6672378.960143)

LINESTRING (384288.852078 6672391.665594, 384280.410680 6672378.960143)

LINESTRING (384288.852078 6672391.665594, 384307.544894 6672419.716330, 384311.438158 6672429.768235, 384316.061405 6672450.451178)

LINESTRING (384288.852078 6672391.665594, 384293.473660 6672389.090103, 384299.657458 6672386.576713, 384305.534470 6672384.897714, 384311.691455 6672383.644515, 384318.020752 6672382.397028, 384333.546079 6672381.360635, 384346.944309 6672381.539349, 384353.806311 6672383.094648, 384359.468717 6672385.345355, 384363.676444 6672388.477830)

LINESTRING (384334.595152 6672649.462870, 384330.079209 6672649.572063)

LINESTRING (384334.595152 6672649.462870, 384330.583855 6672627.579272)

LINESTRING (384334.595152 6672649.462870, 384341.639359 6672652.583738, 384346.751642 6672666.787486)

LINESTRING (384334.595152 6672649.462870, 384336.295268 6672658.993402, 384337.483127 6672665.664845)

LINESTRING (384330.343118 6672626.461286, 384330.583855 6672627.579272)

LINESTRING (384330.343118 6672626.461286, 384360.429225 6672615.358604, 384365.117857 6672615.266287)

LINESTRING (384330.343118 6672626.461286, 384327.329245 6672611.021114, 384322.450692 6672584.885446)

LINESTRING (384346.751642 6672666.787486, 384348.344485 6672671.339842)

LINESTRING (384346.751642 6672666.787486, 384341.639359 6672652.583738, 384334.595152 6672649.462870)

LINESTRING (384346.751642 6672666.787486, 384351.842139 6672667.819191, 384356.333880 6672667.120132, 384358.500653 6672665.056858)

LINESTRING (384337.483127 6672665.664845, 384333.194226 6672666.457821)

LINESTRING (384337.483127 6672665.664845, 384338.959867 6672671.814520, 384340.869036 6672678.296018, 384344.108761 6672682.606907, 384348.299267 6672685.907062, 384369.689890 6672708.022020, 384379.676572 6672722.751719)

LINESTRING (384337.483127 6672665.664845, 384336.295268 6672658.993402, 384334.595152 6672649.462870)

LINESTRING (384386.731769 6672785.316783, 384382.253300 6672784.321436)

LINESTRING (384386.731769 6672785.316783, 384388.070271 6672785.508560)

LINESTRING (384386.731769 6672785.316783, 384387.956821 6672774.880342)

LINESTRING (384388.070271 6672785.508560, 384386.652249 6672792.997815)

LINESTRING (384388.070271 6672785.508560, 384485.592442 6672806.748305)

LINESTRING (384388.070271 6672785.508560, 384386.731769 6672785.316783)

LINESTRING (384387.956821 6672774.880342, 384386.731769 6672785.316783)

LINESTRING (384387.956821 6672774.880342, 384388.425510 6672770.909268, 384388.147096 6672757.165814, 384384.550500 6672733.809158, 384379.676572 6672722.751719)

LINESTRING (384387.956821 6672774.880342, 384390.339500 6672772.799124, 384393.674530 6672768.525822, 384395.745643 6672766.599320, 384399.506188 6672767.539335, 384400.528581 6672764.576074)

LINESTRING (384377.020096 6672783.160467, 384317.399550 6672768.605242)

LINESTRING (384377.020096 6672783.160467, 384382.253300 6672784.321436)

LINESTRING (384377.020096 6672783.160467, 384378.239335 6672775.354295, 384377.841943 6672763.119096, 384376.075751 6672756.766803, 384374.724337 6672743.681314, 384366.043440 6672721.599643, 384355.622907 6672708.956545, 384338.297695 6672691.984596, 384332.734930 6672682.854667)

LINESTRING (384375.001669 6672723.802013, 384379.676572 6672722.751719)

LINESTRING (384375.001669 6672723.802013, 384370.689955 6672716.660823, 384366.060749 6672709.663395, 384359.513386 6672701.701251, 384348.845308 6672692.297876, 384343.491524 6672687.674834, 384338.765649 6672682.541613, 384336.526170 6672679.313583)

LINESTRING (384375.001669 6672723.802013, 384379.646211 6672735.858544, 384382.327660 6672746.405688, 384383.944943 6672754.724108, 384384.649374 6672762.792735, 384383.997195 6672774.492702, 384382.253300 6672784.321436)

LINESTRING (384317.399550 6672768.605242, 384377.020096 6672783.160467)

LINESTRING (384317.399550 6672768.605242, 384315.899199 6672775.417319)

LINESTRING (384317.399550 6672768.605242, 384223.641675 6672746.738236, 384212.831343 6672744.082146)

LINESTRING (384317.399550 6672768.605242, 384319.434139 6672763.414525, 384322.663277 6672755.087919, 384330.292559 6672722.071114)

LINESTRING (384212.831343 6672744.082146, 384214.841581 6672739.705682)

LINESTRING (384212.831343 6672744.082146, 384223.641675 6672746.738236, 384317.399550 6672768.605242)

LINESTRING (384212.831343 6672744.082146, 384197.423375 6672741.582610, 384187.702818 6672740.909282)

LINESTRING (384330.292559 6672722.071114, 384322.994679 6672720.407063)

LINESTRING (384330.292559 6672722.071114, 384332.367002 6672712.867145, 384332.566966 6672710.409051)

LINESTRING (384330.292559 6672722.071114, 384322.663277 6672755.087919, 384319.434139 6672763.414525, 384317.399550 6672768.605242)

LINESTRING (384340.802346 6672458.173027, 384336.460304 6672456.939378)

LINESTRING (384340.802346 6672458.173027, 384346.519297 6672459.340977, 384365.987550 6672458.514537)

LINESTRING (384340.802346 6672458.173027, 384327.474523 6672504.341874, 384322.509529 6672534.187493, 384320.696085 6672555.174043, 384321.113368 6672576.647360)

LINESTRING (384340.802346 6672458.173027, 384343.580995 6672449.459484, 384345.912588 6672443.468159, 384353.989286 6672427.577480, 384367.412990 6672402.011802, 384371.218625 6672394.870661)

LINESTRING (384393.118476 6672317.672814, 384395.679736 6672309.980326)

LINESTRING (384393.118476 6672317.672814, 384410.847550 6672320.478900)

LINESTRING (384393.118476 6672317.672814, 384392.065666 6672317.917787, 384390.800112 6672318.459232)

LINESTRING (384410.847550 6672320.478900, 384393.118476 6672317.672814)

LINESTRING (384410.847550 6672320.478900, 384430.099718 6672323.515624)

LINESTRING (384410.847550 6672320.478900, 384408.011839 6672338.477493)

LINESTRING (384516.563384 6672333.883191, 384430.099718 6672323.515624)

LINESTRING (384516.563384 6672333.883191, 384521.561664 6672334.795468)

LINESTRING (384516.563384 6672333.883191, 384488.050417 6672461.327223)

LINESTRING (384516.563384 6672333.883191, 384517.934316 6672325.236476)

LINESTRING (384430.099718 6672323.515624, 384410.847550 6672320.478900)

LINESTRING (384430.099718 6672323.515624, 384516.563384 6672333.883191)

LINESTRING (384430.099718 6672323.515624, 384425.368463 6672345.496850, 384417.768665 6672380.563013, 384411.641701 6672407.224394, 384408.571736 6672412.871207)

LINESTRING (384517.934316 6672325.236476, 384522.549022 6672325.781938)

LINESTRING (384517.934316 6672325.236476, 384516.563384 6672333.883191)

LINESTRING (384517.934316 6672325.236476, 384518.987521 6672317.959398)

LINESTRING (384517.934316 6672325.236476, 384440.856368 6672316.166395, 384395.679736 6672309.980326)

LINESTRING (384522.549022 6672325.781938, 384521.561664 6672334.795468)

LINESTRING (384522.549022 6672325.781938, 384523.313226 6672318.848305)

LINESTRING (384522.549022 6672325.781938, 384517.934316 6672325.236476)

LINESTRING (384522.549022 6672325.781938, 384529.420804 6672326.590582)

LINESTRING (384515.747574 6672361.368763, 384514.849089 6672365.275350)

LINESTRING (384515.747574 6672361.368763, 384520.680376 6672362.494845)

LINESTRING (384515.747574 6672361.368763, 384521.123642 6672337.985437, 384521.561664 6672334.795468)

LINESTRING (384519.662699 6672201.824427, 384535.002006 6672191.868109)

LINESTRING (384519.662699 6672201.824427, 384390.651032 6672286.468266)

LINESTRING (384519.662699 6672201.824427, 384524.879818 6672209.672787)

LINESTRING (384401.120491 6672301.862629, 384395.782863 6672293.895653)

LINESTRING (384401.120491 6672301.862629, 384398.776437 6672303.418819)

LINESTRING (384401.120491 6672301.862629, 384517.145709 6672224.493513, 384529.107769 6672216.616205)

LINESTRING (384524.879818 6672209.672787, 384395.782863 6672293.895653)

LINESTRING (384524.879818 6672209.672787, 384530.786230 6672205.920377)

LINESTRING (384524.879818 6672209.672787, 384529.107769 6672216.616205)

LINESTRING (384524.879818 6672209.672787, 384519.662699 6672201.824427)

LINESTRING (384398.776437 6672303.418819, 384498.273173 6672315.213494)

LINESTRING (384398.776437 6672303.418819, 384395.679736 6672309.980326)

LINESTRING (384398.776437 6672303.418819, 384401.120491 6672301.862629)

LINESTRING (384498.273173 6672315.213494, 384499.506592 6672302.559116)

LINESTRING (384498.273173 6672315.213494, 384398.776437 6672303.418819)

LINESTRING (384498.273173 6672315.213494, 384518.987521 6672317.959398)

LINESTRING (384280.410680 6672378.960143, 384288.852078 6672391.665594)

LINESTRING (384280.410680 6672378.960143, 384275.453868 6672382.348643)

LINESTRING (384280.410680 6672378.960143, 384277.205894 6672371.371726)

LINESTRING (384280.410680 6672378.960143, 384362.013668 6672326.489233, 384379.441007 6672316.042814)

LINESTRING (384529.107769 6672216.616205, 384535.056027 6672212.606162)

LINESTRING (384529.107769 6672216.616205, 384524.879818 6672209.672787)

LINESTRING (384529.107769 6672216.616205, 384517.145709 6672224.493513, 384401.120491 6672301.862629)

LINESTRING (384529.107769 6672216.616205, 384531.123751 6672219.973989, 384521.695461 6672297.123116)

LINESTRING (384535.056027 6672212.606162, 384530.786230 6672205.920377)

LINESTRING (384535.056027 6672212.606162, 384542.109042 6672208.059806)

LINESTRING (384535.056027 6672212.606162, 384529.107769 6672216.616205)

LINESTRING (384535.056027 6672212.606162, 384535.988773 6672214.716487, 384523.542359 6672316.077266, 384523.313226 6672318.848305)

LINESTRING (384521.695461 6672297.123116, 384507.114310 6672295.888897)

LINESTRING (384521.695461 6672297.123116, 384518.987521 6672317.959398)

LINESTRING (384521.695461 6672297.123116, 384531.123751 6672219.973989, 384529.107769 6672216.616205)

LINESTRING (384530.786230 6672205.920377, 384535.056027 6672212.606162)

LINESTRING (384530.786230 6672205.920377, 384524.879818 6672209.672787)

LINESTRING (384530.786230 6672205.920377, 384539.770130 6672199.741788)

LINESTRING (384542.109042 6672208.059806, 384530.284165 6672319.631536)

LINESTRING (384542.109042 6672208.059806, 384544.045598 6672206.784024)

LINESTRING (384542.109042 6672208.059806, 384535.056027 6672212.606162)

LINESTRING (384523.313226 6672318.848305, 384518.987521 6672317.959398)

LINESTRING (384523.313226 6672318.848305, 384530.284165 6672319.631536)

LINESTRING (384523.313226 6672318.848305, 384522.549022 6672325.781938)

LINESTRING (384523.313226 6672318.848305, 384523.542359 6672316.077266, 384535.988773 6672214.716487, 384535.056027 6672212.606162)

LINESTRING (384615.372564 6672162.611241, 384615.840158 6672158.417360)

LINESTRING (384615.372564 6672162.611241, 384614.515614 6672168.723079)

LINESTRING (384615.372564 6672162.611241, 384613.413293 6672163.519933, 384592.039985 6672176.541271)

LINESTRING (384615.840158 6672158.417360, 384616.759122 6672150.219566)

LINESTRING (384615.840158 6672158.417360, 384615.372564 6672162.611241)

LINESTRING (384615.840158 6672158.417360, 384613.050258 6672159.575106, 384609.237942 6672161.768058, 384600.574044 6672167.535188, 384590.142636 6672173.246584, 384581.647340 6672178.194908, 384573.199155 6672178.293950)

LINESTRING (384614.515614 6672168.723079, 384617.828450 6672168.830469)

LINESTRING (384614.515614 6672168.723079, 384615.372564 6672162.611241)

LINESTRING (384614.515614 6672168.723079, 384613.924393 6672174.280471, 384614.032218 6672177.174620, 384614.680549 6672179.071034)

LINESTRING (384592.039985 6672176.541271, 384614.680549 6672179.071034)

LINESTRING (384592.039985 6672176.541271, 384544.045598 6672206.784024)

LINESTRING (384592.039985 6672176.541271, 384613.413293 6672163.519933, 384615.372564 6672162.611241)

LINESTRING (384616.759122 6672150.219566, 384615.840158 6672158.417360)

LINESTRING (384616.759122 6672150.219566, 384620.010030 6672148.712970)

LINESTRING (384616.759122 6672150.219566, 384613.666316 6672152.690747, 384583.719238 6672171.520990)

LINESTRING (384616.759122 6672150.219566, 384617.179918 6672145.068741, 384617.403244 6672142.286750)

LINESTRING (384620.010030 6672148.712970, 384616.759122 6672150.219566)

LINESTRING (384620.010030 6672148.712970, 384628.997017 6672144.562796)

LINESTRING (384620.010030 6672148.712970, 384618.868625 6672158.310821)

LINESTRING (384620.010030 6672148.712970, 384620.753594 6672144.465820, 384621.336861 6672141.828514, 384622.261416 6672138.567516)

LINESTRING (384583.719238 6672171.520990, 384573.199155 6672178.293950)

LINESTRING (384583.719238 6672171.520990, 384613.666316 6672152.690747, 384616.759122 6672150.219566)

LINESTRING (384583.719238 6672171.520990, 384588.379861 6672163.472758, 384602.666485 6672154.285437, 384609.857134 6672149.166520, 384611.572170 6672146.850180, 384613.454743 6672144.740308, 384617.403244 6672142.286750)

LINESTRING (384617.403244 6672142.286750, 384622.261416 6672138.567516)

LINESTRING (384617.403244 6672142.286750, 384617.699069 6672138.633212)

LINESTRING (384617.403244 6672142.286750, 384617.179918 6672145.068741, 384616.759122 6672150.219566)

LINESTRING (384614.680549 6672179.071034, 384592.039985 6672176.541271)

LINESTRING (384614.680549 6672179.071034, 384614.032218 6672177.174620, 384613.924393 6672174.280471, 384614.515614 6672168.723079)

LINESTRING (384614.680549 6672179.071034, 384615.291961 6672180.500547, 384616.379925 6672182.427691, 384616.585240 6672184.538660, 384615.110428 6672197.300882, 384611.844818 6672224.250623)

LINESTRING (384611.844818 6672224.250623, 384617.849648 6672225.031028)

LINESTRING (384611.844818 6672224.250623, 384609.910351 6672240.927871)

LINESTRING (384611.844818 6672224.250623, 384609.394523 6672223.848603, 384609.004116 6672223.794036)

LINESTRING (384611.844818 6672224.250623, 384615.110428 6672197.300882, 384616.585240 6672184.538660, 384616.379925 6672182.427691, 384615.291961 6672180.500547, 384614.680549 6672179.071034)

LINESTRING (384518.987521 6672317.959398, 384498.273173 6672315.213494)

LINESTRING (384518.987521 6672317.959398, 384523.313226 6672318.848305)

LINESTRING (384518.987521 6672317.959398, 384517.934316 6672325.236476)

LINESTRING (384518.987521 6672317.959398, 384521.695461 6672297.123116)

LINESTRING (384530.284165 6672319.631536, 384523.313226 6672318.848305)

LINESTRING (384530.284165 6672319.631536, 384529.420804 6672326.590582)

LINESTRING (384530.284165 6672319.631536, 384542.109042 6672208.059806)

LINESTRING (384530.284165 6672319.631536, 384534.116204 6672317.894793, 384598.969186 6672325.446273)

LINESTRING (384598.969186 6672325.446273, 384599.234089 6672323.632533)

LINESTRING (384598.969186 6672325.446273, 384597.511655 6672335.756195)

LINESTRING (384598.969186 6672325.446273, 384534.116204 6672317.894793, 384530.284165 6672319.631536)

LINESTRING (384599.234089 6672323.632533, 384598.969186 6672325.446273)

LINESTRING (384599.234089 6672323.632533, 384604.208418 6672283.601123, 384609.910351 6672240.927871)

LINESTRING (384599.234089 6672323.632533, 384601.231502 6672323.937367, 384605.717404 6672324.977345)

LINESTRING (384617.828450 6672168.830469, 384624.734322 6672168.245178)

LINESTRING (384617.828450 6672168.830469, 384614.515614 6672168.723079)

LINESTRING (384617.828450 6672168.830469, 384617.110721 6672175.483997)

LINESTRING (384617.828450 6672168.830469, 384618.630442 6672160.268594, 384618.868625 6672158.310821)

LINESTRING (384624.734322 6672168.245178, 384617.828450 6672168.830469)

LINESTRING (384624.734322 6672168.245178, 384626.372698 6672158.029879)

LINESTRING (384624.734322 6672168.245178, 384633.095782 6672166.978825, 384636.101927 6672166.516382, 384643.496766 6672165.235919)

LINESTRING (384626.372698 6672158.029879, 384618.868625 6672158.310821)

LINESTRING (384626.372698 6672158.029879, 384627.407760 6672151.578102, 384628.997017 6672144.562796)

LINESTRING (384643.496766 6672165.235919, 384647.960444 6672164.683007)

LINESTRING (384643.496766 6672165.235919, 384642.649938 6672171.670618)

LINESTRING (384643.496766 6672165.235919, 384636.101927 6672166.516382, 384633.095782 6672166.978825, 384624.734322 6672168.245178)

LINESTRING (384647.960444 6672164.683007, 384650.900336 6672165.114214)

LINESTRING (384647.960444 6672164.683007, 384643.496766 6672165.235919)

LINESTRING (384647.960444 6672164.683007, 384642.649938 6672171.670618)

LINESTRING (384642.649938 6672171.670618, 384642.017741 6672177.162428)

LINESTRING (384642.649938 6672171.670618, 384650.061877 6672175.694363)

LINESTRING (384651.231589 6672167.522117, 384650.061877 6672175.694363)

LINESTRING (384651.231589 6672167.522117, 384650.900336 6672165.114214)

LINESTRING (384651.231589 6672167.522117, 384665.050916 6672165.181275)

LINESTRING (384650.061877 6672175.694363, 384649.201641 6672183.466810)

LINESTRING (384650.061877 6672175.694363, 384651.231589 6672167.522117)

LINESTRING (384650.061877 6672175.694363, 384642.017741 6672177.162428)

LINESTRING (384650.061877 6672175.694363, 384642.649938 6672171.670618)

LINESTRING (384650.061877 6672175.694363, 384653.107548 6672175.252978, 384657.730270 6672174.461036, 384665.729400 6672173.150445)

LINESTRING (384650.900336 6672165.114214, 384647.960444 6672164.683007)

LINESTRING (384650.900336 6672165.114214, 384651.231589 6672167.522117)

LINESTRING (384650.900336 6672165.114214, 384652.944476 6672151.030190, 384654.016189 6672141.155939, 384653.921613 6672136.389115)

LINESTRING (384665.050916 6672165.181275, 384709.882669 6672157.729691)

LINESTRING (384665.050916 6672165.181275, 384651.231589 6672167.522117)

LINESTRING (384665.050916 6672165.181275, 384659.637908 6672135.585031)

LINESTRING (384596.156922 6672343.689121, 384597.511655 6672335.756195)

LINESTRING (384596.156922 6672343.689121, 384577.740223 6672341.605916)

LINESTRING (384596.156922 6672343.689121, 384598.146805 6672344.283945, 384602.934676 6672345.392416)

LINESTRING (384596.156922 6672343.689121, 384596.321000 6672349.601632, 384576.881349 6672435.925855)

LINESTRING (384602.934676 6672345.392416, 384604.081051 6672336.485350)

LINESTRING (384602.934676 6672345.392416, 384598.146805 6672344.283945, 384596.156922 6672343.689121)

LINESTRING (384602.934676 6672345.392416, 384607.015490 6672346.088536, 384610.326893 6672346.508000, 384613.086817 6672347.223451, 384615.061677 6672347.517859, 384619.965195 6672348.243798)

LINESTRING (384576.881349 6672435.925855, 384582.699490 6672437.135560)

LINESTRING (384576.881349 6672435.925855, 384569.760259 6672467.544091)

LINESTRING (384576.881349 6672435.925855, 384575.097865 6672435.536284, 384559.403944 6672432.096920)

LINESTRING (384576.881349 6672435.925855, 384596.321000 6672349.601632, 384596.156922 6672343.689121)

LINESTRING (384626.347847 6672349.391217, 384625.575227 6672352.714298)

LINESTRING (384626.347847 6672349.391217, 384628.895157 6672346.001091)

LINESTRING (384626.347847 6672349.391217, 384619.965195 6672348.243798)

LINESTRING (384613.854048 6672374.926567, 384599.736033 6672438.604735)

LINESTRING (384613.854048 6672374.926567, 384620.103594 6672376.256477)

LINESTRING (384625.575227 6672352.714298, 384624.993341 6672355.217830)

LINESTRING (384625.575227 6672352.714298, 384626.347847 6672349.391217)

LINESTRING (384625.575227 6672352.714298, 384627.012727 6672353.047928)

LINESTRING (384628.895157 6672346.001091, 384626.347847 6672349.391217)

LINESTRING (384628.895157 6672346.001091, 384630.221808 6672334.001358)

LINESTRING (384628.895157 6672346.001091, 384634.910275 6672342.178553, 384640.478515 6672341.267645)

LINESTRING (384630.221808 6672334.001358, 384628.895157 6672346.001091)

LINESTRING (384630.221808 6672334.001358, 384622.606774 6672335.155065)

LINESTRING (384630.221808 6672334.001358, 384630.630788 6672330.767743, 384630.738604 6672329.783639)

LINESTRING (384640.478515 6672341.267645, 384647.817241 6672340.156109)

LINESTRING (384640.478515 6672341.267645, 384641.440778 6672347.667659)

LINESTRING (384640.478515 6672341.267645, 384634.910275 6672342.178553, 384628.895157 6672346.001091)

LINESTRING (384623.818269 6672326.903476, 384631.049683 6672327.143761)

LINESTRING (384623.818269 6672326.903476, 384622.606774 6672335.155065)

LINESTRING (384623.818269 6672326.903476, 384616.826586 6672326.165300, 384613.834854 6672325.847202, 384611.455749 6672325.587818, 384609.856737 6672325.415304, 384605.717404 6672324.977345)

LINESTRING (384631.049683 6672327.143761, 384635.817924 6672274.035371)

LINESTRING (384631.049683 6672327.143761, 384639.658550 6672324.576865)

LINESTRING (384631.049683 6672327.143761, 384623.818269 6672326.903476)

LINESTRING (384631.049683 6672327.143761, 384630.963927 6672327.770549, 384630.738604 6672329.783639)

LINESTRING (384615.823243 6672241.610869, 384609.910351 6672240.927871)

LINESTRING (384615.823243 6672241.610869, 384617.076689 6672231.340821, 384617.849648 6672225.031028)

LINESTRING (384609.910351 6672240.927871, 384615.823243 6672241.610869)

LINESTRING (384609.910351 6672240.927871, 384611.844818 6672224.250623)

LINESTRING (384609.910351 6672240.927871, 384607.498611 6672240.691804, 384604.649982 6672240.335770)

LINESTRING (384609.910351 6672240.927871, 384604.208418 6672283.601123, 384599.234089 6672323.632533)

LINESTRING (384476.601848 6672479.118193, 384416.485975 6672466.950562)

LINESTRING (384476.601848 6672479.118193, 384483.313985 6672481.035073)

LINESTRING (384476.601848 6672479.118193, 384461.501281 6672495.542198, 384443.768286 6672513.877014)

LINESTRING (384467.185384 6672550.940160, 384483.313985 6672481.035073)

LINESTRING (384467.185384 6672550.940160, 384459.634042 6672584.544801)

LINESTRING (384467.185384 6672550.940160, 384468.998327 6672552.264880, 384471.116771 6672554.649830, 384472.766554 6672557.138720, 384474.848283 6672560.472106, 384475.689237 6672563.722042, 384475.948492 6672567.012615, 384475.319795 6672570.843841, 384474.197789 6672573.821361, 384472.871394 6672576.303831, 384470.985916 6672579.015680, 384468.210374 6672581.320976, 384465.442199 6672582.979664, 384462.401597 6672583.922560, 384459.634042 6672584.544801)

LINESTRING (384467.185384 6672550.940160, 384462.690612 6672547.147967, 384460.810435 6672543.340162, 384459.796907 6672536.908366)

LINESTRING (384485.592442 6672806.748305, 384491.561897 6672808.019936)

LINESTRING (384485.592442 6672806.748305, 384388.070271 6672785.508560)

LINESTRING (384485.592442 6672806.748305, 384487.519357 6672797.961435, 384489.221436 6672791.198800)

LINESTRING (384509.944554 6672727.055408, 384516.111411 6672728.421159)

LINESTRING (384509.944554 6672727.055408, 384511.222523 6672721.454038)

LINESTRING (384509.944554 6672727.055408, 384501.739341 6672762.809178, 384491.561897 6672808.019936)

LINESTRING (384487.609376 6672826.688941, 384462.036982 6672831.061869)

LINESTRING (384487.609376 6672826.688941, 384488.138685 6672823.228616)

LINESTRING (384487.609376 6672826.688941, 384480.544741 6672858.105054)

LINESTRING (384487.609376 6672826.688941, 384488.747633 6672827.221404, 384492.847466 6672828.184242)

LINESTRING (384641.714916 6672844.108981, 384640.136387 6672850.042956)

LINESTRING (384641.714916 6672844.108981, 384636.521353 6672842.790378)

LINESTRING (384641.714916 6672844.108981, 384667.151249 6672851.632681, 384711.511426 6672868.267523, 384713.155969 6672868.483216, 384714.739731 6672868.355346, 384716.357348 6672867.892079, 384717.695491 6672867.192434, 384718.887268 6672866.252220, 384719.851239 6672865.129723, 384720.650805 6672863.722647)

LINESTRING (384732.292011 6672921.373967, 384698.042875 6672915.342051)

LINESTRING (384732.292011 6672921.373967, 384728.036836 6672890.426168)

LINESTRING (384732.292011 6672921.373967, 384735.966702 6672942.700132, 384736.524967 6672945.268062, 384737.479682 6672951.612610)

LINESTRING (384720.421690 6672952.205285, 384690.092982 6672953.249328)

LINESTRING (384720.421690 6672952.205285, 384717.269580 6672945.718173, 384713.500051 6672943.073032, 384712.291145 6672941.528585, 384709.573841 6672938.449123)

LINESTRING (384739.034726 6672958.863248, 384689.713754 6672960.070503)

LINESTRING (384739.034726 6672958.863248, 384740.943275 6672958.825464)

LINESTRING (384739.034726 6672958.863248, 384738.481660 6672956.284010, 384737.479682 6672951.612610)

LINESTRING (384155.856627 6672461.633084, 384151.029495 6672454.018070)

LINESTRING (384155.856627 6672461.633084, 384160.884980 6672458.231006)

LINESTRING (384155.856627 6672461.633084, 384182.097036 6672500.432937, 384190.401765 6672509.163914)

LINESTRING (385024.261908 6672068.166235, 385079.478715 6672102.117724)

LINESTRING (385024.261908 6672068.166235, 385022.018438 6672068.693571)

LINESTRING (385079.478715 6672102.117724, 385024.261908 6672068.166235)

LINESTRING (385079.478715 6672102.117724, 385080.635258 6672100.220335)

LINESTRING (385022.018438 6672068.693571, 385024.261908 6672068.166235)

LINESTRING (385022.018438 6672068.693571, 385019.576576 6672071.745759)

LINESTRING (385082.714290 6672139.940418, 385085.339543 6672135.300022)

LINESTRING (385082.714290 6672139.940418, 385084.769690 6672141.915350, 385084.039994 6672143.966513, 385077.725072 6672154.540015, 385075.762199 6672155.337125)

LINESTRING (385082.714290 6672139.940418, 385076.574672 6672138.049044, 385012.780984 6672101.146127)

LINESTRING (385075.762199 6672155.337125, 385073.326295 6672158.578545)

LINESTRING (385075.762199 6672155.337125, 385069.309439 6672151.605628)

LINESTRING (385075.762199 6672155.337125, 385077.725072 6672154.540015, 385084.039994 6672143.966513, 385084.769690 6672141.915350, 385082.714290 6672139.940418)

LINESTRING (385069.066880 6672165.465660, 385018.062575 6672135.137774)

LINESTRING (385069.066880 6672165.465660, 385073.326295 6672158.578545)

LINESTRING (385069.066880 6672165.465660, 385069.468673 6672166.768086, 385068.451316 6672169.207186)

LINESTRING (385021.837704 6672128.745005, 385018.062575 6672135.137774)

LINESTRING (385021.837704 6672128.745005, 385007.506774 6672120.457691, 384998.151821 6672115.023182, 384992.842589 6672112.169749, 384987.442449 6672109.074003)

LINESTRING (384723.177983 6672869.226440, 384724.838362 6672874.178011)

LINESTRING (384723.177983 6672869.226440, 384725.818630 6672865.989451, 384727.495413 6672863.172857)

LINESTRING (384723.177983 6672869.226440, 384721.882984 6672866.358516, 384720.650805 6672863.722647)

LINESTRING (384727.495413 6672863.172857, 384723.461490 6672839.785148, 384722.631952 6672832.656554)

LINESTRING (384754.137442 6672884.322230, 384757.079028 6672885.355242)

LINESTRING (384754.137442 6672884.322230, 384757.315689 6672874.704893, 384756.946920 6672869.690374)

LINESTRING (384754.137442 6672884.322230, 384752.145071 6672883.638256, 384747.380298 6672882.005107)

LINESTRING (384756.946920 6672869.690374, 384754.247352 6672850.239198)

LINESTRING (384756.946920 6672869.690374, 384764.595686 6672861.704322)

LINESTRING (384756.946920 6672869.690374, 384757.315689 6672874.704893, 384754.137442 6672884.322230)

LINESTRING (384683.428789 6672334.264955, 384667.172630 6672336.961094)

LINESTRING (384683.428789 6672334.264955, 384684.322144 6672341.124067)

LINESTRING (384683.428789 6672334.264955, 384688.836887 6672333.381452, 384694.722672 6672332.326897)

LINESTRING (384683.428789 6672334.264955, 384682.975118 6672331.671449, 384682.008036 6672326.174275)

LINESTRING (384667.172630 6672336.961094, 384683.428789 6672334.264955)

LINESTRING (384667.172630 6672336.961094, 384661.838756 6672337.909159)

LINESTRING (384667.172630 6672336.961094, 384668.021617 6672342.762883)

LINESTRING (384684.322144 6672341.124067, 384683.428789 6672334.264955)

LINESTRING (384684.322144 6672341.124067, 384681.021158 6672341.740637)

LINESTRING (384684.322144 6672341.124067, 384685.266648 6672344.493372, 384681.212325 6672362.273745)

LINESTRING (384694.722672 6672332.326897, 384693.625133 6672324.448927)

LINESTRING (384694.722672 6672332.326897, 384693.721932 6672336.871882, 384690.052905 6672353.135619)

LINESTRING (384694.722672 6672332.326897, 384701.886727 6672331.310125, 384702.964191 6672331.142475)

LINESTRING (384694.722672 6672332.326897, 384688.836887 6672333.381452, 384683.428789 6672334.264955)

LINESTRING (384682.008036 6672326.174275, 384681.286774 6672320.725084)

LINESTRING (384682.008036 6672326.174275, 384679.509892 6672326.542681, 384676.453953 6672327.006662)

LINESTRING (384682.008036 6672326.174275, 384682.975118 6672331.671449, 384683.428789 6672334.264955)

LINESTRING (384693.625133 6672324.448927, 384694.722672 6672332.326897)

LINESTRING (384693.625133 6672324.448927, 384682.008036 6672326.174275)

LINESTRING (384693.625133 6672324.448927, 384687.915179 6672319.624850)

LINESTRING (384690.052905 6672353.135619, 384687.613094 6672363.821896)

LINESTRING (384690.052905 6672353.135619, 384697.719861 6672354.866815)

LINESTRING (384690.052905 6672353.135619, 384693.721932 6672336.871882, 384694.722672 6672332.326897)

LINESTRING (384702.964191 6672331.142475, 384697.719861 6672354.866815)

LINESTRING (384702.964191 6672331.142475, 384776.874271 6672319.511108)

LINESTRING (384702.964191 6672331.142475, 384701.886727 6672331.310125, 384694.722672 6672332.326897)

LINESTRING (384819.644800 6672312.783155, 384820.323626 6672316.183133)

LINESTRING (384819.644800 6672312.783155, 384799.798242 6672315.903647)

LINESTRING (384819.644800 6672312.783155, 384821.370406 6672309.742198, 384825.475051 6672304.486713)

LINESTRING (384820.323626 6672316.183133, 384819.644800 6672312.783155)

LINESTRING (384820.323626 6672316.183133, 384802.616468 6672349.192437)

LINESTRING (384820.323626 6672316.183133, 384822.363296 6672316.419893, 384826.565020 6672316.900711)

LINESTRING (384799.798242 6672315.903647, 384819.644800 6672312.783155)

LINESTRING (384799.798242 6672315.903647, 384776.874271 6672319.511108)

LINESTRING (384799.798242 6672315.903647, 384799.559007 6672320.302058, 384790.536908 6672342.038769)

LINESTRING (384831.957892 6672296.459516, 384822.224453 6672297.701700)

LINESTRING (384831.957892 6672296.459516, 384836.104922 6672294.846923, 384839.586929 6672291.862196, 384842.714764 6672288.208800)

LINESTRING (384831.957892 6672296.459516, 384828.966597 6672299.863451, 384825.475051 6672304.486713)

LINESTRING (384818.911934 6672297.070336, 384817.987459 6672290.802832)

LINESTRING (384818.911934 6672297.070336, 384822.224453 6672297.701700)

LINESTRING (384817.987459 6672290.802832, 384807.156701 6672212.129776)

LINESTRING (384817.987459 6672290.802832, 384818.911934 6672297.070336)

LINESTRING (384817.987459 6672290.802832, 384839.859119 6672288.510325)

LINESTRING (384822.224453 6672297.701700, 384831.957892 6672296.459516)

LINESTRING (384822.224453 6672297.701700, 384814.245790 6672306.188297)

LINESTRING (384946.144984 6672148.462317, 384943.464488 6672153.282865)

LINESTRING (384946.144984 6672148.462317, 384944.084901 6672147.401443, 384942.440022 6672145.770311, 384941.359470 6672143.720256, 384940.949394 6672141.448543, 384941.243476 6672139.143567, 384942.216127 6672137.051309)

LINESTRING (385004.148393 6672273.129338, 385026.143018 6672237.601629)

LINESTRING (385004.148393 6672273.129338, 384999.073494 6672277.378648)

LINESTRING (385004.148393 6672273.129338, 385009.563337 6672274.051485, 385012.644561 6672274.567695)

LINESTRING (385026.143018 6672237.601629, 385049.146638 6672200.593642)

LINESTRING (385026.143018 6672237.601629, 385004.148393 6672273.129338)

LINESTRING (385026.143018 6672237.601629, 385024.402342 6672236.630987, 385011.925761 6672228.853828)

LINESTRING (384999.073494 6672277.378648, 385004.148393 6672273.129338)

LINESTRING (384999.073494 6672277.378648, 384960.227247 6672280.192142)

LINESTRING (384999.073494 6672277.378648, 384997.277104 6672280.822934, 384996.996437 6672281.433541, 384996.257689 6672283.016946)

LINESTRING (385012.644561 6672274.567695, 385020.715445 6672262.635051)

LINESTRING (385012.644561 6672274.567695, 385008.765303 6672279.760160, 385007.742204 6672281.129602, 385005.552179 6672284.062457)

LINESTRING (385012.644561 6672274.567695, 385013.275578 6672274.681617, 385020.677517 6672275.931456)

LINESTRING (385012.644561 6672274.567695, 385009.563337 6672274.051485, 385004.148393 6672273.129338)

LINESTRING (384842.714764 6672288.208800, 384848.670180 6672287.776394)

LINESTRING (384842.714764 6672288.208800, 384839.859119 6672288.510325)

LINESTRING (384842.714764 6672288.208800, 384847.203318 6672283.153015)

LINESTRING (384842.714764 6672288.208800, 384839.586929 6672291.862196, 384836.104922 6672294.846923, 384831.957892 6672296.459516)

LINESTRING (384850.842312 6672318.366286, 384845.484222 6672318.545880)

LINESTRING (384850.842312 6672318.366286, 384862.353065 6672317.848412)

LINESTRING (384850.842312 6672318.366286, 384851.024951 6672320.466832)

LINESTRING (384845.484222 6672318.545880, 384839.905722 6672327.079551)

LINESTRING (384845.484222 6672318.545880, 384850.842312 6672318.366286)

LINESTRING (384845.484222 6672318.545880, 384842.931588 6672318.771010, 384839.705151 6672318.404386)

LINESTRING (384862.353065 6672317.848412, 384861.510245 6672302.517957)

LINESTRING (384862.353065 6672317.848412, 384850.842312 6672318.366286)

LINESTRING (384862.353065 6672317.848412, 384902.985777 6672315.178324, 384904.956572 6672313.400162, 384904.629470 6672302.990455, 384906.975724 6672301.144776)

LINESTRING (384851.024951 6672320.466832, 384850.842312 6672318.366286)

LINESTRING (384906.975724 6672301.144776, 384907.650735 6672312.201068)

LINESTRING (384906.975724 6672301.144776, 384906.815203 6672297.449889)

LINESTRING (384906.975724 6672301.144776, 384910.270980 6672300.874068)

LINESTRING (384906.975724 6672301.144776, 384904.629470 6672302.990455, 384904.956572 6672313.400162, 384902.985777 6672315.178324, 384862.353065 6672317.848412)

LINESTRING (384907.650735 6672312.201068, 384906.975724 6672301.144776)

LINESTRING (384907.650735 6672312.201068, 384909.481162 6672313.023958, 384912.603850 6672315.567055, 384919.360693 6672318.553190, 384923.515118 6672321.063880, 384924.329461 6672329.664035)

LINESTRING (384907.650735 6672312.201068, 384907.900110 6672316.249783, 384909.341716 6672332.441831, 384908.693724 6672337.265415, 384906.236705 6672339.649505, 384857.982874 6672342.035352, 384846.272513 6672361.103763)

LINESTRING (384906.815203 6672297.449889, 384906.975724 6672301.144776)

LINESTRING (384906.815203 6672297.449889, 384898.184216 6672298.612653, 384892.251011 6672300.281307, 384868.493892 6672301.941816, 384861.510245 6672302.517957)

LINESTRING (384910.270980 6672300.874068, 384906.975724 6672301.144776)

LINESTRING (384910.270980 6672300.874068, 384917.592656 6672300.276255)

LINESTRING (384910.270980 6672300.874068, 384910.492164 6672302.081854)

LINESTRING (384978.786209 6672297.239678, 384977.602841 6672296.864498)

LINESTRING (384978.786209 6672297.239678, 384981.878979 6672296.886239, 384985.558598 6672296.124322)

LINESTRING (384978.786209 6672297.239678, 384982.486802 6672302.450476, 384982.896492 6672304.711061, 384954.996930 6672353.385428)

LINESTRING (384977.602841 6672296.864498, 384978.786209 6672297.239678)

LINESTRING (384977.602841 6672296.864498, 384976.434908 6672299.809853)

LINESTRING (384977.602841 6672296.864498, 384974.697993 6672295.952727, 384965.580102 6672296.640270)

LINESTRING (384954.996930 6672353.385428, 384946.694784 6672367.487506)

LINESTRING (384954.996930 6672353.385428, 384961.710627 6672357.476284)

LINESTRING (384954.996930 6672353.385428, 384982.896492 6672304.711061, 384982.486802 6672302.450476, 384978.786209 6672297.239678)

LINESTRING (384979.362704 6672291.727406, 384961.199063 6672293.278534)

LINESTRING (384992.744121 6672290.482541, 384979.362704 6672291.727406)

LINESTRING (384992.744121 6672290.482541, 384995.071954 6672285.572800, 384996.257689 6672283.016946)

LINESTRING (384992.744121 6672290.482541, 384991.674834 6672292.856431, 384990.561521 6672295.242847)

LINESTRING (384996.257689 6672283.016946, 385000.376076 6672282.965652, 385002.544776 6672283.421348, 385005.552179 6672284.062457)

LINESTRING (384996.257689 6672283.016946, 384996.996437 6672281.433541, 384997.277104 6672280.822934, 384999.073494 6672277.378648)

LINESTRING (384996.257689 6672283.016946, 384995.071954 6672285.572800, 384992.744121 6672290.482541)

LINESTRING (384960.227247 6672280.192142, 384999.073494 6672277.378648)

LINESTRING (384960.227247 6672280.192142, 384960.084247 6672278.290947, 384958.852237 6672263.284753, 384958.355875 6672257.204377, 384971.521600 6672236.887070)

LINESTRING (384960.227247 6672280.192142, 384960.560818 6672284.271646, 384960.667944 6672285.561027)

LINESTRING (384960.227247 6672280.192142, 384941.176270 6672281.425760, 384923.789130 6672282.774370)

LINESTRING (384842.087048 6672314.161501, 384839.705151 6672318.404386)

LINESTRING (384839.905722 6672327.079551, 384845.484222 6672318.545880)

LINESTRING (384839.905722 6672327.079551, 384840.881862 6672327.750956)

LINESTRING (384839.905722 6672327.079551, 384835.990948 6672333.075724, 384825.732196 6672350.805814)

LINESTRING (384839.705151 6672318.404386, 384834.879362 6672317.854020, 384831.447683 6672317.493856, 384826.565020 6672316.900711)

LINESTRING (384839.705151 6672318.404386, 384842.931588 6672318.771010, 384845.484222 6672318.545880)

LINESTRING (384839.705151 6672318.404386, 384837.957643 6672321.278857, 384821.753299 6672348.757777)

LINESTRING (384826.565020 6672316.900711, 384822.363296 6672316.419893, 384820.323626 6672316.183133)

LINESTRING (384826.565020 6672316.900711, 384831.447683 6672317.493856, 384834.879362 6672317.854020, 384839.705151 6672318.404386)

LINESTRING (384826.565020 6672316.900711, 384828.439108 6672314.167131, 384836.078715 6672303.373196)

LINESTRING (384821.753299 6672348.757777, 384816.984171 6672357.600368, 384806.870547 6672379.939729, 384798.707538 6672401.270498, 384797.191072 6672405.486196)

LINESTRING (384802.616468 6672349.192437, 384793.613434 6672347.525336)

LINESTRING (384802.616468 6672349.192437, 384820.323626 6672316.183133)

LINESTRING (384802.616468 6672349.192437, 384789.742097 6672381.024539)

LINESTRING (384806.730750 6672296.929621, 384800.947998 6672253.770988)

LINESTRING (384806.730750 6672296.929621, 384771.022343 6672302.934045)

LINESTRING (384806.730750 6672296.929621, 384808.104968 6672296.663515, 384813.266525 6672297.649064)

LINESTRING (384680.757360 6672317.665898, 384685.258221 6672316.888965)

LINESTRING (384680.757360 6672317.665898, 384675.072300 6672318.747587)

LINESTRING (384680.757360 6672317.665898, 384681.029016 6672319.239850, 384681.286774 6672320.725084)

LINESTRING (384685.258221 6672316.888965, 384762.409441 6672304.141139)

LINESTRING (384685.258221 6672316.888965, 384680.757360 6672317.665898)

LINESTRING (384685.258221 6672316.888965, 384679.642286 6672282.072365, 384716.175963 6672276.174812)

LINESTRING (384675.072300 6672318.747587, 384680.757360 6672317.665898)

LINESTRING (384675.072300 6672318.747587, 384639.658550 6672324.576865)

LINESTRING (384675.072300 6672318.747587, 384675.557631 6672321.640994)

LINESTRING (384675.072300 6672318.747587, 384670.393332 6672290.766447, 384660.703714 6672292.342014, 384660.183950 6672288.179231)

LINESTRING (384681.286774 6672320.725084, 384687.915179 6672319.624850)

LINESTRING (384681.286774 6672320.725084, 384682.008036 6672326.174275)

LINESTRING (384681.286774 6672320.725084, 384681.029016 6672319.239850, 384680.757360 6672317.665898)

LINESTRING (384676.453953 6672327.006662, 384675.557631 6672321.640994)

LINESTRING (384676.453953 6672327.006662, 384674.166247 6672327.357302, 384659.812916 6672329.648085)

LINESTRING (384544.045598 6672206.784024, 384592.039985 6672176.541271)

LINESTRING (384544.045598 6672206.784024, 384542.109042 6672208.059806)

LINESTRING (384544.045598 6672206.784024, 384539.770130 6672199.741788)

LINESTRING (384535.002006 6672191.868109, 384539.770130 6672199.741788)

LINESTRING (384535.002006 6672191.868109, 384519.662699 6672201.824427)

LINESTRING (384535.002006 6672191.868109, 384550.909254 6672181.782515, 384579.678025 6672163.100566, 384617.699069 6672138.633212)

LINESTRING (384539.770130 6672199.741788, 384535.002006 6672191.868109)

LINESTRING (384539.770130 6672199.741788, 384530.786230 6672205.920377)

LINESTRING (384539.770130 6672199.741788, 384544.045598 6672206.784024)

LINESTRING (384539.770130 6672199.741788, 384568.291597 6672181.323856, 384573.199155 6672178.293950)

LINESTRING (384573.199155 6672178.293950, 384583.719238 6672171.520990)

LINESTRING (384573.199155 6672178.293950, 384568.291597 6672181.323856, 384539.770130 6672199.741788)

LINESTRING (384617.699069 6672138.633212, 384617.403244 6672142.286750)

LINESTRING (384617.699069 6672138.633212, 384579.678025 6672163.100566, 384550.909254 6672181.782515, 384535.002006 6672191.868109)

LINESTRING (384617.699069 6672138.633212, 384619.744881 6672137.298309, 384622.088817 6672134.850722, 384623.885357 6672131.595692, 384624.827900 6672128.200395, 384625.229357 6672124.198054, 384627.161578 6672062.486372)

LINESTRING (384779.301990 6672146.384745, 384795.700900 6672143.784952)

LINESTRING (384779.301990 6672146.384745, 384777.307820 6672146.714938)

LINESTRING (384779.301990 6672146.384745, 384779.589146 6672147.746472, 384780.755923 6672153.594005)

LINESTRING (384795.700900 6672143.784952, 384805.447481 6672142.241402)

LINESTRING (384795.700900 6672143.784952, 384779.301990 6672146.384745)

LINESTRING (384795.700900 6672143.784952, 384794.707347 6672137.441615)

LINESTRING (384777.307820 6672146.714938, 384779.301990 6672146.384745)

LINESTRING (384777.307820 6672146.714938, 384766.312474 6672148.453869)

LINESTRING (384777.307820 6672146.714938, 384777.034335 6672144.728696)

LINESTRING (384780.755923 6672153.594005, 384785.329118 6672152.814928)

LINESTRING (384780.755923 6672153.594005, 384779.589146 6672147.746472, 384779.301990 6672146.384745)

LINESTRING (384780.755923 6672153.594005, 384781.581231 6672158.471573, 384782.115674 6672160.104131)

LINESTRING (384780.755923 6672153.594005, 384707.632857 6672165.991631, 384680.751356 6672170.560052, 384678.282244 6672170.972118, 384665.729400 6672173.150445)

LINESTRING (384858.835429 6672133.341295, 384860.103943 6672140.132921)

LINESTRING (384858.835429 6672133.341295, 384867.610927 6672131.817292)

LINESTRING (384858.835429 6672133.341295, 384855.698201 6672133.874540)

LINESTRING (384867.610927 6672131.817292, 384869.980229 6672131.408493)

LINESTRING (384867.610927 6672131.817292, 384858.835429 6672133.341295)

LINESTRING (384867.610927 6672131.817292, 384867.263924 6672129.610469)

LINESTRING (384855.698201 6672133.874540, 384858.835429 6672133.341295)

LINESTRING (384855.698201 6672133.874540, 384836.830120 6672137.064331)

LINESTRING (384855.698201 6672133.874540, 384855.400417 6672131.643882)

LINESTRING (384924.914965 6672121.892382, 384900.128375 6672126.170471)

LINESTRING (384924.914965 6672121.892382, 384924.649556 6672119.983889)

LINESTRING (384924.914965 6672121.892382, 384926.625896 6672121.560024, 384932.056339 6672121.199978, 384936.269782 6672124.522375)

LINESTRING (384861.379101 6672147.136082, 384860.103943 6672140.132921)

LINESTRING (384861.379101 6672147.136082, 384867.980478 6672146.048183)

LINESTRING (384861.379101 6672147.136082, 384792.755614 6672158.365279, 384786.474268 6672159.387528)

LINESTRING (384818.828153 6672147.136499, 384860.103943 6672140.132921)

LINESTRING (384818.828153 6672147.136499, 384817.735678 6672140.294771)

LINESTRING (384818.828153 6672147.136499, 384793.890301 6672151.364354, 384785.329118 6672152.814928)

LINESTRING (384785.329118 6672152.814928, 384786.474268 6672159.387528)

LINESTRING (384785.329118 6672152.814928, 384780.755923 6672153.594005)

LINESTRING (384785.329118 6672152.814928, 384793.890301 6672151.364354, 384818.828153 6672147.136499)

LINESTRING (384782.115674 6672160.104131, 384781.581231 6672158.471573, 384780.755923 6672153.594005)

LINESTRING (384782.115674 6672160.104131, 384787.987527 6672195.670615, 384791.566842 6672202.133221)

LINESTRING (384782.115674 6672160.104131, 384734.368837 6672167.914023, 384727.331108 6672171.367363, 384724.797762 6672172.561527, 384688.439202 6672178.587169, 384686.711783 6672178.218062, 384681.858272 6672177.323285, 384666.735152 6672180.050592)

LINESTRING (384782.115674 6672160.104131, 384783.811685 6672159.827896, 384786.474268 6672159.387528)

LINESTRING (384665.729400 6672173.150445, 384657.730270 6672174.461036, 384653.107548 6672175.252978, 384650.061877 6672175.694363)

LINESTRING (384665.729400 6672173.150445, 384678.282244 6672170.972118, 384680.751356 6672170.560052, 384707.632857 6672165.991631, 384780.755923 6672153.594005)

LINESTRING (384668.304243 6672208.898610, 384668.568547 6672210.238760)

LINESTRING (384668.304243 6672208.898610, 384668.078769 6672207.557237, 384664.798098 6672189.071679, 384664.459740 6672187.143208, 384667.067735 6672182.324722)

LINESTRING (384668.568547 6672210.238760, 384675.992444 6672209.002022)

LINESTRING (384668.568547 6672210.238760, 384668.304243 6672208.898610)

LINESTRING (384668.568547 6672210.238760, 384652.470956 6672212.874227, 384645.190636 6672213.203795, 384643.356553 6672213.150111)

LINESTRING (384667.067735 6672182.324722, 384666.735152 6672180.050592)

LINESTRING (384649.201641 6672183.466810, 384650.061877 6672175.694363)

LINESTRING (384649.201641 6672183.466810, 384646.458758 6672187.175118, 384645.937955 6672191.972467, 384643.356553 6672213.150111)

LINESTRING (384649.201641 6672183.466810, 384658.737151 6672181.572890, 384663.096341 6672180.700098, 384666.735152 6672180.050592)

LINESTRING (384643.356553 6672213.150111, 384637.326907 6672212.816222)

LINESTRING (384643.356553 6672213.150111, 384640.794672 6672233.535893)

LINESTRING (384643.356553 6672213.150111, 384645.190636 6672213.203795, 384652.470956 6672212.874227, 384668.568547 6672210.238760)

LINESTRING (384643.356553 6672213.150111, 384645.937955 6672191.972467, 384646.458758 6672187.175118, 384649.201641 6672183.466810)

LINESTRING (384666.735152 6672180.050592, 384665.729400 6672173.150445)

LINESTRING (384666.735152 6672180.050592, 384663.096341 6672180.700098, 384658.737151 6672181.572890, 384649.201641 6672183.466810)

LINESTRING (384666.735152 6672180.050592, 384681.858272 6672177.323285, 384686.711783 6672178.218062, 384688.439202 6672178.587169, 384724.797762 6672172.561527, 384727.331108 6672171.367363, 384734.368837 6672167.914023, 384782.115674 6672160.104131)

LINESTRING (384667.586274 6672483.931580, 384666.029430 6672491.090734)

LINESTRING (384667.586274 6672483.931580, 384676.362326 6672445.775417)

LINESTRING (384667.586274 6672483.931580, 384660.509756 6672482.605351)

LINESTRING (384667.586274 6672483.931580, 384697.018164 6672488.844567)

LINESTRING (384676.362326 6672445.775417, 384667.586274 6672483.931580)

LINESTRING (384676.362326 6672445.775417, 384684.199605 6672412.184611)

LINESTRING (384676.362326 6672445.775417, 384696.617666 6672449.138538)

LINESTRING (384697.018164 6672488.844567, 384708.968474 6672490.842129)

LINESTRING (384697.018164 6672488.844567, 384667.586274 6672483.931580)

LINESTRING (384697.018164 6672488.844567, 384697.951879 6672484.112236)

LINESTRING (384708.968474 6672490.842129, 384733.239224 6672494.602831)

LINESTRING (384708.968474 6672490.842129, 384697.018164 6672488.844567)

LINESTRING (384708.968474 6672490.842129, 384710.095121 6672486.594082, 384711.480718 6672482.282162)

LINESTRING (384733.239224 6672494.602831, 384744.160886 6672496.554869)

LINESTRING (384733.239224 6672494.602831, 384708.968474 6672490.842129)

LINESTRING (384733.239224 6672494.602831, 384735.833498 6672486.530655)

LINESTRING (384711.480718 6672482.282162, 384735.833498 6672486.530655)

LINESTRING (384711.480718 6672482.282162, 384717.206306 6672453.037354)

LINESTRING (384711.480718 6672482.282162, 384710.095121 6672486.594082, 384708.968474 6672490.842129)

LINESTRING (384744.598372 6672493.342661, 384744.160886 6672496.554869)

LINESTRING (384744.598372 6672493.342661, 384767.630156 6672426.665457)

LINESTRING (384744.598372 6672493.342661, 384751.992225 6672495.227429)

LINESTRING (384696.617666 6672449.138538, 384676.362326 6672445.775417)

LINESTRING (384696.617666 6672449.138538, 384696.183825 6672451.759985)

LINESTRING (384696.617666 6672449.138538, 384696.943330 6672447.490059, 384697.115967 6672446.448195, 384697.343891 6672444.869660, 384697.590268 6672443.524576)

LINESTRING (384696.617666 6672449.138538, 384709.482173 6672451.775991, 384711.995773 6672452.254089, 384717.206306 6672453.037354)

LINESTRING (384685.568671 6672407.171105, 384715.900649 6672409.615307)

LINESTRING (384685.568671 6672407.171105, 384684.199605 6672412.184611)

LINESTRING (384685.568671 6672407.171105, 384685.878456 6672405.723725, 384686.730979 6672401.762911)

LINESTRING (384715.900649 6672409.615307, 384726.198510 6672410.439064)

LINESTRING (384715.900649 6672409.615307, 384685.568671 6672407.171105)

LINESTRING (384715.900649 6672409.615307, 384715.445329 6672415.435869)

LINESTRING (384686.730979 6672401.762911, 384689.214367 6672401.985626, 384727.363098 6672405.454301)

LINESTRING (384686.730979 6672401.762911, 384685.878456 6672405.723725, 384685.568671 6672407.171105)

LINESTRING (384686.730979 6672401.762911, 384687.946921 6672398.058123, 384688.152140 6672396.992944)

LINESTRING (384688.152140 6672396.992944, 384697.719861 6672354.866815)

LINESTRING (384688.152140 6672396.992944, 384779.344806 6672405.635220)

LINESTRING (384688.152140 6672396.992944, 384686.732583 6672396.346683, 384680.312733 6672395.601533)

LINESTRING (384688.152140 6672396.992944, 384687.946921 6672398.058123, 384686.730979 6672401.762911)

LINESTRING (384774.411435 6672415.252003, 384779.250760 6672417.295208)

LINESTRING (384774.411435 6672415.252003, 384726.198510 6672410.439064)

LINESTRING (384774.411435 6672415.252003, 384777.058396 6672409.908581)

LINESTRING (384774.411435 6672415.252003, 384771.225754 6672417.413937, 384767.630156 6672426.665457)

LINESTRING (384779.250760 6672417.295208, 384774.411435 6672415.252003)

LINESTRING (384779.250760 6672417.295208, 384781.716619 6672410.430705)

LINESTRING (384779.250760 6672417.295208, 384783.679203 6672419.161889, 384786.492921 6672420.354983, 384791.090214 6672422.294372)

LINESTRING (384767.630156 6672426.665457, 384744.598372 6672493.342661)

LINESTRING (384767.630156 6672426.665457, 384751.317790 6672421.740243)

LINESTRING (384767.630156 6672426.665457, 384771.225754 6672417.413937, 384774.411435 6672415.252003)

LINESTRING (384735.833498 6672486.530655, 384711.480718 6672482.282162)

LINESTRING (384735.833498 6672486.530655, 384733.239224 6672494.602831)

LINESTRING (384735.833498 6672486.530655, 384751.570367 6672442.472007, 384744.780899 6672440.211597, 384751.317790 6672421.740243)

LINESTRING (384779.344806 6672405.635220, 384777.058396 6672409.908581)

LINESTRING (384779.344806 6672405.635220, 384780.721282 6672402.794678)

LINESTRING (384779.344806 6672405.635220, 384688.152140 6672396.992944)

LINESTRING (384789.742097 6672381.024539, 384802.616468 6672349.192437)

LINESTRING (384789.742097 6672381.024539, 384780.721282 6672402.794678)

LINESTRING (384789.742097 6672381.024539, 384784.762546 6672367.640745, 384784.749354 6672356.630507)

LINESTRING (384780.721282 6672402.794678, 384784.687957 6672403.572593)

LINESTRING (384780.721282 6672402.794678, 384789.742097 6672381.024539)

LINESTRING (384780.721282 6672402.794678, 384779.344806 6672405.635220)

LINESTRING (384784.749354 6672356.630507, 384782.156462 6672356.634060)

LINESTRING (384784.749354 6672356.630507, 384787.134606 6672352.320611, 384793.613434 6672347.525336)

LINESTRING (384784.749354 6672356.630507, 384784.762546 6672367.640745, 384789.742097 6672381.024539)

LINESTRING (384751.992225 6672495.227429, 384744.598372 6672493.342661)

LINESTRING (384751.992225 6672495.227429, 384752.524539 6672493.617031, 384764.909852 6672455.971633, 384771.656424 6672437.103667, 384777.760194 6672421.097757, 384779.250760 6672417.295208)

LINESTRING (384751.992225 6672495.227429, 384756.079554 6672496.313555, 384757.927153 6672496.801495, 384760.782629 6672497.558623, 384765.373715 6672498.773786)

LINESTRING (384765.373715 6672498.773786, 384763.023210 6672507.183745)

LINESTRING (384765.373715 6672498.773786, 384770.339933 6672500.088597)

LINESTRING (384765.373715 6672498.773786, 384760.782629 6672497.558623, 384757.927153 6672496.801495, 384756.079554 6672496.313555, 384751.992225 6672495.227429)

LINESTRING (384763.023210 6672507.183745, 384768.023226 6672507.984847)

LINESTRING (384763.023210 6672507.183745, 384760.194121 6672516.087974)

LINESTRING (384770.339933 6672500.088597, 384774.574446 6672500.735482)

LINESTRING (384770.339933 6672500.088597, 384765.373715 6672498.773786)

LINESTRING (384770.339933 6672500.088597, 384768.023226 6672507.984847)

LINESTRING (384770.339933 6672500.088597, 384772.065530 6672494.228080)

LINESTRING (384774.574446 6672500.735482, 384770.339933 6672500.088597)

LINESTRING (384774.574446 6672500.735482, 384775.211807 6672499.110638)

LINESTRING (384774.574446 6672500.735482, 384783.305215 6672502.054465, 384790.632590 6672503.239304)

LINESTRING (384768.023226 6672507.984847, 384763.023210 6672507.183745)

LINESTRING (384768.023226 6672507.984847, 384765.690301 6672515.012347)

LINESTRING (384768.023226 6672507.984847, 384770.339933 6672500.088597)

LINESTRING (384768.023226 6672507.984847, 384772.041407 6672508.638535, 384806.774492 6672514.232583, 384809.631582 6672514.688798)

LINESTRING (384772.065530 6672494.228080, 384770.339933 6672500.088597)

LINESTRING (384772.065530 6672494.228080, 384773.286578 6672494.390264)

LINESTRING (384772.065530 6672494.228080, 384775.822523 6672481.461001, 384776.249869 6672480.043363)

LINESTRING (384813.177006 6672506.843089, 384818.182444 6672490.515170)

LINESTRING (384813.177006 6672506.843089, 384809.631582 6672514.688798)

LINESTRING (384813.177006 6672506.843089, 384819.034876 6672508.263655)

LINESTRING (384813.177006 6672506.843089, 384807.435431 6672505.942661, 384790.632590 6672503.239304)

LINESTRING (384818.182444 6672490.515170, 384826.597219 6672463.069399)

LINESTRING (384818.182444 6672490.515170, 384813.177006 6672506.843089)

LINESTRING (384818.182444 6672490.515170, 384817.114256 6672490.270154)

LINESTRING (384790.632590 6672503.239304, 384791.660477 6672498.849515)

LINESTRING (384790.632590 6672503.239304, 384807.435431 6672505.942661, 384813.177006 6672506.843089)

LINESTRING (384790.632590 6672503.239304, 384783.305215 6672502.054465, 384774.574446 6672500.735482)

LINESTRING (384807.724114 6672521.123379, 384809.631582 6672514.688798)

LINESTRING (384807.724114 6672521.123379, 384783.053976 6672517.541925)

LINESTRING (384807.724114 6672521.123379, 384809.874555 6672528.945970, 384810.550762 6672530.674371)

LINESTRING (384838.089752 6672564.578818, 384837.291360 6672565.673784)

LINESTRING (384838.089752 6672564.578818, 384837.325199 6672564.101362, 384831.756134 6672560.208780, 384826.669693 6672555.420623)

LINESTRING (384838.089752 6672564.578818, 384843.730802 6672568.112525, 384849.383201 6672570.241691)

LINESTRING (384864.153426 6672573.822742, 384864.069253 6672575.207291)

LINESTRING (384864.153426 6672573.822742, 384863.169219 6672573.775672, 384857.785791 6672572.607590, 384849.383201 6672570.241691)

LINESTRING (384864.153426 6672573.822742, 384869.841650 6672574.089701, 384875.937823 6672574.087525, 384883.325298 6672572.774313, 384885.478694 6672572.394586)

LINESTRING (384985.976163 6672553.779991, 384984.568799 6672554.225384)

LINESTRING (384985.976163 6672553.779991, 384989.055033 6672552.814045)

LINESTRING (384985.976163 6672553.779991, 384983.679036 6672546.931479)

LINESTRING (384984.568799 6672554.225384, 384985.976163 6672553.779991)

LINESTRING (384984.568799 6672554.225384, 384982.002981 6672547.307301)

LINESTRING (384984.568799 6672554.225384, 384979.758461 6672555.747207, 384943.955747 6672562.031615)

LINESTRING (384984.568799 6672554.225384, 384985.123194 6672555.790474, 384990.703266 6672570.470680)

LINESTRING (384989.055033 6672552.814045, 384985.976163 6672553.779991)

LINESTRING (384989.055033 6672552.814045, 384999.408193 6672549.580265)

LINESTRING (384989.055033 6672552.814045, 384989.662796 6672554.310593)

LINESTRING (384983.679036 6672546.931479, 384981.535858 6672540.211866)

LINESTRING (384983.679036 6672546.931479, 384985.976163 6672553.779991)

LINESTRING (384983.679036 6672546.931479, 385013.387003 6672537.506649)

LINESTRING (384983.679036 6672546.931479, 384982.002981 6672547.307301)

LINESTRING (385037.406205 6672537.699898, 385024.859422 6672541.626514)

LINESTRING (385037.406205 6672537.699898, 385041.701206 6672532.494401)

LINESTRING (385037.406205 6672537.699898, 385033.067718 6672531.260911)

LINESTRING (385037.406205 6672537.699898, 385051.777827 6672547.512763)

LINESTRING (385024.859422 6672541.626514, 384999.408193 6672549.580265)

LINESTRING (385024.859422 6672541.626514, 385037.406205 6672537.699898)

LINESTRING (385024.859422 6672541.626514, 385025.300330 6672542.760542)

LINESTRING (385041.701206 6672532.494401, 385036.250465 6672528.296905)

LINESTRING (385041.701206 6672532.494401, 385037.406205 6672537.699898)

LINESTRING (385041.701206 6672532.494401, 385045.996570 6672527.300043)

LINESTRING (385033.067718 6672531.260911, 385028.723669 6672524.822103)

LINESTRING (385033.067718 6672531.260911, 385037.406205 6672537.699898)

LINESTRING (385033.067718 6672531.260911, 385013.387003 6672537.506649)

LINESTRING (385033.067718 6672531.260911, 385036.250465 6672528.296905)

LINESTRING (385051.777827 6672547.512763, 385037.406205 6672537.699898)

LINESTRING (385051.777827 6672547.512763, 385061.837466 6672554.385160)

LINESTRING (385051.777827 6672547.512763, 385050.805457 6672549.081203, 385042.424043 6672561.714505, 385037.935044 6672568.698044, 385033.005047 6672565.877254)

LINESTRING (384783.053976 6672517.541925, 384778.390634 6672516.852800)

LINESTRING (384783.053976 6672517.541925, 384807.724114 6672521.123379)

LINESTRING (384783.053976 6672517.541925, 384782.644488 6672520.586080)

LINESTRING (384810.550762 6672530.674371, 384809.577047 6672530.961317)

LINESTRING (384810.550762 6672530.674371, 384809.874555 6672528.945970, 384807.724114 6672521.123379)

LINESTRING (384810.550762 6672530.674371, 384812.809763 6672536.476415, 384816.239040 6672543.122062, 384820.677580 6672549.022730, 384825.519449 6672554.331212, 384826.669693 6672555.420623)

LINESTRING (384653.466927 6672481.467530, 384658.336119 6672460.128674)

LINESTRING (384653.466927 6672481.467530, 384652.111610 6672488.854376)

LINESTRING (384653.466927 6672481.467530, 384660.509756 6672482.605351)

LINESTRING (384653.466927 6672481.467530, 384643.088237 6672480.011299)

LINESTRING (384658.336119 6672460.128674, 384658.692303 6672458.568385)

LINESTRING (384658.336119 6672460.128674, 384653.466927 6672481.467530)

LINESTRING (384658.336119 6672460.128674, 384656.140087 6672459.685189)

LINESTRING (384643.088237 6672480.011299, 384653.466927 6672481.467530)

LINESTRING (384643.088237 6672480.011299, 384632.837464 6672478.562213)

LINESTRING (384643.088237 6672480.011299, 384643.579989 6672478.524749)

LINESTRING (384597.497355 6672472.933191, 384595.959036 6672480.147519)

LINESTRING (384597.497355 6672472.933191, 384592.351910 6672471.925157)

LINESTRING (384597.497355 6672472.933191, 384599.400393 6672473.240995)

LINESTRING (384597.497355 6672472.933191, 384599.694263 6672463.536098, 384599.933785 6672462.503266)

LINESTRING (384592.351910 6672471.925157, 384590.628165 6672479.245630)

LINESTRING (384592.351910 6672471.925157, 384597.497355 6672472.933191)

LINESTRING (384592.351910 6672471.925157, 384585.033665 6672470.506389, 384581.748984 6672469.874365, 384578.190402 6672469.184110, 384575.549918 6672468.732391)

LINESTRING (384599.400393 6672473.240995, 384618.420710 6672476.352840)

LINESTRING (384599.400393 6672473.240995, 384597.497355 6672472.933191)

LINESTRING (384599.400393 6672473.240995, 384599.864395 6672471.755313)

LINESTRING (384599.933785 6672462.503266, 384601.860834 6672463.044347)

LINESTRING (384599.933785 6672462.503266, 384599.694263 6672463.536098, 384597.497355 6672472.933191)

LINESTRING (384599.933785 6672462.503266, 384600.143884 6672461.593949, 384602.179510 6672452.892893, 384603.177420 6672448.615432, 384603.315193 6672448.053871)

LINESTRING (384671.913688 6672403.945678, 384673.117301 6672397.733781)

LINESTRING (384671.913688 6672403.945678, 384670.913539 6672409.036728)

LINESTRING (384671.913688 6672403.945678, 384678.066821 6672405.390163)

LINESTRING (384671.913688 6672403.945678, 384669.057130 6672403.333527, 384652.849643 6672399.631323)

LINESTRING (384669.379038 6672414.790980, 384670.913539 6672409.036728)

LINESTRING (384669.379038 6672414.790980, 384663.170405 6672438.913516)

LINESTRING (384669.379038 6672414.790980, 384666.620166 6672413.930579)

LINESTRING (384594.145707 6672487.091902, 384583.434772 6672531.650450)

LINESTRING (384594.145707 6672487.091902, 384595.959036 6672480.147519)

LINESTRING (384594.145707 6672487.091902, 384588.930210 6672485.974637)

LINESTRING (384594.145707 6672487.091902, 384650.778009 6672495.872774)

LINESTRING (384625.066427 6672484.624382, 384626.624662 6672477.688052)

LINESTRING (384625.066427 6672484.624382, 384652.111610 6672488.854376)

LINESTRING (384625.066427 6672484.624382, 384613.957178 6672482.890348, 384599.567107 6672480.646776, 384595.959036 6672480.147519)

LINESTRING (384650.778009 6672495.872774, 384594.145707 6672487.091902)

LINESTRING (384650.778009 6672495.872774, 384657.646758 6672496.949205)

LINESTRING (384650.778009 6672495.872774, 384652.111610 6672488.854376)

LINESTRING (384650.778009 6672495.872774, 384649.487163 6672503.190725, 384640.833010 6672552.253510, 384689.248422 6672607.988797, 384720.428525 6672613.794162)

LINESTRING (384572.212599 6672482.990973, 384573.203648 6672479.025761)

LINESTRING (384572.212599 6672482.990973, 384567.942918 6672482.111395, 384566.160157 6672481.744095)

LINESTRING (384572.212599 6672482.990973, 384575.453181 6672483.457211, 384578.568641 6672484.005406, 384581.755506 6672484.529064, 384583.949780 6672484.916837, 384588.930210 6672485.974637)

LINESTRING (384578.449623 6672530.793409, 384573.567614 6672551.531002, 384572.606079 6672555.551007)

LINESTRING (384578.449623 6672530.793409, 384582.552777 6672531.499934, 384583.434772 6672531.650450)

LINESTRING (384566.160157 6672481.744095, 384567.103032 6672477.836121)

LINESTRING (384566.160157 6672481.744095, 384565.564572 6672484.515537)

LINESTRING (384566.160157 6672481.744095, 384567.942918 6672482.111395, 384572.212599 6672482.990973)

LINESTRING (384565.564572 6672484.515537, 384558.163070 6672482.921136)

LINESTRING (384565.564572 6672484.515537, 384566.160157 6672481.744095)

LINESTRING (384565.564572 6672484.515537, 384558.361114 6672517.741197)

LINESTRING (384548.498123 6672474.165370, 384567.103032 6672477.836121)

LINESTRING (384548.498123 6672474.165370, 384541.024834 6672472.584410)

LINESTRING (384548.498123 6672474.165370, 384550.372478 6672465.636530)

LINESTRING (384569.202592 6672469.757116, 384550.372478 6672465.636530)

LINESTRING (384569.202592 6672469.757116, 384569.760259 6672467.544091)

LINESTRING (384569.202592 6672469.757116, 384567.103032 6672477.836121)

LINESTRING (384569.760259 6672467.544091, 384576.881349 6672435.925855)

LINESTRING (384569.760259 6672467.544091, 384569.202592 6672469.757116)

LINESTRING (384569.760259 6672467.544091, 384571.447327 6672467.869831, 384575.549918 6672468.732391)

LINESTRING (384582.699490 6672437.135560, 384576.881349 6672435.925855)

LINESTRING (384582.699490 6672437.135560, 384601.671739 6672352.185717, 384602.934676 6672345.392416)

LINESTRING (384636.547225 6672267.749247, 384635.817924 6672274.035371)

LINESTRING (384636.547225 6672267.749247, 384663.407240 6672263.404033)

LINESTRING (384636.547225 6672267.749247, 384630.817657 6672268.654093)

LINESTRING (384636.547225 6672267.749247, 384636.782601 6672265.702408, 384638.109935 6672252.487919, 384640.794672 6672233.535893)

LINESTRING (384635.817924 6672274.035371, 384631.049683 6672327.143761)

LINESTRING (384635.817924 6672274.035371, 384636.547225 6672267.749247)

LINESTRING (384635.817924 6672274.035371, 384640.013131 6672274.482751)

LINESTRING (384639.658550 6672324.576865, 384675.072300 6672318.747587)

LINESTRING (384639.658550 6672324.576865, 384631.049683 6672327.143761)

LINESTRING (384639.658550 6672324.576865, 384641.459414 6672316.172988)

LINESTRING (385036.250465 6672528.296905, 385033.067718 6672531.260911)

LINESTRING (385036.250465 6672528.296905, 385041.192302 6672522.825929)

LINESTRING (385045.996570 6672527.300043, 385041.701206 6672532.494401)

LINESTRING (385045.996570 6672527.300043, 385088.143553 6672484.487015)

LINESTRING (385045.996570 6672527.300043, 385078.406419 6672549.474344)

LINESTRING (385045.996570 6672527.300043, 385041.192302 6672522.825929)

LINESTRING (385098.644428 6672474.272531, 385088.143553 6672484.487015)

LINESTRING (385098.644428 6672474.272531, 385094.145461 6672469.264985)

LINESTRING (385088.143553 6672484.487015, 385045.996570 6672527.300043)

LINESTRING (385088.143553 6672484.487015, 385098.644428 6672474.272531)

LINESTRING (385088.143553 6672484.487015, 385083.566620 6672479.649093)

LINESTRING (385094.145461 6672469.264985, 385098.644428 6672474.272531)

LINESTRING (385094.145461 6672469.264985, 385090.252957 6672464.829067)

LINESTRING (385094.145461 6672469.264985, 385088.995317 6672474.118335)

LINESTRING (385090.252957 6672464.829067, 385096.782627 6672458.818006)

LINESTRING (385090.252957 6672464.829067, 385084.820888 6672469.368082)

LINESTRING (385090.252957 6672464.829067, 385094.145461 6672469.264985)

LINESTRING (385090.252957 6672464.829067, 385071.195610 6672442.826277)

LINESTRING (385088.995317 6672474.118335, 385084.820888 6672469.368082)

LINESTRING (385088.995317 6672474.118335, 385083.566620 6672479.649093)

LINESTRING (385088.995317 6672474.118335, 385094.145461 6672469.264985)

LINESTRING (385096.782627 6672458.818006, 385101.234417 6672454.710959)

LINESTRING (385096.782627 6672458.818006, 385090.252957 6672464.829067)

LINESTRING (385096.782627 6672458.818006, 385095.826968 6672457.911862)

LINESTRING (385084.820888 6672469.368082, 385090.252957 6672464.829067)

LINESTRING (385084.820888 6672469.368082, 385079.099479 6672474.417680)

LINESTRING (385084.820888 6672469.368082, 385088.995317 6672474.118335)

LINESTRING (385084.820888 6672469.368082, 385083.266703 6672467.789771, 385065.822315 6672448.177012)

LINESTRING (385071.195610 6672442.826277, 385090.252957 6672464.829067)

LINESTRING (385071.195610 6672442.826277, 385059.834821 6672429.709262)

LINESTRING (385071.195610 6672442.826277, 385072.319047 6672442.178086)

LINESTRING (385003.899037 6672935.346337, 385005.157237 6672928.564483)

LINESTRING (385003.899037 6672935.346337, 385002.403396 6672943.406106)

LINESTRING (385003.899037 6672935.346337, 385002.014967 6672934.926295)

LINESTRING (385009.657760 6672944.771946, 385002.403396 6672943.406106)

LINESTRING (385009.657760 6672944.771946, 385008.600284 6672950.343904)

LINESTRING (385009.657760 6672944.771946, 385014.875562 6672945.811695, 385016.159551 6672946.038843)

LINESTRING (385009.657760 6672944.771946, 385010.091834 6672942.507153, 385011.459186 6672934.250818, 385014.314253 6672919.272293)

LINESTRING (384994.367679 6672941.908797, 385002.403396 6672943.406106)

LINESTRING (384994.367679 6672941.908797, 384987.236365 6672940.572555)

LINESTRING (384994.367679 6672941.908797, 384994.852756 6672939.854143)

LINESTRING (385016.159551 6672946.038843, 385017.516689 6672946.297128)

LINESTRING (385016.159551 6672946.038843, 385025.460047 6672898.349834)

LINESTRING (385016.159551 6672946.038843, 385014.875562 6672945.811695, 385009.657760 6672944.771946)

LINESTRING (385014.314253 6672919.272293, 385017.558413 6672902.186413)

LINESTRING (385014.314253 6672919.272293, 385007.153777 6672917.892348)

LINESTRING (385014.314253 6672919.272293, 385011.459186 6672934.250818, 385010.091834 6672942.507153, 385009.657760 6672944.771946)

LINESTRING (385017.516689 6672946.297128, 385077.948110 6672957.884799)

LINESTRING (385017.516689 6672946.297128, 385016.159551 6672946.038843)

LINESTRING (385017.516689 6672946.297128, 385016.365617 6672951.894310)

LINESTRING (385081.401603 6672956.483674, 385088.216326 6672959.055911)

LINESTRING (385081.401603 6672956.483674, 385093.263009 6672929.521022)

LINESTRING (385081.401603 6672956.483674, 385077.948110 6672957.884799)

LINESTRING (385100.023794 6672932.496171, 385093.263009 6672929.521022)

LINESTRING (385100.023794 6672932.496171, 385108.549484 6672913.160682, 385112.996514 6672901.665066)

LINESTRING (385100.023794 6672932.496171, 385096.012329 6672941.593247, 385091.738603 6672951.177766, 385089.422660 6672956.454854, 385088.216326 6672959.055911)

LINESTRING (385111.092585 6672886.278722, 385098.488087 6672917.700074, 385093.263009 6672929.521022)

LINESTRING (385111.092585 6672886.278722, 385109.065267 6672885.539933, 385094.357699 6672879.660253)

LINESTRING (385093.263009 6672929.521022, 385100.023794 6672932.496171)

LINESTRING (385093.263009 6672929.521022, 385081.401603 6672956.483674)

LINESTRING (385093.263009 6672929.521022, 385091.246758 6672928.603586, 385078.236832 6672922.860160, 385076.943936 6672924.472089, 385068.296995 6672936.400466, 385060.720009 6672935.367823)

LINESTRING (385093.263009 6672929.521022, 385098.488087 6672917.700074, 385111.092585 6672886.278722)

LINESTRING (385094.357699 6672879.660253, 385109.065267 6672885.539933, 385111.092585 6672886.278722)

LINESTRING (384917.225657 6672927.504285, 384919.989878 6672928.019213)

LINESTRING (384917.225657 6672927.504285, 384915.544731 6672927.189346)

LINESTRING (384917.225657 6672927.504285, 384917.636794 6672925.217911)

LINESTRING (384815.966712 6672908.688865, 384915.544731 6672927.189346)

LINESTRING (384815.966712 6672908.688865, 384817.510528 6672914.881166)

LINESTRING (384815.966712 6672908.688865, 384806.989795 6672906.396880, 384780.907592 6672895.437795)

LINESTRING (384775.278152 6672884.849433, 384777.983620 6672869.908827)

LINESTRING (384775.278152 6672884.849433, 384773.891684 6672892.482392)

LINESTRING (384775.278152 6672884.849433, 384777.319965 6672885.164098)

LINESTRING (384780.907592 6672895.437795, 384773.891684 6672892.482392)

LINESTRING (384780.907592 6672895.437795, 384781.631512 6672893.743359)

LINESTRING (384780.907592 6672895.437795, 384806.989795 6672906.396880, 384815.966712 6672908.688865)

LINESTRING (385071.855328 6673008.916590, 385064.277703 6673007.505057)

LINESTRING (385071.855328 6673008.916590, 385069.935871 6673012.320141, 385068.992849 6673014.288858)

LINESTRING (385071.855328 6673008.916590, 385075.071659 6673001.906142, 385078.708364 6672994.492453)

LINESTRING (385068.992849 6673014.288858, 385097.049792 6673019.771799)

LINESTRING (385068.992849 6673014.288858, 385069.935871 6673012.320141, 385071.855328 6673008.916590)

LINESTRING (385068.992849 6673014.288858, 385067.191713 6673014.033347, 385061.191388 6673013.174111)

LINESTRING (385078.708364 6672994.492453, 385086.026100 6672979.307076)

LINESTRING (385078.708364 6672994.492453, 385075.071659 6673001.906142, 385071.855328 6673008.916590)

LINESTRING (384993.618065 6672999.883068, 384991.042475 6672999.362163)

LINESTRING (384993.618065 6672999.883068, 385052.669247 6673011.914837)

LINESTRING (384993.618065 6672999.883068, 384994.738156 6672994.008240)

LINESTRING (384993.618065 6672999.883068, 384993.160476 6673002.282335, 384990.160883 6673017.956375)

LINESTRING (385051.288795 6673031.427375, 385056.622378 6673022.188440, 385060.323523 6673014.884150, 385061.191388 6673013.174111)

LINESTRING (385097.049792 6673019.771799, 385068.992849 6673014.288858)

LINESTRING (385097.049792 6673019.771799, 385098.407818 6673013.867254)

LINESTRING (384975.962218 6672065.313970, 384970.096572 6672061.720223)

LINESTRING (384975.962218 6672065.313970, 384972.931824 6672070.312644)

LINESTRING (384975.962218 6672065.313970, 384988.503182 6672072.999855, 384991.551224 6672080.058831)

LINESTRING (384972.931824 6672070.312644, 384975.962218 6672065.313970)

LINESTRING (384972.931824 6672070.312644, 384984.748730 6672077.575478, 384991.551224 6672080.058831)

LINESTRING (384949.594983 6672049.158009, 384953.983067 6672051.850859)

LINESTRING (384949.594983 6672049.158009, 384939.245132 6672042.818760)

LINESTRING (384949.594983 6672049.158009, 384951.704260 6672045.949053)

LINESTRING (384953.983067 6672051.850859, 384959.322343 6672055.126782)

LINESTRING (384953.983067 6672051.850859, 384949.594983 6672049.158009)

LINESTRING (384953.983067 6672051.850859, 384956.689440 6672047.497574)

LINESTRING (384939.245132 6672042.818760, 384949.594983 6672049.158009)

LINESTRING (384939.245132 6672042.818760, 384932.167776 6672038.483025)

LINESTRING (384939.245132 6672042.818760, 384940.737873 6672040.665589, 384941.129454 6672039.873184)

LINESTRING (384951.704260 6672045.949053, 384949.594983 6672049.158009)

LINESTRING (384970.096572 6672061.720223, 384975.962218 6672065.313970)

LINESTRING (384970.096572 6672061.720223, 384959.322343 6672055.126782)

LINESTRING (384970.096572 6672061.720223, 384972.581850 6672057.752800, 384975.081798 6672052.837649)

LINESTRING (385081.716678 6672270.616873, 385087.135113 6672270.235136)

LINESTRING (385081.716678 6672270.616873, 385071.355158 6672271.488044)

LINESTRING (385081.716678 6672270.616873, 385082.046589 6672277.415718, 385082.127027 6672278.917681)

LINESTRING (385087.135113 6672270.235136, 385081.716678 6672270.616873)

LINESTRING (385087.135113 6672270.235136, 385086.903774 6672268.347855)

LINESTRING (385071.355158 6672271.488044, 385081.716678 6672270.616873)

LINESTRING (385071.355158 6672271.488044, 385071.220515 6672269.497430)

LINESTRING (385071.355158 6672271.488044, 385037.319255 6672274.361528, 385034.835507 6672274.305752, 385031.471336 6672272.204763)

LINESTRING (385082.127027 6672278.917681, 385037.785044 6672282.125666)

LINESTRING (385082.127027 6672278.917681, 385091.182906 6672278.198943)

LINESTRING (385082.127027 6672278.917681, 385082.046589 6672277.415718, 385081.716678 6672270.616873)

LINESTRING (385082.127027 6672278.917681, 385082.202617 6672280.442085, 385082.565294 6672286.515520)

LINESTRING (385091.182906 6672278.198943, 385082.127027 6672278.917681)

LINESTRING (385091.182906 6672278.198943, 385091.260238 6672279.779014, 385091.576860 6672286.154791)

LINESTRING (385082.565294 6672286.515520, 385023.791613 6672291.469232)

LINESTRING (385082.565294 6672286.515520, 385085.369715 6672286.527834)

LINESTRING (385082.565294 6672286.515520, 385082.202617 6672280.442085, 385082.127027 6672278.917681)

LINESTRING (385026.491372 6672267.981345, 385023.756621 6672272.134877)

LINESTRING (385026.491372 6672267.981345, 385041.123223 6672244.653885)

LINESTRING (385026.491372 6672267.981345, 385027.969838 6672269.974355, 385031.471336 6672272.204763)

LINESTRING (385023.756621 6672272.134877, 385020.677517 6672275.931456)

LINESTRING (385023.756621 6672272.134877, 385026.491372 6672267.981345)

LINESTRING (385023.756621 6672272.134877, 385035.774549 6672280.695426, 385037.785044 6672282.125666)

LINESTRING (385041.123223 6672244.653885, 385026.491372 6672267.981345)

LINESTRING (385041.123223 6672244.653885, 385067.600713 6672202.444028)

LINESTRING (385041.123223 6672244.653885, 385042.525821 6672245.467980)

LINESTRING (385031.471336 6672272.204763, 385032.565728 6672270.275872, 385034.320007 6672267.434722, 385034.768798 6672266.696253)

LINESTRING (385031.471336 6672272.204763, 385034.835507 6672274.305752, 385037.319255 6672274.361528, 385071.355158 6672271.488044)

LINESTRING (385031.471336 6672272.204763, 385027.969838 6672269.974355, 385026.491372 6672267.981345)

LINESTRING (385088.644033 6672339.215878, 385040.043217 6672405.021583)

LINESTRING (385088.644033 6672339.215878, 385094.294503 6672342.693956)

LINESTRING (385088.644033 6672339.215878, 385085.369715 6672286.527834)

LINESTRING (385040.043217 6672405.021583, 385088.644033 6672339.215878)

LINESTRING (385040.043217 6672405.021583, 385044.914938 6672411.109516)

LINESTRING (385040.043217 6672405.021583, 385004.123890 6672383.236357)

LINESTRING (385094.294503 6672342.693956, 385088.644033 6672339.215878)

LINESTRING (385094.294503 6672342.693956, 385093.203472 6672344.199237, 385081.529037 6672360.379333)

LINESTRING (385085.369715 6672286.527834, 385082.565294 6672286.515520)

LINESTRING (385085.369715 6672286.527834, 385091.576860 6672286.154791)

LINESTRING (385085.369715 6672286.527834, 385088.644033 6672339.215878)

LINESTRING (385081.529037 6672360.379333, 385059.084681 6672391.474242)

LINESTRING (385081.529037 6672360.379333, 385087.928099 6672364.357697)

LINESTRING (385081.529037 6672360.379333, 385093.203472 6672344.199237, 385094.294503 6672342.693956)

LINESTRING (385044.436226 6672423.985125, 385039.955024 6672429.631086)

LINESTRING (385044.436226 6672423.985125, 385048.865816 6672417.048045)

LINESTRING (385044.436226 6672423.985125, 385045.494284 6672425.322673, 385047.796196 6672427.902782)

LINESTRING (385044.436226 6672423.985125, 385042.978354 6672422.292363, 385039.622085 6672417.962252)

LINESTRING (385039.955024 6672429.631086, 385044.436226 6672423.985125)

LINESTRING (385039.955024 6672429.631086, 385038.568607 6672428.092104)

LINESTRING (385039.955024 6672429.631086, 385042.644651 6672432.711664)

LINESTRING (385048.865816 6672417.048045, 385044.436226 6672423.985125)

LINESTRING (385048.865816 6672417.048045, 385054.890572 6672408.924186)

LINESTRING (385048.865816 6672417.048045, 385051.285656 6672419.847343)

LINESTRING (385048.865816 6672417.048045, 385044.914938 6672411.109516)

LINESTRING (385047.796196 6672427.902782, 385065.822315 6672448.177012)

LINESTRING (385047.796196 6672427.902782, 385042.644651 6672432.711664)

LINESTRING (385047.796196 6672427.902782, 385045.494284 6672425.322673, 385044.436226 6672423.985125)

LINESTRING (385039.622085 6672417.962252, 385044.914938 6672411.109516)

LINESTRING (385039.622085 6672417.962252, 385033.061394 6672410.779473, 385029.076906 6672406.424513, 385005.345854 6672392.269499)

LINESTRING (385039.622085 6672417.962252, 385042.978354 6672422.292363, 385044.436226 6672423.985125)

LINESTRING (385091.576860 6672286.154791, 385085.369715 6672286.527834)

LINESTRING (385091.576860 6672286.154791, 385091.260238 6672279.779014, 385091.182906 6672278.198943)

LINESTRING (385023.791613 6672291.469232, 385012.065578 6672292.383406)

LINESTRING (385023.791613 6672291.469232, 385082.565294 6672286.515520)

LINESTRING (385023.791613 6672291.469232, 385013.166607 6672308.530446)

LINESTRING (385013.166607 6672308.530446, 385009.052678 6672315.089891)

LINESTRING (385013.166607 6672308.530446, 385023.791613 6672291.469232)

LINESTRING (385013.166607 6672308.530446, 385004.152635 6672303.330411)

LINESTRING (384770.793357 6672922.636324, 384770.940532 6672922.197062, 384772.045722 6672920.446048)

LINESTRING (384772.045722 6672920.446048, 384773.327339 6672918.656051)

LINESTRING (384772.045722 6672920.446048, 384755.147926 6672917.489596)

LINESTRING (384772.045722 6672920.446048, 384776.679485 6672921.269808)

LINESTRING (384772.045722 6672920.446048, 384770.940532 6672922.197062, 384770.793357 6672922.636324)

LINESTRING (384776.679485 6672921.269808, 384799.129780 6672925.667617)

LINESTRING (384776.679485 6672921.269808, 384773.327339 6672918.656051)

LINESTRING (384776.679485 6672921.269808, 384772.045722 6672920.446048)

LINESTRING (384765.690301 6672515.012347, 384775.808483 6672516.488258)

LINESTRING (384765.690301 6672515.012347, 384768.023226 6672507.984847)

LINESTRING (384765.690301 6672515.012347, 384765.156815 6672517.291444)

LINESTRING (384775.808483 6672516.488258, 384765.690301 6672515.012347)

LINESTRING (384775.808483 6672516.488258, 384778.390634 6672516.852800)

LINESTRING (384775.808483 6672516.488258, 384775.608726 6672519.492384)

LINESTRING (384765.156815 6672517.291444, 384760.194121 6672516.087974)

LINESTRING (384765.156815 6672517.291444, 384764.550172 6672519.539409)

LINESTRING (384765.156815 6672517.291444, 384765.690301 6672515.012347)

LINESTRING (384760.194121 6672516.087974, 384765.156815 6672517.291444)

LINESTRING (384760.194121 6672516.087974, 384756.663299 6672515.218365, 384754.291162 6672514.646632, 384751.795594 6672514.034206, 384746.961166 6672512.849007)

LINESTRING (384760.194121 6672516.087974, 384758.894078 6672520.296882, 384752.240599 6672545.291370, 384747.519430 6672565.700443)

LINESTRING (384746.961166 6672512.849007, 384749.291953 6672504.695977)

LINESTRING (384746.961166 6672512.849007, 384741.780033 6672511.585569)

LINESTRING (384746.961166 6672512.849007, 384751.795594 6672514.034206, 384754.291162 6672514.646632, 384756.663299 6672515.218365, 384760.194121 6672516.087974)

LINESTRING (384747.519430 6672565.700443, 384752.411882 6672566.438039)

LINESTRING (384747.519430 6672565.700443, 384745.960258 6672572.436146, 384741.026675 6672598.089781, 384740.405764 6672601.118309)

LINESTRING (384664.365039 6672498.008099, 384657.646758 6672496.949205)

LINESTRING (384664.365039 6672498.008099, 384741.780033 6672511.585569)

LINESTRING (384664.365039 6672498.008099, 384666.029430 6672491.090734)

LINESTRING (384664.365039 6672498.008099, 384657.518025 6672538.700200)

LINESTRING (384723.398647 6672598.087372, 384722.981441 6672599.649575)

LINESTRING (384723.398647 6672598.087372, 384728.367724 6672598.967400)

LINESTRING (384723.398647 6672598.087372, 384730.277293 6672558.029651, 384731.327618 6672552.591562, 384731.866458 6672543.603364, 384737.885309 6672517.324911, 384741.780033 6672511.585569)

LINESTRING (384657.518025 6672538.700200, 384650.604629 6672537.614034)

LINESTRING (384657.518025 6672538.700200, 384656.731332 6672545.277885)

LINESTRING (384657.518025 6672538.700200, 384664.365039 6672498.008099)

LINESTRING (384657.518025 6672538.700200, 384660.358480 6672539.156822, 384663.460681 6672539.638638, 384668.061668 6672540.463313, 384670.796131 6672540.198895, 384672.603920 6672538.893796, 384673.625642 6672537.134241, 384677.232479 6672513.439114)

LINESTRING (384650.604629 6672537.614034, 384657.518025 6672538.700200)

LINESTRING (384650.604629 6672537.614034, 384649.448710 6672544.103051)

LINESTRING (384650.604629 6672537.614034, 384654.919393 6672512.425521, 384657.308048 6672498.887854, 384657.646758 6672496.949205)

LINESTRING (384575.861830 6672573.413198, 384577.310729 6672567.416417)

LINESTRING (384575.861830 6672573.413198, 384580.418686 6672579.532750)

LINESTRING (384575.861830 6672573.413198, 384574.977467 6672577.063004, 384574.127722 6672580.577987, 384571.470858 6672591.583251)

LINESTRING (384671.963395 6672675.120880, 384674.848771 6672678.417918)

LINESTRING (384671.963395 6672675.120880, 384577.310729 6672567.416417)

LINESTRING (384671.963395 6672675.120880, 384670.421622 6672676.584771)

LINESTRING (384671.963395 6672675.120880, 384673.418880 6672673.737717, 384674.137282 6672673.102152, 384683.360825 6672665.044066)

LINESTRING (384721.815039 6672617.450460, 384720.428525 6672613.794162)

LINESTRING (384721.815039 6672617.450460, 384717.808602 6672645.916777, 384715.349429 6672670.445001, 384714.644384 6672686.849464, 384714.339575 6672695.685424, 384711.920335 6672715.130551)

LINESTRING (384721.815039 6672617.450460, 384722.935861 6672617.604635, 384725.742264 6672618.040089)

LINESTRING (384725.742264 6672618.040089, 384727.000365 6672607.914810)

LINESTRING (384725.742264 6672618.040089, 384722.935861 6672617.604635, 384721.815039 6672617.450460)

LINESTRING (384725.742264 6672618.040089, 384730.116368 6672618.715957, 384733.084322 6672619.168620, 384737.358234 6672619.836505)

LINESTRING (384737.358234 6672619.836505, 384736.873773 6672622.437253, 384733.666132 6672647.356778, 384732.386899 6672669.864147, 384732.166130 6672697.776669, 384731.527088 6672711.693848, 384730.567838 6672721.787433, 384729.613163 6672727.969190)

LINESTRING (384737.358234 6672619.836505, 384733.084322 6672619.168620, 384730.116368 6672618.715957, 384725.742264 6672618.040089)

LINESTRING (384737.358234 6672619.836505, 384740.594173 6672620.336463, 384741.938608 6672620.539329)

LINESTRING (384729.613163 6672727.969190, 384725.373393 6672748.842370)

LINESTRING (384729.613163 6672727.969190, 384738.010501 6672734.057198)

LINESTRING (384729.613163 6672727.969190, 384723.465450 6672723.504338, 384720.863507 6672721.624825, 384715.528189 6672717.747355)

LINESTRING (384741.938608 6672620.539329, 384742.651771 6672618.678060)

LINESTRING (384741.938608 6672620.539329, 384740.594173 6672620.336463, 384737.358234 6672619.836505)

LINESTRING (384741.938608 6672620.539329, 384736.461735 6672665.266994, 384736.315433 6672706.483583, 384738.010501 6672734.057198)

LINESTRING (384742.651771 6672618.678060, 384824.193415 6672634.690496)

LINESTRING (384742.651771 6672618.678060, 384741.938608 6672620.539329)

LINESTRING (384742.651771 6672618.678060, 384742.802283 6672617.815204, 384743.898782 6672611.550980)

LINESTRING (384824.193415 6672634.690496, 384799.179416 6672725.523906)

LINESTRING (384824.193415 6672634.690496, 384742.651771 6672618.678060)

LINESTRING (384824.193415 6672634.690496, 384824.608502 6672632.883196, 384825.721516 6672628.022675)

LINESTRING (384824.193415 6672634.690496, 384826.050278 6672635.122454, 384831.039472 6672636.291739)

LINESTRING (384743.898782 6672611.550980, 384745.572127 6672604.209885)

LINESTRING (384743.898782 6672611.550980, 384742.802283 6672617.815204, 384742.651771 6672618.678060)

LINESTRING (384743.898782 6672611.550980, 384748.771851 6672612.556644, 384775.518154 6672617.911348)

LINESTRING (384743.898782 6672611.550980, 384742.158023 6672611.104265, 384738.945195 6672610.280391)

LINESTRING (384745.572127 6672604.209885, 384749.080972 6672604.913006)

LINESTRING (384745.572127 6672604.209885, 384743.898782 6672611.550980)

LINESTRING (384745.572127 6672604.209885, 384745.347100 6672601.999232)

LINESTRING (384775.518154 6672617.911348, 384776.960294 6672610.454956)

LINESTRING (384775.518154 6672617.911348, 384823.076980 6672627.437178, 384825.721516 6672628.022675)

LINESTRING (384775.518154 6672617.911348, 384748.771851 6672612.556644, 384743.898782 6672611.550980)

LINESTRING (384738.945195 6672610.280391, 384737.358234 6672619.836505)

LINESTRING (384738.945195 6672610.280391, 384734.408770 6672609.386733, 384731.497967 6672608.809681, 384727.000365 6672607.914810)

LINESTRING (384738.945195 6672610.280391, 384742.158023 6672611.104265, 384743.898782 6672611.550980)

LINESTRING (384749.080972 6672604.913006, 384754.332618 6672605.951342)

LINESTRING (384749.080972 6672604.913006, 384745.572127 6672604.209885)

LINESTRING (384749.080972 6672604.913006, 384749.360751 6672603.923495)

LINESTRING (384745.347100 6672601.999232, 384740.405764 6672601.118309)

LINESTRING (384745.347100 6672601.999232, 384745.572127 6672604.209885)

LINESTRING (384745.347100 6672601.999232, 384745.462350 6672601.427241)

LINESTRING (384827.796412 6672620.557553, 384829.496342 6672614.586426)

LINESTRING (384827.796412 6672620.557553, 384825.721516 6672628.022675)

LINESTRING (384827.796412 6672620.557553, 384835.120899 6672622.188336)

LINESTRING (384827.796412 6672620.557553, 384820.890768 6672619.181076)

LINESTRING (384829.496342 6672614.586426, 384832.331070 6672604.623359)

LINESTRING (384829.496342 6672614.586426, 384827.796412 6672620.557553)

LINESTRING (384829.496342 6672614.586426, 384828.101936 6672614.206789)

LINESTRING (384825.721516 6672628.022675, 384827.796412 6672620.557553)

LINESTRING (384825.721516 6672628.022675, 384833.002612 6672629.509942)

LINESTRING (384825.721516 6672628.022675, 384824.608502 6672632.883196, 384824.193415 6672634.690496)

LINESTRING (384825.721516 6672628.022675, 384823.076980 6672627.437178, 384775.518154 6672617.911348)

LINESTRING (384835.120899 6672622.188336, 384833.002612 6672629.509942)

LINESTRING (384835.120899 6672622.188336, 384842.061266 6672623.786635)

LINESTRING (384835.120899 6672622.188336, 384827.796412 6672620.557553)

LINESTRING (384835.120899 6672622.188336, 384835.866764 6672619.423364, 384837.284050 6672614.174370, 384839.178502 6672607.149560, 384840.386996 6672602.676096, 384842.022793 6672596.606694, 384842.639160 6672594.313859)

LINESTRING (384820.890768 6672619.181076, 384827.796412 6672620.557553)

LINESTRING (384820.890768 6672619.181076, 384816.639005 6672618.334087)

LINESTRING (384820.890768 6672619.181076, 384821.077140 6672618.751728)

LINESTRING (384833.002612 6672629.509942, 384835.120899 6672622.188336)

LINESTRING (384833.002612 6672629.509942, 384840.233783 6672630.998792)

LINESTRING (384833.002612 6672629.509942, 384825.721516 6672628.022675)

LINESTRING (384833.002612 6672629.509942, 384831.485501 6672634.762077, 384831.039472 6672636.291739)

LINESTRING (384799.179416 6672725.523906, 384824.193415 6672634.690496)

LINESTRING (384799.179416 6672725.523906, 384798.681159 6672727.333826, 384796.897721 6672727.646248)

LINESTRING (384799.179416 6672725.523906, 384800.990938 6672725.221746, 384806.590148 6672724.254370)

LINESTRING (384831.039472 6672636.291739, 384838.382317 6672637.977673)

LINESTRING (384831.039472 6672636.291739, 384826.050278 6672635.122454, 384824.193415 6672634.690496)

LINESTRING (384831.039472 6672636.291739, 384829.910185 6672640.105198, 384806.920843 6672723.118385, 384806.590148 6672724.254370)

LINESTRING (384831.039472 6672636.291739, 384831.485501 6672634.762077, 384833.002612 6672629.509942)

LINESTRING (384838.382317 6672637.977673, 384840.233783 6672630.998792)

LINESTRING (384838.382317 6672637.977673, 384831.039472 6672636.291739)

LINESTRING (384838.382317 6672637.977673, 384815.878598 6672719.315010, 384817.573734 6672721.490573)

LINESTRING (384838.382317 6672637.977673, 384864.349123 6672643.803298, 384975.686114 6672621.426262, 384978.206172 6672633.605919, 385051.091981 6672618.178363)

LINESTRING (384806.590148 6672724.254370, 384804.018046 6672733.206209)

LINESTRING (384806.590148 6672724.254370, 384816.465486 6672722.617579)

LINESTRING (384806.590148 6672724.254370, 384806.920843 6672723.118385, 384829.910185 6672640.105198, 384831.039472 6672636.291739)

LINESTRING (384806.590148 6672724.254370, 384800.990938 6672725.221746, 384799.179416 6672725.523906)

LINESTRING (384840.233783 6672630.998792, 384838.382317 6672637.977673)

LINESTRING (384840.233783 6672630.998792, 384842.061266 6672623.786635)

LINESTRING (384840.233783 6672630.998792, 384833.002612 6672629.509942)

LINESTRING (384840.233783 6672630.998792, 384844.085822 6672631.847232, 384863.613625 6672636.125653, 384887.667840 6672631.268391)

LINESTRING (384817.573734 6672721.490573, 384816.465486 6672722.617579)

LINESTRING (384817.573734 6672721.490573, 384818.314491 6672722.447981, 384871.861987 6672712.183071)

LINESTRING (384817.573734 6672721.490573, 384815.878598 6672719.315010, 384838.382317 6672637.977673)

LINESTRING (385051.091981 6672618.178363, 385048.853849 6672613.735146)

LINESTRING (385051.091981 6672618.178363, 385053.885194 6672620.141257)

LINESTRING (385051.091981 6672618.178363, 384978.206172 6672633.605919, 384975.686114 6672621.426262, 384864.349123 6672643.803298, 384838.382317 6672637.977673)

LINESTRING (384842.061266 6672623.786635, 384840.233783 6672630.998792)

LINESTRING (384842.061266 6672623.786635, 384845.737531 6672610.921868)

LINESTRING (384842.061266 6672623.786635, 384850.798823 6672625.685060)

LINESTRING (384842.061266 6672623.786635, 384835.120899 6672622.188336)

LINESTRING (384887.667840 6672631.268391, 384967.234483 6672615.194546)

LINESTRING (384887.667840 6672631.268391, 384886.236933 6672624.604451)

LINESTRING (384887.667840 6672631.268391, 384863.613625 6672636.125653, 384844.085822 6672631.847232, 384840.233783 6672630.998792)

LINESTRING (384845.737531 6672610.921868, 384842.061266 6672623.786635)

LINESTRING (384845.737531 6672610.921868, 384852.254870 6672588.116147)

LINESTRING (384845.737531 6672610.921868, 384847.184305 6672611.377876)

LINESTRING (384850.798823 6672625.685060, 384842.061266 6672623.786635)

LINESTRING (384850.798823 6672625.685060, 384850.941713 6672624.755584)

LINESTRING (384850.798823 6672625.685060, 384865.098609 6672628.790544, 384874.892322 6672626.844446)

LINESTRING (385070.173541 6672560.297533, 385061.837466 6672554.385160)

LINESTRING (385070.173541 6672560.297533, 385070.134495 6672560.822543)

LINESTRING (385070.173541 6672560.297533, 385071.147007 6672558.940807, 385074.480264 6672554.757377)

LINESTRING (385061.837466 6672554.385160, 385051.777827 6672547.512763)

LINESTRING (385061.837466 6672554.385160, 385070.173541 6672560.297533)

LINESTRING (385061.837466 6672554.385160, 385060.433502 6672556.000575)

LINESTRING (385070.134495 6672560.822543, 385070.173541 6672560.297533)

LINESTRING (385070.134495 6672560.822543, 385066.930568 6672565.057640)

LINESTRING (385070.134495 6672560.822543, 385071.225308 6672561.612995, 385076.168641 6672565.213522)

LINESTRING (384796.637741 6672421.963857, 384837.359868 6672425.352721)

LINESTRING (384796.637741 6672421.963857, 384795.451031 6672424.129761)

LINESTRING (384796.637741 6672421.963857, 384797.279624 6672420.305442, 384799.370523 6672414.934950)

LINESTRING (384837.359868 6672425.352721, 384837.828731 6672417.837811)

LINESTRING (384837.359868 6672425.352721, 384796.637741 6672421.963857)

LINESTRING (384837.359868 6672425.352721, 384843.940644 6672426.628013)

LINESTRING (384837.359868 6672425.352721, 384837.464211 6672427.611749, 384836.552994 6672430.593661)

LINESTRING (384795.451031 6672424.129761, 384791.090214 6672422.294372)

LINESTRING (384795.451031 6672424.129761, 384794.851423 6672425.719979)

LINESTRING (384795.451031 6672424.129761, 384796.637741 6672421.963857)

LINESTRING (384799.370523 6672414.934950, 384794.192133 6672413.938812)

LINESTRING (384799.370523 6672414.934950, 384802.408287 6672415.307469, 384834.951538 6672417.627379, 384837.828731 6672417.837811)

LINESTRING (384799.370523 6672414.934950, 384797.279624 6672420.305442, 384796.637741 6672421.963857)

LINESTRING (384799.370523 6672414.934950, 384801.191158 6672408.915441, 384801.653850 6672407.385252)

LINESTRING (384837.828731 6672417.837811, 384838.506926 6672410.093432)

LINESTRING (384837.828731 6672417.837811, 384837.359868 6672425.352721)

LINESTRING (384837.828731 6672417.837811, 384846.416929 6672418.325606)

LINESTRING (384837.828731 6672417.837811, 384834.951538 6672417.627379, 384802.408287 6672415.307469, 384799.370523 6672414.934950)

LINESTRING (384801.653850 6672407.385252, 384802.062363 6672405.544724)

LINESTRING (384801.653850 6672407.385252, 384838.506926 6672410.093432)

LINESTRING (384801.653850 6672407.385252, 384801.191158 6672408.915441, 384799.370523 6672414.934950)

LINESTRING (384825.732196 6672350.805814, 384821.753299 6672348.757777)

LINESTRING (384825.732196 6672350.805814, 384822.227063 6672357.290620, 384811.812083 6672381.701153, 384802.062363 6672405.544724)

LINESTRING (384825.732196 6672350.805814, 384835.990948 6672333.075724, 384839.905722 6672327.079551)

LINESTRING (384802.062363 6672405.544724, 384801.653850 6672407.385252)

LINESTRING (384802.062363 6672405.544724, 384800.757089 6672405.530056, 384797.191072 6672405.486196)

LINESTRING (384802.062363 6672405.544724, 384811.812083 6672381.701153, 384822.227063 6672357.290620, 384825.732196 6672350.805814)

LINESTRING (384797.191072 6672405.486196, 384794.192133 6672413.938812)

LINESTRING (384797.191072 6672405.486196, 384800.757089 6672405.530056, 384802.062363 6672405.544724)

LINESTRING (384797.191072 6672405.486196, 384792.378989 6672405.191779, 384789.444449 6672404.570844, 384784.687957 6672403.572593)

LINESTRING (384656.731332 6672545.277885, 384649.448710 6672544.103051)

LINESTRING (384656.731332 6672545.277885, 384657.518025 6672538.700200)

LINESTRING (384656.731332 6672545.277885, 384660.518605 6672546.885997, 384674.227736 6672560.663406)

LINESTRING (384656.731332 6672545.277885, 384656.640219 6672548.378900, 384696.143137 6672594.554463, 384722.981441 6672599.649575)

LINESTRING (384674.227736 6672560.663406, 384660.518605 6672546.885997, 384656.731332 6672545.277885)

LINESTRING (384728.367724 6672598.967400, 384723.398647 6672598.087372)

LINESTRING (384728.367724 6672598.967400, 384728.786615 6672596.223838, 384733.347722 6672569.322588, 384739.240296 6672542.914377, 384745.784684 6672517.455230, 384746.961166 6672512.849007)

LINESTRING (384728.367724 6672598.967400, 384732.756448 6672599.754255, 384735.637772 6672600.276514, 384740.405764 6672601.118309)

LINESTRING (384740.405764 6672601.118309, 384738.945195 6672610.280391)

LINESTRING (384740.405764 6672601.118309, 384745.347100 6672601.999232)

LINESTRING (384740.405764 6672601.118309, 384735.637772 6672600.276514, 384732.756448 6672599.754255, 384728.367724 6672598.967400)

LINESTRING (384459.796907 6672536.908366, 384449.884285 6672536.496704, 384446.461774 6672537.830572, 384440.121897 6672542.254343, 384398.098549 6672557.956843, 384383.381564 6672557.841888)

LINESTRING (384459.796907 6672536.908366, 384460.251348 6672534.241656, 384458.970534 6672528.665268, 384455.055296 6672523.004825, 384443.768286 6672513.877014)

LINESTRING (384459.796907 6672536.908366, 384460.810435 6672543.340162, 384462.690612 6672547.147967, 384467.185384 6672550.940160)

LINESTRING (384437.656608 6672590.464939, 384409.850931 6672608.393401, 384393.563388 6672617.967923, 384390.024648 6672619.662139, 384385.790019 6672620.241593, 384379.763029 6672619.796625, 384365.117857 6672615.266287)

LINESTRING (384437.656608 6672590.464939, 384441.965880 6672588.378693, 384446.166644 6672587.956396, 384447.476500 6672588.293979)

LINESTRING (384437.656608 6672590.464939, 384431.678904 6672588.591841, 384416.543124 6672579.072924, 384408.536994 6672574.678369, 384404.745286 6672573.460709, 384395.820787 6672573.920709, 384386.455270 6672563.751712, 384383.381564 6672557.841888)

LINESTRING (384437.801183 6672517.798671, 384443.768286 6672513.877014)

LINESTRING (384437.801183 6672517.798671, 384426.751207 6672520.231353, 384403.562383 6672527.538384, 384367.202081 6672540.421270)

LINESTRING (384437.801183 6672517.798671, 384437.424779 6672521.354477, 384434.295570 6672524.417633, 384430.056244 6672527.315222, 384425.221391 6672530.343052, 384420.595191 6672532.417028, 384413.800253 6672535.439863, 384406.195405 6672537.429552, 384399.672552 6672540.276661, 384391.539419 6672545.581809, 384386.639528 6672550.417145, 384383.974001 6672553.744321, 384383.381564 6672557.841888)

LINESTRING (384459.634042 6672584.544801, 384457.882882 6672590.985805)

LINESTRING (384459.634042 6672584.544801, 384467.185384 6672550.940160)

LINESTRING (384459.634042 6672584.544801, 384462.401597 6672583.922560, 384465.442199 6672582.979664, 384468.210374 6672581.320976, 384470.985916 6672579.015680, 384472.871394 6672576.303831, 384474.197789 6672573.821361, 384475.319795 6672570.843841, 384475.948492 6672567.012615, 384475.689237 6672563.722042, 384474.848283 6672560.472106, 384472.766554 6672557.138720, 384471.116771 6672554.649830, 384468.998327 6672552.264880, 384467.185384 6672550.940160)

LINESTRING (384509.854519 6672440.022443, 384503.249612 6672438.514474)

LINESTRING (384503.249612 6672438.514474, 384499.554804 6672454.634380)

LINESTRING (384503.249612 6672438.514474, 384507.178762 6672421.373043)

LINESTRING (384503.249612 6672438.514474, 384509.854519 6672440.022443)

LINESTRING (384466.234455 6672929.791735, 384473.813213 6672919.433488)

LINESTRING (384466.234455 6672929.791735, 384466.034462 6672927.323980, 384467.731249 6672918.109720)

LINESTRING (384473.813213 6672919.433488, 384475.186990 6672912.826077)

LINESTRING (384473.813213 6672919.433488, 384482.905609 6672921.330967)

LINESTRING (384473.813213 6672919.433488, 384470.023078 6672918.605782, 384467.731249 6672918.109720)

LINESTRING (384467.731249 6672918.109720, 384390.653426 6672902.856029, 384373.996232 6672899.447943)

LINESTRING (384467.731249 6672918.109720, 384470.023078 6672918.605782, 384473.813213 6672919.433488)

LINESTRING (384467.731249 6672918.109720, 384468.333748 6672914.858825, 384468.926560 6672911.652814)

LINESTRING (384467.731249 6672918.109720, 384466.034462 6672927.323980, 384466.234455 6672929.791735)

LINESTRING (384262.578618 6673047.154660, 384257.740373 6673046.360304)

LINESTRING (384262.578618 6673047.154660, 384262.146595 6673049.820698)

LINESTRING (384262.578618 6673047.154660, 384264.301869 6673040.903872, 384265.342743 6673037.126434)

LINESTRING (384257.740373 6673046.360304, 384262.578618 6673047.154660)

LINESTRING (384257.740373 6673046.360304, 384259.799093 6673036.320936)

LINESTRING (384257.740373 6673046.360304, 384257.190129 6673048.974356)

LINESTRING (384262.146595 6673049.820698, 384257.190129 6673048.974356)

LINESTRING (384262.146595 6673049.820698, 384259.982422 6673059.685086)

LINESTRING (384262.146595 6673049.820698, 384262.578618 6673047.154660)

LINESTRING (384257.190129 6673048.974356, 384262.146595 6673049.820698)

LINESTRING (384257.190129 6673048.974356, 384252.923117 6673048.161951)

LINESTRING (384257.190129 6673048.974356, 384257.740373 6673046.360304)

LINESTRING (384257.190129 6673048.974356, 384255.989099 6673054.885452)

LINESTRING (384427.128826 6672903.409784, 384375.169008 6672893.337189)

LINESTRING (384427.128826 6672903.409784, 384430.582982 6672887.609400)

LINESTRING (384470.713156 6672902.469157, 384471.202369 6672900.202547)

LINESTRING (384470.713156 6672902.469157, 384473.523597 6672903.038015, 384477.004493 6672903.741748)

LINESTRING (384470.713156 6672902.469157, 384470.328896 6672904.543000, 384468.926560 6672911.652814)

LINESTRING (384373.996232 6672899.447943, 384369.144272 6672898.575855)

LINESTRING (384373.996232 6672899.447943, 384375.169008 6672893.337189)

LINESTRING (384373.996232 6672899.447943, 384370.134159 6672921.134396)

LINESTRING (384373.996232 6672899.447943, 384390.653426 6672902.856029, 384467.731249 6672918.109720)

LINESTRING (384498.721027 6672917.243597, 384497.121151 6672923.724396)

LINESTRING (384498.721027 6672917.243597, 384500.647824 6672908.278424)

LINESTRING (384498.721027 6672917.243597, 384492.119489 6672915.991899)

LINESTRING (384497.121151 6672923.724396, 384578.039624 6672939.505609)

LINESTRING (384497.121151 6672923.724396, 384490.757974 6672922.988971)

LINESTRING (384497.121151 6672923.724396, 384494.676501 6672934.399860)

LINESTRING (384497.121151 6672923.724396, 384498.721027 6672917.243597)

LINESTRING (384500.647824 6672908.278424, 384493.851805 6672907.021711)

LINESTRING (384500.647824 6672908.278424, 384498.721027 6672917.243597)

LINESTRING (384500.647824 6672908.278424, 384501.791400 6672903.171639)

LINESTRING (384578.039624 6672939.505609, 384579.256103 6672933.538434)

LINESTRING (384578.039624 6672939.505609, 384497.121151 6672923.724396)

LINESTRING (384578.039624 6672939.505609, 384595.789693 6672942.902454)

LINESTRING (384578.039624 6672939.505609, 384576.889359 6672944.579144, 384574.901700 6672950.737794, 384572.533695 6672955.749415, 384567.616881 6672962.501900, 384543.307784 6672985.256216, 384541.153330 6672988.411151, 384534.019107 6673025.368140, 384533.420538 6673035.082668)

LINESTRING (384494.676501 6672934.399860, 384497.121151 6672923.724396)

LINESTRING (384494.676501 6672934.399860, 384473.602898 6673040.346120)

LINESTRING (384685.299721 6672960.053478, 384685.634859 6672953.066524)

LINESTRING (384685.299721 6672960.053478, 384680.556238 6672959.623344)

LINESTRING (384685.299721 6672960.053478, 384689.713754 6672960.070503)

LINESTRING (384680.556238 6672959.623344, 384678.884003 6672959.408540)

LINESTRING (384680.556238 6672959.623344, 384685.299721 6672960.053478)

LINESTRING (384968.419112 6672361.578460, 384964.633949 6672367.993904)

LINESTRING (384968.419112 6672361.578460, 385004.152635 6672303.330411)

LINESTRING (384968.419112 6672361.578460, 385004.123890 6672383.236357)

LINESTRING (384968.419112 6672361.578460, 384961.710627 6672357.476284)

LINESTRING (384964.633949 6672367.993904, 384960.843253 6672374.409526)

LINESTRING (384964.633949 6672367.993904, 384968.419112 6672361.578460)

LINESTRING (384964.633949 6672367.993904, 384957.952156 6672363.857464)

LINESTRING (385004.123890 6672383.236357, 385040.043217 6672405.021583)

LINESTRING (385004.123890 6672383.236357, 384968.419112 6672361.578460)

LINESTRING (385004.123890 6672383.236357, 385000.485266 6672389.368553)

LINESTRING (385004.123890 6672383.236357, 385004.814885 6672382.077938, 385012.783177 6672368.655141, 385015.235640 6672364.532748, 384996.599334 6672353.494284)

LINESTRING (384961.710627 6672357.476284, 384968.419112 6672361.578460)

LINESTRING (384961.710627 6672357.476284, 384954.996930 6672353.385428)

LINESTRING (384961.710627 6672357.476284, 384962.448740 6672356.227222, 384965.406394 6672351.219666, 384975.670887 6672334.359075, 384977.862109 6672328.283452, 384984.977915 6672316.180114, 384988.727932 6672310.233862)

LINESTRING (384960.843253 6672374.409526, 384960.024038 6672375.728002)

LINESTRING (384960.843253 6672374.409526, 384964.633949 6672367.993904)

LINESTRING (384960.843253 6672374.409526, 384964.623096 6672376.664559)

LINESTRING (384957.952156 6672363.857464, 384961.710627 6672357.476284)

LINESTRING (384957.952156 6672363.857464, 384953.348150 6672371.602530)

LINESTRING (385054.890572 6672408.924186, 385048.865816 6672417.048045)

LINESTRING (385054.890572 6672408.924186, 385058.922917 6672403.481785)

LINESTRING (385054.890572 6672408.924186, 385056.097611 6672409.878153)

LINESTRING (385051.285656 6672419.847343, 385059.834821 6672429.709262)

LINESTRING (385051.285656 6672419.847343, 385048.865816 6672417.048045)

LINESTRING (385051.285656 6672419.847343, 385051.829076 6672419.117050)

LINESTRING (385044.914938 6672411.109516, 385048.865816 6672417.048045)

LINESTRING (385044.914938 6672411.109516, 385040.043217 6672405.021583)

LINESTRING (385044.914938 6672411.109516, 385039.622085 6672417.962252)

LINESTRING (385044.914938 6672411.109516, 385047.708604 6672407.243900, 385059.084681 6672391.474242)

LINESTRING (385059.084681 6672391.474242, 385081.529037 6672360.379333)

LINESTRING (385059.084681 6672391.474242, 385065.458913 6672394.662097)

LINESTRING (385059.084681 6672391.474242, 385047.708604 6672407.243900, 385044.914938 6672411.109516)

LINESTRING (385074.978979 6672688.485119, 385081.675282 6672686.737070)

LINESTRING (385074.978979 6672688.485119, 385082.538959 6672701.699126)

LINESTRING (385074.978979 6672688.485119, 385073.083221 6672687.519329, 385066.864138 6672688.728633)

LINESTRING (385089.823591 6672684.375112, 385081.675282 6672686.737070)

LINESTRING (385089.823591 6672684.375112, 385087.411567 6672675.802776)

LINESTRING (385088.335630 6672698.352242, 385095.438469 6672710.800511)

LINESTRING (385088.335630 6672698.352242, 385082.538959 6672701.699126)

LINESTRING (385088.335630 6672698.352242, 385082.671983 6672688.422026, 385081.675282 6672686.737070)

LINESTRING (384233.462307 6672479.729699, 384235.734380 6672483.279833)

LINESTRING (384233.462307 6672479.729699, 384211.618007 6672449.126574)

LINESTRING (384233.462307 6672479.729699, 384242.690334 6672473.230569)

LINESTRING (384235.734380 6672483.279833, 384242.302440 6672494.863075)

LINESTRING (384235.734380 6672483.279833, 384233.462307 6672479.729699)

LINESTRING (384235.734380 6672483.279833, 384226.340928 6672502.812084)

LINESTRING (384242.690334 6672473.230569, 384247.202515 6672464.562454)

LINESTRING (384242.690334 6672473.230569, 384233.462307 6672479.729699)

LINESTRING (384242.690334 6672473.230569, 384252.598613 6672487.728409, 384242.302440 6672494.863075)

LINESTRING (384242.302440 6672494.863075, 384235.734380 6672483.279833)

LINESTRING (384242.302440 6672494.863075, 384251.769804 6672507.357700, 384259.436193 6672508.018125, 384271.112483 6672502.388977, 384282.653733 6672492.484664, 384282.716745 6672483.934879, 384276.326648 6672472.357091)

LINESTRING (384242.302440 6672494.863075, 384252.598613 6672487.728409, 384242.690334 6672473.230569)

LINESTRING (384226.340928 6672502.812084, 384235.734380 6672483.279833)

LINESTRING (384276.326648 6672472.357091, 384266.869153 6672457.187422)

LINESTRING (384276.326648 6672472.357091, 384282.716745 6672483.934879, 384282.653733 6672492.484664, 384271.112483 6672502.388977, 384259.436193 6672508.018125, 384251.769804 6672507.357700, 384242.302440 6672494.863075)

LINESTRING (384276.326648 6672472.357091, 384266.186530 6672478.283154, 384257.360349 6672463.940539)

LINESTRING (384266.869153 6672457.187422, 384247.885122 6672425.724743)

LINESTRING (384266.869153 6672457.187422, 384276.326648 6672472.357091)

LINESTRING (384266.869153 6672457.187422, 384257.360349 6672463.940539)

LINESTRING (384257.360349 6672463.940539, 384266.869153 6672457.187422)

LINESTRING (384257.360349 6672463.940539, 384247.202515 6672464.562454)

LINESTRING (384257.360349 6672463.940539, 384266.186530 6672478.283154, 384276.326648 6672472.357091)

LINESTRING (384478.771178 6672985.965384, 384470.634334 6672984.260664)

LINESTRING (384478.771178 6672985.965384, 384477.359532 6672993.131213, 384469.293483 6673034.140894)

LINESTRING (384470.634334 6672984.260664, 384461.213327 6673032.646155)

LINESTRING (384470.634334 6672984.260664, 384482.905609 6672921.330967)

LINESTRING (384470.634334 6672984.260664, 384478.771178 6672985.965384)

LINESTRING (384470.634334 6672984.260664, 384460.943186 6672982.560424)

LINESTRING (384501.791400 6672903.171639, 384512.184005 6672904.927884)

LINESTRING (384501.791400 6672903.171639, 384500.647824 6672908.278424)

LINESTRING (384501.791400 6672903.171639, 384512.881723 6672849.417763, 384514.645090 6672839.844812)

LINESTRING (384512.184005 6672904.927884, 384501.791400 6672903.171639)

LINESTRING (384512.184005 6672904.927884, 384534.851924 6672908.815730, 384612.119437 6672923.776689)

LINESTRING (384512.184005 6672904.927884, 384513.876662 6672898.923378, 384514.281311 6672897.495274)

LINESTRING (384514.645090 6672839.844812, 384515.937613 6672833.474016)

LINESTRING (384514.645090 6672839.844812, 384526.568210 6672842.243794)

LINESTRING (384514.645090 6672839.844812, 384512.881723 6672849.417763, 384501.791400 6672903.171639)

LINESTRING (384612.119437 6672923.776689, 384617.949098 6672924.495701)

LINESTRING (384612.119437 6672923.776689, 384534.851924 6672908.815730, 384512.184005 6672904.927884)

LINESTRING (384612.119437 6672923.776689, 384607.772051 6672915.833973, 384603.975612 6672911.986191, 384627.336766 6672916.209379)

LINESTRING (384514.281311 6672897.495274, 384515.917592 6672890.054915)

LINESTRING (384514.281311 6672897.495274, 384530.884229 6672900.771970)

LINESTRING (384514.281311 6672897.495274, 384513.876662 6672898.923378, 384512.184005 6672904.927884)

LINESTRING (384515.917592 6672890.054915, 384532.525806 6672893.498620)

LINESTRING (384515.917592 6672890.054915, 384514.281311 6672897.495274)

LINESTRING (384515.917592 6672890.054915, 384517.166848 6672883.897228)

LINESTRING (384532.525806 6672893.498620, 384549.150414 6672897.287358)

LINESTRING (384532.525806 6672893.498620, 384515.917592 6672890.054915)

LINESTRING (384532.525806 6672893.498620, 384530.884229 6672900.771970)

LINESTRING (384532.525806 6672893.498620, 384534.001219 6672887.645852)

LINESTRING (384561.536250 6672900.106490, 384549.150414 6672897.287358)

LINESTRING (384561.536250 6672900.106490, 384563.346805 6672892.203741)

LINESTRING (384561.536250 6672900.106490, 384560.107132 6672906.548441, 384547.358850 6672904.030496)

LINESTRING (384549.150414 6672897.287358, 384561.536250 6672900.106490)

LINESTRING (384549.150414 6672897.287358, 384532.525806 6672893.498620)

LINESTRING (384549.150414 6672897.287358, 384547.358850 6672904.030496)

LINESTRING (384549.150414 6672897.287358, 384550.771807 6672891.485718)

LINESTRING (384563.346805 6672892.203741, 384561.536250 6672900.106490)

LINESTRING (384563.346805 6672892.203741, 384551.235515 6672889.465102)

LINESTRING (384563.346805 6672892.203741, 384564.379055 6672887.613133, 384552.290287 6672884.884924)

LINESTRING (384547.358850 6672904.030496, 384530.884229 6672900.771970)

LINESTRING (384547.358850 6672904.030496, 384549.150414 6672897.287358)

LINESTRING (384547.358850 6672904.030496, 384560.107132 6672906.548441, 384561.536250 6672900.106490)

LINESTRING (384740.943275 6672958.825464, 384739.034726 6672958.863248)

LINESTRING (384740.943275 6672958.825464, 384745.000818 6672985.968109)

LINESTRING (384740.943275 6672958.825464, 384741.948165 6672958.827269, 384745.317433 6672958.810379)

LINESTRING (384745.000818 6672985.968109, 384740.943275 6672958.825464)

LINESTRING (384745.000818 6672985.968109, 384752.991642 6673039.131733)

LINESTRING (384745.000818 6672985.968109, 384749.348724 6672985.296333)

LINESTRING (384745.000818 6672985.968109, 384743.244189 6672986.246285, 384742.680597 6672986.330891, 384727.294137 6672988.698613)

LINESTRING (384745.317433 6672958.810379, 384743.397870 6672950.913692)

LINESTRING (384745.317433 6672958.810379, 384748.453766 6672958.800824, 384749.796966 6672958.791983, 384752.883034 6672958.772868, 384754.098674 6672958.768044, 384757.140724 6672958.761463)

LINESTRING (384745.317433 6672958.810379, 384741.948165 6672958.827269, 384740.943275 6672958.825464)

LINESTRING (384912.418899 6672978.406858, 384910.992903 6672984.436208)

LINESTRING (384912.418899 6672978.406858, 384905.777420 6672977.111103)

LINESTRING (384912.418899 6672978.406858, 384914.096153 6672971.009998, 384915.746192 6672964.160069)

LINESTRING (384910.992903 6672984.436208, 384912.418899 6672978.406858)

LINESTRING (384910.992903 6672984.436208, 384904.507773 6672983.168975)

LINESTRING (384910.992903 6672984.436208, 384939.438878 6672989.738570)

LINESTRING (384905.777420 6672977.111103, 384904.507773 6672983.168975)

LINESTRING (384905.777420 6672977.111103, 384898.554949 6672975.699889)

LINESTRING (384897.500261 6672981.884740, 384898.554949 6672975.699889)

LINESTRING (384897.500261 6672981.884740, 384895.519568 6672992.166398)

LINESTRING (384897.500261 6672981.884740, 384864.447809 6672975.568513)

LINESTRING (384897.500261 6672981.884740, 384904.507773 6672983.168975)

LINESTRING (384898.554949 6672975.699889, 384897.500261 6672981.884740)

LINESTRING (384898.554949 6672975.699889, 384895.393142 6672975.074888, 384862.667196 6672968.904433)

LINESTRING (384898.554949 6672975.699889, 384899.875830 6672968.269645, 384900.535389 6672960.993921)

LINESTRING (384895.519568 6672992.166398, 384897.500261 6672981.884740)

LINESTRING (384895.519568 6672992.166398, 384888.605705 6672991.035258)

LINESTRING (384864.447809 6672975.568513, 384856.885606 6672974.123484)

LINESTRING (384864.447809 6672975.568513, 384897.500261 6672981.884740)

LINESTRING (384864.447809 6672975.568513, 384862.667196 6672968.904433)

LINESTRING (384904.507773 6672983.168975, 384905.777420 6672977.111103)

LINESTRING (384904.507773 6672983.168975, 384897.500261 6672981.884740)

LINESTRING (384904.507773 6672983.168975, 384910.992903 6672984.436208)

LINESTRING (384939.438878 6672989.738570, 384910.992903 6672984.436208)

LINESTRING (384939.438878 6672989.738570, 384961.183730 6672993.791747)

LINESTRING (384939.438878 6672989.738570, 384940.656617 6672983.793787)

LINESTRING (384939.438878 6672989.738570, 384938.982321 6672991.992935, 384935.850090 6673007.325721)

LINESTRING (384862.667196 6672968.904433, 384864.447809 6672975.568513)

LINESTRING (384862.667196 6672968.904433, 384857.261159 6672967.881963, 384855.127513 6672967.469844)

LINESTRING (384862.667196 6672968.904433, 384858.715877 6672960.826402, 384858.877529 6672957.845768, 384855.185878 6672952.200196)

LINESTRING (384885.269850 6672958.030155, 384873.702037 6672955.786028)

LINESTRING (384885.269850 6672958.030155, 384900.535389 6672960.993921)

LINESTRING (384885.269850 6672958.030155, 384888.431409 6672942.752121)

LINESTRING (384190.401765 6672509.163914, 384203.507099 6672519.058174, 384211.228444 6672523.037810, 384218.145159 6672526.329653, 384232.559546 6672529.161619, 384246.282737 6672529.976050, 384261.299450 6672527.974686, 384272.901221 6672524.030708, 384281.350193 6672519.762891, 384290.757152 6672511.898604, 384301.214640 6672501.081311, 384308.058900 6672491.358894, 384312.161001 6672480.954139, 384315.170709 6672469.714627, 384316.128758 6672461.548920, 384316.061405 6672450.451178)

LINESTRING (384190.401765 6672509.163914, 384182.097036 6672500.432937, 384155.856627 6672461.633084)

LINESTRING (384190.401765 6672509.163914, 384187.298027 6672510.744270, 384180.504889 6672514.346999)

LINESTRING (384316.061405 6672450.451178, 384311.438158 6672429.768235, 384307.544894 6672419.716330, 384288.852078 6672391.665594)

LINESTRING (384316.061405 6672450.451178, 384316.128758 6672461.548920, 384315.170709 6672469.714627, 384312.161001 6672480.954139, 384308.058900 6672491.358894, 384301.214640 6672501.081311, 384290.757152 6672511.898604, 384281.350193 6672519.762891, 384272.901221 6672524.030708, 384261.299450 6672527.974686, 384246.282737 6672529.976050, 384232.559546 6672529.161619, 384218.145159 6672526.329653, 384211.228444 6672523.037810, 384203.507099 6672519.058174, 384190.401765 6672509.163914)

LINESTRING (384316.061405 6672450.451178, 384314.930552 6672450.509186, 384310.870260 6672450.637434)

LINESTRING (384316.061405 6672450.451178, 384320.460065 6672451.894760, 384331.972283 6672455.654622)

LINESTRING (384525.598400 6672469.348508, 384527.012275 6672469.638264)

LINESTRING (384525.598400 6672469.348508, 384522.923668 6672481.546824)

LINESTRING (384525.598400 6672469.348508, 384524.279875 6672469.089180, 384507.402810 6672465.631624)

LINESTRING (384528.646508 6672356.805219, 384522.315722 6672355.366580)

LINESTRING (384573.088806 6672363.328078, 384576.396515 6672348.301473, 384576.484082 6672347.908659, 384577.740223 6672341.605916)

LINESTRING (384793.613434 6672347.525336, 384802.616468 6672349.192437)

LINESTRING (384793.613434 6672347.525336, 384790.536908 6672342.038769)

LINESTRING (384793.613434 6672347.525336, 384787.134606 6672352.320611, 384784.749354 6672356.630507)

LINESTRING (384839.859119 6672288.510325, 384842.714764 6672288.208800)

LINESTRING (384839.859119 6672288.510325, 384817.987459 6672290.802832)

LINESTRING (384839.859119 6672288.510325, 384839.058417 6672279.820596)

LINESTRING (384847.203318 6672283.153015, 384849.758641 6672277.890547)

LINESTRING (384847.203318 6672283.153015, 384851.942330 6672279.705297, 384859.299425 6672272.107589, 384868.693915 6672266.262389)

LINESTRING (384919.987754 6672192.000351, 384935.413134 6672169.550220, 384936.059824 6672168.571490)

LINESTRING (384919.987754 6672192.000351, 384893.231812 6672230.954791, 384888.381724 6672237.938707, 384868.693915 6672266.262389)

LINESTRING (384919.987754 6672192.000351, 384929.183824 6672197.328206, 384941.835311 6672204.653827)

LINESTRING (384869.560753 6672278.471665, 384864.250595 6672287.420344)

LINESTRING (384869.560753 6672278.471665, 384873.175634 6672275.649961, 384902.800034 6672232.047167, 384942.784756 6672173.185757)

LINESTRING (384790.536908 6672342.038769, 384793.613434 6672347.525336)

LINESTRING (384790.536908 6672342.038769, 384785.280142 6672333.611800)

LINESTRING (384790.536908 6672342.038769, 384799.559007 6672320.302058, 384799.798242 6672315.903647)

LINESTRING (384782.156462 6672356.634060, 384784.749354 6672356.630507)

LINESTRING (384800.947998 6672253.770988, 384795.636715 6672214.130302)

LINESTRING (384800.947998 6672253.770988, 384806.730750 6672296.929621)

LINESTRING (384800.947998 6672253.770988, 384795.152751 6672254.354454)

LINESTRING (384771.022343 6672302.934045, 384771.448919 6672305.550700)

LINESTRING (384771.022343 6672302.934045, 384806.730750 6672296.929621)

LINESTRING (384771.022343 6672302.934045, 384762.409441 6672304.141139)

LINESTRING (384771.022343 6672302.934045, 384770.787510 6672301.470373, 384769.187115 6672291.546495)

LINESTRING (384791.566842 6672202.133221, 384794.815174 6672209.018581)

LINESTRING (384791.566842 6672202.133221, 384797.962155 6672201.029383)

LINESTRING (384791.566842 6672202.133221, 384787.987527 6672195.670615, 384782.115674 6672160.104131)

LINESTRING (384791.566842 6672202.133221, 384749.026508 6672209.511725, 384741.585252 6672210.726571)

LINESTRING (384795.636715 6672214.130302, 384794.815174 6672209.018581)

LINESTRING (384795.636715 6672214.130302, 384800.947998 6672253.770988)

LINESTRING (384795.636715 6672214.130302, 384802.142952 6672213.022982)

LINESTRING (384771.448919 6672305.550700, 384771.022343 6672302.934045)

LINESTRING (384771.448919 6672305.550700, 384772.560898 6672312.480960)

LINESTRING (384771.448919 6672305.550700, 384808.372109 6672299.508075, 384813.266525 6672297.649064)

LINESTRING (384762.409441 6672304.141139, 384771.022343 6672302.934045)

LINESTRING (384762.409441 6672304.141139, 384685.258221 6672316.888965)

LINESTRING (384762.409441 6672304.141139, 384756.704193 6672269.639305, 384716.175963 6672276.174812)

LINESTRING (384769.187115 6672291.546495, 384770.787510 6672301.470373, 384771.022343 6672302.934045)

LINESTRING (384810.527889 6672211.622561, 384806.832259 6672210.111702)

LINESTRING (384810.527889 6672211.622561, 384807.156701 6672212.129776)

LINESTRING (384810.527889 6672211.622561, 384832.669359 6672208.006510, 384843.050908 6672206.353934, 384872.083937 6672170.603991, 384870.312253 6672158.579177)

LINESTRING (384807.156701 6672212.129776, 384810.527889 6672211.622561)

LINESTRING (384807.156701 6672212.129776, 384817.987459 6672290.802832)

LINESTRING (384807.156701 6672212.129776, 384802.142952 6672213.022982)

LINESTRING (384807.156701 6672212.129776, 384806.832259 6672210.111702)

LINESTRING (384870.312253 6672158.579177, 384867.980478 6672146.048183)

LINESTRING (384870.312253 6672158.579177, 384872.083937 6672170.603991, 384843.050908 6672206.353934, 384832.669359 6672208.006510, 384810.527889 6672211.622561)

LINESTRING (384870.312253 6672158.579177, 384858.172526 6672160.654700, 384845.294970 6672162.575148, 384840.110613 6672162.459525)

LINESTRING (384614.012865 6672940.701122, 384612.731684 6672946.202257)

LINESTRING (384614.012865 6672940.701122, 384596.852380 6672937.163021)

LINESTRING (384614.012865 6672940.701122, 384616.139500 6672932.431822, 384617.949098 6672924.495701)

LINESTRING (384612.731684 6672946.202257, 384614.012865 6672940.701122)

LINESTRING (384612.731684 6672946.202257, 384595.789693 6672942.902454)

LINESTRING (384612.731684 6672946.202257, 384678.884003 6672959.408540)

LINESTRING (384596.852380 6672937.163021, 384579.256103 6672933.538434)

LINESTRING (384596.852380 6672937.163021, 384595.789693 6672942.902454)

LINESTRING (384595.789693 6672942.902454, 384578.039624 6672939.505609)

LINESTRING (384595.789693 6672942.902454, 384612.731684 6672946.202257)

LINESTRING (384595.789693 6672942.902454, 384596.852380 6672937.163021)

LINESTRING (384595.789693 6672942.902454, 384586.184536 6672989.376509)

LINESTRING (384678.884003 6672959.408540, 384612.731684 6672946.202257)

LINESTRING (384678.884003 6672959.408540, 384680.556238 6672959.623344)

LINESTRING (384678.884003 6672959.408540, 384679.369861 6672952.271961)

LINESTRING (384678.884003 6672959.408540, 384677.658704 6672960.516991, 384675.594762 6672987.350865, 384672.421198 6672990.760702)

LINESTRING (384764.562773 6673009.379793, 384769.804550 6673008.535034)

LINESTRING (384762.269848 6672958.744927, 384769.804550 6673008.535034)

LINESTRING (384762.269848 6672958.744927, 384763.092999 6672958.440414)

LINESTRING (384762.269848 6672958.744927, 384760.582090 6672958.742318, 384757.140724 6672958.761463)

LINESTRING (384769.804550 6673008.535034, 384762.269848 6672958.744927)

LINESTRING (384769.804550 6673008.535034, 384764.562773 6673009.379793)

LINESTRING (384769.804550 6673008.535034, 384770.981292 6673008.353128, 384776.803650 6673007.434388, 384785.765569 6673005.904234)

LINESTRING (384763.092999 6672958.440414, 384761.606822 6672949.671962)

LINESTRING (384763.092999 6672958.440414, 384762.269848 6672958.744927)

LINESTRING (384763.092999 6672958.440414, 384766.366867 6672957.156084, 384802.018105 6672963.657151)

LINESTRING (384802.018105 6672963.657151, 384801.590351 6672965.765754)

LINESTRING (384802.018105 6672963.657151, 384803.273350 6672957.499391)

LINESTRING (384802.018105 6672963.657151, 384826.435670 6672968.305272)

LINESTRING (384802.018105 6672963.657151, 384766.366867 6672957.156084, 384763.092999 6672958.440414)

LINESTRING (384332.734930 6672682.854667, 384320.467549 6672678.015383)

LINESTRING (384332.734930 6672682.854667, 384323.338723 6672689.113722)

LINESTRING (384332.734930 6672682.854667, 384336.526170 6672679.313583)

LINESTRING (384332.734930 6672682.854667, 384338.297695 6672691.984596, 384355.622907 6672708.956545, 384366.043440 6672721.599643, 384374.724337 6672743.681314, 384376.075751 6672756.766803, 384377.841943 6672763.119096, 384378.239335 6672775.354295, 384377.020096 6672783.160467)

LINESTRING (384332.734930 6672682.854667, 384332.903167 6672688.533022, 384332.960918 6672695.986835)

LINESTRING (384332.734930 6672682.854667, 384330.121408 6672674.991219, 384328.573830 6672667.829639)

LINESTRING (384379.676572 6672722.751719, 384375.001669 6672723.802013)

LINESTRING (384379.676572 6672722.751719, 384391.332804 6672720.901529, 384393.145435 6672720.810876)

LINESTRING (384379.676572 6672722.751719, 384384.550500 6672733.809158, 384388.147096 6672757.165814, 384388.425510 6672770.909268, 384387.956821 6672774.880342)

LINESTRING (384379.676572 6672722.751719, 384369.689890 6672708.022020, 384348.299267 6672685.907062, 384344.108761 6672682.606907, 384340.869036 6672678.296018, 384338.959867 6672671.814520, 384337.483127 6672665.664845)

LINESTRING (384336.526170 6672679.313583, 384332.734930 6672682.854667)

LINESTRING (384336.526170 6672679.313583, 384334.846091 6672674.284776, 384333.194226 6672666.457821)

LINESTRING (384336.526170 6672679.313583, 384338.765649 6672682.541613, 384343.491524 6672687.674834, 384348.845308 6672692.297876, 384359.513386 6672701.701251, 384366.060749 6672709.663395, 384370.689955 6672716.660823, 384375.001669 6672723.802013)

LINESTRING (384393.145435 6672720.810876, 384391.332804 6672720.901529, 384379.676572 6672722.751719)

LINESTRING (384348.344485 6672671.339842, 384346.751642 6672666.787486)

LINESTRING (384358.500653 6672665.056858, 384356.333880 6672667.120132, 384351.842139 6672667.819191, 384346.751642 6672666.787486)

LINESTRING (384358.500653 6672665.056858, 384362.074295 6672660.073896, 384368.208256 6672656.347433, 384373.362315 6672656.050973, 384379.790963 6672659.547969)

LINESTRING (384358.500653 6672665.056858, 384362.512700 6672668.507543, 384366.502202 6672671.947799, 384368.227945 6672673.676422)

LINESTRING (384255.989099 6673054.885452, 384251.465233 6673053.323344)

LINESTRING (384255.989099 6673054.885452, 384257.190129 6673048.974356)

LINESTRING (384255.989099 6673054.885452, 384255.234518 6673058.586978)

LINESTRING (384251.465233 6673053.323344, 384255.989099 6673054.885452)

LINESTRING (384251.465233 6673053.323344, 384244.405645 6673051.451342)

LINESTRING (384251.465233 6673053.323344, 384252.923117 6673048.161951)

LINESTRING (384255.234518 6673058.586978, 384259.982422 6673059.685086)

LINESTRING (384255.234518 6673058.586978, 384255.989099 6673054.885452)

LINESTRING (384296.954847 6672970.419713, 384304.613125 6672930.614922)

LINESTRING (384296.954847 6672970.419713, 384308.248163 6672968.881591, 384315.623582 6672932.596269, 384304.613125 6672930.614922)

LINESTRING (384296.954847 6672970.419713, 384292.423647 6672992.874094, 384292.720909 6673002.281770, 384294.971403 6673023.608024, 384294.352668 6673031.083219, 384290.757228 6673039.577463, 384287.268016 6673040.189220, 384274.576630 6673038.762595, 384265.342743 6673037.126434)

LINESTRING (384304.613125 6672930.614922, 384296.954847 6672970.419713)

LINESTRING (384304.613125 6672930.614922, 384315.623582 6672932.596269, 384308.248163 6672968.881591, 384296.954847 6672970.419713)

LINESTRING (384304.613125 6672930.614922, 384297.258254 6672928.540395, 384286.304829 6672926.256400)

LINESTRING (384357.141283 6672920.719990, 384340.513268 6672917.355714, 384302.206781 6672908.747512, 384290.616900 6672906.528188)

LINESTRING (384265.131744 6672930.502876, 384273.406065 6672932.158226)

LINESTRING (384261.140464 6672950.187553, 384269.688529 6672951.722797)

LINESTRING (384203.227344 6673049.075609, 384197.126444 6673052.767906)

LINESTRING (384203.227344 6673049.075609, 384222.375891 6673032.266069)

LINESTRING (384197.126444 6673052.767906, 384203.227344 6673049.075609)

LINESTRING (384197.126444 6673052.767906, 384198.667854 6673054.814321, 384200.584184 6673057.305803)

LINESTRING (384197.126444 6673052.767906, 384182.277232 6673032.965734, 384193.832500 6673023.918734)

LINESTRING (384457.882882 6672590.985805, 384447.476500 6672588.293979)

LINESTRING (384457.882882 6672590.985805, 384451.480847 6672620.185596)

LINESTRING (384457.882882 6672590.985805, 384459.634042 6672584.544801)

LINESTRING (384457.882882 6672590.985805, 384462.639619 6672593.755584)

LINESTRING (384447.476500 6672588.293979, 384457.882882 6672590.985805)

LINESTRING (384447.476500 6672588.293979, 384445.570135 6672591.574868)

LINESTRING (384447.476500 6672588.293979, 384446.166644 6672587.956396, 384441.965880 6672588.378693, 384437.656608 6672590.464939)

LINESTRING (384451.480847 6672620.185596, 384450.704391 6672623.731734)

LINESTRING (384451.480847 6672620.185596, 384457.882882 6672590.985805)

LINESTRING (384451.480847 6672620.185596, 384441.765073 6672618.263255)

LINESTRING (384512.143351 6672716.499163, 384518.577929 6672718.079365)

LINESTRING (384512.143351 6672716.499163, 384514.399968 6672712.705764)

LINESTRING (384512.143351 6672716.499163, 384511.222523 6672721.454038)

LINESTRING (384446.247277 6672688.877845, 384441.403623 6672687.749067)

LINESTRING (384446.247277 6672688.877845, 384453.555938 6672656.216946)

LINESTRING (384446.247277 6672688.877845, 384445.858488 6672690.104856, 384451.512213 6672698.607986, 384514.399968 6672712.705764)

LINESTRING (384518.577929 6672718.079365, 384521.260772 6672705.969933, 384541.067092 6672620.458388, 384544.989283 6672602.570534, 384546.574760 6672594.920058)

LINESTRING (384511.222523 6672721.454038, 384509.944554 6672727.055408)

LINESTRING (384511.222523 6672721.454038, 384512.143351 6672716.499163)

LINESTRING (384511.222523 6672721.454038, 384506.927539 6672719.940107, 384497.659495 6672717.769478, 384444.252191 6672706.236959, 384435.324357 6672692.153492, 384436.565863 6672686.631253)

LINESTRING (384489.221436 6672791.198800, 384487.519357 6672797.961435, 384485.592442 6672806.748305)

LINESTRING (384516.111411 6672728.421159, 384518.577929 6672718.079365)

LINESTRING (384516.111411 6672728.421159, 384524.527513 6672730.161775)

LINESTRING (384516.111411 6672728.421159, 384509.944554 6672727.055408)

LINESTRING (384532.828185 6672731.939482, 384531.064560 6672739.394986)

LINESTRING (384532.828185 6672731.939482, 384538.859102 6672733.220401)

LINESTRING (384532.828185 6672731.939482, 384524.527513 6672730.161775)

LINESTRING (384531.064560 6672739.394986, 384537.238268 6672740.626823)

LINESTRING (384531.064560 6672739.394986, 384529.379505 6672747.405236, 384515.872815 6672806.595698, 384514.893106 6672810.738887, 384514.221738 6672813.568455)

LINESTRING (384531.064560 6672739.394986, 384530.124901 6672738.822815, 384529.033241 6672737.831948, 384528.150169 6672737.469737, 384523.013350 6672736.372386)

LINESTRING (384538.859102 6672733.220401, 384546.795722 6672697.386047)

LINESTRING (384538.859102 6672733.220401, 384549.127751 6672735.080978)

LINESTRING (384538.859102 6672733.220401, 384537.238268 6672740.626823)

LINESTRING (384538.859102 6672733.220401, 384532.828185 6672731.939482)

LINESTRING (384546.795722 6672697.386047, 384538.859102 6672733.220401)

LINESTRING (384546.795722 6672697.386047, 384547.778176 6672692.975317)

LINESTRING (384546.795722 6672697.386047, 384547.792470 6672697.655524)

LINESTRING (384549.127751 6672735.080978, 384552.198985 6672735.641680)

LINESTRING (384549.127751 6672735.080978, 384538.859102 6672733.220401)

LINESTRING (384549.127751 6672735.080978, 384549.381067 6672733.958550)

LINESTRING (384537.238268 6672740.626823, 384531.064560 6672739.394986)

LINESTRING (384537.238268 6672740.626823, 384538.859102 6672733.220401)

LINESTRING (384537.238268 6672740.626823, 384541.299286 6672741.412632, 384553.003445 6672743.372838, 384585.881978 6672749.190347)

LINESTRING (384537.238268 6672740.626823, 384535.744448 6672747.483164, 384535.393127 6672748.842716)

LINESTRING (384585.881978 6672749.190347, 384589.004514 6672749.794041)

LINESTRING (384585.881978 6672749.190347, 384584.387979 6672757.629178)

LINESTRING (384585.881978 6672749.190347, 384553.003445 6672743.372838, 384541.299286 6672741.412632, 384537.238268 6672740.626823)

LINESTRING (384436.565863 6672686.631253, 384441.403623 6672687.749067)

LINESTRING (384436.565863 6672686.631253, 384435.324357 6672692.153492, 384444.252191 6672706.236959, 384497.659495 6672717.769478, 384506.927539 6672719.940107, 384511.222523 6672721.454038)

LINESTRING (384436.565863 6672686.631253, 384437.424836 6672682.358118, 384450.704391 6672623.731734)

LINESTRING (384259.982422 6673059.685086, 384255.234518 6673058.586978)

LINESTRING (384259.982422 6673059.685086, 384262.146595 6673049.820698)

LINESTRING (384696.214376 6672746.004654, 384691.690545 6672747.974771)

LINESTRING (384696.214376 6672746.004654, 384696.553977 6672739.686229)

LINESTRING (384696.214376 6672746.004654, 384702.028212 6672754.324792)

LINESTRING (384691.690545 6672747.974771, 384696.214376 6672746.004654)

LINESTRING (384691.690545 6672747.974771, 384688.718332 6672745.973207)

LINESTRING (384691.690545 6672747.974771, 384687.938304 6672749.764577, 384674.863772 6672752.237993, 384665.847743 6672752.421625)

LINESTRING (384696.553977 6672739.686229, 384700.840481 6672734.057082)

LINESTRING (384696.553977 6672739.686229, 384690.949056 6672731.125489)

LINESTRING (384696.553977 6672739.686229, 384696.214376 6672746.004654)

LINESTRING (384368.227945 6672673.676422, 384366.502202 6672671.947799, 384362.512700 6672668.507543, 384358.500653 6672665.056858)

LINESTRING (384379.790963 6672659.547969, 384373.362315 6672656.050973, 384368.208256 6672656.347433, 384362.074295 6672660.073896, 384358.500653 6672665.056858)

LINESTRING (384529.741586 6672457.761420, 384527.012275 6672469.638264)

LINESTRING (384527.012275 6672469.638264, 384532.790853 6672470.826847)

LINESTRING (384527.012275 6672469.638264, 384525.598400 6672469.348508)

LINESTRING (384527.012275 6672469.638264, 384529.741586 6672457.761420)

LINESTRING (384791.090214 6672422.294372, 384795.451031 6672424.129761)

LINESTRING (384791.090214 6672422.294372, 384786.496227 6672434.051330, 384785.442823 6672436.747975, 384784.273513 6672440.172652)

LINESTRING (384791.090214 6672422.294372, 384786.492921 6672420.354983, 384783.679203 6672419.161889, 384779.250760 6672417.295208)

LINESTRING (384784.273513 6672440.172652, 384782.854418 6672444.128973)

LINESTRING (384784.273513 6672440.172652, 384788.929878 6672441.519526)

LINESTRING (384842.639160 6672594.313859, 384843.763173 6672590.155096)

LINESTRING (384842.639160 6672594.313859, 384835.751405 6672592.624748)

LINESTRING (384842.639160 6672594.313859, 384842.022793 6672596.606694, 384840.386996 6672602.676096, 384839.178502 6672607.149560, 384837.284050 6672614.174370, 384835.866764 6672619.423364, 384835.120899 6672622.188336)

LINESTRING (384738.010501 6672734.057198, 384729.613163 6672727.969190)

LINESTRING (384738.010501 6672734.057198, 384738.027681 6672735.661450)

LINESTRING (384738.010501 6672734.057198, 384736.315433 6672706.483583, 384736.461735 6672665.266994, 384741.938608 6672620.539329)

LINESTRING (384738.027681 6672735.661450, 384733.621333 6672747.891808)

LINESTRING (384738.027681 6672735.661450, 384738.010501 6672734.057198)

LINESTRING (384738.027681 6672735.661450, 384740.575543 6672737.587254, 384796.897721 6672727.646248)

LINESTRING (384804.018046 6672733.206209, 384795.279812 6672734.985575)

LINESTRING (384804.018046 6672733.206209, 384814.545216 6672730.935967)

LINESTRING (384804.018046 6672733.206209, 384801.365035 6672742.762393)

LINESTRING (384804.018046 6672733.206209, 384806.590148 6672724.254370)

LINESTRING (384816.465486 6672722.617579, 384806.590148 6672724.254370)

LINESTRING (384816.465486 6672722.617579, 384814.545216 6672730.935967)

LINESTRING (384816.465486 6672722.617579, 384817.573734 6672721.490573)

LINESTRING (384733.621333 6672747.891808, 384725.373393 6672748.842370)

LINESTRING (384733.621333 6672747.891808, 384731.212907 6672757.451497)

LINESTRING (384733.621333 6672747.891808, 384738.027681 6672735.661450)

LINESTRING (384733.621333 6672747.891808, 384736.126840 6672747.590061, 384738.920348 6672747.089797, 384741.680930 6672746.601716, 384753.190092 6672744.311534)

LINESTRING (384731.212907 6672757.451497, 384731.378442 6672764.121783)

LINESTRING (384731.212907 6672757.451497, 384733.621333 6672747.891808)

LINESTRING (384731.212907 6672757.451497, 384733.573440 6672756.953712)

LINESTRING (384753.190092 6672744.311534, 384754.427271 6672752.575176)

LINESTRING (384753.190092 6672744.311534, 384741.680930 6672746.601716, 384738.920348 6672747.089797, 384736.126840 6672747.590061, 384733.621333 6672747.891808)

LINESTRING (384753.190092 6672744.311534, 384792.786845 6672735.509774, 384795.279812 6672734.985575)

LINESTRING (384733.573440 6672756.953712, 384731.212907 6672757.451497)

LINESTRING (384733.573440 6672756.953712, 384754.427271 6672752.575176)

LINESTRING (384733.573440 6672756.953712, 384733.739082 6672757.806618, 384733.887383 6672758.637780)

LINESTRING (384704.916055 6672762.993376, 384702.028212 6672754.324792)

LINESTRING (384704.916055 6672762.993376, 384676.856431 6672767.209049, 384662.547074 6672768.372924, 384646.111198 6672768.121631, 384632.050741 6672766.435960, 384618.891038 6672764.265043, 384587.629722 6672758.139958)

LINESTRING (384704.916055 6672762.993376, 384706.582254 6672763.542718, 384707.453934 6672768.129058)

LINESTRING (384609.599434 6672753.235070, 384589.004514 6672749.794041)

LINESTRING (384609.599434 6672753.235070, 384610.852788 6672746.319475)

LINESTRING (384609.599434 6672753.235070, 384635.934215 6672757.710137, 384650.349541 6672759.028025, 384664.629320 6672759.391819, 384676.552144 6672758.604004, 384689.112493 6672756.904602, 384699.735639 6672754.865035, 384702.028212 6672754.324792)

LINESTRING (384587.629722 6672758.139958, 384584.387979 6672757.629178)

LINESTRING (384587.629722 6672758.139958, 384589.004514 6672749.794041)

LINESTRING (384587.629722 6672758.139958, 384618.891038 6672764.265043, 384632.050741 6672766.435960, 384646.111198 6672768.121631, 384662.547074 6672768.372924, 384676.856431 6672767.209049, 384704.916055 6672762.993376)

LINESTRING (384587.629722 6672758.139958, 384586.701641 6672763.395938, 384584.209013 6672777.494173, 384584.006297 6672779.517701)

LINESTRING (384707.453934 6672768.129058, 384712.275228 6672767.319758)

LINESTRING (384707.453934 6672768.129058, 384706.582254 6672763.542718, 384704.916055 6672762.993376)

LINESTRING (384707.453934 6672768.129058, 384711.073661 6672791.228896, 384713.309996 6672804.598644)

LINESTRING (384584.387979 6672757.629178, 384535.393127 6672748.842716)

LINESTRING (384584.387979 6672757.629178, 384587.629722 6672758.139958)

LINESTRING (384584.387979 6672757.629178, 384585.881978 6672749.190347)

LINESTRING (384584.387979 6672757.629178, 384583.474788 6672762.828968, 384580.981820 6672776.916072)

LINESTRING (384589.004514 6672749.794041, 384585.881978 6672749.190347)

LINESTRING (384589.004514 6672749.794041, 384609.599434 6672753.235070)

LINESTRING (384589.004514 6672749.794041, 384587.629722 6672758.139958)

LINESTRING (384589.004514 6672749.794041, 384590.125285 6672742.548283)

LINESTRING (384584.006297 6672779.517701, 384582.750270 6672786.522548)

LINESTRING (384584.006297 6672779.517701, 384590.240860 6672780.569395, 384588.979275 6672787.574414)

LINESTRING (384584.006297 6672779.517701, 384584.209013 6672777.494173, 384586.701641 6672763.395938, 384587.629722 6672758.139958)

LINESTRING (384981.535858 6672540.211866, 384983.679036 6672546.931479)

LINESTRING (384981.535858 6672540.211866, 384988.850691 6672537.820149)

LINESTRING (384981.535858 6672540.211866, 384978.663605 6672541.215907)

LINESTRING (385013.387003 6672537.506649, 384983.679036 6672546.931479)

LINESTRING (385013.387003 6672537.506649, 385033.067718 6672531.260911)

LINESTRING (385013.387003 6672537.506649, 385011.988745 6672530.284426)

LINESTRING (384978.663605 6672541.215907, 384981.535858 6672540.211866)

LINESTRING (384978.663605 6672541.215907, 384972.206534 6672542.633434)

LINESTRING (384978.663605 6672541.215907, 384978.411969 6672540.098229)

LINESTRING (384931.235054 6672436.711622, 384927.212075 6672443.858966)

LINESTRING (384931.235054 6672436.711622, 384934.055020 6672431.920104)

LINESTRING (384931.235054 6672436.711622, 384952.938899 6672450.138583)

LINESTRING (384931.235054 6672436.711622, 384925.472720 6672433.738805)

LINESTRING (384934.055020 6672431.920104, 384931.235054 6672436.711622)

LINESTRING (384934.055020 6672431.920104, 384941.861428 6672418.658244)

LINESTRING (384934.055020 6672431.920104, 384936.410384 6672433.194577)

LINESTRING (384952.938899 6672450.138583, 384931.235054 6672436.711622)

LINESTRING (384952.938899 6672450.138583, 384957.395182 6672452.896143)

LINESTRING (384952.938899 6672450.138583, 384953.945286 6672448.769647)

LINESTRING (384925.472720 6672433.738805, 384921.686764 6672440.477512)

LINESTRING (384925.472720 6672433.738805, 384917.962361 6672429.383297)

LINESTRING (384925.472720 6672433.738805, 384931.235054 6672436.711622)

LINESTRING (384906.282670 6672422.216703, 384901.833757 6672428.530489)

LINESTRING (384906.282670 6672422.216703, 384910.921021 6672424.935055)

LINESTRING (384906.282670 6672422.216703, 384928.054901 6672384.265837, 384937.973887 6672381.513606)

LINESTRING (384906.282670 6672422.216703, 384892.609840 6672413.820036, 384838.506926 6672410.093432)

LINESTRING (384838.506926 6672410.093432, 384837.828731 6672417.837811)

LINESTRING (384838.506926 6672410.093432, 384801.653850 6672407.385252)

LINESTRING (384838.506926 6672410.093432, 384892.609840 6672413.820036, 384906.282670 6672422.216703)

LINESTRING (384824.823249 6672510.299356, 384823.147460 6672518.275712)

LINESTRING (384824.823249 6672510.299356, 384831.886151 6672486.830075)

LINESTRING (384824.823249 6672510.299356, 384819.034876 6672508.263655)

LINESTRING (384833.757643 6672460.002423, 384839.572548 6672461.290642)

LINESTRING (384833.757643 6672460.002423, 384843.150295 6672429.216070, 384843.940644 6672426.628013)

LINESTRING (384833.757643 6672460.002423, 384820.847192 6672502.333571, 384819.034876 6672508.263655)

LINESTRING (384831.886151 6672486.830075, 384824.823249 6672510.299356)

LINESTRING (384831.886151 6672486.830075, 384834.646373 6672477.671755)

LINESTRING (384831.886151 6672486.830075, 384835.606914 6672487.560052, 384840.887310 6672483.504631)

LINESTRING (384823.082090 6672526.613767, 384825.251791 6672532.931268, 384829.605411 6672540.015922, 384834.666267 6672546.108781, 384842.902237 6672553.238538, 384847.704779 6672555.884777, 384853.674513 6672558.394027)

LINESTRING (384823.082090 6672526.613767, 384822.234678 6672522.795604, 384823.147460 6672518.275712)

LINESTRING (384823.082090 6672526.613767, 384833.965269 6672518.871664, 384849.358862 6672504.657775)

LINESTRING (384849.358862 6672504.657775, 384856.277161 6672499.012957, 384857.907702 6672495.952713)

LINESTRING (384849.358862 6672504.657775, 384833.965269 6672518.871664, 384823.082090 6672526.613767)

LINESTRING (384849.358862 6672504.657775, 384845.156516 6672497.969539, 384844.413811 6672494.125791, 384845.541473 6672490.434979)

LINESTRING (384945.465540 6672548.410343, 384966.819726 6672544.362833)

LINESTRING (384945.465540 6672548.410343, 384880.796601 6672560.684135, 384871.821196 6672561.467759, 384865.591479 6672561.284685, 384860.230275 6672560.294210, 384853.674513 6672558.394027)

LINESTRING (384945.465540 6672548.410343, 384945.406728 6672547.598652, 384949.263090 6672534.973527)

LINESTRING (384966.819726 6672544.362833, 384964.821598 6672535.721842)

LINESTRING (384966.819726 6672544.362833, 384972.206534 6672542.633434)

LINESTRING (384966.819726 6672544.362833, 384945.465540 6672548.410343)

LINESTRING (384964.821598 6672535.721842, 384961.384816 6672520.874050)

LINESTRING (384964.821598 6672535.721842, 384966.819726 6672544.362833)

LINESTRING (384964.821598 6672535.721842, 384963.757727 6672535.967000, 384949.263090 6672534.973527)

LINESTRING (384961.384816 6672520.874050, 384964.821598 6672535.721842)

LINESTRING (384961.384816 6672520.874050, 384955.615048 6672516.775844)

LINESTRING (384961.384816 6672520.874050, 384949.155549 6672466.505911, 384923.337928 6672450.087802)

LINESTRING (384955.615048 6672516.775844, 384961.384816 6672520.874050)

LINESTRING (384955.615048 6672516.775844, 384952.779925 6672507.826818, 384949.987611 6672499.533967, 384944.595879 6672494.922406, 384938.311446 6672492.824091, 384928.329953 6672492.870215, 384918.282759 6672497.186726, 384905.583122 6672507.381690, 384896.320986 6672512.119368, 384888.571394 6672513.221043, 384881.264865 6672511.990778, 384875.814584 6672510.111527, 384870.646601 6672506.262000, 384857.907702 6672495.952713)

LINESTRING (384955.615048 6672516.775844, 384953.974994 6672519.535442, 384949.263090 6672534.973527)

LINESTRING (384923.337928 6672450.087802, 384927.212075 6672443.858966)

LINESTRING (384923.337928 6672450.087802, 384913.804347 6672444.425115)

LINESTRING (384923.337928 6672450.087802, 384949.155549 6672466.505911, 384961.384816 6672520.874050)

LINESTRING (384897.866088 6672434.962890, 384913.804347 6672444.425115)

LINESTRING (384897.866088 6672434.962890, 384901.833757 6672428.530489)

LINESTRING (384897.866088 6672434.962890, 384887.213903 6672428.867358, 384867.484051 6672427.202903)

LINESTRING (384913.804347 6672444.425115, 384897.866088 6672434.962890)

LINESTRING (384913.804347 6672444.425115, 384923.337928 6672450.087802)

LINESTRING (384913.804347 6672444.425115, 384905.550709 6672458.291747, 384900.619237 6672466.916442)

LINESTRING (384867.484051 6672427.202903, 384867.213725 6672428.671314)

LINESTRING (384867.484051 6672427.202903, 384850.275501 6672425.202964, 384849.507684 6672427.801455)

LINESTRING (384867.484051 6672427.202903, 384887.213903 6672428.867358, 384897.866088 6672434.962890)

LINESTRING (384964.763534 6672509.478684, 384958.687676 6672482.555281)

LINESTRING (384964.763534 6672509.478684, 384971.199174 6672508.084107)

LINESTRING (384964.763534 6672509.478684, 384971.638302 6672539.920911, 384972.206534 6672542.633434)

LINESTRING (384843.940644 6672426.628013, 384837.359868 6672425.352721)

LINESTRING (384843.940644 6672426.628013, 384849.507684 6672427.801455)

LINESTRING (384843.940644 6672426.628013, 384846.416929 6672418.325606)

LINESTRING (384843.940644 6672426.628013, 384843.150295 6672429.216070, 384833.757643 6672460.002423)

LINESTRING (384836.552994 6672430.593661, 384826.597219 6672463.069399)

LINESTRING (384836.552994 6672430.593661, 384835.487187 6672430.248264)

LINESTRING (384836.552994 6672430.593661, 384837.464211 6672427.611749, 384837.359868 6672425.352721)

LINESTRING (384849.507684 6672427.801455, 384839.572548 6672461.290642)

LINESTRING (384849.507684 6672427.801455, 384843.940644 6672426.628013)

LINESTRING (384849.507684 6672427.801455, 384850.275501 6672425.202964, 384867.484051 6672427.202903)

LINESTRING (384846.416929 6672418.325606, 384843.940644 6672426.628013)

LINESTRING (384846.416929 6672418.325606, 384837.828731 6672417.837811)

LINESTRING (384846.416929 6672418.325606, 384850.909018 6672418.685875, 384890.258175 6672421.851025, 384899.543540 6672427.209413, 384901.833757 6672428.530489)

LINESTRING (384839.572548 6672461.290642, 384834.646373 6672477.671755)

LINESTRING (384839.572548 6672461.290642, 384849.507684 6672427.801455)

LINESTRING (384839.572548 6672461.290642, 384841.110876 6672461.654616)

LINESTRING (384839.572548 6672461.290642, 384833.757643 6672460.002423)

LINESTRING (384834.646373 6672477.671755, 384831.886151 6672486.830075)

LINESTRING (384834.646373 6672477.671755, 384839.572548 6672461.290642)

LINESTRING (384834.646373 6672477.671755, 384838.345338 6672479.650591, 384840.887310 6672483.504631)

LINESTRING (384841.110876 6672461.654616, 384839.572548 6672461.290642)

LINESTRING (384867.213725 6672428.671314, 384867.484051 6672427.202903)

LINESTRING (384857.907702 6672495.952713, 384860.801870 6672490.523571, 384854.915169 6672482.004875, 384857.840966 6672465.218615, 384866.051931 6672454.239602, 384868.380487 6672443.356359, 384875.840846 6672439.054159, 384885.199286 6672438.258518, 384890.912869 6672440.385832, 384899.479358 6672454.849474)

LINESTRING (384857.907702 6672495.952713, 384856.277161 6672499.012957, 384849.358862 6672504.657775)

LINESTRING (384857.907702 6672495.952713, 384870.646601 6672506.262000, 384875.814584 6672510.111527, 384881.264865 6672511.990778, 384888.571394 6672513.221043, 384896.320986 6672512.119368, 384905.583122 6672507.381690, 384918.282759 6672497.186726, 384928.329953 6672492.870215, 384938.311446 6672492.824091, 384944.595879 6672494.922406, 384949.987611 6672499.533967, 384952.779925 6672507.826818, 384955.615048 6672516.775844)

LINESTRING (384949.263090 6672534.973527, 384963.757727 6672535.967000, 384964.821598 6672535.721842)

LINESTRING (384949.263090 6672534.973527, 384953.974994 6672519.535442, 384955.615048 6672516.775844)

LINESTRING (384949.263090 6672534.973527, 384945.406728 6672547.598652, 384945.465540 6672548.410343)

LINESTRING (384951.972481 6672459.496774, 384927.212075 6672443.858966)

LINESTRING (384951.972481 6672459.496774, 384957.395182 6672452.896143)

LINESTRING (384951.972481 6672459.496774, 384953.728366 6672460.600633, 384957.379133 6672476.779023)

LINESTRING (384951.316679 6672398.847446, 384949.967586 6672391.958028)

LINESTRING (384951.316679 6672398.847446, 384943.037290 6672398.115672)

LINESTRING (384951.316679 6672398.847446, 384951.865900 6672401.660863, 384947.174656 6672409.631568)

LINESTRING (384951.316679 6672398.847446, 384956.147524 6672400.623682, 384969.707767 6672408.444611)

LINESTRING (384960.024038 6672375.728002, 384949.967586 6672391.958028)

LINESTRING (384960.024038 6672375.728002, 384960.843253 6672374.409526)

LINESTRING (384960.024038 6672375.728002, 384953.348150 6672371.602530)

LINESTRING (384946.694784 6672367.487506, 384937.973887 6672381.513606)

LINESTRING (384946.694784 6672367.487506, 384954.996930 6672353.385428)

LINESTRING (384946.694784 6672367.487506, 384953.348150 6672371.602530)

LINESTRING (384964.623096 6672376.664559, 384960.843253 6672374.409526)

LINESTRING (384964.623096 6672376.664559, 384975.724382 6672383.269997)

LINESTRING (384964.623096 6672376.664559, 384963.967095 6672377.699299)

LINESTRING (384499.506592 6672302.559116, 384498.273173 6672315.213494)

LINESTRING (384571.470858 6672591.583251, 384569.915487 6672596.491238)

LINESTRING (384571.470858 6672591.583251, 384565.494932 6672588.706884)

LINESTRING (384571.470858 6672591.583251, 384574.127722 6672580.577987, 384574.977467 6672577.063004, 384575.861830 6672573.413198)

LINESTRING (384565.494932 6672588.706884, 384564.234229 6672594.508284)

LINESTRING (384565.494932 6672588.706884, 384559.788433 6672582.400698, 384556.121485 6672574.570312, 384553.885461 6672562.816566)

LINESTRING (384580.418686 6672579.532750, 384586.748815 6672586.777734, 384609.649367 6672612.969902, 384646.852168 6672656.275283)

LINESTRING (384580.418686 6672579.532750, 384587.729401 6672581.776425, 384670.421622 6672676.584771)

LINESTRING (384680.312733 6672395.601533, 384678.999674 6672401.159353)

LINESTRING (384680.312733 6672395.601533, 384686.732583 6672396.346683, 384688.152140 6672396.992944)

LINESTRING (384680.312733 6672395.601533, 384675.137555 6672395.062380, 384673.976784 6672394.876041)

LINESTRING (384680.312733 6672395.601533, 384681.390741 6672391.042966, 384687.613094 6672363.821896)

LINESTRING (384678.999674 6672401.159353, 384686.730979 6672401.762911)

LINESTRING (384678.999674 6672401.159353, 384678.066821 6672405.390163)

LINESTRING (384678.999674 6672401.159353, 384680.312733 6672395.601533)

LINESTRING (384673.976784 6672394.876041, 384677.789825 6672377.370719)

LINESTRING (384673.976784 6672394.876041, 384673.117301 6672397.733781)

LINESTRING (384673.976784 6672394.876041, 384675.137555 6672395.062380, 384680.312733 6672395.601533)

LINESTRING (384687.613094 6672363.821896, 384690.052905 6672353.135619)

LINESTRING (384687.613094 6672363.821896, 384681.212325 6672362.273745)

LINESTRING (384687.613094 6672363.821896, 384681.390741 6672391.042966, 384680.312733 6672395.601533)

LINESTRING (384677.789825 6672377.370719, 384681.212325 6672362.273745)

LINESTRING (384677.789825 6672377.370719, 384673.976784 6672394.876041)

LINESTRING (384677.789825 6672377.370719, 384676.233111 6672377.129979)

LINESTRING (384673.117301 6672397.733781, 384673.976784 6672394.876041)

LINESTRING (384673.117301 6672397.733781, 384671.913688 6672403.945678)

LINESTRING (384673.117301 6672397.733781, 384670.448695 6672397.271733)

LINESTRING (384441.403623 6672687.749067, 384436.565863 6672686.631253)

LINESTRING (384441.403623 6672687.749067, 384446.247277 6672688.877845)

LINESTRING (384441.403623 6672687.749067, 384440.687005 6672690.903265, 384448.129995 6672702.269774, 384506.104392 6672715.140529, 384510.236567 6672716.068939, 384512.143351 6672716.499163)

LINESTRING (384453.555938 6672656.216946, 384460.302865 6672657.486296)

LINESTRING (384453.555938 6672656.216946, 384446.247277 6672688.877845)

LINESTRING (384453.555938 6672656.216946, 384460.567166 6672625.738615)

LINESTRING (384450.704391 6672623.731734, 384451.480847 6672620.185596)

LINESTRING (384450.704391 6672623.731734, 384455.705815 6672624.755251)

LINESTRING (384450.704391 6672623.731734, 384437.424836 6672682.358118, 384436.565863 6672686.631253)

LINESTRING (384690.949056 6672731.125489, 384696.553977 6672739.686229)

LINESTRING (384690.949056 6672731.125489, 384685.881434 6672733.458210)

LINESTRING (384690.949056 6672731.125489, 384688.021379 6672726.659609, 384685.936690 6672721.988878)

LINESTRING (384710.980217 6672717.188427, 384711.920335 6672715.130551)

LINESTRING (384710.980217 6672717.188427, 384708.061707 6672722.183841)

LINESTRING (384710.980217 6672717.188427, 384695.556471 6672701.302876, 384685.081393 6672690.064800, 384680.457544 6672684.805358)

LINESTRING (384711.920335 6672715.130551, 384710.980217 6672717.188427)

LINESTRING (384711.920335 6672715.130551, 384715.528189 6672717.747355)

LINESTRING (384711.920335 6672715.130551, 384714.339575 6672695.685424, 384714.644384 6672686.849464, 384715.349429 6672670.445001, 384717.808602 6672645.916777, 384721.815039 6672617.450460)

LINESTRING (384708.061707 6672722.183841, 384710.980217 6672717.188427)

LINESTRING (384708.061707 6672722.183841, 384706.037047 6672726.649619, 384704.405344 6672729.665400, 384700.840481 6672734.057082)

LINESTRING (384708.061707 6672722.183841, 384709.603054 6672723.528368, 384713.424609 6672727.642937)

LINESTRING (384680.457544 6672684.805358, 384674.848771 6672678.417918)

LINESTRING (384680.457544 6672684.805358, 384685.081393 6672690.064800, 384695.556471 6672701.302876, 384710.980217 6672717.188427)

LINESTRING (384680.457544 6672684.805358, 384681.387351 6672684.007116, 384681.846883 6672683.613736, 384683.300677 6672682.353220)

LINESTRING (384695.895711 6672725.832172, 384691.367068 6672717.070378, 384681.748438 6672705.348426, 384676.165037 6672699.060486)

LINESTRING (384695.895711 6672725.832172, 384689.197617 6672720.816339, 384672.706581 6672702.423560)

LINESTRING (384715.528189 6672717.747355, 384711.920335 6672715.130551)

LINESTRING (384715.528189 6672717.747355, 384718.960099 6672701.546809, 384719.593147 6672696.612201, 384720.099281 6672670.184041, 384721.358222 6672646.328832, 384724.514735 6672625.255718, 384725.742264 6672618.040089)

LINESTRING (384715.528189 6672717.747355, 384720.863507 6672721.624825, 384723.465450 6672723.504338, 384729.613163 6672727.969190)

LINESTRING (384726.142916 6672764.999818, 384731.378442 6672764.121783)

LINESTRING (384726.142916 6672764.999818, 384733.812102 6672812.690491, 384736.108678 6672823.038221, 384737.951465 6672830.257514)

LINESTRING (384726.142916 6672764.999818, 384720.912938 6672765.877686, 384718.184601 6672766.331336, 384712.275228 6672767.319758)

LINESTRING (384713.309996 6672804.598644, 384713.736353 6672807.560778)

LINESTRING (384713.309996 6672804.598644, 384711.317243 6672804.962277, 384695.650610 6672807.272054)

LINESTRING (384713.309996 6672804.598644, 384711.073661 6672791.228896, 384707.453934 6672768.129058)

LINESTRING (384793.161438 6672744.770124, 384801.365035 6672742.762393)

LINESTRING (384793.161438 6672744.770124, 384795.279812 6672734.985575)

LINESTRING (384793.161438 6672744.770124, 384792.484657 6672745.493511, 384791.313019 6672746.722819)

LINESTRING (384801.365035 6672742.762393, 384804.018046 6672733.206209)

LINESTRING (384801.365035 6672742.762393, 384793.161438 6672744.770124)

LINESTRING (384801.365035 6672742.762393, 384799.741417 6672748.508250, 384793.294921 6672773.897366, 384789.381309 6672786.970270, 384789.055122 6672788.072682)

LINESTRING (384801.365035 6672742.762393, 384809.225577 6672741.144381, 384810.532720 6672740.869234)

LINESTRING (384795.279812 6672734.985575, 384804.018046 6672733.206209)

LINESTRING (384795.279812 6672734.985575, 384793.161438 6672744.770124)

LINESTRING (384795.279812 6672734.985575, 384792.786845 6672735.509774, 384753.190092 6672744.311534)

LINESTRING (384795.279812 6672734.985575, 384796.620449 6672728.891998, 384796.897721 6672727.646248)

LINESTRING (384791.313019 6672746.722819, 384791.619937 6672747.125507)

LINESTRING (384791.313019 6672746.722819, 384790.188686 6672745.220264, 384754.427271 6672752.575176)

LINESTRING (384791.313019 6672746.722819, 384792.484657 6672745.493511, 384793.161438 6672744.770124)

LINESTRING (384796.897721 6672727.646248, 384796.620449 6672728.891998, 384795.279812 6672734.985575)

LINESTRING (384796.897721 6672727.646248, 384798.681159 6672727.333826, 384799.179416 6672725.523906)

LINESTRING (384796.897721 6672727.646248, 384740.575543 6672737.587254, 384738.027681 6672735.661450)

LINESTRING (384839.896561 6672578.073575, 384846.492523 6672580.017046)

LINESTRING (384839.896561 6672578.073575, 384839.291931 6672580.210019)

LINESTRING (384839.896561 6672578.073575, 384840.621654 6672575.353835, 384839.468192 6672575.044628)

LINESTRING (384846.492523 6672580.017046, 384839.896561 6672578.073575)

LINESTRING (384846.492523 6672580.017046, 384843.763173 6672590.155096)

LINESTRING (384846.492523 6672580.017046, 384847.123194 6672578.002372, 384847.602519 6672576.471666, 384847.869887 6672575.616286)

LINESTRING (384846.492523 6672580.017046, 384853.895648 6672582.380927, 384852.254870 6672588.116147)

LINESTRING (384839.291931 6672580.210019, 384839.896561 6672578.073575)

LINESTRING (384839.291931 6672580.210019, 384837.966654 6672584.854322)

LINESTRING (384839.291931 6672580.210019, 384838.141162 6672579.633263)

LINESTRING (384839.468192 6672575.044628, 384840.621654 6672575.353835, 384839.896561 6672578.073575)

LINESTRING (384843.763173 6672590.155096, 384842.639160 6672594.313859)

LINESTRING (384843.763173 6672590.155096, 384846.492523 6672580.017046)

LINESTRING (384843.763173 6672590.155096, 384836.916688 6672588.542695)

LINESTRING (384852.254870 6672588.116147, 384845.737531 6672610.921868)

LINESTRING (384852.254870 6672588.116147, 384853.848906 6672588.311207)

LINESTRING (384852.254870 6672588.116147, 384853.895648 6672582.380927, 384846.492523 6672580.017046)

LINESTRING (384814.545216 6672730.935967, 384804.018046 6672733.206209)

LINESTRING (384814.545216 6672730.935967, 384816.465486 6672722.617579)

LINESTRING (384814.545216 6672730.935967, 384818.684367 6672730.148265, 384855.227911 6672723.114878, 384864.443190 6672721.320660)

LINESTRING (384814.545216 6672730.935967, 384812.731919 6672738.771784, 384812.331041 6672740.500629)

LINESTRING (384864.443190 6672721.320660, 384866.251213 6672730.090170)

LINESTRING (384864.443190 6672721.320660, 384855.227911 6672723.114878, 384818.684367 6672730.148265, 384814.545216 6672730.935967)

LINESTRING (384864.443190 6672721.320660, 384866.187111 6672720.987225, 384873.410287 6672719.578845)

LINESTRING (384812.331041 6672740.500629, 384810.532720 6672740.869234)

LINESTRING (384812.331041 6672740.500629, 384858.722307 6672731.485888)

LINESTRING (384812.331041 6672740.500629, 384812.731919 6672738.771784, 384814.545216 6672730.935967)

LINESTRING (384810.532720 6672740.869234, 384812.331041 6672740.500629)

LINESTRING (384810.532720 6672740.869234, 384796.821899 6672789.477719)

LINESTRING (384810.532720 6672740.869234, 384809.225577 6672741.144381, 384801.365035 6672742.762393)

LINESTRING (384858.722307 6672731.485888, 384872.141715 6672796.314363)

LINESTRING (384858.722307 6672731.485888, 384812.331041 6672740.500629)

LINESTRING (384858.722307 6672731.485888, 384860.841979 6672731.096059, 384866.251213 6672730.090170)

LINESTRING (384872.141715 6672796.314363, 384858.722307 6672731.485888)

LINESTRING (384872.141715 6672796.314363, 384872.835675 6672799.669295, 384876.606086 6672817.883275)

LINESTRING (384872.141715 6672796.314363, 384868.883444 6672797.040881, 384867.725719 6672797.300166, 384862.554780 6672798.465730, 384862.014392 6672798.583019, 384859.809169 6672799.075839)

LINESTRING (384866.251213 6672730.090170, 384864.443190 6672721.320660)

LINESTRING (384866.251213 6672730.090170, 384873.668739 6672728.330204)

LINESTRING (384866.251213 6672730.090170, 384866.667436 6672732.027352, 384867.733501 6672736.975376, 384871.031301 6672753.398821)

LINESTRING (384866.251213 6672730.090170, 384860.841979 6672731.096059, 384858.722307 6672731.485888)

LINESTRING (384873.668739 6672728.330204, 384878.412809 6672751.907460)

LINESTRING (384873.668739 6672728.330204, 384875.094412 6672727.939911)

LINESTRING (384873.668739 6672728.330204, 384866.251213 6672730.090170)

LINESTRING (384871.031301 6672753.398821, 384878.412809 6672751.907460)

LINESTRING (384871.031301 6672753.398821, 384878.135091 6672788.815238, 384882.513194 6672810.643189, 384883.319788 6672815.109020, 384883.603127 6672816.704904)

LINESTRING (384871.031301 6672753.398821, 384867.733501 6672736.975376, 384866.667436 6672732.027352, 384866.251213 6672730.090170)

LINESTRING (384878.412809 6672751.907460, 384891.165491 6672815.319323)

LINESTRING (384878.412809 6672751.907460, 384873.668739 6672728.330204)

LINESTRING (384878.412809 6672751.907460, 384871.031301 6672753.398821)

LINESTRING (384878.412809 6672751.907460, 384879.648549 6672751.656871, 384893.837559 6672748.781397, 384898.446345 6672747.744992)

LINESTRING (384875.094412 6672727.939911, 384873.410287 6672719.578845)

LINESTRING (384875.094412 6672727.939911, 384873.668739 6672728.330204)

LINESTRING (384875.094412 6672727.939911, 384936.271341 6672715.942771)

LINESTRING (384871.861987 6672712.183071, 384984.543160 6672689.184454)

LINESTRING (384871.861987 6672712.183071, 384872.149430 6672713.555938, 384873.410287 6672719.578845)

LINESTRING (384871.861987 6672712.183071, 384818.314491 6672722.447981, 384817.573734 6672721.490573)

LINESTRING (384984.543160 6672689.184454, 385063.763846 6672672.733480)

LINESTRING (384984.543160 6672689.184454, 384871.861987 6672712.183071)

LINESTRING (384984.543160 6672689.184454, 384984.832659 6672690.624130, 384985.968769 6672696.216356)

LINESTRING (384873.410287 6672719.578845, 384875.094412 6672727.939911)

LINESTRING (384873.410287 6672719.578845, 384872.149430 6672713.555938, 384871.861987 6672712.183071)

LINESTRING (384873.410287 6672719.578845, 384866.187111 6672720.987225, 384864.443190 6672721.320660)

LINESTRING (384873.410287 6672719.578845, 384884.805574 6672717.370673, 384934.490464 6672706.971782)

LINESTRING (384934.490464 6672706.971782, 384936.271341 6672715.942771)

LINESTRING (384934.490464 6672706.971782, 384884.805574 6672717.370673, 384873.410287 6672719.578845)

LINESTRING (384934.490464 6672706.971782, 384984.037996 6672696.611323, 384985.968769 6672696.216356)

LINESTRING (384789.055122 6672788.072682, 384796.821899 6672789.477719)

LINESTRING (384789.055122 6672788.072682, 384782.310441 6672786.156296)

LINESTRING (384789.055122 6672788.072682, 384787.692695 6672793.119377, 384785.222226 6672801.945449)

LINESTRING (384789.055122 6672788.072682, 384789.381309 6672786.970270, 384793.294921 6672773.897366, 384799.741417 6672748.508250, 384801.365035 6672742.762393)

LINESTRING (385079.099479 6672474.417680, 385060.226988 6672452.821486)

LINESTRING (385079.099479 6672474.417680, 385083.566620 6672479.649093)

LINESTRING (385079.099479 6672474.417680, 385084.820888 6672469.368082)

LINESTRING (385079.099479 6672474.417680, 385078.477002 6672476.521205, 385075.509451 6672479.444985)

LINESTRING (385060.226988 6672452.821486, 385045.887040 6672436.421267)

LINESTRING (385060.226988 6672452.821486, 385079.099479 6672474.417680)

LINESTRING (385060.226988 6672452.821486, 385065.822315 6672448.177012)

LINESTRING (385060.226988 6672452.821486, 385058.960169 6672454.031398, 385054.741870 6672457.261911)

LINESTRING (385083.566620 6672479.649093, 385079.099479 6672474.417680)

LINESTRING (385083.566620 6672479.649093, 385088.143553 6672484.487015)

LINESTRING (385083.566620 6672479.649093, 385060.878433 6672502.772321)

LINESTRING (385083.566620 6672479.649093, 385088.995317 6672474.118335)

LINESTRING (385075.509451 6672479.444985, 385070.393718 6672484.509025)

LINESTRING (385075.509451 6672479.444985, 385074.417132 6672478.253381)

LINESTRING (385075.509451 6672479.444985, 385078.477002 6672476.521205, 385079.099479 6672474.417680)

LINESTRING (385028.723669 6672524.822103, 385025.514090 6672525.870128)

LINESTRING (385028.723669 6672524.822103, 385033.067718 6672531.260911)

LINESTRING (385028.723669 6672524.822103, 385031.190337 6672523.808546, 385034.591984 6672520.035274)

LINESTRING (385025.514090 6672525.870128, 385028.723669 6672524.822103)

LINESTRING (385025.514090 6672525.870128, 385011.988745 6672530.284426)

LINESTRING (385025.514090 6672525.870128, 385025.079989 6672524.245535)

LINESTRING (385034.591984 6672520.035274, 385036.024734 6672518.452379)

LINESTRING (385034.591984 6672520.035274, 385032.861394 6672518.674263)

LINESTRING (385034.591984 6672520.035274, 385031.190337 6672523.808546, 385028.723669 6672524.822103)

LINESTRING (385065.822315 6672448.177012, 385047.796196 6672427.902782)

LINESTRING (385065.822315 6672448.177012, 385060.226988 6672452.821486)

LINESTRING (385065.822315 6672448.177012, 385083.266703 6672467.789771, 385084.820888 6672469.368082)

LINESTRING (385060.878433 6672502.772321, 385041.192302 6672522.825929)

LINESTRING (385060.878433 6672502.772321, 385083.566620 6672479.649093)

LINESTRING (385060.878433 6672502.772321, 385056.768810 6672497.964344)

LINESTRING (384187.702818 6672740.909282, 384197.423375 6672741.582610, 384212.831343 6672744.082146)

LINESTRING (384187.702818 6672740.909282, 384169.588513 6672740.612895, 384157.928288 6672741.806399)

LINESTRING (384187.702818 6672740.909282, 384186.610599 6672730.423443, 384184.972945 6672724.635530, 384182.924551 6672710.424245)

LINESTRING (384959.322343 6672055.126782, 384970.096572 6672061.720223)

LINESTRING (384959.322343 6672055.126782, 384953.983067 6672051.850859)

LINESTRING (384959.322343 6672055.126782, 384961.219330 6672051.523302)

LINESTRING (384975.081798 6672052.837649, 384977.628184 6672047.809598)

LINESTRING (384975.081798 6672052.837649, 384975.868927 6672053.147263)

LINESTRING (384975.081798 6672052.837649, 384972.581850 6672057.752800, 384970.096572 6672061.720223)

LINESTRING (384637.326907 6672212.816222, 384643.356553 6672213.150111)

LINESTRING (384637.326907 6672212.816222, 384635.082041 6672234.451341)

LINESTRING (384811.895136 6672102.008038, 384766.606730 6672108.737174)

LINESTRING (384811.895136 6672102.008038, 384812.533738 6672106.423419)

LINESTRING (384811.895136 6672102.008038, 384813.546848 6672099.615780, 384809.383937 6672069.121937, 384809.906711 6672067.734740, 384811.489282 6672063.672999)

LINESTRING (384766.606730 6672108.737174, 384765.719323 6672103.828129)

LINESTRING (384766.606730 6672108.737174, 384811.895136 6672102.008038)

LINESTRING (384766.606730 6672108.737174, 384756.514677 6672110.068805, 384757.509294 6672116.267224, 384759.990102 6672131.757882)

LINESTRING (384812.533738 6672106.423419, 384811.895136 6672102.008038)

LINESTRING (384811.489282 6672063.672999, 384815.288353 6672065.113750)

LINESTRING (384811.489282 6672063.672999, 384792.105320 6672056.826999)

LINESTRING (384811.489282 6672063.672999, 384809.906711 6672067.734740, 384809.383937 6672069.121937, 384813.546848 6672099.615780, 384811.895136 6672102.008038)

LINESTRING (384715.706554 6672121.706035, 384720.236220 6672122.365874)

LINESTRING (384720.236220 6672122.365874, 384735.632540 6672119.841946)

LINESTRING (384720.236220 6672122.365874, 384715.706554 6672121.706035)

LINESTRING (384720.236220 6672122.365874, 384716.072730 6672097.700639)

LINESTRING (384720.236220 6672122.365874, 384722.722906 6672137.332542, 384744.274413 6672134.013149)

LINESTRING (384709.580830 6672156.078677, 384709.882669 6672157.729691)

LINESTRING (384709.882669 6672157.729691, 384709.580830 6672156.078677)

LINESTRING (384709.882669 6672157.729691, 384762.759572 6672149.011416)

LINESTRING (384709.882669 6672157.729691, 384665.050916 6672165.181275)

LINESTRING (384840.308888 6672074.624480, 384898.116783 6672095.374929)

LINESTRING (384840.308888 6672074.624480, 384838.319555 6672073.873481)

LINESTRING (384840.308888 6672074.624480, 384842.676539 6672088.469369)

LINESTRING (384898.116783 6672095.374929, 384840.308888 6672074.624480)

LINESTRING (384898.116783 6672095.374929, 384931.819273 6672107.466426, 384939.838770 6672110.156629)

LINESTRING (384898.116783 6672095.374929, 384896.729191 6672098.929006, 384896.462970 6672104.063780, 384897.549507 6672111.251188, 384899.855656 6672124.206488, 384900.128375 6672126.170471)

LINESTRING (384842.676539 6672088.469369, 384840.308888 6672074.624480)

LINESTRING (384765.719323 6672103.828129, 384766.606730 6672108.737174)

LINESTRING (384759.990102 6672131.757882, 384744.274413 6672134.013149)

LINESTRING (384759.990102 6672131.757882, 384757.509294 6672116.267224, 384756.514677 6672110.068805, 384766.606730 6672108.737174)

LINESTRING (384759.990102 6672131.757882, 384760.404202 6672134.330351, 384762.096386 6672144.875424, 384762.483040 6672147.281592, 384762.759572 6672149.011416)

LINESTRING (384762.759572 6672149.011416, 384766.312474 6672148.453869)

LINESTRING (384762.759572 6672149.011416, 384709.882669 6672157.729691)

LINESTRING (384762.759572 6672149.011416, 384762.483040 6672147.281592, 384762.096386 6672144.875424, 384760.404202 6672134.330351, 384759.990102 6672131.757882)

LINESTRING (384766.312474 6672148.453869, 384777.307820 6672146.714938)

LINESTRING (384766.312474 6672148.453869, 384762.759572 6672149.011416)

LINESTRING (384766.312474 6672148.453869, 384766.036938 6672146.579136, 384765.661731 6672144.183753, 384763.685263 6672131.485611)

LINESTRING (384763.685263 6672131.485611, 384765.661731 6672144.183753, 384766.036938 6672146.579136, 384766.312474 6672148.453869)

LINESTRING (384815.288353 6672065.113750, 384838.319555 6672073.873481)

LINESTRING (384815.288353 6672065.113750, 384811.489282 6672063.672999)

LINESTRING (384815.288353 6672065.113750, 384817.469301 6672058.536857)

LINESTRING (385108.738569 6672984.656938, 385101.448606 6672983.214012, 385093.044016 6672980.925673, 385086.026100 6672979.307076)

LINESTRING (384991.042475 6672999.362163, 384992.130335 6672993.521779)

LINESTRING (384991.042475 6672999.362163, 384961.183730 6672993.791747)

LINESTRING (384991.042475 6672999.362163, 384993.618065 6672999.883068)

LINESTRING (384961.183730 6672993.791747, 384939.438878 6672989.738570)

LINESTRING (384961.183730 6672993.791747, 384991.042475 6672999.362163)

LINESTRING (384961.183730 6672993.791747, 384962.319361 6672987.882985)

LINESTRING (384961.183730 6672993.791747, 384960.740001 6672996.101428, 384958.315067 6673008.681599)

LINESTRING (385078.406419 6672549.474344, 385045.996570 6672527.300043)

LINESTRING (385078.406419 6672549.474344, 385079.488635 6672549.106056)

LINESTRING (385078.406419 6672549.474344, 385077.170593 6672551.140198, 385074.480264 6672554.757377)

LINESTRING (385079.488635 6672549.106056, 385087.868967 6672538.556873)

LINESTRING (385079.488635 6672549.106056, 385078.406419 6672549.474344)

LINESTRING (385079.488635 6672549.106056, 385081.719486 6672550.663132, 385084.983235 6672552.934473)

LINESTRING (385041.192302 6672522.825929, 385045.996570 6672527.300043)

LINESTRING (385041.192302 6672522.825929, 385036.024734 6672518.452379)

LINESTRING (385041.192302 6672522.825929, 385060.878433 6672502.772321)

LINESTRING (385041.192302 6672522.825929, 385036.250465 6672528.296905)

LINESTRING (385090.818308 6672556.997392, 385081.867093 6672569.169269)

LINESTRING (385090.818308 6672556.997392, 385089.870356 6672556.336184, 385084.983235 6672552.934473)

LINESTRING (385081.867093 6672569.169269, 385090.818308 6672556.997392)

LINESTRING (385081.867093 6672569.169269, 385080.436847 6672568.177722, 385076.168641 6672565.213522)

LINESTRING (385081.867093 6672569.169269, 385065.675783 6672589.826339, 385064.554797 6672593.204825, 385064.474524 6672596.662094, 385069.363775 6672617.471191)

LINESTRING (385066.864138 6672688.728633, 385065.202977 6672680.377921)

LINESTRING (385066.864138 6672688.728633, 385003.468065 6672701.684788)

LINESTRING (385066.864138 6672688.728633, 385073.083221 6672687.519329, 385074.978979 6672688.485119)

LINESTRING (385003.468065 6672701.684788, 385008.517698 6672726.355875)

LINESTRING (385003.468065 6672701.684788, 384995.745680 6672703.286894)

LINESTRING (385003.468065 6672701.684788, 385066.864138 6672688.728633)

LINESTRING (385063.763846 6672672.733480, 385065.202977 6672680.377921)

LINESTRING (385063.763846 6672672.733480, 385065.178071 6672672.154168)

LINESTRING (385063.763846 6672672.733480, 384984.543160 6672689.184454)

LINESTRING (385065.178071 6672672.154168, 385053.885194 6672620.141257)

LINESTRING (385065.178071 6672672.154168, 385063.763846 6672672.733480)

LINESTRING (385065.178071 6672672.154168, 385072.602433 6672670.606141)

LINESTRING (385053.885194 6672620.141257, 385061.205759 6672618.997667)

LINESTRING (385053.885194 6672620.141257, 385051.091981 6672618.178363)

LINESTRING (385053.885194 6672620.141257, 385065.178071 6672672.154168)

LINESTRING (385042.702274 6672597.111395, 385045.425699 6672604.102578)

LINESTRING (385042.702274 6672597.111395, 385046.631130 6672591.917394)

LINESTRING (385042.702274 6672597.111395, 385035.009901 6672607.282478, 385033.780744 6672607.744548)

LINESTRING (385046.631130 6672591.917394, 385054.371043 6672581.666835)

LINESTRING (385046.631130 6672591.917394, 385042.702274 6672597.111395)

LINESTRING (385046.631130 6672591.917394, 385044.827072 6672590.514108)

LINESTRING (385033.780744 6672607.744548, 385021.998922 6672610.209549)

LINESTRING (385033.780744 6672607.744548, 385033.028659 6672605.717594)

LINESTRING (385033.780744 6672607.744548, 385035.009901 6672607.282478, 385042.702274 6672597.111395)

LINESTRING (385069.363775 6672617.471191, 385061.205759 6672618.997667)

LINESTRING (385069.363775 6672617.471191, 385080.583504 6672668.929218)

LINESTRING (385069.363775 6672617.471191, 385064.474524 6672596.662094, 385064.554797 6672593.204825, 385065.675783 6672589.826339, 385081.867093 6672569.169269)

LINESTRING (385080.583504 6672668.929218, 385084.939827 6672668.335605)

LINESTRING (385080.583504 6672668.929218, 385072.602433 6672670.606141)

LINESTRING (385080.583504 6672668.929218, 385069.363775 6672617.471191)

LINESTRING (385084.939827 6672668.335605, 385087.411567 6672675.802776)

LINESTRING (385084.939827 6672668.335605, 385086.147874 6672668.085957)

LINESTRING (385084.939827 6672668.335605, 385080.583504 6672668.929218)

LINESTRING (385086.147874 6672668.085957, 385084.939827 6672668.335605)

LINESTRING (385086.147874 6672668.085957, 385085.690149 6672664.645570)

LINESTRING (384993.762920 6672694.600831, 384995.745680 6672703.286894)

LINESTRING (384993.762920 6672694.600831, 384988.180664 6672695.756839, 384985.968769 6672696.216356)

LINESTRING (384993.762920 6672694.600831, 385002.704799 6672692.759830, 385015.439636 6672690.242544, 385063.316211 6672680.760320, 385065.202977 6672680.377921)

LINESTRING (384917.592656 6672300.276255, 384910.270980 6672300.874068)

LINESTRING (384917.592656 6672300.276255, 384921.004751 6672300.013030)

LINESTRING (384917.592656 6672300.276255, 384917.427095 6672298.364626, 384917.272329 6672296.619822)

LINESTRING (384921.004751 6672300.013030, 384917.592656 6672300.276255)

LINESTRING (384921.004751 6672300.013030, 384934.376830 6672299.002276)

LINESTRING (384921.004751 6672300.013030, 384921.132680 6672301.257180)

LINESTRING (384917.272329 6672296.619822, 384906.815203 6672297.449889)

LINESTRING (384917.272329 6672296.619822, 384917.099473 6672294.652700, 384917.027812 6672293.785691, 384916.829918 6672291.551891, 384916.570109 6672288.584508)

LINESTRING (384917.272329 6672296.619822, 384917.427095 6672298.364626, 384917.592656 6672300.276255)

LINESTRING (384922.265864 6672288.193813, 384960.667944 6672285.561027)

LINESTRING (384922.265864 6672288.193813, 384922.168518 6672287.216167)

LINESTRING (384922.265864 6672288.193813, 384922.479893 6672291.118057, 384922.840139 6672296.222003)

LINESTRING (384920.022005 6672283.048746, 384922.168518 6672287.216167)

LINESTRING (384920.022005 6672283.048746, 384923.789130 6672282.774370)

LINESTRING (384920.022005 6672283.048746, 384919.945549 6672281.145462, 384920.338198 6672279.327738, 384919.611906 6672266.991454, 384919.271448 6672260.750161)

LINESTRING (384920.022005 6672283.048746, 384916.119351 6672283.427684, 384916.491151 6672287.662006, 384916.570109 6672288.584508)

LINESTRING (385087.868967 6672538.556873, 385081.654906 6672532.856485)

LINESTRING (385087.868967 6672538.556873, 385079.488635 6672549.106056)

LINESTRING (384712.017777 6672875.005092, 384715.201171 6672874.548253, 384718.086929 6672873.454411, 384720.318402 6672871.857381, 384722.158550 6672870.350682, 384723.177983 6672869.226440)

LINESTRING (384712.017777 6672875.005092, 384722.945458 6672880.534185, 384725.281472 6672881.552802)

LINESTRING (384720.650805 6672863.722647, 384721.882984 6672866.358516, 384723.177983 6672869.226440)

LINESTRING (384720.650805 6672863.722647, 384721.127289 6672862.281164, 384721.288691 6672860.883033, 384717.554915 6672833.451606)

LINESTRING (384720.650805 6672863.722647, 384719.851239 6672865.129723, 384718.887268 6672866.252220, 384717.695491 6672867.192434, 384716.357348 6672867.892079, 384714.739731 6672868.355346, 384713.155969 6672868.483216, 384711.511426 6672868.267523, 384667.151249 6672851.632681, 384641.714916 6672844.108981)

LINESTRING (384713.736353 6672807.560778, 384713.309996 6672804.598644)

LINESTRING (384713.736353 6672807.560778, 384717.554915 6672833.451606)

LINESTRING (384713.736353 6672807.560778, 384711.743602 6672807.924410, 384696.099581 6672810.422929)

LINESTRING (384771.684136 6672824.793921, 384750.837995 6672828.169138)

LINESTRING (384771.684136 6672824.793921, 384772.315531 6672822.099399)

LINESTRING (384771.684136 6672824.793921, 384770.735791 6672829.236942, 384770.951767 6672838.747461)

LINESTRING (384772.315531 6672822.099399, 384778.257758 6672799.924541)

LINESTRING (384772.315531 6672822.099399, 384771.684136 6672824.793921)

LINESTRING (384772.315531 6672822.099399, 384779.236584 6672823.976782)

LINESTRING (384783.269697 6672841.703212, 384770.951767 6672838.747461)

LINESTRING (384783.269697 6672841.703212, 384785.190917 6672842.066254)

LINESTRING (384783.269697 6672841.703212, 384782.637364 6672844.720948, 384781.763450 6672848.883015, 384781.413686 6672851.000310)

LINESTRING (384778.257758 6672799.924541, 384785.222226 6672801.945449)

LINESTRING (384778.257758 6672799.924541, 384782.310441 6672786.156296)

LINESTRING (384778.257758 6672799.924541, 384772.315531 6672822.099399)

LINESTRING (384778.257758 6672799.924541, 384777.029805 6672799.539690, 384764.150615 6672795.866084, 384760.622694 6672796.668051, 384760.750919 6672800.742865)

LINESTRING (384779.236584 6672823.976782, 384772.315531 6672822.099399)

LINESTRING (384779.236584 6672823.976782, 384786.560405 6672825.774641)

LINESTRING (384779.236584 6672823.976782, 384778.004437 6672831.928070, 384779.689216 6672834.304540, 384784.588370 6672835.443151, 384786.383429 6672835.854741)

LINESTRING (384779.236584 6672823.976782, 384780.420979 6672819.448327, 384785.222226 6672801.945449)

LINESTRING (384695.650610 6672807.272054, 384711.317243 6672804.962277, 384713.309996 6672804.598644)

LINESTRING (384995.745680 6672703.286894, 384993.762920 6672694.600831)

LINESTRING (384995.745680 6672703.286894, 384988.339449 6672704.879088)

LINESTRING (384995.745680 6672703.286894, 385003.468065 6672701.684788)

LINESTRING (384995.745680 6672703.286894, 384996.321474 6672705.887739, 384997.646237 6672711.830663, 385001.259213 6672728.054849)

LINESTRING (384988.339449 6672704.879088, 385005.130349 6672782.028042)

LINESTRING (384988.339449 6672704.879088, 384936.271341 6672715.942771)

LINESTRING (384988.339449 6672704.879088, 384995.745680 6672703.286894)

LINESTRING (384988.339449 6672704.879088, 384987.635080 6672702.427159, 384985.968769 6672696.216356)

LINESTRING (385001.259213 6672728.054849, 385004.839886 6672744.135176)

LINESTRING (385001.259213 6672728.054849, 385008.517698 6672726.355875)

LINESTRING (385001.259213 6672728.054849, 384997.646237 6672711.830663, 384996.321474 6672705.887739, 384995.745680 6672703.286894)

LINESTRING (384149.399280 6672755.282397, 384150.384441 6672760.099078)

LINESTRING (384149.399280 6672755.282397, 384151.079658 6672754.872617, 384159.518179 6672753.279493)

LINESTRING (384961.199063 6672293.278534, 384942.450193 6672294.758981)

LINESTRING (384961.199063 6672293.278534, 384960.850314 6672288.185369, 384960.667944 6672285.561027)

LINESTRING (385036.024734 6672518.452379, 385037.796490 6672516.702823)

LINESTRING (385036.024734 6672518.452379, 385034.591984 6672520.035274)

LINESTRING (385036.024734 6672518.452379, 385041.192302 6672522.825929)

LINESTRING (385037.796490 6672516.702823, 385042.250151 6672512.305886)

LINESTRING (385037.796490 6672516.702823, 385036.024734 6672518.452379)

LINESTRING (385037.796490 6672516.702823, 385036.412504 6672515.063467)

LINESTRING (384677.232479 6672513.439114, 384673.625642 6672537.134241, 384672.603920 6672538.893796, 384670.796131 6672540.198895, 384668.061668 6672540.463313, 384663.460681 6672539.638638, 384660.358480 6672539.156822, 384657.518025 6672538.700200)

LINESTRING (385005.130349 6672782.028042, 385012.886849 6672780.280001)

LINESTRING (385005.130349 6672782.028042, 384988.339449 6672704.879088)

LINESTRING (385005.130349 6672782.028042, 385006.405984 6672789.766754)

LINESTRING (385005.130349 6672782.028042, 384951.708511 6672793.969887, 384945.033198 6672828.716017)

LINESTRING (384936.271341 6672715.942771, 384875.094412 6672727.939911)

LINESTRING (384936.271341 6672715.942771, 384988.339449 6672704.879088)

LINESTRING (384936.271341 6672715.942771, 384934.490464 6672706.971782)

LINESTRING (384936.271341 6672715.942771, 384936.507741 6672717.105503, 384939.501886 6672732.178924, 384940.500196 6672736.917350)

LINESTRING (384985.968769 6672696.216356, 384984.037996 6672696.611323, 384934.490464 6672706.971782)

LINESTRING (384985.968769 6672696.216356, 384988.180664 6672695.756839, 384993.762920 6672694.600831)

LINESTRING (384985.968769 6672696.216356, 384984.832659 6672690.624130, 384984.543160 6672689.184454)

LINESTRING (384985.968769 6672696.216356, 384987.635080 6672702.427159, 384988.339449 6672704.879088)

LINESTRING (385012.886849 6672780.280001, 385019.338753 6672779.241598)

LINESTRING (385012.886849 6672780.280001, 385005.130349 6672782.028042)

LINESTRING (385012.886849 6672780.280001, 385014.518481 6672788.040970)

LINESTRING (385012.886849 6672780.280001, 385012.596014 6672778.974097, 385011.478139 6672773.960800, 385004.839886 6672744.135176)

LINESTRING (385019.338753 6672779.241598, 385012.886849 6672780.280001)

LINESTRING (385019.338753 6672779.241598, 385018.615467 6672787.856612)

LINESTRING (385019.338753 6672779.241598, 385011.856443 6672742.688979)

LINESTRING (385019.338753 6672779.241598, 385028.168504 6672777.549048, 385031.595737 6672779.904358)

LINESTRING (385018.615467 6672787.856612, 385017.984679 6672796.234690)

LINESTRING (385018.615467 6672787.856612, 385019.338753 6672779.241598)

LINESTRING (385018.615467 6672787.856612, 385014.518481 6672788.040970)

LINESTRING (385018.615467 6672787.856612, 385023.807316 6672788.239680, 385025.707094 6672788.804120)

LINESTRING (385011.856443 6672742.688979, 385019.338753 6672779.241598)

LINESTRING (385011.856443 6672742.688979, 385008.517698 6672726.355875)

LINESTRING (385011.856443 6672742.688979, 385004.839886 6672744.135176)

LINESTRING (385011.856443 6672742.688979, 385013.527912 6672742.346745, 385027.417536 6672739.481193, 385029.910316 6672739.480945, 385032.782318 6672740.772685, 385035.481179 6672744.153858, 385044.995234 6672742.150117, 385048.680668 6672760.690093)

LINESTRING (385031.595737 6672779.904358, 385025.707094 6672788.804120)

LINESTRING (385031.595737 6672779.904358, 385034.813208 6672782.121378, 385041.926173 6672815.052566)

LINESTRING (385031.595737 6672779.904358, 385028.168504 6672777.549048, 385019.338753 6672779.241598)

LINESTRING (385031.595737 6672779.904358, 385035.686500 6672777.045568, 385050.930227 6672773.636096, 385053.572599 6672773.096239, 385063.840556 6672775.303737, 385065.265907 6672783.394385)

LINESTRING (385008.517698 6672726.355875, 385011.856443 6672742.688979)

LINESTRING (385008.517698 6672726.355875, 385003.468065 6672701.684788)

LINESTRING (385008.517698 6672726.355875, 385001.259213 6672728.054849)

LINESTRING (385008.517698 6672726.355875, 385010.171137 6672725.969627, 385025.619532 6672722.353034, 385027.474255 6672721.481268)

LINESTRING (385014.518481 6672788.040970, 385018.615467 6672787.856612)

LINESTRING (385014.518481 6672788.040970, 385012.886849 6672780.280001)

LINESTRING (385014.518481 6672788.040970, 385006.405984 6672789.766754)

LINESTRING (385004.839886 6672744.135176, 385001.259213 6672728.054849)

LINESTRING (385004.839886 6672744.135176, 385011.856443 6672742.688979)

LINESTRING (385004.839886 6672744.135176, 385011.478139 6672773.960800, 385012.596014 6672778.974097, 385012.886849 6672780.280001)

LINESTRING (384622.090911 6672190.271769, 384618.524574 6672181.234551)

LINESTRING (384622.090911 6672190.271769, 384622.390622 6672187.799416, 384623.176071 6672180.475092)

LINESTRING (384876.606086 6672817.883275, 384876.957491 6672819.878217)

LINESTRING (384876.606086 6672817.883275, 384883.603127 6672816.704904)

LINESTRING (384876.606086 6672817.883275, 384872.835675 6672799.669295, 384872.141715 6672796.314363)

LINESTRING (384876.957491 6672819.878217, 384876.606086 6672817.883275)

LINESTRING (384876.957491 6672819.878217, 384875.285117 6672829.726704, 384872.875346 6672841.548640, 384872.495940 6672843.254514)

LINESTRING (384876.957491 6672819.878217, 384874.867594 6672819.977350, 384874.135485 6672820.000365, 384872.927096 6672820.060642, 384866.594997 6672820.315433)

LINESTRING (384883.603127 6672816.704904, 384891.165491 6672815.319323)

LINESTRING (384883.603127 6672816.704904, 384876.606086 6672817.883275)

LINESTRING (384883.603127 6672816.704904, 384884.063643 6672820.758128, 384879.286556 6672846.284055, 384878.045644 6672853.433180)

LINESTRING (384883.603127 6672816.704904, 384883.319788 6672815.109020, 384882.513194 6672810.643189, 384878.135091 6672788.815238, 384871.031301 6672753.398821)

LINESTRING (384891.165491 6672815.319323, 384883.603127 6672816.704904)

LINESTRING (384891.165491 6672815.319323, 384878.412809 6672751.907460)

LINESTRING (384891.165491 6672815.319323, 384891.755801 6672818.733237)

LINESTRING (384885.283624 6672856.036325, 384894.041343 6672857.711309)

LINESTRING (384885.283624 6672856.036325, 384878.045644 6672853.433180)

LINESTRING (384885.283624 6672856.036325, 384884.631607 6672860.726317)

LINESTRING (384885.283624 6672856.036325, 384891.755801 6672818.733237)

LINESTRING (384878.045644 6672853.433180, 384885.283624 6672856.036325)

LINESTRING (384878.045644 6672853.433180, 384870.835062 6672852.055070)

LINESTRING (384878.045644 6672853.433180, 384879.286556 6672846.284055, 384884.063643 6672820.758128, 384883.603127 6672816.704904)

LINESTRING (384884.631607 6672860.726317, 384878.823643 6672859.638433)

LINESTRING (384884.631607 6672860.726317, 384889.261267 6672861.594928)

LINESTRING (384884.631607 6672860.726317, 384885.283624 6672856.036325)

LINESTRING (384872.495940 6672843.254514, 384822.069106 6672833.706920)

LINESTRING (384872.495940 6672843.254514, 384872.258879 6672844.543571, 384870.835062 6672852.055070)

LINESTRING (384872.495940 6672843.254514, 384872.875346 6672841.548640, 384875.285117 6672829.726704, 384876.957491 6672819.878217)

LINESTRING (384822.069106 6672833.706920, 384813.576167 6672832.157508)

LINESTRING (384822.069106 6672833.706920, 384872.495940 6672843.254514)

LINESTRING (384822.069106 6672833.706920, 384820.107388 6672842.294077)

LINESTRING (384822.069106 6672833.706920, 384822.406628 6672832.258678, 384828.156543 6672805.019264, 384856.947786 6672799.711879, 384858.309674 6672799.412738, 384859.809169 6672799.075839)

LINESTRING (384870.835062 6672852.055070, 384878.045644 6672853.433180)

LINESTRING (384870.835062 6672852.055070, 384869.954995 6672857.966973)

LINESTRING (384870.835062 6672852.055070, 384868.891323 6672851.681547, 384849.459807 6672847.957336)

LINESTRING (384870.835062 6672852.055070, 384872.258879 6672844.543571, 384872.495940 6672843.254514)

LINESTRING (384869.954995 6672857.966973, 384859.120766 6672855.933847)

LINESTRING (384869.954995 6672857.966973, 384878.823643 6672859.638433)

LINESTRING (384869.954995 6672857.966973, 384870.835062 6672852.055070)

LINESTRING (384859.120766 6672855.933847, 384853.072897 6672854.808969)

LINESTRING (384859.120766 6672855.933847, 384869.954995 6672857.966973)

LINESTRING (384859.120766 6672855.933847, 384858.722279 6672857.562312)

LINESTRING (384878.823643 6672859.638433, 384869.954995 6672857.966973)

LINESTRING (384878.823643 6672859.638433, 384884.631607 6672860.726317)

LINESTRING (384878.823643 6672859.638433, 384878.532276 6672861.319250)

LINESTRING (384849.459807 6672847.957336, 384820.107388 6672842.294077)

LINESTRING (384849.459807 6672847.957336, 384848.063274 6672853.863196)

LINESTRING (384849.459807 6672847.957336, 384868.891323 6672851.681547, 384870.835062 6672852.055070)

LINESTRING (384893.131390 6672862.320252, 384889.261267 6672861.594928)

LINESTRING (384893.131390 6672862.320252, 384907.115335 6672864.945436)

LINESTRING (384893.131390 6672862.320252, 384894.041343 6672857.711309)

LINESTRING (384893.131390 6672862.320252, 384892.812636 6672864.013073, 384889.861128 6672879.618827, 384887.346378 6672883.509254, 384867.560795 6672879.818372)

LINESTRING (385008.005209 6672796.848931, 384996.986612 6672799.200920)

LINESTRING (385008.005209 6672796.848931, 385006.405984 6672789.766754)

LINESTRING (385008.005209 6672796.848931, 385011.959542 6672796.011527, 385013.930533 6672795.838197, 385016.047524 6672795.894315, 385017.984679 6672796.234690)

LINESTRING (384996.986612 6672799.200920, 384991.267957 6672800.428079)

LINESTRING (384996.986612 6672799.200920, 385008.005209 6672796.848931)

LINESTRING (384996.986612 6672799.200920, 384997.400010 6672801.227357)

LINESTRING (385017.984679 6672796.234690, 385020.354771 6672797.809642)

LINESTRING (385017.984679 6672796.234690, 385018.615467 6672787.856612)

LINESTRING (385017.984679 6672796.234690, 385016.047524 6672795.894315, 385013.930533 6672795.838197, 385011.959542 6672796.011527, 385008.005209 6672796.848931)

LINESTRING (385020.354771 6672797.809642, 385017.984679 6672796.234690)

LINESTRING (385020.354771 6672797.809642, 385021.709049 6672798.859270, 385023.365947 6672801.236721, 385025.893456 6672813.661344)

LINESTRING (385020.354771 6672797.809642, 385017.532704 6672803.058088, 385016.658605 6672807.576712)

LINESTRING (385025.893456 6672813.661344, 385025.179633 6672818.687574)

LINESTRING (385025.893456 6672813.661344, 385033.909816 6672814.356946)

LINESTRING (385025.893456 6672813.661344, 385023.365947 6672801.236721, 385021.709049 6672798.859270, 385020.354771 6672797.809642)

LINESTRING (385016.658605 6672807.576712, 385017.532704 6672803.058088, 385020.354771 6672797.809642)

LINESTRING (385025.179633 6672818.687574, 385025.893456 6672813.661344)

LINESTRING (385025.179633 6672818.687574, 385024.355772 6672824.452788)

LINESTRING (385025.179633 6672818.687574, 385021.786173 6672818.114310, 385021.418021 6672818.059002)

LINESTRING (385033.909816 6672814.356946, 385033.035646 6672821.349616)

LINESTRING (385033.909816 6672814.356946, 385041.926173 6672815.052566)

LINESTRING (385033.909816 6672814.356946, 385025.893456 6672813.661344)

LINESTRING (385033.909816 6672814.356946, 385033.504478 6672812.586573, 385032.481202 6672808.640160, 385028.138474 6672791.447011, 385027.227063 6672789.826259, 385025.707094 6672788.804120)

LINESTRING (385041.926173 6672815.052566, 385092.525707 6672828.175089)

LINESTRING (385041.926173 6672815.052566, 385033.909816 6672814.356946)

LINESTRING (385041.926173 6672815.052566, 385040.365086 6672822.624015)

LINESTRING (385041.926173 6672815.052566, 385034.813208 6672782.121378, 385031.595737 6672779.904358)

LINESTRING (385092.525707 6672828.175089, 385041.926173 6672815.052566)

LINESTRING (385092.525707 6672828.175089, 385090.626117 6672835.400515)

LINESTRING (385092.525707 6672828.175089, 385092.868226 6672826.882741, 385095.485512 6672811.566285)

LINESTRING (385040.365086 6672822.624015, 385033.035646 6672821.349616)

LINESTRING (385040.365086 6672822.624015, 385038.798811 6672830.206772)

LINESTRING (385040.365086 6672822.624015, 385041.926173 6672815.052566)

LINESTRING (385040.365086 6672822.624015, 385042.403501 6672823.184111, 385063.198991 6672828.449031)

LINESTRING (385038.798811 6672830.206772, 385061.144252 6672836.035964)

LINESTRING (385038.798811 6672830.206772, 385031.581359 6672828.962295)

LINESTRING (385038.798811 6672830.206772, 385026.107806 6672895.287085)

LINESTRING (385038.798811 6672830.206772, 385040.365086 6672822.624015)

LINESTRING (385061.144252 6672836.035964, 385083.293752 6672841.815716)

LINESTRING (385061.144252 6672836.035964, 385038.798811 6672830.206772)

LINESTRING (385061.144252 6672836.035964, 385063.198991 6672828.449031)

LINESTRING (385061.144252 6672836.035964, 385060.786854 6672837.384504, 385059.523124 6672842.049078, 385057.426969 6672844.778372, 385055.830528 6672851.047033)

LINESTRING (385031.581359 6672828.962295, 385033.035646 6672821.349616)

LINESTRING (385031.581359 6672828.962295, 385038.798811 6672830.206772)

LINESTRING (385031.581359 6672828.962295, 385023.886923 6672827.732807)

LINESTRING (385031.581359 6672828.962295, 385030.756120 6672833.445948, 385029.990704 6672837.359361)

LINESTRING (385026.107806 6672895.287085, 385019.163938 6672893.911459)

LINESTRING (385026.107806 6672895.287085, 385025.460047 6672898.349834)

LINESTRING (385026.107806 6672895.287085, 385038.798811 6672830.206772)

LINESTRING (385026.107806 6672895.287085, 385029.615962 6672895.979338, 385043.558787 6672898.717767, 385050.592072 6672900.112920, 385052.015969 6672892.946977, 385059.803235 6672894.485647)

LINESTRING (385033.035646 6672821.349616, 385031.581359 6672828.962295)

LINESTRING (385033.035646 6672821.349616, 385033.909816 6672814.356946)

LINESTRING (385033.035646 6672821.349616, 385040.365086 6672822.624015)

LINESTRING (385063.198991 6672828.449031, 385085.320757 6672834.051358)

LINESTRING (385063.198991 6672828.449031, 385061.144252 6672836.035964)

LINESTRING (385063.198991 6672828.449031, 385042.403501 6672823.184111, 385040.365086 6672822.624015)

LINESTRING (385025.707094 6672788.804120, 385031.595737 6672779.904358)

LINESTRING (385025.707094 6672788.804120, 385027.227063 6672789.826259, 385028.138474 6672791.447011, 385032.481202 6672808.640160, 385033.504478 6672812.586573, 385033.909816 6672814.356946)

LINESTRING (385025.707094 6672788.804120, 385023.807316 6672788.239680, 385018.615467 6672787.856612)

LINESTRING (384786.560405 6672825.774641, 384787.884384 6672827.270914)

LINESTRING (384786.560405 6672825.774641, 384796.821899 6672789.477719)

LINESTRING (384786.560405 6672825.774641, 384779.236584 6672823.976782)

LINESTRING (384787.884384 6672827.270914, 384813.576167 6672832.157508)

LINESTRING (384787.884384 6672827.270914, 384786.383429 6672835.854741)

LINESTRING (384787.884384 6672827.270914, 384786.560405 6672825.774641)

LINESTRING (384796.821899 6672789.477719, 384789.055122 6672788.072682)

LINESTRING (384796.821899 6672789.477719, 384786.560405 6672825.774641)

LINESTRING (384796.821899 6672789.477719, 384810.532720 6672740.869234)

LINESTRING (384796.821899 6672789.477719, 384798.429455 6672789.928647, 384800.576926 6672790.953244, 384814.042600 6672794.563952)

LINESTRING (384785.190917 6672842.066254, 384783.269697 6672841.703212)

LINESTRING (384785.190917 6672842.066254, 384789.792897 6672842.935611)

LINESTRING (384785.190917 6672842.066254, 384786.383429 6672835.854741)

LINESTRING (384789.792897 6672842.935611, 384785.190917 6672842.066254)

LINESTRING (384789.792897 6672842.935611, 384794.567510 6672843.821832)

LINESTRING (384789.792897 6672842.935611, 384789.400278 6672844.396734)

LINESTRING (384786.383429 6672835.854741, 384785.190917 6672842.066254)

LINESTRING (384786.383429 6672835.854741, 384787.884384 6672827.270914)

LINESTRING (384786.383429 6672835.854741, 384790.958037 6672836.736106, 384795.833890 6672837.663721)

LINESTRING (384786.383429 6672835.854741, 384784.588370 6672835.443151, 384779.689216 6672834.304540, 384778.004437 6672831.928070, 384779.236584 6672823.976782)

LINESTRING (384785.222226 6672801.945449, 384778.257758 6672799.924541)

LINESTRING (384785.222226 6672801.945449, 384780.420979 6672819.448327, 384779.236584 6672823.976782)

LINESTRING (384785.222226 6672801.945449, 384787.692695 6672793.119377, 384789.055122 6672788.072682)

LINESTRING (384942.962620 6672839.501959, 384944.436456 6672831.810613)

LINESTRING (384942.962620 6672839.501959, 384937.852343 6672866.096978)

LINESTRING (384942.962620 6672839.501959, 384936.653733 6672838.373999)

LINESTRING (384957.743572 6672838.513809, 384955.731525 6672849.219893)

LINESTRING (384957.743572 6672838.513809, 384958.542439 6672834.253852)

LINESTRING (384957.743572 6672838.513809, 384959.308063 6672838.832426)

LINESTRING (384973.708881 6672804.177995, 384981.572799 6672802.493377)

LINESTRING (384973.708881 6672804.177995, 384974.186001 6672805.934963)

LINESTRING (384973.708881 6672804.177995, 384963.804380 6672806.294493, 384958.542439 6672834.253852)

LINESTRING (384937.852343 6672866.096978, 384942.488226 6672866.987748)

LINESTRING (384937.852343 6672866.096978, 384924.503496 6672863.540876)

LINESTRING (384937.852343 6672866.096978, 384942.962620 6672839.501959)

LINESTRING (384942.488226 6672866.987748, 384944.845165 6672867.437482)

LINESTRING (384942.488226 6672866.987748, 384937.852343 6672866.096978)

LINESTRING (384942.488226 6672866.987748, 384941.656161 6672871.427064)

LINESTRING (385023.886923 6672827.732807, 385024.355772 6672824.452788)

LINESTRING (385023.886923 6672827.732807, 385023.392605 6672830.378396)

LINESTRING (385023.886923 6672827.732807, 385031.581359 6672828.962295)

LINESTRING (385024.355772 6672824.452788, 385025.179633 6672818.687574)

LINESTRING (385024.355772 6672824.452788, 385023.886923 6672827.732807)

LINESTRING (385024.355772 6672824.452788, 385020.694698 6672823.843349, 385020.326197 6672823.776908)

LINESTRING (385023.392605 6672830.378396, 385023.886923 6672827.732807)

LINESTRING (385023.392605 6672830.378396, 385022.368643 6672835.782129)

LINESTRING (385023.392605 6672830.378396, 385019.820230 6672829.587864, 385019.312025 6672829.492377)

LINESTRING (385025.460047 6672898.349834, 385018.533173 6672896.984821)

LINESTRING (385025.460047 6672898.349834, 385016.159551 6672946.038843)

LINESTRING (385025.460047 6672898.349834, 385026.107806 6672895.287085)

LINESTRING (385025.460047 6672898.349834, 385027.353477 6672898.713873, 385043.089191 6672901.797209, 385051.954111 6672904.594778, 385046.520681 6672932.057879)

LINESTRING (385029.990704 6672837.359361, 385022.368643 6672835.782129)

LINESTRING (385029.990704 6672837.359361, 385029.454856 6672840.273718, 385025.185864 6672862.562742)

LINESTRING (385029.990704 6672837.359361, 385030.756120 6672833.445948, 385031.581359 6672828.962295)

LINESTRING (384446.483677 6673030.837470, 384451.723360 6673030.984174)

LINESTRING (384446.483677 6673030.837470, 384447.324508 6673026.520327)

LINESTRING (384446.483677 6673030.837470, 384443.881691 6673030.362358, 384422.011607 6673026.405341)

LINESTRING (384451.723360 6673030.984174, 384461.213327 6673032.646155)

LINESTRING (384451.723360 6673030.984174, 384446.483677 6673030.837470)

LINESTRING (384451.723360 6673030.984174, 384459.722928 6672988.928967, 384460.943186 6672982.560424)

LINESTRING (384447.324508 6673026.520327, 384466.234455 6672929.791735)

LINESTRING (384447.324508 6673026.520327, 384427.574376 6673022.540958, 384433.656069 6672990.966267, 384434.317191 6672987.111714, 384434.315127 6672983.879891, 384433.328959 6672983.064036, 384431.072472 6672982.455439)

LINESTRING (384422.011607 6673026.405341, 384393.816442 6673020.630988)

LINESTRING (384422.011607 6673026.405341, 384425.598297 6673007.246282, 384426.606991 6673001.564214, 384425.825928 6672995.637732, 384421.786137 6672990.415903, 384413.671148 6672987.997374, 384405.060150 6672988.859843, 384401.096482 6672992.205711, 384399.506369 6672993.537519, 384393.816442 6673020.630988)

LINESTRING (384422.011607 6673026.405341, 384443.881691 6673030.362358, 384446.483677 6673030.837470)

LINESTRING (384469.293483 6673034.140894, 384461.213327 6673032.646155)

LINESTRING (384469.293483 6673034.140894, 384468.284163 6673039.276891)

LINESTRING (384461.213327 6673032.646155, 384469.293483 6673034.140894)

LINESTRING (384461.213327 6673032.646155, 384451.723360 6673030.984174)

LINESTRING (384461.213327 6673032.646155, 384460.313883 6673037.745254)

LINESTRING (384461.213327 6673032.646155, 384470.634334 6672984.260664)

LINESTRING (384468.284163 6673039.276891, 384473.602898 6673040.346120)

LINESTRING (384468.284163 6673039.276891, 384460.313883 6673037.745254)

LINESTRING (384460.943186 6672982.560424, 384470.634334 6672984.260664)

LINESTRING (384460.943186 6672982.560424, 384463.197632 6672970.787633, 384472.464362 6672925.950958, 384473.813213 6672919.433488)

LINESTRING (384460.313883 6673037.745254, 384468.284163 6673039.276891)

LINESTRING (384460.313883 6673037.745254, 384461.213327 6673032.646155)

LINESTRING (384460.313883 6673037.745254, 384454.607550 6673036.532252, 384450.747189 6673035.762509)

LINESTRING (384445.562596 6673034.722513, 384446.483677 6673030.837470)

LINESTRING (384445.562596 6673034.722513, 384447.115615 6673035.030128, 384450.747189 6673035.762509)

LINESTRING (384445.562596 6673034.722513, 384443.103752 6673034.209451, 384398.471811 6673024.952942)

LINESTRING (384450.747189 6673035.762509, 384451.723360 6673030.984174)

LINESTRING (384450.747189 6673035.762509, 384454.607550 6673036.532252, 384460.313883 6673037.745254)

LINESTRING (384450.747189 6673035.762509, 384447.115615 6673035.030128, 384445.562596 6673034.722513)

LINESTRING (384398.471811 6673024.952942, 384443.103752 6673034.209451, 384445.562596 6673034.722513)

LINESTRING (384398.471811 6673024.952942, 384397.481255 6673029.976926, 384396.982502 6673032.466739, 384396.531477 6673034.709867)

LINESTRING (384473.602898 6673040.346120, 384468.284163 6673039.276891)

LINESTRING (384687.361668 6672701.828359, 384694.439330 6672708.671066, 384705.737119 6672719.415200, 384708.061707 6672722.183841)

LINESTRING (384460.302865 6672657.486296, 384453.555938 6672656.216946)

LINESTRING (385038.568607 6672428.092104, 385035.393160 6672424.569859)

LINESTRING (385038.568607 6672428.092104, 385039.955024 6672429.631086)

LINESTRING (385038.568607 6672428.092104, 385037.055976 6672429.254017)

LINESTRING (385042.644651 6672432.711664, 385039.955024 6672429.631086)

LINESTRING (385042.644651 6672432.711664, 385045.887040 6672436.421267)

LINESTRING (385042.644651 6672432.711664, 385047.796196 6672427.902782)

LINESTRING (385042.644651 6672432.711664, 385041.126824 6672433.884883, 385029.721627 6672444.651704)

LINESTRING (384665.687999 6672097.236120, 384665.180094 6672097.330123)

LINESTRING (384665.180094 6672097.330123, 384665.687999 6672097.236120)

LINESTRING (384665.180094 6672097.330123, 384664.357391 6672097.478615, 384662.215175 6672097.869253, 384658.446589 6672098.455979)

LINESTRING (384665.180094 6672097.330123, 384663.153766 6672085.881763, 384662.513073 6672085.991091, 384663.410375 6672091.033538, 384659.245875 6672091.744174)

LINESTRING (384550.372478 6672465.636530, 384569.202592 6672469.757116)

LINESTRING (384550.372478 6672465.636530, 384548.498123 6672474.165370)

LINESTRING (384550.372478 6672465.636530, 384551.171329 6672462.268024, 384554.418856 6672448.157128, 384556.118255 6672440.770538, 384548.215621 6672438.957916)

LINESTRING (384548.215621 6672438.957916, 384556.118255 6672440.770538, 384554.418856 6672448.157128, 384551.171329 6672462.268024, 384550.372478 6672465.636530)

LINESTRING (384541.024834 6672472.584410, 384548.498123 6672474.165370)

LINESTRING (384541.024834 6672472.584410, 384538.877838 6672485.144986)

LINESTRING (384541.024834 6672472.584410, 384536.038822 6672471.526850, 384532.790853 6672470.826847)

LINESTRING (384530.591368 6672482.954451, 384532.790853 6672470.826847)

LINESTRING (384532.790853 6672470.826847, 384527.012275 6672469.638264)

LINESTRING (384532.790853 6672470.826847, 384530.591368 6672482.954451)

LINESTRING (384532.790853 6672470.826847, 384535.515337 6672458.972449, 384539.095071 6672443.424579, 384540.838398 6672435.847140, 384531.597338 6672433.497236)

LINESTRING (384532.790853 6672470.826847, 384536.038822 6672471.526850, 384541.024834 6672472.584410)

LINESTRING (384531.597338 6672433.497236, 384540.838398 6672435.847140, 384539.095071 6672443.424579, 384535.515337 6672458.972449, 384532.790853 6672470.826847)

LINESTRING (384696.183825 6672451.759985, 384696.617666 6672449.138538)

LINESTRING (384697.590268 6672443.524576, 384697.343891 6672444.869660, 384697.115967 6672446.448195, 384696.943330 6672447.490059, 384696.617666 6672449.138538)

LINESTRING (384922.840139 6672296.222003, 384917.272329 6672296.619822)

LINESTRING (384922.840139 6672296.222003, 384922.479893 6672291.118057, 384922.265864 6672288.193813)

LINESTRING (384919.271448 6672260.750161, 384919.611906 6672266.991454, 384920.338198 6672279.327738, 384919.945549 6672281.145462, 384920.022005 6672283.048746)

LINESTRING (384923.789130 6672282.774370, 384922.168518 6672287.216167)

LINESTRING (384923.789130 6672282.774370, 384920.022005 6672283.048746)

LINESTRING (384923.789130 6672282.774370, 384923.697434 6672280.916142, 384922.709398 6672266.080599, 384923.479621 6672259.314059, 384947.888043 6672257.343707)

LINESTRING (384923.789130 6672282.774370, 384941.176270 6672281.425760, 384960.227247 6672280.192142)

LINESTRING (384922.168518 6672287.216167, 384923.789130 6672282.774370)

LINESTRING (384922.168518 6672287.216167, 384922.265864 6672288.193813)

LINESTRING (384922.168518 6672287.216167, 384920.022005 6672283.048746)

LINESTRING (384947.888043 6672257.343707, 384923.479621 6672259.314059, 384922.709398 6672266.080599, 384923.697434 6672280.916142, 384923.789130 6672282.774370)

LINESTRING (384960.667944 6672285.561027, 384996.257689 6672283.016946)

LINESTRING (384960.667944 6672285.561027, 384960.560818 6672284.271646, 384960.227247 6672280.192142)

LINESTRING (384960.667944 6672285.561027, 384960.850314 6672288.185369, 384961.199063 6672293.278534)

LINESTRING (384942.450193 6672294.758981, 384922.840139 6672296.222003)

LINESTRING (384942.450193 6672294.758981, 384942.630419 6672298.375238)

LINESTRING (384971.521600 6672236.887070, 384958.355875 6672257.204377, 384958.852237 6672263.284753, 384960.084247 6672278.290947, 384960.227247 6672280.192142)

LINESTRING (384726.948454 6672085.979956, 384716.558658 6672087.733407)

LINESTRING (384726.948454 6672085.979956, 384721.152369 6672093.250188)

LINESTRING (384726.948454 6672085.979956, 384725.661755 6672076.324830, 384725.470458 6672074.480881, 384725.317759 6672072.981194)

LINESTRING (384716.558658 6672087.733407, 384726.948454 6672085.979956)

LINESTRING (384721.152369 6672093.250188, 384726.948454 6672085.979956)

LINESTRING (384721.152369 6672093.250188, 384724.551514 6672100.509657, 384733.430909 6672109.168035, 384734.550825 6672112.464967, 384735.632540 6672119.841946)

LINESTRING (384721.152369 6672093.250188, 384718.130338 6672097.268118, 384716.072730 6672097.700639)

LINESTRING (384725.317759 6672072.981194, 384732.892375 6672071.583820)

LINESTRING (384725.317759 6672072.981194, 384661.730074 6672082.638993)

LINESTRING (384725.317759 6672072.981194, 384725.470458 6672074.480881, 384725.661755 6672076.324830, 384726.948454 6672085.979956)

LINESTRING (384735.632540 6672119.841946, 384741.516287 6672118.887845)

LINESTRING (384735.632540 6672119.841946, 384720.236220 6672122.365874)

LINESTRING (384735.632540 6672119.841946, 384734.550825 6672112.464967, 384733.430909 6672109.168035, 384724.551514 6672100.509657, 384721.152369 6672093.250188)

LINESTRING (384716.072730 6672097.700639, 384720.236220 6672122.365874)

LINESTRING (384716.072730 6672097.700639, 384718.130338 6672097.268118, 384721.152369 6672093.250188)

LINESTRING (384716.072730 6672097.700639, 384691.466077 6672102.932897, 384686.328356 6672131.289945, 384661.212233 6672135.323716, 384659.637908 6672135.585031)

LINESTRING (384744.274413 6672134.013149, 384759.990102 6672131.757882)

LINESTRING (384744.274413 6672134.013149, 384741.516287 6672118.887845)

LINESTRING (384744.274413 6672134.013149, 384722.722906 6672137.332542, 384720.236220 6672122.365874)

LINESTRING (384659.637908 6672135.585031, 384665.050916 6672165.181275)

LINESTRING (384659.637908 6672135.585031, 384653.921613 6672136.389115)

LINESTRING (384659.637908 6672135.585031, 384661.212233 6672135.323716, 384686.328356 6672131.289945, 384691.466077 6672102.932897, 384716.072730 6672097.700639)

LINESTRING (384910.283205 6672846.858848, 384909.287302 6672852.796667)

LINESTRING (384910.283205 6672846.858848, 384913.048440 6672833.978198)

LINESTRING (384910.283205 6672846.858848, 384908.758586 6672846.572431)

LINESTRING (384936.653733 6672838.373999, 384942.962620 6672839.501959)

LINESTRING (384936.653733 6672838.373999, 384913.048440 6672833.978198)

LINESTRING (384936.653733 6672838.373999, 384932.981971 6672857.390230, 384909.287302 6672852.796667)

LINESTRING (384662.278503 6672075.366723, 384659.092020 6672075.923976)

LINESTRING (384662.278503 6672075.366723, 384661.730074 6672082.638993)

LINESTRING (384662.278503 6672075.366723, 384663.394681 6672070.606355)

LINESTRING (384662.278503 6672075.366723, 384664.935239 6672074.915308, 384724.216630 6672064.635266, 384757.767330 6672058.809808)

LINESTRING (384659.092020 6672075.923976, 384662.278503 6672075.366723)

LINESTRING (384659.092020 6672075.923976, 384654.386662 6672076.740801)

LINESTRING (384659.092020 6672075.923976, 384658.247051 6672081.890545, 384651.950150 6672136.206018)

LINESTRING (384661.730074 6672082.638993, 384662.278503 6672075.366723)

LINESTRING (384661.730074 6672082.638993, 384725.317759 6672072.981194)

LINESTRING (384661.730074 6672082.638993, 384660.190720 6672083.835335, 384659.245875 6672091.744174)

LINESTRING (384663.394681 6672070.606355, 384664.354327 6672063.343428)

LINESTRING (384663.394681 6672070.606355, 384662.278503 6672075.366723)

LINESTRING (384663.394681 6672070.606355, 384666.427549 6672070.990073, 384755.502549 6672055.482021, 384760.194369 6672046.820108)

LINESTRING (384252.923117 6673048.161951, 384257.190129 6673048.974356)

LINESTRING (384252.923117 6673048.161951, 384251.465233 6673053.323344)

LINESTRING (384252.923117 6673048.161951, 384253.121736 6673042.327117, 384253.207293 6673033.442273)

LINESTRING (384241.698790 6673051.347455, 384244.405645 6673051.451342)

LINESTRING (384241.698790 6673051.347455, 384225.354928 6673034.657098, 384222.375891 6673032.266069)

LINESTRING (384244.405645 6673051.451342, 384251.465233 6673053.323344)

LINESTRING (384244.405645 6673051.451342, 384241.698790 6673051.347455)

LINESTRING (384244.405645 6673051.451342, 384247.494209 6673045.892920, 384253.207293 6673033.442273)

LINESTRING (384553.885461 6672562.816566, 384556.346128 6672551.928917)

LINESTRING (384911.117539 6672833.659971, 384913.048440 6672833.978198)

LINESTRING (384908.758586 6672846.572431, 384910.283205 6672846.858848)

LINESTRING (384813.885954 6672830.710138, 384813.576167 6672832.157508)

LINESTRING (384776.874271 6672319.511108, 384785.280142 6672333.611800)

LINESTRING (384776.874271 6672319.511108, 384799.798242 6672315.903647)

LINESTRING (384776.874271 6672319.511108, 384702.964191 6672331.142475)

LINESTRING (384697.719861 6672354.866815, 384688.152140 6672396.992944)

LINESTRING (384697.719861 6672354.866815, 384702.964191 6672331.142475)

LINESTRING (384697.719861 6672354.866815, 384690.052905 6672353.135619)

LINESTRING (384697.719861 6672354.866815, 384699.710709 6672355.316786, 384712.874493 6672358.279174)

LINESTRING (384634.566015 6672080.017344, 384635.277819 6672067.178867)

LINESTRING (384634.566015 6672080.017344, 384643.056962 6672078.624356, 384645.940788 6672078.154631, 384654.386662 6672076.740801)

LINESTRING (384635.277819 6672067.178867, 384635.385799 6672062.673130)

LINESTRING (384635.277819 6672067.178867, 384628.949487 6672067.066132)

LINESTRING (384635.277819 6672067.178867, 384643.444802 6672067.311723, 384646.356559 6672067.376050, 384655.090779 6672067.535647)

LINESTRING (384654.386662 6672076.740801, 384659.092020 6672075.923976)

LINESTRING (384654.386662 6672076.740801, 384645.940788 6672078.154631, 384643.056962 6672078.624356, 384634.566015 6672080.017344)

LINESTRING (384654.386662 6672076.740801, 384653.464140 6672088.003402, 384648.937978 6672126.426935)

LINESTRING (384630.614299 6672748.683585, 384630.513167 6672749.879223)

LINESTRING (384630.513167 6672749.879223, 384634.282231 6672750.562887)

LINESTRING (384630.513167 6672749.879223, 384626.721916 6672749.196262)

LINESTRING (384630.513167 6672749.879223, 384630.614299 6672748.683585)

LINESTRING (384618.727813 6672746.572856, 384618.635476 6672747.166419)

LINESTRING (384618.635476 6672747.166419, 384618.596849 6672747.702568)

LINESTRING (384618.635476 6672747.166419, 384618.727813 6672746.572856)

LINESTRING (384618.635476 6672747.166419, 384616.578070 6672746.183665)

LINESTRING (384630.766860 6672460.595784, 384627.025491 6672475.959187, 384626.624662 6672477.688052)

LINESTRING (384626.624662 6672477.688052, 384625.066427 6672484.624382)

LINESTRING (384626.624662 6672477.688052, 384632.837464 6672478.562213)

LINESTRING (384626.624662 6672477.688052, 384618.420710 6672476.352840)

LINESTRING (384626.624662 6672477.688052, 384627.025491 6672475.959187, 384630.766860 6672460.595784)

LINESTRING (384632.837464 6672478.562213, 384643.088237 6672480.011299)

LINESTRING (384632.837464 6672478.562213, 384626.624662 6672477.688052)

LINESTRING (384632.837464 6672478.562213, 384633.123917 6672476.903818)

LINESTRING (384618.420710 6672476.352840, 384626.624662 6672477.688052)

LINESTRING (384618.420710 6672476.352840, 384599.400393 6672473.240995)

LINESTRING (384618.420710 6672476.352840, 384618.868014 6672474.689377)

LINESTRING (384963.143416 6672593.301775, 384966.059017 6672607.820462, 384966.221509 6672608.751485)

LINESTRING (384966.221509 6672608.751485, 384971.524514 6672607.715664)

LINESTRING (384966.221509 6672608.751485, 384956.377790 6672610.698907)

LINESTRING (384966.221509 6672608.751485, 384967.234483 6672615.194546)

LINESTRING (384966.221509 6672608.751485, 384966.059017 6672607.820462, 384963.143416 6672593.301775)

LINESTRING (384971.524514 6672607.715664, 384986.247319 6672604.846098)

LINESTRING (384971.524514 6672607.715664, 384966.221509 6672608.751485)

LINESTRING (384971.524514 6672607.715664, 384971.239648 6672606.777340)

LINESTRING (384956.377790 6672610.698907, 384966.221509 6672608.751485)

LINESTRING (384956.377790 6672610.698907, 384946.385371 6672612.684459)

LINESTRING (384956.377790 6672610.698907, 384956.158080 6672609.713959)

LINESTRING (384967.234483 6672615.194546, 384887.667840 6672631.268391)

LINESTRING (384967.234483 6672615.194546, 384966.221509 6672608.751485)

LINESTRING (384967.234483 6672615.194546, 384973.910187 6672613.848148, 384982.597513 6672612.204555, 384983.294508 6672614.244374, 384984.812015 6672618.721329, 384985.478478 6672620.672952, 384986.573408 6672623.892721, 384995.693952 6672621.901223, 385023.069784 6672615.670100)

LINESTRING (384889.261267 6672861.594928, 384884.631607 6672860.726317)

LINESTRING (384889.261267 6672861.594928, 384893.131390 6672862.320252)

LINESTRING (384889.261267 6672861.594928, 384888.992780 6672863.297313)

LINESTRING (384867.560795 6672879.818372, 384887.346378 6672883.509254, 384889.861128 6672879.618827, 384892.812636 6672864.013073, 384893.131390 6672862.320252)

LINESTRING (384955.731525 6672849.219893, 384953.813978 6672859.399225)

LINESTRING (384955.731525 6672849.219893, 384957.743572 6672838.513809)

LINESTRING (384955.731525 6672849.219893, 384948.431881 6672847.833285)

LINESTRING (384955.731525 6672849.219893, 384957.273128 6672849.516940, 384973.022612 6672852.499253, 384976.134591 6672853.125890)

LINESTRING (384953.813978 6672859.399225, 384955.731525 6672849.219893)

LINESTRING (384953.813978 6672859.399225, 384955.343435 6672859.663219)

LINESTRING (384953.813978 6672859.399225, 384951.217013 6672873.221825, 384946.570746 6672872.353659)

LINESTRING (384976.134591 6672853.125890, 384979.246520 6672853.574222)

LINESTRING (384976.134591 6672853.125890, 384978.947096 6672836.086965, 384988.329137 6672837.842864)

LINESTRING (384976.134591 6672853.125890, 384973.022612 6672852.499253, 384957.273128 6672849.516940, 384955.731525 6672849.219893)

LINESTRING (384944.845165 6672867.437482, 384942.488226 6672866.987748)

LINESTRING (384944.845165 6672867.437482, 384944.074456 6672871.886014)

LINESTRING (384944.845165 6672867.437482, 384945.658996 6672862.240923, 384947.983639 6672850.176542, 384948.431881 6672847.833285)

LINESTRING (384923.673901 6672868.058130, 384910.868280 6672865.652172)

LINESTRING (384923.673901 6672868.058130, 384934.228642 6672870.033358)

LINESTRING (384923.673901 6672868.058130, 384924.503496 6672863.540876)

LINESTRING (384923.673901 6672868.058130, 384923.290328 6672869.808706, 384920.519365 6672884.450340, 384919.230472 6672891.311204, 384916.220443 6672890.748278, 384915.212949 6672896.140387)

LINESTRING (384934.228642 6672870.033358, 384923.673901 6672868.058130)

LINESTRING (384934.228642 6672870.033358, 384941.656161 6672871.427064)

LINESTRING (384934.228642 6672870.033358, 384933.962584 6672871.813674)

LINESTRING (384915.212949 6672896.140387, 384916.220443 6672890.748278, 384919.230472 6672891.311204, 384920.519365 6672884.450340, 384923.290328 6672869.808706, 384923.673901 6672868.058130)

LINESTRING (384814.042600 6672794.563952, 384800.576926 6672790.953244, 384798.429455 6672789.928647, 384796.821899 6672789.477719)

LINESTRING (384782.310441 6672786.156296, 384789.055122 6672788.072682)

LINESTRING (384782.310441 6672786.156296, 384778.257758 6672799.924541)

LINESTRING (384782.310441 6672786.156296, 384780.842941 6672785.745546, 384764.777013 6672781.191492, 384762.946853 6672768.020683)

LINESTRING (384782.310441 6672786.156296, 384792.761609 6672748.649806, 384791.619937 6672747.125507)

LINESTRING (384820.107388 6672842.294077, 384822.069106 6672833.706920)

LINESTRING (384820.107388 6672842.294077, 384849.459807 6672847.957336)

LINESTRING (384820.107388 6672842.294077, 384815.171940 6672841.412882)

LINESTRING (384859.809169 6672799.075839, 384860.136299 6672801.004677, 384860.325549 6672802.079732, 384860.475221 6672802.955433)

LINESTRING (384859.809169 6672799.075839, 384862.014392 6672798.583019, 384862.554780 6672798.465730, 384867.725719 6672797.300166, 384868.883444 6672797.040881, 384872.141715 6672796.314363)

LINESTRING (384859.809169 6672799.075839, 384858.309674 6672799.412738, 384856.947786 6672799.711879, 384828.156543 6672805.019264, 384822.406628 6672832.258678, 384822.069106 6672833.706920)

LINESTRING (384815.171940 6672841.412882, 384820.107388 6672842.294077)

LINESTRING (384815.171940 6672841.412882, 384814.009157 6672847.512004)

LINESTRING (384815.171940 6672841.412882, 384813.763430 6672841.111709, 384812.467596 6672840.862713)

LINESTRING (384801.590351 6672965.765754, 384802.018105 6672963.657151)

LINESTRING (384801.590351 6672965.765754, 384799.552952 6672969.295755, 384797.260366 6672980.066498)

LINESTRING (384801.590351 6672965.765754, 384802.233213 6672969.612636, 384800.563478 6672977.065042)

LINESTRING (384797.260366 6672980.066498, 384799.552952 6672969.295755, 384801.590351 6672965.765754)

LINESTRING (384800.563478 6672977.065042, 384802.233213 6672969.612636, 384801.590351 6672965.765754)

LINESTRING (384803.273350 6672957.499391, 384802.018105 6672963.657151)

LINESTRING (384803.273350 6672957.499391, 384769.153824 6672950.983543, 384767.376157 6672950.593706, 384761.606822 6672949.671962)

LINESTRING (384826.435670 6672968.305272, 384802.018105 6672963.657151)

LINESTRING (384826.435670 6672968.305272, 384844.190867 6672971.703142)

LINESTRING (384826.435670 6672968.305272, 384826.275117 6672969.201873, 384826.097339 6672970.433348)

LINESTRING (384754.427271 6672752.575176, 384753.190092 6672744.311534)

LINESTRING (384754.427271 6672752.575176, 384733.573440 6672756.953712)

LINESTRING (384754.427271 6672752.575176, 384754.637926 6672754.329362, 384756.447572 6672768.258633, 384758.918228 6672785.198380)

LINESTRING (384754.427271 6672752.575176, 384790.188686 6672745.220264, 384791.313019 6672746.722819)

LINESTRING (384136.333554 6672574.107686, 384122.105025 6672583.640588)

LINESTRING (384136.333554 6672574.107686, 384140.654489 6672572.745101)

LINESTRING (384136.333554 6672574.107686, 384133.046030 6672568.472287, 384131.466624 6672565.758425, 384121.016552 6672547.834399)

LINESTRING (384122.105025 6672583.640588, 384136.333554 6672574.107686)

LINESTRING (384122.105025 6672583.640588, 384106.322811 6672556.178475)

LINESTRING (384140.654489 6672572.745101, 384136.333554 6672574.107686)

LINESTRING (384140.654489 6672572.745101, 384165.705637 6672564.831394, 384176.579218 6672555.248744, 384182.149835 6672547.928978)

LINESTRING (384140.654489 6672572.745101, 384142.024344 6672575.153551, 384143.965856 6672578.257163)

LINESTRING (384121.016552 6672547.834399, 384104.117228 6672516.306468)

LINESTRING (384121.016552 6672547.834399, 384106.322811 6672556.178475)

LINESTRING (384121.016552 6672547.834399, 384156.387575 6672527.747564)

LINESTRING (384121.016552 6672547.834399, 384131.466624 6672565.758425, 384133.046030 6672568.472287, 384136.333554 6672574.107686)

LINESTRING (384817.735678 6672140.294771, 384818.828153 6672147.136499)

LINESTRING (384817.735678 6672140.294771, 384825.982104 6672138.898748)

LINESTRING (384817.735678 6672140.294771, 384805.447481 6672142.241402)

LINESTRING (384817.735678 6672140.294771, 384816.429305 6672133.537780, 384814.221072 6672120.880339)

LINESTRING (384814.221072 6672120.880339, 384816.429305 6672133.537780, 384817.735678 6672140.294771)

LINESTRING (384825.982104 6672138.898748, 384836.830120 6672137.064331)

LINESTRING (384825.982104 6672138.898748, 384817.735678 6672140.294771)

LINESTRING (384825.982104 6672138.898748, 384825.585797 6672136.537457)

LINESTRING (384805.447481 6672142.241402, 384817.735678 6672140.294771)

LINESTRING (384805.447481 6672142.241402, 384795.700900 6672143.784952)

LINESTRING (384805.447481 6672142.241402, 384805.123330 6672140.056154)

LINESTRING (384648.937978 6672126.426935, 384647.623055 6672135.807349)

LINESTRING (384648.937978 6672126.426935, 384642.607866 6672135.775831, 384639.462876 6672137.825146, 384637.454837 6672139.125415, 384636.382703 6672139.816700, 384628.997017 6672144.562796)

LINESTRING (384647.623055 6672135.807349, 384651.950150 6672136.206018)

LINESTRING (384647.623055 6672135.807349, 384644.839726 6672154.807046, 384644.377621 6672157.942030)

LINESTRING (384628.997017 6672144.562796, 384620.010030 6672148.712970)

LINESTRING (384628.997017 6672144.562796, 384631.390909 6672134.357138, 384632.953704 6672124.032780, 384633.928699 6672110.383616, 384634.566015 6672080.017344)

LINESTRING (384653.921613 6672136.389115, 384658.446589 6672098.455979)

LINESTRING (384653.921613 6672136.389115, 384651.950150 6672136.206018)

LINESTRING (384653.921613 6672136.389115, 384659.637908 6672135.585031)

LINESTRING (384653.921613 6672136.389115, 384654.016189 6672141.155939, 384652.944476 6672151.030190, 384650.900336 6672165.114214)

LINESTRING (384658.446589 6672098.455979, 384653.921613 6672136.389115)

LINESTRING (384658.446589 6672098.455979, 384659.245875 6672091.744174)

LINESTRING (384658.446589 6672098.455979, 384662.215175 6672097.869253, 384664.357391 6672097.478615, 384665.180094 6672097.330123)

LINESTRING (384659.245875 6672091.744174, 384658.446589 6672098.455979)

LINESTRING (384659.245875 6672091.744174, 384660.190720 6672083.835335, 384661.730074 6672082.638993)

LINESTRING (384659.245875 6672091.744174, 384663.410375 6672091.033538, 384662.513073 6672085.991091, 384663.153766 6672085.881763, 384665.180094 6672097.330123)

LINESTRING (384847.184305 6672611.377876, 384845.737531 6672610.921868)

LINESTRING (384853.848906 6672588.311207, 384852.254870 6672588.116147)

LINESTRING (384850.941713 6672624.755584, 384850.798823 6672625.685060)

LINESTRING (384794.567510 6672843.821832, 384789.792897 6672842.935611)

LINESTRING (384794.567510 6672843.821832, 384800.654943 6672844.967660)

LINESTRING (384794.567510 6672843.821832, 384794.231402 6672845.314610)

LINESTRING (384794.567510 6672843.821832, 384795.833890 6672837.663721)

LINESTRING (384655.268858 6672063.139147, 384661.809399 6672063.289824)

LINESTRING (384655.268858 6672063.139147, 384655.090779 6672067.535647)

LINESTRING (384655.268858 6672063.139147, 384649.761891 6672063.011656, 384646.444116 6672062.926678, 384643.548997 6672062.861827, 384635.385799 6672062.673130)

LINESTRING (384661.809399 6672063.289824, 384664.354327 6672063.343428)

LINESTRING (384661.809399 6672063.289824, 384655.268858 6672063.139147)

LINESTRING (384661.809399 6672063.289824, 384660.696208 6672068.674185)

LINESTRING (384655.090779 6672067.535647, 384654.386662 6672076.740801)

LINESTRING (384655.090779 6672067.535647, 384658.268812 6672067.591599, 384660.696208 6672068.674185)

LINESTRING (384655.090779 6672067.535647, 384646.356559 6672067.376050, 384643.444802 6672067.311723, 384635.277819 6672067.178867)

LINESTRING (384635.385799 6672062.673130, 384629.284202 6672062.530963)

LINESTRING (384635.385799 6672062.673130, 384643.548997 6672062.861827, 384646.444116 6672062.926678, 384649.761891 6672063.011656, 384655.268858 6672063.139147)

LINESTRING (384664.354327 6672063.343428, 384663.394681 6672070.606355)

LINESTRING (384664.354327 6672063.343428, 384661.809399 6672063.289824)

LINESTRING (384629.284202 6672062.530963, 384635.385799 6672062.673130)

LINESTRING (384629.284202 6672062.530963, 384627.161578 6672062.486372)

LINESTRING (384627.161578 6672062.486372, 384629.284202 6672062.530963)

LINESTRING (384627.161578 6672062.486372, 384625.229357 6672124.198054, 384624.827900 6672128.200395, 384623.885357 6672131.595692, 384622.088817 6672134.850722, 384619.744881 6672137.298309, 384617.699069 6672138.633212)

LINESTRING (384401.702584 6672794.205522, 384464.173815 6672807.814029, 384478.374275 6672813.762954, 384483.059647 6672814.807611, 384489.856262 6672816.253747)

LINESTRING (384676.165037 6672699.060486, 384655.580498 6672675.859710)

LINESTRING (384676.165037 6672699.060486, 384672.706581 6672702.423560)

LINESTRING (384676.165037 6672699.060486, 384677.035581 6672698.319831, 384679.479830 6672696.248016, 384680.658461 6672695.241339)

LINESTRING (384672.706581 6672702.423560, 384676.165037 6672699.060486)

LINESTRING (384672.706581 6672702.423560, 384671.615934 6672703.226870)

LINESTRING (384672.706581 6672702.423560, 384652.038775 6672679.047115)

LINESTRING (384646.852168 6672656.275283, 384660.410101 6672671.784774)

LINESTRING (384646.852168 6672656.275283, 384645.561264 6672657.419239, 384643.179420 6672659.533689, 384642.012932 6672660.573429)

LINESTRING (384670.421622 6672676.584771, 384671.963395 6672675.120880)

LINESTRING (384670.421622 6672676.584771, 384667.192532 6672679.650871)

LINESTRING (384670.421622 6672676.584771, 384673.357555 6672679.724194)

LINESTRING (384599.736033 6672438.604735, 384605.233145 6672439.846879)

LINESTRING (384599.736033 6672438.604735, 384593.061413 6672468.715499, 384592.351910 6672471.925157)

LINESTRING (384620.103594 6672376.256477, 384619.335482 6672379.545984)

LINESTRING (384620.103594 6672376.256477, 384621.365315 6672370.833983)

LINESTRING (384620.103594 6672376.256477, 384613.854048 6672374.926567)

LINESTRING (384620.103594 6672376.256477, 384621.658974 6672376.630968, 384622.626663 6672376.856806, 384637.298131 6672380.618405)

LINESTRING (385082.538959 6672701.699126, 385074.978979 6672688.485119)

LINESTRING (385082.538959 6672701.699126, 385089.687233 6672714.179392)

LINESTRING (385082.538959 6672701.699126, 385088.335630 6672698.352242)

LINESTRING (385082.538959 6672701.699126, 385080.739373 6672702.736298, 385075.815125 6672705.576611, 385067.302818 6672710.490939, 385063.678027 6672712.632970, 385056.359487 6672714.188841)

LINESTRING (384799.129780 6672925.667617, 384776.679485 6672921.269808)

LINESTRING (384799.129780 6672925.667617, 384813.836429 6672928.682045, 384826.748337 6672931.117748)

LINESTRING (384799.129780 6672925.667617, 384802.783358 6672932.217029, 384804.428986 6672942.351238)

LINESTRING (384826.748337 6672931.117748, 384876.268018 6672940.459838)

LINESTRING (384826.748337 6672931.117748, 384813.836429 6672928.682045, 384799.129780 6672925.667617)

LINESTRING (384826.748337 6672931.117748, 384841.771743 6672947.384147, 384846.053271 6672950.425658)

LINESTRING (384826.748337 6672931.117748, 384820.476476 6672921.808844, 384817.510528 6672914.881166)

LINESTRING (384679.369861 6672952.271961, 384614.012865 6672940.701122)

LINESTRING (384679.369861 6672952.271961, 384678.884003 6672959.408540)

LINESTRING (384679.369861 6672952.271961, 384680.261351 6672945.323208, 384681.127347 6672938.798746)

LINESTRING (384888.431409 6672942.752121, 384897.266568 6672944.424670)

LINESTRING (384888.431409 6672942.752121, 384876.268018 6672940.459838)

LINESTRING (384888.431409 6672942.752121, 384885.269850 6672958.030155)

LINESTRING (384830.748463 6672947.452206, 384804.428986 6672942.351238)

LINESTRING (384830.748463 6672947.452206, 384846.053271 6672950.425658)

LINESTRING (384830.748463 6672947.452206, 384834.396376 6672952.764799, 384837.503117 6672956.757086, 384841.103685 6672964.801549)

LINESTRING (384316.879643 6672858.301084, 384312.924261 6672861.735938, 384307.957202 6672864.779268, 384302.601834 6672867.656562)

LINESTRING (384316.879643 6672858.301084, 384308.100776 6672860.361528, 384305.113878 6672861.414314, 384302.905890 6672863.222607)

LINESTRING (384316.879643 6672858.301084, 384319.287871 6672857.734654, 384329.095647 6672855.028793, 384338.859050 6672850.741848, 384349.118543 6672844.934762, 384357.921231 6672837.825231)

LINESTRING (384383.427391 6672798.649558, 384385.445858 6672799.276790)

LINESTRING (384383.427391 6672798.649558, 384382.021004 6672800.176170, 384379.573151 6672806.171153, 384375.653894 6672814.798106, 384369.617891 6672823.904243, 384363.199380 6672831.796581, 384357.921231 6672837.825231)

LINESTRING (384383.427391 6672798.649558, 384381.841615 6672798.186978, 384378.695409 6672797.361320)

LINESTRING (384302.905890 6672863.222607, 384302.601834 6672867.656562)

LINESTRING (384302.905890 6672863.222607, 384301.386884 6672857.141146)

LINESTRING (384302.905890 6672863.222607, 384305.113878 6672861.414314, 384308.100776 6672860.361528, 384316.879643 6672858.301084)

LINESTRING (384302.601834 6672867.656562, 384301.870849 6672878.434057)

LINESTRING (384302.601834 6672867.656562, 384302.905890 6672863.222607)

LINESTRING (384302.601834 6672867.656562, 384307.957202 6672864.779268, 384312.924261 6672861.735938, 384316.879643 6672858.301084)

LINESTRING (384480.544741 6672858.105054, 384471.747339 6672856.588323)

LINESTRING (384480.544741 6672858.105054, 384487.609376 6672826.688941)

LINESTRING (384480.544741 6672858.105054, 384474.521297 6672884.685089, 384471.202369 6672900.202547)

LINESTRING (384471.747339 6672856.588323, 384480.544741 6672858.105054)

LINESTRING (384471.747339 6672856.588323, 384471.249441 6672848.724915, 384468.677799 6672840.592596, 384464.591903 6672833.912250, 384462.036982 6672831.061869)

LINESTRING (384471.747339 6672856.588323, 384470.146234 6672864.261628, 384467.473796 6672871.411511, 384462.455809 6672878.122753, 384457.174522 6672882.646857, 384450.530549 6672886.210966)

LINESTRING (384471.202369 6672900.202547, 384470.713156 6672902.469157)

LINESTRING (384471.202369 6672900.202547, 384468.246156 6672898.356679, 384462.376739 6672893.916914, 384454.272731 6672888.332921, 384450.530549 6672886.210966)

LINESTRING (384471.202369 6672900.202547, 384474.521297 6672884.685089, 384480.544741 6672858.105054)

LINESTRING (384551.235515 6672889.465102, 384550.771807 6672891.485718)

LINESTRING (384551.235515 6672889.465102, 384552.290287 6672884.884924)

LINESTRING (384551.235515 6672889.465102, 384563.346805 6672892.203741)

LINESTRING (384385.445858 6672799.276790, 384393.505933 6672801.173219)

LINESTRING (384385.445858 6672799.276790, 384383.427391 6672798.649558)

LINESTRING (384385.445858 6672799.276790, 384386.652249 6672792.997815)

LINESTRING (384550.771807 6672891.485718, 384549.150414 6672897.287358)

LINESTRING (384550.771807 6672891.485718, 384551.235515 6672889.465102)

LINESTRING (384550.771807 6672891.485718, 384534.001219 6672887.645852)

LINESTRING (384534.001219 6672887.645852, 384550.771807 6672891.485718)

LINESTRING (384534.001219 6672887.645852, 384517.166848 6672883.897228)

LINESTRING (384534.001219 6672887.645852, 384532.525806 6672893.498620)

LINESTRING (384493.851805 6672907.021711, 384500.647824 6672908.278424)

LINESTRING (384493.851805 6672907.021711, 384485.868128 6672905.601875)

LINESTRING (384493.851805 6672907.021711, 384492.119489 6672915.991899)

LINESTRING (384450.530549 6672886.210966, 384457.174522 6672882.646857, 384462.455809 6672878.122753, 384467.473796 6672871.411511, 384470.146234 6672864.261628, 384471.747339 6672856.588323)

LINESTRING (384450.530549 6672886.210966, 384444.039099 6672888.098609, 384436.222220 6672888.623892, 384430.582982 6672887.609400)

LINESTRING (384450.530549 6672886.210966, 384454.272731 6672888.332921, 384462.376739 6672893.916914, 384468.246156 6672898.356679, 384471.202369 6672900.202547)

LINESTRING (384309.505270 6672886.718373, 384300.689369 6672884.968603)

LINESTRING (384309.505270 6672886.718373, 384328.666191 6672890.470575)

LINESTRING (384309.505270 6672886.718373, 384307.960276 6672893.520723)

LINESTRING (384301.870849 6672878.434057, 384291.833892 6672876.343975)

LINESTRING (384301.870849 6672878.434057, 384300.689369 6672884.968603)

LINESTRING (384301.870849 6672878.434057, 384302.601834 6672867.656562)

LINESTRING (385009.052678 6672315.089891, 385013.166607 6672308.530446)

LINESTRING (384784.226522 6672753.532095, 384786.577260 6672751.663893, 384788.947326 6672749.527618, 384789.708702 6672748.846147, 384791.619937 6672747.125507)

LINESTRING (384791.619937 6672747.125507, 384791.313019 6672746.722819)

LINESTRING (384791.619937 6672747.125507, 384792.761609 6672748.649806, 384782.310441 6672786.156296)

LINESTRING (384791.619937 6672747.125507, 384789.708702 6672748.846147, 384788.947326 6672749.527618, 384786.577260 6672751.663893, 384784.226522 6672753.532095)

LINESTRING (384781.413686 6672851.000310, 384780.666288 6672855.124963)

LINESTRING (384781.413686 6672851.000310, 384783.771944 6672851.137857)

LINESTRING (384781.413686 6672851.000310, 384781.763450 6672848.883015, 384782.637364 6672844.720948, 384783.269697 6672841.703212)

LINESTRING (384745.462350 6672601.427241, 384745.347100 6672601.999232)

LINESTRING (384745.462350 6672601.427241, 384746.320655 6672597.120783)

LINESTRING (384745.462350 6672601.427241, 384746.535125 6672601.995279)

LINESTRING (384764.550172 6672519.539409, 384761.794656 6672529.722927)

LINESTRING (384764.550172 6672519.539409, 384765.156815 6672517.291444)

LINESTRING (384764.550172 6672519.539409, 384765.243164 6672519.506461)

LINESTRING (384794.851423 6672425.719979, 384795.451031 6672424.129761)

LINESTRING (384794.851423 6672425.719979, 384795.657177 6672425.917523)

LINESTRING (384794.851423 6672425.719979, 384791.163399 6672435.565034, 384788.929878 6672441.519526)

LINESTRING (384455.705815 6672624.755251, 384450.704391 6672623.731734)

LINESTRING (384455.705815 6672624.755251, 384460.567166 6672625.738615)

LINESTRING (384455.705815 6672624.755251, 384452.215335 6672640.122102, 384447.408935 6672661.292150, 384442.046881 6672684.909228, 384441.403623 6672687.749067)

LINESTRING (384988.850691 6672537.820149, 384998.248858 6672534.761233)

LINESTRING (384988.850691 6672537.820149, 384981.535858 6672540.211866)

LINESTRING (384988.850691 6672537.820149, 384988.142547 6672535.602369)

LINESTRING (384492.847466 6672828.184242, 384493.351372 6672825.326518)

LINESTRING (384492.847466 6672828.184242, 384504.089223 6672830.805244)

LINESTRING (384492.847466 6672828.184242, 384488.747633 6672827.221404, 384487.609376 6672826.688941)

LINESTRING (384651.950150 6672136.206018, 384647.623055 6672135.807349)

LINESTRING (384651.950150 6672136.206018, 384653.921613 6672136.389115)

LINESTRING (384651.950150 6672136.206018, 384651.491440 6672140.154436, 384649.610752 6672157.665788)

LINESTRING (384320.467549 6672678.015383, 384332.734930 6672682.854667)

LINESTRING (384320.467549 6672678.015383, 384313.907634 6672677.921694, 384294.438981 6672680.631885, 384265.820168 6672685.436730)

LINESTRING (384320.467549 6672678.015383, 384323.576067 6672671.843472, 384328.573830 6672667.829639)

LINESTRING (384323.338723 6672689.113722, 384310.982592 6672697.282850)

LINESTRING (384323.338723 6672689.113722, 384332.734930 6672682.854667)

LINESTRING (384323.338723 6672689.113722, 384323.642375 6672692.926678, 384327.540207 6672695.221909, 384332.960918 6672695.986835)

LINESTRING (384332.960918 6672695.986835, 384332.903167 6672688.533022, 384332.734930 6672682.854667)

LINESTRING (384332.960918 6672695.986835, 384333.027939 6672704.788833, 384332.566966 6672710.409051)

LINESTRING (384332.960918 6672695.986835, 384327.540207 6672695.221909, 384323.642375 6672692.926678, 384323.338723 6672689.113722)

LINESTRING (384328.573830 6672667.829639, 384333.194226 6672666.457821)

LINESTRING (384328.573830 6672667.829639, 384324.107261 6672645.770970, 384320.997945 6672630.122072)

LINESTRING (384328.573830 6672667.829639, 384330.121408 6672674.991219, 384332.734930 6672682.854667)

LINESTRING (384328.573830 6672667.829639, 384323.576067 6672671.843472, 384320.467549 6672678.015383)

LINESTRING (384763.244474 6672100.529236, 384762.354553 6672095.363949)

LINESTRING (384762.354553 6672095.363949, 384759.438489 6672078.393636)

LINESTRING (384762.354553 6672095.363949, 384763.244474 6672100.529236)

LINESTRING (384762.354553 6672095.363949, 384775.536315 6672093.221906)

LINESTRING (385005.345854 6672392.269499, 385000.485266 6672389.368553)

LINESTRING (385005.345854 6672392.269499, 385001.452126 6672398.588014)

LINESTRING (384870.917954 6672335.075857, 384871.683823 6672345.839538, 384872.125395 6672354.941757)

LINESTRING (384872.125395 6672354.941757, 384858.899691 6672355.480082)

LINESTRING (384872.125395 6672354.941757, 384894.672432 6672354.010235, 384899.278056 6672359.571419, 384899.642438 6672365.689373, 384896.375573 6672365.624869, 384889.325678 6672365.679259, 384876.457752 6672364.880098, 384850.622329 6672363.117875, 384846.272513 6672361.103763)

LINESTRING (384872.125395 6672354.941757, 384871.683823 6672345.839538, 384870.917954 6672335.075857)

LINESTRING (384858.899691 6672355.480082, 384872.125395 6672354.941757)

LINESTRING (384846.272513 6672361.103763, 384850.622329 6672363.117875, 384876.457752 6672364.880098, 384889.325678 6672365.679259, 384896.375573 6672365.624869, 384899.642438 6672365.689373, 384899.278056 6672359.571419, 384894.672432 6672354.010235, 384872.125395 6672354.941757)

LINESTRING (384846.272513 6672361.103763, 384841.959959 6672358.508977, 384827.068187 6672351.443611, 384825.732196 6672350.805814)

LINESTRING (384996.599334 6672353.494284, 385015.235640 6672364.532748, 385012.783177 6672368.655141, 385004.814885 6672382.077938, 385004.123890 6672383.236357)

LINESTRING (385000.485266 6672389.368553, 385004.123890 6672383.236357)

LINESTRING (385000.485266 6672389.368553, 384966.993537 6672369.401997, 384964.633949 6672367.993904)

LINESTRING (384848.164181 6672574.381151, 384847.869887 6672575.616286)

LINESTRING (384687.915179 6672319.624850, 384771.448919 6672305.550700)

LINESTRING (384687.915179 6672319.624850, 384693.625133 6672324.448927)

LINESTRING (384785.280142 6672333.611800, 384790.536908 6672342.038769)

LINESTRING (384785.280142 6672333.611800, 384776.874271 6672319.511108)

LINESTRING (384785.280142 6672333.611800, 384781.648461 6672335.542573, 384778.597898 6672335.471369, 384776.873316 6672333.954263, 384775.127303 6672326.107819)

LINESTRING (384782.854418 6672444.128973, 384787.511479 6672445.498112)

LINESTRING (384782.854418 6672444.128973, 384776.279635 6672463.693609, 384766.501939 6672494.926907, 384765.373715 6672498.773786)

LINESTRING (384788.929878 6672441.519526, 384784.273513 6672440.172652)

LINESTRING (384788.929878 6672441.519526, 384787.511479 6672445.498112)

LINESTRING (384788.929878 6672441.519526, 384790.263337 6672441.901068, 384801.515223 6672445.169076, 384810.293914 6672447.478472)

LINESTRING (384788.929878 6672441.519526, 384791.163399 6672435.565034, 384794.851423 6672425.719979)

LINESTRING (384787.511479 6672445.498112, 384782.854418 6672444.128973)

LINESTRING (384787.511479 6672445.498112, 384782.409712 6672460.703522)

LINESTRING (384787.511479 6672445.498112, 384788.929878 6672441.519526)

LINESTRING (384787.511479 6672445.498112, 384788.917746 6672445.899652, 384800.854040 6672449.391305, 384808.703304 6672451.807941, 384798.162573 6672484.034701)

LINESTRING (384810.293914 6672447.478472, 384801.515223 6672445.169076, 384790.263337 6672441.901068, 384788.929878 6672441.519526)

LINESTRING (384782.409712 6672460.703522, 384787.511479 6672445.498112)

LINESTRING (384782.409712 6672460.703522, 384783.803479 6672461.060876)

LINESTRING (384782.409712 6672460.703522, 384778.627923 6672471.978024, 384776.249869 6672480.043363)

LINESTRING (384798.162573 6672484.034701, 384808.703304 6672451.807941, 384800.854040 6672449.391305, 384788.917746 6672445.899652, 384787.511479 6672445.498112)

LINESTRING (384899.479358 6672454.849474, 384890.912869 6672440.385832, 384885.199286 6672438.258518, 384875.840846 6672439.054159, 384868.380487 6672443.356359, 384866.051931 6672454.239602, 384857.840966 6672465.218615, 384854.915169 6672482.004875, 384860.801870 6672490.523571, 384857.907702 6672495.952713)

LINESTRING (384840.887310 6672483.504631, 384845.541473 6672490.434979)

LINESTRING (384840.887310 6672483.504631, 384841.730610 6672482.954330)

LINESTRING (384840.887310 6672483.504631, 384838.345338 6672479.650591, 384834.646373 6672477.671755)

LINESTRING (384840.887310 6672483.504631, 384835.606914 6672487.560052, 384831.886151 6672486.830075)

LINESTRING (384841.730610 6672482.954330, 384840.887310 6672483.504631)

LINESTRING (384845.541473 6672490.434979, 384840.887310 6672483.504631)

LINESTRING (384845.541473 6672490.434979, 384844.413811 6672494.125791, 384845.156516 6672497.969539, 384849.358862 6672504.657775)

LINESTRING (384845.541473 6672490.434979, 384847.627519 6672490.737156, 384853.116811 6672489.617302, 384861.772725 6672488.732239, 384871.775921 6672495.204712)

LINESTRING (384871.775921 6672495.204712, 384861.772725 6672488.732239, 384853.116811 6672489.617302, 384847.627519 6672490.737156, 384845.541473 6672490.434979)

LINESTRING (384901.312953 6672133.120768, 384876.932413 6672137.241383)

LINESTRING (384901.312953 6672133.120768, 384900.128375 6672126.170471)

LINESTRING (384901.312953 6672133.120768, 384924.693324 6672129.154325, 384926.392904 6672129.167799, 384928.114119 6672129.693234, 384932.410777 6672131.775988)

LINESTRING (384840.110613 6672162.459525, 384836.025452 6672161.629543)

LINESTRING (384840.110613 6672162.459525, 384845.294970 6672162.575148, 384858.172526 6672160.654700, 384870.312253 6672158.579177)

LINESTRING (384840.110613 6672162.459525, 384840.784738 6672168.712614, 384838.653582 6672171.220234, 384838.832539 6672173.733236, 384834.701569 6672178.510318, 384827.775825 6672179.875943)

LINESTRING (384836.025452 6672161.629543, 384840.110613 6672162.459525)

LINESTRING (384741.585252 6672210.726571, 384749.026508 6672209.511725, 384791.566842 6672202.133221)

LINESTRING (384795.152751 6672254.354454, 384800.947998 6672253.770988)

LINESTRING (384757.649939 6672066.904323, 384757.767330 6672058.809808)

LINESTRING (384757.649939 6672066.904323, 384732.892375 6672071.583820)

LINESTRING (384757.649939 6672066.904323, 384758.542606 6672073.039084, 384758.738913 6672074.336801, 384759.438489 6672078.393636)

LINESTRING (384757.649939 6672066.904323, 384788.072664 6672061.378149, 384792.105320 6672056.826999)

LINESTRING (384793.583458 6672050.327915, 384785.403170 6672045.358482)

LINESTRING (384793.583458 6672050.327915, 384792.323427 6672053.521403, 384792.105320 6672056.826999)

LINESTRING (384793.583458 6672050.327915, 384794.891069 6672050.765999, 384798.054896 6672051.959246, 384800.199065 6672052.159280)

LINESTRING (384564.234229 6672594.508284, 384561.041352 6672593.438758)

LINESTRING (384564.234229 6672594.508284, 384563.395095 6672598.535579)

LINESTRING (384590.125285 6672742.548283, 384591.287006 6672742.767994)

LINESTRING (384590.125285 6672742.548283, 384584.501815 6672741.510761)

LINESTRING (384590.125285 6672742.548283, 384589.004514 6672749.794041)

LINESTRING (384590.125285 6672742.548283, 384590.263191 6672741.462928, 384592.742024 6672724.634753)

LINESTRING (384409.545571 6672416.986203, 384408.571736 6672412.871207)

LINESTRING (384124.237878 6672505.572939, 384104.117228 6672516.306468)

LINESTRING (384124.237878 6672505.572939, 384154.927222 6672487.896557, 384165.980438 6672495.047192, 384180.504889 6672514.346999)

LINESTRING (384124.237878 6672505.572939, 384131.844097 6672509.946112, 384156.387575 6672527.747564)

LINESTRING (384104.117228 6672516.306468, 384121.016552 6672547.834399)

LINESTRING (384104.117228 6672516.306468, 384124.237878 6672505.572939)

LINESTRING (384180.504889 6672514.346999, 384196.680338 6672528.445912)

LINESTRING (384180.504889 6672514.346999, 384187.298027 6672510.744270, 384190.401765 6672509.163914)

LINESTRING (384180.504889 6672514.346999, 384165.980438 6672495.047192, 384154.927222 6672487.896557, 384124.237878 6672505.572939)

LINESTRING (384180.504889 6672514.346999, 384172.287388 6672518.908633, 384156.387575 6672527.747564)

LINESTRING (384156.387575 6672527.747564, 384182.149835 6672547.928978)

LINESTRING (384156.387575 6672527.747564, 384121.016552 6672547.834399)

LINESTRING (384156.387575 6672527.747564, 384131.844097 6672509.946112, 384124.237878 6672505.572939)

LINESTRING (384156.387575 6672527.747564, 384172.287388 6672518.908633, 384180.504889 6672514.346999)

LINESTRING (384196.680338 6672528.445912, 384182.149835 6672547.928978)

LINESTRING (384196.680338 6672528.445912, 384212.311996 6672557.662830, 384213.019447 6672561.072959, 384211.679991 6672564.893278, 384208.948505 6672568.412129, 384182.149835 6672547.928978)

LINESTRING (384196.680338 6672528.445912, 384180.504889 6672514.346999)

LINESTRING (384182.149835 6672547.928978, 384156.387575 6672527.747564)

LINESTRING (384182.149835 6672547.928978, 384196.680338 6672528.445912)

LINESTRING (384182.149835 6672547.928978, 384208.948505 6672568.412129, 384211.679991 6672564.893278, 384213.019447 6672561.072959, 384212.311996 6672557.662830, 384196.680338 6672528.445912)

LINESTRING (384182.149835 6672547.928978, 384176.579218 6672555.248744, 384165.705637 6672564.831394, 384140.654489 6672572.745101)

LINESTRING (384106.322811 6672556.178475, 384122.105025 6672583.640588)

LINESTRING (384106.322811 6672556.178475, 384121.016552 6672547.834399)

LINESTRING (384106.133023 6672670.192477, 384189.242467 6672651.950030)

LINESTRING (384106.133023 6672670.192477, 384109.456689 6672682.234781, 384113.514371 6672691.155697, 384121.458275 6672701.123820)

LINESTRING (384333.194226 6672666.457821, 384328.573830 6672667.829639)

LINESTRING (384333.194226 6672666.457821, 384337.483127 6672665.664845)

LINESTRING (384333.194226 6672666.457821, 384330.079209 6672649.572063)

LINESTRING (384333.194226 6672666.457821, 384334.846091 6672674.284776, 384336.526170 6672679.313583)

LINESTRING (384310.982592 6672697.282850, 384323.338723 6672689.113722)

LINESTRING (384580.981820 6672776.916072, 384583.474788 6672762.828968, 384584.387979 6672757.629178)

LINESTRING (384582.750270 6672786.522548, 384588.979275 6672787.574414)

LINESTRING (384582.750270 6672786.522548, 384581.781560 6672791.545778, 384582.548253 6672794.029109, 384584.009866 6672795.309231, 384587.188394 6672795.576824, 384587.750082 6672793.140783, 384588.979275 6672787.574414)

LINESTRING (384582.750270 6672786.522548, 384584.006297 6672779.517701)

LINESTRING (384588.979275 6672787.574414, 384582.750270 6672786.522548)

LINESTRING (384588.979275 6672787.574414, 384587.750082 6672793.140783, 384587.188394 6672795.576824, 384584.009866 6672795.309231, 384582.548253 6672794.029109, 384581.781560 6672791.545778, 384582.750270 6672786.522548)

LINESTRING (384588.979275 6672787.574414, 384590.240860 6672780.569395, 384584.006297 6672779.517701)

LINESTRING (384696.099581 6672810.422929, 384711.743602 6672807.924410, 384713.736353 6672807.560778)

LINESTRING (384637.794152 6672823.626469, 384634.366109 6672837.642688, 384633.293461 6672842.011657)

LINESTRING (384941.656161 6672871.427064, 384934.228642 6672870.033358)

LINESTRING (384941.656161 6672871.427064, 384944.074456 6672871.886014)

LINESTRING (384941.656161 6672871.427064, 384942.488226 6672866.987748)

LINESTRING (384941.656161 6672871.427064, 384941.328742 6672873.198162, 384938.591688 6672887.861003, 384937.071077 6672895.475813, 384923.188452 6672892.713604)

LINESTRING (384944.074456 6672871.886014, 384941.656161 6672871.427064)

LINESTRING (384944.074456 6672871.886014, 384946.570746 6672872.353659)

LINESTRING (384944.074456 6672871.886014, 384944.845165 6672867.437482)

LINESTRING (384944.074456 6672871.886014, 384943.786209 6672873.667026, 384941.227322 6672888.346556, 384942.171282 6672891.002692, 384955.036099 6672893.529482)

LINESTRING (384923.188452 6672892.713604, 384937.071077 6672895.475813, 384938.591688 6672887.861003, 384941.328742 6672873.198162, 384941.656161 6672871.427064)

LINESTRING (384946.570746 6672872.353659, 384944.074456 6672871.886014)

LINESTRING (384946.570746 6672872.353659, 384946.215944 6672874.136762)

LINESTRING (384946.570746 6672872.353659, 384951.217013 6672873.221825, 384953.813978 6672859.399225)

LINESTRING (384955.036099 6672893.529482, 384942.171282 6672891.002692, 384941.227322 6672888.346556, 384943.786209 6672873.667026, 384944.074456 6672871.886014)

LINESTRING (384962.319361 6672987.882985, 384940.656617 6672983.793787)

LINESTRING (384962.319361 6672987.882985, 384961.183730 6672993.791747)

LINESTRING (385060.720009 6672935.367823, 385068.296995 6672936.400466, 385076.943936 6672924.472089, 385078.236832 6672922.860160, 385091.246758 6672928.603586, 385093.263009 6672929.521022)

LINESTRING (385112.996514 6672901.665066, 385108.549484 6672913.160682, 385100.023794 6672932.496171)

LINESTRING (384635.601472 6672876.152299, 384705.216044 6672892.080715)

LINESTRING (384635.601472 6672876.152299, 384629.976050 6672874.869602)

LINESTRING (384635.601472 6672876.152299, 384630.756575 6672898.058829, 384627.336766 6672916.209379)

LINESTRING (384530.884229 6672900.771970, 384514.281311 6672897.495274)

LINESTRING (384530.884229 6672900.771970, 384547.358850 6672904.030496)

LINESTRING (384530.884229 6672900.771970, 384532.525806 6672893.498620)

LINESTRING (384709.573841 6672938.449123, 384712.291145 6672941.528585, 384713.500051 6672943.073032, 384717.269580 6672945.718173, 384720.421690 6672952.205285)

LINESTRING (384496.352025 6673024.304883, 384521.160481 6673037.999065, 384529.078409 6673036.111144)

LINESTRING (384529.078409 6673036.111144, 384533.420538 6673035.082668)

LINESTRING (384529.078409 6673036.111144, 384521.160481 6673037.999065, 384496.352025 6673024.304883)

LINESTRING (384533.420538 6673035.082668, 384529.078409 6673036.111144)

LINESTRING (384533.420538 6673035.082668, 384534.019107 6673025.368140, 384541.153330 6672988.411151, 384543.307784 6672985.256216, 384567.616881 6672962.501900, 384572.533695 6672955.749415, 384574.901700 6672950.737794, 384576.889359 6672944.579144, 384578.039624 6672939.505609)

LINESTRING (384579.256103 6672933.538434, 384578.039624 6672939.505609)

LINESTRING (384579.256103 6672933.538434, 384510.376221 6672919.428079, 384509.661401 6672919.294600, 384504.629572 6672918.349997, 384500.418640 6672917.557820, 384498.721027 6672917.243597)

LINESTRING (384876.268018 6672940.459838, 384888.431409 6672942.752121)

LINESTRING (384876.268018 6672940.459838, 384826.748337 6672931.117748)

LINESTRING (384876.268018 6672940.459838, 384873.702037 6672955.786028)

LINESTRING (384873.702037 6672955.786028, 384855.185878 6672952.200196)

LINESTRING (384873.702037 6672955.786028, 384885.269850 6672958.030155)

LINESTRING (384873.702037 6672955.786028, 384876.268018 6672940.459838)

LINESTRING (384855.185878 6672952.200196, 384846.053271 6672950.425658)

LINESTRING (384855.185878 6672952.200196, 384873.702037 6672955.786028)

LINESTRING (384855.185878 6672952.200196, 384858.877529 6672957.845768, 384858.715877 6672960.826402, 384862.667196 6672968.904433)

LINESTRING (385059.293738 6672571.872472, 385060.901525 6672573.036749)

LINESTRING (385060.901525 6672573.036749, 385063.897503 6672569.075636)

LINESTRING (385060.901525 6672573.036749, 385054.371043 6672581.666835)

LINESTRING (385060.901525 6672573.036749, 385059.293738 6672571.872472)

LINESTRING (385033.028659 6672605.717594, 385033.780744 6672607.744548)

LINESTRING (384522.923668 6672481.546824, 384525.598400 6672469.348508)

LINESTRING (384538.877838 6672485.144986, 384541.024834 6672472.584410)

LINESTRING (384652.849643 6672399.631323, 384669.057130 6672403.333527, 384671.913688 6672403.945678)

LINESTRING (384615.188627 6672068.101358, 384592.672070 6672082.395707)

LINESTRING (384615.188627 6672068.101358, 384613.939049 6672091.365652, 384611.470472 6672103.078169)

LINESTRING (384592.672070 6672082.395707, 384615.188627 6672068.101358)

LINESTRING (384592.672070 6672082.395707, 384590.113549 6672084.025387)

LINESTRING (384592.672070 6672082.395707, 384580.090770 6672062.531577)

LINESTRING (384592.672070 6672082.395707, 384609.516277 6672108.555907)

LINESTRING (384611.470472 6672103.078169, 384609.516277 6672108.555907)

LINESTRING (384611.470472 6672103.078169, 384613.939049 6672091.365652, 384615.188627 6672068.101358)

LINESTRING (384611.470472 6672103.078169, 384615.368295 6672105.184268, 384617.360309 6672106.548004, 384618.801633 6672108.586608, 384619.464826 6672111.307241, 384619.339721 6672114.387036)

LINESTRING (384525.313797 6672126.209727, 384534.595727 6672132.826669)

LINESTRING (384525.313797 6672126.209727, 384519.896337 6672122.401957)

LINESTRING (384525.313797 6672126.209727, 384586.495738 6672086.401687, 384590.113549 6672084.025387)

LINESTRING (384534.595727 6672132.826669, 384525.313797 6672126.209727)

LINESTRING (384534.595727 6672132.826669, 384551.977649 6672126.004497)

LINESTRING (384534.595727 6672132.826669, 384547.800061 6672139.687769, 384561.029624 6672146.470108)

LINESTRING (384193.670133 6672253.584944, 384186.428619 6672255.140091)

LINESTRING (384193.670133 6672253.584944, 384216.463865 6672290.120279)

LINESTRING (384193.670133 6672253.584944, 384191.784700 6672249.799717)

LINESTRING (384193.670133 6672253.584944, 384204.163819 6672250.043584, 384218.140441 6672242.681056, 384230.677004 6672234.026764)

LINESTRING (385011.925761 6672228.853828, 385024.402342 6672236.630987, 385026.143018 6672237.601629)

LINESTRING (385049.146638 6672200.593642, 385051.006321 6672197.570885)

LINESTRING (385049.146638 6672200.593642, 385026.143018 6672237.601629)

LINESTRING (385049.146638 6672200.593642, 385047.272426 6672199.437725, 385035.292362 6672192.090676)

LINESTRING (385042.525821 6672245.467980, 385041.123223 6672244.653885)

LINESTRING (385035.292362 6672192.090676, 385047.272426 6672199.437725, 385049.146638 6672200.593642)

LINESTRING (385051.006321 6672197.570885, 385068.451316 6672169.207186)

LINESTRING (385051.006321 6672197.570885, 385049.146638 6672200.593642)

LINESTRING (385051.006321 6672197.570885, 385049.312764 6672196.509597, 385036.887607 6672188.073220)

LINESTRING (385036.887607 6672188.073220, 385049.312764 6672196.509597, 385051.006321 6672197.570885)

LINESTRING (384214.841581 6672739.705682, 384212.831343 6672744.082146)

LINESTRING (384214.841581 6672739.705682, 384204.458029 6672737.203289)

LINESTRING (384214.841581 6672739.705682, 384313.390760 6672762.268092, 384322.994679 6672720.407063)

LINESTRING (384794.231402 6672845.314610, 384794.567510 6672843.821832)

LINESTRING (384800.358356 6672846.481483, 384800.654943 6672844.967660)

LINESTRING (384800.654943 6672844.967660, 384794.567510 6672843.821832)

LINESTRING (384800.654943 6672844.967660, 384811.304817 6672846.961837)

LINESTRING (384800.654943 6672844.967660, 384800.358356 6672846.481483)

LINESTRING (384821.748924 6672850.533875, 384822.038922 6672848.986828)

LINESTRING (384822.038922 6672848.986828, 384814.009157 6672847.512004)

LINESTRING (384822.038922 6672848.986828, 384824.881214 6672849.510376)

LINESTRING (384822.038922 6672848.986828, 384821.748924 6672850.533875)

LINESTRING (384824.591566 6672851.068556, 384824.881214 6672849.510376)

LINESTRING (384824.881214 6672849.510376, 384822.038922 6672848.986828)

LINESTRING (384824.881214 6672849.510376, 384841.579640 6672852.651739)

LINESTRING (384824.881214 6672849.510376, 384824.591566 6672851.068556)

LINESTRING (384858.722279 6672857.562312, 384859.120766 6672855.933847)

LINESTRING (384955.343435 6672859.663219, 384953.813978 6672859.399225)

LINESTRING (384933.962584 6672871.813674, 384934.228642 6672870.033358)

LINESTRING (384676.233111 6672377.129979, 384677.789825 6672377.370719)

LINESTRING (384670.448695 6672397.271733, 384673.117301 6672397.733781)

LINESTRING (384666.620166 6672413.930579, 384669.379038 6672414.790980)

LINESTRING (384661.012138 6672438.435405, 384663.170405 6672438.913516)

LINESTRING (384663.170405 6672438.913516, 384669.379038 6672414.790980)

LINESTRING (384663.170405 6672438.913516, 384658.692303 6672458.568385)

LINESTRING (384663.170405 6672438.913516, 384661.012138 6672438.435405)

LINESTRING (384643.579989 6672478.524749, 384643.088237 6672480.011299)

LINESTRING (384997.400010 6672801.227357, 384996.986612 6672799.200920)

LINESTRING (384974.186001 6672805.934963, 384973.708881 6672804.177995)

LINESTRING (384959.308063 6672838.832426, 384957.743572 6672838.513809)

LINESTRING (384605.255536 6672447.959304, 384604.586253 6672448.392734)

LINESTRING (384604.586253 6672448.392734, 384605.255536 6672447.959304)

LINESTRING (384604.586253 6672448.392734, 384605.006672 6672449.048153)

LINESTRING (384604.586253 6672448.392734, 384605.118114 6672448.531999)

LINESTRING (384604.586253 6672448.392734, 384603.315193 6672448.053871)

LINESTRING (385018.168537 6672849.655003, 385019.760049 6672849.950509)

LINESTRING (385019.760049 6672849.950509, 385022.368643 6672835.782129)

LINESTRING (385019.760049 6672849.950509, 385017.680020 6672861.149038)

LINESTRING (385019.760049 6672849.950509, 385018.168537 6672849.655003)

LINESTRING (385014.063076 6672871.314824, 385015.732576 6672871.619023)

LINESTRING (385015.732576 6672871.619023, 385016.934411 6672865.162132)

LINESTRING (385015.732576 6672871.619023, 385014.313027 6672879.275198)

LINESTRING (385015.732576 6672871.619023, 385014.063076 6672871.314824)

LINESTRING (385010.686326 6672889.129253, 385012.418224 6672889.476068)

LINESTRING (385012.418224 6672889.476068, 385013.885535 6672881.573216)

LINESTRING (385012.418224 6672889.476068, 385011.273523 6672895.630270)

LINESTRING (385012.418224 6672889.476068, 385010.686326 6672889.129253)

LINESTRING (385007.291975 6672907.089116, 385009.041600 6672907.647116)

LINESTRING (385009.041600 6672907.647116, 385010.320958 6672900.831167)

LINESTRING (385009.041600 6672907.647116, 385007.153777 6672917.892348)

LINESTRING (385009.041600 6672907.647116, 385007.291975 6672907.089116)

LINESTRING (385003.291550 6672928.199584, 385005.157237 6672928.564483)

LINESTRING (385005.157237 6672928.564483, 385007.153777 6672917.892348)

LINESTRING (385005.157237 6672928.564483, 385003.899037 6672935.346337)

LINESTRING (385005.157237 6672928.564483, 385003.291550 6672928.199584)

LINESTRING (384758.918228 6672785.198380, 384756.447572 6672768.258633, 384754.637926 6672754.329362, 384754.427271 6672752.575176)

LINESTRING (384602.335822 6672463.140826, 384601.860834 6672463.044347)

LINESTRING (384601.860834 6672463.044347, 384599.933785 6672462.503266)

LINESTRING (384601.860834 6672463.044347, 384602.335822 6672463.140826)

LINESTRING (384601.860834 6672463.044347, 384601.655580 6672463.931223)

LINESTRING (384601.860834 6672463.044347, 384602.036316 6672462.269854)

LINESTRING (384660.696208 6672068.674185, 384659.731012 6672071.880729, 384659.092020 6672075.923976)

LINESTRING (384660.696208 6672068.674185, 384658.268812 6672067.591599, 384655.090779 6672067.535647)

LINESTRING (384732.892375 6672071.583820, 384757.649939 6672066.904323)

LINESTRING (384732.892375 6672071.583820, 384725.317759 6672072.981194)

LINESTRING (384732.892375 6672071.583820, 384741.516287 6672118.887845)

LINESTRING (384759.438489 6672078.393636, 384762.354553 6672095.363949)

LINESTRING (384759.438489 6672078.393636, 384773.195085 6672075.988327)

LINESTRING (384759.438489 6672078.393636, 384758.738913 6672074.336801, 384758.542606 6672073.039084, 384757.649939 6672066.904323)

LINESTRING (384609.004116 6672223.794036, 384609.394523 6672223.848603, 384611.844818 6672224.250623)

LINESTRING (384617.849648 6672225.031028, 384611.844818 6672224.250623)

LINESTRING (384617.849648 6672225.031028, 384622.090911 6672190.271769)

LINESTRING (384604.649982 6672240.335770, 384607.498611 6672240.691804, 384609.910351 6672240.927871)

LINESTRING (384559.403944 6672432.096920, 384575.097865 6672435.536284, 384576.881349 6672435.925855)

LINESTRING (384558.163070 6672482.921136, 384565.564572 6672484.515537)

LINESTRING (384554.769926 6672516.895972, 384557.265179 6672517.497130, 384558.361114 6672517.741197)

LINESTRING (384599.410018 6672625.439937, 384601.514599 6672623.512506)

LINESTRING (384601.514599 6672623.512506, 384597.328227 6672618.752019)

LINESTRING (384601.514599 6672623.512506, 384604.646999 6672627.069175)

LINESTRING (384601.514599 6672623.512506, 384599.410018 6672625.439937)

LINESTRING (384615.025200 6672643.325076, 384617.177242 6672641.318147)

LINESTRING (384617.177242 6672641.318147, 384609.969457 6672632.997471)

LINESTRING (384617.177242 6672641.318147, 384636.156930 6672662.908760)

LINESTRING (384617.177242 6672641.318147, 384615.025200 6672643.325076)

LINESTRING (384660.410101 6672671.784774, 384667.192532 6672679.650871)

LINESTRING (384660.410101 6672671.784774, 384659.084868 6672672.896374, 384656.645809 6672674.956895, 384655.580498 6672675.859710)

LINESTRING (384642.012932 6672660.573429, 384638.691949 6672663.542150)

LINESTRING (384642.012932 6672660.573429, 384603.680712 6672617.370549, 384587.849404 6672599.503407, 384581.121649 6672594.967901, 384574.960511 6672592.732588, 384571.470858 6672591.583251)

LINESTRING (384642.012932 6672660.573429, 384643.179420 6672659.533689, 384645.561264 6672657.419239, 384646.852168 6672656.275283)

LINESTRING (384636.156930 6672662.908760, 384617.177242 6672641.318147)

LINESTRING (384636.156930 6672662.908760, 384637.544493 6672664.480991)

LINESTRING (384636.156930 6672662.908760, 384633.811466 6672664.944059, 384631.784831 6672666.701851)

LINESTRING (384637.544493 6672664.480991, 384638.691949 6672663.542150)

LINESTRING (384637.544493 6672664.480991, 384636.156930 6672662.908760)

LINESTRING (384637.544493 6672664.480991, 384639.104763 6672666.248382)

LINESTRING (384637.544493 6672664.480991, 384635.188286 6672666.527773, 384633.150909 6672668.297046, 384622.780033 6672677.294107, 384619.608068 6672680.057553)

LINESTRING (384631.784831 6672666.701851, 384633.811466 6672664.944059, 384636.156930 6672662.908760)

LINESTRING (384638.691949 6672663.542150, 384642.012932 6672660.573429)

LINESTRING (384638.691949 6672663.542150, 384637.544493 6672664.480991)

LINESTRING (384638.691949 6672663.542150, 384584.940674 6672602.693218, 384578.614503 6672599.448958, 384569.915487 6672596.491238)

LINESTRING (384639.104763 6672666.248382, 384637.544493 6672664.480991)

LINESTRING (384639.104763 6672666.248382, 384651.053158 6672679.835978)

LINESTRING (384639.104763 6672666.248382, 384636.737814 6672668.306645, 384634.636620 6672669.988773)

LINESTRING (384619.608068 6672680.057553, 384627.726046 6672689.252267, 384615.230270 6672700.233133)

LINESTRING (384619.608068 6672680.057553, 384613.223040 6672672.825394, 384599.311954 6672685.054502)

LINESTRING (384619.608068 6672680.057553, 384622.780033 6672677.294107, 384633.150909 6672668.297046, 384635.188286 6672666.527773, 384637.544493 6672664.480991)

LINESTRING (384651.053158 6672679.835978, 384652.038775 6672679.047115)

LINESTRING (384651.053158 6672679.835978, 384639.104763 6672666.248382)

LINESTRING (384651.053158 6672679.835978, 384660.324180 6672690.387496)

LINESTRING (384651.053158 6672679.835978, 384648.611016 6672681.974613, 384648.227385 6672682.309884, 384636.243009 6672692.784213)

LINESTRING (384634.636620 6672669.988773, 384636.737814 6672668.306645, 384639.104763 6672666.248382)

LINESTRING (384667.192532 6672679.650871, 384670.421622 6672676.584771)

LINESTRING (384667.192532 6672679.650871, 384669.878172 6672682.775886)

LINESTRING (384655.580498 6672675.859710, 384642.012932 6672660.573429)

LINESTRING (384655.580498 6672675.859710, 384652.038775 6672679.047115)

LINESTRING (384655.580498 6672675.859710, 384656.645809 6672674.956895, 384659.084868 6672672.896374, 384660.410101 6672671.784774)

LINESTRING (384652.038775 6672679.047115, 384655.580498 6672675.859710)

LINESTRING (384652.038775 6672679.047115, 384651.053158 6672679.835978)

LINESTRING (384652.038775 6672679.047115, 384638.691949 6672663.542150)

LINESTRING (384660.324180 6672690.387496, 384651.053158 6672679.835978)

LINESTRING (384660.324180 6672690.387496, 384671.615934 6672703.226870)

LINESTRING (384660.324180 6672690.387496, 384657.826575 6672692.527872)

LINESTRING (384636.243009 6672692.784213, 384648.227385 6672682.309884, 384648.611016 6672681.974613, 384651.053158 6672679.835978)

LINESTRING (384657.826575 6672692.527872, 384660.324180 6672690.387496)

LINESTRING (384680.658461 6672695.241339, 384679.479830 6672696.248016, 384677.035581 6672698.319831, 384676.165037 6672699.060486)

LINESTRING (384680.658461 6672695.241339, 384682.711531 6672697.673038, 384687.361668 6672701.828359)

LINESTRING (384671.615934 6672703.226870, 384672.706581 6672702.423560)

LINESTRING (384671.615934 6672703.226870, 384660.324180 6672690.387496)

LINESTRING (384671.615934 6672703.226870, 384674.235986 6672706.209074)

LINESTRING (384671.615934 6672703.226870, 384669.027198 6672705.470407, 384656.608599 6672716.259244)

LINESTRING (384674.235986 6672706.209074, 384671.615934 6672703.226870)

LINESTRING (384674.235986 6672706.209074, 384675.076620 6672707.163310)

LINESTRING (384674.235986 6672706.209074, 384671.567497 6672708.388255)

LINESTRING (384656.608599 6672716.259244, 384669.027198 6672705.470407, 384671.615934 6672703.226870)

LINESTRING (384749.348724 6672985.296333, 384745.000818 6672985.968109)

LINESTRING (384749.348724 6672985.296333, 384745.839973 6672962.360142, 384745.317433 6672958.810379)

LINESTRING (384752.991642 6673039.131733, 384745.000818 6672985.968109)

LINESTRING (384752.991642 6673039.131733, 384757.510009 6673038.410022)

LINESTRING (384752.991642 6673039.131733, 384751.390555 6673039.059535)

LINESTRING (384727.294137 6672988.698613, 384742.680597 6672986.330891, 384743.244189 6672986.246285, 384745.000818 6672985.968109)

LINESTRING (384757.510009 6673038.410022, 384749.348724 6672985.296333)

LINESTRING (384757.510009 6673038.410022, 384752.991642 6673039.131733)

LINESTRING (384751.390555 6673039.059535, 384752.991642 6673039.131733)

LINESTRING (384640.013131 6672274.482751, 384635.817924 6672274.035371)

LINESTRING (384662.507154 6672343.794644, 384661.838756 6672337.909159)

LINESTRING (384661.838756 6672337.909159, 384667.172630 6672336.961094)

LINESTRING (384661.838756 6672337.909159, 384660.825756 6672338.007924)

LINESTRING (384661.838756 6672337.909159, 384662.507154 6672343.794644)

LINESTRING (384652.459580 6672345.459522, 384651.587616 6672339.457860)

LINESTRING (384651.587616 6672339.457860, 384654.824841 6672338.932427)

LINESTRING (384651.587616 6672339.457860, 384649.837278 6672339.769304)

LINESTRING (384651.587616 6672339.457860, 384652.459580 6672345.459522)

LINESTRING (384641.440778 6672347.667659, 384640.478515 6672341.267645)

LINESTRING (384623.563403 6672368.168095, 384622.058994 6672367.825430)

LINESTRING (384622.058994 6672367.825430, 384622.450145 6672366.141448)

LINESTRING (384622.058994 6672367.825430, 384623.563403 6672368.168095)

LINESTRING (384622.058994 6672367.825430, 384621.888347 6672368.577481, 384621.365315 6672370.833983)

LINESTRING (384619.335482 6672379.545984, 384616.893730 6672389.987203)

LINESTRING (384619.335482 6672379.545984, 384620.103594 6672376.256477)

LINESTRING (384619.335482 6672379.545984, 384620.906800 6672379.897684)

LINESTRING (384621.365315 6672370.833983, 384620.103594 6672376.256477)

LINESTRING (384621.365315 6672370.833983, 384622.901952 6672371.142198)

LINESTRING (384621.365315 6672370.833983, 384621.888347 6672368.577481, 384622.058994 6672367.825430)

LINESTRING (384637.298131 6672380.618405, 384622.626663 6672376.856806, 384621.658974 6672376.630968, 384620.103594 6672376.256477)

LINESTRING (384620.906800 6672379.897684, 384619.335482 6672379.545984)

LINESTRING (384585.220950 6672531.950784, 384583.434772 6672531.650450)

LINESTRING (384616.309730 6672400.002134, 384614.633028 6672399.653756)

LINESTRING (384614.633028 6672399.653756, 384613.977075 6672402.449378)

LINESTRING (384614.633028 6672399.653756, 384615.224940 6672397.116473)

LINESTRING (384614.633028 6672399.653756, 384616.309730 6672400.002134)

LINESTRING (384613.076382 6672413.867338, 384611.403128 6672413.451987)

LINESTRING (384611.403128 6672413.451987, 384610.997102 6672415.192162)

LINESTRING (384611.403128 6672413.451987, 384612.278875 6672409.702165)

LINESTRING (384611.403128 6672413.451987, 384613.076382 6672413.867338)

LINESTRING (384608.658689 6672433.141465, 384606.872116 6672432.829986)

LINESTRING (384606.872116 6672432.829986, 384606.588280 6672434.042525)

LINESTRING (384606.872116 6672432.829986, 384610.997102 6672415.192162)

LINESTRING (384606.872116 6672432.829986, 384608.658689 6672433.141465)

LINESTRING (384683.360825 6672665.044066, 384674.137282 6672673.102152, 384673.418880 6672673.737717, 384671.963395 6672675.120880)

LINESTRING (384674.848771 6672678.417918, 384680.457544 6672684.805358)

LINESTRING (384674.848771 6672678.417918, 384671.963395 6672675.120880)

LINESTRING (384674.848771 6672678.417918, 384673.357555 6672679.724194)

LINESTRING (384674.848771 6672678.417918, 384676.318503 6672677.134608, 384677.075380 6672676.486688)

LINESTRING (384677.075380 6672676.486688, 384676.318503 6672677.134608, 384674.848771 6672678.417918)

LINESTRING (384673.357555 6672679.724194, 384669.878172 6672682.775886)

LINESTRING (384673.357555 6672679.724194, 384674.848771 6672678.417918)

LINESTRING (384673.357555 6672679.724194, 384685.559951 6672694.507493, 384687.361668 6672701.828359)

LINESTRING (384669.878172 6672682.775886, 384673.357555 6672679.724194)

LINESTRING (384669.878172 6672682.775886, 384680.658461 6672695.241339)

LINESTRING (384683.300677 6672682.353220, 384681.846883 6672683.613736, 384681.387351 6672684.007116, 384680.457544 6672684.805358)

LINESTRING (384733.887383 6672758.637780, 384733.739082 6672757.806618, 384733.573440 6672756.953712)

LINESTRING (384785.765569 6673005.904234, 384776.803650 6673007.434388, 384770.981292 6673008.353128, 384769.804550 6673008.535034)

LINESTRING (384586.184536 6672989.376509, 384595.789693 6672942.902454)

LINESTRING (384712.874493 6672358.279174, 384699.710709 6672355.316786, 384697.719861 6672354.866815)

LINESTRING (385034.768798 6672266.696253, 385034.320007 6672267.434722, 385032.565728 6672270.275872, 385031.471336 6672272.204763)

LINESTRING (384760.194369 6672046.820108, 384760.682263 6672045.913209, 384768.988999 6672047.134098)

LINESTRING (384760.194369 6672046.820108, 384755.502549 6672055.482021, 384666.427549 6672070.990073, 384663.394681 6672070.606355)

LINESTRING (384680.786169 6672184.188551, 384683.422755 6672198.091762, 384678.065788 6672207.131353, 384675.992444 6672209.002022)

LINESTRING (384675.992444 6672209.002022, 384668.568547 6672210.238760)

LINESTRING (384675.992444 6672209.002022, 384675.757920 6672207.549490)

LINESTRING (384675.992444 6672209.002022, 384678.065788 6672207.131353, 384683.422755 6672198.091762, 384680.786169 6672184.188551)

LINESTRING (384675.757920 6672207.549490, 384675.992444 6672209.002022)

LINESTRING (384675.757920 6672207.549490, 384675.405364 6672204.640758, 384672.294468 6672185.726363, 384670.485988 6672184.546275, 384667.067735 6672182.324722)

LINESTRING (384672.421198 6672990.760702, 384675.594762 6672987.350865, 384677.658704 6672960.516991, 384678.884003 6672959.408540)

LINESTRING (384846.053271 6672950.425658, 384830.748463 6672947.452206)

LINESTRING (384846.053271 6672950.425658, 384855.185878 6672952.200196)

LINESTRING (384846.053271 6672950.425658, 384852.580437 6672959.559408, 384855.127513 6672967.469844)

LINESTRING (384846.053271 6672950.425658, 384841.771743 6672947.384147, 384826.748337 6672931.117748)

LINESTRING (384841.103685 6672964.801549, 384844.190867 6672971.703142)

LINESTRING (384841.103685 6672964.801549, 384803.273350 6672957.499391)

LINESTRING (384841.103685 6672964.801549, 384837.503117 6672956.757086, 384834.396376 6672952.764799, 384830.748463 6672947.452206)

LINESTRING (384855.127513 6672967.469844, 384856.885606 6672974.123484)

LINESTRING (384855.127513 6672967.469844, 384841.103685 6672964.801549)

LINESTRING (384855.127513 6672967.469844, 384852.580437 6672959.559408, 384846.053271 6672950.425658)

LINESTRING (384844.190867 6672971.703142, 384826.435670 6672968.305272)

LINESTRING (384844.190867 6672971.703142, 384851.563115 6672973.109541)

LINESTRING (384844.190867 6672971.703142, 384841.103685 6672964.801549)

LINESTRING (384856.885606 6672974.123484, 384851.563115 6672973.109541)

LINESTRING (384856.885606 6672974.123484, 384864.447809 6672975.568513)

LINESTRING (384856.885606 6672974.123484, 384855.127513 6672967.469844)

LINESTRING (384851.563115 6672973.109541, 384844.190867 6672971.703142)

LINESTRING (384851.563115 6672973.109541, 384856.885606 6672974.123484)

LINESTRING (384851.563115 6672973.109541, 384851.177252 6672975.138808, 384839.298920 6673038.043521, 384839.061076 6673038.953697)

LINESTRING (385069.309439 6672151.605628, 385075.762199 6672155.337125)

LINESTRING (385082.811871 6672178.095590, 385083.372286 6672177.197606)

LINESTRING (385082.811871 6672178.095590, 385084.345912 6672179.028166)

LINESTRING (385082.811871 6672178.095590, 385072.730349 6672194.270293, 385067.600713 6672202.444028)

LINESTRING (384561.802988 6672636.978284, 384560.245320 6672636.704195)

LINESTRING (384560.245320 6672636.704195, 384559.471855 6672640.172200)

LINESTRING (384560.245320 6672636.704195, 384560.949908 6672633.516971)

LINESTRING (384560.245320 6672636.704195, 384561.802988 6672636.978284)

LINESTRING (384821.651789 6672584.943879, 384835.641203 6672588.237326, 384836.916688 6672588.542695)

LINESTRING (384836.916688 6672588.542695, 384837.331897 6672587.092013)

LINESTRING (384836.916688 6672588.542695, 384843.763173 6672590.155096)

LINESTRING (384836.916688 6672588.542695, 384836.596362 6672589.656061, 384835.751405 6672592.624748)

LINESTRING (384836.916688 6672588.542695, 384835.641203 6672588.237326, 384821.651789 6672584.943879)

LINESTRING (384820.525992 6672588.868674, 384834.458582 6672592.297636, 384835.751405 6672592.624748)

LINESTRING (384835.751405 6672592.624748, 384832.331070 6672604.623359)

LINESTRING (384835.751405 6672592.624748, 384842.639160 6672594.313859)

LINESTRING (384835.751405 6672592.624748, 384836.596362 6672589.656061, 384836.916688 6672588.542695)

LINESTRING (384835.751405 6672592.624748, 384834.458582 6672592.297636, 384820.525992 6672588.868674)

LINESTRING (384837.331897 6672587.092013, 384837.966654 6672584.854322)

LINESTRING (384837.331897 6672587.092013, 384836.916688 6672588.542695)

LINESTRING (384837.331897 6672587.092013, 384836.061959 6672586.786470)

LINESTRING (384832.331070 6672604.623359, 384835.751405 6672592.624748)

LINESTRING (384832.331070 6672604.623359, 384829.496342 6672614.586426)

LINESTRING (384832.331070 6672604.623359, 384831.037496 6672604.095674)

LINESTRING (385100.358119 6672453.679737, 385101.234417 6672454.710959)

LINESTRING (385101.234417 6672454.710959, 385096.782627 6672458.818006)

LINESTRING (385101.234417 6672454.710959, 385100.358119 6672453.679737)

LINESTRING (385081.654906 6672532.856485, 385087.868967 6672538.556873)

LINESTRING (385016.190784 6672138.305804, 385018.062575 6672135.137774)

LINESTRING (384470.649602 6672056.954572, 384487.231690 6672083.222817)

LINESTRING (384470.649602 6672056.954572, 384466.626935 6672056.880843, 384462.152541 6672057.802076)

LINESTRING (384470.649602 6672056.954572, 384476.316770 6672057.054454, 384479.605489 6672057.273927)

LINESTRING (384487.231690 6672083.222817, 384495.315748 6672095.694827)

LINESTRING (384487.231690 6672083.222817, 384470.649602 6672056.954572)

LINESTRING (384487.231690 6672083.222817, 384480.874930 6672087.490991)

LINESTRING (384487.231690 6672083.222817, 384493.892587 6672079.089943)

LINESTRING (384462.152541 6672057.802076, 384460.788716 6672058.224002)

LINESTRING (384462.152541 6672057.802076, 384475.316007 6672078.672755)

LINESTRING (384462.152541 6672057.802076, 384466.626935 6672056.880843, 384470.649602 6672056.954572)

LINESTRING (384479.605489 6672057.273927, 384485.667436 6672057.038185)

LINESTRING (384479.605489 6672057.273927, 384493.892587 6672079.089943)

LINESTRING (384479.605489 6672057.273927, 384476.316770 6672057.054454, 384470.649602 6672056.954572)

LINESTRING (384485.667436 6672057.038185, 384479.605489 6672057.273927)

LINESTRING (384485.667436 6672057.038185, 384487.294241 6672057.031463, 384489.422911 6672057.443549)

LINESTRING (384485.667436 6672057.038185, 384483.504433 6672052.191706, 384477.509749 6672051.567210, 384468.208153 6672052.083450, 384463.189050 6672052.988427, 384459.277753 6672053.981058)

LINESTRING (384485.667436 6672057.038185, 384486.558893 6672055.371845, 384488.140269 6672053.572304, 384489.889197 6672051.098816, 384509.523269 6672046.657212, 384511.540393 6672059.030783, 384511.816200 6672061.262115, 384511.502163 6672062.397602)

LINESTRING (384493.892587 6672079.089943, 384501.784227 6672091.623755)

LINESTRING (384493.892587 6672079.089943, 384479.605489 6672057.273927)

LINESTRING (384493.892587 6672079.089943, 384487.231690 6672083.222817)

LINESTRING (384493.892587 6672079.089943, 384499.879104 6672074.878045)

LINESTRING (384489.422911 6672057.443549, 384499.576046 6672059.630894)

LINESTRING (384489.422911 6672057.443549, 384499.879104 6672074.878045)

LINESTRING (384489.422911 6672057.443549, 384487.294241 6672057.031463, 384485.667436 6672057.038185)

LINESTRING (384459.277753 6672053.981058, 384458.093129 6672054.274745)

LINESTRING (384459.277753 6672053.981058, 384460.788716 6672058.224002)

LINESTRING (384459.277753 6672053.981058, 384463.189050 6672052.988427, 384468.208153 6672052.083450, 384477.509749 6672051.567210, 384483.504433 6672052.191706, 384485.667436 6672057.038185)

LINESTRING (384511.502163 6672062.397602, 384514.329308 6672063.300324)

LINESTRING (384511.502163 6672062.397602, 384506.459210 6672060.784634, 384499.576046 6672059.630894)

LINESTRING (384511.502163 6672062.397602, 384511.816200 6672061.262115, 384511.540393 6672059.030783, 384509.523269 6672046.657212, 384489.889197 6672051.098816, 384488.140269 6672053.572304, 384486.558893 6672055.371845, 384485.667436 6672057.038185)

LINESTRING (384460.788716 6672058.224002, 384454.568644 6672060.136437)

LINESTRING (384460.788716 6672058.224002, 384462.152541 6672057.802076)

LINESTRING (384460.788716 6672058.224002, 384459.277753 6672053.981058)

LINESTRING (384475.316007 6672078.672755, 384462.152541 6672057.802076)

LINESTRING (384475.316007 6672078.672755, 384480.874930 6672087.490991)

LINESTRING (384475.316007 6672078.672755, 384470.062761 6672081.836281, 384468.654633 6672081.557504, 384454.568644 6672060.136437)

LINESTRING (384499.576046 6672059.630894, 384489.422911 6672057.443549)

LINESTRING (384499.576046 6672059.630894, 384506.244613 6672070.709930)

LINESTRING (384499.576046 6672059.630894, 384506.459210 6672060.784634, 384511.502163 6672062.397602)

LINESTRING (384499.879104 6672074.878045, 384507.773538 6672087.500936)

LINESTRING (384499.879104 6672074.878045, 384489.422911 6672057.443549)

LINESTRING (384499.879104 6672074.878045, 384493.892587 6672079.089943)

LINESTRING (384499.879104 6672074.878045, 384506.244613 6672070.709930)

LINESTRING (384454.568644 6672060.136437, 384460.788716 6672058.224002)

LINESTRING (384454.568644 6672060.136437, 384448.490776 6672062.155840, 384445.034741 6672064.025679)

LINESTRING (384454.568644 6672060.136437, 384468.654633 6672081.557504, 384470.062761 6672081.836281, 384475.316007 6672078.672755)

LINESTRING (384527.478112 6672058.350035, 384536.136421 6672056.628336, 384539.784449 6672057.148582, 384541.171398 6672060.102713, 384542.485018 6672068.129862)

LINESTRING (384542.485018 6672068.129862, 384537.300514 6672067.134257)

LINESTRING (384542.485018 6672068.129862, 384545.214473 6672072.980807)

LINESTRING (384542.485018 6672068.129862, 384541.171398 6672060.102713, 384539.784449 6672057.148582, 384536.136421 6672056.628336, 384527.478112 6672058.350035)

LINESTRING (384506.244613 6672070.709930, 384514.174141 6672083.565761)

LINESTRING (384506.244613 6672070.709930, 384499.576046 6672059.630894)

LINESTRING (384506.244613 6672070.709930, 384499.879104 6672074.878045)

LINESTRING (384506.244613 6672070.709930, 384512.510283 6672066.544974)

LINESTRING (384458.962225 6672074.786500, 384445.034741 6672064.025679)

LINESTRING (384458.093129 6672054.274745, 384459.277753 6672053.981058)

LINESTRING (384458.093129 6672054.274745, 384450.457752 6672056.209538, 384443.521998 6672058.846666, 384441.855038 6672059.868816, 384445.034741 6672064.025679)

LINESTRING (384514.329308 6672063.300324, 384511.502163 6672062.397602)

LINESTRING (384514.329308 6672063.300324, 384521.189060 6672065.825591)

LINESTRING (384514.329308 6672063.300324, 384512.510283 6672066.544974)

LINESTRING (384521.189060 6672065.825591, 384514.329308 6672063.300324)

LINESTRING (384521.189060 6672065.825591, 384526.691915 6672075.158304)

LINESTRING (384521.189060 6672065.825591, 384529.722745 6672066.492710, 384537.300514 6672067.134257)

LINESTRING (384512.510283 6672066.544974, 384520.263966 6672079.283773)

LINESTRING (384512.510283 6672066.544974, 384506.244613 6672070.709930)

LINESTRING (384512.510283 6672066.544974, 384514.329308 6672063.300324)

LINESTRING (384520.263966 6672079.283773, 384514.174141 6672083.565761)

LINESTRING (384520.263966 6672079.283773, 384526.691915 6672075.158304)

LINESTRING (384520.263966 6672079.283773, 384512.510283 6672066.544974)

LINESTRING (384514.174141 6672083.565761, 384507.773538 6672087.500936)

LINESTRING (384514.174141 6672083.565761, 384520.263966 6672079.283773)

LINESTRING (384514.174141 6672083.565761, 384506.244613 6672070.709930)

LINESTRING (384537.300514 6672067.134257, 384542.485018 6672068.129862)

LINESTRING (384537.300514 6672067.134257, 384529.722745 6672066.492710, 384521.189060 6672065.825591)

LINESTRING (384537.300514 6672067.134257, 384535.222228 6672069.729547, 384526.691915 6672075.158304)

LINESTRING (384545.214473 6672072.980807, 384523.902835 6672086.736116)

LINESTRING (384545.214473 6672072.980807, 384560.119035 6672063.305791)

LINESTRING (384545.214473 6672072.980807, 384542.485018 6672068.129862)

LINESTRING (384507.773538 6672087.500936, 384501.784227 6672091.623755)

LINESTRING (384507.773538 6672087.500936, 384514.174141 6672083.565761)

LINESTRING (384507.773538 6672087.500936, 384499.879104 6672074.878045)

LINESTRING (384526.691915 6672075.158304, 384520.263966 6672079.283773)

LINESTRING (384526.691915 6672075.158304, 384521.189060 6672065.825591)

LINESTRING (384526.691915 6672075.158304, 384535.222228 6672069.729547, 384537.300514 6672067.134257)

LINESTRING (384501.784227 6672091.623755, 384495.315748 6672095.694827)

LINESTRING (384501.784227 6672091.623755, 384507.773538 6672087.500936)

LINESTRING (384501.784227 6672091.623755, 384493.892587 6672079.089943)

LINESTRING (384495.315748 6672095.694827, 384491.595905 6672098.531361)

LINESTRING (384495.315748 6672095.694827, 384501.784227 6672091.623755)

LINESTRING (384495.315748 6672095.694827, 384487.231690 6672083.222817)

LINESTRING (384480.874930 6672087.490991, 384475.316007 6672078.672755)

LINESTRING (384480.874930 6672087.490991, 384487.231690 6672083.222817)

LINESTRING (384480.874930 6672087.490991, 384486.808944 6672095.350131, 384491.595905 6672098.531361)

LINESTRING (384491.595905 6672098.531361, 384495.315748 6672095.694827)

LINESTRING (384491.595905 6672098.531361, 384486.808944 6672095.350131, 384480.874930 6672087.490991)

LINESTRING (384491.595905 6672098.531361, 384490.973824 6672099.230787, 384489.962654 6672100.622291, 384488.926626 6672102.282046)

LINESTRING (384528.866167 6672095.160852, 384523.902835 6672086.736116)

LINESTRING (384528.866167 6672095.160852, 384531.881781 6672093.940206)

LINESTRING (384528.866167 6672095.160852, 384523.952482 6672098.703651, 384523.514570 6672100.489418)

LINESTRING (384531.881781 6672093.940206, 384537.885158 6672090.262771)

LINESTRING (384531.881781 6672093.940206, 384528.866167 6672095.160852)

LINESTRING (384531.881781 6672093.940206, 384541.382803 6672108.563093)

LINESTRING (384523.514570 6672100.489418, 384523.952482 6672098.703651, 384528.866167 6672095.160852)

LINESTRING (384523.514570 6672100.489418, 384523.371596 6672101.062290, 384523.709390 6672104.027200, 384524.573519 6672109.772765, 384524.382899 6672113.590164)

LINESTRING (384523.514570 6672100.489418, 384526.383877 6672102.026050, 384528.388063 6672104.303198, 384529.594265 6672106.984411, 384530.515240 6672109.072818, 384530.636489 6672110.629214, 384529.259465 6672111.865074, 384526.939538 6672112.606870, 384524.382899 6672113.590164)

LINESTRING (384524.382899 6672113.590164, 384524.573519 6672109.772765, 384523.709390 6672104.027200, 384523.371596 6672101.062290, 384523.514570 6672100.489418)

LINESTRING (384524.382899 6672113.590164, 384526.939538 6672112.606870, 384529.259465 6672111.865074, 384530.636489 6672110.629214, 384530.515240 6672109.072818, 384529.594265 6672106.984411, 384528.388063 6672104.303198, 384526.383877 6672102.026050, 384523.514570 6672100.489418)

LINESTRING (384524.382899 6672113.590164, 384523.749770 6672116.229060, 384519.896337 6672122.401957)

LINESTRING (384512.054263 6672126.583171, 384515.249937 6672144.636672)

LINESTRING (384512.054263 6672126.583171, 384514.963531 6672125.689051, 384519.896337 6672122.401957)

LINESTRING (384512.054263 6672126.583171, 384507.841161 6672127.863879, 384500.648291 6672131.500862, 384496.341445 6672135.971842, 384492.356494 6672139.908890)

LINESTRING (384453.238388 6672173.405734, 384447.669233 6672175.175068)

LINESTRING (384453.238388 6672173.405734, 384459.178240 6672172.650004)

LINESTRING (384453.238388 6672173.405734, 384457.473540 6672189.197523, 384459.460211 6672196.200421, 384460.082466 6672202.900881, 384459.684808 6672209.834111, 384457.250365 6672218.737286)

LINESTRING (384453.238388 6672173.405734, 384452.226140 6672160.855611, 384452.865954 6672150.861169, 384455.906430 6672132.298951)

LINESTRING (384492.356494 6672139.908890, 384488.530525 6672147.830632)

LINESTRING (384492.356494 6672139.908890, 384485.502756 6672129.470954, 384479.177260 6672133.671282, 384488.530525 6672147.830632)

LINESTRING (384492.356494 6672139.908890, 384499.211531 6672150.213064)

LINESTRING (384492.356494 6672139.908890, 384496.341445 6672135.971842, 384500.648291 6672131.500862, 384507.841161 6672127.863879, 384512.054263 6672126.583171)

LINESTRING (384488.530525 6672147.830632, 384492.356494 6672139.908890)

LINESTRING (384488.530525 6672147.830632, 384479.177260 6672133.671282, 384485.502756 6672129.470954, 384492.356494 6672139.908890)

LINESTRING (384488.530525 6672147.830632, 384486.997851 6672159.625182)

LINESTRING (384488.530525 6672147.830632, 384492.890621 6672154.558102)

LINESTRING (384499.211531 6672150.213064, 384492.890621 6672154.558102)

LINESTRING (384499.211531 6672150.213064, 384505.478875 6672146.282070)

LINESTRING (384499.211531 6672150.213064, 384492.356494 6672139.908890)

LINESTRING (384499.211531 6672150.213064, 384516.477310 6672177.050516)

LINESTRING (384447.669233 6672175.175068, 384440.897175 6672177.361269)

LINESTRING (384447.669233 6672175.175068, 384453.238388 6672173.405734)

LINESTRING (384447.669233 6672175.175068, 384451.664272 6672199.020699, 384452.970209 6672208.207087)

LINESTRING (384447.669233 6672175.175068, 384446.191682 6672167.766058, 384389.433471 6672185.437829, 384384.178570 6672189.069607, 384385.059777 6672192.886623, 384386.729018 6672193.346580)

LINESTRING (384459.178240 6672172.650004, 384453.238388 6672173.405734)

LINESTRING (384459.178240 6672172.650004, 384466.200433 6672169.943305)

LINESTRING (384459.178240 6672172.650004, 384480.059346 6672204.778300)

LINESTRING (384457.250365 6672218.737286, 384453.982977 6672216.901224)

LINESTRING (384457.250365 6672218.737286, 384453.868519 6672223.658356)

LINESTRING (384457.250365 6672218.737286, 384459.684808 6672209.834111, 384460.082466 6672202.900881, 384459.460211 6672196.200421, 384457.473540 6672189.197523, 384453.238388 6672173.405734)

LINESTRING (384306.694643 6672192.920293, 384312.549465 6672188.946264)

LINESTRING (384306.694643 6672192.920293, 384303.700358 6672194.987434)

LINESTRING (384306.694643 6672192.920293, 384300.046639 6672183.033408)

LINESTRING (384453.982977 6672216.901224, 384457.250365 6672218.737286)

LINESTRING (384453.982977 6672216.901224, 384452.970209 6672208.207087)

LINESTRING (384453.982977 6672216.901224, 384447.291382 6672218.115313)

LINESTRING (384452.970209 6672208.207087, 384453.982977 6672216.901224)

LINESTRING (384452.970209 6672208.207087, 384445.809968 6672209.703428)

LINESTRING (384452.970209 6672208.207087, 384451.664272 6672199.020699, 384447.669233 6672175.175068)

LINESTRING (384447.291382 6672218.115313, 384453.982977 6672216.901224)

LINESTRING (384447.291382 6672218.115313, 384441.488675 6672219.167639)

LINESTRING (384447.291382 6672218.115313, 384445.809968 6672209.703428)

LINESTRING (384111.793874 6672269.324955, 384131.003899 6672294.004019)

LINESTRING (384111.793874 6672269.324955, 384109.616392 6672266.139663)

LINESTRING (384111.793874 6672269.324955, 384103.403371 6672270.716021)

LINESTRING (384111.793874 6672269.324955, 384116.534725 6672268.060516, 384122.831593 6672266.836014)

LINESTRING (384157.948388 6672328.513146, 384153.000239 6672331.823528)

LINESTRING (384157.948388 6672328.513146, 384163.261594 6672325.157793)

LINESTRING (384157.948388 6672328.513146, 384131.003899 6672294.004019)

LINESTRING (384153.000239 6672331.823528, 384148.539358 6672334.739592)

LINESTRING (384153.000239 6672331.823528, 384157.948388 6672328.513146)

LINESTRING (384153.000239 6672331.823528, 384125.331699 6672298.474077)

LINESTRING (384163.261594 6672325.157793, 384157.948388 6672328.513146)

LINESTRING (384163.261594 6672325.157793, 384167.057377 6672322.630548)

LINESTRING (384163.261594 6672325.157793, 384122.831593 6672266.836014)

LINESTRING (384131.003899 6672294.004019, 384157.948388 6672328.513146)

LINESTRING (384131.003899 6672294.004019, 384111.793874 6672269.324955)

LINESTRING (384131.003899 6672294.004019, 384125.331699 6672298.474077)

LINESTRING (384204.458029 6672737.203289, 384214.841581 6672739.705682)

LINESTRING (384322.994679 6672720.407063, 384319.851909 6672719.692788)

LINESTRING (384322.994679 6672720.407063, 384330.292559 6672722.071114)

LINESTRING (384322.994679 6672720.407063, 384313.390760 6672762.268092, 384214.841581 6672739.705682)

LINESTRING (384319.851909 6672719.692788, 384322.994679 6672720.407063)

LINESTRING (384400.528581 6672764.576074, 384399.506188 6672767.539335, 384395.745643 6672766.599320, 384393.674530 6672768.525822, 384390.339500 6672772.799124, 384387.956821 6672774.880342)

LINESTRING (384507.114310 6672295.888897, 384521.695461 6672297.123116)

LINESTRING (384552.505119 6672051.298038, 384560.119035 6672063.305791)

LINESTRING (384331.476597 6672294.376747, 384327.385496 6672287.908432)

LINESTRING (384331.476597 6672294.376747, 384359.517859 6672275.927701)

LINESTRING (384331.476597 6672294.376747, 384302.760440 6672313.248536)

LINESTRING (384327.385496 6672287.908432, 384331.476597 6672294.376747)

LINESTRING (384327.385496 6672287.908432, 384323.121172 6672281.757637)

LINESTRING (384327.385496 6672287.908432, 384298.286942 6672306.101376)

LINESTRING (384327.385496 6672287.908432, 384355.678125 6672270.209243)

LINESTRING (384302.760440 6672313.248536, 384331.476597 6672294.376747)

LINESTRING (384302.760440 6672313.248536, 384307.625969 6672321.029696)

LINESTRING (384302.760440 6672313.248536, 384298.286942 6672306.101376)

LINESTRING (384323.121172 6672281.757637, 384327.385496 6672287.908432)

LINESTRING (384323.121172 6672281.757637, 384319.386738 6672275.155478)

LINESTRING (384323.121172 6672281.757637, 384351.430395 6672263.879581)

LINESTRING (384323.121172 6672281.757637, 384294.409475 6672299.893815)

LINESTRING (384298.286942 6672306.101376, 384327.385496 6672287.908432)

LINESTRING (384298.286942 6672306.101376, 384302.760440 6672313.248536)

LINESTRING (384298.286942 6672306.101376, 384294.409475 6672299.893815)

LINESTRING (384355.678125 6672270.209243, 384351.430395 6672263.879581)

LINESTRING (384355.678125 6672270.209243, 384359.517859 6672275.927701)

LINESTRING (384355.678125 6672270.209243, 384327.385496 6672287.908432)

LINESTRING (384319.386738 6672275.155478, 384323.121172 6672281.757637)

LINESTRING (384319.386738 6672275.155478, 384315.432516 6672268.627130)

LINESTRING (384319.386738 6672275.155478, 384290.456718 6672293.588336)

LINESTRING (384319.386738 6672275.155478, 384347.135814 6672257.473392)

LINESTRING (384351.430395 6672263.879581, 384347.135814 6672257.473392)

LINESTRING (384351.430395 6672263.879581, 384355.678125 6672270.209243)

LINESTRING (384351.430395 6672263.879581, 384323.121172 6672281.757637)

LINESTRING (384294.409475 6672299.893815, 384323.121172 6672281.757637)

LINESTRING (384294.409475 6672299.893815, 384298.286942 6672306.101376)

LINESTRING (384294.409475 6672299.893815, 384290.456718 6672293.588336)

LINESTRING (384315.432516 6672268.627130, 384319.386738 6672275.155478)

LINESTRING (384315.432516 6672268.627130, 384311.427811 6672262.434714)

LINESTRING (384315.432516 6672268.627130, 384343.132988 6672251.514917)

LINESTRING (384315.432516 6672268.627130, 384286.169826 6672286.725050)

LINESTRING (384290.456718 6672293.588336, 384319.386738 6672275.155478)

LINESTRING (384290.456718 6672293.588336, 384294.409475 6672299.893815)

LINESTRING (384290.456718 6672293.588336, 384286.169826 6672286.725050)

LINESTRING (384347.135814 6672257.473392, 384343.132988 6672251.514917)

LINESTRING (384347.135814 6672257.473392, 384351.430395 6672263.879581)

LINESTRING (384347.135814 6672257.473392, 384319.386738 6672275.155478)

LINESTRING (384311.427811 6672262.434714, 384315.432516 6672268.627130)

LINESTRING (384311.427811 6672262.434714, 384282.655234 6672281.107836)

LINESTRING (384311.427811 6672262.434714, 384338.628486 6672244.792176)

LINESTRING (384343.132988 6672251.514917, 384338.628486 6672244.792176)

LINESTRING (384343.132988 6672251.514917, 384347.135814 6672257.473392)

LINESTRING (384343.132988 6672251.514917, 384315.432516 6672268.627130)

LINESTRING (384286.169826 6672286.725050, 384315.432516 6672268.627130)

LINESTRING (384286.169826 6672286.725050, 384290.456718 6672293.588336)

LINESTRING (384286.169826 6672286.725050, 384282.655234 6672281.107836)

LINESTRING (384282.655234 6672281.107836, 384311.427811 6672262.434714)

LINESTRING (384282.655234 6672281.107836, 384286.169826 6672286.725050)

LINESTRING (384282.655234 6672281.107836, 384200.675208 6672334.651157)

LINESTRING (384537.885158 6672090.262771, 384544.024005 6672086.302466)

LINESTRING (384537.885158 6672090.262771, 384531.881781 6672093.940206)

LINESTRING (384537.885158 6672090.262771, 384547.129932 6672104.860316)

LINESTRING (384544.024005 6672086.302466, 384550.329639 6672082.348060)

LINESTRING (384544.024005 6672086.302466, 384537.885158 6672090.262771)

LINESTRING (384544.024005 6672086.302466, 384552.592268 6672100.754181)

LINESTRING (384547.129932 6672104.860316, 384537.885158 6672090.262771)

LINESTRING (384550.329639 6672082.348060, 384556.184325 6672078.708776)

LINESTRING (384550.329639 6672082.348060, 384544.024005 6672086.302466)

LINESTRING (384550.329639 6672082.348060, 384559.238664 6672096.688750)

LINESTRING (384552.592268 6672100.754181, 384544.024005 6672086.302466)

LINESTRING (384556.184325 6672078.708776, 384562.637243 6672074.493429)

LINESTRING (384556.184325 6672078.708776, 384550.329639 6672082.348060)

LINESTRING (384556.184325 6672078.708776, 384565.346628 6672092.629155)

LINESTRING (384559.238664 6672096.688750, 384550.329639 6672082.348060)

LINESTRING (384562.637243 6672074.493429, 384571.258758 6672088.698330)

LINESTRING (384562.637243 6672074.493429, 384568.137971 6672070.898753)

LINESTRING (384562.637243 6672074.493429, 384556.184325 6672078.708776)

LINESTRING (384565.346628 6672092.629155, 384556.184325 6672078.708776)

LINESTRING (384571.258758 6672088.698330, 384562.637243 6672074.493429)

LINESTRING (384568.137971 6672070.898753, 384576.996541 6672084.873309)

LINESTRING (384568.137971 6672070.898753, 384573.797765 6672067.065041)

LINESTRING (384568.137971 6672070.898753, 384562.637243 6672074.493429)

LINESTRING (384576.996541 6672084.873309, 384568.137971 6672070.898753)

LINESTRING (384573.797765 6672067.065041, 384577.135411 6672064.608402)

LINESTRING (384573.797765 6672067.065041, 384568.137971 6672070.898753)

LINESTRING (384573.797765 6672067.065041, 384583.273877 6672082.134593)

LINESTRING (384583.273877 6672082.134593, 384573.797765 6672067.065041)

LINESTRING (384541.382803 6672108.563093, 384531.881781 6672093.940206)

LINESTRING (384464.459819 6672152.256285, 384473.688744 6672166.698130)

LINESTRING (384473.688744 6672166.698130, 384466.200433 6672169.943305)

LINESTRING (384473.688744 6672166.698130, 384480.171817 6672163.094619)

LINESTRING (384473.688744 6672166.698130, 384464.459819 6672152.256285)

LINESTRING (384473.688744 6672166.698130, 384492.341524 6672195.430858)

LINESTRING (384480.059346 6672204.778300, 384486.037556 6672200.310310)

LINESTRING (384480.059346 6672204.778300, 384473.796420 6672209.901657)

LINESTRING (384480.059346 6672204.778300, 384459.178240 6672172.650004)

LINESTRING (384486.037556 6672200.310310, 384492.341524 6672195.430858)

LINESTRING (384486.037556 6672200.310310, 384480.059346 6672204.778300)

LINESTRING (384486.037556 6672200.310310, 384466.200433 6672169.943305)

LINESTRING (384473.796420 6672209.901657, 384480.059346 6672204.778300)

LINESTRING (384473.796420 6672209.901657, 384464.956390 6672195.815315)

LINESTRING (384473.796420 6672209.901657, 384465.157285 6672216.972238, 384460.146295 6672220.239591, 384453.868519 6672223.658356)

LINESTRING (384492.341524 6672195.430858, 384497.827957 6672190.510330)

LINESTRING (384492.341524 6672195.430858, 384486.037556 6672200.310310)

LINESTRING (384492.341524 6672195.430858, 384473.688744 6672166.698130)

LINESTRING (384466.200433 6672169.943305, 384459.178240 6672172.650004)

LINESTRING (384466.200433 6672169.943305, 384473.688744 6672166.698130)

LINESTRING (384466.200433 6672169.943305, 384486.037556 6672200.310310)

LINESTRING (384466.200433 6672169.943305, 384461.488151 6672162.614029)

LINESTRING (384461.488151 6672162.614029, 384466.200433 6672169.943305)

LINESTRING (384480.171817 6672163.094619, 384473.688744 6672166.698130)

LINESTRING (384480.171817 6672163.094619, 384486.997851 6672159.625182)

LINESTRING (384480.171817 6672163.094619, 384497.827957 6672190.510330)

LINESTRING (384480.171817 6672163.094619, 384467.446959 6672143.268820)

LINESTRING (384497.827957 6672190.510330, 384503.683051 6672185.834508)

LINESTRING (384497.827957 6672190.510330, 384492.341524 6672195.430858)

LINESTRING (384497.827957 6672190.510330, 384480.171817 6672163.094619)

LINESTRING (384503.683051 6672185.834508, 384509.840732 6672180.892835)

LINESTRING (384503.683051 6672185.834508, 384497.827957 6672190.510330)

LINESTRING (384503.683051 6672185.834508, 384486.997851 6672159.625182)

LINESTRING (384486.997851 6672159.625182, 384488.530525 6672147.830632)

LINESTRING (384486.997851 6672159.625182, 384480.171817 6672163.094619)

LINESTRING (384486.997851 6672159.625182, 384492.890621 6672154.558102)

LINESTRING (384486.997851 6672159.625182, 384472.777556 6672137.807095)

LINESTRING (384486.997851 6672159.625182, 384503.683051 6672185.834508)

LINESTRING (384467.446959 6672143.268820, 384480.171817 6672163.094619)

LINESTRING (384492.890621 6672154.558102, 384486.997851 6672159.625182)

LINESTRING (384492.890621 6672154.558102, 384499.211531 6672150.213064)

LINESTRING (384492.890621 6672154.558102, 384509.840732 6672180.892835)

LINESTRING (384492.890621 6672154.558102, 384488.530525 6672147.830632)

LINESTRING (384472.777556 6672137.807095, 384486.997851 6672159.625182)

LINESTRING (384509.840732 6672180.892835, 384516.477310 6672177.050516)

LINESTRING (384509.840732 6672180.892835, 384503.683051 6672185.834508)

LINESTRING (384509.840732 6672180.892835, 384492.890621 6672154.558102)

LINESTRING (384516.477310 6672177.050516, 384523.217760 6672172.803736)

LINESTRING (384516.477310 6672177.050516, 384509.840732 6672180.892835)

LINESTRING (384516.477310 6672177.050516, 384499.211531 6672150.213064)

LINESTRING (384505.478875 6672146.282070, 384499.211531 6672150.213064)

LINESTRING (384505.478875 6672146.282070, 384513.587149 6672144.733674)

LINESTRING (384505.478875 6672146.282070, 384523.217760 6672172.803736)

LINESTRING (384523.217760 6672172.803736, 384528.995242 6672169.010813)

LINESTRING (384523.217760 6672172.803736, 384516.477310 6672177.050516)

LINESTRING (384523.217760 6672172.803736, 384505.478875 6672146.282070)

LINESTRING (384395.126076 6672255.668687, 384388.283842 6672260.375850)

LINESTRING (384395.126076 6672255.668687, 384401.396568 6672251.670536)

LINESTRING (384395.126076 6672255.668687, 384374.433743 6672222.676772)

LINESTRING (384395.126076 6672255.668687, 384400.990979 6672265.034366)

LINESTRING (384407.035561 6672260.564144, 384401.396568 6672251.670536)

LINESTRING (384380.190643 6672219.118287, 384401.396568 6672251.670536)

LINESTRING (384380.190643 6672219.118287, 384374.433743 6672222.676772)

LINESTRING (384380.190643 6672219.118287, 384387.932550 6672213.357428)

LINESTRING (384380.190643 6672219.118287, 384368.672789 6672198.842371, 384361.298370 6672203.755837)

LINESTRING (384374.433743 6672222.676772, 384361.298370 6672203.755837)

LINESTRING (384374.433743 6672222.676772, 384395.126076 6672255.668687)

LINESTRING (384374.433743 6672222.676772, 384367.805121 6672226.764285)

LINESTRING (384374.433743 6672222.676772, 384380.190643 6672219.118287)

LINESTRING (384361.298370 6672203.755837, 384355.059864 6672208.065089)

LINESTRING (384361.298370 6672203.755837, 384374.433743 6672222.676772)

LINESTRING (384361.298370 6672203.755837, 384368.672789 6672198.842371, 384380.190643 6672219.118287)

LINESTRING (384355.059864 6672208.065089, 384361.298370 6672203.755837)

LINESTRING (384355.059864 6672208.065089, 384348.836180 6672212.139851)

LINESTRING (384355.059864 6672208.065089, 384367.805121 6672226.764285)

LINESTRING (384367.805121 6672226.764285, 384361.558137 6672230.628017)

LINESTRING (384367.805121 6672226.764285, 384374.433743 6672222.676772)

LINESTRING (384367.805121 6672226.764285, 384388.283842 6672260.375850)

LINESTRING (384367.805121 6672226.764285, 384355.059864 6672208.065089)

LINESTRING (384388.283842 6672260.375850, 384382.509761 6672264.971299)

LINESTRING (384388.283842 6672260.375850, 384395.126076 6672255.668687)

LINESTRING (384388.283842 6672260.375850, 384394.110329 6672269.051776)

LINESTRING (384388.283842 6672260.375850, 384367.805121 6672226.764285)

LINESTRING (384400.990979 6672265.034366, 384395.126076 6672255.668687)

LINESTRING (384382.509761 6672264.971299, 384376.795031 6672269.687474)

LINESTRING (384382.509761 6672264.971299, 384388.283842 6672260.375850)

LINESTRING (384382.509761 6672264.971299, 384361.558137 6672230.628017)

LINESTRING (384382.509761 6672264.971299, 384388.350236 6672273.914242)

LINESTRING (384394.110329 6672269.051776, 384388.283842 6672260.375850)

LINESTRING (384361.558137 6672230.628017, 384348.836180 6672212.139851)

LINESTRING (384361.558137 6672230.628017, 384382.509761 6672264.971299)

LINESTRING (384361.558137 6672230.628017, 384355.354841 6672234.468092)

LINESTRING (384361.558137 6672230.628017, 384367.805121 6672226.764285)

LINESTRING (384348.836180 6672212.139851, 384355.059864 6672208.065089)

LINESTRING (384348.836180 6672212.139851, 384342.084120 6672216.186730)

LINESTRING (384348.836180 6672212.139851, 384361.558137 6672230.628017)

LINESTRING (384342.084120 6672216.186730, 384348.836180 6672212.139851)

LINESTRING (384342.084120 6672216.186730, 384355.354841 6672234.468092)

LINESTRING (384342.084120 6672216.186730, 384335.653264 6672220.557812, 384348.535624 6672238.673104)

LINESTRING (384355.354841 6672234.468092, 384348.535624 6672238.673104)

LINESTRING (384355.354841 6672234.468092, 384361.558137 6672230.628017)

LINESTRING (384355.354841 6672234.468092, 384376.795031 6672269.687474)

LINESTRING (384355.354841 6672234.468092, 384342.084120 6672216.186730)

LINESTRING (384376.795031 6672269.687474, 384370.991240 6672275.275735)

LINESTRING (384376.795031 6672269.687474, 384382.509761 6672264.971299)

LINESTRING (384376.795031 6672269.687474, 384382.074802 6672277.578240)

LINESTRING (384376.795031 6672269.687474, 384355.354841 6672234.468092)

LINESTRING (384388.350236 6672273.914242, 384382.509761 6672264.971299)

LINESTRING (384382.074802 6672277.578240, 384376.795031 6672269.687474)

LINESTRING (384348.535624 6672238.673104, 384370.991240 6672275.275735)

LINESTRING (384348.535624 6672238.673104, 384338.628486 6672244.792176)

LINESTRING (384348.535624 6672238.673104, 384355.354841 6672234.468092)

LINESTRING (384348.535624 6672238.673104, 384335.653264 6672220.557812, 384342.084120 6672216.186730)

LINESTRING (384375.753902 6672281.912351, 384370.991240 6672275.275735)

LINESTRING (384395.076000 6672220.654460, 384392.095947 6672209.626370)

LINESTRING (384392.095947 6672209.626370, 384386.729018 6672193.346580)

LINESTRING (384392.095947 6672209.626370, 384395.076000 6672220.654460)

LINESTRING (384392.095947 6672209.626370, 384387.932550 6672213.357428)

LINESTRING (384392.095947 6672209.626370, 384398.351325 6672207.434093)

LINESTRING (384393.143685 6672191.450167, 384386.729018 6672193.346580)

LINESTRING (384393.143685 6672191.450167, 384408.851686 6672186.674977)

LINESTRING (384393.143685 6672191.450167, 384398.351325 6672207.434093)

LINESTRING (384386.729018 6672193.346580, 384393.143685 6672191.450167)

LINESTRING (384386.729018 6672193.346580, 384392.095947 6672209.626370)

LINESTRING (384386.729018 6672193.346580, 384385.059777 6672192.886623, 384384.178570 6672189.069607, 384389.433471 6672185.437829, 384446.191682 6672167.766058, 384447.669233 6672175.175068)

LINESTRING (384408.851686 6672186.674977, 384393.143685 6672191.450167)

LINESTRING (384408.851686 6672186.674977, 384415.961463 6672184.634081)

LINESTRING (384408.851686 6672186.674977, 384411.648940 6672205.108749)

LINESTRING (384398.351325 6672207.434093, 384393.143685 6672191.450167)

LINESTRING (384398.351325 6672207.434093, 384392.095947 6672209.626370)

LINESTRING (384398.351325 6672207.434093, 384411.648940 6672205.108749)

LINESTRING (384398.351325 6672207.434093, 384401.084005 6672216.430562, 384413.223350 6672214.353521)

LINESTRING (384411.648940 6672205.108749, 384413.223350 6672214.353521)

LINESTRING (384411.648940 6672205.108749, 384408.851686 6672186.674977)

LINESTRING (384411.648940 6672205.108749, 384398.351325 6672207.434093)

LINESTRING (384411.648940 6672205.108749, 384418.876873 6672203.821949)

LINESTRING (384413.223350 6672214.353521, 384413.932707 6672218.532587)

LINESTRING (384413.223350 6672214.353521, 384411.648940 6672205.108749)

LINESTRING (384413.223350 6672214.353521, 384401.084005 6672216.430562, 384398.351325 6672207.434093)

LINESTRING (384420.222629 6672212.683883, 384427.359555 6672211.856893)

LINESTRING (384420.222629 6672212.683883, 384421.634758 6672222.769611)

LINESTRING (384420.222629 6672212.683883, 384419.556529 6672208.291708)

LINESTRING (384427.359555 6672211.856893, 384420.222629 6672212.683883)

LINESTRING (384427.359555 6672211.856893, 384433.057722 6672211.186754)

LINESTRING (384427.359555 6672211.856893, 384428.630028 6672221.501315)

LINESTRING (384427.359555 6672211.856893, 384426.769016 6672207.395466)

LINESTRING (384421.634758 6672222.769611, 384423.059716 6672232.030247)

LINESTRING (384421.634758 6672222.769611, 384420.222629 6672212.683883)

LINESTRING (384421.634758 6672222.769611, 384428.630028 6672221.501315)

LINESTRING (384421.634758 6672222.769611, 384414.137509 6672224.142917)

LINESTRING (384419.556529 6672208.291708, 384420.222629 6672212.683883)

LINESTRING (384419.556529 6672208.291708, 384418.876873 6672203.821949)

LINESTRING (384419.556529 6672208.291708, 384426.769016 6672207.395466)

LINESTRING (384445.809968 6672209.703428, 384440.377009 6672210.331747)

LINESTRING (384445.809968 6672209.703428, 384452.970209 6672208.207087)

LINESTRING (384445.809968 6672209.703428, 384447.291382 6672218.115313)

LINESTRING (384445.809968 6672209.703428, 384444.323754 6672199.731475)

LINESTRING (384432.344719 6672201.435587, 384429.040559 6672181.011801)

LINESTRING (384432.344719 6672201.435587, 384418.876873 6672203.821949)

LINESTRING (384432.344719 6672201.435587, 384438.227015 6672200.793081)

LINESTRING (384429.040559 6672181.011801, 384415.961463 6672184.634081)

LINESTRING (384429.040559 6672181.011801, 384434.719310 6672179.372714)

LINESTRING (384429.040559 6672181.011801, 384432.344719 6672201.435587)

LINESTRING (384418.876873 6672203.821949, 384419.556529 6672208.291708)

LINESTRING (384418.876873 6672203.821949, 384415.961463 6672184.634081)

LINESTRING (384418.876873 6672203.821949, 384411.648940 6672205.108749)

LINESTRING (384418.876873 6672203.821949, 384432.344719 6672201.435587)

LINESTRING (384438.227015 6672200.793081, 384434.719310 6672179.372714)

LINESTRING (384438.227015 6672200.793081, 384432.344719 6672201.435587)

LINESTRING (384438.227015 6672200.793081, 384440.480096 6672200.398811)

LINESTRING (384415.961463 6672184.634081, 384408.851686 6672186.674977)

LINESTRING (384415.961463 6672184.634081, 384429.040559 6672181.011801)

LINESTRING (384415.961463 6672184.634081, 384418.876873 6672203.821949)

LINESTRING (384434.719310 6672179.372714, 384429.040559 6672181.011801)

LINESTRING (384434.719310 6672179.372714, 384440.897175 6672177.361269)

LINESTRING (384434.719310 6672179.372714, 384438.227015 6672200.793081)

LINESTRING (384440.480096 6672200.398811, 384438.227015 6672200.793081)

LINESTRING (384440.480096 6672200.398811, 384444.323754 6672199.731475)

LINESTRING (384440.480096 6672200.398811, 384441.060517 6672205.596091, 384426.769016 6672207.395466)

LINESTRING (384440.897175 6672177.361269, 384434.719310 6672179.372714)

LINESTRING (384440.897175 6672177.361269, 384447.669233 6672175.175068)

LINESTRING (384440.897175 6672177.361269, 384444.323754 6672199.731475)

LINESTRING (384513.587149 6672144.733674, 384505.478875 6672146.282070)

LINESTRING (384513.587149 6672144.733674, 384515.249937 6672144.636672)

LINESTRING (384513.587149 6672144.733674, 384528.995242 6672169.010813)

LINESTRING (384434.090559 6672220.515487, 384441.488675 6672219.167639)

LINESTRING (384434.090559 6672220.515487, 384428.630028 6672221.501315)

LINESTRING (384434.090559 6672220.515487, 384433.057722 6672211.186754)

LINESTRING (384441.488675 6672219.167639, 384447.291382 6672218.115313)

LINESTRING (384441.488675 6672219.167639, 384434.090559 6672220.515487)

LINESTRING (384441.488675 6672219.167639, 384440.377009 6672210.331747)

LINESTRING (384428.630028 6672221.501315, 384434.090559 6672220.515487)

LINESTRING (384428.630028 6672221.501315, 384421.634758 6672222.769611)

LINESTRING (384428.630028 6672221.501315, 384429.958281 6672230.865304)

LINESTRING (384428.630028 6672221.501315, 384427.359555 6672211.856893)

LINESTRING (384433.057722 6672211.186754, 384427.359555 6672211.856893)

LINESTRING (384433.057722 6672211.186754, 384440.377009 6672210.331747)

LINESTRING (384433.057722 6672211.186754, 384434.090559 6672220.515487)

LINESTRING (384423.059716 6672232.030247, 384421.634758 6672222.769611)

LINESTRING (384414.137509 6672224.142917, 384421.634758 6672222.769611)

LINESTRING (384414.137509 6672224.142917, 384395.923423 6672227.448107)

LINESTRING (384414.137509 6672224.142917, 384415.822777 6672233.205881)

LINESTRING (384395.923423 6672227.448107, 384414.137509 6672224.142917)

LINESTRING (384395.923423 6672227.448107, 384387.932550 6672213.357428)

LINESTRING (384395.923423 6672227.448107, 384398.587438 6672231.454036, 384403.853348 6672235.210687)

LINESTRING (384415.822777 6672233.205881, 384414.137509 6672224.142917)

LINESTRING (384332.566966 6672710.409051, 384333.027939 6672704.788833, 384332.960918 6672695.986835)

LINESTRING (384332.566966 6672710.409051, 384332.367002 6672712.867145, 384330.292559 6672722.071114)

LINESTRING (384332.566966 6672710.409051, 384318.122316 6672707.120757, 384313.013032 6672705.844516, 384311.151289 6672705.435260, 384311.815223 6672702.550162)

LINESTRING (384601.834680 6672069.714470, 384594.658591 6672058.027176, 384585.927887 6672059.037774)

LINESTRING (384585.927887 6672059.037774, 384595.245001 6672073.644300)

LINESTRING (384585.927887 6672059.037774, 384580.090770 6672062.531577)

LINESTRING (384585.927887 6672059.037774, 384594.658591 6672058.027176, 384601.834680 6672069.714470)

LINESTRING (384580.090770 6672062.531577, 384585.927887 6672059.037774)

LINESTRING (384580.090770 6672062.531577, 384592.672070 6672082.395707)

LINESTRING (384580.090770 6672062.531577, 384577.135411 6672064.608402)

LINESTRING (384595.245001 6672073.644300, 384585.927887 6672059.037774)

LINESTRING (384571.178579 6672102.542211, 384577.532588 6672112.282803)

LINESTRING (384577.532588 6672112.282803, 384586.622968 6672126.216640)

LINESTRING (384577.532588 6672112.282803, 384571.178579 6672102.542211)

LINESTRING (384577.532588 6672112.282803, 384571.736986 6672116.209948)

LINESTRING (384565.423070 6672106.156058, 384571.736986 6672116.209948)

LINESTRING (384571.736986 6672116.209948, 384580.710535 6672130.136308)

LINESTRING (384571.736986 6672116.209948, 384565.423070 6672106.156058)

LINESTRING (384571.736986 6672116.209948, 384577.532588 6672112.282803)

LINESTRING (384571.736986 6672116.209948, 384565.705250 6672120.044243)

LINESTRING (384559.705199 6672110.259083, 384565.705250 6672120.044243)

LINESTRING (384565.705250 6672120.044243, 384574.433461 6672134.290363)

LINESTRING (384565.705250 6672120.044243, 384559.705199 6672110.259083)

LINESTRING (384565.705250 6672120.044243, 384571.736986 6672116.209948)

LINESTRING (384565.705250 6672120.044243, 384559.258329 6672123.390136)

LINESTRING (384553.549385 6672114.208753, 384559.258329 6672123.390136)

LINESTRING (384559.258329 6672123.390136, 384568.494019 6672138.233192)

LINESTRING (384559.258329 6672123.390136, 384553.549385 6672114.208753)

LINESTRING (384559.258329 6672123.390136, 384565.705250 6672120.044243)

LINESTRING (384559.258329 6672123.390136, 384551.977649 6672126.004497)

LINESTRING (384546.963765 6672118.439446, 384551.977649 6672126.004497)

LINESTRING (384551.977649 6672126.004497, 384559.258329 6672123.390136)

LINESTRING (384551.977649 6672126.004497, 384534.595727 6672132.826669)

LINESTRING (384551.977649 6672126.004497, 384546.963765 6672118.439446)

LINESTRING (384551.977649 6672126.004497, 384562.657884 6672142.105908)

LINESTRING (384585.742795 6672137.934855, 384571.075023 6672145.952944)

LINESTRING (384585.742795 6672137.934855, 384580.710535 6672130.136308)

LINESTRING (384585.742795 6672137.934855, 384591.698455 6672134.682498, 384599.549604 6672127.614770)

LINESTRING (384580.710535 6672130.136308, 384586.622968 6672126.216640)

LINESTRING (384580.710535 6672130.136308, 384574.433461 6672134.290363)

LINESTRING (384580.710535 6672130.136308, 384585.742795 6672137.934855)

LINESTRING (384580.710535 6672130.136308, 384571.736986 6672116.209948)

LINESTRING (384574.433461 6672134.290363, 384580.710535 6672130.136308)

LINESTRING (384574.433461 6672134.290363, 384568.494019 6672138.233192)

LINESTRING (384574.433461 6672134.290363, 384565.705250 6672120.044243)

LINESTRING (384568.494019 6672138.233192, 384574.433461 6672134.290363)

LINESTRING (384568.494019 6672138.233192, 384562.657884 6672142.105908)

LINESTRING (384568.494019 6672138.233192, 384559.258329 6672123.390136)

LINESTRING (384562.657884 6672142.105908, 384568.494019 6672138.233192)

LINESTRING (384562.657884 6672142.105908, 384561.029624 6672146.470108)

LINESTRING (384562.657884 6672142.105908, 384551.977649 6672126.004497)

LINESTRING (384211.122557 6672293.643606, 384191.721550 6672306.460144)

LINESTRING (384211.122557 6672293.643606, 384216.463865 6672290.120279)

LINESTRING (384211.122557 6672293.643606, 384186.428619 6672255.140091)

LINESTRING (384164.908305 6672259.063628, 384191.721550 6672306.460144)

LINESTRING (384164.908305 6672259.063628, 384186.428619 6672255.140091)

LINESTRING (384164.908305 6672259.063628, 384156.879644 6672261.011495)

LINESTRING (384186.428619 6672255.140091, 384211.122557 6672293.643606)

LINESTRING (384186.428619 6672255.140091, 384193.670133 6672253.584944)

LINESTRING (384186.428619 6672255.140091, 384164.908305 6672259.063628)

LINESTRING (384216.463865 6672290.120279, 384211.122557 6672293.643606)

LINESTRING (384216.463865 6672290.120279, 384254.891346 6672264.744600)

LINESTRING (384216.463865 6672290.120279, 384193.670133 6672253.584944)

LINESTRING (384175.515802 6672317.069446, 384170.543321 6672320.313706)

LINESTRING (384175.515802 6672317.069446, 384180.145867 6672314.058911)

LINESTRING (384175.515802 6672317.069446, 384141.610307 6672263.310989)

LINESTRING (384148.031253 6672261.971161, 384180.145867 6672314.058911)

LINESTRING (384148.031253 6672261.971161, 384156.879644 6672261.011495)

LINESTRING (384148.031253 6672261.971161, 384141.610307 6672263.310989)

LINESTRING (384141.610307 6672263.310989, 384175.515802 6672317.069446)

LINESTRING (384141.610307 6672263.310989, 384148.031253 6672261.971161)

LINESTRING (384141.610307 6672263.310989, 384135.964116 6672264.392287)

LINESTRING (384170.543321 6672320.313706, 384167.057377 6672322.630548)

LINESTRING (384170.543321 6672320.313706, 384175.515802 6672317.069446)

LINESTRING (384170.543321 6672320.313706, 384135.964116 6672264.392287)

LINESTRING (384135.964116 6672264.392287, 384170.543321 6672320.313706)

LINESTRING (384135.964116 6672264.392287, 384141.610307 6672263.310989)

LINESTRING (384135.964116 6672264.392287, 384128.931761 6672266.063523)

LINESTRING (384167.057377 6672322.630548, 384163.261594 6672325.157793)

LINESTRING (384167.057377 6672322.630548, 384170.543321 6672320.313706)

LINESTRING (384167.057377 6672322.630548, 384128.931761 6672266.063523)

LINESTRING (384128.931761 6672266.063523, 384135.964116 6672264.392287)

LINESTRING (384128.931761 6672266.063523, 384122.831593 6672266.836014)

LINESTRING (384128.931761 6672266.063523, 384167.057377 6672322.630548)

LINESTRING (384122.831593 6672266.836014, 384163.261594 6672325.157793)

LINESTRING (384122.831593 6672266.836014, 384128.931761 6672266.063523)

LINESTRING (384122.831593 6672266.836014, 384116.534725 6672268.060516, 384111.793874 6672269.324955)

LINESTRING (384148.539358 6672334.739592, 384143.931884 6672337.760600)

LINESTRING (384148.539358 6672334.739592, 384153.000239 6672331.823528)

LINESTRING (384148.539358 6672334.739592, 384120.943349 6672301.577336)

LINESTRING (384125.331699 6672298.474077, 384153.000239 6672331.823528)

LINESTRING (384125.331699 6672298.474077, 384103.403371 6672270.716021)

LINESTRING (384125.331699 6672298.474077, 384120.943349 6672301.577336)

LINESTRING (384125.331699 6672298.474077, 384131.003899 6672294.004019)

LINESTRING (384103.403371 6672270.716021, 384125.331699 6672298.474077)

LINESTRING (384103.403371 6672270.716021, 384111.793874 6672269.324955)

LINESTRING (384103.403371 6672270.716021, 384098.577822 6672271.760268)

LINESTRING (384098.577822 6672271.760268, 384103.403371 6672270.716021)

LINESTRING (384098.577822 6672271.760268, 384102.184025 6672278.332843, 384120.943349 6672301.577336)

LINESTRING (384143.931884 6672337.760600, 384137.289278 6672342.094170)

LINESTRING (384143.931884 6672337.760600, 384148.539358 6672334.739592)

LINESTRING (384143.931884 6672337.760600, 384117.172140 6672304.705653)

LINESTRING (384120.943349 6672301.577336, 384148.539358 6672334.739592)

LINESTRING (384120.943349 6672301.577336, 384117.172140 6672304.705653)

LINESTRING (384120.943349 6672301.577336, 384125.331699 6672298.474077)

LINESTRING (384120.943349 6672301.577336, 384102.184025 6672278.332843, 384098.577822 6672271.760268)

LINESTRING (384137.289278 6672342.094170, 384129.743846 6672347.024681)

LINESTRING (384137.289278 6672342.094170, 384143.931884 6672337.760600)

LINESTRING (384137.289278 6672342.094170, 384112.141579 6672308.219297)

LINESTRING (384117.172140 6672304.705653, 384143.931884 6672337.760600)

LINESTRING (384117.172140 6672304.705653, 384112.141579 6672308.219297)

LINESTRING (384117.172140 6672304.705653, 384120.943349 6672301.577336)

LINESTRING (384112.141579 6672308.219297, 384137.289278 6672342.094170)

LINESTRING (384112.141579 6672308.219297, 384106.479720 6672311.786357)

LINESTRING (384112.141579 6672308.219297, 384117.172140 6672304.705653)

LINESTRING (384230.677004 6672234.026764, 384233.867666 6672231.674742)

LINESTRING (384230.677004 6672234.026764, 384254.891346 6672264.744600)

LINESTRING (384230.677004 6672234.026764, 384228.467196 6672231.221338)

LINESTRING (384230.677004 6672234.026764, 384218.140441 6672242.681056, 384204.163819 6672250.043584, 384193.670133 6672253.584944)

LINESTRING (384106.479720 6672311.786357, 384129.743846 6672347.024681)

LINESTRING (384106.479720 6672311.786357, 384100.140606 6672315.709191)

LINESTRING (384106.479720 6672311.786357, 384112.141579 6672308.219297)

LINESTRING (384369.979113 6672152.273119, 384376.613626 6672147.839953)

LINESTRING (384369.979113 6672152.273119, 384364.106123 6672156.203046)

LINESTRING (384369.979113 6672152.273119, 384361.140462 6672138.599306)

LINESTRING (384376.613626 6672147.839953, 384382.035001 6672144.202912)

LINESTRING (384376.613626 6672147.839953, 384369.979113 6672152.273119)

LINESTRING (384376.613626 6672147.839953, 384367.619163 6672133.803277)

LINESTRING (384364.106123 6672156.203046, 384369.979113 6672152.273119)

LINESTRING (384364.106123 6672156.203046, 384356.819994 6672160.222175)

LINESTRING (384364.106123 6672156.203046, 384355.046850 6672143.104579)

LINESTRING (384361.140462 6672138.599306, 384369.979113 6672152.273119)

LINESTRING (384361.140462 6672138.599306, 384367.619163 6672133.803277)

LINESTRING (384361.140462 6672138.599306, 384355.046850 6672143.104579)

LINESTRING (384367.619163 6672133.803277, 384376.613626 6672147.839953)

LINESTRING (384367.619163 6672133.803277, 384373.121150 6672129.729046)

LINESTRING (384367.619163 6672133.803277, 384361.140462 6672138.599306)

LINESTRING (384355.046850 6672143.104579, 384361.140462 6672138.599306)

LINESTRING (384355.046850 6672143.104579, 384348.644087 6672147.842511)

LINESTRING (384355.046850 6672143.104579, 384364.106123 6672156.203046)

LINESTRING (384373.121150 6672129.729046, 384382.035001 6672144.202912)

LINESTRING (384373.121150 6672129.729046, 384379.751693 6672124.816803)

LINESTRING (384373.121150 6672129.729046, 384367.619163 6672133.803277)

LINESTRING (384382.035001 6672144.202912, 384394.879843 6672135.617493)

LINESTRING (384382.035001 6672144.202912, 384376.613626 6672147.839953)

LINESTRING (384382.035001 6672144.202912, 384373.121150 6672129.729046)

LINESTRING (384394.879843 6672135.617493, 384382.035001 6672144.202912)

LINESTRING (384394.879843 6672135.617493, 384385.471033 6672120.590854)

LINESTRING (384394.879843 6672135.617493, 384401.313232 6672130.967834, 384391.217068 6672116.330638)

LINESTRING (384379.751693 6672124.816803, 384388.034315 6672138.820252)

LINESTRING (384379.751693 6672124.816803, 384385.471033 6672120.590854)

LINESTRING (384379.751693 6672124.816803, 384373.121150 6672129.729046)

LINESTRING (384388.034315 6672138.820252, 384379.751693 6672124.816803)

LINESTRING (384385.471033 6672120.590854, 384394.879843 6672135.617493)

LINESTRING (384385.471033 6672120.590854, 384391.217068 6672116.330638)

LINESTRING (384385.471033 6672120.590854, 384379.751693 6672124.816803)

LINESTRING (384391.217068 6672116.330638, 384387.849210 6672111.667115)

LINESTRING (384391.217068 6672116.330638, 384385.471033 6672120.590854)

LINESTRING (384391.217068 6672116.330638, 384401.313232 6672130.967834, 384394.879843 6672135.617493)

LINESTRING (384391.217068 6672116.330638, 384429.531964 6672087.996059, 384441.760528 6672087.677135)

LINESTRING (384348.644087 6672147.842511, 384355.046850 6672143.104579)

LINESTRING (384348.644087 6672147.842511, 384343.185478 6672151.881979)

LINESTRING (384348.644087 6672147.842511, 384356.819994 6672160.222175)

LINESTRING (384348.644087 6672147.842511, 384345.665918 6672143.211300)

LINESTRING (384356.819994 6672160.222175, 384364.106123 6672156.203046)

LINESTRING (384356.819994 6672160.222175, 384350.172752 6672164.778369)

LINESTRING (384356.819994 6672160.222175, 384348.644087 6672147.842511)

LINESTRING (384356.819994 6672160.222175, 384361.142549 6672166.984117, 384362.815730 6672169.327350)

LINESTRING (384319.097003 6672184.928080, 384325.112448 6672181.116166)

LINESTRING (384319.097003 6672184.928080, 384312.549465 6672188.946264)

LINESTRING (384319.097003 6672184.928080, 384312.197908 6672174.826215)

LINESTRING (384325.112448 6672181.116166, 384331.447459 6672177.048995)

LINESTRING (384325.112448 6672181.116166, 384319.097003 6672184.928080)

LINESTRING (384325.112448 6672181.116166, 384318.117419 6672170.437809)

LINESTRING (384312.549465 6672188.946264, 384319.097003 6672184.928080)

LINESTRING (384312.549465 6672188.946264, 384306.694643 6672192.920293)

LINESTRING (384312.549465 6672188.946264, 384306.430219 6672179.098391)

LINESTRING (384312.197908 6672174.826215, 384319.097003 6672184.928080)

LINESTRING (384312.197908 6672174.826215, 384318.117419 6672170.437809)

LINESTRING (384312.197908 6672174.826215, 384306.430219 6672179.098391)

LINESTRING (384318.117419 6672170.437809, 384325.112448 6672181.116166)

LINESTRING (384318.117419 6672170.437809, 384324.232778 6672165.920640)

LINESTRING (384318.117419 6672170.437809, 384312.197908 6672174.826215)

LINESTRING (384306.430219 6672179.098391, 384312.197908 6672174.826215)

LINESTRING (384306.430219 6672179.098391, 384300.046639 6672183.033408)

LINESTRING (384306.430219 6672179.098391, 384312.549465 6672188.946264)

LINESTRING (384331.447459 6672177.048995, 384337.480548 6672173.091668)

LINESTRING (384331.447459 6672177.048995, 384325.112448 6672181.116166)

LINESTRING (384331.447459 6672177.048995, 384324.232778 6672165.920640)

LINESTRING (384324.232778 6672165.920640, 384329.571765 6672161.962932)

LINESTRING (384324.232778 6672165.920640, 384318.117419 6672170.437809)

LINESTRING (384324.232778 6672165.920640, 384331.447459 6672177.048995)

LINESTRING (384337.480548 6672173.091668, 384343.741638 6672168.792819)

LINESTRING (384337.480548 6672173.091668, 384331.447459 6672177.048995)

LINESTRING (384337.480548 6672173.091668, 384329.571765 6672161.962932)

LINESTRING (384343.741638 6672168.792819, 384350.172752 6672164.778369)

LINESTRING (384343.741638 6672168.792819, 384337.480548 6672173.091668)

LINESTRING (384343.741638 6672168.792819, 384336.370643 6672156.933845)

LINESTRING (384329.571765 6672161.962932, 384337.480548 6672173.091668)

LINESTRING (384329.571765 6672161.962932, 384336.370643 6672156.933845)

LINESTRING (384329.571765 6672161.962932, 384324.232778 6672165.920640)

LINESTRING (384336.370643 6672156.933845, 384343.741638 6672168.792819)

LINESTRING (384336.370643 6672156.933845, 384343.185478 6672151.881979)

LINESTRING (384336.370643 6672156.933845, 384329.571765 6672161.962932)

LINESTRING (384350.172752 6672164.778369, 384356.819994 6672160.222175)

LINESTRING (384350.172752 6672164.778369, 384343.741638 6672168.792819)

LINESTRING (384350.172752 6672164.778369, 384343.185478 6672151.881979)

LINESTRING (384343.185478 6672151.881979, 384348.644087 6672147.842511)

LINESTRING (384343.185478 6672151.881979, 384336.370643 6672156.933845)

LINESTRING (384343.185478 6672151.881979, 384350.172752 6672164.778369)

LINESTRING (384291.956726 6672188.850026, 384296.769871 6672185.298933)

LINESTRING (384291.956726 6672188.850026, 384288.065870 6672191.714469)

LINESTRING (384291.956726 6672188.850026, 384310.970638 6672214.204858)

LINESTRING (384300.046639 6672183.033408, 384306.430219 6672179.098391)

LINESTRING (384300.046639 6672183.033408, 384306.694643 6672192.920293)

LINESTRING (384300.046639 6672183.033408, 384299.138886 6672183.652736, 384298.057490 6672184.400139, 384296.769871 6672185.298933)

LINESTRING (384560.982022 6672156.412422, 384559.032254 6672153.041391)

LINESTRING (384560.982022 6672156.412422, 384561.943675 6672156.092361, 384562.922871 6672156.328968, 384563.639439 6672157.041917, 384563.870017 6672158.015359, 384563.555908 6672158.972532, 384562.782294 6672159.620999)

LINESTRING (384560.982022 6672156.412422, 384560.381427 6672157.088870, 384560.170261 6672157.964789, 384560.403229 6672158.837855, 384561.029286 6672159.497934, 384561.893392 6672159.782745, 384562.782294 6672159.620999)

LINESTRING (384562.782294 6672159.620999, 384564.232270 6672161.581298)

LINESTRING (384562.782294 6672159.620999, 384561.893392 6672159.782745, 384561.029286 6672159.497934, 384560.403229 6672158.837855, 384560.170261 6672157.964789, 384560.381427 6672157.088870, 384560.982022 6672156.412422)

LINESTRING (384562.782294 6672159.620999, 384563.555908 6672158.972532, 384563.870017 6672158.015359, 384563.639439 6672157.041917, 384562.922871 6672156.328968, 384561.943675 6672156.092361, 384560.982022 6672156.412422)

LINESTRING (384564.232270 6672161.581298, 384562.782294 6672159.620999)

LINESTRING (384564.232270 6672161.581298, 384564.871658 6672162.664445, 384556.613347 6672168.084568, 384551.153511 6672167.509970, 384549.974063 6672166.733602, 384549.248169 6672165.196263, 384549.122717 6672163.506266, 384549.676355 6672161.516256, 384548.286855 6672158.127571)

LINESTRING (384564.232270 6672161.581298, 384566.232904 6672160.047188, 384567.154919 6672161.288595, 384576.818851 6672155.010663)

LINESTRING (384576.818851 6672155.010663, 384571.075023 6672145.952944)

LINESTRING (384576.818851 6672155.010663, 384605.106051 6672136.366391, 384604.066018 6672134.727495)

LINESTRING (384576.818851 6672155.010663, 384567.154919 6672161.288595, 384566.232904 6672160.047188, 384564.232270 6672161.581298)

LINESTRING (384601.220669 6672130.247927, 384599.549604 6672127.614770)

LINESTRING (384601.220669 6672130.247927, 384602.961808 6672132.990320)

LINESTRING (384601.220669 6672130.247927, 384603.775017 6672128.662962, 384604.923250 6672128.448479, 384605.821695 6672128.765652)

LINESTRING (384604.066018 6672134.727495, 384602.961808 6672132.990320)

LINESTRING (384604.066018 6672134.727495, 384607.600229 6672132.342700)

LINESTRING (384604.066018 6672134.727495, 384605.106051 6672136.366391, 384576.818851 6672155.010663)

LINESTRING (384611.099655 6672124.799146, 384606.203090 6672117.252613)

LINESTRING (384611.099655 6672124.799146, 384612.832208 6672123.919884, 384615.799332 6672121.865005, 384617.641400 6672119.879000, 384618.925452 6672117.453651, 384619.339721 6672114.387036)

LINESTRING (384611.099655 6672124.799146, 384613.489444 6672128.390375, 384616.220547 6672126.599252)

LINESTRING (384616.220547 6672126.599252, 384613.489444 6672128.390375, 384611.099655 6672124.799146)

LINESTRING (385080.635258 6672100.220335, 385079.478715 6672102.117724)

LINESTRING (384835.660900 6672280.194882, 384839.058417 6672279.820596)

LINESTRING (384839.058417 6672279.820596, 384849.758641 6672277.890547)

LINESTRING (384839.058417 6672279.820596, 384835.660900 6672280.194882)

LINESTRING (384839.058417 6672279.820596, 384839.859119 6672288.510325)

LINESTRING (384986.700399 6672842.195743, 384984.873045 6672852.951729, 384981.039806 6672852.693214, 384979.246520 6672853.574222)

LINESTRING (384979.246520 6672853.574222, 384977.717943 6672864.120230)

LINESTRING (384979.246520 6672853.574222, 384976.134591 6672853.125890)

LINESTRING (384979.246520 6672853.574222, 384981.039806 6672852.693214, 384984.873045 6672852.951729, 384986.700399 6672842.195743)

LINESTRING (384586.622968 6672126.216640, 384592.577051 6672122.384826)

LINESTRING (384586.622968 6672126.216640, 384580.710535 6672130.136308)

LINESTRING (384586.622968 6672126.216640, 384577.532588 6672112.282803)

LINESTRING (384741.516287 6672118.887845, 384735.632540 6672119.841946)

LINESTRING (384741.516287 6672118.887845, 384744.274413 6672134.013149)

LINESTRING (384741.516287 6672118.887845, 384732.892375 6672071.583820)

LINESTRING (384924.329461 6672329.664035, 384923.515118 6672321.063880, 384919.360693 6672318.553190, 384912.603850 6672315.567055, 384909.481162 6672313.023958, 384907.650735 6672312.201068)

LINESTRING (384775.127303 6672326.107819, 384776.873316 6672333.954263, 384778.597898 6672335.471369, 384781.648461 6672335.542573, 384785.280142 6672333.611800)

LINESTRING (384827.775825 6672179.875943, 384834.701569 6672178.510318, 384838.832539 6672173.733236, 384838.653582 6672171.220234, 384840.784738 6672168.712614, 384840.110613 6672162.459525)

LINESTRING (384815.267770 6672177.828628, 384816.928119 6672189.132539, 384810.799343 6672190.060795)

LINESTRING (385000.267817 6672110.967072, 384989.985235 6672104.993342)

LINESTRING (384598.813996 6672118.365800, 384604.691844 6672114.580986)

LINESTRING (384598.813996 6672118.365800, 384592.577051 6672122.384826)

LINESTRING (384598.813996 6672118.365800, 384583.681845 6672095.082682)

LINESTRING (384592.577051 6672122.384826, 384598.813996 6672118.365800)

LINESTRING (384592.577051 6672122.384826, 384586.622968 6672126.216640)

LINESTRING (384592.577051 6672122.384826, 384577.820627 6672098.867006)

LINESTRING (384583.681845 6672095.082682, 384598.813996 6672118.365800)

LINESTRING (384577.820627 6672098.867006, 384592.577051 6672122.384826)

LINESTRING (384464.956390 6672195.815315, 384473.796420 6672209.901657)

LINESTRING (384453.868519 6672223.658356, 384457.250365 6672218.737286)

LINESTRING (384453.868519 6672223.658356, 384442.315370 6672231.467294, 384427.407976 6672238.557416)

LINESTRING (384453.868519 6672223.658356, 384460.146295 6672220.239591, 384465.157285 6672216.972238, 384473.796420 6672209.901657)

LINESTRING (384413.932707 6672218.532587, 384413.223350 6672214.353521)

LINESTRING (384426.769016 6672207.395466, 384427.359555 6672211.856893)

LINESTRING (384426.769016 6672207.395466, 384419.556529 6672208.291708)

LINESTRING (384426.769016 6672207.395466, 384441.060517 6672205.596091, 384440.480096 6672200.398811)

LINESTRING (384440.377009 6672210.331747, 384433.057722 6672211.186754)

LINESTRING (384440.377009 6672210.331747, 384445.809968 6672209.703428)

LINESTRING (384440.377009 6672210.331747, 384441.488675 6672219.167639)

LINESTRING (384429.958281 6672230.865304, 384428.630028 6672221.501315)

LINESTRING (384444.323754 6672199.731475, 384445.809968 6672209.703428)

LINESTRING (384444.323754 6672199.731475, 384440.897175 6672177.361269)

LINESTRING (384444.323754 6672199.731475, 384440.480096 6672200.398811)

LINESTRING (384407.873227 6672155.668618, 384395.860505 6672137.659408)

LINESTRING (384391.918110 6672140.302472, 384403.113487 6672157.925120)

LINESTRING (384391.918110 6672140.302472, 384395.860505 6672137.659408)

LINESTRING (384391.918110 6672140.302472, 384387.454071 6672143.307483)

LINESTRING (384403.113487 6672157.925120, 384391.918110 6672140.302472)

LINESTRING (384387.454071 6672143.307483, 384399.049070 6672160.572028)

LINESTRING (384387.454071 6672143.307483, 384391.918110 6672140.302472)

LINESTRING (384387.454071 6672143.307483, 384383.207364 6672146.160762)

LINESTRING (384399.049070 6672160.572028, 384387.454071 6672143.307483)

LINESTRING (384383.207364 6672146.160762, 384395.221531 6672164.214464)

LINESTRING (384383.207364 6672146.160762, 384387.454071 6672143.307483)

LINESTRING (384383.207364 6672146.160762, 384378.874015 6672149.083648)

LINESTRING (384378.874015 6672149.083648, 384390.795199 6672166.126127)

LINESTRING (384378.874015 6672149.083648, 384383.207364 6672146.160762)

LINESTRING (384378.874015 6672149.083648, 384373.512617 6672152.685367, 384388.854160 6672177.287244)

LINESTRING (384390.795199 6672166.126127, 384378.874015 6672149.083648)

LINESTRING (384395.221531 6672164.214464, 384383.207364 6672146.160762)

LINESTRING (384350.458704 6672193.533134, 384338.868330 6672176.067990)

LINESTRING (384338.868330 6672176.067990, 384350.458704 6672193.533134)

LINESTRING (384338.868330 6672176.067990, 384334.419262 6672179.016874)

LINESTRING (384338.868330 6672176.067990, 384343.420694 6672173.048984, 384360.804436 6672195.145637)

LINESTRING (384334.419262 6672179.016874, 384346.046842 6672195.901319)

LINESTRING (384334.419262 6672179.016874, 384330.345578 6672181.719877)

LINESTRING (384334.419262 6672179.016874, 384338.868330 6672176.067990)

LINESTRING (384360.804436 6672195.145637, 384325.118045 6672218.394144)

LINESTRING (384360.804436 6672195.145637, 384364.388363 6672192.759029, 384367.931783 6672190.496293)

LINESTRING (384360.804436 6672195.145637, 384343.420694 6672173.048984, 384338.868330 6672176.067990)

LINESTRING (384346.046842 6672195.901319, 384334.419262 6672179.016874)

LINESTRING (384330.345578 6672181.719877, 384341.506774 6672198.429579)

LINESTRING (384330.345578 6672181.719877, 384326.674311 6672184.153854)

LINESTRING (384330.345578 6672181.719877, 384334.419262 6672179.016874)

LINESTRING (384341.506774 6672198.429579, 384330.345578 6672181.719877)

LINESTRING (384326.674311 6672184.153854, 384337.724454 6672201.390841)

LINESTRING (384326.674311 6672184.153854, 384321.675890 6672187.465580)

LINESTRING (384326.674311 6672184.153854, 384330.345578 6672181.719877)

LINESTRING (384337.724454 6672201.390841, 384326.674311 6672184.153854)

LINESTRING (384321.675890 6672187.465580, 384333.041148 6672203.778758)

LINESTRING (384321.675890 6672187.465580, 384317.624063 6672190.156763)

LINESTRING (384321.675890 6672187.465580, 384326.674311 6672184.153854)

LINESTRING (384333.041148 6672203.778758, 384321.675890 6672187.465580)

LINESTRING (384317.624063 6672190.156763, 384329.329977 6672206.882660)

LINESTRING (384317.624063 6672190.156763, 384313.273121 6672193.046853)

LINESTRING (384317.624063 6672190.156763, 384321.675890 6672187.465580)

LINESTRING (384329.329977 6672206.882660, 384317.624063 6672190.156763)

LINESTRING (384313.273121 6672193.046853, 384325.058310 6672209.469333)

LINESTRING (384313.273121 6672193.046853, 384317.624063 6672190.156763)

LINESTRING (384313.273121 6672193.046853, 384308.394301 6672196.276810, 384325.118045 6672218.394144)

LINESTRING (384325.058310 6672209.469333, 384313.273121 6672193.046853)

LINESTRING (384362.815730 6672169.327350, 384369.850661 6672164.914962, 384380.702428 6672182.381224)

LINESTRING (384362.815730 6672169.327350, 384356.986298 6672172.877004, 384367.931783 6672190.496293)

LINESTRING (384362.815730 6672169.327350, 384361.142549 6672166.984117, 384356.819994 6672160.222175)

LINESTRING (384589.724827 6672090.545967, 384604.691844 6672114.580986)

LINESTRING (384605.821695 6672128.765652, 384606.733813 6672127.577900)

LINESTRING (384605.821695 6672128.765652, 384605.740847 6672129.548307, 384606.497136 6672130.817233)

LINESTRING (384605.821695 6672128.765652, 384604.923250 6672128.448479, 384603.775017 6672128.662962, 384601.220669 6672130.247927)

LINESTRING (384606.497136 6672130.817233, 384607.600229 6672132.342700)

LINESTRING (384606.497136 6672130.817233, 384608.074425 6672130.121170)

LINESTRING (384606.497136 6672130.817233, 384602.961808 6672132.990320)

LINESTRING (384606.497136 6672130.817233, 384605.740847 6672129.548307, 384605.821695 6672128.765652)

LINESTRING (384602.961808 6672132.990320, 384601.220669 6672130.247927)

LINESTRING (384602.961808 6672132.990320, 384604.066018 6672134.727495)

LINESTRING (384602.961808 6672132.990320, 384606.497136 6672130.817233)

LINESTRING (384607.600229 6672132.342700, 384606.497136 6672130.817233)

LINESTRING (384607.600229 6672132.342700, 384608.074425 6672130.121170)

LINESTRING (384607.600229 6672132.342700, 384604.066018 6672134.727495)

LINESTRING (384608.074425 6672130.121170, 384606.497136 6672130.817233)

LINESTRING (384608.074425 6672130.121170, 384607.600229 6672132.342700)

LINESTRING (384608.074425 6672130.121170, 384607.719934 6672128.739287, 384606.733813 6672127.577900)

LINESTRING (384785.403170 6672045.358482, 384793.583458 6672050.327915)

LINESTRING (384800.199065 6672052.159280, 384817.469301 6672058.536857)

LINESTRING (384800.199065 6672052.159280, 384798.054896 6672051.959246, 384794.891069 6672050.765999, 384793.583458 6672050.327915)

LINESTRING (384800.199065 6672052.159280, 384802.782229 6672042.304426, 384817.331511 6672046.560986)

LINESTRING (384817.331511 6672046.560986, 384823.401360 6672048.342687)

LINESTRING (384817.331511 6672046.560986, 384816.903385 6672052.547833, 384817.445173 6672056.709938, 384817.469301 6672058.536857)

LINESTRING (384817.331511 6672046.560986, 384802.782229 6672042.304426, 384800.199065 6672052.159280)

LINESTRING (384823.401360 6672048.342687, 384817.331511 6672046.560986)

LINESTRING (384817.469301 6672058.536857, 384815.288353 6672065.113750)

LINESTRING (384817.469301 6672058.536857, 384800.199065 6672052.159280)

LINESTRING (384817.469301 6672058.536857, 384817.445173 6672056.709938, 384816.903385 6672052.547833, 384817.331511 6672046.560986)

LINESTRING (384900.619237 6672466.916442, 384905.550709 6672458.291747, 384913.804347 6672444.425115)

LINESTRING (384393.816442 6673020.630988, 384422.011607 6673026.405341)

LINESTRING (384393.816442 6673020.630988, 384399.506369 6672993.537519, 384401.096482 6672992.205711, 384405.060150 6672988.859843, 384413.671148 6672987.997374, 384421.786137 6672990.415903, 384425.825928 6672995.637732, 384426.606991 6673001.564214, 384425.598297 6673007.246282, 384422.011607 6673026.405341)

LINESTRING (384393.816442 6673020.630988, 384387.753083 6673019.540804, 384381.404765 6673018.392760, 384373.975479 6673016.064115, 384369.081713 6673012.808441, 384364.576263 6673007.434209, 384362.327542 6672999.336337)

LINESTRING (384362.327542 6672999.336337, 384352.317482 6672998.437711)

LINESTRING (384362.327542 6672999.336337, 384362.832508 6672993.703588, 384369.894078 6672961.529462, 384373.204993 6672956.499070, 384379.259111 6672922.829992)

LINESTRING (384362.327542 6672999.336337, 384364.576263 6673007.434209, 384369.081713 6673012.808441, 384373.975479 6673016.064115, 384381.404765 6673018.392760, 384387.753083 6673019.540804, 384393.816442 6673020.630988)

LINESTRING (384352.317482 6672998.437711, 384362.327542 6672999.336337)

LINESTRING (384352.317482 6672998.437711, 384347.700320 6672999.898576, 384336.351349 6673003.890118, 384331.987557 6673005.287279)

LINESTRING (384352.317482 6672998.437711, 384351.131660 6672995.343570, 384346.816774 6672983.700157, 384346.655955 6672981.420623, 384349.004282 6672978.081133, 384363.861410 6672964.227457)

LINESTRING (384379.259111 6672922.829992, 384385.769485 6672924.006356)

LINESTRING (384379.259111 6672922.829992, 384370.134159 6672921.134396)

LINESTRING (384379.259111 6672922.829992, 384373.204993 6672956.499070, 384369.894078 6672961.529462, 384362.832508 6672993.703588, 384362.327542 6672999.336337)

LINESTRING (384385.769485 6672924.006356, 384379.259111 6672922.829992)

LINESTRING (384370.134159 6672921.134396, 384373.996232 6672899.447943)

LINESTRING (384370.134159 6672921.134396, 384367.469524 6672935.204819)

LINESTRING (384370.134159 6672921.134396, 384379.259111 6672922.829992)

LINESTRING (384375.169008 6672893.337189, 384301.870849 6672878.434057)

LINESTRING (384375.169008 6672893.337189, 384373.996232 6672899.447943)

LINESTRING (384431.072472 6672982.455439, 384435.237541 6672963.501030, 384429.397979 6672962.292267)

LINESTRING (384431.072472 6672982.455439, 384416.434471 6672979.863863, 384420.333380 6672960.394047)

LINESTRING (384431.072472 6672982.455439, 384433.328959 6672983.064036, 384434.315127 6672983.879891, 384434.317191 6672987.111714, 384433.656069 6672990.966267, 384427.574376 6673022.540958, 384447.324508 6673026.520327)

LINESTRING (384429.397979 6672962.292267, 384420.333380 6672960.394047)

LINESTRING (384429.397979 6672962.292267, 384431.657741 6672952.625585)

LINESTRING (384429.397979 6672962.292267, 384435.237541 6672963.501030, 384431.072472 6672982.455439)

LINESTRING (384420.333380 6672960.394047, 384429.397979 6672962.292267)

LINESTRING (384420.333380 6672960.394047, 384422.210241 6672951.084921)

LINESTRING (384420.333380 6672960.394047, 384416.434471 6672979.863863, 384431.072472 6672982.455439)

LINESTRING (384422.210241 6672951.084921, 384426.228218 6672929.404757)

LINESTRING (384422.210241 6672951.084921, 384420.333380 6672960.394047)

LINESTRING (384422.210241 6672951.084921, 384431.657741 6672952.625585)

LINESTRING (384427.468323 6672923.314187, 384426.228218 6672929.404757)

LINESTRING (384426.228218 6672929.404757, 384427.468323 6672923.314187)

LINESTRING (384426.228218 6672929.404757, 384422.210241 6672951.084921)

LINESTRING (384426.228218 6672929.404757, 384436.159137 6672931.309089, 384431.657741 6672952.625585)

LINESTRING (384431.657741 6672952.625585, 384429.397979 6672962.292267)

LINESTRING (384431.657741 6672952.625585, 384422.210241 6672951.084921)

LINESTRING (384431.657741 6672952.625585, 384436.159137 6672931.309089, 384426.228218 6672929.404757)

LINESTRING (384369.144272 6672898.575855, 384350.550559 6672894.850110)

LINESTRING (384369.144272 6672898.575855, 384373.996232 6672899.447943)

LINESTRING (384369.144272 6672898.575855, 384360.773758 6672941.166792, 384359.078858 6672944.630516, 384332.488301 6672966.655925, 384326.922284 6672974.811170, 384325.290522 6672979.041886, 384324.689784 6672985.858981, 384331.987557 6673005.287279)

LINESTRING (384644.377621 6672157.942030, 384643.496766 6672165.235919)

LINESTRING (384644.377621 6672157.942030, 384637.021283 6672158.329726, 384634.113454 6672158.387874, 384626.372698 6672158.029879)

LINESTRING (384233.867666 6672231.674742, 384238.387836 6672228.344571)

LINESTRING (384233.867666 6672231.674742, 384230.677004 6672234.026764)

LINESTRING (384233.867666 6672231.674742, 384251.663652 6672253.624133)

LINESTRING (384561.041352 6672593.438758, 384547.614402 6672590.384939)

LINESTRING (384561.041352 6672593.438758, 384556.686089 6672590.544756, 384553.697397 6672587.674548, 384551.253614 6672583.773024, 384549.993436 6672580.079367)

LINESTRING (384835.487187 6672430.248264, 384836.552994 6672430.593661)

LINESTRING (384826.597219 6672463.069399, 384836.552994 6672430.593661)

LINESTRING (384826.597219 6672463.069399, 384818.182444 6672490.515170)

LINESTRING (384826.597219 6672463.069399, 384823.636343 6672462.315534)

LINESTRING (384823.636343 6672462.315534, 384826.597219 6672463.069399)

LINESTRING (384817.114256 6672490.270154, 384818.182444 6672490.515170)

LINESTRING (384795.657177 6672425.917523, 384794.851423 6672425.719979)

LINESTRING (384783.803479 6672461.060876, 384782.409712 6672460.703522)

LINESTRING (384776.249869 6672480.043363, 384777.318063 6672480.288368)

LINESTRING (384776.249869 6672480.043363, 384775.822523 6672481.461001, 384772.065530 6672494.228080)

LINESTRING (384776.249869 6672480.043363, 384778.627923 6672471.978024, 384782.409712 6672460.703522)

LINESTRING (384777.318063 6672480.288368, 384776.249869 6672480.043363)

LINESTRING (384773.286578 6672494.390264, 384772.065530 6672494.228080)

LINESTRING (384775.211807 6672499.110638, 384774.574446 6672500.735482)

LINESTRING (384791.660477 6672498.849515, 384790.632590 6672503.239304)

LINESTRING (384765.243164 6672519.506461, 384764.550172 6672519.539409)

LINESTRING (384761.794656 6672529.722927, 384760.536013 6672534.365164)

LINESTRING (384761.794656 6672529.722927, 384764.550172 6672519.539409)

LINESTRING (384761.794656 6672529.722927, 384762.654748 6672529.707009)

LINESTRING (384762.654748 6672529.707009, 384761.794656 6672529.722927)

LINESTRING (384760.536013 6672534.365164, 384756.586291 6672548.943720)

LINESTRING (384760.536013 6672534.365164, 384761.794656 6672529.722927)

LINESTRING (384760.536013 6672534.365164, 384761.464416 6672534.402818)

LINESTRING (384761.464416 6672534.402818, 384760.536013 6672534.365164)

LINESTRING (384756.586291 6672548.943720, 384754.581842 6672556.350948)

LINESTRING (384756.586291 6672548.943720, 384760.536013 6672534.365164)

LINESTRING (384756.586291 6672548.943720, 384757.680858 6672549.321621)

LINESTRING (384757.680858 6672549.321621, 384756.586291 6672548.943720)

LINESTRING (384754.581842 6672556.350948, 384756.586291 6672548.943720)

LINESTRING (384754.581842 6672556.350948, 384755.833407 6672556.601320)

LINESTRING (384754.581842 6672556.350948, 384754.034767 6672558.374153, 384753.320419 6672561.962837)

LINESTRING (384755.833407 6672556.601320, 384754.581842 6672556.350948)

LINESTRING (384753.320419 6672561.962837, 384752.411882 6672566.438039)

LINESTRING (384753.320419 6672561.962837, 384754.642337 6672562.155273)

LINESTRING (384753.320419 6672561.962837, 384754.034767 6672558.374153, 384754.581842 6672556.350948)

LINESTRING (384754.642337 6672562.155273, 384753.320419 6672561.962837)

LINESTRING (384752.411882 6672566.438039, 384750.607021 6672575.599804)

LINESTRING (384752.411882 6672566.438039, 384753.320419 6672561.962837)

LINESTRING (384752.411882 6672566.438039, 384747.519430 6672565.700443)

LINESTRING (384752.411882 6672566.438039, 384753.706416 6672566.642481, 384765.639039 6672568.440173, 384770.911108 6672569.243860, 384783.633554 6672571.440247, 384782.240248 6672578.861666)

LINESTRING (384751.848187 6672575.872790, 384750.607021 6672575.599804)

LINESTRING (384750.607021 6672575.599804, 384749.968464 6672578.773762)

LINESTRING (384750.607021 6672575.599804, 384752.411882 6672566.438039)

LINESTRING (384750.607021 6672575.599804, 384751.848187 6672575.872790)

LINESTRING (384749.968464 6672578.773762, 384748.559873 6672585.883634)

LINESTRING (384749.968464 6672578.773762, 384750.607021 6672575.599804)

LINESTRING (384749.968464 6672578.773762, 384751.251842 6672578.800243)

LINESTRING (384751.251842 6672578.800243, 384749.968464 6672578.773762)

LINESTRING (384748.559873 6672585.883634, 384747.451676 6672591.423838)

LINESTRING (384748.559873 6672585.883634, 384749.968464 6672578.773762)

LINESTRING (384748.559873 6672585.883634, 384749.780893 6672586.045809)

LINESTRING (384749.780893 6672586.045809, 384748.559873 6672585.883634)

LINESTRING (384747.451676 6672591.423838, 384746.799639 6672594.698521)

LINESTRING (384747.451676 6672591.423838, 384748.559873 6672585.883634)

LINESTRING (384747.451676 6672591.423838, 384748.684429 6672591.429623)

LINESTRING (384748.684429 6672591.429623, 384747.451676 6672591.423838)

LINESTRING (384746.799639 6672594.698521, 384746.320655 6672597.120783)

LINESTRING (384746.799639 6672594.698521, 384747.451676 6672591.423838)

LINESTRING (384746.799639 6672594.698521, 384747.987026 6672594.850609)

LINESTRING (384747.987026 6672594.850609, 384746.799639 6672594.698521)

LINESTRING (384746.320655 6672597.120783, 384745.462350 6672601.427241)

LINESTRING (384746.320655 6672597.120783, 384746.799639 6672594.698521)

LINESTRING (384746.320655 6672597.120783, 384747.501443 6672597.239646)

LINESTRING (384747.501443 6672597.239646, 384746.320655 6672597.120783)

LINESTRING (384746.535125 6672601.995279, 384745.462350 6672601.427241)

LINESTRING (384775.608726 6672519.492384, 384775.808483 6672516.488258)

LINESTRING (384778.390634 6672516.852800, 384775.808483 6672516.488258)

LINESTRING (384778.390634 6672516.852800, 384783.053976 6672517.541925)

LINESTRING (384778.390634 6672516.852800, 384777.834833 6672519.834693)

LINESTRING (384777.834833 6672519.834693, 384778.390634 6672516.852800)

LINESTRING (384782.644488 6672520.586080, 384783.053976 6672517.541925)

LINESTRING (384809.577047 6672530.961317, 384810.550762 6672530.674371)

LINESTRING (384826.669693 6672555.420623, 384826.016456 6672556.187839)

LINESTRING (384826.669693 6672555.420623, 384825.519449 6672554.331212, 384820.677580 6672549.022730, 384816.239040 6672543.122062, 384812.809763 6672536.476415, 384810.550762 6672530.674371)

LINESTRING (384826.669693 6672555.420623, 384831.756134 6672560.208780, 384837.325199 6672564.101362, 384838.089752 6672564.578818)

LINESTRING (384826.016456 6672556.187839, 384826.669693 6672555.420623)

LINESTRING (384837.291360 6672565.673784, 384838.089752 6672564.578818)

LINESTRING (384838.141162 6672579.633263, 384839.291931 6672580.210019)

LINESTRING (384837.966654 6672584.854322, 384839.291931 6672580.210019)

LINESTRING (384837.966654 6672584.854322, 384837.331897 6672587.092013)

LINESTRING (384837.966654 6672584.854322, 384836.753177 6672584.402126)

LINESTRING (384836.753177 6672584.402126, 384837.966654 6672584.854322)

LINESTRING (384836.061959 6672586.786470, 384837.331897 6672587.092013)

LINESTRING (384831.037496 6672604.095674, 384832.331070 6672604.623359)

LINESTRING (384828.101936 6672614.206789, 384829.496342 6672614.586426)

LINESTRING (384821.077140 6672618.751728, 384820.890768 6672619.181076)

LINESTRING (384816.639005 6672618.334087, 384820.890768 6672619.181076)

LINESTRING (384816.639005 6672618.334087, 384814.197640 6672617.853651)

LINESTRING (384816.639005 6672618.334087, 384816.796243 6672617.861078)

LINESTRING (384816.796243 6672617.861078, 384816.639005 6672618.334087)

LINESTRING (384814.197640 6672617.853651, 384816.639005 6672618.334087)

LINESTRING (384814.197640 6672617.853651, 384806.392681 6672616.304887)

LINESTRING (384814.197640 6672617.853651, 384814.331991 6672617.359072)

LINESTRING (384814.331991 6672617.359072, 384814.197640 6672617.853651)

LINESTRING (384806.392681 6672616.304887, 384814.197640 6672617.853651)

LINESTRING (384806.392681 6672616.304887, 384801.967565 6672615.418789)

LINESTRING (384806.392681 6672616.304887, 384806.591839 6672615.752547)

LINESTRING (384806.591839 6672615.752547, 384806.392681 6672616.304887)

LINESTRING (384801.967565 6672615.418789, 384806.392681 6672616.304887)

LINESTRING (384801.967565 6672615.418789, 384795.341331 6672614.100438)

LINESTRING (384801.967565 6672615.418789, 384802.115403 6672614.823487)

LINESTRING (384802.115403 6672614.823487, 384801.967565 6672615.418789)

LINESTRING (384795.341331 6672614.100438, 384801.967565 6672615.418789)

LINESTRING (384795.341331 6672614.100438, 384791.480969 6672613.341465)

LINESTRING (384795.341331 6672614.100438, 384795.655215 6672613.488767)

LINESTRING (384795.655215 6672613.488767, 384795.341331 6672614.100438)

LINESTRING (384791.480969 6672613.341465, 384795.341331 6672614.100438)

LINESTRING (384791.480969 6672613.341465, 384790.363245 6672613.109161)

LINESTRING (384791.480969 6672613.341465, 384791.637096 6672612.656746)

LINESTRING (384791.637096 6672612.656746, 384791.480969 6672613.341465)

LINESTRING (384790.363245 6672613.109161, 384791.480969 6672613.341465)

LINESTRING (384790.363245 6672613.109161, 384789.614748 6672612.965541)

LINESTRING (384790.363245 6672613.109161, 384790.558548 6672612.434353)

LINESTRING (384790.558548 6672612.434353, 384790.363245 6672613.109161)

LINESTRING (384789.614748 6672612.965541, 384790.363245 6672613.109161)

LINESTRING (384789.614748 6672612.965541, 384789.804154 6672612.279775)

LINESTRING (384789.614748 6672612.965541, 384789.447299 6672612.937375, 384782.145014 6672611.484293)

LINESTRING (384789.804154 6672612.279775, 384789.614748 6672612.965541)

LINESTRING (384782.145014 6672611.484293, 384776.960294 6672610.454956)

LINESTRING (384782.145014 6672611.484293, 384782.354504 6672610.731028)

LINESTRING (384782.145014 6672611.484293, 384789.447299 6672612.937375, 384789.614748 6672612.965541)

LINESTRING (384782.354504 6672610.731028, 384782.145014 6672611.484293)

LINESTRING (384776.960294 6672610.454956, 384782.145014 6672611.484293)

LINESTRING (384776.960294 6672610.454956, 384767.948127 6672608.654499)

LINESTRING (384776.960294 6672610.454956, 384775.518154 6672617.911348)

LINESTRING (384776.960294 6672610.454956, 384777.107019 6672609.647944, 384780.084219 6672593.628945)

LINESTRING (384767.948127 6672608.654499, 384776.960294 6672610.454956)

LINESTRING (384767.948127 6672608.654499, 384761.500759 6672607.375158)

LINESTRING (384767.948127 6672608.654499, 384768.188092 6672607.811119)

LINESTRING (384780.084219 6672593.628945, 384777.107019 6672609.647944, 384776.960294 6672610.454956)

LINESTRING (384768.188092 6672607.811119, 384767.948127 6672608.654499)

LINESTRING (384761.500759 6672607.375158, 384767.948127 6672608.654499)

LINESTRING (384761.500759 6672607.375158, 384754.332618 6672605.951342)

LINESTRING (384761.500759 6672607.375158, 384761.828417 6672606.495585)

LINESTRING (384761.828417 6672606.495585, 384761.500759 6672607.375158)

LINESTRING (384754.332618 6672605.951342, 384761.500759 6672607.375158)

LINESTRING (384754.332618 6672605.951342, 384749.080972 6672604.913006)

LINESTRING (384754.332618 6672605.951342, 384754.541344 6672604.997500)

LINESTRING (384754.541344 6672604.997500, 384754.332618 6672605.951342)

LINESTRING (384782.240248 6672578.861666, 384783.633554 6672571.440247, 384770.911108 6672569.243860, 384765.639039 6672568.440173, 384753.706416 6672566.642481, 384752.411882 6672566.438039)

LINESTRING (384749.360751 6672603.923495, 384749.080972 6672604.913006)

LINESTRING (384874.892322 6672626.844446, 384886.236933 6672624.604451)

LINESTRING (384874.892322 6672626.844446, 384874.689528 6672625.691805)

LINESTRING (384874.892322 6672626.844446, 384865.098609 6672628.790544, 384850.798823 6672625.685060)

LINESTRING (384874.689528 6672625.691805, 384874.892322 6672626.844446)

LINESTRING (384886.236933 6672624.604451, 384898.734493 6672622.127657)

LINESTRING (384886.236933 6672624.604451, 384874.892322 6672626.844446)

LINESTRING (384886.236933 6672624.604451, 384887.667840 6672631.268391)

LINESTRING (384886.236933 6672624.604451, 384885.872189 6672623.245157, 384882.993195 6672608.134717, 384881.964692 6672602.438835, 384886.250208 6672601.356862)

LINESTRING (384898.734493 6672622.127657, 384910.784894 6672619.731825)

LINESTRING (384898.734493 6672622.127657, 384886.236933 6672624.604451)

LINESTRING (384898.734493 6672622.127657, 384898.269915 6672620.771500)

LINESTRING (384886.250208 6672601.356862, 384881.964692 6672602.438835, 384882.993195 6672608.134717, 384885.872189 6672623.245157, 384886.236933 6672624.604451)

LINESTRING (384898.269915 6672620.771500, 384898.734493 6672622.127657)

LINESTRING (384910.784894 6672619.731825, 384922.206847 6672617.478368)

LINESTRING (384910.784894 6672619.731825, 384898.734493 6672622.127657)

LINESTRING (384910.784894 6672619.731825, 384910.372689 6672618.452031)

LINESTRING (384910.372689 6672618.452031, 384910.784894 6672619.731825)

LINESTRING (384922.206847 6672617.478368, 384935.090613 6672614.922699)

LINESTRING (384922.206847 6672617.478368, 384910.784894 6672619.731825)

LINESTRING (384922.206847 6672617.478368, 384922.111501 6672616.210905)

LINESTRING (384922.111501 6672616.210905, 384922.206847 6672617.478368)

LINESTRING (384935.090613 6672614.922699, 384946.385371 6672612.684459)

LINESTRING (384935.090613 6672614.922699, 384922.206847 6672617.478368)

LINESTRING (384935.090613 6672614.922699, 384934.760965 6672613.796330)

LINESTRING (384934.760965 6672613.796330, 384935.090613 6672614.922699)

LINESTRING (384946.385371 6672612.684459, 384956.377790 6672610.698907)

LINESTRING (384946.385371 6672612.684459, 384935.090613 6672614.922699)

LINESTRING (384946.385371 6672612.684459, 384946.124734 6672611.633932)

LINESTRING (384946.124734 6672611.633932, 384946.385371 6672612.684459)

LINESTRING (384956.158080 6672609.713959, 384956.377790 6672610.698907)

LINESTRING (384971.239648 6672606.777340, 384971.524514 6672607.715664)

LINESTRING (384986.247319 6672604.846098, 384971.524514 6672607.715664)

LINESTRING (384986.247319 6672604.846098, 384986.030367 6672603.771907)

LINESTRING (384986.247319 6672604.846098, 384993.625020 6672603.399681, 384996.163064 6672615.623360, 385003.962240 6672613.985418)

LINESTRING (384986.030367 6672603.771907, 384986.247319 6672604.846098)

LINESTRING (385003.962240 6672613.985418, 385012.302191 6672612.241360)

LINESTRING (385003.962240 6672613.985418, 385003.745736 6672613.278977)

LINESTRING (385003.962240 6672613.985418, 384996.163064 6672615.623360, 384993.625020 6672603.399681, 384986.247319 6672604.846098)

LINESTRING (385003.745736 6672613.278977, 385003.962240 6672613.985418)

LINESTRING (385012.302191 6672612.241360, 385021.998922 6672610.209549)

LINESTRING (385012.302191 6672612.241360, 385003.962240 6672613.985418)

LINESTRING (385012.302191 6672612.241360, 385012.177185 6672611.442890)

LINESTRING (385012.177185 6672611.442890, 385012.302191 6672612.241360)

LINESTRING (385021.998922 6672610.209549, 385033.780744 6672607.744548)

LINESTRING (385021.998922 6672610.209549, 385012.302191 6672612.241360)

LINESTRING (385021.998922 6672610.209549, 385023.069784 6672615.670100)

LINESTRING (385021.998922 6672610.209549, 385021.827448 6672609.345672, 385018.603401 6672592.953237, 385018.298274 6672591.369173, 385006.100760 6672593.858419)

LINESTRING (385006.100760 6672593.858419, 385006.586717 6672596.250342)

LINESTRING (385006.100760 6672593.858419, 385004.511374 6672594.164643)

LINESTRING (385006.100760 6672593.858419, 385018.298274 6672591.369173, 385018.603401 6672592.953237, 385021.827448 6672609.345672, 385021.998922 6672610.209549)

LINESTRING (385006.100760 6672593.858419, 385005.257210 6672589.449449, 385003.592616 6672589.836046)

LINESTRING (385006.586717 6672596.250342, 385006.100760 6672593.858419)

LINESTRING (385004.511374 6672594.164643, 385006.100760 6672593.858419)

LINESTRING (385003.592616 6672589.836046, 385005.257210 6672589.449449, 385006.100760 6672593.858419)

LINESTRING (385044.827072 6672590.514108, 385046.631130 6672591.917394)

LINESTRING (385054.371043 6672581.666835, 385060.901525 6672573.036749)

LINESTRING (385054.371043 6672581.666835, 385046.631130 6672591.917394)

LINESTRING (385054.371043 6672581.666835, 385052.863357 6672580.153944)

LINESTRING (385052.863357 6672580.153944, 385054.371043 6672581.666835)

LINESTRING (385063.897503 6672569.075636, 385066.930568 6672565.057640)

LINESTRING (385063.897503 6672569.075636, 385060.901525 6672573.036749)

LINESTRING (385063.897503 6672569.075636, 385062.362172 6672567.920228)

LINESTRING (385062.362172 6672567.920228, 385063.897503 6672569.075636)

LINESTRING (385065.558841 6672563.807942, 385066.930568 6672565.057640)

LINESTRING (385066.930568 6672565.057640, 385070.134495 6672560.822543)

LINESTRING (385066.930568 6672565.057640, 385063.897503 6672569.075636)

LINESTRING (385066.930568 6672565.057640, 385065.558841 6672563.807942)

LINESTRING (385060.433502 6672556.000575, 385061.837466 6672554.385160)

LINESTRING (385033.005047 6672565.877254, 385037.935044 6672568.698044, 385042.424043 6672561.714505, 385050.805457 6672549.081203, 385051.777827 6672547.512763)

LINESTRING (384864.069253 6672575.207291, 384864.153426 6672573.822742)

LINESTRING (384885.478694 6672572.394586, 384895.050404 6672570.622692)

LINESTRING (384885.478694 6672572.394586, 384884.756446 6672566.020415)

LINESTRING (384885.478694 6672572.394586, 384883.325298 6672572.774313, 384875.937823 6672574.087525, 384869.841650 6672574.089701, 384864.153426 6672573.822742)

LINESTRING (384885.478694 6672572.394586, 384885.670498 6672573.904193, 384888.201773 6672590.140001)

LINESTRING (384895.050404 6672570.622692, 384885.478694 6672572.394586)

LINESTRING (384895.050404 6672570.622692, 384915.640827 6672567.011222)

LINESTRING (384895.050404 6672570.622692, 384895.175294 6672572.123258)

LINESTRING (384888.201773 6672590.140001, 384885.670498 6672573.904193, 384885.478694 6672572.394586)

LINESTRING (384895.175294 6672572.123258, 384895.050404 6672570.622692)

LINESTRING (384915.640827 6672567.011222, 384895.050404 6672570.622692)

LINESTRING (384915.640827 6672567.011222, 384929.952711 6672564.488678)

LINESTRING (384915.640827 6672567.011222, 384915.922415 6672568.551441)

LINESTRING (384915.922415 6672568.551441, 384915.640827 6672567.011222)

LINESTRING (384929.952711 6672564.488678, 384915.640827 6672567.011222)

LINESTRING (384929.952711 6672564.488678, 384943.955747 6672562.031615)

LINESTRING (384929.952711 6672564.488678, 384928.678870 6672557.697201)

LINESTRING (384929.952711 6672564.488678, 384930.565343 6672565.962775, 384933.694609 6672581.622600)

LINESTRING (384943.955747 6672562.031615, 384929.952711 6672564.488678)

LINESTRING (384943.955747 6672562.031615, 384944.413417 6672563.521727)

LINESTRING (384943.955747 6672562.031615, 384979.758461 6672555.747207, 384984.568799 6672554.225384)

LINESTRING (384933.694609 6672581.622600, 384930.565343 6672565.962775, 384929.952711 6672564.488678)

LINESTRING (384944.413417 6672563.521727, 384943.955747 6672562.031615)

LINESTRING (385025.300330 6672542.760542, 385024.859422 6672541.626514)

LINESTRING (384999.408193 6672549.580265, 384989.055033 6672552.814045)

LINESTRING (384999.408193 6672549.580265, 385024.859422 6672541.626514)

LINESTRING (384999.408193 6672549.580265, 384999.885931 6672551.002887)

LINESTRING (384999.885931 6672551.002887, 384999.408193 6672549.580265)

LINESTRING (384989.662796 6672554.310593, 384989.055033 6672552.814045)

LINESTRING (384990.703266 6672570.470680, 384985.123194 6672555.790474, 384984.568799 6672554.225384)

LINESTRING (384975.676247 6672527.947633, 384972.560454 6672514.126177)

LINESTRING (384975.676247 6672527.947633, 384978.411969 6672540.098229)

LINESTRING (384975.676247 6672527.947633, 384977.463197 6672527.390017)

LINESTRING (384977.463197 6672527.390017, 384975.676247 6672527.947633)

LINESTRING (384972.560454 6672514.126177, 384971.199174 6672508.084107)

LINESTRING (384972.560454 6672514.126177, 384975.676247 6672527.947633)

LINESTRING (384972.560454 6672514.126177, 384974.344263 6672513.468359)

LINESTRING (384974.344263 6672513.468359, 384972.560454 6672514.126177)

LINESTRING (384971.199174 6672508.084107, 384967.482531 6672491.573445)

LINESTRING (384971.199174 6672508.084107, 384972.560454 6672514.126177)

LINESTRING (384971.199174 6672508.084107, 384964.763534 6672509.478684)

LINESTRING (384971.199174 6672508.084107, 384973.052042 6672507.680440, 384988.716758 6672504.558431)

LINESTRING (384958.687676 6672482.555281, 384964.763534 6672509.478684)

LINESTRING (384958.687676 6672482.555281, 384957.379133 6672476.779023)

LINESTRING (384958.687676 6672482.555281, 384965.115018 6672481.071801)

LINESTRING (384967.482531 6672491.573445, 384965.115018 6672481.071801)

LINESTRING (384967.482531 6672491.573445, 384971.199174 6672508.084107)

LINESTRING (384967.482531 6672491.573445, 384969.367242 6672490.945888)

LINESTRING (384988.716758 6672504.558431, 384973.052042 6672507.680440, 384971.199174 6672508.084107)

LINESTRING (384969.367242 6672490.945888, 384967.482531 6672491.573445)

LINESTRING (384965.115018 6672481.071801, 384963.849858 6672475.439056)

LINESTRING (384965.115018 6672481.071801, 384967.482531 6672491.573445)

LINESTRING (384965.115018 6672481.071801, 384958.687676 6672482.555281)

LINESTRING (384965.115018 6672481.071801, 384966.989737 6672480.656300, 384982.206580 6672477.236293)

LINESTRING (384957.379133 6672476.779023, 384958.687676 6672482.555281)

LINESTRING (384957.379133 6672476.779023, 384963.849858 6672475.439056)

LINESTRING (384957.379133 6672476.779023, 384953.728366 6672460.600633, 384951.972481 6672459.496774)

LINESTRING (384963.849858 6672475.439056, 384960.798200 6672461.894202)

LINESTRING (384963.849858 6672475.439056, 384965.115018 6672481.071801)

LINESTRING (384963.849858 6672475.439056, 384957.379133 6672476.779023)

LINESTRING (384963.849858 6672475.439056, 384965.714536 6672475.057303, 384980.927347 6672472.038615)

LINESTRING (384982.206580 6672477.236293, 384966.989737 6672480.656300, 384965.115018 6672481.071801)

LINESTRING (384960.798200 6672461.894202, 384963.849858 6672475.439056)

LINESTRING (384960.798200 6672461.894202, 384962.670481 6672461.400766)

LINESTRING (384960.798200 6672461.894202, 384958.991911 6672453.882416, 384957.395182 6672452.896143)

LINESTRING (384980.927347 6672472.038615, 384965.714536 6672475.057303, 384963.849858 6672475.439056)

LINESTRING (384962.670481 6672461.400766, 384960.798200 6672461.894202)

LINESTRING (384957.395182 6672452.896143, 384952.938899 6672450.138583)

LINESTRING (384957.395182 6672452.896143, 384951.972481 6672459.496774)

LINESTRING (384957.395182 6672452.896143, 384958.991911 6672453.882416, 384960.798200 6672461.894202)

LINESTRING (384957.395182 6672452.896143, 384958.860607 6672451.646523, 384971.868653 6672442.244466)

LINESTRING (384971.868653 6672442.244466, 384958.860607 6672451.646523, 384957.395182 6672452.896143)

LINESTRING (384953.945286 6672448.769647, 384952.938899 6672450.138583)

LINESTRING (384936.410384 6672433.194577, 384934.055020 6672431.920104)

LINESTRING (384941.861428 6672418.658244, 384934.055020 6672431.920104)

LINESTRING (384941.861428 6672418.658244, 384947.174656 6672409.631568)

LINESTRING (384941.861428 6672418.658244, 384944.402293 6672420.004906)

LINESTRING (384944.402293 6672420.004906, 384941.861428 6672418.658244)

LINESTRING (384947.174656 6672409.631568, 384941.861428 6672418.658244)

LINESTRING (384947.174656 6672409.631568, 384949.665000 6672411.314151)

LINESTRING (384947.174656 6672409.631568, 384951.865900 6672401.660863, 384951.316679 6672398.847446)

LINESTRING (384949.665000 6672411.314151, 384947.174656 6672409.631568)

LINESTRING (384969.707767 6672408.444611, 384956.147524 6672400.623682, 384951.316679 6672398.847446)

LINESTRING (384963.967095 6672377.699299, 384964.623096 6672376.664559)

LINESTRING (384975.724382 6672383.269997, 384964.623096 6672376.664559)

LINESTRING (384975.724382 6672383.269997, 384979.571819 6672385.556355)

LINESTRING (384975.724382 6672383.269997, 384973.435238 6672387.286991)

LINESTRING (384973.435238 6672387.286991, 384975.724382 6672383.269997)

LINESTRING (384979.571819 6672385.556355, 384975.724382 6672383.269997)

LINESTRING (384979.571819 6672385.556355, 384983.968142 6672388.170956)

LINESTRING (384979.571819 6672385.556355, 384978.124682 6672387.919828, 384978.920926 6672388.875527)

LINESTRING (384978.920926 6672388.875527, 384978.124682 6672387.919828, 384979.571819 6672385.556355)

LINESTRING (384983.968142 6672388.170956, 384979.571819 6672385.556355)

LINESTRING (384983.968142 6672388.170956, 385001.452126 6672398.588014)

LINESTRING (384983.968142 6672388.170956, 384983.402287 6672389.247440)

LINESTRING (384983.402287 6672389.247440, 384983.968142 6672388.170956)

LINESTRING (385001.452126 6672398.588014, 384983.968142 6672388.170956)

LINESTRING (385001.452126 6672398.588014, 385007.959009 6672402.462555)

LINESTRING (385001.452126 6672398.588014, 385005.345854 6672392.269499)

LINESTRING (385001.452126 6672398.588014, 385000.845341 6672399.598913, 384993.825804 6672412.111546)

LINESTRING (384992.963657 6672413.654250, 384993.599872 6672412.519837)

LINESTRING (384993.599872 6672412.519837, 384993.825804 6672412.111546)

LINESTRING (384993.599872 6672412.519837, 384993.825804 6672412.111546)

LINESTRING (384993.599872 6672412.519837, 384992.963657 6672413.654250)

LINESTRING (385007.959009 6672402.462555, 385001.452126 6672398.588014)

LINESTRING (385007.959009 6672402.462555, 385007.227396 6672403.388218)

LINESTRING (385007.959009 6672402.462555, 385024.129764 6672412.085119, 385026.148718 6672414.317479)

LINESTRING (384993.825804 6672412.111546, 384993.599872 6672412.519837)

LINESTRING (384993.825804 6672412.111546, 384993.599872 6672412.519837)

LINESTRING (384993.825804 6672412.111546, 385000.845341 6672399.598913, 385001.452126 6672398.588014)

LINESTRING (385007.227396 6672403.388218, 385007.959009 6672402.462555)

LINESTRING (385026.148718 6672414.317479, 385029.473993 6672418.013322)

LINESTRING (385026.148718 6672414.317479, 385024.779210 6672415.263162)

LINESTRING (385026.148718 6672414.317479, 385024.129764 6672412.085119, 385007.959009 6672402.462555)

LINESTRING (385024.779210 6672415.263162, 385026.148718 6672414.317479)

LINESTRING (385029.473993 6672418.013322, 385026.148718 6672414.317479)

LINESTRING (385029.473993 6672418.013322, 385035.393160 6672424.569859)

LINESTRING (385029.473993 6672418.013322, 385027.912047 6672418.842457)

LINESTRING (385027.912047 6672418.842457, 385029.473993 6672418.013322)

LINESTRING (385035.393160 6672424.569859, 385029.473993 6672418.013322)

LINESTRING (385035.393160 6672424.569859, 385038.568607 6672428.092104)

LINESTRING (385035.393160 6672424.569859, 385034.102099 6672425.891985)

LINESTRING (385034.102099 6672425.891985, 385035.393160 6672424.569859)

LINESTRING (385037.055976 6672429.254017, 385038.568607 6672428.092104)

LINESTRING (385045.887040 6672436.421267, 385042.644651 6672432.711664)

LINESTRING (385045.887040 6672436.421267, 385060.226988 6672452.821486)

LINESTRING (385045.887040 6672436.421267, 385044.390701 6672437.571522)

LINESTRING (385029.721627 6672444.651704, 385041.126824 6672433.884883, 385042.644651 6672432.711664)

LINESTRING (385044.390701 6672437.571522, 385045.887040 6672436.421267)

LINESTRING (385048.429504 6672462.764734, 385054.313454 6672457.587398, 385054.741870 6672457.261911)

LINESTRING (385054.741870 6672457.261911, 385054.096123 6672456.323763)

LINESTRING (385054.741870 6672457.261911, 385058.960169 6672454.031398, 385060.226988 6672452.821486)

LINESTRING (385054.741870 6672457.261911, 385054.313454 6672457.587398, 385048.429504 6672462.764734)

LINESTRING (385054.096123 6672456.323763, 385054.741870 6672457.261911)

LINESTRING (385074.417132 6672478.253381, 385075.509451 6672479.444985)

LINESTRING (385070.393718 6672484.509025, 385075.509451 6672479.444985)

LINESTRING (385070.393718 6672484.509025, 385065.697721 6672489.147561)

LINESTRING (385070.393718 6672484.509025, 385069.200858 6672483.298290)

LINESTRING (385069.200858 6672483.298290, 385070.393718 6672484.509025)

LINESTRING (385065.697721 6672489.147561, 385070.393718 6672484.509025)

LINESTRING (385065.697721 6672489.147561, 385062.514959 6672492.289849)

LINESTRING (385065.697721 6672489.147561, 385064.496520 6672487.847934)

LINESTRING (385064.496520 6672487.847934, 385065.697721 6672489.147561)

LINESTRING (385062.514959 6672492.289849, 385065.697721 6672489.147561)

LINESTRING (385062.514959 6672492.289849, 385056.768810 6672497.964344)

LINESTRING (385062.514959 6672492.289849, 385061.295369 6672490.935078)

LINESTRING (385061.295369 6672490.935078, 385062.514959 6672492.289849)

LINESTRING (385056.768810 6672497.964344, 385062.514959 6672492.289849)

LINESTRING (385056.768810 6672497.964344, 385048.077010 6672506.550822)

LINESTRING (385056.768810 6672497.964344, 385060.878433 6672502.772321)

LINESTRING (385056.768810 6672497.964344, 385055.351633 6672496.682642, 385045.398736 6672486.140414)

LINESTRING (385048.077010 6672506.550822, 385056.768810 6672497.964344)

LINESTRING (385048.077010 6672506.550822, 385042.250151 6672512.305886)

LINESTRING (385048.077010 6672506.550822, 385046.912449 6672504.826565)

LINESTRING (385045.398736 6672486.140414, 385055.351633 6672496.682642, 385056.768810 6672497.964344)

LINESTRING (385046.912449 6672504.826565, 385048.077010 6672506.550822)

LINESTRING (385042.250151 6672512.305886, 385048.077010 6672506.550822)

LINESTRING (385042.250151 6672512.305886, 385037.796490 6672516.702823)

LINESTRING (385042.250151 6672512.305886, 385040.510563 6672511.012021)

LINESTRING (385040.510563 6672511.012021, 385042.250151 6672512.305886)

LINESTRING (385036.412504 6672515.063467, 385037.796490 6672516.702823)

LINESTRING (385032.861394 6672518.674263, 385034.591984 6672520.035274)

LINESTRING (385025.079989 6672524.245535, 385025.514090 6672525.870128)

LINESTRING (385011.988745 6672530.284426, 385025.514090 6672525.870128)

LINESTRING (385011.988745 6672530.284426, 385006.558578 6672532.048559)

LINESTRING (385011.988745 6672530.284426, 385013.387003 6672537.506649)

LINESTRING (385011.988745 6672530.284426, 385011.337921 6672528.477184, 385007.238605 6672514.095932)

LINESTRING (385006.558578 6672532.048559, 385011.988745 6672530.284426)

LINESTRING (385006.558578 6672532.048559, 384998.248858 6672534.761233)

LINESTRING (385006.558578 6672532.048559, 385005.932339 6672530.140247)

LINESTRING (385007.238605 6672514.095932, 385011.337921 6672528.477184, 385011.988745 6672530.284426)

LINESTRING (385005.932339 6672530.140247, 385006.558578 6672532.048559)

LINESTRING (384998.248858 6672534.761233, 385006.558578 6672532.048559)

LINESTRING (384998.248858 6672534.761233, 384988.850691 6672537.820149)

LINESTRING (384998.248858 6672534.761233, 384997.414240 6672532.759166)

LINESTRING (384997.414240 6672532.759166, 384998.248858 6672534.761233)

LINESTRING (384988.142547 6672535.602369, 384988.850691 6672537.820149)

LINESTRING (385072.319047 6672442.178086, 385071.195610 6672442.826277)

LINESTRING (385059.834821 6672429.709262, 385071.195610 6672442.826277)

LINESTRING (385059.834821 6672429.709262, 385051.285656 6672419.847343)

LINESTRING (385059.834821 6672429.709262, 385060.623700 6672429.015844)

LINESTRING (385060.623700 6672429.015844, 385059.834821 6672429.709262)

LINESTRING (385051.829076 6672419.117050, 385051.285656 6672419.847343)

LINESTRING (385056.097611 6672409.878153, 385054.890572 6672408.924186)

LINESTRING (385058.922917 6672403.481785, 385054.890572 6672408.924186)

LINESTRING (385058.922917 6672403.481785, 385064.154069 6672396.430417)

LINESTRING (385058.922917 6672403.481785, 385060.188527 6672404.355905)

LINESTRING (385060.188527 6672404.355905, 385058.922917 6672403.481785)

LINESTRING (385064.154069 6672396.430417, 385058.922917 6672403.481785)

LINESTRING (385064.154069 6672396.430417, 385065.458913 6672394.662097)

LINESTRING (385064.154069 6672396.430417, 385065.424878 6672397.293232)

LINESTRING (385065.424878 6672397.293232, 385064.154069 6672396.430417)

LINESTRING (385065.458913 6672394.662097, 385064.154069 6672396.430417)

LINESTRING (385065.458913 6672394.662097, 385081.615533 6672372.869433)

LINESTRING (385065.458913 6672394.662097, 385059.084681 6672391.474242)

LINESTRING (385065.458913 6672394.662097, 385066.751210 6672395.501949, 385079.137581 6672404.318523)

LINESTRING (385081.615533 6672372.869433, 385065.458913 6672394.662097)

LINESTRING (385081.615533 6672372.869433, 385087.928099 6672364.357697)

LINESTRING (385081.615533 6672372.869433, 385083.083547 6672373.469747)

LINESTRING (385079.137581 6672404.318523, 385066.751210 6672395.501949, 385065.458913 6672394.662097)

LINESTRING (385083.083547 6672373.469747, 385081.615533 6672372.869433)

LINESTRING (385087.928099 6672364.357697, 385081.615533 6672372.869433)

LINESTRING (385087.928099 6672364.357697, 385092.152203 6672358.653002)

LINESTRING (385087.928099 6672364.357697, 385081.529037 6672360.379333)

LINESTRING (385092.152203 6672358.653002, 385087.928099 6672364.357697)

LINESTRING (385092.152203 6672358.653002, 385093.359247 6672359.606981)

LINESTRING (385093.359247 6672359.606981, 385092.152203 6672358.653002)

LINESTRING (385095.826968 6672457.911862, 385096.782627 6672458.818006)

LINESTRING (384988.033568 6672046.546758, 384982.112841 6672040.491818)

LINESTRING (384988.033568 6672046.546758, 384984.134641 6672051.650702)

LINESTRING (384988.033568 6672046.546758, 384991.284839 6672049.643109, 384996.126572 6672054.405760)

LINESTRING (384988.033568 6672046.546758, 384990.978966 6672042.553759, 384993.183819 6672040.088500, 384995.597471 6672037.906440)

LINESTRING (384982.112841 6672040.491818, 384988.033568 6672046.546758)

LINESTRING (384982.112841 6672040.491818, 384979.049074 6672037.177845)

LINESTRING (384982.112841 6672040.491818, 384978.857373 6672045.397254, 384977.628184 6672047.809598)

LINESTRING (384984.134641 6672051.650702, 384988.033568 6672046.546758)

LINESTRING (384996.126572 6672054.405760, 384995.472460 6672054.972369)

LINESTRING (384996.126572 6672054.405760, 385000.531265 6672058.513475, 385002.394251 6672060.193509)

LINESTRING (384996.126572 6672054.405760, 384991.284839 6672049.643109, 384988.033568 6672046.546758)

LINESTRING (384995.597471 6672037.906440, 384997.931410 6672035.838327)

LINESTRING (384995.597471 6672037.906440, 384998.013253 6672040.037179)

LINESTRING (384995.597471 6672037.906440, 384993.183819 6672040.088500, 384990.978966 6672042.553759, 384988.033568 6672046.546758)

LINESTRING (384979.049074 6672037.177845, 384982.112841 6672040.491818)

LINESTRING (384977.628184 6672047.809598, 384975.081798 6672052.837649)

LINESTRING (384977.628184 6672047.809598, 384978.158034 6672048.060425)

LINESTRING (384977.628184 6672047.809598, 384978.857373 6672045.397254, 384982.112841 6672040.491818)

LINESTRING (385005.346032 6672056.757538, 385011.533491 6672049.553507)

LINESTRING (385005.346032 6672056.757538, 385002.394251 6672060.193509)

LINESTRING (385005.346032 6672056.757538, 385003.398436 6672055.035582)

LINESTRING (385000.027141 6672037.856528, 384997.931410 6672035.838327)

LINESTRING (384997.931410 6672035.838327, 384995.597471 6672037.906440)

LINESTRING (384997.931410 6672035.838327, 385000.027141 6672037.856528)

LINESTRING (384998.013253 6672040.037179, 384995.597471 6672037.906440)

LINESTRING (384995.472460 6672054.972369, 384996.126572 6672054.405760)

LINESTRING (384978.158034 6672048.060425, 384977.628184 6672047.809598)

LINESTRING (384975.868927 6672053.147263, 384975.081798 6672052.837649)

LINESTRING (385018.701774 6672036.445628, 385020.994101 6672038.535679)

LINESTRING (385020.994101 6672038.535679, 385016.290478 6672044.010319)

LINESTRING (385020.994101 6672038.535679, 385018.701774 6672036.445628)

LINESTRING (385016.290478 6672044.010319, 385020.994101 6672038.535679)

LINESTRING (385016.290478 6672044.010319, 385011.533491 6672049.553507)

LINESTRING (385016.290478 6672044.010319, 385013.891745 6672042.068487)

LINESTRING (385013.891745 6672042.068487, 385016.290478 6672044.010319)

LINESTRING (385011.533491 6672049.553507, 385016.290478 6672044.010319)

LINESTRING (385011.533491 6672049.553507, 385005.346032 6672056.757538)

LINESTRING (385011.533491 6672049.553507, 385009.180187 6672047.643685, 385006.803294 6672045.690027)

LINESTRING (385006.803294 6672045.690027, 385009.180187 6672047.643685, 385011.533491 6672049.553507)

LINESTRING (385003.398436 6672055.035582, 385005.346032 6672056.757538)

LINESTRING (384961.219330 6672051.523302, 384959.322343 6672055.126782)

LINESTRING (384956.689440 6672047.497574, 384953.983067 6672051.850859)

LINESTRING (384941.129454 6672039.873184, 384940.737873 6672040.665589, 384939.245132 6672042.818760)

LINESTRING (384932.167776 6672038.483025, 384939.245132 6672042.818760)

LINESTRING (384251.663652 6672253.624133, 384233.867666 6672231.674742)

LINESTRING (384238.387836 6672228.344571, 384242.484482 6672225.317546)

LINESTRING (384238.387836 6672228.344571, 384233.867666 6672231.674742)

LINESTRING (384238.387836 6672228.344571, 384255.642356 6672251.258372)

LINESTRING (384255.642356 6672251.258372, 384238.387836 6672228.344571)

LINESTRING (384242.484482 6672225.317546, 384246.787705 6672222.150265)

LINESTRING (384242.484482 6672225.317546, 384238.387836 6672228.344571)

LINESTRING (384242.484482 6672225.317546, 384260.222212 6672248.060075)

LINESTRING (384260.222212 6672248.060075, 384242.484482 6672225.317546)

LINESTRING (384246.787705 6672222.150265, 384250.889912 6672219.123075)

LINESTRING (384246.787705 6672222.150265, 384242.484482 6672225.317546)

LINESTRING (384246.787705 6672222.150265, 384264.319095 6672245.568001)

LINESTRING (384264.319095 6672245.568001, 384246.787705 6672222.150265)

LINESTRING (384250.889912 6672219.123075, 384255.035799 6672216.072220)

LINESTRING (384250.889912 6672219.123075, 384246.787705 6672222.150265)

LINESTRING (384250.889912 6672219.123075, 384269.032964 6672242.744393)

LINESTRING (384269.032964 6672242.744393, 384250.889912 6672219.123075)

LINESTRING (384255.035799 6672216.072220, 384260.196155 6672212.264926)

LINESTRING (384255.035799 6672216.072220, 384250.889912 6672219.123075)

LINESTRING (384255.035799 6672216.072220, 384273.455977 6672240.732380)

LINESTRING (384273.455977 6672240.732380, 384255.035799 6672216.072220)

LINESTRING (384260.196155 6672212.264926, 384263.234698 6672210.018038)

LINESTRING (384260.196155 6672212.264926, 384255.035799 6672216.072220)

LINESTRING (384260.196155 6672212.264926, 384277.458443 6672237.184582)

LINESTRING (384277.458443 6672237.184582, 384260.196155 6672212.264926)

LINESTRING (384263.234698 6672210.018038, 384267.201417 6672207.095448)

LINESTRING (384263.234698 6672210.018038, 384260.196155 6672212.264926)

LINESTRING (384263.234698 6672210.018038, 384281.556676 6672234.558752)

LINESTRING (384281.556676 6672234.558752, 384263.234698 6672210.018038)

LINESTRING (384267.201417 6672207.095448, 384271.374364 6672204.021469)

LINESTRING (384267.201417 6672207.095448, 384263.234698 6672210.018038)

LINESTRING (384267.201417 6672207.095448, 384285.828476 6672231.626543)

LINESTRING (384285.828476 6672231.626543, 384267.201417 6672207.095448)

LINESTRING (384271.374364 6672204.021469, 384275.645058 6672200.877541)

LINESTRING (384271.374364 6672204.021469, 384267.201417 6672207.095448)

LINESTRING (384271.374364 6672204.021469, 384290.355533 6672228.864588)

LINESTRING (384290.355533 6672228.864588, 384271.374364 6672204.021469)

LINESTRING (384275.645058 6672200.877541, 384279.763602 6672197.838724)

LINESTRING (384275.645058 6672200.877541, 384271.374364 6672204.021469)

LINESTRING (384275.645058 6672200.877541, 384294.886817 6672226.236238)

LINESTRING (384294.886817 6672226.236238, 384275.645058 6672200.877541)

LINESTRING (384279.763602 6672197.838724, 384283.892895 6672194.788429)

LINESTRING (384279.763602 6672197.838724, 384275.645058 6672200.877541)

LINESTRING (384279.763602 6672197.838724, 384298.586413 6672222.943209)

LINESTRING (384298.586413 6672222.943209, 384279.763602 6672197.838724)

LINESTRING (384283.892895 6672194.788429, 384288.065870 6672191.714469)

LINESTRING (384283.892895 6672194.788429, 384279.763602 6672197.838724)

LINESTRING (384283.892895 6672194.788429, 384302.676941 6672220.072469)

LINESTRING (384302.676941 6672220.072469, 384283.892895 6672194.788429)

LINESTRING (384288.065870 6672191.714469, 384291.956726 6672188.850026)

LINESTRING (384288.065870 6672191.714469, 384283.892895 6672194.788429)

LINESTRING (384288.065870 6672191.714469, 384306.946664 6672217.073486)

LINESTRING (384306.946664 6672217.073486, 384288.065870 6672191.714469)

LINESTRING (384310.970638 6672214.204858, 384291.956726 6672188.850026)

LINESTRING (384988.329137 6672837.842864, 384978.947096 6672836.086965, 384976.134591 6672853.125890)

LINESTRING (384977.717943 6672864.120230, 384979.246520 6672853.574222)

LINESTRING (384977.717943 6672864.120230, 384970.931584 6672863.519851)

LINESTRING (384977.717943 6672864.120230, 384976.595564 6672871.867388, 384969.592021 6672870.538305)

LINESTRING (384946.215944 6672874.136762, 384946.570746 6672872.353659)

LINESTRING (384946.742026 6672938.590447, 384947.760992 6672933.209132)

LINESTRING (384946.742026 6672938.590447, 384994.348089 6672947.648763, 385001.219769 6672949.026605)

LINESTRING (384947.760992 6672933.209132, 384974.520831 6672938.196991)

LINESTRING (384947.760992 6672933.209132, 384944.957608 6672932.684269)

LINESTRING (384947.760992 6672933.209132, 384946.742026 6672938.590447)

LINESTRING (384947.760992 6672933.209132, 384948.175294 6672931.022962, 384951.137033 6672915.383507, 384953.476642 6672907.330632, 384972.591190 6672910.875880)

LINESTRING (384974.520831 6672938.196991, 384977.938473 6672938.836315)

LINESTRING (384974.520831 6672938.196991, 384947.760992 6672933.209132)

LINESTRING (384974.520831 6672938.196991, 384975.032580 6672936.108064)

LINESTRING (384944.957608 6672932.684269, 384947.760992 6672933.209132)

LINESTRING (384944.957608 6672932.684269, 384940.720128 6672931.925859)

LINESTRING (384944.957608 6672932.684269, 384943.898424 6672938.022271)

LINESTRING (384944.957608 6672932.684269, 384945.366012 6672930.487140, 384948.327740 6672914.847683, 384948.758533 6672912.126065, 384920.413807 6672906.530672)

LINESTRING (384972.591190 6672910.875880, 384953.476642 6672907.330632, 384951.137033 6672915.383507, 384948.175294 6672931.022962, 384947.760992 6672933.209132)

LINESTRING (384923.428353 6672926.317512, 384922.983237 6672928.582664)

LINESTRING (384922.983237 6672928.582664, 384940.720128 6672931.925859)

LINESTRING (384922.983237 6672928.582664, 384919.989878 6672928.019213)

LINESTRING (384922.983237 6672928.582664, 384923.428353 6672926.317512)

LINESTRING (384917.636794 6672925.217911, 384917.225657 6672927.504285)

LINESTRING (384941.166304 6672929.694109, 384940.720128 6672931.925859)

LINESTRING (384940.720128 6672931.925859, 384944.957608 6672932.684269)

LINESTRING (384940.720128 6672931.925859, 384922.983237 6672928.582664)

LINESTRING (384940.720128 6672931.925859, 384941.166304 6672929.694109)

LINESTRING (384920.474165 6672925.763973, 384919.989878 6672928.019213)

LINESTRING (384919.989878 6672928.019213, 384922.983237 6672928.582664)

LINESTRING (384919.989878 6672928.019213, 384917.225657 6672927.504285)

LINESTRING (384919.989878 6672928.019213, 384920.474165 6672925.763973)

LINESTRING (385018.533173 6672896.984821, 385017.558413 6672902.186413)

LINESTRING (385018.533173 6672896.984821, 385019.163938 6672893.911459)

LINESTRING (385018.533173 6672896.984821, 385025.460047 6672898.349834)

LINESTRING (385017.558413 6672902.186413, 385014.314253 6672919.272293)

LINESTRING (385017.558413 6672902.186413, 385018.533173 6672896.984821)

LINESTRING (385017.558413 6672902.186413, 385010.320958 6672900.831167)

LINESTRING (385019.163938 6672893.911459, 385018.533173 6672896.984821)

LINESTRING (385019.163938 6672893.911459, 385021.678831 6672880.827022)

LINESTRING (385019.163938 6672893.911459, 385026.107806 6672895.287085)

LINESTRING (385046.520681 6672932.057879, 385051.954111 6672904.594778, 385043.089191 6672901.797209, 385027.353477 6672898.713873, 385025.460047 6672898.349834)

LINESTRING (385059.803235 6672894.485647, 385052.015969 6672892.946977, 385050.592072 6672900.112920, 385043.558787 6672898.717767, 385029.615962 6672895.979338, 385026.107806 6672895.287085)

LINESTRING (385021.678831 6672880.827022, 385019.163938 6672893.911459)

LINESTRING (385021.678831 6672880.827022, 385025.185864 6672862.562742)

LINESTRING (385021.678831 6672880.827022, 385014.313027 6672879.275198)

LINESTRING (385009.652777 6672859.573413, 385009.515170 6672859.611167)

LINESTRING (385009.515170 6672859.611167, 385009.652777 6672859.573413)

LINESTRING (385009.515170 6672859.611167, 385000.691315 6672857.949130, 384997.926707 6672857.423008, 385001.055587 6672840.909098)

LINESTRING (385009.515170 6672859.611167, 385016.049339 6672860.843620, 385017.680020 6672861.149038)

LINESTRING (385001.055587 6672840.909098, 384997.926707 6672857.423008, 385000.691315 6672857.949130, 385009.515170 6672859.611167)

LINESTRING (385017.680020 6672861.149038, 385019.760049 6672849.950509)

LINESTRING (385017.680020 6672861.149038, 385016.934411 6672865.162132)

LINESTRING (385017.680020 6672861.149038, 385025.185864 6672862.562742)

LINESTRING (385017.680020 6672861.149038, 385016.049339 6672860.843620, 385009.515170 6672859.611167)

LINESTRING (385016.934411 6672865.162132, 385017.680020 6672861.149038)

LINESTRING (385016.934411 6672865.162132, 385015.732576 6672871.619023)

LINESTRING (385016.934411 6672865.162132, 385015.282246 6672864.879677)

LINESTRING (385025.185864 6672862.562742, 385021.678831 6672880.827022)

LINESTRING (385025.185864 6672862.562742, 385017.680020 6672861.149038)

LINESTRING (385025.185864 6672862.562742, 385029.454856 6672840.273718, 385029.990704 6672837.359361)

LINESTRING (385102.049855 6672949.650632, 385100.788670 6672949.088408)

LINESTRING (385101.192270 6672948.150763, 385100.788670 6672949.088408)

LINESTRING (385101.192270 6672948.150763, 385102.438913 6672948.780310)

LINESTRING (385102.438913 6672948.780310, 385101.192270 6672948.150763)

LINESTRING (384599.864395 6672471.755313, 384599.400393 6672473.240995)

LINESTRING (384618.868014 6672474.689377, 384618.420710 6672476.352840)

LINESTRING (384633.123917 6672476.903818, 384632.837464 6672478.562213)

LINESTRING (384656.140087 6672459.685189, 384658.336119 6672460.128674)

LINESTRING (384658.692303 6672458.568385, 384663.170405 6672438.913516)

LINESTRING (384658.692303 6672458.568385, 384658.336119 6672460.128674)

LINESTRING (384658.692303 6672458.568385, 384656.496621 6672458.136033)

LINESTRING (384656.496621 6672458.136033, 384658.692303 6672458.568385)

LINESTRING (384688.718332 6672745.973207, 384691.690545 6672747.974771)

LINESTRING (384665.847743 6672752.421625, 384658.373958 6672752.567850)

LINESTRING (384665.847743 6672752.421625, 384665.893645 6672750.882251)

LINESTRING (384665.847743 6672752.421625, 384674.863772 6672752.237993, 384687.938304 6672749.764577, 384691.690545 6672747.974771)

LINESTRING (384665.893645 6672750.882251, 384665.847743 6672752.421625)

LINESTRING (384658.373958 6672752.567850, 384665.847743 6672752.421625)

LINESTRING (384658.373958 6672752.567850, 384658.323880 6672751.154087)

LINESTRING (384658.373958 6672752.567850, 384654.445716 6672752.646995, 384649.943261 6672752.298454)

LINESTRING (384658.323880 6672751.154087, 384658.373958 6672752.567850)

LINESTRING (384649.943261 6672752.298454, 384642.262949 6672751.704541)

LINESTRING (384649.943261 6672752.298454, 384649.984377 6672750.959830)

LINESTRING (384649.943261 6672752.298454, 384654.445716 6672752.646995, 384658.373958 6672752.567850)

LINESTRING (384649.984377 6672750.959830, 384649.943261 6672752.298454)

LINESTRING (384642.262949 6672751.704541, 384649.943261 6672752.298454)

LINESTRING (384642.262949 6672751.704541, 384642.262846 6672750.467515)

LINESTRING (384642.262949 6672751.704541, 384639.285462 6672751.475144, 384634.282231 6672750.562887)

LINESTRING (384642.262846 6672750.467515, 384642.262949 6672751.704541)

LINESTRING (384634.282231 6672750.562887, 384630.513167 6672749.879223)

LINESTRING (384634.282231 6672750.562887, 384634.439529 6672749.387769)

LINESTRING (384634.282231 6672750.562887, 384639.285462 6672751.475144, 384642.262949 6672751.704541)

LINESTRING (384634.439529 6672749.387769, 384634.282231 6672750.562887)

LINESTRING (384626.721916 6672749.196262, 384630.513167 6672749.879223)

LINESTRING (384626.721916 6672749.196262, 384622.304907 6672748.388142)

LINESTRING (384626.721916 6672749.196262, 384626.890304 6672748.020794)

LINESTRING (384626.890304 6672748.020794, 384626.721916 6672749.196262)

LINESTRING (384622.304907 6672748.388142, 384626.721916 6672749.196262)

LINESTRING (384622.304907 6672748.388142, 384618.596849 6672747.702568)

LINESTRING (384622.304907 6672748.388142, 384622.418181 6672747.225554)

LINESTRING (384622.418181 6672747.225554, 384622.304907 6672748.388142)

LINESTRING (384618.596849 6672747.702568, 384622.304907 6672748.388142)

LINESTRING (384618.596849 6672747.702568, 384618.635476 6672747.166419)

LINESTRING (384618.596849 6672747.702568, 384616.442261 6672747.335819, 384610.852788 6672746.319475)

LINESTRING (384616.578070 6672746.183665, 384618.635476 6672747.166419)

LINESTRING (384610.852788 6672746.319475, 384601.432874 6672744.610295)

LINESTRING (384610.852788 6672746.319475, 384609.599434 6672753.235070)

LINESTRING (384610.852788 6672746.319475, 384616.442261 6672747.335819, 384618.596849 6672747.702568)

LINESTRING (384610.852788 6672746.319475, 384611.050307 6672745.187666, 384614.222249 6672728.504837)

LINESTRING (384601.432874 6672744.610295, 384610.852788 6672746.319475)

LINESTRING (384601.432874 6672744.610295, 384591.287006 6672742.767994)

LINESTRING (384601.432874 6672744.610295, 384601.653277 6672743.500053)

LINESTRING (384614.222249 6672728.504837, 384611.050307 6672745.187666, 384610.852788 6672746.319475)

LINESTRING (384601.653277 6672743.500053, 384601.432874 6672744.610295)

LINESTRING (384591.287006 6672742.767994, 384601.432874 6672744.610295)

LINESTRING (384591.287006 6672742.767994, 384590.125285 6672742.548283)

LINESTRING (384591.287006 6672742.767994, 384591.457839 6672741.670458)

LINESTRING (384591.457839 6672741.670458, 384591.287006 6672742.767994)

LINESTRING (384584.501815 6672741.510761, 384590.125285 6672742.548283)

LINESTRING (384584.501815 6672741.510761, 384579.627174 6672740.627959)

LINESTRING (384584.501815 6672741.510761, 384584.646318 6672740.458632)

LINESTRING (384592.742024 6672724.634753, 384590.263191 6672741.462928, 384590.125285 6672742.548283)

LINESTRING (384584.646318 6672740.458632, 384584.501815 6672741.510761)

LINESTRING (384579.627174 6672740.627959, 384584.501815 6672741.510761)

LINESTRING (384579.627174 6672740.627959, 384576.209616 6672740.000138)

LINESTRING (384579.627174 6672740.627959, 384579.766480 6672739.587137)

LINESTRING (384579.766480 6672739.587137, 384579.627174 6672740.627959)

LINESTRING (384576.209616 6672740.000138, 384579.627174 6672740.627959)

LINESTRING (384576.209616 6672740.000138, 384573.065936 6672739.430555)

LINESTRING (384576.209616 6672740.000138, 384576.432820 6672738.978961)

LINESTRING (384576.432820 6672738.978961, 384576.209616 6672740.000138)

LINESTRING (384573.065936 6672739.430555, 384576.209616 6672740.000138)

LINESTRING (384573.065936 6672739.430555, 384566.968204 6672738.318853)

LINESTRING (384573.065936 6672739.430555, 384573.244768 6672738.410776)

LINESTRING (384573.244768 6672738.410776, 384573.065936 6672739.430555)

LINESTRING (384566.968204 6672738.318853, 384573.065936 6672739.430555)

LINESTRING (384566.968204 6672738.318853, 384566.376425 6672738.214917)

LINESTRING (384566.968204 6672738.318853, 384567.185858 6672737.297850)

LINESTRING (384567.185858 6672737.297850, 384566.968204 6672738.318853)

LINESTRING (384566.376425 6672738.214917, 384566.968204 6672738.318853)

LINESTRING (384566.376425 6672738.214917, 384561.440062 6672737.311795)

LINESTRING (384566.376425 6672738.214917, 384566.565645 6672737.172522)

LINESTRING (384566.565645 6672737.172522, 384566.376425 6672738.214917)

LINESTRING (384561.440062 6672737.311795, 384566.376425 6672738.214917)

LINESTRING (384561.440062 6672737.311795, 384556.889557 6672736.496816)

LINESTRING (384561.440062 6672737.311795, 384561.645569 6672736.257741)

LINESTRING (384561.645569 6672736.257741, 384561.440062 6672737.311795)

LINESTRING (384556.889557 6672736.496816, 384561.440062 6672737.311795)

LINESTRING (384556.889557 6672736.496816, 384552.198985 6672735.641680)

LINESTRING (384556.889557 6672736.496816, 384557.127288 6672735.408313)

LINESTRING (384557.127288 6672735.408313, 384556.889557 6672736.496816)

LINESTRING (384552.198985 6672735.641680, 384556.889557 6672736.496816)

LINESTRING (384552.198985 6672735.641680, 384549.127751 6672735.080978)

LINESTRING (384552.198985 6672735.641680, 384552.441560 6672734.530735)

LINESTRING (384552.441560 6672734.530735, 384552.198985 6672735.641680)

LINESTRING (384549.381067 6672733.958550, 384549.127751 6672735.080978)

LINESTRING (384547.792470 6672697.655524, 384546.795722 6672697.386047)

LINESTRING (384547.778176 6672692.975317, 384546.795722 6672697.386047)

LINESTRING (384547.778176 6672692.975317, 384548.633270 6672689.103535)

LINESTRING (384547.778176 6672692.975317, 384548.797111 6672693.244095)

LINESTRING (384548.797111 6672693.244095, 384547.778176 6672692.975317)

LINESTRING (384548.633270 6672689.103535, 384547.778176 6672692.975317)

LINESTRING (384548.633270 6672689.103535, 384550.198480 6672682.044352)

LINESTRING (384548.633270 6672689.103535, 384549.674743 6672689.382747)

LINESTRING (384549.674743 6672689.382747, 384548.633270 6672689.103535)

LINESTRING (384550.198480 6672682.044352, 384548.633270 6672689.103535)

LINESTRING (384550.198480 6672682.044352, 384551.841209 6672674.626105)

LINESTRING (384550.198480 6672682.044352, 384551.269091 6672682.367224)

LINESTRING (384551.269091 6672682.367224, 384550.198480 6672682.044352)

LINESTRING (384551.841209 6672674.626105, 384550.198480 6672682.044352)

LINESTRING (384551.841209 6672674.626105, 384553.391899 6672667.634248)

LINESTRING (384551.841209 6672674.626105, 384546.206812 6672673.421816)

LINESTRING (384551.841209 6672674.626105, 384552.956194 6672674.947578, 384569.605691 6672678.791386)

LINESTRING (384546.206812 6672673.421816, 384551.841209 6672674.626105)

LINESTRING (384546.206812 6672673.421816, 384538.861015 6672705.281271, 384534.065186 6672726.094236, 384532.828185 6672731.939482)

LINESTRING (384553.391899 6672667.634248, 384551.841209 6672674.626105)

LINESTRING (384553.391899 6672667.634248, 384554.105812 6672664.391006)

LINESTRING (384553.391899 6672667.634248, 384554.575130 6672667.830982)

LINESTRING (384569.605691 6672678.791386, 384552.956194 6672674.947578, 384551.841209 6672674.626105)

LINESTRING (384554.575130 6672667.830982, 384553.391899 6672667.634248)

LINESTRING (384554.105812 6672664.391006, 384553.391899 6672667.634248)

LINESTRING (384554.105812 6672664.391006, 384555.297047 6672664.665499)

LINESTRING (384554.105812 6672664.391006, 384554.757447 6672661.461771, 384555.189672 6672659.497873)

LINESTRING (384555.297047 6672664.665499, 384554.105812 6672664.391006)

LINESTRING (384555.189672 6672659.497873, 384556.293616 6672654.537240)

LINESTRING (384555.189672 6672659.497873, 384556.399303 6672659.827508)

LINESTRING (384555.189672 6672659.497873, 384554.757447 6672661.461771, 384554.105812 6672664.391006)

LINESTRING (384556.399303 6672659.827508, 384555.189672 6672659.497873)

LINESTRING (384556.293616 6672654.537240, 384555.189672 6672659.497873)

LINESTRING (384556.293616 6672654.537240, 384557.250752 6672650.027013)

LINESTRING (384556.293616 6672654.537240, 384557.545164 6672654.787544)

LINESTRING (384557.545164 6672654.787544, 384556.293616 6672654.537240)

LINESTRING (384557.250752 6672650.027013, 384556.293616 6672654.537240)

LINESTRING (384557.250752 6672650.027013, 384558.991178 6672642.360514)

LINESTRING (384557.250752 6672650.027013, 384558.559521 6672650.331236)

LINESTRING (384558.559521 6672650.331236, 384557.250752 6672650.027013)

LINESTRING (384558.991178 6672642.360514, 384557.250752 6672650.027013)

LINESTRING (384558.991178 6672642.360514, 384559.471855 6672640.172200)

LINESTRING (384558.991178 6672642.360514, 384553.664886 6672641.068488)

LINESTRING (384558.991178 6672642.360514, 384560.309991 6672642.630987, 384576.955479 6672646.519538)

LINESTRING (384559.471855 6672640.172200, 384558.991178 6672642.360514)

LINESTRING (384559.471855 6672640.172200, 384560.245320 6672636.704195)

LINESTRING (384559.471855 6672640.172200, 384560.783436 6672640.565491)

LINESTRING (384576.955479 6672646.519538, 384560.309991 6672642.630987, 384558.991178 6672642.360514)

LINESTRING (384560.783436 6672640.565491, 384559.471855 6672640.172200)

LINESTRING (384560.949908 6672633.516971, 384560.245320 6672636.704195)

LINESTRING (384560.949908 6672633.516971, 384561.708842 6672630.116290)

LINESTRING (384560.949908 6672633.516971, 384562.473313 6672633.937018)

LINESTRING (384562.473313 6672633.937018, 384560.949908 6672633.516971)

LINESTRING (384561.708842 6672630.116290, 384560.949908 6672633.516971)

LINESTRING (384561.708842 6672630.116290, 384562.953304 6672624.504855)

LINESTRING (384561.708842 6672630.116290, 384563.225298 6672630.491979)

LINESTRING (384563.225298 6672630.491979, 384561.708842 6672630.116290)

LINESTRING (384562.953304 6672624.504855, 384561.708842 6672630.116290)

LINESTRING (384562.953304 6672624.504855, 384564.027571 6672619.834916)

LINESTRING (384562.953304 6672624.504855, 384564.463514 6672624.858453)

LINESTRING (384564.463514 6672624.858453, 384562.953304 6672624.504855)

LINESTRING (384564.027571 6672619.834916, 384562.953304 6672624.504855)

LINESTRING (384564.027571 6672619.834916, 384565.269935 6672614.156682)

LINESTRING (384564.027571 6672619.834916, 384565.473328 6672620.257413)

LINESTRING (384565.473328 6672620.257413, 384564.027571 6672619.834916)

LINESTRING (384565.269935 6672614.156682, 384564.027571 6672619.834916)

LINESTRING (384565.269935 6672614.156682, 384565.989068 6672610.902135)

LINESTRING (384565.269935 6672614.156682, 384566.716397 6672614.601446)

LINESTRING (384566.716397 6672614.601446, 384565.269935 6672614.156682)

LINESTRING (384565.989068 6672610.902135, 384565.269935 6672614.156682)

LINESTRING (384565.989068 6672610.902135, 384567.450416 6672611.290708)

LINESTRING (384565.989068 6672610.902135, 384566.275261 6672609.589217, 384566.678431 6672607.759970)

LINESTRING (384567.450416 6672611.290708, 384565.989068 6672610.902135)

LINESTRING (384568.164706 6672608.058602, 384566.678431 6672607.759970)

LINESTRING (384581.875457 6672605.497908, 384583.440050 6672603.877238)

LINESTRING (384586.617223 6672606.563218, 384589.957048 6672610.358517)

LINESTRING (384586.617223 6672606.563218, 384584.414838 6672608.382296)

LINESTRING (384586.617223 6672606.563218, 384585.787988 6672605.619786, 384583.440050 6672603.877238)

LINESTRING (384584.414838 6672608.382296, 384586.617223 6672606.563218)

LINESTRING (384589.957048 6672610.358517, 384586.617223 6672606.563218)

LINESTRING (384589.957048 6672610.358517, 384591.915163 6672612.592563)

LINESTRING (384589.957048 6672610.358517, 384587.806688 6672612.242820)

LINESTRING (384587.806688 6672612.242820, 384589.957048 6672610.358517)

LINESTRING (384591.915163 6672612.592563, 384589.957048 6672610.358517)

LINESTRING (384591.915163 6672612.592563, 384595.410348 6672616.561281)

LINESTRING (384591.915163 6672612.592563, 384589.804682 6672614.509041)

LINESTRING (384589.804682 6672614.509041, 384591.915163 6672612.592563)

LINESTRING (384595.410348 6672616.561281, 384591.915163 6672612.592563)

LINESTRING (384595.410348 6672616.561281, 384597.328227 6672618.752019)

LINESTRING (384595.410348 6672616.561281, 384593.369234 6672618.564727)

LINESTRING (384593.369234 6672618.564727, 384595.410348 6672616.561281)

LINESTRING (384597.328227 6672618.752019, 384595.410348 6672616.561281)

LINESTRING (384597.328227 6672618.752019, 384601.514599 6672623.512506)

LINESTRING (384597.328227 6672618.752019, 384595.332889 6672620.798599)

LINESTRING (384595.332889 6672620.798599, 384597.328227 6672618.752019)

LINESTRING (384604.646999 6672627.069175, 384601.514599 6672623.512506)

LINESTRING (384604.646999 6672627.069175, 384606.771911 6672629.487428)

LINESTRING (384604.646999 6672627.069175, 384602.444619 6672628.888242)

LINESTRING (384602.444619 6672628.888242, 384604.646999 6672627.069175)

LINESTRING (384606.771911 6672629.487428, 384604.646999 6672627.069175)

LINESTRING (384606.771911 6672629.487428, 384609.969457 6672632.997471)

LINESTRING (384606.771911 6672629.487428, 384604.558438 6672631.306843)

LINESTRING (384604.558438 6672631.306843, 384606.771911 6672629.487428)

LINESTRING (384609.969457 6672632.997471, 384606.771911 6672629.487428)

LINESTRING (384609.969457 6672632.997471, 384617.177242 6672641.318147)

LINESTRING (384609.969457 6672632.997471, 384607.624621 6672634.876746, 384595.406316 6672645.681764)

LINESTRING (384595.406316 6672645.681764, 384607.624621 6672634.876746, 384609.969457 6672632.997471)

LINESTRING (384671.567497 6672708.388255, 384674.235986 6672706.209074)

LINESTRING (384675.076620 6672707.163310, 384674.235986 6672706.209074)

LINESTRING (384675.076620 6672707.163310, 384672.408832 6672709.364757)

LINESTRING (384675.076620 6672707.163310, 384683.685127 6672716.955636, 384685.936690 6672721.988878)

LINESTRING (384672.408832 6672709.364757, 384675.076620 6672707.163310)

LINESTRING (384685.936690 6672721.988878, 384682.511476 6672723.233459)

LINESTRING (384685.936690 6672721.988878, 384683.685127 6672716.955636, 384675.076620 6672707.163310)

LINESTRING (384685.936690 6672721.988878, 384688.021379 6672726.659609, 384690.949056 6672731.125489)

LINESTRING (384682.511476 6672723.233459, 384685.936690 6672721.988878)

LINESTRING (384685.881434 6672733.458210, 384690.949056 6672731.125489)

LINESTRING (384681.212325 6672362.273745, 384677.789825 6672377.370719)

LINESTRING (384681.212325 6672362.273745, 384687.613094 6672363.821896)

LINESTRING (384681.212325 6672362.273745, 384685.266648 6672344.493372, 384684.322144 6672341.124067)

LINESTRING (384681.212325 6672362.273745, 384680.053235 6672361.964762, 384666.284235 6672359.355880)

LINESTRING (384681.021158 6672341.740637, 384684.322144 6672341.124067)

LINESTRING (384666.284235 6672359.355880, 384680.053235 6672361.964762, 384681.212325 6672362.273745)

LINESTRING (384668.021617 6672342.762883, 384667.172630 6672336.961094)

LINESTRING (384660.825756 6672338.007924, 384661.838756 6672337.909159)

LINESTRING (384660.825756 6672338.007924, 384654.824841 6672338.932427)

LINESTRING (384660.825756 6672338.007924, 384661.474773 6672343.983175)

LINESTRING (384660.825756 6672338.007924, 384659.812916 6672329.648085)

LINESTRING (384661.474773 6672343.983175, 384660.825756 6672338.007924)

LINESTRING (384659.812916 6672329.648085, 384660.825756 6672338.007924)

LINESTRING (384659.812916 6672329.648085, 384642.711084 6672332.114641, 384638.571794 6672332.735363, 384635.709308 6672333.170996, 384630.221808 6672334.001358)

LINESTRING (384654.824841 6672338.932427, 384660.825756 6672338.007924)

LINESTRING (384654.824841 6672338.932427, 384651.587616 6672339.457860)

LINESTRING (384654.824841 6672338.932427, 384655.760909 6672344.854060)

LINESTRING (384655.760909 6672344.854060, 384654.824841 6672338.932427)

LINESTRING (384649.837278 6672339.769304, 384651.587616 6672339.457860)

LINESTRING (384649.837278 6672339.769304, 384647.817241 6672340.156109)

LINESTRING (384649.837278 6672339.769304, 384650.495016 6672345.844578)

LINESTRING (384650.495016 6672345.844578, 384649.837278 6672339.769304)

LINESTRING (384647.817241 6672340.156109, 384649.837278 6672339.769304)

LINESTRING (384647.817241 6672340.156109, 384640.478515 6672341.267645)

LINESTRING (384647.817241 6672340.156109, 384648.548432 6672346.095337)

LINESTRING (384648.548432 6672346.095337, 384647.817241 6672340.156109)

LINESTRING (384627.012727 6672353.047928, 384625.575227 6672352.714298)

LINESTRING (384624.993341 6672355.217830, 384625.575227 6672352.714298)

LINESTRING (384624.993341 6672355.217830, 384626.471709 6672355.438728)

LINESTRING (384624.993341 6672355.217830, 384624.181609 6672358.709309, 384622.504148 6672365.916859, 384622.450145 6672366.141448)

LINESTRING (384626.471709 6672355.438728, 384624.993341 6672355.217830)

LINESTRING (384622.450145 6672366.141448, 384622.058994 6672367.825430)

LINESTRING (384622.450145 6672366.141448, 384623.928573 6672366.540653)

LINESTRING (384622.450145 6672366.141448, 384622.504148 6672365.916859, 384624.181609 6672358.709309, 384624.993341 6672355.217830)

LINESTRING (384623.928573 6672366.540653, 384622.450145 6672366.141448)

LINESTRING (384622.901952 6672371.142198, 384621.365315 6672370.833983)

LINESTRING (384616.893730 6672389.987203, 384615.224940 6672397.116473)

LINESTRING (384616.893730 6672389.987203, 384619.335482 6672379.545984)

LINESTRING (384616.893730 6672389.987203, 384618.468551 6672390.450235)

LINESTRING (384618.468551 6672390.450235, 384616.893730 6672389.987203)

LINESTRING (384615.224940 6672397.116473, 384614.633028 6672399.653756)

LINESTRING (384615.224940 6672397.116473, 384616.893730 6672389.987203)

LINESTRING (384615.224940 6672397.116473, 384616.863516 6672397.488341)

LINESTRING (384616.863516 6672397.488341, 384615.224940 6672397.116473)

LINESTRING (384613.977075 6672402.449378, 384612.278875 6672409.702165)

LINESTRING (384613.977075 6672402.449378, 384614.633028 6672399.653756)

LINESTRING (384613.977075 6672402.449378, 384615.618805 6672402.921446)

LINESTRING (384615.618805 6672402.921446, 384613.977075 6672402.449378)

LINESTRING (384612.278875 6672409.702165, 384611.403128 6672413.451987)

LINESTRING (384612.278875 6672409.702165, 384613.977075 6672402.449378)

LINESTRING (384612.278875 6672409.702165, 384613.945180 6672410.073158)

LINESTRING (384613.945180 6672410.073158, 384612.278875 6672409.702165)

LINESTRING (384610.997102 6672415.192162, 384606.872116 6672432.829986)

LINESTRING (384610.997102 6672415.192162, 384611.403128 6672413.451987)

LINESTRING (384610.997102 6672415.192162, 384612.666561 6672415.663355)

LINESTRING (384612.666561 6672415.663355, 384610.997102 6672415.192162)

LINESTRING (384606.588280 6672434.042525, 384605.233145 6672439.846879)

LINESTRING (384606.588280 6672434.042525, 384606.872116 6672432.829986)

LINESTRING (384606.588280 6672434.042525, 384608.390090 6672434.308946)

LINESTRING (384608.390090 6672434.308946, 384606.588280 6672434.042525)

LINESTRING (384605.233145 6672439.846879, 384606.588280 6672434.042525)

LINESTRING (384605.233145 6672439.846879, 384599.736033 6672438.604735)

LINESTRING (384605.233145 6672439.846879, 384603.456408 6672447.425334, 384603.315193 6672448.053871)

LINESTRING (384605.233145 6672439.846879, 384606.998645 6672440.370765, 384621.651358 6672443.720540)

LINESTRING (384603.315193 6672448.053871, 384604.586253 6672448.392734)

LINESTRING (384603.315193 6672448.053871, 384603.177420 6672448.615432, 384602.179510 6672452.892893, 384600.143884 6672461.593949, 384599.933785 6672462.503266)

LINESTRING (384603.315193 6672448.053871, 384603.456408 6672447.425334, 384605.233145 6672439.846879)

LINESTRING (384621.651358 6672443.720540, 384606.998645 6672440.370765, 384605.233145 6672439.846879)

LINESTRING (384605.006672 6672449.048153, 384604.586253 6672448.392734)

LINESTRING (384605.118114 6672448.531999, 384604.586253 6672448.392734)

LINESTRING (384602.036316 6672462.269854, 384601.860834 6672463.044347)

LINESTRING (384601.655580 6672463.931223, 384601.860834 6672463.044347)

LINESTRING (384976.434908 6672299.809853, 384977.602841 6672296.864498)

LINESTRING (384965.580102 6672296.640270, 384963.868505 6672296.772035)

LINESTRING (384965.580102 6672296.640270, 384965.065489 6672302.707820)

LINESTRING (384965.580102 6672296.640270, 384974.697993 6672295.952727, 384977.602841 6672296.864498)

LINESTRING (384965.065489 6672302.707820, 384965.580102 6672296.640270)

LINESTRING (384963.868505 6672296.772035, 384961.841075 6672296.924865)

LINESTRING (384963.868505 6672296.772035, 384965.580102 6672296.640270)

LINESTRING (384963.868505 6672296.772035, 384961.794392 6672301.272632)

LINESTRING (384961.794392 6672301.272632, 384963.868505 6672296.772035)

LINESTRING (384961.841075 6672296.924865, 384954.883747 6672297.455423)

LINESTRING (384961.841075 6672296.924865, 384963.868505 6672296.772035)

LINESTRING (384961.841075 6672296.924865, 384961.036972 6672299.078693)

LINESTRING (384961.036972 6672299.078693, 384961.841075 6672296.924865)

LINESTRING (384954.883747 6672297.455423, 384949.299996 6672297.875983)

LINESTRING (384954.883747 6672297.455423, 384961.841075 6672296.924865)

LINESTRING (384954.883747 6672297.455423, 384954.990478 6672298.555363)

LINESTRING (384954.990478 6672298.555363, 384954.883747 6672297.455423)

LINESTRING (384949.299996 6672297.875983, 384942.630419 6672298.375238)

LINESTRING (384949.299996 6672297.875983, 384954.883747 6672297.455423)

LINESTRING (384949.299996 6672297.875983, 384949.413325 6672299.009149)

LINESTRING (384949.413325 6672299.009149, 384949.299996 6672297.875983)

LINESTRING (384942.630419 6672298.375238, 384938.354028 6672298.699026)

LINESTRING (384942.630419 6672298.375238, 384949.299996 6672297.875983)

LINESTRING (384942.630419 6672298.375238, 384942.450193 6672294.758981)

LINESTRING (384942.630419 6672298.375238, 384942.739601 6672299.553111, 384943.660245 6672314.190175)

LINESTRING (384938.354028 6672298.699026, 384934.376830 6672299.002276)

LINESTRING (384938.354028 6672298.699026, 384942.630419 6672298.375238)

LINESTRING (384938.354028 6672298.699026, 384938.369612 6672299.902128)

LINESTRING (384943.660245 6672314.190175, 384942.739601 6672299.553111, 384942.630419 6672298.375238)

LINESTRING (384938.369612 6672299.902128, 384938.354028 6672298.699026)

LINESTRING (384934.376830 6672299.002276, 384921.004751 6672300.013030)

LINESTRING (384934.376830 6672299.002276, 384938.354028 6672298.699026)

LINESTRING (384934.376830 6672299.002276, 384934.647580 6672300.197362)

LINESTRING (384934.647580 6672300.197362, 384934.376830 6672299.002276)

LINESTRING (384921.132680 6672301.257180, 384921.004751 6672300.013030)

LINESTRING (384910.492164 6672302.081854, 384910.270980 6672300.874068)

LINESTRING (384840.881862 6672327.750956, 384839.905722 6672327.079551)

LINESTRING (384777.319965 6672885.164098, 384775.278152 6672884.849433)

LINESTRING (384777.983620 6672869.908827, 384779.038621 6672864.091691)

LINESTRING (384777.983620 6672869.908827, 384775.278152 6672884.849433)

LINESTRING (384777.983620 6672869.908827, 384780.148508 6672870.253054)

LINESTRING (384780.148508 6672870.253054, 384777.983620 6672869.908827)

LINESTRING (384779.038621 6672864.091691, 384780.457983 6672856.268245)

LINESTRING (384779.038621 6672864.091691, 384777.983620 6672869.908827)

LINESTRING (384779.038621 6672864.091691, 384781.243737 6672864.479231)

LINESTRING (384779.038621 6672864.091691, 384776.825506 6672863.626393, 384772.847585 6672863.004882)

LINESTRING (384781.243737 6672864.479231, 384779.038621 6672864.091691)

LINESTRING (384780.457983 6672856.268245, 384780.666288 6672855.124963)

LINESTRING (384780.457983 6672856.268245, 384779.038621 6672864.091691)

LINESTRING (384780.457983 6672856.268245, 384782.748340 6672856.541660)

LINESTRING (384772.847585 6672863.004882, 384771.255703 6672862.698350)

LINESTRING (384772.847585 6672863.004882, 384771.799073 6672868.498628)

LINESTRING (384772.847585 6672863.004882, 384776.825506 6672863.626393, 384779.038621 6672864.091691)

LINESTRING (384782.748340 6672856.541660, 384780.457983 6672856.268245)

LINESTRING (384780.666288 6672855.124963, 384781.413686 6672851.000310)

LINESTRING (384780.666288 6672855.124963, 384780.457983 6672856.268245)

LINESTRING (384780.666288 6672855.124963, 384772.764020 6672853.467908)

LINESTRING (384783.771944 6672851.137857, 384781.413686 6672851.000310)

LINESTRING (384789.400278 6672844.396734, 384789.792897 6672842.935611)

LINESTRING (384811.304817 6672846.961837, 384800.654943 6672844.967660)

LINESTRING (384811.304817 6672846.961837, 384814.009157 6672847.512004)

LINESTRING (384811.304817 6672846.961837, 384810.964557 6672848.499321)

LINESTRING (384811.304817 6672846.961837, 384812.467596 6672840.862713)

LINESTRING (384810.964557 6672848.499321, 384811.304817 6672846.961837)

LINESTRING (384814.009157 6672847.512004, 384811.304817 6672846.961837)

LINESTRING (384814.009157 6672847.512004, 384822.038922 6672848.986828)

LINESTRING (384814.009157 6672847.512004, 384815.171940 6672841.412882)

LINESTRING (384814.009157 6672847.512004, 384813.718112 6672849.025652, 384810.747131 6672864.531796)

LINESTRING (384810.747131 6672864.531796, 384813.718112 6672849.025652, 384814.009157 6672847.512004)

LINESTRING (384841.579640 6672852.651739, 384824.881214 6672849.510376)

LINESTRING (384841.579640 6672852.651739, 384848.063274 6672853.863196)

LINESTRING (384841.579640 6672852.651739, 384841.262954 6672854.233057)

LINESTRING (384841.262954 6672854.233057, 384841.579640 6672852.651739)

LINESTRING (384848.063274 6672853.863196, 384841.579640 6672852.651739)

LINESTRING (384848.063274 6672853.863196, 384853.072897 6672854.808969)

LINESTRING (384848.063274 6672853.863196, 384849.459807 6672847.957336)

LINESTRING (384848.063274 6672853.863196, 384847.708111 6672855.456867, 384844.747092 6672871.107542)

LINESTRING (384853.072897 6672854.808969, 384848.063274 6672853.863196)

LINESTRING (384853.072897 6672854.808969, 384859.120766 6672855.933847)

LINESTRING (384853.072897 6672854.808969, 384852.740617 6672856.424208)

LINESTRING (384844.747092 6672871.107542, 384847.708111 6672855.456867, 384848.063274 6672853.863196)

LINESTRING (384852.740617 6672856.424208, 384853.072897 6672854.808969)

LINESTRING (384878.532276 6672861.319250, 384878.823643 6672859.638433)

LINESTRING (384888.992780 6672863.297313, 384889.261267 6672861.594928)

LINESTRING (384969.592021 6672870.538305, 384976.595564 6672871.867388, 384977.717943 6672864.120230)

LINESTRING (384970.931584 6672863.519851, 384977.717943 6672864.120230)

LINESTRING (384981.572799 6672802.493377, 384973.708881 6672804.177995)

LINESTRING (384981.572799 6672802.493377, 384985.631800 6672801.630368)

LINESTRING (384981.572799 6672802.493377, 384981.953578 6672804.364816)

LINESTRING (384986.013627 6672803.535207, 384985.631800 6672801.630368)

LINESTRING (384985.631800 6672801.630368, 384981.572799 6672802.493377)

LINESTRING (384985.631800 6672801.630368, 384991.267957 6672800.428079)

LINESTRING (384985.631800 6672801.630368, 384986.013627 6672803.535207)

LINESTRING (384981.953578 6672804.364816, 384981.572799 6672802.493377)

LINESTRING (384991.267957 6672800.428079, 384985.631800 6672801.630368)

LINESTRING (384991.267957 6672800.428079, 384996.986612 6672799.200920)

LINESTRING (384991.267957 6672800.428079, 384991.673714 6672802.387890)

LINESTRING (384991.673714 6672802.387890, 384991.267957 6672800.428079)

LINESTRING (385021.418021 6672818.059002, 385021.786173 6672818.114310, 385025.179633 6672818.687574)

LINESTRING (385020.326197 6672823.776908, 385020.694698 6672823.843349, 385024.355772 6672824.452788)

LINESTRING (385019.312025 6672829.492377, 385019.820230 6672829.587864, 385023.392605 6672830.378396)

LINESTRING (385022.368643 6672835.782129, 385023.392605 6672830.378396)

LINESTRING (385022.368643 6672835.782129, 385019.760049 6672849.950509)

LINESTRING (385022.368643 6672835.782129, 385029.990704 6672837.359361)

LINESTRING (385022.368643 6672835.782129, 385020.937966 6672835.481572, 385005.616218 6672832.507909)

LINESTRING (385005.616218 6672832.507909, 385020.937966 6672835.481572, 385022.368643 6672835.782129)

LINESTRING (385015.282246 6672864.879677, 385016.934411 6672865.162132)

LINESTRING (385014.313027 6672879.275198, 385015.732576 6672871.619023)

LINESTRING (385014.313027 6672879.275198, 385013.885535 6672881.573216)

LINESTRING (385014.313027 6672879.275198, 385021.678831 6672880.827022)

LINESTRING (385014.313027 6672879.275198, 385012.601258 6672879.039193, 384997.248852 6672876.144545)

LINESTRING (385013.885535 6672881.573216, 385014.313027 6672879.275198)

LINESTRING (385013.885535 6672881.573216, 385012.418224 6672889.476068)

LINESTRING (385013.885535 6672881.573216, 385012.191757 6672881.202915)

LINESTRING (384997.248852 6672876.144545, 385012.601258 6672879.039193, 385014.313027 6672879.275198)

LINESTRING (385012.191757 6672881.202915, 385013.885535 6672881.573216)

LINESTRING (385011.273523 6672895.630270, 385012.418224 6672889.476068)

LINESTRING (385011.273523 6672895.630270, 385010.320958 6672900.831167)

LINESTRING (385011.273523 6672895.630270, 385009.524989 6672895.283977)

LINESTRING (385009.524989 6672895.283977, 385011.273523 6672895.630270)

LINESTRING (385010.320958 6672900.831167, 385011.273523 6672895.630270)

LINESTRING (385010.320958 6672900.831167, 385009.041600 6672907.647116)

LINESTRING (385010.320958 6672900.831167, 385017.558413 6672902.186413)

LINESTRING (385010.320958 6672900.831167, 385008.539499 6672900.497054, 384993.181981 6672897.613731)

LINESTRING (384993.181981 6672897.613731, 385008.539499 6672900.497054, 385010.320958 6672900.831167)

LINESTRING (385007.153777 6672917.892348, 385009.041600 6672907.647116)

LINESTRING (385007.153777 6672917.892348, 385005.157237 6672928.564483)

LINESTRING (385007.153777 6672917.892348, 385014.314253 6672919.272293)

LINESTRING (385007.153777 6672917.892348, 385005.310619 6672917.537886, 384989.972905 6672914.575947)

LINESTRING (384989.972905 6672914.575947, 385005.310619 6672917.537886, 385007.153777 6672917.892348)

LINESTRING (385002.014967 6672934.926295, 385003.899037 6672935.346337)

LINESTRING (384994.852756 6672939.854143, 384994.367679 6672941.908797)

LINESTRING (384987.236365 6672940.572555, 384994.367679 6672941.908797)

LINESTRING (384987.236365 6672940.572555, 384981.562718 6672939.513729)

LINESTRING (384987.236365 6672940.572555, 384987.643094 6672938.498072)

LINESTRING (384987.643094 6672938.498072, 384987.236365 6672940.572555)

LINESTRING (384981.562718 6672939.513729, 384987.236365 6672940.572555)

LINESTRING (384981.562718 6672939.513729, 384977.938473 6672938.836315)

LINESTRING (384981.562718 6672939.513729, 384982.019009 6672937.426544)

LINESTRING (384982.019009 6672937.426544, 384981.562718 6672939.513729)

LINESTRING (384977.938473 6672938.836315, 384981.562718 6672939.513729)

LINESTRING (384977.938473 6672938.836315, 384974.520831 6672938.196991)

LINESTRING (384977.938473 6672938.836315, 384978.450573 6672936.758521)

LINESTRING (384978.450573 6672936.758521, 384977.938473 6672938.836315)

LINESTRING (384975.032580 6672936.108064, 384974.520831 6672938.196991)

LINESTRING (385086.903774 6672268.347855, 385087.135113 6672270.235136)

LINESTRING (385071.220515 6672269.497430, 385071.355158 6672271.488044)

LINESTRING (385067.600713 6672202.444028, 385041.123223 6672244.653885)

LINESTRING (385067.600713 6672202.444028, 385072.730349 6672194.270293, 385082.811871 6672178.095590)

LINESTRING (385067.600713 6672202.444028, 385069.044596 6672203.334848, 385081.668501 6672211.207877)

LINESTRING (385081.668501 6672211.207877, 385087.756778 6672215.006547)

LINESTRING (385081.668501 6672211.207877, 385081.177761 6672212.025666)

LINESTRING (385081.668501 6672211.207877, 385083.081083 6672210.216290)

LINESTRING (385081.668501 6672211.207877, 385069.044596 6672203.334848, 385067.600713 6672202.444028)

LINESTRING (385087.756778 6672215.006547, 385081.668501 6672211.207877)

LINESTRING (385081.177761 6672212.025666, 385081.668501 6672211.207877)

LINESTRING (385083.081083 6672210.216290, 385081.668501 6672211.207877)

LINESTRING (385084.345912 6672179.028166, 385082.811871 6672178.095590)

LINESTRING (384200.584184 6673057.305803, 384198.667854 6673054.814321, 384197.126444 6673052.767906)

LINESTRING (384193.832500 6673023.918734, 384182.277232 6673032.965734, 384197.126444 6673052.767906)

LINESTRING (384191.418148 6672598.198338, 384157.703460 6672608.670512)

LINESTRING (384191.418148 6672598.198338, 384199.078480 6672604.642799)

LINESTRING (384191.418148 6672598.198338, 384196.722097 6672593.684285, 384198.447221 6672590.999645, 384206.492052 6672584.493241)

LINESTRING (384163.674980 6672630.882021, 384133.309017 6672639.086493)

LINESTRING (384163.674980 6672630.882021, 384157.703460 6672608.670512)

LINESTRING (384163.674980 6672630.882021, 384192.620612 6672623.057051, 384192.458203 6672620.554682, 384193.954672 6672617.487213, 384199.078480 6672604.642799)

LINESTRING (384163.674980 6672630.882021, 384165.248782 6672636.404478, 384135.388407 6672647.601952)

LINESTRING (384133.309017 6672639.086493, 384163.674980 6672630.882021)

LINESTRING (384133.309017 6672639.086493, 384135.388407 6672647.601952)

LINESTRING (384133.309017 6672639.086493, 384128.118164 6672617.864474)

LINESTRING (384135.388407 6672647.601952, 384133.309017 6672639.086493)

LINESTRING (384135.388407 6672647.601952, 384165.248782 6672636.404478, 384163.674980 6672630.882021)

LINESTRING (384128.118164 6672617.864474, 384157.703460 6672608.670512)

LINESTRING (384128.118164 6672617.864474, 384133.309017 6672639.086493)

LINESTRING (384307.960276 6672893.520723, 384309.505270 6672886.718373)

LINESTRING (384327.477878 6672897.317371, 384328.666191 6672890.470575)

LINESTRING (384328.666191 6672890.470575, 384309.505270 6672886.718373)

LINESTRING (384328.666191 6672890.470575, 384350.550559 6672894.850110)

LINESTRING (384328.666191 6672890.470575, 384327.477878 6672897.317371)

LINESTRING (384349.179807 6672901.546637, 384350.550559 6672894.850110)

LINESTRING (384350.550559 6672894.850110, 384328.666191 6672890.470575)

LINESTRING (384350.550559 6672894.850110, 384369.144272 6672898.575855)

LINESTRING (384350.550559 6672894.850110, 384349.179807 6672901.546637)

LINESTRING (384649.610752 6672157.665788, 384644.377621 6672157.942030)

LINESTRING (384649.610752 6672157.665788, 384647.960444 6672164.683007)

LINESTRING (384618.868625 6672158.310821, 384615.840158 6672158.417360)

LINESTRING (384618.868625 6672158.310821, 384620.010030 6672148.712970)

LINESTRING (384618.868625 6672158.310821, 384618.630442 6672160.268594, 384617.828450 6672168.830469)

LINESTRING (384622.261416 6672138.567516, 384624.581985 6672135.730612, 384626.132467 6672132.773087, 384627.505570 6672128.238645, 384628.006181 6672124.210894, 384629.899867 6672070.089765, 384629.265492 6672068.460373, 384628.949487 6672067.066132)

LINESTRING (384622.261416 6672138.567516, 384621.336861 6672141.828514, 384620.753594 6672144.465820, 384620.010030 6672148.712970)

LINESTRING (384628.949487 6672067.066132, 384629.284202 6672062.530963)

LINESTRING (384628.949487 6672067.066132, 384635.277819 6672067.178867)

LINESTRING (384781.631512 6672893.743359, 384780.907592 6672895.437795)

LINESTRING (384888.605705 6672991.035258, 384895.519568 6672992.166398)

LINESTRING (384259.603285 6672619.423974, 384271.198897 6672617.051540)

LINESTRING (384259.603285 6672619.423974, 384248.854991 6672621.903398)

LINESTRING (384259.603285 6672619.423974, 384254.512366 6672595.367956, 384253.462924 6672588.513848)

LINESTRING (384271.198897 6672617.051540, 384259.603285 6672619.423974)

LINESTRING (384248.854991 6672621.903398, 384259.603285 6672619.423974)

LINESTRING (384920.413807 6672906.530672, 384948.758533 6672912.126065, 384948.327740 6672914.847683, 384945.366012 6672930.487140, 384944.957608 6672932.684269)

LINESTRING (384864.967820 6672096.661868, 384867.287730 6672114.821141)

LINESTRING (384867.287730 6672114.821141, 384864.967820 6672096.661868)

LINESTRING (384867.287730 6672114.821141, 384858.381855 6672116.438395)

LINESTRING (384867.287730 6672114.821141, 384867.379091 6672115.431210, 384869.622833 6672129.224285, 384869.980229 6672131.408493)

LINESTRING (384875.411237 6672128.239963, 384875.785621 6672130.434782)

LINESTRING (384875.785621 6672130.434782, 384889.271308 6672128.071850)

LINESTRING (384875.785621 6672130.434782, 384869.980229 6672131.408493)

LINESTRING (384875.785621 6672130.434782, 384876.932413 6672137.241383)

LINESTRING (384875.785621 6672130.434782, 384875.411237 6672128.239963)

LINESTRING (384869.980229 6672131.408493, 384875.785621 6672130.434782)

LINESTRING (384869.980229 6672131.408493, 384867.610927 6672131.817292)

LINESTRING (384869.980229 6672131.408493, 384871.183555 6672138.246749)

LINESTRING (384869.980229 6672131.408493, 384869.622833 6672129.224285, 384867.379091 6672115.431210, 384867.287730 6672114.821141)

LINESTRING (384876.932413 6672137.241383, 384901.312953 6672133.120768)

LINESTRING (384876.932413 6672137.241383, 384871.183555 6672138.246749)

LINESTRING (384876.932413 6672137.241383, 384875.785621 6672130.434782)

LINESTRING (384900.128375 6672126.170471, 384924.914965 6672121.892382)

LINESTRING (384900.128375 6672126.170471, 384889.271308 6672128.071850)

LINESTRING (384900.128375 6672126.170471, 384901.312953 6672133.120768)

LINESTRING (384900.128375 6672126.170471, 384899.855656 6672124.206488, 384897.549507 6672111.251188, 384896.462970 6672104.063780, 384896.729191 6672098.929006, 384898.116783 6672095.374929)

LINESTRING (384889.271308 6672128.071850, 384900.128375 6672126.170471)

LINESTRING (384889.271308 6672128.071850, 384875.785621 6672130.434782)

LINESTRING (384889.271308 6672128.071850, 384888.972895 6672125.997230)

LINESTRING (384858.381855 6672116.438395, 384867.287730 6672114.821141)

LINESTRING (384867.263924 6672129.610469, 384867.610927 6672131.817292)

LINESTRING (384855.400417 6672131.643882, 384855.698201 6672133.874540)

LINESTRING (384836.830120 6672137.064331, 384855.698201 6672133.874540)

LINESTRING (384836.830120 6672137.064331, 384825.982104 6672138.898748)

LINESTRING (384836.830120 6672137.064331, 384835.771013 6672130.399859)

LINESTRING (384777.034335 6672144.728696, 384777.307820 6672146.714938)

LINESTRING (384888.972895 6672125.997230, 384889.271308 6672128.071850)

LINESTRING (384924.649556 6672119.983889, 384924.914965 6672121.892382)

LINESTRING (384794.707347 6672137.441615, 384795.700900 6672143.784952)

LINESTRING (384805.123330 6672140.056154, 384805.447481 6672142.241402)

LINESTRING (384825.585797 6672136.537457, 384825.982104 6672138.898748)

LINESTRING (384835.771013 6672130.399859, 384836.830120 6672137.064331)

LINESTRING (384399.797205 6672448.353410, 384396.813428 6672448.637041)

LINESTRING (384396.531477 6673034.709867, 384396.982502 6673032.466739, 384397.481255 6673029.976926, 384398.471811 6673024.952942)

LINESTRING (385085.690149 6672664.645570, 385086.147874 6672668.085957)

LINESTRING (384765.397171 6672854.535543, 384772.165791 6672855.804765)

LINESTRING (384765.397171 6672854.535543, 384754.247352 6672850.239198)

LINESTRING (384765.397171 6672854.535543, 384764.595686 6672861.704322)

LINESTRING (384765.397171 6672854.535543, 384766.307251 6672847.641957, 384767.298914 6672846.340291, 384769.058998 6672845.816843, 384770.754864 6672846.075525, 384772.385985 6672846.570277, 384773.366388 6672847.910189, 384773.592443 6672849.095527, 384772.764020 6672853.467908)

LINESTRING (384772.165791 6672855.804765, 384772.764020 6672853.467908)

LINESTRING (384772.165791 6672855.804765, 384765.397171 6672854.535543)

LINESTRING (384772.165791 6672855.804765, 384771.255703 6672862.698350)

LINESTRING (384772.764020 6672853.467908, 384780.666288 6672855.124963)

LINESTRING (384772.764020 6672853.467908, 384772.165791 6672855.804765)

LINESTRING (384772.764020 6672853.467908, 384773.592443 6672849.095527, 384773.366388 6672847.910189, 384772.385985 6672846.570277, 384770.754864 6672846.075525, 384769.058998 6672845.816843, 384767.298914 6672846.340291, 384766.307251 6672847.641957, 384765.397171 6672854.535543)

LINESTRING (384771.255703 6672862.698350, 384772.165791 6672855.804765)

LINESTRING (384771.255703 6672862.698350, 384772.847585 6672863.004882)

LINESTRING (384771.255703 6672862.698350, 384764.595686 6672861.704322)

LINESTRING (384764.595686 6672861.704322, 384756.946920 6672869.690374)

LINESTRING (384764.595686 6672861.704322, 384771.255703 6672862.698350)

LINESTRING (384764.595686 6672861.704322, 384765.397171 6672854.535543)

LINESTRING (384771.799073 6672868.498628, 384772.847585 6672863.004882)

LINESTRING (384760.750919 6672800.742865, 384760.622694 6672796.668051, 384764.150615 6672795.866084, 384777.029805 6672799.539690, 384778.257758 6672799.924541)

LINESTRING (384762.946853 6672768.020683, 384764.777013 6672781.191492, 384780.842941 6672785.745546, 384782.310441 6672786.156296)

LINESTRING (384775.536315 6672093.221906, 384762.354553 6672095.363949)

LINESTRING (384773.195085 6672075.988327, 384759.438489 6672078.393636)

LINESTRING (384246.202230 6672511.969152, 384232.872942 6672512.200991, 384223.398069 6672514.751671, 384218.350822 6672517.730772, 384215.809302 6672520.586087)

LINESTRING (384280.701410 6672813.406358, 384274.387324 6672817.394998)

LINESTRING (384311.815223 6672702.550162, 384311.151289 6672705.435260, 384313.013032 6672705.844516, 384318.122316 6672707.120757, 384332.566966 6672710.409051)

LINESTRING (384445.570135 6672591.574868, 384447.476500 6672588.293979)

LINESTRING (384441.765073 6672618.263255, 384451.480847 6672620.185596)

LINESTRING (384675.557631 6672321.640994, 384681.286774 6672320.725084)

LINESTRING (384675.557631 6672321.640994, 384675.072300 6672318.747587)

LINESTRING (384675.557631 6672321.640994, 384676.453953 6672327.006662)

LINESTRING (384826.097339 6672970.433348, 384826.275117 6672969.201873, 384826.435670 6672968.305272)

LINESTRING (384157.703460 6672608.670512, 384128.118164 6672617.864474)

LINESTRING (384157.703460 6672608.670512, 384191.418148 6672598.198338)

LINESTRING (384157.703460 6672608.670512, 384163.674980 6672630.882021)

LINESTRING (384206.492052 6672584.493241, 384198.447221 6672590.999645, 384196.722097 6672593.684285, 384191.418148 6672598.198338)

LINESTRING (384940.656617 6672983.793787, 384939.438878 6672989.738570)

LINESTRING (384940.656617 6672983.793787, 384921.707737 6672980.210080, 384912.418899 6672978.406858)

LINESTRING (384935.850090 6673007.325721, 384938.982321 6672991.992935, 384939.438878 6672989.738570)

LINESTRING (384958.315067 6673008.681599, 384960.740001 6672996.101428, 384961.183730 6672993.791747)

LINESTRING (384990.160883 6673017.956375, 384993.160476 6673002.282335, 384993.618065 6672999.883068)

LINESTRING (384839.061076 6673038.953697, 384839.298920 6673038.043521, 384851.177252 6672975.138808, 384851.563115 6672973.109541)

LINESTRING (385098.407818 6673013.867254, 385097.049792 6673019.771799)

LINESTRING (385098.407818 6673013.867254, 385094.744501 6673013.179809, 385078.746248 6673010.204812, 385071.855328 6673008.916590)

LINESTRING (384869.176203 6672828.603716, 384869.618907 6672826.438932, 384869.221486 6672824.746336, 384866.594997 6672820.315433)

LINESTRING (384866.594997 6672820.315433, 384864.632085 6672812.798965)

LINESTRING (384866.594997 6672820.315433, 384869.221486 6672824.746336, 384869.618907 6672826.438932, 384869.176203 6672828.603716)

LINESTRING (384866.594997 6672820.315433, 384850.487960 6672820.977880, 384847.055995 6672820.417131)

LINESTRING (384866.594997 6672820.315433, 384872.927096 6672820.060642, 384874.135485 6672820.000365, 384874.867594 6672819.977350, 384876.957491 6672819.878217)

LINESTRING (384864.632085 6672812.798965, 384866.594997 6672820.315433)

LINESTRING (384847.055995 6672820.417131, 384850.487960 6672820.977880, 384866.594997 6672820.315433)

LINESTRING (384860.475221 6672802.955433, 384860.325549 6672802.079732, 384860.136299 6672801.004677, 384859.809169 6672799.075839)

LINESTRING (384921.171056 6672755.901759, 384917.735732 6672753.468792, 384914.946839 6672751.996219, 384911.564803 6672752.849175, 384910.967766 6672750.104132, 384913.411066 6672749.236099, 384917.376414 6672746.804602, 384916.358936 6672741.810462, 384940.500196 6672736.917350)

LINESTRING (384940.500196 6672736.917350, 384952.636881 6672734.452064)

LINESTRING (384940.500196 6672736.917350, 384916.358936 6672741.810462, 384917.376414 6672746.804602, 384913.411066 6672749.236099, 384910.967766 6672750.104132, 384911.564803 6672752.849175, 384914.946839 6672751.996219, 384917.735732 6672753.468792, 384921.171056 6672755.901759)

LINESTRING (384940.500196 6672736.917350, 384939.501886 6672732.178924, 384936.507741 6672717.105503, 384936.271341 6672715.942771)

LINESTRING (384898.446345 6672747.744992, 384900.534025 6672758.879478)

LINESTRING (384898.446345 6672747.744992, 384897.626271 6672743.379881)

LINESTRING (384898.446345 6672747.744992, 384893.837559 6672748.781397, 384879.648549 6672751.656871, 384878.412809 6672751.907460)

LINESTRING (384900.534025 6672758.879478, 384898.446345 6672747.744992)

LINESTRING (384897.626271 6672743.379881, 384898.446345 6672747.744992)

LINESTRING (384952.636881 6672734.452064, 384940.500196 6672736.917350)

LINESTRING (385083.293752 6672841.815716, 385061.144252 6672836.035964)

LINESTRING (385083.293752 6672841.815716, 385085.320757 6672834.051358)

LINESTRING (385083.293752 6672841.815716, 385082.971677 6672843.051702, 385079.085787 6672857.037225)

LINESTRING (385055.830528 6672851.047033, 385057.426969 6672844.778372, 385059.523124 6672842.049078, 385060.786854 6672837.384504, 385061.144252 6672836.035964)

LINESTRING (385085.320757 6672834.051358, 385063.198991 6672828.449031)

LINESTRING (385085.320757 6672834.051358, 385090.626117 6672835.400515)

LINESTRING (385085.320757 6672834.051358, 385083.293752 6672841.815716)

LINESTRING (385079.085787 6672857.037225, 385082.971677 6672843.051702, 385083.293752 6672841.815716)

LINESTRING (385090.626117 6672835.400515, 385085.320757 6672834.051358)

LINESTRING (385090.626117 6672835.400515, 385092.525707 6672828.175089)

LINESTRING (385095.485512 6672811.566285, 385092.868226 6672826.882741, 385092.525707 6672828.175089)

LINESTRING (385027.474255 6672721.481268, 385031.744809 6672727.354011, 385041.879058 6672725.297361)

LINESTRING (385027.474255 6672721.481268, 385034.324364 6672718.268389, 385043.043250 6672716.222742)

LINESTRING (385027.474255 6672721.481268, 385025.619532 6672722.353034, 385010.171137 6672725.969627, 385008.517698 6672726.355875)

LINESTRING (385048.680668 6672760.690093, 385044.995234 6672742.150117, 385035.481179 6672744.153858, 385032.782318 6672740.772685, 385029.910316 6672739.480945, 385027.417536 6672739.481193, 385013.527912 6672742.346745, 385011.856443 6672742.688979)

LINESTRING (385041.879058 6672725.297361, 385031.744809 6672727.354011, 385027.474255 6672721.481268)

LINESTRING (385043.043250 6672716.222742, 385034.324364 6672718.268389, 385027.474255 6672721.481268)

LINESTRING (385105.866007 6672729.062138, 385103.839325 6672725.514951)

LINESTRING (385103.839325 6672725.514951, 385095.438469 6672710.800511)

LINESTRING (385103.839325 6672725.514951, 385105.866007 6672729.062138)

LINESTRING (385095.438469 6672710.800511, 385088.335630 6672698.352242)

LINESTRING (385095.438469 6672710.800511, 385103.839325 6672725.514951)

LINESTRING (385095.438469 6672710.800511, 385089.687233 6672714.179392)

LINESTRING (385056.359487 6672714.188841, 385063.678027 6672712.632970, 385067.302818 6672710.490939, 385075.815125 6672705.576611, 385080.739373 6672702.736298, 385082.538959 6672701.699126)

LINESTRING (385089.687233 6672714.179392, 385082.538959 6672701.699126)

LINESTRING (385089.687233 6672714.179392, 385095.438469 6672710.800511)

LINESTRING (385089.687233 6672714.179392, 385081.793641 6672718.817953, 385068.192456 6672726.455171, 385066.191776 6672728.691108, 385065.594738 6672732.487783, 385061.083771 6672735.404302)

LINESTRING (385061.083771 6672735.404302, 385065.594738 6672732.487783, 385066.191776 6672728.691108, 385068.192456 6672726.455171, 385081.793641 6672718.817953, 385089.687233 6672714.179392)

LINESTRING (385065.265907 6672783.394385, 385066.783577 6672791.950198)

LINESTRING (385065.265907 6672783.394385, 385070.431172 6672789.829739, 385071.243695 6672793.961086, 385068.640972 6672803.370595)

LINESTRING (385065.265907 6672783.394385, 385063.840556 6672775.303737, 385053.572599 6672773.096239, 385050.930227 6672773.636096, 385035.686500 6672777.045568, 385031.595737 6672779.904358)

LINESTRING (385068.640972 6672803.370595, 385071.243695 6672793.961086, 385070.431172 6672789.829739, 385065.265907 6672783.394385)

LINESTRING (385066.783577 6672791.950198, 385065.265907 6672783.394385)

LINESTRING (384143.965856 6672578.257163, 384142.024344 6672575.153551, 384140.654489 6672572.745101)

LINESTRING (384367.469524 6672935.204819, 384370.134159 6672921.134396)

LINESTRING (384331.987557 6673005.287279, 384336.447069 6673017.817663, 384337.077024 6673021.943503, 384335.832307 6673025.069833, 384330.990246 6673035.754290, 384329.946657 6673037.514645, 384327.570660 6673038.570412, 384321.550591 6673038.147637, 384307.213849 6673036.126498)

LINESTRING (384331.987557 6673005.287279, 384324.689784 6672985.858981, 384325.290522 6672979.041886, 384326.922284 6672974.811170, 384332.488301 6672966.655925, 384359.078858 6672944.630516, 384360.773758 6672941.166792, 384369.144272 6672898.575855)

LINESTRING (384331.987557 6673005.287279, 384336.351349 6673003.890118, 384347.700320 6672999.898576, 384352.317482 6672998.437711)

LINESTRING (384307.213849 6673036.126498, 384321.550591 6673038.147637, 384327.570660 6673038.570412, 384329.946657 6673037.514645, 384330.990246 6673035.754290, 384335.832307 6673025.069833, 384337.077024 6673021.943503, 384336.447069 6673017.817663, 384331.987557 6673005.287279)

LINESTRING (384363.861410 6672964.227457, 384349.004282 6672978.081133, 384346.655955 6672981.420623, 384346.816774 6672983.700157, 384351.131660 6672995.343570, 384352.317482 6672998.437711)

LINESTRING (384660.183950 6672288.179231, 384660.703714 6672292.342014, 384670.393332 6672290.766447, 384675.072300 6672318.747587)

LINESTRING (384641.459414 6672316.172988, 384639.658550 6672324.576865)

LINESTRING (384956.682243 6672182.701165, 384944.645871 6672174.453478, 384942.784756 6672173.185757)

LINESTRING (384941.835311 6672204.653827, 384929.183824 6672197.328206, 384919.987754 6672192.000351)

LINESTRING (384133.467133 6672392.231451, 384145.762954 6672384.765765)

LINESTRING (384133.467133 6672392.231451, 384119.188947 6672368.978870)

LINESTRING (384133.467133 6672392.231451, 384136.511434 6672397.194736)

LINESTRING (384119.188947 6672368.978870, 384133.467133 6672392.231451)

LINESTRING (384136.511434 6672397.194736, 384120.979275 6672406.612827)

LINESTRING (384136.511434 6672397.194736, 384133.467133 6672392.231451)

LINESTRING (384136.511434 6672397.194736, 384138.349667 6672400.190171)

LINESTRING (384120.979275 6672406.612827, 384136.511434 6672397.194736)

LINESTRING (384138.349667 6672400.190171, 384136.511434 6672397.194736)

LINESTRING (384715.445329 6672415.435869, 384715.900649 6672409.615307)

LINESTRING (384697.951879 6672484.112236, 384697.018164 6672488.844567)

LINESTRING (384663.407240 6672263.404033, 384636.547225 6672267.749247)

LINESTRING (384408.011839 6672338.477493, 384410.847550 6672320.478900)

LINESTRING (384507.178762 6672421.373043, 384503.249612 6672438.514474)

LINESTRING (384507.178762 6672421.373043, 384510.210190 6672408.160471)

LINESTRING (384507.178762 6672421.373043, 384502.212751 6672420.248029)

LINESTRING (384507.178762 6672421.373043, 384513.727878 6672422.871634, 384514.521854 6672423.047199, 384530.337261 6672426.638566, 384533.474683 6672427.353198, 384538.812608 6672403.993388)

LINESTRING (384510.210190 6672408.160471, 384507.178762 6672421.373043)

LINESTRING (384510.210190 6672408.160471, 384514.729855 6672388.437214)

LINESTRING (384510.210190 6672408.160471, 384516.714601 6672409.649334)

LINESTRING (384538.812608 6672403.993388, 384533.474683 6672427.353198, 384530.337261 6672426.638566, 384514.521854 6672423.047199, 384513.727878 6672422.871634, 384507.178762 6672421.373043)

LINESTRING (384520.680376 6672362.494845, 384519.787082 6672366.390123)

LINESTRING (384520.680376 6672362.494845, 384522.315722 6672355.366580)

LINESTRING (384520.680376 6672362.494845, 384527.033338 6672363.932782)

LINESTRING (384520.680376 6672362.494845, 384515.747574 6672361.368763)

LINESTRING (384519.787082 6672366.390123, 384518.982053 6672369.914852)

LINESTRING (384519.787082 6672366.390123, 384520.680376 6672362.494845)

LINESTRING (384519.787082 6672366.390123, 384514.849089 6672365.275350)

LINESTRING (384519.787082 6672366.390123, 384526.151483 6672367.838842, 384526.414297 6672367.897423, 384542.895277 6672371.635035, 384546.083015 6672372.359239, 384540.596192 6672396.459259)

LINESTRING (384527.033338 6672363.932782, 384520.680376 6672362.494845)

LINESTRING (384514.849089 6672365.275350, 384502.212751 6672420.248029)

LINESTRING (384514.849089 6672365.275350, 384515.747574 6672361.368763)

LINESTRING (384514.849089 6672365.275350, 384519.787082 6672366.390123)

LINESTRING (384540.596192 6672396.459259, 384546.083015 6672372.359239, 384542.895277 6672371.635035, 384526.414297 6672367.897423, 384526.151483 6672367.838842, 384519.787082 6672366.390123)

LINESTRING (384518.982053 6672369.914852, 384514.729855 6672388.437214)

LINESTRING (384518.982053 6672369.914852, 384519.787082 6672366.390123)

LINESTRING (384518.982053 6672369.914852, 384524.881487 6672371.233351, 384525.362387 6672371.340778)

LINESTRING (384514.729855 6672388.437214, 384510.210190 6672408.160471)

LINESTRING (384514.729855 6672388.437214, 384518.982053 6672369.914852)

LINESTRING (384514.729855 6672388.437214, 384520.691683 6672389.798316, 384521.172580 6672389.905743)

LINESTRING (384525.362387 6672371.340778, 384524.881487 6672371.233351, 384518.982053 6672369.914852)

LINESTRING (384521.172580 6672389.905743, 384520.691683 6672389.798316, 384514.729855 6672388.437214)

LINESTRING (384516.714601 6672409.649334, 384510.210190 6672408.160471)

LINESTRING (384493.461830 6672512.844404, 384486.625062 6672511.198905)

LINESTRING (384150.384441 6672760.099078, 384149.399280 6672755.282397)

LINESTRING (384599.311954 6672685.054502, 384613.223040 6672672.825394, 384619.608068 6672680.057553)

LINESTRING (384615.230270 6672700.233133, 384627.726046 6672689.252267, 384619.608068 6672680.057553)

LINESTRING (384617.110721 6672175.483997, 384623.898685 6672174.857841)

LINESTRING (384617.110721 6672175.483997, 384617.828450 6672168.830469)

