LINESTRING (545088.698497 258462.151466, 545083.980610 258468.903227, 545082.677355 258480.017978, 545077.779688 258521.881648, 545075.946450 258553.672746)

LINESTRING (545088.698497 258462.151466, 545081.278846 258465.184422, 545075.518246 258467.375499)

LINESTRING (545075.946450 258553.672746, 545066.489713 258591.729865)

LINESTRING (545075.946450 258553.672746, 545081.658451 258552.904974, 545084.982319 258552.423480, 545087.410814 258551.225677, 545098.403887 258541.752531)

LINESTRING (545075.518246 258467.375499, 545072.122334 258449.522733)

LINESTRING (545075.518246 258467.375499, 545061.230807 258473.045778)

LINESTRING (545075.518246 258467.375499, 545081.278846 258465.184422, 545088.698497 258462.151466)

LINESTRING (545061.230807 258473.045778, 544990.330475 258445.893894)

LINESTRING (545061.230807 258473.045778, 545075.518246 258467.375499)

LINESTRING (545061.230807 258473.045778, 545047.756783 258481.767434, 545036.365738 258496.193309, 545023.383041 258522.716157)

LINESTRING (544990.330475 258445.893894, 545061.230807 258473.045778)

LINESTRING (544990.330475 258445.893894, 544936.949939 258432.300434)

LINESTRING (545023.383041 258522.716157, 545012.777875 258545.346091)

LINESTRING (545023.383041 258522.716157, 544974.646946 258504.906071)

LINESTRING (545023.383041 258522.716157, 545036.365738 258496.193309, 545047.756783 258481.767434, 545061.230807 258473.045778)

LINESTRING (545003.961300 258556.396861, 545005.206115 258559.427421, 545003.108525 258569.650756)

LINESTRING (545003.108525 258569.650756, 544994.318047 258594.070193)

LINESTRING (545003.108525 258569.650756, 545027.234663 258578.982911, 545052.574293 258588.206004, 545066.489713 258591.729865)

LINESTRING (544962.970081 258647.648761, 544898.389283 258606.502523)

LINESTRING (544962.970081 258647.648761, 544926.413336 258705.393863)

LINESTRING (544898.389283 258606.502523, 544887.144562 258599.339584)

LINESTRING (544898.389283 258606.502523, 544896.966244 258609.566363, 544891.273403 258619.272793)

LINESTRING (544926.413336 258705.393863, 544914.015361 258731.132648)

LINESTRING (544926.413336 258705.393863, 544898.590531 258684.990431, 544900.954130 258681.564520)

LINESTRING (544854.194877 258802.512017, 544848.382764 258794.316960, 544844.654833 258788.275382)

LINESTRING (544854.194877 258802.512017, 544852.588396 258804.602140, 544851.415636 258808.229837)

LINESTRING (544844.654833 258788.275382, 544832.719498 258793.759008)

LINESTRING (544844.654833 258788.275382, 544848.382764 258794.316960, 544854.194877 258802.512017)

LINESTRING (544844.654833 258788.275382, 544842.215955 258784.219340, 544838.617149 258777.502573, 544830.597669 258763.410586, 544825.492546 258748.335239, 544820.984357 258732.019583, 544819.910846 258726.166901)

LINESTRING (544851.415636 258808.229837, 544854.760540 258811.232697, 544861.171805 258815.538427, 544869.037372 258821.790015)

LINESTRING (544851.415636 258808.229837, 544850.123756 258810.084283, 544839.640003 258822.522433, 544827.387184 258837.468947)

LINESTRING (544851.415636 258808.229837, 544852.588396 258804.602140, 544854.194877 258802.512017)

LINESTRING (544818.926492 258720.773179, 544818.929124 258702.430001)

LINESTRING (544818.926492 258720.773179, 544820.528480 258720.241199, 544847.789993 258711.421039, 544860.095692 258702.397597)

LINESTRING (544818.929124 258702.430001, 544819.568935 258698.085495)

LINESTRING (544818.929124 258702.430001, 544810.962970 258701.952356, 544799.356170 258701.334962, 544758.180767 258721.102183)

LINESTRING (544860.095692 258702.397597, 544877.081550 258721.582424, 544900.391003 258740.351145, 544901.670931 258741.479369)

LINESTRING (544860.095692 258702.397597, 544847.789993 258711.421039, 544820.528480 258720.241199, 544818.926492 258720.773179)

LINESTRING (544860.095692 258702.397597, 544852.996682 258693.307870, 544847.496219 258688.950864, 544824.058831 258681.331552, 544822.751564 258680.903780)

LINESTRING (544840.301166 258584.168437, 544836.711268 258566.376979)

LINESTRING (544836.711268 258566.376979, 544835.492958 258561.032073)

LINESTRING (544836.711268 258566.376979, 544857.002717 258563.964735, 544863.757770 258563.772600, 544871.519466 258563.064497, 544876.132658 258561.284878, 544879.933038 258556.431712, 544884.437374 258546.211908, 544901.984672 258501.768314)

LINESTRING (544818.661896 258481.056547, 544818.046030 258490.900274)

LINESTRING (544818.661896 258481.056547, 544828.031866 258477.267661)

LINESTRING (544818.661896 258481.056547, 544816.582873 258473.571683, 544816.437692 258471.753152, 544816.582633 258467.260620, 544817.278389 258445.086511)

LINESTRING (544818.661896 258481.056547, 544823.567985 258488.679670, 544825.063776 258491.550553)

LINESTRING (544818.046030 258490.900274, 544818.661896 258481.056547)

LINESTRING (544818.046030 258490.900274, 544825.063776 258491.550553)

LINESTRING (544818.046030 258490.900274, 544817.830390 258492.897483, 544816.552739 258494.028866)

LINESTRING (544818.046030 258490.900274, 544809.921113 258491.163759, 544772.814807 258488.154165)

LINESTRING (544828.031866 258477.267661, 544858.096401 258479.515322)

LINESTRING (544828.031866 258477.267661, 544818.661896 258481.056547)

LINESTRING (544817.278389 258445.086511, 544815.555753 258432.658940)

LINESTRING (544817.278389 258445.086511, 544816.582633 258467.260620, 544816.437692 258471.753152, 544816.582873 258473.571683, 544818.661896 258481.056547)

LINESTRING (544817.278389 258445.086511, 544811.322238 258444.378217, 544808.734924 258443.990968)

LINESTRING (544825.063776 258491.550553, 544818.046030 258490.900274)

LINESTRING (544825.063776 258491.550553, 544825.169590 258493.546024)

LINESTRING (544825.063776 258491.550553, 544823.567985 258488.679670, 544818.661896 258481.056547)

LINESTRING (545199.271244 258695.538025, 545186.372175 258694.214025)

LINESTRING (545199.271244 258695.538025, 545215.979725 258698.943804)

LINESTRING (545199.271244 258695.538025, 545199.429491 258700.173014, 545201.277097 258716.466772)

LINESTRING (545186.372175 258694.214025, 545199.271244 258695.538025)

LINESTRING (545186.372175 258694.214025, 545179.110081 258693.511538)

LINESTRING (545186.372175 258694.214025, 545186.272491 258705.553241)

LINESTRING (545215.979725 258698.943804, 545199.271244 258695.538025)

LINESTRING (545215.979725 258698.943804, 545227.305702 258700.511183, 545234.196265 258700.590666, 545245.662576 258699.936068, 545264.288890 258698.567510)

LINESTRING (545215.979725 258698.943804, 545215.716917 258704.412387, 545216.459154 258708.953182, 545217.306490 258713.174268, 545217.930022 258716.631912)

LINESTRING (545201.277097 258716.466772, 545203.781023 258730.197449)

LINESTRING (545201.277097 258716.466772, 545199.429491 258700.173014, 545199.271244 258695.538025)

LINESTRING (545201.277097 258716.466772, 545190.345632 258718.940307, 545131.992358 258726.758968, 545126.413960 258726.706918)

LINESTRING (544809.814787 258860.596877, 544818.460258 258849.051054)

LINESTRING (544809.814787 258860.596877, 544806.603532 258864.955291, 544801.840150 258870.715334, 544797.798653 258875.171931, 544785.729828 258888.276231)

LINESTRING (544809.814787 258860.596877, 544839.667081 258884.298172, 544845.313984 258898.843981, 544845.746702 258899.713686, 544861.947755 258930.518192)

LINESTRING (544818.460258 258849.051054, 544827.387184 258837.468947)

LINESTRING (544818.460258 258849.051054, 544809.814787 258860.596877)

LINESTRING (544818.460258 258849.051054, 544823.141318 258852.193114, 544829.620888 258856.968287, 544841.710671 258865.847676, 544861.254850 258874.922730, 544867.952329 258879.726587)

LINESTRING (544785.729828 258888.276231, 544797.798653 258875.171931, 544801.840150 258870.715334, 544806.603532 258864.955291, 544809.814787 258860.596877)

LINESTRING (544785.729828 258888.276231, 544737.997537 258934.999551, 544735.719013 258937.159126)

LINESTRING (544785.729828 258888.276231, 544789.974688 258893.943297, 544808.927487 258946.187671, 544820.252817 258986.132505, 544820.426561 258986.738636, 544822.254528 258996.019342)

LINESTRING (544785.729828 258888.276231, 544778.790537 258882.853239, 544769.678062 258879.258977, 544762.558019 258877.681922, 544757.106723 258878.435396)

LINESTRING (544861.947755 258930.518192, 544870.833908 258947.462766)

LINESTRING (544861.947755 258930.518192, 544845.746702 258899.713686, 544845.313984 258898.843981, 544839.667081 258884.298172, 544809.814787 258860.596877)

LINESTRING (544861.947755 258930.518192, 544870.231937 258925.951930, 544871.005560 258924.983920, 544878.723684 258920.601474)

LINESTRING (544735.719013 258937.159126, 544725.101727 258948.803322)

LINESTRING (544735.719013 258937.159126, 544737.997537 258934.999551, 544785.729828 258888.276231)

LINESTRING (544735.719013 258937.159126, 544745.397041 258945.500359, 544749.996097 258949.341186, 544751.951074 258950.767355, 544754.089499 258951.297304, 544755.969263 258951.318821, 544757.903988 258950.863328, 544764.751783 258948.414276, 544767.157906 258947.738814, 544769.355516 258947.647184, 544771.812759 258948.030626, 544774.250509 258949.081336, 544775.660222 258950.447064, 544776.664269 258952.357471)

LINESTRING (544822.254528 258996.019342, 544810.139378 258998.548131)

LINESTRING (544822.254528 258996.019342, 544823.341717 259005.378576, 544824.953259 259012.237614, 544828.028740 259018.137682, 544832.453322 259023.264645)

LINESTRING (544822.254528 258996.019342, 544820.426561 258986.738636, 544820.252817 258986.132505, 544808.927487 258946.187671, 544789.974688 258893.943297, 544785.729828 258888.276231)

LINESTRING (544757.106723 258878.435396, 544762.558019 258877.681922, 544769.678062 258879.258977, 544778.790537 258882.853239, 544785.729828 258888.276231)

LINESTRING (544832.453322 259023.264645, 544854.930163 259009.418413)

LINESTRING (544832.453322 259023.264645, 544806.471532 259036.552197)

LINESTRING (544832.453322 259023.264645, 544845.188961 259040.210383)

LINESTRING (544832.453322 259023.264645, 544828.028740 259018.137682, 544824.953259 259012.237614, 544823.341717 259005.378576, 544822.254528 258996.019342)

LINESTRING (544854.930163 259009.418413, 544865.548076 259002.905723)

LINESTRING (544854.930163 259009.418413, 544832.453322 259023.264645)

LINESTRING (544854.930163 259009.418413, 544877.713402 259040.994200)

LINESTRING (544806.471532 259036.552197, 544832.453322 259023.264645)

LINESTRING (544806.471532 259036.552197, 544817.173455 259059.215225)

LINESTRING (544806.471532 259036.552197, 544800.851175 259035.608821, 544795.911495 259037.579302, 544785.401019 259041.590883, 544783.390210 259042.311277, 544783.050901 259042.457192, 544782.176767 259042.888008)

LINESTRING (544845.188961 259040.210383, 544832.144667 259051.137838)

LINESTRING (544845.188961 259040.210383, 544832.453322 259023.264645)

LINESTRING (544845.188961 259040.210383, 544875.302413 259078.790113)

LINESTRING (544891.468014 258985.899028, 544916.299134 259022.732879)

LINESTRING (544891.468014 258985.899028, 544893.259914 258984.949664)

LINESTRING (544891.468014 258985.899028, 544865.548076 259002.905723)

LINESTRING (544916.299134 259022.732879, 544935.394679 259051.095664)

LINESTRING (544916.299134 259022.732879, 544891.468014 258985.899028)

LINESTRING (544916.299134 259022.732879, 544890.953819 259040.201467)

LINESTRING (544893.259914 258984.949664, 544891.468014 258985.899028)

LINESTRING (544893.259914 258984.949664, 544897.503479 258982.702917, 544900.927213 258980.198459, 544923.850334 258950.637988)

LINESTRING (544893.259914 258984.949664, 544890.001660 258979.689786, 544874.957963 258955.385899, 544871.767974 258949.426802)

LINESTRING (544865.548076 259002.905723, 544891.468014 258985.899028)

LINESTRING (544865.548076 259002.905723, 544854.930163 259009.418413)

LINESTRING (544865.548076 259002.905723, 544862.983759 258998.935042, 544856.239147 258988.497708, 544852.942147 258983.392553, 544852.837508 258974.340296)

LINESTRING (544610.266544 259055.699571, 544605.736834 259052.528732)

LINESTRING (544610.266544 259055.699571, 544615.889062 259050.242697)

LINESTRING (544610.266544 259055.699571, 544619.699342 259065.647342)

LINESTRING (544610.266544 259055.699571, 544582.775489 259082.779550)

LINESTRING (544605.736834 259052.528732, 544610.266544 259055.699571)

LINESTRING (544605.736834 259052.528732, 544600.752849 259056.724230)

LINESTRING (544605.736834 259052.528732, 544598.881906 259047.731764, 544579.463335 259039.752196)

LINESTRING (544605.736834 259052.528732, 544609.169062 259048.788832, 544611.755936 259047.306039)

LINESTRING (544615.889062 259050.242697, 544610.266544 259055.699571)

LINESTRING (544615.889062 259050.242697, 544628.437899 259037.296727)

LINESTRING (544615.889062 259050.242697, 544611.755936 259047.306039)

LINESTRING (544615.889062 259050.242697, 544622.371807 259055.140133)

LINESTRING (544619.699342 259065.647342, 544610.266544 259055.699571)

LINESTRING (544619.699342 259065.647342, 544624.208014 259061.104072)

LINESTRING (544619.699342 259065.647342, 544614.761622 259070.834800)

LINESTRING (544619.699342 259065.647342, 544622.664225 259068.783655, 544638.938144 259093.367522, 544657.079581 259123.771622, 544663.976936 259133.667735, 544676.535907 259145.899624, 544696.152417 259161.365152, 544715.105765 259175.887556)

LINESTRING (544582.775489 259082.779550, 544610.266544 259055.699571)

LINESTRING (544582.775489 259082.779550, 544580.499391 259080.876592)

LINESTRING (544582.775489 259082.779550, 544588.271402 259086.112127)

LINESTRING (544582.775489 259082.779550, 544574.958009 259091.288986, 544566.474056 259100.847528)

LINESTRING (545189.247995 259420.585093, 545170.999366 259410.789682)

LINESTRING (545189.247995 259420.585093, 545180.309014 259420.913093, 545170.139408 259421.472188)

LINESTRING (545170.999366 259410.789682, 545145.309292 259402.713087)

LINESTRING (545170.999366 259410.789682, 545174.131660 259404.926548)

LINESTRING (545170.999366 259410.789682, 545167.911347 259416.075320)

LINESTRING (545170.139408 259421.472188, 545167.911347 259416.075320)

LINESTRING (545170.139408 259421.472188, 545172.544785 259426.184152, 545183.323857 259428.392194, 545191.662789 259431.508256)

LINESTRING (545145.309292 259402.713087, 545141.909906 259402.056975)

LINESTRING (545145.309292 259402.713087, 545155.993869 259409.782400, 545159.327612 259415.946278)

LINESTRING (545141.909906 259402.056975, 545096.510764 259388.984474)

LINESTRING (545141.909906 259402.056975, 545145.309292 259402.713087)

LINESTRING (545141.909906 259402.056975, 545144.809281 259395.508031)

LINESTRING (545159.327612 259415.946278, 545167.911347 259416.075320)

LINESTRING (545159.327612 259415.946278, 545152.819319 259415.455085)

LINESTRING (544508.441930 259027.985860, 544501.322859 259024.739613, 544485.746334 259011.852563)

LINESTRING (544508.441930 259027.985860, 544512.592904 259029.609539, 544517.332711 259031.205872, 544539.922765 259032.666122, 544553.745954 259034.160130, 544561.318269 259034.759465, 544575.327351 259038.084374, 544579.463335 259039.752196)

LINESTRING (544508.441930 259027.985860, 544513.010941 259018.791666, 544526.979892 259005.207896)

LINESTRING (544508.441930 259027.985860, 544506.012773 259032.033342, 544504.278609 259033.585577)

LINESTRING (544485.746334 259011.852563, 544482.220861 259009.412350)

LINESTRING (544485.746334 259011.852563, 544501.322859 259024.739613, 544508.441930 259027.985860)

LINESTRING (544579.463335 259039.752196, 544575.327351 259038.084374, 544561.318269 259034.759465, 544553.745954 259034.160130, 544539.922765 259032.666122, 544517.332711 259031.205872, 544512.592904 259029.609539, 544508.441930 259027.985860)

LINESTRING (544579.463335 259039.752196, 544598.881906 259047.731764, 544605.736834 259052.528732)

LINESTRING (544579.463335 259039.752196, 544581.844512 259032.898437, 544583.697479 259027.509637, 544590.443243 259016.364380)

LINESTRING (544526.979892 259005.207896, 544527.796068 259004.419166, 544531.289732 259000.447263, 544538.886890 258975.346747, 544541.303307 258970.096804, 544542.054699 258968.716266)

LINESTRING (544526.979892 259005.207896, 544513.010941 259018.791666, 544508.441930 259027.985860)

LINESTRING (544526.979892 259005.207896, 544518.411714 258997.489388, 544516.106257 258995.418648)

LINESTRING (544504.278609 259033.585577, 544478.402235 259056.661664)

LINESTRING (544504.278609 259033.585577, 544506.012773 259032.033342, 544508.441930 259027.985860)

LINESTRING (544504.278609 259033.585577, 544500.178138 259029.292036, 544492.361448 259021.361743)

LINESTRING (544504.278609 259033.585577, 544508.269007 259036.729461, 544525.240292 259041.175756, 544540.982859 259042.503096, 544551.529986 259043.790238)

LINESTRING (544981.486552 259340.671958, 544977.201899 259346.434704)

LINESTRING (544981.486552 259340.671958, 544974.755668 259336.801906)

LINESTRING (544981.486552 259340.671958, 544996.573845 259348.237046, 545029.829268 259362.990053)

LINESTRING (544977.201899 259346.434704, 544943.997561 259380.179765)

LINESTRING (544977.201899 259346.434704, 544981.486552 259340.671958)

LINESTRING (544977.201899 259346.434704, 544971.477193 259342.293568)

LINESTRING (544977.201899 259346.434704, 545026.542591 259369.694682)

LINESTRING (544974.755668 259336.801906, 544977.783982 259332.148856)

LINESTRING (544974.755668 259336.801906, 544981.486552 259340.671958)

LINESTRING (544974.755668 259336.801906, 544971.477193 259342.293568)

LINESTRING (544974.755668 259336.801906, 544938.339553 259316.024199)

LINESTRING (545029.829268 259362.990053, 545026.542591 259369.694682)

LINESTRING (545029.829268 259362.990053, 544996.573845 259348.237046, 544981.486552 259340.671958)

LINESTRING (545029.829268 259362.990053, 545058.225805 259375.786747, 545078.358017 259383.377353, 545096.510764 259388.984474)

LINESTRING (545103.880888 258693.356422, 545105.744182 258692.542786, 545125.860534 258692.130049)

LINESTRING (545103.880888 258693.356422, 545101.712382 258695.719413, 545100.278487 258699.383936, 545099.156485 258708.277864, 545099.396525 258725.537393)

LINESTRING (545103.880888 258693.356422, 545100.656424 258690.212219, 545098.087804 258689.658399, 545095.231528 258691.222111)

LINESTRING (545125.860534 258692.130049, 545153.007988 258692.602287, 545159.248185 258692.707140, 545171.667412 258692.903949, 545176.265235 258693.283505, 545179.110081 258693.511538)

LINESTRING (545125.860534 258692.130049, 545105.744182 258692.542786, 545103.880888 258693.356422)

LINESTRING (545125.860534 258692.130049, 545125.868211 258685.095704, 545125.677519 258674.560528, 545124.684606 258672.505675)

LINESTRING (545099.396525 258725.537393, 545099.314175 258727.182317)

LINESTRING (545099.396525 258725.537393, 545096.331818 258722.776311, 545096.265489 258706.122924, 545096.115011 258698.883599, 545091.920784 258690.791266)

LINESTRING (545095.231528 258691.222111, 545103.880888 258693.356422)

LINESTRING (545095.231528 258691.222111, 545098.087804 258689.658399, 545100.656424 258690.212219, 545103.880888 258693.356422)

LINESTRING (545414.061981 258724.108029, 545426.588072 258729.284030)

LINESTRING (545414.061981 258724.108029, 545380.007090 258708.516619, 545361.983017 258700.775254, 545349.933305 258697.305257)

LINESTRING (545414.061981 258724.108029, 545409.662412 258703.687716, 545391.442974 258702.140297)

LINESTRING (545426.588072 258729.284030, 545414.061981 258724.108029)

LINESTRING (545426.588072 258729.284030, 545440.225756 258735.494446)

LINESTRING (545426.588072 258729.284030, 545432.648466 258738.544505, 545435.681947 258746.324824)

LINESTRING (545349.933305 258697.305257, 545346.883219 258696.381004)

LINESTRING (545349.933305 258697.305257, 545348.309104 258702.555822, 545348.044556 258712.042526, 545350.986156 258723.660174)

LINESTRING (545349.933305 258697.305257, 545361.983017 258700.775254, 545380.007090 258708.516619, 545414.061981 258724.108029)

LINESTRING (545391.442974 258702.140297, 545409.662412 258703.687716, 545414.061981 258724.108029)

LINESTRING (545377.212343 258762.062231, 545383.913483 258762.069587, 545390.412228 258762.449456, 545395.787203 258763.141416)

LINESTRING (545377.212343 258762.062231, 545370.313975 258762.950684, 545359.826948 258765.192006)

LINESTRING (545395.787203 258763.141416, 545390.412228 258762.449456, 545383.913483 258762.069587, 545377.212343 258762.062231)

LINESTRING (545395.787203 258763.141416, 545414.970637 258769.581255, 545420.288739 258773.143288, 545427.184581 258778.632711)

LINESTRING (545359.826948 258765.192006, 545330.352526 258771.328781)

LINESTRING (545359.826948 258765.192006, 545352.251399 258728.550255, 545350.986156 258723.660174)

LINESTRING (545359.826948 258765.192006, 545370.313975 258762.950684, 545377.212343 258762.062231)

LINESTRING (545215.614882 258799.376176, 545181.137602 258809.641401)

LINESTRING (545215.614882 258799.376176, 545265.148164 258784.499158, 545300.095415 258777.342605, 545330.352526 258771.328781)

LINESTRING (545215.614882 258799.376176, 545209.133862 258761.052638, 545207.931380 258754.016222)

LINESTRING (545181.137602 258809.641401, 545215.614882 258799.376176)

LINESTRING (545181.137602 258809.641401, 545172.977287 258812.062578)

LINESTRING (545181.137602 258809.641401, 545182.391243 258815.165540, 545195.083345 258876.989740)

LINESTRING (545330.352526 258771.328781, 545359.826948 258765.192006)

LINESTRING (545330.352526 258771.328781, 545300.095415 258777.342605, 545265.148164 258784.499158, 545215.614882 258799.376176)

LINESTRING (545330.352526 258771.328781, 545331.975604 258781.505289, 545332.614599 258785.831598)

LINESTRING (545207.931380 258754.016222, 545301.552037 258735.823398)

LINESTRING (545207.931380 258754.016222, 545209.133862 258761.052638, 545215.614882 258799.376176)

LINESTRING (545207.931380 258754.016222, 545207.389173 258750.816967, 545207.271112 258749.945316)

LINESTRING (545090.554246 258829.728500, 545110.389683 258826.046222, 545113.567625 258825.404653, 545133.521534 258821.414277)

LINESTRING (545090.554246 258829.728500, 545076.394763 258831.295229, 545054.944754 258832.670862, 545043.567309 258831.703414, 545030.930812 258829.129725, 545017.683667 258823.121093, 545005.725825 258815.580804, 544986.120160 258799.958568)

LINESTRING (545133.521534 258821.414277, 545130.697197 258801.808404)

LINESTRING (545133.521534 258821.414277, 545167.495883 258813.371258, 545172.977287 258812.062578)

LINESTRING (545133.521534 258821.414277, 545113.567625 258825.404653, 545110.389683 258826.046222, 545090.554246 258829.728500)

LINESTRING (544986.120160 258799.958568, 544963.181731 258835.851675, 544950.454234 258854.857827, 544945.929807 258862.962163, 544941.732361 258871.576944)

LINESTRING (544986.120160 258799.958568, 544973.104846 258788.358136, 544956.802182 258772.721343, 544934.508122 258749.641088, 544927.440243 258742.065919, 544920.687936 258735.156696, 544917.278926 258732.474707, 544914.015361 258731.132648)

LINESTRING (544986.120160 258799.958568, 545005.725825 258815.580804, 545017.683667 258823.121093, 545030.930812 258829.129725, 545043.567309 258831.703414, 545054.944754 258832.670862, 545076.394763 258831.295229, 545090.554246 258829.728500)

LINESTRING (544941.732361 258871.576944, 544934.112797 258890.354086)

LINESTRING (544941.732361 258871.576944, 544945.929807 258862.962163, 544950.454234 258854.857827, 544963.181731 258835.851675, 544986.120160 258799.958568)

LINESTRING (544914.015361 258731.132648, 544917.278926 258732.474707, 544920.687936 258735.156696, 544927.440243 258742.065919, 544934.508122 258749.641088, 544956.802182 258772.721343, 544973.104846 258788.358136, 544986.120160 258799.958568)

LINESTRING (544914.015361 258731.132648, 544910.832502 258731.239932, 544908.113942 258733.241870, 544901.670931 258741.479369)

LINESTRING (544934.112797 258890.354086, 544933.471898 258891.927023)

LINESTRING (544934.112797 258890.354086, 544941.732361 258871.576944)

LINESTRING (544901.670931 258741.479369, 544869.745137 258784.712337)

LINESTRING (544901.670931 258741.479369, 544900.391003 258740.351145, 544877.081550 258721.582424, 544860.095692 258702.397597)

LINESTRING (545269.842884 258437.916668, 545265.263754 258442.724470)

LINESTRING (545265.263754 258442.724470, 545269.842884 258437.916668)

LINESTRING (545265.263754 258442.724470, 545272.397534 258452.483661)

LINESTRING (545265.263754 258442.724470, 545260.223946 258446.917720, 545214.491527 258477.834257)

LINESTRING (545417.363262 258561.018031, 545396.210870 258514.205164)

LINESTRING (545417.363262 258561.018031, 545424.616191 258575.789765)

LINESTRING (545396.210870 258514.205164, 545373.874562 258464.842153)

LINESTRING (545396.210870 258514.205164, 545417.363262 258561.018031)

LINESTRING (545396.210870 258514.205164, 545422.088838 258502.742897)

LINESTRING (545424.616191 258575.789765, 545417.363262 258561.018031)

LINESTRING (545424.616191 258575.789765, 545427.788819 258582.561264)

LINESTRING (545456.396010 258675.217748, 545456.484360 258666.382579)

LINESTRING (545456.396010 258675.217748, 545456.038917 258680.627910)

LINESTRING (545456.396010 258675.217748, 545437.642592 258673.454139)

LINESTRING (545456.484360 258666.382579, 545456.396010 258675.217748)

LINESTRING (545456.484360 258666.382579, 545452.869903 258646.708761, 545439.702315 258609.323953, 545434.626512 258597.498923)

LINESTRING (545456.038917 258680.627910, 545456.396010 258675.217748)

LINESTRING (545456.038917 258680.627910, 545453.636876 258701.193697)

LINESTRING (545437.642592 258673.454139, 545374.321481 258604.879101)

LINESTRING (545437.642592 258673.454139, 545456.396010 258675.217748)

LINESTRING (545437.642592 258673.454139, 545378.368206 258668.342463, 545346.979898 258668.601685)

LINESTRING (545434.626512 258597.498923, 545427.788819 258582.561264)

LINESTRING (545434.626512 258597.498923, 545439.702315 258609.323953, 545452.869903 258646.708761, 545456.484360 258666.382579)

LINESTRING (545434.626512 258597.498923, 545428.851976 258598.765334, 545419.496839 258596.910279)

LINESTRING (544713.568817 258573.331707, 544712.304324 258536.775281)

LINESTRING (544713.568817 258573.331707, 544732.901533 258574.708763)

LINESTRING (544713.568817 258573.331707, 544710.830954 258573.418726, 544698.966531 258573.417373)

LINESTRING (544712.304324 258536.775281, 544713.568817 258573.331707)

LINESTRING (544712.304324 258536.775281, 544711.266200 258516.119967, 544710.475948 258500.324832)

LINESTRING (544712.304324 258536.775281, 544616.236053 258547.661860, 544608.064976 258546.933700, 544598.663704 258541.962301)

LINESTRING (544732.901533 258574.708763, 544713.568817 258573.331707)

LINESTRING (544732.901533 258574.708763, 544749.535051 258575.316965, 544775.478536 258573.948784, 544786.759201 258572.163499, 544835.492958 258561.032073)

LINESTRING (544732.901533 258574.708763, 544733.015561 258577.594920, 544733.143252 258586.569916, 544733.164736 258586.770894, 544733.469748 258589.673758)

LINESTRING (544698.966531 258573.417373, 544696.066961 258573.421764)

LINESTRING (544698.966531 258573.417373, 544710.830954 258573.418726, 544713.568817 258573.331707)

LINESTRING (544698.966531 258573.417373, 544698.582232 258561.752414, 544698.548564 258559.158001)

LINESTRING (544710.475948 258500.324832, 544709.557760 258483.524209)

LINESTRING (544710.475948 258500.324832, 544705.033993 258500.744737)

LINESTRING (544710.475948 258500.324832, 544711.266200 258516.119967, 544712.304324 258536.775281)

LINESTRING (544598.663704 258541.962301, 544593.656112 258537.809195)

LINESTRING (544598.663704 258541.962301, 544608.064976 258546.933700, 544616.236053 258547.661860, 544712.304324 258536.775281)

LINESTRING (544598.663704 258541.962301, 544596.869707 258546.262022, 544597.681029 258560.877895, 544598.636291 258569.153532)

LINESTRING (544448.620054 259156.970461, 544485.583862 259133.037674, 544508.665400 259117.159541, 544521.449036 259112.089496)

LINESTRING (544521.449036 259112.089496, 544480.570114 259059.229252, 544478.402235 259056.661664)

LINESTRING (544521.449036 259112.089496, 544537.559022 259109.954806, 544547.045027 259113.860077)

LINESTRING (544521.449036 259112.089496, 544508.665400 259117.159541, 544485.583862 259133.037674, 544448.620054 259156.970461)

LINESTRING (544478.402235 259056.661664, 544453.470283 259074.322550)

LINESTRING (544478.402235 259056.661664, 544504.278609 259033.585577)

LINESTRING (544478.402235 259056.661664, 544480.570114 259059.229252, 544521.449036 259112.089496)

LINESTRING (544547.045027 259113.860077, 544551.881435 259116.360843)

LINESTRING (544547.045027 259113.860077, 544537.559022 259109.954806, 544521.449036 259112.089496)

LINESTRING (544547.045027 259113.860077, 544543.119155 259118.821112, 544532.910673 259130.778135, 544524.987166 259141.521800, 544512.781556 259156.080825, 544508.547310 259160.598799, 544496.267681 259175.823537)

LINESTRING (544547.045027 259113.860077, 544555.369633 259105.777225, 544563.038204 259099.088834, 544573.232023 259089.279645)

LINESTRING (545439.294217 259098.550065, 545375.499254 259224.625309)

LINESTRING (545439.294217 259098.550065, 545442.667042 259099.884565)

LINESTRING (545375.499254 259224.625309, 545439.294217 259098.550065)

LINESTRING (545375.499254 259224.625309, 545367.947091 259239.663916)

LINESTRING (545375.499254 259224.625309, 545380.298056 259227.459726)

LINESTRING (545375.499254 259224.625309, 545365.283241 259218.593298, 545350.540489 259211.871990)

LINESTRING (545442.667042 259099.884565, 545439.294217 259098.550065)

LINESTRING (545442.667042 259099.884565, 545444.829707 259100.749450)

LINESTRING (545427.788819 258582.561264, 545424.616191 258575.789765)

LINESTRING (545427.788819 258582.561264, 545434.626512 258597.498923)

LINESTRING (545419.496839 258596.910279, 545409.679821 258589.587659)

LINESTRING (545419.496839 258596.910279, 545413.173694 258598.928629, 545396.901316 258599.063413, 545374.321481 258604.879101)

LINESTRING (545419.496839 258596.910279, 545428.851976 258598.765334, 545434.626512 258597.498923)

LINESTRING (545427.184581 258778.632711, 545429.587353 258781.107447, 545432.172370 258782.964214, 545437.612575 258785.160777, 545442.254538 258785.664317)

LINESTRING (545448.149934 258738.799069, 545440.225756 258735.494446)

LINESTRING (545448.149934 258738.799069, 545447.735124 258735.225077, 545448.140144 258721.657531)

LINESTRING (545440.225756 258735.494446, 545435.681947 258746.324824)

LINESTRING (545440.225756 258735.494446, 545448.149934 258738.799069)

LINESTRING (545440.225756 258735.494446, 545426.588072 258729.284030)

LINESTRING (545448.140144 258721.657531, 545453.636876 258701.193697)

LINESTRING (545448.140144 258721.657531, 545441.903186 258732.627435, 545440.225756 258735.494446)

LINESTRING (545435.681947 258746.324824, 545434.047435 258749.593801)

LINESTRING (545214.491527 258477.834257, 545260.223946 258446.917720, 545265.263754 258442.724470)

LINESTRING (545208.017366 258503.445430, 545308.813278 258534.103752)

LINESTRING (545208.017366 258503.445430, 545197.530779 258499.587532)

LINESTRING (545208.017366 258503.445430, 545245.822449 258536.976775, 545282.175226 258571.278400)

LINESTRING (545308.813278 258534.103752, 545208.017366 258503.445430)

LINESTRING (545308.813278 258534.103752, 545272.397534 258452.483661)

LINESTRING (545308.813278 258534.103752, 545313.282912 258547.023929)

LINESTRING (545308.813278 258534.103752, 545301.194005 258550.008705, 545295.752499 258558.809364, 545293.970238 258563.387472, 545291.912397 258568.035416, 545289.361753 258570.832356)

LINESTRING (545308.813278 258534.103752, 545345.187092 258545.755565, 545365.363017 258558.257095, 545409.679821 258589.587659)

LINESTRING (545197.530779 258499.587532, 545203.498870 258508.288453)

LINESTRING (545197.530779 258499.587532, 545208.017366 258503.445430)

LINESTRING (545197.530779 258499.587532, 545211.181534 258495.112229, 545218.267961 258494.351486, 545268.615846 258464.149057, 545272.397534 258452.483661)

LINESTRING (545282.175226 258571.278400, 545285.871418 258574.659163)

LINESTRING (545282.175226 258571.278400, 545245.822449 258536.976775, 545208.017366 258503.445430)

LINESTRING (545282.175226 258571.278400, 545280.092811 258573.499144, 545279.956314 258576.522682, 545282.378468 258578.808685)

LINESTRING (545282.175226 258571.278400, 545284.426513 258568.895647, 545287.193677 258568.976763, 545289.361753 258570.832356)

LINESTRING (545203.498870 258508.288453, 545197.530779 258499.587532)

LINESTRING (545203.498870 258508.288453, 545225.099664 258572.065539, 545246.446815 258633.976499)

LINESTRING (545203.498870 258508.288453, 545201.465310 258509.542294, 545197.352944 258512.660838)

LINESTRING (545246.446815 258633.976499, 545257.649367 258615.961491)

LINESTRING (545246.446815 258633.976499, 545248.922683 258641.662430, 545253.592447 258654.521634, 545263.172134 258677.876268)

LINESTRING (545246.446815 258633.976499, 545225.099664 258572.065539, 545203.498870 258508.288453)

LINESTRING (545197.352944 258512.660838, 545193.164122 258515.821668)

LINESTRING (545197.352944 258512.660838, 545201.465310 258509.542294, 545203.498870 258508.288453)

LINESTRING (545197.352944 258512.660838, 545201.246991 258517.694666, 545203.902400 258522.291505, 545203.157653 258530.205842)

LINESTRING (545263.172134 258677.876268, 545266.588075 258676.351315, 545272.128641 258679.096032, 545346.979898 258668.601685)

LINESTRING (545263.172134 258677.876268, 545253.592447 258654.521634, 545248.922683 258641.662430, 545246.446815 258633.976499)

LINESTRING (545263.172134 258677.876268, 545266.411163 258686.586339, 545267.960446 258692.987359, 545268.088666 258698.178006)

LINESTRING (545346.979898 258668.601685, 545345.513436 258647.254575)

LINESTRING (545346.979898 258668.601685, 545272.128641 258679.096032, 545266.588075 258676.351315, 545263.172134 258677.876268)

LINESTRING (545346.979898 258668.601685, 545346.971576 258671.217148, 545346.937406 258689.403663, 545346.883219 258696.381004)

LINESTRING (545346.979898 258668.601685, 545378.368206 258668.342463, 545437.642592 258673.454139)

LINESTRING (545268.088666 258698.178006, 545294.172426 258695.280641)

LINESTRING (545268.088666 258698.178006, 545264.288890 258698.567510)

LINESTRING (545268.088666 258698.178006, 545267.960446 258692.987359, 545266.411163 258686.586339, 545263.172134 258677.876268)

LINESTRING (545345.513436 258647.254575, 545346.979898 258668.601685)

LINESTRING (545345.513436 258647.254575, 545336.497040 258622.191032)

LINESTRING (545345.513436 258647.254575, 545356.968873 258628.323346, 545367.211312 258607.152690)

LINESTRING (545346.883219 258696.381004, 545349.933305 258697.305257)

LINESTRING (545346.883219 258696.381004, 545346.937406 258689.403663, 545346.971576 258671.217148, 545346.979898 258668.601685)

LINESTRING (545346.883219 258696.381004, 545320.391782 258694.056987, 545316.442058 258693.729692, 545312.590891 258693.772602, 545304.763277 258694.166416, 545294.172426 258695.280641)

LINESTRING (545294.172426 258695.280641, 545268.088666 258698.178006)

LINESTRING (545294.172426 258695.280641, 545304.763277 258694.166416, 545312.590891 258693.772602, 545316.442058 258693.729692, 545320.391782 258694.056987, 545346.883219 258696.381004)

LINESTRING (545294.172426 258695.280641, 545295.954141 258709.379776, 545295.692825 258710.362744, 545291.086771 258711.897309, 545282.003336 258712.443563)

LINESTRING (545264.288890 258698.567510, 545268.088666 258698.178006)

LINESTRING (545264.288890 258698.567510, 545245.662576 258699.936068, 545234.196265 258700.590666, 545227.305702 258700.511183, 545215.979725 258698.943804)

LINESTRING (545264.288890 258698.567510, 545265.068818 258703.220726, 545265.467530 258706.182039, 545266.176198 258710.933342, 545266.470508 258713.257147)

LINESTRING (545342.055325 259341.006154, 545347.520267 259327.887552)

LINESTRING (545342.055325 259341.006154, 545338.505819 259341.970585, 545321.088864 259346.245937, 545296.678429 259346.988198)

LINESTRING (545347.520267 259327.887552, 545342.055325 259341.006154)

LINESTRING (545347.520267 259327.887552, 545339.357065 259330.898262, 545332.783699 259333.321168)

LINESTRING (545296.678429 259346.988198, 545314.069019 259338.248585, 545322.986369 259333.768441, 545332.783699 259333.321168)

LINESTRING (545296.678429 259346.988198, 545285.699360 259346.465914, 545268.092716 259347.418946)

LINESTRING (545296.678429 259346.988198, 545321.088864 259346.245937, 545338.505819 259341.970585, 545342.055325 259341.006154)

LINESTRING (545332.783699 259333.321168, 545322.986369 259333.768441, 545314.069019 259338.248585, 545296.678429 259346.988198)

LINESTRING (545332.783699 259333.321168, 545339.357065 259330.898262, 545347.520267 259327.887552)

LINESTRING (545332.783699 259333.321168, 545333.544518 259317.871834, 545335.394491 259306.316794, 545338.046702 259298.647631, 545342.901753 259289.072953, 545345.061196 259284.684021, 545354.331191 259265.855690, 545367.947091 259239.663916)

LINESTRING (545332.783699 259333.321168, 545332.735230 259341.500798, 545331.305871 259377.878468, 545329.884361 259397.437908)

LINESTRING (545268.092716 259347.418946, 545263.511243 259340.205520)

LINESTRING (545268.092716 259347.418946, 545256.758991 259348.032788, 545245.463592 259349.671801, 545220.126165 259348.918016, 545201.297141 259348.188120, 545164.000797 259340.216570, 545161.938377 259339.666399)

LINESTRING (545268.092716 259347.418946, 545285.699360 259346.465914, 545296.678429 259346.988198)

LINESTRING (545367.947091 259239.663916, 545375.499254 259224.625309)

LINESTRING (545367.947091 259239.663916, 545354.331191 259265.855690, 545345.061196 259284.684021, 545342.901753 259289.072953, 545338.046702 259298.647631, 545335.394491 259306.316794, 545333.544518 259317.871834, 545332.783699 259333.321168)

LINESTRING (545367.947091 259239.663916, 545360.318514 259227.474639, 545350.540489 259211.871990)

LINESTRING (545380.298056 259227.459726, 545375.499254 259224.625309)

LINESTRING (545380.298056 259227.459726, 545383.221509 259229.192840, 545386.635960 259229.805032)

LINESTRING (545380.298056 259227.459726, 545380.630928 259226.601298, 545382.046965 259227.277293, 545386.635960 259229.805032)

LINESTRING (545350.540489 259211.871990, 545251.461886 259160.203237)

LINESTRING (545350.540489 259211.871990, 545365.283241 259218.593298, 545375.499254 259224.625309)

LINESTRING (545350.540489 259211.871990, 545360.318514 259227.474639, 545367.947091 259239.663916)

LINESTRING (545446.250526 258863.863341, 545445.261340 258841.417111)

LINESTRING (545446.250526 258863.863341, 545449.019060 258929.359637)

LINESTRING (545445.261340 258841.417111, 545446.250526 258863.863341)

LINESTRING (545445.261340 258841.417111, 545444.464997 258826.612190, 545442.718650 258794.315348, 545442.254538 258785.664317)

LINESTRING (545449.019060 258929.359637, 545446.250526 258863.863341)

LINESTRING (545449.019060 258929.359637, 545431.495913 258929.045712, 545332.084228 258927.264635)

LINESTRING (545442.254538 258785.664317, 545442.718650 258794.315348, 545444.464997 258826.612190, 545445.261340 258841.417111)

LINESTRING (544698.796346 258971.298134, 544692.278967 258976.250177)

LINESTRING (544698.796346 258971.298134, 544701.063724 258974.202645)

LINESTRING (544698.796346 258971.298134, 544709.002816 258963.181424, 544720.657576 258952.769600, 544721.713885 258951.954522, 544723.062322 258950.736142)

LINESTRING (544692.278967 258976.250177, 544698.796346 258971.298134)

LINESTRING (544692.278967 258976.250177, 544690.358104 258974.123799)

LINESTRING (544692.278967 258976.250177, 544640.784442 259024.255836, 544628.437899 259037.296727)

LINESTRING (544701.063724 258974.202645, 544698.796346 258971.298134)

LINESTRING (544701.063724 258974.202645, 544702.487463 258976.025116, 544718.689295 258997.690919)

LINESTRING (544701.063724 258974.202645, 544690.387823 258982.005137, 544680.138239 258991.600995, 544661.434587 259009.487248, 544645.352434 259025.646927, 544636.628118 259034.764250, 544631.684200 259040.396736)

LINESTRING (544701.063724 258974.202645, 544712.050946 258965.340727, 544722.849521 258956.618021, 544724.763038 258955.015442, 544728.432961 258952.273184)

LINESTRING (544723.062322 258950.736142, 544725.101727 258948.803322)

LINESTRING (544723.062322 258950.736142, 544721.713885 258951.954522, 544720.657576 258952.769600, 544709.002816 258963.181424, 544698.796346 258971.298134)

LINESTRING (544723.062322 258950.736142, 544719.986233 258949.065763, 544718.155361 258950.882238, 544707.780700 258959.839946, 544699.489029 258966.309586, 544690.358104 258974.123799)

LINESTRING (544869.745137 258784.712337, 544862.984104 258794.476611)

LINESTRING (544869.745137 258784.712337, 544892.398685 258800.412071, 544900.334812 258804.951655, 544911.419701 258818.732700, 544893.586865 258821.049598, 544887.183536 258821.853013, 544879.699213 258828.056579, 544877.124196 258830.296471)

LINESTRING (544810.139378 258998.548131, 544822.254528 258996.019342)

LINESTRING (544810.139378 258998.548131, 544807.760925 258999.213249, 544786.021097 259005.389966)

LINESTRING (544810.139378 258998.548131, 544806.295388 258981.038644, 544799.467682 258980.460695, 544790.581517 258977.084480, 544784.868136 258978.620535, 544773.160627 258981.706725, 544754.131024 258986.393345)

LINESTRING (544786.021097 259005.389966, 544807.760925 258999.213249, 544810.139378 258998.548131)

LINESTRING (544754.131024 258986.393345, 544754.982474 258987.909719, 544756.831884 258993.651486, 544755.896258 258994.080511, 544755.378343 258994.254602, 544756.662169 258996.184309, 544762.151482 259005.360460, 544772.804740 259024.315461, 544782.176767 259042.888008)

LINESTRING (544754.131024 258986.393345, 544751.414968 258981.527844, 544739.496143 258965.863987, 544732.706396 258956.727800, 544728.432961 258952.273184)

LINESTRING (544754.131024 258986.393345, 544773.160627 258981.706725, 544784.868136 258978.620535, 544790.581517 258977.084480, 544799.467682 258980.460695, 544806.295388 258981.038644, 544810.139378 258998.548131)

LINESTRING (545251.461886 259160.203237, 545350.540489 259211.871990)

LINESTRING (545251.461886 259160.203237, 544996.448766 259274.938077)

LINESTRING (545251.461886 259160.203237, 545192.236355 259131.687163, 545096.825760 259095.456039, 545078.863397 259081.907260, 545054.108861 259048.580916, 545021.370191 259008.387191, 545020.715639 259007.622283)

LINESTRING (544996.448766 259274.938077, 545251.461886 259160.203237)

LINESTRING (544996.448766 259274.938077, 544984.711931 259269.229675)

LINESTRING (544996.448766 259274.938077, 544993.668257 259249.857284, 544940.022778 259056.740692, 544935.394679 259051.095664)

LINESTRING (544996.448766 259274.938077, 544997.870790 259266.531528, 545016.021193 259003.778400)

LINESTRING (544996.448766 259274.938077, 544997.392144 259277.047113, 545005.570396 259281.460427, 545004.262939 259284.316134, 545000.138036 259281.813467, 544998.807526 259281.017649, 544973.959689 259330.122491)

LINESTRING (544996.448766 259274.938077, 545022.233649 259288.682132, 545080.894828 259312.148646, 545088.749288 259315.940437)

LINESTRING (545020.715639 259007.622283, 545016.021193 259003.778400)

LINESTRING (545020.715639 259007.622283, 545026.535469 259005.021070, 545031.913500 259003.030251, 545044.596424 259003.768766, 545073.313920 259014.549060, 545106.401217 259032.313962, 545113.310088 259035.488157, 545120.807201 259036.787378, 545127.135498 259035.503460)

LINESTRING (545020.715639 259007.622283, 545021.370191 259008.387191, 545054.108861 259048.580916, 545078.863397 259081.907260, 545096.825760 259095.456039, 545192.236355 259131.687163, 545251.461886 259160.203237)

LINESTRING (544984.711931 259269.229675, 544996.448766 259274.938077)

LINESTRING (544984.711931 259269.229675, 544963.489984 259258.902852, 544925.459352 259237.899949, 544905.556264 259223.148575, 544866.062279 259188.802256, 544861.134206 259178.451399, 544858.086467 259169.268578)

LINESTRING (544984.711931 259269.229675, 544982.802977 259273.013892, 544982.345257 259273.935474)

LINESTRING (544935.394679 259051.095664, 544998.775965 258987.668616)

LINESTRING (544935.394679 259051.095664, 544890.832615 259097.197884)

LINESTRING (544935.394679 259051.095664, 544916.299134 259022.732879)

LINESTRING (544935.394679 259051.095664, 544940.022778 259056.740692, 544993.668257 259249.857284, 544996.448766 259274.938077)

LINESTRING (545016.021193 259003.778400, 545020.715639 259007.622283)

LINESTRING (545016.021193 259003.778400, 544998.775965 258987.668616)

LINESTRING (545016.021193 259003.778400, 544997.870790 259266.531528, 544996.448766 259274.938077)

LINESTRING (544973.959689 259330.122491, 544998.807526 259281.017649, 545000.138036 259281.813467, 545004.262939 259284.316134, 545005.570396 259281.460427, 544997.392144 259277.047113, 544996.448766 259274.938077)

LINESTRING (544973.959689 259330.122491, 544972.639283 259327.813208, 544969.745689 259325.758424)

LINESTRING (544973.959689 259330.122491, 544975.204310 259330.581871, 544977.783982 259332.148856)

LINESTRING (545088.749288 259315.940437, 545080.894828 259312.148646, 545022.233649 259288.682132, 544996.448766 259274.938077)

LINESTRING (545088.749288 259315.940437, 545103.278626 259322.944113, 545121.786785 259329.262957)

LINESTRING (545088.749288 259315.940437, 545088.362091 259307.681283, 545089.615086 259299.915382, 545094.778472 259286.798832)

LINESTRING (544858.086467 259169.268578, 544857.992692 259147.917290, 544858.361350 259134.838447)

LINESTRING (544858.086467 259169.268578, 544861.134206 259178.451399, 544866.062279 259188.802256, 544905.556264 259223.148575, 544925.459352 259237.899949, 544963.489984 259258.902852, 544984.711931 259269.229675)

LINESTRING (544858.086467 259169.268578, 544853.096770 259170.146734, 544844.759577 259171.628273, 544831.555107 259164.185500, 544830.574899 259163.099441, 544820.834035 259143.124673, 544815.161732 259129.924939, 544798.989349 259085.987262, 544790.063682 259063.376172, 544782.176767 259042.888008)

LINESTRING (544858.361350 259134.838447, 544854.338094 259133.296117, 544841.299985 259107.058557)

LINESTRING (544858.361350 259134.838447, 544857.992692 259147.917290, 544858.086467 259169.268578)

LINESTRING (544858.361350 259134.838447, 544862.830560 259133.288372, 544890.832615 259097.197884)

LINESTRING (544782.176767 259042.888008, 544790.063682 259063.376172, 544798.989349 259085.987262, 544815.161732 259129.924939, 544820.834035 259143.124673, 544830.574899 259163.099441, 544831.555107 259164.185500, 544844.759577 259171.628273, 544853.096770 259170.146734, 544858.086467 259169.268578)

LINESTRING (544782.176767 259042.888008, 544783.050901 259042.457192, 544783.390210 259042.311277, 544785.401019 259041.590883, 544795.911495 259037.579302, 544800.851175 259035.608821, 544806.471532 259036.552197)

LINESTRING (544782.176767 259042.888008, 544772.804740 259024.315461, 544762.151482 259005.360460, 544756.662169 258996.184309, 544755.378343 258994.254602, 544755.896258 258994.080511, 544756.831884 258993.651486, 544754.982474 258987.909719, 544754.131024 258986.393345)

LINESTRING (544890.832615 259097.197884, 544935.394679 259051.095664)

LINESTRING (544890.832615 259097.197884, 544875.302413 259078.790113)

LINESTRING (544890.832615 259097.197884, 544862.830560 259133.288372, 544858.361350 259134.838447)

LINESTRING (544875.302413 259078.790113, 544858.853019 259090.886838)

LINESTRING (544875.302413 259078.790113, 544845.188961 259040.210383)

LINESTRING (544875.302413 259078.790113, 544890.832615 259097.197884)

LINESTRING (544875.302413 259078.790113, 544876.068447 259072.701793, 544900.850053 259052.523042, 544890.953819 259040.201467)

LINESTRING (544998.775965 258987.668616, 544935.394679 259051.095664)

LINESTRING (544998.775965 258987.668616, 545016.021193 259003.778400)

LINESTRING (544998.775965 258987.668616, 544996.284928 258985.870480)

LINESTRING (544817.173455 259059.215225, 544832.144667 259051.137838)

LINESTRING (544817.173455 259059.215225, 544841.299985 259107.058557)

LINESTRING (544817.173455 259059.215225, 544806.471532 259036.552197)

LINESTRING (544996.284928 258985.870480, 544998.775965 258987.668616)

LINESTRING (544996.284928 258985.870480, 544987.129852 258980.237648, 544966.662046 258972.838035)

LINESTRING (544996.284928 258985.870480, 545000.271555 258980.254848, 545000.683754 258979.487764, 545003.643968 258974.598985, 545015.914966 258955.301345)

LINESTRING (544923.850334 258950.637988, 544922.603962 258947.896795)

LINESTRING (544923.850334 258950.637988, 544900.927213 258980.198459, 544897.503479 258982.702917, 544893.259914 258984.949664)

LINESTRING (544923.850334 258950.637988, 544934.058966 258957.659447, 544944.463093 258964.541947, 544955.781039 258969.403164, 544966.662046 258972.838035)

LINESTRING (544922.603962 258947.896795, 544923.850334 258950.637988)

LINESTRING (544922.603962 258947.896795, 544922.315378 258946.307806, 544922.055738 258943.729037, 544921.972093 258940.042352)

LINESTRING (544922.603962 258947.896795, 544916.023814 258949.140220, 544871.767974 258949.426802)

LINESTRING (544966.662046 258972.838035, 544987.129852 258980.237648, 544996.284928 258985.870480)

LINESTRING (544966.662046 258972.838035, 544955.781039 258969.403164, 544944.463093 258964.541947, 544934.058966 258957.659447, 544923.850334 258950.637988)

LINESTRING (544966.662046 258972.838035, 544942.454660 258997.441012, 544928.741992 258988.658588)

LINESTRING (544923.498802 258932.028422, 544921.972093 258940.042352)

LINESTRING (544923.498802 258932.028422, 544924.633169 258924.570681)

LINESTRING (544923.498802 258932.028422, 544920.101023 258931.773229, 544918.312342 258931.676400)

LINESTRING (544921.972093 258940.042352, 544923.498802 258932.028422)

LINESTRING (544921.972093 258940.042352, 544907.647372 258939.089192)

LINESTRING (544921.972093 258940.042352, 544922.055738 258943.729037, 544922.315378 258946.307806, 544922.603962 258947.896795)

LINESTRING (544924.633169 258924.570681, 544923.498802 258932.028422)

LINESTRING (544924.633169 258924.570681, 544926.580529 258915.033026, 544929.835390 258902.639646, 544933.471898 258891.927023)

LINESTRING (544924.633169 258924.570681, 544905.596427 258910.545939, 544903.590069 258909.006899, 544900.308059 258906.428805)

LINESTRING (544918.312342 258931.676400, 544912.214842 258922.259671)

LINESTRING (544918.312342 258931.676400, 544914.854692 258930.662577, 544910.357577 258927.548064)

LINESTRING (544918.312342 258931.676400, 544920.101023 258931.773229, 544923.498802 258932.028422)

LINESTRING (544933.471898 258891.927023, 544934.112797 258890.354086)

LINESTRING (544933.471898 258891.927023, 544929.835390 258902.639646, 544926.580529 258915.033026, 544924.633169 258924.570681)

LINESTRING (544933.471898 258891.927023, 544947.084295 258897.834811, 544954.579705 258900.836705, 544955.816305 258901.340363, 544972.562600 258907.640419)

LINESTRING (544923.019950 258870.773688, 544934.112797 258890.354086)

LINESTRING (544923.019950 258870.773688, 544927.357362 258872.803868, 544931.796261 258873.234210, 544941.732361 258871.576944)

LINESTRING (544977.783982 259332.148856, 544974.755668 259336.801906)

LINESTRING (544977.783982 259332.148856, 544979.851304 259332.532132, 544983.512631 259332.650392, 544990.862582 259335.692642, 545017.346248 259348.444246, 545048.446477 259362.778124, 545062.029423 259369.408930, 545075.379156 259373.728900, 545106.007493 259384.788054, 545128.907337 259391.024068)

LINESTRING (544977.783982 259332.148856, 544975.204310 259330.581871, 544973.959689 259330.122491)

LINESTRING (544971.477193 259342.293568, 544974.755668 259336.801906)

LINESTRING (544971.477193 259342.293568, 544977.201899 259346.434704)

LINESTRING (544971.477193 259342.293568, 544965.959363 259339.961656, 544941.467711 259325.253958, 544934.623895 259321.503096)

LINESTRING (544938.339553 259316.024199, 544934.623895 259321.503096)

LINESTRING (544938.339553 259316.024199, 544974.755668 259336.801906)

LINESTRING (544938.339553 259316.024199, 544926.663585 259308.470027, 544848.745386 259253.510386)

LINESTRING (544709.557760 258483.524209, 544761.214314 258487.069583)

LINESTRING (544709.557760 258483.524209, 544710.475948 258500.324832)

LINESTRING (544709.557760 258483.524209, 544703.398954 258477.578745, 544697.249461 258469.908319)

LINESTRING (544761.214314 258487.069583, 544767.904429 258487.699081)

LINESTRING (544761.214314 258487.069583, 544709.557760 258483.524209)

LINESTRING (544761.214314 258487.069583, 544759.287020 258490.074209, 544759.794952 258490.946101, 544760.341931 258491.885916, 544759.764615 258495.965118)

LINESTRING (544761.214314 258487.069583, 544761.700289 258484.712958, 544761.900338 258483.717046)

LINESTRING (544697.249461 258469.908319, 544705.004547 258471.069699)

LINESTRING (544697.249461 258469.908319, 544694.340817 258461.085885, 544695.290146 258444.261874)

LINESTRING (544697.249461 258469.908319, 544703.398954 258477.578745, 544709.557760 258483.524209)

LINESTRING (545050.910576 258659.771842, 545035.172219 258639.331753, 545011.699784 258607.668357, 545007.767889 258602.288526, 544999.320057 258596.297959, 544994.318047 258594.070193)

LINESTRING (545050.910576 258659.771842, 545048.676238 258672.796081, 545051.655745 258676.834661, 545062.276062 258682.655171, 545068.911843 258685.832415)

LINESTRING (544994.318047 258594.070193, 544993.725901 258595.377415)

LINESTRING (544994.318047 258594.070193, 544999.320057 258596.297959, 545007.767889 258602.288526, 545011.699784 258607.668357, 545035.172219 258639.331753, 545050.910576 258659.771842)

LINESTRING (545068.911843 258685.832415, 545066.373689 258692.414245)

LINESTRING (545068.911843 258685.832415, 545077.413502 258688.574540, 545091.920784 258690.791266)

LINESTRING (544822.751564 258680.903780, 544825.113238 258670.053657, 544826.021801 258665.872835)

LINESTRING (544822.751564 258680.903780, 544824.058831 258681.331552, 544847.496219 258688.950864, 544852.996682 258693.307870, 544860.095692 258702.397597)

LINESTRING (544825.169590 258493.546024, 544825.063776 258491.550553)

LINESTRING (544901.984672 258501.768314, 544911.077005 258508.178247)

LINESTRING (544901.984672 258501.768314, 544884.437374 258546.211908, 544879.933038 258556.431712, 544876.132658 258561.284878, 544871.519466 258563.064497, 544863.757770 258563.772600, 544857.002717 258563.964735, 544836.711268 258566.376979)

LINESTRING (544911.077005 258508.178247, 544915.025630 258510.887132)

LINESTRING (544911.077005 258508.178247, 544918.967510 258499.793851, 544927.621233 258443.325233, 544926.608288 258438.208920)

LINESTRING (544915.025630 258510.887132, 544936.150179 258525.362454, 544964.098350 258539.169261)

LINESTRING (544915.025630 258510.887132, 544917.795364 258507.372924, 544919.706801 258503.978320, 544920.823710 258500.627269, 544929.678198 258443.841736, 544929.940372 258439.319238, 544930.203868 258436.154716)

LINESTRING (544926.608288 258438.208920, 544930.203868 258436.154716)

LINESTRING (544926.608288 258438.208920, 544922.697044 258436.558531, 544892.273025 258433.031090, 544885.662589 258433.650386)

LINESTRING (544876.558592 258485.419903, 544889.038001 258491.761840, 544901.984672 258501.768314)

LINESTRING (544854.097138 258493.278315, 544858.096401 258479.515322)

LINESTRING (544858.096401 258479.515322, 544854.097138 258493.278315)

LINESTRING (544858.096401 258479.515322, 544867.820571 258481.858701, 544872.348361 258483.705159)

LINESTRING (544993.725901 258595.377415, 544986.533955 258612.608718, 544962.970081 258647.648761)

LINESTRING (544993.725901 258595.377415, 544988.535833 258593.967820, 544948.061447 258573.806225, 544959.263599 258548.989765, 544961.263218 258544.918786, 544964.098350 258539.169261)

LINESTRING (544964.098350 258539.169261, 544981.702897 258547.965390, 544993.225790 258551.229830)

LINESTRING (544964.098350 258539.169261, 544961.263218 258544.918786, 544959.263599 258548.989765, 544948.061447 258573.806225, 544988.535833 258593.967820, 544993.725901 258595.377415)

LINESTRING (544993.225790 258551.229830, 545006.000329 258548.175326, 545009.532095 258547.132202, 545012.777875 258545.346091)

LINESTRING (544993.225790 258551.229830, 545000.103859 258553.612654, 545003.961300 258556.396861)

LINESTRING (545012.777875 258545.346091, 545003.961300 258556.396861)

LINESTRING (545012.777875 258545.346091, 545023.383041 258522.716157)

LINESTRING (544930.203868 258436.154716, 544936.949939 258432.300434)

LINESTRING (544930.203868 258436.154716, 544926.608288 258438.208920)

LINESTRING (544930.203868 258436.154716, 544930.183344 258434.517914, 544929.674451 258433.211882, 544928.834338 258432.007470, 544927.583292 258431.058178)

LINESTRING (544930.203868 258436.154716, 544929.940372 258439.319238, 544929.678198 258443.841736, 544920.823710 258500.627269, 544919.706801 258503.978320, 544917.795364 258507.372924, 544915.025630 258510.887132)

LINESTRING (544885.662589 258433.650386, 544884.467646 258425.634803)

LINESTRING (544885.662589 258433.650386, 544882.828711 258435.849324, 544880.320589 258440.473129)

LINESTRING (544884.467646 258425.634803, 544885.662589 258433.650386)

LINESTRING (544884.467646 258425.634803, 544887.664364 258425.527898, 544908.059669 258428.472699)

LINESTRING (544884.467646 258425.634803, 544883.360786 258427.004905, 544882.224344 258429.387030, 544880.486036 258434.111252, 544878.493335 258440.286150)

LINESTRING (544880.320589 258440.473129, 544878.493335 258440.286150)

LINESTRING (544880.320589 258440.473129, 544875.352987 258480.108750, 544876.558592 258485.419903)

LINESTRING (544878.493335 258440.286150, 544880.320589 258440.473129)

LINESTRING (544878.493335 258440.286150, 544840.019423 258435.622155)

LINESTRING (544878.493335 258440.286150, 544880.486036 258434.111252, 544882.224344 258429.387030, 544883.360786 258427.004905, 544884.467646 258425.634803)

LINESTRING (544878.493335 258440.286150, 544873.666319 258480.493542, 544872.348361 258483.705159)

LINESTRING (544815.555753 258432.658940, 544817.278389 258445.086511)

LINESTRING (544815.555753 258432.658940, 544840.019423 258435.622155)

LINESTRING (544840.019423 258435.622155, 544878.493335 258440.286150)

LINESTRING (544840.019423 258435.622155, 544815.555753 258432.658940)

LINESTRING (544840.019423 258435.622155, 544839.883245 258440.048160, 544839.570456 258446.305554)

LINESTRING (544936.949939 258432.300434, 544930.203868 258436.154716)

LINESTRING (544936.949939 258432.300434, 544990.330475 258445.893894)

LINESTRING (544936.949939 258432.300434, 544927.583292 258431.058178)

LINESTRING (544927.583292 258431.058178, 544936.949939 258432.300434)

LINESTRING (544927.583292 258431.058178, 544908.059669 258428.472699)

LINESTRING (544927.583292 258431.058178, 544928.834338 258432.007470, 544929.674451 258433.211882, 544930.183344 258434.517914, 544930.203868 258436.154716)

LINESTRING (545350.986156 258723.660174, 545352.251399 258728.550255, 545359.826948 258765.192006)

LINESTRING (545350.986156 258723.660174, 545348.044556 258712.042526, 545348.309104 258702.555822, 545349.933305 258697.305257)

LINESTRING (545350.986156 258723.660174, 545341.336578 258724.857555, 545308.877684 258728.758725)

LINESTRING (544482.220861 259009.412350, 544485.746334 259011.852563)

LINESTRING (544482.220861 259009.412350, 544459.587012 258997.488342, 544451.152229 258994.103641)

LINESTRING (544482.220861 259009.412350, 544495.273706 258993.241749, 544499.180788 258988.691958, 544491.444366 258980.585921)

LINESTRING (544797.437808 259217.939981, 544793.267800 259223.995625)

LINESTRING (544797.437808 259217.939981, 544794.340127 259216.547180)

LINESTRING (544797.437808 259217.939981, 544814.058056 259228.754897, 544830.405626 259239.773385, 544848.745386 259253.510386)

LINESTRING (544793.267800 259223.995625, 544797.437808 259217.939981)

LINESTRING (544793.267800 259223.995625, 544784.970290 259231.845137, 544752.146616 259266.626590)

LINESTRING (544793.267800 259223.995625, 544797.765973 259226.130579, 544813.432353 259236.127347, 544827.051143 259245.530050, 544838.765456 259252.484040, 544845.820589 259257.431915)

LINESTRING (544793.267800 259223.995625, 544786.599747 259220.773256, 544779.325640 259217.933890, 544771.795823 259214.953497)

LINESTRING (544794.340127 259216.547180, 544797.437808 259217.939981)

LINESTRING (544794.340127 259216.547180, 544787.579890 259209.927276, 544770.731614 259202.934726)

LINESTRING (544848.745386 259253.510386, 544845.820589 259257.431915)

LINESTRING (544848.745386 259253.510386, 544926.663585 259308.470027, 544938.339553 259316.024199)

LINESTRING (544848.745386 259253.510386, 544830.405626 259239.773385, 544814.058056 259228.754897, 544797.437808 259217.939981)

LINESTRING (544845.820589 259257.431915, 544848.745386 259253.510386)

LINESTRING (544845.820589 259257.431915, 544816.079384 259297.389763, 544810.231800 259303.529931, 544805.614799 259307.101501)

LINESTRING (544845.820589 259257.431915, 544849.532793 259261.425020, 544868.529206 259274.212932, 544887.219426 259288.817392, 544907.968415 259303.626833, 544929.108950 259317.668676, 544934.623895 259321.503096)

LINESTRING (544845.820589 259257.431915, 544838.765456 259252.484040, 544827.051143 259245.530050, 544813.432353 259236.127347, 544797.765973 259226.130579, 544793.267800 259223.995625)

LINESTRING (545096.510764 259388.984474, 545141.909906 259402.056975)

LINESTRING (545096.510764 259388.984474, 545093.725008 259394.690841)

LINESTRING (545096.510764 259388.984474, 545078.358017 259383.377353, 545058.225805 259375.786747, 545029.829268 259362.990053)

LINESTRING (545093.725008 259394.690841, 545061.812033 259385.708975, 545041.991478 259376.814142, 545026.542591 259369.694682)

LINESTRING (545093.725008 259394.690841, 545109.467900 259399.003072, 545142.759660 259408.292777, 545148.722678 259410.593412, 545151.388405 259413.420777, 545152.819319 259415.455085)

LINESTRING (544487.315716 259197.456376, 544482.519960 259194.266759)

LINESTRING (544487.315716 259197.456376, 544491.469619 259200.616152)

LINESTRING (544487.315716 259197.456376, 544481.931905 259209.275911, 544475.855019 259222.589002)

LINESTRING (544487.315716 259197.456376, 544491.597453 259189.901120, 544496.088108 259182.919618, 544500.364202 259177.434494, 544511.392797 259163.609127)

LINESTRING (544482.519960 259194.266759, 544487.315716 259197.456376)

LINESTRING (544482.519960 259194.266759, 544496.267681 259175.823537)

LINESTRING (544482.519960 259194.266759, 544475.457260 259189.564074, 544461.942176 259180.799843)

LINESTRING (544482.519960 259194.266759, 544473.562602 259206.238110, 544467.677526 259221.415612)

LINESTRING (544491.469619 259200.616152, 544487.315716 259197.456376)

LINESTRING (544491.469619 259200.616152, 544498.085012 259205.650865, 544512.247526 259212.842409, 544517.940434 259215.746565)

LINESTRING (544491.469619 259200.616152, 544493.352725 259195.595513, 544502.903359 259181.804947, 544508.680249 259173.859212, 544514.928582 259166.394716)

LINESTRING (544491.469619 259200.616152, 544490.987645 259202.138119, 544486.423361 259214.693904, 544480.170431 259230.995986, 544474.396843 259245.163847, 544472.774880 259248.967741)

LINESTRING (544475.855019 259222.589002, 544467.677526 259221.415612)

LINESTRING (544475.855019 259222.589002, 544465.983797 259246.677193)

LINESTRING (544475.855019 259222.589002, 544481.931905 259209.275911, 544487.315716 259197.456376)

LINESTRING (544511.392797 259163.609127, 544514.928582 259166.394716)

LINESTRING (544511.392797 259163.609127, 544518.543777 259154.735113, 544533.552741 259137.130171)

LINESTRING (544511.392797 259163.609127, 544500.364202 259177.434494, 544496.088108 259182.919618, 544491.597453 259189.901120, 544487.315716 259197.456376)

LINESTRING (544442.543728 259284.027078, 544454.553943 259269.117157, 544459.177152 259261.571831, 544465.983797 259246.677193)

LINESTRING (544465.983797 259246.677193, 544472.774880 259248.967741)

LINESTRING (544465.983797 259246.677193, 544475.855019 259222.589002)

LINESTRING (544465.983797 259246.677193, 544459.177152 259261.571831, 544454.553943 259269.117157, 544442.543728 259284.027078)

LINESTRING (544467.677526 259221.415612, 544475.855019 259222.589002)

LINESTRING (544467.677526 259221.415612, 544466.840159 259221.291023, 544464.692426 259221.083710, 544457.705130 259215.437147)

LINESTRING (544467.677526 259221.415612, 544462.622599 259235.793658, 544461.601728 259238.680110)

LINESTRING (544467.677526 259221.415612, 544473.562602 259206.238110, 544482.519960 259194.266759)

LINESTRING (544518.852213 259267.708515, 544497.905366 259258.705164)

LINESTRING (544518.852213 259267.708515, 544510.114917 259288.546172, 544497.968222 259317.509926, 544490.198680 259329.081787)

LINESTRING (544518.852213 259267.708515, 544529.994409 259271.784509, 544548.192426 259278.448301)

LINESTRING (544518.852213 259267.708515, 544521.391437 259262.228407, 544536.001847 259231.789411)

LINESTRING (544497.905366 259258.705164, 544518.852213 259267.708515)

LINESTRING (544497.905366 259258.705164, 544472.774880 259248.967741)

LINESTRING (544490.198680 259329.081787, 544483.357110 259321.257832)

LINESTRING (544490.198680 259329.081787, 544500.048436 259341.835287)

LINESTRING (544490.198680 259329.081787, 544497.968222 259317.509926, 544510.114917 259288.546172, 544518.852213 259267.708515)

LINESTRING (544548.192426 259278.448301, 544575.097194 259288.293541)

LINESTRING (544548.192426 259278.448301, 544550.888350 259271.347710)

LINESTRING (544548.192426 259278.448301, 544529.994409 259271.784509, 544518.852213 259267.708515)

LINESTRING (544548.192426 259278.448301, 544546.410426 259283.048908, 544545.697505 259284.987096)

LINESTRING (544536.001847 259231.789411, 544535.207297 259226.212067, 544534.074838 259225.655897)

LINESTRING (544536.001847 259231.789411, 544534.245822 259227.998309, 544519.394164 259218.415784, 544516.117009 259218.954649)

LINESTRING (544575.097194 259288.293541, 544591.856265 259295.060213)

LINESTRING (544575.097194 259288.293541, 544586.849813 259263.948786, 544602.901754 259271.051037, 544591.856265 259295.060213)

LINESTRING (544575.097194 259288.293541, 544548.192426 259278.448301)

LINESTRING (544591.856265 259295.060213, 544575.097194 259288.293541)

LINESTRING (544591.856265 259295.060213, 544602.901754 259271.051037, 544586.849813 259263.948786, 544575.097194 259288.293541)

LINESTRING (544591.856265 259295.060213, 544575.983316 259332.207363)

LINESTRING (544575.983316 259332.207363, 544591.856265 259295.060213)

LINESTRING (544483.357110 259321.257832, 544490.198680 259329.081787)

LINESTRING (544483.357110 259321.257832, 544492.189399 259305.832374)

LINESTRING (544483.357110 259321.257832, 544477.666575 259314.758598, 544476.792084 259314.031872, 544468.881955 259307.445671)

LINESTRING (544500.048436 259341.835287, 544492.667505 259348.053529)

LINESTRING (544500.048436 259341.835287, 544490.198680 259329.081787)

LINESTRING (544500.048436 259341.835287, 544512.669401 259320.520960)

LINESTRING (544500.048436 259341.835287, 544508.402549 259352.652988, 544515.147535 259365.661023, 544522.728823 259374.608533, 544532.489785 259377.742678)

LINESTRING (544468.881955 259307.445671, 544476.792084 259314.031872, 544477.666575 259314.758598, 544483.357110 259321.257832)

LINESTRING (544468.881955 259307.445671, 544464.116944 259301.563360, 544449.038468 259290.149010)

LINESTRING (544449.038468 259290.149010, 544442.543728 259284.027078)

LINESTRING (544449.038468 259290.149010, 544453.293236 259284.218005, 544456.881121 259278.178517, 544462.638477 259268.551446, 544467.726801 259260.062457, 544471.364328 259252.321445, 544472.774880 259248.967741)

LINESTRING (544472.774880 259248.967741, 544497.905366 259258.705164)

LINESTRING (544472.774880 259248.967741, 544465.983797 259246.677193)

LINESTRING (544472.774880 259248.967741, 544474.396843 259245.163847, 544480.170431 259230.995986, 544486.423361 259214.693904, 544490.987645 259202.138119, 544491.469619 259200.616152)

LINESTRING (544472.774880 259248.967741, 544471.364328 259252.321445, 544467.726801 259260.062457, 544462.638477 259268.551446, 544456.881121 259278.178517, 544453.293236 259284.218005, 544449.038468 259290.149010)

LINESTRING (544752.146616 259266.626590, 544805.614799 259307.101501)

LINESTRING (544752.146616 259266.626590, 544716.523701 259299.412020, 544671.794203 259336.172555, 544659.414053 259347.809905)

LINESTRING (544752.146616 259266.626590, 544784.970290 259231.845137, 544793.267800 259223.995625)

LINESTRING (544805.614799 259307.101501, 544752.146616 259266.626590)

LINESTRING (544805.614799 259307.101501, 544765.398067 259337.748825, 544713.203293 259378.219995)

LINESTRING (544805.614799 259307.101501, 544810.231800 259303.529931, 544816.079384 259297.389763, 544845.820589 259257.431915)

LINESTRING (544659.414053 259347.809905, 544671.794203 259336.172555, 544716.523701 259299.412020, 544752.146616 259266.626590)

LINESTRING (544659.414053 259347.809905, 544641.893520 259327.085240, 544639.289329 259325.183802, 544635.768467 259324.001358)

LINESTRING (544635.768467 259324.001358, 544639.289329 259325.183802, 544641.893520 259327.085240, 544659.414053 259347.809905)

LINESTRING (544635.768467 259324.001358, 544640.819488 259318.438796, 544659.747718 259300.080452, 544698.747397 259263.096822, 544704.774853 259258.520066)

LINESTRING (544704.774853 259258.520066, 544714.723378 259255.705162)

LINESTRING (544704.774853 259258.520066, 544671.483008 259219.904226)

LINESTRING (544704.774853 259258.520066, 544698.747397 259263.096822, 544659.747718 259300.080452, 544640.819488 259318.438796, 544635.768467 259324.001358)

LINESTRING (544683.163608 259412.070270, 544698.644966 259390.928955, 544701.053389 259388.528292, 544703.785476 259385.814294, 544713.203293 259378.219995)

LINESTRING (544713.203293 259378.219995, 544734.718855 259402.834912)

LINESTRING (544713.203293 259378.219995, 544703.785476 259385.814294, 544701.053389 259388.528292, 544698.644966 259390.928955, 544683.163608 259412.070270)

LINESTRING (544713.203293 259378.219995, 544765.398067 259337.748825, 544805.614799 259307.101501)

LINESTRING (544734.718855 259402.834912, 544713.203293 259378.219995)

LINESTRING (544734.718855 259402.834912, 544820.257033 259339.029105, 544857.202244 259372.120748)

LINESTRING (544857.202244 259372.120748, 544820.257033 259339.029105, 544734.718855 259402.834912)

LINESTRING (545412.573268 259431.708828, 545338.953731 259422.503092, 545328.653797 259421.210347)

LINESTRING (545412.573268 259431.708828, 545414.455777 259384.803684, 545414.739917 259376.519657)

LINESTRING (545328.653797 259421.210347, 545329.884361 259397.437908)

LINESTRING (545414.739917 259376.519657, 545414.496280 259352.670565)

LINESTRING (545414.739917 259376.519657, 545414.455777 259384.803684, 545412.573268 259431.708828)

LINESTRING (545414.496280 259352.670565, 545414.739917 259376.519657)

LINESTRING (545414.496280 259352.670565, 545414.266710 259344.883474)

LINESTRING (545414.496280 259352.670565, 545364.696013 259371.923520, 545371.870851 259380.459771, 545372.158043 259395.839677, 545358.674056 259397.503264, 545329.884361 259397.437908)

LINESTRING (545414.266710 259344.883474, 545414.496280 259352.670565)

LINESTRING (545414.266710 259344.883474, 545365.450928 259365.768137, 545354.336609 259368.692243)

LINESTRING (545329.884361 259397.437908, 545328.653797 259421.210347)

LINESTRING (545329.884361 259397.437908, 545358.674056 259397.503264, 545372.158043 259395.839677, 545371.870851 259380.459771, 545364.696013 259371.923520, 545414.496280 259352.670565)

LINESTRING (545329.884361 259397.437908, 545331.305871 259377.878468, 545332.735230 259341.500798, 545332.783699 259333.321168)

LINESTRING (544607.382529 259138.360303, 544610.865300 259141.789990)

LINESTRING (544610.865300 259141.789990, 544607.382529 259138.360303)

LINESTRING (544610.865300 259141.789990, 544621.958128 259153.422419)

LINESTRING (544610.865300 259141.789990, 544609.130180 259143.609296)

LINESTRING (544835.492958 258561.032073, 544786.759201 258572.163499, 544775.478536 258573.948784, 544749.535051 258575.316965, 544732.901533 258574.708763)

LINESTRING (544835.492958 258561.032073, 544833.598038 258550.057565, 544829.263287 258521.481047)

LINESTRING (544829.263287 258521.481047, 544825.169590 258493.546024)

LINESTRING (544829.263287 258521.481047, 544825.602670 258521.552170)

LINESTRING (544829.263287 258521.481047, 544835.004562 258520.880805)

LINESTRING (544819.568935 258698.085495, 544820.835918 258690.765181, 544822.751564 258680.903780)

LINESTRING (544819.568935 258698.085495, 544823.757801 258698.419382, 544827.140128 258698.740833)

LINESTRING (544758.180767 258721.102183, 544799.356170 258701.334962, 544810.962970 258701.952356, 544818.929124 258702.430001)

LINESTRING (544837.303545 258631.519520, 544840.196311 258622.855394, 544842.210215 258611.271625, 544842.210873 258600.953563, 544841.924076 258595.791706, 544841.154780 258590.760446, 544840.301166 258584.168437)

LINESTRING (544837.303545 258631.519520, 544842.036177 258633.371944, 544850.425798 258636.444314, 544872.833355 258646.081672)

LINESTRING (544872.833355 258646.081672, 544850.425798 258636.444314, 544842.036177 258633.371944, 544837.303545 258631.519520)

LINESTRING (545197.309869 258929.124200, 545189.808024 258928.448049)

LINESTRING (545189.808024 258928.448049, 545197.309869 258929.124200)

LINESTRING (545189.808024 258928.448049, 545190.023602 258931.125724)

LINESTRING (545189.808024 258928.448049, 545161.386425 258931.132725)

LINESTRING (545189.808024 258928.448049, 545189.527772 258924.243580, 545188.225812 258908.700428)

LINESTRING (545099.314175 258727.182317, 545099.028714 258732.961896, 545090.554246 258829.728500)

LINESTRING (545099.314175 258727.182317, 545094.024017 258728.029194, 545078.734935 258731.265848)

LINESTRING (545091.920784 258690.791266, 545095.231528 258691.222111)

LINESTRING (544695.290146 258444.261874, 544696.029980 258433.208528)

LINESTRING (544695.290146 258444.261874, 544694.340817 258461.085885, 544697.249461 258469.908319)

LINESTRING (544695.290146 258444.261874, 544700.915402 258444.826800, 544709.064196 258445.621237)

LINESTRING (544696.029980 258433.208528, 544695.290146 258444.261874)

LINESTRING (544696.029980 258433.208528, 544691.347619 258432.671134, 544670.087401 258429.368065)

LINESTRING (544709.064196 258445.621237, 544700.915402 258444.826800, 544695.290146 258444.261874)

LINESTRING (545373.874562 258464.842153, 545396.210870 258514.205164)

LINESTRING (545373.874562 258464.842153, 545408.367496 258448.545778, 545421.102817 258442.652847)

LINESTRING (545422.088838 258502.742897, 545396.210870 258514.205164)

LINESTRING (545422.088838 258502.742897, 545412.701066 258480.083676, 545419.592198 258477.124746)

LINESTRING (544485.539268 258798.027984, 544485.144434 258792.807360)

LINESTRING (544485.539268 258798.027984, 544488.649155 258797.606645)

LINESTRING (544485.539268 258798.027984, 544481.560447 258798.935999, 544474.883642 258800.444329, 544457.908777 258804.301557)

LINESTRING (544485.144434 258792.807360, 544476.513874 258720.362799)

LINESTRING (544485.144434 258792.807360, 544485.539268 258798.027984)

LINESTRING (544485.144434 258792.807360, 544644.095057 258756.205148)

LINESTRING (544488.649155 258797.606645, 544485.539268 258798.027984)

LINESTRING (544488.649155 258797.606645, 544644.110372 258761.303409)

LINESTRING (544488.649155 258797.606645, 544492.357002 258803.647351)

LINESTRING (544457.908777 258804.301557, 544461.344394 258820.151475)

LINESTRING (544457.908777 258804.301557, 544474.883642 258800.444329, 544481.560447 258798.935999, 544485.539268 258798.027984)

LINESTRING (544644.110372 258761.303409, 544488.649155 258797.606645)

LINESTRING (544644.110372 258761.303409, 544646.125521 258760.905869)

LINESTRING (544644.110372 258761.303409, 544645.002322 258764.011916, 544646.863828 258776.844175, 544646.496494 258786.149766, 544645.064079 258791.884739, 544639.013378 258796.538823, 544606.346796 258804.089317)

LINESTRING (544492.357002 258803.647351, 544488.649155 258797.606645)

LINESTRING (544492.357002 258803.647351, 544504.065748 258811.312669, 544520.870348 258816.577714, 544539.555974 258817.601271, 544554.059801 258816.176627)

LINESTRING (544492.357002 258803.647351, 544517.422655 258843.825026, 544547.021190 258869.943558, 544553.861322 258873.148333, 544562.037092 258874.165960, 544567.881674 258873.290178, 544566.764743 258868.682922, 544554.059801 258816.176627)

LINESTRING (544554.059801 258816.176627, 544606.346796 258804.089317)

LINESTRING (544554.059801 258816.176627, 544539.555974 258817.601271, 544520.870348 258816.577714, 544504.065748 258811.312669, 544492.357002 258803.647351)

LINESTRING (544554.059801 258816.176627, 544566.764743 258868.682922, 544567.881674 258873.290178, 544562.037092 258874.165960, 544553.861322 258873.148333, 544547.021190 258869.943558, 544517.422655 258843.825026, 544492.357002 258803.647351)

LINESTRING (544606.346796 258804.089317, 544554.059801 258816.176627)

LINESTRING (544606.346796 258804.089317, 544639.013378 258796.538823, 544645.064079 258791.884739, 544646.496494 258786.149766, 544646.863828 258776.844175, 544645.002322 258764.011916, 544644.110372 258761.303409)

LINESTRING (544606.346796 258804.089317, 544607.613404 258809.190697, 544608.486287 258813.490316)

LINESTRING (544461.344394 258820.151475, 544457.908777 258804.301557)

LINESTRING (544461.344394 258820.151475, 544468.530199 258852.316846)

LINESTRING (544468.530199 258852.316846, 544461.344394 258820.151475)

LINESTRING (544468.530199 258852.316846, 544469.607444 258859.226950, 544473.341216 258861.328172, 544505.067404 258872.170528, 544518.507736 258880.008818)

LINESTRING (544518.507736 258880.008818, 544505.067404 258872.170528, 544473.341216 258861.328172, 544469.607444 258859.226950, 544468.530199 258852.316846)

LINESTRING (545354.336609 259368.692243, 545365.450928 259365.768137, 545414.266710 259344.883474)

LINESTRING (544832.144667 259051.137838, 544845.188961 259040.210383)

LINESTRING (544832.144667 259051.137838, 544817.173455 259059.215225)

LINESTRING (544832.144667 259051.137838, 544858.853019 259090.886838)

LINESTRING (544832.144667 259051.137838, 544827.343622 259042.749728)

LINESTRING (544841.299985 259107.058557, 544817.173455 259059.215225)

LINESTRING (544841.299985 259107.058557, 544861.585164 259095.430088, 544858.853019 259090.886838)

LINESTRING (544841.299985 259107.058557, 544854.338094 259133.296117, 544858.361350 259134.838447)

LINESTRING (544827.343622 259042.749728, 544832.144667 259051.137838)

LINESTRING (544858.853019 259090.886838, 544832.144667 259051.137838)

LINESTRING (544858.853019 259090.886838, 544875.302413 259078.790113)

LINESTRING (544858.853019 259090.886838, 544861.585164 259095.430088, 544841.299985 259107.058557)

LINESTRING (544848.343161 258964.347194, 544852.055437 258961.327997, 544861.196395 258952.712957, 544870.833908 258947.462766)

LINESTRING (544870.833908 258947.462766, 544861.947755 258930.518192)

LINESTRING (544870.833908 258947.462766, 544871.767974 258949.426802)

LINESTRING (544870.833908 258947.462766, 544861.196395 258952.712957, 544852.055437 258961.327997, 544848.343161 258964.347194)

LINESTRING (545328.556645 258614.300290, 545336.497040 258622.191032)

LINESTRING (545328.556645 258614.300290, 545289.890987 258578.438982)

LINESTRING (545328.556645 258614.300290, 545334.707878 258613.245162)

LINESTRING (545328.556645 258614.300290, 545317.558590 258615.536101, 545303.058053 258617.515179, 545296.172771 258619.583978, 545284.149982 258624.518592, 545274.307311 258625.532361, 545257.649367 258615.961491)

LINESTRING (545336.497040 258622.191032, 545328.556645 258614.300290)

LINESTRING (545336.497040 258622.191032, 545345.513436 258647.254575)

LINESTRING (545336.497040 258622.191032, 545334.707878 258613.245162)

LINESTRING (545289.890987 258578.438982, 545328.556645 258614.300290)

LINESTRING (545289.890987 258578.438982, 545285.871418 258574.659163)

LINESTRING (545289.890987 258578.438982, 545291.759316 258576.289881, 545291.540218 258573.033304, 545289.361753 258570.832356)

LINESTRING (545289.890987 258578.438982, 545287.921477 258580.540595, 545284.395914 258580.437247, 545282.378468 258578.808685)

LINESTRING (545334.707878 258613.245162, 545367.211312 258607.152690)

LINESTRING (545334.707878 258613.245162, 545328.556645 258614.300290)

LINESTRING (545334.707878 258613.245162, 545336.497040 258622.191032)

LINESTRING (545334.707878 258613.245162, 545316.689627 258559.111538, 545313.282912 258547.023929)

LINESTRING (545257.649367 258615.961491, 545246.446815 258633.976499)

LINESTRING (545257.649367 258615.961491, 545274.307311 258625.532361, 545284.149982 258624.518592, 545296.172771 258619.583978, 545303.058053 258617.515179, 545317.558590 258615.536101, 545328.556645 258614.300290)

LINESTRING (545257.649367 258615.961491, 545273.967895 258592.085904, 545278.977020 258581.703126, 545282.378468 258578.808685)

LINESTRING (544670.087401 258429.368065, 544691.347619 258432.671134, 544696.029980 258433.208528)

LINESTRING (544738.649099 258659.825393, 544736.053174 258616.651875)

LINESTRING (544738.649099 258659.825393, 544739.970814 258682.002770)

LINESTRING (544738.649099 258659.825393, 544711.590444 258660.994224)

LINESTRING (544738.649099 258659.825393, 544784.600210 258658.473967)

LINESTRING (544736.053174 258616.651875, 544708.858950 258618.005994)

LINESTRING (544736.053174 258616.651875, 544783.316823 258615.093876)

LINESTRING (544736.053174 258616.651875, 544733.469748 258589.673758)

LINESTRING (544736.053174 258616.651875, 544738.649099 258659.825393)

LINESTRING (544739.970814 258682.002770, 544738.649099 258659.825393)

LINESTRING (544739.970814 258682.002770, 544714.701297 258687.709465, 544711.590444 258660.994224)

LINESTRING (544739.970814 258682.002770, 544747.730675 258681.350083, 544755.973047 258681.034289)

LINESTRING (544711.590444 258660.994224, 544711.185587 258653.079674)

LINESTRING (544711.590444 258660.994224, 544707.844700 258661.174250)

LINESTRING (544711.590444 258660.994224, 544738.649099 258659.825393)

LINESTRING (544711.590444 258660.994224, 544714.701297 258687.709465, 544739.970814 258682.002770)

LINESTRING (544784.600210 258658.473967, 544788.157265 258658.433185)

LINESTRING (544784.600210 258658.473967, 544783.316823 258615.093876)

LINESTRING (544784.600210 258658.473967, 544738.649099 258659.825393)

LINESTRING (544784.600210 258658.473967, 544784.601922 258660.522050, 544785.367012 258680.913420, 544755.973047 258681.034289)

LINESTRING (544708.858950 258618.005994, 544736.053174 258616.651875)

LINESTRING (544708.858950 258618.005994, 544708.421538 258621.276750, 544709.445985 258636.778200, 544711.185587 258653.079674)

LINESTRING (544708.858950 258618.005994, 544708.038734 258617.993176, 544700.314513 258617.656346, 544699.325774 258617.794438)

LINESTRING (544708.858950 258618.005994, 544708.310801 258613.593401, 544707.172394 258596.841997, 544699.581123 258589.608079)

LINESTRING (544783.316823 258615.093876, 544736.053174 258616.651875)

LINESTRING (544783.316823 258615.093876, 544784.600210 258658.473967)

LINESTRING (544783.316823 258615.093876, 544782.841282 258602.814052)

LINESTRING (544733.469748 258589.673758, 544736.053174 258616.651875)

LINESTRING (544733.469748 258589.673758, 544699.581123 258589.608079)

LINESTRING (544733.469748 258589.673758, 544733.164736 258586.770894, 544733.143252 258586.569916, 544733.015561 258577.594920, 544732.901533 258574.708763)

LINESTRING (544733.469748 258589.673758, 544782.313271 258588.584838, 544782.841282 258602.814052)

LINESTRING (544550.165618 258680.080637, 544550.590396 258678.646050, 544550.620175 258676.921678, 544526.464141 258608.810372, 544526.029909 258606.582724, 544526.291893 258603.930154, 544527.353767 258599.642453)

LINESTRING (544550.165618 258680.080637, 544551.626501 258680.868996, 544552.850991 258683.197611, 544554.202519 258687.266304, 544555.439820 258691.031140, 544556.933158 258694.692139)

LINESTRING (544527.353767 258599.642453, 544530.631025 258599.348452, 544550.955751 258598.126912, 544556.857623 258597.642344)

LINESTRING (544527.353767 258599.642453, 544526.291893 258603.930154, 544526.029909 258606.582724, 544526.464141 258608.810372, 544550.620175 258676.921678, 544550.590396 258678.646050, 544550.165618 258680.080637)

LINESTRING (544556.933158 258694.692139, 544571.655639 258693.051295, 544591.573606 258695.446647, 544607.167335 258701.678395, 544618.905822 258709.968161, 544634.391401 258733.727534, 544644.095057 258756.205148)

LINESTRING (544556.933158 258694.692139, 544526.250010 258705.495515, 544496.645693 258714.716595, 544476.513874 258720.362799)

LINESTRING (544556.933158 258694.692139, 544555.439820 258691.031140, 544554.202519 258687.266304, 544552.850991 258683.197611, 544551.626501 258680.868996, 544550.165618 258680.080637)

LINESTRING (544556.857623 258597.642344, 544558.441108 258597.510440)

LINESTRING (544556.857623 258597.642344, 544560.868485 258615.100785, 544566.286159 258632.856270, 544575.282704 258655.212920, 544581.782543 258663.060379, 544587.471603 258667.055271, 544593.064890 258669.644920, 544601.480541 258671.827177, 544605.327096 258671.238181, 544608.878888 258670.673979)

LINESTRING (544556.857623 258597.642344, 544550.955751 258598.126912, 544530.631025 258599.348452, 544527.353767 258599.642453)

LINESTRING (545247.732445 258951.750074, 545248.133960 258898.390302)

LINESTRING (545247.732445 258951.750074, 545238.614503 258954.888821)

LINESTRING (545247.732445 258951.750074, 545251.842127 258950.345629, 545295.210232 258951.194000)

LINESTRING (545248.133960 258898.390302, 545266.613384 258898.275248)

LINESTRING (545248.133960 258898.390302, 545247.732445 258951.750074)

LINESTRING (545248.133960 258898.390302, 545239.427011 258898.001546)

LINESTRING (545238.614503 258954.888821, 545247.732445 258951.750074)

LINESTRING (545295.210232 258951.194000, 545251.842127 258950.345629, 545247.732445 258951.750074)

LINESTRING (545295.210232 258951.194000, 545299.737099 258948.388230, 545300.056730 258926.525833)

LINESTRING (545295.210232 258951.194000, 545295.104104 258952.248302, 545295.133409 258961.743624, 545295.155445 258967.988576)

LINESTRING (545266.613384 258898.275248, 545295.077711 258898.107948)

LINESTRING (545266.613384 258898.275248, 545248.133960 258898.390302)

LINESTRING (545266.613384 258898.275248, 545266.634111 258866.776069)

LINESTRING (545239.427011 258898.001546, 545248.133960 258898.390302)

LINESTRING (545295.077711 258898.107948, 545266.613384 258898.275248)

LINESTRING (545295.077711 258898.107948, 545295.376228 258900.287181, 545297.280662 258901.567391, 545300.060326 258901.682281, 545300.056730 258926.525833)

LINESTRING (545295.077711 258898.107948, 545295.493177 258887.902174, 545298.234633 258885.355713, 545298.374545 258880.117269)

LINESTRING (545300.056730 258926.525833, 545305.143005 258926.563659)

LINESTRING (545300.056730 258926.525833, 545299.737099 258948.388230, 545295.210232 258951.194000)

LINESTRING (545300.056730 258926.525833, 545300.060326 258901.682281, 545297.280662 258901.567391, 545295.376228 258900.287181, 545295.077711 258898.107948)

LINESTRING (545298.374545 258880.117269, 545300.219857 258880.149112)

LINESTRING (545298.374545 258880.117269, 545298.234633 258885.355713, 545295.493177 258887.902174, 545295.077711 258898.107948)

LINESTRING (545298.374545 258880.117269, 545298.177466 258853.954418, 545267.038624 258853.676002, 545266.634111 258866.776069)

LINESTRING (545295.155445 258967.988576, 545264.692109 258966.850624, 545260.194306 258968.432903, 545254.018984 258971.958405, 545246.641325 258979.878679, 545234.072903 258996.462320, 545222.854815 259010.369678, 545218.152664 259013.793695, 545211.202912 259015.515646)

LINESTRING (545295.155445 258967.988576, 545316.272047 258968.407398, 545322.716928 258967.583500, 545328.147882 258964.960097, 545331.034537 258960.726051, 545331.942329 258954.719848, 545332.131254 258947.112007, 545332.084228 258927.264635)

LINESTRING (545295.155445 258967.988576, 545295.133409 258961.743624, 545295.104104 258952.248302, 545295.210232 258951.194000)

LINESTRING (545316.008510 258926.793215, 545332.084228 258927.264635)

LINESTRING (545332.084228 258927.264635, 545316.008510 258926.793215)

LINESTRING (545332.084228 258927.264635, 545332.326131 258888.937688)

LINESTRING (545332.084228 258927.264635, 545431.495913 258929.045712, 545449.019060 258929.359637)

LINESTRING (545332.084228 258927.264635, 545332.131254 258947.112007, 545331.942329 258954.719848, 545331.034537 258960.726051, 545328.147882 258964.960097, 545322.716928 258967.583500, 545316.272047 258968.407398, 545295.155445 258967.988576)

LINESTRING (545266.634111 258866.776069, 545266.613384 258898.275248)

LINESTRING (545266.634111 258866.776069, 545267.038624 258853.676002, 545298.177466 258853.954418, 545298.374545 258880.117269)

LINESTRING (545266.634111 258866.776069, 545256.525536 258866.613337, 545247.946698 258866.517721, 545248.150283 258844.173314, 545248.256152 258841.727671, 545256.994128 258841.761166, 545260.015557 258841.794074, 545260.682077 258809.256416)

LINESTRING (545332.326131 258888.937688, 545323.057924 258889.033207)

LINESTRING (545332.326131 258888.937688, 545332.084228 258927.264635)

LINESTRING (545332.326131 258888.937688, 545332.444194 258884.911847, 545333.108822 258880.902034, 545334.716982 258876.196398, 545337.435873 258871.156025, 545338.415625 258868.992016, 545338.852741 258866.444780, 545336.272292 258810.571040)

LINESTRING (544775.398706 258520.964757, 544777.249029 258521.063328)

LINESTRING (544775.398706 258520.964757, 544757.862109 258519.896007)

LINESTRING (544775.398706 258520.964757, 544775.345702 258521.608784, 544777.237670 258521.686310)

LINESTRING (544775.398706 258520.964757, 544775.961124 258496.794375, 544759.764615 258495.965118)

LINESTRING (544777.249029 258521.063328, 544775.398706 258520.964757)

LINESTRING (544757.862109 258519.896007, 544759.764615 258495.965118)

LINESTRING (544757.862109 258519.896007, 544757.314214 258526.714196)

LINESTRING (544757.862109 258519.896007, 544775.398706 258520.964757)

LINESTRING (544777.237670 258521.686310, 544775.345702 258521.608784, 544775.398706 258520.964757)

LINESTRING (544759.764615 258495.965118, 544750.387691 258495.546557)

LINESTRING (544759.764615 258495.965118, 544757.862109 258519.896007)

LINESTRING (544759.764615 258495.965118, 544775.961124 258496.794375, 544775.398706 258520.964757)

LINESTRING (544759.764615 258495.965118, 544760.341931 258491.885916, 544759.794952 258490.946101, 544759.287020 258490.074209, 544761.214314 258487.069583)

LINESTRING (544757.314214 258526.714196, 544757.862109 258519.896007)

LINESTRING (544825.602670 258521.552170, 544829.263287 258521.481047)

LINESTRING (544835.004562 258520.880805, 544829.263287 258521.481047)

LINESTRING (544835.004562 258520.880805, 544836.794993 258520.220767, 544839.391366 258520.296641, 544841.307468 258522.122404)

LINESTRING (544835.004562 258520.880805, 544836.037006 258523.226143, 544837.915974 258523.748538, 544839.289317 258523.788672)

LINESTRING (544816.552739 258494.028866, 544817.830390 258492.897483, 544818.046030 258490.900274)

LINESTRING (545066.489713 258591.729865, 545052.574293 258588.206004, 545027.234663 258578.982911, 545003.108525 258569.650756)

LINESTRING (545066.489713 258591.729865, 545064.856341 258598.004260, 545060.828568 258613.191000)

LINESTRING (545060.828568 258613.191000, 545050.910576 258659.771842)

LINESTRING (545060.828568 258613.191000, 545070.308734 258613.579789, 545084.124887 258614.418313)

LINESTRING (544969.745689 259325.758424, 544970.398913 259324.464120, 544973.829972 259318.197776)

LINESTRING (544969.745689 259325.758424, 544972.639283 259327.813208, 544973.959689 259330.122491)

LINESTRING (544969.745689 259325.758424, 544963.631556 259322.307136, 544953.804361 259315.831004, 544937.137532 259305.693197, 544921.152156 259294.929802, 544907.569782 259285.227363, 544887.897174 259271.250806, 544874.646164 259261.669459, 544857.127615 259249.314301, 544837.132324 259234.671820, 544819.022814 259222.177096, 544805.246484 259212.547202, 544790.356622 259205.222243, 544772.261112 259199.261785)

LINESTRING (544750.277598 259198.363555, 544733.866357 259189.046472, 544715.105765 259175.887556)

LINESTRING (544750.277598 259198.363555, 544759.052918 259205.520889, 544766.205077 259208.790755, 544773.271316 259211.256717)

LINESTRING (544715.105765 259175.887556, 544712.423974 259178.280233)

LINESTRING (544715.105765 259175.887556, 544733.866357 259189.046472, 544750.277598 259198.363555)

LINESTRING (544715.105765 259175.887556, 544696.152417 259161.365152, 544676.535907 259145.899624, 544663.976936 259133.667735, 544657.079581 259123.771622, 544638.938144 259093.367522, 544622.664225 259068.783655, 544619.699342 259065.647342)

LINESTRING (544773.271316 259211.256717, 544771.795823 259214.953497)

LINESTRING (544773.271316 259211.256717, 544774.658025 259208.258572, 544769.376474 259206.256582, 544770.731614 259202.934726)

LINESTRING (544773.271316 259211.256717, 544784.588800 259215.182578, 544794.340127 259216.547180)

LINESTRING (544750.387691 258495.546557, 544759.764615 258495.965118)

LINESTRING (544534.074838 259225.655897, 544535.576540 259222.460695, 544537.195068 259219.714126, 544544.698328 259210.716859, 544551.768409 259207.194350, 544556.547788 259205.552879, 544559.226733 259205.363898, 544566.440170 259208.646388, 544570.614475 259211.339342, 544574.469515 259212.320003, 544578.345539 259211.175335, 544582.522325 259207.924631, 544583.919249 259203.869330, 544584.179855 259199.858786, 544583.060474 259195.807978)

LINESTRING (544534.074838 259225.655897, 544524.387446 259219.051163, 544517.940434 259215.746565)

LINESTRING (544534.074838 259225.655897, 544535.207297 259226.212067, 544536.001847 259231.789411)

LINESTRING (544583.060474 259195.807978, 544584.179855 259199.858786, 544583.919249 259203.869330, 544582.522325 259207.924631, 544578.345539 259211.175335, 544574.469515 259212.320003, 544570.614475 259211.339342, 544566.440170 259208.646388, 544559.226733 259205.363898, 544556.547788 259205.552879, 544551.768409 259207.194350, 544544.698328 259210.716859, 544537.195068 259219.714126, 544535.576540 259222.460695, 544534.074838 259225.655897)

LINESTRING (544517.940434 259215.746565, 544516.117009 259218.954649)

LINESTRING (544517.940434 259215.746565, 544524.387446 259219.051163, 544534.074838 259225.655897)

LINESTRING (544517.940434 259215.746565, 544512.247526 259212.842409, 544498.085012 259205.650865, 544491.469619 259200.616152)

LINESTRING (544461.942176 259180.799843, 544475.457260 259189.564074, 544482.519960 259194.266759)

LINESTRING (544461.942176 259180.799843, 544470.086430 259173.969358, 544473.624750 259169.163928, 544496.267681 259175.823537)

LINESTRING (544496.267681 259175.823537, 544482.519960 259194.266759)

LINESTRING (544496.267681 259175.823537, 544473.624750 259169.163928, 544470.086430 259173.969358, 544461.942176 259180.799843)

LINESTRING (544496.267681 259175.823537, 544508.547310 259160.598799, 544512.781556 259156.080825, 544524.987166 259141.521800, 544532.910673 259130.778135, 544543.119155 259118.821112, 544547.045027 259113.860077)

LINESTRING (544788.157265 258658.433185, 544784.600210 258658.473967)

LINESTRING (544788.157265 258658.433185, 544788.140265 258656.440309)

LINESTRING (544788.157265 258658.433185, 544788.173290 258660.459424, 544794.550485 258660.556689, 544820.138314 258660.580828, 544826.734904 258663.934685)

LINESTRING (544755.973047 258681.034289, 544756.188620 258685.125519)

LINESTRING (544755.973047 258681.034289, 544747.730675 258681.350083, 544739.970814 258682.002770)

LINESTRING (544755.973047 258681.034289, 544785.367012 258680.913420, 544784.601922 258660.522050, 544784.600210 258658.473967)

LINESTRING (544782.841282 258602.814052, 544783.316823 258615.093876)

LINESTRING (544782.841282 258602.814052, 544782.313271 258588.584838, 544733.469748 258589.673758)

LINESTRING (544782.841282 258602.814052, 544787.959748 258602.696444, 544794.583300 258602.556028, 544794.503462 258599.437125, 544794.478359 258598.189763, 544794.600122 258592.149398, 544803.756898 258591.904913, 544808.152435 258591.721681)

LINESTRING (544711.185587 258653.079674, 544711.590444 258660.994224)

LINESTRING (544711.185587 258653.079674, 544705.174452 258653.794609)

LINESTRING (544711.185587 258653.079674, 544709.445985 258636.778200, 544708.421538 258621.276750, 544708.858950 258618.005994)

LINESTRING (544707.844700 258661.174250, 544711.590444 258660.994224)

LINESTRING (544699.581123 258589.608079, 544733.469748 258589.673758)

LINESTRING (544699.581123 258589.608079, 544697.370554 258587.796036, 544696.066961 258573.421764)

LINESTRING (544699.581123 258589.608079, 544707.172394 258596.841997, 544708.310801 258613.593401, 544708.858950 258618.005994)

LINESTRING (544699.325774 258617.794438, 544700.314513 258617.656346, 544708.038734 258617.993176, 544708.858950 258618.005994)

LINESTRING (544699.325774 258617.794438, 544693.332174 258618.610076, 544686.404822 258619.554291, 544684.570827 258619.834668)

LINESTRING (544699.325774 258617.794438, 544699.156828 258616.320266, 544696.684818 258616.671057, 544696.013322 258611.798510)

LINESTRING (544696.066961 258573.421764, 544698.966531 258573.417373)

LINESTRING (544696.066961 258573.421764, 544692.716123 258573.424113, 544685.733060 258574.166354)

LINESTRING (544696.066961 258573.421764, 544697.370554 258587.796036, 544699.581123 258589.608079)

LINESTRING (544725.101727 258948.803322, 544728.432961 258952.273184)

LINESTRING (544725.101727 258948.803322, 544723.062322 258950.736142)

LINESTRING (544725.101727 258948.803322, 544735.719013 258937.159126)

LINESTRING (544690.358104 258974.123799, 544692.278967 258976.250177)

LINESTRING (544690.358104 258974.123799, 544688.410561 258971.974382, 544684.741601 258968.127376, 544683.297046 258966.549177)

LINESTRING (544690.358104 258974.123799, 544680.028795 258983.639415, 544644.802628 259015.435245, 544624.853264 259034.309282, 544611.755936 259047.306039)

LINESTRING (544690.358104 258974.123799, 544699.489029 258966.309586, 544707.780700 258959.839946, 544718.155361 258950.882238, 544719.986233 258949.065763, 544723.062322 258950.736142)

LINESTRING (544767.904429 258487.699081, 544772.814807 258488.154165)

LINESTRING (544767.904429 258487.699081, 544761.214314 258487.069583)

LINESTRING (544767.904429 258487.699081, 544768.044598 258486.412024, 544770.192971 258486.608343)

LINESTRING (544761.900338 258483.717046, 544761.700289 258484.712958, 544761.214314 258487.069583)

LINESTRING (545425.691224 258757.051022, 545419.839332 258759.561802, 545416.816135 258760.519378, 545405.561623 258762.348511, 545395.787203 258763.141416)

LINESTRING (545425.691224 258757.051022, 545423.779759 258761.369290, 545423.034444 258768.126005, 545424.376957 258773.875438, 545427.184581 258778.632711)

LINESTRING (544532.489785 259377.742678, 544494.705147 259409.475924)

LINESTRING (544532.489785 259377.742678, 544522.728823 259374.608533, 544515.147535 259365.661023, 544508.402549 259352.652988, 544500.048436 259341.835287)

LINESTRING (544494.705147 259409.475924, 544492.395607 259406.848536)

LINESTRING (544494.705147 259409.475924, 544532.489785 259377.742678)

LINESTRING (544492.395607 259406.848536, 544494.705147 259409.475924)

LINESTRING (544492.395607 259406.848536, 544513.760266 259386.501564, 544514.921742 259384.420625, 544514.640869 259382.798497, 544510.089099 259377.345317)

LINESTRING (544510.089099 259377.345317, 544514.640869 259382.798497, 544514.921742 259384.420625, 544513.760266 259386.501564, 544492.395607 259406.848536)

LINESTRING (545167.911347 259416.075320, 545170.139408 259421.472188)

LINESTRING (545167.911347 259416.075320, 545170.999366 259410.789682)

LINESTRING (545167.911347 259416.075320, 545159.327612 259415.946278)

LINESTRING (545174.131660 259404.926548, 545170.999366 259410.789682)

LINESTRING (545174.131660 259404.926548, 545180.148331 259407.495929, 545206.980352 259417.665349, 545232.232562 259428.545499, 545235.660493 259430.092965)

LINESTRING (545174.131660 259404.926548, 545163.353619 259400.347726, 545151.300334 259396.588632, 545144.809281 259395.508031)

LINESTRING (545152.819319 259415.455085, 545159.327612 259415.946278)

LINESTRING (545152.819319 259415.455085, 545151.388405 259413.420777, 545148.722678 259410.593412, 545142.759660 259408.292777, 545109.467900 259399.003072, 545093.725008 259394.690841)

LINESTRING (545191.662789 259431.508256, 545196.066812 259423.545312)

LINESTRING (545191.662789 259431.508256, 545183.323857 259428.392194, 545172.544785 259426.184152, 545170.139408 259421.472188)

LINESTRING (545172.977287 258812.062578, 545181.137602 258809.641401)

LINESTRING (545172.977287 258812.062578, 545167.495883 258813.371258, 545133.521534 258821.414277)

LINESTRING (545172.977287 258812.062578, 545174.403043 258817.547234, 545185.470535 258878.578059)

LINESTRING (545185.470535 258878.578059, 545186.147077 258882.326650, 545186.867656 258890.873845, 545186.939511 258891.922232)

LINESTRING (545185.470535 258878.578059, 545174.403043 258817.547234, 545172.977287 258812.062578)

LINESTRING (545185.470535 258878.578059, 545189.091238 258877.994034, 545192.669647 258877.453295, 545195.083345 258876.989740)

LINESTRING (545072.122334 258449.522733, 545069.545933 258436.379956)

LINESTRING (545072.122334 258449.522733, 545075.518246 258467.375499)

LINESTRING (545072.122334 258449.522733, 545052.133607 258441.802974)

LINESTRING (545160.954794 258502.289449, 545167.015691 258510.391986)

LINESTRING (545160.954794 258502.289449, 545150.607388 258488.774327)

LINESTRING (545160.954794 258502.289449, 545162.979371 258516.985547, 545159.638351 258533.928717, 545157.555808 258541.525610)

LINESTRING (545167.015691 258510.391986, 545178.666295 258526.805897)

LINESTRING (545167.015691 258510.391986, 545160.954794 258502.289449)

LINESTRING (545167.015691 258510.391986, 545180.614866 258499.971324)

LINESTRING (545150.607388 258488.774327, 545160.954794 258502.289449)

LINESTRING (545150.607388 258488.774327, 545149.021924 258487.804052)

LINESTRING (545150.607388 258488.774327, 545162.079007 258479.081583)

LINESTRING (545157.555808 258541.525610, 545178.666295 258526.805897)

LINESTRING (545157.555808 258541.525610, 545155.182202 258545.051292, 545148.091992 258555.517935, 545145.103431 258560.428074)

LINESTRING (545157.555808 258541.525610, 545159.638351 258533.928717, 545162.979371 258516.985547, 545160.954794 258502.289449)

LINESTRING (545145.103431 258560.428074, 545148.091992 258555.517935, 545155.182202 258545.051292, 545157.555808 258541.525610)

LINESTRING (545145.103431 258560.428074, 545149.709732 258564.258348, 545151.957082 258581.854936, 545152.166086 258588.261180, 545151.564726 258591.515979, 545150.749346 258592.738732)

LINESTRING (545145.103431 258560.428074, 545142.843845 258559.593887, 545137.707111 258558.931451, 545125.673066 258560.048307, 545115.608700 258563.026027, 545112.149412 258566.731423)

LINESTRING (545150.749346 258592.738732, 545149.683431 258594.343720, 545147.036293 258595.768832, 545143.438149 258596.976875, 545116.976874 258601.544726)

LINESTRING (545150.749346 258592.738732, 545151.564726 258591.515979, 545152.166086 258588.261180, 545151.957082 258581.854936, 545149.709732 258564.258348, 545145.103431 258560.428074)

LINESTRING (545150.749346 258592.738732, 545154.939861 258594.887239, 545157.117665 258608.786419, 545154.963801 258609.246477, 545155.622170 258613.851587)

LINESTRING (545112.149412 258566.731423, 545115.608700 258563.026027, 545125.673066 258560.048307, 545137.707111 258558.931451, 545142.843845 258559.593887, 545145.103431 258560.428074)

LINESTRING (545112.149412 258566.731423, 545111.938838 258569.719401, 545112.135939 258572.563486, 545112.935763 258582.381871, 545114.589697 258589.887829, 545116.976874 258601.544726)

LINESTRING (545112.149412 258566.731423, 545106.558386 258555.659697, 545101.176010 258554.511490, 545090.368799 258560.673138, 545090.174333 258572.922282, 545093.966688 258573.255915)

LINESTRING (545116.976874 258601.544726, 545100.929389 258601.241840)

LINESTRING (545116.976874 258601.544726, 545114.589697 258589.887829, 545112.935763 258582.381871, 545112.135939 258572.563486, 545111.938838 258569.719401, 545112.149412 258566.731423)

LINESTRING (545116.976874 258601.544726, 545143.438149 258596.976875, 545147.036293 258595.768832, 545149.683431 258594.343720, 545150.749346 258592.738732)

LINESTRING (545100.929389 258601.241840, 545116.976874 258601.544726)

LINESTRING (545134.836721 258476.903585, 545134.306491 258472.591629, 545132.604616 258468.590416, 545129.858955 258465.204217, 545126.293675 258462.717864, 545122.170366 258461.305978, 545117.814068 258461.078253, 545113.572596 258462.067133, 545109.763513 258464.170609, 545106.684855 258467.252708)

LINESTRING (545134.836721 258476.903585, 545133.991628 258481.709538, 545131.690875 258486.016510, 545128.172317 258489.408503, 545123.774015 258491.550368, 545118.932932 258492.232289, 545114.116287 258491.378902, 545109.792921 258489.092978, 545106.387423 258485.587298, 545104.238490 258481.205695, 545103.552396 258476.377172, 545104.397786 258471.560093, 545106.684855 258467.252708)

LINESTRING (545134.836721 258476.903585, 545141.775355 258479.321769, 545142.858133 258480.410888)

LINESTRING (545106.684855 258467.252708, 545104.045884 258464.426180)

LINESTRING (545106.684855 258467.252708, 545104.397786 258471.560093, 545103.552396 258476.377172, 545104.238490 258481.205695, 545106.387423 258485.587298, 545109.792921 258489.092978, 545114.116287 258491.378902, 545118.932932 258492.232289, 545123.774015 258491.550368, 545128.172317 258489.408503, 545131.690875 258486.016510, 545133.991628 258481.709538, 545134.836721 258476.903585)

LINESTRING (545106.684855 258467.252708, 545109.763513 258464.170609, 545113.572596 258462.067133, 545117.814068 258461.078253, 545122.170366 258461.305978, 545126.293675 258462.717864, 545129.858955 258465.204217, 545132.604616 258468.590416, 545134.306491 258472.591629, 545134.836721 258476.903585)

LINESTRING (545142.858133 258480.410888, 545141.983213 258481.097628, 545143.978272 258483.493487, 545146.112255 258486.049245, 545148.166850 258488.513634, 545149.021924 258487.804052)

LINESTRING (545142.858133 258480.410888, 545143.586312 258479.831157, 545146.871719 258483.700658, 545149.799559 258487.170117, 545149.021924 258487.804052)

LINESTRING (545142.858133 258480.410888, 545141.775355 258479.321769, 545134.836721 258476.903585)

LINESTRING (545272.397534 258452.483661, 545308.813278 258534.103752)

LINESTRING (545272.397534 258452.483661, 545265.263754 258442.724470)

LINESTRING (545272.397534 258452.483661, 545294.829749 258471.083827, 545342.920227 258513.922163, 545364.305848 258532.747985, 545375.042929 258543.214080, 545383.878582 258557.653728, 545409.679821 258589.587659)

LINESTRING (545272.397534 258452.483661, 545268.615846 258464.149057, 545218.267961 258494.351486, 545211.181534 258495.112229, 545197.530779 258499.587532)

LINESTRING (544862.984104 258794.476611, 544857.967785 258799.527983, 544854.194877 258802.512017)

LINESTRING (544862.984104 258794.476611, 544866.758459 258797.291680, 544871.652980 258801.085601, 544871.167988 258805.278799, 544871.238668 258808.942841, 544872.441509 258811.538046, 544873.581219 258813.485830, 544870.655244 258819.778144, 544869.037372 258821.790015)

LINESTRING (544869.037372 258821.790015, 544877.124196 258830.296471)

LINESTRING (544869.037372 258821.790015, 544870.655244 258819.778144, 544873.581219 258813.485830, 544872.441509 258811.538046, 544871.238668 258808.942841, 544871.167988 258805.278799, 544871.652980 258801.085601, 544866.758459 258797.291680, 544862.984104 258794.476611)

LINESTRING (545260.682077 258809.256416, 545257.374002 258809.203976)

LINESTRING (545260.682077 258809.256416, 545311.295165 258810.027836)

LINESTRING (545260.682077 258809.256416, 545260.015557 258841.794074, 545256.994128 258841.761166, 545248.256152 258841.727671, 545248.150283 258844.173314, 545247.946698 258866.517721, 545256.525536 258866.613337, 545266.634111 258866.776069)

LINESTRING (545257.374002 258809.203976, 545260.682077 258809.256416)

LINESTRING (545311.295165 258810.027836, 545311.400556 258795.705754)

LINESTRING (545311.295165 258810.027836, 545336.272292 258810.571040)

LINESTRING (545311.295165 258810.027836, 545260.682077 258809.256416)

LINESTRING (545311.400556 258795.705754, 545311.295165 258810.027836)

LINESTRING (545311.400556 258795.705754, 545311.448444 258789.874688, 545332.614599 258785.831598)

LINESTRING (545311.400556 258795.705754, 545302.867150 258795.455552, 545263.006805 258795.032783, 545255.997956 258794.793957, 545255.830087 258800.521329, 545248.546002 258800.341229)

LINESTRING (545336.272292 258810.571040, 545311.295165 258810.027836)

LINESTRING (545336.272292 258810.571040, 545332.614599 258785.831598)

LINESTRING (545336.272292 258810.571040, 545338.852741 258866.444780, 545338.415625 258868.992016, 545337.435873 258871.156025, 545334.716982 258876.196398, 545333.108822 258880.902034, 545332.444194 258884.911847, 545332.326131 258888.937688)

LINESTRING (545305.143005 258926.563659, 545300.056730 258926.525833)

LINESTRING (545211.202912 259015.515646, 545127.135498 259035.503460)

LINESTRING (545211.202912 259015.515646, 545218.152664 259013.793695, 545222.854815 259010.369678, 545234.072903 258996.462320, 545246.641325 258979.878679, 545254.018984 258971.958405, 545260.194306 258968.432903, 545264.692109 258966.850624, 545295.155445 258967.988576)

LINESTRING (545211.202912 259015.515646, 545210.524414 259012.768751, 545205.225865 258991.042268)

LINESTRING (545211.202912 259015.515646, 545211.527758 259018.664012, 545212.372883 259026.691724, 545215.701040 259044.720752, 545220.082502 259057.838635, 545225.844792 259067.702314, 545242.127128 259087.936454, 545249.584037 259096.202495, 545253.372939 259098.506297, 545254.687968 259097.264817)

LINESTRING (545132.564469 258989.982248, 545157.245825 258984.483114)

LINESTRING (545132.564469 258989.982248, 545130.231534 258979.985381, 545114.943173 258983.689398)

LINESTRING (545132.564469 258989.982248, 545138.587708 259015.458634, 545163.384773 259009.740311, 545161.490718 259001.336835)

LINESTRING (545132.564469 258989.982248, 545142.564432 258981.470778, 545150.380471 258973.284931, 545153.450855 258966.974737, 545154.865324 258960.237599, 545156.235565 258953.142984, 545159.011340 258943.585143, 545161.470482 258936.433380)

LINESTRING (545157.245825 258984.483114, 545132.564469 258989.982248)

LINESTRING (545157.245825 258984.483114, 545171.659053 258981.477082)

LINESTRING (545157.245825 258984.483114, 545161.490718 259001.336835)

LINESTRING (545114.943173 258983.689398, 545127.135498 259035.503460)

LINESTRING (545114.943173 258983.689398, 545130.231534 258979.985381, 545132.564469 258989.982248)

LINESTRING (545114.943173 258983.689398, 545089.996455 258987.043887, 545077.291986 258987.740480, 545072.568575 258985.353810, 545053.004787 258971.134951, 545044.497804 258965.320631, 545030.017381 258960.344392, 545015.914966 258955.301345)

LINESTRING (545161.490718 259001.336835, 545157.245825 258984.483114)

LINESTRING (545161.490718 259001.336835, 545175.467973 258998.039779)

LINESTRING (545161.490718 259001.336835, 545163.384773 259009.740311, 545138.587708 259015.458634, 545132.564469 258989.982248)

LINESTRING (545161.470482 258936.433380, 545163.042490 258944.860812)

LINESTRING (545161.470482 258936.433380, 545161.386425 258931.132725)

LINESTRING (545161.470482 258936.433380, 545159.011340 258943.585143, 545156.235565 258953.142984, 545154.865324 258960.237599, 545153.450855 258966.974737, 545150.380471 258973.284931, 545142.564432 258981.470778, 545132.564469 258989.982248)

LINESTRING (545127.135498 259035.503460, 545211.202912 259015.515646)

LINESTRING (545127.135498 259035.503460, 545114.943173 258983.689398)

LINESTRING (545127.135498 259035.503460, 545120.807201 259036.787378, 545113.310088 259035.488157, 545106.401217 259032.313962, 545073.313920 259014.549060, 545044.596424 259003.768766, 545031.913500 259003.030251, 545026.535469 259005.021070, 545020.715639 259007.622283)

LINESTRING (545015.914966 258955.301345, 545011.699006 258953.797776, 544996.234392 258948.570227, 544964.624797 258935.657767, 544970.359111 258914.243210, 544972.562600 258907.640419)

LINESTRING (545015.914966 258955.301345, 545030.017381 258960.344392, 545044.497804 258965.320631, 545053.004787 258971.134951, 545072.568575 258985.353810, 545077.291986 258987.740480, 545089.996455 258987.043887, 545114.943173 258983.689398)

LINESTRING (545015.914966 258955.301345, 545003.643968 258974.598985, 545000.683754 258979.487764, 545000.271555 258980.254848, 544996.284928 258985.870480)

LINESTRING (545190.023602 258931.125724, 545189.808024 258928.448049)

LINESTRING (545161.386425 258931.132725, 545161.470482 258936.433380)

LINESTRING (545161.386425 258931.132725, 545159.857774 258894.379045)

LINESTRING (545161.386425 258931.132725, 545189.808024 258928.448049)

LINESTRING (545188.225812 258908.700428, 545186.939511 258891.922232)

LINESTRING (545188.225812 258908.700428, 545189.527772 258924.243580, 545189.808024 258928.448049)

LINESTRING (545188.225812 258908.700428, 545196.598352 258907.899446, 545197.362562 258907.955229)

LINESTRING (545208.845157 258930.764478, 545227.630561 258943.770172)

LINESTRING (545208.845157 258930.764478, 545208.750902 258928.847243)

LINESTRING (545208.845157 258930.764478, 545209.466418 258940.132438)

LINESTRING (545227.630561 258943.770172, 545208.845157 258930.764478)

LINESTRING (545227.630561 258943.770172, 545227.371577 258925.307942)

LINESTRING (545227.630561 258943.770172, 545227.619898 258954.867131)

LINESTRING (545208.750902 258928.847243, 545208.845157 258930.764478)

LINESTRING (545208.750902 258928.847243, 545200.909054 258928.806691)

LINESTRING (545208.750902 258928.847243, 545208.723989 258926.965372, 545227.371577 258925.307942)

LINESTRING (545209.466418 258940.132438, 545163.042490 258944.860812)

LINESTRING (545209.466418 258940.132438, 545208.845157 258930.764478)

LINESTRING (545209.466418 258940.132438, 545213.138482 258972.563482)

LINESTRING (545227.371577 258925.307942, 545227.630561 258943.770172)

LINESTRING (545227.371577 258925.307942, 545228.089217 258919.952863, 545228.138091 258918.518440)

LINESTRING (545227.371577 258925.307942, 545208.723989 258926.965372, 545208.750902 258928.847243)

LINESTRING (545228.138091 258918.518440, 545228.089217 258919.952863, 545227.371577 258925.307942)

LINESTRING (545227.619898 258954.867131, 545227.630561 258943.770172)

LINESTRING (545227.619898 258954.867131, 545229.201341 258954.802170)

LINESTRING (545227.619898 258954.867131, 545227.538224 258961.387307, 545227.773851 258965.946654)

LINESTRING (545229.201341 258954.802170, 545227.619898 258954.867131)

LINESTRING (545227.773851 258965.946654, 545232.454717 258966.050441)

LINESTRING (545227.773851 258965.946654, 545227.538224 258961.387307, 545227.619898 258954.867131)

LINESTRING (545227.773851 258965.946654, 545227.441085 258971.235098, 545224.238495 258971.786823)

LINESTRING (545232.454717 258966.050441, 545227.773851 258965.946654)

LINESTRING (545224.238495 258971.786823, 545222.121872 258972.147760)

LINESTRING (545224.238495 258971.786823, 545226.074932 258979.120095)

LINESTRING (545224.238495 258971.786823, 545227.441085 258971.235098, 545227.773851 258965.946654)

LINESTRING (545300.219857 258880.149112, 545298.374545 258880.117269)

LINESTRING (545186.939511 258891.922232, 545159.857774 258894.379045)

LINESTRING (545186.939511 258891.922232, 545188.225812 258908.700428)

LINESTRING (545186.939511 258891.922232, 545186.867656 258890.873845, 545186.147077 258882.326650, 545185.470535 258878.578059)

LINESTRING (545159.857774 258894.379045, 545186.939511 258891.922232)

LINESTRING (545159.857774 258894.379045, 545161.386425 258931.132725)

LINESTRING (545159.857774 258894.379045, 545159.706562 258892.538057)

LINESTRING (545159.857774 258894.379045, 545123.937640 258897.901717, 545114.991029 258904.997090, 545094.036504 258905.340768, 545084.763176 258904.212209)

LINESTRING (545159.706562 258892.538057, 545159.857774 258894.379045)

LINESTRING (545084.763176 258904.212209, 545084.542355 258886.062789)

LINESTRING (545084.763176 258904.212209, 545051.973619 258904.276375, 545051.440891 258893.508580, 545017.840663 258879.446725, 545014.097331 258880.483642, 545005.343195 258877.266737, 545004.490497 258875.794803, 545003.657643 258874.345712, 544981.740032 258866.469542, 544979.812726 258873.915208, 544978.935938 258880.278542, 544976.758454 258891.835225, 544976.153652 258896.848579, 544972.562600 258907.640419)

LINESTRING (545084.763176 258904.212209, 545094.036504 258905.340768, 545114.991029 258904.997090, 545123.937640 258897.901717, 545159.857774 258894.379045)

LINESTRING (545084.542355 258886.062789, 545084.763176 258904.212209)

LINESTRING (544972.562600 258907.640419, 544970.359111 258914.243210, 544964.624797 258935.657767, 544996.234392 258948.570227, 545011.699006 258953.797776, 545015.914966 258955.301345)

LINESTRING (544972.562600 258907.640419, 544976.153652 258896.848579, 544976.758454 258891.835225, 544978.935938 258880.278542, 544979.812726 258873.915208, 544981.740032 258866.469542, 545003.657643 258874.345712, 545004.490497 258875.794803, 545005.343195 258877.266737, 545014.097331 258880.483642, 545017.840663 258879.446725, 545051.440891 258893.508580, 545051.973619 258904.276375, 545084.763176 258904.212209)

LINESTRING (544972.562600 258907.640419, 544955.816305 258901.340363, 544954.579705 258900.836705, 544947.084295 258897.834811, 544933.471898 258891.927023)

LINESTRING (545163.042490 258944.860812, 545171.659053 258981.477082)

LINESTRING (545163.042490 258944.860812, 545161.470482 258936.433380)

LINESTRING (545163.042490 258944.860812, 545209.466418 258940.132438)

LINESTRING (545171.659053 258981.477082, 545157.245825 258984.483114)

LINESTRING (545171.659053 258981.477082, 545163.042490 258944.860812)

LINESTRING (545171.659053 258981.477082, 545201.436207 258974.992118)

LINESTRING (545171.659053 258981.477082, 545175.467973 258998.039779)

LINESTRING (545201.436207 258974.992118, 545213.138482 258972.563482)

LINESTRING (545201.436207 258974.992118, 545171.659053 258981.477082)

LINESTRING (545201.436207 258974.992118, 545203.106765 258982.153560)

LINESTRING (545175.467973 258998.039779, 545161.490718 259001.336835)

LINESTRING (545175.467973 258998.039779, 545171.659053 258981.477082)

LINESTRING (545175.467973 258998.039779, 545205.225865 258991.042268)

LINESTRING (545197.362562 258907.955229, 545196.598352 258907.899446, 545188.225812 258908.700428)

LINESTRING (544446.717492 259200.658206, 544457.705130 259215.437147)

LINESTRING (544457.705130 259215.437147, 544446.717492 259200.658206)

LINESTRING (544457.705130 259215.437147, 544464.692426 259221.083710, 544466.840159 259221.291023, 544467.677526 259221.415612)

LINESTRING (544457.705130 259215.437147, 544453.059698 259219.052730, 544446.560787 259224.094655, 544444.231733 259225.885570, 544445.880624 259227.959403)

LINESTRING (545213.138482 258972.563482, 545222.121872 258972.147760)

LINESTRING (545213.138482 258972.563482, 545201.436207 258974.992118)

LINESTRING (545213.138482 258972.563482, 545209.466418 258940.132438)

LINESTRING (545205.225865 258991.042268, 545175.467973 258998.039779)

LINESTRING (545205.225865 258991.042268, 545205.178053 258990.807123)

LINESTRING (545205.225865 258991.042268, 545210.524414 259012.768751, 545211.202912 259015.515646)

LINESTRING (545254.687968 259097.264817, 545253.372939 259098.506297, 545249.584037 259096.202495, 545242.127128 259087.936454, 545225.844792 259067.702314, 545220.082502 259057.838635, 545215.701040 259044.720752, 545212.372883 259026.691724, 545211.527758 259018.664012, 545211.202912 259015.515646)

LINESTRING (545203.106765 258982.153560, 545201.436207 258974.992118)

LINESTRING (545205.178053 258990.807123, 545205.225865 258991.042268)

LINESTRING (545222.121872 258972.147760, 545224.238495 258971.786823)

LINESTRING (545222.121872 258972.147760, 545213.138482 258972.563482)

LINESTRING (545222.121872 258972.147760, 545223.439073 258979.699559)

LINESTRING (545149.021924 258487.804052, 545150.607388 258488.774327)

LINESTRING (545149.021924 258487.804052, 545149.799559 258487.170117, 545146.871719 258483.700658, 545143.586312 258479.831157, 545142.858133 258480.410888)

LINESTRING (545149.021924 258487.804052, 545148.166850 258488.513634, 545146.112255 258486.049245, 545143.978272 258483.493487, 545141.983213 258481.097628, 545142.858133 258480.410888)

LINESTRING (545128.907337 259391.024068, 545129.114956 259389.071152, 545129.352264 259384.937497)

LINESTRING (545128.907337 259391.024068, 545134.610195 259391.936862, 545144.809281 259395.508031)

LINESTRING (545128.907337 259391.024068, 545106.007493 259384.788054, 545075.379156 259373.728900, 545062.029423 259369.408930, 545048.446477 259362.778124, 545017.346248 259348.444246, 544990.862582 259335.692642, 544983.512631 259332.650392, 544979.851304 259332.532132, 544977.783982 259332.148856)

LINESTRING (544763.254395 258461.706865, 544765.181485 258440.915527, 544765.392881 258439.062890, 544808.734924 258443.990968)

LINESTRING (544808.734924 258443.990968, 544806.692650 258469.186654)

LINESTRING (544808.734924 258443.990968, 544765.392881 258439.062890, 544765.181485 258440.915527, 544763.254395 258461.706865)

LINESTRING (544808.734924 258443.990968, 544811.322238 258444.378217, 544817.278389 258445.086511)

LINESTRING (544806.692650 258469.186654, 544808.734924 258443.990968)

LINESTRING (544865.853872 258521.303776, 544870.608162 258526.395865)

LINESTRING (544865.853872 258521.303776, 544858.019867 258521.442115)

LINESTRING (544865.853872 258521.303776, 544875.124010 258520.929163, 544875.861548 258518.858165)

LINESTRING (544870.608162 258526.395865, 544869.428697 258537.269395)

LINESTRING (544870.608162 258526.395865, 544865.853872 258521.303776)

LINESTRING (544870.608162 258526.395865, 544874.577260 258527.936601)

LINESTRING (544858.019867 258521.442115, 544865.853872 258521.303776)

LINESTRING (544858.019867 258521.442115, 544854.671270 258521.600251)

LINESTRING (544858.019867 258521.442115, 544859.219913 258514.309072, 544859.859480 258511.144409)

LINESTRING (544875.861548 258518.858165, 544877.859605 258519.751366)

LINESTRING (544875.861548 258518.858165, 544878.323382 258512.307409, 544875.233399 258510.870281, 544873.804374 258509.225702, 544874.644744 258507.847808, 544875.322500 258508.991811)

LINESTRING (544875.861548 258518.858165, 544875.124010 258520.929163, 544865.853872 258521.303776)

LINESTRING (544854.671270 258521.600251, 544854.578795 258519.148813)

LINESTRING (544854.671270 258521.600251, 544858.019867 258521.442115)

LINESTRING (544854.671270 258521.600251, 544852.623460 258521.707361, 544848.747132 258521.905730, 544841.307468 258522.122404)

LINESTRING (544859.859480 258511.144409, 544859.219913 258514.309072, 544858.019867 258521.442115)

LINESTRING (544874.577260 258527.936601, 544870.608162 258526.395865)

LINESTRING (544869.428697 258537.269395, 544870.635786 258537.616335)

LINESTRING (544869.428697 258537.269395, 544870.608162 258526.395865)

LINESTRING (544869.428697 258537.269395, 544866.673773 258545.191785)

LINESTRING (544870.635786 258537.616335, 544869.428697 258537.269395)

LINESTRING (544866.673773 258545.191785, 544867.648555 258545.531934)

LINESTRING (544866.673773 258545.191785, 544869.428697 258537.269395)

LINESTRING (544866.673773 258545.191785, 544865.666217 258548.078557, 544864.123081 258549.402519, 544862.854514 258549.521269)

LINESTRING (544877.859605 258519.751366, 544875.861548 258518.858165)

LINESTRING (545001.784052 259365.052095, 545021.327130 259380.160673)

LINESTRING (545021.327130 259380.160673, 545026.542591 259369.694682)

LINESTRING (545021.327130 259380.160673, 545001.784052 259365.052095)

LINESTRING (545021.327130 259380.160673, 545015.250328 259388.052542, 545003.556187 259398.184244)

LINESTRING (545026.542591 259369.694682, 545021.327130 259380.160673)

LINESTRING (545026.542591 259369.694682, 545029.829268 259362.990053)

LINESTRING (545026.542591 259369.694682, 544977.201899 259346.434704)

LINESTRING (545026.542591 259369.694682, 545041.991478 259376.814142, 545061.812033 259385.708975, 545093.725008 259394.690841)

LINESTRING (545003.556187 259398.184244, 545015.250328 259388.052542, 545021.327130 259380.160673)

LINESTRING (544973.829972 259318.197776, 544982.826649 259322.212036, 544988.840924 259323.233946, 545049.038649 259343.016288, 545094.690629 259360.314252)

LINESTRING (544973.829972 259318.197776, 544970.398913 259324.464120, 544969.745689 259325.758424)

LINESTRING (544973.829972 259318.197776, 544960.563965 259307.502681, 544943.372722 259296.125142, 544923.338835 259282.583095, 544904.378706 259270.897959, 544883.366363 259254.333330, 544859.065636 259238.685551, 544851.955911 259237.709697, 544847.113045 259240.818273)

LINESTRING (545094.690629 259360.314252, 545049.038649 259343.016288, 544988.840924 259323.233946, 544982.826649 259322.212036, 544973.829972 259318.197776)

LINESTRING (545094.690629 259360.314252, 545114.131541 259369.098001, 545129.352264 259384.937497)

LINESTRING (545094.690629 259360.314252, 545112.808853 259359.865339, 545134.203014 259364.988732, 545129.352264 259384.937497)

LINESTRING (544847.113045 259240.818273, 544851.955911 259237.709697, 544859.065636 259238.685551, 544883.366363 259254.333330, 544904.378706 259270.897959, 544923.338835 259282.583095, 544943.372722 259296.125142, 544960.563965 259307.502681, 544973.829972 259318.197776)

LINESTRING (544945.136105 259389.640725, 544940.589675 259385.890272, 544938.907533 259384.961746)

LINESTRING (544938.907533 259384.961746, 544906.288897 259414.127217)

LINESTRING (544938.907533 259384.961746, 544942.417885 259381.591670)

LINESTRING (544938.907533 259384.961746, 544940.589675 259385.890272, 544945.136105 259389.640725)

LINESTRING (544949.503635 259385.483192, 544945.173856 259381.338370, 544943.997561 259380.179765)

LINESTRING (544943.997561 259380.179765, 544942.417885 259381.591670)

LINESTRING (544943.997561 259380.179765, 544977.201899 259346.434704)

LINESTRING (544943.997561 259380.179765, 544945.173856 259381.338370, 544949.503635 259385.483192)

LINESTRING (544942.417885 259381.591670, 544938.907533 259384.961746)

LINESTRING (544942.417885 259381.591670, 544943.997561 259380.179765)

LINESTRING (544942.417885 259381.591670, 544936.951486 259376.100191, 544935.185411 259374.301021, 544921.897032 259361.334721, 544924.702774 259357.042442, 544916.321266 259351.398943)

LINESTRING (544906.288897 259414.127217, 544938.907533 259384.961746)

LINESTRING (544906.288897 259414.127217, 544928.046367 259434.876637, 544950.547124 259411.748645)

LINESTRING (544950.547124 259411.748645, 544928.046367 259434.876637, 544906.288897 259414.127217)

LINESTRING (545165.924719 258754.488599, 545162.982928 258755.003486)

LINESTRING (545165.924719 258754.488599, 545168.113429 258768.944645)

LINESTRING (545165.924719 258754.488599, 545163.998458 258742.511247, 545176.105321 258740.294702)

LINESTRING (545162.982928 258755.003486, 545165.924719 258754.488599)

LINESTRING (545168.113429 258768.944645, 545180.976338 258766.594432)

LINESTRING (545168.113429 258768.944645, 545154.604396 258771.409534)

LINESTRING (545168.113429 258768.944645, 545165.924719 258754.488599)

LINESTRING (545176.105321 258740.294702, 545204.576304 258734.561706)

LINESTRING (545176.105321 258740.294702, 545176.549310 258743.112633, 545177.221957 258747.462161)

LINESTRING (545176.105321 258740.294702, 545163.998458 258742.511247, 545165.924719 258754.488599)

LINESTRING (545130.697197 258801.808404, 545128.852821 258802.210749)

LINESTRING (545130.697197 258801.808404, 545133.521534 258821.414277)

LINESTRING (545130.697197 258801.808404, 545136.218640 258799.833016)

LINESTRING (545128.852821 258802.210749, 545130.697197 258801.808404)

LINESTRING (545128.852821 258802.210749, 545126.159627 258802.643891)

LINESTRING (545128.852821 258802.210749, 545128.554887 258799.541799, 545128.348675 258797.710333, 545126.991382 258785.449132)

LINESTRING (545136.218640 258799.833016, 545130.697197 258801.808404)

LINESTRING (545136.218640 258799.833016, 545143.018372 258797.405323)

LINESTRING (545136.218640 258799.833016, 545137.069946 258803.453148)

LINESTRING (545188.103712 258765.356245, 545180.976338 258766.594432)

LINESTRING (545180.976338 258766.594432, 545168.113429 258768.944645)

LINESTRING (545180.976338 258766.594432, 545188.103712 258765.356245)

LINESTRING (545180.976338 258766.594432, 545177.959694 258751.223672, 545177.221957 258747.462161)

LINESTRING (545151.870754 258755.245676, 545153.217085 258763.210133)

LINESTRING (545151.870754 258755.245676, 545143.407174 258756.812093)

LINESTRING (545151.870754 258755.245676, 545151.284284 258751.455209, 545153.490464 258751.074599)

LINESTRING (545153.217085 258763.210133, 545153.712158 258766.151995)

LINESTRING (545153.217085 258763.210133, 545151.870754 258755.245676)

LINESTRING (545153.217085 258763.210133, 545155.527047 258762.788041)

LINESTRING (545143.407174 258756.812093, 545151.870754 258755.245676)

LINESTRING (545143.407174 258756.812093, 545124.211391 258760.357155)

LINESTRING (545143.407174 258756.812093, 545142.774212 258751.807024)

LINESTRING (545153.490464 258751.074599, 545151.284284 258751.455209, 545151.870754 258755.245676)

LINESTRING (545126.159627 258802.643891, 545128.852821 258802.210749)

LINESTRING (545126.991382 258785.449132, 545126.134752 258785.513092)

LINESTRING (545126.991382 258785.449132, 545124.541531 258763.327575, 545124.211391 258760.357155)

LINESTRING (545126.991382 258785.449132, 545128.348675 258797.710333, 545128.554887 258799.541799, 545128.852821 258802.210749)

LINESTRING (545177.221957 258747.462161, 545182.705697 258746.543130)

LINESTRING (545177.221957 258747.462161, 545177.959694 258751.223672, 545180.976338 258766.594432)

LINESTRING (545177.221957 258747.462161, 545176.549310 258743.112633, 545176.105321 258740.294702)

LINESTRING (545182.705697 258746.543130, 545177.221957 258747.462161)

LINESTRING (545154.604396 258771.409534, 545168.113429 258768.944645)

LINESTRING (545154.604396 258771.409534, 545153.712158 258766.151995)

LINESTRING (545154.604396 258771.409534, 545146.934675 258773.188417)

LINESTRING (545154.604396 258771.409534, 545155.414914 258778.289756, 545155.516322 258781.131043, 545154.809925 258783.303091, 545153.694526 258786.832231, 545152.969239 258789.649304, 545153.309082 258793.688554, 545148.576909 258795.564603, 545143.951139 258797.076460, 545143.018372 258797.405323)

LINESTRING (545153.712158 258766.151995, 545154.604396 258771.409534)

LINESTRING (545153.712158 258766.151995, 545153.217085 258763.210133)

LINESTRING (545153.712158 258766.151995, 545150.780116 258767.268229, 545149.078512 258768.865729, 545148.188942 258771.221634, 545146.934675 258773.188417)

LINESTRING (545146.934675 258773.188417, 545154.604396 258771.409534)

LINESTRING (545146.934675 258773.188417, 545144.873572 258774.686343, 545142.825823 258775.728305, 545140.601749 258776.486837)

LINESTRING (545146.934675 258773.188417, 545148.188942 258771.221634, 545149.078512 258768.865729, 545150.780116 258767.268229, 545153.712158 258766.151995)

LINESTRING (545143.018372 258797.405323, 545136.218640 258799.833016)

LINESTRING (545143.018372 258797.405323, 545143.951139 258797.076460, 545148.576909 258795.564603, 545153.309082 258793.688554, 545152.969239 258789.649304, 545153.694526 258786.832231, 545154.809925 258783.303091, 545155.516322 258781.131043, 545155.414914 258778.289756, 545154.604396 258771.409534)

LINESTRING (545143.018372 258797.405323, 545143.810092 258802.359389, 545145.309930 258802.047135)

LINESTRING (545137.069946 258803.453148, 545136.218640 258799.833016)

LINESTRING (545124.211391 258760.357155, 545143.407174 258756.812093)

LINESTRING (545124.211391 258760.357155, 545123.900763 258757.654442)

LINESTRING (545124.211391 258760.357155, 545124.541531 258763.327575, 545126.991382 258785.449132)

LINESTRING (545123.900763 258757.654442, 545124.211391 258760.357155)

LINESTRING (545453.636876 258701.193697, 545456.038917 258680.627910)

LINESTRING (545453.636876 258701.193697, 545448.140144 258721.657531)

LINESTRING (545332.614599 258785.831598, 545336.272292 258810.571040)

LINESTRING (545332.614599 258785.831598, 545311.448444 258789.874688, 545311.400556 258795.705754)

LINESTRING (545332.614599 258785.831598, 545331.975604 258781.505289, 545330.352526 258771.328781)

LINESTRING (545374.321481 258604.879101, 545367.211312 258607.152690)

LINESTRING (545374.321481 258604.879101, 545437.642592 258673.454139)

LINESTRING (545374.321481 258604.879101, 545313.282912 258547.023929)

LINESTRING (545374.321481 258604.879101, 545396.901316 258599.063413, 545413.173694 258598.928629, 545419.496839 258596.910279)

LINESTRING (545069.545933 258436.379956, 545072.122334 258449.522733)

LINESTRING (545104.045884 258464.426180, 545106.684855 258467.252708)

LINESTRING (545104.045884 258464.426180, 545102.793204 258465.869882, 545101.512267 258464.774970, 545099.017741 258462.620512, 545097.917051 258461.675577, 545099.085785 258460.296201)

LINESTRING (545104.045884 258464.426180, 545105.249434 258463.025563, 545100.268511 258458.906103, 545099.085785 258460.296201)

LINESTRING (545096.017338 258456.722482, 545099.085785 258460.296201)

LINESTRING (545096.017338 258456.722482, 545088.698497 258462.151466)

LINESTRING (545099.085785 258460.296201, 545096.017338 258456.722482)

LINESTRING (545099.085785 258460.296201, 545100.268511 258458.906103, 545105.249434 258463.025563, 545104.045884 258464.426180)

LINESTRING (545099.085785 258460.296201, 545097.917051 258461.675577, 545099.017741 258462.620512, 545101.512267 258464.774970, 545102.793204 258465.869882, 545104.045884 258464.426180)

LINESTRING (544827.387184 258837.468947, 544818.460258 258849.051054)

LINESTRING (544827.387184 258837.468947, 544839.640003 258822.522433, 544850.123756 258810.084283, 544851.415636 258808.229837)

LINESTRING (544827.387184 258837.468947, 544832.599890 258841.839790, 544839.076540 258846.715065, 544839.571715 258847.085718)

LINESTRING (545301.552037 258735.823398, 545207.931380 258754.016222)

LINESTRING (545207.271112 258749.945316, 545207.389173 258750.816967, 545207.931380 258754.016222)

LINESTRING (545207.271112 258749.945316, 545205.136090 258737.627908, 545204.576304 258734.561706)

LINESTRING (545207.271112 258749.945316, 545215.608467 258748.954103, 545216.683445 258748.206455, 545216.766160 258746.550411, 545213.165640 258730.572593, 545220.442745 258729.127354)

LINESTRING (544705.033993 258500.744737, 544710.475948 258500.324832)

LINESTRING (545367.211312 258607.152690, 545374.321481 258604.879101)

LINESTRING (545367.211312 258607.152690, 545334.707878 258613.245162)

LINESTRING (545367.211312 258607.152690, 545356.968873 258628.323346, 545345.513436 258647.254575)

LINESTRING (544602.406187 258593.695168, 544558.441108 258597.510440)

LINESTRING (544602.406187 258593.695168, 544599.928290 258597.763453, 544597.968058 258602.136238, 544597.020634 258606.249176, 544597.027442 258610.000384)

LINESTRING (544602.406187 258593.695168, 544606.220281 258593.283312, 544619.571076 258591.791795)

LINESTRING (544602.406187 258593.695168, 544601.668384 258590.857602, 544598.636291 258569.153532)

LINESTRING (544558.441108 258597.510440, 544602.406187 258593.695168)

LINESTRING (544558.441108 258597.510440, 544556.857623 258597.642344)

LINESTRING (544558.441108 258597.510440, 544560.348744 258568.915952)

LINESTRING (544597.027442 258610.000384, 544607.444785 258608.267425)

LINESTRING (544597.027442 258610.000384, 544597.020634 258606.249176, 544597.968058 258602.136238, 544599.928290 258597.763453, 544602.406187 258593.695168)

LINESTRING (544597.027442 258610.000384, 544597.346444 258611.957544, 544608.428440 258668.534893)

LINESTRING (544619.571076 258591.791795, 544606.220281 258593.283312, 544602.406187 258593.695168)

LINESTRING (544619.571076 258591.791795, 544614.965606 258561.204112, 544655.018627 258556.952356, 544657.936559 258577.873997)

LINESTRING (544619.571076 258591.791795, 544620.974707 258601.104537, 544639.603637 258598.709687)

LINESTRING (544598.636291 258569.153532, 544560.348744 258568.915952)

LINESTRING (544598.636291 258569.153532, 544597.681029 258560.877895, 544596.869707 258546.262022, 544598.663704 258541.962301)

LINESTRING (544598.636291 258569.153532, 544601.668384 258590.857602, 544602.406187 258593.695168)

LINESTRING (544974.646946 258504.906071, 545023.383041 258522.716157)

LINESTRING (545144.809281 259395.508031, 545141.909906 259402.056975)

LINESTRING (545144.809281 259395.508031, 545148.887790 259383.717694, 545165.523947 259388.345669)

LINESTRING (545144.809281 259395.508031, 545151.300334 259396.588632, 545163.353619 259400.347726, 545174.131660 259404.926548)

LINESTRING (545144.809281 259395.508031, 545134.610195 259391.936862, 545128.907337 259391.024068)

LINESTRING (545165.523947 259388.345669, 545148.887790 259383.717694, 545144.809281 259395.508031)

LINESTRING (544928.741992 258988.658588, 544942.454660 258997.441012, 544966.662046 258972.838035)

LINESTRING (544476.228071 258963.780316, 544469.245238 258970.633533)

LINESTRING (544469.245238 258970.633533, 544476.228071 258963.780316)

LINESTRING (544469.245238 258970.633533, 544462.349005 258965.134335)

LINESTRING (544469.245238 258970.633533, 544468.456719 258971.411948, 544451.152229 258994.103641)

LINESTRING (544890.953819 259040.201467, 544916.299134 259022.732879)

LINESTRING (544890.953819 259040.201467, 544887.467932 259038.752739, 544879.877887 259027.066280)

LINESTRING (544890.953819 259040.201467, 544900.850053 259052.523042, 544876.068447 259072.701793, 544875.302413 259078.790113)

LINESTRING (544712.713619 259003.059456, 544718.689295 258997.690919)

LINESTRING (544718.689295 258997.690919, 544712.713619 259003.059456)

LINESTRING (544718.689295 258997.690919, 544722.158126 258994.809218, 544732.330601 258997.221123, 544738.393728 259004.076576, 544746.252760 259013.589057, 544756.399840 259032.317755, 544745.267510 259039.594787)

LINESTRING (544718.689295 258997.690919, 544702.487463 258976.025116, 544701.063724 258974.202645)

LINESTRING (544852.837508 258974.340296, 544852.942147 258983.392553, 544856.239147 258988.497708, 544862.983759 258998.935042, 544865.548076 259002.905723)

LINESTRING (544451.152229 258994.103641, 544459.587012 258997.488342, 544482.220861 259009.412350)

LINESTRING (544451.152229 258994.103641, 544468.456719 258971.411948, 544469.245238 258970.633533)

LINESTRING (544542.054699 258968.716266, 544579.287149 258933.060287, 544587.763296 258924.013535)

LINESTRING (544542.054699 258968.716266, 544541.303307 258970.096804, 544538.886890 258975.346747, 544531.289732 259000.447263, 544527.796068 259004.419166, 544526.979892 259005.207896)

LINESTRING (544542.054699 258968.716266, 544539.716335 258966.132548, 544529.409318 258955.903447, 544558.772456 258930.057611)

LINESTRING (544587.763296 258924.013535, 544579.287149 258933.060287, 544542.054699 258968.716266)

LINESTRING (544558.772456 258930.057611, 544529.409318 258955.903447, 544539.716335 258966.132548, 544542.054699 258968.716266)

LINESTRING (544934.623895 259321.503096, 544938.339553 259316.024199)

LINESTRING (544934.623895 259321.503096, 544929.386463 259329.219266, 544916.321266 259351.398943)

LINESTRING (544934.623895 259321.503096, 544941.467711 259325.253958, 544965.959363 259339.961656, 544971.477193 259342.293568)

LINESTRING (544934.623895 259321.503096, 544929.108950 259317.668676, 544907.968415 259303.626833, 544887.219426 259288.817392, 544868.529206 259274.212932, 544849.532793 259261.425020, 544845.820589 259257.431915)

LINESTRING (544745.267510 259039.594787, 544729.849476 259021.068346)

LINESTRING (544745.267510 259039.594787, 544755.569915 259055.345018, 544754.654815 259056.242128, 544753.458647 259057.398162, 544753.828578 259058.310548)

LINESTRING (544745.267510 259039.594787, 544756.399840 259032.317755, 544746.252760 259013.589057, 544738.393728 259004.076576, 544732.330601 258997.221123, 544722.158126 258994.809218, 544718.689295 258997.690919)

LINESTRING (544745.267510 259039.594787, 544742.919064 259041.340481, 544730.761806 259051.403652)

LINESTRING (545178.666295 258526.805897, 545157.555808 258541.525610)

LINESTRING (545178.666295 258526.805897, 545167.015691 258510.391986)

LINESTRING (545178.666295 258526.805897, 545179.659572 258528.148409, 545184.682544 258535.263332, 545187.223785 258539.088803)

LINESTRING (545178.666295 258526.805897, 545184.764693 258522.187223, 545193.164122 258515.821668)

LINESTRING (545093.966688 258573.255915, 545093.494016 258569.546704, 545093.142994 258567.521782)

LINESTRING (545093.966688 258573.255915, 545095.160420 258573.357646, 545094.175052 258582.956804)

LINESTRING (545093.966688 258573.255915, 545090.174333 258572.922282, 545090.368799 258560.673138, 545101.176010 258554.511490, 545106.558386 258555.659697, 545112.149412 258566.731423)

LINESTRING (545084.124887 258614.418313, 545089.600905 258615.402287, 545096.616163 258616.832032, 545095.553961 258596.821431, 545093.219305 258592.011429, 545086.493207 258593.083419, 545085.931139 258602.939844, 545084.124887 258614.418313)

LINESTRING (545084.124887 258614.418313, 545085.931139 258602.939844, 545086.493207 258593.083419, 545093.219305 258592.011429, 545095.553961 258596.821431, 545096.616163 258616.832032, 545089.600905 258615.402287, 545084.124887 258614.418313)

LINESTRING (545084.124887 258614.418313, 545070.308734 258613.579789, 545060.828568 258613.191000)

LINESTRING (545155.622170 258613.851587, 545155.918184 258615.652291)

LINESTRING (545155.622170 258613.851587, 545165.272901 258611.919248)

LINESTRING (545155.622170 258613.851587, 545154.963801 258609.246477, 545157.117665 258608.786419, 545154.939861 258594.887239, 545150.749346 258592.738732)

LINESTRING (545155.918184 258615.652291, 545152.199363 258616.311390)

LINESTRING (545155.918184 258615.652291, 545155.622170 258613.851587)

LINESTRING (545155.918184 258615.652291, 545156.334242 258617.790431, 545156.480942 258618.852139)

LINESTRING (545152.199363 258616.311390, 545155.918184 258615.652291)

LINESTRING (545152.199363 258616.311390, 545153.174199 258624.120265)

LINESTRING (545152.199363 258616.311390, 545145.991576 258617.198127, 545141.002604 258616.862801, 545124.037642 258617.534727)

LINESTRING (545156.480942 258618.852139, 545157.873789 258618.692582)

LINESTRING (545156.480942 258618.852139, 545156.605524 258619.735109, 545158.533229 258639.837870)

LINESTRING (545156.480942 258618.852139, 545156.334242 258617.790431, 545155.918184 258615.652291)

LINESTRING (545124.037642 258617.534727, 545113.566775 258617.350571)

LINESTRING (545124.037642 258617.534727, 545141.002604 258616.862801, 545145.991576 258617.198127, 545152.199363 258616.311390)

LINESTRING (545124.037642 258617.534727, 545123.574200 258635.230015, 545123.274760 258639.617852)

LINESTRING (545113.566775 258617.350571, 545103.786309 258617.175519)

LINESTRING (545113.566775 258617.350571, 545124.037642 258617.534727)

LINESTRING (545113.566775 258617.350571, 545111.937729 258644.495040)

LINESTRING (545123.274760 258639.617852, 545122.938866 258644.550024)

LINESTRING (545123.274760 258639.617852, 545123.574200 258635.230015, 545124.037642 258617.534727)

LINESTRING (545123.274760 258639.617852, 545128.688952 258639.676216, 545132.868760 258639.620524, 545150.780096 258639.087655)

LINESTRING (545103.786309 258617.175519, 545113.566775 258617.350571)

LINESTRING (545122.938866 258644.550024, 545123.274760 258639.617852)

LINESTRING (545122.938866 258644.550024, 545111.937729 258644.495040)

LINESTRING (545122.938866 258644.550024, 545122.484374 258668.244993, 545124.684606 258672.505675)

LINESTRING (545111.937729 258644.495040, 545122.938866 258644.550024)

LINESTRING (545111.937729 258644.495040, 545106.287990 258644.307360)

LINESTRING (545111.937729 258644.495040, 545113.566775 258617.350571)

LINESTRING (545124.684606 258672.505675, 545125.677519 258674.560528, 545125.868211 258685.095704, 545125.860534 258692.130049)

LINESTRING (545124.684606 258672.505675, 545122.484374 258668.244993, 545122.938866 258644.550024)

LINESTRING (545124.684606 258672.505675, 545104.675897 258671.574764, 545106.287990 258644.307360)

LINESTRING (545179.110081 258693.511538, 545186.372175 258694.214025)

LINESTRING (545179.110081 258693.511538, 545176.265235 258693.283505, 545171.667412 258692.903949, 545159.248185 258692.707140, 545153.007988 258692.602287, 545125.860534 258692.130049)

LINESTRING (545179.110081 258693.511538, 545181.944576 258683.821857, 545183.900456 258678.681138)

LINESTRING (544808.742201 258632.387912, 544806.945604 258632.324288)

LINESTRING (544808.742201 258632.387912, 544808.492180 258645.859780)

LINESTRING (544808.742201 258632.387912, 544808.823418 258629.140146)

LINESTRING (544806.945604 258632.324288, 544808.742201 258632.387912)

LINESTRING (544808.492180 258645.859780, 544808.742201 258632.387912)

LINESTRING (544808.823418 258629.140146, 544808.742201 258632.387912)

LINESTRING (544808.823418 258629.140146, 544809.758808 258629.189738, 544812.212301 258629.472907)

LINESTRING (544808.823418 258629.140146, 544808.823554 258615.327059, 544808.848337 258608.159668)

LINESTRING (544705.004547 258471.069699, 544697.249461 258469.908319)

LINESTRING (544770.352675 258485.588992, 544770.192971 258486.608343)

LINESTRING (544770.192971 258486.608343, 544770.352675 258485.588992)

LINESTRING (544770.192971 258486.608343, 544768.044598 258486.412024, 544767.904429 258487.699081)

LINESTRING (544770.192971 258486.608343, 544772.921464 258486.843869, 544772.814807 258488.154165)

LINESTRING (544772.814807 258488.154165, 544767.904429 258487.699081)

LINESTRING (544772.814807 258488.154165, 544809.921113 258491.163759, 544818.046030 258490.900274)

LINESTRING (544772.814807 258488.154165, 544772.921464 258486.843869, 544770.192971 258486.608343)

LINESTRING (544871.767974 258949.426802, 544870.833908 258947.462766)

LINESTRING (544871.767974 258949.426802, 544874.957963 258955.385899, 544890.001660 258979.689786, 544893.259914 258984.949664)

LINESTRING (544871.767974 258949.426802, 544916.023814 258949.140220, 544922.603962 258947.896795)

LINESTRING (545203.781023 258730.197449, 545204.576304 258734.561706)

LINESTRING (545203.781023 258730.197449, 545201.277097 258716.466772)

LINESTRING (545203.781023 258730.197449, 545195.350890 258731.787022)

LINESTRING (545126.413960 258726.706918, 545131.992358 258726.758968, 545190.345632 258718.940307, 545201.277097 258716.466772)

LINESTRING (545186.272491 258705.553241, 545186.372175 258694.214025)

LINESTRING (545282.003336 258712.443563, 545282.390016 258715.115128)

LINESTRING (545282.003336 258712.443563, 545269.919856 258713.157901)

LINESTRING (545282.003336 258712.443563, 545269.353034 258714.298875, 545269.919856 258713.157901)

LINESTRING (545282.003336 258712.443563, 545291.086771 258711.897309, 545295.692825 258710.362744, 545295.954141 258709.379776, 545294.172426 258695.280641)

LINESTRING (544644.095057 258756.205148, 544646.125521 258760.905869)

LINESTRING (544644.095057 258756.205148, 544485.144434 258792.807360)

LINESTRING (544644.095057 258756.205148, 544634.391401 258733.727534, 544618.905822 258709.968161, 544607.167335 258701.678395, 544591.573606 258695.446647, 544571.655639 258693.051295, 544556.933158 258694.692139)

LINESTRING (544476.513874 258720.362799, 544485.144434 258792.807360)

LINESTRING (544476.513874 258720.362799, 544496.645693 258714.716595, 544526.250010 258705.495515, 544556.933158 258694.692139)

LINESTRING (544491.444366 258980.585921, 544499.180788 258988.691958, 544495.273706 258993.241749, 544482.220861 259009.412350)

LINESTRING (544761.967529 259200.074118, 544763.143744 259196.791556)

LINESTRING (544761.967529 259200.074118, 544750.277598 259198.363555)

LINESTRING (544763.143744 259196.791556, 544761.967529 259200.074118)

LINESTRING (544763.143744 259196.791556, 544764.209355 259193.550285, 544769.033706 259182.649652, 544772.582692 259176.787326, 544776.891983 259171.815404, 544790.778051 259159.443176, 544791.816412 259157.837315)

LINESTRING (544763.143744 259196.791556, 544764.973969 259196.867286, 544772.261112 259199.261785)

LINESTRING (544763.143744 259196.791556, 544759.775068 259195.780433, 544744.506114 259188.789591, 544729.541819 259179.091827, 544711.012201 259166.919169, 544698.229065 259157.919649, 544686.607932 259149.165574, 544673.158288 259137.230442, 544669.003707 259132.690296, 544659.906661 259119.212688, 544651.631516 259103.577492, 544645.669320 259092.562243, 544639.878614 259082.698461, 544631.707994 259070.505713, 544624.208014 259061.104072)

LINESTRING (544891.676579 259329.997507, 544882.594817 259343.155497, 544896.598662 259352.469496)

LINESTRING (544896.598662 259352.469496, 544904.398541 259357.661856)

LINESTRING (544896.598662 259352.469496, 544905.911735 259338.650457)

LINESTRING (544896.598662 259352.469496, 544882.594817 259343.155497, 544891.676579 259329.997507)

LINESTRING (544904.398541 259357.661856, 544896.598662 259352.469496)

LINESTRING (544904.398541 259357.661856, 544910.702314 259360.239297, 544916.321266 259351.398943)

LINESTRING (544904.398541 259357.661856, 544893.102811 259375.452210, 544887.824779 259377.546260, 544881.894152 259376.003777, 544854.162599 259352.375187, 544865.045464 259337.711518)

LINESTRING (544905.911735 259338.650457, 544896.598662 259352.469496)

LINESTRING (544850.806557 258550.883258, 544850.778230 258550.214593, 544862.854514 258549.521269)

LINESTRING (544862.854514 258549.521269, 544862.869180 258550.423278)

LINESTRING (544862.854514 258549.521269, 544850.778230 258550.214593, 544850.806557 258550.883258)

LINESTRING (544862.854514 258549.521269, 544864.123081 258549.402519, 544865.666217 258548.078557, 544866.673773 258545.191785)

LINESTRING (544862.869180 258550.423278, 544862.854514 258549.521269)

LINESTRING (544867.648555 258545.531934, 544866.673773 258545.191785)

LINESTRING (544875.322500 258508.991811, 544874.644744 258507.847808, 544873.804374 258509.225702, 544875.233399 258510.870281, 544878.323382 258512.307409, 544875.861548 258518.858165)

LINESTRING (544854.578795 258519.148813, 544854.671270 258521.600251)

LINESTRING (544841.307468 258522.122404, 544839.289317 258523.788672)

LINESTRING (544841.307468 258522.122404, 544839.391366 258520.296641, 544836.794993 258520.220767, 544835.004562 258520.880805)

LINESTRING (544841.307468 258522.122404, 544848.747132 258521.905730, 544852.623460 258521.707361, 544854.671270 258521.600251)

LINESTRING (544839.289317 258523.788672, 544841.307468 258522.122404)

LINESTRING (544839.289317 258523.788672, 544839.456277 258525.329575)

LINESTRING (544839.289317 258523.788672, 544837.915974 258523.748538, 544836.037006 258523.226143, 544835.004562 258520.880805)

LINESTRING (544839.456277 258525.329575, 544839.289317 258523.788672)

LINESTRING (545187.223785 258539.088803, 545178.234532 258545.281260)

LINESTRING (545187.223785 258539.088803, 545184.682544 258535.263332, 545179.659572 258528.148409, 545178.666295 258526.805897)

LINESTRING (545187.223785 258539.088803, 545199.831139 258531.009969, 545203.157653 258530.205842)

LINESTRING (545178.234532 258545.281260, 545169.720010 258551.142587)

LINESTRING (545178.234532 258545.281260, 545187.223785 258539.088803)

LINESTRING (545178.234532 258545.281260, 545178.943025 258549.108695, 545178.956504 258554.251451, 545173.778345 258565.742434, 545171.568969 258571.365482, 545171.596527 258574.160082, 545173.747594 258579.632585, 545176.162250 258583.576781, 545173.750844 258588.859990, 545168.019411 258597.062361, 545168.158765 258603.511089, 545169.996431 258611.044713)

LINESTRING (545203.157653 258530.205842, 545203.902400 258522.291505, 545201.246991 258517.694666, 545197.352944 258512.660838)

LINESTRING (545203.157653 258530.205842, 545205.601982 258532.670544, 545220.311345 258572.815688, 545228.679242 258620.733483, 545233.445769 258632.393389, 545225.188842 258641.601364)

LINESTRING (545203.157653 258530.205842, 545199.831139 258531.009969, 545187.223785 258539.088803)

LINESTRING (545169.720010 258551.142587, 545178.234532 258545.281260)

LINESTRING (545193.164122 258515.821668, 545197.352944 258512.660838)

LINESTRING (545193.164122 258515.821668, 545185.745587 258506.443825)

LINESTRING (545193.164122 258515.821668, 545184.764693 258522.187223, 545178.666295 258526.805897)

LINESTRING (544753.828578 259058.310548, 544730.072410 259078.753697)

LINESTRING (544753.828578 259058.310548, 544753.458647 259057.398162, 544754.654815 259056.242128, 544755.569915 259055.345018, 544745.267510 259039.594787)

LINESTRING (544753.828578 259058.310548, 544764.424558 259079.222853, 544767.237710 259081.464376, 544771.089923 259083.246509, 544773.393321 259086.319070, 544775.587632 259095.465763, 544781.211527 259115.475969, 544785.143675 259134.412737, 544788.373469 259144.858585, 544793.169992 259155.739787, 544791.816412 259157.837315)

LINESTRING (544730.072410 259078.753697, 544753.828578 259058.310548)

LINESTRING (544730.072410 259078.753697, 544716.362880 259096.551861, 544692.959596 259121.313026, 544700.858874 259131.316364, 544706.770142 259142.196633, 544710.904648 259149.530009, 544721.597563 259157.288671, 544728.185470 259162.322896, 544732.746928 259166.507669)

LINESTRING (544730.072410 259078.753697, 544720.275402 259067.003039, 544719.095381 259065.499337, 544717.189518 259063.095119, 544730.761806 259051.403652)

LINESTRING (544791.816412 259157.837315, 544794.692269 259159.334936, 544796.288008 259161.117942, 544800.654276 259167.066845, 544804.108327 259172.410303, 544808.630993 259176.282358, 544812.501785 259182.572973)

LINESTRING (544791.816412 259157.837315, 544793.169992 259155.739787, 544788.373469 259144.858585, 544785.143675 259134.412737, 544781.211527 259115.475969, 544775.587632 259095.465763, 544773.393321 259086.319070, 544771.089923 259083.246509, 544767.237710 259081.464376, 544764.424558 259079.222853, 544753.828578 259058.310548)

LINESTRING (544791.816412 259157.837315, 544790.778051 259159.443176, 544776.891983 259171.815404, 544772.582692 259176.787326, 544769.033706 259182.649652, 544764.209355 259193.550285, 544763.143744 259196.791556)

LINESTRING (544770.731614 259202.934726, 544761.967529 259200.074118)

LINESTRING (544770.731614 259202.934726, 544772.261112 259199.261785)

LINESTRING (544770.731614 259202.934726, 544769.376474 259206.256582, 544774.658025 259208.258572, 544773.271316 259211.256717)

LINESTRING (544772.261112 259199.261785, 544770.731614 259202.934726)

LINESTRING (544772.261112 259199.261785, 544790.356622 259205.222243, 544805.246484 259212.547202, 544819.022814 259222.177096, 544837.132324 259234.671820, 544857.127615 259249.314301, 544874.646164 259261.669459, 544887.897174 259271.250806, 544907.569782 259285.227363, 544921.152156 259294.929802, 544937.137532 259305.693197, 544953.804361 259315.831004, 544963.631556 259322.307136, 544969.745689 259325.758424)

LINESTRING (544772.261112 259199.261785, 544764.973969 259196.867286, 544763.143744 259196.791556)

LINESTRING (544671.483008 259219.904226, 544704.774853 259258.520066)

LINESTRING (544714.723378 259255.705162, 544704.774853 259258.520066)

LINESTRING (544729.849476 259021.068346, 544745.267510 259039.594787)

LINESTRING (544726.164882 259022.207365, 544724.141487 259024.997708, 544715.405582 259033.101675)

LINESTRING (544715.405582 259033.101675, 544730.761806 259051.403652)

LINESTRING (544715.405582 259033.101675, 544713.971461 259031.401333)

LINESTRING (544715.405582 259033.101675, 544724.141487 259024.997708, 544726.164882 259022.207365)

LINESTRING (544715.405582 259033.101675, 544713.449122 259034.068557, 544701.802986 259043.957503)

LINESTRING (544713.971461 259031.401333, 544715.405582 259033.101675)

LINESTRING (544730.761806 259051.403652, 544715.405582 259033.101675)

LINESTRING (544730.761806 259051.403652, 544742.919064 259041.340481, 544745.267510 259039.594787)

LINESTRING (544730.761806 259051.403652, 544717.189518 259063.095119, 544719.095381 259065.499337, 544720.275402 259067.003039, 544730.072410 259078.753697)

LINESTRING (544701.802986 259043.957503, 544713.449122 259034.068557, 544715.405582 259033.101675)

LINESTRING (544628.437899 259037.296727, 544615.889062 259050.242697)

LINESTRING (544628.437899 259037.296727, 544631.684200 259040.396736)

LINESTRING (544628.437899 259037.296727, 544640.784442 259024.255836, 544692.278967 258976.250177)

LINESTRING (544631.684200 259040.396736, 544628.437899 259037.296727)

LINESTRING (544631.684200 259040.396736, 544633.433907 259042.061741, 544642.804024 259053.922192, 544642.646440 259077.358646, 544645.403191 259087.156131, 544651.363880 259094.709716, 544657.682851 259098.890064)

LINESTRING (544631.684200 259040.396736, 544628.095156 259044.354656, 544623.648990 259049.801326, 544622.371807 259055.140133)

LINESTRING (544631.684200 259040.396736, 544636.628118 259034.764250, 544645.352434 259025.646927, 544661.434587 259009.487248, 544680.138239 258991.600995, 544690.387823 258982.005137, 544701.063724 258974.202645)

LINESTRING (544732.746928 259166.507669, 544728.185470 259162.322896, 544721.597563 259157.288671, 544710.904648 259149.530009, 544706.770142 259142.196633, 544700.858874 259131.316364, 544692.959596 259121.313026, 544716.362880 259096.551861, 544730.072410 259078.753697)

LINESTRING (544657.682851 259098.890064, 544651.363880 259094.709716, 544645.403191 259087.156131, 544642.646440 259077.358646, 544642.804024 259053.922192, 544633.433907 259042.061741, 544631.684200 259040.396736)

LINESTRING (544812.501785 259182.572973, 544817.598787 259192.761755, 544822.627270 259195.936247, 544816.048328 259204.637343, 544814.861628 259206.405823)

LINESTRING (544812.501785 259182.572973, 544808.630993 259176.282358, 544804.108327 259172.410303, 544800.654276 259167.066845, 544796.288008 259161.117942, 544794.692269 259159.334936, 544791.816412 259157.837315)

LINESTRING (544812.501785 259182.572973, 544801.222153 259195.132611, 544799.621348 259197.501178)

LINESTRING (544814.861628 259206.405823, 544816.048328 259204.637343, 544822.627270 259195.936247, 544817.598787 259192.761755, 544812.501785 259182.572973)

LINESTRING (544799.621348 259197.501178, 544801.222153 259195.132611, 544812.501785 259182.572973)

LINESTRING (544610.104902 259070.142374, 544614.761622 259070.834800)

LINESTRING (544610.104902 259070.142374, 544609.752426 259072.614212, 544608.261843 259082.454688, 544599.647424 259092.966601, 544596.751593 259095.431008)

LINESTRING (544610.104902 259070.142374, 544607.484106 259070.210592, 544602.533785 259071.847032, 544588.271402 259086.112127)

LINESTRING (544614.761622 259070.834800, 544610.104902 259070.142374)

LINESTRING (544614.761622 259070.834800, 544619.699342 259065.647342)

LINESTRING (544614.761622 259070.834800, 544618.690032 259072.819386, 544625.728640 259081.395019, 544636.151858 259099.808730, 544643.395378 259114.011329, 544647.276210 259120.669406, 544655.129097 259131.328019, 544665.335583 259141.231691, 544672.959168 259148.266193)

LINESTRING (544596.751593 259095.431008, 544599.647424 259092.966601, 544608.261843 259082.454688, 544609.752426 259072.614212, 544610.104902 259070.142374)

LINESTRING (544588.271402 259086.112127, 544582.775489 259082.779550)

LINESTRING (544588.271402 259086.112127, 544602.533785 259071.847032, 544607.484106 259070.210592, 544610.104902 259070.142374)

LINESTRING (544588.271402 259086.112127, 544574.859733 259099.344672, 544570.533976 259103.948973)

LINESTRING (544591.018462 259091.089745, 544579.409117 259104.886876, 544574.681387 259106.863754, 544570.533976 259103.948973)

LINESTRING (544570.533976 259103.948973, 544566.474056 259100.847528)

LINESTRING (544570.533976 259103.948973, 544574.681387 259106.863754, 544579.409117 259104.886876, 544591.018462 259091.089745)

LINESTRING (544570.533976 259103.948973, 544574.859733 259099.344672, 544588.271402 259086.112127)

LINESTRING (544570.533976 259103.948973, 544568.131331 259106.149519, 544561.698926 259112.183868, 544556.240229 259118.357935)

LINESTRING (544566.474056 259100.847528, 544570.533976 259103.948973)

LINESTRING (544566.474056 259100.847528, 544551.881435 259116.360843)

LINESTRING (544566.474056 259100.847528, 544574.958009 259091.288986, 544582.775489 259082.779550)

LINESTRING (544551.881435 259116.360843, 544566.474056 259100.847528)

LINESTRING (544551.881435 259116.360843, 544547.045027 259113.860077)

LINESTRING (544551.881435 259116.360843, 544539.034135 259130.645086, 544533.552741 259137.130171)

LINESTRING (544556.240229 259118.357935, 544558.230358 259120.219148, 544568.855752 259130.301791)

LINESTRING (544556.240229 259118.357935, 544561.698926 259112.183868, 544568.131331 259106.149519, 544570.533976 259103.948973)

LINESTRING (544556.240229 259118.357935, 544546.741771 259128.944319, 544538.179483 259137.910697, 544536.582969 259139.667286)

LINESTRING (544628.611362 259126.235313, 544626.981287 259127.734891)

LINESTRING (544626.981287 259127.734891, 544628.611362 259126.235313)

LINESTRING (544626.981287 259127.734891, 544624.519428 259130.089511, 544622.937814 259136.254228, 544623.613135 259140.525828, 544627.602258 259146.519214)

LINESTRING (544626.981287 259127.734891, 544628.218878 259128.906333, 544629.030924 259129.664654, 544627.096390 259131.756399, 544627.435549 259134.426512, 544632.130934 259140.351470)

LINESTRING (544627.602258 259146.519214, 544623.740099 259151.637877)

LINESTRING (544627.602258 259146.519214, 544630.835305 259142.105681, 544632.130934 259140.351470)

LINESTRING (544627.602258 259146.519214, 544623.613135 259140.525828, 544622.937814 259136.254228, 544624.519428 259130.089511, 544626.981287 259127.734891)

LINESTRING (544627.602258 259146.519214, 544639.878480 259157.195601, 544642.059010 259156.046013, 544646.804428 259156.273576)

LINESTRING (544632.130934 259140.351470, 544636.208568 259136.752864)

LINESTRING (544632.130934 259140.351470, 544630.835305 259142.105681, 544627.602258 259146.519214)

LINESTRING (544632.130934 259140.351470, 544627.435549 259134.426512, 544627.096390 259131.756399, 544629.030924 259129.664654, 544628.218878 259128.906333, 544626.981287 259127.734891)

LINESTRING (544632.130934 259140.351470, 544635.516715 259143.355381, 544638.867610 259145.211824, 544646.804428 259156.273576)

LINESTRING (544590.760948 259128.269567, 544588.249031 259130.934400)

LINESTRING (544590.760948 259128.269567, 544588.440605 259126.009134, 544579.480448 259118.846728, 544570.156589 259128.837111, 544568.855752 259130.301791)

LINESTRING (544590.760948 259128.269567, 544591.722528 259127.418307, 544609.130180 259143.609296)

LINESTRING (544588.249031 259130.934400, 544590.760948 259128.269567)

LINESTRING (544568.855752 259130.301791, 544571.111659 259132.193024)

LINESTRING (544568.855752 259130.301791, 544570.156589 259128.837111, 544579.480448 259118.846728, 544588.440605 259126.009134, 544590.760948 259128.269567)

LINESTRING (544568.855752 259130.301791, 544567.977473 259131.344705, 544564.275018 259135.444056)

LINESTRING (544568.855752 259130.301791, 544558.230358 259120.219148, 544556.240229 259118.357935)

LINESTRING (544609.130180 259143.609296, 544610.865300 259141.789990)

LINESTRING (544609.130180 259143.609296, 544605.765987 259147.128566, 544600.225272 259153.066450, 544596.732589 259156.537454)

LINESTRING (544609.130180 259143.609296, 544591.722528 259127.418307, 544590.760948 259128.269567)

LINESTRING (544571.111659 259132.193024, 544568.855752 259130.301791)

LINESTRING (544564.275018 259135.444056, 544561.163756 259132.403682)

LINESTRING (544564.275018 259135.444056, 544555.004919 259145.703167)

LINESTRING (544564.275018 259135.444056, 544567.977473 259131.344705, 544568.855752 259130.301791)

LINESTRING (544561.163756 259132.403682, 544564.275018 259135.444056)

LINESTRING (544636.208568 259136.752864, 544632.130934 259140.351470)

LINESTRING (544555.004919 259145.703167, 544551.644454 259142.533093)

LINESTRING (544555.004919 259145.703167, 544564.275018 259135.444056)

LINESTRING (544555.004919 259145.703167, 544553.471833 259147.394818, 544553.137974 259150.401471)

LINESTRING (544646.804428 259156.273576, 544652.808315 259164.218000)

LINESTRING (544646.804428 259156.273576, 544642.059010 259156.046013, 544639.878480 259157.195601, 544627.602258 259146.519214)

LINESTRING (544646.804428 259156.273576, 544638.867610 259145.211824, 544635.516715 259143.355381, 544632.130934 259140.351470)

LINESTRING (544621.958128 259153.422419, 544610.865300 259141.789990)

LINESTRING (544596.732589 259156.537454, 544600.225272 259153.066450, 544605.765987 259147.128566, 544609.130180 259143.609296)

LINESTRING (544551.644454 259142.533093, 544555.004919 259145.703167)

LINESTRING (544623.740099 259151.637877, 544627.602258 259146.519214)

LINESTRING (544553.137974 259150.401471, 544553.471833 259147.394818, 544555.004919 259145.703167)

LINESTRING (544652.808315 259164.218000, 544650.787215 259165.761809)

LINESTRING (544652.808315 259164.218000, 544646.804428 259156.273576)

LINESTRING (544652.808315 259164.218000, 544671.094886 259150.293188, 544672.959168 259148.266193)

LINESTRING (544677.786561 259159.971838, 544680.773471 259157.198480, 544682.065880 259155.789236)

LINESTRING (544682.065880 259155.789236, 544680.773471 259157.198480, 544677.786561 259159.971838)

LINESTRING (544682.065880 259155.789236, 544685.157821 259158.083375, 544693.269611 259164.319631)

LINESTRING (544682.065880 259155.789236, 544676.814709 259151.806987, 544672.959168 259148.266193)

LINESTRING (544650.787215 259165.761809, 544652.808315 259164.218000)

LINESTRING (544672.959168 259148.266193, 544671.094886 259150.293188, 544652.808315 259164.218000)

LINESTRING (544672.959168 259148.266193, 544676.814709 259151.806987, 544682.065880 259155.789236)

LINESTRING (544672.959168 259148.266193, 544665.335583 259141.231691, 544655.129097 259131.328019, 544647.276210 259120.669406, 544643.395378 259114.011329, 544636.151858 259099.808730, 544625.728640 259081.395019, 544618.690032 259072.819386, 544614.761622 259070.834800)

LINESTRING (544690.590134 259167.335701, 544688.133820 259170.202461)

LINESTRING (544690.590134 259167.335701, 544692.083897 259165.587290, 544693.269611 259164.319631)

LINESTRING (544690.590134 259167.335701, 544690.849560 259170.159321, 544690.564365 259172.199026, 544686.386852 259175.939369)

LINESTRING (544688.133820 259170.202461, 544690.590134 259167.335701)

LINESTRING (544693.269611 259164.319631, 544692.083897 259165.587290, 544690.590134 259167.335701)

LINESTRING (544693.269611 259164.319631, 544701.929884 259170.972620, 544709.922536 259176.604373, 544712.423974 259178.280233)

LINESTRING (544693.269611 259164.319631, 544685.157821 259158.083375, 544682.065880 259155.789236)

LINESTRING (544686.386852 259175.939369, 544681.696996 259180.132242)

LINESTRING (544686.386852 259175.939369, 544686.103482 259175.574916)

LINESTRING (544686.386852 259175.939369, 544690.564365 259172.199026, 544690.849560 259170.159321, 544690.590134 259167.335701)

LINESTRING (544671.811285 259168.379084, 544666.489420 259173.844669)

LINESTRING (544666.489420 259173.844669, 544671.811285 259168.379084)

LINESTRING (544666.489420 259173.844669, 544674.677079 259181.463306)

LINESTRING (544666.489420 259173.844669, 544663.170047 259170.909457, 544660.435409 259170.428922, 544652.046204 259171.352734)

LINESTRING (544652.046204 259171.352734, 544660.435409 259170.428922, 544663.170047 259170.909457, 544666.489420 259173.844669)

LINESTRING (544674.677079 259181.463306, 544679.921201 259176.084504)

LINESTRING (544674.677079 259181.463306, 544666.489420 259173.844669)

LINESTRING (544674.677079 259181.463306, 544676.552625 259183.265571, 544677.364979 259184.012779)

LINESTRING (544712.423974 259178.280233, 544715.105765 259175.887556)

LINESTRING (544712.423974 259178.280233, 544709.952655 259180.489837, 544706.518807 259184.285273, 544704.421424 259189.377498, 544701.202289 259193.079032, 544674.187723 259209.231023)

LINESTRING (544712.423974 259178.280233, 544719.346914 259182.845616, 544727.221095 259188.084367, 544737.010499 259195.872332, 544745.892854 259202.643196, 544751.978357 259206.850247, 544760.917502 259210.973712, 544769.260941 259213.955597, 544771.795823 259214.953497)

LINESTRING (544712.423974 259178.280233, 544709.922536 259176.604373, 544701.929884 259170.972620, 544693.269611 259164.319631)

LINESTRING (544679.921201 259176.084504, 544674.677079 259181.463306)

LINESTRING (544681.696996 259180.132242, 544683.966565 259183.192643)

LINESTRING (544681.696996 259180.132242, 544686.386852 259175.939369)

LINESTRING (544681.696996 259180.132242, 544677.364979 259184.012779)

LINESTRING (544683.966565 259183.192643, 544681.696996 259180.132242)

LINESTRING (544683.966565 259183.192643, 544688.387450 259180.249678, 544695.022168 259190.939578)

LINESTRING (544683.966565 259183.192643, 544673.779682 259189.952022, 544672.380093 259188.475311)

LINESTRING (544677.364979 259184.012779, 544681.696996 259180.132242)

LINESTRING (544677.364979 259184.012779, 544672.380093 259188.475311)

LINESTRING (544677.364979 259184.012779, 544676.552625 259183.265571, 544674.677079 259181.463306)

LINESTRING (544695.022168 259190.939578, 544688.387450 259180.249678, 544683.966565 259183.192643)

LINESTRING (544672.380093 259188.475311, 544677.364979 259184.012779)

LINESTRING (544672.380093 259188.475311, 544669.862362 259186.420556)

LINESTRING (544672.380093 259188.475311, 544673.779682 259189.952022, 544683.966565 259183.192643)

LINESTRING (544659.466533 259185.582787, 544667.370723 259185.579800, 544669.862362 259186.420556)

LINESTRING (544669.862362 259186.420556, 544672.380093 259188.475311)

LINESTRING (544669.862362 259186.420556, 544669.233062 259201.183633, 544674.187723 259209.231023)

LINESTRING (544669.862362 259186.420556, 544667.370723 259185.579800, 544659.466533 259185.582787)

LINESTRING (544674.187723 259209.231023, 544669.233062 259201.183633, 544669.862362 259186.420556)

LINESTRING (544674.187723 259209.231023, 544667.113693 259213.588042, 544628.671450 259255.129483, 544614.022501 259242.358094)

LINESTRING (544674.187723 259209.231023, 544701.202289 259193.079032, 544704.421424 259189.377498, 544706.518807 259184.285273, 544709.952655 259180.489837, 544712.423974 259178.280233)

LINESTRING (544614.022501 259242.358094, 544628.671450 259255.129483, 544667.113693 259213.588042, 544674.187723 259209.231023)

LINESTRING (545421.102817 258442.652847, 545408.367496 258448.545778, 545373.874562 258464.842153)

LINESTRING (544551.529986 259043.790238, 544551.500087 259048.096906, 544546.971744 259054.019859, 544538.831007 259059.781796)

LINESTRING (544551.529986 259043.790238, 544540.982859 259042.503096, 544525.240292 259041.175756, 544508.269007 259036.729461, 544504.278609 259033.585577)

LINESTRING (544551.529986 259043.790238, 544556.634298 259043.438257, 544564.772611 259043.386273, 544577.771800 259045.935979, 544586.899639 259048.762334, 544593.786308 259051.534442, 544598.471843 259054.520595, 544600.752849 259056.724230)

LINESTRING (544538.831007 259059.781796, 544544.065714 259066.679624)

LINESTRING (544538.831007 259059.781796, 544536.258615 259062.878985, 544532.949792 259063.327876, 544531.571086 259063.476884, 544530.018949 259063.242394, 544522.701131 259059.545093, 544520.421536 259058.933212, 544518.662257 259059.705568, 544517.897826 259060.595983)

LINESTRING (544538.831007 259059.781796, 544546.971744 259054.019859, 544551.500087 259048.096906, 544551.529986 259043.790238)

LINESTRING (544600.752849 259056.724230, 544605.736834 259052.528732)

LINESTRING (544600.752849 259056.724230, 544594.582037 259064.569331, 544580.499391 259080.876592)

LINESTRING (544600.752849 259056.724230, 544598.471843 259054.520595, 544593.786308 259051.534442, 544586.899639 259048.762334, 544577.771800 259045.935979, 544564.772611 259043.386273, 544556.634298 259043.438257, 544551.529986 259043.790238)

LINESTRING (544544.065714 259066.679624, 544538.831007 259059.781796)

LINESTRING (544517.897826 259060.595983, 544518.662257 259059.705568, 544520.421536 259058.933212, 544522.701131 259059.545093, 544530.018949 259063.242394, 544531.571086 259063.476884, 544532.949792 259063.327876, 544536.258615 259062.878985, 544538.831007 259059.781796)

LINESTRING (544455.549724 259077.343903, 544453.470283 259074.322550)

LINESTRING (544453.470283 259074.322550, 544478.402235 259056.661664)

LINESTRING (544453.470283 259074.322550, 544455.549724 259077.343903)

LINESTRING (544566.877842 259085.131774, 544573.232023 259089.279645)

LINESTRING (544566.877842 259085.131774, 544563.792569 259086.121434, 544558.709425 259086.218019, 544539.796654 259083.874307, 544535.049479 259086.752234)

LINESTRING (544566.877842 259085.131774, 544551.286451 259073.000946, 544548.923243 259072.208523, 544546.250391 259072.186210, 544545.823478 259071.116350)

LINESTRING (544573.232023 259089.279645, 544566.877842 259085.131774)

LINESTRING (544573.232023 259089.279645, 544580.499391 259080.876592)

LINESTRING (544573.232023 259089.279645, 544563.038204 259099.088834, 544555.369633 259105.777225, 544547.045027 259113.860077)

LINESTRING (544535.049479 259086.752234, 544539.796654 259083.874307, 544558.709425 259086.218019, 544563.792569 259086.121434, 544566.877842 259085.131774)

LINESTRING (544545.823478 259071.116350, 544546.250391 259072.186210, 544548.923243 259072.208523, 544551.286451 259073.000946, 544566.877842 259085.131774)

LINESTRING (545066.373689 258692.414245, 545068.911843 258685.832415)

LINESTRING (545308.877684 258728.758725, 545341.336578 258724.857555, 545350.986156 258723.660174)

LINESTRING (545078.734935 258731.265848, 545094.024017 258728.029194, 545099.314175 258727.182317)

LINESTRING (545181.391527 258499.370757, 545180.614866 258499.971324)

LINESTRING (545180.614866 258499.971324, 545181.391527 258499.370757)

LINESTRING (545180.614866 258499.971324, 545167.015691 258510.391986)

LINESTRING (545180.614866 258499.971324, 545185.745587 258506.443825)

LINESTRING (545180.614866 258499.971324, 545162.079007 258479.081583)

LINESTRING (545285.871418 258574.659163, 545289.890987 258578.438982)

LINESTRING (545285.871418 258574.659163, 545282.175226 258571.278400)

LINESTRING (545285.871418 258574.659163, 545282.378468 258578.808685)

LINESTRING (545285.871418 258574.659163, 545289.361753 258570.832356)

LINESTRING (545282.378468 258578.808685, 545285.871418 258574.659163)

LINESTRING (545282.378468 258578.808685, 545278.977020 258581.703126, 545273.967895 258592.085904, 545257.649367 258615.961491)

LINESTRING (545282.378468 258578.808685, 545284.395914 258580.437247, 545287.921477 258580.540595, 545289.890987 258578.438982)

LINESTRING (545282.378468 258578.808685, 545279.956314 258576.522682, 545280.092811 258573.499144, 545282.175226 258571.278400)

LINESTRING (545289.361753 258570.832356, 545285.871418 258574.659163)

LINESTRING (545289.361753 258570.832356, 545291.912397 258568.035416, 545293.970238 258563.387472, 545295.752499 258558.809364, 545301.194005 258550.008705, 545308.813278 258534.103752)

LINESTRING (545289.361753 258570.832356, 545287.193677 258568.976763, 545284.426513 258568.895647, 545282.175226 258571.278400)

LINESTRING (545289.361753 258570.832356, 545291.540218 258573.033304, 545291.759316 258576.289881, 545289.890987 258578.438982)

LINESTRING (545154.876246 258650.293749, 545154.026730 258630.968321)

LINESTRING (545154.026730 258630.968321, 545154.876246 258650.293749)

LINESTRING (545154.026730 258630.968321, 545153.174199 258624.120265)

LINESTRING (545154.026730 258630.968321, 545150.102956 258631.387675, 545150.780096 258639.087655)

LINESTRING (545162.695913 258478.565380, 545162.079007 258479.081583)

LINESTRING (545162.079007 258479.081583, 545162.695913 258478.565380)

LINESTRING (545162.079007 258479.081583, 545150.607388 258488.774327)

LINESTRING (545162.079007 258479.081583, 545180.614866 258499.971324)

LINESTRING (545194.083902 258499.364118, 545189.272944 258503.452832, 545185.745587 258506.443825)

LINESTRING (545185.745587 258506.443825, 545193.164122 258515.821668)

LINESTRING (545185.745587 258506.443825, 545180.614866 258499.971324)

LINESTRING (545185.745587 258506.443825, 545189.272944 258503.452832, 545194.083902 258499.364118)

LINESTRING (545225.188842 258641.601364, 545216.829608 258647.533940, 545200.360056 258644.836398, 545182.494894 258637.723682)

LINESTRING (545225.188842 258641.601364, 545228.734076 258651.299876, 545234.384996 258667.081783, 545234.464427 258672.771877, 545225.606995 258674.471318, 545206.643319 258673.581747, 545192.626351 258670.733473, 545184.096556 258647.476530, 545182.494894 258637.723682)

LINESTRING (545225.188842 258641.601364, 545233.445769 258632.393389, 545228.679242 258620.733483, 545220.311345 258572.815688, 545205.601982 258532.670544, 545203.157653 258530.205842)

LINESTRING (545313.282912 258547.023929, 545374.321481 258604.879101)

LINESTRING (545313.282912 258547.023929, 545308.813278 258534.103752)

LINESTRING (545313.282912 258547.023929, 545316.689627 258559.111538, 545334.707878 258613.245162)

LINESTRING (545409.679821 258589.587659, 545419.496839 258596.910279)

LINESTRING (545409.679821 258589.587659, 545383.878582 258557.653728, 545375.042929 258543.214080, 545364.305848 258532.747985, 545342.920227 258513.922163, 545294.829749 258471.083827, 545272.397534 258452.483661)

LINESTRING (545409.679821 258589.587659, 545365.363017 258558.257095, 545345.187092 258545.755565, 545308.813278 258534.103752)

LINESTRING (545098.403887 258541.752531, 545087.410814 258551.225677, 545084.982319 258552.423480, 545081.658451 258552.904974, 545075.946450 258553.672746)

LINESTRING (545093.142994 258567.521782, 545093.494016 258569.546704, 545093.966688 258573.255915)

LINESTRING (545094.175052 258582.956804, 545095.160420 258573.357646, 545093.966688 258573.255915)

LINESTRING (545165.272901 258611.919248, 545167.970851 258618.097868)

LINESTRING (545165.272901 258611.919248, 545155.622170 258613.851587)

LINESTRING (545165.272901 258611.919248, 545166.421736 258611.685762, 545169.996431 258611.044713)

LINESTRING (545167.970851 258618.097868, 545165.272901 258611.919248)

LINESTRING (545169.996431 258611.044713, 545166.421736 258611.685762, 545165.272901 258611.919248)

LINESTRING (545169.996431 258611.044713, 545175.702644 258624.947080, 545182.494894 258637.723682)

LINESTRING (545169.996431 258611.044713, 545168.158765 258603.511089, 545168.019411 258597.062361, 545173.750844 258588.859990, 545176.162250 258583.576781, 545173.747594 258579.632585, 545171.596527 258574.160082, 545171.568969 258571.365482, 545173.778345 258565.742434, 545178.956504 258554.251451, 545178.943025 258549.108695, 545178.234532 258545.281260)

LINESTRING (545153.174199 258624.120265, 545154.026730 258630.968321)

LINESTRING (545153.174199 258624.120265, 545152.199363 258616.311390)

LINESTRING (545153.174199 258624.120265, 545150.781867 258624.317335, 545145.880704 258625.420429, 545143.963300 258628.547641, 545140.258391 258632.234693, 545137.796090 258633.186604, 545131.611475 258632.348786)

LINESTRING (545157.873789 258618.692582, 545156.480942 258618.852139)

LINESTRING (545158.533229 258639.837870, 545156.605524 258619.735109, 545156.480942 258618.852139)

LINESTRING (545131.611475 258632.348786, 545137.796090 258633.186604, 545140.258391 258632.234693, 545143.963300 258628.547641, 545145.880704 258625.420429, 545150.781867 258624.317335, 545153.174199 258624.120265)

LINESTRING (545150.780096 258639.087655, 545132.868760 258639.620524, 545128.688952 258639.676216, 545123.274760 258639.617852)

LINESTRING (545150.780096 258639.087655, 545150.102956 258631.387675, 545154.026730 258630.968321)

LINESTRING (545150.780096 258639.087655, 545151.553135 258639.076903, 545152.128126 258646.295273)

LINESTRING (545182.494894 258637.723682, 545200.360056 258644.836398, 545216.829608 258647.533940, 545225.188842 258641.601364)

LINESTRING (545182.494894 258637.723682, 545184.096556 258647.476530, 545192.626351 258670.733473, 545206.643319 258673.581747, 545225.606995 258674.471318, 545234.464427 258672.771877, 545234.384996 258667.081783, 545228.734076 258651.299876, 545225.188842 258641.601364)

LINESTRING (545182.494894 258637.723682, 545175.702644 258624.947080, 545169.996431 258611.044713)

LINESTRING (545152.128126 258646.295273, 545151.553135 258639.076903, 545150.780096 258639.087655)

LINESTRING (545183.900456 258678.681138, 545181.944576 258683.821857, 545179.110081 258693.511538)

LINESTRING (544872.348361 258483.705159, 544876.558592 258485.419903)

LINESTRING (544872.348361 258483.705159, 544873.666319 258480.493542, 544878.493335 258440.286150)

LINESTRING (544516.117009 259218.954649, 544517.940434 259215.746565)

LINESTRING (544516.117009 259218.954649, 544504.721064 259249.131262, 544503.190463 259252.615024, 544501.519319 259255.994513, 544497.905366 259258.705164)

LINESTRING (544839.571715 258847.085718, 544849.416962 258854.385761, 544861.820350 258863.530370, 544866.785082 258867.493301, 544872.167869 258871.657680, 544872.529673 258873.081846, 544873.053180 258875.056140, 544877.501897 258878.425205)

LINESTRING (544839.571715 258847.085718, 544839.076540 258846.715065, 544832.599890 258841.839790, 544827.387184 258837.468947)

LINESTRING (544839.571715 258847.085718, 544839.422390 258847.281704, 544839.293887 258847.467169, 544842.265585 258849.668840, 544841.980925 258850.050092, 544838.473709 258847.454329)

LINESTRING (544896.730136 258850.826881, 544903.657646 258856.650399, 544923.019950 258870.773688)

LINESTRING (544896.730136 258850.826881, 544890.479219 258858.346514, 544877.886022 258873.472176)

LINESTRING (544877.886022 258873.472176, 544890.479219 258858.346514, 544896.730136 258850.826881)

LINESTRING (544593.656112 258537.809195, 544598.663704 258541.962301)

LINESTRING (544593.656112 258537.809195, 544597.073332 258533.657005)

LINESTRING (544597.073332 258533.657005, 544593.656112 258537.809195)

LINESTRING (544811.249612 258729.820662, 544819.910846 258726.166901)

LINESTRING (544819.910846 258726.166901, 544818.926492 258720.773179)

LINESTRING (544819.910846 258726.166901, 544811.249612 258729.820662)

LINESTRING (544646.125521 258760.905869, 544644.110372 258761.303409)

LINESTRING (544646.125521 258760.905869, 544644.095057 258756.205148)

LINESTRING (544646.125521 258760.905869, 544650.304783 258759.458435, 544668.069198 258754.567491, 544676.245907 258752.045795, 544678.338827 258762.335916, 544680.084547 258766.482941, 544682.149796 258771.396176, 544683.234635 258773.820927)

LINESTRING (544683.234635 258773.820927, 544682.149796 258771.396176, 544680.084547 258766.482941, 544678.338827 258762.335916, 544676.245907 258752.045795, 544668.069198 258754.567491, 544650.304783 258759.458435, 544646.125521 258760.905869)

LINESTRING (544683.234635 258773.820927, 544692.948784 258769.463071, 544699.680272 258783.417036)

LINESTRING (544683.234635 258773.820927, 544679.391154 258775.712230, 544684.151457 258790.198549)

LINESTRING (544699.680272 258783.417036, 544684.151457 258790.198549)

LINESTRING (544699.680272 258783.417036, 544706.878008 258798.731431, 544689.575221 258806.785668, 544684.151457 258790.198549)

LINESTRING (544699.680272 258783.417036, 544703.974680 258781.538916)

LINESTRING (544699.680272 258783.417036, 544692.948784 258769.463071, 544683.234635 258773.820927)

LINESTRING (544684.151457 258790.198549, 544699.680272 258783.417036)

LINESTRING (544684.151457 258790.198549, 544689.575221 258806.785668, 544706.878008 258798.731431, 544699.680272 258783.417036)

LINESTRING (544684.151457 258790.198549, 544681.720244 258791.262893, 544675.325214 258794.593471, 544658.587674 258798.980088, 544645.220275 258801.995883, 544645.879907 258804.463867, 544641.415663 258805.602460)

LINESTRING (544684.151457 258790.198549, 544679.391154 258775.712230, 544683.234635 258773.820927)

LINESTRING (544703.974680 258781.538916, 544699.680272 258783.417036)

LINESTRING (544832.719498 258793.759008, 544844.654833 258788.275382)

LINESTRING (544641.415663 258805.602460, 544608.486287 258813.490316)

LINESTRING (544641.415663 258805.602460, 544642.003729 258808.179661, 544647.406543 258830.876817)

LINESTRING (544641.415663 258805.602460, 544645.879907 258804.463867, 544645.220275 258801.995883, 544658.587674 258798.980088, 544675.325214 258794.593471, 544681.720244 258791.262893, 544684.151457 258790.198549)

LINESTRING (544485.066219 258929.644483, 544490.385591 258935.053212)

LINESTRING (544490.385591 258935.053212, 544462.349005 258965.134335)

LINESTRING (544490.385591 258935.053212, 544491.495402 258936.154107)

LINESTRING (544490.385591 258935.053212, 544485.066219 258929.644483)

LINESTRING (544650.443005 258832.033983, 544650.058010 258830.230719, 544647.406543 258830.876817)

LINESTRING (544647.406543 258830.876817, 544642.003729 258808.179661, 544641.415663 258805.602460)

LINESTRING (544647.406543 258830.876817, 544650.058010 258830.230719, 544650.443005 258832.033983)

LINESTRING (544647.406543 258830.876817, 544628.839458 258835.399348, 544625.223720 258831.832213, 544623.819913 258827.684055, 544612.138083 258829.179710)

LINESTRING (544608.486287 258813.490316, 544641.415663 258805.602460)

LINESTRING (544608.486287 258813.490316, 544575.443130 258821.063409, 544576.046189 258823.596516, 544581.559298 258846.975772, 544600.106152 258842.908832, 544600.996314 258839.117011, 544599.984374 258833.021310, 544612.138083 258829.179710)

LINESTRING (544608.486287 258813.490316, 544609.323368 258817.610801, 544612.138083 258829.179710)

LINESTRING (544608.486287 258813.490316, 544607.613404 258809.190697, 544606.346796 258804.089317)

LINESTRING (544612.138083 258829.179710, 544612.803295 258832.159860, 544615.274661 258842.371950, 544615.628735 258843.829260, 544616.568592 258847.707873, 544617.202865 258850.342073, 544620.128882 258863.016166)

LINESTRING (544612.138083 258829.179710, 544609.323368 258817.610801, 544608.486287 258813.490316)

LINESTRING (544612.138083 258829.179710, 544599.984374 258833.021310, 544600.996314 258839.117011, 544600.106152 258842.908832, 544581.559298 258846.975772, 544576.046189 258823.596516, 544575.443130 258821.063409, 544608.486287 258813.490316)

LINESTRING (544612.138083 258829.179710, 544623.819913 258827.684055, 544625.223720 258831.832213, 544628.839458 258835.399348, 544647.406543 258830.876817)

LINESTRING (544620.128882 258863.016166, 544581.124950 258871.238926)

LINESTRING (544620.128882 258863.016166, 544629.791229 258860.893935)

LINESTRING (544620.128882 258863.016166, 544617.202865 258850.342073, 544616.568592 258847.707873, 544615.628735 258843.829260, 544615.274661 258842.371950, 544612.803295 258832.159860, 544612.138083 258829.179710)

LINESTRING (544627.144817 258849.886454, 544629.791229 258860.893935)

LINESTRING (544629.791229 258860.893935, 544620.128882 258863.016166)

LINESTRING (544629.791229 258860.893935, 544633.449063 258876.138303)

LINESTRING (544629.791229 258860.893935, 544627.144817 258849.886454)

LINESTRING (544633.449063 258876.138303, 544629.791229 258860.893935)

LINESTRING (544581.124950 258871.238926, 544620.128882 258863.016166)

LINESTRING (544581.124950 258871.238926, 544578.582611 258865.098582)

LINESTRING (544581.124950 258871.238926, 544582.382133 258876.429069)

LINESTRING (544578.582611 258865.098582, 544581.124950 258871.238926)

LINESTRING (544582.382133 258876.429069, 544581.124950 258871.238926)

LINESTRING (544550.633186 258920.993632, 544513.432739 258952.977658)

LINESTRING (544513.432739 258952.977658, 544550.633186 258920.993632)

LINESTRING (544513.432739 258952.977658, 544510.457833 258955.573378, 544508.135208 258954.559549, 544504.761827 258957.689051)

LINESTRING (544513.432739 258952.977658, 544494.808273 258932.989439, 544491.495402 258936.154107)

LINESTRING (544462.349005 258965.134335, 544490.385591 258935.053212)

LINESTRING (544462.349005 258965.134335, 544469.245238 258970.633533)

LINESTRING (544491.495402 258936.154107, 544490.385591 258935.053212)

LINESTRING (544491.495402 258936.154107, 544488.870574 258938.938136)

LINESTRING (544491.495402 258936.154107, 544494.808273 258932.989439, 544513.432739 258952.977658)

LINESTRING (544488.870574 258938.938136, 544491.495402 258936.154107)

LINESTRING (544504.761827 258957.689051, 544502.831502 258959.636269)

LINESTRING (544504.761827 258957.689051, 544508.135208 258954.559549, 544510.457833 258955.573378, 544513.432739 258952.977658)

LINESTRING (544504.761827 258957.689051, 544503.989102 258956.987553, 544502.072441 258958.935169)

LINESTRING (544502.831502 258959.636269, 544504.761827 258957.689051)

LINESTRING (545223.439073 258979.699559, 545222.121872 258972.147760)

LINESTRING (545248.546002 258800.341229, 545248.579125 258795.478100)

LINESTRING (545248.546002 258800.341229, 545255.830087 258800.521329, 545255.997956 258794.793957, 545263.006805 258795.032783, 545302.867150 258795.455552, 545311.400556 258795.705754)

LINESTRING (545248.546002 258800.341229, 545248.491868 258808.721032, 545251.348693 258808.771370)

LINESTRING (545248.579125 258795.478100, 545248.546002 258800.341229)

LINESTRING (545251.348693 258808.771370, 545248.491868 258808.721032, 545248.546002 258800.341229)

LINESTRING (545195.083345 258876.989740, 545197.479659 258879.686785)

LINESTRING (545195.083345 258876.989740, 545192.669647 258877.453295, 545189.091238 258877.994034, 545185.470535 258878.578059)

LINESTRING (545195.083345 258876.989740, 545182.391243 258815.165540, 545181.137602 258809.641401)

LINESTRING (545197.479659 258879.686785, 545195.083345 258876.989740)

LINESTRING (545200.909054 258928.806691, 545208.750902 258928.847243)

LINESTRING (545323.057924 258889.033207, 545332.326131 258888.937688)

LINESTRING (545444.829707 259100.749450, 545442.667042 259099.884565)

LINESTRING (545434.047435 258749.593801, 545431.970323 258750.701570)

LINESTRING (545431.970323 258750.701570, 545390.327688 258757.872268, 545377.212343 258762.062231)

LINESTRING (545431.970323 258750.701570, 545429.552516 258752.467182, 545425.691224 258757.051022)

LINESTRING (544887.144562 258599.339584, 544899.293455 258573.938496)

LINESTRING (544887.144562 258599.339584, 544876.430145 258592.514961, 544868.542801 258589.101052, 544858.768086 258586.622616, 544840.301166 258584.168437)

LINESTRING (544891.273403 258619.272793, 544886.816218 258626.477570)

LINESTRING (544891.273403 258619.272793, 544891.992768 258619.694526, 544885.864303 258629.566316)

LINESTRING (544891.273403 258619.272793, 544896.966244 258609.566363, 544898.389283 258606.502523)

LINESTRING (544886.816218 258626.477570, 544891.273403 258619.272793)

LINESTRING (544885.864303 258629.566316, 544891.992768 258619.694526, 544891.273403 258619.272793)

LINESTRING (544826.021801 258665.872835, 544826.734904 258663.934685)

LINESTRING (544826.021801 258665.872835, 544832.026521 258667.717901)

LINESTRING (544826.734904 258663.934685, 544828.772072 258658.573605, 544837.303545 258631.519520)

LINESTRING (544826.734904 258663.934685, 544820.138314 258660.580828, 544794.550485 258660.556689, 544788.173290 258660.459424, 544788.157265 258658.433185)

LINESTRING (544832.026521 258667.717901, 544826.021801 258665.872835)

LINESTRING (544900.954130 258681.564520, 544898.590531 258684.990431, 544926.413336 258705.393863)

LINESTRING (544815.140121 258628.734790, 544814.953405 258629.742220)

LINESTRING (544814.953405 258629.742220, 544823.081711 258630.525131)

LINESTRING (544814.953405 258629.742220, 544815.140121 258628.734790)

LINESTRING (544814.953405 258629.742220, 544812.600774 258629.517649, 544812.212301 258629.472907)

LINESTRING (544822.489513 258610.072018, 544821.230062 258609.879387)

LINESTRING (544821.230062 258609.879387, 544822.489513 258610.072018)

LINESTRING (544821.230062 258609.879387, 544820.964263 258591.828895)

LINESTRING (544821.230062 258609.879387, 544813.071450 258608.728285, 544808.848337 258608.159668)

LINESTRING (544822.604703 258591.854568, 544820.964263 258591.828895)

LINESTRING (544820.964263 258591.828895, 544822.604703 258591.854568)

LINESTRING (544820.964263 258591.828895, 544821.230062 258609.879387)

LINESTRING (544820.964263 258591.828895, 544817.100564 258588.788647)

LINESTRING (544816.575484 258581.015267, 544816.913601 258583.017526, 544817.100564 258588.788647)

LINESTRING (544817.100564 258588.788647, 544820.964263 258591.828895)

LINESTRING (544817.100564 258588.788647, 544816.913601 258583.017526, 544816.575484 258581.015267)

LINESTRING (544817.100564 258588.788647, 544808.132815 258589.116545, 544808.152435 258591.721681)

LINESTRING (544698.548564 258559.158001, 544698.582232 258561.752414, 544698.966531 258573.417373)

LINESTRING (544683.100985 258559.619739, 544682.955362 258556.643618, 544684.708379 258556.561225)

LINESTRING (544684.708379 258556.561225, 544682.955362 258556.643618, 544683.100985 258559.619739)

LINESTRING (544684.708379 258556.561225, 544684.464385 258551.801337, 544684.397653 258551.276250, 544685.982132 258551.111024)

LINESTRING (544684.708379 258556.561225, 544685.535613 258569.686089, 544685.733060 258574.166354)

LINESTRING (544683.139023 258548.946605, 544685.835255 258548.880616, 544685.982132 258551.111024)

LINESTRING (544685.982132 258551.111024, 544702.716833 258550.364085)

LINESTRING (544685.982132 258551.111024, 544685.835255 258548.880616, 544683.139023 258548.946605)

LINESTRING (544685.982132 258551.111024, 544684.397653 258551.276250, 544684.464385 258551.801337, 544684.708379 258556.561225)

LINESTRING (544700.065959 258547.236907, 544702.438128 258547.027899, 544702.716833 258550.364085)

LINESTRING (544702.716833 258550.364085, 544685.982132 258551.111024)

LINESTRING (544702.716833 258550.364085, 544702.438128 258547.027899, 544700.065959 258547.236907)

LINESTRING (544702.716833 258550.364085, 544708.489306 258550.098528, 544708.204042 258545.816049)

LINESTRING (544756.188620 258685.125519, 544755.973047 258681.034289)

LINESTRING (544821.749765 258631.877537, 544823.081711 258630.525131)

LINESTRING (544823.081711 258630.525131, 544821.749765 258631.877537)

LINESTRING (544823.081711 258630.525131, 544814.953405 258629.742220)

LINESTRING (544823.081711 258630.525131, 544824.694214 258632.208451, 544832.690145 258634.479012)

LINESTRING (544708.204042 258545.816049, 544708.489306 258550.098528, 544702.716833 258550.364085)

LINESTRING (544685.733060 258574.166354, 544671.903638 258576.356084, 544657.936559 258577.873997)

LINESTRING (544685.733060 258574.166354, 544692.716123 258573.424113, 544696.066961 258573.421764)

LINESTRING (544685.733060 258574.166354, 544685.535613 258569.686089, 544684.708379 258556.561225)

LINESTRING (544657.936559 258577.873997, 544660.290375 258595.161733, 544639.603637 258598.709687)

LINESTRING (544657.936559 258577.873997, 544655.018627 258556.952356, 544614.965606 258561.204112, 544619.571076 258591.791795)

LINESTRING (544657.936559 258577.873997, 544671.903638 258576.356084, 544685.733060 258574.166354)

LINESTRING (544808.152435 258591.721681, 544808.848337 258608.159668)

LINESTRING (544808.152435 258591.721681, 544803.756898 258591.904913, 544794.600122 258592.149398, 544794.478359 258598.189763, 544794.503462 258599.437125, 544794.583300 258602.556028, 544787.959748 258602.696444, 544782.841282 258602.814052)

LINESTRING (544808.152435 258591.721681, 544808.132815 258589.116545, 544817.100564 258588.788647)

LINESTRING (544808.848337 258608.159668, 544808.152435 258591.721681)

LINESTRING (544808.848337 258608.159668, 544808.823554 258615.327059, 544808.823418 258629.140146)

LINESTRING (544808.848337 258608.159668, 544813.071450 258608.728285, 544821.230062 258609.879387)

LINESTRING (544608.878888 258670.673979, 544608.428440 258668.534893)

LINESTRING (544608.878888 258670.673979, 544610.139047 258675.997780, 544611.348892 258678.593119, 544613.151796 258680.549057, 544617.444281 258682.722339)

LINESTRING (544608.878888 258670.673979, 544605.327096 258671.238181, 544601.480541 258671.827177, 544593.064890 258669.644920, 544587.471603 258667.055271, 544581.782543 258663.060379, 544575.282704 258655.212920, 544566.286159 258632.856270, 544560.868485 258615.100785, 544556.857623 258597.642344)

LINESTRING (544812.212301 258629.472907, 544812.914475 258622.291916)

LINESTRING (544812.212301 258629.472907, 544812.600774 258629.517649, 544814.953405 258629.742220)

LINESTRING (544812.212301 258629.472907, 544809.758808 258629.189738, 544808.823418 258629.140146)

LINESTRING (544675.241429 258616.156361, 544677.359017 258629.352283)

LINESTRING (544675.241429 258616.156361, 544677.755082 258615.784514, 544680.296389 258615.402345, 544681.719156 258615.388225, 544682.729071 258615.695972, 544682.986755 258615.770278, 544683.806365 258616.506563, 544684.270733 258617.933706, 544684.300025 258618.101520, 544684.570827 258619.834668)

LINESTRING (544675.241429 258616.156361, 544675.158436 258615.719845, 544674.359421 258611.466893, 544674.157958 258610.403605, 544646.734191 258613.999745, 544642.071606 258614.665072)

LINESTRING (544677.359017 258629.352283, 544685.877625 258628.009287)

LINESTRING (544677.359017 258629.352283, 544675.241429 258616.156361)

LINESTRING (544677.359017 258629.352283, 544679.377587 258641.020425)

LINESTRING (544684.570827 258619.834668, 544686.404822 258619.554291, 544693.332174 258618.610076, 544699.325774 258617.794438)

LINESTRING (544684.570827 258619.834668, 544684.807776 258621.321956, 544685.877625 258628.009287)

LINESTRING (544684.570827 258619.834668, 544684.300025 258618.101520, 544684.270733 258617.933706, 544683.806365 258616.506563, 544682.986755 258615.770278, 544682.729071 258615.695972, 544681.719156 258615.388225, 544680.296389 258615.402345, 544677.755082 258615.784514, 544675.241429 258616.156361)

LINESTRING (544642.071606 258614.665072, 544639.603637 258598.709687)

LINESTRING (544642.071606 258614.665072, 544614.612776 258618.527498, 544613.586633 258618.775821, 544624.158281 258666.589676, 544681.926533 258653.728066, 544681.385316 258651.185621, 544681.097294 258649.808149, 544679.377587 258641.020425)

LINESTRING (544642.071606 258614.665072, 544646.734191 258613.999745, 544674.157958 258610.403605, 544674.359421 258611.466893, 544675.158436 258615.719845, 544675.241429 258616.156361)

LINESTRING (544685.877625 258628.009287, 544677.359017 258629.352283)

LINESTRING (544685.877625 258628.009287, 544686.860568 258634.159813, 544687.109558 258635.703105, 544687.234885 258636.797562, 544687.123366 258638.040934, 544686.779178 258638.587416, 544686.392048 258639.199428, 544685.499970 258639.774437, 544684.490753 258640.145677, 544684.298472 258640.173455, 544679.377587 258641.020425)

LINESTRING (544685.877625 258628.009287, 544684.807776 258621.321956, 544684.570827 258619.834668)

LINESTRING (544832.690145 258634.479012, 544824.694214 258632.208451, 544823.081711 258630.525131)

LINESTRING (544679.377587 258641.020425, 544677.359017 258629.352283)

LINESTRING (544679.377587 258641.020425, 544684.298472 258640.173455, 544684.490753 258640.145677, 544685.499970 258639.774437, 544686.392048 258639.199428, 544686.779178 258638.587416, 544687.123366 258638.040934, 544687.234885 258636.797562, 544687.109558 258635.703105, 544686.860568 258634.159813, 544685.877625 258628.009287)

LINESTRING (544679.377587 258641.020425, 544681.097294 258649.808149, 544681.385316 258651.185621, 544681.926533 258653.728066, 544624.158281 258666.589676, 544613.586633 258618.775821, 544614.612776 258618.527498, 544642.071606 258614.665072)

LINESTRING (544608.428440 258668.534893, 544608.878888 258670.673979)

LINESTRING (544608.428440 258668.534893, 544597.346444 258611.957544, 544597.027442 258610.000384)

LINESTRING (544608.428440 258668.534893, 544616.586790 258667.114486, 544619.068197 258666.674886, 544619.807002 258670.180320)

LINESTRING (544617.444281 258682.722339, 544613.151796 258680.549057, 544611.348892 258678.593119, 544610.139047 258675.997780, 544608.878888 258670.673979)

LINESTRING (544877.124196 258830.296471, 544880.514307 258834.090945, 544896.730136 258850.826881)

LINESTRING (544877.124196 258830.296471, 544879.699213 258828.056579, 544887.183536 258821.853013, 544893.586865 258821.049598, 544911.419701 258818.732700, 544900.334812 258804.951655, 544892.398685 258800.412071, 544869.745137 258784.712337)

LINESTRING (544878.723684 258920.601474, 544871.005560 258924.983920, 544870.231937 258925.951930, 544861.947755 258930.518192)

LINESTRING (544590.443243 259016.364380, 544583.697479 259027.509637, 544581.844512 259032.898437, 544579.463335 259039.752196)

LINESTRING (544553.588885 259166.821125, 544542.239257 259178.755967, 544530.532879 259179.950534, 544514.928582 259166.394716)

LINESTRING (544514.928582 259166.394716, 544511.392797 259163.609127)

LINESTRING (544514.928582 259166.394716, 544530.532879 259179.950534, 544542.239257 259178.755967, 544553.588885 259166.821125)

LINESTRING (544514.928582 259166.394716, 544518.053546 259162.400926, 544524.835001 259153.772147, 544534.262395 259142.571469, 544536.582969 259139.667286)

LINESTRING (544514.928582 259166.394716, 544508.680249 259173.859212, 544502.903359 259181.804947, 544493.352725 259195.595513, 544491.469619 259200.616152)

LINESTRING (544583.493926 259153.769215, 544561.824143 259161.095368, 544540.323424 259142.937479, 544536.582969 259139.667286)

LINESTRING (544536.582969 259139.667286, 544533.552741 259137.130171)

LINESTRING (544536.582969 259139.667286, 544540.323424 259142.937479, 544561.824143 259161.095368, 544583.493926 259153.769215)

LINESTRING (544536.582969 259139.667286, 544538.179483 259137.910697, 544546.741771 259128.944319, 544556.240229 259118.357935)

LINESTRING (544536.582969 259139.667286, 544534.262395 259142.571469, 544524.835001 259153.772147, 544518.053546 259162.400926, 544514.928582 259166.394716)

LINESTRING (544533.552741 259137.130171, 544536.582969 259139.667286)

LINESTRING (544533.552741 259137.130171, 544539.034135 259130.645086, 544551.881435 259116.360843)

LINESTRING (544533.552741 259137.130171, 544518.543777 259154.735113, 544511.392797 259163.609127)

LINESTRING (544867.952329 258879.726587, 544861.254850 258874.922730, 544841.710671 258865.847676, 544829.620888 258856.968287, 544823.141318 258852.193114, 544818.460258 258849.051054)

LINESTRING (544562.284280 258535.614040, 544560.348744 258568.915952)

LINESTRING (544560.348744 258568.915952, 544598.636291 258569.153532)

LINESTRING (544560.348744 258568.915952, 544562.284280 258535.614040)

LINESTRING (544560.348744 258568.915952, 544558.441108 258597.510440)

LINESTRING (544916.321266 259351.398943, 544910.702314 259360.239297, 544904.398541 259357.661856)

LINESTRING (544916.321266 259351.398943, 544929.386463 259329.219266, 544934.623895 259321.503096)

LINESTRING (544916.321266 259351.398943, 544924.702774 259357.042442, 544921.897032 259361.334721, 544935.185411 259374.301021, 544936.951486 259376.100191, 544942.417885 259381.591670)

LINESTRING (544865.045464 259337.711518, 544854.162599 259352.375187, 544881.894152 259376.003777, 544887.824779 259377.546260, 544893.102811 259375.452210, 544904.398541 259357.661856)

LINESTRING (545198.252924 259341.943653, 545196.722720 259341.197580)

LINESTRING (545196.722720 259341.197580, 545197.941880 259336.691993)

LINESTRING (545196.722720 259341.197580, 545198.252924 259341.943653)

LINESTRING (545196.722720 259341.197580, 545195.026919 259340.736054, 545166.514403 259334.001385, 545167.104306 259331.369569, 545167.410167 259329.797975)

LINESTRING (545204.576304 258734.561706, 545203.781023 258730.197449)

LINESTRING (545204.576304 258734.561706, 545176.105321 258740.294702)

LINESTRING (545204.576304 258734.561706, 545205.136090 258737.627908, 545207.271112 258749.945316)

LINESTRING (545195.350890 258731.787022, 545203.781023 258730.197449)

LINESTRING (545142.774212 258751.807024, 545143.407174 258756.812093)

LINESTRING (545155.527047 258762.788041, 545153.217085 258763.210133)

LINESTRING (545126.134752 258785.513092, 545126.991382 258785.449132)

LINESTRING (545145.309930 258802.047135, 545143.810092 258802.359389, 545143.018372 258797.405323)

LINESTRING (545140.601749 258776.486837, 545142.825823 258775.728305, 545144.873572 258774.686343, 545146.934675 258773.188417)

LINESTRING (544879.877887 259027.066280, 544887.467932 259038.752739, 544890.953819 259040.201467)

LINESTRING (544877.713402 259040.994200, 544854.930163 259009.418413)

LINESTRING (544492.667505 259348.053529, 544500.048436 259341.835287)

LINESTRING (544512.669401 259320.520960, 544500.048436 259341.835287)

LINESTRING (544492.189399 259305.832374, 544483.357110 259321.257832)

LINESTRING (545226.074932 258979.120095, 545224.238495 258971.786823)

LINESTRING (544580.499391 259080.876592, 544582.775489 259082.779550)

LINESTRING (544580.499391 259080.876592, 544573.232023 259089.279645)

LINESTRING (544580.499391 259080.876592, 544594.582037 259064.569331, 544600.752849 259056.724230)

LINESTRING (545452.721840 258751.243784, 545448.149934 258738.799069)

LINESTRING (545452.721840 258751.243784, 545449.478631 258749.445605, 545442.761019 258747.901644, 545434.047435 258749.593801)

LINESTRING (545455.311392 258753.412355, 545452.721840 258751.243784)

LINESTRING (544686.103482 259175.574916, 544686.386852 259175.939369)

LINESTRING (545196.066812 259423.545312, 545189.247995 259420.585093)

LINESTRING (545196.066812 259423.545312, 545191.662789 259431.508256)

LINESTRING (544827.140128 258698.740833, 544823.757801 258698.419382, 544819.568935 258698.085495)

LINESTRING (545148.640295 259336.382862, 545161.938377 259339.666399)

LINESTRING (545148.640295 259336.382862, 545126.362827 259330.832837, 545121.786785 259329.262957)

LINESTRING (545148.640295 259336.382862, 545149.796003 259331.240958, 545151.089982 259325.813708)

LINESTRING (545161.938377 259339.666399, 545148.640295 259336.382862)

LINESTRING (545161.938377 259339.666399, 545164.000797 259340.216570, 545201.297141 259348.188120, 545220.126165 259348.918016, 545245.463592 259349.671801, 545256.758991 259348.032788, 545268.092716 259347.418946)

LINESTRING (545161.938377 259339.666399, 545163.038123 259335.034869, 545164.380608 259329.119294)

LINESTRING (545121.786785 259329.262957, 545120.546917 259332.610364)

LINESTRING (545121.786785 259329.262957, 545103.278626 259322.944113, 545088.749288 259315.940437)

LINESTRING (545121.786785 259329.262957, 545126.362827 259330.832837, 545148.640295 259336.382862)

LINESTRING (545151.089982 259325.813708, 545157.002061 259327.289187)

LINESTRING (545151.089982 259325.813708, 545146.728946 259324.840028)

LINESTRING (545151.089982 259325.813708, 545149.796003 259331.240958, 545148.640295 259336.382862)

LINESTRING (545157.002061 259327.289187, 545164.380608 259329.119294)

LINESTRING (545157.002061 259327.289187, 545151.089982 259325.813708)

LINESTRING (545157.002061 259327.289187, 545156.731338 259328.828418)

LINESTRING (545146.728946 259324.840028, 545151.089982 259325.813708)

LINESTRING (545146.728946 259324.840028, 545123.901015 259318.939973)

LINESTRING (545146.728946 259324.840028, 545146.123446 259327.304429, 545145.616538 259329.204054, 545123.760956 259323.722054, 545122.858887 259323.473021)

LINESTRING (545115.223819 259316.860412, 545123.901015 259318.939973)

LINESTRING (545115.223819 259316.860412, 545114.439780 259318.184260)

LINESTRING (545115.223819 259316.860412, 545118.622866 259301.421558, 545211.859910 259323.253305, 545208.524319 259339.083541, 545197.941880 259336.691993)

LINESTRING (545123.901015 259318.939973, 545146.728946 259324.840028)

LINESTRING (545123.901015 259318.939973, 545115.223819 259316.860412)

LINESTRING (545123.901015 259318.939973, 545122.858887 259323.473021)

LINESTRING (545114.439780 259318.184260, 545115.223819 259316.860412)

LINESTRING (545197.941880 259336.691993, 545167.410167 259329.797975)

LINESTRING (545197.941880 259336.691993, 545196.722720 259341.197580)

LINESTRING (545197.941880 259336.691993, 545208.524319 259339.083541, 545211.859910 259323.253305, 545118.622866 259301.421558, 545115.223819 259316.860412)

LINESTRING (545263.511243 259340.205520, 545268.092716 259347.418946)

LINESTRING (544705.174452 258653.794609, 544711.185587 258653.079674)

LINESTRING (544639.603637 258598.709687, 544642.071606 258614.665072)

LINESTRING (544639.603637 258598.709687, 544620.974707 258601.104537, 544619.571076 258591.791795)

LINESTRING (544639.603637 258598.709687, 544660.290375 258595.161733, 544657.936559 258577.873997)

LINESTRING (544619.807002 258670.180320, 544619.068197 258666.674886, 544616.586790 258667.114486, 544608.428440 258668.534893)

LINESTRING (544812.914475 258622.291916, 544812.212301 258629.472907)

LINESTRING (544696.013322 258611.798510, 544695.286162 258606.490245)

LINESTRING (544696.013322 258611.798510, 544694.207302 258612.057440)

LINESTRING (544696.013322 258611.798510, 544696.684818 258616.671057, 544699.156828 258616.320266, 544699.325774 258617.794438)

LINESTRING (544694.207302 258612.057440, 544696.013322 258611.798510)

LINESTRING (544695.286162 258606.490245, 544696.013322 258611.798510)

LINESTRING (544788.140265 258656.440309, 544788.157265 258658.433185)

LINESTRING (544607.444785 258608.267425, 544597.027442 258610.000384)

LINESTRING (545220.442745 258729.127354, 545266.716846 258718.150728)

LINESTRING (545220.442745 258729.127354, 545218.811191 258720.865121, 545217.930022 258716.631912)

LINESTRING (545220.442745 258729.127354, 545213.165640 258730.572593, 545216.766160 258746.550411, 545216.683445 258748.206455, 545215.608467 258748.954103, 545207.271112 258749.945316)

LINESTRING (545266.470508 258713.257147, 545266.716846 258718.150728)

LINESTRING (545266.470508 258713.257147, 545217.930022 258716.631912)

LINESTRING (545266.470508 258713.257147, 545269.919856 258713.157901)

LINESTRING (545266.470508 258713.257147, 545266.176198 258710.933342, 545265.467530 258706.182039, 545265.068818 258703.220726, 545264.288890 258698.567510)

LINESTRING (545217.930022 258716.631912, 545266.470508 258713.257147)

LINESTRING (545217.930022 258716.631912, 545217.306490 258713.174268, 545216.459154 258708.953182, 545215.716917 258704.412387, 545215.979725 258698.943804)

LINESTRING (545217.930022 258716.631912, 545218.811191 258720.865121, 545220.442745 258729.127354)

LINESTRING (545266.716846 258718.150728, 545266.470508 258713.257147)

LINESTRING (545266.716846 258718.150728, 545220.442745 258729.127354)

LINESTRING (545266.716846 258718.150728, 545282.390016 258715.115128)

LINESTRING (545269.919856 258713.157901, 545266.470508 258713.257147)

LINESTRING (545269.919856 258713.157901, 545282.003336 258712.443563)

LINESTRING (545269.919856 258713.157901, 545269.353034 258714.298875, 545282.003336 258712.443563)

LINESTRING (545282.390016 258715.115128, 545282.003336 258712.443563)

LINESTRING (545282.390016 258715.115128, 545266.716846 258718.150728)

LINESTRING (545282.390016 258715.115128, 545292.960055 258713.076425)

LINESTRING (545292.960055 258713.076425, 545282.390016 258715.115128)

LINESTRING (545419.592198 258477.124746, 545412.701066 258480.083676, 545422.088838 258502.742897)

LINESTRING (545164.380608 259329.119294, 545167.410167 259329.797975)

LINESTRING (545164.380608 259329.119294, 545157.002061 259327.289187)

LINESTRING (545164.380608 259329.119294, 545163.038123 259335.034869, 545161.938377 259339.666399)

LINESTRING (545167.410167 259329.797975, 545197.941880 259336.691993)

LINESTRING (545167.410167 259329.797975, 545164.380608 259329.119294)

LINESTRING (545167.410167 259329.797975, 545167.104306 259331.369569, 545166.514403 259334.001385, 545195.026919 259340.736054, 545196.722720 259341.197580)

LINESTRING (545156.731338 259328.828418, 545157.002061 259327.289187)

LINESTRING (545122.858887 259323.473021, 545123.901015 259318.939973)

LINESTRING (545122.858887 259323.473021, 545121.748291 259323.340318)

LINESTRING (545122.858887 259323.473021, 545123.760956 259323.722054, 545145.616538 259329.204054, 545146.123446 259327.304429, 545146.728946 259324.840028)

LINESTRING (545121.748291 259323.340318, 545122.858887 259323.473021)

LINESTRING (544776.664269 258952.357471, 544775.660222 258950.447064, 544774.250509 258949.081336, 544771.812759 258948.030626, 544769.355516 258947.647184, 544767.157906 258947.738814, 544764.751783 258948.414276, 544757.903988 258950.863328, 544755.969263 258951.318821, 544754.089499 258951.297304, 544751.951074 258950.767355, 544749.996097 258949.341186, 544745.397041 258945.500359, 544735.719013 258937.159126)

LINESTRING (545129.352264 259384.937497, 545114.131541 259369.098001, 545094.690629 259360.314252)

LINESTRING (545129.352264 259384.937497, 545134.203014 259364.988732, 545112.808853 259359.865339, 545094.690629 259360.314252)

LINESTRING (545129.352264 259384.937497, 545129.114956 259389.071152, 545128.907337 259391.024068)

LINESTRING (545120.546917 259332.610364, 545121.786785 259329.262957)

LINESTRING (544982.345257 259273.935474, 544982.802977 259273.013892, 544984.711931 259269.229675)

LINESTRING (544545.697505 259284.987096, 544546.410426 259283.048908, 544548.192426 259278.448301)

LINESTRING (544550.888350 259271.347710, 544548.192426 259278.448301)

LINESTRING (544683.297046 258966.549177, 544684.741601 258968.127376, 544688.410561 258971.974382, 544690.358104 258974.123799)

LINESTRING (545245.693666 259405.732621, 545260.705660 259406.985240)

LINESTRING (545245.693666 259405.732621, 545229.815064 259404.421255)

LINESTRING (545245.693666 259405.732621, 545244.104755 259413.054551, 545235.660493 259430.092965)

LINESTRING (545260.705660 259406.985240, 545245.693666 259405.732621)

LINESTRING (545229.815064 259404.421255, 545245.693666 259405.732621)

LINESTRING (545235.660493 259430.092965, 545244.104755 259413.054551, 545245.693666 259405.732621)

LINESTRING (545235.660493 259430.092965, 545232.232562 259428.545499, 545206.980352 259417.665349, 545180.148331 259407.495929, 545174.131660 259404.926548)

LINESTRING (544445.880624 259227.959403, 544447.463139 259226.680994)

LINESTRING (544445.880624 259227.959403, 544444.231733 259225.885570, 544446.560787 259224.094655, 544453.059698 259219.052730, 544457.705130 259215.437147)

LINESTRING (544445.880624 259227.959403, 544446.526777 259228.779641, 544451.993684 259235.684145, 544457.349119 259237.264984, 544461.601728 259238.680110)

LINESTRING (544447.463139 259226.680994, 544445.880624 259227.959403)

LINESTRING (544447.463139 259226.680994, 544450.717010 259230.927558)

LINESTRING (544447.463139 259226.680994, 544446.455189 259225.371594)

LINESTRING (544461.601728 259238.680110, 544457.349119 259237.264984, 544451.993684 259235.684145, 544446.526777 259228.779641, 544445.880624 259227.959403)

LINESTRING (544461.601728 259238.680110, 544462.622599 259235.793658, 544467.677526 259221.415612)

LINESTRING (544450.717010 259230.927558, 544447.463139 259226.680994)

LINESTRING (544446.455189 259225.371594, 544447.463139 259226.680994)

LINESTRING (545386.635960 259229.805032, 545383.221509 259229.192840, 545380.298056 259227.459726)

LINESTRING (545386.635960 259229.805032, 545382.046965 259227.277293, 545380.630928 259226.601298, 545380.298056 259227.459726)

LINESTRING (544908.059669 258428.472699, 544927.583292 258431.058178)

LINESTRING (544908.059669 258428.472699, 544913.629235 258426.030970)

LINESTRING (544908.059669 258428.472699, 544887.664364 258425.527898, 544884.467646 258425.634803)

LINESTRING (544913.629235 258426.030970, 544908.059669 258428.472699)

LINESTRING (544839.570456 258446.305554, 544839.883245 258440.048160, 544840.019423 258435.622155)

LINESTRING (544899.293455 258573.938496, 544887.144562 258599.339584)

LINESTRING (544910.357577 258927.548064, 544914.854692 258930.662577, 544918.312342 258931.676400)

LINESTRING (544912.214842 258922.259671, 544918.312342 258931.676400)

LINESTRING (544906.382492 258940.020570, 544907.647372 258939.089192)

LINESTRING (544907.647372 258939.089192, 544921.972093 258940.042352)

LINESTRING (544907.647372 258939.089192, 544906.382492 258940.020570)

LINESTRING (544907.647372 258939.089192, 544903.798027 258938.141837, 544901.867818 258937.272862)

LINESTRING (544901.867818 258937.272862, 544903.798027 258938.141837, 544907.647372 258939.089192)

LINESTRING (544877.501897 258878.425205, 544875.887295 258880.559606)

LINESTRING (544877.501897 258878.425205, 544880.712361 258880.878755, 544881.829581 258881.723952)

LINESTRING (544877.501897 258878.425205, 544873.053180 258875.056140, 544872.529673 258873.081846, 544872.167869 258871.657680, 544866.785082 258867.493301, 544861.820350 258863.530370, 544849.416962 258854.385761, 544839.571715 258847.085718)

LINESTRING (544875.887295 258880.559606, 544877.501897 258878.425205)

LINESTRING (544881.829581 258881.723952, 544885.826250 258876.932191, 544893.950981 258883.436276, 544895.288454 258884.466007)

LINESTRING (544881.829581 258881.723952, 544884.223763 258883.563717, 544885.501049 258884.547163, 544890.182368 258888.145654, 544891.526998 258889.164462)

LINESTRING (544881.829581 258881.723952, 544880.712361 258880.878755, 544877.501897 258878.425205)

LINESTRING (544838.473709 258847.454329, 544841.980925 258850.050092, 544842.265585 258849.668840, 544839.293887 258847.467169, 544839.422390 258847.281704, 544839.571715 258847.085718)

LINESTRING (544891.526998 258889.164462, 544895.288454 258884.466007)

LINESTRING (544891.526998 258889.164462, 544887.273974 258894.304903, 544894.599669 258901.943215, 544900.308059 258906.428805)

LINESTRING (544891.526998 258889.164462, 544890.182368 258888.145654, 544885.501049 258884.547163, 544884.223763 258883.563717, 544881.829581 258881.723952)

LINESTRING (544895.288454 258884.466007, 544891.526998 258889.164462)

LINESTRING (544895.288454 258884.466007, 544896.552074 258885.449056)

LINESTRING (544895.288454 258884.466007, 544893.950981 258883.436276, 544885.826250 258876.932191, 544881.829581 258881.723952)

LINESTRING (544900.308059 258906.428805, 544901.730656 258900.103681)

LINESTRING (544900.308059 258906.428805, 544903.590069 258909.006899, 544905.596427 258910.545939, 544924.633169 258924.570681)

LINESTRING (544900.308059 258906.428805, 544894.599669 258901.943215, 544887.273974 258894.304903, 544891.526998 258889.164462)

LINESTRING (544901.730656 258900.103681, 544900.308059 258906.428805)

LINESTRING (544896.552074 258885.449056, 544895.288454 258884.466007)

LINESTRING (544728.432961 258952.273184, 544725.101727 258948.803322)

LINESTRING (544728.432961 258952.273184, 544732.706396 258956.727800, 544739.496143 258965.863987, 544751.414968 258981.527844, 544754.131024 258986.393345)

LINESTRING (544728.432961 258952.273184, 544724.763038 258955.015442, 544722.849521 258956.618021, 544712.050946 258965.340727, 544701.063724 258974.202645)

LINESTRING (544611.755936 259047.306039, 544615.889062 259050.242697)

LINESTRING (544611.755936 259047.306039, 544609.169062 259048.788832, 544605.736834 259052.528732)

LINESTRING (544611.755936 259047.306039, 544624.853264 259034.309282, 544644.802628 259015.435245, 544680.028795 258983.639415, 544690.358104 258974.123799)

LINESTRING (544622.371807 259055.140133, 544615.889062 259050.242697)

LINESTRING (544622.371807 259055.140133, 544623.051593 259057.853578, 544624.208014 259061.104072)

LINESTRING (544622.371807 259055.140133, 544623.648990 259049.801326, 544628.095156 259044.354656, 544631.684200 259040.396736)

LINESTRING (544624.208014 259061.104072, 544619.699342 259065.647342)

LINESTRING (544624.208014 259061.104072, 544631.707994 259070.505713, 544639.878614 259082.698461, 544645.669320 259092.562243, 544651.631516 259103.577492, 544659.906661 259119.212688, 544669.003707 259132.690296, 544673.158288 259137.230442, 544686.607932 259149.165574, 544698.229065 259157.919649, 544711.012201 259166.919169, 544729.541819 259179.091827, 544744.506114 259188.789591, 544759.775068 259195.780433, 544763.143744 259196.791556)

LINESTRING (544624.208014 259061.104072, 544623.051593 259057.853578, 544622.371807 259055.140133)

LINESTRING (544771.795823 259214.953497, 544773.271316 259211.256717)

LINESTRING (544771.795823 259214.953497, 544779.325640 259217.933890, 544786.599747 259220.773256, 544793.267800 259223.995625)

LINESTRING (544771.795823 259214.953497, 544769.260941 259213.955597, 544760.917502 259210.973712, 544751.978357 259206.850247, 544745.892854 259202.643196, 544737.010499 259195.872332, 544727.221095 259188.084367, 544719.346914 259182.845616, 544712.423974 259178.280233)

LINESTRING (545052.133607 258441.802974, 545072.122334 258449.522733)

LINESTRING (544510.391133 259001.473983, 544516.106257 258995.418648)

LINESTRING (544516.106257 258995.418648, 544510.391133 259001.473983)

LINESTRING (544516.106257 258995.418648, 544490.784776 258972.252141)

LINESTRING (544516.106257 258995.418648, 544518.411714 258997.489388, 544526.979892 259005.207896)

LINESTRING (544490.784776 258972.252141, 544516.106257 258995.418648)

LINESTRING (544502.072441 258958.935169, 544503.989102 258956.987553, 544504.761827 258957.689051)

LINESTRING (545106.287990 258644.307360, 545105.762872 258644.258594)

LINESTRING (545106.287990 258644.307360, 545111.937729 258644.495040)

LINESTRING (545106.287990 258644.307360, 545104.675897 258671.574764, 545124.684606 258672.505675)

LINESTRING (545105.762872 258644.258594, 545106.287990 258644.307360)

LINESTRING (544492.361448 259021.361743, 544500.178138 259029.292036, 544504.278609 259033.585577)

LINESTRING (545094.778472 259286.798832, 545089.615086 259299.915382, 545088.362091 259307.681283, 545088.749288 259315.940437)

