LINESTRING (384131.712246 6671045.067089, 384126.590971 6671052.796101)

LINESTRING (384131.712246 6671045.067089, 384124.509438 6671040.368999)

LINESTRING (384131.712246 6671045.067089, 384137.571064 6671048.893841)

LINESTRING (384126.590971 6671052.796101, 384131.712246 6671045.067089)

LINESTRING (384126.590971 6671052.796101, 384130.272514 6671055.220623, 384132.479288 6671056.677634)

LINESTRING (384126.590971 6671052.796101, 384122.818527 6671050.307590, 384119.227518 6671047.935935)

LINESTRING (384124.509438 6671040.368999, 384130.318118 6671031.893861)

LINESTRING (384124.509438 6671040.368999, 384119.227518 6671047.935935)

LINESTRING (384124.509438 6671040.368999, 384131.712246 6671045.067089)

LINESTRING (384124.509438 6671040.368999, 384120.845932 6671037.988490, 384074.317382 6671008.021626, 384069.077366 6671004.621172)

LINESTRING (384137.571064 6671048.893841, 384141.012726 6671043.379971)

LINESTRING (384137.571064 6671048.893841, 384131.712246 6671045.067089)

LINESTRING (384137.571064 6671048.893841, 384134.896264 6671053.012701, 384132.479288 6671056.677634)

LINESTRING (384137.571064 6671048.893841, 384141.229000 6671051.274542, 384145.305649 6671053.898331)

LINESTRING (384145.305649 6671053.898331, 384148.904448 6671048.435222)

LINESTRING (384145.305649 6671053.898331, 384141.229000 6671051.274542, 384137.571064 6671048.893841)

LINESTRING (384148.904448 6671048.435222, 384177.249529 6671005.390951)

LINESTRING (384148.904448 6671048.435222, 384145.305649 6671053.898331)

LINESTRING (384148.904448 6671048.435222, 384141.012726 6671043.379971)

LINESTRING (384148.904448 6671048.435222, 384155.491729 6671052.640172)

LINESTRING (384152.691871 6670862.860879, 384149.234715 6670869.823996)

LINESTRING (384152.691871 6670862.860879, 384146.408473 6670859.493292)

LINESTRING (384152.691871 6670862.860879, 384154.216878 6670859.792530, 384155.672645 6670856.993836, 384157.289532 6670853.844572)

LINESTRING (384149.234715 6670869.823996, 384152.691871 6670862.860879)

LINESTRING (384149.234715 6670869.823996, 384142.531260 6670866.347106)

LINESTRING (384149.234715 6670869.823996, 384155.392056 6670872.894672)

LINESTRING (384149.234715 6670869.823996, 384147.868638 6670872.296669, 384144.319487 6670878.281989)

LINESTRING (384146.408473 6670859.493292, 384090.538864 6670829.832600)

LINESTRING (384146.408473 6670859.493292, 384137.455055 6670859.698338, 384133.396994 6670858.723339, 384103.697191 6670843.146405, 384100.801046 6670840.797362, 384090.538864 6670829.832600)

LINESTRING (384146.408473 6670859.493292, 384147.953293 6670856.524613, 384149.420507 6670853.736699, 384151.054742 6670850.609173)

LINESTRING (384146.408473 6670859.493292, 384144.627315 6670862.892932, 384142.531260 6670866.347106)

LINESTRING (384157.289532 6670853.844572, 384160.739222 6670847.171456)

LINESTRING (384157.289532 6670853.844572, 384163.834799 6670857.237334)

LINESTRING (384157.289532 6670853.844572, 384155.672645 6670856.993836, 384154.216878 6670859.792530, 384152.691871 6670862.860879)

LINESTRING (384237.686722 6671056.840775, 384244.168109 6671046.795499)

LINESTRING (384244.168109 6671046.795499, 384237.686722 6671056.840775)

LINESTRING (384244.168109 6671046.795499, 384250.363602 6671037.193900)

LINESTRING (384244.168109 6671046.795499, 384247.151226 6671048.740698)

LINESTRING (384069.077366 6671004.621172, 384063.379500 6671001.146053)

LINESTRING (384069.077366 6671004.621172, 384075.180882 6670995.635115)

LINESTRING (384069.077366 6671004.621172, 384062.875759 6671013.666065)

LINESTRING (384069.077366 6671004.621172, 384074.317382 6671008.021626, 384120.845932 6671037.988490, 384124.509438 6671040.368999)

LINESTRING (384063.379500 6671001.146053, 384071.335368 6670989.259553)

LINESTRING (384063.379500 6671001.146053, 384069.077366 6671004.621172)

LINESTRING (384063.379500 6671001.146053, 384057.453943 6671010.137645)

LINESTRING (384075.180882 6670995.635115, 384077.079131 6670992.956121)

LINESTRING (384075.180882 6670995.635115, 384078.374732 6670997.740683)

LINESTRING (384075.180882 6670995.635115, 384069.077366 6671004.621172)

LINESTRING (384062.875759 6671013.666065, 384074.919435 6671021.609954)

LINESTRING (384062.875759 6671013.666065, 384069.077366 6671004.621172)

LINESTRING (384062.875759 6671013.666065, 384057.453943 6671010.137645)

LINESTRING (384151.335778 6670879.531248, 384155.392056 6670872.894672)

LINESTRING (384155.392056 6670872.894672, 384151.335778 6670879.531248)

LINESTRING (384155.392056 6670872.894672, 384149.234715 6670869.823996)

LINESTRING (384155.392056 6670872.894672, 384191.602492 6670891.665309)

LINESTRING (384155.392056 6670872.894672, 384157.303749 6670869.758378, 384159.168424 6670866.188938)

LINESTRING (384398.053816 6671051.845073, 384401.171487 6671046.965771)

LINESTRING (384398.053816 6671051.845073, 384394.950394 6671049.780962, 384353.760241 6671022.562084, 384352.623385 6671021.739842)

LINESTRING (384401.171487 6671046.965771, 384413.917811 6671027.027554)

LINESTRING (384401.171487 6671046.965771, 384398.053816 6671051.845073)

LINESTRING (384401.171487 6671046.965771, 384396.083424 6671043.615792, 384398.303220 6671040.559063)

LINESTRING (384352.623385 6671021.739842, 384369.556916 6670995.439598)

LINESTRING (384352.623385 6671021.739842, 384353.760241 6671022.562084, 384394.950394 6671049.780962, 384398.053816 6671051.845073)

LINESTRING (384352.623385 6671021.739842, 384349.148145 6671025.672052, 384343.971073 6671021.968330)

LINESTRING (384132.479288 6671056.677634, 384131.315027 6671058.152081)

LINESTRING (384132.479288 6671056.677634, 384134.896264 6671053.012701, 384137.571064 6671048.893841)

LINESTRING (384132.479288 6671056.677634, 384130.272514 6671055.220623, 384126.590971 6671052.796101)

LINESTRING (384119.227518 6671047.935935, 384124.509438 6671040.368999)

LINESTRING (384119.227518 6671047.935935, 384116.216354 6671048.443502)

LINESTRING (384119.227518 6671047.935935, 384122.818527 6671050.307590, 384126.590971 6671052.796101)

LINESTRING (384116.216354 6671048.443502, 384119.227518 6671047.935935)

LINESTRING (384116.216354 6671048.443502, 384096.703032 6671035.965909)

LINESTRING (384096.703032 6671035.965909, 384074.919435 6671021.609954)

LINESTRING (384096.703032 6671035.965909, 384116.216354 6671048.443502)

LINESTRING (384096.703032 6671035.965909, 384095.532512 6671038.120376)

LINESTRING (384074.919435 6671021.609954, 384062.875759 6671013.666065)

LINESTRING (384074.919435 6671021.609954, 384096.703032 6671035.965909)

LINESTRING (384074.919435 6671021.609954, 384073.528371 6671023.815983)

LINESTRING (384057.453943 6671010.137645, 384062.875759 6671013.666065)

LINESTRING (384057.453943 6671010.137645, 384063.379500 6671001.146053)

LINESTRING (384207.830956 6670939.051270, 384213.036357 6670930.985396)

LINESTRING (384207.830956 6670939.051270, 384204.449345 6670944.362571)

LINESTRING (384207.830956 6670939.051270, 384217.529355 6670945.554087)

LINESTRING (384207.830956 6670939.051270, 384175.724143 6670918.991773)

LINESTRING (384213.036357 6670930.985396, 384207.830956 6670939.051270)

LINESTRING (384213.036357 6670930.985396, 384183.920103 6670912.224392)

LINESTRING (384213.036357 6670930.985396, 384223.532319 6670937.942239, 384224.472118 6670938.503203)

LINESTRING (384204.449345 6670944.362571, 384207.830956 6670939.051270)

LINESTRING (384204.449345 6670944.362571, 384202.053715 6670948.004488)

LINESTRING (384204.449345 6670944.362571, 384203.007853 6670943.393977)

LINESTRING (384217.529355 6670945.554087, 384226.392044 6670939.846746)

LINESTRING (384217.529355 6670945.554087, 384211.272450 6670953.742335)

LINESTRING (384217.529355 6670945.554087, 384223.660997 6670949.751269)

LINESTRING (384217.529355 6670945.554087, 384207.830956 6670939.051270)

LINESTRING (384175.724143 6670918.991773, 384207.830956 6670939.051270)

LINESTRING (384141.012726 6671043.379971, 384148.282152 6671031.738235)

LINESTRING (384141.012726 6671043.379971, 384137.571064 6671048.893841)

LINESTRING (384141.012726 6671043.379971, 384136.131267 6671038.140399)

LINESTRING (384141.012726 6671043.379971, 384148.904448 6671048.435222)

LINESTRING (384148.282152 6671031.738235, 384153.822623 6671022.859271)

LINESTRING (384148.282152 6671031.738235, 384141.012726 6671043.379971)

LINESTRING (384148.282152 6671031.738235, 384145.883018 6671029.819228)

LINESTRING (384136.131267 6671038.140399, 384130.318118 6671031.893861)

LINESTRING (384136.131267 6671038.140399, 384141.012726 6671043.379971)

LINESTRING (384136.131267 6671038.140399, 384139.468460 6671033.187053, 384140.736942 6671031.319259)

LINESTRING (384168.398424 6670999.507840, 384180.833710 6670980.481300)

LINESTRING (384168.398424 6670999.507840, 384153.822623 6671022.859271)

LINESTRING (384168.398424 6670999.507840, 384164.926041 6670997.199256)

LINESTRING (384168.398424 6670999.507840, 384170.452223 6671000.869410, 384177.249529 6671005.390951)

LINESTRING (384180.833710 6670980.481300, 384184.786132 6670974.427545)

LINESTRING (384180.833710 6670980.481300, 384168.398424 6670999.507840)

LINESTRING (384180.833710 6670980.481300, 384179.266274 6670979.394107)

LINESTRING (384153.822623 6671022.859271, 384168.398424 6670999.507840)

LINESTRING (384153.822623 6671022.859271, 384148.282152 6671031.738235)

LINESTRING (384153.822623 6671022.859271, 384151.566871 6671021.258917)

LINESTRING (384164.926041 6670997.199256, 384157.674925 6670992.380038)

LINESTRING (384164.926041 6670997.199256, 384168.398424 6670999.507840)

LINESTRING (384164.926041 6670997.199256, 384163.879332 6670998.703408)

LINESTRING (384177.249529 6671005.390951, 384148.904448 6671048.435222)

LINESTRING (384177.249529 6671005.390951, 384202.849979 6670966.523663, 384211.272450 6670953.742335)

LINESTRING (384177.249529 6671005.390951, 384170.452223 6671000.869410, 384168.398424 6670999.507840)

LINESTRING (384131.315027 6671058.152081, 384132.479288 6671056.677634)

LINESTRING (384211.272450 6670953.742335, 384217.529355 6670945.554087)

LINESTRING (384211.272450 6670953.742335, 384202.053715 6670948.004488)

LINESTRING (384211.272450 6670953.742335, 384202.849979 6670966.523663, 384177.249529 6671005.390951)

LINESTRING (384202.053715 6670948.004488, 384204.449345 6670944.362571)

LINESTRING (384202.053715 6670948.004488, 384184.786132 6670974.427545)

LINESTRING (384202.053715 6670948.004488, 384200.563336 6670947.070873)

LINESTRING (384202.053715 6670948.004488, 384211.272450 6670953.742335)

LINESTRING (384184.786132 6670974.427545, 384202.053715 6670948.004488)

LINESTRING (384184.786132 6670974.427545, 384180.833710 6670980.481300)

LINESTRING (384184.786132 6670974.427545, 384183.203807 6670973.396543)

LINESTRING (384200.563336 6670947.070873, 384202.053715 6670948.004488)

LINESTRING (384601.028162 6670502.939184, 384609.932300 6670518.082658)

LINESTRING (384601.028162 6670502.939184, 384594.216594 6670506.619553)

LINESTRING (384609.932300 6670518.082658, 384601.028162 6670502.939184)

LINESTRING (384609.932300 6670518.082658, 384600.576984 6670525.309002, 384599.593925 6670528.315502, 384600.178410 6670531.528968, 384602.125095 6670534.955865, 384628.082092 6670580.755601, 384636.008283 6670595.194384)

LINESTRING (384594.216594 6670506.619553, 384601.028162 6670502.939184)

LINESTRING (384594.216594 6670506.619553, 384593.018085 6670509.487962, 384592.127849 6670511.031628, 384590.079699 6670513.380717)

LINESTRING (384134.451851 6670906.845112, 384133.061056 6670909.062251, 384121.866796 6670925.352753)

LINESTRING (384121.866796 6670925.352753, 384114.982521 6670935.477855)

LINESTRING (384121.866796 6670925.352753, 384123.068296 6670926.284328)

LINESTRING (384121.866796 6670925.352753, 384133.061056 6670909.062251, 384134.451851 6670906.845112)

LINESTRING (384077.079131 6670992.956121, 384075.180882 6670995.635115)

LINESTRING (384077.079131 6670992.956121, 384071.335368 6670989.259553)

LINESTRING (384077.079131 6670992.956121, 384081.461743 6670986.108528, 384084.426595 6670981.501242)

LINESTRING (384078.374732 6670997.740683, 384075.180882 6670995.635115)

LINESTRING (384078.374732 6670997.740683, 384087.388326 6671003.663022)

LINESTRING (384078.374732 6670997.740683, 384082.768001 6670990.703298)

LINESTRING (384130.318118 6671031.893861, 384124.509438 6671040.368999)

LINESTRING (384130.318118 6671031.893861, 384123.539556 6671027.438680)

LINESTRING (384130.318118 6671031.893861, 384136.131267 6671038.140399)

LINESTRING (384123.539556 6671027.438680, 384117.895072 6671023.716615)

LINESTRING (384123.539556 6671027.438680, 384130.318118 6671031.893861)

LINESTRING (384123.539556 6671027.438680, 384128.099238 6671020.919878)

LINESTRING (384505.009179 6670199.114179, 384492.162000 6670186.524639)

LINESTRING (384505.009179 6670199.114179, 384516.159280 6670216.738763)

LINESTRING (384505.009179 6670199.114179, 384523.243891 6670175.504261, 384510.540822 6670153.381674)

LINESTRING (384505.009179 6670199.114179, 384499.075845 6670201.942348, 384493.056774 6670205.575624, 384489.938042 6670207.100381)

LINESTRING (384492.162000 6670186.524639, 384470.125580 6670197.561086)

LINESTRING (384492.162000 6670186.524639, 384505.009179 6670199.114179)

LINESTRING (384516.159280 6670216.738763, 384505.009179 6670199.114179)

LINESTRING (384516.159280 6670216.738763, 384529.963811 6670231.683118, 384564.267714 6670291.228050, 384575.644585 6670318.541257)

LINESTRING (384510.540822 6670153.381674, 384523.243891 6670175.504261, 384505.009179 6670199.114179)

LINESTRING (384489.938042 6670207.100381, 384498.662638 6670222.505606, 384501.788189 6670220.668598, 384504.805482 6670218.745849)

LINESTRING (384489.938042 6670207.100381, 384493.056774 6670205.575624, 384499.075845 6670201.942348, 384505.009179 6670199.114179)

LINESTRING (384651.381368 6670979.469979, 384654.417291 6670980.098803)

LINESTRING (384651.381368 6670979.469979, 384646.692989 6670979.283226)

LINESTRING (384651.381368 6670979.469979, 384651.307529 6670982.771038, 384651.133046 6670986.933383)

LINESTRING (384654.417291 6670980.098803, 384651.381368 6670979.469979)

LINESTRING (384654.417291 6670980.098803, 384657.525990 6670981.628034, 384659.634741 6670984.035713, 384660.533208 6670986.815817, 384660.208436 6671001.380593, 384659.481013 6671009.505449)

LINESTRING (384654.417291 6670980.098803, 384652.773233 6670964.749025, 384652.950480 6670956.262576, 384656.658619 6670886.125757)

LINESTRING (384646.692989 6670979.283226, 384641.425753 6670979.058978)

LINESTRING (384646.692989 6670979.283226, 384651.381368 6670979.469979)

LINESTRING (384646.692989 6670979.283226, 384646.555133 6670985.138363)

LINESTRING (384651.133046 6670986.933383, 384648.350065 6671033.337014)

LINESTRING (384651.133046 6670986.933383, 384653.493087 6670987.795224, 384655.146760 6670988.980199, 384656.254346 6670990.639282, 384656.835529 6670992.515533, 384656.967240 6670994.405931, 384656.200573 6671001.283853, 384655.403300 6671008.953990, 384654.752936 6671016.173728, 384653.490012 6671029.519866, 384652.548315 6671031.366041, 384651.005344 6671032.462181, 384648.350065 6671033.337014)

LINESTRING (384651.133046 6670986.933383, 384646.555133 6670985.138363)

LINESTRING (384437.328935 6671008.848201, 384445.364285 6671014.066712)

LINESTRING (384437.328935 6671008.848201, 384440.221430 6671004.399524)

LINESTRING (384437.328935 6671008.848201, 384435.489442 6671011.636590, 384433.794860 6671014.264388, 384431.988667 6671017.051728)

LINESTRING (384445.364285 6671014.066712, 384448.221101 6671009.719467)

LINESTRING (384445.364285 6671014.066712, 384443.503646 6671016.889197, 384441.780965 6671019.506733, 384439.947024 6671022.294945)

LINESTRING (384440.221430 6671004.399524, 384448.221101 6671009.719467)

LINESTRING (384440.221430 6671004.399524, 384437.328935 6671008.848201)

LINESTRING (384431.988667 6671017.051728, 384428.019604 6671023.116871)

LINESTRING (384431.988667 6671017.051728, 384423.757332 6671011.783705)

LINESTRING (384431.988667 6671017.051728, 384433.794860 6671014.264388, 384435.489442 6671011.636590, 384437.328935 6671008.848201)

LINESTRING (384061.526445 6670810.712604, 384063.546900 6670805.923441)

LINESTRING (384061.526445 6670810.712604, 384056.006933 6670823.770205)

LINESTRING (384061.526445 6670810.712604, 384068.854156 6670814.425928)

LINESTRING (384063.546900 6670805.923441, 384060.698367 6670802.447332)

LINESTRING (384063.546900 6670805.923441, 384061.526445 6670810.712604)

LINESTRING (384063.546900 6670805.923441, 384064.637871 6670802.657038, 384064.890066 6670802.024971, 384066.370654 6670797.553788, 384071.762343 6670773.077193, 384077.132113 6670747.553726, 384077.471976 6670746.005042, 384078.188083 6670742.828514, 384078.616483 6670740.742097, 384078.971854 6670738.981178, 384079.392411 6670737.173621)

LINESTRING (384056.006933 6670823.770205, 384062.623162 6670827.996381)

LINESTRING (384056.006933 6670823.770205, 384061.526445 6670810.712604)

LINESTRING (384068.854156 6670814.425928, 384061.526445 6670810.712604)

LINESTRING (384068.854156 6670814.425928, 384072.500941 6670814.689479, 384076.620826 6670814.982647, 384079.928043 6670815.223514, 384080.924542 6670815.292294)

LINESTRING (384068.854156 6670814.425928, 384071.038377 6670809.018644, 384076.369839 6670789.135473, 384079.325558 6670777.384891, 384085.941597 6670752.624418, 384086.455974 6670750.446127, 384087.323429 6670746.785603, 384088.049616 6670742.171125, 384088.156394 6670736.941004)

LINESTRING (384648.013865 6670689.120168, 384650.201203 6670687.312802, 384651.985058 6670686.275953, 384654.663494 6670685.422693, 384656.268592 6670685.060135, 384659.683295 6670685.008390, 384662.374154 6670686.138443)

LINESTRING (384648.013865 6670689.120168, 384648.858961 6670674.494444, 384648.400020 6670669.973129, 384647.360593 6670665.893572, 384645.810076 6670662.342742, 384644.109718 6670658.796629, 384641.422536 6670654.077985, 384634.978144 6670642.590387)

LINESTRING (384662.374154 6670686.138443, 384664.453389 6670687.956408, 384666.672454 6670691.040431, 384667.941961 6670694.488668, 384668.239717 6670698.301816, 384668.591341 6670701.355452)

LINESTRING (384662.374154 6670686.138443, 384672.190561 6670680.335356, 384676.641183 6670678.779974)

LINESTRING (384634.978144 6670642.590387, 384600.921006 6670583.873002, 384579.834730 6670546.512371, 384578.206999 6670543.688381)

LINESTRING (384638.502610 6670869.612921, 384633.450235 6670869.337338)

LINESTRING (384638.502610 6670869.612921, 384638.916066 6670862.278051)

LINESTRING (384638.502610 6670869.612921, 384641.212097 6670869.750518, 384645.351943 6670869.976825, 384650.187194 6670870.236970)

LINESTRING (384633.450235 6670869.337338, 384638.502610 6670869.612921)

LINESTRING (384633.450235 6670869.337338, 384633.637506 6670865.052002)

LINESTRING (384633.450235 6670869.337338, 384633.274004 6670873.444016)

LINESTRING (384633.450235 6670869.337338, 384569.857242 6670865.912508, 384567.359339 6670866.849305)

LINESTRING (384638.916066 6670862.278051, 384633.773140 6670861.949596)

LINESTRING (384638.916066 6670862.278051, 384642.560880 6670798.072022)

LINESTRING (384638.916066 6670862.278051, 384634.852559 6670852.654639, 384634.489054 6670849.400780, 384636.615877 6670809.147212, 384637.416096 6670806.157619, 384642.560880 6670798.072022)

LINESTRING (384638.916066 6670862.278051, 384641.581865 6670862.439312, 384645.773064 6670862.708581, 384650.576081 6670863.003175)

LINESTRING (384650.187194 6670870.236970, 384649.757013 6670877.394054)

LINESTRING (384650.187194 6670870.236970, 384645.351943 6670869.976825, 384641.212097 6670869.750518, 384638.502610 6670869.612921)

LINESTRING (384650.187194 6670870.236970, 384653.491500 6670870.389286, 384654.720684 6670870.439753)

LINESTRING (384649.757013 6670877.394054, 384654.303344 6670877.652154)

LINESTRING (384649.757013 6670877.394054, 384649.356328 6670885.664647)

LINESTRING (384649.757013 6670877.394054, 384644.943967 6670877.133211, 384640.848523 6670876.905507, 384638.088748 6670876.758350)

LINESTRING (384654.720684 6670870.439753, 384654.303344 6670877.652154)

LINESTRING (384654.720684 6670870.439753, 384653.491500 6670870.389286, 384650.187194 6670870.236970)

LINESTRING (384632.227141 6670955.232123, 384625.875632 6670954.796856)

LINESTRING (384632.227141 6670955.232123, 384636.371039 6670955.413711, 384640.283276 6670955.647174, 384645.096921 6670955.930276)

LINESTRING (384632.227141 6670955.232123, 384629.012255 6670947.331671, 384628.924567 6670943.311311, 384631.686774 6670895.192085, 384632.736970 6670890.968738, 384637.773315 6670881.560361)

LINESTRING (384632.227141 6670955.232123, 384633.400616 6670947.338394, 384637.773315 6670881.560361)

LINESTRING (384625.875632 6670954.796856, 384632.227141 6670955.232123)

LINESTRING (384625.875632 6670954.796856, 384626.360651 6670946.913654)

LINESTRING (384625.875632 6670954.796856, 384625.417892 6670962.311434)

LINESTRING (384625.875632 6670954.796856, 384622.792663 6670954.615310, 384584.483210 6670952.344608)

LINESTRING (384645.096921 6670955.930276, 384640.283276 6670955.647174, 384636.371039 6670955.413711, 384632.227141 6670955.232123)

LINESTRING (384645.096921 6670955.930276, 384645.105269 6670960.254031, 384645.399251 6670964.123020, 384646.535633 6670975.343070, 384646.692989 6670979.283226)

LINESTRING (384637.773315 6670881.560361, 384638.088748 6670876.758350)

LINESTRING (384643.237872 6671035.035865, 384648.350065 6671033.337014)

LINESTRING (384648.350065 6671033.337014, 384648.178980 6671037.254076)

LINESTRING (384648.350065 6671033.337014, 384643.237872 6671035.035865)

LINESTRING (384648.350065 6671033.337014, 384651.005344 6671032.462181, 384652.548315 6671031.366041, 384653.490012 6671029.519866, 384654.752936 6671016.173728, 384655.403300 6671008.953990, 384656.200573 6671001.283853, 384656.967240 6670994.405931, 384656.835529 6670992.515533, 384656.254346 6670990.639282, 384655.146760 6670988.980199, 384653.493087 6670987.795224, 384651.133046 6670986.933383)

LINESTRING (384648.178980 6671037.254076, 384649.480596 6671037.313403, 384654.139696 6671037.278191)

LINESTRING (384638.011503 6670784.485357, 384643.344266 6670784.841281)

LINESTRING (384638.011503 6670784.485357, 384638.335602 6670778.546348)

LINESTRING (384638.011503 6670784.485357, 384637.711824 6670789.788368)

LINESTRING (384638.011503 6670784.485357, 384580.969399 6670780.631183, 384568.737557 6670786.098268)

LINESTRING (384643.344266 6670784.841281, 384638.011503 6670784.485357)

LINESTRING (384643.344266 6670784.841281, 384643.776562 6670777.750997)

LINESTRING (384643.344266 6670784.841281, 384646.227948 6670785.040267, 384650.374839 6670785.310939, 384655.095416 6670785.630427)

LINESTRING (384638.335602 6670778.546348, 384624.366366 6670777.704496)

LINESTRING (384638.335602 6670778.546348, 384638.011503 6670784.485357)

LINESTRING (384638.335602 6670778.546348, 384636.889988 6670767.915544, 384637.740137 6670754.158914)

LINESTRING (384637.711824 6670789.788368, 384625.185523 6670789.079404)

LINESTRING (384637.711824 6670789.788368, 384637.604922 6670791.686277)

LINESTRING (384637.711824 6670789.788368, 384638.011503 6670784.485357)

LINESTRING (384568.737557 6670786.098268, 384570.294905 6670798.330326)

LINESTRING (384568.737557 6670786.098268, 384567.002454 6670774.395595)

LINESTRING (384568.737557 6670786.098268, 384557.059654 6670792.573230, 384526.110786 6670791.252517, 384499.895103 6670795.410809, 384424.415577 6670805.803224)

LINESTRING (384568.737557 6670786.098268, 384580.969399 6670780.631183, 384638.011503 6670784.485357)

LINESTRING (384643.776562 6670777.750997, 384639.884613 6670767.932723, 384639.463922 6670764.803252, 384641.326583 6670725.505284, 384642.140617 6670710.423614, 384641.480251 6670706.209538, 384641.792400 6670699.713689)

LINESTRING (384643.776562 6670777.750997, 384646.181719 6670734.156517, 384647.457246 6670710.969510, 384647.587179 6670708.391071, 384647.457903 6670700.048006)

LINESTRING (384655.095416 6670785.630427, 384654.668943 6670792.553360)

LINESTRING (384655.095416 6670785.630427, 384650.374839 6670785.310939, 384646.227948 6670785.040267, 384643.344266 6670784.841281)

LINESTRING (384655.095416 6670785.630427, 384658.346756 6670785.862428, 384659.949878 6670785.967995)

LINESTRING (384654.668943 6670792.553360, 384659.514693 6670792.790902)

LINESTRING (384654.668943 6670792.553360, 384650.576081 6670863.003175)

LINESTRING (384654.668943 6670792.553360, 384649.956727 6670792.322765, 384645.817145 6670792.107586, 384642.913023 6670791.964965)

LINESTRING (384659.949878 6670785.967995, 384659.514693 6670792.790902)

LINESTRING (384659.949878 6670785.967995, 384658.346756 6670785.862428, 384655.095416 6670785.630427)

LINESTRING (384637.604922 6670791.686277, 384642.913023 6670791.964965)

LINESTRING (384637.604922 6670791.686277, 384637.711824 6670789.788368)

LINESTRING (384637.604922 6670791.686277, 384634.684597 6670806.733956, 384633.302332 6670831.818880)

LINESTRING (384642.913023 6670791.964965, 384637.604922 6670791.686277)

LINESTRING (384642.913023 6670791.964965, 384643.344266 6670784.841281)

LINESTRING (384642.913023 6670791.964965, 384645.817145 6670792.107586, 384649.956727 6670792.322765, 384654.668943 6670792.553360)

LINESTRING (384633.302332 6670831.818880, 384632.615621 6670842.472233)

LINESTRING (384633.302332 6670831.818880, 384632.201469 6670831.786670)

LINESTRING (384633.302332 6670831.818880, 384634.684597 6670806.733956, 384637.604922 6670791.686277)

LINESTRING (384659.514693 6670792.790902, 384654.668943 6670792.553360)

LINESTRING (384659.514693 6670792.790902, 384658.370800 6670811.159395)

LINESTRING (384650.576081 6670863.003175, 384655.134580 6670863.294326)

LINESTRING (384650.576081 6670863.003175, 384650.187194 6670870.236970)

LINESTRING (384650.576081 6670863.003175, 384645.773064 6670862.708581, 384641.581865 6670862.439312, 384638.916066 6670862.278051)

LINESTRING (384633.773140 6670861.949596, 384638.916066 6670862.278051)

LINESTRING (384633.773140 6670861.949596, 384633.637506 6670865.052002)

LINESTRING (384633.773140 6670861.949596, 384632.081549 6670852.151219, 384632.615621 6670842.472233)

LINESTRING (384633.637506 6670865.052002, 384613.600758 6670864.144896)

LINESTRING (384633.637506 6670865.052002, 384633.773140 6670861.949596)

LINESTRING (384633.637506 6670865.052002, 384633.450235 6670869.337338)

LINESTRING (384632.615621 6670842.472233, 384633.302332 6670831.818880)

LINESTRING (384632.615621 6670842.472233, 384629.180209 6670842.390928)

LINESTRING (384632.615621 6670842.472233, 384632.081549 6670852.151219, 384633.773140 6670861.949596)

LINESTRING (384642.560880 6670798.072022, 384642.913023 6670791.964965)

LINESTRING (384655.134580 6670863.294326, 384650.576081 6670863.003175)

LINESTRING (384655.134580 6670863.294326, 384654.720684 6670870.439753)

LINESTRING (384655.134580 6670863.294326, 384656.704022 6670863.389806)

LINESTRING (384633.274004 6670873.444016, 384618.282315 6670872.578667)

LINESTRING (384633.274004 6670873.444016, 384633.450235 6670869.337338)

LINESTRING (384633.274004 6670873.444016, 384633.141818 6670876.479448)

LINESTRING (384567.359339 6670866.849305, 384567.571991 6670861.961367)

LINESTRING (384567.359339 6670866.849305, 384549.609443 6670873.470988)

LINESTRING (384567.359339 6670866.849305, 384569.857242 6670865.912508, 384633.450235 6670869.337338)

LINESTRING (384638.088748 6670876.758350, 384633.141818 6670876.479448)

LINESTRING (384638.088748 6670876.758350, 384638.502610 6670869.612921)

LINESTRING (384638.088748 6670876.758350, 384640.848523 6670876.905507, 384644.943967 6670877.133211, 384649.757013 6670877.394054)

LINESTRING (384633.141818 6670876.479448, 384638.088748 6670876.758350)

LINESTRING (384633.141818 6670876.479448, 384633.274004 6670873.444016)

LINESTRING (384633.141818 6670876.479448, 384629.775739 6670890.950517, 384628.485570 6670912.076296)

LINESTRING (384654.303344 6670877.652154, 384649.757013 6670877.394054)

LINESTRING (384654.303344 6670877.652154, 384653.913748 6670885.922397)

LINESTRING (384654.303344 6670877.652154, 384655.768046 6670877.773218)

LINESTRING (384649.356328 6670885.664647, 384653.913748 6670885.922397)

LINESTRING (384649.356328 6670885.664647, 384645.542906 6670946.276352, 384645.432505 6670948.062927, 384645.096921 6670955.930276)

LINESTRING (384626.360651 6670946.913654, 384626.902213 6670938.003390)

LINESTRING (384626.360651 6670946.913654, 384625.875632 6670954.796856)

LINESTRING (384626.360651 6670946.913654, 384622.242040 6670947.711986, 384612.728509 6670947.231420)

LINESTRING (384625.417892 6670962.311434, 384625.875632 6670954.796856)

LINESTRING (384625.417892 6670962.311434, 384624.439985 6670978.356695)

LINESTRING (384625.417892 6670962.311434, 384621.251442 6670960.001992, 384612.467970 6670959.420431)

LINESTRING (384584.483210 6670952.344608, 384584.208931 6670957.568818)

LINESTRING (384584.483210 6670952.344608, 384580.698944 6670952.118319, 384552.629256 6670950.461582, 384546.302007 6670953.970800)

LINESTRING (384584.483210 6670952.344608, 384622.792663 6670954.615310, 384625.875632 6670954.796856)

LINESTRING (384624.439985 6670978.356695, 384628.655645 6670978.524869)

LINESTRING (384624.439985 6670978.356695, 384625.417892 6670962.311434)

LINESTRING (384624.439985 6670978.356695, 384624.103628 6670984.786448, 384623.465396 6670989.743502, 384620.188918 6671004.055747, 384619.529902 6671009.058034, 384618.679409 6671028.442603)

LINESTRING (384628.655645 6670978.524869, 384624.439985 6670978.356695)

LINESTRING (384628.655645 6670978.524869, 384631.970603 6670978.665682)

LINESTRING (384628.655645 6670978.524869, 384629.832248 6670968.613907, 384631.386787 6670960.474148, 384632.227141 6670955.232123)

LINESTRING (384618.679409 6671028.442603, 384612.497357 6671028.269493)

LINESTRING (384618.679409 6671028.442603, 384619.529902 6671009.058034, 384620.188918 6671004.055747, 384623.465396 6670989.743502, 384624.103628 6670984.786448, 384624.439985 6670978.356695)

LINESTRING (384631.970603 6670978.665682, 384628.655645 6670978.524869)

LINESTRING (384631.970603 6670978.665682, 384634.907172 6670978.784978, 384638.939711 6670978.958929, 384641.425753 6670979.058978)

LINESTRING (384641.425753 6670979.058978, 384646.692989 6670979.283226)

LINESTRING (384641.425753 6670979.058978, 384638.939711 6670978.958929, 384634.907172 6670978.784978, 384631.970603 6670978.665682)

LINESTRING (384646.555133 6670985.138363, 384651.133046 6670986.933383)

LINESTRING (384646.555133 6670985.138363, 384644.583521 6671013.908342, 384643.237872 6671035.035865)

LINESTRING (384418.241577 6670269.138896, 384414.134635 6670271.564145)

LINESTRING (384418.241577 6670269.138896, 384409.138834 6670253.378012, 384400.544584 6670238.592962, 384396.550421 6670232.968420, 384394.146517 6670230.380724, 384390.699452 6670227.658764)

LINESTRING (384414.134635 6670271.564145, 384408.995507 6670274.378568)

LINESTRING (384414.134635 6670271.564145, 384418.241577 6670269.138896)

LINESTRING (384414.134635 6670271.564145, 384401.836900 6670249.975210, 384398.219220 6670246.422795, 384393.441113 6670243.597934, 384388.086471 6670241.693959, 384376.688654 6670238.955324, 384373.655803 6670237.212166, 384371.073858 6670234.440646)

LINESTRING (384390.699452 6670227.658764, 384385.088617 6670227.144778, 384381.437785 6670225.889169)

LINESTRING (384531.278300 6670428.072530, 384533.411174 6670431.939304)

LINESTRING (384531.278300 6670428.072530, 384525.937478 6670431.004594)

LINESTRING (384531.278300 6670428.072530, 384535.794421 6670425.589940)

LINESTRING (384533.411174 6670431.939304, 384537.950894 6670429.500552)

LINESTRING (384533.411174 6670431.939304, 384535.133868 6670435.306360, 384537.322849 6670440.954470, 384541.720757 6670454.824416, 384543.803447 6670460.096968, 384546.253229 6670464.678151, 384562.739840 6670493.022805, 384567.638429 6670501.628006, 384570.608083 6670506.137108, 384573.854158 6670509.545358)

LINESTRING (384533.411174 6670431.939304, 384524.145511 6670436.900706, 384521.708843 6670438.203356, 384513.661541 6670442.513459)

LINESTRING (384525.937478 6670431.004594, 384531.278300 6670428.072530)

LINESTRING (384525.937478 6670431.004594, 384524.232250 6670428.015901)

LINESTRING (384525.937478 6670431.004594, 384522.005739 6670433.167886, 384519.581221 6670434.503588, 384515.976870 6670436.478263)

LINESTRING (384535.794421 6670425.589940, 384537.950894 6670429.500552)

LINESTRING (384535.794421 6670425.589940, 384531.278300 6670428.072530)

LINESTRING (384535.794421 6670425.589940, 384539.421633 6670423.458545)

LINESTRING (384636.008283 6670595.194384, 384647.922686 6670588.266490)

LINESTRING (384636.008283 6670595.194384, 384637.760143 6670598.081356, 384649.290497 6670617.076212, 384652.243430 6670621.942519, 384653.206182 6670623.762185)

LINESTRING (384647.922686 6670588.266490, 384636.008283 6670595.194384)

LINESTRING (384647.922686 6670588.266490, 384621.609702 6670540.148659, 384619.784782 6670536.706775, 384617.924108 6670533.188006, 384615.158239 6670527.914636, 384609.932300 6670518.082658)

LINESTRING (384647.922686 6670588.266490, 384655.720270 6670602.152142, 384658.010596 6670605.557106, 384666.136954 6670614.005123)

LINESTRING (384666.136954 6670614.005123, 384662.114350 6670619.102099, 384653.206182 6670623.762185)

LINESTRING (384666.136954 6670614.005123, 384658.010596 6670605.557106, 384655.720270 6670602.152142, 384647.922686 6670588.266490)

LINESTRING (384666.136954 6670614.005123, 384669.246840 6670618.387296, 384669.522020 6670619.894271, 384668.865623 6670621.631159, 384667.656773 6670623.641752, 384666.017803 6670625.576726)

LINESTRING (384653.206182 6670623.762185, 384654.729138 6670626.790100, 384656.664853 6670630.930607)

LINESTRING (384653.206182 6670623.762185, 384662.114350 6670619.102099, 384666.136954 6670614.005123)

LINESTRING (384653.206182 6670623.762185, 384648.444013 6670626.363825, 384646.789464 6670627.274016)

LINESTRING (384666.017803 6670625.576726, 384677.785072 6670646.458750)

LINESTRING (384666.017803 6670625.576726, 384661.067754 6670628.563171, 384656.664853 6670630.930607)

LINESTRING (384666.017803 6670625.576726, 384667.656773 6670623.641752, 384668.865623 6670621.631159, 384669.522020 6670619.894271, 384669.246840 6670618.387296, 384666.136954 6670614.005123)

LINESTRING (384080.924542 6670815.292294, 384085.003795 6670816.935234, 384094.911718 6670820.912476)

LINESTRING (384080.924542 6670815.292294, 384080.553163 6670816.195596, 384079.759138 6670818.137556, 384077.443926 6670823.794157)

LINESTRING (384088.156394 6670736.941004, 384079.392411 6670737.173621)

LINESTRING (384088.156394 6670736.941004, 384087.890162 6670734.319336, 384087.199621 6670731.454765, 384086.252650 6670729.088661)

LINESTRING (384088.156394 6670736.941004, 384093.544906 6670736.770582, 384098.354515 6670736.562753, 384102.393104 6670736.390458)

LINESTRING (384539.222750 6670397.921893, 384552.581824 6670418.853724)

LINESTRING (384539.222750 6670397.921893, 384552.673810 6670385.439983, 384581.931256 6670368.047197)

LINESTRING (384552.581824 6670418.853724, 384554.019361 6670418.106350)

LINESTRING (384552.581824 6670418.853724, 384565.472951 6670442.218666, 384591.548057 6670487.501821, 384601.028162 6670502.939184)

LINESTRING (384552.581824 6670418.853724, 384547.227768 6670421.719306, 384545.914008 6670421.281480, 384544.715088 6670419.903909, 384543.664689 6670419.714109, 384538.643925 6670422.402039)

LINESTRING (384581.931256 6670368.047197, 384552.673810 6670385.439983, 384539.222750 6670397.921893)

LINESTRING (384600.468959 6670596.157192, 384599.840091 6670595.062555)

LINESTRING (384600.468959 6670596.157192, 384608.226754 6670609.832259)

LINESTRING (384599.840091 6670595.062555, 384597.226066 6670590.553380)

LINESTRING (384599.840091 6670595.062555, 384600.468959 6670596.157192)

LINESTRING (384599.840091 6670595.062555, 384596.291360 6670597.035404)

LINESTRING (384608.226754 6670609.832259, 384606.586111 6670610.831186)

LINESTRING (384608.226754 6670609.832259, 384600.468959 6670596.157192)

LINESTRING (384608.226754 6670609.832259, 384610.196995 6670613.302995, 384613.267052 6670618.711660)

LINESTRING (384640.220073 6670689.822400, 384639.015493 6670699.555920)

LINESTRING (384640.220073 6670689.822400, 384636.782869 6670693.218183, 384622.639231 6670692.493257)

LINESTRING (384640.220073 6670689.822400, 384640.941463 6670676.738490, 384641.097327 6670674.983917)

LINESTRING (384639.015493 6670699.555920, 384641.792400 6670699.713689)

LINESTRING (384639.015493 6670699.555920, 384640.220073 6670689.822400)

LINESTRING (384639.015493 6670699.555920, 384639.872015 6670705.413188)

LINESTRING (384639.015493 6670699.555920, 384635.893115 6670699.364451, 384618.512975 6670698.351368)

LINESTRING (384622.639231 6670692.493257, 384622.069678 6670684.988735)

LINESTRING (384622.639231 6670692.493257, 384636.782869 6670693.218183, 384640.220073 6670689.822400)

LINESTRING (384622.639231 6670692.493257, 384618.699667 6670692.282951, 384614.209649 6670692.056546, 384611.800404 6670691.931799)

LINESTRING (384641.097327 6670674.983917, 384637.798337 6670674.653128)

LINESTRING (384641.097327 6670674.983917, 384640.872209 6670671.714558, 384640.762179 6670667.159973, 384633.981212 6670655.214908)

LINESTRING (384641.097327 6670674.983917, 384640.941463 6670676.738490, 384640.220073 6670689.822400)

LINESTRING (384728.645432 6670536.892195, 384733.977465 6670546.576115, 384734.372350 6670554.186436)

LINESTRING (384734.372350 6670554.186436, 384733.812238 6670589.721120)

LINESTRING (384734.372350 6670554.186436, 384714.573513 6670564.426732)

LINESTRING (384734.372350 6670554.186436, 384733.977465 6670546.576115, 384728.645432 6670536.892195)

LINESTRING (384733.812238 6670589.721120, 384734.372350 6670554.186436)

LINESTRING (384714.573513 6670564.426732, 384734.372350 6670554.186436)

LINESTRING (384714.573513 6670564.426732, 384698.136353 6670572.923159)

LINESTRING (384153.333969 6670963.474856, 384148.150967 6670970.838016)

LINESTRING (384153.333969 6670963.474856, 384146.427462 6670957.786642)

LINESTRING (384153.333969 6670963.474856, 384155.609736 6670960.260183, 384162.193534 6670964.877605)

LINESTRING (384148.150967 6670970.838016, 384151.728699 6670971.382433)

LINESTRING (384148.150967 6670970.838016, 384153.333969 6670963.474856)

LINESTRING (384148.150967 6670970.838016, 384140.851674 6670981.187935)

LINESTRING (384146.427462 6670957.786642, 384167.274091 6670928.263558)

LINESTRING (384146.427462 6670957.786642, 384141.556175 6670953.750338)

LINESTRING (384146.427462 6670957.786642, 384153.333969 6670963.474856)

LINESTRING (384162.193534 6670964.877605, 384165.079341 6670966.903828)

LINESTRING (384162.193534 6670964.877605, 384161.566625 6670965.956143)

LINESTRING (384162.193534 6670964.877605, 384155.609736 6670960.260183, 384153.333969 6670963.474856)

LINESTRING (384155.491729 6671052.640172, 384148.904448 6671048.435222)

LINESTRING (384155.491729 6671052.640172, 384223.660997 6670949.751269)

LINESTRING (384223.660997 6670949.751269, 384217.529355 6670945.554087)

LINESTRING (384223.660997 6670949.751269, 384228.968057 6670941.737929)

LINESTRING (384223.660997 6670949.751269, 384155.491729 6671052.640172)

LINESTRING (384140.851674 6670981.187935, 384118.910732 6670966.602655)

LINESTRING (384140.851674 6670981.187935, 384149.561325 6670986.986300)

LINESTRING (384140.851674 6670981.187935, 384148.150967 6670970.838016)

LINESTRING (384118.910732 6670966.602655, 384140.851674 6670981.187935)

LINESTRING (384118.910732 6670966.602655, 384106.939462 6670985.012941)

LINESTRING (384118.910732 6670966.602655, 384116.845445 6670965.230331, 384115.223900 6670964.189453, 384111.703268 6670961.938165, 384110.166717 6670960.950323, 384103.896311 6670956.936025, 384103.028988 6670956.383944, 384101.437293 6670955.408994)

LINESTRING (384149.561325 6670986.986300, 384140.851674 6670981.187935)

LINESTRING (384149.561325 6670986.986300, 384157.674925 6670992.380038)

LINESTRING (384149.561325 6670986.986300, 384147.745906 6670989.651491)

LINESTRING (384167.274091 6670928.263558, 384167.736809 6670927.613700)

LINESTRING (384167.274091 6670928.263558, 384146.427462 6670957.786642)

LINESTRING (384167.274091 6670928.263558, 384168.869649 6670929.361003)

LINESTRING (384141.556175 6670953.750338, 384137.220927 6670950.154014)

LINESTRING (384141.556175 6670953.750338, 384146.427462 6670957.786642)

LINESTRING (384141.556175 6670953.750338, 384140.097450 6670939.587295, 384142.498037 6670936.279512)

LINESTRING (384078.119485 6670838.126834, 384071.376895 6670833.592585)

LINESTRING (384078.119485 6670838.126834, 384061.508782 6670863.181225, 384057.876964 6670868.656605)

LINESTRING (384078.119485 6670838.126834, 384084.513363 6670835.851725, 384086.974760 6670837.100061)

LINESTRING (384071.376895 6670833.592585, 384078.119485 6670838.126834)

LINESTRING (384071.376895 6670833.592585, 384070.333992 6670845.929045, 384055.842955 6670867.573078)

LINESTRING (384071.376895 6670833.592585, 384068.933375 6670832.031648, 384065.150632 6670829.576946, 384064.923729 6670829.428102, 384062.623162 6670827.996381)

LINESTRING (384057.876964 6670868.656605, 384055.842955 6670867.573078)

LINESTRING (384057.876964 6670868.656605, 384061.508782 6670863.181225, 384078.119485 6670838.126834)

LINESTRING (384057.876964 6670868.656605, 384101.567463 6670890.499632, 384115.533138 6670890.882672, 384127.803909 6670898.095175)

LINESTRING (384086.974760 6670837.100061, 384090.538864 6670829.832600)

LINESTRING (384086.974760 6670837.100061, 384142.531260 6670866.347106)

LINESTRING (384086.974760 6670837.100061, 384084.513363 6670835.851725, 384078.119485 6670838.126834)

LINESTRING (384468.047149 6670704.072212, 384468.677725 6670696.585590, 384469.420679 6670684.381347)

LINESTRING (384468.047149 6670704.072212, 384478.529058 6670704.588773, 384485.511212 6670704.925916)

LINESTRING (384468.047149 6670704.072212, 384460.828974 6670712.635769, 384456.859868 6670717.831600, 384453.485201 6670722.852673, 384430.474843 6670732.137111, 384427.158202 6670740.934332, 384415.644510 6670751.204810)

LINESTRING (384469.420679 6670684.381347, 384469.979516 6670675.147318)

LINESTRING (384469.420679 6670684.381347, 384462.162345 6670683.919207)

LINESTRING (384469.420679 6670684.381347, 384468.677725 6670696.585590, 384468.047149 6670704.072212)

LINESTRING (384485.511212 6670704.925916, 384485.210595 6670710.897641)

LINESTRING (384485.511212 6670704.925916, 384478.529058 6670704.588773, 384468.047149 6670704.072212)

LINESTRING (384485.511212 6670704.925916, 384544.968712 6670707.822161, 384547.021381 6670707.913518, 384560.923263 6670701.669382)

LINESTRING (384415.644510 6670751.204810, 384399.101156 6670761.923729)

LINESTRING (384415.644510 6670751.204810, 384409.670510 6670744.082498, 384402.470689 6670737.723245, 384394.164320 6670732.914549, 384389.940777 6670730.217101, 384378.790592 6670724.539730, 384370.162853 6670719.406893, 384363.117815 6670714.435880, 384360.049995 6670711.924887, 384355.983955 6670707.706867, 384351.901388 6670702.085176, 384348.831141 6670697.033343, 384345.539178 6670690.940935, 384342.813543 6670685.543899)

LINESTRING (384415.644510 6670751.204810, 384418.395284 6670756.523090, 384419.821584 6670760.356360, 384421.510860 6670766.187328, 384423.030754 6670773.516989, 384424.767333 6670788.774630, 384425.088184 6670797.891776, 384424.415577 6670805.803224)

LINESTRING (384415.644510 6670751.204810, 384427.158202 6670740.934332, 384430.474843 6670732.137111, 384453.485201 6670722.852673, 384456.859868 6670717.831600, 384460.828974 6670712.635769, 384468.047149 6670704.072212)

LINESTRING (384647.457903 6670700.048006, 384641.792400 6670699.713689)

LINESTRING (384647.457903 6670700.048006, 384647.903210 6670691.252225, 384648.013865 6670689.120168)

LINESTRING (384641.792400 6670699.713689, 384639.015493 6670699.555920)

LINESTRING (384641.792400 6670699.713689, 384647.457903 6670700.048006)

LINESTRING (384641.792400 6670699.713689, 384642.347339 6670691.048189, 384643.270557 6670678.905198, 384643.103652 6670671.131681, 384642.431661 6670666.371897, 384611.967675 6670612.199676, 384607.689481 6670604.589030, 384600.468959 6670596.157192)

LINESTRING (384668.591341 6670701.355452, 384665.401905 6670706.270189, 384663.084266 6670711.703567, 384661.617239 6670715.393944, 384660.267805 6670719.114055, 384659.014720 6670726.954550, 384655.095416 6670785.630427)

LINESTRING (384676.641183 6670678.779974, 384680.984376 6670677.517730)

LINESTRING (384676.641183 6670678.779974, 384677.390320 6670681.932546, 384677.895275 6670692.860425, 384677.869175 6670695.914803)

LINESTRING (384071.335368 6670989.259553, 384063.379500 6671001.146053)

LINESTRING (384071.335368 6670989.259553, 384077.079131 6670992.956121)

LINESTRING (384071.335368 6670989.259553, 384068.749080 6670987.747715)

LINESTRING (384071.335368 6670989.259553, 384075.629181 6670983.116862, 384092.164687 6670957.808567)

LINESTRING (384068.749080 6670987.747715, 384071.335368 6670989.259553)

LINESTRING (384068.749080 6670987.747715, 384073.003257 6670981.405675, 384089.543950 6670956.086059)

LINESTRING (384092.164687 6670957.808567, 384099.084360 6670947.225376)

LINESTRING (384092.164687 6670957.808567, 384089.543950 6670956.086059)

LINESTRING (384092.164687 6670957.808567, 384075.629181 6670983.116862, 384071.335368 6670989.259553)

LINESTRING (384226.392044 6670939.846746, 384217.529355 6670945.554087)

LINESTRING (384226.392044 6670939.846746, 384224.472118 6670938.503203)

LINESTRING (384226.392044 6670939.846746, 384237.489129 6670921.698530, 384238.814446 6670919.516935)

LINESTRING (384224.472118 6670938.503203, 384226.392044 6670939.846746)

LINESTRING (384224.472118 6670938.503203, 384237.104953 6670917.977282)

LINESTRING (384224.472118 6670938.503203, 384223.532319 6670937.942239, 384213.036357 6670930.985396)

LINESTRING (384238.814446 6670919.516935, 384242.004371 6670914.289734)

LINESTRING (384238.814446 6670919.516935, 384237.104953 6670917.977282)

LINESTRING (384238.814446 6670919.516935, 384242.249334 6670921.693040)

LINESTRING (384238.814446 6670919.516935, 384237.489129 6670921.698530, 384226.392044 6670939.846746)

LINESTRING (384573.854158 6670509.545358, 384575.893853 6670509.926899)

LINESTRING (384575.893853 6670509.926899, 384581.862083 6670509.103723, 384586.055901 6670507.678913)

LINESTRING (384575.893853 6670509.926899, 384580.042711 6670512.013976, 384583.081036 6670515.529075, 384584.558064 6670519.918025)

LINESTRING (384586.055901 6670507.678913, 384590.079699 6670513.380717)

LINESTRING (384586.055901 6670507.678913, 384589.643160 6670506.574105, 384594.216594 6670506.619553)

LINESTRING (384584.558064 6670519.918025, 384584.472214 6670523.542651)

LINESTRING (384584.472214 6670523.542651, 384585.677359 6670528.118473, 384587.132764 6670532.173773, 384589.480628 6670537.226254)

LINESTRING (384584.472214 6670523.542651, 384582.595493 6670528.159799, 384579.010088 6670531.616019, 384576.150985 6670532.909650, 384572.000246 6670533.408133)

LINESTRING (384594.348265 6670534.442910, 384646.789464 6670627.274016)

LINESTRING (384594.348265 6670534.442910, 384593.387986 6670534.996932, 384589.480628 6670537.226254)

LINESTRING (384646.789464 6670627.274016, 384648.959966 6670631.284542, 384650.575864 6670634.264953)

LINESTRING (384646.789464 6670627.274016, 384648.444013 6670626.363825, 384653.206182 6670623.762185)

LINESTRING (384589.480628 6670537.226254, 384595.625122 6670550.294584, 384645.742267 6670636.891134)

LINESTRING (384589.480628 6670537.226254, 384584.051193 6670540.339339, 384581.322604 6670541.896321, 384578.206999 6670543.688381)

LINESTRING (384589.480628 6670537.226254, 384593.387986 6670534.996932, 384594.348265 6670534.442910)

LINESTRING (384470.125580 6670197.561086, 384492.162000 6670186.524639)

LINESTRING (384645.742267 6670636.891134, 384656.502779 6670655.787650, 384659.118666 6670661.065766, 384660.686654 6670668.349415, 384661.372330 6670674.780426, 384662.374154 6670686.138443)

LINESTRING (384645.742267 6670636.891134, 384641.513467 6670639.141666, 384637.994904 6670641.013227, 384634.978144 6670642.590387)

LINESTRING (384578.206999 6670543.688381, 384576.886403 6670544.443209, 384572.045489 6670547.192303)

LINESTRING (384578.206999 6670543.688381, 384581.322604 6670541.896321, 384584.051193 6670540.339339, 384589.480628 6670537.226254)

LINESTRING (384578.206999 6670543.688381, 384574.623914 6670537.515792, 384572.000246 6670533.408133)

LINESTRING (384572.045489 6670547.192303, 384576.886403 6670544.443209, 384578.206999 6670543.688381)

LINESTRING (384572.045489 6670547.192303, 384569.404775 6670543.954445, 384561.788282 6670536.538140, 384559.033340 6670533.025276, 384557.427726 6670530.022288)

LINESTRING (384572.045489 6670547.192303, 384572.932235 6670548.713445, 384585.681511 6670570.589559, 384597.226066 6670590.553380)

LINESTRING (384572.000246 6670533.408133, 384568.032866 6670532.496654, 384564.603386 6670530.320068, 384562.998550 6670528.576368)

LINESTRING (384612.799089 6670669.132398, 384611.800404 6670691.931799)

LINESTRING (384612.799089 6670669.132398, 384614.795293 6670672.546596)

LINESTRING (384612.799089 6670669.132398, 384605.636629 6670656.541874, 384600.673696 6670646.590189)

LINESTRING (384611.800404 6670691.931799, 384612.799089 6670669.132398)

LINESTRING (384611.800404 6670691.931799, 384611.478433 6670697.937611)

LINESTRING (384611.800404 6670691.931799, 384614.209649 6670692.056546, 384618.699667 6670692.282951, 384622.639231 6670692.493257)

LINESTRING (384611.800404 6670691.931799, 384574.181610 6670689.806513, 384553.314900 6670688.858968)

LINESTRING (384614.795293 6670672.546596, 384618.100892 6670678.204168)

LINESTRING (384614.795293 6670672.546596, 384612.799089 6670669.132398)

LINESTRING (384614.795293 6670672.546596, 384617.468941 6670670.835343)

LINESTRING (384600.673696 6670646.590189, 384605.636629 6670656.541874, 384612.799089 6670669.132398)

LINESTRING (384611.478433 6670697.937611, 384611.800404 6670691.931799)

LINESTRING (384611.478433 6670697.937611, 384618.512975 6670698.351368)

LINESTRING (384611.478433 6670697.937611, 384573.834697 6670695.723960, 384560.923263 6670701.669382)

LINESTRING (384618.512975 6670698.351368, 384611.478433 6670697.937611)

LINESTRING (384618.512975 6670698.351368, 384618.127438 6670704.102859)

LINESTRING (384618.512975 6670698.351368, 384635.893115 6670699.364451, 384639.015493 6670699.555920)

LINESTRING (384560.923263 6670701.669382, 384553.314900 6670688.858968)

LINESTRING (384560.923263 6670701.669382, 384569.337439 6670715.903200)

LINESTRING (384560.923263 6670701.669382, 384547.021381 6670707.913518, 384544.968712 6670707.822161, 384485.511212 6670704.925916)

LINESTRING (384560.923263 6670701.669382, 384573.834697 6670695.723960, 384611.478433 6670697.937611)

LINESTRING (384590.079699 6670513.380717, 384584.558064 6670519.918025)

LINESTRING (384590.079699 6670513.380717, 384591.441745 6670516.235366, 384591.905126 6670517.190336, 384592.998149 6670519.440516, 384593.734178 6670522.526621, 384593.803028 6670530.358948, 384594.348265 6670534.442910)

LINESTRING (384060.698367 6670802.447332, 384063.546900 6670805.923441)

LINESTRING (384079.392411 6670737.173621, 384088.156394 6670736.941004)

LINESTRING (384079.392411 6670737.173621, 384079.416662 6670735.657209, 384079.493700 6670732.824084, 384078.943722 6670730.891202, 384077.241182 6670726.063787, 384071.951090 6670718.106819)

LINESTRING (384079.392411 6670737.173621, 384078.971854 6670738.981178, 384078.616483 6670740.742097, 384078.188083 6670742.828514, 384077.471976 6670746.005042, 384077.132113 6670747.553726, 384071.762343 6670773.077193, 384066.370654 6670797.553788, 384064.890066 6670802.024971, 384064.637871 6670802.657038, 384063.546900 6670805.923441)

LINESTRING (384656.664853 6670630.930607, 384653.399102 6670632.716186, 384650.575864 6670634.264953)

LINESTRING (384650.575864 6670634.264953, 384645.742267 6670636.891134)

LINESTRING (384650.575864 6670634.264953, 384654.348292 6670640.988867, 384656.796902 6670644.834623)

LINESTRING (384656.796902 6670644.834623, 384662.561291 6670648.308567, 384664.526751 6670650.040958, 384668.301269 6670654.714256, 384675.147866 6670665.041381, 384679.833518 6670674.132622, 384680.984376 6670677.517730)

LINESTRING (384656.796902 6670644.834623, 384661.744040 6670653.583283, 384672.836391 6670669.259821, 384675.780170 6670676.132419, 384676.641183 6670678.779974)

LINESTRING (384435.638976 6671028.003004, 384428.710523 6671038.507793)

LINESTRING (384435.638976 6671028.003004, 384436.045878 6671028.224204)

LINESTRING (384435.638976 6671028.003004, 384428.019604 6671023.116871)

LINESTRING (384428.710523 6671038.507793, 384435.638976 6671028.003004)

LINESTRING (384428.710523 6671038.507793, 384429.391499 6671038.965526)

LINESTRING (384436.045878 6671028.224204, 384439.947024 6671022.294945)

LINESTRING (384436.045878 6671028.224204, 384435.638976 6671028.003004)

LINESTRING (384436.045878 6671028.224204, 384449.955691 6671037.425478)

LINESTRING (384428.019604 6671023.116871, 384431.988667 6671017.051728)

LINESTRING (384428.019604 6671023.116871, 384435.638976 6671028.003004)

LINESTRING (384428.019604 6671023.116871, 384426.714240 6671025.052589, 384410.493613 6671049.836721)

LINESTRING (384428.019604 6671023.116871, 384420.872366 6671018.583628, 384419.761584 6671017.883131)

LINESTRING (384656.892418 6670455.990317, 384667.483702 6670473.733191)

LINESTRING (384656.892418 6670455.990317, 384654.928877 6670451.850683, 384641.952716 6670434.060312, 384575.644585 6670318.541257)

LINESTRING (384667.483702 6670473.733191, 384668.383463 6670484.849243, 384665.423623 6670498.126163, 384658.710879 6670519.600853)

LINESTRING (384667.483702 6670473.733191, 384675.342856 6670488.865120, 384714.573513 6670564.426732)

LINESTRING (384575.644585 6670318.541257, 384562.048458 6670301.907385)

LINESTRING (384575.644585 6670318.541257, 384641.952716 6670434.060312, 384654.928877 6670451.850683, 384656.892418 6670455.990317)

LINESTRING (384698.136353 6670572.923159, 384714.573513 6670564.426732)

LINESTRING (384698.136353 6670572.923159, 384684.276896 6670562.705184, 384670.660538 6670539.206668, 384663.092283 6670526.784823, 384658.710879 6670519.600853)

LINESTRING (384698.136353 6670572.923159, 384697.532465 6670612.705244, 384698.204030 6670638.995958)

LINESTRING (384658.710879 6670519.600853, 384655.508531 6670530.288779, 384654.587252 6670536.848371)

LINESTRING (384658.710879 6670519.600853, 384663.092283 6670526.784823, 384670.660538 6670539.206668, 384684.276896 6670562.705184, 384698.136353 6670572.923159)

LINESTRING (384698.204030 6670638.995958, 384695.563845 6670666.315845)

LINESTRING (384562.048458 6670301.907385, 384555.996943 6670292.335500, 384522.269968 6670233.296251, 384516.159280 6670216.738763)

LINESTRING (384562.048458 6670301.907385, 384537.655108 6670296.657732, 384527.545590 6670291.950081, 384518.784931 6670285.795769, 384470.125580 6670197.561086)

LINESTRING (384504.805482 6670218.745849, 384501.788189 6670220.668598, 384498.662638 6670222.505606, 384489.938042 6670207.100381)

LINESTRING (384677.785072 6670646.458750, 384666.017803 6670625.576726)

LINESTRING (384653.913748 6670885.922397, 384656.658619 6670886.125757)

LINESTRING (384653.913748 6670885.922397, 384649.356328 6670885.664647)

LINESTRING (384653.913748 6670885.922397, 384650.262806 6670948.345513, 384649.823122 6670956.082405, 384649.896827 6670960.894455, 384650.231338 6670965.698296, 384651.258656 6670975.395000, 384651.381368 6670979.469979)

LINESTRING (384656.658619 6670886.125757, 384653.913748 6670885.922397)

LINESTRING (384656.658619 6670886.125757, 384658.890160 6670886.256120, 384681.532961 6670887.549525, 384682.314341 6670874.251992, 384682.445448 6670872.063570)

LINESTRING (384656.658619 6670886.125757, 384652.950480 6670956.262576, 384652.773233 6670964.749025, 384654.417291 6670980.098803)

LINESTRING (384656.658619 6670886.125757, 384656.979676 6670882.560597, 384655.609663 6670882.447696, 384655.768046 6670877.773218)

LINESTRING (384560.886774 6670519.203592, 384559.116691 6670515.035623, 384557.013679 6670511.056452, 384539.953068 6670482.830206, 384536.514883 6670477.734089, 384527.023574 6670464.949596, 384523.748118 6670460.082396, 384513.661541 6670442.513459)

LINESTRING (384560.886774 6670519.203592, 384562.206405 6670515.595827, 384564.600483 6670512.589453, 384566.964496 6670510.921353, 384570.304050 6670509.712884, 384573.854158 6670509.545358)

LINESTRING (384513.661541 6670442.513459, 384511.586668 6670438.901188)

LINESTRING (384513.661541 6670442.513459, 384510.503872 6670444.206599)

LINESTRING (384513.661541 6670442.513459, 384521.708843 6670438.203356, 384524.145511 6670436.900706, 384533.411174 6670431.939304)

LINESTRING (384553.314900 6670688.858968, 384560.923263 6670701.669382)

LINESTRING (384553.314900 6670688.858968, 384553.372873 6670686.996030, 384553.450465 6670684.697843, 384555.049222 6670649.921587, 384555.862518 6670647.700526)

LINESTRING (384553.314900 6670688.858968, 384550.633372 6670688.731695, 384550.347046 6670693.220756)

LINESTRING (384553.314900 6670688.858968, 384574.181610 6670689.806513, 384611.800404 6670691.931799)

LINESTRING (384555.862518 6670647.700526, 384566.461045 6670648.035361)

LINESTRING (384555.862518 6670647.700526, 384555.049222 6670649.921587, 384553.450465 6670684.697843, 384553.372873 6670686.996030, 384553.314900 6670688.858968)

LINESTRING (384555.862518 6670647.700526, 384550.402336 6670648.596905, 384533.153578 6670647.178880, 384526.426981 6670647.903450, 384520.225253 6670652.768352, 384516.985818 6670661.028115, 384514.172697 6670666.421486, 384474.000953 6670675.310307, 384469.979516 6670675.147318)

LINESTRING (384550.347046 6670693.220756, 384549.864241 6670702.229483, 384547.271164 6670702.088281, 384478.923174 6670698.235190)

LINESTRING (384550.347046 6670693.220756, 384550.633372 6670688.731695, 384553.314900 6670688.858968)

LINESTRING (384550.347046 6670693.220756, 384547.743214 6670693.091037, 384543.470814 6670691.308794)

LINESTRING (384581.582045 6670932.186635, 384581.910626 6670925.511945)

LINESTRING (384581.910626 6670925.511945, 384608.742430 6670926.483506)

LINESTRING (384581.910626 6670925.511945, 384576.034157 6670916.881821)

LINESTRING (384581.910626 6670925.511945, 384581.582045 6670932.186635)

LINESTRING (384584.415684 6670944.556811, 384584.316227 6670945.808114)

LINESTRING (384584.316227 6670945.808114, 384612.728509 6670947.231420)

LINESTRING (384584.316227 6670945.808114, 384575.503626 6670945.361290)

LINESTRING (384584.316227 6670945.808114, 384584.415684 6670944.556811)

LINESTRING (384639.872015 6670705.413188, 384638.642074 6670705.340459)

LINESTRING (384639.872015 6670705.413188, 384639.015493 6670699.555920)

LINESTRING (384639.872015 6670705.413188, 384640.357190 6670710.591194, 384639.680919 6670722.637258, 384639.354180 6670727.963409)

LINESTRING (384612.467970 6670959.420431, 384604.285901 6670958.886819)

LINESTRING (384612.467970 6670959.420431, 384612.330431 6670961.932247)

LINESTRING (384612.467970 6670959.420431, 384621.251442 6670960.001992, 384625.417892 6670962.311434)

LINESTRING (384101.437293 6670955.408994, 384096.002009 6670963.749777)

LINESTRING (384101.437293 6670955.408994, 384107.583610 6670946.365924, 384114.982521 6670935.477855)

LINESTRING (384101.437293 6670955.408994, 384103.028988 6670956.383944, 384103.896311 6670956.936025, 384110.166717 6670960.950323, 384111.703268 6670961.938165, 384115.223900 6670964.189453, 384116.845445 6670965.230331, 384118.910732 6670966.602655)

LINESTRING (384096.002009 6670963.749777, 384101.437293 6670955.408994)

LINESTRING (384096.002009 6670963.749777, 384094.974429 6670965.331355)

LINESTRING (384096.002009 6670963.749777, 384097.459467 6670964.695536)

LINESTRING (384114.982521 6670935.477855, 384121.866796 6670925.352753)

LINESTRING (384114.982521 6670935.477855, 384116.249637 6670936.552230)

LINESTRING (384114.982521 6670935.477855, 384107.583610 6670946.365924, 384101.437293 6670955.408994)

LINESTRING (384539.147316 6670932.275203, 384539.175418 6670930.346338)

LINESTRING (384539.175418 6670930.346338, 384547.042893 6670930.588820)

LINESTRING (384539.175418 6670930.346338, 384539.147316 6670932.275203)

LINESTRING (384539.175418 6670930.346338, 384535.283299 6670930.223792, 384533.063323 6670929.402188)

LINESTRING (384259.521923 6670489.602086, 384263.237149 6670500.116541)

LINESTRING (384259.521923 6670489.602086, 384257.113150 6670481.932781, 384254.264698 6670473.006899, 384250.866496 6670463.385138, 384247.227546 6670452.121608, 384244.089224 6670441.934424)

LINESTRING (384259.521923 6670489.602086, 384261.821356 6670488.883098, 384264.131187 6670488.141496)

LINESTRING (384259.521923 6670489.602086, 384251.280503 6670494.086077, 384246.642028 6670497.787634)

LINESTRING (384263.237149 6670500.116541, 384259.521923 6670489.602086)

LINESTRING (384263.237149 6670500.116541, 384264.991653 6670507.650486)

LINESTRING (384263.237149 6670500.116541, 384243.070335 6670508.353901)

LINESTRING (384263.237149 6670500.116541, 384266.749297 6670498.746320)

LINESTRING (384244.089224 6670441.934424, 384229.195677 6670445.469533)

LINESTRING (384244.089224 6670441.934424, 384248.178487 6670441.069748)

LINESTRING (384244.089224 6670441.934424, 384243.791205 6670439.358331)

LINESTRING (384244.089224 6670441.934424, 384247.227546 6670452.121608, 384250.866496 6670463.385138, 384254.264698 6670473.006899, 384257.113150 6670481.932781, 384259.521923 6670489.602086)

LINESTRING (384264.131187 6670488.141496, 384270.153400 6670486.212810)

LINESTRING (384264.131187 6670488.141496, 384248.178487 6670441.069748)

LINESTRING (384264.131187 6670488.141496, 384266.749297 6670498.746320)

LINESTRING (384264.131187 6670488.141496, 384261.821356 6670488.883098, 384259.521923 6670489.602086)

LINESTRING (384246.642028 6670497.787634, 384241.686750 6670491.458082)

LINESTRING (384246.642028 6670497.787634, 384241.954669 6670501.524175, 384239.461877 6670501.045684)

LINESTRING (384246.642028 6670497.787634, 384251.280503 6670494.086077, 384259.521923 6670489.602086)

LINESTRING (384537.501912 6670799.831413, 384537.770630 6670795.666090)

LINESTRING (384537.770630 6670795.666090, 384537.501912 6670799.831413)

LINESTRING (384537.770630 6670795.666090, 384526.572076 6670795.138518, 384499.938724 6670799.967490)

LINESTRING (384537.770630 6670795.666090, 384556.907739 6670796.567705, 384558.990849 6670796.568953, 384558.919264 6670798.175999, 384559.675027 6670798.185626, 384564.565464 6670798.254469)

LINESTRING (384105.351714 6670709.795417, 384097.858503 6670717.365423)

LINESTRING (384105.351714 6670709.795417, 384113.052244 6670717.564766)

LINESTRING (384105.351714 6670709.795417, 384094.851805 6670699.228204)

LINESTRING (384105.351714 6670709.795417, 384166.266492 6670648.224639, 384171.643470 6670642.939408)

LINESTRING (384105.351714 6670709.795417, 384103.432335 6670704.785393, 384105.500495 6670699.392950, 384105.903402 6670696.148322, 384151.214193 6670650.750978, 384155.273561 6670648.772690, 384159.484745 6670648.082362, 384165.693529 6670642.926854, 384171.643470 6670642.939408)

LINESTRING (384097.858503 6670717.365423, 384105.351714 6670709.795417)

LINESTRING (384097.858503 6670717.365423, 384093.417506 6670721.852203, 384090.672136 6670724.624840, 384086.252650 6670729.088661)

LINESTRING (384097.858503 6670717.365423, 384099.707971 6670721.218633, 384101.026179 6670725.311533, 384101.905190 6670729.217723, 384102.340427 6670732.792469, 384102.393104 6670736.390458)

LINESTRING (384113.052244 6670717.564766, 384105.351714 6670709.795417)

LINESTRING (384113.052244 6670717.564766, 384120.444185 6670709.953418, 384157.847945 6670672.573838)

LINESTRING (384113.052244 6670717.564766, 384111.403807 6670720.068668, 384110.181793 6670722.882275, 384109.278296 6670725.930988, 384108.907817 6670728.795680)

LINESTRING (384094.851805 6670699.228204, 384088.297640 6670704.873975)

LINESTRING (384094.851805 6670699.228204, 384105.351714 6670709.795417)

LINESTRING (384094.851805 6670699.228204, 384103.674195 6670695.394126, 384121.187628 6670678.123685)

LINESTRING (384094.851805 6670699.228204, 384092.239974 6670693.225940, 384048.474734 6670640.648912)

LINESTRING (384171.643470 6670642.939408, 384173.221999 6670641.385022)

LINESTRING (384171.643470 6670642.939408, 384166.266492 6670648.224639, 384105.351714 6670709.795417)

LINESTRING (384171.643470 6670642.939408, 384170.295126 6670654.237896, 384169.158989 6670657.661710, 384125.182629 6670702.047069, 384121.822408 6670703.646666, 384117.472991 6670704.530866, 384105.351714 6670709.795417)

LINESTRING (384656.704022 6670863.389806, 384656.258580 6670870.591947)

LINESTRING (384656.704022 6670863.389806, 384655.134580 6670863.294326)

LINESTRING (384656.704022 6670863.389806, 384658.674412 6670863.517245, 384662.053563 6670811.333243)

LINESTRING (384283.286649 6670816.820750, 384300.387631 6670825.541831)

LINESTRING (384283.286649 6670816.820750, 384278.490716 6670826.957587)

LINESTRING (384283.286649 6670816.820750, 384277.345405 6670813.731892, 384273.471066 6670811.714505)

LINESTRING (384300.387631 6670825.541831, 384304.497823 6670827.640955)

LINESTRING (384300.387631 6670825.541831, 384283.286649 6670816.820750)

LINESTRING (384300.387631 6670825.541831, 384303.789508 6670816.641488, 384320.732975 6670767.227225)

LINESTRING (384278.490716 6670826.957587, 384283.286649 6670816.820750)

LINESTRING (384278.490716 6670826.957587, 384272.759682 6670824.720219)

LINESTRING (384278.490716 6670826.957587, 384277.337092 6670829.300909, 384244.361137 6670891.302350)

LINESTRING (384273.471066 6670811.714505, 384255.218120 6670802.227527)

LINESTRING (384273.471066 6670811.714505, 384283.338590 6670790.317680)

LINESTRING (384273.471066 6670811.714505, 384277.345405 6670813.731892, 384283.286649 6670816.820750)

LINESTRING (384304.497823 6670827.640955, 384300.387631 6670825.541831)

LINESTRING (384304.497823 6670827.640955, 384306.072909 6670833.720660)

LINESTRING (384304.497823 6670827.640955, 384307.559847 6670818.004669, 384324.452196 6670771.545308)

LINESTRING (384306.072909 6670833.720660, 384304.497823 6670827.640955)

LINESTRING (384306.072909 6670833.720660, 384304.918938 6670836.933249)

LINESTRING (384306.072909 6670833.720660, 384308.485540 6670834.658637, 384313.288250 6670836.524165)

LINESTRING (384306.072909 6670833.720660, 384310.892140 6670819.392826, 384311.468252 6670817.758699)

LINESTRING (384324.452196 6670771.545308, 384335.210959 6670741.940513)

LINESTRING (384324.452196 6670771.545308, 384327.244123 6670772.883671)

LINESTRING (384324.452196 6670771.545308, 384320.732975 6670767.227225)

LINESTRING (384324.452196 6670771.545308, 384307.559847 6670818.004669, 384304.497823 6670827.640955)

LINESTRING (384142.531260 6670866.347106, 384141.870127 6670876.710046)

LINESTRING (384142.531260 6670866.347106, 384149.234715 6670869.823996)

LINESTRING (384142.531260 6670866.347106, 384086.974760 6670837.100061)

LINESTRING (384142.531260 6670866.347106, 384144.627315 6670862.892932, 384146.408473 6670859.493292)

LINESTRING (384144.319487 6670878.281989, 384140.163888 6670884.587385)

LINESTRING (384144.319487 6670878.281989, 384141.870127 6670876.710046)

LINESTRING (384144.319487 6670878.281989, 384147.868638 6670872.296669, 384149.234715 6670869.823996)

LINESTRING (384242.004371 6670914.289734, 384238.814446 6670919.516935)

LINESTRING (384242.004371 6670914.289734, 384228.694865 6670904.078391)

LINESTRING (384242.004371 6670914.289734, 384241.425987 6670907.409604, 384241.175543 6670903.349799, 384240.997946 6670897.727474)

LINESTRING (384228.694865 6670904.078391, 384225.297793 6670910.660623)

LINESTRING (384228.694865 6670904.078391, 384219.325407 6670903.594285, 384215.583214 6670902.241453, 384173.329104 6670879.593882, 384170.355966 6670877.091199, 384163.506963 6670868.481287)

LINESTRING (384228.694865 6670904.078391, 384223.189396 6670900.362914, 384216.667005 6670896.634996, 384163.506963 6670868.481287)

LINESTRING (384228.694865 6670904.078391, 384230.547787 6670900.487071, 384231.862908 6670897.982608, 384233.892903 6670894.017930)

LINESTRING (384240.997946 6670897.727474, 384244.361137 6670891.302350)

LINESTRING (384240.997946 6670897.727474, 384252.934896 6670904.404852)

LINESTRING (384240.997946 6670897.727474, 384241.175543 6670903.349799, 384241.425987 6670907.409604, 384242.004371 6670914.289734)

LINESTRING (384557.427726 6670530.022288, 384553.839900 6670526.346208, 384551.119294 6670522.865701, 384522.591928 6670472.756552, 384515.329271 6670460.180481, 384507.144018 6670446.006413)

LINESTRING (384557.427726 6670530.022288, 384560.309557 6670529.274001, 384562.998550 6670528.576368)

LINESTRING (384557.427726 6670530.022288, 384555.198891 6670530.337668, 384553.191801 6670529.932823)

LINESTRING (384557.427726 6670530.022288, 384559.033340 6670533.025276, 384561.788282 6670536.538140, 384569.404775 6670543.954445, 384572.045489 6670547.192303)

LINESTRING (384557.427726 6670530.022288, 384556.687901 6670525.052909, 384556.568657 6670524.265414, 384524.908823 6670469.239942, 384510.503872 6670444.206599)

LINESTRING (384507.144018 6670446.006413, 384505.151750 6670442.547565)

LINESTRING (384507.144018 6670446.006413, 384510.503872 6670444.206599)

LINESTRING (384507.144018 6670446.006413, 384515.329271 6670460.180481, 384522.591928 6670472.756552, 384551.119294 6670522.865701, 384553.839900 6670526.346208, 384557.427726 6670530.022288)

LINESTRING (384562.998550 6670528.576368, 384562.096901 6670527.111419, 384560.809072 6670523.262593, 384560.886774 6670519.203592)

LINESTRING (384562.998550 6670528.576368, 384560.309557 6670529.274001, 384557.427726 6670530.022288)

LINESTRING (384553.191801 6670529.932823, 384555.198891 6670530.337668, 384557.427726 6670530.022288)

LINESTRING (384510.503872 6670444.206599, 384513.661541 6670442.513459)

LINESTRING (384510.503872 6670444.206599, 384507.144018 6670446.006413)

LINESTRING (384510.503872 6670444.206599, 384508.403002 6670440.650872)

LINESTRING (384693.807087 6670675.453773, 384695.563845 6670666.315845)

LINESTRING (384693.807087 6670675.453773, 384691.492770 6670683.996303, 384688.530947 6670688.201762, 384684.508236 6670692.763790, 384682.082680 6670693.709370)

LINESTRING (384693.807087 6670675.453773, 384698.368279 6670697.364970, 384697.147921 6670711.545563)

LINESTRING (384695.563845 6670666.315845, 384693.807087 6670675.453773)

LINESTRING (384695.563845 6670666.315845, 384692.461605 6670648.225844, 384690.944625 6670637.441249, 384684.820901 6670622.722758, 384678.001162 6670610.778835, 384672.090294 6670602.651130, 384645.254222 6670556.433003, 384640.463732 6670546.665292, 384638.613244 6670535.880065, 384643.522876 6670518.897540, 384647.813603 6670508.019328, 384649.315024 6670497.652391, 384656.892418 6670455.990317)

LINESTRING (384682.082680 6670693.709370, 384677.869175 6670695.914803)

LINESTRING (384682.082680 6670693.709370, 384681.855838 6670698.151965, 384681.022500 6670704.151567, 384679.444980 6670708.391487, 384674.255960 6670714.372129)

LINESTRING (384682.082680 6670693.709370, 384681.966376 6670690.013100, 384681.881005 6670680.944271, 384680.984376 6670677.517730)

LINESTRING (384697.147921 6670711.545563, 384699.993488 6670712.826795, 384703.002984 6670715.963982, 384704.656663 6670721.383841, 384698.048993 6670807.102440, 384697.070858 6670856.168431)

LINESTRING (384697.147921 6670711.545563, 384693.299813 6670710.886525, 384685.315169 6670711.171182, 384680.217526 6670712.111686, 384674.255960 6670714.372129)

LINESTRING (384697.147921 6670711.545563, 384698.368279 6670697.364970, 384693.807087 6670675.453773)

LINESTRING (384264.991653 6670507.650486, 384263.237149 6670500.116541)

LINESTRING (384264.991653 6670507.650486, 384268.743790 6670507.019364)

LINESTRING (384264.991653 6670507.650486, 384265.536576 6670515.055460, 384264.858569 6670519.445481)

LINESTRING (384268.743790 6670507.019364, 384264.991653 6670507.650486)

LINESTRING (384268.743790 6670507.019364, 384275.194735 6670506.002134)

LINESTRING (384268.743790 6670507.019364, 384266.749297 6670498.746320)

LINESTRING (384268.743790 6670507.019364, 384270.046668 6670512.918199, 384274.708201 6670521.207334)

LINESTRING (384264.858569 6670519.445481, 384265.536576 6670515.055460, 384264.991653 6670507.650486)

LINESTRING (384264.858569 6670519.445481, 384263.700042 6670526.034980, 384262.520778 6670531.967615, 384260.536278 6670536.677503, 384256.491024 6670542.098846, 384221.919441 6670577.939072)

LINESTRING (384264.858569 6670519.445481, 384262.137500 6670514.728161, 384254.619175 6670510.619257, 384243.070335 6670508.353901)

LINESTRING (384274.708201 6670521.207334, 384273.776952 6670526.374313, 384272.706940 6670530.665265, 384271.200886 6670534.869686, 384268.547141 6670540.904598, 384264.643812 6670547.302159, 384261.156524 6670551.569147, 384250.275793 6670563.770420, 384231.142238 6670583.075075)

LINESTRING (384274.708201 6670521.207334, 384275.302131 6670513.978144, 384275.194735 6670506.002134)

LINESTRING (384274.708201 6670521.207334, 384270.046668 6670512.918199, 384268.743790 6670507.019364)

LINESTRING (384231.142238 6670583.075075, 384230.027413 6670583.834676)

LINESTRING (384231.142238 6670583.075075, 384250.275793 6670563.770420, 384261.156524 6670551.569147, 384264.643812 6670547.302159, 384268.547141 6670540.904598, 384271.200886 6670534.869686, 384272.706940 6670530.665265, 384273.776952 6670526.374313, 384274.708201 6670521.207334)

LINESTRING (384275.194735 6670506.002134, 384268.743790 6670507.019364)

LINESTRING (384275.194735 6670506.002134, 384283.226671 6670504.912712)

LINESTRING (384275.194735 6670506.002134, 384274.059763 6670500.142575)

LINESTRING (384275.194735 6670506.002134, 384275.302131 6670513.978144, 384274.708201 6670521.207334)

LINESTRING (384250.303996 6670702.740450, 384242.091622 6670717.097526)

LINESTRING (384250.303996 6670702.740450, 384285.456670 6670638.887326)

LINESTRING (384250.303996 6670702.740450, 384254.549449 6670705.247596, 384247.086320 6670719.759308)

LINESTRING (384250.303996 6670702.740450, 384247.678747 6670701.229712, 384242.717758 6670708.429677)

LINESTRING (384242.091622 6670717.097526, 384235.300137 6670730.183854)

LINESTRING (384242.091622 6670717.097526, 384250.303996 6670702.740450)

LINESTRING (384242.091622 6670717.097526, 384247.086320 6670719.759308)

LINESTRING (384242.091622 6670717.097526, 384238.713332 6670715.487991)

LINESTRING (384285.456670 6670638.887326, 384287.753468 6670634.568789)

LINESTRING (384285.456670 6670638.887326, 384250.303996 6670702.740450)

LINESTRING (384285.456670 6670638.887326, 384227.836283 6670660.610951, 384218.064046 6670668.497865, 384210.203736 6670666.216408, 384206.111054 6670663.448161, 384198.746819 6670659.813723)

LINESTRING (384247.086320 6670719.759308, 384240.617867 6670732.345069)

LINESTRING (384247.086320 6670719.759308, 384251.442868 6670721.739153)

LINESTRING (384247.086320 6670719.759308, 384242.091622 6670717.097526)

LINESTRING (384247.086320 6670719.759308, 384254.549449 6670705.247596, 384250.303996 6670702.740450)

LINESTRING (384242.717758 6670708.429677, 384238.713332 6670715.487991)

LINESTRING (384242.717758 6670708.429677, 384242.064644 6670707.625619)

LINESTRING (384242.717758 6670708.429677, 384247.678747 6670701.229712, 384250.303996 6670702.740450)

LINESTRING (384624.366366 6670777.704496, 384638.335602 6670778.546348)

LINESTRING (384624.366366 6670777.704496, 384591.848110 6670775.763970)

LINESTRING (384624.366366 6670777.704496, 384624.560184 6670775.391509)

LINESTRING (384637.740137 6670754.158914, 384639.030188 6670733.200318)

LINESTRING (384637.740137 6670754.158914, 384635.020867 6670754.066202)

LINESTRING (384637.740137 6670754.158914, 384636.889988 6670767.915544, 384638.335602 6670778.546348)

LINESTRING (384625.185523 6670789.079404, 384637.711824 6670789.788368)

LINESTRING (384625.185523 6670789.079404, 384618.741840 6670788.725049)

LINESTRING (384625.185523 6670789.079404, 384625.161807 6670789.737669)

LINESTRING (384613.600758 6670864.144896, 384633.637506 6670865.052002)

LINESTRING (384613.600758 6670864.144896, 384585.103256 6670862.857973)

LINESTRING (384613.600758 6670864.144896, 384613.816038 6670858.632794)

LINESTRING (384618.282315 6670872.578667, 384633.274004 6670873.444016)

LINESTRING (384618.282315 6670872.578667, 384613.557696 6670872.303937)

LINESTRING (384618.282315 6670872.578667, 384618.129227 6670875.302716)

LINESTRING (384569.337439 6670715.903200, 384569.532676 6670712.754335)

LINESTRING (384569.337439 6670715.903200, 384560.923263 6670701.669382)

LINESTRING (384569.337439 6670715.903200, 384568.011083 6670744.162550, 384566.677399 6670772.188102, 384567.002454 6670774.395595)

LINESTRING (384569.337439 6670715.903200, 384563.197499 6670715.673103, 384562.338325 6670729.664076, 384560.486150 6670729.588684, 384549.983538 6670729.117123, 384549.897080 6670731.839076)

LINESTRING (384569.532676 6670712.754335, 384570.014383 6670705.473027)

LINESTRING (384569.532676 6670712.754335, 384569.337439 6670715.903200)

LINESTRING (384569.532676 6670712.754335, 384572.780582 6670712.874928)

LINESTRING (384567.002454 6670774.395595, 384568.737557 6670786.098268)

LINESTRING (384567.002454 6670774.395595, 384560.207433 6670774.174996)

LINESTRING (384567.002454 6670774.395595, 384566.677399 6670772.188102, 384568.011083 6670744.162550, 384569.337439 6670715.903200)

LINESTRING (384567.002454 6670774.395595, 384581.240489 6670775.128466, 384584.507442 6670775.326477)

LINESTRING (384549.897080 6670731.839076, 384549.849736 6670733.333915)

LINESTRING (384549.897080 6670731.839076, 384556.539190 6670731.964176)

LINESTRING (384549.897080 6670731.839076, 384549.983538 6670729.117123, 384560.486150 6670729.588684, 384562.338325 6670729.664076, 384563.197499 6670715.673103, 384569.337439 6670715.903200)

LINESTRING (384499.142540 6670791.801455, 384513.621989 6670789.796077)

LINESTRING (384513.621989 6670789.796077, 384499.142540 6670791.801455)

LINESTRING (384513.621989 6670789.796077, 384513.272185 6670787.333045)

LINESTRING (384513.621989 6670789.796077, 384525.582105 6670788.048447, 384544.036212 6670788.603752)

LINESTRING (384499.938724 6670799.967490, 384526.572076 6670795.138518, 384537.770630 6670795.666090)

LINESTRING (384505.652711 6670875.168078, 384503.684705 6670879.699003)

LINESTRING (384505.652711 6670875.168078, 384491.645767 6670869.948187, 384480.408871 6670874.893872, 384415.922845 6670872.926342, 384394.415415 6670877.170955)

LINESTRING (384505.652711 6670875.168078, 384540.989752 6670876.684666, 384549.609443 6670873.470988)

LINESTRING (384503.684705 6670879.699003, 384499.035560 6670878.118147)

LINESTRING (384503.684705 6670879.699003, 384505.652711 6670875.168078)

LINESTRING (384503.684705 6670879.699003, 384504.700693 6670880.034748, 384537.996088 6670881.103007)

LINESTRING (384503.684705 6670879.699003, 384501.845961 6670883.924956, 384499.847127 6670888.534865, 384499.364337 6670896.128269, 384499.284936 6670901.892423)

LINESTRING (384394.415415 6670877.170955, 384395.716884 6670878.456084)

LINESTRING (384394.415415 6670877.170955, 384398.114157 6670873.978421, 384401.137164 6670870.495163, 384404.214970 6670866.107483, 384409.934547 6670854.426050)

LINESTRING (384394.415415 6670877.170955, 384372.224164 6670898.120453, 384351.677478 6670919.073920, 384348.060811 6670923.456366, 384345.024427 6670927.920802, 384342.809179 6670932.002705, 384341.889041 6670934.528094, 384329.670011 6670956.389045)

LINESTRING (384394.415415 6670877.170955, 384415.922845 6670872.926342, 384480.408871 6670874.893872, 384491.645767 6670869.948187, 384505.652711 6670875.168078)

LINESTRING (384394.415415 6670877.170955, 384365.907833 6670856.907123, 384313.288250 6670836.524165)

LINESTRING (384394.415415 6670877.170955, 384378.889309 6670878.385156, 384376.825987 6670880.066194)

LINESTRING (384549.609443 6670873.470988, 384567.359339 6670866.849305)

LINESTRING (384549.609443 6670873.470988, 384549.101844 6670883.806682)

LINESTRING (384549.609443 6670873.470988, 384540.989752 6670876.684666, 384505.652711 6670875.168078)

LINESTRING (384540.804056 6670881.192849, 384537.996088 6670881.103007)

LINESTRING (384537.996088 6670881.103007, 384540.804056 6670881.192849)

LINESTRING (384537.996088 6670881.103007, 384537.624593 6670885.884510)

LINESTRING (384537.996088 6670881.103007, 384504.700693 6670880.034748, 384503.684705 6670879.699003)

LINESTRING (384680.984376 6670677.517730, 384683.074335 6670677.028484, 384687.010075 6670676.057678, 384693.807087 6670675.453773)

LINESTRING (384680.984376 6670677.517730, 384681.881005 6670680.944271, 384681.966376 6670690.013100, 384682.082680 6670693.709370)

LINESTRING (384680.984376 6670677.517730, 384679.833518 6670674.132622, 384675.147866 6670665.041381, 384668.301269 6670654.714256, 384664.526751 6670650.040958, 384662.561291 6670648.308567, 384656.796902 6670644.834623)

LINESTRING (384251.203107 6670409.658421, 384262.059790 6670410.051121)

LINESTRING (384251.203107 6670409.658421, 384253.720833 6670387.702426, 384258.553140 6670370.253701, 384262.520647 6670360.076161)

LINESTRING (384251.203107 6670409.658421, 384251.933644 6670423.643882, 384254.623844 6670439.696042)

LINESTRING (384262.059790 6670410.051121, 384251.203107 6670409.658421)

LINESTRING (384262.059790 6670410.051121, 384262.454081 6670422.186082, 384264.711224 6670436.312794, 384269.876053 6670452.621157, 384279.252386 6670483.551759)

LINESTRING (384262.059790 6670410.051121, 384262.529125 6670400.987036, 384263.801331 6670389.902751, 384269.413027 6670370.568316, 384278.277123 6670352.011616, 384283.628588 6670343.083161)

LINESTRING (384262.059790 6670410.051121, 384278.076709 6670409.890875, 384282.556510 6670407.141648, 384285.182941 6670387.567155, 384289.965315 6670370.643842, 384293.261912 6670360.153185)

LINESTRING (384262.520647 6670360.076161, 384258.553140 6670370.253701, 384253.720833 6670387.702426, 384251.203107 6670409.658421)

LINESTRING (384262.520647 6670360.076161, 384267.551613 6670347.156955, 384273.499561 6670337.061776)

LINESTRING (384262.520647 6670360.076161, 384259.079437 6670360.530298, 384252.766628 6670368.920786)

LINESTRING (384254.623844 6670439.696042, 384248.178487 6670441.069748)

LINESTRING (384254.623844 6670439.696042, 384251.933644 6670423.643882, 384251.203107 6670409.658421)

LINESTRING (384254.623844 6670439.696042, 384257.628815 6670450.411233, 384270.153400 6670486.212810)

LINESTRING (384248.178487 6670441.069748, 384244.089224 6670441.934424)

LINESTRING (384248.178487 6670441.069748, 384254.623844 6670439.696042)

LINESTRING (384248.178487 6670441.069748, 384264.131187 6670488.141496)

LINESTRING (384248.178487 6670441.069748, 384246.107458 6670408.738334, 384248.710664 6670387.203123, 384252.766628 6670368.920786)

LINESTRING (384270.153400 6670486.212810, 384279.252386 6670483.551759)

LINESTRING (384270.153400 6670486.212810, 384264.131187 6670488.141496)

LINESTRING (384270.153400 6670486.212810, 384273.290491 6670496.188308)

LINESTRING (384270.153400 6670486.212810, 384257.628815 6670450.411233, 384254.623844 6670439.696042)

LINESTRING (384360.571586 6670240.366440, 384323.130426 6670278.179468)

LINESTRING (384360.571586 6670240.366440, 384363.891060 6670233.407915)

LINESTRING (384323.130426 6670278.179468, 384360.571586 6670240.366440)

LINESTRING (384323.130426 6670278.179468, 384319.243124 6670274.535338)

LINESTRING (384323.130426 6670278.179468, 384316.376465 6670285.803647, 384294.664205 6670308.131396)

LINESTRING (384363.891060 6670233.407915, 384361.494021 6670229.805883)

LINESTRING (384363.891060 6670233.407915, 384367.108751 6670236.783461)

LINESTRING (384363.891060 6670233.407915, 384366.490125 6670229.325085)

LINESTRING (384381.437785 6670225.889169, 384376.406526 6670228.778245, 384371.073858 6670234.440646)

LINESTRING (384381.437785 6670225.889169, 384378.126370 6670223.240953, 384375.760176 6670220.440335, 384374.325225 6670217.220290)

LINESTRING (384402.363229 6670211.699910, 384402.278013 6670215.692290)

LINESTRING (384402.278013 6670215.692290, 384404.448782 6670220.048157, 384406.119758 6670223.706545, 384409.502890 6670229.863008, 384415.850636 6670237.185307)

LINESTRING (384402.278013 6670215.692290, 384401.409097 6670219.497641, 384400.569365 6670221.585836, 384398.672135 6670224.142013, 384395.895381 6670226.291297, 384390.699452 6670227.658764)

LINESTRING (384415.850636 6670237.185307, 384466.598650 6670326.089003, 384469.917130 6670331.434012, 384474.129766 6670337.475227, 384478.485222 6670343.289057, 384486.927430 6670353.442996, 384489.848842 6670357.296043, 384490.721692 6670358.550140)

LINESTRING (384394.656504 6670200.397365, 384398.003618 6670202.944171, 384400.391574 6670206.435068, 384402.363229 6670211.699910)

LINESTRING (384394.656504 6670200.397365, 384400.435683 6670198.320559, 384404.784455 6670195.809662)

LINESTRING (384404.784455 6670195.809662, 384408.358437 6670193.746689)

LINESTRING (384404.784455 6670195.809662, 384409.181955 6670202.948277)

LINESTRING (384374.325225 6670217.220290, 384374.333752 6670214.144168)

LINESTRING (384374.333752 6670214.144168, 384375.017523 6670209.753996, 384376.615750 6670205.468713, 384379.439671 6670201.467956)

LINESTRING (384374.333752 6670214.144168, 384369.612154 6670209.590172, 384365.456410 6670201.663867)

LINESTRING (384490.721692 6670358.550140, 384492.233811 6670360.697932)

LINESTRING (384490.721692 6670358.550140, 384495.510465 6670355.902890)

LINESTRING (384490.721692 6670358.550140, 384482.116627 6670363.323658, 384479.266192 6670364.895697, 384471.589215 6670369.149637)

LINESTRING (384379.439671 6670201.467956, 384384.038958 6670199.149731, 384387.274904 6670198.523882, 384391.475734 6670199.249509, 384394.656504 6670200.397365)

LINESTRING (384365.456410 6670201.663867, 384363.257616 6670198.534789)

LINESTRING (384365.456410 6670201.663867, 384371.739690 6670196.194361)

LINESTRING (384365.456410 6670201.663867, 384364.229656 6670203.106760, 384363.084820 6670204.680803)

LINESTRING (384363.257616 6670198.534789, 384368.814723 6670193.645406)

LINESTRING (384363.257616 6670198.534789, 384360.664297 6670201.391555)

LINESTRING (384363.257616 6670198.534789, 384361.081722 6670195.427278, 384349.037705 6670173.797062, 384343.584380 6670161.197637)

LINESTRING (384371.739690 6670196.194361, 384365.456410 6670201.663867)

LINESTRING (384371.739690 6670196.194361, 384375.619084 6670199.058690, 384379.439671 6670201.467956)

LINESTRING (384371.739690 6670196.194361, 384374.266410 6670194.220112, 384379.582185 6670191.366639, 384382.323540 6670190.032000, 384385.806174 6670188.595972, 384388.086362 6670187.788526, 384392.002045 6670187.575874)

LINESTRING (384363.084820 6670204.680803, 384360.664297 6670201.391555)

LINESTRING (384363.084820 6670204.680803, 384364.229656 6670203.106760, 384365.456410 6670201.663867)

LINESTRING (384363.084820 6670204.680803, 384361.943142 6670207.235453, 384361.133278 6670211.150397, 384360.609640 6670215.156610, 384360.702433 6670218.274115, 384361.613147 6670221.254372, 384362.406043 6670223.669981, 384364.428272 6670226.838062)

LINESTRING (384371.073858 6670234.440646, 384367.108751 6670236.783461)

LINESTRING (384371.073858 6670234.440646, 384366.490125 6670229.325085)

LINESTRING (384392.002045 6670187.575874, 384388.086362 6670187.788526, 384385.806174 6670188.595972, 384382.323540 6670190.032000, 384379.582185 6670191.366639, 384374.266410 6670194.220112, 384371.739690 6670196.194361)

LINESTRING (384392.002045 6670187.575874, 384397.190821 6670189.150757, 384401.971316 6670191.696940, 384404.784455 6670195.809662)

LINESTRING (384367.108751 6670236.783461, 384363.891060 6670233.407915)

LINESTRING (384367.108751 6670236.783461, 384372.923205 6670242.696029)

LINESTRING (384367.108751 6670236.783461, 384360.571586 6670240.366440)

LINESTRING (384366.490125 6670229.325085, 384371.073858 6670234.440646)

LINESTRING (384366.490125 6670229.325085, 384364.428272 6670226.838062)

LINESTRING (384366.490125 6670229.325085, 384368.458084 6670225.841675, 384371.441110 6670221.601860, 384374.325225 6670217.220290)

LINESTRING (384658.370800 6670811.159395, 384662.053563 6670811.333243)

LINESTRING (384658.370800 6670811.159395, 384655.134580 6670863.294326)

LINESTRING (384408.995507 6670274.378568, 384414.134635 6670271.564145)

LINESTRING (384408.995507 6670274.378568, 384405.664319 6670268.811122, 384394.933464 6670250.048050, 384389.973912 6670245.345513, 384377.172055 6670242.127373, 384372.923205 6670242.696029)

LINESTRING (384408.995507 6670274.378568, 384454.553683 6670354.095617, 384466.736575 6670375.409714)

LINESTRING (384588.103285 6670596.513129, 384587.855706 6670595.707385, 384597.226066 6670590.553380)

LINESTRING (384597.226066 6670590.553380, 384599.840091 6670595.062555)

LINESTRING (384597.226066 6670590.553380, 384585.681511 6670570.589559, 384572.932235 6670548.713445, 384572.045489 6670547.192303)

LINESTRING (384597.226066 6670590.553380, 384587.855706 6670595.707385, 384588.103285 6670596.513129)

LINESTRING (384596.291360 6670597.035404, 384599.840091 6670595.062555)

LINESTRING (384466.736575 6670375.409714, 384501.277564 6670435.782415)

LINESTRING (384466.736575 6670375.409714, 384469.538737 6670373.716599)

LINESTRING (384466.736575 6670375.409714, 384454.553683 6670354.095617, 384408.995507 6670274.378568)

LINESTRING (384466.736575 6670375.409714, 384464.935545 6670376.257735, 384463.706737 6670376.753388)

LINESTRING (384501.277564 6670435.782415, 384466.736575 6670375.409714)

LINESTRING (384501.277564 6670435.782415, 384505.151750 6670442.547565)

LINESTRING (384501.277564 6670435.782415, 384504.635735 6670434.105237)

LINESTRING (384501.277564 6670435.782415, 384498.742759 6670437.143895, 384498.021400 6670437.523247)

LINESTRING (384469.538737 6670373.716599, 384472.988431 6670371.769044)

LINESTRING (384469.538737 6670373.716599, 384466.736575 6670375.409714)

LINESTRING (384469.538737 6670373.716599, 384468.209213 6670371.016986)

LINESTRING (384463.706737 6670376.753388, 384465.587725 6670380.204580, 384498.021400 6670437.523247)

LINESTRING (384463.706737 6670376.753388, 384456.118192 6670362.839221, 384452.568525 6670357.033448, 384443.653136 6670347.028235, 384421.904326 6670321.870110, 384408.398316 6670306.002901, 384397.041844 6670290.123665, 384390.106248 6670283.009396, 384384.061987 6670279.143477, 384378.632917 6670277.520475, 384373.089880 6670277.216115, 384368.239268 6670277.904060, 384360.877461 6670280.175728, 384350.793007 6670283.491731, 384344.496635 6670286.075294, 384338.704915 6670290.214305, 384325.333914 6670302.583042, 384311.573400 6670317.393605, 384297.990516 6670331.139900)

LINESTRING (384463.706737 6670376.753388, 384464.935545 6670376.257735, 384466.736575 6670375.409714)

LINESTRING (384463.706737 6670376.753388, 384438.882679 6670384.969263, 384370.914530 6670456.219220, 384369.545255 6670457.544023)

LINESTRING (384062.623162 6670827.996381, 384056.006933 6670823.770205)

LINESTRING (384062.623162 6670827.996381, 384068.854156 6670814.425928)

LINESTRING (384062.623162 6670827.996381, 384064.923729 6670829.428102, 384065.150632 6670829.576946, 384068.933375 6670832.031648, 384071.376895 6670833.592585)

LINESTRING (384055.842955 6670867.573078, 384057.876964 6670868.656605)

LINESTRING (384279.252386 6670483.551759, 384282.372816 6670487.721551)

LINESTRING (384279.252386 6670483.551759, 384270.153400 6670486.212810)

LINESTRING (384279.252386 6670483.551759, 384269.876053 6670452.621157, 384264.711224 6670436.312794, 384262.454081 6670422.186082, 384262.059790 6670410.051121)

LINESTRING (384273.290491 6670496.188308, 384283.977199 6670493.844903)

LINESTRING (384273.290491 6670496.188308, 384266.749297 6670498.746320)

LINESTRING (384273.290491 6670496.188308, 384270.153400 6670486.212810)

LINESTRING (384273.290491 6670496.188308, 384274.059763 6670500.142575)

LINESTRING (384193.335165 6670784.423413, 384184.292524 6670801.849303)

LINESTRING (384193.335165 6670784.423413, 384188.991433 6670782.320645)

LINESTRING (384193.335165 6670784.423413, 384196.404435 6670778.364157, 384207.468713 6670783.954538, 384210.328694 6670778.303107)

LINESTRING (384184.292524 6670801.849303, 384181.737144 6670806.766743)

LINESTRING (384184.292524 6670801.849303, 384193.335165 6670784.423413)

LINESTRING (384184.292524 6670801.849303, 384178.715585 6670798.515055)

LINESTRING (384188.991433 6670782.320645, 384187.324110 6670781.414913)

LINESTRING (384188.991433 6670782.320645, 384193.335165 6670784.423413)

LINESTRING (384188.991433 6670782.320645, 384196.862112 6670767.885076, 384197.296803 6670768.105373)

LINESTRING (384210.328694 6670778.303107, 384228.487913 6670743.315429)

LINESTRING (384210.328694 6670778.303107, 384215.340573 6670781.510378)

LINESTRING (384210.328694 6670778.303107, 384207.468713 6670783.954538, 384196.404435 6670778.364157, 384193.335165 6670784.423413)

LINESTRING (384570.294905 6670798.330326, 384568.737557 6670786.098268)

LINESTRING (384570.294905 6670798.330326, 384576.106945 6670798.559612)

LINESTRING (384570.294905 6670798.330326, 384564.565464 6670798.254469)

LINESTRING (384570.294905 6670798.330326, 384570.723719 6670801.715857, 384568.988364 6670833.565441, 384568.607862 6670840.531521)

LINESTRING (384424.415577 6670805.803224, 384425.088184 6670797.891776, 384424.767333 6670788.774630, 384423.030754 6670773.516989, 384421.510860 6670766.187328, 384419.821584 6670760.356360, 384418.395284 6670756.523090, 384415.644510 6670751.204810)

LINESTRING (384424.415577 6670805.803224, 384423.400595 6670814.483289, 384421.285580 6670824.390498, 384418.693712 6670831.682669, 384415.935866 6670839.347843, 384410.315413 6670853.645073, 384409.934547 6670854.426050)

LINESTRING (384424.415577 6670805.803224, 384499.895103 6670795.410809, 384526.110786 6670791.252517, 384557.059654 6670792.573230, 384568.737557 6670786.098268)

LINESTRING (384567.571991 6670861.961367, 384567.359339 6670866.849305)

LINESTRING (384567.571991 6670861.961367, 384556.536968 6670861.328262)

LINESTRING (384567.571991 6670861.961367, 384570.022778 6670862.173926, 384581.225964 6670862.679187)

LINESTRING (384567.571991 6670861.961367, 384567.741320 6670858.166942, 384568.361578 6670846.468091)

LINESTRING (384549.101844 6670883.806682, 384558.012731 6670884.194631)

LINESTRING (384549.101844 6670883.806682, 384549.609443 6670873.470988)

LINESTRING (384549.101844 6670883.806682, 384548.973047 6670886.418526, 384548.370555 6670900.089381, 384548.313460 6670901.450795, 384548.156244 6670905.099963, 384547.744084 6670914.585677, 384547.042893 6670930.588820)

LINESTRING (384546.302007 6670953.970800, 384546.489956 6670944.068662)

LINESTRING (384546.302007 6670953.970800, 384532.989530 6670960.731394)

LINESTRING (384546.302007 6670953.970800, 384552.629256 6670950.461582, 384580.698944 6670952.118319, 384584.483210 6670952.344608)

LINESTRING (384546.489956 6670944.068662, 384546.302007 6670953.970800)

LINESTRING (384546.489956 6670944.068662, 384533.665674 6670943.759472)

LINESTRING (384546.489956 6670944.068662, 384546.503419 6670942.909221, 384547.042893 6670930.588820)

LINESTRING (384546.489956 6670944.068662, 384552.971810 6670944.232222, 384557.311350 6670944.452135)

LINESTRING (384532.989530 6670960.731394, 384532.754424 6670966.667618)

LINESTRING (384532.989530 6670960.731394, 384546.302007 6670953.970800)

LINESTRING (384532.989530 6670960.731394, 384528.979923 6670962.696559, 384492.108440 6670960.582112, 384449.845738 6670931.590562, 384446.551837 6670928.596281)

LINESTRING (384532.754424 6670966.667618, 384532.642229 6670969.100631)

LINESTRING (384532.754424 6670966.667618, 384532.989530 6670960.731394)

LINESTRING (384532.754424 6670966.667618, 384528.865436 6670966.466971, 384525.176214 6670966.260033)

LINESTRING (384446.551837 6670928.596281, 384434.392377 6670916.609427)

LINESTRING (384446.551837 6670928.596281, 384443.015024 6670931.638783)

LINESTRING (384446.551837 6670928.596281, 384448.229190 6670926.125056)

LINESTRING (384446.551837 6670928.596281, 384449.845738 6670931.590562, 384492.108440 6670960.582112, 384528.979923 6670962.696559, 384532.989530 6670960.731394)

LINESTRING (384556.536968 6670861.328262, 384567.571991 6670861.961367)

LINESTRING (384556.536968 6670861.328262, 384556.774280 6670857.576272)

LINESTRING (384556.536968 6670861.328262, 384546.882363 6670860.785434, 384544.483971 6670860.649250)

LINESTRING (384581.225964 6670862.679187, 384585.103256 6670862.857973)

LINESTRING (384581.225964 6670862.679187, 384581.506704 6670859.070709)

LINESTRING (384581.225964 6670862.679187, 384570.022778 6670862.173926, 384567.571991 6670861.961367)

LINESTRING (384568.361578 6670846.468091, 384568.607862 6670840.531521)

LINESTRING (384568.361578 6670846.468091, 384570.916409 6670846.632796)

LINESTRING (384568.361578 6670846.468091, 384567.741320 6670858.166942, 384567.571991 6670861.961367)

LINESTRING (384111.269964 6670860.058223, 384141.870127 6670876.710046)

LINESTRING (384141.870127 6670876.710046, 384142.531260 6670866.347106)

LINESTRING (384141.870127 6670876.710046, 384127.803909 6670898.095175)

LINESTRING (384141.870127 6670876.710046, 384111.269964 6670860.058223)

LINESTRING (384141.870127 6670876.710046, 384144.319487 6670878.281989)

LINESTRING (384140.163888 6670884.587385, 384130.045643 6670899.952284)

LINESTRING (384140.163888 6670884.587385, 384144.319487 6670878.281989)

LINESTRING (384140.163888 6670884.587385, 384143.047842 6670886.201309, 384151.371854 6670890.864001, 384146.311564 6670899.828078, 384149.154407 6670910.860356, 384155.332742 6670913.718621, 384156.376495 6670911.768783)

LINESTRING (384228.968057 6670941.737929, 384242.249334 6670921.693040)

LINESTRING (384228.968057 6670941.737929, 384223.660997 6670949.751269)

LINESTRING (384228.968057 6670941.737929, 384248.684465 6670954.666732)

LINESTRING (384258.295863 6671024.896228, 384250.363602 6671037.193900)

LINESTRING (384258.295863 6671024.896228, 384266.037673 6671023.626428, 384270.829587 6671024.277489, 384272.786232 6671024.850929)

LINESTRING (384258.295863 6671024.896228, 384267.336667 6671011.114790, 384273.353204 6670996.370163, 384277.843487 6670995.559697)

LINESTRING (384250.363602 6671037.193900, 384244.168109 6671046.795499)

LINESTRING (384250.363602 6671037.193900, 384258.295863 6671024.896228)

LINESTRING (384250.363602 6671037.193900, 384253.358876 6671039.172153)

LINESTRING (384272.786232 6671024.850929, 384276.852448 6671020.287037)

LINESTRING (384272.786232 6671024.850929, 384270.829587 6671024.277489, 384266.037673 6671023.626428, 384258.295863 6671024.896228)

LINESTRING (384272.786232 6671024.850929, 384282.303815 6671026.166312, 384292.201357 6671026.321846, 384296.588610 6671024.712256, 384302.165744 6671020.501887)

LINESTRING (384277.843487 6670995.559697, 384281.677398 6670986.980011, 384280.100732 6670986.127101, 384278.800540 6670985.410338, 384283.082059 6670977.284585, 384276.489132 6670973.603374)

LINESTRING (384277.843487 6670995.559697, 384281.602228 6670995.329558, 384285.785785 6670995.007997, 384290.564475 6670996.294736, 384294.158778 6670995.958357, 384296.433185 6670995.864256)

LINESTRING (384277.843487 6670995.559697, 384273.353204 6670996.370163, 384267.336667 6671011.114790, 384258.295863 6671024.896228)

LINESTRING (384228.487913 6670743.315429, 384210.328694 6670778.303107)

LINESTRING (384228.487913 6670743.315429, 384235.300137 6670730.183854)

LINESTRING (384228.487913 6670743.315429, 384224.989662 6670741.776564)

LINESTRING (384215.340573 6670781.510378, 384255.218120 6670802.227527)

LINESTRING (384215.340573 6670781.510378, 384210.328694 6670778.303107)

LINESTRING (384215.340573 6670781.510378, 384240.617867 6670732.345069)

LINESTRING (384215.340573 6670781.510378, 384210.143809 6670791.615396, 384198.789153 6670785.800150, 384185.375689 6670811.867351)

LINESTRING (384342.813543 6670685.543899, 384338.343604 6670687.891555)

LINESTRING (384342.813543 6670685.543899, 384340.150558 6670679.843988, 384336.299233 6670671.518069, 384332.624320 6670666.318164, 384328.680207 6670661.037604)

LINESTRING (384342.813543 6670685.543899, 384345.539178 6670690.940935, 384348.831141 6670697.033343, 384351.901388 6670702.085176, 384355.983955 6670707.706867, 384360.049995 6670711.924887, 384363.117815 6670714.435880, 384370.162853 6670719.406893, 384378.790592 6670724.539730, 384389.940777 6670730.217101, 384394.164320 6670732.914549, 384402.470689 6670737.723245, 384409.670510 6670744.082498, 384415.644510 6670751.204810)

LINESTRING (384342.813543 6670685.543899, 384346.040050 6670684.104750, 384348.287721 6670689.494582)

LINESTRING (384338.343604 6670687.891555, 384342.813543 6670685.543899)

LINESTRING (384338.343604 6670687.891555, 384334.904291 6670727.295290, 384335.210959 6670741.940513)

LINESTRING (384338.343604 6670687.891555, 384335.872637 6670679.299186, 384327.419729 6670664.398421, 384328.680207 6670661.037604)

LINESTRING (384328.680207 6670661.037604, 384330.819884 6670655.787923)

LINESTRING (384328.680207 6670661.037604, 384326.424022 6670657.843500, 384321.002447 6670652.921622, 384314.302902 6670647.638892, 384305.027407 6670641.880267, 384287.753468 6670634.568789)

LINESTRING (384328.680207 6670661.037604, 384332.624320 6670666.318164, 384336.299233 6670671.518069, 384340.150558 6670679.843988, 384342.813543 6670685.543899)

LINESTRING (384328.680207 6670661.037604, 384327.419729 6670664.398421, 384335.872637 6670679.299186, 384338.343604 6670687.891555)

LINESTRING (384348.287721 6670689.494582, 384346.040050 6670684.104750, 384342.813543 6670685.543899)

LINESTRING (384335.210959 6670741.940513, 384324.452196 6670771.545308)

LINESTRING (384335.210959 6670741.940513, 384337.779728 6670742.895873, 384336.607363 6670746.231618)

LINESTRING (384335.210959 6670741.940513, 384334.904291 6670727.295290, 384338.343604 6670687.891555)

LINESTRING (384336.607363 6670746.231618, 384332.126830 6670758.977357)

LINESTRING (384336.607363 6670746.231618, 384340.400029 6670747.772441)

LINESTRING (384336.607363 6670746.231618, 384337.779728 6670742.895873, 384335.210959 6670741.940513)

LINESTRING (384133.051301 6670902.253306, 384130.045643 6670899.952284)

LINESTRING (384130.045643 6670899.952284, 384119.483183 6670916.022216)

LINESTRING (384130.045643 6670899.952284, 384140.163888 6670884.587385)

LINESTRING (384130.045643 6670899.952284, 384127.803909 6670898.095175)

LINESTRING (384130.045643 6670899.952284, 384133.051301 6670902.253306)

LINESTRING (384167.736809 6670927.613700, 384167.274091 6670928.263558)

LINESTRING (384191.602492 6670891.665309, 384186.853578 6670898.357166)

LINESTRING (384191.602492 6670891.665309, 384155.392056 6670872.894672)

LINESTRING (384191.602492 6670891.665309, 384217.763160 6670905.660785, 384225.297793 6670910.660623)

LINESTRING (384186.853578 6670898.357166, 384191.602492 6670891.665309)

LINESTRING (384225.297793 6670910.660623, 384228.694865 6670904.078391)

LINESTRING (384225.297793 6670910.660623, 384217.763160 6670905.660785, 384191.602492 6670891.665309)

LINESTRING (384225.297793 6670910.660623, 384230.900239 6670914.105573, 384237.104953 6670917.977282)

LINESTRING (384119.483183 6670916.022216, 384130.045643 6670899.952284)

LINESTRING (384119.483183 6670916.022216, 384116.542776 6670914.554974)

LINESTRING (384119.483183 6670916.022216, 384118.762644 6670917.126011, 384099.084360 6670947.225376)

LINESTRING (384127.803909 6670898.095175, 384141.870127 6670876.710046)

LINESTRING (384127.803909 6670898.095175, 384116.542776 6670914.554974)

LINESTRING (384127.803909 6670898.095175, 384130.045643 6670899.952284)

LINESTRING (384127.803909 6670898.095175, 384115.533138 6670890.882672, 384101.567463 6670890.499632, 384057.876964 6670868.656605)

LINESTRING (384237.104953 6670917.977282, 384238.814446 6670919.516935)

LINESTRING (384237.104953 6670917.977282, 384224.472118 6670938.503203)

LINESTRING (384237.104953 6670917.977282, 384230.900239 6670914.105573, 384225.297793 6670910.660623)

LINESTRING (384242.249334 6670921.693040, 384228.968057 6670941.737929)

LINESTRING (384242.249334 6670921.693040, 384245.767874 6670916.845518)

LINESTRING (384242.249334 6670921.693040, 384253.823788 6670929.206556)

LINESTRING (384242.249334 6670921.693040, 384238.814446 6670919.516935)

LINESTRING (384300.337537 6670520.765961, 384301.824991 6670519.314810)

LINESTRING (384301.824991 6670519.314810, 384307.074255 6670520.531018)

LINESTRING (384301.824991 6670519.314810, 384300.337537 6670520.765961)

LINESTRING (384301.824991 6670519.314810, 384299.998100 6670513.532808, 384294.236577 6670513.335779, 384290.954122 6670513.183082, 384288.552677 6670512.957997, 384286.046562 6670512.936817)

LINESTRING (384283.977199 6670493.844903, 384327.631525 6670485.234212)

LINESTRING (384283.977199 6670493.844903, 384273.290491 6670496.188308)

LINESTRING (384283.977199 6670493.844903, 384285.614376 6670499.599454)

LINESTRING (384283.977199 6670493.844903, 384282.372816 6670487.721551)

LINESTRING (384266.749297 6670498.746320, 384273.290491 6670496.188308)

LINESTRING (384266.749297 6670498.746320, 384263.237149 6670500.116541)

LINESTRING (384266.749297 6670498.746320, 384264.131187 6670488.141496)

LINESTRING (384266.749297 6670498.746320, 384268.743790 6670507.019364)

LINESTRING (384274.059763 6670500.142575, 384283.226671 6670504.912712)

LINESTRING (384274.059763 6670500.142575, 384275.194735 6670506.002134)

LINESTRING (384274.059763 6670500.142575, 384273.290491 6670496.188308)

LINESTRING (384478.170786 6670710.317139, 384485.210595 6670710.897641)

LINESTRING (384485.210595 6670710.897641, 384478.170786 6670710.317139)

LINESTRING (384485.210595 6670710.897641, 384516.167597 6670712.630123)

LINESTRING (384485.210595 6670710.897641, 384487.762198 6670714.305412)

LINESTRING (384485.210595 6670710.897641, 384485.511212 6670704.925916)

LINESTRING (384546.903571 6670714.224951, 384516.167597 6670712.630123)

LINESTRING (384516.167597 6670712.630123, 384485.210595 6670710.897641)

LINESTRING (384516.167597 6670712.630123, 384546.903571 6670714.224951)

LINESTRING (384516.167597 6670712.630123, 384515.980666 6670716.569982)

LINESTRING (384391.145411 6670766.643593, 384395.143651 6670764.489187, 384399.101156 6670761.923729)

LINESTRING (384399.101156 6670761.923729, 384415.644510 6670751.204810)

LINESTRING (384399.101156 6670761.923729, 384395.143651 6670764.489187, 384391.145411 6670766.643593)

LINESTRING (384399.101156 6670761.923729, 384393.759346 6670756.352862, 384374.814333 6670744.647097, 384359.091780 6670739.125189)

LINESTRING (384459.404806 6671012.086067, 384457.863920 6671013.070780)

LINESTRING (384457.863920 6671013.070780, 384472.264917 6671022.524117)

LINESTRING (384457.863920 6671013.070780, 384449.588858 6671007.648057)

LINESTRING (384457.863920 6671013.070780, 384459.404806 6671012.086067)

LINESTRING (384524.980886 6670969.932693, 384525.176214 6670966.260033)

LINESTRING (384525.176214 6670966.260033, 384505.873434 6670965.185531)

LINESTRING (384525.176214 6670966.260033, 384524.980886 6670969.932693)

LINESTRING (384525.176214 6670966.260033, 384528.865436 6670966.466971, 384532.754424 6670966.667618)

LINESTRING (384249.586289 6670894.057147, 384251.945158 6670889.424572)

LINESTRING (384249.586289 6670894.057147, 384244.361137 6670891.302350)

LINESTRING (384249.586289 6670894.057147, 384256.642151 6670897.968873)

LINESTRING (384251.945158 6670889.424572, 384249.586289 6670894.057147)

LINESTRING (384251.945158 6670889.424572, 384253.294220 6670886.763023)

LINESTRING (384251.945158 6670889.424572, 384252.749751 6670890.101258)

LINESTRING (384244.361137 6670891.302350, 384240.997946 6670897.727474)

LINESTRING (384244.361137 6670891.302350, 384249.586289 6670894.057147)

LINESTRING (384244.361137 6670891.302350, 384237.226934 6670887.549143)

LINESTRING (384244.361137 6670891.302350, 384277.337092 6670829.300909, 384278.490716 6670826.957587)

LINESTRING (384256.642151 6670897.968873, 384252.934896 6670904.404852)

LINESTRING (384256.642151 6670897.968873, 384261.697292 6670900.617612)

LINESTRING (384256.642151 6670897.968873, 384249.586289 6670894.057147)

LINESTRING (384350.503176 6670617.108609, 384345.744573 6670629.851949)

LINESTRING (384350.503176 6670617.108609, 384351.877070 6670612.763515)

LINESTRING (384350.503176 6670617.108609, 384344.523896 6670614.934674)

LINESTRING (384350.503176 6670617.108609, 384355.514498 6670619.591706)

LINESTRING (384345.744573 6670629.851949, 384351.343503 6670631.592111)

LINESTRING (384345.744573 6670629.851949, 384344.490807 6670632.722193)

LINESTRING (384345.744573 6670629.851949, 384350.503176 6670617.108609)

LINESTRING (384351.877070 6670612.763515, 384357.997613 6670613.428510)

LINESTRING (384351.877070 6670612.763515, 384350.503176 6670617.108609)

LINESTRING (384351.877070 6670612.763515, 384352.287292 6670607.278667, 384355.172637 6670561.573570, 384355.077439 6670558.556440, 384354.273974 6670552.987300)

LINESTRING (384344.523896 6670614.934674, 384342.302971 6670620.955873)

LINESTRING (384344.523896 6670614.934674, 384350.503176 6670617.108609)

LINESTRING (384344.523896 6670614.934674, 384345.607037 6670612.114392, 384348.193248 6670568.023519)

LINESTRING (384355.514498 6670619.591706, 384350.503176 6670617.108609)

LINESTRING (384355.514498 6670619.591706, 384351.343503 6670631.592111)

LINESTRING (384355.514498 6670619.591706, 384356.504782 6670617.877654, 384357.537572 6670617.510734)

LINESTRING (384354.273974 6670552.987300, 384359.754778 6670552.212571)

LINESTRING (384354.273974 6670552.987300, 384348.094961 6670553.817502)

LINESTRING (384354.273974 6670552.987300, 384355.077439 6670558.556440, 384355.172637 6670561.573570, 384352.287292 6670607.278667, 384351.877070 6670612.763515)

LINESTRING (384354.273974 6670552.987300, 384352.484189 6670544.328848, 384351.528701 6670539.399737)

LINESTRING (384359.754778 6670552.212571, 384354.273974 6670552.987300)

LINESTRING (384359.754778 6670552.212571, 384360.833690 6670561.406097, 384358.351790 6670609.160172, 384357.997613 6670613.428510)

LINESTRING (384359.754778 6670552.212571, 384358.400485 6670543.975008, 384349.560967 6670498.517281)

LINESTRING (384359.754778 6670552.212571, 384367.492494 6670551.132612, 384372.222403 6670551.384589)

LINESTRING (384348.094961 6670553.817502, 384348.193248 6670568.023519)

LINESTRING (384348.094961 6670553.817502, 384354.273974 6670552.987300)

LINESTRING (384348.094961 6670553.817502, 384334.994335 6670555.534807, 384332.164259 6670555.456954)

LINESTRING (384348.094961 6670553.817502, 384347.503363 6670548.977209, 384346.103376 6670540.172727)

LINESTRING (384351.528701 6670539.399737, 384345.911290 6670509.966303)

LINESTRING (384351.528701 6670539.399737, 384346.103376 6670540.172727)

LINESTRING (384351.528701 6670539.399737, 384352.484189 6670544.328848, 384354.273974 6670552.987300)

LINESTRING (384304.918938 6670836.933249, 384294.857334 6670833.004881)

LINESTRING (384304.918938 6670836.933249, 384306.072909 6670833.720660)

LINESTRING (384304.918938 6670836.933249, 384306.599616 6670837.560000, 384317.847483 6670841.762997)

LINESTRING (384304.918938 6670836.933249, 384303.016358 6670842.298056, 384301.335159 6670846.229390, 384301.252346 6670846.421459, 384300.849027 6670847.370323, 384300.776610 6670847.539776, 384299.131800 6670851.391951, 384298.680371 6670852.576367)

LINESTRING (384294.857334 6670833.004881, 384304.918938 6670836.933249)

LINESTRING (384294.857334 6670833.004881, 384282.624498 6670828.220110, 384281.455856 6670831.143415, 384280.906928 6670832.230613, 384255.761898 6670881.881837)

LINESTRING (384294.857334 6670833.004881, 384292.867135 6670837.001696, 384291.655276 6670839.436009)

LINESTRING (384317.847483 6670841.762997, 384338.364846 6670849.440276)

LINESTRING (384317.847483 6670841.762997, 384315.419945 6670846.687447)

LINESTRING (384317.847483 6670841.762997, 384306.599616 6670837.560000, 384304.918938 6670836.933249)

LINESTRING (384298.680371 6670852.576367, 384297.310494 6670856.163542)

LINESTRING (384298.680371 6670852.576367, 384289.511606 6670848.775849)

LINESTRING (384298.680371 6670852.576367, 384299.131800 6670851.391951, 384300.776610 6670847.539776, 384300.849027 6670847.370323, 384301.252346 6670846.421459, 384301.335159 6670846.229390, 384303.016358 6670842.298056, 384304.918938 6670836.933249)

LINESTRING (384317.555576 6670892.345572, 384327.570054 6670906.929544)

LINESTRING (384317.555576 6670892.345572, 384322.676339 6670886.868043, 384322.724375 6670878.887125)

LINESTRING (384317.555576 6670892.345572, 384316.501338 6670890.974655, 384313.182464 6670886.666235, 384312.307629 6670885.523688)

LINESTRING (384327.570054 6670906.929544, 384334.737385 6670917.368524)

LINESTRING (384327.570054 6670906.929544, 384317.555576 6670892.345572)

LINESTRING (384327.570054 6670906.929544, 384329.145655 6670905.988258)

LINESTRING (384322.724375 6670878.887125, 384346.323370 6670880.371175)

LINESTRING (384322.724375 6670878.887125, 384322.676339 6670886.868043, 384317.555576 6670892.345572)

LINESTRING (384322.724375 6670878.887125, 384322.740899 6670876.067066, 384318.202412 6670869.724277)

LINESTRING (384312.307629 6670885.523688, 384310.903346 6670886.437283)

LINESTRING (384312.307629 6670885.523688, 384311.415444 6670884.359400, 384309.446189 6670881.980939, 384305.929987 6670877.756765, 384294.126284 6670862.103750)

LINESTRING (384312.307629 6670885.523688, 384313.182464 6670886.666235, 384316.501338 6670890.974655, 384317.555576 6670892.345572)

LINESTRING (384334.737385 6670917.368524, 384327.570054 6670906.929544)

LINESTRING (384334.737385 6670917.368524, 384333.086573 6670919.270601)

LINESTRING (384334.737385 6670917.368524, 384344.889169 6670904.098315, 384353.854286 6670898.811550)

LINESTRING (384333.086573 6670919.270601, 384334.737385 6670917.368524)

LINESTRING (384333.086573 6670919.270601, 384323.900024 6670929.858008)

LINESTRING (384333.086573 6670919.270601, 384326.848895 6670915.934706)

LINESTRING (384353.854286 6670898.811550, 384376.825987 6670880.066194)

LINESTRING (384353.854286 6670898.811550, 384353.497780 6670903.180265, 384351.043963 6670913.432550)

LINESTRING (384353.854286 6670898.811550, 384344.889169 6670904.098315, 384334.737385 6670917.368524)

LINESTRING (384190.151060 6670690.866242, 384178.212266 6670707.358366)

LINESTRING (384178.212266 6670707.358366, 384190.151060 6670690.866242)

LINESTRING (384178.212266 6670707.358366, 384174.981301 6670711.817947)

LINESTRING (384178.212266 6670707.358366, 384192.036568 6670732.252794)

LINESTRING (384174.981301 6670711.817947, 384178.212266 6670707.358366)

LINESTRING (384174.981301 6670711.817947, 384153.922669 6670729.055311)

LINESTRING (384174.981301 6670711.817947, 384162.433830 6670695.163533)

LINESTRING (384153.922669 6670729.055311, 384174.981301 6670711.817947)

LINESTRING (384153.922669 6670729.055311, 384137.870457 6670742.991797, 384132.380133 6670745.739738)

LINESTRING (384153.922669 6670729.055311, 384166.537570 6670743.099766, 384181.350773 6670750.421562)

LINESTRING (384162.433830 6670695.163533, 384171.034578 6670687.302342)

LINESTRING (384162.433830 6670695.163533, 384174.981301 6670711.817947)

LINESTRING (384162.433830 6670695.163533, 384155.959768 6670701.765068)

LINESTRING (384181.350773 6670750.421562, 384192.036568 6670732.252794)

LINESTRING (384181.350773 6670750.421562, 384166.537570 6670743.099766, 384153.922669 6670729.055311)

LINESTRING (384181.350773 6670750.421562, 384183.098329 6670753.865687, 384186.691871 6670755.958723)

LINESTRING (384192.036568 6670732.252794, 384181.350773 6670750.421562)

LINESTRING (384192.036568 6670732.252794, 384178.212266 6670707.358366)

LINESTRING (384192.036568 6670732.252794, 384200.279614 6670732.059195, 384205.571528 6670733.051011)

LINESTRING (384186.691871 6670755.958723, 384183.098329 6670753.865687, 384181.350773 6670750.421562)

LINESTRING (384205.571528 6670733.051011, 384200.279614 6670732.059195, 384192.036568 6670732.252794)

LINESTRING (384205.571528 6670733.051011, 384206.694706 6670733.260701, 384210.103908 6670734.969530)

LINESTRING (384205.571528 6670733.051011, 384204.385989 6670736.142042, 384208.240553 6670737.881375, 384206.665577 6670741.129587)

LINESTRING (384235.300137 6670730.183854, 384228.487913 6670743.315429)

LINESTRING (384235.300137 6670730.183854, 384242.091622 6670717.097526)

LINESTRING (384235.300137 6670730.183854, 384240.617867 6670732.345069)

LINESTRING (384224.989662 6670741.776564, 384228.487913 6670743.315429)

LINESTRING (384224.989662 6670741.776564, 384221.996362 6670747.253882)

LINESTRING (384224.989662 6670741.776564, 384238.713332 6670715.487991)

LINESTRING (384224.989662 6670741.776564, 384224.126608 6670741.536362, 384212.926117 6670736.384862, 384210.103908 6670734.969530)

LINESTRING (384132.380133 6670745.739738, 384136.048649 6670748.621611)

LINESTRING (384132.380133 6670745.739738, 384130.214056 6670744.169988, 384121.596239 6670737.956398, 384110.977107 6670730.290467)

LINESTRING (384132.380133 6670745.739738, 384137.870457 6670742.991797, 384153.922669 6670729.055311)

LINESTRING (384136.048649 6670748.621611, 384132.380133 6670745.739738)

LINESTRING (384136.048649 6670748.621611, 384145.001198 6670755.760784)

LINESTRING (384136.048649 6670748.621611, 384133.364866 6670753.342545)

LINESTRING (384110.977107 6670730.290467, 384108.907817 6670728.795680)

LINESTRING (384110.977107 6670730.290467, 384121.596239 6670737.956398, 384130.214056 6670744.169988, 384132.380133 6670745.739738)

LINESTRING (384110.977107 6670730.290467, 384119.548237 6670722.552673, 384123.902315 6670718.302707)

LINESTRING (384197.811198 6670765.046690, 384197.296803 6670768.105373)

LINESTRING (384197.296803 6670768.105373, 384197.811198 6670765.046690)

LINESTRING (384197.296803 6670768.105373, 384196.862112 6670767.885076, 384188.991433 6670782.320645)

LINESTRING (384197.296803 6670768.105373, 384208.458458 6670773.436360, 384221.996362 6670747.253882)

LINESTRING (384472.988431 6670371.769044, 384471.589215 6670369.149637)

LINESTRING (384472.988431 6670371.769044, 384477.728915 6670369.000703)

LINESTRING (384472.988431 6670371.769044, 384469.538737 6670373.716599)

LINESTRING (384471.589215 6670369.149637, 384468.209213 6670371.016986)

LINESTRING (384471.589215 6670369.149637, 384470.974819 6670367.987697, 384469.553271 6670365.012374, 384468.461499 6670361.748048, 384466.552162 6670354.753832, 384465.122405 6670351.165828, 384462.947981 6670346.865768, 384418.241577 6670269.138896)

LINESTRING (384471.589215 6670369.149637, 384479.266192 6670364.895697, 384482.116627 6670363.323658, 384490.721692 6670358.550140)

LINESTRING (384477.728915 6670369.000703, 384472.988431 6670371.769044)

LINESTRING (384477.728915 6670369.000703, 384479.229781 6670371.672631)

LINESTRING (384477.728915 6670369.000703, 384480.707283 6670367.257466, 384483.486268 6670365.709969, 384487.179762 6670363.565290)

LINESTRING (384492.233811 6670360.697932, 384496.864376 6670357.966515)

LINESTRING (384492.233811 6670360.697932, 384487.179762 6670363.565290)

LINESTRING (384492.233811 6670360.697932, 384494.567073 6670364.045731, 384496.672429 6670367.389567, 384499.122324 6670371.970720)

LINESTRING (384496.864376 6670357.966515, 384492.233811 6670360.697932)

LINESTRING (384496.864376 6670357.966515, 384500.426089 6670355.870580)

LINESTRING (384496.864376 6670357.966515, 384499.473887 6670362.676370, 384506.081141 6670374.192064)

LINESTRING (384487.179762 6670363.565290, 384492.233811 6670360.697932)

LINESTRING (384487.179762 6670363.565290, 384488.902399 6670366.575708)

LINESTRING (384487.179762 6670363.565290, 384483.486268 6670365.709969, 384480.707283 6670367.257466, 384477.728915 6670369.000703)

LINESTRING (384499.122324 6670371.970720, 384506.081141 6670374.192064)

LINESTRING (384499.122324 6670371.970720, 384511.206078 6670394.380226, 384531.278300 6670428.072530)

LINESTRING (384372.923205 6670242.696029, 384367.108751 6670236.783461)

LINESTRING (384372.923205 6670242.696029, 384377.172055 6670242.127373, 384389.973912 6670245.345513, 384394.933464 6670250.048050, 384405.664319 6670268.811122, 384408.995507 6670274.378568)

LINESTRING (384372.923205 6670242.696029, 384370.205638 6670244.431125, 384360.425324 6670254.925639, 384342.215798 6670274.534794, 384324.112755 6670292.758781, 384301.405307 6670317.703400, 384295.195740 6670326.201992)

LINESTRING (384364.428272 6670226.838062, 384366.490125 6670229.325085)

LINESTRING (384364.428272 6670226.838062, 384362.406043 6670223.669981, 384361.613147 6670221.254372, 384360.702433 6670218.274115, 384360.609640 6670215.156610, 384361.133278 6670211.150397, 384361.943142 6670207.235453, 384363.084820 6670204.680803)

LINESTRING (384389.962325 6670179.449074, 384387.121893 6670181.165741)

LINESTRING (384389.962325 6670179.449074, 384392.638565 6670182.919731, 384394.050714 6670183.655302, 384397.264514 6670184.969285, 384401.955306 6670186.961078, 384404.711071 6670189.782860, 384408.358437 6670193.746689)

LINESTRING (384389.962325 6670179.449074, 384387.417236 6670176.966134, 384334.094707 6670084.065772)

LINESTRING (384387.121893 6670181.165741, 384389.962325 6670179.449074)

LINESTRING (384387.121893 6670181.165741, 384389.128024 6670184.880419, 384392.002045 6670187.575874)

LINESTRING (384387.121893 6670181.165741, 384379.745101 6670185.610992, 384377.124163 6670187.064423, 384371.986625 6670189.756255)

LINESTRING (384408.358437 6670193.746689, 384412.132698 6670200.325453)

LINESTRING (384408.358437 6670193.746689, 384404.711071 6670189.782860, 384401.955306 6670186.961078, 384397.264514 6670184.969285, 384394.050714 6670183.655302, 384392.638565 6670182.919731, 384389.962325 6670179.449074)

LINESTRING (384334.094707 6670084.065772, 384332.045615 6670085.155712)

LINESTRING (384334.094707 6670084.065772, 384387.417236 6670176.966134, 384389.962325 6670179.449074)

LINESTRING (384412.132698 6670200.325453, 384409.181955 6670202.948277)

LINESTRING (384412.132698 6670200.325453, 384416.042525 6670207.680052)

LINESTRING (384412.132698 6670200.325453, 384408.358437 6670193.746689)

LINESTRING (384409.181955 6670202.948277, 384413.839078 6670211.449470)

LINESTRING (384409.181955 6670202.948277, 384406.123019 6670205.663671, 384404.388489 6670208.270435, 384402.363229 6670211.699910)

LINESTRING (384416.042525 6670207.680052, 384412.132698 6670200.325453)

LINESTRING (384416.042525 6670207.680052, 384414.747462 6670209.247670, 384413.839078 6670211.449470)

LINESTRING (384416.042525 6670207.680052, 384420.088171 6670213.704190, 384421.558660 6670215.585804, 384423.317788 6670219.397441, 384424.265944 6670223.390670, 384424.551651 6670227.694541, 384425.190615 6670231.396621, 384426.862552 6670234.910110, 384436.009373 6670250.836813, 384449.160896 6670273.257056, 384470.763090 6670311.035411, 384482.833254 6670332.297393, 384487.029058 6670338.862938, 384490.426380 6670342.656410, 384495.563306 6670348.412200, 384497.117371 6670350.480661, 384500.426089 6670355.870580)

LINESTRING (384317.610288 6670116.815552, 384313.206249 6670119.161129)

LINESTRING (384317.610288 6670116.815552, 384330.527255 6670138.808186, 384343.584380 6670161.197637)

LINESTRING (384313.206249 6670119.161129, 384310.428750 6670120.407803)

LINESTRING (384313.206249 6670119.161129, 384317.610288 6670116.815552)

LINESTRING (384343.584380 6670161.197637, 384339.626865 6670165.367921)

LINESTRING (384343.584380 6670161.197637, 384347.785324 6670165.623153, 384352.892568 6670171.479996, 384362.351516 6670186.895189, 384364.620294 6670189.776882, 384367.055370 6670192.118401, 384368.814723 6670193.645406)

LINESTRING (384343.584380 6670161.197637, 384330.527255 6670138.808186, 384317.610288 6670116.815552)

LINESTRING (384339.626865 6670165.367921, 384337.129368 6670166.683753)

LINESTRING (384339.626865 6670165.367921, 384343.584380 6670161.197637)

LINESTRING (384339.626865 6670165.367921, 384330.252007 6670148.924843, 384313.206249 6670119.161129)

LINESTRING (384368.814723 6670193.645406, 384371.739690 6670196.194361)

LINESTRING (384368.814723 6670193.645406, 384371.986625 6670189.756255)

LINESTRING (384368.814723 6670193.645406, 384363.257616 6670198.534789)

LINESTRING (384500.426089 6670355.870580, 384496.864376 6670357.966515)

LINESTRING (384500.426089 6670355.870580, 384506.016083 6670365.780105, 384511.889573 6670376.048470)

LINESTRING (384500.426089 6670355.870580, 384497.117371 6670350.480661, 384495.563306 6670348.412200, 384490.426380 6670342.656410, 384487.029058 6670338.862938, 384482.833254 6670332.297393, 384470.763090 6670311.035411, 384449.160896 6670273.257056, 384436.009373 6670250.836813, 384426.862552 6670234.910110, 384425.190615 6670231.396621, 384424.551651 6670227.694541, 384424.265944 6670223.390670, 384423.317788 6670219.397441, 384421.558660 6670215.585804, 384420.088171 6670213.704190, 384416.042525 6670207.680052)

LINESTRING (384506.081141 6670374.192064, 384511.889573 6670376.048470)

LINESTRING (384506.081141 6670374.192064, 384510.086657 6670381.421147, 384518.275057 6670395.338805, 384525.926270 6670408.783051, 384535.794421 6670425.589940)

LINESTRING (384511.889573 6670376.048470, 384516.588892 6670378.497048, 384530.897026 6670386.872623, 384539.222750 6670397.921893)

LINESTRING (384511.889573 6670376.048470, 384513.787867 6670379.521428, 384521.552580 6670393.040101, 384538.643925 6670422.402039)

LINESTRING (384511.889573 6670376.048470, 384506.016083 6670365.780105, 384500.426089 6670355.870580)

LINESTRING (384538.643925 6670422.402039, 384539.421633 6670423.458545)

LINESTRING (384538.643925 6670422.402039, 384521.552580 6670393.040101, 384513.787867 6670379.521428, 384511.889573 6670376.048470)

LINESTRING (384538.643925 6670422.402039, 384543.664689 6670419.714109, 384544.715088 6670419.903909, 384545.914008 6670421.281480, 384547.227768 6670421.719306, 384552.581824 6670418.853724)

LINESTRING (384554.019361 6670418.106350, 384552.581824 6670418.853724)

LINESTRING (384505.151750 6670442.547565, 384501.277564 6670435.782415)

LINESTRING (384505.151750 6670442.547565, 384507.144018 6670446.006413)

LINESTRING (384505.151750 6670442.547565, 384508.403002 6670440.650872)

LINESTRING (384508.403002 6670440.650872, 384511.586668 6670438.901188)

LINESTRING (384508.403002 6670440.650872, 384505.151750 6670442.547565)

LINESTRING (384508.403002 6670440.650872, 384506.979242 6670438.132526, 384504.635735 6670434.105237)

LINESTRING (384511.586668 6670438.901188, 384507.889513 6670432.464785)

LINESTRING (384511.586668 6670438.901188, 384508.403002 6670440.650872)

LINESTRING (384511.586668 6670438.901188, 384515.976870 6670436.478263)

LINESTRING (384507.889513 6670432.464785, 384504.635735 6670434.105237)

LINESTRING (384507.889513 6670432.464785, 384492.448234 6670405.580757, 384482.590103 6670388.394749, 384472.988431 6670371.769044)

LINESTRING (384515.976870 6670436.478263, 384511.586668 6670438.901188)

LINESTRING (384515.976870 6670436.478263, 384514.284489 6670433.544891)

LINESTRING (384515.976870 6670436.478263, 384519.581221 6670434.503588, 384522.005739 6670433.167886, 384525.937478 6670431.004594)

LINESTRING (384464.513955 6670898.062655, 384469.300865 6670901.723126)

LINESTRING (384469.300865 6670901.723126, 384464.513955 6670898.062655)

LINESTRING (384469.300865 6670901.723126, 384488.270862 6670912.670729)

LINESTRING (384469.300865 6670901.723126, 384470.479436 6670899.992022, 384476.427715 6670892.036862, 384481.975509 6670877.719742)

LINESTRING (384469.300865 6670901.723126, 384468.087596 6670903.410746, 384458.574714 6670913.350566, 384449.452648 6670922.999479, 384448.229190 6670926.125056)

LINESTRING (384310.621925 6670979.223450, 384312.793007 6670981.662404)

LINESTRING (384310.621925 6670979.223450, 384306.511683 6670982.395638, 384302.876056 6670985.118214, 384300.281274 6670987.908232, 384299.241136 6670990.325978, 384298.448874 6670992.501865, 384298.108295 6670995.789078)

LINESTRING (384310.621925 6670979.223450, 384315.793415 6670974.301524, 384319.772623 6670968.737434, 384329.670011 6670956.389045)

LINESTRING (384310.621925 6670979.223450, 384306.263255 6670974.702687, 384302.337438 6670976.854915, 384299.045752 6670978.507916, 384296.796921 6670976.773523)

LINESTRING (384312.793007 6670981.662404, 384310.621925 6670979.223450)

LINESTRING (384312.793007 6670981.662404, 384307.498728 6670985.685513, 384304.823997 6670988.054564, 384302.372787 6670990.817758, 384301.715885 6670993.234548, 384301.946481 6670995.612174)

LINESTRING (384312.793007 6670981.662404, 384318.486813 6670976.746282, 384324.067044 6670971.399123, 384331.487822 6670957.490687)

LINESTRING (384298.108295 6670995.789078, 384301.946481 6670995.612174)

LINESTRING (384298.108295 6670995.789078, 384296.433185 6670995.864256)

LINESTRING (384298.108295 6670995.789078, 384298.338968 6670998.345012, 384299.485534 6671001.585271, 384300.378575 6671004.008848)

LINESTRING (384298.108295 6670995.789078, 384298.448874 6670992.501865, 384299.241136 6670990.325978, 384300.281274 6670987.908232, 384302.876056 6670985.118214, 384306.511683 6670982.395638, 384310.621925 6670979.223450)

LINESTRING (384329.670011 6670956.389045, 384331.487822 6670957.490687)

LINESTRING (384329.670011 6670956.389045, 384319.772623 6670968.737434, 384315.793415 6670974.301524, 384310.621925 6670979.223450)

LINESTRING (384329.670011 6670956.389045, 384341.889041 6670934.528094, 384342.809179 6670932.002705, 384345.024427 6670927.920802, 384348.060811 6670923.456366, 384351.677478 6670919.073920, 384372.224164 6670898.120453, 384394.415415 6670877.170955)

LINESTRING (384296.796921 6670976.773523, 384299.045752 6670978.507916, 384302.337438 6670976.854915, 384306.263255 6670974.702687, 384310.621925 6670979.223450)

LINESTRING (384296.796921 6670976.773523, 384298.686474 6670973.638003, 384300.217426 6670969.700264, 384301.404786 6670966.843238, 384303.688237 6670962.636566, 384306.277427 6670957.205501)

LINESTRING (384296.796921 6670976.773523, 384293.281719 6670980.495304, 384291.324054 6670984.112187, 384291.110104 6670986.659871, 384292.611943 6670989.365123, 384294.940114 6670992.556928, 384296.433185 6670995.864256)

LINESTRING (384302.165744 6671020.501887, 384306.531515 6671018.915277)

LINESTRING (384302.165744 6671020.501887, 384296.588610 6671024.712256, 384292.201357 6671026.321846, 384282.303815 6671026.166312, 384272.786232 6671024.850929)

LINESTRING (384302.165744 6671020.501887, 384300.482532 6671024.366423, 384298.265540 6671027.333970, 384295.478310 6671029.305382, 384291.626828 6671029.939636, 384284.044406 6671029.220642, 384275.961363 6671028.127418, 384269.596703 6671027.626319, 384264.719130 6671027.780364, 384261.687453 6671029.046279, 384259.515247 6671030.441072, 384257.204232 6671033.244449, 384253.358876 6671039.172153)

LINESTRING (384302.165744 6671020.501887, 384302.676181 6671017.844544, 384302.708424 6671015.347175, 384302.489532 6671011.932749, 384301.768189 6671007.910099, 384300.378575 6671004.008848)

LINESTRING (384306.531515 6671018.915277, 384302.165744 6671020.501887)

LINESTRING (384306.531515 6671018.915277, 384305.335180 6671011.107375, 384303.383169 6671002.587799)

LINESTRING (384253.358876 6671039.172153, 384247.151226 6671048.740698)

LINESTRING (384253.358876 6671039.172153, 384250.363602 6671037.193900)

LINESTRING (384253.358876 6671039.172153, 384256.773915 6671041.426906)

LINESTRING (384253.358876 6671039.172153, 384257.204232 6671033.244449, 384259.515247 6671030.441072, 384261.687453 6671029.046279, 384264.719130 6671027.780364, 384269.596703 6671027.626319, 384275.961363 6671028.127418, 384284.044406 6671029.220642, 384291.626828 6671029.939636, 384295.478310 6671029.305382, 384298.265540 6671027.333970, 384300.482532 6671024.366423, 384302.165744 6671020.501887)

LINESTRING (384300.378575 6671004.008848, 384303.383169 6671002.587799)

LINESTRING (384300.378575 6671004.008848, 384301.768189 6671007.910099, 384302.489532 6671011.932749, 384302.708424 6671015.347175, 384302.676181 6671017.844544, 384302.165744 6671020.501887)

LINESTRING (384300.378575 6671004.008848, 384299.485534 6671001.585271, 384298.338968 6670998.345012, 384298.108295 6670995.789078)

LINESTRING (384477.304703 6670977.475599, 384480.884127 6670971.556531)

LINESTRING (384477.304703 6670977.475599, 384490.031085 6670992.832608, 384489.781466 6670994.957912)

LINESTRING (384477.304703 6670977.475599, 384475.523262 6670979.816359, 384474.258873 6670981.995944, 384459.713615 6670984.003585)

LINESTRING (384480.884127 6670971.556531, 384477.304703 6670977.475599)

LINESTRING (384480.884127 6670971.556531, 384485.215005 6670974.674174)

LINESTRING (384480.884127 6670971.556531, 384476.931347 6670968.627572)

LINESTRING (384480.884127 6670971.556531, 384484.265133 6670965.509988, 384486.596539 6670961.937158)

LINESTRING (384489.781466 6670994.957912, 384493.778382 6670995.411435)

LINESTRING (384489.781466 6670994.957912, 384488.523748 6671002.988089)

LINESTRING (384489.781466 6670994.957912, 384490.031085 6670992.832608, 384477.304703 6670977.475599)

LINESTRING (384459.713615 6670984.003585, 384451.608296 6670986.432306)

LINESTRING (384459.713615 6670984.003585, 384479.759913 6670997.212940)

LINESTRING (384459.713615 6670984.003585, 384474.258873 6670981.995944, 384475.523262 6670979.816359, 384477.304703 6670977.475599)

LINESTRING (384486.596539 6670961.937158, 384446.419557 6670934.618428, 384443.015024 6670931.638783)

LINESTRING (384486.596539 6670961.937158, 384490.026101 6670964.303110, 384505.873434 6670965.185531)

LINESTRING (384486.596539 6670961.937158, 384484.265133 6670965.509988, 384480.884127 6670971.556531)

LINESTRING (384443.015024 6670931.638783, 384446.551837 6670928.596281)

LINESTRING (384443.015024 6670931.638783, 384446.419557 6670934.618428, 384486.596539 6670961.937158)

LINESTRING (384443.015024 6670931.638783, 384439.692809 6670934.440490, 384429.771918 6670943.590860, 384426.938613 6670946.042828)

LINESTRING (384505.873434 6670965.185531, 384525.176214 6670966.260033)

LINESTRING (384505.873434 6670965.185531, 384505.731796 6670968.622469)

LINESTRING (384505.873434 6670965.185531, 384490.026101 6670964.303110, 384486.596539 6670961.937158)

LINESTRING (384529.829098 6671029.837051, 384529.281490 6671040.486057)

LINESTRING (384529.829098 6671029.837051, 384522.000056 6671042.264579)

LINESTRING (384529.829098 6671029.837051, 384530.600706 6671013.252171, 384530.753524 6671009.993193)

LINESTRING (384529.281490 6671040.486057, 384529.829098 6671029.837051)

LINESTRING (384529.281490 6671040.486057, 384531.925611 6671040.491895)

LINESTRING (384522.000056 6671042.264579, 384529.829098 6671029.837051)

LINESTRING (384522.000056 6671042.264579, 384519.372288 6671040.486274)

LINESTRING (384530.753524 6671009.993193, 384532.314003 6670976.488560)

LINESTRING (384530.753524 6671009.993193, 384525.120146 6671009.958962)

LINESTRING (384530.753524 6671009.993193, 384530.600706 6671013.252171, 384529.829098 6671029.837051)

LINESTRING (384696.994926 6670872.998816, 384695.296807 6670872.873934, 384691.967157 6670872.622079, 384682.445448 6670872.063570)

LINESTRING (384696.994926 6670872.998816, 384697.046763 6670861.228732, 384697.070858 6670856.168431)

LINESTRING (384682.445448 6670872.063570, 384656.258580 6670870.591947)

LINESTRING (384682.445448 6670872.063570, 384682.636209 6670868.769978, 384682.875989 6670864.739316, 384663.537360 6670863.598226)

LINESTRING (384682.445448 6670872.063570, 384682.314341 6670874.251992, 384681.532961 6670887.549525, 384658.890160 6670886.256120, 384656.658619 6670886.125757)

LINESTRING (384682.445448 6670872.063570, 384691.967157 6670872.622079, 384695.296807 6670872.873934, 384696.994926 6670872.998816)

LINESTRING (384697.070858 6670856.168431, 384697.046763 6670861.228732, 384696.994926 6670872.998816)

LINESTRING (384697.070858 6670856.168431, 384698.048993 6670807.102440, 384704.656663 6670721.383841, 384703.002984 6670715.963982, 384699.993488 6670712.826795, 384697.147921 6670711.545563)

LINESTRING (384413.839078 6670211.449470, 384412.505550 6670214.968570, 384412.619347 6670219.634482, 384415.850636 6670237.185307)

LINESTRING (384413.839078 6670211.449470, 384418.463884 6670218.926403, 384419.715571 6670221.973932, 384420.210956 6670224.822420, 384420.016141 6670227.982426, 384420.140412 6670231.923622, 384420.887928 6670235.544267, 384422.353305 6670239.554621, 384426.027597 6670246.136548, 384434.379494 6670260.639540, 384444.586957 6670278.315923, 384458.105388 6670301.805632, 384473.079373 6670327.768140, 384477.032559 6670333.862113, 384481.141101 6670338.892477, 384482.923080 6670340.964894, 384486.163537 6670344.540418, 384490.830917 6670349.675768, 384493.111877 6670352.245107, 384495.510465 6670355.902890)

LINESTRING (384438.668654 6670202.843248, 384437.550491 6670198.743931, 384434.001993 6670192.804400, 384430.739885 6670191.191011, 384427.309382 6670191.990121, 384422.984633 6670193.853859, 384416.811549 6670197.358386, 384412.132698 6670200.325453)

LINESTRING (384438.668654 6670202.843248, 384432.247607 6670199.011414, 384429.165241 6670199.398349, 384426.139915 6670200.184687, 384423.326752 6670201.532701, 384418.335599 6670205.167126, 384416.042525 6670207.680052)

LINESTRING (384281.868313 6670133.334096, 384292.234102 6670158.984493)

LINESTRING (384292.234102 6670158.984493, 384302.118829 6670175.734575)

LINESTRING (384292.234102 6670158.984493, 384281.868313 6670133.334096)

LINESTRING (384292.234102 6670158.984493, 384297.604537 6670156.630674, 384305.034948 6670149.308308, 384305.645351 6670142.067469, 384303.927101 6670130.754408)

LINESTRING (384302.118829 6670175.734575, 384292.234102 6670158.984493)

LINESTRING (384303.927101 6670130.754408, 384310.428750 6670120.407803)

LINESTRING (384303.927101 6670130.754408, 384305.645351 6670142.067469, 384305.034948 6670149.308308, 384297.604537 6670156.630674, 384292.234102 6670158.984493)

LINESTRING (384447.769516 6670555.833518, 384457.502224 6670556.184203)

LINESTRING (384447.769516 6670555.833518, 384418.052873 6670554.017864)

LINESTRING (384447.769516 6670555.833518, 384448.824105 6670552.456952, 384448.977895 6670551.872595, 384450.550545 6670549.950756)

LINESTRING (384457.502224 6670556.184203, 384447.769516 6670555.833518)

LINESTRING (384457.502224 6670556.184203, 384457.172204 6670558.579507, 384452.803372 6670618.941540)

LINESTRING (384457.502224 6670556.184203, 384457.673693 6670553.693598, 384450.550545 6670549.950756)

LINESTRING (384418.052873 6670554.017864, 384447.769516 6670555.833518)

LINESTRING (384418.052873 6670554.017864, 384390.784107 6670552.492999)

LINESTRING (384418.052873 6670554.017864, 384417.316656 6670569.955281, 384415.746025 6670569.826502)

LINESTRING (384450.550545 6670549.950756, 384382.182208 6670514.026399)

LINESTRING (384450.550545 6670549.950756, 384448.977895 6670551.872595, 384448.824105 6670552.456952, 384447.769516 6670555.833518)

LINESTRING (384450.550545 6670549.950756, 384457.673693 6670553.693598, 384457.502224 6670556.184203)

LINESTRING (384450.550545 6670549.950756, 384449.095730 6670550.676430, 384447.380998 6670551.087111, 384444.008172 6670551.238027, 384416.014295 6670543.807017, 384404.069833 6670540.439199, 384395.730580 6670536.010430, 384391.812140 6670531.720843, 384383.549660 6670522.330420, 384381.280519 6670519.783065)

LINESTRING (384450.550545 6670549.950756, 384452.728031 6670548.711947, 384504.549969 6670453.421158, 384504.415317 6670449.324267, 384498.021400 6670437.523247)

LINESTRING (384282.372816 6670487.721551, 384279.252386 6670483.551759)

LINESTRING (384282.372816 6670487.721551, 384326.693049 6670478.733207)

LINESTRING (384282.372816 6670487.721551, 384283.977199 6670493.844903)

LINESTRING (384094.911718 6670820.912476, 384098.183050 6670814.222650)

LINESTRING (384094.911718 6670820.912476, 384144.978136 6670847.457939)

LINESTRING (384094.911718 6670820.912476, 384104.315953 6670821.083129, 384107.708682 6670821.744805, 384137.119283 6670837.130321, 384139.784718 6670839.386385, 384144.978136 6670847.457939)

LINESTRING (384094.911718 6670820.912476, 384093.398191 6670823.991633, 384092.036442 6670826.776235, 384090.538864 6670829.832600)

LINESTRING (384098.183050 6670814.222650, 384109.644371 6670820.245959)

LINESTRING (384098.183050 6670814.222650, 384095.776431 6670812.950284)

LINESTRING (384098.183050 6670814.222650, 384094.911718 6670820.912476)

LINESTRING (384144.978136 6670847.457939, 384151.054742 6670850.609173)

LINESTRING (384090.538864 6670829.832600, 384086.974760 6670837.100061)

LINESTRING (384090.538864 6670829.832600, 384092.036442 6670826.776235, 384093.398191 6670823.991633, 384094.911718 6670820.912476)

LINESTRING (384090.538864 6670829.832600, 384083.156854 6670826.332697, 384077.443926 6670823.794157)

LINESTRING (384163.506963 6670868.481287, 384159.168424 6670866.188938)

LINESTRING (384233.892903 6670894.017930, 384237.226934 6670887.549143)

LINESTRING (384233.892903 6670894.017930, 384240.997946 6670897.727474)

LINESTRING (384233.892903 6670894.017930, 384231.862908 6670897.982608, 384230.547787 6670900.487071, 384228.694865 6670904.078391)

LINESTRING (384251.857561 6670920.241675, 384245.767874 6670916.845518)

LINESTRING (384245.767874 6670916.845518, 384242.249334 6670921.693040)

LINESTRING (384245.767874 6670916.845518, 384242.004371 6670914.289734)

LINESTRING (384245.767874 6670916.845518, 384246.936842 6670914.813742, 384247.832025 6670913.258680, 384248.585117 6670911.953284, 384250.112444 6670909.308391, 384250.818056 6670908.082506, 384251.629026 6670906.674983, 384252.934896 6670904.404852)

LINESTRING (384311.677918 6670951.618820, 384308.289740 6670958.133825)

LINESTRING (384311.677918 6670951.618820, 384304.717440 6670952.306629, 384300.460116 6670951.348886, 384259.848167 6670930.008137, 384256.653163 6670927.512396, 384251.857561 6670920.241675)

LINESTRING (384311.677918 6670951.618820, 384302.404504 6670946.606842, 384251.857561 6670920.241675)

LINESTRING (384311.677918 6670951.618820, 384312.531461 6670949.975934, 384313.714567 6670947.687413, 384314.348405 6670946.474951, 384315.636169 6670943.982526, 384316.327534 6670942.656805, 384317.400439 6670940.572363, 384318.421368 6670938.601006)

LINESTRING (384308.289740 6670958.133825, 384311.677918 6670951.618820)

LINESTRING (384308.289740 6670958.133825, 384306.277427 6670957.205501)

LINESTRING (384308.289740 6670958.133825, 384317.482451 6670961.822178, 384337.638603 6670968.987042)

LINESTRING (384318.421368 6670938.601006, 384321.854328 6670932.095744)

LINESTRING (384318.421368 6670938.601006, 384329.463135 6670944.203584, 384336.078456 6670947.538707)

LINESTRING (384318.421368 6670938.601006, 384317.400439 6670940.572363, 384316.327534 6670942.656805, 384315.636169 6670943.982526, 384314.348405 6670946.474951, 384313.714567 6670947.687413, 384312.531461 6670949.975934, 384311.677918 6670951.618820)

LINESTRING (384160.739222 6670847.171456, 384157.289532 6670853.844572)

LINESTRING (384160.739222 6670847.171456, 384180.459457 6670809.225464)

LINESTRING (384160.739222 6670847.171456, 384165.834757 6670849.863369)

LINESTRING (384160.739222 6670847.171456, 384155.371683 6670844.309836)

LINESTRING (384163.834799 6670857.237334, 384167.280707 6670850.620066)

LINESTRING (384163.834799 6670857.237334, 384230.299949 6670892.114291)

LINESTRING (384163.834799 6670857.237334, 384171.775442 6670856.975207, 384175.828295 6670857.961557, 384220.802062 6670881.236486, 384224.048480 6670883.775152, 384230.299949 6670892.114291)

LINESTRING (384163.834799 6670857.237334, 384162.184965 6670860.398780, 384160.723645 6670863.197647, 384159.168424 6670866.188938)

LINESTRING (384252.934896 6670904.404852, 384256.642151 6670897.968873)

LINESTRING (384252.934896 6670904.404852, 384312.855301 6670935.600556)

LINESTRING (384252.934896 6670904.404852, 384261.293504 6670903.661648, 384265.713931 6670904.681063, 384304.149341 6670924.987304, 384307.610746 6670927.652986, 384312.855301 6670935.600556)

LINESTRING (384252.934896 6670904.404852, 384251.629026 6670906.674983, 384250.818056 6670908.082506, 384250.112444 6670909.308391, 384248.585117 6670911.953284, 384247.832025 6670913.258680, 384246.936842 6670914.813742, 384245.767874 6670916.845518)

LINESTRING (384321.854328 6670932.095744, 384311.738668 6670926.798283)

LINESTRING (384321.854328 6670932.095744, 384340.026672 6670941.518698)

LINESTRING (384321.854328 6670932.095744, 384318.421368 6670938.601006)

LINESTRING (384321.854328 6670932.095744, 384323.524938 6670930.293336, 384323.900024 6670929.858008)

LINESTRING (384336.078456 6670947.538707, 384340.026672 6670941.518698)

LINESTRING (384336.078456 6670947.538707, 384340.441016 6670949.719054, 384356.327531 6670957.119079, 384365.821822 6670962.269097, 384374.756752 6670967.648532, 384382.751051 6670972.968509)

LINESTRING (384336.078456 6670947.538707, 384333.516243 6670952.066199, 384332.127532 6670954.528370, 384329.759753 6670958.704251)

LINESTRING (384382.751051 6670972.968509, 384429.199863 6671003.476640)

LINESTRING (384382.751051 6670972.968509, 384391.352413 6670973.410388, 384394.759341 6670974.528794, 384397.056591 6670976.038830)

LINESTRING (384429.199863 6671003.476640, 384437.328935 6671008.848201)

LINESTRING (384429.199863 6671003.476640, 384432.088208 6670999.072665)

LINESTRING (384429.199863 6671003.476640, 384427.350328 6671006.298783, 384425.638750 6671008.915976, 384423.757332 6671011.783705)

LINESTRING (384397.056591 6670976.038830, 384432.088208 6670999.072665)

LINESTRING (384397.056591 6670976.038830, 384398.631124 6670974.183766)

LINESTRING (384374.191602 6670980.192682, 384371.759456 6670984.794054, 384371.187493 6670986.383463)

LINESTRING (384374.191602 6670980.192682, 384360.094612 6670971.409929, 384353.806473 6670968.231606, 384346.814993 6670965.120069, 384339.833339 6670962.320278)

LINESTRING (384371.187493 6670986.383463, 384380.376846 6670992.434690)

LINESTRING (384371.187493 6670986.383463, 384371.759456 6670984.794054, 384374.191602 6670980.192682)

LINESTRING (384371.187493 6670986.383463, 384369.652044 6670989.652647, 384368.257992 6670992.649904)

LINESTRING (384371.187493 6670986.383463, 384353.482253 6670975.207097, 384345.090440 6670971.549101, 384337.638603 6670968.987042)

LINESTRING (384339.833339 6670962.320278, 384329.759753 6670958.704251)

LINESTRING (384339.833339 6670962.320278, 384337.638603 6670968.987042)

LINESTRING (384423.757332 6671011.783705, 384419.761584 6671017.883131)

LINESTRING (384423.757332 6671011.783705, 384382.147241 6670985.168399)

LINESTRING (384423.757332 6671011.783705, 384417.660216 6671012.544373, 384414.209711 6671011.627921, 384397.038909 6671000.657386)

LINESTRING (384423.757332 6671011.783705, 384425.638750 6671008.915976, 384427.350328 6671006.298783, 384429.199863 6671003.476640)

LINESTRING (384663.537360 6670863.598226, 384682.875989 6670864.739316, 384682.636209 6670868.769978, 384682.445448 6670872.063570)

LINESTRING (384626.902213 6670938.003390, 384627.715966 6670924.682528)

LINESTRING (384626.902213 6670938.003390, 384626.360651 6670946.913654)

LINESTRING (384626.902213 6670938.003390, 384623.152633 6670937.820542)

LINESTRING (384612.728509 6670947.231420, 384584.316227 6670945.808114)

LINESTRING (384612.728509 6670947.231420, 384612.849104 6670943.828586)

LINESTRING (384612.728509 6670947.231420, 384622.242040 6670947.711986, 384626.360651 6670946.913654)

LINESTRING (384655.768046 6670877.773218, 384656.258580 6670870.591947)

LINESTRING (384655.768046 6670877.773218, 384654.303344 6670877.652154)

LINESTRING (384655.768046 6670877.773218, 384655.609663 6670882.447696, 384656.979676 6670882.560597, 384656.658619 6670886.125757)

LINESTRING (384628.485570 6670912.076296, 384627.715966 6670924.682528)

LINESTRING (384628.485570 6670912.076296, 384622.133166 6670911.262151)

LINESTRING (384628.485570 6670912.076296, 384629.775739 6670890.950517, 384633.141818 6670876.479448)

LINESTRING (384452.803372 6670618.941540, 384452.599629 6670623.227411)

LINESTRING (384452.803372 6670618.941540, 384428.458074 6670617.446838)

LINESTRING (384452.803372 6670618.941540, 384457.172204 6670558.579507, 384457.502224 6670556.184203)

LINESTRING (384452.599629 6670623.227411, 384452.803372 6670618.941540)

LINESTRING (384452.599629 6670623.227411, 384428.182214 6670621.734986)

LINESTRING (384452.599629 6670623.227411, 384451.927321 6670631.328293, 384455.401152 6670631.564250)

LINESTRING (384428.458074 6670617.446838, 384452.803372 6670618.941540)

LINESTRING (384428.458074 6670617.446838, 384396.042687 6670615.649617)

LINESTRING (384428.458074 6670617.446838, 384428.182214 6670621.734986)

LINESTRING (384357.997613 6670613.428510, 384379.589178 6670614.619563)

LINESTRING (384357.997613 6670613.428510, 384351.877070 6670612.763515)

LINESTRING (384357.997613 6670613.428510, 384357.537572 6670617.510734)

LINESTRING (384357.997613 6670613.428510, 384358.351790 6670609.160172, 384360.833690 6670561.406097, 384359.754778 6670552.212571)

LINESTRING (384221.919441 6670577.939072, 384166.106706 6670633.853372)

LINESTRING (384221.919441 6670577.939072, 384230.027413 6670583.834676)

LINESTRING (384221.919441 6670577.939072, 384256.491024 6670542.098846, 384260.536278 6670536.677503, 384262.520778 6670531.967615, 384263.700042 6670526.034980, 384264.858569 6670519.445481)

LINESTRING (384221.919441 6670577.939072, 384218.503623 6670574.090707, 384215.058761 6670569.674897, 384210.166866 6670564.647283, 384206.378060 6670562.181476, 384203.250485 6670559.193282, 384198.330163 6670562.937244)

LINESTRING (384166.106706 6670633.853372, 384221.919441 6670577.939072)

LINESTRING (384166.106706 6670633.853372, 384121.187628 6670678.123685)

LINESTRING (384166.106706 6670633.853372, 384173.221999 6670641.385022)

LINESTRING (384166.106706 6670633.853372, 384157.543940 6670625.520509, 384145.135567 6670611.168642, 384133.041318 6670596.740015, 384121.004361 6670581.139448, 384118.116300 6670576.416364)

LINESTRING (384166.106706 6670633.853372, 384160.064405 6670605.258279, 384158.511204 6670584.589873, 384158.420050 6670565.535778, 384158.971623 6670556.446778)

LINESTRING (384230.027413 6670583.834676, 384221.919441 6670577.939072)

LINESTRING (384230.027413 6670583.834676, 384239.829841 6670589.910811)

LINESTRING (384230.027413 6670583.834676, 384231.142238 6670583.075075)

LINESTRING (384230.027413 6670583.834676, 384224.631382 6670589.577337)

LINESTRING (384198.330163 6670562.937244, 384203.250485 6670559.193282, 384206.378060 6670562.181476, 384210.166866 6670564.647283, 384215.058761 6670569.674897, 384218.503623 6670574.090707, 384221.919441 6670577.939072)

LINESTRING (384198.330163 6670562.937244, 384202.320097 6670570.010481, 384209.272767 6670576.789519)

LINESTRING (384198.330163 6670562.937244, 384173.204360 6670557.858082, 384158.971623 6670556.446778)

LINESTRING (384239.829841 6670589.910811, 384238.204831 6670591.578078)

LINESTRING (384239.829841 6670589.910811, 384230.027413 6670583.834676)

LINESTRING (384239.829841 6670589.910811, 384270.441900 6670558.686979, 384274.682323 6670553.816710, 384276.074758 6670551.644161)

LINESTRING (384224.631382 6670589.577337, 384232.401489 6670597.088415)

LINESTRING (384224.631382 6670589.577337, 384230.027413 6670583.834676)

LINESTRING (384224.631382 6670589.577337, 384207.225365 6670607.111316, 384202.503607 6670611.863145, 384173.221999 6670641.385022)

LINESTRING (384285.614376 6670499.599454, 384285.909886 6670504.560533)

LINESTRING (384285.614376 6670499.599454, 384283.977199 6670493.844903)

LINESTRING (384285.614376 6670499.599454, 384333.669280 6670489.958352, 384337.013795 6670491.725068, 384340.595233 6670510.858441)

LINESTRING (384285.909886 6670504.560533, 384285.614376 6670499.599454)

LINESTRING (384285.909886 6670504.560533, 384293.778162 6670504.445865)

LINESTRING (384285.909886 6670504.560533, 384283.226671 6670504.912712)

LINESTRING (384285.909886 6670504.560533, 384286.265444 6670508.784185, 384286.046562 6670512.936817)

LINESTRING (384340.595233 6670510.858441, 384341.343636 6670514.857955)

LINESTRING (384340.595233 6670510.858441, 384345.911290 6670509.966303)

LINESTRING (384340.595233 6670510.858441, 384337.013795 6670491.725068, 384333.669280 6670489.958352, 384285.614376 6670499.599454)

LINESTRING (384340.595233 6670510.858441, 384338.120172 6670511.293166, 384326.179237 6670513.675997, 384324.563342 6670514.050184)

LINESTRING (384276.074758 6670551.644161, 384273.730717 6670550.949208)

LINESTRING (384276.074758 6670551.644161, 384285.952176 6670552.881376, 384288.879765 6670553.056414, 384291.974548 6670553.248465, 384309.534875 6670554.310069, 384316.828478 6670554.648217)

LINESTRING (384276.074758 6670551.644161, 384274.682323 6670553.816710, 384270.441900 6670558.686979, 384239.829841 6670589.910811)

LINESTRING (384276.074758 6670551.644161, 384277.708069 6670549.007086, 384279.660435 6670545.390375, 384281.558618 6670540.761234, 384282.421876 6670538.895150, 384283.859472 6670532.698046, 384285.195643 6670526.983354, 384285.473796 6670525.236043)

LINESTRING (384273.730717 6670550.949208, 384276.074758 6670551.644161)

LINESTRING (384273.730717 6670550.949208, 384269.207079 6670557.054307, 384247.780051 6670579.027940, 384244.588616 6670580.700097, 384238.905424 6670581.748860, 384231.142238 6670583.075075)

LINESTRING (384316.828478 6670554.648217, 384332.164259 6670555.456954)

LINESTRING (384316.828478 6670554.648217, 384309.534875 6670554.310069, 384291.974548 6670553.248465, 384288.879765 6670553.056414, 384285.952176 6670552.881376, 384276.074758 6670551.644161)

LINESTRING (384316.828478 6670554.648217, 384315.917790 6670551.667971, 384308.618839 6670528.985448, 384307.282227 6670526.943634, 384307.074255 6670520.531018)

LINESTRING (384285.473796 6670525.236043, 384285.583718 6670524.318731)

LINESTRING (384285.473796 6670525.236043, 384283.715204 6670524.433445)

LINESTRING (384285.473796 6670525.236043, 384285.195643 6670526.983354, 384283.859472 6670532.698046, 384282.421876 6670538.895150, 384281.558618 6670540.761234, 384279.660435 6670545.390375, 384277.708069 6670549.007086, 384276.074758 6670551.644161)

LINESTRING (384238.204831 6670591.578078, 384232.401489 6670597.088415)

LINESTRING (384238.204831 6670591.578078, 384239.829841 6670589.910811)

LINESTRING (384238.204831 6670591.578078, 384240.935603 6670593.085480, 384245.179273 6670595.180333, 384246.162953 6670596.776350, 384248.456057 6670600.080687, 384249.734844 6670601.522508, 384253.336175 6670604.562643, 384254.251818 6670605.235825)

LINESTRING (384232.401489 6670597.088415, 384224.631382 6670589.577337)

LINESTRING (384232.401489 6670597.088415, 384236.787284 6670601.396509)

LINESTRING (384232.401489 6670597.088415, 384238.204831 6670591.578078)

LINESTRING (384232.401489 6670597.088415, 384210.337811 6670619.996239)

LINESTRING (384254.251818 6670605.235825, 384253.336175 6670604.562643, 384249.734844 6670601.522508, 384248.456057 6670600.080687, 384246.162953 6670596.776350, 384245.179273 6670595.180333, 384240.935603 6670593.085480, 384238.204831 6670591.578078)

LINESTRING (384187.324110 6670781.414913, 384181.693841 6670778.327521)

LINESTRING (384187.324110 6670781.414913, 384188.991433 6670782.320645)

LINESTRING (384187.324110 6670781.414913, 384185.933470 6670784.166955, 384178.715585 6670798.515055)

LINESTRING (384221.996362 6670747.253882, 384224.989662 6670741.776564)

LINESTRING (384221.996362 6670747.253882, 384219.391296 6670745.853972)

LINESTRING (384221.996362 6670747.253882, 384208.458458 6670773.436360, 384197.296803 6670768.105373)

LINESTRING (384238.713332 6670715.487991, 384224.989662 6670741.776564)

LINESTRING (384238.713332 6670715.487991, 384242.717758 6670708.429677)

LINESTRING (384238.713332 6670715.487991, 384242.091622 6670717.097526)

LINESTRING (384210.103908 6670734.969530, 384206.694706 6670733.260701, 384205.571528 6670733.051011)

LINESTRING (384210.103908 6670734.969530, 384212.926117 6670736.384862, 384224.126608 6670741.536362, 384224.989662 6670741.776564)

LINESTRING (384210.103908 6670734.969530, 384214.228508 6670727.673351, 384213.972784 6670700.589330)

LINESTRING (384348.193248 6670568.023519, 384348.094961 6670553.817502)

LINESTRING (384348.193248 6670568.023519, 384346.869610 6670567.976131)

LINESTRING (384348.193248 6670568.023519, 384345.607037 6670612.114392, 384344.523896 6670614.934674)

LINESTRING (384332.164259 6670555.456954, 384316.828478 6670554.648217)

LINESTRING (384332.164259 6670555.456954, 384331.941340 6670560.891316)

LINESTRING (384332.164259 6670555.456954, 384334.994335 6670555.534807, 384348.094961 6670553.817502)

LINESTRING (384346.103376 6670540.172727, 384341.343636 6670514.857955)

LINESTRING (384346.103376 6670540.172727, 384343.117056 6670540.601294)

LINESTRING (384346.103376 6670540.172727, 384351.528701 6670539.399737)

LINESTRING (384346.103376 6670540.172727, 384347.503363 6670548.977209, 384348.094961 6670553.817502)

LINESTRING (384342.302971 6670620.955873, 384344.523896 6670614.934674)

LINESTRING (384342.302971 6670620.955873, 384338.624432 6670630.076640, 384338.851216 6670632.510109)

LINESTRING (384342.302971 6670620.955873, 384340.778367 6670620.524775, 384340.616023 6670620.485321, 384330.455273 6670618.008735)

LINESTRING (384338.851216 6670632.510109, 384336.251391 6670631.277115)

LINESTRING (384338.851216 6670632.510109, 384338.624432 6670630.076640, 384342.302971 6670620.955873)

LINESTRING (384338.851216 6670632.510109, 384334.916941 6670643.032003, 384334.951230 6670643.766452, 384335.032385 6670645.457841)

LINESTRING (384330.455273 6670618.008735, 384332.357942 6670610.704821)

LINESTRING (384330.455273 6670618.008735, 384325.102397 6670616.673182, 384322.140291 6670615.930841, 384321.677576 6670616.758987, 384319.705402 6670620.276002)

LINESTRING (384330.455273 6670618.008735, 384340.616023 6670620.485321, 384340.778367 6670620.524775, 384342.302971 6670620.955873)

LINESTRING (384335.032385 6670645.457841, 384334.951230 6670643.766452, 384334.916941 6670643.032003, 384338.851216 6670632.510109)

LINESTRING (384335.032385 6670645.457841, 384338.942397 6670647.017252, 384340.000936 6670644.298044)

LINESTRING (384335.032385 6670645.457841, 384333.671093 6670649.145025, 384330.819884 6670655.787923)

LINESTRING (384340.000936 6670644.298044, 384344.490807 6670632.722193)

LINESTRING (384340.000936 6670644.298044, 384347.634584 6670647.144151)

LINESTRING (384340.000936 6670644.298044, 384338.942397 6670647.017252, 384335.032385 6670645.457841)

LINESTRING (384330.819884 6670655.787923, 384328.680207 6670661.037604)

LINESTRING (384330.819884 6670655.787923, 384333.671093 6670649.145025, 384335.032385 6670645.457841)

LINESTRING (384330.819884 6670655.787923, 384327.992456 6670653.503399, 384323.388858 6670649.681287, 384314.737176 6670643.446029, 384302.179164 6670636.297674, 384289.213594 6670629.262526, 384291.351926 6670625.027005, 384296.963475 6670616.959602, 384298.149505 6670614.760144)

LINESTRING (384537.950894 6670429.500552, 384533.411174 6670431.939304)

LINESTRING (384537.950894 6670429.500552, 384539.796383 6670432.886030, 384542.877233 6670440.746068, 384545.432954 6670449.748232, 384548.347986 6670457.635786, 384551.099636 6670463.511356, 384567.277117 6670491.743178, 384581.413616 6670502.977294)

LINESTRING (384539.421633 6670423.458545, 384538.643925 6670422.402039)

LINESTRING (384539.421633 6670423.458545, 384535.794421 6670425.589940)

LINESTRING (384539.421633 6670423.458545, 384545.631359 6670435.588621, 384549.196027 6670447.345101, 384581.413616 6670502.977294)

LINESTRING (384581.413616 6670502.977294, 384586.055901 6670507.678913)

LINESTRING (384581.413616 6670502.977294, 384549.196027 6670447.345101, 384545.631359 6670435.588621, 384539.421633 6670423.458545)

LINESTRING (384313.288250 6670836.524165, 384314.637950 6670834.408697)

LINESTRING (384313.288250 6670836.524165, 384365.907833 6670856.907123, 384394.415415 6670877.170955)

LINESTRING (384313.288250 6670836.524165, 384308.485540 6670834.658637, 384306.072909 6670833.720660)

LINESTRING (384311.468252 6670817.758699, 384317.452138 6670800.730595)

LINESTRING (384311.468252 6670817.758699, 384314.460555 6670818.934703)

LINESTRING (384311.468252 6670817.758699, 384310.892140 6670819.392826, 384306.072909 6670833.720660)

LINESTRING (384488.270862 6670912.670729, 384469.300865 6670901.723126)

LINESTRING (384349.023314 6671000.244437, 384338.230954 6671002.713637)

LINESTRING (384349.023314 6671000.244437, 384358.437839 6670997.941337, 384367.501428 6670993.141842, 384368.257992 6670992.649904)

LINESTRING (384349.023314 6671000.244437, 384347.680369 6670995.004367, 384338.940967 6670978.396401, 384337.153914 6670971.933321, 384337.638603 6670968.987042)

LINESTRING (384338.230954 6671002.713637, 384349.023314 6671000.244437)

LINESTRING (384338.230954 6671002.713637, 384333.334388 6671003.146799, 384327.107295 6671002.429513, 384316.925767 6671001.725625, 384308.098828 6671000.822979, 384303.383169 6671002.587799)

LINESTRING (384338.230954 6671002.713637, 384340.303014 6671008.175869, 384342.656912 6671015.880378, 384343.971073 6671021.968330)

LINESTRING (384368.257992 6670992.649904, 384369.556916 6670995.439598)

LINESTRING (384368.257992 6670992.649904, 384369.652044 6670989.652647, 384371.187493 6670986.383463)

LINESTRING (384368.257992 6670992.649904, 384367.501428 6670993.141842, 384358.437839 6670997.941337, 384349.023314 6671000.244437)

LINESTRING (384337.638603 6670968.987042, 384339.833339 6670962.320278)

LINESTRING (384337.638603 6670968.987042, 384337.153914 6670971.933321, 384338.940967 6670978.396401, 384347.680369 6670995.004367, 384349.023314 6671000.244437)

LINESTRING (384337.638603 6670968.987042, 384317.482451 6670961.822178, 384308.289740 6670958.133825)

LINESTRING (384337.638603 6670968.987042, 384345.090440 6670971.549101, 384353.482253 6670975.207097, 384371.187493 6670986.383463)

LINESTRING (384448.221101 6671009.719467, 384445.364285 6671014.066712)

LINESTRING (384448.221101 6671009.719467, 384449.588858 6671007.648057)

LINESTRING (384310.428750 6670120.407803, 384313.206249 6670119.161129)

LINESTRING (384310.428750 6670120.407803, 384303.927101 6670130.754408)

LINESTRING (384310.428750 6670120.407803, 384313.630295 6670125.555778, 384323.474534 6670142.608092, 384337.129368 6670166.683753)

LINESTRING (384337.129368 6670166.683753, 384343.966206 6670178.581997)

LINESTRING (384337.129368 6670166.683753, 384339.626865 6670165.367921)

LINESTRING (384337.129368 6670166.683753, 384323.474534 6670142.608092, 384313.630295 6670125.555778, 384310.428750 6670120.407803)

LINESTRING (384337.129368 6670166.683753, 384329.343636 6670171.197731, 384295.302769 6670191.429296, 384290.025459 6670197.435546, 384285.883005 6670207.183935, 384282.413923 6670217.847202, 384279.942482 6670227.553992, 384280.350581 6670234.673530, 384283.872880 6670240.480015, 384287.354665 6670243.947457)

LINESTRING (384504.635735 6670434.105237, 384469.538737 6670373.716599)

LINESTRING (384504.635735 6670434.105237, 384501.277564 6670435.782415)

LINESTRING (384504.635735 6670434.105237, 384507.889513 6670432.464785)

LINESTRING (384468.209213 6670371.016986, 384471.589215 6670369.149637)

LINESTRING (384468.209213 6670371.016986, 384466.209373 6670366.967742, 384463.690768 6670358.621972, 384461.632831 6670354.139930, 384414.134635 6670271.564145)

LINESTRING (384332.045615 6670085.155712, 384334.094707 6670084.065772)

LINESTRING (384332.045615 6670085.155712, 384330.209477 6670086.127490, 384325.428387 6670088.674403, 384324.426080 6670089.307829, 384321.733638 6670090.785842, 384320.401820 6670091.541111, 384315.843463 6670094.103297, 384314.544247 6670094.835251)

LINESTRING (384332.045615 6670085.155712, 384357.031275 6670128.320908, 384387.121893 6670181.165741)

LINESTRING (384514.284489 6670433.544891, 384515.976870 6670436.478263)

LINESTRING (384524.232250 6670428.015901, 384525.937478 6670431.004594)

LINESTRING (384479.229781 6670371.672631, 384477.728915 6670369.000703)

LINESTRING (384488.902399 6670366.575708, 384487.179762 6670363.565290)

LINESTRING (384341.343636 6670514.857955, 384340.595233 6670510.858441)

LINESTRING (384341.343636 6670514.857955, 384346.103376 6670540.172727)

LINESTRING (384341.343636 6670514.857955, 384338.147810 6670515.337713)

LINESTRING (384345.911290 6670509.966303, 384351.528701 6670539.399737)

LINESTRING (384345.911290 6670509.966303, 384343.849171 6670499.544488)

LINESTRING (384345.911290 6670509.966303, 384340.595233 6670510.858441)

LINESTRING (384324.563342 6670514.050184, 384308.336079 6670515.275604, 384307.074255 6670520.531018)

LINESTRING (384324.563342 6670514.050184, 384326.179237 6670513.675997, 384338.120172 6670511.293166, 384340.595233 6670510.858441)

LINESTRING (384324.563342 6670514.050184, 384325.447552 6670517.599633, 384326.864005 6670517.242886)

LINESTRING (384343.849171 6670499.544488, 384345.911290 6670509.966303)

LINESTRING (384343.849171 6670499.544488, 384349.560967 6670498.517281)

LINESTRING (384343.849171 6670499.544488, 384341.341075 6670486.785276, 384340.678111 6670485.669467, 384339.268659 6670484.488059, 384337.451544 6670483.943603, 384335.332844 6670483.876730, 384327.631525 6670485.234212)

LINESTRING (384307.074255 6670520.531018, 384301.824991 6670519.314810)

LINESTRING (384307.074255 6670520.531018, 384307.282227 6670526.943634, 384308.618839 6670528.985448, 384315.917790 6670551.667971, 384316.828478 6670554.648217)

LINESTRING (384307.074255 6670520.531018, 384308.336079 6670515.275604, 384324.563342 6670514.050184)

LINESTRING (384376.825987 6670880.066194, 384353.854286 6670898.811550)

LINESTRING (384376.825987 6670880.066194, 384371.586361 6670873.856908)

LINESTRING (384376.825987 6670880.066194, 384378.889309 6670878.385156, 384394.415415 6670877.170955)

LINESTRING (384351.043963 6670913.432550, 384353.497780 6670903.180265, 384353.854286 6670898.811550)

LINESTRING (384331.487822 6670957.490687, 384329.670011 6670956.389045)

LINESTRING (384331.487822 6670957.490687, 384324.067044 6670971.399123, 384318.486813 6670976.746282, 384312.793007 6670981.662404)

LINESTRING (384331.487822 6670957.490687, 384347.315446 6670937.856183, 384348.439996 6670935.647532, 384365.978634 6670914.956123, 384369.842579 6670909.607474, 384382.879867 6670890.428950, 384395.716884 6670878.456084)

LINESTRING (384395.716884 6670878.456084, 384434.392377 6670916.609427)

LINESTRING (384395.716884 6670878.456084, 384394.415415 6670877.170955)

LINESTRING (384395.716884 6670878.456084, 384382.879867 6670890.428950, 384369.842579 6670909.607474, 384365.978634 6670914.956123, 384348.439996 6670935.647532, 384347.315446 6670937.856183, 384331.487822 6670957.490687)

LINESTRING (384490.066703 6670874.834625, 384499.035560 6670878.118147)

LINESTRING (384499.035560 6670878.118147, 384490.066703 6670874.834625)

LINESTRING (384499.035560 6670878.118147, 384503.684705 6670879.699003)

LINESTRING (384499.035560 6670878.118147, 384496.529617 6670883.557581)

LINESTRING (384409.934547 6670854.426050, 384410.315413 6670853.645073, 384415.935866 6670839.347843, 384418.693712 6670831.682669, 384421.285580 6670824.390498, 384423.400595 6670814.483289, 384424.415577 6670805.803224)

LINESTRING (384409.934547 6670854.426050, 384404.214970 6670866.107483, 384401.137164 6670870.495163, 384398.114157 6670873.978421, 384394.415415 6670877.170955)

LINESTRING (384409.934547 6670854.426050, 384408.614316 6670853.955049, 384400.994274 6670850.996961)

LINESTRING (384327.631525 6670485.234212, 384283.977199 6670493.844903)

LINESTRING (384327.631525 6670485.234212, 384326.693049 6670478.733207)

LINESTRING (384327.631525 6670485.234212, 384335.332844 6670483.876730, 384337.451544 6670483.943603, 384339.268659 6670484.488059, 384340.678111 6670485.669467, 384341.341075 6670486.785276, 384343.849171 6670499.544488)

LINESTRING (384311.738668 6670926.798283, 384321.854328 6670932.095744)

LINESTRING (384311.738668 6670926.798283, 384312.432995 6670925.918244)

LINESTRING (384311.738668 6670926.798283, 384303.197908 6670922.298103, 384302.137091 6670921.774374)

LINESTRING (384340.026672 6670941.518698, 384336.078456 6670947.538707)

LINESTRING (384340.026672 6670941.518698, 384375.436300 6670961.018455)

LINESTRING (384340.026672 6670941.518698, 384321.854328 6670932.095744)

LINESTRING (384340.026672 6670941.518698, 384344.022602 6670935.954109, 384350.193706 6670927.501343, 384357.479743 6670920.406457, 384364.380350 6670917.291159, 384372.049510 6670916.703695, 384379.328484 6670918.714061, 384404.512390 6670932.240150, 384413.265838 6670934.683280, 384422.342333 6670934.865072, 384430.950548 6670932.175255, 384437.797337 6670927.000079, 384442.631861 6670920.016110, 384444.654741 6670912.296120, 384444.700512 6670904.058964, 384442.353810 6670895.696650, 384438.363536 6670888.411450, 384432.570150 6670883.133386, 384423.376330 6670878.530935, 384389.282303 6670865.709269, 384377.547398 6670864.374394, 384372.251374 6670863.772524)

LINESTRING (384323.900024 6670929.858008, 384333.086573 6670919.270601)

LINESTRING (384323.900024 6670929.858008, 384322.726325 6670928.925493)

LINESTRING (384323.900024 6670929.858008, 384323.524938 6670930.293336, 384321.854328 6670932.095744)

LINESTRING (384181.299531 6670649.131455, 384170.341114 6670660.087269)

LINESTRING (384181.299531 6670649.131455, 384183.487221 6670646.989458)

LINESTRING (384181.299531 6670649.131455, 384176.400617 6670644.583320, 384173.221999 6670641.385022)

LINESTRING (384170.341114 6670660.087269, 384157.847945 6670672.573838)

LINESTRING (384170.341114 6670660.087269, 384181.299531 6670649.131455)

LINESTRING (384170.341114 6670660.087269, 384171.098990 6670660.865716)

LINESTRING (384183.487221 6670646.989458, 384181.299531 6670649.131455)

LINESTRING (384183.487221 6670646.989458, 384186.411477 6670643.720888)

LINESTRING (384183.487221 6670646.989458, 384187.691758 6670650.835155, 384188.385500 6670651.693643)

LINESTRING (384173.221999 6670641.385022, 384166.106706 6670633.853372)

LINESTRING (384173.221999 6670641.385022, 384171.643470 6670642.939408)

LINESTRING (384173.221999 6670641.385022, 384176.400617 6670644.583320, 384181.299531 6670649.131455)

LINESTRING (384173.221999 6670641.385022, 384202.503607 6670611.863145, 384207.225365 6670607.111316, 384224.631382 6670589.577337)

LINESTRING (384247.349244 6670698.008237, 384221.708002 6670680.273851, 384212.410467 6670675.051086, 384198.411953 6670665.741994)

LINESTRING (384198.411953 6670665.741994, 384198.746819 6670659.813723)

LINESTRING (384198.411953 6670665.741994, 384212.410467 6670675.051086, 384221.708002 6670680.273851, 384247.349244 6670698.008237)

LINESTRING (384198.411953 6670665.741994, 384194.615930 6670663.220709, 384192.707226 6670661.709656, 384189.663120 6670659.075461, 384188.385500 6670651.693643)

LINESTRING (384303.383169 6671002.587799, 384300.378575 6671004.008848)

LINESTRING (384303.383169 6671002.587799, 384305.335180 6671011.107375, 384306.531515 6671018.915277)

LINESTRING (384303.383169 6671002.587799, 384308.098828 6671000.822979, 384316.925767 6671001.725625, 384327.107295 6671002.429513, 384333.334388 6671003.146799, 384338.230954 6671002.713637)

LINESTRING (384303.383169 6671002.587799, 384302.630088 6670998.967350, 384301.946481 6670995.612174)

LINESTRING (384340.555988 6671027.102248, 384358.104885 6671038.082878)

LINESTRING (384340.555988 6671027.102248, 384343.971073 6671021.968330)

LINESTRING (384340.555988 6671027.102248, 384339.173285 6671038.201150)

LINESTRING (384358.104885 6671038.082878, 384340.555988 6671027.102248)

LINESTRING (384358.104885 6671038.082878, 384357.494870 6671039.874091)

LINESTRING (384343.971073 6671021.968330, 384340.555988 6671027.102248)

LINESTRING (384343.971073 6671021.968330, 384349.148145 6671025.672052, 384352.623385 6671021.739842)

LINESTRING (384343.971073 6671021.968330, 384342.656912 6671015.880378, 384340.303014 6671008.175869, 384338.230954 6671002.713637)

LINESTRING (384339.173285 6671038.201150, 384340.555988 6671027.102248)

LINESTRING (384339.173285 6671038.201150, 384338.534962 6671051.237977)

LINESTRING (384339.173285 6671038.201150, 384331.645624 6671038.160140)

LINESTRING (384276.852448 6671020.287037, 384272.786232 6671024.850929)

LINESTRING (384248.684465 6670954.666732, 384228.968057 6670941.737929)

LINESTRING (384248.684465 6670954.666732, 384276.489132 6670973.603374)

LINESTRING (384248.684465 6670954.666732, 384251.824626 6670949.095634)

LINESTRING (384276.489132 6670973.603374, 384248.684465 6670954.666732)

LINESTRING (384276.489132 6670973.603374, 384280.664326 6670965.804165)

LINESTRING (384276.489132 6670973.603374, 384283.082059 6670977.284585, 384278.800540 6670985.410338, 384280.100732 6670986.127101, 384281.677398 6670986.980011, 384277.843487 6670995.559697)

LINESTRING (384296.433185 6670995.864256, 384298.108295 6670995.789078)

LINESTRING (384296.433185 6670995.864256, 384294.158778 6670995.958357, 384290.564475 6670996.294736, 384285.785785 6670995.007997, 384281.602228 6670995.329558, 384277.843487 6670995.559697)

LINESTRING (384296.433185 6670995.864256, 384294.940114 6670992.556928, 384292.611943 6670989.365123, 384291.110104 6670986.659871, 384291.324054 6670984.112187, 384293.281719 6670980.495304, 384296.796921 6670976.773523)

LINESTRING (384306.277427 6670957.205501, 384308.289740 6670958.133825)

LINESTRING (384306.277427 6670957.205501, 384303.688237 6670962.636566, 384301.404786 6670966.843238, 384300.217426 6670969.700264, 384298.686474 6670973.638003, 384296.796921 6670976.773523)

LINESTRING (384306.277427 6670957.205501, 384301.989176 6670955.268024, 384258.211662 6670932.010098, 384256.896832 6670931.182360, 384253.823788 6670929.206556)

LINESTRING (384375.436300 6670961.018455, 384340.026672 6670941.518698)

LINESTRING (384375.436300 6670961.018455, 384374.753492 6670951.700983, 384374.024318 6670941.794320, 384376.926851 6670939.072660, 384381.110544 6670938.049109)

LINESTRING (384375.436300 6670961.018455, 384395.268519 6670972.005239, 384398.631124 6670974.183766)

LINESTRING (384381.110544 6670938.049109, 384382.846873 6670940.969885, 384392.527671 6670958.194627, 384397.128021 6670961.047348, 384412.317185 6670958.495363, 384419.364724 6670952.466843)

LINESTRING (384381.110544 6670938.049109, 384376.926851 6670939.072660, 384374.024318 6670941.794320, 384374.753492 6670951.700983, 384375.436300 6670961.018455)

LINESTRING (384381.110544 6670938.049109, 384395.740246 6670935.191523, 384419.372512 6670931.403673, 384434.392377 6670916.609427)

LINESTRING (384398.631124 6670974.183766, 384409.279581 6670981.236610)

LINESTRING (384398.631124 6670974.183766, 384399.369855 6670973.302343)

LINESTRING (384398.631124 6670974.183766, 384397.056591 6670976.038830)

LINESTRING (384398.631124 6670974.183766, 384395.268519 6670972.005239, 384375.436300 6670961.018455)

LINESTRING (384482.316062 6670765.518389, 384489.504086 6670789.486302)

LINESTRING (384482.316062 6670765.518389, 384478.130993 6670756.812802, 384469.988369 6670740.453187, 384459.866740 6670725.459870)

LINESTRING (384482.316062 6670765.518389, 384492.620344 6670761.638547, 384506.899262 6670756.262717)

LINESTRING (384489.504086 6670789.486302, 384482.316062 6670765.518389)

LINESTRING (384459.866740 6670725.459870, 384469.988369 6670740.453187, 384478.130993 6670756.812802, 384482.316062 6670765.518389)

LINESTRING (384506.899262 6670756.262717, 384518.788270 6670752.254999)

LINESTRING (384506.899262 6670756.262717, 384509.492669 6670764.171517)

LINESTRING (384506.899262 6670756.262717, 384492.620344 6670761.638547, 384482.316062 6670765.518389)

LINESTRING (384506.899262 6670756.262717, 384503.432919 6670745.684485, 384501.245407 6670740.961336)

LINESTRING (384518.788270 6670752.254999, 384501.245407 6670740.961336)

LINESTRING (384518.788270 6670752.254999, 384537.045332 6670764.005450)

LINESTRING (384518.788270 6670752.254999, 384531.704872 6670747.891758)

LINESTRING (384518.788270 6670752.254999, 384506.899262 6670756.262717)

LINESTRING (384501.245407 6670740.961336, 384518.788270 6670752.254999)

LINESTRING (384501.245407 6670740.961336, 384498.950280 6670735.996403)

LINESTRING (384501.245407 6670740.961336, 384503.432919 6670745.684485, 384506.899262 6670756.262717)

LINESTRING (384537.045332 6670764.005450, 384537.701903 6670765.979609)

LINESTRING (384537.045332 6670764.005450, 384531.704872 6670747.891758)

LINESTRING (384537.045332 6670764.005450, 384518.788270 6670752.254999)

LINESTRING (384537.045332 6670764.005450, 384540.390328 6670766.151231)

LINESTRING (384531.704872 6670747.891758, 384537.045332 6670764.005450)

LINESTRING (384531.704872 6670747.891758, 384528.359119 6670737.788915)

LINESTRING (384531.704872 6670747.891758, 384546.930168 6670742.753737)

LINESTRING (384531.704872 6670747.891758, 384518.788270 6670752.254999)

LINESTRING (384537.701903 6670765.979609, 384537.045332 6670764.005450)

LINESTRING (384537.701903 6670765.979609, 384539.193701 6670766.077487)

LINESTRING (384537.701903 6670765.979609, 384509.492669 6670764.171517)

LINESTRING (384539.193701 6670766.077487, 384540.390328 6670766.151231)

LINESTRING (384539.193701 6670766.077487, 384537.701903 6670765.979609)

LINESTRING (384539.193701 6670766.077487, 384538.856419 6670773.532563)

LINESTRING (384509.492669 6670764.171517, 384537.701903 6670765.979609)

LINESTRING (384509.492669 6670764.171517, 384506.899262 6670756.262717)

LINESTRING (384509.492669 6670764.171517, 384507.261653 6670764.765611, 384508.800123 6670770.222457, 384508.180410 6670770.476018)

LINESTRING (384540.390328 6670766.151231, 384537.045332 6670764.005450)

LINESTRING (384540.390328 6670766.151231, 384545.361019 6670766.473844)

LINESTRING (384540.390328 6670766.151231, 384539.193701 6670766.077487)

LINESTRING (384528.359119 6670737.788915, 384531.704872 6670747.891758)

LINESTRING (384528.359119 6670737.788915, 384498.950280 6670735.996403)

LINESTRING (384528.359119 6670737.788915, 384547.182382 6670738.945557)

LINESTRING (384546.930168 6670742.753737, 384531.704872 6670747.891758)

LINESTRING (384546.930168 6670742.753737, 384547.182382 6670738.945557)

LINESTRING (384546.930168 6670742.753737, 384545.361019 6670766.473844)

LINESTRING (384498.950280 6670735.996403, 384501.245407 6670740.961336)

LINESTRING (384498.950280 6670735.996403, 384528.359119 6670737.788915)

LINESTRING (384498.950280 6670735.996403, 384496.046999 6670729.713311, 384493.079128 6670724.201220)

LINESTRING (384547.182382 6670738.945557, 384528.359119 6670737.788915)

LINESTRING (384547.182382 6670738.945557, 384546.930168 6670742.753737)

LINESTRING (384547.182382 6670738.945557, 384547.222608 6670737.930150, 384549.703619 6670738.041448, 384549.849736 6670733.333915)

LINESTRING (384545.361019 6670766.473844, 384546.930168 6670742.753737)

LINESTRING (384545.361019 6670766.473844, 384540.390328 6670766.151231)

LINESTRING (384545.361019 6670766.473844, 384545.181788 6670773.656474, 384550.965071 6670773.853195)

LINESTRING (384493.079128 6670724.201220, 384496.046999 6670729.713311, 384498.950280 6670735.996403)

LINESTRING (384493.079128 6670724.201220, 384492.128820 6670722.425780, 384490.553425 6670719.499880, 384487.762198 6670714.305412)

LINESTRING (384493.079128 6670724.201220, 384489.540210 6670725.950984, 384484.766786 6670717.966029)

LINESTRING (384549.849736 6670733.333915, 384549.897080 6670731.839076)

LINESTRING (384549.849736 6670733.333915, 384549.703619 6670738.041448, 384547.222608 6670737.930150, 384547.182382 6670738.945557)

LINESTRING (384549.849736 6670733.333915, 384546.824876 6670733.239750, 384546.890146 6670731.432303)

LINESTRING (384550.965071 6670773.853195, 384550.957524 6670776.082310)

LINESTRING (384550.965071 6670773.853195, 384545.181788 6670773.656474, 384545.361019 6670766.473844)

LINESTRING (384550.965071 6670773.853195, 384557.465977 6670774.083041, 384557.877333 6670774.092372, 384560.207433 6670774.174996)

LINESTRING (384508.180410 6670770.476018, 384508.800123 6670770.222457, 384507.261653 6670764.765611, 384509.492669 6670764.171517)

LINESTRING (384487.762198 6670714.305412, 384485.210595 6670710.897641)

LINESTRING (384487.762198 6670714.305412, 384490.553425 6670719.499880, 384492.128820 6670722.425780, 384493.079128 6670724.201220)

LINESTRING (384487.762198 6670714.305412, 384484.806540 6670715.702465, 384483.683636 6670716.205922, 384484.766786 6670717.966029)

LINESTRING (384469.979516 6670675.147318, 384471.371771 6670652.524891)

LINESTRING (384469.979516 6670675.147318, 384469.420679 6670684.381347)

LINESTRING (384469.979516 6670675.147318, 384474.000953 6670675.310307, 384514.172697 6670666.421486, 384516.985818 6670661.028115, 384520.225253 6670652.768352, 384526.426981 6670647.903450, 384533.153578 6670647.178880, 384550.402336 6670648.596905, 384555.862518 6670647.700526)

LINESTRING (384471.371771 6670652.524891, 384469.979516 6670675.147318)

LINESTRING (384471.371771 6670652.524891, 384466.951376 6670652.218458)

LINESTRING (384471.371771 6670652.524891, 384471.430734 6670651.575759, 384472.581613 6670632.750036, 384455.401152 6670631.564250)

LINESTRING (384481.975509 6670877.719742, 384476.427715 6670892.036862, 384470.479436 6670899.992022, 384469.300865 6670901.723126)

LINESTRING (384448.229190 6670926.125056, 384446.551837 6670928.596281)

LINESTRING (384448.229190 6670926.125056, 384452.520602 6670929.221619, 384463.564031 6670936.997698)

LINESTRING (384448.229190 6670926.125056, 384449.452648 6670922.999479, 384458.574714 6670913.350566, 384468.087596 6670903.410746, 384469.300865 6670901.723126)

LINESTRING (384347.634584 6670647.144151, 384340.000936 6670644.298044)

LINESTRING (384329.759753 6670958.704251, 384324.281548 6670956.726298, 384318.343667 6670954.439676, 384311.677918 6670951.618820)

LINESTRING (384329.759753 6670958.704251, 384332.127532 6670954.528370, 384333.516243 6670952.066199, 384336.078456 6670947.538707)

LINESTRING (384159.168424 6670866.188938, 384152.691871 6670862.860879)

LINESTRING (384159.168424 6670866.188938, 384157.303749 6670869.758378, 384155.392056 6670872.894672)

LINESTRING (384159.168424 6670866.188938, 384160.723645 6670863.197647, 384162.184965 6670860.398780, 384163.834799 6670857.237334)

LINESTRING (384167.280707 6670850.620066, 384163.834799 6670857.237334)

LINESTRING (384167.280707 6670850.620066, 384173.449594 6670853.879863)

LINESTRING (384167.280707 6670850.620066, 384165.834757 6670849.863369)

LINESTRING (384230.299949 6670892.114291, 384233.892903 6670894.017930)

LINESTRING (384173.449594 6670853.879863, 384178.098625 6670856.329583)

LINESTRING (384173.449594 6670853.879863, 384167.280707 6670850.620066)

LINESTRING (384173.449594 6670853.879863, 384173.984735 6670853.060550)

LINESTRING (384165.834757 6670849.863369, 384167.280707 6670850.620066)

LINESTRING (384165.834757 6670849.863369, 384160.739222 6670847.171456)

LINESTRING (384165.834757 6670849.863369, 384172.418121 6670837.062079)

LINESTRING (384151.054742 6670850.609173, 384154.564059 6670843.889588)

LINESTRING (384151.054742 6670850.609173, 384157.289532 6670853.844572)

LINESTRING (384151.054742 6670850.609173, 384149.420507 6670853.736699, 384147.953293 6670856.524613, 384146.408473 6670859.493292)

LINESTRING (384154.564059 6670843.889588, 384155.371683 6670844.309836)

LINESTRING (384154.564059 6670843.889588, 384114.671982 6670822.895375)

LINESTRING (384154.564059 6670843.889588, 384151.054742 6670850.609173)

LINESTRING (384155.371683 6670844.309836, 384154.564059 6670843.889588)

LINESTRING (384155.371683 6670844.309836, 384160.739222 6670847.171456)

LINESTRING (384155.371683 6670844.309836, 384175.718776 6670804.404871, 384176.032032 6670803.770883)

LINESTRING (384114.671982 6670822.895375, 384154.564059 6670843.889588)

LINESTRING (384114.671982 6670822.895375, 384109.644371 6670820.245959)

LINESTRING (384114.671982 6670822.895375, 384115.423187 6670822.058077)

LINESTRING (384116.542776 6670914.554974, 384127.803909 6670898.095175)

LINESTRING (384116.542776 6670914.554974, 384104.979697 6670906.885495)

LINESTRING (384116.542776 6670914.554974, 384119.483183 6670916.022216)

LINESTRING (384116.542776 6670914.554974, 384116.125246 6670915.404011, 384096.474014 6670945.480246)

LINESTRING (384089.543950 6670956.086059, 384096.474014 6670945.480246)

LINESTRING (384089.543950 6670956.086059, 384092.164687 6670957.808567)

LINESTRING (384089.543950 6670956.086059, 384073.003257 6670981.405675, 384068.749080 6670987.747715)

LINESTRING (384084.426595 6670981.501242, 384085.915454 6670979.225258)

LINESTRING (384084.426595 6670981.501242, 384085.621130 6670982.388447)

LINESTRING (384084.426595 6670981.501242, 384081.461743 6670986.108528, 384077.079131 6670992.956121)

LINESTRING (384183.920103 6670912.224392, 384213.036357 6670930.985396)

LINESTRING (384104.979697 6670906.885495, 384116.542776 6670914.554974)

LINESTRING (384096.474014 6670945.480246, 384089.543950 6670956.086059)

LINESTRING (384096.474014 6670945.480246, 384099.084360 6670947.225376)

LINESTRING (384096.474014 6670945.480246, 384116.125246 6670915.404011, 384116.542776 6670914.554974)

LINESTRING (384096.474014 6670945.480246, 384092.933535 6670943.129302, 384075.111993 6670931.122080)

LINESTRING (384099.084360 6670947.225376, 384092.164687 6670957.808567)

LINESTRING (384099.084360 6670947.225376, 384096.474014 6670945.480246)

LINESTRING (384099.084360 6670947.225376, 384118.762644 6670917.126011, 384119.483183 6670916.022216)

LINESTRING (384283.628588 6670343.083161, 384273.499561 6670337.061776)

LINESTRING (384283.628588 6670343.083161, 384278.277123 6670352.011616, 384269.413027 6670370.568316, 384263.801331 6670389.902751, 384262.529125 6670400.987036, 384262.059790 6670410.051121)

LINESTRING (384283.628588 6670343.083161, 384289.886555 6670333.479721, 384295.195740 6670326.201992)

LINESTRING (384293.261912 6670360.153185, 384289.965315 6670370.643842, 384285.182941 6670387.567155, 384282.556510 6670407.141648, 384278.076709 6670409.890875, 384262.059790 6670410.051121)

LINESTRING (384283.226671 6670504.912712, 384284.525702 6670515.793225)

LINESTRING (384283.226671 6670504.912712, 384275.194735 6670506.002134)

LINESTRING (384283.226671 6670504.912712, 384285.909886 6670504.560533)

LINESTRING (384584.208931 6670957.568818, 384584.483210 6670952.344608)

LINESTRING (384584.208931 6670957.568818, 384604.285901 6670958.886819)

LINESTRING (384584.208931 6670957.568818, 384584.078362 6670960.124995, 384583.754800 6670966.253452, 384582.289006 6670990.081735, 384599.161651 6670990.720517)

LINESTRING (384584.208931 6670957.568818, 384582.377665 6670957.448184, 384573.727005 6670956.851388)

LINESTRING (384604.285901 6670958.886819, 384612.467970 6670959.420431)

LINESTRING (384604.285901 6670958.886819, 384584.208931 6670957.568818)

LINESTRING (384604.285901 6670958.886819, 384604.136919 6670961.387852)

LINESTRING (384599.161651 6670990.720517, 384582.289006 6670990.081735, 384583.754800 6670966.253452, 384584.078362 6670960.124995, 384584.208931 6670957.568818)

LINESTRING (384573.727005 6670956.851388, 384566.301003 6670956.338624)

LINESTRING (384573.727005 6670956.851388, 384573.667592 6670959.550201)

LINESTRING (384573.727005 6670956.851388, 384582.377665 6670957.448184, 384584.208931 6670957.568818)

LINESTRING (384628.583051 6670981.335538, 384628.655645 6670978.524869)

LINESTRING (384253.823788 6670929.206556, 384242.249334 6670921.693040)

LINESTRING (384253.823788 6670929.206556, 384256.896832 6670931.182360, 384258.211662 6670932.010098, 384301.989176 6670955.268024, 384306.277427 6670957.205501)

LINESTRING (384253.823788 6670929.206556, 384252.863502 6670930.986562, 384250.602479 6670934.847082, 384244.712228 6670944.973962, 384251.824626 6670949.095634)

LINESTRING (384312.855301 6670935.600556, 384318.421368 6670938.601006)

LINESTRING (384314.544247 6670094.835251, 384315.843463 6670094.103297, 384320.401820 6670091.541111, 384321.733638 6670090.785842, 384324.426080 6670089.307829, 384325.428387 6670088.674403, 384330.209477 6670086.127490, 384332.045615 6670085.155712)

LINESTRING (384314.544247 6670094.835251, 384327.331667 6670112.719682, 384355.226830 6670160.763453, 384357.274944 6670165.279187, 384358.730996 6670170.047632, 384359.892810 6670174.647049, 384361.830044 6670179.522904, 384364.912524 6670184.774974, 384368.291846 6670187.989402, 384371.986625 6670189.756255)

LINESTRING (384371.986625 6670189.756255, 384368.814723 6670193.645406)

LINESTRING (384371.986625 6670189.756255, 384368.291846 6670187.989402, 384364.912524 6670184.774974, 384361.830044 6670179.522904, 384359.892810 6670174.647049, 384358.730996 6670170.047632, 384357.274944 6670165.279187, 384355.226830 6670160.763453, 384327.331667 6670112.719682, 384314.544247 6670094.835251)

LINESTRING (384371.986625 6670189.756255, 384377.124163 6670187.064423, 384379.745101 6670185.610992, 384387.121893 6670181.165741)

LINESTRING (384058.039003 6670145.845241, 384052.288171 6670140.911843)

LINESTRING (384058.039003 6670145.845241, 384060.844829 6670142.335155)

LINESTRING (384058.039003 6670145.845241, 384060.494667 6670147.951881, 384062.836153 6670149.961834, 384065.143277 6670151.939441)

LINESTRING (384052.288171 6670140.911843, 384058.039003 6670145.845241)

LINESTRING (384052.288171 6670140.911843, 384050.529362 6670139.407255)

LINESTRING (384052.288171 6670140.911843, 384045.933497 6670147.977824)

LINESTRING (384052.288171 6670140.911843, 384055.642693 6670137.183798, 384058.997926 6670133.478022)

LINESTRING (384060.844829 6670142.335155, 384064.279092 6670138.493151)

LINESTRING (384060.844829 6670142.335155, 384063.008181 6670137.307459)

LINESTRING (384065.143277 6670151.939441, 384059.445566 6670158.873176)

LINESTRING (384065.143277 6670151.939441, 384069.645744 6670154.995496)

LINESTRING (384065.143277 6670151.939441, 384062.836153 6670149.961834, 384060.494667 6670147.951881, 384058.039003 6670145.845241)

LINESTRING (384064.279092 6670138.493151, 384063.008181 6670137.307459)

LINESTRING (384064.279092 6670138.493151, 384071.746747 6670130.076963, 384080.535365 6670120.738609, 384089.789101 6670111.875926, 384099.557039 6670103.108454, 384109.582888 6670094.589179, 384119.743211 6670086.455737, 384130.066110 6670078.718386, 384139.524364 6670072.100548, 384150.978821 6670064.828994)

LINESTRING (384064.279092 6670138.493151, 384066.717133 6670140.745230, 384068.990338 6670142.879935, 384071.223631 6670144.982470)

LINESTRING (384063.008181 6670137.307459, 384064.279092 6670138.493151)

LINESTRING (384063.008181 6670137.307459, 384058.997926 6670133.478022)

LINESTRING (384063.008181 6670137.307459, 384064.886691 6670132.935151, 384069.040441 6670127.599332, 384077.904922 6670118.024539, 384087.010123 6670109.032813, 384096.781420 6670100.020051, 384106.796875 6670091.523385, 384116.900722 6670083.536599, 384127.671642 6670075.383879, 384137.463472 6670068.421158, 384148.829834 6670061.174672)

LINESTRING (384059.445566 6670158.873176, 384063.846967 6670162.422775)

LINESTRING (384059.445566 6670158.873176, 384057.034043 6670156.932308, 384054.684979 6670155.034043, 384052.113816 6670152.964494)

LINESTRING (384069.645744 6670154.995496, 384074.505599 6670158.987530)

LINESTRING (384069.645744 6670154.995496, 384063.846967 6670162.422775)

LINESTRING (384069.645744 6670154.995496, 384065.143277 6670151.939441)

LINESTRING (384063.846967 6670162.422775, 384059.445566 6670158.873176)

LINESTRING (384063.846967 6670162.422775, 384064.436959 6670162.983626, 384069.799239 6670167.227230)

LINESTRING (384052.113816 6670152.964494, 384045.933497 6670147.977824)

LINESTRING (384052.113816 6670152.964494, 384058.039003 6670145.845241)

LINESTRING (384052.113816 6670152.964494, 384054.684979 6670155.034043, 384057.034043 6670156.932308, 384059.445566 6670158.873176)

LINESTRING (384074.505599 6670158.987530, 384069.645744 6670154.995496)

LINESTRING (384074.505599 6670158.987530, 384074.161865 6670167.267571, 384080.172207 6670173.909036)

LINESTRING (384074.505599 6670158.987530, 384070.203995 6670166.322874, 384069.799239 6670167.227230)

LINESTRING (384074.505599 6670158.987530, 384075.776723 6670155.436835, 384076.422835 6670149.866475)

LINESTRING (384080.172207 6670173.909036, 384078.696844 6670175.393324)

LINESTRING (384080.172207 6670173.909036, 384087.708627 6670182.251930, 384138.448859 6670225.102920)

LINESTRING (384080.172207 6670173.909036, 384074.161865 6670167.267571, 384074.505599 6670158.987530)

LINESTRING (384069.799239 6670167.227230, 384070.203995 6670166.322874, 384074.505599 6670158.987530)

LINESTRING (384069.799239 6670167.227230, 384064.436959 6670162.983626, 384063.846967 6670162.422775)

LINESTRING (384076.422835 6670149.866475, 384074.762185 6670148.303049)

LINESTRING (384076.422835 6670149.866475, 384075.776723 6670155.436835, 384074.505599 6670158.987530)

LINESTRING (384076.422835 6670149.866475, 384084.582712 6670141.027222, 384093.204798 6670132.396264, 384101.887006 6670123.908304, 384110.805701 6670115.869811, 384119.885126 6670107.993428, 384129.417340 6670100.203056, 384139.117402 6670092.975771, 384148.134923 6670086.828805, 384160.537376 6670078.613477, 384164.670616 6670076.666327, 384168.859168 6670075.062911)

LINESTRING (384045.933497 6670147.977824, 384052.113816 6670152.964494)

LINESTRING (384045.933497 6670147.977824, 384052.288171 6670140.911843)

LINESTRING (384048.474734 6670640.648912, 384044.853555 6670634.879211)

LINESTRING (384048.474734 6670640.648912, 384092.239974 6670693.225940, 384094.851805 6670699.228204)

LINESTRING (384044.853555 6670634.879211, 384048.474734 6670640.648912)

LINESTRING (384044.853555 6670634.879211, 384118.116300 6670576.416364)

LINESTRING (384138.448859 6670225.102920, 384150.918496 6670230.983111, 384195.460971 6670275.713527)

LINESTRING (384138.448859 6670225.102920, 384087.708627 6670182.251930, 384080.172207 6670173.909036)

LINESTRING (384138.448859 6670225.102920, 384125.097679 6670242.832246, 384113.696637 6670261.614416)

LINESTRING (384195.460971 6670275.713527, 384150.918496 6670230.983111, 384138.448859 6670225.102920)

LINESTRING (384195.460971 6670275.713527, 384207.074298 6670287.382617, 384212.859185 6670290.242303, 384220.416049 6670291.686408, 384229.872120 6670291.521469, 384239.257242 6670289.285934, 384248.829751 6670284.715324, 384274.690423 6670270.960110)

LINESTRING (384195.460971 6670275.713527, 384187.028852 6670286.132502, 384173.348485 6670306.981350, 384165.024844 6670323.114043, 384157.898665 6670341.448944, 384151.126567 6670364.832241)

LINESTRING (384113.696637 6670261.614416, 384125.097679 6670242.832246, 384138.448859 6670225.102920)

LINESTRING (384113.696637 6670261.614416, 384110.401587 6670267.045629, 384099.403262 6670289.949703, 384092.927685 6670304.430482)

LINESTRING (384113.696637 6670261.614416, 384105.422246 6670251.010202, 384103.918253 6670250.533966, 384096.704223 6670248.867511, 384095.241588 6670247.063784)

LINESTRING (384074.762185 6670148.303049, 384076.422835 6670149.866475)

LINESTRING (384074.762185 6670148.303049, 384071.223631 6670144.982470)

LINESTRING (384074.762185 6670148.303049, 384071.105019 6670152.475281, 384069.645744 6670154.995496)

LINESTRING (384168.859168 6670075.062911, 384164.670616 6670076.666327, 384160.537376 6670078.613477, 384148.134923 6670086.828805, 384139.117402 6670092.975771, 384129.417340 6670100.203056, 384119.885126 6670107.993428, 384110.805701 6670115.869811, 384101.887006 6670123.908304, 384093.204798 6670132.396264, 384084.582712 6670141.027222, 384076.422835 6670149.866475)

LINESTRING (384168.859168 6670075.062911, 384163.786655 6670080.516796, 384149.406376 6670089.262684)

LINESTRING (384058.997926 6670133.478022, 384063.008181 6670137.307459)

LINESTRING (384058.997926 6670133.478022, 384055.642693 6670137.183798, 384052.288171 6670140.911843)

LINESTRING (384071.223631 6670144.982470, 384074.762185 6670148.303049)

LINESTRING (384071.223631 6670144.982470, 384067.554929 6670148.965615, 384065.143277 6670151.939441)

LINESTRING (384071.223631 6670144.982470, 384068.990338 6670142.879935, 384066.717133 6670140.745230, 384064.279092 6670138.493151)

LINESTRING (384088.297640 6670704.873975, 384094.851805 6670699.228204)

LINESTRING (384088.297640 6670704.873975, 384085.245897 6670707.444561)

LINESTRING (384088.297640 6670704.873975, 384091.607428 6670708.881596, 384094.089210 6670712.001562, 384095.124819 6670713.306143, 384097.858503 6670717.365423)

LINESTRING (384085.245897 6670707.444561, 384088.297640 6670704.873975)

LINESTRING (384085.245897 6670707.444561, 384083.157670 6670709.215708, 384080.776816 6670711.219001, 384078.823808 6670712.874429)

LINESTRING (384071.951090 6670718.106819, 384073.348865 6670717.338217, 384075.469408 6670715.710919)

LINESTRING (384071.951090 6670718.106819, 384077.241182 6670726.063787, 384078.943722 6670730.891202, 384079.493700 6670732.824084, 384079.416662 6670735.657209, 384079.392411 6670737.173621)

LINESTRING (384075.469408 6670715.710919, 384078.823808 6670712.874429)

LINESTRING (384075.469408 6670715.710919, 384073.348865 6670717.338217, 384071.951090 6670718.106819)

LINESTRING (384078.823808 6670712.874429, 384075.469408 6670715.710919)

LINESTRING (384078.823808 6670712.874429, 384080.776816 6670711.219001, 384083.157670 6670709.215708, 384085.245897 6670707.444561)

LINESTRING (384410.493613 6671049.836721, 384426.714240 6671025.052589, 384428.019604 6671023.116871)

LINESTRING (384419.761584 6671017.883131, 384413.917811 6671027.027554)

LINESTRING (384419.761584 6671017.883131, 384423.757332 6671011.783705)

LINESTRING (384419.761584 6671017.883131, 384400.330334 6671005.334506)

LINESTRING (384419.761584 6671017.883131, 384420.872366 6671018.583628, 384428.019604 6671023.116871)

LINESTRING (384433.375884 6670997.104074, 384432.088208 6670999.072665)

LINESTRING (384433.375884 6670997.104074, 384438.596447 6671000.427638)

LINESTRING (384433.375884 6670997.104074, 384432.196052 6670996.327740)

LINESTRING (384432.088208 6670999.072665, 384440.221430 6671004.399524)

LINESTRING (384432.088208 6670999.072665, 384433.375884 6670997.104074)

LINESTRING (384432.088208 6670999.072665, 384429.199863 6671003.476640)

LINESTRING (384438.596447 6671000.427638, 384445.107877 6671004.702355)

LINESTRING (384438.596447 6671000.427638, 384433.375884 6670997.104074)

LINESTRING (384438.596447 6671000.427638, 384439.550472 6670999.327690, 384448.213221 6670989.035705)

LINESTRING (384432.196052 6670996.327740, 384433.375884 6670997.104074)

LINESTRING (384432.196052 6670996.327740, 384424.288625 6670991.116365)

LINESTRING (384432.196052 6670996.327740, 384433.206551 6670995.081133)

LINESTRING (384380.376846 6670992.434690, 384371.187493 6670986.383463)

LINESTRING (384380.376846 6670992.434690, 384382.803828 6670994.007490)

LINESTRING (384380.376846 6670992.434690, 384379.526375 6670993.999452)

LINESTRING (384382.147241 6670985.168399, 384374.191602 6670980.192682)

LINESTRING (384397.038909 6671000.657386, 384395.958605 6671002.508004)

LINESTRING (384397.038909 6671000.657386, 384389.760098 6670996.005762, 384387.287391 6670993.687725, 384382.147241 6670985.168399)

LINESTRING (384439.947024 6671022.294945, 384436.045878 6671028.224204)

LINESTRING (384439.947024 6671022.294945, 384431.988667 6671017.051728)

LINESTRING (384439.947024 6671022.294945, 384441.780965 6671019.506733, 384443.503646 6671016.889197, 384445.364285 6671014.066712)

LINESTRING (384449.588858 6671007.648057, 384448.221101 6671009.719467)

LINESTRING (384449.588858 6671007.648057, 384457.863920 6671013.070780)

LINESTRING (384449.588858 6671007.648057, 384445.107877 6671004.702355)

LINESTRING (384445.107877 6671004.702355, 384449.588858 6671007.648057)

LINESTRING (384445.107877 6671004.702355, 384438.596447 6671000.427638)

LINESTRING (384445.107877 6671004.702355, 384446.158343 6671003.666234)

LINESTRING (384449.955691 6671037.425478, 384436.045878 6671028.224204)

LINESTRING (384449.955691 6671037.425478, 384449.101975 6671038.711715)

LINESTRING (384413.917811 6671027.027554, 384419.761584 6671017.883131)

LINESTRING (384413.917811 6671027.027554, 384401.171487 6671046.965771)

LINESTRING (384413.917811 6671027.027554, 384412.026941 6671025.192647)

LINESTRING (384400.330334 6671005.334506, 384395.958605 6671002.508004)

LINESTRING (384400.330334 6671005.334506, 384419.761584 6671017.883131)

LINESTRING (384400.330334 6671005.334506, 384399.321465 6671007.160581)

LINESTRING (384448.213221 6670989.035705, 384444.837592 6670987.147300)

LINESTRING (384448.213221 6670989.035705, 384439.550472 6670999.327690, 384438.596447 6671000.427638)

LINESTRING (384448.213221 6670989.035705, 384450.006859 6670986.906289, 384451.608296 6670986.432306)

LINESTRING (384479.734756 6671027.426197, 384484.090795 6671030.286723)

LINESTRING (384479.734756 6671027.426197, 384472.264917 6671022.524117)

LINESTRING (384479.734756 6671027.426197, 384480.246203 6671026.206479, 384487.345061 6671010.882043, 384488.523748 6671002.988089)

LINESTRING (384484.090795 6671030.286723, 384496.455357 6671038.400150)

LINESTRING (384484.090795 6671030.286723, 384479.734756 6671027.426197)

LINESTRING (384484.090795 6671030.286723, 384484.797928 6671029.283725)

LINESTRING (384472.264917 6671022.524117, 384479.734756 6671027.426197)

LINESTRING (384472.264917 6671022.524117, 384457.863920 6671013.070780)

LINESTRING (384472.264917 6671022.524117, 384473.111760 6671021.371835)

LINESTRING (384488.523748 6671002.988089, 384479.759913 6670997.212940)

LINESTRING (384488.523748 6671002.988089, 384489.781466 6670994.957912)

LINESTRING (384488.523748 6671002.988089, 384487.345061 6671010.882043, 384480.246203 6671026.206479, 384479.734756 6671027.426197)

LINESTRING (384507.821490 6671045.854132, 384496.455357 6671038.400150)

LINESTRING (384507.821490 6671045.854132, 384508.759356 6671045.122477)

LINESTRING (384496.455357 6671038.400150, 384507.821490 6671045.854132)

LINESTRING (384496.455357 6671038.400150, 384484.090795 6671030.286723)

LINESTRING (384496.455357 6671038.400150, 384497.012734 6671037.580185)

LINESTRING (384508.759356 6671045.122477, 384507.821490 6671045.854132)

LINESTRING (384237.226934 6670887.549143, 384233.892903 6670894.017930)

LINESTRING (384237.226934 6670887.549143, 384244.361137 6670891.302350)

LINESTRING (384237.226934 6670887.549143, 384204.304609 6670870.167521)

LINESTRING (384237.226934 6670887.549143, 384240.719231 6670886.090352, 384271.709312 6670826.815106, 384272.759682 6670824.720219)

LINESTRING (384204.304609 6670870.167521, 384237.226934 6670887.549143)

LINESTRING (384204.304609 6670870.167521, 384194.046001 6670864.752299)

LINESTRING (384204.304609 6670870.167521, 384204.711339 6670869.151671)

LINESTRING (384272.759682 6670824.720219, 384278.490716 6670826.957587)

LINESTRING (384272.759682 6670824.720219, 384271.709312 6670826.815106, 384240.719231 6670886.090352, 384237.226934 6670887.549143)

LINESTRING (384272.759682 6670824.720219, 384271.111937 6670824.081298, 384270.172896 6670823.720897)

LINESTRING (384261.697292 6670900.617612, 384266.932811 6670903.349817)

LINESTRING (384261.697292 6670900.617612, 384256.642151 6670897.968873)

LINESTRING (384261.697292 6670900.617612, 384262.381141 6670899.581872)

LINESTRING (384109.644371 6670820.245959, 384114.671982 6670822.895375)

LINESTRING (384109.644371 6670820.245959, 384098.183050 6670814.222650)

LINESTRING (384109.644371 6670820.245959, 384110.412223 6670819.408134)

LINESTRING (384095.776431 6670812.950284, 384098.183050 6670814.222650)

LINESTRING (384095.776431 6670812.950284, 384097.939084 6670808.791877)

LINESTRING (384095.776431 6670812.950284, 384094.816144 6670812.445722, 384092.419494 6670801.477377)

LINESTRING (384180.459457 6670809.225464, 384160.739222 6670847.171456)

LINESTRING (384180.459457 6670809.225464, 384181.737144 6670806.766743)

LINESTRING (384180.459457 6670809.225464, 384185.375689 6670811.867351)

LINESTRING (384077.443926 6670823.794157, 384071.376895 6670833.592585)

LINESTRING (384077.443926 6670823.794157, 384074.578942 6670820.675181, 384071.638642 6670817.458290, 384068.854156 6670814.425928)

LINESTRING (384270.172896 6670823.720897, 384271.111937 6670824.081298, 384272.759682 6670824.720219)

LINESTRING (384176.032032 6670803.770883, 384178.715585 6670798.515055)

LINESTRING (384176.032032 6670803.770883, 384173.427690 6670802.393271)

LINESTRING (384176.032032 6670803.770883, 384181.737144 6670806.766743)

LINESTRING (384176.032032 6670803.770883, 384175.718776 6670804.404871, 384155.371683 6670844.309836)

LINESTRING (384181.693841 6670778.327521, 384187.324110 6670781.414913)

LINESTRING (384181.693841 6670778.327521, 384179.640143 6670782.070087)

LINESTRING (384181.693841 6670778.327521, 384156.066304 6670764.359987, 384153.468910 6670762.324648, 384150.449596 6670759.946025)

LINESTRING (384178.715585 6670798.515055, 384176.032032 6670803.770883)

LINESTRING (384178.715585 6670798.515055, 384184.292524 6670801.849303)

LINESTRING (384178.715585 6670798.515055, 384185.933470 6670784.166955, 384187.324110 6670781.414913)

LINESTRING (384178.715585 6670798.515055, 384177.742448 6670797.955154, 384167.983640 6670793.070278, 384166.666440 6670792.521255)

LINESTRING (384172.418121 6670837.062079, 384175.484924 6670831.103180)

LINESTRING (384172.418121 6670837.062079, 384165.834757 6670849.863369)

LINESTRING (384172.418121 6670837.062079, 384174.331000 6670838.004621)

LINESTRING (384086.252650 6670729.088661, 384081.659396 6670723.316240, 384075.469408 6670715.710919)

LINESTRING (384086.252650 6670729.088661, 384090.672136 6670724.624840, 384093.417506 6670721.852203, 384097.858503 6670717.365423)

LINESTRING (384102.393104 6670736.390458, 384108.967085 6670736.115703)

LINESTRING (384102.393104 6670736.390458, 384102.243788 6670740.451756, 384100.354216 6670749.382488, 384084.303407 6670803.572909, 384083.083972 6670808.046968, 384082.463466 6670810.206328, 384081.908764 6670812.163007, 384080.924542 6670815.292294)

LINESTRING (384102.393104 6670736.390458, 384098.354515 6670736.562753, 384093.544906 6670736.770582, 384088.156394 6670736.941004)

LINESTRING (384108.967085 6670736.115703, 384102.393104 6670736.390458)

LINESTRING (384108.967085 6670736.115703, 384108.809581 6670739.742627, 384108.324781 6670742.154012)

LINESTRING (384108.967085 6670736.115703, 384108.802388 6670731.785724, 384108.907817 6670728.795680)

LINESTRING (384108.324781 6670742.154012, 384111.806603 6670744.049910, 384114.756918 6670745.650573)

LINESTRING (384108.324781 6670742.154012, 384107.643787 6670745.563456, 384107.136271 6670747.607793, 384106.314081 6670750.943692, 384105.597264 6670753.395848)

LINESTRING (384108.324781 6670742.154012, 384108.809581 6670739.742627, 384108.967085 6670736.115703)

LINESTRING (384108.907817 6670728.795680, 384110.977107 6670730.290467)

LINESTRING (384108.907817 6670728.795680, 384108.802388 6670731.785724, 384108.967085 6670736.115703)

LINESTRING (384108.907817 6670728.795680, 384109.278296 6670725.930988, 384110.181793 6670722.882275, 384111.403807 6670720.068668, 384113.052244 6670717.564766)

LINESTRING (384157.847945 6670672.573838, 384170.341114 6670660.087269)

LINESTRING (384157.847945 6670672.573838, 384159.264971 6670673.643492)

LINESTRING (384157.847945 6670672.573838, 384120.444185 6670709.953418, 384113.052244 6670717.564766)

LINESTRING (384121.187628 6670678.123685, 384166.106706 6670633.853372)

LINESTRING (384121.187628 6670678.123685, 384107.276268 6670662.092080)

LINESTRING (384121.187628 6670678.123685, 384103.674195 6670695.394126, 384094.851805 6670699.228204)

LINESTRING (384638.642074 6670705.340459, 384639.872015 6670705.413188)

LINESTRING (384638.642074 6670705.340459, 384618.127438 6670704.102859)

LINESTRING (384638.642074 6670705.340459, 384638.580032 6670706.546004)

LINESTRING (384639.354180 6670727.963409, 384639.030188 6670733.200318)

LINESTRING (384639.354180 6670727.963409, 384636.581500 6670727.939242)

LINESTRING (384639.354180 6670727.963409, 384639.680919 6670722.637258, 384640.357190 6670710.591194, 384639.872015 6670705.413188)

LINESTRING (384659.481013 6671009.505449, 384658.877313 6671016.266798, 384657.330138 6671033.288381, 384654.139696 6671037.278191)

LINESTRING (384659.481013 6671009.505449, 384660.208436 6671001.380593, 384660.533208 6670986.815817, 384659.634741 6670984.035713, 384657.525990 6670981.628034, 384654.417291 6670980.098803)

LINESTRING (384659.481013 6671009.505449, 384662.398513 6671009.725665, 384668.044731 6671009.815424)

LINESTRING (384656.258580 6670870.591947, 384682.445448 6670872.063570)

LINESTRING (384656.258580 6670870.591947, 384655.768046 6670877.773218)

LINESTRING (384656.258580 6670870.591947, 384656.704022 6670863.389806)

LINESTRING (384662.053563 6670811.333243, 384658.370800 6670811.159395)

LINESTRING (384662.053563 6670811.333243, 384658.674412 6670863.517245, 384656.704022 6670863.389806)

LINESTRING (384662.053563 6670811.333243, 384666.144777 6670736.760094, 384666.268313 6670732.565923, 384667.272055 6670728.098877, 384668.805156 6670723.860348, 384670.459284 6670720.643294, 384674.255960 6670714.372129)

LINESTRING (384327.244104 6670841.343805, 384342.291309 6670846.775430, 384351.998199 6670854.604518)

LINESTRING (384351.998199 6670854.604518, 384354.970192 6670851.969807, 384358.656791 6670850.505000, 384362.630419 6670850.390758, 384366.402386 6670851.631357, 384369.259428 6670853.803525, 384371.302065 6670856.748066, 384371.798345 6670858.392924, 384372.338037 6670860.181290, 384372.251374 6670863.772524)

LINESTRING (384351.998199 6670854.604518, 384342.291309 6670846.775430, 384327.244104 6670841.343805)

LINESTRING (384372.251374 6670863.772524, 384377.547398 6670864.374394, 384389.282303 6670865.709269, 384423.376330 6670878.530935, 384432.570150 6670883.133386, 384438.363536 6670888.411450, 384442.353810 6670895.696650, 384444.700512 6670904.058964, 384444.654741 6670912.296120, 384442.631861 6670920.016110, 384437.797337 6670927.000079, 384430.950548 6670932.175255, 384422.342333 6670934.865072, 384413.265838 6670934.683280, 384404.512390 6670932.240150, 384379.328484 6670918.714061, 384372.049510 6670916.703695, 384364.380350 6670917.291159, 384357.479743 6670920.406457, 384350.193706 6670927.501343, 384344.022602 6670935.954109, 384340.026672 6670941.518698)

LINESTRING (384372.251374 6670863.772524, 384371.058233 6670867.153493, 384368.876063 6670869.997303, 384365.912852 6670872.029929, 384362.467837 6670873.052474, 384358.881905 6670872.953884, 384355.494611 6670871.756877, 384352.389118 6670869.280517, 384350.316123 6670865.902312)

LINESTRING (384350.316123 6670865.902312, 384338.745741 6670871.717082)

LINESTRING (384350.316123 6670865.902312, 384349.526892 6670862.015529, 384350.108677 6670858.096625, 384351.998199 6670854.604518)

LINESTRING (384338.745741 6670871.717082, 384350.316123 6670865.902312)

LINESTRING (384236.787284 6670601.396509, 384232.401489 6670597.088415)

LINESTRING (384210.337811 6670619.996239, 384232.401489 6670597.088415)

LINESTRING (384210.337811 6670619.996239, 384209.033535 6670628.473775, 384196.982612 6670642.305849, 384195.913745 6670645.749816, 384196.087568 6670652.130081)

LINESTRING (384210.337811 6670619.996239, 384201.312110 6670626.722877, 384188.112296 6670641.817168, 384186.411477 6670643.720888)

LINESTRING (384284.525702 6670515.793225, 384285.954991 6670514.611370)

LINESTRING (384284.525702 6670515.793225, 384283.102666 6670516.997171)

LINESTRING (384284.525702 6670515.793225, 384284.501768 6670519.961991, 384283.715204 6670524.433445)

LINESTRING (384285.954991 6670514.611370, 384286.057665 6670519.623114)

LINESTRING (384285.954991 6670514.611370, 384286.046562 6670512.936817)

LINESTRING (384285.954991 6670514.611370, 384284.525702 6670515.793225)

LINESTRING (384283.102666 6670516.997171, 384284.525702 6670515.793225)

LINESTRING (384283.715204 6670524.433445, 384285.473796 6670525.236043)

LINESTRING (384283.715204 6670524.433445, 384282.331738 6670523.195516)

LINESTRING (384283.715204 6670524.433445, 384283.446469 6670526.303047, 384282.197636 6670532.672502, 384279.941844 6670538.995740, 384277.042995 6670545.361573, 384273.730717 6670550.949208)

LINESTRING (384293.778162 6670504.445865, 384285.909886 6670504.560533)

LINESTRING (384286.046562 6670512.936817, 384285.954991 6670514.611370)

LINESTRING (384286.046562 6670512.936817, 384286.265444 6670508.784185, 384285.909886 6670504.560533)

LINESTRING (384286.046562 6670512.936817, 384288.552677 6670512.957997, 384290.954122 6670513.183082, 384294.236577 6670513.335779, 384299.998100 6670513.532808, 384301.824991 6670519.314810)

LINESTRING (384118.116300 6670576.416364, 384114.595072 6670570.643437)

LINESTRING (384118.116300 6670576.416364, 384044.853555 6670634.879211)

LINESTRING (384118.116300 6670576.416364, 384121.004361 6670581.139448, 384133.041318 6670596.740015, 384145.135567 6670611.168642, 384157.543940 6670625.520509, 384166.106706 6670633.853372)

LINESTRING (384158.971623 6670556.446778, 384173.204360 6670557.858082, 384198.330163 6670562.937244)

LINESTRING (384158.971623 6670556.446778, 384160.704750 6670527.617083, 384162.230385 6670490.814538)

LINESTRING (384158.971623 6670556.446778, 384158.420050 6670565.535778, 384158.511204 6670584.589873, 384160.064405 6670605.258279, 384166.106706 6670633.853372)

LINESTRING (384059.167035 6670833.232166, 384060.624763 6670831.024025, 384062.623162 6670827.996381)

LINESTRING (384301.946481 6670995.612174, 384298.108295 6670995.789078)

LINESTRING (384301.946481 6670995.612174, 384302.630088 6670998.967350, 384303.383169 6671002.587799)

LINESTRING (384301.946481 6670995.612174, 384301.715885 6670993.234548, 384302.372787 6670990.817758, 384304.823997 6670988.054564, 384307.498728 6670985.685513, 384312.793007 6670981.662404)

LINESTRING (384479.759913 6670997.212940, 384459.713615 6670984.003585)

LINESTRING (384479.759913 6670997.212940, 384488.523748 6671002.988089)

LINESTRING (384479.759913 6670997.212940, 384476.002919 6671001.198483)

LINESTRING (384451.608296 6670986.432306, 384459.713615 6670984.003585)

LINESTRING (384451.608296 6670986.432306, 384450.006859 6670986.906289, 384448.213221 6670989.035705)

LINESTRING (384451.608296 6670986.432306, 384450.300657 6670983.364250, 384449.243223 6670979.775662)

LINESTRING (384441.393461 6670962.125278, 384452.319872 6670969.715556)

LINESTRING (384441.393461 6670962.125278, 384433.319292 6670971.707763)

LINESTRING (384441.393461 6670962.125278, 384431.362902 6670951.063158, 384426.938613 6670946.042828)

LINESTRING (384452.319872 6670969.715556, 384441.393461 6670962.125278)

LINESTRING (384452.319872 6670969.715556, 384447.452967 6670980.779387)

LINESTRING (384452.319872 6670969.715556, 384465.117278 6670976.221591, 384449.533992 6670981.950796, 384447.452967 6670980.779387)

LINESTRING (384433.319292 6670971.707763, 384438.061401 6670975.358459)

LINESTRING (384433.319292 6670971.707763, 384441.393461 6670962.125278)

LINESTRING (384433.319292 6670971.707763, 384431.452778 6670970.117254, 384426.070994 6670962.563909)

LINESTRING (384426.938613 6670946.042828, 384419.364724 6670952.466843)

LINESTRING (384426.938613 6670946.042828, 384429.771918 6670943.590860, 384439.692809 6670934.440490, 384443.015024 6670931.638783)

LINESTRING (384426.938613 6670946.042828, 384431.362902 6670951.063158, 384441.393461 6670962.125278)

LINESTRING (384447.452967 6670980.779387, 384438.061401 6670975.358459)

LINESTRING (384447.452967 6670980.779387, 384452.319872 6670969.715556)

LINESTRING (384447.452967 6670980.779387, 384449.533992 6670981.950796, 384465.117278 6670976.221591, 384452.319872 6670969.715556)

LINESTRING (384438.061401 6670975.358459, 384433.319292 6670971.707763)

LINESTRING (384438.061401 6670975.358459, 384447.452967 6670980.779387)

LINESTRING (384438.061401 6670975.358459, 384437.012539 6670976.974040)

LINESTRING (384426.070994 6670962.563909, 384424.077595 6670963.819229)

LINESTRING (384426.070994 6670962.563909, 384425.400965 6670961.749210, 384422.120077 6670956.525660, 384419.364724 6670952.466843)

LINESTRING (384426.070994 6670962.563909, 384431.452778 6670970.117254, 384433.319292 6670971.707763)

LINESTRING (384274.690423 6670270.960110, 384289.009058 6670298.291089)

LINESTRING (384274.690423 6670270.960110, 384248.056841 6670206.227342)

LINESTRING (384274.690423 6670270.960110, 384248.829751 6670284.715324, 384239.257242 6670289.285934, 384229.872120 6670291.521469, 384220.416049 6670291.686408, 384212.859185 6670290.242303, 384207.074298 6670287.382617, 384195.460971 6670275.713527)

LINESTRING (384289.009058 6670298.291089, 384291.806952 6670303.150884)

LINESTRING (384289.009058 6670298.291089, 384274.690423 6670270.960110)

LINESTRING (384289.009058 6670298.291089, 384315.183967 6670270.551159)

LINESTRING (384289.009058 6670298.291089, 384265.421797 6670328.969655, 384252.686933 6670355.137662, 384245.262688 6670378.998276)

LINESTRING (384248.056841 6670206.227342, 384274.690423 6670270.960110)

LINESTRING (384248.056841 6670206.227342, 384240.644995 6670187.917097)

LINESTRING (384495.053418 6670439.065547, 384498.021400 6670437.523247)

LINESTRING (384498.021400 6670437.523247, 384495.053418 6670439.065547)

LINESTRING (384498.021400 6670437.523247, 384498.742759 6670437.143895, 384501.277564 6670435.782415)

LINESTRING (384498.021400 6670437.523247, 384504.415317 6670449.324267, 384504.549969 6670453.421158, 384452.728031 6670548.711947, 384450.550545 6670549.950756)

LINESTRING (384498.021400 6670437.523247, 384465.587725 6670380.204580, 384463.706737 6670376.753388)

LINESTRING (384478.923174 6670698.235190, 384547.271164 6670702.088281, 384549.864241 6670702.229483, 384550.347046 6670693.220756)

LINESTRING (384198.746819 6670659.813723, 384196.087568 6670652.130081)

LINESTRING (384198.746819 6670659.813723, 384198.411953 6670665.741994)

LINESTRING (384198.746819 6670659.813723, 384206.111054 6670663.448161, 384210.203736 6670666.216408, 384218.064046 6670668.497865, 384227.836283 6670660.610951, 384285.456670 6670638.887326)

LINESTRING (384196.087568 6670652.130081, 384198.746819 6670659.813723)

LINESTRING (384196.087568 6670652.130081, 384192.387622 6670648.078975)

LINESTRING (384196.087568 6670652.130081, 384195.913745 6670645.749816, 384196.982612 6670642.305849, 384209.033535 6670628.473775, 384210.337811 6670619.996239)

LINESTRING (384192.387622 6670648.078975, 384196.087568 6670652.130081)

LINESTRING (384192.387622 6670648.078975, 384188.385500 6670651.693643)

LINESTRING (384192.387622 6670648.078975, 384186.411477 6670643.720888)

LINESTRING (384188.385500 6670651.693643, 384192.387622 6670648.078975)

LINESTRING (384188.385500 6670651.693643, 384187.691758 6670650.835155, 384183.487221 6670646.989458)

LINESTRING (384188.385500 6670651.693643, 384189.663120 6670659.075461, 384192.707226 6670661.709656, 384194.615930 6670663.220709, 384198.411953 6670665.741994)

LINESTRING (384186.411477 6670643.720888, 384183.487221 6670646.989458)

LINESTRING (384186.411477 6670643.720888, 384192.387622 6670648.078975)

LINESTRING (384186.411477 6670643.720888, 384188.112296 6670641.817168, 384201.312110 6670626.722877, 384210.337811 6670619.996239)

LINESTRING (384364.782334 6670859.438984, 384356.650606 6670856.285389, 384338.364846 6670849.440276)

LINESTRING (384338.364846 6670849.440276, 384317.847483 6670841.762997)

LINESTRING (384338.364846 6670849.440276, 384336.471772 6670854.403565)

LINESTRING (384338.364846 6670849.440276, 384356.650606 6670856.285389, 384364.782334 6670859.438984)

LINESTRING (384490.437004 6670804.457251, 384490.892542 6670814.327970, 384490.057670 6670827.493524, 384489.420253 6670833.353277)

LINESTRING (384489.420253 6670833.353277, 384499.121249 6670833.426431)

LINESTRING (384489.420253 6670833.353277, 384490.057670 6670827.493524, 384490.892542 6670814.327970, 384490.437004 6670804.457251)

LINESTRING (384489.420253 6670833.353277, 384487.844356 6670847.857227, 384484.519015 6670861.313028)

LINESTRING (384484.519015 6670861.313028, 384487.844356 6670847.857227, 384489.420253 6670833.353277)

LINESTRING (384294.126284 6670862.103750, 384297.310494 6670856.163542)

LINESTRING (384294.126284 6670862.103750, 384312.818779 6670868.634904, 384318.202412 6670869.724277)

LINESTRING (384294.126284 6670862.103750, 384286.043813 6670883.733945, 384285.869532 6670893.167627)

LINESTRING (384294.126284 6670862.103750, 384305.929987 6670877.756765, 384309.446189 6670881.980939, 384311.415444 6670884.359400, 384312.307629 6670885.523688)

LINESTRING (384297.310494 6670856.163542, 384294.126284 6670862.103750)

LINESTRING (384297.310494 6670856.163542, 384298.680371 6670852.576367)

LINESTRING (384297.310494 6670856.163542, 384293.881356 6670854.522134)

LINESTRING (384318.202412 6670869.724277, 384321.009254 6670861.154776)

LINESTRING (384318.202412 6670869.724277, 384322.740899 6670876.067066, 384322.724375 6670878.887125)

LINESTRING (384318.202412 6670869.724277, 384312.818779 6670868.634904, 384294.126284 6670862.103750)

LINESTRING (384285.869532 6670893.167627, 384286.043813 6670883.733945, 384294.126284 6670862.103750)

LINESTRING (384321.009254 6670861.154776, 384318.202412 6670869.724277)

LINESTRING (384321.009254 6670861.154776, 384316.001313 6670858.593620)

LINESTRING (384321.009254 6670861.154776, 384326.660035 6670862.436329)

LINESTRING (384344.490807 6670632.722193, 384340.000936 6670644.298044)

LINESTRING (384344.490807 6670632.722193, 384345.744573 6670629.851949)

LINESTRING (384344.490807 6670632.722193, 384349.594979 6670634.979463, 384351.343503 6670631.592111)

LINESTRING (384351.343503 6670631.592111, 384345.744573 6670629.851949)

LINESTRING (384351.343503 6670631.592111, 384355.514498 6670619.591706)

LINESTRING (384351.343503 6670631.592111, 384355.472624 6670632.877160, 384364.532880 6670635.689433, 384365.408101 6670635.962718)

LINESTRING (384351.343503 6670631.592111, 384349.594979 6670634.979463, 384344.490807 6670632.722193)

LINESTRING (384255.218120 6670802.227527, 384273.471066 6670811.714505)

LINESTRING (384255.218120 6670802.227527, 384215.340573 6670781.510378)

LINESTRING (384255.218120 6670802.227527, 384248.327728 6670817.278380)

LINESTRING (384240.617867 6670732.345069, 384247.086320 6670719.759308)

LINESTRING (384240.617867 6670732.345069, 384215.340573 6670781.510378)

LINESTRING (384240.617867 6670732.345069, 384260.390292 6670744.904440)

LINESTRING (384240.617867 6670732.345069, 384235.300137 6670730.183854)

LINESTRING (384185.375689 6670811.867351, 384175.484924 6670831.103180)

LINESTRING (384185.375689 6670811.867351, 384189.210339 6670814.209089)

LINESTRING (384185.375689 6670811.867351, 384180.459457 6670809.225464)

LINESTRING (384185.375689 6670811.867351, 384198.789153 6670785.800150, 384210.143809 6670791.615396, 384215.340573 6670781.510378)

LINESTRING (384357.561984 6670468.275238, 384362.094388 6670496.071257)

LINESTRING (384362.094388 6670496.071257, 384357.561984 6670468.275238)

LINESTRING (384362.094388 6670496.071257, 384354.326910 6670497.620226, 384349.560967 6670498.517281)

LINESTRING (384362.094388 6670496.071257, 384370.842500 6670494.613957, 384374.675453 6670493.902384)

LINESTRING (384349.560967 6670498.517281, 384343.849171 6670499.544488)

LINESTRING (384349.560967 6670498.517281, 384354.326910 6670497.620226, 384362.094388 6670496.071257)

LINESTRING (384349.560967 6670498.517281, 384358.400485 6670543.975008, 384359.754778 6670552.212571)

LINESTRING (384349.560967 6670498.517281, 384345.369020 6670480.105263, 384342.953851 6670478.565535)

LINESTRING (384374.675453 6670493.902384, 384369.013582 6670462.174578, 384369.791618 6670461.303059)

LINESTRING (384374.675453 6670493.902384, 384377.281838 6670509.957256, 384378.140985 6670514.298758, 384379.375414 6670516.800741, 384381.280519 6670519.783065)

LINESTRING (384374.675453 6670493.902384, 384370.842500 6670494.613957, 384362.094388 6670496.071257)

LINESTRING (384612.330431 6670961.932247, 384612.467970 6670959.420431)

LINESTRING (384604.136919 6670961.387852, 384604.285901 6670958.886819)

LINESTRING (384612.849104 6670943.828586, 384612.728509 6670947.231420)

LINESTRING (384575.503626 6670945.361290, 384584.316227 6670945.808114)

LINESTRING (384575.503626 6670945.361290, 384562.764572 6670944.759560)

LINESTRING (384575.503626 6670945.361290, 384575.568381 6670944.066502)

LINESTRING (384575.568381 6670944.066502, 384575.503626 6670945.361290)

LINESTRING (384562.764572 6670944.759560, 384575.503626 6670945.361290)

LINESTRING (384562.764572 6670944.759560, 384557.311350 6670944.452135)

LINESTRING (384562.764572 6670944.759560, 384563.496438 6670929.022921)

LINESTRING (384573.667592 6670959.550201, 384573.727005 6670956.851388)

LINESTRING (384566.301003 6670956.338624, 384573.727005 6670956.851388)

LINESTRING (384566.301003 6670956.338624, 384566.190312 6670959.172784)

LINESTRING (384566.301003 6670956.338624, 384552.434338 6670955.382397, 384549.376015 6670955.278148, 384549.059624 6670960.927176)

LINESTRING (384566.190312 6670959.172784, 384566.301003 6670956.338624)

LINESTRING (384549.059624 6670960.927176, 384552.119759 6670961.265400)

LINESTRING (384549.059624 6670960.927176, 384548.564692 6670969.724547, 384543.726114 6670969.531512)

LINESTRING (384549.059624 6670960.927176, 384549.376015 6670955.278148, 384552.434338 6670955.382397, 384566.301003 6670956.338624)

LINESTRING (384557.413252 6670943.278764, 384557.311350 6670944.452135)

LINESTRING (384557.311350 6670944.452135, 384562.764572 6670944.759560)

LINESTRING (384557.311350 6670944.452135, 384557.413252 6670943.278764)

LINESTRING (384557.311350 6670944.452135, 384552.971810 6670944.232222, 384546.489956 6670944.068662)

LINESTRING (384563.496438 6670929.022921, 384563.737749 6670923.810892)

LINESTRING (384563.496438 6670929.022921, 384562.764572 6670944.759560)

LINESTRING (384563.496438 6670929.022921, 384562.262072 6670928.983794)

LINESTRING (384563.737749 6670923.810892, 384576.034157 6670916.881821)

LINESTRING (384563.737749 6670923.810892, 384563.496438 6670929.022921)

LINESTRING (384563.737749 6670923.810892, 384564.685737 6670904.178056)

LINESTRING (384576.034157 6670916.881821, 384581.910626 6670925.511945)

LINESTRING (384576.034157 6670916.881821, 384563.737749 6670923.810892)

LINESTRING (384576.034157 6670916.881821, 384576.627408 6670900.269148)

LINESTRING (384564.685737 6670904.178056, 384563.737749 6670923.810892)

LINESTRING (384564.685737 6670904.178056, 384563.562346 6670904.135431)

LINESTRING (384564.685737 6670904.178056, 384564.909188 6670899.456942, 384576.627408 6670900.269148)

LINESTRING (384576.627408 6670900.269148, 384576.034157 6670916.881821)

LINESTRING (384576.627408 6670900.269148, 384580.063181 6670900.539845, 384580.631202 6670890.179967, 384584.241402 6670890.344875)

LINESTRING (384576.627408 6670900.269148, 384564.909188 6670899.456942, 384564.685737 6670904.178056)

LINESTRING (384576.627408 6670900.269148, 384581.478019 6670910.012588, 384587.612095 6670915.358158, 384591.476069 6670915.292192, 384594.308526 6670914.043977)

LINESTRING (384584.241402 6670890.344875, 384609.451751 6670891.501251)

LINESTRING (384584.241402 6670890.344875, 384584.467518 6670886.236621)

LINESTRING (384584.241402 6670890.344875, 384580.631202 6670890.179967, 384580.063181 6670900.539845, 384576.627408 6670900.269148)

LINESTRING (384594.308526 6670914.043977, 384599.497489 6670921.481040, 384608.742430 6670926.483506)

LINESTRING (384594.308526 6670914.043977, 384591.476069 6670915.292192, 384587.612095 6670915.358158, 384581.478019 6670910.012588, 384576.627408 6670900.269148)

LINESTRING (384594.308526 6670914.043977, 384596.026230 6670911.616130, 384596.046238 6670909.252891, 384592.989716 6670906.384740, 384593.005515 6670903.887901, 384609.451751 6670891.501251)

LINESTRING (384608.742430 6670926.483506, 384581.910626 6670925.511945)

LINESTRING (384608.742430 6670926.483506, 384609.143331 6670906.756474)

LINESTRING (384608.742430 6670926.483506, 384608.520936 6670934.090948)

LINESTRING (384608.742430 6670926.483506, 384599.497489 6670921.481040, 384594.308526 6670914.043977)

LINESTRING (384609.451751 6670891.501251, 384584.241402 6670890.344875)

LINESTRING (384609.451751 6670891.501251, 384609.143331 6670906.756474)

LINESTRING (384609.451751 6670891.501251, 384612.338799 6670891.633235, 384612.770716 6670884.710121)

LINESTRING (384609.451751 6670891.501251, 384593.005515 6670903.887901, 384592.989716 6670906.384740, 384596.046238 6670909.252891, 384596.026230 6670911.616130, 384594.308526 6670914.043977)

LINESTRING (384609.143331 6670906.756474, 384608.742430 6670926.483506)

LINESTRING (384609.143331 6670906.756474, 384609.451751 6670891.501251)

LINESTRING (384609.143331 6670906.756474, 384614.987789 6670906.962505)

LINESTRING (384612.770716 6670884.710121, 384616.116661 6670884.950247)

LINESTRING (384612.770716 6670884.710121, 384613.378268 6670875.073392, 384613.557696 6670872.303937)

LINESTRING (384612.770716 6670884.710121, 384612.338799 6670891.633235, 384609.451751 6670891.501251)

LINESTRING (384608.520936 6670934.090948, 384608.742430 6670926.483506)

LINESTRING (384563.562346 6670904.135431, 384564.685737 6670904.178056)

LINESTRING (384584.467518 6670886.236621, 384584.241402 6670890.344875)

LINESTRING (384616.116661 6670884.950247, 384612.770716 6670884.710121)

LINESTRING (384613.557696 6670872.303937, 384618.282315 6670872.578667)

LINESTRING (384613.557696 6670872.303937, 384601.003570 6670871.584798)

LINESTRING (384613.557696 6670872.303937, 384613.378268 6670875.073392, 384612.770716 6670884.710121)

LINESTRING (384601.003570 6670871.584798, 384613.557696 6670872.303937)

LINESTRING (384601.003570 6670871.584798, 384600.750048 6670876.763773)

LINESTRING (384601.003570 6670871.584798, 384569.695915 6670869.784691, 384564.928296 6670869.555955, 384564.472720 6670878.017749)

LINESTRING (384614.987789 6670906.962505, 384609.143331 6670906.756474)

LINESTRING (384562.262072 6670928.983794, 384563.496438 6670929.022921)

LINESTRING (384660.612843 6671037.876839, 384654.139696 6671037.278191)

LINESTRING (384654.139696 6671037.278191, 384660.612843 6671037.876839)

LINESTRING (384654.139696 6671037.278191, 384649.480596 6671037.313403, 384648.178980 6671037.254076)

LINESTRING (384654.139696 6671037.278191, 384657.330138 6671033.288381, 384658.877313 6671016.266798, 384659.481013 6671009.505449)

LINESTRING (384668.044731 6671009.815424, 384670.873722 6670957.804753)

LINESTRING (384668.044731 6671009.815424, 384662.398513 6671009.725665, 384659.481013 6671009.505449)

LINESTRING (384668.044731 6671009.815424, 384672.470863 6671009.965879, 384672.216182 6671019.346313)

LINESTRING (384519.372288 6671040.486274, 384522.000056 6671042.264579)

LINESTRING (384531.925611 6671040.491895, 384529.281490 6671040.486057)

LINESTRING (384532.642229 6670969.100631, 384532.754424 6670966.667618)

LINESTRING (384532.642229 6670969.100631, 384543.726114 6670969.531512)

LINESTRING (384532.642229 6670969.100631, 384532.542536 6670971.577827, 384532.314003 6670976.488560)

LINESTRING (384543.726114 6670969.531512, 384532.642229 6670969.100631)

LINESTRING (384543.726114 6670969.531512, 384543.567478 6670972.077431)

LINESTRING (384543.726114 6670969.531512, 384548.564692 6670969.724547, 384549.059624 6670960.927176)

LINESTRING (384532.314003 6670976.488560, 384530.753524 6671009.993193)

LINESTRING (384532.314003 6670976.488560, 384525.646979 6670976.264007)

LINESTRING (384532.314003 6670976.488560, 384532.542536 6670971.577827, 384532.642229 6670969.100631)

LINESTRING (384552.119759 6670961.265400, 384549.059624 6670960.927176)

LINESTRING (384543.567478 6670972.077431, 384543.726114 6670969.531512)

LINESTRING (384529.585792 6670951.956564, 384531.186393 6670951.984141)

LINESTRING (384531.186393 6670951.984141, 384531.397324 6670948.277557)

LINESTRING (384531.186393 6670951.984141, 384529.585792 6670951.956564)

LINESTRING (384531.186393 6670951.984141, 384530.795945 6670958.983977, 384529.199143 6670958.900559, 384521.014310 6670958.456374)

LINESTRING (384531.397324 6670948.277557, 384531.186393 6670951.984141)

LINESTRING (384531.397324 6670948.277557, 384529.796021 6670948.227714)

LINESTRING (384531.397324 6670948.277557, 384531.653383 6670943.711433, 384533.665674 6670943.759472)

LINESTRING (384521.014310 6670958.456374, 384500.527071 6670957.341213)

LINESTRING (384521.014310 6670958.456374, 384521.608025 6670955.439824)

LINESTRING (384521.014310 6670958.456374, 384529.199143 6670958.900559, 384530.795945 6670958.983977, 384531.186393 6670951.984141)

LINESTRING (384529.796021 6670948.227714, 384531.397324 6670948.277557)

LINESTRING (384533.665674 6670943.759472, 384546.489956 6670944.068662)

LINESTRING (384533.665674 6670943.759472, 384533.650974 6670942.411464)

LINESTRING (384533.665674 6670943.759472, 384531.653383 6670943.711433, 384531.397324 6670948.277557)

LINESTRING (384533.650974 6670942.411464, 384533.665674 6670943.759472)

LINESTRING (384618.129227 6670875.302716, 384618.282315 6670872.578667)

LINESTRING (384600.750048 6670876.763773, 384601.003570 6670871.584798)

LINESTRING (384564.472720 6670878.017749, 384564.131246 6670884.458815)

LINESTRING (384564.472720 6670878.017749, 384564.928296 6670869.555955, 384569.695915 6670869.784691, 384601.003570 6670871.584798)

LINESTRING (384564.472720 6670878.017749, 384567.764173 6670878.114671, 384570.121603 6670878.185293)

LINESTRING (384585.103256 6670862.857973, 384613.600758 6670864.144896)

LINESTRING (384585.103256 6670862.857973, 384581.225964 6670862.679187)

LINESTRING (384585.103256 6670862.857973, 384586.127591 6670844.938981, 384595.226889 6670845.309946)

LINESTRING (384613.816038 6670858.632794, 384613.600758 6670864.144896)

LINESTRING (384581.506704 6670859.070709, 384581.225964 6670862.679187)

LINESTRING (384564.131246 6670884.458815, 384558.012731 6670884.194631)

LINESTRING (384564.131246 6670884.458815, 384564.472720 6670878.017749)

LINESTRING (384564.131246 6670884.458815, 384567.480641 6670884.631922, 384569.839469 6670884.747078)

LINESTRING (384558.012731 6670884.194631, 384549.101844 6670883.806682)

LINESTRING (384558.012731 6670884.194631, 384564.131246 6670884.458815)

LINESTRING (384558.012731 6670884.194631, 384557.827796 6670886.964264)

LINESTRING (384569.839469 6670884.747078, 384567.480641 6670884.631922, 384564.131246 6670884.458815)

LINESTRING (384547.042893 6670930.588820, 384539.175418 6670930.346338)

LINESTRING (384547.042893 6670930.588820, 384546.503419 6670942.909221, 384546.489956 6670944.068662)

LINESTRING (384547.042893 6670930.588820, 384547.744084 6670914.585677, 384548.156244 6670905.099963, 384548.313460 6670901.450795, 384548.370555 6670900.089381, 384548.973047 6670886.418526, 384549.101844 6670883.806682)

LINESTRING (384570.121603 6670878.185293, 384567.764173 6670878.114671, 384564.472720 6670878.017749)

LINESTRING (384557.827796 6670886.964264, 384558.012731 6670884.194631)

LINESTRING (384570.916409 6670846.632796, 384568.361578 6670846.468091)

LINESTRING (384568.607862 6670840.531521, 384568.361578 6670846.468091)

LINESTRING (384568.607862 6670840.531521, 384568.988364 6670833.565441, 384570.723719 6670801.715857, 384570.294905 6670798.330326)

LINESTRING (384568.607862 6670840.531521, 384548.158137 6670839.392597, 384545.346304 6670840.238999)

LINESTRING (384595.226889 6670845.309946, 384608.742473 6670845.865063)

LINESTRING (384595.226889 6670845.309946, 384596.176621 6670832.252258)

LINESTRING (384595.226889 6670845.309946, 384586.127591 6670844.938981, 384585.103256 6670862.857973)

LINESTRING (384596.176621 6670832.252258, 384608.181092 6670832.799238)

LINESTRING (384596.176621 6670832.252258, 384595.226889 6670845.309946)

LINESTRING (384596.176621 6670832.252258, 384592.837571 6670825.882521, 384593.439067 6670809.704228)

LINESTRING (384608.181092 6670832.799238, 384596.176621 6670832.252258)

LINESTRING (384608.181092 6670832.799238, 384612.258318 6670835.445812, 384617.418924 6670835.628805, 384616.857440 6670846.200209, 384613.676246 6670846.077481)

LINESTRING (384608.181092 6670832.799238, 384609.210107 6670823.316405, 384611.221409 6670823.331087, 384612.063259 6670810.020483)

LINESTRING (384593.439067 6670809.704228, 384612.063259 6670810.020483)

LINESTRING (384593.439067 6670809.704228, 384592.837571 6670825.882521, 384596.176621 6670832.252258)

LINESTRING (384593.439067 6670809.704228, 384593.725165 6670802.384506, 384593.628071 6670801.418002)

LINESTRING (384593.439067 6670809.704228, 384586.725312 6670809.592468, 384585.826671 6670809.631913)

LINESTRING (384612.063259 6670810.020483, 384617.587702 6670810.114012)

LINESTRING (384612.063259 6670810.020483, 384593.439067 6670809.704228)

LINESTRING (384612.063259 6670810.020483, 384611.221409 6670823.331087, 384609.210107 6670823.316405, 384608.181092 6670832.799238)

LINESTRING (384593.628071 6670801.418002, 384593.725165 6670802.384506, 384593.439067 6670809.704228)

LINESTRING (384585.826671 6670809.631913, 384586.725312 6670809.592468, 384593.439067 6670809.704228)

LINESTRING (384617.587702 6670810.114012, 384618.741840 6670788.725049)

LINESTRING (384617.587702 6670810.114012, 384621.092482 6670810.103968)

LINESTRING (384617.587702 6670810.114012, 384612.063259 6670810.020483)

LINESTRING (384618.741840 6670788.725049, 384625.185523 6670789.079404)

LINESTRING (384618.741840 6670788.725049, 384617.587702 6670810.114012)

LINESTRING (384618.741840 6670788.725049, 384580.609642 6670786.493313, 384577.060733 6670786.337619, 384576.526515 6670793.185950)

LINESTRING (384621.092482 6670810.103968, 384617.587702 6670810.114012)

LINESTRING (384576.526515 6670793.185950, 384576.106945 6670798.559612)

LINESTRING (384576.526515 6670793.185950, 384580.212398 6670793.281608)

LINESTRING (384576.526515 6670793.185950, 384577.060733 6670786.337619, 384580.609642 6670786.493313, 384618.741840 6670788.725049)

LINESTRING (384613.676246 6670846.077481, 384608.742473 6670845.865063)

LINESTRING (384613.676246 6670846.077481, 384613.550609 6670847.909115)

LINESTRING (384613.676246 6670846.077481, 384616.857440 6670846.200209, 384617.418924 6670835.628805, 384612.258318 6670835.445812, 384608.181092 6670832.799238)

LINESTRING (384608.742473 6670845.865063, 384613.676246 6670846.077481)

LINESTRING (384608.742473 6670845.865063, 384595.226889 6670845.309946)

LINESTRING (384608.742473 6670845.865063, 384608.626535 6670847.651814)

LINESTRING (384613.550609 6670847.909115, 384613.676246 6670846.077481)

LINESTRING (384608.626535 6670847.651814, 384608.742473 6670845.865063)

LINESTRING (384624.560184 6670775.391509, 384624.366366 6670777.704496)

LINESTRING (384591.848110 6670775.763970, 384624.366366 6670777.704496)

LINESTRING (384591.848110 6670775.763970, 384584.507442 6670775.326477)

LINESTRING (384591.848110 6670775.763970, 384591.935827 6670773.610342)

LINESTRING (384625.161807 6670789.737669, 384625.185523 6670789.079404)

LINESTRING (384584.507442 6670775.326477, 384591.848110 6670775.763970)

LINESTRING (384584.507442 6670775.326477, 384581.240489 6670775.128466, 384567.002454 6670774.395595)

LINESTRING (384584.507442 6670775.326477, 384584.619106 6670773.227817, 384585.284717 6670761.026048, 384585.577615 6670756.391906)

LINESTRING (384591.935827 6670773.610342, 384591.848110 6670775.763970)

LINESTRING (384576.106945 6670798.559612, 384570.294905 6670798.330326)

LINESTRING (384576.106945 6670798.559612, 384576.526515 6670793.185950)

LINESTRING (384576.106945 6670798.559612, 384579.885118 6670798.763807)

LINESTRING (384579.885118 6670798.763807, 384576.106945 6670798.559612)

LINESTRING (384564.565464 6670798.254469, 384570.294905 6670798.330326)

LINESTRING (384564.565464 6670798.254469, 384564.426437 6670801.423853)

LINESTRING (384564.565464 6670798.254469, 384559.675027 6670798.185626, 384558.919264 6670798.175999, 384558.990849 6670796.568953, 384556.907739 6670796.567705, 384537.770630 6670795.666090)

LINESTRING (384580.212398 6670793.281608, 384576.526515 6670793.185950)

LINESTRING (384585.577615 6670756.391906, 384593.359819 6670756.737488)

LINESTRING (384585.577615 6670756.391906, 384585.766490 6670752.864334)

LINESTRING (384585.577615 6670756.391906, 384585.284717 6670761.026048, 384584.619106 6670773.227817, 384584.507442 6670775.326477)

LINESTRING (384593.359819 6670756.737488, 384585.577615 6670756.391906)

LINESTRING (384593.359819 6670756.737488, 384593.141157 6670761.436157)

LINESTRING (384593.359819 6670756.737488, 384618.703912 6670757.878610, 384619.292076 6670750.270773)

LINESTRING (384585.766490 6670752.864334, 384586.152825 6670745.552598)

LINESTRING (384585.766490 6670752.864334, 384585.577615 6670756.391906)

LINESTRING (384585.766490 6670752.864334, 384583.384740 6670752.905908)

LINESTRING (384607.180049 6670703.444535, 384618.127438 6670704.102859)

LINESTRING (384607.180049 6670703.444535, 384573.474872 6670701.407782, 384570.309375 6670700.905684, 384570.014383 6670705.473027)

LINESTRING (384607.180049 6670703.444535, 384606.954928 6670706.527471, 384605.975830 6670720.243593)

LINESTRING (384618.127438 6670704.102859, 384638.642074 6670705.340459)

LINESTRING (384618.127438 6670704.102859, 384607.180049 6670703.444535)

LINESTRING (384618.127438 6670704.102859, 384617.916620 6670707.463953)

LINESTRING (384618.127438 6670704.102859, 384618.512975 6670698.351368)

LINESTRING (384570.014383 6670705.473027, 384569.532676 6670712.754335)

LINESTRING (384570.014383 6670705.473027, 384573.200900 6670705.584409)

LINESTRING (384570.014383 6670705.473027, 384570.309375 6670700.905684, 384573.474872 6670701.407782, 384607.180049 6670703.444535)

LINESTRING (384605.975830 6670720.243593, 384616.664390 6670720.798616)

LINESTRING (384605.975830 6670720.243593, 384589.033541 6670719.372889)

LINESTRING (384605.975830 6670720.243593, 384606.954928 6670706.527471, 384607.180049 6670703.444535)

LINESTRING (384616.664390 6670720.798616, 384605.975830 6670720.243593)

LINESTRING (384616.664390 6670720.798616, 384616.855636 6670718.051079)

LINESTRING (384616.664390 6670720.798616, 384621.566084 6670721.045496, 384619.292076 6670750.270773)

LINESTRING (384589.033541 6670719.372889, 384605.975830 6670720.243593)

LINESTRING (384589.033541 6670719.372889, 384589.318818 6670716.789554)

LINESTRING (384589.033541 6670719.372889, 384587.536879 6670719.297432, 384587.348699 6670722.847271)

LINESTRING (384593.141157 6670761.436157, 384593.359819 6670756.737488)

LINESTRING (384619.292076 6670750.270773, 384625.045245 6670750.568859)

LINESTRING (384619.292076 6670750.270773, 384621.566084 6670721.045496, 384616.664390 6670720.798616)

LINESTRING (384619.292076 6670750.270773, 384618.703912 6670757.878610, 384593.359819 6670756.737488)

LINESTRING (384625.045245 6670750.568859, 384619.292076 6670750.270773)

LINESTRING (384616.855636 6670718.051079, 384616.664390 6670720.798616)

LINESTRING (384583.384740 6670752.905908, 384585.766490 6670752.864334)

LINESTRING (384586.152825 6670745.552598, 384587.348699 6670722.847271)

LINESTRING (384586.152825 6670745.552598, 384585.766490 6670752.864334)

LINESTRING (384586.152825 6670745.552598, 384583.779013 6670745.493622)

LINESTRING (384587.348699 6670722.847271, 384586.152825 6670745.552598)

LINESTRING (384587.348699 6670722.847271, 384584.980483 6670722.966427)

LINESTRING (384587.348699 6670722.847271, 384587.536879 6670719.297432, 384589.033541 6670719.372889)

LINESTRING (384583.779013 6670745.493622, 384586.152825 6670745.552598)

LINESTRING (384589.318818 6670716.789554, 384589.033541 6670719.372889)

LINESTRING (384584.980483 6670722.966427, 384587.348699 6670722.847271)

LINESTRING (384497.012734 6671037.580185, 384496.455357 6671038.400150)

LINESTRING (384484.797928 6671029.283725, 384484.090795 6671030.286723)

LINESTRING (384473.111760 6671021.371835, 384472.264917 6671022.524117)

LINESTRING (384446.158343 6671003.666234, 384445.107877 6671004.702355)

LINESTRING (384433.206551 6670995.081133, 384432.196052 6670996.327740)

LINESTRING (384424.288625 6670991.116365, 384432.196052 6670996.327740)

LINESTRING (384424.288625 6670991.116365, 384409.279581 6670981.236610)

LINESTRING (384424.288625 6670991.116365, 384425.592452 6670989.659905)

LINESTRING (384425.592452 6670989.659905, 384424.288625 6670991.116365)

LINESTRING (384409.279581 6670981.236610, 384424.288625 6670991.116365)

LINESTRING (384409.279581 6670981.236610, 384398.631124 6670974.183766)

LINESTRING (384409.279581 6670981.236610, 384410.866972 6670979.436868)

LINESTRING (384410.866972 6670979.436868, 384409.279581 6670981.236610)

LINESTRING (384399.369855 6670973.302343, 384398.631124 6670974.183766)

LINESTRING (384444.837592 6670987.147300, 384448.213221 6670989.035705)

LINESTRING (384525.120146 6671009.958962, 384530.753524 6671009.993193)

LINESTRING (384525.646979 6670976.264007, 384532.314003 6670976.488560)

LINESTRING (384505.731796 6670968.622469, 384505.873434 6670965.185531)

LINESTRING (384485.215005 6670974.674174, 384480.884127 6670971.556531)

LINESTRING (384476.931347 6670968.627572, 384480.884127 6670971.556531)

LINESTRING (384476.002919 6671001.198483, 384479.759913 6670997.212940)

LINESTRING (384493.778382 6670995.411435, 384489.781466 6670994.957912)

LINESTRING (384437.012539 6670976.974040, 384438.061401 6670975.358459)

LINESTRING (384424.077595 6670963.819229, 384426.070994 6670962.563909)

LINESTRING (384419.364724 6670952.466843, 384426.938613 6670946.042828)

LINESTRING (384419.364724 6670952.466843, 384412.317185 6670958.495363, 384397.128021 6670961.047348, 384392.527671 6670958.194627, 384382.846873 6670940.969885, 384381.110544 6670938.049109)

LINESTRING (384419.364724 6670952.466843, 384422.120077 6670956.525660, 384425.400965 6670961.749210, 384426.070994 6670962.563909)

LINESTRING (384533.063323 6670929.402188, 384535.283299 6670930.223792, 384539.175418 6670930.346338)

LINESTRING (384544.483971 6670860.649250, 384546.882363 6670860.785434, 384556.536968 6670861.328262)

LINESTRING (384544.483971 6670860.649250, 384543.909629 6670871.510833, 384541.210182 6670871.339559, 384528.288439 6670870.765983)

LINESTRING (384544.483971 6670860.649250, 384544.609574 6670858.817613, 384543.023827 6670858.733839)

LINESTRING (384528.288439 6670870.765983, 384528.547916 6670868.952416)

LINESTRING (384528.288439 6670870.765983, 384506.588591 6670869.789276, 384502.627892 6670868.197863)

LINESTRING (384528.288439 6670870.765983, 384541.210182 6670871.339559, 384543.909629 6670871.510833, 384544.483971 6670860.649250)

LINESTRING (384543.023827 6670858.733839, 384543.106788 6670856.959268)

LINESTRING (384543.023827 6670858.733839, 384541.810582 6670858.660619, 384539.946320 6670858.552187, 384532.463280 6670858.175013, 384532.541228 6670856.946674, 384532.751374 6670853.919924)

LINESTRING (384543.023827 6670858.733839, 384544.609574 6670858.817613, 384544.483971 6670860.649250)

LINESTRING (384556.774280 6670857.576272, 384556.536968 6670861.328262)

LINESTRING (384532.751374 6670853.919924, 384527.005306 6670853.666342)

LINESTRING (384532.751374 6670853.919924, 384533.742663 6670839.367552, 384543.698455 6670840.123747)

LINESTRING (384532.751374 6670853.919924, 384532.541228 6670856.946674, 384532.463280 6670858.175013, 384539.946320 6670858.552187, 384541.810582 6670858.660619, 384543.023827 6670858.733839)

LINESTRING (384527.005306 6670853.666342, 384526.831553 6670856.613936)

LINESTRING (384527.005306 6670853.666342, 384514.023443 6670852.949831)

LINESTRING (384527.005306 6670853.666342, 384532.751374 6670853.919924)

LINESTRING (384543.698455 6670840.123747, 384544.315517 6670844.194297)

LINESTRING (384543.698455 6670840.123747, 384545.346304 6670840.238999)

LINESTRING (384543.698455 6670840.123747, 384533.742663 6670839.367552, 384532.751374 6670853.919924)

LINESTRING (384514.023443 6670852.949831, 384511.782879 6670852.886705)

LINESTRING (384514.023443 6670852.949831, 384527.005306 6670853.666342)

LINESTRING (384514.023443 6670852.949831, 384517.083425 6670838.120519, 384517.072130 6670833.707697)

LINESTRING (384511.782879 6670852.886705, 384514.023443 6670852.949831)

LINESTRING (384517.072130 6670833.707697, 384517.809086 6670815.140209)

LINESTRING (384517.072130 6670833.707697, 384504.254059 6670833.431831, 384499.121249 6670833.426431)

LINESTRING (384517.072130 6670833.707697, 384517.083425 6670838.120519, 384514.023443 6670852.949831)

LINESTRING (384543.106788 6670856.959268, 384543.023827 6670858.733839)

LINESTRING (384517.809086 6670815.140209, 384517.072130 6670833.707697)

LINESTRING (384517.809086 6670815.140209, 384516.082482 6670814.994018)

LINESTRING (384517.809086 6670815.140209, 384525.148478 6670814.128835, 384531.871002 6670814.518816)

LINESTRING (384499.121249 6670833.426431, 384492.419803 6670864.017261)

LINESTRING (384499.121249 6670833.426431, 384489.420253 6670833.353277)

LINESTRING (384499.121249 6670833.426431, 384504.254059 6670833.431831, 384517.072130 6670833.707697)

LINESTRING (384492.419803 6670864.017261, 384499.121249 6670833.426431)

LINESTRING (384526.831553 6670856.613936, 384527.005306 6670853.666342)

LINESTRING (384545.346304 6670840.238999, 384547.136282 6670815.419781)

LINESTRING (384545.346304 6670840.238999, 384543.698455 6670840.123747)

LINESTRING (384545.346304 6670840.238999, 384548.158137 6670839.392597, 384568.607862 6670840.531521)

LINESTRING (384544.315517 6670844.194297, 384543.698455 6670840.123747)

LINESTRING (384516.082482 6670814.994018, 384517.809086 6670815.140209)

LINESTRING (384531.871002 6670814.518816, 384547.136282 6670815.419781)

LINESTRING (384531.871002 6670814.518816, 384532.065171 6670812.395265)

LINESTRING (384531.871002 6670814.518816, 384525.148478 6670814.128835, 384517.809086 6670815.140209)

LINESTRING (384547.136282 6670815.419781, 384545.346304 6670840.238999)

LINESTRING (384547.136282 6670815.419781, 384531.871002 6670814.518816)

LINESTRING (384547.136282 6670815.419781, 384547.427393 6670811.788685)

LINESTRING (384547.427393 6670811.788685, 384547.136282 6670815.419781)

LINESTRING (384564.426437 6670801.423853, 384564.565464 6670798.254469)

LINESTRING (384544.036212 6670788.603752, 384544.077502 6670785.682622)

LINESTRING (384544.036212 6670788.603752, 384525.582105 6670788.048447, 384513.621989 6670789.796077)

LINESTRING (384544.036212 6670788.603752, 384551.481185 6670788.826134, 384557.291489 6670788.999724, 384559.557732 6670788.995203, 384560.207433 6670774.174996)

LINESTRING (384544.077502 6670785.682622, 384544.036212 6670788.603752)

LINESTRING (384560.207433 6670774.174996, 384567.002454 6670774.395595)

LINESTRING (384560.207433 6670774.174996, 384559.557732 6670788.995203, 384557.291489 6670788.999724, 384551.481185 6670788.826134, 384544.036212 6670788.603752)

LINESTRING (384560.207433 6670774.174996, 384557.877333 6670774.092372, 384557.465977 6670774.083041, 384550.965071 6670773.853195)

LINESTRING (384550.957524 6670776.082310, 384550.965071 6670773.853195)

LINESTRING (384538.856419 6670773.532563, 384539.193701 6670766.077487)

LINESTRING (384556.539190 6670731.964176, 384549.897080 6670731.839076)

LINESTRING (384546.890146 6670731.432303, 384546.824876 6670733.239750, 384549.849736 6670733.333915)

LINESTRING (384521.608025 6670955.439824, 384521.014310 6670958.456374)

LINESTRING (384500.527071 6670957.341213, 384521.014310 6670958.456374)

LINESTRING (384500.527071 6670957.341213, 384501.396340 6670953.903631)

LINESTRING (384500.527071 6670957.341213, 384493.627582 6670956.968023, 384479.570576 6670947.860372)

LINESTRING (384501.396340 6670953.903631, 384500.527071 6670957.341213)

LINESTRING (384479.570576 6670947.860372, 384475.175881 6670944.833901)

LINESTRING (384479.570576 6670947.860372, 384481.081249 6670945.739893)

LINESTRING (384479.570576 6670947.860372, 384493.627582 6670956.968023, 384500.527071 6670957.341213)

LINESTRING (384481.081249 6670945.739893, 384479.570576 6670947.860372)

LINESTRING (384475.175881 6670944.833901, 384469.298459 6670940.762028)

LINESTRING (384475.175881 6670944.833901, 384479.570576 6670947.860372)

LINESTRING (384475.175881 6670944.833901, 384476.654662 6670942.759003)

LINESTRING (384476.654662 6670942.759003, 384475.175881 6670944.833901)

LINESTRING (384469.298459 6670940.762028, 384463.564031 6670936.997698)

LINESTRING (384469.298459 6670940.762028, 384475.175881 6670944.833901)

LINESTRING (384469.298459 6670940.762028, 384470.718655 6670938.766985)

LINESTRING (384470.718655 6670938.766985, 384469.298459 6670940.762028)

LINESTRING (384463.564031 6670936.997698, 384469.298459 6670940.762028)

LINESTRING (384463.564031 6670936.997698, 384465.037611 6670934.934104)

LINESTRING (384463.564031 6670936.997698, 384452.520602 6670929.221619, 384448.229190 6670926.125056)

LINESTRING (384465.037611 6670934.934104, 384463.564031 6670936.997698)

LINESTRING (384496.529617 6670883.557581, 384499.035560 6670878.118147)

LINESTRING (384499.284936 6670901.892423, 384499.364337 6670896.128269, 384499.847127 6670888.534865, 384501.845961 6670883.924956, 384503.684705 6670879.699003)

LINESTRING (384537.624593 6670885.884510, 384537.996088 6670881.103007)

LINESTRING (384507.427746 6670864.513821, 384502.627892 6670868.197863)

LINESTRING (384502.627892 6670868.197863, 384507.427746 6670864.513821)

LINESTRING (384502.627892 6670868.197863, 384501.857120 6670867.887823, 384493.311999 6670865.359900)

LINESTRING (384502.627892 6670868.197863, 384506.588591 6670869.789276, 384528.288439 6670870.765983)

LINESTRING (384493.311999 6670865.359900, 384501.857120 6670867.887823, 384502.627892 6670868.197863)

LINESTRING (384528.547916 6670868.952416, 384528.288439 6670870.765983)

LINESTRING (384513.272185 6670787.333045, 384513.621989 6670789.796077)

LINESTRING (384483.818258 6670720.124505, 384483.132410 6670718.808796, 384484.766786 6670717.966029)

LINESTRING (384484.766786 6670717.966029, 384483.132410 6670718.808796, 384483.818258 6670720.124505)

LINESTRING (384484.766786 6670717.966029, 384483.683636 6670716.205922, 384484.806540 6670715.702465, 384487.762198 6670714.305412)

LINESTRING (384484.766786 6670717.966029, 384489.540210 6670725.950984, 384493.079128 6670724.201220)

LINESTRING (384515.980666 6670716.569982, 384516.167597 6670712.630123)

LINESTRING (384629.180209 6670842.390928, 384632.615621 6670842.472233)

LINESTRING (384632.201469 6670831.786670, 384633.302332 6670831.818880)

LINESTRING (384635.020867 6670754.066202, 384637.740137 6670754.158914)

LINESTRING (384639.030188 6670733.200318, 384639.354180 6670727.963409)

LINESTRING (384639.030188 6670733.200318, 384637.740137 6670754.158914)

LINESTRING (384639.030188 6670733.200318, 384636.318205 6670733.163097)

LINESTRING (384636.318205 6670733.163097, 384639.030188 6670733.200318)

LINESTRING (384636.581500 6670727.939242, 384639.354180 6670727.963409)

LINESTRING (384638.580032 6670706.546004, 384638.642074 6670705.340459)

LINESTRING (384617.916620 6670707.463953, 384618.127438 6670704.102859)

LINESTRING (384543.470814 6670691.308794, 384547.743214 6670693.091037, 384550.347046 6670693.220756)

LINESTRING (384573.200900 6670705.584409, 384570.014383 6670705.473027)

LINESTRING (384572.780582 6670712.874928, 384569.532676 6670712.754335)

LINESTRING (384566.461045 6670648.035361, 384555.862518 6670647.700526)

LINESTRING (384336.251391 6670631.277115, 384338.851216 6670632.510109)

LINESTRING (384332.357942 6670610.704821, 384330.455273 6670618.008735)

LINESTRING (384319.705402 6670620.276002, 384321.677576 6670616.758987, 384322.140291 6670615.930841, 384325.102397 6670616.673182, 384330.455273 6670618.008735)

LINESTRING (384331.941340 6670560.891316, 384332.164259 6670555.456954)

LINESTRING (384288.420295 6670524.953565, 384285.583718 6670524.318731)

LINESTRING (384285.583718 6670524.318731, 384285.473796 6670525.236043)

LINESTRING (384285.583718 6670524.318731, 384288.420295 6670524.953565)

LINESTRING (384285.583718 6670524.318731, 384285.980561 6670521.052034, 384286.057665 6670519.623114)

LINESTRING (384286.057665 6670519.623114, 384285.954991 6670514.611370)

LINESTRING (384286.057665 6670519.623114, 384288.931965 6670520.045013)

LINESTRING (384286.057665 6670519.623114, 384285.980561 6670521.052034, 384285.583718 6670524.318731)

LINESTRING (384288.931965 6670520.045013, 384286.057665 6670519.623114)

LINESTRING (384396.042687 6670615.649617, 384428.458074 6670617.446838)

LINESTRING (384396.042687 6670615.649617, 384379.589178 6670614.619563)

LINESTRING (384396.042687 6670615.649617, 384397.381530 6670608.430393)

LINESTRING (384428.182214 6670621.734986, 384427.621360 6670635.482569)

LINESTRING (384428.182214 6670621.734986, 384428.458074 6670617.446838)

LINESTRING (384428.182214 6670621.734986, 384379.384536 6670619.050347)

LINESTRING (384428.182214 6670621.734986, 384452.599629 6670623.227411)

LINESTRING (384425.238785 6670659.105815, 384411.191381 6670652.104365)

LINESTRING (384425.238785 6670659.105815, 384427.104153 6670648.147770)

LINESTRING (384425.238785 6670659.105815, 384440.625785 6670668.249380)

LINESTRING (384411.191381 6670652.104365, 384409.475519 6670651.244641)

LINESTRING (384411.191381 6670652.104365, 384425.238785 6670659.105815)

LINESTRING (384411.191381 6670652.104365, 384414.200454 6670644.297540, 384415.939991 6670639.038245, 384416.302128 6670638.190994, 384427.496976 6670638.584634)

LINESTRING (384427.104153 6670648.147770, 384425.238785 6670659.105815)

LINESTRING (384427.104153 6670648.147770, 384427.496976 6670638.584634)

LINESTRING (384427.104153 6670648.147770, 384439.380850 6670648.674496)

LINESTRING (384440.625785 6670668.249380, 384425.238785 6670659.105815)

LINESTRING (384440.625785 6670668.249380, 384446.433032 6670673.605043)

LINESTRING (384440.625785 6670668.249380, 384433.437262 6670670.883237)

LINESTRING (384440.625785 6670668.249380, 384447.797373 6670659.263767, 384448.912087 6670654.447676, 384449.140574 6670652.356470)

LINESTRING (384365.408101 6670635.962718, 384365.641953 6670634.395123)

LINESTRING (384365.408101 6670635.962718, 384366.747450 6670636.332803)

LINESTRING (384365.408101 6670635.962718, 384364.532880 6670635.689433, 384355.472624 6670632.877160, 384351.343503 6670631.592111)

LINESTRING (384365.641953 6670634.395123, 384365.408101 6670635.962718)

LINESTRING (384366.747450 6670636.332803, 384365.732230 6670638.136795)

LINESTRING (384366.747450 6670636.332803, 384365.408101 6670635.962718)

LINESTRING (384366.747450 6670636.332803, 384383.337209 6670641.860837)

LINESTRING (384365.732230 6670638.136795, 384366.747450 6670636.332803)

LINESTRING (384383.337209 6670641.860837, 384405.355508 6670649.190281)

LINESTRING (384383.337209 6670641.860837, 384366.747450 6670636.332803)

LINESTRING (384383.337209 6670641.860837, 384386.418875 6670632.658646, 384386.383755 6670631.545314, 384382.044115 6670628.517200, 384380.507652 6670626.125046, 384379.278527 6670621.148839, 384379.384536 6670619.050347)

LINESTRING (384403.815584 6670652.147540, 384405.355508 6670649.190281)

LINESTRING (384405.355508 6670649.190281, 384383.337209 6670641.860837)

LINESTRING (384405.355508 6670649.190281, 384409.475519 6670651.244641)

LINESTRING (384405.355508 6670649.190281, 384403.815584 6670652.147540)

LINESTRING (384409.475519 6670651.244641, 384405.355508 6670649.190281)

LINESTRING (384409.475519 6670651.244641, 384411.191381 6670652.104365)

LINESTRING (384409.475519 6670651.244641, 384400.854008 6670673.259292)

LINESTRING (384431.211313 6670635.525387, 384427.621360 6670635.482569)

LINESTRING (384427.621360 6670635.482569, 384427.496976 6670638.584634)

LINESTRING (384427.621360 6670635.482569, 384428.182214 6670621.734986)

LINESTRING (384427.621360 6670635.482569, 384431.211313 6670635.525387)

LINESTRING (384427.496976 6670638.584634, 384427.104153 6670648.147770)

LINESTRING (384427.496976 6670638.584634, 384427.621360 6670635.482569)

LINESTRING (384427.496976 6670638.584634, 384416.302128 6670638.190994, 384415.939991 6670639.038245, 384414.200454 6670644.297540, 384411.191381 6670652.104365)

LINESTRING (384439.380850 6670648.674496, 384427.104153 6670648.147770)

LINESTRING (384449.140574 6670652.356470, 384448.912087 6670654.447676, 384447.797373 6670659.263767, 384440.625785 6670668.249380)

LINESTRING (384612.497357 6671028.269493, 384618.679409 6671028.442603)

LINESTRING (384623.152633 6670937.820542, 384626.902213 6670938.003390)

LINESTRING (384627.715966 6670924.682528, 384628.485570 6670912.076296)

LINESTRING (384627.715966 6670924.682528, 384626.902213 6670938.003390)

LINESTRING (384627.715966 6670924.682528, 384621.396236 6670924.023378)

LINESTRING (384621.396236 6670924.023378, 384627.715966 6670924.682528)

LINESTRING (384622.133166 6670911.262151, 384628.485570 6670912.076296)

LINESTRING (384624.685078 6670683.368476, 384622.069678 6670684.988735)

LINESTRING (384622.069678 6670684.988735, 384624.685078 6670683.368476)

LINESTRING (384622.069678 6670684.988735, 384622.639231 6670692.493257)

LINESTRING (384622.069678 6670684.988735, 384618.100892 6670678.204168)

LINESTRING (384620.659691 6670676.373945, 384618.100892 6670678.204168)

LINESTRING (384618.100892 6670678.204168, 384622.069678 6670684.988735)

LINESTRING (384618.100892 6670678.204168, 384614.795293 6670672.546596)

LINESTRING (384618.100892 6670678.204168, 384620.659691 6670676.373945)

LINESTRING (384617.468941 6670670.835343, 384614.795293 6670672.546596)

LINESTRING (384637.798337 6670674.653128, 384641.097327 6670674.983917)

LINESTRING (384633.981212 6670655.214908, 384627.158552 6670643.182011)

LINESTRING (384633.981212 6670655.214908, 384632.576295 6670655.760629)

LINESTRING (384633.981212 6670655.214908, 384640.762179 6670667.159973, 384640.872209 6670671.714558, 384641.097327 6670674.983917)

LINESTRING (384632.576295 6670655.760629, 384633.981212 6670655.214908)

LINESTRING (384627.158552 6670643.182011, 384621.977417 6670634.061852)

LINESTRING (384627.158552 6670643.182011, 384633.981212 6670655.214908)

LINESTRING (384627.158552 6670643.182011, 384625.838393 6670644.126264)

LINESTRING (384625.838393 6670644.126264, 384627.158552 6670643.182011)

LINESTRING (384621.977417 6670634.061852, 384627.158552 6670643.182011)

LINESTRING (384621.977417 6670634.061852, 384620.527512 6670634.943324)

LINESTRING (384621.977417 6670634.061852, 384616.754606 6670624.853856, 384613.267052 6670618.711660)

LINESTRING (384620.527512 6670634.943324, 384621.977417 6670634.061852)

LINESTRING (384613.267052 6670618.711660, 384611.726655 6670619.718572)

LINESTRING (384613.267052 6670618.711660, 384610.196995 6670613.302995, 384608.226754 6670609.832259)

LINESTRING (384613.267052 6670618.711660, 384616.754606 6670624.853856, 384621.977417 6670634.061852)

LINESTRING (384611.726655 6670619.718572, 384613.267052 6670618.711660)

LINESTRING (384606.586111 6670610.831186, 384608.226754 6670609.832259)

LINESTRING (384450.422955 6670683.163726, 384454.553336 6670683.434703)

LINESTRING (384454.553336 6670683.434703, 384450.422955 6670683.163726)

LINESTRING (384454.553336 6670683.434703, 384462.162345 6670683.919207)

LINESTRING (384454.553336 6670683.434703, 384446.433032 6670673.605043)

LINESTRING (384462.162345 6670683.919207, 384454.553336 6670683.434703)

LINESTRING (384462.162345 6670683.919207, 384457.822287 6670689.683949)

LINESTRING (384462.162345 6670683.919207, 384469.420679 6670684.381347)

LINESTRING (384454.268892 6670674.060090, 384446.433032 6670673.605043)

LINESTRING (384446.433032 6670673.605043, 384440.625785 6670668.249380)

LINESTRING (384446.433032 6670673.605043, 384454.553336 6670683.434703)

LINESTRING (384446.433032 6670673.605043, 384454.268892 6670674.060090)

LINESTRING (384433.437262 6670670.883237, 384440.625785 6670668.249380)

LINESTRING (384466.951376 6670652.218458, 384471.371771 6670652.524891)

LINESTRING (384455.401152 6670631.564250, 384446.882377 6670638.876083)

LINESTRING (384455.401152 6670631.564250, 384451.927321 6670631.328293, 384452.599629 6670623.227411)

LINESTRING (384455.401152 6670631.564250, 384472.581613 6670632.750036, 384471.430734 6670651.575759, 384471.371771 6670652.524891)

LINESTRING (384449.696969 6670640.403281, 384446.882377 6670638.876083)

LINESTRING (384446.882377 6670638.876083, 384455.401152 6670631.564250)

LINESTRING (384446.882377 6670638.876083, 384449.696969 6670640.403281)

LINESTRING (384446.882377 6670638.876083, 384442.384335 6670638.750438)

LINESTRING (384442.384335 6670638.750438, 384446.882377 6670638.876083)

LINESTRING (384397.381530 6670608.430393, 384396.042687 6670615.649617)

LINESTRING (384379.589178 6670614.619563, 384396.042687 6670615.649617)

LINESTRING (384379.589178 6670614.619563, 384357.997613 6670613.428510)

LINESTRING (384379.589178 6670614.619563, 384379.384536 6670619.050347)

LINESTRING (384415.746025 6670569.826502, 384417.316656 6670569.955281, 384418.052873 6670554.017864)

LINESTRING (384390.784107 6670552.492999, 384418.052873 6670554.017864)

LINESTRING (384390.784107 6670552.492999, 384383.108917 6670552.033008)

LINESTRING (384390.784107 6670552.492999, 384390.384011 6670556.539893)

LINESTRING (384390.384011 6670556.539893, 384390.784107 6670552.492999)

LINESTRING (384383.108917 6670552.033008, 384390.784107 6670552.492999)

LINESTRING (384383.108917 6670552.033008, 384372.222403 6670551.384589)

LINESTRING (384383.108917 6670552.033008, 384381.280519 6670519.783065)

LINESTRING (384371.952078 6670555.494257, 384372.222403 6670551.384589)

LINESTRING (384372.222403 6670551.384589, 384383.108917 6670552.033008)

LINESTRING (384372.222403 6670551.384589, 384371.952078 6670555.494257)

LINESTRING (384372.222403 6670551.384589, 384367.492494 6670551.132612, 384359.754778 6670552.212571)

LINESTRING (384346.869610 6670567.976131, 384348.193248 6670568.023519)

LINESTRING (384343.117056 6670540.601294, 384346.103376 6670540.172727)

LINESTRING (384338.147810 6670515.337713, 384341.343636 6670514.857955)

LINESTRING (384326.864005 6670517.242886, 384325.447552 6670517.599633, 384324.563342 6670514.050184)

LINESTRING (384073.528371 6671023.815983, 384074.919435 6671021.609954)

LINESTRING (384095.532512 6671038.120376, 384096.703032 6671035.965909)

LINESTRING (384314.637950 6670834.408697, 384313.288250 6670836.524165)

LINESTRING (384314.460555 6670818.934703, 384311.468252 6670817.758699)

LINESTRING (384320.624843 6670801.990066, 384317.452138 6670800.730595)

LINESTRING (384317.452138 6670800.730595, 384311.468252 6670817.758699)

LINESTRING (384317.452138 6670800.730595, 384327.244123 6670772.883671)

LINESTRING (384317.452138 6670800.730595, 384320.624843 6670801.990066)

LINESTRING (384327.244123 6670772.883671, 384317.452138 6670800.730595)

LINESTRING (384327.244123 6670772.883671, 384332.126830 6670758.977357)

LINESTRING (384327.244123 6670772.883671, 384347.435758 6670780.437563)

LINESTRING (384327.244123 6670772.883671, 384324.452196 6670771.545308)

LINESTRING (384335.710013 6670760.569363, 384332.126830 6670758.977357)

LINESTRING (384332.126830 6670758.977357, 384327.244123 6670772.883671)

LINESTRING (384332.126830 6670758.977357, 384336.607363 6670746.231618)

LINESTRING (384332.126830 6670758.977357, 384335.710013 6670760.569363)

LINESTRING (384340.400029 6670747.772441, 384336.607363 6670746.231618)

LINESTRING (384257.931908 6670818.680142, 384252.949904 6670819.405854, 384248.327728 6670817.278380)

LINESTRING (384248.327728 6670817.278380, 384255.218120 6670802.227527)

LINESTRING (384248.327728 6670817.278380, 384252.949904 6670819.405854, 384257.931908 6670818.680142)

LINESTRING (384248.327728 6670817.278380, 384237.189510 6670837.478418, 384219.549197 6670828.217444)

LINESTRING (384400.994274 6670850.996961, 384408.614316 6670853.955049, 384409.934547 6670854.426050)

LINESTRING (384347.435758 6670780.437563, 384349.115276 6670775.570176)

LINESTRING (384347.435758 6670780.437563, 384327.244123 6670772.883671)

LINESTRING (384347.435758 6670780.437563, 384351.667640 6670783.223853, 384356.741464 6670784.701974, 384359.088716 6670786.032103, 384364.080224 6670790.711276, 384367.809148 6670797.804052, 384370.110915 6670809.488778, 384373.633935 6670819.563611, 384376.299946 6670826.244153, 384374.784789 6670830.159067, 384371.611612 6670838.918389)

LINESTRING (384349.115276 6670775.570176, 384347.435758 6670780.437563)

LINESTRING (384371.611612 6670838.918389, 384360.372516 6670834.815252)

LINESTRING (384371.611612 6670838.918389, 384374.784789 6670830.159067, 384376.299946 6670826.244153, 384373.633935 6670819.563611, 384370.110915 6670809.488778, 384367.809148 6670797.804052, 384364.080224 6670790.711276, 384359.088716 6670786.032103, 384356.741464 6670784.701974, 384351.667640 6670783.223853, 384347.435758 6670780.437563)

LINESTRING (384371.611612 6670838.918389, 384374.331540 6670839.913580, 384377.325840 6670840.978127)

LINESTRING (384115.423187 6670822.058077, 384114.671982 6670822.895375)

LINESTRING (384251.442868 6670721.739153, 384247.086320 6670719.759308)

LINESTRING (384242.064644 6670707.625619, 384242.717758 6670708.429677)

LINESTRING (384216.500619 6670700.598625, 384213.972784 6670700.589330)

LINESTRING (384213.972784 6670700.589330, 384216.500619 6670700.598625)

LINESTRING (384213.972784 6670700.589330, 384214.361091 6670695.472915)

LINESTRING (384213.972784 6670700.589330, 384214.228508 6670727.673351, 384210.103908 6670734.969530)

LINESTRING (384214.361091 6670695.472915, 384213.972784 6670700.589330)

LINESTRING (384219.391296 6670745.853972, 384221.996362 6670747.253882)

LINESTRING (384206.665577 6670741.129587, 384208.240553 6670737.881375, 384204.385989 6670736.142042, 384205.571528 6670733.051011)

LINESTRING (384151.220060 6670753.391031, 384145.001198 6670755.760784)

LINESTRING (384145.001198 6670755.760784, 384136.048649 6670748.621611)

LINESTRING (384145.001198 6670755.760784, 384151.220060 6670753.391031)

LINESTRING (384145.001198 6670755.760784, 384148.609624 6670758.499690, 384150.449596 6670759.946025)

LINESTRING (384145.001198 6670755.760784, 384143.072883 6670759.075918, 384139.139276 6670765.730913)

LINESTRING (384150.449596 6670759.946025, 384148.609624 6670758.499690, 384145.001198 6670755.760784)

LINESTRING (384150.449596 6670759.946025, 384153.468910 6670762.324648, 384156.066304 6670764.359987, 384181.693841 6670778.327521)

LINESTRING (384150.449596 6670759.946025, 384148.321525 6670762.565372, 384144.233152 6670769.069231, 384139.139276 6670765.730913)

LINESTRING (384139.139276 6670765.730913, 384138.399399 6670767.102781)

LINESTRING (384139.139276 6670765.730913, 384143.072883 6670759.075918, 384145.001198 6670755.760784)

LINESTRING (384139.139276 6670765.730913, 384144.233152 6670769.069231, 384148.321525 6670762.565372, 384150.449596 6670759.946025)

LINESTRING (384099.567573 6670809.698797, 384097.939084 6670808.791877)

LINESTRING (384097.939084 6670808.791877, 384099.567573 6670809.698797)

LINESTRING (384097.939084 6670808.791877, 384099.886458 6670804.852024)

LINESTRING (384097.939084 6670808.791877, 384095.776431 6670812.950284)

LINESTRING (384101.508075 6670805.892896, 384099.886458 6670804.852024)

LINESTRING (384099.886458 6670804.852024, 384097.939084 6670808.791877)

LINESTRING (384099.886458 6670804.852024, 384101.508075 6670805.892896)

LINESTRING (384099.886458 6670804.852024, 384099.611923 6670803.723974)

LINESTRING (384110.412223 6670819.408134, 384109.644371 6670820.245959)

LINESTRING (384120.749944 6670807.992525, 384126.336697 6670799.513272)

LINESTRING (384126.336697 6670799.513272, 384120.749944 6670807.992525)

LINESTRING (384126.336697 6670799.513272, 384139.329315 6670807.059623, 384148.270373 6670803.823691, 384154.588354 6670793.872591)

LINESTRING (384126.336697 6670799.513272, 384121.323434 6670796.439897, 384122.687579 6670794.257031)

LINESTRING (384154.588354 6670793.872591, 384131.104982 6670779.904322)

LINESTRING (384154.588354 6670793.872591, 384158.333601 6670787.936810, 384166.666440 6670792.521255)

LINESTRING (384154.588354 6670793.872591, 384148.270373 6670803.823691, 384139.329315 6670807.059623, 384126.336697 6670799.513272)

LINESTRING (384122.687579 6670794.257031, 384131.104982 6670779.904322)

LINESTRING (384122.687579 6670794.257031, 384113.351778 6670788.523088)

LINESTRING (384122.687579 6670794.257031, 384121.323434 6670796.439897, 384126.336697 6670799.513272)

LINESTRING (384121.894613 6670761.272275, 384120.513294 6670769.061336, 384128.346159 6670773.817528, 384131.104982 6670779.904322)

LINESTRING (384131.104982 6670779.904322, 384154.588354 6670793.872591)

LINESTRING (384131.104982 6670779.904322, 384122.687579 6670794.257031)

LINESTRING (384131.104982 6670779.904322, 384138.399399 6670767.102781)

LINESTRING (384131.104982 6670779.904322, 384128.346159 6670773.817528, 384120.513294 6670769.061336, 384121.894613 6670761.272275)

LINESTRING (384138.399399 6670767.102781, 384131.104982 6670779.904322)

LINESTRING (384138.399399 6670767.102781, 384139.139276 6670765.730913)

LINESTRING (384138.399399 6670767.102781, 384145.968418 6670772.123673)

LINESTRING (384210.593292 6670858.233735, 384212.194632 6670855.118422, 384203.288576 6670850.317961)

LINESTRING (384203.288576 6670850.317961, 384198.750894 6670847.875835)

LINESTRING (384203.288576 6670850.317961, 384201.594663 6670853.491925)

LINESTRING (384203.288576 6670850.317961, 384212.194632 6670855.118422, 384210.593292 6670858.233735)

LINESTRING (384201.594663 6670853.491925, 384203.288576 6670850.317961)

LINESTRING (384196.872098 6670850.999922, 384198.750894 6670847.875835)

LINESTRING (384198.750894 6670847.875835, 384193.693172 6670845.149249)

LINESTRING (384198.750894 6670847.875835, 384203.288576 6670850.317961)

LINESTRING (384198.750894 6670847.875835, 384196.872098 6670850.999922)

LINESTRING (384191.573297 6670848.202945, 384193.693172 6670845.149249)

LINESTRING (384193.693172 6670845.149249, 384190.777322 6670843.580871)

LINESTRING (384193.693172 6670845.149249, 384198.750894 6670847.875835)

LINESTRING (384193.693172 6670845.149249, 384191.573297 6670848.202945)

LINESTRING (384186.679568 6670843.810666, 384190.777322 6670843.580871)

LINESTRING (384190.777322 6670843.580871, 384191.475269 6670842.288350)

LINESTRING (384190.777322 6670843.580871, 384193.693172 6670845.149249)

LINESTRING (384190.777322 6670843.580871, 384186.679568 6670843.810666)

LINESTRING (384188.283710 6670840.784408, 384191.475269 6670842.288350)

LINESTRING (384191.475269 6670842.288350, 384192.483033 6670840.428817)

LINESTRING (384191.475269 6670842.288350, 384190.777322 6670843.580871)

LINESTRING (384191.475269 6670842.288350, 384188.283710 6670840.784408)

LINESTRING (384189.361152 6670838.844662, 384192.483033 6670840.428817)

LINESTRING (384192.483033 6670840.428817, 384193.753136 6670838.081784)

LINESTRING (384192.483033 6670840.428817, 384191.475269 6670842.288350)

LINESTRING (384192.483033 6670840.428817, 384189.361152 6670838.844662)

LINESTRING (384190.611438 6670836.397954, 384193.753136 6670838.081784)

LINESTRING (384193.753136 6670838.081784, 384203.373393 6670820.303331)

LINESTRING (384193.753136 6670838.081784, 384192.483033 6670840.428817)

LINESTRING (384193.753136 6670838.081784, 384190.611438 6670836.397954)

LINESTRING (384219.549197 6670828.217444, 384224.892398 6670818.352989)

LINESTRING (384219.549197 6670828.217444, 384205.932023 6670821.114040)

LINESTRING (384219.549197 6670828.217444, 384237.189510 6670837.478418, 384248.327728 6670817.278380)

LINESTRING (384224.892398 6670818.352989, 384227.144331 6670814.202989)

LINESTRING (384224.892398 6670818.352989, 384219.549197 6670828.217444)

LINESTRING (384224.892398 6670818.352989, 384211.312013 6670811.359847, 384209.511228 6670814.492605, 384207.097135 6670818.959786, 384205.932023 6670821.114040)

LINESTRING (384205.932023 6670821.114040, 384203.373393 6670820.303331)

LINESTRING (384205.932023 6670821.114040, 384219.549197 6670828.217444)

LINESTRING (384205.932023 6670821.114040, 384207.097135 6670818.959786, 384209.511228 6670814.492605, 384211.312013 6670811.359847, 384224.892398 6670818.352989)

LINESTRING (384203.373393 6670820.303331, 384193.753136 6670838.081784)

LINESTRING (384203.373393 6670820.303331, 384205.932023 6670821.114040)

LINESTRING (384203.373393 6670820.303331, 384196.690277 6670818.174174)

LINESTRING (384195.232113 6670820.371126, 384196.690277 6670818.174174)

LINESTRING (384196.690277 6670818.174174, 384203.373393 6670820.303331)

LINESTRING (384196.690277 6670818.174174, 384189.210339 6670814.209089)

LINESTRING (384196.690277 6670818.174174, 384195.232113 6670820.371126)

LINESTRING (384187.813923 6670816.426382, 384189.210339 6670814.209089)

LINESTRING (384189.210339 6670814.209089, 384196.690277 6670818.174174)

LINESTRING (384189.210339 6670814.209089, 384185.375689 6670811.867351)

LINESTRING (384189.210339 6670814.209089, 384187.813923 6670816.426382)

LINESTRING (384178.549406 6670832.276794, 384175.484924 6670831.103180)

LINESTRING (384175.484924 6670831.103180, 384185.375689 6670811.867351)

LINESTRING (384175.484924 6670831.103180, 384172.418121 6670837.062079)

LINESTRING (384175.484924 6670831.103180, 384178.549406 6670832.276794)

LINESTRING (384175.241677 6670838.521916, 384174.331000 6670838.004621)

LINESTRING (384174.331000 6670838.004621, 384172.418121 6670837.062079)

LINESTRING (384174.331000 6670838.004621, 384175.241677 6670838.521916)

LINESTRING (384174.331000 6670838.004621, 384173.010262 6670840.330972, 384173.988587 6670840.879562)

LINESTRING (384173.988587 6670840.879562, 384173.010262 6670840.330972, 384174.331000 6670838.004621)

LINESTRING (384173.984735 6670853.060550, 384173.449594 6670853.879863)

LINESTRING (384178.571318 6670855.467667, 384178.098625 6670856.329583)

LINESTRING (384178.098625 6670856.329583, 384186.041274 6670860.525197)

LINESTRING (384178.098625 6670856.329583, 384173.449594 6670853.879863)

LINESTRING (384178.098625 6670856.329583, 384178.571318 6670855.467667)

LINESTRING (384186.642656 6670859.692648, 384186.041274 6670860.525197)

LINESTRING (384186.041274 6670860.525197, 384194.046001 6670864.752299)

LINESTRING (384186.041274 6670860.525197, 384178.098625 6670856.329583)

LINESTRING (384186.041274 6670860.525197, 384186.642656 6670859.692648)

LINESTRING (384194.595330 6670863.854530, 384194.046001 6670864.752299)

LINESTRING (384194.046001 6670864.752299, 384204.304609 6670870.167521)

LINESTRING (384194.046001 6670864.752299, 384186.041274 6670860.525197)

LINESTRING (384194.046001 6670864.752299, 384194.595330 6670863.854530)

LINESTRING (384204.711339 6670869.151671, 384204.304609 6670870.167521)

LINESTRING (384156.376495 6670911.768783, 384155.332742 6670913.718621, 384149.154407 6670910.860356, 384146.311564 6670899.828078, 384151.371854 6670890.864001, 384143.047842 6670886.201309, 384140.163888 6670884.587385)

LINESTRING (384166.666440 6670792.521255, 384167.540833 6670791.011409)

LINESTRING (384166.666440 6670792.521255, 384158.333601 6670787.936810, 384154.588354 6670793.872591)

LINESTRING (384166.666440 6670792.521255, 384167.983640 6670793.070278, 384177.742448 6670797.955154, 384178.715585 6670798.515055)

LINESTRING (384181.737144 6670806.766743, 384180.459457 6670809.225464)

LINESTRING (384181.737144 6670806.766743, 384184.292524 6670801.849303)

LINESTRING (384181.737144 6670806.766743, 384176.032032 6670803.770883)

LINESTRING (384113.351778 6670788.523088, 384122.687579 6670794.257031)

LINESTRING (384145.968418 6670772.123673, 384138.399399 6670767.102781)

LINESTRING (384133.364866 6670753.342545, 384136.048649 6670748.621611)

LINESTRING (384114.756918 6670745.650573, 384111.806603 6670744.049910, 384108.324781 6670742.154012)

LINESTRING (384106.572017 6670753.654779, 384105.597264 6670753.395848)

LINESTRING (384105.597264 6670753.395848, 384106.572017 6670753.654779)

LINESTRING (384105.597264 6670753.395848, 384099.277220 6670775.048764)

LINESTRING (384105.597264 6670753.395848, 384106.314081 6670750.943692, 384107.136271 6670747.607793, 384107.643787 6670745.563456, 384108.324781 6670742.154012)

LINESTRING (384100.336165 6670775.862252, 384099.277220 6670775.048764)

LINESTRING (384099.277220 6670775.048764, 384100.336165 6670775.862252)

LINESTRING (384099.277220 6670775.048764, 384098.986340 6670776.038674)

LINESTRING (384099.277220 6670775.048764, 384105.597264 6670753.395848)

LINESTRING (384100.086511 6670776.750559, 384098.986340 6670776.038674)

LINESTRING (384098.986340 6670776.038674, 384100.086511 6670776.750559)

LINESTRING (384098.986340 6670776.038674, 384097.798242 6670780.099391)

LINESTRING (384098.986340 6670776.038674, 384099.277220 6670775.048764)

LINESTRING (384099.049134 6670780.483320, 384097.798242 6670780.099391)

LINESTRING (384097.798242 6670780.099391, 384099.049134 6670780.483320)

LINESTRING (384097.798242 6670780.099391, 384096.269409 6670785.329908)

LINESTRING (384097.798242 6670780.099391, 384098.986340 6670776.038674)

LINESTRING (384097.593497 6670785.744955, 384096.269409 6670785.329908)

LINESTRING (384096.269409 6670785.329908, 384097.593497 6670785.744955)

LINESTRING (384096.269409 6670785.329908, 384097.798242 6670780.099391)

LINESTRING (384096.269409 6670785.329908, 384093.750256 6670794.024234, 384092.428958 6670799.493367, 384092.419494 6670801.477377)

LINESTRING (384100.346511 6670801.482998, 384099.611923 6670803.723974)

LINESTRING (384099.611923 6670803.723974, 384099.886458 6670804.852024)

LINESTRING (384099.611923 6670803.723974, 384100.346511 6670801.482998)

LINESTRING (384099.611923 6670803.723974, 384092.419494 6670801.477377)

LINESTRING (384171.098990 6670660.865716, 384170.341114 6670660.087269)

LINESTRING (384159.264971 6670673.643492, 384157.847945 6670672.573838)

LINESTRING (384171.034578 6670687.302342, 384162.433830 6670695.163533)

LINESTRING (384155.959768 6670701.765068, 384162.433830 6670695.163533)

LINESTRING (384122.680915 6670714.986849, 384123.902315 6670718.302707)

LINESTRING (384123.902315 6670718.302707, 384122.680915 6670714.986849)

LINESTRING (384123.902315 6670718.302707, 384128.740745 6670721.114150)

LINESTRING (384123.902315 6670718.302707, 384119.548237 6670722.552673, 384110.977107 6670730.290467)

LINESTRING (384128.740745 6670721.114150, 384123.902315 6670718.302707)

LINESTRING (384173.427690 6670802.393271, 384176.032032 6670803.770883)

LINESTRING (384179.640143 6670782.070087, 384181.693841 6670778.327521)

LINESTRING (384259.899993 6670889.262485, 384253.294220 6670886.763023)

LINESTRING (384253.294220 6670886.763023, 384251.945158 6670889.424572)

LINESTRING (384253.294220 6670886.763023, 384259.899993 6670889.262485)

LINESTRING (384253.294220 6670886.763023, 384255.014422 6670883.365365, 384255.761898 6670881.881837)

LINESTRING (384255.761898 6670881.881837, 384259.186459 6670883.378476)

LINESTRING (384255.761898 6670881.881837, 384255.014422 6670883.365365, 384253.294220 6670886.763023)

LINESTRING (384255.761898 6670881.881837, 384280.906928 6670832.230613, 384281.455856 6670831.143415, 384282.624498 6670828.220110, 384294.857334 6670833.004881)

LINESTRING (384252.749751 6670890.101258, 384251.945158 6670889.424572)

LINESTRING (384259.186459 6670883.378476, 384255.761898 6670881.881837)

LINESTRING (384262.381141 6670899.581872, 384261.697292 6670900.617612)

LINESTRING (384267.466130 6670902.296543, 384266.932811 6670903.349817)

LINESTRING (384266.932811 6670903.349817, 384271.457172 6670905.725576)

LINESTRING (384266.932811 6670903.349817, 384261.697292 6670900.617612)

LINESTRING (384266.932811 6670903.349817, 384267.466130 6670902.296543)

LINESTRING (384271.980096 6670904.694920, 384271.457172 6670905.725576)

LINESTRING (384271.457172 6670905.725576, 384280.431626 6670910.412590)

LINESTRING (384271.457172 6670905.725576, 384266.932811 6670903.349817)

LINESTRING (384271.457172 6670905.725576, 384271.980096 6670904.694920)

LINESTRING (384280.951112 6670909.448910, 384280.431626 6670910.412590)

LINESTRING (384280.431626 6670910.412590, 384285.373990 6670913.009199)

LINESTRING (384280.431626 6670910.412590, 384271.457172 6670905.725576)

LINESTRING (384280.431626 6670910.412590, 384280.951112 6670909.448910)

LINESTRING (384285.859479 6670912.024305, 384285.373990 6670913.009199)

LINESTRING (384285.373990 6670913.009199, 384290.332642 6670915.594156)

LINESTRING (384285.373990 6670913.009199, 384280.431626 6670910.412590)

LINESTRING (384285.373990 6670913.009199, 384285.859479 6670912.024305)

LINESTRING (384290.733840 6670914.578491, 384290.332642 6670915.594156)

LINESTRING (384290.332642 6670915.594156, 384302.137091 6670921.774374)

LINESTRING (384290.332642 6670915.594156, 384285.373990 6670913.009199)

LINESTRING (384290.332642 6670915.594156, 384290.733840 6670914.578491)

LINESTRING (384302.685381 6670920.843221, 384302.137091 6670921.774374)

LINESTRING (384302.137091 6670921.774374, 384290.332642 6670915.594156)

LINESTRING (384302.137091 6670921.774374, 384302.685381 6670920.843221)

LINESTRING (384302.137091 6670921.774374, 384303.197908 6670922.298103, 384311.738668 6670926.798283)

LINESTRING (384312.432995 6670925.918244, 384311.738668 6670926.798283)

LINESTRING (384322.726325 6670928.925493, 384323.900024 6670929.858008)

LINESTRING (384326.848895 6670915.934706, 384333.086573 6670919.270601)

LINESTRING (384329.145655 6670905.988258, 384327.570054 6670906.929544)

LINESTRING (384310.903346 6670886.437283, 384312.307629 6670885.523688)

LINESTRING (384337.392658 6670891.853165, 384346.323370 6670880.371175)

LINESTRING (384346.323370 6670880.371175, 384322.724375 6670878.887125)

LINESTRING (384346.323370 6670880.371175, 384337.392658 6670891.853165)

LINESTRING (384346.323370 6670880.371175, 384357.954784 6670875.434910)

LINESTRING (384357.954784 6670875.434910, 384346.323370 6670880.371175)

LINESTRING (384326.660035 6670862.436329, 384321.009254 6670861.154776)

LINESTRING (384316.001313 6670858.593620, 384321.009254 6670861.154776)

LINESTRING (384293.881356 6670854.522134, 384297.310494 6670856.163542)

LINESTRING (384289.511606 6670848.775849, 384298.680371 6670852.576367)

LINESTRING (384048.440486 6670470.641496, 384046.355671 6670453.032364)

LINESTRING (384048.440486 6670470.641496, 384079.297065 6670468.417288)

LINESTRING (384046.355671 6670453.032364, 384048.440486 6670470.641496)

LINESTRING (384046.355671 6670453.032364, 384050.914766 6670452.620670)

LINESTRING (384046.355671 6670453.032364, 384045.653126 6670446.980869, 384047.488782 6670437.572609, 384046.639144 6670430.032412)

LINESTRING (384079.297065 6670468.417288, 384048.440486 6670470.641496)

LINESTRING (384079.297065 6670468.417288, 384075.746310 6670452.581897, 384073.832003 6670430.699042)

LINESTRING (384079.297065 6670468.417288, 384092.689360 6670469.063620, 384116.243026 6670476.053088)

LINESTRING (384050.914766 6670452.620670, 384046.355671 6670453.032364)

LINESTRING (384046.639144 6670430.032412, 384073.832003 6670430.699042)

LINESTRING (384046.639144 6670430.032412, 384047.488782 6670437.572609, 384045.653126 6670446.980869, 384046.355671 6670453.032364)

LINESTRING (384092.419494 6670801.477377, 384099.611923 6670803.723974)

LINESTRING (384092.419494 6670801.477377, 384094.816144 6670812.445722, 384095.776431 6670812.950284)

LINESTRING (384092.419494 6670801.477377, 384092.428958 6670799.493367, 384093.750256 6670794.024234, 384096.269409 6670785.329908)

LINESTRING (384085.621130 6670982.388447, 384084.426595 6670981.501242)

LINESTRING (384087.122144 6670980.145512, 384085.915454 6670979.225258)

LINESTRING (384085.915454 6670979.225258, 384088.521644 6670975.219977)

LINESTRING (384085.915454 6670979.225258, 384084.426595 6670981.501242)

LINESTRING (384085.915454 6670979.225258, 384087.122144 6670980.145512)

LINESTRING (384089.752996 6670976.217463, 384088.521644 6670975.219977)

LINESTRING (384088.521644 6670975.219977, 384091.196809 6670971.112216)

LINESTRING (384088.521644 6670975.219977, 384085.915454 6670979.225258)

LINESTRING (384088.521644 6670975.219977, 384089.752996 6670976.217463)

LINESTRING (384092.548129 6670972.039042, 384091.196809 6670971.112216)

LINESTRING (384091.196809 6670971.112216, 384092.325240 6670969.382569)

LINESTRING (384091.196809 6670971.112216, 384088.521644 6670975.219977)

LINESTRING (384091.196809 6670971.112216, 384092.548129 6670972.039042)

LINESTRING (384093.603803 6670970.467718, 384092.325240 6670969.382569)

LINESTRING (384092.325240 6670969.382569, 384094.974429 6670965.331355)

LINESTRING (384092.325240 6670969.382569, 384091.196809 6670971.112216)

LINESTRING (384092.325240 6670969.382569, 384093.603803 6670970.467718)

LINESTRING (384096.568769 6670966.038752, 384094.974429 6670965.331355)

LINESTRING (384094.974429 6670965.331355, 384096.002009 6670963.749777)

LINESTRING (384094.974429 6670965.331355, 384092.325240 6670969.382569)

LINESTRING (384094.974429 6670965.331355, 384096.568769 6670966.038752)

LINESTRING (384097.459467 6670964.695536, 384096.002009 6670963.749777)

LINESTRING (384116.249637 6670936.552230, 384114.982521 6670935.477855)

LINESTRING (384123.068296 6670926.284328, 384121.866796 6670925.352753)

LINESTRING (384082.768001 6670990.703298, 384078.374732 6670997.740683)

LINESTRING (384092.096661 6670996.927727, 384087.388326 6671003.663022)

LINESTRING (384087.388326 6671003.663022, 384078.374732 6670997.740683)

LINESTRING (384087.388326 6671003.663022, 384092.096661 6670996.927727)

LINESTRING (384087.388326 6671003.663022, 384096.169450 6671009.436712, 384100.230939 6671012.105511)

LINESTRING (384100.230939 6671012.105511, 384117.895072 6671023.716615)

LINESTRING (384100.230939 6671012.105511, 384104.591372 6671005.258648)

LINESTRING (384100.230939 6671012.105511, 384096.169450 6671009.436712, 384087.388326 6671003.663022)

LINESTRING (384104.591372 6671005.258648, 384100.230939 6671012.105511)

LINESTRING (384117.895072 6671023.716615, 384100.230939 6671012.105511)

LINESTRING (384117.895072 6671023.716615, 384123.539556 6671027.438680)

LINESTRING (384117.895072 6671023.716615, 384122.294801 6671017.057986)

LINESTRING (384122.294801 6671017.057986, 384117.895072 6671023.716615)

LINESTRING (384128.099238 6671020.919878, 384123.539556 6671027.438680)

LINESTRING (384140.736942 6671031.319259, 384139.468460 6671033.187053, 384136.131267 6671038.140399)

LINESTRING (384145.883018 6671029.819228, 384148.282152 6671031.738235)

LINESTRING (384151.566871 6671021.258917, 384153.822623 6671022.859271)

LINESTRING (384179.266274 6670979.394107, 384180.833710 6670980.481300)

LINESTRING (384183.203807 6670973.396543, 384184.786132 6670974.427545)

LINESTRING (384203.007853 6670943.393977, 384204.449345 6670944.362571)

LINESTRING (384291.655276 6670839.436009, 384292.867135 6670837.001696, 384294.857334 6670833.004881)

LINESTRING (384315.419945 6670846.687447, 384317.847483 6670841.762997)

LINESTRING (384336.471772 6670854.403565, 384338.364846 6670849.440276)

LINESTRING (384371.586361 6670873.856908, 384376.825987 6670880.066194)

LINESTRING (384038.061653 6670344.168378, 384037.737316 6670341.994329)

LINESTRING (384037.737316 6670341.994329, 384035.354617 6670333.410479)

LINESTRING (384037.737316 6670341.994329, 384038.061653 6670344.168378)

LINESTRING (384037.737316 6670341.994329, 384059.008397 6670347.573470)

LINESTRING (384049.818481 6670305.392709, 384047.689475 6670308.691944)

LINESTRING (384049.818481 6670305.392709, 384066.178700 6670319.407567)

LINESTRING (384049.818481 6670305.392709, 384050.227344 6670295.661824, 384047.978586 6670285.691820)

LINESTRING (384047.689475 6670308.691944, 384049.818481 6670305.392709)

LINESTRING (384047.689475 6670308.691944, 384039.791729 6670323.518717)

LINESTRING (384066.178700 6670319.407567, 384049.818481 6670305.392709)

LINESTRING (384047.978586 6670285.691820, 384045.537612 6670279.305262)

LINESTRING (384047.978586 6670285.691820, 384092.927685 6670304.430482)

LINESTRING (384047.978586 6670285.691820, 384050.227344 6670295.661824, 384049.818481 6670305.392709)

LINESTRING (384035.354617 6670333.410479, 384039.791729 6670323.518717)

LINESTRING (384035.354617 6670333.410479, 384037.737316 6670341.994329)

LINESTRING (384039.791729 6670323.518717, 384047.689475 6670308.691944)

LINESTRING (384039.791729 6670323.518717, 384035.354617 6670333.410479)

LINESTRING (384039.791729 6670323.518717, 384063.322308 6670329.394173)

LINESTRING (384063.322308 6670329.394173, 384039.791729 6670323.518717)

LINESTRING (384059.008397 6670347.573470, 384037.737316 6670341.994329)

LINESTRING (384412.026941 6671025.192647, 384413.917811 6671027.027554)

LINESTRING (384399.159097 6671039.517922, 384398.303220 6671040.559063)

LINESTRING (384398.303220 6671040.559063, 384399.159097 6671039.517922)

LINESTRING (384398.303220 6671040.559063, 384396.083424 6671043.615792, 384401.171487 6671046.965771)

LINESTRING (384398.303220 6671040.559063, 384380.092579 6671028.317518, 384384.251279 6671022.279770, 384378.333339 6671018.331910)

LINESTRING (384399.321465 6671007.160581, 384400.330334 6671005.334506)

LINESTRING (384395.958605 6671002.508004, 384382.803828 6670994.007490)

LINESTRING (384395.958605 6671002.508004, 384400.330334 6671005.334506)

LINESTRING (384395.958605 6671002.508004, 384397.038909 6671000.657386)

LINESTRING (384395.958605 6671002.508004, 384394.970176 6671004.277714, 384390.796828 6671011.084874, 384389.856448 6671012.440727)

LINESTRING (384382.051202 6670995.680608, 384382.803828 6670994.007490)

LINESTRING (384382.803828 6670994.007490, 384380.376846 6670992.434690)

LINESTRING (384382.803828 6670994.007490, 384395.958605 6671002.508004)

LINESTRING (384382.803828 6670994.007490, 384382.051202 6670995.680608)

LINESTRING (384379.526375 6670993.999452, 384380.376846 6670992.434690)

LINESTRING (384370.635417 6670997.757038, 384369.556916 6670995.439598)

LINESTRING (384369.556916 6670995.439598, 384370.635417 6670997.757038)

LINESTRING (384369.556916 6670995.439598, 384368.257992 6670992.649904)

LINESTRING (384369.556916 6670995.439598, 384352.623385 6671021.739842)

LINESTRING (384376.865583 6671017.408656, 384378.333339 6671018.331910)

LINESTRING (384378.333339 6671018.331910, 384376.865583 6671017.408656)

LINESTRING (384378.333339 6671018.331910, 384384.535270 6671009.098116)

LINESTRING (384378.333339 6671018.331910, 384384.251279 6671022.279770, 384380.092579 6671028.317518, 384398.303220 6671040.559063)

LINESTRING (384383.039415 6671008.164603, 384384.535270 6671009.098116)

LINESTRING (384384.535270 6671009.098116, 384385.543220 6671007.595254)

LINESTRING (384384.535270 6671009.098116, 384378.333339 6671018.331910)

LINESTRING (384384.535270 6671009.098116, 384383.039415 6671008.164603)

LINESTRING (384384.535270 6671009.098116, 384389.856448 6671012.440727)

LINESTRING (384385.543220 6671007.595254, 384384.535270 6671009.098116)

LINESTRING (384389.856448 6671012.440727, 384384.535270 6671009.098116)

LINESTRING (384389.856448 6671012.440727, 384394.497335 6671015.347885)

LINESTRING (384389.856448 6671012.440727, 384390.796828 6671011.084874, 384394.970176 6671004.277714, 384395.958605 6671002.508004)

LINESTRING (384394.497335 6671015.347885, 384389.856448 6671012.440727)

LINESTRING (384394.497335 6671015.347885, 384397.473719 6671017.081672)

LINESTRING (384394.497335 6671015.347885, 384395.182461 6671014.000086)

LINESTRING (384395.182461 6671014.000086, 384394.497335 6671015.347885)

LINESTRING (384397.473719 6671017.081672, 384394.497335 6671015.347885)

LINESTRING (384331.645624 6671038.160140, 384339.173285 6671038.201150)

LINESTRING (384338.534962 6671051.237977, 384339.173285 6671038.201150)

LINESTRING (384357.494870 6671039.874091, 384358.104885 6671038.082878)

LINESTRING (384163.879332 6670998.703408, 384164.926041 6670997.199256)

LINESTRING (384157.674925 6670992.380038, 384149.561325 6670986.986300)

LINESTRING (384157.674925 6670992.380038, 384164.926041 6670997.199256)

LINESTRING (384157.674925 6670992.380038, 384163.320892 6670984.199857)

LINESTRING (384163.320892 6670984.199857, 384157.674925 6670992.380038)

LINESTRING (384151.728699 6670971.382433, 384148.150967 6670970.838016)

LINESTRING (384161.566625 6670965.956143, 384162.193534 6670964.877605)

LINESTRING (384166.090658 6670967.618539, 384165.079341 6670966.903828)

LINESTRING (384166.090658 6670967.618539, 384169.373174 6670962.689242)

LINESTRING (384166.090658 6670967.618539, 384169.614769 6670969.981212)

LINESTRING (384165.079341 6670966.903828, 384166.090658 6670967.618539)

LINESTRING (384165.079341 6670966.903828, 384162.193534 6670964.877605)

LINESTRING (384165.079341 6670966.903828, 384164.487403 6670967.858672)

LINESTRING (384169.373174 6670962.689242, 384170.910979 6670960.378314)

LINESTRING (384169.373174 6670962.689242, 384166.090658 6670967.618539)

LINESTRING (384169.373174 6670962.689242, 384172.011624 6670963.040479)

LINESTRING (384169.614769 6670969.981212, 384166.090658 6670967.618539)

LINESTRING (384164.487403 6670967.858672, 384165.079341 6670966.903828)

LINESTRING (384172.011624 6670963.040479, 384169.373174 6670962.689242)

LINESTRING (384170.910979 6670960.378314, 384172.666446 6670957.748464)

LINESTRING (384170.910979 6670960.378314, 384169.373174 6670962.689242)

LINESTRING (384170.910979 6670960.378314, 384173.193475 6670961.242303)

LINESTRING (384173.193475 6670961.242303, 384170.910979 6670960.378314)

LINESTRING (384172.666446 6670957.748464, 384170.910979 6670960.378314)

LINESTRING (384172.666446 6670957.748464, 384174.195102 6670959.717291)

LINESTRING (384172.666446 6670957.748464, 384174.692252 6670954.708870, 384178.193549 6670957.228295)

LINESTRING (384174.195102 6670959.717291, 384172.666446 6670957.748464)

LINESTRING (384178.193549 6670957.228295, 384174.692252 6670954.708870, 384172.666446 6670957.748464)

LINESTRING (384168.869649 6670929.361003, 384167.274091 6670928.263558)

LINESTRING (384137.220927 6670950.154014, 384130.798015 6670944.829448)

LINESTRING (384137.220927 6670950.154014, 384141.556175 6670953.750338)

LINESTRING (384137.220927 6670950.154014, 384127.275409 6670950.245583)

LINESTRING (384142.498037 6670936.279512, 384140.097450 6670939.587295, 384141.556175 6670953.750338)

LINESTRING (384130.798015 6670944.829448, 384129.868161 6670944.056449)

LINESTRING (384130.798015 6670944.829448, 384137.220927 6670950.154014)

LINESTRING (384130.798015 6670944.829448, 384130.226435 6670945.549620, 384129.343087 6670944.842017)

LINESTRING (384127.275409 6670950.245583, 384137.220927 6670950.154014)

LINESTRING (384127.275409 6670950.245583, 384126.377091 6670949.415866)

LINESTRING (384127.275409 6670950.245583, 384126.016157 6670951.879055, 384125.137738 6670951.327320)

LINESTRING (384126.377091 6670949.415866, 384127.275409 6670950.245583)

LINESTRING (384125.137738 6670951.327320, 384126.016157 6670951.879055, 384127.275409 6670950.245583)

LINESTRING (384129.868161 6670944.056449, 384130.798015 6670944.829448)

LINESTRING (384129.343087 6670944.842017, 384130.226435 6670945.549620, 384130.798015 6670944.829448)

LINESTRING (384104.485886 6670985.413726, 384106.939462 6670985.012941)

LINESTRING (384106.939462 6670985.012941, 384118.910732 6670966.602655)

LINESTRING (384106.939462 6670985.012941, 384110.256253 6670987.493559)

LINESTRING (384106.939462 6670985.012941, 384104.485886 6670985.413726)

LINESTRING (384110.256253 6670987.493559, 384106.939462 6670985.012941)

LINESTRING (384110.256253 6670987.493559, 384109.185309 6670990.514138)

LINESTRING (384110.256253 6670987.493559, 384111.790422 6670992.270586)

LINESTRING (384109.185309 6670990.514138, 384110.256253 6670987.493559)

LINESTRING (384111.790422 6670992.270586, 384110.256253 6670987.493559)

LINESTRING (384147.745906 6670989.651491, 384145.893758 6670992.384712)

LINESTRING (384147.745906 6670989.651491, 384149.561325 6670986.986300)

LINESTRING (384147.745906 6670989.651491, 384153.748504 6670994.510160)

LINESTRING (384137.476286 6671004.787136, 384145.893758 6670992.384712)

LINESTRING (384137.476286 6671004.787136, 384141.893487 6671007.990811)

LINESTRING (384137.476286 6671004.787136, 384128.460418 6670998.262949, 384126.235262 6671001.320019)

LINESTRING (384145.893758 6670992.384712, 384137.476286 6671004.787136)

LINESTRING (384145.893758 6670992.384712, 384147.745906 6670989.651491)

LINESTRING (384145.893758 6670992.384712, 384152.012098 6670997.039118)

LINESTRING (384141.893487 6671007.990811, 384140.908803 6671009.348131)

LINESTRING (384141.893487 6671007.990811, 384137.476286 6671004.787136)

LINESTRING (384141.893487 6671007.990811, 384143.068619 6671008.967802)

LINESTRING (384126.235262 6671001.320019, 384128.460418 6670998.262949, 384137.476286 6671004.787136)

LINESTRING (384139.114811 6671011.812051, 384140.908803 6671009.348131)

LINESTRING (384140.908803 6671009.348131, 384139.114811 6671011.812051)

LINESTRING (384140.908803 6671009.348131, 384141.893487 6671007.990811)

LINESTRING (384140.908803 6671009.348131, 384142.108947 6671010.413487)

LINESTRING (384142.108947 6671010.413487, 384140.908803 6671009.348131)

LINESTRING (384143.068619 6671008.967802, 384141.893487 6671007.990811)

LINESTRING (384152.012098 6670997.039118, 384145.893758 6670992.384712)

LINESTRING (384153.748504 6670994.510160, 384147.745906 6670989.651491)

LINESTRING (384251.824626 6670949.095634, 384258.687924 6670953.069164)

LINESTRING (384251.824626 6670949.095634, 384248.684465 6670954.666732)

LINESTRING (384251.824626 6670949.095634, 384252.457740 6670947.860894)

LINESTRING (384251.824626 6670949.095634, 384244.712228 6670944.973962, 384250.602479 6670934.847082, 384252.863502 6670930.986562, 384253.823788 6670929.206556)

LINESTRING (384281.482097 6670964.084389, 384280.664326 6670965.804165)

LINESTRING (384280.664326 6670965.804165, 384262.252784 6670955.140882)

LINESTRING (384280.664326 6670965.804165, 384276.489132 6670973.603374)

LINESTRING (384280.664326 6670965.804165, 384281.482097 6670964.084389)

LINESTRING (384252.457740 6670947.860894, 384251.824626 6670949.095634)

LINESTRING (384259.412913 6670951.753513, 384258.687924 6670953.069164)

LINESTRING (384258.687924 6670953.069164, 384262.252784 6670955.140882)

LINESTRING (384258.687924 6670953.069164, 384251.824626 6670949.095634)

LINESTRING (384258.687924 6670953.069164, 384259.412913 6670951.753513)

LINESTRING (384262.991960 6670953.746772, 384262.252784 6670955.140882)

LINESTRING (384262.252784 6670955.140882, 384280.664326 6670965.804165)

LINESTRING (384262.252784 6670955.140882, 384258.687924 6670953.069164)

LINESTRING (384262.252784 6670955.140882, 384262.991960 6670953.746772)

LINESTRING (384256.773915 6671041.426906, 384253.358876 6671039.172153)

LINESTRING (384250.344575 6671050.835281, 384247.151226 6671048.740698)

LINESTRING (384247.151226 6671048.740698, 384253.358876 6671039.172153)

LINESTRING (384247.151226 6671048.740698, 384244.168109 6671046.795499)

LINESTRING (384247.151226 6671048.740698, 384250.344575 6671050.835281)

LINESTRING (384227.144331 6670814.202989, 384224.892398 6670818.352989)

LINESTRING (384230.372445 6670458.805667, 384229.474504 6670449.372417, 384229.195677 6670445.469533)

LINESTRING (384229.195677 6670445.469533, 384244.089224 6670441.934424)

LINESTRING (384229.195677 6670445.469533, 384225.995458 6670446.339581, 384224.212406 6670448.457620, 384223.145796 6670450.920795, 384221.932736 6670454.023828, 384209.230195 6670488.047820, 384209.144870 6670490.446566, 384210.513012 6670492.253318, 384214.136725 6670493.008107)

LINESTRING (384229.195677 6670445.469533, 384229.474504 6670449.372417, 384230.372445 6670458.805667)

LINESTRING (384287.753468 6670634.568789, 384285.456670 6670638.887326)

LINESTRING (384287.753468 6670634.568789, 384263.215037 6670620.978443, 384255.477094 6670616.241249)

LINESTRING (384287.753468 6670634.568789, 384305.027407 6670641.880267, 384314.302902 6670647.638892, 384321.002447 6670652.921622, 384326.424022 6670657.843500, 384328.680207 6670661.037604)

LINESTRING (384255.477094 6670616.241249, 384250.152501 6670612.988070, 384239.896620 6670604.864515, 384231.501688 6670599.379155, 384213.034740 6670582.978414, 384209.272767 6670576.789519)

LINESTRING (384255.477094 6670616.241249, 384245.264271 6670607.369644, 384239.352187 6670602.753126, 384232.825383 6670595.559384, 384215.941097 6670579.844170, 384209.272767 6670576.789519)

LINESTRING (384255.477094 6670616.241249, 384263.215037 6670620.978443, 384287.753468 6670634.568789)

LINESTRING (384298.149505 6670614.760144, 384296.963475 6670616.959602, 384291.351926 6670625.027005, 384289.213594 6670629.262526, 384302.179164 6670636.297674, 384314.737176 6670643.446029, 384323.388858 6670649.681287, 384327.992456 6670653.503399, 384330.819884 6670655.787923)

LINESTRING (384298.149505 6670614.760144, 384300.838926 6670616.190883, 384302.805110 6670612.484591, 384301.144348 6670611.612031)

LINESTRING (384298.149505 6670614.760144, 384296.979995 6670614.139544, 384298.946529 6670610.444383, 384301.144348 6670611.612031)

LINESTRING (384301.144348 6670611.612031, 384303.122967 6670607.771615)

LINESTRING (384301.144348 6670611.612031, 384298.946529 6670610.444383, 384296.979995 6670614.139544, 384298.149505 6670614.760144)

LINESTRING (384301.144348 6670611.612031, 384302.805110 6670612.484591, 384300.838926 6670616.190883, 384298.149505 6670614.760144)

LINESTRING (384303.122967 6670607.771615, 384301.144348 6670611.612031)

LINESTRING (384677.869175 6670695.914803, 384668.591341 6670701.355452)

LINESTRING (384677.869175 6670695.914803, 384677.781226 6670701.946673, 384677.135671 6670706.146124, 384676.128269 6670707.849479, 384671.955466 6670712.583411)

LINESTRING (384674.255960 6670714.372129, 384671.955466 6670712.583411)

LINESTRING (384674.255960 6670714.372129, 384680.217526 6670712.111686, 384685.315169 6670711.171182, 384693.299813 6670710.886525, 384697.147921 6670711.545563)

LINESTRING (384674.255960 6670714.372129, 384670.459284 6670720.643294, 384668.805156 6670723.860348, 384667.272055 6670728.098877, 384666.268313 6670732.565923, 384666.144777 6670736.760094, 384662.053563 6670811.333243)

LINESTRING (384674.255960 6670714.372129, 384679.444980 6670708.391487, 384681.022500 6670704.151567, 384681.855838 6670698.151965, 384682.082680 6670693.709370)

LINESTRING (384434.392377 6670916.609427, 384446.551837 6670928.596281)

LINESTRING (384434.392377 6670916.609427, 384395.716884 6670878.456084)

LINESTRING (384434.392377 6670916.609427, 384419.372512 6670931.403673, 384395.740246 6670935.191523, 384381.110544 6670938.049109)

LINESTRING (384167.540833 6670791.011409, 384166.666440 6670792.521255)

LINESTRING (384243.070335 6670508.353901, 384263.237149 6670500.116541)

LINESTRING (384243.070335 6670508.353901, 384193.333300 6670498.502036)

LINESTRING (384243.070335 6670508.353901, 384254.619175 6670510.619257, 384262.137500 6670514.728161, 384264.858569 6670519.445481)

LINESTRING (384273.499561 6670337.061776, 384267.403418 6670333.665751)

LINESTRING (384273.499561 6670337.061776, 384283.628588 6670343.083161)

LINESTRING (384273.499561 6670337.061776, 384278.319231 6670328.885634, 384290.580316 6670312.339165, 384294.664205 6670308.131396)

LINESTRING (384273.499561 6670337.061776, 384267.551613 6670347.156955, 384262.520647 6670360.076161)

LINESTRING (384267.403418 6670333.665751, 384273.499561 6670337.061776)

LINESTRING (384267.403418 6670333.665751, 384291.806952 6670303.150884)

LINESTRING (384267.403418 6670333.665751, 384257.879292 6670354.895688, 384252.766628 6670368.920786)

LINESTRING (384294.664205 6670308.131396, 384291.806952 6670303.150884)

LINESTRING (384294.664205 6670308.131396, 384316.376465 6670285.803647, 384323.130426 6670278.179468)

LINESTRING (384294.664205 6670308.131396, 384290.580316 6670312.339165, 384278.319231 6670328.885634, 384273.499561 6670337.061776)

LINESTRING (384359.091780 6670739.125189, 384374.814333 6670744.647097, 384393.759346 6670756.352862, 384399.101156 6670761.923729)

LINESTRING (384073.832003 6670430.699042, 384046.639144 6670430.032412)

LINESTRING (384073.832003 6670430.699042, 384073.526430 6670410.147218)

LINESTRING (384073.832003 6670430.699042, 384075.746310 6670452.581897, 384079.297065 6670468.417288)

LINESTRING (384116.243026 6670476.053088, 384116.461171 6670475.221502, 384118.977739 6670469.246532)

LINESTRING (384116.243026 6670476.053088, 384152.790598 6670486.733130, 384162.230385 6670490.814538)

LINESTRING (384116.243026 6670476.053088, 384092.689360 6670469.063620, 384079.297065 6670468.417288)

LINESTRING (384193.333300 6670498.502036, 384243.070335 6670508.353901)

LINESTRING (384193.333300 6670498.502036, 384162.230385 6670490.814538)

LINESTRING (384193.333300 6670498.502036, 384196.488512 6670490.055171)

LINESTRING (384162.230385 6670490.814538, 384193.333300 6670498.502036)

LINESTRING (384162.230385 6670490.814538, 384158.837805 6670480.323409, 384153.323931 6670461.775040, 384150.594967 6670449.959043, 384147.772953 6670427.993415)

LINESTRING (384162.230385 6670490.814538, 384152.790598 6670486.733130, 384116.243026 6670476.053088)

LINESTRING (384162.230385 6670490.814538, 384160.704750 6670527.617083, 384158.971623 6670556.446778)

LINESTRING (384196.488512 6670490.055171, 384193.333300 6670498.502036)

LINESTRING (384196.488512 6670490.055171, 384213.141225 6670446.723338)

LINESTRING (384196.488512 6670490.055171, 384200.450144 6670490.955291, 384203.398464 6670491.608819, 384208.990486 6670492.769483)

LINESTRING (384342.953851 6670478.565535, 384345.369020 6670480.105263, 384349.560967 6670498.517281)

LINESTRING (384342.953851 6670478.565535, 384339.695946 6670476.550903, 384334.209976 6670477.693586, 384326.693049 6670478.733207)

LINESTRING (384342.953851 6670478.565535, 384348.979109 6670468.456892, 384358.323923 6670460.907036, 384364.803280 6670459.554740, 384367.851419 6670459.146532, 384369.545255 6670457.544023)

LINESTRING (384326.693049 6670478.733207, 384282.372816 6670487.721551)

LINESTRING (384326.693049 6670478.733207, 384325.076545 6670469.055156)

LINESTRING (384326.693049 6670478.733207, 384327.631525 6670485.234212)

LINESTRING (384326.693049 6670478.733207, 384334.209976 6670477.693586, 384339.695946 6670476.550903, 384342.953851 6670478.565535)

LINESTRING (384240.644995 6670187.917097, 384248.056841 6670206.227342)

LINESTRING (384291.806952 6670303.150884, 384294.664205 6670308.131396)

LINESTRING (384291.806952 6670303.150884, 384289.009058 6670298.291089)

LINESTRING (384291.806952 6670303.150884, 384294.116032 6670300.269603)

LINESTRING (384291.806952 6670303.150884, 384267.403418 6670333.665751)

LINESTRING (384045.537612 6670279.305262, 384047.978586 6670285.691820)

LINESTRING (384045.537612 6670279.305262, 384047.323269 6670273.932878, 384042.567533 6670271.999311)

LINESTRING (384042.567533 6670271.999311, 384067.948929 6670262.782415)

LINESTRING (384042.567533 6670271.999311, 384047.323269 6670273.932878, 384045.537612 6670279.305262)

LINESTRING (384075.322173 6670371.720123, 384078.147192 6670354.769244, 384084.382565 6670329.887124, 384091.225543 6670308.228837, 384092.927685 6670304.430482)

LINESTRING (384075.322173 6670371.720123, 384074.167610 6670389.844061, 384073.476209 6670406.627163, 384073.526430 6670410.147218)

LINESTRING (384075.322173 6670371.720123, 384079.222066 6670367.852252, 384090.559700 6670357.095949, 384091.469343 6670355.116908, 384091.774510 6670351.942238, 384091.614780 6670349.350636, 384089.680915 6670339.671554, 384089.965663 6670335.851152, 384090.875581 6670333.704936, 384092.505164 6670331.301929, 384094.690917 6670328.390982, 384094.936074 6670325.953743, 384094.376120 6670323.530818, 384093.868249 6670320.471014, 384094.287302 6670318.262310, 384095.358532 6670316.122138, 384097.242188 6670314.023145, 384098.988157 6670308.975231)

LINESTRING (384092.927685 6670304.430482, 384047.978586 6670285.691820)

LINESTRING (384092.927685 6670304.430482, 384099.403262 6670289.949703, 384110.401587 6670267.045629, 384113.696637 6670261.614416)

LINESTRING (384092.927685 6670304.430482, 384091.225543 6670308.228837, 384084.382565 6670329.887124, 384078.147192 6670354.769244, 384075.322173 6670371.720123)

LINESTRING (384092.927685 6670304.430482, 384095.623748 6670306.061473, 384096.775143 6670306.983486, 384098.988157 6670308.975231)

LINESTRING (384073.526430 6670410.147218, 384073.832003 6670430.699042)

LINESTRING (384073.526430 6670410.147218, 384073.476209 6670406.627163, 384074.167610 6670389.844061, 384075.322173 6670371.720123)

LINESTRING (384073.526430 6670410.147218, 384075.167604 6670411.098310, 384077.111726 6670412.318434, 384085.100387 6670418.462692, 384089.402540 6670428.546088)

LINESTRING (384098.988157 6670308.975231, 384100.676223 6670312.989573, 384101.248930 6670315.991606, 384105.039439 6670324.475257)

LINESTRING (384098.988157 6670308.975231, 384100.328988 6670306.224737, 384103.144283 6670303.895689, 384106.428712 6670301.117178, 384107.784066 6670299.001461, 384109.038570 6670296.331711, 384109.512245 6670294.444470, 384109.604338 6670291.031363, 384109.647070 6670285.881284, 384109.674788 6670284.297899, 384110.347214 6670282.370941, 384111.366892 6670281.235404, 384112.641337 6670280.426146, 384114.361471 6670279.480208, 384120.025156 6670277.272867, 384123.477832 6670275.948974, 384125.380883 6670274.462327, 384126.452145 6670272.322166, 384127.117329 6670268.935520)

LINESTRING (384098.988157 6670308.975231, 384097.242188 6670314.023145, 384095.358532 6670316.122138, 384094.287302 6670318.262310, 384093.868249 6670320.471014, 384094.376120 6670323.530818, 384094.936074 6670325.953743, 384094.690917 6670328.390982, 384092.505164 6670331.301929, 384090.875581 6670333.704936, 384089.965663 6670335.851152, 384089.680915 6670339.671554, 384091.614780 6670349.350636, 384091.774510 6670351.942238, 384091.469343 6670355.116908, 384090.559700 6670357.095949, 384079.222066 6670367.852252, 384075.322173 6670371.720123)

LINESTRING (384098.988157 6670308.975231, 384096.775143 6670306.983486, 384095.623748 6670306.061473, 384092.927685 6670304.430482)

LINESTRING (384252.766628 6670368.920786, 384257.879292 6670354.895688, 384267.403418 6670333.665751)

LINESTRING (384252.766628 6670368.920786, 384248.710664 6670387.203123, 384246.107458 6670408.738334, 384248.178487 6670441.069748)

LINESTRING (384252.766628 6670368.920786, 384259.079437 6670360.530298, 384262.520647 6670360.076161)

LINESTRING (384295.195740 6670326.201992, 384297.990516 6670331.139900)

LINESTRING (384295.195740 6670326.201992, 384289.886555 6670333.479721, 384283.628588 6670343.083161)

LINESTRING (384295.195740 6670326.201992, 384301.405307 6670317.703400, 384324.112755 6670292.758781, 384342.215798 6670274.534794, 384360.425324 6670254.925639, 384370.205638 6670244.431125, 384372.923205 6670242.696029)

LINESTRING (384282.331738 6670523.195516, 384283.715204 6670524.433445)

LINESTRING (384243.791205 6670439.358331, 384244.089224 6670441.934424)

LINESTRING (384243.791205 6670439.358331, 384213.141225 6670446.723338)

LINESTRING (384243.791205 6670439.358331, 384240.964830 6670426.208026, 384240.689514 6670417.490642)

LINESTRING (384457.822287 6670689.683949, 384462.162345 6670683.919207)

LINESTRING (384379.384536 6670619.050347, 384379.589178 6670614.619563)

LINESTRING (384379.384536 6670619.050347, 384357.537572 6670617.510734)

LINESTRING (384379.384536 6670619.050347, 384428.182214 6670621.734986)

LINESTRING (384379.384536 6670619.050347, 384379.278527 6670621.148839, 384380.507652 6670626.125046, 384382.044115 6670628.517200, 384386.383755 6670631.545314, 384386.418875 6670632.658646, 384383.337209 6670641.860837)

LINESTRING (384369.791618 6670461.303059, 384369.013582 6670462.174578, 384374.675453 6670493.902384)

LINESTRING (384369.545255 6670457.544023, 384370.897521 6670458.849835, 384382.182208 6670514.026399)

LINESTRING (384369.545255 6670457.544023, 384367.299461 6670455.385993, 384313.418748 6670405.431901, 384308.601136 6670396.423255, 384297.990516 6670331.139900)

LINESTRING (384369.545255 6670457.544023, 384370.914530 6670456.219220, 384438.882679 6670384.969263, 384463.706737 6670376.753388)

LINESTRING (384369.545255 6670457.544023, 384367.851419 6670459.146532, 384364.803280 6670459.554740, 384358.323923 6670460.907036, 384348.979109 6670468.456892, 384342.953851 6670478.565535)

LINESTRING (384325.076545 6670469.055156, 384326.693049 6670478.733207)

LINESTRING (384325.076545 6670469.055156, 384285.361487 6670476.984280, 384281.167213 6670473.817953, 384271.850133 6670429.456456, 384293.700382 6670423.495315, 384294.580194 6670417.928769, 384296.311990 6670414.185301, 384306.013318 6670412.296565, 384309.854090 6670412.710266, 384313.982033 6670423.278608, 384320.780874 6670441.552598, 384325.373742 6670465.446133, 384325.076545 6670469.055156)

LINESTRING (384325.076545 6670469.055156, 384325.373742 6670465.446133, 384320.780874 6670441.552598, 384313.982033 6670423.278608, 384309.854090 6670412.710266, 384306.013318 6670412.296565, 384296.311990 6670414.185301, 384294.580194 6670417.928769, 384293.700382 6670423.495315, 384271.850133 6670429.456456, 384281.167213 6670473.817953, 384285.361487 6670476.984280, 384325.076545 6670469.055156)

LINESTRING (384050.529362 6670139.407255, 384052.288171 6670140.911843)

LINESTRING (384360.664297 6670201.391555, 384363.257616 6670198.534789)

LINESTRING (384360.664297 6670201.391555, 384356.699504 6670205.506329)

LINESTRING (384360.664297 6670201.391555, 384356.983869 6670196.381240, 384339.626865 6670165.367921)

LINESTRING (384209.272767 6670576.789519, 384213.034740 6670582.978414, 384231.501688 6670599.379155, 384239.896620 6670604.864515, 384250.152501 6670612.988070, 384255.477094 6670616.241249)

LINESTRING (384209.272767 6670576.789519, 384215.941097 6670579.844170, 384232.825383 6670595.559384, 384239.352187 6670602.753126, 384245.264271 6670607.369644, 384255.477094 6670616.241249)

LINESTRING (384209.272767 6670576.789519, 384202.320097 6670570.010481, 384198.330163 6670562.937244)

LINESTRING (384357.537572 6670617.510734, 384357.997613 6670613.428510)

LINESTRING (384357.537572 6670617.510734, 384379.384536 6670619.050347)

LINESTRING (384357.537572 6670617.510734, 384356.504782 6670617.877654, 384355.514498 6670619.591706)

LINESTRING (384149.406376 6670089.262684, 384163.786655 6670080.516796, 384168.859168 6670075.062911)

LINESTRING (384315.183967 6670270.551159, 384289.009058 6670298.291089)

LINESTRING (384315.183967 6670270.551159, 384319.243124 6670274.535338)

LINESTRING (384315.183967 6670270.551159, 384291.662306 6670248.057497)

LINESTRING (384315.183967 6670270.551159, 384351.504269 6670234.367063, 384355.369476 6670228.505752, 384357.024578 6670224.263241)

LINESTRING (384245.262688 6670378.998276, 384244.531073 6670381.339420)

LINESTRING (384245.262688 6670378.998276, 384252.686933 6670355.137662, 384265.421797 6670328.969655, 384289.009058 6670298.291089)

LINESTRING (384245.262688 6670378.998276, 384240.777969 6670377.546258, 384229.381111 6670373.949942, 384225.364168 6670369.719352, 384225.135439 6670366.171507, 384226.003732 6670363.057077, 384226.613056 6670359.482762, 384226.136046 6670357.748155, 384223.718133 6670355.773954, 384221.034704 6670355.067461, 384218.309567 6670354.975230, 384214.899150 6670356.052524, 384210.062912 6670360.005545, 384197.038336 6670372.943345)

LINESTRING (384294.116032 6670300.269603, 384319.243124 6670274.535338)

LINESTRING (384294.116032 6670300.269603, 384291.806952 6670303.150884)

LINESTRING (384360.372516 6670834.815252, 384371.611612 6670838.918389)

LINESTRING (384377.325840 6670840.978127, 384374.331540 6670839.913580, 384371.611612 6670838.918389)

LINESTRING (384243.697209 6670770.216856, 384244.996503 6670771.078516)

LINESTRING (384244.996503 6670771.078516, 384243.697209 6670770.216856)

LINESTRING (384244.996503 6670771.078516, 384283.338590 6670790.317680)

LINESTRING (384244.996503 6670771.078516, 384266.727059 6670767.550388)

LINESTRING (384252.064654 6670754.617850, 384254.520997 6670756.234223, 384260.390292 6670744.904440)

LINESTRING (384260.390292 6670744.904440, 384266.727059 6670767.550388)

LINESTRING (384260.390292 6670744.904440, 384240.617867 6670732.345069)

LINESTRING (384260.390292 6670744.904440, 384266.715479 6670732.178363, 384264.293622 6670728.488029)

LINESTRING (384260.390292 6670744.904440, 384254.520997 6670756.234223, 384252.064654 6670754.617850)

LINESTRING (384495.510465 6670355.902890, 384496.864376 6670357.966515)

LINESTRING (384495.510465 6670355.902890, 384490.721692 6670358.550140)

LINESTRING (384680.039427 6670595.580653, 384687.079267 6670609.222743, 384693.177552 6670620.130666, 384696.704470 6670628.411412, 384698.204030 6670638.995958)

LINESTRING (384671.955466 6670712.583411, 384674.255960 6670714.372129)

LINESTRING (384671.955466 6670712.583411, 384668.030047 6670718.646887, 384665.815875 6670723.308046, 384664.332542 6670728.068795, 384663.170368 6670733.855864, 384659.949878 6670785.967995)

LINESTRING (384356.699504 6670205.506329, 384360.664297 6670201.391555)

LINESTRING (384356.699504 6670205.506329, 384355.218449 6670200.649519, 384348.952098 6670188.164893)

LINESTRING (384356.699504 6670205.506329, 384357.606631 6670210.838167, 384357.858550 6670215.477433, 384357.465232 6670221.853294, 384357.024578 6670224.263241)

LINESTRING (384348.952098 6670188.164893, 384355.218449 6670200.649519, 384356.699504 6670205.506329)

LINESTRING (384348.952098 6670188.164893, 384344.541327 6670179.377392, 384343.966206 6670178.581997)

LINESTRING (384348.952098 6670188.164893, 384341.739554 6670192.003243, 384339.724526 6670193.114396)

LINESTRING (384357.024578 6670224.263241, 384361.494021 6670229.805883)

LINESTRING (384357.024578 6670224.263241, 384355.369476 6670228.505752, 384351.504269 6670234.367063, 384315.183967 6670270.551159)

LINESTRING (384357.024578 6670224.263241, 384357.465232 6670221.853294, 384357.858550 6670215.477433, 384357.606631 6670210.838167, 384356.699504 6670205.506329)

LINESTRING (384361.494021 6670229.805883, 384357.024578 6670224.263241)

LINESTRING (384361.494021 6670229.805883, 384363.891060 6670233.407915)

LINESTRING (384361.494021 6670229.805883, 384364.428272 6670226.838062)

LINESTRING (384213.141225 6670446.723338, 384196.488512 6670490.055171)

LINESTRING (384213.141225 6670446.723338, 384243.791205 6670439.358331)

LINESTRING (384213.141225 6670446.723338, 384208.285822 6670446.196915, 384195.502056 6670448.283604, 384185.763348 6670450.040087, 384181.274940 6670449.524392, 384176.645346 6670446.650546, 384175.245374 6670427.136318)

LINESTRING (384175.245374 6670427.136318, 384185.266760 6670426.763931)

LINESTRING (384175.245374 6670427.136318, 384147.772953 6670427.993415)

LINESTRING (384175.245374 6670427.136318, 384176.645346 6670446.650546, 384181.274940 6670449.524392, 384185.763348 6670450.040087, 384195.502056 6670448.283604, 384208.285822 6670446.196915, 384213.141225 6670446.723338)

LINESTRING (384240.689514 6670417.490642, 384240.452524 6670409.986789, 384242.322046 6670388.441311, 384244.531073 6670381.339420)

LINESTRING (384240.689514 6670417.490642, 384240.964830 6670426.208026, 384243.791205 6670439.358331)

LINESTRING (384240.689514 6670417.490642, 384238.586994 6670417.233857, 384224.700232 6670415.711051)

LINESTRING (384148.829834 6670061.174672, 384150.978821 6670064.828994)

LINESTRING (384303.046211 6670234.336021, 384301.624357 6670232.764961, 384299.948018 6670229.820027)

LINESTRING (384299.948018 6670229.820027, 384293.541416 6670237.009794, 384287.354665 6670243.947457)

LINESTRING (384299.948018 6670229.820027, 384299.389121 6670228.834672, 384298.104652 6670224.751785, 384297.586525 6670219.953756, 384297.905779 6670215.107006, 384299.014295 6670210.447088, 384300.807965 6670206.723964, 384303.496427 6670203.362652, 384306.525856 6670200.770689, 384310.318070 6670198.934764, 384314.678946 6670197.337216, 384319.109173 6670196.528738, 384323.956169 6670196.955287, 384328.723916 6670197.863551, 384332.721934 6670199.732240, 384336.347238 6670202.114192, 384339.517207 6670205.736399, 384341.605224 6670209.403890, 384343.077724 6670213.636880, 384343.773961 6670218.094961, 384343.703564 6670222.554942, 384342.454133 6670227.152424, 384340.611606 6670231.088813, 384337.977371 6670234.760429, 384334.655969 6670237.606756, 384330.831048 6670239.989766, 384326.138964 6670241.653470, 384321.318872 6670242.429668, 384316.604788 6670241.987786, 384312.069076 6670240.860472, 384308.165723 6670238.821653, 384304.732159 6670236.177356, 384303.046211 6670234.336021)

LINESTRING (384310.778260 6670224.429781, 384302.030165 6670227.491992, 384299.948018 6670229.820027)

LINESTRING (384310.778260 6670224.429781, 384312.931272 6670226.635289, 384316.060696 6670228.620528, 384320.366475 6670229.855403, 384324.423536 6670229.370750, 384327.800445 6670227.403070, 384330.398003 6670223.977780, 384331.345741 6670219.679568, 384330.907891 6670215.135324, 384328.724106 6670211.426283, 384325.000515 6670208.746541, 384320.453105 6670207.953917, 384315.770463 6670209.037825, 384312.337130 6670211.330485, 384310.423383 6670214.945949, 384309.698163 6670218.724502, 384310.144042 6670222.466094, 384310.778260 6670224.429781)

LINESTRING (384264.293622 6670728.488029, 384266.715479 6670732.178363, 384260.390292 6670744.904440)

LINESTRING (384266.727059 6670767.550388, 384244.996503 6670771.078516)

LINESTRING (384266.727059 6670767.550388, 384260.390292 6670744.904440)

LINESTRING (384266.727059 6670767.550388, 384272.358917 6670767.171942, 384276.067019 6670766.386186, 384278.420215 6670765.264305, 384279.384530 6670764.665490)

LINESTRING (384320.732975 6670767.227225, 384324.452196 6670771.545308)

LINESTRING (384320.732975 6670767.227225, 384302.591345 6670760.388866)

LINESTRING (384320.732975 6670767.227225, 384331.281306 6670740.459741)

LINESTRING (384320.732975 6670767.227225, 384303.789508 6670816.641488, 384300.387631 6670825.541831)

LINESTRING (384302.591345 6670760.388866, 384290.855798 6670787.372239)

LINESTRING (384302.591345 6670760.388866, 384320.732975 6670767.227225)

LINESTRING (384302.591345 6670760.388866, 384308.024041 6670744.726625, 384312.261375 6670731.141557)

LINESTRING (384302.591345 6670760.388866, 384295.277323 6670761.678492, 384290.066005 6670761.653569, 384284.960979 6670762.004208, 384281.656446 6670763.256423, 384279.384530 6670764.665490)

LINESTRING (384290.855798 6670787.372239, 384302.591345 6670760.388866)

LINESTRING (384290.855798 6670787.372239, 384283.338590 6670790.317680)

LINESTRING (384290.855798 6670787.372239, 384286.507194 6670779.307247, 384285.977795 6670778.198376, 384279.384530 6670764.665490)

LINESTRING (384312.261375 6670731.141557, 384308.024041 6670744.726625, 384302.591345 6670760.388866)

LINESTRING (384279.384530 6670764.665490, 384278.420215 6670765.264305, 384276.067019 6670766.386186, 384272.358917 6670767.171942, 384266.727059 6670767.550388)

LINESTRING (384279.384530 6670764.665490, 384281.656446 6670763.256423, 384284.960979 6670762.004208, 384290.066005 6670761.653569, 384295.277323 6670761.678492, 384302.591345 6670760.388866)

LINESTRING (384279.384530 6670764.665490, 384285.977795 6670778.198376, 384286.507194 6670779.307247, 384290.855798 6670787.372239)

LINESTRING (384283.338590 6670790.317680, 384244.996503 6670771.078516)

LINESTRING (384283.338590 6670790.317680, 384273.471066 6670811.714505)

LINESTRING (384283.338590 6670790.317680, 384290.855798 6670787.372239)

LINESTRING (384291.662306 6670248.057497, 384315.183967 6670270.551159)

LINESTRING (384291.662306 6670248.057497, 384287.354665 6670243.947457)

LINESTRING (384291.662306 6670248.057497, 384297.627267 6670241.661774, 384303.046211 6670234.336021)

LINESTRING (384287.354665 6670243.947457, 384291.662306 6670248.057497)

LINESTRING (384287.354665 6670243.947457, 384283.872880 6670240.480015, 384280.350581 6670234.673530, 384279.942482 6670227.553992, 384282.413923 6670217.847202, 384285.883005 6670207.183935, 384290.025459 6670197.435546, 384295.302769 6670191.429296, 384329.343636 6670171.197731, 384337.129368 6670166.683753)

LINESTRING (384343.966206 6670178.581997, 384337.129368 6670166.683753)

LINESTRING (384343.966206 6670178.581997, 384344.541327 6670179.377392, 384348.952098 6670188.164893)

LINESTRING (384343.966206 6670178.581997, 384336.498475 6670182.785029, 384334.300636 6670183.913098, 384339.724526 6670193.114396)

LINESTRING (384339.724526 6670193.114396, 384338.504945 6670195.136581)

LINESTRING (384339.724526 6670193.114396, 384341.739554 6670192.003243, 384348.952098 6670188.164893)

LINESTRING (384339.724526 6670193.114396, 384334.300636 6670183.913098, 384336.498475 6670182.785029, 384343.966206 6670178.581997)

LINESTRING (384319.243124 6670274.535338, 384323.130426 6670278.179468)

LINESTRING (384319.243124 6670274.535338, 384315.183967 6670270.551159)

LINESTRING (384319.243124 6670274.535338, 384354.768625 6670236.403798, 384361.494021 6670229.805883)

LINESTRING (384331.281306 6670740.459741, 384320.732975 6670767.227225)

LINESTRING (384449.101975 6671038.711715, 384449.955691 6671037.425478)

LINESTRING (384429.391499 6671038.965526, 384428.710523 6671038.507793)

LINESTRING (384208.990486 6670492.769483, 384210.226491 6670493.031335, 384210.902943 6670493.165987)

LINESTRING (384208.990486 6670492.769483, 384203.398464 6670491.608819, 384200.450144 6670490.955291, 384196.488512 6670490.055171)

LINESTRING (384208.990486 6670492.769483, 384208.635646 6670494.374346, 384208.374020 6670495.764519)

LINESTRING (384214.136725 6670493.008107, 384217.760436 6670493.762898)

LINESTRING (384214.136725 6670493.008107, 384210.513012 6670492.253318, 384209.144870 6670490.446566, 384209.230195 6670488.047820, 384221.932736 6670454.023828, 384223.145796 6670450.920795, 384224.212406 6670448.457620, 384225.995458 6670446.339581, 384229.195677 6670445.469533)

LINESTRING (384214.136725 6670493.008107, 384224.261845 6670464.972089, 384225.674179 6670463.077504, 384227.888266 6670462.294325, 384243.393356 6670465.459977, 384244.810307 6670467.053456, 384249.042843 6670481.808729, 384249.277624 6670484.141642, 384248.681111 6670486.010454, 384241.686750 6670491.458082)

LINESTRING (384214.136725 6670493.008107, 384213.323586 6670496.811753, 384210.303477 6670496.171630)

LINESTRING (384239.461877 6670501.045684, 384219.062164 6670496.808782)

LINESTRING (384239.461877 6670501.045684, 384239.257344 6670502.133153, 384218.857637 6670497.896252, 384219.062164 6670496.808782)

LINESTRING (384239.461877 6670501.045684, 384241.954669 6670501.524175, 384246.642028 6670497.787634)

LINESTRING (384239.461877 6670501.045684, 384239.803444 6670499.196067, 384210.902943 6670493.165987)

LINESTRING (384219.062164 6670496.808782, 384239.461877 6670501.045684)

LINESTRING (384219.062164 6670496.808782, 384218.857637 6670497.896252, 384239.257344 6670502.133153, 384239.461877 6670501.045684)

LINESTRING (384219.062164 6670496.808782, 384217.144161 6670496.412450, 384217.760436 6670493.762898)

LINESTRING (384210.902943 6670493.165987, 384239.803444 6670499.196067, 384239.461877 6670501.045684)

LINESTRING (384210.902943 6670493.165987, 384210.226491 6670493.031335, 384208.990486 6670492.769483)

LINESTRING (384210.902943 6670493.165987, 384210.554707 6670494.804074, 384210.303477 6670496.171630)

LINESTRING (384217.760436 6670493.762898, 384214.136725 6670493.008107)

LINESTRING (384217.760436 6670493.762898, 384227.115957 6670495.707403, 384233.080153 6670496.867491, 384235.039510 6670496.638439, 384241.686750 6670491.458082)

LINESTRING (384217.760436 6670493.762898, 384217.144161 6670496.412450, 384219.062164 6670496.808782)

LINESTRING (384241.686750 6670491.458082, 384246.642028 6670497.787634)

LINESTRING (384241.686750 6670491.458082, 384248.681111 6670486.010454, 384249.277624 6670484.141642, 384249.042843 6670481.808729, 384244.810307 6670467.053456, 384243.393356 6670465.459977, 384227.888266 6670462.294325, 384225.674179 6670463.077504, 384224.261845 6670464.972089, 384214.136725 6670493.008107)

LINESTRING (384241.686750 6670491.458082, 384235.039510 6670496.638439, 384233.080153 6670496.867491, 384227.115957 6670495.707403, 384217.760436 6670493.762898)

LINESTRING (384210.303477 6670496.171630, 384208.374020 6670495.764519)

LINESTRING (384210.303477 6670496.171630, 384213.323586 6670496.811753, 384214.136725 6670493.008107)

LINESTRING (384210.303477 6670496.171630, 384210.554707 6670494.804074, 384210.902943 6670493.165987)

LINESTRING (384203.759080 6670496.868738, 384204.307145 6670494.522239, 384204.639862 6670493.096385, 384202.615001 6670492.658858, 384202.193996 6670494.455267, 384208.374020 6670495.764519)

LINESTRING (384208.374020 6670495.764519, 384210.303477 6670496.171630)

LINESTRING (384208.374020 6670495.764519, 384202.193996 6670494.455267, 384202.615001 6670492.658858, 384204.639862 6670493.096385, 384204.307145 6670494.522239, 384203.759080 6670496.868738)

LINESTRING (384208.374020 6670495.764519, 384208.635646 6670494.374346, 384208.990486 6670492.769483)

LINESTRING (384670.873722 6670957.804753, 384668.044731 6671009.815424)

LINESTRING (384672.216182 6671019.346313, 384672.123578 6671022.581096)

LINESTRING (384672.216182 6671019.346313, 384674.163241 6671019.441058)

LINESTRING (384672.216182 6671019.346313, 384672.470863 6671009.965879, 384668.044731 6671009.815424)

LINESTRING (384666.411299 6671036.981097, 384671.972431 6671028.191473, 384672.037575 6671025.849104)

LINESTRING (384672.037575 6671025.849104, 384672.123578 6671022.581096)

LINESTRING (384672.037575 6671025.849104, 384673.856302 6671025.925599)

LINESTRING (384672.037575 6671025.849104, 384671.972431 6671028.191473, 384666.411299 6671036.981097)

LINESTRING (384672.123578 6671022.581096, 384672.037575 6671025.849104)

LINESTRING (384672.123578 6671022.581096, 384672.216182 6671019.346313)

LINESTRING (384672.123578 6671022.581096, 384674.031091 6671022.654796)

LINESTRING (384673.856302 6671025.925599, 384672.037575 6671025.849104)

LINESTRING (384674.031091 6671022.654796, 384672.123578 6671022.581096)

LINESTRING (384674.163241 6671019.441058, 384672.216182 6671019.346313)

LINESTRING (384381.280519 6670519.783065, 384383.108917 6670552.033008)

LINESTRING (384381.280519 6670519.783065, 384379.375414 6670516.800741, 384378.140985 6670514.298758, 384377.281838 6670509.957256, 384374.675453 6670493.902384)

LINESTRING (384381.280519 6670519.783065, 384383.549660 6670522.330420, 384391.812140 6670531.720843, 384395.730580 6670536.010430, 384404.069833 6670540.439199, 384416.014295 6670543.807017, 384444.008172 6670551.238027, 384447.380998 6670551.087111, 384449.095730 6670550.676430, 384450.550545 6670549.950756)

LINESTRING (384381.280519 6670519.783065, 384381.734701 6670516.570295, 384382.182208 6670514.026399)

LINESTRING (384382.182208 6670514.026399, 384450.550545 6670549.950756)

LINESTRING (384382.182208 6670514.026399, 384381.734701 6670516.570295, 384381.280519 6670519.783065)

LINESTRING (384382.182208 6670514.026399, 384370.897521 6670458.849835, 384369.545255 6670457.544023)

LINESTRING (384338.504945 6670195.136581, 384339.724526 6670193.114396)

LINESTRING (384532.065171 6670812.395265, 384531.871002 6670814.518816)

LINESTRING (384065.394321 6670213.103305, 384076.018074 6670219.988908, 384077.617948 6670219.982890)

LINESTRING (384077.617948 6670219.982890, 384092.632899 6670225.180595)

LINESTRING (384077.617948 6670219.982890, 384071.028146 6670230.678209, 384070.139486 6670234.551145)

LINESTRING (384077.617948 6670219.982890, 384076.018074 6670219.988908, 384065.394321 6670213.103305)

LINESTRING (384147.772953 6670427.993415, 384147.270986 6670424.064153)

LINESTRING (384147.772953 6670427.993415, 384175.245374 6670427.136318)

LINESTRING (384147.772953 6670427.993415, 384150.594967 6670449.959043, 384153.323931 6670461.775040, 384158.837805 6670480.323409, 384162.230385 6670490.814538)

LINESTRING (384078.246122 6670616.103217, 384087.677575 6670628.008084, 384100.346553 6670644.446678, 384100.596018 6670654.970285, 384107.276268 6670662.092080)

LINESTRING (384107.276268 6670662.092080, 384121.187628 6670678.123685)

LINESTRING (384107.276268 6670662.092080, 384110.126375 6670658.413447, 384116.743568 6670652.297660, 384118.588224 6670649.497803)

LINESTRING (384107.276268 6670662.092080, 384100.596018 6670654.970285, 384100.346553 6670644.446678, 384087.677575 6670628.008084, 384078.246122 6670616.103217)

LINESTRING (384118.588224 6670649.497803, 384116.743568 6670652.297660, 384110.126375 6670658.413447, 384107.276268 6670662.092080)

LINESTRING (384095.241588 6670247.063784, 384093.148634 6670244.477589, 384086.211539 6670234.878705, 384077.368224 6670237.911038, 384072.647038 6670251.299937, 384076.419611 6670259.739552, 384073.397651 6670260.804690)

LINESTRING (384095.241588 6670247.063784, 384096.008870 6670243.216982, 384096.449434 6670240.985309, 384097.571837 6670234.664360, 384095.363028 6670232.104115, 384092.632899 6670225.180595)

LINESTRING (384095.241588 6670247.063784, 384096.704223 6670248.867511, 384103.918253 6670250.533966, 384105.422246 6670251.010202, 384113.696637 6670261.614416)

LINESTRING (384065.150981 6670272.510847, 384067.948929 6670262.782415)

LINESTRING (384067.948929 6670262.782415, 384053.011700 6670240.542512)

LINESTRING (384067.948929 6670262.782415, 384065.150981 6670272.510847)

LINESTRING (384067.948929 6670262.782415, 384073.397651 6670260.804690)

LINESTRING (384067.948929 6670262.782415, 384042.567533 6670271.999311)

LINESTRING (384083.167973 6670276.019902, 384073.397651 6670260.804690)

LINESTRING (384073.397651 6670260.804690, 384083.167973 6670276.019902)

LINESTRING (384073.397651 6670260.804690, 384067.948929 6670262.782415)

LINESTRING (384073.397651 6670260.804690, 384076.419611 6670259.739552, 384072.647038 6670251.299937, 384077.368224 6670237.911038, 384086.211539 6670234.878705, 384093.148634 6670244.477589, 384095.241588 6670247.063784)

LINESTRING (384073.397651 6670260.804690, 384070.029817 6670251.460722, 384072.097649 6670244.820106, 384070.139486 6670234.551145)

LINESTRING (384070.139486 6670234.551145, 384063.630032 6670232.327536, 384056.198078 6670230.623474, 384054.749388 6670230.490986)

LINESTRING (384070.139486 6670234.551145, 384071.028146 6670230.678209, 384077.617948 6670219.982890)

LINESTRING (384070.139486 6670234.551145, 384072.097649 6670244.820106, 384070.029817 6670251.460722, 384073.397651 6670260.804690)

LINESTRING (384054.749388 6670230.490986, 384055.749521 6670224.697677)

LINESTRING (384054.749388 6670230.490986, 384053.608109 6670237.091160)

LINESTRING (384054.749388 6670230.490986, 384056.198078 6670230.623474, 384063.630032 6670232.327536, 384070.139486 6670234.551145)

LINESTRING (384055.749521 6670224.697677, 384054.749388 6670230.490986)

LINESTRING (384053.608109 6670237.091160, 384046.846509 6670234.975857)

LINESTRING (384053.608109 6670237.091160, 384054.749388 6670230.490986)

LINESTRING (384053.608109 6670237.091160, 384053.011700 6670240.542512)

LINESTRING (384046.846509 6670234.975857, 384053.608109 6670237.091160)

LINESTRING (384053.011700 6670240.542512, 384053.608109 6670237.091160)

LINESTRING (384053.011700 6670240.542512, 384042.816031 6670248.242649)

LINESTRING (384053.011700 6670240.542512, 384067.948929 6670262.782415)

LINESTRING (384042.816031 6670248.242649, 384053.011700 6670240.542512)

LINESTRING (384092.632899 6670225.180595, 384077.617948 6670219.982890)

LINESTRING (384092.632899 6670225.180595, 384107.875057 6670226.671225, 384109.591722 6670224.911853)

LINESTRING (384092.632899 6670225.180595, 384095.363028 6670232.104115, 384097.571837 6670234.664360, 384096.449434 6670240.985309, 384096.008870 6670243.216982, 384095.241588 6670247.063784)

LINESTRING (384109.591722 6670224.911853, 384107.875057 6670226.671225, 384092.632899 6670225.180595)

LINESTRING (384105.039439 6670324.475257, 384109.704536 6670325.653945)

LINESTRING (384105.039439 6670324.475257, 384101.248930 6670315.991606, 384100.676223 6670312.989573, 384098.988157 6670308.975231)

LINESTRING (384105.039439 6670324.475257, 384102.244864 6670362.599569, 384119.835668 6670384.098229, 384118.662684 6670396.550211, 384138.736243 6670422.784853)

LINESTRING (384127.117329 6670268.935520, 384126.452145 6670272.322166, 384125.380883 6670274.462327, 384123.477832 6670275.948974, 384120.025156 6670277.272867, 384114.361471 6670279.480208, 384112.641337 6670280.426146, 384111.366892 6670281.235404, 384110.347214 6670282.370941, 384109.674788 6670284.297899, 384109.647070 6670285.881284, 384109.604338 6670291.031363, 384109.512245 6670294.444470, 384109.038570 6670296.331711, 384107.784066 6670299.001461, 384106.428712 6670301.117178, 384103.144283 6670303.895689, 384100.328988 6670306.224737, 384098.988157 6670308.975231)

LINESTRING (384151.126567 6670364.832241, 384178.172170 6670369.616610)

LINESTRING (384151.126567 6670364.832241, 384148.156585 6670379.491879, 384146.792159 6670402.236207, 384147.270986 6670424.064153)

LINESTRING (384151.126567 6670364.832241, 384157.898665 6670341.448944, 384165.024844 6670323.114043, 384173.348485 6670306.981350, 384187.028852 6670286.132502, 384195.460971 6670275.713527)

LINESTRING (384178.172170 6670369.616610, 384151.126567 6670364.832241)

LINESTRING (384178.172170 6670369.616610, 384197.038336 6670372.943345)

LINESTRING (384178.172170 6670369.616610, 384175.285559 6670390.258144, 384175.741196 6670396.941546, 384178.416490 6670401.259056, 384183.531361 6670402.434765, 384190.355690 6670402.152271, 384196.008471 6670403.121546, 384199.947134 6670405.225992, 384200.340393 6670408.177984)

LINESTRING (384147.270986 6670424.064153, 384147.772953 6670427.993415)

LINESTRING (384147.270986 6670424.064153, 384146.321517 6670423.904708, 384138.736243 6670422.784853)

LINESTRING (384147.270986 6670424.064153, 384146.792159 6670402.236207, 384148.156585 6670379.491879, 384151.126567 6670364.832241)

LINESTRING (384138.736243 6670422.784853, 384146.321517 6670423.904708, 384147.270986 6670424.064153)

LINESTRING (384138.736243 6670422.784853, 384118.662684 6670396.550211, 384119.835668 6670384.098229, 384102.244864 6670362.599569, 384105.039439 6670324.475257)

LINESTRING (384138.736243 6670422.784853, 384133.350977 6670431.859487, 384133.659822 6670441.277912, 384118.977739 6670469.246532)

LINESTRING (384075.111993 6670931.122080, 384092.933535 6670943.129302, 384096.474014 6670945.480246)

LINESTRING (384118.977739 6670469.246532, 384133.659822 6670441.277912, 384133.350977 6670431.859487, 384138.736243 6670422.784853)

LINESTRING (384118.977739 6670469.246532, 384116.461171 6670475.221502, 384116.243026 6670476.053088)

LINESTRING (384118.977739 6670469.246532, 384116.768829 6670466.151350, 384100.817465 6670455.377546, 384096.283849 6670445.702658)

LINESTRING (384096.283849 6670445.702658, 384098.791048 6670437.499082, 384096.328648 6670431.659252, 384089.402540 6670428.546088)

LINESTRING (384096.283849 6670445.702658, 384090.074861 6670442.076462, 384087.780198 6670438.905998, 384089.402540 6670428.546088)

LINESTRING (384096.283849 6670445.702658, 384100.817465 6670455.377546, 384116.768829 6670466.151350, 384118.977739 6670469.246532)

LINESTRING (384089.402540 6670428.546088, 384096.328648 6670431.659252, 384098.791048 6670437.499082, 384096.283849 6670445.702658)

LINESTRING (384089.402540 6670428.546088, 384087.780198 6670438.905998, 384090.074861 6670442.076462, 384096.283849 6670445.702658)

LINESTRING (384089.402540 6670428.546088, 384085.100387 6670418.462692, 384077.111726 6670412.318434, 384075.167604 6670411.098310, 384073.526430 6670410.147218)

LINESTRING (384153.966752 6670322.861718, 384149.006429 6670326.228087)

LINESTRING (384149.006429 6670326.228087, 384153.966752 6670322.861718)

LINESTRING (384149.006429 6670326.228087, 384138.960974 6670333.053947, 384109.704536 6670325.653945)

LINESTRING (384149.006429 6670326.228087, 384148.208530 6670324.537064, 384147.606531 6670323.419359)

LINESTRING (384109.704536 6670325.653945, 384105.039439 6670324.475257)

LINESTRING (384109.704536 6670325.653945, 384138.960974 6670333.053947, 384149.006429 6670326.228087)

LINESTRING (384109.704536 6670325.653945, 384110.306210 6670323.773801, 384111.016880 6670321.299557)

LINESTRING (384449.498833 6670709.705381, 384437.360668 6670695.243764, 384417.691061 6670682.056126, 384400.854008 6670673.259292)

LINESTRING (384400.854008 6670673.259292, 384409.475519 6670651.244641)

LINESTRING (384400.854008 6670673.259292, 384417.691061 6670682.056126, 384437.360668 6670695.243764, 384449.498833 6670709.705381)

LINESTRING (384400.854008 6670673.259292, 384398.978552 6670672.270874, 384387.312805 6670667.512429, 384383.899977 6670666.215895, 384366.010112 6670659.268965)

LINESTRING (384366.010112 6670659.268965, 384383.899977 6670666.215895, 384387.312805 6670667.512429, 384398.978552 6670672.270874, 384400.854008 6670673.259292)

LINESTRING (384114.595072 6670570.643437, 384118.116300 6670576.416364)

LINESTRING (384078.696844 6670175.393324, 384080.172207 6670173.909036)

LINESTRING (384449.243223 6670979.775662, 384450.300657 6670983.364250, 384451.608296 6670986.432306)

LINESTRING (384297.990516 6670331.139900, 384295.195740 6670326.201992)

LINESTRING (384297.990516 6670331.139900, 384311.573400 6670317.393605, 384325.333914 6670302.583042, 384338.704915 6670290.214305, 384344.496635 6670286.075294, 384350.793007 6670283.491731, 384360.877461 6670280.175728, 384368.239268 6670277.904060, 384373.089880 6670277.216115, 384378.632917 6670277.520475, 384384.061987 6670279.143477, 384390.106248 6670283.009396, 384397.041844 6670290.123665, 384408.398316 6670306.002901, 384421.904326 6670321.870110, 384443.653136 6670347.028235, 384452.568525 6670357.033448, 384456.118192 6670362.839221, 384463.706737 6670376.753388)

LINESTRING (384297.990516 6670331.139900, 384308.601136 6670396.423255, 384313.418748 6670405.431901, 384367.299461 6670455.385993, 384369.545255 6670457.544023)

LINESTRING (384244.531073 6670381.339420, 384245.262688 6670378.998276)

LINESTRING (384244.531073 6670381.339420, 384197.038336 6670372.943345)

LINESTRING (384244.531073 6670381.339420, 384242.322046 6670388.441311, 384240.452524 6670409.986789, 384240.689514 6670417.490642)

LINESTRING (384197.038336 6670372.943345, 384178.172170 6670369.616610)

LINESTRING (384197.038336 6670372.943345, 384244.531073 6670381.339420)

LINESTRING (384197.038336 6670372.943345, 384210.062912 6670360.005545, 384214.899150 6670356.052524, 384218.309567 6670354.975230, 384221.034704 6670355.067461, 384223.718133 6670355.773954, 384226.136046 6670357.748155, 384226.613056 6670359.482762, 384226.003732 6670363.057077, 384225.135439 6670366.171507, 384225.364168 6670369.719352, 384229.381111 6670373.949942, 384240.777969 6670377.546258, 384245.262688 6670378.998276)

LINESTRING (384224.700232 6670415.711051, 384219.818723 6670415.062846)

LINESTRING (384224.700232 6670415.711051, 384224.621382 6670422.712237, 384214.536124 6670422.997378, 384209.026658 6670422.870525, 384205.055181 6670423.419478, 384201.514996 6670424.255710, 384194.801004 6670426.094918, 384185.266760 6670426.763931)

LINESTRING (384224.700232 6670415.711051, 384238.586994 6670417.233857, 384240.689514 6670417.490642)

LINESTRING (384219.818723 6670415.062846, 384224.700232 6670415.711051)

LINESTRING (384219.818723 6670415.062846, 384218.965363 6670414.956069, 384215.286780 6670414.225295, 384213.749843 6670413.582892, 384212.082563 6670412.331664, 384210.159908 6670410.910194, 384207.771563 6670409.871202, 384204.989171 6670408.844660, 384200.340393 6670408.177984)

LINESTRING (384219.818723 6670415.062846, 384219.982660 6670412.338430, 384219.827405 6670408.654531, 384218.182929 6670404.783641, 384217.719403 6670402.948309)

LINESTRING (384185.266760 6670426.763931, 384175.245374 6670427.136318)

LINESTRING (384185.266760 6670426.763931, 384200.340393 6670408.177984)

LINESTRING (384185.266760 6670426.763931, 384194.801004 6670426.094918, 384201.514996 6670424.255710, 384205.055181 6670423.419478, 384209.026658 6670422.870525, 384214.536124 6670422.997378, 384224.621382 6670422.712237, 384224.700232 6670415.711051)

LINESTRING (384200.340393 6670408.177984, 384185.266760 6670426.763931)

LINESTRING (384200.340393 6670408.177984, 384204.989171 6670408.844660, 384207.771563 6670409.871202, 384210.159908 6670410.910194, 384212.082563 6670412.331664, 384213.749843 6670413.582892, 384215.286780 6670414.225295, 384218.965363 6670414.956069, 384219.818723 6670415.062846)

LINESTRING (384200.340393 6670408.177984, 384199.947134 6670405.225992, 384196.008471 6670403.121546, 384190.355690 6670402.152271, 384183.531361 6670402.434765, 384178.416490 6670401.259056, 384175.741196 6670396.941546, 384175.285559 6670390.258144, 384178.172170 6670369.616610)

LINESTRING (384147.606531 6670323.419359, 384148.208530 6670324.537064, 384149.006429 6670326.228087)

LINESTRING (384111.016880 6670321.299557, 384110.306210 6670323.773801, 384109.704536 6670325.653945)

LINESTRING (384217.719403 6670402.948309, 384218.182929 6670404.783641, 384219.827405 6670408.654531, 384219.982660 6670412.338430, 384219.818723 6670415.062846)

LINESTRING (384654.587252 6670536.848371, 384654.161230 6670539.904191, 384654.688310 6670547.120297, 384656.467535 6670553.171417, 384659.917959 6670560.429259, 384680.039427 6670595.580653)

LINESTRING (384654.587252 6670536.848371, 384677.635081 6670579.017768, 384679.613878 6670584.527688, 384680.039427 6670595.580653)

