scenario_name,candidate_id,max_abs_r_vs_selected
SV1_C61847,C61847,0.8184701908740982
SV1_C22845,C22845,0.8761123873240789
SV1_C61815,C61815,0.9222802598564259
SV1_C76915,C76915,0.849672943396165
SV1_C45633,C45633,0.8046735168322888
SV1_C63103,C63103,0.8895134865092251
SV1_C60696,C60696,0.912339447251402
SV1_C45081,C45081,0.781018362344712
SV1_C30011,C30011,0.8895684097850348
SV1_C65515,C65515,0.8002496799496887
SV1_C09654,C09654,0.7544989816019938
SV1_C93001,C93001,0.8426589663184224
SV1_C95502,C95502,0.7016197171882183
SV1_C49846,C49846,0.7139324047004456
SV1_C73867,C73867,0.844724400035698
SV1_C08429,C08429,0.763165316583947
SV1_C72075,C72075,0.7999296590002678
SV1_C84016,C84016,0.8995159596199083
SV1_C57626,C57626,0.8523191410225437
SV1_C75625,C75625,0.9083732455627773
SV1_C60099,C60099,0.9001078442448334
SV1_C25917,C25917,0.7669405335710049
SV1_C70903,C70903,0.720959362746738
SV1_C48028,C48028,0.7556260384809322
SV1_C19815,C19815,0.8087075335676055
SV1_C48692,C48692,0.7040446423413657
SV1_C00698,C00698,0.8475278700200547
SV1_C74460,C74460,0.7503435620026947
SV1_C75063,C75063,0.9032970270640723
SV1_C88833,C88833,0.762242106748324
SV1_C48704,C48704,0.8946035000993771
SV1_C51036,C51036,0.8705951584185107
SV1_C33097,C33097,0.8560195992533968
SV1_C86441,C86441,0.7231675674164586
SV1_C52305,C52305,0.8093568083782554
SV1_C03107,C03107,0.8060068495312661
SV1_C90695,C90695,0.7552161569157063
SV1_C69711,C69711,0.842754260127501
SV1_C73237,C73237,0.757346765890676
SV1_C55831,C55831,0.7437032226751055
SV1_C29507,C29507,0.7840420767691423
SV1_C52830,C52830,0.8986472864239938
SV1_C89402,C89402,0.9203813846926503
SV1_C02437,C02437,0.710544302040353
SV1_C53514,C53514,0.9215150248088365
SV1_C45092,C45092,0.7393327202784723
SV1_C53425,C53425,0.9583511274934032
SV1_C28313,C28313,0.7551986621628408
SV1_C15020,C15020,0.7951390555736024
SV1_C00626,C00626,0.8780406951442654
SV1_C70274,C70274,0.8175886441070891
SV1_C73230,C73230,0.7404460656925719
SV1_C21636,C21636,0.7576010917722473
SV1_C06037,C06037,0.9417348488622378
SV1_C70297,C70297,0.8371509191505689
SV1_C58209,C58209,0.9747713151889145
SV1_C53493,C53493,0.967916604491945
SV1_C52833,C52833,0.9428666110413362
SV1_C18043,C18043,0.7606121033338735
SV1_C55220,C55220,0.7404633072504673
SV1_C28233,C28233,0.7100486917156151
SV1_C64309,C64309,0.7645176448500106
SV1_C12660,C12660,0.7203901695401395
SV1_C58912,C58912,0.781957859983094
SV1_C68439,C68439,0.7595002405330277
SV1_C90628,C90628,0.8462157081634908
SV1_C43279,C43279,0.7090237685241623
SV1_C49267,C49267,0.8982951366216119
SV1_C48106,C48106,0.9344517388679959
SV1_C43828,C43828,0.8040545227137219
SV1_C37205,C37205,0.8370319897653969
SV1_C52847,C52847,0.7566168700672965
SV1_C83487,C83487,0.9485338738579617
SV1_C53494,C53494,0.9974437873365292
SV1_C43276,C43276,0.8406067374478694
SV1_C49261,C49261,0.9636731639603575
SV1_C30674,C30674,0.837099965065249
SV1_C17418,C17418,0.931040539069257
SV1_C06096,C06096,0.7952661439994353
SV1_C83498,C83498,0.7617960128001581
SV1_C23446,C23446,0.8984915321381914
SV1_C44425,C44425,0.8061696673644964
SV1_C33612,C33612,0.8330962178823654
SV1_C58815,C58815,0.9508091052861586
SV1_C46916,C46916,0.7711588260933714
SV1_C57028,C57028,0.8701691155782553
SV1_C05424,C05424,0.9018807162120169
SV1_C34214,C34214,0.8857342122977001
SV1_C77482,C77482,0.7311551485495874
SV1_C00710,C00710,0.8205317902279369
SV1_C78026,C78026,0.9413589101408696
SV1_C26500,C26500,0.8868620749696142
SV1_C00083,C00083,0.7579575545439295
SV1_C62499,C62499,0.9149775266529931
SV1_C53412,C53412,0.8605963209007178
SV1_C88816,C88816,0.9283514860133285
SV1_C82813,C82813,0.9378511594679811
SV1_C48619,C48619,0.8710146235442225
SV1_C88912,C88912,0.7342979910824715
SV1_C81622,C81622,0.7803578964591148
SV1_C78650,C78650,0.8082209868763487
SV1_C07287,C07287,0.9097593542773044
SV1_C90603,C90603,0.880315930091239
SV1_C58309,C58309,0.8903732423082316
SV1_C36021,C36021,0.995630550384598
SV1_C07266,C07266,0.8453504937584956
SV1_C79806,C79806,0.8863775582703408
SV1_C93709,C93709,0.8019723145073098
SV1_C24708,C24708,0.7359105174525016
SV1_C30089,C30089,0.8032173816320044
SV1_C21645,C21645,0.8741163572530543
SV1_C10889,C10889,0.8475668144478121
SV1_C43214,C43214,0.9253098439823259
SV1_C18623,C18623,0.8195709014485937
SV1_C54035,C54035,0.7131199129223396
SV1_C90084,C90084,0.7489417718545719
SV1_C11515,C11515,0.8615848644513029
SV1_C56493,C56493,0.8438458624669118
SV1_C35401,C35401,0.8341862471251947
SV1_C04835,C04835,0.8954181911131023
SV1_C29518,C29518,0.7358535295999277
SV1_C58237,C58237,0.8144403529758246
SV1_C12034,C12034,0.8773681297416676
SV1_C21634,C21634,0.8409154885355276
SV1_C91317,C91317,0.7593925476026916
SV1_C23491,C23491,0.7867234674747686
SV1_C09049,C09049,0.7961309117496462
SV1_C51103,C51103,0.9388465433920208
SV1_C05413,C05413,0.8420310523133566
SV1_C48604,C48604,0.7049886565257376
SV1_C67224,C67224,0.741854685233212
SV1_C79803,C79803,0.8320896901726366
SV1_C36003,C36003,0.7210286755724588
SV1_C27692,C27692,0.9116104207236647
SV1_C61285,C61285,0.8901254931085767
SV1_C63033,C63033,0.7744435957523828
SV1_C88842,C88842,0.7572309350832488
SV1_C64303,C64303,0.7905041321679943
SV1_C41401,C41401,0.7684733729472674
SV1_C60706,C60706,0.9843914900915024
SV1_C16842,C16842,0.92930440273025
SV1_C93674,C93674,0.7318093868906763
SV1_C71508,C71508,0.8168134257068809
SV1_C90626,C90626,0.801840124017159
SV1_C88845,C88845,0.7653128675087707
SV1_C43201,C43201,0.8522016513698073
SV1_C88247,C88247,0.8177058642727092
SV1_C13282,C13282,0.7080068768357747
SV1_C91209,C91209,0.9379354001069692
SV1_C60679,C60679,0.8497279695497161
SV1_C22887,C22887,0.7957901490939518
SV1_C91800,C91800,0.8886477114373456
SV1_C72006,C72006,0.8161147308811133
SV1_C69116,C69116,0.9976407448436719
SV1_C28902,C28902,0.8383708627222967
SV1_C74512,C74512,0.8569881991608442
SV1_C51645,C51645,0.7849323476652906
SV1_C43264,C43264,0.9262426845489776
SV1_C72656,C72656,0.7632445759999185
SV1_C43899,C43899,0.8360729311001506
SV1_C51012,C51012,0.8718697085411224
SV1_C61916,C61916,0.7644016903066737
SV1_C05436,C05436,0.8729060931615383
SV1_C20417,C20417,0.8939267589700127
SV1_C48611,C48611,0.9199392951948177
SV1_C64222,C64222,0.9596697232700392
SV1_C07254,C07254,0.7579607446843384
SV1_C66718,C66718,0.922336652856142
SV1_C43861,C43861,0.9881175340458248
SV1_C81022,C81022,0.7828290367829268
SV1_C75637,C75637,0.8724614313883547
SV1_C15030,C15030,0.9667012609925959
SV1_C03633,C03633,0.7751196331447052
SV1_C34899,C34899,0.7648473774664666
SV1_C78603,C78603,0.7198468856399842
SV1_C49278,C49278,0.9408736663035442
SV1_C04272,C04272,0.7538819440775176
SV1_C78008,C78008,0.7895973656699664
SV1_C92484,C92484,0.7855977690006822
SV1_C30019,C30019,0.8857117836645989
SV1_C81106,C81106,0.748876806557591
SV1_C82896,C82896,0.7298200679995563
SV1_C82293,C82293,0.7525463427618686
SV1_C72707,C72707,0.761057792052278
SV1_C04287,C04287,0.74771752696347
SV1_C72686,C72686,0.8885200656647328
SV1_C22286,C22286,0.8679234665413128
SV1_C61229,C61229,0.7763681564797887
SV1_C48642,C48642,0.7454414716363627
SV1_C11416,C11416,0.8278137604522897
SV1_C75697,C75697,0.9218203682125206
SV1_C32473,C32473,0.9842867085014477
SV1_C57681,C57681,0.8150925446037607
SV1_C55238,C55238,0.9392898104412638
SV1_C51705,C51705,0.8105387523481405
SV1_C52293,C52293,0.9617573909549941
SV1_C55273,C55273,0.8612254484530175
SV1_C45030,C45030,0.7748375768934231
SV1_C48031,C48031,0.8203623744944063
SV1_C65480,C65480,0.8165608187686649
SV1_C99698,C99698,0.9301531375966718
SV1_C26417,C26417,0.9871844715959841
SV1_C87063,C87063,0.9881812163967814
SV1_C98480,C98480,0.9305087301551443
SV1_C09094,C09094,0.7495870449534922
SV1_C51611,C51611,0.8781889327759971
SV1_C06702,C06702,0.7418342647094075
SV1_C67907,C67907,0.899973860442629
SV1_C50509,C50509,0.797047249038736
SV1_C27610,C27610,0.7817279856212388
SV1_C24638,C24638,0.7900773620497312
SV1_C25909,C25909,0.8266336521501593
SV1_C90609,C90609,0.9355616217863715
SV1_C50423,C50423,0.8164918779722048
SV1_C34317,C34317,0.8473212422150591
SV1_C04900,C04900,0.8045545477915557
SV1_C01815,C01815,0.8093630259292129
SV1_C49243,C49243,0.7473751190399068
SV1_C64246,C64246,0.7302427062443392
SV1_C94274,C94274,0.7288943434342963
SV1_C93719,C93719,0.7823381352049893
SV1_C79279,C79279,0.9760912493562043
SV1_C10876,C10876,0.9600967303230995
SV1_C03672,C03672,0.7513773739844688
SV1_C54102,C54102,0.8440799406991165
SV1_C11449,C11449,0.7638802395482202
SV1_C72692,C72692,0.7196860344782996
SV1_C43870,C43870,0.7684131419996797
SV1_C06118,C06118,0.9111316769815043
SV1_C72089,C72089,0.8419072949070379
SV1_C28284,C28284,0.7745975876065186
SV1_C88265,C88265,0.7886823228529601
SV1_C25298,C25298,0.760819083355666
SV1_C06628,C06628,0.9236477647315171
SV1_C93066,C93066,0.9633171609835051
SV1_C52872,C52872,0.9856879477688638
SV1_C77442,C77442,0.8325129186819941
SV1_C93116,C93116,0.755011683519063
SV1_C93062,C93062,0.9404227305438513
SV1_C88239,C88239,0.8342104957962303
SV1_C43846,C43846,0.7774770773615757
SV1_C61308,C61308,0.8885600076080248
SV1_C25893,C25893,0.9928077792380791
SV1_C19209,C19209,0.8634055593419248
SV1_C69002,C69002,0.9604937686831044
SV1_C09611,C09611,0.8781672907378394
SV1_C70281,C70281,0.7709285282299627
SV1_C85886,C85886,0.9436109551627714
SV1_C63080,C63080,0.7769915393246398
SV1_C91275,C91275,0.739928019505245
SV1_C06615,C06615,0.9856212729689502
SV1_C46829,C46829,0.7937278056354689
SV1_C73319,C73319,0.9983380725264773
SV1_C49809,C49809,0.7959020710021198
SV1_C77476,C77476,0.7504042448763731
SV1_C75645,C75645,0.7765131891273195
SV1_C75031,C75031,0.917575459102414
SV1_C27630,C27630,0.7500422542598074
SV1_C48022,C48022,0.8248864739279378
SV1_C10237,C10237,0.7870713795389378
SV1_C72008,C72008,0.7932920359336917
SV1_C61806,C61806,0.9546244900142449
SV1_C03690,C03690,0.7265664707051771
SV1_C19894,C19894,0.8348436418510554
SV1_C12074,C12074,0.8459944788666148
SV1_C60079,C60079,0.8418134068825038
SV1_C74458,C74458,0.8598119473170209
SV1_C29473,C29473,0.9370989964492813
SV1_C83401,C83401,0.9487070854713185
SV1_C93092,C93092,0.7613020157550624
SV1_C39023,C39023,0.9038781231212458
SV1_C64277,C64277,0.7946637652114064
SV1_C70844,C70844,0.7497149269149146
SV1_C82801,C82801,0.94814740969946
SV1_C79800,C79800,0.9340678228699281
SV1_C01307,C01307,0.78837425351048
SV1_C77403,C77403,0.7833937202365187
SV1_C10857,C10857,0.7833871973909629
SV1_C98411,C98411,0.8477158141798432
SV1_C31212,C31212,0.8875115261468332
SV1_C61845,C61845,0.8655589658138282
SV1_C52812,C52812,0.8643710564822885
SV1_C96026,C96026,0.8960271620782944
SV1_C18080,C18080,0.7848749893925615
SV1_C72660,C72660,0.750914188727092
SV1_C21609,C21609,0.8800601187190045
SV1_C10912,C10912,0.771526772759857
SV1_C18036,C18036,0.7734091545457769
SV1_C10844,C10844,0.8353483931818229
SV1_C88850,C88850,0.9247963101867247
SV1_C93071,C93071,0.7892328144889275
SV1_C79212,C79212,0.91559662386602
SV1_C72671,C72671,0.8654643497754955
SV1_C07912,C07912,0.8089379409469877
SV1_C74400,C74400,0.8085539699557063
SV1_C12100,C12100,0.7887068332308124
SV1_C25237,C25237,0.7097331410409338
SV1_C73827,C73827,0.8945617159366768
SV1_C24039,C24039,0.7274125813249022
SV1_C45118,C45118,0.7987540977140722
SV1_C27087,C27087,0.8888157211338739
SV1_C84078,C84078,0.7707588829412444
SV1_C84007,C84007,0.7858731814949671
SV1_C63109,C63109,0.8916644827628147
SV1_C42000,C42000,0.7269016851275268
SV1_C93008,C93008,0.8744428242923497
SV1_C11468,C11468,0.9974425787162301
SV1_C21045,C21045,0.720764794405332
SV1_C47494,C47494,0.7995179605000459
SV1_C74445,C74445,0.778542521732389
SV1_C81607,C81607,0.8287191052045595
SV1_C51683,C51683,0.7424654526402732
SV1_C78718,C78718,0.7824107795373342
SV1_C29492,C29492,0.791154618463756
SV1_C72625,C72625,0.7780244239442389
SV1_C90024,C90024,0.8230549153584634
SV1_C00647,C00647,0.7985161295376175
SV1_C62517,C62517,0.8748757030628405
SV1_C15632,C15632,0.8381614777759344
SV1_C30608,C30608,0.8875677480133001
SV1_C88225,C88225,0.7549321888009682
SV1_C35490,C35490,0.8350276673312005
SV1_C86451,C86451,0.9994679825133892
SV1_C45629,C45629,0.8046316160753963
SV1_C48076,C48076,0.9257986032500441
SV1_C09063,C09063,0.9586331211230281
SV1_C30696,C30696,0.803029493787768
SV1_C57088,C57088,0.7138898504386109
SV1_C07855,C07855,0.8872626834047285
SV1_C12630,C12630,0.9057021106709577
SV1_C00078,C00078,0.776388843731384
SV1_C43859,C43859,0.7982797149623639
SV1_C59506,C59506,0.9688840912813325
SV1_C24025,C24025,0.9839933738678891
SV1_C54084,C54084,0.9378547628958765
SV1_C11467,C11467,0.9966382713861441
SV1_C52282,C52282,0.8964911761751101
SV1_C18685,C18685,0.8175907002217048
SV1_C80504,C80504,0.7370038520023784
SV1_C01878,C01878,0.8117990259978495
SV1_C41405,C41405,0.7769171793238822
SV1_C08419,C08419,0.8564370652045097
SV1_C30093,C30093,0.7812436693894985
SV1_C83413,C83413,0.9388351565980875
SV1_C14437,C14437,0.9309033880404034
SV1_C22916,C22916,0.8718277096397085
SV1_C15085,C15085,0.718368430353973
SV1_C58301,C58301,0.9202882787076573
SV1_C76305,C76305,0.9151939604060487
SV1_C19831,C19831,0.9987076317607837
SV1_C11485,C11485,0.9243378714565257
SV1_C60627,C60627,0.8398453748392909
SV1_C96085,C96085,0.914317248557974
SV1_C14418,C14418,0.9388211450645889
SV1_C15614,C15614,0.9505365192028437
SV1_C75712,C75712,0.8534255967482036
SV1_C84079,C84079,0.8694413456269061
SV1_C94317,C94317,0.7579235369004476
SV1_C49858,C49858,0.9933966399223092
SV1_C14405,C14405,0.9166246333657427
SV1_C85888,C85888,0.8920890562551158
SV1_C90009,C90009,0.9297966298262853
SV1_C60617,C60617,0.9527023026416355
SV1_C72679,C72679,0.8180110191821623
SV1_C49235,C49235,0.7796983297558548
SV1_C28898,C28898,0.840259253892324
SV1_C29423,C29423,0.8141497780954952
SV1_C72029,C72029,0.7699989254981046
SV1_C75662,C75662,0.8223445962835709
SV1_C96116,C96116,0.7806384761619177
SV1_C05490,C05490,0.8376151240692051
SV1_C21701,C21701,0.7378293917877015
SV1_C61877,C61877,0.9231237874814069
SV1_C13309,C13309,0.7945446730963237
SV1_C33079,C33079,0.9646055557851839
SV1_C89400,C89400,0.8846399947051775
SV1_C27013,C27013,0.9264363145747873
SV1_C84699,C84699,0.7396783529809062
SV1_C82822,C82822,0.9199486204344238
SV1_C24704,C24704,0.7492142484729029
SV1_C73875,C73875,0.8248168625406086
SV1_C28285,C28285,0.8116042352869196
SV1_C79299,C79299,0.7435422223357706
SV1_C75057,C75057,0.7662870064250278
SV1_C75096,C75096,0.9204590419665097
SV1_C45602,C45602,0.9437492311263442
SV1_C100236,C100236,0.9752820077731683
SV1_C86405,C86405,0.8764115718724967
SV1_C74491,C74491,0.9380964740526072
SV1_C87095,C87095,0.7319077085306418
SV1_C46246,C46246,0.9143118300590278
SV1_C94300,C94300,0.8217603294565717
SV1_C91270,C91270,0.8311385248417236
SV1_C27605,C27605,0.8236296904005999
SV1_C61301,C61301,0.9602957444152345
SV1_C49912,C49912,0.745315858620183
SV1_C22318,C22318,0.8227644846454477
SV1_C60645,C60645,0.8869822858322916
SV1_C69614,C69614,0.9254092659433795
SV1_C46894,C46894,0.8008753131135496
SV1_C54609,C54609,0.8560866521910366
SV1_C81683,C81683,0.9815381102643909
SV1_C67276,C67276,0.8267186257261708
SV1_C91912,C91912,0.8779570835735583
SV1_C73313,C73313,0.8583731874847846
SV1_C58215,C58215,0.9521316540548657
SV1_C72112,C72112,0.8473637460149036
SV1_C43267,C43267,0.8058665718990977
SV1_C94829,C94829,0.7452297828262706
SV1_C55272,C55272,0.8723658229821865
SV1_C11422,C11422,0.9621447791494459
SV1_C99680,C99680,0.8785032163129459
SV1_C30602,C30602,0.9224017733304293
SV1_C91810,C91810,0.9442621863636849
SV1_C72037,C72037,0.778933878161881
SV1_C13266,C13266,0.8063474382063902
SV1_C69618,C69618,0.854587045951175
SV1_C86487,C86487,0.7985077031738883
SV1_C10240,C10240,0.7297104464169277
SV1_C69611,C69611,0.7586996886589712
SV1_C57620,C57620,0.8453551196512076
SV1_C12639,C12639,0.9562889139929341
SV1_C60017,C60017,0.9565600152643553
SV1_C46251,C46251,0.7935161175349227
SV1_C01816,C01816,0.9332098888895258
SV1_C07218,C07218,0.9321206258745974
SV1_C73236,C73236,0.7753130376794877
SV1_C03684,C03684,0.715928072604035
SV1_C16800,C16800,0.8802073556726869
SV1_C85286,C85286,0.9269248222549615
SV1_C54105,C54105,0.8031006687622093
SV1_C84022,C84022,0.8931016397037895
SV1_C08460,C08460,0.7778265846889271
SV1_C38404,C38404,0.8364693846941715
SV1_C30712,C30712,0.9314923975564008
SV1_C67838,C67838,0.9053914900674446
SV1_C99704,C99704,0.9048550575736607
SV1_C25889,C25889,0.9037255942956626
SV1_C07248,C07248,0.7890685676788413
SV1_C06015,C06015,0.9779237766981842
SV1_C58872,C58872,0.7833271576109035
SV1_C22242,C22242,0.7972958420229531
SV1_C87671,C87671,0.7503700361378528
SV1_C07837,C07837,0.7699446320106579
SV1_C10875,C10875,0.8877136583499733
SV1_C69035,C69035,0.903745952607192
SV1_C07255,C07255,0.8807294455181177
SV1_C79289,C79289,0.7556982516151369
SV1_C49218,C49218,0.7847189827174208
SV1_C73263,C73263,0.9112177990555376
SV1_C43303,C43303,0.8353653832892157
SV1_C07898,C07898,0.8120228918896452
SV1_C92470,C92470,0.904530184152258
SV1_C03700,C03700,0.8060187293509372
SV1_C43315,C43315,0.8328184404723945
SV1_C10873,C10873,0.9728272963415657
SV1_C48049,C48049,0.9431841221380232
SV1_C20476,C20476,0.9469271846389891
SV1_C58894,C58894,0.8379518667229343
SV1_C76307,C76307,0.7105542358536102
SV1_C88206,C88206,0.9134331239772052
SV1_C57606,C57606,0.9903035332057546
SV1_C01318,C01318,0.8792202206100125
SV1_C32488,C32488,0.854908779527673
SV1_C81620,C81620,0.8281584077564831
SV1_C19222,C19222,0.8901036547001718
SV1_C95476,C95476,0.8622797141815256
SV1_C88281,C88281,0.8550866167541705
SV1_C94883,C94883,0.9057867521807785
SV1_C55807,C55807,0.8633902186142258
SV1_C57116,C57116,0.8720451068255289
SV1_C06609,C06609,0.8304184410538301
SV1_C81691,C81691,0.9590306871552535
SV1_C85885,C85885,0.9777057796971189
SV1_C05504,C05504,0.7680589697675674
SV1_C23507,C23507,0.7498467779388144
SV1_C26482,C26482,0.9853984532667052
SV1_C75650,C75650,0.8388799616574103
SV1_C56403,C56403,0.89144493487162
SV1_C88274,C88274,0.8809317428454432
SV1_C64847,C64847,0.861320199749925
SV1_C46228,C46228,0.7985817067906859
SV1_C53432,C53432,0.9492956088926389
SV1_C22307,C22307,0.7631243985067262
SV1_C54674,C54674,0.8328248915740811
SV1_C21073,C21073,0.9646263009529301
SV1_C65431,C65431,0.8607118325916226
SV1_C25293,C25293,0.9898437292494929
SV1_C96033,C96033,0.7803783249194866
SV1_C57008,C57008,0.9960735951913027
SV1_C32401,C32401,0.8848732366480333
SV1_C52815,C52815,0.8805190704618616
SV1_C63096,C63096,0.8791457496561517
SV1_C10202,C10202,0.8149414682041086
SV1_C86454,C86454,0.931055187710147
SV1_C66712,C66712,0.9008675647862799
SV1_C88292,C88292,0.700693959059834
SV1_C33713,C33713,0.8665308673055947
SV1_C10232,C10232,0.8248102961768867
SV1_C80401,C80401,0.9327688999744643
SV1_C32479,C32479,0.9755491984565434
SV1_C30681,C30681,0.9604715261683308
SV1_C55208,C55208,0.9296445611213672
SV1_C17480,C17480,0.7741770273505251
SV1_C45614,C45614,0.9284487117911394
SV1_C78100,C78100,0.7546648937856796
SV1_C73259,C73259,0.9255291854167871
SV1_C57103,C57103,0.7110127109679548
SV1_C34891,C34891,0.898848979406475
SV1_C30610,C30610,0.9286428389899666
SV1_C01310,C01310,0.8336872535515235
SV1_C72609,C72609,0.8249918814689353
SV1_C89433,C89433,0.7790611343709378
SV1_C64885,C64885,0.8730476668113796
SV1_C16246,C16246,0.9966558936917849
SV1_C04891,C04891,0.7365826059813193
SV1_C27674,C27674,0.8972484077721565
SV1_C83492,C83492,0.7566041357436796
SV1_C99685,C99685,0.897095685948582
SV1_C54693,C54693,0.9659678256512949
SV1_C51031,C51031,0.9897059395948852
SV1_C09035,C09035,0.9311136931274974
SV1_C98504,C98504,0.8495190062315199
SV1_C06633,C06633,0.9539697462766692
SV1_C16217,C16217,0.9103441539621636
SV1_C09040,C09040,0.7246959320126576
SV1_C09093,C09093,0.7411360965463913
SV1_C67221,C67221,0.840535791278044
SV1_C94221,C94221,0.9085892015674366
SV1_C90653,C90653,0.8382796399919652
SV1_C82283,C82283,0.9759163678387515
SV1_C81689,C81689,0.8404834584192649
SV1_C16215,C16215,0.9050634055461604
SV1_C24642,C24642,0.8120132771075446
SV1_C08422,C08422,0.9982534617085619
SV1_C00676,C00676,0.7123875276082522
SV1_C93047,C93047,0.9345714659630964
SV1_C74453,C74453,0.7679664637092818
SV1_C55304,C55304,0.7687321764910854
SV1_C91871,C91871,0.7426583096081206
SV1_C77498,C77498,0.8003226794787611
SV1_C12655,C12655,0.8217816238065447
SV1_C86413,C86413,0.9068643727552672
SV1_C29503,C29503,0.7888788601286644
SV1_C32483,C32483,0.984407374556051
SV1_C03115,C03115,0.8375549801605222
SV1_C02439,C02439,0.9938104407705433
SV1_C66604,C66604,0.9806261568349992
SV1_C46250,C46250,0.962903812845613
SV1_C84003,C84003,0.7832454124036018
SV1_C90112,C90112,0.9435790974684949
SV1_C91819,C91819,0.9374864844543565
SV1_C56423,C56423,0.7878791495354317
SV1_C13216,C13216,0.9450604102126875
SV1_C30083,C30083,0.9824310737844202
SV1_C77417,C77417,0.8915774794009664
SV1_C60103,C60103,0.8989181243562818
SV1_C12016,C12016,0.8442548261450036
SV1_C78669,C78669,0.8228802035865597
SV1_C96086,C96086,0.8320314592692248
SV1_C17487,C17487,0.9379880565721483
SV1_C08421,C08421,0.9755426464821016
SV1_C22319,C22319,0.8620650190653226
SV1_C47472,C47472,0.9216143297674338
SV1_C31882,C31882,0.8697680801724542
SV1_C51109,C51109,0.7978698120846001
SV1_C04204,C04204,0.9513782114286803
SV1_C67278,C67278,0.9551921401396756
SV1_C94821,C94821,0.9081245282470486
SV1_C91831,C91831,0.7662081878252575
SV1_C79907,C79907,0.763722343353506
SV1_C19844,C19844,0.7896234131473394
SV1_C65512,C65512,0.8887717609515755
SV1_C78645,C78645,0.8221477272027952
SV1_C89405,C89405,0.9107972903070745
SV1_C79317,C79317,0.8234867812027095
SV1_C06607,C06607,0.954237963167724
SV1_C90692,C90692,0.7396212600648245
SV1_C98425,C98425,0.9332539903639195
SV1_C98402,C98402,0.96199933870433
SV1_C83497,C83497,0.7364529508078997
SV1_C01906,C01906,0.8678423931268028
SV1_C25200,C25200,0.9125209561668697
SV1_C04274,C04274,0.8451040698863721
SV1_C00612,C00612,0.9842487649917944
SV1_C13291,C13291,0.8788238963972446
SV1_C82207,C82207,0.8255262682506468
SV1_C52824,C52824,0.9418410314108818
SV1_C52226,C52226,0.9006700242277511
SV1_C99031,C99031,0.9594724377128024
SV1_C36618,C36618,0.9367130418616774
SV1_C70232,C70232,0.8955434609097834
SV1_C63017,C63017,0.8817185631335576
SV1_C45013,C45013,0.8337260229004833
SV1_C89404,C89404,0.889684272482177
SV1_C67214,C67214,0.9312626499958738
SV1_C12044,C12044,0.8490358674316045
SV1_C55313,C55313,0.7394498999951236
SV1_C09074,C09074,0.9479554011736329
SV1_C87079,C87079,0.8168585293785985
SV1_C28203,C28203,0.7576412368052853
SV1_C99047,C99047,0.7498487455002614
SV1_C49210,C49210,0.8234283100234352
SV1_C11440,C11440,0.7545526035759295
SV1_C43807,C43807,0.9982136809160952
SV1_C91816,C91816,0.9417293305423252
SV1_C70221,C70221,0.9890521983764017
SV1_C25233,C25233,0.9861638096206612
SV1_C97228,C97228,0.8469839314509775
SV1_C75686,C75686,0.8688570328919631
SV1_C43893,C43893,0.7587667808347525
SV1_C27015,C27015,0.9123961682206115
SV1_C10893,C10893,0.8625405042932294
SV1_C31808,C31808,0.8792763614149925
SV1_C99076,C99076,0.8972325231501429
SV1_C25916,C25916,0.8629484270701764
SV1_C48088,C48088,0.8249302080899268
SV1_C49253,C49253,0.953579240385261
SV1_C92487,C92487,0.9121432305949326
SV1_C98414,C98414,0.9561488644199297
SV1_C21637,C21637,0.950955872004839
SV1_C70246,C70246,0.8404040748756817
SV1_C86473,C86473,0.8114516125851474
SV1_C97204,C97204,0.9986974442414592
SV1_C87624,C87624,0.7457785257177985
SV1_C07857,C07857,0.7958598114817221
SV1_C51686,C51686,0.8829870238811469
SV1_C99605,C99605,0.9455180233509896
SV1_C98485,C98485,0.9620359625903552
SV1_C30003,C30003,0.8839479277631398
SV1_C81686,C81686,0.8523566926275286
SV1_C99090,C99090,0.9044121239111946
SV1_C96024,C96024,0.7857198155623473
SV1_C40806,C40806,0.7906707040139432
SV1_C30606,C30606,0.9247442685004585
SV1_C96005,C96005,0.987367193583255
SV1_C45024,C45024,0.8029759229267535
SV1_C98476,C98476,0.912973733598472
SV1_C09055,C09055,0.897290324139745
SV1_C80502,C80502,0.7553322011501354
SV1_C08502,C08502,0.8141632460117336
SV1_C95517,C95517,0.7622859313125442
SV1_C28247,C28247,0.7092729650582303
SV1_C00637,C00637,0.9806369481146776
SV1_C79295,C79295,0.7626902835239648
SV1_C15089,C15089,0.7994494365953013
SV1_C07229,C07229,0.77164392716823
SV1_C43898,C43898,0.9707806803334608
SV1_C18077,C18077,0.7727859784797154
SV1_C70203,C70203,0.7321440461824386
SV1_C56407,C56407,0.8914976426199005
SV1_C00707,C00707,0.7893861908191819
SV1_C55303,C55303,0.8784235900506313
SV1_C27077,C27077,0.90618903015591
SV1_C49901,C49901,0.744244440499924
SV1_C77435,C77435,0.944373342301669
SV1_C41413,C41413,0.8390623803005962
SV1_C47434,C47434,0.751293972635244
SV1_C18024,C18024,0.8372786255088226
SV1_C92464,C92464,0.9941316757549381
SV1_C40201,C40201,0.8154240909023625
SV1_C96018,C96018,0.9256619352584745
SV1_C66709,C66709,0.931957730957817
SV1_C91203,C91203,0.8845099551420913
SV1_C43298,C43298,0.9684351884749867
SV1_C73251,C73251,0.9261079504379783
SV1_C96046,C96046,0.7592601537789806
SV1_C60007,C60007,0.9356319776389479
SV1_C27045,C27045,0.7807735480566941
SV1_C66025,C66025,0.8257084296110145
SV1_C95478,C95478,0.7607272267150775
SV1_C69014,C69014,0.9393765832035047
SV1_C77510,C77510,0.79313423173247
SV1_C57691,C57691,0.8168162491766925
SV1_C72698,C72698,0.8841632192840351
SV1_C60090,C60090,0.8124848823358509
SV1_C81697,C81697,0.7374399178075836
SV1_C54691,C54691,0.7950574113008336
SV1_C70828,C70828,0.8988768277126313
SV1_C34203,C34203,0.7859274735579149
SV1_C58300,C58300,0.8824196029107261
SV1_C18634,C18634,0.8698738038456849
SV1_C86515,C86515,0.8588879712535324
SV1_C00620,C00620,0.7634093505684694
SV1_C45655,C45655,0.7963754784242154
SV1_C63031,C63031,0.9122609899936119
SV1_C22296,C22296,0.8428925010048467
SV1_C89426,C89426,0.7478763473292148
SV1_C25235,C25235,0.8037701190822623
SV1_C45684,C45684,0.8568470188123026
SV1_C06108,C06108,0.7890457512602379
SV1_C07244,C07244,0.786091275885944
SV1_C08469,C08469,0.9753317576812296
SV1_C25833,C25833,0.9750272164198932
SV1_C54696,C54696,0.7815500008934653
SV1_C17426,C17426,0.9254409988166759
SV1_C04916,C04916,0.882820200334844
SV1_C76237,C76237,0.9088932506268085
SV1_C66101,C66101,0.9563963791277854
SV1_C70294,C70294,0.9078517166720651
SV1_C55315,C55315,0.9464630900103882
SV1_C33695,C33695,0.7683524260792258
SV1_C90712,C90712,0.937803202445014
SV1_C51075,C51075,0.7404056863840478
SV1_C15014,C15014,0.9513421813518591
SV1_C73814,C73814,0.8826020246382699
SV1_C34208,C34208,0.8160746734446409
SV1_C18038,C18038,0.943548381304262
SV1_C34274,C34274,0.7756758517566718
SV1_C80491,C80491,0.9631686910158263
SV1_C72080,C72080,0.9417330646385365
SV1_C28816,C28816,0.8830702736764818
SV1_C63717,C63717,0.9002705413684495
SV1_C97242,C97242,0.7981971961730482
SV1_C35503,C35503,0.7193730755911094
SV1_C54601,C54601,0.9015564006447601
SV1_C13250,C13250,0.8153638434569693
SV1_C02423,C02423,0.762105399550589
SV1_C50514,C50514,0.9266835861278988
SV1_C82900,C82900,0.7292892530899898
SV1_C45705,C45705,0.9994989217984287
SV1_C59407,C59407,0.9385005799263894
SV1_C70885,C70885,0.720864329799372
SV1_C39013,C39013,0.8973587089787092
SV1_C14403,C14403,0.8937392853086478
SV1_C77489,C77489,0.8613547489603488
SV1_C18624,C18624,0.8267495077467858
SV1_C00016,C00016,0.9361417211340567
SV1_C66642,C66642,0.8797548102913292
SV1_C73285,C73285,0.9319731802706411
SV1_C32495,C32495,0.7909837430507916
SV1_C93067,C93067,0.8222509919232791
SV1_C16229,C16229,0.8903338744923406
SV1_C28820,C28820,0.7963016146179448
SV1_C66079,C66079,0.8173272581735307
SV1_C73898,C73898,0.8903134968120465
SV1_C27026,C27026,0.776991782052044
SV1_C25304,C25304,0.8729583740493685
SV1_C43844,C43844,0.941955562446332
SV1_C12119,C12119,0.9042087773801392
SV1_C69632,C69632,0.8474062347905638
SV1_C62479,C62479,0.8722024651496322
SV1_C64895,C64895,0.817051262462212
SV1_C34294,C34294,0.7740981151889196
SV1_C06036,C06036,0.8991948408130018
SV1_C87697,C87697,0.9948507774030704
SV1_C51684,C51684,0.976650419141969
SV1_C53509,C53509,0.7916299356547396
SV1_C21602,C21602,0.9052504802506628
SV1_C24680,C24680,0.8320816028222482
SV1_C33015,C33015,0.8654593738307532
SV1_C21623,C21623,0.8516310815854272
SV1_C46898,C46898,0.965040787885134
SV1_C73852,C73852,0.7637045236902107
SV1_C82218,C82218,0.8972791332618583
SV1_C93632,C93632,0.7005948996118233
SV1_C82211,C82211,0.830157910300737
SV1_C71486,C71486,0.7406878796077146
SV1_C31288,C31288,0.8422462324634287
SV1_C75112,C75112,0.8569123394769913
SV1_C13290,C13290,0.8775434114667572
SV1_C97272,C97272,0.8883057469132165
SV1_C33620,C33620,0.912713360630813
SV1_C33675,C33675,0.9315725206764149
SV1_C13881,C13881,0.7226858845514945
SV1_C33016,C33016,0.8496026582560486
SV1_C49871,C49871,0.8137278922947804
SV1_C09081,C09081,0.9977664928061807
SV1_C72019,C72019,0.839145885054544
SV1_C18625,C18625,0.8202002615387223
SV1_C44410,C44410,0.9422477363118621
SV1_C77461,C77461,0.8956223352240872
SV1_C26418,C26418,0.9263498861763488
SV1_C45047,C45047,0.8578893750661736
SV1_C92401,C92401,0.8819771152472664
SV1_C46839,C46839,0.7696085175789505
SV1_C57019,C57019,0.8767491730850658
SV1_C86438,C86438,0.7443755717057733
SV1_C52296,C52296,0.8109359861201811
SV1_C27010,C27010,0.827548595789137
SV1_C25227,C25227,0.8101645901156729
SV1_C91822,C91822,0.936867532367311
SV1_C30113,C30113,0.92584725886509
SV1_C58233,C58233,0.8226507406033493
SV1_C49277,C49277,0.9088291381534738
SV1_C99622,C99622,0.851775470844451
SV1_C67296,C67296,0.9174381170424866
SV1_C33609,C33609,0.8509495063489239
SV1_C19233,C19233,0.822609284744572
SV1_C43879,C43879,0.8437967483454576
SV1_C08464,C08464,0.8869421957766995
SV1_C12048,C12048,0.7219318759922185
SV1_C91207,C91207,0.8898833140156521
SV1_C25312,C25312,0.9299128070135546
SV1_C48707,C48707,0.7897128824890508
SV1_C03021,C03021,0.7524889023858264
SV1_C48647,C48647,0.7966785860198211
SV1_C19881,C19881,0.9179930724273675
SV1_C33104,C33104,0.8126959921540311
SV1_C72688,C72688,0.8360948999465875
SV1_C85910,C85910,0.8799184600065342
SV1_C50428,C50428,0.8838623461744451
SV1_C34918,C34918,0.8381621871306982
SV1_C01317,C01317,0.9241959529496543
SV1_C52917,C52917,0.744955290525885
SV1_C45712,C45712,0.9436828406527734
SV1_C04234,C04234,0.8635806124426878
SV1_C82202,C82202,0.903824653856916
SV1_C28823,C28823,0.8154851791052132
SV1_C44426,C44426,0.7745757978344833
SV1_C21604,C21604,0.8791848861035155
SV1_C80494,C80494,0.7862391413046736
SV1_C96043,C96043,0.8917143703245771
SV1_C35408,C35408,0.8430956768043137
SV1_C53472,C53472,0.9776613829666715
SV1_C19838,C19838,0.8425153030519886
SV1_C01886,C01886,0.7821399507549208
SV1_C73917,C73917,0.8296939462723741
SV1_C28800,C28800,0.8896781624750361
SV1_C59483,C59483,0.848326444905602
SV1_C70805,C70805,0.8553627023965849
SV1_C26403,C26403,0.9483149076943054
SV1_C97206,C97206,0.9623767523667267
SV1_C48034,C48034,0.724202253684471
SV1_C76811,C76811,0.8283361873463656
SV1_C28309,C28309,0.993847083781993
SV1_C68509,C68509,0.9290745173430807
SV1_C31903,C31903,0.8125358690454599
SV1_C72643,C72643,0.8751073984570629
SV1_C69708,C69708,0.8383666870732812
SV1_C82906,C82906,0.8347621792960933
SV1_C66077,C66077,0.880552213729678
SV1_C15646,C15646,0.9926507497654876
SV1_C37809,C37809,0.8533581714323747
SV1_C59422,C59422,0.8815506106980332
SV1_C52243,C52243,0.9302199361087872
SV1_C83502,C83502,0.8055644873862318
SV1_C07308,C07308,0.8277275621537908
SV1_C52839,C52839,0.9897529893210306
SV1_C43810,C43810,0.9411379223499681
SV1_C08410,C08410,0.815329624946123
SV1_C23509,C23509,0.937369944076279
SV1_C64844,C64844,0.862146447994909
SV1_C99614,C99614,0.9110492775991638
SV1_C90677,C90677,0.93430935998046
SV1_C00098,C00098,0.8344112183435195
SV1_C90104,C90104,0.9920817068025083
SV1_C57621,C57621,0.865347976530809
SV1_C93604,C93604,0.9744501484067352
SV1_C03075,C03075,0.7580216017664714
SV1_C52234,C52234,0.901613375693192
SV1_C84002,C84002,0.9048164872288806
SV1_C29403,C29403,0.8858693351210267
SV1_C61876,C61876,0.8394798305227236
SV1_C09633,C09633,0.8015644559042441
SV1_C47422,C47422,0.8508162483737944
SV1_C98500,C98500,0.8384812740360948
SV1_C58905,C58905,0.9258095917051985
SV1_C33008,C33008,0.8542832883468612
SV1_C82280,C82280,0.7932219763168462
SV1_C42010,C42010,0.9492259071715008
SV1_C32415,C32415,0.8769853647514005
SV1_C46816,C46816,0.7262756252216499
SV1_C61824,C61824,0.834350823141606
SV1_C98423,C98423,0.9734097178470591
SV1_C13299,C13299,0.8414847536003193
SV1_C52896,C52896,0.8084321154944374
SV1_C55278,C55278,0.7792034383149894
SV1_C13296,C13296,0.7394406569958701
SV1_C04291,C04291,0.7708767649012133
SV1_C11505,C11505,0.8225804336852595
SV1_C70291,C70291,0.8990998704882781
SV1_C96077,C96077,0.8551704071400353
SV1_C56479,C56479,0.7860816879890881
SV1_C70806,C70806,0.8249740085038766
SV1_C36009,C36009,0.8519471969782528
SV1_C07842,C07842,0.8381795411965329
SV1_C87012,C87012,0.8944870498669614
SV1_C72701,C72701,0.9192672478204663
SV1_C23444,C23444,0.8462363070369172
SV1_C90706,C90706,0.9688313200073331
SV1_C46216,C46216,0.7402078786821322
SV1_C13315,C13315,0.7735635277344911
SV1_C15082,C15082,0.8050490973883058
SV1_C70240,C70240,0.8273769840539836
SV1_C43911,C43911,0.8430566318432032
SV1_C71443,C71443,0.8375352780733429
SV1_C65436,C65436,0.792077526819416
SV1_C63025,C63025,0.7949734739265347
SV1_C09005,C09005,0.7302177299112159
SV1_C09078,C09078,0.9485729217644695
SV1_C93683,C93683,0.9089034369675
SV1_C61832,C61832,0.836503764637094
SV1_C07210,C07210,0.8121403828863809
SV1_C04908,C04908,0.7771244478623265
SV1_C00686,C00686,0.7581970421595475
SV1_C55205,C55205,0.9335404889876867
SV1_C12642,C12642,0.8007560960105744
SV1_C54047,C54047,0.7482580205070708
SV1_C10295,C10295,0.8995113906335019
SV1_C33709,C33709,0.8191601945662286
SV1_C45617,C45617,0.7828158235931072
SV1_C28910,C28910,0.8081198656018844
SV1_C96610,C96610,0.9574678323617735
SV1_C35498,C35498,0.8410195452733775
SV1_C75678,C75678,0.8880930072663699
SV1_C31208,C31208,0.8837787065760415
SV1_C67226,C67226,0.8713828818830158
SV1_C58307,C58307,0.8724899618696711
SV1_C91224,C91224,0.8795871294947962
SV1_C88839,C88839,0.8315762530442246
SV1_C60002,C60002,0.9800424849462586
SV1_C09103,C09103,0.9977626634015093
SV1_C11477,C11477,0.9475123388593056
SV1_C63002,C63002,0.8874190569874186
SV1_C78116,C78116,0.7962658420199484
SV1_C64903,C64903,0.8935163274291118
SV1_C51113,C51113,0.8115942621014609
SV1_C01292,C01292,0.8900775510425001
SV1_C75118,C75118,0.9230639200740957
SV1_C24109,C24109,0.9407577658113275
SV1_C38415,C38415,0.9419979728833693
SV1_C24105,C24105,0.9051177419236536
SV1_C90673,C90673,0.9348947649810212
SV1_C19875,C19875,0.7736570418585356
SV1_C36621,C36621,0.9975171868743495
SV1_C06092,C06092,0.9908426692491062
SV1_C96111,C96111,0.9957611085338461
SV1_C74506,C74506,0.8936904862464458
SV1_C69111,C69111,0.8667686913846432
SV1_C52300,C52300,0.8106855653167505
SV1_C91811,C91811,0.8931536775426029
SV1_C60004,C60004,0.938953885199251
SV1_C51606,C51606,0.9044980105715641
SV1_C23510,C23510,0.9648415230566869
SV1_C13206,C13206,0.938805791460808
SV1_C03001,C03001,0.9877503418788277
SV1_C45612,C45612,0.771276731532471
SV1_C50435,C50435,0.9845300342814103
SV1_C26489,C26489,0.9053807804264707
SV1_C24006,C24006,0.9146274629056117
SV1_C08449,C08449,0.7961966521926905
SV1_C04294,C04294,0.8150357015162011
SV1_C60083,C60083,0.8500458324507147
SV1_C48084,C48084,0.899127153005246
SV1_C50407,C50407,0.8768355959221977
SV1_C25839,C25839,0.8071950698214087
SV1_C09691,C09691,0.9793717497404502
SV1_C58274,C58274,0.9038592053055085
SV1_C12058,C12058,0.7661726686846969
SV1_C47402,C47402,0.9258935726111853
SV1_C72615,C72615,0.8488584951869265
SV1_C88894,C88894,0.9981485479838875
SV1_C18089,C18089,0.8939839578250552
SV1_C24091,C24091,0.8004212890306741
SV1_C69635,C69635,0.9231916620094871
SV1_C08445,C08445,0.79020123486863
SV1_C23426,C23426,0.8879421595137549
SV1_C55285,C55285,0.8439917660084341
SV1_C08403,C08403,0.8802427850736134
SV1_C99043,C99043,0.8739657571321108
SV1_C75106,C75106,0.8942848858199949
SV1_C82205,C82205,0.9443487591782753
SV1_C51624,C51624,0.9156193625324247
SV1_C22815,C22815,0.9979150696983436
SV1_C72642,C72642,0.7859096670364298
SV1_C19225,C19225,0.8401173903066349
SV1_C10207,C10207,0.8781532735800638
SV1_C96074,C96074,0.7626550106292822
SV1_C55897,C55897,0.786962104407105
SV1_C55820,C55820,0.8068168296465512
SV1_C15005,C15005,0.9159066405403906
SV1_C46865,C46865,0.9273199830049844
SV1_C07870,C07870,0.9032389099789964
SV1_C89517,C89517,0.781371876819679
SV1_C69016,C69016,0.8856908905990644
SV1_C51702,C51702,0.8658725610717836
SV1_C95500,C95500,0.8230816414133875
SV1_C24682,C24682,0.9326129201052368
SV1_C07881,C07881,0.9972914362792166
SV1_C55914,C55914,0.7893792264086492
SV1_C47496,C47496,0.9729621951977371
SV1_C28917,C28917,0.9922983460841501
SV1_C49916,C49916,0.7546226446545511
SV1_C46223,C46223,0.8401856605383504
SV1_C76902,C76902,0.8604421178951588
SV1_C44431,C44431,0.7835387274177408
SV1_C46863,C46863,0.7904980665066174
SV1_C26513,C26513,0.9483052494880778
SV1_C04281,C04281,0.7962767315166585
SV1_C73919,C73919,0.996190522494365
SV1_C66677,C66677,0.8882889487193649
SV1_C85218,C85218,0.8435705866420597
SV1_C96621,C96621,0.9037001955848052
SV1_C06640,C06640,0.8312484773168631
SV1_C06035,C06035,0.9087427459682361
SV1_C87048,C87048,0.7546191356503877
SV1_C46294,C46294,0.7988111780171026
SV1_C06686,C06686,0.7735327608339175
SV1_C65419,C65419,0.7846910902112411
SV1_C82816,C82816,0.9023286835046954
SV1_C87073,C87073,0.8282227345411661
SV1_C88902,C88902,0.9739421967808294
SV1_C06636,C06636,0.89853244044688
SV1_C52205,C52205,0.8807448083806875
SV1_C94234,C94234,0.8672165468576353
SV1_C34210,C34210,0.840156272292538
SV1_C34887,C34887,0.878744700737126
SV1_C69011,C69011,0.7811045654613384
SV1_C100277,C100277,0.9280729520181422
SV1_C53426,C53426,0.9118488303300749
SV1_C64900,C64900,0.9085325149563415
SV1_C39012,C39012,0.8958557342185207
SV1_C73878,C73878,0.9100464942086687
SV1_C68475,C68475,0.8246372415077169
SV1_C62501,C62501,0.954916549440889
SV1_C18675,C18675,0.8599995871747539
SV1_C09707,C09707,0.9984598620264915
SV1_C16281,C16281,0.7358062408046752
SV1_C45078,C45078,0.9415776177528135
SV1_C26479,C26479,0.873485939259144
SV1_C18640,C18640,0.816707587130915
SV1_C75608,C75608,0.8394513373602018
SV1_C88238,C88238,0.7389371100129404
SV1_C37823,C37823,0.9038996728152568
SV1_C99638,C99638,0.9620473734507928
SV1_C33078,C33078,0.8580071051152798
SV1_C88214,C88214,0.9478522167309423
SV1_C81679,C81679,0.9711424533754593
SV1_C72676,C72676,0.9455764154088947
SV1_C58844,C58844,0.8583445837951239
SV1_C63030,C63030,0.7696084100715292
SV1_C19822,C19822,0.9294226902331996
SV1_C03089,C03089,0.8006614610452093
SV1_C07884,C07884,0.9613223753471397
SV1_C21026,C21026,0.7902721599864359
SV1_C84104,C84104,0.7683032466936345
SV1_C10843,C10843,0.8810125168926327
SV1_C07880,C07880,0.9863017617499318
SV1_C04918,C04918,0.8379994995465477
SV1_C15083,C15083,0.9406464605982131
SV1_C25815,C25815,0.9864080167570074
SV1_C71502,C71502,0.8086283882446872
SV1_C90682,C90682,0.9588367211535251
SV1_C74439,C74439,0.8771977822752214
SV1_C85289,C85289,0.8710982841041097
SV1_C58821,C58821,0.8622599138163847
SV1_C67908,C67908,0.8855793134903532
SV1_C85297,C85297,0.8277929473188316
SV1_C71512,C71512,0.7812650518039934
SV1_C43235,C43235,0.7773823134794504
SV1_C48063,C48063,0.7945392172447391
SV1_C18082,C18082,0.7838873048686379
SV1_C58878,C58878,0.9250462542562329
SV1_C09077,C09077,0.999011408994416
SV1_C75028,C75028,0.8659720564538826
SV1_C58317,C58317,0.9215126578537665
SV1_C28807,C28807,0.8892272179083995
SV1_C24033,C24033,0.987765690052776
SV1_C82275,C82275,0.9590904868569131
SV1_C63609,C63609,0.928208000662931
SV1_C12632,C12632,0.9460857718030359
SV1_C17428,C17428,0.8419379721576526
SV1_C81081,C81081,0.7428751947633531
SV1_C31219,C31219,0.8807074707371738
SV1_C43905,C43905,0.9980786966809753
SV1_C76839,C76839,0.9389502023901058
SV1_C18681,C18681,0.773610731934931
SV1_C05516,C05516,0.9239386482273927
SV1_C04240,C04240,0.9471727426137032
SV1_C49842,C49842,0.8296843698236634
SV1_C86408,C86408,0.8661898581941531
SV1_C24706,C24706,0.933035931654421
SV1_C91217,C91217,0.9781563820695152
SV1_C28222,C28222,0.8275241839464691
SV1_C85291,C85291,0.8021904659511874
SV1_C28229,C28229,0.7231002755226952
SV1_C00028,C00028,0.9726434782709701
SV1_C55310,C55310,0.8414339752928751
SV1_C12010,C12010,0.8380595651962541
SV1_C45605,C45605,0.8502279604361832
SV1_C13222,C13222,0.7864951243307116
SV1_C51697,C51697,0.8119277461799113
SV1_C73257,C73257,0.7695861396895475
SV1_C28312,C28312,0.9501867676078536
SV1_C16812,C16812,0.8933363767366281
SV1_C54005,C54005,0.8764733333241702
SV1_C34872,C34872,0.9035186477489767
SV1_C74402,C74402,0.8450044869955124
SV1_C28227,C28227,0.8734107888403438
SV1_C12013,C12013,0.8855563367294608
SV1_C12672,C12672,0.7732939729643941
SV1_C33698,C33698,0.8828671668508918
SV1_C06644,C06644,0.744714782924244
SV1_C68474,C68474,0.9552034948248829
SV1_C69019,C69019,0.7820741350066515
SV1_C23505,C23505,0.9023088965805531
SV1_C21612,C21612,0.9281540954477232
SV1_C07231,C07231,0.8917131419439588
SV1_C52227,C52227,0.9957824472625914
SV1_C93097,C93097,0.7892135773431851
SV1_C48071,C48071,0.7645912989523709
SV1_C75677,C75677,0.9303466385170912
SV1_C76883,C76883,0.8690241318286058
SV1_C88290,C88290,0.9263179057594578
SV1_C77508,C77508,0.8180214291483633
SV1_C83400,C83400,0.9537948833092995
SV1_C89424,C89424,0.7941415745725275
SV1_C85801,C85801,0.9052328213762361
SV1_C93021,C93021,0.8634542565324985
SV1_C78629,C78629,0.9405169015088226
SV1_C92411,C92411,0.8707584728718907
SV1_C25876,C25876,0.8618091428944654
SV1_C49836,C49836,0.7948585262618101
SV1_C72001,C72001,0.7992318483442001
SV1_C60701,C60701,0.952248725933642
SV1_C75634,C75634,0.8494366226941905
SV1_C83510,C83510,0.8199172215585384
SV1_C90629,C90629,0.8437894622904945
SV1_C88222,C88222,0.9079014430513681
SV1_C51638,C51638,0.8843094023799071
SV1_C37806,C37806,0.9004897650934682
SV1_C76835,C76835,0.9593008634373625
SV1_C85283,C85283,0.7304227276343862
SV1_C47508,C47508,0.9674844671707447
SV1_C58213,C58213,0.9794318959538992
SV1_C59426,C59426,0.8261611604795577
SV1_C83418,C83418,0.8794085031784437
SV1_C72079,C72079,0.8086171843567304
SV1_C64301,C64301,0.7920228094592756
SV1_C36020,C36020,0.9931289232786344
SV1_C30703,C30703,0.8022446000697314
SV1_C70313,C70313,0.8236412475868137
SV1_C67211,C67211,0.7920000445318094
SV1_C82301,C82301,0.7353406278118083
SV1_C22892,C22892,0.9706158650466068
SV1_C72066,C72066,0.7917011568062446
SV1_C86443,C86443,0.7885648841657553
SV1_C70207,C70207,0.7307371233967426
SV1_C11405,C11405,0.8406547037302712
SV1_C65440,C65440,0.7518087815439202
SV1_C84684,C84684,0.8961309473313319
SV1_C83518,C83518,0.7656497587168902
SV1_C78003,C78003,0.7595804299220986
SV1_C51023,C51023,0.8154908153894725
SV1_C22804,C22804,0.896513373348616
SV1_C15074,C15074,0.7853604381033961
SV1_C81681,C81681,0.7604525732362291
SV1_C53417,C53417,0.8742983438391037
SV1_C34212,C34212,0.8596209984004598
SV1_C03114,C03114,0.7835134050354174
SV1_C15023,C15023,0.9033929926674602
SV1_C96701,C96701,0.8200434063530658
SV1_C95485,C95485,0.9019243532571992
SV1_C09705,C09705,0.8449608482522848
SV1_C72067,C72067,0.9241194231916136
SV1_C66630,C66630,0.8888730581383268
SV1_C84094,C84094,0.8409548136878671
SV1_C57024,C57024,0.8714533452395608
SV1_C46211,C46211,0.997235461747051
SV1_C93602,C93602,0.9359017147474128
SV1_C49310,C49310,0.8155852315974178
SV1_C10292,C10292,0.8220706873317655
SV1_C03701,C03701,0.8545218213772969
SV1_C54038,C54038,0.9113979454008657
SV1_C69694,C69694,0.8937764720617151
SV1_C16274,C16274,0.7804707413765722
SV1_C45011,C45011,0.9986645115184714
SV1_C79897,C79897,0.735971116877177
SV1_C16231,C16231,0.8243695808911617
SV1_C64297,C64297,0.7922291521873744
SV1_C49221,C49221,0.7007084803135581
SV1_C70804,C70804,0.8524102341794734
SV1_C52203,C52203,0.8699990992287342
SV1_C48081,C48081,0.9623290042960541
SV1_C91250,C91250,0.8569646863164809
SV1_C52295,C52295,0.9193554413113237
SV1_C85819,C85819,0.8216584681093241
SV1_C10890,C10890,0.8774537011006471
SV1_C07914,C07914,0.8551145258535102
SV1_C57006,C57006,0.9860570734201117
SV1_C43913,C43913,0.9482770974298649
SV1_C23497,C23497,0.8796336756165003
SV1_C34812,C34812,0.878139512036559
SV1_C12664,C12664,0.8185881040041297
SV1_C24089,C24089,0.8851005858300818
SV1_C05433,C05433,0.9420886436457832
SV1_C93077,C93077,0.9312561110970494
SV1_C54624,C54624,0.9841457382984048
SV1_C22903,C22903,0.8362744012758886
SV1_C07810,C07810,0.8142059804969295
SV1_C00101,C00101,0.7948561121623816
SV1_C42016,C42016,0.8503414354860623
SV1_C64201,C64201,0.9350531374989475
SV1_C56504,C56504,0.7105098030867828
SV1_C00679,C00679,0.7804776151484384
SV1_C08414,C08414,0.828830314728688
SV1_C34275,C34275,0.8615725289913108
SV1_C99639,C99639,0.8799022027358323
SV1_C29404,C29404,0.889857319488977
SV1_C99684,C99684,0.9102885914303801
SV1_C91919,C91919,0.8212107217803484
SV1_C09709,C09709,0.8363286438300461
SV1_C26430,C26430,0.8523477706007908
SV1_C57031,C57031,0.8005023459165828
SV1_C76867,C76867,0.9429646982782898
SV1_C90699,C90699,0.8286422301308851
SV1_C25283,C25283,0.8505550067460911
SV1_C07236,C07236,0.7944078494010817
SV1_C01875,C01875,0.7703998875679651
SV1_C44448,C44448,0.9917859945728714
SV1_C70893,C70893,0.7526385564398762
SV1_C72623,C72623,0.931152474216763
SV1_C15625,C15625,0.8921611357031125
SV1_C43228,C43228,0.8031596491278499
SV1_C29513,C29513,0.9249177064702797
SV1_C48021,C48021,0.8039913188291631
SV1_C64820,C64820,0.7684006795079871
SV1_C04919,C04919,0.7299497146768142
SV1_C16882,C16882,0.7966896488701096
SV1_C34916,C34916,0.8956822807279664
SV1_C75667,C75667,0.9605979532932357
SV1_C66102,C66102,0.9928930144351443
SV1_C96684,C96684,0.9389217887396706
SV1_C14417,C14417,0.9137917572819632
SV1_C67882,C67882,0.9747946047397202
SV1_C51608,C51608,0.8649638118995758
SV1_C64880,C64880,0.8077368941452822
SV1_C56474,C56474,0.7163047020085042
SV1_C95514,C95514,0.9060936236047344
SV1_C45600,C45600,0.7915344422206217
SV1_C19284,C19284,0.7502662486090609
SV1_C16218,C16218,0.9366466025911414
SV1_C61908,C61908,0.8909492860133248
SV1_C13849,C13849,0.8098361969819863
SV1_C79274,C79274,0.8228982741990827
SV1_C05499,C05499,0.8017126873998642
SV1_C30612,C30612,0.8911789425371733
SV1_C64241,C64241,0.737249006817195
SV1_C72061,C72061,0.7539080232987047
SV1_C63624,C63624,0.8070275894129308
SV1_C72651,C72651,0.926742382968655
SV1_C03087,C03087,0.7781995073573073
SV1_C78617,C78617,0.9393220115841113
SV1_C11459,C11459,0.9165910469042092
SV1_C05431,C05431,0.8784041541954603
SV1_C72637,C72637,0.7709167397155048
SV1_C72041,C72041,0.7445220010758805
SV1_C49307,C49307,0.8091493600716362
SV1_C29512,C29512,0.9315136996178653
SV1_C46245,C46245,0.9675157251039282
SV1_C33109,C33109,0.8245176761095759
SV1_C97807,C97807,0.8488357625056298
SV1_C33686,C33686,0.8182652149827531
SV1_C06047,C06047,0.9135550266355982
SV1_C38422,C38422,0.9860241156553802
SV1_C98407,C98407,0.8482401208745327
SV1_C73303,C73303,0.9664961029949789
SV1_C19229,C19229,0.835232398507194
SV1_C61237,C61237,0.8211699408268134
SV1_C87692,C87692,0.9513893755039614
SV1_C22245,C22245,0.8755891814464809
SV1_C09618,C09618,0.9237940923702065
SV1_C63640,C63640,0.7876216196726719
SV1_C27003,C27003,0.8963823612968952
SV1_C06603,C06603,0.9492194636720415
SV1_C03101,C03101,0.8440086793412731
SV1_C86478,C86478,0.828372820890058
SV1_C77410,C77410,0.8792123529656014
SV1_C78675,C78675,0.777766251488083
SV1_C74476,C74476,0.9397307956022842
SV1_C07835,C07835,0.9019950549035358
SV1_C57625,C57625,0.8146277585698471
SV1_C23417,C23417,0.9679311711194143
SV1_C34308,C34308,0.8007785990628994
SV1_C92433,C92433,0.9084134240813218
SV1_C13223,C13223,0.7574900424589622
SV1_C04816,C04816,0.8662054097500032
SV1_C13844,C13844,0.7490880703199352
SV1_C55275,C55275,0.7168747846219619
SV1_C54677,C54677,0.9187595454651132
SV1_C51685,C51685,0.9688330023002798
SV1_C09682,C09682,0.945071198184079
SV1_C87067,C87067,0.938359910796141
SV1_C60693,C60693,0.86638772478615
SV1_C00004,C00004,0.9926610353456696
SV1_C42018,C42018,0.9170577559578348
SV1_C57708,C57708,0.8412072488667848
SV1_C23413,C23413,0.9441144469531758
SV1_C52218,C52218,0.9043429307410056
SV1_C54089,C54089,0.871447781898138
SV1_C52901,C52901,0.8083030787931494
SV1_C91222,C91222,0.9423025048373258
SV1_C24100,C24100,0.8587779123666401
SV1_C100224,C100224,0.9852909432196066
SV1_C78054,C78054,0.8048486292886563
SV1_C98412,C98412,0.9897081779038467
SV1_C09657,C09657,0.7965921652717579
SV1_C67244,C67244,0.8693416792290702
SV1_C75708,C75708,0.9068344598588421
SV1_C24616,C24616,0.9898371746535714
SV1_C56426,C56426,0.8960204755649466
SV1_C99007,C99007,0.8371743560000035
SV1_C40822,C40822,0.9685500823067458
SV1_C61834,C61834,0.7399462095541574
SV1_C34803,C34803,0.7942297298123581
SV1_C11462,C11462,0.8441493074385853
SV1_C28906,C28906,0.8333548627796763
SV1_C89448,C89448,0.7718108774765113
SV1_C03617,C03617,0.9224072021047152
SV1_C75668,C75668,0.9702130665698631
SV1_C87702,C87702,0.969838259333381
SV1_C89432,C89432,0.784503954617761
SV1_C67235,C67235,0.8855356831413523
SV1_C14472,C14472,0.7239295813422221
SV1_C19221,C19221,0.8749927392785575
SV1_C50436,C50436,0.8542551691530118
SV1_C67215,C67215,0.8025748069478645
SV1_C55884,C55884,0.7399177215637445
SV1_C54104,C54104,0.7936650291245457
SV1_C28301,C28301,0.9993467287196642
SV1_C46856,C46856,0.9809850013096969
SV1_C22900,C22900,0.8538260326933265
SV1_C09688,C09688,0.8590248404525397
SV1_C21005,C21005,0.916765065498375
SV1_C55887,C55887,0.7761054000091623
SV1_C75041,C75041,0.7240685736014109
SV1_C86417,C86417,0.9198000580952314
SV1_C73894,C73894,0.9289615103970307
SV1_C43238,C43238,0.7629704033820821
SV1_C13814,C13814,0.9479764018289264
SV1_C03094,C03094,0.8338343955084169
SV1_C50487,C50487,0.7528288721464912
SV1_C31872,C31872,0.9947128169741104
SV1_C52312,C52312,0.7462045857308577
SV1_C63007,C63007,0.8405513091632171
SV1_C12688,C12688,0.9004087048521165
SV1_C55223,C55223,0.7749393524803699
SV1_C17407,C17407,0.8865355851901997
SV1_C76275,C76275,0.8458721285244493
SV1_C75690,C75690,0.8579081108183085
SV1_C57616,C57616,0.94021638499489
SV1_C76877,C76877,0.8764953758866151
SV1_C88208,C88208,0.8878394467088769
SV1_C82821,C82821,0.8586905264261092
SV1_C55893,C55893,0.9070026144432177
SV1_C74428,C74428,0.8458847283616684
SV1_C06016,C06016,0.7927078689918123
SV1_C80405,C80405,0.9326497535810221
SV1_C90071,C90071,0.7629980235551351
SV1_C77501,C77501,0.832315201123107
SV1_C52311,C52311,0.9795675401468831
SV1_C12067,C12067,0.9788838157222399
SV1_C56421,C56421,0.8389481758377335
SV1_C51037,C51037,0.8728638276872799
SV1_C66636,C66636,0.7745045430620622
SV1_C92491,C92491,0.8633387929799752
SV1_C75685,C75685,0.9094079964037994
SV1_C75089,C75089,0.8424521062918343
SV1_C46269,C46269,0.8405140424295825
SV1_C13317,C13317,0.801871652064841
SV1_C49805,C49805,0.8892740231631199
SV1_C95484,C95484,0.916920427944705
SV1_C33707,C33707,0.8166484713255618
SV1_C96113,C96113,0.7974001914398303
SV1_C90118,C90118,0.8435686236958785
SV1_C43312,C43312,0.9411404684948892
SV1_C04814,C04814,0.8938924166237241
SV1_C25246,C25246,0.8877790171116684
SV1_C73825,C73825,0.8251711112319607
SV1_C57623,C57623,0.863537909256325
SV1_C67230,C67230,0.879407119252521
SV1_C44414,C44414,0.9286304266137455
SV1_C06082,C06082,0.7299749110206154
SV1_C10221,C10221,0.9646493435457104
SV1_C59413,C59413,0.975464058922084
SV1_C29495,C29495,0.7895044600548539
SV1_C00646,C00646,0.8288954458807604
SV1_C90077,C90077,0.913154623547255
SV1_C00713,C00713,0.839756031418173
SV1_C87096,C87096,0.9888945476087015
SV1_C16244,C16244,0.9130855371462913
SV1_C62473,C62473,0.9083955102919291
SV1_C81105,C81105,0.7354749866928704
SV1_C04845,C04845,0.9519223561273187
SV1_C24045,C24045,0.8741013932702763
SV1_C13908,C13908,0.7895493992322408
SV1_C90003,C90003,0.8740794366299459
SV1_C48045,C48045,0.9942608305955277
SV1_C80499,C80499,0.9124878969713679
SV1_C58276,C58276,0.8485350458073636
SV1_C48627,C48627,0.815413467464403
SV1_C90062,C90062,0.8945757095795425
SV1_C68502,C68502,0.9965331144616164
SV1_C45628,C45628,0.8013924949056985
SV1_C70914,C70914,0.7431975323777327
SV1_C70820,C70820,0.9948816998983482
SV1_C88868,C88868,0.8150863007819041
SV1_C99097,C99097,0.8965899058846357
SV1_C93681,C93681,0.820659535965433
SV1_C30697,C30697,0.8367747364573962
SV1_C81693,C81693,0.7446721552177433
SV1_C87715,C87715,0.8545930256195154
SV1_C28306,C28306,0.9776771628200677
SV1_C24640,C24640,0.9127734868684236
SV1_C80510,C80510,0.8686297982282946
SV1_C61307,C61307,0.9095467458214569
SV1_C13221,C13221,0.7794230484266398
SV1_C89420,C89420,0.8823345204337857
SV1_C48066,C48066,0.8589904530648591
SV1_C47460,C47460,0.9585111001299234
SV1_C61891,C61891,0.8212293891389889
SV1_C46315,C46315,0.8290051352851459
SV1_C58826,C58826,0.836728740955005
SV1_C76208,C76208,0.8443695304356077
SV1_C54604,C54604,0.8991966283087819
SV1_C88836,C88836,0.7390227144314194
SV1_C66029,C66029,0.8316093271534403
SV1_C84677,C84677,0.9420421137030688
SV1_C79304,C79304,0.7341521846396144
SV1_C31891,C31891,0.9690388491876721
SV1_C81009,C81009,0.936286703623352
SV1_C16213,C16213,0.9236747178628748
SV1_C79890,C79890,0.8055049558122387
SV1_C84019,C84019,0.8899857132220506
SV1_C28294,C28294,0.7883817428870465
SV1_C100229,C100229,0.9889741961817815
SV1_C88908,C88908,0.9866361635249132
SV1_C25277,C25277,0.9021647146151525
SV1_C76848,C76848,0.7881301144398697
SV1_C25919,C25919,0.8740454012033709
SV1_C37206,C37206,0.8918682254345349
SV1_C60692,C60692,0.8850829510613619
SV1_C58285,C58285,0.9370212043357741
SV1_C37803,C37803,0.9401396021632615
SV1_C91243,C91243,0.7239283022100744
SV1_C53446,C53446,0.80796028465283
SV1_C19218,C19218,0.8846412129761019
SV1_C85892,C85892,0.790561302089318
SV1_C88217,C88217,0.9448408345734225
SV1_C34914,C34914,0.7647419330631755
SV1_C51632,C51632,0.9105338362403971
SV1_C73895,C73895,0.862693293799912
SV1_C18604,C18604,0.8780802728900372
SV1_C67912,C67912,0.9082625429534938
SV1_C95515,C95515,0.9800745357987665
SV1_C49240,C49240,0.8626795676724582
SV1_C80475,C80475,0.9713472278987848
SV1_C68507,C68507,0.8959154242770233
SV1_C09027,C09027,0.9369463880050554
SV1_C22884,C22884,0.7914034268845481
SV1_C05493,C05493,0.9535357463209783
SV1_C59414,C59414,0.9963350931340255
SV1_C03085,C03085,0.7551337828343428
SV1_C73275,C73275,0.8173984341651969
SV1_C84109,C84109,0.8341189892152603
SV1_C99004,C99004,0.9798925687063055
SV1_C88802,C88802,0.9145152051184879
SV1_C74519,C74519,0.9931086954344649
SV1_C02516,C02516,0.9266463625177765
SV1_C11496,C11496,0.8151286391018717
SV1_C04306,C04306,0.9057450491701118
SV1_C95406,C95406,0.9507828120645413
SV1_C48117,C48117,0.8306928776111983
SV1_C77504,C77504,0.8284709641978251
SV1_C21678,C21678,0.8315854672125534
SV1_C30096,C30096,0.7966989799159977
SV1_C19202,C19202,0.8768369701732234
SV1_C08439,C08439,0.8897588607352881
SV1_C91271,C91271,0.7332562383762916
SV1_C27710,C27710,0.960673335908845
SV1_C70834,C70834,0.8651508470401137
SV1_C13269,C13269,0.8602830582685947
SV1_C34879,C34879,0.833304267842885
SV1_C09082,C09082,0.9476410433227859
SV1_C97208,C97208,0.9981407814933917
SV1_C28277,C28277,0.8004909302769234
SV1_C67277,C67277,0.8940666006088329
SV1_C52838,C52838,0.8899980031529596
SV1_C04826,C04826,0.9198927885048865
SV1_C52837,C52837,0.9200376873695529
SV1_C89401,C89401,0.9054284085117612
SV1_C09695,C09695,0.8944123226600746
SV1_C55215,C55215,0.839659715196118
SV1_C20472,C20472,0.9474696255625618
SV1_C89507,C89507,0.8367991571777837
SV1_C28209,C28209,0.7786337041587328
SV1_C87659,C87659,0.9989703545905039
SV1_C43811,C43811,0.9968764695242782
SV1_C67285,C67285,0.9146359722196872
SV1_C46887,C46887,0.8774530218676686
SV1_C91223,C91223,0.9031064804314967
SV1_C68438,C68438,0.8743729386079526
SV1_C17486,C17486,0.8857506701048787
SV1_C10827,C10827,0.9796788571330356
SV1_C01822,C01822,0.739037762941126
SV1_C86465,C86465,0.7447607535996902
SV1_C91894,C91894,0.8895539460280152
SV1_C35482,C35482,0.8683710363854066
SV1_C49863,C49863,0.9382804311756915
SV1_C01220,C01220,0.7612098927159513
SV1_C79873,C79873,0.9987001837717656
SV1_C23415,C23415,0.9994731367662056
SV1_C27621,C27621,0.8715318064649559
SV1_C22279,C22279,0.7687964774060271
SV1_C90053,C90053,0.8071729934366988
SV1_C72091,C72091,0.8975604496549541
SV1_C66613,C66613,0.9625504912713467
SV1_C91200,C91200,0.8997895575353824
SV1_C43244,C43244,0.9318206807075902
SV1_C77436,C77436,0.9610316230507503
SV1_C22219,C22219,0.9756475555554815
SV1_C60689,C60689,0.9686399362398209
SV1_C46285,C46285,0.9053816707410269
SV1_C74444,C74444,0.7894610225611799
SV1_C93605,C93605,0.9690724840674576
SV1_C09621,C09621,0.9692071330366562
SV1_C99011,C99011,0.8366777293536798
SV1_C81007,C81007,0.8312886776810061
SV1_C16203,C16203,0.8898006531634527
SV1_C52845,C52845,0.7829298039298312
SV1_C46842,C46842,0.839260306935188
SV1_C87109,C87109,0.9848899408021823
SV1_C22826,C22826,0.8835958645125458
SV1_C33674,C33674,0.8384566341555884
SV1_C58291,C58291,0.8226796360087482
SV1_C04827,C04827,0.883324338811924
SV1_C55300,C55300,0.7732520742877836
SV1_C88825,C88825,0.7719621685273977
SV1_C42008,C42008,0.8444654715891725
SV1_C81092,C81092,0.7097803237358504
SV1_C52310,C52310,0.9089640629565983
SV1_C03042,C03042,0.8710105681428021
SV1_C54027,C54027,0.9947433359546355
SV1_C86460,C86460,0.7326960280776188
SV1_C49201,C49201,0.8665253882216561
SV1_C48118,C48118,0.9123400694418001
SV1_C06704,C06704,0.7677990428906403
SV1_C09672,C09672,0.9833245436860794
SV1_C09686,C09686,0.9234664287566139
SV1_C18601,C18601,0.8777964430755225
SV1_C01225,C01225,0.959554953496047
SV1_C49815,C49815,0.7825481103268878
SV1_C69017,C69017,0.8939080655203193
SV1_C58202,C58202,0.9870451893925083
SV1_C90048,C90048,0.8044090660102201
SV1_C04807,C04807,0.8632511264123482
SV1_C69001,C69001,0.9969113991589624
SV1_C07892,C07892,0.77203431424663
SV1_C45691,C45691,0.805447907546411
SV1_C12654,C12654,0.7737281505910077
SV1_C75618,C75618,0.9229564054779074
SV1_C28286,C28286,0.8531043304827727
SV1_C72700,C72700,0.9160563857846707
SV1_C61234,C61234,0.7760811065175588
SV1_C70204,C70204,0.9218592664579003
SV1_C65509,C65509,0.9245459672084902
SV1_C44412,C44412,0.7740470799462319
SV1_C12054,C12054,0.7449168845628039
SV1_C16275,C16275,0.921884831927283
SV1_C97213,C97213,0.9870861490708277
SV1_C70823,C70823,0.8499906033892085
SV1_C96683,C96683,0.893030922658041
SV1_C08478,C08478,0.9493698090653689
SV1_C75710,C75710,0.8839971168485249
SV1_C50490,C50490,0.8683695200705728
SV1_C63104,C63104,0.8735853907303461
SV1_C69710,C69710,0.9367474047567279
SV1_C28899,C28899,0.7831810959289357
SV1_C58800,C58800,0.9431637295774917
SV1_C92417,C92417,0.9368347532244073
SV1_C72114,C72114,0.8706629140677232
SV1_C47463,C47463,0.7853448320155567
SV1_C82294,C82294,0.8167511070760153
SV1_C46217,C46217,0.7806907307214227
SV1_C59502,C59502,0.9720487426039015
SV1_C72102,C72102,0.8802143040086994
SV1_C73857,C73857,0.7698302628109551
SV1_C34911,C34911,0.7397764826943185
SV1_C99615,C99615,0.8085912059096284
SV1_C13889,C13889,0.8929808422908875
SV1_C88892,C88892,0.9474863987295585
SV1_C46859,C46859,0.7864096522129238
SV1_C93628,C93628,0.7213780174991866
SV1_C15094,C15094,0.8018779113936328
SV1_C43278,C43278,0.9000445958992094
SV1_C75060,C75060,0.7476267963922267
SV1_C52902,C52902,0.860495827327948
SV1_C73231,C73231,0.8794787591702046
SV1_C30621,C30621,0.829158659985967
SV1_C81615,C81615,0.8707289349917925
SV1_C99042,C99042,0.9059327473424843
SV1_C82290,C82290,0.8785995170594898
SV1_C00697,C00697,0.8082098784232172
SV1_C06613,C06613,0.8506837328726631
SV1_C78066,C78066,0.8802142734067344
SV1_C01275,C01275,0.7748916004506864
SV1_C100290,C100290,0.8240711312920589
SV1_C45680,C45680,0.8818379769225351
SV1_C09698,C09698,0.91788557518655
SV1_C76226,C76226,0.890495329279343
SV1_C88287,C88287,0.7903866699425776
SV1_C30107,C30107,0.7911887714385348
SV1_C43834,C43834,0.7743841664997119
SV1_C59436,C59436,0.8344808770009585
SV1_C51647,C51647,0.7582669669355431
SV1_C19885,C19885,0.8879294246848075
SV1_C23416,C23416,0.9773561740813083
SV1_C86479,C86479,0.8188820180476436
SV1_C96636,C96636,0.7875102173353626
SV1_C10852,C10852,0.7749000643449588
SV1_C66698,C66698,0.9967701444261298
SV1_C69682,C69682,0.9364675271403672
SV1_C97246,C97246,0.9382343819607479
SV1_C47407,C47407,0.9851779885815318
SV1_C70896,C70896,0.7945375254961272
SV1_C46897,C46897,0.9896087587191474
SV1_C99695,C99695,0.7634577500621409
SV1_C46883,C46883,0.8969317318179438
SV1_C31297,C31297,0.8428057894636223
SV1_C84112,C84112,0.8097320855663057
SV1_C88304,C88304,0.9934855927830188
SV1_C29417,C29417,0.9038542803491223
SV1_C48047,C48047,0.7793920601541917
SV1_C80421,C80421,0.87109021124729
SV1_C55276,C55276,0.8726494364665781
SV1_C67836,C67836,0.7487737130837719
SV1_C76866,C76866,0.8248808212367841
SV1_C87601,C87601,0.8869999125240363
SV1_C68426,C68426,0.8292205716751591
SV1_C46222,C46222,0.8758208443582906
SV1_C16247,C16247,0.8999353537706803
SV1_C74474,C74474,0.9068179273458009
SV1_C59424,C59424,0.8479861679974171
SV1_C76808,C76808,0.8681989712095244
SV1_C04218,C04218,0.8824983734569896
SV1_C52823,C52823,0.8098525741869165
SV1_C66701,C66701,0.9589048159328571
SV1_C76812,C76812,0.869607924682545
SV1_C35410,C35410,0.866501784307207
SV1_C88241,C88241,0.7462743825961541
SV1_C58874,C58874,0.9238777847503801
SV1_C73892,C73892,0.8755057458429071
SV1_C21007,C21007,0.8157369517288526
SV1_C13227,C13227,0.9310712702840844
SV1_C62435,C62435,0.8831720894161504
SV1_C48684,C48684,0.8863880799611233
SV1_C76897,C76897,0.8908104351766892
SV1_C54028,C54028,0.9711361945907766
SV1_C96675,C96675,0.883083364655972
SV1_C01842,C01842,0.8695820142414882
SV1_C49300,C49300,0.8233132140706136
SV1_C25213,C25213,0.964899421962458
SV1_C16223,C16223,0.9019096860802044
SV1_C04292,C04292,0.866773552515584
SV1_C14488,C14488,0.8481874975237553
SV1_C87656,C87656,0.7457788120771522
SV1_C91855,C91855,0.8683825597330358
SV1_C05503,C05503,0.8009722375301944
SV1_C11504,C11504,0.8160576748481728
SV1_C03607,C03607,0.7975839386600366
SV1_C73909,C73909,0.9153030208609074
SV1_C15035,C15035,0.8480063733793071
SV1_C95510,C95510,0.9291893926158618
SV1_C31917,C31917,0.9911104461534973
SV1_C13835,C13835,0.8586818563969595
SV1_C02489,C02489,0.803155876218684
SV1_C09658,C09658,0.7981512421222835
SV1_C14475,C14475,0.9260200517847719
SV1_C05487,C05487,0.7109170017199787
SV1_C01821,C01821,0.7600152371045035
SV1_C21015,C21015,0.8179320020805013
SV1_C100208,C100208,0.9090289278663616
SV1_C48683,C48683,0.911995218318223
SV1_C46823,C46823,0.8299555815494757
SV1_C75107,C75107,0.9715873924653138
SV1_C10816,C10816,0.8471220940192704
SV1_C71440,C71440,0.8028263100473065
SV1_C54077,C54077,0.9482840740260627
SV1_C93085,C93085,0.9138868028466117
SV1_C20405,C20405,0.9100907165205498
SV1_C57026,C57026,0.8363467522432911
SV1_C40821,C40821,0.9813044838085742
SV1_C65408,C65408,0.9639734693859072
SV1_C29407,C29407,0.8879257309443475
SV1_C28299,C28299,0.8517407678585001
SV1_C90069,C90069,0.8060265986496179
SV1_C13201,C13201,0.9845162992375631
SV1_C91293,C91293,0.9247052984941944
SV1_C64276,C64276,0.8292293614578334
SV1_C06116,C06116,0.9603829438094647
SV1_C78082,C78082,0.8831263959835142
SV1_C45641,C45641,0.8805222601403323
SV1_C91281,C91281,0.9552760189962822
SV1_C61810,C61810,0.9592611717643753
SV1_C56475,C56475,0.7790321572236759
SV1_C57677,C57677,0.8254123378979477
SV1_C78706,C78706,0.7855891903839217
SV1_C21037,C21037,0.7376719737074279
SV1_C25316,C25316,0.8660034076964077
SV1_C79887,C79887,0.9990974193278102
SV1_C58810,C58810,0.99252566474743
SV1_C03713,C03713,0.833330267313729
SV1_C52892,C52892,0.9309984799886035
SV1_C11444,C11444,0.844184112315317
SV1_C39010,C39010,0.9156321629347877
SV1_C13264,C13264,0.7806236536365327
SV1_C07296,C07296,0.8384858275448706
SV1_C26491,C26491,0.8684643258855976
SV1_C92455,C92455,0.7824359364188428
SV1_C09603,C09603,0.879878430637164
SV1_C14436,C14436,0.8582306273372605
SV1_C25805,C25805,0.9111158720170663
SV1_C76818,C76818,0.9323916841852784
SV1_C54614,C54614,0.8866875404846521
SV1_C87664,C87664,0.7716654434897304
SV1_C02427,C02427,0.9705868561639226
SV1_C25801,C25801,0.9021785572362069
SV1_C63691,C63691,0.9898095983313319
SV1_C68420,C68420,0.8872116612573159
SV1_C71513,C71513,0.7893942450950743
SV1_C69027,C69027,0.9057011569212293
SV1_C95421,C95421,0.907161408532572
SV1_C21694,C21694,0.878566371139026
SV1_C64219,C64219,0.8788027349753723
SV1_C74495,C74495,0.8688471246034721
SV1_C76255,C76255,0.8856506339333831
SV1_C99016,C99016,0.9435531764516514
SV1_C81604,C81604,0.9470060228284044
SV1_C86466,C86466,0.8580827190776846
SV1_C100317,C100317,0.9142573592218834
SV1_C81702,C81702,0.8498728969265545
SV1_C51680,C51680,0.9957818726350127
SV1_C53506,C53506,0.8700271713149642
SV1_C75073,C75073,0.9452601590905793
SV1_C49872,C49872,0.8295028724430897
SV1_C73266,C73266,0.8079385790962729
SV1_C97319,C97319,0.8347331457926139
SV1_C26402,C26402,0.8653054394269403
SV1_C84612,C84612,0.9152251097636495
SV1_C16828,C16828,0.8394607644715455
SV1_C82213,C82213,0.933549015275452
SV1_C89454,C89454,0.9205962986873486
SV1_C66673,C66673,0.882369443427079
SV1_C27702,C27702,0.9647360080995762
SV1_C69692,C69692,0.7687886764611954
SV1_C99096,C99096,0.8717753102746916
SV1_C04200,C04200,0.9503373415298707
SV1_C22902,C22902,0.9071725658389314
SV1_C45645,C45645,0.9597684184753765
SV1_C28245,C28245,0.9266036540051332
SV1_C73309,C73309,0.9123952843170955
SV1_C98483,C98483,0.8233246520181519
SV1_C74452,C74452,0.7619263567438735
SV1_C52813,C52813,0.8874024204628235
SV1_C43822,C43822,0.8895354389378006
SV1_C19213,C19213,0.8667643543964352
SV1_C06627,C06627,0.9184842119185944
SV1_C64284,C64284,0.880729935243702
SV1_C46919,C46919,0.9127039305918013
SV1_C08448,C08448,0.791312477751797
SV1_C72654,C72654,0.8667954652040692
SV1_C61246,C61246,0.9070817384882126
SV1_C67809,C67809,0.9940622630650299
SV1_C36610,C36610,0.8818441656154121
SV1_C57034,C57034,0.8321859029576512
SV1_C71410,C71410,0.907809186817984
SV1_C09042,C09042,0.8324100521099961
SV1_C03681,C03681,0.7928514243532508
SV1_C91280,C91280,0.9215312393399163
SV1_C51609,C51609,0.8870077686972652
SV1_C94913,C94913,0.7971508070543091
SV1_C46259,C46259,0.7933963571926694
SV1_C88244,C88244,0.7454177674547849
SV1_C13224,C13224,0.9374551328604424
SV1_C72040,C72040,0.7593642912576294
SV1_C73269,C73269,0.9449218727661908
SV1_C04225,C04225,0.9375913915304943
SV1_C16836,C16836,0.8336333804406363
SV1_C64912,C64912,0.8812249865099862
SV1_C49856,C49856,0.9451958680603897
SV1_C43845,C43845,0.9317406947604869
SV1_C44442,C44442,0.794487987768271
SV1_C28310,C28310,0.9724357166411006
SV1_C60000,C60000,0.9366606892157218
SV1_C21021,C21021,0.9431953731543729
SV1_C35517,C35517,0.905103819970687
SV1_C34298,C34298,0.8514865741045893
SV1_C30609,C30609,0.9098381190273571
SV1_C68511,C68511,0.8758735259616285
SV1_C31218,C31218,0.9170806835254068
SV1_C87039,C87039,0.8367021871402706
SV1_C67819,C67819,0.8091371483712486
SV1_C98426,C98426,0.90104305685717
SV1_C66114,C66114,0.8831619791514024
SV1_C06614,C06614,0.9347184102940516
SV1_C73834,C73834,0.758206957391241
SV1_C12042,C12042,0.7405295845312083
SV1_C60041,C60041,0.7456148641126911
SV1_C76810,C76810,0.8881208151433563
SV1_C98511,C98511,0.938550038964971
SV1_C25319,C25319,0.8754932235976763
SV1_C12111,C12111,0.9577647158990077
SV1_C31292,C31292,0.8096052447978695
SV1_C62407,C62407,0.8888044261035558
SV1_C87006,C87006,0.8980199878558787
SV1_C45108,C45108,0.9865554837096694
SV1_C04874,C04874,0.8385934183298984
SV1_C34306,C34306,0.8462497604594749
SV1_C00043,C00043,0.9722043586212679
SV1_C61825,C61825,0.8189688923689615
SV1_C59429,C59429,0.8323808377632259
SV1_C98513,C98513,0.9197689729379542
SV1_C55232,C55232,0.9888985756748164
SV1_C43313,C43313,0.9458903706166468
SV1_C96672,C96672,0.8949254718789339
SV1_C78009,C78009,0.9625819481714983
SV1_C11410,C11410,0.8898303270830661
SV1_C99113,C99113,0.9611793820986939
SV1_C00689,C00689,0.8017135536535663
SV1_C64204,C64204,0.9331073323394254
SV1_C43287,C43287,0.8060522354853696
SV1_C55239,C55239,0.9574646236047325
SV1_C97877,C97877,0.8925048131799839
SV1_C25315,C25315,0.9214371068491098
SV1_C53414,C53414,0.9071686687035926
SV1_C37810,C37810,0.8997677829663292
SV1_C66090,C66090,0.9048529878324384
SV1_C10854,C10854,0.7777696060558066
SV1_C30015,C30015,0.8948786987956795
SV1_C12017,C12017,0.8432438988503617
SV1_C87691,C87691,0.8520901584922514
SV1_C47445,C47445,0.989039978147441
SV1_C64239,C64239,0.8610030024032783
SV1_C07897,C07897,0.8434704422845917
SV1_C47473,C47473,0.9606531331592155
SV1_C94841,C94841,0.7439413706071417
SV1_C45036,C45036,0.7921517821167565
SV1_C27682,C27682,0.9092781826607934
SV1_C92447,C92447,0.9113400386959457
SV1_C94302,C94302,0.9225573304774498
SV1_C76247,C76247,0.929732104029258
SV1_C48087,C48087,0.8994399865376721
SV1_C73229,C73229,0.7991722097879828
SV1_C74480,C74480,0.9376224653526568
SV1_C72097,C72097,0.9144839087366052
SV1_C48714,C48714,0.8893633153005975
SV1_C77491,C77491,0.9175506722568196
SV1_C97893,C97893,0.8993085337590451
SV1_C94813,C94813,0.9708636800153484
SV1_C78060,C78060,0.8937296319046996
SV1_C70898,C70898,0.7812939918287015
SV1_C97224,C97224,0.8471432022805773
SV1_C66083,C66083,0.8236856735446696
SV1_C29400,C29400,0.8879081019586755
SV1_C72681,C72681,0.9523684260367599
SV1_C16884,C16884,0.8419923050700394
SV1_C97809,C97809,0.995866282456522
SV1_C60040,C60040,0.7628378564394596
SV1_C92483,C92483,0.9251079289803076
SV1_C92429,C92429,0.9128069859350172
SV1_C85306,C85306,0.8669279700513658
SV1_C26498,C26498,0.8884493972844459
SV1_C70897,C70897,0.8024772740336686
SV1_C71429,C71429,0.8807176777169711
SV1_C94890,C94890,0.8367665197158766
SV1_C36006,C36006,0.8732180601260346
SV1_C15019,C15019,0.9000449903272456
SV1_C22873,C22873,0.8264207086973424
SV1_C88210,C88210,0.9237059659935212
SV1_C49289,C49289,0.8215487530005802
SV1_C06687,C06687,0.7481400280103628
SV1_C99017,C99017,0.9404815478934746
SV1_C19821,C19821,0.9134472828953806
SV1_C52247,C52247,0.7578164194583561
SV1_C57073,C57073,0.8064963551938098
SV1_C57074,C57074,0.7688891643664368
SV1_C15636,C15636,0.8458655256302466
SV1_C45107,C45107,0.8616549113154967
SV1_C88204,C88204,0.878726962399323
SV1_C23403,C23403,0.9840988474061136
SV1_C47447,C47447,0.8132919547937849
SV1_C85285,C85285,0.9664470536384511
SV1_C28913,C28913,0.9228850097529597
SV1_C76251,C76251,0.8851064695951388
SV1_C24087,C24087,0.824654196058918
SV1_C46882,C46882,0.9788103204495086
SV1_C78643,C78643,0.9208309718048266
SV1_C87062,C87062,0.9156235145280884
SV1_C47501,C47501,0.9800885536410341
SV1_C10244,C10244,0.8223487948347817
SV1_C50489,C50489,0.8868108092473679
SV1_C33077,C33077,0.9806107607892212
SV1_C96641,C96641,0.7917265057475236
SV1_C19237,C19237,0.7917984616436173
SV1_C09714,C09714,0.8432488872930747
SV1_C60115,C60115,0.87594177193761
SV1_C62418,C62418,0.9279624886694736
SV1_C15047,C15047,0.8949612083363271
SV1_C38416,C38416,0.9535944837938441
SV1_C27012,C27012,0.935738038065219
SV1_C16208,C16208,0.8904440823937697
SV1_C66622,C66622,0.7909366315824702
SV1_C04843,C04843,0.8825963067728367
SV1_C06018,C06018,0.9424819872330747
SV1_C97218,C97218,0.9246419046621913
SV1_C70230,C70230,0.8594608154499699
SV1_C16240,C16240,0.7852185511049625
SV1_C15679,C15679,0.9306434050370089
SV1_C87676,C87676,0.8164810434234626
SV1_C11476,C11476,0.9346070274055495
SV1_C48717,C48717,0.859087247746288
SV1_C90028,C90028,0.8204428845271143
SV1_C45005,C45005,0.8516790517954085
SV1_C02474,C02474,0.8220353675049579
SV1_C06008,C06008,0.7616058934851524
SV1_C63695,C63695,0.908029268759487
SV1_C46252,C46252,0.9888753682271478
SV1_C48603,C48603,0.9212130270825778
SV1_C79221,C79221,0.8719223948934023
SV1_C74505,C74505,0.9267424760717886
SV1_C87709,C87709,0.988342488526321
SV1_C01913,C01913,0.8434560567492329
SV1_C95408,C95408,0.9876473547149065
SV1_C37219,C37219,0.8973509502722629
SV1_C26419,C26419,0.9486519071474798
SV1_C21679,C21679,0.7532279177706928
SV1_C46312,C46312,0.9420779570388255
SV1_C65505,C65505,0.9489396824099231
SV1_C83516,C83516,0.8307017425101688
SV1_C01903,C01903,0.7962570939332313
SV1_C28231,C28231,0.8720400289110218
SV1_C73290,C73290,0.8752943884545527
SV1_C49893,C49893,0.8753922252274883
SV1_C73218,C73218,0.8985173722784747
SV1_C58235,C58235,0.8348694616555054
SV1_C79314,C79314,0.8333151518029501
SV1_C73818,C73818,0.8960195587006755
SV1_C92471,C92471,0.7746096590032602
SV1_C37212,C37212,0.8972646658512365
SV1_C16212,C16212,0.8964907119666863
SV1_C24098,C24098,0.9061560349122516
SV1_C70287,C70287,0.754161650228719
SV1_C88266,C88266,0.8550942225339319
SV1_C73207,C73207,0.8634674391828141
SV1_C12015,C12015,0.8284132134922331
SV1_C21095,C21095,0.8717812676882624
SV1_C19228,C19228,0.8410839340945009
SV1_C88810,C88810,0.9305692155231362
SV1_C55814,C55814,0.948026731070829
SV1_C97823,C97823,0.9870598645860068
SV1_C67247,C67247,0.8716346834910822
SV1_C12116,C12116,0.7378886960436699
SV1_C66040,C66040,0.743641888162895
SV1_C30000,C30000,0.8854533506382034
SV1_C57038,C57038,0.8139687310159834
SV1_C45100,C45100,0.9940349529485647
SV1_C78065,C78065,0.9168765744401955
SV1_C45662,C45662,0.9602334655995552
SV1_C89411,C89411,0.8798949411490117
SV1_C11406,C11406,0.8897484080385387
SV1_C30717,C30717,0.9943897801556756
SV1_C43871,C43871,0.7739989512909461
SV1_C76271,C76271,0.880116700150528
SV1_C70881,C70881,0.7438758206416437
SV1_C69109,C69109,0.917540026477879
SV1_C50425,C50425,0.8852585983740634
SV1_C63618,C63618,0.9127367039451205
SV1_C04905,C04905,0.8508187124502569
SV1_C94280,C94280,0.9055128426898169
SV1_C76285,C76285,0.8863059298411127
SV1_C30099,C30099,0.7978043517310527
SV1_C92458,C92458,0.9158560900137485
SV1_C56430,C56430,0.8956250852369049
SV1_C55218,C55218,0.8729919943781674
SV1_C11412,C11412,0.9394722719289442
SV1_C72682,C72682,0.9088180846374287
SV1_C04811,C04811,0.8736524039428456
SV1_C06002,C06002,0.8901357179849744
SV1_C10907,C10907,0.997025723079367
SV1_C08451,C08451,0.8835615250068568
SV1_C39616,C39616,0.9496039012158739
SV1_C88284,C88284,0.8058455130165312
SV1_C55213,C55213,0.924065935325848
SV1_C64813,C64813,0.9377381649084421
SV1_C07848,C07848,0.7907683896478269
SV1_C79283,C79283,0.9850187729290224
SV1_C16243,C16243,0.8111130013029173
SV1_C69643,C69643,0.8275269070394276
SV1_C92435,C92435,0.7631234780853664
SV1_C57100,C57100,0.9898992273174522
SV1_C55805,C55805,0.972451100284047
SV1_C97905,C97905,0.838593712133688
SV1_C97300,C97300,0.815780505076994
SV1_C65421,C65421,0.785314601628681
SV1_C13292,C13292,0.9938355226411394
SV1_C78613,C78613,0.971642307577004
SV1_C80518,C80518,0.7831488706610102
SV1_C56498,C56498,0.9217959342612893
SV1_C21714,C21714,0.968991659190752
SV1_C61290,C61290,0.8449971876838885
SV1_C58908,C58908,0.8602188266664329
SV1_C69031,C69031,0.9056670664630497
SV1_C85276,C85276,0.9760386544085669
SV1_C97290,C97290,0.8946243522791472
SV1_C73871,C73871,0.8746354241333452
SV1_C91849,C91849,0.9125946798479913
SV1_C61304,C61304,0.9135419048254029
SV1_C27618,C27618,0.8506026606377293
SV1_C34301,C34301,0.8171121835018756
SV1_C91299,C91299,0.8144065173949788
SV1_C09693,C09693,0.801374273826621
SV1_C93035,C93035,0.7598388859470038
SV1_C85809,C85809,0.9050215032459937
SV1_C68482,C68482,0.9789366597403899
SV1_C72602,C72602,0.9146450436048229
SV1_C15076,C15076,0.9122425204855092
SV1_C75713,C75713,0.8602102668075223
SV1_C84615,C84615,0.7886622197980815
SV1_C03029,C03029,0.9658948194537863
SV1_C85201,C85201,0.8955327600691257
SV1_C67913,C67913,0.8999050142303845
SV1_C49852,C49852,0.941684392645707
SV1_C31896,C31896,0.8128363380051001
SV1_C86512,C86512,0.9356688644069053
SV1_C82278,C82278,0.9151612826570736
SV1_C01900,C01900,0.7831009641418347
SV1_C72612,C72612,0.9618554352053453
SV1_C55883,C55883,0.7418806706483555
SV1_C34908,C34908,0.8405149261916786
SV1_C97308,C97308,0.8101962894651482
SV1_C21614,C21614,0.9184864822540142
SV1_C45034,C45034,0.7750348467231349
SV1_C56441,C56441,0.8422216004877662
SV1_C27074,C27074,0.9474525495135583
SV1_C94223,C94223,0.9997495893584958
SV1_C23429,C23429,0.9828498221848396
SV1_C30677,C30677,0.9625504401119482
SV1_C04842,C04842,0.8792097484363226
SV1_C78683,C78683,0.7732230325457141
SV1_C93630,C93630,0.8620155354699626
SV1_C48651,C48651,0.856160974744389
SV1_C66009,C66009,0.9778181838875438
SV1_C60616,C60616,0.9276910845610407
SV1_C95475,C95475,0.8930380867182105
SV1_C11473,C11473,0.9468497459968885
SV1_C90027,C90027,0.8292376468178217
SV1_C50481,C50481,0.9890962604289357
SV1_C03033,C03033,0.9756031733474857
SV1_C96643,C96643,0.8976478143612618
SV1_C20416,C20416,0.8742801528925156
SV1_C10916,C10916,0.7752078123367548
SV1_C83505,C83505,0.7583672404859614
SV1_C12615,C12615,0.7773723672323223
SV1_C01236,C01236,0.9968168315252769
SV1_C14410,C14410,0.943896288267105
SV1_C34285,C34285,0.9263792329849124
SV1_C15675,C15675,0.9250681328922906
SV1_C73816,C73816,0.9074277402875143
SV1_C39016,C39016,0.9528899388122903
SV1_C54672,C54672,0.9272097197187334
SV1_C19811,C19811,0.8003306799387495
SV1_C54708,C54708,0.8448284579116466
SV1_C52889,C52889,0.8735955734293279
SV1_C27608,C27608,0.849536453820401
SV1_C37207,C37207,0.9318152908561911
SV1_C63600,C63600,0.9275444992471658
SV1_C59447,C59447,0.8390336630884616
SV1_C31875,C31875,0.9747911781478463
SV1_C56510,C56510,0.9389335525071193
SV1_C37801,C37801,0.8385465218463771
SV1_C04201,C04201,0.9577198583736356
SV1_C10218,C10218,0.9187099232124745
SV1_C09632,C09632,0.8046043274265802
SV1_C04844,C04844,0.9164924801882592
SV1_C79208,C79208,0.9265898720884386
SV1_C50484,C50484,0.9792479203145361
SV1_C73226,C73226,0.7494378413458762
SV1_C97227,C97227,0.9974462664241545
SV1_C78649,C78649,0.8271782777669703
SV1_C07882,C07882,0.9468114738999915
SV1_C04884,C04884,0.7291894810612956
SV1_C60643,C60643,0.7727656630273964
SV1_C97294,C97294,0.8234130900919476
SV1_C72617,C72617,0.9057454067797667
SV1_C74507,C74507,0.9705906351601485
SV1_C09676,C09676,0.9833149477720364
SV1_C73869,C73869,0.9508505540652353
SV1_C67234,C67234,0.8935607429893426
SV1_C78033,C78033,0.978550595979312
SV1_C86500,C86500,0.9859347944404988
SV1_C32406,C32406,0.9066263794002225
SV1_C07225,C07225,0.7686672508821899
SV1_C69080,C69080,0.8244180543316542
SV1_C85906,C85906,0.8505592735332774
SV1_C96040,C96040,0.7479777313045883
SV1_C04273,C04273,0.8011833849859427
SV1_C93060,C93060,0.9671694835170561
SV1_C87035,C87035,0.8486552845317652
SV1_C19883,C19883,0.8034931143463822
SV1_C93112,C93112,0.7828601481942494
SV1_C66026,C66026,0.8884342964895099
SV1_C23440,C23440,0.909159023587788
SV1_C95434,C95434,0.8843035381497165
SV1_C52803,C52803,0.8673317708955339
SV1_C17491,C17491,0.8934733965745468
SV1_C52883,C52883,0.7304708407283609
SV1_C73317,C73317,0.833856791100647
SV1_C35421,C35421,0.9875454197429864
SV1_C79292,C79292,0.7063973298922205
SV1_C64897,C64897,0.9488696405835427
SV1_C47431,C47431,0.8132611786310924
SV1_C52237,C52237,0.9054429839201243
SV1_C75717,C75717,0.8040151611475937
SV1_C47510,C47510,0.9528358529582056
SV1_C24676,C24676,0.8253698650291329
SV1_C26415,C26415,0.9654229665863905
SV1_C72608,C72608,0.9730492841698366
SV1_C98424,C98424,0.9281375865262822
SV1_C19212,C19212,0.8590524272099986
SV1_C48033,C48033,0.7538219760268557
SV1_C73246,C73246,0.8830982564346785
SV1_C20408,C20408,0.9056213871539521
SV1_C85216,C85216,0.8523038733067083
SV1_C46292,C46292,0.7428021536245046
SV1_C63690,C63690,0.9231821634231858
SV1_C50414,C50414,0.9171682801553731
SV1_C71515,C71515,0.7134536267814342
SV1_C79284,C79284,0.9331056846313759
SV1_C85814,C85814,0.8856558721500764
SV1_C04830,C04830,0.9200742283333612
SV1_C99025,C99025,0.982766596580919
SV1_C79211,C79211,0.8396747990503874
SV1_C90055,C90055,0.9820998888425967
SV1_C83473,C83473,0.9247713243203737
SV1_C09609,C09609,0.9848852323765716
SV1_C92513,C92513,0.8194872670559473
SV1_C94230,C94230,0.8716510450364348
SV1_C99700,C99700,0.8942268556505716
SV1_C31203,C31203,0.8783030399591986
SV1_C70231,C70231,0.9532735185655502
SV1_C02443,C02443,0.9668004855973312
SV1_C49801,C49801,0.8890149417331127
SV1_C96047,C96047,0.8250894175497415
SV1_C91227,C91227,0.7868045608740591
SV1_C73804,C73804,0.969334484914603
SV1_C59410,C59410,0.9903018834866845
SV1_C28882,C28882,0.848295560631078
SV1_C14412,C14412,0.9011955737995937
SV1_C19238,C19238,0.8220017115438428
SV1_C44515,C44515,0.8321794429750229
SV1_C12624,C12624,0.9525601427093824
SV1_C27680,C27680,0.8214030684608754
SV1_C51674,C51674,0.9002974946736024
SV1_C91818,C91818,0.9887846629640692
SV1_C88831,C88831,0.8438592289028535
SV1_C78013,C78013,0.9582156312152574
SV1_C61202,C61202,0.9655968139765424
SV1_C68481,C68481,0.9092629283321968
SV1_C12090,C12090,0.8668662992754517
SV1_C16232,C16232,0.8379724977919117
SV1_C70840,C70840,0.8143383805002217
SV1_C03604,C03604,0.9687584864499165
SV1_C18040,C18040,0.7939014463523202
SV1_C51085,C51085,0.9704277570481955
SV1_C04276,C04276,0.7521657345684631
SV1_C01801,C01801,0.9953209152518471
SV1_C95426,C95426,0.889453530377539
SV1_C97837,C97837,0.8734373818199839
SV1_C69089,C69089,0.8537636334011088
SV1_C78110,C78110,0.8042649546982793
SV1_C17439,C17439,0.8337708188302062
SV1_C51017,C51017,0.8842904914739205
SV1_C97225,C97225,0.8478883160164943
SV1_C86428,C86428,0.7940235738939412
SV1_C90613,C90613,0.9598792044703645
SV1_C08499,C08499,0.9950983175424366
SV1_C76313,C76313,0.8524085215430067
SV1_C61225,C61225,0.8303195822023326
SV1_C49204,C49204,0.8753705732339899
SV1_C64822,C64822,0.7331129270597385
SV1_C22280,C22280,0.7703016137948512
SV1_C00108,C00108,0.7235880009005322
SV1_C91916,C91916,0.7245871458399699
SV1_C03695,C03695,0.8010681219255301
SV1_C66645,C66645,0.9123407570738369
SV1_C32513,C32513,0.9120755882490268
SV1_C06709,C06709,0.8633591345033224
SV1_C05416,C05416,0.7967227129585875
SV1_C70878,C70878,0.7092160161809875
SV1_C37819,C37819,0.9061087541447682
SV1_C55290,C55290,0.8792023808798725
SV1_C15092,C15092,0.779174570812752
SV1_C24634,C24634,0.8954975458733696
SV1_C68414,C68414,0.9408147545524115
SV1_C49224,C49224,0.7933104790102966
SV1_C61918,C61918,0.8534775742946235
SV1_C92410,C92410,0.9144935326274478
SV1_C88866,C88866,0.8520203102876702
SV1_C09031,C09031,0.9355173300007806
SV1_C75688,C75688,0.8086882912921705
SV1_C71416,C71416,0.9103948297133232
SV1_C09098,C09098,0.9166558694640262
SV1_C39618,C39618,0.93632082309525
SV1_C05481,C05481,0.7801317113056144
SV1_C24095,C24095,0.7214423633624046
SV1_C58314,C58314,0.8451112231618471
SV1_C49251,C49251,0.9022838598201958
SV1_C81021,C81021,0.8698114702817481
SV1_C50498,C50498,0.8602426186289961
SV1_C99608,C99608,0.9490615483670624
SV1_C93631,C93631,0.9518575574186469
SV1_C85823,C85823,0.8807838278798087
SV1_C82893,C82893,0.7647965505281893
SV1_C58219,C58219,0.9423258267798339
SV1_C33619,C33619,0.8536959013553209
SV1_C52818,C52818,0.9018154005739888
SV1_C13886,C13886,0.7385297984951683
SV1_C51090,C51090,0.8780539255437741
SV1_C00627,C00627,0.9797775220114628
SV1_C73865,C73865,0.8359425257226931
SV1_C59415,C59415,0.9488103588933835
SV1_C97293,C97293,0.888022980799397
SV1_C46212,C46212,0.834478909509908
SV1_C16214,C16214,0.9488736852979386
SV1_C07289,C07289,0.8722764449898007
SV1_C92412,C92412,0.8976622971850959
SV1_C19291,C19291,0.8321480717017933
SV1_C01202,C01202,0.9678093483187118
SV1_C76308,C76308,0.8983308012813632
SV1_C34915,C34915,0.9411200388145454
SV1_C75623,C75623,0.9112538468390085
SV1_C43273,C43273,0.8750508558674899
SV1_C96100,C96100,0.8225402468510411
SV1_C04875,C04875,0.7603869510563993
SV1_C80483,C80483,0.9868496286793667
SV1_C45634,C45634,0.7738588318579885
SV1_C99015,C99015,0.8375052241918008
SV1_C100237,C100237,0.9802203066424131
SV1_C72035,C72035,0.8445240244133974
SV1_C24624,C24624,0.9970780880257523
SV1_C25914,C25914,0.9971982314290887
SV1_C07312,C07312,0.8114751876947286
SV1_C31221,C31221,0.8423204647065019
SV1_C69695,C69695,0.9834001662653034
SV1_C29509,C29509,0.8216856590992692
SV1_C56490,C56490,0.7585307817368433
SV1_C34903,C34903,0.7747823235022712
SV1_C91892,C91892,0.8393185461737435
SV1_C04227,C04227,0.9269001519323007
SV1_C31300,C31300,0.8062018862902665
SV1_C76887,C76887,0.9175035906567119
SV1_C52210,C52210,0.9064926931753406
SV1_C81698,C81698,0.8459454788069866
SV1_C67833,C67833,0.8086071977732011
SV1_C69045,C69045,0.8975393012472251
SV1_C32404,C32404,0.864772112693032
SV1_C93009,C93009,0.8681024470777118
SV1_C22808,C22808,0.9116530259161644
SV1_C09683,C09683,0.9043196546884664
SV1_C02476,C02476,0.7355220504349975
SV1_C44504,C44504,0.9942147531543333
SV1_C27043,C27043,0.7975122591215636
SV1_C10286,C10286,0.9190105851130405
SV1_C21630,C21630,0.8717821588570924
SV1_C50413,C50413,0.8952875862398885
SV1_C72113,C72113,0.8502786842196951
SV1_C57632,C57632,0.8334785214022393
SV1_C88310,C88310,0.9669716460754715
SV1_C27640,C27640,0.9896394010597239
SV1_C77409,C77409,0.9265374274310876
SV1_C03103,C03103,0.80912440618832
SV1_C97205,C97205,0.9946230824919723
SV1_C33012,C33012,0.8584954050002588
SV1_C66110,C66110,0.9697879411356276
SV1_C76310,C76310,0.8764029940901905
SV1_C58218,C58218,0.9847093721181917
SV1_C39619,C39619,0.9362285723130641
SV1_C73247,C73247,0.9716723004455728
SV1_C88918,C88918,0.8605708558146995
SV1_C93005,C93005,0.8677290259234699
SV1_C79892,C79892,0.7044131060230494
SV1_C08415,C08415,0.8652393552842265
SV1_C73225,C73225,0.8019019824093369
SV1_C77433,C77433,0.9972865981810262
SV1_C66606,C66606,0.9487300065707448
SV1_C63632,C63632,0.8355434241047688
SV1_C56404,C56404,0.9900541838587587
SV1_C87619,C87619,0.9002449151387149
SV1_C64817,C64817,0.860008213552913
SV1_C78673,C78673,0.8171251118039693
SV1_C80479,C80479,0.9770954716689322
SV1_C88871,C88871,0.7738588428864981
SV1_C79893,C79893,0.7307811272066145
SV1_C06688,C06688,0.9338090303004778
SV1_C18607,C18607,0.8663349708611661
SV1_C57710,C57710,0.9125172096063574
SV1_C93609,C93609,0.9682341795304197
SV1_C94826,C94826,0.8818051766832767
SV1_C62500,C62500,0.9124145208714699
SV1_C13287,C13287,0.8436950078874199
SV1_C64244,C64244,0.8545652797977453
SV1_C92511,C92511,0.7498065477398651
SV1_C24605,C24605,0.9023019863440769
SV1_C85301,C85301,0.8348470179155044
SV1_C07275,C07275,0.84281575108538
SV1_C79207,C79207,0.8353603346401818
SV1_C52800,C52800,0.8534218672786714
SV1_C01277,C01277,0.7625578436459998
SV1_C31811,C31811,0.8803749448999489
SV1_C70827,C70827,0.9434968664867945
SV1_C89425,C89425,0.7883681142826697
SV1_C94216,C94216,0.9383887289867576
SV1_C46857,C46857,0.9894247289346352
SV1_C34874,C34874,0.8180811470360507
SV1_C97912,C97912,0.8531216967909548
SV1_C62508,C62508,0.8846141412493623
SV1_C73252,C73252,0.764286523866304
SV1_C24075,C24075,0.8072064704998417
SV1_C22885,C22885,0.8438278264350397
SV1_C69022,C69022,0.8891242420085563
SV1_C06074,C06074,0.7454620319132449
SV1_C94292,C94292,0.8494554466898031
SV1_C66717,C66717,0.982606901383634
SV1_C69696,C69696,0.8685493750733374
SV1_C04805,C04805,0.9242146716482138
SV1_C55837,C55837,0.9606509284067971
SV1_C06714,C06714,0.8425715175441203
SV1_C78636,C78636,0.9100005560531753
SV1_C28297,C28297,0.9985415994495924
SV1_C67319,C67319,0.7153578992157834
SV1_C44462,C44462,0.9590162270363813
SV1_C18608,C18608,0.8765076646533703
SV1_C69629,C69629,0.859230985412513
SV1_C13316,C13316,0.8091677747154329
SV1_C09643,C09643,0.9041082659070385
SV1_C68411,C68411,0.8680006851129403
SV1_C71488,C71488,0.7008130544661221
SV1_C93690,C93690,0.8066585195887631
SV1_C59517,C59517,0.9217041748646019
SV1_C12692,C12692,0.9795614537773943
SV1_C61909,C61909,0.935829039363064
SV1_C77413,C77413,0.9213139981541968
SV1_C21002,C21002,0.9009602766509421
SV1_C34201,C34201,0.8062146263619785
SV1_C64226,C64226,0.7608344051022282
SV1_C84023,C84023,0.9291838563636677
SV1_C03073,C03073,0.7887785351654142
SV1_C08405,C08405,0.9915144328576321
SV1_C90648,C90648,0.8337988243765575
SV1_C58916,C58916,0.9282051423863755
SV1_C19201,C19201,0.8649759779367475
SV1_C00017,C00017,0.9425702448296724
SV1_C22821,C22821,0.8959800453386443
SV1_C32512,C32512,0.9172187804881216
SV1_C65519,C65519,0.7154267960050084
SV1_C09037,C09037,0.7478957003653984
SV1_C54705,C54705,0.8310303888243401
SV1_C25241,C25241,0.8985673871968077
SV1_C85282,C85282,0.9472062176510129
SV1_C100278,C100278,0.9003160830687761
SV1_C74454,C74454,0.8605239922923145
SV1_C11400,C11400,0.9512793553172607
SV1_C13253,C13253,0.7941610187699032
SV1_C85918,C85918,0.9131850304459224
SV1_C52882,C52882,0.8906789634037237
SV1_C15011,C15011,0.9001703448540878
SV1_C82318,C82318,0.7815941304749561
SV1_C37808,C37808,0.8533863001070998
SV1_C52241,C52241,0.8203121858437128
SV1_C44510,C44510,0.968001174080922
SV1_C96716,C96716,0.7811046732598109
SV1_C07251,C07251,0.8719740963184631
SV1_C96014,C96014,0.9471274429586704
SV1_C06009,C06009,0.8185556164690599
SV1_C55307,C55307,0.8914999896939934
SV1_C97212,C97212,0.9906250474436566
SV1_C52877,C52877,0.9778524875968119
SV1_C76314,C76314,0.8228229708328448
SV1_C72104,C72104,0.9115385877340645
SV1_C48107,C48107,0.8329327472238944
SV1_C43206,C43206,0.9411360081329851
SV1_C66038,C66038,0.9290911705717549
SV1_C81080,C81080,0.9752747684558197
SV1_C31803,C31803,0.8745690914191446
SV1_C66031,C66031,0.8711982690564072
SV1_C52801,C52801,0.8753283025808696
SV1_C78638,C78638,0.8728174780515278
SV1_C03077,C03077,0.7874180119569043
SV1_C92437,C92437,0.8857594997252609
SV1_C30108,C30108,0.8314100622627674
SV1_C82881,C82881,0.958910151505553
SV1_C05507,C05507,0.7983399679712677
SV1_C73902,C73902,0.8912583984451437
SV1_C30620,C30620,0.8153963888939704
SV1_C56417,C56417,0.9555108523559769
SV1_C08430,C08430,0.8028067476914748
SV1_C35420,C35420,0.9724472832278064
SV1_C52875,C52875,0.7236120660518918
SV1_C78118,C78118,0.8122486173377053
SV1_C70208,C70208,0.9188416968334128
SV1_C64877,C64877,0.8601490978761596
SV1_C78713,C78713,0.8309753100234758
SV1_C14492,C14492,0.7815440500551281
SV1_C87011,C87011,0.8540188118720342
SV1_C06033,C06033,0.9621218198808821
SV1_C93635,C93635,0.9483154435537854
SV1_C59400,C59400,0.9402988336036491
SV1_C58808,C58808,0.9490630662771539
SV1_C43814,C43814,0.9273890534151399
SV1_C64845,C64845,0.9014169892452142
SV1_C07910,C07910,0.889882424225401
SV1_C94316,C94316,0.775528519046308
SV1_C75022,C75022,0.9685533146135248
SV1_C56494,C56494,0.8732074354289406
SV1_C43837,C43837,0.7956579932552519
SV1_C64894,C64894,0.7157831786448056
SV1_C75660,C75660,0.7651309294025856
SV1_C55302,C55302,0.8458614983712354
SV1_C65507,C65507,0.8938014126203689
SV1_C28274,C28274,0.8359097860542117
SV1_C39002,C39002,0.9160956012793392
SV1_C30688,C30688,0.834300470617981
SV1_C45650,C45650,0.9647538226005232
SV1_C40816,C40816,0.9303430907147019
SV1_C61209,C61209,0.9519430569638583
SV1_C05440,C05440,0.8305789696989718
SV1_C48630,C48630,0.7555706579363423
SV1_C91825,C91825,0.9101580122284587
SV1_C57110,C57110,0.9512299992473646
SV1_C28238,C28238,0.9126566050794226
SV1_C29474,C29474,0.8415708516603149
SV1_C73267,C73267,0.9404573308247506
SV1_C29506,C29506,0.8431568688847085
SV1_C97233,C97233,0.8471409989873395
SV1_C35515,C35515,0.9280870529566154
SV1_C76815,C76815,0.8368471386866099
SV1_C02429,C02429,0.9670830336630734
SV1_C00094,C00094,0.8328605557360078
SV1_C91277,C91277,0.9573061732647
SV1_C31874,C31874,0.8527199940668688
SV1_C41416,C41416,0.8962913014746912
SV1_C12622,C12622,0.8661454800517722
SV1_C30714,C30714,0.8685114471293617
SV1_C85880,C85880,0.9887050982330314
SV1_C87107,C87107,0.8336472418256802
SV1_C64294,C64294,0.8463465952448769
SV1_C19241,C19241,0.815152939559676
SV1_C76229,C76229,0.940709925801526
SV1_C43234,C43234,0.7726835146323321
SV1_C82815,C82815,0.8613718856469886
SV1_C54080,C54080,0.9561154511335338
SV1_C69087,C69087,0.8416952963982751
SV1_C55216,C55216,0.8862013129009065
SV1_C05443,C05443,0.7832615725756938
SV1_C67824,C67824,0.7773928795606556
SV1_C48041,C48041,0.9163461894074506
SV1_C25226,C25226,0.888884605974776
SV1_C69092,C69092,0.7694587299801732
SV1_C16273,C16273,0.9256472448964145
SV1_C21625,C21625,0.962598526961155
SV1_C94222,C94222,0.9644421349358061
SV1_C01890,C01890,0.7396358299113656
SV1_C47443,C47443,0.7155950834122918
SV1_C58242,C58242,0.8142985058420255
SV1_C13215,C13215,0.766077260238407
SV1_C70801,C70801,0.856429141955095
SV1_C99613,C99613,0.9390809132970922
SV1_C86437,C86437,0.7283085788623311
SV1_C66714,C66714,0.887011207082519
SV1_C67831,C67831,0.8953559946917966
SV1_C89462,C89462,0.9064354693902619
SV1_C71404,C71404,0.7759169354380406
SV1_C88300,C88300,0.9934947741660852
SV1_C09087,C09087,0.9414696205159682
SV1_C93000,C93000,0.8738404430167033
SV1_C53479,C53479,0.7185306343829952
SV1_C08409,C08409,0.9912309174060283
SV1_C21041,C21041,0.9093626892376927
SV1_C48036,C48036,0.8145694521467506
SV1_C67881,C67881,0.9085199167317614
SV1_C15602,C15602,0.9345882754608428
SV1_C88841,C88841,0.7525816970156257
SV1_C24027,C24027,0.7615172246850405
SV1_C02432,C02432,0.9888406994785878
SV1_C52211,C52211,0.8761585485397734
SV1_C03696,C03696,0.8072797213940951
SV1_C98501,C98501,0.8632552291251253
SV1_C51626,C51626,0.897896709169908
SV1_C59511,C59511,0.8679888849995409
SV1_C97891,C97891,0.852496232045014
SV1_C34213,C34213,0.8760831748245101
SV1_C90606,C90606,0.9418971504204549
SV1_C27090,C27090,0.9436521096354149
SV1_C88913,C88913,0.9508971902826898
SV1_C09713,C09713,0.7859539349400579
SV1_C68432,C68432,0.7450939816882948
SV1_C64228,C64228,0.8429622920908759
SV1_C74440,C74440,0.7171636985723393
SV1_C12663,C12663,0.8839788056985884
SV1_C30075,C30075,0.9696617859653477
SV1_C68435,C68435,0.9017243013714664
SV1_C96689,C96689,0.9527005004927502
SV1_C79303,C79303,0.9171743526895427
SV1_C25843,C25843,0.7295651880549173
SV1_C09661,C09661,0.7848624092367966
SV1_C52802,C52802,0.8969665151712489
SV1_C81115,C81115,0.8989598891362516
SV1_C21643,C21643,0.73495605081264
SV1_C40800,C40800,0.8448122415703817
SV1_C100274,C100274,0.9011374393425929
SV1_C52280,C52280,0.9916510581595271
SV1_C36015,C36015,0.9061489984697422
SV1_C86480,C86480,0.7805704670009121
SV1_C68447,C68447,0.867919090326123
SV1_C99035,C99035,0.9574687277657371
SV1_C12069,C12069,0.977252751524265
SV1_C40811,C40811,0.99230823556484
SV1_C09000,C09000,0.9945004863003305
SV1_C91309,C91309,0.9694777094015001
SV1_C67219,C67219,0.7907805468257383
SV1_C54694,C54694,0.9973984848752993
SV1_C44458,C44458,0.9670421326579793
SV1_C01231,C01231,0.9822338005737433
SV1_C13828,C13828,0.8993540839317854
SV1_C89478,C89478,0.9108489525922621
SV1_C45672,C45672,0.8882491262372725
SV1_C81682,C81682,0.9187353183451475
SV1_C95407,C95407,0.8510794304245608
SV1_C25872,C25872,0.8572146559046461
SV1_C21043,C21043,0.8627502414984906
SV1_C24035,C24035,0.7539685833713526
SV1_C51612,C51612,0.8700012984469364
SV1_C13310,C13310,0.7918639482668037
SV1_C56476,C56476,0.7780243248137114
SV1_C18679,C18679,0.8659402019548594
SV1_C49215,C49215,0.8501175430377
SV1_C63029,C63029,0.7887474928075083
SV1_C02444,C02444,0.8314727870498895
SV1_C44419,C44419,0.9441849652156158
SV1_C86424,C86424,0.7987986815872099
SV1_C23405,C23405,0.8905702213183804
SV1_C62431,C62431,0.8861519370481047
SV1_C51043,C51043,0.9226706245296717
SV1_C13867,C13867,0.7603042878612911
SV1_C76212,C76212,0.9196030205258156
SV1_C09635,C09635,0.9441913165845639
SV1_C39621,C39621,0.9974053355202037
SV1_C84110,C84110,0.8568754096575429
SV1_C12671,C12671,0.85070844380226
SV1_C82219,C82219,0.9241483602017362
SV1_C48095,C48095,0.7959997508806593
SV1_C88807,C88807,0.8648562996901964
SV1_C98482,C98482,0.8375312419388189
SV1_C66699,C66699,0.9033380325686466
SV1_C01282,C01282,0.7970882034883489
SV1_C65497,C65497,0.9536731582527175
SV1_C61281,C61281,0.9180186645024767
SV1_C30683,C30683,0.9860412898222357
SV1_C26511,C26511,0.8783519634175836
SV1_C27601,C27601,0.8161920364626262
SV1_C49906,C49906,0.8029052511992734
SV1_C72666,C72666,0.8003209374264111
SV1_C28311,C28311,0.8459524386833915
SV1_C24705,C24705,0.9068043074286707
SV1_C11433,C11433,0.8967904764400039
SV1_C63009,C63009,0.9074278617994942
SV1_C45615,C45615,0.9875017993740943
SV1_C07262,C07262,0.8194130192037432
SV1_C78616,C78616,0.9431940509905768
SV1_C27111,C27111,0.8400524712979998
SV1_C96606,C96606,0.9578302930462348
SV1_C97919,C97919,0.8218007504565455
SV1_C81003,C81003,0.8287112843722488
SV1_C15683,C15683,0.9399190128070047
SV1_C91302,C91302,0.9511204729897329
SV1_C33691,C33691,0.9316216711649606
SV1_C10874,C10874,0.923559271157465
SV1_C91901,C91901,0.9276716711537378
SV1_C50501,C50501,0.8115749560747944
SV1_C76291,C76291,0.9603867737421452
SV1_C49802,C49802,0.8491573355785174
SV1_C69704,C69704,0.8631420423846786
SV1_C28278,C28278,0.839240655632526
SV1_C42004,C42004,0.8454530110265602
SV1_C97821,C97821,0.8904975044185932
SV1_C10285,C10285,0.9670855788785665
SV1_C78719,C78719,0.8685921322700658
SV1_C20432,C20432,0.8355990992039387
SV1_C69705,C69705,0.9098907310049837
SV1_C14441,C14441,0.8766216397615257
SV1_C02401,C02401,0.9921555881087206
SV1_C46880,C46880,0.9060824757048188
SV1_C51080,C51080,0.9981132194432718
SV1_C79205,C79205,0.9212396158199493
SV1_C84686,C84686,0.8693292371092622
SV1_C86497,C86497,0.9882446283301112
SV1_C51603,C51603,0.8721067052403133
SV1_C63043,C63043,0.8311280738352345
SV1_C07819,C07819,0.8586042746288967
SV1_C75053,C75053,0.7653490446504825
SV1_C13897,C13897,0.7632018867920547
SV1_C61204,C61204,0.9234389664549568
SV1_C58290,C58290,0.86432332808246
SV1_C58917,C58917,0.9220582329442663
SV1_C23502,C23502,0.9114671114123294
SV1_C66708,C66708,0.8860651955401524
SV1_C74500,C74500,0.9213747597664459
SV1_C48652,C48652,0.8850871236460602
SV1_C16807,C16807,0.8898500288577635
SV1_C00717,C00717,0.9223839038333036
SV1_C31278,C31278,0.859277274515581
SV1_C93108,C93108,0.7796129839536012
SV1_C90708,C90708,0.9787189435264784
SV1_C32407,C32407,0.8674467552792979
SV1_C81694,C81694,0.8077031994947416
SV1_C48679,C48679,0.9147474414095581
SV1_C75616,C75616,0.8868391178482902
SV1_C48709,C48709,0.8930896568938262
SV1_C90686,C90686,0.9429359512090693
SV1_C60629,C60629,0.835845625907785
SV1_C75065,C75065,0.8460653278285561
SV1_C25245,C25245,0.8628951481969709
SV1_C74423,C74423,0.9246292148007091
SV1_C69672,C69672,0.7811224274480715
SV1_C81101,C81101,0.7376254160575991
SV1_C94877,C94877,0.9098145546531445
SV1_C89456,C89456,0.7886433993121723
SV1_C57615,C57615,0.9527933200693873
SV1_C06026,C06026,0.9997459098199785
SV1_C78069,C78069,0.8418187354203388
SV1_C90662,C90662,0.8775734044703178
SV1_C60104,C60104,0.9008084749177376
SV1_C75711,C75711,0.9588343307117342
SV1_C94816,C94816,0.9431978503785591
SV1_C52220,C52220,0.7829016219975314
SV1_C19286,C19286,0.8944015075800574
SV1_C83513,C83513,0.8026609221893505
SV1_C75020,C75020,0.9151006913752712
SV1_C64915,C64915,0.7965590814546569
SV1_C64203,C64203,0.83293123483878
SV1_C48687,C48687,0.8946298832457751
SV1_C60038,C60038,0.8317423272091632
SV1_C01222,C01222,0.7416459509165642
SV1_C43897,C43897,0.9968417286605219
SV1_C87086,C87086,0.8248661295529194
SV1_C63089,C63089,0.8305063559443709
SV1_C05485,C05485,0.7899633546561706
SV1_C76267,C76267,0.9583842388427379
SV1_C60644,C60644,0.8533968541516626
SV1_C60015,C60015,0.946123995630833
SV1_C17417,C17417,0.9040159290485524
SV1_C48002,C48002,0.9042100633535323
SV1_C28304,C28304,0.9949022878452595
SV1_C91891,C91891,0.8616503465319646
SV1_C43250,C43250,0.960071690577057
SV1_C10255,C10255,0.9026470265687516
SV1_C01895,C01895,0.7901477808412365
SV1_C80503,C80503,0.9158112306086966
SV1_C41408,C41408,0.8503624605866682
SV1_C09619,C09619,0.8494393857851422
SV1_C22310,C22310,0.9530647525185967
SV1_C81111,C81111,0.925869756183013
SV1_C89508,C89508,0.9869707973621047
SV1_C24636,C24636,0.987470559803734
SV1_C05514,C05514,0.8065652326336197
SV1_C97915,C97915,0.9511289163361734
SV1_C36617,C36617,0.954401153965276
SV1_C11414,C11414,0.8792942600199558
SV1_C52204,C52204,0.8588179243537865
SV1_C07318,C07318,0.9195791949452171
SV1_C46298,C46298,0.9709827508030705
SV1_C80492,C80492,0.7014362087452094
SV1_C34917,C34917,0.8858424859996202
SV1_C45115,C45115,0.830773425165081
SV1_C72619,C72619,0.8379171465622952
SV1_C61230,C61230,0.7687306681938012
SV1_C66113,C66113,0.8845986082903365
SV1_C57716,C57716,0.9268253217024517
SV1_C76211,C76211,0.8477402601374676
SV1_C72033,C72033,0.7749944664679624
SV1_C94897,C94897,0.8212597979679979
SV1_C00045,C00045,0.7929039235359914
SV1_C46208,C46208,0.8470691215422087
SV1_C74419,C74419,0.8293451066497806
SV1_C72683,C72683,0.8349748712939891
SV1_C75088,C75088,0.8239502403543063
SV1_C89498,C89498,0.9735608056421303
SV1_C74475,C74475,0.8312366079204268
SV1_C76898,C76898,0.8591702436016304
SV1_C96025,C96025,0.782963551227445
SV1_C19295,C19295,0.8235661257479929
SV1_C12086,C12086,0.8340393101964165
SV1_C93698,C93698,0.9204381212246098
SV1_C09006,C09006,0.931384159733137
SV1_C88285,C88285,0.8347161951878541
SV1_C55311,C55311,0.923253023971098
SV1_C59435,C59435,0.839305331048441
SV1_C88865,C88865,0.8092205919475352
SV1_C12011,C12011,0.8404618825154376
SV1_C54681,C54681,0.9186922070310982
SV1_C73227,C73227,0.8811003981271963
SV1_C06700,C06700,0.8596326512174117
SV1_C51616,C51616,0.8600992448339468
SV1_C08437,C08437,0.7597707498276989
SV1_C55298,C55298,0.8468101699232823
SV1_C22240,C22240,0.8997124798989985
SV1_C43813,C43813,0.8405120813904573
SV1_C61813,C61813,0.9434729886571074
SV1_C67317,C67317,0.9869814383453245
SV1_C36604,C36604,0.8374562906433448
SV1_C35402,C35402,0.8432344511302364
SV1_C29422,C29422,0.8333874803112079
SV1_C93716,C93716,0.7726835540960033
SV1_C18010,C18010,0.9246245113966068
SV1_C33704,C33704,0.8070052272417604
SV1_C91888,C91888,0.8603127316513243
SV1_C99012,C99012,0.9728957904784861
SV1_C73866,C73866,0.8143978242187592
SV1_C68430,C68430,0.8352141435502577
SV1_C35504,C35504,0.8690142897131133
SV1_C33601,C33601,0.8451130786636863
SV1_C84020,C84020,0.7937498179808218
SV1_C34304,C34304,0.8139624024119286
SV1_C08443,C08443,0.9116964668600941
SV1_C87717,C87717,0.7850314591215759
SV1_C16877,C16877,0.9192083154247446
SV1_C38418,C38418,0.9393677716244212
SV1_C13242,C13242,0.8338407236833474
SV1_C34876,C34876,0.9128268841276488
SV1_C71434,C71434,0.8402569684947363
SV1_C53405,C53405,0.8738107788476093
SV1_C15638,C15638,0.998702132206651
SV1_C69615,C69615,0.9456156631927208
SV1_C15623,C15623,0.9029285096703134
SV1_C73310,C73310,0.8795905589142647
SV1_C09073,C09073,0.9985113108841519
SV1_C39014,C39014,0.9084158476692178
SV1_C04812,C04812,0.9104951075727694
SV1_C61220,C61220,0.8236774380662315
SV1_C63074,C63074,0.9178544516240769
SV1_C57035,C57035,0.7970141877753574
SV1_C72680,C72680,0.9429986477621369
SV1_C22890,C22890,0.8487350694126882
SV1_C44447,C44447,0.8623266267468738
SV1_C28282,C28282,0.8449028675177028
SV1_C58297,C58297,0.9217779291722582
SV1_C28813,C28813,0.9200615206147241
SV1_C53418,C53418,0.8986126760341655
SV1_C60682,C60682,0.974364490373478
SV1_C12036,C12036,0.8939631012889164
SV1_C19810,C19810,0.8675290244109728
SV1_C95446,C95446,0.8825255343135098
SV1_C43221,C43221,0.872907668869619
SV1_C12060,C12060,0.7321833549809554
SV1_C78011,C78011,0.7718396198221746
SV1_C98512,C98512,0.8900564284123899
SV1_C49873,C49873,0.8572542584546231
SV1_C91228,C91228,0.8774820805966924
SV1_C30709,C30709,0.8202866997182081
SV1_C65479,C65479,0.8109642770428024
SV1_C66685,C66685,0.9070883679560383
SV1_C66022,C66022,0.7721118117040016
SV1_C52219,C52219,0.8774455795320999
SV1_C45032,C45032,0.8026642192415193
SV1_C13847,C13847,0.9762496700510163
SV1_C80511,C80511,0.9275906586342335
SV1_C81672,C81672,0.9765510618244072
SV1_C69082,C69082,0.9709504278854135
SV1_C46858,C46858,0.9585841614570803
SV1_C25910,C25910,0.9701311937355672
SV1_C21620,C21620,0.8923181658168508
SV1_C91917,C91917,0.7284948826586946
SV1_C86508,C86508,0.9766896694953312
SV1_C55842,C55842,0.8506029883637071
SV1_C13812,C13812,0.9942353668641711
SV1_C21628,C21628,0.9786854455578474
SV1_C82823,C82823,0.9530014897676202
SV1_C48114,C48114,0.8897757511060597
SV1_C73212,C73212,0.9605395409353226
SV1_C98519,C98519,0.8127833708936915
SV1_C13915,C13915,0.8143567207200217
SV1_C71491,C71491,0.8296019852138281
SV1_C74412,C74412,0.9546069762853245
SV1_C29510,C29510,0.8180716595530569
SV1_C98509,C98509,0.903718964102284
SV1_C99609,C99609,0.9451820347205548
SV1_C61844,C61844,0.8313251210317696
SV1_C16236,C16236,0.8363630228886487
SV1_C06610,C06610,0.9123891846692649
SV1_C88854,C88854,0.9248947678077674
SV1_C47503,C47503,0.8525714757101226
SV1_C94839,C94839,0.9467005586463987
SV1_C94842,C94842,0.7702166006933858
SV1_C94218,C94218,0.9278672136477965
SV1_C22220,C22220,0.899903602889486
SV1_C87600,C87600,0.8674444409257435
SV1_C87670,C87670,0.8202942228791008
SV1_C38420,C38420,0.9967286322886205
SV1_C56428,C56428,0.9285891576786708
SV1_C45663,C45663,0.7911522377678304
SV1_C46808,C46808,0.8338522582957723
SV1_C59513,C59513,0.8407196962134859
SV1_C30680,C30680,0.9775092855727494
SV1_C24672,C24672,0.8211920480640083
SV1_C03119,C03119,0.7990267924171576
SV1_C63119,C63119,0.9277778194491301
SV1_C36017,C36017,0.9525176170992223
SV1_C11401,C11401,0.9453451777851435
SV1_C33100,C33100,0.8179492975117023
SV1_C24699,C24699,0.8360805730500699
SV1_C57095,C57095,0.8498402882594025
SV1_C17436,C17436,0.8371277433007619
SV1_C61911,C61911,0.8942755624079957
SV1_C33107,C33107,0.8185433845416453
SV1_C91312,C91312,0.922001531980329
SV1_C50483,C50483,0.8918631672448758
SV1_C11426,C11426,0.8792432657975677
SV1_C35404,C35404,0.8283974701032883
SV1_C85907,C85907,0.7802654098291429
SV1_C57107,C57107,0.7878017257155837
SV1_C08489,C08489,0.8741290639859833
SV1_C52299,C52299,0.9298474391288739
SV1_C26413,C26413,0.9606181331146069
SV1_C15031,C15031,0.8402327953025975
SV1_C01246,C01246,0.8474632100849739
SV1_C30016,C30016,0.8794577349315298
SV1_C85905,C85905,0.8379046189530888
SV1_C09026,C09026,0.8199372991124873
SV1_C75640,C75640,0.7641141727914771
SV1_C68404,C68404,0.9909514047465889
SV1_C31319,C31319,0.8681627062429697
SV1_C97820,C97820,0.8530570387109583
SV1_C61899,C61899,0.9175207021350225
SV1_C91282,C91282,0.9837497970267173
SV1_C88808,C88808,0.8937952486241424
SV1_C48083,C48083,0.9176608311265673
SV1_C15685,C15685,0.8697215685245608
SV1_C77477,C77477,0.8831412656580487
SV1_C79802,C79802,0.8865123811022939
SV1_C04308,C04308,0.7813253051005242
SV1_C84074,C84074,0.7817383692763682
SV1_C63629,C63629,0.8078740930082916
SV1_C10809,C10809,0.9655060417322746
SV1_C66672,C66672,0.8185622640377461
SV1_C90664,C90664,0.897265139319782
SV1_C61805,C61805,0.9335355019232057
SV1_C75664,C75664,0.8580636518589403
SV1_C55833,C55833,0.9791597770925129
SV1_C23418,C23418,0.9034936877114645
SV1_C69115,C69115,0.7924845015878361
SV1_C75099,C75099,0.9718111454373471
SV1_C25207,C25207,0.9817449780511239
SV1_C76234,C76234,0.8866605213976761
SV1_C46311,C46311,0.8451135326231508
SV1_C55841,C55841,0.8827175533415274
SV1_C00706,C00706,0.8436148901790239
SV1_C88884,C88884,0.8203630677332967
SV1_C15684,C15684,0.8524328985331088
SV1_C20440,C20440,0.9008552216762542
SV1_C48617,C48617,0.7814691168743617
SV1_C75612,C75612,0.9370733943745904
SV1_C09606,C09606,0.92755518265359
SV1_C85212,C85212,0.8836395355488547
SV1_C71402,C71402,0.9010269030809819
SV1_C12049,C12049,0.7271016862803481
SV1_C43317,C43317,0.782505678029472
SV1_C04277,C04277,0.8001307209764249
SV1_C15681,C15681,0.9211133967129163
SV1_C31810,C31810,0.9211783214131691
SV1_C39623,C39623,0.9018824628549689
SV1_C03024,C03024,0.9739301601613849
SV1_C09080,C09080,0.9847954321517355
SV1_C72621,C72621,0.9543315067393865
SV1_C06629,C06629,0.9570898883726059
SV1_C68517,C68517,0.9933843791608122
SV1_C90092,C90092,0.9351748042516508
SV1_C55305,C55305,0.8836227766035202
SV1_C18084,C18084,0.8013042475614125
SV1_C99635,C99635,0.8978244463608299
SV1_C81678,C81678,0.9222467235956696
SV1_C58892,C58892,0.903008695432551
SV1_C73276,C73276,0.9452017177796675
SV1_C76272,C76272,0.8961975245497281
SV1_C74516,C74516,0.8157588859962097
SV1_C43299,C43299,0.8616251462474788
SV1_C78640,C78640,0.8343046042884199
SV1_C07821,C07821,0.9773618687068887
SV1_C30001,C30001,0.9070783315853096
SV1_C74477,C74477,0.9505193842407836
SV1_C19846,C19846,0.8721797353538366
SV1_C26408,C26408,0.9318222331095692
SV1_C24097,C24097,0.8820867387947293
SV1_C76889,C76889,0.809773565131584
SV1_C29406,C29406,0.9293043164289596
SV1_C55227,C55227,0.9631788889398492
SV1_C94836,C94836,0.7181412220692919
SV1_C57102,C57102,0.9388542422031678
SV1_C60046,C60046,0.91584558365951
SV1_C63602,C63602,0.9099636925762781
SV1_C91316,C91316,0.7592427470126827
SV1_C60092,C60092,0.892366082796231
SV1_C22847,C22847,0.8282133327083311
SV1_C03634,C03634,0.8780408400953001
SV1_C02495,C02495,0.7841008049641499
SV1_C84687,C84687,0.7753076672827091
SV1_C22819,C22819,0.9781855213312646
SV1_C20443,C20443,0.8959906215798255
SV1_C57704,C57704,0.867519416179406
SV1_C81094,C81094,0.7974935408562523
SV1_C99690,C99690,0.8633433679284848
SV1_C87654,C87654,0.9300802584071965
SV1_C25274,C25274,0.941920113063256
SV1_C58305,C58305,0.9158440435918459
SV1_C93634,C93634,0.857315437051317
SV1_C80410,C80410,0.8908084841222245
SV1_C07814,C07814,0.9235472409368608
SV1_C17430,C17430,0.9348316599702571
SV1_C91232,C91232,0.8721024576610177
SV1_C22226,C22226,0.8778180965631256
SV1_C79296,C79296,0.7534292065061713
SV1_C91308,C91308,0.9621773280783231
SV1_C06672,C06672,0.8296022426274833
SV1_C76847,C76847,0.8925371452082359
SV1_C62421,C62421,0.8827545500737506
SV1_C49832,C49832,0.792030723990074
SV1_C78708,C78708,0.7983967677085636
SV1_C15687,C15687,0.9504296171925186
SV1_C79896,C79896,0.7437331886688772
SV1_C94245,C94245,0.8342136932226688
SV1_C12687,C12687,0.9137442745368983
SV1_C79819,C79819,0.9283234534142007
SV1_C77437,C77437,0.9734859763424768
SV1_C55845,C55845,0.8132290939948307
SV1_C20491,C20491,0.9216869871487348
SV1_C09112,C09112,0.8008411546877706
SV1_C24018,C24018,0.9108408586693333
SV1_C46844,C46844,0.987376002362617
SV1_C64209,C64209,0.9338060029602324
SV1_C28805,C28805,0.9129232659611799
SV1_C18641,C18641,0.7962415383180481
SV1_C07217,C07217,0.9236163230199447
SV1_C49913,C49913,0.8391705970200923
SV1_C15077,C15077,0.9258721696359988
SV1_C04238,C04238,0.8805854289329589
SV1_C57105,C57105,0.9882305637171084
SV1_C75007,C75007,0.8623688045921641
SV1_C82309,C82309,0.720470930712842
SV1_C83514,C83514,0.825652987916937
SV1_C10913,C10913,0.7768042356425133
SV1_C57686,C57686,0.8536497540969974
SV1_C49274,C49274,0.9416301144898062
SV1_C46864,C46864,0.9188233136546722
SV1_C39017,C39017,0.9559616137863399
SV1_C33673,C33673,0.9545352964463798
SV1_C25231,C25231,0.8084745490106152
SV1_C96087,C96087,0.9076024824605391
SV1_C60688,C60688,0.9805926299235356
SV1_C99686,C99686,0.8324703296845162
SV1_C19287,C19287,0.8296172277967442
SV1_C100287,C100287,0.7454842725575545
SV1_C96631,C96631,0.9894369953214547
SV1_C91857,C91857,0.9335329129314038
SV1_C05405,C05405,0.8481666943142689
SV1_C44416,C44416,0.803396123436928
SV1_C97226,C97226,0.9083814515712092
SV1_C23412,C23412,0.9549312130224564
SV1_C65486,C65486,0.9482455776130421
SV1_C90714,C90714,0.9236562433654472
SV1_C87718,C87718,0.8679689061648387
SV1_C72087,C72087,0.8658242214722146
SV1_C78710,C78710,0.8131254340167127
SV1_C66678,C66678,0.9472863118115254
SV1_C61892,C61892,0.8430133550726769
SV1_C65445,C65445,0.9061773463656336
SV1_C02428,C02428,0.9805731648345999
SV1_C75630,C75630,0.8536976843568791
SV1_C57639,C57639,0.8140644892799745
SV1_C61895,C61895,0.7679593641047343
SV1_C51605,C51605,0.883229902633495
SV1_C12050,C12050,0.7364896842968945
SV1_C47483,C47483,0.9084556797321419
SV1_C46827,C46827,0.8063416469887288
SV1_C11513,C11513,0.7648084443501227
SV1_C24643,C24643,0.7036749790901411
SV1_C48056,C48056,0.937857037321552
SV1_C78090,C78090,0.8408221991603545
SV1_C29504,C29504,0.7811327741437948
SV1_C27042,C27042,0.8757412717876117
SV1_C100212,C100212,0.9026662980565623
SV1_C25296,C25296,0.8510204109346318
SV1_C24679,C24679,0.8229537340336288
SV1_C23408,C23408,0.9190382451878945
SV1_C75675,C75675,0.8437326909270588
SV1_C19278,C19278,0.7838929158563464
SV1_C45077,C45077,0.9122168540006018
SV1_C27603,C27603,0.8316728213371108
SV1_C99091,C99091,0.7391082584145702
SV1_C26496,C26496,0.8863467125875117
SV1_C04243,C04243,0.9262851110752709
SV1_C66629,C66629,0.8225348313442596
SV1_C71445,C71445,0.8195195500106648
SV1_C03706,C03706,0.8998183534851966
SV1_C96710,C96710,0.9218635371787448
SV1_C89519,C89519,0.9306902896974453
SV1_C93603,C93603,0.8457041223916549
SV1_C95516,C95516,0.7795361959888302
SV1_C93096,C93096,0.7902396879399068
SV1_C58907,C58907,0.880982751818032
SV1_C97826,C97826,0.9097850386235308
SV1_C72031,C72031,0.8498922001478955
SV1_C10909,C10909,0.8271709725064615
SV1_C49847,C49847,0.8643961256846051
SV1_C07853,C07853,0.7957415545392603
SV1_C22312,C22312,0.9154777372770783
SV1_C06635,C06635,0.914792321700122
SV1_C47409,C47409,0.827990341039939
SV1_C49250,C49250,0.9727627588354102
SV1_C69625,C69625,0.8568728501093932
SV1_C72021,C72021,0.9551922141175762
SV1_C73860,C73860,0.7517478581750123
SV1_C47420,C47420,0.8088711553156049
SV1_C64800,C64800,0.9606487047460971
SV1_C58230,C58230,0.8496750812460138
SV1_C23427,C23427,0.743532420415518
SV1_C66099,C66099,0.9014775467287713
SV1_C06683,C06683,0.7222536017774592
SV1_C63674,C63674,0.840125592671689
SV1_C78653,C78653,0.8339059554836994
SV1_C83406,C83406,0.9092781758134543
SV1_C71517,C71517,0.8375701510143484
SV1_C82915,C82915,0.87955418688209
SV1_C88869,C88869,0.8018877644134836
SV1_C19880,C19880,0.8987750710422014
SV1_C10847,C10847,0.9725935094785045
SV1_C58831,C58831,0.8392593980547054
SV1_C97280,C97280,0.9147402824306672
SV1_C58283,C58283,0.8406249274120717
SV1_C86463,C86463,0.9873177574379203
SV1_C44467,C44467,0.8138166948751204
SV1_C18678,C18678,0.7914322617615849
SV1_C98489,C98489,0.9916450446471671
SV1_C90094,C90094,0.9880028512578952
SV1_C31279,C31279,0.9796525622557829
SV1_C07233,C07233,0.776306829099409
SV1_C45618,C45618,0.8786481054869216
SV1_C59500,C59500,0.8988530292704356
SV1_C03641,C03641,0.9519722995347994
SV1_C12046,C12046,0.8206087801450616
SV1_C96718,C96718,0.7679144997336065
SV1_C13837,C13837,0.8644465818531317
SV1_C24693,C24693,0.9817622576668863
SV1_C36001,C36001,0.8275645370227441
SV1_C50439,C50439,0.9734078349772416
SV1_C42006,C42006,0.949210353356667
SV1_C47469,C47469,0.8384440541106033
SV1_C73206,C73206,0.9138645327249235
SV1_C24083,C24083,0.8169275299218406
SV1_C03095,C03095,0.7771506387700157
SV1_C30715,C30715,0.7880413547548301
SV1_C79219,C79219,0.9277190094164743
SV1_C76807,C76807,0.8293708042417779
SV1_C83486,C83486,0.8166664197077135
SV1_C67845,C67845,0.9133486660727296
SV1_C48601,C48601,0.8256708118270294
SV1_C79904,C79904,0.7357186488578907
SV1_C85890,C85890,0.8668769977702764
SV1_C80501,C80501,0.7370303583485119
SV1_C74434,C74434,0.7825641998016727
SV1_C76203,C76203,0.8487700359111204
SV1_C70234,C70234,0.862993548684137
SV1_C01892,C01892,0.8899246736661397
SV1_C33718,C33718,0.9097364724287379
SV1_C57011,C57011,0.9060500496499819
SV1_C60620,C60620,0.832591578428619
SV1_C91261,C91261,0.9230798149389557
SV1_C89458,C89458,0.9196797545642336
SV1_C86427,C86427,0.8505304365228158
SV1_C72020,C72020,0.9294821722524516
SV1_C17474,C17474,0.8186233988588308
SV1_C64317,C64317,0.9180161226573165
SV1_C71425,C71425,0.8802719987576277
SV1_C57009,C57009,0.9995757956029713
SV1_C45623,C45623,0.8443930032301538
SV1_C03699,C03699,0.820044296916338
SV1_C75037,C75037,0.8296850275738799
SV1_C63622,C63622,0.952258553620602
SV1_C03710,C03710,0.8796760469593111
SV1_C49822,C49822,0.7012425984510643
SV1_C73234,C73234,0.740164146563631
SV1_C43874,C43874,0.916055787357727
SV1_C01244,C01244,0.801404529997617
SV1_C29486,C29486,0.8655744445117786
SV1_C52810,C52810,0.9036776542874566
SV1_C44512,C44512,0.9441302380896665
SV1_C39612,C39612,0.891967186208418
SV1_C96647,C96647,0.8379910086131693
SV1_C49855,C49855,0.9283794701598314
SV1_C65513,C65513,0.8771102174196825
SV1_C69633,C69633,0.8617816921105851
SV1_C99034,C99034,0.9516608273983396
SV1_C77419,C77419,0.8438500986173978
SV1_C88278,C88278,0.8800502533782486
SV1_C73254,C73254,0.8661985900039307
SV1_C76287,C76287,0.9238058372537885
SV1_C03647,C03647,0.8438755309769371
SV1_C59505,C59505,0.9346406182533196
SV1_C67915,C67915,0.805580506165902
SV1_C96680,C96680,0.8990001672183152
SV1_C76873,C76873,0.8766705863060551
SV1_C10891,C10891,0.9965982808407803
SV1_C24074,C24074,0.9019994142793272
SV1_C01297,C01297,0.8190883604832138
SV1_C43891,C43891,0.788008743557914
SV1_C55882,C55882,0.8602153429810055
SV1_C27011,C27011,0.9045770476367294
SV1_C54020,C54020,0.7686054778894019
SV1_C99108,C99108,0.9151483979580373
SV1_C48650,C48650,0.9341919871541667
SV1_C01299,C01299,0.7976325986981546
SV1_C03111,C03111,0.8140980281318562
SV1_C93101,C93101,0.7890521161552565
SV1_C68442,C68442,0.830576764038622
SV1_C94200,C94200,0.9797804671902809
SV1_C45699,C45699,0.8656030480077962
SV1_C27617,C27617,0.903058511897723
SV1_C96089,C96089,0.941281672413158
SV1_C77475,C77475,0.8088600420973372
SV1_C68512,C68512,0.9102399683464322
SV1_C55202,C55202,0.9149386032820621
SV1_C90013,C90013,0.9536831545319134
SV1_C90116,C90116,0.7784931738007489
SV1_C57672,C57672,0.8341902199115313
SV1_C89441,C89441,0.7580664201017893
SV1_C91285,C91285,0.938390760124438
SV1_C24088,C24088,0.894619831915843
SV1_C27709,C27709,0.9842130501226922
SV1_C24042,C24042,0.810496282026676
SV1_C16846,C16846,0.9991459029729692
SV1_C89415,C89415,0.9030987749838462
SV1_C94307,C94307,0.9936758637831424
SV1_C90632,C90632,0.8403042770433666
SV1_C02488,C02488,0.8070250056249231
SV1_C98493,C98493,0.90866003929367
SV1_C76228,C76228,0.9336678244275025
SV1_C15006,C15006,0.9386910459522346
SV1_C64801,C64801,0.9649463897738457
SV1_C31301,C31301,0.8408908101462396
SV1_C22880,C22880,0.7875866351430346
SV1_C67209,C67209,0.9900578268073393
SV1_C78689,C78689,0.8615310557243893
SV1_C11423,C11423,0.9101956660486318
SV1_C76874,C76874,0.9061149862337946
SV1_C71507,C71507,0.7362456518619781
SV1_C78690,C78690,0.8309152647161441
SV1_C46284,C46284,0.8663226698475536
SV1_C87081,C87081,0.8226057802699915
SV1_C72077,C72077,0.9521673963825167
SV1_C52231,C52231,0.9967676982189143
SV1_C47490,C47490,0.8923460306961984
SV1_C75704,C75704,0.9170176770704721
SV1_C04309,C04309,0.8335266662076841
SV1_C39601,C39601,0.8655342228242268
SV1_C50429,C50429,0.8839937045608689
SV1_C13875,C13875,0.7087837090094433
SV1_C70816,C70816,0.9245658024005052
SV1_C22872,C22872,0.778257826022191
SV1_C07252,C07252,0.7893506582333851
SV1_C80477,C80477,0.9994925929957968
SV1_C23511,C23511,0.8861047335046837
SV1_C78660,C78660,0.8757988315088856
SV1_C14406,C14406,0.9390058875087997
SV1_C99119,C99119,0.8584983739148667
SV1_C57093,C57093,0.7725459174861146
SV1_C67877,C67877,0.8976744716211371
SV1_C73298,C73298,0.8877444438327468
SV1_C21698,C21698,0.8877742753526182
SV1_C78712,C78712,0.8151562592486923
SV1_C10820,C10820,0.925000490542823
SV1_C17415,C17415,0.8995269369659668
SV1_C83420,C83420,0.8091372895049611
SV1_C22281,C22281,0.818729035366455
SV1_C90037,C90037,0.7823034638886203
SV1_C27095,C27095,0.8093071747793712
SV1_C34315,C34315,0.9357479284487494
SV1_C63001,C63001,0.9089039053363789
SV1_C13205,C13205,0.9856595272979003
SV1_C51646,C51646,0.8104838845744882
SV1_C48626,C48626,0.7525757284947461
SV1_C08413,C08413,0.9790496680568477
SV1_C51116,C51116,0.7048429813672417
SV1_C43318,C43318,0.8104373563270196
SV1_C24719,C24719,0.8738612183034602
SV1_C75045,C75045,0.7873700980689464
SV1_C34316,C34316,0.8972715095370788
SV1_C51018,C51018,0.9074110939744454
SV1_C64806,C64806,0.9246550562238242
SV1_C85221,C85221,0.8776947044641524
SV1_C12661,C12661,0.7587846500252434
SV1_C18027,C18027,0.8985490944450084
SV1_C48101,C48101,0.9564277992257418
SV1_C50417,C50417,0.8852040829506242
SV1_C63638,C63638,0.7952330132992335
SV1_C18620,C18620,0.8263204668699978
SV1_C10910,C10910,0.89611441632544
SV1_C78705,C78705,0.7874023787510435
SV1_C76817,C76817,0.9109119911596659
SV1_C97273,C97273,0.8786350410686546
SV1_C30012,C30012,0.8941279297001068
SV1_C00030,C00030,0.8832936574102507
SV1_C42602,C42602,0.9278564122888547
SV1_C47499,C47499,0.8534807976849683
SV1_C96676,C96676,0.8924971266826721
SV1_C68498,C68498,0.996051252265323
SV1_C49258,C49258,0.9819126102782543
SV1_C90113,C90113,0.9502481070469818
SV1_C19828,C19828,0.8645107157849552
SV1_C22309,C22309,0.927281778510213
SV1_C08426,C08426,0.805182420730621
SV1_C56442,C56442,0.8250165014037292
SV1_C18617,C18617,0.881442025155906
SV1_C60606,C60606,0.9787705163863781
SV1_C62447,C62447,0.8700197563056052
SV1_C27622,C27622,0.8271938670774456
SV1_C55880,C55880,0.7577905880859476
SV1_C85307,C85307,0.7798848898178474
SV1_C01233,C01233,0.9733180869610546
SV1_C64234,C64234,0.7831581533281304
SV1_C44463,C44463,0.7886900678974289
SV1_C77487,C77487,0.8788277685006499
SV1_C97906,C97906,0.8862964177302844
SV1_C12717,C12717,0.7527502843434303
SV1_C24082,C24082,0.9167930968344847
SV1_C30087,C30087,0.9925223567297404
SV1_C59406,C59406,0.9858550706940976
SV1_C02440,C02440,0.9678701040542947
SV1_C45023,C45023,0.8479998416771917
SV1_C52879,C52879,0.9386448212400689
SV1_C91205,C91205,0.9274677680897528
SV1_C73315,C73315,0.9285437772891583
SV1_C43215,C43215,0.9834345995227595
SV1_C07253,C07253,0.7931076768593623
SV1_C92425,C92425,0.9144502156338354
SV1_C51041,C51041,0.7898750547055644
SV1_C10904,C10904,0.8287361089895217
SV1_C16819,C16819,0.8953199409133261
SV1_C78676,C78676,0.7882514656593547
SV1_C55243,C55243,0.9099710887052131
SV1_C50431,C50431,0.9845728732032307
SV1_C09694,C09694,0.8072265967873512
SV1_C62519,C62519,0.895165444815307
SV1_C55293,C55293,0.9517957389941878
SV1_C29476,C29476,0.9567747157230032
SV1_C09097,C09097,0.844519219738877
SV1_C93086,C93086,0.9402888329744357
SV1_C08411,C08411,0.8782898279365442
SV1_C63681,C63681,0.810055314442409
SV1_C74407,C74407,0.8635768709931655
SV1_C78034,C78034,0.9379423642168836
SV1_C09616,C09616,0.921338271824057
SV1_C07305,C07305,0.8420096458957192
SV1_C93014,C93014,0.89510733817267
SV1_C06099,C06099,0.7579377186763625
SV1_C58901,C58901,0.9300635486584227
SV1_C88223,C88223,0.8690512019878966
SV1_C66692,C66692,0.7402292636107284
SV1_C99679,C99679,0.7306971657933549
SV1_C00075,C00075,0.780675766865326
SV1_C21087,C21087,0.9077626860985643
SV1_C06094,C06094,0.9391928214645041
SV1_C75631,C75631,0.9373150065455869
SV1_C93627,C93627,0.9530359987432758
SV1_C51631,C51631,0.9937986942626718
SV1_C66679,C66679,0.822514638465356
SV1_C47519,C47519,0.9344602796061607
SV1_C97214,C97214,0.9554848424756583
SV1_C01219,C01219,0.7764818800944111
SV1_C22303,C22303,0.8323203159900545
SV1_C07804,C07804,0.9994474337603408
SV1_C52805,C52805,0.8776066428623553
SV1_C90683,C90683,0.8816943460294856
SV1_C100298,C100298,0.9250172304683261
SV1_C19877,C19877,0.9193525074389565
SV1_C12606,C12606,0.9028772412342624
SV1_C70219,C70219,0.9647993891732433
SV1_C100203,C100203,0.7845129325717128
SV1_C58247,C58247,0.8383822246431331
SV1_C15000,C15000,0.8880642064158412
SV1_C63112,C63112,0.8280913906867857
SV1_C72009,C72009,0.9674871832960993
SV1_C78695,C78695,0.8139891148880177
SV1_C86494,C86494,0.9982675563935863
SV1_C06703,C06703,0.7425604213381712
SV1_C38403,C38403,0.9480603428824806
SV1_C55881,C55881,0.7431272024110136
SV1_C97304,C97304,0.8141123232020078
SV1_C76850,C76850,0.7698641621729548
SV1_C93622,C93622,0.9639191880656629
SV1_C10226,C10226,0.8459202946332062
SV1_C43304,C43304,0.9913363267107602
SV1_C88872,C88872,0.84664353227382
SV1_C33013,C33013,0.8817009077001297
SV1_C94288,C94288,0.9150236201100462
SV1_C85872,C85872,0.9920483997008549
SV1_C87617,C87617,0.9371436857737758
SV1_C58899,C58899,0.886162300693569
SV1_C06699,C06699,0.7367246375111657
SV1_C51097,C51097,0.8123099776857426
SV1_C48623,C48623,0.74497591869449
SV1_C61828,C61828,0.8356603473036478
SV1_C75663,C75663,0.9249216758247453
SV1_C87037,C87037,0.7253988599603809
SV1_C46214,C46214,0.9269663614064365
SV1_C52277,C52277,0.9836841937275136
SV1_C53431,C53431,0.999040161303485
SV1_C16242,C16242,0.9371718236509539
SV1_C18033,C18033,0.8412036494257481
SV1_C67906,C67906,0.9987908885412141
SV1_C29482,C29482,0.8564951608866117
SV1_C32493,C32493,0.8035713460026768
SV1_C27675,C27675,0.8417598583064103
SV1_C02481,C02481,0.7758001611884735
SV1_C91318,C91318,0.7990249390369231
SV1_C33613,C33613,0.8559298219769936
SV1_C77497,C77497,0.8317161423709624
SV1_C45014,C45014,0.9289946934273531
SV1_C13811,C13811,0.801912700221551
SV1_C49296,C49296,0.8231748816671912
SV1_C10823,C10823,0.9237490697543449
SV1_C100244,C100244,0.9051910174841115
SV1_C97814,C97814,0.9577679651509725
SV1_C82303,C82303,0.9051593252871659
SV1_C36615,C36615,0.9157767076695408
SV1_C12032,C12032,0.9258225804668601
SV1_C05486,C05486,0.7721805557011748
SV1_C07806,C07806,0.935453930841258
SV1_C25803,C25803,0.9693319674779618
SV1_C57044,C57044,0.7267975257232511
SV1_C88272,C88272,0.8327478881649968
SV1_C95499,C95499,0.9830664978132277
SV1_C91824,C91824,0.909868432895138
SV1_C72070,C72070,0.8683529424151676
SV1_C60085,C60085,0.9258339187058392
SV1_C54636,C54636,0.9599480850862895
SV1_C29498,C29498,0.8498068496625609
SV1_C90696,C90696,0.9845842960022165
SV1_C46318,C46318,0.8378630598287474
SV1_C35474,C35474,0.8443692731830261
SV1_C88864,C88864,0.8111077347395642
SV1_C45071,C45071,0.7784488897629143
SV1_C06719,C06719,0.9311635254736215
SV1_C48104,C48104,0.95098455087594
SV1_C13302,C13302,0.75126002077617
SV1_C81012,C81012,0.9315379818305441
SV1_C54103,C54103,0.9206505811181797
SV1_C84096,C84096,0.7611749177429437
SV1_C75025,C75025,0.8691246500269909
SV1_C93080,C93080,0.9025708861719065
SV1_C97887,C97887,0.869795702462609
SV1_C69112,C69112,0.906320492320064
SV1_C25911,C25911,0.8900753915717659
SV1_C88874,C88874,0.8966132295466829
SV1_C78113,C78113,0.8220728360133507
SV1_C78642,C78642,0.8510153763287824
SV1_C01911,C01911,0.8204406326667599
SV1_C93004,C93004,0.8742473798887244
SV1_C92445,C92445,0.7783523445197125
SV1_C54602,C54602,0.8820624624615069
SV1_C28287,C28287,0.817554199015913
SV1_C90684,C90684,0.8800022547545433
SV1_C62410,C62410,0.9328659353198291
SV1_C09085,C09085,0.9744483784443364
SV1_C54112,C54112,0.7803422549453396
SV1_C24694,C24694,0.9189549526389064
SV1_C51619,C51619,0.8792238612766189
SV1_C68402,C68402,0.9626619416113753
SV1_C66100,C66100,0.9146259170597507
SV1_C85305,C85305,0.8480248330701493
SV1_C10915,C10915,0.9251446763369968
SV1_C73890,C73890,0.8753912552712675
SV1_C98418,C98418,0.9262367390961849
SV1_C03034,C03034,0.8851799025433187
SV1_C88307,C88307,0.8361292960039588
SV1_C81612,C81612,0.935432944828213
SV1_C30086,C30086,0.8727440791613384
SV1_C10855,C10855,0.9027294867999254
SV1_C75091,C75091,0.9454056861088593
SV1_C11461,C11461,0.7553246366204909
SV1_C03084,C03084,0.7070967989875453
SV1_C72099,C72099,0.9581776429717732
SV1_C75620,C75620,0.903650298871738
SV1_C10914,C10914,0.8258874002459137
SV1_C08458,C08458,0.789614761297541
SV1_C15090,C15090,0.8793071284133511
SV1_C48103,C48103,0.8356473510137781
SV1_C26483,C26483,0.8807632745905591
SV1_C69008,C69008,0.9848728105060588
SV1_C04242,C04242,0.852375307473184
SV1_C22213,C22213,0.9263471045614473
SV1_C17427,C17427,0.85652718040425
SV1_C83484,C83484,0.885391188024425
SV1_C03080,C03080,0.7360649576159464
SV1_C07906,C07906,0.9080191919404393
SV1_C08513,C08513,0.7865010439423136
SV1_C45094,C45094,0.7935030414353513
SV1_C79297,C79297,0.7363989147181279
SV1_C96078,C96078,0.8547501395525112
SV1_C07223,C07223,0.9461786568551048
SV1_C76821,C76821,0.888171675908716
SV1_C67828,C67828,0.773157354167791
SV1_C88221,C88221,0.8908645337543917
SV1_C45088,C45088,0.7712214614135291
SV1_C35406,C35406,0.8511494115130973
SV1_C19893,C19893,0.7705987057440449
SV1_C30689,C30689,0.813666139937295
SV1_C79308,C79308,0.7149302267406389
SV1_C36605,C36605,0.8366929107308724
SV1_C50411,C50411,0.8805773132353072
SV1_C35492,C35492,0.9349870487979055
SV1_C76217,C76217,0.9097542147940941
SV1_C64215,C64215,0.8250680422668156
SV1_C87068,C87068,0.8054756034588729
SV1_C20407,C20407,0.7984906797193989
SV1_C34219,C34219,0.8908605756720231
SV1_C75696,C75696,0.9162380156282894
SV1_C13860,C13860,0.7909512284143605
SV1_C51628,C51628,0.914429001835335
SV1_C68413,C68413,0.9765385486254323
SV1_C94914,C94914,0.9080305746867162
SV1_C78048,C78048,0.8407660303418683
SV1_C97813,C97813,0.9889539276339187
SV1_C75085,C75085,0.9243440030906263
SV1_C75092,C75092,0.8682871089506103
SV1_C55318,C55318,0.7974932441883784
SV1_C21082,C21082,0.9194750502768733
SV1_C51110,C51110,0.9106103115472169
SV1_C74401,C74401,0.9596130516862099
SV1_C79901,C79901,0.7362302050575225
SV1_C63643,C63643,0.8179068958165799
SV1_C66611,C66611,0.7927367641643932
SV1_C89459,C89459,0.9920034385310834
SV1_C88312,C88312,0.9440437724422616
SV1_C99611,C99611,0.8144190262624201
SV1_C72655,C72655,0.9268933439974268
SV1_C76864,C76864,0.8610952286425065
SV1_C93093,C93093,0.8468902955529947
SV1_C86450,C86450,0.9312538698256195
SV1_C10290,C10290,0.8671130358774259
SV1_C46287,C46287,0.8612999981612798
SV1_C85206,C85206,0.8805092900112195
SV1_C83493,C83493,0.7719812196288792
SV1_C21718,C21718,0.9015989599090981
SV1_C13230,C13230,0.8899876353549114
SV1_C21008,C21008,0.9127833109405523
SV1_C23499,C23499,0.8323612088689891
SV1_C99102,C99102,0.9219196468170168
SV1_C69640,C69640,0.8352680027905283
SV1_C52886,C52886,0.8735867061810554
SV1_C74405,C74405,0.9602886356014183
SV1_C69096,C69096,0.8972449842436674
SV1_C57114,C57114,0.9368030346593565
SV1_C25902,C25902,0.9130033153347972
SV1_C10252,C10252,0.7859372235022952
SV1_C25208,C25208,0.9369804653480162
SV1_C65424,C65424,0.7923278704819182
SV1_C59408,C59408,0.9462844977227919
SV1_C04233,C04233,0.9536964302072015
SV1_C07216,C07216,0.9303066570527925
SV1_C57032,C57032,0.8666008326804898
SV1_C43821,C43821,0.8708196484322601
SV1_C16224,C16224,0.8325116519535611
SV1_C87024,C87024,0.7959327686758001
SV1_C60603,C60603,0.9296734382817792
SV1_C58803,C58803,0.9383597331470809
SV1_C26474,C26474,0.9681772082619955
SV1_C20426,C20426,0.8338464355782624
SV1_C16286,C16286,0.8467562635497252
SV1_C12098,C12098,0.8804829751688992
SV1_C00037,C00037,0.9745440964127302
SV1_C30020,C30020,0.8021232077666124
SV1_C83417,C83417,0.8988982068770786
SV1_C21672,C21672,0.7439464965462506
SV1_C20424,C20424,0.8530202265008006
SV1_C07214,C07214,0.9235654904298138
SV1_C49254,C49254,0.9761716956801122
SV1_C78010,C78010,0.9193140395590534
SV1_C52212,C52212,0.8675045564012185
SV1_C10283,C10283,0.9102273974809401
SV1_C49840,C49840,0.8073005734509815
SV1_C51629,C51629,0.9168804169077291
SV1_C75062,C75062,0.8377100455107223
SV1_C52239,C52239,0.9874375537617395
SV1_C23493,C23493,0.9688674580878652
SV1_C59412,C59412,0.9505970389454552
SV1_C24697,C24697,0.8834700839099434
SV1_C19236,C19236,0.7945592465007815
SV1_C04888,C04888,0.8407400794599109
SV1_C10208,C10208,0.9850216999774802
SV1_C62422,C62422,0.8946232904467765
SV1_C10900,C10900,0.8285121837487097
SV1_C94820,C94820,0.8717572584466187
SV1_C72081,C72081,0.9501044953693139
SV1_C14474,C14474,0.8349827055262341
SV1_C08473,C08473,0.999642284960223
SV1_C01283,C01283,0.7805661088356358
SV1_C87616,C87616,0.9147182651569867
SV1_C64247,C64247,0.8439487964014644
SV1_C03625,C03625,0.952457651921905
SV1_C43854,C43854,0.964033900264626
SV1_C67811,C67811,0.8320171423337747
SV1_C28806,C28806,0.9304883393200403
SV1_C49808,C49808,0.8970535938447051
SV1_C03086,C03086,0.800952797519474
SV1_C32403,C32403,0.8652792584297965
SV1_C56410,C56410,0.9780912340417899
SV1_C25212,C25212,0.9742376959157488
SV1_C04315,C04315,0.811662652708075
SV1_C75702,C75702,0.8903892937364473
SV1_C97914,C97914,0.9029339802674261
SV1_C24647,C24647,0.8240433103595103
SV1_C03098,C03098,0.888850279068866
SV1_C78648,C78648,0.8299063860057472
SV1_C00602,C00602,0.9684077882541425
SV1_C53505,C53505,0.8039869624299548
SV1_C57098,C57098,0.9359537837525718
SV1_C25218,C25218,0.9259354046471793
SV1_C61314,C61314,0.8900142953470614
SV1_C78619,C78619,0.7739531720552437
SV1_C53518,C53518,0.8459417528729108
SV1_C35491,C35491,0.9194967620701708
SV1_C27632,C27632,0.9337676526254005
SV1_C81017,C81017,0.8855547153144957
SV1_C19832,C19832,0.8521207358005872
SV1_C75716,C75716,0.7965324033141435
SV1_C60628,C60628,0.8513921688626956
SV1_C76856,C76856,0.8116713170031157
SV1_C93091,C93091,0.8472999326194522
SV1_C43884,C43884,0.822540266503367
SV1_C43269,C43269,0.8250944631110616
SV1_C19813,C19813,0.87776948709203
SV1_C48003,C48003,0.9666665929075798
SV1_C45717,C45717,0.7803844211747677
SV1_C81703,C81703,0.909928795016487
SV1_C47464,C47464,0.9061290362896137
SV1_C67816,C67816,0.8846137685201103
SV1_C78089,C78089,0.8738550239647178
SV1_C90061,C90061,0.8490411676222118
SV1_C00606,C00606,0.9696123025732208
SV1_C87030,C87030,0.7613440131591876
SV1_C99647,C99647,0.9214804308088452
SV1_C55907,C55907,0.8270381856904732
SV1_C05473,C05473,0.7703141312224678
SV1_C66635,C66635,0.8770828401903402
SV1_C46302,C46302,0.9721706845274263
SV1_C69630,C69630,0.8119178968237241
SV1_C30082,C30082,0.8629336677576774
SV1_C55874,C55874,0.8487227017745507
SV1_C09021,C09021,0.9728324448144807
SV1_C25802,C25802,0.8913362726235048
SV1_C08404,C08404,0.9977551682134133
SV1_C09610,C09610,0.9275355759965871
SV1_C75658,C75658,0.8390629171642348
SV1_C95498,C95498,0.9155870838433662
SV1_C82313,C82313,0.7361320760187963
SV1_C21092,C21092,0.8414855923062121
SV1_C11431,C11431,0.9921689485037443
SV1_C30704,C30704,0.7950003232423036
SV1_C78655,C78655,0.7528512109423917
SV1_C48628,C48628,0.784371894350351
SV1_C96633,C96633,0.803522585913131
SV1_C51614,C51614,0.9152087483991082
SV1_C13868,C13868,0.7972905913564011
SV1_C34284,C34284,0.9328142433445289
SV1_C71441,C71441,0.8054936089771894
SV1_C84101,C84101,0.785405002624729
SV1_C51682,C51682,0.9004728192650165
SV1_C67897,C67897,0.9602887938470802
SV1_C50418,C50418,0.9079808907090169
SV1_C76315,C76315,0.8975133258127705
SV1_C94819,C94819,0.9606068140907154
SV1_C10841,C10841,0.7341110303283376
SV1_C07293,C07293,0.7981948929221109
SV1_C03018,C03018,0.9091540704070914
SV1_C56418,C56418,0.941994150028961
SV1_C22829,C22829,0.9780622494078014
SV1_C13857,C13857,0.8166693755913407
SV1_C61842,C61842,0.8451450266260687
SV1_C73802,C73802,0.9108259899399526
SV1_C19816,C19816,0.8532891552716896
SV1_C13820,C13820,0.8176875002079533
SV1_C97314,C97314,0.8874155571619863
SV1_C94895,C94895,0.7643335308547599
SV1_C58236,C58236,0.8247095941680488
SV1_C56431,C56431,0.8201415948022379
SV1_C54695,C54695,0.9260489058158737
SV1_C88862,C88862,0.910482295742132
SV1_C38411,C38411,0.9479757645779707
SV1_C87683,C87683,0.8109131663609552
SV1_C81086,C81086,0.8831168269071918
SV1_C95430,C95430,0.8882161353266071
SV1_C29421,C29421,0.8133142326299084
SV1_C50497,C50497,0.8118022756289703
SV1_C91220,C91220,0.9008767466582821
SV1_C98484,C98484,0.9725090429943718
SV1_C07895,C07895,0.8739026448026452
SV1_C03646,C03646,0.9291756304180468
SV1_C88907,C88907,0.8368251852552095
SV1_C07915,C07915,0.9172720250583173
SV1_C00693,C00693,0.8840868653304771
SV1_C88231,C88231,0.8467751956712268
SV1_C76202,C76202,0.8726418393117951
SV1_C10231,C10231,0.9598062526945729
SV1_C88811,C88811,0.8743077667323196
SV1_C96691,C96691,0.8839922140940829
SV1_C26505,C26505,0.8919678335979521
SV1_C48119,C48119,0.9615991986406517
SV1_C21610,C21610,0.9135354154623077
SV1_C06098,C06098,0.799886265060658
SV1_C50488,C50488,0.8979022159900741
SV1_C73255,C73255,0.9263654443733714
SV1_C13308,C13308,0.77935435989283
SV1_C13318,C13318,0.8336571061825611
SV1_C57688,C57688,0.9989247053284777
SV1_C77499,C77499,0.8939833009121975
SV1_C09645,C09645,0.802952154997467
SV1_C07272,C07272,0.9878083205797183
SV1_C78081,C78081,0.8548658245776755
SV1_C89461,C89461,0.8122529711857096
SV1_C63688,C63688,0.8877501767286771
SV1_C05512,C05512,0.8573026563101951
SV1_C45657,C45657,0.9993606097134157
SV1_C78703,C78703,0.7412920253839456
SV1_C52232,C52232,0.9246390505797917
SV1_C09051,C09051,0.8878126259224427
SV1_C00015,C00015,0.813837646434634
SV1_C74504,C74504,0.9211909041954318
SV1_C14495,C14495,0.7558067443532062
SV1_C25800,C25800,0.9140012302563835
SV1_C50475,C50475,0.8836683714992201
SV1_C79312,C79312,0.7482664356903931
SV1_C78020,C78020,0.7782607051180109
SV1_C89500,C89500,0.994413373672478
SV1_C74418,C74418,0.9033675205052714
SV1_C94211,C94211,0.8679220718275459
SV1_C49864,C49864,0.9277712236233014
SV1_C94299,C94299,0.9860868650180368
SV1_C90652,C90652,0.840231702449753
SV1_C91290,C91290,0.9048645037843152
SV1_C64217,C64217,0.9048817766364814
SV1_C99080,C99080,0.913847176408354
SV1_C34290,C34290,0.8664905729130854
SV1_C25813,C25813,0.9672135391433213
SV1_C26481,C26481,0.9357431561307682
SV1_C06119,C06119,0.9393296826941743
SV1_C43801,C43801,0.8553346346578189
SV1_C98435,C98435,0.9923714120381292
SV1_C10881,C10881,0.9728268545274382
SV1_C11517,C11517,0.7660352946443161
SV1_C43820,C43820,0.8504445695957134
SV1_C18615,C18615,0.8797785474282885
SV1_C54622,C54622,0.8025469856851204
SV1_C23430,C23430,0.8895038494487
SV1_C08467,C08467,0.9809250862192201
SV1_C54039,C54039,0.9885461567492544
SV1_C53507,C53507,0.9436224346908165
SV1_C63073,C63073,0.8476147759758941
SV1_C85292,C85292,0.7708982828559818
SV1_C70808,C70808,0.8488308803513696
SV1_C62490,C62490,0.850226980507739
SV1_C80484,C80484,0.9357679020092389
SV1_C90718,C90718,0.8281609906510029
SV1_C01242,C01242,0.8665681148744192
SV1_C94204,C94204,0.9796644179415692
SV1_C24116,C24116,0.8697936842283317
SV1_C81601,C81601,0.9412401628777556
SV1_C43200,C43200,0.8681946814185327
SV1_C78085,C78085,0.83453854116471
SV1_C30021,C30021,0.8155609883816299
SV1_C00628,C00628,0.9766090304887769
SV1_C76831,C76831,0.961262624750754
SV1_C09638,C09638,0.7927239358638303
SV1_C75649,C75649,0.7545450846966181
SV1_C98406,C98406,0.9623143605561666
SV1_C100243,C100243,0.7783216783079464
SV1_C75622,C75622,0.9580508421498041
SV1_C70238,C70238,0.854322447243043
SV1_C16292,C16292,0.7707860795623173
SV1_C95411,C95411,0.8661715534916878
SV1_C22906,C22906,0.9226231109549201
SV1_C03043,C03043,0.9619123057638285
SV1_C03020,C03020,0.7506380770177449
SV1_C62492,C62492,0.7991993061488089
SV1_C73221,C73221,0.9526633159952999
SV1_C84610,C84610,0.8827314518489626
SV1_C04286,C04286,0.8188468543974496
SV1_C04247,C04247,0.8670557802356348
SV1_C25292,C25292,0.9975267233487908
SV1_C91255,C91255,0.9375614350422302
SV1_C61302,C61302,0.9965201913685364
SV1_C94824,C94824,0.7411677420459023
SV1_C49234,C49234,0.8130229081170252
SV1_C51713,C51713,0.8101326573499128
SV1_C32516,C32516,0.9884086230903742
SV1_C07243,C07243,0.9138416891524833
SV1_C23506,C23506,0.927222787050429
SV1_C40220,C40220,0.9889180283779937
SV1_C27031,C27031,0.8938596467942794
SV1_C27628,C27628,0.918444492244806
SV1_C51637,C51637,0.8896644394682672
SV1_C36622,C36622,0.9829822235284954
SV1_C25886,C25886,0.9898101325903685
SV1_C08472,C08472,0.9891042377888362
SV1_C88269,C88269,0.7990503919737945
SV1_C07317,C07317,0.8245261916339722
SV1_C46313,C46313,0.9488293377264325
SV1_C69601,C69601,0.9809838734727534
SV1_C97898,C97898,0.8778679039984305
SV1_C10307,C10307,0.999164218938587
SV1_C50491,C50491,0.868592751660123
SV1_C70813,C70813,0.8328873782507376
SV1_C14402,C14402,0.9361329432338995
SV1_C19226,C19226,0.838854738721391
SV1_C31210,C31210,0.9252922821613632
SV1_C53504,C53504,0.8033779726511974
SV1_C23515,C23515,0.9132437536506824
SV1_C36612,C36612,0.896600820955715
SV1_C57096,C57096,0.9872964376587224
SV1_C78038,C78038,0.9151374736298434
SV1_C66027,C66027,0.8722899727236828
SV1_C71485,C71485,0.7725406702365536
SV1_C51013,C51013,0.8942992183100379
SV1_C45012,C45012,0.8442306952136881
SV1_C84683,C84683,0.7639456527328017
SV1_C10206,C10206,0.9224876902656988
SV1_C33010,C33010,0.8971830476377441
SV1_C81074,C81074,0.9266650378886553
SV1_C47509,C47509,0.9752836830270798
SV1_C19802,C19802,0.8678605767766813
SV1_C03606,C03606,0.948516728905684
SV1_C72053,C72053,0.765608518986106
SV1_C90617,C90617,0.9747732323235262
SV1_C63097,C63097,0.9178907758307217
SV1_C98433,C98433,0.9348508984564247
SV1_C03686,C03686,0.8134553952649275
SV1_C76216,C76216,0.880558079784645
SV1_C00704,C00704,0.761669996550377
SV1_C48639,C48639,0.7815155743233831
SV1_C49845,C49845,0.8972509550512959
SV1_C65428,C65428,0.7878958687635145
SV1_C94219,C94219,0.9605090837465046
SV1_C55292,C55292,0.9161773859821817
SV1_C01904,C01904,0.7784139789469671
SV1_C22882,C22882,0.8802871419792525
SV1_C63099,C63099,0.8904664298448038
SV1_C67807,C67807,0.8280637681257933
SV1_C12627,C12627,0.9808111519716751
SV1_C23513,C23513,0.959651874909719
SV1_C99682,C99682,0.8510730524795604
SV1_C52908,C52908,0.7937418584681764
SV1_C59403,C59403,0.9361306598539539
SV1_C57087,C57087,0.8823576768829771
SV1_C84010,C84010,0.9045717937392763
SV1_C79218,C79218,0.9020218177167424
SV1_C90622,C90622,0.9370359608579782
SV1_C09670,C09670,0.9210746863838553
SV1_C88873,C88873,0.8747988524117538
SV1_C73896,C73896,0.920197968214434
SV1_C42610,C42610,0.927881562435616
SV1_C58316,C58316,0.92793180166159
SV1_C79875,C79875,0.9718644091620154
SV1_C96719,C96719,0.844627748818878
SV1_C19830,C19830,0.8605276000923586
SV1_C15026,C15026,0.9586070969969822
SV1_C62401,C62401,0.9041863265599339
SV1_C16879,C16879,0.9226431691510565
SV1_C55838,C55838,0.9231874015828206
SV1_C98440,C98440,0.8548388522524203
SV1_C60680,C60680,0.8516928572694483
SV1_C49821,C49821,0.7366739935418234
SV1_C70882,C70882,0.8921724824044301
SV1_C12666,C12666,0.7784553318030311
SV1_C22317,C22317,0.8822500687590872
SV1_C26473,C26473,0.9209205895509015
SV1_C13267,C13267,0.8338032925966434
SV1_C65438,C65438,0.9317659905481758
SV1_C07215,C07215,0.861660009923155
SV1_C100216,C100216,0.8774793906682021
SV1_C68513,C68513,0.9030179117891891
SV1_C89455,C89455,0.9922475549741385
SV1_C13263,C13263,0.799501249062944
SV1_C95490,C95490,0.8505759834512836
SV1_C58832,C58832,0.8453284528855766
SV1_C79223,C79223,0.960969363649523
SV1_C07311,C07311,0.9703239153451458
SV1_C11409,C11409,0.9460275914289142
SV1_C78022,C78022,0.816367288507683
SV1_C63612,C63612,0.9164592806040852
SV1_C26487,C26487,0.891337552435412
SV1_C04285,C04285,0.7696891800459559
SV1_C28296,C28296,0.9940411866967325
SV1_C47414,C47414,0.9114349128854524
SV1_C96011,C96011,0.8645224881403324
SV1_C70292,C70292,0.7458502086857492
SV1_C64211,C64211,0.8316488124485688
SV1_C60614,C60614,0.9896671459234418
SV1_C87056,C87056,0.7492118376870924
SV1_C25228,C25228,0.9947139966394959
SV1_C71424,C71424,0.878149653776226
SV1_C69093,C69093,0.7617589659505728
SV1_C57013,C57013,0.993098932598167
SV1_C49880,C49880,0.8234966865046153
SV1_C58900,C58900,0.891156308597013
SV1_C63072,C63072,0.7805886637657833
SV1_C98475,C98475,0.8136740462404463
SV1_C12052,C12052,0.7224831943545865
SV1_C27046,C27046,0.7866342265377377
SV1_C13313,C13313,0.810425443846692
SV1_C79812,C79812,0.9215864639356355
SV1_C44486,C44486,0.9020542162978938
SV1_C43848,C43848,0.9907802904636294
SV1_C97881,C97881,0.9111258001907973
SV1_C73283,C73283,0.8440005265040724
SV1_C39605,C39605,0.8653507738472203
SV1_C87643,C87643,0.7872471926132554
SV1_C07297,C07297,0.8414735999841362
SV1_C57118,C57118,0.8249676160088728
SV1_C83496,C83496,0.7223203463473039
SV1_C10217,C10217,0.9107927326197388
SV1_C88301,C88301,0.9976573884924279
SV1_C66023,C66023,0.9959859774146923
SV1_C00011,C00011,0.820834774068492
SV1_C73291,C73291,0.9198541653123306
SV1_C07309,C07309,0.8322625356928028
SV1_C79900,C79900,0.7385411757419985
SV1_C66612,C66612,0.954599158738822
SV1_C48631,C48631,0.8130826378755928
SV1_C90005,C90005,0.9195751935191586
SV1_C63085,C63085,0.8232121270571667
SV1_C98401,C98401,0.9932165978916299
SV1_C33115,C33115,0.8750651853732481
SV1_C88890,C88890,0.9245543334199628
SV1_C75629,C75629,0.9070662879834646
SV1_C48020,C48020,0.7830937274957727
SV1_C75047,C75047,0.9611750060273959
SV1_C96109,C96109,0.8133563587071466
SV1_C45054,C45054,0.9666524188358205
SV1_C76269,C76269,0.9624717119388376
SV1_C77401,C77401,0.9239504710701835
SV1_C65504,C65504,0.9074439070642275
SV1_C23492,C23492,0.97820292961675
SV1_C61280,C61280,0.8321049174895189
SV1_C46237,C46237,0.792952228015183
SV1_C66004,C66004,0.9747223784418074
SV1_C88262,C88262,0.9133255747326331
SV1_C10315,C10315,0.9268306658520449
SV1_C31886,C31886,0.8814834141309758
SV1_C54623,C54623,0.7913843580577489
SV1_C46262,C46262,0.9588675753903213
SV1_C37220,C37220,0.9959690577318976
SV1_C67804,C67804,0.9885613835600119
SV1_C17411,C17411,0.8912817954737232
SV1_C10822,C10822,0.9773812441084804
SV1_C10838,C10838,0.8292467595171188
SV1_C61295,C61295,0.7712310245967638
SV1_C90117,C90117,0.7785003759145529
SV1_C01305,C01305,0.8138833832010481
SV1_C93030,C93030,0.8614227364746142
SV1_C75641,C75641,0.7655918142851186
SV1_C51623,C51623,0.8140561583314525
SV1_C65494,C65494,0.7357463373525013
SV1_C77411,C77411,0.7996292986638378
SV1_C34811,C34811,0.8172401389184357
SV1_C12000,C12000,0.9140066515710912
SV1_C06025,C06025,0.9651724075633048
SV1_C04207,C04207,0.8205879398745233
SV1_C28819,C28819,0.8883404244480535
SV1_C05434,C05434,0.9817283875056412
SV1_C09036,C09036,0.7636021369172602
SV1_C34303,C34303,0.8001946177857329
SV1_C10833,C10833,0.8633506256038255
SV1_C53516,C53516,0.7073659534925668
SV1_C28314,C28314,0.9354422629762477
SV1_C91310,C91310,0.9480389177919272
SV1_C73256,C73256,0.7639654735604331
SV1_C57711,C57711,0.8652637474352805
SV1_C98430,C98430,0.900451423263323
SV1_C97217,C97217,0.9551530388093842
SV1_C82902,C82902,0.8279649283835642
SV1_C97916,C97916,0.7888423909609905
SV1_C15017,C15017,0.9134230085198793
SV1_C66111,C66111,0.8757298557232199
SV1_C21042,C21042,0.8531095538433651
SV1_C57705,C57705,0.9048518505765768
SV1_C73208,C73208,0.9715727642670202
SV1_C04825,C04825,0.9024194116401684
SV1_C03679,C03679,0.7561740865530633
SV1_C46278,C46278,0.9640354436997784
SV1_C75064,C75064,0.85518002874304
SV1_C89471,C89471,0.7709665018298156
SV1_C06073,C06073,0.8075701648026248
SV1_C31281,C31281,0.9702888429608795
SV1_C48065,C48065,0.8861916243213771
SV1_C78630,C78630,0.9006616227496135
SV1_C12022,C12022,0.9321977614023517
SV1_C88294,C88294,0.9995439220275023
SV1_C16820,C16820,0.7879418149481426
SV1_C97220,C97220,0.8608370621556353
SV1_C62482,C62482,0.9865705669627121
SV1_C27018,C27018,0.8983587791595032
SV1_C52315,C52315,0.9995030911396128
SV1_C24118,C24118,0.9186333882988279
SV1_C89480,C89480,0.8546185726968445
SV1_C12071,C12071,0.8926658736892175
SV1_C67216,C67216,0.8811858447786116
SV1_C16893,C16893,0.7745961162906148
SV1_C72673,C72673,0.9541502377393954
SV1_C68421,C68421,0.8896012953015111
SV1_C73872,C73872,0.9435111253146851
SV1_C66615,C66615,0.8281983888672847
SV1_C52826,C52826,0.9020514873919455
SV1_C74461,C74461,0.7585642707870246
SV1_C17476,C17476,0.890484650275295
SV1_C22806,C22806,0.9138164648994299
SV1_C78635,C78635,0.8340186278034949
SV1_C70873,C70873,0.7481352052885847
SV1_C62428,C62428,0.8063016460868208
SV1_C66094,C66094,0.7552398584279929
SV1_C04911,C04911,0.8036419965885852
SV1_C37811,C37811,0.9399103200792562
SV1_C47429,C47429,0.7809380867481803
SV1_C73201,C73201,0.9656720330056683
SV1_C87700,C87700,0.9917595778039867
SV1_C67222,C67222,0.9352156493907898
SV1_C94891,C94891,0.8954203986855992
SV1_C71489,C71489,0.703660838828957
SV1_C33702,C33702,0.8816718487181894
SV1_C47507,C47507,0.8498744678805474
SV1_C01214,C01214,0.9635573428392017
SV1_C02441,C02441,0.9577389333644796
SV1_C27106,C27106,0.9294082805616931
SV1_C75079,C75079,0.8463623560231233
SV1_C100205,C100205,0.9050462128112507
SV1_C78039,C78039,0.8766673778415335
SV1_C54625,C54625,0.9920810653047838
SV1_C48655,C48655,0.8588762059550054
SV1_C11408,C11408,0.9513487083612644
SV1_C17481,C17481,0.9047459714359698
SV1_C06637,C06637,0.9341343706105549
SV1_C97235,C97235,0.9950432896954255
SV1_C05478,C05478,0.7975317736431892
SV1_C25247,C25247,0.8168679261767745
SV1_C00115,C00115,0.8424514421276346
SV1_C58890,C58890,0.8628801158085511
SV1_C75692,C75692,0.8566840963614262
SV1_C66028,C66028,0.7867217282561493
SV1_C97282,C97282,0.8250606061035091
SV1_C22896,C22896,0.846625558469258
SV1_C76838,C76838,0.903385257513189
SV1_C46226,C46226,0.770416210534321
SV1_C15039,C15039,0.8581492716359005
SV1_C44402,C44402,0.9444152770828502
SV1_C82304,C82304,0.7344692981914015
SV1_C81716,C81716,0.835697587764281
SV1_C85874,C85874,0.9643195371415453
SV1_C23400,C23400,0.895438109366237
SV1_C03718,C03718,0.8730410745709598
SV1_C90105,C90105,0.9980207772164416
SV1_C54032,C54032,0.968468333981009
SV1_C97286,C97286,0.862232646579225
SV1_C48706,C48706,0.8767172662897141
SV1_C91902,C91902,0.9047332219721997
SV1_C28903,C28903,0.7811720545137797
SV1_C81084,C81084,0.9334910434405016
SV1_C88261,C88261,0.7946669015101725
SV1_C65409,C65409,0.9697664047099123
SV1_C00631,C00631,0.9838416350415549
SV1_C97211,C97211,0.8563886829075216
SV1_C88882,C88882,0.8932069826138557
SV1_C21077,C21077,0.9639437250480234
SV1_C61233,C61233,0.8335964192390497
SV1_C57638,C57638,0.867203068188574
SV1_C74435,C74435,0.9019710574741133
SV1_C20427,C20427,0.9807669264739423
SV1_C21603,C21603,0.9779927353061204
SV1_C88308,C88308,0.9853986237753956
SV1_C16233,C16233,0.9023734760154676
SV1_C20494,C20494,0.7788952888200948
SV1_C25306,C25306,0.9339689434082704
SV1_C84622,C84622,0.8691465401031208
SV1_C92434,C92434,0.8721968376640041
SV1_C60047,C60047,0.838026055250069
SV1_C27699,C27699,0.8244690613232922
SV1_C40215,C40215,0.975115033614603
SV1_C88852,C88852,0.7601793964526313
SV1_C03687,C03687,0.7654869790478799
SV1_C69610,C69610,0.9442109299416599
SV1_C58234,C58234,0.856490338109718
SV1_C96080,C96080,0.892989931875583
SV1_C55308,C55308,0.8966208964281156
SV1_C58232,C58232,0.8400608253555333
SV1_C06097,C06097,0.8363283140362588
SV1_C85901,C85901,0.832646008655297
SV1_C12610,C12610,0.9042114709401916
SV1_C43252,C43252,0.9892804549266128
SV1_C88824,C88824,0.7821441972331064
SV1_C64910,C64910,0.9564432476841096
SV1_C27024,C27024,0.8756569237417704
SV1_C09068,C09068,0.9902854181514604
SV1_C30719,C30719,0.8535008127431059
SV1_C94812,C94812,0.9753405422075725
SV1_C00114,C00114,0.7779641838446064
SV1_C58876,C58876,0.8445898305975512
SV1_C53515,C53515,0.9954026172844392
SV1_C00034,C00034,0.889930551848368
SV1_C21680,C21680,0.752070963049826
SV1_C87040,C87040,0.7156196214239817
SV1_C87687,C87687,0.7939195332910303
SV1_C30600,C30600,0.8823037053950074
SV1_C78621,C78621,0.8020442700660031
SV1_C33105,C33105,0.8496769224587147
SV1_C96117,C96117,0.7635480879099606
SV1_C51015,C51015,0.8862279522265539
SV1_C04910,C04910,0.8825080275359992
SV1_C82273,C82273,0.9868316919144536
SV1_C45103,C45103,0.8646216347838648
SV1_C61841,C61841,0.7489756311951283
SV1_C94215,C94215,0.9085704665841675
SV1_C26426,C26426,0.8505460640445451
SV1_C78076,C78076,0.8235563296170836
SV1_C50427,C50427,0.9839545527689937
SV1_C91258,C91258,0.8559443241125523
SV1_C46836,C46836,0.8048176223893715
SV1_C44406,C44406,0.9440263092838417
SV1_C09062,C09062,0.842459683420346
SV1_C67909,C67909,0.9337278300608974
SV1_C69043,C69043,0.7844345952255983
SV1_C93624,C93624,0.7415955908065994
SV1_C63682,C63682,0.8673412596457927
SV1_C92516,C92516,0.7391287172623616
SV1_C91899,C91899,0.7760880457392025
SV1_C11495,C11495,0.909866484219916
SV1_C52911,C52911,0.9776464233962293
SV1_C68494,C68494,0.8405336429282708
SV1_C69609,C69609,0.9786751529237413
SV1_C07208,C07208,0.999149213205013
SV1_C84614,C84614,0.8747272125774925
SV1_C55200,C55200,0.9308066743245542
SV1_C18622,C18622,0.8582598733252027
SV1_C84009,C84009,0.9430637514384811
SV1_C49308,C49308,0.8316275736258932
SV1_C73838,C73838,0.7237708156594324
SV1_C20421,C20421,0.9354722074134426
SV1_C89442,C89442,0.763605936754996
SV1_C52319,C52319,0.9361681301686307
SV1_C54011,C54011,0.8622921202138983
SV1_C19207,C19207,0.8441778641824151
SV1_C31201,C31201,0.9004006813536992
SV1_C27637,C27637,0.9629419941024245
SV1_C86418,C86418,0.9361816803012373
SV1_C72600,C72600,0.9732182958841971
SV1_C00093,C00093,0.8819300175420101
SV1_C47436,C47436,0.8120168100052403
SV1_C24686,C24686,0.944050885428607
SV1_C28894,C28894,0.706154344163216
SV1_C21615,C21615,0.9918728575479137
SV1_C73318,C73318,0.9346403991219253
SV1_C47470,C47470,0.7792073445783502
SV1_C16808,C16808,0.8871381622134844
SV1_C38402,C38402,0.9085790112840137
SV1_C54099,C54099,0.9136316346742241
SV1_C43248,C43248,0.988723661600935
SV1_C15629,C15629,0.899010021782475
SV1_C16284,C16284,0.8487837455664358
SV1_C43285,C43285,0.8431883782435055
SV1_C07802,C07802,0.934981099194053
SV1_C12709,C12709,0.7641418090834795
SV1_C86401,C86401,0.8714933991311586
SV1_C94207,C94207,0.853046070446043
SV1_C94838,C94838,0.8516636635058552
SV1_C00695,C00695,0.7996077262106384
SV1_C70894,C70894,0.8891245949740108
SV1_C22881,C22881,0.8378490479136315
SV1_C87097,C87097,0.9919372740229946
SV1_C89518,C89518,0.8557082922304107
SV1_C45048,C45048,0.9916818775773698
SV1_C49220,C49220,0.710781815391623
SV1_C65481,C65481,0.8794884040019487
SV1_C74518,C74518,0.9279567671806743
SV1_C71431,C71431,0.9114150946680044
SV1_C78618,C78618,0.9016218099348698
SV1_C00113,C00113,0.8360487893411459
SV1_C81708,C81708,0.7184718668147076
SV1_C94900,C94900,0.8228099770861698
SV1_C23439,C23439,0.7373855740854042
SV1_C14426,C14426,0.9605608020368801
SV1_C60114,C60114,0.8728837031445765
SV1_C10304,C10304,0.8368503868384324
SV1_C09718,C09718,0.9075587525391925
SV1_C88277,C88277,0.8587291482064747
SV1_C01832,C01832,0.9886612040072176
SV1_C16201,C16201,0.9092868229995084
SV1_C71490,C71490,0.7924746662877928
SV1_C14419,C14419,0.9002918947520525
SV1_C12075,C12075,0.8799885396780547
SV1_C91843,C91843,0.7670752591057884
SV1_C23516,C23516,0.8711985292630111
SV1_C49302,C49302,0.8021639043567294
SV1_C96002,C96002,0.9544753042005122
SV1_C82880,C82880,0.9374085487643717
SV1_C51695,C51695,0.9150672587125215
SV1_C46907,C46907,0.8570605007858221
SV1_C90100,C90100,0.9917284922667715
SV1_C07228,C07228,0.7895246767715179
SV1_C60681,C60681,0.901013462158918
SV1_C51079,C51079,0.901169151503565
SV1_C58220,C58220,0.8438765087414157
SV1_C24716,C24716,0.8675915996594111
SV1_C67305,C67305,0.957017953776661
SV1_C30690,C30690,0.8287772620103898
SV1_C60032,C60032,0.8513908334614241
SV1_C93705,C93705,0.8238343043538371
SV1_C73854,C73854,0.8641433951120817
SV1_C46873,C46873,0.9501255878566682
SV1_C25882,C25882,0.9758760304558248
SV1_C15087,C15087,0.9503922203446572
SV1_C33003,C33003,0.8536051460479078
SV1_C24080,C24080,0.8186346986630546
SV1_C87046,C87046,0.7499222402138255
SV1_C69042,C69042,0.8073163239813569
SV1_C00643,C00643,0.9727904883754342
SV1_C07291,C07291,0.9377409272941183
SV1_C83504,C83504,0.728299737470066
SV1_C90097,C90097,0.9961921810697907
SV1_C60091,C60091,0.8329508238104345
SV1_C71407,C71407,0.9801429735911844
SV1_C70282,C70282,0.8822309817070625
SV1_C24610,C24610,0.9190537975316991
SV1_C87663,C87663,0.9881166316920537
SV1_C14414,C14414,0.9513181023395298
SV1_C50506,C50506,0.8799279086283575
SV1_C69717,C69717,0.9791641608289272
SV1_C57106,C57106,0.9438041630682134
SV1_C43863,C43863,0.7884644450167434
SV1_C89511,C89511,0.829257351395871
SV1_C22212,C22212,0.9381167472440216
SV1_C96038,C96038,0.8675107293720061
SV1_C73843,C73843,0.870518277660132
SV1_C56402,C56402,0.9780881423557083
SV1_C96601,C96601,0.9903175428930838
SV1_C72003,C72003,0.8605284672846111
SV1_C10210,C10210,0.9225317697383136
SV1_C28907,C28907,0.7762306051824478
SV1_C24044,C24044,0.8442426630003353
SV1_C43211,C43211,0.9948439202275894
SV1_C70916,C70916,0.8775362653009045
SV1_C48698,C48698,0.874876470057359
SV1_C65489,C65489,0.8294294715137409
SV1_C11455,C11455,0.8971709537428227
SV1_C59439,C59439,0.8231212597357135
SV1_C48701,C48701,0.898794323141077
SV1_C93079,C93079,0.9071171588382706
SV1_C87629,C87629,0.7735312189707266
SV1_C85204,C85204,0.8915961887041474
SV1_C70227,C70227,0.9517654341029513
SV1_C99620,C99620,0.8102617559777133
SV1_C02509,C02509,0.808679111196999
SV1_C90109,C90109,0.9918113718942293
SV1_C20434,C20434,0.8328374494508678
SV1_C90002,C90002,0.9298021329437857
SV1_C88889,C88889,0.9004314192950654
SV1_C55274,C55274,0.873294549710383
SV1_C60609,C60609,0.9628719259736102
SV1_C54042,C54042,0.8253665472047195
SV1_C70908,C70908,0.7916158671834745
SV1_C78084,C78084,0.7982405367509516
SV1_C46824,C46824,0.7895331111602577
SV1_C90056,C90056,0.8221412091763914
SV1_C47425,C47425,0.7802523935594695
SV1_C19812,C19812,0.8734737779633789
SV1_C33610,C33610,0.8717457736225309
SV1_C30603,C30603,0.8814281631333688
SV1_C61831,C61831,0.852974288482723
SV1_C76862,C76862,0.804585302516907
SV1_C65422,C65422,0.9292692668449676
SV1_C28207,C28207,0.8362497784023424
SV1_C87630,C87630,0.7592821842700278
SV1_C21084,C21084,0.9299608446538034
SV1_C30078,C30078,0.8532211738182366
SV1_C90036,C90036,0.7858144531728245
SV1_C07234,C07234,0.7628162242440347
SV1_C49868,C49868,0.8082873501543655
SV1_C09601,C09601,0.9843525729611281
SV1_C64245,C64245,0.844495491024704
SV1_C90650,C90650,0.8912030730247495
SV1_C66117,C66117,0.9772252960186806
SV1_C89437,C89437,0.7498787260059238
SV1_C81079,C81079,0.9750470450982605
SV1_C24713,C24713,0.9659605730350941
SV1_C59519,C59519,0.8149804825410465
SV1_C35473,C35473,0.908302803779086
SV1_C12051,C12051,0.8680596311946819
SV1_C48712,C48712,0.8495105001971957
SV1_C61303,C61303,0.912746846329299
SV1_C69029,C69029,0.8011916393953745
SV1_C81704,C81704,0.7364362637504543
SV1_C81075,C81075,0.9691131628844681
SV1_C10885,C10885,0.9504240467847336
SV1_C27088,C27088,0.852209959603058
SV1_C03692,C03692,0.8788433999608062
SV1_C69673,C69673,0.8478577005442991
SV1_C72054,C72054,0.8660521604221831
SV1_C46867,C46867,0.819185906898185
SV1_C55890,C55890,0.8362858378370653
SV1_C04889,C04889,0.8349100719458394
SV1_C03100,C03100,0.7970579691908015
SV1_C75013,C75013,0.9457934800194716
SV1_C44503,C44503,0.863918277379277
SV1_C95507,C95507,0.9911184645673781
SV1_C88819,C88819,0.9144979238499025
SV1_C61315,C61315,0.8609149478155936
SV1_C25887,C25887,0.8766221330004064
SV1_C90612,C90612,0.9354909659484797
SV1_C49225,C49225,0.7856217600835238
SV1_C18035,C18035,0.8986080433933067
SV1_C90656,C90656,0.8522762770567618
SV1_C03037,C03037,0.9900018588482652
SV1_C13911,C13911,0.7390234909080672
SV1_C76892,C76892,0.9001887570556916
SV1_C70276,C70276,0.7060558354024435
SV1_C91239,C91239,0.7729534264151626
SV1_C93118,C93118,0.7933825898758907
SV1_C17429,C17429,0.8650205205202403
SV1_C94242,C94242,0.7616319115584682
SV1_C66715,C66715,0.8049649712042772
SV1_C10215,C10215,0.8641018947996437
SV1_C31315,C31315,0.8045104555103063
SV1_C16234,C16234,0.9719212875835749
SV1_C64282,C64282,0.8714551646382559
SV1_C22234,C22234,0.8797865978516055
SV1_C54718,C54718,0.8233403431235524
SV1_C48668,C48668,0.8432589065449063
SV1_C05415,C05415,0.9500829819565328
SV1_C46290,C46290,0.8610635408586876
SV1_C48068,C48068,0.8544657644912308
SV1_C91289,C91289,0.8738536267000789
SV1_C31809,C31809,0.9018099625957124
SV1_C66084,C66084,0.827148254773605
SV1_C78016,C78016,0.9251900204084704
SV1_C02478,C02478,0.8212208882355391
SV1_C28217,C28217,0.8413150271468676
SV1_C48718,C48718,0.9408954829407383
SV1_C67917,C67917,0.9902769825712435
SV1_C51687,C51687,0.9263058075415036
SV1_C72718,C72718,0.9365151410338026
SV1_C57039,C57039,0.7792886838345999
SV1_C96639,C96639,0.9683785449216699
SV1_C13861,C13861,0.820830032404201
SV1_C84085,C84085,0.8776680953077729
SV1_C44500,C44500,0.9940333656638434
SV1_C75116,C75116,0.8102063341869604
SV1_C28803,C28803,0.8872027346981184
SV1_C93615,C93615,0.9083500326628692
SV1_C30682,C30682,0.8674043795063019
SV1_C84072,C84072,0.8368884108986823
SV1_C08438,C08438,0.7615684701663739
SV1_C84604,C84604,0.924909724844316
SV1_C39000,C39000,0.8267306392596045
SV1_C64918,C64918,0.9029477009288295
SV1_C46281,C46281,0.9292249334021015
SV1_C81016,C81016,0.8912064623321395
SV1_C58829,C58829,0.8281592065905846
SV1_C09696,C09696,0.8386181103088406
SV1_C67228,C67228,0.7794596692088789
SV1_C63093,C63093,0.7496679206791129
SV1_C50519,C50519,0.9374549252943628
SV1_C56519,C56519,0.8676704324106709
SV1_C06003,C06003,0.9388954658976815
SV1_C84605,C84605,0.9199647095513949
SV1_C60622,C60622,0.87553468289201
SV1_C47451,C47451,0.7788673454918643
SV1_C71444,C71444,0.7943730553717432
SV1_C48098,C48098,0.9317703239887453
SV1_C46845,C46845,0.9802630921515296
SV1_C51703,C51703,0.9381941383581577
SV1_C86420,C86420,0.8517837008868366
SV1_C25310,C25310,0.9737973095692054
SV1_C04209,C04209,0.9603695523218536
SV1_C00032,C00032,0.9795826749351632
SV1_C09613,C09613,0.9730492906116713
SV1_C81099,C81099,0.910038389686914
SV1_C54690,C54690,0.900288094933825
SV1_C04879,C04879,0.7591907988129437
SV1_C43291,C43291,0.7807662227037749
SV1_C22912,C22912,0.9204686507790308
SV1_C97274,C97274,0.8331185446769265
SV1_C33693,C33693,0.7982019239818614
SV1_C55916,C55916,0.8046779531109519
SV1_C34221,C34221,0.962752173402072
SV1_C18621,C18621,0.8439193558210425
SV1_C21024,C21024,0.8174590795860077
SV1_C82296,C82296,0.737455938804341
SV1_C46904,C46904,0.985059629534875
SV1_C56513,C56513,0.9675058462762487
SV1_C54616,C54616,0.8535538793444699
SV1_C71430,C71430,0.8403590783951516
SV1_C61222,C61222,0.8671417509148329
SV1_C16822,C16822,0.868450428328664
SV1_C87004,C87004,0.8651997455809377
SV1_C57685,C57685,0.9353726684280292
SV1_C80506,C80506,0.8629482894207333
SV1_C18644,C18644,0.892495800779976
SV1_C83517,C83517,0.8149798169745983
SV1_C61313,C61313,0.8500122663018241
SV1_C44478,C44478,0.9286710385696344
SV1_C03602,C03602,0.9470527522832612
SV1_C51099,C51099,0.9322697605682659
SV1_C70300,C70300,0.7958887348854102
SV1_C48640,C48640,0.9045994310329787
SV1_C94294,C94294,0.8264255820642689
SV1_C29489,C29489,0.8040339602468533
SV1_C46911,C46911,0.8414225979307861
SV1_C21075,C21075,0.847674999078144
SV1_C30103,C30103,0.7959213827344094
SV1_C58833,C58833,0.8286693689465601
SV1_C31812,C31812,0.8831233168927632
SV1_C39005,C39005,0.8528173855571838
SV1_C16283,C16283,0.9372595329749236
SV1_C93713,C93713,0.8013145986169715
SV1_C12695,C12695,0.880016428743637
SV1_C25282,C25282,0.9584898688089682
SV1_C26407,C26407,0.9516349044940037
SV1_C44417,C44417,0.7930483252779884
SV1_C53433,C53433,0.9555970508035722
SV1_C33020,C33020,0.8851874007882364
SV1_C92519,C92519,0.7615199857183981
SV1_C25874,C25874,0.9586722498543325
SV1_C64290,C64290,0.924175362891868
SV1_C88288,C88288,0.873045061534967
SV1_C56495,C56495,0.8311405768231268
SV1_C92450,C92450,0.8950783320159788
SV1_C22305,C22305,0.8935516635418682
SV1_C97231,C97231,0.9970950177272858
SV1_C69613,C69613,0.9587602592826413
SV1_C18002,C18002,0.9161148844958162
SV1_C85899,C85899,0.7639370604153792
SV1_C43226,C43226,0.7725828304492613
SV1_C73888,C73888,0.8329416458541604
SV1_C99694,C99694,0.8218251249811425
SV1_C55824,C55824,0.9737315987994287
SV1_C75059,C75059,0.9168360312091542
SV1_C22244,C22244,0.8473541982431848
SV1_C33615,C33615,0.8437577379925965
SV1_C70278,C70278,0.8804631632523987
SV1_C14421,C14421,0.8179670791795004
SV1_C76857,C76857,0.8138015115935553
SV1_C64279,C64279,0.9340615566553964
SV1_C90025,C90025,0.8189406630472694
SV1_C72025,C72025,0.7904333200902309
SV1_C75009,C75009,0.9557385755995744
SV1_C22914,C22914,0.9836098024810577
SV1_C61826,C61826,0.7298107906108857
SV1_C68409,C68409,0.9975013527687091
SV1_C28243,C28243,0.7912450361593992
SV1_C10313,C10313,0.784057491564714
SV1_C82208,C82208,0.9488742891918307
SV1_C88804,C88804,0.8845433890521113
SV1_C06622,C06622,0.8908540419537434
SV1_C29401,C29401,0.9093214916392657
SV1_C63037,C63037,0.8170752915675615
SV1_C23519,C23519,0.8693067470474939
SV1_C66711,C66711,0.878144091177872
SV1_C42001,C42001,0.8856618325451888
SV1_C49905,C49905,0.8440613776650703
SV1_C18029,C18029,0.8347829190456089
SV1_C94303,C94303,0.9889191091922568
SV1_C82905,C82905,0.726299232014156
SV1_C29414,C29414,0.9378917741193605
SV1_C68480,C68480,0.8346960244731477
SV1_C03002,C03002,0.9590018068782962
SV1_C24079,C24079,0.8108424677091941
SV1_C58243,C58243,0.752983767348732
SV1_C99716,C99716,0.8874094213405649
SV1_C61212,C61212,0.9321031460822887
SV1_C61298,C61298,0.9969001563520618
SV1_C48058,C48058,0.9160538711208808
SV1_C81675,C81675,0.9650553154937186
SV1_C27706,C27706,0.9660806803042528
SV1_C96699,C96699,0.9763509009267398
SV1_C90011,C90011,0.8891258610171338
SV1_C45029,C45029,0.8061254407115729
SV1_C34888,C34888,0.9902083842754902
SV1_C94878,C94878,0.8637306227409296
SV1_C28291,C28291,0.805536209573766
SV1_C28896,C28896,0.7814824613936762
SV1_C13898,C13898,0.7576172277375404
SV1_C81677,C81677,0.9941782874526123
SV1_C60096,C60096,0.9070270689381328
SV1_C45678,C45678,0.9533993323089904
SV1_C99703,C99703,0.873219683929716
SV1_C18026,C18026,0.8911147063518182
SV1_C65516,C65516,0.9806520014235679
SV1_C91262,C91262,0.8870784366197616
SV1_C100286,C100286,0.8809375316337925
SV1_C46908,C46908,0.9779509806554518
SV1_C33005,C33005,0.8731724553582121
SV1_C04810,C04810,0.8994932481586293
SV1_C98405,C98405,0.9934679300007458
SV1_C34912,C34912,0.8201790900202152
SV1_C46256,C46256,0.9894215433582197
SV1_C52318,C52318,0.8520902766210672
SV1_C72670,C72670,0.8761800789847103
SV1_C07295,C07295,0.8655451084999642
SV1_C52222,C52222,0.8253466305625259
SV1_C100200,C100200,0.9097690506943041
SV1_C78656,C78656,0.8479425333362497
SV1_C69079,C69079,0.860433744679168
SV1_C46841,C46841,0.9033303216053334
SV1_C01304,C01304,0.7695735561976821
SV1_C54715,C54715,0.9740344646946482
SV1_C40213,C40213,0.8874931475232348
SV1_C84081,C84081,0.8423367311739597
SV1_C04821,C04821,0.704352778967284
SV1_C14484,C14484,0.851448183106925
SV1_C63615,C63615,0.8129445965108518
SV1_C54004,C54004,0.8748338314924771
SV1_C58820,C58820,0.8418680990780048
SV1_C46270,C46270,0.7792762968902902
SV1_C13855,C13855,0.7693848772620498
SV1_C45674,C45674,0.9542535020846982
SV1_C19247,C19247,0.8619041454892092
SV1_C73908,C73908,0.9091978091139865
SV1_C57678,C57678,0.882681136182524
SV1_C22810,C22810,0.919285844880389
SV1_C40223,C40223,0.8978567635322193
SV1_C10845,C10845,0.8257300559977382
SV1_C76905,C76905,0.8926762351892622
SV1_C17483,C17483,0.9256580664746212
SV1_C63611,C63611,0.8156681394999932
SV1_C24673,C24673,0.8735858724839711
SV1_C27690,C27690,0.8959151798283028
SV1_C97918,C97918,0.8281749821502137
SV1_C27634,C27634,0.8575114155864899
SV1_C30004,C30004,0.8874312804384121
SV1_C10239,C10239,0.9307431645136666
SV1_C09719,C09719,0.9690811272351806
SV1_C94209,C94209,0.9737435642268673
SV1_C43266,C43266,0.9013680899015297
SV1_C95509,C95509,0.817717620583327
SV1_C56440,C56440,0.8390180153653869
SV1_C58304,C58304,0.8773603278316009
SV1_C54717,C54717,0.7330534371192521
SV1_C84708,C84708,0.8385119602883349
SV1_C72044,C72044,0.762568562765039
SV1_C52913,C52913,0.8042713755518195
SV1_C69675,C69675,0.9187397297902419
SV1_C22233,C22233,0.9726827298856036
SV1_C71428,C71428,0.8782215880143214
SV1_C53486,C53486,0.8660498572627303
SV1_C52816,C52816,0.8547396969561672
SV1_C70899,C70899,0.7642152477354537
SV1_C48014,C48014,0.8899235349368552
SV1_C47466,C47466,0.8870299487203752
SV1_C76214,C76214,0.9166648097495866
SV1_C66073,C66073,0.8749863115308599
SV1_C13879,C13879,0.7158888161511554
SV1_C19879,C19879,0.7839903094544073
SV1_C18635,C18635,0.9355454150563333
SV1_C25913,C25913,0.9636109323381957
SV1_C33699,C33699,0.8221642930354468
SV1_C94314,C94314,0.9089633501760737
SV1_C28895,C28895,0.7864505325942879
SV1_C86498,C86498,0.9617780076435082
SV1_C94808,C94808,0.9834889431192856
SV1_C23401,C23401,0.8820003893272486
SV1_C28298,C28298,0.9757417038054143
SV1_C76886,C76886,0.8867004554926117
SV1_C28872,C28872,0.9429448043682906
SV1_C76225,C76225,0.9415471615166751
SV1_C78043,C78043,0.9147628396601336
SV1_C34309,C34309,0.8018889530189068
SV1_C75029,C75029,0.8672676794874148
SV1_C63076,C63076,0.7800079505419223
SV1_C22316,C22316,0.8717080620248363
SV1_C93706,C93706,0.9275231109956881
SV1_C97900,C97900,0.8068669109466
SV1_C28897,C28897,0.8128840061776671
SV1_C46229,C46229,0.8020868583284374
SV1_C26435,C26435,0.8635576413475847
SV1_C74403,C74403,0.8637102622937527
SV1_C27020,C27020,0.9144993164375601
SV1_C24609,C24609,0.9186842072548113
SV1_C76252,C76252,0.7538535895836571
SV1_C60640,C60640,0.7634064413817508
SV1_C01823,C01823,0.767068220592029
SV1_C93038,C93038,0.8348338254490176
SV1_C78041,C78041,0.8668374557786235
SV1_C75610,C75610,0.8910136879351598
SV1_C25901,C25901,0.8860277795217756
SV1_C12009,C12009,0.9077720125542429
SV1_C61235,C61235,0.8329007734197618
SV1_C21683,C21683,0.758111722820435
SV1_C44474,C44474,0.9297958930292292
SV1_C64838,C64838,0.9322906722722965
SV1_C94805,C94805,0.9793829953190749
SV1_C27704,C27704,0.9841498628322287
SV1_C39006,C39006,0.9161661302850478
SV1_C06022,C06022,0.8738167599682095
SV1_C83512,C83512,0.8697953260632795
SV1_C29410,C29410,0.933078797250949
SV1_C58296,C58296,0.8842787353470545
SV1_C30090,C30090,0.8244228297219183
SV1_C04834,C04834,0.9185914049962022
SV1_C33616,C33616,0.8787329522859478
SV1_C58882,C58882,0.9245406574853371
SV1_C63100,C63100,0.877709268832169
SV1_C97833,C97833,0.886310563691831
SV1_C87104,C87104,0.9889651558144116
SV1_C92442,C92442,0.8007294879775212
SV1_C73842,C73842,0.7795333673854268
SV1_C87628,C87628,0.7874519428934146
SV1_C54617,C54617,0.8561208769158684
SV1_C82818,C82818,0.8899351998740624
SV1_C87673,C87673,0.8444319448502854
SV1_C11499,C11499,0.990098940750402
SV1_C55892,C55892,0.873956416413419
SV1_C29409,C29409,0.9148793789972485
SV1_C88228,C88228,0.7828612877488849
SV1_C01919,C01919,0.811080235389339
SV1_C52238,C52238,0.8878816150853834
SV1_C22227,C22227,0.7501399013508863
SV1_C16816,C16816,0.88035862518897
SV1_C50510,C50510,0.9098162482112544
SV1_C58887,C58887,0.8554183462458811
SV1_C92492,C92492,0.8323525167000919
SV1_C68499,C68499,0.8993811739549463
SV1_C87707,C87707,0.8347438263118293
SV1_C89469,C89469,0.8040181530455509
SV1_C73823,C73823,0.9275439910868207
SV1_C69039,C69039,0.8811777552603794
SV1_C47475,C47475,0.912457389037822
SV1_C20446,C20446,0.7670445366127687
SV1_C73826,C73826,0.7673811011243485
SV1_C66106,C66106,0.9908504303978046
SV1_C82210,C82210,0.9031259220590672
SV1_C70316,C70316,0.942012883659239
SV1_C94287,C94287,0.9160279975188362
SV1_C34289,C34289,0.9453487545268868
SV1_C10289,C10289,0.8640163042960919
SV1_C10261,C10261,0.7823885691206145
SV1_C87716,C87716,0.7818936932666195
SV1_C34296,C34296,0.8156070743234904
SV1_C71487,C71487,0.9773932142203844
SV1_C81617,C81617,0.8896443003940194
SV1_C69691,C69691,0.8871334922914402
SV1_C99707,C99707,0.8844440821295672
SV1_C91806,C91806,0.9333566964450931
SV1_C57086,C57086,0.7649804901468608
SV1_C37204,C37204,0.8376435282914193
SV1_C57687,C57687,0.8440083717675703
SV1_C12065,C12065,0.8732192540935012
SV1_C67203,C67203,0.8067415334426435
SV1_C12043,C12043,0.8853977680385497
SV1_C12646,C12646,0.8624125863191683
SV1_C95508,C95508,0.8077465575652618
SV1_C09102,C09102,0.9164013903995384
SV1_C12608,C12608,0.9603876228818621
SV1_C69085,C69085,0.9130396677822422
SV1_C08454,C08454,0.7702773641589045
SV1_C49264,C49264,0.9086856280662492
SV1_C67879,C67879,0.8288891698937964
SV1_C51032,C51032,0.8954148383259122
SV1_C61221,C61221,0.8446001415482112
SV1_C67297,C67297,0.9607211258083733
SV1_C78091,C78091,0.8536329228103973
SV1_C55836,C55836,0.9514823896918675
SV1_C92475,C92475,0.9271853264591355
SV1_C33076,C33076,0.9950392784749893
SV1_C10886,C10886,0.9031128169015042
SV1_C81719,C81719,0.8227260781451792
SV1_C09652,C09652,0.7892775664674333
SV1_C75104,C75104,0.9209669839668728
SV1_C51690,C51690,0.8864957928751199
SV1_C53416,C53416,0.8511357290313218
SV1_C94312,C94312,0.7581590014403244
SV1_C16293,C16293,0.7653493680867537
SV1_C84690,C84690,0.8406167728923987
SV1_C49850,C49850,0.9854810087518326
SV1_C60111,C60111,0.87495026308659
SV1_C99110,C99110,0.967065075422426
SV1_C46817,C46817,0.77411060064939
SV1_C62496,C62496,0.9137049798378561
SV1_C54620,C54620,0.7586732827018168
SV1_C26504,C26504,0.8867448221870855
SV1_C61917,C61917,0.899247148257454
SV1_C89446,C89446,0.7751559367677814
SV1_C67299,C67299,0.9041190808077528
SV1_C93102,C93102,0.7680997345986683
SV1_C69709,C69709,0.8873868763496104
SV1_C01819,C01819,0.7741569884537792
SV1_C33092,C33092,0.8198627964851221
SV1_C52288,C52288,0.8892780278287346
SV1_C97838,C97838,0.8843844546760039
SV1_C46204,C46204,0.8488468913046491
SV1_C32474,C32474,0.8596904124824688
SV1_C47497,C47497,0.978990201292374
SV1_C92481,C92481,0.958443210621799
SV1_C15093,C15093,0.7591107365125782
SV1_C95402,C95402,0.950685405654851
SV1_C04832,C04832,0.9302304976987805
SV1_C48705,C48705,0.8993749837988587
SV1_C51615,C51615,0.8848996244205601
SV1_C84715,C84715,0.809564352528825
SV1_C51716,C51716,0.7061317927639134
SV1_C06689,C06689,0.9278044507116198
SV1_C01902,C01902,0.870315074043895
SV1_C64227,C64227,0.884035001463133
SV1_C78609,C78609,0.9757089587586647
SV1_C61823,C61823,0.8363471356348584
SV1_C06102,C06102,0.7991148202424185
SV1_C58224,C58224,0.8396823865014902
SV1_C45642,C45642,0.815338891998125
SV1_C14409,C14409,0.9210855022750724
SV1_C62426,C62426,0.7440458712856888
SV1_C01802,C01802,0.966065932708444
SV1_C08486,C08486,0.9258933400809051
SV1_C61901,C61901,0.9625098127925013
SV1_C11478,C11478,0.8992340024639535
SV1_C45017,C45017,0.7894594086679488
SV1_C11506,C11506,0.9033889646354406
SV1_C10848,C10848,0.7740939081969366
SV1_C55224,C55224,0.9911718877150044
SV1_C64316,C64316,0.926622913524893
SV1_C98495,C98495,0.7361466044885906
SV1_C75069,C75069,0.9595404133288145
SV1_C13280,C13280,0.9976794858678455
SV1_C19823,C19823,0.8910065836294301
SV1_C64829,C64829,0.8814911646234767
SV1_C54692,C54692,0.9299820001528177
SV1_C20482,C20482,0.9072160009406296
SV1_C50508,C50508,0.7973786648726119
SV1_C93611,C93611,0.8680475314494939
SV1_C59430,C59430,0.8306618222927634
SV1_C52834,C52834,0.903339109807405
SV1_C86504,C86504,0.9855379820336747
SV1_C70800,C70800,0.8536645454374641
SV1_C93010,C93010,0.8724607862622701
SV1_C09640,C09640,0.7203085738150046
SV1_C19827,C19827,0.9971415792688715
SV1_C75680,C75680,0.9168180328169259
SV1_C59440,C59440,0.7608243112214236
SV1_C86502,C86502,0.96240528152949
SV1_C58287,C58287,0.8503485301368784
SV1_C67207,C67207,0.8090675314714959
SV1_C45630,C45630,0.7735355103326456
SV1_C84618,C84618,0.8396073430867564
SV1_C64305,C64305,0.8869559703564176
SV1_C00718,C00718,0.877298218919699
SV1_C31818,C31818,0.91329800282218
SV1_C87058,C87058,0.9296868418607539
SV1_C96096,C96096,0.8229874325347887
SV1_C92438,C92438,0.8498411944595781
SV1_C48659,C48659,0.8634104230167711
SV1_C45613,C45613,0.8324136466098745
SV1_C49841,C49841,0.8033002895365112
SV1_C26519,C26519,0.8659847637596607
SV1_C25810,C25810,0.9009810133087092
SV1_C88813,C88813,0.9380757675919481
SV1_C39606,C39606,0.9295678178862945
SV1_C64872,C64872,0.798612091152196
SV1_C72695,C72695,0.8502239309987074
SV1_C51675,C51675,0.9111911476799406
SV1_C28276,C28276,0.7872948951514745
SV1_C26440,C26440,0.8740349455437953
SV1_C23433,C23433,0.9844502130159731
SV1_C46811,C46811,0.9924454415322812
SV1_C03040,C03040,0.9671236922278208
SV1_C46855,C46855,0.7870194190928133
SV1_C69105,C69105,0.9399498363590396
SV1_C91821,C91821,0.9163929416464812
SV1_C09019,C09019,0.8533911234385805
SV1_C66039,C66039,0.8411423781805668
SV1_C69602,C69602,0.9460325343983991
SV1_C88838,C88838,0.73518825797415
SV1_C15644,C15644,0.9117114658650117
SV1_C43840,C43840,0.8610733054402265
SV1_C54626,C54626,0.9480748970087582
SV1_C87077,C87077,0.8267032987854699
SV1_C63621,C63621,0.9392481758848079
SV1_C94296,C94296,0.8223489743378967
SV1_C05402,C05402,0.8625719632907456
SV1_C27076,C27076,0.8560342286003997
SV1_C70239,C70239,0.9430930676876791
SV1_C14479,C14479,0.9311450539564722
SV1_C45621,C45621,0.8606278343894828
SV1_C43254,C43254,0.9610611007104819
SV1_C53447,C53447,0.9240084618636337
SV1_C71417,C71417,0.9136577747903291
SV1_C78002,C78002,0.9164856424413471
SV1_C70244,C70244,0.8448575391854705
SV1_C12083,C12083,0.9103295750960786
SV1_C96084,C96084,0.9285202882699448
SV1_C03698,C03698,0.9009801444357983
SV1_C73859,C73859,0.9239604956738491
SV1_C08444,C08444,0.7971569473740233
SV1_C31823,C31823,0.8258755781155209
SV1_C55908,C55908,0.9585111713541835
SV1_C96709,C96709,0.8080181432796387
SV1_C37209,C37209,0.8534218375564411
SV1_C17479,C17479,0.9155569627939298
SV1_C86488,C86488,0.8761384201690012
SV1_C98445,C98445,0.9580369562825656
SV1_C20442,C20442,0.8400744716504037
SV1_C91897,C91897,0.9269101315102725
SV1_C27679,C27679,0.8452113889307187
SV1_C14444,C14444,0.9054667546833228
SV1_C50419,C50419,0.8811219781342021
SV1_C82918,C82918,0.7756841631413312
SV1_C73887,C73887,0.8961386937497913
SV1_C67287,C67287,0.8415166712209531
SV1_C56496,C56496,0.9768204406958666
SV1_C86457,C86457,0.8195784955726637
SV1_C16207,C16207,0.892471563449937
SV1_C21089,C21089,0.9000375711394074
SV1_C68416,C68416,0.887736740300152
SV1_C87000,C87000,0.8604640625839157
SV1_C62497,C62497,0.9557267515525468
SV1_C84119,C84119,0.797952744330262
SV1_C49866,C49866,0.9808928208028189
SV1_C01899,C01899,0.7959642593017714
SV1_C15012,C15012,0.9004029034328289
SV1_C05438,C05438,0.9637577944751622
SV1_C83421,C83421,0.8494839989121119
SV1_C51627,C51627,0.9929269020461672
SV1_C73821,C73821,0.9501582225270013
SV1_C87088,C87088,0.8760299795147232
SV1_C73880,C73880,0.9410433544957318
SV1_C71422,C71422,0.9703204509950845
SV1_C91307,C91307,0.8147675516459881
SV1_C01808,C01808,0.9900516056734034
SV1_C49244,C49244,0.9543055657705029
SV1_C12659,C12659,0.8395455110168198
SV1_C29485,C29485,0.9039729315528684
SV1_C73264,C73264,0.8405430766876826
SV1_C19895,C19895,0.8054019482684255
SV1_C49290,C49290,0.8564060061713928
SV1_C88896,C88896,0.9938620541051579
SV1_C25238,C25238,0.8827586495892468
SV1_C97223,C97223,0.9934546324013529
SV1_C07292,C07292,0.7734654515751977
SV1_C54642,C54642,0.8422249168202764
SV1_C44443,C44443,0.751591036904564
SV1_C90635,C90635,0.8138881069586126
SV1_C25900,C25900,0.8532712127240661
SV1_C03047,C03047,0.817221444738995
SV1_C31817,C31817,0.8919422692823463
SV1_C83509,C83509,0.8779812021087195
SV1_C61309,C61309,0.9328909607732883
SV1_C66705,C66705,0.9556880122671844
SV1_C03014,C03014,0.9557704561947762
SV1_C64825,C64825,0.875903386336411
SV1_C66044,C66044,0.8679117503915609
SV1_C72690,C72690,0.8736493261086512
SV1_C61283,C61283,0.8626033995294156
SV1_C01298,C01298,0.8596750100510255
SV1_C51620,C51620,0.78530782432231
SV1_C94894,C94894,0.8250267500971588
SV1_C22299,C22299,0.8254600525349551
SV1_C46288,C46288,0.7903689725230093
SV1_C86477,C86477,0.8098020394442361
SV1_C09624,C09624,0.8154477964120576
SV1_C48697,C48697,0.8980357082713121
SV1_C54030,C54030,0.9332345134690622
SV1_C33094,C33094,0.7580650635357334
SV1_C98441,C98441,0.8695671748067176
SV1_C93629,C93629,0.9841516691655966
SV1_C29508,C29508,0.8391400046883378
SV1_C25300,C25300,0.858647108088744
SV1_C58814,C58814,0.9983861939627747
SV1_C48622,C48622,0.7699976548439176
SV1_C32411,C32411,0.8711518065665211
SV1_C03615,C03615,0.8199712106874473
SV1_C81606,C81606,0.9005831392223298
SV1_C42600,C42600,0.8295223109192376
SV1_C04210,C04210,0.9333702243322667
SV1_C87606,C87606,0.9060520472367358
SV1_C34875,C34875,0.8260768080542115
SV1_C26432,C26432,0.9548275274000061
SV1_C48656,C48656,0.8891491253787908
SV1_C79872,C79872,0.9849935711393552
SV1_C86426,C86426,0.7632734264811479
SV1_C48082,C48082,0.997693442474143
SV1_C88812,C88812,0.9153488223376881
SV1_C47514,C47514,0.9119275331237291
SV1_C87627,C87627,0.8488913801048944
SV1_C66644,C66644,0.8692083892804563
SV1_C05495,C05495,0.8966284030560212
SV1_C79214,C79214,0.8792491603555306
SV1_C49216,C49216,0.8344446008529806
SV1_C14486,C14486,0.8117986395377705
SV1_C46299,C46299,0.8647691645377179
SV1_C63713,C63713,0.8565940050607536
SV1_C49232,C49232,0.7830698590119571
SV1_C91854,C91854,0.8843032894613181
SV1_C61817,C61817,0.9293099776343738
SV1_C93103,C93103,0.7398531902784762
SV1_C25204,C25204,0.9210599779290887
SV1_C18083,C18083,0.905221451879511
SV1_C93057,C93057,0.9411311508232033
SV1_C100282,C100282,0.8976425602515561
SV1_C55312,C55312,0.8725746533531799
SV1_C29487,C29487,0.986934072341154
SV1_C40207,C40207,0.9800296217630916
SV1_C55277,C55277,0.861818570349123
SV1_C45632,C45632,0.800929688847494
SV1_C73292,C73292,0.8775356830045004
SV1_C43246,C43246,0.8664933510848425
SV1_C49233,C49233,0.7884433671212913
SV1_C91263,C91263,0.927365054364606
SV1_C90674,C90674,0.96044502557712
SV1_C03703,C03703,0.8192749017099473
SV1_C22272,C22272,0.7615661694950683
SV1_C48023,C48023,0.7940233181301739
SV1_C46893,C46893,0.7713495422904068
SV1_C12024,C12024,0.9327641457867832
SV1_C90697,C90697,0.9899854756628444
SV1_C66007,C66007,0.7837371952445551
SV1_C72018,C72018,0.9003843162891636
SV1_C67827,C67827,0.8958620481269542
SV1_C48635,C48635,0.8073822253853605
SV1_C79809,C79809,0.9260954104024347
SV1_C53480,C53480,0.9777286803697796
SV1_C49271,C49271,0.7776408131340337
SV1_C50440,C50440,0.7749093943002033
SV1_C63088,C63088,0.837771791473236
SV1_C58240,C58240,0.7528471284527547
SV1_C60675,C60675,0.8498300098428198
SV1_C93684,C93684,0.8763044912920933
SV1_C52808,C52808,0.8590939519422883
SV1_C75086,C75086,0.8831460816006153
SV1_C07200,C07200,0.9997916355681553
SV1_C45640,C45640,0.8906632704168814
SV1_C58840,C58840,0.7574579576839277
SV1_C84000,C84000,0.9483725560367958
SV1_C60625,C60625,0.8342609393024928
SV1_C11460,C11460,0.7522806528921254
SV1_C93042,C93042,0.8040377996253972
SV1_C51107,C51107,0.9511542475952369
SV1_C01245,C01245,0.8278082915255573
SV1_C69034,C69034,0.8282512521920159
SV1_C28874,C28874,0.8341371345866648
SV1_C43290,C43290,0.7976623899058602
SV1_C53476,C53476,0.9783399846097512
SV1_C33102,C33102,0.8871739314500625
SV1_C28319,C28319,0.8886427000391673
SV1_C09626,C09626,0.8335763901275518
SV1_C22802,C22802,0.9104537715796319
SV1_C13234,C13234,0.8855253618463321
SV1_C24032,C24032,0.9990912642550006
SV1_C91279,C91279,0.9083517164424162
SV1_C28221,C28221,0.8551710341802644
SV1_C07212,C07212,0.9860569670026151
SV1_C14493,C14493,0.761280724596285
SV1_C99677,C99677,0.885331182058899
SV1_C76258,C76258,0.8161558346735859
SV1_C43835,C43835,0.780183043894311
SV1_C36601,C36601,0.8283364687150881
SV1_C49205,C49205,0.8668155293131334
SV1_C09625,C09625,0.811664903549242
SV1_C96102,C96102,0.9150124162877896
SV1_C01908,C01908,0.9467048379600396
SV1_C34909,C34909,0.8418354888103422
SV1_C00616,C00616,0.9361859250198804
SV1_C94278,C94278,0.8662714871364727
SV1_C67310,C67310,0.9776697003677872
SV1_C59444,C59444,0.8577555439059746
SV1_C75611,C75611,0.8562847955460979
SV1_C66016,C66016,0.8708704508763491
SV1_C27691,C27691,0.8447814310775282
SV1_C76277,C76277,0.9072668770059249
SV1_C64225,C64225,0.8232035812715602
SV1_C25242,C25242,0.8101705550111622
SV1_C10260,C10260,0.7730766208802508
SV1_C43247,C43247,0.8688241455700261
SV1_C97222,C97222,0.9562417737267759
SV1_C26508,C26508,0.8861771398175802
SV1_C18677,C18677,0.8327746533077561
SV1_C93069,C93069,0.933473377474905
SV1_C74404,C74404,0.9655899277710661
SV1_C53511,C53511,0.974666178501261
SV1_C78055,C78055,0.7242227025856013
SV1_C79874,C79874,0.9270903804689061
SV1_C11484,C11484,0.9088512019644293
SV1_C66641,C66641,0.8517144911003569
SV1_C89501,C89501,0.9993046931564569
SV1_C73904,C73904,0.9203022341240711
SV1_C85209,C85209,0.8953799539908819
SV1_C10249,C10249,0.7916483608810484
SV1_C54033,C54033,0.9765185896539238
SV1_C78040,C78040,0.8619248448711859
SV1_C48099,C48099,0.836574830541912
SV1_C19246,C19246,0.9547296479585639
SV1_C57016,C57016,0.9611258493353366
SV1_C52283,C52283,0.9331848327579686
SV1_C66633,C66633,0.884621903241391
SV1_C46886,C46886,0.9577392574697775
SV1_C70817,C70817,0.9301704022151193
SV1_C66091,C66091,0.7944475388933275
SV1_C74466,C74466,0.819545294540163
SV1_C57090,C57090,0.7897975565641714
SV1_C29411,C29411,0.8914073811019526
SV1_C00072,C00072,0.9692394804266989
SV1_C95494,C95494,0.8227501003954627
SV1_C31885,C31885,0.9487436963455812
SV1_C12025,C12025,0.9379522587274511
SV1_C60113,C60113,0.8390359544693065
SV1_C45067,C45067,0.8166468519381476
SV1_C68427,C68427,0.9041980082682277
SV1_C43900,C43900,0.9931378338060838
SV1_C00674,C00674,0.8623697863354371
SV1_C60621,C60621,0.8533875840672919
SV1_C71493,C71493,0.7277579857287266
SV1_C03025,C03025,0.9602615597713273
SV1_C49246,C49246,0.8996532954494098
SV1_C11472,C11472,0.934605596361854
SV1_C07270,C07270,0.8954104280568377
SV1_C72110,C72110,0.8698976993769243
SV1_C45606,C45606,0.9434399112545465
SV1_C63702,C63702,0.8922137936355906
SV1_C48625,C48625,0.780033309582918
SV1_C46206,C46206,0.9417724035313604
SV1_C24626,C24626,0.8918713932538619
SV1_C10872,C10872,0.9600102505139864
SV1_C88220,C88220,0.8716532151392818
SV1_C48015,C48015,0.9556034444858411
SV1_C06115,C06115,0.8701701326658137
SV1_C34913,C34913,0.8081842025464495
SV1_C05477,C05477,0.7884191001676554
SV1_C99712,C99712,0.9462713794035122
SV1_C94899,C94899,0.9850216872294499
SV1_C93084,C93084,0.8867834596259389
SV1_C87082,C87082,0.8427148320560741
SV1_C28888,C28888,0.8301840736951472
SV1_C60101,C60101,0.9461334518593473
SV1_C90072,C90072,0.8834293887788874
SV1_C25811,C25811,0.9784069418232546
SV1_C33682,C33682,0.8369926690920678
SV1_C82201,C82201,0.9443370424286841
SV1_C40210,C40210,0.9402966153448361
SV1_C44440,C44440,0.8717653528351301
SV1_C01834,C01834,0.8854682750577675
SV1_C94228,C94228,0.9773019357191748
SV1_C33007,C33007,0.8557752361014808
SV1_C72677,C72677,0.9541731311404466
SV1_C09702,C09702,0.917725454530668
SV1_C45025,C45025,0.8056128837795805
SV1_C84001,C84001,0.9434785413375174
SV1_C65427,C65427,0.8620171227431035
SV1_C93052,C93052,0.9300478639582122
SV1_C78088,C78088,0.8770698074560811
SV1_C12678,C12678,0.8965211198787099
SV1_C11497,C11497,0.8206475337898571
SV1_C12651,C12651,0.8124669235505658
SV1_C33108,C33108,0.798531094701932
SV1_C54000,C54000,0.8751868264736843
SV1_C51604,C51604,0.8614864919234818
SV1_C01915,C01915,0.8429109119044712
SV1_C92402,C92402,0.8988875638348215
SV1_C78005,C78005,0.9611828286123811
SV1_C12647,C12647,0.9265825955340774
SV1_C69617,C69617,0.8900237299924271
SV1_C51704,C51704,0.8106270120083073
SV1_C57640,C57640,0.7471115856579769
SV1_C90689,C90689,0.8709250511818174
SV1_C78671,C78671,0.8572853541190336
SV1_C72015,C72015,0.8465953138336318
SV1_C35514,C35514,0.8732228399963706
SV1_C33095,C33095,0.78451819158788
SV1_C81097,C81097,0.8748496315431936
SV1_C05412,C05412,0.8361824290713482
SV1_C79300,C79300,0.8915849810474372
SV1_C54025,C54025,0.978451179652164
SV1_C24639,C24639,0.7453950120173941
SV1_C07873,C07873,0.9988662477972774
SV1_C72705,C72705,0.9191565791581227
SV1_C91254,C91254,0.8570092239470218
SV1_C76868,C76868,0.9570631462730136
SV1_C52878,C52878,0.8909133548890352
SV1_C02408,C02408,0.9867516531934531
SV1_C08420,C08420,0.9489597062281211
SV1_C79203,C79203,0.8328970241356936
SV1_C36619,C36619,0.8881604160575076
SV1_C84111,C84111,0.8498270202987441
SV1_C97210,C97210,0.9621278429639964
SV1_C17472,C17472,0.8922105341526029
SV1_C73861,C73861,0.7593129711076562
SV1_C57695,C57695,0.7548321330907121
SV1_C97835,C97835,0.9979831062207214
SV1_C85317,C85317,0.9361881478107448
SV1_C61914,C61914,0.8946042807807238
SV1_C31913,C31913,0.9214213023165148
SV1_C69703,C69703,0.8654179755263701
SV1_C21633,C21633,0.9645202795172082
SV1_C76901,C76901,0.8918469757424093
SV1_C80476,C80476,0.9833044572185222
SV1_C56486,C56486,0.8149265408087462
SV1_C32505,C32505,0.8476909027591355
SV1_C03642,C03642,0.865487151304875
SV1_C67900,C67900,0.9148607710934417
SV1_C60001,C60001,0.9604815550529028
SV1_C87051,C87051,0.9998286295464317
SV1_C88230,C88230,0.7563029672965824
SV1_C04815,C04815,0.8975485736675772
SV1_C03006,C03006,0.9604262044412245
SV1_C40820,C40820,0.9774278500686285
SV1_C49305,C49305,0.8249694330487509
SV1_C87018,C87018,0.9457692191990437
SV1_C24630,C24630,0.8936928248216953
SV1_C57602,C57602,0.9877710380233969
SV1_C97910,C97910,0.893134469896882
SV1_C29408,C29408,0.8930164336409038
SV1_C28318,C28318,0.8207203672259793
SV1_C72649,C72649,0.7671927056965026
SV1_C00082,C00082,0.8734621992056255
SV1_C98503,C98503,0.9250828991961334
SV1_C03017,C03017,0.933941130053231
SV1_C58835,C58835,0.8376660521766123
SV1_C82914,C82914,0.8068815696592754
SV1_C24685,C24685,0.8950939101728352
SV1_C10812,C10812,0.9585959059536111
SV1_C81717,C81717,0.8263955487163837
SV1_C66088,C66088,0.7743044470977751
SV1_C88880,C88880,0.841203089330028
SV1_C99696,C99696,0.8885479034091031
SV1_C75694,C75694,0.9139555676238784
SV1_C25294,C25294,0.9276011333204087
SV1_C10846,C10846,0.8872427041330334
SV1_C78602,C78602,0.9338287590688047
SV1_C57673,C57673,0.8188677630181169
SV1_C43886,C43886,0.8875916582411698
SV1_C24604,C24604,0.9147130262267807
SV1_C07268,C07268,0.9716628360206596
SV1_C68412,C68412,0.9663636406718964
SV1_C79301,C79301,0.875803356971887
SV1_C25824,C25824,0.9816488161415947
SV1_C34906,C34906,0.8208306160632204
SV1_C59508,C59508,0.86824005345892
SV1_C73248,C73248,0.7638101080963705
SV1_C02409,C02409,0.9945953265181438
SV1_C75671,C75671,0.8823408306225526
SV1_C13813,C13813,0.989767666859547
SV1_C42609,C42609,0.8664510587031014
SV1_C94231,C94231,0.9611618635031451
SV1_C94298,C94298,0.9197695492288074
SV1_C67308,C67308,0.8864958730548839
SV1_C03609,C03609,0.9778539536311764
SV1_C63107,C63107,0.8865181932473383
SV1_C70283,C70283,0.9826886912790438
SV1_C100219,C100219,0.788518575288217
SV1_C84702,C84702,0.8443486845118441
SV1_C52278,C52278,0.8968424906665455
SV1_C25272,C25272,0.8425311498685427
SV1_C95511,C95511,0.9981460729339591
SV1_C22877,C22877,0.8307959383810268
SV1_C26431,C26431,0.8673156555203122
SV1_C97309,C97309,0.8354227411885895
SV1_C01216,C01216,0.9352223012730503
SV1_C17404,C17404,0.8786392984411671
SV1_C71483,C71483,0.9881983299283894
SV1_C96613,C96613,0.9825245265947743
SV1_C75039,C75039,0.8899228888926853
SV1_C81610,C81610,0.8997565337306503
SV1_C90093,C90093,0.963010325109978
SV1_C03026,C03026,0.8698038759201758
SV1_C50437,C50437,0.8552055484585619
SV1_C72715,C72715,0.9300930995219644
SV1_C21033,C21033,0.8347453355860516
SV1_C87031,C87031,0.8499397640923514
SV1_C85300,C85300,0.8227399448220205
SV1_C13232,C13232,0.9302704188478942
SV1_C16895,C16895,0.7944312290445948
SV1_C22218,C22218,0.895317474104335
SV1_C27009,C27009,0.8887135249843818
SV1_C52821,C52821,0.7997809462032172
SV1_C60087,C60087,0.8612836143902043
SV1_C20415,C20415,0.8052023276499319
SV1_C05482,C05482,0.7945429687134932
SV1_C75076,C75076,0.9344818333535729
SV1_C82222,C82222,0.9260912891166856
SV1_C16278,C16278,0.8330932918922027
SV1_C26512,C26512,0.9107753217345452
SV1_C97808,C97808,0.9995241654329486
SV1_C76906,C76906,0.8617390343176485
SV1_C12021,C12021,0.906799023701062
SV1_C99616,C99616,0.9152970171788436
SV1_C55886,C55886,0.8687050372744118
SV1_C73244,C73244,0.7737546982309317
SV1_C30009,C30009,0.9127286697537659
SV1_C57693,C57693,0.88935893044001
SV1_C06713,C06713,0.8930148154271369
SV1_C10308,C10308,0.8273600859477719
SV1_C58279,C58279,0.8331561127612509
SV1_C28202,C28202,0.7580446821975471
SV1_C43887,C43887,0.8185152578258705
SV1_C88832,C88832,0.7686138383019745
SV1_C12070,C12070,0.9147208601559665
SV1_C90070,C90070,0.8059363635589871
SV1_C45051,C45051,0.7978972205300436
SV1_C78632,C78632,0.9347302399375199
SV1_C87665,C87665,0.7676225316860331
SV1_C45035,C45035,0.7835562263152337
SV1_C94889,C94889,0.9149035429953702
SV1_C62491,C62491,0.8709365547214529
SV1_C81674,C81674,0.9224250478588132
SV1_C23436,C23436,0.9831823241793662
SV1_C61243,C61243,0.7958125329956293
SV1_C63625,C63625,0.7990303406006387
SV1_C08500,C08500,0.8409428150753527
SV1_C53440,C53440,0.8425045776044942
SV1_C84606,C84606,0.8832208933163284
SV1_C96640,C96640,0.9465379240151662
SV1_C75657,C75657,0.7569237872925273
SV1_C93040,C93040,0.8303229714305684
SV1_C63106,C63106,0.9516907917733265
SV1_C95473,C95473,0.9081845327068943
SV1_C87080,C87080,0.7966099613776183
SV1_C66042,C66042,0.885325124754894
SV1_C33672,C33672,0.9701214133224999
SV1_C05517,C05517,0.9192376684336092
SV1_C96035,C96035,0.9812668014637214
SV1_C58906,C58906,0.9591660916331431
SV1_C100315,C100315,0.9337632426910066
SV1_C21011,C21011,0.8150845126083782
SV1_C73828,C73828,0.824840217044504
SV1_C01810,C01810,0.9687977981859758
SV1_C00074,C00074,0.8595239739393572
SV1_C12078,C12078,0.8463632925598003
SV1_C76200,C76200,0.9294527979402512
SV1_C21675,C21675,0.7502620980602558
SV1_C57117,C57117,0.8641218797225605
SV1_C66674,C66674,0.9398974974485347
SV1_C23419,C23419,0.9797890458622652
SV1_C78014,C78014,0.9156059853870891
SV1_C37213,C37213,0.8983023243374733
SV1_C64911,C64911,0.8678999151444203
SV1_C00635,C00635,0.9907228869030286
SV1_C31821,C31821,0.8550138431154356
SV1_C87640,C87640,0.7517908303517831
SV1_C78692,C78692,0.963508735505602
SV1_C88219,C88219,0.9076728739431797
SV1_C28904,C28904,0.8350524973391339
SV1_C45711,C45711,0.8457389045068362
SV1_C67311,C67311,0.879439790138306
SV1_C75626,C75626,0.8548872962700177
SV1_C34215,C34215,0.835874047744448
SV1_C56506,C56506,0.9306713164175705
SV1_C91305,C91305,0.9752054654561769
SV1_C87003,C87003,0.8402681173460944
SV1_C21606,C21606,0.9084174240679758
SV1_C60612,C60612,0.9429442489110368
SV1_C56509,C56509,0.9865034703069454
SV1_C02422,C02422,0.7357433566838075
SV1_C84603,C84603,0.7593920775104053
SV1_C27002,C27002,0.803677104346068
SV1_C66105,C66105,0.9529591243514888
SV1_C85879,C85879,0.7923360303261792
SV1_C05488,C05488,0.9061555961824941
SV1_C28242,C28242,0.9380800139487246
SV1_C72702,C72702,0.8848614581323313
SV1_C75646,C75646,0.8532709538269952
SV1_C32475,C32475,0.9703078235576967
SV1_C16803,C16803,0.8871489787663132
SV1_C52209,C52209,0.8845757952878168
SV1_C05480,C05480,0.8143211097002413
SV1_C33696,C33696,0.8141099808535238
SV1_C69719,C69719,0.7091618320842186
SV1_C76833,C76833,0.97470613037656
SV1_C87110,C87110,0.9601265009962063
SV1_C11456,C11456,0.7581180025373373
SV1_C99600,C99600,0.9494907958412493
SV1_C00678,C00678,0.8677376527040321
SV1_C74471,C74471,0.8779761033053959
SV1_C04839,C04839,0.9071609013056713
SV1_C75087,C75087,0.9108897150380717
SV1_C43231,C43231,0.7789257834656832
SV1_C88255,C88255,0.998122218313252
SV1_C27089,C27089,0.8909596807642101
SV1_C10866,C10866,0.8814494103815226
SV1_C46872,C46872,0.9118198539248271
SV1_C09602,C09602,0.926915668099701
SV1_C08509,C08509,0.8364211548250068
SV1_C12088,C12088,0.8562712268121732
SV1_C20478,C20478,0.9090871397044141
SV1_C20493,C20493,0.7952939845045256
SV1_C70918,C70918,0.8104307597550121
SV1_C13805,C13805,0.9940600963171348
SV1_C88279,C88279,0.811596165238732
SV1_C90091,C90091,0.83589344300287
SV1_C99039,C99039,0.9405697851932644
SV1_C48602,C48602,0.8525704177365441
SV1_C27689,C27689,0.847873373430626
SV1_C03711,C03711,0.8027647915759019
SV1_C99082,C99082,0.8249774344253203
SV1_C63623,C63623,0.916814010089323
SV1_C66607,C66607,0.7893530116634242
SV1_C94837,C94837,0.9974251277762248
SV1_C18673,C18673,0.8338260811266012
SV1_C22216,C22216,0.9604230175956116
SV1_C13833,C13833,0.8916486320906196
SV1_C84609,C84609,0.919360379330345
SV1_C14483,C14483,0.9395948329041357
SV1_C26493,C26493,0.9875688043708452
SV1_C37214,C37214,0.8832397852398531
SV1_C54034,C54034,0.9316575524901798
SV1_C22215,C22215,0.9953658262806455
SV1_C59431,C59431,0.8407355861026172
SV1_C32497,C32497,0.854255859577858
SV1_C05432,C05432,0.8970390973557395
SV1_C87612,C87612,0.9020938138267204
SV1_C10314,C10314,0.8367235293378618
SV1_C25879,C25879,0.8596174255509617
SV1_C00012,C00012,0.9839359722474638
SV1_C54688,C54688,0.8286665516926388
SV1_C16840,C16840,0.773194576296538
SV1_C14422,C14422,0.8724744680510824
SV1_C44436,C44436,0.7927367909670635
SV1_C14413,C14413,0.9273819929904435
SV1_C10222,C10222,0.9886672704540033
SV1_C09106,C09106,0.914518207964085
SV1_C49896,C49896,0.8463089896143059
SV1_C73273,C73273,0.9544865995348236
SV1_C60703,C60703,0.9045550283807645
SV1_C09115,C09115,0.9240530701947749
SV1_C20437,C20437,0.8704011530691815
SV1_C25842,C25842,0.8015536661749427
SV1_C13202,C13202,0.9376093233623417
SV1_C53442,C53442,0.819265593809087
SV1_C07315,C07315,0.9125540943523829
SV1_C96036,C96036,0.9791454280846198
SV1_C93696,C93696,0.8206177684777833
SV1_C46878,C46878,0.9814062414343755
SV1_C49283,C49283,0.884692067902561
SV1_C47400,C47400,0.8196132246461793
SV1_C92415,C92415,0.8941432794340091
SV1_C55898,C55898,0.8843213020117707
SV1_C34305,C34305,0.8145469392749184
SV1_C98517,C98517,0.8458413506946344
SV1_C76832,C76832,0.9639452098415733
SV1_C26438,C26438,0.8445690752231886
SV1_C98410,C98410,0.9622389055959871
SV1_C07310,C07310,0.8847388550739284
SV1_C80488,C80488,0.8161632049057519
SV1_C97315,C97315,0.9650001188042705
SV1_C11427,C11427,0.9926272013254092
SV1_C63676,C63676,0.8038917403278316
SV1_C18004,C18004,0.8783971664856309
SV1_C09105,C09105,0.8458268423552169
SV1_C03099,C03099,0.8100618537273723
SV1_C44485,C44485,0.8709657472878758
SV1_C01806,C01806,0.9674014078301916
SV1_C61800,C61800,0.9069664916629482
SV1_C09114,C09114,0.8484520760431442
SV1_C55810,C55810,0.9551260712310123
SV1_C92508,C92508,0.8528463625023823
SV1_C44501,C44501,0.9989024124764264
SV1_C69612,C69612,0.9485110131985732
SV1_C09104,C09104,0.8405008776431004
SV1_C72042,C72042,0.786997105443128
SV1_C93032,C93032,0.8934564252609002
SV1_C67842,C67842,0.8608963287644809
SV1_C00634,C00634,0.8892781975486916
SV1_C78684,C78684,0.9455534132553933
SV1_C45065,C45065,0.9369279716027101
SV1_C31878,C31878,0.8590533392252269
SV1_C06717,C06717,0.9689869867447253
SV1_C31816,C31816,0.8689775354135586
SV1_C06690,C06690,0.8750414109533153
SV1_C42023,C42023,0.860850687239569
SV1_C10265,C10265,0.8937789734910633
SV1_C14490,C14490,0.8529483706860621
SV1_C67894,C67894,0.8094353246642373
SV1_C97846,C97846,0.960299314202197
SV1_C26503,C26503,0.8286997092504902
SV1_C13807,C13807,0.8018505223734682
SV1_C87053,C87053,0.8209788044156463
SV1_C63607,C63607,0.8167830340222854
SV1_C66112,C66112,0.8953559423410731
SV1_C42007,C42007,0.9925252159574226
SV1_C48632,C48632,0.7769325634421524
SV1_C96615,C96615,0.9040879586966312
SV1_C67231,C67231,0.8886684637652028
SV1_C96603,C96603,0.842516987788775
SV1_C94279,C94279,0.9021056138967439
SV1_C35496,C35496,0.8704565755217034
SV1_C94214,C94214,0.9332440313513464
SV1_C69021,C69021,0.917917959118391
SV1_C75635,C75635,0.9343942183030463
SV1_C100289,C100289,0.8693853903229688
SV1_C45698,C45698,0.972396605510885
SV1_C04847,C04847,0.89420936074863
SV1_C24645,C24645,0.87148397142502
SV1_C64300,C64300,0.893236517372042
SV1_C12698,C12698,0.8172648484933893
SV1_C93034,C93034,0.856847644007934
SV1_C97803,C97803,0.8488539846208772
SV1_C04901,C04901,0.8533408578131798
SV1_C100284,C100284,0.904234258733862
SV1_C00709,C00709,0.9309906745251437
SV1_C18092,C18092,0.7391729154079621
SV1_C87019,C87019,0.892253776962531
SV1_C86472,C86472,0.7872054892636593
SV1_C10871,C10871,0.9085193332402863
SV1_C88229,C88229,0.7690468259516434
SV1_C29491,C29491,0.956449355532044
SV1_C07858,C07858,0.7833814945814728
SV1_C49831,C49831,0.7878726292121866
SV1_C86442,C86442,0.7278807691258853
SV1_C10837,C10837,0.8287001259937358
SV1_C06631,C06631,0.9176055463099322
SV1_C82812,C82812,0.9424920896141666
SV1_C76805,C76805,0.8899388049656196
SV1_C78105,C78105,0.7755759167001594
SV1_C60691,C60691,0.8336270261223274
SV1_C71504,C71504,0.8218120672714473
SV1_C11465,C11465,0.8934056492640285
SV1_C72052,C72052,0.7621552765586114
SV1_C98473,C98473,0.8886034250629941
SV1_C57027,C57027,0.8018144316701282
SV1_C14494,C14494,0.7882216154557893
SV1_C72645,C72645,0.7574019116329532
SV1_C84083,C84083,0.8794400596891214
SV1_C30076,C30076,0.9694813553147695
SV1_C94909,C94909,0.8211287921512701
SV1_C45715,C45715,0.8286006938747096
SV1_C09650,C09650,0.7669586407758553
SV1_C47428,C47428,0.7771315556094978
SV1_C52207,C52207,0.8722461200356708
SV1_C48663,C48663,0.8690664074594595
SV1_C70235,C70235,0.9546036965407663
SV1_C09630,C09630,0.8317056327616087
SV1_C96027,C96027,0.9845341342461356
SV1_C27079,C27079,0.8714781375798112
SV1_C00081,C00081,0.9673619390353551
SV1_C76231,C76231,0.9515195325370851
SV1_C91276,C91276,0.9243130861157438
SV1_C70298,C70298,0.8765430506861926
SV1_C62412,C62412,0.8918025149848459
SV1_C04304,C04304,0.9011128347298698
SV1_C49825,C49825,0.8106454481171147
SV1_C79804,C79804,0.9338048278822253
SV1_C66686,C66686,0.975367912867466
SV1_C84005,C84005,0.9436325105312574
SV1_C99075,C99075,0.7365299028176966
SV1_C78044,C78044,0.782661796973636
SV1_C04895,C04895,0.861196431296894
SV1_C07256,C07256,0.7885511066048563
SV1_C00608,C00608,0.9931411832141802
SV1_C69118,C69118,0.9329075370246557
SV1_C69020,C69020,0.9144057013462091
SV1_C91245,C91245,0.7808074190609565
SV1_C30111,C30111,0.7690632817403424
SV1_C10300,C10300,0.8367391478326222
SV1_C62506,C62506,0.9907804429084994
SV1_C57112,C57112,0.9836862807001051
SV1_C56427,C56427,0.8199981488259941
SV1_C73847,C73847,0.9693311314510273
SV1_C25898,C25898,0.9041020528435246
SV1_C21028,C21028,0.8260637047020537
SV1_C94276,C94276,0.9119766006068524
SV1_C06076,C06076,0.8204541203829508
SV1_C99628,C99628,0.9932131606499437
SV1_C58913,C58913,0.841196881092858
SV1_C75080,C75080,0.9324709760447932
SV1_C68483,C68483,0.837134948049084
SV1_C67288,C67288,0.7845518929184252
SV1_C93700,C93700,0.8199727459778292
SV1_C64272,C64272,0.82115801129043
SV1_C74455,C74455,0.9216061401567508
SV1_C77513,C77513,0.789447169907019
SV1_C48633,C48633,0.7696584454437994
SV1_C23431,C23431,0.7412796614647669
SV1_C57099,C57099,0.7821859171552544
SV1_C64292,C64292,0.850455414385644
SV1_C88805,C88805,0.905274491212691
SV1_C51104,C51104,0.8111809018089498
SV1_C75110,C75110,0.8860362705099011
SV1_C27719,C27719,0.8886527749256938
SV1_C90700,C90700,0.9852919192181302
SV1_C45696,C45696,0.9924058549665506
SV1_C92482,C92482,0.9860876587435276
SV1_C27715,C27715,0.8150520785793542
SV1_C66704,C66704,0.9116173453283773
SV1_C87644,C87644,0.7401258100684436
SV1_C09033,C09033,0.7786337745254669
SV1_C93056,C93056,0.9409200263159923
SV1_C25216,C25216,0.9974535807166485
SV1_C00116,C00116,0.9231964511484789
SV1_C96637,C96637,0.9827908794521119
SV1_C74422,C74422,0.9723931495204747
SV1_C88885,C88885,0.8502781004047997
SV1_C12099,C12099,0.9702547422611886
SV1_C46279,C46279,0.8848985626584633
SV1_C27035,C27035,0.8904935623799559
SV1_C09108,C09108,0.830626575305813
SV1_C47417,C47417,0.7644265005066657
SV1_C48676,C48676,0.911848219593709
SV1_C50517,C50517,0.7549821935610795
SV1_C37820,C37820,0.9966164799437441
SV1_C59438,C59438,0.8437207805542687
SV1_C00014,C00014,0.9628002847385064
SV1_C92403,C92403,0.8563293631480827
SV1_C31822,C31822,0.8647225988325998
SV1_C72663,C72663,0.9112416774971042
SV1_C68496,C68496,0.9095122626201294
SV1_C85287,C85287,0.7705986133273492
SV1_C21605,C21605,0.8648688025619983
SV1_C13902,C13902,0.7632769096133077
SV1_C06715,C06715,0.8558751635674529
SV1_C34884,C34884,0.9698813537747547
SV1_C96619,C96619,0.9574889661503503
SV1_C15610,C15610,0.942662199260008
SV1_C79220,C79220,0.8333830980380794
SV1_C24005,C24005,0.8970183520775025
SV1_C68514,C68514,0.8875684529758794
SV1_C85911,C85911,0.8063380009277857
SV1_C22883,C22883,0.7891698709401023
SV1_C13248,C13248,0.7599480913855216
SV1_C30675,C30675,0.9728861745653214
SV1_C54638,C54638,0.9280549657610484
SV1_C87105,C87105,0.9926522190913273
SV1_C68489,C68489,0.8615474092605372
SV1_C76910,C76910,0.8544668394738271
SV1_C87633,C87633,0.7638067694597499
SV1_C11500,C11500,0.8158147031673544
SV1_C55203,C55203,0.8258906894150579
SV1_C87022,C87022,0.8933377413471963
SV1_C99607,C99607,0.814999144780247
SV1_C39021,C39021,0.9997149670428043
SV1_C71432,C71432,0.8771272744476543
SV1_C96072,C96072,0.901756354610054
SV1_C98413,C98413,0.9866491883166608
SV1_C64823,C64823,0.9891633200373706
SV1_C43804,C43804,0.8654877256093406
SV1_C57075,C57075,0.8687131358957628
SV1_C25847,C25847,0.8060668118190589
SV1_C96696,C96696,0.8215686174783255
SV1_C08453,C08453,0.7971437658423393
SV1_C54111,C54111,0.9654331356814236
SV1_C43243,C43243,0.7602113659359087
SV1_C12634,C12634,0.9020447177957427
SV1_C75655,C75655,0.9043069059132172
SV1_C81006,C81006,0.8965490151964293
SV1_C13229,C13229,0.9375918969935088
SV1_C45648,C45648,0.9904176490036757
SV1_C37208,C37208,0.8535975824103005
SV1_C97836,C97836,0.9303586707878287
SV1_C84681,C84681,0.9413129355889815
SV1_C56433,C56433,0.9298589198534696
SV1_C07219,C07219,0.8599262282910304
SV1_C02438,C02438,0.900716069628124
SV1_C49820,C49820,0.7459106809883143
SV1_C40218,C40218,0.9309706332399403
SV1_C65510,C65510,0.9637216498374749
SV1_C76218,C76218,0.9303304591979011
SV1_C93094,C93094,0.8248134770745835
SV1_C60021,C60021,0.8569188894286863
SV1_C21088,C21088,0.9038477804077808
SV1_C28878,C28878,0.8395227586164904
SV1_C70296,C70296,0.7977056006571777
SV1_C96604,C96604,0.9948126186694344
SV1_C90661,C90661,0.8820487775635941
SV1_C59443,C59443,0.756773725759178
SV1_C24001,C24001,0.8883356890039804
SV1_C25877,C25877,0.9178834847549046
SV1_C69114,C69114,0.8776297497858979
SV1_C11441,C11441,0.7501543666372182
SV1_C37216,C37216,0.9531817574680784
SV1_C63024,C63024,0.8120552392361136
SV1_C54092,C54092,0.9337115288266886
SV1_C44511,C44511,0.8446770821940666
SV1_C88240,C88240,0.7463532372058699
SV1_C13824,C13824,0.9016858655907198
SV1_C03626,C03626,0.8620030662162689
SV1_C47477,C47477,0.9597651964783027
SV1_C90702,C90702,0.9673885483572608
SV1_C87119,C87119,0.9423784582954523
SV1_C71484,C71484,0.7677042377584967
SV1_C38400,C38400,0.8281567546455565
SV1_C77434,C77434,0.9548265572990698
SV1_C18647,C18647,0.886353686275096
SV1_C74425,C74425,0.8476426065818695
SV1_C13834,C13834,0.8466909794799113
SV1_C84673,C84673,0.941156158605049
SV1_C33019,C33019,0.8575740692301336
SV1_C69699,C69699,0.8661582611341984
SV1_C95417,C95417,0.9432089747553772
SV1_C21020,C21020,0.9258852902011211
SV1_C51089,C51089,0.8858950446113397
SV1_C20425,C20425,0.8424466547763679
SV1_C08490,C08490,0.8383082311689609
SV1_C78031,C78031,0.9009635107201386
SV1_C90705,C90705,0.9919751311526613
SV1_C26433,C26433,0.9439447420895731
SV1_C16239,C16239,0.8440091958913519
SV1_C43885,C43885,0.8574875718020746
SV1_C60072,C60072,0.812412892975083
SV1_C14446,C14446,0.9806358749528518
SV1_C88305,C88305,0.9981068289121082
SV1_C44473,C44473,0.9016948478236383
SV1_C57706,C57706,0.9363515480415744
SV1_C79891,C79891,0.9626120834368934
SV1_C81088,C81088,0.8347394071266594
SV1_C11509,C11509,0.8146976022010219
SV1_C44422,C44422,0.8871434187339352
SV1_C58809,C58809,0.973031345521098
SV1_C09016,C09016,0.9252276718750214
SV1_C75627,C75627,0.9379891820932037
SV1_C63013,C63013,0.8973011721017965
SV1_C75638,C75638,0.8196168601033152
SV1_C16230,C16230,0.9564387966675221
SV1_C27602,C27602,0.7601457009552621
SV1_C97298,C97298,0.8947770510522339
SV1_C02416,C02416,0.9301166281071999
SV1_C25894,C25894,0.9313512535916462
SV1_C11508,C11508,0.8070036938983716
SV1_C16220,C16220,0.7908876857886147
SV1_C77458,C77458,0.8100842609251838
SV1_C27612,C27612,0.8831555829327302
SV1_C73905,C73905,0.925312260817185
SV1_C46818,C46818,0.8716020128946383
SV1_C65401,C65401,0.9738099047655663
SV1_C24606,C24606,0.9132009646688883
SV1_C85897,C85897,0.8295737250405357
SV1_C33600,C33600,0.823360870778871
SV1_C86503,C86503,0.8311910773199451
SV1_C77453,C77453,0.8399996499774819
SV1_C76875,C76875,0.839397189646767
SV1_C97247,C97247,0.8617206747818452
SV1_C13840,C13840,0.7872468091021195
SV1_C77492,C77492,0.9476304631725345
SV1_C48094,C48094,0.7909918891971369
SV1_C61890,C61890,0.8545209045419073
SV1_C99087,C99087,0.7528125947982438
SV1_C94828,C94828,0.9739841364425496
SV1_C10862,C10862,0.8513107020466341
SV1_C66047,C66047,0.868420119352768
SV1_C96075,C96075,0.8886103398302964
SV1_C03038,C03038,0.900525555516431
SV1_C32417,C32417,0.8816740821511995
SV1_C00675,C00675,0.7783003639667574
SV1_C91291,C91291,0.8368766426776132
SV1_C77463,C77463,0.8490480362924261
SV1_C63045,C63045,0.7688665731549049
SV1_C62444,C62444,0.8033615048788681
SV1_C93117,C93117,0.7737470264689514
SV1_C81616,C81616,0.8950599432257531
SV1_C12638,C12638,0.8741946373776561
SV1_C78622,C78622,0.7786760869767613
SV1_C21708,C21708,0.8890352606071519
SV1_C01204,C01204,0.991611211181557
SV1_C83410,C83410,0.9087534858606106
SV1_C73846,C73846,0.8797355787368895
SV1_C27604,C27604,0.8359464774239329
SV1_C99085,C99085,0.9430074100645849
SV1_C31306,C31306,0.8668930617473857
SV1_C61835,C61835,0.8494108717689616
SV1_C97892,C97892,0.9124885578210657
SV1_C67312,C67312,0.9052018656346971
SV1_C95443,C95443,0.8847847832919105
SV1_C79911,C79911,0.9281171427399232
SV1_C02410,C02410,0.9660143276469721
SV1_C76265,C76265,0.8474800109805475
SV1_C27620,C27620,0.8809354894161375
SV1_C64299,C64299,0.791991522321859
SV1_C97292,C97292,0.9018730541358136
SV1_C45651,C45651,0.7961401590786049
SV1_C59405,C59405,0.9664106852317896
SV1_C48645,C48645,0.9818847846078007
SV1_C45607,C45607,0.9994878253810515
SV1_C39603,C39603,0.9686957835294692
SV1_C79905,C79905,0.8870202067856517
SV1_C79287,C79287,0.9964994129455726
SV1_C13236,C13236,0.9018585322740797
SV1_C08482,C08482,0.9481705389010916
SV1_C12714,C12714,0.7782501683953589
SV1_C13217,C13217,0.9408861943867959
SV1_C88253,C88253,0.8149047366722952
SV1_C87611,C87611,0.8613357578777585
SV1_C44404,C44404,0.8625458116269213
SV1_C41420,C41420,0.9475463044909993
SV1_C17432,C17432,0.8456691495395368
SV1_C75653,C75653,0.7558128967183212
SV1_C94845,C94845,0.8494414358764574
SV1_C47426,C47426,0.7498671700751968
SV1_C92467,C92467,0.8148642929309597
SV1_C10250,C10250,0.7683291900181971
SV1_C82805,C82805,0.9482254108629229
SV1_C61319,C61319,0.8410554937725235
SV1_C94903,C94903,0.9879386338379259
SV1_C10819,C10819,0.8319928293860939
SV1_C57015,C57015,0.9005005883187853
SV1_C60089,C60089,0.9770644166870571
SV1_C49857,C49857,0.9714720428408904
SV1_C74478,C74478,0.9073665966171564
SV1_C10229,C10229,0.8303031890427301
SV1_C46257,C46257,0.9974089844528704
SV1_C31307,C31307,0.8032661088076167
SV1_C51086,C51086,0.8850123705634704
SV1_C06093,C06093,0.9864779918044514
SV1_C24111,C24111,0.8891958524242362
SV1_C27606,C27606,0.7675833375893464
SV1_C09038,C09038,0.7776851385686097
SV1_C61300,C61300,0.9178092764989078
SV1_C87706,C87706,0.9704973403750835
SV1_C62488,C62488,0.8513376524342525
SV1_C97236,C97236,0.9543309365609401
SV1_C27717,C27717,0.7968339401708019
SV1_C86489,C86489,0.9039464671262264
SV1_C09641,C09641,0.7065964505480391
SV1_C32400,C32400,0.8627167966914312
SV1_C19200,C19200,0.8722139927395747
SV1_C50409,C50409,0.8899305682227128
SV1_C45649,C45649,0.9970735088621803
SV1_C49826,C49826,0.8324413212128952
SV1_C32416,C32416,0.8585826452151226
SV1_C79817,C79817,0.8753305659951156
SV1_C90049,C90049,0.8005608547384352
SV1_C03697,C03697,0.889761256601773
SV1_C50518,C50518,0.8552741426255405
SV1_C80400,C80400,0.939131581218694
SV1_C68424,C68424,0.8143490297183773
SV1_C63098,C63098,0.9546886165610712
SV1_C94247,C94247,0.7830917560218835
SV1_C10254,C10254,0.7793258409779424
SV1_C34272,C34272,0.8971486879139436
SV1_C46901,C46901,0.990683243212645
SV1_C86501,C86501,0.9887154465937938
SV1_C06023,C06023,0.9339388410517607
SV1_C87719,C87719,0.9405495148966444
SV1_C51115,C51115,0.9995193151865654
SV1_C92512,C92512,0.8167259837462028
SV1_C35485,C35485,0.9691051980064259
SV1_C10803,C10803,0.8725421897638105
SV1_C54684,C54684,0.9090640245820686
SV1_C43919,C43919,0.8735653593414074
SV1_C75033,C75033,0.8617747632747853
SV1_C39018,C39018,0.9390058024533054
SV1_C96694,C96694,0.8154297624337886
SV1_C99078,C99078,0.8071912448798532
SV1_C44508,C44508,0.9862476354567654
SV1_C100227,C100227,0.8303083919535871
SV1_C11421,C11421,0.9370119608088817
SV1_C81087,C81087,0.9990464272774092
SV1_C28292,C28292,0.8494721132731523
SV1_C98404,C98404,0.9970869457008897
SV1_C94318,C94318,0.7711508022828935
SV1_C47413,C47413,0.8131935373022144
SV1_C56483,C56483,0.9313085144151156
SV1_C25224,C25224,0.9929825636876444
SV1_C62432,C62432,0.806867316658468
SV1_C52225,C52225,0.9325171754198449
SV1_C04312,C04312,0.8909639592235864
SV1_C66608,C66608,0.9772983375668266
SV1_C44408,C44408,0.8606750589225611
SV1_C08493,C08493,0.7956376150454502
SV1_C10203,C10203,0.8783567163974058
SV1_C27713,C27713,0.941187675120467
SV1_C74408,C74408,0.9653393190052322
SV1_C68484,C68484,0.8412149939980487
SV1_C49807,C49807,0.7946970525068792
SV1_C57699,C57699,0.8688742715004028
SV1_C18021,C18021,0.8200934008013272
SV1_C82300,C82300,0.8901049301017859
SV1_C10256,C10256,0.7859564958378749
SV1_C90052,C90052,0.8105834328087551
SV1_C90101,C90101,0.9971427985117085
SV1_C01280,C01280,0.9875505891972561
SV1_C87057,C87057,0.8179713396045056
SV1_C07879,C07879,0.8617605849793021
SV1_C97287,C97287,0.888573311927651
SV1_C97201,C97201,0.9944514263335101
SV1_C06697,C06697,0.8484110649121618
SV1_C17435,C17435,0.8548748145544781
SV1_C46862,C46862,0.951926310611115
SV1_C27037,C27037,0.9244530106062209
SV1_C32515,C32515,0.8494780616594488
SV1_C93039,C93039,0.7439257732392053
SV1_C94285,C94285,0.8754472348683001
SV1_C24692,C24692,0.9901749879919184
SV1_C85202,C85202,0.8802163257829931
SV1_C75068,C75068,0.96705044851238
SV1_C48110,C48110,0.9296883449711509
SV1_C79912,C79912,0.8933114011202177
SV1_C60636,C60636,0.8379543184470697
SV1_C08474,C08474,0.9489060735951584
SV1_C26405,C26405,0.9047905052064413
SV1_C44439,C44439,0.7705801968592837
SV1_C63686,C63686,0.9074025200221211
SV1_C28211,C28211,0.8380850392962977
SV1_C76256,C76256,0.768572490268849
SV1_C76842,C76842,0.7959040257182113
SV1_C18031,C18031,0.8991987417244564
SV1_C28210,C28210,0.7606092487626468
SV1_C29483,C29483,0.9773657110872143
SV1_C94881,C94881,0.9037327742275151
SV1_C81102,C81102,0.8541196874933914
SV1_C44461,C44461,0.9902427583394551
SV1_C99673,C99673,0.8862986756401453
SV1_C34813,C34813,0.8940524858950087
SV1_C09100,C09100,0.840584031508099
SV1_C40813,C40813,0.8783692487279774
SV1_C56512,C56512,0.9716535661729894
SV1_C84073,C84073,0.8486450218819934
SV1_C72616,C72616,0.9114607605613336
SV1_C63116,C63116,0.8718223404143172
SV1_C86474,C86474,0.8297120392366489
SV1_C22907,C22907,0.849492237383788
SV1_C79914,C79914,0.8337218176274496
SV1_C00636,C00636,0.9930116485036558
SV1_C48691,C48691,0.8353470524447427
SV1_C57635,C57635,0.8310047254284959
SV1_C68504,C68504,0.9043529244131958
SV1_C58281,C58281,0.8573903092295054
SV1_C52275,C52275,0.9235545004924042
SV1_C75656,C75656,0.7491181676366153
SV1_C03019,C03019,0.7949937429127524
SV1_C73897,C73897,0.9242651129129994
SV1_C100233,C100233,0.9890965575908007
SV1_C100312,C100312,0.9416268331060322
SV1_C73287,C73287,0.8870102351817515
SV1_C87084,C87084,0.7815633378922483
SV1_C13285,C13285,0.9714319098040725
SV1_C51020,C51020,0.7872539078887256
SV1_C52316,C52316,0.7068427100015218
SV1_C42616,C42616,0.7964992137126213
SV1_C45700,C45700,0.9931070188711802
SV1_C30708,C30708,0.835794604648494
SV1_C60074,C60074,0.9578064853698985
SV1_C91265,C91265,0.942297050748856
SV1_C13210,C13210,0.9401503825620032
SV1_C56414,C56414,0.9716944596339312
SV1_C45106,C45106,0.9749471889927264
SV1_C76809,C76809,0.8900097981357378
SV1_C36608,C36608,0.853283719879603
SV1_C34282,C34282,0.7923972797685964
SV1_C15605,C15605,0.9143967751581005
SV1_C48690,C48690,0.8916868807875977
SV1_C00006,C00006,0.9690361686644182
SV1_C03707,C03707,0.8164632780790919
SV1_C88828,C88828,0.7773570328434198
SV1_C19847,C19847,0.8435008465133007
SV1_C55894,C55894,0.9385070993614574
SV1_C43826,C43826,0.7740174960823919
SV1_C57083,C57083,0.8759702313357308
SV1_C86455,C86455,0.9995565983806495
SV1_C14407,C14407,0.8962886974289392
SV1_C45119,C45119,0.8665318509522846
SV1_C46803,C46803,0.9934623219936083
SV1_C90075,C90075,0.8638704923914505
SV1_C06626,C06626,0.9881986571203403
SV1_C06674,C06674,0.7639001429482675
SV1_C52286,C52286,0.879210125165975
SV1_C83499,C83499,0.8696391415676572
SV1_C10233,C10233,0.8234650416116718
SV1_C98422,C98422,0.9338849774310789
SV1_C55231,C55231,0.9644642975952689
SV1_C47438,C47438,0.7433169572684377
SV1_C33676,C33676,0.9704364282419966
SV1_C97310,C97310,0.9098828183502283
SV1_C62402,C62402,0.9256005338226257
SV1_C78050,C78050,0.7965603828686219
SV1_C72674,C72674,0.9101749759060656
SV1_C65496,C65496,0.9137501174016686
SV1_C76201,C76201,0.9240677619282661
SV1_C78664,C78664,0.8926247147794301
SV1_C16290,C16290,0.927604924079505
SV1_C01300,C01300,0.9259191674552064
SV1_C76806,C76806,0.8752491068868814
SV1_C32510,C32510,0.8566939355171981
SV1_C49219,C49219,0.8140667968429247
SV1_C30104,C30104,0.8332681746583211
SV1_C79286,C79286,0.8774989303085181
SV1_C99044,C99044,0.9412362402537194
SV1_C26446,C26446,0.847832868013879
SV1_C22209,C22209,0.8899062345094437
SV1_C70812,C70812,0.8291999662457555
SV1_C18085,C18085,0.822509680281119
SV1_C44476,C44476,0.8653460958043829
SV1_C33088,C33088,0.853493155234769
SV1_C30085,C30085,0.9183984798260791
SV1_C55800,C55800,0.9689182128780268
SV1_C09607,C09607,0.8796409462436819
SV1_C01877,C01877,0.9647594508752467
SV1_C80493,C80493,0.7284473303212139
SV1_C09029,C09029,0.786441760428628
SV1_C49281,C49281,0.905357817026094
SV1_C77421,C77421,0.8260627878162826
SV1_C12014,C12014,0.8422772397133926
SV1_C14481,C14481,0.9150786048025098
SV1_C22904,C22904,0.867311114373895
SV1_C75661,C75661,0.7657532972179354
SV1_C69018,C69018,0.8609626668723785
SV1_C51040,C51040,0.7901050574627398
SV1_C36011,C36011,0.912930937375105
SV1_C94892,C94892,0.8600521008751495
SV1_C82206,C82206,0.9038771959900791
SV1_C13281,C13281,0.9902305835116405
SV1_C77500,C77500,0.8289560544739394
SV1_C48680,C48680,0.9080479674710689
SV1_C03645,C03645,0.9030668663135341
SV1_C04297,C04297,0.8720567111734574
SV1_C51634,C51634,0.8984535160174388
SV1_C11448,C11448,0.7572466969015619
SV1_C45075,C45075,0.8673259715120066
SV1_C80411,C80411,0.83770970346111
SV1_C64883,C64883,0.8090809718195956
SV1_C90044,C90044,0.760393585101397
SV1_C32484,C32484,0.9696815239319512
SV1_C92489,C92489,0.887362687839216
SV1_C07864,C07864,0.8792295169728936
SV1_C27635,C27635,0.8889198389156018
SV1_C21018,C21018,0.9137621262223619
SV1_C75659,C75659,0.9040325297750373
SV1_C24617,C24617,0.9812521982838361
SV1_C89463,C89463,0.9817997000489113
SV1_C69645,C69645,0.8708040280174506
SV1_C18022,C18022,0.8588790698899049
SV1_C84692,C84692,0.7549061803811092
SV1_C51008,C51008,0.8669645802838399
SV1_C67834,C67834,0.8818730149113734
SV1_C54600,C54600,0.8994580184741292
SV1_C87054,C87054,0.9310648117745581
SV1_C06000,C06000,0.7571814869545422
SV1_C09628,C09628,0.8123798847101777
SV1_C08498,C08498,0.9142557418552445
SV1_C82802,C82802,0.9080371009559178
SV1_C38407,C38407,0.94823989779698
SV1_C61912,C61912,0.8179294052424418
SV1_C29515,C29515,0.7533606948114836
SV1_C59476,C59476,0.8383540023854746
SV1_C34808,C34808,0.8361155455628896
SV1_C65403,C65403,0.7781292921295179
SV1_C25885,C25885,0.9373689344366185
SV1_C67800,C67800,0.9893014327930904
SV1_C45639,C45639,0.7727731426320068
SV1_C17442,C17442,0.9183170434732622
SV1_C04809,C04809,0.9254037571591951
SV1_C01876,C01876,0.9787200018835741
SV1_C67891,C67891,0.80872708737599
SV1_C77512,C77512,0.7702096940299533
SV1_C51091,C51091,0.8834060191747006
SV1_C100305,C100305,0.9243191530094589
SV1_C74457,C74457,0.7687574561280519
SV1_C84607,C84607,0.7593484263018588
SV1_C78667,C78667,0.7689871942075741
SV1_C83403,C83403,0.8038309101708498
SV1_C94308,C94308,0.8059622427200612
SV1_C88875,C88875,0.8266378562332606
SV1_C99709,C99709,0.9572801664248634
SV1_C66628,C66628,0.8623165335388397
SV1_C16294,C16294,0.8263264927752451
SV1_C95439,C95439,0.9549526681218042
SV1_C73906,C73906,0.8919048508391968
SV1_C26501,C26501,0.8915730284240417
SV1_C24687,C24687,0.8375436874107712
SV1_C19276,C19276,0.792898728206274
SV1_C03030,C03030,0.8754100753896584
SV1_C85908,C85908,0.8517374672484899
SV1_C02515,C02515,0.8408393827018252
SV1_C73835,C73835,0.8888663970732431
SV1_C63083,C63083,0.8938748793445516
SV1_C16813,C16813,0.9207560105817761
SV1_C76899,C76899,0.9455543915714882
SV1_C49887,C49887,0.8270082119064779
SV1_C93013,C93013,0.8771397974990283
SV1_C91284,C91284,0.9033577602629668
SV1_C01227,C01227,0.9780146082512282
SV1_C27681,C27681,0.864891122239845
SV1_C13312,C13312,0.7938712181028157
SV1_C00700,C00700,0.9247935965583657
SV1_C31815,C31815,0.8860306326742999
SV1_C45044,C45044,0.960259587708393
SV1_C43881,C43881,0.8824717778667387
SV1_C26447,C26447,0.7832381298851625
SV1_C83489,C83489,0.8994494043163319
SV1_C97888,C97888,0.9933869058451982
SV1_C63026,C63026,0.7709138751374681
SV1_C83422,C83422,0.9111515990574008
SV1_C47480,C47480,0.9162190324948002
SV1_C93053,C93053,0.9295530308985609
SV1_C67275,C67275,0.822152048289096
SV1_C88904,C88904,0.9944920322029527
SV1_C51607,C51607,0.8743273026468615
SV1_C11442,C11442,0.7695801346512244
SV1_C44481,C44481,0.8956954470873235
SV1_C01234,C01234,0.8872055425115295
SV1_C67281,C67281,0.9044046695666564
SV1_C79903,C79903,0.9170263372260101
SV1_C99631,C99631,0.900701878193926
SV1_C33703,C33703,0.8206649529735728
SV1_C93082,C93082,0.9537200220541404
SV1_C22879,C22879,0.7836612314037147
SV1_C43894,C43894,0.7852350273154798
SV1_C48715,C48715,0.936075373855619
SV1_C70236,C70236,0.8817116151956638
SV1_C00024,C00024,0.9684811116390185
SV1_C13258,C13258,0.8256696643147172
SV1_C69603,C69603,0.9307412287949286
SV1_C95477,C95477,0.9059371886722719
SV1_C09685,C09685,0.9718914491303223
SV1_C69047,C69047,0.8591799318599248
SV1_C88867,C88867,0.9346681681180663
SV1_C72011,C72011,0.8586506173524641
SV1_C00087,C00087,0.7888381083467287
SV1_C87116,C87116,0.7808264745613408
SV1_C87044,C87044,0.7342989556563948
SV1_C64287,C64287,0.9793087288824207
SV1_C24644,C24644,0.8412512357489147
SV1_C12115,C12115,0.899936193913828
SV1_C02414,C02414,0.9596119932993588
SV1_C35415,C35415,0.8690073084524471
SV1_C02513,C02513,0.9077247214128864
SV1_C13865,C13865,0.7967207410173172
SV1_C93026,C93026,0.863224427466416
SV1_C11502,C11502,0.904655974585868
SV1_C43242,C43242,0.7706468113491118
SV1_C41422,C41422,0.9387147696714988
SV1_C86444,C86444,0.7279831583368164
SV1_C99601,C99601,0.9453781157876778
SV1_C76890,C76890,0.8130797567604289
SV1_C92509,C92509,0.8558560193153292
SV1_C84086,C84086,0.8071315849997658
SV1_C31801,C31801,0.8959565803570017
SV1_C76853,C76853,0.79680148743722
SV1_C69033,C69033,0.809171865377406
SV1_C69679,C69679,0.9201071959452003
SV1_C84015,C84015,0.8324379429143899
SV1_C94301,C94301,0.8195005781078726
SV1_C76908,C76908,0.8763200794679453
SV1_C70216,C70216,0.9186441212949535
SV1_C55818,C55818,0.9161404685149714
SV1_C71419,C71419,0.9737654168351135
SV1_C64807,C64807,0.7783717562421103
SV1_C55247,C55247,0.986822006504126
SV1_C85299,C85299,0.7615843121279798
SV1_C25812,C25812,0.9761201556247415
SV1_C67885,C67885,0.9198145608797293
SV1_C55802,C55802,0.9552881271855639
SV1_C23494,C23494,0.9057486123249949
SV1_C61919,C61919,0.8651249142721973
SV1_C46265,C46265,0.9346711253079356
SV1_C11435,C11435,0.9895466615387053
SV1_C21004,C21004,0.9135520115266974
SV1_C46814,C46814,0.9211276339771236
SV1_C65482,C65482,0.936266399295374
SV1_C30622,C30622,0.8383878079275857
SV1_C87113,C87113,0.9433805493281329
SV1_C61210,C61210,0.9729575020829883
SV1_C57025,C57025,0.8710601182953399
SV1_C46847,C46847,0.8316500804494122
SV1_C49837,C49837,0.820812889901598
SV1_C76851,C76851,0.8469614824275433
SV1_C90701,C90701,0.9909896881261635
SV1_C100220,C100220,0.7821466817633811
SV1_C64293,C64293,0.8403830049327331
SV1_C61201,C61201,0.9451870257312835
SV1_C69030,C69030,0.8298318553667736
SV1_C78678,C78678,0.894655730162402
SV1_C17494,C17494,0.8460144061063338
SV1_C89485,C89485,0.8650107562431246
SV1_C60708,C60708,0.8808848821070223
SV1_C73801,C73801,0.9632117907560793
SV1_C34217,C34217,0.9304407571837023
SV1_C22811,C22811,0.9913145916447541
SV1_C08424,C08424,0.7734453890892754
SV1_C08452,C08452,0.7918222674546616
SV1_C58225,C58225,0.8214755584654984
SV1_C27631,C27631,0.8923532962973789
SV1_C00683,C00683,0.7837505447064949
SV1_C07298,C07298,0.9062610136282164
SV1_C97318,C97318,0.7993457351814494
SV1_C04284,C04284,0.9657578154663564
SV1_C93078,C93078,0.9555004804231032
SV1_C81619,C81619,0.9262174551377598
SV1_C73868,C73868,0.9594530319901571
SV1_C05439,C05439,0.8559889200421317
SV1_C16827,C16827,0.8335305536688119
SV1_C28289,C28289,0.8279532371240114
SV1_C77441,C77441,0.8753713693896761
SV1_C17409,C17409,0.9097658613838293
SV1_C58282,C58282,0.9035406424401131
SV1_C87005,C87005,0.884563178261148
SV1_C87661,C87661,0.7980240797918544
SV1_C48032,C48032,0.7501192393360261
SV1_C91230,C91230,0.8349815752003802
SV1_C25230,C25230,0.8908583083503484
SV1_C46866,C46866,0.8991550594644864
SV1_C73849,C73849,0.7682199197232956
SV1_C75669,C75669,0.9635465464995576
SV1_C88903,C88903,0.837167349120577
SV1_C47449,C47449,0.9731570369634739
SV1_C22204,C22204,0.8883243105942465
SV1_C84695,C84695,0.8170528265984128
SV1_C85895,C85895,0.7887354403821337
SV1_C09113,C09113,0.7867503255651596
SV1_C61211,C61211,0.9271628171123851
SV1_C72090,C72090,0.8706039632804159
SV1_C01287,C01287,0.787980404384293
SV1_C75034,C75034,0.8060407047157611
SV1_C52907,C52907,0.9469772595627326
SV1_C24646,C24646,0.8954774671509621
SV1_C47406,C47406,0.9256732472338869
SV1_C89430,C89430,0.7474085353061348
SV1_C58897,C58897,0.9314389204441321
SV1_C16815,C16815,0.9026547746291459
SV1_C70245,C70245,0.8805268863123671
SV1_C78115,C78115,0.8039198764629588
SV1_C98481,C98481,0.9171335511731055
SV1_C81098,C81098,0.8503007510146205
SV1_C67904,C67904,0.9107602883060694
SV1_C11419,C11419,0.8156960769379431
SV1_C52246,C52246,0.8247326973083005
SV1_C72714,C72714,0.8696980709005944
SV1_C34896,C34896,0.8536261032551528
SV1_C76825,C76825,0.9777654124217572
SV1_C81082,C81082,0.9224796064190487
SV1_C01804,C01804,0.9894026895074122
SV1_C37211,C37211,0.9313612142097841
SV1_C29505,C29505,0.8140790374860679
SV1_C61206,C61206,0.9683379399678878
SV1_C10806,C10806,0.908590762739342
SV1_C84704,C84704,0.8086804181570495
SV1_C11458,C11458,0.7912592284126596
SV1_C78107,C78107,0.8207371697807415
SV1_C16285,C16285,0.8680344031605473
SV1_C24106,C24106,0.9307149175530657
SV1_C99024,C99024,0.9761485631209308
SV1_C19203,C19203,0.8414570872214617
SV1_C22208,C22208,0.9032208115567685
SV1_C20474,C20474,0.9089361923695989
SV1_C99037,C99037,0.976384405141787
SV1_C11430,C11430,0.878338769524367
SV1_C95486,C95486,0.8237450809244725
SV1_C75095,C75095,0.8741478047118731
SV1_C18081,C18081,0.8737284036969543
SV1_C44407,C44407,0.9994202740734015
SV1_C66024,C66024,0.8626905628258352
SV1_C15694,C15694,0.8146281839014371
SV1_C80415,C80415,0.8736294632983227
SV1_C33090,C33090,0.8128512575261887
SV1_C93011,C93011,0.8369227887207257
SV1_C99706,C99706,0.9494455881942263
SV1_C60108,C60108,0.8751540212743165
SV1_C66078,C66078,0.9372883539716087
SV1_C80481,C80481,0.9952645325249632
SV1_C80482,C80482,0.9233331668617615
SV1_C56472,C56472,0.7757647319867338
SV1_C60712,C60712,0.8426643052685537
SV1_C13241,C13241,0.812893226158396
SV1_C56500,C56500,0.9797495449427492
SV1_C55314,C55314,0.8633190601469556
SV1_C74442,C74442,0.7739689334972005
SV1_C12641,C12641,0.8203817184691221
SV1_C78056,C78056,0.8617349142670079
SV1_C19272,C19272,0.7936267204190898
SV1_C64892,C64892,0.7130850376314075
SV1_C76881,C76881,0.8743164685388302
SV1_C45710,C45710,0.969058185417291
SV1_C76912,C76912,0.8244787029031878
SV1_C25201,C25201,0.9003100296765025
SV1_C81114,C81114,0.8307069119019679
SV1_C22222,C22222,0.8370551352955631
SV1_C97229,C97229,0.9449329507682843
SV1_C24021,C24021,0.9081640158058492
SV1_C49891,C49891,0.7774296549732139
SV1_C44495,C44495,0.7629847546306529
SV1_C81004,C81004,0.9433248318973926
SV1_C19211,C19211,0.8489565265760449
SV1_C65433,C65433,0.8907348038749461
SV1_C11420,C11420,0.9093271146369812
SV1_C89421,C89421,0.9022782421051465
SV1_C84011,C84011,0.7905374623568986
SV1_C96614,C96614,0.950553963323253
SV1_C10302,C10302,0.9177982012608649
SV1_C07891,C07891,0.94978134144471
SV1_C49877,C49877,0.8557623662987834
SV1_C85914,C85914,0.8979051766385817
SV1_C24090,C24090,0.885147126600945
SV1_C12012,C12012,0.9020973486864495
SV1_C24619,C24619,0.9800463003516523
SV1_C86518,C86518,0.872436799946763
SV1_C29412,C29412,0.8963658246987436
SV1_C82314,C82314,0.8219437667728404
SV1_C05497,C05497,0.8172136066153002
SV1_C45056,C45056,0.9928200599840497
SV1_C27611,C27611,0.8371180943834653
SV1_C67844,C67844,0.8682436686529746
SV1_C73311,C73311,0.9526397326792266
SV1_C45695,C45695,0.77164555715871
SV1_C18016,C18016,0.8667427594631543
SV1_C97873,C97873,0.8826199522947762
SV1_C25311,C25311,0.8927541514259829
SV1_C74517,C74517,0.8246489983809278
SV1_C90621,C90621,0.9176772607101156
SV1_C35409,C35409,0.8570172596421871
SV1_C48674,C48674,0.983630593783768
SV1_C70836,C70836,0.8853504688605222
SV1_C00026,C00026,0.8792840102015977
SV1_C87043,C87043,0.7883040672258345
SV1_C22894,C22894,0.8975926809624212
SV1_C80404,C80404,0.9389146829587778
SV1_C12657,C12657,0.753442794741914
SV1_C48073,C48073,0.9661764645633454
SV1_C28293,C28293,0.8383765484989818
SV1_C90119,C90119,0.920249182597009
SV1_C72017,C72017,0.9059878478344149
SV1_C99103,C99103,0.8589480557638134
SV1_C70919,C70919,0.746313268565978
SV1_C38401,C38401,0.8460615807874984
SV1_C06020,C06020,0.77406153355932
SV1_C29516,C29516,0.9995624315781714
SV1_C10288,C10288,0.8533196621926461
SV1_C08441,C08441,0.7200184271116175
SV1_C93106,C93106,0.7781546393417947
SV1_C34273,C34273,0.8786252210571325
SV1_C21023,C21023,0.9284284622378914
SV1_C91226,C91226,0.8367655806609304
SV1_C81076,C81076,0.9807007963335429
SV1_C49295,C49295,0.833244029361015
SV1_C75058,C75058,0.8546805891753454
SV1_C19805,C19805,0.8873246684561854
SV1_C07861,C07861,0.7830752654295792
SV1_C93694,C93694,0.8269879529100019
SV1_C45091,C45091,0.8004092076546014
SV1_C82891,C82891,0.9381303193363301
SV1_C22824,C22824,0.9901277729066108
SV1_C31912,C31912,0.9268037408047414
SV1_C43319,C43319,0.8760919847429964
SV1_C31877,C31877,0.979058827724723
SV1_C79215,C79215,0.8739811276998115
SV1_C70876,C70876,0.7418193153793877
SV1_C81613,C81613,0.9301865076686265
SV1_C31298,C31298,0.8728196987672674
SV1_C63678,C63678,0.8496462599954625
SV1_C72610,C72610,0.9151049028091868
SV1_C07860,C07860,0.7767114033161138
SV1_C30691,C30691,0.9656125715793441
SV1_C79305,C79305,0.8840202706685604
SV1_C81002,C81002,0.8965831655858257
SV1_C14491,C14491,0.905596997690321
SV1_C58875,C58875,0.8327947938586306
SV1_C25229,C25229,0.9838088672292713
SV1_C59501,C59501,0.9387104578070427
SV1_C88837,C88837,0.7587687101208356
SV1_C20477,C20477,0.9589590766432279
SV1_C88258,C88258,0.9269308293171536
SV1_C16883,C16883,0.932538610320038
SV1_C33111,C33111,0.7975503476641673
SV1_C31310,C31310,0.8423851544278609
SV1_C46306,C46306,0.9734655336814121
SV1_C74443,C74443,0.8661926623893557
SV1_C97303,C97303,0.96892161514877
SV1_C58222,C58222,0.8852198871411892
SV1_C74490,C74490,0.873804475784379
SV1_C88844,C88844,0.750130549956799
SV1_C51613,C51613,0.8926644511113861
SV1_C75067,C75067,0.9566279006635369
SV1_C53408,C53408,0.8552138365751137
SV1_C14430,C14430,0.9681936905883085
SV1_C60102,C60102,0.9802810496763735
SV1_C34806,C34806,0.8439788485665102
SV1_C54716,C54716,0.7064156247059697
SV1_C74489,C74489,0.8467984617895511
SV1_C67812,C67812,0.9632856109451045
SV1_C03691,C03691,0.7877100671895797
SV1_C48061,C48061,0.9380175185472471
SV1_C33708,C33708,0.7818261349603997
SV1_C57111,C57111,0.7929752445331131
SV1_C58873,C58873,0.8576189125549938
SV1_C25225,C25225,0.9816245705359302
SV1_C30706,C30706,0.8600121407863357
SV1_C77468,C77468,0.9152202161133038
SV1_C52881,C52881,0.977808087798042
SV1_C42620,C42620,0.8567040784948486
SV1_C62400,C62400,0.8805438325768358
SV1_C69646,C69646,0.917319715986737
SV1_C72635,C72635,0.8600070790212148
SV1_C64281,C64281,0.83260728274293
SV1_C33606,C33606,0.8677442089043564
SV1_C03027,C03027,0.9647916728604268
SV1_C25302,C25302,0.9173610204920277
SV1_C84674,C84674,0.8916380899183002
SV1_C55825,C55825,0.9806343094266737
SV1_C80489,C80489,0.8009730451814118
SV1_C02473,C02473,0.9574207478835133
SV1_C08433,C08433,0.7568397609980985
SV1_C33715,C33715,0.9058452211919035
SV1_C32486,C32486,0.8752478534192457
SV1_C24101,C24101,0.8900994506066595
SV1_C24019,C24019,0.980419595388007
SV1_C94293,C94293,0.8329563005127404
SV1_C29514,C29514,0.8678778523768065
SV1_C87695,C87695,0.9416637420895131
SV1_C97896,C97896,0.8072149629987179
SV1_C58299,C58299,0.877902376837782
SV1_C51021,C51021,0.8065584316316233
SV1_C64887,C64887,0.8138845223381983
SV1_C87686,C87686,0.8409594414219095
SV1_C61888,C61888,0.9199625930161032
SV1_C85302,C85302,0.8524604021745099
SV1_C71408,C71408,0.771823977924112
SV1_C67899,C67899,0.9037551087033998
SV1_C48059,C48059,0.7905856079678487
SV1_C73809,C73809,0.9638793225818225
SV1_C69678,C69678,0.9219505512218685
SV1_C91292,C91292,0.8970814273602657
SV1_C03628,C03628,0.9707812842474371
SV1_C07264,C07264,0.8704102339198353
SV1_C97812,C97812,0.9922390741628379
SV1_C72604,C72604,0.9735485460059974
SV1_C77464,C77464,0.9038938381810967
SV1_C09015,C09015,0.8657649007572483
SV1_C73279,C73279,0.8265779445549366
SV1_C45021,C45021,0.8646932650213054
SV1_C98438,C98438,0.887464413726548
SV1_C43864,C43864,0.9284272320314554
SV1_C76820,C76820,0.8609023432751236
SV1_C27615,C27615,0.8440431930086392
SV1_C93701,C93701,0.8208796850317651
SV1_C01313,C01313,0.9071396088212693
SV1_C49829,C49829,0.8128689210531191
SV1_C43839,C43839,0.7682789700720467
SV1_C73891,C73891,0.9295418798456155
SV1_C07832,C07832,0.7844848897372609
SV1_C18072,C18072,0.861826755120199
SV1_C51676,C51676,0.9967029604784847
SV1_C97801,C97801,0.9959489026788693
SV1_C76297,C76297,0.9131654613741406
SV1_C77518,C77518,0.8006230461259654
SV1_C73204,C73204,0.971976768744388
SV1_C99115,C99115,0.9125011599763124
SV1_C87076,C87076,0.8011629019299985
SV1_C73240,C73240,0.7411048800492908
SV1_C02493,C02493,0.8846133558901526
SV1_C45704,C45704,0.9934826606817019
SV1_C12110,C12110,0.8629023539678979
SV1_C61247,C61247,0.8323421989343668
SV1_C01200,C01200,0.9907089993931096
SV1_C95437,C95437,0.9940643373364227
SV1_C45116,C45116,0.7815176637912247
SV1_C32472,C32472,0.9995578816567291
SV1_C14404,C14404,0.891603469212985
SV1_C09046,C09046,0.9148684466797219
SV1_C42011,C42011,0.9929181984232754
SV1_C70314,C70314,0.7714065115591562
SV1_C23424,C23424,0.9941000187830591
SV1_C63716,C63716,0.9090721503764511
SV1_C84116,C84116,0.8326357459397946
SV1_C58838,C58838,0.8535510849999253
SV1_C13887,C13887,0.7644503180488075
SV1_C70218,C70218,0.8938561403400751
SV1_C87115,C87115,0.8571111267139405
SV1_C49859,C49859,0.9325523217474442
SV1_C30685,C30685,0.930831171638897
SV1_C73215,C73215,0.8503610113200872
SV1_C60022,C60022,0.8788391584606361
SV1_C98507,C98507,0.9304404310987905
SV1_C92423,C92423,0.8840682208000589
SV1_C46305,C46305,0.9979729566717922
SV1_C08471,C08471,0.8979564266478779
SV1_C07862,C07862,0.8283290722321018
SV1_C76209,C76209,0.925028651349103
SV1_C31295,C31295,0.7940450530893076
SV1_C21081,C21081,0.9609026030225454
SV1_C70212,C70212,0.8987550562201713
SV1_C47448,C47448,0.9657213409439355
SV1_C51083,C51083,0.9065527854159576
SV1_C93054,C93054,0.8984001278904006
SV1_C00021,C00021,0.7661480633058774
SV1_C92459,C92459,0.780506077474686
SV1_C52910,C52910,0.906406779490633
SV1_C10298,C10298,0.9178772546399795
SV1_C13891,C13891,0.7983502134641425
SV1_C66082,C66082,0.9489799001095198
SV1_C35481,C35481,0.9322403780802334
SV1_C06086,C06086,0.76137084239932
SV1_C99612,C99612,0.9426369278130927
SV1_C88901,C88901,0.9989410476768541
SV1_C42622,C42622,0.8459059308870376
SV1_C72630,C72630,0.7317476874502787
SV1_C38406,C38406,0.9085990143303833
SV1_C95423,C95423,0.9997450828095237
SV1_C83480,C83480,0.9010645562940717
SV1_C58244,C58244,0.8579321194457467
SV1_C11510,C11510,0.8871630026925558
SV1_C91830,C91830,0.8699579374709464
SV1_C11411,C11411,0.8615823849114949
SV1_C57033,C57033,0.8666835525360934
SV1_C51098,C51098,0.8599750756736555
SV1_C73850,C73850,0.8637610814472917
SV1_C13809,C13809,0.9949599146480745
SV1_C03117,C03117,0.9233835863145337
SV1_C40203,C40203,0.9796349085173073
SV1_C49287,C49287,0.8677979881862367
SV1_C89449,C89449,0.8058635338117626
SV1_C04317,C04317,0.9062865418658778
SV1_C76911,C76911,0.9349813357736196
SV1_C58802,C58802,0.9855264590362175
SV1_C65429,C65429,0.8807427063752872
SV1_C63697,C63697,0.869295931129798
SV1_C86429,C86429,0.7797816691016503
SV1_C76840,C76840,0.8357320728877178
SV1_C00013,C00013,0.9910604517959634
SV1_C83472,C83472,0.9078230476261188
SV1_C58881,C58881,0.8554907253214435
SV1_C30023,C30023,0.8123631015534603
SV1_C74446,C74446,0.8751292637699852
SV1_C13245,C13245,0.7887857027848838
SV1_C97275,C97275,0.8686740288952872
SV1_C93006,C93006,0.863253732051577
SV1_C07265,C07265,0.8572848696479746
SV1_C00690,C00690,0.8620068048562893
SV1_C99089,C99089,0.9741694143689725
SV1_C96101,C96101,0.821199101895607
SV1_C08504,C08504,0.8407372952952886
SV1_C87089,C87089,0.9045819645651373
SV1_C60611,C60611,0.9362200019105459
SV1_C28818,C28818,0.9249163012798526
SV1_C16834,C16834,0.9632279276727761
SV1_C08512,C08512,0.805409501644442
SV1_C82298,C82298,0.8401141332062285
SV1_C99702,C99702,0.9368511304070346
SV1_C18042,C18042,0.8862833876410044
SV1_C55843,C55843,0.9200473167856815
SV1_C34278,C34278,0.7752334001953863
SV1_C61830,C61830,0.7283754454445164
SV1_C57712,C57712,0.8469506816751319
SV1_C04283,C04283,0.7570437765966298
SV1_C48702,C48702,0.8758030015612165
SV1_C63646,C63646,0.7936850460618976
SV1_C93679,C93679,0.9033407241098823
SV1_C12092,C12092,0.9356276217938057
SV1_C34220,C34220,0.9465986168180486
SV1_C64814,C64814,0.8995840466191537
SV1_C12629,C12629,0.9565363418039051
SV1_C12059,C12059,0.8974699119982873
SV1_C17447,C17447,0.9004667582817457
SV1_C58911,C58911,0.8638524501639786
SV1_C84108,C84108,0.8541544664184197
SV1_C21690,C21690,0.8078728540009591
SV1_C49256,C49256,0.9289870102017502
SV1_C22825,C22825,0.9764481119753927
SV1_C67202,C67202,0.9546881277922654
SV1_C08484,C08484,0.9616916835385838
SV1_C09620,C09620,0.9419879923495182
SV1_C31296,C31296,0.8193229351436476
SV1_C60084,C60084,0.940879011845053
SV1_C81687,C81687,0.9960944064852921
SV1_C00672,C00672,0.9720904073282828
SV1_C50492,C50492,0.913086069898596
SV1_C57603,C57603,0.9408659559083936
SV1_C77446,C77446,0.8801663013378964
SV1_C45038,C45038,0.7661574073420374
SV1_C73242,C73242,0.7834691812694937
SV1_C100232,C100232,0.9851931914222846
SV1_C11452,C11452,0.758018986191561
SV1_C28237,C28237,0.9711934628697189
SV1_C52272,C52272,0.9918527073582927
SV1_C46238,C46238,0.7631877856873611
SV1_C16845,C16845,0.9586117727772575
SV1_C39015,C39015,0.9497490568351661
SV1_C49865,C49865,0.9556274616135975
SV1_C06081,C06081,0.8164378650311235
SV1_C29472,C29472,0.9571986222143349
SV1_C49895,C49895,0.8275527022108526
SV1_C75619,C75619,0.8432582662821472
SV1_C46242,C46242,0.8243866781262225
SV1_C50406,C50406,0.9069296963241688
SV1_C78687,C78687,0.7556903455661341
SV1_C31294,C31294,0.7387269314356163
SV1_C72118,C72118,0.9374781324310772
SV1_C66694,C66694,0.7741183741769005
SV1_C78094,C78094,0.9483591038663461
SV1_C72078,C72078,0.9081756901126916
SV1_C77488,C77488,0.8518800351588467
SV1_C47421,C47421,0.8301211729579387
SV1_C69072,C69072,0.8111114201545588
SV1_C48027,C48027,0.8227149995989008
SV1_C24700,C24700,0.8597742790976944
SV1_C22893,C22893,0.9607653935352823
SV1_C86403,C86403,0.8327208260715573
SV1_C66015,C66015,0.8267825818567397
SV1_C66019,C66019,0.9251057409160752
SV1_C81711,C81711,0.9228851704060237
SV1_C11428,C11428,0.8983738031577216
SV1_C13277,C13277,0.991757777483065
SV1_C43240,C43240,0.8496705537616521
SV1_C97234,C97234,0.9182593544193779
SV1_C86421,C86421,0.8697008456452955
SV1_C46255,C46255,0.7937875120032775
SV1_C25905,C25905,0.9016523507408101
SV1_C01276,C01276,0.9787272300715367
SV1_C67814,C67814,0.9359465885026383
SV1_C80516,C80516,0.8313054293766206
SV1_C65425,C65425,0.8748366585824476
SV1_C36008,C36008,0.8524604758609651
SV1_C78092,C78092,0.9665730113743055
SV1_C13275,C13275,0.7785410551291769
SV1_C45101,C45101,0.9992698030176923
SV1_C58806,C58806,0.9881484935794216
SV1_C34910,C34910,0.8102543239581103
SV1_C70811,C70811,0.9930982842001193
SV1_C87029,C87029,0.7770949325168625
SV1_C15016,C15016,0.8870411621004627
SV1_C85293,C85293,0.7598767777833936
SV1_C71510,C71510,0.8080364355187624
SV1_C28810,C28810,0.9341895997712492
SV1_C38412,C38412,0.8969060097543268
SV1_C21719,C21719,0.8575264382530968
SV1_C91893,C91893,0.8648384660844791
SV1_C61887,C61887,0.8523134969461018
SV1_C45074,C45074,0.9425640260998943
SV1_C21093,C21093,0.8337607366321522
SV1_C87065,C87065,0.7461511845788473
SV1_C89451,C89451,0.9918226802156315
SV1_C60110,C60110,0.9547079113281313
SV1_C25878,C25878,0.9650702872429257
SV1_C61896,C61896,0.9208816004935229
SV1_C96679,C96679,0.8867506811102334
SV1_C27712,C27712,0.9342507555105033
SV1_C70308,C70308,0.7888358418934627
SV1_C63016,C63016,0.864028232128796
SV1_C100215,C100215,0.777776584195268
SV1_C03643,C03643,0.9473788461086489
SV1_C27038,C27038,0.8504411344849273
SV1_C24601,C24601,0.8935256295960433
SV1_C64833,C64833,0.8908869660297004
SV1_C15600,C15600,0.8862122139385122
SV1_C43223,C43223,0.8553121863658018
SV1_C50500,C50500,0.812631887995674
SV1_C52806,C52806,0.8994352534039887
SV1_C93640,C93640,0.9663836081942805
SV1_C77471,C77471,0.8292272077015145
SV1_C75647,C75647,0.9480545329160752
SV1_C73811,C73811,0.8626579415233909
SV1_C94232,C94232,0.9834356957423365
SV1_C13303,C13303,0.8409380479671038
SV1_C26506,C26506,0.9139056585116839
SV1_C00096,C00096,0.9178446964641986
SV1_C56413,C56413,0.9862463427387704
SV1_C73209,C73209,0.9661901472662406
SV1_C59428,C59428,0.8489578701416658
SV1_C27103,C27103,0.7923242369995894
SV1_C62487,C62487,0.8533758514565932
SV1_C99077,C99077,0.8824861431170441
SV1_C63012,C63012,0.8948749896864501
SV1_C02502,C02502,0.8802623791340269
SV1_C97810,C97810,0.964165243421986
SV1_C18609,C18609,0.8855719112435603
SV1_C84617,C84617,0.8744569870797824
SV1_C58286,C58286,0.8767004116594765
SV1_C99093,C99093,0.9043093001013472
SV1_C69025,C69025,0.7995566103001176
SV1_C63095,C63095,0.8563621694195791
SV1_C31285,C31285,0.9410176870740862
SV1_C86449,C86449,0.8237203742881398
SV1_C18627,C18627,0.9340526460143281
SV1_C08417,C08417,0.9219131615340914
SV1_C57618,C57618,0.9850579006507477
SV1_C67916,C67916,0.9977190405848697
SV1_C09704,C09704,0.8392193652188247
SV1_C17422,C17422,0.8658973704892425
SV1_C11494,C11494,0.861752690501976
SV1_C49314,C49314,0.8934620133985052
SV1_C74451,C74451,0.9211738566035979
SV1_C70224,C70224,0.8931370542273369
SV1_C05483,C05483,0.7317119335832887
SV1_C81685,C81685,0.9501023078896307
SV1_C76207,C76207,0.8487391586575204
SV1_C78077,C78077,0.9593005575469937
SV1_C70810,C70810,0.9206008009017612
SV1_C73296,C73296,0.9184918211625857
SV1_C54714,C54714,0.8956198146679181
SV1_C48643,C48643,0.7123093294845909
SV1_C63077,C63077,0.847907730420848
SV1_C93619,C93619,0.9598689412832285
SV1_C24014,C24014,0.9265822885583429
SV1_C79202,C79202,0.8804985329695305
SV1_C65416,C65416,0.864127980499549
SV1_C09681,C09681,0.9949196297029987
SV1_C86490,C86490,0.9250282425238274
SV1_C57612,C57612,0.9561556189848092
SV1_C91839,C91839,0.7387311089293912
SV1_C82916,C82916,0.835573939937934
SV1_C72628,C72628,0.7968394376326945
SV1_C82216,C82216,0.8982112678565531
SV1_C26497,C26497,0.8907695456157525
SV1_C27033,C27033,0.8828465129941889
SV1_C100319,C100319,0.8932943301535717
SV1_C20402,C20402,0.8924951260561146
SV1_C00622,C00622,0.7435840685141969
SV1_C48700,C48700,0.8944472104520071
SV1_C94275,C94275,0.898717366921877
SV1_C76223,C76223,0.8984257330114681
SV1_C87681,C87681,0.8391730631170208
SV1_C63680,C63680,0.8216041951600753
SV1_C69687,C69687,0.9078660969369233
SV1_C31206,C31206,0.9213440968281686
SV1_C77470,C77470,0.8497411972626664
SV1_C72026,C72026,0.7262087272759001
SV1_C06706,C06706,0.8048031140707366
SV1_C48062,C48062,0.9096088466323669
SV1_C35419,C35419,0.921219557906496
SV1_C08491,C08491,0.9608218418792946
SV1_C47419,C47419,0.9316971382709086
SV1_C93707,C93707,0.9936265974426886
SV1_C55237,C55237,0.9795097896040555
SV1_C76295,C76295,0.8858507271659566
SV1_C57698,C57698,0.941387354841463
SV1_C86492,C86492,0.9520783407851777
SV1_C68485,C68485,0.9221802273011585
SV1_C53482,C53482,0.8829773412622022
SV1_C99095,C99095,0.7587783788107593
SV1_C66624,C66624,0.8569879637758143
SV1_C77486,C77486,0.8944107911533106
SV1_C29502,C29502,0.8480151444147166
SV1_C93012,C93012,0.8698640194462914
SV1_C46832,C46832,0.7896130711510128
SV1_C92506,C92506,0.8400021368852194
SV1_C39020,C39020,0.9962931746012516
SV1_C69688,C69688,0.7505395471930809
SV1_C24707,C24707,0.8571910890830639
SV1_C18612,C18612,0.8654337088204733
SV1_C73245,C73245,0.760487793528092
SV1_C28219,C28219,0.8183946605457831
SV1_C63047,C63047,0.8820351488381792
SV1_C92460,C92460,0.9751504717286585
SV1_C63035,C63035,0.9096336711487485
SV1_C61231,C61231,0.833904094005812
SV1_C61294,C61294,0.8485293446821485
SV1_C93044,C93044,0.7914189169714062
SV1_C21639,C21639,0.7646087098320863
SV1_C60699,C60699,0.9056727255970757
SV1_C87017,C87017,0.928780415561191
SV1_C57683,C57683,0.8348467099173317
SV1_C46860,C46860,0.9718562240953709
SV1_C11487,C11487,0.9678516230654987
SV1_C40807,C40807,0.9920043699078308
SV1_C79278,C79278,0.9226638858432974
SV1_C61812,C61812,0.9181538546910168
SV1_C34894,C34894,0.8386554343518661
SV1_C82890,C82890,0.901445772146003
SV1_C47450,C47450,0.9422297984140188
SV1_C70301,C70301,0.8359374727375218
SV1_C62443,C62443,0.830609013648193
SV1_C13259,C13259,0.7605622984990243
SV1_C79885,C79885,0.9520785985252557
SV1_C56488,C56488,0.7528830214020308
SV1_C14487,C14487,0.9485314348737903
SV1_C00092,C00092,0.8875219555947722
SV1_C45016,C45016,0.799730214407196
SV1_C76270,C76270,0.9025454134991232
SV1_C61897,C61897,0.9633439795243363
SV1_C87045,C87045,0.7475697766567285
SV1_C92496,C92496,0.8612668045178948
SV1_C96706,C96706,0.9155521883745074
SV1_C18034,C18034,0.9173720313932563
SV1_C59478,C59478,0.9434901378321928
SV1_C27625,C27625,0.899695630135913
SV1_C28891,C28891,0.9499482385806011
SV1_C45616,C45616,0.7953037958919382
SV1_C52236,C52236,0.900594005086537
SV1_C31312,C31312,0.9297505778462495
SV1_C55281,C55281,0.8612157218316627
SV1_C62516,C62516,0.880457315392185
SV1_C52208,C52208,0.8623427530469301
SV1_C21642,C21642,0.7996149225141462
SV1_C06091,C06091,0.8394279277110551
SV1_C06080,C06080,0.8253888341421348
SV1_C49285,C49285,0.8854860178597869
SV1_C78083,C78083,0.7981031868240263
SV1_C82806,C82806,0.9081586400418341
SV1_C27647,C27647,0.7245472209670093
SV1_C14438,C14438,0.9988255934758458
SV1_C06641,C06641,0.8653268326983157
SV1_C03708,C03708,0.9326789340008159
SV1_C43843,C43843,0.756334206624042
SV1_C94212,C94212,0.9704780349837383
SV1_C87008,C87008,0.8739980692288609
SV1_C86422,C86422,0.8852931506870564
SV1_C57109,C57109,0.9948914886893155
SV1_C21012,C21012,0.9050674860959562
SV1_C87049,C87049,0.8219783202490235
SV1_C96042,C96042,0.9320711962380268
SV1_C52294,C52294,0.9899780276376672
SV1_C86419,C86419,0.8837413068110209
SV1_C71405,C71405,0.7979564355511576
SV1_C97219,C97219,0.9524586291270492
SV1_C60676,C60676,0.8203230638936903
SV1_C12064,C12064,0.8803403642226184
SV1_C78657,C78657,0.846542532319514
SV1_C77427,C77427,0.9469025274011078
SV1_C07916,C07916,0.8090486332664198
SV1_C91870,C91870,0.8798495730455262
SV1_C77503,C77503,0.8941414798752289
SV1_C43275,C43275,0.8334079180967054
SV1_C33023,C33023,0.8704551522107976
SV1_C31200,C31200,0.878453559361677
SV1_C88877,C88877,0.8736684704406834
SV1_C18642,C18642,0.8436571231957372
SV1_C63679,C63679,0.9192695209031492
SV1_C04806,C04806,0.8980048372435929
SV1_C10919,C10919,0.95215414690614
SV1_C07213,C07213,0.980067253223971
SV1_C64913,C64913,0.8686404143683616
SV1_C22298,C22298,0.8938176161957282
SV1_C26488,C26488,0.8995440610021808
SV1_C69099,C69099,0.8899237326244938
SV1_C69113,C69113,0.8997001309870646
SV1_C07260,C07260,0.7744111934170239
SV1_C80472,C80472,0.984691924622303
SV1_C21674,C21674,0.8272166278675751
SV1_C09089,C09089,0.8725994125537099
SV1_C77509,C77509,0.823043073345317
SV1_C66706,C66706,0.9950315004817607
SV1_C65499,C65499,0.8986109284115247
SV1_C04244,C04244,0.8924176267364576
SV1_C55912,C55912,0.9364195249346564
SV1_C94225,C94225,0.9784642990140048
SV1_C87099,C87099,0.8333244327338805
SV1_C18045,C18045,0.9527212439361109
SV1_C13279,C13279,0.7869831451772137
SV1_C12652,C12652,0.715120044868106
SV1_C44513,C44513,0.9498121304967607
SV1_C52841,C52841,0.8340937890783858
SV1_C34898,C34898,0.8214482423471736
SV1_C02497,C02497,0.9039188338687761
SV1_C93109,C93109,0.7842685707008061
SV1_C86425,C86425,0.7845667718822611
SV1_C06639,C06639,0.8972771635499386
SV1_C03079,C03079,0.7604303424376714
SV1_C91911,C91911,0.7687014902579887
SV1_C33116,C33116,0.9770931150423985
SV1_C94273,C94273,0.9147090855250184
SV1_C64812,C64812,0.9323014733423635
SV1_C45702,C45702,0.9735291089626902
SV1_C100202,C100202,0.8777169939904673
SV1_C23422,C23422,0.8507735477729371
SV1_C65406,C65406,0.9337989881845005
SV1_C87118,C87118,0.8705541712413271
SV1_C86431,C86431,0.8502813965276873
SV1_C64842,C64842,0.8899500049947991
SV1_C77515,C77515,0.8294958129566007
SV1_C85887,C85887,0.8014220912354709
SV1_C03093,C03093,0.8826349611537039
SV1_C10301,C10301,0.8422140220759573
SV1_C12686,C12686,0.875081329953001
SV1_C87641,C87641,0.7526696341652265
SV1_C28224,C28224,0.926420206044474
SV1_C75011,C75011,0.8612318818055533
SV1_C12091,C12091,0.9923442119581144
SV1_C93028,C93028,0.8984165583508068
SV1_C18691,C18691,0.8473853289067731
SV1_C45089,C45089,0.8058793978921545
SV1_C27025,C27025,0.8606079438966457
SV1_C13842,C13842,0.8350172795660422
SV1_C52897,C52897,0.8083235740699471
SV1_C97890,C97890,0.9085200304485728
SV1_C03635,C03635,0.961568789715555
SV1_C44517,C44517,0.7826729868519541
SV1_C68429,C68429,0.8324647898474794
SV1_C29478,C29478,0.8472341002522437
SV1_C45689,C45689,0.8168277068572463
SV1_C13872,C13872,0.9895915617925687
SV1_C63008,C63008,0.9053334555807074
SV1_C09612,C09612,0.9778337089055509
SV1_C21009,C21009,0.9161794634625814
SV1_C00621,C00621,0.7647702599552971
SV1_C76904,C76904,0.8861520340781077
SV1_C24038,C24038,0.882757997500016
SV1_C90646,C90646,0.7885541205361958
SV1_C19889,C19889,0.8454850029621682
SV1_C00047,C00047,0.8011064209614757
SV1_C45713,C45713,0.9501300637679122
SV1_C46205,C46205,0.8479464899250366
SV1_C12718,C12718,0.8248748431673927
SV1_C08506,C08506,0.9118263516202633
SV1_C64917,C64917,0.9637560559542865
SV1_C87642,C87642,0.7419973605337458
SV1_C01844,C01844,0.8167606926394938
SV1_C92477,C92477,0.9604597631106391
SV1_C24675,C24675,0.8191754806182514
SV1_C75008,C75008,0.9605257616203988
SV1_C76894,C76894,0.8755518578647541
SV1_C58315,C58315,0.8814568771667123
SV1_C34292,C34292,0.8447664462152675
SV1_C46853,C46853,0.9880800146341877
SV1_C47498,C47498,0.9548601308100862
SV1_C06089,C06089,0.9290796840852089
SV1_C64905,C64905,0.9437463904785213
SV1_C91836,C91836,0.8788440719319222
SV1_C00714,C00714,0.8211692225469411
SV1_C19890,C19890,0.8921315985398287
SV1_C42020,C42020,0.906241944959745
SV1_C30614,C30614,0.9337609848435128
SV1_C15091,C15091,0.906745627019166
SV1_C24107,C24107,0.8554838525715351
SV1_C55284,C55284,0.8536565043829043
SV1_C09636,C09636,0.7673900647559152
SV1_C06693,C06693,0.9949248054301322
SV1_C48699,C48699,0.7937701434687308
SV1_C96044,C96044,0.8524147211345138
SV1_C69634,C69634,0.8101141868798699
SV1_C16809,C16809,0.9137026414333884
SV1_C49879,C49879,0.8469318420649818
SV1_C69677,C69677,0.8543266476565716
SV1_C63639,C63639,0.8854135628594009
SV1_C03620,C03620,0.7455255552999929
SV1_C36005,C36005,0.8358443305270168
SV1_C72650,C72650,0.8666769000707965
SV1_C91865,C91865,0.9866074889717742
SV1_C97880,C97880,0.9251787715924159
SV1_C55288,C55288,0.7993687163969764
SV1_C15043,C15043,0.8255019942286066
SV1_C46806,C46806,0.9356111289363179
SV1_C19235,C19235,0.9756746257069477
SV1_C97909,C97909,0.8658423745707653
SV1_C81108,C81108,0.9161868780980553
SV1_C47441,C47441,0.9124933973542665
SV1_C47515,C47515,0.8784848651296597
SV1_C01897,C01897,0.9054095977263772
SV1_C23483,C23483,0.8035170841378309
SV1_C57119,C57119,0.8622956964443141
SV1_C33711,C33711,0.8207883694889048
SV1_C58294,C58294,0.8323064782088719
SV1_C73265,C73265,0.8289057124491932
SV1_C04237,C04237,0.9696218097886312
SV1_C01803,C01803,0.8152099801469828
SV1_C99074,C99074,0.7978433318036569
SV1_C05404,C05404,0.8433369971497027
SV1_C37807,C37807,0.9402679254667877
SV1_C100206,C100206,0.8777603046642642
SV1_C46266,C46266,0.9059220861533519
SV1_C66074,C66074,0.9303625655004821
SV1_C47416,C47416,0.7617169222907598
SV1_C71481,C71481,0.79281754140567
SV1_C91266,C91266,0.909398176044046
SV1_C70275,C70275,0.9794041403278437
SV1_C43823,C43823,0.8534467894851047
SV1_C12094,C12094,0.9077741731355097
SV1_C88803,C88803,0.8598223293277064
SV1_C75051,C75051,0.9167455693774729
SV1_C58896,C58896,0.892923454835526
SV1_C54076,C54076,0.9566945736303688
SV1_C19239,C19239,0.9612182193419193
SV1_C71406,C71406,0.9035979401309446
SV1_C52893,C52893,0.9654034548713992
SV1_C08459,C08459,0.9102989639750771
SV1_C45086,C45086,0.9155580135392786
SV1_C13836,C13836,0.86597866704781
SV1_C43895,C43895,0.7577948834683862
SV1_C98516,C98516,0.8231000380201389
SV1_C73831,C73831,0.8931450438144479
SV1_C76273,C76273,0.9068166469891609
SV1_C97882,C97882,0.8294714415011437
SV1_C61208,C61208,0.9272960968235243
SV1_C83508,C83508,0.8884559986765183
SV1_C51698,C51698,0.8587358375913107
SV1_C57715,C57715,0.8813506495662297
SV1_C91249,C91249,0.8701274093394573
SV1_C09012,C09012,0.9817051709344243
SV1_C76264,C76264,0.8548103314680632
SV1_C72629,C72629,0.7834413549890613
SV1_C90611,C90611,0.8956174762566991
SV1_C53427,C53427,0.9978653657284637
SV1_C94893,C94893,0.8440273866075356
SV1_C16810,C16810,0.9380671558591546
SV1_C28239,C28239,0.8492782828798227
SV1_C51000,C51000,0.8615080303422207
SV1_C49854,C49854,0.9884341205213665
SV1_C93099,C93099,0.740852270096636
SV1_C23441,C23441,0.8960219198885632
SV1_C00097,C00097,0.9011868680764717
SV1_C79807,C79807,0.8345954535979863
SV1_C07900,C07900,0.8403215083929453
SV1_C77505,C77505,0.8324114435873483
SV1_C69631,C69631,0.9221191299723057
SV1_C30109,C30109,0.8215378355359046
SV1_C27112,C27112,0.8949534134631312
SV1_C04229,C04229,0.9434724111408941
SV1_C66095,C66095,0.8537209195385065
SV1_C13830,C13830,0.852145448544469
SV1_C90080,C90080,0.8788260193363384
SV1_C26425,C26425,0.9398066040803933
SV1_C58206,C58206,0.9896250492333705
SV1_C46200,C46200,0.84929492441561
SV1_C03028,C03028,0.9789297347789195
SV1_C67903,C67903,0.9029369258306177
SV1_C96688,C96688,0.9642029734797877
SV1_C72626,C72626,0.734549509860846
SV1_C82800,C82800,0.9534910082735251
SV1_C15613,C15613,0.925738942812856
SV1_C70202,C70202,0.902381971836754
SV1_C02496,C02496,0.9188281695680969
SV1_C72047,C72047,0.9732026128710701
SV1_C87684,C87684,0.7906455789472351
SV1_C44480,C44480,0.8603092835847586
SV1_C100231,C100231,0.8288205455469594
SV1_C73268,C73268,0.9541376052262892
SV1_C29416,C29416,0.8815950048018778
SV1_C83415,C83415,0.8517577850303437
SV1_C86517,C86517,0.7868764936383585
SV1_C43314,C43314,0.9220824169844222
SV1_C90057,C90057,0.8195816354260004
SV1_C97830,C97830,0.9091578902528302
SV1_C70222,C70222,0.9644768553684385
SV1_C88205,C88205,0.8990363751189342
SV1_C04280,C04280,0.9516594768204399
SV1_C64821,C64821,0.8261140148609465
SV1_C55282,C55282,0.8864084048951302
SV1_C73864,C73864,0.8466698304148337
SV1_C92420,C92420,0.8757213995418559
SV1_C09061,C09061,0.785731122755556
SV1_C54002,C54002,0.8842623595684334
SV1_C58883,C58883,0.8451545848629265
SV1_C13231,C13231,0.9299512350828403
SV1_C60687,C60687,0.8618881830704828
SV1_C78059,C78059,0.7300884613227081
SV1_C00645,C00645,0.8105943660341486
SV1_C04239,C04239,0.9520182564594862
SV1_C91808,C91808,0.903349752894607
SV1_C87090,C87090,0.9264897324083751
SV1_C05406,C05406,0.8686827453156465
SV1_C70819,C70819,0.9802393888838558
SV1_C93608,C93608,0.9734709727367117
SV1_C98508,C98508,0.8753750000987647
SV1_C96082,C96082,0.8488660287110408
SV1_C53474,C53474,0.8822640636245751
SV1_C07239,C07239,0.8578613568158366
SV1_C61316,C61316,0.9160035450693298
SV1_C63610,C63610,0.9089517251925293
SV1_C07830,C07830,0.7868655210643032
SV1_C19232,C19232,0.8278506054852187
SV1_C72634,C72634,0.7246302858465713
SV1_C74438,C74438,0.7492054819519127
SV1_C44428,C44428,0.8040901704240834
SV1_C88227,C88227,0.8468172109078197
SV1_C66103,C66103,0.9003943772848709
SV1_C94202,C94202,0.9413739044623629
SV1_C49273,C49273,0.9099985799319636
SV1_C90059,C90059,0.9819765090931685
SV1_C77455,C77455,0.7860651320829785
SV1_C29500,C29500,0.8300938127840096
SV1_C22287,C22287,0.7800462979572199
SV1_C92498,C92498,0.8393453590373564
SV1_C52899,C52899,0.927250781166186
SV1_C48665,C48665,0.8979691325049542
SV1_C07280,C07280,0.9844590698058263
SV1_C70200,C70200,0.9227101053910715
SV1_C64834,C64834,0.915233258253538
SV1_C10268,C10268,0.9975112633868514
SV1_C16887,C16887,0.9443620202695596
SV1_C94873,C94873,0.9121018924960831
SV1_C34216,C34216,0.9129718539178177
SV1_C61872,C61872,0.8393650527205277
SV1_C72086,C72086,0.8857347270010401
SV1_C99104,C99104,0.8888898072625269
SV1_C46915,C46915,0.8552241931900045
SV1_C87092,C87092,0.9521193886166956
SV1_C48029,C48029,0.7537277893834098
SV1_C04800,C04800,0.9162870380682078
SV1_C76257,C76257,0.7680850601783129
SV1_C23479,C23479,0.7977119265863815
SV1_C36616,C36616,0.9520960621630121
SV1_C18047,C18047,0.8960430870550582
SV1_C52306,C52306,0.877261788753871
SV1_C74494,C74494,0.9271226562118504
SV1_C74498,C74498,0.8917954713683559
SV1_C87621,C87621,0.8843174730879574
SV1_C75054,C75054,0.8552516459237389
SV1_C60601,C60601,0.956197454078285
SV1_C65418,C65418,0.8624947265741769
SV1_C79913,C79913,0.8806729032340928
SV1_C25912,C25912,0.9257289116865567
SV1_C45611,C45611,0.9983632338278561
SV1_C46303,C46303,0.8637867830401825
SV1_C60646,C60646,0.914236281605451
SV1_C60702,C60702,0.9871542031091579
SV1_C52915,C52915,0.9979832618162715
SV1_C87014,C87014,0.9311081156437344
SV1_C33717,C33717,0.9484464391091392
SV1_C100245,C100245,0.9299366870784143
SV1_C78646,C78646,0.9293014959950864
SV1_C17444,C17444,0.9119219798797167
SV1_C02400,C02400,0.985034626693526
SV1_C07846,C07846,0.9206697931604503
SV1_C95438,C95438,0.9605290095162681
SV1_C94210,C94210,0.9407411911918238
SV1_C99697,C99697,0.9120674757103021
SV1_C64236,C64236,0.8895822888962114
SV1_C07314,C07314,0.8567125778002928
SV1_C04314,C04314,0.7996051990396604
SV1_C67300,C67300,0.9160719619985217
SV1_C94888,C94888,0.9288680230503507
SV1_C09071,C09071,0.9019691797756506
SV1_C45601,C45601,0.851050908302103
SV1_C57607,C57607,0.9431347202965609
SV1_C64206,C64206,0.9173193041558203
SV1_C21608,C21608,0.8938159767720927
SV1_C76859,C76859,0.8567062917760102
SV1_C54015,C54015,0.8695384586890903
SV1_C90685,C90685,0.9139395638911205
SV1_C00600,C00600,0.9918388444890979
SV1_C01831,C01831,0.9793319739244009
SV1_C67286,C67286,0.985736934930951
SV1_C19825,C19825,0.8628135464532107
SV1_C87713,C87713,0.9467172136630114
SV1_C70213,C70213,0.9063388662240299
SV1_C44471,C44471,0.7765259519331882
SV1_C66620,C66620,0.8230065774806442
SV1_C43868,C43868,0.8452429972020133
SV1_C13270,C13270,0.8009822796142781
SV1_C47462,C47462,0.939219202104209
SV1_C96698,C96698,0.9073301203849867
SV1_C44518,C44518,0.8033486468415366
SV1_C00106,C00106,0.829962658524371
SV1_C06618,C06618,0.9473831801452015
SV1_C73299,C73299,0.9664445236332577
SV1_C73877,C73877,0.953467216096621
SV1_C74433,C74433,0.8394795621176381
SV1_C34222,C34222,0.9747505418144212
SV1_C57676,C57676,0.8503328930660303
SV1_C84087,C84087,0.8945112427877804
SV1_C48673,C48673,0.9499913180896425
SV1_C78102,C78102,0.7612041794466117
SV1_C94918,C94918,0.7686235445321773
SV1_C69076,C69076,0.8161639439225408
SV1_C15029,C15029,0.9052492210612819
SV1_C13903,C13903,0.7573603074407668
SV1_C79916,C79916,0.8302894461716762
SV1_C07883,C07883,0.8792355943141703
SV1_C18611,C18611,0.8711671203780944
SV1_C91914,C91914,0.8626206479322877
SV1_C85817,C85817,0.8700072145177166
SV1_C23501,C23501,0.8875244726605881
SV1_C61273,C61273,0.9170083963325463
SV1_C70901,C70901,0.8039894600504547
SV1_C11479,C11479,0.8994452987378737
SV1_C46213,C46213,0.8302657466085848
SV1_C48606,C48606,0.852144581702491
SV1_C36002,C36002,0.8734206187724616
SV1_C84714,C84714,0.9150390147109707
SV1_C94239,C94239,0.9375489736093987
SV1_C66695,C66695,0.8711854352259697
SV1_C16825,C16825,0.8717642382539706
SV1_C61305,C61305,0.9568319395077244
SV1_C37202,C37202,0.8919562458944177
SV1_C97818,C97818,0.9272133447055088
SV1_C81709,C81709,0.9041748497927325
SV1_C00605,C00605,0.9991226275481953
SV1_C03638,C03638,0.8945309453686522
SV1_C27032,C27032,0.8924247385429132
SV1_C12704,C12704,0.7250603159461391
SV1_C91260,C91260,0.9197267435366717
SV1_C16291,C16291,0.9039501541618904
SV1_C24627,C24627,0.7786866911158857
SV1_C94229,C94229,0.982625859479393
SV1_C42614,C42614,0.9226170239007407
SV1_C21618,C21618,0.8917849904112831
SV1_C09039,C09039,0.9044885301892442
SV1_C23409,C23409,0.9065650209775951
SV1_C87711,C87711,0.837195396363359
SV1_C24007,C24007,0.9874529029407958
SV1_C48039,C48039,0.7878693233732306
SV1_C55245,C55245,0.8027387564046219
SV1_C31819,C31819,0.8772945681227585
SV1_C96628,C96628,0.9563424469734136
SV1_C06681,C06681,0.8266265206286593
SV1_C17421,C17421,0.8068980743007781
SV1_C99640,C99640,0.9312470845608427
SV1_C73262,C73262,0.8472536843870376
SV1_C69702,C69702,0.956259115013257
SV1_C13804,C13804,0.9993814831069034
SV1_C02445,C02445,0.860385679337119
SV1_C12701,C12701,0.7281784339256988
SV1_C16237,C16237,0.9170287014568053
SV1_C02491,C02491,0.8034621407304925
SV1_C00088,C00088,0.9599570295045221
SV1_C01887,C01887,0.7859110330801351
SV1_C23517,C23517,0.8895527850443772
SV1_C45656,C45656,0.9917364211649939
SV1_C63644,C63644,0.8204560379639874
SV1_C96023,C96023,0.9989723243848744
SV1_C24030,C24030,0.892438348807079
SV1_C03046,C03046,0.899195083365933
SV1_C31900,C31900,0.817576090787259
SV1_C72007,C72007,0.8601987192334418
SV1_C12106,C12106,0.8790819015756035
SV1_C57674,C57674,0.8822571540811088
SV1_C86506,C86506,0.9627107721640612
SV1_C66640,C66640,0.8365854708609349
SV1_C61833,C61833,0.8223005943110063
SV1_C54082,C54082,0.8708852212936935
SV1_C12055,C12055,0.8781965434619258
SV1_C54646,C54646,0.8955520051233593
SV1_C47456,C47456,0.9674236184944305
SV1_C100297,C100297,0.908285342928851
SV1_C02510,C02510,0.8565036660208787
SV1_C66631,C66631,0.8805678248032262
SV1_C98432,C98432,0.9284344817623805
SV1_C55919,C55919,0.8576299424398506
SV1_C28808,C28808,0.8946934166759437
SV1_C43909,C43909,0.9906847208857518
SV1_C31284,C31284,0.956634734958146
SV1_C23485,C23485,0.8624471699039382
SV1_C27036,C27036,0.9310235660979347
SV1_C54079,C54079,0.9656144555646704
SV1_C24119,C24119,0.8719362014133949
SV1_C61881,C61881,0.9230602172776229
SV1_C79216,C79216,0.8757091349673406
SV1_C58801,C58801,0.9666006504408856
SV1_C22288,C22288,0.865767304651552
SV1_C19824,C19824,0.8695693688539513
SV1_C21627,C21627,0.758373310461938
SV1_C21709,C21709,0.9207339285344669
SV1_C66081,C66081,0.8896457131358628
SV1_C84672,C84672,0.9247310064805724
SV1_C57647,C57647,0.8368148441578697
SV1_C75666,C75666,0.8257472899440537
SV1_C67826,C67826,0.8591746882612343
SV1_C55877,C55877,0.7450779633075572
SV1_C70833,C70833,0.9080323225787454
SV1_C82203,C82203,0.8228973114206364
SV1_C07284,C07284,0.9592764744392526
SV1_C56419,C56419,0.8593772900394318
SV1_C90081,C90081,0.9103719263234406
SV1_C44464,C44464,0.929619535575933
SV1_C45055,C45055,0.7980883163512676
SV1_C87668,C87668,0.8093050604446105
SV1_C35405,C35405,0.8419555497984306
SV1_C61875,C61875,0.8719408234013177
SV1_C18030,C18030,0.9006039158237772
SV1_C76206,C76206,0.8744827558999381
SV1_C22247,C22247,0.827952647691479
SV1_C09675,C09675,0.8755631344702121
SV1_C77408,C77408,0.9310749358250321
SV1_C16831,C16831,0.8332518392795276
SV1_C66072,C66072,0.8133546123907119
SV1_C87714,C87714,0.9231385331116524
SV1_C76259,C76259,0.885352975930395
SV1_C73881,C73881,0.9521121574439474
SV1_C18614,C18614,0.9201867163365974
SV1_C24008,C24008,0.9253112994489473
SV1_C35501,C35501,0.8701251059013173
SV1_C80495,C80495,0.7613582312714906
SV1_C13918,C13918,0.8242042841094065
SV1_C23428,C23428,0.9954918253018323
SV1_C25896,C25896,0.8456022037456928
SV1_C80409,C80409,0.9315496190768922
SV1_C80419,C80419,0.9282886682550772
SV1_C37815,C37815,0.933732635789077
SV1_C61297,C61297,0.961221632557897
SV1_C11415,C11415,0.8493627993471875
SV1_C43865,C43865,0.9344787111809886
SV1_C72043,C72043,0.8755737772170085
SV1_C13841,C13841,0.7835334002996113
SV1_C63696,C63696,0.8795693437835647
SV1_C20429,C20429,0.8373987049372559
SV1_C60600,C60600,0.9322463553306282
SV1_C45001,C45001,0.8525286377240694
SV1_C73813,C73813,0.9536205596653023
SV1_C93647,C93647,0.7682380824834568
SV1_C00118,C00118,0.8744602975771649
SV1_C67821,C67821,0.8576797094347176
SV1_C61839,C61839,0.825791001451442
SV1_C62437,C62437,0.7796600016213919
SV1_C48711,C48711,0.8581877487125771
SV1_C09058,C09058,0.7945850708162301
SV1_C88237,C88237,0.7650633949074648
SV1_C65410,C65410,0.9308219968674725
SV1_C51621,C51621,0.8047836655989403
SV1_C75016,C75016,0.8992704341408377
SV1_C88823,C88823,0.8750892367227894
SV1_C64231,C64231,0.8828916791091912
SV1_C96713,C96713,0.8157315966138073
SV1_C33714,C33714,0.8623973563010143
SV1_C95506,C95506,0.9234507638339364
SV1_C83482,C83482,0.8513613949335148
SV1_C52303,C52303,0.9366280456507659
SV1_C13257,C13257,0.7993631296548336
SV1_C13892,C13892,0.9860760506343539
SV1_C28886,C28886,0.8566270823903612
SV1_C85319,C85319,0.8561203329268244
SV1_C76844,C76844,0.8271470078607595
SV1_C98429,C98429,0.9342602597901114
SV1_C68423,C68423,0.9981256093596155
SV1_C26492,C26492,0.9945179608273701
SV1_C31910,C31910,0.8483569604678388
SV1_C67205,C67205,0.9926965864157289
SV1_C76300,C76300,0.9080555013728899
SV1_C58205,C58205,0.9708424993502688
SV1_C02517,C02517,0.9247470470762719
SV1_C43288,C43288,0.7365635493224459
SV1_C59490,C59490,0.8591936987274293
SV1_C85312,C85312,0.8611034352055451
SV1_C52890,C52890,0.8990594803540408
SV1_C00702,C00702,0.8467542729943583
SV1_C21013,C21013,0.908829711815904
SV1_C68495,C68495,0.9326238360351375
SV1_C34207,C34207,0.7879402743705869
SV1_C01218,C01218,0.9169560532023104
SV1_C66010,C66010,0.9391015632292355
SV1_C12625,C12625,0.9575923587192539
SV1_C90079,C90079,0.8630547890278114
SV1_C21716,C21716,0.8708710102705538
SV1_C91846,C91846,0.7966476271069934
SV1_C90645,C90645,0.7811046627627983
SV1_C67289,C67289,0.8546777453406297
SV1_C15004,C15004,0.8905424542434988
SV1_C10287,C10287,0.9564424960020373
SV1_C57023,C57023,0.8063613475557815
SV1_C45622,C45622,0.8802982006382727
SV1_C21014,C21014,0.8939587293704017
SV1_C71413,C71413,0.8205384800454381
SV1_C83404,C83404,0.9538032331381935
SV1_C44418,C44418,0.8790126587426302
SV1_C80422,C80422,0.9303893955843587
SV1_C48051,C48051,0.7843107812858978
SV1_C12033,C12033,0.9325961622552743
SV1_C96092,C96092,0.8791803137794286
SV1_C10230,C10230,0.8442890767054743
SV1_C00089,C00089,0.9465503583793591
SV1_C22276,C22276,0.7649633102757936
SV1_C63042,C63042,0.8476753317474504
SV1_C81100,C81100,0.8945263747310109
SV1_C44453,C44453,0.9986120539611227
SV1_C82284,C82284,0.9206500696217501
SV1_C65511,C65511,0.8722843781821338
SV1_C09056,C09056,0.7909813723907865
SV1_C100246,C100246,0.9526593627713634
SV1_C91864,C91864,0.9799130491231632
SV1_C15606,C15606,0.9375699291574934
SV1_C52233,C52233,0.9287907143254175
SV1_C27118,C27118,0.8757168058690352
SV1_C12708,C12708,0.7480344533398674
SV1_C83411,C83411,0.8112086542600049
SV1_C76304,C76304,0.9082498182481891
SV1_C43224,C43224,0.8031149551436454
SV1_C44509,C44509,0.9923697854672971
SV1_C95518,C95518,0.7653936780539933
SV1_C78610,C78610,0.9361952812941859
SV1_C33678,C33678,0.8387196577414964
SV1_C53402,C53402,0.893403598729405
SV1_C47459,C47459,0.778498989459206
SV1_C55294,C55294,0.9838572935539905
SV1_C27085,C27085,0.9245679404721928
SV1_C52223,C52223,0.8121790584802614
SV1_C76240,C76240,0.7972480561519214
SV1_C22816,C22816,0.9694133606650692
SV1_C67886,C67886,0.9935007229833259
SV1_C51029,C51029,0.9008851609915125
SV1_C87026,C87026,0.7620055752192318
SV1_C66675,C66675,0.8184477342966326
SV1_C92424,C92424,0.9148568631570915
SV1_C08442,C08442,0.8361112277032305
SV1_C71439,C71439,0.896899386981384
SV1_C06095,C06095,0.9079824394301218
SV1_C43230,C43230,0.7729593182809303
SV1_C05505,C05505,0.8134371274719268
SV1_C67217,C67217,0.8876050105670039
SV1_C78045,C78045,0.8026696819534509
SV1_C02492,C02492,0.8887559429615962
SV1_C01229,C01229,0.9646435879677941
SV1_C97815,C97815,0.8905861448728173
SV1_C58226,C58226,0.8454163296991377
SV1_C90713,C90713,0.9448263022528298
SV1_C70317,C70317,0.9344876266561317
SV1_C07211,C07211,0.874996394809939
SV1_C70215,C70215,0.9875603840207019
SV1_C28881,C28881,0.918183517386168
SV1_C00080,C00080,0.9822591878893931
SV1_C66684,C66684,0.8338889482795289
SV1_C10821,C10821,0.9527041141251217
SV1_C32500,C32500,0.8164672460376206
SV1_C47486,C47486,0.9704973867693758
SV1_C69086,C69086,0.993147062661629
SV1_C59495,C59495,0.7668350308666715
SV1_C29488,C29488,0.8277989971122289
SV1_C08463,C08463,0.952640309536718
SV1_C36607,C36607,0.9229106917782598
SV1_C85210,C85210,0.8803813106078855
SV1_C60683,C60683,0.8502367399214182
SV1_C01308,C01308,0.9461523104723246
SV1_C76268,C76268,0.9686138488193421
SV1_C01891,C01891,0.8062450483240967
SV1_C78611,C78611,0.7924248984835516
SV1_C52918,C52918,0.8494359245534089
SV1_C35489,C35489,0.9929849637552821
SV1_C40222,C40222,0.9795928369526344
SV1_C12084,C12084,0.9006023424672821
SV1_C22274,C22274,0.8476526522838802
SV1_C03619,C03619,0.8320599962115227
SV1_C85803,C85803,0.8108723297003668
SV1_C78052,C78052,0.8480677454858898
SV1_C10251,C10251,0.8927930106547275
SV1_C31308,C31308,0.8324588898744485
SV1_C64840,C64840,0.8456863015000174
SV1_C27040,C27040,0.9499837317370383
SV1_C07259,C07259,0.897253882850087
SV1_C76852,C76852,0.7963338765358396
SV1_C13261,C13261,0.80468865073013
SV1_C22836,C22836,0.9784647673366397
SV1_C88826,C88826,0.7528588640594093
SV1_C02504,C02504,0.9327066875921732
SV1_C72095,C72095,0.8500193383671268
SV1_C13273,C13273,0.9916975005592882
SV1_C69706,C69706,0.9553281387105814
SV1_C94800,C94800,0.9844082840013654
SV1_C10277,C10277,0.9907447161952424
SV1_C00019,C00019,0.778886313056505
SV1_C16235,C16235,0.8326723298646364
SV1_C05494,C05494,0.9020380282450821
SV1_C48719,C48719,0.9907815187305365
SV1_C78015,C78015,0.7958524218103915
SV1_C21076,C21076,0.9575834677039999
SV1_C19283,C19283,0.8176575253930394
SV1_C34804,C34804,0.8205723487062933
SV1_C25804,C25804,0.9225707831421079
SV1_C70319,C70319,0.738425562826342
SV1_C31909,C31909,0.8148877431415039
SV1_C24602,C24602,0.9096329994176174
SV1_C90672,C90672,0.9032550038058803
SV1_C90668,C90668,0.8256473528550149
SV1_C58229,C58229,0.8224529357203824
SV1_C16891,C16891,0.8997267641399315
SV1_C07303,C07303,0.9867338826223276
SV1_C68505,C68505,0.9517359478244367
SV1_C50478,C50478,0.9042002312340158
SV1_C78604,C78604,0.9792645067039897
SV1_C61236,C61236,0.8343609599355664
SV1_C37215,C37215,0.9249819718278988
SV1_C82214,C82214,0.8937754711899157
SV1_C65502,C65502,0.9876771252448052
SV1_C13832,C13832,0.8935044004760329
SV1_C89483,C89483,0.8357579327579149
SV1_C85272,C85272,0.9762153500367341
SV1_C06107,C06107,0.7536328209874742
SV1_C91295,C91295,0.8956387476493178
SV1_C14447,C14447,0.8910058294501567
SV1_C61883,C61883,0.8708976278088233
SV1_C24614,C24614,0.9255215401037384
SV1_C01836,C01836,0.9991860493902568
SV1_C98416,C98416,0.9587557286944661
SV1_C61219,C61219,0.9250509354100086
SV1_C24117,C24117,0.892054627201136
SV1_C82911,C82911,0.9058383401644488
SV1_C45690,C45690,0.850244552019328
SV1_C27641,C27641,0.9846518613839181
SV1_C94806,C94806,0.946367170587313
SV1_C60637,C60637,0.8240507492649675
SV1_C11493,C11493,0.8980514430412104
SV1_C07889,C07889,0.8739741976244713
SV1_C76205,C76205,0.9247906873021671
SV1_C90675,C90675,0.8846276930802525
SV1_C91815,C91815,0.9176093930894267
SV1_C00685,C00685,0.9843401961244862
SV1_C55875,C55875,0.9625339028750621
SV1_C78109,C78109,0.8034868958065378
SV1_C85912,C85912,0.8740629350013487
SV1_C24709,C24709,0.9429545344336293
SV1_C75709,C75709,0.9148326496577168
SV1_C34288,C34288,0.9505159636759736
SV1_C32509,C32509,0.8220949160622708
SV1_C22899,C22899,0.8292875888189857
SV1_C91827,C91827,0.7682385226016393
SV1_C97285,C97285,0.9436267941705617
SV1_C47474,C47474,0.9935128079592763
SV1_C11450,C11450,0.7581441389370005
SV1_C13904,C13904,0.7674134910307521
SV1_C73222,C73222,0.9773285190678063
SV1_C81107,C81107,0.9191604118798725
SV1_C64810,C64810,0.9214532177055835
SV1_C13200,C13200,0.9896102368510599
SV1_C11404,C11404,0.9517282465874606
SV1_C88211,C88211,0.8681105192594291
SV1_C75679,C75679,0.8537988728530737
SV1_C60077,C60077,0.8896547053999243
SV1_C90103,C90103,0.8345882116302709
SV1_C42003,C42003,0.9920263262694317
SV1_C24631,C24631,0.7767243251887277
SV1_C88246,C88246,0.7638041626381489
SV1_C70904,C70904,0.796845610053909
SV1_C01873,C01873,0.9588191898599016
SV1_C07867,C07867,0.9731349400342224
SV1_C55817,C55817,0.9311157502643809
SV1_C24043,C24043,0.7037610239926637
SV1_C57641,C57641,0.7745563535696129
SV1_C59477,C59477,0.8748442781453992
SV1_C12673,C12673,0.9772089583506002
SV1_C74411,C74411,0.8623753724754496
SV1_C35487,C35487,0.8989586620163014
SV1_C50486,C50486,0.8854034621033565
SV1_C51010,C51010,0.9101010549121245
SV1_C54702,C54702,0.8476624312898956
SV1_C10241,C10241,0.7170645889052404
SV1_C25234,C25234,0.8929547506111931
SV1_C60647,C60647,0.8360789889776993
SV1_C07276,C07276,0.9873416371774117
SV1_C88900,C88900,0.994390920777089
SV1_C09009,C09009,0.9887009957660182
SV1_C84707,C84707,0.759222681086279
SV1_C75066,C75066,0.8232361005117499
SV1_C91869,C91869,0.9080915487884756
SV1_C75643,C75643,0.8441061134891336
SV1_C31283,C31283,0.9881052381602947
SV1_C30105,C30105,0.8222779617591551
SV1_C33603,C33603,0.8318684131890042
SV1_C07839,C07839,0.8741657309541158
SV1_C12649,C12649,0.7443812919443258
SV1_C81011,C81011,0.835819045857934
SV1_C62513,C62513,0.8491227599561072
SV1_C31205,C31205,0.9025933189356631
SV1_C63672,C63672,0.7944319843279926
SV1_C46275,C46275,0.8861210699530503
SV1_C04906,C04906,0.9011139942975641
SV1_C83488,C83488,0.9036087982511671
SV1_C54675,C54675,0.97250797609111
SV1_C86467,C86467,0.9377503841561613
SV1_C65474,C65474,0.9190491398611235
SV1_C67315,C67315,0.8058232541249297
SV1_C76284,C76284,0.8727228080792504
SV1_C74436,C74436,0.8057968150616809
SV1_C15690,C15690,0.9043713099590478
SV1_C62413,C62413,0.9167085512683515
SV1_C06712,C06712,0.8990062383442651
SV1_C90665,C90665,0.9003022078272549
SV1_C77467,C77467,0.8877445506762066
SV1_C96103,C96103,0.9832444387247339
SV1_C59504,C59504,0.8940917928090881
SV1_C23410,C23410,0.9204397462397667
SV1_C03003,C03003,0.8077465313516242
SV1_C43850,C43850,0.9629263272218985
SV1_C58877,C58877,0.857825534558283
SV1_C27705,C27705,0.9906699432376771
SV1_C80413,C80413,0.9211576498656876
SV1_C78627,C78627,0.8401607667246416
SV1_C92510,C92510,0.833492543822734
SV1_C33705,C33705,0.843649129246732
SV1_C78634,C78634,0.896517390457319
SV1_C23447,C23447,0.8276710301025809
SV1_C49231,C49231,0.7855868084693914
SV1_C84092,C84092,0.7644589533928307
SV1_C07808,C07808,0.9987066933301372
SV1_C95483,C95483,0.9026536851079662
SV1_C78694,C78694,0.9447824648825413
SV1_C71420,C71420,0.9876351289508337
SV1_C72662,C72662,0.8472468023667867
SV1_C99112,C99112,0.9307770132667278
SV1_C30088,C30088,0.824688521560438
SV1_C93672,C93672,0.9163122176913953
SV1_C22840,C22840,0.9051140674357367
SV1_C72111,C72111,0.9430696260581747
SV1_C35513,C35513,0.8257790475972691
SV1_C15645,C15645,0.9548557230041677
SV1_C49247,C49247,0.8405683244285655
SV1_C28887,C28887,0.9799765874572459
SV1_C23474,C23474,0.8852481599223316
SV1_C83479,C83479,0.9218036955759866
SV1_C47430,C47430,0.7507094203402704
SV1_C95415,C95415,0.9074285630215065
SV1_C54615,C54615,0.8592794091410045
SV1_C06606,C06606,0.9027383757219911
SV1_C02475,C02475,0.7647857425894388
SV1_C01315,C01315,0.8438249331553136
SV1_C56422,C56422,0.826899568669197
SV1_C87688,C87688,0.875014542630836
SV1_C13319,C13319,0.8904095137242066
SV1_C35510,C35510,0.8305304678630463
SV1_C21034,C21034,0.7863752444749864
SV1_C79275,C79275,0.9707898643177055
SV1_C84698,C84698,0.8357676141112088
SV1_C92431,C92431,0.7677704820667425
SV1_C45097,C45097,0.9983710331048234
SV1_C68440,C68440,0.7969988551054945
SV1_C12085,C12085,0.8935534246429695
SV1_C63677,C63677,0.7912918120258524
SV1_C32514,C32514,0.8555059225609284
SV1_C06616,C06616,0.8085786080186262
SV1_C87020,C87020,0.8588814051292021
SV1_C32502,C32502,0.8845485187786336
SV1_C51111,C51111,0.9803806665166293
SV1_C68403,C68403,0.8607659801481754
SV1_C88271,C88271,0.7760489125219487
SV1_C52309,C52309,0.7967452094826855
SV1_C76283,C76283,0.8755431193922244
SV1_C06638,C06638,0.9683160380423317
SV1_C65506,C65506,0.9853100754815572
SV1_C46821,C46821,0.8443479681267231
SV1_C66085,C66085,0.8974442878191765
SV1_C76822,C76822,0.9155050209398329
SV1_C12707,C12707,0.9144782517431513
SV1_C03676,C03676,0.9613618139657295
SV1_C75674,C75674,0.8873861136855675
SV1_C70279,C70279,0.9810678543133776
SV1_C21622,C21622,0.8292224187434026
SV1_C03007,C03007,0.8083385803495814
SV1_C08435,C08435,0.9170008363674309
SV1_C43310,C43310,0.9631288452663599
SV1_C07226,C07226,0.7730541251723987
SV1_C59473,C59473,0.8743375596538052
SV1_C87102,C87102,0.9665110808627847
SV1_C74430,C74430,0.7886265281919241
SV1_C00699,C00699,0.8005155401435355
SV1_C72100,C72100,0.9123612046092764
SV1_C19205,C19205,0.8647372409077223
SV1_C98417,C98417,0.9557039965314886
SV1_C57004,C57004,0.9966650575204727
SV1_C87064,C87064,0.7512600268954335
SV1_C97842,C97842,0.8859306597870705
SV1_C90644,C90644,0.7636784041382779
SV1_C79311,C79311,0.9275271452129543
SV1_C10211,C10211,0.8767422331710455
SV1_C13810,C13810,0.9525594978770803
SV1_C01829,C01829,0.9666319650161416
SV1_C21699,C21699,0.8209260414510049
SV1_C40803,C40803,0.991523474595942
SV1_C73910,C73910,0.8829083492478903
SV1_C31291,C31291,0.9680818459842502
SV1_C89479,C89479,0.8387647458291576
SV1_C73253,C73253,0.7691838874742606
SV1_C48060,C48060,0.9290111510634969
SV1_C46307,C46307,0.8609494024185769
SV1_C22844,C22844,0.847261047815551
SV1_C03639,C03639,0.9737482639342854
SV1_C88820,C88820,0.8772685186953806
SV1_C13870,C13870,0.7742893218015936
SV1_C00641,C00641,0.9485211965564714
SV1_C26424,C26424,0.9518518371372408
SV1_C85804,C85804,0.9016778190448405
SV1_C04205,C04205,0.9590310639129858
SV1_C17416,C17416,0.8765965482794421
SV1_C66627,C66627,0.8814518318734015
SV1_C27000,C27000,0.8767235443811664
SV1_C75018,C75018,0.9109727148878173
SV1_C79306,C79306,0.8640020277733713
SV1_C51635,C51635,0.9942071489608202
SV1_C64212,C64212,0.9231561738368321
SV1_C82811,C82811,0.8219506510050782
SV1_C01907,C01907,0.80030765406981
SV1_C15634,C15634,0.9776391495483765
SV1_C82220,C82220,0.8254777659778736
SV1_C99692,C99692,0.8918707894928488
SV1_C60118,C60118,0.8739100905361129
SV1_C65472,C65472,0.8066461779812806
SV1_C48618,C48618,0.9002364212100715
SV1_C13831,C13831,0.8634099074920741
SV1_C09070,C09070,0.9161630558828328
SV1_C88906,C88906,0.9749121987478363
SV1_C76248,C76248,0.7459775492756358
SV1_C88215,C88215,0.8906072282422121
SV1_C27684,C27684,0.8277632067419388
SV1_C91303,C91303,0.8147888592970169
SV1_C91915,C91915,0.7662840110357935
SV1_C63687,C63687,0.9700650914706606
SV1_C01847,C01847,0.7907662337533271
SV1_C54613,C54613,0.8911155149612122
SV1_C57043,C57043,0.8646067418684028
SV1_C77483,C77483,0.8328445236758433
SV1_C07868,C07868,0.978808649691168
SV1_C28215,C28215,0.8379384160945811
SV1_C45008,C45008,0.8569663705075395
SV1_C58223,C58223,0.8625342433137327
SV1_C81073,C81073,0.9986103017529897
SV1_C14425,C14425,0.9030433581114307
SV1_C94880,C94880,0.9026140613386885
SV1_C52807,C52807,0.8696013342871389
SV1_C43880,C43880,0.8481711685187172
SV1_C71501,C71501,0.8276269904057558
SV1_C34886,C34886,0.889370857745408
SV1_C28213,C28213,0.810290138207465
SV1_C58824,C58824,0.8445420367854276
SV1_C01239,C01239,0.9993451738617907
SV1_C94827,C94827,0.9705659571038818
SV1_C10264,C10264,0.9021109607843583
SV1_C71475,C71475,0.9875836799281866
SV1_C17440,C17440,0.7629485938425141
SV1_C17445,C17445,0.9582626800307188
SV1_C94875,C94875,0.896394602336834
SV1_C44454,C44454,0.9659228389952078
SV1_C64202,C64202,0.9174392679686129
SV1_C09034,C09034,0.9297415252259114
SV1_C49238,C49238,0.8200430313270511
SV1_C46254,C46254,0.9643772365403877
SV1_C45659,C45659,0.7959176766257787
SV1_C68417,C68417,0.895540566677441
SV1_C24696,C24696,0.8522669528044531
SV1_C06643,C06643,0.8365587837679777
SV1_C66107,C66107,0.896959849016067
SV1_C92449,C92449,0.9284302757802686
SV1_C75609,C75609,0.9427786499103298
SV1_C62429,C62429,0.7955749178417237
SV1_C63092,C63092,0.745965799756988
SV1_C03683,C03683,0.7522128470936171
SV1_C88259,C88259,0.9976781310643094
SV1_C97239,C97239,0.9771312151580185
SV1_C87710,C87710,0.9639779416198169
SV1_C94915,C94915,0.9813444656328448
SV1_C43202,C43202,0.9416232871168498
SV1_C88822,C88822,0.9143484876578826
SV1_C94297,C94297,0.819931413631639
SV1_C88919,C88919,0.9347310699440061
SV1_C43258,C43258,0.9617744132140096
SV1_C01888,C01888,0.9665484443975524
SV1_C49894,C49894,0.8488015695324272
SV1_C94872,C94872,0.9115126356061248
SV1_C69004,C69004,0.98757285362895
SV1_C91842,C91842,0.773087749444469
SV1_C70902,C70902,0.7831125435325778
SV1_C52292,C52292,0.9279640746674747
SV1_C85820,C85820,0.8724978712200032
SV1_C04319,C04319,0.8569132925013788
SV1_C49297,C49297,0.8248217415486038
SV1_C87674,C87674,0.8644879213268841
SV1_C12062,C12062,0.8184561467194537
SV1_C12037,C12037,0.9019376829878225
SV1_C09651,C09651,0.8909159829457528
SV1_C11471,C11471,0.9054907717997805
SV1_C06011,C06011,0.9544212206653044
SV1_C91210,C91210,0.9560702928827335
SV1_C12670,C12670,0.8689829317672083
SV1_C52811,C52811,0.8735578619465251
SV1_C08431,C08431,0.9217635804615578
SV1_C28893,C28893,0.7693737315796504
SV1_C04224,C04224,0.9507790840408707
SV1_C32506,C32506,0.8805126941173939
SV1_C72601,C72601,0.9670298948344822
SV1_C66638,C66638,0.9239784440461742
SV1_C09615,C09615,0.8653958627240711
SV1_C87632,C87632,0.8230467788680768
SV1_C23508,C23508,0.9030708725399024
SV1_C09066,C09066,0.8700394587066437
SV1_C89403,C89403,0.8652007366486667
SV1_C04801,C04801,0.9230154919984115
SV1_C56443,C56443,0.9015337324497663
SV1_C99100,C99100,0.877740596925492
SV1_C62518,C62518,0.8383504099601572
SV1_C90040,C90040,0.7507798219097211
SV1_C09674,C09674,0.9450357942358444
SV1_C54012,C54012,0.8635251240678649
SV1_C88879,C88879,0.8255073407755785
SV1_C53484,C53484,0.959153968324471
SV1_C26514,C26514,0.9825313898329129
SV1_C01910,C01910,0.8467880466387602
SV1_C82908,C82908,0.9038741395680563
SV1_C21613,C21613,0.9158817313698122
SV1_C33608,C33608,0.8287222017029793
SV1_C09003,C09003,0.8804984221394411
SV1_C17485,C17485,0.8534696276156607
SV1_C86496,C86496,0.9856806752835163
SV1_C98515,C98515,0.9223958547921316
SV1_C52904,C52904,0.8067548858590241
SV1_C57036,C57036,0.8475431671886742
SV1_C52314,C52314,0.9269959601460107
SV1_C19837,C19837,0.8266924027311608
SV1_C27073,C27073,0.901304850840695
SV1_C76311,C76311,0.9530512983330973
SV1_C08407,C08407,0.8799183004880275
SV1_C99032,C99032,0.977262113645351
SV1_C88905,C88905,0.999520430041818
SV1_C68408,C68408,0.9881218930636569
SV1_C55909,C55909,0.9537219821321722
SV1_C60042,C60042,0.7841455730712098
SV1_C66005,C66005,0.9808273242241742
SV1_C46219,C46219,0.9436156050137465
SV1_C66035,C66035,0.8673455089955057
SV1_C08425,C08425,0.8881559929633379
SV1_C64879,C64879,0.8035542414907579
SV1_C82310,C82310,0.857818332430982
SV1_C97875,C97875,0.8498142910390416
SV1_C62476,C62476,0.8296875310248512
SV1_C67829,C67829,0.8577916713739087
SV1_C57697,C57697,0.9110963168671831
SV1_C43263,C43263,0.7874548746691337
SV1_C31209,C31209,0.9061995249105201
SV1_C55834,C55834,0.9406428000610199
SV1_C26401,C26401,0.8959646675235077
SV1_C04215,C04215,0.8537928142253742
SV1_C71496,C71496,0.8200256208643655
SV1_C97241,C97241,0.9397880782965963
SV1_C55244,C55244,0.8163850213013025
SV1_C38410,C38410,0.907972943708614
SV1_C11507,C11507,0.9899574899252324
SV1_C13276,C13276,0.9997476459973854
SV1_C87638,C87638,0.8965204788678965
SV1_C70201,C70201,0.9288718518296324
SV1_C46870,C46870,0.7801383019256212
SV1_C60076,C60076,0.8297281980421489
SV1_C27708,C27708,0.9767687619959186
SV1_C86462,C86462,0.915209955096538
SV1_C70814,C70814,0.9263311242322265
SV1_C09710,C09710,0.8987874216571553
SV1_C54107,C54107,0.9338305389950026
SV1_C27687,C27687,0.8603439950668957
SV1_C84700,C84700,0.7956637266024912
SV1_C97822,C97822,0.9489903351211988
SV1_C72689,C72689,0.8501066888692438
SV1_C23435,C23435,0.7360559166930142
SV1_C48607,C48607,0.921054652523874
SV1_C07817,C07817,0.9233054160356121
SV1_C63606,C63606,0.9098642300219595
SV1_C54116,C54116,0.708187321333834
SV1_C25814,C25814,0.9081604354559301
SV1_C55240,C55240,0.8865308173140477
SV1_C12689,C12689,0.9112442035974307
SV1_C33706,C33706,0.8779176864286283
SV1_C15612,C15612,0.8988413473199132
SV1_C75055,C75055,0.9172412084575579
SV1_C93064,C93064,0.985970482885537
SV1_C82817,C82817,0.8975011567236705
SV1_C09022,C09022,0.9960156629571276
SV1_C67875,C67875,0.824474239798498
SV1_C55904,C55904,0.952365475117227
SV1_C99033,C99033,0.9852094242799956
SV1_C36016,C36016,0.950449846975867
SV1_C11512,C11512,0.7583238983358749
SV1_C73271,C73271,0.8704438243856023
SV1_C19224,C19224,0.8464179711909274
SV1_C25206,C25206,0.9065788993471128
SV1_C53517,C53517,0.7406758293125276
SV1_C85812,C85812,0.8943231068894937
SV1_C48694,C48694,0.8113666031786618
SV1_C08468,C08468,0.9850425756368449
SV1_C86499,C86499,0.8308583746565877
SV1_C12719,C12719,0.8801197795798916
SV1_C00110,C00110,0.8400421249820015
SV1_C78019,C78019,0.8450921402797402
SV1_C21688,C21688,0.8536315172915886
SV1_C24698,C24698,0.9081203079816176
SV1_C00008,C00008,0.9930065681582497
SV1_C51602,C51602,0.9020863322803867
SV1_C96030,C96030,0.9343294161788008
SV1_C34880,C34880,0.9301344265047087
SV1_C81712,C81712,0.8949801792486963
SV1_C24037,C24037,0.975978488208819
SV1_C99083,C99083,0.7446919977401261
SV1_C43914,C43914,0.9247670806208466
SV1_C34318,C34318,0.9394989262104334
SV1_C49835,C49835,0.7916652593273006
SV1_C22843,C22843,0.7179183405924219
SV1_C57713,C57713,0.8387770918798768
SV1_C75098,C75098,0.892123724813364
SV1_C77484,C77484,0.9217067599482166
SV1_C30091,C30091,0.9617050493882752
SV1_C85213,C85213,0.8884031349489123
SV1_C75615,C75615,0.845201356841427
SV1_C78087,C78087,0.8155667580040559
SV1_C81112,C81112,0.8957096836021491
SV1_C69015,C69015,0.9050895135545036
SV1_C10897,C10897,0.8333342495816708
SV1_C45033,C45033,0.8060559407703133
SV1_C98431,C98431,0.9940176557107884
SV1_C58280,C58280,0.8797386842808367
SV1_C49834,C49834,0.8395909921932274
SV1_C18094,C18094,0.8599645187542135
SV1_C67901,C67901,0.9596992819733052
SV1_C69005,C69005,0.9967077911920919
SV1_C100304,C100304,0.9021232351307191
SV1_C72668,C72668,0.9479040334589031
SV1_C28281,C28281,0.8053365240703301
SV1_C23480,C23480,0.8037527119633318
SV1_C54712,C54712,0.820310499941879
SV1_C43805,C43805,0.8548975185215683
SV1_C64298,C64298,0.8287330261105382
SV1_C88264,C88264,0.7916473143017017
SV1_C28300,C28300,0.9946337302367442
SV1_C65446,C65446,0.9448164471391243
SV1_C10898,C10898,0.9139390701380307
SV1_C40809,C40809,0.8859106912385146
SV1_C60717,C60717,0.9181621238873368
SV1_C23481,C23481,0.855726541202408
SV1_C53497,C53497,0.8050369709419599
SV1_C73883,C73883,0.8520714281657753
SV1_C59489,C59489,0.9826452977461081
SV1_C17477,C17477,0.9097072257236674
SV1_C90660,C90660,0.8806997092406662
SV1_C33614,C33614,0.8776446938815177
SV1_C58880,C58880,0.8764399321669543
SV1_C04824,C04824,0.9166745109283552
SV1_C13895,C13895,0.8279773509148252
SV1_C45010,C45010,0.9424799829827419
SV1_C05425,C05425,0.9448069190996864
SV1_C34801,C34801,0.8267768576745247
SV1_C58318,C58318,0.8748534814223254
SV1_C79879,C79879,0.9773999745068844
SV1_C00619,C00619,0.7780492529566612
SV1_C48005,C48005,0.80880972623985
SV1_C38409,C38409,0.8527399656106707
SV1_C03689,C03689,0.9425624913390498
SV1_C94833,C94833,0.9871578961976972
SV1_C49876,C49876,0.8552944055924581
SV1_C42012,C42012,0.8370137268438965
SV1_C63692,C63692,0.8108947358847911
SV1_C27639,C27639,0.8689659390851836
SV1_C64816,C64816,0.8564401912416427
SV1_C76861,C76861,0.8533069036353917
SV1_C07278,C07278,0.9455598737662193
SV1_C64836,C64836,0.8890328043288894
SV1_C93693,C93693,0.8212812746586031
SV1_C46843,C46843,0.7225064629603604
SV1_C87651,C87651,0.9992911612052403
SV1_C25807,C25807,0.9727091674277548
SV1_C34873,C34873,0.8925553512728205
SV1_C13294,C13294,0.9722128664188702
SV1_C61214,C61214,0.9795477953138543
SV1_C90679,C90679,0.8839920813120166
SV1_C100242,C100242,0.9050907288068012
SV1_C72101,C72101,0.9149101919948592
SV1_C78661,C78661,0.8766601240986396
SV1_C11463,C11463,0.9641350750428285
SV1_C65473,C65473,0.8659040975953705
SV1_C22308,C22308,0.8946472201290865
SV1_C49897,C49897,0.8378569136236618
SV1_C79302,C79302,0.8585654294310643
SV1_C07805,C07805,0.9929147836654636
SV1_C70824,C70824,0.8980595754586198
SV1_C45664,C45664,0.928785939575517
SV1_C57605,C57605,0.9718630874817811
SV1_C63038,C63038,0.8017916943747387
SV1_C22306,C22306,0.9169887998500762
SV1_C69024,C69024,0.7919358080492862
SV1_C26507,C26507,0.8428913057144347
SV1_C61276,C61276,0.8346809260579644
SV1_C01880,C01880,0.9878285930231974
SV1_C26477,C26477,0.9264789460584557
SV1_C34814,C34814,0.9042120018077922
SV1_C51636,C51636,0.8860886359984722
SV1_C69108,C69108,0.8674050449228616
SV1_C93702,C93702,0.9231257548403466
SV1_C60623,C60623,0.8535308186067315
SV1_C49892,C49892,0.8763363116517214
SV1_C18028,C18028,0.8404552976029973
SV1_C10274,C10274,0.9400391813736898
SV1_C98498,C98498,0.873519405928277
SV1_C09684,C09684,0.9568569035179811
SV1_C48030,C48030,0.7238084027945364
SV1_C01814,C01814,0.9621965149920904
SV1_C07319,C07319,0.9785581232679836
SV1_C97305,C97305,0.8136596667976592
SV1_C56480,C56480,0.7814765719436334
SV1_C70830,C70830,0.8633376682485144
SV1_C07904,C07904,0.8399802575060651
SV1_C88212,C88212,0.9090611259361177
SV1_C51076,C51076,0.9991933006360498
SV1_C72684,C72684,0.9205923517635616
SV1_C26518,C26518,0.9104072722521722
SV1_C07277,C07277,0.9963476263807111
SV1_C94313,C94313,0.799651902036594
SV1_C09716,C09716,0.7958644857686805
SV1_C64288,C64288,0.9064385328692367
SV1_C96624,C96624,0.9523304133541594
SV1_C54605,C54605,0.9013930704127406
SV1_C61207,C61207,0.9229755271543201
SV1_C48116,C48116,0.7795426709755066
SV1_C00691,C00691,0.808385339176266
SV1_C07273,C07273,0.9963336019736402
SV1_C46277,C46277,0.9330984413801838
SV1_C51019,C51019,0.8804449816222164
SV1_C72023,C72023,0.9318934706602797
SV1_C100272,C100272,0.9263411406254949
SV1_C16288,C16288,0.8466451287357336
SV1_C06677,C06677,0.8220853265393508
SV1_C98400,C98400,0.9969346873849727
SV1_C85822,C85822,0.9065105782705485
SV1_C66108,C66108,0.8843669981695769
SV1_C59514,C59514,0.8646885664432024
SV1_C44457,C44457,0.9993804069500662
SV1_C69012,C69012,0.9635611515497293
SV1_C99107,C99107,0.8636284404719936
SV1_C76879,C76879,0.8495921441006252
SV1_C68433,C68433,0.8444272594250409
SV1_C15044,C15044,0.9091410757859489
SV1_C84018,C84018,0.8586984265953935
SV1_C18041,C18041,0.8036536960106344
SV1_C15018,C15018,0.9388975373279036
SV1_C49268,C49268,0.8148963664350064
SV1_C31907,C31907,0.8080978987824637
SV1_C59494,C59494,0.8425103021051272
SV1_C43309,C43309,0.9880946671171079
SV1_C60009,C60009,0.9670902738079903
SV1_C64285,C64285,0.8708238783441007
SV1_C45673,C45673,0.9245416146314747
SV1_C12066,C12066,0.8517631758707392
SV1_C09663,C09663,0.9633275040714486
SV1_C59437,C59437,0.8193175077613651
SV1_C72030,C72030,0.9789562765770526
SV1_C01879,C01879,0.7727221695037376
SV1_C00638,C00638,0.8972127364071676
SV1_C97313,C97313,0.8501822172161578
SV1_C28308,C28308,0.9879846854353381
SV1_C72108,C72108,0.8995559658133044
SV1_C44456,C44456,0.9927162127042075
SV1_C100213,C100213,0.8984043640364807
SV1_C74488,C74488,0.8292106080777576
SV1_C76301,C76301,0.9142700307485397
SV1_C28228,C28228,0.9336285030651629
SV1_C96108,C96108,0.8074148759557706
SV1_C06647,C06647,0.8900666248937558
SV1_C19208,C19208,0.8703842242579766
SV1_C91812,C91812,0.9261212534532721
SV1_C37812,C37812,0.8973715120952745
SV1_C48090,C48090,0.9018417477995622
SV1_C78079,C78079,0.8010006056217168
SV1_C62420,C62420,0.8667539663173238
SV1_C44470,C44470,0.7721787795430068
SV1_C91866,C91866,0.9572722590350765
SV1_C23421,C23421,0.9024555113254383
SV1_C44432,C44432,0.8034329737986659
SV1_C79898,C79898,0.854841692908226
SV1_C13220,C13220,0.7876278484738793
SV1_C30072,C30072,0.9697058940311902
SV1_C31881,C31881,0.9775966076519327
SV1_C83511,C83511,0.8874899925602951
SV1_C93113,C93113,0.8043690117549002
SV1_C91204,C91204,0.9050479205248717
SV1_C47427,C47427,0.8157359652530812
SV1_C30604,C30604,0.8843062225213405
SV1_C100275,C100275,0.7676047140771811
SV1_C54628,C54628,0.9838260853776257
SV1_C88800,C88800,0.8795656746718687
SV1_C87098,C87098,0.9657841057618551
SV1_C28288,C28288,0.8370255345176454
SV1_C44493,C44493,0.7626471259250682
SV1_C90068,C90068,0.818556700824162
SV1_C25205,C25205,0.9092111615623523
SV1_C66647,C66647,0.8705525603212455
SV1_C02483,C02483,0.7707989366128867
SV1_C67200,C67200,0.9860777849247551
SV1_C28875,C28875,0.9590821370307526
SV1_C24046,C24046,0.8975546003241046
SV1_C58292,C58292,0.9064204368871207
SV1_C96602,C96602,0.9576596153382647
SV1_C96692,C96692,0.88759524409172
SV1_C22292,C22292,0.9620505034445876
SV1_C94290,C94290,0.8220838289796844
SV1_C78651,C78651,0.7503476339353846
SV1_C22302,C22302,0.9018716501959501
SV1_C64876,C64876,0.8022094350436096
SV1_C69684,C69684,0.8522278296492891
SV1_C51622,C51622,0.8273588776192965
SV1_C06112,C06112,0.8913236178727643
SV1_C44433,C44433,0.8064131707679005
SV1_C88309,C88309,0.9909388728031706
SV1_C54009,C54009,0.8752329898817034
SV1_C45627,C45627,0.7857567141747548
SV1_C08515,C08515,0.9211294662462194
SV1_C91838,C91838,0.8424100377856606
SV1_C25287,C25287,0.8597314996628561
SV1_C89487,C89487,0.8186006776265673
SV1_C30611,C30611,0.8871211749319485
SV1_C96704,C96704,0.8193968353076111
SV1_C08400,C08400,0.997425709253986
SV1_C75699,C75699,0.9700689918709572
SV1_C78691,C78691,0.7781925245777997
SV1_C09667,C09667,0.9928620071638227
SV1_C46309,C46309,0.991496371496762
SV1_C17402,C17402,0.9260649832263288
SV1_C15637,C15637,0.9242093621922001
SV1_C89417,C89417,0.958056704540225
SV1_C60697,C60697,0.9533223727188548
SV1_C72057,C72057,0.7655359998729868
SV1_C32421,C32421,0.878876410717896
SV1_C82308,C82308,0.9130575290546282
SV1_C57089,C57089,0.7574679486273233
SV1_C50513,C50513,0.8121358892689197
SV1_C05401,C05401,0.8473384798971808
SV1_C99701,C99701,0.918229934666892
SV1_C94295,C94295,0.767100615272066
SV1_C57037,C57037,0.8480424207295417
SV1_C90601,C90601,0.9196085246537518
SV1_C85808,C85808,0.9011319170708861
SV1_C51078,C51078,0.903394237009012
SV1_C10257,C10257,0.7938339073710521
SV1_C86469,C86469,0.798767744884878
SV1_C52229,C52229,0.931829441984181
SV1_C89450,C89450,0.9204507350505101
SV1_C93636,C93636,0.9925135994031878
SV1_C85223,C85223,0.8655339990417921
SV1_C04823,C04823,0.8462604330480591
SV1_C29479,C29479,0.9696556119519019
SV1_C61902,C61902,0.9997285487831735
SV1_C58298,C58298,0.9529459680884456
SV1_C11492,C11492,0.8938308851600941
SV1_C34211,C34211,0.793026258851131
SV1_C53421,C53421,0.7965425931681094
SV1_C99645,C99645,0.9606242924616673
SV1_C52279,C52279,0.9271987330046693
SV1_C00603,C00603,0.8194386602449266
SV1_C45111,C45111,0.8455830664634612
SV1_C03083,C03083,0.7641397245712128
SV1_C13850,C13850,0.8317594546850382
SV1_C93712,C93712,0.756421924897724
SV1_C55219,C55219,0.8357311219645933
SV1_C59419,C59419,0.9392343066364126
SV1_C07301,C07301,0.8420283919135211
SV1_C74510,C74510,0.8850843614973131
SV1_C07828,C07828,0.8559822417603925
SV1_C05420,C05420,0.7319407626717547
SV1_C70228,C70228,0.8945532020467103
SV1_C19288,C19288,0.784569276282282
SV1_C58888,C58888,0.9988605952889675
SV1_C91835,C91835,0.761172569959717
SV1_C26444,C26444,0.8134109705174083
SV1_C25819,C25819,0.9682091726887286
SV1_C95445,C95445,0.8641071152649218
SV1_C15078,C15078,0.8356506317745545
SV1_C55301,C55301,0.8783744229431748
SV1_C84678,C84678,0.8927088056379386
SV1_C49207,C49207,0.8616842851717448
SV1_C02411,C02411,0.8127327592587296
SV1_C13284,C13284,0.9781341960606897
SV1_C03714,C03714,0.8120602068661491
SV1_C10892,C10892,0.8600041700176132
SV1_C30699,C30699,0.8040673171739723
SV1_C52873,C52873,0.9768369415579029
SV1_C73202,C73202,0.913264548711662
SV1_C92409,C92409,0.8966305092555652
SV1_C25240,C25240,0.909933982929871
SV1_C66034,C66034,0.9090077767758807
SV1_C82899,C82899,0.888138710596071
SV1_C87093,C87093,0.9777473309614467
SV1_C97889,C97889,0.9842722711417574
SV1_C82887,C82887,0.9742512928738244
SV1_C01893,C01893,0.8854845707623654
SV1_C91861,C91861,0.9662087624642163
SV1_C60704,C60704,0.9063260303308036
SV1_C02494,C02494,0.8356997962173988
SV1_C04915,C04915,0.826041949018767
SV1_C34313,C34313,0.795185419804904
SV1_C09072,C09072,0.9871516269061361
SV1_C33018,C33018,0.8908304063143322
SV1_C22837,C22837,0.9667089030763009
SV1_C43237,C43237,0.7938817034492139
SV1_C07286,C07286,0.9207373915126966
SV1_C88899,C88899,0.836947670826502
SV1_C51108,C51108,0.7978153534588661
SV1_C86404,C86404,0.8575635562877951
SV1_C40814,C40814,0.9460048023683656
SV1_C51692,C51692,0.9239308103341768
SV1_C98446,C98446,0.9846114865930982
SV1_C54023,C54023,0.8001385844441784
SV1_C40208,C40208,0.8405508809357558
SV1_C79919,C79919,0.8352624965814992
SV1_C10824,C10824,0.8706107629871889
SV1_C06646,C06646,0.9483726415556011
SV1_C88818,C88818,0.9705457364402744
SV1_C60029,C60029,0.8349813192107018
SV1_C45072,C45072,0.8782257413003242
SV1_C33687,C33687,0.9577784957820477
SV1_C93051,C93051,0.7576863993368718
SV1_C89429,C89429,0.8253148542260802
SV1_C19231,C19231,0.9744244427690764
SV1_C01316,C01316,0.9268453948107757
SV1_C14408,C14408,0.8956732896524701
SV1_C33017,C33017,0.8685911563788918
SV1_C70307,C70307,0.799181441142872
SV1_C64873,C64873,0.8553576141287962
SV1_C11518,C11518,0.869310538482595
SV1_C03031,C03031,0.9693614425737688
SV1_C73911,C73911,0.9560418371010493
SV1_C74416,C74416,0.9038777367741848
SV1_C62415,C62415,0.8999490314399103
SV1_C04803,C04803,0.8576430440230428
SV1_C20447,C20447,0.8314446553660962
SV1_C91903,C91903,0.7762941156502757
SV1_C31217,C31217,0.8959971559007857
SV1_C53429,C53429,0.9580147627175524
SV1_C63084,C63084,0.8146269584008637
SV1_C76900,C76900,0.8860377436714386
SV1_C91826,C91826,0.8714360074118739
SV1_C46202,C46202,0.9420504673875274
SV1_C46236,C46236,0.7934524845397213
SV1_C61903,C61903,0.9166112480726197
SV1_C15693,C15693,0.7557025622888218
SV1_C05421,C05421,0.7547812710919285
SV1_C78693,C78693,0.9681695181090054
SV1_C19843,C19843,0.9050723802300057
SV1_C94244,C94244,0.8116604380512766
SV1_C93098,C93098,0.7659297699171558
SV1_C89434,C89434,0.8651232648018238
SV1_C95442,C95442,0.9364728278461747
SV1_C97216,C97216,0.9586912385524408
SV1_C06679,C06679,0.7117181835905916
SV1_C95444,C95444,0.839414331859744
SV1_C56511,C56511,0.7756363280543291
SV1_C54608,C54608,0.8979593162214617
SV1_C22831,C22831,0.7430298538586784
SV1_C04293,C04293,0.8631898256755612
SV1_C30672,C30672,0.9802484405845353
SV1_C09660,C09660,0.7760940848902902
SV1_C35516,C35516,0.9145804814008631
SV1_C85318,C85318,0.8937576353029989
SV1_C10311,C10311,0.985948019250809
SV1_C57642,C57642,0.8207284072177162
SV1_C57104,C57104,0.9942538708813575
SV1_C79810,C79810,0.8852923934687714
SV1_C13301,C13301,0.7570333915626681
SV1_C88891,C88891,0.848403474744666
SV1_C82307,C82307,0.9111546035075775
SV1_C85802,C85802,0.8913982319081225
SV1_C76836,C76836,0.9362858149193114
SV1_C56416,C56416,0.9513111628353009
SV1_C88202,C88202,0.9079229133766937
SV1_C08517,C08517,0.8177077136072902
SV1_C90719,C90719,0.9065924829234178
SV1_C87704,C87704,0.9916295256934199
SV1_C67302,C67302,0.9991747701090924
SV1_C59442,C59442,0.796104543307838
SV1_C60093,C60093,0.8736494922015836
SV1_C16880,C16880,0.893624348842028
SV1_C10267,C10267,0.9967755907865439
SV1_C86491,C86491,0.8523814762034749
SV1_C02435,C02435,0.9827251944516414
SV1_C10266,C10266,0.8793260823595941
SV1_C06045,C06045,0.9559459504940282
SV1_C39602,C39602,0.9294051738943306
SV1_C82272,C82272,0.9684008462532979
SV1_C51696,C51696,0.8125138546001489
SV1_C48624,C48624,0.7875476706010885
SV1_C30112,C30112,0.9320645273073398
SV1_C03096,C03096,0.9154932696544339
SV1_C41414,C41414,0.9528072182571004
SV1_C65443,C65443,0.7956410870258729
SV1_C36019,C36019,0.8785689717551837
SV1_C04212,C04212,0.944546999959754
SV1_C28317,C28317,0.8020167647881913
SV1_C76219,C76219,0.850481687509932
SV1_C80515,C80515,0.900657653973119
SV1_C00090,C00090,0.8581054226807228
SV1_C28230,C28230,0.8632162972853
SV1_C46314,C46314,0.9265108028372877
SV1_C60694,C60694,0.848070617382146
SV1_C82809,C82809,0.94748504048491
SV1_C15604,C15604,0.8887304845823712
SV1_C25291,C25291,0.8352840961099454
SV1_C22229,C22229,0.9716782938632117
SV1_C17423,C17423,0.8981622224032486
SV1_C01295,C01295,0.7953086633135453
SV1_C45660,C45660,0.98205945252078
SV1_C99625,C99625,0.9980755825121692
SV1_C21025,C21025,0.8080263836117979
SV1_C60112,C60112,0.8458112082881576
SV1_C39609,C39609,0.8643486444669845
SV1_C93708,C93708,0.8039298523578379
SV1_C100222,C100222,0.7979451897709937
SV1_C28214,C28214,0.7600188098886734
SV1_C58830,C58830,0.8411248377172651
SV1_C69075,C69075,0.8596698530422218
SV1_C77431,C77431,0.9465578922499829
SV1_C04231,C04231,0.9315713798505477
SV1_C97885,C97885,0.9557515616234992
SV1_C51038,C51038,0.8794043146019204
SV1_C40217,C40217,0.9472449997462632
SV1_C57012,C57012,0.9892449511064925
SV1_C94289,C94289,0.9001883822981707
SV1_C96016,C96016,0.9511635989709125
SV1_C67272,C67272,0.8221072799542841
SV1_C78631,C78631,0.8384641125748247
SV1_C63711,C63711,0.8242519438837076
SV1_C07283,C07283,0.868787261457383
SV1_C95497,C95497,0.8217837587318241
SV1_C04300,C04300,0.8919712601999901
SV1_C09060,C09060,0.7776518089280909
SV1_C79201,C79201,0.9214616308423645
SV1_C55902,C55902,0.8877493594459352
SV1_C00039,C00039,0.9993806551986926
SV1_C33622,C33622,0.9397836386784438
SV1_C48067,C48067,0.8006208144258183
SV1_C99040,C99040,0.9093072258831414
SV1_C65405,C65405,0.9729782909248323
SV1_C51016,C51016,0.8618684640824812
SV1_C48007,C48007,0.9666389305667096
SV1_C79909,C79909,0.90093643941528
SV1_C81095,C81095,0.7706347171291741
SV1_C45669,C45669,0.8389282799284694
SV1_C61838,C61838,0.8013604201480192
SV1_C16241,C16241,0.8599687031666088
SV1_C93618,C93618,0.9274075916429595
SV1_C55233,C55233,0.9987899356279156
SV1_C19840,C19840,0.8548238485201025
SV1_C75651,C75651,0.9037431878789088
SV1_C78625,C78625,0.9420592014647617
SV1_C08485,C08485,0.9748822300984392
SV1_C75701,C75701,0.9228774203868513
SV1_C00705,C00705,0.9178772121088759
SV1_C82879,C82879,0.947562420582606
SV1_C03677,C03677,0.9484490170154093
SV1_C45694,C45694,0.796547048809061
SV1_C17482,C17482,0.8120983359166604
SV1_C43915,C43915,0.8328494943545822
SV1_C10888,C10888,0.8365602057688999
SV1_C44403,C44403,0.999606582892071
SV1_C35478,C35478,0.8526983670449769
SV1_C99619,C99619,0.8442030167223785
SV1_C05498,C05498,0.8631885594841793
SV1_C34291,C34291,0.8647039903079295
SV1_C24703,C24703,0.8433764967017711
SV1_C49908,C49908,0.857309112998349
SV1_C24003,C24003,0.9842068253775422
SV1_C91886,C91886,0.9856187198530328
SV1_C97800,C97800,0.9998827399868457
SV1_C34893,C34893,0.8929385874969221
SV1_C85877,C85877,0.9997430243683795
SV1_C99708,C99708,0.9300868076730735
SV1_C91246,C91246,0.7892737687515924
SV1_C47511,C47511,0.8343816077584943
SV1_C12068,C12068,0.9840101329586133
SV1_C43907,C43907,0.8593846944257617
SV1_C81103,C81103,0.913464164375278
SV1_C84613,C84613,0.9108432591138265
SV1_C76213,C76213,0.9154763002128242
SV1_C69106,C69106,0.9851517609300869
SV1_C69084,C69084,0.83145104932585
SV1_C50432,C50432,0.8794172279437356
SV1_C04213,C04213,0.9535157377424353
SV1_C88251,C88251,0.9978059993342786
SV1_C45028,C45028,0.8032170901285571
SV1_C03709,C03709,0.9221034766694517
SV1_C28200,C28200,0.7728878658036299
SV1_C47415,C47415,0.9739383151935839
SV1_C01240,C01240,0.9647747034975622
SV1_C53475,C53475,0.9449832987755254
SV1_C53483,C53483,0.9554273863289156
SV1_C48115,C48115,0.9070238886180564
SV1_C94310,C94310,0.9321556459874647
SV1_C10842,C10842,0.8521174337794994
SV1_C81707,C81707,0.9157902847756494
SV1_C96687,C96687,0.9024752674864612
SV1_C96088,C96088,0.9535644215841005
SV1_C94282,C94282,0.860200169605959
SV1_C58289,C58289,0.9858200367180812
SV1_C72603,C72603,0.8624834151630717
SV1_C81600,C81600,0.9471392632289813
SV1_C44449,C44449,0.9975610754007035
SV1_C64240,C64240,0.9127920162628833
SV1_C13893,C13893,0.9901002763806348
SV1_C45102,C45102,0.9738756519259888
SV1_C24073,C24073,0.8593711166799166
SV1_C42615,C42615,0.9696425076717348
SV1_C68497,C68497,0.9548021183705667
SV1_C48695,C48695,0.8238248234180504
SV1_C43817,C43817,0.7958705451689879
SV1_C13240,C13240,0.8126522646602945
SV1_C51601,C51601,0.8810022613745977
SV1_C96076,C96076,0.8993165584146131
SV1_C35502,C35502,0.8410369225339037
SV1_C19214,C19214,0.8941530437380775
SV1_C75114,C75114,0.8540957869050777
SV1_C22311,C22311,0.8773361258824559
SV1_C43229,C43229,0.8047681381317412
SV1_C80478,C80478,0.9275438896853075
SV1_C01872,C01872,0.9733273669523512
SV1_C58278,C58278,0.9046581935922003
SV1_C69628,C69628,0.8467782440970465
SV1_C07886,C07886,0.9241719796664069
SV1_C03015,C03015,0.8022570559930774
SV1_C55236,C55236,0.9683354123858362
SV1_C33098,C33098,0.8884066361500136
SV1_C91841,C91841,0.8050063377032628
SV1_C51082,C51082,0.9027104137491893
SV1_C07887,C07887,0.9213909339352898
SV1_C22297,C22297,0.8717235053427606
SV1_C87666,C87666,0.8570889393467894
SV1_C07316,C07316,0.8118738065920476
SV1_C74426,C74426,0.952877592032442
SV1_C86430,C86430,0.8941295244990045
SV1_C31873,C31873,0.9783577173922269
SV1_C17413,C17413,0.9169713585593715
SV1_C28889,C28889,0.8061160738141427
SV1_C31211,C31211,0.8840580278758404
SV1_C26495,C26495,0.7924061079754757
SV1_C21611,C21611,0.9858593617501086
SV1_C71478,C71478,0.8750820320411468
SV1_C64875,C64875,0.8001449984264521
SV1_C71411,C71411,0.9846014332861147
SV1_C61226,C61226,0.7642264264481919
SV1_C82886,C82886,0.8493916241171549
SV1_C87016,C87016,0.9069337668216377
SV1_C53490,C53490,0.9029204402988046
SV1_C08483,C08483,0.8887176977087614
SV1_C12087,C12087,0.9588266050356824
SV1_C01306,C01306,0.8562945437863708
SV1_C75005,C75005,0.9555589996401531
SV1_C86436,C86436,0.8379086075780607
SV1_C00701,C00701,0.9090761100434244
SV1_C94238,C94238,0.9651491652045544
SV1_C96013,C96013,0.979262021837002
SV1_C10234,C10234,0.9100278187797743
SV1_C94887,C94887,0.9143362215881108
SV1_C10269,C10269,0.9894649965129132
SV1_C46268,C46268,0.8551786938596202
SV1_C82285,C82285,0.9431792732489324
SV1_C87010,C87010,0.9078968229590201
SV1_C90041,C90041,0.7874670517265682
SV1_C46227,C46227,0.79342316645004
SV1_C61840,C61840,0.7501862321739808
SV1_C89453,C89453,0.8049937392452906
SV1_C02403,C02403,0.8118900120478569
SV1_C15079,C15079,0.9317637568701168
SV1_C46861,C46861,0.9815103130455256
SV1_C67905,C67905,0.9568527483708444
SV1_C78605,C78605,0.9745758466735484
SV1_C16210,C16210,0.9407951689084003
SV1_C63614,C63614,0.9003588418737172
SV1_C56485,C56485,0.7698025732282354
SV1_C84084,C84084,0.8833446478607212
SV1_C46804,C46804,0.835605415134755
SV1_C77474,C77474,0.9128100721178282
SV1_C67813,C67813,0.9725565555794574
SV1_C06114,C06114,0.8311749778456498
SV1_C10804,C10804,0.9710328625714937
SV1_C76318,C76318,0.8925676557540034
SV1_C57718,C57718,0.8734578560280911
SV1_C22277,C22277,0.8121474071770326
SV1_C11490,C11490,0.8795540763134609
SV1_C72653,C72653,0.7679472734969811
SV1_C83476,C83476,0.9065223608010841
SV1_C03109,C03109,0.9320834121815688
SV1_C66096,C66096,0.9161607053095153
SV1_C09697,C09697,0.8434493328099042
SV1_C14489,C14489,0.8341889443128457
SV1_C00644,C00644,0.7854949632544611
SV1_C47513,C47513,0.9332888532123702
SV1_C100238,C100238,0.9519069098252083
SV1_C73272,C73272,0.9455230566866974
SV1_C24615,C24615,0.9994641564806998
SV1_C68472,C68472,0.821510856066441
SV1_C68437,C68437,0.8614379598511809
SV1_C05489,C05489,0.90269512999004
SV1_C96031,C96031,0.9838780575844536
SV1_C14482,C14482,0.8256592894990884
SV1_C91852,C91852,0.9186557040071373
SV1_C31906,C31906,0.8726421257502067
SV1_C47423,C47423,0.9003375466063465
SV1_C67896,C67896,0.916160987067322
SV1_C55846,C55846,0.9275736501413165
SV1_C81699,C81699,0.9064162831793596
SV1_C73307,C73307,0.9654684917399513
SV1_C21700,C21700,0.8452467745707899
SV1_C97284,C97284,0.9557748426164779
SV1_C73863,C73863,0.9141583486744429
SV1_C68415,C68415,0.8721314129308814
SV1_C100235,C100235,0.8249607896077474
SV1_C01241,C01241,0.9530526478098345
SV1_C92488,C92488,0.8569829266198454
SV1_C66676,C66676,0.8229562790129366
SV1_C82306,C82306,0.8507574761507221
SV1_C13863,C13863,0.778208451124257
SV1_C25838,C25838,0.8730999219758669
SV1_C69032,C69032,0.7955264665383168
SV1_C45653,C45653,0.9982909770521562
SV1_C07890,C07890,0.8276309064549214
SV1_C03039,C03039,0.9887555256358708
SV1_C07294,C07294,0.8139874405662708
SV1_C81603,C81603,0.8261132643336005
SV1_C67801,C67801,0.9969486492451025
SV1_C45679,C45679,0.8758410531681851
SV1_C74432,C74432,0.873825911394601
SV1_C20433,C20433,0.8253401414261544
SV1_C49848,C49848,0.9395034581685877
SV1_C28880,C28880,0.9386719594303732
SV1_C19818,C19818,0.8891781714799929
SV1_C28302,C28302,0.976705374796243
SV1_C47461,C47461,0.9682410407962765
SV1_C82807,C82807,0.8172569661893786
SV1_C51112,C51112,0.7599745456244038
SV1_C91837,C91837,0.8804836159053232
SV1_C93600,C93600,0.9746059909068202
SV1_C64916,C64916,0.9741419650191528
SV1_C00031,C00031,0.984238980468617
SV1_C15647,C15647,0.8979656381625609
SV1_C27101,C27101,0.9559836521860091
SV1_C45654,C45654,0.9661558430765945
SV1_C45110,C45110,0.9690332633909469
SV1_C69117,C69117,0.991542728924012
SV1_C12706,C12706,0.8146043925298198
SV1_C45052,C45052,0.9924876496836145
SV1_C61317,C61317,0.9106939933045624
SV1_C89444,C89444,0.7542223797882547
SV1_C75024,C75024,0.8682478072580058
SV1_C33681,C33681,0.9541420199619054
SV1_C07206,C07206,0.935787353605797
SV1_C20481,C20481,0.9568035402964541
SV1_C22273,C22273,0.8080413213848794
SV1_C15027,C15027,0.8356426714941585
SV1_C54108,C54108,0.8048309102874179
SV1_C97895,C97895,0.7302963998098321
SV1_C16844,C16844,0.9131796689741725
SV1_C22231,C22231,0.7523360492006665
SV1_C24711,C24711,0.8913597062373917
SV1_C89489,C89489,0.8968620033103765
SV1_C34281,C34281,0.8792266001159049
SV1_C88814,C88814,0.9551411184199876
SV1_C62441,C62441,0.7636521094919179
SV1_C33683,C33683,0.9452553474445579
SV1_C65430,C65430,0.9007339234065294
SV1_C70917,C70917,0.8670974697680944
SV1_C78101,C78101,0.7640032537267785
SV1_C96034,C96034,0.9427350881287542
SV1_C34200,C34200,0.7915625982024211
SV1_C67303,C67303,0.9032236490144538
SV1_C69680,C69680,0.79355231975148
SV1_C82810,C82810,0.9075368511798161
SV1_C52874,C52874,0.8900826390907003
SV1_C13885,C13885,0.9588351252652318
SV1_C52832,C52832,0.9376001913960031
SV1_C82288,C82288,0.8667385951277968
SV1_C76918,C76918,0.8582594210334544
SV1_C43209,C43209,0.8551124864113212
SV1_C13228,C13228,0.9355497532829373
SV1_C34277,C34277,0.8785248960200663
SV1_C55214,C55214,0.9063612314411024
SV1_C44424,C44424,0.8039074871279405
SV1_C01805,C01805,0.9965273633916656
SV1_C32503,C32503,0.8194194973350288
SV1_C00104,C00104,0.9300625531007028
SV1_C13876,C13876,0.9889385149333595
SV1_C85821,C85821,0.8895642093503868
SV1_C87033,C87033,0.862385979720692
SV1_C47478,C47478,0.9931522118366218
SV1_C33602,C33602,0.8653804307046307
SV1_C03022,C03022,0.7317516097413197
SV1_C48013,C48013,0.7917910170565571
SV1_C67309,C67309,0.9336029565602523
SV1_C60080,C60080,0.8625055756854011
SV1_C90034,C90034,0.8427088596585831
SV1_C06005,C06005,0.808982046527523
SV1_C22891,C22891,0.7721545684010405
SV1_C08465,C08465,0.8759047703125873
SV1_C76800,C76800,0.8953042404153417
SV1_C67820,C67820,0.8565801408972751
SV1_C05419,C05419,0.9632246768525572
SV1_C55878,C55878,0.8530340442572374
SV1_C24603,C24603,0.9833007956696473
SV1_C91221,C91221,0.9222239944470593
SV1_C73870,C73870,0.8893024262183353
SV1_C62480,C62480,0.8273577911993399
SV1_C10219,C10219,0.8445620978624111
SV1_C96028,C96028,0.9635500612021275
SV1_C63082,C63082,0.9193181028388661
SV1_C93031,C93031,0.7645697718427994
SV1_C18688,C18688,0.7970468313319719
SV1_C95481,C95481,0.8999176661487711
SV1_C04829,C04829,0.9080563270180673
SV1_C13246,C13246,0.900038697545217
SV1_C54119,C54119,0.9236064430718566
SV1_C86509,C86509,0.9806374512195486
SV1_C28812,C28812,0.897904689098995
SV1_C07201,C07201,0.9927431621225692
SV1_C87667,C87667,0.9380863614147943
SV1_C99681,C99681,0.8822207659504011
SV1_C88245,C88245,0.7599955871825818
SV1_C05400,C05400,0.842713972411984
SV1_C52213,C52213,0.8903689675919841
SV1_C87608,C87608,0.8812280037204345
SV1_C03000,C03000,0.9804407861686962
SV1_C22917,C22917,0.8862711217963324
SV1_C54644,C54644,0.8138480183025577
SV1_C76220,C76220,0.8889068367146845
SV1_C31901,C31901,0.845911801641947
SV1_C90032,C90032,0.81411183008842
SV1_C26516,C26516,0.8522669751802837
SV1_C79902,C79902,0.8583797079020267
SV1_C10807,C10807,0.8723849405244288
SV1_C79273,C79273,0.9949958670494949
SV1_C63040,C63040,0.8483374140845261
SV1_C66030,C66030,0.8959192692089417
SV1_C48085,C48085,0.9406292474093043
SV1_C47439,C47439,0.7798485855404766
SV1_C62494,C62494,0.8267522519041007
SV1_C12676,C12676,0.984444998073491
SV1_C54700,C54700,0.8367725969524618
SV1_C07834,C07834,0.9415049090005546
SV1_C32420,C32420,0.8639766874195164
SV1_C53500,C53500,0.8047896722149642
SV1_C99072,C99072,0.8884261600686155
SV1_C33692,C33692,0.8130472100836978
SV1_C63701,C63701,0.8720403249013592
SV1_C08428,C08428,0.848268758263909
SV1_C26420,C26420,0.9322584288861737
SV1_C56487,C56487,0.9394632463204072
SV1_C27607,C27607,0.8330980844185425
SV1_C67223,C67223,0.9995433001308749
SV1_C00610,C00610,0.9707740138557771
SV1_C30022,C30022,0.8315108790847778
SV1_C04295,C04295,0.8278716917242359
SV1_C49202,C49202,0.8232533472298613
SV1_C82889,C82889,0.8841065974101726
SV1_C72641,C72641,0.9149251469526825
SV1_C91252,C91252,0.8775445739317514
SV1_C88236,C88236,0.8174405125545251
SV1_C64919,C64919,0.7254046815642663
SV1_C84705,C84705,0.840375299177918
SV1_C10911,C10911,0.9842744026673275
SV1_C90082,C90082,0.9359007410315376
SV1_C90047,C90047,0.7938324175925429
SV1_C84115,C84115,0.8253692469063159
SV1_C100234,C100234,0.959768978528184
SV1_C22300,C22300,0.8499623056694021
SV1_C04838,C04838,0.8973710151280385
SV1_C45609,C45609,0.847662789962689
SV1_C70839,C70839,0.9325795155146874
SV1_C72060,C72060,0.7488529635023549
SV1_C19244,C19244,0.8628145712685579
SV1_C92436,C92436,0.8850176477699858
SV1_C24628,C24628,0.9986862352127502
SV1_C51642,C51642,0.8144947946937369
SV1_C59418,C59418,0.9816661732265034
SV1_C27627,C27627,0.893497040493218
SV1_C67889,C67889,0.8592847561632996
SV1_C97844,C97844,0.9059069090911422
SV1_C58284,C58284,0.9540093735741664
SV1_C49814,C49814,0.8592276619920742
SV1_C61293,C61293,0.8477624368587338
SV1_C54088,C54088,0.8553543301011943
SV1_C74429,C74429,0.9154636927653703
SV1_C49282,C49282,0.9381696022356156
SV1_C57018,C57018,0.9527606717820202
SV1_C61803,C61803,0.9087563399267061
SV1_C61837,C61837,0.8102696540269517
SV1_C73803,C73803,0.8641089562228466
SV1_C96008,C96008,0.9912088685448036
SV1_C100276,C100276,0.9252340222852281
SV1_C33009,C33009,0.8768750630622253
SV1_C100310,C100310,0.9698754469222532
SV1_C90033,C90033,0.8104446705652462
SV1_C63710,C63710,0.8696234863075041
SV1_C24010,C24010,0.9203749159371992
SV1_C57021,C57021,0.8571735935315093
SV1_C84113,C84113,0.8465971110616565
SV1_C62478,C62478,0.9846316693569881
SV1_C01247,C01247,0.7950839856508806
SV1_C73304,C73304,0.918354803170191
SV1_C07856,C07856,0.790574463974314
SV1_C100301,C100301,0.9138589430301103
SV1_C06621,C06621,0.8134921107687463
SV1_C67314,C67314,0.8894944988955923
SV1_C45084,C45084,0.8463346366297626
SV1_C90639,C90639,0.8029450078715248
SV1_C58203,C58203,0.9399337565263282
SV1_C96009,C96009,0.9868137661376132
SV1_C16818,C16818,0.9342712846475127
SV1_C97288,C97288,0.9816023731506022
SV1_C13906,C13906,0.7739369855758137
SV1_C06110,C06110,0.7975700868929858
SV1_C09010,C09010,0.9312817603730977
SV1_C00684,C00684,0.9965931764442442
SV1_C68490,C68490,0.938906630820607
SV1_C31223,C31223,0.8136256805918819
SV1_C45109,C45109,0.9930968379037344
SV1_C85281,C85281,0.9881459568710368
SV1_C62423,C62423,0.8551731405592325
SV1_C16806,C16806,0.9328183849555277
SV1_C24076,C24076,0.8122257577968656
SV1_C22834,C22834,0.8860477672258907
SV1_C06111,C06111,0.7740591044927798
SV1_C57644,C57644,0.8565724599203002
SV1_C33617,C33617,0.8960096729488525
SV1_C75044,C75044,0.7975848027307265
SV1_C25286,C25286,0.9713750028346136
SV1_C97883,C97883,0.8598816399373582
SV1_C96617,C96617,0.9504132057551488
SV1_C81091,C81091,0.9620178485288271
SV1_C57709,C57709,0.8791902329587868
SV1_C93717,C93717,0.7548898579639475
SV1_C45610,C45610,0.9418034623502217
SV1_C92448,C92448,0.9279961096596655
SV1_C34816,C34816,0.9303171529253585
SV1_C66076,C66076,0.8175023302438276
SV1_C61886,C61886,0.9783576717964042
SV1_C73260,C73260,0.7519102020881924
SV1_C04913,C04913,0.8431820230923289
SV1_C12601,C12601,0.9530714603626044
SV1_C72013,C72013,0.9566774813789779
SV1_C85311,C85311,0.8088835062869757
SV1_C76246,C76246,0.8316805859717553
SV1_C46203,C46203,0.9983843784305827
SV1_C06019,C06019,0.9917868121779447
SV1_C20409,C20409,0.9095195586471052
SV1_C43210,C43210,0.9391878848329852
SV1_C84685,C84685,0.9166401631248569
SV1_C93022,C93022,0.8820646868448369
SV1_C22822,C22822,0.8442539535973604
SV1_C21685,C21685,0.8030700608082263
SV1_C52200,C52200,0.8567318186131542
SV1_C73836,C73836,0.8889433402717344
SV1_C68431,C68431,0.9039867385376227
SV1_C73832,C73832,0.8834051900993041
SV1_C51639,C51639,0.9838819246346107
SV1_C18672,C18672,0.8190668340792867
SV1_C06716,C06716,0.9736933653547408
SV1_C84008,C84008,0.9476330899862323
SV1_C88243,C88243,0.8127114267564224
SV1_C69644,C69644,0.8339474916645032
SV1_C31893,C31893,0.7978294645352203
SV1_C63635,C63635,0.9046179669669581
SV1_C94803,C94803,0.8445968157400288
SV1_C52898,C52898,0.8531558628174282
SV1_C15689,C15689,0.8383760886591918
SV1_C76230,C76230,0.8898672185025599
SV1_C90000,C90000,0.892679909738254
SV1_C10220,C10220,0.9372027958807975
SV1_C47408,C47408,0.8173990689490298
SV1_C10860,C10860,0.7624598424747774
SV1_C99604,C99604,0.9495483509667297
SV1_C01905,C01905,0.9203355163989484
SV1_C62414,C62414,0.9397744391175031
SV1_C78063,C78063,0.769860636836107
SV1_C69690,C69690,0.9026027628621345
SV1_C94226,C94226,0.9416468871240243
SV1_C47412,C47412,0.805065645976694
SV1_C76846,C76846,0.8050995802707211
SV1_C00624,C00624,0.9722437929388149
SV1_C64898,C64898,0.9818011821265253
SV1_C15672,C15672,0.9134108310811394
SV1_C19219,C19219,0.8521622445447649
SV1_C31905,C31905,0.8408874204351562
SV1_C06006,C06006,0.8958852461049309
SV1_C31918,C31918,0.9459032919366459
SV1_C21712,C21712,0.9095921104447835
SV1_C05442,C05442,0.8925990826203697
SV1_C57604,C57604,0.9487789574625048
SV1_C99001,C99001,0.9760252933617458
SV1_C43862,C43862,0.9565771011094276
SV1_C79884,C79884,0.9355552002205041
SV1_C06040,C06040,0.8233675131572621
SV1_C70906,C70906,0.7856667986954076
SV1_C34819,C34819,0.9127227884663033
SV1_C88213,C88213,0.9313057130166522
SV1_C45104,C45104,0.9943193114479133
SV1_C43873,C43873,0.8887968058740627
SV1_C01833,C01833,0.9756973000713532
SV1_C43222,C43222,0.8912633697654029
SV1_C32413,C32413,0.8954526793530678
SV1_C45681,C45681,0.919170056756252
SV1_C72028,C72028,0.8975730222254081
SV1_C76242,C76242,0.8827960665078597
SV1_C24110,C24110,0.9690100864169555
SV1_C95440,C95440,0.95838886502755
SV1_C97894,C97894,0.8353876708681907
SV1_C79877,C79877,0.9979318806153534
SV1_C91859,C91859,0.8674638117015789
SV1_C78012,C78012,0.9615392053969068
SV1_C69107,C69107,0.8865875839352371
SV1_C46807,C46807,0.9934261224645321
SV1_C45638,C45638,0.7652231019341114
SV1_C92495,C92495,0.774055018837286
SV1_C68508,C68508,0.8794600798605945
SV1_C13247,C13247,0.9647222337864502
SV1_C24677,C24677,0.878662929494375
SV1_C93017,C93017,0.8944391072502352
SV1_C12097,C12097,0.7929814463299534
SV1_C93025,C93025,0.8982513073617168
SV1_C90630,C90630,0.8092250664366074
SV1_C92422,C92422,0.9155003219058366
SV1_C09092,C09092,0.7807948617238247
SV1_C13856,C13856,0.7885586886866311
SV1_C80420,C80420,0.8318512776487202
SV1_C20484,C20484,0.9166031355503023
SV1_C55230,C55230,0.9581796853550706
SV1_C96006,C96006,0.9546108067640139
SV1_C66008,C66008,0.9712335808939634
SV1_C67840,C67840,0.821055347890022
SV1_C58891,C58891,0.8273915697447484
SV1_C15609,C15609,0.9190379795282507
SV1_C62485,C62485,0.8842690952940856
SV1_C03118,C03118,0.8788638009674447
SV1_C91876,C91876,0.9394436482646678
SV1_C43251,C43251,0.7982824987397542
SV1_C99717,C99717,0.9105423262565191
SV1_C78080,C78080,0.9651668530653889
SV1_C62405,C62405,0.9066709774455525
SV1_C90099,C90099,0.8342463612246374
SV1_C81623,C81623,0.9599723403734226
SV1_C94904,C94904,0.8208281035798546
SV1_C08446,C08446,0.91838351374308
SV1_C11429,C11429,0.9018796345989839
SV1_C47418,C47418,0.8624565554019176
SV1_C09110,C09110,0.8970018086078299
SV1_C19220,C19220,0.8567377670341422
SV1_C39007,C39007,0.9557043163070003
SV1_C65444,C65444,0.8655294795018519
SV1_C57020,C57020,0.8549659317077617
SV1_C11447,C11447,0.9534664291609402
SV1_C70289,C70289,0.9791010616271087
SV1_C72704,C72704,0.9154107272355024
SV1_C57042,C57042,0.7824077510450189
SV1_C66716,C66716,0.9911164559606407
SV1_C76863,C76863,0.9048389824654592
SV1_C22301,C22301,0.879322222594119
SV1_C49276,C49276,0.8759080071158151
SV1_C31220,C31220,0.8282478915050543
SV1_C79307,C79307,0.922225158573383
SV1_C93074,C93074,0.9559136887408511
SV1_C36013,C36013,0.8960394788418081
SV1_C43883,C43883,0.8395963492144367
SV1_C84619,C84619,0.8462298241376586
SV1_C45062,C45062,0.960260900777765
SV1_C07801,C07801,0.9924471252535925
SV1_C30700,C30700,0.8259835880119144
SV1_C21039,C21039,0.9252998052804099
SV1_C64313,C64313,0.8705670237702127
SV1_C87708,C87708,0.9832978129131301
SV1_C52835,C52835,0.9993349502717089
SV1_C61238,C61238,0.782482168703514
SV1_C73916,C73916,0.8204714178422261
SV1_C82912,C82912,0.8842963001777873
SV1_C100299,C100299,0.8713416009621922
SV1_C48102,C48102,0.9330129439932436
SV1_C92444,C92444,0.7788081095480581
SV1_C17425,C17425,0.8576263325449999
SV1_C03640,C03640,0.9606287695554442
SV1_C91247,C91247,0.7945986703329528
SV1_C55210,C55210,0.914353125740992
SV1_C87652,C87652,0.7496419635849884
SV1_C70875,C70875,0.9976874954538169
SV1_C88863,C88863,0.9849752865098533
SV1_C64832,C64832,0.8812499581376214
SV1_C87021,C87021,0.8772516807655615
SV1_C15692,C15692,0.7756082795860183
SV1_C09023,C09023,0.9412242612355843
SV1_C75605,C75605,0.9425293635880021
SV1_C87604,C87604,0.8722671504778627
SV1_C85816,C85816,0.8657741519179529
SV1_C95409,C95409,0.9830581838430209
SV1_C11498,C11498,0.9045798715172576
SV1_C77404,C77404,0.9300974445844526
SV1_C54115,C54115,0.9869512775838614
SV1_C51118,C51118,0.8549780090451075
SV1_C40805,C40805,0.8866356303676831
SV1_C57696,C57696,0.8746849639240832
SV1_C74441,C74441,0.8956430797444715
SV1_C04836,C04836,0.9428757932501783
SV1_C04282,C04282,0.844942349979553
SV1_C64901,C64901,0.9476660972188787
SV1_C67887,C67887,0.8449880793042452
SV1_C78620,C78620,0.8089879611864513
SV1_C07205,C07205,0.9931374703403902
SV1_C90064,C90064,0.8653921699085381
SV1_C10214,C10214,0.9116147703694629
SV1_C15628,C15628,0.8297459929797922
SV1_C93065,C93065,0.9896225303667375
SV1_C47471,C47471,0.7757442885497542
SV1_C31299,C31299,0.8095633117912748
SV1_C85904,C85904,0.8449841107004454
SV1_C95400,C95400,0.9884658998996743
SV1_C78658,C78658,0.8168345314461788
SV1_C78715,C78715,0.7946974340211476
SV1_C96673,C96673,0.896230828853182
SV1_C45718,C45718,0.8244881705072334
SV1_C21710,C21710,0.9456304357929366
SV1_C93686,C93686,0.8312093484509409
SV1_C78704,C78704,0.774992916375629
SV1_C06103,C06103,0.7568276370398401
SV1_C45719,C45719,0.8753268100521409
SV1_C09715,C09715,0.9259741811293427
SV1_C17484,C17484,0.8318610698872734
SV1_C16894,C16894,0.8368321387117507
SV1_C13912,C13912,0.8041572558587344
SV1_C82882,C82882,0.8881955342169493
SV1_C08503,C08503,0.9950466383597564
SV1_C30701,C30701,0.8347879110604592
SV1_C77479,C77479,0.8146342110873871
SV1_C55241,C55241,0.894725785986752
SV1_C51610,C51610,0.9086300863278661
SV1_C60034,C60034,0.8256208167261841
SV1_C04236,C04236,0.977835122623158
SV1_C06109,C06109,0.8542180474967709
SV1_C53406,C53406,0.8958933101641244
SV1_C22800,C22800,0.8883882264341936
SV1_C21003,C21003,0.8157912379245552
SV1_C94283,C94283,0.9078532917639939
SV1_C57609,C57609,0.9757120913437064
SV1_C25908,C25908,0.9022066198569114
SV1_C75636,C75636,0.866056077742216
SV1_C75081,C75081,0.9446744961670447
SV1_C27701,C27701,0.989689044302556
SV1_C49209,C49209,0.8666219885681992
SV1_C70220,C70220,0.9834008247105125
SV1_C00688,C00688,0.9635986124097226
SV1_C50403,C50403,0.8746785300959905
SV1_C66625,C66625,0.8671428481027698
SV1_C49293,C49293,0.8680692171511617
SV1_C31318,C31318,0.947898640721563
SV1_C04903,C04903,0.8242666553671588
SV1_C26421,C26421,0.9233128281606713
SV1_C87001,C87001,0.879541543312778
SV1_C19210,C19210,0.8852109267621668
SV1_C01203,C01203,0.8177196433880983
SV1_C04206,C04206,0.9317195271158443
SV1_C54044,C54044,0.8074695205901157
SV1_C78701,C78701,0.776960185334011
SV1_C01901,C01901,0.9108868186093012
SV1_C70302,C70302,0.8761435002338515
SV1_C22908,C22908,0.8993481254251879
SV1_C71495,C71495,0.9512949681634228
SV1_C97237,C97237,0.9650889429899887
SV1_C23489,C23489,0.8760506572311952
SV1_C72699,C72699,0.9627376902022448
SV1_C91216,C91216,0.9525769456281843
SV1_C49849,C49849,0.9647622810048291
SV1_C83506,C83506,0.8122934369604408
SV1_C73914,C73914,0.8643884977994274
SV1_C76236,C76236,0.8993254829975605
SV1_C03012,C03012,0.9740403183525708
SV1_C94804,C94804,0.9843302979756083
SV1_C91237,C91237,0.846280650863319
SV1_C68406,C68406,0.962530970611162
SV1_C21016,C21016,0.8801881649833971
SV1_C60013,C60013,0.9722298044440004
SV1_C48079,C48079,0.9204834583008121
SV1_C45000,C45000,0.8592754083132127
SV1_C62425,C62425,0.796799482821822
SV1_C61843,C61843,0.8138742190064547
SV1_C93711,C93711,0.9995616317125213
SV1_C49910,C49910,0.8094337903320022
SV1_C37816,C37816,0.9536869888903089
SV1_C54087,C54087,0.98101585337301
SV1_C93029,C93029,0.8963840786381523
SV1_C10861,C10861,0.7723416033551006
SV1_C99636,C99636,0.9835541887044396
SV1_C46917,C46917,0.7839421932574396
SV1_C58889,C58889,0.9855048480656992
SV1_C98492,C98492,0.9211554343232466
SV1_C91881,C91881,0.9700291447303584
SV1_C66681,C66681,0.8980360821264006
SV1_C33690,C33690,0.7779872535746898
SV1_C96645,C96645,0.8914135160055793
SV1_C32412,C32412,0.8722007817981342
SV1_C27678,C27678,0.9016975290710433
SV1_C13878,C13878,0.9143111915521471
SV1_C99005,C99005,0.9762605833391611
SV1_C47500,C47500,0.9737819448673938
SV1_C81618,C81618,0.899757324981392
SV1_C49918,C49918,0.9390409215430413
SV1_C34892,C34892,0.9023095530237812
SV1_C78688,C78688,0.8844184582796586
SV1_C72059,C72059,0.9250620291398467
SV1_C10901,C10901,0.8343717113271852
SV1_C06027,C06027,0.9118854940560804
SV1_C70277,C70277,0.8524899089595849
SV1_C76849,C76849,0.7877462671603639
SV1_C22224,C22224,0.9846347254922045
SV1_C95418,C95418,0.9270114664199746
SV1_C90096,C90096,0.9910653519878175
SV1_C97240,C97240,0.9290320039216206
SV1_C24688,C24688,0.9012749980881638
SV1_C06680,C06680,0.8362321895946999
SV1_C51033,C51033,0.8971849327562206
SV1_C64846,C64846,0.9384661674052599
SV1_C88275,C88275,0.8128386125973307
SV1_C45670,C45670,0.7776512496685511
SV1_C76303,C76303,0.9642517272157182
SV1_C62442,C62442,0.860446771451753
SV1_C05444,C05444,0.9333863932759114
SV1_C56405,C56405,0.9937106212118556
SV1_C03616,C03616,0.9141868622144003
SV1_C70803,C70803,0.9848062000077611
SV1_C30074,C30074,0.8473040215590112
SV1_C73278,C73278,0.9109929266053842
SV1_C31302,C31302,0.8712973135862003
SV1_C54085,C54085,0.9309341196146919
SV1_C89419,C89419,0.920683080740135
SV1_C51679,C51679,0.9146723689224624
SV1_C00036,C00036,0.9878999486098377
SV1_C70886,C70886,0.9090068288271033
SV1_C78626,C78626,0.9020863840958284
SV1_C87634,C87634,0.8891845091238061
SV1_C42608,C42608,0.8281657097259678
SV1_C56401,C56401,0.9935772660227579
SV1_C67273,C67273,0.8878306024761388
SV1_C60024,C60024,0.8499043068819381
SV1_C00715,C00715,0.8436471915141607
SV1_C87645,C87645,0.7540639785032572
SV1_C04817,C04817,0.8736783100244866
SV1_C49875,C49875,0.8481968904052918
SV1_C72624,C72624,0.8888190299284146
SV1_C43295,C43295,0.7520826065845686
SV1_C97279,C97279,0.8723908273359198
SV1_C52827,C52827,0.9974500010226961
SV1_C77480,C77480,0.9411358939766723
SV1_C30676,C30676,0.9802080890930841
SV1_C92518,C92518,0.7793582051174438
SV1_C07903,C07903,0.9913474759882154
SV1_C06100,C06100,0.8474507274084042
SV1_C47424,C47424,0.776755641396838
SV1_C21000,C21000,0.9136069855339128
SV1_C88861,C88861,0.7926867272561153
SV1_C55903,C55903,0.8148088366670911
SV1_C09111,C09111,0.9828476739363762
SV1_C43213,C43213,0.8424146571886624
SV1_C48004,C48004,0.7889378740397097
SV1_C50507,C50507,0.9507060707978287
SV1_C84710,C84710,0.8980052139284186
SV1_C04802,C04802,0.8966704451364154
SV1_C76865,C76865,0.8693067032464441
SV1_C09668,C09668,0.9944636329150437
SV1_C12690,C12690,0.8705937142473312
SV1_C86495,C86495,0.9411817652719757
SV1_C88860,C88860,0.7959831606233242
SV1_C18044,C18044,0.9051390905647498
SV1_C51093,C51093,0.9512902476484876
SV1_C44429,C44429,0.806610803242484
SV1_C61203,C61203,0.9205350903786184
SV1_C49284,C49284,0.8511825523564818
SV1_C48605,C48605,0.8258774623234274
SV1_C92440,C92440,0.8266103367475471
SV1_C99711,C99711,0.9120319882935566
SV1_C82317,C82317,0.8248246600801588
SV1_C46888,C46888,0.8056768718267285
SV1_C61228,C61228,0.8470250899872815
SV1_C91909,C91909,0.922101447932972
SV1_C67841,C67841,0.8378984919905037
SV1_C90681,C90681,0.9318845733845197
SV1_C03010,C03010,0.9619902175782419
SV1_C52836,C52836,0.9139736090149081
SV1_C49843,C49843,0.783963609973127
SV1_C11434,C11434,0.8745009839705193
SV1_C45046,C45046,0.8973426521086596
SV1_C16830,C16830,0.9471568700135442
SV1_C01838,C01838,0.8991882350012104
SV1_C69674,C69674,0.9136282840759887
SV1_C05491,C05491,0.897143303618754
SV1_C46918,C46918,0.862792166195991
SV1_C43876,C43876,0.8533738860458413
SV1_C96115,C96115,0.977839641479752
SV1_C59493,C59493,0.8795459469185629
SV1_C19242,C19242,0.7956426615490322
SV1_C91847,C91847,0.8651189337039575
SV1_C07257,C07257,0.7929632880728538
SV1_C20473,C20473,0.9589121505243331
SV1_C08447,C08447,0.9979684743494681
SV1_C12605,C12605,0.9542779943174714
SV1_C28279,C28279,0.8052336945911732
SV1_C91256,C91256,0.890084918097258
SV1_C41400,C41400,0.8515659539625582
SV1_C12645,C12645,0.8266637328639573
SV1_C88280,C88280,0.8270097732243368
SV1_C63087,C63087,0.9322181701262354
SV1_C69701,C69701,0.9126385627415562
SV1_C49316,C49316,0.819763425968812
SV1_C30006,C30006,0.9273944659712396
SV1_C09689,C09689,0.8692615298405555
SV1_C86432,C86432,0.8361259487651492
SV1_C93081,C93081,0.928818102527174
SV1_C18619,C18619,0.8734962748696122
SV1_C98479,C98479,0.8172135273102957
SV1_C79801,C79801,0.9274524960786241
SV1_C93036,C93036,0.8709410696168904
SV1_C62486,C62486,0.9662390861133672
SV1_C48105,C48105,0.9574782126106897
SV1_C12675,C12675,0.8399094515093527
SV1_C63703,C63703,0.9028428765332738
SV1_C54629,C54629,0.9922445528609529
SV1_C24689,C24689,0.8925003625107985
SV1_C64809,C64809,0.9605682656483783
SV1_C93027,C93027,0.7665395677521785
SV1_C79294,C79294,0.7610971840642247
SV1_C44498,C44498,0.9722549777584459
SV1_C92426,C92426,0.8779404849294434
SV1_C07203,C07203,0.8772420216533449
SV1_C51014,C51014,0.9165189248704592
SV1_C22211,C22211,0.9890524724416355
SV1_C04885,C04885,0.9122355248511682
SV1_C37804,C37804,0.8373187124605111
SV1_C69104,C69104,0.8921372290763712
SV1_C22828,C22828,0.9913832356758642
SV1_C75038,C75038,0.976968005830706
SV1_C90710,C90710,0.9641075615315071
SV1_C55917,C55917,0.7945421810473559
SV1_C97306,C97306,0.9031939652165157
SV1_C88297,C88297,0.9969363252370058
SV1_C69044,C69044,0.8506567589437667
SV1_C35472,C35472,0.9195161632249486
SV1_C87703,C87703,0.8352923204041364
SV1_C12057,C12057,0.7287645649093659
SV1_C82874,C82874,0.8914567230675254
SV1_C73305,C73305,0.9227589936129261
SV1_C97832,C97832,0.9206924973134194
SV1_C69074,C69074,0.9467498509512947
SV1_C92451,C92451,0.7829968705095308
SV1_C70237,C70237,0.8990851726620197
SV1_C76869,C76869,0.9510228323245634
SV1_C31806,C31806,0.9171895111644214
SV1_C70318,C70318,0.8773501812759518
SV1_C12681,C12681,0.9765360005746546
SV1_C35403,C35403,0.8071917055480826
SV1_C46232,C46232,0.7981926186756461
SV1_C60713,C60713,0.8412966537698622
SV1_C18692,C18692,0.7447405641514513
SV1_C54607,C54607,0.8478463299863268
SV1_C34314,C34314,0.8907030966378314
SV1_C96093,C96093,0.8640832900224593
SV1_C24621,C24621,0.9130698491493762
SV1_C48638,C48638,0.7671334692910922
SV1_C56477,C56477,0.7639928219707517
SV1_C08501,C08501,0.8452558517363475
SV1_C52844,C52844,0.7912833102889631
SV1_C88209,C88209,0.9087247952899468
SV1_C99718,C99718,0.9321237618483315
SV1_C48043,C48043,0.7126013616743941
SV1_C64214,C64214,0.908548358127621
SV1_C43257,C43257,0.994632344942667
SV1_C00719,C00719,0.8195884844319755
SV1_C46240,C46240,0.8987016813959794
SV1_C95480,C95480,0.8984546568687372
SV1_C70288,C70288,0.9645469788132042
SV1_C07833,C07833,0.9053280785734785
SV1_C15095,C15095,0.766593241410845
SV1_C85806,C85806,0.8916418883050444
SV1_C47403,C47403,0.9851927073444073
SV1_C73800,C73800,0.9689036600993844
SV1_C02506,C02506,0.8781041907846276
SV1_C08481,C08481,0.9985095055402757
SV1_C75600,C75600,0.9470552924598516
SV1_C49888,C49888,0.777557278246146
SV1_C49279,C49279,0.8876731317548412
SV1_C78702,C78702,0.7743657586955789
SV1_C93718,C93718,0.7730038800763639
SV1_C35476,C35476,0.927503084395748
SV1_C64896,C64896,0.9102698508237449
SV1_C97913,C97913,0.8811235212864602
SV1_C70305,C70305,0.8321095019915385
SV1_C21031,C21031,0.9413583204344699
SV1_C92419,C92419,0.9142274375981779
SV1_C06077,C06077,0.8109060944944199
SV1_C73841,C73841,0.9038338227304622
SV1_C90658,C90658,0.890558419605109
SV1_C13802,C13802,0.9505414794111403
SV1_C91844,C91844,0.7483424912723547
SV1_C19223,C19223,0.8667679950971872
SV1_C63708,C63708,0.8895712168280204
SV1_C96715,C96715,0.9746014847933638
SV1_C46310,C46310,0.9680313016474779
SV1_C49242,C49242,0.8011383483376945
SV1_C96004,C96004,0.9919241517566006
SV1_C30711,C30711,0.7756289967358958
SV1_C15046,C15046,0.9872637559222456
SV1_C25232,C25232,0.9962680648802369
SV1_C08480,C08480,0.986457942778242
SV1_C43842,C43842,0.7828889002186522
SV1_C33621,C33621,0.9285554909003216
SV1_C78112,C78112,0.8036946764958941
SV1_C18079,C18079,0.8949583570232418
SV1_C24608,C24608,0.9304180607660373
SV1_C19891,C19891,0.8763349217284735
SV1_C03074,C03074,0.8588869835246827
SV1_C19882,C19882,0.8572844737601157
SV1_C96682,C96682,0.8423562385177765
SV1_C98506,C98506,0.8937437228545786
SV1_C66621,C66621,0.8310423808688326
SV1_C24695,C24695,0.7329555273104751
SV1_C79805,C79805,0.9272831374871083
SV1_C78042,C78042,0.8492072590753531
SV1_C48629,C48629,0.776957928975026
SV1_C32408,C32408,0.8681515178358482
SV1_C05500,C05500,0.8103774392207606
SV1_C46297,C46297,0.9960375883648233
SV1_C34900,C34900,0.8534971683765402
SV1_C12002,C12002,0.8523766501481224
SV1_C46881,C46881,0.9455593971089894
SV1_C63637,C63637,0.8643619336726021
SV1_C61804,C61804,0.9092979528941345
SV1_C83405,C83405,0.9488314679355793
SV1_C76232,C76232,0.928986047746698
SV1_C26406,C26406,0.8688203028992314
SV1_C71423,C71423,0.8579977879331977
SV1_C23473,C23473,0.8435925903344752
SV1_C09025,C09025,0.8796721402739863
SV1_C100218,C100218,0.847132810928584
SV1_C53419,C53419,0.8721795674392923
SV1_C19240,C19240,0.8336779209414114
SV1_C78078,C78078,0.8920806676215888
SV1_C03008,C03008,0.9822494398105258
SV1_C78686,C78686,0.8766379798548388
SV1_C12621,C12621,0.8414041536158007
SV1_C00623,C00623,0.7751135412918696
SV1_C10297,C10297,0.8412502597040009
SV1_C12617,C12617,0.9040120152353575
SV1_C45677,C45677,0.9232293608653575
SV1_C23495,C23495,0.7093172756514418
SV1_C78654,C78654,0.8114071320425559
SV1_C81710,C81710,0.8630187793423885
SV1_C73249,C73249,0.768300028671445
SV1_C60632,C60632,0.8519641210721888
SV1_C73918,C73918,0.9318027676534383
SV1_C33697,C33697,0.8498397843268863
SV1_C88313,C88313,0.9492398098799107
SV1_C01273,C01273,0.9584824492749725
SV1_C84616,C84616,0.878977088723723
SV1_C16824,C16824,0.8367282052055703
SV1_C53508,C53508,0.79047025018608
SV1_C16295,C16295,0.7859911394188207
SV1_C55910,C55910,0.9017892506995284
SV1_C03704,C03704,0.9186369373020771
SV1_C94227,C94227,0.9622035223024201
SV1_C49248,C49248,0.9225395457915103
SV1_C10213,C10213,0.9680750083832679
SV1_C44451,C44451,0.7988158212045086
SV1_C52285,C52285,0.9653412642395638
SV1_C27614,C27614,0.8174144907618532
SV1_C90651,C90651,0.967045327472618
SV1_C12691,C12691,0.9487796068837101
SV1_C54641,C54641,0.8835438587781234
SV1_C43910,C43910,0.9660137962886045
SV1_C94243,C94243,0.8682903137730664
SV1_C48641,C48641,0.8972126994877149
SV1_C86445,C86445,0.7405662073946515
SV1_C03078,C03078,0.8649252694495381
SV1_C69037,C69037,0.8259201128297217
SV1_C92472,C92472,0.9316527341384805
SV1_C97316,C97316,0.7800471953973472
SV1_C64311,C64311,0.8847813456342813
SV1_C32487,C32487,0.9965042873688098
SV1_C87635,C87635,0.8476276927736809
SV1_C72646,C72646,0.8852912575141464
SV1_C01813,C01813,0.9898648684739543
SV1_C06630,C06630,0.9878273793571483
SV1_C73876,C73876,0.9432820033542134
SV1_C46286,C46286,0.9392206357403599
SV1_C66036,C66036,0.8858847723736548
SV1_C64318,C64318,0.8738862480936361
SV1_C46218,C46218,0.8771834774812085
SV1_C63110,C63110,0.9320061281210222
SV1_C70838,C70838,0.8550770935180606
SV1_C05426,C05426,0.9817356752610342
SV1_C25846,C25846,0.8752805536760687
SV1_C54678,C54678,0.8745163020698816
SV1_C71516,C71516,0.8422065372678328
SV1_C96618,C96618,0.9236804969279214
SV1_C20414,C20414,0.8849946062958454
SV1_C03632,C03632,0.9796073599293031
SV1_C27113,C27113,0.9019740483203808
SV1_C16211,C16211,0.8971106696074916
SV1_C63620,C63620,0.9232015963423933
SV1_C07909,C07909,0.834836045147115
SV1_C57631,C57631,0.8329645401208197
SV1_C47482,C47482,0.9908534782463938
SV1_C44420,C44420,0.8474688838187525
SV1_C26423,C26423,0.8301106632826227
SV1_C76803,C76803,0.8294344095191106
SV1_C03716,C03716,0.9184162583891533
SV1_C64909,C64909,0.9190247882377951
SV1_C69119,C69119,0.715407432821373
SV1_C07893,C07893,0.7974013903878582
SV1_C66601,C66601,0.9880310375142362
SV1_C78607,C78607,0.7921234636798868
SV1_C13252,C13252,0.7624987465833538
SV1_C78677,C78677,0.9552597427312981
SV1_C57714,C57714,0.8339406537600632
SV1_C69081,C69081,0.8993748430494228
SV1_C82819,C82819,0.9178931622914239
SV1_C49213,C49213,0.8595919064777633
SV1_C27093,C27093,0.9555046806783288
SV1_C03605,C03605,0.9765157099165638
SV1_C15086,C15086,0.8160292685191297
SV1_C69616,C69616,0.8835307501814168
SV1_C90716,C90716,0.7727353504902947
SV1_C19290,C19290,0.98172646900834
SV1_C16881,C16881,0.9140628079662751
SV1_C02420,C02420,0.7548343438387637
SV1_C19206,C19206,0.8799001512691439
SV1_C53434,C53434,0.9094450353716612
SV1_C75100,C75100,0.921029619655044
SV1_C89503,C89503,0.8370529365731116
SV1_C67911,C67911,0.8795372906666592
SV1_C40204,C40204,0.8338671594042767
SV1_C01289,C01289,0.953910106757332
SV1_C31311,C31311,0.7814323116888159
SV1_C30686,C30686,0.8779107314886966
SV1_C21706,C21706,0.9103999510038421
SV1_C30117,C30117,0.9945938915566912
SV1_C89504,C89504,0.994612604451187
SV1_C76813,C76813,0.8983119959570381
SV1_C57637,C57637,0.8217835451515766
SV1_C19888,C19888,0.8425166869199756
SV1_C51105,C51105,0.8107685962743914
SV1_C60613,C60613,0.9681507143036103
SV1_C46241,C46241,0.8892438434034273
SV1_C76891,C76891,0.9552986433822795
SV1_C100313,C100313,0.9670476560590195
SV1_C03674,C03674,0.8470162973942367
SV1_C22909,C22909,0.9328537947344954
SV1_C93692,C93692,0.8382538810244723
SV1_C99106,C99106,0.9352452276055842
SV1_C10305,C10305,0.8429307125142071
SV1_C48682,C48682,0.9810735595895513
SV1_C30101,C30101,0.8276657366827262
SV1_C57601,C57601,0.9695148637437286
SV1_C21085,C21085,0.9375633915789163
SV1_C74406,C74406,0.9079913246742259
SV1_C72667,C72667,0.9327654581469561
SV1_C93068,C93068,0.9325938124801993
SV1_C66634,C66634,0.9025464480241272
SV1_C30616,C30616,0.8766466582776445
SV1_C78699,C78699,0.7904447878001227
SV1_C90020,C90020,0.890728247842323
SV1_C70900,C70900,0.795641734222964
SV1_C24023,C24023,0.8553103113785953
SV1_C02430,C02430,0.8766841892882592
SV1_C25279,C25279,0.8437733683845389
SV1_C93003,C93003,0.8236888731800057
SV1_C97209,C97209,0.9942397388799903
SV1_C88296,C88296,0.9930260406788528
SV1_C66003,C66003,0.7803247719899294
SV1_C31892,C31892,0.8138046636434074
SV1_C87699,C87699,0.8351852318895677
SV1_C91248,C91248,0.8708502633360132
SV1_C57091,C57091,0.8872332520965489
SV1_C25209,C25209,0.9258352187386459
SV1_C57014,C57014,0.979929805423418
SV1_C86414,C86414,0.9217560172371664
SV1_C14411,C14411,0.9006988600051005
SV1_C10291,C10291,0.9866326386406258
SV1_C36000,C36000,0.8287025246428437
SV1_C28916,C28916,0.9982742784821792
SV1_C72098,C72098,0.8796507286903775
SV1_C06695,C06695,0.9003739502013877
SV1_C75673,C75673,0.9298284000772946
SV1_C94309,C94309,0.8236245682500395
SV1_C68501,C68501,0.9543425386418014
SV1_C09604,C09604,0.9907833187256669
SV1_C63719,C63719,0.9393485146861137
SV1_C06039,C06039,0.8906184603407828
SV1_C45608,C45608,0.8524334473468825
SV1_C43902,C43902,0.9716931068449942
SV1_C52840,C52840,0.8309040591307124
SV1_C70915,C70915,0.7275040869574343
SV1_C77439,C77439,0.9244117402454284
SV1_C59427,C59427,0.8407587916563087
SV1_C63105,C63105,0.9134393745777573
SV1_C72004,C72004,0.974090414586945
SV1_C82209,C82209,0.9434833205692436
SV1_C33688,C33688,0.8638581638777957
SV1_C01274,C01274,0.8638406240970457
SV1_C76855,C76855,0.8473064722880381
SV1_C15621,C15621,0.8152584292160394
SV1_C46291,C46291,0.809640667033289
SV1_C86434,C86434,0.8992989585374446
SV1_C97817,C97817,0.9573267766459119
SV1_C09095,C09095,0.8884034907203815
SV1_C30118,C30118,0.9490670865587569
SV1_C91848,C91848,0.9119013331025251
SV1_C24717,C24717,0.8937412040986351
SV1_C03610,C03610,0.9501679030093269
SV1_C45707,C45707,0.8616890804085385
SV1_C34286,C34286,0.840644055333626
SV1_C12109,C12109,0.7866505667793287
SV1_C48011,C48011,0.9657072522777144
SV1_C03678,C03678,0.8531844621752207
SV1_C68519,C68519,0.7178177109960444
SV1_C68446,C68446,0.9548803804508099
SV1_C93697,C93697,0.8189723101675259
SV1_C91887,C91887,0.9140105136269662
SV1_C43306,C43306,0.9698939485926171
SV1_C74473,C74473,0.9501359581647625
SV1_C75105,C75105,0.9269845535850755
SV1_C63715,C63715,0.8733501322094895
SV1_C38405,C38405,0.8457559191791227
SV1_C69103,C69103,0.8892598466924605
SV1_C93616,C93616,0.9330607046430562
SV1_C96107,C96107,0.9884291421046839
SV1_C38423,C38423,0.9041307283996267
SV1_C48644,C48644,0.9877723909151965
SV1_C10840,C10840,0.7529295042186771
SV1_C70832,C70832,0.8989561198504447
SV1_C32517,C32517,0.9838651485854887
SV1_C30710,C30710,0.8352940029912084
SV1_C58818,C58818,0.9835856889484462
SV1_C72051,C72051,0.9262569449599757
SV1_C59507,C59507,0.8886310638584128
SV1_C87639,C87639,0.8381725759143293
SV1_C48075,C48075,0.9213165273637569
SV1_C95433,C95433,0.9832755739414626
SV1_C19826,C19826,0.8589973219562463
SV1_C91823,C91823,0.9007254539310594
SV1_C55801,C55801,0.97235908824242
SV1_C63027,C63027,0.9128569654100942
SV1_C33096,C33096,0.8199621581661275
SV1_C05501,C05501,0.8164359464468055
SV1_C54631,C54631,0.9875236053986844
SV1_C18683,C18683,0.8760087728623053
SV1_C24681,C24681,0.8869644194090809
SV1_C22284,C22284,0.7735392464555574
SV1_C24002,C24002,0.9111143152915417
SV1_C91908,C91908,0.9163210708207961
SV1_C86400,C86400,0.8529202456598717
SV1_C45626,C45626,0.7728254016365363
SV1_C91219,C91219,0.9437933134125598
SV1_C73862,C73862,0.8457494580960669
SV1_C09648,C09648,0.7885920277780643
SV1_C65492,C65492,0.7228506596518988
SV1_C99014,C99014,0.9405284345240805
SV1_C81089,C81089,0.8214580752105292
SV1_C01312,C01312,0.9197251825654488
SV1_C21090,C21090,0.8440037145825176
SV1_C05407,C05407,0.9153460512052685
SV1_C79310,C79310,0.8684945446183053
SV1_C50401,C50401,0.8841196018768009
SV1_C89460,C89460,0.8145434657170653
SV1_C96020,C96020,0.8688415233164074
SV1_C21046,C21046,0.7875550842717107
SV1_C96629,C96629,0.9632874033761079
SV1_C00038,C00038,0.8970539735873508
SV1_C43841,C43841,0.8486965398781174
SV1_C45093,C45093,0.7658594596560275
SV1_C34204,C34204,0.7999143425826252
SV1_C45085,C45085,0.8835107838857882
SV1_C48636,C48636,0.7977733737975282
SV1_C72046,C72046,0.8863956408675265
SV1_C54612,C54612,0.8884098058428909
SV1_C51643,C51643,0.9269768758762839
SV1_C68422,C68422,0.9322639167151177
SV1_C56445,C56445,0.8043166460342097
SV1_C77460,C77460,0.8883420262873805
SV1_C15635,C15635,0.8411841350576761
SV1_C86511,C86511,0.8395410960792594
SV1_C24629,C24629,0.9871409156332315
SV1_C96620,C96620,0.8666618483284344
SV1_C55226,C55226,0.9576931079283921
SV1_C18695,C18695,0.8212283024085364
SV1_C25220,C25220,0.9299620237437793
SV1_C17493,C17493,0.7826288177911035
SV1_C88201,C88201,0.8938260747499158
SV1_C09712,C09712,0.7951927295241511
SV1_C17437,C17437,0.8937899789466264
SV1_C80423,C80423,0.9616150428811507
SV1_C80498,C80498,0.8532406683932495
SV1_C27623,C27623,0.745111158390412
SV1_C99028,C99028,0.9769536720689224
SV1_C74482,C74482,0.9065590898197547
SV1_C57082,C57082,0.7621170022247742
SV1_C86471,C86471,0.7786735921595187
SV1_C90038,C90038,0.8512240201386877
SV1_C51693,C51693,0.9570320654780197
SV1_C91211,C91211,0.8999944628812354
SV1_C73295,C73295,0.8557461997485373
SV1_C60016,C60016,0.9316974227648256
SV1_C91883,C91883,0.9274731146864308
SV1_C86447,C86447,0.8271255523281105
SV1_C33689,C33689,0.8560298982648482
SV1_C92418,C92418,0.9580778849854423
SV1_C86439,C86439,0.8486976180770553
SV1_C23486,C23486,0.9090085570446127
SV1_C31314,C31314,0.8671052482192221
SV1_C62504,C62504,0.9084170996111224
SV1_C66637,C66637,0.8991755753101547
SV1_C59417,C59417,0.9596158762260303
SV1_C43819,C43819,0.9428741886914622
SV1_C74508,C74508,0.9103544788422347
SV1_C20485,C20485,0.9307309578735856
SV1_C36014,C36014,0.8763406016139607
SV1_C34885,C34885,0.9628496884698007
SV1_C69077,C69077,0.887671815006782
SV1_C43212,C43212,0.8527283462263373
SV1_C91273,C91273,0.9576891516713905
SV1_C07852,C07852,0.7911693623999219
SV1_C74468,C74468,0.9637789558509495
SV1_C60014,C60014,0.9934318875433227
SV1_C90017,C90017,0.96811127833548
SV1_C85891,C85891,0.8316210574260262
SV1_C07869,C07869,0.968462186266977
SV1_C12093,C12093,0.9417224400423431
SV1_C03116,C03116,0.9249905873413174
SV1_C45068,C45068,0.8516749185651812
SV1_C18018,C18018,0.9219855748018253
SV1_C09004,C09004,0.9948784738686084
SV1_C00682,C00682,0.8769524152117892
SV1_C64274,C64274,0.8488686927845123
SV1_C59404,C59404,0.9425676673627016
SV1_C24620,C24620,0.9231093074790961
SV1_C87106,C87106,0.9669974986080676
SV1_C53501,C53501,0.8050482221073654
SV1_C39608,C39608,0.8470669976402672
SV1_C51712,C51712,0.7588894580544929
SV1_C07209,C07209,0.9926137759241892
SV1_C90066,C90066,0.835870992564349
SV1_C33701,C33701,0.8482105169362053
SV1_C00091,C00091,0.8078742457086134
SV1_C58217,C58217,0.9633574105379513
SV1_C90618,C90618,0.995783431090198
SV1_C14433,C14433,0.9196274009887554
SV1_C67830,C67830,0.8673685882120268
SV1_C88298,C88298,0.9714222875927584
SV1_C58816,C58816,0.9374396808487633
SV1_C75030,C75030,0.949288796172925
SV1_C13243,C13243,0.8939099531125507
SV1_C53496,C53496,0.8049792726480623
SV1_C43851,C43851,0.7989308397888476
SV1_C01885,C01885,0.9892381084003828
SV1_C87074,C87074,0.8473811803844232
SV1_C61905,C61905,0.9592313312653901
SV1_C10818,C10818,0.9047541340114768
SV1_C24104,C24104,0.8726840919372356
SV1_C63014,C63014,0.8825724844290828
SV1_C21027,C21027,0.9413774594597865
SV1_C86409,C86409,0.8855536717325327
SV1_C00000,C00000,0.9918807929694266
SV1_C77494,C77494,0.9278240039141405
SV1_C20479,C20479,0.8351211703264316
SV1_C43296,C43296,0.9909265997627091
SV1_C99038,C99038,0.94431800680582
SV1_C69038,C69038,0.8304321356192912
SV1_C31282,C31282,0.8697288987345034
SV1_C77440,C77440,0.8668581211167632
SV1_C61241,C61241,0.7437442057644318
SV1_C20428,C20428,0.8478189506413359
SV1_C30007,C30007,0.8860327817817877
SV1_C25290,C25290,0.9280060243411611
SV1_C90663,C90663,0.9576449515415689
SV1_C44400,C44400,0.8630428273925739
SV1_C43293,C43293,0.7542601478162292
SV1_C75606,C75606,0.8906653864167041
SV1_C45703,C45703,0.8645870050789126
SV1_C47506,C47506,0.9576650460595999
SV1_C84675,C84675,0.755794257559759
SV1_C51022,C51022,0.8288725990988561
SV1_C68428,C68428,0.8199605479433475
SV1_C46833,C46833,0.7939781973415151
SV1_C10879,C10879,0.8981311168558268
SV1_C00042,C00042,0.8611626875920146
SV1_C10278,C10278,0.9408764445554394
SV1_C49280,C49280,0.8718915312120807
SV1_C46230,C46230,0.7711829894889374
SV1_C79288,C79288,0.7953030395679931
SV1_C12633,C12633,0.9525611111466431
SV1_C51114,C51114,0.9278484958637481
SV1_C59492,C59492,0.8983351036555363
SV1_C42623,C42623,0.8507062206861811
SV1_C79204,C79204,0.9280286222794843
SV1_C75001,C75001,0.954850248484904
SV1_C18025,C18025,0.8305715355199229
SV1_C51701,C51701,0.8118177624709149
SV1_C11464,C11464,0.8999736126770197
SV1_C10917,C10917,0.7853514872689782
SV1_C18686,C18686,0.9168595123811559
SV1_C58841,C58841,0.7572554878574098
SV1_C40823,C40823,0.8879867975408581
SV1_C24024,C24024,0.9964454792588721
SV1_C04872,C04872,0.8950305372467233
SV1_C57610,C57610,0.994514459049487
SV1_C89457,C89457,0.8022086080639765
SV1_C48670,C48670,0.7744313266415747
SV1_C76876,C76876,0.8798173735097045
SV1_C76893,C76893,0.906244575644303
SV1_C57702,C57702,0.9401996676444698
SV1_C49227,C49227,0.7880705797216728
SV1_C74499,C74499,0.9710393582799999
SV1_C49884,C49884,0.8323986939757271
SV1_C95414,C95414,0.9430847198903359
SV1_C71418,C71418,0.891155487757015
SV1_C25305,C25305,0.9066492031375867
SV1_C67294,C67294,0.7922330721458699
SV1_C42605,C42605,0.8671910874058999
SV1_C04223,C04223,0.8054031919799468
SV1_C01206,C01206,0.9690840261275141
SV1_C31919,C31919,0.8822364857584027
SV1_C67220,C67220,0.840126550776895
SV1_C64278,C64278,0.8567544259431651
SV1_C34800,C34800,0.8125455757829083
SV1_C78061,C78061,0.8983737221540437
SV1_C61242,C61242,0.8246840594704666
SV1_C73915,C73915,0.9259506674066158
SV1_C46304,C46304,0.9916743628701876
SV1_C34889,C34889,0.9845975913235708
SV1_C07919,C07919,0.9774934266944921
SV1_C50412,C50412,0.873121929837885
SV1_C45045,C45045,0.9511807898649102
SV1_C73810,C73810,0.9116140357337651
SV1_C97301,C97301,0.8149777907701565
SV1_C61846,C61846,0.8945573312275675
SV1_C28241,C28241,0.9935664276436806
SV1_C49298,C49298,0.8017290539403877
SV1_C03013,C03013,0.9829033951491203
SV1_C92432,C92432,0.9082131756486896
SV1_C96019,C96019,0.9591098444182383
SV1_C46835,C46835,0.7974706939117217
SV1_C46263,C46263,0.7918489929278876
SV1_C06684,C06684,0.8405402447996034
SV1_C60097,C60097,0.9472987863866636
SV1_C21086,C21086,0.8971019845783466
SV1_C07271,C07271,0.8874946607341526
SV1_C22818,C22818,0.8978224589908982
SV1_C31805,C31805,0.8981667549475151
SV1_C43255,C43255,0.798301460850158
SV1_C72703,C72703,0.9626845004118352
SV1_C13274,C13274,0.9193524319753538
SV1_C10227,C10227,0.9608508863267469
SV1_C77485,C77485,0.9160894374937798
SV1_C03016,C03016,0.9259204939568809
SV1_C60641,C60641,0.7466340215209122
SV1_C22315,C22315,0.9036632590538765
SV1_C87615,C87615,0.8834417480932004
SV1_C25289,C25289,0.9019120199256782
SV1_C65441,C65441,0.8568356190168528
SV1_C10246,C10246,0.9038713348382941
SV1_C75036,C75036,0.8687229122635062
SV1_C57077,C57077,0.8045554664117042
SV1_C40802,C40802,0.9517487456612499
SV1_C34904,C34904,0.8522715462742677
SV1_C08475,C08475,0.8612493627143931
SV1_C31800,C31800,0.8739021126675216
SV1_C84114,C84114,0.8723733492362968
SV1_C45049,C45049,0.997930840525224
SV1_C50499,C50499,0.9321677777372511
SV1_C79282,C79282,0.9175513611742866
SV1_C18639,C18639,0.9187022795134248
SV1_C52884,C52884,0.9668940851599329
SV1_C45096,C45096,0.9933835538437727
SV1_C74497,C74497,0.9254302683699915
SV1_C09687,C09687,0.949654477806628
SV1_C82295,C82295,0.7867259728255116
SV1_C85915,C85915,0.8746916029309784
SV1_C88827,C88827,0.8438479893347876
SV1_C01314,C01314,0.8233058461730699
SV1_C12063,C12063,0.9449975059942343
SV1_C88840,C88840,0.7837887041852984
SV1_C56518,C56518,0.8165866834927549
SV1_C64273,C64273,0.8082990033818054
SV1_C46813,C46813,0.8234230957239856
SV1_C07302,C07302,0.9056664602515054
SV1_C18037,C18037,0.8577665592502705
SV1_C17489,C17489,0.873617083771624
SV1_C85896,C85896,0.8374097423227277
SV1_C75109,C75109,0.9176153010237627
SV1_C75117,C75117,0.818697583665573
SV1_C03104,C03104,0.9296390402201995
SV1_C95429,C95429,0.9757375940898328
SV1_C30094,C30094,0.7240649051850865
SV1_C88248,C88248,0.7468122520923318
SV1_C17405,C17405,0.9049347038025388
SV1_C13218,C13218,0.8965672103396235
SV1_C07917,C07917,0.821527878311882
SV1_C28307,C28307,0.8521375841292663
SV1_C10850,C10850,0.7664637875585704
SV1_C75101,C75101,0.9263820396555692
SV1_C85274,C85274,0.9473872939483919
SV1_C70911,C70911,0.7722166380791903
SV1_C76221,C76221,0.9166551661766673
SV1_C16872,C16872,0.902465939080622
SV1_C87009,C87009,0.8938982315490374
SV1_C91314,C91314,0.9083122330582187
SV1_C21707,C21707,0.8403670707083556
SV1_C61227,C61227,0.833694143158026
SV1_C88887,C88887,0.8047605555626096
SV1_C19281,C19281,0.8074881158383266
SV1_C46828,C46828,0.7899107696603035
SV1_C33604,C33604,0.8253744225032086
SV1_C86519,C86519,0.9435270997123784
SV1_C71500,C71500,0.8209162217331707
SV1_C40801,C40801,0.8866749488820531
SV1_C64314,C64314,0.8208355739379547
SV1_C26443,C26443,0.7641052902154776
SV1_C53519,C53519,0.93150707153349
SV1_C54096,C54096,0.7957706558359777
SV1_C04214,C04214,0.9276603594252525
SV1_C07840,C07840,0.8211264818000985
SV1_C67847,C67847,0.8715956295242161
SV1_C11425,C11425,0.9034270594630043
SV1_C75078,C75078,0.9028559805181751
SV1_C48634,C48634,0.7606167233533394
SV1_C58902,C58902,0.9625520857900586
SV1_C73224,C73224,0.8820039919369419
SV1_C81611,C81611,0.8333047830008548
SV1_C07812,C07812,0.9857726153928249
SV1_C59409,C59409,0.9704748774746993
SV1_C44469,C44469,0.8334285503881285
SV1_C18073,C18073,0.8793530302639622
SV1_C26485,C26485,0.9466180899612442
SV1_C59498,C59498,0.9728330354041882
SV1_C07827,C07827,0.9089517203497343
SV1_C54635,C54635,0.9888359116438722
SV1_C25275,C25275,0.8397574856739694
SV1_C31286,C31286,0.8808765845510821
SV1_C02434,C02434,0.8861341642928492
SV1_C28236,C28236,0.9791256219085858
SV1_C88318,C88318,0.8646501676657905
SV1_C74414,C74414,0.898785043029549
SV1_C21019,C21019,0.875659942733987
SV1_C56437,C56437,0.91132594665763
SV1_C03636,C03636,0.9921646949137103
SV1_C56473,C56473,0.7615174140851919
SV1_C62498,C62498,0.9931518493400098
SV1_C21032,C21032,0.8423815836738673
SV1_C46890,C46890,0.8792426788760667
SV1_C50512,C50512,0.7602450401930025
SV1_C22239,C22239,0.7567237322047392
SV1_C06604,C06604,0.7700813185278423
SV1_C75621,C75621,0.9313811346268831
SV1_C88856,C88856,0.7708278029509723
SV1_C19807,C19807,0.7958451308211126
SV1_C72074,C72074,0.90819202060348
SV1_C63023,C63023,0.8927949803638702
SV1_C04902,C04902,0.9020690238189494
SV1_C99641,C99641,0.938404645512682
SV1_C95482,C95482,0.853978336651895
SV1_C64280,C64280,0.8443853065776276
SV1_C16226,C16226,0.947552994913426
SV1_C83490,C83490,0.9121231360447486
SV1_C22827,C22827,0.7407945396770205
SV1_C01211,C01211,0.8183902214149176
SV1_C49318,C49318,0.9485925111521573
SV1_C83402,C83402,0.9091081191227041
SV1_C87693,C87693,0.9775384515954152
SV1_C63019,C63019,0.8454867310507108
SV1_C63684,C63684,0.8632041521295194
SV1_C62505,C62505,0.9517378448490887
SV1_C56409,C56409,0.993279480147196
SV1_C13874,C13874,0.9148100125615127
SV1_C76289,C76289,0.8073302756196745
SV1_C51024,C51024,0.9009376767173946
SV1_C46289,C46289,0.8267923800818575
SV1_C55804,C55804,0.9689018556614041
SV1_C46805,C46805,0.8408597049986594
SV1_C43917,C43917,0.782883716170454
SV1_C68491,C68491,0.8290571746102517
SV1_C72691,C72691,0.9091526812229371
SV1_C35486,C35486,0.9062145893272973
SV1_C33118,C33118,0.9281290887670531
SV1_C27019,C27019,0.8985810911221249
SV1_C82814,C82814,0.8984909129293641
SV1_C16216,C16216,0.8833464626679861
SV1_C36007,C36007,0.9135842922562165
SV1_C15601,C15601,0.9116490187599221
SV1_C03081,C03081,0.9710753566768862
SV1_C05515,C05515,0.8631300425808708
SV1_C63631,C63631,0.9074809209297977
SV1_C95435,C95435,0.9744268404962292
SV1_C79316,C79316,0.8286802090520051
SV1_C52221,C52221,0.8025266503194968
SV1_C85878,C85878,0.9642265976878478
SV1_C84713,C84713,0.8878372766329056
SV1_C33103,C33103,0.8226816136512497
SV1_C74496,C74496,0.9208702081745365
SV1_C79908,C79908,0.9137622709555955
SV1_C24099,C24099,0.8346379921152123
SV1_C07836,C07836,0.862591625313744
SV1_C61239,C61239,0.8175383502776754
SV1_C79285,C79285,0.9474734907533581
SV1_C97238,C97238,0.9325506846096481
SV1_C01917,C01917,0.9250021751476744
SV1_C33087,C33087,0.9859869420159899
SV1_C15603,C15603,0.8917737257779972
SV1_C46207,C46207,0.9983034627492553
SV1_C61215,C61215,0.9338888243179218
SV1_C02425,C02425,0.9616035654067036
SV1_C43833,C43833,0.805799312410216
SV1_C12072,C12072,0.9276349393787269
SV1_C69088,C69088,0.8089353662072133
SV1_C12693,C12693,0.9867594747960684
SV1_C21702,C21702,0.8956397925499504
SV1_C50447,C50447,0.8542125403687643
SV1_C49885,C49885,0.8326295595261779
SV1_C01898,C01898,0.8707044159961025
SV1_C90715,C90715,0.8138238798644817
SV1_C00001,C00001,0.9976763876824758
SV1_C13239,C13239,0.9039802420651093
SV1_C96015,C96015,0.9060384328604797
SV1_C68518,C68518,0.9341880853488032
SV1_C43889,C43889,0.7813935936602644
SV1_C28802,C28802,0.9282506708178739
SV1_C88849,C88849,0.8113331664267243
SV1_C73232,C73232,0.8913965950898705
SV1_C43831,C43831,0.7815914980089698
SV1_C69102,C69102,0.9858528413830356
SV1_C67204,C67204,0.985262049634459
SV1_C100209,C100209,0.9044994655612193
SV1_C04808,C04808,0.9179673679397701
SV1_C06117,C06117,0.9562582965489344
SV1_C96625,C96625,0.9586957216630434
SV1_C70226,C70226,0.8567028064621484
SV1_C55246,C55246,0.9164850064617993
SV1_C44460,C44460,0.9825664501735091
SV1_C27005,C27005,0.873152412022675
SV1_C99101,C99101,0.903098802754823
SV1_C54045,C54045,0.792745266968109
SV1_C51711,C51711,0.9804646594506115
SV1_C10903,C10903,0.9976507571260809
SV1_C99644,C99644,0.9319880726430944
SV1_C81072,C81072,0.9819378382771877
SV1_C18008,C18008,0.8767428985392436
SV1_C06085,C06085,0.8236231951647699
SV1_C86448,C86448,0.7573309585587714
SV1_C49291,C49291,0.8131812381934472
SV1_C71480,C71480,0.9065416742378835
SV1_C31916,C31916,0.9958847591257108
SV1_C38408,C38408,0.8526366164915141
SV1_C12081,C12081,0.9170678327862627
SV1_C25823,C25823,0.8447249321500125
SV1_C50503,C50503,0.9386258571496559
SV1_C82299,C82299,0.9015777733271353
SV1_C78612,C78612,0.9754447694845548
SV1_C63039,C63039,0.889403068906198
SV1_C74427,C74427,0.9071023191330464
SV1_C16801,C16801,0.9061032012002971
SV1_C93621,C93621,0.9085680471216868
SV1_C27683,C27683,0.8511415948849061
SV1_C42019,C42019,0.9650772233415604
SV1_C03041,C03041,0.9576288670448561
SV1_C21681,C21681,0.7985758434666094
SV1_C90045,C90045,0.7771048078194754
SV1_C68515,C68515,0.8015428349458367
SV1_C93041,C93041,0.8317280680675073
SV1_C13286,C13286,0.8992429410909623
SV1_C60020,C60020,0.8362299795773588
SV1_C22835,C22835,0.7464627362450056
SV1_C75628,C75628,0.9026352336717866
SV1_C74483,C74483,0.859087493820329
SV1_C10259,C10259,0.9212968243350935
SV1_C48008,C48008,0.787105389415479
SV1_C73210,C73210,0.9138998213038947
SV1_C12108,C12108,0.7797077187493034
SV1_C98472,C98472,0.9036533155660794
SV1_C91910,C91910,0.9006253645388544
SV1_C81692,C81692,0.720151100562615
SV1_C56503,C56503,0.8343754474180566
SV1_C60105,C60105,0.9422380028334431
SV1_C52307,C52307,0.9493299111886044
SV1_C11501,C11501,0.8216924611550867
SV1_C32478,C32478,0.8600584070284106
SV1_C49903,C49903,0.7853450160083788
SV1_C06083,C06083,0.9981043148351783
SV1_C08408,C08408,0.9971137918725456
SV1_C99030,C99030,0.9499115601162839
SV1_C33000,C33000,0.8488398013891412
SV1_C40815,C40815,0.9877116576663112
SV1_C49890,C49890,0.8072658784355805
SV1_C84611,C84611,0.7586709209039723
SV1_C73219,C73219,0.835894897608495
SV1_C64902,C64902,0.9812535521979742
SV1_C15040,C15040,0.8028928747691769
SV1_C46209,C46209,0.8454225341846812
SV1_C68407,C68407,0.8635300070368052
SV1_C04303,C04303,0.847678910419698
SV1_C31804,C31804,0.875940472724035
SV1_C64275,C64275,0.9268793425460381
SV1_C52302,C52302,0.8637232863757521
SV1_C75682,C75682,0.8875852486355507
SV1_C76827,C76827,0.9614411083863579
SV1_C27022,C27022,0.8585254190478423
SV1_C65478,C65478,0.9254851796507266
SV1_C59516,C59516,0.9276082973695234
SV1_C82883,C82883,0.9584132774648235
SV1_C12694,C12694,0.9563356384472655
SV1_C52909,C52909,0.794704384162657
SV1_C00630,C00630,0.8822562362324877
SV1_C59488,C59488,0.9953301185393217
SV1_C51001,C51001,0.8828748526312056
SV1_C90704,C90704,0.9857351155528502
SV1_C10869,C10869,0.9927542187247067
SV1_C47432,C47432,0.7768425734472164
SV1_C99029,C99029,0.9840433545669424
SV1_C81001,C81001,0.9373752522857746
SV1_C95472,C95472,0.9072762653281539
SV1_C70912,C70912,0.7559380883592108
SV1_C60714,C60714,0.8798883936744378
SV1_C80513,C80513,0.8830855837616044
SV1_C70214,C70214,0.9180022689892559
SV1_C43860,C43860,0.9810742619020159
SV1_C15045,C15045,0.9509539392271654
SV1_C02508,C02508,0.9457012399295466
SV1_C50505,C50505,0.8100938394633946
SV1_C91253,C91253,0.8773357747638056
SV1_C33623,C33623,0.8986771256878471
SV1_C76296,C76296,0.9073544701881279
SV1_C70802,C70802,0.9122715481854018
SV1_C22919,C22919,0.86600456547432
SV1_C51618,C51618,0.9062039254837111
SV1_C00694,C00694,0.8350060898423741
SV1_C65501,C65501,0.952613146472908
SV1_C01846,C01846,0.8654499812051779
SV1_C45701,C45701,0.9986617059442604
SV1_C61284,C61284,0.9024977215252775
SV1_C59482,C59482,0.9435780605536288
SV1_C64205,C64205,0.9348541858448302
SV1_C58918,C58918,0.8754219083582531
SV1_C19829,C19829,0.8581086249434505
SV1_C72694,C72694,0.9291247145926242
SV1_C52276,C52276,0.9924381185497952
SV1_C58216,C58216,0.939191618139822
SV1_C31316,C31316,0.9981874473232897
SV1_C16821,C16821,0.8102695787580071
SV1_C47493,C47493,0.7693669773712589
SV1_C23445,C23445,0.8756318844091943
SV1_C58277,C58277,0.8389125852013473
SV1_C82909,C82909,0.8934955483009324
SV1_C43878,C43878,0.9147885892148682
SV1_C97879,C97879,0.8535116922386112
SV1_C99683,C99683,0.727283538145899
SV1_C98403,C98403,0.8482218474196
SV1_C93033,C93033,0.8916929491964358
SV1_C09671,C09671,0.9050852878770151
SV1_C46273,C46273,0.9343048627555891
SV1_C66719,C66719,0.713051316185568
SV1_C67242,C67242,0.87168297324886
SV1_C90671,C90671,0.7520432279709769
SV1_C49304,C49304,0.8262260110638641
SV1_C57613,C57613,0.9801972755308257
SV1_C64890,C64890,0.8774691786546238
SV1_C12006,C12006,0.8529114833295123
SV1_C67232,C67232,0.8640395669912244
SV1_C27685,C27685,0.873202208006818
SV1_C43316,C43316,0.782841203018243
SV1_C54706,C54706,0.8444324697932519
SV1_C60109,C60109,0.9174785379546292
SV1_C82917,C82917,0.8196464720367327
SV1_C84620,C84620,0.8340071008800178
SV1_C27686,C27686,0.9201931356431106
SV1_C89515,C89515,0.8422548202196529
SV1_C20412,C20412,0.8972177079984782
SV1_C04313,C04313,0.8800673708282172
SV1_C35480,C35480,0.9424151004293264
SV1_C93050,C93050,0.8919710273903011
SV1_C01843,C01843,0.9701862728637897
SV1_C90717,C90717,0.7729181540076253
SV1_C73900,C73900,0.9206255580095088
SV1_C75607,C75607,0.8573271277367324
SV1_C04307,C04307,0.8447603155585724
SV1_C32482,C32482,0.8626848029795575
SV1_C58306,C58306,0.9482822623775129
SV1_C43901,C43901,0.9976008193061897
SV1_C63689,C63689,0.8805176576484371
SV1_C56439,C56439,0.808883843081361
SV1_C94284,C94284,0.8905499743899753
SV1_C27041,C27041,0.9450848922968197
SV1_C54022,C54022,0.8121933908729324
SV1_C86470,C86470,0.8205042348214193
SV1_C13854,C13854,0.8348691217473337
SV1_C12047,C12047,0.9150989378018533
SV1_C20438,C20438,0.8128688977445654
SV1_C45688,C45688,0.78124279077704
SV1_C70829,C70829,0.906800606466643
SV1_C94235,C94235,0.9578608467069303
SV1_C29481,C29481,0.9341610870738646
SV1_C22237,C22237,0.9595628626603614
SV1_C15088,C15088,0.8499826405079611
SV1_C88250,C88250,0.9280024233390873
SV1_C25308,C25308,0.9071222347296783
SV1_C45668,C45668,0.8538098901999932
SV1_C30702,C30702,0.8645617633212549
SV1_C88817,C88817,0.9518258781224327
SV1_C01841,C01841,0.9561715847846488
SV1_C73261,C73261,0.7587141349083528
SV1_C43875,C43875,0.8453846899762048
SV1_C84689,C84689,0.8531348279390725
SV1_C64888,C64888,0.7584781810031099
SV1_C58846,C58846,0.915354203742845
SV1_C70209,C70209,0.9257649145273636
SV1_C19884,C19884,0.8671724556485815
SV1_C77448,C77448,0.8301755897847832
SV1_C76829,C76829,0.9774000155560534
SV1_C51681,C51681,0.9872308253753086
SV1_C35483,C35483,0.8699468875411288
SV1_C54701,C54701,0.8263491002138104
SV1_C92454,C92454,0.9022678779792995
SV1_C52297,C52297,0.8106112015790101
SV1_C43311,C43311,0.8407611857270626
SV1_C89473,C89473,0.8887798144766407
SV1_C61814,C61814,0.9660332537135715
SV1_C46271,C46271,0.780354703509273
SV1_C66639,C66639,0.8514694837683893
SV1_C43302,C43302,0.9692602774351957
SV1_C60036,C60036,0.8370626165506406
SV1_C73293,C73293,0.9074239593080035
SV1_C98408,C98408,0.9966899628030763
SV1_C91257,C91257,0.890874312368578
SV1_C20486,C20486,0.8824279576631358
SV1_C64210,C64210,0.9164387519022378
SV1_C46293,C46293,0.7701337164162796
SV1_C48648,C48648,0.8825405510380544
SV1_C43890,C43890,0.8119919167322122
SV1_C74503,C74503,0.9712782683693357
SV1_C73839,C73839,0.8785439321824995
SV1_C80406,C80406,0.891802936199756
SV1_C87083,C87083,0.8136702487183294
SV1_C05418,C05418,0.9159637124626271
SV1_C30615,C30615,0.8925559970196015
SV1_C82217,C82217,0.8930132183270217
SV1_C83423,C83423,0.9452878890913025
SV1_C66021,C66021,0.8301892998160806
SV1_C05511,C05511,0.9279219737223996
SV1_C73282,C73282,0.9097507217870028
SV1_C66033,C66033,0.88871429337683
SV1_C84082,C84082,0.7752174977152159
SV1_C06028,C06028,0.925125157014435
SV1_C84118,C84118,0.7753739711717571
SV1_C52287,C52287,0.939690834356645
SV1_C43297,C43297,0.9947324463380466
SV1_C54074,C54074,0.8611032114651258
SV1_C33081,C33081,0.979711533546006
SV1_C22206,C22206,0.9116623035746289
SV1_C30092,C30092,0.7982245626802655
SV1_C03688,C03688,0.9524492428084528
SV1_C67914,C67914,0.8904861112135745
SV1_C98443,C98443,0.905855836415445
SV1_C47401,C47401,0.8311907988467865
SV1_C09673,C09673,0.9953451390402267
SV1_C43207,C43207,0.9962633505969744
SV1_C91269,C91269,0.8623327557228875
SV1_C91306,C91306,0.9525755229223485
SV1_C94810,C94810,0.9457974052940461
SV1_C87066,C87066,0.8580633427457813
SV1_C10858,C10858,0.7992538584585139
SV1_C63114,C63114,0.8589632796934434
SV1_C10877,C10877,0.9735867646233293
SV1_C05417,C05417,0.8203372004302357
SV1_C62427,C62427,0.8868789398008966
SV1_C52245,C52245,0.7843745386031447
SV1_C60088,C60088,0.9892706228925783
SV1_C86452,C86452,0.7557961690454487
SV1_C43277,C43277,0.8732628916741512
SV1_C51694,C51694,0.9845375008720063
SV1_C63712,C63712,0.8652223236087447
SV1_C19820,C19820,0.8947716973867899
SV1_C70247,C70247,0.8205463430559986
SV1_C93613,C93613,0.9601257073940018
SV1_C31304,C31304,0.8272406174814428
SV1_C57684,C57684,0.9533259152849887
SV1_C24702,C24702,0.9167726641580586
SV1_C37217,C37217,0.9557079416644605
SV1_C21001,C21001,0.9167183731259653
SV1_C46895,C46895,0.7798518693624162
SV1_C91907,C91907,0.7759756607337394
SV1_C77426,C77426,0.9565497211221738
SV1_C18637,C18637,0.827122104138944
SV1_C73817,C73817,0.9022322383244998
SV1_C99088,C99088,0.9832353005794412
SV1_C31204,C31204,0.8804762882964714
SV1_C87623,C87623,0.8625252387139056
SV1_C81676,C81676,0.9754272663672696
SV1_C33119,C33119,0.9316329592327511
SV1_C76896,C76896,0.8853961338770875
SV1_C16875,C16875,0.9167394170213533
SV1_C84089,C84089,0.9001998361674528
SV1_C00614,C00614,0.9637399488793543
SV1_C19234,C19234,0.8422920669133528
SV1_C70879,C70879,0.9989579219075538
SV1_C46846,C46846,0.9277869056633191
SV1_C49211,C49211,0.8602292315735618
SV1_C01889,C01889,0.9552630096750825
SV1_C82820,C82820,0.8184276052804843
SV1_C23500,C23500,0.856781227666877
SV1_C22812,C22812,0.9470692404651714
SV1_C48000,C48000,0.7894482907339346
SV1_C25891,C25891,0.8525248432684066
SV1_C50445,C50445,0.7835589507148519
SV1_C18632,C18632,0.8342789924742349
SV1_C97828,C97828,0.9138398818863862
SV1_C13806,C13806,0.9515178868706407
SV1_C70874,C70874,0.8906003626979723
SV1_C95489,C95489,0.928643257969693
SV1_C28919,C28919,0.8065617448723832
SV1_C54014,C54014,0.898314595578615
SV1_C63709,C63709,0.8808808128157776
SV1_C46840,C46840,0.9115891438268787
SV1_C27001,C27001,0.8648834088710273
SV1_C94815,C94815,0.9082683496662631
SV1_C43283,C43283,0.8273594819169937
SV1_C09649,C09649,0.7946410476542104
SV1_C34882,C34882,0.8460730670747477
SV1_C32491,C32491,0.9662177405685927
SV1_C34276,C34276,0.8968004496740793
SV1_C32496,C32496,0.8185449078729229
SV1_C27698,C27698,0.9635160144414175
SV1_C11514,C11514,0.8172684097705842
SV1_C71447,C71447,0.819882303898655
SV1_C57076,C57076,0.8068609982444817
SV1_C13866,C13866,0.8237914095830237
SV1_C75084,C75084,0.9108211032746951
SV1_C64295,C64295,0.9362718270444382
SV1_C78021,C78021,0.7981518215487549
SV1_C21647,C21647,0.8269292302792057
SV1_C11516,C11516,0.7581208819862987
SV1_C12614,C12614,0.8984069094559151
SV1_C09047,C09047,0.995325810937637
SV1_C81118,C81118,0.7835534455033631
SV1_C53409,C53409,0.8777248034424926
SV1_C46317,C46317,0.7782648667304549
SV1_C92452,C92452,0.9343941146789093
SV1_C11432,C11432,0.892406870372731
SV1_C11503,C11503,0.9904696123889759
SV1_C02446,C02446,0.8827344123223654
SV1_C89445,C89445,0.7699665681114599
SV1_C68479,C68479,0.8292863309315223
SV1_C54606,C54606,0.8819828527167528
SV1_C55896,C55896,0.944216904121879
SV1_C09614,C09614,0.9164700069723449
SV1_C72093,C72093,0.9070494331167989
SV1_C99624,C99624,0.9925492751593373
SV1_C74410,C74410,0.908206812957285
SV1_C46868,C46868,0.8555131437941516
SV1_C34817,C34817,0.9472147333543213
SV1_C51002,C51002,0.9036597887367205
SV1_C52313,C52313,0.8077045944127335
SV1_C23423,C23423,0.8553601720573089
SV1_C32409,C32409,0.8907935687643367
SV1_C24635,C24635,0.7715341445213709
SV1_C15080,C15080,0.9044737362414655
SV1_C65414,C65414,0.9092279048737966
SV1_C15073,C15073,0.9272027377312679
SV1_C90107,C90107,0.8344747235778468
SV1_C98487,C98487,0.8329604599679364
SV1_C87646,C87646,0.7571497148915126
SV1_C21091,C21091,0.9343607369718783
SV1_C40819,C40819,0.9611138536516629
SV1_C63117,C63117,0.862067507042647
SV1_C27645,C27645,0.8979217419070751
SV1_C22246,C22246,0.8971351903106017
SV1_C99603,C99603,0.815042371804384
SV1_C72613,C72613,0.9567566046624534
SV1_C13826,C13826,0.8542414828789924
SV1_C30692,C30692,0.8043948329813502
SV1_C14432,C14432,0.8519613202605001
SV1_C74420,C74420,0.919583088243736
SV1_C89409,C89409,0.9207850133367987
SV1_C66080,C66080,0.8240225319244552
SV1_C75718,C75718,0.9100263684293772
SV1_C91231,C91231,0.7854993342967284
SV1_C93606,C93606,0.9358706027828357
SV1_C58227,C58227,0.8368600792620043
SV1_C19808,C19808,0.882746023820239
SV1_C79876,C79876,0.9834268359547687
SV1_C75006,C75006,0.9033682458491238
SV1_C70892,C70892,0.9003246926356885
SV1_C04211,C04211,0.8306526334415865
SV1_C93682,C93682,0.8614401842522411
SV1_C12677,C12677,0.9776354377824804
SV1_C45665,C45665,0.9364166556929264
SV1_C02442,C02442,0.8711085325323424
SV1_C88316,C88316,0.7824084205000023
SV1_C63081,C63081,0.8463480491145379
SV1_C04290,C04290,0.8354001657672995
SV1_C60106,C60106,0.9773255599995999
SV1_C67298,C67298,0.999021815570479
SV1_C21686,C21686,0.8457069411521939
SV1_C46215,C46215,0.9865012428869099
SV1_C17400,C17400,0.8760683418026708
SV1_C73812,C73812,0.9581354642375945
SV1_C90605,C90605,0.9251811348235025
SV1_C15084,C15084,0.8532132606902478
SV1_C49812,C49812,0.8903684334313524
SV1_C12716,C12716,0.7614202696613425
SV1_C43866,C43866,0.9044792847094167
SV1_C45082,C45082,0.9381446803182624
SV1_C90043,C90043,0.7754042119445151
SV1_C57022,C57022,0.8461632464420912
SV1_C08423,C08423,0.9436218262503475
SV1_C25818,C25818,0.9298349702115658
SV1_C100309,C100309,0.9494565899124451
SV1_C93046,C93046,0.8558894491485506
SV1_C46905,C46905,0.9917444033236075
SV1_C91287,C91287,0.8918214904732342
SV1_C73270,C73270,0.8831938014201225
SV1_C11469,C11469,0.9906685046437981
SV1_C90654,C90654,0.8913883075486322
SV1_C90110,C90110,0.9692931041965985
SV1_C68487,C68487,0.8469261705331453
SV1_C22805,C22805,0.8830152017145217
SV1_C27028,C27028,0.8765823665203001
SV1_C00633,C00633,0.9694844698572176
SV1_C32410,C32410,0.9106679473968669
SV1_C79818,C79818,0.9025602200609568
SV1_C93076,C93076,0.9054769777551623
SV1_C90607,C90607,0.8856292752314089
SV1_C15028,C15028,0.8380032328987681
SV1_C58813,C58813,0.9778604092964268
SV1_C13846,C13846,0.9098553806823847
SV1_C49263,C49263,0.9157260423012714
SV1_C64208,C64208,0.9319110713041802
SV1_C10270,C10270,0.9248401214751587
SV1_C28232,C28232,0.9471192356194145
SV1_C28235,C28235,0.8683425118494909
SV1_C78682,C78682,0.8927093520119385
SV1_C90615,C90615,0.9198599808341157
SV1_C47453,C47453,0.9745306176915657
SV1_C04876,C04876,0.9004083621164207
SV1_C43280,C43280,0.8352391928243008
SV1_C83483,C83483,0.9325535345927164
SV1_C44472,C44472,0.8672363408594647
SV1_C95401,C95401,0.9836333792701082
SV1_C50420,C50420,0.7887473432890754
SV1_C67872,C67872,0.8238489702655697
SV1_C27693,C27693,0.9022409361456235
SV1_C45692,C45692,0.7414092456678604
SV1_C60045,C60045,0.8892393836610625
SV1_C01281,C01281,0.9740313929914267
SV1_C45716,C45716,0.7798808652636147
SV1_C32414,C32414,0.9162704728241169
SV1_C87636,C87636,0.8252870472217417
SV1_C30077,C30077,0.9507879061969332
SV1_C49239,C49239,0.7624691447840736
SV1_C12003,C12003,0.8419680420121425
SV1_C41407,C41407,0.9995631249358814
SV1_C77506,C77506,0.8015671759890605
SV1_C32519,C32519,0.9084079430723885
SV1_C90051,C90051,0.9816117827427249
SV1_C60078,C60078,0.959651248675044
SV1_C12035,C12035,0.9974909396565109
SV1_C72103,C72103,0.9580145082389621
SV1_C26510,C26510,0.9542538321752866
SV1_C90108,C90108,0.9848042314350127
SV1_C91856,C91856,0.9313210518986443
SV1_C33080,C33080,0.9933592829345825
SV1_C65447,C65447,0.8653151700182897
SV1_C69007,C69007,0.8950813425876011
SV1_C15003,C15003,0.8930810138902616
SV1_C25806,C25806,0.8949680205355333
SV1_C10849,C10849,0.780948597632742
SV1_C19886,C19886,0.828676480651561
SV1_C77422,C77422,0.8525864652495935
SV1_C34280,C34280,0.8941875811048675
SV1_C99010,C99010,0.9462973452006679
SV1_C41423,C41423,0.8617363697910512
SV1_C34205,C34205,0.81479901669088
SV1_C67307,C67307,0.9001216961880827
SV1_C50426,C50426,0.888591440917867
SV1_C90114,C90114,0.9285311631782189
SV1_C69693,C69693,0.7693373262344729
SV1_C70880,C70880,0.9052385551307138
SV1_C98510,C98510,0.9250884416261614
SV1_C68441,C68441,0.8142158000245856
SV1_C45041,C45041,0.8707938166034136
SV1_C82894,C82894,0.8309539403021619
SV1_C61809,C61809,0.9377701029194424
SV1_C73805,C73805,0.9638435762808969
SV1_C06078,C06078,0.9174047137856972
SV1_C60037,C60037,0.8225864329389002
SV1_C75083,C75083,0.8649563628260416
SV1_C72606,C72606,0.9151816556471009
SV1_C17420,C17420,0.7844417707630772
SV1_C100318,C100318,0.9345971613103518
SV1_C04819,C04819,0.9100090266174647
SV1_C33089,C33089,0.8358479019980187
SV1_C25288,C25288,0.9095376524445699
SV1_C78670,C78670,0.7901891145745704
SV1_C75046,C75046,0.869215101750581
SV1_C49861,C49861,0.9761057209295307
SV1_C39019,C39019,0.9222056411892903
SV1_C64207,C64207,0.8326767602074411
SV1_C07227,C07227,0.8937503875113998
SV1_C11407,C11407,0.8628645031039989
SV1_C49844,C49844,0.9064194996207687
SV1_C51027,C51027,0.9889571922094051
SV1_C63630,C63630,0.7630726551801416
SV1_C04890,C04890,0.7960413417623146
SV1_C12031,C12031,0.9997300691216329
SV1_C91809,C91809,0.9257630186675975
SV1_C82286,C82286,0.8729318004581406
SV1_C82897,C82897,0.8609120530334474
SV1_C51100,C51100,0.8128578405183245
SV1_C85203,C85203,0.7919666600568597
SV1_C65514,C65514,0.8780818573070118
SV1_C93695,C93695,0.7694216955745544
SV1_C10282,C10282,0.9403377781229145
SV1_C27616,C27616,0.9121990366776054
SV1_C73833,C73833,0.932352049505665
SV1_C43270,C43270,0.7640221266489914
SV1_C49881,C49881,0.8518656749395276
SV1_C91267,C91267,0.8778438576128706
SV1_C60023,C60023,0.8565446681411316
SV1_C87698,C87698,0.9690166489879605
SV1_C15631,C15631,0.8331212621994273
SV1_C72094,C72094,0.9275880565382415
SV1_C87111,C87111,0.838720446519977
SV1_C44502,C44502,0.9732485715665616
SV1_C90090,C90090,0.9119647559918654
SV1_C38419,C38419,0.9144032847043286
SV1_C69000,C69000,0.9881382807014075
SV1_C87108,C87108,0.9803785165779738
SV1_C52825,C52825,0.9460928621295305
SV1_C72627,C72627,0.8719445574041997
SV1_C16876,C16876,0.9006896993501445
SV1_C01837,C01837,0.9886154858603835
SV1_C78001,C78001,0.959980087766776
SV1_C58807,C58807,0.9407001022040173
SV1_C13304,C13304,0.7551554309889692
SV1_C43802,C43802,0.9434345716400606
SV1_C96707,C96707,0.9847542464669077
SV1_C50416,C50416,0.8630456422218473
SV1_C00112,C00112,0.9147705781936544
SV1_C99632,C99632,0.9933603955506888
SV1_C44484,C44484,0.8348688051821312
SV1_C84093,C84093,0.7728634222676957
SV1_C10204,C10204,0.9854476876212811
SV1_C03627,C03627,0.9488165526702406
SV1_C60043,C60043,0.7596047651391471
SV1_C06014,C06014,0.9307649201087667
SV1_C15624,C15624,0.8265289773687917
SV1_C09631,C09631,0.9482421788238284
SV1_C52906,C52906,0.874217127470743
SV1_C18093,C18093,0.7946855303764413
SV1_C56415,C56415,0.8850068739939098
SV1_C34901,C34901,0.8539912102830831
SV1_C25217,C25217,0.989530611042931
SV1_C60719,C60719,0.8141247530276918
SV1_C76215,C76215,0.8368338410333569
SV1_C73820,C73820,0.9232456492718816
SV1_C23484,C23484,0.8081468163962651
SV1_C77406,C77406,0.8777192698834402
SV1_C48097,C48097,0.9553801854029415
SV1_C19878,C19878,0.8584565174390325
SV1_C49260,C49260,0.9325457573226604
SV1_C42619,C42619,0.9472333982258048
SV1_C13803,C13803,0.8014835184822873
SV1_C04220,C04220,0.7416967808035335
SV1_C64884,C64884,0.8091206246466219
SV1_C45636,C45636,0.7905860822491257
SV1_C64818,C64818,0.8577262087424021
SV1_C71519,C71519,0.751518377225286
SV1_C16205,C16205,0.9120739560440089
SV1_C50433,C50433,0.8799629876066518
SV1_C13211,C13211,0.7721877323502101
SV1_C47491,C47491,0.8257390274040701
SV1_C97825,C97825,0.9159854825183479
SV1_C11457,C11457,0.7662489841745134
SV1_C69046,C69046,0.9451576832794225
SV1_C44489,C44489,0.7940363121377734
SV1_C92414,C92414,0.9392130037349403
SV1_C01272,C01272,0.9734883296435116
SV1_C20441,C20441,0.9030794938257537
SV1_C10817,C10817,0.8973372070388237
SV1_C75015,C75015,0.8499133674900219
SV1_C21684,C21684,0.7547373731563787
SV1_C11482,C11482,0.8987035532109241
SV1_C91298,C91298,0.9498857534038035
SV1_C25841,C25841,0.889179426235655
SV1_C71442,C71442,0.7665372323379639
SV1_C83507,C83507,0.879448892281627
SV1_C08427,C08427,0.923394719116481
SV1_C73200,C73200,0.9715924162127879
SV1_C97245,C97245,0.9154807422104815
SV1_C63675,C63675,0.9110935345964074
SV1_C98427,C98427,0.9941666978190631
SV1_C10316,C10316,0.7898247322173162
SV1_C61286,C61286,0.9706938878396365
SV1_C31895,C31895,0.7939003043253889
SV1_C73874,C73874,0.9096096588248487
SV1_C74424,C74424,0.8639391082563077
SV1_C46910,C46910,0.9626875526628554
SV1_C79814,C79814,0.8789962686119662
SV1_C24012,C24012,0.9616317520475443
SV1_C39611,C39611,0.9690057453225417
SV1_C73238,C73238,0.9966678960828184
SV1_C63028,C63028,0.8058339055004291
SV1_C63036,C63036,0.8257985949679035
SV1_C24622,C24622,0.8616143917009053
SV1_C75604,C75604,0.9475794907031142
SV1_C94802,C94802,0.9463104608541112
SV1_C49838,C49838,0.8458859901439898
SV1_C93058,C93058,0.9105556235439698
SV1_C91828,C91828,0.9080115110460313
SV1_C70311,C70311,0.7782665485011724
SV1_C30623,C30623,0.8101174293209062
SV1_C76210,C76210,0.8873125230785629
SV1_C30119,C30119,0.8383074559024019
SV1_C87036,C87036,0.8320967809387223
SV1_C12061,C12061,0.7174645777907047
SV1_C00604,C00604,0.9926835713316313
SV1_C25808,C25808,0.9385634524868126
SV1_C81696,C81696,0.8880807881442683
SV1_C87662,C87662,0.9150185292137033
SV1_C71421,C71421,0.9913686001878088
SV1_C96029,C96029,0.9702350395836943
SV1_C97311,C97311,0.9823562429512827
SV1_C12028,C12028,0.9310669597724816
SV1_C93111,C93111,0.763691536394632
SV1_C54673,C54673,0.9178071448976736
SV1_C31911,C31911,0.7864242249734785
SV1_C13295,C13295,0.8334350948916293
SV1_C43830,C43830,0.7744898262908089
SV1_C66119,C66119,0.7100733776624878
SV1_C84679,C84679,0.7562946025789068
SV1_C45675,C45675,0.8771493946577054
SV1_C92505,C92505,0.8631393693193858
SV1_C99013,C99013,0.9698006293386707
SV1_C24623,C24623,0.8545828312350235
SV1_C60035,C60035,0.8397076582784545
SV1_C12023,C12023,0.8840461340693718
SV1_C43849,C43849,0.9960238615315065
SV1_C75094,C75094,0.9240350971731948
SV1_C07877,C07877,0.9990601235946154
SV1_C87655,C87655,0.9995388419547957
SV1_C62439,C62439,0.8610845552364274
SV1_C33605,C33605,0.8472965481727542
SV1_C28225,C28225,0.9155671763801062
SV1_C73879,C73879,0.8342197733536122
SV1_C87038,C87038,0.9017041683669391
SV1_C87653,C87653,0.8184044202098945
SV1_C18693,C18693,0.800982829513264
SV1_C73855,C73855,0.9246271866323915
SV1_C30684,C30684,0.9474979425521471
SV1_C84623,C84623,0.8912057697465319
SV1_C40212,C40212,0.8856729520384674
SV1_C07246,C07246,0.9218084456853644
SV1_C81602,C81602,0.9005719459587268
SV1_C55235,C55235,0.9656850010744404
SV1_C18015,C18015,0.8910943974000728
SV1_C97244,C97244,0.8870609641266396
SV1_C16280,C16280,0.900357900798794
SV1_C79206,C79206,0.880309454433906
SV1_C70877,C70877,0.8848494888138699
SV1_C33099,C33099,0.8242331823828636
SV1_C17478,C17478,0.8176679665985322
SV1_C60677,C60677,0.9019807409198766
SV1_C54633,C54633,0.9907514610178647
SV1_C27100,C27100,0.9497028993831179
SV1_C43888,C43888,0.7487990921765315
SV1_C07269,C07269,0.9606589694316802
SV1_C92466,C92466,0.9727329450648676
SV1_C91832,C91832,0.9031541756132913
SV1_C76317,C76317,0.7856105527528007
SV1_C67293,C67293,0.7375659702494203
SV1_C12008,C12008,0.9138062204549456
SV1_C02418,C02418,0.9128951546114078
SV1_C67236,C67236,0.8748730825402199
SV1_C87680,C87680,0.8121178560810042
SV1_C74415,C74415,0.850921996490178
SV1_C07874,C07874,0.9480233136046156
SV1_C32480,C32480,0.9981677729635079
SV1_C94822,C94822,0.964446549388463
SV1_C06088,C06088,0.9332098457234453
SV1_C92456,C92456,0.9464039678247724
SV1_C64914,C64914,0.8719104075718733
SV1_C61822,C61822,0.8650521188176357
SV1_C07224,C07224,0.8593028596170574
SV1_C76312,C76312,0.8453137722522988
SV1_C14401,C14401,0.9139739989510567
SV1_C31207,C31207,0.8804334531006028
SV1_C91244,C91244,0.7628645112908806
SV1_C70905,C70905,0.8059428339080575
SV1_C30017,C30017,0.9019461314374397
SV1_C79878,C79878,0.9262320024505756
SV1_C64803,C64803,0.7751564029773532
SV1_C45682,C45682,0.9501974028353974
SV1_C64220,C64220,0.9314135529068996
SV1_C73848,C73848,0.7631384704511278
SV1_C48052,C48052,0.9372869686547658
SV1_C34209,C34209,0.8314044855776186
SV1_C88270,C88270,0.8190722541025502
SV1_C21607,C21607,0.9809558573536595
SV1_C60710,C60710,0.9621057416698083
SV1_C94814,C94814,0.9384483973935901
SV1_C88317,C88317,0.7831967379352175
SV1_C10835,C10835,0.9758672202989683
SV1_C64843,C64843,0.8004725772328449
SV1_C100273,C100273,0.9290022112243715
SV1_C78062,C78062,0.8581562000287554
SV1_C45620,C45620,0.8396300664451177
SV1_C94286,C94286,0.8299620911011797
SV1_C69636,C69636,0.8311256127907626
SV1_C60010,C60010,0.9872379727901068
SV1_C55891,C55891,0.9593518732778447
SV1_C75624,C75624,0.9044672938208307
SV1_C18631,C18631,0.9352017946696244
SV1_C30619,C30619,0.8835114134864819
SV1_C74464,C74464,0.8515841936334781
SV1_C53410,C53410,0.9001779818408057
SV1_C89464,C89464,0.8299487908524839
SV1_C61821,C61821,0.8538049531702381
SV1_C65404,C65404,0.9676318340154042
SV1_C12039,C12039,0.9755981983927644
SV1_C85220,C85220,0.8597744512774879
SV1_C80408,C80408,0.9376393458737585
SV1_C43916,C43916,0.7829764566875567
SV1_C72050,C72050,0.8660861848403825
SV1_C19243,C19243,0.8718158645165168
SV1_C41419,C41419,0.9705132335600081
SV1_C74472,C74472,0.9398855366034723
SV1_C49252,C49252,0.9250093483744085
SV1_C88282,C88282,0.8771092431629277
SV1_C13907,C13907,0.7977475263024901
SV1_C95496,C95496,0.8235705213240866
SV1_C20435,C20435,0.9817297061591722
SV1_C58903,C58903,0.8848119556384988
SV1_C55899,C55899,0.8083447139296224
SV1_C04217,C04217,0.9061923138835933
SV1_C07871,C07871,0.8931094749386834
SV1_C08497,C08497,0.8445072467418766
SV1_C12001,C12001,0.9074084496895882
SV1_C63645,C63645,0.8097993841965438
SV1_C18011,C18011,0.8826270559106325
SV1_C24684,C24684,0.8375816268245488
SV1_C76826,C76826,0.9301613563073842
SV1_C24077,C24077,0.8642373551544846
SV1_C21040,C21040,0.9115140783427571
SV1_C60642,C60642,0.7968006602265132
SV1_C93710,C93710,0.9321352315797076
SV1_C67888,C67888,0.7871563121644564
SV1_C37210,C37210,0.8910472684020095
SV1_C35497,C35497,0.870184655611401
SV1_C21078,C21078,0.9222696352468523
SV1_C21624,C21624,0.9777424040392662
SV1_C12600,C12600,0.958573275685819
SV1_C74515,C74515,0.922257297484628
SV1_C14435,C14435,0.8532447126025803
SV1_C01302,C01302,0.8590967813973134
SV1_C23488,C23488,0.8864020267971326
SV1_C42617,C42617,0.8342191011025207
SV1_C04275,C04275,0.8939478815124803
SV1_C78007,C78007,0.7620303606021359
SV1_C01215,C01215,0.811656118850912
SV1_C94916,C94916,0.7778232713771527
SV1_C46831,C46831,0.8037440023320949
SV1_C01825,C01825,0.9613356038088654
SV1_C45683,C45683,0.8721254663997341
SV1_C45069,C45069,0.8365540884078531
SV1_C54029,C54029,0.9784064799919686
SV1_C39620,C39620,0.9937425693893839
SV1_C50493,C50493,0.9446020766609347
SV1_C07274,C07274,0.9454627229311405
SV1_C26404,C26404,0.915990744344565
SV1_C51035,C51035,0.989894473966372
SV1_C49899,C49899,0.7754693076454886
SV1_C93715,C93715,0.9811727494879441
SV1_C31889,C31889,0.8292232088312689
SV1_C23414,C23414,0.9263608188336969
SV1_C71506,C71506,0.810590777089187
SV1_C47454,C47454,0.9438135054335345
SV1_C63010,C63010,0.8862087902361739
SV1_C60678,C60678,0.9732262793197088
SV1_C61274,C61274,0.9891573740200632
SV1_C50516,C50516,0.7030034773729934
SV1_C49208,C49208,0.8749985262171153
SV1_C65402,C65402,0.9345357605354196
SV1_C48669,C48669,0.8305432003630885
SV1_C13306,C13306,0.7631908839556666
SV1_C78681,C78681,0.9533260927058517
SV1_C28272,C28272,0.7877316602434213
SV1_C27102,C27102,0.9280747963144681
SV1_C07304,C07304,0.8382889463033644
SV1_C37813,C37813,0.8985832214721207
SV1_C25318,C25318,0.9226006065636853
SV1_C25880,C25880,0.869298408788336
SV1_C17403,C17403,0.8838101575692896
SV1_C77438,C77438,0.9323611006311187
SV1_C76843,C76843,0.8528138072141205
SV1_C77469,C77469,0.9076253904957357
SV1_C48012,C48012,0.7749149621977641
SV1_C30694,C30694,0.7318382607899169
SV1_C51088,C51088,0.8965197435843103
SV1_C55901,C55901,0.9407306298339096
SV1_C60686,C60686,0.9500858183539849
SV1_C38417,C38417,0.9565058689546743
SV1_C63020,C63020,0.9022499038314695
SV1_C44413,C44413,0.8378019732171553
SV1_C91201,C91201,0.9218557405951445
SV1_C82876,C82876,0.9425282907764868
SV1_C84076,C84076,0.8349173808678826
SV1_C73907,C73907,0.9685311269470654
SV1_C91274,C91274,0.9846799324259905
SV1_C78086,C78086,0.8739569248607604
SV1_C90098,C90098,0.9718736969984206
SV1_C04208,C04208,0.9522381896823576
SV1_C01201,C01201,0.9972703361888715
SV1_C02512,C02512,0.9192688285258944
SV1_C96017,C96017,0.9471105596595045
SV1_C63628,C63628,0.8199217929065983
SV1_C72034,C72034,0.9878502962212834
SV1_C78665,C78665,0.8951486142823999
SV1_C73308,C73308,0.906966276754659
SV1_C96607,C96607,0.8470877433943742
SV1_C40808,C40808,0.8434230115836763
SV1_C92441,C92441,0.8296784124388435
SV1_C22291,C22291,0.7568250961653915
SV1_C52228,C52228,0.9282621174035339
SV1_C57701,C57701,0.9094889990189664
SV1_C55913,C55913,0.9317877132297903
SV1_C100302,C100302,0.9310430508799724
SV1_C46879,C46879,0.9002169273555924
SV1_C12113,C12113,0.7381295744021271
SV1_C78672,C78672,0.965154413970509
SV1_C53430,C53430,0.9116175867598298
SV1_C63617,C63617,0.9005836833894969
SV1_C77451,C77451,0.7768023843214237
SV1_C67835,C67835,0.8925505091801693
SV1_C03702,C03702,0.901198144792177
SV1_C44499,C44499,0.8650163528825018
SV1_C78614,C78614,0.9327272140196728
SV1_C13800,C13800,0.9986172444315993
SV1_C76824,C76824,0.9689103608852392
SV1_C49317,C49317,0.8691656351553908
SV1_C98478,C98478,0.8187196661299438
SV1_C54711,C54711,0.9517806042577858
SV1_C59475,C59475,0.8355700617638241
SV1_C56481,C56481,0.767845154176748
SV1_C68400,C68400,0.9915765346148627
SV1_C65503,C65503,0.8974216269280143
SV1_C69101,C69101,0.9424799880009069
SV1_C96612,C96612,0.9863920572434682
SV1_C96644,C96644,0.8647343318893674
SV1_C90625,C90625,0.8459658152993014
SV1_C13233,C13233,0.932934513952932
SV1_C13265,C13265,0.77969333942061
SV1_C66710,C66710,0.974487072833737
SV1_C88835,C88835,0.8429087660413846
SV1_C11511,C11511,0.9775243944103255
SV1_C82808,C82808,0.9525126894247025
SV1_C19215,C19215,0.8576291148837456
SV1_C77400,C77400,0.9290844678078831
SV1_C87690,C87690,0.9269425385931526
SV1_C07313,C07313,0.783125878795443
SV1_C15041,C15041,0.8732927239037361
SV1_C60630,C60630,0.8037353697448418
SV1_C36602,C36602,0.8829110910536717
SV1_C51003,C51003,0.8736628288251854
SV1_C23404,C23404,0.9036808782343808
SV1_C87660,C87660,0.757078692133266
SV1_C62430,C62430,0.742625498971084
SV1_C79313,C79313,0.8770815152844498
SV1_C03693,C03693,0.8752394916057735
SV1_C45076,C45076,0.8764330165774148
SV1_C76282,C76282,0.8791968820376358
SV1_C78711,C78711,0.7730163724059494
SV1_C58231,C58231,0.8366407074079133
SV1_C78072,C78072,0.967242466189467
SV1_C27039,C27039,0.8693144079250585
SV1_C44441,C44441,0.8601523554712618
SV1_C89488,C89488,0.8660913253027812
SV1_C63604,C63604,0.9272681040417777
SV1_C67239,C67239,0.8605182126210456
SV1_C92478,C92478,0.9872798295236118
SV1_C54090,C54090,0.9053126332063733
SV1_C19216,C19216,0.8290705704025998
SV1_C46830,C46830,0.7631893010945269
SV1_C07851,C07851,0.878250552516326
SV1_C64310,C64310,0.839422480739704
SV1_C78053,C78053,0.8483288170788479
SV1_C28883,C28883,0.9709514233137797
SV1_C61232,C61232,0.8478249579680366
SV1_C88276,C88276,0.8311821143618519
SV1_C26472,C26472,0.8664560802181306
SV1_C00009,C00009,0.9994327663783271
SV1_C63601,C63601,0.9294832879904859
SV1_C23411,C23411,0.9926015274558654
SV1_C05410,C05410,0.8799689593228703
SV1_C77428,C77428,0.990204945631744
SV1_C66687,C66687,0.8365286006039495
SV1_C92416,C92416,0.9138840552057974
SV1_C65488,C65488,0.7669971989081668
SV1_C90655,C90655,0.9675444613516644
SV1_C14439,C14439,0.8626849377125747
SV1_C91212,C91212,0.9379002767001482
SV1_C66089,C66089,0.8395096835429208
SV1_C43308,C43308,0.9829359819290919
SV1_C11424,C11424,0.9004406730207376
SV1_C06041,C06041,0.8635580742741766
SV1_C33075,C33075,0.9593588882854944
SV1_C76290,C76290,0.8375311972223045
SV1_C96638,C96638,0.9498497228833226
SV1_C13901,C13901,0.7685244344152051
SV1_C75040,C75040,0.8317065307652622
SV1_C43904,C43904,0.9932061291053232
SV1_C06673,C06673,0.8193376218740156
SV1_C89476,C89476,0.8584153615728696
SV1_C98474,C98474,0.8088122265147826
SV1_C33712,C33712,0.8723329743368728
SV1_C74514,C74514,0.8598958928990302
SV1_C33684,C33684,0.9425157695390531
SV1_C78628,C78628,0.9395661488810338
SV1_C90631,C90631,0.8146592301519469
SV1_C27624,C27624,0.9102396868173226
SV1_C45625,C45625,0.8040577103637774
SV1_C51677,C51677,0.987565864838217
SV1_C31287,C31287,0.9991458313410363
SV1_C25903,C25903,0.8405054467203495
SV1_C08511,C08511,0.9796511612947898
SV1_C90623,C90623,0.8970897989126911
SV1_C09706,C09706,0.9160108370279398
SV1_C45083,C45083,0.8620532594388065
SV1_C99602,C99602,0.9167424312438961
SV1_C82885,C82885,0.9188404775617556
SV1_C16837,C16837,0.9069543244745516
SV1_C55840,C55840,0.8759444229879483
SV1_C93633,C93633,0.9909230772537125
SV1_C15013,C15013,0.9269666955470204
SV1_C71494,C71494,0.8793559658556005
SV1_C28914,C28914,0.8659598109294947
SV1_C69638,C69638,0.7968620704529631
SV1_C77495,C77495,0.8604682787608432
SV1_C18600,C18600,0.8784391794362523
SV1_C87085,C87085,0.8067251784577518
SV1_C02498,C02498,0.8804735275803199
SV1_C61878,C61878,0.9977860827952278
SV1_C94902,C94902,0.9210471025234981
SV1_C17443,C17443,0.7896516679870352
SV1_C85295,C85295,0.8104478161964511
SV1_C12668,C12668,0.9383448995437341
SV1_C90670,C90670,0.7941277992559765
SV1_C44455,C44455,0.7989554528242767
SV1_C18075,C18075,0.8888840790623961
SV1_C71438,C71438,0.8282422318719951
SV1_C48054,C48054,0.914413736774361
SV1_C28804,C28804,0.8915948326266955
SV1_C79200,C79200,0.9283399477204703
SV1_C23478,C23478,0.890531265906612
SV1_C58825,C58825,0.8270011879315555
SV1_C07908,C07908,0.8296562869384186
SV1_C46282,C46282,0.9610525714283883
SV1_C09679,C09679,0.8855214937113177
SV1_C20475,C20475,0.8257835595445999
SV1_C42618,C42618,0.8976082484500693
SV1_C89423,C89423,0.880611978427803
SV1_C35484,C35484,0.9775160848469204
SV1_C88293,C88293,0.9764712496688286
SV1_C90063,C90063,0.9720521588179167
SV1_C22207,C22207,0.9839995444337342
SV1_C83478,C83478,0.8550613226301019
SV1_C18019,C18019,0.8843370125229959
SV1_C58208,C58208,0.9510642989164942
SV1_C06072,C06072,0.8174379774967977
SV1_C55826,C55826,0.9415556379548288
SV1_C35417,C35417,0.9494699519783386
SV1_C67218,C67218,0.8700267056667522
SV1_C31313,C31313,0.9241475473275015
SV1_C80509,C80509,0.9034172925666354
SV1_C54078,C54078,0.8630344337238925
SV1_C00029,C00029,0.9565329803352337
SV1_C55900,C55900,0.9472809342614757
SV1_C33084,C33084,0.9658133935960718
SV1_C76249,C76249,0.7431589760988354
SV1_C73912,C73912,0.856011481019156
SV1_C31807,C31807,0.8767161865152556
SV1_C81684,C81684,0.9285071066276602
SV1_C09007,C09007,0.8802203588136233
SV1_C96106,C96106,0.9200468728649749
SV1_C06032,C06032,0.9215051062927647
SV1_C67884,C67884,0.8417999499543274
SV1_C44506,C44506,0.9741856933312989
SV1_C33021,C33021,0.9005356987099159
SV1_C69091,C69091,0.8576711084572389
SV1_C73807,C73807,0.8639341291221275
SV1_C75703,C75703,0.9705092546004869
SV1_C78004,C78004,0.9655621423397466
SV1_C82274,C82274,0.9152170254870723
SV1_C33085,C33085,0.9527687988798683
SV1_C06084,C06084,0.8325081216809915
SV1_C20444,C20444,0.8098116722062831
SV1_C37200,C37200,0.8294386604071198
SV1_C99022,C99022,0.8982350650432102
SV1_C73889,C73889,0.8494594535654492
SV1_C04909,C04909,0.8652568850297382
SV1_C07237,C07237,0.9145473609146371
SV1_C00099,C00099,0.8023946296522633
SV1_C93614,C93614,0.9274997402907585
SV1_C81117,C81117,0.8270025494309687
SV1_C89502,C89502,0.974622968011196
SV1_C91801,C91801,0.9100865684627907
SV1_C28915,C28915,0.7382848990767754
SV1_C98494,C98494,0.8460358703325453
SV1_C56515,C56515,0.8067586594867632
SV1_C03032,C03032,0.9874356410452687
SV1_C85208,C85208,0.8910399592975254
SV1_C16287,C16287,0.948469746903277
SV1_C17441,C17441,0.8363719466571932
SV1_C19230,C19230,0.8408409594262758
SV1_C55812,C55812,0.960000703195108
SV1_C70837,C70837,0.8964637739478627
SV1_C05447,C05447,0.9171123809057824
SV1_C16804,C16804,0.8827882948082876
SV1_C24013,C24013,0.9512488161158721
SV1_C27108,C27108,0.9417386540896472
SV1_C70312,C70312,0.8336230328371458
SV1_C78633,C78633,0.9361547621159716
SV1_C72056,C72056,0.7614652477095033
SV1_C73228,C73228,0.8855831886047448
SV1_C84088,C84088,0.9043048607843868
SV1_C02424,C02424,0.9756981356587471
SV1_C91872,C91872,0.9401524655331751
SV1_C09662,C09662,0.8473249969472256
SV1_C72636,C72636,0.9025161531808723
SV1_C51117,C51117,0.753500136061859
SV1_C00095,C00095,0.803075505087805
SV1_C49816,C49816,0.8603151953065141
SV1_C33086,C33086,0.8590716758689865
SV1_C57017,C57017,0.9650084667282309
SV1_C13815,C13815,0.8049253074125334
SV1_C82892,C82892,0.7453660926299945
SV1_C22241,C22241,0.8851843191238887
SV1_C76238,C76238,0.9179826177043473
SV1_C60073,C60073,0.8888733463878612
SV1_C47484,C47484,0.8925754431439659
SV1_C60631,C60631,0.8399705686442885
SV1_C09002,C09002,0.930789852401307
SV1_C70890,C70890,0.9515560823653322
SV1_C25899,C25899,0.8330064034675427
SV1_C73281,C73281,0.9530823563641856
SV1_C73856,C73856,0.7635427256195289
SV1_C66014,C66014,0.9177997332975665
SV1_C60119,C60119,0.8118946019573571
SV1_C76263,C76263,0.9215453395469818
SV1_C99630,C99630,0.96772382225116
SV1_C99027,C99027,0.9598513266776364
SV1_C100292,C100292,0.8536435596815224
SV1_C15081,C15081,0.9195206780775513
SV1_C55823,C55823,0.7586300536226694
SV1_C63118,C63118,0.8709087401100785
SV1_C23472,C23472,0.7938594778183662
SV1_C60018,C60018,0.978935331513665
SV1_C03685,C03685,0.9756854335577985
SV1_C54017,C54017,0.8653951401291772
SV1_C12679,C12679,0.8496096792395099
SV1_C78023,C78023,0.8947766624582906
SV1_C34802,C34802,0.8355855313494923
SV1_C84608,C84608,0.9241146464438231
SV1_C96634,C96634,0.9361462311221402
SV1_C34299,C34299,0.8658555382979269
SV1_C91805,C91805,0.9155484899087001
SV1_C93645,C93645,0.8185089726803912
SV1_C91875,C91875,0.929363784330351
SV1_C27718,C27718,0.8237898002855298
SV1_C31899,C31899,0.8142479865285253
SV1_C01807,C01807,0.8157540141947646
SV1_C43294,C43294,0.7801021299359799
SV1_C46247,C46247,0.8465021438935607
SV1_C65420,C65420,0.7870664890636048
SV1_C93625,C93625,0.9801414590140771
SV1_C04881,C04881,0.8961755657670979
SV1_C53411,C53411,0.8703810531845199
SV1_C62404,C62404,0.8828304852277882
SV1_C79888,C79888,0.7962517983421258
SV1_C100228,C100228,0.9855966253758707
SV1_C54719,C54719,0.9123973178075607
SV1_C92476,C92476,0.9308355484808479
SV1_C88830,C88830,0.8685459149469971
SV1_C48621,C48621,0.8675226305915915
SV1_C57047,C57047,0.958676655670567
SV1_C47481,C47481,0.9564809002565925
SV1_C91817,C91817,0.966626510952881
SV1_C14473,C14473,0.9236058566774568
SV1_C44466,C44466,0.9065661059673054
SV1_C76262,C76262,0.7993317357704463
SV1_C66097,C66097,0.957320017434267
SV1_C91918,C91918,0.748396286398411
SV1_C64904,C64904,0.9036845404730316
SV1_C10310,C10310,0.8992780006403029
SV1_C63046,C63046,0.8081624399100709
SV1_C73840,C73840,0.8518646815562646
SV1_C91251,C91251,0.9371496050371849
SV1_C91241,C91241,0.7687751680568773
SV1_C03082,C03082,0.8754053819906776
SV1_C23475,C23475,0.7942307923564107
SV1_C05428,C05428,0.9007653535635549
SV1_C42022,C42022,0.8966823972193397
SV1_C100314,C100314,0.9898003496044067
SV1_C18613,C18613,0.8931922065883873
SV1_C67208,C67208,0.9820834711846851
SV1_C28303,C28303,0.8521186511169627
SV1_C04899,C04899,0.8951244926589188
SV1_C11439,C11439,0.9665120274408446
SV1_C15010,C15010,0.9436875072060711
SV1_C11413,C11413,0.9347987924124658
SV1_C48675,C48675,0.9155829677218448
SV1_C74487,C74487,0.9041345926491376
SV1_C12020,C12020,0.8796589890111938
SV1_C71497,C71497,0.8264227260107474
SV1_C22888,C22888,0.8767395942554513
SV1_C43261,C43261,0.9848635254835656
SV1_C61819,C61819,0.913936567366471
SV1_C66118,C66118,0.916739237720976
SV1_C77473,C77473,0.9353894881859686
SV1_C45643,C45643,0.7393562402560174
SV1_C46225,C46225,0.8014631375745892
SV1_C94817,C94817,0.9387296080966524
SV1_C13213,C13213,0.9812726678502233
SV1_C46234,C46234,0.7716111172240558
SV1_C24112,C24112,0.927503936091883
SV1_C57719,C57719,0.8198859471665023
SV1_C00716,C00716,0.9254756865711778
SV1_C59491,C59491,0.8308464667044335
SV1_C63700,C63700,0.8820859512636631
SV1_C99021,C99021,0.8400700768724104
SV1_C65491,C65491,0.787239120857575
SV1_C75714,C75714,0.8384064955323864
SV1_C91896,C91896,0.9228760141050075
SV1_C17433,C17433,0.8776641621080373
SV1_C20411,C20411,0.7977795473730117
SV1_C09013,C09013,0.9766966873507731
SV1_C20492,C20492,0.8063856304099065
SV1_C40818,C40818,0.9179614627246353
SV1_C43219,C43219,0.9408607893742368
SV1_C03673,C03673,0.9421082874767454
SV1_C63627,C63627,0.9082892890418572
SV1_C03113,C03113,0.9056342730856817
SV1_C07822,C07822,0.9995698874097292
SV1_C96079,C96079,0.8922286669718311
SV1_C16802,C16802,0.9297549834949226
SV1_C60094,C60094,0.8459048754238261
SV1_C88302,C88302,0.9723321642583204
SV1_C59499,C59499,0.8935853417521986
SV1_C12612,C12612,0.953156290449058
SV1_C26490,C26490,0.9598797914099569
SV1_C09600,C09600,0.9903662013712525
SV1_C79281,C79281,0.9888353040059614
SV1_C61288,C61288,0.9553107911093817
SV1_C68418,C68418,0.8658234256420224
SV1_C49266,C49266,0.9670925256396786
SV1_C78070,C78070,0.7873506672269069
SV1_C65435,C65435,0.856484623067781
SV1_C49803,C49803,0.8268624641028629
SV1_C02412,C02412,0.978381475449126
SV1_C51047,C51047,0.8693347942359434
SV1_C69683,C69683,0.9210701672658276
SV1_C100306,C100306,0.9423846380547146
SV1_C23518,C23518,0.9155511272100376
SV1_C48108,C48108,0.9441784892213136
SV1_C07299,C07299,0.9869933614015843
SV1_C84711,C84711,0.9023335582061972
SV1_C49275,C49275,0.8886889994849355
SV1_C97203,C97203,0.8466982460406446
SV1_C55206,C55206,0.9149894560777088
SV1_C72648,C72648,0.7633678894028799
SV1_C45671,C45671,0.779734911419814
SV1_C88303,C88303,0.8365701898746141
SV1_C38413,C38413,0.8982733620024409
SV1_C62445,C62445,0.8367391363374892
SV1_C91238,C91238,0.8046897002296098
SV1_C14476,C14476,0.9105182547568272
SV1_C75050,C75050,0.8546895925426895
SV1_C59474,C59474,0.9419690832790929
SV1_C58201,C58201,0.968450988423274
SV1_C90102,C90102,0.9730478991259625
SV1_C94846,C94846,0.866703067990204
SV1_C09653,C09653,0.7958175742974075
SV1_C55895,C55895,0.8822948095309406
SV1_C82292,C82292,0.7295912142112971
SV1_C93623,C93623,0.9990082992354404
SV1_C06696,C06696,0.8568785025778123
SV1_C09680,C09680,0.981203343293891
SV1_C54001,C54001,0.8767344667298022
SV1_C02501,C02501,0.9095344085752959
SV1_C93061,C93061,0.9692239080168037
SV1_C66690,C66690,0.9162067290934621
SV1_C97276,C97276,0.8974911254530878
SV1_C56434,C56434,0.8935091060383616
SV1_C13311,C13311,0.8248018023336351
SV1_C75042,C75042,0.9405101979548427
SV1_C78674,C78674,0.89503241251565
SV1_C70907,C70907,0.7865857209580405
SV1_C100300,C100300,0.8924199707248963
SV1_C54072,C54072,0.9560152243344224
SV1_C28892,C28892,0.7893948047388268
SV1_C91214,C91214,0.9825782234799529
SV1_C39003,C39003,0.9554758230308034
SV1_C45053,C45053,0.9990710998191548
SV1_C73213,C73213,0.9557550284834561
SV1_C49915,C49915,0.9311236151882617
SV1_C90054,C90054,0.9084195660531488
SV1_C58211,C58211,0.9461614516721587
SV1_C98437,C98437,0.9239887157590311
SV1_C78098,C78098,0.7545898603807629
SV1_C85876,C85876,0.9914321070983317
SV1_C64811,C64811,0.7839371285330383
SV1_C09659,C09659,0.9189016842714474
SV1_C69606,C69606,0.9459523238975793
SV1_C37822,C37822,0.9855590547724354
SV1_C24683,C24683,0.8292976093983967
SV1_C67880,C67880,0.8363537930525696
SV1_C45708,C45708,0.9859091512290982
SV1_C65423,C65423,0.9929609177150894
SV1_C78666,C78666,0.8601222530792493
SV1_C81104,C81104,0.9028538450348137
SV1_C18694,C18694,0.8675049397850944
SV1_C93063,C93063,0.7992837181770646
SV1_C72027,C72027,0.8766706799602514
SV1_C61884,C61884,0.8633683757064374
SV1_C80418,C80418,0.9023789579501863
SV1_C78641,C78641,0.8343676397514044
SV1_C89413,C89413,0.9440853210047667
SV1_C72063,C72063,0.9101076749999873
SV1_C85211,C85211,0.7915219387440546
SV1_C57113,C57113,0.9789370771128711
SV1_C78639,C78639,0.8155072319110743
SV1_C67206,C67206,0.9543104814986132
SV1_C67313,C67313,0.896117278118692
SV1_C91215,C91215,0.9246209022008177
SV1_C05475,C05475,0.9863733871128766
SV1_C44465,C44465,0.9362601969149101
SV1_C03618,C03618,0.8981567925201419
SV1_C21010,C21010,0.9007058856685588
SV1_C73223,C73223,0.9297111982035952
SV1_C29475,C29475,0.9650278179892388
SV1_C44482,C44482,0.9249991871068991
SV1_C81023,C81023,0.9610873608702382
SV1_C07844,C07844,0.7919899728374339
SV1_C90624,C90624,0.8486001522887743
SV1_C13894,C13894,0.9641850755761903
SV1_C73274,C73274,0.9106906876955353
SV1_C31222,C31222,0.8517902021533552
SV1_C09634,C09634,0.9209328075212011
SV1_C51007,C51007,0.8758533550187527
SV1_C64874,C64874,0.9062367604238902
SV1_C85313,C85313,0.8937759364276914
SV1_C53438,C53438,0.8905500172756053
SV1_C60615,C60615,0.9427427699644961
SV1_C42611,C42611,0.9735897307218095
SV1_C79822,C79822,0.9305566299755119
SV1_C49839,C49839,0.7970732548010346
SV1_C84703,C84703,0.9183704161805476
SV1_C09627,C09627,0.9494744802758688
SV1_C64306,C64306,0.8350169855343543
SV1_C97902,C97902,0.8810125331947978
SV1_C33091,C33091,0.9569768946368217
SV1_C92428,C92428,0.9129909540018515
SV1_C87050,C87050,0.9311761956399898
SV1_C85917,C85917,0.9525051344110479
SV1_C46802,C46802,0.9358462652440367
SV1_C43265,C43265,0.9316570023313308
SV1_C89506,C89506,0.975726481374813
SV1_C51074,C51074,0.9028220448889694
SV1_C84117,C84117,0.8260554329103772
SV1_C72618,C72618,0.8999553098208155
SV1_C13845,C13845,0.8076500233458234
SV1_C22813,C22813,0.9357875575523068
SV1_C06675,C06675,0.9899691861400411
SV1_C72706,C72706,0.8850614893558721
SV1_C80497,C80497,0.8748241170847687
SV1_C45686,C45686,0.9279839388343896
SV1_C60095,C60095,0.7692532308152459
SV1_C51706,C51706,0.8791965464815248
SV1_C77502,C77502,0.8011058951766389
SV1_C91240,C91240,0.7692235770870435
SV1_C62511,C62511,0.8924704747160978
SV1_C25875,C25875,0.8554385861982299
SV1_C21036,C21036,0.8823471740382929
SV1_C01226,C01226,0.875425787742691
SV1_C20403,C20403,0.798550840334416
SV1_C48610,C48610,0.850424406635397
SV1_C44483,C44483,0.851186130139786
SV1_C54707,C54707,0.9198973770800432
SV1_C26429,C26429,0.9418058481827716
SV1_C34302,C34302,0.8501451341843195
SV1_C07885,C07885,0.9733494481538827
SV1_C74459,C74459,0.9210846199346826
SV1_C64315,C64315,0.8631379607634262
SV1_C91278,C91278,0.9848137656735849
SV1_C02484,C02484,0.9990942985432362
SV1_C16805,C16805,0.9089229224395204
SV1_C07279,C07279,0.8518155916070913
SV1_C75027,C75027,0.9185978794593928
SV1_C99099,C99099,0.8562086876492623
SV1_C88256,C88256,0.7524147043553907
SV1_C73241,C73241,0.9102221112186124
SV1_C07866,C07866,0.8547846712771109
SV1_C55839,C55839,0.8935918605491889
SV1_C58311,C58311,0.8650361843257957
SV1_C56501,C56501,0.973722833953836
SV1_C04818,C04818,0.8614312578045872
SV1_C79816,C79816,0.8814995228862895
SV1_C82289,C82289,0.8574739174301215
SV1_C19803,C19803,0.7933050940940741
SV1_C90076,C90076,0.8822714497869523
SV1_C95519,C95519,0.8515520491613431
SV1_C35507,C35507,0.8893133572232789
SV1_C59512,C59512,0.8477696574228296
SV1_C90111,C90111,0.8272564693479858
SV1_C96608,C96608,0.9941547159198503
SV1_C60634,C60634,0.8112054766574551
SV1_C98442,C98442,0.8937278495821697
SV1_C03036,C03036,0.9991541000913832
SV1_C43205,C43205,0.8569309070036101
SV1_C44468,C44468,0.8488067704803501
SV1_C37221,C37221,0.9988861478767093
SV1_C00073,C00073,0.9530487758047322
SV1_C88801,C88801,0.8999807301841641
SV1_C91867,C91867,0.8086674648680642
SV1_C92407,C92407,0.8613224937361749
SV1_C94205,C94205,0.9745060681691232
SV1_C04820,C04820,0.7310989966829832
SV1_C61292,C61292,0.8665812170349936
SV1_C65477,C65477,0.8710904533849115
SV1_C84077,C84077,0.8474887022317047
SV1_C67229,C67229,0.8668440922081283
SV1_C34818,C34818,0.9586486466954368
SV1_C69712,C69712,0.889129525859444
SV1_C04228,C04228,0.9559708375855439
SV1_C71400,C71400,0.7775464563764576
SV1_C96627,C96627,0.9899797496026448
SV1_C52895,C52895,0.9227941073004803
SV1_C97243,C97243,0.9062113549286459
SV1_C56425,C56425,0.9327616223749442
SV1_C24114,C24114,0.9939284119632699
SV1_C54037,C54037,0.955245732832521
SV1_C20420,C20420,0.9171742629607081
SV1_C76916,C76916,0.7475846241185364
SV1_C89407,C89407,0.8703066197549264
SV1_C75111,C75111,0.9597203956586972
SV1_C87685,C87685,0.8184217267711483
SV1_C94917,C94917,0.7604004585438677
SV1_C90634,C90634,0.815117110633828
SV1_C01817,C01817,0.940760966226473
SV1_C57092,C57092,0.7481122975750049
SV1_C61907,C61907,0.9135783151910132
SV1_C09030,C09030,0.9207989089901816
SV1_C10225,C10225,0.8573846125858002
SV1_C25244,C25244,0.8322077846267187
SV1_C43815,C43815,0.9856067046248214
SV1_C57645,C57645,0.8868896614069537
SV1_C46869,C46869,0.8412008693135123
SV1_C50474,C50474,0.9037495542195664
SV1_C63101,C63101,0.916863623375475
SV1_C72640,C72640,0.865709296739312
SV1_C93002,C93002,0.8583707773741195
SV1_C70310,C70310,0.8533458879089302
SV1_C87675,C87675,0.8151608340443021
SV1_C75707,C75707,0.9701960005067436
SV1_C10262,C10262,0.8505085028961268
SV1_C90031,C90031,0.82934347198924
SV1_C70845,C70845,0.8593206820121934
SV1_C75023,C75023,0.9209497678092509
SV1_C09669,C09669,0.9859140763217732
SV1_C01228,C01228,0.9793226049109418
SV1_C07263,C07263,0.9372321411481359
SV1_C47458,C47458,0.9456306948783233
SV1_C78668,C78668,0.8246497108715801
SV1_C22905,C22905,0.8984322731835072
SV1_C44519,C44519,0.870385992589684
SV1_C97904,C97904,0.8142244743033819
SV1_C63006,C63006,0.8872702889162617
SV1_C10808,C10808,0.9706670521367083
SV1_C22230,C22230,0.8790427053136592
SV1_C99678,C99678,0.8597660520537398
SV1_C97874,C97874,0.8103675536208214
SV1_C29405,C29405,0.9114320470039718
SV1_C21676,C21676,0.7471195577247549
SV1_C81705,C81705,0.888334507430142
SV1_C89477,C89477,0.8877731609791386
SV1_C09711,C09711,0.9849682135139266
SV1_C10247,C10247,0.9864823304316902
SV1_C12669,C12669,0.9299318501328843
SV1_C16874,C16874,0.8281743162871347
SV1_C19280,C19280,0.7885741846615741
SV1_C30115,C30115,0.7709636445901217
SV1_C09045,C09045,0.7934800943385246
SV1_C78096,C78096,0.7549344381004086
SV1_C52887,C52887,0.9519554885503659
SV1_C16245,C16245,0.9574443675937578
SV1_C100230,C100230,0.9592506317582358
SV1_C18610,C18610,0.911313166416386
SV1_C55813,C55813,0.964132729939675
SV1_C19819,C19819,0.8399035791221905
SV1_C77420,C77420,0.8018814343817887
SV1_C67280,C67280,0.8340907423101575
SV1_C58919,C58919,0.8173255456882543
SV1_C38414,C38414,0.9005610276008843
SV1_C01296,C01296,0.9210584256442979
SV1_C37223,C37223,0.9031974310434263
SV1_C69620,C69620,0.9479601955882943
SV1_C89516,C89516,0.7816841624337634
SV1_C85277,C85277,0.9893843308355893
SV1_C71473,C71473,0.8762932085480554
SV1_C28817,C28817,0.9050687248252579
SV1_C40211,C40211,0.9801658304526651
SV1_C52317,C52317,0.7485086058295998
SV1_C02503,C02503,0.802458597970801
SV1_C64830,C64830,0.9035278181414647
SV1_C72016,C72016,0.9120178192349299
SV1_C49228,C49228,0.7902233767565714
SV1_C55806,C55806,0.9554780933093417
SV1_C58893,C58893,0.8841008182585911
SV1_C63003,C63003,0.8382851870880169
SV1_C13884,C13884,0.9680356562436371
SV1_C93083,C93083,0.9050901251956149
SV1_C25202,C25202,0.9029470221003305
SV1_C92502,C92502,0.8398339623171482
SV1_C85884,C85884,0.9678908053481806
SV1_C76227,C76227,0.9519203842769421
SV1_C67919,C67919,0.7169475683030192
SV1_C01285,C01285,0.9876638452319146
SV1_C25834,C25834,0.8828728103693504
SV1_C52919,C52919,0.9342345288859503
SV1_C73243,C73243,0.8734572530821743
SV1_C90039,C90039,0.8175947793108544
SV1_C27081,C27081,0.9143690859691896
SV1_C10805,C10805,0.9654753499900925
SV1_C33110,C33110,0.8599555407598369
SV1_C78095,C78095,0.8168854131623678
SV1_C45697,C45697,0.9977046582321245
SV1_C07238,C07238,0.9532205226691574
SV1_C65437,C65437,0.9030848975206958
SV1_C49806,C49806,0.8494426032835991
SV1_C75633,C75633,0.9025780635332856
SV1_C91882,C91882,0.9991452347961545
SV1_C99019,C99019,0.8924198316325607
SV1_C47467,C47467,0.8147182399228081
SV1_C56447,C56447,0.9884620188165474
SV1_C73286,C73286,0.8898021071731762
SV1_C56436,C56436,0.9064171257554179
SV1_C00618,C00618,0.9173480271497967
SV1_C30106,C30106,0.8520725295367559
SV1_C70286,C70286,0.8810405146264427
SV1_C24108,C24108,0.9057554664040995
SV1_C18636,C18636,0.8273097978460027
SV1_C07902,C07902,0.9102885420150147
SV1_C13859,C13859,0.7733503947790363
SV1_C25836,C25836,0.9735273300818404
SV1_C73217,C73217,0.9045092908787239
SV1_C88232,C88232,0.8150239534006988
SV1_C99003,C99003,0.8371544869565756
SV1_C17424,C17424,0.8390117728227057
SV1_C22823,C22823,0.8550160632166284
SV1_C48077,C48077,0.9653882648096548
SV1_C58295,C58295,0.759576806148995
SV1_C54021,C54021,0.7885851371691542
SV1_C42021,C42021,0.9089349117484534
SV1_C43855,C43855,0.7990127508424972
SV1_C45090,C45090,0.8383914110318018
SV1_C95513,C95513,0.7937709126493758
SV1_C27697,C27697,0.9886488481685193
SV1_C05429,C05429,0.9444553961599949
SV1_C08457,C08457,0.7975074063466466
SV1_C52905,C52905,0.8071830564063875
SV1_C18017,C18017,0.8943696599889991
SV1_C81688,C81688,0.8516901796468863
SV1_C34202,C34202,0.8145156513279803
SV1_C55209,C55209,0.9327107856395968
SV1_C94905,C94905,0.8192012395689373
SV1_C79882,C79882,0.9215840684710651
SV1_C42606,C42606,0.9280546767790627
SV1_C20430,C20430,0.834104306722891
SV1_C52880,C52880,0.9856482995525093
SV1_C18630,C18630,0.8537181742782138
SV1_C49869,C49869,0.8295384724681918
SV1_C53492,C53492,0.9329894382684684
SV1_C46233,C46233,0.8022207379786288
SV1_C72022,C72022,0.9787870524762051
SV1_C18086,C18086,0.9101276358496352
SV1_C89467,C89467,0.9314266175436061
SV1_C76278,C76278,0.880479811072802
SV1_C10895,C10895,0.9067739583547877
SV1_C45058,C45058,0.9679503397473214
SV1_C09054,C09054,0.7746777150293478
SV1_C51600,C51600,0.859424947306844
SV1_C07825,C07825,0.8949650704388022
SV1_C95474,C95474,0.8621312717198083
SV1_C75103,C75103,0.9721293118255109
SV1_C06632,C06632,0.9197465860856318
SV1_C100303,C100303,0.8768162769790552
SV1_C01238,C01238,0.8960832080131544
SV1_C11437,C11437,0.863876104526118
SV1_C12619,C12619,0.8431868630240107
SV1_C00102,C00102,0.833439772090439
SV1_C70205,C70205,0.9283016985823528
SV1_C27098,C27098,0.9268134681773138
SV1_C52817,C52817,0.8777679987406187
SV1_C48017,C48017,0.7868187764844993
SV1_C53413,C53413,0.8837587065969881
SV1_C93646,C93646,0.8334547200992356
SV1_C27096,C27096,0.948919536591049
SV1_C16889,C16889,0.8586465178843893
SV1_C04877,C04877,0.8858758848717712
SV1_C58884,C58884,0.9522892285286364
SV1_C71414,C71414,0.912348273125722
SV1_C54698,C54698,0.8486686565099344
SV1_C96712,C96712,0.7912428380533844
SV1_C56412,C56412,0.9820220211490229
SV1_C62409,C62409,0.9108471474542259
SV1_C55279,C55279,0.9828937607089608
SV1_C17488,C17488,0.8325486099330115
SV1_C75601,C75601,0.9417890668190391
SV1_C48658,C48658,0.9438013599356483
SV1_C27711,C27711,0.8181476052460105
SV1_C24016,C24016,0.9841833900620894
SV1_C100288,C100288,0.8829956893673332
SV1_C04831,C04831,0.8877534496073958
SV1_C27110,C27110,0.9230945997492521
SV1_C63694,C63694,0.8167883221573873
SV1_C96001,C96001,0.9872865621906587
SV1_C97884,C97884,0.9669290460273774
SV1_C89492,C89492,0.9442609098077136
SV1_C93689,C93689,0.8846277056403674
SV1_C95412,C95412,0.9796283415397299
SV1_C60690,C60690,0.8445070898416266
SV1_C10279,C10279,0.8910750053858053
SV1_C55816,C55816,0.9270647890030309
SV1_C43256,C43256,0.9891721190097365
SV1_C48064,C48064,0.8782717108215907
SV1_C07875,C07875,0.8524952678280913
SV1_C70913,C70913,0.7612835646257229
SV1_C84719,C84719,0.8385950936201312
SV1_C98514,C98514,0.943780633910464
SV1_C02479,C02479,0.7910609824335071
SV1_C70891,C70891,0.9254074138478746
SV1_C70309,C70309,0.8084103586050844
SV1_C94912,C94912,0.7592043396566299
SV1_C59433,C59433,0.8331794551996916
SV1_C44405,C44405,0.8523165983916352
SV1_C73882,C73882,0.9090401230220382
SV1_C54686,C54686,0.8913641389552306
SV1_C15630,C15630,0.9628730249457406
SV1_C66643,C66643,0.7815293149231912
SV1_C63113,C63113,0.818673440919589
SV1_C65485,C65485,0.8859974959792382
SV1_C18616,C18616,0.8538319334948608
SV1_C54647,C54647,0.9659174787233298
SV1_C08436,C08436,0.8554577153857219
SV1_C27619,C27619,0.8333008584779363
SV1_C25821,C25821,0.9241728407725585
SV1_C79309,C79309,0.8972039423081841
SV1_C61312,C61312,0.832722256456383
SV1_C47442,C47442,0.8493347025217403
SV1_C02505,C02505,0.9192456112063615
SV1_C85916,C85916,0.9563731716971509
SV1_C65476,C65476,0.8105259478994098
SV1_C03680,C03680,0.9711172378390382
SV1_C80496,C80496,0.890077100538368
SV1_C12705,C12705,0.7364101423656415
SV1_C06034,C06034,0.998936710291603
SV1_C06611,C06611,0.9635899196586554
SV1_C46889,C46889,0.8434613928632206
SV1_C45676,C45676,0.8865499415007564
SV1_C55225,C55225,0.999709421439778
SV1_C34300,C34300,0.815410860496927
SV1_C85919,C85919,0.8545649766206271
SV1_C13256,C13256,0.766566981977736
SV1_C68493,C68493,0.7556099811291305
SV1_C73903,C73903,0.9693816660656231
SV1_C81609,C81609,0.9402738968664512
SV1_C76895,C76895,0.8838569813176826
SV1_C64312,C64312,0.8793965706356258
SV1_C01824,C01824,0.9759510387140893
SV1_C22200,C22200,0.8803312970501376
SV1_C41412,C41412,0.8425575083996486
SV1_C74469,C74469,0.9557487016185728
SV1_C70303,C70303,0.802752386093346
SV1_C31290,C31290,0.8312728934069882
SV1_C74486,C74486,0.8872456863970589
SV1_C90703,C90703,0.8290267217676442
SV1_C78114,C78114,0.8256260703801359
SV1_C15015,C15015,0.90777118755748
SV1_C94896,C94896,0.8233462864118454
SV1_C07863,C07863,0.9454657400653077
SV1_C13843,C13843,0.9001286215298985
SV1_C100307,C100307,0.8871700510086918
SV1_C51044,C51044,0.7681849745962748
SV1_C22817,C22817,0.9595180102870143
SV1_C63603,C63603,0.8170591066107745
SV1_C75052,C75052,0.7588937974162252
SV1_C51718,C51718,0.8539279998744432
SV1_C75672,C75672,0.9188111078190183
SV1_C61275,C61275,0.8640262430054333
SV1_C94240,C94240,0.9649353568105336
SV1_C55905,C55905,0.9463605817126298
SV1_C46244,C46244,0.9755417917398304
SV1_C10870,C10870,0.9286521559323908
SV1_C19279,C19279,0.8085028455367212
SV1_C89412,C89412,0.9209205718292838
SV1_C49301,C49301,0.8251347634710179
SV1_C10299,C10299,0.9997978258773663
SV1_C89418,C89418,0.9773068589870881
SV1_C72669,C72669,0.938045109924
SV1_C19872,C19872,0.9019312986769121
SV1_C64878,C64878,0.9121697888747219
SV1_C12602,C12602,0.9016379289334606
SV1_C93055,C93055,0.7630907902401316
SV1_C47485,C47485,0.9339152979703575
SV1_C77466,C77466,0.8737571028928273
SV1_C22910,C22910,0.9594986433909151
SV1_C72716,C72716,0.8274639505957917
SV1_C93020,C93020,0.8454171747510963
SV1_C86516,C86516,0.7792339974240213
SV1_C53422,C53422,0.819797481890191
SV1_C56444,C56444,0.7703225336986896
SV1_C57617,C57617,0.9640742709525357
SV1_C43271,C43271,0.7709035985832356
SV1_C22832,C22832,0.9920687909289809
SV1_C95479,C95479,0.8965926622296664
SV1_C30605,C30605,0.9062772086194254
SV1_C00703,C00703,0.8029183370846368
SV1_C77412,C77412,0.925111058083776
SV1_C85875,C85875,0.8280035506490938
SV1_C94901,C94901,0.8208902415329561
SV1_C28218,C28218,0.7932145057817053
SV1_C70280,C70280,0.873702912356061
SV1_C57679,C57679,0.8276868119466084
SV1_C79813,C79813,0.9155549187668923
SV1_C46819,C46819,0.9392812874916724
SV1_C57097,C57097,0.9806700694361054
SV1_C60117,C60117,0.9204149141738953
SV1_C96010,C96010,0.9541836386695448
SV1_C09701,C09701,0.8443538360339088
SV1_C75684,C75684,0.8954040636713602
SV1_C50400,C50400,0.8629914292517491
SV1_C82907,C82907,0.8979542961918734
SV1_C78074,C78074,0.8920372716995678
SV1_C39011,C39011,0.9555299997544189
SV1_C72068,C72068,0.9408283141472302
SV1_C63041,C63041,0.8415701833777236
SV1_C61808,C61808,0.9131687023595645
SV1_C11466,C11466,0.875627143694622
SV1_C94208,C94208,0.9787553604982304
SV1_C13297,C13297,0.7511020751304325
SV1_C13254,C13254,0.8191948302861576
SV1_C30097,C30097,0.8297290537432395
SV1_C87712,C87712,0.9420142640451278
SV1_C54113,C54113,0.7876988791269568
SV1_C34809,C34809,0.8509731630652811
SV1_C70315,C70315,0.7220174287354864
SV1_C85280,C85280,0.9737912566355278
SV1_C70217,C70217,0.9257239316613585
SV1_C24047,C24047,0.8418148574377355
SV1_C81093,C81093,0.7357428043238768
SV1_C87069,C87069,0.7983613774024626
SV1_C84090,C84090,0.9042426718514094
SV1_C75113,C75113,0.8629660922195571
SV1_C76244,C76244,0.8207899082899082
SV1_C15674,C15674,0.8372841697981079
SV1_C32485,C32485,0.956227583607919
SV1_C91873,C91873,0.9721325345380448
SV1_C53481,C53481,0.9700590330125781
SV1_C24028,C24028,0.9979558674027716
SV1_C64841,C64841,0.8566337415800666
SV1_C65493,C65493,0.7107135736027257
SV1_C67898,C67898,0.9997118603523015
SV1_C79883,C79883,0.9867588722204009
SV1_C59486,C59486,0.9179136972985971
SV1_C97834,C97834,0.9063620461314612
SV1_C21677,C21677,0.7924772593667093
SV1_C14423,C14423,0.903318198521931
SV1_C52304,C52304,0.8091628676357384
SV1_C10863,C10863,0.9686235018883639
SV1_C93687,C93687,0.9166753172707809
SV1_C08479,C08479,0.8707655399259978
SV1_C16277,C16277,0.924881295142793
SV1_C79276,C79276,0.9812933156966732
SV1_C00613,C00613,0.9918349203673975
SV1_C07907,C07907,0.9898719648144876
SV1_C85813,C85813,0.898597897458482
SV1_C91300,C91300,0.968578840391852
SV1_C21689,C21689,0.8404842972475944
SV1_C59432,C59432,0.849145453282718
SV1_C49878,C49878,0.8847357570409364
SV1_C65484,C65484,0.8188195741995185
SV1_C90089,C90089,0.8862443191674024
SV1_C15677,C15677,0.9269864723262222
SV1_C64304,C64304,0.8967334178289339
SV1_C83419,C83419,0.9088025249938748
SV1_C91319,C91319,0.8800989459525355
SV1_C98497,C98497,0.8567952108340957
SV1_C90067,C90067,0.9216930653011064
SV1_C45004,C45004,0.8587993037227846
SV1_C68443,C68443,0.7815758847938264
SV1_C66618,C66618,0.8687321589310464
SV1_C89447,C89447,0.8074731134897682
SV1_C48666,C48666,0.9256116146731294
SV1_C90694,C90694,0.976087168820543
SV1_C31897,C31897,0.8477608992850902
SV1_C96717,C96717,0.7641585477929627
SV1_C69689,C69689,0.8987467826912408
SV1_C52914,C52914,0.9248582080463973
SV1_C92490,C92490,0.91737871616807
SV1_C70290,C70290,0.9247748419628115
SV1_C27006,C27006,0.8119299129783614
SV1_C04804,C04804,0.9172309085431202
SV1_C25845,C25845,0.8498014831092334
SV1_C19204,C19204,0.8718819221041642
SV1_C66688,C66688,0.7802148107367155
SV1_C06031,C06031,0.9112439787344144
SV1_C99672,C99672,0.8831678928282496
SV1_C49904,C49904,0.8520551162412238
SV1_C22838,C22838,0.873890749521267
SV1_C15619,C15619,0.8991464281464202
SV1_C22289,C22289,0.8535791083390725
SV1_C83407,C83407,0.8064948101852704
SV1_C70299,C70299,0.8039525107824271
SV1_C24009,C24009,0.9132238421536213
SV1_C62408,C62408,0.8866505801167742
SV1_C79318,C79318,0.7798303203677728
SV1_C28208,C28208,0.7913333352369942
SV1_C53424,C53424,0.9531446668892763
SV1_C60031,C60031,0.8409937270375881
SV1_C23504,C23504,0.8704902027804008
SV1_C95432,C95432,0.9759415255256466
SV1_C72708,C72708,0.9037276345937674
SV1_C05479,C05479,0.9862957082708076
SV1_C39604,C39604,0.8306908583189543
SV1_C84712,C84712,0.8511931578488923
SV1_C15608,C15608,0.8929589683633672
SV1_C86484,C86484,0.7827917445007696
SV1_C63021,C63021,0.9185908663719705
SV1_C34823,C34823,0.9573574679860684
SV1_C95403,C95403,0.8433135817472757
SV1_C70818,C70818,0.9012257377880003
SV1_C01223,C01223,0.7714010527781628
SV1_C46903,C46903,0.8598057060899109
SV1_C27007,C27007,0.8994113749206037
SV1_C59487,C59487,0.8590983648545623
SV1_C61287,C61287,0.8581308140140966
SV1_C34295,C34295,0.8125381683029548
SV1_C60707,C60707,0.9011325389736172
SV1_C24607,C24607,0.986595023488536
SV1_C52846,C52846,0.8387855527074837
SV1_C48006,C48006,0.9039583950152974
SV1_C56517,C56517,0.8384848270120463
SV1_C27109,C27109,0.9495525305222579
SV1_C47516,C47516,0.7621001997688374
SV1_C31820,C31820,0.8406470708817612
SV1_C76276,C76276,0.8960715713053536
SV1_C22913,C22913,0.9547987678582524
SV1_C15680,C15680,0.9038875340234598
SV1_C64815,C64815,0.821260361051589
SV1_C66092,C66092,0.7319285083647157
SV1_C57643,C57643,0.7496161381274175
SV1_C61827,C61827,0.8540021187001834
SV1_C22294,C22294,0.9292716005567369
SV1_C27034,C27034,0.8074186920707624
SV1_C22876,C22876,0.7818716364625619
SV1_C90707,C90707,0.8289972996025899
SV1_C69009,C69009,0.9946270419604227
SV1_C36023,C36023,0.9004384217476158
SV1_C87658,C87658,0.9288437267467812
SV1_C94319,C94319,0.8556538012656373
SV1_C13839,C13839,0.8352866175805843
SV1_C89468,C89468,0.816966427459388
SV1_C30013,C30013,0.9167831917903592
SV1_C50472,C50472,0.9996937883061491
SV1_C78099,C78099,0.8228569350420335
SV1_C72045,C72045,0.7608995147318737
SV1_C10834,C10834,0.8816825072545649
SV1_C43305,C43305,0.9957487390447435
SV1_C51717,C51717,0.7513503329177668
SV1_C77415,C77415,0.8252381850100214
SV1_C77443,C77443,0.8768055672237655
SV1_C31813,C31813,0.9062560132294365
SV1_C06090,C06090,0.8706062615143327
SV1_C43204,C43204,0.8676439954375199
SV1_C36606,C36606,0.8827664049685248
SV1_C46837,C46837,0.7912667031792556
SV1_C98505,C98505,0.8753354680814327
SV1_C75061,C75061,0.7563758859482256
SV1_C31894,C31894,0.7629165590804251
SV1_C80512,C80512,0.8951259206752542
SV1_C72084,C72084,0.9191238595988678
SV1_C96690,C96690,0.8750677072978896
SV1_C65407,C65407,0.7814470621867695
SV1_C44477,C44477,0.9001513444006531
SV1_C27707,C27707,0.8249346982604948
SV1_C96094,C96094,0.8195604193466217
SV1_C88843,C88843,0.8050108816402907
SV1_C31213,C31213,0.9105236606434259
SV1_C49860,C49860,0.9483990583045966
SV1_C25884,C25884,0.8765192345603336
SV1_C53513,C53513,0.7998034952623089
SV1_C27676,C27676,0.8159545327054689
SV1_C67874,C67874,0.9525633093618362
SV1_C00642,C00642,0.8622153465394725
SV1_C09107,C09107,0.9966359350858802
SV1_C06711,C06711,0.9430566980796481
SV1_C72631,C72631,0.8756290509655829
SV1_C60028,C60028,0.8509940947150132
SV1_C25223,C25223,0.8510508605424567
SV1_C10236,C10236,0.8240259964974287
SV1_C66109,C66109,0.9288991072993744
SV1_C26442,C26442,0.7843867294325428
SV1_C70835,C70835,0.9447188094762196
SV1_C75004,C75004,0.9607212863825987
SV1_C97843,C97843,0.9099461509047521
SV1_C90698,C90698,0.9661503122394975
SV1_C60081,C60081,0.8882746660049423
SV1_C28273,C28273,0.7975932165508719
SV1_C01909,C01909,0.9348212335609394
SV1_C76261,C76261,0.8058066529468124
SV1_C49813,C49813,0.8827387182933791
SV1_C96045,C96045,0.8781256526818296
SV1_C72055,C72055,0.9262920092086745
SV1_C91283,C91283,0.906447613030661
SV1_C01224,C01224,0.9747684216302419
SV1_C84097,C84097,0.8106638340135928
SV1_C96632,C96632,0.963132862450684
SV1_C82312,C82312,0.8928676984634064
SV1_C46885,C46885,0.9223586146086349
SV1_C48677,C48677,0.9491110996653789
SV1_C66006,C66006,0.9418599326972447
SV1_C90693,C90693,0.9505314339776801
SV1_C93119,C93119,0.7637722817432426
SV1_C30102,C30102,0.8567744260170599
SV1_C59503,C59503,0.8923176687870673
SV1_C96611,C96611,0.8623456106710256
SV1_C09647,C09647,0.9915147618921399
SV1_C31802,C31802,0.9148023086384786
SV1_C72002,C72002,0.915013687193166
SV1_C07918,C07918,0.9179951831131465
SV1_C65518,C65518,0.9102471645037147
SV1_C72073,C72073,0.9522969215438593
SV1_C41406,C41406,0.9582172631425636
SV1_C12711,C12711,0.9016008711129766
SV1_C14428,C14428,0.8442896924896591
SV1_C04878,C04878,0.8622058492774617
SV1_C00018,C00018,0.9167119727654899
SV1_C72072,C72072,0.9450556247002392
SV1_C03631,C03631,0.9534961108963589
SV1_C68473,C68473,0.890870837176722
SV1_C28877,C28877,0.9213936813626988
SV1_C74481,C74481,0.9493408683884038
SV1_C34310,C34310,0.8244328825263373
SV1_C75691,C75691,0.9558955800118233
SV1_C13237,C13237,0.9052815358823815
SV1_C30018,C30018,0.9224369464750768
SV1_C88848,C88848,0.7544901727476504
SV1_C43827,C43827,0.7818457799639073
SV1_C75017,C75017,0.8944097199488554
SV1_C27700,C27700,0.983648853726395
SV1_C41417,C41417,0.8992394722636643
SV1_C48069,C48069,0.8416937839897578
SV1_C23512,C23512,0.9244976119648902
SV1_C55889,C55889,0.7810667278791991
SV1_C47495,C47495,0.7818523729476701
SV1_C23420,C23420,0.9130109013074568
SV1_C25317,C25317,0.8945566244976082
SV1_C55289,C55289,0.8436796598274777
SV1_C56484,C56484,0.7825971860683537
SV1_C25214,C25214,0.9194613623520482
SV1_C45706,C45706,0.9747205761822056
SV1_C80417,C80417,0.8807726396086767
SV1_C13852,C13852,0.785160083764902
SV1_C46899,C46899,0.860738371974993
SV1_C91236,C91236,0.8460261976291278
SV1_C71446,C71446,0.8399017017497987
SV1_C70884,C70884,0.9557859293876044
SV1_C52894,C52894,0.9943007481402778
SV1_C67892,C67892,0.7541624911236012
SV1_C65483,C65483,0.8169150927673027
SV1_C46912,C46912,0.9359804249102232
SV1_C73316,C73316,0.8243643742587169
SV1_C24081,C24081,0.8721601845027481
SV1_C44491,C44491,0.7945769323764386
SV1_C06617,C06617,0.8625215089748615
SV1_C35400,C35400,0.8208174688298835
SV1_C45007,C45007,0.9998533907582814
SV1_C98436,C98436,0.9160468589609022
SV1_C57694,C57694,0.825660361372452
SV1_C76279,C76279,0.8560921362855559
SV1_C60005,C60005,0.9629719324505103
SV1_C85205,C85205,0.8957212832889544
SV1_C91829,C91829,0.9085646999411401
SV1_C01883,C01883,0.776263734566188
SV1_C84105,C84105,0.8255883905026024
SV1_C18009,C18009,0.8993395436348237
SV1_C43803,C43803,0.9984436109064537
SV1_C09717,C09717,0.8074761997651454
SV1_C60044,C60044,0.856118606166201
SV1_C66617,C66617,0.8823716177158947
SV1_C29519,C29519,0.8226412158785597
SV1_C89486,C89486,0.8906110220192153
SV1_C67806,C67806,0.9585150286244833
SV1_C78623,C78623,0.9041731068125954
SV1_C96105,C96105,0.8196961128843975
SV1_C69715,C69715,0.7693087877094404
SV1_C18606,C18606,0.9059147976030186
SV1_C61910,C61910,0.9764615548621768
SV1_C61217,C61217,0.9425807583986996
SV1_C28890,C28890,0.8107861707681018
SV1_C13871,C13871,0.8419693036481118
SV1_C56491,C56491,0.9202711286287979
SV1_C02431,C02431,0.9750619230011991
SV1_C92474,C92474,0.9873121971970675
SV1_C91264,C91264,0.9371290384420863
SV1_C13883,C13883,0.7294914506414492
SV1_C30014,C30014,0.9362047482813769
SV1_C27703,C27703,0.8248944686153856
SV1_C74431,C74431,0.9058866232420264
SV1_C00629,C00629,0.9612348306817633
SV1_C85314,C85314,0.9189470939535602
SV1_C72611,C72611,0.8607587894636669
SV1_C48091,C48091,0.8367404909996528
SV1_C45661,C45661,0.9907962214751572
SV1_C03601,C03601,0.9751902024327542
SV1_C22898,C22898,0.8989431600728434
SV1_C10894,C10894,0.8247150435566452
SV1_C64826,C64826,0.8967634899387078
SV1_C02519,C02519,0.805507862931105
SV1_C58310,C58310,0.9247230547496855
SV1_C69083,C69083,0.8602487504391807
SV1_C84080,C84080,0.8284345429331929
SV1_C87034,C87034,0.8947983176239066
SV1_C03091,C03091,0.7994670205803303
SV1_C00003,C00003,0.8203925049526832
SV1_C87669,C87669,0.7972716393904118
SV1_C54083,C54083,0.972540319815803
SV1_C46834,C46834,0.7637522083429725
SV1_C06701,C06701,0.8514203755038048
SV1_C70825,C70825,0.9053458569609084
SV1_C04311,C04311,0.8246240974983345
SV1_C57003,C57003,0.9064012953121909
SV1_C85898,C85898,0.8402083285845223
SV1_C75639,C75639,0.9116316099105215
SV1_C95422,C95422,0.9639172252378724
SV1_C57085,C57085,0.7818545305162123
SV1_C00022,C00022,0.7448727941594349
SV1_C16835,C16835,0.8309665034372463
SV1_C32518,C32518,0.9389865220648259
SV1_C33618,C33618,0.9061215951717283
SV1_C53445,C53445,0.7820689005311323
SV1_C47405,C47405,0.8304266904298185
SV1_C28234,C28234,0.8776430414102502
SV1_C88216,C88216,0.921871073203717
SV1_C73312,C73312,0.8540384522103377
SV1_C06645,C06645,0.9232022276565257
SV1_C43262,C43262,0.9530298538884122
SV1_C24020,C24020,0.9184531459829148
SV1_C22878,C22878,0.8720565660762379
SV1_C99713,C99713,0.9749302974630575
SV1_C56516,C56516,0.8474463300746445
SV1_C10205,C10205,0.9797913151953968
SV1_C68436,C68436,0.8413004258940188
SV1_C89495,C89495,0.9366753810745627
SV1_C46276,C46276,0.8956199697302942
SV1_C07901,C07901,0.8441259435201973
SV1_C80505,C80505,0.8888049952692285
SV1_C04219,C04219,0.8659808475945583
SV1_C98421,C98421,0.8751511054994644
SV1_C61807,C61807,0.9112012619214745
SV1_C55827,C55827,0.9013464312733211
SV1_C73901,C73901,0.925030309612087
SV1_C90687,C90687,0.8660643847190513
SV1_C06044,C06044,0.9240742742511527
SV1_C32418,C32418,0.9035160967850805
SV1_C57689,C57689,0.9838090938429579
SV1_C81680,C81680,0.9701883970754542
SV1_C99715,C99715,0.9335173315067912
SV1_C89509,C89509,0.9933606274010346
SV1_C43307,C43307,0.8572191625298647
SV1_C64805,C64805,0.9639893008580261
SV1_C23498,C23498,0.9030779581899371
SV1_C50434,C50434,0.8882880030330558
SV1_C73250,C73250,0.8659397970651517
SV1_C78600,C78600,0.9784137864444011
SV1_C21038,C21038,0.817535671657958
SV1_C61894,C61894,0.8436851912074059
SV1_C02447,C02447,0.8027869891517359
SV1_C93612,C93612,0.9650661270431873
SV1_C90060,C90060,0.8494097380862081
SV1_C04299,C04299,0.848475920854946
SV1_C09008,C09008,0.9943238280904523
SV1_C84098,C84098,0.7937587359349
SV1_C75617,C75617,0.9033086029652605
SV1_C43274,C43274,0.9014557888800532
SV1_C45043,C45043,0.7459426325499441
SV1_C05409,C05409,0.8487969681201959
SV1_C96646,C96646,0.9120838308087149
SV1_C91851,C91851,0.8683645637194722
SV1_C00117,C00117,0.9196284237437283
SV1_C58228,C58228,0.8403678336893052
SV1_C48046,C48046,0.9437344449345972
SV1_C82904,C82904,0.8890159397589952
SV1_C54640,C54640,0.8762057316592272
SV1_C19834,C19834,0.8613478599032779
SV1_C82873,C82873,0.9621683617167016
SV1_C58805,C58805,0.9690305508665428
SV1_C43824,C43824,0.8039377637922518
SV1_C45064,C45064,0.9297572901784461
SV1_C62489,C62489,0.8344905444057098
SV1_C07876,C07876,0.9889551210804297
SV1_C10273,C10273,0.9900447620720639
SV1_C96090,C96090,0.8633838841482514
SV1_C88306,C88306,0.973153241701266
SV1_C69098,C69098,0.9853000451953018
SV1_C58843,C58843,0.7553976249265776
SV1_C12603,C12603,0.7914227345305237
SV1_C22915,C22915,0.9088679223253661
SV1_C27600,C27600,0.8287554233364889
SV1_C51030,C51030,0.8943891937090267
SV1_C54704,C54704,0.8409898182988516
SV1_C09623,C09623,0.938051383955742
SV1_C18680,C18680,0.8092000854372519
SV1_C52244,C52244,0.784281790884012
SV1_C87023,C87023,0.8555406058010507
SV1_C13858,C13858,0.8400808274578682
SV1_C57636,C57636,0.8177960363060818
SV1_C83503,C83503,0.8732902936897069
SV1_C69010,C69010,0.9586931597271968
SV1_C09644,C09644,0.8144291518507791
SV1_C97911,C97911,0.9680314971802096
SV1_C51119,C51119,0.9377490459139347
SV1_C40216,C40216,0.9437827337349852
SV1_C62507,C62507,0.9112199426624711
SV1_C53485,C53485,0.9523057136068036
SV1_C06024,C06024,0.926268111951411
SV1_C48649,C48649,0.9120686781988514
SV1_C96021,C96021,0.9056893562156771
SV1_C78117,C78117,0.7898253635997513
SV1_C89497,C89497,0.998450569196413
SV1_C21687,C21687,0.8102124495642015
SV1_C52240,C52240,0.818225629626498
SV1_C83501,C83501,0.8506811465196794
SV1_C78104,C78104,0.7612401111256399
SV1_C96711,C96711,0.9923525810479841
SV1_C79881,C79881,0.993278691278169
SV1_C32402,C32402,0.9042169450824945
SV1_C96041,C96041,0.9631840805370642
SV1_C42005,C42005,0.8856455710510738
SV1_C22217,C22217,0.9500338293156816
SV1_C62433,C62433,0.7916125182858347
SV1_C12073,C12073,0.9185420840303472
SV1_C99676,C99676,0.8819840551563223
SV1_C21035,C21035,0.9400672130803311
SV1_C10831,C10831,0.9789671750108672
SV1_C93089,C93089,0.8633008918544911
SV1_C34877,C34877,0.9023715667432585
SV1_C88311,C88311,0.834930723631207
SV1_C27119,C27119,0.8721609485340025
SV1_C03045,C03045,0.8755383361574399
SV1_C04289,C04289,0.9246140372380074
SV1_C52822,C52822,0.8228279479056965
SV1_C78709,C78709,0.8127498199435111
SV1_C07854,C07854,0.7646595413201823
SV1_C21029,C21029,0.817244477818896
SV1_C80514,C80514,0.8328875301147693
SV1_C43800,C43800,0.8660097465545568
SV1_C10906,C10906,0.9126196857411545
SV1_C22841,C22841,0.8913081299304926
SV1_C70284,C70284,0.9305463366819087
SV1_C72107,C72107,0.9566025601792292
SV1_C25303,C25303,0.8437776135418962
SV1_C26475,C26475,0.8692199739453365
SV1_C46221,C46221,0.855882984839825
SV1_C58915,C58915,0.8806220906969555
SV1_C61223,C61223,0.8459596766973624
SV1_C04241,C04241,0.9386613366270594
SV1_C71426,C71426,0.8397535638703403
SV1_C50405,C50405,0.8862796204431236
SV1_C02413,C02413,0.9870245375927661
SV1_C62514,C62514,0.8908415091064352
SV1_C42603,C42603,0.9729933273839552
SV1_C34218,C34218,0.9414010399678446
SV1_C11475,C11475,0.8888915565832798
SV1_C81701,C81701,0.8789102823019541
SV1_C13314,C13314,0.8102223183444506
SV1_C52819,C52819,0.8750998927102706
SV1_C74409,C74409,0.960404886606774
SV1_C46854,C46854,0.956817089449559
SV1_C33082,C33082,0.8564354158629605
SV1_C43892,C43892,0.7332441306590177
SV1_C90058,C90058,0.907601643183507
SV1_C35416,C35416,0.9336761904875398
SV1_C04221,C04221,0.7289938657047842
SV1_C08412,C08412,0.9843385571737293
SV1_C13914,C13914,0.8177384664040542
SV1_C76253,C76253,0.7518240514013715
SV1_C48010,C48010,0.9024805746661986
SV1_C21017,C21017,0.8983884159202429
SV1_C27643,C27643,0.8038302745507279
SV1_C69627,C69627,0.9206914132111464
SV1_C100211,C100211,0.7836253983861092
SV1_C09605,C09605,0.9849863296730835
SV1_C67295,C67295,0.8879182887700657
SV1_C00681,C00681,0.9714746429092053
SV1_C28206,C28206,0.7591394070711547
SV1_C46308,C46308,0.9842752593647256
SV1_C25211,C25211,0.9873906917766146
SV1_C72675,C72675,0.8090711389473408
SV1_C99098,C99098,0.9148265468657185
SV1_C82221,C82221,0.86546563027456
SV1_C57680,C57680,0.8807935279161838
SV1_C34821,C34821,0.9817522813336095
SV1_C76204,C76204,0.9299613962075732
SV1_C96623,C96623,0.9976713313108978
SV1_C24022,C24022,0.8565725535535559
SV1_C10312,C10312,0.7884342502486247
SV1_C58839,C58839,0.8212320219155731
SV1_C07285,C07285,0.9700283073369006
SV1_C78029,C78029,0.9818120096568389
SV1_C90006,C90006,0.9356304618015495
SV1_C94832,C94832,0.9803265742651973
SV1_C36611,C36611,0.9223578105053759
SV1_C86461,C86461,0.8019439953334787
SV1_C54093,C54093,0.9693844363538244
SV1_C90643,C90643,0.7536225297407915
SV1_C14434,C14434,0.981275068900756
SV1_C35505,C35505,0.8691319263503465
SV1_C99018,C99018,0.9121475459668797
SV1_C64232,C64232,0.856638539188937
SV1_C94277,C94277,0.9123724998570912
SV1_C91272,C91272,0.925122191103793
SV1_C67290,C67290,0.9255792979934204
SV1_C75072,C75072,0.9345827542150507
SV1_C92421,C92421,0.8955932698830184
SV1_C89440,C89440,0.7738610916802343
SV1_C90688,C90688,0.8395725858217855
SV1_C58212,C58212,0.955076421431131
SV1_C06678,C06678,0.9015450854645656
SV1_C93676,C93676,0.9137372323851158
SV1_C78000,C78000,0.964552566416534
SV1_C22293,C22293,0.9516603880993018
SV1_C54024,C54024,0.9716324696346655
SV1_C76814,C76814,0.9177642683862354
SV1_C69604,C69604,0.971928729676957
SV1_C46231,C46231,0.7906774618315233
SV1_C67803,C67803,0.8255832018457365
SV1_C89484,C89484,0.8341148922242488
SV1_C82901,C82901,0.8665287256712334
SV1_C17490,C17490,0.9663510126153602
SV1_C64828,C64828,0.8735141004609499
SV1_C19817,C19817,0.8736845815800038
SV1_C91268,C91268,0.862349222060346
SV1_C63011,C63011,0.8444932574486853
SV1_C74449,C74449,0.7668671749899076
SV1_C47452,C47452,0.9667165783725826
SV1_C64221,C64221,0.9466735370421973
SV1_C25837,C25837,0.9647973250969374
SV1_C100293,C100293,0.8397479843359034
SV1_C55876,C55876,0.7600246846761439
SV1_C30084,C30084,0.9362204769218532
SV1_C95441,C95441,0.9679174406275644
SV1_C99627,C99627,0.901602338355316
SV1_C70243,C70243,0.8669855483010286
SV1_C21626,C21626,0.8707443132825252
SV1_C01210,C01210,0.9703704345908198
SV1_C28226,C28226,0.8555637356876534
SV1_C13249,C13249,0.7909945021578451
SV1_C19292,C19292,0.7436024763324408
SV1_C43225,C43225,0.8044937148217038
SV1_C64235,C64235,0.8795780794637944
SV1_C65432,C65432,0.8797007495356941
SV1_C52308,C52308,0.7960367760475161
SV1_C97215,C97215,0.8984804892352802
SV1_C72069,C72069,0.9303071197925117
SV1_C50415,C50415,0.8869977892141269
SV1_C16200,C16200,0.8835972238682147
SV1_C79918,C79918,0.7818887066332229
SV1_C90669,C90669,0.8239951416160411
SV1_C49269,C49269,0.8015299356021375
SV1_C92462,C92462,0.9490295855810886
SV1_C83409,C83409,0.9481852202537809
SV1_C33101,C33101,0.8543532585148593
SV1_C06676,C06676,0.8321205387387721
SV1_C77405,C77405,0.925175864517752
SV1_C48100,C48100,0.9504289220386375
SV1_C21635,C21635,0.7637784955192374
SV1_C39004,C39004,0.835085752687068
SV1_C29477,C29477,0.9369824193129932
SV1_C10801,C10801,0.9647797170927387
SV1_C55829,C55829,0.9806784986847453
SV1_C39622,C39622,0.9839522042246371
SV1_C51709,C51709,0.7977860412957973
SV1_C30008,C30008,0.8906448832244432
SV1_C10317,C10317,0.8010175202048001
SV1_C68425,C68425,0.8255614335612841
SV1_C58313,C58313,0.8405262587617641
SV1_C56435,C56435,0.8194457875717088
SV1_C51025,C51025,0.9019556853607956
SV1_C34890,C34890,0.9162035553785955
SV1_C84100,C84100,0.8307132657477339
SV1_C09666,C09666,0.8755105778866222
SV1_C88881,C88881,0.8702516936068694
SV1_C11480,C11480,0.9325768276699857
SV1_C60008,C60008,0.9427192943516669
SV1_C54689,C54689,0.8653667734541395
SV1_C79213,C79213,0.9092765195504235
SV1_C75035,C75035,0.9140119666292796
SV1_C35493,C35493,0.9261056023502836
SV1_C80500,C80500,0.8947523828640317
SV1_C68476,C68476,0.8265342043070883
SV1_C56497,C56497,0.9705334264368665
SV1_C21617,C21617,0.9395629865527146
SV1_C07811,C07811,0.8770503537261358
SV1_C79915,C79915,0.9012132111601192
SV1_C75119,C75119,0.9890569130661325
SV1_C48001,C48001,0.8096025625537103
SV1_C87013,C87013,0.915653071722058
SV1_C99637,C99637,0.991599281341151
SV1_C55207,C55207,0.8281845493305904
SV1_C73239,C73239,0.8849664360007594
SV1_C21632,C21632,0.9788353007565922
SV1_C20483,C20483,0.8527267961749508
SV1_C48664,C48664,0.8654075387787168
SV1_C82200,C82200,0.9500301845456932
SV1_C67301,C67301,0.9600359310572215
SV1_C51034,C51034,0.8939711373804319
SV1_C44494,C44494,0.789717834754281
SV1_C52215,C52215,0.8829999630431548
SV1_C51689,C51689,0.8834483657129948
SV1_C16276,C16276,0.9075950225813935
SV1_C13238,C13238,0.8581893420068069
SV1_C86507,C86507,0.8347687785284362
SV1_C35499,C35499,0.8944038984292879
SV1_C27082,C27082,0.9626558076527156
SV1_C72109,C72109,0.9034803312318554
SV1_C97816,C97816,0.9606102121038624
SV1_C66702,C66702,0.9967676361128267
SV1_C46248,C46248,0.987953234813249
SV1_C12637,C12637,0.9241344240246288
SV1_C43239,C43239,0.7652483294036324
SV1_C45099,C45099,0.8656764562003072
SV1_C75074,C75074,0.9022226372968155
SV1_C77418,C77418,0.9131475922265668
SV1_C53404,C53404,0.8516148640867021
SV1_C43877,C43877,0.8871317608890533
SV1_C83515,C83515,0.8618191524766473
SV1_C82875,C82875,0.941254206798151
SV1_C15640,C15640,0.795077724942616
SV1_C16838,C16838,0.9872434800744952
SV1_C70826,C70826,0.861596979421154
SV1_C90106,C90106,0.9743635720363528
SV1_C00696,C00696,0.9200891265665208
SV1_C74437,C74437,0.9338852281182536
SV1_C12102,C12102,0.880472791606723
SV1_C55297,C55297,0.87520653671101
SV1_C63608,C63608,0.9260079565361724
SV1_C57624,C57624,0.8335325039950576
SV1_C51707,C51707,0.9507099344461614
SV1_C34283,C34283,0.8733904773993607
SV1_C67304,C67304,0.9118553639010473
SV1_C06608,C06608,0.7781526584099394
SV1_C44444,C44444,0.9514559404793357
SV1_C67291,C67291,0.8053250325373636
SV1_C72647,C72647,0.9729393583344076
SV1_C58273,C58273,0.8390209772223923
SV1_C01217,C01217,0.94244877647567
SV1_C91259,C91259,0.9373244259547248
SV1_C94246,C94246,0.8503141223119975
SV1_C00617,C00617,0.9430359361664084
SV1_C26515,C26515,0.9085637679856426
SV1_C45042,C45042,0.8053392545861146
SV1_C57115,C57115,0.7980531821633535
SV1_C23402,C23402,0.911376548551525
SV1_C09677,C09677,0.9959609007326846
SV1_C16225,C16225,0.8832370517845431
SV1_C11488,C11488,0.8127212342157195
SV1_C85913,C85913,0.8764358401145982
SV1_C10832,C10832,0.861553369054471
SV1_C86411,C86411,0.8461972232570422
SV1_C13917,C13917,0.8301160498509778
SV1_C45635,C45635,0.7840288220205927
SV1_C09086,C09086,0.9257141832372545
SV1_C91845,C91845,0.7725662966566963
SV1_C13821,C13821,0.8100691572110954
SV1_C72661,C72661,0.7568739528617232
SV1_C63078,C63078,0.9191032846747499
SV1_C57703,C57703,0.8673494306760247
SV1_C10294,C10294,0.8027630015978023
SV1_C10802,C10802,0.9078902307863151
SV1_C23503,C23503,0.8394637399051704
SV1_C66713,C66713,0.8909760839091735
SV1_C55822,C55822,0.7954098712704273
SV1_C16829,C16829,0.8790465618118073
SV1_C27716,C27716,0.7918127022276684
SV1_C72717,C72717,0.8371682917938752
SV1_C88286,C88286,0.8582994019750788
SV1_C47488,C47488,0.8167326182897326
SV1_C32489,C32489,0.8367749413290151
SV1_C82223,C82223,0.9582582454712876
SV1_C63641,C63641,0.889221528793213
SV1_C75687,C75687,0.9203050802798766
SV1_C45644,C45644,0.9683068554494814
SV1_C06004,C06004,0.7573959733425524
SV1_C39008,C39008,0.8513380222151162
SV1_C28280,C28280,0.7854550880585758
SV1_C21644,C21644,0.8465602911806352
SV1_C65439,C65439,0.8297136820042725
SV1_C91229,C91229,0.8768152563461616
SV1_C13909,C13909,0.8024070979751837
SV1_C91868,C91868,0.9064872733608009
SV1_C43227,C43227,0.7792565393182496
SV1_C13816,C13816,0.9589933372769593
SV1_C86440,C86440,0.8131372224775272
SV1_C45060,C45060,0.9829145225296706
SV1_C64802,C64802,0.9255254085294587
SV1_C73294,C73294,0.9296070222755519
SV1_C73873,C73873,0.9531836506987155
SV1_C49811,C49811,0.8519605528594846
SV1_C78659,C78659,0.7571014449436164
SV1_C07818,C07818,0.9317508007409325
SV1_C63075,C63075,0.8682923887109136
SV1_C96032,C96032,0.9702247082936649
SV1_C10209,C10209,0.9797545727660356
SV1_C07800,C07800,0.9991748903802756
SV1_C04893,C04893,0.889687288111722
SV1_C34807,C34807,0.8020440169842551
SV1_C26476,C26476,0.8710486496731115
SV1_C58207,C58207,0.9422403023284153
SV1_C47468,C47468,0.8525323649018798
SV1_C28275,C28275,0.8024402675587915
SV1_C16878,C16878,0.8271251630930636
SV1_C09017,C09017,0.9193888562225486
SV1_C48019,C48019,0.9143340304774394
SV1_C96022,C96022,0.962841215273032
SV1_C20436,C20436,0.8709819355183392
SV1_C49229,C49229,0.7843588968529702
SV1_C58272,C58272,0.8320070435848683
SV1_C92503,C92503,0.742357142097884
SV1_C84099,C84099,0.8642459738076255
SV1_C52891,C52891,0.9225556350278379
SV1_C28801,C28801,0.9108489370511962
SV1_C88314,C88314,0.9260650974588145
SV1_C06012,C06012,0.7817476108477943
SV1_C76845,C76845,0.8201065305608181
SV1_C53441,C53441,0.8467325551436472
SV1_C62446,C62446,0.8659869926733438
SV1_C02421,C02421,0.7566039405442033
SV1_C76266,C76266,0.8211723812737609
SV1_C76884,C76884,0.8550248384256292
SV1_C10242,C10242,0.8795420431019937
SV1_C94907,C94907,0.9928544871188361
SV1_C96626,C96626,0.9226310585302779
SV1_C67805,C67805,0.9965411424211192
SV1_C24085,C24085,0.8796029159292587
SV1_C31289,C31289,0.8223880186177587
SV1_C64223,C64223,0.9284713728833557
SV1_C30613,C30613,0.9140313826141715
SV1_C20490,C20490,0.840498920318023
SV1_C71499,C71499,0.8022472950103002
SV1_C51072,C51072,0.9987789826092826
SV1_C21601,C21601,0.8567346433923179
SV1_C87689,C87689,0.9042453336590142
SV1_C12710,C12710,0.7976233112486171
SV1_C11402,C11402,0.889074760872808
SV1_C69073,C69073,0.8807495912228457
SV1_C27107,C27107,0.805852472621794
SV1_C65413,C65413,0.9471745208614282
SV1_C29418,C29418,0.92402874126616
SV1_C29402,C29402,0.9270271118422555
SV1_C69716,C69716,0.9851531402166064
SV1_C91242,C91242,0.7784116141364135
SV1_C61240,C61240,0.7599473961061991
SV1_C99111,C99111,0.891258392302253
SV1_C68434,C68434,0.8499478348238292
SV1_C45098,C45098,0.9728083004268607
SV1_C54610,C54610,0.8811012677936119
SV1_C89514,C89514,0.9292420105453238
SV1_C21079,C21079,0.8557207876166555
SV1_C67292,C67292,0.7476671894068035
SV1_C77447,C77447,0.9491753308783344
SV1_C61885,C61885,0.8963561883010505
SV1_C96714,C96714,0.8990115459626077
SV1_C69097,C69097,0.9429053854184059
SV1_C52888,C52888,0.8832763868685455
SV1_C94233,C94233,0.9896800975122306
SV1_C81005,C81005,0.9373033499437838
SV1_C77511,C77511,0.8818383478318254
SV1_C52216,C52216,0.8577258750653691
SV1_C37802,C37802,0.9005227490029895
SV1_C99084,C99084,0.9541798580659828
SV1_C67212,C67212,0.9596150183961448
SV1_C76281,C76281,0.9062541601813041
SV1_C98420,C98420,0.8402431208202821
SV1_C57700,C57700,0.8727312513856074
SV1_C78051,C78051,0.7311414255848534
SV1_C06601,C06601,0.8169662038238898
SV1_C22820,C22820,0.9068151710336387
SV1_C57000,C57000,0.9966523194688119
SV1_C56499,C56499,0.8356376387210386
SV1_C27017,C27017,0.9552275726010189
SV1_C10318,C10318,0.9020515768371326
SV1_C56406,C56406,0.9783198061675774
SV1_C35495,C35495,0.868963810777777
SV1_C07807,C07807,0.8787684165775178
SV1_C42002,C42002,0.9488854585633409
SV1_C63034,C63034,0.7653342663134927
SV1_C85215,C85215,0.7853327774865788
SV1_C55809,C55809,0.9718945093139021
SV1_C92500,C92500,0.8613943024175245
SV1_C78058,C78058,0.8205079459306469
SV1_C54036,C54036,0.9461251737558876
SV1_C76837,C76837,0.9488858165908676
SV1_C51011,C51011,0.8796579222243087
SV1_C90019,C90019,0.9310031480564808
SV1_C18005,C18005,0.8944442276264705
SV1_C73211,C73211,0.8621076874290784
SV1_C88910,C88910,0.9690494440835219
SV1_C12640,C12640,0.8171188418771246
SV1_C73203,C73203,0.863689308330679
SV1_C08519,C08519,0.9755855482945931
SV1_C97907,C97907,0.9598269808492004
SV1_C57079,C57079,0.8714122796160143
SV1_C28220,C28220,0.8580887097455624
SV1_C21044,C21044,0.8444053305625625
SV1_C67210,C67210,0.9519533259295857
SV1_C25820,C25820,0.9334310742767215
SV1_C61311,C61311,0.8898135396917168
SV1_C61816,C61816,0.9041606172159167
SV1_C49914,C49914,0.8790739468283929
SV1_C64819,C64819,0.9173931717198431
SV1_C95404,C95404,0.9884239488015192
SV1_C90637,C90637,0.8111439957382028
SV1_C24041,C24041,0.899200478222346
SV1_C34905,C34905,0.8530740548497336
SV1_C10276,C10276,0.9775995533475376
SV1_C39600,C39600,0.8244201276097823
SV1_C00111,C00111,0.8214211051329051
SV1_C28811,C28811,0.8926491625823625
SV1_C87650,C87650,0.9301118864767487
SV1_C34897,C34897,0.8539446470354448
SV1_C24034,C24034,0.8940275428117528
SV1_C95492,C95492,0.8699805164590351
SV1_C10306,C10306,0.9162303019210812
SV1_C06600,C06600,0.7657379645725753
SV1_C51101,C51101,0.8121442510254591
SV1_C82315,C82315,0.8918759608336546
SV1_C76828,C76828,0.9678568720255223
SV1_C14427,C14427,0.8413847264439129
SV1_C70210,C70210,0.9117652505947454
SV1_C24103,C24103,0.841843999497232
SV1_C68492,C68492,0.7640499207457313
SV1_C92486,C92486,0.9728412634966713
SV1_C75093,C75093,0.8997711526362356
SV1_C91208,C91208,0.9148490091252822
SV1_C06001,C06001,0.8038096724613979
SV1_C54019,C54019,0.8646021340897743
SV1_C63090,C63090,0.8923222520640736
SV1_C100295,C100295,0.9368264604216938
SV1_C58885,C58885,0.9361409697582372
SV1_C87060,C87060,0.7369282232644202
SV1_C01874,C01874,0.8638166895401583
SV1_C07878,C07878,0.9483116164644569
SV1_C52291,C52291,0.9104982108526929
SV1_C00077,C00077,0.9583692314665329
SV1_C66646,C66646,0.9539976368632753
SV1_C12648,C12648,0.7189964705219724
SV1_C49917,C49917,0.8638906150636259
SV1_C26484,C26484,0.8864348706302557
SV1_C09101,C09101,0.845351435915658
SV1_C70304,C70304,0.7909952338651399
SV1_C68500,C68500,0.9082973365506223
SV1_C50421,C50421,0.8078597229278073
SV1_C76888,C76888,0.8014336982469611
SV1_C79272,C79272,0.9830595240348613
SV1_C89482,C89482,0.9084347420996088
SV1_C05506,C05506,0.8615139080364037
SV1_C21703,C21703,0.8276503921955407
SV1_C51005,C51005,0.885070647694944
SV1_C35477,C35477,0.916642801073154
SV1_C11438,C11438,0.8569952995512397
SV1_C63647,C63647,0.8711075696784284
SV1_C24674,C24674,0.9171332471646109
SV1_C61811,C61811,0.9154085057334789
SV1_C04882,C04882,0.8594978704333068
SV1_C13208,C13208,0.9914107326518791
SV1_C00607,C00607,0.819910722764269
SV1_C04897,C04897,0.8537742056262368
SV1_C67201,C67201,0.9931939355745422
SV1_C25835,C25835,0.8315146962252963
SV1_C12685,C12685,0.9561261530824076
SV1_C66697,C66697,0.9597024351316948
SV1_C72010,C72010,0.9152790146336386
SV1_C07258,C07258,0.7760342258331896
SV1_C46301,C46301,0.9970438922453378
SV1_C08495,C08495,0.8815451299708907
SV1_C62510,C62510,0.9704479972062588
SV1_C69698,C69698,0.9558530406640247
SV1_C19804,C19804,0.883668444668858
SV1_C03112,C03112,0.9167986802802648
SV1_C99674,C99674,0.8548300944484511
SV1_C99009,C99009,0.9760519991761412
SV1_C71436,C71436,0.8631074490063976
SV1_C43259,C43259,0.7974574987679173
SV1_C27008,C27008,0.8996280927462418
SV1_C86486,C86486,0.8247983454570494
SV1_C54081,C54081,0.9483655686189091
SV1_C54713,C54713,0.8113602077563733
SV1_C28879,C28879,0.9635418200680091
SV1_C48615,C48615,0.9099412078049749
SV1_C12026,C12026,0.8846880627719869
SV1_C46838,C46838,0.7556419933578763
SV1_C79910,C79910,0.8692253471273735
SV1_C13825,C13825,0.8992811923107686
SV1_C75681,C75681,0.9294266691406584
SV1_C100226,C100226,0.9584532234635996
SV1_C68410,C68410,0.9606234338380583
SV1_C77472,C77472,0.9429983132591186
SV1_C05509,C05509,0.8175875090551766
SV1_C34878,C34878,0.827809335322632
SV1_C12005,C12005,0.907946594359266
SV1_C07913,C07913,0.7852694821266063
SV1_C78606,C78606,0.9349054168681036
SV1_C02404,C02404,0.9860268728402296
SV1_C59421,C59421,0.8598749996433548
SV1_C32508,C32508,0.8155324470812657
SV1_C11481,C11481,0.9466206801920617
SV1_C45061,C45061,0.9911592306365167
SV1_C52289,C52289,0.8793740836005849
SV1_C19806,C19806,0.868018598797524
SV1_C95405,C95405,0.9836776715258166
SV1_C33004,C33004,0.8508926144792899
SV1_C55319,C55319,0.8894796755372586
SV1_C86406,C86406,0.8893840137934556
SV1_C22830,C22830,0.8849965451171871
SV1_C62419,C62419,0.8924685833215179
SV1_C12019,C12019,0.798916314513943
SV1_C49886,C49886,0.8635055661208326
SV1_C55844,C55844,0.8025296618595168
SV1_C84017,C84017,0.8951679388097908
SV1_C28290,C28290,0.8355004250523527
SV1_C61277,C61277,0.9183662686081183
SV1_C18006,C18006,0.919241865040604
SV1_C44415,C44415,0.9870293959993324
SV1_C25915,C25915,0.9194427752262443
SV1_C10224,C10224,0.8350408991989403
SV1_C33002,C33002,0.8907197908158799
SV1_C97802,C97802,0.9640478829520013
SV1_C81010,C81010,0.8956410583243422
SV1_C99710,C99710,0.9797276636147465
SV1_C21080,C21080,0.9539769409066536
SV1_C85316,C85316,0.9395337923378086
SV1_C70241,C70241,0.812137697595871
SV1_C05502,C05502,0.863147854780531
SV1_C80507,C80507,0.9213145611135954
SV1_C57080,C57080,0.8017624787608011
SV1_C72005,C72005,0.9677775920274482
SV1_C17401,C17401,0.9020895913717196
SV1_C86416,C86416,0.8985612133590664
SV1_C61244,C61244,0.8446067027795295
SV1_C53487,C53487,0.9629923629179541
SV1_C02511,C02511,0.8178760028568823
SV1_C76294,C76294,0.8985560952132486
SV1_C07242,C07242,0.9116106624159704
SV1_C12105,C12105,0.7946175408277116
SV1_C00041,C00041,0.9427242035539652
SV1_C17434,C17434,0.951331138507043
SV1_C27083,C27083,0.8783692512185651
SV1_C09099,C09099,0.9977203755869648
SV1_C66000,C66000,0.9757184696440091
SV1_C90659,C90659,0.9674496378323695
SV1_C66632,C66632,0.8712380805867819
SV1_C08514,C08514,0.852385725670456
SV1_C71503,C71503,0.8016613589680904
SV1_C18682,C18682,0.7955344544822085
SV1_C37201,C37201,0.8305608785690249
SV1_C05496,C05496,0.8068606137364798
SV1_C27694,C27694,0.8487752406933884
SV1_C91906,C91906,0.9057471273612878
SV1_C01800,C01800,0.9884510026656527
SV1_C21074,C21074,0.9228492548726811
SV1_C59472,C59472,0.8212299704505354
SV1_C88226,C88226,0.8733035518982845
SV1_C61291,C61291,0.8304841441994838
SV1_C81113,C81113,0.8842106433662268
SV1_C57030,C57030,0.8353079645383097
SV1_C12653,C12653,0.7478165559719876
SV1_C47455,C47455,0.7790571606268555
SV1_C15008,C15008,0.8946958582940169
SV1_C00107,C00107,0.808276161279719
SV1_C87605,C87605,0.8921192188348187
SV1_C09664,C09664,0.8985062602896953
SV1_C58312,C58312,0.848284645682392
SV1_C01303,C01303,0.8001215148469676
SV1_C22846,C22846,0.8983334751275533
SV1_C34293,C34293,0.8339579689732206
SV1_C33011,C33011,0.8594959995633651
SV1_C48653,C48653,0.9151187897206556
SV1_C10896,C10896,0.8278289078151378
SV1_C43858,C43858,0.964957055595437
SV1_C07202,C07202,0.9353881179949698
SV1_C12715,C12715,0.8466250949994406
SV1_C01809,C01809,0.9976258743210259
SV1_C25897,C25897,0.8777130688968777
SV1_C25829,C25829,0.9725983689041466
SV1_C95503,C95503,0.9860592388544742
SV1_C20488,C20488,0.8905386949235347
SV1_C21047,C21047,0.8053340285431332
SV1_C65434,C65434,0.9131583114932798
SV1_C18603,C18603,0.8635740321396239
SV1_C87100,C87100,0.9892249856879156
SV1_C32498,C32498,0.8858656808364171
SV1_C84012,C84012,0.9382577480644325
SV1_C76233,C76233,0.9370985551425608
SV1_C04828,C04828,0.9216585647908893
SV1_C72697,C72697,0.9187205338040519
SV1_C25309,C25309,0.9435845372660543
SV1_C85894,C85894,0.7350802602744688
SV1_C87042,C87042,0.8784376033046506
SV1_C48009,C48009,0.8063524024785295
SV1_C99621,C99621,0.8052885662874948
SV1_C90602,C90602,0.9359742147925226
SV1_C90078,C90078,0.9378291450430205
SV1_C46319,C46319,0.888358701293923
SV1_C87075,C87075,0.8180054611717088
SV1_C01207,C01207,0.8182304104245791
SV1_C01288,C01288,0.9658346674757553
SV1_C43808,C43808,0.8635731984986218
SV1_C47476,C47476,0.9202748360834399
SV1_C75082,C75082,0.9022023174968258
SV1_C46261,C46261,0.9890946261458525
SV1_C70229,C70229,0.9071783065256882
SV1_C09690,C09690,0.8591210103461675
SV1_C28295,C28295,0.7895406140192608
SV1_C79906,C79906,0.8641207260202396
SV1_C86402,C86402,0.8841995413701638
SV1_C15037,C15037,0.9287421404626306
SV1_C79820,C79820,0.8328811200475237
SV1_C75698,C75698,0.8891070147888842
SV1_C93048,C93048,0.9242629380781715
SV1_C87025,C87025,0.8556096953164815
SV1_C11519,C11519,0.9359077502497121
SV1_C12683,C12683,0.8680502428004302
SV1_C58827,C58827,0.8393758431013427
SV1_C97207,C97207,0.8466413017206816
SV1_C12699,C12699,0.9155754709954357
SV1_C49830,C49830,0.8350942911818063
SV1_C24718,C24718,0.9208581717669203
SV1_C31273,C31273,0.9715010975556615
SV1_C91313,C91313,0.9289970994724059
SV1_C50443,C50443,0.9173894681324113
SV1_C51640,C51640,0.804585310815533
SV1_C55212,C55212,0.9206362308077127
SV1_C06017,C06017,0.8514145028348096
SV1_C27023,C27023,0.7934660282659591
SV1_C01221,C01221,0.7627324349477824
SV1_C64296,C64296,0.891057139183776
SV1_C07235,C07235,0.8862384963109117
SV1_C42607,C42607,0.9733754282131255
SV1_C04230,C04230,0.8592265646115501
SV1_C74501,C74501,0.9262894126441782
SV1_C96600,C96600,0.9947897070609142
SV1_C92406,C92406,0.9043066436200811
SV1_C89472,C89472,0.8597681804887266
SV1_C52829,C52829,0.9455865524475253
SV1_C30713,C30713,0.9256087485207122
SV1_C78028,C78028,0.9760726608813931
SV1_C36623,C36623,0.9020383449227503
SV1_C48681,C48681,0.9460084595853895
SV1_C33680,C33680,0.9686256342898018
SV1_C73819,C73819,0.8330465327200164
SV1_C49200,C49200,0.8751788526398593
SV1_C33719,C33719,0.9603172488409522
SV1_C64827,C64827,0.8507835808790214
SV1_C50430,C50430,0.8889866070928353
SV1_C47492,C47492,0.7590603144916017
SV1_C09116,C09116,0.8010694934362494
SV1_C99646,C99646,0.9866386888547457
SV1_C90087,C90087,0.8440417050485052
SV1_C12104,C12104,0.7887974684741985
SV1_C60012,C60012,0.947170455129305
SV1_C26400,C26400,0.9075251586870658
SV1_C86415,C86415,0.867462995478543
SV1_C76919,C76919,0.9321287263003638
SV1_C06043,C06043,0.8231715614864183
SV1_C76871,C76871,0.8686879253508989
SV1_C69094,C69094,0.8663874962909124
SV1_C16227,C16227,0.8195041610499342
SV1_C62493,C62493,0.7989005532712601
SV1_C24072,C24072,0.8082174960998555
SV1_C59425,C59425,0.8310581429169887
SV1_C37805,C37805,0.8381958098198146
SV1_C58817,C58817,0.9618773400241529
SV1_C53415,C53415,0.8774502113820629
SV1_C98477,C98477,0.8984889266699512
SV1_C10281,C10281,0.9898566104458765
SV1_C46820,C46820,0.823073275823683
SV1_C57608,C57608,0.952302803214067
SV1_C49292,C49292,0.8685045277038898
SV1_C30110,C30110,0.8271607099434916
SV1_C97901,C97901,0.8269768591928461
SV1_C94206,C94206,0.9413876570547872
SV1_C60685,C60685,0.9160737447885018
SV1_C90610,C90610,0.9529591326443201
SV1_C09088,C09088,0.8629993134564959
SV1_C49818,C49818,0.9190054063283359
SV1_C50480,C50480,0.9987409150077676
SV1_C54109,C54109,0.7942102894796752
SV1_C52814,C52814,0.9105439434294855
SV1_C12713,C12713,0.7795453074043999
SV1_C07859,C07859,0.9042797800193407
SV1_C13203,C13203,0.7717652693260728
SV1_C72605,C72605,0.9675461639761992
SV1_C43232,C43232,0.8022601088029353
SV1_C31293,C31293,0.7933179724655441
SV1_C12082,C12082,0.845117304758404
SV1_C67227,C67227,0.8893555622859131
SV1_C24040,C24040,0.9117418001245757
SV1_C07905,C07905,0.8442850985347282
SV1_C93675,C93675,0.9000519853524965
SV1_C20404,C20404,0.9064030273425767
SV1_C54110,C54110,0.8913238185999226
SV1_C60618,C60618,0.9753832716732974
SV1_C10864,C10864,0.9044707830732166
SV1_C13289,C13289,0.9141293699193574
SV1_C21715,C21715,0.8976900763268422
SV1_C50441,C50441,0.7735061695673864
SV1_C43286,C43286,0.8722939304492158
SV1_C82910,C82910,0.8423186630810943
SV1_C84706,C84706,0.8604441141962397
SV1_C49909,C49909,0.8500369166957134
SV1_C46300,C46300,0.9912205725011611
SV1_C85222,C85222,0.8949386040123919
SV1_C100280,C100280,0.9220340216287094
SV1_C59485,C59485,0.932478999976635
SV1_C11453,C11453,0.765191023527658
SV1_C99002,C99002,0.9460719498886901
SV1_C96609,C96609,0.9899399644308549
SV1_C89474,C89474,0.9114361178105317
SV1_C46906,C46906,0.9677513561285096
SV1_C73302,C73302,0.8885705829703766
SV1_C69647,C69647,0.8364269116082146
SV1_C28814,C28814,0.938838562433963
SV1_C47487,C47487,0.8895156547442333
SV1_C26478,C26478,0.9745606985123292
SV1_C96678,C96678,0.8482137784974031
SV1_C18007,C18007,0.8778155900025786
SV1_C53502,C53502,0.8561579750237633
SV1_C10853,C10853,0.7822927221736873
SV1_C21072,C21072,0.9586007414020074
SV1_C86407,C86407,0.8374055094730665
SV1_C62481,C62481,0.9093928158076793
SV1_C99626,C99626,0.9663981009146636
SV1_C76834,C76834,0.9280161076923708
SV1_C33001,C33001,0.8709456151858875
SV1_C96097,C96097,0.8214637138553239
SV1_C35518,C35518,0.9362070854338606
SV1_C56482,C56482,0.8083617619050711
SV1_C49212,C49212,0.8676106203499805
SV1_C46801,C46801,0.8416314833847068
SV1_C61272,C61272,0.8346768007801495
SV1_C88254,C88254,0.9280412975197668
SV1_C01301,C01301,0.9107026190384183
SV1_C75056,C75056,0.7589775416054041
SV1_C52224,C52224,0.9292946570609951
SV1_C02499,C02499,0.8034947684698696
SV1_C34881,C34881,0.9206614439983153
SV1_C24712,C24712,0.9294351679258505
SV1_C33022,C33022,0.911158510131998
SV1_C21629,C21629,0.9638431973566276
SV1_C26437,C26437,0.9339325943899199
SV1_C98447,C98447,0.9061585065763305
SV1_C72115,C72115,0.9306613423965582
SV1_C66013,C66013,0.9554833067979457
SV1_C48612,C48612,0.8264652667786506
SV1_C88915,C88915,0.8471940840447997
SV1_C97312,C97312,0.823791280204277
SV1_C18088,C18088,0.8066967102021445
SV1_C40221,C40221,0.9927352970930842
SV1_C86459,C86459,0.9987023961137966
SV1_C44427,C44427,0.7837209607255147
SV1_C12089,C12089,0.8668092199567647
SV1_C57045,C57045,0.7800215387995784
SV1_C95447,C95447,0.8115903848376401
SV1_C84021,C84021,0.831260057760727
SV1_C05408,C05408,0.843602767942724
SV1_C46900,C46900,0.9844938650158439
SV1_C77416,C77416,0.8850984284489053
SV1_C72117,C72117,0.8396646231304589
SV1_C77454,C77454,0.7925306749315737
SV1_C19282,C19282,0.7874616773774791
SV1_C92461,C92461,0.9792059798044019
SV1_C88895,C88895,0.9391403317748652
SV1_C03092,C03092,0.8865352092463895
SV1_C79899,C79899,0.9138189918260645
SV1_C67808,C67808,0.9855173251011606
SV1_C46891,C46891,0.8153133105885336
SV1_C39617,C39617,0.9529233908039823
SV1_C49312,C49312,0.8186081163117199
SV1_C54680,C54680,0.9270950072300171
SV1_C76306,C76306,0.883713153562204
SV1_C48609,C48609,0.8254741005550447
SV1_C63086,C63086,0.8999460608932801
SV1_C79823,C79823,0.9615699797084781
SV1_C09699,C09699,0.9993049829616985
SV1_C58210,C58210,0.9939233159963607
SV1_C10918,C10918,0.8878370488722493
SV1_C52809,C52809,0.881483162230418
SV1_C13801,C13801,0.9931412661138117
SV1_C24691,C24691,0.9181923936979731
SV1_C45117,C45117,0.7818474724541254
SV1_C55295,C55295,0.9163577615835987
SV1_C88235,C88235,0.8457277524876545
SV1_C53491,C53491,0.9334833113990569
SV1_C28244,C28244,0.935387965815018
SV1_C87679,C87679,0.8140465940321819
SV1_C53437,C53437,0.9332943547753444
SV1_C07865,C07865,0.8671591471003526
SV1_C81718,C81718,0.7830503080933965
SV1_C85902,C85902,0.8393652241261567
SV1_C96112,C96112,0.7739439085111741
SV1_C93107,C93107,0.7397196353792793
SV1_C85298,C85298,0.8447485559010065
SV1_C93685,C93685,0.8766718154822487
SV1_C27696,C27696,0.9828748555378982
SV1_C04318,C04318,0.8625065392226458
SV1_C44446,C44446,0.8877082746909776
SV1_C20495,C20495,0.8386636533219458
SV1_C57717,C57717,0.9201092565471889
SV1_C79880,C79880,0.9774765170549066
SV1_C78036,C78036,0.9470620381505722
SV1_C45624,C45624,0.8011015273554117
SV1_C25817,C25817,0.9925231433275933
SV1_C72657,C72657,0.7681198243488964
SV1_C92453,C92453,0.935282833652987
SV1_C55228,C55228,0.9909696612463053
SV1_C62416,C62416,0.8790837270481547
SV1_C46220,C46220,0.8347522248823966
SV1_C30705,C30705,0.8295270304145659
SV1_C71427,C71427,0.911331015669777
SV1_C48040,C48040,0.9230256767497552
SV1_C29493,C29493,0.773805131815541
SV1_C87071,C87071,0.7784259399478135
SV1_C92485,C92485,0.943323490767888
SV1_C03076,C03076,0.973612409787211
SV1_C90676,C90676,0.9022639918107076
SV1_C78046,C78046,0.9193558717141155
SV1_C45002,C45002,0.9445299667947986
SV1_C56424,C56424,0.9294036709120481
SV1_C18001,C18001,0.8915711127602346
SV1_C85315,C85315,0.8695521687401322
SV1_C96091,C96091,0.8889294984865368
SV1_C61889,C61889,0.9064950080885779
SV1_C14445,C14445,0.9458560115316986
SV1_C34805,C34805,0.8350184038500716
SV1_C43847,C43847,0.865960908046482
SV1_C05472,C05472,0.8023681188652512
SV1_C93045,C93045,0.790459787472378
SV1_C04904,C04904,0.8633942103152626
SV1_C49311,C49311,0.8668924228443294
SV1_C22285,C22285,0.8239611455442152
SV1_C75012,C75012,0.9499281482417072
SV1_C97296,C97296,0.8161442338069499
SV1_C73824,C73824,0.8737305274892679
SV1_C10271,C10271,0.9072477096359688
SV1_C12076,C12076,0.9273907924383753
SV1_C86513,C86513,0.9392847832626916
SV1_C85278,C85278,0.9479990626654972
SV1_C82311,C82311,0.9185788121889602
SV1_C83481,C83481,0.9207905696948808
SV1_C13225,C13225,0.9391331223148572
SV1_C28316,C28316,0.8011716956108049
SV1_C64908,C64908,0.8775393793481068
SV1_C34311,C34311,0.8519734560320016
SV1_C33700,C33700,0.8121386545400756
SV1_C71492,C71492,0.9200823866111271
SV1_C61306,C61306,0.9940786355608444
SV1_C30718,C30718,0.948943723387509
SV1_C13283,C13283,0.8030854488786495
SV1_C94910,C94910,0.9311930433926847
SV1_C97829,C97829,0.920613471457806
SV1_C97291,C97291,0.8706021593310254
SV1_C52281,C52281,0.9835122153119247
SV1_C35414,C35414,0.9082470168727782
SV1_C93691,C93691,0.8976966199770359
SV1_C00079,C00079,0.7827629777189322
SV1_C22221,C22221,0.8887785494901207
SV1_C01230,C01230,0.8798292563635486
SV1_C26412,C26412,0.9693102464783708
SV1_C02405,C02405,0.9934091672632602
SV1_C84716,C84716,0.8996302813911685
SV1_C81700,C81700,0.8929962346241819
SV1_C30687,C30687,0.9966262959587082
SV1_C34312,C34312,0.8030621682056519
SV1_C16890,C16890,0.9484484849393453
SV1_C24026,C24026,0.890735049915486
SV1_C87117,C87117,0.7862492806686132
SV1_C73277,C73277,0.9546486089696686
SV1_C12611,C12611,0.7894121843898014
SV1_C93607,C93607,0.8532967241813837
SV1_C100221,C100221,0.7767957873669467
SV1_C22203,C22203,0.9809539103950555
SV1_C35511,C35511,0.8716065698037686
SV1_C43220,C43220,0.8528071206932283
SV1_C72719,C72719,0.9995926213662805
SV1_C07831,C07831,0.9071167576678398
SV1_C03088,C03088,0.9630198669566017
SV1_C24678,C24678,0.9229315579334433
SV1_C70206,C70206,0.9059303720296817
SV1_C81020,C81020,0.8302804767942661
SV1_C81706,C81706,0.8563452360334709
SV1_C32419,C32419,0.8686385352067485
SV1_C76872,C76872,0.880228586675554
SV1_C10908,C10908,0.8195283226824291
SV1_C21022,C21022,0.9591964834523471
SV1_C45647,C45647,0.8526218450112627
SV1_C46201,C46201,0.8487473643626331
SV1_C65426,C65426,0.893592999962214
SV1_C30678,C30678,0.857290706372694
SV1_C15622,C15622,0.871674820740563
SV1_C24690,C24690,0.9011778554167312
SV1_C31888,C31888,0.8483917224063354
SV1_C01912,C01912,0.9202196589989984
SV1_C66689,C66689,0.8480087068490476
SV1_C59441,C59441,0.7460516458129323
SV1_C02406,C02406,0.9645247827502553
SV1_C94886,C94886,0.8274992189490601
SV1_C35519,C35519,0.9922584059761747
SV1_C66691,C66691,0.8005222713147033
SV1_C45113,C45113,0.9504448357965447
SV1_C90680,C90680,0.8991277450923396
SV1_C44492,C44492,0.7366003059380307
SV1_C03108,C03108,0.9430629020093625
SV1_C48685,C48685,0.9253986036524937
SV1_C49817,C49817,0.8528181738311935
SV1_C13919,C13919,0.8826489479990305
SV1_C64907,C64907,0.889702760307344
SV1_C48025,C48025,0.7531515835651926
SV1_C24017,C24017,0.9751975725939854
SV1_C01827,C01827,0.9749747526048295
SV1_C99687,C99687,0.9795175807740641
SV1_C86514,C86514,0.9148956674231677
SV1_C84004,C84004,0.948410366367386
SV1_C49265,C49265,0.9397678108589157
SV1_C52230,C52230,0.9015168546275106
SV1_C45112,C45112,0.9443561429497802
SV1_C97819,C97819,0.9450220499267852
SV1_C96700,C96700,0.8211566231318455
SV1_C79293,C79293,0.7320390066548843
SV1_C85303,C85303,0.9417564801239404
SV1_C04296,C04296,0.8866866432647843
SV1_C15611,C15611,0.8989802634922193
SV1_C55835,C55835,0.9026370913744078
SV1_C32477,C32477,0.985201682364304
SV1_C96697,C96697,0.8202663108067185
SV1_C11418,C11418,0.885786086855523
SV1_C89422,C89422,0.9201947636066584
SV1_C91213,C91213,0.9625772867275988
SV1_C31914,C31914,0.8644871760685303
SV1_C90018,C90018,0.9883225343060302
SV1_C67802,C67802,0.9587950450198455
SV1_C25313,C25313,0.9673682577178262
SV1_C14400,C14400,0.8891704379361403
SV1_C78018,C78018,0.8804426369547842
SV1_C87061,C87061,0.8004336612247561
SV1_C54007,C54007,0.8582470182616339
SV1_C27104,C27104,0.9501329479133408
SV1_C43908,C43908,0.9850258093103571
SV1_C26494,C26494,0.9276216985863919
SV1_C20401,C20401,0.9099956971203137
SV1_C55299,C55299,0.8714844167286963
SV1_C94304,C94304,0.8196872047224104
SV1_C06104,C06104,0.852880989560261
SV1_C48112,C48112,0.9036992728410217
SV1_C90709,C90709,0.9860690777659573
SV1_C43903,C43903,0.86250905473466
SV1_C14429,C14429,0.9092585205186744
SV1_C06708,C06708,0.8700047441672127
SV1_C13882,C13882,0.9120438906759263
SV1_C03611,C03611,0.7979421771705532
SV1_C46810,C46810,0.9341180807341015
SV1_C25822,C25822,0.8736851318149511
SV1_C07849,C07849,0.7949338937189546
SV1_C12700,C12700,0.7278633029019952
SV1_C49902,C49902,0.7988443848809748
SV1_C55803,C55803,0.8634065712230345
SV1_C12030,C12030,0.8839579147819225
SV1_C05474,C05474,0.909526638421305
SV1_C64230,C64230,0.7685451966707549
SV1_C92493,C92493,0.8333892025125414
SV1_C19289,C19289,0.8826394303870624
SV1_C33072,C33072,0.9945524573546927
SV1_C56420,C56420,0.8367608160875082
SV1_C88916,C88916,0.7823458658298525
SV1_C15643,C15643,0.8191437930531261
SV1_C01284,C01284,0.9991285963731245
SV1_C61904,C61904,0.9154530480486912
SV1_C07220,C07220,0.9525861209921036
SV1_C72116,C72116,0.8298012913283366
SV1_C99688,C99688,0.9401496369764117
SV1_C76830,C76830,0.9301074425573845
SV1_C93114,C93114,0.8258378843169297
SV1_C92439,C92439,0.7415504169921793
SV1_C76819,C76819,0.8545685470540475
SV1_C69607,C69607,0.9339908446152356
SV1_C23425,C23425,0.9810732272711005
SV1_C90012,C90012,0.9297940065859384
SV1_C46283,C46283,0.8813353314607926
SV1_C96605,C96605,0.990431691144084
SV1_C11489,C11489,0.823157324632024
SV1_C52843,C52843,0.9323177368326682
SV1_C92427,C92427,0.7696476279749247
SV1_C15627,C15627,0.8283794966967256
SV1_C08476,C08476,0.9889018056710692
SV1_C32405,C32405,0.8871025825244936
SV1_C81695,C81695,0.7791154944728588
SV1_C43241,C43241,0.8365274166801738
SV1_C21704,C21704,0.8582165052372294
SV1_C75613,C75613,0.9330749870280315
SV1_C25273,C25273,0.8967599771791606
SV1_C22807,C22807,0.9861240376302643
SV1_C88252,C88252,0.7453501538630116
SV1_C00084,C00084,0.9925240123721507
SV1_C12118,C12118,0.833705145610921
SV1_C13880,C13880,0.9863693987393451
SV1_C29484,C29484,0.9230147051920148
SV1_C80485,C80485,0.9542737713864994
SV1_C69100,C69100,0.8960441625717362
SV1_C17492,C17492,0.7572101644978071
SV1_C01278,C01278,0.8694166011140827
SV1_C91802,C91802,0.927539164291603
SV1_C63005,C63005,0.9086725119907116
SV1_C00708,C00708,0.9441401231354076
SV1_C00712,C00712,0.9178749861482673
SV1_C72659,C72659,0.9258677656237267
SV1_C77424,C77424,0.9911352525450654
SV1_C97317,C97317,0.7827877928193907
SV1_C45652,C45652,0.9912874746306726
SV1_C78680,C78680,0.9623278125044672
SV1_C11417,C11417,0.87906018311207
SV1_C48671,C48671,0.8119246120211264
SV1_C88857,C88857,0.8076243774184737
SV1_C57692,C57692,0.9086171239178775
SV1_C88268,C88268,0.8125211430937764
SV1_C04907,C04907,0.8925242095239829
SV1_C49230,C49230,0.807967359341947
SV1_C99719,C99719,0.8846975428386519
SV1_C57101,C57101,0.9834822934087023
SV1_C74511,C74511,0.9584240574855538
SV1_C55286,C55286,0.8956525875063295
SV1_C46825,C46825,0.7930439725024556
SV1_C92430,C92430,0.8764013884414754
SV1_C78697,C78697,0.7714186174516656
SV1_C99008,C99008,0.9795118910880126
SV1_C07841,C07841,0.8672592090266548
SV1_C86476,C86476,0.7853098672364003
SV1_C77450,C77450,0.783249398669053
SV1_C26480,C26480,0.8785875775460926
SV1_C92514,C92514,0.8187579299396344
SV1_C81605,C81605,0.9412120362634666
SV1_C73235,C73235,0.8762808223526709
SV1_C01286,C01286,0.8934134918387925
SV1_C97806,C97806,0.9643246733652358
SV1_C25239,C25239,0.7785244461592793
SV1_C18013,C18013,0.9067934489287458
SV1_C05414,C05414,0.9053653744356973
SV1_C22911,C22911,0.8821336822434744
SV1_C60082,C60082,0.9602938945836713
SV1_C22875,C22875,0.7803450927963811
SV1_C36603,C36603,0.9228902656133969
SV1_C75014,C75014,0.8983919402538879
SV1_C31305,C31305,0.8357518149952017
SV1_C09646,C09646,0.9100516946319892
SV1_C92400,C92400,0.8621949444638712
SV1_C29419,C29419,0.8873174250257142
SV1_C15024,C15024,0.8330533340488346
SV1_C18602,C18602,0.9027879417911663
SV1_C18078,C18078,0.7878247148556903
SV1_C78103,C78103,0.8224536006038601
SV1_C91860,C91860,0.9614157753259938
SV1_C68445,C68445,0.9085430765154661
SV1_C54091,C54091,0.951598615446483
SV1_C49286,C49286,0.920005659421979
SV1_C32481,C32481,0.9841480180392409
SV1_C85807,C85807,0.8109211184219769
SV1_C05445,C05445,0.9685218704586595
SV1_C05513,C05513,0.8528467454204902
SV1_C55830,C55830,0.9417836182621117
SV1_C36010,C36010,0.872192984730202
SV1_C96693,C96693,0.8729391315777169
SV1_C22201,C22201,0.8661284486255901
SV1_C49907,C49907,0.8047079979605624
SV1_C46280,C46280,0.8910617461662748
SV1_C96681,C96681,0.8880845241785092
SV1_C12007,C12007,0.8417862116180318
SV1_C43818,C43818,0.8779679090109614
SV1_C89431,C89431,0.8400012365145169
SV1_C51028,C51028,0.8995855804846322
SV1_C00692,C00692,0.8892593256782132
SV1_C45006,C45006,0.9441834856727784
SV1_C58834,C58834,0.8481971841550843
SV1_C13851,C13851,0.7670065061521049
SV1_C09076,C09076,0.9870564786692138
SV1_C19294,C19294,0.8663562613044543
SV1_C78637,C78637,0.9120798908902548
SV1_C75043,C75043,0.8603936016109847
SV1_C33106,C33106,0.8833061053831582
SV1_C05492,C05492,0.9582855956915738
SV1_C94908,C94908,0.80724924562519
SV1_C73830,C73830,0.9666863859073151
SV1_C48600,C48600,0.8353090914036362
SV1_C27116,C27116,0.81949718975011
SV1_C60639,C60639,0.8230813733378499
SV1_C45080,C45080,0.871560657808192
SV1_C44423,C44423,0.8510140553458859
SV1_C45022,C45022,0.8840690901782441
SV1_C72652,C72652,0.7637432376270551
SV1_C30002,C30002,0.9250821971161722
SV1_C73837,C73837,0.942046116473859
SV1_C88207,C88207,0.8588084429578552
SV1_C97299,C97299,0.9657363545675428
SV1_C09656,C09656,0.7891840588192601
SV1_C59481,C59481,0.8730026327760856
SV1_C04886,C04886,0.8351218916169064
SV1_C50404,C50404,0.8649925661554897
SV1_C47411,C47411,0.9842467761973832
SV1_C25215,C25215,0.9951263502379081
SV1_C08470,C08470,0.9101878878183809
SV1_C74470,C74470,0.8944177342383139
SV1_C66609,C66609,0.9846148237828072
SV1_C23443,C23443,0.7309379358611714
SV1_C27626,C27626,0.8322366660776143
SV1_C65411,C65411,0.7872013054186793
SV1_C26414,C26414,0.8957985482916234
SV1_C45026,C45026,0.7741965961376398
SV1_C63707,C63707,0.8994682775932745
SV1_C27638,C27638,0.8971375886695931
SV1_C49819,C49819,0.9559968254929586
SV1_C49259,C49259,0.9095709568038797
SV1_C99617,C99617,0.911782163880061
SV1_C53478,C53478,0.8831347227902567
SV1_C84694,C84694,0.8158161853955833
SV1_C66683,C66683,0.8292556462342738
SV1_C43857,C43857,0.9975665274559802
SV1_C02415,C02415,0.8062354736002824
SV1_C31876,C31876,0.9949733028203533
SV1_C76907,C76907,0.9458423590520744
SV1_C72083,C72083,0.8250993307136073
SV1_C04278,C04278,0.844827445745502
SV1_C53489,C53489,0.8705560194324475
SV1_C15678,C15678,0.8358255625374819
SV1_C81673,C81673,0.994284251864615
SV1_C94305,C94305,0.8219446900397956
SV1_C55832,C55832,0.9711074575104793
SV1_C60624,C60624,0.8502057751173699
SV1_C84621,C84621,0.8521692641383888
SV1_C18629,C18629,0.8244708058965011
SV1_C20423,C20423,0.9164499589436833
SV1_C80486,C80486,0.8837169294605987
SV1_C90073,C90073,0.9139328607044405
SV1_C61279,C61279,0.8641270450524438
SV1_C93678,C93678,0.8675997281272707
SV1_C09090,C09090,0.8494576372979166
SV1_C49237,C49237,0.7930795575185009
SV1_C54046,C54046,0.8758537660648413
SV1_C74492,C74492,0.8724341390417295
SV1_C18000,C18000,0.8787951021242019
SV1_C71474,C71474,0.8749160376217306
SV1_C22889,C22889,0.8654908874134607
SV1_C90015,C90015,0.9129183475700833
SV1_C41409,C41409,0.8924272034911036
SV1_C55906,C55906,0.8935681163524007
SV1_C88249,C88249,0.8158228791481251
SV1_C75706,C75706,0.891663693560829
SV1_C08466,C08466,0.8630733845431003
SV1_C55821,C55821,0.8086346251511279
SV1_C12656,C12656,0.7236270530127378
SV1_C72672,C72672,0.9460047643126255
SV1_C67237,C67237,0.8937453209799964
SV1_C48620,C48620,0.8239488439116087
SV1_C65475,C65475,0.8073239453630106
SV1_C97283,C97283,0.878777766386702
SV1_C28873,C28873,0.9217579539678727
SV1_C11436,C11436,0.8586205569934351
SV1_C35479,C35479,0.857828152734018
SV1_C76804,C76804,0.8957120288175515
SV1_C90029,C90029,0.8165002693506472
SV1_C63699,C63699,0.9040327466452622
SV1_C46850,C46850,0.9552512657900841
SV1_C26416,C26416,0.9944261730431286
SV1_C85275,C85275,0.8429742243812428
SV1_C19839,C19839,0.987083754191808
SV1_C43829,C43829,0.8061389401983259
SV1_C41421,C41421,0.9510681562282525
SV1_C73205,C73205,0.966250347187072
SV1_C25281,C25281,0.9110667310883263
SV1_C19274,C19274,0.7806268545890813
SV1_C16826,C16826,0.9379744988524271
SV1_C00680,C00680,0.9856550828858394
SV1_C62436,C62436,0.7939761732426713
SV1_C16847,C16847,0.9007923501596132
SV1_C59416,C59416,0.9349451442093816
SV1_C97307,C97307,0.9743561881632434
SV1_C69718,C69718,0.9212591062220287
SV1_C07261,C07261,0.7798001433259867
SV1_C27044,C27044,0.8549429708084136
SV1_C62417,C62417,0.9038564246673855
SV1_C72632,C72632,0.8978694643326205
SV1_C72039,C72039,0.8936848095604761
SV1_C43812,C43812,0.850691429706868
SV1_C98439,C98439,0.9756049372293546
SV1_C92469,C92469,0.9306934749844913
SV1_C87610,C87610,0.9161332294735762
SV1_C99689,C99689,0.9288921054670184
SV1_C01812,C01812,0.9815121048834038
SV1_C04822,C04822,0.7835961686886618
SV1_C94807,C94807,0.8523111102906163
SV1_C66605,C66605,0.9874315995670837
SV1_C21711,C21711,0.8717702698644679
SV1_C17438,C17438,0.9764360574429909
SV1_C87648,C87648,0.7511229359168512
SV1_C27080,C27080,0.8627915099583731
SV1_C01290,C01290,0.8645590763560523
SV1_C85893,C85893,0.7796409160640403
SV1_C85214,C85214,0.8740555357165699
SV1_C34297,C34297,0.8188479557888196
SV1_C54026,C54026,0.933138914388655
SV1_C76243,C76243,0.840168763284447
SV1_C10826,C10826,0.8665554626249969
SV1_C67876,C67876,0.82864164264189
SV1_C94809,C94809,0.9786936260839446
SV1_C44479,C44479,0.8552224881579372
SV1_C58804,C58804,0.9454030852183148
SV1_C50495,C50495,0.9041358336030523
SV1_C11445,C11445,0.8354949400929963
SV1_C43882,C43882,0.9108739439664468
SV1_C03622,C03622,0.7216590768801672
SV1_C60019,C60019,0.9366984991313155
SV1_C79277,C79277,0.9939434894853955
SV1_C13910,C13910,0.7997295627637621
SV1_C05476,C05476,0.8067621223612146
SV1_C03097,C03097,0.9008438643221776
SV1_C99116,C99116,0.8649576795018556
SV1_C75077,C75077,0.945717970716827
SV1_C76309,C76309,0.906640587008127
SV1_C75683,C75683,0.8729392795190731
SV1_C88851,C88851,0.9953290074873937
SV1_C00046,C00046,0.8098655319043941
SV1_C19801,C19801,0.8872643957104495
SV1_C17410,C17410,0.9344653943029749
SV1_C43268,C43268,0.8410248932552398
SV1_C89466,C89466,0.8478166680714971
SV1_C60025,C60025,0.8335148565230772
SV1_C65487,C65487,0.8225613672032895
SV1_C25830,C25830,0.88069777962807
SV1_C90046,C90046,0.7835303124527916
SV1_C64238,C64238,0.8191893646482761
SV1_C53400,C53400,0.8494920975350095
SV1_C91234,C91234,0.8301519745884278
SV1_C26441,C26441,0.8620667959500321
SV1_C82888,C82888,0.8901716593945468
SV1_C73280,C73280,0.9428047953019858
SV1_C27099,C27099,0.7852230332456928
SV1_C12038,C12038,0.8518577938077091
SV1_C91233,C91233,0.8718569231248344
SV1_C30679,C30679,0.9778044458782751
SV1_C08416,C08416,0.9279942985337396
SV1_C61906,C61906,0.9975024830674396
SV1_C06021,C06021,0.7923252348466633
SV1_C75693,C75693,0.8886904115445148
SV1_C90074,C90074,0.9381495766430041
SV1_C78696,C78696,0.7626728083360318
SV1_C06046,C06046,0.9851724401271348
SV1_C10800,C10800,0.9705623673062735
SV1_C30601,C30601,0.9041071874916813
SV1_C77402,C77402,0.8764464510130842
SV1_C47489,C47489,0.8553900179657501
SV1_C58204,C58204,0.9474688619554156
SV1_C60626,C60626,0.7991433636847436
SV1_C57675,C57675,0.8234114585820332
SV1_C76917,C76917,0.7513003657682756
SV1_C65442,C65442,0.8886374088422712
SV1_C81690,C81690,0.8632222473395087
SV1_C58914,C58914,0.8553967925276784
SV1_C07803,C07803,0.879144397417751
SV1_C22202,C22202,0.9083925870577709
SV1_C93688,C93688,0.9003339516533806
SV1_C61913,C61913,0.8535778495617735
SV1_C87072,C87072,0.802948939805306
SV1_C14478,C14478,0.8329413347283582
SV1_C70233,C70233,0.9098848577800105
SV1_C33607,C33607,0.8340092141014993
SV1_C50402,C50402,0.9045932409820365
SV1_C10228,C10228,0.8321949856965863
SV1_C31275,C31275,0.974617749177022
SV1_C60711,C60711,0.8809437839492278
SV1_C15682,C15682,0.829443175156103
SV1_C94874,C94874,0.8659941480721622
SV1_C62411,C62411,0.8929737984612968
SV1_C10200,C10200,0.9850016987203329
SV1_C01830,C01830,0.8763921873191766
SV1_C96081,C96081,0.8947147389355493
SV1_C30673,C30673,0.9622091553293913
SV1_C20400,C20400,0.9064256524064501
SV1_C93037,C93037,0.8695274861647245
SV1_C49217,C49217,0.8483695708452004
SV1_C96674,C96674,0.8503898355163386
SV1_C64286,C64286,0.9055874890526528
SV1_C79315,C79315,0.9007024380151674
SV1_C54016,C54016,0.8420738247277112
SV1_C12684,C12684,0.9612314612245811
SV1_C41410,C41410,0.9582912044726
SV1_C81014,C81014,0.8859747707898964
SV1_C43852,C43852,0.9914280692514595
SV1_C64307,C64307,0.9020998786209323
SV1_C57094,C57094,0.7989512563300529
SV1_C43832,C43832,0.8032809916060824
SV1_C03705,C03705,0.9057839808212979
SV1_C10880,C10880,0.9581789069921225
SV1_C15615,C15615,0.9067637346747532
SV1_C79280,C79280,0.9750347027685311
SV1_C51617,C51617,0.8827554940594258
SV1_C75000,C75000,0.9602239355803054
SV1_C87087,C87087,0.7966144085454572
SV1_C44437,C44437,0.7965161112521196
SV1_C45646,C45646,0.9062331166740882
SV1_C73214,C73214,0.904134088855286
SV1_C87002,C87002,0.8927205466570389
SV1_C18091,C18091,0.8746389862356413
SV1_C50477,C50477,0.9898399650708366
SV1_C50494,C50494,0.9705944429039335
SV1_C98428,C98428,0.9286804255521431
SV1_C27644,C27644,0.9070116680356337
SV1_C81110,C81110,0.866594599100706
SV1_C89513,C89513,0.9516431907815198
SV1_C82281,C82281,0.983491898438275
SV1_C77517,C77517,0.7382816291644031
SV1_C49241,C49241,0.8530563495703497
SV1_C29501,C29501,0.819596382845841
SV1_C43806,C43806,0.942998439409811
SV1_C30080,C30080,0.9664821173243398
SV1_C70909,C70909,0.8022346401460808
SV1_C84091,C84091,0.8772304715095676
SV1_C37821,C37821,0.9997191369487338
SV1_C54699,C54699,0.8996225140143085
SV1_C05430,C05430,0.9823276993425806
SV1_C86510,C86510,0.9554794243937333
SV1_C59480,C59480,0.87073450454127
SV1_C03090,C03090,0.8628126958301244
SV1_C94818,C94818,0.9277413656376883
SV1_C57002,C57002,0.9858593708856873
SV1_C72622,C72622,0.9784758324345313
SV1_C54117,C54117,0.734517577470769
SV1_C35512,C35512,0.8374240048956862
SV1_C66086,C66086,0.9627477911686049
SV1_C58879,C58879,0.8374000605710522
SV1_C43301,C43301,0.995412276704417
SV1_C22314,C22314,0.9767933401484109
SV1_C22290,C22290,0.8627026694890458
SV1_C77493,C77493,0.9550615592575648
SV1_C93049,C93049,0.9234043182089403
SV1_C63705,C63705,0.8764975395771839
SV1_C10814,C10814,0.8980195215060335
SV1_C71514,C71514,0.7728628555122009
SV1_C45658,C45658,0.9676111544483302
SV1_C95428,C95428,0.9694174391247211
SV1_C61218,C61218,0.965805732595948
SV1_C81614,C81614,0.8902487991235745
SV1_C09622,C09622,0.9928275784073747
SV1_C59401,C59401,0.9639477081786706
SV1_C26499,C26499,0.8212284585061961
SV1_C28908,C28908,0.8392353208111943
SV1_C46874,C46874,0.9819232148519383
SV1_C91833,C91833,0.9041624294037558
SV1_C60718,C60718,0.8717622208603103
SV1_C18684,C18684,0.7577614738246061
SV1_C91235,C91235,0.784209148146691
SV1_C29499,C29499,0.7908242291237453
SV1_C92507,C92507,0.7398231524090791
SV1_C61802,C61802,0.9518830686270199
SV1_C76288,C76288,0.787101866693509
SV1_C60003,C60003,0.9332370588088538
SV1_C12650,C12650,0.7695165015476206
SV1_C03624,C03624,0.9656201877124231
SV1_C71498,C71498,0.8071728391596095
SV1_C91286,C91286,0.9690364562137507
SV1_C91311,C91311,0.8078925617685702
SV1_C43856,C43856,0.9914791937677943
SV1_C70895,C70895,0.9860358140607541
SV1_C46272,C46272,0.8972310948535407
SV1_C53420,C53420,0.77669008594447
SV1_C21600,C21600,0.8713367557812575
SV1_C96003,C96003,0.84153015297369
SV1_C15072,C15072,0.9144835807630678
SV1_C53499,C53499,0.9236933085189801
SV1_C25890,C25890,0.9470025779098046
SV1_C58819,C58819,0.9411062009982065
SV1_C00010,C00010,0.9700607499212953
SV1_C40202,C40202,0.9402734419271187
SV1_C23482,C23482,0.8992832114466157
SV1_C99006,C99006,0.9463696864982977
SV1_C47446,C47446,0.9373417680339629
SV1_C04202,C04202,0.9302688836331248
SV1_C16221,C16221,0.8130542724582688
SV1_C100311,C100311,0.9127719410978504
SV1_C06113,C06113,0.886787860026528
SV1_C48080,C48080,0.9219580309784678
SV1_C43249,C43249,0.9933879439007687
SV1_C99109,C99109,0.9440705086399453
SV1_C35494,C35494,0.8772278564894519
SV1_C55811,C55811,0.8627717450811618
SV1_C98419,C98419,0.9294162614563849
SV1_C63613,C63613,0.9189852342912772
SV1_C47437,C47437,0.799204387144009
SV1_C27642,C27642,0.9227033095724597
SV1_C15641,C15641,0.8678183826909761
SV1_C40214,C40214,0.9338138375297053
SV1_C94272,C94272,0.9145068181597268
SV1_C91813,C91813,0.9500703846977794
SV1_C09043,C09043,0.9086325810375862
SV1_C10887,C10887,0.9654325241160899
SV1_C59515,C59515,0.8787974926447999
SV1_C46892,C46892,0.7434520574848483
SV1_C56429,C56429,0.9322379702434991
SV1_C93639,C93639,0.9275967373213253
SV1_C82212,C82212,0.9385703023574015
SV1_C60619,C60619,0.933491038636741
SV1_C96686,C96686,0.8433752025331089
SV1_C06718,C06718,0.9272781077838129
SV1_C10238,C10238,0.9222630023581633
SV1_C72105,C72105,0.9145854987395274
SV1_C67316,C67316,0.9949319823312469
SV1_C19293,C19293,0.7993590552055301
SV1_C09075,C09075,0.8689718820208827
SV1_C33112,C33112,0.9027271263583606
SV1_C24637,C24637,0.9778274613930978
SV1_C01914,C01914,0.8241105157118135
SV1_C22223,C22223,0.8543812721168864
SV1_C85903,C85903,0.9412127485671365
SV1_C13899,C13899,0.8015620541821774
SV1_C92501,C92501,0.8632766144432578
SV1_C89414,C89414,0.961645376301674
SV1_C96104,C96104,0.8207164823596
SV1_C08510,C08510,0.8940029209019263
SV1_C89410,C89410,0.9366811191076663
SV1_C25907,C25907,0.8547281348577482
SV1_C91820,C91820,0.895313301742349
SV1_C90021,C90021,0.9112718022033327
SV1_C58828,C58828,0.8453776879628476
SV1_C71437,C71437,0.8674249709426
SV1_C84006,C84006,0.9050178680076938
SV1_C64886,C64886,0.9322265675451675
SV1_C03630,C03630,0.8678305868383653
SV1_C56507,C56507,0.8310041300812145
SV1_C12696,C12696,0.7346140448943873
SV1_C12029,C12029,0.9368378935225035
SV1_C45666,C45666,0.9073547587424918
SV1_C67306,C67306,0.9977191191185977
SV1_C85815,C85815,0.8048208644272152
SV1_C51039,C51039,0.9791737409359454
SV1_C29497,C29497,0.8217394521786032
SV1_C34822,C34822,0.9941593544345019
SV1_C76816,C76816,0.8815454808062047
SV1_C93677,C93677,0.9136766391058485
SV1_C94882,C94882,0.8577367387689558
SV1_C89439,C89439,0.8279529709402151
SV1_C91814,C91814,0.9704033846575149
SV1_C27636,C27636,0.9695685717508246
SV1_C07249,C07249,0.792450773531562
SV1_C67240,C67240,0.829851163283092
SV1_C48660,C48660,0.8922990839477724
SV1_C65508,C65508,0.8814921369126347
SV1_C06694,C06694,0.9513339552745652
SV1_C22236,C22236,0.9721901656142276
SV1_C93110,C93110,0.8034579991945333
SV1_C44459,C44459,0.7983249799289026
SV1_C84693,C84693,0.7502499955921684
SV1_C09096,C09096,0.8400646788350233
SV1_C62477,C62477,0.909653521234581
SV1_C54709,C54709,0.8358805282960433
SV1_C18090,C18090,0.9914048396118468
SV1_C43816,C43816,0.806315063784078
SV1_C30114,C30114,0.8687502807031898
SV1_C51096,C51096,0.813196918942788
SV1_C48086,C48086,0.9782356410723247
SV1_C87682,C87682,0.8602435433237953
SV1_C49214,C49214,0.8560536902354221
SV1_C16206,C16206,0.9356184578594955
SV1_C87677,C87677,0.8430434863739492
SV1_C04887,C04887,0.917846026339484
SV1_C45095,C45095,0.7676136481626359
SV1_C73885,C73885,0.9312895620939804
SV1_C45631,C45631,0.785082450896562
SV1_C07850,C07850,0.7547581185841814
SV1_C47502,C47502,0.9561550806836983
SV1_C69040,C69040,0.8156801044538556
SV1_C91840,C91840,0.8053209469183779
SV1_C80519,C80519,0.831951019771237
SV1_C72696,C72696,0.9158093300708067
SV1_C98434,C98434,0.8977535143621634
SV1_C93644,C93644,0.8088925251566315
SV1_C27115,C27115,0.871007760663597
SV1_C88829,C88829,0.8351952332370973
SV1_C66700,C66700,0.9159707785764682
SV1_C19876,C19876,0.9017430749918943
SV1_C59402,C59402,0.9831965087236811
SV1_C28885,C28885,0.8878326341650811
SV1_C82297,C82297,0.8707941072602899
SV1_C72644,C72644,0.7685025208021967
SV1_C19845,C19845,0.8307210602357646
SV1_C42621,C42621,0.8582746026960764
SV1_C19833,C19833,0.8462004493595566
SV1_C58275,C58275,0.8287086518410469
SV1_C47479,C47479,0.9115107682086862
SV1_C78037,C78037,0.954858855783512
SV1_C94843,C94843,0.8769463263152054
SV1_C45114,C45114,0.9275404806005131
SV1_C100241,C100241,0.9328453275410137
SV1_C01243,C01243,0.9721517273167994
SV1_C00611,C00611,0.8200012462824253
SV1_C73220,C73220,0.92610245750903
SV1_C59510,C59510,0.945939196556758
SV1_C44409,C44409,0.8503448564913088
SV1_C62475,C62475,0.8719370928277663
SV1_C61900,C61900,0.9195597017529633
SV1_C13848,C13848,0.7830162402843561
SV1_C66001,C66001,0.9815389459849456
SV1_C91863,C91863,0.8564228281189405
SV1_C86483,C86483,0.815631202099058
SV1_C74485,C74485,0.9287817167618663
SV1_C73851,C73851,0.9242750785656239
SV1_C54100,C54100,0.7981421342225208
SV1_C12107,C12107,0.970047771711294
SV1_C52284,C52284,0.9727092836482206
SV1_C42015,C42015,0.9890343938716963
SV1_C00040,C00040,0.9562941109458437
SV1_C89494,C89494,0.9957778757315063
SV1_C51045,C51045,0.7846447242418059
SV1_C35423,C35423,0.967546110695539
SV1_C08488,C08488,0.8653164716147312
SV1_C60709,C60709,0.9240227916287355
SV1_C67318,C67318,0.9269552531496674
SV1_C35509,C35509,0.8588563008392598
SV1_C46260,C46260,0.9799529399580195
SV1_C94811,C94811,0.867301133345168
SV1_C17431,C17431,0.8565729064001396
SV1_C25278,C25278,0.9481018764841898
SV1_C86482,C86482,0.8246287893773956
SV1_C16202,C16202,0.932592276885589
SV1_C27609,C27609,0.8377048398225148
SV1_C24000,C24000,0.9014203412935783
SV1_C69078,C69078,0.9555767389964889
SV1_C13864,C13864,0.7720669663384621
SV1_C07816,C07816,0.9296726568088507
SV1_C48713,C48713,0.854745548514731
SV1_C06007,C06007,0.9443255667360715
SV1_C03623,C03623,0.7748936682002253
SV1_C98499,C98499,0.9219575239703318
SV1_C11451,C11451,0.8869369374379065
SV1_C93704,C93704,0.8178022734884354
SV1_C32423,C32423,0.8490960596554455
SV1_C07813,C07813,0.9801540631359347
SV1_C82282,C82282,0.911865039691551
SV1_C01882,C01882,0.8795241462983777
SV1_C10810,C10810,0.9086987753741856
SV1_C72000,C72000,0.9738208934734117
SV1_C51073,C51073,0.9888437389523804
SV1_C27084,C27084,0.8703901684863813
SV1_C75090,C75090,0.8704174460160656
SV1_C80403,C80403,0.8306994974547739
SV1_C06642,C06642,0.8996080243297079
SV1_C08487,C08487,0.9320057518555784
SV1_C21682,C21682,0.8387165874112942
SV1_C62472,C62472,0.8296728233574759
SV1_C52206,C52206,0.9023013247640512
SV1_C44475,C44475,0.8567147885414951
SV1_C26502,C26502,0.89726611978935
SV1_C24633,C24633,0.9892089039159783
SV1_C54075,C54075,0.9614586586956344
SV1_C33113,C33113,0.8975335154619326
SV1_C85273,C85273,0.9889768073905543
SV1_C09639,C09639,0.9182006235661042
SV1_C66046,C66046,0.9500375844274809
SV1_C67233,C67233,0.8782747774872489
SV1_C67815,C67815,0.835070718286387
SV1_C46267,C46267,0.8197560152982416
SV1_C23490,C23490,0.8676008817078212
SV1_C100283,C100283,0.9416304220909393
SV1_C56492,C56492,0.8149045892567217
SV1_C93072,C93072,0.9065061854610957
SV1_C79319,C79319,0.8377538598902231
SV1_C78025,C78025,0.9826534492309466
SV1_C58246,C58246,0.9133812724463123
SV1_C53488,C53488,0.8756272413875764
SV1_C13829,C13829,0.897156112834438
SV1_C85810,C85810,0.8914840034678302
SV1_C22214,C22214,0.9222521157019482
SV1_C63115,C63115,0.8650979921566506
SV1_C63111,C63111,0.8683822094189837
SV1_C33694,C33694,0.7568022948659958
SV1_C04245,C04245,0.9262989405692861
SV1_C76293,C76293,0.8726829052208259
SV1_C70831,C70831,0.9443906610130768
SV1_C61874,C61874,0.9951057463950711
SV1_C84103,C84103,0.8638895487833633
SV1_C92446,C92446,0.8313548261921981
SV1_C97886,C97886,0.8754230494416521
SV1_C54685,C54685,0.9014483595621597
SV1_C16282,C16282,0.8270859459288273
SV1_C95512,C95512,0.7595165614499398
SV1_C58241,C58241,0.7667300353709754
SV1_C32511,C32511,0.7938119114724371
SV1_C44401,C44401,0.8531969539758806
SV1_C64242,C64242,0.8471854180100357
SV1_C54118,C54118,0.8363740171592043
SV1_C67918,C67918,0.9305161056544379
SV1_C94237,C94237,0.9993727806148909
SV1_C56489,C56489,0.7399183147613391
SV1_C51006,C51006,0.9060359569124157
SV1_C00615,C00615,0.8131379269827003
SV1_C01894,C01894,0.8364844869848347
SV1_C78067,C78067,0.8071790437917882
SV1_C13913,C13913,0.8182583933011243
SV1_C64835,C64835,0.8446631161825183
SV1_C19273,C19273,0.8095148350193593
SV1_C67839,C67839,0.8681174904308687
SV1_C09678,C09678,0.945779616941459
SV1_C06634,C06634,0.9857824288567552
SV1_C44434,C44434,0.775190070630786
SV1_C28884,C28884,0.9081182350239165
SV1_C34279,C34279,0.8659252637548147
SV1_C36022,C36022,0.980907754044585
SV1_C95501,C95501,0.821469947529413
SV1_C43289,C43289,0.7680502098197043
SV1_C55291,C55291,0.972585534558936
SV1_C25895,C25895,0.9744410712189389
SV1_C93641,C93641,0.9738420441287878
SV1_C72096,C72096,0.912214459541482
SV1_C94203,C94203,0.8453896538821711
SV1_C45066,C45066,0.9075486826747792
SV1_C79811,C79811,0.8389895376226534
SV1_C99699,C99699,0.867280098692656
SV1_C66603,C66603,0.7871876332659979
SV1_C86458,C86458,0.9295235271803511
SV1_C61801,C61801,0.9310012995304802
SV1_C15691,C15691,0.9062464983694105
SV1_C12079,C12079,0.890467972784009
SV1_C43208,C43208,0.865680492908232
SV1_C16839,C16839,0.8341707927546483
SV1_C91895,C91895,0.8422289849660033
SV1_C27688,C27688,0.8063539678423132
SV1_C49245,C49245,0.9470476884247576
SV1_C64808,C64808,0.9556121875705247
SV1_C03603,C03603,0.7969713743625351
SV1_C26422,C26422,0.8739323931593728
SV1_C10856,C10856,0.7750381440656623
SV1_C57682,C57682,0.880952105428086
SV1_C93703,C93703,0.9890424196227657
SV1_C13818,C13818,0.9140349666589183
SV1_C19814,C19814,0.8593744886702124
SV1_C69637,C69637,0.8487226583849174
SV1_C36012,C36012,0.8953979775091777
SV1_C67837,C67837,0.8857320664306598
SV1_C81608,C81608,0.9458795637500013
SV1_C13212,C13212,0.9851381688691191
SV1_C34287,C34287,0.8847667142964933
SV1_C46914,C46914,0.9213636320747259
SV1_C18645,C18645,0.9404531652311654
SV1_C73288,C73288,0.8352087779309937
SV1_C06620,C06620,0.8001857996532371
SV1_C22814,C22814,0.9248990413529365
SV1_C14431,C14431,0.8458002766547154
SV1_C48038,C48038,0.7342533701223724
SV1_C87027,C87027,0.8501132895960899
SV1_C54095,C54095,0.9276333620805917
SV1_C76239,C76239,0.9275219555976268
SV1_C67245,C67245,0.9135355131072829
SV1_C62512,C62512,0.80761138053436
SV1_C16222,C16222,0.8703729192143506
SV1_C43906,C43906,0.9724835214444126
SV1_C58302,C58302,0.9518974843510158
SV1_C06698,C06698,0.8653847535533762
SV1_C31317,C31317,0.9932375053130426
SV1_C11446,C11446,0.8648010524105001
SV1_C29415,C29415,0.8965849686695765
SV1_C70807,C70807,0.9879012155505966
SV1_C75049,C75049,0.7641701702642784
SV1_C78032,C78032,0.9720037469719662
SV1_C90095,C90095,0.9292293799905624
SV1_C05423,C05423,0.8995934222243377
SV1_C66619,C66619,0.9275214363709274
SV1_C20410,C20410,0.8923246826657899
SV1_C90026,C90026,0.8331964939186471
SV1_C69041,C69041,0.7970267694402288
SV1_C11486,C11486,0.8777843520336492
SV1_C67822,C67822,0.9352668561394015
SV1_C78106,C78106,0.773716853019545
SV1_C34810,C34810,0.860237826604215
SV1_C81008,C81008,0.9421261405334683
SV1_C04917,C04917,0.8812555218663576
SV1_C49800,C49800,0.8972209631013761
SV1_C83474,C83474,0.8553873103459796
SV1_C43869,C43869,0.8295934761333792
SV1_C21717,C21717,0.8775341529805472
SV1_C12080,C12080,0.9249402405536948
SV1_C90647,C90647,0.7766850891514497
SV1_C03712,C03712,0.9071021280596291
SV1_C58842,C58842,0.8061270848949779
SV1_C10293,C10293,0.8226737818588576
SV1_C84701,C84701,0.8258036399745377
SV1_C58909,C58909,0.9005556483141307
SV1_C17406,C17406,0.9291578267545252
SV1_C73815,C73815,0.8510610530744076
SV1_C79821,C79821,0.871788623699399
SV1_C96007,C96007,0.849340877035839
SV1_C85284,C85284,0.9507339072637585
SV1_C67878,C67878,0.9607393562868356
SV1_C31309,C31309,0.8178855829129105
SV1_C48654,C48654,0.9377823157564606
SV1_C87609,C87609,0.9016369268641555
SV1_C78024,C78024,0.9773724686913368
SV1_C16238,C16238,0.9945652935809356
SV1_C20439,C20439,0.9681506635471896
SV1_C24102,C24102,0.9146869154737327
SV1_C78662,C78662,0.838802581181607
SV1_C48696,C48696,0.8939228118825129
SV1_C76274,C76274,0.8801557405727386
SV1_C24600,C24600,0.906284828010116
SV1_C66610,C66610,0.946179704482923
SV1_C91804,C91804,0.8937723343737358
SV1_C64881,C64881,0.8678290755033361
SV1_C13823,C13823,0.9160232254837724
SV1_C47433,C47433,0.7812043822462881
SV1_C100239,C100239,0.8058791817388905
SV1_C51094,C51094,0.9780502202949611
SV1_C65498,C65498,0.9880341739793722
SV1_C68405,C68405,0.9997280941646987
SV1_C17495,C17495,0.8019263797896573
SV1_C49900,C49900,0.8484406306414983
SV1_C48661,C48661,0.9251781693619299
SV1_C75108,C75108,0.9103768795783451
SV1_C82319,C82319,0.8167564880100616
SV1_C07829,C07829,0.898927177793734
SV1_C88855,C88855,0.9957046982340478
SV1_C76292,C76292,0.8573445958956326
SV1_C66116,C66116,0.9863340127971679
SV1_C29413,C29413,0.918788440240819
SV1_C12018,C12018,0.8485641683561128
SV1_C43272,C43272,0.8426978578337956
SV1_C83416,C83416,0.903453376700595
SV1_C45015,C45015,0.9876703411274649
SV1_C24715,C24715,0.9192914319993416
SV1_C19836,C19836,0.8249515450728367
SV1_C72032,C72032,0.9029077980176636
SV1_C16841,C16841,0.8495403910542983
SV1_C37818,C37818,0.9390939223627857
SV1_C27105,C27105,0.9569514817650202
SV1_C85310,C85310,0.9009913334918564
SV1_C94835,C94835,0.9665952842923199
SV1_C79894,C79894,0.7740643785873759
SV1_C13877,C13877,0.9789247436287905
SV1_C66707,C66707,0.899093119742883
SV1_C78006,C78006,0.9177547761543947
SV1_C03009,C03009,0.9902961119114113
SV1_C86475,C86475,0.8200665022750718
SV1_C34815,C34815,0.8588906598623947
SV1_C59497,C59497,0.939977030226369
SV1_C07282,C07282,0.9437358484882085
SV1_C30693,C30693,0.7877702294261753
SV1_C75652,C75652,0.7489118328686012
SV1_C26434,C26434,0.8542340810095231
SV1_C46851,C46851,0.7868530361536507
SV1_C97297,C97297,0.815143006679536
SV1_C66012,C66012,0.9483142581654427
SV1_C94879,C94879,0.899871990117311
SV1_C13251,C13251,0.7677279442973995
SV1_C17419,C17419,0.8923648894711066
SV1_C77429,C77429,0.9997086972673951
SV1_C93018,C93018,0.9139291522445159
SV1_C36600,C36600,0.8293159229226923
SV1_C02500,C02500,0.9239422364572074
SV1_C13262,C13262,0.8340811444067119
SV1_C48096,C48096,0.9496543409539051
SV1_C78698,C78698,0.7684311076990148
SV1_C19887,C19887,0.8499926370537811
SV1_C54645,C54645,0.7996938420154159
SV1_C67225,C67225,0.8601873921974659
SV1_C56432,C56432,0.9257047662477034
SV1_C49255,C49255,0.9049988797816138
SV1_C49833,C49833,0.8165456453309888
SV1_C84075,C84075,0.8636571710909257
SV1_C49804,C49804,0.8973932807342506
SV1_C85288,C85288,0.8594737369264726
SV1_C76858,C76858,0.7689067479988017
SV1_C58904,C58904,0.8862481330608303
SV1_C24031,C24031,0.7594108088844176
SV1_C53407,C53407,0.8663875087340412
SV1_C74509,C74509,0.917067165015467
SV1_C79209,C79209,0.9199610989949271
SV1_C74502,C74502,0.8928476043504223
SV1_C61200,C61200,0.9211056516105819
SV1_C07232,C07232,0.866774172472077
SV1_C93104,C93104,0.7887040372662292
SV1_C12702,C12702,0.8167792848869434
SV1_C97917,C97917,0.8101996552627583
SV1_C88853,C88853,0.8104438299331287
SV1_C77516,C77516,0.7462093287101471
SV1_C99623,C99623,0.8966723316006318
SV1_C84676,C84676,0.9247700633835915
SV1_C10216,C10216,0.916302296057471
SV1_C82803,C82803,0.8145987319622328
SV1_C46258,C46258,0.9659652010776308
SV1_C28905,C28905,0.8124950937981642
SV1_C91803,C91803,0.8779060348769953
SV1_C53473,C53473,0.9689561258135153
SV1_C78017,C78017,0.9216365000414474
SV1_C12096,C12096,0.7881214200842572
SV1_C03612,C03612,0.9616948369013101
SV1_C88878,C88878,0.8958813297052292
SV1_C48716,C48716,0.8078957147747993
SV1_C81621,C81621,0.867939735478215
SV1_C00020,C00020,0.7649709255193894
SV1_C92494,C92494,0.8119443124060002
SV1_C18095,C18095,0.8138135069448077
SV1_C87622,C87622,0.9008861790184619
SV1_C88273,C88273,0.8599873671742544
SV1_C46296,C46296,0.9904775336137773
SV1_C87007,C87007,0.8450479595402085
SV1_C100240,C100240,0.9284624872645357
SV1_C69036,C69036,0.8071089305716869
SV1_C78624,C78624,0.9413831667512096
SV1_C78057,C78057,0.8632308123923036
SV1_C46809,C46809,0.8383958128345422
SV1_C62502,C62502,0.9929059089192757
SV1_C57619,C57619,0.9429084618976473
SV1_C57629,C57629,0.8154286412672963
SV1_C95493,C95493,0.8544252308682893
SV1_C50424,C50424,0.885377372389313
SV1_C20406,C20406,0.892689054932412
SV1_C67883,C67883,0.8362851127774423
SV1_C96635,C96635,0.9870317959861395
SV1_C35506,C35506,0.8402125378893155
SV1_C35508,C35508,0.8582944793923785
SV1_C90633,C90633,0.838222140911395
SV1_C31202,C31202,0.9189765344164498
SV1_C16832,C16832,0.8428352945255896
SV1_C87678,C87678,0.8634540428735001
SV1_C95416,C95416,0.9474635231352369
SV1_C51026,C51026,0.8938332145391463
SV1_C48070,C48070,0.7836573236474328
SV1_C51625,C51625,0.9177574187656921
SV1_C48608,C48608,0.8348324328747455
SV1_C61820,C61820,0.8383304190424276
SV1_C72711,C72711,0.9482900709561128
SV1_C00044,C00044,0.776699556874564
SV1_C52214,C52214,0.9132212500880913
SV1_C88870,C88870,0.8170546970635789
SV1_C83519,C83519,0.7835262869128738
SV1_C00025,C00025,0.9519141414451825
SV1_C06605,C06605,0.8216759747629846
SV1_C25828,C25828,0.9833977981446644
SV1_C94825,C94825,0.9755480962291241
SV1_C21641,C21641,0.8777881376834091
SV1_C14485,C14485,0.8639124221096973
SV1_C86456,C86456,0.7518481814122119
SV1_C02407,C02407,0.8124613047228424
SV1_C85882,C85882,0.9624667243855056
SV1_C48055,C48055,0.7866930004620113
SV1_C67243,C67243,0.7720418181031814
SV1_C54634,C54634,0.9472803593962335
SV1_C92457,C92457,0.9481747291811011
SV1_C97289,C97289,0.9714652533206597
SV1_C77519,C77519,0.8627672973296223
SV1_C99643,C99643,0.8176349400581346
SV1_C18674,C18674,0.7877826281202295
SV1_C58308,C58308,0.8581349563788713
SV1_C95505,C95505,0.8198787837387735
SV1_C97824,C97824,0.9098160222281882
SV1_C19227,C19227,0.9728102372412013
SV1_C27629,C27629,0.9083964946811096
SV1_C88914,C88914,0.9281171685078877
SV1_C09024,C09024,0.8357863641386216
SV1_C77514,C77514,0.7920837742500271
SV1_C05411,C05411,0.9258498137048508
SV1_C92499,C92499,0.7432819529413889
SV1_C93007,C93007,0.8282608690356978
SV1_C12636,C12636,0.9164674932719682
SV1_C43284,C43284,0.8094448560653971
SV1_C49249,C49249,0.9506650135855809
SV1_C08434,C08434,0.9365565276924845
SV1_C12040,C12040,0.787442337457714
SV1_C22803,C22803,0.9830031025626788
SV1_C42612,C42612,0.8209222846259278
SV1_C77496,C77496,0.8286791139771527
SV1_C15025,C15025,0.8986983881296016
SV1_C92473,C92473,0.9609332913438111
SV1_C88815,C88815,0.8971714334871717
SV1_C43216,C43216,0.8085059479362118
SV1_C04279,C04279,0.8932454355029829
SV1_C69619,C69619,0.9205298020143566
SV1_C03614,C03614,0.944251808440618
SV1_C81085,C81085,0.9537174368009632
SV1_C11470,C11470,0.9271715524431835
SV1_C70293,C70293,0.8528509062101233
SV1_C78644,C78644,0.7579906787031051
SV1_C54697,C54697,0.8234860399597898
SV1_C51719,C51719,0.9373305400142797
SV1_C60075,C60075,0.8405178651315018
SV1_C96685,C96685,0.9254674756391752
SV1_C19245,C19245,0.9096288096488859
SV1_C71472,C71472,0.8797845416010297
SV1_C84102,C84102,0.8024976622408728
SV1_C61278,C61278,0.9916896886226143
SV1_C82884,C82884,0.8959964732943955
SV1_C00640,C00640,0.9611473862507687
SV1_C62403,C62403,0.8863917001189712
SV1_C08508,C08508,0.8306439593220172
SV1_C97831,C97831,0.9997816775746368
SV1_C16892,C16892,0.7646628997890603
SV1_C30010,C30010,0.9312349377342038
SV1_C27633,C27633,0.924683907667551
SV1_C66075,C66075,0.8134661718001623
SV1_C77444,C77444,0.8161368668233401
SV1_C21697,C21697,0.8663893489274828
SV1_C88289,C88289,0.9028786727394821
SV1_C22295,C22295,0.9995196073916094
SV1_C10836,C10836,0.826359327258669
SV1_C33014,C33014,0.9029487977476179
SV1_C45079,C45079,0.865927286281213
SV1_C09655,C09655,0.9005948483674632
SV1_C39022,C39022,0.9859192208038055
SV1_C45685,C45685,0.8950157180972487
SV1_C15695,C15695,0.7766838916906791
SV1_C63633,C63633,0.8245287552521987
SV1_C27030,C27030,0.7893860572226246
SV1_C69639,C69639,0.9099161171796508
SV1_C40817,C40817,0.9338118539873285
SV1_C59423,C59423,0.8590461780042613
SV1_C76854,C76854,0.7700675631644703
SV1_C55808,C55808,0.9681503151785787
SV1_C10859,C10859,0.921894736541297
SV1_C63108,C63108,0.8560905703171264
SV1_C13838,C13838,0.8195073688937163
SV1_C10319,C10319,0.9644182033656696
SV1_C57611,C57611,0.9469854565383351
SV1_C100214,C100214,0.8715750471997791
SV1_C12112,C12112,0.7323454190124487
SV1_C100201,C100201,0.9050495070815309
SV1_C46295,C46295,0.7750477202059952
SV1_C64200,C64200,0.9333884216894418
SV1_C74413,C74413,0.9503105577094686
SV1_C66614,C66614,0.925181221726112
SV1_C51678,C51678,0.9009758985130714
SV1_C05435,C05435,0.8757129068823161
SV1_C91889,C91889,0.8934127025208358
SV1_C48688,C48688,0.8172867504455763
SV1_C55872,C55872,0.7604780538284953
SV1_C24611,C24611,0.9921108161789746
SV1_C48026,C48026,0.7230842468957898
SV1_C94217,C94217,0.9336964323995064
SV1_C55204,C55204,0.9306618471448606
SV1_C04222,C04222,0.7406831694315107
SV1_C48693,C48693,0.8424788854900445
SV1_C70843,C70843,0.8648757019558427
SV1_C26410,C26410,0.8746718073257013
SV1_C09041,C09041,0.8533363102720855
SV1_C60098,C60098,0.9809452858454549
SV1_C54639,C54639,0.9804953278822581
SV1_C09069,C09069,0.9811773322388965
SV1_C91853,C91853,0.919865372211204
SV1_C20431,C20431,0.9816087220704948
SV1_C87657,C87657,0.8154719249610332
SV1_C94213,C94213,0.9657738633693785
SV1_C12662,C12662,0.7897752060849675
SV1_C48113,C48113,0.9107224186567476
SV1_C28911,C28911,0.7538663211738429
SV1_C90007,C90007,0.8793061185320717
SV1_C76316,C76316,0.7794257739394375
SV1_C95491,C95491,0.8927263460062225
SV1_C91315,C91315,0.7834054186953835
SV1_C03110,C03110,0.8658416580738999
SV1_C04914,C04914,0.7980373747652744
SV1_C13896,C13896,0.7705699559222645
SV1_C15002,C15002,0.9357606758101148
SV1_C91898,C91898,0.9037598697073912
SV1_C61296,C61296,0.9192101709635189
SV1_C27004,C27004,0.8846791567758749
SV1_C10309,C10309,0.8345241172172964
SV1_C08518,C08518,0.9154938248566722
SV1_C60633,C60633,0.8371147727733315
SV1_C55280,C55280,0.871517688577221
SV1_C45050,C45050,0.9653364656710016
SV1_C09065,C09065,0.8833588608040479
SV1_C04305,C04305,0.8880583773164409
SV1_C65417,C65417,0.8684783758128157
SV1_C72607,C72607,0.8622096438871379
SV1_C93100,C93100,0.789940397926798
SV1_C43217,C43217,0.7979474241622424
SV1_C55221,C55221,0.7652952300179429
SV1_C52804,C52804,0.8555284466511208
SV1_C09091,C09091,0.9707282701383548
SV1_C21083,C21083,0.8708996568951982
SV1_C92463,C92463,0.7910872605603085
SV1_C59445,C59445,0.8903060290230347
SV1_C82316,C82316,0.8365867367026814
SV1_C04880,C04880,0.9096427621609123
SV1_C75705,C75705,0.9237009006734338
SV1_C19874,C19874,0.857672844099393
SV1_C29494,C29494,0.7763405952396303
SV1_C100316,C100316,0.8929264933148111
SV1_C07888,C07888,0.8660718054611827
SV1_C80517,C80517,0.8266869555290292
SV1_C72614,C72614,0.9051487891270411
SV1_C75614,C75614,0.90987190978904
SV1_C32501,C32501,0.852516011611732
SV1_C82877,C82877,0.9621966353427859
SV1_C53401,C53401,0.871514092127933
SV1_C97878,C97878,0.8107330897674327
SV1_C30073,C30073,0.9506668544160825
SV1_C93043,C93043,0.8400183655479362
SV1_C78707,C78707,0.7871106841471264
SV1_C63091,C63091,0.9507410308991254
SV1_C12620,C12620,0.8163706072658569
SV1_C85219,C85219,0.8068160686642726
SV1_C27092,C27092,0.9632326245557008
SV1_C67282,C67282,0.968548719648305
SV1_C50502,C50502,0.8671138103859907
SV1_C09018,C09018,0.9276379512689203
SV1_C64882,C64882,0.9220230152325573
SV1_C89510,C89510,0.9701584568185532
SV1_C74450,C74450,0.8600392151048885
SV1_C99094,C99094,0.8442920930421693
SV1_C72088,C72088,0.8356964281172756
SV1_C84696,C84696,0.8008018559414609
SV1_C73853,C73853,0.7692198077304823
SV1_C09059,C09059,0.9152059385455396
SV1_C08462,C08462,0.8360705521658591
SV1_C78047,C78047,0.9886918942062506
SV1_C72712,C72712,0.8511327944875687
SV1_C61205,C61205,0.9477228777776042
SV1_C30617,C30617,0.8993302431187639
SV1_C05519,C05519,0.9276918529157372
SV1_C72076,C72076,0.944508668200817
SV1_C100207,C100207,0.7843637716383249
SV1_C87094,C87094,0.999558852005225
SV1_C04216,C04216,0.898060807456011
SV1_C16888,C16888,0.8410312520891842
SV1_C54086,C54086,0.878724296251634
SV1_C04226,C04226,0.8597353862209104
SV1_C87705,C87705,0.9958015238371476
SV1_C45031,C45031,0.784717557045422
SV1_C91807,C91807,0.8831903175936621
SV1_C25295,C25295,0.9871073168221489
SV1_C55879,C55879,0.9665713759845281
SV1_C25873,C25873,0.9122991685048073
SV1_C88821,C88821,0.8968611884663981
SV1_C46852,C46852,0.9803101636436418
SV1_C25918,C25918,0.92058320666185
SV1_C01818,C01818,0.9154855537098816
SV1_C01291,C01291,0.8078656863548292
SV1_C24086,C24086,0.9273984431708783
SV1_C24084,C24084,0.8235935889330502
SV1_C77449,C77449,0.8311256801471869
SV1_C03105,C03105,0.9164927501542935
SV1_C78071,C78071,0.836580127848792
SV1_C73808,C73808,0.9690139068666596
SV1_C69621,C69621,0.9527454277703925
SV1_C52298,C52298,0.8564762175580785
SV1_C77462,C77462,0.8520475585413031
SV1_C85304,C85304,0.8282484919120349
SV1_C89416,C89416,0.9341224319078677
SV1_C13822,C13822,0.8734114327183294
SV1_C06707,C06707,0.9576698036119435
SV1_C71518,C71518,0.7989974048168518
SV1_C51077,C51077,0.9895815510424381
SV1_C99117,C99117,0.8887001756739433
SV1_C70809,C70809,0.8521021242304213
SV1_C46243,C46243,0.7318068478676493
SV1_C01205,C01205,0.9984194658559801
SV1_C58303,C58303,0.8764658920483785
SV1_C50442,C50442,0.8051982920370887
SV1_C97847,C97847,0.8822559325224074
SV1_C01916,C01916,0.9272514575012726
SV1_C01208,C01208,0.9921705368650799
SV1_C30095,C30095,0.8524507379496347
SV1_C54630,C54630,0.9484082262341563
SV1_C57627,C57627,0.833294182422435
SV1_C74493,C74493,0.9034856799762233
SV1_C28216,C28216,0.8517732353089297
SV1_C51081,C51081,0.9890538272269249
SV1_C87607,C87607,0.8521943307769745
SV1_C09032,C09032,0.8441273547102063
SV1_C29511,C29511,0.7617895552508623
SV1_C26428,C26428,0.9534321348989454
SV1_C22809,C22809,0.8987684146707878
SV1_C88203,C88203,0.8538532399698646
SV1_C34319,C34319,0.9906315355700938
SV1_C21692,C21692,0.9525824924394786
SV1_C88242,C88242,0.8669703516551686
SV1_C22283,C22283,0.7739965213029926
SV1_C54621,C54621,0.7786755521229458
SV1_C80508,C80508,0.9156274195505547
SV1_C60608,C60608,0.9383637672922418
SV1_C97811,C97811,0.8482900459656325
SV1_C98491,C98491,0.9436966757350586
SV1_C96037,C96037,0.9892087175811666
SV1_C94220,C94220,0.8725087369436367
SV1_C63642,C63642,0.8241363917422984
SV1_C82302,C82302,0.8441241973228726
SV1_C10811,C10811,0.8710641149144044
SV1_C62406,C62406,0.9282913249779787
SV1_C08461,C08461,0.7850958291857516
SV1_C78064,C78064,0.9103022258128135
SV1_C93073,C93073,0.9320217112335776
SV1_C13235,C13235,0.9263740850065214
SV1_C59518,C59518,0.8751198828664732
SV1_C51691,C51691,0.8974121730493487
SV1_C28909,C28909,0.820787395074566
SV1_C71401,C71401,0.7960933931706398
SV1_C85818,C85818,0.8579318889606109
SV1_C53436,C53436,0.926097752500771
SV1_C71482,C71482,0.8740444623585749
SV1_C31303,C31303,0.8077978260104693
SV1_C10296,C10296,0.8361135275913584
SV1_C65517,C65517,0.9709144260931157
SV1_C79298,C79298,0.8551925502451936
SV1_C23438,C23438,0.8791351406564548
SV1_C76885,C76885,0.8517177176803541
SV1_C66037,C66037,0.9022142405662883
SV1_C20489,C20489,0.8905333120144303
SV1_C40812,C40812,0.8717896178736415
SV1_C52828,C52828,0.9409595699791571
SV1_C25827,C25827,0.8372353247557005
SV1_C69642,C69642,0.8374706122261147
SV1_C95420,C95420,0.8705377789555532
SV1_C81090,C81090,0.8456604805245767
SV1_C89438,C89438,0.8733971737768688
SV1_C12674,C12674,0.8962223596105745
SV1_C43838,C43838,0.7649614984701465
SV1_C90691,C90691,0.8226920483337796
SV1_C100308,C100308,0.9253806465987718
SV1_C82204,C82204,0.9499336548329748
SV1_C15617,C15617,0.9122815790158317
SV1_C08450,C08450,0.7600579179175332
SV1_C63673,C63673,0.7812936604494637
SV1_C87112,C87112,0.9392067174433515
SV1_C97202,C97202,0.962145633348077
SV1_C60086,C60086,0.9353075981379937
SV1_C88319,C88319,0.938009561894679
SV1_C23432,C23432,0.9964159990773789
SV1_C49882,C49882,0.8814286506181197
SV1_C08505,C08505,0.8455808599940127
SV1_C88897,C88897,0.9981493582069298
SV1_C55918,C55918,0.8078786726640956
SV1_C59509,C59509,0.9096253687702865
SV1_C64804,C64804,0.9594455227306621
SV1_C25284,C25284,0.8606390653279813
SV1_C63079,C63079,0.8772258675392643
SV1_C25307,C25307,0.8578577936017743
SV1_C80407,C80407,0.8332434158765318
SV1_C58811,C58811,0.9446850735322965
SV1_C72687,C72687,0.8768652677807253
SV1_C94315,C94315,0.9816939890117975
SV1_C93016,C93016,0.8741501336886989
SV1_C48708,C48708,0.8874809604212339
SV1_C03044,C03044,0.8454517810887243
SV1_C63634,C63634,0.7585116135545367
SV1_C32422,C32422,0.8890532461298641
SV1_C77456,C77456,0.8533437091055398
SV1_C77481,C77481,0.9345868643551289
SV1_C69608,C69608,0.9692520669107749
SV1_C66032,C66032,0.8764144658818565
SV1_C88883,C88883,0.8223036740071424
SV1_C18046,C18046,0.9964093179278378
SV1_C89465,C89465,0.8291264780897835
SV1_C87613,C87613,0.9238163770686125
SV1_C03637,C03637,0.9838464471902038
SV1_C75644,C75644,0.8111635983471629
SV1_C14420,C14420,0.7964633583833862
SV1_C10235,C10235,0.9560949384506915
SV1_C88909,C88909,0.9926271049606933
SV1_C53444,C53444,0.7975131289913107
SV1_C54006,C54006,0.8867778297318424
SV1_C61299,C61299,0.9137426864419153
SV1_C00023,C00023,0.7782190917485738
SV1_C02426,C02426,0.8712433240974519
SV1_C79210,C79210,0.8791303130913481
SV1_C42604,C42604,0.8292334613335184
SV1_C09692,C09692,0.8017979973951729
SV1_C08406,C08406,0.9340034061272808
SV1_C78030,C78030,0.9407543774239429
SV1_C71479,C71479,0.9882019419584247
SV1_C27078,C27078,0.9530746169922919
SV1_C57633,C57633,0.8206086676967037
SV1_C16811,C16811,0.8945476747826582
SV1_C90604,C90604,0.90300669233068
SV1_C41415,C41415,0.9959187994327912
SV1_C39613,C39613,0.8936758612100123
SV1_C49299,C49299,0.7778702278484251
SV1_C85294,C85294,0.7664210191856367
SV1_C07872,C07872,0.989282744871793
SV1_C10905,C10905,0.8352312639564836
SV1_C25236,C25236,0.9843375398637664
SV1_C93601,C93601,0.969151065833374
SV1_C98496,C98496,0.8325693497562866
SV1_C60700,C60700,0.9108166420474609
SV1_C27014,C27014,0.8661478315121495
SV1_C36004,C36004,0.8367718978273503
SV1_C69095,C69095,0.956860721585087
SV1_C22874,C22874,0.8670656955919461
SV1_C27613,C27613,0.8726414664302491
SV1_C25904,C25904,0.8676784046676086
SV1_C58239,C58239,0.8181811783702224
SV1_C03675,C03675,0.8567545785270201
SV1_C15620,C15620,0.7932841271985279
SV1_C48689,C48689,0.8542173040401574
SV1_C81019,C81019,0.9275927730552113
SV1_C43203,C43203,0.9965402935764383
SV1_C88283,C88283,0.8081924025356912
SV1_C83412,C83412,0.9432012341294929
SV1_C46875,C46875,0.90128597992804
SV1_C27117,C27117,0.8468846437428632
SV1_C64899,C64899,0.8948170374692827
SV1_C58845,C58845,0.8902297995955396
SV1_C56446,C56446,0.912587236948491
SV1_C93610,C93610,0.9351446656481839
SV1_C49288,C49288,0.7887717338923602
SV1_C02485,C02485,0.9889251220558924
SV1_C76802,C76802,0.8683295651724778
SV1_C07240,C07240,0.8270730931571577
SV1_C82277,C82277,0.9868419583061012
SV1_C49226,C49226,0.8049887871280614
SV1_C88898,C88898,0.9729517184007661
SV1_C75719,C75719,0.9779347064414469
SV1_C67832,C67832,0.8547160521489943
SV1_C43896,C43896,0.992606401010585
SV1_C50482,C50482,0.903312963218863
SV1_C31215,C31215,0.8896082742440277
SV1_C34206,C34206,0.8232494648745972
SV1_C72014,C72014,0.905125394511099
SV1_C90023,C90023,0.8900138693932983
SV1_C24096,C24096,0.8513571114868083
SV1_C33677,C33677,0.9552651048724177
SV1_C82913,C82913,0.8740770331228999
SV1_C89408,C89408,0.8990619727274908
SV1_C13204,C13204,0.9905596515128907
SV1_C99118,C99118,0.910195291082266
SV1_C25883,C25883,0.8667076949858352
SV1_C90008,C90008,0.9074165637426462
SV1_C91874,C91874,0.999793344670704
SV1_C47404,C47404,0.8191601634157375
SV1_C44487,C44487,0.8303486534118943
SV1_C07896,C07896,0.8399472503920901
SV1_C63714,C63714,0.8166359098655845
SV1_C08432,C08432,0.8532130144149462
SV1_C07847,C07847,0.9995039987103191
SV1_C66600,C66600,0.9815278078525352
SV1_C02507,C02507,0.7991651401983381
SV1_C16204,C16204,0.8861498608331161
SV1_C59484,C59484,0.9479637576885886
SV1_C70910,C70910,0.783484753354429
SV1_C07245,C07245,0.7980655674233831
SV1_C88917,C88917,0.7818261296297113
SV1_C80474,C80474,0.9281366339703027
SV1_C73300,C73300,0.9188330406697884
SV1_C79808,C79808,0.9324492041448549
SV1_C49810,C49810,0.8493350707608334
SV1_C00100,C00100,0.9223775121957637
SV1_C84095,C84095,0.8112106685321671
SV1_C59496,C59496,0.9005324038779483
SV1_C73884,C73884,0.9190425530298624
SV1_C81077,C81077,0.9983279103617646
SV1_C00086,C00086,0.8862255756459757
SV1_C00033,C00033,0.9643328188689584
SV1_C54010,C54010,0.8911191884629157
SV1_C65490,C65490,0.891835793448911
SV1_C72678,C72678,0.9103245704878534
SV1_C07845,C07845,0.7946371270106479
SV1_C22313,C22313,0.9489077362987717
SV1_C07823,C07823,0.9452648924615774
SV1_C72620,C72620,0.9281731109141192
SV1_C26509,C26509,0.9225385082781697
SV1_C80402,C80402,0.8918859338761995
SV1_C07207,C07207,0.8768102843242005
SV1_C00002,C00002,0.9679098881913687
SV1_C22235,C22235,0.7556939865805655
SV1_C33117,C33117,0.9726069838117772
SV1_C06624,C06624,0.925036625273573
SV1_C71412,C71412,0.820322822829967
SV1_C11483,C11483,0.9194139852673158
SV1_C66115,C66115,0.8030800803368673
SV1_C54703,C54703,0.9066616133447857
SV1_C93643,C93643,0.8589099095685684
SV1_C43836,C43836,0.7923903698810381
SV1_C46274,C46274,0.9647658733643587
SV1_C02514,C02514,0.8234728593658343
SV1_C54073,C54073,0.9472196041768757
SV1_C49874,C49874,0.8859094595024355
SV1_C97872,C97872,0.8983363824610867
SV1_C45604,C45604,0.854235193343603
SV1_C80412,C80412,0.9269120497855984
SV1_C80490,C80490,0.8262931576768905
SV1_C33093,C33093,0.8047838311512464
SV1_C19285,C19285,0.7966186999533281
SV1_C75695,C75695,0.8819803302113998
SV1_C69006,C69006,0.9604402562037481
SV1_C52842,C52842,0.819038386619965
SV1_C91900,C91900,0.9233730586726027
SV1_C49206,C49206,0.8235603828113465
SV1_C64824,C64824,0.8688178974245233
SV1_C25825,C25825,0.9703934286676746
SV1_C05484,C05484,0.8258193662008088
SV1_C90608,C90608,0.912731161652503
SV1_C90085,C90085,0.8916293923211855
SV1_C81015,C81015,0.8725062927185842
SV1_C85800,C85800,0.9016369820377191
SV1_C90690,C90690,0.8972462426481803
SV1_C43292,C43292,0.7293000038668509
SV1_C18074,C18074,0.7888814139457577
SV1_C84697,C84697,0.8179971246073539
SV1_C28912,C28912,0.9298964037382791
SV1_C96695,C96695,0.7657508607221301
SV1_C97230,C97230,0.9094820517102504
SV1_C60607,C60607,0.932088563839047
SV1_C08440,C08440,0.8137424650094992
SV1_C93673,C93673,0.9160699964986034
SV1_C67825,C67825,0.8509856266545138
SV1_C70872,C70872,0.8735686345025361
SV1_C85309,C85309,0.8786642489733958
SV1_C65495,C65495,0.8356385810839019
SV1_C49867,C49867,0.9231323453515067
SV1_C81119,C81119,0.8277826480615579
SV1_C89512,C89512,0.9455976005011584
SV1_C73233,C73233,0.9392547088806981
SV1_C90642,C90642,0.8012121844145077
SV1_C90657,C90657,0.8512489036950754
SV1_C49853,C49853,0.9673011048774945
SV1_C94224,C94224,0.9736336431729599
SV1_C52831,C52831,0.9985369450921969
SV1_C12635,C12635,0.9777976014225986
SV1_C21691,C21691,0.9212702096608549
SV1_C12613,C12613,0.9489995263375504
SV1_C88888,C88888,0.8700813382970641
SV1_C03629,C03629,0.9582941212372462
SV1_C94241,C94241,0.9731610306552976
SV1_C45009,C45009,0.8490660413842827
SV1_C100296,C100296,0.8872434031532687
SV1_C60695,C60695,0.7708108770515165
SV1_C42009,C42009,0.8850289986231128
SV1_C10245,C10245,0.8115388644913712
SV1_C51673,C51673,0.9867146122657146
SV1_C28283,C28283,0.8100315804976866
SV1_C71476,C71476,0.8890224545544709
SV1_C12703,C12703,0.9155781515178711
SV1_C16272,C16272,0.9094810571692235
SV1_C65415,C65415,0.8244506320112456
SV1_C22275,C22275,0.7656529403962036
SV1_C61836,C61836,0.8234162564411643
SV1_C78119,C78119,0.8744811889184648
SV1_C57707,C57707,0.86322480658979
SV1_C31272,C31272,0.988635351240348
SV1_C88315,C88315,0.8512979037763616
SV1_C28315,C28315,0.8140853489904415
SV1_C57046,C57046,0.8798165654470832
SV1_C09117,C09117,0.8130328345207234
SV1_C61915,C61915,0.8454334152377452
SV1_C76260,C76260,0.8024054363645556
SV1_C46224,C46224,0.7982507623874224
SV1_C94919,C94919,0.8539438004592433
SV1_C31908,C31908,0.8279761253219811
SV1_C75070,C75070,0.898457305192078
SV1_C29490,C29490,0.8183664692628387
SV1_C65500,C65500,0.9121171377185732
SV1_C54682,C54682,0.882686829344467
SV1_C15673,C15673,0.9280109872239632
SV1_C37203,C37203,0.9317401327788961
SV1_C08496,C08496,0.8404918618436483
SV1_C60027,C60027,0.8409356731443011
SV1_C20413,C20413,0.9015211672564925
SV1_C69090,C69090,0.9333732811807564
SV1_C78685,C78685,0.9370653754429006
SV1_C82305,C82305,0.8859137216795134
SV1_C49883,C49883,0.8436050141270777
SV1_C24092,C24092,0.9847427797645419
SV1_C52876,C52876,0.9863308244360824
SV1_C17408,C17408,0.883034077981196
SV1_C60116,C60116,0.9261101707190007
SV1_C60100,C60100,0.9054296485978885
SV1_C73289,C73289,0.8505256484836962
SV1_C72106,C72106,0.880173107611131
SV1_C84601,C84601,0.9198624234558292
SV1_C62495,C62495,0.7772266596818527
SV1_C09011,C09011,0.8786738094482649
SV1_C04302,C04302,0.9068071062386802
SV1_C46884,C46884,0.8818815172772062
SV1_C61289,C61289,0.9431085927833781
SV1_C70841,C70841,0.82257589241459
SV1_C10899,C10899,0.9973360090229387
SV1_C99618,C99618,0.8845697106850513
SV1_C63636,C63636,0.8726954918342531
SV1_C10248,C10248,0.7851902173703389
SV1_C61893,C61893,0.8238459520619723
SV1_C54101,C54101,0.8073194833108188
SV1_C79290,C79290,0.7970546952246972
SV1_C10280,C10280,0.9755980046041628
SV1_C16873,C16873,0.91978278750525
SV1_C90065,C90065,0.8666063065281925
SV1_C17473,C17473,0.9101749495248666
SV1_C39001,C39001,0.8530799390706892
SV1_C34307,C34307,0.8603372555073802
SV1_C13869,C13869,0.7981763071162529
SV1_C96114,C96114,0.9031015650665287
SV1_C22210,C22210,0.916963797877183
SV1_C73297,C73297,0.9220058295508042
SV1_C91297,C91297,0.9732176042187183
SV1_C47517,C47517,0.8046994977289705
SV1_C56408,C56408,0.9894365676414425
SV1_C78035,C78035,0.8977290030819907
SV1_C67846,C67846,0.9576396960908181
SV1_C69623,C69623,0.9766993319561005
SV1_C93070,C93070,0.9085695237241808
SV1_C91862,C91862,0.9337242113176824
SV1_C87602,C87602,0.900643691468817
SV1_C81109,C81109,0.9045314237519502
SV1_C86412,C86412,0.8862841207831914
SV1_C50485,C50485,0.9702483985726607
SV1_C73886,C73886,0.8894244956694375
SV1_C72085,C72085,0.9283995230533914
SV1_C47435,C47435,0.8072153543316344
SV1_C28204,C28204,0.7792455980849323
SV1_C31883,C31883,0.9885505326541751
SV1_C91885,C91885,0.9543580543745998
SV1_C35475,C35475,0.8513626678002857
SV1_C49851,C49851,0.925903904261539
SV1_C31915,C31915,0.820289991428918
SV1_C45637,C45637,0.795218281848767
SV1_C82895,C82895,0.7990732628603738
SV1_C04873,C04873,0.8799345865664499
SV1_C77478,C77478,0.9132701604573105
SV1_C48053,C48053,0.9444459733040911
SV1_C06623,C06623,0.9512524717029824
SV1_C97839,C97839,0.9806726515543762
SV1_C78027,C78027,0.9019356628948185
SV1_C75026,C75026,0.9430481217641482
SV1_C77465,C77465,0.9131987435502189
SV1_C63000,C63000,0.9070866590670802
SV1_C25888,C25888,0.9107460797967778
SV1_C15033,C15033,0.9162459043481516
SV1_C63706,C63706,0.8890486044824617
SV1_C97278,C97278,0.8309325965424023
SV1_C97295,C97295,0.7978286604407654
SV1_C63619,C63619,0.8684914047511013
SV1_C05441,C05441,0.8584009105945629
SV1_C78075,C78075,0.8019102101414766
SV1_C73899,C73899,0.9692321617757477
SV1_C78714,C78714,0.833766847382442
SV1_C95425,C95425,0.971320308559618
SV1_C21695,C21695,0.9981102224243709
SV1_C47512,C47512,0.9259602728144122
SV1_C87631,C87631,0.8487873224237377
SV1_C74462,C74462,0.8426053464454135
SV1_C63605,C63605,0.9293005329342419
SV1_C04840,C04840,0.9141174052733348
SV1_C97281,C97281,0.8998295407464767
SV1_C10815,C10815,0.8586583287933534
SV1_C63693,C63693,0.8000234014445199
SV1_C26445,C26445,0.8220783104079534
SV1_C23442,C23442,0.8074626860373099
SV1_C87041,C87041,0.8416743361247134
SV1_C48109,C48109,0.9516466353180804
SV1_C54106,C54106,0.8581299183929413
SV1_C23496,C23496,0.8494632078588985
SV1_C93087,C93087,0.8921901687744309
SV1_C69026,C69026,0.8294103909375208
SV1_C31898,C31898,0.8783555522738671
SV1_C75010,C75010,0.9036478995552473
SV1_C31277,C31277,0.9720379587399608
SV1_C72058,C72058,0.8644250693071323
SV1_C00601,C00601,0.9980399074319964
SV1_C57072,C57072,0.8089122529688578
SV1_C71433,C71433,0.8802911831549314
SV1_C90678,C90678,0.9603484705614526
SV1_C28205,C28205,0.766183690157727
SV1_C51708,C51708,0.7973825581354335
SV1_C86433,C86433,0.8677912966643053
SV1_C41403,C41403,0.9990230007618017
SV1_C78073,C78073,0.9592191968143001
SV1_C86423,C86423,0.8481280652674338
SV1_C75019,C75019,0.8326051720621281
SV1_C03004,C03004,0.9814639090099528
SV1_C22901,C22901,0.8839120818893501
SV1_C48614,C48614,0.8380402475593284
SV1_C51004,C51004,0.8635411625986417
SV1_C90620,C90620,0.8966862975070566
SV1_C21640,C21640,0.8930722231609409
SV1_C57690,C57690,0.8637160845843154
SV1_C18689,C18689,0.900039439102618
SV1_C12609,C12609,0.9554978154943949
SV1_C09608,C09608,0.9903009849552549
SV1_C29496,C29496,0.8272676384055081
SV1_C24641,C24641,0.9007362886811711
SV1_C25299,C25299,0.8363471060730922
SV1_C07843,C07843,0.9133973963849378
SV1_C71435,C71435,0.9103928156676164
SV1_C90627,C90627,0.8145544711189253
SV1_C43867,C43867,0.8102043502271941
SV1_C55888,C55888,0.7423129262842204
SV1_C22918,C22918,0.911652890228014
SV1_C95419,C95419,0.960145216822145
SV1_C43236,C43236,0.7911685666385831
SV1_C60672,C60672,0.8205755215776346
SV1_C74463,C74463,0.9188617639595501
SV1_C12004,C12004,0.9143405865054957
SV1_C19892,C19892,0.7699464856833153
SV1_C93105,C93105,0.7880649071204356
SV1_C69028,C69028,0.792639079568827
SV1_C16843,C16843,0.8013085243575528
SV1_C43918,C43918,0.8072355935514302
SV1_C58837,C58837,0.8143809629584888
SV1_C09708,C09708,0.8295476416320489
SV1_C18618,C18618,0.9094976489032268
SV1_C00085,C00085,0.9794226853669431
SV1_C48072,C48072,0.9270418327237436
SV1_C62484,C62484,0.8002105602757159
SV1_C91225,C91225,0.8786720122257611
SV1_C87625,C87625,0.8489550450723492
SV1_C85296,C85296,0.8194933311806891
SV1_C78652,C78652,0.8361828277952545
SV1_C54018,C54018,0.8901686477239539
SV1_C00632,C00632,0.9839225584634896
SV1_C46812,C46812,0.8213983586209779
SV1_C18605,C18605,0.8806662105366526
SV1_C76319,C76319,0.9626863086260841
SV1_C10882,C10882,0.9240760891919235
SV1_C88234,C88234,0.882398983734185
SV1_C75603,C75603,0.8573762460137027
SV1_C92504,C92504,0.8608852613660846
SV1_C13890,C13890,0.8594795410080829
SV1_C73301,C73301,0.9226662011795179
SV1_C13905,C13905,0.7785125200835786
SV1_C44430,C44430,0.7751369113826415
SV1_C97302,C97302,0.8979229262433945
SV1_C59479,C59479,0.8403154569332707
SV1_C79889,C79889,0.8020077189203635
SV1_C96642,C96642,0.9261246567827943
SV1_C56438,C56438,0.8757110220646881
SV1_C11403,C11403,0.8630072601688423
SV1_C97908,C97908,0.8390937074278179
SV1_C07820,C07820,0.9511791854535555
SV1_C84107,C84107,0.8619051746893482
SV1_C32507,C32507,0.8151487078141715
SV1_C10883,C10883,0.9178215847135732
SV1_C49203,C49203,0.862065475421821
SV1_C66002,C66002,0.9424683928293952
SV1_C82215,C82215,0.868285256916122
SV1_C87647,C87647,0.8216036792436608
SV1_C57007,C57007,0.9064591929773109
SV1_C58812,C58812,0.9532288522993079
SV1_C72665,C72665,0.8207345471520138
SV1_C90001,C90001,0.9140839540799885
SV1_C85909,C85909,0.8608682148213448
SV1_C33710,C33710,0.8552196752537348
SV1_C70272,C70272,0.8378210856775788
SV1_C13853,C13853,0.8124344823223563
SV1_C01237,C01237,0.9853791769747834
SV1_C16833,C16833,0.8914541707007361
SV1_C01918,C01918,0.8801602098919799
SV1_C72092,C72092,0.8786488886078112
SV1_C24115,C24115,0.9167349261150493
SV1_C61818,C61818,0.9529756454230836
SV1_C61873,C61873,0.9216479003936969
SV1_C87047,C87047,0.8247313374227393
SV1_C64218,C64218,0.9170325252365831
SV1_C94236,C94236,0.9911131890430062
SV1_C82919,C82919,0.8020167881488574
SV1_C76909,C76909,0.8841900719509884
SV1_C45687,C45687,0.8518145140723214
SV1_C76299,C76299,0.9637459936352215
SV1_C87091,C87091,0.8526381805151411
SV1_C25276,C25276,0.846974632783418
SV1_C18687,C18687,0.88900257900401
SV1_C52242,C52242,0.8174159751421896
SV1_C25221,C25221,0.9203610690929956
SV1_C90035,C90035,0.8285692307842925
SV1_C15676,C15676,0.9113658494755089
SV1_C51102,C51102,0.8669858491499604
SV1_C93626,C93626,0.9431305529671785
SV1_C12697,C12697,0.7316085949826762
SV1_C44411,C44411,0.9981602255568907
SV1_C48686,C48686,0.9625305142531277
SV1_C36620,C36620,0.9948009805656399
SV1_C54619,C54619,0.8547211523565443
SV1_C33716,C33716,0.9531781779614281
SV1_C58836,C58836,0.8303195852776301
SV1_C48024,C48024,0.7590613649152623
SV1_C27672,C27672,0.8126607706094643
SV1_C93015,C93015,0.8586226235782026
SV1_C58898,C58898,0.9634652851357443
SV1_C98518,C98518,0.8655968154155893
SV1_C70306,C70306,0.8738283500572863
SV1_C77407,C77407,0.7890308957463114
SV1_C60039,C60039,0.8237623703078965
SV1_C01820,C01820,0.758355713147405
SV1_C12056,C12056,0.7222315774514142
SV1_C25285,C25285,0.9204029323176155
SV1_C27029,C27029,0.8649558758710924
SV1_C12680,C12680,0.9826029408201313
SV1_C91850,C91850,0.8766732839159926
SV1_C70223,C70223,0.9329378853491396
SV1_C73306,C73306,0.8890012791659138
SV1_C10902,C10902,0.9139743627827153
SV1_C97840,C97840,0.9057791997304933
SV1_C94840,C94840,0.9622948640455924
SV1_C90083,C90083,0.8604226389659906
SV1_C86410,C86410,0.8990456880288031
SV1_C74484,C74484,0.9158079950146851
SV1_C15032,C15032,0.8460739168621343
SV1_C72062,C72062,0.8458689623472228
SV1_C68419,C68419,0.9263091303979066
SV1_C10212,C10212,0.9726977984439886
SV1_C64319,C64319,0.9337483979852275
SV1_C47457,C47457,0.975916198149688
SV1_C74421,C74421,0.9467921584517668
SV1_C46815,C46815,0.9819432039648679
SV1_C09048,C09048,0.7906124722075184
SV1_C69686,C69686,0.9577463671826643
SV1_C40219,C40219,0.9479923305035743
SV1_C34883,C34883,0.8468228778561675
SV1_C26411,C26411,0.9572624832352838
SV1_C85811,C85811,0.8104902507604234
SV1_C70847,C70847,0.8118593486174276
SV1_C39615,C39615,0.9636039161203263
SV1_C81096,C81096,0.889721436188639
SV1_C07290,C07290,0.8258612255173118
SV1_C00035,C00035,0.9908033687809802
SV1_C54683,C54683,0.984010262666014
SV1_C45619,C45619,0.9445798695426969
SV1_C27021,C27021,0.9055557141658088
SV1_C04288,C04288,0.9346904776500267
SV1_C07250,C07250,0.7504509646106171
SV1_C15009,C15009,0.9204624231948073
SV1_C49828,C49828,0.7890037070997015
SV1_C48050,C48050,0.9129472891778196
SV1_C24078,C24078,0.9075537668182132
SV1_C60006,C60006,0.9827315229855342
SV1_C37222,C37222,0.9845392288579331
SV1_C15616,C15616,0.8855691212393252
SV1_C63102,C63102,0.9541697646962033
SV1_C20419,C20419,0.8650908025662313
SV1_C47518,C47518,0.8849616969817622
SV1_C19275,C19275,0.8031078310268946
SV1_C97899,C97899,0.9511423476768578
SV1_C27673,C27673,0.8545490296819264
SV1_C76914,C76914,0.802007268318102
SV1_C09665,C09665,0.8893649498304292
SV1_C71403,C71403,0.9774836723350382
SV1_C77423,C77423,0.8689200199756297
SV1_C30716,C30716,0.9995515368433248
SV1_C05510,C05510,0.8429915530482628
SV1_C34907,C34907,0.8843622643701854
SV1_C30695,C30695,0.8503219615594467
SV1_C74456,C74456,0.7619009110516975
SV1_C92404,C92404,0.8669929579899259
SV1_C34223,C34223,0.9348308986363016
SV1_C66018,C66018,0.8661939840847696
SV1_C68510,C68510,0.976825606467262
SV1_C13219,C13219,0.8649503464923693
SV1_C18023,C18023,0.8920869769841628
SV1_C62440,C62440,0.7782701413731568
SV1_C97277,C97277,0.8815232468219864
SV1_C06010,C06010,0.9065262140876897
SV1_C29517,C29517,0.9938834874089953
SV1_C54627,C54627,0.9861691514663371
SV1_C67817,C67817,0.8915859122425549
SV1_C46826,C46826,0.7623524611314527
SV1_C82804,C82804,0.953455845224602
SV1_C66017,C66017,0.8759657784559541
SV1_C03102,C03102,0.8888023908998024
SV1_C37814,C37814,0.8921583106819004
SV1_C25203,C25203,0.9783865790234614
SV1_C95487,C95487,0.9115436415680196
SV1_C60638,C60638,0.8175500128490832
SV1_C54114,C54114,0.9110905634938516
SV1_C76241,C76241,0.825227707434928
SV1_C100204,C100204,0.9096987293211476
SV1_C07809,C07809,0.9925172500386361
SV1_C46800,C46800,0.8360454593274358
SV1_C20422,C20422,0.9517269091015044
SV1_C85308,C85308,0.8473302375040028
SV1_C54003,C54003,0.8559349623077959
SV1_C81000,C81000,0.9434983313733372
SV1_C76903,C76903,0.9460404218435843
SV1_C69003,C69003,0.8920795698321716
SV1_C96110,C96110,0.9260936779517642
SV1_C09079,C09079,0.878720376721839
SV1_C05427,C05427,0.8790870858222326
SV1_C60026,C60026,0.8136448672353435
SV1_C60030,C60030,0.8182122442439356
SV1_C00007,C00007,0.8208210545504564
SV1_C94281,C94281,0.9062153520630921
SV1_C42613,C42613,0.8598827833307175
SV1_C86493,C86493,0.9771379281219762
SV1_C93115,C93115,0.7865818919981612
SV1_C09050,C09050,0.7641653596853268
SV1_C69110,C69110,0.9666988972839087
SV1_C91202,C91202,0.9389261580822504
SV1_C45059,C45059,0.7975501857927619
SV1_C62424,C62424,0.8051884164498533
SV1_C25219,C25219,0.9762080911483046
SV1_C79895,C79895,0.7605297635165758
SV1_C49827,C49827,0.7856382440710855
SV1_C78717,C78717,0.8203050205785534
SV1_C52274,C52274,0.8960768019838237
SV1_C52201,C52201,0.8784895606969698
SV1_C28201,C28201,0.7596434427991922
SV1_C99114,C99114,0.9869228387613176
SV1_C76280,C76280,0.8940574265557303
SV1_C18014,C18014,0.9333253189898078
SV1_C23514,C23514,0.9893497223356409
SV1_C42013,C42013,0.8783306397649552
SV1_C04235,C04235,0.9396513721290303
SV1_C51710,C51710,0.9103472392180785
SV1_C18039,C18039,0.879713060074749
SV1_C76882,C76882,0.9060565714342572
SV1_C01840,C01840,0.9670535247736023
SV1_C27097,C27097,0.9549003674341493
SV1_C54687,C54687,0.9931911478788357
SV1_C32492,C32492,0.8190200310117074
SV1_C44514,C44514,0.926604913472458
SV1_C43260,C43260,0.9785057787774883
SV1_C97845,C97845,0.9357346253618883
SV1_C19873,C19873,0.9185900116510612
SV1_C74417,C74417,0.8988754016791564
SV1_C53439,C53439,0.9907505051333433
SV1_C46871,C46871,0.7794999275572496
SV1_C86505,C86505,0.9887109127445063
SV1_C83414,C83414,0.8999891747759317
SV1_C57081,C57081,0.7996336903973285
SV1_C60684,C60684,0.9309418359152741
SV1_C45039,C45039,0.77209562593011
SV1_C74448,C74448,0.7612845982000368
SV1_C03719,C03719,0.8294250515931888
SV1_C58822,C58822,0.8836745820545934
SV1_C13260,C13260,0.7695389506227964
SV1_C24618,C24618,0.9170642925176934
SV1_C91877,C91877,0.971832168816341
SV1_C24004,C24004,0.9097646011003583
SV1_C64229,C64229,0.8308560713297246
SV1_C43282,C43282,0.8958871412079198
SV1_C02487,C02487,0.7826662882784728
SV1_C33685,C33685,0.9285924109603777
SV1_C06101,C06101,0.8399275848822555
SV1_C75642,C75642,0.9163808941900865
SV1_C46316,C46316,0.7776162706186657
SV1_C01209,C01209,0.9994143995331985
SV1_C42601,C42601,0.8672984944604721
SV1_C74447,C74447,0.9658511137055016
SV1_C72064,C72064,0.8251212290329073
SV1_C97200,C97200,0.998620935160434
SV1_C22304,C22304,0.8631998906295658
SV1_C09119,C09119,0.9727934864422212
SV1_C91206,C91206,0.9448997305342319
SV1_C14442,C14442,0.9447830657653489
SV1_C87103,C87103,0.8333682290877651
SV1_C95427,C95427,0.9780370844514823
SV1_C91904,C91904,0.9234905907541544
SV1_C01232,C01232,0.9869870336524854
SV1_C71505,C71505,0.8290987365354117
SV1_C16885,C16885,0.8627243614165723
SV1_C73216,C73216,0.9099443993051571
SV1_C06691,C06691,0.9152597877971405
SV1_C06013,C06013,0.8404090837633984
SV1_C00027,C00027,0.9803438116254766
SV1_C93059,C93059,0.7733729617040622
SV1_C50444,C50444,0.7592098011012051
SV1_C40810,C40810,0.9520250202777534
SV1_C90711,C90711,0.8220036591475338
SV1_C51644,C51644,0.7765628289486108
SV1_C90030,C90030,0.8367080611422811
SV1_C24710,C24710,0.9719307932945692
SV1_C58200,C58200,0.9452637876079115
SV1_C77432,C77432,0.9866462509384923
SV1_C44435,C44435,0.7822583885075344
SV1_C02419,C02419,0.7754520408351229
SV1_C74479,C74479,0.8408431697041422
SV1_C60673,C60673,0.900960365322844
SV1_C07306,C07306,0.9031879073135826
SV1_C51095,C51095,0.9099767616774921
SV1_C94898,C94898,0.9181683240869558
SV1_C66087,C66087,0.8301607347221738
SV1_C24036,C24036,0.9862187495420747
SV1_C79291,C79291,0.9604927521454751
SV1_C21673,C21673,0.7886487219286796
SV1_C12618,C12618,0.8554088686873972
SV1_C01896,C01896,0.9206634109142555
SV1_C53477,C53477,0.970016355771063
SV1_C90614,C90614,0.9790888201544058
SV1_C67843,C67843,0.7722353723986165
SV1_C87114,C87114,0.9193950376954237
SV1_C60715,C60715,0.8720224860004944
SV1_C75654,C75654,0.839507067001387
SV1_C28876,C28876,0.9423121304239027
SV1_C86485,C86485,0.8073352123618346
SV1_C67895,C67895,0.9038069759034013
SV1_C01839,C01839,0.9973132575014095
SV1_C04232,C04232,0.9648805663513337
SV1_C55815,C55815,0.8560891588172919
SV1_C10865,C10865,0.8973536963055498
SV1_C96616,C96616,0.9542786479117423
SV1_C15034,C15034,0.980656436554881
SV1_C72082,C72082,0.9063849858599111
SV1_C31214,C31214,0.9305489987841293
SV1_C22886,C22886,0.8891045489432546
SV1_C04898,C04898,0.9016588055651684
SV1_C48042,C48042,0.8546475566312616
SV1_C60107,C60107,0.8953678048909771
SV1_C15688,C15688,0.8495551021645658
SV1_C00103,C00103,0.8047005543374741
SV1_C36018,C36018,0.9346505762220654
SV1_C88911,C88911,0.831895068837541
SV1_C100210,C100210,0.877314713158923
SV1_C50422,C50422,0.8298981001623809
SV1_C91913,C91913,0.8834690480155506
SV1_C20445,C20445,0.8026637613766913
SV1_C53510,C53510,0.9026322803162585
SV1_C84709,C84709,0.8738941560590252
SV1_C91880,C91880,0.9369161794226296
SV1_C95413,C95413,0.9753679145834347
SV1_C19217,C19217,0.8562397676471412
SV1_C10851,C10851,0.8926163316691756
SV1_C24011,C24011,0.9928764326896414
SV1_C07838,C07838,0.9509250571856642
SV1_C64308,C64308,0.8998479705315598
SV1_C22842,C22842,0.8030211501549444
SV1_C53512,C53512,0.7503945396798772
SV1_C28918,C28918,0.9466959101319526
SV1_C37800,C37800,0.829056286709345
SV1_C25832,C25832,0.9850185892679523
SV1_C63094,C63094,0.777011045586158
SV1_C77490,C77490,0.8248507264228984
SV1_C13278,C13278,0.9193468283055978
SV1_C99105,C99105,0.9152832358449353
SV1_C04883,C04883,0.9371068711970223
SV1_C21705,C21705,0.8877382611146125
SV1_C93019,C93019,0.8784205032043417
SV1_C25297,C25297,0.8828845148237581
SV1_C89496,C89496,0.9938315497437478
SV1_C96703,C96703,0.9794639875168085
SV1_C31890,C31890,0.8317826471676933
SV1_C99634,C99634,0.9691141280607274
SV1_C01811,C01811,0.8159744778920202
SV1_C89470,C89470,0.8142093075316899
SV1_C72693,C72693,0.9077457799916491
SV1_C67890,C67890,0.9326642423214462
SV1_C05518,C05518,0.8700940645493703
SV1_C69023,C69023,0.9924256807299566
SV1_C94906,C94906,0.9258003685103534
SV1_C48646,C48646,0.9330948333036783
SV1_C100247,C100247,0.8983728097582055
SV1_C75676,C75676,0.9187478090925462
SV1_C55222,C55222,0.7843873002641777
SV1_C100223,C100223,0.8450883616833206
SV1_C06710,C06710,0.8430945753042429
SV1_C47465,C47465,0.9147075813245036
SV1_C36614,C36614,0.8778886963142959
SV1_C63044,C63044,0.7622814128549302
SV1_C93617,C93617,0.9281358798413696
SV1_C18087,C18087,0.9181768933355058
SV1_C13214,C13214,0.9352456727504412
SV1_C85900,C85900,0.8402200425951425
SV1_C99642,C99642,0.9094346190285424
SV1_C46849,C46849,0.9867186933267866
SV1_C82279,C82279,0.9652936398701742
SV1_C59420,C59420,0.8393212038151795
SV1_C51699,C51699,0.9315093857754185
SV1_C04912,C04912,0.8552863785080201
SV1_C86468,C86468,0.8010730211531958
SV1_C70211,C70211,0.9804049876432336
SV1_C91905,C91905,0.9282733786481344
SV1_C37218,C37218,0.9382020431091449
SV1_C35411,C35411,0.8291375808990386
SV1_C76298,C76298,0.8809751237947504
SV1_C00625,C00625,0.9563736572056173
SV1_C90600,C90600,0.897782612594129
SV1_C07894,C07894,0.8138571920295862
SV1_C43218,C43218,0.8761515991208152
SV1_C40205,C40205,0.8756374328544896
SV1_C46253,C46253,0.9962214498299796
SV1_C66680,C66680,0.8299267114527175
SV1_C78097,C78097,0.7578602584871799
SV1_C89428,C89428,0.7923615264639259
SV1_C08455,C08455,0.8928157091031375
SV1_C55296,C55296,0.8840055371036873
SV1_C72664,C72664,0.833319711656495
SV1_C83495,C83495,0.8072474112770536
SV1_C31902,C31902,0.876910639012382
SV1_C90022,C90022,0.9299703026726182
SV1_C99079,C99079,0.9207578416317987
SV1_C01294,C01294,0.8362348379942631
SV1_C31904,C31904,0.8225593645442376
SV1_C24113,C24113,0.963393865038086
SV1_C23437,C23437,0.9722302181464082
SV1_C63616,C63616,0.8834778412645453
SV1_C66043,C66043,0.7893635038317658
SV1_C27677,C27677,0.8584143746339528
SV1_C97841,C97841,0.9162659966326225
SV1_C67279,C67279,0.8264051117410222
SV1_C64831,C64831,0.8492633413185854
SV1_C62515,C62515,0.8321180688693214
SV1_C86464,C86464,0.730527286623428
SV1_C57646,C57646,0.9103575555342615
SV1_C08402,C08402,0.9334650857054024
SV1_C93680,C93680,0.9072080436393786
SV1_C69707,C69707,0.8626283162836128
SV1_C09053,C09053,0.7972022670188217
SV1_C83477,C83477,0.9245134845629644
SV1_C04846,C04846,0.9824411130592985
SV1_C08494,C08494,0.8127263688043559
SV1_C28809,C28809,0.9163034515656977
SV1_C45667,C45667,0.8186422858263683
SV1_C13817,C13817,0.9544083093110293
SV1_C69685,C69685,0.8782458170828507
SV1_C55283,C55283,0.9902253799895937
SV1_C90088,C90088,0.8549518389777864
SV1_C48672,C48672,0.9131329662361015
SV1_C64213,C64213,0.9253503127310057
SV1_C96039,C96039,0.9622090822781865
SV1_C93714,C93714,0.9089493595683755
SV1_C21094,C21094,0.7841140177054567
SV1_C88267,C88267,0.9368730089665327
SV1_C94911,C94911,0.9995444966118447
SV1_C73844,C73844,0.7805416153174026
SV1_C10253,C10253,0.792907382707246
SV1_C53428,C53428,0.9524047110562313
SV1_C44516,C44516,0.7825429218860335
SV1_C77430,C77430,0.9565972374900762
SV1_C04310,C04310,0.8863939540287457
SV1_C27072,C27072,0.85194321842348
SV1_C09067,C09067,0.9875411258827409
SV1_C75115,C75115,0.9174152031588623
SV1_C49223,C49223,0.9933626197395865
SV1_C72713,C72713,0.8547765483927516
SV1_C43300,C43300,0.9913896053474065
SV1_C03682,C03682,0.863934512658317
SV1_C52235,C52235,0.9973806350259089
SV1_C35407,C35407,0.8146405701604833
SV1_C48657,C48657,0.920104410489404
SV1_C52916,C52916,0.7069518644604333
SV1_C50473,C50473,0.9892316492681045
SV1_C44421,C44421,0.8680866709247558
SV1_C76302,C76302,0.8823166364744442
SV1_C91879,C91879,0.9290714027116814
SV1_C75689,C75689,0.8284660456406286
SV1_C22232,C22232,0.9861648766382117
SV1_C12626,C12626,0.9065949053045347
SV1_C88299,C88299,0.8364042011460323
SV1_C99041,C99041,0.9175839474237536
SV1_C61310,C61310,0.9724439585042018
SV1_C22228,C22228,0.9857394390092387
SV1_C01828,C01828,0.9806764130033294
SV1_C62509,C62509,0.9290579401918359
SV1_C46877,C46877,0.9491022487977995
SV1_C28223,C28223,0.7309493808682521
SV1_C26517,C26517,0.8811215260028586
SV1_C07241,C07241,0.871774293947225
SV1_C51700,C51700,0.8122221670003529
SV1_C18012,C18012,0.8789971255831804
SV1_C77459,C77459,0.8038218615359959
SV1_C67213,C67213,0.9682718638481463
SV1_C94830,C94830,0.9435229994673708
SV1_C86481,C86481,0.8054809697822395
SV1_C99020,C99020,0.830376458579068
SV1_C52912,C52912,0.754127544629275
SV1_C50511,C50511,0.9793649640917017
SV1_C93024,C93024,0.9004418188899069
SV1_C25840,C25840,0.9003931474765587
SV1_C13226,C13226,0.8914266914934745
SV1_C33074,C33074,0.8575750700448244
SV1_C27091,C27091,0.8693168616630647
SV1_C82276,C82276,0.9673457818696115
SV1_C16817,C16817,0.9075928906642711
SV1_C43853,C43853,0.9969752846917427
SV1_C23407,C23407,0.9872868964280009
SV1_C31274,C31274,0.8529537061935156
SV1_C42014,C42014,0.9439720335018347
SV1_C72024,C72024,0.8942493775538126
SV1_C68444,C68444,0.8621458309047982
SV1_C72710,C72710,0.8752216321349491
SV1_C19809,C19809,0.8866266512232357
SV1_C56508,C56508,0.9909333335144193
SV1_C09642,C09642,0.8899158950829912
SV1_C58214,C58214,0.9996007480130297
SV1_C64216,C64216,0.8917250884653818
SV1_C13888,C13888,0.9024941620481812
SV1_C54679,C54679,0.9768073834508174
SV1_C48092,C48092,0.796945925007168
SV1_C13916,C13916,0.8370653886234611
SV1_C99036,C99036,0.9667941154971664
SV1_C32504,C32504,0.8110819347675396
SV1_C27016,C27016,0.9630780087619067
SV1_C69713,C69713,0.8822607491950637
SV1_C70888,C70888,0.9900691237744341
SV1_C57010,C57010,0.9858226672913997
SV1_C48016,C48016,0.7381298400983418
SV1_C100291,C100291,0.9900672329556739
SV1_C87620,C87620,0.8655146998504153
SV1_C08418,C08418,0.9302750608616944
SV1_C72633,C72633,0.9444621659639647
SV1_C07826,C07826,0.9284075425376164
SV1_C76801,C76801,0.8893314049017507
SV1_C11474,C11474,0.8984226441626185
SV1_C48037,C48037,0.802337188585339
SV1_C13298,C13298,0.7449249390491063
SV1_C88263,C88263,0.9870656185183467
SV1_C57040,C57040,0.7882986426962564
SV1_C03613,C03613,0.9707696983246468
SV1_C94291,C94291,0.897058815178435
SV1_C06042,C06042,0.9033712176938761
SV1_C94834,C94834,0.9514459930143183
SV1_C92480,C92480,0.928208418708444
SV1_C31880,C31880,0.9927899220441885
SV1_C44505,C44505,0.999512194584808
SV1_C90086,C90086,0.9190660459490816
SV1_C96118,C96118,0.7614368547615685
SV1_C01212,C01212,0.9834560539330941
SV1_C08492,C08492,0.7697003420542696
SV1_C03694,C03694,0.8267301656926417
SV1_C99026,C99026,0.9483396237623722
SV1_C81116,C81116,0.8339229154613389
SV1_C09084,C09084,0.9602432751459288
SV1_C21696,C21696,0.8383190266477795
SV1_C10243,C10243,0.8980387890686458
SV1_C77452,C77452,0.8382462338814114
SV1_C18076,C18076,0.8599982815214576
SV1_C26436,C26436,0.9436429398618746
SV1_C46909,C46909,0.9856022651246443
SV1_C54676,C54676,0.9277938824723786
SV1_C73284,C73284,0.9206039682956382
SV1_C90014,C90014,0.9721420956560297
SV1_C56478,C56478,0.8027809274493415
SV1_C99092,C99092,0.9165730602210794
SV1_C56502,C56502,0.9250762394204007
SV1_C14416,C14416,0.8877822243025579
SV1_C82287,C82287,0.9910273789243131
SV1_C55217,C55217,0.889506118966439
SV1_C12644,C12644,0.8350730344402293
SV1_C18638,C18638,0.8953673306119746
SV1_C85883,C85883,0.8477938975494573
SV1_C96677,C96677,0.8940295279263852
SV1_C46239,C46239,0.7725663189862949
SV1_C57634,C57634,0.8629255781592834
SV1_C17412,C17412,0.8893697409397712
SV1_C15626,C15626,0.9543556723814366
SV1_C95436,C95436,0.9844991221296368
SV1_C13305,C13305,0.7681564513658956
SV1_C06612,C06612,0.7969714028645102
SV1_C81715,C81715,0.8960519061990229
SV1_C79886,C79886,0.881729297807254
SV1_C80414,C80414,0.8809839846413942
SV1_C15007,C15007,0.8956757099961341
SV1_C96000,C96000,0.9919323813966223
SV1_C70225,C70225,0.9048203955500653
SV1_C67283,C67283,0.8334948780069019
SV1_C02433,C02433,0.9764959674772288
SV1_C86453,C86453,0.8226705213770052
SV1_C73806,C73806,0.9114806301847099
SV1_C90636,C90636,0.812915470554755
SV1_C69624,C69624,0.8454776943223438
SV1_C92517,C92517,0.758941133382026
SV1_C10830,C10830,0.87213501880885
SV1_C60605,C60605,0.9587092533793755
SV1_C67873,C67873,0.8911701489853664
SV1_C24701,C24701,0.8915860729506778
SV1_C12095,C12095,0.9063833751627219
SV1_C24094,C24094,0.9264731243128341
SV1_C98415,C98415,0.8745388339326259
SV1_C51688,C51688,0.8936718608559006
SV1_C49222,C49222,0.9554041735864769
SV1_C64233,C64233,0.8452770661794173
SV1_C75048,C75048,0.7581925883662628
SV1_C84688,C84688,0.8625132607591921
SV1_C55819,C55819,0.8288654383780155
SV1_C10884,C10884,0.9343118493049839
SV1_C75670,C75670,0.903022954035892
SV1_C89475,C89475,0.8397859751134888
SV1_C50408,C50408,0.8683561781339645
SV1_C55211,C55211,0.8322205945542954
SV1_C02402,C02402,0.9631390597018837
SV1_C87078,C87078,0.8461941028038273
SV1_C15618,C15618,0.9381816100840564
SV1_C25906,C25906,0.9297701971343963
SV1_C99086,C99086,0.8966920437522796
SV1_C84718,C84718,0.8492791797654387
SV1_C69013,C69013,0.9741497256974149
SV1_C73258,C73258,0.8650835232340977
SV1_C49294,C49294,0.8394054983425422
SV1_C57628,C57628,0.8340574936497988
SV1_C17414,C17414,0.9428975808932328
SV1_C13862,C13862,0.8466281260018379
SV1_C18020,C18020,0.8030858152611658
SV1_C87032,C87032,0.8300695951476451
SV1_C88876,C88876,0.8451858276306287
SV1_C10201,C10201,0.9791241927558729
SV1_C66104,C66104,0.9101188992960575
SV1_C54013,C54013,0.8744377426085955
SV1_C83494,C83494,0.8394577023315549
SV1_C47440,C47440,0.9198482575348677
SV1_C54643,C54643,0.9234962150638881
SV1_C67910,C67910,0.9791975704319122
SV1_C48678,C48678,0.9832484343670517
SV1_C51633,C51633,0.9135128218259965
SV1_C55201,C55201,0.933580506860106
SV1_C63704,C63704,0.8861187220845211
SV1_C16279,C16279,0.9276426199734247
SV1_C43245,C43245,0.9210241627794604
SV1_C64891,C64891,0.7790397674223644
SV1_C77507,C77507,0.8933923642124864
SV1_C00109,C00109,0.9269107871572282
SV1_C89427,C89427,0.8399468325079751
SV1_C92468,C92468,0.9289152769334685
SV1_C51042,C51042,0.8103834010444942
SV1_C00687,C00687,0.7889332369928759
SV1_C61880,C61880,0.8371627798644115
SV1_C49313,C49313,0.8113911851527393
SV1_C18626,C18626,0.8445990828144999
SV1_C71477,C71477,0.8861689350043432
SV1_C45019,C45019,0.9447623823351967
SV1_C71509,C71509,0.8252897727104274
SV1_C06029,C06029,0.9646452433357684
SV1_C88200,C88200,0.8738233322798551
SV1_C100281,C100281,0.925180781439028
SV1_C46848,C46848,0.9793228966851414
SV1_C87696,C87696,0.9913572905243428
SV1_C90042,C90042,0.8285916598199733
SV1_C35418,C35418,0.9609945435141503
SV1_C67238,C67238,0.9161571525241456
SV1_C41404,C41404,0.8513588715232119
SV1_C10825,C10825,0.8712397688014356
SV1_C04833,C04833,0.9178763318115847
SV1_C03644,C03644,0.8708736579456332
SV1_C05437,C05437,0.9202764135419359
SV1_C90666,C90666,0.864719457660223
SV1_C34820,C34820,0.9658913413238156
SV1_C92405,C92405,0.8870724527574179
SV1_C69681,C69681,0.8652746943371651
SV1_C61282,C61282,0.9935702148370172
SV1_C04301,C04301,0.8778851596424901
SV1_C64224,C64224,0.8356900204615769
SV1_C85805,C85805,0.9053782581883953
SV1_C55828,C55828,0.9733576432325795
SV1_C25826,C25826,0.8786980069204972
SV1_C44496,C44496,0.9934388313460434
SV1_C09044,C09044,0.8056557235688977
SV1_C26427,C26427,0.8685046959094292
SV1_C74465,C74465,0.8417057200013425
SV1_C32494,C32494,0.7535040570964167
SV1_C27047,C27047,0.7368080887680974
SV1_C24625,C24625,0.9851050525062776
SV1_C69600,C69600,0.9725126670360241
SV1_C48111,C48111,0.8288871931486408
SV1_C06106,C06106,0.8696052485408364
SV1_C94847,C94847,0.7975667301708489
SV1_C49309,C49309,0.8240549711707993
SV1_C00711,C00711,0.8221464142486761
SV1_C15036,C15036,0.8530954937126016
SV1_C72048,C72048,0.7618898626339842
SV1_C02518,C02518,0.8800585345814456
SV1_C08456,C08456,0.7914167323341964
SV1_C76841,C76841,0.843524949592752
SV1_C60698,C60698,0.9877096182521131
SV1_C60033,C60033,0.836035715161272
SV1_C100285,C100285,0.9078519941940847
SV1_C57084,C57084,0.7946370535848875
SV1_C51672,C51672,0.996194605396305
SV1_C81083,C81083,0.9851501152092266
SV1_C58823,C58823,0.8610402413576225
SV1_C69622,C69622,0.9256112332286237
SV1_C80416,C80416,0.8866764108546253
SV1_C66098,C66098,0.9930669652750765
SV1_C11454,C11454,0.7695491496676902
SV1_C59434,C59434,0.8379351092025185
SV1_C49870,C49870,0.850469024859076
SV1_C78068,C78068,0.8522764473338252
SV1_C30100,C30100,0.8285615222173681
SV1_C07281,C07281,0.9942776318134277
SV1_C03600,C03600,0.9677048523940452
SV1_C04298,C04298,0.906425175125842
SV1_C91884,C91884,0.9199584377560591
SV1_C31879,C31879,0.979919965690306
SV1_C03621,C03621,0.7421365447404958
SV1_C74467,C74467,0.952501590152907
SV1_C09064,C09064,0.8934109692396383
SV1_C100294,C100294,0.8504353065827895
SV1_C31280,C31280,0.9863343818719773
SV1_C48662,C48662,0.9514120163093868
SV1_C51046,C51046,0.8094834343498178
SV1_C66045,C66045,0.9098544950379204
SV1_C12041,C12041,0.7900382726601322
SV1_C60604,C60604,0.9345585393370585
SV1_C03608,C03608,0.9696160248358584
SV1_C60610,C60610,0.9833259600935138
SV1_C48057,C48057,0.9456680235820021
SV1_C45070,C45070,0.7752725150850834
SV1_C33114,C33114,0.8415031266094303
SV1_C91288,C91288,0.8404037180805458
SV1_C28901,C28901,0.8106593212832508
SV1_C43253,C43253,0.9942314131280571
SV1_C09057,C09057,0.7977870206733146
SV1_C54603,C54603,0.8455280801814672
SV1_C88218,C88218,0.9630036999935141
SV1_C21631,C21631,0.760517428992714
SV1_C78111,C78111,0.8077382675294632
SV1_C94201,C94201,0.9745417076461732
SV1_C99705,C99705,0.9297795127792186
SV1_C19800,C19800,0.8837344705780579
SV1_C23434,C23434,0.8908394193731088
SV1_C58847,C58847,0.8391380384615111
SV1_C48616,C48616,0.7906680576023212
SV1_C61245,C61245,0.878769647489772
SV1_C61879,C61879,0.8721689790888153
SV1_C20418,C20418,0.9096491277117035
SV1_C81013,C81013,0.9260462616416765
SV1_C10275,C10275,0.8809329846477316
SV1_C75632,C75632,0.8972450021922166
SV1_C22897,C22897,0.8761599632924244
SV1_C67284,C67284,0.838834748952335
SV1_C46876,C46876,0.9103629015936837
SV1_C12604,C12604,0.9595609792156808
SV1_C26409,C26409,0.9213225019675972
SV1_C29480,C29480,0.953458620815122
SV1_C43281,C43281,0.8683993281261332
SV1_C76870,C76870,0.8919590096323936
SV1_C06079,C06079,0.9997936944881741
SV1_C97805,C97805,0.9961639421199766
SV1_C46210,C46210,0.9401939536247134
SV1_C46249,C46249,0.994940493696333
SV1_C91304,C91304,0.9690256967376428
SV1_C68478,C68478,0.9638871181456908
SV1_C50438,C50438,0.8732988088239985
SV1_C28815,C28815,0.8976868692444517
SV1_C58319,C58319,0.8189518599389722
SV1_C88846,C88846,0.7698255389486636
SV1_C66011,C66011,0.7896670587037126
SV1_C01213,C01213,0.991454196142253
SV1_C63683,C63683,0.9345239247189665
SV1_C21006,C21006,0.9010998401515685
SV1_C41402,C41402,0.9578394376878125
SV1_C85279,C85279,0.8511457288652352
SV1_C19277,C19277,0.8099234265495991
SV1_C21616,C21616,0.9504616261571239
SV1_C90619,C90619,0.938414392154256
SV1_C22833,C22833,0.9793769928491547
SV1_C85290,C85290,0.8549554045366781
SV1_C48048,C48048,0.9363882614264339
SV1_C82291,C82291,0.9541004927972431
SV1_C68488,C68488,0.7866656425934423
SV1_C12682,C12682,0.8952649405194711
SV1_C45027,C45027,0.7848333815864117
SV1_C64243,C64243,0.8013254873450634
SV1_C58238,C58238,0.8613351486216178
SV1_C91296,C91296,0.9678792336510517
SV1_C44438,C44438,0.7660481144194009
SV1_C66616,C66616,0.8765822639908014
SV1_C33679,C33679,0.9366312582578047
SV1_C49315,C49315,0.9426808434144326
SV1_C64893,C64893,0.7002470642282231
SV1_C46902,C46902,0.9663065763130843
SV1_C21638,C21638,0.859135833849643
SV1_C16289,C16289,0.8409908759430729
SV1_C51087,C51087,0.9119165938271345
SV1_C01881,C01881,0.9748936181891502
SV1_C76224,C76224,0.9351182211104324
SV1_C10878,C10878,0.9244678821304988
SV1_C72709,C72709,0.9084251986123679
SV1_C30707,C30707,0.7976141785763013
SV1_C00673,C00673,0.9565175161487111
SV1_C46235,C46235,0.7841388030911843
SV1_C96630,C96630,0.9275644000455817
SV1_C84680,C84680,0.9225809235669838
SV1_C03106,C03106,0.886936005530062
SV1_C06682,C06682,0.8985044683873448
SV1_C69676,C69676,0.7858401575706742
SV1_C37817,C37817,0.956415933352225
SV1_C43809,C43809,0.8531330057975767
SV1_C14440,C14440,0.8088117142788499
SV1_C69700,C69700,0.8672295522114674
SV1_C13300,C13300,0.7449129275646993
SV1_C68506,C68506,0.9956854898081049
SV1_C89490,C89490,0.9215995638939544
SV1_C88260,C88260,0.7767960123358657
SV1_C27027,C27027,0.8948896698783645
SV1_C87672,C87672,0.8181567071024523
SV1_C62438,C62438,0.8156617024792476
SV1_C69626,C69626,0.8116572820744019
SV1_C96705,C96705,0.8186163162312987
SV1_C55306,C55306,0.8427673010473572
SV1_C60674,C60674,0.9710984151154334
SV1_C91301,C91301,0.9742144239313442
SV1_C78108,C78108,0.7867475003287294
SV1_C03715,C03715,0.8271912614662084
SV1_C54618,C54618,0.8790299884237598
SV1_C01319,C01319,0.8157645971219364
SV1_C99606,C99606,0.9169384619686772
SV1_C85217,C85217,0.8569453072207727
SV1_C12103,C12103,0.9705933691978287
SV1_C57600,C57600,0.946612608396314
SV1_C48035,C48035,0.8145586490729727
SV1_C98409,C98409,0.9932516288536344
SV1_C45693,C45693,0.7683659880150807
SV1_C87015,C87015,0.8757134405623012
SV1_C56514,C56514,0.9217136723395116
SV1_C28246,C28246,0.8782685148197455
SV1_C23476,C23476,0.7976783931420386
SV1_C49306,C49306,0.8022410485509368
SV1_C67810,C67810,0.956331879117454
SV1_C64837,C64837,0.9020293159505897
SV1_C90667,C90667,0.9074897720967632
SV1_C01293,C01293,0.8852916519713016
SV1_C84014,C84014,0.89616751061656
SV1_C88224,C88224,0.8094142041724863
SV1_C57630,C57630,0.8564133128334461
SV1_C04316,C04316,0.9074150686421519
SV1_C47505,C47505,0.981205596526987
SV1_C72639,C72639,0.8899819859505972
SV1_C59411,C59411,0.9425422080048593
SV1_C51106,C51106,0.8800671207512345
SV1_C75003,C75003,0.862467050343995
SV1_C81714,C81714,0.8270854630265978
SV1_C23477,C23477,0.8482230724792174
SV1_C73829,C73829,0.9243887790114989
SV1_C15021,C15021,0.8168917411415705
SV1_C95495,C95495,0.7617174277177154
SV1_C03023,C03023,0.756507026414308
SV1_C07307,C07307,0.9850697759375191
SV1_C06087,C06087,0.9821128875775432
SV1_C46264,C46264,0.9266604151399783
SV1_C50410,C50410,0.9109207670961166
SV1_C45603,C45603,0.9995991533280774
SV1_C01826,C01826,0.8713321124505435
SV1_C35413,C35413,0.8979158184349639
SV1_C05422,C05422,0.8389559073329457
SV1_C73893,C73893,0.9060219220846711
SV1_C22282,C22282,0.860023355442996
SV1_C16823,C16823,0.9003241030962886
SV1_C12114,C12114,0.794413766041931
SV1_C09028,C09028,0.8390313136335262
SV1_C43825,C43825,0.8057777239741446
SV1_C27646,C27646,0.8450099010917155
SV1_C67893,C67893,0.7446739984940852
SV1_C64237,C64237,0.880184873447433
SV1_C64889,C64889,0.8180215129953984
SV1_C09700,C09700,0.839196126243767
SV1_C86435,C86435,0.8488619599505105
SV1_C10284,C10284,0.9514396940213262
SV1_C93620,C93620,0.8728029710566683
SV1_C97221,C97221,0.8981502848220397
SV1_C76913,C76913,0.8311785255741175
SV1_C79917,C79917,0.8254970673175703
SV1_C53503,C53503,0.9306242043435676
SV1_C55309,C55309,0.8897727523688016
SV1_C85200,C85200,0.8915271954079838
SV1_C14415,C14415,0.9081053298253124
SV1_C60635,C60635,0.8388059144350871
SV1_C73913,C73913,0.8609866650107563
SV1_C13255,C13255,0.760784017574803
SV1_C75097,C75097,0.9254417825942091
SV1_C54008,C54008,0.8734298418139417
SV1_C76250,C76250,0.8161506025523028
SV1_C96098,C96098,0.9119852098264589
SV1_C73314,C73314,0.8676326092008418
SV1_C58910,C58910,0.9359052520519013
SV1_C75648,C75648,0.748148148947472
SV1_C98490,C98490,0.9179281265665449
SV1_C94306,C94306,0.9271405540123896
SV1_C51714,C51714,0.927974057641823
SV1_C12616,C12616,0.9086979606423903
SV1_C25222,C25222,0.8693085937709617
SV1_C64283,C64283,0.9474944178891586
SV1_C77445,C77445,0.8087281641349326
SV1_C94801,C94801,0.979377566108181
SV1_C78049,C78049,0.8403922864553423
SV1_C88233,C88233,0.8483888787495846
SV1_C04837,C04837,0.9333700737471193
SV1_C82903,C82903,0.8917985966487748
SV1_C30618,C30618,0.9201247795612407
SV1_C54611,C54611,0.851911665570869
SV1_C58895,C58895,0.7637750634261642
SV1_C57078,C57078,0.7669692809885517
SV1_C52217,C52217,0.8805848482619342
SV1_C40209,C40209,0.8747626304352146
SV1_C91890,C91890,0.9251259601639023
SV1_C18633,C18633,0.8307373088222173
SV1_C23406,C23406,0.9148208609606406
SV1_C12631,C12631,0.9803290691724613
SV1_C99081,C99081,0.9000793231956825
SV1_C90641,C90641,0.770525072454504
SV1_C81078,C81078,0.9263034864623844
SV1_C10813,C10813,0.9540912734785625
SV1_C21646,C21646,0.8949592072543442
SV1_C45037,C45037,0.7963894069215423
SV1_C63718,C63718,0.8807485283316356
SV1_C64302,C64302,0.83110887639185
SV1_C88886,C88886,0.8748862103111211
SV1_C24613,C24613,0.9571237266076796
SV1_C02486,C02486,0.8941490030811365
SV1_C89436,C89436,0.7985227028047551
SV1_C04813,C04813,0.9187309381961404
SV1_C72658,C72658,0.8654340480589947
SV1_C13271,C13271,0.821803946983755
SV1_C88291,C88291,0.8506920112094579
SV1_C93699,C93699,0.9863025859129474
SV1_C78601,C78601,0.9735675248254384
SV1_C15022,C15022,0.8723697106632556
SV1_C84013,C84013,0.9340894435708451
SV1_C44507,C44507,0.860875666278527
SV1_C62434,C62434,0.7541724875295885
SV1_C83408,C83408,0.9529489471655778
SV1_C70822,C70822,0.9774528579233678
SV1_C49911,C49911,0.858859381240225
SV1_C12607,C12607,0.7910374904001375
SV1_C22225,C22225,0.9702429179466694
SV1_C82872,C82872,0.9435996178281981
SV1_C99610,C99610,0.9167241898205195
SV1_C72049,C72049,0.7649931212250294
SV1_C01309,C01309,0.933671061010828
SV1_C76222,C76222,0.94376925474941
SV1_C66693,C66693,0.7294734515545971
SV1_C51630,C51630,0.898604421205261
SV1_C15607,C15607,0.8944090597305516
SV1_C58293,C58293,0.8873538806372118
SV1_C68477,C68477,0.8977283095195604
SV1_C72065,C72065,0.8115726703282895
SV1_C86446,C86446,0.7421827525579728
SV1_C40200,C40200,0.834200965751438
SV1_C55915,C55915,0.8814212385521897
SV1_C52820,C52820,0.7800300271281555
SV1_C76878,C76878,0.9067380835430146
SV1_C87618,C87618,0.9547278670190841
SV1_C34902,C34902,0.821571782692872
SV1_C49824,C49824,0.7871306989553689
SV1_C12658,C12658,0.7808454979367223
SV1_C09637,C09637,0.8875452987543908
SV1_C48710,C48710,0.8713430197655383
SV1_C14477,C14477,0.9219411380269025
SV1_C10223,C10223,0.9340872920056845
SV1_C62483,C62483,0.8710650427419075
SV1_C03035,C03035,0.9772095447980049
SV1_C48018,C48018,0.860062385005786
SV1_C79222,C79222,0.9301202634880429
SV1_C06105,C06105,0.846011182867023
SV1_C10258,C10258,0.8001857562998835
SV1_C45018,C45018,0.8792496499729864
SV1_C77414,C77414,0.8969608726292422
SV1_C88295,C88295,0.9407940446040628
SV1_C58886,C58886,0.8982515726195649
SV1_C78663,C78663,0.7630578812136232
SV1_C64839,C64839,0.8274473007415595
SV1_C50496,C50496,0.8130235520963246
SV1_C69697,C69697,0.9132045579825258
SV1_C87603,C87603,0.8473240732935863
SV1_C67274,C67274,0.9473816080864467
SV1_C03005,C03005,0.9890399279845353
SV1_C25210,C25210,0.9125660071897612
SV1_C99629,C99629,0.9991342417466498
SV1_C13819,C13819,0.8684620908178279
SV1_C45714,C45714,0.9275236252448458
SV1_C67818,C67818,0.8700073369247245
SV1_C49919,C49919,0.9921357435506404
SV1_C87626,C87626,0.8803284570598268
SV1_C12643,C12643,0.8712143868485508
SV1_C95431,C95431,0.9772586738871857
SV1_C89406,C89406,0.9260702603029001
SV1_C31814,C31814,0.9265626573254543
SV1_C33073,C33073,0.9796517303553859
SV1_C17475,C17475,0.9095491594192283
SV1_C75032,C75032,0.8626078073827737
SV1_C44445,C44445,0.941815954576091
SV1_C83491,C83491,0.9139024616741979
SV1_C90010,C90010,0.9465079531402186
SV1_C22243,C22243,0.7333426883575513
SV1_C82878,C82878,0.8914254796950919
SV1_C04892,C04892,0.8965718608566594
SV1_C87614,C87614,0.9398245589104496
SV1_C14424,C14424,0.839555158891963
SV1_C96012,C96012,0.983318752530008
SV1_C48613,C48613,0.8174512313064327
SV1_C93075,C93075,0.9077267328269755
SV1_C88834,C88834,0.8743917243872938
SV1_C45040,C45040,0.8816574274345127
SV1_C88257,C88257,0.8120355657552427
SV1_C94876,C94876,0.9090207574843479
SV1_C76254,C76254,0.8167086376724901
SV1_C78716,C78716,0.826378504173656
SV1_C52903,C52903,0.934113827546202
SV1_C69641,C69641,0.8188507543472302
SV1_C33611,C33611,0.8376959469053313
SV1_C53403,C53403,0.8640994862358834
SV1_C00076,C00076,0.974109379000406
SV1_C90640,C90640,0.7489964492176642
SV1_C22801,C22801,0.874575675382265
SV1_C90004,C90004,0.8978323353173707
SV1_C74513,C74513,0.8625405234394606
SV1_C98444,C98444,0.9268686716367661
SV1_C48637,C48637,0.7851013235072857
SV1_C89435,C89435,0.839130099711454
SV1_C49270,C49270,0.8192556709526324
SV1_C23487,C23487,0.8106990374399953
SV1_C68503,C68503,0.8986742071202097
SV1_C78615,C78615,0.787863553785722
SV1_C16886,C16886,0.8678052004639736
SV1_C43233,C43233,0.8042755894961697
SV1_C97903,C97903,0.9543459123693145
SV1_C72638,C72638,0.9991979823244643
SV1_C84600,C84600,0.9249134196460613
SV1_C13873,C13873,0.9793817356672423
SV1_C54031,C54031,0.9960450201722238
SV1_C47410,C47410,0.9242209140450632
SV1_C15042,C15042,0.9446076922892946
SV1_C07221,C07221,0.9783202918740858
SV1_C33083,C33083,0.9735067223643955
SV1_C12665,C12665,0.8076435539384549
SV1_C92443,C92443,0.8159856482738164
SV1_C61318,C61318,0.8645715940822888
SV1_C30698,C30698,0.8661688287807328
SV1_C35412,C35412,0.883052531970737
SV1_C52885,C52885,0.9598545719114103
SV1_C51641,C51641,0.8055250458148958
SV1_C01235,C01235,0.9894078231880692
SV1_C01279,C01279,0.7771478383190942
SV1_C55242,C55242,0.8554003878192987
SV1_C72012,C72012,0.9621283896974794
SV1_C15633,C15633,0.9105714580046695
SV1_C07300,C07300,0.8387765974869728
SV1_C18643,C18643,0.8274625243407708
SV1_C55234,C55234,0.9573803322773398
SV1_C66703,C66703,0.9023535530681412
SV1_C70242,C70242,0.8340300067409109
SV1_C10272,C10272,0.9775487048840356
SV1_C27094,C27094,0.8986375020941906
SV1_C63022,C63022,0.9312285129395679
SV1_C24029,C24029,0.985911858083441
SV1_C19842,C19842,0.7873686967853409
SV1_C15686,C15686,0.8232388254153167
SV1_C25881,C25881,0.9271343947704761
SV1_C30005,C30005,0.9092208954434519
SV1_C10839,C10839,0.9517498109478691
SV1_C22205,C22205,0.8744220743883647
SV1_C51092,C51092,0.918951562182671
SV1_C54098,C54098,0.8444158953544751
SV1_C48093,C48093,0.7949063317093461
SV1_C88806,C88806,0.9201192321931749
SV1_C92497,C92497,0.862945205978699
SV1_C13900,C13900,0.7692281216632677
SV1_C12045,C12045,0.8411116275611077
SV1_C75075,C75075,0.8365753071112423
SV1_C59446,C59446,0.9161987214324661
SV1_C24612,C24612,0.9671114086685696
SV1_C49236,C49236,0.7644959527829129
SV1_C99675,C99675,0.9288712243858616
SV1_C96073,C96073,0.9029060662465712
SV1_C54637,C54637,0.970407355206815
SV1_C67241,C67241,0.8459815374131858
SV1_C75665,C75665,0.8501315133561068
SV1_C73858,C73858,0.8632474525868149
SV1_C73822,C73822,0.9753106301307155
SV1_C96095,C96095,0.758373791895027
SV1_C14480,C14480,0.9024301377896898
SV1_C09617,C09617,0.9156917752396577
SV1_C51009,C51009,0.8887883123091279
SV1_C90649,C90649,0.8313707626386612
SV1_C29420,C29420,0.7945042517548929
SV1_C31216,C31216,0.8731542564276177
SV1_C46822,C46822,0.8647306638500223
SV1_C07899,C07899,0.9915002963847767
SV1_C09001,C09001,0.9882963148367002
SV1_C04841,C04841,0.9044226653574261
SV1_C92408,C92408,0.8759881649012128
SV1_C20480,C20480,0.9437746538970904
SV1_C05403,C05403,0.9096869464303458
SV1_C76860,C76860,0.8469867042590599
SV1_C89443,C89443,0.796240873447424
SV1_C12117,C12117,0.7324826762904479
SV1_C99000,C99000,0.979751464255724
SV1_C43912,C43912,0.943043731161615
SV1_C14443,C14443,0.8303051104284788
SV1_C91834,C91834,0.8657656986862429
SV1_C69714,C69714,0.8492954496218306
SV1_C05508,C05508,0.8231136540107296
SV1_C21621,C21621,0.8808963604040095
SV1_C27695,C27695,0.806680554721978
SV1_C12101,C12101,0.7939099284336063
SV1_C46913,C46913,0.9431559951066109
SV1_C04894,C04894,0.8337420219032067
SV1_C19841,C19841,0.8595752943227809
SV1_C24714,C24714,0.997270243907273
SV1_C02417,C02417,0.9379342183807594
SV1_C54041,C54041,0.8680854858794614
SV1_C45020,C45020,0.843867149079488
SV1_C21713,C21713,0.9420589084805134
SV1_C10829,C10829,0.8692539691928806
SV1_C00677,C00677,0.9620658451028802
SV1_C98486,C98486,0.8838431231029243
SV1_C70887,C70887,0.989798795154843
SV1_C18646,C18646,0.9853475904008444
SV1_C34895,C34895,0.8353042164970245
SV1_C69605,C69605,0.980750436292152
SV1_C28212,C28212,0.82197163159016
SV1_C67246,C67246,0.9565703956870792
SV1_C75002,C75002,0.9026349955435095
SV1_C96622,C96622,0.9612080446404416
SV1_C80480,C80480,0.9776365116656023
SV1_C16209,C16209,0.9167901021755256
SV1_C76286,C76286,0.8580816097645814
SV1_C54097,C54097,0.808857440162506
SV1_C87637,C87637,0.8602713016154441
SV1_C25301,C25301,0.8911448868559928
SV1_C56400,C56400,0.9900239380060496
SV1_C52202,C52202,0.8998586863388149
SV1_C92413,C92413,0.9196773843453173
SV1_C15639,C15639,0.8519660714456994
SV1_C53443,C53443,0.9331969128577132
SV1_C53423,C53423,0.8070718014313952
SV1_C07230,C07230,0.9369748349631921
SV1_C54040,C54040,0.8620582537749727
SV1_C48703,C48703,0.7926809343131556
SV1_C00119,C00119,0.8225853287725193
SV1_C16814,C16814,0.9463322865968035
SV1_C13244,C13244,0.7987281563859292
SV1_C72071,C72071,0.8597632141580202
SV1_C88847,C88847,0.8130050422297606
SV1_C89493,C89493,0.9716274306601757
SV1_C06685,C06685,0.8318677713923343
SV1_C88858,C88858,0.9238919255608723
SV1_C47444,C47444,0.9954295696870489
SV1_C18032,C18032,0.8446658108287844
SV1_C07815,C07815,0.8638566035993263
SV1_C13307,C13307,0.8389084552307777
SV1_C64289,C64289,0.8980779431983203
SV1_C63032,C63032,0.7916540599988339
SV1_C94884,C94884,0.9042261620917817
SV1_C12667,C12667,0.918936086643499
SV1_C62503,C62503,0.9141225905928975
SV1_C75700,C75700,0.9169025152555419
SV1_C16228,C16228,0.8350145581059235
SV1_C39610,C39610,0.9292037922849606
SV1_C50446,C50446,0.8076508191392453
SV1_C87052,C87052,0.7531136703431376
SV1_C61224,C61224,0.8457212215670245
SV1_C44497,C44497,0.9980699769481098
SV1_C95424,C95424,0.9655421823985297
SV1_C79217,C79217,0.8692646893756882
SV1_C66093,C66093,0.7204896627556996
SV1_C90050,C90050,0.9082225465488752
SV1_C44450,C44450,0.9647057160874858
SV1_C75071,C75071,0.8804074636414716
SV1_C70846,C70846,0.8843906787895326
SV1_C75021,C75021,0.9425470782453302
SV1_C32490,C32490,0.8265305900946982
SV1_C97876,C97876,0.9076598866427966
SV1_C92479,C92479,0.9268016248739286
SV1_C56411,C56411,0.8910384484627202
SV1_C79815,C79815,0.8741145228336463
SV1_C52900,C52900,0.8082159768898403
SV1_C81713,C81713,0.8839488776956369
SV1_C13288,C13288,0.9065073218491108
SV1_C07288,C07288,0.8653779041604698
SV1_C12623,C12623,0.8850846367912677
SV1_C09118,C09118,0.912028498285046
SV1_C78093,C78093,0.9732275806531946
SV1_C50504,C50504,0.8108654653552633
SV1_C96083,C96083,0.8984123520036247
SV1_C63018,C63018,0.8934626923094031
SV1_C48089,C48089,0.8638875440827021
SV1_C96099,C96099,0.9801859616412639
SV1_C63685,C63685,0.8543235353927301
SV1_C87101,C87101,0.9924967866293853
SV1_C45709,C45709,0.9928189146644458
SV1_C71415,C71415,0.9905276838282405
SV1_C84602,C84602,0.8830728818948276
SV1_C25243,C25243,0.7134393214922208
SV1_C25844,C25844,0.8190777945387592
SV1_C66602,C66602,0.949217926781376
SV1_C66041,C66041,0.855266823301476
SV1_C95410,C95410,0.9502863491856257
SV1_C76245,C76245,0.8128628695188527
SV1_C39614,C39614,0.9223668532617537
SV1_C09083,C09083,0.8971160655035302
SV1_C100217,C100217,0.8732708620689151
SV1_C71511,C71511,0.7858388126275465
SV1_C100225,C100225,0.9883789718993362
SV1_C52273,C52273,0.9827392443079485
SV1_C99073,C99073,0.8731825483377806
SV1_C63004,C63004,0.9067554794496735
SV1_C75102,C75102,0.8932692318258453
SV1_C47504,C47504,0.974394686759466
SV1_C39009,C39009,0.8516698666082798
SV1_C84691,C84691,0.9188185183230542
SV1_C01835,C01835,0.9867686580947189
SV1_C57029,C57029,0.8699513468664797
SV1_C87070,C87070,0.8207578124215065
SV1_C65400,C65400,0.9687290613249544
SV1_C33006,C33006,0.8931281209353249
SV1_C89491,C89491,0.8451905648676987
SV1_C55316,C55316,0.741892466902356
SV1_C04896,C04896,0.8496180833656586
SV1_C48667,C48667,0.8493487332384897
SV1_C36613,C36613,0.8974477841578525
SV1_C52301,C52301,0.8105499806245869
SV1_C28900,C28900,0.8306219008040397
SV1_C93088,C93088,0.8368631098651971
SV1_C52290,C52290,0.8935440514140063
SV1_C83500,C83500,0.8643872665252212
SV1_C15075,C15075,0.9264015220998582
SV1_C21693,C21693,0.9416365985096052
SV1_C25280,C25280,0.854171182688678
SV1_C02480,C02480,0.9863891539868791
SV1_C55317,C55317,0.729719576164239
SV1_C85881,C85881,0.9976360408504747
SV1_C75715,C75715,0.9041412367247472
SV1_C08401,C08401,0.9909815412654188
SV1_C60602,C60602,0.9760573939855764
SV1_C10828,C10828,0.8681845693513601
SV1_C95488,C95488,0.941751815560951
SV1_C72036,C72036,0.9070259319043578
SV1_C00105,C00105,0.9145465866986513
SV1_C95504,C95504,0.8211833843145596
SV1_C87028,C87028,0.826796992906598
SV1_C02472,C02472,0.9715182703934029
SV1_C64906,C64906,0.9785516026325698
SV1_C13207,C13207,0.7721517707930934
SV1_C49257,C49257,0.9583743198520511
SV1_C02490,C02490,0.8650775597888468
SV1_C18628,C18628,0.8299626371705047
SV1_C41418,C41418,0.9241415731507203
SV1_C21030,C21030,0.7894190575360157
SV1_C09052,C09052,0.7912180679946516
SV1_C76235,C76235,0.9491142928294996
SV1_C60705,C60705,0.9485144798498621
SV1_C93642,C93642,0.9412754196171043
SV1_C63626,C63626,0.7646678011489983
SV1_C49272,C49272,0.8773933852912111
SV1_C65412,C65412,0.9408489633195636
SV1_C40206,C40206,0.9405139826975264
SV1_C28821,C28821,0.8149297612996944
SV1_C15642,C15642,0.9421748582973956
SV1_C90016,C90016,0.9434097452694378
SV1_C57041,C57041,0.787646831435144
SV1_C70842,C70842,0.7861169355099629
SV1_C89499,C89499,0.8367855696493689
SV1_C55885,C55885,0.7330228358637478
SV1_C84106,C84106,0.8188826350061567
SV1_C62474,C62474,0.9822027977162439
SV1_C45063,C45063,0.7895867487478363
SV1_C93095,C93095,0.8007124348131567
SV1_C83475,C83475,0.9155733006558913
SV1_C87649,C87649,0.8193596506996782
SV1_C51084,C51084,0.9787960602980278
SV1_C21619,C21619,0.9722203304048223
SV1_C84717,C84717,0.8955558513179678
SV1_C70285,C70285,0.9421819689293754
SV1_C78700,C78700,0.7653158096276019
SV1_C50479,C50479,0.8867984648925311
SV1_C60716,C60716,0.9236864739001441
SV1_C90115,C90115,0.829792396438921
SV1_C00005,C00005,0.9986848200925816
SV1_C09109,C09109,0.8369415351028989
SV1_C76880,C76880,0.8772961230862903
SV1_C02482,C02482,0.8783524414639488
SV1_C89481,C89481,0.8845769619775398
SV1_C61829,C61829,0.8207052720915214
SV1_C55873,C55873,0.7453616567201296
SV1_C36609,C36609,0.8529457224479868
SV1_C35500,C35500,0.870256465835746
SV1_C54710,C54710,0.8749696646783331
SV1_C07911,C07911,0.9754507575655522
SV1_C90616,C90616,0.9495327988668737
SV1_C89452,C89452,0.7776724435091931
SV1_C76823,C76823,0.8734729398118715
SV1_C49262,C49262,0.9895480715637689
SV1_C75602,C75602,0.8899004000551691
SV1_C63698,C63698,0.8932055124062456
SV1_C87059,C87059,0.9992939932368928
SV1_C50515,C50515,0.9981125384623435
SV1_C58245,C58245,0.8890687983718296
SV1_C22839,C22839,0.7476607426464236
SV1_C66626,C66626,0.8810893009016484
SV1_C09703,C09703,0.9994324166362542
SV1_C91858,C91858,0.8987189171741867
SV1_C11443,C11443,0.8749177027601807
SV1_C25831,C25831,0.83578280075758
SV1_C09020,C09020,0.945902500655347
SV1_C04246,C04246,0.9545260201843644
SV1_C66623,C66623,0.9981935903293732
SV1_C88893,C88893,0.9745106497670004
SV1_C06038,C06038,0.9817539402035679
SV1_C44488,C44488,0.7603799549975447
SV1_C48078,C48078,0.9997492675454427
SV1_C08507,C08507,0.9937512546888613
SV1_C08516,C08516,0.8054565837386589
SV1_C71409,C71409,0.8008669095134453
SV1_C01311,C01311,0.8218432937505031
SV1_C58221,C58221,0.864080832083563
SV1_C49303,C49303,0.7884380159964869
SV1_C83485,C83485,0.8806415555644036
SV1_C93023,C93023,0.8560942654793022
SV1_C55911,C55911,0.8572062195201908
SV1_C100279,C100279,0.9300408032469035
SV1_C88859,C88859,0.9953694940722883
SV1_C57001,C57001,0.9998952750206037
SV1_C56505,C56505,0.9791024692087383
SV1_C53495,C53495,0.9253418173138408
SV1_C78679,C78679,0.7765502817259835
SV1_C99693,C99693,0.8789655796510097
SV1_C27714,C27714,0.918847220446384
SV1_C30081,C30081,0.9483475925033423
SV1_C09629,C09629,0.8737651268464747
SV1_C70273,C70273,0.8387781889716845
SV1_C54632,C54632,0.9814934671122391
SV1_C28822,C28822,0.8347448801174855
SV1_C12053,C12053,0.7281435516702204
SV1_C53498,C53498,0.8487442154520445
SV1_C13268,C13268,0.8715490838999419
SV1_C49898,C49898,0.7964904554752414
SV1_C96708,C96708,0.80622096793893
SV1_C73845,C73845,0.7688908417495199
SV1_C03717,C03717,0.9171955649673036
SV1_C45087,C45087,0.8414736706890512
SV1_C30607,C30607,0.883537765107434
SV1_C99023,C99023,0.940457927852554
SV1_C66020,C66020,0.8052943633041961
SV1_C49889,C49889,0.7760699159254805
SV1_C81018,C81018,0.9014518326818792
SV1_C66682,C66682,0.9598454874312268
SV1_C77457,C77457,0.8566628201258967
SV1_C26439,C26439,0.8405732132758788
SV1_C97897,C97897,0.8207615136600237
SV1_C18676,C18676,0.8168668006305329
SV1_C13209,C13209,0.9868611222091993
SV1_C12712,C12712,0.7620607556009795
SV1_C09014,C09014,0.9200520729488034
SV1_C84682,C84682,0.8924217961008828
SV1_C78608,C78608,0.9801095703684464
SV1_C24093,C24093,0.9758892383627701
SV1_C96119,C96119,0.8484536588032987
SV1_C85889,C85889,0.89969746743947
SV1_C82898,C82898,0.8238778719567221
SV1_C15001,C15001,0.9132045654750462
SV1_C92515,C92515,0.7733599419499915
SV1_C16219,C16219,0.8975766412252597
SV1_C98502,C98502,0.8805492937194914
SV1_C12628,C12628,0.9509756437842722
SV1_C18003,C18003,0.8750597037216445
SV1_C60011,C60011,0.9397225785976636
SV1_C06602,C06602,0.897538716773462
SV1_C97232,C97232,0.9447256634999713
SV1_C94885,C94885,0.8884081949080603
SV1_C06625,C06625,0.9580386756907328
SV1_C10263,C10263,0.9666166078535203
SV1_C85207,C85207,0.7920084184008557
SV1_C44452,C44452,0.9925172719292622
SV1_C07824,C07824,0.852919115511143
SV1_C63015,C63015,0.8513391131582929
SV1_C46896,C46896,0.983693389753625
SV1_C39607,C39607,0.9690139079560929
SV1_C31276,C31276,0.9887583745668601
SV1_C72685,C72685,0.9309613522972723
SV1_C88809,C88809,0.9151200862895708
SV1_C91294,C91294,0.9505246071991279
SV1_C94831,C94831,0.9696583179446947
SV1_C13827,C13827,0.8652342521151618
SV1_C87701,C87701,0.995494079813742
SV1_C03072,C03072,0.9679925011541617
SV1_C94844,C94844,0.8258050170092324
SV1_C61216,C61216,0.9174078048304646
SV1_C96702,C96702,0.9104119244113669
SV1_C32499,C32499,0.8210395229138124
SV1_C07267,C07267,0.9642969027214774
SV1_C93090,C93090,0.8901909261218802
SV1_C27086,C27086,0.9761587358221961
SV1_C27114,C27114,0.9331593477253826
SV1_C44490,C44490,0.8256049299864174
SV1_C01845,C01845,0.8444407176037861
SV1_C57622,C57622,0.8861984077943137
SV1_C45073,C45073,0.9136421090408242
SV1_C22238,C22238,0.8671712668661944
SV1_C93638,C93638,0.9654274011279881
SV1_C30079,C30079,0.9744434451340974
SV1_C54043,C54043,0.9310639907496259
SV1_C25809,C25809,0.9278229278480276
SV1_C22278,C22278,0.8523367020737124
SV1_C27075,C27075,0.867459850381205
SV1_C04203,C04203,0.8151623040499791
SV1_C43872,C43872,0.855364099823615
SV1_C20487,C20487,0.8949753017726925
SV1_C06705,C06705,0.856493443593461
SV1_C61213,C61213,0.9574623758357801
SV1_C31884,C31884,0.9634549306513392
SV1_C02477,C02477,0.9635152325176873
SV1_C03011,C03011,0.8086504614624312
SV1_C90638,C90638,0.8235040013527658
SV1_C12077,C12077,0.9187497402880178
SV1_C30098,C30098,0.858471809995766
SV1_C40804,C40804,0.8445488512098801
SV1_C42017,C42017,0.8522501951670202
SV1_C99045,C99045,0.972365762650558
SV1_C66696,C66696,0.9174158568540172
