scenario_name,candidate_id,max_abs_r_vs_selected
SV1_C61847,C61847,0.8184701908740982
SV1_C22845,C22845,0.8761123873240789
SV1_C61815,C61815,0.9222802598564259
SV1_C76915,C76915,0.849672943396165
SV1_C45633,C45633,0.8046735168322888
SV1_C63103,C63103,0.8895134865092251
SV1_C60696,C60696,0.912339447251402
SV1_C30011,C30011,0.8895684097850348
SV1_C65515,C65515,0.8002496799496887
SV1_C93001,C93001,0.8426589663184224
SV1_C73867,C73867,0.844724400035698
SV1_C84016,C84016,0.8995159596199083
SV1_C57626,C57626,0.8523191410225437
SV1_C75625,C75625,0.9347618351136043
SV1_C60099,C60099,0.9001078442448334
SV1_C19815,C19815,0.8087075335676055
SV1_C00698,C00698,0.8475278700200547
SV1_C74460,C74460,0.8219604770552279
SV1_C75063,C75063,0.9032970270640723
SV1_C48704,C48704,0.8946035000993771
SV1_C51036,C51036,0.8705951584185107
SV1_C33097,C33097,0.8560195992533968
SV1_C68516,C68516,0.8018400694342002
SV1_C86441,C86441,0.9293342667051205
SV1_C52305,C52305,0.8093568083782554
SV1_C03107,C03107,0.8060068495312661
SV1_C69711,C69711,0.9195144863830975
SV1_C73237,C73237,0.9367960693755288
SV1_C52830,C52830,0.8986472864239938
SV1_C89402,C89402,0.9203813846926503
SV1_C53514,C53514,0.9215150248088365
SV1_C45092,C45092,0.9072056004268952
SV1_C53425,C53425,0.9583511274934032
SV1_C00626,C00626,0.9187783795023642
SV1_C70274,C70274,0.8175886441070891
SV1_C73230,C73230,0.9162872150400163
SV1_C06037,C06037,0.9417348488622377
SV1_C70297,C70297,0.8371509191505689
SV1_C58209,C58209,0.9747713151889145
SV1_C53493,C53493,0.967916604491945
SV1_C52833,C52833,0.9428666110413362
SV1_C55220,C55220,0.8783037925953836
SV1_C68439,C68439,0.8993837359845493
SV1_C90628,C90628,0.9755399831235365
SV1_C43279,C43279,0.8186493781403209
SV1_C49267,C49267,0.8982951366216119
SV1_C48106,C48106,0.9344517388679959
SV1_C43828,C43828,0.9267247805144343
SV1_C37205,C37205,0.8370319897653969
SV1_C83487,C83487,0.9485338738579617
SV1_C53494,C53494,0.9974437873365292
SV1_C48074,C48074,0.9079623027087926
SV1_C43276,C43276,0.9881835151476287
SV1_C49261,C49261,0.9636731639603575
SV1_C30674,C30674,0.837099965065249
SV1_C17418,C17418,0.931040539069257
SV1_C06096,C06096,0.8960198855068731
SV1_C83498,C83498,0.8902683442511632
SV1_C23446,C23446,0.8984915321381914
SV1_C44425,C44425,0.9270029565624259
SV1_C33612,C33612,0.8330962178823654
SV1_C58815,C58815,0.9508091052861586
SV1_C57028,C57028,0.8701691155782553
SV1_C05424,C05424,0.9018807162120169
SV1_C34214,C34214,0.8857342122977001
SV1_C28305,C28305,0.9557860470292189
SV1_C19835,C19835,0.800802241458655
SV1_C00710,C00710,0.8205317902279369
SV1_C78026,C78026,0.9413589101408696
SV1_C26500,C26500,0.8294871461299228
SV1_C00083,C00083,0.8702488287633071
SV1_C62499,C62499,0.9149775266529931
SV1_C53412,C53412,0.8605963209007178
SV1_C88816,C88816,0.9283514860133285
SV1_C82813,C82813,0.9378511594679811
SV1_C48619,C48619,0.8710146235442225
SV1_C81622,C81622,0.9490540760412436
SV1_C89505,C89505,0.9452512870916051
SV1_C78650,C78650,0.813408746636468
SV1_C07287,C07287,0.9425515698550633
SV1_C90603,C90603,0.880315930091239
SV1_C58309,C58309,0.9640314842502297
SV1_C36021,C36021,0.995630550384598
SV1_C07266,C07266,0.8614992732444703
SV1_C79806,C79806,0.8863775582703408
SV1_C93709,C93709,0.9540375580324627
SV1_C24708,C24708,0.8108064764085781
SV1_C30089,C30089,0.8032173816320044
SV1_C21645,C21645,0.8741163572530543
SV1_C10889,C10889,0.8475668144478121
SV1_C43214,C43214,0.9253098439823259
SV1_C18623,C18623,0.8256740904355623
SV1_C54035,C54035,0.9315296089418114
SV1_C11515,C11515,0.8615848644513029
SV1_C56493,C56493,0.8438458624669118
SV1_C53435,C53435,0.9021743373911596
SV1_C35401,C35401,0.8341862471251947
SV1_C04835,C04835,0.8954181911131023
SV1_C29518,C29518,0.8045092891665567
SV1_C58237,C58237,0.8472674252375095
SV1_C12034,C12034,0.8773681297416676
SV1_C21634,C21634,0.8885276449849066
SV1_C91317,C91317,0.904415191425744
SV1_C09049,C09049,0.9534552782295587
SV1_C51103,C51103,0.9388465433920208
SV1_C05413,C05413,0.8420310523133566
SV1_C79803,C79803,0.8320896901726366
SV1_C27692,C27692,0.9116104207236647
SV1_C61285,C61285,0.8901254931085767
SV1_C63033,C63033,0.840047477534187
SV1_C88842,C88842,0.9100220643543995
SV1_C64303,C64303,0.8285547364921838
SV1_C60706,C60706,0.9843914900915024
SV1_C16842,C16842,0.92930440273025
SV1_C90626,C90626,0.9514886804453625
SV1_C43201,C43201,0.8623846950250754
SV1_C88247,C88247,0.8287499940864966
SV1_C13282,C13282,0.933403780880767
SV1_C91209,C91209,0.9379354001069692
SV1_C60679,C60679,0.8497279695497161
SV1_C22887,C22887,0.9720918604159069
SV1_C91800,C91800,0.8886477114373456
SV1_C72006,C72006,0.8161147308811133
SV1_C69116,C69116,0.8055213701213033
SV1_C28902,C28902,0.9261864153328917
SV1_C74512,C74512,0.9291549652758427
SV1_C51645,C51645,0.8135597406268129
SV1_C43264,C43264,0.9262426845489776
SV1_C72656,C72656,0.849162624650771
SV1_C43899,C43899,0.8360729311001506
SV1_C51012,C51012,0.8718697085411224
SV1_C61916,C61916,0.8979024044752881
SV1_C05436,C05436,0.8729060931615383
SV1_C20417,C20417,0.8939267589700127
SV1_C48611,C48611,0.9199392951948177
SV1_C64222,C64222,0.9596697232700392
SV1_C07254,C07254,0.9859769872316096
SV1_C43861,C43861,0.9881175340458248
SV1_C81022,C81022,0.950259643302659
SV1_C75637,C75637,0.9173726743926709
SV1_C15030,C15030,0.9667012609925959
SV1_C03633,C03633,0.9774930546977834
SV1_C78008,C78008,0.846974317746567
SV1_C92484,C92484,0.8774695089156689
SV1_C30019,C30019,0.8857117836645989
SV1_C81106,C81106,0.9183075956887372
SV1_C82896,C82896,0.9121566264002107
SV1_C04287,C04287,0.8291273064608919
SV1_C72686,C72686,0.8885200656647328
SV1_C22286,C22286,0.8713922245440152
SV1_C48642,C48642,0.8962203177974181
SV1_C11416,C11416,0.8278137604522897
SV1_C75697,C75697,0.8430486779271468
SV1_C32473,C32473,0.9842867085014477
SV1_C57681,C57681,0.8150925446037607
SV1_C55238,C55238,0.9392898104412638
SV1_C51705,C51705,0.8105387523481405
SV1_C52293,C52293,0.9617573909549941
SV1_C55273,C55273,0.8612254484530175
SV1_C45030,C45030,0.8708365312459921
SV1_C48031,C48031,0.8203623744944063
SV1_C65480,C65480,0.8165608187686649
SV1_C99698,C99698,0.9301531375966718
SV1_C26417,C26417,0.9871844715959841
SV1_C87063,C87063,0.9881812163967814
SV1_C98480,C98480,0.9305087301551443
SV1_C51611,C51611,0.8781889327759971
SV1_C06702,C06702,0.8993785545042015
SV1_C67907,C67907,0.899973860442629
SV1_C50509,C50509,0.8217735114100274
SV1_C24638,C24638,0.8815663510488011
SV1_C25909,C25909,0.8183594913868922
SV1_C90609,C90609,0.9355616217863715
SV1_C50423,C50423,0.8164918779722048
SV1_C34317,C34317,0.8473212422150591
SV1_C04900,C04900,0.9426806570960747
SV1_C01815,C01815,0.8093630259292129
SV1_C49243,C49243,0.8480793461693829
SV1_C94274,C94274,0.9993469926210108
SV1_C79279,C79279,0.9760912493562043
SV1_C10876,C10876,0.9600967303230995
SV1_C03672,C03672,0.9963482345244563
SV1_C54102,C54102,0.8440799406991165
SV1_C11449,C11449,0.9225086759731397
SV1_C72692,C72692,0.8969133419367208
SV1_C06118,C06118,0.9111316769815043
SV1_C72089,C72089,0.8419072949070379
SV1_C28284,C28284,0.8084051894615151
SV1_C06628,C06628,0.9236477647315171
SV1_C93066,C93066,0.9633171609835051
SV1_C52872,C52872,0.9856879477688638
SV1_C77442,C77442,0.8325129186819941
SV1_C93062,C93062,0.9404227305438513
SV1_C88239,C88239,0.8342104957962303
SV1_C43846,C43846,0.8514249945799716
SV1_C61308,C61308,0.9546634223140169
SV1_C25893,C25893,0.9928077792380791
SV1_C19209,C19209,0.8634055593419248
SV1_C69002,C69002,0.9604937686831044
SV1_C09611,C09611,0.8781672907378394
SV1_C30116,C30116,0.8485775494793674
SV1_C85886,C85886,0.9436109551627714
SV1_C91275,C91275,0.8434369601290989
SV1_C06615,C06615,0.9856212729689502
SV1_C46829,C46829,0.9752606633179404
SV1_C73319,C73319,0.9983380725264773
SV1_C49809,C49809,0.9602088358517019
SV1_C77476,C77476,0.9076001334210761
SV1_C75645,C75645,0.91655985845229
SV1_C75031,C75031,0.917575459102414
SV1_C27630,C27630,0.9553995897663755
SV1_C48022,C48022,0.8248864739279378
SV1_C10237,C10237,0.9714502281153148
SV1_C61806,C61806,0.9546244900142449
SV1_C19894,C19894,0.8348436418510554
SV1_C12074,C12074,0.9315383953515405
SV1_C13808,C13808,0.8354157586700347
SV1_C60079,C60079,0.8418134068825038
SV1_C74458,C74458,0.9520301558137108
SV1_C29473,C29473,0.9370989964492813
SV1_C83401,C83401,0.9487070854713185
SV1_C93092,C93092,0.8481340191848482
SV1_C39023,C39023,0.9038781231212458
SV1_C64277,C64277,0.931792700591119
SV1_C82801,C82801,0.94814740969946
SV1_C79800,C79800,0.9340678228699281
SV1_C01307,C01307,0.9151759427278038
SV1_C02436,C02436,0.9901999526081541
SV1_C77403,C77403,0.9632403873919985
SV1_C10857,C10857,0.9371181117460965
SV1_C98411,C98411,0.8477158141798432
SV1_C31212,C31212,0.8875115261468332
SV1_C61845,C61845,0.8655589658138282
SV1_C52812,C52812,0.8643710564822885
SV1_C96026,C96026,0.8960271620782944
SV1_C48044,C48044,0.8511209606709428
SV1_C72660,C72660,0.8837102940802679
SV1_C21609,C21609,0.8800601187190045
SV1_C10912,C10912,0.808680691491147
SV1_C18036,C18036,0.8897986949866452
SV1_C10844,C10844,0.8097475662708348
SV1_C88850,C88850,0.9247963101867247
SV1_C79212,C79212,0.91559662386602
SV1_C72671,C72671,0.8654643497754955
SV1_C07912,C07912,0.8135668041638873
SV1_C74400,C74400,0.9889614293998451
SV1_C25237,C25237,0.9484701868389552
SV1_C73827,C73827,0.8945617159366768
SV1_C24039,C24039,0.8493251126857947
SV1_C45118,C45118,0.9463120377829483
SV1_C27087,C27087,0.8888157211338739
SV1_C63109,C63109,0.9534668069021618
SV1_C42000,C42000,0.9893480348630491
SV1_C93008,C93008,0.8376710820555255
SV1_C11468,C11468,0.9974425787162301
SV1_C21045,C21045,0.9465210704101243
SV1_C47494,C47494,0.9123749346883251
SV1_C74445,C74445,0.9232315402847845
SV1_C24632,C24632,0.9644979406728134
SV1_C81607,C81607,0.9762172980223386
SV1_C78718,C78718,0.9026567649364672
SV1_C91878,C91878,0.9124431742223088
SV1_C72625,C72625,0.9566194405725201
SV1_C90024,C90024,0.9853323206995399
SV1_C62517,C62517,0.8607056252953855
SV1_C15632,C15632,0.9362614616246139
SV1_C30608,C30608,0.8875677480133001
SV1_C88225,C88225,0.9977805061417457
SV1_C35490,C35490,0.8350276673312005
SV1_C86451,C86451,0.9994679825133892
SV1_C45629,C45629,0.9493019274611383
SV1_C48076,C48076,0.9335070481293699
SV1_C09063,C09063,0.9586331211230281
SV1_C30696,C30696,0.8188815995003933
SV1_C07855,C07855,0.8927959903240117
SV1_C12630,C12630,0.9057021106709577
SV1_C00078,C00078,0.842776126376139
SV1_C59506,C59506,0.9688840912813325
SV1_C24025,C24025,0.9458385953728766
SV1_C54084,C54084,0.9378547628958765
SV1_C11467,C11467,0.9966382713861441
SV1_C52282,C52282,0.9025383656017325
SV1_C18685,C18685,0.948055927074194
SV1_C80504,C80504,0.8692843757058588
SV1_C01878,C01878,0.8647707416595639
SV1_C41405,C41405,0.9998845239146723
SV1_C08419,C08419,0.8564370652045097
SV1_C30093,C30093,0.9922264047827691
SV1_C83413,C83413,0.9388351565980875
SV1_C14437,C14437,0.9309033880404034
SV1_C22916,C22916,0.973492518884551
SV1_C15085,C15085,0.8741019048849087
SV1_C58301,C58301,0.9202882787076573
SV1_C76305,C76305,0.9533573011985941
SV1_C19831,C19831,0.802527059737447
SV1_C11485,C11485,0.9243378714565257
SV1_C60627,C60627,0.8425440970590105
SV1_C96085,C96085,0.9275214742990384
SV1_C14418,C14418,0.9388211450645889
SV1_C15614,C15614,0.9505365192028437
SV1_C75712,C75712,0.9228659916712177
SV1_C84079,C84079,0.8694413456269061
SV1_C94317,C94317,0.8584484953596302
SV1_C49858,C49858,0.9933966399223092
SV1_C14405,C14405,0.9166246333657427
SV1_C85888,C85888,0.8920890562551158
SV1_C90009,C90009,0.9297966298262853
SV1_C60617,C60617,0.9527023026416355
SV1_C72679,C72679,0.999255695511847
SV1_C28898,C28898,0.9254060944957193
SV1_C29423,C29423,0.8141497780954952
SV1_C72029,C72029,0.9546996187267706
SV1_C75662,C75662,0.9242808436395403
SV1_C05490,C05490,0.9010084372348435
SV1_C21701,C21701,0.9420034892792674
SV1_C61877,C61877,0.9231237874814069
SV1_C13309,C13309,0.9194161888875402
SV1_C33079,C33079,0.9646055557851839
SV1_C89400,C89400,0.9283734629284361
SV1_C27013,C27013,0.9525442186170778
SV1_C84699,C84699,0.813351382215896
SV1_C82822,C82822,0.9414214145355737
SV1_C24704,C24704,0.9263183890172741
SV1_C73875,C73875,0.9942300513380531
SV1_C28285,C28285,0.8116042352869196
SV1_C79299,C79299,0.8212632222613762
SV1_C75057,C75057,0.8986650503029587
SV1_C75096,C75096,0.9344719994309891
SV1_C45602,C45602,0.9437492311263442
SV1_C100236,C100236,0.9752820077731683
SV1_C86405,C86405,0.9356645664259275
SV1_C74491,C74491,0.9380964740526072
SV1_C87095,C87095,0.9729308912626837
SV1_C46246,C46246,0.8416622530617248
SV1_C94300,C94300,0.943471204874002
SV1_C91270,C91270,0.8551737065039707
SV1_C27605,C27605,0.9743003834078331
SV1_C61301,C61301,0.9602957444152345
SV1_C22318,C22318,0.9429382497483874
SV1_C60645,C60645,0.8869822858322916
SV1_C69614,C69614,0.9254092659433795
SV1_C46894,C46894,0.8933833521138353
SV1_C54609,C54609,0.8560866521910366
SV1_C81683,C81683,0.9815381102643909
SV1_C67276,C67276,0.8267186257261708
SV1_C91912,C91912,0.9179919473426426
SV1_C73313,C73313,0.9199034268938058
SV1_C58215,C58215,0.9521316540548657
SV1_C72112,C72112,0.9217703966646702
SV1_C43267,C43267,0.9479504158528153
SV1_C94829,C94829,0.8866674341672075
SV1_C55272,C55272,0.8723658229821865
SV1_C11422,C11422,0.9621447791494459
SV1_C99680,C99680,0.8785032163129459
SV1_C30602,C30602,0.9224017733304293
SV1_C91810,C91810,0.9442621863636849
SV1_C72037,C72037,0.9326891007712331
SV1_C13266,C13266,0.8638161846113024
SV1_C69618,C69618,0.854587045951175
SV1_C86487,C86487,0.9108229028626984
SV1_C10240,C10240,0.8652191363701818
SV1_C57620,C57620,0.9635500453920931
SV1_C12639,C12639,0.9562889139929341
SV1_C60017,C60017,0.9565600152643553
SV1_C46251,C46251,0.9892178660496386
SV1_C01816,C01816,0.9332098888895258
SV1_C07218,C07218,0.9321206258745974
SV1_C73236,C73236,0.925314494827788
SV1_C03684,C03684,0.9674799535465282
SV1_C16800,C16800,0.8802073556726869
SV1_C85286,C85286,0.9269248222549615
SV1_C54105,C54105,0.8031006687622093
SV1_C84022,C84022,0.9152593699503452
SV1_C08460,C08460,0.8667294564045968
SV1_C38404,C38404,0.9426892232117362
SV1_C78647,C78647,0.8018269937670771
SV1_C30712,C30712,0.8991788333709698
SV1_C67838,C67838,0.9053914900674446
SV1_C99704,C99704,0.9048550575736607
SV1_C25889,C25889,0.9037255942956626
SV1_C07248,C07248,0.8984741300209658
SV1_C06015,C06015,0.9779237766981842
SV1_C58872,C58872,0.8000570714538626
SV1_C22242,C22242,0.8754094746460307
SV1_C87671,C87671,0.8086416509263599
SV1_C07837,C07837,0.9761859936213013
SV1_C10875,C10875,0.9278631567541907
SV1_C69035,C69035,0.903745952607192
SV1_C07255,C07255,0.8900272411270794
SV1_C79289,C79289,0.8500188198315616
SV1_C49218,C49218,0.8986794090735221
SV1_C73263,C73263,0.9112177990555376
SV1_C43303,C43303,0.8545338677535796
SV1_C07898,C07898,0.9002976740084446
SV1_C92470,C92470,0.9381839956963998
SV1_C03700,C03700,0.9425689901597253
SV1_C43315,C43315,0.8328184404723945
SV1_C10873,C10873,0.9728272963415657
SV1_C48049,C48049,0.9431841221380232
SV1_C20476,C20476,0.9469271846389891
SV1_C58894,C58894,0.8379518667229343
SV1_C76307,C76307,0.9636899582077264
SV1_C88206,C88206,0.9134331239772052
SV1_C57606,C57606,0.9903035332057546
SV1_C01318,C01318,0.8464729108540188
SV1_C32488,C32488,0.8816552998096834
SV1_C81620,C81620,0.9820955596964476
SV1_C19222,C19222,0.9244521778398028
SV1_C95476,C95476,0.9147622144905018
SV1_C88281,C88281,0.9741764834788504
SV1_C94883,C94883,0.9143884724501071
SV1_C55807,C55807,0.8879897289048301
SV1_C57116,C57116,0.8720451068255289
SV1_C06609,C06609,0.8304184410538301
SV1_C81691,C81691,0.9590306871552535
SV1_C85885,C85885,0.9777057796971189
SV1_C05504,C05504,0.9033082488645175
SV1_C23507,C23507,0.9132413469250276
SV1_C26482,C26482,0.9853984532667052
SV1_C75650,C75650,0.9450257734322136
SV1_C56403,C56403,0.89144493487162
SV1_C88274,C88274,0.9017192874982901
SV1_C64847,C64847,0.861320199749925
SV1_C46228,C46228,0.9691194012395175
SV1_C53432,C53432,0.9492956088926389
SV1_C22307,C22307,0.9033343573026362
SV1_C54674,C54674,0.8544575400600042
SV1_C21073,C21073,0.9646263009529301
SV1_C65431,C65431,0.8607118325916226
SV1_C25293,C25293,0.9898437292494929
SV1_C96033,C96033,0.881467796275585
SV1_C57008,C57008,0.9960735951913026
SV1_C32401,C32401,0.8848732366480333
SV1_C52815,C52815,0.8805190704618616
SV1_C63096,C63096,0.9303679599502582
SV1_C10202,C10202,0.887815614103133
SV1_C86454,C86454,0.931055187710147
SV1_C25314,C25314,0.9085340886053987
SV1_C66712,C66712,0.8320395635417063
SV1_C88292,C88292,0.8260603406100608
SV1_C33713,C33713,0.8182374679072665
SV1_C10232,C10232,0.978139573470696
SV1_C80401,C80401,0.9327688999744643
SV1_C32479,C32479,0.9755491984565434
SV1_C30681,C30681,0.9604715261683308
SV1_C55208,C55208,0.9296445611213672
SV1_C17480,C17480,0.9923936557118339
SV1_C45614,C45614,0.9284487117911394
SV1_C78100,C78100,0.9227704280052569
SV1_C73259,C73259,0.9255291854167871
SV1_C34891,C34891,0.898848979406475
SV1_C30610,C30610,0.9286428389899666
SV1_C01310,C01310,0.871891804950532
SV1_C72609,C72609,0.9933705744535083
SV1_C89433,C89433,0.9993944256073479
SV1_C64885,C64885,0.8730476668113796
SV1_C16246,C16246,0.9966558936917849
SV1_C04891,C04891,0.8727682895340775
SV1_C27674,C27674,0.8972484077721565
SV1_C83492,C83492,0.9765762041444325
SV1_C99685,C99685,0.897095685948582
SV1_C54693,C54693,0.9659678256512949
SV1_C51031,C51031,0.8359786258732863
SV1_C09035,C09035,0.9311136931274974
SV1_C98504,C98504,0.889519853713413
SV1_C06633,C06633,0.9539697462766692
SV1_C16217,C16217,0.9442374402970437
SV1_C09040,C09040,0.8741875432392973
SV1_C09093,C09093,0.9673979477526428
SV1_C67221,C67221,0.840535791278044
SV1_C94221,C94221,0.9085892015674366
SV1_C90653,C90653,0.899943458713013
SV1_C13293,C13293,0.8431705518911541
SV1_C82283,C82283,0.9759163678387515
SV1_C81689,C81689,0.8796240402581855
SV1_C16215,C16215,0.9421033553399473
SV1_C24642,C24642,0.8553268984656441
SV1_C08422,C08422,0.9982534617085619
SV1_C00676,C00676,0.9434883048942294
SV1_C93047,C93047,0.879835221371886
SV1_C74453,C74453,0.9038060486344959
SV1_C91871,C91871,0.9606353301610308
SV1_C77498,C77498,0.8907958653466852
SV1_C12655,C12655,0.8217816238065447
SV1_C86413,C86413,0.9307449741808924
SV1_C29503,C29503,0.999234428370215
SV1_C32483,C32483,0.984407374556051
SV1_C03115,C03115,0.861327326438503
SV1_C02439,C02439,0.9938104407705433
SV1_C66604,C66604,0.9806261568349992
SV1_C46250,C46250,0.962903812845613
SV1_C84003,C84003,0.999866855579599
SV1_C90112,C90112,0.9957064300587419
SV1_C91819,C91819,0.9374864844543565
SV1_C13216,C13216,0.8050980259703203
SV1_C30083,C30083,0.9824310737844202
SV1_C77417,C77417,0.8915774794009664
SV1_C60103,C60103,0.9099725495766512
SV1_C12016,C12016,0.8301736291224623
SV1_C78669,C78669,0.8228802035865597
SV1_C96086,C96086,0.9689296139032413
SV1_C17487,C17487,0.9379880565721483
SV1_C08421,C08421,0.9755426464821016
SV1_C22319,C22319,0.8133359625280808
SV1_C47472,C47472,0.9634830419905261
SV1_C31882,C31882,0.8697680801724542
SV1_C51109,C51109,0.907092469390807
SV1_C04204,C04204,0.9513782114286803
SV1_C67278,C67278,0.9551921401396756
SV1_C94821,C94821,0.9081245282470486
SV1_C91831,C91831,0.8261580984438441
SV1_C79907,C79907,0.8190862963363927
SV1_C19844,C19844,0.9563549645979701
SV1_C65512,C65512,0.8342777949969361
SV1_C78645,C78645,0.8266812222692974
SV1_C89405,C89405,0.9218988617501293
SV1_C79317,C79317,0.9231862807734916
SV1_C06607,C06607,0.954237963167724
SV1_C90692,C90692,0.8301858689635913
SV1_C98425,C98425,0.9332539903639195
SV1_C98402,C98402,0.96199933870433
SV1_C83497,C83497,0.9067329887186812
SV1_C01906,C01906,0.8678423931268028
SV1_C25200,C25200,0.9125209561668697
SV1_C04274,C04274,0.8974015064685849
SV1_C00612,C00612,0.9842487649917944
SV1_C13291,C13291,0.8788238963972446
SV1_C82207,C82207,0.9817284390905431
SV1_C52824,C52824,0.9418410314108818
SV1_C52226,C52226,0.885028301497231
SV1_C99031,C99031,0.9594724377128024
SV1_C36618,C36618,0.9367130418616774
SV1_C70232,C70232,0.8955434609097834
SV1_C63017,C63017,0.8817185631335576
SV1_C45013,C45013,0.8893891272889123
SV1_C89404,C89404,0.9290704269413064
SV1_C67214,C67214,0.9312626499958738
SV1_C55313,C55313,0.935803644573353
SV1_C09074,C09074,0.9479554011736329
SV1_C87079,C87079,0.9279271403606892
SV1_C28203,C28203,0.9434960058206809
SV1_C49210,C49210,0.944737285598699
SV1_C11440,C11440,0.8938470180502699
SV1_C43807,C43807,0.9982136809160952
SV1_C91816,C91816,0.9417293305423252
SV1_C70221,C70221,0.9890521983764017
SV1_C25233,C25233,0.9318559852702305
SV1_C97228,C97228,0.8963345385515749
SV1_C75686,C75686,0.8808630085175839
SV1_C43893,C43893,0.8695333231475648
SV1_C27015,C27015,0.9123961682206115
SV1_C10893,C10893,0.9535074830421171
SV1_C31808,C31808,0.8792763614149925
SV1_C99076,C99076,0.8972325231501429
SV1_C25916,C25916,0.994536613955457
SV1_C48088,C48088,0.9222547434764715
SV1_C49253,C49253,0.953579240385261
SV1_C92487,C92487,0.8639482463873467
SV1_C98414,C98414,0.9561488644199297
SV1_C21637,C21637,0.989877455430878
SV1_C70246,C70246,0.9097686859763873
SV1_C86473,C86473,0.9475696346967823
SV1_C97204,C97204,0.9986974442414592
SV1_C87624,C87624,0.9919642567405685
SV1_C07857,C07857,0.9447184956672698
SV1_C51686,C51686,0.8900218703088849
SV1_C99605,C99605,0.9455180233509896
SV1_C98485,C98485,0.9620359625903552
SV1_C30003,C30003,0.8839479277631398
SV1_C81686,C81686,0.8795566713450518
SV1_C99090,C99090,0.9044121239111946
SV1_C96024,C96024,0.9085091719985704
SV1_C40806,C40806,0.9750843797893471
SV1_C30606,C30606,0.9247442685004585
SV1_C96005,C96005,0.987367193583255
SV1_C45024,C45024,0.950261332689046
SV1_C98476,C98476,0.912973733598472
SV1_C09055,C09055,0.897290324139745
SV1_C80502,C80502,0.9183940998978469
SV1_C08502,C08502,0.8987303997082102
SV1_C95517,C95517,0.9943911604489588
SV1_C28247,C28247,0.8734476144779654
SV1_C00637,C00637,0.9924191531198326
SV1_C15089,C15089,0.8340955143918833
SV1_C07229,C07229,0.9968375376049193
SV1_C43898,C43898,0.9707806803334608
SV1_C18077,C18077,0.973389669363834
SV1_C70203,C70203,0.983835365491269
SV1_C56407,C56407,0.8914976426199005
SV1_C00707,C00707,0.9146150805564264
SV1_C55303,C55303,0.9054473629950791
SV1_C27077,C27077,0.90618903015591
SV1_C49901,C49901,0.9458357567951721
SV1_C77435,C77435,0.944373342301669
SV1_C41413,C41413,0.9902911210951277
SV1_C47434,C47434,0.920429604881101
SV1_C18024,C18024,0.9311476850173152
SV1_C92464,C92464,0.9941316757549381
SV1_C40201,C40201,0.979120650977567
SV1_C96018,C96018,0.9256619352584745
SV1_C66709,C66709,0.931957730957817
SV1_C91203,C91203,0.8845099551420913
SV1_C43298,C43298,0.9684351884749867
SV1_C73251,C73251,0.9261079504379783
SV1_C96046,C96046,0.8378030683872163
SV1_C60007,C60007,0.9356319776389479
SV1_C27045,C27045,0.8452177156471189
SV1_C66025,C66025,0.981147002419117
SV1_C95478,C95478,0.9938873448654496
SV1_C69014,C69014,0.9393765832035047
SV1_C77510,C77510,0.8797193248308784
SV1_C57691,C57691,0.8168162491766925
SV1_C72698,C72698,0.9218178663155787
SV1_C60090,C60090,0.8124848823358509
SV1_C94311,C94311,0.9185461628040468
SV1_C81697,C81697,0.8900882824349953
SV1_C54691,C54691,0.9006900313124361
SV1_C70828,C70828,0.8988768277126313
SV1_C34203,C34203,0.8709257880883758
SV1_C58300,C58300,0.9182777474824847
SV1_C18634,C18634,0.8698738038456849
SV1_C86515,C86515,0.8910974160180365
SV1_C45655,C45655,0.9942196516724302
SV1_C63031,C63031,0.8524563376132224
SV1_C22296,C22296,0.917040639862567
SV1_C89426,C89426,0.9661254339169197
SV1_C25235,C25235,0.8046631611441991
SV1_C45684,C45684,0.9808731132425097
SV1_C06108,C06108,0.9157178871331386
SV1_C07244,C07244,0.9115921562446568
SV1_C08469,C08469,0.9753317576812296
SV1_C25833,C25833,0.9015594537663408
SV1_C54696,C54696,0.992931287215875
SV1_C17426,C17426,0.9254409988166759
SV1_C04916,C04916,0.859532431726197
SV1_C76237,C76237,0.9088932506268085
SV1_C66101,C66101,0.9563963791277854
SV1_C70294,C70294,0.9078517166720651
SV1_C55315,C55315,0.9464630900103882
SV1_C90712,C90712,0.9878888614625612
SV1_C51075,C51075,0.9973812618765225
SV1_C15014,C15014,0.9513421813518591
SV1_C73814,C73814,0.930072253201787
SV1_C34208,C34208,0.8160746734446409
SV1_C18038,C18038,0.943548381304262
SV1_C80491,C80491,0.9631686910158263
SV1_C72080,C72080,0.9417330646385365
SV1_C28816,C28816,0.901343661743476
SV1_C63717,C63717,0.9002705413684495
SV1_C41411,C41411,0.9136197963491606
SV1_C35503,C35503,0.9912112297852695
SV1_C54601,C54601,0.9015564006447601
SV1_C13250,C13250,0.8637429182501047
SV1_C02423,C02423,0.8027546617869268
SV1_C50514,C50514,0.9266835861278988
SV1_C82900,C82900,0.9115404778553903
SV1_C45705,C45705,0.9994989217984287
SV1_C59407,C59407,0.9385005799263894
SV1_C70885,C70885,0.9633737520236868
SV1_C39013,C39013,0.9405136794607225
SV1_C14403,C14403,0.9334891169490952
SV1_C77489,C77489,0.8588411030789143
SV1_C18624,C18624,0.9094183305150295
SV1_C00016,C00016,0.9375981446891517
SV1_C66642,C66642,0.8797548102913292
SV1_C73285,C73285,0.9319731802706411
SV1_C32495,C32495,0.9861220759013366
SV1_C93067,C93067,0.939545218004789
SV1_C16229,C16229,0.9261749672508852
SV1_C28820,C28820,0.9529794450425595
SV1_C66079,C66079,0.8173272581735307
SV1_C73898,C73898,0.9179542963905466
SV1_C27026,C27026,0.907412801123468
SV1_C25304,C25304,0.9272480237804065
SV1_C43844,C43844,0.8012683371168721
SV1_C12119,C12119,0.9042087773801392
SV1_C10303,C10303,0.9614687360421543
SV1_C69632,C69632,0.9231781214945337
SV1_C62479,C62479,0.8722024651496322
SV1_C64895,C64895,0.8278724303884667
SV1_C34294,C34294,0.9055978507289717
SV1_C06036,C06036,0.8991948408130018
SV1_C87697,C87697,0.9278107299980544
SV1_C51684,C51684,0.976650419141969
SV1_C53509,C53509,0.9520952196608057
SV1_C21602,C21602,0.9052504802506628
SV1_C24680,C24680,0.8320816028222482
SV1_C33015,C33015,0.8654593738307532
SV1_C21623,C21623,0.8516310815854272
SV1_C46898,C46898,0.965040787885134
SV1_C73852,C73852,0.8549967335386264
SV1_C82218,C82218,0.8972791332618583
SV1_C93632,C93632,0.898312941979935
SV1_C82211,C82211,0.9807939038667107
SV1_C71486,C71486,0.8717857919991322
SV1_C31288,C31288,0.9062580020100476
SV1_C75112,C75112,0.9282727495628644
SV1_C13290,C13290,0.841527379749874
SV1_C97272,C97272,0.8883057469132165
SV1_C33620,C33620,0.912713360630813
SV1_C33675,C33675,0.9315725206764149
SV1_C13881,C13881,0.8617795991583359
SV1_C33016,C33016,0.8697406230212736
SV1_C49871,C49871,0.822779793649264
SV1_C09081,C09081,0.9977664928061807
SV1_C72019,C72019,0.839145885054544
SV1_C18625,C18625,0.8928466539467409
SV1_C44410,C44410,0.9422477363118621
SV1_C77461,C77461,0.9493665469638755
SV1_C26418,C26418,0.9263498861763488
SV1_C45047,C45047,0.8578893750661736
SV1_C92401,C92401,0.8819771152472664
SV1_C46839,C46839,0.8643228061414856
SV1_C57019,C57019,0.9530842773382402
SV1_C86438,C86438,0.9498126038690087
SV1_C52296,C52296,0.951519394268868
SV1_C27010,C27010,0.9881138013616848
SV1_C91822,C91822,0.936867532367311
SV1_C30113,C30113,0.8886921486517522
SV1_C58233,C58233,0.9591659404844632
SV1_C49277,C49277,0.9726336254788471
SV1_C99622,C99622,0.851775470844451
SV1_C67296,C67296,0.9174381170424866
SV1_C33609,C33609,0.8509495063489239
SV1_C19233,C19233,0.835225068304415
SV1_C43879,C43879,0.8148742185119806
SV1_C08464,C08464,0.8869421957766995
SV1_C12048,C12048,0.9532048800976174
SV1_C91207,C91207,0.8898833140156521
SV1_C25312,C25312,0.9182467585825709
SV1_C48707,C48707,0.8034131441063447
SV1_C03021,C03021,0.9890470586963648
SV1_C48647,C48647,0.8878233958488692
SV1_C19881,C19881,0.9179930724273675
SV1_C33104,C33104,0.8313995024345356
SV1_C72688,C72688,0.8527103075338925
SV1_C85910,C85910,0.8799184600065342
SV1_C50428,C50428,0.8838623461744451
SV1_C34918,C34918,0.8381621871306982
SV1_C01317,C01317,0.8401650741537325
SV1_C52917,C52917,0.8405261548446855
SV1_C45712,C45712,0.9436828406527734
SV1_C04234,C04234,0.9131146079870833
SV1_C82202,C82202,0.9327928388343534
SV1_C28823,C28823,0.8154851791052132
SV1_C44426,C44426,0.8593057403705978
SV1_C21604,C21604,0.8791848861035155
SV1_C80494,C80494,0.9510883556299783
SV1_C96043,C96043,0.8972207550715089
SV1_C35408,C35408,0.8430956768043137
SV1_C53472,C53472,0.9776613829666715
SV1_C19838,C19838,0.8148851003328793
SV1_C01886,C01886,0.945772839011709
SV1_C73917,C73917,0.848040723246037
SV1_C28800,C28800,0.8896781624750361
SV1_C59483,C59483,0.848326444905602
SV1_C70805,C70805,0.8553627023965849
SV1_C26403,C26403,0.9483149076943054
SV1_C97206,C97206,0.9623767523667267
SV1_C48034,C48034,0.9287882217364042
SV1_C76811,C76811,0.9082842086692573
SV1_C28309,C28309,0.982475851282122
SV1_C68509,C68509,0.9290745173430807
SV1_C31903,C31903,0.9903681220904111
SV1_C72643,C72643,0.8751073984570629
SV1_C69708,C69708,0.8654795289478838
SV1_C82906,C82906,0.9066498124089317
SV1_C66077,C66077,0.880552213729678
SV1_C15646,C15646,0.9926507497654876
SV1_C37809,C37809,0.9340485599511195
SV1_C59422,C59422,0.9204092430502425
SV1_C52243,C52243,0.9202772101968847
SV1_C83502,C83502,0.8909412724471689
SV1_C07308,C07308,0.8885995141161165
SV1_C52839,C52839,0.8662495612037384
SV1_C43810,C43810,0.9411379223499681
SV1_C08410,C08410,0.9029829346886543
SV1_C23509,C23509,0.9354357363293206
SV1_C64844,C64844,0.862146447994909
SV1_C99614,C99614,0.9110492775991638
SV1_C90677,C90677,0.974371609849538
SV1_C00098,C00098,0.8344112183435195
SV1_C90104,C90104,0.9486235299154967
SV1_C57621,C57621,0.9573360053013447
SV1_C93604,C93604,0.9744501484067352
SV1_C03075,C03075,0.8596970633529458
SV1_C52234,C52234,0.8815465463786072
SV1_C84002,C84002,0.9493316503099339
SV1_C29403,C29403,0.8858693351210267
SV1_C61876,C61876,0.925988149373058
SV1_C09633,C09633,0.9956797383796291
SV1_C47422,C47422,0.8508162483737944
SV1_C98500,C98500,0.891640873465668
SV1_C58905,C58905,0.9258095917051985
SV1_C33008,C33008,0.8542832883468612
SV1_C82280,C82280,0.9179436969916066
SV1_C42010,C42010,0.9773302801828812
SV1_C32415,C32415,0.8769853647514005
SV1_C46816,C46816,0.8956582245482247
SV1_C61824,C61824,0.983380561465312
SV1_C98423,C98423,0.9734097178470591
SV1_C52896,C52896,0.9610889095409909
SV1_C55278,C55278,0.8099226905897869
SV1_C13296,C13296,0.9446057224660016
SV1_C04291,C04291,0.8877124129682135
SV1_C11505,C11505,0.9851780013213083
SV1_C70291,C70291,0.8990998704882781
SV1_C96077,C96077,0.9511348353606539
SV1_C56479,C56479,0.8046444159244517
SV1_C70806,C70806,0.8482972041450885
SV1_C36009,C36009,0.9047999921600086
SV1_C07842,C07842,0.840340089246412
SV1_C87012,C87012,0.936737082651074
SV1_C72701,C72701,0.8775797876912669
SV1_C23444,C23444,0.8462363070369172
SV1_C90706,C90706,0.8803901919259397
SV1_C46216,C46216,0.8750448119414144
SV1_C13315,C13315,0.9285941590119149
SV1_C15082,C15082,0.8050490973883058
SV1_C70240,C70240,0.8987148882809337
SV1_C43911,C43911,0.8384310909065933
SV1_C65436,C65436,0.953879418462235
SV1_C63025,C63025,0.8997566574279691
SV1_C09005,C09005,0.9589372732252831
SV1_C09078,C09078,0.9485729217644695
SV1_C93683,C93683,0.9189983045529144
SV1_C61832,C61832,0.980623004962406
SV1_C07210,C07210,0.9057347618765592
SV1_C04908,C04908,0.9176157326537885
SV1_C00686,C00686,0.9282234205927995
SV1_C55205,C55205,0.9335404889876867
SV1_C54047,C54047,0.9953367627104014
SV1_C10295,C10295,0.9181468577046231
SV1_C33709,C33709,0.8191601945662286
SV1_C45617,C45617,0.8556662877463064
SV1_C28910,C28910,0.9162669091085854
SV1_C96610,C96610,0.9574678323617735
SV1_C35498,C35498,0.9237107435419383
SV1_C75678,C75678,0.8995831313880688
SV1_C31208,C31208,0.8837787065760415
SV1_C67226,C67226,0.8713828818830158
SV1_C58307,C58307,0.9163916326009909
SV1_C91224,C91224,0.9499549861835014
SV1_C88839,C88839,0.8315762530442246
SV1_C60002,C60002,0.9800424849462586
SV1_C09103,C09103,0.9696599174937532
SV1_C11477,C11477,0.9475123388593056
SV1_C63002,C63002,0.8874190569874186
SV1_C78116,C78116,0.9446610551370404
SV1_C64903,C64903,0.8935163274291118
SV1_C51113,C51113,0.8565813627199927
SV1_C01292,C01292,0.8167958460715934
SV1_C75118,C75118,0.9230639200740957
SV1_C24109,C24109,0.9395857226687659
SV1_C38415,C38415,0.987363283673779
SV1_C24105,C24105,0.9604040122536964
SV1_C90673,C90673,0.970414410130971
SV1_C36621,C36621,0.9975171868743495
SV1_C06092,C06092,0.9908426692491062
SV1_C96111,C96111,0.919027271756036
SV1_C74506,C74506,0.9158843522939163
SV1_C69111,C69111,0.870693609344279
SV1_C52300,C52300,0.9520148954469859
SV1_C91811,C91811,0.8986828782509563
SV1_C60004,C60004,0.938953885199251
SV1_C51606,C51606,0.9044980105715641
SV1_C23510,C23510,0.9675268826294826
SV1_C87694,C87694,0.9183521570418792
SV1_C13206,C13206,0.9289405383194603
SV1_C03001,C03001,0.9877503418788277
SV1_C45612,C45612,0.9097891595498991
SV1_C50435,C50435,0.8130042341671462
SV1_C26489,C26489,0.9053807804264707
SV1_C24006,C24006,0.9146274629056117
SV1_C08449,C08449,0.952309346587133
SV1_C04294,C04294,0.8955265155151365
SV1_C60083,C60083,0.8500458324507147
SV1_C48084,C48084,0.9248540763648697
SV1_C50407,C50407,0.8768355959221977
SV1_C25839,C25839,0.9756864501911308
SV1_C09691,C09691,0.9793717497404502
SV1_C58274,C58274,0.9038592053055085
SV1_C12058,C12058,0.931946288359225
SV1_C47402,C47402,0.9258935726111853
SV1_C72615,C72615,0.8488584951869265
SV1_C88894,C88894,0.9281025785473057
SV1_C18089,C18089,0.8939839578250552
SV1_C24091,C24091,0.9992869745399989
SV1_C69635,C69635,0.8926596539341367
SV1_C08445,C08445,0.9232061654384235
SV1_C23426,C23426,0.8883983962275522
SV1_C55285,C55285,0.846084280706972
SV1_C08403,C08403,0.8802427850736134
SV1_C99043,C99043,0.9173646007451463
SV1_C75106,C75106,0.9110474620588482
SV1_C82205,C82205,0.9443487591782753
SV1_C51624,C51624,0.9156193625324247
SV1_C22815,C22815,0.9979150696983436
SV1_C72642,C72642,0.8107935207982213
SV1_C19225,C19225,0.8401643563328361
SV1_C10207,C10207,0.8781532735800638
SV1_C96074,C96074,0.9888934415475957
SV1_C55897,C55897,0.9764871722732757
SV1_C55820,C55820,0.8672913479174041
SV1_C15005,C15005,0.9159066405403906
SV1_C46865,C46865,0.9273199830049844
SV1_C07870,C07870,0.9032389099789964
SV1_C89517,C89517,0.9312493669430287
SV1_C69016,C69016,0.8856908905990644
SV1_C51702,C51702,0.8665996830520905
SV1_C95500,C95500,0.9428609076161294
SV1_C24682,C24682,0.9326129201052368
SV1_C07881,C07881,0.9972914362792166
SV1_C55914,C55914,0.8710874741202514
SV1_C47496,C47496,0.9729621951977371
SV1_C28917,C28917,0.8371182802688288
SV1_C49916,C49916,0.9488592156832972
SV1_C46223,C46223,0.8401856605383504
SV1_C76902,C76902,0.9000282525285251
SV1_C44431,C44431,0.8394311454281588
SV1_C46863,C46863,0.9747416570048917
SV1_C26513,C26513,0.9177140832558744
SV1_C04281,C04281,0.9876712404073824
SV1_C73919,C73919,0.996190522494365
SV1_C66677,C66677,0.8882889487193649
SV1_C85218,C85218,0.8620091020693672
SV1_C96621,C96621,0.9037001955848052
SV1_C06640,C06640,0.8312484773168631
SV1_C06035,C06035,0.9087427459682361
SV1_C87048,C87048,0.9215999022871505
SV1_C46294,C46294,0.8707978475740553
SV1_C06686,C06686,0.8745901502600992
SV1_C65419,C65419,0.8640556192746784
SV1_C82816,C82816,0.914526015593849
SV1_C87073,C87073,0.9542038365060279
SV1_C88902,C88902,0.8820753312841683
SV1_C06636,C06636,0.89853244044688
SV1_C52205,C52205,0.8807448083806875
SV1_C94234,C94234,0.9028980137425505
SV1_C34210,C34210,0.840156272292538
SV1_C34887,C34887,0.8856773008451571
SV1_C69011,C69011,0.9943845820626773
SV1_C100277,C100277,0.9280729520181422
SV1_C53426,C53426,0.9118488303300749
SV1_C64900,C64900,0.9085325149563415
SV1_C39012,C39012,0.937937257840222
SV1_C73878,C73878,0.9100464942086687
SV1_C68475,C68475,0.8246372415077169
SV1_C62501,C62501,0.954916549440889
SV1_C18675,C18675,0.9366400474167675
SV1_C09707,C09707,0.966491296146032
SV1_C16281,C16281,0.9421736771193622
SV1_C45078,C45078,0.9645187387411849
SV1_C26479,C26479,0.873485939259144
SV1_C75608,C75608,0.9727474439627214
SV1_C88238,C88238,0.9608375418069032
SV1_C37823,C37823,0.9038996728152568
SV1_C99638,C99638,0.9620473734507928
SV1_C33078,C33078,0.9312724530633263
SV1_C88214,C88214,0.9478522167309423
SV1_C81679,C81679,0.9711424533754593
SV1_C72676,C72676,0.9455764154088947
SV1_C58844,C58844,0.8583445837951239
SV1_C63030,C63030,0.8513668167405727
SV1_C19822,C19822,0.9294226902331996
SV1_C03089,C03089,0.9480950700161757
SV1_C07884,C07884,0.9613223753471397
SV1_C21026,C21026,0.8760817577631683
SV1_C84104,C84104,0.913111287679846
SV1_C10843,C10843,0.8810125168926327
SV1_C07880,C07880,0.9863017617499318
SV1_C04918,C04918,0.8456889681609902
SV1_C15083,C15083,0.9406464605982131
SV1_C25815,C25815,0.9864080167570074
SV1_C71502,C71502,0.9214432192396171
SV1_C90682,C90682,0.9195462271770347
SV1_C74439,C74439,0.8771977822752214
SV1_C85289,C85289,0.8710982841041097
SV1_C58821,C58821,0.9562130546944412
SV1_C67908,C67908,0.8855793134903532
SV1_C85297,C85297,0.8277929473188316
SV1_C71512,C71512,0.9790921321911882
SV1_C43235,C43235,0.8414328442632237
SV1_C48063,C48063,0.9273174052682613
SV1_C18082,C18082,0.8758120912945958
SV1_C58878,C58878,0.9250462542562329
SV1_C09077,C09077,0.999011408994416
SV1_C75028,C75028,0.93843844531144
SV1_C58317,C58317,0.9176070014716029
SV1_C28807,C28807,0.8892272179083995
SV1_C24033,C24033,0.9626170613991081
SV1_C82275,C82275,0.9590904868569131
SV1_C63609,C63609,0.928208000662931
SV1_C12632,C12632,0.9460857718030359
SV1_C17428,C17428,0.9420080043302006
SV1_C81081,C81081,0.8676381741309326
SV1_C31219,C31219,0.8807074707371738
SV1_C43905,C43905,0.9980786966809753
SV1_C76839,C76839,0.9389502023901058
SV1_C18681,C18681,0.970883548975789
SV1_C05516,C05516,0.9239386482273927
SV1_C04240,C04240,0.9303271547095072
SV1_C49842,C49842,0.9323236294734123
SV1_C86408,C86408,0.9437483893654783
SV1_C24706,C24706,0.994851934839425
SV1_C91217,C91217,0.9781563820695152
SV1_C28222,C28222,0.8275241839464691
SV1_C85291,C85291,0.84257029415874
SV1_C28229,C28229,0.9991698727521411
SV1_C00028,C00028,0.9685896509975996
SV1_C55310,C55310,0.9265358514915248
SV1_C12010,C12010,0.8487799452600641
SV1_C45605,C45605,0.9157357095848982
SV1_C51697,C51697,0.9295645286234548
SV1_C73257,C73257,0.8995986688897106
SV1_C28312,C28312,0.9948533574250839
SV1_C16812,C16812,0.8933363767366281
SV1_C54005,C54005,0.8764733333241702
SV1_C34872,C34872,0.9035186477489767
SV1_C74402,C74402,0.9286063337296009
SV1_C28227,C28227,0.818013861981147
SV1_C12013,C12013,0.8683703115399202
SV1_C12672,C12672,0.8682932622271874
SV1_C33698,C33698,0.8939447807906562
SV1_C68474,C68474,0.9552034948248829
SV1_C69019,C69019,0.9328405013938139
SV1_C23505,C23505,0.9564726310633211
SV1_C21612,C21612,0.9281540954477232
SV1_C07231,C07231,0.8917131419439588
SV1_C52227,C52227,0.8729366681058267
SV1_C48071,C48071,0.8825317700018414
SV1_C75677,C75677,0.9303466385170912
SV1_C76883,C76883,0.8964649923104658
SV1_C88290,C88290,0.8990523626007498
SV1_C77508,C77508,0.9447816425297367
SV1_C83400,C83400,0.9537948833092995
SV1_C89424,C89424,0.9913081193844927
SV1_C85801,C85801,0.9052328213762361
SV1_C93021,C93021,0.8634542565324985
SV1_C78629,C78629,0.9405169015088226
SV1_C05446,C05446,0.896095726369562
SV1_C92411,C92411,0.9337162716433738
SV1_C25876,C25876,0.8618091428944654
SV1_C49836,C49836,0.8755724452250591
SV1_C72001,C72001,0.9912429689503072
SV1_C60701,C60701,0.952248725933642
SV1_C75634,C75634,0.8965645322068281
SV1_C83510,C83510,0.8749006779215667
SV1_C90629,C90629,0.9827940070130246
SV1_C88222,C88222,0.9079014430513681
SV1_C51638,C51638,0.8426339201118062
SV1_C37806,C37806,0.9567262256684551
SV1_C76835,C76835,0.9593008634373625
SV1_C85283,C85283,0.9469467745303748
SV1_C47508,C47508,0.9674844671707447
SV1_C58213,C58213,0.9794318959538992
SV1_C59426,C59426,0.9259248967410821
SV1_C83418,C83418,0.8924081658955588
SV1_C72079,C72079,0.9997638912427281
SV1_C64301,C64301,0.9882704982511148
SV1_C36020,C36020,0.9931289232786344
SV1_C30703,C30703,0.9969436751662204
SV1_C70313,C70313,0.9139215766028593
SV1_C67211,C67211,0.9605753147355695
SV1_C82301,C82301,0.8870079690732545
SV1_C22892,C22892,0.9706158650466068
SV1_C72066,C72066,0.8615696871522501
SV1_C86443,C86443,0.8158350614683848
SV1_C70207,C70207,0.9847891487753602
SV1_C11405,C11405,0.9136420364833323
SV1_C65440,C65440,0.8604624247295234
SV1_C84684,C84684,0.8961309473313319
SV1_C83518,C83518,0.8653307621173152
SV1_C78003,C78003,0.991765632069306
SV1_C51023,C51023,0.8841346761991277
SV1_C22804,C22804,0.896513373348616
SV1_C81681,C81681,0.8793713579200494
SV1_C53417,C53417,0.8742983438391037
SV1_C34212,C34212,0.8596209984004598
SV1_C03114,C03114,0.9333869795724486
SV1_C15023,C15023,0.9033929926674602
SV1_C96701,C96701,0.9700622208599258
SV1_C95485,C95485,0.9330386217755703
SV1_C09705,C09705,0.9456341294307162
SV1_C72067,C72067,0.9241194231916136
SV1_C66630,C66630,0.8888730581383268
SV1_C84094,C84094,0.9206246106714369
SV1_C57024,C57024,0.8714533452395608
SV1_C46211,C46211,0.997235461747051
SV1_C93602,C93602,0.9359017147474128
SV1_C49310,C49310,0.9272865703033772
SV1_C10292,C10292,0.9244843818906913
SV1_C03701,C03701,0.9306121587687406
SV1_C54038,C54038,0.9113979454008657
SV1_C69694,C69694,0.8937764720617151
SV1_C16274,C16274,0.9933136349721027
SV1_C45011,C45011,0.9986645115184714
SV1_C79897,C79897,0.8910017351555631
SV1_C16231,C16231,0.8637478298969078
SV1_C64297,C64297,0.985253162557772
SV1_C49221,C49221,0.8811614335642909
SV1_C70804,C70804,0.8524102341794734
SV1_C52203,C52203,0.8699990992287342
SV1_C48081,C48081,0.9422778779163282
SV1_C91250,C91250,0.8569646863164809
SV1_C52295,C52295,0.9193554413113237
SV1_C85819,C85819,0.8926065301478385
SV1_C10890,C10890,0.8828163582084235
SV1_C07914,C07914,0.8551145258535102
SV1_C57006,C57006,0.9860570734201117
SV1_C43913,C43913,0.9482770974298649
SV1_C23497,C23497,0.9607392350696664
SV1_C34812,C34812,0.878139512036559
SV1_C12664,C12664,0.9676383422397643
SV1_C24089,C24089,0.8851005858300818
SV1_C05433,C05433,0.9420886436457832
SV1_C93077,C93077,0.8777668971364022
SV1_C54624,C54624,0.9841457382984048
SV1_C22903,C22903,0.9117889311635221
SV1_C07810,C07810,0.9049110959246571
SV1_C00101,C00101,0.8623694822743301
SV1_C42016,C42016,0.9471209559630731
SV1_C64201,C64201,0.9350531374989475
SV1_C56504,C56504,0.949514126580402
SV1_C00679,C00679,0.8698405283753666
SV1_C08414,C08414,0.8952579128947461
SV1_C34275,C34275,0.9014960733837443
SV1_C99639,C99639,0.8799022027358323
SV1_C29404,C29404,0.889857319488977
SV1_C99684,C99684,0.9102885914303801
SV1_C91919,C91919,0.8652725102485576
SV1_C09709,C09709,0.928827411494473
SV1_C26430,C26430,0.8725313922772561
SV1_C57031,C57031,0.9535683591027476
SV1_C76867,C76867,0.9429646982782898
SV1_C90699,C90699,0.8995522622771768
SV1_C25283,C25283,0.9138156745143566
SV1_C07236,C07236,0.9634757152758568
SV1_C01875,C01875,0.866524489923679
SV1_C44448,C44448,0.9917859945728714
SV1_C72623,C72623,0.931152474216763
SV1_C15625,C15625,0.9235991142608438
SV1_C43228,C43228,0.9140083952804323
SV1_C29513,C29513,0.8891169104003528
SV1_C48021,C48021,0.8299787685137684
SV1_C04919,C04919,0.8046391439837511
SV1_C16882,C16882,0.9809063149595718
SV1_C34916,C34916,0.8956822807279664
SV1_C75667,C75667,0.9605979532932357
SV1_C66102,C66102,0.9928930144351443
SV1_C96684,C96684,0.9389217887396706
SV1_C14417,C14417,0.9451419037623836
SV1_C67882,C67882,0.9747946047397202
SV1_C51608,C51608,0.8649638118995758
SV1_C64880,C64880,0.8077368941452822
SV1_C56474,C56474,0.8353841585536194
SV1_C95514,C95514,0.9302303544125959
SV1_C45600,C45600,0.9241759887538976
SV1_C19284,C19284,0.9307290235152876
SV1_C16218,C16218,0.9366466025911414
SV1_C61908,C61908,0.9366717025945261
SV1_C13849,C13849,0.9121648802349087
SV1_C79274,C79274,0.9300744085768183
SV1_C05499,C05499,0.9131012790793364
SV1_C30612,C30612,0.8911789425371733
SV1_C64241,C64241,0.8999077406090138
SV1_C72061,C72061,0.8857704498739177
SV1_C63624,C63624,0.8803972028182991
SV1_C72651,C72651,0.926742382968655
SV1_C03087,C03087,0.8575527942020288
SV1_C78617,C78617,0.8775301089983963
SV1_C11459,C11459,0.9165910469042092
SV1_C05431,C05431,0.8784041541954603
SV1_C72637,C72637,0.9354500482801495
SV1_C72041,C72041,0.849215657114372
SV1_C49307,C49307,0.8740484226726305
SV1_C29512,C29512,0.9016836968210079
SV1_C46245,C46245,0.8146929292430829
SV1_C33109,C33109,0.8245176761095759
SV1_C97807,C97807,0.9509844049337127
SV1_C33686,C33686,0.9398708348468978
SV1_C38422,C38422,0.9860241156553802
SV1_C98407,C98407,0.9558206467818079
SV1_C73303,C73303,0.9985492166750163
SV1_C19229,C19229,0.8393782175987724
SV1_C61237,C61237,0.9727370510288339
SV1_C87692,C87692,0.8228827886902986
SV1_C22245,C22245,0.8755891814464809
SV1_C09618,C09618,0.9237940923702065
SV1_C63640,C63640,0.8600758480827307
SV1_C27003,C27003,0.9159013317824638
SV1_C06603,C06603,0.9492194636720415
SV1_C03101,C03101,0.9181806798407663
SV1_C86478,C86478,0.8876977170887865
SV1_C77410,C77410,0.9139112885210452
SV1_C78675,C78675,0.885935748972308
SV1_C74476,C74476,0.9397307956022842
SV1_C07835,C07835,0.9019950549035358
SV1_C57625,C57625,0.9510462460133481
SV1_C23417,C23417,0.9679311711194143
SV1_C34308,C34308,0.8597358197002096
SV1_C92433,C92433,0.9084134240813218
SV1_C13223,C13223,0.9484527336183219
SV1_C04816,C04816,0.8733624987122677
SV1_C13844,C13844,0.8836579822339279
SV1_C55275,C55275,0.9258593773437833
SV1_C54677,C54677,0.9187595454651132
SV1_C51685,C51685,0.9688330023002798
SV1_C09682,C09682,0.945071198184079
SV1_C87067,C87067,0.938359910796141
SV1_C60693,C60693,0.8811729888034353
SV1_C00004,C00004,0.9926610353456696
SV1_C42018,C42018,0.9381617039636552
SV1_C57708,C57708,0.9725923847668718
SV1_C23413,C23413,0.9441144469531758
SV1_C52218,C52218,0.9043429307410056
SV1_C54089,C54089,0.871447781898138
SV1_C52901,C52901,0.9515439038292058
SV1_C91222,C91222,0.9423025048373258
SV1_C24100,C24100,0.9279664080715324
SV1_C100224,C100224,0.9852909432196066
SV1_C78054,C78054,0.8393128560148415
SV1_C98412,C98412,0.9897081779038467
SV1_C09657,C09657,0.9491171753149412
SV1_C67244,C67244,0.8693416792290702
SV1_C75708,C75708,0.9341872325052744
SV1_C24616,C24616,0.9898371746535714
SV1_C56426,C56426,0.8960204755649466
SV1_C99007,C99007,0.9523744130569815
SV1_C40822,C40822,0.9685500823067458
SV1_C61834,C61834,0.9406056103822223
SV1_C34803,C34803,0.8500607603758301
SV1_C11462,C11462,0.9513794262965454
SV1_C28906,C28906,0.9264499234124453
SV1_C89448,C89448,0.9140583963059341
SV1_C03617,C03617,0.9224072021047152
SV1_C75668,C75668,0.9702130665698631
SV1_C87702,C87702,0.8817187872295476
SV1_C89432,C89432,0.9923092176009146
SV1_C67235,C67235,0.8855356831413523
SV1_C14472,C14472,0.9182826438442652
SV1_C19221,C19221,0.9555952925092698
SV1_C50436,C50436,0.8542551691530118
SV1_C67215,C67215,0.9499118704068571
SV1_C55884,C55884,0.9337269755114496
SV1_C54104,C54104,0.9848811267106414
SV1_C28301,C28301,0.9445341577004442
SV1_C46856,C46856,0.9809850013096969
SV1_C22900,C22900,0.9206779249990656
SV1_C09688,C09688,0.8590248404525397
SV1_C21005,C21005,0.916765065498375
SV1_C55887,C55887,0.8372499757588737
SV1_C75041,C75041,0.8566496335255938
SV1_C86417,C86417,0.9198000580952314
SV1_C73894,C73894,0.9677821067537634
SV1_C43238,C43238,0.8117662752211902
SV1_C13814,C13814,0.9156635952251432
SV1_C03094,C03094,0.8965785825823057
SV1_C50487,C50487,0.9874193148834266
SV1_C31872,C31872,0.9947128169741104
SV1_C52312,C52312,0.8906587004482113
SV1_C63007,C63007,0.8864001390457791
SV1_C55223,C55223,0.9740241141968278
SV1_C17407,C17407,0.9660024750154396
SV1_C76275,C76275,0.9434551246459031
SV1_C75690,C75690,0.8330409491460758
SV1_C57616,C57616,0.94021638499489
SV1_C76877,C76877,0.9316615311623749
SV1_C88208,C88208,0.9376242081950483
SV1_C82821,C82821,0.9711375740206737
SV1_C55893,C55893,0.9070026144432177
SV1_C74428,C74428,0.9433072818202451
SV1_C80405,C80405,0.9326497535810221
SV1_C90071,C90071,0.8309456764328943
SV1_C77501,C77501,0.9509521569436183
SV1_C52311,C52311,0.9795675401468831
SV1_C12067,C12067,0.9788838157222399
SV1_C56421,C56421,0.9099517153236775
SV1_C51037,C51037,0.8728638276872799
SV1_C66636,C66636,0.9637492317184764
SV1_C92491,C92491,0.8424721825022808
SV1_C75685,C75685,0.9094079964037994
SV1_C75089,C75089,0.8666173968949523
SV1_C46269,C46269,0.9666170051215949
SV1_C13317,C13317,0.8558985720233329
SV1_C49805,C49805,0.9609219775401199
SV1_C95484,C95484,0.916920427944705
SV1_C33707,C33707,0.9510065655368908
SV1_C96113,C96113,0.929300186863527
SV1_C90118,C90118,0.883748131041553
SV1_C43312,C43312,0.9411404684948892
SV1_C04814,C04814,0.8938924166237241
SV1_C25246,C25246,0.8877790171116684
SV1_C73825,C73825,0.9560095046624592
SV1_C57623,C57623,0.863537909256325
SV1_C67230,C67230,0.879407119252521
SV1_C44414,C44414,0.9286304266137455
SV1_C06082,C06082,0.8479109392404117
SV1_C10221,C10221,0.9646493435457104
SV1_C59413,C59413,0.975464058922084
SV1_C29495,C29495,0.9348872937380668
SV1_C00646,C00646,0.9241140273292877
SV1_C90077,C90077,0.9770521164067844
SV1_C00713,C00713,0.9104694033450498
SV1_C87096,C87096,0.9370799961409721
SV1_C16244,C16244,0.9130855371462913
SV1_C62473,C62473,0.955341435945528
SV1_C81105,C81105,0.8894643573097509
SV1_C04845,C04845,0.8814632459476741
SV1_C24045,C24045,0.8741013932702763
SV1_C13908,C13908,0.8727274491065722
SV1_C90003,C90003,0.8740794366299459
SV1_C48045,C48045,0.8758690923758125
SV1_C80499,C80499,0.8226259155288932
SV1_C58276,C58276,0.8485350458073636
SV1_C48627,C48627,0.9856334866426684
SV1_C90062,C90062,0.9334802811166235
SV1_C68502,C68502,0.9965331144616164
SV1_C45628,C45628,0.9599637247234863
SV1_C70914,C70914,0.9005479879999346
SV1_C70820,C70820,0.9948816998983482
SV1_C88868,C88868,0.9237944473683539
SV1_C99097,C99097,0.8965899058846357
SV1_C93681,C93681,0.9624647217333063
SV1_C30697,C30697,0.8367747364573962
SV1_C81693,C81693,0.9991911302331419
SV1_C87715,C87715,0.8892050207908615
SV1_C28306,C28306,0.9294331822673411
SV1_C24640,C24640,0.947457122180189
SV1_C80510,C80510,0.8999685742973427
SV1_C61307,C61307,0.9095467458214569
SV1_C13221,C13221,0.9799840525772011
SV1_C89420,C89420,0.8823345204337857
SV1_C48066,C48066,0.8589904530648591
SV1_C47460,C47460,0.9585111001299234
SV1_C61891,C61891,0.8212293891389889
SV1_C46315,C46315,0.8290051352851459
SV1_C58826,C58826,0.9166775942190474
SV1_C76208,C76208,0.9544971025342628
SV1_C54604,C54604,0.8991966283087819
SV1_C88836,C88836,0.9836566521656926
SV1_C66029,C66029,0.9809567586683341
SV1_C84677,C84677,0.9420421137030688
SV1_C79304,C79304,0.8502261717612879
SV1_C31891,C31891,0.9690388491876721
SV1_C81009,C81009,0.936286703623352
SV1_C16213,C16213,0.9236747178628748
SV1_C79890,C79890,0.8401725072460744
SV1_C84019,C84019,0.9547232416875531
SV1_C100229,C100229,0.9889741961817815
SV1_C88908,C88908,0.982068245577232
SV1_C25277,C25277,0.9021647146151525
SV1_C76848,C76848,0.9058223652594586
SV1_C25919,C25919,0.8400526940087274
SV1_C37206,C37206,0.9584896381425143
SV1_C60692,C60692,0.8891405425255227
SV1_C58285,C58285,0.9370212043357741
SV1_C37803,C37803,0.9974489256671125
SV1_C53446,C53446,0.9266536639535511
SV1_C19218,C19218,0.8846412129761019
SV1_C85892,C85892,0.819819371514854
SV1_C88217,C88217,0.9448408345734225
SV1_C34914,C34914,0.8614180140360357
SV1_C51632,C51632,0.9105338362403971
SV1_C73895,C73895,0.9175965262757464
SV1_C18604,C18604,0.8780802728900372
SV1_C67912,C67912,0.8248678956688356
SV1_C95515,C95515,0.9354317140002851
SV1_C49240,C49240,0.8774993638521338
SV1_C80475,C80475,0.9713472278987848
SV1_C68507,C68507,0.8959154242770233
SV1_C09027,C09027,0.9369463880050554
SV1_C05493,C05493,0.9535357463209783
SV1_C59414,C59414,0.9963350931340255
SV1_C03085,C03085,0.9442058128600073
SV1_C73275,C73275,0.9974893442924436
SV1_C84109,C84109,0.8835050381720868
SV1_C99004,C99004,0.9798925687063055
SV1_C88802,C88802,0.9145152051184879
SV1_C74519,C74519,0.9931086954344649
SV1_C02516,C02516,0.8468346350722994
SV1_C11496,C11496,0.9939264581058229
SV1_C04306,C04306,0.9057450491701118
SV1_C95406,C95406,0.9507828120645413
SV1_C48117,C48117,0.9853993863187284
SV1_C77504,C77504,0.957532611593425
SV1_C21678,C21678,0.8605476528692597
SV1_C30096,C30096,0.8147279505995798
SV1_C19202,C19202,0.935118072096588
SV1_C08439,C08439,0.8897588607352881
SV1_C91271,C91271,0.906595207677275
SV1_C27710,C27710,0.9458650526233462
SV1_C70834,C70834,0.8651508470401137
SV1_C13269,C13269,0.8602830582685947
SV1_C34879,C34879,0.9116620103295676
SV1_C09082,C09082,0.9476410433227859
SV1_C97208,C97208,0.9981407814933917
SV1_C28277,C28277,0.8226492953587249
SV1_C67277,C67277,0.8940666006088329
SV1_C52838,C52838,0.8741137465558939
SV1_C80473,C80473,0.8699723540737897
SV1_C04826,C04826,0.9198927885048865
SV1_C52837,C52837,0.9200376873695529
SV1_C89401,C89401,0.9210667844708201
SV1_C09695,C09695,0.9205145707583635
SV1_C55215,C55215,0.8861027759904194
SV1_C20472,C20472,0.9474696255625618
SV1_C89507,C89507,0.9249729372978136
SV1_C28209,C28209,0.9668919389242611
SV1_C87659,C87659,0.9989703545905039
SV1_C43811,C43811,0.9968764695242782
SV1_C67285,C67285,0.9146359722196872
SV1_C91223,C91223,0.9031064804314967
SV1_C68438,C68438,0.8743729386079526
SV1_C17486,C17486,0.9182680589376572
SV1_C10827,C10827,0.9796788571330356
SV1_C01822,C01822,0.9525373712260393
SV1_C86465,C86465,0.9951493737396119
SV1_C91894,C91894,0.9029274414255014
SV1_C35482,C35482,0.9434957203027428
SV1_C49863,C49863,0.9382804311756915
SV1_C01220,C01220,0.9995925209613559
SV1_C79873,C79873,0.872122080020127
SV1_C23415,C23415,0.9994731367662056
SV1_C27621,C27621,0.8715318064649559
SV1_C22279,C22279,0.9120015778587113
SV1_C90053,C90053,0.9139284559555573
SV1_C72091,C72091,0.9070909677385556
SV1_C66613,C66613,0.9625504912713467
SV1_C91200,C91200,0.8997895575353824
SV1_C43244,C43244,0.8028246787551165
SV1_C77436,C77436,0.9610316230507503
SV1_C22219,C22219,0.9756475555554815
SV1_C60689,C60689,0.9686399362398209
SV1_C46285,C46285,0.9882432635215972
SV1_C74444,C74444,0.9233024891609309
SV1_C93605,C93605,0.9690724840674576
SV1_C09621,C09621,0.9692071330366562
SV1_C99011,C99011,0.9518109749385212
SV1_C81007,C81007,0.9700361887828988
SV1_C16203,C16203,0.9551004536603438
SV1_C52845,C52845,0.8118252291316227
SV1_C46842,C46842,0.8281473447429306
SV1_C87109,C87109,0.9712066617734314
SV1_C22826,C22826,0.8816521601243381
SV1_C33674,C33674,0.9754152373759203
SV1_C58291,C58291,0.8226796360087482
SV1_C04827,C04827,0.883324338811924
SV1_C55300,C55300,0.999149291928656
SV1_C88825,C88825,0.9980877205770325
SV1_C42008,C42008,0.9879472584235769
SV1_C81092,C81092,0.9891609545775767
SV1_C52310,C52310,0.9089640629565983
SV1_C03042,C03042,0.9191141305034418
SV1_C54027,C54027,0.9339549218399064
SV1_C86460,C86460,0.9707497925703052
SV1_C49201,C49201,0.9851506937953188
SV1_C48118,C48118,0.945706881575919
SV1_C06704,C06704,0.9225100498870817
SV1_C09672,C09672,0.9833245436860794
SV1_C09686,C09686,0.9234664287566139
SV1_C18601,C18601,0.8777964430755225
SV1_C01225,C01225,0.972715610396229
SV1_C49815,C49815,0.8764290620164783
SV1_C69017,C69017,0.8939080655203193
SV1_C58202,C58202,0.9870451893925083
SV1_C90048,C90048,0.9042252353551476
SV1_C04807,C04807,0.8632511264123482
SV1_C69001,C69001,0.9969113991589624
SV1_C07892,C07892,0.9307870937255611
SV1_C45691,C45691,0.971762887064122
SV1_C12654,C12654,0.8756948059652356
SV1_C75618,C75618,0.9229564054779074
SV1_C28286,C28286,0.8531043304827727
SV1_C72700,C72700,0.8905391635407542
SV1_C61234,C61234,0.9436010299475822
SV1_C70204,C70204,0.9218592664579003
SV1_C65509,C65509,0.9245459672084902
SV1_C44412,C44412,0.8843592279325568
SV1_C12054,C12054,0.933273314318442
SV1_C16275,C16275,0.921884831927283
SV1_C97213,C97213,0.9870861490708277
SV1_C70823,C70823,0.8499906033892085
SV1_C96683,C96683,0.899224272798168
SV1_C08478,C08478,0.9493698090653689
SV1_C75710,C75710,0.8883649965024976
SV1_C50490,C50490,0.8683695200705728
SV1_C63104,C63104,0.9392376341784829
SV1_C69710,C69710,0.9367474047567279
SV1_C28899,C28899,0.9979956849634066
SV1_C58800,C58800,0.9431637295774917
SV1_C92417,C92417,0.9368347532244073
SV1_C72114,C72114,0.8706629140677232
SV1_C47463,C47463,0.9592838503860113
SV1_C99046,C99046,0.925863431726221
SV1_C82294,C82294,0.9591900628498993
SV1_C46217,C46217,0.8675401579038462
SV1_C59502,C59502,0.9720487426039015
SV1_C72102,C72102,0.9226935734864891
SV1_C73857,C73857,0.9008392604387336
SV1_C34911,C34911,0.9859995998870428
SV1_C99615,C99615,0.9287433451332406
SV1_C13889,C13889,0.9308500939152774
SV1_C88892,C88892,0.8285707424077856
SV1_C46859,C46859,0.9806701419697114
SV1_C93628,C93628,0.9039458983426661
SV1_C15094,C15094,0.9008570478314863
SV1_C43278,C43278,0.9586363274931072
SV1_C75060,C75060,0.8785961776044705
SV1_C52902,C52902,0.888260658254261
SV1_C73231,C73231,0.8794787591702046
SV1_C30621,C30621,0.9431214697073824
SV1_C81615,C81615,0.9656289361983296
SV1_C99042,C99042,0.9152375785902974
SV1_C82290,C82290,0.8785995170594898
SV1_C00697,C00697,0.8770426209015943
SV1_C06613,C06613,0.9654099085391071
SV1_C78066,C78066,0.8802142734067344
SV1_C01275,C01275,0.8681101048779987
SV1_C100290,C100290,0.8240711312920589
SV1_C45680,C45680,0.9911205985653831
SV1_C09698,C09698,0.8906461323487296
SV1_C76226,C76226,0.890495329279343
SV1_C88287,C88287,0.9026421707345165
SV1_C30107,C30107,0.9994895207294325
SV1_C43834,C43834,0.843552782802688
SV1_C59436,C59436,0.9422776910213078
SV1_C51647,C51647,0.9980575586148365
SV1_C19885,C19885,0.8879294246848075
SV1_C23416,C23416,0.9773561740813083
SV1_C86479,C86479,0.9299287562775674
SV1_C96636,C96636,0.8923091348754036
SV1_C10852,C10852,0.8923132538016582
SV1_C66698,C66698,0.9967701444261298
SV1_C69682,C69682,0.9364675271403672
SV1_C97246,C97246,0.9042522192651798
SV1_C47407,C47407,0.9851779885815318
SV1_C70896,C70896,0.9701584497278232
SV1_C46897,C46897,0.9896087587191474
SV1_C46883,C46883,0.9921059320682452
SV1_C31297,C31297,0.8428057894636223
SV1_C84112,C84112,0.838691101379727
SV1_C88304,C88304,0.9553778625535114
SV1_C29417,C29417,0.9038542803491223
SV1_C48047,C48047,0.8253549414385926
SV1_C80421,C80421,0.9811542790430247
SV1_C55276,C55276,0.8726494364665781
SV1_C67836,C67836,0.965395915563924
SV1_C76866,C76866,0.8248808212367841
SV1_C87601,C87601,0.9317812535982696
SV1_C68426,C68426,0.8622035175437406
SV1_C46222,C46222,0.8758208443582906
SV1_C16247,C16247,0.8999353537706803
SV1_C74474,C74474,0.9068179273458009
SV1_C59424,C59424,0.9748781157486011
SV1_C76808,C76808,0.9189618943904525
SV1_C04218,C04218,0.8824983734569896
SV1_C52823,C52823,0.9142984124896932
SV1_C66701,C66701,0.9589048159328571
SV1_C76812,C76812,0.9129907538201025
SV1_C35410,C35410,0.866501784307207
SV1_C88241,C88241,0.9379850710524423
SV1_C58874,C58874,0.9238777847503801
SV1_C73892,C73892,0.8961181260264931
SV1_C21007,C21007,0.9084655608910899
SV1_C13227,C13227,0.9310712702840844
SV1_C62435,C62435,0.8643965488523218
SV1_C48684,C48684,0.9042640091940958
SV1_C76897,C76897,0.9617517988939023
SV1_C54028,C54028,0.9711361945907766
SV1_C96675,C96675,0.9021951202783888
SV1_C01842,C01842,0.9181373560981281
SV1_C49300,C49300,0.9426433574216563
SV1_C25213,C25213,0.964899421962458
SV1_C16223,C16223,0.9019096860802044
SV1_C04292,C04292,0.8452077493566057
SV1_C14488,C14488,0.8481874975237553
SV1_C87656,C87656,0.9413510568671027
SV1_C91855,C91855,0.8683825597330358
SV1_C05503,C05503,0.9137194772432213
SV1_C11504,C11504,0.9928699261266395
SV1_C73909,C73909,0.9051584309246319
SV1_C15035,C15035,0.8735841486293379
SV1_C95510,C95510,0.9865304357553639
SV1_C31917,C31917,0.8546974892536063
SV1_C13835,C13835,0.8586818563969595
SV1_C02489,C02489,0.9443407793514903
SV1_C09658,C09658,0.9985714722431364
SV1_C14475,C14475,0.9260200517847719
SV1_C05487,C05487,0.8616476709777612
SV1_C01821,C01821,0.9938044096324422
SV1_C21015,C21015,0.8985484195608262
SV1_C100208,C100208,0.9090289278663616
SV1_C48683,C48683,0.9334648103413506
SV1_C46823,C46823,0.8299555815494757
SV1_C75107,C75107,0.9913633065007673
SV1_C10816,C10816,0.8848579902736113
SV1_C71440,C71440,0.8808972671423929
SV1_C54077,C54077,0.9482840740260627
SV1_C93085,C93085,0.8614720547969139
SV1_C20405,C20405,0.9100907165205498
SV1_C57026,C57026,0.8543149795978401
SV1_C40821,C40821,0.9813044838085742
SV1_C65408,C65408,0.9639734693859072
SV1_C29407,C29407,0.8879257309443475
SV1_C28299,C28299,0.8724394419175888
SV1_C90069,C90069,0.9163180684833836
SV1_C13201,C13201,0.8539416717789142
SV1_C91293,C91293,0.8324052584302029
SV1_C64276,C64276,0.949183512959401
SV1_C06116,C06116,0.9603829438094647
SV1_C78082,C78082,0.9823886583271065
SV1_C45641,C45641,0.8659556216362915
SV1_C91281,C91281,0.9680451510405856
SV1_C61810,C61810,0.9592611717643753
SV1_C56475,C56475,0.8146701574384756
SV1_C57677,C57677,0.8254123378979477
SV1_C78706,C78706,0.915523002616901
SV1_C21037,C21037,0.9018761299536481
SV1_C25316,C25316,0.9929926064873944
SV1_C79887,C79887,0.9990974193278102
SV1_C58810,C58810,0.99252566474743
SV1_C03713,C03713,0.9005723699904329
SV1_C52892,C52892,0.9309984799886035
SV1_C11444,C11444,0.993962804476324
SV1_C39010,C39010,0.9502490843984314
SV1_C13264,C13264,0.9567035871922153
SV1_C07296,C07296,0.9113863064154015
SV1_C26491,C26491,0.9396072082914099
SV1_C09603,C09603,0.879878430637164
SV1_C14436,C14436,0.8872013229344667
SV1_C25805,C25805,0.9111158720170663
SV1_C76818,C76818,0.9323916841852784
SV1_C54614,C54614,0.8866875404846521
SV1_C87664,C87664,0.993518372726114
SV1_C02427,C02427,0.9705868561639226
SV1_C25801,C25801,0.9021785572362069
SV1_C70815,C70815,0.9393699297655635
SV1_C63691,C63691,0.9898095983313319
SV1_C68420,C68420,0.9761816731177996
SV1_C71513,C71513,0.9731839428432422
SV1_C69027,C69027,0.9057011569212293
SV1_C95421,C95421,0.907161408532572
SV1_C21694,C21694,0.878566371139026
SV1_C64219,C64219,0.8963076558107466
SV1_C74495,C74495,0.9225494474815732
SV1_C76255,C76255,0.8856506339333831
SV1_C99016,C99016,0.9435531764516514
SV1_C81604,C81604,0.9470060228284044
SV1_C86466,C86466,0.9640391422076946
SV1_C100317,C100317,0.9142573592218834
SV1_C81702,C81702,0.9185259352553057
SV1_C28240,C28240,0.937341568149769
SV1_C51680,C51680,0.9957818726350127
SV1_C53506,C53506,0.8982376957851763
SV1_C75073,C75073,0.9452601590905793
SV1_C49872,C49872,0.9376044401349677
SV1_C73266,C73266,0.8683557763635011
SV1_C97319,C97319,0.9806842837685543
SV1_C26402,C26402,0.945035656832249
SV1_C84612,C84612,0.9152251097636495
SV1_C16828,C16828,0.9441352190661066
SV1_C82213,C82213,0.933549015275452
SV1_C89454,C89454,0.9205962986873486
SV1_C66673,C66673,0.882369443427079
SV1_C27702,C27702,0.9022474463079696
SV1_C69692,C69692,0.9251937357255589
SV1_C99096,C99096,0.8717753102746916
SV1_C04200,C04200,0.9503373415298707
SV1_C22902,C22902,0.9834770440605131
SV1_C45645,C45645,0.8189849287968003
SV1_C28245,C28245,0.9068372956129274
SV1_C73309,C73309,0.903717235826907
SV1_C98483,C98483,0.8478812217721283
SV1_C74452,C74452,0.8534802653715884
SV1_C52813,C52813,0.8874024204628235
SV1_C43822,C43822,0.8895354389378006
SV1_C19213,C19213,0.8667643543964352
SV1_C06627,C06627,0.9184842119185944
SV1_C64284,C64284,0.9366804587039141
SV1_C46919,C46919,0.9127039305918013
SV1_C08448,C08448,0.9023271771414267
SV1_C72654,C72654,0.946136275641242
SV1_C61246,C61246,0.9070817384882126
SV1_C67809,C67809,0.9940622630650299
SV1_C07204,C07204,0.9734858283460854
SV1_C36610,C36610,0.9584415732555555
SV1_C57034,C57034,0.8502874051779833
SV1_C71410,C71410,0.8113180544968837
SV1_C09042,C09042,0.8402840461136808
SV1_C03681,C03681,0.982820208862975
SV1_C91280,C91280,0.9761025682734689
SV1_C51609,C51609,0.8870077686972652
SV1_C94913,C94913,0.9271360947377865
SV1_C46259,C46259,0.9916038341598052
SV1_C88244,C88244,0.9945885341036919
SV1_C13224,C13224,0.9374551328604424
SV1_C72040,C72040,0.8431157456744333
SV1_C73269,C73269,0.9449218727661908
SV1_C04225,C04225,0.9457877551844485
SV1_C16836,C16836,0.9163523926611518
SV1_C64912,C64912,0.8337363098904607
SV1_C49856,C49856,0.9451958680603897
SV1_C43845,C43845,0.8267845681605005
SV1_C28310,C28310,0.9575179152732016
SV1_C60000,C60000,0.9366606892157218
SV1_C21021,C21021,0.9431953731543729
SV1_C35517,C35517,0.905103819970687
SV1_C34298,C34298,0.929454019111295
SV1_C30609,C30609,0.9098381190273571
SV1_C68511,C68511,0.8758735259616285
SV1_C31218,C31218,0.9170806835254068
SV1_C87039,C87039,0.9100723160275701
SV1_C67819,C67819,0.906424037885391
SV1_C98426,C98426,0.90104305685717
SV1_C66114,C66114,0.9012279315313309
SV1_C06614,C06614,0.9347184102940516
SV1_C73834,C73834,0.9153621956311668
SV1_C12042,C12042,0.9717941390837906
SV1_C60041,C60041,0.852369508227048
SV1_C76810,C76810,0.8881208151433563
SV1_C98511,C98511,0.8785176293290505
SV1_C25319,C25319,0.8375154340670815
SV1_C12111,C12111,0.9283568809428535
SV1_C31292,C31292,0.9943436801753325
SV1_C62407,C62407,0.8955720265834999
SV1_C87006,C87006,0.8980199878558787
SV1_C45108,C45108,0.9865554837096694
SV1_C04874,C04874,0.8921481538501922
SV1_C34306,C34306,0.9272562486579666
SV1_C00043,C00043,0.9722043586212679
SV1_C61825,C61825,0.9949969162570983
SV1_C59429,C59429,0.9826698104653682
SV1_C98513,C98513,0.9197689729379542
SV1_C55232,C55232,0.9888985756748164
SV1_C43313,C43313,0.9458903706166468
SV1_C96672,C96672,0.901952954387924
SV1_C78009,C78009,0.8488819965757323
SV1_C11410,C11410,0.8558564458190968
SV1_C99113,C99113,0.9611793820986939
SV1_C00689,C00689,0.9234266154005878
SV1_C64204,C64204,0.9331073323394254
SV1_C43287,C43287,0.9725479203512214
SV1_C55239,C55239,0.9670027717375185
SV1_C97877,C97877,0.9001802242595586
SV1_C25315,C25315,0.8460184165886447
SV1_C53414,C53414,0.9071686687035926
SV1_C37810,C37810,0.9556381056271818
SV1_C66090,C66090,0.9048529878324384
SV1_C10854,C10854,0.9908080384399565
SV1_C30015,C30015,0.8948786987956795
SV1_C12017,C12017,0.8792597529785168
SV1_C87691,C87691,0.909465932446864
SV1_C47445,C47445,0.8543168599729734
SV1_C64239,C64239,0.8110033663960697
SV1_C07897,C07897,0.9109813017752886
SV1_C47473,C47473,0.9713886128729571
SV1_C94841,C94841,0.9474551037242694
SV1_C45036,C45036,0.9304637996822442
SV1_C27682,C27682,0.9092781826607934
SV1_C92447,C92447,0.8777539899521345
SV1_C94302,C94302,0.9979266632194593
SV1_C76247,C76247,0.929732104029258
SV1_C48087,C48087,0.9847659955455679
SV1_C73229,C73229,0.9573050050564158
SV1_C74480,C74480,0.9376224653526568
SV1_C72097,C72097,0.8645993010565436
SV1_C48714,C48714,0.9116358962266694
SV1_C77491,C77491,0.9175506722568196
SV1_C97893,C97893,0.9122893803133209
SV1_C94813,C94813,0.9708636800153484
SV1_C78060,C78060,0.9510193316835643
SV1_C70898,C70898,0.9155661060880613
SV1_C97224,C97224,0.8981518764555905
SV1_C66083,C66083,0.8236856735446696
SV1_C29400,C29400,0.8879081019586755
SV1_C72681,C72681,0.9523684260367599
SV1_C16884,C16884,0.9548268913243529
SV1_C97809,C97809,0.995866282456522
SV1_C60040,C60040,0.8553104622373149
SV1_C92483,C92483,0.8760296878500172
SV1_C92429,C92429,0.9128069859350172
SV1_C85306,C85306,0.8669279700513658
SV1_C26498,C26498,0.9833469403026446
SV1_C70897,C70897,0.9622120447066236
SV1_C71429,C71429,0.8807176777169711
SV1_C94890,C94890,0.899693019863238
SV1_C36006,C36006,0.9601520322769205
SV1_C15019,C15019,0.9000449903272456
SV1_C22873,C22873,0.9559778880129993
SV1_C88210,C88210,0.9237059659935212
SV1_C49289,C49289,0.9050920425596642
SV1_C06687,C06687,0.8678698860835102
SV1_C99017,C99017,0.9404815478934746
SV1_C19821,C19821,0.9134472828953806
SV1_C52247,C52247,0.9995066687961384
SV1_C57073,C57073,0.9168053525158043
SV1_C57074,C57074,0.8581716396844299
SV1_C15636,C15636,0.8987693425726023
SV1_C45107,C45107,0.8438311281282408
SV1_C88204,C88204,0.9371470288495017
SV1_C23403,C23403,0.9840988474061136
SV1_C47447,C47447,0.8346757293031082
SV1_C85285,C85285,0.9664470536384511
SV1_C28913,C28913,0.8884563182224501
SV1_C76251,C76251,0.8851064695951388
SV1_C24087,C24087,0.9711225453820448
SV1_C46882,C46882,0.9557444026147283
SV1_C78643,C78643,0.8283487530097466
SV1_C87062,C87062,0.9423100084957868
SV1_C47501,C47501,0.9800885536410341
SV1_C10244,C10244,0.9678275935647609
SV1_C50489,C50489,0.8868108092473679
SV1_C33077,C33077,0.9806107607892212
SV1_C96641,C96641,0.9594501736425627
SV1_C19237,C19237,0.9103940528746719
SV1_C09714,C09714,0.8432488872930747
SV1_C60115,C60115,0.87594177193761
SV1_C62418,C62418,0.9279624886694736
SV1_C15047,C15047,0.8949612083363271
SV1_C38416,C38416,0.9535944837938441
SV1_C27012,C27012,0.935738038065219
SV1_C16208,C16208,0.8904440823937697
SV1_C66622,C66622,0.9434954297660277
SV1_C04843,C04843,0.8825963067728367
SV1_C06018,C06018,0.9469169956102936
SV1_C97218,C97218,0.9246419046621913
SV1_C70230,C70230,0.8594608154499699
SV1_C16240,C16240,0.9526437099498115
SV1_C15679,C15679,0.9306434050370089
SV1_C87676,C87676,0.9742369415341954
SV1_C11476,C11476,0.9346070274055495
SV1_C48717,C48717,0.9546028152237441
SV1_C90028,C90028,0.986158035279533
SV1_C45005,C45005,0.9033017644402287
SV1_C02474,C02474,0.8701551325566941
SV1_C06008,C06008,0.9541441941177673
SV1_C63695,C63695,0.908029268759487
SV1_C46252,C46252,0.9888753682271478
SV1_C48603,C48603,0.9212130270825778
SV1_C79221,C79221,0.9805519510372103
SV1_C74505,C74505,0.9125263396636771
SV1_C87709,C87709,0.973371557730447
SV1_C01913,C01913,0.9135327395974633
SV1_C95408,C95408,0.9876473547149065
SV1_C37219,C37219,0.9595871166533874
SV1_C26419,C26419,0.9486519071474798
SV1_C21679,C21679,0.9103464842511424
SV1_C46312,C46312,0.9420779570388255
SV1_C65505,C65505,0.9489396824099231
SV1_C83516,C83516,0.922506823046429
SV1_C01903,C01903,0.9120947277249435
SV1_C28231,C28231,0.8183113645054005
SV1_C73290,C73290,0.842930844073295
SV1_C49893,C49893,0.9569633217690754
SV1_C73218,C73218,0.8985173722784747
SV1_C58235,C58235,0.8641455999035564
SV1_C79314,C79314,0.8576185301641648
SV1_C73818,C73818,0.8960195587006755
SV1_C92471,C92471,0.9909598060524862
SV1_C37212,C37212,0.9121887449235954
SV1_C16212,C16212,0.8964907119666863
SV1_C24098,C24098,0.9941381250830703
SV1_C88266,C88266,0.9700799034936501
SV1_C73207,C73207,0.8634674391828141
SV1_C12015,C12015,0.8778225595169936
SV1_C21095,C21095,0.8717812676882624
SV1_C19228,C19228,0.8583363744177266
SV1_C88810,C88810,0.9305692155231362
SV1_C55814,C55814,0.948026731070829
SV1_C97823,C97823,0.9870598645860068
SV1_C67247,C67247,0.8716346834910822
SV1_C12116,C12116,0.8670408096883934
SV1_C66040,C66040,0.8759530510948188
SV1_C30000,C30000,0.8854533506382034
SV1_C57038,C57038,0.8321376292856391
SV1_C45100,C45100,0.9940349529485647
SV1_C78065,C78065,0.9169325025119534
SV1_C45662,C45662,0.9602334655995552
SV1_C89411,C89411,0.8798949411490117
SV1_C11406,C11406,0.8547118726970871
SV1_C30717,C30717,0.8477441199770412
SV1_C43871,C43871,0.9404800205722879
SV1_C76271,C76271,0.880116700150528
SV1_C70881,C70881,0.9800258875269731
SV1_C69109,C69109,0.917540026477879
SV1_C50425,C50425,0.8852585983740634
SV1_C63618,C63618,0.9127367039451205
SV1_C04905,C04905,0.9297370153636532
SV1_C94280,C94280,0.9196708102656117
SV1_C76285,C76285,0.9042082276898404
SV1_C30099,C30099,0.9975990576000167
SV1_C92458,C92458,0.9316195815835994
SV1_C56430,C56430,0.8956250852369049
SV1_C55218,C55218,0.909513464432566
SV1_C11412,C11412,0.9138840548840542
SV1_C72682,C72682,0.9088180846374287
SV1_C04811,C04811,0.9867752245774296
SV1_C06002,C06002,0.8901357179849744
SV1_C10907,C10907,0.949155624074339
SV1_C08451,C08451,0.8956439943713264
SV1_C39616,C39616,0.9496039012158739
SV1_C88284,C88284,0.9906097991604765
SV1_C55213,C55213,0.924065935325848
SV1_C64813,C64813,0.9377381649084421
SV1_C07848,C07848,0.9010509695782861
SV1_C79283,C79283,0.9850187729290224
SV1_C57108,C57108,0.8916183235029194
SV1_C16243,C16243,0.9835393365038717
SV1_C69643,C69643,0.9238130938132827
SV1_C92435,C92435,0.8835179924031724
SV1_C57100,C57100,0.8998215847502433
SV1_C55805,C55805,0.972451100284047
SV1_C97905,C97905,0.9486748347167558
SV1_C97300,C97300,0.9301016651978379
SV1_C65421,C65421,0.9942315918349649
SV1_C13292,C13292,0.916343388635247
SV1_C78613,C78613,0.845559877765932
SV1_C80518,C80518,0.8893644462392574
SV1_C56498,C56498,0.9391014671154543
SV1_C21714,C21714,0.877099248221402
SV1_C61290,C61290,0.8449971876838885
SV1_C58908,C58908,0.9743286180513032
SV1_C69031,C69031,0.9056670664630497
SV1_C85276,C85276,0.9760386544085669
SV1_C97290,C97290,0.8946243522791472
SV1_C73871,C73871,0.8746354241333452
SV1_C91849,C91849,0.9125946798479913
SV1_C61304,C61304,0.9135419048254029
SV1_C27618,C27618,0.9493738087036883
SV1_C34301,C34301,0.8536367744622108
SV1_C91299,C91299,0.8720134110545751
SV1_C09693,C09693,0.9659085760740651
SV1_C93035,C93035,0.8510361727092368
SV1_C85809,C85809,0.9050215032459937
SV1_C68482,C68482,0.9789366597403899
SV1_C72602,C72602,0.9364462963725881
SV1_C15076,C15076,0.9381332256386716
SV1_C75713,C75713,0.9172342959181561
SV1_C84615,C84615,0.9827379317888649
SV1_C03029,C03029,0.9769026561212188
SV1_C85201,C85201,0.8955327600691257
SV1_C67913,C67913,0.865130233830872
SV1_C49852,C49852,0.941684392645707
SV1_C31896,C31896,0.829874216550882
SV1_C86512,C86512,0.9930681558802229
SV1_C82278,C82278,0.9182045318903517
SV1_C01900,C01900,0.9143272064107693
SV1_C72612,C72612,0.9923217702097119
SV1_C55883,C55883,0.845940894191051
SV1_C34908,C34908,0.903000073478677
SV1_C97308,C97308,0.9128056730075491
SV1_C21614,C21614,0.9184864822540142
SV1_C45034,C45034,0.9320695365522955
SV1_C56441,C56441,0.8422216004877662
SV1_C27074,C27074,0.9474525495135583
SV1_C94223,C94223,0.9997495893584958
SV1_C23429,C23429,0.9585099305756276
SV1_C30677,C30677,0.9625504401119482
SV1_C04842,C04842,0.8616668345891144
SV1_C78683,C78683,0.8839583282818821
SV1_C93630,C93630,0.8794158092985103
SV1_C48651,C48651,0.8595956607188067
SV1_C66009,C66009,0.9778181838875438
SV1_C60616,C60616,0.9276910845610407
SV1_C95475,C95475,0.9135939372723514
SV1_C11473,C11473,0.9468497459968885
SV1_C90027,C90027,0.9075894299487064
SV1_C50481,C50481,0.9890962604289357
SV1_C03033,C03033,0.9861839655636946
SV1_C96643,C96643,0.8997797573054506
SV1_C20416,C20416,0.8742801528925156
SV1_C10916,C10916,0.8792146098611299
SV1_C83505,C83505,0.9045867725161407
SV1_C12615,C12615,0.9318395627941651
SV1_C01236,C01236,0.9887601331499407
SV1_C14410,C14410,0.943896288267105
SV1_C34285,C34285,0.9263792329849124
SV1_C15675,C15675,0.9250681328922906
SV1_C73816,C73816,0.9434862664099307
SV1_C39016,C39016,0.9528899388122903
SV1_C54672,C54672,0.9272097197187334
SV1_C19811,C19811,0.9706737926659151
SV1_C54708,C54708,0.9858703643751214
SV1_C52889,C52889,0.8735955734293279
SV1_C27608,C27608,0.9440938860054453
SV1_C37207,C37207,0.9988321657515371
SV1_C63600,C63600,0.9275444992471658
SV1_C59447,C59447,0.8821697656108718
SV1_C31875,C31875,0.9747911781478463
SV1_C56510,C56510,0.926578849194298
SV1_C37801,C37801,0.9363259394655118
SV1_C04201,C04201,0.9577198583736356
SV1_C10218,C10218,0.9187099232124745
SV1_C09632,C09632,0.9831947147782931
SV1_C04844,C04844,0.8890412981402425
SV1_C79208,C79208,0.9265898720884386
SV1_C50484,C50484,0.9792479203145361
SV1_C73226,C73226,0.9157896388387
SV1_C97227,C97227,0.9974462664241545
SV1_C78649,C78649,0.8864671803119181
SV1_C07882,C07882,0.9468114738999915
SV1_C04884,C04884,0.9651681480710089
SV1_C60643,C60643,0.899501632921994
SV1_C97294,C97294,0.8881046160045523
SV1_C72617,C72617,0.9417534099115608
SV1_C74507,C74507,0.9952219187739624
SV1_C09676,C09676,0.9833149477720364
SV1_C73869,C73869,0.9508505540652353
SV1_C67234,C67234,0.8935607429893426
SV1_C78033,C78033,0.978550595979312
SV1_C86500,C86500,0.9410385725567354
SV1_C32406,C32406,0.9066263794002225
SV1_C07225,C07225,0.996888057962481
SV1_C69080,C69080,0.9080406164298522
SV1_C85906,C85906,0.8505592735332774
SV1_C96040,C96040,0.9158654567284228
SV1_C04273,C04273,0.989501402925108
SV1_C93060,C93060,0.9671694835170561
SV1_C87035,C87035,0.8819341490606556
SV1_C19883,C19883,0.9969473775735882
SV1_C93112,C93112,0.9474292379260365
SV1_C66026,C66026,0.8884342964895099
SV1_C23440,C23440,0.9610934053140153
SV1_C95434,C95434,0.9135946428027769
SV1_C52803,C52803,0.8746047487524989
SV1_C17491,C17491,0.8934733965745468
SV1_C52883,C52883,0.9972512008634987
SV1_C73317,C73317,0.8438582183522711
SV1_C35421,C35421,0.9875454197429864
SV1_C79292,C79292,0.9761590381916531
SV1_C64897,C64897,0.9488696405835427
SV1_C47431,C47431,0.9075353369714325
SV1_C52237,C52237,0.9054429839201243
SV1_C75717,C75717,0.856689489872172
SV1_C47510,C47510,0.9528358529582056
SV1_C24676,C24676,0.9659847388042744
SV1_C26415,C26415,0.9654229665863905
SV1_C72608,C72608,0.9994817978053225
SV1_C98424,C98424,0.9281375865262822
SV1_C19212,C19212,0.8590524272099986
SV1_C48033,C48033,0.9924388831913752
SV1_C73246,C73246,0.8876349337087689
SV1_C20408,C20408,0.9056213871539521
SV1_C85216,C85216,0.8523038733067083
SV1_C46292,C46292,0.9313412791724446
SV1_C63690,C63690,0.9231821634231858
SV1_C50414,C50414,0.9171682801553731
SV1_C71515,C71515,0.9180472675892468
SV1_C79284,C79284,0.830863674676419
SV1_C85814,C85814,0.8856558721500764
SV1_C04830,C04830,0.9200742283333612
SV1_C99025,C99025,0.982766596580919
SV1_C79211,C79211,0.9463949280976408
SV1_C90055,C90055,0.9820998888425967
SV1_C83473,C83473,0.9100681064936483
SV1_C09609,C09609,0.9555538523381404
SV1_C92513,C92513,0.9378813079895602
SV1_C94230,C94230,0.8857825674968001
SV1_C99700,C99700,0.8942268556505716
SV1_C31203,C31203,0.8783030399591986
SV1_C70231,C70231,0.8433636430531678
SV1_C02443,C02443,0.9668004855973312
SV1_C49801,C49801,0.9608985438834864
SV1_C96047,C96047,0.9107201342912282
SV1_C91227,C91227,0.918145383573019
SV1_C73804,C73804,0.9940831950460738
SV1_C59410,C59410,0.9903018834866845
SV1_C28882,C28882,0.848295560631078
SV1_C14412,C14412,0.9011955737995937
SV1_C44515,C44515,0.8321794429750229
SV1_C12624,C12624,0.9525601427093824
SV1_C27680,C27680,0.8214030684608754
SV1_C51674,C51674,0.9014644980162119
SV1_C91818,C91818,0.9887846629640692
SV1_C88831,C88831,0.8961948352814348
SV1_C78013,C78013,0.8361908273022194
SV1_C61202,C61202,0.9655968139765424
SV1_C68481,C68481,0.9092629283321968
SV1_C12090,C12090,0.8676039180344819
SV1_C16232,C16232,0.9389348257429679
SV1_C70840,C70840,0.9032414138405217
SV1_C03604,C03604,0.9687584864499165
SV1_C18040,C18040,0.9944016609039283
SV1_C51085,C51085,0.9704277570481955
SV1_C04276,C04276,0.9996819495762956
SV1_C01801,C01801,0.9953209152518471
SV1_C95426,C95426,0.889453530377539
SV1_C97837,C97837,0.9261293698869478
SV1_C69089,C69089,0.8537636334011088
SV1_C78110,C78110,0.8996691115929557
SV1_C17439,C17439,0.9549619946265291
SV1_C51017,C51017,0.8842904914739205
SV1_C97225,C97225,0.8783173816383856
SV1_C86428,C86428,0.9877102786217379
SV1_C90613,C90613,0.9598792044703645
SV1_C08499,C08499,0.9714509278337224
SV1_C76313,C76313,0.90697456881494
SV1_C61225,C61225,0.9996162886333745
SV1_C49204,C49204,0.9907504274801594
SV1_C64822,C64822,0.9467848876168278
SV1_C22280,C22280,0.9865562528475628
SV1_C00108,C00108,0.8814256680477159
SV1_C91916,C91916,0.9657017219817491
SV1_C03695,C03695,0.8451108342569699
SV1_C66645,C66645,0.9123407570738369
SV1_C32513,C32513,0.8686549080085791
SV1_C06709,C06709,0.9393218947679672
SV1_C05416,C05416,0.9890071272916209
SV1_C70878,C70878,0.925712900582459
SV1_C37819,C37819,0.9583434168130915
SV1_C55290,C55290,0.8792023808798725
SV1_C15092,C15092,0.9457826342032007
SV1_C24634,C24634,0.8934280620584786
SV1_C68414,C68414,0.9408147545524115
SV1_C49224,C49224,0.9460474951876292
SV1_C61918,C61918,0.8323676002701416
SV1_C92410,C92410,0.9144935326274478
SV1_C88866,C88866,0.9698801221285139
SV1_C09031,C09031,0.9355173300007806
SV1_C75688,C75688,0.8774123009705673
SV1_C71416,C71416,0.9103948297133232
SV1_C09098,C09098,0.8950902849642538
SV1_C39618,C39618,0.93632082309525
SV1_C05481,C05481,0.9324819426546861
SV1_C24095,C24095,0.9212547805577331
SV1_C58314,C58314,0.9231056831564111
SV1_C49251,C49251,0.9022838598201958
SV1_C81021,C81021,0.9804954120116042
SV1_C50498,C50498,0.8602426186289961
SV1_C99608,C99608,0.9490615483670624
SV1_C93631,C93631,0.9518575574186469
SV1_C85823,C85823,0.9122281051388735
SV1_C82893,C82893,0.9966536149907027
SV1_C58219,C58219,0.9423258267798339
SV1_C33619,C33619,0.8536959013553209
SV1_C52818,C52818,0.9018154005739888
SV1_C13886,C13886,0.8763973087131585
SV1_C51090,C51090,0.8780539255437741
SV1_C00627,C00627,0.9797775220114628
SV1_C73865,C73865,0.911309241394889
SV1_C59415,C59415,0.9488103588933835
SV1_C97293,C97293,0.9194987444569016
SV1_C46212,C46212,0.9213769005515036
SV1_C16214,C16214,0.9488736852979386
SV1_C07289,C07289,0.8722764449898007
SV1_C92412,C92412,0.8976622971850959
SV1_C19291,C19291,0.8321480717017933
SV1_C01202,C01202,0.9678093483187118
SV1_C76308,C76308,0.946544581727876
SV1_C34915,C34915,0.9411200388145454
SV1_C75623,C75623,0.9112538468390085
SV1_C43273,C43273,0.9927833039781215
SV1_C96100,C96100,0.941155712974913
SV1_C04875,C04875,0.8327774692030888
SV1_C80483,C80483,0.9868496286793667
SV1_C45634,C45634,0.9286913949214438
SV1_C99015,C99015,0.945061938696221
SV1_C100237,C100237,0.9802203066424131
SV1_C72035,C72035,0.8445240244133974
SV1_C24624,C24624,0.9491331580775523
SV1_C25914,C25914,0.9069763281181878
SV1_C07312,C07312,0.8241702852390393
SV1_C31221,C31221,0.940890671719187
SV1_C69695,C69695,0.9834001662653034
SV1_C29509,C29509,0.8612248702392108
SV1_C56490,C56490,0.9238410664455362
SV1_C34903,C34903,0.999835508111401
SV1_C91892,C91892,0.8111300424823187
SV1_C04227,C04227,0.9269001519323007
SV1_C31300,C31300,0.8224938985012514
SV1_C76887,C76887,0.9175035906567119
SV1_C52210,C52210,0.9064926931753406
SV1_C81698,C81698,0.9180436930838336
SV1_C67833,C67833,0.9860823867438094
SV1_C69045,C69045,0.8975393012472251
SV1_C32404,C32404,0.864772112693032
SV1_C93009,C93009,0.8559324758359708
SV1_C22808,C22808,0.9116530259161644
SV1_C09683,C09683,0.9511027465390904
SV1_C02476,C02476,0.9767607195684962
SV1_C44504,C44504,0.9942147531543333
SV1_C27043,C27043,0.8406238869872673
SV1_C10286,C10286,0.9190105851130405
SV1_C21630,C21630,0.8792115422609263
SV1_C50413,C50413,0.8952875862398885
SV1_C72113,C72113,0.9129670561583729
SV1_C57632,C57632,0.9411958717260105
SV1_C88310,C88310,0.9240688842960239
SV1_C27640,C27640,0.9155238709065138
SV1_C77409,C77409,0.8507961780716994
SV1_C03103,C03103,0.9068539379097679
SV1_C97205,C97205,0.9946230824919723
SV1_C33012,C33012,0.8584954050002588
SV1_C66110,C66110,0.9697879411356276
SV1_C76310,C76310,0.8765430722982605
SV1_C58218,C58218,0.9847093721181917
SV1_C39619,C39619,0.9473532780683349
SV1_C73247,C73247,0.9716723004455728
SV1_C88918,C88918,0.8876515076696108
SV1_C93005,C93005,0.847264416554186
SV1_C79892,C79892,0.9817243460327938
SV1_C08415,C08415,0.8652393552842265
SV1_C73225,C73225,0.9570648318978864
SV1_C77433,C77433,0.9972865981810262
SV1_C66606,C66606,0.9487300065707448
SV1_C63632,C63632,0.8817738091039529
SV1_C56404,C56404,0.9900541838587587
SV1_C55847,C55847,0.9113647039600478
SV1_C87619,C87619,0.9002449151387149
SV1_C64817,C64817,0.922639027169055
SV1_C78673,C78673,0.9098244795789504
SV1_C80479,C80479,0.9770954716689322
SV1_C88871,C88871,0.8177159359167826
SV1_C79893,C79893,0.9877400919809135
SV1_C06688,C06688,0.9338090303004778
SV1_C18607,C18607,0.9798145864575358
SV1_C57710,C57710,0.9125172096063574
SV1_C93609,C93609,0.9682341795304197
SV1_C94826,C94826,0.8818727020138404
SV1_C62500,C62500,0.9124145208714699
SV1_C13287,C13287,0.8436950078874199
SV1_C64244,C64244,0.9492905387555669
SV1_C92511,C92511,0.834621228510817
SV1_C24605,C24605,0.9023019863440769
SV1_C85301,C85301,0.8348470179155044
SV1_C07275,C07275,0.9674350608053099
SV1_C79207,C79207,0.9477792506090608
SV1_C52800,C52800,0.8534218672786714
SV1_C01277,C01277,0.9410784849694055
SV1_C31811,C31811,0.8803749448999489
SV1_C70827,C70827,0.8892353149153529
SV1_C89425,C89425,0.997239419675373
SV1_C94216,C94216,0.9383887289867576
SV1_C46857,C46857,0.9894247289346352
SV1_C34874,C34874,0.9837574823747842
SV1_C97912,C97912,0.9212622254382272
SV1_C62508,C62508,0.899605852278897
SV1_C73252,C73252,0.8551833618762672
SV1_C24075,C24075,0.8999844130022729
SV1_C22885,C22885,0.988365269673866
SV1_C69022,C69022,0.9090072919737862
SV1_C06074,C06074,0.8364756971528685
SV1_C94292,C94292,0.9163264424441357
SV1_C66717,C66717,0.9707178076608105
SV1_C69696,C69696,0.8685493750733374
SV1_C04805,C04805,0.9242146716482138
SV1_C55837,C55837,0.9606509284067971
SV1_C06714,C06714,0.9023847902135025
SV1_C78636,C78636,0.9100005560531753
SV1_C28297,C28297,0.9385163379615261
SV1_C67319,C67319,0.9225274315049151
SV1_C44462,C44462,0.9590162270363813
SV1_C18608,C18608,0.8765076646533703
SV1_C69629,C69629,0.9137067709551862
SV1_C13316,C13316,0.8646410128635199
SV1_C09643,C09643,0.9041082659070385
SV1_C68411,C68411,0.98439450440049
SV1_C71488,C71488,0.8721578665827793
SV1_C93690,C93690,0.9028488511906896
SV1_C59517,C59517,0.9159215640371885
SV1_C12692,C12692,0.9096790438910247
SV1_C61909,C61909,0.935829039363064
SV1_C77413,C77413,0.8773433231418045
SV1_C21002,C21002,0.9009602766509421
SV1_C34201,C34201,0.8062146263619785
SV1_C64226,C64226,0.8767812136153971
SV1_C84023,C84023,0.9291838563636677
SV1_C03073,C03073,0.9729797330049442
SV1_C08405,C08405,0.9620950860416145
SV1_C90648,C90648,0.8901984866316471
SV1_C58916,C58916,0.9279114870773595
SV1_C19201,C19201,0.8649759779367475
SV1_C00017,C00017,0.9425702448296724
SV1_C22821,C22821,0.8959800453386443
SV1_C32512,C32512,0.8802722225411947
SV1_C65519,C65519,0.9237200663257382
SV1_C09037,C09037,0.9775826363897433
SV1_C54705,C54705,0.9870202320293572
SV1_C25241,C25241,0.9182373504008775
SV1_C85282,C85282,0.9472062176510129
SV1_C100278,C100278,0.9003160830687761
SV1_C74454,C74454,0.9535250219629052
SV1_C11400,C11400,0.9204014287515484
SV1_C13253,C13253,0.9518177166337783
SV1_C85918,C85918,0.9131850304459224
SV1_C52882,C52882,0.8997176722403675
SV1_C15011,C15011,0.9391534832983911
SV1_C82318,C82318,0.8781288630396968
SV1_C37808,C37808,0.9324294158570317
SV1_C52241,C52241,0.8203121858437128
SV1_C44510,C44510,0.968001174080922
SV1_C96716,C96716,0.9995822598223113
SV1_C07251,C07251,0.8913915568007376
SV1_C96014,C96014,0.9471274429586704
SV1_C06009,C06009,0.9460107571995175
SV1_C55307,C55307,0.9043284061283016
SV1_C97212,C97212,0.9906250474436566
SV1_C52877,C52877,0.9778524875968119
SV1_C76314,C76314,0.8473397271996963
SV1_C72104,C72104,0.8805369318568469
SV1_C48107,C48107,0.8099920729958014
SV1_C43206,C43206,0.9411360081329851
SV1_C66038,C66038,0.9290911705717549
SV1_C81080,C81080,0.8997112317009773
SV1_C31803,C31803,0.8745690914191446
SV1_C66031,C66031,0.8711982690564072
SV1_C52801,C52801,0.8753283025808696
SV1_C78638,C78638,0.8728174780515278
SV1_C03077,C03077,0.9726699886585689
SV1_C92437,C92437,0.8857594997252609
SV1_C30108,C30108,0.8743101350049236
SV1_C82881,C82881,0.8983647701880754
SV1_C05507,C05507,0.9136946534431419
SV1_C73902,C73902,0.9188660788255181
SV1_C30620,C30620,0.9495472039744646
SV1_C56417,C56417,0.9555108523559769
SV1_C08430,C08430,0.9543722982644587
SV1_C35420,C35420,0.9724472832278064
SV1_C52875,C52875,0.9945910610174555
SV1_C78118,C78118,0.8971925581157622
SV1_C70208,C70208,0.9188416968334128
SV1_C64877,C64877,0.8601490978761596
SV1_C78713,C78713,0.8951389608627588
SV1_C14492,C14492,0.9406067744370298
SV1_C87011,C87011,0.8540188118720342
SV1_C06033,C06033,0.9621218198808821
SV1_C93635,C93635,0.9483154435537854
SV1_C59400,C59400,0.9402988336036491
SV1_C58808,C58808,0.9490630662771539
SV1_C43814,C43814,0.9273890534151399
SV1_C64845,C64845,0.9014169892452142
SV1_C07910,C07910,0.8873023546361516
SV1_C94316,C94316,0.9964220928143434
SV1_C75022,C75022,0.9685533146135248
SV1_C56494,C56494,0.8732074354289406
SV1_C43837,C43837,0.9450508838399376
SV1_C75660,C75660,0.8666909915236357
SV1_C55302,C55302,0.9317148163903345
SV1_C65507,C65507,0.8938014126203689
SV1_C28274,C28274,0.8359097860542117
SV1_C39002,C39002,0.9514175696598479
SV1_C30688,C30688,0.9102376479159098
SV1_C45650,C45650,0.9647538226005232
SV1_C40816,C40816,0.9417258594483672
SV1_C61209,C61209,0.9519430569638583
SV1_C05440,C05440,0.8936828879378829
SV1_C48630,C48630,0.9173232363083548
SV1_C91825,C91825,0.9101580122284587
SV1_C57110,C57110,0.9326279441508843
SV1_C28238,C28238,0.9647724973842695
SV1_C29474,C29474,0.8415708516603149
SV1_C73267,C73267,0.9404573308247506
SV1_C29506,C29506,0.9267772618120323
SV1_C97233,C97233,0.8894136357116493
SV1_C35515,C35515,0.9332574841105344
SV1_C76815,C76815,0.8947558298243382
SV1_C02429,C02429,0.9787810482486381
SV1_C00094,C00094,0.8729307148255812
SV1_C91277,C91277,0.9612998008137761
SV1_C31874,C31874,0.8527199940668688
SV1_C41416,C41416,0.9517929195017579
SV1_C12622,C12622,0.9898889577385481
SV1_C30714,C30714,0.8603396184827709
SV1_C85880,C85880,0.9887050982330314
SV1_C87107,C87107,0.9356131277547932
SV1_C64294,C64294,0.8463465952448769
SV1_C19241,C19241,0.9719473269154084
SV1_C76229,C76229,0.940709925801526
SV1_C43234,C43234,0.9348864805328634
SV1_C82815,C82815,0.9807906581462728
SV1_C54080,C54080,0.9561154511335338
SV1_C69087,C69087,0.9359655877303394
SV1_C55216,C55216,0.8862013129009065
SV1_C05443,C05443,0.9076439965750377
SV1_C67824,C67824,0.9989088938884162
SV1_C48041,C48041,0.9147345074008008
SV1_C25226,C25226,0.8992771405951188
SV1_C69092,C69092,0.8766902631972199
SV1_C16273,C16273,0.9369626042295917
SV1_C21625,C21625,0.9616377540969163
SV1_C94222,C94222,0.9644421349358061
SV1_C01890,C01890,0.9838904522284302
SV1_C47443,C47443,0.8837281120489289
SV1_C58242,C58242,0.8756169170272093
SV1_C13215,C13215,0.9602723726873403
SV1_C70801,C70801,0.856429141955095
SV1_C99613,C99613,0.9390809132970922
SV1_C86437,C86437,0.9812315862806937
SV1_C66714,C66714,0.901973559882743
SV1_C67831,C67831,0.8953559946917966
SV1_C89462,C89462,0.9413034704436084
SV1_C88300,C88300,0.9442005899406438
SV1_C09087,C09087,0.9414696205159682
SV1_C93000,C93000,0.8251125830331457
SV1_C53479,C53479,0.9923562578537372
SV1_C08409,C08409,0.9629260093588413
SV1_C21041,C21041,0.8515570535953451
SV1_C48036,C48036,0.9849097292069945
SV1_C67881,C67881,0.9085199167317614
SV1_C15602,C15602,0.9345882754608428
SV1_C88841,C88841,0.9387948292720932
SV1_C24027,C24027,0.9936198744238723
SV1_C02432,C02432,0.980939338305413
SV1_C52211,C52211,0.8761585485397734
SV1_C03696,C03696,0.9431993345459141
SV1_C98501,C98501,0.9234327435014329
SV1_C51626,C51626,0.8698749030586798
SV1_C59511,C59511,0.9066341051427348
SV1_C97891,C97891,0.8574091904838378
SV1_C34213,C34213,0.8760831748245101
SV1_C90606,C90606,0.9418971504204549
SV1_C27090,C27090,0.9436521096354149
SV1_C88913,C88913,0.9945289150847144
SV1_C09713,C09713,0.8607120653120509
SV1_C68432,C68432,0.9872296727044991
SV1_C64228,C64228,0.9024816209217537
SV1_C74440,C74440,0.8486980293042597
SV1_C12663,C12663,0.8839788056985884
SV1_C30075,C30075,0.9696617859653477
SV1_C68435,C68435,0.9017243013714664
SV1_C96689,C96689,0.9527005004927502
SV1_C79303,C79303,0.8204526812024195
SV1_C25843,C25843,0.8988042656357735
SV1_C09661,C09661,0.9222940038867491
SV1_C52802,C52802,0.8969665151712489
SV1_C81115,C81115,0.8854647854252378
SV1_C21643,C21643,0.8668137960501728
SV1_C40800,C40800,0.9885780514412816
SV1_C100274,C100274,0.9011374393425929
SV1_C52280,C52280,0.9916510581595271
SV1_C36015,C36015,0.9912209340079219
SV1_C86480,C86480,0.9672804431619579
SV1_C68447,C68447,0.867919090326123
SV1_C99035,C99035,0.9574687277657371
SV1_C12069,C12069,0.977252751524265
SV1_C40811,C40811,0.956633829100879
SV1_C09000,C09000,0.9659037155289998
SV1_C91309,C91309,0.9418356827485105
SV1_C67219,C67219,0.8971594506558273
SV1_C54694,C54694,0.9973984848752993
SV1_C44458,C44458,0.9670421326579793
SV1_C01231,C01231,0.9822338005737433
SV1_C13828,C13828,0.8993540839317854
SV1_C89478,C89478,0.9121930327072465
SV1_C45672,C45672,0.9896315636183023
SV1_C81682,C81682,0.9058287262893467
SV1_C95407,C95407,0.9259646746645172
SV1_C25872,C25872,0.9180761935634834
SV1_C21043,C21043,0.9673986789262872
SV1_C24035,C24035,0.9906240696244026
SV1_C51612,C51612,0.8700012984469364
SV1_C13310,C13310,0.9087606922237301
SV1_C56476,C56476,0.9201040333289463
SV1_C18679,C18679,0.9359579119769078
SV1_C49215,C49215,0.8581849468010693
SV1_C63029,C63029,0.8992810680696945
SV1_C44419,C44419,0.9441849652156158
SV1_C86424,C86424,0.9874196246036344
SV1_C23405,C23405,0.8905702213183804
SV1_C62431,C62431,0.8669836104288404
SV1_C51043,C51043,0.9160244215429336
SV1_C76212,C76212,0.9484721007826792
SV1_C09635,C09635,0.9441913165845639
SV1_C39621,C39621,0.9974053355202037
SV1_C84110,C84110,0.8568754096575429
SV1_C12671,C12671,0.85070844380226
SV1_C82219,C82219,0.9338416063874908
SV1_C48095,C48095,0.8230580456013282
SV1_C88807,C88807,0.8648562996901964
SV1_C98482,C98482,0.8931172043124358
SV1_C66699,C66699,0.9033380325686466
SV1_C01282,C01282,0.8817686064920727
SV1_C65497,C65497,0.9536731582527175
SV1_C61281,C61281,0.9180186645024767
SV1_C30683,C30683,0.9860412898222357
SV1_C26511,C26511,0.8943865655851786
SV1_C27601,C27601,0.9736586579413398
SV1_C49906,C49906,0.9134827043018806
SV1_C72666,C72666,0.8655967796872169
SV1_C28311,C28311,0.8589065631719154
SV1_C24705,C24705,0.9631559935251747
SV1_C11433,C11433,0.952671035844944
SV1_C63009,C63009,0.9074278617994942
SV1_C45615,C45615,0.9875017993740943
SV1_C07262,C07262,0.9582637818229586
SV1_C78616,C78616,0.8545250911979141
SV1_C27111,C27111,0.8591427706621457
SV1_C96606,C96606,0.9578302930462348
SV1_C97919,C97919,0.9674506409325585
SV1_C81003,C81003,0.9701982176171426
SV1_C15683,C15683,0.9399190128070047
SV1_C91302,C91302,0.8818101596228228
SV1_C33691,C33691,0.9316216711649606
SV1_C10874,C10874,0.923559271157465
SV1_C91901,C91901,0.9614048597005819
SV1_C50501,C50501,0.90521013170766
SV1_C76291,C76291,0.9603867737421452
SV1_C49802,C49802,0.9234414135598418
SV1_C69704,C69704,0.8631420423846786
SV1_C28278,C28278,0.839240655632526
SV1_C42004,C42004,0.989092927228719
SV1_C97821,C97821,0.8904975044185932
SV1_C10285,C10285,0.9670855788785665
SV1_C78719,C78719,0.8685921322700658
SV1_C20432,C20432,0.8782387355391039
SV1_C69705,C69705,0.9098907310049837
SV1_C14441,C14441,0.8766216397615257
SV1_C02401,C02401,0.9921555881087206
SV1_C46880,C46880,0.9797134651148917
SV1_C51080,C51080,0.9981132194432718
SV1_C79205,C79205,0.9212396158199493
SV1_C84686,C84686,0.9276734943804648
SV1_C86497,C86497,0.9245779801419617
SV1_C51603,C51603,0.8721067052403133
SV1_C63043,C63043,0.8332169959386142
SV1_C07819,C07819,0.8586042746288967
SV1_C75053,C75053,0.9017601169980555
SV1_C13897,C13897,0.8780200632682779
SV1_C61204,C61204,0.9234389664549568
SV1_C58290,C58290,0.86432332808246
SV1_C58917,C58917,0.9172184389065434
SV1_C23502,C23502,0.9891603586701334
SV1_C66708,C66708,0.8860651955401524
SV1_C74500,C74500,0.9247002144046531
SV1_C48652,C48652,0.8850871236460602
SV1_C16807,C16807,0.9607184097379939
SV1_C00717,C00717,0.8401135238888459
SV1_C31278,C31278,0.859277274515581
SV1_C93108,C93108,0.9827201377483539
SV1_C90708,C90708,0.9682160175799577
SV1_C32407,C32407,0.8728791858921603
SV1_C81694,C81694,0.9579978859906979
SV1_C48679,C48679,0.927911760885168
SV1_C75616,C75616,0.922240708250229
SV1_C48709,C48709,0.9418027358678227
SV1_C90686,C90686,0.9302967832490836
SV1_C60629,C60629,0.9955432867950784
SV1_C75065,C75065,0.9083557003760563
SV1_C25245,C25245,0.8628951481969709
SV1_C74423,C74423,0.9246292148007091
SV1_C69672,C69672,0.9550635750512
SV1_C81101,C81101,0.8915021472928449
SV1_C94877,C94877,0.9610881951126826
SV1_C89456,C89456,0.9351266163271911
SV1_C57615,C57615,0.9527933200693873
SV1_C06026,C06026,0.9997459098199785
SV1_C78069,C78069,0.8418187354203388
SV1_C90662,C90662,0.920379910187483
SV1_C60104,C60104,0.9297345064439241
SV1_C75711,C75711,0.9741001949353355
SV1_C94816,C94816,0.9431978503785591
SV1_C52220,C52220,0.9151919447695402
SV1_C19286,C19286,0.8944015075800574
SV1_C83513,C83513,0.8632059248630147
SV1_C75020,C75020,0.9151006913752712
SV1_C64915,C64915,0.8144522612260865
SV1_C64203,C64203,0.833559466523538
SV1_C48687,C48687,0.9414571141394763
SV1_C60038,C60038,0.9056368549503326
SV1_C01222,C01222,0.9534980620603636
SV1_C43897,C43897,0.9968417286605219
SV1_C87086,C87086,0.9074048488978137
SV1_C63089,C63089,0.8826598234235453
SV1_C05485,C05485,0.9098726003957479
SV1_C76267,C76267,0.9583842388427379
SV1_C60644,C60644,0.8533968541516626
SV1_C60015,C60015,0.946123995630833
SV1_C17417,C17417,0.9394975939347187
SV1_C48002,C48002,0.9374182289969479
SV1_C28304,C28304,0.9533216385187537
SV1_C91891,C91891,0.8934534296374014
SV1_C43250,C43250,0.960071690577057
SV1_C10255,C10255,0.9026470265687516
SV1_C01895,C01895,0.8384307185192511
SV1_C80503,C80503,0.8219701172685673
SV1_C41408,C41408,0.9949652567093592
SV1_C09619,C09619,0.8494393857851422
SV1_C22310,C22310,0.9541644432295185
SV1_C81111,C81111,0.8019213669609783
SV1_C89508,C89508,0.9812238000195472
SV1_C24636,C24636,0.9783319075485594
SV1_C05514,C05514,0.8522144787618623
SV1_C97915,C97915,0.9009968418546092
SV1_C36617,C36617,0.954401153965276
SV1_C11414,C11414,0.8489956006101895
SV1_C52204,C52204,0.8588179243537865
SV1_C07318,C07318,0.9195791949452171
SV1_C46298,C46298,0.9709827508030705
SV1_C80492,C80492,0.9860909884120129
SV1_C34917,C34917,0.8858424859996202
SV1_C45115,C45115,0.830773425165081
SV1_C72619,C72619,0.8379171465622952
SV1_C61230,C61230,0.9449273855023242
SV1_C66113,C66113,0.8711578606745999
SV1_C57716,C57716,0.9282748603398989
SV1_C76211,C76211,0.8639037587895391
SV1_C72033,C72033,0.9528419248605452
SV1_C94897,C94897,0.9740311763673293
SV1_C55287,C55287,0.9203646311782209
SV1_C00045,C00045,0.9825231664592935
SV1_C46208,C46208,0.9336730367454242
SV1_C74419,C74419,0.8293451066497806
SV1_C72683,C72683,0.9975016094420338
SV1_C75088,C75088,0.8750533583950404
SV1_C89498,C89498,0.8743249498271563
SV1_C74475,C74475,0.9895419209297371
SV1_C76898,C76898,0.8993742606920853
SV1_C96025,C96025,0.8882232063797856
SV1_C19295,C19295,0.9120512367531552
SV1_C12086,C12086,0.9139531579025081
SV1_C93698,C93698,0.9954896010400105
SV1_C09006,C09006,0.8989169640671495
SV1_C88285,C88285,0.9819504816834934
SV1_C55311,C55311,0.923253023971098
SV1_C59435,C59435,0.8699069257133422
SV1_C88865,C88865,0.999416553505437
SV1_C12011,C12011,0.8931855015708304
SV1_C54681,C54681,0.9186922070310982
SV1_C73227,C73227,0.8811003981271963
SV1_C06700,C06700,0.9169413056405391
SV1_C51616,C51616,0.8600992448339468
SV1_C08437,C08437,0.9777492736289162
SV1_C55298,C55298,0.9303904379356953
SV1_C22240,C22240,0.9679448331889342
SV1_C43813,C43813,0.8616476280023444
SV1_C61813,C61813,0.9434729886571074
SV1_C67317,C67317,0.9691950930718715
SV1_C36604,C36604,0.9161424155350648
SV1_C35402,C35402,0.8432344511302364
SV1_C29422,C29422,0.9113231883652725
SV1_C93716,C93716,0.9937345974641221
SV1_C18010,C18010,0.9271317234088281
SV1_C33704,C33704,0.8270606953608336
SV1_C91888,C91888,0.9229280861846009
SV1_C99012,C99012,0.9728957904784861
SV1_C73866,C73866,0.8696964514615442
SV1_C68430,C68430,0.8624968674895744
SV1_C35504,C35504,0.9186859690452168
SV1_C33601,C33601,0.8451130786636863
SV1_C84020,C84020,0.9468081385896073
SV1_C34304,C34304,0.8560085146011881
SV1_C08443,C08443,0.9116964668600941
SV1_C87717,C87717,0.9309255855825409
SV1_C16877,C16877,0.9538203869786359
SV1_C38418,C38418,0.9393677716244212
SV1_C13242,C13242,0.9789920686393381
SV1_C34876,C34876,0.9128268841276488
SV1_C71434,C71434,0.8405465022962871
SV1_C53405,C53405,0.8738107788476093
SV1_C15638,C15638,0.998702132206651
SV1_C69615,C69615,0.991691847922883
SV1_C15623,C15623,0.9029285096703134
SV1_C73310,C73310,0.9117003924543158
SV1_C09073,C09073,0.9985113108841519
SV1_C39014,C39014,0.9413579706970421
SV1_C04812,C04812,0.9356551652862359
SV1_C61220,C61220,0.9481088121517743
SV1_C63074,C63074,0.9178544516240769
SV1_C57035,C57035,0.9516109765962668
SV1_C72680,C72680,0.9429986477621369
SV1_C22890,C22890,0.8980061294779235
SV1_C44447,C44447,0.8687051496813895
SV1_C28282,C28282,0.8449028675177028
SV1_C58297,C58297,0.9217779291722582
SV1_C28813,C28813,0.9200615206147241
SV1_C53418,C53418,0.8986126760341655
SV1_C60682,C60682,0.974364490373478
SV1_C12036,C12036,0.8939631012889164
SV1_C19810,C19810,0.9191818657666478
SV1_C95446,C95446,0.8982014204501072
SV1_C43221,C43221,0.872907668869619
SV1_C12060,C12060,0.9780844304038387
SV1_C78011,C78011,0.9907190290170509
SV1_C98512,C98512,0.9004024576946236
SV1_C49873,C49873,0.9653664624635527
SV1_C91228,C91228,0.9507573114393993
SV1_C30709,C30709,0.8583668183505679
SV1_C65479,C65479,0.8109642770428024
SV1_C66685,C66685,0.9070883679560383
SV1_C66022,C66022,0.9455589817687117
SV1_C52219,C52219,0.8774455795320999
SV1_C45032,C45032,0.9476041300735958
SV1_C13847,C13847,0.8244796705827668
SV1_C80511,C80511,0.8023225829998065
SV1_C81672,C81672,0.9088252886893482
SV1_C69082,C69082,0.9709504278854135
SV1_C46858,C46858,0.9585841614570803
SV1_C25910,C25910,0.9777030825366079
SV1_C21620,C21620,0.8923181658168508
SV1_C91917,C91917,0.9615448378863201
SV1_C86508,C86508,0.9767023896293074
SV1_C55842,C55842,0.845950367361568
SV1_C13812,C13812,0.8249580352285749
SV1_C21628,C21628,0.9799907375042228
SV1_C82823,C82823,0.9530014897676202
SV1_C48114,C48114,0.8897757511060597
SV1_C73212,C73212,0.9909325773560073
SV1_C98519,C98519,0.9410155797371536
SV1_C13915,C13915,0.9233045011531683
SV1_C71491,C71491,0.9150624463821666
SV1_C74412,C74412,0.9847476742462198
SV1_C29510,C29510,0.916821417916868
SV1_C98509,C98509,0.90824053403774
SV1_C99609,C99609,0.9451820347205548
SV1_C61844,C61844,0.8313251210317696
SV1_C16236,C16236,0.9031166898890471
SV1_C06610,C06610,0.9123891846692649
SV1_C88854,C88854,0.9248947678077674
SV1_C47503,C47503,0.8176758006969949
SV1_C94839,C94839,0.9467005586463987
SV1_C94842,C94842,0.9805229572179637
SV1_C94218,C94218,0.9278672136477965
SV1_C22220,C22220,0.899903602889486
SV1_C87600,C87600,0.93938914413751
SV1_C87670,C87670,0.9000885813843812
SV1_C38420,C38420,0.9967286322886205
SV1_C56428,C56428,0.9285891576786708
SV1_C45663,C45663,0.9889250668551227
SV1_C46808,C46808,0.953887502203169
SV1_C59513,C59513,0.9918072054335609
SV1_C30680,C30680,0.9775092855727494
SV1_C24672,C24672,0.959782776664705
SV1_C03119,C03119,0.831507344942029
SV1_C63119,C63119,0.9277778194491301
SV1_C36017,C36017,0.9525176170992223
SV1_C11401,C11401,0.9124534976596765
SV1_C33100,C33100,0.8369754271647547
SV1_C24699,C24699,0.9232257418580053
SV1_C57095,C57095,0.8498402882594025
SV1_C17436,C17436,0.9274795034065174
SV1_C61911,C61911,0.8942755624079957
SV1_C33107,C33107,0.9650772547317099
SV1_C91312,C91312,0.9686257986949292
SV1_C50483,C50483,0.9974367433271647
SV1_C11426,C11426,0.9084677010116927
SV1_C35404,C35404,0.8283974701032883
SV1_C85907,C85907,0.8647876144788313
SV1_C57107,C57107,0.9994241892617084
SV1_C08489,C08489,0.8741290639859833
SV1_C52299,C52299,0.9298474391288739
SV1_C26413,C26413,0.9606181331146069
SV1_C15031,C15031,0.8516577221266575
SV1_C01246,C01246,0.9294766392834172
SV1_C30016,C30016,0.8991356179609244
SV1_C85905,C85905,0.8348235343633837
SV1_C09026,C09026,0.9531591820603782
SV1_C75640,C75640,0.8390061337866278
SV1_C68404,C68404,0.9909514047465889
SV1_C31319,C31319,0.8681627062429697
SV1_C97820,C97820,0.882151431554433
SV1_C61899,C61899,0.9175207021350225
SV1_C91282,C91282,0.9074981740673387
SV1_C88808,C88808,0.9340302810196578
SV1_C48083,C48083,0.9761988689880599
SV1_C15685,C15685,0.8953055011766405
SV1_C77477,C77477,0.9558339871422712
SV1_C79802,C79802,0.9061948783471506
SV1_C04308,C04308,0.9214804922924543
SV1_C84074,C84074,0.9994714949325376
SV1_C63629,C63629,0.8887583124090692
SV1_C10809,C10809,0.9348880582467055
SV1_C66672,C66672,0.8185622640377461
SV1_C90664,C90664,0.9694628759223668
SV1_C61805,C61805,0.9335355019232057
SV1_C75664,C75664,0.887312461875634
SV1_C55833,C55833,0.9791597770925129
SV1_C23418,C23418,0.9034936877114645
SV1_C75099,C75099,0.988779460650774
SV1_C25207,C25207,0.9817449780511239
SV1_C76234,C76234,0.8866605213976761
SV1_C46311,C46311,0.8262661081149025
SV1_C55841,C55841,0.8827175533415274
SV1_C00706,C00706,0.8436148901790239
SV1_C88884,C88884,0.9946557231093158
SV1_C15684,C15684,0.9254350303943364
SV1_C20440,C20440,0.8764945541649374
SV1_C48617,C48617,0.9422705270939965
SV1_C75612,C75612,0.9665607214450923
SV1_C09606,C09606,0.8945584854153382
SV1_C85212,C85212,0.8836395355488547
SV1_C71402,C71402,0.9470081402292231
SV1_C12049,C12049,0.9381343984557534
SV1_C43317,C43317,0.9744389942601944
SV1_C04277,C04277,0.989592752961328
SV1_C15681,C15681,0.9243761363815509
SV1_C31810,C31810,0.9211783214131691
SV1_C39623,C39623,0.9018824628549689
SV1_C03024,C03024,0.9661931281985846
SV1_C09080,C09080,0.9847954321517355
SV1_C72621,C72621,0.9543315067393865
SV1_C06629,C06629,0.9570898883726059
SV1_C68517,C68517,0.957523384331725
SV1_C90092,C90092,0.8318080535739777
SV1_C55305,C55305,0.9930432920060404
SV1_C18084,C18084,0.9739158493250658
SV1_C99635,C99635,0.8978244463608299
SV1_C81678,C81678,0.9090514745411452
SV1_C58892,C58892,0.903008695432551
SV1_C73276,C73276,0.9452017177796675
SV1_C76272,C76272,0.8961975245497281
SV1_C74516,C74516,0.857726353367929
SV1_C43299,C43299,0.8550464817118929
SV1_C78640,C78640,0.8343046042884199
SV1_C07821,C07821,0.9773618687068887
SV1_C30001,C30001,0.9070783315853096
SV1_C74477,C74477,0.9505193842407836
SV1_C19846,C19846,0.8871737602851826
SV1_C26408,C26408,0.9318222331095692
SV1_C24097,C24097,0.9644596962973604
SV1_C76889,C76889,0.9183324344564658
SV1_C29406,C29406,0.9293043164289596
SV1_C55227,C55227,0.9836702213960464
SV1_C94836,C94836,0.8852173058394726
SV1_C57102,C57102,0.9448915659199844
SV1_C60046,C60046,0.91584558365951
SV1_C63602,C63602,0.9099636925762781
SV1_C91316,C91316,0.9189114587739216
SV1_C60092,C60092,0.8939033447450854
SV1_C22847,C22847,0.8282133327083311
SV1_C03634,C03634,0.9288986428336461
SV1_C02495,C02495,0.8414051500749874
SV1_C84687,C84687,0.9299453343721271
SV1_C22819,C22819,0.9781855213312646
SV1_C20443,C20443,0.9536545250116114
SV1_C57704,C57704,0.9340858541744683
SV1_C81094,C81094,0.9552643808399179
SV1_C99690,C99690,0.875977836654745
SV1_C87654,C87654,0.9300802584071965
SV1_C25274,C25274,0.941920113063256
SV1_C58305,C58305,0.9226113518553339
SV1_C93634,C93634,0.8960026687061421
SV1_C80410,C80410,0.9118197009228564
SV1_C07814,C07814,0.8969860873205031
SV1_C17430,C17430,0.9348316599702571
SV1_C91232,C91232,0.9512054909179929
SV1_C22226,C22226,0.8735324913330896
SV1_C79296,C79296,0.8546726712113722
SV1_C91308,C91308,0.9481659047359432
SV1_C06672,C06672,0.8794119195349923
SV1_C76847,C76847,0.8925371452082359
SV1_C62421,C62421,0.9131925238393316
SV1_C49832,C49832,0.8897634529158643
SV1_C78708,C78708,0.9212706182967708
SV1_C15687,C15687,0.9504296171925186
SV1_C79896,C79896,0.863351291708174
SV1_C94245,C94245,0.8641386774479447
SV1_C12687,C12687,0.9137442745368983
SV1_C79819,C79819,0.9283234534142007
SV1_C77437,C77437,0.9734859763424768
SV1_C20491,C20491,0.9216869871487348
SV1_C09112,C09112,0.8615059688134336
SV1_C24018,C24018,0.9108408586693333
SV1_C46844,C46844,0.8404427315214434
SV1_C64209,C64209,0.9338060029602324
SV1_C28805,C28805,0.9129232659611799
SV1_C18641,C18641,0.9848050696224676
SV1_C07217,C07217,0.910306174312848
SV1_C49913,C49913,0.9954412487763833
SV1_C15077,C15077,0.9110517532179395
SV1_C04238,C04238,0.9299880849623964
SV1_C57105,C57105,0.8892036520341688
SV1_C75007,C75007,0.8623688045921641
SV1_C82309,C82309,0.8660166130417206
SV1_C83514,C83514,0.8981281968466922
SV1_C10913,C10913,0.8892381482626457
SV1_C57686,C57686,0.8536497540969974
SV1_C49274,C49274,0.9997976544091453
SV1_C46864,C46864,0.9188233136546722
SV1_C39017,C39017,0.9559616137863399
SV1_C33673,C33673,0.9545352964463798
SV1_C25231,C25231,0.9997457241679983
SV1_C96087,C96087,0.9076024824605391
SV1_C60688,C60688,0.9805926299235356
SV1_C99686,C99686,0.8475871546055649
SV1_C19287,C19287,0.9446011409327523
SV1_C100287,C100287,0.832981763301508
SV1_C96631,C96631,0.9894369953214547
SV1_C91857,C91857,0.9335329129314038
SV1_C05405,C05405,0.92124358322619
SV1_C44416,C44416,0.8386573875863766
SV1_C97226,C97226,0.9083814515712092
SV1_C23412,C23412,0.9549312130224564
SV1_C65486,C65486,0.9482455776130421
SV1_C90714,C90714,0.9363223670236384
SV1_C87718,C87718,0.8864860050816494
SV1_C72087,C72087,0.9794971889513279
SV1_C78710,C78710,0.9030167665681985
SV1_C66678,C66678,0.9472863118115254
SV1_C61892,C61892,0.8571685945218251
SV1_C65445,C65445,0.9061773463656336
SV1_C02428,C02428,0.973319456972789
SV1_C75630,C75630,0.8962179600350332
SV1_C57639,C57639,0.8493465399592154
SV1_C61895,C61895,0.9077422854879529
SV1_C51605,C51605,0.883229902633495
SV1_C12050,C12050,0.9329307683015233
SV1_C47483,C47483,0.9892392303275513
SV1_C46827,C46827,0.8765574015060158
SV1_C11513,C11513,0.9021509830977313
SV1_C24643,C24643,0.8967870060345431
SV1_C48056,C48056,0.937857037321552
SV1_C78090,C78090,0.8994767246939992
SV1_C29504,C29504,0.8395003419481195
SV1_C27042,C27042,0.8400854004981678
SV1_C100212,C100212,0.9026662980565623
SV1_C25296,C25296,0.9319413902213398
SV1_C24679,C24679,0.9062251695585133
SV1_C23408,C23408,0.9190382451878945
SV1_C75675,C75675,0.9664651470645794
SV1_C19278,C19278,0.9188649499179148
SV1_C45077,C45077,0.9989980980289034
SV1_C27603,C27603,0.9388358149171511
SV1_C99091,C99091,0.9269241881840742
SV1_C26496,C26496,0.9138574045756329
SV1_C04243,C04243,0.9262851110752709
SV1_C66629,C66629,0.9854187109272953
SV1_C71445,C71445,0.9798059659832139
SV1_C03706,C03706,0.8998183534851966
SV1_C96710,C96710,0.985023935997875
SV1_C89519,C89519,0.9306902896974453
SV1_C93603,C93603,0.9069230608828261
SV1_C95516,C95516,0.9995915586278342
SV1_C93096,C93096,0.9957358532499028
SV1_C58907,C58907,0.9155936741884987
SV1_C97826,C97826,0.9097850386235308
SV1_C72031,C72031,0.8498922001478955
SV1_C10909,C10909,0.9578956852423939
SV1_C49847,C49847,0.9446879432989501
SV1_C07853,C07853,0.9485970160911761
SV1_C22312,C22312,0.8900012247158293
SV1_C06635,C06635,0.914792321700122
SV1_C47409,C47409,0.9644138251459242
SV1_C49250,C49250,0.9727627588354102
SV1_C69625,C69625,0.9134448538735808
SV1_C72021,C72021,0.9551922141175762
SV1_C73860,C73860,0.8840803765912114
SV1_C47420,C47420,0.8088711553156049
SV1_C64800,C64800,0.9606487047460971
SV1_C58230,C58230,0.9053095310628145
SV1_C23427,C23427,0.9887934732773345
SV1_C66099,C66099,0.9014775467287713
SV1_C06683,C06683,0.88018974902471
SV1_C63674,C63674,0.8707128872904009
SV1_C78653,C78653,0.8900133593530315
SV1_C83406,C83406,0.9470680841335894
SV1_C71517,C71517,0.8375701510143484
SV1_C82915,C82915,0.8624892408517596
SV1_C88869,C88869,0.9259539942392305
SV1_C19880,C19880,0.8987750710422014
SV1_C10847,C10847,0.9725935094785045
SV1_C58831,C58831,0.8672856843989277
SV1_C97280,C97280,0.9147402824306672
SV1_C58283,C58283,0.8406249274120717
SV1_C86463,C86463,0.9873177574379203
SV1_C44467,C44467,0.9480817932449607
SV1_C18678,C18678,0.9081515661403151
SV1_C98489,C98489,0.9916450446471671
SV1_C90094,C90094,0.9364088777989921
SV1_C31279,C31279,0.9796525622557829
SV1_C07233,C07233,0.9949044977923553
SV1_C45618,C45618,0.8786481054869216
SV1_C59500,C59500,0.9156504793574497
SV1_C03641,C03641,0.9563856696848725
SV1_C12046,C12046,0.9249886710427093
SV1_C96718,C96718,0.9526509562221296
SV1_C13837,C13837,0.8644465818531317
SV1_C24693,C24693,0.9817622576668863
SV1_C36001,C36001,0.9075191603237879
SV1_C50439,C50439,0.8049835003201284
SV1_C42006,C42006,0.9780569694897453
SV1_C47469,C47469,0.9406508818798082
SV1_C73206,C73206,0.9362730494991381
SV1_C24083,C24083,0.9277980961351427
SV1_C03095,C03095,0.8435342802503439
SV1_C70883,C70883,0.9721084082158079
SV1_C30715,C30715,0.9471814759399715
SV1_C79219,C79219,0.9277190094164743
SV1_C76807,C76807,0.9099790663668427
SV1_C83486,C83486,0.9423929694309886
SV1_C67845,C67845,0.9133486660727296
SV1_C48601,C48601,0.994547193692544
SV1_C79904,C79904,0.857962499207302
SV1_C85890,C85890,0.8668769977702764
SV1_C80501,C80501,0.8916833812996832
SV1_C74434,C74434,0.9134964087501865
SV1_C76203,C76203,0.8666861391860424
SV1_C70234,C70234,0.8777202046005657
SV1_C01892,C01892,0.8183855799464064
SV1_C33718,C33718,0.9097364724287379
SV1_C57011,C57011,0.9060500496499819
SV1_C60620,C60620,0.955606757502453
SV1_C91261,C91261,0.9230798149389557
SV1_C89458,C89458,0.9196797545642336
SV1_C86427,C86427,0.8542109459696573
SV1_C72020,C72020,0.9294821722524516
SV1_C17474,C17474,0.9713829805738118
SV1_C64317,C64317,0.9180161226573165
SV1_C71425,C71425,0.8802719987576277
SV1_C57009,C57009,0.9995757956029713
SV1_C45623,C45623,0.8443930032301538
SV1_C03699,C03699,0.8943405260740509
SV1_C75037,C75037,0.9308550111132187
SV1_C63622,C63622,0.952258553620602
SV1_C03710,C03710,0.8919886067161835
SV1_C49822,C49822,0.9000898656676818
SV1_C73234,C73234,0.9155396438081167
SV1_C43874,C43874,0.9606080738664537
SV1_C01244,C01244,0.9977860063207723
SV1_C29486,C29486,0.8655744445117786
SV1_C52810,C52810,0.9036776542874566
SV1_C44512,C44512,0.9441302380896665
SV1_C39612,C39612,0.95230847103393
SV1_C96647,C96647,0.9232854575406778
SV1_C49855,C49855,0.9283794701598314
SV1_C65513,C65513,0.870484635634183
SV1_C69633,C69633,0.9117765118365483
SV1_C99034,C99034,0.9516608273983396
SV1_C77419,C77419,0.9016394451606468
SV1_C88278,C88278,0.9052729433426574
SV1_C73254,C73254,0.9501142010808771
SV1_C76287,C76287,0.925250678510363
SV1_C03647,C03647,0.9804966165191437
SV1_C59505,C59505,0.9346406182533196
SV1_C67915,C67915,0.9878970655018646
SV1_C96680,C96680,0.8990001672183152
SV1_C76873,C76873,0.9309590062315196
SV1_C10891,C10891,0.9965982808407803
SV1_C24074,C24074,0.9019994142793272
SV1_C01297,C01297,0.8893278341325385
SV1_C43891,C43891,0.9565802333548757
SV1_C55882,C55882,0.8115395233421414
SV1_C27011,C27011,0.9168686496965952
SV1_C54020,C54020,0.9041519869772657
SV1_C99108,C99108,0.9151483979580373
SV1_C48650,C48650,0.9341919871541667
SV1_C01299,C01299,0.9111007571258153
SV1_C03111,C03111,0.9065063524850943
SV1_C93101,C93101,0.9998635537966863
SV1_C68442,C68442,0.8762903999022541
SV1_C94200,C94200,0.9797804671902809
SV1_C45699,C45699,0.8413339997457715
SV1_C27617,C27617,0.9213081987266202
SV1_C96089,C96089,0.941281672413158
SV1_C77475,C77475,0.8982990138428392
SV1_C68512,C68512,0.8123234597664942
SV1_C55202,C55202,0.9149386032820621
SV1_C90013,C90013,0.9536831545319134
SV1_C90116,C90116,0.9349026870777923
SV1_C57672,C57672,0.8341902199115313
SV1_C89441,C89441,0.9384445683404683
SV1_C91285,C91285,0.9781329024458656
SV1_C24088,C24088,0.9611782038882684
SV1_C27709,C27709,0.9732469197217051
SV1_C24042,C24042,0.8629493857825021
SV1_C16846,C16846,0.9991459029729692
SV1_C89415,C89415,0.9030987749838462
SV1_C94307,C94307,0.931310090163847
SV1_C90632,C90632,0.9760786143652178
SV1_C02488,C02488,0.8916293420433126
SV1_C98493,C98493,0.90866003929367
SV1_C76228,C76228,0.9336678244275025
SV1_C15006,C15006,0.9386910459522346
SV1_C64801,C64801,0.9649463897738457
SV1_C31301,C31301,0.8408908101462396
SV1_C22880,C22880,0.9868830260776346
SV1_C67209,C67209,0.9900578268073393
SV1_C78689,C78689,0.9080207306883352
SV1_C11423,C11423,0.9101956660486318
SV1_C76874,C76874,0.9731294338762295
SV1_C71507,C71507,0.9875219677814433
SV1_C78690,C78690,0.8688699275578355
SV1_C46284,C46284,0.9786343703619605
SV1_C87081,C87081,0.9629185637751057
SV1_C72077,C72077,0.9521673963825167
SV1_C52231,C52231,0.8719611161825722
SV1_C47490,C47490,0.882388250713902
SV1_C75704,C75704,0.948991962696605
SV1_C04309,C04309,0.9115538094240252
SV1_C39601,C39601,0.9672921779262378
SV1_C50429,C50429,0.8839937045608689
SV1_C13875,C13875,0.8357105010805403
SV1_C70816,C70816,0.9258185300400638
SV1_C22872,C22872,0.9711343746938055
SV1_C07252,C07252,0.8966662755238773
SV1_C80477,C80477,0.8701705591794775
SV1_C23511,C23511,0.8954786847785287
SV1_C78660,C78660,0.9201779520333448
SV1_C14406,C14406,0.9390058875087997
SV1_C99119,C99119,0.8809585344051946
SV1_C57093,C57093,0.9289920191695543
SV1_C67877,C67877,0.8976744716211371
SV1_C73298,C73298,0.9204656014575074
SV1_C21698,C21698,0.9698353826577163
SV1_C78712,C78712,0.9014754496136689
SV1_C10820,C10820,0.925000490542823
SV1_C17415,C17415,0.9538376263555947
SV1_C83420,C83420,0.964932289898668
SV1_C22281,C22281,0.9723132849253062
SV1_C90037,C90037,0.9869313266861535
SV1_C27095,C27095,0.882812017084958
SV1_C34315,C34315,0.9357479284487494
SV1_C63001,C63001,0.9089039053363789
SV1_C13205,C13205,0.8540027174139025
SV1_C51646,C51646,0.926626219944459
SV1_C48626,C48626,0.9165379658448871
SV1_C08413,C08413,0.954471676294233
SV1_C51116,C51116,0.8439897687130118
SV1_C43318,C43318,0.9323871700252769
SV1_C24719,C24719,0.8320792327476993
SV1_C75045,C75045,0.9224653803614002
SV1_C34316,C34316,0.8581779829134196
SV1_C51018,C51018,0.9074110939744454
SV1_C64806,C64806,0.9246550562238242
SV1_C85221,C85221,0.8776947044641524
SV1_C12661,C12661,0.9901104917566819
SV1_C18027,C18027,0.8824245079031036
SV1_C48101,C48101,0.9564277992257418
SV1_C50417,C50417,0.8852040829506242
SV1_C63638,C63638,0.8486368029439232
SV1_C18620,C18620,0.978263396201806
SV1_C10910,C10910,0.8891274579498708
SV1_C78705,C78705,0.9397320525911216
SV1_C76817,C76817,0.9109119911596659
SV1_C97273,C97273,0.9255055936254203
SV1_C30012,C30012,0.8941279297001068
SV1_C00030,C00030,0.9193424240136224
SV1_C42602,C42602,0.9590973902314537
SV1_C47499,C47499,0.817203046066691
SV1_C96676,C96676,0.9009479818501068
SV1_C68498,C68498,0.996051252265323
SV1_C49258,C49258,0.9819126102782543
SV1_C90113,C90113,0.9910330203707983
SV1_C19828,C19828,0.8645107157849552
SV1_C22309,C22309,0.9238674553243812
SV1_C08426,C08426,0.9538364285765277
SV1_C56442,C56442,0.8554732508693685
SV1_C18617,C18617,0.9197492169954434
SV1_C60606,C60606,0.9787705163863781
SV1_C62447,C62447,0.8383514266853666
SV1_C27622,C27622,0.8271938670774456
SV1_C55880,C55880,0.8955397491392896
SV1_C85307,C85307,0.851239176372238
SV1_C01233,C01233,0.9859014841580013
SV1_C64234,C64234,0.8786949273551171
SV1_C44463,C44463,0.9926112283075165
SV1_C77487,C77487,0.883676685149358
SV1_C97906,C97906,0.9790063667030167
SV1_C12717,C12717,0.8295812845004966
SV1_C24082,C24082,0.9167930968344847
SV1_C30087,C30087,0.9925223567297404
SV1_C59406,C59406,0.9858550706940976
SV1_C02440,C02440,0.9553648159815611
SV1_C45023,C45023,0.8479998416771917
SV1_C52879,C52879,0.9959736474867932
SV1_C91205,C91205,0.9274677680897528
SV1_C73315,C73315,0.9455819390355061
SV1_C43215,C43215,0.9834345995227595
SV1_C07253,C07253,0.9443080540611122
SV1_C92425,C92425,0.9144502156338354
SV1_C10904,C10904,0.9820033327558632
SV1_C16819,C16819,0.9081993158210061
SV1_C78676,C78676,0.8747312511362182
SV1_C55243,C55243,0.8983241413151298
SV1_C50431,C50431,0.817087759642598
SV1_C09694,C09694,0.9993309956520783
SV1_C62519,C62519,0.895165444815307
SV1_C55293,C55293,0.9517957389941878
SV1_C29476,C29476,0.9567747157230032
SV1_C09097,C09097,0.9362093262973528
SV1_C93086,C93086,0.894507713619124
SV1_C08411,C08411,0.8782898279365442
SV1_C63681,C63681,0.9682540629326422
SV1_C74407,C74407,0.8635768709931655
SV1_C78034,C78034,0.9379423642168836
SV1_C09616,C09616,0.9045796691501068
SV1_C07305,C07305,0.8936981267952264
SV1_C93014,C93014,0.89510733817267
SV1_C06099,C06099,0.9268752125297396
SV1_C58901,C58901,0.9300635486584227
SV1_C88223,C88223,0.8690512019878966
SV1_C66692,C66692,0.9117260388107623
SV1_C99679,C99679,0.8563655425823492
SV1_C00075,C00075,0.867904764723001
SV1_C21087,C21087,0.9166658688454304
SV1_C06094,C06094,0.9391928214645041
SV1_C75631,C75631,0.9373150065455869
SV1_C93627,C93627,0.9530359987432758
SV1_C51631,C51631,0.8543077788888686
SV1_C66679,C66679,0.822514638465356
SV1_C47519,C47519,0.9344602796061607
SV1_C97214,C97214,0.9554848424756583
SV1_C01219,C01219,0.9247497069834217
SV1_C22303,C22303,0.9065494736744387
SV1_C07804,C07804,0.9723931234484159
SV1_C52805,C52805,0.8776066428623553
SV1_C90683,C90683,0.8751964704872981
SV1_C100298,C100298,0.9250172304683261
SV1_C19877,C19877,0.9193525074389565
SV1_C12606,C12606,0.9044681741693865
SV1_C70219,C70219,0.929973335268976
SV1_C100203,C100203,0.9092248736251543
SV1_C58247,C58247,0.8809523426982703
SV1_C15000,C15000,0.8880642064158412
SV1_C63112,C63112,0.9185402595462427
SV1_C72009,C72009,0.9935583202913638
SV1_C86494,C86494,0.9056842560131961
SV1_C06703,C06703,0.9187278646411711
SV1_C38403,C38403,0.9954236832699577
SV1_C55881,C55881,0.8862645742423759
SV1_C97304,C97304,0.928048576408087
SV1_C76850,C76850,0.8937765046351333
SV1_C93622,C93622,0.9639191880656629
SV1_C10226,C10226,0.9463451852556362
SV1_C43304,C43304,0.9913363267107602
SV1_C88872,C88872,0.9788480591205013
SV1_C33013,C33013,0.8817009077001297
SV1_C94288,C94288,0.9150236201100462
SV1_C85872,C85872,0.9920483997008549
SV1_C87617,C87617,0.9371436857737758
SV1_C58899,C58899,0.9139876676390422
SV1_C06699,C06699,0.9185927300934125
SV1_C51097,C51097,0.9176250855072045
SV1_C48623,C48623,0.8395555212712225
SV1_C61828,C61828,0.9831813390468171
SV1_C75663,C75663,0.9249216758247453
SV1_C87037,C87037,0.985403709422171
SV1_C46214,C46214,0.9269663614064365
SV1_C52277,C52277,0.9836841937275136
SV1_C53431,C53431,0.9047887673726474
SV1_C16242,C16242,0.9371718236509539
SV1_C18033,C18033,0.9120229674443986
SV1_C67906,C67906,0.9987908885412141
SV1_C29482,C29482,0.8564951608866117
SV1_C32493,C32493,0.9705145073021978
SV1_C27675,C27675,0.8417598583064103
SV1_C02481,C02481,0.9607910498539283
SV1_C91318,C91318,0.8719020797285449
SV1_C33613,C33613,0.8559298219769936
SV1_C77497,C77497,0.9504429786523462
SV1_C45014,C45014,0.9289946934273531
SV1_C13811,C13811,0.9797409274356266
SV1_C49296,C49296,0.9371637680864853
SV1_C10823,C10823,0.9237490697543449
SV1_C100244,C100244,0.9346350661272209
SV1_C97814,C97814,0.9577679651509725
SV1_C82303,C82303,0.8167201971707967
SV1_C36615,C36615,0.9911411965067319
SV1_C12032,C12032,0.9258225804668601
SV1_C05486,C05486,0.854833929668486
SV1_C07806,C07806,0.9041424159941176
SV1_C25803,C25803,0.9693319674779618
SV1_C57044,C57044,0.9542479413919235
SV1_C88272,C88272,0.975475102887231
SV1_C95499,C95499,0.933734152933615
SV1_C91824,C91824,0.909868432895138
SV1_C72070,C72070,0.8683529424151676
SV1_C60085,C60085,0.9258339187058392
SV1_C54636,C54636,0.9599480850862895
SV1_C29498,C29498,0.9254983873754383
SV1_C90696,C90696,0.9216775412216461
SV1_C46318,C46318,0.9520140601285404
SV1_C35474,C35474,0.9488034216216474
SV1_C88864,C88864,0.992416879184625
SV1_C45071,C45071,0.9376569075522954
SV1_C06719,C06719,0.9311635254736215
SV1_C48104,C48104,0.95098455087594
SV1_C13302,C13302,0.928150254451562
SV1_C81012,C81012,0.9315379818305441
SV1_C54103,C54103,0.9206505811181797
SV1_C84096,C84096,0.9159166694487856
SV1_C75025,C75025,0.9489550600766735
SV1_C93080,C93080,0.846931493937737
SV1_C97887,C97887,0.869795702462609
SV1_C25911,C25911,0.9040007723911834
SV1_C88874,C88874,0.9055843654927942
SV1_C78113,C78113,0.8985849172647177
SV1_C78642,C78642,0.8946122486088183
SV1_C01911,C01911,0.9108843802413288
SV1_C93004,C93004,0.8294712471201636
SV1_C92445,C92445,0.8371985516781909
SV1_C54602,C54602,0.8820624624615069
SV1_C28287,C28287,0.817554199015913
SV1_C90684,C90684,0.9975460466252817
SV1_C62410,C62410,0.9328659353198291
SV1_C09085,C09085,0.9744483784443364
SV1_C54112,C54112,0.9246117407468505
SV1_C24694,C24694,0.9189549526389064
SV1_C51619,C51619,0.8792238612766189
SV1_C68402,C68402,0.9626619416113753
SV1_C66100,C66100,0.9146259170597507
SV1_C85305,C85305,0.8480248330701493
SV1_C10915,C10915,0.8901350665845565
SV1_C73890,C73890,0.8438468243993001
SV1_C98418,C98418,0.9262367390961849
SV1_C03034,C03034,0.9369264615230393
SV1_C88307,C88307,0.9319429508430617
SV1_C81612,C81612,0.935432944828213
SV1_C30086,C30086,0.8727440791613384
SV1_C10855,C10855,0.9027294867999254
SV1_C75091,C75091,0.9454056861088593
SV1_C11461,C11461,0.9288085688685646
SV1_C03084,C03084,0.9552770596433221
SV1_C72099,C72099,0.9980758534230092
SV1_C75620,C75620,0.903650298871738
SV1_C10914,C10914,0.821378085169097
SV1_C08458,C08458,0.9942514840743093
SV1_C15090,C15090,0.8793071284133511
SV1_C48103,C48103,0.8139037600964898
SV1_C26483,C26483,0.8807632745905591
SV1_C69008,C69008,0.9848728105060588
SV1_C04242,C04242,0.8983299034973425
SV1_C22213,C22213,0.9263471045614473
SV1_C17427,C17427,0.876105262549922
SV1_C83484,C83484,0.9012132920099327
SV1_C03080,C03080,0.9816005333965531
SV1_C07906,C07906,0.9000813860580981
SV1_C08513,C08513,0.8365797894778809
SV1_C45094,C45094,0.8450634526235333
SV1_C79297,C79297,0.8887752875110063
SV1_C96078,C96078,0.988975716965131
SV1_C07223,C07223,0.9461786568551048
SV1_C76821,C76821,0.909942883171631
SV1_C67828,C67828,0.9986746992575641
SV1_C88221,C88221,0.8908645337543917
SV1_C45088,C45088,0.9257453619374688
SV1_C35406,C35406,0.8511494115130973
SV1_C19893,C19893,0.8330602553641141
SV1_C30689,C30689,0.9042220129491119
SV1_C79308,C79308,0.8287822854517304
SV1_C36605,C36605,0.9169524981870608
SV1_C50411,C50411,0.8805773132353072
SV1_C35492,C35492,0.9349870487979055
SV1_C76217,C76217,0.9097542147940941
SV1_C64215,C64215,0.8469718991196027
SV1_C87068,C87068,0.926541405862061
SV1_C20407,C20407,0.9455142397922608
SV1_C34219,C34219,0.8908605756720231
SV1_C75696,C75696,0.9502400139965571
SV1_C13860,C13860,0.9452573256664537
SV1_C51628,C51628,0.914429001835335
SV1_C68413,C68413,0.9765385486254323
SV1_C94914,C94914,0.9295354646906531
SV1_C78048,C78048,0.9293506294920456
SV1_C97813,C97813,0.9889539276339187
SV1_C75085,C75085,0.9243440030906263
SV1_C75092,C75092,0.891140199903638
SV1_C21082,C21082,0.9194750502768733
SV1_C51110,C51110,0.9106103115472169
SV1_C74401,C74401,0.9829550390010601
SV1_C79901,C79901,0.8905546021372581
SV1_C63643,C63643,0.8247085788158494
SV1_C66611,C66611,0.9504998387771506
SV1_C89459,C89459,0.9920034385310834
SV1_C88312,C88312,0.9995450819734728
SV1_C99611,C99611,0.9352803780234057
SV1_C72655,C72655,0.9268933439974268
SV1_C76864,C76864,0.9003884653451975
SV1_C93093,C93093,0.8378332599495019
SV1_C86450,C86450,0.9312538698256195
SV1_C10290,C10290,0.8940973021902019
SV1_C46287,C46287,0.9976080754980333
SV1_C85206,C85206,0.9088030365279259
SV1_C83493,C83493,0.9864799674990238
SV1_C21718,C21718,0.9351067404899914
SV1_C13230,C13230,0.8899876353549114
SV1_C21008,C21008,0.9127833109405523
SV1_C23499,C23499,0.9171634581978726
SV1_C99102,C99102,0.9219196468170168
SV1_C69640,C69640,0.929642182471948
SV1_C52886,C52886,0.8867443609287725
SV1_C74405,C74405,0.9843801215982271
SV1_C69096,C69096,0.8972449842436674
SV1_C57114,C57114,0.887333332674033
SV1_C25902,C25902,0.9971557695176891
SV1_C10252,C10252,0.8960210517443888
SV1_C25208,C25208,0.9369804653480162
SV1_C65424,C65424,0.9910936966603281
SV1_C59408,C59408,0.9462844977227919
SV1_C04233,C04233,0.9611938893587494
SV1_C07216,C07216,0.9152782997922939
SV1_C57032,C57032,0.8666008326804898
SV1_C43821,C43821,0.8708196484322601
SV1_C16224,C16224,0.945176348679228
SV1_C87024,C87024,0.990151215356165
SV1_C60603,C60603,0.9296734382817792
SV1_C58803,C58803,0.9383597331470809
SV1_C26474,C26474,0.9681772082619955
SV1_C20426,C20426,0.8594362499952457
SV1_C16286,C16286,0.9392086131862198
SV1_C12098,C12098,0.9256778153116193
SV1_C00037,C00037,0.986914022792976
SV1_C30020,C30020,0.9512683814453362
SV1_C83417,C83417,0.9003187094409154
SV1_C21672,C21672,0.9697737815784936
SV1_C20424,C20424,0.8734121368097968
SV1_C07214,C07214,0.8976017281343831
SV1_C49254,C49254,0.9761716956801122
SV1_C78010,C78010,0.9407393665199535
SV1_C52212,C52212,0.8675045564012185
SV1_C10283,C10283,0.944118370753107
SV1_C49840,C49840,0.8877083674325367
SV1_C51629,C51629,0.9168804169077291
SV1_C75062,C75062,0.9305650807094706
SV1_C52239,C52239,0.8485551695187273
SV1_C23493,C23493,0.9688674580878652
SV1_C59412,C59412,0.9505970389454552
SV1_C24697,C24697,0.9670224657794376
SV1_C19236,C19236,0.9318142588176069
SV1_C04888,C04888,0.8722752651479869
SV1_C10208,C10208,0.9571659115558513
SV1_C62422,C62422,0.8946232904467765
SV1_C10900,C10900,0.9834607189082218
SV1_C94820,C94820,0.8995405258232614
SV1_C72081,C72081,0.9501044953693139
SV1_C14474,C14474,0.9985394442130768
SV1_C08473,C08473,0.999642284960223
SV1_C01283,C01283,0.8710138877747279
SV1_C87616,C87616,0.9147182651569867
SV1_C64247,C64247,0.939563019925936
SV1_C03625,C03625,0.9622073472379155
SV1_C43854,C43854,0.964033900264626
SV1_C67811,C67811,0.9696268689184361
SV1_C28806,C28806,0.9304883393200403
SV1_C49808,C49808,0.966068680663268
SV1_C03086,C03086,0.9565666290979203
SV1_C32403,C32403,0.8737462830313775
SV1_C56410,C56410,0.9780912340417899
SV1_C25212,C25212,0.9742376959157488
SV1_C04315,C04315,0.8463065441056333
SV1_C75702,C75702,0.8963665651715657
SV1_C97914,C97914,0.9111870906945368
SV1_C24647,C24647,0.8240433103595103
SV1_C03098,C03098,0.888850279068866
SV1_C78648,C78648,0.9033386222786497
SV1_C00602,C00602,0.9684077882541425
SV1_C53505,C53505,0.9612800770642252
SV1_C57098,C57098,0.9449776276654809
SV1_C25218,C25218,0.9259354046471793
SV1_C61314,C61314,0.9085511705105868
SV1_C78619,C78619,0.9476073314359186
SV1_C53518,C53518,0.9755015857800938
SV1_C35491,C35491,0.9194967620701708
SV1_C27632,C27632,0.980415631965772
SV1_C81017,C81017,0.922538405357456
SV1_C19832,C19832,0.8521207358005872
SV1_C75716,C75716,0.8620208357171886
SV1_C60628,C60628,0.9849877971926144
SV1_C76856,C76856,0.9190066548597221
SV1_C93091,C93091,0.8616267176151315
SV1_C43884,C43884,0.9797583088296492
SV1_C43269,C43269,0.9769674011743686
SV1_C19813,C19813,0.87776948709203
SV1_C48003,C48003,0.9666665929075798
SV1_C45717,C45717,0.9909235127964099
SV1_C81703,C81703,0.8195436675892637
SV1_C47464,C47464,0.9061290362896137
SV1_C67816,C67816,0.9149492540201339
SV1_C78089,C78089,0.939740395162743
SV1_C90061,C90061,0.9653572362293862
SV1_C00606,C00606,0.9696123025732208
SV1_C87030,C87030,0.9622529233251286
SV1_C99647,C99647,0.9879285017035512
SV1_C55907,C55907,0.9607152519660327
SV1_C05473,C05473,0.9354301668815056
SV1_C66635,C66635,0.8770828401903402
SV1_C46302,C46302,0.9721706845274263
SV1_C69630,C69630,0.8813936519560437
SV1_C30082,C30082,0.8629336677576774
SV1_C09021,C09021,0.9728324448144807
SV1_C25802,C25802,0.9043743130450331
SV1_C08404,C08404,0.9701827679231917
SV1_C09610,C09610,0.8956226916731869
SV1_C75658,C75658,0.9445492446315804
SV1_C95498,C95498,0.9998048177330163
SV1_C82313,C82313,0.8806095729441635
SV1_C21092,C21092,0.8414855923062121
SV1_C11431,C11431,0.9921689485037443
SV1_C30704,C30704,0.835180944334811
SV1_C78655,C78655,0.9099717520049545
SV1_C48628,C48628,0.9851111447319948
SV1_C96633,C96633,0.8906801107808734
SV1_C51614,C51614,0.9152087483991082
SV1_C34284,C34284,0.9328142433445289
SV1_C71441,C71441,0.8689632332185133
SV1_C84101,C84101,0.9049762507199036
SV1_C51682,C51682,0.903573360326211
SV1_C67897,C67897,0.9602887938470802
SV1_C50418,C50418,0.9079808907090169
SV1_C76315,C76315,0.9111811843651952
SV1_C94819,C94819,0.9606068140907154
SV1_C10841,C10841,0.8720999320228839
SV1_C07293,C07293,0.9646410723460015
SV1_C03018,C03018,0.9091540704070914
SV1_C56418,C56418,0.941994150028961
SV1_C22829,C22829,0.963146943939022
SV1_C13857,C13857,0.9215683931730523
SV1_C61842,C61842,0.8105328787945588
SV1_C73802,C73802,0.932329763984344
SV1_C19816,C19816,0.8532891552716896
SV1_C13820,C13820,0.9513281727894664
SV1_C97314,C97314,0.9221863793136261
SV1_C94895,C94895,0.9303401635746575
SV1_C58236,C58236,0.9234821042379986
SV1_C56431,C56431,0.9866221214521773
SV1_C54695,C54695,0.9260489058158737
SV1_C88862,C88862,0.9433049942153919
SV1_C38411,C38411,0.9947758279404185
SV1_C87683,C87683,0.9224920939728893
SV1_C81086,C81086,0.8843339101806615
SV1_C95430,C95430,0.8955066364138193
SV1_C29421,C29421,0.9457960379220958
SV1_C50497,C50497,0.9048985063372149
SV1_C91220,C91220,0.9008767466582821
SV1_C98484,C98484,0.9725090429943718
SV1_C07895,C07895,0.9215485567629981
SV1_C03646,C03646,0.9291382300207867
SV1_C88907,C88907,0.9288846951061985
SV1_C07915,C07915,0.9138139136935723
SV1_C00693,C00693,0.8450920000780061
SV1_C88231,C88231,0.8882537293396765
SV1_C76202,C76202,0.8926005440766291
SV1_C10231,C10231,0.9598062526945729
SV1_C88811,C88811,0.8743077667323196
SV1_C96691,C96691,0.8839922140940829
SV1_C26505,C26505,0.9469941996084444
SV1_C48119,C48119,0.9615991986406517
SV1_C21610,C21610,0.9135354154623077
SV1_C06098,C06098,0.8770580157369021
SV1_C50488,C50488,0.8979022159900741
SV1_C73255,C73255,0.9263654443733714
SV1_C13308,C13308,0.9284344411854735
SV1_C13318,C13318,0.8336571061825611
SV1_C57688,C57688,0.9989247053284777
SV1_C77499,C77499,0.9595262625194922
SV1_C09645,C09645,0.9466896642824162
SV1_C07272,C07272,0.9878083205797183
SV1_C78081,C78081,0.9418950322885696
SV1_C89461,C89461,0.9736945440598753
SV1_C63688,C63688,0.8996328806222121
SV1_C05512,C05512,0.8573026563101951
SV1_C45657,C45657,0.9993606097134157
SV1_C78703,C78703,0.9690006543191241
SV1_C52232,C52232,0.9246390505797917
SV1_C09051,C09051,0.8960753620647426
SV1_C00015,C00015,0.962192793554735
SV1_C74504,C74504,0.92284842234601
SV1_C14495,C14495,0.9706474709002949
SV1_C25800,C25800,0.9140012302563835
SV1_C50475,C50475,0.9957608657635088
SV1_C79312,C79312,0.8773938239989111
SV1_C78020,C78020,0.9340920712580454
SV1_C89500,C89500,0.9422956692919809
SV1_C74418,C74418,0.9033675205052714
SV1_C94211,C94211,0.9122184146142198
SV1_C49864,C49864,0.9277712236233014
SV1_C94299,C94299,0.9332619790499693
SV1_C90652,C90652,0.8976553851890138
SV1_C91290,C91290,0.9000587174381683
SV1_C64217,C64217,0.9048817766364814
SV1_C99080,C99080,0.913847176408354
SV1_C34290,C34290,0.8664905729130854
SV1_C25813,C25813,0.9672135391433213
SV1_C26481,C26481,0.9357431561307682
SV1_C06119,C06119,0.9393296826941743
SV1_C43801,C43801,0.8767396580979555
SV1_C98435,C98435,0.9923714120381292
SV1_C10881,C10881,0.9728268545274382
SV1_C11517,C11517,0.8712560641309399
SV1_C43820,C43820,0.8504445695957134
SV1_C18615,C18615,0.9685217806488886
SV1_C54622,C54622,0.9228860248184307
SV1_C23430,C23430,0.8875149099105123
SV1_C08467,C08467,0.9809250862192201
SV1_C54039,C54039,0.9134933854814468
SV1_C53507,C53507,0.9436224346908165
SV1_C63073,C63073,0.9821579110572191
SV1_C85292,C85292,0.8167508114362002
SV1_C70808,C70808,0.9902849300029809
SV1_C62490,C62490,0.850226980507739
SV1_C80484,C80484,0.8619948497751536
SV1_C90718,C90718,0.8771083153443592
SV1_C01242,C01242,0.9152103157350892
SV1_C94204,C94204,0.9796644179415692
SV1_C24116,C24116,0.9838350895188619
SV1_C81601,C81601,0.9412401628777556
SV1_C43200,C43200,0.8723342022871382
SV1_C78085,C78085,0.9258314094205096
SV1_C30021,C30021,0.9447537141561198
SV1_C00628,C00628,0.9717719650779884
SV1_C76831,C76831,0.961262624750754
SV1_C09638,C09638,0.9326110906931702
SV1_C75649,C75649,0.8932107077294904
SV1_C98406,C98406,0.9623143605561666
SV1_C100243,C100243,0.9208371562863384
SV1_C75622,C75622,0.9580508421498041
SV1_C70238,C70238,0.8951207101485056
SV1_C16292,C16292,0.9522198234807302
SV1_C95411,C95411,0.9248532856714963
SV1_C22906,C22906,0.9808330130013971
SV1_C03043,C03043,0.9619123057638285
SV1_C03020,C03020,0.9932915929946937
SV1_C62492,C62492,0.8206437981590062
SV1_C73221,C73221,0.9526633159952999
SV1_C84610,C84610,0.9362733720823873
SV1_C04286,C04286,0.953767286403149
SV1_C04247,C04247,0.9644711868632624
SV1_C25292,C25292,0.9975267233487908
SV1_C91255,C91255,0.9501799094463257
SV1_C61302,C61302,0.9965201913685364
SV1_C94824,C94824,0.9094575585569946
SV1_C49234,C49234,0.9276258183985533
SV1_C51713,C51713,0.8687951844319546
SV1_C32516,C32516,0.858959923951745
SV1_C07243,C07243,0.9138416891524833
SV1_C23506,C23506,0.9866931110922627
SV1_C40220,C40220,0.9889180283779937
SV1_C27031,C27031,0.9309969543026851
SV1_C27628,C27628,0.9796363074758146
SV1_C51637,C51637,0.9681137822123365
SV1_C36622,C36622,0.9829822235284954
SV1_C25886,C25886,0.9898101325903685
SV1_C08472,C08472,0.9891042377888362
SV1_C88269,C88269,0.9273705898581738
SV1_C07317,C07317,0.8514589875726156
SV1_C46313,C46313,0.9488293377264325
SV1_C69601,C69601,0.9809838734727534
SV1_C97898,C97898,0.9789301888916306
SV1_C10307,C10307,0.9619118475987057
SV1_C50491,C50491,0.9312280202389808
SV1_C70813,C70813,0.9751158749982393
SV1_C14402,C14402,0.9361329432338995
SV1_C19226,C19226,0.9521364269667605
SV1_C31210,C31210,0.9252922821613632
SV1_C53504,C53504,0.9705090723417591
SV1_C23515,C23515,0.8366479063790999
SV1_C36612,C36612,0.9026028793059586
SV1_C57096,C57096,0.8995785791521931
SV1_C78038,C78038,0.9151374736298434
SV1_C66027,C66027,0.8722899727236828
SV1_C71485,C71485,0.9203713139006516
SV1_C51013,C51013,0.8942992183100379
SV1_C45012,C45012,0.8974315120536949
SV1_C84683,C84683,0.953930255267579
SV1_C10206,C10206,0.8889983232201727
SV1_C33010,C33010,0.8971830476377441
SV1_C81074,C81074,0.9192312274891337
SV1_C47509,C47509,0.9752836830270798
SV1_C19802,C19802,0.9208384645626889
SV1_C03606,C03606,0.948516728905684
SV1_C72053,C72053,0.8971292937610713
SV1_C90617,C90617,0.9747732323235262
SV1_C63097,C63097,0.9359224461436438
SV1_C98433,C98433,0.9348508984564247
SV1_C03686,C03686,0.9594478588767638
SV1_C76216,C76216,0.9049738822400797
SV1_C00704,C00704,0.8879673832301833
SV1_C48639,C48639,0.9801322759742492
SV1_C49845,C49845,0.9797052459431594
SV1_C65428,C65428,0.9901151274341529
SV1_C94219,C94219,0.9605090837465046
SV1_C55292,C55292,0.9161773859821817
SV1_C01904,C01904,0.9105108730190495
SV1_C22882,C22882,0.8802871419792525
SV1_C63099,C63099,0.9135276176669878
SV1_C67807,C67807,0.969525681237217
SV1_C12627,C12627,0.9808111519716751
SV1_C23513,C23513,0.9072510003279759
SV1_C99682,C99682,0.8758247255616814
SV1_C52908,C52908,0.951470656849343
SV1_C59403,C59403,0.9361306598539539
SV1_C57087,C57087,0.8780082360956802
SV1_C84010,C84010,0.9483136091250801
SV1_C79218,C79218,0.9020218177167424
SV1_C90622,C90622,0.9370359608579782
SV1_C09670,C09670,0.9210746863838553
SV1_C88873,C88873,0.9685108981067111
SV1_C73896,C73896,0.9146027831786179
SV1_C42610,C42610,0.9580835303661173
SV1_C58316,C58316,0.9285165658412553
SV1_C79875,C79875,0.9718644091620154
SV1_C96719,C96719,0.990379838917383
SV1_C19830,C19830,0.9307576198016321
SV1_C15026,C15026,0.9586070969969822
SV1_C62401,C62401,0.9041863265599339
SV1_C16879,C16879,0.9226431691510565
SV1_C55838,C55838,0.9231874015828206
SV1_C98440,C98440,0.8925080845808542
SV1_C60680,C60680,0.8516928572694483
SV1_C49821,C49821,0.8842792549814424
SV1_C70882,C70882,0.9260148032336549
SV1_C12666,C12666,0.8717713938092135
SV1_C22317,C22317,0.9697673462271661
SV1_C26473,C26473,0.9209205895509015
SV1_C13267,C13267,0.988359625652711
SV1_C65438,C65438,0.9317659905481758
SV1_C07215,C07215,0.861660009923155
SV1_C100216,C100216,0.8774793906682021
SV1_C68513,C68513,0.9864910189917427
SV1_C89455,C89455,0.9922475549741385
SV1_C13263,C13263,0.9667103985913035
SV1_C95490,C95490,0.8961375583934325
SV1_C58832,C58832,0.962313550040433
SV1_C79223,C79223,0.960969363649523
SV1_C07311,C07311,0.9636205155365057
SV1_C11409,C11409,0.9147484155310044
SV1_C78022,C78022,0.9799705992054963
SV1_C63612,C63612,0.9164592806040852
SV1_C26487,C26487,0.9069424894941154
SV1_C04285,C04285,0.9635782887141977
SV1_C28296,C28296,0.9369647853971903
SV1_C47414,C47414,0.9114349128854524
SV1_C96011,C96011,0.9304362903650807
SV1_C70292,C70292,0.9762968935835846
SV1_C64211,C64211,0.8316488124485688
SV1_C60614,C60614,0.9896671459234418
SV1_C87056,C87056,0.9414241927149072
SV1_C25228,C25228,0.9323656423543878
SV1_C71424,C71424,0.878149653776226
SV1_C69093,C69093,0.8938070886272256
SV1_C57013,C57013,0.993098932598167
SV1_C49880,C49880,0.9345150778415033
SV1_C58900,C58900,0.9175766194748738
SV1_C63072,C63072,0.99649360865474
SV1_C98475,C98475,0.8564609810816866
SV1_C12052,C12052,0.9583446609878169
SV1_C27046,C27046,0.866056004544572
SV1_C13313,C13313,0.8687485652511684
SV1_C79812,C79812,0.9215864639356355
SV1_C44486,C44486,0.9563483176420465
SV1_C43848,C43848,0.9907802904636294
SV1_C97881,C97881,0.9111258001907973
SV1_C73283,C73283,0.9958636183448647
SV1_C39605,C39605,0.9669466767264795
SV1_C87643,C87643,0.9394718950545295
SV1_C07297,C07297,0.8971380908543418
SV1_C57118,C57118,0.9078128497076496
SV1_C83496,C83496,0.9179784126166847
SV1_C10217,C10217,0.8939815869934227
SV1_C88301,C88301,0.9345503629699871
SV1_C66023,C66023,0.9959859774146922
SV1_C00011,C00011,0.9749634958735955
SV1_C73291,C73291,0.9198541653123306
SV1_C07309,C07309,0.8750671690312285
SV1_C79900,C79900,0.8620164663796217
SV1_C66612,C66612,0.954599158738822
SV1_C48631,C48631,0.9866226870682125
SV1_C90005,C90005,0.9195751935191586
SV1_C63085,C63085,0.9731765290335511
SV1_C98401,C98401,0.9932165978916299
SV1_C33115,C33115,0.9161984808497807
SV1_C88890,C88890,0.9038273623725269
SV1_C75629,C75629,0.9354817395812719
SV1_C48020,C48020,0.8115186349730521
SV1_C75047,C75047,0.9611750060273959
SV1_C96109,C96109,0.9563966826228222
SV1_C45054,C45054,0.9666524188358205
SV1_C76269,C76269,0.9624717119388376
SV1_C77401,C77401,0.8469899187798104
SV1_C65504,C65504,0.9074439070642275
SV1_C23492,C23492,0.97820292961675
SV1_C61280,C61280,0.881644773581626
SV1_C46237,C46237,0.9420828424696271
SV1_C66004,C66004,0.9747223784418074
SV1_C88262,C88262,0.9440972058044699
SV1_C10315,C10315,0.902570513363812
SV1_C31886,C31886,0.8814834141309758
SV1_C54623,C54623,0.9555243972886548
SV1_C46262,C46262,0.9588675753903213
SV1_C37220,C37220,0.9959690577318976
SV1_C67804,C67804,0.9885613835600119
SV1_C17411,C17411,0.9646472897989893
SV1_C10822,C10822,0.9773812441084804
SV1_C10838,C10838,0.9151075338356497
SV1_C61295,C61295,0.8982764535373378
SV1_C90117,C90117,0.9276461631249248
SV1_C01305,C01305,0.884588606063707
SV1_C93030,C93030,0.8614227364746142
SV1_C75641,C75641,0.8497467427483322
SV1_C51623,C51623,0.8945867709306493
SV1_C65494,C65494,0.999330827868572
SV1_C77411,C77411,0.9619822394522577
SV1_C34811,C34811,0.8471789073606291
SV1_C12000,C12000,0.8824942273871126
SV1_C06025,C06025,0.9651724075633048
SV1_C04207,C04207,0.9979609910470627
SV1_C28819,C28819,0.8883404244480535
SV1_C05434,C05434,0.9817283875056412
SV1_C09036,C09036,0.9642577605392254
SV1_C34303,C34303,0.9890580677773796
SV1_C10833,C10833,0.9762449767454482
SV1_C53516,C53516,0.9293791393096159
SV1_C28314,C28314,0.9772246949910314
SV1_C91310,C91310,0.8923809410075788
SV1_C73256,C73256,0.8503740313158156
SV1_C57711,C57711,0.9084463458657112
SV1_C98430,C98430,0.900451423263323
SV1_C97217,C97217,0.9551530388093842
SV1_C82902,C82902,0.9069750530471788
SV1_C97916,C97916,0.9892362363381569
SV1_C15017,C15017,0.9456384504489522
SV1_C66111,C66111,0.9400511773754333
SV1_C21042,C21042,0.8748609664120984
SV1_C57705,C57705,0.9214634364455017
SV1_C73208,C73208,0.997894246096099
SV1_C04825,C04825,0.9081751723940579
SV1_C03679,C03679,0.8494233358662104
SV1_C46278,C46278,0.9620396754298238
SV1_C75064,C75064,0.8980743313058499
SV1_C89471,C89471,0.8213020898902773
SV1_C06073,C06073,0.8678483839373746
SV1_C31281,C31281,0.9702888429608795
SV1_C48065,C48065,0.8861916243213771
SV1_C78630,C78630,0.9006616227496135
SV1_C12022,C12022,0.9567076423167217
SV1_C88294,C88294,0.9236185357110533
SV1_C16820,C16820,0.9970095476775199
SV1_C97220,C97220,0.8896322384006418
SV1_C62482,C62482,0.9865705669627121
SV1_C27018,C27018,0.930971849870588
SV1_C52315,C52315,0.9995030911396128
SV1_C24118,C24118,0.9619518127583854
SV1_C89480,C89480,0.9902976930699301
SV1_C12071,C12071,0.8926658736892175
SV1_C67216,C67216,0.9203528259053763
SV1_C16893,C16893,0.9594671005046818
SV1_C72673,C72673,0.9541502377393954
SV1_C68421,C68421,0.9718789731313989
SV1_C73872,C73872,0.9435111253146851
SV1_C66615,C66615,0.9394617203896014
SV1_C52826,C52826,0.8990668350869875
SV1_C74461,C74461,0.8898693260180653
SV1_C17476,C17476,0.9904911831533627
SV1_C22806,C22806,0.9138164648994299
SV1_C78635,C78635,0.8340186278034949
SV1_C70873,C70873,0.9791364898348692
SV1_C62428,C62428,0.9610450532181251
SV1_C66094,C66094,0.9972490788948452
SV1_C04911,C04911,0.8561658053450424
SV1_C37811,C37811,0.9967364748234119
SV1_C47429,C47429,0.9863212236711291
SV1_C73201,C73201,0.9893558523317445
SV1_C87700,C87700,0.9439146877423913
SV1_C67222,C67222,0.940412260525233
SV1_C94891,C94891,0.8954203986855992
SV1_C71489,C71489,0.8755662993539426
SV1_C33702,C33702,0.8934767594607418
SV1_C47507,C47507,0.8178154793055912
SV1_C01214,C01214,0.9635573428392017
SV1_C02441,C02441,0.9644758738929843
SV1_C27106,C27106,0.9339655389092674
SV1_C75079,C75079,0.9835318178876948
SV1_C100205,C100205,0.9050462128112507
SV1_C78039,C78039,0.8766673778415335
SV1_C54625,C54625,0.9920810653047838
SV1_C48655,C48655,0.860321870029089
SV1_C11408,C11408,0.9220856692413505
SV1_C17481,C17481,0.9681018526851899
SV1_C06637,C06637,0.9341343706105549
SV1_C97235,C97235,0.9950432896954255
SV1_C05478,C05478,0.8512409869019889
SV1_C25247,C25247,0.8172971574107635
SV1_C00115,C00115,0.863938333482085
SV1_C58890,C58890,0.8628801158085511
SV1_C75692,C75692,0.8817157421322008
SV1_C66028,C66028,0.9951691333622302
SV1_C97282,C97282,0.9633243187123345
SV1_C22896,C22896,0.922088777764569
SV1_C76838,C76838,0.903385257513189
SV1_C46226,C46226,0.8977394159307449
SV1_C15039,C15039,0.9275424485032832
SV1_C44402,C44402,0.9444152770828502
SV1_C82304,C82304,0.896789228987784
SV1_C81716,C81716,0.9373513862250077
SV1_C85874,C85874,0.9643195371415453
SV1_C23400,C23400,0.895438109366237
SV1_C03718,C03718,0.8599304359913396
SV1_C90105,C90105,0.9404108458037533
SV1_C54032,C54032,0.968468333981009
SV1_C97286,C97286,0.945089974841799
SV1_C48706,C48706,0.8767172662897141
SV1_C91902,C91902,0.9393035544792983
SV1_C28903,C28903,0.9988676412616467
SV1_C81084,C81084,0.8750178923068456
SV1_C88261,C88261,0.9770881729533148
SV1_C65409,C65409,0.9697664047099123
SV1_C00631,C00631,0.9838416350415549
SV1_C97211,C97211,0.9439988492938384
SV1_C88882,C88882,0.9155098426586524
SV1_C21077,C21077,0.9639437250480234
SV1_C61233,C61233,0.998393713834971
SV1_C57638,C57638,0.867203068188574
SV1_C74435,C74435,0.9019710574741133
SV1_C20427,C20427,0.8650519889029538
SV1_C21603,C21603,0.9779927353061204
SV1_C88308,C88308,0.9819991190460351
SV1_C16233,C16233,0.9221030498218646
SV1_C25306,C25306,0.9978490368267376
SV1_C84622,C84622,0.8737806111828248
SV1_C92434,C92434,0.8721968376640041
SV1_C60047,C60047,0.8813832353749962
SV1_C27699,C27699,0.8694644070111662
SV1_C40215,C40215,0.9685458751823224
SV1_C88852,C88852,0.9246541998874566
SV1_C03687,C03687,0.8470022205553169
SV1_C69610,C69610,0.9442109299416599
SV1_C58234,C58234,0.9020688691179702
SV1_C96080,C96080,0.905065756645126
SV1_C55308,C55308,0.9919491512525241
SV1_C58232,C58232,0.952449239167552
SV1_C06097,C06097,0.9041686779548957
SV1_C85901,C85901,0.8290964043763669
SV1_C12610,C12610,0.9022844372945168
SV1_C43252,C43252,0.9892804549266128
SV1_C88824,C88824,0.992594835271364
SV1_C64910,C64910,0.9564432476841096
SV1_C27024,C27024,0.936013695493371
SV1_C09068,C09068,0.9902854181514604
SV1_C30719,C30719,0.8535008127431059
SV1_C94812,C94812,0.9753405422075725
SV1_C00114,C00114,0.894940480633602
SV1_C58876,C58876,0.8445898305975512
SV1_C53515,C53515,0.9954026172844392
SV1_C00034,C00034,0.927225961919601
SV1_C21680,C21680,0.9845125896374213
SV1_C87040,C87040,0.9281107234885873
SV1_C87687,C87687,0.9063050710679926
SV1_C30600,C30600,0.8823037053950074
SV1_C78621,C78621,0.9541923253305954
SV1_C33105,C33105,0.8496769224587147
SV1_C96117,C96117,0.9950873596418545
SV1_C51015,C51015,0.8862279522265539
SV1_C04910,C04910,0.8825080275359992
SV1_C82273,C82273,0.8850382289466768
SV1_C45103,C45103,0.8454859552137033
SV1_C61841,C61841,0.8603884176965338
SV1_C94215,C94215,0.9085704665841675
SV1_C26426,C26426,0.873031627818035
SV1_C78076,C78076,0.9010850896636201
SV1_C50427,C50427,0.8185684263420921
SV1_C91258,C91258,0.8835226605365583
SV1_C46836,C46836,0.9670695319193053
SV1_C44406,C44406,0.9440263092838417
SV1_C09062,C09062,0.9738090095418308
SV1_C67909,C67909,0.9435179860726238
SV1_C69043,C69043,0.9443267277479518
SV1_C93624,C93624,0.9061314137507306
SV1_C63682,C63682,0.8728204925792168
SV1_C92516,C92516,0.9920600291169485
SV1_C91899,C91899,0.8140094595187866
SV1_C11495,C11495,0.909866484219916
SV1_C52911,C52911,0.9776464233962293
SV1_C68494,C68494,0.9625160725157194
SV1_C69609,C69609,0.9786751529237413
SV1_C07208,C07208,0.9737412992331629
SV1_C84614,C84614,0.9264808994043618
SV1_C55200,C55200,0.9308066743245542
SV1_C18622,C18622,0.9433240186788182
SV1_C84009,C84009,0.9430637514384811
SV1_C49308,C49308,0.9768407877031821
SV1_C73838,C73838,0.8978824239020593
SV1_C20421,C20421,0.9354722074134426
SV1_C89442,C89442,0.9101440576938054
SV1_C52319,C52319,0.9361681301686307
SV1_C54011,C54011,0.8839291942129801
SV1_C19207,C19207,0.9822115912743554
SV1_C31201,C31201,0.9004006813536992
SV1_C27637,C27637,0.9812739154674607
SV1_C86418,C86418,0.9361816803012373
SV1_C72600,C72600,0.9975312981893114
SV1_C00093,C00093,0.8394145456507962
SV1_C47436,C47436,0.9781783463701994
SV1_C24686,C24686,0.944050885428607
SV1_C28894,C28894,0.9290638075108556
SV1_C21615,C21615,0.9918728575479137
SV1_C73318,C73318,0.9346403991219253
SV1_C47470,C47470,0.9675960218316253
SV1_C16808,C16808,0.8871381622134844
SV1_C38402,C38402,0.9544935939574913
SV1_C54099,C54099,0.9136316346742241
SV1_C43248,C43248,0.988723661600935
SV1_C15629,C15629,0.9226725579374714
SV1_C16284,C16284,0.9415446318315914
SV1_C43285,C43285,0.983861597336633
SV1_C07802,C07802,0.9031543481317197
SV1_C12709,C12709,0.9627327590558873
SV1_C86401,C86401,0.9350022392152341
SV1_C94207,C94207,0.9134747898535087
SV1_C94838,C94838,0.9516827208909724
SV1_C00695,C00695,0.83012946644198
SV1_C70894,C70894,0.9677801294368118
SV1_C22881,C22881,0.9732276680602118
SV1_C87097,C87097,0.926571057341544
SV1_C89518,C89518,0.8871323136775571
SV1_C45048,C45048,0.9916818775773698
SV1_C49220,C49220,0.862777553552028
SV1_C65481,C65481,0.8794884040019487
SV1_C74518,C74518,0.9279567671806743
SV1_C71431,C71431,0.9211943496538174
SV1_C78618,C78618,0.8977710705138442
SV1_C00113,C00113,0.9069059958585097
SV1_C81708,C81708,0.8660198484073688
SV1_C94900,C94900,0.9436202674477424
SV1_C23439,C23439,0.9646321157593313
SV1_C14426,C14426,0.9605608020368801
SV1_C60114,C60114,0.9221171251757262
SV1_C10304,C10304,0.9660354078315102
SV1_C09718,C09718,0.9075587525391925
SV1_C88277,C88277,0.9682628747794612
SV1_C01832,C01832,0.9815909261857095
SV1_C16201,C16201,0.9092868229995084
SV1_C71490,C71490,0.8358424192135419
SV1_C14419,C14419,0.9002918947520525
SV1_C12075,C12075,0.8799885396780547
SV1_C91843,C91843,0.9838323314244779
SV1_C23516,C23516,0.9790627502750451
SV1_C49302,C49302,0.8894930078673134
SV1_C96002,C96002,0.9544753042005122
SV1_C82880,C82880,0.9258913177308994
SV1_C51695,C51695,0.9150672587125215
SV1_C46907,C46907,0.8270697743398743
SV1_C90100,C90100,0.9369206186840044
SV1_C07228,C07228,0.989360672266025
SV1_C60681,C60681,0.901013462158918
SV1_C51079,C51079,0.9985146451626747
SV1_C58220,C58220,0.9631698735039652
SV1_C24716,C24716,0.9877694357881438
SV1_C67305,C67305,0.957017953776661
SV1_C30690,C30690,0.8287772620103898
SV1_C60032,C60032,0.9772021013228067
SV1_C93705,C93705,0.9692130489994784
SV1_C73854,C73854,0.9526223360571693
SV1_C46873,C46873,0.9858190804143782
SV1_C25882,C25882,0.9758760304558248
SV1_C15087,C15087,0.9503922203446572
SV1_C33003,C33003,0.8778784156084143
SV1_C24080,C24080,0.9819380662206577
SV1_C87046,C87046,0.9695696248238693
SV1_C69042,C69042,0.8697091080429901
SV1_C00643,C00643,0.9727904883754342
SV1_C07291,C07291,0.9377409272941183
SV1_C83504,C83504,0.9149605542603954
SV1_C90097,C90097,0.9213948855615363
SV1_C60091,C60091,0.8329508238104345
SV1_C71407,C71407,0.8958971434833836
SV1_C70282,C70282,0.9401210890842929
SV1_C24610,C24610,0.9190537975316991
SV1_C87663,C87663,0.9881166316920537
SV1_C14414,C14414,0.9513181023395298
SV1_C50506,C50506,0.8799279086283575
SV1_C69717,C69717,0.9132441001786158
SV1_C57106,C57106,0.9437891631624434
SV1_C43863,C43863,0.992847045128241
SV1_C89511,C89511,0.918170931784871
SV1_C22212,C22212,0.9381167472440216
SV1_C96038,C96038,0.9623727656053064
SV1_C73843,C73843,0.870518277660132
SV1_C56402,C56402,0.9780881423557083
SV1_C96601,C96601,0.9903175428930838
SV1_C72003,C72003,0.8605284672846111
SV1_C10210,C10210,0.8901236414313138
SV1_C28907,C28907,0.99950599921866
SV1_C24044,C24044,0.8442426630003353
SV1_C43211,C43211,0.9948439202275894
SV1_C70916,C70916,0.8289564862682562
SV1_C48698,C48698,0.874876470057359
SV1_C65489,C65489,0.84443869868064
SV1_C11455,C11455,0.8971709537428227
SV1_C59439,C59439,0.8636848499855241
SV1_C48701,C48701,0.9043784068302746
SV1_C93079,C93079,0.8749241574054578
SV1_C87629,C87629,0.9972212816279639
SV1_C85204,C85204,0.8915961887041474
SV1_C70227,C70227,0.8440008627472732
SV1_C99620,C99620,0.8102617559777133
SV1_C02509,C02509,0.8818931164333418
SV1_C90109,C90109,0.9703518778116903
SV1_C20434,C20434,0.868655218102021
SV1_C90002,C90002,0.9298021329437857
SV1_C88889,C88889,0.963664549026956
SV1_C55274,C55274,0.9789258095160054
SV1_C60609,C60609,0.9628719259736102
SV1_C54042,C54042,0.9328029936262906
SV1_C70908,C70908,0.9887205930694609
SV1_C78084,C78084,0.9133913563967005
SV1_C46824,C46824,0.9841381701504269
SV1_C90056,C90056,0.9256280027443864
SV1_C47425,C47425,0.9859140681503452
SV1_C19812,C19812,0.8734737779633789
SV1_C33610,C33610,0.8717457736225309
SV1_C30603,C30603,0.8814281631333688
SV1_C61831,C61831,0.8817610768358842
SV1_C76862,C76862,0.8723420986784283
SV1_C65422,C65422,0.9466405857134956
SV1_C28207,C28207,0.9439989740141547
SV1_C87630,C87630,0.96521096034727
SV1_C21084,C21084,0.9299608446538034
SV1_C30078,C30078,0.8532211738182366
SV1_C90036,C90036,0.9775608014604151
SV1_C07234,C07234,0.9489786534674878
SV1_C49868,C49868,0.8892137179195262
SV1_C09601,C09601,0.9533783582884878
SV1_C64245,C64245,0.9765515085260059
SV1_C90650,C90650,0.8912030730247495
SV1_C66117,C66117,0.9711377337757623
SV1_C89437,C89437,0.9913846094405502
SV1_C81079,C81079,0.9750470450982605
SV1_C24713,C24713,0.9179013483911094
SV1_C59519,C59519,0.8149804825410465
SV1_C35473,C35473,0.908302803779086
SV1_C12051,C12051,0.8680596311946819
SV1_C48712,C48712,0.9614908287293775
SV1_C61303,C61303,0.912746846329299
SV1_C69029,C69029,0.9611635152165139
SV1_C81704,C81704,0.8888053271401716
SV1_C81075,C81075,0.9691131628844681
SV1_C10885,C10885,0.9504240467847336
SV1_C27088,C27088,0.852209959603058
SV1_C03692,C03692,0.821872717659124
SV1_C69673,C69673,0.9659571479409206
SV1_C72054,C72054,0.9408341354739836
SV1_C46867,C46867,0.9302573745707774
SV1_C55890,C55890,0.8824078643800071
SV1_C04889,C04889,0.921590358433024
SV1_C03100,C03100,0.9313590196101509
SV1_C75013,C75013,0.9754653146297265
SV1_C44503,C44503,0.8492522039389097
SV1_C95507,C95507,0.9321138066220369
SV1_C88819,C88819,0.9144979238499025
SV1_C61315,C61315,0.8609149478155936
SV1_C25887,C25887,0.9421978482192968
SV1_C90612,C90612,0.9354909659484797
SV1_C49225,C49225,0.9362976621219855
SV1_C18035,C18035,0.8950279460865556
SV1_C90656,C90656,0.9117101406983903
SV1_C03037,C03037,0.999072178305263
SV1_C13911,C13911,0.9743740516419317
SV1_C76892,C76892,0.85086946242325
SV1_C70276,C70276,0.9878144697400476
SV1_C91239,C91239,0.9757226396971008
SV1_C93118,C93118,0.9621472343445797
SV1_C17429,C17429,0.9260054376333084
SV1_C94242,C94242,0.9726221898905014
SV1_C66715,C66715,0.9736912471285756
SV1_C10215,C10215,0.8641018947996437
SV1_C31315,C31315,0.9447104629454012
SV1_C16234,C16234,0.9719212875835749
SV1_C64282,C64282,0.8714551646382559
SV1_C22234,C22234,0.8870959413873842
SV1_C54718,C54718,0.9954380690613139
SV1_C48668,C48668,0.8282952760972768
SV1_C05415,C05415,0.9500829819565328
SV1_C46290,C46290,0.900543215494395
SV1_C48068,C48068,0.881966110199974
SV1_C91289,C91289,0.9576467762613289
SV1_C31809,C31809,0.9018099625957124
SV1_C66084,C66084,0.827148254773605
SV1_C78016,C78016,0.8597991273829972
SV1_C02478,C02478,0.8694224570693133
SV1_C28217,C28217,0.9204927588632703
SV1_C48718,C48718,0.9408954829407383
SV1_C67917,C67917,0.9665159389578187
SV1_C51687,C51687,0.9905505300921548
SV1_C72718,C72718,0.9365151410338026
SV1_C57039,C57039,0.9372568666821378
SV1_C96639,C96639,0.9683785449216699
SV1_C13861,C13861,0.9297733370314751
SV1_C84085,C84085,0.8776680953077729
SV1_C44500,C44500,0.9940333656638434
SV1_C75116,C75116,0.8599813885663246
SV1_C28803,C28803,0.8872027346981184
SV1_C93615,C93615,0.9083500326628692
SV1_C30682,C30682,0.8674043795063019
SV1_C84072,C84072,0.8955607192803184
SV1_C08438,C08438,0.9338111759264363
SV1_C84604,C84604,0.924909724844316
SV1_C39000,C39000,0.9510322582158033
SV1_C64918,C64918,0.9950563412338553
SV1_C46281,C46281,0.9972126233235797
SV1_C81016,C81016,0.9265585584456624
SV1_C58829,C58829,0.9734198738727238
SV1_C09696,C09696,0.9586868843611058
SV1_C67228,C67228,0.9996208944631594
SV1_C63093,C63093,0.880917377414277
SV1_C50519,C50519,0.9374549252943628
SV1_C56519,C56519,0.9079078516443584
SV1_C06003,C06003,0.9388954658976815
SV1_C84605,C84605,0.9199647095513949
SV1_C60622,C60622,0.9157701159514063
SV1_C47451,C47451,0.9625004026009701
SV1_C71444,C71444,0.9890299073748261
SV1_C48098,C48098,0.9317703239887453
SV1_C46845,C46845,0.8700830082488772
SV1_C51703,C51703,0.9381941383581577
SV1_C86420,C86420,0.8517837008868366
SV1_C25310,C25310,0.9797455978541731
SV1_C04209,C04209,0.9603695523218536
SV1_C00032,C00032,0.9749529858828891
SV1_C09613,C09613,0.9474665247070676
SV1_C81099,C81099,0.8218678140637871
SV1_C54690,C54690,0.900288094933825
SV1_C04879,C04879,0.8327398988930137
SV1_C43291,C43291,0.9497176639348486
SV1_C22912,C22912,0.8971594466922556
SV1_C97274,C97274,0.9645134448991309
SV1_C33693,C33693,0.9149838586462188
SV1_C55916,C55916,0.9375233266949241
SV1_C34221,C34221,0.962752173402072
SV1_C18621,C18621,0.9750468764716931
SV1_C21024,C21024,0.8917383603062158
SV1_C82296,C82296,0.9007498235488063
SV1_C46904,C46904,0.985059629534875
SV1_C56513,C56513,0.8924846762906462
SV1_C54616,C54616,0.8535538793444699
SV1_C71430,C71430,0.8403590783951516
SV1_C61222,C61222,0.9086588780852508
SV1_C16822,C16822,0.960972346592597
SV1_C87004,C87004,0.9421082392944387
SV1_C57685,C57685,0.9353726684280292
SV1_C80506,C80506,0.917285194403374
SV1_C18644,C18644,0.892495800779976
SV1_C83517,C83517,0.9172969589651078
SV1_C61313,C61313,0.9761530621427184
SV1_C44478,C44478,0.9637710931270945
SV1_C03602,C03602,0.9470527522832612
SV1_C51099,C51099,0.9322697605682659
SV1_C70300,C70300,0.9316711700793106
SV1_C48640,C48640,0.9112459623222559
SV1_C94294,C94294,0.8842611651074137
SV1_C29489,C29489,0.9049010649834887
SV1_C46911,C46911,0.8204489033547686
SV1_C21075,C21075,0.9457108928880319
SV1_C30103,C30103,0.9986077397886777
SV1_C58833,C58833,0.9704235711635653
SV1_C31812,C31812,0.8831233168927632
SV1_C39005,C39005,0.9525335552980935
SV1_C16283,C16283,0.9372595329749236
SV1_C93713,C93713,0.9212871753833993
SV1_C12695,C12695,0.9375188324783006
SV1_C25282,C25282,0.9584898688089682
SV1_C26407,C26407,0.9516349044940037
SV1_C44417,C44417,0.829836571511586
SV1_C53433,C53433,0.9555970508035722
SV1_C33020,C33020,0.9268165204874138
SV1_C92519,C92519,0.8469730120846876
SV1_C25874,C25874,0.9586722498543325
SV1_C64290,C64290,0.924175362891868
SV1_C88288,C88288,0.9675365251978294
SV1_C56495,C56495,0.8311405768231268
SV1_C92450,C92450,0.9332266009232392
SV1_C22305,C22305,0.9453257580012296
SV1_C97231,C97231,0.9970950177272858
SV1_C69613,C69613,0.9587602592826413
SV1_C18002,C18002,0.929164537681041
SV1_C85899,C85899,0.8652449000960505
SV1_C43226,C43226,0.9109562191117571
SV1_C73888,C73888,0.8665544336642446
SV1_C99694,C99694,0.9396993305157
SV1_C55824,C55824,0.9737315987994287
SV1_C75059,C75059,0.9168360312091542
SV1_C22244,C22244,0.8473541982431848
SV1_C33615,C33615,0.8644761444744524
SV1_C70278,C70278,0.9380106778456246
SV1_C14421,C14421,0.9955394780188622
SV1_C76857,C76857,0.9052824545543957
SV1_C64279,C64279,0.9340615566553964
SV1_C90025,C90025,0.99189056469375
SV1_C72025,C72025,0.954798979833479
SV1_C75009,C75009,0.9811129066796691
SV1_C22914,C22914,0.8912621586612629
SV1_C61826,C61826,0.9411268780397288
SV1_C68409,C68409,0.9975013527687091
SV1_C28243,C28243,0.8060842036362081
SV1_C10313,C10313,0.8713395080335823
SV1_C82208,C82208,0.9488742891918307
SV1_C88804,C88804,0.9335045661763891
SV1_C06622,C06622,0.9024244735413468
SV1_C29401,C29401,0.9093214916392657
SV1_C63037,C63037,0.8722206946522757
SV1_C23519,C23519,0.8239331324770501
SV1_C66711,C66711,0.9481392126498218
SV1_C42001,C42001,0.9926932606914396
SV1_C49905,C49905,0.9557877627360062
SV1_C18029,C18029,0.9150429165368906
SV1_C94303,C94303,0.932923344671317
SV1_C82905,C82905,0.8975190466088354
SV1_C29414,C29414,0.9378917741193605
SV1_C68480,C68480,0.8636981530023824
SV1_C03002,C03002,0.9590018068782962
SV1_C24079,C24079,0.9096445807380665
SV1_C58243,C58243,0.8856192177948081
SV1_C99716,C99716,0.8874094213405649
SV1_C61212,C61212,0.9321031460822887
SV1_C61298,C61298,0.9969001563520618
SV1_C48058,C48058,0.9160538711208808
SV1_C81675,C81675,0.9650553154937186
SV1_C27706,C27706,0.9151537408009297
SV1_C96699,C96699,0.9307932839526812
SV1_C90011,C90011,0.8891258610171338
SV1_C45029,C45029,0.9384308123321334
SV1_C34888,C34888,0.9902083842754902
SV1_C94878,C94878,0.9972721791394688
SV1_C28291,C28291,0.8584110527932561
SV1_C28896,C28896,0.8176232910487007
SV1_C13898,C13898,0.9158550496677789
SV1_C81677,C81677,0.8784998026042196
SV1_C60096,C60096,0.9070270689381328
SV1_C45678,C45678,0.9639597326299536
SV1_C99703,C99703,0.873219683929716
SV1_C18026,C18026,0.9115365679930159
SV1_C65516,C65516,0.9390002421874348
SV1_C91262,C91262,0.8909069172435347
SV1_C100286,C100286,0.8809375316337925
SV1_C46908,C46908,0.9779509806554518
SV1_C33005,C33005,0.8731724553582121
SV1_C04810,C04810,0.9119740055537081
SV1_C98405,C98405,0.9934679300007458
SV1_C34912,C34912,0.8813223489018279
SV1_C46256,C46256,0.9894215433582197
SV1_C52318,C52318,0.960127945167887
SV1_C72670,C72670,0.8761800789847103
SV1_C07295,C07295,0.9200276989492228
SV1_C52222,C52222,0.8792226848409743
SV1_C100200,C100200,0.9097690506943041
SV1_C78656,C78656,0.9121487100937716
SV1_C69079,C69079,0.9175712318859583
SV1_C46841,C46841,0.9458163177933443
SV1_C01304,C01304,0.8998099336623261
SV1_C54715,C54715,0.9740344646946482
SV1_C40213,C40213,0.967841698787867
SV1_C84081,C84081,0.9174433435257198
SV1_C04821,C04821,0.9439052758183694
SV1_C14484,C14484,0.8866147714075531
SV1_C63615,C63615,0.8547259335571953
SV1_C54004,C54004,0.8748338314924771
SV1_C58820,C58820,0.9621961026137931
SV1_C46270,C46270,0.9922205556270619
SV1_C13855,C13855,0.9337491697166066
SV1_C45674,C45674,0.9624992102131348
SV1_C19247,C19247,0.8688180819104138
SV1_C73908,C73908,0.9138622820324688
SV1_C57678,C57678,0.882681136182524
SV1_C22810,C22810,0.919285844880389
SV1_C40223,C40223,0.8978567635322193
SV1_C10845,C10845,0.9738725337221146
SV1_C76905,C76905,0.9622656126589195
SV1_C17483,C17483,0.9256580664746212
SV1_C63611,C63611,0.8623315942870075
SV1_C24673,C24673,0.9455882117931775
SV1_C27690,C27690,0.9319934905364611
SV1_C97918,C97918,0.9435600724493541
SV1_C27634,C27634,0.9572746754739523
SV1_C30004,C30004,0.8874312804384121
SV1_C10239,C10239,0.9307431645136666
SV1_C09719,C09719,0.9690811272351806
SV1_C94209,C94209,0.9737435642268673
SV1_C43266,C43266,0.9243295458248101
SV1_C95509,C95509,0.9573233562447346
SV1_C56440,C56440,0.8856098670176066
SV1_C58304,C58304,0.9348549022300596
SV1_C54717,C54717,0.972813355898127
SV1_C84708,C84708,0.863121183845448
SV1_C72044,C72044,0.9131711311225988
SV1_C52913,C52913,0.8907536079684949
SV1_C69675,C69675,0.9493433357811608
SV1_C22233,C22233,0.9758132981462722
SV1_C71428,C71428,0.8782215880143214
SV1_C53486,C53486,0.88231393074212
SV1_C52816,C52816,0.8547396969561672
SV1_C70899,C70899,0.9997985342634017
SV1_C48014,C48014,0.9276411443498842
SV1_C47466,C47466,0.8870299487203752
SV1_C76214,C76214,0.9166648097495866
SV1_C66073,C66073,0.8749863115308599
SV1_C13879,C13879,0.8349029737630435
SV1_C19879,C19879,0.9996703262254237
SV1_C18635,C18635,0.887818517858115
SV1_C01884,C01884,0.9362506957251447
SV1_C25913,C25913,0.9252050797192612
SV1_C33699,C33699,0.9530501126327839
SV1_C94314,C94314,0.9278653592780705
SV1_C28895,C28895,0.9233224254737453
SV1_C86498,C86498,0.872150503124352
SV1_C94808,C94808,0.9834889431192856
SV1_C23401,C23401,0.8820003893272486
SV1_C28298,C28298,0.9115160626228316
SV1_C76886,C76886,0.9617259853313008
SV1_C28872,C28872,0.9429448043682906
SV1_C76225,C76225,0.9415471615166751
SV1_C13272,C13272,0.8737441968122003
SV1_C78043,C78043,0.8460871687946979
SV1_C34309,C34309,0.8632297804637422
SV1_C75029,C75029,0.9495684630806746
SV1_C63076,C63076,0.9984226039872585
SV1_C22316,C22316,0.9671692785394181
SV1_C93706,C93706,0.9941557955453679
SV1_C97900,C97900,0.9176717023238635
SV1_C28897,C28897,0.8128840061776671
SV1_C46229,C46229,0.9591183803298423
SV1_C26435,C26435,0.979790034306983
SV1_C74403,C74403,0.8637102622937527
SV1_C27020,C27020,0.9144993164375601
SV1_C24609,C24609,0.9186842072548113
SV1_C76252,C76252,0.8745128132631048
SV1_C60640,C60640,0.8621774629859592
SV1_C01823,C01823,0.8050519986079617
SV1_C93038,C93038,0.8348338254490176
SV1_C78041,C78041,0.8878120788588628
SV1_C75610,C75610,0.9138742722853309
SV1_C25901,C25901,0.9642993619407719
SV1_C12009,C12009,0.8758211161089122
SV1_C61235,C61235,0.8817715587620395
SV1_C21683,C21683,0.9272988420026218
SV1_C44474,C44474,0.9624880793392326
SV1_C64838,C64838,0.9322906722722965
SV1_C94805,C94805,0.9793829953190749
SV1_C27704,C27704,0.9405837882556888
SV1_C39006,C39006,0.9512630262073664
SV1_C06022,C06022,0.8954205922108188
SV1_C83512,C83512,0.8673601292605198
SV1_C29410,C29410,0.933078797250949
SV1_C58296,C58296,0.9094229186549083
SV1_C30090,C30090,0.8244228297219183
SV1_C04834,C04834,0.9185914049962022
SV1_C33616,C33616,0.8787329522859478
SV1_C58882,C58882,0.9245406574853371
SV1_C63100,C63100,0.9337248168351451
SV1_C97833,C97833,0.886310563691831
SV1_C87104,C87104,0.9536384304823528
SV1_C92442,C92442,0.8385183532701459
SV1_C73842,C73842,0.8141988678482671
SV1_C87628,C87628,0.992455683142364
SV1_C54617,C54617,0.8561208769158684
SV1_C82818,C82818,0.8899351998740624
SV1_C87673,C87673,0.95995118220526
SV1_C11499,C11499,0.9301504196128547
SV1_C55892,C55892,0.873956416413419
SV1_C29409,C29409,0.9148793789972485
SV1_C88228,C88228,0.9933779098959152
SV1_C01919,C01919,0.8414329924757756
SV1_C52238,C52238,0.9218672520313604
SV1_C22227,C22227,0.9755249861932693
SV1_C16816,C16816,0.9466947564807924
SV1_C50510,C50510,0.9098162482112544
SV1_C58887,C58887,0.8554183462458811
SV1_C92492,C92492,0.8380878023263171
SV1_C68499,C68499,0.9003400805934706
SV1_C87707,C87707,0.9341750164620529
SV1_C89469,C89469,0.9236566559751246
SV1_C73823,C73823,0.9275439910868207
SV1_C69039,C69039,0.8946691403532738
SV1_C47475,C47475,0.9795630924666985
SV1_C20446,C20446,0.9296520381965679
SV1_C73826,C73826,0.9151184490572863
SV1_C66106,C66106,0.9908504303978046
SV1_C82210,C82210,0.9311606841441235
SV1_C70316,C70316,0.8772991066600786
SV1_C94287,C94287,0.9160279975188362
SV1_C34289,C34289,0.9453487545268868
SV1_C10289,C10289,0.8640163042960919
SV1_C10261,C10261,0.9204848832450006
SV1_C87716,C87716,0.9391910105844741
SV1_C34296,C34296,0.8491524834471809
SV1_C71487,C71487,0.9401047643994197
SV1_C81617,C81617,0.92082673524861
SV1_C69691,C69691,0.9353132074857009
SV1_C99707,C99707,0.8844440821295672
SV1_C91806,C91806,0.9333566964450931
SV1_C57086,C57086,0.9244158496317315
SV1_C37204,C37204,0.9254842999432876
SV1_C57687,C57687,0.8440083717675703
SV1_C12065,C12065,0.9300327172810947
SV1_C67203,C67203,0.9600942585393912
SV1_C12043,C12043,0.8853977680385497
SV1_C12646,C12646,0.910897219318704
SV1_C95508,C95508,0.9248811791474332
SV1_C09102,C09102,0.8956082168859205
SV1_C12608,C12608,0.8698444878890332
SV1_C69085,C69085,0.9130396677822422
SV1_C08454,C08454,0.9962916691857757
SV1_C49264,C49264,0.9086856280662492
SV1_C67879,C67879,0.8436838617330071
SV1_C51032,C51032,0.9193809426001083
SV1_C61221,C61221,0.9424992569794106
SV1_C67297,C67297,0.9607211258083733
SV1_C78091,C78091,0.9283969889142131
SV1_C55836,C55836,0.9514823896918675
SV1_C92475,C92475,0.8779023616662702
SV1_C33076,C33076,0.9950392784749893
SV1_C10886,C10886,0.9031128169015042
SV1_C81719,C81719,0.9334004909779271
SV1_C09652,C09652,0.8991499402439849
SV1_C75104,C75104,0.9326367365331952
SV1_C51690,C51690,0.8864957928751199
SV1_C53416,C53416,0.8511357290313218
SV1_C94312,C94312,0.9317298605213813
SV1_C16293,C16293,0.9577499788629472
SV1_C84690,C84690,0.8707262481100323
SV1_C49850,C49850,0.9854810087518326
SV1_C60111,C60111,0.9039151155473747
SV1_C99110,C99110,0.967065075422426
SV1_C46817,C46817,0.8889451184537386
SV1_C62496,C62496,0.9137049798378561
SV1_C54620,C54620,0.8953817082397707
SV1_C26504,C26504,0.9093438165529142
SV1_C61917,C61917,0.8877888446465504
SV1_C89446,C89446,0.974913024653788
SV1_C67299,C67299,0.9041190808077528
SV1_C93102,C93102,0.9810279979614194
SV1_C69709,C69709,0.9479699510974554
SV1_C01819,C01819,0.9292431248230172
SV1_C33092,C33092,0.9585536924972242
SV1_C52288,C52288,0.8892780278287346
SV1_C97838,C97838,0.9628731774989892
SV1_C46204,C46204,0.9351126766742062
SV1_C32474,C32474,0.889770551108007
SV1_C47497,C47497,0.978990201292374
SV1_C92481,C92481,0.8851541435806413
SV1_C93637,C93637,0.9093614502058526
SV1_C15093,C15093,0.9497368127620579
SV1_C95402,C95402,0.950685405654851
SV1_C04832,C04832,0.915973622357014
SV1_C48705,C48705,0.9155685338144769
SV1_C51615,C51615,0.8848996244205601
SV1_C84715,C84715,0.809564352528825
SV1_C51716,C51716,0.9087702446713775
SV1_C06689,C06689,0.9278044507116198
SV1_C01902,C01902,0.870315074043895
SV1_C64227,C64227,0.8116254454295588
SV1_C78609,C78609,0.8600760438369454
SV1_C61823,C61823,0.900415129856049
SV1_C06102,C06102,0.8816401090307964
SV1_C58224,C58224,0.9576136189680188
SV1_C45642,C45642,0.9973395159002347
SV1_C14409,C14409,0.9210855022750724
SV1_C62426,C62426,0.920278614410555
SV1_C01802,C01802,0.966065932708444
SV1_C08486,C08486,0.9258933400809051
SV1_C61901,C61901,0.9625098127925013
SV1_C11478,C11478,0.8992340024639535
SV1_C45017,C45017,0.8430794071080506
SV1_C11506,C11506,0.9172146051178401
SV1_C10848,C10848,0.8878039246056503
SV1_C55224,C55224,0.9911718877150044
SV1_C64316,C64316,0.926622913524893
SV1_C98495,C98495,0.9551489782120248
SV1_C75069,C75069,0.9595404133288145
SV1_C13280,C13280,0.9025438999134447
SV1_C19823,C19823,0.9198836986132043
SV1_C64829,C64829,0.9665135904978052
SV1_C54692,C54692,0.9299820001528177
SV1_C20482,C20482,0.9072160009406296
SV1_C50508,C50508,0.9053882877229688
SV1_C93611,C93611,0.9052153122622055
SV1_C59430,C59430,0.9257712726489192
SV1_C52834,C52834,0.8961378917735611
SV1_C86504,C86504,0.9516123233840307
SV1_C70800,C70800,0.9903741516520655
SV1_C93010,C93010,0.8897920031761211
SV1_C09640,C09640,0.8705172300381907
SV1_C19827,C19827,0.8110317355865618
SV1_C75680,C75680,0.9168180328169259
SV1_C59440,C59440,0.8469295294837467
SV1_C86502,C86502,0.8782204520358574
SV1_C58287,C58287,0.8503485301368784
SV1_C67207,C67207,0.9606618430668795
SV1_C45630,C45630,0.911745505303495
SV1_C84618,C84618,0.8870874632589267
SV1_C64305,C64305,0.9933240780675066
SV1_C00718,C00718,0.8409107587335206
SV1_C31818,C31818,0.91329800282218
SV1_C87058,C87058,0.9296868418607539
SV1_C96096,C96096,0.9417235394522164
SV1_C92438,C92438,0.8498411944595781
SV1_C48659,C48659,0.8634104230167711
SV1_C45613,C45613,0.9022024140943316
SV1_C49841,C49841,0.9126421094590133
SV1_C26519,C26519,0.8382228595673644
SV1_C25810,C25810,0.9053570143308901
SV1_C88813,C88813,0.9380757675919481
SV1_C39606,C39606,0.948934987705256
SV1_C72695,C72695,0.9051457868316638
SV1_C51675,C51675,0.9977711426097241
SV1_C28276,C28276,0.8230256529713318
SV1_C26440,C26440,0.8457324524005909
SV1_C23433,C23433,0.9688965677785067
SV1_C46811,C46811,0.9924454415322812
SV1_C03040,C03040,0.9537245194462005
SV1_C46855,C46855,0.979348561531116
SV1_C69105,C69105,0.9399498363590396
SV1_C91821,C91821,0.9163929416464812
SV1_C09019,C09019,0.8533911234385805
SV1_C66039,C66039,0.8790641653160932
SV1_C69602,C69602,0.9460325343983991
SV1_C88838,C88838,0.9623001220884053
SV1_C15644,C15644,0.9117114658650117
SV1_C43840,C43840,0.9320146694666199
SV1_C54626,C54626,0.9480748970087582
SV1_C87077,C87077,0.957471958725485
SV1_C63621,C63621,0.9392481758848079
SV1_C94296,C94296,0.9441856067869061
SV1_C05402,C05402,0.8700567928491499
SV1_C27076,C27076,0.8560342286003997
SV1_C70239,C70239,0.9082654883445181
SV1_C14479,C14479,0.9311450539564722
SV1_C45621,C45621,0.8606278343894828
SV1_C43254,C43254,0.9610611007104819
SV1_C53447,C53447,0.9994929368329386
SV1_C71417,C71417,0.9370096346244635
SV1_C78002,C78002,0.9424551508259825
SV1_C70244,C70244,0.985147162370562
SV1_C12083,C12083,0.9103295750960786
SV1_C96084,C96084,0.9285202882699448
SV1_C03698,C03698,0.9009801444357983
SV1_C73859,C73859,0.9239604956738491
SV1_C08444,C08444,0.9366278701348081
SV1_C31823,C31823,0.8258755781155209
SV1_C55908,C55908,0.978552907288657
SV1_C96709,C96709,0.9543793308582158
SV1_C37209,C37209,0.9247823615564615
SV1_C17479,C17479,0.9155569627939298
SV1_C86488,C86488,0.9495448702109599
SV1_C98445,C98445,0.8551252450484518
SV1_C20442,C20442,0.8674138139282247
SV1_C91897,C91897,0.9614955202115832
SV1_C27679,C27679,0.8452113889307187
SV1_C14444,C14444,0.9054667546833228
SV1_C50419,C50419,0.8811219781342021
SV1_C82918,C82918,0.8740313473301563
SV1_C73887,C73887,0.9752066461496621
SV1_C67287,C67287,0.8415166712209531
SV1_C56496,C56496,0.9486167892843458
SV1_C86457,C86457,0.9415045876928322
SV1_C16207,C16207,0.9547438234218275
SV1_C21089,C21089,0.9000375711394074
SV1_C68416,C68416,0.90005767158182
SV1_C87000,C87000,0.9415237881265432
SV1_C62497,C62497,0.9557267515525468
SV1_C84119,C84119,0.8694137859588956
SV1_C49866,C49866,0.9808928208028189
SV1_C01899,C01899,0.9102241723512354
SV1_C15012,C15012,0.9004029034328289
SV1_C05438,C05438,0.9637577944751622
SV1_C83421,C83421,0.9623547177140886
SV1_C51627,C51627,0.8554520777689817
SV1_C73821,C73821,0.9501582225270013
SV1_C87088,C87088,0.9564206429290625
SV1_C73880,C73880,0.9410433544957318
SV1_C71422,C71422,0.9703204509950845
SV1_C91307,C91307,0.8727361084745457
SV1_C01808,C01808,0.9900516056734034
SV1_C49244,C49244,0.9429711746364915
SV1_C12659,C12659,0.8866725439184134
SV1_C29485,C29485,0.9039729315528684
SV1_C73264,C73264,0.9024960800448083
SV1_C19895,C19895,0.900841188635879
SV1_C49290,C49290,0.9287672484729196
SV1_C88896,C88896,0.9376174541817769
SV1_C25238,C25238,0.8701932512979267
SV1_C97223,C97223,0.9934546324013529
SV1_C07292,C07292,0.9296460937307262
SV1_C54642,C54642,0.9091973285550068
SV1_C44443,C44443,0.9190012810937828
SV1_C90635,C90635,0.9366301299340131
SV1_C25900,C25900,0.9269792388027627
SV1_C03047,C03047,0.9915974013286213
SV1_C31817,C31817,0.8919422692823463
SV1_C83509,C83509,0.8841720391470083
SV1_C61309,C61309,0.946156413532171
SV1_C66705,C66705,0.9556880122671844
SV1_C03014,C03014,0.9557704561947762
SV1_C64825,C64825,0.9672932602584909
SV1_C66044,C66044,0.8679117503915609
SV1_C72690,C72690,0.8405478097692416
SV1_C61283,C61283,0.8626033995294156
SV1_C01298,C01298,0.8596750100510255
SV1_C51620,C51620,0.9166029729680988
SV1_C94894,C94894,0.8872199976203533
SV1_C22299,C22299,0.9076462977450269
SV1_C46288,C46288,0.9225019039148367
SV1_C86477,C86477,0.9506985478844682
SV1_C09624,C09624,0.9852282094337513
SV1_C48697,C48697,0.8983829249357005
SV1_C54030,C54030,0.9332345134690622
SV1_C33094,C33094,0.9211443085462951
SV1_C98441,C98441,0.9363651781431578
SV1_C93629,C93629,0.8824476353167698
SV1_C29508,C29508,0.8754014701743243
SV1_C25300,C25300,0.9308002782711656
SV1_C58814,C58814,0.9983861939627747
SV1_C48622,C48622,0.8799297934862542
SV1_C32411,C32411,0.8711518065665211
SV1_C03615,C03615,0.9878421756663631
SV1_C81606,C81606,0.9269250946478454
SV1_C42600,C42600,0.9703416558416176
SV1_C04210,C04210,0.9333702243322667
SV1_C87606,C87606,0.9060520472367358
SV1_C34875,C34875,0.9129845686871428
SV1_C26432,C26432,0.8563107955846564
SV1_C48656,C48656,0.8891491253787908
SV1_C79872,C79872,0.8741444231845608
SV1_C86426,C86426,0.9575408315078526
SV1_C48082,C48082,0.9398335349433613
SV1_C88812,C88812,0.92867334468784
SV1_C47514,C47514,0.9119275331237291
SV1_C87627,C87627,0.8731268238413548
SV1_C66644,C66644,0.8692083892804563
SV1_C05495,C05495,0.8966284030560212
SV1_C79214,C79214,0.8831436741898174
SV1_C49216,C49216,0.9419235674697198
SV1_C14486,C14486,0.9415541854059304
SV1_C46299,C46299,0.8359757368651682
SV1_C63713,C63713,0.9671809846019773
SV1_C49232,C49232,0.9442502714652029
SV1_C91854,C91854,0.923391843515695
SV1_C61817,C61817,0.9293099776343738
SV1_C93103,C93103,0.8680934047029317
SV1_C25204,C25204,0.9210599779290887
SV1_C18083,C18083,0.905221451879511
SV1_C93057,C93057,0.9411311508232033
SV1_C100282,C100282,0.8976425602515561
SV1_C55312,C55312,0.9426257416036273
SV1_C29487,C29487,0.986934072341154
SV1_C40207,C40207,0.9761426264753154
SV1_C55277,C55277,0.9366529294259291
SV1_C45632,C45632,0.9579911108882339
SV1_C73292,C73292,0.8970160799992506
SV1_C43246,C43246,0.9210843291111033
SV1_C49233,C49233,0.9350680340990937
SV1_C91263,C91263,0.9360604515234031
SV1_C90674,C90674,0.9085783757407633
SV1_C03703,C03703,0.8964361077523337
SV1_C22272,C22272,0.9712841485478093
SV1_C48023,C48023,0.8035404536524907
SV1_C46893,C46893,0.9445929856562383
SV1_C12024,C12024,0.9327641457867832
SV1_C90697,C90697,0.9124865332230555
SV1_C66007,C66007,0.9399737168129989
SV1_C72018,C72018,0.9003843162891636
SV1_C67827,C67827,0.8958620481269542
SV1_C48635,C48635,0.9874724255134231
SV1_C79809,C79809,0.9260954104024347
SV1_C53480,C53480,0.9777286803697796
SV1_C50440,C50440,0.9915608339859621
SV1_C63088,C63088,0.8977543563118842
SV1_C58240,C58240,0.8314917601461105
SV1_C60675,C60675,0.8498300098428198
SV1_C93684,C93684,0.89945004572673
SV1_C52808,C52808,0.8590939519422883
SV1_C75086,C75086,0.8831460816006153
SV1_C07200,C07200,0.9727465991397422
SV1_C45640,C45640,0.9244593300874846
SV1_C58840,C58840,0.8371689960084179
SV1_C84000,C84000,0.9483725560367958
SV1_C60625,C60625,0.9953902979417985
SV1_C11460,C11460,0.9417055851384168
SV1_C93042,C93042,0.8040377996253972
SV1_C51107,C51107,0.9511542475952369
SV1_C01245,C01245,0.9900014956787321
SV1_C69034,C69034,0.8746267123778777
SV1_C28874,C28874,0.8341371345866648
SV1_C43290,C43290,0.8962389301919118
SV1_C53476,C53476,0.9783399846097512
SV1_C33102,C33102,0.8871739314500625
SV1_C28319,C28319,0.8886427000391673
SV1_C09626,C09626,0.9507026789727471
SV1_C22802,C22802,0.9104537715796319
SV1_C13234,C13234,0.8858831179151841
SV1_C24032,C24032,0.9728897669319929
SV1_C91279,C91279,0.842623564147076
SV1_C28221,C28221,0.8551710341802644
SV1_C07212,C07212,0.9642851914086731
SV1_C14493,C14493,0.9436726678608307
SV1_C99677,C99677,0.885331182058899
SV1_C76258,C76258,0.9296886909951312
SV1_C43835,C43835,0.8583248109014133
SV1_C36601,C36601,0.9175910031774618
SV1_C49205,C49205,0.9853526744054237
SV1_C09625,C09625,0.9958726117811193
SV1_C96102,C96102,0.9994552596211623
SV1_C01908,C01908,0.8852194530917418
SV1_C34909,C34909,0.9065791812545881
SV1_C00616,C00616,0.9381184343301917
SV1_C94278,C94278,0.9991986563996388
SV1_C67310,C67310,0.9776697003677872
SV1_C59444,C59444,0.8577555439059746
SV1_C75611,C75611,0.8562847955460979
SV1_C66016,C66016,0.9271794671539757
SV1_C27691,C27691,0.8447814310775282
SV1_C76277,C76277,0.9072668770059249
SV1_C64225,C64225,0.9066652845989276
SV1_C25242,C25242,0.8345848414166916
SV1_C10260,C10260,0.8675424958727369
SV1_C43247,C43247,0.8711099655064029
SV1_C97222,C97222,0.9562417737267759
SV1_C26508,C26508,0.8888382366354661
SV1_C18677,C18677,0.9659422587161437
SV1_C93069,C93069,0.933473377474905
SV1_C74404,C74404,0.9901573561678509
SV1_C53511,C53511,0.974666178501261
SV1_C78055,C78055,0.9276785579971564
SV1_C79874,C79874,0.9289668280417583
SV1_C11484,C11484,0.9088921989882476
SV1_C66641,C66641,0.8638271710731161
SV1_C89501,C89501,0.9330838886091124
SV1_C73904,C73904,0.9120878782420269
SV1_C85209,C85209,0.8953799539908819
SV1_C10249,C10249,0.9506106549038357
SV1_C54033,C54033,0.9765185896539238
SV1_C78040,C78040,0.8619248448711859
SV1_C48099,C48099,0.8154323223875736
SV1_C19246,C19246,0.9547296479585639
SV1_C57016,C57016,0.9611258493353366
SV1_C52283,C52283,0.9993228008595041
SV1_C66633,C66633,0.9830427623085645
SV1_C46886,C46886,0.9484423808794807
SV1_C70817,C70817,0.9301704022151193
SV1_C74466,C74466,0.8694764663624339
SV1_C57090,C57090,0.9393408087664035
SV1_C29411,C29411,0.8914073811019526
SV1_C00072,C00072,0.9313109377055503
SV1_C95494,C95494,0.889311669928233
SV1_C31885,C31885,0.9487436963455812
SV1_C12025,C12025,0.9379522587274511
SV1_C60113,C60113,0.9901376377282707
SV1_C45067,C45067,0.9466793260382559
SV1_C68427,C68427,0.9041980082682277
SV1_C43900,C43900,0.9931378338060838
SV1_C00674,C00674,0.8395538068323576
SV1_C60621,C60621,0.9498873197680725
SV1_C71493,C71493,0.9890014441534605
SV1_C03025,C03025,0.971468043797363
SV1_C49246,C49246,0.9902508306315503
SV1_C11472,C11472,0.934605596361854
SV1_C07270,C07270,0.8954104280568377
SV1_C72110,C72110,0.9120606198211012
SV1_C45606,C45606,0.9434399112545465
SV1_C63702,C63702,0.9474210510670573
SV1_C48625,C48625,0.977036010763392
SV1_C46206,C46206,0.9417724035313604
SV1_C24626,C24626,0.8972555202131579
SV1_C10872,C10872,0.9600102505139864
SV1_C88220,C88220,0.8716532151392818
SV1_C48015,C48015,0.9556034444858411
SV1_C06115,C06115,0.8701701326658137
SV1_C34913,C34913,0.8849198465805401
SV1_C05477,C05477,0.9350261085461554
SV1_C99712,C99712,0.9462713794035122
SV1_C94899,C94899,0.9339066510732382
SV1_C93084,C93084,0.8320496294756923
SV1_C87082,C87082,0.8999596751425398
SV1_C28888,C28888,0.9104035209692343
SV1_C60101,C60101,0.9461334518593473
SV1_C90072,C90072,0.982594212077577
SV1_C25811,C25811,0.9784069418232546
SV1_C33682,C33682,0.972005234568739
SV1_C82201,C82201,0.9443370424286841
SV1_C40210,C40210,0.9603310931779422
SV1_C44440,C44440,0.9306198807670163
SV1_C01834,C01834,0.9376855083926194
SV1_C94228,C94228,0.906186750331729
SV1_C33007,C33007,0.8770535934664797
SV1_C72677,C72677,0.9541731311404466
SV1_C09702,C09702,0.8912257493944438
SV1_C45025,C45025,0.9386907954378789
SV1_C84001,C84001,0.9434785413375174
SV1_C65427,C65427,0.8620171227431035
SV1_C93052,C93052,0.9300478639582122
SV1_C78088,C78088,0.9519222804061487
SV1_C12678,C12678,0.953399840697888
SV1_C11497,C11497,0.9853727371692326
SV1_C12651,C12651,0.8625830426273822
SV1_C33108,C33108,0.8337610863270827
SV1_C54000,C54000,0.8751868264736843
SV1_C51604,C51604,0.8614864919234818
SV1_C01915,C01915,0.8658313951249305
SV1_C92402,C92402,0.8988875638348215
SV1_C78005,C78005,0.8515007397724277
SV1_C12647,C12647,0.8288502837949461
SV1_C69617,C69617,0.8900237299924271
SV1_C51704,C51704,0.9410266781496383
SV1_C57640,C57640,0.8336588657504874
SV1_C90689,C90689,0.9692338352320142
SV1_C78671,C78671,0.9406782288556953
SV1_C72015,C72015,0.8465953138336318
SV1_C35514,C35514,0.882252647725944
SV1_C33095,C33095,0.9950175828882745
SV1_C81097,C81097,0.8917445858840213
SV1_C05412,C05412,0.9720691904263988
SV1_C79300,C79300,0.8536344256045622
SV1_C54025,C54025,0.978451179652164
SV1_C24639,C24639,0.974109026089986
SV1_C07873,C07873,0.9988662477972774
SV1_C72705,C72705,0.8753268616606596
SV1_C91254,C91254,0.8853980391937202
SV1_C76868,C76868,0.9570631462730136
SV1_C52878,C52878,0.898563540694468
SV1_C02408,C02408,0.9867516531934531
SV1_C08420,C08420,0.9489597062281211
SV1_C79203,C79203,0.9481004968885213
SV1_C36619,C36619,0.9602554597694594
SV1_C97210,C97210,0.9621278429639964
SV1_C17472,C17472,0.9877175408415739
SV1_C73861,C73861,0.891103801129515
SV1_C57695,C57695,0.8346112541768849
SV1_C97835,C97835,0.9979831062207214
SV1_C85317,C85317,0.9361881478107448
SV1_C61914,C61914,0.8946042807807238
SV1_C31913,C31913,0.8803786865555046
SV1_C69703,C69703,0.9372826031229169
SV1_C21633,C21633,0.9766526634200252
SV1_C76901,C76901,0.9623767200363811
SV1_C80476,C80476,0.8883295309193187
SV1_C56486,C56486,0.9590691814218211
SV1_C32505,C32505,0.8476909027591355
SV1_C03642,C03642,0.9127312735779897
SV1_C67900,C67900,0.9148607710934417
SV1_C60001,C60001,0.9604815550529028
SV1_C87051,C87051,0.9998286295464317
SV1_C88230,C88230,0.9671290930228467
SV1_C04815,C04815,0.9760608853061931
SV1_C03006,C03006,0.9604262044412245
SV1_C40820,C40820,0.9774278500686285
SV1_C49305,C49305,0.9460696981196635
SV1_C87018,C87018,0.9457692191990437
SV1_C24630,C24630,0.8966280145900336
SV1_C57602,C57602,0.9877710380233969
SV1_C97910,C97910,0.9673711652977666
SV1_C29408,C29408,0.8930164336409038
SV1_C28318,C28318,0.9217687208993629
SV1_C72649,C72649,0.9019203716458036
SV1_C00082,C00082,0.8644876762219564
SV1_C98503,C98503,0.9092630701562857
SV1_C03017,C03017,0.933941130053231
SV1_C58835,C58835,0.8637414909873327
SV1_C82914,C82914,0.8998613330982416
SV1_C24685,C24685,0.980849071866441
SV1_C10812,C10812,0.9336607869177532
SV1_C81717,C81717,0.9312475936142329
SV1_C66088,C66088,0.8506728051651667
SV1_C88880,C88880,0.987717679116032
SV1_C99696,C99696,0.8885479034091031
SV1_C75694,C75694,0.9580523724226166
SV1_C25294,C25294,0.9276011333204087
SV1_C10846,C10846,0.9035634337162768
SV1_C78602,C78602,0.9476183531438063
SV1_C57673,C57673,0.8188677630181169
SV1_C43886,C43886,0.9538497053339848
SV1_C24604,C24604,0.9147130262267807
SV1_C07268,C07268,0.9716628360206596
SV1_C68412,C68412,0.9663636406718964
SV1_C79301,C79301,0.8882106957761526
SV1_C25824,C25824,0.8973453554938382
SV1_C34906,C34906,0.9341263876777123
SV1_C59508,C59508,0.973240378028414
SV1_C73248,C73248,0.8568347205824409
SV1_C02409,C02409,0.9945953265181438
SV1_C75671,C75671,0.8823408306225526
SV1_C13813,C13813,0.829521664218727
SV1_C42609,C42609,0.9716692929442993
SV1_C94231,C94231,0.9611618635031451
SV1_C94298,C94298,0.9978982928859729
SV1_C67308,C67308,0.951707726306628
SV1_C03609,C03609,0.9778539536311764
SV1_C63107,C63107,0.9116971261228968
SV1_C70283,C70283,0.9878931763274245
SV1_C100219,C100219,0.8768048820304691
SV1_C84702,C84702,0.8557296019054621
SV1_C52278,C52278,0.9015478165812408
SV1_C25272,C25272,0.9426647431847723
SV1_C95511,C95511,0.9197381242025083
SV1_C22877,C22877,0.9623682531277093
SV1_C26431,C26431,0.9817109850629417
SV1_C97309,C97309,0.9469445338658982
SV1_C01216,C01216,0.9376362152544118
SV1_C17404,C17404,0.8786392984411671
SV1_C71483,C71483,0.9336707284457049
SV1_C96613,C96613,0.9825245265947743
SV1_C75039,C75039,0.8899228888926853
SV1_C81610,C81610,0.925452829998486
SV1_C90093,C90093,0.8392497665682894
SV1_C03026,C03026,0.9211532003024335
SV1_C50437,C50437,0.969397767955505
SV1_C72715,C72715,0.9459546770664092
SV1_C21033,C21033,0.9064117582204521
SV1_C87031,C87031,0.8702039429734907
SV1_C85300,C85300,0.8323207850123464
SV1_C13232,C13232,0.9302704188478942
SV1_C16895,C16895,0.9582959175156855
SV1_C22218,C22218,0.895317474104335
SV1_C27009,C27009,0.9622783063462774
SV1_C52821,C52821,0.9079148031394332
SV1_C60087,C60087,0.8612836143902043
SV1_C20415,C20415,0.9355861026589725
SV1_C05482,C05482,0.8484210854023878
SV1_C75076,C75076,0.9344818333535729
SV1_C82222,C82222,0.9471847137230587
SV1_C16278,C16278,0.993342504779943
SV1_C26512,C26512,0.9113816723732759
SV1_C97808,C97808,0.9995241654329486
SV1_C76906,C76906,0.9000035101299566
SV1_C12021,C12021,0.9376281349422089
SV1_C99616,C99616,0.9152970171788436
SV1_C55886,C55886,0.9736345951940626
SV1_C73244,C73244,0.9174503631475899
SV1_C30009,C30009,0.9127286697537659
SV1_C57693,C57693,0.891123478869654
SV1_C06713,C06713,0.9226534060571548
SV1_C10308,C10308,0.9490375889036734
SV1_C58279,C58279,0.8353525390194048
SV1_C28202,C28202,0.9901860026220728
SV1_C43887,C43887,0.9795039902106071
SV1_C88832,C88832,0.9934013855144909
SV1_C12070,C12070,0.9147208601559665
SV1_C90070,C90070,0.8895132720616471
SV1_C45051,C45051,0.9958748551751518
SV1_C78632,C78632,0.9347302399375199
SV1_C87665,C87665,0.9994376042798748
SV1_C45035,C45035,0.8535294576146409
SV1_C94889,C94889,0.9149035429953702
SV1_C62491,C62491,0.8709365547214529
SV1_C81674,C81674,0.9101288384653997
SV1_C23436,C23436,0.9924801109031587
SV1_C61243,C61243,0.898223227617494
SV1_C63625,C63625,0.8874478575011959
SV1_C08500,C08500,0.9361710818424224
SV1_C53440,C53440,0.9763128949687648
SV1_C84606,C84606,0.9372198879294236
SV1_C96640,C96640,0.9175673895017835
SV1_C75657,C75657,0.8897307960241134
SV1_C93040,C93040,0.8303229714305684
SV1_C63106,C63106,0.9516907917733265
SV1_C95473,C95473,0.9573904055932505
SV1_C87080,C87080,0.9737863326512239
SV1_C66042,C66042,0.885325124754894
SV1_C33672,C33672,0.9701214133224999
SV1_C05517,C05517,0.9192376684336092
SV1_C96035,C96035,0.9812668014637214
SV1_C58906,C58906,0.9591660916331431
SV1_C100315,C100315,0.9337632426910066
SV1_C21011,C21011,0.9072401624171348
SV1_C73828,C73828,0.9465905289889773
SV1_C01810,C01810,0.9687977981859758
SV1_C00074,C00074,0.8313166335743215
SV1_C12078,C12078,0.9326898597312456
SV1_C76200,C76200,0.9519447097985337
SV1_C21675,C21675,0.9013095199562771
SV1_C57117,C57117,0.8873509272914446
SV1_C66674,C66674,0.9398974974485347
SV1_C23419,C23419,0.9797890458622652
SV1_C78014,C78014,0.9274647838964843
SV1_C37213,C37213,0.9137910533306791
SV1_C64911,C64911,0.921069861042379
SV1_C00635,C00635,0.9907228869030286
SV1_C31821,C31821,0.9380559091394922
SV1_C87640,C87640,0.9302749550716516
SV1_C78692,C78692,0.8892656107384944
SV1_C88219,C88219,0.9076728739431797
SV1_C28904,C28904,0.8400947637544555
SV1_C45711,C45711,0.8279658228902751
SV1_C67311,C67311,0.9551437757108698
SV1_C75626,C75626,0.8951274647112069
SV1_C34215,C34215,0.8565391519154003
SV1_C56506,C56506,0.9383213213375837
SV1_C91305,C91305,0.9113638536268674
SV1_C87003,C87003,0.8402681173460944
SV1_C21606,C21606,0.9084174240679758
SV1_C60612,C60612,0.9429442489110368
SV1_C56509,C56509,0.9339419404749107
SV1_C02422,C02422,0.950718095776906
SV1_C84603,C84603,0.9909518790056527
SV1_C27002,C27002,0.9861172704364278
SV1_C66105,C66105,0.9529591243514888
SV1_C85879,C85879,0.9213811869518476
SV1_C05488,C05488,0.9061555961824941
SV1_C28242,C28242,0.9180459071396088
SV1_C72702,C72702,0.9225406150395717
SV1_C75646,C75646,0.8844908825779016
SV1_C32475,C32475,0.9703078235576967
SV1_C16803,C16803,0.9610292587700827
SV1_C52209,C52209,0.8845757952878168
SV1_C05480,C05480,0.9441700272518468
SV1_C33696,C33696,0.8346083046226062
SV1_C69719,C69719,0.9036460381339699
SV1_C76833,C76833,0.97470613037656
SV1_C87110,C87110,0.9203893552221649
SV1_C11456,C11456,0.9320889692075115
SV1_C99600,C99600,0.9494907958412493
SV1_C00678,C00678,0.8513667638172513
SV1_C74471,C74471,0.8779761033053959
SV1_C04839,C04839,0.9071609013056713
SV1_C75087,C75087,0.9650192624395273
SV1_C43231,C43231,0.8459796202084242
SV1_C88255,C88255,0.998122218313252
SV1_C27089,C27089,0.8909596807642101
SV1_C10866,C10866,0.8814494103815226
SV1_C46872,C46872,0.9778981272451066
SV1_C09602,C09602,0.8934071577882462
SV1_C08509,C08509,0.9037202344417173
SV1_C12088,C12088,0.9778593428184996
SV1_C20478,C20478,0.9090871397044141
SV1_C20493,C20493,0.966581023501305
SV1_C13805,C13805,0.8485864938696034
SV1_C88279,C88279,0.9212156429548063
SV1_C90091,C90091,0.9294272580259938
SV1_C99039,C99039,0.9405697851932644
SV1_C48602,C48602,0.9513503406988817
SV1_C27689,C27689,0.9078399824322166
SV1_C03711,C03711,0.9483731791893028
SV1_C99082,C99082,0.8987287474651022
SV1_C63623,C63623,0.9427274298333093
SV1_C66607,C66607,0.9507865869654916
SV1_C94837,C94837,0.9219565468021979
SV1_C18673,C18673,0.9615201095858686
SV1_C22216,C22216,0.9604230175956116
SV1_C13833,C13833,0.8916486320906196
SV1_C84609,C84609,0.919360379330345
SV1_C14483,C14483,0.9395948329041357
SV1_C26493,C26493,0.9875688043708452
SV1_C37214,C37214,0.9482009197788751
SV1_C54034,C54034,0.9316575524901798
SV1_C22215,C22215,0.9953658262806455
SV1_C59431,C59431,0.87325271118132
SV1_C32497,C32497,0.854255859577858
SV1_C05432,C05432,0.8970390973557395
SV1_C87612,C87612,0.934834822583333
SV1_C10314,C10314,0.8367235293378618
SV1_C25879,C25879,0.878764743892677
SV1_C00012,C00012,0.9839359722474638
SV1_C54688,C54688,0.8286665516926388
SV1_C16840,C16840,0.9664152516707559
SV1_C14422,C14422,0.9626834129574896
SV1_C44436,C44436,0.9187453913203564
SV1_C14413,C14413,0.9273819929904435
SV1_C10222,C10222,0.9886672704540033
SV1_C09106,C09106,0.8953287069371737
SV1_C49896,C49896,0.9482401971866922
SV1_C73273,C73273,0.9544865995348236
SV1_C60703,C60703,0.9059007940391064
SV1_C09115,C09115,0.9103566533675048
SV1_C20437,C20437,0.8921538486519476
SV1_C25842,C25842,0.8066058799203399
SV1_C13202,C13202,0.9294213368866032
SV1_C53442,C53442,0.949024463442398
SV1_C07315,C07315,0.9140569306769378
SV1_C96036,C96036,0.8911077259283856
SV1_C93696,C93696,0.9432314352814548
SV1_C46878,C46878,0.9539767387552707
SV1_C49283,C49283,0.9317104077715321
SV1_C47400,C47400,0.9715378337719067
SV1_C92415,C92415,0.9237704795482624
SV1_C55898,C55898,0.9195779653177745
SV1_C34305,C34305,0.8583949955778043
SV1_C98517,C98517,0.9680657367834931
SV1_C76832,C76832,0.9639452098415733
SV1_C26438,C26438,0.8449537307637112
SV1_C98410,C98410,0.9622389055959871
SV1_C07310,C07310,0.8876528291295555
SV1_C80488,C80488,0.8558204913023623
SV1_C97315,C97315,0.916534870634145
SV1_C11427,C11427,0.9926272013254092
SV1_C63676,C63676,0.9829418517795997
SV1_C18004,C18004,0.8783971664856309
SV1_C09105,C09105,0.934052958014792
SV1_C03099,C03099,0.919638224902873
SV1_C44485,C44485,0.9895763301713736
SV1_C01806,C01806,0.9674014078301916
SV1_C61800,C61800,0.9069664916629482
SV1_C09114,C09114,0.8484520760431442
SV1_C55810,C55810,0.9551260712310123
SV1_C92508,C92508,0.9727244230720443
SV1_C44501,C44501,0.9989024124764264
SV1_C69612,C69612,0.9485110131985732
SV1_C09104,C09104,0.9454736955092169
SV1_C72042,C72042,0.8087543216553726
SV1_C93032,C93032,0.8934564252609002
SV1_C67842,C67842,0.8716351009403731
SV1_C00634,C00634,0.9320724450371061
SV1_C78684,C78684,0.8853024182077179
SV1_C45065,C45065,0.9369279716027101
SV1_C31878,C31878,0.8590533392252269
SV1_C06717,C06717,0.9689869867447253
SV1_C31816,C31816,0.8906875902026764
SV1_C06690,C06690,0.8750414109533153
SV1_C42023,C42023,0.8248468433295827
SV1_C10265,C10265,0.8937789734910633
SV1_C14490,C14490,0.8529483706860621
SV1_C67894,C67894,0.9815508432058357
SV1_C97846,C97846,0.90078930916096
SV1_C26503,C26503,0.9131274323037719
SV1_C13807,C13807,0.9813574351133393
SV1_C87053,C87053,0.9290577738267282
SV1_C63607,C63607,0.8642674545687993
SV1_C66112,C66112,0.9623759385318811
SV1_C42007,C42007,0.8932290978624381
SV1_C48632,C48632,0.9841046367476609
SV1_C96615,C96615,0.9274625821473029
SV1_C67231,C67231,0.8886684637652028
SV1_C96603,C96603,0.9366565882795532
SV1_C94279,C94279,0.9198484004359138
SV1_C35496,C35496,0.9127424988896732
SV1_C94214,C94214,0.9332440313513464
SV1_C69021,C69021,0.9557838411426829
SV1_C75635,C75635,0.9343942183030463
SV1_C100289,C100289,0.8693853903229688
SV1_C45698,C45698,0.972396605510885
SV1_C04847,C04847,0.9440238187168695
SV1_C24645,C24645,0.87148397142502
SV1_C64300,C64300,0.984178480071424
SV1_C12698,C12698,0.9191023776698081
SV1_C93034,C93034,0.856847644007934
SV1_C97803,C97803,0.9510454957556133
SV1_C04901,C04901,0.9317807147533809
SV1_C100284,C100284,0.904234258733862
SV1_C00709,C00709,0.8754614316548663
SV1_C18092,C18092,0.9470690270305597
SV1_C87019,C87019,0.892253776962531
SV1_C86472,C86472,0.9596654794361645
SV1_C10871,C10871,0.9085193332402863
SV1_C88229,C88229,0.998734532353493
SV1_C29491,C29491,0.956449355532044
SV1_C07858,C07858,0.9894895298366675
SV1_C49831,C49831,0.9899452131601609
SV1_C86442,C86442,0.898510718289948
SV1_C10837,C10837,0.9568142792950611
SV1_C06631,C06631,0.9176055463099322
SV1_C82812,C82812,0.9424920896141666
SV1_C76805,C76805,0.9115279294677154
SV1_C78105,C78105,0.9381537555663112
SV1_C60691,C60691,0.8336270261223274
SV1_C71504,C71504,0.9928505309634903
SV1_C11465,C11465,0.8934056492640285
SV1_C72052,C72052,0.8519021830291887
SV1_C98473,C98473,0.8886034250629941
SV1_C57027,C57027,0.9540477876234513
SV1_C14494,C14494,0.8947293739946386
SV1_C72645,C72645,0.9192434431001858
SV1_C84083,C84083,0.9214770213538326
SV1_C30076,C30076,0.9694813553147695
SV1_C94909,C94909,0.9572033576074107
SV1_C45715,C45715,0.8286006938747096
SV1_C09650,C09650,0.999659838506528
SV1_C47428,C47428,0.9942647299316116
SV1_C52207,C52207,0.8722461200356708
SV1_C48663,C48663,0.8690664074594595
SV1_C70235,C70235,0.8615369954517375
SV1_C09630,C09630,0.9515750919385833
SV1_C96027,C96027,0.9845341342461356
SV1_C27079,C27079,0.8714781375798112
SV1_C00081,C00081,0.9087355325788639
SV1_C76231,C76231,0.9515195325370851
SV1_C91276,C91276,0.9700116651975091
SV1_C70298,C70298,0.9036800542486773
SV1_C62412,C62412,0.8918025149848459
SV1_C04304,C04304,0.9446945729361933
SV1_C49825,C49825,0.880792460791139
SV1_C79804,C79804,0.9338048278822253
SV1_C66686,C66686,0.975367912867466
SV1_C84005,C84005,0.9436325105312574
SV1_C99075,C99075,0.8691562799893838
SV1_C78044,C78044,0.9173969281496608
SV1_C04895,C04895,0.861196431296894
SV1_C07256,C07256,0.8914277517119682
SV1_C00608,C00608,0.9931411832141802
SV1_C69118,C69118,0.9767658827988773
SV1_C69020,C69020,0.9601541390527352
SV1_C91245,C91245,0.9664105588781102
SV1_C30111,C30111,0.992525538790539
SV1_C10300,C10300,0.9678646274795232
SV1_C62506,C62506,0.9907804429084994
SV1_C57112,C57112,0.8772127700238753
SV1_C56427,C56427,0.9866797553203
SV1_C73847,C73847,0.9693311314510273
SV1_C25898,C25898,0.9973180571087825
SV1_C21028,C21028,0.8931832463378324
SV1_C94276,C94276,0.9233242825126767
SV1_C06076,C06076,0.8783153183229842
SV1_C99628,C99628,0.9932131606499437
SV1_C58913,C58913,0.9920583946528413
SV1_C75080,C75080,0.9324709760447932
SV1_C68483,C68483,0.8913019487963872
SV1_C67288,C67288,0.8368892494413493
SV1_C93700,C93700,0.9424571014492745
SV1_C64272,C64272,0.948686468053515
SV1_C74455,C74455,0.9216061401567508
SV1_C77513,C77513,0.8803077279437371
SV1_C48633,C48633,0.9769262300650867
SV1_C23431,C23431,0.9882036631978964
SV1_C57099,C57099,0.9998593434982117
SV1_C64292,C64292,0.8801386569921059
SV1_C88805,C88805,0.9262551872816652
SV1_C51104,C51104,0.9293585380340295
SV1_C75110,C75110,0.9018624066320388
SV1_C27719,C27719,0.8886527749256938
SV1_C90700,C90700,0.927965212726105
SV1_C45696,C45696,0.9924058549665506
SV1_C92482,C92482,0.9194222279948815
SV1_C27715,C27715,0.8205399316990748
SV1_C66704,C66704,0.9116173453283773
SV1_C87644,C87644,0.9937081486552888
SV1_C09033,C09033,0.9981120615829175
SV1_C93056,C93056,0.9409200263159923
SV1_C25216,C25216,0.9974535807166485
SV1_C00116,C00116,0.8496905789076469
SV1_C96637,C96637,0.9321851388701613
SV1_C74422,C74422,0.9723931495204747
SV1_C88885,C88885,0.9864918526926485
SV1_C12099,C12099,0.9470914535992654
SV1_C46279,C46279,0.9846221960282102
SV1_C27035,C27035,0.9285884122590776
SV1_C09108,C09108,0.9276807044546023
SV1_C47417,C47417,0.9069485740891778
SV1_C48676,C48676,0.9238986647238479
SV1_C50517,C50517,0.9140970312567296
SV1_C37820,C37820,0.9966164799437441
SV1_C59438,C59438,0.8970218344058135
SV1_C00014,C00014,0.9628002847385064
SV1_C92403,C92403,0.935337358244276
SV1_C31822,C31822,0.9039040301522929
SV1_C72663,C72663,0.9112416774971042
SV1_C68496,C68496,0.9095122626201294
SV1_C85287,C85287,0.9242638867215969
SV1_C21605,C21605,0.8648688025619983
SV1_C13902,C13902,0.9150161436637599
SV1_C06715,C06715,0.8618396798139965
SV1_C34884,C34884,0.9698813537747547
SV1_C96619,C96619,0.9574889661503503
SV1_C15610,C15610,0.942662199260008
SV1_C79220,C79220,0.9840842368197318
SV1_C24005,C24005,0.8970183520775025
SV1_C68514,C68514,0.9003393236296183
SV1_C85911,C85911,0.8741675691955296
SV1_C22883,C22883,0.9301111023851439
SV1_C13248,C13248,0.962862005050103
SV1_C30675,C30675,0.9728861745653214
SV1_C54638,C54638,0.9280549657610484
SV1_C87105,C87105,0.9440198018353769
SV1_C68489,C68489,0.8615474092605372
SV1_C76910,C76910,0.8880942466591989
SV1_C87633,C87633,0.9977017127678836
SV1_C11500,C11500,0.9940408156936427
SV1_C55203,C55203,0.8944291550589606
SV1_C87022,C87022,0.8933377413471963
SV1_C99607,C99607,0.9358954737067253
SV1_C39021,C39021,0.9997149670428043
SV1_C71432,C71432,0.8771272744476543
SV1_C96072,C96072,0.909546983005262
SV1_C98413,C98413,0.9866491883166608
SV1_C64823,C64823,0.9891633200373706
SV1_C43804,C43804,0.8857278894247155
SV1_C57075,C57075,0.9016474815989101
SV1_C25847,C25847,0.8113015034292509
SV1_C96696,C96696,0.9390073546112837
SV1_C08453,C08453,0.9514507052525997
SV1_C54111,C54111,0.9654331356814236
SV1_C43243,C43243,0.9194480949431612
SV1_C12634,C12634,0.9020447177957427
SV1_C75655,C75655,0.9043069059132172
SV1_C81006,C81006,0.9205594276387882
SV1_C13229,C13229,0.9375918969935088
SV1_C45648,C45648,0.9904176490036757
SV1_C37208,C37208,0.9234856739089349
SV1_C97836,C97836,0.884235721354819
SV1_C84681,C84681,0.9413129355889815
SV1_C56433,C56433,0.9298589198534696
SV1_C07219,C07219,0.8599262282910304
SV1_C02438,C02438,0.9525571309278267
SV1_C49820,C49820,0.8670646399696065
SV1_C40218,C40218,0.9309706332399403
SV1_C65510,C65510,0.9637216498374749
SV1_C76218,C76218,0.9303304591979011
SV1_C93094,C93094,0.8748111512496746
SV1_C60021,C60021,0.9526270632480687
SV1_C21088,C21088,0.9038477804077808
SV1_C28878,C28878,0.8395227586164904
SV1_C70296,C70296,0.9277297950289267
SV1_C96604,C96604,0.9948126186694344
SV1_C90661,C90661,0.9518824044698957
SV1_C59443,C59443,0.8950873613873409
SV1_C24001,C24001,0.8883356890039804
SV1_C25877,C25877,0.9178834847549046
SV1_C69114,C69114,0.905636235431868
SV1_C11441,C11441,0.8854579954464596
SV1_C37216,C37216,0.9531817574680784
SV1_C63024,C63024,0.8939279756088198
SV1_C54092,C54092,0.9337115288266886
SV1_C44511,C44511,0.8355722055398869
SV1_C88240,C88240,0.9314805525411969
SV1_C13824,C13824,0.9016858655907198
SV1_C03626,C03626,0.912444396133407
SV1_C47477,C47477,0.9728304071031083
SV1_C90702,C90702,0.8674117016931041
SV1_C87119,C87119,0.9423784582954523
SV1_C71484,C71484,0.919574074027292
SV1_C38400,C38400,0.9432711872182081
SV1_C77434,C77434,0.9548265572990698
SV1_C18647,C18647,0.886353686275096
SV1_C74425,C74425,0.953339033537786
SV1_C13834,C13834,0.8505563288342296
SV1_C84673,C84673,0.941156158605049
SV1_C33019,C33019,0.8575740692301336
SV1_C69699,C69699,0.9372802489979181
SV1_C95417,C95417,0.9432089747553772
SV1_C21020,C21020,0.9258852902011211
SV1_C51089,C51089,0.8858950446113397
SV1_C20425,C20425,0.8884580220639953
SV1_C08490,C08490,0.8957015019346267
SV1_C78031,C78031,0.9009635107201386
SV1_C90705,C90705,0.9316953013733887
SV1_C26433,C26433,0.8629317422217077
SV1_C16239,C16239,0.9445064474670052
SV1_C43885,C43885,0.9873275102798859
SV1_C60072,C60072,0.8145633180322348
SV1_C14446,C14446,0.9806358749528518
SV1_C88305,C88305,0.9463661333260337
SV1_C44473,C44473,0.9973440065053625
SV1_C57706,C57706,0.9363515480415744
SV1_C79891,C79891,0.9626120834368934
SV1_C81088,C81088,0.8605711055547366
SV1_C11509,C11509,0.9705104198469731
SV1_C44422,C44422,0.8871434187339352
SV1_C58809,C58809,0.973031345521098
SV1_C09016,C09016,0.9088829290684356
SV1_C75627,C75627,0.9379891820932037
SV1_C63013,C63013,0.8973011721017965
SV1_C75638,C75638,0.88051931722407
SV1_C16230,C16230,0.9564387966675221
SV1_C27602,C27602,0.9982801936832604
SV1_C97298,C97298,0.99056097995586
SV1_C02416,C02416,0.9335031346358017
SV1_C25894,C25894,0.9313512535916462
SV1_C11508,C11508,0.9773189347454561
SV1_C16220,C16220,0.9986807422185746
SV1_C77458,C77458,0.8664470101012075
SV1_C27612,C27612,0.9346447768023041
SV1_C73905,C73905,0.9010028762103558
SV1_C46818,C46818,0.8716020128946383
SV1_C65401,C65401,0.9738099047655663
SV1_C24606,C24606,0.9132009646688883
SV1_C85897,C85897,0.8257953469194578
SV1_C33600,C33600,0.823360870778871
SV1_C86503,C86503,0.9365254976579139
SV1_C77453,C77453,0.925357355021485
SV1_C76875,C76875,0.898192703055676
SV1_C97247,C97247,0.9460665195129092
SV1_C13840,C13840,0.8607361352630777
SV1_C77492,C77492,0.8875650311747033
SV1_C48094,C48094,0.9334626494922157
SV1_C61890,C61890,0.8545209045419073
SV1_C99087,C99087,0.8341139585339817
SV1_C94828,C94828,0.9074200759628969
SV1_C10862,C10862,0.9678862450137631
SV1_C66047,C66047,0.868420119352768
SV1_C96075,C96075,0.9084602596840021
SV1_C03038,C03038,0.9521062508370475
SV1_C32417,C32417,0.8816740821511995
SV1_C00675,C00675,0.8685481210285053
SV1_C91291,C91291,0.9242480925855826
SV1_C77463,C77463,0.907143384697252
SV1_C63045,C63045,0.9268480246869568
SV1_C62444,C62444,0.852843533975435
SV1_C93117,C93117,0.9960976154366148
SV1_C81616,C81616,0.9247054113638383
SV1_C12638,C12638,0.9583541115646715
SV1_C78622,C78622,0.9750279304640008
SV1_C21708,C21708,0.8828586979985571
SV1_C01204,C01204,0.991611211181557
SV1_C83410,C83410,0.9459667158486511
SV1_C73846,C73846,0.889425826913584
SV1_C27604,C27604,0.9443898386335164
SV1_C99085,C99085,0.9430074100645849
SV1_C31306,C31306,0.9204485187834136
SV1_C61835,C61835,0.879181428422252
SV1_C97892,C97892,0.9124885578210657
SV1_C67312,C67312,0.9801331266255493
SV1_C95443,C95443,0.8935952298366605
SV1_C79911,C79911,0.9150786569237804
SV1_C02410,C02410,0.9660143276469721
SV1_C76265,C76265,0.8809911845701305
SV1_C27620,C27620,0.8809354894161375
SV1_C64299,C64299,0.9226175686087843
SV1_C97292,C97292,0.9169401573277143
SV1_C45651,C45651,0.9930908089225634
SV1_C59405,C59405,0.9664106852317896
SV1_C48645,C48645,0.9351734112439085
SV1_C45607,C45607,0.9994878253810515
SV1_C39603,C39603,0.9856753416840076
SV1_C79905,C79905,0.8881633390998402
SV1_C79287,C79287,0.9964994129455726
SV1_C13236,C13236,0.9018585322740797
SV1_C08482,C08482,0.9481705389010916
SV1_C12714,C12714,0.8379665875085527
SV1_C13217,C13217,0.91610478239857
SV1_C88253,C88253,0.928280004734034
SV1_C87611,C87611,0.8613357578777585
SV1_C44404,C44404,0.8991242722543215
SV1_C41420,C41420,0.9475463044909993
SV1_C17432,C17432,0.9375063178753598
SV1_C75653,C75653,0.8926439401307913
SV1_C94845,C94845,0.8679595927582731
SV1_C47426,C47426,0.9205912622637714
SV1_C92467,C92467,0.9398720658116307
SV1_C10250,C10250,0.9985352279224761
SV1_C82805,C82805,0.9482254108629229
SV1_C61319,C61319,0.8410554937725235
SV1_C94903,C94903,0.9336303397334167
SV1_C10819,C10819,0.8319928293860939
SV1_C57015,C57015,0.9031774699716897
SV1_C60089,C60089,0.9770644166870571
SV1_C49857,C49857,0.9714720428408904
SV1_C74478,C74478,0.9073665966171564
SV1_C10229,C10229,0.9918848156888708
SV1_C46257,C46257,0.9974089844528704
SV1_C31307,C31307,0.9952797059056567
SV1_C51086,C51086,0.889065922594465
SV1_C06093,C06093,0.9864779918044514
SV1_C24111,C24111,0.8993409885772234
SV1_C27606,C27606,0.9992302202989979
SV1_C09038,C09038,0.9341595057087224
SV1_C61300,C61300,0.9178092764989078
SV1_C87706,C87706,0.8936570027189967
SV1_C62488,C62488,0.8549599454450083
SV1_C97236,C97236,0.8909202491483826
SV1_C27717,C27717,0.9239868994021833
SV1_C86489,C86489,0.9393832731993279
SV1_C09641,C09641,0.8807152232792893
SV1_C32400,C32400,0.8627167966914312
SV1_C19200,C19200,0.8722139927395747
SV1_C50409,C50409,0.8899305682227128
SV1_C45649,C45649,0.9970735088621803
SV1_C49826,C49826,0.9151789803804511
SV1_C32416,C32416,0.8815772815980252
SV1_C79817,C79817,0.9236557204357302
SV1_C90049,C90049,0.90595780613939
SV1_C03697,C03697,0.9309181025720009
SV1_C50518,C50518,0.9314359361101515
SV1_C80400,C80400,0.939131581218694
SV1_C68424,C68424,0.9898737554237539
SV1_C63098,C63098,0.9546886165610712
SV1_C94247,C94247,0.869215647937667
SV1_C10254,C10254,0.9990091846134165
SV1_C34272,C34272,0.8971486879139436
SV1_C46901,C46901,0.990683243212645
SV1_C86501,C86501,0.9305204915064108
SV1_C06023,C06023,0.9339388410517607
SV1_C87719,C87719,0.9405495148966444
SV1_C51115,C51115,0.9995193151865654
SV1_C92512,C92512,0.9423849123778212
SV1_C35485,C35485,0.9691051980064259
SV1_C10803,C10803,0.8725421897638105
SV1_C54684,C54684,0.9090640245820686
SV1_C43919,C43919,0.8735653593414074
SV1_C75033,C75033,0.9489820358529949
SV1_C39018,C39018,0.9390058024533054
SV1_C96694,C96694,0.890698452833658
SV1_C99078,C99078,0.904472021532761
SV1_C44508,C44508,0.9862476354567654
SV1_C100227,C100227,0.8451737820372629
SV1_C11421,C11421,0.9370119608088817
SV1_C81087,C81087,0.9990464272774092
SV1_C28292,C28292,0.9526079350234415
SV1_C98404,C98404,0.9970869457008897
SV1_C94318,C94318,0.9476516343161739
SV1_C47413,C47413,0.95347740508856
SV1_C56483,C56483,0.9112784708009373
SV1_C25224,C25224,0.9266602359131577
SV1_C62432,C62432,0.9583761662821824
SV1_C52225,C52225,0.9325171754198449
SV1_C04312,C04312,0.887118152177487
SV1_C66608,C66608,0.9772983375668266
SV1_C44408,C44408,0.8973075388395446
SV1_C08493,C08493,0.9676395866538329
SV1_C10203,C10203,0.8783567163974058
SV1_C27713,C27713,0.9903759514325953
SV1_C74408,C74408,0.9913470959106533
SV1_C68484,C68484,0.9175646662194189
SV1_C49807,C49807,0.8912580331997548
SV1_C57699,C57699,0.9149831736147299
SV1_C18021,C18021,0.9845588070013523
SV1_C82300,C82300,0.8999365698002874
SV1_C10256,C10256,0.8915115664055976
SV1_C90052,C90052,0.9116511046479934
SV1_C90101,C90101,0.92799507120134
SV1_C01280,C01280,0.951916666994262
SV1_C87057,C87057,0.9428594298997819
SV1_C07879,C07879,0.9655351663013979
SV1_C97287,C97287,0.888573311927651
SV1_C97201,C97201,0.9944514263335101
SV1_C06697,C06697,0.9197452115647954
SV1_C17435,C17435,0.8945571141895626
SV1_C46862,C46862,0.951926310611115
SV1_C27037,C27037,0.9390243961715693
SV1_C32515,C32515,0.9308656349958863
SV1_C93039,C93039,0.8553198707072766
SV1_C94285,C94285,0.9396821768225538
SV1_C24692,C24692,0.9901749879919184
SV1_C85202,C85202,0.908976369577673
SV1_C75068,C75068,0.96705044851238
SV1_C48110,C48110,0.9296883449711509
SV1_C79912,C79912,0.8813810389881185
SV1_C60636,C60636,0.9542927364091836
SV1_C08474,C08474,0.9489060735951584
SV1_C26405,C26405,0.9215578344901206
SV1_C44439,C44439,0.8909370778863269
SV1_C63686,C63686,0.9074025200221211
SV1_C28211,C28211,0.9442301645341568
SV1_C76256,C76256,0.8822234457093193
SV1_C76842,C76842,0.9108768949326675
SV1_C18031,C18031,0.883276366016301
SV1_C28210,C28210,0.9913050240479485
SV1_C29483,C29483,0.9773657110872143
SV1_C94881,C94881,0.9583309294483069
SV1_C81102,C81102,0.919192555750466
SV1_C44461,C44461,0.9902427583394551
SV1_C99673,C99673,0.8862986756401453
SV1_C34813,C34813,0.8940524858950087
SV1_C09100,C09100,0.9477361216160782
SV1_C40813,C40813,0.9813896797406413
SV1_C56512,C56512,0.9008673256786871
SV1_C84073,C84073,0.9241137011132817
SV1_C72616,C72616,0.9476014403047621
SV1_C63116,C63116,0.8718223404143172
SV1_C86474,C86474,0.88455851841418
SV1_C22907,C22907,0.9087005523059273
SV1_C79914,C79914,0.8673580189578338
SV1_C00636,C00636,0.9858145513633297
SV1_C48691,C48691,0.9233747529513914
SV1_C57635,C57635,0.8691685089458969
SV1_C68504,C68504,0.9211577678474088
SV1_C58281,C58281,0.8573903092295054
SV1_C52275,C52275,0.9968604501019508
SV1_C75656,C75656,0.8497855611507571
SV1_C03019,C03019,0.9356407461194562
SV1_C73897,C73897,0.9029413887115737
SV1_C100233,C100233,0.9890965575908007
SV1_C100312,C100312,0.9416268331060322
SV1_C73287,C73287,0.9780215165368971
SV1_C87084,C87084,0.9794591359194147
SV1_C13285,C13285,0.9336440858115806
SV1_C51020,C51020,0.9174873116623363
SV1_C52316,C52316,0.916356591355119
SV1_C42616,C42616,0.9303518565687655
SV1_C45700,C45700,0.9931070188711802
SV1_C30708,C30708,0.872089666199659
SV1_C60074,C60074,0.9578064853698985
SV1_C91265,C91265,0.9489948175227738
SV1_C13210,C13210,0.9269008806779971
SV1_C56414,C56414,0.9716944596339312
SV1_C45106,C45106,0.9749471889927264
SV1_C76809,C76809,0.9130821467852528
SV1_C36608,C36608,0.9140575536002536
SV1_C34282,C34282,0.9966214748777986
SV1_C15605,C15605,0.9143967751581005
SV1_C48690,C48690,0.9082476078987908
SV1_C00006,C00006,0.9690361686644182
SV1_C03707,C03707,0.9432093082114494
SV1_C88828,C88828,0.9932548313502404
SV1_C19847,C19847,0.8181761856988423
SV1_C55894,C55894,0.9385070993614574
SV1_C43826,C43826,0.9105915626150889
SV1_C57083,C57083,0.8967494050186202
SV1_C86455,C86455,0.9995565983806495
SV1_C14407,C14407,0.9329814558736732
SV1_C45119,C45119,0.8665318509522846
SV1_C46803,C46803,0.9934623219936083
SV1_C90075,C90075,0.8968137098767975
SV1_C06626,C06626,0.9881986571203403
SV1_C06674,C06674,0.8558881754221014
SV1_C52286,C52286,0.8892852117349113
SV1_C83499,C83499,0.9736365906368999
SV1_C10233,C10233,0.9912812606690165
SV1_C98422,C98422,0.9338849774310789
SV1_C55231,C55231,0.9838208939665629
SV1_C47438,C47438,0.9344439870567429
SV1_C33676,C33676,0.9704364282419966
SV1_C97310,C97310,0.978708189971407
SV1_C62402,C62402,0.9256005338226257
SV1_C78050,C78050,0.8665721390377065
SV1_C72674,C72674,0.9101749759060656
SV1_C65496,C65496,0.9137501174016686
SV1_C76201,C76201,0.9460478209713602
SV1_C78664,C78664,0.9018086347574473
SV1_C16290,C16290,0.927604924079505
SV1_C01300,C01300,0.9038721348956968
SV1_C76806,C76806,0.8752491068868814
SV1_C32510,C32510,0.8933787418917999
SV1_C49219,C49219,0.8165010851767598
SV1_C30104,C30104,0.8378768371622514
SV1_C79286,C79286,0.8822023237162133
SV1_C99044,C99044,0.9005258144426577
SV1_C26446,C26446,0.847832868013879
SV1_C22209,C22209,0.8899062345094437
SV1_C70812,C70812,0.9787757452102142
SV1_C18085,C18085,0.9541723518047369
SV1_C44476,C44476,0.9918023820244174
SV1_C33088,C33088,0.8549900329913196
SV1_C30085,C30085,0.9183984798260791
SV1_C55800,C55800,0.9689182128780268
SV1_C09607,C09607,0.8796409462436819
SV1_C01877,C01877,0.9531734356345768
SV1_C80493,C80493,0.9929636076345038
SV1_C09029,C09029,0.9991386776709514
SV1_C49281,C49281,0.9710083557715626
SV1_C77421,C77421,0.9445756487559932
SV1_C12014,C12014,0.8302511337325608
SV1_C14481,C14481,0.9038293237212081
SV1_C22904,C22904,0.9166464560189771
SV1_C75661,C75661,0.8756758014855519
SV1_C69018,C69018,0.8609626668723785
SV1_C51040,C51040,0.9914042900628813
SV1_C36011,C36011,0.9990473380544987
SV1_C94892,C94892,0.9186634098475193
SV1_C82206,C82206,0.932545066265861
SV1_C13281,C13281,0.8971535677384757
SV1_C77500,C77500,0.9583106236454976
SV1_C48680,C48680,0.9215665310166429
SV1_C03645,C03645,0.988875936118613
SV1_C04297,C04297,0.9364346209808757
SV1_C51634,C51634,0.8747801348468616
SV1_C11448,C11448,0.9190940972504856
SV1_C45075,C45075,0.9755034638460203
SV1_C80411,C80411,0.9620198431509859
SV1_C64883,C64883,0.9128394565287768
SV1_C90044,C90044,0.9890015881167168
SV1_C32484,C32484,0.9696815239319512
SV1_C92489,C92489,0.8518728071818269
SV1_C07864,C07864,0.8792295169728936
SV1_C27635,C27635,0.8559298208855594
SV1_C21018,C21018,0.9137621262223619
SV1_C75659,C75659,0.9040325297750373
SV1_C24617,C24617,0.9812521982838361
SV1_C89463,C89463,0.9817997000489113
SV1_C69645,C69645,0.9260349403399728
SV1_C18022,C18022,0.9524923081097428
SV1_C84692,C84692,0.8798675601831518
SV1_C51008,C51008,0.8669645802838399
SV1_C67834,C67834,0.8818730149113734
SV1_C54600,C54600,0.8994580184741292
SV1_C87054,C87054,0.9310648117745581
SV1_C06000,C06000,0.935961502328767
SV1_C09628,C09628,0.9851607965570852
SV1_C08498,C08498,0.8982882757656439
SV1_C82802,C82802,0.9415992825164161
SV1_C38407,C38407,0.9954268478616454
SV1_C61912,C61912,0.9659870218862103
SV1_C29515,C29515,0.9490745027892014
SV1_C59476,C59476,0.8383540023854746
SV1_C34808,C34808,0.8361155455628896
SV1_C65403,C65403,0.9280890633319435
SV1_C25885,C25885,0.9395862165091806
SV1_C67800,C67800,0.9893014327930904
SV1_C45639,C45639,0.8853771585751143
SV1_C17442,C17442,0.9183170434732622
SV1_C04809,C04809,0.9254037571591951
SV1_C01876,C01876,0.9670800922180703
SV1_C67891,C67891,0.9918622910852478
SV1_C77512,C77512,0.887415798195979
SV1_C51091,C51091,0.9329220399432208
SV1_C100305,C100305,0.9243191530094589
SV1_C74457,C74457,0.9005610269291934
SV1_C84607,C84607,0.99108850290978
SV1_C78667,C78667,0.9727220766932445
SV1_C83403,C83403,0.9965611301208892
SV1_C94308,C94308,0.9250162524790168
SV1_C88875,C88875,0.9171366513722637
SV1_C99709,C99709,0.9572801664248634
SV1_C66628,C66628,0.9983990037401372
SV1_C16294,C16294,0.9091957745461339
SV1_C95439,C95439,0.9549526681218042
SV1_C73906,C73906,0.9194054502382107
SV1_C26501,C26501,0.949688320459105
SV1_C24687,C24687,0.9684273859897661
SV1_C19276,C19276,0.953026989922802
SV1_C03030,C03030,0.9269229327170817
SV1_C85908,C85908,0.8436576182295961
SV1_C02515,C02515,0.8879478640243261
SV1_C73835,C73835,0.8888663970732431
SV1_C63083,C63083,0.8970487915719214
SV1_C16813,C16813,0.9207560105817761
SV1_C76899,C76899,0.927556475739169
SV1_C49887,C49887,0.9235719605738177
SV1_C93013,C93013,0.8771397974990283
SV1_C91284,C91284,0.9846984893771091
SV1_C01227,C01227,0.9780146082512282
SV1_C27681,C27681,0.864891122239845
SV1_C13312,C13312,0.8737873181570643
SV1_C00700,C00700,0.8922819486490362
SV1_C31815,C31815,0.8860306326742999
SV1_C45044,C45044,0.8615656432320629
SV1_C43881,C43881,0.9973719513121919
SV1_C83489,C83489,0.8994494043163319
SV1_C97888,C97888,0.9933869058451982
SV1_C63026,C63026,0.8517627579519977
SV1_C83422,C83422,0.9329451233692787
SV1_C47480,C47480,0.9653229686982439
SV1_C93053,C93053,0.9295530308985609
SV1_C67275,C67275,0.8692390632373197
SV1_C88904,C88904,0.9550133240566433
SV1_C51607,C51607,0.8743273026468615
SV1_C11442,C11442,0.9257305595249469
SV1_C44481,C44481,0.9993313510729851
SV1_C01234,C01234,0.9356081202525173
SV1_C67281,C67281,0.9748656731298271
SV1_C79903,C79903,0.9067365667640038
SV1_C99631,C99631,0.900701878193926
SV1_C33703,C33703,0.9527504938624299
SV1_C93082,C93082,0.9069613892340889
SV1_C22879,C22879,0.912481276396345
SV1_C43894,C43894,0.8473321943744281
SV1_C48715,C48715,0.936075373855619
SV1_C70236,C70236,0.8817116151956638
SV1_C00024,C00024,0.9647133775755028
SV1_C13258,C13258,0.876145480915809
SV1_C69603,C69603,0.9980577320658821
SV1_C95477,C95477,0.9568373067178039
SV1_C09685,C09685,0.9718914491303223
SV1_C69047,C69047,0.88785050408055
SV1_C88867,C88867,0.9346681681180663
SV1_C72011,C72011,0.8586506173524641
SV1_C00087,C00087,0.8632172999203471
SV1_C87116,C87116,0.9379484303133642
SV1_C87044,C87044,0.9920004952187638
SV1_C64287,C64287,0.9793087288824207
SV1_C24644,C24644,0.8412512357489147
SV1_C12115,C12115,0.8646189051017149
SV1_C02414,C02414,0.9596119932993588
SV1_C35415,C35415,0.8690073084524471
SV1_C02513,C02513,0.9128049964301762
SV1_C13865,C13865,0.9233600159912995
SV1_C93026,C93026,0.863224427466416
SV1_C11502,C11502,0.9178315675597609
SV1_C43242,C43242,0.9975771679338601
SV1_C41422,C41422,0.9387147696714988
SV1_C86444,C86444,0.9895151234895926
SV1_C99601,C99601,0.9453781157876778
SV1_C76890,C76890,0.8736623043493386
SV1_C92509,C92509,0.9794252795447911
SV1_C84086,C84086,0.9601625908930672
SV1_C31801,C31801,0.8959565803570017
SV1_C76853,C76853,0.8957750365203916
SV1_C69033,C69033,0.960049123391224
SV1_C69679,C69679,0.9547509604419773
SV1_C84015,C84015,0.991114990735393
SV1_C94301,C94301,0.9729288811988284
SV1_C76908,C76908,0.9554010873186907
SV1_C70216,C70216,0.9186441212949535
SV1_C55818,C55818,0.927432092255155
SV1_C71419,C71419,0.8483881047431436
SV1_C64807,C64807,0.9158601637603183
SV1_C55247,C55247,0.9659555166999502
SV1_C85299,C85299,0.9202468786755771
SV1_C25812,C25812,0.9761201556247415
SV1_C67885,C67885,0.9392488929896294
SV1_C55802,C55802,0.9552881271855639
SV1_C23494,C23494,0.9057486123249949
SV1_C61919,C61919,0.8651249142721973
SV1_C46265,C46265,0.9346711253079356
SV1_C11435,C11435,0.9895466615387053
SV1_C21004,C21004,0.9135520115266974
SV1_C46814,C46814,0.9211276339771236
SV1_C65482,C65482,0.936266399295374
SV1_C30622,C30622,0.9087711946304137
SV1_C87113,C87113,0.989366106054379
SV1_C61210,C61210,0.9729575020829883
SV1_C57025,C57025,0.8710601182953399
SV1_C46847,C46847,0.8487048240179748
SV1_C49837,C49837,0.8643603634286047
SV1_C76851,C76851,0.8849414428212328
SV1_C90701,C90701,0.9191484495455663
SV1_C64293,C64293,0.9062511905162867
SV1_C61201,C61201,0.9451870257312835
SV1_C69030,C69030,0.8613188923986462
SV1_C78678,C78678,0.943533779767293
SV1_C17494,C17494,0.9115322560348271
SV1_C89485,C89485,0.989882145777301
SV1_C60708,C60708,0.9668581915404033
SV1_C73801,C73801,0.9867391963257527
SV1_C34217,C34217,0.9304407571837023
SV1_C22811,C22811,0.9913145916447541
SV1_C08424,C08424,0.9906513355076729
SV1_C08452,C08452,0.9007322035641763
SV1_C58225,C58225,0.9631510822241384
SV1_C27631,C27631,0.8591396925093678
SV1_C00683,C00683,0.8711847182036039
SV1_C07298,C07298,0.9011856612373984
SV1_C97318,C97318,0.9499695805709528
SV1_C04284,C04284,0.9722178320683125
SV1_C93078,C93078,0.908551036760589
SV1_C81619,C81619,0.9280747509726379
SV1_C73868,C73868,0.9594530319901571
SV1_C05439,C05439,0.8559889200421317
SV1_C16827,C16827,0.8704938764407134
SV1_C28289,C28289,0.9087662576294944
SV1_C77441,C77441,0.893914401852491
SV1_C17409,C17409,0.9097658613838293
SV1_C58282,C58282,0.9035406424401131
SV1_C87005,C87005,0.9344766872313827
SV1_C87661,C87661,0.9770460009932516
SV1_C48032,C48032,0.9991013182050471
SV1_C91230,C91230,0.9282655339768074
SV1_C25230,C25230,0.8988199438183403
SV1_C46866,C46866,0.9030805200104601
SV1_C73849,C73849,0.9051194428041872
SV1_C75669,C75669,0.9635465464995576
SV1_C88903,C88903,0.9287340064560612
SV1_C47449,C47449,0.9731570369634739
SV1_C22204,C22204,0.8883243105942465
SV1_C84695,C84695,0.9308945136818904
SV1_C85895,C85895,0.918729952947236
SV1_C09113,C09113,0.8490910036281751
SV1_C61211,C61211,0.9271628171123851
SV1_C72090,C72090,0.8368431123252424
SV1_C01287,C01287,0.8646083077632667
SV1_C75034,C75034,0.909810208429139
SV1_C52907,C52907,0.9469772595627326
SV1_C24646,C24646,0.899688075055423
SV1_C47406,C47406,0.9256732472338869
SV1_C89430,C89430,0.9675450954381395
SV1_C58897,C58897,0.9314389204441321
SV1_C16815,C16815,0.9483174134962259
SV1_C70245,C70245,0.9787891213724205
SV1_C78115,C78115,0.908338024974186
SV1_C98481,C98481,0.9171335511731055
SV1_C81098,C81098,0.9188198011119634
SV1_C67904,C67904,0.9141567495637349
SV1_C11419,C11419,0.8156960769379431
SV1_C52246,C52246,0.9277107691621599
SV1_C72714,C72714,0.8696980709005944
SV1_C34896,C34896,0.8922502175344267
SV1_C76825,C76825,0.9777654124217572
SV1_C81082,C81082,0.9125377860085694
SV1_C01804,C01804,0.9894026895074122
SV1_C37211,C37211,0.9980920031011851
SV1_C29505,C29505,0.8236021585401667
SV1_C61206,C61206,0.9683379399678878
SV1_C10806,C10806,0.8742384631207706
SV1_C84704,C84704,0.8829438456207623
SV1_C11458,C11458,0.9731628337649667
SV1_C78107,C78107,0.9743828142023472
SV1_C16285,C16285,0.9141199976748307
SV1_C24106,C24106,0.9913897977417477
SV1_C99024,C99024,0.9761485631209308
SV1_C19203,C19203,0.9822904583524662
SV1_C22208,C22208,0.9032208115567685
SV1_C20474,C20474,0.9089361923695989
SV1_C99037,C99037,0.976384405141787
SV1_C11430,C11430,0.9095454401287248
SV1_C95486,C95486,0.973557267360385
SV1_C75095,C75095,0.9265734915289999
SV1_C18081,C18081,0.9782156133188684
SV1_C44407,C44407,0.9994202740734015
SV1_C66024,C66024,0.9959274948103218
SV1_C15694,C15694,0.9057214082012168
SV1_C80415,C80415,0.952103631332759
SV1_C33090,C33090,0.8607697277655635
SV1_C93011,C93011,0.9516325647660562
SV1_C99706,C99706,0.9494455881942263
SV1_C60108,C60108,0.9707648611332584
SV1_C66078,C66078,0.9372883539716087
SV1_C80481,C80481,0.8678046105984764
SV1_C80482,C80482,0.9183194049222098
SV1_C56472,C56472,0.9119289806506945
SV1_C60712,C60712,0.9939269695589386
SV1_C13241,C13241,0.935611139078571
SV1_C56500,C56500,0.9492454732704422
SV1_C55314,C55314,0.923649603671414
SV1_C74442,C74442,0.8155118907995056
SV1_C12641,C12641,0.9502296326070957
SV1_C78056,C78056,0.9405148182085048
SV1_C19272,C19272,0.9504785584166552
SV1_C64892,C64892,0.9244718388503047
SV1_C76881,C76881,0.9311634530071102
SV1_C45710,C45710,0.969058185417291
SV1_C76912,C76912,0.8945012682452435
SV1_C25201,C25201,0.9003100296765025
SV1_C81114,C81114,0.8836649198460533
SV1_C22222,C22222,0.8370551352955631
SV1_C97229,C97229,0.8766582615520009
SV1_C24021,C24021,0.9081640158058492
SV1_C49891,C49891,0.8796105799203425
SV1_C44495,C44495,0.8237474003146118
SV1_C81004,C81004,0.9433248318973926
SV1_C19211,C19211,0.9812284112664376
SV1_C65433,C65433,0.9712215875292214
SV1_C11420,C11420,0.9093271146369812
SV1_C89421,C89421,0.9022782421051465
SV1_C84011,C84011,0.9994579917520395
SV1_C96614,C96614,0.950553963323253
SV1_C10302,C10302,0.8877673935317077
SV1_C07891,C07891,0.94978134144471
SV1_C49877,C49877,0.9649195911619132
SV1_C85914,C85914,0.8979051766385817
SV1_C24090,C24090,0.8973232216598692
SV1_C12012,C12012,0.8757845433955902
SV1_C24619,C24619,0.9800463003516523
SV1_C86518,C86518,0.882618192336299
SV1_C29412,C29412,0.8963658246987436
SV1_C82314,C82314,0.8948200587084542
SV1_C05497,C05497,0.8942972971997141
SV1_C45056,C45056,0.9928200599840497
SV1_C27611,C27611,0.9398402902632734
SV1_C67844,C67844,0.8682436686529746
SV1_C73311,C73311,0.9924125939316322
SV1_C45695,C45695,0.8294638265543413
SV1_C18016,C18016,0.9354631754440886
SV1_C97873,C97873,0.9007257900874205
SV1_C25311,C25311,0.9051937501223353
SV1_C74517,C74517,0.8514598090452878
SV1_C90621,C90621,0.9176772607101156
SV1_C35409,C35409,0.8570172596421871
SV1_C48674,C48674,0.9864081715964916
SV1_C70836,C70836,0.8853504688605222
SV1_C00026,C00026,0.9146915448245536
SV1_C87043,C87043,0.9280867068502096
SV1_C22894,C22894,0.8975926809624212
SV1_C80404,C80404,0.9389146829587778
SV1_C12657,C12657,0.9763011968511771
SV1_C48073,C48073,0.9397179976445267
SV1_C28293,C28293,0.9782386134276467
SV1_C90119,C90119,0.920249182597009
SV1_C72017,C72017,0.9419656076710584
SV1_C99103,C99103,0.9035238455103959
SV1_C70919,C70919,0.9268954485858383
SV1_C38401,C38401,0.9449236422631347
SV1_C06020,C06020,0.9434375058663661
SV1_C29516,C29516,0.8499832528203287
SV1_C10288,C10288,0.8642903424926959
SV1_C08441,C08441,0.8847699540927573
SV1_C93106,C93106,0.9802626149279744
SV1_C34273,C34273,0.9501323875420765
SV1_C21023,C21023,0.9284284622378914
SV1_C91226,C91226,0.9266968809925473
SV1_C81076,C81076,0.9002654962107189
SV1_C49295,C49295,0.8576395677096476
SV1_C75058,C75058,0.9514369577011451
SV1_C19805,C19805,0.8873246684561854
SV1_C07861,C07861,0.9170584628630263
SV1_C93694,C93694,0.8804908484083658
SV1_C45091,C45091,0.9676696844901731
SV1_C82891,C82891,0.9381303193363301
SV1_C22824,C22824,0.9696123182275438
SV1_C31912,C31912,0.8921029238691761
SV1_C43319,C43319,0.8760919847429964
SV1_C31877,C31877,0.979058827724723
SV1_C79215,C79215,0.9361414534537397
SV1_C70876,C70876,0.9750684564742583
SV1_C81613,C81613,0.9301865076686265
SV1_C31298,C31298,0.9186220887002418
SV1_C63678,C63678,0.871973344036609
SV1_C72610,C72610,0.9391023367829577
SV1_C07860,C07860,0.8650439435252953
SV1_C30691,C30691,0.9656125715793441
SV1_C79305,C79305,0.8856199261587822
SV1_C81002,C81002,0.920908350480904
SV1_C14491,C14491,0.905596997690321
SV1_C58875,C58875,0.8338529304018011
SV1_C25229,C25229,0.9209993299712327
SV1_C59501,C59501,0.9387104578070427
SV1_C88837,C88837,0.9916541150579512
SV1_C20477,C20477,0.9589590766432279
SV1_C88258,C88258,0.9269308293171536
SV1_C16883,C16883,0.932538610320038
SV1_C33111,C33111,0.9591186353161888
SV1_C31310,C31310,0.9111196796035934
SV1_C46306,C46306,0.9734655336814121
SV1_C74443,C74443,0.8661926623893557
SV1_C97303,C97303,0.9241425495926676
SV1_C58222,C58222,0.9226205884224147
SV1_C74490,C74490,0.8431616364145054
SV1_C88844,C88844,0.9945959261126532
SV1_C51613,C51613,0.8926644511113861
SV1_C75067,C75067,0.9566279006635369
SV1_C53408,C53408,0.8552138365751137
SV1_C14430,C14430,0.9681936905883085
SV1_C60102,C60102,0.9802810496763735
SV1_C34806,C34806,0.8439788485665102
SV1_C54716,C54716,0.9458152365126726
SV1_C74489,C74489,0.8623603983222565
SV1_C67812,C67812,0.9632856109451045
SV1_C03691,C03691,0.8907234274334238
SV1_C48061,C48061,0.9380175185472471
SV1_C33708,C33708,0.8007099390033222
SV1_C57111,C57111,0.9904591087892607
SV1_C58873,C58873,0.8576189125549938
SV1_C25225,C25225,0.9147112176951955
SV1_C30706,C30706,0.9238329818210562
SV1_C77468,C77468,0.9255197329100686
SV1_C52881,C52881,0.977808087798042
SV1_C42620,C42620,0.8567040784948486
SV1_C62400,C62400,0.8805438325768358
SV1_C69646,C69646,0.917319715986737
SV1_C72635,C72635,0.8600070790212148
SV1_C64281,C64281,0.9317561963837511
SV1_C33606,C33606,0.8677442089043564
SV1_C03027,C03027,0.9647916728604268
SV1_C25302,C25302,0.9997659223099968
SV1_C84674,C84674,0.9678544300846456
SV1_C55825,C55825,0.9806343094266737
SV1_C80489,C80489,0.8688332614633556
SV1_C02473,C02473,0.964224569882313
SV1_C08433,C08433,0.998698036389413
SV1_C33715,C33715,0.9058452211919035
SV1_C32486,C32486,0.8752478534192457
SV1_C24101,C24101,0.9635590793182733
SV1_C24019,C24019,0.980419595388007
SV1_C94293,C94293,0.9170144884902931
SV1_C29514,C29514,0.8633914782917241
SV1_C49823,C49823,0.868096977368983
SV1_C87695,C87695,0.9789996748082213
SV1_C97896,C97896,0.9181545817172351
SV1_C58299,C58299,0.9149677275306901
SV1_C51021,C51021,0.9118853891260634
SV1_C64887,C64887,0.9630862528514388
SV1_C87686,C87686,0.9140956809882008
SV1_C61888,C61888,0.9199625930161032
SV1_C85302,C85302,0.8524604021745099
SV1_C71408,C71408,0.9993113837414748
SV1_C67899,C67899,0.9037551087033998
SV1_C48059,C48059,0.9332084875339317
SV1_C73809,C73809,0.989627501537883
SV1_C69678,C69678,0.9219505512218685
SV1_C91292,C91292,0.821946198916975
SV1_C03628,C03628,0.9610880627642197
SV1_C07264,C07264,0.8704102339198353
SV1_C97812,C97812,0.9922390741628379
SV1_C72604,C72604,0.9985730009121077
SV1_C77464,C77464,0.9326294090393183
SV1_C09015,C09015,0.8657649007572483
SV1_C73279,C73279,0.9974530895275157
SV1_C45021,C45021,0.8646932650213054
SV1_C98438,C98438,0.942981256294634
SV1_C43864,C43864,0.9284272320314554
SV1_C76820,C76820,0.8853568882248558
SV1_C27615,C27615,0.9336007834651153
SV1_C93701,C93701,0.9712163480090035
SV1_C01313,C01313,0.9127183207361242
SV1_C49829,C49829,0.8802384447798222
SV1_C43839,C43839,0.8922102575040867
SV1_C73891,C73891,0.9295418798456155
SV1_C07832,C07832,0.9880319656749555
SV1_C18072,C18072,0.9942233103084813
SV1_C51676,C51676,0.9967029604784847
SV1_C97801,C97801,0.9959489026788693
SV1_C76297,C76297,0.9532840399180401
SV1_C77518,C77518,0.8697395885681722
SV1_C73204,C73204,0.996877635312437
SV1_C99115,C99115,0.9125011599763124
SV1_C87076,C87076,0.9688305709044892
SV1_C73240,C73240,0.847795180487515
SV1_C02493,C02493,0.8568309243708874
SV1_C45704,C45704,0.9934826606817019
SV1_C12110,C12110,0.91244920910627
SV1_C61247,C61247,0.8996966743981444
SV1_C01200,C01200,0.9907089993931096
SV1_C95437,C95437,0.9266228761654722
SV1_C45116,C45116,0.9936608857280101
SV1_C32472,C32472,0.9995578816567291
SV1_C14404,C14404,0.891603469212985
SV1_C09046,C09046,0.9148684466797219
SV1_C42011,C42011,0.8921966501216727
SV1_C70314,C70314,0.899236047167954
SV1_C23424,C23424,0.9645242971117051
SV1_C63716,C63716,0.9090721503764511
SV1_C84116,C84116,0.9006596374252239
SV1_C58838,C58838,0.8866742931305122
SV1_C13887,C13887,0.8238283564644308
SV1_C70218,C70218,0.8938561403400751
SV1_C87115,C87115,0.8905235697099129
SV1_C49859,C49859,0.9325523217474442
SV1_C30685,C30685,0.930831171638897
SV1_C73215,C73215,0.8503610113200872
SV1_C60022,C60022,0.9183972437199506
SV1_C98507,C98507,0.9139309827196185
SV1_C92423,C92423,0.8840682208000589
SV1_C46305,C46305,0.9979729566717922
SV1_C08471,C08471,0.8979564266478779
SV1_C07862,C07862,0.9650044752657222
SV1_C76209,C76209,0.949266797596912
SV1_C31295,C31295,0.96476922746566
SV1_C21081,C21081,0.9609026030225454
SV1_C70212,C70212,0.9431729818796959
SV1_C47448,C47448,0.9657213409439355
SV1_C51083,C51083,0.9993461220431297
SV1_C93054,C93054,0.9211980193683347
SV1_C00021,C00021,0.994399804743859
SV1_C92459,C92459,0.9993232770752489
SV1_C52910,C52910,0.906406779490633
SV1_C10298,C10298,0.8878149892589825
SV1_C13891,C13891,0.9140466674037435
SV1_C66082,C66082,0.9489799001095198
SV1_C35481,C35481,0.9322403780802334
SV1_C06086,C06086,0.8587812602399351
SV1_C99612,C99612,0.9426369278130927
SV1_C88901,C88901,0.9342568486320287
SV1_C42622,C42622,0.8459059308870376
SV1_C72630,C72630,0.9152697102592627
SV1_C38406,C38406,0.95432103143515
SV1_C95423,C95423,0.9997450828095237
SV1_C83480,C83480,0.922673823629448
SV1_C58244,C58244,0.8579321194457467
SV1_C11510,C11510,0.9028270690428271
SV1_C91830,C91830,0.8699579374709464
SV1_C11411,C11411,0.8615823849114949
SV1_C57033,C57033,0.8666835525360934
SV1_C51098,C51098,0.8599750756736555
SV1_C73850,C73850,0.9525804655640968
SV1_C13809,C13809,0.8455475830695435
SV1_C03117,C03117,0.8344856531702847
SV1_C40203,C40203,0.9760804233432486
SV1_C49287,C49287,0.9193013232928312
SV1_C89449,C89449,0.9154951480782216
SV1_C04317,C04317,0.8201550445473127
SV1_C76911,C76911,0.9240565237696846
SV1_C58802,C58802,0.9855264590362175
SV1_C65429,C65429,0.9745733665868977
SV1_C63697,C63697,0.973348948747484
SV1_C86429,C86429,0.9911492962716515
SV1_C76840,C76840,0.8504394115738648
SV1_C00013,C00013,0.9910604517959634
SV1_C83472,C83472,0.919686319272952
SV1_C58881,C58881,0.8554907253214435
SV1_C30023,C30023,0.8123631015534603
SV1_C74446,C74446,0.8900840277211632
SV1_C13245,C13245,0.9312224148587404
SV1_C97275,C97275,0.886219862211222
SV1_C93006,C93006,0.8916351935650597
SV1_C07265,C07265,0.8572848696479746
SV1_C00690,C00690,0.9653400736153039
SV1_C99089,C99089,0.9741694143689725
SV1_C96101,C96101,0.9723271657308431
SV1_C08504,C08504,0.9336776445326912
SV1_C87089,C87089,0.9468448143021133
SV1_C60611,C60611,0.9362200019105459
SV1_C28818,C28818,0.9249163012798526
SV1_C16834,C16834,0.9632279276727761
SV1_C08512,C08512,0.8498026336044792
SV1_C82298,C82298,0.9157370268655153
SV1_C99702,C99702,0.9368511304070346
SV1_C18042,C18042,0.8862833876410044
SV1_C55843,C55843,0.9201030749633287
SV1_C34278,C34278,0.9996336189890007
SV1_C61830,C61830,0.9417118474505093
SV1_C57712,C57712,0.9975088466658913
SV1_C04283,C04283,0.9159756613014581
SV1_C48702,C48702,0.8758030015612165
SV1_C63646,C63646,0.9897468905927851
SV1_C93679,C93679,0.9217290122467219
SV1_C12092,C12092,0.876129085794622
SV1_C34220,C34220,0.9465986168180486
SV1_C64814,C64814,0.8995840466191537
SV1_C12629,C12629,0.9565363418039051
SV1_C12059,C12059,0.8974699119982873
SV1_C17447,C17447,0.9004667582817457
SV1_C58911,C58911,0.9082651681389075
SV1_C84108,C84108,0.8927449129399646
SV1_C21690,C21690,0.8921091490608379
SV1_C49256,C49256,0.9289870102017502
SV1_C22825,C22825,0.9572212844022457
SV1_C67202,C67202,0.9546881277922654
SV1_C08484,C08484,0.9616916835385838
SV1_C09620,C09620,0.9419879923495182
SV1_C31296,C31296,0.8248785421328659
SV1_C60084,C60084,0.940879011845053
SV1_C81687,C81687,0.9960944064852921
SV1_C00672,C00672,0.9447583597607296
SV1_C50492,C50492,0.913086069898596
SV1_C57603,C57603,0.9408659559083936
SV1_C77446,C77446,0.8867546967732064
SV1_C45038,C45038,0.9723975723889808
SV1_C73242,C73242,0.8115618581088911
SV1_C100232,C100232,0.9851931914222846
SV1_C11452,C11452,0.9239577053950967
SV1_C28237,C28237,0.992146816718536
SV1_C52272,C52272,0.9918527073582927
SV1_C46238,C46238,0.9656957284871662
SV1_C16845,C16845,0.9586117727772575
SV1_C39015,C39015,0.9848737474926279
SV1_C49865,C49865,0.9556274616135975
SV1_C06081,C06081,0.8785839794915613
SV1_C29472,C29472,0.9571986222143349
SV1_C49895,C49895,0.8781542670182029
SV1_C75619,C75619,0.8432582662821472
SV1_C46242,C46242,0.9938990828835927
SV1_C50406,C50406,0.9069296963241688
SV1_C78687,C78687,0.8705728434438609
SV1_C31294,C31294,0.9250320767561436
SV1_C72118,C72118,0.9374781324310772
SV1_C66694,C66694,0.9936503780644854
SV1_C78094,C78094,0.9314889750435378
SV1_C72078,C72078,0.9081756901126916
SV1_C77488,C77488,0.95918868116765
SV1_C47421,C47421,0.8301211729579387
SV1_C69072,C69072,0.9105643871440446
SV1_C48027,C48027,0.9451694259988552
SV1_C24700,C24700,0.9300290270916557
SV1_C22893,C22893,0.9607653935352823
SV1_C86403,C86403,0.8327208260715573
SV1_C66015,C66015,0.9280630773439197
SV1_C66019,C66019,0.9251057409160752
SV1_C81711,C81711,0.9531096644887134
SV1_C11428,C11428,0.940962697983098
SV1_C13277,C13277,0.8993033882265776
SV1_C43240,C43240,0.9323639151862998
SV1_C97234,C97234,0.9197995183931795
SV1_C86421,C86421,0.8697008456452955
SV1_C46255,C46255,0.9903934597353721
SV1_C25905,C25905,0.961579563662048
SV1_C01276,C01276,0.9559423243686942
SV1_C67814,C67814,0.9359465885026383
SV1_C80516,C80516,0.9359973901883829
SV1_C65425,C65425,0.9750531140276242
SV1_C36008,C36008,0.9041773523648905
SV1_C78092,C78092,0.898215871498688
SV1_C13275,C13275,0.8511421354722981
SV1_C45101,C45101,0.9992698030176923
SV1_C58806,C58806,0.9881484935794216
SV1_C34910,C34910,0.9187268598855055
SV1_C70811,C70811,0.9474452954133719
SV1_C87029,C87029,0.994668208170649
SV1_C15016,C15016,0.9505358364775075
SV1_C85293,C85293,0.9312106877794085
SV1_C71510,C71510,0.9374690907459475
SV1_C28810,C28810,0.9341895997712492
SV1_C38412,C38412,0.9298864709387726
SV1_C21719,C21719,0.8072133038705746
SV1_C91893,C91893,0.8057006972229986
SV1_C61887,C61887,0.8523134969461018
SV1_C45074,C45074,0.9631402624498103
SV1_C21093,C21093,0.9590319244610345
SV1_C87065,C87065,0.9977962948226072
SV1_C89451,C89451,0.9918226802156315
SV1_C60110,C60110,0.9547079113281313
SV1_C25878,C25878,0.9650702872429257
SV1_C61896,C61896,0.9208816004935229
SV1_C96679,C96679,0.9016053322713983
SV1_C27712,C27712,0.983721042167606
SV1_C70308,C70308,0.946938287518129
SV1_C63016,C63016,0.864028232128796
SV1_C100215,C100215,0.9018547436969107
SV1_C03643,C03643,0.9473788461086489
SV1_C27038,C27038,0.903267569636673
SV1_C24601,C24601,0.8935256295960433
SV1_C64833,C64833,0.9626476277398562
SV1_C15600,C15600,0.8862122139385122
SV1_C43223,C43223,0.8553121863658018
SV1_C50500,C50500,0.9176784818181336
SV1_C52806,C52806,0.8994352534039887
SV1_C93640,C93640,0.8979680062030446
SV1_C77471,C77471,0.908269582262857
SV1_C75647,C75647,0.9480545329160752
SV1_C73811,C73811,0.8626579415233909
SV1_C94232,C94232,0.9006792058274006
SV1_C13303,C13303,0.9998227067647127
SV1_C26506,C26506,0.9814329909737823
SV1_C00096,C00096,0.8812211631054528
SV1_C56413,C56413,0.9862463427387704
SV1_C73209,C73209,0.9920768890740838
SV1_C59428,C59428,0.974151980862144
SV1_C27103,C27103,0.8778780837229362
SV1_C62487,C62487,0.8533758514565932
SV1_C99077,C99077,0.8824861431170441
SV1_C63012,C63012,0.8948749896864501
SV1_C02502,C02502,0.8802623791340269
SV1_C97810,C97810,0.964165243421986
SV1_C18609,C18609,0.8855719112435603
SV1_C84617,C84617,0.9185536865487516
SV1_C58286,C58286,0.8767004116594765
SV1_C99093,C99093,0.9043093001013472
SV1_C69025,C69025,0.9604104248600044
SV1_C63095,C63095,0.902950471741952
SV1_C31285,C31285,0.9410176870740862
SV1_C86449,C86449,0.9208247143269043
SV1_C18627,C18627,0.8816650753296359
SV1_C08417,C08417,0.9071801839124447
SV1_C57618,C57618,0.9850579006507477
SV1_C67916,C67916,0.9321325321502224
SV1_C09704,C09704,0.95628954528568
SV1_C17422,C17422,0.9588481314938829
SV1_C11494,C11494,0.9745599439913013
SV1_C49314,C49314,0.9452698635885309
SV1_C74451,C74451,0.9211738566035979
SV1_C70224,C70224,0.8931370542273369
SV1_C05483,C05483,0.8971436344551649
SV1_C81685,C81685,0.8560528347753015
SV1_C76207,C76207,0.8660822266628393
SV1_C78077,C78077,0.9430018809536613
SV1_C70810,C70810,0.9339194560712517
SV1_C73296,C73296,0.9033170286537141
SV1_C54714,C54714,0.9205830618144161
SV1_C48643,C48643,0.9324830912455988
SV1_C63077,C63077,0.9845815765801753
SV1_C93619,C93619,0.9598689412832285
SV1_C24014,C24014,0.9265822885583429
SV1_C79202,C79202,0.897874578919053
SV1_C65416,C65416,0.9286897834833587
SV1_C09681,C09681,0.9949196297029987
SV1_C86490,C86490,0.8791148030443554
SV1_C57612,C57612,0.9561556189848092
SV1_C91839,C91839,0.9586544424591942
SV1_C82916,C82916,0.9316914983582911
SV1_C72628,C72628,0.9487283247130928
SV1_C82216,C82216,0.9220863633289403
SV1_C26497,C26497,0.9503670845828721
SV1_C27033,C27033,0.9485272524906623
SV1_C100319,C100319,0.8932943301535717
SV1_C20402,C20402,0.8924951260561146
SV1_C00622,C00622,0.9536267681499477
SV1_C48700,C48700,0.9124337727371157
SV1_C94275,C94275,0.9205836313292055
SV1_C76223,C76223,0.8984257330114681
SV1_C87681,C87681,0.9690390318702735
SV1_C63680,C63680,0.9835321134552447
SV1_C69687,C69687,0.9758119629887607
SV1_C31206,C31206,0.9213440968281686
SV1_C77470,C77470,0.8701010162041618
SV1_C72026,C72026,0.9127852489730358
SV1_C06706,C06706,0.9061109709769635
SV1_C48062,C48062,0.9096088466323669
SV1_C35419,C35419,0.921219557906496
SV1_C08491,C08491,0.9608218418792946
SV1_C47419,C47419,0.9316971382709086
SV1_C93707,C93707,0.9297047941288454
SV1_C55237,C55237,0.9795097896040555
SV1_C76295,C76295,0.9324549797484091
SV1_C57698,C57698,0.941387354841463
SV1_C86492,C86492,0.8146702754153942
SV1_C68485,C68485,0.9221802273011585
SV1_C53482,C53482,0.8950353153398641
SV1_C99095,C99095,0.9894241046026049
SV1_C66624,C66624,0.998955155744863
SV1_C77486,C77486,0.987153486933243
SV1_C29502,C29502,0.9263645961960038
SV1_C93012,C93012,0.8577221545372933
SV1_C46832,C46832,0.9826862461953381
SV1_C92506,C92506,0.9706532149617954
SV1_C39020,C39020,0.9962931746012516
SV1_C69688,C69688,0.8309729863138434
SV1_C24707,C24707,0.919641838701041
SV1_C18612,C18612,0.8654337088204733
SV1_C73245,C73245,0.921641228472022
SV1_C28219,C28219,0.9072500026922304
SV1_C63047,C63047,0.9030321748904715
SV1_C92460,C92460,0.9751504717286585
SV1_C63035,C63035,0.8579198047726115
SV1_C61231,C61231,0.8845021732648244
SV1_C61294,C61294,0.8485293446821485
SV1_C21639,C21639,0.9412609541800715
SV1_C60699,C60699,0.9056727255970757
SV1_C87017,C87017,0.928780415561191
SV1_C57683,C57683,0.8348467099173317
SV1_C46860,C46860,0.9718562240953709
SV1_C11487,C11487,0.9678516230654987
SV1_C40807,C40807,0.9571757463141958
SV1_C79278,C79278,0.9282895005130147
SV1_C61812,C61812,0.9181538546910168
SV1_C34894,C34894,0.9109709054855273
SV1_C82890,C82890,0.901445772146003
SV1_C47450,C47450,0.9422297984140188
SV1_C70301,C70301,0.9235701071152905
SV1_C62443,C62443,0.8686277517321872
SV1_C13259,C13259,0.9312273114675825
SV1_C79885,C79885,0.8376084461564494
SV1_C56488,C56488,0.9900331941713274
SV1_C14487,C14487,0.9485314348737903
SV1_C00092,C00092,0.814887136014606
SV1_C45016,C45016,0.851450356090467
SV1_C76270,C76270,0.9025454134991232
SV1_C61897,C61897,0.9633439795243363
SV1_C87045,C87045,0.9958591323878152
SV1_C92496,C92496,0.986094437105538
SV1_C96706,C96706,0.9972225292240905
SV1_C18034,C18034,0.934417149195926
SV1_C59478,C59478,0.9434901378321928
SV1_C27625,C27625,0.9865976559789693
SV1_C28891,C28891,0.9499482385806011
SV1_C45616,C45616,0.8635969658351171
SV1_C52236,C52236,0.9570242327307784
SV1_C31312,C31312,0.8962284645583147
SV1_C55281,C55281,0.9326736372570471
SV1_C62516,C62516,0.8711732880908407
SV1_C52208,C52208,0.8623427530469301
SV1_C21642,C21642,0.8764007132292906
SV1_C06091,C06091,0.8394279277110551
SV1_C06080,C06080,0.874445835564891
SV1_C49285,C49285,0.9561375134353628
SV1_C78083,C78083,0.9016283605901149
SV1_C82806,C82806,0.9414363122789633
SV1_C27647,C27647,0.9520052553658233
SV1_C14438,C14438,0.9988255934758458
SV1_C06641,C06641,0.9224235909333324
SV1_C03708,C03708,0.9157026549512703
SV1_C43843,C43843,0.9196947705192801
SV1_C94212,C94212,0.9704780349837383
SV1_C87008,C87008,0.9424633261817498
SV1_C86422,C86422,0.8852931506870564
SV1_C57109,C57109,0.8946233326157443
SV1_C21012,C21012,0.9050674860959562
SV1_C87049,C87049,0.9217118268755635
SV1_C96042,C96042,0.9926825815905624
SV1_C52294,C52294,0.9899780276376672
SV1_C86419,C86419,0.8837413068110209
SV1_C71405,C71405,0.9944521652365121
SV1_C97219,C97219,0.9524586291270492
SV1_C60676,C60676,0.8258562418342384
SV1_C12064,C12064,0.9411454118238227
SV1_C78657,C78657,0.8961104451152425
SV1_C77427,C77427,0.9469025274011078
SV1_C07916,C07916,0.8650623269507243
SV1_C91870,C91870,0.9085555040284065
SV1_C77503,C77503,0.959552826478491
SV1_C43275,C43275,0.9596876079494817
SV1_C33023,C33023,0.8704551522107976
SV1_C31200,C31200,0.878453559361677
SV1_C88877,C88877,0.9721424840938152
SV1_C18642,C18642,0.9113815146027067
SV1_C63679,C63679,0.9192695209031492
SV1_C04806,C04806,0.913116448328956
SV1_C10919,C10919,0.95215414690614
SV1_C07213,C07213,0.9565833875311388
SV1_C64913,C64913,0.923381713266319
SV1_C22298,C22298,0.9774676688586892
SV1_C26488,C26488,0.8995440610021808
SV1_C69099,C69099,0.9006317971981995
SV1_C69113,C69113,0.9908296817788282
SV1_C07260,C07260,0.862050856995917
SV1_C80472,C80472,0.8875954242586513
SV1_C21674,C21674,0.8548388049649198
SV1_C09089,C09089,0.8725994125537099
SV1_C77509,C77509,0.9388952504573782
SV1_C66706,C66706,0.9950315004817607
SV1_C65499,C65499,0.8986109284115247
SV1_C04244,C04244,0.9848869452634844
SV1_C55912,C55912,0.9328647350291598
SV1_C94225,C94225,0.8870813751104298
SV1_C87099,C87099,0.9353772896642376
SV1_C18045,C18045,0.9527212439361109
SV1_C13279,C13279,0.8506413412183637
SV1_C12652,C12652,0.9803977906679481
SV1_C44513,C44513,0.9498121304967607
SV1_C52841,C52841,0.9930098781690662
SV1_C34898,C34898,0.9364657554177982
SV1_C02497,C02497,0.9102996326703399
SV1_C93109,C93109,0.9882747220456002
SV1_C86425,C86425,0.9905477737636417
SV1_C06639,C06639,0.8972771635499386
SV1_C03079,C03079,0.8882703370519865
SV1_C91911,C91911,0.8030626745309095
SV1_C33116,C33116,0.8589160646815573
SV1_C94273,C94273,0.9646215815919469
SV1_C64812,C64812,0.9323014733423635
SV1_C45702,C45702,0.9735291089626902
SV1_C100202,C100202,0.8777169939904673
SV1_C23422,C23422,0.8507735477729371
SV1_C65406,C65406,0.9337989881845005
SV1_C87118,C87118,0.8848705975499972
SV1_C86431,C86431,0.8602408701816808
SV1_C64842,C64842,0.8899500049947991
SV1_C77515,C77515,0.8874677501258177
SV1_C85887,C85887,0.8957414829033071
SV1_C03093,C03093,0.8587745859634526
SV1_C10301,C10301,0.9574881557562143
SV1_C12686,C12686,0.936385665131392
SV1_C87641,C87641,0.9360858839281543
SV1_C28224,C28224,0.9924847034893964
SV1_C75011,C75011,0.8612318818055533
SV1_C12091,C12091,0.9923442119581144
SV1_C93028,C93028,0.8984165583508068
SV1_C18691,C18691,0.8473853289067731
SV1_C45089,C45089,0.933230712591966
SV1_C27025,C27025,0.9451417747116866
SV1_C13842,C13842,0.9319770461153262
SV1_C52897,C52897,0.9507402138083394
SV1_C97890,C97890,0.9085200304485728
SV1_C03635,C03635,0.961568789715555
SV1_C44517,C44517,0.9840913656586345
SV1_C68429,C68429,0.9798338175316501
SV1_C29478,C29478,0.8472341002522437
SV1_C45689,C45689,0.9326505184780945
SV1_C13872,C13872,0.8468969865977436
SV1_C63008,C63008,0.9053334555807074
SV1_C09612,C09612,0.9541089394221572
SV1_C21009,C21009,0.9161794634625814
SV1_C00621,C00621,0.9950379840654776
SV1_C76904,C76904,0.9686987198767972
SV1_C24038,C24038,0.889485962927202
SV1_C90646,C90646,0.9637011114289158
SV1_C19889,C19889,0.85763615690877
SV1_C00047,C00047,0.9995263950150942
SV1_C45713,C45713,0.9501300637679122
SV1_C46205,C46205,0.9273826159174703
SV1_C12718,C12718,0.8248748431673927
SV1_C08506,C08506,0.8983152902228371
SV1_C64917,C64917,0.9689213170004352
SV1_C87642,C87642,0.9062962128593712
SV1_C01844,C01844,0.9994367195330734
SV1_C92477,C92477,0.8871976512287452
SV1_C24675,C24675,0.8964689543123661
SV1_C75008,C75008,0.986329789244872
SV1_C76894,C76894,0.9152619037350918
SV1_C58315,C58315,0.8814568771667123
SV1_C34292,C34292,0.8447664462152675
SV1_C46853,C46853,0.9880800146341877
SV1_C47498,C47498,0.9548601308100862
SV1_C06089,C06089,0.9290796840852089
SV1_C64905,C64905,0.9437463904785213
SV1_C91836,C91836,0.8788440719319222
SV1_C00714,C00714,0.9052117048247953
SV1_C19890,C19890,0.9022478109330486
SV1_C42020,C42020,0.906241944959745
SV1_C30614,C30614,0.9337609848435128
SV1_C15091,C15091,0.906745627019166
SV1_C24107,C24107,0.9169040154569184
SV1_C55284,C55284,0.8552889495041255
SV1_C09636,C09636,0.9612364063109955
SV1_C06693,C06693,0.9949248054301322
SV1_C48699,C48699,0.8569554622890131
SV1_C96044,C96044,0.8435250052134942
SV1_C69634,C69634,0.895272377117985
SV1_C16809,C16809,0.9137026414333884
SV1_C49879,C49879,0.936881904731462
SV1_C69677,C69677,0.9682096655565958
SV1_C63639,C63639,0.8391243343337774
SV1_C03620,C03620,0.9847127822963031
SV1_C36005,C36005,0.9068264206770893
SV1_C72650,C72650,0.9464486860584368
SV1_C91865,C91865,0.9866074889717742
SV1_C97880,C97880,0.9251787715924159
SV1_C55288,C55288,0.872814688149759
SV1_C15043,C15043,0.964912111951695
SV1_C46806,C46806,0.9356111289363179
SV1_C19235,C19235,0.8679603785624115
SV1_C97909,C97909,0.9348743904349052
SV1_C81108,C81108,0.8564602554799472
SV1_C47441,C47441,0.9274544558039794
SV1_C47515,C47515,0.8784848651296597
SV1_C01897,C01897,0.9004589261181668
SV1_C23483,C23483,0.929628600351437
SV1_C57119,C57119,0.8700190321135286
SV1_C33711,C33711,0.9361396219330407
SV1_C58294,C58294,0.8323064782088719
SV1_C73265,C73265,0.9103892922103589
SV1_C04237,C04237,0.9755005964414069
SV1_C01803,C01803,0.9920587542121782
SV1_C99074,C99074,0.9066091148636496
SV1_C05404,C05404,0.9301570361136623
SV1_C37807,C37807,0.9974294928598548
SV1_C100206,C100206,0.8777603046642642
SV1_C46266,C46266,0.9155882522629186
SV1_C66074,C66074,0.9303625655004821
SV1_C47416,C47416,0.9129770656035385
SV1_C71481,C71481,0.9375800501620272
SV1_C91266,C91266,0.921107571975988
SV1_C70275,C70275,0.9738112169174786
SV1_C43823,C43823,0.8534467894851047
SV1_C12094,C12094,0.9423646944799711
SV1_C88803,C88803,0.8598223293277064
SV1_C75051,C75051,0.9167455693774729
SV1_C58896,C58896,0.9085802267523063
SV1_C54076,C54076,0.9566945736303688
SV1_C19239,C19239,0.9257197035492409
SV1_C71406,C71406,0.9473972470905442
SV1_C52893,C52893,0.9654034548713992
SV1_C08459,C08459,0.9102989639750771
SV1_C45086,C45086,0.9575760510380015
SV1_C13836,C13836,0.86597866704781
SV1_C43895,C43895,0.8199253109460805
SV1_C98516,C98516,0.9721976956956633
SV1_C73831,C73831,0.8931450438144479
SV1_C76273,C76273,0.9068166469891609
SV1_C97882,C97882,0.9390072042946582
SV1_C61208,C61208,0.9272960968235243
SV1_C83508,C83508,0.8938712004007612
SV1_C51698,C51698,0.8660712853964664
SV1_C57715,C57715,0.8813506495662297
SV1_C91249,C91249,0.8701274093394573
SV1_C09012,C09012,0.9584373826355999
SV1_C76264,C76264,0.8699469432208551
SV1_C72629,C72629,0.9566958023484718
SV1_C90611,C90611,0.8956174762566991
SV1_C53427,C53427,0.9054372495435565
SV1_C94893,C94893,0.9197712925353441
SV1_C16810,C16810,0.9380671558591546
SV1_C28239,C28239,0.8099895722852708
SV1_C51000,C51000,0.8615080303422207
SV1_C49854,C49854,0.9884341205213665
SV1_C93099,C93099,0.8685473288660583
SV1_C23441,C23441,0.9521887819231732
SV1_C00097,C00097,0.8637465947176407
SV1_C79807,C79807,0.9557833915945256
SV1_C07900,C07900,0.9237268058009425
SV1_C77505,C77505,0.950705136668239
SV1_C69631,C69631,0.8945270890419386
SV1_C30109,C30109,0.8603794080839259
SV1_C27112,C27112,0.9487980843002634
SV1_C04229,C04229,0.9514445777412887
SV1_C66095,C66095,0.909540102764814
SV1_C13830,C13830,0.852145448544469
SV1_C90080,C90080,0.992083928775424
SV1_C26425,C26425,0.86062039473556
SV1_C58206,C58206,0.9896250492333705
SV1_C46200,C46200,0.9353491118529834
SV1_C03028,C03028,0.9708599954395719
SV1_C67903,C67903,0.9039211531203346
SV1_C96688,C96688,0.9642029734797877
SV1_C72626,C72626,0.9149651406396583
SV1_C82800,C82800,0.9534910082735251
SV1_C15613,C15613,0.925738942812856
SV1_C70202,C70202,0.8962906484457001
SV1_C02496,C02496,0.9244808939620047
SV1_C72047,C72047,0.9732026128710701
SV1_C87684,C87684,0.9855220341801768
SV1_C44480,C44480,0.9920842119319903
SV1_C100231,C100231,0.8516910535149085
SV1_C73268,C73268,0.9541376052262892
SV1_C29416,C29416,0.9005743988130289
SV1_C83415,C83415,0.9872150994625276
SV1_C86517,C86517,0.9272347492973363
SV1_C43314,C43314,0.9220824169844222
SV1_C90057,C90057,0.9289624524137243
SV1_C97830,C97830,0.9091578902528302
SV1_C70222,C70222,0.9644768553684385
SV1_C88205,C88205,0.9297936024890054
SV1_C04280,C04280,0.9970657498326824
SV1_C64821,C64821,0.9943768074198835
SV1_C55282,C55282,0.9759671330358783
SV1_C73864,C73864,0.9024906422450589
SV1_C92420,C92420,0.8757213995418559
SV1_C09061,C09061,0.922239863756565
SV1_C54002,C54002,0.8842623595684334
SV1_C58883,C58883,0.8451545848629265
SV1_C13231,C13231,0.9299512350828403
SV1_C60687,C60687,0.8618881830704828
SV1_C78059,C78059,0.9265452546059805
SV1_C00645,C00645,0.9867546175627963
SV1_C04239,C04239,0.9520182564594862
SV1_C91808,C91808,0.903349752894607
SV1_C87090,C87090,0.8866153150787762
SV1_C05406,C05406,0.8698970802760775
SV1_C70819,C70819,0.8962525920226874
SV1_C93608,C93608,0.9734709727367117
SV1_C98508,C98508,0.8753750000987647
SV1_C96082,C96082,0.987497626092805
SV1_C53474,C53474,0.8921722090166281
SV1_C07239,C07239,0.8578613568158366
SV1_C61316,C61316,0.9111947352888148
SV1_C63610,C63610,0.9089517251925293
SV1_C07830,C07830,0.953210371572745
SV1_C19232,C19232,0.8532264094690154
SV1_C72634,C72634,0.9141761120124697
SV1_C74438,C74438,0.8965054397277228
SV1_C44428,C44428,0.9386825370044618
SV1_C88227,C88227,0.8816210643131813
SV1_C66103,C66103,0.9003943772848709
SV1_C94202,C94202,0.9413739044623629
SV1_C49273,C49273,0.9728537891544441
SV1_C90059,C90059,0.9819765090931685
SV1_C77455,C77455,0.9225023483454897
SV1_C29500,C29500,0.8245985069963131
SV1_C22287,C22287,0.9705006561438408
SV1_C92498,C92498,0.9710372139289929
SV1_C52899,C52899,0.927250781166186
SV1_C48665,C48665,0.8979691325049542
SV1_C07280,C07280,0.9844590698058263
SV1_C70200,C70200,0.9562113527677851
SV1_C64834,C64834,0.915233258253538
SV1_C10268,C10268,0.9975112633868514
SV1_C16887,C16887,0.9443620202695596
SV1_C94873,C94873,0.9616983300236938
SV1_C34216,C34216,0.9129718539178177
SV1_C61872,C61872,0.9239643795329427
SV1_C72086,C72086,0.8857347270010401
SV1_C99104,C99104,0.8888898072625269
SV1_C46915,C46915,0.8552241931900045
SV1_C87092,C87092,0.8190733191659593
SV1_C48029,C48029,0.9927768035863546
SV1_C04800,C04800,0.9162870380682078
SV1_C76257,C76257,0.8737250397646609
SV1_C23479,C23479,0.9117151427293967
SV1_C36616,C36616,0.9520960621630121
SV1_C18047,C18047,0.8960430870550582
SV1_C52306,C52306,0.8780252814055531
SV1_C74494,C74494,0.9673154827133729
SV1_C74498,C74498,0.9142225278271593
SV1_C87621,C87621,0.8843174730879574
SV1_C75054,C75054,0.9527020421049425
SV1_C60601,C60601,0.956197454078285
SV1_C65418,C65418,0.8626682855315324
SV1_C79913,C79913,0.8741284961137681
SV1_C25912,C25912,0.9189580456449925
SV1_C45611,C45611,0.9983632338278561
SV1_C46303,C46303,0.8355959030264459
SV1_C60646,C60646,0.914236281605451
SV1_C60702,C60702,0.9871542031091579
SV1_C52915,C52915,0.9979832618162715
SV1_C87014,C87014,0.9311081156437344
SV1_C33717,C33717,0.8525432889459732
SV1_C100245,C100245,0.923540077961023
SV1_C78646,C78646,0.8838210958148255
SV1_C17444,C17444,0.9119219798797167
SV1_C02400,C02400,0.985034626693526
SV1_C07846,C07846,0.9206697931604503
SV1_C95438,C95438,0.9576768452669204
SV1_C94210,C94210,0.9407411911918238
SV1_C99697,C99697,0.9120674757103021
SV1_C64236,C64236,0.8931781700606264
SV1_C07314,C07314,0.8567125778002928
SV1_C04314,C04314,0.9346954297937631
SV1_C67300,C67300,0.9160719619985217
SV1_C94888,C94888,0.9288680230503507
SV1_C09071,C09071,0.9019691797756506
SV1_C45601,C45601,0.9159281424892141
SV1_C57607,C57607,0.9431347202965609
SV1_C64206,C64206,0.9173193041558203
SV1_C21608,C21608,0.8938159767720927
SV1_C76859,C76859,0.8835953410767416
SV1_C54015,C54015,0.8733193259793437
SV1_C90685,C90685,0.9909518219268656
SV1_C00600,C00600,0.9918388444890979
SV1_C01831,C01831,0.9793319739244009
SV1_C67286,C67286,0.985736934930951
SV1_C19825,C19825,0.8628135464532107
SV1_C87713,C87713,0.9919732587899783
SV1_C70213,C70213,0.939394154821335
SV1_C44471,C44471,0.9394656937517879
SV1_C66620,C66620,0.9958047032325419
SV1_C43868,C43868,0.9495771561078555
SV1_C13270,C13270,0.936171229645394
SV1_C47462,C47462,0.939219202104209
SV1_C96698,C96698,0.9974667239127896
SV1_C44518,C44518,0.9423453579708662
SV1_C00106,C00106,0.829962658524371
SV1_C06618,C06618,0.9473831801452015
SV1_C73299,C73299,0.9975111930306587
SV1_C73877,C73877,0.953467216096621
SV1_C74433,C74433,0.9530829739051097
SV1_C34222,C34222,0.9747505418144212
SV1_C57676,C57676,0.8503328930660303
SV1_C84087,C84087,0.8949932223890835
SV1_C48673,C48673,0.9586756192827467
SV1_C78102,C78102,0.9132686720768182
SV1_C94918,C94918,0.9501055227161971
SV1_C69076,C69076,0.9106023009191078
SV1_C15029,C15029,0.9171047647638415
SV1_C13903,C13903,0.9898957229665014
SV1_C79916,C79916,0.9339089120412181
SV1_C07883,C07883,0.9628569023849278
SV1_C18611,C18611,0.9787129936087694
SV1_C91914,C91914,0.8786647799423948
SV1_C85817,C85817,0.9296797861533742
SV1_C23501,C23501,0.9597619433156174
SV1_C61273,C61273,0.9170083963325463
SV1_C70901,C70901,0.9664054726770043
SV1_C11479,C11479,0.9024724028244905
SV1_C46213,C46213,0.914228948297719
SV1_C48606,C48606,0.9516986578752343
SV1_C36002,C36002,0.9604302362212666
SV1_C84714,C84714,0.9150390147109707
SV1_C94239,C94239,0.9375489736093987
SV1_C66695,C66695,0.9049741473072521
SV1_C16825,C16825,0.9278048074902839
SV1_C61305,C61305,0.9568319395077244
SV1_C37202,C37202,0.9587088869613782
SV1_C97818,C97818,0.9272133447055088
SV1_C81709,C81709,0.8687397529658776
SV1_C00605,C00605,0.9991226275481953
SV1_C03638,C03638,0.9452548393663514
SV1_C27032,C27032,0.9380714736807165
SV1_C12704,C12704,0.9835693802902975
SV1_C91260,C91260,0.9197267435366717
SV1_C16291,C16291,0.9039501541618904
SV1_C24627,C24627,0.9971357338259185
SV1_C94229,C94229,0.8850738821960094
SV1_C42614,C42614,0.9505271067966691
SV1_C21618,C21618,0.8917849904112831
SV1_C09039,C09039,0.9044885301892442
SV1_C23409,C23409,0.9065650209775951
SV1_C87711,C87711,0.926873444829799
SV1_C24007,C24007,0.9874529029407958
SV1_C48039,C48039,0.9373208991895082
SV1_C55245,C55245,0.9854542125921026
SV1_C31819,C31819,0.8772945681227585
SV1_C96628,C96628,0.9044150767593354
SV1_C06681,C06681,0.8926064450617056
SV1_C17421,C17421,0.9912131729098992
SV1_C99640,C99640,0.9312470845608427
SV1_C73262,C73262,0.9258650117959975
SV1_C69702,C69702,0.956259115013257
SV1_C13804,C13804,0.8367494659398778
SV1_C02445,C02445,0.9932226442942891
SV1_C12701,C12701,0.976596891015143
SV1_C16237,C16237,0.9170287014568053
SV1_C02491,C02491,0.8850378617322876
SV1_C00088,C00088,0.8672528744747583
SV1_C01887,C01887,0.8743655337752673
SV1_C23517,C23517,0.9826139667873397
SV1_C45656,C45656,0.9917364211649939
SV1_C63644,C63644,0.9339018337925873
SV1_C96023,C96023,0.9989723243848744
SV1_C24030,C24030,0.8928916293786576
SV1_C03046,C03046,0.9329720697729694
SV1_C31900,C31900,0.8275468137405517
SV1_C72007,C72007,0.8601987192334418
SV1_C12106,C12106,0.9259110477566119
SV1_C57674,C57674,0.8822571540811088
SV1_C86506,C86506,0.8896473657877837
SV1_C66640,C66640,0.8901923991555661
SV1_C61833,C61833,0.9940486632986542
SV1_C54082,C54082,0.904408254996039
SV1_C12055,C12055,0.8781965434619258
SV1_C54646,C54646,0.9296720707966152
SV1_C47456,C47456,0.9674236184944305
SV1_C100297,C100297,0.908285342928851
SV1_C02510,C02510,0.8847939651362129
SV1_C66631,C66631,0.8805678248032262
SV1_C98432,C98432,0.9284344817623805
SV1_C55919,C55919,0.9326936092641706
SV1_C28808,C28808,0.8946934166759437
SV1_C43909,C43909,0.9906847208857518
SV1_C31284,C31284,0.956634734958146
SV1_C23485,C23485,0.9880014271412956
SV1_C27036,C27036,0.9271668871558812
SV1_C54079,C54079,0.9807681952962601
SV1_C24119,C24119,0.8283301574302065
SV1_C61881,C61881,0.9230602172776229
SV1_C79216,C79216,0.9276763842386552
SV1_C58801,C58801,0.9666006504408856
SV1_C22288,C22288,0.9645587767883452
SV1_C19824,C19824,0.8695693688539513
SV1_C21627,C21627,0.9672654624464538
SV1_C21709,C21709,0.9166060632891201
SV1_C66081,C66081,0.9851690974575352
SV1_C84672,C84672,0.9247310064805724
SV1_C57647,C57647,0.8790461443714309
SV1_C75666,C75666,0.8582745630535795
SV1_C67826,C67826,0.8703978854448737
SV1_C55877,C55877,0.9580149726431827
SV1_C70833,C70833,0.9080323225787454
SV1_C82203,C82203,0.981796948546348
SV1_C07284,C07284,0.9592764744392526
SV1_C56419,C56419,0.961448671194227
SV1_C90081,C90081,0.9836384400679102
SV1_C44464,C44464,0.929619535575933
SV1_C45055,C45055,0.9969458090087105
SV1_C87668,C87668,0.9264105147825972
SV1_C35405,C35405,0.8419555497984306
SV1_C61875,C61875,0.8719408234013177
SV1_C18030,C18030,0.9199493963594931
SV1_C76206,C76206,0.8941082007316341
SV1_C22247,C22247,0.937042179074708
SV1_C09675,C09675,0.9537869770873802
SV1_C77408,C77408,0.8525219881233665
SV1_C16831,C16831,0.8708863823535843
SV1_C66072,C66072,0.9961373852034355
SV1_C87714,C87714,0.9436170842978473
SV1_C76259,C76259,0.885352975930395
SV1_C73881,C73881,0.9521121574439474
SV1_C18614,C18614,0.9201867163365974
SV1_C24008,C24008,0.9253112994489473
SV1_C35501,C35501,0.9163675438432899
SV1_C80495,C80495,0.9977247761395645
SV1_C13918,C13918,0.8242042841094065
SV1_C23428,C23428,0.9700536474785137
SV1_C25896,C25896,0.9280725339846895
SV1_C80409,C80409,0.9315496190768922
SV1_C80419,C80419,0.9282886682550772
SV1_C37815,C37815,0.9892289837978745
SV1_C61297,C61297,0.961221632557897
SV1_C11415,C11415,0.8493627993471875
SV1_C43865,C43865,0.9344787111809886
SV1_C72043,C72043,0.8755737772170085
SV1_C13841,C13841,0.8969061646907364
SV1_C63696,C63696,0.9681236957295517
SV1_C20429,C20429,0.8913417611210224
SV1_C60600,C60600,0.9322463553306282
SV1_C45001,C45001,0.9035731075523071
SV1_C73813,C73813,0.983608941900402
SV1_C93647,C93647,0.8543679076650383
SV1_C00118,C00118,0.8345499399750147
SV1_C67821,C67821,0.9836125491141758
SV1_C61839,C61839,0.8581763341797835
SV1_C62437,C62437,0.9463143135762911
SV1_C48711,C48711,0.8581877487125771
SV1_C09058,C09058,0.9973332515470642
SV1_C88237,C88237,0.9906976896951687
SV1_C65410,C65410,0.9308219968674725
SV1_C51621,C51621,0.9111013105361431
SV1_C75016,C75016,0.9350849237998545
SV1_C88823,C88823,0.8750892367227894
SV1_C64231,C64231,0.8101928170317345
SV1_C96713,C96713,0.9288680326929292
SV1_C33714,C33714,0.8623973563010143
SV1_C95506,C95506,0.9991951756049506
SV1_C83482,C83482,0.9824236142636777
SV1_C52303,C52303,0.9366280456507659
SV1_C13257,C13257,0.9596502785273856
SV1_C13892,C13892,0.9035277493160037
SV1_C28886,C28886,0.8566270823903612
SV1_C85319,C85319,0.8561203329268244
SV1_C76844,C76844,0.9683604577778002
SV1_C98429,C98429,0.9342602597901114
SV1_C68423,C68423,0.9981256093596155
SV1_C26492,C26492,0.9945179608273701
SV1_C31910,C31910,0.9065820890414766
SV1_C67205,C67205,0.9926965864157289
SV1_C76300,C76300,0.9616054236061078
SV1_C58205,C58205,0.9708424993502688
SV1_C02517,C02517,0.8373926112440307
SV1_C43288,C43288,0.9219846178462298
SV1_C59490,C59490,0.8591936987274293
SV1_C85312,C85312,0.8611034352055451
SV1_C52890,C52890,0.8990594803540408
SV1_C00702,C00702,0.8467542729943583
SV1_C21013,C21013,0.908829711815904
SV1_C68495,C68495,0.9326238360351375
SV1_C34207,C34207,0.8701761860087858
SV1_C01218,C01218,0.9169560532023104
SV1_C66010,C66010,0.9391015632292355
SV1_C12625,C12625,0.9575923587192539
SV1_C90079,C90079,0.8961459330508686
SV1_C21716,C21716,0.9601418030473264
SV1_C91846,C91846,0.9092046690682105
SV1_C90645,C90645,0.9871116066804067
SV1_C67289,C67289,0.8546777453406297
SV1_C15004,C15004,0.8905424542434988
SV1_C10287,C10287,0.9564424960020373
SV1_C57023,C57023,0.9945010997273166
SV1_C45622,C45622,0.8802982006382727
SV1_C21014,C21014,0.8939587293704017
SV1_C71413,C71413,0.9839801017377298
SV1_C83404,C83404,0.9538032331381935
SV1_C44418,C44418,0.8790126587426302
SV1_C80422,C80422,0.9508145882519455
SV1_C48051,C48051,0.9308960287846136
SV1_C12033,C12033,0.9325961622552743
SV1_C96092,C96092,0.9207571014391416
SV1_C10230,C10230,0.9473414079980815
SV1_C00089,C00089,0.9137222985441427
SV1_C22276,C22276,0.9769813720645021
SV1_C63042,C63042,0.8944801643487466
SV1_C81100,C81100,0.8831834354147531
SV1_C44453,C44453,0.9986120539611227
SV1_C82284,C82284,0.8944776837054813
SV1_C65511,C65511,0.9309903279585753
SV1_C09056,C09056,0.8959545090398952
SV1_C100246,C100246,0.8774303229066466
SV1_C91864,C91864,0.9799130491231632
SV1_C15606,C15606,0.9375699291574934
SV1_C52233,C52233,0.9287907143254175
SV1_C27118,C27118,0.9469606009992473
SV1_C12708,C12708,0.9693972926070237
SV1_C83411,C83411,0.9959687641790251
SV1_C76304,C76304,0.9606459151980337
SV1_C43224,C43224,0.9148661696538773
SV1_C44509,C44509,0.9923697854672971
SV1_C95518,C95518,0.9517844704609324
SV1_C78610,C78610,0.9456271488984365
SV1_C33678,C33678,0.9751595583796326
SV1_C53402,C53402,0.893403598729405
SV1_C47459,C47459,0.9650725987536924
SV1_C55294,C55294,0.9838572935539905
SV1_C27085,C27085,0.9245679404721928
SV1_C52223,C52223,0.904650010600322
SV1_C76240,C76240,0.843712640086653
SV1_C22816,C22816,0.9694133606650692
SV1_C67886,C67886,0.9935007229833259
SV1_C51029,C51029,0.9035511213948537
SV1_C87026,C87026,0.9613128529214053
SV1_C66675,C66675,0.87451636842039
SV1_C92424,C92424,0.9148568631570915
SV1_C08442,C08442,0.8410829799936818
SV1_C71439,C71439,0.9744252366494676
SV1_C06095,C06095,0.9079824394301218
SV1_C43230,C43230,0.9192553105155172
SV1_C05505,C05505,0.8912220968071598
SV1_C67217,C67217,0.915441967324057
SV1_C78045,C78045,0.9299489344486774
SV1_C02492,C02492,0.8206870309416543
SV1_C01229,C01229,0.9776220676178421
SV1_C97815,C97815,0.9427245565258758
SV1_C58226,C58226,0.9059145713202833
SV1_C90713,C90713,0.9834540441939593
SV1_C70317,C70317,0.9576724275317892
SV1_C07211,C07211,0.874996394809939
SV1_C70215,C70215,0.9776714334561816
SV1_C28881,C28881,0.918183517386168
SV1_C00080,C00080,0.9252790017840514
SV1_C66684,C66684,0.96080101690022
SV1_C10821,C10821,0.9527041141251217
SV1_C32500,C32500,0.8344663187287543
SV1_C47486,C47486,0.9349834155681428
SV1_C69086,C69086,0.993147062661629
SV1_C59495,C59495,0.8670747364163327
SV1_C29488,C29488,0.912194462840482
SV1_C08463,C08463,0.952640309536718
SV1_C36607,C36607,0.9996486299905507
SV1_C85210,C85210,0.9077112686249139
SV1_C60683,C60683,0.8502367399214182
SV1_C01308,C01308,0.8847045768654788
SV1_C76268,C76268,0.9686138488193421
SV1_C01891,C01891,0.8806288795278637
SV1_C78611,C78611,0.9987589321684571
SV1_C52918,C52918,0.9682280046033035
SV1_C35489,C35489,0.9929849637552821
SV1_C40222,C40222,0.9795928369526344
SV1_C12084,C12084,0.9454831802127945
SV1_C22274,C22274,0.8561350922388108
SV1_C03619,C03619,0.9383594579866338
SV1_C85803,C85803,0.9306241299104745
SV1_C78052,C78052,0.9334624362809014
SV1_C10251,C10251,0.8931724403523733
SV1_C31308,C31308,0.8687004505501831
SV1_C64840,C64840,0.8580595847291641
SV1_C27040,C27040,0.8641261320756776
SV1_C07259,C07259,0.897253882850087
SV1_C76852,C76852,0.910689478774637
SV1_C13261,C13261,0.9709809548821752
SV1_C22836,C22836,0.9967307938139532
SV1_C88826,C88826,0.9666114076605655
SV1_C02504,C02504,0.9199439404515626
SV1_C72095,C72095,0.8983042030522416
SV1_C13273,C13273,0.8996244976709556
SV1_C69706,C69706,0.9553281387105814
SV1_C94800,C94800,0.9844082840013654
SV1_C10277,C10277,0.9907447161952424
SV1_C00019,C00019,0.9133982496092407
SV1_C16235,C16235,0.887057385566919
SV1_C05494,C05494,0.9020380282450821
SV1_C48719,C48719,0.9907815187305365
SV1_C78015,C78015,0.9798282809768857
SV1_C21076,C21076,0.9575834677039999
SV1_C19283,C19283,0.9733791416660105
SV1_C34804,C34804,0.8205723487062933
SV1_C25804,C25804,0.9225707831421079
SV1_C70319,C70319,0.9039912632660297
SV1_C31909,C31909,0.8506684538144651
SV1_C24602,C24602,0.9096329994176174
SV1_C90672,C90672,0.9795012782151743
SV1_C90668,C90668,0.9023660980446866
SV1_C58229,C58229,0.9625309090390091
SV1_C16891,C16891,0.8997267641399315
SV1_C07303,C07303,0.9738281169772931
SV1_C68505,C68505,0.9517359478244367
SV1_C50478,C50478,0.9042002312340158
SV1_C78604,C78604,0.8277001112153147
SV1_C61236,C61236,0.9584721559223047
SV1_C37215,C37215,0.9904831935738025
SV1_C82214,C82214,0.9196639172001083
SV1_C65502,C65502,0.9876771252448052
SV1_C13832,C13832,0.8935044004760329
SV1_C89483,C89483,0.9082807479847415
SV1_C85272,C85272,0.9762153500367341
SV1_C06107,C06107,0.9271571231732428
SV1_C91295,C91295,0.9958856420764092
SV1_C14447,C14447,0.8910058294501567
SV1_C61883,C61883,0.8708976278088233
SV1_C24614,C24614,0.9255215401037384
SV1_C01836,C01836,0.9902602810851547
SV1_C98416,C98416,0.9587557286944661
SV1_C61219,C61219,0.9250509354100086
SV1_C24117,C24117,0.9878161689230276
SV1_C82911,C82911,0.9812154750879613
SV1_C45690,C45690,0.9021267754824055
SV1_C27641,C27641,0.9244967984305469
SV1_C94806,C94806,0.946367170587313
SV1_C60637,C60637,0.9670023959825765
SV1_C11493,C11493,0.9384446116953838
SV1_C07889,C07889,0.8739741976244713
SV1_C76205,C76205,0.9475268911915
SV1_C90675,C90675,0.8783049553614556
SV1_C91815,C91815,0.9176093930894267
SV1_C00685,C00685,0.8961648541671796
SV1_C55875,C55875,0.9106763192142316
SV1_C78109,C78109,0.9244619006276193
SV1_C85912,C85912,0.8740629350013487
SV1_C24709,C24709,0.9425559775415305
SV1_C75709,C75709,0.9267099389985253
SV1_C34288,C34288,0.9505159636759736
SV1_C32509,C32509,0.8379277962929185
SV1_C22899,C22899,0.9128125577189174
SV1_C91827,C91827,0.9023222411101065
SV1_C97285,C97285,0.9436267941705617
SV1_C47474,C47474,0.9386122896218122
SV1_C11450,C11450,0.9733624113186152
SV1_C13904,C13904,0.8873299724514899
SV1_C73222,C73222,0.9773285190678063
SV1_C81107,C81107,0.936174121577843
SV1_C64810,C64810,0.9214532177055835
SV1_C13200,C13200,0.8610833250666977
SV1_C11404,C11404,0.9213708081466061
SV1_C88211,C88211,0.8681105192594291
SV1_C75679,C75679,0.9666607722385876
SV1_C60077,C60077,0.8896547053999243
SV1_C90103,C90103,0.9142086176625714
SV1_C42003,C42003,0.8934671874339394
SV1_C24631,C24631,0.9967407466564655
SV1_C88246,C88246,0.9741139327005285
SV1_C70904,C70904,0.9801816860701106
SV1_C01873,C01873,0.9538231066199674
SV1_C07867,C07867,0.9731349400342224
SV1_C55817,C55817,0.9311157502643809
SV1_C24043,C24043,0.8930126673486711
SV1_C57641,C57641,0.8198057489109221
SV1_C59477,C59477,0.8748442781453992
SV1_C12673,C12673,0.9147634985087827
SV1_C74411,C74411,0.8623753724754496
SV1_C35487,C35487,0.8989586620163014
SV1_C50486,C50486,0.8865491025652474
SV1_C51010,C51010,0.9101010549121245
SV1_C54702,C54702,0.9243058602196099
SV1_C10241,C10241,0.8760437834988216
SV1_C25234,C25234,0.8959340140335901
SV1_C60647,C60647,0.8865033910367606
SV1_C07276,C07276,0.9873416371774117
SV1_C88900,C88900,0.9436707865793116
SV1_C09009,C09009,0.9598679242227276
SV1_C84707,C84707,0.973156257625479
SV1_C75066,C75066,0.8675673517445834
SV1_C91869,C91869,0.9080915487884756
SV1_C75643,C75643,0.8852626064051312
SV1_C31283,C31283,0.9881052381602947
SV1_C30105,C30105,0.8222779617591551
SV1_C33603,C33603,0.8795669171470956
SV1_C07839,C07839,0.8741657309541158
SV1_C12649,C12649,0.9612809163628742
SV1_C81011,C81011,0.9689326771523271
SV1_C62513,C62513,0.9230639260323635
SV1_C31205,C31205,0.9025933189356631
SV1_C63672,C63672,0.9817597267672953
SV1_C46275,C46275,0.9812165744141952
SV1_C04906,C04906,0.9011139942975641
SV1_C83488,C83488,0.9036087982511671
SV1_C54675,C54675,0.961913155781475
SV1_C86467,C86467,0.9377503841561613
SV1_C65474,C65474,0.9190491398611235
SV1_C67315,C67315,0.9813945662975416
SV1_C76284,C76284,0.9100700146516766
SV1_C74436,C74436,0.9211313212308812
SV1_C15690,C15690,0.9043713099590478
SV1_C62413,C62413,0.9167085512683515
SV1_C06712,C06712,0.9138082553823863
SV1_C90665,C90665,0.9776539889173501
SV1_C77467,C77467,0.9074352633002082
SV1_C96103,C96103,0.9325373890068901
SV1_C59504,C59504,0.9327353936496003
SV1_C23410,C23410,0.9204397462397667
SV1_C03003,C03003,0.9978847802531069
SV1_C43850,C43850,0.9629263272218985
SV1_C58877,C58877,0.857825534558283
SV1_C27705,C27705,0.9441432495808326
SV1_C80413,C80413,0.9211576498656876
SV1_C78627,C78627,0.8401607667246416
SV1_C92510,C92510,0.9607574383833639
SV1_C33705,C33705,0.843649129246732
SV1_C78634,C78634,0.896517390457319
SV1_C23447,C23447,0.9569352080470539
SV1_C49231,C49231,0.9992823123933223
SV1_C84092,C84092,0.9496678108134256
SV1_C07808,C07808,0.9727614241934753
SV1_C95483,C95483,0.9104731998997021
SV1_C78694,C78694,0.9387324799273906
SV1_C71420,C71420,0.9876351289508337
SV1_C72662,C72662,0.9210858115974224
SV1_C99112,C99112,0.9307770132667278
SV1_C30088,C30088,0.9121826360621753
SV1_C93672,C93672,0.9269370336060145
SV1_C22840,C22840,0.9653324788504065
SV1_C72111,C72111,0.9917528799073615
SV1_C35513,C35513,0.9071038104221824
SV1_C15645,C15645,0.9548557230041677
SV1_C49247,C49247,0.9268978081343776
SV1_C28887,C28887,0.9799765874572459
SV1_C23474,C23474,0.8852481599223316
SV1_C83479,C83479,0.9218036955759866
SV1_C47430,C47430,0.9209954811673179
SV1_C95415,C95415,0.9165305249497048
SV1_C54615,C54615,0.8786667140554063
SV1_C06606,C06606,0.9027383757219911
SV1_C02475,C02475,0.8767820546967524
SV1_C01315,C01315,0.8662849770484062
SV1_C56422,C56422,0.9651902164756064
SV1_C87688,C87688,0.9624413001245747
SV1_C13319,C13319,0.8904095137242066
SV1_C35510,C35510,0.9063330208860548
SV1_C21034,C21034,0.881423224065668
SV1_C79275,C79275,0.9707898643177055
SV1_C84698,C84698,0.8518698341668004
SV1_C92431,C92431,0.8707174784484438
SV1_C45097,C45097,0.9983710331048234
SV1_C68440,C68440,0.930039256624852
SV1_C70889,C70889,0.9000342737538938
SV1_C12085,C12085,0.9322379232196015
SV1_C63677,C63677,0.9671327585777604
SV1_C32514,C32514,0.8398105785633238
SV1_C06616,C06616,0.9916002094999705
SV1_C87020,C87020,0.8588814051292021
SV1_C32502,C32502,0.9013390459924234
SV1_C51111,C51111,0.9803806665166293
SV1_C68403,C68403,0.9831168554179539
SV1_C88271,C88271,0.813482235322105
SV1_C52309,C52309,0.9315384373640107
SV1_C76283,C76283,0.9423581299114618
SV1_C06638,C06638,0.9683160380423317
SV1_C65506,C65506,0.9853100754815572
SV1_C46821,C46821,0.8443479681267231
SV1_C66085,C66085,0.9578900241161503
SV1_C76822,C76822,0.9309570792854425
SV1_C12707,C12707,0.9861664217570177
SV1_C03676,C03676,0.9959053025099822
SV1_C75674,C75674,0.8987764534010717
SV1_C70279,C70279,0.9790173009545821
SV1_C21622,C21622,0.8292224187434026
SV1_C03007,C03007,0.9979829764831502
SV1_C08435,C08435,0.9170008363674309
SV1_C43310,C43310,0.9631288452663599
SV1_C07226,C07226,0.9504269775668962
SV1_C59473,C59473,0.8743375596538052
SV1_C87102,C87102,0.8803397957868331
SV1_C74430,C74430,0.913647077071722
SV1_C00699,C00699,0.9108420118599894
SV1_C72100,C72100,0.8776286769673327
SV1_C19205,C19205,0.8647372409077223
SV1_C98417,C98417,0.9557039965314886
SV1_C57004,C57004,0.9966650575204727
SV1_C87064,C87064,0.9925073190384038
SV1_C97842,C97842,0.9965208552896169
SV1_C90644,C90644,0.9803311720854382
SV1_C79311,C79311,0.9007200878436219
SV1_C10211,C10211,0.8767422331710455
SV1_C13810,C13810,0.9297977719091275
SV1_C01829,C01829,0.9789873888828718
SV1_C21699,C21699,0.9017192458168737
SV1_C40803,C40803,0.9571255914982163
SV1_C73910,C73910,0.9097365386821819
SV1_C31291,C31291,0.9680818459842502
SV1_C89479,C89479,0.9106749406500401
SV1_C73253,C73253,0.9032327925538608
SV1_C48060,C48060,0.9290111510634969
SV1_C46307,C46307,0.8340068780388783
SV1_C22844,C22844,0.847261047815551
SV1_C03639,C03639,0.9737482639342854
SV1_C88820,C88820,0.8772685186953806
SV1_C13870,C13870,0.9486085625584826
SV1_C00641,C00641,0.957329562216093
SV1_C26424,C26424,0.8534225206908387
SV1_C85804,C85804,0.9016778190448405
SV1_C04205,C04205,0.9590310639129858
SV1_C17416,C17416,0.9437824883961702
SV1_C66627,C66627,0.8814518318734015
SV1_C27000,C27000,0.9291791341969184
SV1_C75018,C75018,0.9109727148878173
SV1_C79306,C79306,0.9112019474316697
SV1_C51635,C51635,0.8508107262763549
SV1_C64212,C64212,0.9231561738368321
SV1_C82811,C82811,0.9898571941810037
SV1_C01907,C01907,0.9145698519858138
SV1_C15634,C15634,0.9776391495483765
SV1_C82220,C82220,0.97999025394511
SV1_C99692,C99692,0.8918707894928488
SV1_C60118,C60118,0.8584370312818715
SV1_C65472,C65472,0.9990641388747873
SV1_C48618,C48618,0.9013487646123427
SV1_C13831,C13831,0.8634099074920741
SV1_C09070,C09070,0.9161630558828328
SV1_C88906,C88906,0.894447285229434
SV1_C76248,C76248,0.8699606501902735
SV1_C88215,C88215,0.8906072282422121
SV1_C27684,C27684,0.8277632067419388
SV1_C91303,C91303,0.87253371558091
SV1_C91915,C91915,0.8369521761850311
SV1_C63687,C63687,0.9700650914706606
SV1_C01847,C01847,0.9979762398317833
SV1_C54613,C54613,0.8911155149612122
SV1_C57043,C57043,0.8843012260558978
SV1_C77483,C77483,0.8977394796898991
SV1_C07868,C07868,0.978808649691168
SV1_C28215,C28215,0.9384741898983957
SV1_C45008,C45008,0.9101698652918871
SV1_C58223,C58223,0.8625342433137327
SV1_C81073,C81073,0.8658320999521553
SV1_C14425,C14425,0.9112376543732978
SV1_C94880,C94880,0.9161073740862873
SV1_C52807,C52807,0.8739409334865286
SV1_C43880,C43880,0.9907009853614348
SV1_C71501,C71501,0.9789841444156979
SV1_C34886,C34886,0.9538457015845914
SV1_C28213,C28213,0.9589891492050504
SV1_C58824,C58824,0.9670135648096715
SV1_C01239,C01239,0.9993451738617907
SV1_C94827,C94827,0.9705659571038818
SV1_C72038,C72038,0.8922700063578841
SV1_C10264,C10264,0.9021109607843583
SV1_C71475,C71475,0.925091653990944
SV1_C17440,C17440,0.978126492035459
SV1_C17445,C17445,0.9582626800307188
SV1_C94875,C94875,0.917622865114525
SV1_C44454,C44454,0.9659228389952078
SV1_C64202,C64202,0.9174392679686129
SV1_C09034,C09034,0.9533617415518748
SV1_C49238,C49238,0.9179537661041626
SV1_C46254,C46254,0.9643772365403877
SV1_C45659,C45659,0.9953421955099077
SV1_C68417,C68417,0.895540566677441
SV1_C24696,C24696,0.9312553495260175
SV1_C06643,C06643,0.899504624330365
SV1_C66107,C66107,0.9027202618131183
SV1_C92449,C92449,0.9284302757802686
SV1_C75609,C75609,0.9676485984399531
SV1_C62429,C62429,0.9722795696809459
SV1_C63092,C63092,0.8487473072625461
SV1_C03683,C03683,0.9070423996973325
SV1_C88259,C88259,0.9976781310643094
SV1_C97239,C97239,0.9771312151580185
SV1_C87710,C87710,0.9226531920562289
SV1_C94915,C94915,0.9377335895266237
SV1_C43202,C43202,0.9416232871168498
SV1_C88822,C88822,0.9143484876578826
SV1_C94297,C94297,0.973311177152028
SV1_C88919,C88919,0.9347310699440061
SV1_C43258,C43258,0.9617744132140096
SV1_C01888,C01888,0.8875139724415817
SV1_C49894,C49894,0.9156226535093385
SV1_C94872,C94872,0.9207682668995347
SV1_C69004,C69004,0.98757285362895
SV1_C91842,C91842,0.886990144145951
SV1_C70902,C70902,0.9153626526416867
SV1_C52292,C52292,0.9279640746674747
SV1_C85820,C85820,0.964938727474163
SV1_C04319,C04319,0.8569132925013788
SV1_C49297,C49297,0.9295061225094481
SV1_C87674,C87674,0.8968814529160283
SV1_C12062,C12062,0.9097966278364561
SV1_C12037,C12037,0.9019376829878225
SV1_C09651,C09651,0.8952730394751967
SV1_C11471,C11471,0.9054907717997805
SV1_C06011,C06011,0.9544212206653044
SV1_C91210,C91210,0.9560702928827335
SV1_C12670,C12670,0.89665511779872
SV1_C52811,C52811,0.8735578619465251
SV1_C08431,C08431,0.9217635804615578
SV1_C28893,C28893,0.9915354805826516
SV1_C04224,C04224,0.9398671168594409
SV1_C32506,C32506,0.9022568199728855
SV1_C72601,C72601,0.9908417079765157
SV1_C66638,C66638,0.9239784440461742
SV1_C09615,C09615,0.8653958627240711
SV1_C87632,C87632,0.9922949675409574
SV1_C23508,C23508,0.8989741459516147
SV1_C09066,C09066,0.8727947330585661
SV1_C89403,C89403,0.8652007366486667
SV1_C04801,C04801,0.9230154919984115
SV1_C56443,C56443,0.9122433822303384
SV1_C99100,C99100,0.877740596925492
SV1_C62518,C62518,0.885299389740997
SV1_C90040,C90040,0.9255442553646045
SV1_C09674,C09674,0.9450357942358444
SV1_C54012,C54012,0.8635251240678649
SV1_C88879,C88879,0.9164369078265981
SV1_C53484,C53484,0.959153968324471
SV1_C26514,C26514,0.895120547971658
SV1_C01910,C01910,0.8790696867888591
SV1_C82908,C82908,0.8870307552777315
SV1_C21613,C21613,0.9158817313698122
SV1_C33608,C33608,0.8287222017029793
SV1_C09003,C09003,0.8804984221394411
SV1_C17485,C17485,0.9421839581663236
SV1_C86496,C86496,0.9353841467086417
SV1_C98515,C98515,0.9011061720272693
SV1_C52904,C52904,0.9616761452177378
SV1_C57036,C57036,0.8475431671886742
SV1_C52314,C52314,0.9269959601460107
SV1_C19837,C19837,0.8856515373132736
SV1_C27073,C27073,0.901304850840695
SV1_C76311,C76311,0.9579139996804028
SV1_C08407,C08407,0.8799183004880275
SV1_C99032,C99032,0.977262113645351
SV1_C88905,C88905,0.9462602725778742
SV1_C68408,C68408,0.9881218930636569
SV1_C55909,C55909,0.9721007094320469
SV1_C60042,C60042,0.8460638106872029
SV1_C66005,C66005,0.9808273242241742
SV1_C46219,C46219,0.9436156050137465
SV1_C66035,C66035,0.8673455089955057
SV1_C08425,C08425,0.999689037835179
SV1_C64879,C64879,0.8921923643260777
SV1_C82310,C82310,0.8994457039544635
SV1_C97875,C97875,0.8656903059983048
SV1_C62476,C62476,0.9721752544960148
SV1_C67829,C67829,0.9876716283254412
SV1_C57697,C57697,0.9110963168671831
SV1_C43263,C43263,0.9920854812251246
SV1_C31209,C31209,0.9061995249105201
SV1_C55834,C55834,0.9406428000610199
SV1_C26401,C26401,0.9209177652275378
SV1_C04215,C04215,0.986232290428498
SV1_C71496,C71496,0.9843303664783659
SV1_C97241,C97241,0.9605709295356608
SV1_C55244,C55244,0.9795426701588903
SV1_C38410,C38410,0.953272983178851
SV1_C11507,C11507,0.9315354078847287
SV1_C13276,C13276,0.8836949066716301
SV1_C87638,C87638,0.958206961321838
SV1_C70201,C70201,0.9509241401972114
SV1_C46870,C46870,0.9820828754010958
SV1_C60076,C60076,0.8297281980421489
SV1_C27708,C27708,0.9678402332454681
SV1_C86462,C86462,0.9398780438354273
SV1_C70814,C70814,0.92374676946636
SV1_C09710,C09710,0.8789638650586191
SV1_C54107,C54107,0.9338305389950026
SV1_C27687,C27687,0.8603439950668957
SV1_C84700,C84700,0.8856335901933529
SV1_C97822,C97822,0.9489903351211988
SV1_C72689,C72689,0.8432011091004127
SV1_C23435,C23435,0.985512688727555
SV1_C48607,C48607,0.921054652523874
SV1_C07817,C07817,0.9092821724755272
SV1_C63606,C63606,0.9098642300219595
SV1_C54116,C54116,0.9392763455550927
SV1_C25814,C25814,0.9081604354559301
SV1_C55240,C55240,0.8943128255422879
SV1_C12689,C12689,0.9898384168452911
SV1_C33706,C33706,0.8911810229827888
SV1_C15612,C15612,0.8988413473199132
SV1_C75055,C75055,0.9172412084575579
SV1_C93064,C93064,0.985970482885537
SV1_C82817,C82817,0.9109184072999574
SV1_C09022,C09022,0.9960156629571276
SV1_C67875,C67875,0.8623212514925874
SV1_C55904,C55904,0.986080123026404
SV1_C99033,C99033,0.9852094242799956
SV1_C36016,C36016,0.950449846975867
SV1_C11512,C11512,0.9106308983340858
SV1_C73271,C73271,0.8704438243856023
SV1_C19224,C19224,0.8597023780772691
SV1_C25206,C25206,0.9065788993471128
SV1_C53517,C53517,0.9548778879538953
SV1_C85812,C85812,0.8943231068894937
SV1_C48694,C48694,0.9482670803518309
SV1_C08468,C08468,0.9850425756368449
SV1_C86499,C86499,0.9362296480969379
SV1_C12719,C12719,0.8801197795798916
SV1_C00110,C00110,0.8537812999170875
SV1_C78019,C78019,0.9349760077848528
SV1_C21688,C21688,0.9624035581569484
SV1_C24698,C24698,0.9973693563253814
SV1_C00008,C00008,0.9930065681582497
SV1_C51602,C51602,0.9020863322803867
SV1_C96030,C96030,0.8986658054367059
SV1_C34880,C34880,0.9301344265047087
SV1_C81712,C81712,0.8863938582550214
SV1_C24037,C24037,0.9782914833413717
SV1_C99083,C99083,0.8610514936750621
SV1_C43914,C43914,0.9247670806208466
SV1_C34318,C34318,0.9394989262104334
SV1_C49835,C49835,0.9901418377814097
SV1_C22843,C22843,0.8819610379885281
SV1_C57713,C57713,0.9885997300569374
SV1_C75098,C75098,0.9092195428009519
SV1_C77484,C77484,0.9204930965791609
SV1_C30091,C30091,0.9617050493882752
SV1_C85213,C85213,0.8884031349489123
SV1_C75615,C75615,0.845201356841427
SV1_C78087,C78087,0.8881984005734069
SV1_C81112,C81112,0.8859712080705127
SV1_C69015,C69015,0.985392299278253
SV1_C10897,C10897,0.9740446892181162
SV1_C45033,C45033,0.9366087296339564
SV1_C98431,C98431,0.9940176557107884
SV1_C58280,C58280,0.8797386842808367
SV1_C49834,C49834,0.9148543557885938
SV1_C18094,C18094,0.9071748098748472
SV1_C67901,C67901,0.9596992819733052
SV1_C69005,C69005,0.9967077911920919
SV1_C100304,C100304,0.9021232351307191
SV1_C72668,C72668,0.9479040334589031
SV1_C28281,C28281,0.8213910082306948
SV1_C23480,C23480,0.9853749466462578
SV1_C54712,C54712,0.9352516853858618
SV1_C43805,C43805,0.8763027232514649
SV1_C64298,C64298,0.9588280071862745
SV1_C88264,C88264,0.9935068424261798
SV1_C28300,C28300,0.9426699441849721
SV1_C65446,C65446,0.9448164471391243
SV1_C10898,C10898,0.9051418287885594
SV1_C40809,C40809,0.9906673190888612
SV1_C60717,C60717,0.9104790393074452
SV1_C23481,C23481,0.9722183415138624
SV1_C53497,C53497,0.9598196780848757
SV1_C73883,C73883,0.9928291127750468
SV1_C59489,C59489,0.9826452977461081
SV1_C17477,C17477,0.964251260771139
SV1_C90660,C90660,0.9457335707615594
SV1_C33614,C33614,0.8776446938815177
SV1_C58880,C58880,0.8764399321669543
SV1_C04824,C04824,0.9035512469230188
SV1_C13895,C13895,0.9789658258306057
SV1_C45010,C45010,0.9424799829827419
SV1_C05425,C05425,0.9448069190996864
SV1_C34801,C34801,0.8267768576745247
SV1_C58318,C58318,0.8617758401266893
SV1_C79879,C79879,0.9773999745068844
SV1_C00619,C00619,0.9194514183261123
SV1_C48005,C48005,0.983512518268144
SV1_C38409,C38409,0.9427870124116844
SV1_C03689,C03689,0.9501025719000346
SV1_C94833,C94833,0.8831081035486672
SV1_C49876,C49876,0.9368866067636714
SV1_C42012,C42012,0.9792588203632346
SV1_C63692,C63692,0.8749231023334458
SV1_C27639,C27639,0.8370129028340338
SV1_C64816,C64816,0.9290105782042369
SV1_C76861,C76861,0.9196995717078047
SV1_C07278,C07278,0.9455598737662193
SV1_C64836,C64836,0.9464066919169062
SV1_C93693,C93693,0.9134278407042259
SV1_C46843,C46843,0.8995711064419168
SV1_C87651,C87651,0.9992911612052403
SV1_C25807,C25807,0.9727091674277548
SV1_C34873,C34873,0.9370139224913093
SV1_C13294,C13294,0.9151206697858316
SV1_C61214,C61214,0.9795477953138543
SV1_C90679,C90679,0.8776091492302793
SV1_C100242,C100242,0.9050907288068012
SV1_C72101,C72101,0.8639087517297065
SV1_C78661,C78661,0.9054296813525019
SV1_C11463,C11463,0.9641350750428285
SV1_C65473,C65473,0.9879770678881874
SV1_C22308,C22308,0.8891457980273559
SV1_C49897,C49897,0.9405166650182876
SV1_C79302,C79302,0.9128163563673432
SV1_C07805,C07805,0.9640514450167778
SV1_C70824,C70824,0.8980595754586198
SV1_C45664,C45664,0.928785939575517
SV1_C57605,C57605,0.9718630874817811
SV1_C63038,C63038,0.830826468821084
SV1_C22306,C22306,0.9738902481914697
SV1_C69024,C69024,0.9713894209006139
SV1_C26507,C26507,0.9107231784477515
SV1_C61276,C61276,0.8810863873857145
SV1_C01880,C01880,0.9633269610964702
SV1_C26477,C26477,0.9264789460584557
SV1_C34814,C34814,0.9042120018077922
SV1_C51636,C51636,0.9606037586782009
SV1_C69108,C69108,0.9688575947997489
SV1_C93702,C93702,0.9954242527562774
SV1_C60623,C60623,0.8689820609623825
SV1_C49892,C49892,0.9638890049278507
SV1_C18028,C18028,0.9303260218241826
SV1_C10274,C10274,0.9400391813736898
SV1_C98498,C98498,0.9527559368332174
SV1_C09684,C09684,0.9568569035179811
SV1_C48030,C48030,0.9290570930276235
SV1_C01814,C01814,0.9621965149920904
SV1_C07319,C07319,0.9785581232679836
SV1_C97305,C97305,0.960905403675348
SV1_C56480,C56480,0.9353357885427037
SV1_C70830,C70830,0.8633376682485144
SV1_C07904,C07904,0.9209974505331917
SV1_C88212,C88212,0.9321532921428027
SV1_C51076,C51076,0.9991933006360498
SV1_C72684,C72684,0.9205923517635616
SV1_C26518,C26518,0.9722023804724337
SV1_C07277,C07277,0.9963476263807111
SV1_C94313,C94313,0.9246427614675695
SV1_C09716,C09716,0.8757750052026126
SV1_C64288,C64288,0.9064385328692367
SV1_C96624,C96624,0.9062871652120685
SV1_C54605,C54605,0.9013930704127406
SV1_C61207,C61207,0.9229755271543201
SV1_C48116,C48116,0.9896548914910744
SV1_C00691,C00691,0.868515875901119
SV1_C07273,C07273,0.9963336019736402
SV1_C46277,C46277,0.9959608108989468
SV1_C51019,C51019,0.8804449816222164
SV1_C72023,C72023,0.9318934706602797
SV1_C100272,C100272,0.9263411406254949
SV1_C16288,C16288,0.8466451287357336
SV1_C06677,C06677,0.8869737712518732
SV1_C98400,C98400,0.9969346873849727
SV1_C85822,C85822,0.9336702644658671
SV1_C66108,C66108,0.9350684490950658
SV1_C59514,C59514,0.923773125606523
SV1_C44457,C44457,0.9993804069500662
SV1_C69012,C69012,0.9635611515497293
SV1_C99107,C99107,0.9081181623862078
SV1_C76879,C76879,0.8980993265238393
SV1_C68433,C68433,0.9786994929003444
SV1_C15044,C15044,0.9091410757859489
SV1_C84018,C84018,0.8961218057892962
SV1_C18041,C18041,0.9774128907670292
SV1_C15018,C15018,0.9388975373279036
SV1_C49268,C49268,0.8662555728717795
SV1_C31907,C31907,0.9915137539156276
SV1_C59494,C59494,0.8425103021051272
SV1_C43309,C43309,0.9880946671171079
SV1_C60009,C60009,0.9670902738079903
SV1_C64285,C64285,0.9200916102127036
SV1_C45673,C45673,0.9968663048946552
SV1_C12066,C12066,0.8517631758707392
SV1_C09663,C09663,0.9633275040714486
SV1_C59437,C59437,0.9526041215125342
SV1_C72030,C72030,0.912885212111471
SV1_C01879,C01879,0.8696624658754354
SV1_C00638,C00638,0.9435766261975125
SV1_C97313,C97313,0.9247780234640185
SV1_C28308,C28308,0.9784951818236561
SV1_C72108,C72108,0.9079304359600937
SV1_C44456,C44456,0.9927162127042075
SV1_C100213,C100213,0.9119026282483185
SV1_C74488,C74488,0.8715282044538302
SV1_C76301,C76301,0.9537637835986837
SV1_C28228,C28228,0.9932256174773353
SV1_C96108,C96108,0.9233867341338925
SV1_C06647,C06647,0.9895210738187646
SV1_C19208,C19208,0.8703842242579766
SV1_C91812,C91812,0.9261212534532721
SV1_C37812,C37812,0.9212938143731216
SV1_C48090,C48090,0.8672872198479764
SV1_C78079,C78079,0.902707599113001
SV1_C62420,C62420,0.9187818368180712
SV1_C44470,C44470,0.9995355369464648
SV1_C91866,C91866,0.9572722590350765
SV1_C23421,C23421,0.9024555113254383
SV1_C44432,C44432,0.9362730550852243
SV1_C79898,C79898,0.9161251715497974
SV1_C13220,C13220,0.9563738900601998
SV1_C30072,C30072,0.9697058940311902
SV1_C31881,C31881,0.9775966076519327
SV1_C83511,C83511,0.9931973129463839
SV1_C93113,C93113,0.9459326860817066
SV1_C91204,C91204,0.9050479205248717
SV1_C47427,C47427,0.907108182091524
SV1_C30604,C30604,0.8843062225213405
SV1_C100275,C100275,0.8324258214460506
SV1_C54628,C54628,0.9838260853776257
SV1_C88800,C88800,0.93282769483562
SV1_C87098,C87098,0.8741329650893706
SV1_C28288,C28288,0.8797287601150648
SV1_C44493,C44493,0.8838463964002125
SV1_C90068,C90068,0.9135687124113056
SV1_C25205,C25205,0.9092111615623523
SV1_C66647,C66647,0.8705525603212455
SV1_C02483,C02483,0.8837186588529926
SV1_C67200,C67200,0.9860777849247551
SV1_C28875,C28875,0.9590821370307526
SV1_C24046,C24046,0.8975546003241046
SV1_C58292,C58292,0.9064204368871207
SV1_C96602,C96602,0.9576596153382647
SV1_C96692,C96692,0.9204391573442152
SV1_C22292,C22292,0.9620505034445876
SV1_C94290,C94290,0.9019030330619
SV1_C78651,C78651,0.9103625618362496
SV1_C22302,C22302,0.9767205097160984
SV1_C64876,C64876,0.9996349258793864
SV1_C69684,C69684,0.9352218298960344
SV1_C51622,C51622,0.8804759643020326
SV1_C06112,C06112,0.8948115312174756
SV1_C44433,C44433,0.9245168972570371
SV1_C88309,C88309,0.974671620215181
SV1_C54009,C54009,0.8752329898817034
SV1_C45627,C45627,0.8331885867052459
SV1_C08515,C08515,0.9126005795873459
SV1_C91838,C91838,0.8643587394754884
SV1_C25287,C25287,0.9584115838811171
SV1_C89487,C89487,0.892329282286001
SV1_C30611,C30611,0.8871211749319485
SV1_C96704,C96704,0.9363369885505552
SV1_C08400,C08400,0.9693216826957044
SV1_C75699,C75699,0.9772107117438412
SV1_C78691,C78691,0.9320591297654223
SV1_C09667,C09667,0.9928620071638227
SV1_C46309,C46309,0.991496371496762
SV1_C17402,C17402,0.9260649832263288
SV1_C15637,C15637,0.9242093621922001
SV1_C89417,C89417,0.958056704540225
SV1_C60697,C60697,0.9533223727188548
SV1_C72057,C72057,0.8930307298155572
SV1_C32421,C32421,0.9305697413489723
SV1_C82308,C82308,0.8743647319859856
SV1_C57089,C57089,0.9936353996714069
SV1_C50513,C50513,0.8546768187849723
SV1_C05401,C05401,0.9141428560618434
SV1_C99701,C99701,0.918229934666892
SV1_C94295,C94295,0.9329256977587064
SV1_C57037,C57037,0.8480424207295417
SV1_C90601,C90601,0.9196085246537518
SV1_C85808,C85808,0.9011319170708861
SV1_C51078,C51078,0.903394237009012
SV1_C10257,C10257,0.9470610234856828
SV1_C86469,C86469,0.9266931943727359
SV1_C52229,C52229,0.931829441984181
SV1_C89450,C89450,0.9204507350505101
SV1_C93636,C93636,0.8752010575522754
SV1_C85223,C85223,0.9162149784179328
SV1_C04823,C04823,0.8462604330480591
SV1_C29479,C29479,0.9696556119519019
SV1_C61902,C61902,0.9997285487831735
SV1_C58298,C58298,0.9529459680884456
SV1_C11492,C11492,0.8991029266438303
SV1_C34211,C34211,0.8680476082492314
SV1_C53421,C53421,0.905496372873651
SV1_C99645,C99645,0.9174397677557647
SV1_C52279,C52279,0.9981730323572376
SV1_C00603,C00603,0.9826034033044972
SV1_C45111,C45111,0.8319353211379223
SV1_C03083,C03083,0.8927313148426667
SV1_C13850,C13850,0.8475780809984118
SV1_C93712,C93712,0.9288255314203524
SV1_C55219,C55219,0.9383111423498607
SV1_C59419,C59419,0.9392343066364126
SV1_C07301,C07301,0.8964052049057291
SV1_C74510,C74510,0.9064789052621097
SV1_C07828,C07828,0.9905900469598558
SV1_C05420,C05420,0.9226971627808411
SV1_C70228,C70228,0.8945532020467103
SV1_C58888,C58888,0.9988605952889675
SV1_C91835,C91835,0.923876281863917
SV1_C26444,C26444,0.8134109705174083
SV1_C25819,C25819,0.9682091726887286
SV1_C95445,C95445,0.8709791132237555
SV1_C15078,C15078,0.9993896298927907
SV1_C55301,C55301,0.9917227887667742
SV1_C84678,C84678,0.9673322505618933
SV1_C49207,C49207,0.8740364889449701
SV1_C02411,C02411,0.9945026791573696
SV1_C13284,C13284,0.9488042299667664
SV1_C03714,C03714,0.9377777500744088
SV1_C10892,C10892,0.9142347385967067
SV1_C30699,C30699,0.9958781181202521
SV1_C52873,C52873,0.9768369415579029
SV1_C73202,C73202,0.9349304146084861
SV1_C92409,C92409,0.8966305092555652
SV1_C25240,C25240,0.926720322687686
SV1_C66034,C66034,0.9090077767758807
SV1_C82899,C82899,0.9631636597000931
SV1_C87093,C87093,0.8214854946334638
SV1_C97889,C97889,0.9842722711417574
SV1_C82887,C82887,0.9742512928738244
SV1_C01893,C01893,0.8538651322385046
SV1_C91861,C91861,0.9662087624642163
SV1_C60704,C60704,0.9253872571665546
SV1_C02494,C02494,0.8938889612263554
SV1_C04915,C04915,0.9318364496896167
SV1_C34313,C34313,0.8383004591772428
SV1_C09072,C09072,0.9871516269061361
SV1_C33018,C33018,0.8908304063143322
SV1_C22837,C22837,0.9878397974184441
SV1_C43237,C43237,0.9449334880039927
SV1_C07286,C07286,0.9207373915126966
SV1_C88899,C88899,0.9282289042199886
SV1_C51108,C51108,0.9181624755465255
SV1_C86404,C86404,0.9434651784585344
SV1_C40814,C40814,0.9655695051875509
SV1_C51692,C51692,0.9239308103341768
SV1_C98446,C98446,0.9142610154370326
SV1_C54023,C54023,0.9405181598002772
SV1_C40208,C40208,0.9743852492814515
SV1_C79919,C79919,0.9406301480113909
SV1_C10824,C10824,0.9640848371741445
SV1_C06646,C06646,0.9483634218899613
SV1_C88818,C88818,0.9705457364402744
SV1_C60029,C60029,0.990097854847251
SV1_C45072,C45072,0.9909310416586192
SV1_C33687,C33687,0.9577784957820477
SV1_C93051,C93051,0.990622888261511
SV1_C89429,C89429,0.9983763382849927
SV1_C19231,C19231,0.8678624412089659
SV1_C01316,C01316,0.8500769342447383
SV1_C14408,C14408,0.8956732896524701
SV1_C33017,C33017,0.8685911563788918
SV1_C70307,C70307,0.9848634143306548
SV1_C64873,C64873,0.9879131436434342
SV1_C11518,C11518,0.869310538482595
SV1_C03031,C03031,0.9693614425737688
SV1_C73911,C73911,0.9911460178482766
SV1_C74416,C74416,0.9398350625573081
SV1_C62415,C62415,0.8999490314399103
SV1_C04803,C04803,0.9871116754052173
SV1_C20447,C20447,0.8631474828839382
SV1_C91903,C91903,0.8130243809519119
SV1_C31217,C31217,0.8959971559007857
SV1_C53429,C53429,0.9580147627175524
SV1_C63084,C63084,0.9850012037531645
SV1_C76900,C76900,0.9693960885804014
SV1_C91826,C91826,0.8714360074118739
SV1_C46202,C46202,0.9420504673875274
SV1_C46236,C46236,0.9509886205067714
SV1_C61903,C61903,0.9166112480726197
SV1_C15693,C15693,0.9544701426497196
SV1_C05421,C05421,0.9151903545466767
SV1_C78693,C78693,0.8737590336576821
SV1_C19843,C19843,0.9031440889978328
SV1_C94244,C94244,0.836687091900924
SV1_C93098,C93098,0.9809829453144777
SV1_C89434,C89434,0.9691176391077934
SV1_C95442,C95442,0.9872532888636132
SV1_C97216,C97216,0.9586912385524408
SV1_C06679,C06679,0.8815979034343554
SV1_C95444,C95444,0.8420226564194725
SV1_C56511,C56511,0.9815349083502435
SV1_C54608,C54608,0.8979593162214617
SV1_C22831,C22831,0.9820301560394475
SV1_C04293,C04293,0.8555974899702065
SV1_C30672,C30672,0.9802484405845353
SV1_C09660,C09660,0.8657163787997366
SV1_C35516,C35516,0.9145804814008631
SV1_C85318,C85318,0.8937576353029989
SV1_C10311,C10311,0.9530531503994337
SV1_C57642,C57642,0.8816288218901054
SV1_C57104,C57104,0.899489127916781
SV1_C79810,C79810,0.903969358884449
SV1_C13301,C13301,0.9343648281718386
SV1_C88891,C88891,0.9201795290711303
SV1_C82307,C82307,0.9571346350705215
SV1_C85802,C85802,0.8913982319081225
SV1_C76836,C76836,0.9362858149193114
SV1_C56416,C56416,0.9513111628353009
SV1_C88202,C88202,0.9079229133766937
SV1_C08517,C08517,0.8616022747246802
SV1_C90719,C90719,0.9065924829234178
SV1_C87704,C87704,0.9549073057602371
SV1_C67302,C67302,0.9991747701090924
SV1_C59442,C59442,0.8579436929367195
SV1_C60093,C60093,0.8857854534101944
SV1_C16880,C16880,0.9831390412197228
SV1_C10267,C10267,0.9967755907865439
SV1_C86491,C86491,0.895649955633073
SV1_C02435,C02435,0.9827251944516414
SV1_C10266,C10266,0.8793260823595941
SV1_C06045,C06045,0.9857305682680345
SV1_C39602,C39602,0.9491819408403209
SV1_C82272,C82272,0.9161236607924993
SV1_C51696,C51696,0.9410178440963763
SV1_C48624,C48624,0.9849966957418798
SV1_C30112,C30112,0.90098359884239
SV1_C03096,C03096,0.9321905287129002
SV1_C41414,C41414,0.9756932239282864
SV1_C65443,C65443,0.9127500209916696
SV1_C36019,C36019,0.9603662228949437
SV1_C04212,C04212,0.944546999959754
SV1_C28317,C28317,0.9422006950234837
SV1_C76219,C76219,0.850481687509932
SV1_C80515,C80515,0.8986802823497912
SV1_C00090,C00090,0.9540255750102804
SV1_C28230,C28230,0.9703899454542702
SV1_C46314,C46314,0.9265108028372877
SV1_C60694,C60694,0.848070617382146
SV1_C82809,C82809,0.94748504048491
SV1_C15604,C15604,0.8887304845823712
SV1_C25291,C25291,0.9882004134540829
SV1_C22229,C22229,0.9660096384085971
SV1_C17423,C17423,0.8981622224032486
SV1_C01295,C01295,0.8346555723613361
SV1_C45660,C45660,0.98205945252078
SV1_C99625,C99625,0.9980755825121692
SV1_C21025,C21025,0.9019855179260409
SV1_C60112,C60112,0.997333805517055
SV1_C39609,C39609,0.9655435240418319
SV1_C93708,C93708,0.9237470974555231
SV1_C100222,C100222,0.9738466671780461
SV1_C28214,C28214,0.9846413844899822
SV1_C58830,C58830,0.9163042951453033
SV1_C69075,C69075,0.9125431669701201
SV1_C77431,C77431,0.9465578922499829
SV1_C04231,C04231,0.9315713798505477
SV1_C97885,C97885,0.9557515616234992
SV1_C51038,C51038,0.9258328205767069
SV1_C40217,C40217,0.9472449997462632
SV1_C57012,C57012,0.9892449511064925
SV1_C94289,C94289,0.9001883822981707
SV1_C96016,C96016,0.9511635989709125
SV1_C67272,C67272,0.9836832641352351
SV1_C78631,C78631,0.8384641125748247
SV1_C63711,C63711,0.9128674645433589
SV1_C07283,C07283,0.9639399053704792
SV1_C95497,C95497,0.9737830994855166
SV1_C04300,C04300,0.9474445280572996
SV1_C09060,C09060,0.8669888034424864
SV1_C79201,C79201,0.9214616308423645
SV1_C55902,C55902,0.920778927419063
SV1_C00039,C00039,0.9993806551986926
SV1_C33622,C33622,0.9397836386784438
SV1_C48067,C48067,0.8957485084769125
SV1_C99040,C99040,0.9093072258831414
SV1_C65405,C65405,0.9729782909248323
SV1_C51016,C51016,0.8618684640824812
SV1_C48007,C48007,0.9666389305667096
SV1_C79909,C79909,0.8681642661230143
SV1_C81095,C81095,0.994778977888911
SV1_C45669,C45669,0.9705866400060816
SV1_C61838,C61838,0.9169617096726621
SV1_C16241,C16241,0.9284338723692056
SV1_C93618,C93618,0.9274075916429595
SV1_C55233,C55233,0.9987899356279156
SV1_C19840,C19840,0.9207797556043685
SV1_C75651,C75651,0.9037431878789088
SV1_C78625,C78625,0.9420592014647617
SV1_C08485,C08485,0.9748822300984392
SV1_C75701,C75701,0.9414458841986579
SV1_C00705,C00705,0.8718271050399495
SV1_C82879,C82879,0.947562420582606
SV1_C03677,C03677,0.9850319942650422
SV1_C45694,C45694,0.8582925270705449
SV1_C17482,C17482,0.9681866128215422
SV1_C43915,C43915,0.8328494943545822
SV1_C10888,C10888,0.9059952340562185
SV1_C44403,C44403,0.999606582892071
SV1_C35478,C35478,0.9474851426394977
SV1_C99619,C99619,0.9019590543781955
SV1_C05498,C05498,0.8631885594841793
SV1_C34291,C34291,0.896050525603914
SV1_C24703,C24703,0.9223927027340829
SV1_C49908,C49908,0.9852190649039955
SV1_C24003,C24003,0.9842068253775422
SV1_C91886,C91886,0.8979862494033621
SV1_C97800,C97800,0.9998827399868457
SV1_C34893,C34893,0.8929385874969221
SV1_C85877,C85877,0.9997430243683795
SV1_C99708,C99708,0.9300868076730735
SV1_C91246,C91246,0.9433074125946576
SV1_C47511,C47511,0.8113343977425881
SV1_C12068,C12068,0.9840101329586133
SV1_C43907,C43907,0.8504997872069708
SV1_C81103,C81103,0.9308942161957507
SV1_C84613,C84613,0.9108432591138265
SV1_C76213,C76213,0.9440523364432084
SV1_C69106,C69106,0.9851517609300869
SV1_C69084,C69084,0.8843683649056082
SV1_C50432,C50432,0.9210193089679569
SV1_C04213,C04213,0.9535157377424353
SV1_C88251,C88251,0.9978059993342786
SV1_C45028,C45028,0.94979110985515
SV1_C03709,C03709,0.9048613776223668
SV1_C28200,C28200,0.9401479535818523
SV1_C47415,C47415,0.9739383151935839
SV1_C01240,C01240,0.954059859925874
SV1_C53475,C53475,0.9909190075605265
SV1_C53483,C53483,0.9937365746267389
SV1_C48115,C48115,0.9070238886180564
SV1_C94310,C94310,0.9836211264980018
SV1_C10842,C10842,0.8839222680207813
SV1_C81707,C81707,0.9471918219869142
SV1_C96687,C96687,0.9024752674864612
SV1_C96088,C96088,0.9535644215841005
SV1_C94282,C94282,0.9973186094545514
SV1_C58289,C58289,0.9858200367180812
SV1_C72603,C72603,0.8624834151630717
SV1_C81600,C81600,0.9471392632289813
SV1_C44449,C44449,0.9975610754007035
SV1_C64240,C64240,0.869070432830788
SV1_C13893,C13893,0.8871493885016766
SV1_C45102,C45102,0.9738756519259888
SV1_C24073,C24073,0.9510444227317623
SV1_C42615,C42615,0.8724651506562042
SV1_C68497,C68497,0.9548021183705667
SV1_C48695,C48695,0.8332525755647835
SV1_C43817,C43817,0.8159984967959092
SV1_C13240,C13240,0.8903143135617607
SV1_C51601,C51601,0.8810022613745977
SV1_C96076,C96076,0.9085265233831805
SV1_C35502,C35502,0.9230919884262431
SV1_C19214,C19214,0.9214830985117057
SV1_C75114,C75114,0.8618799845504235
SV1_C22311,C22311,0.8851742799651847
SV1_C43229,C43229,0.9004396103668769
SV1_C80478,C80478,0.9240850785264577
SV1_C01872,C01872,0.9680217309171609
SV1_C58278,C58278,0.9046581935922003
SV1_C69628,C69628,0.9263692387322965
SV1_C07886,C07886,0.9241719796664069
SV1_C03015,C03015,0.9853026024211098
SV1_C55236,C55236,0.9683354123858362
SV1_C33098,C33098,0.8884066361500136
SV1_C91841,C91841,0.8970332848935783
SV1_C51082,C51082,0.902924569124132
SV1_C07887,C07887,0.9416413370159954
SV1_C22297,C22297,0.9500633269438189
SV1_C87666,C87666,0.9691214605048865
SV1_C07316,C07316,0.860072256496525
SV1_C74426,C74426,0.9128209543230311
SV1_C86430,C86430,0.9583371821865608
SV1_C31873,C31873,0.9783577173922269
SV1_C17413,C17413,0.9169713585593715
SV1_C28889,C28889,0.9023270129859714
SV1_C31211,C31211,0.8840580278758404
SV1_C26495,C26495,0.873957814094873
SV1_C21611,C21611,0.9858593617501086
SV1_C71478,C71478,0.8898872891862398
SV1_C64875,C64875,0.8812938697799431
SV1_C71411,C71411,0.8953976877783177
SV1_C61226,C61226,0.9444457195066701
SV1_C82886,C82886,0.9120335903580571
SV1_C87016,C87016,0.9069337668216377
SV1_C53490,C53490,0.9029204402988046
SV1_C08483,C08483,0.9604101301244367
SV1_C12087,C12087,0.9588266050356824
SV1_C01306,C01306,0.8562945437863708
SV1_C75005,C75005,0.9794394539096316
SV1_C86436,C86436,0.9761636441642975
SV1_C00701,C00701,0.8758445746802069
SV1_C94238,C94238,0.9445145420777047
SV1_C96013,C96013,0.979262021837002
SV1_C10234,C10234,0.9473364268484005
SV1_C94887,C94887,0.9143362215881108
SV1_C10269,C10269,0.9894649965129132
SV1_C46268,C46268,0.9377620986874232
SV1_C82285,C82285,0.8660446766864635
SV1_C87010,C87010,0.9078968229590201
SV1_C90041,C90041,0.9340297640559827
SV1_C46227,C46227,0.8424858613016699
SV1_C61840,C61840,0.8726085310649274
SV1_C89453,C89453,0.9233337366903415
SV1_C02403,C02403,0.9954445912105402
SV1_C15079,C15079,0.9317637568701168
SV1_C46861,C46861,0.9815103130455256
SV1_C67905,C67905,0.9568527483708444
SV1_C78605,C78605,0.8626524820679948
SV1_C16210,C16210,0.9407951689084003
SV1_C63614,C63614,0.9003588418737172
SV1_C56485,C56485,0.9640810555872971
SV1_C84084,C84084,0.8833446478607212
SV1_C46804,C46804,0.9551016492175107
SV1_C77474,C77474,0.9971181205791186
SV1_C67813,C67813,0.9725565555794574
SV1_C06114,C06114,0.8839387610041768
SV1_C10804,C10804,0.9412984951912402
SV1_C76318,C76318,0.8925676557540034
SV1_C57718,C57718,0.8613983325668682
SV1_C22277,C22277,0.9618175776072796
SV1_C11490,C11490,0.8795540763134609
SV1_C72653,C72653,0.9008141487980477
SV1_C83476,C83476,0.9215911605549314
SV1_C03109,C03109,0.8911570260746455
SV1_C66096,C66096,0.9161607053095153
SV1_C09697,C09697,0.9473857225469517
SV1_C14489,C14489,0.8341889443128457
SV1_C00644,C00644,0.9951120444732116
SV1_C47513,C47513,0.9332888532123702
SV1_C100238,C100238,0.9519069098252083
SV1_C73272,C73272,0.9455230566866974
SV1_C24615,C24615,0.9994641564806998
SV1_C68472,C68472,0.9470345844110515
SV1_C68437,C68437,0.9506016873024645
SV1_C05489,C05489,0.90269512999004
SV1_C96031,C96031,0.9838780575844536
SV1_C14482,C14482,0.9918142433357439
SV1_C91852,C91852,0.9186557040071373
SV1_C31906,C31906,0.9157356214059017
SV1_C47423,C47423,0.8173191712058241
SV1_C67896,C67896,0.916160987067322
SV1_C55846,C55846,0.9717675271319651
SV1_C81699,C81699,0.9381789987194703
SV1_C73307,C73307,0.9994887638280865
SV1_C21700,C21700,0.9095355593022743
SV1_C97284,C97284,0.9557748426164779
SV1_C73863,C73863,0.9141583486744429
SV1_C68415,C68415,0.974794238191382
SV1_C100235,C100235,0.864074871431586
SV1_C01241,C01241,0.9612022706632036
SV1_C92488,C92488,0.8619134138330811
SV1_C66676,C66676,0.9911659336715747
SV1_C82306,C82306,0.915781844632594
SV1_C13863,C13863,0.9787219332960483
SV1_C25838,C25838,0.8657045392049818
SV1_C69032,C69032,0.9687259348427575
SV1_C45653,C45653,0.9982909770521562
SV1_C07890,C07890,0.8926554862481693
SV1_C03039,C03039,0.9887555256358708
SV1_C07294,C07294,0.9944330616203496
SV1_C81603,C81603,0.9763310130755742
SV1_C67801,C67801,0.9969486492451025
SV1_C45679,C45679,0.9822002348405422
SV1_C74432,C74432,0.9414122141968921
SV1_C20433,C20433,0.8954258621505782
SV1_C49848,C49848,0.9395034581685877
SV1_C28880,C28880,0.9386719594303732
SV1_C19818,C19818,0.8891781714799929
SV1_C28302,C28302,0.9177436756583878
SV1_C47461,C47461,0.9682410407962765
SV1_C82807,C82807,0.9906443214871657
SV1_C51112,C51112,0.8682750393457503
SV1_C91837,C91837,0.8847345960439337
SV1_C93600,C93600,0.9746059909068202
SV1_C64916,C64916,0.9383155895790898
SV1_C00031,C00031,0.984238980468617
SV1_C15647,C15647,0.8979656381625609
SV1_C27101,C27101,0.9033692891728583
SV1_C45654,C45654,0.9661558430765945
SV1_C45110,C45110,0.9690332633909469
SV1_C69117,C69117,0.9435306246318549
SV1_C12706,C12706,0.9165852086811743
SV1_C45052,C45052,0.9924876496836145
SV1_C61317,C61317,0.9011106836687359
SV1_C89444,C89444,0.9936894491592061
SV1_C75024,C75024,0.9384873841911818
SV1_C33681,C33681,0.9541420199619054
SV1_C07206,C07206,0.9050946081240889
SV1_C20481,C20481,0.9568035402964541
SV1_C22273,C22273,0.9556259822422066
SV1_C15027,C15027,0.8453645398995381
SV1_C54108,C54108,0.9756261293696887
SV1_C97895,C97895,0.9228320843680394
SV1_C16844,C16844,0.9131796689741725
SV1_C22231,C22231,0.974702158614467
SV1_C24711,C24711,0.9022746962472012
SV1_C89489,C89489,0.9671699910737764
SV1_C34281,C34281,0.944665719358541
SV1_C88814,C88814,0.9551411184199876
SV1_C62441,C62441,0.8420210598857295
SV1_C33683,C33683,0.9452553474445579
SV1_C65430,C65430,0.9007339234065294
SV1_C70917,C70917,0.9729682470716796
SV1_C78101,C78101,0.9394553061829277
SV1_C96034,C96034,0.9171818049033075
SV1_C67303,C67303,0.9032236490144538
SV1_C69680,C69680,0.9562928163394809
SV1_C82810,C82810,0.9402086001818436
SV1_C52874,C52874,0.8970430098492489
SV1_C13885,C13885,0.8941435943162908
SV1_C52832,C52832,0.9376001913960031
SV1_C82288,C82288,0.8667385951277968
SV1_C76918,C76918,0.8582594210334544
SV1_C43209,C43209,0.8599319198557221
SV1_C13228,C13228,0.9355497532829373
SV1_C34277,C34277,0.9490427806646435
SV1_C55214,C55214,0.9063612314411024
SV1_C44424,C44424,0.939278685845026
SV1_C01805,C01805,0.9965273633916656
SV1_C32503,C32503,0.9793324758272238
SV1_C00104,C00104,0.8751168842750748
SV1_C13876,C13876,0.8553646964047179
SV1_C85821,C85821,0.961116590062945
SV1_C87033,C87033,0.9949341117721235
SV1_C47478,C47478,0.9402274566152459
SV1_C33602,C33602,0.9489101212720933
SV1_C03022,C03022,0.9480197108692922
SV1_C48013,C48013,0.9727196521050154
SV1_C67309,C67309,0.936265605216102
SV1_C60080,C60080,0.8625055756854011
SV1_C90034,C90034,0.9648436241890166
SV1_C06005,C06005,0.9336526875437479
SV1_C22891,C22891,0.9993100621513258
SV1_C08465,C08465,0.8759047703125873
SV1_C76800,C76800,0.9166784929659074
SV1_C67820,C67820,0.988064909757508
SV1_C05419,C05419,0.9632246768525572
SV1_C55878,C55878,0.9996973566957564
SV1_C24603,C24603,0.9833007956696473
SV1_C91221,C91221,0.9222239944470593
SV1_C73870,C73870,0.8893024262183353
SV1_C62480,C62480,0.9740653691494713
SV1_C10219,C10219,0.8445620978624111
SV1_C96028,C96028,0.9065916761171376
SV1_C63082,C63082,0.9193181028388661
SV1_C93031,C93031,0.8525867549866374
SV1_C18688,C18688,0.9852297423103666
SV1_C95481,C95481,0.9541775432547468
SV1_C04829,C04829,0.9135689248943312
SV1_C13246,C13246,0.8907516762233121
SV1_C54119,C54119,0.9257856535969068
SV1_C86509,C86509,0.9682295996252337
SV1_C28812,C28812,0.897904689098995
SV1_C07201,C07201,0.9639293304248961
SV1_C87667,C87667,0.9380863614147943
SV1_C99681,C99681,0.8822207659504011
SV1_C88245,C88245,0.9995227912807692
SV1_C05400,C05400,0.9233697982750366
SV1_C52213,C52213,0.8903689675919841
SV1_C87608,C87608,0.940429378999077
SV1_C03000,C03000,0.9804407861686962
SV1_C22917,C22917,0.9765808582126304
SV1_C54644,C54644,0.9573834851277194
SV1_C76220,C76220,0.8889068367146845
SV1_C31901,C31901,0.845911801641947
SV1_C90032,C90032,0.9866156710347823
SV1_C26516,C26516,0.9898206983585983
SV1_C79902,C79902,0.9162314337871156
SV1_C10807,C10807,0.8723849405244288
SV1_C79273,C79273,0.8720496914815675
SV1_C63040,C63040,0.8236502117720182
SV1_C66030,C66030,0.8959192692089417
SV1_C48085,C48085,0.9340899239918597
SV1_C47439,C47439,0.8968138963833523
SV1_C62494,C62494,0.8498309421416799
SV1_C12676,C12676,0.8931334465548044
SV1_C54700,C54700,0.9938969266600448
SV1_C07834,C07834,0.9520156710148374
SV1_C32420,C32420,0.9367486244973238
SV1_C53500,C53500,0.9703499241176723
SV1_C99072,C99072,0.8884261600686155
SV1_C33692,C33692,0.922098248847858
SV1_C63701,C63701,0.9768412563262947
SV1_C08428,C08428,0.9903746819384961
SV1_C26420,C26420,0.9322584288861737
SV1_C56487,C56487,0.891369967831068
SV1_C27607,C27607,0.939464382409527
SV1_C67223,C67223,0.9995433001308749
SV1_C00610,C00610,0.9707740138557771
SV1_C30022,C30022,0.9103324190948866
SV1_C04295,C04295,0.8429474038463691
SV1_C49202,C49202,0.944840737207822
SV1_C82889,C82889,0.8841065974101726
SV1_C72641,C72641,0.8509779012816381
SV1_C91252,C91252,0.8775445739317514
SV1_C88236,C88236,0.9833408871651725
SV1_C64919,C64919,0.9223632926163651
SV1_C84705,C84705,0.8715919233849689
SV1_C10911,C10911,0.9405462118774466
SV1_C90082,C90082,0.9214922873738552
SV1_C90047,C90047,0.9033843974123825
SV1_C84115,C84115,0.9720551760203586
SV1_C100234,C100234,0.959768978528184
SV1_C22300,C22300,0.9155573817057234
SV1_C04838,C04838,0.8973710151280385
SV1_C45609,C45609,0.9143736972979234
SV1_C70839,C70839,0.9599272664569376
SV1_C72060,C72060,0.8815782601393697
SV1_C19244,C19244,0.9079242351423003
SV1_C92436,C92436,0.8850176477699858
SV1_C24628,C24628,0.9548144197030309
SV1_C51642,C51642,0.9600556402719297
SV1_C59418,C59418,0.9816661732265034
SV1_C27627,C27627,0.8601936627850608
SV1_C67889,C67889,0.8592847561632996
SV1_C97844,C97844,0.8379306883029578
SV1_C58284,C58284,0.9540093735741664
SV1_C49814,C49814,0.9149134217986391
SV1_C61293,C61293,0.8678321039160385
SV1_C54088,C54088,0.8553543301011943
SV1_C74429,C74429,0.9538523799813478
SV1_C49282,C49282,0.9991672245501572
SV1_C57018,C57018,0.9527606717820202
SV1_C61803,C61803,0.9087563399267061
SV1_C61837,C61837,0.9690776980199712
SV1_C73803,C73803,0.8641089562228466
SV1_C96008,C96008,0.9912088685448036
SV1_C100276,C100276,0.9252340222852281
SV1_C33009,C33009,0.9699958946048914
SV1_C100310,C100310,0.9698754469222532
SV1_C90033,C90033,0.9944032806630082
SV1_C63710,C63710,0.9624557994296091
SV1_C24010,C24010,0.9203749159371992
SV1_C57021,C57021,0.9046320937195683
SV1_C84113,C84113,0.8465971110616565
SV1_C62478,C62478,0.9846316693569881
SV1_C01247,C01247,0.9995044530479134
SV1_C73304,C73304,0.9004405763687339
SV1_C07856,C07856,0.8942944689649753
SV1_C100301,C100301,0.9138589430301103
SV1_C06621,C06621,0.9405988871067494
SV1_C67314,C67314,0.9012423110909872
SV1_C45084,C45084,0.9817729359037423
SV1_C90639,C90639,0.9710978657557097
SV1_C58203,C58203,0.9399337565263282
SV1_C96009,C96009,0.9868137661376132
SV1_C16818,C16818,0.9342712846475127
SV1_C97288,C97288,0.9816023731506022
SV1_C13906,C13906,0.9123149255349762
SV1_C06110,C06110,0.9027877881633606
SV1_C09010,C09010,0.8999000068620452
SV1_C00684,C00684,0.9114362897358889
SV1_C68490,C68490,0.938906630820607
SV1_C31223,C31223,0.8136256805918819
SV1_C45109,C45109,0.9930968379037344
SV1_C85281,C85281,0.9881459568710368
SV1_C62423,C62423,0.9184045744243795
SV1_C16806,C16806,0.9328183849555277
SV1_C24076,C24076,0.9715748058360024
SV1_C22834,C22834,0.8840786921939527
SV1_C06111,C06111,0.916769371788613
SV1_C57644,C57644,0.8565724599203002
SV1_C33617,C33617,0.9351307364383543
SV1_C75044,C75044,0.9329239065544486
SV1_C25286,C25286,0.9713750028346136
SV1_C97883,C97883,0.8626478063360945
SV1_C96617,C96617,0.9504132057551488
SV1_C81091,C81091,0.9620178485288271
SV1_C57709,C57709,0.9620600008304725
SV1_C93717,C93717,0.9875078731287957
SV1_C45610,C45610,0.9418034623502217
SV1_C92448,C92448,0.9279961096596655
SV1_C34816,C34816,0.9479260731581276
SV1_C66076,C66076,0.9961142135101375
SV1_C61886,C61886,0.9783576717964042
SV1_C73260,C73260,0.8845805131736149
SV1_C04913,C04913,0.8630861294849653
SV1_C12601,C12601,0.8640252432624296
SV1_C72013,C72013,0.9868638208114893
SV1_C85311,C85311,0.9360781094113335
SV1_C76246,C76246,0.8867233957849147
SV1_C46203,C46203,0.9983843784305827
SV1_C06019,C06019,0.9917868121779447
SV1_C20409,C20409,0.9347595604166241
SV1_C43210,C43210,0.9391878848329852
SV1_C84685,C84685,0.9166401631248569
SV1_C93022,C93022,0.8820646868448369
SV1_C22822,C22822,0.8442539535973604
SV1_C21685,C21685,0.9833128476834094
SV1_C52200,C52200,0.8567318186131542
SV1_C73836,C73836,0.9240068432474084
SV1_C68431,C68431,0.9039867385376227
SV1_C73832,C73832,0.9445350302026281
SV1_C51639,C51639,0.8300878739827661
SV1_C18672,C18672,0.9864663099143852
SV1_C06716,C06716,0.9736933653547408
SV1_C84008,C84008,0.9476330899862323
SV1_C88243,C88243,0.950138418091575
SV1_C69644,C69644,0.9346688812516146
SV1_C31893,C31893,0.9833809255950099
SV1_C63635,C63635,0.8358831964810728
SV1_C94803,C94803,0.9202481610709659
SV1_C52898,C52898,0.8874845697979397
SV1_C15689,C15689,0.8435004837760807
SV1_C76230,C76230,0.8898672185025599
SV1_C90000,C90000,0.9170900903114272
SV1_C10220,C10220,0.9372027958807975
SV1_C47408,C47408,0.9705104880784614
SV1_C10860,C10860,0.9079242036264789
SV1_C99604,C99604,0.9495483509667297
SV1_C01905,C01905,0.8961828222668451
SV1_C62414,C62414,0.9397744391175031
SV1_C78063,C78063,0.9307244861076576
SV1_C69690,C69690,0.9026027628621345
SV1_C94226,C94226,0.8767349081033734
SV1_C47412,C47412,0.9591284473220609
SV1_C76846,C76846,0.897280542089391
SV1_C00624,C00624,0.9677021623313097
SV1_C64898,C64898,0.9818011821265253
SV1_C15672,C15672,0.9535539787464078
SV1_C19219,C19219,0.9325664284693227
SV1_C31905,C31905,0.8408874204351562
SV1_C06006,C06006,0.8958852461049309
SV1_C31918,C31918,0.828335157810691
SV1_C21712,C21712,0.882015286737792
SV1_C05442,C05442,0.8758227418136554
SV1_C57604,C57604,0.9487789574625048
SV1_C99001,C99001,0.9760252933617458
SV1_C43862,C43862,0.9565771011094276
SV1_C79884,C79884,0.847171932274498
SV1_C06040,C06040,0.9255887996253785
SV1_C70906,C70906,0.9135879639626193
SV1_C34819,C34819,0.9127227884663033
SV1_C88213,C88213,0.9313057130166522
SV1_C45104,C45104,0.9943193114479133
SV1_C43873,C43873,0.9956585486513392
SV1_C01833,C01833,0.9876475457463882
SV1_C43222,C43222,0.8912633697654029
SV1_C32413,C32413,0.9447007308389054
SV1_C45681,C45681,0.9993113198260034
SV1_C72028,C72028,0.9477807871142974
SV1_C76242,C76242,0.861932071261609
SV1_C24110,C24110,0.9725044455683154
SV1_C95440,C95440,0.9129742368058051
SV1_C97894,C97894,0.8813551196267153
SV1_C79877,C79877,0.8721131746930778
SV1_C91859,C91859,0.987619598513117
SV1_C78012,C78012,0.8372431288489306
SV1_C69107,C69107,0.9274801412333958
SV1_C46807,C46807,0.9934261224645321
SV1_C45638,C45638,0.9697574677921252
SV1_C92495,C92495,0.9277743899582916
SV1_C68508,C68508,0.966608938297668
SV1_C13247,C13247,0.8302105503653626
SV1_C24677,C24677,0.9523800254919658
SV1_C93017,C93017,0.8944391072502352
SV1_C12097,C12097,0.9919360968880515
SV1_C93025,C93025,0.8982513073617168
SV1_C90630,C90630,0.9531255123212797
SV1_C92422,C92422,0.9155003219058366
SV1_C09092,C09092,0.9299127915642951
SV1_C13856,C13856,0.9382792562750009
SV1_C80420,C80420,0.9843499650778564
SV1_C20484,C20484,0.9166031355503023
SV1_C55230,C55230,0.9581796853550706
SV1_C96006,C96006,0.9546108067640139
SV1_C66008,C66008,0.9712335808939634
SV1_C67840,C67840,0.913971358387459
SV1_C58891,C58891,0.8273915697447484
SV1_C15609,C15609,0.9190379795282507
SV1_C62485,C62485,0.9448727292626836
SV1_C03118,C03118,0.8576562226315955
SV1_C91876,C91876,0.9275943659953285
SV1_C43251,C43251,0.9980718019595671
SV1_C99717,C99717,0.9105423262565191
SV1_C78080,C78080,0.8989378615346928
SV1_C62405,C62405,0.9282124705381388
SV1_C90099,C90099,0.9136250858911766
SV1_C81623,C81623,0.9599723403734226
SV1_C94904,C94904,0.9412576527177096
SV1_C08446,C08446,0.91838351374308
SV1_C11429,C11429,0.953154641686909
SV1_C47418,C47418,0.8624565554019176
SV1_C09110,C09110,0.8830338281383836
SV1_C19220,C19220,0.9588753376039048
SV1_C39007,C39007,0.9928133126259748
SV1_C65444,C65444,0.8655294795018519
SV1_C57020,C57020,0.8705503560181189
SV1_C11447,C11447,0.9534664291609402
SV1_C70289,C70289,0.8981258821573995
SV1_C72704,C72704,0.8879969079117511
SV1_C57042,C57042,0.8168375041211098
SV1_C66716,C66716,0.9375880859893272
SV1_C76863,C76863,0.9048389824654592
SV1_C22301,C22301,0.9489123567079086
SV1_C49276,C49276,0.940720770228494
SV1_C31220,C31220,0.947237639454922
SV1_C79307,C79307,0.8976998812207231
SV1_C93074,C93074,0.9088929711387649
SV1_C36013,C36013,0.8960394788418081
SV1_C43883,C43883,0.9738155581611354
SV1_C84619,C84619,0.9482208522300143
SV1_C45062,C45062,0.960260900777765
SV1_C07801,C07801,0.9630527574054393
SV1_C30700,C30700,0.819889332842395
SV1_C21039,C21039,0.9456175701014838
SV1_C64313,C64313,0.9811824287309877
SV1_C87708,C87708,0.9810530305761507
SV1_C52835,C52835,0.8859215440137114
SV1_C61238,C61238,0.919256643721594
SV1_C73916,C73916,0.8546941450565118
SV1_C82912,C82912,0.8793433380524475
SV1_C100299,C100299,0.8713416009621922
SV1_C48102,C48102,0.9330129439932436
SV1_C92444,C92444,0.99076535935079
SV1_C17425,C17425,0.9262715871324704
SV1_C03640,C03640,0.9454700293670198
SV1_C91247,C91247,0.9180303464012541
SV1_C55210,C55210,0.914353125740992
SV1_C87652,C87652,0.9281762920310274
SV1_C70875,C70875,0.9605211146579253
SV1_C88863,C88863,0.9849752865098533
SV1_C64832,C64832,0.9788581734654195
SV1_C87021,C87021,0.8772516807655615
SV1_C15692,C15692,0.9496880690426405
SV1_C09023,C09023,0.9412242612355843
SV1_C75605,C75605,0.965896650601711
SV1_C87604,C87604,0.9400093441239562
SV1_C85816,C85816,0.9342188266475029
SV1_C95409,C95409,0.9830581838430209
SV1_C11498,C11498,0.9174266693669377
SV1_C77404,C77404,0.8532255448620859
SV1_C54115,C54115,0.9869512775838614
SV1_C51118,C51118,0.9416715843127799
SV1_C40805,C40805,0.9917549805111966
SV1_C57696,C57696,0.9091161744687883
SV1_C74441,C74441,0.8574929940016899
SV1_C04836,C04836,0.926481112368222
SV1_C04282,C04282,0.8950197665181655
SV1_C64901,C64901,0.9476660972188787
SV1_C67887,C67887,0.9538365379873074
SV1_C78620,C78620,0.9322706885799339
SV1_C07205,C07205,0.9648543682905523
SV1_C90064,C90064,0.9822440712692647
SV1_C10214,C10214,0.88291030212414
SV1_C15628,C15628,0.941586008574516
SV1_C93065,C93065,0.9896225303667375
SV1_C47471,C47471,0.9259143680944529
SV1_C31299,C31299,0.993092764656432
SV1_C85904,C85904,0.8424074441495875
SV1_C95400,C95400,0.9884658998996743
SV1_C78658,C78658,0.8398101104577441
SV1_C78715,C78715,0.9059321684053273
SV1_C96673,C96673,0.9444245507206606
SV1_C45718,C45718,0.9495474947489653
SV1_C21710,C21710,0.9459588254665332
SV1_C93686,C93686,0.9783321769548426
SV1_C78704,C78704,0.9353272861157479
SV1_C06103,C06103,0.9273474999476372
SV1_C45719,C45719,0.8753268100521409
SV1_C09715,C09715,0.907028434584616
SV1_C17484,C17484,0.9648601929317832
SV1_C16894,C16894,0.9111654150944025
SV1_C13912,C13912,0.8837157799607254
SV1_C82882,C82882,0.9543321312235656
SV1_C08503,C08503,0.9720844693944102
SV1_C30701,C30701,0.8347879110604592
SV1_C77479,C77479,0.8985554927973031
SV1_C55241,C55241,0.9023251715746453
SV1_C51610,C51610,0.9086300863278661
SV1_C60034,C60034,0.9314066714688897
SV1_C04236,C04236,0.9637558235335054
SV1_C06109,C06109,0.9272147932399649
SV1_C53406,C53406,0.8958933101641244
SV1_C22800,C22800,0.8883882264341936
SV1_C21003,C21003,0.9087735863541188
SV1_C94283,C94283,0.9172139868155562
SV1_C57609,C57609,0.9757120913437064
SV1_C25908,C25908,0.9026010185626828
SV1_C75636,C75636,0.9022464097102857
SV1_C75081,C75081,0.9446744961670447
SV1_C27701,C27701,0.9317328412142607
SV1_C49209,C49209,0.984874648170846
SV1_C70220,C70220,0.9834008247105125
SV1_C00688,C00688,0.8752062137036692
SV1_C50403,C50403,0.8746785300959905
SV1_C66625,C66625,0.9853393547174824
SV1_C49293,C49293,0.98402993184525
SV1_C31318,C31318,0.8188252654813559
SV1_C04903,C04903,0.9511734031412441
SV1_C26421,C26421,0.9233128281606713
SV1_C87001,C87001,0.9337699351649417
SV1_C19210,C19210,0.9334426030511092
SV1_C01203,C01203,0.9877639480037792
SV1_C04206,C04206,0.9317195271158443
SV1_C54044,C54044,0.9371010640715762
SV1_C78701,C78701,0.9413670101622014
SV1_C01901,C01901,0.8996074715117298
SV1_C70302,C70302,0.9037259292836178
SV1_C22908,C22908,0.8945405703389478
SV1_C71495,C71495,0.9512949681634228
SV1_C97237,C97237,0.9321667033456837
SV1_C23489,C23489,0.9523840406976074
SV1_C72699,C72699,0.9982832502193323
SV1_C91216,C91216,0.9525769456281843
SV1_C49849,C49849,0.9647622810048291
SV1_C83506,C83506,0.8906284091415799
SV1_C73914,C73914,0.8643884977994274
SV1_C76236,C76236,0.8993254829975605
SV1_C03012,C03012,0.9740403183525708
SV1_C94804,C94804,0.9843302979756083
SV1_C91237,C91237,0.9517051373914172
SV1_C68406,C68406,0.962530970611162
SV1_C21016,C21016,0.8813755193811956
SV1_C60013,C60013,0.9722298044440004
SV1_C48079,C48079,0.9701250906874608
SV1_C45000,C45000,0.9122346349033498
SV1_C62425,C62425,0.9719664444104114
SV1_C61843,C61843,0.8908931091938388
SV1_C93711,C93711,0.9167353236786954
SV1_C49910,C49910,0.9382527811108403
SV1_C37816,C37816,0.9536869888903089
SV1_C54087,C54087,0.9739277730453025
SV1_C93029,C93029,0.8963840786381523
SV1_C10861,C10861,0.9109179004634201
SV1_C99636,C99636,0.9835541887044396
SV1_C46917,C46917,0.9952621081395865
SV1_C58889,C58889,0.9855048480656992
SV1_C98492,C98492,0.9211554343232466
SV1_C91881,C91881,0.9238829104781684
SV1_C66681,C66681,0.9813186347760218
SV1_C33690,C33690,0.8582966034584841
SV1_C96645,C96645,0.8743949547004511
SV1_C32412,C32412,0.9497912706509393
SV1_C27678,C27678,0.9016975290710433
SV1_C13878,C13878,0.8952797106436956
SV1_C99005,C99005,0.9762605833391611
SV1_C47500,C47500,0.9737819448673938
SV1_C81618,C81618,0.899757324981392
SV1_C49918,C49918,0.9390409215430413
SV1_C34892,C34892,0.9023095530237812
SV1_C78688,C78688,0.9226283227889762
SV1_C72059,C72059,0.9250620291398467
SV1_C10901,C10901,0.9742957358889512
SV1_C06027,C06027,0.9118854940560804
SV1_C70277,C70277,0.9983736169619175
SV1_C76849,C76849,0.8902837981824867
SV1_C22224,C22224,0.9730381483020453
SV1_C95418,C95418,0.9270114664199746
SV1_C90096,C90096,0.9306854723905593
SV1_C97240,C97240,0.9171529345647449
SV1_C24688,C24688,0.9564678968705433
SV1_C06680,C06680,0.8874320193312004
SV1_C51033,C51033,0.9229205469404506
SV1_C64846,C64846,0.9384661674052599
SV1_C06075,C06075,0.8895113506537539
SV1_C88275,C88275,0.9219438141678991
SV1_C45670,C45670,0.9956843757777275
SV1_C76303,C76303,0.9621909729687199
SV1_C62442,C62442,0.8166068643977017
SV1_C05444,C05444,0.9547222813304157
SV1_C56405,C56405,0.9937106212118556
SV1_C03616,C03616,0.9190314017642323
SV1_C70803,C70803,0.9466534150578637
SV1_C30074,C30074,0.8473040215590112
SV1_C73278,C73278,0.9109929266053842
SV1_C31302,C31302,0.9196845262742115
SV1_C54085,C54085,0.9309341196146919
SV1_C89419,C89419,0.920683080740135
SV1_C51679,C51679,0.9990000355000953
SV1_C00036,C00036,0.9815491761786925
SV1_C70886,C70886,0.910391000423103
SV1_C78626,C78626,0.9020863840958284
SV1_C87634,C87634,0.9661477711073941
SV1_C42608,C42608,0.9687675855775474
SV1_C56401,C56401,0.9935772660227579
SV1_C67273,C67273,0.9747348913652004
SV1_C60024,C60024,0.981061573091713
SV1_C00715,C00715,0.865628254797043
SV1_C87645,C87645,0.9981245868739023
SV1_C04817,C04817,0.9450059741415946
SV1_C49875,C49875,0.9372181524709455
SV1_C72624,C72624,0.94916732042794
SV1_C43295,C43295,0.8155101532356391
SV1_C97279,C97279,0.8856385746229395
SV1_C52827,C52827,0.8896344816965884
SV1_C77480,C77480,0.9058319461813659
SV1_C30676,C30676,0.9802080890930841
SV1_C92518,C92518,0.9527969514983183
SV1_C07903,C07903,0.9734556289038833
SV1_C06100,C06100,0.8998275837532248
SV1_C47424,C47424,0.9941590399930956
SV1_C21000,C21000,0.9191085610602758
SV1_C88861,C88861,0.9759890671827122
SV1_C55903,C55903,0.9612649719362
SV1_C09111,C09111,0.9606543350449162
SV1_C43213,C43213,0.8468518569121434
SV1_C48004,C48004,0.9891464478921461
SV1_C50507,C50507,0.9507060707978287
SV1_C84710,C84710,0.8980052139284186
SV1_C04802,C04802,0.913071032179839
SV1_C76865,C76865,0.8890085609833408
SV1_C09668,C09668,0.9944636329150437
SV1_C12690,C12690,0.8983055838265032
SV1_C86495,C86495,0.9662257860226464
SV1_C88860,C88860,0.9707987930500914
SV1_C18044,C18044,0.9051390905647498
SV1_C51093,C51093,0.9512902476484876
SV1_C44429,C44429,0.9265974249569302
SV1_C61203,C61203,0.9205350903786184
SV1_C49284,C49284,0.9225717295845516
SV1_C48605,C48605,0.9948466235265321
SV1_C92440,C92440,0.9320211175471546
SV1_C99711,C99711,0.9120319882935566
SV1_C82317,C82317,0.930726440240552
SV1_C46888,C46888,0.9142914193830703
SV1_C61228,C61228,0.9881389232727529
SV1_C91909,C91909,0.9483362868800069
SV1_C67841,C67841,0.8910621699364252
SV1_C90681,C90681,0.9811206232474798
SV1_C03010,C03010,0.9619902175782419
SV1_C52836,C52836,0.9518918716183034
SV1_C49843,C49843,0.9428171100448397
SV1_C11434,C11434,0.9097219796731523
SV1_C45046,C45046,0.9177903414564386
SV1_C16830,C16830,0.9471568700135442
SV1_C01838,C01838,0.951184651855941
SV1_C69674,C69674,0.9136282840759887
SV1_C05491,C05491,0.8690637120207023
SV1_C46918,C46918,0.9545133708786284
SV1_C43876,C43876,0.9905659580968319
SV1_C96115,C96115,0.9321908547819711
SV1_C59493,C59493,0.8890440660324288
SV1_C19242,C19242,0.9322586398259595
SV1_C91847,C91847,0.9087823270256228
SV1_C07257,C07257,0.9401635516751474
SV1_C20473,C20473,0.9589121505243331
SV1_C08447,C08447,0.9979684743494681
SV1_C12605,C12605,0.8642480688244711
SV1_C28279,C28279,0.8052336945911732
SV1_C91256,C91256,0.890084918097258
SV1_C41400,C41400,0.9963573651612954
SV1_C12645,C12645,0.9760339501511263
SV1_C88280,C88280,0.9840689011206322
SV1_C63087,C63087,0.9322181701262354
SV1_C69701,C69701,0.9126385627415562
SV1_C49316,C49316,0.9314096073085382
SV1_C30006,C30006,0.9273944659712396
SV1_C09689,C09689,0.8692615298405555
SV1_C86432,C86432,0.9871888642995507
SV1_C93081,C93081,0.8754878144316717
SV1_C18619,C18619,0.9288286956763919
SV1_C98479,C98479,0.8540035653780975
SV1_C79801,C79801,0.9274524960786241
SV1_C93036,C93036,0.8709410696168904
SV1_C62486,C62486,0.9662390861133672
SV1_C48105,C48105,0.9574782126106897
SV1_C12675,C12675,0.8466771756680325
SV1_C63703,C63703,0.9274619651819902
SV1_C54629,C54629,0.9922445528609529
SV1_C24689,C24689,0.945507348862077
SV1_C64809,C64809,0.9605682656483783
SV1_C93027,C93027,0.8529514162895532
SV1_C79294,C79294,0.9388698374200785
SV1_C44498,C44498,0.9722549777584459
SV1_C92426,C92426,0.8779404849294434
SV1_C07203,C07203,0.8772420216533449
SV1_C51014,C51014,0.9165189248704592
SV1_C22211,C22211,0.9890524724416355
SV1_C04885,C04885,0.9566069284954383
SV1_C37804,C37804,0.9343431956233641
SV1_C69104,C69104,0.9224650626778199
SV1_C22828,C22828,0.9750233589216936
SV1_C75038,C75038,0.8932358075251718
SV1_C90710,C90710,0.9122852694811865
SV1_C55917,C55917,0.9640907099550116
SV1_C97306,C97306,0.9905527329734434
SV1_C88297,C88297,0.9282546302275915
SV1_C69044,C69044,0.8860968912594175
SV1_C35472,C35472,0.9195161632249486
SV1_C87703,C87703,0.9341943857184013
SV1_C12057,C12057,0.9539056829531085
SV1_C82874,C82874,0.958118003541482
SV1_C73305,C73305,0.8885688215602167
SV1_C97832,C97832,0.8823914411815048
SV1_C69074,C69074,0.9467498509512947
SV1_C92451,C92451,0.9998361621922804
SV1_C70237,C70237,0.8990851726620197
SV1_C76869,C76869,0.9510228323245634
SV1_C31806,C31806,0.9171895111644214
SV1_C70318,C70318,0.985618380150231
SV1_C12681,C12681,0.9134877693867239
SV1_C35403,C35403,0.8343150622374081
SV1_C46232,C46232,0.9673497250619665
SV1_C60713,C60713,0.9869942321466705
SV1_C18692,C18692,0.9348187398053006
SV1_C54607,C54607,0.8907545892112958
SV1_C34314,C34314,0.8907030966378314
SV1_C96093,C96093,0.9225919866323252
SV1_C24621,C24621,0.9130698491493762
SV1_C48638,C48638,0.9075084869447432
SV1_C56477,C56477,0.9448399462210355
SV1_C08501,C08501,0.9236215571228101
SV1_C52844,C52844,0.9022469471410586
SV1_C88209,C88209,0.9305076519129044
SV1_C99718,C99718,0.9321237618483315
SV1_C48043,C48043,0.886807173135643
SV1_C64214,C64214,0.908548358127621
SV1_C43257,C43257,0.994632344942667
SV1_C00719,C00719,0.8477595959008698
SV1_C46240,C46240,0.9195985140800338
SV1_C95480,C95480,0.9112533699229896
SV1_C70288,C70288,0.8836553068815008
SV1_C07833,C07833,0.9975776227485654
SV1_C15095,C15095,0.9694183666117965
SV1_C85806,C85806,0.8916418883050444
SV1_C47403,C47403,0.9851927073444073
SV1_C73800,C73800,0.9929294923960138
SV1_C02506,C02506,0.8781041907846276
SV1_C08481,C08481,0.9985095055402757
SV1_C75600,C75600,0.9701689686269752
SV1_C49888,C49888,0.8788156486119104
SV1_C49279,C49279,0.9330985742196144
SV1_C78702,C78702,0.9168290660449359
SV1_C93718,C93718,0.9456397920794223
SV1_C35476,C35476,0.927503084395748
SV1_C64896,C64896,0.9102698508237449
SV1_C97913,C97913,0.9162403294651004
SV1_C70305,C70305,0.9312588432253118
SV1_C21031,C21031,0.8959406665960603
SV1_C92419,C92419,0.9142274375981779
SV1_C06077,C06077,0.8718310961109604
SV1_C73841,C73841,0.8567402245454203
SV1_C90658,C90658,0.890558419605109
SV1_C13802,C13802,0.93254686638047
SV1_C91844,C91844,0.9594920388489535
SV1_C19223,C19223,0.8989368026266537
SV1_C63708,C63708,0.9826506012683431
SV1_C96715,C96715,0.9279773106164089
SV1_C46310,C46310,0.9680313016474779
SV1_C49242,C49242,0.927739412715375
SV1_C96004,C96004,0.9919241517566006
SV1_C30711,C30711,0.9911685269030988
SV1_C15046,C15046,0.9872637559222456
SV1_C25232,C25232,0.9421294837617471
SV1_C08480,C08480,0.986457942778242
SV1_C43842,C43842,0.9993784746919216
SV1_C33621,C33621,0.9285554909003216
SV1_C78112,C78112,0.9035325827845453
SV1_C18079,C18079,0.8979379398852934
SV1_C24608,C24608,0.9304180607660373
SV1_C19891,C19891,0.8763349217284735
SV1_C03074,C03074,0.8790125098740952
SV1_C19882,C19882,0.8703469689641349
SV1_C96682,C96682,0.9810873766239918
SV1_C98506,C98506,0.952655818150214
SV1_C66621,C66621,0.9910039758544451
SV1_C24695,C24695,0.9188011761629533
SV1_C79805,C79805,0.9272831374871083
SV1_C78042,C78042,0.9344454615011606
SV1_C48629,C48629,0.9774313983383779
SV1_C32408,C32408,0.9612165221268208
SV1_C05500,C05500,0.906319881178175
SV1_C46297,C46297,0.9960375883648233
SV1_C34900,C34900,0.8947827689491303
SV1_C12002,C12002,0.8522865284933031
SV1_C46881,C46881,0.9886561985171823
SV1_C63637,C63637,0.880987476478659
SV1_C61804,C61804,0.9176334775916622
SV1_C83405,C83405,0.9488314679355793
SV1_C76232,C76232,0.928986047746698
SV1_C26406,C26406,0.9460234799121587
SV1_C71423,C71423,0.8560772329346921
SV1_C23473,C23473,0.9544842239684138
SV1_C09025,C09025,0.9986723383470617
SV1_C100218,C100218,0.9338746188051902
SV1_C53419,C53419,0.8857457848618476
SV1_C19240,C19240,0.9875745288004656
SV1_C78078,C78078,0.9821681916001281
SV1_C03008,C03008,0.9822494398105258
SV1_C78686,C78686,0.9286528838178186
SV1_C12621,C12621,0.969770602825844
SV1_C00623,C00623,0.807766398892322
SV1_C10297,C10297,0.9574734342830636
SV1_C12617,C12617,0.9108574453887046
SV1_C45677,C45677,0.9981726489207832
SV1_C23495,C23495,0.9227414687390404
SV1_C78654,C78654,0.8424244514802948
SV1_C81710,C81710,0.9012072914444136
SV1_C73249,C73249,0.904206365970699
SV1_C60632,C60632,0.981932042978027
SV1_C73918,C73918,0.9318027676534383
SV1_C33697,C33697,0.8498397843268863
SV1_C88313,C88313,0.9937113414060972
SV1_C01273,C01273,0.9419193361217142
SV1_C84616,C84616,0.9231165670650057
SV1_C16824,C16824,0.945209456670725
SV1_C53508,C53508,0.9606307821183501
SV1_C16295,C16295,0.9633009102011026
SV1_C55910,C55910,0.915859226928166
SV1_C03704,C03704,0.93957025845514
SV1_C94227,C94227,0.9622035223024201
SV1_C49248,C49248,0.9225395457915103
SV1_C10213,C10213,0.9420311379563299
SV1_C44451,C44451,0.9976039047634867
SV1_C52285,C52285,0.9653412642395638
SV1_C27614,C27614,0.9928177247553571
SV1_C90651,C90651,0.967045327472618
SV1_C12691,C12691,0.9487796068837101
SV1_C54641,C54641,0.946645069861365
SV1_C43910,C43910,0.9660137962886045
SV1_C94243,C94243,0.8834606534386339
SV1_C48641,C48641,0.9036988272870831
SV1_C86445,C86445,0.9927840008200477
SV1_C03078,C03078,0.8784458806484616
SV1_C69037,C69037,0.9322230891422727
SV1_C92472,C92472,0.8636542056510675
SV1_C97316,C97316,0.9961733691858752
SV1_C64311,C64311,0.9079869475407574
SV1_C32487,C32487,0.9965042873688098
SV1_C87635,C87635,0.8916836784521108
SV1_C72646,C72646,0.8852912575141464
SV1_C01813,C01813,0.9898648684739543
SV1_C06630,C06630,0.9878273793571483
SV1_C73876,C73876,0.9432820033542134
SV1_C46286,C46286,0.9559215915540396
SV1_C66036,C66036,0.9597365950131553
SV1_C64318,C64318,0.8738862480936361
SV1_C46218,C46218,0.8771834774812085
SV1_C63110,C63110,0.9320061281210222
SV1_C70838,C70838,0.8704846563272086
SV1_C05426,C05426,0.9817356752610342
SV1_C25846,C25846,0.9212580797457915
SV1_C54678,C54678,0.9425222259044218
SV1_C71516,C71516,0.9381126143816664
SV1_C96618,C96618,0.9236804969279214
SV1_C20414,C20414,0.897073153210993
SV1_C03632,C03632,0.9692169935248428
SV1_C27113,C27113,0.955712168203674
SV1_C16211,C16211,0.9532294287556798
SV1_C63620,C63620,0.9232015963423933
SV1_C07909,C07909,0.8897775980195446
SV1_C57631,C57631,0.8778192679920155
SV1_C47482,C47482,0.9420286050540765
SV1_C44420,C44420,0.8474688838187525
SV1_C26423,C26423,0.8301106632826227
SV1_C76803,C76803,0.9103251905112282
SV1_C03716,C03716,0.8345916299971388
SV1_C64909,C64909,0.9190247882377951
SV1_C69119,C69119,0.9085171646315575
SV1_C07893,C07893,0.9666965215096129
SV1_C66601,C66601,0.9880310375142362
SV1_C78607,C78607,0.9998640281179747
SV1_C13252,C13252,0.9670013975660017
SV1_C78677,C78677,0.909408970214099
SV1_C57714,C57714,0.9209378142231616
SV1_C69081,C69081,0.9186951284906861
SV1_C82819,C82819,0.9433684669828436
SV1_C49213,C49213,0.9760986341407505
SV1_C27093,C27093,0.9555046806783288
SV1_C03605,C03605,0.9765157099165638
SV1_C15086,C15086,0.9440227952863979
SV1_C69616,C69616,0.8835307501814168
SV1_C90716,C90716,0.9279034504931515
SV1_C19290,C19290,0.98172646900834
SV1_C16881,C16881,0.9569199474672222
SV1_C02420,C02420,0.9962576388342634
SV1_C19206,C19206,0.9348693566837906
SV1_C53434,C53434,0.9094450353716612
SV1_C75100,C75100,0.9342756122838399
SV1_C89503,C89503,0.9247570058988938
SV1_C67911,C67911,0.9609596936448762
SV1_C40204,C40204,0.975852129254066
SV1_C01289,C01289,0.9318677540708866
SV1_C31311,C31311,0.9887080611136281
SV1_C30686,C30686,0.8779107314886966
SV1_C21706,C21706,0.96595284062958
SV1_C30117,C30117,0.8431192910038421
SV1_C89504,C89504,0.9537820772173647
SV1_C76813,C76813,0.9078729714797426
SV1_C57637,C57637,0.9178038490791504
SV1_C19888,C19888,0.968260251706654
SV1_C51105,C51105,0.9177847894304255
SV1_C60613,C60613,0.9681507143036103
SV1_C46241,C46241,0.9585456484555591
SV1_C76891,C76891,0.9552986433822795
SV1_C100313,C100313,0.9670476560590195
SV1_C03674,C03674,0.8917770937380068
SV1_C22909,C22909,0.9301713752750554
SV1_C93692,C93692,0.913188741389063
SV1_C99106,C99106,0.9352452276055842
SV1_C10305,C10305,0.956103821402244
SV1_C48682,C48682,0.9860442950456509
SV1_C30101,C30101,0.8276657366827262
SV1_C57601,C57601,0.9695148637437286
SV1_C21085,C21085,0.9375633915789163
SV1_C74406,C74406,0.9300596514472411
SV1_C72667,C72667,0.9327654581469561
SV1_C93068,C93068,0.9325938124801993
SV1_C66634,C66634,0.9025464480241272
SV1_C30616,C30616,0.8970136816373222
SV1_C78699,C78699,0.9692846033801464
SV1_C90020,C90020,0.890728247842323
SV1_C70900,C70900,0.9738812790400857
SV1_C24023,C24023,0.8553103113785953
SV1_C02430,C02430,0.9284942549986512
SV1_C25279,C25279,0.8952445337000752
SV1_C93003,C93003,0.9531966997978302
SV1_C97209,C97209,0.9942397388799903
SV1_C88296,C88296,0.9382322723746735
SV1_C66003,C66003,0.9396363539558354
SV1_C31892,C31892,0.9898439252642671
SV1_C87699,C87699,0.9337816112189463
SV1_C91248,C91248,0.8708502633360132
SV1_C57091,C57091,0.8872332520965489
SV1_C25209,C25209,0.9258352187386459
SV1_C57014,C57014,0.979929805423418
SV1_C86414,C86414,0.9217560172371664
SV1_C14411,C14411,0.9312033395408996
SV1_C10291,C10291,0.9866326386406258
SV1_C36000,C36000,0.9071238035390501
SV1_C28916,C28916,0.8506410168842117
SV1_C72098,C72098,0.9220809699272746
SV1_C06695,C06695,0.9003739502013877
SV1_C75673,C75673,0.9298284000772946
SV1_C94309,C94309,0.9560886315596095
SV1_C68501,C68501,0.9543425386418014
SV1_C09604,C09604,0.9622526250164037
SV1_C63719,C63719,0.9393485146861137
SV1_C06039,C06039,0.8906184603407828
SV1_C45608,C45608,0.9223094287962691
SV1_C43902,C43902,0.9716931068449942
SV1_C52840,C52840,0.9824043176529719
SV1_C70915,C70915,0.9242532636343301
SV1_C77439,C77439,0.9244117402454284
SV1_C59427,C59427,0.8741910728872293
SV1_C63105,C63105,0.9459169917541824
SV1_C72004,C72004,0.9992106945093026
SV1_C82209,C82209,0.9434833205692436
SV1_C33688,C33688,0.8638581638777957
SV1_C01274,C01274,0.8481171521198293
SV1_C76855,C76855,0.8849587652028796
SV1_C15621,C15621,0.9958627879142585
SV1_C46291,C46291,0.974809822551455
SV1_C86434,C86434,0.9587626123857211
SV1_C97817,C97817,0.9573267766459119
SV1_C09095,C09095,0.9218427450010475
SV1_C30118,C30118,0.8099836539501705
SV1_C91848,C91848,0.9119013331025251
SV1_C24717,C24717,0.99214198287351
SV1_C03610,C03610,0.9501679030093269
SV1_C45707,C45707,0.8393227083915902
SV1_C34286,C34286,0.9681781071177065
SV1_C12109,C12109,0.978321616742272
SV1_C48011,C48011,0.9657072522777144
SV1_C03678,C03678,0.8914787724047053
SV1_C68519,C68519,0.9123934945058364
SV1_C68446,C68446,0.9548803804508099
SV1_C93697,C93697,0.9716740376799158
SV1_C91887,C91887,0.847336639835947
SV1_C43306,C43306,0.9698939485926171
SV1_C74473,C74473,0.9501359581647625
SV1_C75105,C75105,0.9230411857780914
SV1_C63715,C63715,0.8733501322094895
SV1_C38405,C38405,0.9444408672891536
SV1_C69103,C69103,0.9098965609603368
SV1_C93616,C93616,0.9330607046430562
SV1_C96107,C96107,0.9312273015867365
SV1_C38423,C38423,0.9041307283996267
SV1_C48644,C48644,0.9089225780730062
SV1_C10840,C10840,0.882153810014591
SV1_C70832,C70832,0.8989561198504447
SV1_C32517,C32517,0.8583801274630555
SV1_C30710,C30710,0.9143089608448286
SV1_C58818,C58818,0.9835856889484462
SV1_C72051,C72051,0.9262569449599757
SV1_C59507,C59507,0.9137644132303552
SV1_C87639,C87639,0.920796155943792
SV1_C48075,C48075,0.9665421308051183
SV1_C95433,C95433,0.8868037094130682
SV1_C19826,C19826,0.9232957571168556
SV1_C91823,C91823,0.9007254539310594
SV1_C55801,C55801,0.97235908824242
SV1_C63027,C63027,0.8521196332499618
SV1_C33096,C33096,0.8391340797663696
SV1_C05501,C05501,0.8937944860619071
SV1_C54631,C54631,0.9576769788983154
SV1_C18683,C18683,0.9322953320429257
SV1_C24681,C24681,0.9640028927823
SV1_C22284,C22284,0.9990798745471893
SV1_C24002,C24002,0.9111143152915417
SV1_C91908,C91908,0.9417699761104795
SV1_C86400,C86400,0.9429207843122905
SV1_C45626,C45626,0.9027745141846706
SV1_C91219,C91219,0.9437933134125598
SV1_C73862,C73862,0.929143107893889
SV1_C09648,C09648,0.9005782727105968
SV1_C65492,C65492,0.9214808135545872
SV1_C99014,C99014,0.9405284345240805
SV1_C81089,C81089,0.8753756086869671
SV1_C01312,C01312,0.918065415900927
SV1_C21090,C21090,0.8642007742533105
SV1_C05407,C05407,0.9515052777445924
SV1_C79310,C79310,0.8931425922633182
SV1_C50401,C50401,0.8841196018768009
SV1_C89460,C89460,0.968131385960937
SV1_C96020,C96020,0.8970722287997048
SV1_C21046,C21046,0.9407336120319051
SV1_C96629,C96629,0.8844901357717426
SV1_C00038,C00038,0.9376736017303294
SV1_C43841,C43841,0.9679728794988303
SV1_C45093,C45093,0.8975273066481733
SV1_C34204,C34204,0.9998676411613489
SV1_C45085,C45085,0.9905243884355802
SV1_C48636,C48636,0.9704609474053463
SV1_C72046,C72046,0.8863956408675265
SV1_C54612,C54612,0.8884098058428909
SV1_C51643,C51643,0.9186951163165206
SV1_C68422,C68422,0.9322639167151177
SV1_C56445,C56445,0.9876806251453989
SV1_C77460,C77460,0.9593529687913758
SV1_C15635,C15635,0.880990972788428
SV1_C86511,C86511,0.9285693237414976
SV1_C24629,C24629,0.9436112019161407
SV1_C96620,C96620,0.8950955136763337
SV1_C55226,C55226,0.9576931079283921
SV1_C18695,C18695,0.9126924041691719
SV1_C25220,C25220,0.9299620237437793
SV1_C17493,C17493,0.959530227270189
SV1_C88201,C88201,0.9290126667833987
SV1_C09712,C09712,0.872340522877733
SV1_C17437,C17437,0.9022365732471298
SV1_C80423,C80423,0.9616150428811507
SV1_C80498,C80498,0.9181478521338048
SV1_C99028,C99028,0.9769536720689224
SV1_C74482,C74482,0.9065590898197547
SV1_C57082,C57082,0.9450888767030875
SV1_C90038,C90038,0.9588899736438543
SV1_C51693,C51693,0.9570320654780197
SV1_C91211,C91211,0.8999944628812354
SV1_C73295,C73295,0.911773890860798
SV1_C60016,C60016,0.9316974227648256
SV1_C91883,C91883,0.8602514687099874
SV1_C86447,C86447,0.8717295525603692
SV1_C33689,C33689,0.8560298982648482
SV1_C92418,C92418,0.9580778849854423
SV1_C86439,C86439,0.8987167504330223
SV1_C23486,C23486,0.9090085570446127
SV1_C31314,C31314,0.8570602075968539
SV1_C62504,C62504,0.9084170996111224
SV1_C66637,C66637,0.9529296070709535
SV1_C59417,C59417,0.9596158762260303
SV1_C43819,C43819,0.9428741886914622
SV1_C74508,C74508,0.9137210980200263
SV1_C20485,C20485,0.9307309578735856
SV1_C36014,C36014,0.9495578927562499
SV1_C34885,C34885,0.9628496884698007
SV1_C69077,C69077,0.9178652963621982
SV1_C43212,C43212,0.8563123888228686
SV1_C91273,C91273,0.9573605008072699
SV1_C07852,C07852,0.8993538213855155
SV1_C74468,C74468,0.9637789558509495
SV1_C60014,C60014,0.9934318875433227
SV1_C90017,C90017,0.96811127833548
SV1_C85891,C85891,0.8507608836108406
SV1_C07869,C07869,0.968462186266977
SV1_C12093,C12093,0.9060400856320265
SV1_C03116,C03116,0.843760024404569
SV1_C45068,C45068,0.9454401943564804
SV1_C18018,C18018,0.9219855748018253
SV1_C09004,C09004,0.9668130024148145
SV1_C00682,C00682,0.8737537115491457
SV1_C64274,C64274,0.8498297700711226
SV1_C59404,C59404,0.9425676673627016
SV1_C24620,C24620,0.9231093074790961
SV1_C87106,C87106,0.8920305958410424
SV1_C53501,C53501,0.9607293943741224
SV1_C39608,C39608,0.9627857919331657
SV1_C51712,C51712,0.8798576861734606
SV1_C07209,C07209,0.965441469855809
SV1_C90066,C90066,0.9617082585386588
SV1_C33701,C33701,0.8482105169362053
SV1_C00091,C00091,0.8610019833391426
SV1_C58217,C58217,0.9633574105379513
SV1_C90618,C90618,0.995783431090198
SV1_C14433,C14433,0.9196274009887554
SV1_C67830,C67830,0.8704423615342827
SV1_C88298,C88298,0.8758592916479732
SV1_C58816,C58816,0.9374396808487633
SV1_C75030,C75030,0.909731842680077
SV1_C13243,C13243,0.8803998694043862
SV1_C53496,C53496,0.9696594789423255
SV1_C43851,C43851,0.9983199459920065
SV1_C01885,C01885,0.9232015730629273
SV1_C87074,C87074,0.8911372850962963
SV1_C61905,C61905,0.9592313312653901
SV1_C10818,C10818,0.9047541340114768
SV1_C24104,C24104,0.924158182615505
SV1_C63014,C63014,0.894550994516738
SV1_C21027,C21027,0.8881762055183395
SV1_C86409,C86409,0.9361631126175785
SV1_C00000,C00000,0.9918807929694266
SV1_C77494,C77494,0.8989371061740157
SV1_C20479,C20479,0.9823756793963803
SV1_C43296,C43296,0.9909265997627091
SV1_C99038,C99038,0.94431800680582
SV1_C69038,C69038,0.8935512557464546
SV1_C31282,C31282,0.8697288987345034
SV1_C77440,C77440,0.8668581211167632
SV1_C61241,C61241,0.862958612146544
SV1_C20428,C20428,0.8755381348978856
SV1_C30007,C30007,0.8860327817817877
SV1_C25290,C25290,0.9280060243411611
SV1_C90663,C90663,0.9576449515415689
SV1_C44400,C44400,0.8995762429683819
SV1_C43293,C43293,0.8546601526169298
SV1_C75606,C75606,0.9120089588510942
SV1_C45703,C45703,0.8409392476604195
SV1_C47506,C47506,0.9576650460595999
SV1_C84675,C84675,0.9570465075004091
SV1_C51022,C51022,0.8812060547383125
SV1_C68428,C68428,0.9898088619022962
SV1_C46833,C46833,0.9743417499146385
SV1_C10879,C10879,0.9275509246409488
SV1_C00042,C00042,0.905252038410284
SV1_C10278,C10278,0.9408764445554394
SV1_C49280,C49280,0.9384802310441038
SV1_C46230,C46230,0.9068225929649247
SV1_C79288,C79288,0.8409794532442418
SV1_C12633,C12633,0.9525611111466431
SV1_C51114,C51114,0.9278484958637481
SV1_C59492,C59492,0.8983351036555363
SV1_C79204,C79204,0.9280286222794843
SV1_C75001,C75001,0.9779775101157967
SV1_C18025,C18025,0.9151244844744146
SV1_C51701,C51701,0.9301323724909295
SV1_C11464,C11464,0.9033897621653839
SV1_C10917,C10917,0.8730563162746204
SV1_C18686,C18686,0.9168595123811559
SV1_C58841,C58841,0.8367899352224976
SV1_C40823,C40823,0.9424961505235888
SV1_C24024,C24024,0.9577110430257066
SV1_C04872,C04872,0.9919976893394553
SV1_C57610,C57610,0.994514459049487
SV1_C89457,C89457,0.9380982206942547
SV1_C48670,C48670,0.9336008989281352
SV1_C76876,C76876,0.8809276015096462
SV1_C76893,C76893,0.876569499575411
SV1_C57702,C57702,0.9401996676444698
SV1_C49227,C49227,0.9984025948680338
SV1_C74499,C74499,0.9928061871293593
SV1_C49884,C49884,0.9196255065045376
SV1_C95414,C95414,0.9430847198903359
SV1_C71418,C71418,0.8919320832657792
SV1_C25305,C25305,0.9649360745842481
SV1_C67294,C67294,0.9884428020770374
SV1_C42605,C42605,0.9727353121622423
SV1_C04223,C04223,0.8054031919799468
SV1_C01206,C01206,0.9690840261275141
SV1_C31919,C31919,0.8822364857584027
SV1_C67220,C67220,0.9924468008661059
SV1_C64278,C64278,0.8567544259431651
SV1_C34800,C34800,0.9923499464077563
SV1_C78061,C78061,0.9390258165197495
SV1_C61242,C61242,0.8119998814335502
SV1_C73915,C73915,0.9441727336259633
SV1_C46304,C46304,0.9916743628701876
SV1_C34889,C34889,0.9845975913235708
SV1_C07919,C07919,0.9774934266944921
SV1_C50412,C50412,0.873121929837885
SV1_C45045,C45045,0.8900454859210755
SV1_C73810,C73810,0.9353546049028476
SV1_C97301,C97301,0.962248884921351
SV1_C61846,C61846,0.8945573312275675
SV1_C28241,C28241,0.9439774320731316
SV1_C49298,C49298,0.8835654334333964
SV1_C03013,C03013,0.9829033951491203
SV1_C92432,C92432,0.9082131756486896
SV1_C96019,C96019,0.9591098444182383
SV1_C46835,C46835,0.8759400862506093
SV1_C46263,C46263,0.985382661432415
SV1_C06684,C06684,0.8940006370325493
SV1_C60097,C60097,0.9472987863866636
SV1_C21086,C21086,0.8971019845783466
SV1_C07271,C07271,0.8874946607341526
SV1_C22818,C22818,0.8978224589908982
SV1_C31805,C31805,0.9400082760244927
SV1_C43255,C43255,0.9989143803065111
SV1_C72703,C72703,0.9992288493745473
SV1_C13274,C13274,0.9340521625103482
SV1_C10227,C10227,0.9608508863267469
SV1_C77485,C77485,0.9388891836160034
SV1_C03016,C03016,0.9297948700082281
SV1_C60641,C60641,0.8577300237930869
SV1_C22315,C22315,0.8269739696058536
SV1_C87615,C87615,0.8834417480932004
SV1_C25289,C25289,0.930609663031898
SV1_C65441,C65441,0.8439447252673333
SV1_C10246,C10246,0.9038713348382941
SV1_C75036,C75036,0.9165923136760104
SV1_C57077,C57077,0.9243163891770361
SV1_C40802,C40802,0.9751541642519403
SV1_C34904,C34904,0.8988918542114758
SV1_C08475,C08475,0.9634308805979656
SV1_C31800,C31800,0.946467533987667
SV1_C84114,C84114,0.8824420583629834
SV1_C45049,C45049,0.997930840525224
SV1_C50499,C50499,0.9321677777372511
SV1_C79282,C79282,0.9218462422866918
SV1_C18639,C18639,0.9514838543441654
SV1_C52884,C52884,0.9668940851599329
SV1_C45096,C45096,0.9933835538437727
SV1_C74497,C74497,0.9140579328154431
SV1_C09687,C09687,0.949654477806628
SV1_C82295,C82295,0.9849913933221254
SV1_C85915,C85915,0.8549616853575505
SV1_C88827,C88827,0.8893792049702863
SV1_C01314,C01314,0.9143466504533855
SV1_C12063,C12063,0.9449975059942343
SV1_C88840,C88840,0.9316633257581737
SV1_C56518,C56518,0.9548625855512252
SV1_C64273,C64273,0.9311263676866047
SV1_C46813,C46813,0.9357094986732851
SV1_C07302,C07302,0.9014423660660221
SV1_C18037,C18037,0.9201551105495123
SV1_C17489,C17489,0.8904694792179325
SV1_C85896,C85896,0.8375143408126032
SV1_C75109,C75109,0.9081300920874766
SV1_C75117,C75117,0.8540679814761666
SV1_C03104,C03104,0.9279944075574978
SV1_C95429,C95429,0.8871479468497875
SV1_C30094,C30094,0.9294996399871658
SV1_C88248,C88248,0.9197747094125726
SV1_C17405,C17405,0.9049347038025388
SV1_C13218,C13218,0.9359362702712982
SV1_C07917,C07917,0.8568774985586222
SV1_C28307,C28307,0.8703497091650796
SV1_C10850,C10850,0.990169711971673
SV1_C75101,C75101,0.9242400677794945
SV1_C85274,C85274,0.9473872939483919
SV1_C70911,C70911,0.9857365386417396
SV1_C76221,C76221,0.9166551661766673
SV1_C16872,C16872,0.9793245020005453
SV1_C87009,C87009,0.9350550352356755
SV1_C91314,C91314,0.917253034401388
SV1_C21707,C21707,0.8972002427067998
SV1_C61227,C61227,0.8850973480041086
SV1_C88887,C88887,0.8979930848806463
SV1_C19281,C19281,0.9300964811907734
SV1_C46828,C46828,0.9840969272917557
SV1_C33604,C33604,0.990915467559564
SV1_C86519,C86519,0.9435270997123784
SV1_C71500,C71500,0.9875038722059422
SV1_C40801,C40801,0.991936167660326
SV1_C64314,C64314,0.958097745268619
SV1_C26443,C26443,0.917885051921599
SV1_C53519,C53519,0.93150707153349
SV1_C54096,C54096,0.9835788023512504
SV1_C04214,C04214,0.9276603594252525
SV1_C07840,C07840,0.8770115228941708
SV1_C67847,C67847,0.8715956295242161
SV1_C11425,C11425,0.9524063277250456
SV1_C75078,C75078,0.9028559805181751
SV1_C48634,C48634,0.917637860574162
SV1_C58902,C58902,0.9625520857900586
SV1_C73224,C73224,0.9486831688923664
SV1_C81611,C81611,0.9752006173507033
SV1_C07812,C07812,0.9634840864246546
SV1_C59409,C59409,0.9704748774746993
SV1_C44469,C44469,0.9756107029377599
SV1_C18073,C18073,0.9689731340509677
SV1_C26485,C26485,0.9466180899612442
SV1_C59498,C59498,0.9728330354041882
SV1_C07827,C07827,0.9089517203497343
SV1_C54635,C54635,0.9560660539221852
SV1_C25275,C25275,0.8853825902908448
SV1_C31286,C31286,0.8808765845510821
SV1_C02434,C02434,0.9381661944587538
SV1_C28236,C28236,0.9847796970656206
SV1_C88318,C88318,0.8874251225895234
SV1_C74414,C74414,0.9266899838665407
SV1_C21019,C21019,0.8764091243403821
SV1_C56437,C56437,0.91132594665763
SV1_C03636,C03636,0.9797583489144992
SV1_C56473,C56473,0.946054562684447
SV1_C62498,C62498,0.9931518493400098
SV1_C21032,C21032,0.894808739732456
SV1_C46890,C46890,0.8933540203980299
SV1_C50512,C50512,0.8659999342789326
SV1_C22239,C22239,0.9501374627611826
SV1_C06604,C06604,0.9362991333312962
SV1_C75621,C75621,0.9313811346268831
SV1_C88856,C88856,0.938243295811364
SV1_C19807,C19807,0.9716062240464981
SV1_C72074,C72074,0.90819202060348
SV1_C63023,C63023,0.9372338138751533
SV1_C04902,C04902,0.9020690238189494
SV1_C99641,C99641,0.938404645512682
SV1_C95482,C95482,0.9922997771723678
SV1_C64280,C64280,0.9488468554525884
SV1_C16226,C16226,0.947552994913426
SV1_C83490,C83490,0.9121231360447486
SV1_C22827,C22827,0.9827327906083028
SV1_C01211,C01211,0.986484274724987
SV1_C49318,C49318,0.9485925111521573
SV1_C83402,C83402,0.9471658737750113
SV1_C87693,C87693,0.8261973805084343
SV1_C63019,C63019,0.9024859599479544
SV1_C63684,C63684,0.9702021709663564
SV1_C62505,C62505,0.9517378448490887
SV1_C56409,C56409,0.993279480147196
SV1_C13874,C13874,0.895695305745839
SV1_C76289,C76289,0.8766384685424043
SV1_C51024,C51024,0.9009376767173946
SV1_C46289,C46289,0.930772914062344
SV1_C55804,C55804,0.9689018556614041
SV1_C46805,C46805,0.9481185484332315
SV1_C43917,C43917,0.9795971063849478
SV1_C68491,C68491,0.9765013668592213
SV1_C72691,C72691,0.9091526812229371
SV1_C35486,C35486,0.9203365435595963
SV1_C33118,C33118,0.8802062595038989
SV1_C27019,C27019,0.9422170847478749
SV1_C82814,C82814,0.9290599290090803
SV1_C16216,C16216,0.9487817705205694
SV1_C36007,C36007,0.9998952443316876
SV1_C15601,C15601,0.9116490187599221
SV1_C03081,C03081,0.969992431733038
SV1_C05515,C05515,0.9149442521722464
SV1_C63631,C63631,0.8392954433603413
SV1_C95435,C95435,0.9744268404962292
SV1_C79316,C79316,0.9309516148113783
SV1_C52221,C52221,0.9097809028247978
SV1_C85878,C85878,0.9642265976878478
SV1_C84713,C84713,0.8878372766329056
SV1_C33103,C33103,0.9638303002664006
SV1_C74496,C74496,0.9250145023845575
SV1_C79908,C79908,0.8341480333271856
SV1_C24099,C24099,0.9206491650499341
SV1_C07836,C07836,0.9652501325931563
SV1_C61239,C61239,0.864693749277953
SV1_C79285,C79285,0.8367596523691939
SV1_C97238,C97238,0.9675856521565328
SV1_C01917,C01917,0.8392733050371252
SV1_C33087,C33087,0.9859869420159899
SV1_C15603,C15603,0.948512357967463
SV1_C46207,C46207,0.9983034627492553
SV1_C61215,C61215,0.9338888243179218
SV1_C02425,C02425,0.9734943910438508
SV1_C43833,C43833,0.911555854381656
SV1_C12072,C12072,0.883273077868389
SV1_C12693,C12693,0.8935081406364145
SV1_C21702,C21702,0.9689755457970795
SV1_C50447,C50447,0.9924997495621766
SV1_C49885,C49885,0.948967264466537
SV1_C01898,C01898,0.8707044159961025
SV1_C90715,C90715,0.8563887390399192
SV1_C00001,C00001,0.9976763876824758
SV1_C13239,C13239,0.9039802420651093
SV1_C96015,C96015,0.9222566875331266
SV1_C68518,C68518,0.9899134254732375
SV1_C43889,C43889,0.9307225107116316
SV1_C28802,C28802,0.9282506708178739
SV1_C88849,C88849,0.9186082104468156
SV1_C73232,C73232,0.9461212506005502
SV1_C43831,C43831,0.8446622468164063
SV1_C69102,C69102,0.9858528413830356
SV1_C67204,C67204,0.985262049634459
SV1_C100209,C100209,0.9044994655612193
SV1_C04808,C04808,0.9179673679397701
SV1_C06117,C06117,0.9562582965489344
SV1_C96625,C96625,0.8862158485343222
SV1_C70226,C70226,0.8592142056818972
SV1_C55246,C55246,0.9548177877841847
SV1_C44460,C44460,0.9825664501735091
SV1_C27005,C27005,0.9620296731449647
SV1_C99101,C99101,0.903098802754823
SV1_C54045,C54045,0.9406295508046639
SV1_C51711,C51711,0.9804646594506115
SV1_C10903,C10903,0.9486125055225337
SV1_C99644,C99644,0.9282072129185126
SV1_C81072,C81072,0.8992407671971616
SV1_C18008,C18008,0.8969858889689004
SV1_C06085,C06085,0.8879249524108914
SV1_C86448,C86448,0.921157101220992
SV1_C49291,C49291,0.8707083026585071
SV1_C71480,C71480,0.9376261437857702
SV1_C31916,C31916,0.8557291342619356
SV1_C38408,C38408,0.9408582889148058
SV1_C12081,C12081,0.8923482093172886
SV1_C25823,C25823,0.9375888746062536
SV1_C50503,C50503,0.9386258571496559
SV1_C82299,C82299,0.9476569174828673
SV1_C78612,C78612,0.817270737778514
SV1_C63039,C63039,0.8634810262594462
SV1_C74427,C74427,0.9071023191330464
SV1_C16801,C16801,0.9061032012002971
SV1_C93621,C93621,0.9085680471216868
SV1_C27683,C27683,0.8511415948849061
SV1_C42019,C42019,0.9585464598464347
SV1_C03041,C03041,0.9636156990828499
SV1_C21681,C21681,0.9696152049750328
SV1_C90045,C90045,0.995451515336304
SV1_C68515,C68515,0.9968933978022344
SV1_C93041,C93041,0.9315436376115073
SV1_C13286,C13286,0.9166098133867744
SV1_C60020,C60020,0.9584219665877475
SV1_C22835,C22835,0.9791432591547732
SV1_C75628,C75628,0.9237283754032467
SV1_C74483,C74483,0.9883246042665992
SV1_C10259,C10259,0.9212968243350935
SV1_C48008,C48008,0.9883469917431771
SV1_C73210,C73210,0.9377836112961446
SV1_C12108,C12108,0.9843048494145704
SV1_C98472,C98472,0.9036533155660794
SV1_C91910,C91910,0.927574643242946
SV1_C81692,C81692,0.9908469555770479
SV1_C56503,C56503,0.9913438726756781
SV1_C60105,C60105,0.9422380028334431
SV1_C52307,C52307,0.9493299111886044
SV1_C11501,C11501,0.9857984929906015
SV1_C32478,C32478,0.888740902266154
SV1_C49903,C49903,0.881428119823637
SV1_C06083,C06083,0.88857590596134
SV1_C08408,C08408,0.970652160953365
SV1_C99030,C99030,0.9499115601162839
SV1_C33000,C33000,0.9766430738468146
SV1_C40815,C40815,0.9496537118688665
SV1_C49890,C49890,0.9258671158559266
SV1_C84611,C84611,0.9905947767672872
SV1_C73219,C73219,0.835894897608495
SV1_C64902,C64902,0.9812535521979742
SV1_C15040,C15040,0.92003632826624
SV1_C46209,C46209,0.9261539426849895
SV1_C68407,C68407,0.9839662285373698
SV1_C04303,C04303,0.9471355451100059
SV1_C31804,C31804,0.9460485085366145
SV1_C64275,C64275,0.9268793425460381
SV1_C52302,C52302,0.8778773758074666
SV1_C75682,C75682,0.8992545548696537
SV1_C76827,C76827,0.9614411083863579
SV1_C27022,C27022,0.9452993747669363
SV1_C65478,C65478,0.9254851796507266
SV1_C59516,C59516,0.9264247364054525
SV1_C82883,C82883,0.9584132774648235
SV1_C12694,C12694,0.8843804880728435
SV1_C52909,C52909,0.9423463801260497
SV1_C00630,C00630,0.9236939966909131
SV1_C59488,C59488,0.9953301185393217
SV1_C51001,C51001,0.8828748526312056
SV1_C90704,C90704,0.9397805071072517
SV1_C10869,C10869,0.9927542187247067
SV1_C47432,C47432,0.9931322826150436
SV1_C99029,C99029,0.9840433545669424
SV1_C81001,C81001,0.9373752522857746
SV1_C95472,C95472,0.9158104064640196
SV1_C70912,C70912,0.9641644498727187
SV1_C60714,C60714,0.9190525706287177
SV1_C80513,C80513,0.8777238500115021
SV1_C70214,C70214,0.8824526052746168
SV1_C43860,C43860,0.9810742619020159
SV1_C15045,C15045,0.9509539392271654
SV1_C02508,C02508,0.8950039165304348
SV1_C50505,C50505,0.9047023115564445
SV1_C91253,C91253,0.8773357747638056
SV1_C33623,C33623,0.8986771256878471
SV1_C76296,C76296,0.9614359516241662
SV1_C70802,C70802,0.933212450678632
SV1_C22919,C22919,0.8189225600785741
SV1_C51618,C51618,0.9062039254837111
SV1_C00694,C00694,0.8795556823102285
SV1_C65501,C65501,0.952613146472908
SV1_C01846,C01846,0.9317859779867395
SV1_C45701,C45701,0.9986617059442604
SV1_C61284,C61284,0.9024977215252775
SV1_C59482,C59482,0.9435780605536288
SV1_C64205,C64205,0.9348541858448302
SV1_C58918,C58918,0.8613212549188156
SV1_C19829,C19829,0.8665048778349882
SV1_C72694,C72694,0.965137973152766
SV1_C52276,C52276,0.9924381185497952
SV1_C58216,C58216,0.939191618139822
SV1_C31316,C31316,0.8529237098129834
SV1_C16821,C16821,0.9934668477096537
SV1_C47493,C47493,0.9627418772004362
SV1_C23445,C23445,0.8756318844091943
SV1_C58277,C58277,0.8389125852013473
SV1_C82909,C82909,0.8763804983332032
SV1_C43878,C43878,0.9617842574869572
SV1_C97879,C97879,0.8650682871422158
SV1_C99683,C99683,0.850614127109472
SV1_C98403,C98403,0.9558251071143989
SV1_C93033,C93033,0.8916929491964358
SV1_C09671,C09671,0.9050852878770151
SV1_C46273,C46273,0.9945937157531651
SV1_C66719,C66719,0.923857765713268
SV1_C67242,C67242,0.87168297324886
SV1_C90671,C90671,0.9651945922428041
SV1_C49304,C49304,0.952860467307544
SV1_C57613,C57613,0.9801972755308257
SV1_C64890,C64890,0.8874006981355202
SV1_C12006,C12006,0.8515262095139458
SV1_C67232,C67232,0.9964676553167328
SV1_C27685,C27685,0.873202208006818
SV1_C43316,C43316,0.9812566571998603
SV1_C54706,C54706,0.9254976565213888
SV1_C60109,C60109,0.961821057765498
SV1_C82917,C82917,0.9263245431842724
SV1_C84620,C84620,0.9468925122489871
SV1_C27686,C27686,0.9201931356431106
SV1_C89515,C89515,0.8804044382644443
SV1_C20412,C20412,0.9295720822043864
SV1_C04313,C04313,0.8836809933577934
SV1_C35480,C35480,0.9424151004293264
SV1_C93050,C93050,0.9216693601658316
SV1_C01843,C01843,0.9701862728637897
SV1_C90717,C90717,0.9208100318470843
SV1_C73900,C73900,0.914163467481757
SV1_C75607,C75607,0.8573271277367324
SV1_C04307,C04307,0.9530890314918383
SV1_C32482,C32482,0.8840593918124582
SV1_C58306,C58306,0.9482822623775129
SV1_C43901,C43901,0.9976008193061897
SV1_C63689,C63689,0.8835210999785019
SV1_C56439,C56439,0.9711677233302214
SV1_C94284,C94284,0.8971861704822324
SV1_C27041,C27041,0.8738347461246533
SV1_C54022,C54022,0.907664242147672
SV1_C86470,C86470,0.9417057125709648
SV1_C13854,C13854,0.854870993681635
SV1_C12047,C12047,0.9150989378018533
SV1_C20438,C20438,0.8786131843308082
SV1_C45688,C45688,0.924731068082128
SV1_C70829,C70829,0.906800606466643
SV1_C94235,C94235,0.9578608467069303
SV1_C29481,C29481,0.9341610870738646
SV1_C22237,C22237,0.9897365047849355
SV1_C15088,C15088,0.8499826405079611
SV1_C88250,C88250,0.9280024233390873
SV1_C25308,C25308,0.9059940454233275
SV1_C45668,C45668,0.9420555931204264
SV1_C30702,C30702,0.9231672183142317
SV1_C88817,C88817,0.9518258781224327
SV1_C01841,C01841,0.9636301986313582
SV1_C73261,C73261,0.8907481210479447
SV1_C43875,C43875,0.9658492594965472
SV1_C84689,C84689,0.8950552614681193
SV1_C64888,C64888,0.9081285658405519
SV1_C58846,C58846,0.915354203742845
SV1_C70209,C70209,0.9515263127828768
SV1_C19884,C19884,0.9010258113344092
SV1_C77448,C77448,0.9342238680282606
SV1_C76829,C76829,0.9774000155560534
SV1_C51681,C51681,0.9872308253753086
SV1_C35483,C35483,0.8984601553617051
SV1_C54701,C54701,0.9858900053925815
SV1_C92454,C92454,0.9330509954350058
SV1_C52297,C52297,0.9406301692502053
SV1_C43311,C43311,0.8405415205326068
SV1_C89473,C89473,0.9712026354144133
SV1_C61814,C61814,0.9660332537135715
SV1_C46271,C46271,0.9315384086742347
SV1_C66639,C66639,0.8862993383687822
SV1_C43302,C43302,0.9692602774351957
SV1_C60036,C60036,0.9492088371865566
SV1_C73293,C73293,0.9330444365845985
SV1_C98408,C98408,0.9966899628030763
SV1_C91257,C91257,0.890874312368578
SV1_C20486,C20486,0.8824279576631358
SV1_C64210,C64210,0.9164387519022378
SV1_C46293,C46293,0.9227168430569334
SV1_C48648,C48648,0.8825405510380544
SV1_C43890,C43890,0.8994049106915322
SV1_C74503,C74503,0.9939983230740346
SV1_C73839,C73839,0.8634147860858146
SV1_C80406,C80406,0.9134823674355734
SV1_C87083,C87083,0.9253101249987533
SV1_C05418,C05418,0.9318649255314465
SV1_C30615,C30615,0.8925559970196015
SV1_C82217,C82217,0.9183246816021156
SV1_C83423,C83423,0.9452878890913025
SV1_C66021,C66021,0.9931215575273429
SV1_C05511,C05511,0.9438392088834509
SV1_C73282,C73282,0.9097507217870028
SV1_C66033,C66033,0.9781073097672792
SV1_C84082,C84082,0.997734258930866
SV1_C06028,C06028,0.925125157014435
SV1_C84118,C84118,0.8436464806494356
SV1_C52287,C52287,0.9901416612035727
SV1_C43297,C43297,0.9947324463380466
SV1_C54074,C54074,0.909263414168332
SV1_C33081,C33081,0.979711533546006
SV1_C22206,C22206,0.9116623035746289
SV1_C30092,C30092,0.9993873347772272
SV1_C03688,C03688,0.8946965996240739
SV1_C67914,C67914,0.8989196869090736
SV1_C98443,C98443,0.9063142997310479
SV1_C47401,C47401,0.965054056887585
SV1_C09673,C09673,0.9953451390402267
SV1_C43207,C43207,0.9962633505969744
SV1_C91269,C91269,0.8815763014822254
SV1_C91306,C91306,0.8803210230080394
SV1_C94810,C94810,0.9457974052940461
SV1_C87066,C87066,0.9670806344107004
SV1_C10858,C10858,0.9899308252053591
SV1_C63114,C63114,0.8972991636676704
SV1_C10877,C10877,0.9735867646233293
SV1_C05417,C05417,0.983453487914038
SV1_C62427,C62427,0.867533821147359
SV1_C52245,C52245,0.9094861923190525
SV1_C60088,C60088,0.9892706228925783
SV1_C86452,C86452,0.9279133260483404
SV1_C43277,C43277,0.9937185637899932
SV1_C51694,C51694,0.9845375008720063
SV1_C63712,C63712,0.9596675987773615
SV1_C19820,C19820,0.914635178685731
SV1_C70247,C70247,0.9193287070936284
SV1_C93613,C93613,0.9601257073940018
SV1_C31304,C31304,0.8313796449742658
SV1_C57684,C57684,0.9533259152849887
SV1_C24702,C24702,0.9970067925422403
SV1_C37217,C37217,0.9557079416644605
SV1_C21001,C21001,0.9167183731259653
SV1_C46895,C46895,0.8327586202067102
SV1_C91907,C91907,0.810636722138536
SV1_C77426,C77426,0.9565497211221738
SV1_C18637,C18637,0.9258189119223746
SV1_C73817,C73817,0.9381823974234963
SV1_C99088,C99088,0.9832353005794412
SV1_C31204,C31204,0.9366055861844413
SV1_C87623,C87623,0.8625252387139056
SV1_C81676,C81676,0.9101133857955157
SV1_C33119,C33119,0.9316329592327511
SV1_C76896,C76896,0.9690983629956148
SV1_C16875,C16875,0.9167394170213533
SV1_C84089,C84089,0.9093987185923176
SV1_C00614,C00614,0.9637399488793543
SV1_C19234,C19234,0.9772974998160863
SV1_C70879,C70879,0.9648240506025074
SV1_C46846,C46846,0.8998246132497041
SV1_C49211,C49211,0.8715424339402591
SV1_C01889,C01889,0.9388881461555859
SV1_C82820,C82820,0.9737887944804279
SV1_C23500,C23500,0.9248332484330386
SV1_C22812,C22812,0.9470692404651714
SV1_C48000,C48000,0.9890442593496025
SV1_C25891,C25891,0.9731500329774906
SV1_C50445,C50445,0.9171218013592703
SV1_C18632,C18632,0.9041558932607343
SV1_C97828,C97828,0.8833518684494509
SV1_C13806,C13806,0.9319392283415355
SV1_C70874,C70874,0.9246486301733899
SV1_C95489,C95489,0.928643257969693
SV1_C28919,C28919,0.8065617448723832
SV1_C54014,C54014,0.898314595578615
SV1_C63709,C63709,0.9901818079629989
SV1_C46840,C46840,0.9061625921887952
SV1_C27001,C27001,0.9612792821371935
SV1_C94815,C94815,0.9103064823882158
SV1_C43283,C43283,0.9673113147999536
SV1_C09649,C09649,0.9529224936363412
SV1_C34882,C34882,0.9793940957064244
SV1_C32491,C32491,0.9662177405685927
SV1_C34276,C34276,0.8968004496740793
SV1_C32496,C32496,0.8366958937681352
SV1_C27698,C27698,0.8953631677800279
SV1_C11514,C11514,0.8353145356117723
SV1_C71447,C71447,0.9176081519938809
SV1_C57076,C57076,0.9343943145368508
SV1_C13866,C13866,0.9204013315517575
SV1_C75084,C75084,0.913160730465656
SV1_C64295,C64295,0.9362718270444382
SV1_C78021,C78021,0.9580124493053991
SV1_C21647,C21647,0.9260291220318264
SV1_C11516,C11516,0.8770754936189119
SV1_C12614,C12614,0.8856976849693324
SV1_C09047,C09047,0.995325810937637
SV1_C81118,C81118,0.8864402148869763
SV1_C53409,C53409,0.8777248034424926
SV1_C46317,C46317,0.9931877498419014
SV1_C92452,C92452,0.9343941146789093
SV1_C11432,C11432,0.9391624128920079
SV1_C11503,C11503,0.930999021559965
SV1_C02446,C02446,0.9329758801567919
SV1_C89445,C89445,0.9995075332396204
SV1_C68479,C68479,0.8837136880534092
SV1_C54606,C54606,0.8819828527167528
SV1_C55896,C55896,0.9843990399475487
SV1_C09614,C09614,0.8882573596739055
SV1_C72093,C72093,0.9301861418912718
SV1_C99624,C99624,0.9925492751593373
SV1_C74410,C74410,0.931773786728635
SV1_C46868,C46868,0.9263952784137801
SV1_C34817,C34817,0.9472147333543213
SV1_C51002,C51002,0.9036597887367205
SV1_C52313,C52313,0.8802144429404479
SV1_C23423,C23423,0.865136266071721
SV1_C32409,C32409,0.9558111071000707
SV1_C24635,C24635,0.9943952755387282
SV1_C15080,C15080,0.9373944667522619
SV1_C65414,C65414,0.9092279048737966
SV1_C15073,C15073,0.9133352449193111
SV1_C90107,C90107,0.9145087222505369
SV1_C98487,C98487,0.8329604599679364
SV1_C87646,C87646,0.9722797888973819
SV1_C21091,C21091,0.9343607369718783
SV1_C40819,C40819,0.9197594785160756
SV1_C63117,C63117,0.862067507042647
SV1_C27645,C27645,0.8876001372554064
SV1_C22246,C22246,0.8971351903106017
SV1_C99603,C99603,0.9359197705336902
SV1_C72613,C72613,0.9869121377769442
SV1_C13826,C13826,0.8542414828789924
SV1_C30692,C30692,0.9975156374328866
SV1_C14432,C14432,0.9251860014976016
SV1_C74420,C74420,0.919583088243736
SV1_C89409,C89409,0.9227104030234345
SV1_C66080,C66080,0.9936689728489484
SV1_C75718,C75718,0.9100263684293772
SV1_C91231,C91231,0.9257990660640892
SV1_C93606,C93606,0.9358706027828357
SV1_C58227,C58227,0.8763375460985919
SV1_C19808,C19808,0.9426675358018479
SV1_C79876,C79876,0.8745706185539571
SV1_C75006,C75006,0.9252236402797808
SV1_C70892,C70892,0.9930570243984409
SV1_C04211,C04211,0.9973271399810534
SV1_C93682,C93682,0.9976947689466522
SV1_C12677,C12677,0.9149503099860018
SV1_C45665,C45665,0.9364166556929264
SV1_C02442,C02442,0.9194864888157185
SV1_C88316,C88316,0.9397693750970784
SV1_C63081,C63081,0.9870200818985441
SV1_C04290,C04290,0.9956936941568472
SV1_C60106,C60106,0.9773255599995999
SV1_C67298,C67298,0.999021815570479
SV1_C21686,C21686,0.8849643487097065
SV1_C46215,C46215,0.9865012428869099
SV1_C17400,C17400,0.8793556266262708
SV1_C73812,C73812,0.9884203038347714
SV1_C90605,C90605,0.9251811348235025
SV1_C15084,C15084,0.9069649555751713
SV1_C49812,C49812,0.9572783517538344
SV1_C12716,C12716,0.839003493906582
SV1_C43866,C43866,0.9249357012266473
SV1_C45082,C45082,0.9658516683137974
SV1_C90043,C90043,0.9837959044025031
SV1_C57022,C57022,0.957962828852555
SV1_C08423,C08423,0.9436218262503475
SV1_C25818,C25818,0.9298349702115658
SV1_C100309,C100309,0.9494565899124451
SV1_C93046,C93046,0.9550958846203863
SV1_C46905,C46905,0.9917444033236075
SV1_C91287,C91287,0.8284701491003301
SV1_C73270,C73270,0.8831938014201225
SV1_C11469,C11469,0.9906685046437981
SV1_C90654,C90654,0.8913883075486322
SV1_C90110,C90110,0.9202977001397727
SV1_C68487,C68487,0.9367503407007509
SV1_C22805,C22805,0.8830152017145217
SV1_C27028,C27028,0.9372187105108777
SV1_C00633,C00633,0.9826650642589051
SV1_C32410,C32410,0.9169499703641
SV1_C79818,C79818,0.9025602200609568
SV1_C93076,C93076,0.8496804923357676
SV1_C90607,C90607,0.8856292752314089
SV1_C15028,C15028,0.9372746750608755
SV1_C58813,C58813,0.9778604092964268
SV1_C13846,C13846,0.8733083787972318
SV1_C49263,C49263,0.9157260423012714
SV1_C64208,C64208,0.9319110713041802
SV1_C10270,C10270,0.9248401214751587
SV1_C28232,C28232,0.9935548195415488
SV1_C28235,C28235,0.8180497163681245
SV1_C78682,C78682,0.9424899219080073
SV1_C90615,C90615,0.9198599808341157
SV1_C47453,C47453,0.9745306176915657
SV1_C04876,C04876,0.9916856401446407
SV1_C43280,C43280,0.9881596477495375
SV1_C83483,C83483,0.9325535345927164
SV1_C44472,C44472,0.9909785829135993
SV1_C95401,C95401,0.9836333792701082
SV1_C50420,C50420,0.9178558717572808
SV1_C67872,C67872,0.9739185116771261
SV1_C27693,C27693,0.9675999793133376
SV1_C45692,C45692,0.9196487368400404
SV1_C60045,C60045,0.8892393836610625
SV1_C01281,C01281,0.9374793563663293
SV1_C45716,C45716,0.9963999297372735
SV1_C32414,C32414,0.9162704728241169
SV1_C87636,C87636,0.9819416002964415
SV1_C30077,C30077,0.9507879061969332
SV1_C49239,C49239,0.9930835973597493
SV1_C12003,C12003,0.8960322033973613
SV1_C41407,C41407,0.9143109438705799
SV1_C77506,C77506,0.89118393149857
SV1_C32519,C32519,0.9084079430723885
SV1_C90051,C90051,0.9816117827427249
SV1_C60078,C60078,0.959651248675044
SV1_C12035,C12035,0.9974909396565109
SV1_C72103,C72103,0.9989210294374502
SV1_C26510,C26510,0.9641723296745138
SV1_C90108,C90108,0.9766801930923883
SV1_C91856,C91856,0.9313210518986443
SV1_C33080,C33080,0.9933592829345825
SV1_C65447,C65447,0.8653151700182897
SV1_C69007,C69007,0.9937089262086255
SV1_C15003,C15003,0.9412968858712705
SV1_C25806,C25806,0.9051463323131258
SV1_C10849,C10849,0.9403754834588685
SV1_C19886,C19886,0.828676480651561
SV1_C77422,C77422,0.9666852063774534
SV1_C34280,C34280,0.8941875811048675
SV1_C99010,C99010,0.9462973452006679
SV1_C41423,C41423,0.975329337453293
SV1_C34205,C34205,0.9956542159639572
SV1_C67307,C67307,0.9156671717792403
SV1_C50426,C50426,0.848400926907286
SV1_C90114,C90114,0.9435830881277832
SV1_C69693,C69693,0.9321874728232616
SV1_C70880,C70880,0.9740393881437898
SV1_C98510,C98510,0.9410255139803506
SV1_C68441,C68441,0.9099787874967437
SV1_C45041,C45041,0.9657987982945249
SV1_C82894,C82894,0.9566491824341856
SV1_C61809,C61809,0.9377701029194424
SV1_C73805,C73805,0.988115682032119
SV1_C06078,C06078,0.8406821462570487
SV1_C60037,C60037,0.9608136382113868
SV1_C75083,C75083,0.9822914131917696
SV1_C72606,C72606,0.9377184305858113
SV1_C17420,C17420,0.9946493445032323
SV1_C100318,C100318,0.9345971613103518
SV1_C04819,C04819,0.9283267108437052
SV1_C33089,C33089,0.8489896596267625
SV1_C25288,C25288,0.9414018396635941
SV1_C78670,C78670,0.929912486674207
SV1_C75046,C75046,0.8895271200969482
SV1_C49861,C49861,0.9761057209295307
SV1_C39019,C39019,0.9540717111770942
SV1_C64207,C64207,0.8328233849768383
SV1_C07227,C07227,0.8937503875113998
SV1_C11407,C11407,0.8628645031039989
SV1_C49844,C49844,0.9562667662639747
SV1_C51027,C51027,0.8372920167992863
SV1_C63630,C63630,0.8548414694654746
SV1_C04890,C04890,0.9733315501186589
SV1_C12031,C12031,0.9997300691216329
SV1_C91809,C91809,0.9257630186675975
SV1_C82286,C82286,0.8715670298635644
SV1_C82897,C82897,0.9001184788291022
SV1_C51100,C51100,0.9299338056118334
SV1_C85203,C85203,0.9664574684107807
SV1_C65514,C65514,0.8991317624457662
SV1_C93695,C93695,0.9346840413124825
SV1_C10282,C10282,0.9403377781229145
SV1_C27616,C27616,0.9121990366776054
SV1_C73833,C73833,0.9554002959016206
SV1_C43270,C43270,0.9995523907421852
SV1_C49881,C49881,0.9630247472543565
SV1_C91267,C91267,0.8810883313354926
SV1_C60023,C60023,0.8598987135293391
SV1_C87698,C87698,0.8753840954705434
SV1_C15631,C15631,0.8583485940515825
SV1_C72094,C72094,0.9621802044361898
SV1_C87111,C87111,0.928106820565882
SV1_C44502,C44502,0.9732485715665616
SV1_C90090,C90090,0.9115466692450553
SV1_C38419,C38419,0.9565091023626301
SV1_C69000,C69000,0.9881382807014075
SV1_C87108,C87108,0.9792719823727524
SV1_C52825,C52825,0.9460928621295305
SV1_C72627,C72627,0.8668451515928833
SV1_C16876,C16876,0.9817873420189546
SV1_C01837,C01837,0.9991118837790909
SV1_C78001,C78001,0.8523420169212709
SV1_C58807,C58807,0.9407001022040173
SV1_C13304,C13304,0.9427099980863999
SV1_C43802,C43802,0.9434345716400606
SV1_C96707,C96707,0.9294339598976971
SV1_C50416,C50416,0.8630456422218473
SV1_C00112,C00112,0.9137194972387499
SV1_C99632,C99632,0.9933603955506888
SV1_C44484,C44484,0.981381235274309
SV1_C84093,C84093,0.958768763824678
SV1_C10204,C10204,0.9564822477335233
SV1_C03627,C03627,0.9488165526702406
SV1_C60043,C60043,0.897971634754962
SV1_C06014,C06014,0.9307649201087667
SV1_C15624,C15624,0.9430147432811283
SV1_C09631,C09631,0.9482421788238284
SV1_C52906,C52906,0.8886247743887363
SV1_C18093,C18093,0.9544432779758268
SV1_C56415,C56415,0.9101883707527453
SV1_C34901,C34901,0.8968718126686317
SV1_C25217,C25217,0.989530611042931
SV1_C60719,C60719,0.8141247530276918
SV1_C76215,C76215,0.8492270931233615
SV1_C73820,C73820,0.9232456492718816
SV1_C23484,C23484,0.9990400052100261
SV1_C77406,C77406,0.9155370213484116
SV1_C48097,C48097,0.9553801854029415
SV1_C19878,C19878,0.8764395731374822
SV1_C49260,C49260,0.9325457573226604
SV1_C42619,C42619,0.9625301107518421
SV1_C13803,C13803,0.9817461247895239
SV1_C04220,C04220,0.9726183266118309
SV1_C64884,C64884,0.9677713065088456
SV1_C45636,C45636,0.9412416643276056
SV1_C64818,C64818,0.8627027469857886
SV1_C71519,C71519,0.9271194519359417
SV1_C16205,C16205,0.9120739560440089
SV1_C50433,C50433,0.923927077123551
SV1_C13211,C13211,0.9728778171505951
SV1_C47491,C47491,0.9757165825231711
SV1_C97825,C97825,0.8859713445585428
SV1_C11457,C11457,0.9192097967789361
SV1_C69046,C69046,0.9451576832794225
SV1_C44489,C44489,0.9325663809303502
SV1_C92414,C92414,0.9392130037349403
SV1_C01272,C01272,0.9570444497864977
SV1_C20441,C20441,0.8655028021203062
SV1_C10817,C10817,0.8792144074441657
SV1_C75015,C75015,0.8499133674900219
SV1_C21684,C21684,0.9964100847369314
SV1_C11482,C11482,0.8987035532109241
SV1_C91298,C91298,0.8820611058014114
SV1_C25841,C25841,0.8898602213457546
SV1_C71442,C71442,0.9032131404285902
SV1_C83507,C83507,0.9844812666467988
SV1_C08427,C08427,0.923394719116481
SV1_C73200,C73200,0.9957756659004301
SV1_C97245,C97245,0.8740080617235972
SV1_C63675,C63675,0.9110935345964074
SV1_C98427,C98427,0.9941666978190631
SV1_C10316,C10316,0.8777775997725745
SV1_C61286,C61286,0.9706938878396365
SV1_C31895,C31895,0.9729065200870529
SV1_C73874,C73874,0.9096096588248487
SV1_C74424,C74424,0.9434256726436249
SV1_C46910,C46910,0.9626875526628554
SV1_C79814,C79814,0.8917863604912318
SV1_C24012,C24012,0.9616317520475443
SV1_C39611,C39611,0.9851652604181327
SV1_C73238,C73238,0.8975215575236679
SV1_C63028,C63028,0.8930146762897653
SV1_C63036,C63036,0.8643541734423782
SV1_C24622,C24622,0.8616143917009053
SV1_C75604,C75604,0.9714269565387956
SV1_C94802,C94802,0.9463104608541112
SV1_C49838,C49838,0.9048858497121343
SV1_C93058,C93058,0.9193191153306994
SV1_C91828,C91828,0.9080115110460313
SV1_C70311,C70311,0.9707793168874598
SV1_C30623,C30623,0.8101174293209062
SV1_C76210,C76210,0.8959569179934157
SV1_C30119,C30119,0.8383074559024019
SV1_C87036,C87036,0.9795251929151839
SV1_C12061,C12061,0.9677642791813833
SV1_C00604,C00604,0.9926835713316313
SV1_C25808,C25808,0.9385634524868126
SV1_C81696,C81696,0.8930935177496724
SV1_C87662,C87662,0.9437420385284376
SV1_C71421,C71421,0.9913686001878088
SV1_C96029,C96029,0.8864429104926969
SV1_C97311,C97311,0.9112347808974647
SV1_C12028,C12028,0.9310669597724816
SV1_C93111,C93111,0.8556336766492992
SV1_C54673,C54673,0.9178071448976736
SV1_C31911,C31911,0.9851121660633572
SV1_C13295,C13295,0.9698946814622902
SV1_C43830,C43830,0.9190863777674937
SV1_C66119,C66119,0.92423749915045
SV1_C84679,C84679,0.9566162423936525
SV1_C45675,C45675,0.9788779414206965
SV1_C92505,C92505,0.9902869041924449
SV1_C99013,C99013,0.9698006293386707
SV1_C24623,C24623,0.8919297300283254
SV1_C60035,C60035,0.8748738639733226
SV1_C12023,C12023,0.8963212759259227
SV1_C43849,C43849,0.9960238615315065
SV1_C75094,C75094,0.9655695312358135
SV1_C07877,C07877,0.9990601235946154
SV1_C87655,C87655,0.9995388419547957
SV1_C62439,C62439,0.8591179548100177
SV1_C33605,C33605,0.9862632929621433
SV1_C28225,C28225,0.9981488823471457
SV1_C73879,C73879,0.9942752617899001
SV1_C87038,C87038,0.954499925300001
SV1_C87653,C87653,0.9291662123594133
SV1_C18693,C18693,0.9422564357008745
SV1_C73855,C73855,0.9246271866323915
SV1_C30684,C30684,0.9474979425521471
SV1_C84623,C84623,0.9079542568117189
SV1_C40212,C40212,0.9642288184407705
SV1_C07246,C07246,0.9218084456853644
SV1_C81602,C81602,0.927221641665559
SV1_C55235,C55235,0.9827024548590922
SV1_C18015,C18015,0.9626950770709797
SV1_C97244,C97244,0.8428948511185781
SV1_C16280,C16280,0.9706221466441948
SV1_C79206,C79206,0.8973524558343788
SV1_C70877,C70877,0.9800531477783649
SV1_C33099,C33099,0.9626386756232673
SV1_C17478,C17478,0.9717283309813407
SV1_C60677,C60677,0.9019807409198766
SV1_C54633,C54633,0.9907514610178647
SV1_C27100,C27100,0.8929865099345865
SV1_C43888,C43888,0.9243131945093243
SV1_C07269,C07269,0.9606589694316802
SV1_C92466,C92466,0.9727329450648676
SV1_C91832,C91832,0.9031541756132913
SV1_C76317,C76317,0.85565112011179
SV1_C67293,C67293,0.9485757324105332
SV1_C12008,C12008,0.8838785149777031
SV1_C02418,C02418,0.9128951546114078
SV1_C67236,C67236,0.9657003717008077
SV1_C87680,C87680,0.9794047969434757
SV1_C74415,C74415,0.850921996490178
SV1_C07874,C07874,0.9480233136046156
SV1_C32480,C32480,0.9981677729635079
SV1_C94822,C94822,0.964446549388463
SV1_C06088,C06088,0.9332098457234453
SV1_C92456,C92456,0.9464039678247724
SV1_C64914,C64914,0.8958183679096284
SV1_C61822,C61822,0.8990892529183003
SV1_C07224,C07224,0.9899100802947959
SV1_C76312,C76312,0.9124302885438798
SV1_C14401,C14401,0.9139739989510567
SV1_C31207,C31207,0.8804334531006028
SV1_C91244,C91244,0.9597624465108183
SV1_C70905,C70905,0.9735983601666081
SV1_C30017,C30017,0.9019461314374397
SV1_C79878,C79878,0.9274111273278645
SV1_C64803,C64803,0.9157720364227965
SV1_C45682,C45682,0.9654419547728363
SV1_C64220,C64220,0.9314135529068996
SV1_C73848,C73848,0.8565675722356991
SV1_C48052,C48052,0.9372869686547658
SV1_C34209,C34209,0.9947508803733375
SV1_C88270,C88270,0.9363708051775602
SV1_C21607,C21607,0.9809558573536595
SV1_C60710,C60710,0.9621057416698083
SV1_C94814,C94814,0.9384483973935901
SV1_C88317,C88317,0.9317619275598984
SV1_C10835,C10835,0.9758672202989683
SV1_C64843,C64843,0.9021496085447199
SV1_C100273,C100273,0.9290022112243715
SV1_C78062,C78062,0.8604736802518567
SV1_C45620,C45620,0.8396300664451177
SV1_C94286,C94286,0.9781716508562492
SV1_C69636,C69636,0.8931835909815207
SV1_C60010,C60010,0.9872379727901068
SV1_C55891,C55891,0.8133876307000889
SV1_C75624,C75624,0.9237119982805957
SV1_C18631,C18631,0.8826654569357888
SV1_C30619,C30619,0.8835114134864819
SV1_C74464,C74464,0.9010450146548966
SV1_C53410,C53410,0.9001779818408057
SV1_C89464,C89464,0.9902004506166753
SV1_C61821,C61821,0.9325901446106964
SV1_C65404,C65404,0.9676318340154042
SV1_C12039,C12039,0.9755981983927644
SV1_C85220,C85220,0.9627234063633924
SV1_C80408,C80408,0.9376393458737585
SV1_C43916,C43916,0.9860528794408585
SV1_C72050,C72050,0.9413401413025289
SV1_C19243,C19243,0.9715949294422972
SV1_C41419,C41419,0.9407353316014766
SV1_C74472,C74472,0.9398855366034723
SV1_C49252,C49252,0.9250093483744085
SV1_C88282,C88282,0.91130674960715
SV1_C13907,C13907,0.9880548746325576
SV1_C95496,C95496,0.943471114795932
SV1_C20435,C20435,0.8909943823329142
SV1_C58903,C58903,0.9148926872834225
SV1_C55899,C55899,0.9610267551029273
SV1_C04217,C04217,0.9071759580008463
SV1_C07871,C07871,0.8931094749386834
SV1_C08497,C08497,0.9240403951302222
SV1_C12001,C12001,0.8738765041616545
SV1_C63645,C63645,0.9644595112381246
SV1_C18011,C18011,0.9731896975203236
SV1_C24684,C24684,0.9910844747639198
SV1_C76826,C76826,0.9301613563073842
SV1_C24077,C24077,0.9577394631159805
SV1_C21040,C21040,0.852455429812364
SV1_C60642,C60642,0.8320585358023597
SV1_C93710,C93710,0.9806705613508383
SV1_C67888,C67888,0.9797656101072624
SV1_C37210,C37210,0.9573559724526964
SV1_C35497,C35497,0.9138999775105583
SV1_C21078,C21078,0.9222696352468523
SV1_C21624,C21624,0.9748848971431294
SV1_C12600,C12600,0.8707437150663203
SV1_C74515,C74515,0.9416662474679343
SV1_C14435,C14435,0.8649999812066413
SV1_C01302,C01302,0.8590967813973134
SV1_C23488,C23488,0.9640478634143843
SV1_C42617,C42617,0.9336052183782906
SV1_C04275,C04275,0.907516795383307
SV1_C78007,C78007,0.9917280038328288
SV1_C01215,C01215,0.9741061313969038
SV1_C94916,C94916,0.9983872984453418
SV1_C46831,C46831,0.8767098723474317
SV1_C01825,C01825,0.9738783391120995
SV1_C45683,C45683,0.9877386225041279
SV1_C45069,C45069,0.9735752087795931
SV1_C54029,C54029,0.9784064799919686
SV1_C39620,C39620,0.9937425693893839
SV1_C50493,C50493,0.9446020766609347
SV1_C07274,C07274,0.9454627229311405
SV1_C26404,C26404,0.915990744344565
SV1_C51035,C51035,0.832185505635992
SV1_C49899,C49899,0.8826427847645826
SV1_C93715,C93715,0.9396854330195801
SV1_C31889,C31889,0.8948815389222016
SV1_C23414,C23414,0.9263608188336969
SV1_C71506,C71506,0.9277482481774086
SV1_C47454,C47454,0.9438135054335345
SV1_C63010,C63010,0.9033775497954013
SV1_C60678,C60678,0.9732262793197088
SV1_C61274,C61274,0.9891573740200632
SV1_C50516,C50516,0.8916778070824962
SV1_C49208,C49208,0.990050997282243
SV1_C65402,C65402,0.9345357605354196
SV1_C48669,C48669,0.843966645700361
SV1_C13306,C13306,0.9259047570565749
SV1_C78681,C78681,0.9074064697931222
SV1_C28272,C28272,0.8233021872622828
SV1_C27102,C27102,0.9361183025587803
SV1_C07304,C07304,0.9075331033818881
SV1_C37813,C37813,0.9232349607166898
SV1_C25318,C25318,0.9731661076097594
SV1_C25880,C25880,0.9347713829550943
SV1_C17403,C17403,0.9662705372517628
SV1_C77438,C77438,0.9323611006311187
SV1_C76843,C76843,0.8997006924593027
SV1_C77469,C77469,0.9213134318330941
SV1_C48012,C48012,0.9776130990410461
SV1_C30694,C30694,0.9279046134672881
SV1_C51088,C51088,0.8965197435843103
SV1_C55901,C55901,0.9776629642004371
SV1_C60686,C60686,0.9500858183539849
SV1_C38417,C38417,0.9565058689546743
SV1_C63020,C63020,0.9022499038314695
SV1_C44413,C44413,0.8758493246849666
SV1_C91201,C91201,0.9218557405951445
SV1_C82876,C82876,0.9250115224338971
SV1_C84076,C84076,0.8971687064436168
SV1_C73907,C73907,0.997914594909935
SV1_C91274,C91274,0.8965358223554609
SV1_C78086,C78086,0.969272242798375
SV1_C90098,C90098,0.8692724712380724
SV1_C04208,C04208,0.9522381896823576
SV1_C01201,C01201,0.9972703361888715
SV1_C02512,C02512,0.9169831101234562
SV1_C96017,C96017,0.9471105596595045
SV1_C63628,C63628,0.881304033068685
SV1_C72034,C72034,0.9114278667810439
SV1_C78665,C78665,0.8951486142823999
SV1_C73308,C73308,0.9129002622767756
SV1_C96607,C96607,0.9364775345161407
SV1_C40808,C40808,0.9869698961129847
SV1_C92441,C92441,0.9272884536723731
SV1_C22291,C22291,0.997293015590614
SV1_C52228,C52228,0.9282621174035339
SV1_C57701,C57701,0.9094889990189664
SV1_C55913,C55913,0.925840705608945
SV1_C100302,C100302,0.9310430508799724
SV1_C46879,C46879,0.9861681055719861
SV1_C12113,C12113,0.9113713828936179
SV1_C78672,C78672,0.8755486286359981
SV1_C53430,C53430,0.9116175867598298
SV1_C63617,C63617,0.9005836833894969
SV1_C77451,C77451,0.9222458182261384
SV1_C67835,C67835,0.8925505091801693
SV1_C03702,C03702,0.901198144792177
SV1_C44499,C44499,0.8496954077265706
SV1_C78614,C78614,0.9331395138381479
SV1_C13800,C13800,0.8370267959949148
SV1_C76824,C76824,0.9689103608852392
SV1_C49317,C49317,0.9253410000186117
SV1_C98478,C98478,0.8991055370399996
SV1_C54711,C54711,0.9517806042577858
SV1_C59475,C59475,0.8355700617638241
SV1_C56481,C56481,0.9409302048375918
SV1_C68400,C68400,0.9915765346148627
SV1_C65503,C65503,0.8974216269280143
SV1_C69101,C69101,0.9424799880009069
SV1_C96612,C96612,0.9863920572434682
SV1_C96644,C96644,0.8441936302365133
SV1_C90625,C90625,0.9814814898232286
SV1_C13233,C13233,0.932934513952932
SV1_C13265,C13265,0.9442801512829765
SV1_C66710,C66710,0.974487072833737
SV1_C88835,C88835,0.9090383523299539
SV1_C11511,C11511,0.9229969994148042
SV1_C82808,C82808,0.9525126894247025
SV1_C19215,C19215,0.9714516751207971
SV1_C77400,C77400,0.8530871215360581
SV1_C87690,C87690,0.8932888374929215
SV1_C07313,C07313,0.8093198105713714
SV1_C15041,C15041,0.8915626972525276
SV1_C60630,C60630,0.9393869087740027
SV1_C36602,C36602,0.9598730680243761
SV1_C51003,C51003,0.8736628288251854
SV1_C23404,C23404,0.9036808782343808
SV1_C87660,C87660,0.9728174139933361
SV1_C62430,C62430,0.9207147031740907
SV1_C79313,C79313,0.8693954404424549
SV1_C03693,C03693,0.8594264688426684
SV1_C45076,C45076,0.9918289520542825
SV1_C76282,C76282,0.9362674758192399
SV1_C78711,C78711,0.9549682622474179
SV1_C58231,C58231,0.8727733133270267
SV1_C78072,C78072,0.9014924149836439
SV1_C27039,C27039,0.9099075270405902
SV1_C44441,C44441,0.9674882065285464
SV1_C89488,C89488,0.974697475808645
SV1_C63604,C63604,0.9382920928071645
SV1_C67239,C67239,0.8921016359154237
SV1_C92478,C92478,0.9206231644710443
SV1_C54090,C54090,0.9053126332063733
SV1_C19216,C19216,0.9005671447310921
SV1_C46830,C46830,0.90899257592256
SV1_C07851,C07851,0.8940546634503337
SV1_C64310,C64310,0.9752052492458394
SV1_C78053,C78053,0.918701623885121
SV1_C28883,C28883,0.9709514233137797
SV1_C61232,C61232,0.9854211353071194
SV1_C88276,C88276,0.97870392166229
SV1_C26472,C26472,0.8689107513648575
SV1_C00009,C00009,0.9994327663783271
SV1_C63601,C63601,0.9339405205512782
SV1_C23411,C23411,0.9926015274558654
SV1_C05410,C05410,0.8799689593228703
SV1_C77428,C77428,0.990204945631744
SV1_C66687,C66687,0.9628593266217539
SV1_C92416,C92416,0.9138840552057974
SV1_C65488,C65488,0.9253918635066711
SV1_C90655,C90655,0.9675444613516644
SV1_C14439,C14439,0.9170974420666068
SV1_C91212,C91212,0.9379002767001482
SV1_C66089,C66089,0.9177411931466448
SV1_C43308,C43308,0.9829359819290919
SV1_C11424,C11424,0.9409537517539398
SV1_C06041,C06041,0.9214419541032816
SV1_C33075,C33075,0.9593588882854944
SV1_C76290,C76290,0.8318497966826703
SV1_C96638,C96638,0.96565507823178
SV1_C13901,C13901,0.8774305723607808
SV1_C75040,C75040,0.8470224673359424
SV1_C43904,C43904,0.9932061291053232
SV1_C06673,C06673,0.8836477011239086
SV1_C89476,C89476,0.9845943796581419
SV1_C98474,C98474,0.9013026655083356
SV1_C33712,C33712,0.8306387893768485
SV1_C74514,C74514,0.8622258968134843
SV1_C33684,C33684,0.9425157695390531
SV1_C78628,C78628,0.9395661488810338
SV1_C90631,C90631,0.9224580584697826
SV1_C27624,C27624,0.9785575649811183
SV1_C45625,C45625,0.9494226290551039
SV1_C51677,C51677,0.987565864838217
SV1_C31287,C31287,0.9991458313410363
SV1_C25903,C25903,0.9231452640791172
SV1_C08511,C08511,0.962712152900135
SV1_C90623,C90623,0.8970897989126911
SV1_C09706,C09706,0.8910580599284346
SV1_C45083,C45083,0.9840925276666851
SV1_C99602,C99602,0.9167424312438961
SV1_C82885,C82885,0.8772500658016987
SV1_C16837,C16837,0.9069543244745516
SV1_C55840,C55840,0.9047368141610161
SV1_C93633,C93633,0.8769405032767478
SV1_C15013,C15013,0.9269666955470204
SV1_C71494,C71494,0.9586791394058212
SV1_C28914,C28914,0.8632723972778803
SV1_C69638,C69638,0.9160752199692794
SV1_C77495,C77495,0.9565998101998581
SV1_C18600,C18600,0.9135031221230706
SV1_C87085,C87085,0.9696957468751831
SV1_C02498,C02498,0.8804735275803199
SV1_C61878,C61878,0.9977860827952278
SV1_C94902,C94902,0.9994722539367317
SV1_C17443,C17443,0.9956996017390138
SV1_C85295,C85295,0.9352044960525321
SV1_C12668,C12668,0.9555377625630113
SV1_C90670,C90670,0.8999825243420365
SV1_C44455,C44455,0.998606995563219
SV1_C18075,C18075,0.899059889196034
SV1_C71438,C71438,0.8796723153565924
SV1_C48054,C48054,0.914413736774361
SV1_C28804,C28804,0.8922499649839357
SV1_C79200,C79200,0.9283399477204703
SV1_C23478,C23478,0.890531265906612
SV1_C58825,C58825,0.973821261490122
SV1_C07908,C07908,0.9024292292792484
SV1_C46282,C46282,0.9636459861159491
SV1_C09679,C09679,0.9534269707152607
SV1_C20475,C20475,0.9832301459394395
SV1_C42618,C42618,0.9310258712477466
SV1_C89423,C89423,0.880611978427803
SV1_C35484,C35484,0.9775160848469204
SV1_C88293,C88293,0.8302595962367932
SV1_C90063,C90063,0.9720521588179167
SV1_C22207,C22207,0.9839995444337342
SV1_C83478,C83478,0.985088974888634
SV1_C18019,C18019,0.9226885921223739
SV1_C58208,C58208,0.9510642989164942
SV1_C06072,C06072,0.8795942804912974
SV1_C55826,C55826,0.9415556379548288
SV1_C35417,C35417,0.9494699519783386
SV1_C67218,C67218,0.8700267056667522
SV1_C31313,C31313,0.8843646417606142
SV1_C80509,C80509,0.8697245579089015
SV1_C54078,C54078,0.9083268475258232
SV1_C00029,C00029,0.9706511098684295
SV1_C55900,C55900,0.985340468592391
SV1_C33084,C33084,0.9658133935960718
SV1_C76249,C76249,0.8772164175298487
SV1_C73912,C73912,0.9288833690462605
SV1_C31807,C31807,0.8767161865152556
SV1_C81684,C81684,0.8859374680634211
SV1_C09007,C09007,0.8802203588136233
SV1_C96106,C96106,0.9987775171488738
SV1_C06032,C06032,0.9215051062927647
SV1_C67884,C67884,0.9444226797090736
SV1_C44506,C44506,0.9741856933312989
SV1_C33021,C33021,0.9206881362320373
SV1_C69091,C69091,0.9526825406808449
SV1_C73807,C73807,0.8639341291221275
SV1_C75703,C75703,0.9785341125795708
SV1_C78004,C78004,0.8477852820046783
SV1_C82274,C82274,0.9191360303885079
SV1_C33085,C33085,0.9527687988798683
SV1_C06084,C06084,0.878696031295067
SV1_C20444,C20444,0.9697876486802214
SV1_C37200,C37200,0.9261602418936572
SV1_C99022,C99022,0.9472059081425449
SV1_C73889,C73889,0.8565596611676718
SV1_C04909,C04909,0.9079796419552594
SV1_C07237,C07237,0.9730628041869821
SV1_C00099,C00099,0.9095168522143707
SV1_C93614,C93614,0.9274997402907585
SV1_C81117,C81117,0.9307003301737157
SV1_C89502,C89502,0.8809740464737839
SV1_C91801,C91801,0.9100865684627907
SV1_C28915,C28915,0.948581351219559
SV1_C98494,C98494,0.8973551635206422
SV1_C56515,C56515,0.9377491524970469
SV1_C03032,C03032,0.9787009645854338
SV1_C85208,C85208,0.8910399592975254
SV1_C16287,C16287,0.948469746903277
SV1_C17441,C17441,0.9579511426504954
SV1_C19230,C19230,0.9613018391429777
SV1_C55812,C55812,0.960000703195108
SV1_C70837,C70837,0.8964637739478627
SV1_C05447,C05447,0.9868278813313369
SV1_C16804,C16804,0.8827882948082876
SV1_C24013,C24013,0.9512488161158721
SV1_C27108,C27108,0.9336568940757366
SV1_C70312,C70312,0.9493165167321072
SV1_C78633,C78633,0.9361547621159716
SV1_C72056,C72056,0.8467841325978798
SV1_C73228,C73228,0.9483664301545329
SV1_C84088,C84088,0.9321264841087032
SV1_C02424,C02424,0.9687680346106132
SV1_C91872,C91872,0.9243205449276397
SV1_C09662,C09662,0.9754994541820153
SV1_C72636,C72636,0.9251653581479502
SV1_C51117,C51117,0.9236382330485283
SV1_C00095,C00095,0.8312796935401549
SV1_C49816,C49816,0.9222897537190775
SV1_C33086,C33086,0.89271672803768
SV1_C57017,C57017,0.9650084667282309
SV1_C13815,C13815,0.9679008759778127
SV1_C82892,C82892,0.9869522517896837
SV1_C99691,C99691,0.9332848294388978
SV1_C22241,C22241,0.9581123078823208
SV1_C76238,C76238,0.859166444963173
SV1_C60073,C60073,0.8888733463878612
SV1_C47484,C47484,0.9558866962407576
SV1_C60631,C60631,0.8815481648806605
SV1_C09002,C09002,0.8978092825791545
SV1_C70890,C70890,0.857126431717612
SV1_C25899,C25899,0.9238259850757117
SV1_C73281,C73281,0.9530823563641856
SV1_C73856,C73856,0.850322097020571
SV1_C66014,C66014,0.9177997332975665
SV1_C60119,C60119,0.8118946019573571
SV1_C76263,C76263,0.9215453395469818
SV1_C99630,C99630,0.96772382225116
SV1_C99027,C99027,0.9598513266776364
SV1_C100292,C100292,0.8536435596815224
SV1_C15081,C15081,0.9040875362101335
SV1_C55823,C55823,0.993747622697541
SV1_C63118,C63118,0.871161940421459
SV1_C23472,C23472,0.9692183346183578
SV1_C60018,C60018,0.978935331513665
SV1_C03685,C03685,0.957932235252445
SV1_C54017,C54017,0.8653951401291772
SV1_C12679,C12679,0.8496096792395099
SV1_C78023,C78023,0.9338386392817876
SV1_C34802,C34802,0.9554117922995051
SV1_C84608,C84608,0.9241146464438231
SV1_C96634,C96634,0.9194646279575788
SV1_C34299,C34299,0.9891821115231825
SV1_C91805,C91805,0.9155484899087001
SV1_C93645,C93645,0.8595762455299766
SV1_C91875,C91875,0.8622116425780711
SV1_C27718,C27718,0.9022661990777556
SV1_C31899,C31899,0.9892167954312473
SV1_C01807,C01807,0.9920470229164747
SV1_C43294,C43294,0.8472614268216245
SV1_C46247,C46247,0.8592367693416542
SV1_C65420,C65420,0.999547332109947
SV1_C93625,C93625,0.8845451782546133
SV1_C04881,C04881,0.9798271123557378
SV1_C53411,C53411,0.8765216481569968
SV1_C62404,C62404,0.9331555580482571
SV1_C79888,C79888,0.8492126718257038
SV1_C100228,C100228,0.9855966253758707
SV1_C54719,C54719,0.9336976490152764
SV1_C92476,C92476,0.8663707782807425
SV1_C88830,C88830,0.9679303350368353
SV1_C48621,C48621,0.8638638394001394
SV1_C57047,C57047,0.8489136141706506
SV1_C47481,C47481,0.9742559097565945
SV1_C91817,C91817,0.966626510952881
SV1_C14473,C14473,0.9149808121847662
SV1_C44466,C44466,0.924433751154985
SV1_C76262,C76262,0.9096737102008536
SV1_C66097,C66097,0.957320017434267
SV1_C91918,C91918,0.9234320424516641
SV1_C64904,C64904,0.9036845404730316
SV1_C10310,C10310,0.8735212991065547
SV1_C63046,C63046,0.9524437882384862
SV1_C73840,C73840,0.8489226257274298
SV1_C91251,C91251,0.9502165864550981
SV1_C91241,C91241,0.9000015923876401
SV1_C03082,C03082,0.8967746414554244
SV1_C23475,C23475,0.9021774115667299
SV1_C05428,C05428,0.9007653535635549
SV1_C42022,C42022,0.9616693219374695
SV1_C100314,C100314,0.9898003496044067
SV1_C18613,C18613,0.9001194635973685
SV1_C67208,C67208,0.9820834711846851
SV1_C28303,C28303,0.8720006053995036
SV1_C04899,C04899,0.9474518179518688
SV1_C11439,C11439,0.9665120274408446
SV1_C15010,C15010,0.9436875072060711
SV1_C11413,C11413,0.9072456884940027
SV1_C48675,C48675,0.9246437015870544
SV1_C74487,C74487,0.9708946531774103
SV1_C12020,C12020,0.913021559389888
SV1_C71497,C71497,0.9754603259099616
SV1_C22888,C22888,0.9651441167503659
SV1_C43261,C43261,0.9848635254835656
SV1_C61819,C61819,0.913936567366471
SV1_C66118,C66118,0.9994242250205634
SV1_C77473,C77473,0.9551507162196626
SV1_C45643,C45643,0.9145592637234841
SV1_C46225,C46225,0.9591083105630511
SV1_C94817,C94817,0.9387296080966524
SV1_C13213,C13213,0.8425880942288512
SV1_C46234,C46234,0.9239941149748875
SV1_C24112,C24112,0.9087102477072784
SV1_C57719,C57719,0.8198859471665023
SV1_C00716,C00716,0.8503152948847914
SV1_C59491,C59491,0.8308464667044335
SV1_C63700,C63700,0.9712766153971183
SV1_C99021,C99021,0.9733179781917388
SV1_C65491,C65491,0.9991883241629884
SV1_C75714,C75714,0.8573228309311791
SV1_C91896,C91896,0.9565043662586081
SV1_C17433,C17433,0.9226398542398383
SV1_C20411,C20411,0.9444796897453257
SV1_C09013,C09013,0.9516035457198458
SV1_C20492,C20492,0.928248968176581
SV1_C40818,C40818,0.9306857004641338
SV1_C43219,C43219,0.9408607893742368
SV1_C03673,C03673,0.9850863135222576
SV1_C63627,C63627,0.8404191613910751
SV1_C03113,C03113,0.91044438614094
SV1_C07822,C07822,0.9995698874097292
SV1_C96079,C96079,0.9078488425106817
SV1_C16802,C16802,0.9297549834949226
SV1_C60094,C60094,0.8459048754238261
SV1_C88302,C88302,0.8823112978047761
SV1_C59499,C59499,0.911998384142264
SV1_C12612,C12612,0.8580908911171972
SV1_C26490,C26490,0.9598797914099569
SV1_C09600,C09600,0.9613049912721128
SV1_C79281,C79281,0.8687246715579366
SV1_C61288,C61288,0.9553107911093817
SV1_C68418,C68418,0.8658234256420224
SV1_C49266,C49266,0.9670925256396786
SV1_C78070,C78070,0.9137067817703308
SV1_C65435,C65435,0.856484623067781
SV1_C49803,C49803,0.8921160301824512
SV1_C02412,C02412,0.978381475449126
SV1_C51047,C51047,0.9957033912020069
SV1_C69683,C69683,0.9639279131201025
SV1_C100306,C100306,0.9423846380547146
SV1_C23518,C23518,0.9564169107826831
SV1_C48108,C48108,0.9441784892213136
SV1_C07299,C07299,0.9733601236624814
SV1_C84711,C84711,0.9822943572406738
SV1_C49275,C49275,0.933304729237359
SV1_C97203,C97203,0.9449706732151175
SV1_C55206,C55206,0.9149894560777088
SV1_C72648,C72648,0.8558630480038021
SV1_C45671,C45671,0.9350229971255493
SV1_C88303,C88303,0.931871192566653
SV1_C38413,C38413,0.93215314503251
SV1_C62445,C62445,0.8568757686173878
SV1_C91238,C91238,0.9245622795471323
SV1_C14476,C14476,0.9190593687566225
SV1_C75050,C75050,0.9523827074878952
SV1_C59474,C59474,0.9419690832790929
SV1_C58201,C58201,0.968450988423274
SV1_C90102,C90102,0.8760597431767629
SV1_C94846,C94846,0.8942675712871685
SV1_C09653,C09653,0.9523133042487384
SV1_C55895,C55895,0.8822948095309406
SV1_C82292,C82292,0.9910755202114971
SV1_C93623,C93623,0.9990082992354404
SV1_C06696,C06696,0.9136735146886613
SV1_C09680,C09680,0.981203343293891
SV1_C54001,C54001,0.8767344667298022
SV1_C02501,C02501,0.9096084096667224
SV1_C93061,C93061,0.9692239080168037
SV1_C66690,C66690,0.9162067290934621
SV1_C97276,C97276,0.8974911254530878
SV1_C56434,C56434,0.8935091060383616
SV1_C13311,C13311,0.9845652429035457
SV1_C75042,C75042,0.815200512231728
SV1_C78674,C78674,0.9434348386404289
SV1_C70907,C70907,0.999162118650339
SV1_C100300,C100300,0.8924199707248963
SV1_C54072,C54072,0.9560152243344224
SV1_C28892,C28892,0.999406932921548
SV1_C91214,C91214,0.9825782234799529
SV1_C39003,C39003,0.9927908965700492
SV1_C45053,C45053,0.9990710998191548
SV1_C73213,C73213,0.985845090079073
SV1_C49915,C49915,0.9311236151882617
SV1_C90054,C90054,0.9084195660531488
SV1_C58211,C58211,0.9461614516721587
SV1_C98437,C98437,0.9239887157590311
SV1_C78098,C78098,0.913140835322213
SV1_C85876,C85876,0.9914321070983317
SV1_C64811,C64811,0.9149267519714915
SV1_C09659,C09659,0.9189016842714474
SV1_C69606,C69606,0.9459523238975793
SV1_C37822,C37822,0.9855590547724354
SV1_C24683,C24683,0.9245706703020293
SV1_C67880,C67880,0.9722469885261324
SV1_C45708,C45708,0.9859091512290982
SV1_C65423,C65423,0.9929609177150894
SV1_C78666,C78666,0.884330743896043
SV1_C81104,C81104,0.8796026477240934
SV1_C18694,C18694,0.8958251320470897
SV1_C93063,C93063,0.9785996001712828
SV1_C72027,C72027,0.851922161827981
SV1_C61884,C61884,0.9074333972308956
SV1_C80418,C80418,0.9023789579501863
SV1_C78641,C78641,0.8757899317677648
SV1_C89413,C89413,0.9440853210047667
SV1_C72063,C72063,0.9101076749999873
SV1_C85211,C85211,0.9658832473798341
SV1_C57113,C57113,0.881328948208335
SV1_C78639,C78639,0.8116334062517809
SV1_C67206,C67206,0.9543104814986132
SV1_C67313,C67313,0.9673957577284494
SV1_C91215,C91215,0.9246209022008177
SV1_C05475,C05475,0.8892677932582015
SV1_C44465,C44465,0.9362601969149101
SV1_C03618,C03618,0.8981567925201419
SV1_C21010,C21010,0.9007058856685588
SV1_C73223,C73223,0.9297111982035952
SV1_C29475,C29475,0.9650278179892388
SV1_C44482,C44482,0.9649329213334046
SV1_C81023,C81023,0.9610873608702382
SV1_C07844,C07844,0.9244693333426819
SV1_C90624,C90624,0.9746758859253178
SV1_C13894,C13894,0.9211921168662588
SV1_C73274,C73274,0.9106906876955353
SV1_C31222,C31222,0.906630400444582
SV1_C09634,C09634,0.9513425687227196
SV1_C51007,C51007,0.8758533550187527
SV1_C64874,C64874,0.9062367604238902
SV1_C85313,C85313,0.8937759364276914
SV1_C53438,C53438,0.9112767189874842
SV1_C60615,C60615,0.9427427699644961
SV1_C42611,C42611,0.8800150660790428
SV1_C79822,C79822,0.9507356519572817
SV1_C49839,C49839,0.9828577045663076
SV1_C84703,C84703,0.9665435708848674
SV1_C09627,C09627,0.9494744802758688
SV1_C64306,C64306,0.9674158336819463
SV1_C97902,C97902,0.9793621338553369
SV1_C33091,C33091,0.9569768946368217
SV1_C92428,C92428,0.9129909540018515
SV1_C87050,C87050,0.9311761956399898
SV1_C85917,C85917,0.9525051344110479
SV1_C46802,C46802,0.9358462652440367
SV1_C43265,C43265,0.9316570023313308
SV1_C89506,C89506,0.893526682398762
SV1_C51074,C51074,0.9028220448889694
SV1_C84117,C84117,0.8951366139352529
SV1_C72618,C72618,0.8999553098208155
SV1_C13845,C13845,0.8701943934857393
SV1_C22813,C22813,0.9357875575523068
SV1_C06675,C06675,0.8818246082151527
SV1_C72706,C72706,0.9227385347993603
SV1_C80497,C80497,0.8920221861802139
SV1_C45686,C45686,0.9574551983022702
SV1_C60095,C60095,0.8762965094601349
SV1_C51706,C51706,0.8791965464815248
SV1_C77502,C77502,0.8913395499760653
SV1_C91240,C91240,0.8915583160765684
SV1_C62511,C62511,0.8924704747160978
SV1_C25875,C25875,0.8689187769333573
SV1_C21036,C21036,0.8885979036997805
SV1_C01226,C01226,0.9215940358596398
SV1_C20403,C20403,0.9456809609227439
SV1_C48610,C48610,0.9514426132564798
SV1_C44483,C44483,0.9794314069974164
SV1_C54707,C54707,0.9198973770800432
SV1_C26429,C26429,0.861964535537358
SV1_C34302,C34302,0.9291521615223831
SV1_C07885,C07885,0.9733494481538827
SV1_C74459,C74459,0.9210846199346826
SV1_C64315,C64315,0.8631379607634262
SV1_C91278,C91278,0.9005510796008874
SV1_C02484,C02484,0.9465595657976626
SV1_C16805,C16805,0.9089229224395204
SV1_C07279,C07279,0.9667755290223752
SV1_C75027,C75027,0.9185978794593928
SV1_C99099,C99099,0.9008043339189742
SV1_C88256,C88256,0.9403057290500972
SV1_C73241,C73241,0.8545213811106936
SV1_C07866,C07866,0.8666334799276159
SV1_C55839,C55839,0.9846686816801004
SV1_C58311,C58311,0.9088519602026676
SV1_C56501,C56501,0.9402933084862996
SV1_C04818,C04818,0.889554922810573
SV1_C79816,C79816,0.9280238289151317
SV1_C82289,C82289,0.8813265477485793
SV1_C19803,C19803,0.9716832449914845
SV1_C90076,C90076,0.9861331957192893
SV1_C95519,C95519,0.9966347583875163
SV1_C35507,C35507,0.9896701622877769
SV1_C59512,C59512,0.9993428771112525
SV1_C90111,C90111,0.9079115605383627
SV1_C96608,C96608,0.9941547159198503
SV1_C60634,C60634,0.9375859560760538
SV1_C98442,C98442,0.9780412983911907
SV1_C03036,C03036,0.9884792088214921
SV1_C43205,C43205,0.8618627781051682
SV1_C44468,C44468,0.947937961638115
SV1_C37221,C37221,0.9988861478767093
SV1_C00073,C00073,0.9142520562477604
SV1_C88801,C88801,0.9254455669557384
SV1_C91867,C91867,0.9240411533476136
SV1_C92407,C92407,0.9350356317621147
SV1_C94205,C94205,0.9745060681691232
SV1_C04820,C04820,0.9481622081968475
SV1_C61292,C61292,0.8757062826281407
SV1_C65477,C65477,0.988366035122383
SV1_C84077,C84077,0.922919569134193
SV1_C67229,C67229,0.9877265145599866
SV1_C34818,C34818,0.9586486466954368
SV1_C69712,C69712,0.9925091308872814
SV1_C04228,C04228,0.9446943917672909
SV1_C71400,C71400,0.9998315686574767
SV1_C96627,C96627,0.9899797496026448
SV1_C52895,C52895,0.9227941073004803
SV1_C97243,C97243,0.9062113549286459
SV1_C56425,C56425,0.9327616223749442
SV1_C24114,C24114,0.9015649876990265
SV1_C54037,C54037,0.955245732832521
SV1_C20420,C20420,0.9171742629607081
SV1_C76916,C76916,0.8727459486320156
SV1_C89407,C89407,0.8703066197549264
SV1_C75111,C75111,0.9851110091965998
SV1_C87685,C87685,0.9763263442382591
SV1_C94917,C94917,0.99286883705728
SV1_C90634,C90634,0.9551200201030191
SV1_C01817,C01817,0.940760966226473
SV1_C57092,C57092,0.9373329173858355
SV1_C61907,C61907,0.9135783151910132
SV1_C09030,C09030,0.9538760971707605
SV1_C10225,C10225,0.9911842508999693
SV1_C25244,C25244,0.8322077846267187
SV1_C43815,C43815,0.9856067046248214
SV1_C57645,C57645,0.8868896614069537
SV1_C46869,C46869,0.955661672250204
SV1_C50474,C50474,0.9037495542195664
SV1_C63101,C63101,0.9396754130570021
SV1_C72640,C72640,0.8454261459961455
SV1_C93002,C93002,0.8922122732293906
SV1_C70310,C70310,0.8840944616726024
SV1_C87675,C87675,0.9257995225899235
SV1_C75707,C75707,0.9800086488224115
SV1_C10262,C10262,0.9751595310470016
SV1_C90031,C90031,0.9148686556349679
SV1_C70845,C70845,0.9929146759813293
SV1_C75023,C75023,0.9209497678092509
SV1_C09669,C09669,0.9859140763217732
SV1_C01228,C01228,0.9736889581710405
SV1_C07263,C07263,0.9372321411481359
SV1_C47458,C47458,0.9456306948783233
SV1_C78668,C78668,0.9780372740758682
SV1_C22905,C22905,0.9514229835955813
SV1_C44519,C44519,0.870385992589684
SV1_C97904,C97904,0.9156403415941697
SV1_C63006,C63006,0.9041925319734772
SV1_C10808,C10808,0.9420365490315044
SV1_C22230,C22230,0.8774296740709825
SV1_C99678,C99678,0.8817456220722688
SV1_C97874,C97874,0.9403459491730713
SV1_C29405,C29405,0.9114320470039718
SV1_C21676,C21676,0.9752806884829979
SV1_C81705,C81705,0.8880336974816491
SV1_C89477,C89477,0.9749313205647677
SV1_C09711,C09711,0.9574503389168607
SV1_C10247,C10247,0.9864823304316902
SV1_C12669,C12669,0.9507666558364145
SV1_C16874,C16874,0.984397631871803
SV1_C19280,C19280,0.9548803122418486
SV1_C30115,C30115,0.9486232152206806
SV1_C09045,C09045,0.9354161118587903
SV1_C78096,C78096,0.9340640061425384
SV1_C52887,C52887,0.9883202749909028
SV1_C16245,C16245,0.9574443675937578
SV1_C100230,C100230,0.9592506317582358
SV1_C18610,C18610,0.9322557925428314
SV1_C55813,C55813,0.964132729939675
SV1_C19819,C19819,0.9246461573052891
SV1_C77420,C77420,0.9196141648899977
SV1_C67280,C67280,0.9818457493083769
SV1_C58919,C58919,0.8173255456882543
SV1_C38414,C38414,0.9443001534556186
SV1_C01296,C01296,0.9051057977384278
SV1_C37223,C37223,0.9031974310434263
SV1_C69620,C69620,0.9479601955882943
SV1_C89516,C89516,0.9388181712669956
SV1_C85277,C85277,0.9893843308355893
SV1_C71473,C71473,0.9393232934978449
SV1_C28817,C28817,0.9050687248252579
SV1_C40211,C40211,0.9756105838730555
SV1_C52317,C52317,0.9407497180401189
SV1_C02503,C02503,0.9136887076955202
SV1_C64830,C64830,0.9035278181414647
SV1_C72016,C72016,0.9481426147370927
SV1_C49228,C49228,0.9458054139698625
SV1_C55806,C55806,0.9554780933093417
SV1_C58893,C58893,0.8909840795265425
SV1_C63003,C63003,0.8870335936866921
SV1_C13884,C13884,0.91166082617776
SV1_C93083,C93083,0.8731962226110631
SV1_C25202,C25202,0.9029470221003305
SV1_C92502,C92502,0.9712250016658877
SV1_C85884,C85884,0.9678908053481806
SV1_C76227,C76227,0.9519203842769421
SV1_C67919,C67919,0.9201988476628326
SV1_C01285,C01285,0.9103477646084115
SV1_C25834,C25834,0.8909267144889348
SV1_C52919,C52919,0.9342345288859503
SV1_C73243,C73243,0.8734572530821743
SV1_C90039,C90039,0.9619207553029634
SV1_C27081,C27081,0.9143690859691896
SV1_C10805,C10805,0.9337522377764181
SV1_C33110,C33110,0.8747121378056947
SV1_C78095,C78095,0.9903262344115156
SV1_C45697,C45697,0.9977046582321245
SV1_C07238,C07238,0.9281560402495365
SV1_C65437,C65437,0.9398356151212827
SV1_C49806,C49806,0.92350883423971
SV1_C75633,C75633,0.9350982920727297
SV1_C91882,C91882,0.9113367197137843
SV1_C99019,C99019,0.9167004352574297
SV1_C47467,C47467,0.9152389943294361
SV1_C56447,C56447,0.8385048165357608
SV1_C73286,C73286,0.8898021071731762
SV1_C56436,C56436,0.9064171257554179
SV1_C00618,C00618,0.9173480271497967
SV1_C30106,C30106,0.925925716874734
SV1_C70286,C70286,0.9253227703603346
SV1_C24108,C24108,0.9023844912320064
SV1_C18636,C18636,0.9465260233361413
SV1_C07902,C07902,0.9006519875999643
SV1_C13859,C13859,0.9469474136964073
SV1_C25836,C25836,0.9269180624268838
SV1_C73217,C73217,0.9405087592731627
SV1_C88232,C88232,0.9933789923497753
SV1_C99003,C99003,0.9523510523227542
SV1_C17424,C17424,0.9429542161104992
SV1_C22823,C22823,0.8550160632166284
SV1_C48077,C48077,0.9410320199432323
SV1_C58295,C58295,0.8461599101344993
SV1_C54021,C54021,0.898990417576598
SV1_C42021,C42021,0.9089349117484534
SV1_C43855,C43855,0.9992464680594936
SV1_C45090,C45090,0.9024238413441843
SV1_C95513,C95513,0.9287068693945139
SV1_C27697,C27697,0.9250838243795244
SV1_C05429,C05429,0.9444553961599949
SV1_C08457,C08457,0.9478240325469807
SV1_C52905,C52905,0.951903339624807
SV1_C18017,C18017,0.9313288009803191
SV1_C81688,C81688,0.8632510616778704
SV1_C34202,C34202,0.9604787784805296
SV1_C55209,C55209,0.9327107856395968
SV1_C94905,C94905,0.9719689987310737
SV1_C79882,C79882,0.9213251254590702
SV1_C42606,C42606,0.9589575634787901
SV1_C20430,C20430,0.8627569599769273
SV1_C52880,C52880,0.9856482995525093
SV1_C18630,C18630,0.9459418845847045
SV1_C49869,C49869,0.8793539709939096
SV1_C53492,C53492,0.9329894382684684
SV1_C46233,C46233,0.9577819747505174
SV1_C72022,C72022,0.9787870524762051
SV1_C18086,C18086,0.9101276358496352
SV1_C89467,C89467,0.9314266175436061
SV1_C76278,C76278,0.9357452592863349
SV1_C10895,C10895,0.9101775485385989
SV1_C45058,C45058,0.9679503397473214
SV1_C09054,C09054,0.9990497027071347
SV1_C51600,C51600,0.859424947306844
SV1_C07825,C07825,0.9990479062992507
SV1_C95474,C95474,0.9938666382688823
SV1_C75103,C75103,0.9900300692115859
SV1_C06632,C06632,0.9197465860856318
SV1_C100303,C100303,0.8768162769790552
SV1_C01238,C01238,0.9481369997697684
SV1_C11437,C11437,0.933242024814831
SV1_C12619,C12619,0.8803633878532046
SV1_C00102,C00102,0.833439772090439
SV1_C70205,C70205,0.951589438582704
SV1_C27098,C27098,0.9365682817031755
SV1_C52817,C52817,0.8777679987406187
SV1_C48017,C48017,0.9271062294139589
SV1_C53413,C53413,0.8837587065969881
SV1_C93646,C93646,0.8839448099930022
SV1_C27096,C27096,0.8863961249645231
SV1_C16889,C16889,0.8633851819559042
SV1_C04877,C04877,0.9816820137677166
SV1_C58884,C58884,0.9522892285286364
SV1_C71414,C71414,0.937600070693925
SV1_C54698,C54698,0.9230824187688527
SV1_C96712,C96712,0.934490658371356
SV1_C56412,C56412,0.9820220211490229
SV1_C62409,C62409,0.9270999711047561
SV1_C55279,C55279,0.9271844924496108
SV1_C17488,C17488,0.9180250855662464
SV1_C75601,C75601,0.9643992724979079
SV1_C48658,C48658,0.9438013599356483
SV1_C27711,C27711,0.8555939045338785
SV1_C24016,C24016,0.9841833900620894
SV1_C100288,C100288,0.8829956893673332
SV1_C04831,C04831,0.8877534496073958
SV1_C27110,C27110,0.9168381651169074
SV1_C63694,C63694,0.9284287777978688
SV1_C96001,C96001,0.9872865621906587
SV1_C97884,C97884,0.9669290460273774
SV1_C89492,C89492,0.8303825841359049
SV1_C93689,C93689,0.8846277056403674
SV1_C95412,C95412,0.9796283415397299
SV1_C60690,C60690,0.8445070898416266
SV1_C10279,C10279,0.9463776623228032
SV1_C55816,C55816,0.9270647890030309
SV1_C43256,C43256,0.9891721190097365
SV1_C48064,C48064,0.8782717108215907
SV1_C07875,C07875,0.9661010072531269
SV1_C70913,C70913,0.9599119258209287
SV1_C84719,C84719,0.8385950936201312
SV1_C98514,C98514,0.943780633910464
SV1_C02479,C02479,0.8795174075239258
SV1_C22895,C22895,0.9232902659502112
SV1_C70891,C70891,0.9516699598064924
SV1_C70309,C70309,0.9422451418491794
SV1_C94912,C94912,0.9337985393400569
SV1_C59433,C59433,0.98002510592204
SV1_C44405,C44405,0.8901371453315653
SV1_C73882,C73882,0.9090401230220382
SV1_C54686,C54686,0.911360774070534
SV1_C15630,C15630,0.9628730249457406
SV1_C66643,C66643,0.9305216366461783
SV1_C63113,C63113,0.9264487304009396
SV1_C65485,C65485,0.9589583581010406
SV1_C18616,C18616,0.9238505069019746
SV1_C54647,C54647,0.9868457802410098
SV1_C08436,C08436,0.9655554578808342
SV1_C27619,C27619,0.9465701204772806
SV1_C25821,C25821,0.9241728407725585
SV1_C79309,C79309,0.8653756140357874
SV1_C61312,C61312,0.9828173454127542
SV1_C47442,C47442,0.9648983459276533
SV1_C02505,C02505,0.9064632656042426
SV1_C85916,C85916,0.9563731716971509
SV1_C65476,C65476,0.9988803488686386
SV1_C03680,C03680,0.9930381553260594
SV1_C80496,C80496,0.8742937396232641
SV1_C12705,C12705,0.9760464771153632
SV1_C06034,C06034,0.998936710291603
SV1_C06611,C06611,0.9635899196586554
SV1_C46889,C46889,0.9229865239841212
SV1_C45676,C45676,0.9905924629919368
SV1_C55225,C55225,0.999709421439778
SV1_C34300,C34300,0.8517827821131506
SV1_C85919,C85919,0.8545649766206271
SV1_C13256,C13256,0.9740014613445201
SV1_C68493,C68493,0.9205043158690434
SV1_C73903,C73903,0.9968232051580845
SV1_C81609,C81609,0.9402738968664512
SV1_C76895,C76895,0.9254534734928374
SV1_C64312,C64312,0.9753403986355488
SV1_C01824,C01824,0.9698249442962852
SV1_C22200,C22200,0.8803312970501376
SV1_C41412,C41412,0.985865743789639
SV1_C74469,C74469,0.9557487016185728
SV1_C70303,C70303,0.9855337104183202
SV1_C31290,C31290,0.8312728934069882
SV1_C74486,C74486,0.8872456863970589
SV1_C90703,C90703,0.9001409715162918
SV1_C78114,C78114,0.848563627456479
SV1_C15015,C15015,0.9277204251771705
SV1_C94896,C94896,0.9442796390503871
SV1_C07863,C07863,0.9454657400653077
SV1_C13843,C13843,0.8583113760384611
SV1_C100307,C100307,0.8871700510086918
SV1_C51044,C51044,0.9138414839450969
SV1_C22817,C22817,0.9595180102870143
SV1_C63603,C63603,0.8649351634016715
SV1_C75052,C75052,0.850566766252901
SV1_C51718,C51718,0.9512561876829315
SV1_C75672,C75672,0.9188111078190183
SV1_C61275,C61275,0.8640262430054333
SV1_C94240,C94240,0.9039380655191867
SV1_C55905,C55905,0.9788259295030525
SV1_C46244,C46244,0.8527495517060135
SV1_C10870,C10870,0.9286521559323908
SV1_C19279,C19279,0.976252782906797
SV1_C89412,C89412,0.9243812303069583
SV1_C49301,C49301,0.9352805710402204
SV1_C10299,C10299,0.9606610936504898
SV1_C89418,C89418,0.9773068589870881
SV1_C72669,C72669,0.938045109924
SV1_C19872,C19872,0.9019312986769121
SV1_C64878,C64878,0.9121697888747219
SV1_C12602,C12602,0.9049635134663926
SV1_C93055,C93055,0.9905295157299039
SV1_C47485,C47485,0.9659539638557398
SV1_C77466,C77466,0.8737571028928273
SV1_C22910,C22910,0.9613848350117848
SV1_C72716,C72716,0.8469161819518519
SV1_C93020,C93020,0.8454171747510963
SV1_C86516,C86516,0.9360742763838138
SV1_C53422,C53422,0.8902814204846907
SV1_C56444,C56444,0.9829568389933441
SV1_C57617,C57617,0.9640742709525357
SV1_C43271,C43271,0.9407349035678811
SV1_C22832,C22832,0.9841812763171729
SV1_C95479,C95479,0.9129503621278103
SV1_C30605,C30605,0.9199041205857478
SV1_C00703,C00703,0.9125095110511248
SV1_C77412,C77412,0.8503415530552312
SV1_C85875,C85875,0.9226789753303498
SV1_C94901,C94901,0.9737185721075858
SV1_C28218,C28218,0.9470890376661956
SV1_C70280,C70280,0.9878645497492854
SV1_C57679,C57679,0.8350652489851909
SV1_C79813,C79813,0.9155549187668923
SV1_C46819,C46819,0.9392812874916724
SV1_C57097,C57097,0.8889513883587159
SV1_C60117,C60117,0.9136835664017162
SV1_C96010,C96010,0.9541836386695448
SV1_C09701,C09701,0.947264131961151
SV1_C75684,C75684,0.9152172578091391
SV1_C50400,C50400,0.8629914292517491
SV1_C82907,C82907,0.9734363535589582
SV1_C78074,C78074,0.9812768723386235
SV1_C39011,C39011,0.9921986954383264
SV1_C72068,C72068,0.9408283141472302
SV1_C63041,C63041,0.8653060447714136
SV1_C61808,C61808,0.9161893964358305
SV1_C11466,C11466,0.875627143694622
SV1_C94208,C94208,0.9787553604982304
SV1_C13297,C13297,0.9344243931631163
SV1_C13254,C13254,0.8682896364118484
SV1_C30097,C30097,0.8297290537432395
SV1_C87712,C87712,0.998207627633029
SV1_C54113,C54113,0.9163307457123395
SV1_C34809,C34809,0.9871515043954125
SV1_C70315,C70315,0.9506193882952506
SV1_C85280,C85280,0.9737912566355278
SV1_C70217,C70217,0.9257239316613585
SV1_C24047,C24047,0.9656780999730569
SV1_C81093,C81093,0.9968156319903662
SV1_C87069,C87069,0.9276996463057593
SV1_C84090,C84090,0.9042426718514094
SV1_C75113,C75113,0.9220769942280646
SV1_C76244,C76244,0.9605564585398391
SV1_C15674,C15674,0.9983957085336418
SV1_C32485,C32485,0.956227583607919
SV1_C91873,C91873,0.9141781722387559
SV1_C53481,C53481,0.9700590330125781
SV1_C24028,C24028,0.9633313836723553
SV1_C64841,C64841,0.8443476636399727
SV1_C65493,C65493,0.9627401223780445
SV1_C67898,C67898,0.9997118603523015
SV1_C79883,C79883,0.9867588722204009
SV1_C59486,C59486,0.9179136972985971
SV1_C97834,C97834,0.9141348740707053
SV1_C21677,C21677,0.9595224613581205
SV1_C14423,C14423,0.903318198521931
SV1_C52304,C52304,0.9518250722706431
SV1_C10863,C10863,0.9686235018883639
SV1_C93687,C93687,0.9166753172707809
SV1_C08479,C08479,0.9629478185584076
SV1_C16277,C16277,0.9399464975343154
SV1_C79276,C79276,0.8592696695039101
SV1_C00613,C00613,0.9918349203673975
SV1_C07907,C07907,0.9734374388482865
SV1_C85813,C85813,0.898597897458482
SV1_C91300,C91300,0.907867019805976
SV1_C21689,C21689,0.9489630279851009
SV1_C59432,C59432,0.9706170315207954
SV1_C49878,C49878,0.9902864334753922
SV1_C65484,C65484,0.9675577697058866
SV1_C90089,C90089,0.9706692272352194
SV1_C15677,C15677,0.9230964170160343
SV1_C64304,C64304,0.9887418885467548
SV1_C83419,C83419,0.950088134618386
SV1_C91319,C91319,0.8800989459525355
SV1_C98497,C98497,0.9235797720633351
SV1_C90067,C90067,0.9216930653011064
SV1_C45004,C45004,0.9118573599972735
SV1_C68443,C68443,0.9474485308490441
SV1_C66618,C66618,0.8687321589310464
SV1_C89447,C89447,0.891382837329558
SV1_C48666,C48666,0.9256116146731294
SV1_C90694,C90694,0.9373160054543488
SV1_C31897,C31897,0.8477608992850902
SV1_C96717,C96717,0.9949226316855179
SV1_C69689,C69689,0.9740852722330361
SV1_C52914,C52914,0.9248582080463973
SV1_C92490,C92490,0.8546214636507851
SV1_C70290,C70290,0.8507853451197755
SV1_C27006,C27006,0.9872095963095634
SV1_C04804,C04804,0.9172309085431202
SV1_C25845,C25845,0.8498014831092334
SV1_C19204,C19204,0.9307382793355978
SV1_C66688,C66688,0.9560186700755742
SV1_C06031,C06031,0.9112439787344144
SV1_C99672,C99672,0.8831678928282496
SV1_C49904,C49904,0.9627823901692515
SV1_C22838,C22838,0.8995756504075114
SV1_C15619,C15619,0.8991464281464202
SV1_C22289,C22289,0.9517800911339587
SV1_C83407,C83407,0.9966350108066507
SV1_C70299,C70299,0.9851890629724006
SV1_C24009,C24009,0.9132238421536213
SV1_C62408,C62408,0.9318769455101433
SV1_C79318,C79318,0.8921521409067978
SV1_C28208,C28208,0.9399102099654671
SV1_C53424,C53424,0.9531446668892763
SV1_C60031,C60031,0.8780349407394566
SV1_C23504,C23504,0.9209174339930944
SV1_C95432,C95432,0.9022941366155582
SV1_C72708,C72708,0.9108992768128966
SV1_C05479,C05479,0.8922894121045514
SV1_C39604,C39604,0.9643861062329419
SV1_C84712,C84712,0.8511931578488923
SV1_C15608,C15608,0.8929589683633672
SV1_C86484,C86484,0.972493746583857
SV1_C63021,C63021,0.9185908663719705
SV1_C34823,C34823,0.9573574679860684
SV1_C95403,C95403,0.9262174979634792
SV1_C70818,C70818,0.9012257377880003
SV1_C01223,C01223,0.8067172138188067
SV1_C46903,C46903,0.8269683373645501
SV1_C27007,C27007,0.9165431648329913
SV1_C59487,C59487,0.8590983648545623
SV1_C61287,C61287,0.8581308140140966
SV1_C34295,C34295,0.9871665817404285
SV1_C60707,C60707,0.9068621234244367
SV1_C24607,C24607,0.986595023488536
SV1_C52846,C52846,0.9277374115384548
SV1_C48006,C48006,0.9377064557054092
SV1_C56517,C56517,0.9322712788323922
SV1_C27109,C27109,0.93931677643312
SV1_C47516,C47516,0.9983505984936433
SV1_C31820,C31820,0.9443350649480919
SV1_C76276,C76276,0.8960715713053536
SV1_C22913,C22913,0.9003695357978504
SV1_C15680,C15680,0.9552286361813394
SV1_C64815,C64815,0.9027773144486088
SV1_C66092,C66092,0.9172535118068599
SV1_C57643,C57643,0.8792417685362983
SV1_C61827,C61827,0.8822819479474313
SV1_C22294,C22294,0.8885037618418019
SV1_C27034,C27034,0.9113866499078079
SV1_C22876,C22876,0.97700029590967
SV1_C90707,C90707,0.9004567627347906
SV1_C69009,C69009,0.9946270419604227
SV1_C36023,C36023,0.9004384217476158
SV1_C87658,C87658,0.9288437267467812
SV1_C94319,C94319,0.9996381983669103
SV1_C13839,C13839,0.8352866175805843
SV1_C89468,C89468,0.9212483567127103
SV1_C30013,C30013,0.9167831917903592
SV1_C50472,C50472,0.9996937883061491
SV1_C78099,C78099,0.9755049848628063
SV1_C72045,C72045,0.9158868350601227
SV1_C10834,C10834,0.9329450635937586
SV1_C43305,C43305,0.9957487390447435
SV1_C51717,C51717,0.9325410625186861
SV1_C77415,C77415,0.9500408715419194
SV1_C77443,C77443,0.8735808062036642
SV1_C31813,C31813,0.927061882426673
SV1_C06090,C06090,0.8706062615143327
SV1_C43204,C43204,0.8717280078663062
SV1_C36606,C36606,0.9596257176479623
SV1_C46837,C46837,0.9595100241768457
SV1_C98505,C98505,0.922022692841936
SV1_C75061,C75061,0.8869382257259193
SV1_C31894,C31894,0.9208470292301991
SV1_C80512,C80512,0.8842717157644752
SV1_C72084,C72084,0.9191238595988678
SV1_C96690,C96690,0.8847293967179982
SV1_C65407,C65407,0.9283033694226912
SV1_C44477,C44477,0.9984868352500808
SV1_C27707,C27707,0.8675938617123434
SV1_C96094,C96094,0.8904857649314047
SV1_C88843,C88843,0.9599931683269121
SV1_C31213,C31213,0.9171324853766143
SV1_C49860,C49860,0.9483990583045966
SV1_C25884,C25884,0.9501723731653159
SV1_C53513,C53513,0.9003327252117966
SV1_C27676,C27676,0.8159545327054689
SV1_C67874,C67874,0.9525633093618362
SV1_C00642,C00642,0.910861219222975
SV1_C09107,C09107,0.9699095189772233
SV1_C06711,C06711,0.9076664015384797
SV1_C72631,C72631,0.8650180336268837
SV1_C60028,C60028,0.980482952931519
SV1_C25223,C25223,0.9161834519996
SV1_C10236,C10236,0.9563895253442913
SV1_C66109,C66109,0.9288991072993744
SV1_C26442,C26442,0.8491582096758186
SV1_C70835,C70835,0.916544811655281
SV1_C75004,C75004,0.9850780237033866
SV1_C97843,C97843,0.9099461509047521
SV1_C90698,C90698,0.8605535689780269
SV1_C60081,C60081,0.8882746660049423
SV1_C28273,C28273,0.822752920951432
SV1_C01909,C01909,0.8772791386270559
SV1_C76261,C76261,0.8786213996066533
SV1_C49813,C49813,0.951771017559146
SV1_C96045,C96045,0.8731411881364362
SV1_C72055,C72055,0.9262920092086745
SV1_C91283,C91283,0.8400162034755447
SV1_C01224,C01224,0.9694396377437537
SV1_C84097,C84097,0.9050762152911529
SV1_C96632,C96632,0.899306364522102
SV1_C82312,C82312,0.8854661152491599
SV1_C46885,C46885,0.980088622680136
SV1_C48677,C48677,0.9585392925302229
SV1_C66006,C66006,0.9418599326972447
SV1_C90693,C90693,0.8389961227975699
SV1_C93119,C93119,0.8302352172052885
SV1_C30102,C30102,0.9253779813450212
SV1_C59503,C59503,0.9129603432396387
SV1_C96611,C96611,0.9355004593224469
SV1_C09647,C09647,0.9915147618921399
SV1_C31802,C31802,0.9148023086384786
SV1_C72002,C72002,0.9369244221543714
SV1_C07918,C07918,0.9179951831131465
SV1_C65518,C65518,0.9977489817390288
SV1_C72073,C72073,0.9522969215438593
SV1_C41406,C41406,0.9844241166844486
SV1_C12711,C12711,0.9715661976453488
SV1_C14428,C14428,0.9312213904678348
SV1_C04878,C04878,0.8920264121689699
SV1_C00018,C00018,0.9167119727654899
SV1_C72072,C72072,0.9450556247002392
SV1_C03631,C03631,0.9534961108963589
SV1_C68473,C68473,0.938123637718593
SV1_C28877,C28877,0.9213936813626988
SV1_C74481,C74481,0.9493408683884038
SV1_C34310,C34310,0.9106449421274027
SV1_C75691,C75691,0.9558955800118233
SV1_C13237,C13237,0.9052815358823815
SV1_C30018,C30018,0.9224369464750768
SV1_C88848,C88848,0.917420226770513
SV1_C43827,C43827,0.8402828172510862
SV1_C75017,C75017,0.9301326180241104
SV1_C27700,C27700,0.9289141863614975
SV1_C41417,C41417,0.9561308308132789
SV1_C48069,C48069,0.9107674264758826
SV1_C23512,C23512,0.9034179151656174
SV1_C55889,C55889,0.9466104913589707
SV1_C47495,C47495,0.8311895241976948
SV1_C23420,C23420,0.9130109013074568
SV1_C25317,C25317,0.9980134638763513
SV1_C55289,C55289,0.8650882946149758
SV1_C56484,C56484,0.9706806279415559
SV1_C25214,C25214,0.9194613623520482
SV1_C45706,C45706,0.9747205761822056
SV1_C80417,C80417,0.9234746520133534
SV1_C13852,C13852,0.9328957042082566
SV1_C46899,C46899,0.8265125097940759
SV1_C91236,C91236,0.9424056573056061
SV1_C71446,C71446,0.9199975295397643
SV1_C70884,C70884,0.9558148971975283
SV1_C52894,C52894,0.9943007481402778
SV1_C67892,C67892,0.8965759706708671
SV1_C65483,C65483,0.9128738875665509
SV1_C46912,C46912,0.9378036945316595
SV1_C73316,C73316,0.8509260926590093
SV1_C24081,C24081,0.9691708536608288
SV1_C44491,C44491,0.9625874123414754
SV1_C06617,C06617,0.9852763897514464
SV1_C35400,C35400,0.9723818029651822
SV1_C45007,C45007,0.9998533907582814
SV1_C98436,C98436,0.9160468589609022
SV1_C57694,C57694,0.8271914483645835
SV1_C76279,C76279,0.9435998113184676
SV1_C60005,C60005,0.9629719324505103
SV1_C85205,C85205,0.8957212832889544
SV1_C91829,C91829,0.9085646999411401
SV1_C01883,C01883,0.8735819624833825
SV1_C84105,C84105,0.9031544341767411
SV1_C18009,C18009,0.8993395436348237
SV1_C43803,C43803,0.9984436109064537
SV1_C09717,C09717,0.8687553018919912
SV1_C60044,C60044,0.856118606166201
SV1_C66617,C66617,0.9192379391513845
SV1_C29519,C29519,0.8226412158785597
SV1_C89486,C89486,0.9281160031527519
SV1_C67806,C67806,0.9585150286244833
SV1_C78623,C78623,0.9359761750201169
SV1_C96105,C96105,0.9707871649930006
SV1_C69715,C69715,0.9928251409181204
SV1_C18606,C18606,0.9338031330611917
SV1_C61910,C61910,0.9764615548621768
SV1_C61217,C61217,0.9425807583986996
SV1_C28890,C28890,0.8136767377992299
SV1_C13871,C13871,0.9296770446835628
SV1_C56491,C56491,0.857801105294563
SV1_C02431,C02431,0.9750619230011991
SV1_C92474,C92474,0.9206972997678247
SV1_C91264,C91264,0.9413570707037054
SV1_C13883,C13883,0.832320714938209
SV1_C30014,C30014,0.9362047482813769
SV1_C27703,C27703,0.8691322855544178
SV1_C74431,C74431,0.9058866232420264
SV1_C00629,C00629,0.9748010230155919
SV1_C85314,C85314,0.9189470939535602
SV1_C72611,C72611,0.8607587894636669
SV1_C48091,C48091,0.9641259295051514
SV1_C45661,C45661,0.9907962214751572
SV1_C03601,C03601,0.9751902024327542
SV1_C22898,C22898,0.9841163065556513
SV1_C10894,C10894,0.9888681749443747
SV1_C64826,C64826,0.8967634899387078
SV1_C02519,C02519,0.8369333776726791
SV1_C58310,C58310,0.9247230547496855
SV1_C69083,C69083,0.9260113658864748
SV1_C84080,C84080,0.8978536632540352
SV1_C87034,C87034,0.9629397761891706
SV1_C03091,C03091,0.8882349169222825
SV1_C00003,C00003,0.9766259176440132
SV1_C87669,C87669,0.9279396684599754
SV1_C54083,C54083,0.9822694580296258
SV1_C46834,C46834,0.910494997063006
SV1_C06701,C06701,0.9233723513993531
SV1_C70825,C70825,0.9053458569609084
SV1_C04311,C04311,0.9590811456114173
SV1_C57003,C57003,0.9064012953121909
SV1_C85898,C85898,0.8316508714825889
SV1_C75639,C75639,0.9116316099105215
SV1_C95422,C95422,0.9639172252378724
SV1_C57085,C57085,0.9717408079542267
SV1_C00022,C00022,0.9529554695735687
SV1_C16835,C16835,0.891627168676732
SV1_C32518,C32518,0.8559172465995244
SV1_C33618,C33618,0.9061215951717283
SV1_C53445,C53445,0.914910641599715
SV1_C47405,C47405,0.9651857599838749
SV1_C28234,C28234,0.9715635389906686
SV1_C88216,C88216,0.921871073203717
SV1_C73312,C73312,0.9275164616463148
SV1_C06645,C06645,0.9947424678885686
SV1_C43262,C43262,0.9530298538884122
SV1_C24020,C24020,0.9184531459829148
SV1_C22878,C22878,0.8720565660762379
SV1_C99713,C99713,0.9749302974630575
SV1_C56516,C56516,0.9079646860638056
SV1_C10205,C10205,0.9488826881805943
SV1_C68436,C68436,0.9574250346488096
SV1_C89495,C89495,0.9929141690608096
SV1_C46276,C46276,0.9880522074056884
SV1_C07901,C07901,0.9104063683171488
SV1_C80505,C80505,0.8894781163021941
SV1_C04219,C04219,0.9372353478238454
SV1_C98421,C98421,0.9407986583699263
SV1_C61807,C61807,0.9112012619214745
SV1_C55827,C55827,0.9997807469172825
SV1_C73901,C73901,0.902712364618367
SV1_C90687,C90687,0.8592741702486917
SV1_C06044,C06044,0.9899806788823157
SV1_C32418,C32418,0.9035160967850805
SV1_C57689,C57689,0.9838090938429579
SV1_C81680,C81680,0.9100171818961303
SV1_C99715,C99715,0.9335173315067912
SV1_C89509,C89509,0.9744902652422778
SV1_C43307,C43307,0.8527098796399056
SV1_C64805,C64805,0.9639893008580261
SV1_C23498,C23498,0.989698351653445
SV1_C50434,C50434,0.8780933884343209
SV1_C73250,C73250,0.9502423629751788
SV1_C78600,C78600,0.8278624282957897
SV1_C21038,C21038,0.878519359627142
SV1_C61894,C61894,0.8436851912074059
SV1_C02447,C02447,0.995357446712004
SV1_C93612,C93612,0.9650661270431873
SV1_C90060,C90060,0.9593077319237658
SV1_C04299,C04299,0.9435020844688604
SV1_C09008,C09008,0.9673697963976743
SV1_C84098,C84098,0.8745292826686764
SV1_C75617,C75617,0.9174089795062681
SV1_C43274,C43274,0.9575761950289929
SV1_C45043,C45043,0.91730748621555
SV1_C05409,C05409,0.9344698553822741
SV1_C96646,C96646,0.903277910936342
SV1_C91851,C91851,0.9880446259819248
SV1_C00117,C00117,0.8391710574875215
SV1_C58228,C58228,0.9565500564980617
SV1_C48046,C48046,0.8948326629602203
SV1_C82904,C82904,0.9087517500313526
SV1_C54640,C54640,0.9356203659230645
SV1_C19834,C19834,0.9436600203795296
SV1_C82873,C82873,0.8936995340006686
SV1_C58805,C58805,0.9690305508665428
SV1_C43824,C43824,0.9274507083320955
SV1_C45064,C45064,0.9297572901784461
SV1_C62489,C62489,0.8384363157656358
SV1_C07876,C07876,0.9889551210804297
SV1_C10273,C10273,0.9900447620720639
SV1_C96090,C96090,0.8911676064531143
SV1_C88306,C88306,0.8944775255338507
SV1_C69098,C69098,0.9853000451953018
SV1_C58843,C58843,0.8909367963145147
SV1_C12603,C12603,0.9476870966652101
SV1_C22915,C22915,0.8321865927331858
SV1_C27600,C27600,0.944021573774819
SV1_C51030,C51030,0.8572032459361296
SV1_C54704,C54704,0.9945706233390608
SV1_C09623,C09623,0.938051383955742
SV1_C18680,C18680,0.9923686458510896
SV1_C52244,C52244,0.9071167577852425
SV1_C87023,C87023,0.8555406058010507
SV1_C13858,C13858,0.8685695140034219
SV1_C57636,C57636,0.9119651079606402
SV1_C83503,C83503,0.9776788628642092
SV1_C69010,C69010,0.9586931597271968
SV1_C09644,C09644,0.9584003147968371
SV1_C97911,C97911,0.9116497885151549
SV1_C51119,C51119,0.9377490459139347
SV1_C40216,C40216,0.9437827337349852
SV1_C62507,C62507,0.9112199426624711
SV1_C53485,C53485,0.9523057136068036
SV1_C06024,C06024,0.926268111951411
SV1_C48649,C48649,0.9120686781988514
SV1_C96021,C96021,0.9056893562156771
SV1_C78117,C78117,0.9398739135239431
SV1_C89497,C89497,0.9266081409548473
SV1_C21687,C21687,0.9676383025292977
SV1_C52240,C52240,0.986908038693332
SV1_C83501,C83501,0.9065699857841013
SV1_C78104,C78104,0.9318401168374228
SV1_C96711,C96711,0.9173926410682504
SV1_C79881,C79881,0.8694064179598
SV1_C32402,C32402,0.9183842699990561
SV1_C96041,C96041,0.9567414139753837
SV1_C42005,C42005,0.9925500742200397
SV1_C22217,C22217,0.9500338293156816
SV1_C62433,C62433,0.9706810764687948
SV1_C12073,C12073,0.8936360243722214
SV1_C99676,C99676,0.8819840551563223
SV1_C21035,C21035,0.9105615502369735
SV1_C10831,C10831,0.9789671750108672
SV1_C93089,C93089,0.8138876537061939
SV1_C34877,C34877,0.9355873964506614
SV1_C88311,C88311,0.9248293117771655
SV1_C27119,C27119,0.8721609485340025
SV1_C03045,C03045,0.9930542905689267
SV1_C04289,C04289,0.944397327246894
SV1_C52822,C52822,0.8808321192153585
SV1_C78709,C78709,0.9264265401777725
SV1_C07854,C07854,0.991878841873576
SV1_C21029,C21029,0.9039117039336865
SV1_C80514,C80514,0.8760876523911176
SV1_C43800,C43800,0.8862564160159611
SV1_C10906,C10906,0.9043680232498463
SV1_C22841,C22841,0.9560101899554962
SV1_C70284,C70284,0.9690850366091162
SV1_C72107,C72107,0.9995103651772413
SV1_C25303,C25303,0.9247718925014106
SV1_C26475,C26475,0.8692199739453365
SV1_C46221,C46221,0.855882984839825
SV1_C58915,C58915,0.8806220906969555
SV1_C61223,C61223,0.8857167463692193
SV1_C04241,C04241,0.9414294238708556
SV1_C71426,C71426,0.8397535638703403
SV1_C50405,C50405,0.8862796204431236
SV1_C02413,C02413,0.9870245375927661
SV1_C62514,C62514,0.8908415091064352
SV1_C42603,C42603,0.8814283732307081
SV1_C34218,C34218,0.9414010399678446
SV1_C11475,C11475,0.9028578436358922
SV1_C81701,C81701,0.8899274850179015
SV1_C13314,C13314,0.8443554530797805
SV1_C52819,C52819,0.8759717952541044
SV1_C74409,C74409,0.9859824264483417
SV1_C46854,C46854,0.956817089449559
SV1_C33082,C33082,0.9273814793451858
SV1_C43892,C43892,0.8803119362682285
SV1_C90058,C90058,0.907601643183507
SV1_C35416,C35416,0.9336761904875398
SV1_C04221,C04221,0.9685800050526338
SV1_C08412,C08412,0.9615504214588889
SV1_C13914,C13914,0.8377510837095983
SV1_C76253,C76253,0.8766393440833231
SV1_C48010,C48010,0.9372838325480394
SV1_C21017,C21017,0.8983884159202429
SV1_C27643,C27643,0.8516512786346492
SV1_C69627,C69627,0.8945563175022581
SV1_C100211,C100211,0.9083405455356562
SV1_C09605,C09605,0.9545411828727436
SV1_C67295,C67295,0.8992103405941436
SV1_C00681,C00681,0.9236971736058286
SV1_C28206,C28206,0.990876549486016
SV1_C46308,C46308,0.9842752593647256
SV1_C25211,C25211,0.9873906917766146
SV1_C72675,C72675,0.9993865550820541
SV1_C99098,C99098,0.9148265468657185
SV1_C82221,C82221,0.9771792621515163
SV1_C57680,C57680,0.8807935279161838
SV1_C34821,C34821,0.9817522813336095
SV1_C76204,C76204,0.9531860280588351
SV1_C96623,C96623,0.9976713313108978
SV1_C24022,C24022,0.8565725535535559
SV1_C10312,C10312,0.8822164860734576
SV1_C58839,C58839,0.8600495881839167
SV1_C07285,C07285,0.9700283073369006
SV1_C78029,C78029,0.9818120096568389
SV1_C90006,C90006,0.9356304618015495
SV1_C94832,C94832,0.9020306130053936
SV1_C36611,C36611,0.9988566649644461
SV1_C86461,C86461,0.9737962409706636
SV1_C54093,C54093,0.9693844363538244
SV1_C90643,C90643,0.9940774021093015
SV1_C14434,C14434,0.981275068900756
SV1_C35505,C35505,0.9204347555808255
SV1_C99018,C99018,0.9121475459668797
SV1_C64232,C64232,0.9025405387857065
SV1_C94277,C94277,0.9639424114779857
SV1_C91272,C91272,0.9664196731881106
SV1_C67290,C67290,0.9255792979934204
SV1_C75072,C75072,0.9345827542150507
SV1_C92421,C92421,0.8955932698830184
SV1_C89440,C89440,0.9307658233978799
SV1_C90688,C90688,0.9755999848641221
SV1_C58212,C58212,0.955076421431131
SV1_C06678,C06678,0.859404699284617
SV1_C93676,C93676,0.9257445875101603
SV1_C78000,C78000,0.8477550421961673
SV1_C22293,C22293,0.9516603880993018
SV1_C54024,C54024,0.9716324696346655
SV1_C76814,C76814,0.9177642683862354
SV1_C69604,C69604,0.971928729676957
SV1_C46231,C46231,0.8423310422978281
SV1_C67803,C67803,0.9688541838254898
SV1_C89484,C89484,0.9976007609985654
SV1_C82901,C82901,0.8998001687575203
SV1_C17490,C17490,0.9663510126153602
SV1_C64828,C64828,0.9834356514423147
SV1_C19817,C19817,0.8957535627075773
SV1_C91268,C91268,0.8790195419066866
SV1_C63011,C63011,0.8844691688582647
SV1_C74449,C74449,0.9045552539191646
SV1_C47452,C47452,0.9667165783725826
SV1_C64221,C64221,0.9466735370421973
SV1_C25837,C25837,0.9182218138136169
SV1_C100293,C100293,0.8398402541141502
SV1_C55876,C55876,0.9101314527881584
SV1_C30084,C30084,0.9362204769218532
SV1_C95441,C95441,0.9527103562586334
SV1_C99627,C99627,0.901602338355316
SV1_C70243,C70243,0.9349399229172559
SV1_C21626,C21626,0.8737961959575324
SV1_C01210,C01210,0.9703704345908198
SV1_C28226,C28226,0.9692039367243094
SV1_C13249,C13249,0.9472387983302982
SV1_C19292,C19292,0.904870147218658
SV1_C43225,C43225,0.9011462045182167
SV1_C64235,C64235,0.8063744496520533
SV1_C65432,C65432,0.9859271850097288
SV1_C52308,C52308,0.9412879261029644
SV1_C97215,C97215,0.9362362048859212
SV1_C72069,C72069,0.9303071197925117
SV1_C50415,C50415,0.8869977892141269
SV1_C16200,C16200,0.8835972238682147
SV1_C79918,C79918,0.8912495440542914
SV1_C90669,C90669,0.90522438259284
SV1_C49269,C49269,0.8559858835919951
SV1_C92462,C92462,0.9490295855810886
SV1_C83409,C83409,0.9481852202537809
SV1_C33101,C33101,0.8543532585148593
SV1_C06676,C06676,0.8824094392316068
SV1_C77405,C77405,0.8472957329473504
SV1_C48100,C48100,0.9504289220386375
SV1_C21635,C21635,0.9630115025347005
SV1_C39004,C39004,0.9504946841438814
SV1_C29477,C29477,0.9369824193129932
SV1_C10801,C10801,0.9325333317107243
SV1_C55829,C55829,0.9806784986847453
SV1_C39622,C39622,0.9839522042246371
SV1_C51709,C51709,0.9197565191045296
SV1_C30008,C30008,0.91377057572641
SV1_C10317,C10317,0.8710862053742591
SV1_C68425,C68425,0.9790729572002136
SV1_C58313,C58313,0.9909616625174933
SV1_C56435,C56435,0.9853172514613555
SV1_C51025,C51025,0.9019556853607956
SV1_C34890,C34890,0.9162035553785955
SV1_C84100,C84100,0.9154925331705658
SV1_C09666,C09666,0.8755105778866222
SV1_C88881,C88881,0.9782616089236184
SV1_C11480,C11480,0.9325768276699857
SV1_C60008,C60008,0.9427192943516669
SV1_C54689,C54689,0.8653667734541395
SV1_C79213,C79213,0.9092765195504235
SV1_C75035,C75035,0.9140119666292796
SV1_C35493,C35493,0.9261056023502836
SV1_C80500,C80500,0.8730990436409546
SV1_C68476,C68476,0.9472841276172986
SV1_C56497,C56497,0.9394850674861494
SV1_C21617,C21617,0.9395629865527146
SV1_C07811,C07811,0.8770503537261358
SV1_C79915,C79915,0.8895153298315011
SV1_C75119,C75119,0.9890569130661325
SV1_C48001,C48001,0.9832636404050896
SV1_C87013,C87013,0.9297903839642881
SV1_C99637,C99637,0.991599281341151
SV1_C55207,C55207,0.8939445965478829
SV1_C73239,C73239,0.8487223909253454
SV1_C21632,C21632,0.9885862540323553
SV1_C20483,C20483,0.9789783186750979
SV1_C48664,C48664,0.8654075387787168
SV1_C82200,C82200,0.9500301845456932
SV1_C67301,C67301,0.9600359310572215
SV1_C51034,C51034,0.8771153197720681
SV1_C44494,C44494,0.8466066208355083
SV1_C52215,C52215,0.8829999630431548
SV1_C51689,C51689,0.8834483657129948
SV1_C16276,C16276,0.9699144043087292
SV1_C13238,C13238,0.9386426672665114
SV1_C86507,C86507,0.9362936487139452
SV1_C35499,C35499,0.9915432328855844
SV1_C27082,C27082,0.9626558076527156
SV1_C72109,C72109,0.8976677319293824
SV1_C97816,C97816,0.9606102121038624
SV1_C66702,C66702,0.9967676361128267
SV1_C46248,C46248,0.987953234813249
SV1_C12637,C12637,0.9241344240246288
SV1_C43239,C43239,0.8925508687621285
SV1_C45099,C45099,0.8459020090970633
SV1_C75074,C75074,0.9022226372968155
SV1_C77418,C77418,0.9131475922265668
SV1_C53404,C53404,0.8516148640867021
SV1_C43877,C43877,0.9967021308818552
SV1_C83515,C83515,0.9639873453058179
SV1_C82875,C82875,0.941254206798151
SV1_C15640,C15640,0.9370881773321071
SV1_C16838,C16838,0.9872434800744952
SV1_C70826,C70826,0.861596979421154
SV1_C90106,C90106,0.8888886724416639
SV1_C00696,C00696,0.8936652179823776
SV1_C74437,C74437,0.9346351217586595
SV1_C12102,C12102,0.9262285590293632
SV1_C55297,C55297,0.9904157807931089
SV1_C63608,C63608,0.9372329820645847
SV1_C57624,C57624,0.946838335638281
SV1_C51707,C51707,0.9507099344461614
SV1_C34283,C34283,0.8961554196066704
SV1_C67304,C67304,0.9118553639010473
SV1_C06608,C06608,0.9470573868553787
SV1_C44444,C44444,0.8647069778486466
SV1_C67291,C67291,0.9964671088188578
SV1_C72647,C72647,0.9729393583344076
SV1_C58273,C58273,0.8390209772223923
SV1_C01217,C01217,0.94244877647567
SV1_C91259,C91259,0.9490158750796578
SV1_C94246,C94246,0.8894916892408942
SV1_C00617,C00617,0.9430359361664084
SV1_C26515,C26515,0.8365638564014054
SV1_C45042,C45042,0.9993486223387917
SV1_C57115,C57115,0.950640268126653
SV1_C23402,C23402,0.911376548551525
SV1_C09677,C09677,0.9959609007326846
SV1_C16225,C16225,0.926844062209983
SV1_C11488,C11488,0.9407207826610633
SV1_C85913,C85913,0.8764358401145982
SV1_C10832,C10832,0.9624353550630839
SV1_C86411,C86411,0.8461972232570422
SV1_C13917,C13917,0.8626554943601079
SV1_C45635,C45635,0.8496942143893057
SV1_C09086,C09086,0.9257141832372545
SV1_C91845,C91845,0.9549160999465606
SV1_C13821,C13821,0.9728270841828989
SV1_C72661,C72661,0.8889254967053901
SV1_C63078,C63078,0.9191032846747499
SV1_C57703,C57703,0.9157502592199015
SV1_C10294,C10294,0.9972833115336706
SV1_C10802,C10802,0.8730329207825798
SV1_C23503,C23503,0.9162088812463763
SV1_C66713,C66713,0.9581026449095972
SV1_C55822,C55822,0.9603829379214105
SV1_C16829,C16829,0.9273596134066953
SV1_C27716,C27716,0.9207367101493108
SV1_C72717,C72717,0.8389640217747956
SV1_C88286,C88286,0.9198299197056726
SV1_C47488,C47488,0.9028203228019804
SV1_C32489,C32489,0.8763749454670697
SV1_C82223,C82223,0.9582582454712876
SV1_C63641,C63641,0.8970983034223561
SV1_C75687,C75687,0.9484072996264533
SV1_C45644,C45644,0.8575871436713167
SV1_C06004,C06004,0.9423089640205611
SV1_C39008,C39008,0.948743992395326
SV1_C28280,C28280,0.8214664918089858
SV1_C21644,C21644,0.8465602911806352
SV1_C65439,C65439,0.8705665290439103
SV1_C91229,C91229,0.9576075678609546
SV1_C13909,C13909,0.861032828579291
SV1_C91868,C91868,0.9064872733608009
SV1_C43227,C43227,0.8409186779913929
SV1_C13816,C13816,0.8797559097578048
SV1_C86440,C86440,0.9250570263489448
SV1_C45060,C45060,0.9829145225296706
SV1_C64802,C64802,0.9255254085294587
SV1_C73294,C73294,0.967032050340304
SV1_C73873,C73873,0.9531836506987155
SV1_C49811,C49811,0.8888910594159993
SV1_C78659,C78659,0.9154664579411347
SV1_C07818,C07818,0.9317508007409325
SV1_C63075,C63075,0.9048715962877586
SV1_C96032,C96032,0.9014045029624232
SV1_C10209,C10209,0.9499578110709008
SV1_C07800,C07800,0.9715890959328413
SV1_C04893,C04893,0.889687288111722
SV1_C34807,C34807,0.849290367741831
SV1_C26476,C26476,0.8746736439247115
SV1_C58207,C58207,0.9422403023284153
SV1_C47468,C47468,0.9113105954427314
SV1_C28275,C28275,0.8024402675587915
SV1_C16878,C16878,0.9846359751349242
SV1_C09017,C09017,0.9039525571164425
SV1_C48019,C48019,0.9143340304774394
SV1_C96022,C96022,0.962841215273032
SV1_C20436,C20436,0.8723642937793568
SV1_C49229,C49229,0.9362602304640009
SV1_C58272,C58272,0.8320070435848683
SV1_C92503,C92503,0.8477912932012517
SV1_C84099,C84099,0.9792749831905103
SV1_C52891,C52891,0.9308421862167156
SV1_C28801,C28801,0.9108489370511962
SV1_C88314,C88314,0.9455298199107902
SV1_C06012,C06012,0.9819956452385641
SV1_C76845,C76845,0.9616908066542663
SV1_C53441,C53441,0.987332707644175
SV1_C62446,C62446,0.8805392257716955
SV1_C02421,C02421,0.9918764975964041
SV1_C76266,C76266,0.8412970696334564
SV1_C76884,C76884,0.8916676162396168
SV1_C10242,C10242,0.8351590372446215
SV1_C94907,C94907,0.9321280176562413
SV1_C96626,C96626,0.9014289683846519
SV1_C67805,C67805,0.9965411424211192
SV1_C24085,C24085,0.9855284695743441
SV1_C31289,C31289,0.9006832633374909
SV1_C64223,C64223,0.9368223288817821
SV1_C30613,C30613,0.9140313826141715
SV1_C20490,C20490,0.8944439713887191
SV1_C71499,C71499,0.9892188537508759
SV1_C51072,C51072,0.9987789826092826
SV1_C21601,C21601,0.8567346433923179
SV1_C87689,C87689,0.9534311162892258
SV1_C12710,C12710,0.8999381986005591
SV1_C11402,C11402,0.8535391400979127
SV1_C69073,C69073,0.9161705561115114
SV1_C27107,C27107,0.8752750237548204
SV1_C65413,C65413,0.9471745208614282
SV1_C29418,C29418,0.92402874126616
SV1_C29402,C29402,0.9270271118422555
SV1_C69716,C69716,0.9049040083133932
SV1_C91242,C91242,0.9076014990897888
SV1_C61240,C61240,0.8709356612211784
SV1_C99111,C99111,0.9144041766107573
SV1_C68434,C68434,0.8605768671900662
SV1_C45098,C45098,0.9728083004268607
SV1_C54610,C54610,0.8811012677936119
SV1_C89514,C89514,0.9465676550097943
SV1_C21079,C21079,0.9442940438815689
SV1_C67292,C67292,0.9048462213761412
SV1_C77447,C77447,0.8078488789932194
SV1_C61885,C61885,0.8963561883010505
SV1_C96714,C96714,0.9284635242108951
SV1_C69097,C69097,0.9429053854184059
SV1_C52888,C52888,0.8832763868685455
SV1_C94233,C94233,0.8797154489031571
SV1_C81005,C81005,0.9373033499437838
SV1_C77511,C77511,0.9451530518171377
SV1_C52216,C52216,0.8577258750653691
SV1_C37802,C37802,0.9569204459437919
SV1_C99084,C99084,0.9541798580659828
SV1_C67212,C67212,0.9596150183961448
SV1_C76281,C76281,0.9062541601813041
SV1_C98420,C98420,0.9447556057568547
SV1_C57700,C57700,0.9178118142296909
SV1_C78051,C78051,0.9276383103393336
SV1_C06601,C06601,0.9214102774274309
SV1_C22820,C22820,0.9068151710336387
SV1_C57000,C57000,0.9966523194688119
SV1_C56499,C56499,0.9910686838723564
SV1_C27017,C27017,0.9552275726010189
SV1_C10318,C10318,0.9020515768371326
SV1_C56406,C56406,0.9783198061675774
SV1_C35495,C35495,0.9060557322970109
SV1_C07807,C07807,0.8787684165775178
SV1_C42002,C42002,0.9780902876167389
SV1_C63034,C63034,0.8487829289324805
SV1_C85215,C85215,0.9582664660951149
SV1_C55809,C55809,0.9718945093139021
SV1_C92500,C92500,0.9858369825880834
SV1_C78058,C78058,0.8647123892775208
SV1_C54036,C54036,0.9461251737558876
SV1_C76837,C76837,0.9488858165908676
SV1_C51011,C51011,0.8796579222243087
SV1_C90019,C90019,0.9310031480564808
SV1_C18005,C18005,0.8944442276264705
SV1_C73211,C73211,0.8621076874290784
SV1_C88910,C88910,0.9245843239097244
SV1_C12640,C12640,0.8973044389501781
SV1_C73203,C73203,0.863689308330679
SV1_C08519,C08519,0.9755855482945931
SV1_C97907,C97907,0.912747554157705
SV1_C57079,C57079,0.9003357220371433
SV1_C28220,C28220,0.8580887097455624
SV1_C21044,C21044,0.9585019272030658
SV1_C67210,C67210,0.9519533259295857
SV1_C25820,C25820,0.9334310742767215
SV1_C61311,C61311,0.8898135396917168
SV1_C61816,C61816,0.9041606172159167
SV1_C49914,C49914,0.9561452370528423
SV1_C64819,C64819,0.9173931717198431
SV1_C95404,C95404,0.9884239488015192
SV1_C90637,C90637,0.9769986831020985
SV1_C24041,C24041,0.9465548469145378
SV1_C34905,C34905,0.9014551729190322
SV1_C10276,C10276,0.9775995533475376
SV1_C39600,C39600,0.964841704779332
SV1_C00111,C00111,0.9081741466379383
SV1_C28811,C28811,0.8926491625823625
SV1_C87650,C87650,0.9301118864767487
SV1_C34897,C34897,0.8940821320886468
SV1_C24034,C24034,0.8894820675718318
SV1_C95492,C95492,0.9201538002231412
SV1_C10306,C10306,0.8863096299743285
SV1_C06600,C06600,0.9305499222328836
SV1_C51101,C51101,0.9180665104390108
SV1_C82315,C82315,0.9336636157855962
SV1_C76828,C76828,0.9678568720255223
SV1_C14427,C14427,0.8413847264439129
SV1_C70210,C70210,0.8939780882661794
SV1_C24103,C24103,0.9197584489935441
SV1_C68492,C68492,0.8824523773839756
SV1_C92486,C92486,0.9067950909735287
SV1_C75093,C75093,0.9290549248378549
SV1_C91208,C91208,0.9148490091252822
SV1_C06001,C06001,0.9270353156537382
SV1_C54019,C54019,0.9036982790150089
SV1_C63090,C63090,0.8923222520640736
SV1_C100295,C100295,0.9913684800151241
SV1_C58885,C58885,0.9361409697582372
SV1_C87060,C87060,0.9722656139003008
SV1_C01874,C01874,0.8598084251704341
SV1_C07878,C07878,0.9483116164644569
SV1_C52291,C52291,0.9327962782381066
SV1_C00077,C00077,0.9130088423441421
SV1_C66646,C66646,0.9539976368632753
SV1_C12648,C12648,0.9754782414261078
SV1_C49917,C49917,0.9428990168864263
SV1_C26484,C26484,0.8996267475414649
SV1_C09101,C09101,0.935942406827526
SV1_C70304,C70304,0.9383189764319252
SV1_C68500,C68500,0.9082973365506223
SV1_C50421,C50421,0.9121450463533873
SV1_C76888,C76888,0.9297318101114652
SV1_C79272,C79272,0.8591591545482178
SV1_C89482,C89482,0.9186437684967895
SV1_C05506,C05506,0.8615139080364037
SV1_C21703,C21703,0.9005461313886649
SV1_C51005,C51005,0.885070647694944
SV1_C35477,C35477,0.916642801073154
SV1_C11438,C11438,0.8918666253661736
SV1_C63647,C63647,0.9175177585494886
SV1_C24674,C24674,0.9171332471646109
SV1_C61811,C61811,0.9154085057334789
SV1_C04882,C04882,0.8898783262186207
SV1_C13208,C13208,0.8599295736736314
SV1_C00607,C00607,0.9824600892215777
SV1_C04897,C04897,0.9319059766392134
SV1_C67201,C67201,0.9931939355745422
SV1_C25835,C25835,0.9949696974321928
SV1_C12685,C12685,0.9532163374060186
SV1_C66697,C66697,0.9597024351316948
SV1_C72010,C72010,0.9393615752268646
SV1_C07258,C07258,0.9832232201326931
SV1_C46301,C46301,0.9970438922453378
SV1_C08495,C08495,0.9221715155404185
SV1_C62510,C62510,0.9704479972062588
SV1_C69698,C69698,0.9558530406640247
SV1_C19804,C19804,0.9431296152146509
SV1_C03112,C03112,0.9141970975078225
SV1_C99674,C99674,0.884080045402709
SV1_C99009,C99009,0.9760519991761412
SV1_C71436,C71436,0.8631074490063976
SV1_C43259,C43259,0.999517424310477
SV1_C27008,C27008,0.9292982140971224
SV1_C86486,C86486,0.8998425615954684
SV1_C54081,C54081,0.9483655686189091
SV1_C54713,C54713,0.9277528632724222
SV1_C28879,C28879,0.9635418200680091
SV1_C48615,C48615,0.9099412078049749
SV1_C12026,C12026,0.8846880627719869
SV1_C46838,C46838,0.9531129153794252
SV1_C79910,C79910,0.8971907123731158
SV1_C13825,C13825,0.8992811923107686
SV1_C75681,C75681,0.9294266691406584
SV1_C100226,C100226,0.9584532234635996
SV1_C68410,C68410,0.9606234338380583
SV1_C77472,C77472,0.90770074881094
SV1_C05509,C05509,0.8848052659787115
SV1_C34878,C34878,0.9829000956672561
SV1_C12005,C12005,0.8749219433254848
SV1_C07913,C07913,0.8232862303077001
SV1_C78606,C78606,0.9472571112611551
SV1_C02404,C02404,0.9860268728402296
SV1_C59421,C59421,0.9547334168143452
SV1_C32508,C32508,0.8513165387340528
SV1_C11481,C11481,0.9466206801920617
SV1_C45061,C45061,0.9911592306365167
SV1_C52289,C52289,0.8793740836005849
SV1_C19806,C19806,0.9205736000045219
SV1_C95405,C95405,0.9836776715258166
SV1_C33004,C33004,0.9763713782902208
SV1_C55319,C55319,0.9394453939780446
SV1_C86406,C86406,0.8919880229514221
SV1_C22830,C22830,0.8806175853222051
SV1_C62419,C62419,0.8924685833215179
SV1_C12019,C12019,0.8237458957988808
SV1_C49886,C49886,0.9764810645549051
SV1_C55844,C55844,0.9938067436382
SV1_C84017,C84017,0.8951679388097908
SV1_C28290,C28290,0.9307138922418945
SV1_C61277,C61277,0.9183662686081183
SV1_C18006,C18006,0.9288008733583671
SV1_C44415,C44415,0.9870293959993324
SV1_C25915,C25915,0.8451354442177333
SV1_C10224,C10224,0.9799723960197597
SV1_C33002,C33002,0.932900689665001
SV1_C97802,C97802,0.9640478829520013
SV1_C81010,C81010,0.9189940822368244
SV1_C99710,C99710,0.9797276636147465
SV1_C21080,C21080,0.9539769409066536
SV1_C85316,C85316,0.9395337923378086
SV1_C70241,C70241,0.8951106640772308
SV1_C05502,C05502,0.863147854780531
SV1_C80507,C80507,0.9241819663631848
SV1_C57080,C57080,0.9478019665048147
SV1_C72005,C72005,0.9924141693333955
SV1_C17401,C17401,0.9020895913717196
SV1_C86416,C86416,0.9056101686596348
SV1_C61244,C61244,0.8446067027795295
SV1_C53487,C53487,0.9850322113530633
SV1_C02511,C02511,0.9220663207798417
SV1_C76294,C76294,0.9450084537094445
SV1_C07242,C07242,0.8387700437905051
SV1_C12105,C12105,0.9921273772443435
SV1_C00041,C00041,0.9521580400605021
SV1_C17434,C17434,0.951331138507043
SV1_C27083,C27083,0.8783692512185651
SV1_C09099,C09099,0.9689569655814415
SV1_C66000,C66000,0.9757184696440091
SV1_C90659,C90659,0.9674496378323695
SV1_C66632,C66632,0.9949357535905503
SV1_C08514,C08514,0.852385725670456
SV1_C71503,C71503,0.9890103486441194
SV1_C18682,C18682,0.9037537941794204
SV1_C37201,C37201,0.9272044665879123
SV1_C05496,C05496,0.9070820329839298
SV1_C27694,C27694,0.9906225311706393
SV1_C91906,C91906,0.938533327952162
SV1_C01800,C01800,0.9884510026656527
SV1_C21074,C21074,0.9228492548726811
SV1_C59472,C59472,0.8212299704505354
SV1_C88226,C88226,0.9659252942286374
SV1_C61291,C61291,0.8304841441994838
SV1_C81113,C81113,0.8800692485839496
SV1_C57030,C57030,0.853327366350078
SV1_C12653,C12653,0.9668078018235162
SV1_C47455,C47455,0.9637342686418263
SV1_C15008,C15008,0.8946958582940169
SV1_C00107,C00107,0.9129623270082515
SV1_C87605,C87605,0.9325277287299718
SV1_C09664,C09664,0.8985062602896953
SV1_C58312,C58312,0.9993648750973801
SV1_C01303,C01303,0.9128757007273942
SV1_C22846,C22846,0.8983334751275533
SV1_C34293,C34293,0.8639120687075484
SV1_C33011,C33011,0.874730259728333
SV1_C48653,C48653,0.9151187897206556
SV1_C10896,C10896,0.9834975656628876
SV1_C43858,C43858,0.964957055595437
SV1_C07202,C07202,0.9041798860690313
SV1_C12715,C12715,0.9110858632831227
SV1_C01809,C01809,0.9976258743210259
SV1_C25897,C25897,0.9649696133323344
SV1_C25829,C25829,0.8908830907179407
SV1_C95503,C95503,0.9335144913620577
SV1_C20488,C20488,0.900331414238116
SV1_C21047,C21047,0.884246444196583
SV1_C65434,C65434,0.9131583114932798
SV1_C18603,C18603,0.9799485164055005
SV1_C87100,C87100,0.9428477230388623
SV1_C32498,C32498,0.9002021909885018
SV1_C84012,C84012,0.9382577480644325
SV1_C76233,C76233,0.9370985551425608
SV1_C04828,C04828,0.9081550534085127
SV1_C72697,C72697,0.8781145084925654
SV1_C25309,C25309,0.944755241577833
SV1_C85894,C85894,0.9633843391217234
SV1_C87042,C87042,0.902864755675887
SV1_C48009,C48009,0.9829745592907554
SV1_C99621,C99621,0.9916649062792673
SV1_C90602,C90602,0.9359742147925226
SV1_C90078,C90078,0.9147320107824184
SV1_C46319,C46319,0.888358701293923
SV1_C87075,C87075,0.9287342087107489
SV1_C01207,C01207,0.9876887205277126
SV1_C01288,C01288,0.8820014948479871
SV1_C43808,C43808,0.8837800876372159
SV1_C47476,C47476,0.9645546013805556
SV1_C75082,C75082,0.9022023174968258
SV1_C46261,C46261,0.9890946261458525
SV1_C70229,C70229,0.9071783065256882
SV1_C09690,C09690,0.8965700284936194
SV1_C28295,C28295,0.9448477853330037
SV1_C79906,C79906,0.9148772500907701
SV1_C86402,C86402,0.8912932227577393
SV1_C15037,C15037,0.9287421404626306
SV1_C79820,C79820,0.9845238563514597
SV1_C75698,C75698,0.8952625395883395
SV1_C93048,C93048,0.9242629380781715
SV1_C87025,C87025,0.993941469013278
SV1_C11519,C11519,0.9359077502497121
SV1_C12683,C12683,0.8680502428004302
SV1_C58827,C58827,0.8699641451712525
SV1_C97207,C97207,0.94485613000628
SV1_C12699,C12699,0.9876921616035144
SV1_C49830,C49830,0.9153939818222081
SV1_C24718,C24718,0.9666162010519276
SV1_C31273,C31273,0.9715010975556615
SV1_C91313,C91313,0.9640508390204068
SV1_C50443,C50443,0.9123481386499401
SV1_C51640,C51640,0.9898829052727331
SV1_C55212,C55212,0.9206362308077127
SV1_C06017,C06017,0.9943841320748347
SV1_C27023,C27023,0.9914920036907526
SV1_C01221,C01221,0.9948498123398606
SV1_C64296,C64296,0.9814256646762227
SV1_C07235,C07235,0.8862384963109117
SV1_C42607,C42607,0.8811267694793875
SV1_C04230,C04230,0.9025332178675931
SV1_C74501,C74501,0.9139743220320639
SV1_C96600,C96600,0.9947897070609142
SV1_C92406,C92406,0.9043066436200811
SV1_C89472,C89472,0.9811844321158535
SV1_C52829,C52829,0.9455865524475253
SV1_C30713,C30713,0.8871239615686723
SV1_C78028,C78028,0.9760726608813931
SV1_C36623,C36623,0.9020383449227503
SV1_C48681,C48681,0.9569329014812605
SV1_C33680,C33680,0.9686256342898018
SV1_C73819,C73819,0.8330465327200164
SV1_C49200,C49200,0.9906714243885649
SV1_C33719,C33719,0.9603172488409522
SV1_C64827,C64827,0.8507835808790214
SV1_C50430,C50430,0.8586594590311439
SV1_C47492,C47492,0.9695853614697222
SV1_C09116,C09116,0.8729605650256582
SV1_C99646,C99646,0.9110265641240763
SV1_C90087,C90087,0.8778872227553046
SV1_C12104,C12104,0.9990652882955223
SV1_C60012,C60012,0.947170455129305
SV1_C26400,C26400,0.9075251586870658
SV1_C86415,C86415,0.867462995478543
SV1_C76919,C76919,0.9321287263003638
SV1_C06043,C06043,0.9162660924980417
SV1_C76871,C76871,0.8686879253508989
SV1_C69094,C69094,0.9364007771873945
SV1_C16227,C16227,0.8634052055356133
SV1_C62493,C62493,0.8264749491105922
SV1_C24072,C24072,0.965452953403653
SV1_C59425,C59425,0.9828655440865712
SV1_C37805,C37805,0.9357928057713422
SV1_C58817,C58817,0.9618773400241529
SV1_C53415,C53415,0.8774502113820629
SV1_C98477,C98477,0.8984889266699512
SV1_C10281,C10281,0.9898566104458765
SV1_C46820,C46820,0.823073275823683
SV1_C57608,C57608,0.952302803214067
SV1_C49292,C49292,0.9899178168215721
SV1_C30110,C30110,0.9161911217379005
SV1_C97901,C97901,0.9499830812925631
SV1_C94206,C94206,0.9413876570547872
SV1_C60685,C60685,0.9160737447885018
SV1_C90610,C90610,0.9529591326443201
SV1_C09088,C09088,0.8629993134564959
SV1_C49818,C49818,0.8808954771505637
SV1_C50480,C50480,0.9987409150077676
SV1_C54109,C54109,0.9681217802340915
SV1_C52814,C52814,0.9105439434294855
SV1_C12713,C12713,0.9001893429732142
SV1_C07859,C07859,0.9042797800193407
SV1_C13203,C13203,0.9747394298495906
SV1_C72605,C72605,0.9920900270047592
SV1_C43232,C43232,0.9111424760525385
SV1_C31293,C31293,0.9877061811133557
SV1_C12082,C12082,0.9328449268323986
SV1_C67227,C67227,0.8893555622859131
SV1_C24040,C24040,0.9551525903378142
SV1_C07905,C07905,0.9079741700978426
SV1_C93675,C93675,0.9225213284529727
SV1_C20404,C20404,0.937720432970154
SV1_C54110,C54110,0.9062670183923294
SV1_C60618,C60618,0.9753832716732974
SV1_C10864,C10864,0.9044707830732166
SV1_C13289,C13289,0.9710053150030664
SV1_C21715,C21715,0.8210663564671999
SV1_C50441,C50441,0.9992957724817525
SV1_C43286,C43286,0.9501686106826305
SV1_C82910,C82910,0.8907475723079044
SV1_C84706,C84706,0.8621569273190228
SV1_C49909,C49909,0.9794883897589388
SV1_C46300,C46300,0.9912205725011611
SV1_C85222,C85222,0.9297810015455081
SV1_C100280,C100280,0.9220340216287094
SV1_C59485,C59485,0.932478999976635
SV1_C11453,C11453,0.9220693598447655
SV1_C99002,C99002,0.9460719498886901
SV1_C96609,C96609,0.9899399644308549
SV1_C89474,C89474,0.9084173308010387
SV1_C46906,C46906,0.9677513561285096
SV1_C73302,C73302,0.9212888453560691
SV1_C69647,C69647,0.9097439443833578
SV1_C28814,C28814,0.938838562433963
SV1_C47487,C47487,0.9975555433732416
SV1_C26478,C26478,0.9745606985123292
SV1_C96678,C96678,0.9824857608076338
SV1_C18007,C18007,0.9744057073083298
SV1_C53502,C53502,0.8976703530422139
SV1_C10853,C10853,0.9399597801846257
SV1_C21072,C21072,0.9586007414020074
SV1_C86407,C86407,0.8374055094730665
SV1_C62481,C62481,0.961274009516312
SV1_C99626,C99626,0.9663981009146636
SV1_C76834,C76834,0.9280161076923708
SV1_C33001,C33001,0.9714083952900979
SV1_C96097,C96097,0.972522358985929
SV1_C35518,C35518,0.9362070854338606
SV1_C56482,C56482,0.9810198705384863
SV1_C49212,C49212,0.9808439157774046
SV1_C46801,C46801,0.9480996023970811
SV1_C61272,C61272,0.8794765423332473
SV1_C88254,C88254,0.9280412975197668
SV1_C01301,C01301,0.8883061995501509
SV1_C75056,C75056,0.8460999821565287
SV1_C52224,C52224,0.9292946570609951
SV1_C02499,C02499,0.9106299742697019
SV1_C34881,C34881,0.9310163154028601
SV1_C24712,C24712,0.9129774336172354
SV1_C33022,C33022,0.911158510131998
SV1_C21629,C21629,0.9672020342384811
SV1_C26437,C26437,0.8591654859493213
SV1_C98447,C98447,0.9864797762467398
SV1_C72115,C72115,0.9453576378322857
SV1_C66013,C66013,0.9554833067979457
SV1_C48612,C48612,0.9895243581509269
SV1_C88915,C88915,0.8841788593523664
SV1_C97312,C97312,0.9299706820465562
SV1_C18088,C18088,0.958141863686275
SV1_C40221,C40221,0.9927352970930842
SV1_C86459,C86459,0.9987023961137966
SV1_C44427,C44427,0.838810747858954
SV1_C12089,C12089,0.9673663809017639
SV1_C57045,C57045,0.9566340959499512
SV1_C95447,C95447,0.8974689874351176
SV1_C84021,C84021,0.9441747082864255
SV1_C05408,C05408,0.942777113899242
SV1_C46900,C46900,0.9844938650158439
SV1_C77416,C77416,0.8638005973772428
SV1_C72117,C72117,0.8396646231304589
SV1_C77454,C77454,0.8675456378504701
SV1_C19282,C19282,0.9146819213543466
SV1_C92461,C92461,0.9792059798044019
SV1_C88895,C88895,0.9890357479767312
SV1_C03092,C03092,0.8220576690193868
SV1_C79899,C79899,0.9038815433424232
SV1_C67808,C67808,0.9855173251011606
SV1_C46891,C46891,0.9775800431455853
SV1_C39617,C39617,0.9529233908039823
SV1_C49312,C49312,0.9913488970012465
SV1_C54680,C54680,0.9270950072300171
SV1_C76306,C76306,0.8894335389329383
SV1_C48609,C48609,0.9944627224517582
SV1_C63086,C63086,0.8999460608932801
SV1_C79823,C79823,0.9615699797084781
SV1_C09699,C09699,0.965372901732461
SV1_C58210,C58210,0.9939233159963607
SV1_C10918,C10918,0.8878370488722493
SV1_C52809,C52809,0.881483162230418
SV1_C13801,C13801,0.8496867622888145
SV1_C24691,C24691,0.9971094004529657
SV1_C45117,C45117,0.9878797663501718
SV1_C55295,C55295,0.9163577615835987
SV1_C88235,C88235,0.9007439025161331
SV1_C53491,C53491,0.9275576624002176
SV1_C28244,C28244,0.883279133636006
SV1_C87679,C87679,0.9250352782856774
SV1_C53437,C53437,0.9541184473602735
SV1_C07865,C07865,0.8671591471003526
SV1_C81718,C81718,0.882427439408794
SV1_C85902,C85902,0.8382230861843718
SV1_C96112,C96112,0.9352231601446758
SV1_C93107,C93107,0.8664797045716351
SV1_C85298,C85298,0.8447485559010065
SV1_C93685,C93685,0.9409494784891667
SV1_C27696,C27696,0.9226515395017759
SV1_C04318,C04318,0.8576852278660912
SV1_C44446,C44446,0.919791769655458
SV1_C20495,C20495,0.9200798132663799
SV1_C57717,C57717,0.9171264937013204
SV1_C79880,C79880,0.8730004329603644
SV1_C78036,C78036,0.9470620381505722
SV1_C45624,C45624,0.9603137081693975
SV1_C25817,C25817,0.9925231433275933
SV1_C72657,C72657,0.896953940925514
SV1_C92453,C92453,0.935282833652987
SV1_C55228,C55228,0.9909696612463053
SV1_C62416,C62416,0.8818935864167166
SV1_C46220,C46220,0.8347522248823966
SV1_C30705,C30705,0.8295270304145659
SV1_C71427,C71427,0.9129991186383348
SV1_C48040,C48040,0.9219038214339945
SV1_C29493,C29493,0.9925033606724643
SV1_C87071,C87071,0.9996179365370208
SV1_C92485,C92485,0.8706322104012075
SV1_C03076,C03076,0.9848584005433487
SV1_C90676,C90676,0.9831093292352542
SV1_C78046,C78046,0.8783064573614805
SV1_C45002,C45002,0.9445299667947986
SV1_C56424,C56424,0.9294036709120481
SV1_C18001,C18001,0.8938269330592948
SV1_C85315,C85315,0.9140882843300552
SV1_C96091,C96091,0.8889294984865368
SV1_C61889,C61889,0.9064950080885779
SV1_C14445,C14445,0.9458560115316986
SV1_C34805,C34805,0.9880201945725196
SV1_C43847,C43847,0.870275520175307
SV1_C05472,C05472,0.9478989794215844
SV1_C93045,C93045,0.9954434276920348
SV1_C04904,C04904,0.9400522986617268
SV1_C49311,C49311,0.8668924228443294
SV1_C22285,C22285,0.9867504000445068
SV1_C75012,C75012,0.9798880467810129
SV1_C97296,C97296,0.930590910596832
SV1_C73824,C73824,0.9467992614044428
SV1_C10271,C10271,0.9072477096359688
SV1_C12076,C12076,0.8829395319682595
SV1_C86513,C86513,0.9859455720849778
SV1_C85278,C85278,0.9479990626654972
SV1_C82311,C82311,0.9637205402216591
SV1_C83481,C83481,0.9028040464920827
SV1_C13225,C13225,0.9391331223148572
SV1_C28316,C28316,0.9396455496741536
SV1_C64908,C64908,0.914126184495462
SV1_C34311,C34311,0.9742702026545452
SV1_C33700,C33700,0.8325000449992359
SV1_C71492,C71492,0.9849761565185168
SV1_C61306,C61306,0.9940786355608444
SV1_C30718,C30718,0.814769960006175
SV1_C13283,C13283,0.8484760109828089
SV1_C94910,C94910,0.9855974311481295
SV1_C97829,C97829,0.8865439898837415
SV1_C97291,C97291,0.8706021593310254
SV1_C52281,C52281,0.9835122153119247
SV1_C35414,C35414,0.9293653785140028
SV1_C93691,C93691,0.8976966199770359
SV1_C00079,C00079,0.8690917688310841
SV1_C22221,C22221,0.8887785494901207
SV1_C01230,C01230,0.9267595439770135
SV1_C26412,C26412,0.9693102464783708
SV1_C02405,C02405,0.9934091672632602
SV1_C84716,C84716,0.8996302813911685
SV1_C81700,C81700,0.8921621637309857
SV1_C30687,C30687,0.9966262959587082
SV1_C34312,C34312,0.8349777482094216
SV1_C16890,C16890,0.9484484849393453
SV1_C24026,C24026,0.893638113510204
SV1_C87117,C87117,0.9294043408381726
SV1_C73277,C73277,0.9546486089696686
SV1_C12611,C12611,0.9456006845212483
SV1_C93607,C93607,0.9065469059676642
SV1_C100221,C100221,0.9971996684999265
SV1_C22203,C22203,0.9809539103950555
SV1_C35511,C35511,0.9777266622087669
SV1_C43220,C43220,0.8528071206932283
SV1_C72719,C72719,0.9995926213662805
SV1_C07831,C07831,0.9071167576678398
SV1_C03088,C03088,0.8942481166144252
SV1_C24678,C24678,0.9229315579334433
SV1_C70206,C70206,0.8958509546725812
SV1_C81020,C81020,0.9835452427279913
SV1_C81706,C81706,0.9178371568230718
SV1_C32419,C32419,0.8686385352067485
SV1_C76872,C76872,0.8811039464860695
SV1_C10908,C10908,0.9657692966323871
SV1_C21022,C21022,0.9591964834523471
SV1_C45647,C45647,0.8632154871582913
SV1_C46201,C46201,0.9274998457694885
SV1_C65426,C65426,0.893592999962214
SV1_C30678,C30678,0.857290706372694
SV1_C15622,C15622,0.9631543896080099
SV1_C24690,C24690,0.9011778554167312
SV1_C31888,C31888,0.900177578540619
SV1_C01912,C01912,0.9182483909245964
SV1_C66689,C66689,0.9341644610858998
SV1_C59441,C59441,0.8453390535525143
SV1_C02406,C02406,0.9645247827502553
SV1_C94886,C94886,0.9766113231625595
SV1_C35519,C35519,0.9922584059761747
SV1_C66691,C66691,0.9991393951842936
SV1_C45113,C45113,0.9504448357965447
SV1_C90680,C90680,0.9892015485170447
SV1_C44492,C44492,0.8940720811724511
SV1_C03108,C03108,0.9034142185444676
SV1_C48685,C48685,0.9407992823868919
SV1_C49817,C49817,0.9166987972242631
SV1_C13919,C13919,0.8826489479990305
SV1_C64907,C64907,0.889702760307344
SV1_C48025,C48025,0.9922447295324711
SV1_C24017,C24017,0.9751975725939854
SV1_C01827,C01827,0.9749747526048295
SV1_C99687,C99687,0.8418535422447637
SV1_C86514,C86514,0.937283755260037
SV1_C84004,C84004,0.948410366367386
SV1_C49265,C49265,0.9397678108589157
SV1_C52230,C52230,0.884409152699347
SV1_C45112,C45112,0.9443561429497802
SV1_C97819,C97819,0.9450220499267852
SV1_C96700,C96700,0.9384742835990889
SV1_C79293,C79293,0.9812611764351798
SV1_C85303,C85303,0.9234677725324637
SV1_C04296,C04296,0.947947906733097
SV1_C15611,C15611,0.9465076194201435
SV1_C55835,C55835,0.999091367537052
SV1_C32477,C32477,0.985201682364304
SV1_C96697,C96697,0.9702119729502932
SV1_C11418,C11418,0.885786086855523
SV1_C89422,C89422,0.9201947636066584
SV1_C91213,C91213,0.9625772867275988
SV1_C31914,C31914,0.8525584557721405
SV1_C90018,C90018,0.9883225343060302
SV1_C67802,C67802,0.9587950450198455
SV1_C25313,C25313,0.9239941207216498
SV1_C14400,C14400,0.8891704379361403
SV1_C78018,C78018,0.9075548939443823
SV1_C87061,C87061,0.9759254445063417
SV1_C54007,C54007,0.8857252150008411
SV1_C27104,C27104,0.9052516169844529
SV1_C43908,C43908,0.9850258093103571
SV1_C26494,C26494,0.9276216985863919
SV1_C20401,C20401,0.9347909110433741
SV1_C55299,C55299,0.9054931928535764
SV1_C94304,C94304,0.9410129366598257
SV1_C06104,C06104,0.9063161868603044
SV1_C48112,C48112,0.9237406023269472
SV1_C90709,C90709,0.9620694963791399
SV1_C43903,C43903,0.8522594646119708
SV1_C14429,C14429,0.9097405085074343
SV1_C06708,C06708,0.9307225719564209
SV1_C13882,C13882,0.8932076255263587
SV1_C03611,C03611,0.9992616473811216
SV1_C46810,C46810,0.9341180807341015
SV1_C25822,C25822,0.8914158615754352
SV1_C07849,C07849,0.9496044959612419
SV1_C12700,C12700,0.9846289520728366
SV1_C49902,C49902,0.9032228797947851
SV1_C55803,C55803,0.8884475035343535
SV1_C12030,C12030,0.8839579147819225
SV1_C05474,C05474,0.8518304645449497
SV1_C64230,C64230,0.8778087468530084
SV1_C92493,C92493,0.8276488365557197
SV1_C19289,C19289,0.9816983604498963
SV1_C33072,C33072,0.9945524573546927
SV1_C56420,C56420,0.8742088102240747
SV1_C88916,C88916,0.9396538228576565
SV1_C15643,C15643,0.9749373865681884
SV1_C01284,C01284,0.9244912025872621
SV1_C61904,C61904,0.9154530480486912
SV1_C07220,C07220,0.9525861209921036
SV1_C72116,C72116,0.8453810743547027
SV1_C99688,C99688,0.9401496369764117
SV1_C76830,C76830,0.9301074425573845
SV1_C93114,C93114,0.9287366682504611
SV1_C92439,C92439,0.9152731781334787
SV1_C76819,C76819,0.8545685470540475
SV1_C69607,C69607,0.9991281065532723
SV1_C23425,C23425,0.9524423777166034
SV1_C90012,C90012,0.9297940065859384
SV1_C46283,C46283,0.9903169722292591
SV1_C96605,C96605,0.990431691144084
SV1_C11489,C11489,0.9277562382052729
SV1_C52843,C52843,0.9206945768491189
SV1_C92427,C92427,0.8639757056857671
SV1_C15627,C15627,0.8549787549730223
SV1_C08476,C08476,0.9889018056710692
SV1_C32405,C32405,0.9571782756384998
SV1_C81695,C81695,0.9905494267478544
SV1_C43241,C43241,0.9673292069620675
SV1_C21704,C21704,0.9052567770562874
SV1_C75613,C75613,0.9622755621095266
SV1_C25273,C25273,0.9285236709072017
SV1_C22807,C22807,0.9861240376302643
SV1_C88252,C88252,0.9269100507340674
SV1_C00084,C00084,0.8972499798871852
SV1_C12118,C12118,0.833705145610921
SV1_C13880,C13880,0.8714515969706649
SV1_C29484,C29484,0.9230147051920148
SV1_C80485,C80485,0.8361948167053032
SV1_C69100,C69100,0.9034300814646044
SV1_C17492,C17492,0.9528174094598519
SV1_C01278,C01278,0.858747219865744
SV1_C91802,C91802,0.927539164291603
SV1_C63005,C63005,0.9394629911985393
SV1_C00708,C00708,0.8837075975784332
SV1_C00712,C00712,0.9165223664961741
SV1_C72659,C72659,0.9258677656237267
SV1_C77424,C77424,0.9911352525450654
SV1_C97317,C97317,0.9918996536051284
SV1_C45652,C45652,0.9912874746306726
SV1_C78680,C78680,0.8720204321962747
SV1_C11417,C11417,0.8597122622730361
SV1_C48671,C48671,0.9897351247178805
SV1_C88857,C88857,0.9409214021087688
SV1_C57692,C57692,0.9086171239178775
SV1_C88268,C88268,0.9255058279443957
SV1_C04907,C04907,0.9573194063120032
SV1_C49230,C49230,0.9275492611853963
SV1_C99719,C99719,0.8846975428386519
SV1_C57101,C57101,0.8893160726905424
SV1_C74511,C74511,0.988730108510652
SV1_C55286,C55286,0.9499725585230104
SV1_C46825,C46825,0.975023149705689
SV1_C92430,C92430,0.8764013884414754
SV1_C78697,C78697,0.9416924525839687
SV1_C99008,C99008,0.9795118910880126
SV1_C07841,C07841,0.8844071469789654
SV1_C86476,C86476,0.9625488960124099
SV1_C77450,C77450,0.8672909147267045
SV1_C26480,C26480,0.8845852404822069
SV1_C92514,C92514,0.9152371956433432
SV1_C81605,C81605,0.9412120362634666
SV1_C73235,C73235,0.8748328685570154
SV1_C01286,C01286,0.9377563500555756
SV1_C97806,C97806,0.9643246733652358
SV1_C25239,C25239,0.9779214628290949
SV1_C18013,C18013,0.9067934489287458
SV1_C05414,C05414,0.9107367413023574
SV1_C22911,C22911,0.8907377914138849
SV1_C60082,C60082,0.9602938945836713
SV1_C22875,C22875,0.9030900287330241
SV1_C36603,C36603,0.9997222991039714
SV1_C75014,C75014,0.9221008026748709
SV1_C31305,C31305,0.8357518149952017
SV1_C09646,C09646,0.9100516946319892
SV1_C92400,C92400,0.8621949444638712
SV1_C29419,C29419,0.8873174250257142
SV1_C15024,C15024,0.9389142377679986
SV1_C18602,C18602,0.9341047143422909
SV1_C18078,C18078,0.9328371278719143
SV1_C78103,C78103,0.9754854174083876
SV1_C91860,C91860,0.9614157753259938
SV1_C68445,C68445,0.9085430765154661
SV1_C54091,C54091,0.9168777420768519
SV1_C49286,C49286,0.9861251857820985
SV1_C32481,C32481,0.9841480180392409
SV1_C85807,C85807,0.9305092953959951
SV1_C05445,C05445,0.9499588417794166
SV1_C05513,C05513,0.8595915732434523
SV1_C55830,C55830,0.9417836182621117
SV1_C36010,C36010,0.9589130541875505
SV1_C96693,C96693,0.9225692894832164
SV1_C22201,C22201,0.8661284486255901
SV1_C49907,C49907,0.8782705046538947
SV1_C46280,C46280,0.9886748255064235
SV1_C96681,C96681,0.9414094272580069
SV1_C12007,C12007,0.8954272914291076
SV1_C43818,C43818,0.8779679090109614
SV1_C89431,C89431,0.9033200613606598
SV1_C51028,C51028,0.9013169863591105
SV1_C00692,C00692,0.8162653363728428
SV1_C45006,C45006,0.9441834856727784
SV1_C58834,C58834,0.9134580449945704
SV1_C13851,C13851,0.9267351058905032
SV1_C09076,C09076,0.9870564786692138
SV1_C19294,C19294,0.9273414728089384
SV1_C78637,C78637,0.9120798908902548
SV1_C75043,C75043,0.8688254014670465
SV1_C33106,C33106,0.8834335407885051
SV1_C05492,C05492,0.9582855956915738
SV1_C94908,C94908,0.9254103223150442
SV1_C73830,C73830,0.9157918214477802
SV1_C48600,C48600,0.9998430936161824
SV1_C27116,C27116,0.9642435848274915
SV1_C60639,C60639,0.8670408963014298
SV1_C45080,C45080,0.9922426982039405
SV1_C44423,C44423,0.8510140553458859
SV1_C45022,C45022,0.8840690901782441
SV1_C72652,C72652,0.8541212637656908
SV1_C30002,C30002,0.9250821971161722
SV1_C73837,C73837,0.9365726450400792
SV1_C88207,C88207,0.8588084429578552
SV1_C97299,C97299,0.9242104045238769
SV1_C09656,C09656,0.8945382687488973
SV1_C59481,C59481,0.8730026327760856
SV1_C04886,C04886,0.9293955147819392
SV1_C50404,C50404,0.8649925661554897
SV1_C47411,C47411,0.9842467761973832
SV1_C25215,C25215,0.9951263502379081
SV1_C08470,C08470,0.9101878878183809
SV1_C74470,C74470,0.8944177342383139
SV1_C66609,C66609,0.9846148237828072
SV1_C23443,C23443,0.8880440716525037
SV1_C27626,C27626,0.9537421257300845
SV1_C65411,C65411,0.9275902794324373
SV1_C26414,C26414,0.9371346297644391
SV1_C45026,C45026,0.9065622029745941
SV1_C63707,C63707,0.9259163784655023
SV1_C27638,C27638,0.9503036056164553
SV1_C49819,C49819,0.8378782800421622
SV1_C49259,C49259,0.9095709568038797
SV1_C99617,C99617,0.9573579026168815
SV1_C53478,C53478,0.8937582320724223
SV1_C84694,C84694,0.9434484154636559
SV1_C66683,C66683,0.9084674381975862
SV1_C43857,C43857,0.9975665274559802
SV1_C02415,C02415,0.9825219040221839
SV1_C31876,C31876,0.9949733028203533
SV1_C76907,C76907,0.930071395138032
SV1_C72083,C72083,0.9978283795583561
SV1_C04278,C04278,0.8972641613859011
SV1_C53489,C53489,0.8705560194324475
SV1_C15678,C15678,0.9981339039558815
SV1_C81673,C81673,0.876644832989053
SV1_C94305,C94305,0.9710568707838201
SV1_C55832,C55832,0.9711074575104793
SV1_C60624,C60624,0.9854386365293201
SV1_C84621,C84621,0.9428034158106585
SV1_C18629,C18629,0.892678807087659
SV1_C20423,C20423,0.926477356493935
SV1_C80486,C80486,0.8861554195699936
SV1_C90073,C90073,0.9731748842246731
SV1_C61279,C61279,0.8641270450524438
SV1_C93678,C93678,0.9997490928320301
SV1_C09090,C09090,0.897059332188378
SV1_C49237,C49237,0.9218835331151766
SV1_C54046,C54046,0.9209951197572922
SV1_C74492,C74492,0.8941722939961323
SV1_C18000,C18000,0.8979982082175486
SV1_C71474,C71474,0.8899208128758519
SV1_C22889,C22889,0.9529646711692817
SV1_C90015,C90015,0.9129183475700833
SV1_C41409,C41409,0.9989487895278241
SV1_C55906,C55906,0.9220333445114296
SV1_C88249,C88249,0.9206543337890646
SV1_C75706,C75706,0.8972682169621875
SV1_C08466,C08466,0.8704527897482062
SV1_C55821,C55821,0.9040597125015085
SV1_C12656,C12656,0.9887407056212946
SV1_C72672,C72672,0.9460047643126255
SV1_C67237,C67237,0.9562821762597633
SV1_C48620,C48620,0.8449863047134124
SV1_C65475,C65475,0.8804482509236927
SV1_C97283,C97283,0.8832789325245368
SV1_C28873,C28873,0.9217579539678727
SV1_C11436,C11436,0.9176457216808156
SV1_C35479,C35479,0.9023973733975087
SV1_C76804,C76804,0.9178092809283834
SV1_C90029,C90029,0.9931508931368598
SV1_C63699,C63699,0.9277357198404089
SV1_C46850,C46850,0.9552512657900841
SV1_C26416,C26416,0.9944261730431286
SV1_C85275,C85275,0.9509176368886536
SV1_C19839,C19839,0.8813855234978553
SV1_C43829,C43829,0.9138998725376428
SV1_C41421,C41421,0.9510681562282525
SV1_C73205,C73205,0.9906730261228368
SV1_C25281,C25281,0.9471684017853435
SV1_C19274,C19274,0.9190612941356713
SV1_C16826,C16826,0.9379744988524271
SV1_C00680,C00680,0.9391817008213581
SV1_C62436,C62436,0.9327018510175056
SV1_C16847,C16847,0.9007923501596132
SV1_C59416,C59416,0.9349451442093816
SV1_C97307,C97307,0.9230222151954075
SV1_C69718,C69718,0.9466682863040209
SV1_C07261,C07261,0.9122324408085831
SV1_C27044,C27044,0.8182672243289014
SV1_C62417,C62417,0.9038564246673855
SV1_C72632,C72632,0.9462704513640369
SV1_C72039,C72039,0.8172003955764939
SV1_C43812,C43812,0.8706319006877021
SV1_C98439,C98439,0.9756049372293546
SV1_C92469,C92469,0.9306934749844913
SV1_C87610,C87610,0.9161332294735762
SV1_C99689,C99689,0.9288921054670184
SV1_C01812,C01812,0.9815121048834038
SV1_C04822,C04822,0.9042782086066008
SV1_C94807,C94807,0.9199556341771361
SV1_C66605,C66605,0.9874315995670837
SV1_C21711,C21711,0.8788487380390481
SV1_C17438,C17438,0.9764360574429909
SV1_C87648,C87648,0.9211545581020604
SV1_C27080,C27080,0.8627915099583731
SV1_C01290,C01290,0.9753561312930243
SV1_C85893,C85893,0.9311085453308559
SV1_C85214,C85214,0.898264979483556
SV1_C34297,C34297,0.8507166415895688
SV1_C54026,C54026,0.933138914388655
SV1_C76243,C76243,0.8959126831532308
SV1_C10826,C10826,0.9315718262553511
SV1_C67876,C67876,0.9741866847552709
SV1_C94809,C94809,0.9786936260839446
SV1_C44479,C44479,0.9742638399928932
SV1_C58804,C58804,0.9454030852183148
SV1_C50495,C50495,0.9041358336030523
SV1_C11445,C11445,0.9856076292128595
SV1_C43882,C43882,0.9627568608239412
SV1_C03622,C03622,0.9399373374800067
SV1_C60019,C60019,0.9366984991313155
SV1_C79277,C79277,0.8718081739281307
SV1_C13910,C13910,0.8955041298331451
SV1_C05476,C05476,0.9472045691709062
SV1_C03097,C03097,0.9187253132177541
SV1_C99116,C99116,0.927422473048658
SV1_C75077,C75077,0.945717970716827
SV1_C76309,C76309,0.9401892922275183
SV1_C75683,C75683,0.9654944789264328
SV1_C88851,C88851,0.9953290074873937
SV1_C00046,C00046,0.9241928876956391
SV1_C19801,C19801,0.9402993772225048
SV1_C17410,C17410,0.9344653943029749
SV1_C43268,C43268,0.9503914503350217
SV1_C89466,C89466,0.9684544021579785
SV1_C60025,C60025,0.9901069132289556
SV1_C65487,C65487,0.9646036983561828
SV1_C25830,C25830,0.8936677356812932
SV1_C90046,C90046,0.9715423108868806
SV1_C64238,C64238,0.8712267065167458
SV1_C53400,C53400,0.8494920975350095
SV1_C91234,C91234,0.9301578677076818
SV1_C26441,C26441,0.8345837583755952
SV1_C82888,C82888,0.8901716593945468
SV1_C73280,C73280,0.9428047953019858
SV1_C27099,C27099,0.8786861971058941
SV1_C12038,C12038,0.9312025432436529
SV1_C91233,C91233,0.958868111990436
SV1_C30679,C30679,0.9778044458782751
SV1_C08416,C08416,0.9120772981430056
SV1_C61906,C61906,0.9975024830674396
SV1_C06021,C06021,0.936420996341247
SV1_C75693,C75693,0.9203093803996811
SV1_C90074,C90074,0.9107948506307991
SV1_C78696,C78696,0.9379293983627562
SV1_C06046,C06046,0.9361091301222325
SV1_C10800,C10800,0.9403023750829077
SV1_C30601,C30601,0.9203354885962932
SV1_C77402,C77402,0.9157792929733055
SV1_C47489,C47489,0.9097594015601925
SV1_C58204,C58204,0.9474688619554156
SV1_C60626,C60626,0.9391625802323864
SV1_C57675,C57675,0.8348075616131951
SV1_C76917,C76917,0.8656175874938276
SV1_C65442,C65442,0.8886374088422712
SV1_C81690,C81690,0.8632222473395087
SV1_C58914,C58914,0.9240785976321221
SV1_C07803,C07803,0.879144397417751
SV1_C22202,C22202,0.9083925870577709
SV1_C93688,C93688,0.9003339516533806
SV1_C61913,C61913,0.9592184826408868
SV1_C87072,C87072,0.9658242180209332
SV1_C14478,C14478,0.9975454422787932
SV1_C70233,C70233,0.9098848577800105
SV1_C33607,C33607,0.878788123423044
SV1_C50402,C50402,0.9045932409820365
SV1_C10228,C10228,0.9799766225103215
SV1_C31275,C31275,0.974617749177022
SV1_C60711,C60711,0.9000742441714835
SV1_C15682,C15682,0.993573724455625
SV1_C94874,C94874,0.9973291362317269
SV1_C62411,C62411,0.8935539504442158
SV1_C10200,C10200,0.9555069638153361
SV1_C01830,C01830,0.9284021377270762
SV1_C96081,C96081,0.9485508405078096
SV1_C30673,C30673,0.9622091553293913
SV1_C20400,C20400,0.9375769776192927
SV1_C93037,C93037,0.8695274861647245
SV1_C49217,C49217,0.9370020247227736
SV1_C96674,C96674,0.9823601305455748
SV1_C64286,C64286,0.9055874890526528
SV1_C79315,C79315,0.8898925937619029
SV1_C54016,C54016,0.8420738247277112
SV1_C12684,C12684,0.9661317305386561
SV1_C41410,C41410,0.9837162075562144
SV1_C81014,C81014,0.9071480253479883
SV1_C43852,C43852,0.9914280692514595
SV1_C64307,C64307,0.9204384561360807
SV1_C57094,C57094,0.8824327921969912
SV1_C43832,C43832,0.9240879336546423
SV1_C03705,C03705,0.9281610330317733
SV1_C10880,C10880,0.9581789069921225
SV1_C15615,C15615,0.9352262060450204
SV1_C79280,C79280,0.8571751897276841
SV1_C51617,C51617,0.8827554940594258
SV1_C75000,C75000,0.9838502237593998
SV1_C87087,C87087,0.9090178419182989
SV1_C44437,C44437,0.9440310750937546
SV1_C45646,C45646,0.9148257004262826
SV1_C73214,C73214,0.9322823860042493
SV1_C87002,C87002,0.8927205466570389
SV1_C18091,C18091,0.8746389862356413
SV1_C50477,C50477,0.9898399650708366
SV1_C50494,C50494,0.9705944429039335
SV1_C98428,C98428,0.9286804255521431
SV1_C27644,C27644,0.8616561981066747
SV1_C81110,C81110,0.901347044979434
SV1_C89513,C89513,0.9943799973169724
SV1_C82281,C82281,0.8885708864253644
SV1_C77517,C77517,0.9154227461636641
SV1_C49241,C49241,0.9058486497282469
SV1_C29501,C29501,0.819596382845841
SV1_C43806,C43806,0.942998439409811
SV1_C30080,C30080,0.9664821173243398
SV1_C70909,C70909,0.9841942748542678
SV1_C84091,C84091,0.8631481588161197
SV1_C37821,C37821,0.9997191369487338
SV1_C54699,C54699,0.8996225140143085
SV1_C05430,C05430,0.9823276993425806
SV1_C86510,C86510,0.9173336809484884
SV1_C59480,C59480,0.87073450454127
SV1_C03090,C03090,0.9958319042717065
SV1_C94818,C94818,0.9277413656376883
SV1_C57002,C57002,0.9858593708856873
SV1_C72622,C72622,0.9784758324345313
SV1_C54117,C54117,0.9656563275177609
SV1_C35512,C35512,0.9043395319367546
SV1_C66086,C66086,0.9627477911686049
SV1_C58879,C58879,0.8374000605710522
SV1_C43301,C43301,0.995412276704417
SV1_C22314,C22314,0.8846218891299853
SV1_C22290,C22290,0.8958130953398967
SV1_C77493,C77493,0.8721679133019171
SV1_C93049,C93049,0.9234043182089403
SV1_C63705,C63705,0.9826812186704155
SV1_C10814,C10814,0.8684384238575665
SV1_C71514,C71514,0.9184769778847159
SV1_C45658,C45658,0.9676111544483302
SV1_C95428,C95428,0.9075758263370868
SV1_C61218,C61218,0.965805732595948
SV1_C81614,C81614,0.913780720845505
SV1_C09622,C09622,0.9928275784073747
SV1_C59401,C59401,0.9639477081786706
SV1_C26499,C26499,0.91379004621598
SV1_C28908,C28908,0.875414010087444
SV1_C46874,C46874,0.9523678047338654
SV1_C91833,C91833,0.9041624294037558
SV1_C60718,C60718,0.8650567505335304
SV1_C18684,C18684,0.9673903662514705
SV1_C91235,C91235,0.9402911464962866
SV1_C29499,C29499,0.9982906420980441
SV1_C92507,C92507,0.8461312406184782
SV1_C61802,C61802,0.9518830686270199
SV1_C76288,C76288,0.8906407189475934
SV1_C60003,C60003,0.9332370588088538
SV1_C12650,C12650,0.8702157625118319
SV1_C03624,C03624,0.9562767322491508
SV1_C71498,C71498,0.9177872297290467
SV1_C91286,C91286,0.9185093830081299
SV1_C91311,C91311,0.8660699964652355
SV1_C43856,C43856,0.9914791937677943
SV1_C70895,C70895,0.9860358140607541
SV1_C46272,C46272,0.9870407622688616
SV1_C53420,C53420,0.910758640407282
SV1_C21600,C21600,0.8713367557812575
SV1_C96003,C96003,0.9316938467316799
SV1_C15072,C15072,0.9369028452603603
SV1_C53499,C53499,0.9236933085189801
SV1_C25890,C25890,0.9470025779098046
SV1_C58819,C58819,0.9411062009982065
SV1_C00010,C00010,0.9700607499212953
SV1_C40202,C40202,0.9615451122714087
SV1_C23482,C23482,0.8992832114466157
SV1_C99006,C99006,0.9463696864982977
SV1_C47446,C47446,0.8845612416078736
SV1_C04202,C04202,0.9302688836331248
SV1_C16221,C16221,0.9950129072776789
SV1_C100311,C100311,0.9127719410978504
SV1_C06113,C06113,0.9062994670846553
SV1_C48080,C48080,0.9341285331643872
SV1_C43249,C43249,0.9933879439007687
SV1_C99109,C99109,0.9440705086399453
SV1_C35494,C35494,0.9144938569167482
SV1_C55811,C55811,0.8864654385028365
SV1_C98419,C98419,0.9294162614563849
SV1_C63613,C63613,0.924228715067905
SV1_C47437,C47437,0.971650098675858
SV1_C27642,C27642,0.8952571855952692
SV1_C15641,C15641,0.9107388077222688
SV1_C40214,C40214,0.9511838388389533
SV1_C94272,C94272,0.9244598905509485
SV1_C91813,C91813,0.9500703846977794
SV1_C09043,C09043,0.9086325810375862
SV1_C10887,C10887,0.9654325241160899
SV1_C59515,C59515,0.8787974926447999
SV1_C46892,C46892,0.9522580373941888
SV1_C56429,C56429,0.9322379702434991
SV1_C93639,C93639,0.9275967373213253
SV1_C82212,C82212,0.9385703023574015
SV1_C60619,C60619,0.933491038636741
SV1_C96686,C96686,0.9626661391696283
SV1_C06718,C06718,0.9272781077838129
SV1_C10238,C10238,0.9290036722516553
SV1_C72105,C72105,0.8683488385973811
SV1_C67316,C67316,0.935387503423086
SV1_C19293,C19293,0.9112857214254991
SV1_C09075,C09075,0.9593474777304625
SV1_C33112,C33112,0.8637171330010179
SV1_C24637,C24637,0.9704589287309201
SV1_C01914,C01914,0.922186766672873
SV1_C22223,C22223,0.8543812721168864
SV1_C85903,C85903,0.8655114727039254
SV1_C13899,C13899,0.9903372134042169
SV1_C92501,C92501,0.9912555877178071
SV1_C89414,C89414,0.961645376301674
SV1_C96104,C96104,0.9389551724221563
SV1_C08510,C08510,0.885789635716137
SV1_C89410,C89410,0.9366811191076663
SV1_C25907,C25907,0.9206830300552147
SV1_C91820,C91820,0.895313301742349
SV1_C90021,C90021,0.9112718022033327
SV1_C58828,C58828,0.9661243282368507
SV1_C71437,C71437,0.8674249709426
SV1_C84006,C84006,0.9492906507119178
SV1_C64886,C64886,0.9322265675451675
SV1_C03630,C03630,0.9184418407121532
SV1_C56507,C56507,0.9909332863754293
SV1_C12696,C12696,0.9845194114419367
SV1_C12029,C12029,0.9368378935225035
SV1_C45666,C45666,0.9198192374464292
SV1_C67306,C67306,0.9977191191185977
SV1_C85815,C85815,0.9221189929962524
SV1_C51039,C51039,0.8109725851845055
SV1_C29497,C29497,0.8217394521786032
SV1_C34822,C34822,0.9941593544345019
SV1_C76816,C76816,0.8815454808062047
SV1_C93677,C93677,0.9654687481085075
SV1_C94882,C94882,0.9955492064361391
SV1_C89439,C89439,0.948302444393132
SV1_C91814,C91814,0.9704033846575149
SV1_C27636,C27636,0.9709448419622674
SV1_C07249,C07249,0.9454746365699449
SV1_C67240,C67240,0.9029422380941611
SV1_C48660,C48660,0.8922990839477724
SV1_C65508,C65508,0.925072794887873
SV1_C06694,C06694,0.9513339552745652
SV1_C22236,C22236,0.9992023785636485
SV1_C93110,C93110,0.9706384372617551
SV1_C44459,C44459,0.9994988746439535
SV1_C84693,C84693,0.9058731100210305
SV1_C09096,C09096,0.948218858077532
SV1_C62477,C62477,0.9582692160865929
SV1_C54709,C54709,0.9791509726108972
SV1_C18090,C18090,0.9914048396118468
SV1_C43816,C43816,0.8252741013965593
SV1_C30114,C30114,0.8624336646481965
SV1_C51096,C51096,0.9296578195560885
SV1_C48086,C48086,0.9238504714177098
SV1_C87682,C87682,0.9060993253626882
SV1_C49214,C49214,0.9364968741953158
SV1_C16206,C16206,0.9356184578594955
SV1_C87677,C87677,0.9633507159278435
SV1_C04887,C04887,0.9230292250844855
SV1_C45095,C45095,0.8269385020151092
SV1_C73885,C73885,0.9312895620939804
SV1_C45631,C45631,0.8353701137837314
SV1_C07850,C07850,0.9920852237289479
SV1_C47502,C47502,0.9561550806836983
SV1_C69040,C69040,0.9370771511252186
SV1_C91840,C91840,0.9021562006795666
SV1_C80519,C80519,0.9391596749388773
SV1_C72696,C72696,0.8912424059935679
SV1_C98434,C98434,0.8977535143621634
SV1_C93644,C93644,0.8329500841721347
SV1_C27115,C27115,0.8043262745565635
SV1_C88829,C88829,0.9991397372174977
SV1_C66700,C66700,0.9159707785764682
SV1_C19876,C19876,0.9017430749918943
SV1_C59402,C59402,0.9831965087236811
SV1_C28885,C28885,0.8878326341650811
SV1_C82297,C82297,0.8875599533476568
SV1_C72644,C72644,0.9157693230141795
SV1_C19845,C19845,0.9466223644269801
SV1_C42621,C42621,0.9144230078084263
SV1_C19833,C19833,0.8759466204934759
SV1_C58275,C58275,0.8349975867919783
SV1_C47479,C47479,0.9831629000130421
SV1_C78037,C78037,0.954858855783512
SV1_C94843,C94843,0.8889808126273627
SV1_C45114,C45114,0.9275404806005131
SV1_C100241,C100241,0.9328453275410137
SV1_C01243,C01243,0.9721517273167994
SV1_C00611,C00611,0.9811367902443854
SV1_C73220,C73220,0.92610245750903
SV1_C59510,C59510,0.945939196556758
SV1_C44409,C44409,0.8884948822009926
SV1_C62475,C62475,0.8769285566950865
SV1_C61900,C61900,0.9195597017529633
SV1_C13848,C13848,0.9296854681031744
SV1_C66001,C66001,0.9815389459849456
SV1_C91863,C91863,0.9763006731188875
SV1_C86483,C86483,0.9272285973049346
SV1_C74485,C74485,0.9287817167618663
SV1_C73851,C73851,0.9242750785656239
SV1_C54100,C54100,0.9844288362819859
SV1_C12107,C12107,0.9447594723395952
SV1_C52284,C52284,0.9727092836482206
SV1_C42015,C42015,0.9087569483458409
SV1_C00040,C00040,0.9473427741882322
SV1_C89494,C89494,0.9317563531183398
SV1_C51045,C51045,0.9155797260476637
SV1_C35423,C35423,0.967546110695539
SV1_C08488,C08488,0.8653164716147312
SV1_C60709,C60709,0.9581459755099799
SV1_C67318,C67318,0.9993999425366146
SV1_C35509,C35509,0.9251916352801947
SV1_C46260,C46260,0.9799529399580195
SV1_C94811,C94811,0.9187728328858984
SV1_C17431,C17431,0.876676987514606
SV1_C25278,C25278,0.9481018764841898
SV1_C86482,C86482,0.8929652359312034
SV1_C16202,C16202,0.932592276885589
SV1_C27609,C27609,0.9744814624840812
SV1_C24000,C24000,0.9014203412935783
SV1_C69078,C69078,0.9555767389964889
SV1_C13864,C13864,0.9296530402510427
SV1_C07816,C07816,0.9141951652972382
SV1_C48713,C48713,0.9569846944692667
SV1_C06007,C06007,0.9443255667360715
SV1_C98499,C98499,0.906485610902183
SV1_C11451,C11451,0.8869369374379065
SV1_C93704,C93704,0.9398957018901333
SV1_C32423,C32423,0.8490960596554455
SV1_C07813,C07813,0.9561135831758772
SV1_C82282,C82282,0.913087308683645
SV1_C01882,C01882,0.8883730632638477
SV1_C10810,C10810,0.8754199525222897
SV1_C72000,C72000,0.9982367182821861
SV1_C51073,C51073,0.9888437389523804
SV1_C27084,C27084,0.8703901684863813
SV1_C75090,C75090,0.8407586360918458
SV1_C80403,C80403,0.9634271271657916
SV1_C06642,C06642,0.8996080243297079
SV1_C08487,C08487,0.9393608408745423
SV1_C21682,C21682,0.8703431079696751
SV1_C62472,C62472,0.9698937832557103
SV1_C52206,C52206,0.9023013247640512
SV1_C44475,C44475,0.9711418782225189
SV1_C26502,C26502,0.9831775030390215
SV1_C24633,C24633,0.9543646755402739
SV1_C54075,C54075,0.9792727566512064
SV1_C33113,C33113,0.8519621412120622
SV1_C85273,C85273,0.9889768073905543
SV1_C09639,C09639,0.9182006235661042
SV1_C66046,C66046,0.9500375844274809
SV1_C67233,C67233,0.9857768660048744
SV1_C67815,C67815,0.9593314909031954
SV1_C46267,C46267,0.9406975987924668
SV1_C23490,C23490,0.8985496517866037
SV1_C100283,C100283,0.8240781132920926
SV1_C56492,C56492,0.9091094777873701
SV1_C93072,C93072,0.8506571444017295
SV1_C79319,C79319,0.941221451262407
SV1_C78025,C78025,0.9826534492309466
SV1_C58246,C58246,0.9133812724463123
SV1_C53488,C53488,0.8756272413875764
SV1_C13829,C13829,0.897156112834438
SV1_C85810,C85810,0.8914840034678302
SV1_C22214,C22214,0.9222521157019482
SV1_C63115,C63115,0.8650979921566506
SV1_C63111,C63111,0.89764132192722
SV1_C33694,C33694,0.9243547661882666
SV1_C04245,C04245,0.9793460940236468
SV1_C76293,C76293,0.906499524860018
SV1_C70831,C70831,0.8986695975991204
SV1_C61874,C61874,0.9951057463950711
SV1_C84103,C84103,0.9834355186618474
SV1_C92446,C92446,0.9443508731710503
SV1_C97886,C97886,0.9207910486167007
SV1_C54685,C54685,0.9014483595621597
SV1_C16282,C16282,0.9892605235298259
SV1_C95512,C95512,0.9349788000474517
SV1_C58241,C58241,0.8268894862145171
SV1_C32511,C32511,0.9744394962933689
SV1_C44401,C44401,0.890490272848197
SV1_C64242,C64242,0.9238644872282381
SV1_C54118,C54118,0.9873771351977946
SV1_C67918,C67918,0.9975556223002823
SV1_C94237,C94237,0.9161666389622555
SV1_C56489,C56489,0.9849056485967714
SV1_C51006,C51006,0.9060359569124157
SV1_C00615,C00615,0.9685605245744404
SV1_C01894,C01894,0.8901105771412874
SV1_C78067,C78067,0.9559542677932695
SV1_C13913,C13913,0.8777958049494291
SV1_C64835,C64835,0.8446631161825183
SV1_C19273,C19273,0.9229140588423204
SV1_C67839,C67839,0.8963096851093674
SV1_C09678,C09678,0.945779616941459
SV1_C06634,C06634,0.9857824288567552
SV1_C44434,C44434,0.9341828373106794
SV1_C28884,C28884,0.9081182350239165
SV1_C34279,C34279,0.9002000938107284
SV1_C36022,C36022,0.980907754044585
SV1_C95501,C95501,0.9735332567479938
SV1_C43289,C43289,0.9277738942528011
SV1_C55291,C55291,0.8666432376362438
SV1_C25895,C25895,0.8990348134639288
SV1_C93641,C93641,0.9337037760559027
SV1_C72096,C72096,0.8784671452529464
SV1_C94203,C94203,0.913808524041964
SV1_C45066,C45066,0.9227498843788441
SV1_C79811,C79811,0.9544952574550338
SV1_C99699,C99699,0.8754706319882155
SV1_C66603,C66603,0.9503309168958067
SV1_C86458,C86458,0.9295235271803511
SV1_C61801,C61801,0.9310012995304802
SV1_C15691,C15691,0.9062464983694105
SV1_C12079,C12079,0.890467972784009
SV1_C43208,C43208,0.8696485807403067
SV1_C16839,C16839,0.9506385717461001
SV1_C91895,C91895,0.9712629234348376
SV1_C27688,C27688,0.8734272222499665
SV1_C49245,C49245,0.9685844481289868
SV1_C64808,C64808,0.9556121875705247
SV1_C03603,C03603,0.9998193853072371
SV1_C26422,C26422,0.9184432508867509
SV1_C10856,C10856,0.8997829297800829
SV1_C57682,C57682,0.880952105428086
SV1_C93703,C93703,0.9314364929716925
SV1_C13818,C13818,0.921120717704345
SV1_C19814,C19814,0.9078841668199448
SV1_C69637,C69637,0.8831668376889957
SV1_C36012,C36012,0.8953979775091777
SV1_C67837,C67837,0.9571512544386226
SV1_C81608,C81608,0.9458795637500013
SV1_C13212,C13212,0.8489391369058336
SV1_C34287,C34287,0.8847667142964933
SV1_C46914,C46914,0.9213636320747259
SV1_C18645,C18645,0.9404531652311654
SV1_C73288,C73288,0.8602411393594827
SV1_C06620,C06620,0.9476455541252794
SV1_C22814,C22814,0.9248990413529365
SV1_C14431,C14431,0.8458002766547154
SV1_C48038,C48038,0.9159196221889254
SV1_C87027,C87027,0.8639663476334583
SV1_C54095,C54095,0.9276333620805917
SV1_C76239,C76239,0.9275219555976268
SV1_C67245,C67245,0.9135355131072829
SV1_C62512,C62512,0.9306720088582775
SV1_C16222,C16222,0.9624036183382174
SV1_C43906,C43906,0.9724835214444126
SV1_C58302,C58302,0.9518974843510158
SV1_C06698,C06698,0.8955096449875594
SV1_C31317,C31317,0.8516154811854697
SV1_C11446,C11446,0.9163804989384741
SV1_C29415,C29415,0.8965849686695765
SV1_C70807,C70807,0.9472553669451795
SV1_C75049,C75049,0.9024248328248266
SV1_C78032,C78032,0.9720037469719662
SV1_C90095,C90095,0.9982004705453076
SV1_C05423,C05423,0.9606210342570041
SV1_C66619,C66619,0.9275214363709274
SV1_C20410,C20410,0.9037881267975121
SV1_C90026,C90026,0.9614178186082006
SV1_C69041,C69041,0.9188076900486007
SV1_C11486,C11486,0.8777843520336492
SV1_C67822,C67822,0.9362799586444461
SV1_C78106,C78106,0.9123761121580569
SV1_C34810,C34810,0.9546728986552356
SV1_C81008,C81008,0.9421261405334683
SV1_C04917,C04917,0.8525178714225289
SV1_C49800,C49800,0.9670312571406712
SV1_C83474,C83474,0.9846935177467206
SV1_C43869,C43869,0.9767279028929668
SV1_C21717,C21717,0.9622279177204844
SV1_C12080,C12080,0.8912537999732483
SV1_C90647,C90647,0.9120199777200353
SV1_C03712,C03712,0.9038711746062645
SV1_C58842,C58842,0.8677625064724049
SV1_C10293,C10293,0.9631199146242976
SV1_C84701,C84701,0.8738415679499761
SV1_C58909,C58909,0.9647021700945778
SV1_C17406,C17406,0.9291578267545252
SV1_C73815,C73815,0.8510610530744076
SV1_C79821,C79821,0.981166774321711
SV1_C96007,C96007,0.931478939010585
SV1_C85284,C85284,0.9507339072637585
SV1_C67878,C67878,0.9607393562868356
SV1_C31309,C31309,0.8551408387551359
SV1_C48654,C48654,0.9377823157564606
SV1_C87609,C87609,0.9331782485297448
SV1_C78024,C78024,0.9773724686913368
SV1_C16238,C16238,0.9945652935809356
SV1_C20439,C20439,0.9314236962331075
SV1_C24102,C24102,0.9936929463374281
SV1_C78662,C78662,0.861785137286369
SV1_C48696,C48696,0.9067590325240422
SV1_C76274,C76274,0.934481212285796
SV1_C24600,C24600,0.906284828010116
SV1_C66610,C66610,0.946179704482923
SV1_C91804,C91804,0.8937723343737358
SV1_C64881,C64881,0.985912409626802
SV1_C13823,C13823,0.9483414679871564
SV1_C47433,C47433,0.9857233674117112
SV1_C100239,C100239,0.8950289298221659
SV1_C51094,C51094,0.9780502202949611
SV1_C65498,C65498,0.9880341739793722
SV1_C68405,C68405,0.9997280941646987
SV1_C17495,C17495,0.951935824737611
SV1_C49900,C49900,0.9533114846010706
SV1_C48661,C48661,0.9251781693619299
SV1_C75108,C75108,0.9170406513354653
SV1_C82319,C82319,0.9290363817605801
SV1_C07829,C07829,0.9991848546401866
SV1_C88855,C88855,0.9957046982340478
SV1_C76292,C76292,0.8677601174569219
SV1_C66116,C66116,0.9387760082885135
SV1_C29413,C29413,0.918788440240819
SV1_C12018,C12018,0.8985141682727921
SV1_C43272,C43272,0.9875352503811852
SV1_C83416,C83416,0.9038855229684108
SV1_C45015,C45015,0.9876703411274649
SV1_C24715,C24715,0.8431124457916379
SV1_C19836,C19836,0.8627144599715049
SV1_C72032,C72032,0.9450934316092618
SV1_C16841,C16841,0.944289357565945
SV1_C37818,C37818,0.9390939223627857
SV1_C27105,C27105,0.9088367697243545
SV1_C85310,C85310,0.9009913334918564
SV1_C94835,C94835,0.9665952842923199
SV1_C79894,C79894,0.9455826263922821
SV1_C13877,C13877,0.8646984233436691
SV1_C66707,C66707,0.9097018381135231
SV1_C78006,C78006,0.9422311440902529
SV1_C03009,C03009,0.9902961119114113
SV1_C86475,C86475,0.9307844478117694
SV1_C34815,C34815,0.8588906598623947
SV1_C59497,C59497,0.939977030226369
SV1_C07282,C07282,0.9437358484882085
SV1_C30693,C30693,0.9906434644755227
SV1_C75652,C75652,0.8427441795736815
SV1_C26434,C26434,0.8696722581815574
SV1_C46851,C46851,0.9781167625516409
SV1_C97297,C97297,0.962339101690832
SV1_C66012,C66012,0.9483142581654427
SV1_C94879,C94879,0.9169376312292201
SV1_C13251,C13251,0.9085110193239204
SV1_C17419,C17419,0.9137086060341771
SV1_C77429,C77429,0.9997086972673951
SV1_C93018,C93018,0.9139291522445159
SV1_C36600,C36600,0.9168672645572046
SV1_C02500,C02500,0.9235260405099924
SV1_C13262,C13262,0.8935237542445116
SV1_C48096,C48096,0.9496543409539051
SV1_C78698,C78698,0.9169837188933974
SV1_C19887,C19887,0.9708016085503379
SV1_C54645,C54645,0.962099566308966
SV1_C67225,C67225,0.9874075574159386
SV1_C56432,C56432,0.9257047662477034
SV1_C49255,C49255,0.9049988797816138
SV1_C49833,C49833,0.8782132384360173
SV1_C84075,C84075,0.9250550314913503
SV1_C49804,C49804,0.9669575484275127
SV1_C85288,C85288,0.8707500550926534
SV1_C76858,C76858,0.8927340284351376
SV1_C58904,C58904,0.9344255270915973
SV1_C24031,C24031,0.9931333154717173
SV1_C53407,C53407,0.8784191145233702
SV1_C74509,C74509,0.9054404956308696
SV1_C79209,C79209,0.9199610989949271
SV1_C74502,C74502,0.9152086390335868
SV1_C61200,C61200,0.9211056516105819
SV1_C07232,C07232,0.9865592899726021
SV1_C93104,C93104,0.9939235709462534
SV1_C12702,C12702,0.9187126239093238
SV1_C97917,C97917,0.9851672440385132
SV1_C88853,C88853,0.9263496451667046
SV1_C77516,C77516,0.9206220266706034
SV1_C99623,C99623,0.8966723316006318
SV1_C84676,C84676,0.9247700633835915
SV1_C10216,C10216,0.8991457650328076
SV1_C82803,C82803,0.9906333002256861
SV1_C46258,C46258,0.9659652010776308
SV1_C28905,C28905,0.8239862309564498
SV1_C91803,C91803,0.9006722831868694
SV1_C53473,C53473,0.9689561258135153
SV1_C78017,C78017,0.8857389453939523
SV1_C12096,C12096,0.9997739847272823
SV1_C03612,C03612,0.9616948369013101
SV1_C88878,C88878,0.9092557639550688
SV1_C48716,C48716,0.9593871186572235
SV1_C81621,C81621,0.9791744399760541
SV1_C00020,C00020,0.9996025585975283
SV1_C92494,C92494,0.8555457831940104
SV1_C18095,C18095,0.9350661530414716
SV1_C87622,C87622,0.9008861790184619
SV1_C88273,C88273,0.9647415805982462
SV1_C46296,C46296,0.9904775336137773
SV1_C87007,C87007,0.8450479595402085
SV1_C100240,C100240,0.9284624872645357
SV1_C69036,C69036,0.9391452469202569
SV1_C78624,C78624,0.9413831667512096
SV1_C78057,C78057,0.9265871328279967
SV1_C46809,C46809,0.9471359951035626
SV1_C62502,C62502,0.9929059089192757
SV1_C57619,C57619,0.9429084618976473
SV1_C57629,C57629,0.9501998760906323
SV1_C95493,C95493,0.9216460184446865
SV1_C50424,C50424,0.8939227577295544
SV1_C20406,C20406,0.9039240812303648
SV1_C67883,C67883,0.897371593815127
SV1_C96635,C96635,0.9870317959861395
SV1_C35506,C35506,0.9208972390109678
SV1_C35508,C35508,0.9225949927995235
SV1_C90633,C90633,0.984154254031434
SV1_C31202,C31202,0.9189765344164498
SV1_C16832,C16832,0.9394101934167098
SV1_C87678,C87678,0.900305834125231
SV1_C95416,C95416,0.9474635231352369
SV1_C51026,C51026,0.8537553116701525
SV1_C48070,C48070,0.937892480343728
SV1_C51625,C51625,0.9177574187656921
SV1_C48608,C48608,0.9993607357014113
SV1_C61820,C61820,0.9381476464871173
SV1_C72711,C72711,0.9925920101936304
SV1_C00044,C00044,0.9914849187580792
SV1_C52214,C52214,0.9132212500880913
SV1_C88870,C88870,0.9327853490187081
SV1_C83519,C83519,0.9011737505826114
SV1_C00025,C00025,0.9662053149341318
SV1_C06605,C06605,0.9273753928387797
SV1_C25828,C25828,0.9029407492569366
SV1_C94825,C94825,0.8885906452840058
SV1_C21641,C21641,0.9586077623281258
SV1_C14485,C14485,0.8511116793184658
SV1_C86456,C86456,0.9405764923931278
SV1_C02407,C02407,0.9954909274661413
SV1_C85882,C85882,0.9624667243855056
SV1_C48055,C48055,0.9320286948030365
SV1_C67243,C67243,0.9373314634632948
SV1_C54634,C54634,0.9472803593962335
SV1_C92457,C92457,0.9481747291811011
SV1_C97289,C97289,0.9714652533206597
SV1_C77519,C77519,0.8627672973296223
SV1_C99643,C99643,0.8993832368862423
SV1_C18674,C18674,0.9083353901048447
SV1_C58308,C58308,0.9740886552137777
SV1_C95505,C95505,0.9718950658882914
SV1_C97824,C97824,0.8849925960731422
SV1_C19227,C19227,0.8669189822098727
SV1_C27629,C27629,0.9880638334592509
SV1_C88914,C88914,0.946530333849276
SV1_C09024,C09024,0.9887611195600194
SV1_C77514,C77514,0.8241658547302098
SV1_C05411,C05411,0.950756517186051
SV1_C92499,C92499,0.8482395857978489
SV1_C93007,C93007,0.9528959489312806
SV1_C12636,C12636,0.9164674932719682
SV1_C43284,C43284,0.9769752082992815
SV1_C49249,C49249,0.9506650135855809
SV1_C08434,C08434,0.9535333366074865
SV1_C12040,C12040,0.8981348735591611
SV1_C22803,C22803,0.9830031025626788
SV1_C42612,C42612,0.9603205419058913
SV1_C77496,C77496,0.9580972966646635
SV1_C15025,C15025,0.9183109255929154
SV1_C92473,C92473,0.8877241923183434
SV1_C88815,C88815,0.8971714334871717
SV1_C43216,C43216,0.8113592199636525
SV1_C04279,C04279,0.9107813605521308
SV1_C69619,C69619,0.9404038923569435
SV1_C03614,C03614,0.944251808440618
SV1_C81085,C81085,0.8435173466594241
SV1_C11470,C11470,0.9271715524431835
SV1_C70293,C70293,0.9847621867331839
SV1_C78644,C78644,0.9387671793956964
SV1_C54697,C54697,0.9846700443316977
SV1_C51719,C51719,0.9373305400142797
SV1_C60075,C60075,0.8405178651315018
SV1_C96685,C96685,0.9254674756391752
SV1_C19245,C19245,0.9096288096488859
SV1_C71472,C71472,0.9402413470450629
SV1_C84102,C84102,0.8788610521784592
SV1_C61278,C61278,0.9916896886226143
SV1_C82884,C82884,0.9035575431718471
SV1_C00640,C00640,0.9513197468822848
SV1_C62403,C62403,0.8962291825697172
SV1_C08508,C08508,0.9154914688200885
SV1_C97831,C97831,0.9997816775746368
SV1_C16892,C16892,0.9532875581910824
SV1_C30010,C30010,0.9312349377342038
SV1_C27633,C27633,0.9895332415696967
SV1_C66075,C66075,0.8782232681976517
SV1_C77444,C77444,0.9560591699624552
SV1_C21697,C21697,0.9432484103714568
SV1_C88289,C88289,0.9590625062254311
SV1_C22295,C22295,0.9229373864923485
SV1_C10836,C10836,0.9409369415313211
SV1_C33014,C33014,0.9216120931571253
SV1_C45079,C45079,0.9787307385513175
SV1_C09655,C09655,0.9005948483674632
SV1_C39022,C39022,0.9859192208038055
SV1_C45685,C45685,0.9900994296469318
SV1_C15695,C15695,0.9669907578252768
SV1_C63633,C63633,0.8899460313127042
SV1_C27030,C27030,0.9092800612855052
SV1_C69639,C69639,0.8724985074461784
SV1_C40817,C40817,0.945727239595496
SV1_C59423,C59423,0.8590461780042613
SV1_C76854,C76854,0.8940352621936176
SV1_C55808,C55808,0.9681503151785787
SV1_C10859,C10859,0.921894736541297
SV1_C63108,C63108,0.9452727698883145
SV1_C13838,C13838,0.8945584005735158
SV1_C10319,C10319,0.9644182033656696
SV1_C57611,C57611,0.9469854565383351
SV1_C100214,C100214,0.8836824141306328
SV1_C12112,C12112,0.918964100115014
SV1_C100201,C100201,0.9050495070815309
SV1_C46295,C46295,0.8312924150544652
SV1_C64200,C64200,0.9333884216894418
SV1_C74413,C74413,0.9801598216886233
SV1_C66614,C66614,0.925181221726112
SV1_C51678,C51678,0.9027812557402696
SV1_C05435,C05435,0.8757129068823161
SV1_C91889,C91889,0.915302169786023
SV1_C48688,C48688,0.9300432334889235
SV1_C55872,C55872,0.9116411484956157
SV1_C24611,C24611,0.9921108161789746
SV1_C48026,C48026,0.9285071957223665
SV1_C94217,C94217,0.9336964323995064
SV1_C55204,C55204,0.9306618471448606
SV1_C04222,C04222,0.9422550035878519
SV1_C48693,C48693,0.9945976875915327
SV1_C70843,C70843,0.986661577865395
SV1_C26410,C26410,0.9466489193726761
SV1_C09041,C09041,0.8835844993843173
SV1_C60098,C60098,0.9809452858454549
SV1_C54639,C54639,0.9390608303477379
SV1_C09069,C09069,0.9811773322388965
SV1_C91853,C91853,0.919865372211204
SV1_C20431,C20431,0.8740421531807249
SV1_C87657,C87657,0.9432527987761015
SV1_C94213,C94213,0.9657738633693785
SV1_C12662,C12662,0.8998828298690387
SV1_C48113,C48113,0.9183953073878732
SV1_C28911,C28911,0.9921024732568536
SV1_C90007,C90007,0.8793061185320717
SV1_C76316,C76316,0.8605983948502792
SV1_C95491,C95491,0.8927263460062225
SV1_C91315,C91315,0.8408983891584731
SV1_C03110,C03110,0.888928657420405
SV1_C04914,C04914,0.9158604541534551
SV1_C13896,C13896,0.8903722037005086
SV1_C15002,C15002,0.9357606758101148
SV1_C91898,C91898,0.9391896045050149
SV1_C61296,C61296,0.9192101709635189
SV1_C27004,C27004,0.9296071982938496
SV1_C10309,C10309,0.9397641899849991
SV1_C08518,C08518,0.9154938248566722
SV1_C60633,C60633,0.9935099821396692
SV1_C55280,C55280,0.8804978215921364
SV1_C45050,C45050,0.9653364656710016
SV1_C09065,C09065,0.8833588608040479
SV1_C04305,C04305,0.9341149125392484
SV1_C65417,C65417,0.9227693428932181
SV1_C72607,C72607,0.8622096438871379
SV1_C93100,C93100,0.9953993201077781
SV1_C43217,C43217,0.801628489941969
SV1_C55221,C55221,0.8850000140429184
SV1_C52804,C52804,0.8555284466511208
SV1_C09091,C09091,0.9707282701383548
SV1_C21083,C21083,0.9401465835291053
SV1_C92463,C92463,0.9886037097012538
SV1_C59445,C59445,0.8903060290230347
SV1_C82316,C82316,0.9365243573672909
SV1_C04880,C04880,0.9891538376288493
SV1_C75705,C75705,0.9406914217399602
SV1_C19874,C19874,0.8780118916914216
SV1_C29494,C29494,0.9298658752440032
SV1_C100316,C100316,0.8929264933148111
SV1_C07888,C07888,0.8660718054611827
SV1_C80517,C80517,0.9291348852879378
SV1_C72614,C72614,0.9333661885297806
SV1_C75614,C75614,0.90987190978904
SV1_C32501,C32501,0.852516011611732
SV1_C82877,C82877,0.8962391340056057
SV1_C53401,C53401,0.871514092127933
SV1_C97878,C97878,0.9404356082028021
SV1_C30073,C30073,0.9506668544160825
SV1_C93043,C93043,0.877887431475137
SV1_C78707,C78707,0.9674975507045392
SV1_C63091,C63091,0.9507410308991254
SV1_C12620,C12620,0.9449577796697564
SV1_C85219,C85219,0.9261522381000804
SV1_C27092,C27092,0.9632326245557008
SV1_C67282,C67282,0.968548719648305
SV1_C50502,C50502,0.8671138103859907
SV1_C09018,C09018,0.9276379512689203
SV1_C64882,C64882,0.9220230152325573
SV1_C89510,C89510,0.9241528823239006
SV1_C74450,C74450,0.953332347147567
SV1_C99094,C99094,0.9313064430871127
SV1_C72088,C72088,0.8440923004702189
SV1_C84696,C84696,0.8862932415487202
SV1_C73853,C73853,0.9042661078112388
SV1_C09059,C09059,0.9152059385455396
SV1_C08462,C08462,0.9702502742267051
SV1_C78047,C78047,0.8037323442818087
SV1_C72712,C72712,0.9251210796295468
SV1_C61205,C61205,0.9477228777776042
SV1_C30617,C30617,0.8993302431187639
SV1_C05519,C05519,0.9276918529157372
SV1_C72076,C72076,0.944508668200817
SV1_C100207,C100207,0.909099873609034
SV1_C87094,C87094,0.9123556168428805
SV1_C04216,C04216,0.9152362139001299
SV1_C16888,C16888,0.8937842609111479
SV1_C54086,C54086,0.8752119728607469
SV1_C04226,C04226,0.8964862968627385
SV1_C87705,C87705,0.9456053410414904
SV1_C45031,C45031,0.8393978405858801
SV1_C91807,C91807,0.9002565732753319
SV1_C25295,C25295,0.9109183588057745
SV1_C55879,C55879,0.9095962117009303
SV1_C25873,C25873,0.9122991685048073
SV1_C88821,C88821,0.8968611884663981
SV1_C46852,C46852,0.9803101636436418
SV1_C25918,C25918,0.9758063349717566
SV1_C01818,C01818,0.9154855537098816
SV1_C01291,C01291,0.8750908952812664
SV1_C24086,C24086,0.9273984431708783
SV1_C24084,C24084,0.9960935978825574
SV1_C77449,C77449,0.9200063096984642
SV1_C03105,C03105,0.9152950443491387
SV1_C78071,C78071,0.9362210512802064
SV1_C73808,C73808,0.9951940376653078
SV1_C69621,C69621,0.9527454277703925
SV1_C52298,C52298,0.8772219091330765
SV1_C77462,C77462,0.8644028020878779
SV1_C85304,C85304,0.8289381839837858
SV1_C89416,C89416,0.9341224319078677
SV1_C13822,C13822,0.9918564110344235
SV1_C06707,C06707,0.918030062260763
SV1_C71518,C71518,0.9888870494993925
SV1_C51077,C51077,0.9895815510424381
SV1_C99117,C99117,0.9222463441024382
SV1_C70809,C70809,0.9859143476703109
SV1_C46243,C46243,0.9107101526272242
SV1_C01205,C01205,0.9984194658559801
SV1_C58303,C58303,0.9158073865923394
SV1_C50442,C50442,0.9595431358824219
SV1_C97847,C97847,0.9652745709010719
SV1_C01916,C01916,0.8489297821754292
SV1_C01208,C01208,0.9921705368650799
SV1_C30095,C30095,0.9456965405768636
SV1_C54630,C54630,0.9484082262341563
SV1_C57627,C57627,0.8814080018366562
SV1_C74493,C74493,0.9315640508525328
SV1_C28216,C28216,0.8934145838406927
SV1_C51081,C51081,0.9890538272269249
SV1_C87607,C87607,0.8521943307769745
SV1_C09032,C09032,0.986465304848148
SV1_C29511,C29511,0.9928204091075326
SV1_C26428,C26428,0.8542852261269668
SV1_C22809,C22809,0.8987684146707878
SV1_C88203,C88203,0.8538532399698646
SV1_C34319,C34319,0.9906315355700938
SV1_C21692,C21692,0.9525824924394786
SV1_C88242,C88242,0.908711789170526
SV1_C22283,C22283,0.9293092420669039
SV1_C54621,C54621,0.8902689135969525
SV1_C80508,C80508,0.8457966534496109
SV1_C60608,C60608,0.9383637672922418
SV1_C97811,C97811,0.9502290655935668
SV1_C98491,C98491,0.8925589574391402
SV1_C96037,C96037,0.9300633852684629
SV1_C94220,C94220,0.9000488500869928
SV1_C63642,C63642,0.9244696993677043
SV1_C82302,C82302,0.9163083768854158
SV1_C10811,C10811,0.8710641149144044
SV1_C62406,C62406,0.9282913249779787
SV1_C08461,C08461,0.9204466710744287
SV1_C78064,C78064,0.9286679873574055
SV1_C93073,C93073,0.8784791935555332
SV1_C13235,C13235,0.9263740850065214
SV1_C59518,C59518,0.8599945762946422
SV1_C51691,C51691,0.9334689370331324
SV1_C28909,C28909,0.8609607897643923
SV1_C71401,C71401,0.9941094523611115
SV1_C85818,C85818,0.8981339693016547
SV1_C53436,C53436,0.9451519208284679
SV1_C71482,C71482,0.8884195052327756
SV1_C31303,C31303,0.9942061677784905
SV1_C10296,C10296,0.9681048281209461
SV1_C65517,C65517,0.97051638135809
SV1_C79298,C79298,0.9128600041300722
SV1_C23438,C23438,0.8954633522476951
SV1_C76885,C76885,0.9127890834125688
SV1_C66037,C66037,0.9473536193650608
SV1_C20489,C20489,0.8905333120144303
SV1_C40812,C40812,0.9772611648426495
SV1_C52828,C52828,0.9409595699791571
SV1_C25827,C25827,0.9970806761947575
SV1_C69642,C69642,0.8618690335106237
SV1_C95420,C95420,0.8985514728381012
SV1_C81090,C81090,0.8456604805245767
SV1_C89438,C89438,0.9625104355397455
SV1_C12674,C12674,0.9523941804847827
SV1_C43838,C43838,0.9736952309376031
SV1_C90691,C90691,0.930544222841682
SV1_C100308,C100308,0.9253806465987718
SV1_C82204,C82204,0.9499336548329748
SV1_C15617,C15617,0.945345707808927
SV1_C08450,C08450,0.9962973375629277
SV1_C63673,C63673,0.9656479413275444
SV1_C87112,C87112,0.9960323486992085
SV1_C97202,C97202,0.962145633348077
SV1_C60086,C60086,0.9353075981379937
SV1_C88319,C88319,0.938009561894679
SV1_C23432,C23432,0.9794351097935017
SV1_C49882,C49882,0.9890369326085614
SV1_C08505,C08505,0.9214632708374402
SV1_C88897,C88897,0.9278647092119553
SV1_C55918,C55918,0.9878784713595054
SV1_C59509,C59509,0.9639886497556408
SV1_C64804,C64804,0.9594455227306621
SV1_C25284,C25284,0.974750447283543
SV1_C63079,C63079,0.9028000570566003
SV1_C25307,C25307,0.9221930872932285
SV1_C80407,C80407,0.9632141044213531
SV1_C58811,C58811,0.9446850735322965
SV1_C72687,C72687,0.9794206531966115
SV1_C94315,C94315,0.9391364513321777
SV1_C93016,C93016,0.8741501336886989
SV1_C48708,C48708,0.9476225760769327
SV1_C03044,C03044,0.9994193358708262
SV1_C63634,C63634,0.8564051834542316
SV1_C32422,C32422,0.8966869243469883
SV1_C77456,C77456,0.9471899038151063
SV1_C77481,C77481,0.9554516851481154
SV1_C69608,C69608,0.9692520669107749
SV1_C66032,C66032,0.9913566951112144
SV1_C88883,C88883,0.9140066842547073
SV1_C18046,C18046,0.9964093179278378
SV1_C89465,C89465,0.9976286688663135
SV1_C87613,C87613,0.9280594077074645
SV1_C03637,C03637,0.991368096319416
SV1_C75644,C75644,0.9490499986332187
SV1_C14420,C14420,0.9996792995121944
SV1_C10235,C10235,0.9560949384506915
SV1_C88909,C88909,0.975058688287984
SV1_C53444,C53444,0.9128162626583282
SV1_C54006,C54006,0.8867778297318424
SV1_C61299,C61299,0.9137426864419153
SV1_C00023,C00023,0.9813422003831725
SV1_C02426,C02426,0.9228960293665721
SV1_C79210,C79210,0.8954864220511081
SV1_C42604,C42604,0.9700080267079332
SV1_C09692,C09692,0.9277889627105247
SV1_C08406,C08406,0.9020991480524942
SV1_C78030,C78030,0.9407543774239429
SV1_C71479,C71479,0.9283095186878401
SV1_C27078,C27078,0.9530746169922919
SV1_C57633,C57633,0.9464589881114529
SV1_C16811,C16811,0.9592857842526279
SV1_C90604,C90604,0.9033867388708849
SV1_C41415,C41415,0.9065617815555744
SV1_C39613,C39613,0.9554477463629891
SV1_C49299,C49299,0.8783975087363649
SV1_C85294,C85294,0.9669476318008783
SV1_C07872,C07872,0.989282744871793
SV1_C10905,C10905,0.9733444737047323
SV1_C25236,C25236,0.9564201956529571
SV1_C93601,C93601,0.969151065833374
SV1_C98496,C98496,0.8921866539987121
SV1_C60700,C60700,0.9108166420474609
SV1_C27014,C27014,0.9800262423629763
SV1_C36004,C36004,0.9063492300993493
SV1_C69095,C69095,0.956860721585087
SV1_C22874,C22874,0.8670656955919461
SV1_C27613,C27613,0.9658310347436362
SV1_C25904,C25904,0.9235278307268121
SV1_C58239,C58239,0.8552348698220852
SV1_C03675,C03675,0.8990361816592786
SV1_C15620,C15620,0.9996729441904129
SV1_C48689,C48689,0.9238032697680918
SV1_C81019,C81019,0.9275927730552113
SV1_C43203,C43203,0.9965402935764383
SV1_C88283,C88283,0.9187352635418524
SV1_C83412,C83412,0.9432012341294929
SV1_C46875,C46875,0.9826357518089102
SV1_C27117,C27117,0.9692319367588028
SV1_C64899,C64899,0.8948170374692827
SV1_C58845,C58845,0.8902297995955396
SV1_C56446,C56446,0.9609742283663422
SV1_C93610,C93610,0.9351446656481839
SV1_C49288,C49288,0.912470206044869
SV1_C02485,C02485,0.9345436402498055
SV1_C76802,C76802,0.8683295651724778
SV1_C07240,C07240,0.8763844103639371
SV1_C82277,C82277,0.8871822875785357
SV1_C49226,C49226,0.9269440726883341
SV1_C88898,C88898,0.8755180500555654
SV1_C75719,C75719,0.9779347064414469
SV1_C67832,C67832,0.9957795977745292
SV1_C43896,C43896,0.992606401010585
SV1_C50482,C50482,0.903312963218863
SV1_C31215,C31215,0.8896082742440277
SV1_C34206,C34206,0.9604947848301445
SV1_C72014,C72014,0.9333788247751132
SV1_C90023,C90023,0.8900138693932983
SV1_C24096,C24096,0.9292476544105699
SV1_C33677,C33677,0.9552651048724177
SV1_C82913,C82913,0.8750991717738811
SV1_C89408,C89408,0.9296353548844621
SV1_C13204,C13204,0.8610086256130001
SV1_C99118,C99118,0.910195291082266
SV1_C25883,C25883,0.8973368317894326
SV1_C90008,C90008,0.9184222758338302
SV1_C91874,C91874,0.9124151936011141
SV1_C47404,C47404,0.9715301388842628
SV1_C44487,C44487,0.9855567778401103
SV1_C07896,C07896,0.924475949711352
SV1_C63714,C63714,0.9414726512764641
SV1_C08432,C08432,0.9880414735669489
SV1_C07847,C07847,0.9995039987103191
SV1_C66600,C66600,0.9815278078525352
SV1_C02507,C02507,0.9185605506887755
SV1_C16204,C16204,0.8861498608331161
SV1_C59484,C59484,0.9479637576885886
SV1_C70910,C70910,0.923080179164362
SV1_C07245,C07245,0.8964162664011176
SV1_C88917,C88917,0.9318798142044573
SV1_C80474,C80474,0.925438105666588
SV1_C73300,C73300,0.902747438324143
SV1_C79808,C79808,0.9324492041448549
SV1_C49810,C49810,0.9229021347000564
SV1_C00100,C00100,0.8796853622748031
SV1_C84095,C84095,0.9082618947043591
SV1_C59496,C59496,0.9065324867870745
SV1_C73884,C73884,0.9190425530298624
SV1_C81077,C81077,0.8673531467970776
SV1_C00086,C00086,0.9173613073092406
SV1_C00033,C00033,0.9780742159696284
SV1_C54010,C54010,0.8911191884629157
SV1_C65490,C65490,0.891835793448911
SV1_C72678,C72678,0.9103245704878534
SV1_C07845,C07845,0.9101692849578508
SV1_C22313,C22313,0.8925499227461232
SV1_C07823,C07823,0.9452648924615774
SV1_C72620,C72620,0.9281731109141192
SV1_C26509,C26509,0.9276134685525516
SV1_C80402,C80402,0.9138867266071772
SV1_C07207,C07207,0.8768102843242005
SV1_C00002,C00002,0.9679098881913687
SV1_C22235,C22235,0.9716090349316016
SV1_C33117,C33117,0.8586348775609958
SV1_C06624,C06624,0.925036625273573
SV1_C71412,C71412,0.9886470661396949
SV1_C11483,C11483,0.9194139852673158
SV1_C66115,C66115,0.9648994464155073
SV1_C54703,C54703,0.9066616133447857
SV1_C93643,C93643,0.8771212424080937
SV1_C43836,C43836,0.9104584779909841
SV1_C46274,C46274,0.9605123882030443
SV1_C02514,C02514,0.9285801179320028
SV1_C54073,C54073,0.9472196041768757
SV1_C49874,C49874,0.9903890451818078
SV1_C97872,C97872,0.8983363824610867
SV1_C45604,C45604,0.923870801975108
SV1_C80412,C80412,0.9269120497855984
SV1_C80490,C80490,0.8395199738607488
SV1_C33093,C33093,0.9521162662338817
SV1_C19285,C19285,0.913768900243048
SV1_C75695,C75695,0.9316324179807243
SV1_C69006,C69006,0.9604402562037481
SV1_C52842,C52842,0.954409631096197
SV1_C91900,C91900,0.9561615405528155
SV1_C49206,C49206,0.9450923317031399
SV1_C64824,C64824,0.984645480905185
SV1_C25825,C25825,0.8847197419742344
SV1_C05484,C05484,0.921037334220608
SV1_C90608,C90608,0.912731161652503
SV1_C90085,C90085,0.9929879743761837
SV1_C81015,C81015,0.9591885401642963
SV1_C85800,C85800,0.9016369820377191
SV1_C90690,C90690,0.9106976693843427
SV1_C43292,C43292,0.8659913490944315
SV1_C18074,C18074,0.9326431237330405
SV1_C84697,C84697,0.8742446410721967
SV1_C28912,C28912,0.9013298945508379
SV1_C96695,C96695,0.9173123959963508
SV1_C97230,C97230,0.9076196540178694
SV1_C60607,C60607,0.932088563839047
SV1_C08440,C08440,0.8763176961624316
SV1_C93673,C93673,0.9662269260603531
SV1_C67825,C67825,0.9871531846875178
SV1_C70872,C70872,0.9747178034307387
SV1_C85309,C85309,0.8786642489733958
SV1_C65495,C65495,0.9129600709033797
SV1_C49867,C49867,0.9231323453515067
SV1_C81119,C81119,0.9367634706215017
SV1_C89512,C89512,0.9995328855345624
SV1_C73233,C73233,0.9560454761708347
SV1_C90642,C90642,0.9034819469165547
SV1_C90657,C90657,0.9150769086535964
SV1_C49853,C49853,0.9673011048774945
SV1_C94224,C94224,0.9082955877113562
SV1_C52831,C52831,0.8888250084088434
SV1_C12635,C12635,0.9777976014225986
SV1_C21691,C21691,0.9940361696826768
SV1_C12613,C12613,0.8523291680870146
SV1_C88888,C88888,0.9716412872779383
SV1_C03629,C03629,0.9678326861425289
SV1_C94241,C94241,0.9410822815948632
SV1_C45009,C45009,0.9018014029928
SV1_C100296,C100296,0.8872434031532687
SV1_C60695,C60695,0.8846070445319062
SV1_C42009,C42009,0.9916070779604559
SV1_C10245,C10245,0.9569212770806363
SV1_C51673,C51673,0.9867146122657146
SV1_C28283,C28283,0.8100315804976866
SV1_C71476,C71476,0.9398173944088611
SV1_C12703,C12703,0.9875822721527449
SV1_C16272,C16272,0.9678238736461521
SV1_C65415,C65415,0.9158041670459997
SV1_C22275,C22275,0.9027782056918492
SV1_C61836,C61836,0.9542817336896502
SV1_C78119,C78119,0.8744811889184648
SV1_C57707,C57707,0.9162062699874506
SV1_C31272,C31272,0.988635351240348
SV1_C88315,C88315,0.8871020526313078
SV1_C28315,C28315,0.8480221650960755
SV1_C57046,C57046,0.9308510311159341
SV1_C09117,C09117,0.8655785707601484
SV1_C61915,C61915,0.8454334152377452
SV1_C76260,C76260,0.8924022371774295
SV1_C46224,C46224,0.969356658149987
SV1_C94919,C94919,0.9985280248314731
SV1_C31908,C31908,0.8641152038396522
SV1_C75070,C75070,0.898457305192078
SV1_C29490,C29490,0.8183664692628387
SV1_C65500,C65500,0.9121171377185732
SV1_C54682,C54682,0.9392307775996207
SV1_C15673,C15673,0.920662452882615
SV1_C37203,C37203,0.9988772987691286
SV1_C08496,C08496,0.9367850262404419
SV1_C60027,C60027,0.8788676445340862
SV1_C20413,C20413,0.9274696325800368
SV1_C69090,C69090,0.9333732811807564
SV1_C78685,C78685,0.8914290826462212
SV1_C82305,C82305,0.8851129675923242
SV1_C49883,C49883,0.9353524289877169
SV1_C24092,C24092,0.9847427797645419
SV1_C52876,C52876,0.9863308244360824
SV1_C17408,C17408,0.883034077981196
SV1_C60116,C60116,0.9240275660230632
SV1_C60100,C60100,0.9124533542326742
SV1_C73289,C73289,0.8493484452985609
SV1_C72106,C72106,0.922694794726614
SV1_C84601,C84601,0.9198624234558292
SV1_C62495,C62495,0.9137433242374396
SV1_C09011,C09011,0.8786738094482649
SV1_C04302,C04302,0.9068071062386802
SV1_C46884,C46884,0.9700258696357834
SV1_C61289,C61289,0.9431085927833781
SV1_C70841,C70841,0.8958523127874318
SV1_C10899,C10899,0.9477540141451789
SV1_C99618,C99618,0.9290993399493279
SV1_C63636,C63636,0.8715879110143001
SV1_C10248,C10248,0.8973906319594083
SV1_C61893,C61893,0.8490988647200108
SV1_C54101,C54101,0.9757221728005446
SV1_C79290,C79290,0.838763222860097
SV1_C10280,C10280,0.9755980046041628
SV1_C16873,C16873,0.9503390247982503
SV1_C90065,C90065,0.9902581285577731
SV1_C17473,C17473,0.9603506534136427
SV1_C39001,C39001,0.9529680323588481
SV1_C34307,C34307,0.9876998243697821
SV1_C13869,C13869,0.9947135309937244
SV1_C96114,C96114,0.9298904449541407
SV1_C22210,C22210,0.916963797877183
SV1_C73297,C73297,0.8909281511264209
SV1_C91297,C91297,0.9073202790703483
SV1_C47517,C47517,0.9939277170329002
SV1_C56408,C56408,0.9894365676414425
SV1_C78035,C78035,0.8977290030819907
SV1_C67846,C67846,0.9576396960908181
SV1_C69623,C69623,0.9766993319561005
SV1_C93070,C93070,0.9460162849607775
SV1_C91862,C91862,0.9337242113176824
SV1_C87602,C87602,0.900643691468817
SV1_C81109,C81109,0.8699486080638335
SV1_C86412,C86412,0.9378840901347457
SV1_C50485,C50485,0.9702483985726607
SV1_C73886,C73886,0.8894244956694375
SV1_C72085,C72085,0.9283995230533914
SV1_C47435,C47435,0.9072768683284355
SV1_C28204,C28204,0.9403603686066724
SV1_C31883,C31883,0.9885505326541751
SV1_C91885,C91885,0.9331941501982705
SV1_C35475,C35475,0.903850777926044
SV1_C49851,C49851,0.925903904261539
SV1_C31915,C31915,0.9411797485911328
SV1_C45637,C45637,0.9382966597043804
SV1_C82895,C82895,0.9697799011727385
SV1_C04873,C04873,0.981596592896817
SV1_C77478,C77478,0.9986988706186947
SV1_C48053,C48053,0.9444459733040911
SV1_C06623,C06623,0.9512524717029824
SV1_C97839,C97839,0.9806726515543762
SV1_C78027,C78027,0.9019356628948185
SV1_C75026,C75026,0.9087817996353086
SV1_C77465,C77465,0.9226347049844957
SV1_C63000,C63000,0.9441029841590132
SV1_C25888,C25888,0.918924050706591
SV1_C15033,C15033,0.9162459043481516
SV1_C63706,C63706,0.9536576854583781
SV1_C97278,C97278,0.9646646435110375
SV1_C97295,C97295,0.9040338514932477
SV1_C63619,C63619,0.9054856174305251
SV1_C05441,C05441,0.8899984486471899
SV1_C78075,C78075,0.9026581425583418
SV1_C73899,C73899,0.9957024509092046
SV1_C78714,C78714,0.852102125003747
SV1_C95425,C95425,0.8889947338585699
SV1_C21695,C21695,0.92172520776003
SV1_C47512,C47512,0.9350928986612124
SV1_C87631,C87631,0.8795660592079517
SV1_C74462,C74462,0.9307586528519077
SV1_C63605,C63605,0.9338489394366682
SV1_C04840,C04840,0.8949634341897197
SV1_C97281,C97281,0.9225142800883053
SV1_C10815,C10815,0.8586583287933534
SV1_C63693,C63693,0.9045991196658052
SV1_C26445,C26445,0.8220783104079534
SV1_C23442,C23442,0.8687863760963719
SV1_C87041,C87041,0.9331748327183778
SV1_C48109,C48109,0.9516466353180804
SV1_C54106,C54106,0.9142164168261089
SV1_C23496,C23496,0.9261763717880633
SV1_C93087,C93087,0.8614518016042889
SV1_C69026,C69026,0.853686546979711
SV1_C31898,C31898,0.9137933487108213
SV1_C75010,C75010,0.9270104027470238
SV1_C31277,C31277,0.9720379587399608
SV1_C72058,C72058,0.9381084738345582
SV1_C00601,C00601,0.9980399074319964
SV1_C57072,C57072,0.9272189908728857
SV1_C71433,C71433,0.8802911831549314
SV1_C90678,C90678,0.9126052292033879
SV1_C28205,C28205,0.9669614938814092
SV1_C51708,C51708,0.930157892565301
SV1_C86433,C86433,0.9911892875016933
SV1_C41403,C41403,0.9143574245110492
SV1_C78073,C78073,0.9428204644604451
SV1_C86423,C86423,0.8481280652674338
SV1_C75019,C75019,0.8326051720621281
SV1_C03004,C03004,0.9814639090099528
SV1_C22901,C22901,0.9548570207868081
SV1_C48614,C48614,0.942685721939509
SV1_C51004,C51004,0.8635411625986417
SV1_C90620,C90620,0.8966862975070566
SV1_C21640,C21640,0.9690236711640308
SV1_C57690,C57690,0.8637160845843154
SV1_C18689,C18689,0.9658537065212677
SV1_C12609,C12609,0.8635914195509379
SV1_C09608,C09608,0.962881352056753
SV1_C29496,C29496,0.8166695639512946
SV1_C24641,C24641,0.939039568565883
SV1_C25299,C25299,0.925511691035381
SV1_C07843,C07843,0.9133973963849378
SV1_C71435,C71435,0.9366934114867956
SV1_C90627,C90627,0.9149615663402538
SV1_C43867,C43867,0.9484872214017334
SV1_C55888,C55888,0.9516715077600576
SV1_C22918,C22918,0.9500609626162572
SV1_C95419,C95419,0.960145216822145
SV1_C43236,C43236,0.9112738316542303
SV1_C60672,C60672,0.8248255024423004
SV1_C74463,C74463,0.9188617639595501
SV1_C12004,C12004,0.883338669158923
SV1_C19892,C19892,0.9062374581281242
SV1_C93105,C93105,0.9987506637935158
SV1_C69028,C69028,0.9713068222709488
SV1_C16843,C16843,0.9905218863488737
SV1_C43918,C43918,0.9376889158339271
SV1_C58837,C58837,0.9425594257589498
SV1_C09708,C09708,0.9388948105492086
SV1_C18618,C18618,0.9094976489032268
SV1_C00085,C00085,0.8808429961416987
SV1_C48072,C48072,0.9325443286691787
SV1_C62484,C62484,0.9563734901796912
SV1_C91225,C91225,0.9563624360460816
SV1_C87625,C87625,0.9963763611835831
SV1_C85296,C85296,0.8334440281150123
SV1_C78652,C78652,0.9065980805199672
SV1_C54018,C54018,0.8901686477239539
SV1_C00632,C00632,0.9784916795028916
SV1_C46812,C46812,0.9420491640592942
SV1_C18605,C18605,0.9100050710019569
SV1_C76319,C76319,0.9626863086260841
SV1_C10882,C10882,0.9240760891919235
SV1_C88234,C88234,0.9682999000733072
SV1_C75603,C75603,0.8573762460137027
SV1_C92504,C92504,0.9844370266833187
SV1_C13890,C13890,0.8597662836274558
SV1_C73301,C73301,0.8905479967453208
SV1_C13905,C13905,0.8753148415674056
SV1_C44430,C44430,0.9178228576821892
SV1_C97302,C97302,0.9909670241640111
SV1_C59479,C59479,0.8403154569332707
SV1_C79889,C79889,0.8602812405541569
SV1_C96642,C96642,0.9966879913655908
SV1_C56438,C56438,0.8757110220646881
SV1_C11403,C11403,0.8630072601688423
SV1_C97908,C97908,0.9005251322317661
SV1_C07820,C07820,0.9511791854535555
SV1_C84107,C84107,0.9904848529265968
SV1_C32507,C32507,0.9805678346479991
SV1_C10883,C10883,0.9253223370091704
SV1_C49203,C49203,0.8749275287800875
SV1_C66002,C66002,0.9424683928293952
SV1_C82215,C82215,0.9713935979584137
SV1_C87647,C87647,0.8692050913281797
SV1_C57007,C57007,0.9064591929773109
SV1_C58812,C58812,0.9532288522993079
SV1_C72665,C72665,0.9080340280551703
SV1_C90001,C90001,0.9140839540799885
SV1_C85909,C85909,0.8608682148213448
SV1_C33710,C33710,0.8728015082114678
SV1_C70272,C70272,0.9867322030543819
SV1_C13853,C13853,0.9156546728298077
SV1_C01237,C01237,0.9965366883363017
SV1_C16833,C16833,0.9236768689913011
SV1_C01918,C01918,0.851162707184342
SV1_C72092,C72092,0.8958643859926004
SV1_C24115,C24115,0.8403055683066842
SV1_C61818,C61818,0.9529756454230836
SV1_C61873,C61873,0.9216479003936969
SV1_C87047,C87047,0.8708368826097864
SV1_C64218,C64218,0.9170325252365831
SV1_C94236,C94236,0.8806819695045695
SV1_C82919,C82919,0.917207308342734
SV1_C76909,C76909,0.9499895250340761
SV1_C45687,C45687,0.9946708658230644
SV1_C76299,C76299,0.9608603115933488
SV1_C87091,C87091,0.9029137065732575
SV1_C25276,C25276,0.948919129122377
SV1_C18687,C18687,0.9012256052772658
SV1_C52242,C52242,0.9580571970627155
SV1_C25221,C25221,0.9203610690929956
SV1_C90035,C90035,0.9286131798987572
SV1_C15676,C15676,0.9552278254530019
SV1_C51102,C51102,0.8669858491499604
SV1_C93626,C93626,0.8706421704601701
SV1_C12697,C12697,0.9762011088779412
SV1_C44411,C44411,0.9981602255568907
SV1_C48686,C48686,0.9719720687684434
SV1_C36620,C36620,0.9948009805656399
SV1_C54619,C54619,0.9193697556583064
SV1_C33716,C33716,0.8526882644897367
SV1_C58836,C58836,0.9336463699155013
SV1_C48024,C48024,0.9997826168464896
SV1_C27672,C27672,0.8126607706094643
SV1_C93015,C93015,0.9423221535034001
SV1_C58898,C58898,0.9634652851357443
SV1_C98518,C98518,0.926865109849967
SV1_C70306,C70306,0.9022765868432491
SV1_C77407,C77407,0.9631537565177718
SV1_C60039,C60039,0.8660435578870951
SV1_C01820,C01820,0.9983524940632978
SV1_C12056,C12056,0.9670147496783578
SV1_C25285,C25285,0.9646838649670145
SV1_C27029,C27029,0.9468259345014473
SV1_C12680,C12680,0.9145040736029358
SV1_C91850,C91850,0.923471313636211
SV1_C70223,C70223,0.9329378853491396
SV1_C73306,C73306,0.9216675609915177
SV1_C10902,C10902,0.9053522100285935
SV1_C97840,C97840,0.9113719415889517
SV1_C94840,C94840,0.9089702286265902
SV1_C90083,C90083,0.8937765914794383
SV1_C86410,C86410,0.8990456880288031
SV1_C74484,C74484,0.9158079950146851
SV1_C15032,C15032,0.931601788416388
SV1_C72062,C72062,0.9149750870914624
SV1_C68419,C68419,0.9263091303979066
SV1_C10212,C10212,0.9485412860690228
SV1_C64319,C64319,0.9337483979852275
SV1_C47457,C47457,0.975916198149688
SV1_C74421,C74421,0.9467921584517668
SV1_C46815,C46815,0.9819432039648679
SV1_C09048,C09048,0.9021995704232014
SV1_C69686,C69686,0.9577463671826643
SV1_C40219,C40219,0.9381527740269622
SV1_C34883,C34883,0.9077632193156688
SV1_C26411,C26411,0.9572624832352838
SV1_C85811,C85811,0.9296705981303158
SV1_C70847,C70847,0.8993442461945939
SV1_C39615,C39615,0.9779899212311117
SV1_C81096,C81096,0.8842427850312988
SV1_C07290,C07290,0.8880948949933238
SV1_C00035,C00035,0.9908033687809802
SV1_C54683,C54683,0.9648940509149152
SV1_C45619,C45619,0.9445798695426969
SV1_C27021,C27021,0.9055557141658088
SV1_C04288,C04288,0.888503889356528
SV1_C07250,C07250,0.9863950738786416
SV1_C15009,C15009,0.9204624231948073
SV1_C49828,C49828,0.8920070884139459
SV1_C48050,C48050,0.9129472891778196
SV1_C24078,C24078,0.9075537668182132
SV1_C60006,C60006,0.9827315229855342
SV1_C37222,C37222,0.9845392288579331
SV1_C15616,C15616,0.9500560374573851
SV1_C63102,C63102,0.9541697646962033
SV1_C20419,C20419,0.9014930375245994
SV1_C47518,C47518,0.9536122418316174
SV1_C19275,C19275,0.976541395526926
SV1_C97899,C97899,0.9138690452862841
SV1_C27673,C27673,0.8545490296819264
SV1_C76914,C76914,0.8261025710680636
SV1_C09665,C09665,0.8893649498304292
SV1_C71403,C71403,0.895727460722752
SV1_C77423,C77423,0.9152271985204228
SV1_C30716,C30716,0.8493580165218017
SV1_C05510,C05510,0.8566618055411936
SV1_C34907,C34907,0.9984966387582506
SV1_C30695,C30695,0.955679241594092
SV1_C74456,C74456,0.8489212234597143
SV1_C92404,C92404,0.8669929579899259
SV1_C34223,C34223,0.9348308986363016
SV1_C66018,C66018,0.8661939840847696
SV1_C68510,C68510,0.976825606467262
SV1_C13219,C13219,0.9126944034996783
SV1_C18023,C18023,0.8920869769841628
SV1_C62440,C62440,0.8617689599854128
SV1_C97277,C97277,0.9250274973299811
SV1_C06010,C06010,0.9065262140876897
SV1_C29517,C29517,0.837781960750993
SV1_C54627,C54627,0.957779558175157
SV1_C67817,C67817,0.9102263972620164
SV1_C46826,C46826,0.9087775865337557
SV1_C82804,C82804,0.953455845224602
SV1_C66017,C66017,0.9216601037988793
SV1_C03102,C03102,0.8888023908998024
SV1_C37814,C37814,0.9465769510467611
SV1_C25203,C25203,0.9783865790234614
SV1_C95487,C95487,0.9115436415680196
SV1_C60638,C60638,0.9123214550465288
SV1_C54114,C54114,0.9122913992229708
SV1_C76241,C76241,0.8354396169355846
SV1_C100204,C100204,0.9096987293211476
SV1_C07809,C07809,0.964767072678478
SV1_C46800,C46800,0.9552133013264659
SV1_C20422,C20422,0.9517269091015044
SV1_C85308,C85308,0.8473302375040028
SV1_C54003,C54003,0.8863039452270045
SV1_C81000,C81000,0.9434983313733372
SV1_C76903,C76903,0.9287685857918727
SV1_C69003,C69003,0.9927298229472684
SV1_C96110,C96110,0.9863574495654125
SV1_C09079,C09079,0.9589338063471945
SV1_C05427,C05427,0.8790870858222326
SV1_C60026,C60026,0.9334742548778464
SV1_C60030,C60030,0.9335219173703952
SV1_C00007,C00007,0.9764107996464211
SV1_C94281,C94281,0.9610692134311184
SV1_C42613,C42613,0.96358418609922
SV1_C86493,C86493,0.8161682859618741
SV1_C93115,C93115,0.8164970131628481
SV1_C09050,C09050,0.9988712739539913
SV1_C69110,C69110,0.9666988972839087
SV1_C91202,C91202,0.9389261580822504
SV1_C45059,C45059,0.9979614687804788
SV1_C62424,C62424,0.9613566477849657
SV1_C25219,C25219,0.9762080911483046
SV1_C79895,C79895,0.9994431554816443
SV1_C49827,C49827,0.9893897497974952
SV1_C78717,C78717,0.9429963365567976
SV1_C52274,C52274,0.9001181100467154
SV1_C52201,C52201,0.8784895606969698
SV1_C28201,C28201,0.9665325010732565
SV1_C99114,C99114,0.9869228387613176
SV1_C76280,C76280,0.900922922158969
SV1_C18014,C18014,0.9333253189898078
SV1_C23514,C23514,0.8969359511552971
SV1_C42013,C42013,0.9833334260886533
SV1_C04235,C04235,0.9396513721290303
SV1_C51710,C51710,0.9103472392180785
SV1_C18039,C18039,0.9575798964741588
SV1_C76882,C76882,0.97612164418479
SV1_C01840,C01840,0.9554446332582203
SV1_C27097,C27097,0.904280259718907
SV1_C54687,C54687,0.9567704196757666
SV1_C32492,C32492,0.976826496531269
SV1_C44514,C44514,0.926604913472458
SV1_C43260,C43260,0.9785057787774883
SV1_C97845,C97845,0.8695642001650267
SV1_C19873,C19873,0.9185900116510612
SV1_C74417,C74417,0.9347338026438092
SV1_C53439,C53439,0.8830480813201786
SV1_C46871,C46871,0.921944678610157
SV1_C86505,C86505,0.9416558534721307
SV1_C83414,C83414,0.9351520638326417
SV1_C57081,C57081,0.938375974611711
SV1_C60684,C60684,0.9309418359152741
SV1_C45039,C45039,0.8886757742781872
SV1_C74448,C74448,0.8549830245941402
SV1_C03719,C03719,0.8294250515931888
SV1_C58822,C58822,0.9218134589139387
SV1_C13260,C13260,0.9834503514763167
SV1_C24618,C24618,0.9170642925176934
SV1_C91877,C91877,0.917752265359654
SV1_C24004,C24004,0.9097646011003583
SV1_C64229,C64229,0.9075403962810775
SV1_C43282,C43282,0.9594054033006723
SV1_C02487,C02487,0.8850693955297858
SV1_C33685,C33685,0.9285924109603777
SV1_C06101,C06101,0.9084589967141297
SV1_C75642,C75642,0.8193557033242671
SV1_C46316,C46316,0.9983863918893049
SV1_C01209,C01209,0.9994143995331985
SV1_C42601,C42601,0.9729728368741365
SV1_C74447,C74447,0.9658511137055016
SV1_C72064,C72064,0.898593027496901
SV1_C97200,C97200,0.998620935160434
SV1_C22304,C22304,0.9114042328392595
SV1_C09119,C09119,0.9727934864422212
SV1_C91206,C91206,0.9448997305342319
SV1_C14442,C14442,0.9447830657653489
SV1_C87103,C87103,0.9357342416528457
SV1_C95427,C95427,0.9780370844514823
SV1_C91904,C91904,0.9545443559451856
SV1_C01232,C01232,0.9807415038876481
SV1_C71505,C71505,0.9849942103287868
SV1_C16885,C16885,0.9299365411117744
SV1_C73216,C73216,0.9460635671459194
SV1_C06691,C06691,0.825622703104814
SV1_C06013,C06013,0.9752156205428686
SV1_C00027,C00027,0.9803438116254766
SV1_C93059,C93059,0.9894530285054968
SV1_C50444,C50444,0.9157694895625512
SV1_C40810,C40810,0.9742183818827476
SV1_C90711,C90711,0.8939371646755215
SV1_C51644,C51644,0.9109706243019038
SV1_C90030,C90030,0.9629868429395313
SV1_C24710,C24710,0.9762408812803497
SV1_C58200,C58200,0.9452637876079115
SV1_C77432,C77432,0.9866462509384923
SV1_C44435,C44435,0.8563927697710231
SV1_C02419,C02419,0.9365872492652907
SV1_C74479,C74479,0.9896530641200748
SV1_C60673,C60673,0.900960365322844
SV1_C07306,C07306,0.9007003831392573
SV1_C51095,C51095,0.9099767616774921
SV1_C94898,C94898,0.9993565331684519
SV1_C66087,C66087,0.964577192880889
SV1_C24036,C24036,0.9863664636200112
SV1_C79291,C79291,0.9604927521454751
SV1_C21673,C21673,0.9535536297003554
SV1_C12618,C12618,0.9311209623688478
SV1_C01896,C01896,0.9154170779778248
SV1_C53477,C53477,0.970016355771063
SV1_C90614,C90614,0.9790888201544058
SV1_C67843,C67843,0.9425245411411639
SV1_C87114,C87114,0.9408483521408121
SV1_C60715,C60715,0.8720224860004944
SV1_C75654,C75654,0.9455084454450616
SV1_C28876,C28876,0.9423121304239027
SV1_C86485,C86485,0.9621409366900021
SV1_C67895,C67895,0.9038069759034013
SV1_C01839,C01839,0.9973132575014095
SV1_C04232,C04232,0.9528794945417568
SV1_C55815,C55815,0.905277237333073
SV1_C10865,C10865,0.8973536963055498
SV1_C96616,C96616,0.9542786479117423
SV1_C15034,C15034,0.980656436554881
SV1_C72082,C72082,0.9063849858599111
SV1_C31214,C31214,0.9305489987841293
SV1_C22886,C22886,0.8891045489432546
SV1_C04898,C04898,0.9016588055651684
SV1_C48042,C48042,0.9270829767440495
SV1_C60107,C60107,0.910864010480687
SV1_C15688,C15688,0.8495551021645658
SV1_C00103,C00103,0.9110672507192169
SV1_C36018,C36018,0.9346505762220654
SV1_C88911,C88911,0.921938697860401
SV1_C100210,C100210,0.877314713158923
SV1_C50422,C50422,0.8814253439232221
SV1_C91913,C91913,0.9123034227342368
SV1_C20445,C20445,0.9595225581643669
SV1_C53510,C53510,0.9026322803162585
SV1_C84709,C84709,0.8738941560590252
SV1_C91880,C91880,0.9331576213944923
SV1_C95413,C95413,0.9753679145834347
SV1_C19217,C19217,0.8962959449656961
SV1_C10851,C10851,0.8926163316691756
SV1_C24011,C24011,0.9928764326896414
SV1_C07838,C07838,0.9317465977640548
SV1_C64308,C64308,0.994338440628741
SV1_C22842,C22842,0.872908522679773
SV1_C53512,C53512,0.9096157769031115
SV1_C37800,C37800,0.9349713944100774
SV1_C25832,C25832,0.9125490619510505
SV1_C63094,C63094,0.9052415070626523
SV1_C77490,C77490,0.9069483118426541
SV1_C13278,C13278,0.9343668622128767
SV1_C99105,C99105,0.9152832358449353
SV1_C04883,C04883,0.9187984093024409
SV1_C21705,C21705,0.9382591578613695
SV1_C93019,C93019,0.907992653550584
SV1_C25297,C25297,0.968503088562768
SV1_C89496,C89496,0.9361689218164675
SV1_C96703,C96703,0.9306661458358658
SV1_C31890,C31890,0.8339320390889494
SV1_C99634,C99634,0.9691141280607274
SV1_C01811,C01811,0.9909547539443305
SV1_C89470,C89470,0.9282353778791979
SV1_C72693,C72693,0.9321249468339164
SV1_C67890,C67890,0.9326642423214462
SV1_C05518,C05518,0.8700940645493703
SV1_C69023,C69023,0.9924256807299566
SV1_C94906,C94906,0.998524801628512
SV1_C48646,C48646,0.9565487392173915
SV1_C100247,C100247,0.9564879792227258
SV1_C75676,C75676,0.9187478090925462
SV1_C55222,C55222,0.9414015921245658
SV1_C100223,C100223,0.885434257174283
SV1_C06710,C06710,0.9172792821984285
SV1_C47465,C47465,0.9147075813245036
SV1_C36614,C36614,0.9491881426019495
SV1_C63044,C63044,0.8945879938976838
SV1_C93617,C93617,0.9281358798413696
SV1_C18087,C18087,0.9181768933355058
SV1_C13214,C13214,0.9117480046412944
SV1_C85900,C85900,0.8394386798320544
SV1_C99642,C99642,0.9094346190285424
SV1_C46849,C46849,0.9867186933267866
SV1_C82279,C82279,0.9652936398701742
SV1_C59420,C59420,0.960616497330543
SV1_C51699,C51699,0.9315093857754185
SV1_C04912,C04912,0.8505739004092614
SV1_C86468,C86468,0.9259354980943817
SV1_C70211,C70211,0.9855253455074157
SV1_C91905,C91905,0.9602421473854919
SV1_C37218,C37218,0.9382020431091449
SV1_C35411,C35411,0.8330746762766859
SV1_C76298,C76298,0.8893142009104762
SV1_C00625,C00625,0.9701172711372406
SV1_C90600,C90600,0.9026708613599448
SV1_C07894,C07894,0.9974705095792861
SV1_C43218,C43218,0.8761515991208152
SV1_C40205,C40205,0.9788518296644972
SV1_C46253,C46253,0.9962214498299796
SV1_C66680,C66680,0.9889473220627403
SV1_C78097,C78097,0.9395393315383875
SV1_C89428,C89428,0.9920363715846107
SV1_C08455,C08455,0.894484063353681
SV1_C55296,C55296,0.9981032063326494
SV1_C72664,C72664,0.9011604287525468
SV1_C83495,C83495,0.9490815131144781
SV1_C31902,C31902,0.9148956373475913
SV1_C90022,C90022,0.9299703026726182
SV1_C99079,C99079,0.8668369109738105
SV1_C01294,C01294,0.8853085193293031
SV1_C31904,C31904,0.8264515867909785
SV1_C24113,C24113,0.9131178394499756
SV1_C23437,C23437,0.9840597390774874
SV1_C63616,C63616,0.8942605036821989
SV1_C66043,C66043,0.9222677832177895
SV1_C27677,C27677,0.8584143746339528
SV1_C97841,C97841,0.9555809263047068
SV1_C67279,C67279,0.881150764483331
SV1_C64831,C64831,0.8492633413185854
SV1_C62515,C62515,0.8321180688693214
SV1_C86464,C86464,0.9905357580416577
SV1_C57646,C57646,0.9103575555342615
SV1_C08402,C08402,0.9010463030124941
SV1_C93680,C93680,0.9219995030725566
SV1_C69707,C69707,0.9359048758102545
SV1_C09053,C09053,0.952730850651226
SV1_C83477,C83477,0.908721137571577
SV1_C04846,C04846,0.8958927740872094
SV1_C08494,C08494,0.9993545227106473
SV1_C28809,C28809,0.9163034515656977
SV1_C45667,C45667,0.944231433450427
SV1_C13817,C13817,0.9026869814947138
SV1_C69685,C69685,0.9518814178783009
SV1_C55283,C55283,0.92845625263523
SV1_C90088,C90088,0.9774755759695146
SV1_C48672,C48672,0.9244511614179298
SV1_C64213,C64213,0.9253503127310057
SV1_C96039,C96039,0.9622090822781865
SV1_C93714,C93714,0.9252852984439643
SV1_C21094,C21094,0.9891256183205467
SV1_C88267,C88267,0.9368730089665327
SV1_C94911,C94911,0.9195631912501837
SV1_C73844,C73844,0.9181442184481542
SV1_C10253,C10253,0.9500936201104029
SV1_C53428,C53428,0.9524047110562313
SV1_C44516,C44516,0.9902002704845763
SV1_C77430,C77430,0.9565972374900762
SV1_C04310,C04310,0.887647097550459
SV1_C27072,C27072,0.85194321842348
SV1_C09067,C09067,0.9875411258827409
SV1_C75115,C75115,0.9380093661577082
SV1_C49223,C49223,0.8605448704106176
SV1_C72713,C72713,0.9169292937844633
SV1_C43300,C43300,0.9913896053474065
SV1_C03682,C03682,0.8980146137689298
SV1_C52235,C52235,0.8687619935689612
SV1_C35407,C35407,0.8340692245784959
SV1_C48657,C48657,0.920104410489404
SV1_C52916,C52916,0.9232403515056579
SV1_C50473,C50473,0.9892316492681045
SV1_C44421,C44421,0.8680866709247558
SV1_C76302,C76302,0.8897984914062145
SV1_C91879,C91879,0.8618723441497151
SV1_C75689,C75689,0.8700670502956712
SV1_C22232,C22232,0.9872005782806913
SV1_C12626,C12626,0.9065949053045347
SV1_C88299,C88299,0.9314087523675615
SV1_C99041,C99041,0.9175839474237536
SV1_C61310,C61310,0.9724439585042018
SV1_C22228,C22228,0.9783068208596895
SV1_C01828,C01828,0.9742360309437256
SV1_C62509,C62509,0.9290579401918359
SV1_C46877,C46877,0.987258734208622
SV1_C28223,C28223,0.9929479960606923
SV1_C26517,C26517,0.995521366175313
SV1_C07241,C07241,0.8826426069986657
SV1_C51700,C51700,0.94140593930554
SV1_C18012,C18012,0.8869250368868529
SV1_C77459,C77459,0.921660990419652
SV1_C67213,C67213,0.9682718638481463
SV1_C94830,C94830,0.8911801472409471
SV1_C86481,C86481,0.9558904249003286
SV1_C99020,C99020,0.9764996348617975
SV1_C52912,C52912,0.9006016792522782
SV1_C50511,C50511,0.9793649640917017
SV1_C93024,C93024,0.9004418188899069
SV1_C25840,C25840,0.89900528473354
SV1_C13226,C13226,0.8914266914934745
SV1_C33074,C33074,0.9318731600833793
SV1_C27091,C27091,0.8693168616630647
SV1_C82276,C82276,0.917638133911769
SV1_C16817,C16817,0.9422929428539595
SV1_C43853,C43853,0.9969752846917427
SV1_C23407,C23407,0.9872868964280009
SV1_C31274,C31274,0.8529537061935156
SV1_C42014,C42014,0.9696537857345097
SV1_C72024,C72024,0.9483528478045791
SV1_C68444,C68444,0.8621458309047982
SV1_C72710,C72710,0.9124468184716438
SV1_C19809,C19809,0.940361826484078
SV1_C56508,C56508,0.9419445243751198
SV1_C09642,C09642,0.8377867434961359
SV1_C58214,C58214,0.9996007480130297
SV1_C64216,C64216,0.8917250884653818
SV1_C13888,C13888,0.9462158162270289
SV1_C54679,C54679,0.9633939160364758
SV1_C48092,C48092,0.9883310628939451
SV1_C13916,C13916,0.8716019701132544
SV1_C99036,C99036,0.9667941154971664
SV1_C32504,C32504,0.8287474482170736
SV1_C27016,C27016,0.9630780087619067
SV1_C69713,C69713,0.9836882514361895
SV1_C70888,C70888,0.8907791394269977
SV1_C57010,C57010,0.9858226672913997
SV1_C48016,C48016,0.9323593288413301
SV1_C100291,C100291,0.9189907467547277
SV1_C87620,C87620,0.8655146998504153
SV1_C08418,C08418,0.9302750608616944
SV1_C72633,C72633,0.9551464103095797
SV1_C07826,C07826,0.9528748133609324
SV1_C76801,C76801,0.9101746899497605
SV1_C11474,C11474,0.8984226441626185
SV1_C48037,C48037,0.9791995370466329
SV1_C13298,C13298,0.9286695026310995
SV1_C88263,C88263,0.9870656185183467
SV1_C57040,C57040,0.8489075463219318
SV1_C03613,C03613,0.9707696983246468
SV1_C94291,C94291,0.897058815178435
SV1_C06042,C06042,0.9033712176938761
SV1_C94834,C94834,0.9087986137327884
SV1_C92480,C92480,0.8709702845853037
SV1_C31880,C31880,0.9927899220441885
SV1_C44505,C44505,0.999512194584808
SV1_C90086,C90086,0.9317239770346366
SV1_C96118,C96118,0.9526456734514268
SV1_C01212,C01212,0.9834560539330941
SV1_C08492,C08492,0.9308955158242461
SV1_C03694,C03694,0.8984819573906214
SV1_C99026,C99026,0.9483396237623722
SV1_C81116,C81116,0.9371614878859849
SV1_C09084,C09084,0.9602432751459288
SV1_C21696,C21696,0.9110946883644858
SV1_C10243,C10243,0.8980387890686458
SV1_C77452,C77452,0.9389932390203134
SV1_C18076,C18076,0.9973778090260158
SV1_C26436,C26436,0.8700918002674347
SV1_C46909,C46909,0.9856022651246443
SV1_C54676,C54676,0.9277938824723786
SV1_C73284,C73284,0.9206039682956382
SV1_C90014,C90014,0.9721420956560297
SV1_C56478,C56478,0.9839610556136408
SV1_C99092,C99092,0.9165730602210794
SV1_C56502,C56502,0.9391981497596553
SV1_C14416,C14416,0.9502447370265811
SV1_C82287,C82287,0.9910273789243131
SV1_C55217,C55217,0.889506118966439
SV1_C12644,C12644,0.9840773606231176
SV1_C18638,C18638,0.9829373878827868
SV1_C85883,C85883,0.9175591523353736
SV1_C96677,C96677,0.9439422932282358
SV1_C46239,C46239,0.8809999691720449
SV1_C57634,C57634,0.8893464272104254
SV1_C17412,C17412,0.8893697409397712
SV1_C15626,C15626,0.9543556723814366
SV1_C95436,C95436,0.8887196263681597
SV1_C13305,C13305,0.9330965153796499
SV1_C06612,C06612,0.9728063320349276
SV1_C81715,C81715,0.923007935262175
SV1_C79886,C79886,0.8853316561953123
SV1_C80414,C80414,0.8998027937233187
SV1_C15007,C15007,0.9408414032029034
SV1_C96000,C96000,0.9919323813966223
SV1_C70225,C70225,0.9048203955500653
SV1_C67283,C67283,0.9038011404711698
SV1_C02433,C02433,0.9877781295344539
SV1_C86453,C86453,0.9280108013431679
SV1_C73806,C73806,0.933733210565599
SV1_C90636,C90636,0.967274956571307
SV1_C69624,C69624,0.9268313847579293
SV1_C92517,C92517,0.9885035389971946
SV1_C10830,C10830,0.9326989975101665
SV1_C60605,C60605,0.9587092533793755
SV1_C67873,C67873,0.9652583119942894
SV1_C24701,C24701,0.9661898193248961
SV1_C12095,C12095,0.9063833751627219
SV1_C24094,C24094,0.9128929234287676
SV1_C98415,C98415,0.9480162394320212
SV1_C51688,C51688,0.8936718608559006
SV1_C49222,C49222,0.8974169059458493
SV1_C64233,C64233,0.9081081448524922
SV1_C75048,C75048,0.8520162526727442
SV1_C84688,C84688,0.9197107721982298
SV1_C55819,C55819,0.9573267191762248
SV1_C10884,C10884,0.9343118493049839
SV1_C75670,C75670,0.903022954035892
SV1_C89475,C89475,0.9113547083162946
SV1_C50408,C50408,0.8683561781339645
SV1_C55211,C55211,0.8923377414564758
SV1_C02402,C02402,0.9631390597018837
SV1_C87078,C87078,0.8944228463301794
SV1_C15618,C15618,0.9381816100840564
SV1_C25906,C25906,0.9953843050035164
SV1_C99086,C99086,0.8692478324991755
SV1_C84718,C84718,0.8492791797654387
SV1_C69013,C69013,0.9741497256974149
SV1_C73258,C73258,0.9480481179212207
SV1_C49294,C49294,0.9402666586739955
SV1_C57628,C57628,0.9455935688096346
SV1_C17414,C17414,0.9428975808932328
SV1_C13862,C13862,0.9011335731688913
SV1_C18020,C18020,0.9878423315241727
SV1_C87032,C87032,0.9902095945464816
SV1_C88876,C88876,0.9821733330636958
SV1_C10201,C10201,0.9476880396654715
SV1_C66104,C66104,0.9101188992960575
SV1_C54013,C54013,0.8744377426085955
SV1_C83494,C83494,0.9472734376915469
SV1_C47440,C47440,0.9139274168173551
SV1_C54643,C54643,0.9034230764356419
SV1_C67910,C67910,0.9791975704319122
SV1_C48678,C48678,0.9867511190056615
SV1_C51633,C51633,0.9205203675910815
SV1_C55201,C55201,0.933580506860106
SV1_C63704,C63704,0.9764900206353321
SV1_C16279,C16279,0.9276426199734247
SV1_C43245,C43245,0.8954718728482189
SV1_C64891,C64891,0.9968561080731585
SV1_C77507,C77507,0.958457309306905
SV1_C00109,C00109,0.8724828201313128
SV1_C89427,C89427,0.8963342066700651
SV1_C92468,C92468,0.9289152769334685
SV1_C51042,C51042,0.9605111989732995
SV1_C00687,C00687,0.8644731132069502
SV1_C61880,C61880,0.9273058542505392
SV1_C49313,C49313,0.9873271974908411
SV1_C18626,C18626,0.9368850734452102
SV1_C71477,C71477,0.9392166138142288
SV1_C45019,C45019,0.9447623823351967
SV1_C71509,C71509,0.9936899941059744
SV1_C06029,C06029,0.9646452433357684
SV1_C88200,C88200,0.9364958745508224
SV1_C100281,C100281,0.925180781439028
SV1_C46848,C46848,0.9793228966851414
SV1_C87696,C87696,0.9380419435384664
SV1_C90042,C90042,0.9065395282830339
SV1_C35418,C35418,0.9609945435141503
SV1_C67238,C67238,0.9161571525241456
SV1_C41404,C41404,0.9961203832556107
SV1_C10825,C10825,0.9758495886772101
SV1_C04833,C04833,0.9228801877830844
SV1_C03644,C03644,0.9946486349271406
SV1_C05437,C05437,0.9202764135419359
SV1_C90666,C90666,0.9495435096384598
SV1_C34820,C34820,0.9658913413238156
SV1_C92405,C92405,0.8870724527574179
SV1_C69681,C69681,0.9701424537548297
SV1_C61282,C61282,0.9935702148370172
SV1_C04301,C04301,0.9362770357534087
SV1_C64224,C64224,0.9018916848224299
SV1_C85805,C85805,0.9053782581883953
SV1_C55828,C55828,0.9733576432325795
SV1_C25826,C25826,0.89406018990198
SV1_C44496,C44496,0.9934388313460434
SV1_C09044,C09044,0.9479700340504179
SV1_C26427,C26427,0.9819100260403946
SV1_C74465,C74465,0.9106682236553294
SV1_C32494,C32494,0.9124018751251499
SV1_C27047,C27047,0.9870162596629426
SV1_C24625,C24625,0.937358091646035
SV1_C69600,C69600,0.9725126670360241
SV1_C48111,C48111,0.8288871931486408
SV1_C06106,C06106,0.8896290669985345
SV1_C94847,C94847,0.8836083721357904
SV1_C49309,C49309,0.971539325712818
SV1_C00711,C00711,0.9102138232738732
SV1_C15036,C15036,0.8938450254796522
SV1_C72048,C72048,0.8537417176170965
SV1_C02518,C02518,0.9203018366606736
SV1_C08456,C08456,0.8958405553094857
SV1_C76841,C76841,0.8584235278406938
SV1_C60698,C60698,0.9877096182521131
SV1_C60033,C60033,0.9877774857842984
SV1_C100285,C100285,0.9078519941940847
SV1_C57084,C57084,0.9794805067708098
SV1_C51672,C51672,0.996194605396305
SV1_C81083,C81083,0.9851501152092266
SV1_C58823,C58823,0.8610402413576225
SV1_C69622,C69622,0.9256112332286237
SV1_C80416,C80416,0.9276587210574866
SV1_C66098,C66098,0.9930669652750765
SV1_C11454,C11454,0.9740054304389388
SV1_C59434,C59434,0.923303876001288
SV1_C49870,C49870,0.9313454538577477
SV1_C78068,C78068,0.9642553337992569
SV1_C30100,C30100,0.8227653307436512
SV1_C07281,C07281,0.9942776318134277
SV1_C03600,C03600,0.9677048523940452
SV1_C04298,C04298,0.906425175125842
SV1_C91884,C91884,0.9411566230785584
SV1_C31879,C31879,0.979919965690306
SV1_C03621,C03621,0.9806420256582223
SV1_C74467,C74467,0.952501590152907
SV1_C09064,C09064,0.8934109692396383
SV1_C100294,C100294,0.928502459066737
SV1_C31280,C31280,0.9863343818719773
SV1_C48662,C48662,0.9514120163093868
SV1_C51046,C51046,0.9245442582654813
SV1_C66045,C66045,0.9098544950379204
SV1_C12041,C12041,0.9219092849334793
SV1_C60604,C60604,0.9345585393370585
SV1_C03608,C03608,0.9696160248358584
SV1_C60610,C60610,0.9833259600935138
SV1_C48057,C48057,0.9456680235820021
SV1_C45070,C45070,0.9981110248724923
SV1_C33114,C33114,0.8804949184675941
SV1_C91288,C91288,0.963941462244196
SV1_C28901,C28901,0.8106593212832508
SV1_C43253,C43253,0.9942314131280571
SV1_C09057,C09057,0.9493342249458804
SV1_C54603,C54603,0.8912878198338137
SV1_C88218,C88218,0.9630036999935141
SV1_C21631,C21631,0.966317290991287
SV1_C78111,C78111,0.961855561608152
SV1_C94201,C94201,0.9745417076461732
SV1_C99705,C99705,0.9297795127792186
SV1_C19800,C19800,0.9429408704966916
SV1_C23434,C23434,0.8838688412804028
SV1_C58847,C58847,0.8820108060354452
SV1_C48616,C48616,0.9469667428167835
SV1_C61245,C61245,0.878769647489772
SV1_C61879,C61879,0.8721689790888153
SV1_C20418,C20418,0.9096491277117035
SV1_C81013,C81013,0.9260462616416765
SV1_C10275,C10275,0.9467018116165679
SV1_C75632,C75632,0.9220829348478963
SV1_C22897,C22897,0.9559182672175319
SV1_C67284,C67284,0.9538863786786149
SV1_C46876,C46876,0.9789692168332385
SV1_C12604,C12604,0.8707979075127346
SV1_C26409,C26409,0.9215133147860155
SV1_C29480,C29480,0.953458620815122
SV1_C43281,C43281,0.9941998468665555
SV1_C76870,C76870,0.8919590096323936
SV1_C06079,C06079,0.8895756237544142
SV1_C97805,C97805,0.9961639421199766
SV1_C46210,C46210,0.9401939536247134
SV1_C46249,C46249,0.994940493696333
SV1_C91304,C91304,0.9196432716641104
SV1_C68478,C68478,0.9638871181456908
SV1_C50438,C50438,0.9255918702394299
SV1_C28815,C28815,0.8976868692444517
SV1_C58319,C58319,0.8716069969466774
SV1_C88846,C88846,0.9750105497474217
SV1_C66011,C66011,0.9394771388454342
SV1_C01213,C01213,0.991454196142253
SV1_C63683,C63683,0.9345239247189665
SV1_C21006,C21006,0.9010998401515685
SV1_C41402,C41402,0.9844243227406644
SV1_C85279,C85279,0.9501063244161944
SV1_C19277,C19277,0.9264745659490854
SV1_C21616,C21616,0.9504616261571239
SV1_C90619,C90619,0.938414392154256
SV1_C22833,C22833,0.9732653669517803
SV1_C85290,C85290,0.840816301608114
SV1_C48048,C48048,0.9363882614264339
SV1_C82291,C82291,0.9541004927972431
SV1_C68488,C68488,0.994836663072798
SV1_C12682,C12682,0.9534718102308227
SV1_C45027,C45027,0.8364586806277218
SV1_C64243,C64243,0.8453892725130141
SV1_C58238,C58238,0.8748099811360257
SV1_C91296,C91296,0.9039994704728406
SV1_C44438,C44438,0.9736836491541333
SV1_C66616,C66616,0.9244173312852173
SV1_C33679,C33679,0.9366312582578047
SV1_C49315,C49315,0.9426808434144326
SV1_C64893,C64893,0.9646596683810894
SV1_C46902,C46902,0.9663065763130843
SV1_C21638,C21638,0.9026411470720901
SV1_C16289,C16289,0.8505535604030723
SV1_C51087,C51087,0.98961597067691
SV1_C01881,C01881,0.9499012522342688
SV1_C76224,C76224,0.9351182211104324
SV1_C10878,C10878,0.9244678821304988
SV1_C72709,C72709,0.9011927512268877
SV1_C30707,C30707,0.9979287182231101
SV1_C00673,C00673,0.928672669370602
SV1_C46235,C46235,0.8448538902961115
SV1_C96630,C96630,0.9005701241990192
SV1_C84680,C84680,0.9225809235669838
SV1_C03106,C03106,0.886936005530062
SV1_C06682,C06682,0.8654357963694946
SV1_C69676,C69676,0.9562535692984017
SV1_C37817,C37817,0.956415933352225
SV1_C43809,C43809,0.8745164779544219
SV1_C14440,C14440,0.9017749691924662
SV1_C69700,C69700,0.894388725410269
SV1_C13300,C13300,0.9443409442058689
SV1_C68506,C68506,0.9956854898081049
SV1_C89490,C89490,0.9075418674932231
SV1_C88260,C88260,0.9723459994179214
SV1_C27027,C27027,0.9315298522658051
SV1_C87672,C87672,0.97111493483642
SV1_C62438,C62438,0.896286392592424
SV1_C69626,C69626,0.8734877991002491
SV1_C96705,C96705,0.9686052165820214
SV1_C55306,C55306,0.9331199148639
SV1_C60674,C60674,0.9710984151154334
SV1_C91301,C91301,0.9069056919682346
SV1_C78108,C78108,0.9171796049641385
SV1_C03715,C03715,0.9143796693498627
SV1_C54618,C54618,0.8904791153670131
SV1_C01319,C01319,0.8667773867510523
SV1_C99606,C99606,0.9169384619686772
SV1_C85217,C85217,0.931830684673035
SV1_C12103,C12103,0.9467199745055354
SV1_C57600,C57600,0.946612608396314
SV1_C48035,C48035,0.946273478400082
SV1_C98409,C98409,0.9932516288536344
SV1_C45693,C45693,0.9105062278017547
SV1_C87015,C87015,0.8757134405623012
SV1_C56514,C56514,0.8759858978517171
SV1_C28246,C28246,0.9266760044507032
SV1_C23476,C23476,0.9752270870457558
SV1_C49306,C49306,0.9006191490280377
SV1_C67810,C67810,0.956331879117454
SV1_C64837,C64837,0.9306637203651026
SV1_C90667,C90667,0.9074897720967632
SV1_C01293,C01293,0.8551002975721379
SV1_C84014,C84014,0.9379503728963643
SV1_C88224,C88224,0.9927973673331406
SV1_C57630,C57630,0.8929865314525331
SV1_C04316,C04316,0.8213643625875623
SV1_C47505,C47505,0.981205596526987
SV1_C72639,C72639,0.833269220745839
SV1_C59411,C59411,0.9425422080048593
SV1_C51106,C51106,0.8800671207512345
SV1_C75003,C75003,0.862467050343995
SV1_C81714,C81714,0.8899519203769448
SV1_C23477,C23477,0.9610440432748777
SV1_C73829,C73829,0.9563969164149622
SV1_C15021,C15021,0.9960319347529012
SV1_C95495,C95495,0.9268938814569342
SV1_C03023,C03023,0.9984067640258247
SV1_C07307,C07307,0.9736550708886746
SV1_C06087,C06087,0.8758975553288469
SV1_C46264,C46264,0.9266604151399783
SV1_C50410,C50410,0.9109207670961166
SV1_C45603,C45603,0.9995991533280774
SV1_C01826,C01826,0.9230071853928092
SV1_C35413,C35413,0.9587822781026085
SV1_C05422,C05422,0.8979153428311579
SV1_C73893,C73893,0.9328773042386785
SV1_C22282,C22282,0.8722428840884472
SV1_C16823,C16823,0.9003241030962886
SV1_C12114,C12114,0.8462462815464915
SV1_C09028,C09028,0.9885989121676986
SV1_C43825,C43825,0.9144549899999532
SV1_C27646,C27646,0.9085647265615674
SV1_C67893,C67893,0.9408179813800805
SV1_C64237,C64237,0.8996591765316428
SV1_C64889,C64889,0.880774331292143
SV1_C09700,C09700,0.9583293857360424
SV1_C86435,C86435,0.8715729904196335
SV1_C10284,C10284,0.9514396940213262
SV1_C93620,C93620,0.9000879322663521
SV1_C97221,C97221,0.8981502848220397
SV1_C76913,C76913,0.887646809198387
SV1_C79917,C79917,0.9266089952274187
SV1_C53503,C53503,0.9306242043435676
SV1_C55309,C55309,0.9858625480155071
SV1_C85200,C85200,0.8915271954079838
SV1_C14415,C14415,0.9196236116980053
SV1_C60635,C60635,0.8785537849679893
SV1_C73913,C73913,0.921804050170384
SV1_C13255,C13255,0.9163933275511005
SV1_C75097,C75097,0.9241863010481024
SV1_C54008,C54008,0.8734298418139417
SV1_C76250,C76250,0.930082780071905
SV1_C96098,C96098,0.9991899889549886
SV1_C73314,C73314,0.8676326092008418
SV1_C58910,C58910,0.9359052520519013
SV1_C75648,C75648,0.8417628003978489
SV1_C98490,C98490,0.9179281265665449
SV1_C94306,C94306,0.9968237479680312
SV1_C51714,C51714,0.927974057641823
SV1_C12616,C12616,0.8824527581388577
SV1_C25222,C25222,0.8693085937709617
SV1_C64283,C64283,0.9474944178891586
SV1_C77445,C77445,0.9489450323957391
SV1_C94801,C94801,0.979377566108181
SV1_C78049,C78049,0.9141527013642118
SV1_C88233,C88233,0.9994143458294202
SV1_C04837,C04837,0.9366905522987049
SV1_C82903,C82903,0.9670101513662467
SV1_C30618,C30618,0.9201247795612407
SV1_C54611,C54611,0.8890463011619317
SV1_C58895,C58895,0.8570058567328164
SV1_C57078,C57078,0.9485866259749974
SV1_C52217,C52217,0.8805848482619342
SV1_C40209,C40209,0.9775926454653486
SV1_C91890,C91890,0.8593045541506615
SV1_C18633,C18633,0.8895428581813303
SV1_C23406,C23406,0.9148208609606406
SV1_C12631,C12631,0.9803290691724613
SV1_C99081,C99081,0.9000793231956825
SV1_C90641,C90641,0.9243971073974966
SV1_C81078,C81078,0.91804179834269
SV1_C10813,C10813,0.9272214465740755
SV1_C21646,C21646,0.8949592072543442
SV1_C45037,C45037,0.9418009495519953
SV1_C63718,C63718,0.8807485283316356
SV1_C64302,C64302,0.9620125717875757
SV1_C88886,C88886,0.9245275785979175
SV1_C24613,C24613,0.9571237266076796
SV1_C02486,C02486,0.9520959664666135
SV1_C89436,C89436,0.9828299127703124
SV1_C04813,C04813,0.9277543990428591
SV1_C72658,C72658,0.9437470063356765
SV1_C13271,C13271,0.9022565801317964
SV1_C88291,C88291,0.9152417346106537
SV1_C93699,C93699,0.9318421430664033
SV1_C78601,C78601,0.8635312034128299
SV1_C15022,C15022,0.9632410137727792
SV1_C84013,C84013,0.9340894435708451
SV1_C44507,C44507,0.8475493007095709
SV1_C62434,C62434,0.9194260576625174
SV1_C83408,C83408,0.9529489471655778
SV1_C70822,C70822,0.9774528579233678
SV1_C49911,C49911,0.8627158672892347
SV1_C12607,C12607,0.947332017294625
SV1_C22225,C22225,0.9602532463079702
SV1_C82872,C82872,0.9231885247835728
SV1_C99610,C99610,0.9167241898205195
SV1_C72049,C72049,0.8983768949610828
SV1_C01309,C01309,0.8771000070034705
SV1_C76222,C76222,0.94376925474941
SV1_C66693,C66693,0.9547757723653877
SV1_C51630,C51630,0.8690489535832537
SV1_C15607,C15607,0.9481073698448416
SV1_C58293,C58293,0.8916560192111519
SV1_C68477,C68477,0.9391509822435513
SV1_C72065,C72065,0.9043789784998594
SV1_C86446,C86446,0.966048396465976
SV1_C40200,C40200,0.9762367085570027
SV1_C55915,C55915,0.902956253886717
SV1_C52820,C52820,0.9132457768111037
SV1_C76878,C76878,0.9748007960789253
SV1_C87618,C87618,0.9547278670190841
SV1_C34902,C34902,0.9360659037711749
SV1_C49824,C49824,0.8926861704709437
SV1_C12658,C12658,0.8852101293343944
SV1_C09637,C09637,0.975528734841034
SV1_C48710,C48710,0.8941065378237586
SV1_C14477,C14477,0.9124459905331482
SV1_C10223,C10223,0.9340872920056845
SV1_C62483,C62483,0.8710650427419075
SV1_C03035,C03035,0.9772095447980049
SV1_C48018,C48018,0.8837115047807409
SV1_C79222,C79222,0.9500428110924977
SV1_C06105,C06105,0.9158471950015359
SV1_C10258,C10258,0.9978225414399621
SV1_C45018,C45018,0.8792496499729864
SV1_C77414,C77414,0.8993768376968648
SV1_C88295,C88295,0.9843833484088529
SV1_C58886,C58886,0.8982515726195649
SV1_C78663,C78663,0.9483707042285506
SV1_C64839,C64839,0.8609796439687153
SV1_C50496,C50496,0.9175178554431569
SV1_C69697,C69697,0.9132045579825258
SV1_C87603,C87603,0.8473240732935863
SV1_C67274,C67274,0.9473816080864467
SV1_C03005,C03005,0.9890399279845353
SV1_C25210,C25210,0.9125660071897612
SV1_C99629,C99629,0.9991342417466498
SV1_C13819,C13819,0.9247319937722301
SV1_C45714,C45714,0.9275236252448458
SV1_C67818,C67818,0.8700073369247245
SV1_C49919,C49919,0.9921357435506404
SV1_C87626,C87626,0.9641342669760103
SV1_C12643,C12643,0.8778098676789905
SV1_C95431,C95431,0.9772586738871857
SV1_C89406,C89406,0.9260702603029001
SV1_C31814,C31814,0.9265626573254543
SV1_C33073,C33073,0.9796517303553859
SV1_C17475,C17475,0.9095491594192283
SV1_C75032,C75032,0.9366686064572707
SV1_C44445,C44445,0.8927112357244341
SV1_C83491,C83491,0.9139024616741979
SV1_C90010,C90010,0.9465079531402186
SV1_C22243,C22243,0.8748524970609718
SV1_C82878,C82878,0.9579928569361934
SV1_C04892,C04892,0.8965718608566594
SV1_C87614,C87614,0.9398245589104496
SV1_C14424,C14424,0.9330837137165178
SV1_C96012,C96012,0.983318752530008
SV1_C48613,C48613,0.9851086653771796
SV1_C93075,C93075,0.8753999565635094
SV1_C88834,C88834,0.9693145731256871
SV1_C45040,C45040,0.9281189335955036
SV1_C88257,C88257,0.9426245839426878
SV1_C94876,C94876,0.91968124142858
SV1_C76254,C76254,0.9305876282527757
SV1_C78716,C78716,0.948458505466024
SV1_C52903,C52903,0.934113827546202
SV1_C69641,C69641,0.9115535099216058
SV1_C33611,C33611,0.8765644704621326
SV1_C53403,C53403,0.8790525731475949
SV1_C00076,C00076,0.929869020892344
SV1_C90640,C90640,0.9155542157435234
SV1_C22801,C22801,0.874575675382265
SV1_C90004,C90004,0.9178091620302201
SV1_C74513,C74513,0.9225520374006334
SV1_C98444,C98444,0.8477625637219802
SV1_C48637,C48637,0.9641474795422292
SV1_C89435,C89435,0.9164932972654855
SV1_C49270,C49270,0.9420056537303777
SV1_C23487,C23487,0.9723241935090867
SV1_C68503,C68503,0.90941638416772
SV1_C78615,C78615,0.9884633026486787
SV1_C16886,C16886,0.930950896646781
SV1_C43233,C43233,0.9103779078312804
SV1_C97903,C97903,0.9138222004841975
SV1_C72638,C72638,0.895592025395824
SV1_C84600,C84600,0.9249134196460613
SV1_C13873,C13873,0.8655692901726678
SV1_C54031,C54031,0.9336034790143747
SV1_C47410,C47410,0.9242209140450632
SV1_C15042,C15042,0.9446076922892946
SV1_C07221,C07221,0.9783202918740858
SV1_C33083,C33083,0.9735067223643955
SV1_C12665,C12665,0.9573902170128771
SV1_C92443,C92443,0.9397257600095427
SV1_C61318,C61318,0.9001421560258904
SV1_C30698,C30698,0.9221583409537114
SV1_C35412,C35412,0.9627976648171562
SV1_C52885,C52885,0.9598545719114103
SV1_C51641,C51641,0.9992575002755647
SV1_C01235,C01235,0.9894078231880692
SV1_C01279,C01279,0.8694982104564607
SV1_C55242,C55242,0.8621208438340439
SV1_C72012,C72012,0.9926344657693386
SV1_C15633,C15633,0.918160065591395
SV1_C07300,C07300,0.9104998961857201
SV1_C18643,C18643,0.9954710344735935
SV1_C55234,C55234,0.9573803322773398
SV1_C66703,C66703,0.9023535530681412
SV1_C70242,C70242,0.8494184571027292
SV1_C10272,C10272,0.9775487048840356
SV1_C27094,C27094,0.9567264210312917
SV1_C63022,C63022,0.9312285129395679
SV1_C24029,C24029,0.9520164923416438
SV1_C19842,C19842,0.9059882147659282
SV1_C15686,C15686,0.9434112760525127
SV1_C25881,C25881,0.9271343947704761
SV1_C30005,C30005,0.9092208954434519
SV1_C10839,C10839,0.9517498109478691
SV1_C22205,C22205,0.8744220743883647
SV1_C51092,C51092,0.918951562182671
SV1_C54098,C54098,0.9122122262719078
SV1_C48093,C48093,0.9823913091475969
SV1_C88806,C88806,0.9201192321931749
SV1_C92497,C92497,0.9912749076070678
SV1_C13900,C13900,0.889659660337128
SV1_C12045,C12045,0.9925593134328516
SV1_C75075,C75075,0.9833724569533103
SV1_C59446,C59446,0.9161987214324661
SV1_C24612,C24612,0.9671114086685696
SV1_C49236,C49236,0.9304548457648449
SV1_C99675,C99675,0.8587324935704339
SV1_C96073,C96073,0.9516447679960764
SV1_C54637,C54637,0.970407355206815
SV1_C67241,C67241,0.8783497681980328
SV1_C75665,C75665,0.8983808408071164
SV1_C73858,C73858,0.9508574404011246
SV1_C73822,C73822,0.9753106301307155
SV1_C96095,C96095,0.9225586404095577
SV1_C14480,C14480,0.9175763582668086
SV1_C09617,C09617,0.8995617008280771
SV1_C51009,C51009,0.8887883123091279
SV1_C90649,C90649,0.8919314648455634
SV1_C29420,C29420,0.9524089034786828
SV1_C31216,C31216,0.8941992600430695
SV1_C46822,C46822,0.8647306638500223
SV1_C07899,C07899,0.9729009232959087
SV1_C09001,C09001,0.9578184275517845
SV1_C04841,C04841,0.9046703870099239
SV1_C92408,C92408,0.8759881649012128
SV1_C20480,C20480,0.9437746538970904
SV1_C05403,C05403,0.9513937686783649
SV1_C76860,C76860,0.9307424127600298
SV1_C89443,C89443,0.9689449027259432
SV1_C12117,C12117,0.8613196363312794
SV1_C99000,C99000,0.979751464255724
SV1_C43912,C43912,0.943043731161615
SV1_C14443,C14443,0.9536629012445347
SV1_C91834,C91834,0.8657656986862429
SV1_C69714,C69714,0.8999622061304249
SV1_C05508,C05508,0.8815748657724064
SV1_C21621,C21621,0.8808963604040095
SV1_C27695,C27695,0.924562365108023
SV1_C12101,C12101,0.9924862698619088
SV1_C46913,C46913,0.9431559951066109
SV1_C04894,C04894,0.8818990123444985
SV1_C19841,C19841,0.8983180442064678
SV1_C24714,C24714,0.9050790291475033
SV1_C02417,C02417,0.9379342183807594
SV1_C54041,C54041,0.9706009896269114
SV1_C45020,C45020,0.843867149079488
SV1_C21713,C21713,0.8838743525926097
SV1_C10829,C10829,0.9766521341214994
SV1_C00677,C00677,0.9276325096398682
SV1_C98486,C98486,0.8838431231029243
SV1_C70887,C70887,0.9817684107504216
SV1_C18646,C18646,0.9853475904008444
SV1_C34895,C34895,0.9531598429911244
SV1_C69605,C69605,0.980750436292152
SV1_C28212,C28212,0.9313355973635999
SV1_C67246,C67246,0.9565703956870792
SV1_C75002,C75002,0.9237324933612194
SV1_C96622,C96622,0.9612080446404416
SV1_C80480,C80480,0.8872781629598423
SV1_C16209,C16209,0.9167901021755256
SV1_C76286,C76286,0.9197121877050412
SV1_C54097,C54097,0.9746320411037958
SV1_C87637,C87637,0.9885875606049331
SV1_C25301,C25301,0.9677753374097828
SV1_C56400,C56400,0.9900239380060496
SV1_C52202,C52202,0.8998586863388149
SV1_C92413,C92413,0.9196773843453173
SV1_C15639,C15639,0.9367440864573651
SV1_C53443,C53443,0.9198803960532502
SV1_C53423,C53423,0.9235074522522729
SV1_C07230,C07230,0.9505490587261354
SV1_C54040,C54040,0.9592313312077777
SV1_C48703,C48703,0.8556838381700487
SV1_C00119,C00119,0.868246206399172
SV1_C16814,C16814,0.9463322865968035
SV1_C13244,C13244,0.9417367243051517
SV1_C72071,C72071,0.9368065081976585
SV1_C88847,C88847,0.8842419742004974
SV1_C89493,C89493,0.8362738208098744
SV1_C06685,C06685,0.900508801253677
SV1_C88858,C88858,0.9238919255608723
SV1_C47444,C47444,0.8432711314488042
SV1_C18032,C18032,0.9260578064051698
SV1_C07815,C07815,0.8638566035993263
SV1_C13307,C13307,0.9983701685455231
SV1_C64289,C64289,0.8980779431983203
SV1_C63032,C63032,0.8894846794825317
SV1_C94884,C94884,0.9042261620917817
SV1_C12667,C12667,0.945346194777763
SV1_C62503,C62503,0.9141225905928975
SV1_C75700,C75700,0.9502508466712706
SV1_C16228,C16228,0.9439387182626181
SV1_C39610,C39610,0.9477300393076934
SV1_C50446,C50446,0.9215316190514066
SV1_C87052,C87052,0.9284946914057152
SV1_C61224,C61224,0.9884074511392819
SV1_C44497,C44497,0.9980699769481098
SV1_C95424,C95424,0.9095489742134085
SV1_C79217,C79217,0.923106635923567
SV1_C66093,C66093,0.9594734801923038
SV1_C90050,C90050,0.9082225465488752
SV1_C44450,C44450,0.9647057160874858
SV1_C75071,C75071,0.9238230853125016
SV1_C70846,C70846,0.928927888709285
SV1_C75021,C75021,0.9425470782453302
SV1_C32490,C32490,0.8516562581498291
SV1_C97876,C97876,0.9076598866427966
SV1_C92479,C92479,0.8775702050737498
SV1_C56411,C56411,0.8910384484627202
SV1_C79815,C79815,0.9444087985928188
SV1_C52900,C52900,0.9616856624453122
SV1_C81713,C81713,0.8810613362843225
SV1_C13288,C13288,0.9836215120450083
SV1_C07288,C07288,0.8653779041604698
SV1_C12623,C12623,0.9321203304846208
SV1_C09118,C09118,0.912028498285046
SV1_C78093,C78093,0.8831482224136903
SV1_C50504,C50504,0.9169031801035376
SV1_C96083,C96083,0.9054283346258146
SV1_C63018,C63018,0.8934626923094031
SV1_C48089,C48089,0.9157553859455649
SV1_C96099,C96099,0.9327070269744503
SV1_C63685,C63685,0.9557226676354088
SV1_C87101,C87101,0.9326406336780249
SV1_C45709,C45709,0.9928189146644458
SV1_C71415,C71415,0.8868198553218044
SV1_C84602,C84602,0.9372744677504031
SV1_C25243,C25243,0.9055240480973841
SV1_C25844,C25844,0.8190777945387592
SV1_C66602,C66602,0.949217926781376
SV1_C66041,C66041,0.8477859754571399
SV1_C95410,C95410,0.9502863491856257
SV1_C76245,C76245,0.9528296694524735
SV1_C39614,C39614,0.938213569672153
SV1_C09083,C09083,0.9565155255736387
SV1_C100217,C100217,0.9604868446080591
SV1_C71511,C71511,0.9737784666234935
SV1_C100225,C100225,0.9883789718993362
SV1_C52273,C52273,0.9827392443079485
SV1_C99073,C99073,0.8731825483377806
SV1_C63004,C63004,0.9439428862101034
SV1_C75102,C75102,0.9102636634519522
SV1_C47504,C47504,0.974394686759466
SV1_C39009,C39009,0.9509671142190266
SV1_C84691,C84691,0.8884337580271694
SV1_C01835,C01835,0.9867686580947189
SV1_C57029,C57029,0.8699513468664797
SV1_C87070,C87070,0.9407888407411531
SV1_C65400,C65400,0.9687290613249544
SV1_C33006,C33006,0.9327709401509788
SV1_C89491,C89491,0.9242224078680462
SV1_C55316,C55316,0.9490769408783302
SV1_C04896,C04896,0.9431483411738495
SV1_C48667,C48667,0.9288158927615657
SV1_C36613,C36613,0.903855570848352
SV1_C52301,C52301,0.941319341997778
SV1_C28900,C28900,0.8254290046539419
SV1_C93088,C93088,0.8031498922866273
SV1_C52290,C52290,0.8935440514140063
SV1_C83500,C83500,0.9174945956205222
SV1_C15075,C15075,0.9264015220998582
SV1_C21693,C21693,0.9416365985096052
SV1_C25280,C25280,0.9595770261095805
SV1_C02480,C02480,0.9732655412848109
SV1_C55317,C55317,0.9764571846089624
SV1_C85881,C85881,0.9976360408504747
SV1_C75715,C75715,0.9270810728790626
SV1_C08401,C08401,0.9610313528061989
SV1_C60602,C60602,0.9760573939855764
SV1_C10828,C10828,0.9641513281104805
SV1_C95488,C95488,0.941751815560951
SV1_C72036,C72036,0.9236812691540601
SV1_C00105,C00105,0.8580513763676798
SV1_C95504,C95504,0.9405847516652452
SV1_C87028,C87028,0.9905454696733743
SV1_C02472,C02472,0.9775528859641797
SV1_C64906,C64906,0.9785516026325698
SV1_C13207,C13207,0.9744348263852101
SV1_C49257,C49257,0.9583743198520511
SV1_C02490,C02490,0.9907685987101807
SV1_C18628,C18628,0.9085215885397522
SV1_C41418,C41418,0.9422811670065739
SV1_C21030,C21030,0.8783132547859968
SV1_C09052,C09052,0.9006951929176855
SV1_C76235,C76235,0.9491142928294996
SV1_C60705,C60705,0.9485144798498621
SV1_C93642,C93642,0.9636853568833152
SV1_C63626,C63626,0.8533550012824699
SV1_C49272,C49272,0.941291859487313
SV1_C65412,C65412,0.9408489633195636
SV1_C40206,C40206,0.961380902282639
SV1_C28821,C28821,0.9462601112276969
SV1_C15642,C15642,0.9421748582973956
SV1_C90016,C90016,0.9434097452694378
SV1_C57041,C57041,0.8498041232129706
SV1_C70842,C70842,0.8949540305683275
SV1_C89499,C89499,0.9242170391981024
SV1_C55885,C55885,0.9280929624276802
SV1_C84106,C84106,0.886085074564903
SV1_C62474,C62474,0.9822027977162439
SV1_C45063,C45063,0.9913206741735975
SV1_C93095,C93095,0.9445278118931436
SV1_C83475,C83475,0.9155733006558913
SV1_C87649,C87649,0.9216730414650585
SV1_C51084,C51084,0.9787960602980278
SV1_C21619,C21619,0.9722203304048223
SV1_C84717,C84717,0.8955558513179678
SV1_C70285,C70285,0.9836959472073792
SV1_C78700,C78700,0.937373678979409
SV1_C50479,C50479,0.9967889131746119
SV1_C60716,C60716,0.9206981996487597
SV1_C90115,C90115,0.8702070272816902
SV1_C00005,C00005,0.9986848200925816
SV1_C09109,C09109,0.9167757396597764
SV1_C76880,C76880,0.8798406952407907
SV1_C02482,C02482,0.8934187732533511
SV1_C89481,C89481,0.9812329753081345
SV1_C61829,C61829,0.995465105001628
SV1_C55873,C55873,0.9589582752517913
SV1_C36609,C36609,0.9150212760854602
SV1_C35500,C35500,0.9150027772943713
SV1_C54710,C54710,0.918198798387981
SV1_C07911,C07911,0.9636798082941064
SV1_C90616,C90616,0.9495327988668737
SV1_C89452,C89452,0.921374516874463
SV1_C76823,C76823,0.8774803682266034
SV1_C49262,C49262,0.9895480715637689
SV1_C75602,C75602,0.9104816649172148
SV1_C63698,C63698,0.9437420476009779
SV1_C87059,C87059,0.9992939932368928
SV1_C50515,C50515,0.9981125384623435
SV1_C58245,C58245,0.8890687983718296
SV1_C22839,C22839,0.9579636237588298
SV1_C66626,C66626,0.8810893009016484
SV1_C09703,C09703,0.9661343474237261
SV1_C91858,C91858,0.9220502571026256
SV1_C11443,C11443,0.8749177027601807
SV1_C25831,C25831,0.9969014187046904
SV1_C09020,C09020,0.945902500655347
SV1_C04246,C04246,0.9199291824110125
SV1_C66623,C66623,0.9981935903293732
SV1_C88893,C88893,0.8336308639557473
SV1_C06038,C06038,0.9817539402035679
SV1_C44488,C44488,0.9255879674052211
SV1_C48078,C48078,0.9410105307754205
SV1_C08507,C08507,0.9722081075787965
SV1_C08516,C08516,0.8693746613135284
SV1_C71409,C71409,0.9940748325093217
SV1_C01311,C01311,0.911144797464176
SV1_C58221,C58221,0.9570761194914754
SV1_C49303,C49303,0.8772169424131191
SV1_C83485,C83485,0.8800821445099852
SV1_C93023,C93023,0.8560942654793022
SV1_C55911,C55911,0.9503184964598781
SV1_C100279,C100279,0.8299299956632009
SV1_C88859,C88859,0.9953694940722883
SV1_C57001,C57001,0.9998952750206037
SV1_C56505,C56505,0.9408866799307523
SV1_C53495,C53495,0.9253418173138408
SV1_C78679,C78679,0.8856064676033399
SV1_C99693,C99693,0.8789655796510097
SV1_C27714,C27714,0.9655110508326349
SV1_C30081,C30081,0.9483475925033423
SV1_C09629,C09629,0.9964704775539641
SV1_C70273,C70273,0.9964082096769413
SV1_C54632,C54632,0.9814934671122391
SV1_C28822,C28822,0.9117555329465612
SV1_C12053,C12053,0.9439521689594057
SV1_C53498,C53498,0.8967818981627693
SV1_C13268,C13268,0.9902355249734902
SV1_C49898,C49898,0.8977619314650098
SV1_C96708,C96708,0.92089213483373
SV1_C73845,C73845,0.9229966590246362
SV1_C03717,C03717,0.8697811363603837
SV1_C45087,C45087,0.9906343708565064
SV1_C30607,C30607,0.883537765107434
SV1_C99023,C99023,0.940457927852554
SV1_C66020,C66020,0.9981613671117773
SV1_C49889,C49889,0.8977044001760442
SV1_C81018,C81018,0.9014518326818792
SV1_C66682,C66682,0.9598454874312268
SV1_C77457,C77457,0.9346636605445315
SV1_C26439,C26439,0.9609590659756052
SV1_C97897,C97897,0.9500599439498393
SV1_C18676,C18676,0.989631663611667
SV1_C13209,C13209,0.8531637684309809
SV1_C12712,C12712,0.9082035613231458
SV1_C09014,C09014,0.8923628699889151
SV1_C84682,C84682,0.9635565544768089
SV1_C78608,C78608,0.8266344771630966
SV1_C24093,C24093,0.9758892383627701
SV1_C96119,C96119,0.993927493214878
SV1_C85889,C85889,0.89969746743947
SV1_C82898,C82898,0.9062980936414494
SV1_C15001,C15001,0.9132045654750462
SV1_C92515,C92515,0.8137326393727905
SV1_C16219,C16219,0.9020437170683072
SV1_C98502,C98502,0.9531164441878053
SV1_C12628,C12628,0.9509756437842722
SV1_C18003,C18003,0.9745986833027332
SV1_C60011,C60011,0.9397225785976636
SV1_C06602,C06602,0.897538716773462
SV1_C97232,C97232,0.8913248853286686
SV1_C94885,C94885,0.9370710615917627
SV1_C06625,C06625,0.9580386756907328
SV1_C10263,C10263,0.9666166078535203
SV1_C85207,C85207,0.9664979771863089
SV1_C44452,C44452,0.9925172719292622
SV1_C07824,C07824,0.9909970411775944
SV1_C63015,C63015,0.8732530770038662
SV1_C46896,C46896,0.983693389753625
SV1_C39607,C39607,0.985725399289383
SV1_C31276,C31276,0.9887583745668601
SV1_C72685,C72685,0.9309613522972723
SV1_C88809,C88809,0.9270231882774814
SV1_C91294,C91294,0.9313997091418313
SV1_C94831,C94831,0.9696583179446947
SV1_C13827,C13827,0.8652342521151618
SV1_C87701,C87701,0.9339985014281473
SV1_C03072,C03072,0.9855155766411643
SV1_C94844,C94844,0.8397279451771938
SV1_C61216,C61216,0.9174078048304646
SV1_C96702,C96702,0.997791311458943
SV1_C32499,C32499,0.9781378818287503
SV1_C07267,C07267,0.9642969027214774
SV1_C93090,C93090,0.8473990566216875
SV1_C27086,C27086,0.9761587358221961
SV1_C27114,C27114,0.9279302313177894
SV1_C44490,C44490,0.9014930880504065
SV1_C01845,C01845,0.9921826118974456
SV1_C57622,C57622,0.922844454486896
SV1_C45073,C45073,0.9977670641600811
SV1_C22238,C22238,0.9019267283012835
SV1_C93638,C93638,0.9363012578577442
SV1_C30079,C30079,0.9744434451340974
SV1_C54043,C54043,0.9143505969124494
SV1_C25809,C25809,0.9278229278480276
SV1_C22278,C22278,0.8620573190129708
SV1_C27075,C27075,0.867459850381205
SV1_C04203,C04203,0.9977296656727789
SV1_C43872,C43872,0.9898259053701458
SV1_C20487,C20487,0.95433334455166
SV1_C06705,C06705,0.929611575681763
SV1_C61213,C61213,0.9574623758357801
SV1_C31884,C31884,0.9634549306513392
SV1_C02477,C02477,0.963753420757935
SV1_C03011,C03011,0.9970892006419272
SV1_C90638,C90638,0.949549266131179
SV1_C12077,C12077,0.8938861643984742
SV1_C30098,C30098,0.924435028378095
SV1_C40804,C40804,0.9882756375801138
SV1_C42017,C42017,0.9511502557345569
SV1_C99045,C99045,0.8889779693247238
SV1_C66696,C66696,0.9174158568540172
