LINESTRING (386225.134190 6675259.622177, 386218.394906 6675252.353947)

LINESTRING (386225.134190 6675259.622177, 386232.099995 6675267.039394, 386233.505693 6675268.533594, 386234.125405 6675269.194125)

LINESTRING (386218.394906 6675252.353947, 386226.711326 6675245.041021)

LINESTRING (386218.394906 6675252.353947, 386207.800181 6675259.726604)

LINESTRING (386218.394906 6675252.353947, 386225.134190 6675259.622177)

LINESTRING (386218.394906 6675252.353947, 386212.260077 6675245.612999, 386204.229686 6675236.791316, 386197.085371 6675228.989650)

LINESTRING (386234.125405 6675269.194125, 386241.877503 6675277.456163)

LINESTRING (386234.125405 6675269.194125, 386248.134814 6675271.722925)

LINESTRING (386234.125405 6675269.194125, 386233.505693 6675268.533594, 386232.099995 6675267.039394, 386225.134190 6675259.622177)

LINESTRING (386241.877503 6675277.456163, 386234.125405 6675269.194125)

LINESTRING (386241.877503 6675277.456163, 386239.013871 6675287.597320, 386240.637435 6675289.675393)

LINESTRING (386240.637435 6675289.675393, 386233.728558 6675296.398456)

LINESTRING (386240.637435 6675289.675393, 386247.901762 6675282.606965, 386254.954817 6675275.166217)

LINESTRING (386240.637435 6675289.675393, 386239.013871 6675287.597320, 386241.877503 6675277.456163)

LINESTRING (385989.394695 6675095.739419, 385998.656802 6675097.055617)

LINESTRING (385989.394695 6675095.739419, 385990.782053 6675085.599469)

LINESTRING (385989.394695 6675095.739419, 385979.155352 6675095.289518, 385976.894222 6675095.192813)

LINESTRING (385998.656802 6675097.055617, 385989.394695 6675095.739419)

LINESTRING (385998.656802 6675097.055617, 386003.422961 6675097.776381, 386005.151291 6675098.045721, 386012.404113 6675099.335396, 386019.643757 6675100.380322, 386034.122012 6675103.150050, 386050.843735 6675107.588476, 386074.450010 6675117.173015, 386093.050016 6675127.949962)

LINESTRING (385998.656802 6675097.055617, 385998.531774 6675097.850757, 385997.950963 6675101.468456, 385997.529124 6675104.133939)

LINESTRING (385998.656802 6675097.055617, 385998.854212 6675095.734441, 385999.811845 6675089.786990, 386000.064947 6675086.335521)

LINESTRING (385990.782053 6675085.599469, 385989.394695 6675095.739419)

LINESTRING (385990.782053 6675085.599469, 385989.869560 6675085.516457, 385985.302939 6675085.146110, 385980.525343 6675084.771198)

LINESTRING (385990.782053 6675085.599469, 385996.744432 6675086.071212, 386000.064947 6675086.335521)

LINESTRING (385990.782053 6675085.599469, 385991.224305 6675082.342702, 385997.439490 6675036.791819)

LINESTRING (385976.894222 6675095.192813, 385979.155352 6675095.289518, 385989.394695 6675095.739419)

LINESTRING (385976.894222 6675095.192813, 385976.850631 6675096.464620, 385976.649989 6675102.667097)

LINESTRING (385976.894222 6675095.192813, 385977.003874 6675091.589791, 385977.129808 6675087.975118)

LINESTRING (386327.035928 6674955.225975, 386331.197817 6674959.353791)

LINESTRING (386327.035928 6674955.225975, 386323.433194 6674950.880197)

LINESTRING (386327.035928 6674955.225975, 386323.852012 6674958.110944)

LINESTRING (386331.197817 6674959.353791, 386379.464581 6674917.768974)

LINESTRING (386331.197817 6674959.353791, 386327.035928 6674955.225975)

LINESTRING (386331.197817 6674959.353791, 386325.788641 6674964.012951, 386323.853457 6674963.694164)

LINESTRING (386323.433194 6674950.880197, 386327.035928 6674955.225975)

LINESTRING (386323.433194 6674950.880197, 386322.295089 6674951.929679, 386298.929365 6674947.952754)

LINESTRING (386323.852012 6674958.110944, 386327.035928 6674955.225975)

LINESTRING (386323.852012 6674958.110944, 386323.853457 6674963.694164)

LINESTRING (386323.852012 6674958.110944, 386321.816705 6674957.784123, 386294.716796 6674952.909108, 386289.600276 6674952.165414)

LINESTRING (386259.607277 6675059.135102, 386254.804660 6675050.279834)

LINESTRING (386259.607277 6675059.135102, 386261.955899 6675064.188454)

LINESTRING (386259.607277 6675059.135102, 386274.927948 6674978.331160, 386279.556115 6674957.470169, 386281.002082 6674950.437789)

LINESTRING (386259.607277 6675059.135102, 386265.440059 6675060.257678, 386301.825947 6675088.848604, 386319.989076 6675073.796752, 386355.342299 6675043.968731, 386365.956190 6675033.074366)

LINESTRING (386254.804660 6675050.279834, 386259.607277 6675059.135102)

LINESTRING (386254.804660 6675050.279834, 386251.497601 6675051.697658, 386247.312724 6675052.006060, 386225.804383 6675048.506807, 386225.866760 6675047.657904)

LINESTRING (386261.955899 6675064.188454, 386259.607277 6675059.135102)

LINESTRING (386261.955899 6675064.188454, 386226.466526 6675058.560626, 386224.864287 6675058.777609)

LINESTRING (386261.955899 6675064.188454, 386301.616015 6675096.912418, 386379.377795 6675030.228144)

LINESTRING (386281.002082 6674950.437789, 386286.685983 6674920.160547)

LINESTRING (386281.002082 6674950.437789, 386289.600276 6674952.165414)

LINESTRING (386281.002082 6674950.437789, 386279.556115 6674957.470169, 386274.927948 6674978.331160, 386259.607277 6675059.135102)

LINESTRING (386281.002082 6674950.437789, 386286.108560 6674959.606833, 386284.624724 6674969.170132, 386282.152000 6674982.976688, 386280.248549 6674995.283370, 386279.378465 6675000.135870, 386277.624783 6675010.119896, 386274.982324 6675025.246757, 386272.803873 6675037.272242, 386270.407160 6675050.129188, 386302.756265 6675077.006795, 386306.312471 6675073.965360, 386350.924305 6675037.486268, 386356.964627 6675032.250327, 386367.552307 6675025.691891)

LINESTRING (386365.956190 6675033.074366, 386367.552307 6675025.691891)

LINESTRING (386365.956190 6675033.074366, 386377.212235 6675030.529417, 386379.377795 6675030.228144)

LINESTRING (386365.956190 6675033.074366, 386355.342299 6675043.968731, 386319.989076 6675073.796752, 386301.825947 6675088.848604, 386265.440059 6675060.257678, 386259.607277 6675059.135102)

LINESTRING (386367.552307 6675025.691891, 386365.956190 6675033.074366)

LINESTRING (386367.552307 6675025.691891, 386382.194342 6675013.546922, 386394.503151 6675002.733752, 386409.424389 6674988.674567, 386430.637741 6674969.973612)

LINESTRING (386379.377795 6675030.228144, 386301.616015 6675096.912418, 386261.955899 6675064.188454)

LINESTRING (386379.377795 6675030.228144, 386375.245872 6675025.452983, 386432.938329 6674975.452037)

LINESTRING (386379.377795 6675030.228144, 386377.212235 6675030.529417, 386365.956190 6675033.074366)

LINESTRING (386430.637741 6674969.973612, 386439.180912 6674969.396436)

LINESTRING (386430.637741 6674969.973612, 386432.938329 6674975.452037)

LINESTRING (386430.637741 6674969.973612, 386436.128531 6674972.767567)

LINESTRING (386430.637741 6674969.973612, 386409.424389 6674988.674567, 386394.503151 6675002.733752, 386382.194342 6675013.546922, 386367.552307 6675025.691891)

LINESTRING (386430.637741 6674969.973612, 386399.146617 6674932.124609, 386396.911230 6674929.463670)

LINESTRING (386439.180912 6674969.396436, 386430.637741 6674969.973612)

LINESTRING (386439.180912 6674969.396436, 386438.810480 6674970.511210, 386436.128531 6674972.767567)

LINESTRING (386439.180912 6674969.396436, 386415.500519 6674943.117794, 386400.819360 6674925.597882)

LINESTRING (386432.938329 6674975.452037, 386446.498177 6674991.892438)

LINESTRING (386432.938329 6674975.452037, 386430.637741 6674969.973612)

LINESTRING (386432.938329 6674975.452037, 386436.128531 6674972.767567)

LINESTRING (386432.938329 6674975.452037, 386375.245872 6675025.452983, 386379.377795 6675030.228144)

LINESTRING (386436.128531 6674972.767567, 386432.938329 6674975.452037)

LINESTRING (386436.128531 6674972.767567, 386430.637741 6674969.973612)

LINESTRING (386436.128531 6674972.767567, 386438.810480 6674970.511210, 386439.180912 6674969.396436)

LINESTRING (386436.128531 6674972.767567, 386437.030613 6674973.229917, 386439.829030 6674974.368936, 386442.409975 6674974.400282)

LINESTRING (386396.911230 6674929.463670, 386400.819360 6674925.597882)

LINESTRING (386396.911230 6674929.463670, 386392.787620 6674933.358440)

LINESTRING (386396.911230 6674929.463670, 386399.146617 6674932.124609, 386430.637741 6674969.973612)

LINESTRING (385999.246315 6675023.551840, 385998.193457 6675031.251909)

LINESTRING (385999.246315 6675023.551840, 385999.828853 6675019.276575, 386002.046198 6675005.321718)

LINESTRING (385999.246315 6675023.551840, 386000.718319 6675023.784587, 386009.153317 6675025.082010)

LINESTRING (385998.193457 6675031.251909, 385997.439490 6675036.791819)

LINESTRING (385998.193457 6675031.251909, 385999.246315 6675023.551840)

LINESTRING (385998.193457 6675031.251909, 385996.672611 6675031.054117, 385989.541955 6675030.128422)

LINESTRING (386002.046198 6675005.321718, 386001.108599 6675001.405852, 385999.845990 6674996.140509, 385999.235109 6674993.094863)

LINESTRING (386002.046198 6675005.321718, 385999.828853 6675019.276575, 385999.246315 6675023.551840)

LINESTRING (386009.153317 6675025.082010, 386006.951511 6675037.933094)

LINESTRING (386009.153317 6675025.082010, 386010.861963 6675016.347387)

LINESTRING (386009.153317 6675025.082010, 386000.718319 6675023.784587, 385999.246315 6675023.551840)

LINESTRING (386009.153317 6675025.082010, 386014.511971 6675025.940355, 386029.085080 6675028.183339)

LINESTRING (386119.137195 6675147.375949, 386113.374541 6675153.316896)

LINESTRING (386119.137195 6675147.375949, 386125.420884 6675141.062181)

LINESTRING (386119.137195 6675147.375949, 386126.007453 6675153.492076, 386165.666168 6675195.787551, 386197.085371 6675228.989650)

LINESTRING (386119.137195 6675147.375949, 386114.212093 6675143.684465, 386093.050016 6675127.949962)

LINESTRING (386113.374541 6675153.316896, 386119.137195 6675147.375949)

LINESTRING (386113.374541 6675153.316896, 386088.045690 6675134.012217)

LINESTRING (386113.374541 6675153.316896, 386159.544984 6675200.725451, 386204.708626 6675247.909538, 386206.568795 6675252.242524, 386207.800181 6675259.726604)

LINESTRING (386125.420884 6675141.062181, 386119.137195 6675147.375949)

LINESTRING (386125.420884 6675141.062181, 386174.140929 6675189.639729, 386204.839232 6675221.605018)

LINESTRING (386125.420884 6675141.062181, 386122.311378 6675137.414480, 386098.729868 6675120.596239, 386078.019401 6675108.503079, 386054.374984 6675099.298609, 386038.501968 6675094.677713, 386014.703342 6675089.612822, 386000.064947 6675086.335521)

LINESTRING (386125.420884 6675141.062181, 386149.112659 6675114.180482, 386197.193434 6675120.441180, 386206.536786 6675122.056266)

LINESTRING (386197.085371 6675228.989650, 386204.839232 6675221.605018)

LINESTRING (386197.085371 6675228.989650, 386204.229686 6675236.791316, 386212.260077 6675245.612999, 386218.394906 6675252.353947)

LINESTRING (386197.085371 6675228.989650, 386165.666168 6675195.787551, 386126.007453 6675153.492076, 386119.137195 6675147.375949)

LINESTRING (386093.050016 6675127.949962, 386088.887478 6675132.893872, 386088.045690 6675134.012217)

LINESTRING (386093.050016 6675127.949962, 386114.212093 6675143.684465, 386119.137195 6675147.375949)

LINESTRING (386093.050016 6675127.949962, 386074.450010 6675117.173015, 386050.843735 6675107.588476, 386034.122012 6675103.150050, 386019.643757 6675100.380322, 386012.404113 6675099.335396, 386005.151291 6675098.045721, 386003.422961 6675097.776381, 385998.656802 6675097.055617)

LINESTRING (386447.345298 6675094.638220, 386452.713684 6675100.645528)

LINESTRING (386447.345298 6675094.638220, 386452.250336 6675090.362640)

LINESTRING (386447.345298 6675094.638220, 386442.358857 6675098.972054, 386395.477607 6675139.733011, 386389.718728 6675144.737270, 386372.297029 6675159.899487, 386362.443690 6675168.474516, 386349.759688 6675179.511218, 386335.250072 6675192.142586, 386317.397531 6675207.530208, 386304.688511 6675218.645865, 386300.109464 6675222.510335)

LINESTRING (386452.713684 6675100.645528, 386447.345298 6675094.638220)

LINESTRING (386452.713684 6675100.645528, 386449.908835 6675103.050568)

LINESTRING (386452.713684 6675100.645528, 386455.793964 6675097.997915)

LINESTRING (386452.250336 6675090.362640, 386447.345298 6675094.638220)

LINESTRING (386452.250336 6675090.362640, 386455.361266 6675094.066285, 386456.202300 6675095.065456)

LINESTRING (386452.250336 6675090.362640, 386448.097108 6675085.432044, 386445.887484 6675082.703414, 386443.999297 6675080.499733, 386440.389533 6675076.276654, 386438.182663 6675073.637097, 386434.081702 6675068.782903, 386433.142972 6675067.675327)

LINESTRING (386300.109464 6675222.510335, 386291.010225 6675231.953677)

LINESTRING (386300.109464 6675222.510335, 386296.361090 6675218.291703, 386295.199962 6675216.990476, 386293.918632 6675215.570398, 386291.924066 6675213.336667, 386290.319890 6675211.525430, 386289.342696 6675210.430230, 386285.732512 6675206.374477, 386282.668941 6675202.948106, 386280.409711 6675200.410567)

LINESTRING (386300.109464 6675222.510335, 386304.196259 6675227.086214, 386305.547206 6675228.604430)

LINESTRING (386300.109464 6675222.510335, 386304.688511 6675218.645865, 386317.397531 6675207.530208, 386335.250072 6675192.142586, 386349.759688 6675179.511218, 386362.443690 6675168.474516, 386372.297029 6675159.899487, 386389.718728 6675144.737270, 386395.477607 6675139.733011, 386442.358857 6675098.972054, 386447.345298 6675094.638220)

LINESTRING (386291.010225 6675231.953677, 386296.563714 6675236.952026)

LINESTRING (386291.010225 6675231.953677, 386300.109464 6675222.510335)

LINESTRING (386291.010225 6675231.953677, 386275.600614 6675247.209879, 386256.221576 6675264.339196, 386251.099796 6675268.944980, 386248.134814 6675271.722925)

LINESTRING (386291.010225 6675231.953677, 386283.122999 6675225.233642, 386280.731778 6675223.268563, 386273.554645 6675217.083690, 386267.439647 6675209.194177)

LINESTRING (386296.563714 6675236.952026, 386291.010225 6675231.953677)

LINESTRING (386296.563714 6675236.952026, 386292.503959 6675241.101263)

LINESTRING (386296.563714 6675236.952026, 386300.321050 6675233.068508)

LINESTRING (386296.563714 6675236.952026, 386299.817437 6675240.071603, 386304.920201 6675245.563172)

LINESTRING (386248.134814 6675271.722925, 386241.877503 6675277.456163)

LINESTRING (386248.134814 6675271.722925, 386254.954817 6675275.166217)

LINESTRING (386248.134814 6675271.722925, 386251.099796 6675268.944980, 386256.221576 6675264.339196, 386275.600614 6675247.209879, 386291.010225 6675231.953677)

LINESTRING (386267.439647 6675209.194177, 386277.117680 6675201.772185)

LINESTRING (386267.439647 6675209.194177, 386259.594904 6675215.623090)

LINESTRING (386267.439647 6675209.194177, 386273.554645 6675217.083690, 386280.731778 6675223.268563, 386283.122999 6675225.233642, 386291.010225 6675231.953677)

LINESTRING (386267.439647 6675209.194177, 386264.688558 6675204.755125, 386253.652270 6675186.866195, 386249.857467 6675179.729256)

LINESTRING (386446.007292 6675326.290300, 386431.146184 6675327.409071, 386421.702632 6675326.298038, 386412.322313 6675327.402770, 386404.307803 6675329.434670, 386397.190340 6675333.734448, 386385.535913 6675340.571135)

LINESTRING (386446.007292 6675326.290300, 386438.157238 6675338.447130, 386433.178089 6675347.472489, 386429.544005 6675356.935307)

LINESTRING (386385.535913 6675340.571135, 386411.060516 6675361.097543)

LINESTRING (386385.535913 6675340.571135, 386397.190340 6675333.734448, 386404.307803 6675329.434670, 386412.322313 6675327.402770, 386421.702632 6675326.298038, 386431.146184 6675327.409071, 386446.007292 6675326.290300)

LINESTRING (386385.535913 6675340.571135, 386384.616981 6675339.384948, 386381.263374 6675329.292108, 386390.583261 6675324.990775, 386390.006566 6675323.927691, 386383.134290 6675317.900316, 386380.920217 6675315.561914)

LINESTRING (386385.535913 6675340.571135, 386380.219027 6675345.862594, 386370.574081 6675359.880687)

LINESTRING (386429.544005 6675356.935307, 386424.511984 6675359.966722, 386419.058700 6675363.724453)

LINESTRING (386429.544005 6675356.935307, 386433.178089 6675347.472489, 386438.157238 6675338.447130, 386446.007292 6675326.290300)

LINESTRING (386419.058700 6675363.724453, 386412.801052 6675368.019799)

LINESTRING (386419.058700 6675363.724453, 386424.511984 6675359.966722, 386429.544005 6675356.935307)

LINESTRING (386419.058700 6675363.724453, 386414.384443 6675362.911158, 386411.060516 6675361.097543)

LINESTRING (386400.036940 6675384.318922, 386409.144990 6675391.424766, 386411.674237 6675393.552801, 386413.937412 6675396.224021, 386415.113640 6675398.193467, 386416.118292 6675401.784155, 386417.049266 6675408.898710)

LINESTRING (386400.036940 6675384.318922, 386401.784121 6675379.662103, 386405.606269 6675374.472803, 386412.801052 6675368.019799)

LINESTRING (386400.036940 6675384.318922, 386392.878404 6675382.468368, 386364.521647 6675381.499045, 386357.789035 6675381.931044)

LINESTRING (386417.049266 6675408.898710, 386416.118292 6675401.784155, 386415.113640 6675398.193467, 386413.937412 6675396.224021, 386411.674237 6675393.552801, 386409.144990 6675391.424766, 386400.036940 6675384.318922)

LINESTRING (386412.801052 6675368.019799, 386419.058700 6675363.724453)

LINESTRING (386412.801052 6675368.019799, 386405.606269 6675374.472803, 386401.784121 6675379.662103, 386400.036940 6675384.318922)

LINESTRING (386412.801052 6675368.019799, 386412.887085 6675366.144896, 386411.060516 6675361.097543)

LINESTRING (386357.789035 6675381.931044, 386355.056424 6675386.295313)

LINESTRING (386357.789035 6675381.931044, 386369.597501 6675361.304047, 386370.574081 6675359.880687)

LINESTRING (386357.789035 6675381.931044, 386364.521647 6675381.499045, 386392.878404 6675382.468368, 386400.036940 6675384.318922)

LINESTRING (386355.056424 6675386.295313, 386357.789035 6675381.931044)

LINESTRING (386355.056424 6675386.295313, 386340.305518 6675384.524680)

LINESTRING (386370.574081 6675359.880687, 386369.597501 6675361.304047, 386357.789035 6675381.931044)

LINESTRING (386370.574081 6675359.880687, 386380.219027 6675345.862594, 386385.535913 6675340.571135)

LINESTRING (386370.574081 6675359.880687, 386366.645957 6675358.977415, 386359.072558 6675360.026168)

LINESTRING (386411.060516 6675361.097543, 386385.535913 6675340.571135)

LINESTRING (386411.060516 6675361.097543, 386412.887085 6675366.144896, 386412.801052 6675368.019799)

LINESTRING (386411.060516 6675361.097543, 386414.384443 6675362.911158, 386419.058700 6675363.724453)

LINESTRING (386380.920217 6675315.561914, 386370.153060 6675313.455702, 386362.029849 6675307.701243)

LINESTRING (386380.920217 6675315.561914, 386384.418956 6675314.606305, 386392.941782 6675310.719780, 386400.328726 6675307.414610, 386408.864075 6675303.215695)

LINESTRING (386380.920217 6675315.561914, 386383.134290 6675317.900316, 386390.006566 6675323.927691, 386390.583261 6675324.990775, 386381.263374 6675329.292108, 386384.616981 6675339.384948, 386385.535913 6675340.571135)

LINESTRING (386289.600276 6674952.165414, 386292.156720 6674958.549637)

LINESTRING (386289.600276 6674952.165414, 386286.892078 6674945.897351)

LINESTRING (386289.600276 6674952.165414, 386281.002082 6674950.437789)

LINESTRING (386289.600276 6674952.165414, 386294.716796 6674952.909108, 386321.816705 6674957.784123, 386323.852012 6674958.110944)

LINESTRING (386011.056541 6675356.152871, 386016.500561 6675329.493293)

LINESTRING (386011.056541 6675356.152871, 386019.331768 6675357.154368)

LINESTRING (386011.056541 6675356.152871, 386010.271816 6675361.415135)

LINESTRING (386016.500561 6675329.493293, 386020.957599 6675307.656518)

LINESTRING (386016.500561 6675329.493293, 386011.056541 6675356.152871)

LINESTRING (386016.500561 6675329.493293, 386024.760973 6675331.085914)

LINESTRING (386019.331768 6675357.154368, 386024.760973 6675331.085914)

LINESTRING (386019.331768 6675357.154368, 386027.733093 6675358.463995)

LINESTRING (386019.331768 6675357.154368, 386011.056541 6675356.152871)

LINESTRING (386019.331768 6675357.154368, 386016.013371 6675360.333571)

LINESTRING (386010.271816 6675361.415135, 386018.068297 6675379.460016)

LINESTRING (386010.271816 6675361.415135, 385988.178633 6675381.650614)

LINESTRING (386010.271816 6675361.415135, 386011.056541 6675356.152871)

LINESTRING (386010.271816 6675361.415135, 386016.013371 6675360.333571)

LINESTRING (386010.271816 6675361.415135, 386005.812580 6675361.097151, 386004.845764 6675360.870956, 385988.645133 6675357.987890)

LINESTRING (385984.794012 6675375.582149, 385983.274275 6675380.934191)

LINESTRING (385983.274275 6675380.934191, 385976.630984 6675413.426241)

LINESTRING (385983.274275 6675380.934191, 385984.794012 6675375.582149)

LINESTRING (386170.620697 6675418.162147, 386173.290708 6675419.995892)

LINESTRING (386170.620697 6675418.162147, 386177.764432 6675407.051945)

LINESTRING (386170.620697 6675418.162147, 386166.777441 6675415.529087, 386140.799731 6675398.127692, 386114.263374 6675380.431820, 386111.902642 6675378.911673)

LINESTRING (386173.290708 6675419.995892, 386170.620697 6675418.162147)

LINESTRING (386173.290708 6675419.995892, 386199.737216 6675426.082638, 386177.764432 6675407.051945)

LINESTRING (386177.764432 6675407.051945, 386170.620697 6675418.162147)

LINESTRING (386177.764432 6675407.051945, 386182.734221 6675396.678044, 386194.169664 6675372.830206)

LINESTRING (386177.764432 6675407.051945, 386199.737216 6675426.082638, 386173.290708 6675419.995892)

LINESTRING (386111.902642 6675378.911673, 386109.594214 6675377.289600)

LINESTRING (386111.902642 6675378.911673, 386115.048241 6675375.169580, 386125.934613 6675382.353120)

LINESTRING (386111.902642 6675378.911673, 386114.263374 6675380.431820, 386140.799731 6675398.127692, 386166.777441 6675415.529087, 386170.620697 6675418.162147)

LINESTRING (386027.215354 6675276.837086, 386025.631513 6675284.765432)

LINESTRING (386027.215354 6675276.837086, 386035.493916 6675279.186981)

LINESTRING (386027.215354 6675276.837086, 386028.745530 6675269.501059, 386031.291589 6675257.909706)

LINESTRING (386027.215354 6675276.837086, 386019.391989 6675275.208552, 385998.299288 6675270.951063)

LINESTRING (386025.631513 6675284.765432, 386027.215354 6675276.837086)

LINESTRING (386025.631513 6675284.765432, 386033.973436 6675286.656434)

LINESTRING (386025.631513 6675284.765432, 386024.226041 6675291.651805, 386020.957599 6675307.656518)

LINESTRING (386025.631513 6675284.765432, 386017.736104 6675282.960838, 385996.711343 6675278.745820)

LINESTRING (386035.493916 6675279.186981, 386027.215354 6675276.837086)

LINESTRING (386035.493916 6675279.186981, 386033.973436 6675286.656434)

LINESTRING (386035.493916 6675279.186981, 386037.103690 6675279.571467, 386071.919338 6675287.491798, 386076.479818 6675288.386216, 386086.151888 6675289.344376)

LINESTRING (386035.493916 6675279.186981, 386037.030667 6675271.170952, 386039.539339 6675259.625347)

LINESTRING (386031.291589 6675257.909706, 386039.539339 6675259.625347)

LINESTRING (386031.291589 6675257.909706, 386036.245846 6675233.327122)

LINESTRING (386031.291589 6675257.909706, 386028.745530 6675269.501059, 386027.215354 6675276.837086)

LINESTRING (385998.299288 6675270.951063, 385971.087827 6675265.469055)

LINESTRING (385998.299288 6675270.951063, 385996.711343 6675278.745820)

LINESTRING (385998.299288 6675270.951063, 385998.725286 6675268.954106, 385999.780206 6675263.282228, 386000.389765 6675260.410298)

LINESTRING (385998.299288 6675270.951063, 386019.391989 6675275.208552, 386027.215354 6675276.837086)

LINESTRING (386086.151888 6675289.344376, 386092.380663 6675290.365181)

LINESTRING (386086.151888 6675289.344376, 386084.577280 6675297.216684)

LINESTRING (386086.151888 6675289.344376, 386076.479818 6675288.386216, 386071.919338 6675287.491798, 386037.103690 6675279.571467, 386035.493916 6675279.186981)

LINESTRING (386092.380663 6675290.365181, 386086.151888 6675289.344376)

LINESTRING (386092.380663 6675290.365181, 386095.249620 6675290.922233)

LINESTRING (386092.380663 6675290.365181, 386098.454469 6675262.883763, 386104.424860 6675239.384085, 386112.947604 6675236.210139, 386115.410566 6675233.347410, 386118.235446 6675221.613721, 386124.545653 6675213.125986, 386127.490469 6675205.244491, 386129.211425 6675199.752529)

LINESTRING (386084.577280 6675297.216684, 386086.151888 6675289.344376)

LINESTRING (386084.577280 6675297.216684, 386035.751217 6675287.091408, 386033.973436 6675286.656434)

LINESTRING (386084.577280 6675297.216684, 386089.549640 6675299.045556, 386092.842967 6675301.116160, 386096.499359 6675305.226011)

LINESTRING (386205.859533 6675348.238976, 386216.766572 6675355.734179)

LINESTRING (386205.859533 6675348.238976, 386198.657893 6675343.046855)

LINESTRING (386205.859533 6675348.238976, 386198.342816 6675364.130460)

LINESTRING (386205.859533 6675348.238976, 386213.063431 6675338.698324, 386220.790708 6675333.855435, 386222.244668 6675327.268539, 386224.727096 6675321.463193)

LINESTRING (386216.766572 6675355.734179, 386227.806591 6675362.868661)

LINESTRING (386216.766572 6675355.734179, 386205.859533 6675348.238976)

LINESTRING (386216.766572 6675355.734179, 386216.740558 6675358.108716, 386212.845552 6675363.980289)

LINESTRING (386216.766572 6675355.734179, 386223.554127 6675344.936050, 386229.302451 6675337.647260, 386229.334052 6675333.311160, 386227.949209 6675329.097115, 386230.524098 6675325.194566)

LINESTRING (386198.657893 6675343.046855, 386205.859533 6675348.238976)

LINESTRING (386198.657893 6675343.046855, 386204.749821 6675334.320872, 386228.445764 6675301.533062, 386233.728558 6675296.398456)

LINESTRING (386198.657893 6675343.046855, 386162.244136 6675396.780598, 386158.149739 6675403.906597, 386153.382329 6675415.433243, 386150.563050 6675422.352410)

LINESTRING (386198.342816 6675364.130460, 386205.859533 6675348.238976)

LINESTRING (386198.342816 6675364.130460, 386194.169664 6675372.830206)

LINESTRING (386198.342816 6675364.130460, 386212.845552 6675363.980289)

LINESTRING (386224.727096 6675321.463193, 386230.524098 6675325.194566)

LINESTRING (386224.727096 6675321.463193, 386228.915246 6675314.668691, 386239.683878 6675300.938454)

LINESTRING (386224.727096 6675321.463193, 386222.244668 6675327.268539, 386220.790708 6675333.855435, 386213.063431 6675338.698324, 386205.859533 6675348.238976)

LINESTRING (386092.748341 6675370.781987, 386109.594214 6675377.289600)

LINESTRING (386092.748341 6675370.781987, 386069.787783 6675365.846742)

LINESTRING (386092.748341 6675370.781987, 386097.934912 6675366.664298, 386102.893120 6675356.814423)

LINESTRING (386092.748341 6675370.781987, 386087.512225 6675373.842520, 386082.030527 6675377.211603)

LINESTRING (386109.594214 6675377.289600, 386111.902642 6675378.911673)

LINESTRING (386109.594214 6675377.289600, 386092.748341 6675370.781987)

LINESTRING (386109.594214 6675377.289600, 386105.877898 6675368.400710, 386102.893120 6675356.814423)

LINESTRING (386069.787783 6675365.846742, 386092.748341 6675370.781987)

LINESTRING (386069.787783 6675365.846742, 386073.327563 6675348.396016)

LINESTRING (386069.787783 6675365.846742, 386061.296078 6675364.305804, 386040.825402 6675360.585936)

LINESTRING (386102.893120 6675356.814423, 386098.543541 6675327.762967)

LINESTRING (386102.893120 6675356.814423, 386105.877898 6675368.400710, 386109.594214 6675377.289600)

LINESTRING (386102.893120 6675356.814423, 386116.930762 6675335.838557, 386136.661011 6675309.704101)

LINESTRING (386102.893120 6675356.814423, 386097.934912 6675366.664298, 386092.748341 6675370.781987)

LINESTRING (386082.030527 6675377.211603, 386069.635517 6675384.830195)

LINESTRING (386082.030527 6675377.211603, 386087.512225 6675373.842520, 386092.748341 6675370.781987)

LINESTRING (386082.030527 6675377.211603, 386039.266132 6675377.317498, 386018.068297 6675379.460016)

LINESTRING (386226.711326 6675245.041021, 386218.394906 6675252.353947)

LINESTRING (386226.711326 6675245.041021, 386218.101072 6675236.482513, 386204.839232 6675221.605018)

LINESTRING (386226.711326 6675245.041021, 386230.466771 6675245.024545, 386252.440854 6675225.173228)

LINESTRING (386207.800181 6675259.726604, 386218.394906 6675252.353947)

LINESTRING (386207.800181 6675259.726604, 386206.568795 6675252.242524, 386204.708626 6675247.909538, 386159.544984 6675200.725451, 386113.374541 6675153.316896)

LINESTRING (386207.800181 6675259.726604, 386205.009765 6675266.154474, 386193.612378 6675283.927449)

LINESTRING (386193.612378 6675283.927449, 386125.934613 6675382.353120)

LINESTRING (386193.612378 6675283.927449, 386187.275861 6675287.289521, 386160.306303 6675302.760969, 386158.505338 6675303.363073, 386157.366355 6675303.487667, 386143.114157 6675300.821895)

LINESTRING (386193.612378 6675283.927449, 386205.009765 6675266.154474, 386207.800181 6675259.726604)

LINESTRING (386125.934613 6675382.353120, 386193.612378 6675283.927449)

LINESTRING (386125.934613 6675382.353120, 386115.048241 6675375.169580, 386111.902642 6675378.911673)

LINESTRING (386143.114157 6675300.821895, 386136.661011 6675309.704101)

LINESTRING (386143.114157 6675300.821895, 386157.366355 6675303.487667, 386158.505338 6675303.363073, 386160.306303 6675302.760969, 386187.275861 6675287.289521, 386193.612378 6675283.927449)

LINESTRING (386143.114157 6675300.821895, 386144.424601 6675298.184501, 386149.129112 6675284.988169, 386133.649456 6675274.080432)

LINESTRING (386136.661011 6675309.704101, 386143.114157 6675300.821895)

LINESTRING (386136.661011 6675309.704101, 386116.930762 6675335.838557, 386102.893120 6675356.814423)

LINESTRING (386136.661011 6675309.704101, 386128.965626 6675311.292050, 386121.860160 6675311.513197, 386096.766491 6675308.282371)

LINESTRING (386133.649456 6675274.080432, 386138.595421 6675262.225028, 386147.832748 6675244.931425, 386151.490831 6675223.063988, 386129.211425 6675199.752529)

LINESTRING (386133.649456 6675274.080432, 386130.115768 6675277.834582, 386124.826842 6675282.234011, 386112.157408 6675289.961280, 386106.463533 6675291.687572, 386102.376281 6675292.271719, 386095.249620 6675290.922233)

LINESTRING (386133.649456 6675274.080432, 386149.129112 6675284.988169, 386144.424601 6675298.184501, 386143.114157 6675300.821895)

LINESTRING (386027.733093 6675358.463995, 386040.825402 6675360.585936)

LINESTRING (386027.733093 6675358.463995, 386016.013371 6675360.333571)

LINESTRING (386027.733093 6675358.463995, 386019.331768 6675357.154368)

LINESTRING (386040.825402 6675360.585936, 386027.733093 6675358.463995)

LINESTRING (386040.825402 6675360.585936, 386061.296078 6675364.305804, 386069.787783 6675365.846742)

LINESTRING (386040.825402 6675360.585936, 386041.300597 6675358.565164, 386042.751433 6675351.354200, 386043.621107 6675347.036563, 386043.900263 6675345.668266)

LINESTRING (386016.013371 6675360.333571, 386027.733093 6675358.463995)

LINESTRING (386016.013371 6675360.333571, 386019.331768 6675357.154368)

LINESTRING (386016.013371 6675360.333571, 386010.271816 6675361.415135)

LINESTRING (386033.414281 6675421.341398, 386030.941865 6675416.236321, 386019.036920 6675381.703275)

LINESTRING (386033.414281 6675421.341398, 386037.565010 6675417.813099, 386050.181618 6675401.996439, 386060.813614 6675391.033674, 386069.635517 6675384.830195)

LINESTRING (386019.036920 6675381.703275, 386018.068297 6675379.460016)

LINESTRING (386019.036920 6675381.703275, 386030.941865 6675416.236321, 386033.414281 6675421.341398)

LINESTRING (386019.036920 6675381.703275, 386015.079638 6675381.291634, 386010.985184 6675380.928848, 386005.781944 6675381.481011, 385998.883141 6675383.345319, 385995.995248 6675384.137394, 385991.366644 6675383.724408, 385988.178633 6675381.650614)

LINESTRING (386019.036920 6675381.703275, 386026.951533 6675383.953037, 386034.323620 6675384.637226, 386041.554364 6675385.058369, 386054.251614 6675385.186688, 386066.419900 6675384.896896, 386069.635517 6675384.830195)

LINESTRING (386069.635517 6675384.830195, 386082.030527 6675377.211603)

LINESTRING (386069.635517 6675384.830195, 386066.419900 6675384.896896, 386054.251614 6675385.186688, 386041.554364 6675385.058369, 386034.323620 6675384.637226, 386026.951533 6675383.953037, 386019.036920 6675381.703275)

LINESTRING (386069.635517 6675384.830195, 386060.813614 6675391.033674, 386050.181618 6675401.996439, 386037.565010 6675417.813099, 386033.414281 6675421.341398)

LINESTRING (386098.543541 6675327.762967, 386087.278937 6675333.028290)

LINESTRING (386098.543541 6675327.762967, 386096.766491 6675308.282371)

LINESTRING (386098.543541 6675327.762967, 386102.893120 6675356.814423)

LINESTRING (386095.249620 6675290.922233, 386092.380663 6675290.365181)

LINESTRING (386095.249620 6675290.922233, 386096.499359 6675305.226011)

LINESTRING (386095.249620 6675290.922233, 386102.376281 6675292.271719, 386106.463533 6675291.687572, 386112.157408 6675289.961280, 386124.826842 6675282.234011, 386130.115768 6675277.834582, 386133.649456 6675274.080432)

LINESTRING (386129.211425 6675199.752529, 386114.808739 6675190.482980)

LINESTRING (386129.211425 6675199.752529, 386151.490831 6675223.063988, 386147.832748 6675244.931425, 386138.595421 6675262.225028, 386133.649456 6675274.080432)

LINESTRING (386129.211425 6675199.752529, 386127.490469 6675205.244491, 386124.545653 6675213.125986, 386118.235446 6675221.613721, 386115.410566 6675233.347410, 386112.947604 6675236.210139, 386104.424860 6675239.384085, 386098.454469 6675262.883763, 386092.380663 6675290.365181)

LINESTRING (386114.808739 6675190.482980, 386064.238142 6675163.215950)

LINESTRING (386114.808739 6675190.482980, 386129.211425 6675199.752529)

LINESTRING (386114.808739 6675190.482980, 386105.314835 6675190.265854, 386095.615514 6675190.757237, 386088.379231 6675191.952063, 386081.043209 6675194.398169, 386068.942671 6675200.625677)

LINESTRING (386064.238142 6675163.215950, 386114.808739 6675190.482980)

LINESTRING (386064.238142 6675163.215950, 386057.597535 6675173.385720)

LINESTRING (386064.238142 6675163.215950, 386048.853458 6675156.451257)

LINESTRING (386064.238142 6675163.215950, 386079.145636 6675146.102234, 386088.045690 6675134.012217)

LINESTRING (386068.942671 6675200.625677, 386074.430918 6675215.633296)

LINESTRING (386068.942671 6675200.625677, 386081.043209 6675194.398169, 386088.379231 6675191.952063, 386095.615514 6675190.757237, 386105.314835 6675190.265854, 386114.808739 6675190.482980)

LINESTRING (386068.942671 6675200.625677, 386058.094445 6675206.089850, 386049.543616 6675209.431961)

LINESTRING (386068.942671 6675200.625677, 386065.416127 6675184.832602, 386057.597535 6675173.385720)

LINESTRING (386048.853458 6675156.451257, 386064.238142 6675163.215950)

LINESTRING (386048.853458 6675156.451257, 386054.862334 6675178.017763)

LINESTRING (386048.853458 6675156.451257, 386043.092733 6675153.008774, 386029.495806 6675134.353254, 386025.135895 6675128.861196, 386017.880607 6675124.640628, 386008.680903 6675122.475475, 385998.293732 6675122.442467, 385987.844580 6675123.091221, 385982.315394 6675124.946296, 385976.120867 6675129.663907, 385965.681344 6675142.370547)

LINESTRING (386054.862334 6675178.017763, 386057.597535 6675173.385720)

LINESTRING (386054.862334 6675178.017763, 386048.853458 6675156.451257)

LINESTRING (386054.862334 6675178.017763, 386049.719020 6675201.346895, 386049.543616 6675209.431961)

LINESTRING (385965.681344 6675142.370547, 385976.120867 6675129.663907, 385982.315394 6675124.946296, 385987.844580 6675123.091221, 385998.293732 6675122.442467, 386008.680903 6675122.475475, 386017.880607 6675124.640628, 386025.135895 6675128.861196, 386029.495806 6675134.353254, 386043.092733 6675153.008774, 386048.853458 6675156.451257)

LINESTRING (386057.597535 6675173.385720, 386054.862334 6675178.017763)

LINESTRING (386057.597535 6675173.385720, 386064.238142 6675163.215950)

LINESTRING (386057.597535 6675173.385720, 386065.416127 6675184.832602, 386068.942671 6675200.625677)

LINESTRING (386088.045690 6675134.012217, 386113.374541 6675153.316896)

LINESTRING (386088.045690 6675134.012217, 386088.887478 6675132.893872, 386093.050016 6675127.949962)

LINESTRING (386088.045690 6675134.012217, 386079.145636 6675146.102234, 386064.238142 6675163.215950)

LINESTRING (386088.045690 6675134.012217, 386070.822049 6675123.783087, 386034.659197 6675110.599987, 385997.529124 6675104.133939)

LINESTRING (386049.543616 6675209.431961, 386041.409387 6675207.801911)

LINESTRING (386049.543616 6675209.431961, 386058.094445 6675206.089850, 386068.942671 6675200.625677)

LINESTRING (386049.543616 6675209.431961, 386047.847463 6675217.854140, 386044.393534 6675235.034749)

LINESTRING (386049.543616 6675209.431961, 386068.928410 6675213.174578, 386074.430918 6675215.633296)

LINESTRING (386049.543616 6675209.431961, 386049.719020 6675201.346895, 386054.862334 6675178.017763)

LINESTRING (386041.409387 6675207.801911, 386049.543616 6675209.431961)

LINESTRING (386041.409387 6675207.801911, 386005.333028 6675200.578628)

LINESTRING (386041.409387 6675207.801911, 386040.080738 6675214.306976, 386039.633585 6675216.516327, 386036.245846 6675233.327122)

LINESTRING (386044.393534 6675235.034749, 386039.539339 6675259.625347)

LINESTRING (386044.393534 6675235.034749, 386036.245846 6675233.327122)

LINESTRING (386044.393534 6675235.034749, 386047.847463 6675217.854140, 386049.543616 6675209.431961)

LINESTRING (386074.430918 6675215.633296, 386068.942671 6675200.625677)

LINESTRING (386074.430918 6675215.633296, 386078.336868 6675221.696755, 386081.726611 6675225.792608, 386080.553509 6675235.691818)

LINESTRING (386074.430918 6675215.633296, 386068.928410 6675213.174578, 386049.543616 6675209.431961)

LINESTRING (386016.367810 6674984.347809, 386014.277473 6674996.504468)

LINESTRING (386016.367810 6674984.347809, 386018.685759 6674982.525954, 386022.480523 6674979.131335)

LINESTRING (386016.367810 6674984.347809, 386007.637071 6674988.876894, 386007.105992 6674989.105180)

LINESTRING (386014.277473 6674996.504468, 386010.861963 6675016.347387)

LINESTRING (386014.277473 6674996.504468, 386016.367810 6674984.347809)

LINESTRING (386014.277473 6674996.504468, 386018.836251 6674997.510324)

LINESTRING (386022.480523 6674979.131335, 386017.781247 6674972.903182, 386016.102677 6674970.492583)

LINESTRING (386022.480523 6674979.131335, 386018.685759 6674982.525954, 386016.367810 6674984.347809)

LINESTRING (386007.105992 6674989.105180, 386005.576741 6674996.474613, 386002.046198 6675005.321718)

LINESTRING (386007.105992 6674989.105180, 386002.758637 6674991.146284, 385999.235109 6674993.094863)

LINESTRING (386007.105992 6674989.105180, 386007.637071 6674988.876894, 386016.367810 6674984.347809)

LINESTRING (385993.778497 6674995.683174, 385984.320319 6675000.725329)

LINESTRING (385993.778497 6674995.683174, 385999.235109 6674993.094863)

LINESTRING (385993.778497 6674995.683174, 385994.895887 6674999.136521, 385991.128073 6675025.298104)

LINESTRING (385984.320319 6675000.725329, 385963.381221 6675011.062207)

LINESTRING (385984.320319 6675000.725329, 385993.778497 6674995.683174)

LINESTRING (385984.320319 6675000.725329, 385983.858835 6675008.172947)

LINESTRING (385999.235109 6674993.094863, 385997.184175 6674983.184625)

LINESTRING (385999.235109 6674993.094863, 385993.778497 6674995.683174)

LINESTRING (385999.235109 6674993.094863, 386002.758637 6674991.146284, 386007.105992 6674989.105180)

LINESTRING (385991.128073 6675025.298104, 385983.858835 6675008.172947)

LINESTRING (385991.128073 6675025.298104, 385989.948205 6675027.318548, 385989.541955 6675030.128422)

LINESTRING (385991.128073 6675025.298104, 385994.895887 6674999.136521, 385993.778497 6674995.683174)

LINESTRING (386233.728558 6675296.398456, 386240.637435 6675289.675393)

LINESTRING (386233.728558 6675296.398456, 386239.683878 6675300.938454)

LINESTRING (386233.728558 6675296.398456, 386228.445764 6675301.533062, 386204.749821 6675334.320872, 386198.657893 6675343.046855)

LINESTRING (386150.563050 6675422.352410, 386153.382329 6675415.433243, 386158.149739 6675403.906597, 386162.244136 6675396.780598, 386198.657893 6675343.046855)

LINESTRING (386254.954817 6675275.166217, 386260.198597 6675280.553043)

LINESTRING (386254.954817 6675275.166217, 386248.134814 6675271.722925)

LINESTRING (386254.954817 6675275.166217, 386247.901762 6675282.606965, 386240.637435 6675289.675393)

LINESTRING (386254.954817 6675275.166217, 386255.801806 6675274.393221, 386292.503959 6675241.101263)

LINESTRING (386260.198597 6675280.553043, 386264.662968 6675285.139429)

LINESTRING (386260.198597 6675280.553043, 386254.954817 6675275.166217)

LINESTRING (386260.198597 6675280.553043, 386262.688643 6675278.202209, 386290.058504 6675254.349767, 386298.205845 6675251.232501)

LINESTRING (386260.198597 6675280.553043, 386249.079328 6675291.574915, 386239.683878 6675300.938454)

LINESTRING (386292.503959 6675241.101263, 386301.550170 6675249.234053)

LINESTRING (386292.503959 6675241.101263, 386296.563714 6675236.952026)

LINESTRING (386292.503959 6675241.101263, 386255.801806 6675274.393221, 386254.954817 6675275.166217)

LINESTRING (385971.087827 6675265.469055, 385969.500630 6675273.286092)

LINESTRING (385971.087827 6675265.469055, 385964.243032 6675264.088747)

LINESTRING (385971.087827 6675265.469055, 385998.299288 6675270.951063)

LINESTRING (385969.500630 6675273.286092, 385966.099073 6675289.997102)

LINESTRING (385969.500630 6675273.286092, 385971.087827 6675265.469055)

LINESTRING (385969.500630 6675273.286092, 385996.711343 6675278.745820)

LINESTRING (385964.243032 6675264.088747, 385971.087827 6675265.469055)

LINESTRING (386016.102677 6674970.492583, 386006.760850 6674976.779212)

LINESTRING (386016.102677 6674970.492583, 386011.235355 6674964.213950, 386009.477446 6674961.928412, 386008.960881 6674961.197837)

LINESTRING (386016.102677 6674970.492583, 386017.781247 6674972.903182, 386022.480523 6674979.131335)

LINESTRING (386006.760850 6674976.779212, 386007.105992 6674989.105180)

LINESTRING (386006.760850 6674976.779212, 386004.624768 6674978.205358, 385997.184175 6674983.184625)

LINESTRING (386008.960881 6674961.197837, 386005.899256 6674957.136395, 386002.516451 6674952.382871)

LINESTRING (386008.960881 6674961.197837, 386009.477446 6674961.928412, 386011.235355 6674964.213950, 386016.102677 6674970.492583)

LINESTRING (385997.184175 6674983.184625, 385997.881718 6674969.243684)

LINESTRING (386002.516451 6674952.382871, 385996.485122 6674957.362812)

LINESTRING (386002.516451 6674952.382871, 386005.899256 6674957.136395, 386008.960881 6674961.197837)

LINESTRING (386096.766491 6675308.282371, 386096.499359 6675305.226011)

LINESTRING (386096.766491 6675308.282371, 386098.543541 6675327.762967)

LINESTRING (386096.766491 6675308.282371, 386121.860160 6675311.513197, 386128.965626 6675311.292050, 386136.661011 6675309.704101)

LINESTRING (386204.839232 6675221.605018, 386197.085371 6675228.989650)

LINESTRING (386204.839232 6675221.605018, 386206.164974 6675220.349062, 386214.214369 6675212.654365, 386230.448366 6675197.149383, 386241.116487 6675186.955022, 386243.159691 6675185.398168)

LINESTRING (386204.839232 6675221.605018, 386218.101072 6675236.482513, 386226.711326 6675245.041021)

LINESTRING (386204.839232 6675221.605018, 386174.140929 6675189.639729, 386125.420884 6675141.062181)

LINESTRING (386252.440854 6675225.173228, 386250.879250 6675224.196503)

LINESTRING (386252.440854 6675225.173228, 386260.136274 6675218.225161, 386259.594904 6675215.623090)

LINESTRING (386252.440854 6675225.173228, 386230.466771 6675245.024545, 386226.711326 6675245.041021)

LINESTRING (386277.117680 6675201.772185, 386280.409711 6675200.410567)

LINESTRING (386277.117680 6675201.772185, 386267.439647 6675209.194177)

LINESTRING (386277.117680 6675201.772185, 386260.251994 6675182.147612)

LINESTRING (386259.594904 6675215.623090, 386243.159691 6675185.398168)

LINESTRING (386259.594904 6675215.623090, 386267.439647 6675209.194177)

LINESTRING (386259.594904 6675215.623090, 386260.136274 6675218.225161, 386252.440854 6675225.173228)

LINESTRING (386249.857467 6675179.729256, 386243.159691 6675185.398168)

LINESTRING (386249.857467 6675179.729256, 386253.652270 6675186.866195, 386264.688558 6675204.755125, 386267.439647 6675209.194177)

LINESTRING (386249.857467 6675179.729256, 386248.854986 6675177.821321, 386241.509199 6675163.896491)

LINESTRING (386206.536786 6675122.056266, 386205.160888 6675116.170309, 386208.549047 6675068.300648)

LINESTRING (386206.536786 6675122.056266, 386210.857981 6675127.025953, 386229.601816 6675160.466521, 386233.997692 6675168.554302)

LINESTRING (386206.536786 6675122.056266, 386197.193434 6675120.441180, 386149.112659 6675114.180482, 386125.420884 6675141.062181)

LINESTRING (386208.549047 6675068.300648, 386167.066745 6675061.756485)

LINESTRING (386208.549047 6675068.300648, 386208.626364 6675064.720937, 386208.729765 6675055.557141)

LINESTRING (386208.549047 6675068.300648, 386205.160888 6675116.170309, 386206.536786 6675122.056266)

LINESTRING (386233.997692 6675168.554302, 386243.159691 6675185.398168)

LINESTRING (386233.997692 6675168.554302, 386241.509199 6675163.896491)

LINESTRING (386233.997692 6675168.554302, 386229.601816 6675160.466521, 386210.857981 6675127.025953, 386206.536786 6675122.056266)

LINESTRING (386233.997692 6675168.554302, 386232.325146 6675170.255656, 386220.514478 6675182.246363, 386218.148058 6675184.649100, 386206.802409 6675171.272201, 386208.654737 6675169.464946, 386220.520122 6675158.698368)

LINESTRING (386208.729765 6675055.557141, 386209.343423 6675048.350011, 386209.604691 6675045.154629)

LINESTRING (386208.729765 6675055.557141, 386208.626364 6675064.720937, 386208.549047 6675068.300648)

LINESTRING (386208.729765 6675055.557141, 386201.825442 6675054.768874, 386192.810676 6675053.377603, 386173.722432 6675050.449752, 386168.927848 6675049.707361)

LINESTRING (386209.604691 6675045.154629, 386214.567425 6674972.083434)

LINESTRING (386209.604691 6675045.154629, 386209.343423 6675048.350011, 386208.729765 6675055.557141)

LINESTRING (386209.604691 6675045.154629, 386211.641001 6675045.514787, 386218.090121 6675046.651555, 386225.866760 6675047.657904)

LINESTRING (386209.604691 6675045.154629, 386205.171414 6675045.682544, 386161.997922 6675039.001570)

LINESTRING (386168.927848 6675049.707361, 386160.481892 6675048.409916)

LINESTRING (386168.927848 6675049.707361, 386167.066745 6675061.756485)

LINESTRING (386168.927848 6675049.707361, 386173.722432 6675050.449752, 386192.810676 6675053.377603, 386201.825442 6675054.768874, 386208.729765 6675055.557141)

LINESTRING (386018.068297 6675379.460016, 386010.271816 6675361.415135)

LINESTRING (386018.068297 6675379.460016, 386019.036920 6675381.703275)

LINESTRING (386018.068297 6675379.460016, 386039.266132 6675377.317498, 386082.030527 6675377.211603)

LINESTRING (386018.068297 6675379.460016, 386002.014118 6675380.561988, 385988.178633 6675381.650614)

LINESTRING (385988.178633 6675381.650614, 385983.274275 6675380.934191)

LINESTRING (385988.178633 6675381.650614, 385991.366644 6675383.724408, 385995.995248 6675384.137394, 385998.883141 6675383.345319, 386005.781944 6675381.481011, 386010.985184 6675380.928848, 386015.079638 6675381.291634, 386019.036920 6675381.703275)

LINESTRING (385988.178633 6675381.650614, 386002.014118 6675380.561988, 386018.068297 6675379.460016)

LINESTRING (385988.645133 6675357.987890, 385990.838186 6675364.985033, 385990.384555 6675368.231013, 385988.985604 6675371.584461, 385984.794012 6675375.582149)

LINESTRING (385988.645133 6675357.987890, 386004.845764 6675360.870956, 386005.812580 6675361.097151, 386010.271816 6675361.415135)

LINESTRING (385976.630984 6675413.426241, 385975.441765 6675419.236048)

LINESTRING (385976.630984 6675413.426241, 385983.274275 6675380.934191)

LINESTRING (386280.409711 6675200.410567, 386277.117680 6675201.772185)

LINESTRING (386280.409711 6675200.410567, 386321.095063 6675164.576845, 386433.142972 6675067.675327)

LINESTRING (386280.409711 6675200.410567, 386282.668941 6675202.948106, 386285.732512 6675206.374477, 386289.342696 6675210.430230, 386290.319890 6675211.525430, 386291.924066 6675213.336667, 386293.918632 6675215.570398, 386295.199962 6675216.990476, 386296.361090 6675218.291703, 386300.109464 6675222.510335)

LINESTRING (386260.251994 6675182.147612, 386265.602900 6675177.412138)

LINESTRING (386260.251994 6675182.147612, 386277.117680 6675201.772185)

LINESTRING (386260.251994 6675182.147612, 386245.527128 6675157.686812, 386220.381815 6675110.358878)

LINESTRING (386305.547206 6675228.604430, 386300.321050 6675233.068508)

LINESTRING (386305.547206 6675228.604430, 386304.196259 6675227.086214, 386300.109464 6675222.510335)

LINESTRING (386305.547206 6675228.604430, 386322.113346 6675213.423873, 386333.470332 6675203.252964)

LINESTRING (386300.321050 6675233.068508, 386309.644308 6675243.154097)

LINESTRING (386300.321050 6675233.068508, 386296.563714 6675236.952026)

LINESTRING (386300.321050 6675233.068508, 386305.547206 6675228.604430)

LINESTRING (386309.644308 6675243.154097, 386317.942872 6675252.402294)

LINESTRING (386309.644308 6675243.154097, 386300.321050 6675233.068508)

LINESTRING (386309.644308 6675243.154097, 386312.990069 6675240.308653, 386315.927696 6675238.969222)

LINESTRING (386304.920201 6675245.563172, 386301.550170 6675249.234053)

LINESTRING (386304.920201 6675245.563172, 386314.624793 6675256.138414)

LINESTRING (386304.920201 6675245.563172, 386299.817437 6675240.071603, 386296.563714 6675236.952026)

LINESTRING (386449.908835 6675103.050568, 386458.395041 6675112.805891)

LINESTRING (386449.908835 6675103.050568, 386452.713684 6675100.645528)

LINESTRING (386449.908835 6675103.050568, 386444.173738 6675107.931412)

LINESTRING (386455.793964 6675097.997915, 386452.713684 6675100.645528)

LINESTRING (386455.793964 6675097.997915, 386456.202300 6675095.065456)

LINESTRING (386433.142972 6675067.675327, 386321.095063 6675164.576845, 386280.409711 6675200.410567)

LINESTRING (386433.142972 6675067.675327, 386434.081702 6675068.782903, 386438.182663 6675073.637097, 386440.389533 6675076.276654, 386443.999297 6675080.499733, 386445.887484 6675082.703414, 386448.097108 6675085.432044, 386452.250336 6675090.362640)

LINESTRING (386456.202300 6675095.065456, 386455.793964 6675097.997915)

LINESTRING (386456.202300 6675095.065456, 386455.361266 6675094.066285, 386452.250336 6675090.362640)

LINESTRING (385997.881718 6674969.243684, 386008.960881 6674961.197837)

LINESTRING (385997.881718 6674969.243684, 385996.485122 6674957.362812)

LINESTRING (385997.881718 6674969.243684, 385990.448938 6674961.830278)

LINESTRING (385997.881718 6674969.243684, 386005.090970 6674975.360187, 386006.760850 6674976.779212)

LINESTRING (385996.485122 6674957.362812, 386002.516451 6674952.382871)

LINESTRING (385996.485122 6674957.362812, 385990.448938 6674961.830278)

LINESTRING (385996.485122 6674957.362812, 385997.881718 6674969.243684)

LINESTRING (385990.448938 6674961.830278, 385996.485122 6674957.362812)

LINESTRING (385990.448938 6674961.830278, 385997.881718 6674969.243684)

LINESTRING (385990.448938 6674961.830278, 385986.835441 6674958.398981, 385972.535603 6674945.883750)

LINESTRING (385997.529124 6675104.133939, 385976.649989 6675102.667097)

LINESTRING (385997.529124 6675104.133939, 386034.659197 6675110.599987, 386070.822049 6675123.783087, 386088.045690 6675134.012217)

LINESTRING (385997.529124 6675104.133939, 385997.950963 6675101.468456, 385998.531774 6675097.850757, 385998.656802 6675097.055617)

LINESTRING (386000.064947 6675086.335521, 386006.951511 6675037.933094)

LINESTRING (386000.064947 6675086.335521, 385996.744432 6675086.071212, 385990.782053 6675085.599469)

LINESTRING (386000.064947 6675086.335521, 386014.703342 6675089.612822, 386038.501968 6675094.677713, 386054.374984 6675099.298609, 386078.019401 6675108.503079, 386098.729868 6675120.596239, 386122.311378 6675137.414480, 386125.420884 6675141.062181)

LINESTRING (386000.064947 6675086.335521, 385999.811845 6675089.786990, 385998.854212 6675095.734441, 385998.656802 6675097.055617)

LINESTRING (385976.649989 6675102.667097, 385997.529124 6675104.133939)

LINESTRING (385976.649989 6675102.667097, 385976.850631 6675096.464620, 385976.894222 6675095.192813)

LINESTRING (385977.129808 6675087.975118, 385979.313278 6675086.647774, 385980.525343 6675084.771198)

LINESTRING (385977.129808 6675087.975118, 385977.003874 6675091.589791, 385976.894222 6675095.192813)

LINESTRING (386006.951511 6675037.933094, 386000.064947 6675086.335521)

LINESTRING (386006.951511 6675037.933094, 386009.153317 6675025.082010)

LINESTRING (386006.951511 6675037.933094, 386013.229531 6675037.492347, 386027.151997 6675039.688724)

LINESTRING (386006.951511 6675037.933094, 386003.103330 6675037.473474, 385998.870607 6675036.958974, 385997.439490 6675036.791819)

LINESTRING (385980.525343 6675084.771198, 385985.302939 6675085.146110, 385989.869560 6675085.516457, 385990.782053 6675085.599469)

LINESTRING (385980.525343 6675084.771198, 385979.313278 6675086.647774, 385977.129808 6675087.975118)

LINESTRING (385980.525343 6675084.771198, 385982.245466 6675079.435206, 385988.706938 6675035.737726)

LINESTRING (385997.439490 6675036.791819, 385998.193457 6675031.251909)

LINESTRING (385997.439490 6675036.791819, 385991.224305 6675082.342702, 385990.782053 6675085.599469)

LINESTRING (385997.439490 6675036.791819, 385995.935622 6675036.604643, 385990.722836 6675035.975811, 385988.706938 6675035.737726)

LINESTRING (385997.439490 6675036.791819, 385998.870607 6675036.958974, 386003.103330 6675037.473474, 386006.951511 6675037.933094)

LINESTRING (386345.297853 6675265.739094, 386350.450770 6675270.705386)

LINESTRING (386345.297853 6675265.739094, 386346.536719 6675263.650071, 386349.469207 6675261.073815)

LINESTRING (386345.297853 6675265.739094, 386329.243910 6675265.078810, 386317.942872 6675252.402294)

LINESTRING (386350.450770 6675270.705386, 386352.870308 6675273.048533)

LINESTRING (386350.450770 6675270.705386, 386345.297853 6675265.739094)

LINESTRING (386350.450770 6675270.705386, 386360.431062 6675259.618913)

LINESTRING (386349.469207 6675261.073815, 386346.536719 6675263.650071, 386345.297853 6675265.739094)

LINESTRING (386317.942872 6675252.402294, 386314.624793 6675256.138414)

LINESTRING (386317.942872 6675252.402294, 386309.644308 6675243.154097)

LINESTRING (386317.942872 6675252.402294, 386322.161630 6675248.549040, 386319.504866 6675243.928711)

LINESTRING (386317.942872 6675252.402294, 386329.243910 6675265.078810, 386345.297853 6675265.739094)

LINESTRING (386301.550170 6675249.234053, 386321.555782 6675271.190686)

LINESTRING (386301.550170 6675249.234053, 386292.503959 6675241.101263)

LINESTRING (386301.550170 6675249.234053, 386304.920201 6675245.563172)

LINESTRING (386301.550170 6675249.234053, 386300.420826 6675250.383572, 386298.205845 6675251.232501)

LINESTRING (386383.771150 6675298.032647, 386377.965456 6675302.770929, 386361.202863 6675290.899121, 386355.800315 6675284.324654)

LINESTRING (386355.800315 6675284.324654, 386361.865336 6675282.041160, 386363.568314 6675281.319614, 386369.240630 6675277.109231)

LINESTRING (386355.800315 6675284.324654, 386350.937849 6675283.350118, 386340.555106 6675280.942297)

LINESTRING (386355.800315 6675284.324654, 386361.202863 6675290.899121, 386377.965456 6675302.770929, 386383.771150 6675298.032647)

LINESTRING (386355.800315 6675284.324654, 386356.559334 6675277.146474, 386352.870308 6675273.048533)

LINESTRING (386369.240630 6675277.109231, 386374.947133 6675280.787919)

LINESTRING (386369.240630 6675277.109231, 386386.184017 6675262.106701, 386388.805657 6675261.846988)

LINESTRING (386369.240630 6675277.109231, 386363.568314 6675281.319614, 386361.865336 6675282.041160, 386355.800315 6675284.324654)

LINESTRING (386340.555106 6675280.942297, 386350.937849 6675283.350118, 386355.800315 6675284.324654)

LINESTRING (386340.555106 6675280.942297, 386351.776306 6675273.907188, 386352.870308 6675273.048533)

LINESTRING (386340.555106 6675280.942297, 386329.095353 6675271.368781, 386324.621702 6675266.660020)

LINESTRING (386340.555106 6675280.942297, 386343.674044 6675290.083990, 386345.560120 6675292.220818)

LINESTRING (386352.870308 6675273.048533, 386350.450770 6675270.705386)

LINESTRING (386352.870308 6675273.048533, 386354.005298 6675270.115776, 386411.458550 6675219.698249)

LINESTRING (386352.870308 6675273.048533, 386351.776306 6675273.907188, 386340.555106 6675280.942297)

LINESTRING (386352.870308 6675273.048533, 386356.559334 6675277.146474, 386355.800315 6675284.324654)

LINESTRING (386010.861963 6675016.347387, 386009.153317 6675025.082010)

LINESTRING (386010.861963 6675016.347387, 386014.277473 6674996.504468)

LINESTRING (386010.861963 6675016.347387, 386066.232618 6675024.675065)

LINESTRING (386029.085080 6675028.183339, 386027.151997 6675039.688724)

LINESTRING (386029.085080 6675028.183339, 386014.511971 6675025.940355, 386009.153317 6675025.082010)

LINESTRING (386029.085080 6675028.183339, 386032.123654 6675028.657057, 386056.352532 6675032.382508, 386064.776400 6675033.680404)

LINESTRING (385989.541955 6675030.128422, 385988.889463 6675034.651043)

LINESTRING (385989.541955 6675030.128422, 385996.672611 6675031.054117, 385998.193457 6675031.251909)

LINESTRING (385989.541955 6675030.128422, 385989.948205 6675027.318548, 385991.128073 6675025.298104)

LINESTRING (385988.889463 6675034.651043, 385989.541955 6675030.128422)

LINESTRING (385988.889463 6675034.651043, 385988.706938 6675035.737726)

LINESTRING (386104.156750 6675039.698208, 386102.587194 6675051.303672)

LINESTRING (386104.156750 6675039.698208, 386099.804182 6675039.075880, 386078.429662 6675035.785059)

LINESTRING (386104.156750 6675039.698208, 386113.724844 6675041.216918, 386145.044620 6675046.026140, 386148.685256 6675046.592663)

LINESTRING (386102.587194 6675051.303672, 386104.156750 6675039.698208)

LINESTRING (386102.587194 6675051.303672, 386027.151997 6675039.688724)

LINESTRING (386102.587194 6675051.303672, 386146.832877 6675058.563519)

LINESTRING (386102.587194 6675051.303672, 386102.188475 6675053.288619, 386100.206017 6675067.135792)

LINESTRING (386078.429662 6675035.785059, 386064.776400 6675033.680404)

LINESTRING (386078.429662 6675035.785059, 386079.833946 6675026.714477)

LINESTRING (386078.429662 6675035.785059, 386099.804182 6675039.075880, 386104.156750 6675039.698208)

LINESTRING (386148.685256 6675046.592663, 386146.832877 6675058.563519)

LINESTRING (386148.685256 6675046.592663, 386153.568882 6675047.343402)

LINESTRING (386148.685256 6675046.592663, 386145.044620 6675046.026140, 386113.724844 6675041.216918, 386104.156750 6675039.698208)

LINESTRING (386146.832877 6675058.563519, 386148.685256 6675046.592663)

LINESTRING (386146.832877 6675058.563519, 386102.587194 6675051.303672)

LINESTRING (386146.832877 6675058.563519, 386158.625319 6675060.425472)

LINESTRING (386146.832877 6675058.563519, 386146.628482 6675060.018633, 386143.872983 6675077.734601)

LINESTRING (386153.568882 6675047.343402, 386148.685256 6675046.592663)

LINESTRING (386153.568882 6675047.343402, 386155.015609 6675038.026363)

LINESTRING (386153.568882 6675047.343402, 386158.865103 6675048.159321, 386160.481892 6675048.409916)

LINESTRING (386155.015609 6675038.026363, 386153.568882 6675047.343402)

LINESTRING (386155.015609 6675038.026363, 386158.644472 6675038.570974, 386161.997922 6675039.001570)

LINESTRING (386155.015609 6675038.026363, 386086.244346 6675027.673914, 386079.833946 6675026.714477)

LINESTRING (386155.015609 6675038.026363, 386155.241488 6675036.548292, 386156.942168 6675025.585146, 386156.970690 6675001.713246, 386153.633153 6674998.585247, 386112.427443 6674992.044205, 386105.011305 6674993.177714, 386081.926531 6675013.198192, 386080.055639 6675025.281109, 386079.833946 6675026.714477)

LINESTRING (386160.481892 6675048.409916, 386168.927848 6675049.707361)

LINESTRING (386160.481892 6675048.409916, 386161.997922 6675039.001570)

LINESTRING (386160.481892 6675048.409916, 386158.625319 6675060.425472)

LINESTRING (386160.481892 6675048.409916, 386158.865103 6675048.159321, 386153.568882 6675047.343402)

LINESTRING (386214.567425 6674972.083434, 386215.256708 6674961.954161)

LINESTRING (386214.567425 6674972.083434, 386209.604691 6675045.154629)

LINESTRING (386214.567425 6674972.083434, 386222.215015 6674972.503149)

LINESTRING (386225.866760 6675047.657904, 386229.621825 6674973.030664)

LINESTRING (386225.866760 6675047.657904, 386218.090121 6675046.651555, 386211.641001 6675045.514787, 386209.604691 6675045.154629)

LINESTRING (386225.866760 6675047.657904, 386225.804383 6675048.506807, 386247.312724 6675052.006060, 386251.497601 6675051.697658, 386254.804660 6675050.279834)

LINESTRING (386161.997922 6675039.001570, 386160.481892 6675048.409916)

LINESTRING (386161.997922 6675039.001570, 386205.171414 6675045.682544, 386209.604691 6675045.154629)

LINESTRING (386161.997922 6675039.001570, 386158.644472 6675038.570974, 386155.015609 6675038.026363)

LINESTRING (386161.997922 6675039.001570, 386162.138926 6675038.005343, 386165.117325 6675018.532812, 386166.993685 6675008.043411, 386167.977680 6674992.945758, 386165.667708 6674985.216634, 386160.550530 6674980.706381, 386123.237203 6674973.375464)

LINESTRING (386167.066745 6675061.756485, 386158.625319 6675060.425472)

LINESTRING (386167.066745 6675061.756485, 386208.549047 6675068.300648)

LINESTRING (386167.066745 6675061.756485, 386168.927848 6675049.707361)

LINESTRING (386167.066745 6675061.756485, 386166.849525 6675063.156275, 386166.156986 6675067.646669, 386164.484715 6675078.452908)

LINESTRING (386348.983531 6675189.353404, 386354.314113 6675184.317801)

LINESTRING (386348.983531 6675189.353404, 386352.483516 6675193.078312, 386357.308098 6675198.366854, 386358.833245 6675200.492612)

LINESTRING (386348.983531 6675189.353404, 386345.733995 6675192.262689, 386340.260720 6675197.169008)

LINESTRING (386354.314113 6675184.317801, 386348.983531 6675189.353404)

LINESTRING (386354.314113 6675184.317801, 386374.573253 6675167.094845)

LINESTRING (386354.314113 6675184.317801, 386357.804740 6675188.098726, 386360.707512 6675191.530151, 386364.043236 6675196.040268)

LINESTRING (386358.833245 6675200.492612, 386364.043236 6675196.040268)

LINESTRING (386358.833245 6675200.492612, 386352.528185 6675206.126833)

LINESTRING (386358.833245 6675200.492612, 386357.308098 6675198.366854, 386352.483516 6675193.078312, 386348.983531 6675189.353404)

LINESTRING (386340.260720 6675197.169008, 386333.470332 6675203.252964)

LINESTRING (386340.260720 6675197.169008, 386342.049531 6675198.673636)

LINESTRING (386340.260720 6675197.169008, 386345.733995 6675192.262689, 386348.983531 6675189.353404)

LINESTRING (386374.573253 6675167.094845, 386354.314113 6675184.317801)

LINESTRING (386374.573253 6675167.094845, 386410.719312 6675136.373465)

LINESTRING (386374.573253 6675167.094845, 386376.028107 6675168.743591)

LINESTRING (386364.043236 6675196.040268, 386358.833245 6675200.492612)

LINESTRING (386364.043236 6675196.040268, 386370.341384 6675190.718321)

LINESTRING (386364.043236 6675196.040268, 386360.707512 6675191.530151, 386357.804740 6675188.098726, 386354.314113 6675184.317801)

LINESTRING (386243.159691 6675185.398168, 386233.997692 6675168.554302)

LINESTRING (386243.159691 6675185.398168, 386259.594904 6675215.623090)

LINESTRING (386243.159691 6675185.398168, 386249.857467 6675179.729256)

LINESTRING (386243.159691 6675185.398168, 386241.116487 6675186.955022, 386230.448366 6675197.149383, 386214.214369 6675212.654365, 386206.164974 6675220.349062, 386204.839232 6675221.605018)

LINESTRING (386241.509199 6675163.896491, 386233.997692 6675168.554302)

LINESTRING (386241.509199 6675163.896491, 386248.854986 6675177.821321, 386249.857467 6675179.729256)

LINESTRING (386241.509199 6675163.896491, 386236.904101 6675155.681475, 386229.855084 6675143.095893, 386223.219297 6675130.776080, 386213.457795 6675112.680454, 386216.252018 6675078.536711)

LINESTRING (386220.381815 6675110.358878, 386245.527128 6675157.686812, 386260.251994 6675182.147612)

LINESTRING (386265.602900 6675177.412138, 386260.251994 6675182.147612)

LINESTRING (386400.819360 6674925.597882, 386396.911230 6674929.463670)

LINESTRING (386400.819360 6674925.597882, 386415.500519 6674943.117794, 386439.180912 6674969.396436)

LINESTRING (386286.892078 6674945.897351, 386289.014859 6674934.219081)

LINESTRING (386286.892078 6674945.897351, 386298.929365 6674947.952754)

LINESTRING (386286.892078 6674945.897351, 386289.600276 6674952.165414)

LINESTRING (386289.014859 6674934.219081, 386286.892078 6674945.897351)

LINESTRING (386289.014859 6674934.219081, 386298.929365 6674947.952754)

LINESTRING (386298.929365 6674947.952754, 386286.892078 6674945.897351)

LINESTRING (386298.929365 6674947.952754, 386289.014859 6674934.219081)

LINESTRING (386298.929365 6674947.952754, 386322.295089 6674951.929679, 386323.433194 6674950.880197)

LINESTRING (386292.156720 6674958.549637, 386323.853457 6674963.694164)

LINESTRING (386292.156720 6674958.549637, 386289.600276 6674952.165414)

LINESTRING (386292.156720 6674958.549637, 386276.468092 6675046.096047, 386306.078148 6675069.280913, 386420.340511 6674971.240473, 386394.360919 6674941.500606, 386393.950523 6674934.715366, 386392.787620 6674933.358440)

LINESTRING (386323.853457 6674963.694164, 386292.156720 6674958.549637)

LINESTRING (386323.853457 6674963.694164, 386323.852012 6674958.110944)

LINESTRING (386323.853457 6674963.694164, 386325.788641 6674964.012951, 386331.197817 6674959.353791)

LINESTRING (386323.853457 6674963.694164, 386323.866554 6674965.008778, 386323.970741 6674980.328874)

LINESTRING (386392.787620 6674933.358440, 386379.464581 6674917.768974)

LINESTRING (386392.787620 6674933.358440, 386396.911230 6674929.463670)

LINESTRING (386392.787620 6674933.358440, 386393.950523 6674934.715366, 386394.360919 6674941.500606, 386420.340511 6674971.240473, 386306.078148 6675069.280913, 386276.468092 6675046.096047, 386292.156720 6674958.549637)

LINESTRING (386379.464581 6674917.768974, 386392.787620 6674933.358440)

LINESTRING (386379.464581 6674917.768974, 386331.197817 6674959.353791)

LINESTRING (386224.864287 6675058.777609, 386226.466526 6675058.560626, 386261.955899 6675064.188454)

LINESTRING (386321.555782 6675271.190686, 386301.550170 6675249.234053)

LINESTRING (386321.555782 6675271.190686, 386319.217545 6675278.607394)

LINESTRING (386321.555782 6675271.190686, 386324.621702 6675266.660020)

LINESTRING (386321.555782 6675271.190686, 386340.754382 6675293.072190, 386345.560120 6675292.220818)

LINESTRING (386298.205845 6675251.232501, 386298.266627 6675256.044929)

LINESTRING (386298.205845 6675251.232501, 386300.420826 6675250.383572, 386301.550170 6675249.234053)

LINESTRING (386298.205845 6675251.232501, 386290.058504 6675254.349767, 386262.688643 6675278.202209, 386260.198597 6675280.553043)

LINESTRING (386314.624793 6675256.138414, 386317.942872 6675252.402294)

LINESTRING (386314.624793 6675256.138414, 386324.621702 6675266.660020)

LINESTRING (386314.624793 6675256.138414, 386304.920201 6675245.563172)

LINESTRING (386264.662968 6675285.139429, 386255.795422 6675293.104626)

LINESTRING (386264.662968 6675285.139429, 386298.266627 6675256.044929)

LINESTRING (386264.662968 6675285.139429, 386278.556116 6675302.315505)

LINESTRING (386264.662968 6675285.139429, 386260.198597 6675280.553043)

LINESTRING (386239.683878 6675300.938454, 386233.728558 6675296.398456)

LINESTRING (386239.683878 6675300.938454, 386245.031252 6675305.018159)

LINESTRING (386239.683878 6675300.938454, 386249.079328 6675291.574915, 386260.198597 6675280.553043)

LINESTRING (386239.683878 6675300.938454, 386228.915246 6675314.668691, 386224.727096 6675321.463193)

LINESTRING (386315.927696 6675238.969222, 386325.053941 6675230.750971)

LINESTRING (386315.927696 6675238.969222, 386314.557008 6675237.529625)

LINESTRING (386315.927696 6675238.969222, 386316.221045 6675240.375427, 386319.504866 6675243.928711)

LINESTRING (386315.927696 6675238.969222, 386312.990069 6675240.308653, 386309.644308 6675243.154097)

LINESTRING (386096.499359 6675305.226011, 386095.249620 6675290.922233)

LINESTRING (386096.499359 6675305.226011, 386096.766491 6675308.282371)

LINESTRING (386096.499359 6675305.226011, 386092.842967 6675301.116160, 386089.549640 6675299.045556, 386084.577280 6675297.216684)

LINESTRING (386340.528453 6675225.255331, 386319.504866 6675243.928711)

LINESTRING (386319.504866 6675243.928711, 386340.528453 6675225.255331)

LINESTRING (386319.504866 6675243.928711, 386322.161630 6675248.549040, 386317.942872 6675252.402294)

LINESTRING (386319.504866 6675243.928711, 386316.221045 6675240.375427, 386315.927696 6675238.969222)

LINESTRING (386324.621702 6675266.660020, 386314.624793 6675256.138414)

LINESTRING (386324.621702 6675266.660020, 386321.555782 6675271.190686)

LINESTRING (386324.621702 6675266.660020, 386329.095353 6675271.368781, 386340.555106 6675280.942297)

LINESTRING (386039.539339 6675259.625347, 386044.393534 6675235.034749)

LINESTRING (386039.539339 6675259.625347, 386031.291589 6675257.909706)

LINESTRING (386039.539339 6675259.625347, 386045.367734 6675260.792277, 386074.327442 6675267.011641, 386080.553509 6675235.691818)

LINESTRING (386039.539339 6675259.625347, 386037.030667 6675271.170952, 386035.493916 6675279.186981)

LINESTRING (386080.553509 6675235.691818, 386081.726611 6675225.792608, 386078.336868 6675221.696755, 386074.430918 6675215.633296)

LINESTRING (386080.553509 6675235.691818, 386084.844192 6675236.472061, 386086.523607 6675236.776392, 386099.258810 6675239.177138, 386101.458881 6675239.632432)

LINESTRING (386080.553509 6675235.691818, 386074.327442 6675267.011641, 386045.367734 6675260.792277, 386039.539339 6675259.625347)

LINESTRING (386101.458881 6675239.632432, 386099.258810 6675239.177138, 386086.523607 6675236.776392, 386084.844192 6675236.472061, 386080.553509 6675235.691818)

LINESTRING (386220.520122 6675158.698368, 386208.654737 6675169.464946, 386206.802409 6675171.272201, 386218.148058 6675184.649100, 386220.514478 6675182.246363, 386232.325146 6675170.255656, 386233.997692 6675168.554302)

LINESTRING (386351.175166 6675204.720107, 386352.528185 6675206.126833)

LINESTRING (386352.528185 6675206.126833, 386358.833245 6675200.492612)

LINESTRING (386352.528185 6675206.126833, 386343.337735 6675214.246706)

LINESTRING (386352.528185 6675206.126833, 386351.175166 6675204.720107)

LINESTRING (386370.341384 6675190.718321, 386379.741884 6675182.569710)

LINESTRING (386370.341384 6675190.718321, 386364.043236 6675196.040268)

LINESTRING (386370.341384 6675190.718321, 386368.791283 6675188.860795)

LINESTRING (386332.968547 6675221.032480, 386334.123071 6675222.478798)

LINESTRING (386334.123071 6675222.478798, 386325.053941 6675230.750971)

LINESTRING (386334.123071 6675222.478798, 386332.968547 6675221.032480)

LINESTRING (386334.123071 6675222.478798, 386337.094739 6675219.734153, 386343.337735 6675214.246706)

LINESTRING (386087.278937 6675333.028290, 386098.543541 6675327.762967)

LINESTRING (386087.278937 6675333.028290, 386089.673362 6675337.233145, 386090.527008 6675342.734130, 386089.750798 6675346.669938, 386087.880616 6675348.789855, 386083.904299 6675350.262115, 386079.700705 6675349.958370, 386073.327563 6675348.396016)

LINESTRING (386087.278937 6675333.028290, 386077.091867 6675331.562385, 386073.327563 6675348.396016)

LINESTRING (386073.327563 6675348.396016, 386069.787783 6675365.846742)

LINESTRING (386073.327563 6675348.396016, 386079.700705 6675349.958370, 386083.904299 6675350.262115, 386087.880616 6675348.789855, 386089.750798 6675346.669938, 386090.527008 6675342.734130, 386089.673362 6675337.233145, 386087.278937 6675333.028290)

LINESTRING (386073.327563 6675348.396016, 386077.091867 6675331.562385, 386087.278937 6675333.028290)

LINESTRING (386033.072449 6675317.219838, 386029.808598 6675316.630559, 386027.854164 6675316.223380)

LINESTRING (386027.854164 6675316.223380, 386024.760973 6675331.085914)

LINESTRING (386027.854164 6675316.223380, 386029.277297 6675309.369891)

LINESTRING (386027.854164 6675316.223380, 386029.808598 6675316.630559, 386033.072449 6675317.219838)

LINESTRING (386043.900263 6675345.668266, 386043.621107 6675347.036563, 386042.751433 6675351.354200, 386041.300597 6675358.565164, 386040.825402 6675360.585936)

LINESTRING (385966.099073 6675289.997102, 385969.500630 6675273.286092)

LINESTRING (385966.099073 6675289.997102, 385978.436170 6675292.443265)

LINESTRING (385996.711343 6675278.745820, 385969.500630 6675273.286092)

LINESTRING (385996.711343 6675278.745820, 385998.299288 6675270.951063)

LINESTRING (385996.711343 6675278.745820, 386017.736104 6675282.960838, 386025.631513 6675284.765432)

LINESTRING (386033.973436 6675286.656434, 386025.631513 6675284.765432)

LINESTRING (386033.973436 6675286.656434, 386035.493916 6675279.186981)

LINESTRING (386033.973436 6675286.656434, 386035.751217 6675287.091408, 386084.577280 6675297.216684)

LINESTRING (386033.973436 6675286.656434, 386032.636528 6675293.250916, 386029.277297 6675309.369891)

LINESTRING (386020.957599 6675307.656518, 386016.500561 6675329.493293)

LINESTRING (386020.957599 6675307.656518, 386029.277297 6675309.369891)

LINESTRING (386020.957599 6675307.656518, 386024.226041 6675291.651805, 386025.631513 6675284.765432)

LINESTRING (386029.277297 6675309.369891, 386020.957599 6675307.656518)

LINESTRING (386029.277297 6675309.369891, 386027.854164 6675316.223380)

LINESTRING (386029.277297 6675309.369891, 386032.636528 6675293.250916, 386033.973436 6675286.656434)

LINESTRING (386024.760973 6675331.085914, 386016.500561 6675329.493293)

LINESTRING (386024.760973 6675331.085914, 386019.331768 6675357.154368)

LINESTRING (386024.760973 6675331.085914, 386027.854164 6675316.223380)

LINESTRING (386431.055139 6675237.968271, 386428.500895 6675240.042371)

LINESTRING (386431.055139 6675237.968271, 386425.950540 6675231.696494, 386420.142704 6675225.468841, 386417.558081 6675226.028276, 386411.458550 6675219.698249)

LINESTRING (386431.055139 6675237.968271, 386437.188739 6675232.885576, 386434.468313 6675229.069530, 386434.456876 6675224.589904)

LINESTRING (386428.500895 6675240.042371, 386421.027678 6675246.113926)

LINESTRING (386428.500895 6675240.042371, 386431.055139 6675237.968271)

LINESTRING (386411.458550 6675219.698249, 386354.005298 6675270.115776, 386352.870308 6675273.048533)

LINESTRING (386411.458550 6675219.698249, 386417.558081 6675226.028276, 386420.142704 6675225.468841, 386425.950540 6675231.696494, 386431.055139 6675237.968271)

LINESTRING (386411.458550 6675219.698249, 386408.398222 6675216.371976, 386399.484835 6675224.126487)

LINESTRING (386434.456876 6675224.589904, 386431.842389 6675221.506091)

LINESTRING (386434.456876 6675224.589904, 386434.468313 6675229.069530, 386437.188739 6675232.885576, 386431.055139 6675237.968271)

LINESTRING (386434.456876 6675224.589904, 386432.181506 6675226.354451, 386429.803247 6675228.200203, 386403.586737 6675198.278237, 386403.034012 6675196.021973, 386409.948549 6675189.822854)

LINESTRING (386000.389765 6675260.410298, 386012.564471 6675262.984225, 386019.418720 6675230.474557)

LINESTRING (386000.389765 6675260.410298, 385999.780206 6675263.282228, 385998.725286 6675268.954106, 385998.299288 6675270.951063)

LINESTRING (386000.389765 6675260.410298, 385997.667378 6675237.671618, 386000.010080 6675227.390459)

LINESTRING (386019.418720 6675230.474557, 386000.010080 6675227.390459)

LINESTRING (386019.418720 6675230.474557, 386030.896150 6675232.212161, 386033.559740 6675232.764419, 386036.245846 6675233.327122)

LINESTRING (386019.418720 6675230.474557, 386012.564471 6675262.984225, 386000.389765 6675260.410298)

LINESTRING (386000.010080 6675227.390459, 386005.333028 6675200.578628)

LINESTRING (386000.010080 6675227.390459, 386019.418720 6675230.474557)

LINESTRING (386000.010080 6675227.390459, 385997.667378 6675237.671618, 386000.389765 6675260.410298)

LINESTRING (386005.333028 6675200.578628, 386041.409387 6675207.801911)

LINESTRING (386005.333028 6675200.578628, 386000.010080 6675227.390459)

LINESTRING (386036.245846 6675233.327122, 386044.393534 6675235.034749)

LINESTRING (386036.245846 6675233.327122, 386031.291589 6675257.909706)

LINESTRING (386036.245846 6675233.327122, 386033.559740 6675232.764419, 386030.896150 6675232.212161, 386019.418720 6675230.474557)

LINESTRING (386036.245846 6675233.327122, 386039.633585 6675216.516327, 386040.080738 6675214.306976, 386041.409387 6675207.801911)

LINESTRING (386066.232618 6675024.675065, 386079.833946 6675026.714477)

LINESTRING (386066.232618 6675024.675065, 386010.861963 6675016.347387)

LINESTRING (386066.232618 6675024.675065, 386064.776400 6675033.680404)

LINESTRING (386066.232618 6675024.675065, 386066.455346 6675023.275095, 386068.463728 6675011.154457, 386069.171053 6675006.251242, 386068.817654 6675004.345430, 386057.928564 6674990.520109, 386055.060368 6674988.213401, 386051.984681 6674987.083306, 386049.583536 6674987.302954, 386047.022018 6674988.608592, 386044.958721 6674991.659513, 386044.152987 6674994.648983, 386043.061818 6674998.628039)

LINESTRING (386004.171363 6675297.558975, 385997.670408 6675330.180265)

LINESTRING (386004.171363 6675297.558975, 385978.436170 6675292.443265)

LINESTRING (386004.171363 6675297.558975, 386008.304362 6675297.909412)

LINESTRING (385997.670408 6675330.180265, 386004.171363 6675297.558975)

LINESTRING (385997.670408 6675330.180265, 386001.514839 6675331.063466)

LINESTRING (385997.670408 6675330.180265, 385997.085117 6675333.118306, 385996.521166 6675333.002147)

LINESTRING (385978.436170 6675292.443265, 386004.171363 6675297.558975)

LINESTRING (385978.436170 6675292.443265, 385966.099073 6675289.997102)

LINESTRING (385978.436170 6675292.443265, 385979.296195 6675290.310192)

LINESTRING (386008.304362 6675297.909412, 386004.171363 6675297.558975)

LINESTRING (386230.524098 6675325.194566, 386224.727096 6675321.463193)

LINESTRING (386230.524098 6675325.194566, 386234.762468 6675319.122886)

LINESTRING (386230.524098 6675325.194566, 386233.390205 6675327.089124, 386238.844946 6675330.697421)

LINESTRING (386230.524098 6675325.194566, 386227.949209 6675329.097115, 386229.334052 6675333.311160, 386229.302451 6675337.647260, 386223.554127 6675344.936050, 386216.766572 6675355.734179)

LINESTRING (386234.762468 6675319.122886, 386230.524098 6675325.194566)

LINESTRING (386234.762468 6675319.122886, 386239.664581 6675312.272765)

LINESTRING (386234.762468 6675319.122886, 386242.697427 6675324.704615, 386238.844946 6675330.697421)

LINESTRING (386238.844946 6675330.697421, 386240.017158 6675331.463361, 386241.863806 6675332.687535, 386254.529126 6675341.064298, 386257.859380 6675343.256484, 386247.175978 6675359.368892, 386243.845386 6675357.165582, 386233.763176 6675350.502762)

LINESTRING (386238.844946 6675330.697421, 386233.390205 6675327.089124, 386230.524098 6675325.194566)

LINESTRING (386238.844946 6675330.697421, 386242.697427 6675324.704615, 386234.762468 6675319.122886)

LINESTRING (385988.706938 6675035.737726, 385988.889463 6675034.651043)

LINESTRING (385988.706938 6675035.737726, 385990.722836 6675035.975811, 385995.935622 6675036.604643, 385997.439490 6675036.791819)

LINESTRING (385988.706938 6675035.737726, 385982.245466 6675079.435206, 385980.525343 6675084.771198)

LINESTRING (386027.151997 6675039.688724, 386102.587194 6675051.303672)

LINESTRING (386027.151997 6675039.688724, 386029.085080 6675028.183339)

LINESTRING (386027.151997 6675039.688724, 386013.229531 6675037.492347, 386006.951511 6675037.933094)

LINESTRING (386027.151997 6675039.688724, 386026.834379 6675041.604289, 386024.613521 6675055.982720)

LINESTRING (386458.395041 6675112.805891, 386449.908835 6675103.050568)

LINESTRING (386458.395041 6675112.805891, 386453.333946 6675119.382017)

LINESTRING (386444.173738 6675107.931412, 386431.838516 6675118.422063)

LINESTRING (386444.173738 6675107.931412, 386449.908835 6675103.050568)

LINESTRING (386444.173738 6675107.931412, 386445.245813 6675109.224304)

LINESTRING (386218.307396 6675043.646994, 386222.215015 6674972.503149)

LINESTRING (386222.215015 6674972.503149, 386222.960787 6674962.405555)

LINESTRING (386222.215015 6674972.503149, 386218.307396 6675043.646994)

LINESTRING (386222.215015 6674972.503149, 386214.567425 6674972.083434)

LINESTRING (386222.215015 6674972.503149, 386229.621825 6674973.030664)

LINESTRING (386229.621825 6674973.030664, 386229.755964 6674970.385306)

LINESTRING (386229.621825 6674973.030664, 386225.866760 6675047.657904)

LINESTRING (386229.621825 6674973.030664, 386222.215015 6674972.503149)

LINESTRING (386435.153493 6675135.314128, 386425.654386 6675143.153608)

LINESTRING (386435.153493 6675135.314128, 386444.231059 6675127.298304)

LINESTRING (386435.153493 6675135.314128, 386433.203994 6675133.279519)

LINESTRING (386425.654386 6675143.153608, 386435.153493 6675135.314128)

LINESTRING (386425.654386 6675143.153608, 386415.825496 6675151.449122)

LINESTRING (386425.654386 6675143.153608, 386423.897486 6675141.246757)

LINESTRING (386444.231059 6675127.298304, 386453.333946 6675119.382017)

LINESTRING (386444.231059 6675127.298304, 386435.153493 6675135.314128)

LINESTRING (386444.231059 6675127.298304, 386442.543108 6675125.289006)

LINESTRING (386433.203994 6675133.279519, 386435.153493 6675135.314128)

LINESTRING (386403.712227 6675161.754680, 386415.825496 6675151.449122)

LINESTRING (386403.712227 6675161.754680, 386398.418628 6675166.555030)

LINESTRING (386403.712227 6675161.754680, 386412.275739 6675170.783121, 386414.511326 6675173.455202, 386420.587331 6675180.276313)

LINESTRING (386415.825496 6675151.449122, 386425.654386 6675143.153608)

LINESTRING (386415.825496 6675151.449122, 386403.712227 6675161.754680)

LINESTRING (386415.825496 6675151.449122, 386414.401517 6675149.364777)

LINESTRING (386398.418628 6675166.555030, 386403.712227 6675161.754680)

LINESTRING (386398.418628 6675166.555030, 386388.989306 6675174.492744)

LINESTRING (386398.418628 6675166.555030, 386396.911837 6675164.662715)

LINESTRING (386420.587331 6675180.276313, 386422.251277 6675178.831633)

LINESTRING (386420.587331 6675180.276313, 386409.948549 6675189.822854)

LINESTRING (386420.587331 6675180.276313, 386414.511326 6675173.455202, 386412.275739 6675170.783121, 386403.712227 6675161.754680)

LINESTRING (386222.960787 6674962.405555, 386222.215015 6674972.503149)

LINESTRING (386222.960787 6674962.405555, 386215.256708 6674961.954161)

LINESTRING (386222.960787 6674962.405555, 386223.089357 6674960.651909, 386223.408861 6674957.008948)

LINESTRING (386194.169664 6675372.830206, 386198.342816 6675364.130460)

LINESTRING (386194.169664 6675372.830206, 386202.224438 6675377.806328)

LINESTRING (386194.169664 6675372.830206, 386182.734221 6675396.678044, 386177.764432 6675407.051945)

LINESTRING (386422.251277 6675178.831633, 386434.659031 6675168.004361)

LINESTRING (386422.251277 6675178.831633, 386420.587331 6675180.276313)

LINESTRING (386422.251277 6675178.831633, 386424.692582 6675182.054547)

LINESTRING (386409.948549 6675189.822854, 386420.587331 6675180.276313)

LINESTRING (386409.948549 6675189.822854, 386412.365640 6675192.623030)

LINESTRING (386409.948549 6675189.822854, 386403.034012 6675196.021973, 386403.586737 6675198.278237, 386429.803247 6675228.200203, 386432.181506 6675226.354451, 386434.456876 6675224.589904)

LINESTRING (386345.560120 6675292.220818, 386356.459523 6675303.762029)

LINESTRING (386345.560120 6675292.220818, 386340.754382 6675293.072190, 386321.555782 6675271.190686)

LINESTRING (386345.560120 6675292.220818, 386343.674044 6675290.083990, 386340.555106 6675280.942297)

LINESTRING (386333.470332 6675203.252964, 386340.260720 6675197.169008)

LINESTRING (386333.470332 6675203.252964, 386335.248404 6675204.769067)

LINESTRING (386333.470332 6675203.252964, 386322.113346 6675213.423873, 386305.547206 6675228.604430)

LINESTRING (386100.206017 6675067.135792, 386102.188475 6675053.288619, 386102.587194 6675051.303672)

LINESTRING (386143.872983 6675077.734601, 386146.628482 6675060.018633, 386146.832877 6675058.563519)

LINESTRING (386446.498177 6674991.892438, 386432.938329 6674975.452037)

LINESTRING (386323.970741 6674980.328874, 386323.866554 6674965.008778, 386323.853457 6674963.694164)

LINESTRING (386216.252018 6675078.536711, 386213.457795 6675112.680454, 386223.219297 6675130.776080, 386229.855084 6675143.095893, 386236.904101 6675155.681475, 386241.509199 6675163.896491)

LINESTRING (386209.618887 6674956.401326, 386212.831408 6674956.580036, 386215.613655 6674956.660685)

LINESTRING (386215.613655 6674956.660685, 386215.256708 6674961.954161)

LINESTRING (386215.613655 6674956.660685, 386223.408861 6674957.008948)

LINESTRING (386215.613655 6674956.660685, 386212.831408 6674956.580036, 386209.618887 6674956.401326)

LINESTRING (386215.256708 6674961.954161, 386215.613655 6674956.660685)

LINESTRING (386215.256708 6674961.954161, 386214.567425 6674972.083434)

LINESTRING (386215.256708 6674961.954161, 386222.960787 6674962.405555)

LINESTRING (386215.256708 6674961.954161, 386212.482782 6674961.784100, 386193.411726 6674960.672107, 386171.266362 6674959.366094)

LINESTRING (386223.408861 6674957.008948, 386215.613655 6674956.660685)

LINESTRING (386223.408861 6674957.008948, 386223.089357 6674960.651909, 386222.960787 6674962.405555)

LINESTRING (386229.755964 6674970.385306, 386229.621825 6674973.030664)

LINESTRING (386229.755964 6674970.385306, 386231.912186 6674970.496575)

LINESTRING (386229.755964 6674970.385306, 386230.688015 6674951.823434, 386231.298288 6674944.504974)

LINESTRING (386227.806591 6675362.868661, 386243.512151 6675373.212533)

LINESTRING (386227.806591 6675362.868661, 386216.766572 6675355.734179)

LINESTRING (386227.806591 6675362.868661, 386212.845552 6675363.980289)

LINESTRING (386212.845552 6675363.980289, 386202.224438 6675377.806328)

LINESTRING (386212.845552 6675363.980289, 386198.342816 6675364.130460)

LINESTRING (386212.845552 6675363.980289, 386227.806591 6675362.868661)

LINESTRING (386212.845552 6675363.980289, 386216.740558 6675358.108716, 386216.766572 6675355.734179)

LINESTRING (386202.224438 6675377.806328, 386186.780465 6675400.664407)

LINESTRING (386202.224438 6675377.806328, 386212.845552 6675363.980289)

LINESTRING (386202.224438 6675377.806328, 386194.169664 6675372.830206)

LINESTRING (386123.237203 6674973.375464, 386160.550530 6674980.706381, 386165.667708 6674985.216634, 386167.977680 6674992.945758, 386166.993685 6675008.043411, 386165.117325 6675018.532812, 386162.138926 6675038.005343, 386161.997922 6675039.001570)

LINESTRING (386158.625319 6675060.425472, 386146.832877 6675058.563519)

LINESTRING (386158.625319 6675060.425472, 386167.066745 6675061.756485)

LINESTRING (386158.625319 6675060.425472, 386160.481892 6675048.409916)

LINESTRING (386158.625319 6675060.425472, 386158.402905 6675061.836568, 386157.710722 6675066.338098, 386155.354268 6675081.545324)

LINESTRING (386064.776400 6675033.680404, 386078.429662 6675035.785059)

LINESTRING (386064.776400 6675033.680404, 386066.232618 6675024.675065)

LINESTRING (386064.776400 6675033.680404, 386056.352532 6675032.382508, 386032.123654 6675028.657057, 386029.085080 6675028.183339)

LINESTRING (386024.613521 6675055.982720, 386026.834379 6675041.604289, 386027.151997 6675039.688724)

LINESTRING (386399.484835 6675224.126487, 386387.622665 6675234.468892)

LINESTRING (386399.484835 6675224.126487, 386396.786832 6675221.034147)

LINESTRING (386399.484835 6675224.126487, 386408.398222 6675216.371976, 386411.458550 6675219.698249)

LINESTRING (386396.786832 6675221.034147, 386399.484835 6675224.126487)

LINESTRING (386385.205245 6675231.479291, 386387.622665 6675234.468892)

LINESTRING (386387.622665 6675234.468892, 386399.484835 6675224.126487)

LINESTRING (386387.622665 6675234.468892, 386373.687823 6675247.561467)

LINESTRING (386387.622665 6675234.468892, 386385.205245 6675231.479291)

LINESTRING (386370.909105 6675244.371354, 386373.687823 6675247.561467)

LINESTRING (386373.687823 6675247.561467, 386370.909105 6675244.371354)

LINESTRING (386373.687823 6675247.561467, 386387.622665 6675234.468892)

LINESTRING (386373.687823 6675247.561467, 386360.431062 6675259.618913)

LINESTRING (386357.455229 6675256.512942, 386360.431062 6675259.618913)

LINESTRING (386360.431062 6675259.618913, 386357.455229 6675256.512942)

LINESTRING (386360.431062 6675259.618913, 386373.687823 6675247.561467)

LINESTRING (386360.431062 6675259.618913, 386350.450770 6675270.705386)

LINESTRING (386431.491598 6675256.677036, 386425.547944 6675251.434285, 386421.027678 6675246.113926)

LINESTRING (386421.027678 6675246.113926, 386428.500895 6675240.042371)

LINESTRING (386421.027678 6675246.113926, 386425.547944 6675251.434285, 386431.491598 6675256.677036)

LINESTRING (386421.027678 6675246.113926, 386408.261742 6675256.473176, 386402.769157 6675255.217238, 386399.251214 6675257.521876, 386396.021501 6675259.639261, 386391.681563 6675261.557093, 386388.805657 6675261.846988)

LINESTRING (386374.947133 6675280.787919, 386369.240630 6675277.109231)

LINESTRING (386388.805657 6675261.846988, 386391.681563 6675261.557093, 386396.021501 6675259.639261, 386399.251214 6675257.521876, 386402.769157 6675255.217238, 386408.261742 6675256.473176, 386421.027678 6675246.113926)

LINESTRING (386388.805657 6675261.846988, 386386.184017 6675262.106701, 386369.240630 6675277.109231)

LINESTRING (386388.805657 6675261.846988, 386405.939149 6675280.839720, 386412.247323 6675284.421775, 386427.807404 6675286.691374, 386431.755684 6675287.527224, 386434.156988 6675291.966104)

LINESTRING (386342.069238 6675212.881935, 386343.337735 6675214.246706)

LINESTRING (386343.337735 6675214.246706, 386352.528185 6675206.126833)

LINESTRING (386343.337735 6675214.246706, 386342.069238 6675212.881935)

LINESTRING (386343.337735 6675214.246706, 386337.094739 6675219.734153, 386334.123071 6675222.478798)

LINESTRING (386323.776440 6675229.275044, 386325.053941 6675230.750971)

LINESTRING (386325.053941 6675230.750971, 386334.123071 6675222.478798)

LINESTRING (386325.053941 6675230.750971, 386315.927696 6675238.969222)

LINESTRING (386325.053941 6675230.750971, 386323.776440 6675229.275044)

LINESTRING (386451.454342 6675293.011734, 386449.341871 6675285.365485)

LINESTRING (386449.341871 6675285.365485, 386434.156988 6675291.966104)

LINESTRING (386449.341871 6675285.365485, 386451.454342 6675293.011734)

LINESTRING (386430.803522 6675300.105187, 386428.726554 6675294.318933)

LINESTRING (386428.726554 6675294.318933, 386434.156988 6675291.966104)

LINESTRING (386428.726554 6675294.318933, 386430.803522 6675300.105187)

LINESTRING (386428.726554 6675294.318933, 386421.199973 6675297.416638, 386408.864075 6675303.215695)

LINESTRING (386410.306239 6675307.138271, 386408.864075 6675303.215695)

LINESTRING (386408.864075 6675303.215695, 386410.306239 6675307.138271)

LINESTRING (386408.864075 6675303.215695, 386400.328726 6675307.414610, 386392.941782 6675310.719780, 386384.418956 6675314.606305, 386380.920217 6675315.561914)

LINESTRING (386408.864075 6675303.215695, 386421.199973 6675297.416638, 386428.726554 6675294.318933)

LINESTRING (386451.877066 6675117.309823, 386453.333946 6675119.382017)

LINESTRING (386453.333946 6675119.382017, 386458.395041 6675112.805891)

LINESTRING (386453.333946 6675119.382017, 386444.231059 6675127.298304)

LINESTRING (386453.333946 6675119.382017, 386451.877066 6675117.309823)

LINESTRING (386442.543108 6675125.289006, 386444.231059 6675127.298304)

LINESTRING (386423.897486 6675141.246757, 386425.654386 6675143.153608)

LINESTRING (386414.401517 6675149.364777, 386415.825496 6675151.449122)

LINESTRING (386449.935634 6675160.409084, 386447.184653 6675157.039746)

LINESTRING (386447.184653 6675157.039746, 386459.368743 6675146.509255)

LINESTRING (386447.184653 6675157.039746, 386434.659031 6675168.004361)

LINESTRING (386447.184653 6675157.039746, 386449.935634 6675160.409084)

LINESTRING (386396.911837 6675164.662715, 386398.418628 6675166.555030)

LINESTRING (386437.230232 6675171.301261, 386434.659031 6675168.004361)

LINESTRING (386434.659031 6675168.004361, 386447.184653 6675157.039746)

LINESTRING (386434.659031 6675168.004361, 386422.251277 6675178.831633)

LINESTRING (386434.659031 6675168.004361, 386437.230232 6675171.301261)

LINESTRING (386387.574307 6675172.697880, 386388.989306 6675174.492744)

LINESTRING (386388.989306 6675174.492744, 386398.418628 6675166.555030)

LINESTRING (386388.989306 6675174.492744, 386379.741884 6675182.569710)

LINESTRING (386388.989306 6675174.492744, 386387.574307 6675172.697880)

LINESTRING (386378.133927 6675180.814275, 386379.741884 6675182.569710)

LINESTRING (386379.741884 6675182.569710, 386388.989306 6675174.492744)

LINESTRING (386379.741884 6675182.569710, 386370.341384 6675190.718321)

LINESTRING (386379.741884 6675182.569710, 386378.133927 6675180.814275)

LINESTRING (386424.692582 6675182.054547, 386422.251277 6675178.831633)

LINESTRING (386368.791283 6675188.860795, 386370.341384 6675190.718321)

LINESTRING (386412.365640 6675192.623030, 386409.948549 6675189.822854)

LINESTRING (386314.557008 6675237.529625, 386315.927696 6675238.969222)

LINESTRING (386164.484715 6675078.452908, 386166.156986 6675067.646669, 386166.849525 6675063.156275, 386167.066745 6675061.756485)

LINESTRING (386155.354268 6675081.545324, 386157.710722 6675066.338098, 386158.402905 6675061.836568, 386158.625319 6675060.425472)

LINESTRING (386079.833946 6675026.714477, 386078.429662 6675035.785059)

LINESTRING (386079.833946 6675026.714477, 386066.232618 6675024.675065)

LINESTRING (386079.833946 6675026.714477, 386080.055639 6675025.281109, 386081.926531 6675013.198192, 386105.011305 6674993.177714, 386112.427443 6674992.044205, 386153.633153 6674998.585247, 386156.970690 6675001.713246, 386156.942168 6675025.585146, 386155.241488 6675036.548292, 386155.015609 6675038.026363)

LINESTRING (386079.833946 6675026.714477, 386086.244346 6675027.673914, 386155.015609 6675038.026363)

LINESTRING (385963.381221 6675011.062207, 385984.320319 6675000.725329)

LINESTRING (385963.381221 6675011.062207, 385969.349409 6675014.564976, 385972.388044 6675015.930187, 385975.678482 6675016.117403, 385978.702465 6675015.231929, 385981.746832 6675013.041942, 385983.858835 6675008.172947)

LINESTRING (385983.858835 6675008.172947, 385984.320319 6675000.725329)

LINESTRING (385983.858835 6675008.172947, 385991.128073 6675025.298104)

LINESTRING (385983.858835 6675008.172947, 385981.746832 6675013.041942, 385978.702465 6675015.231929, 385975.678482 6675016.117403, 385972.388044 6675015.930187, 385969.349409 6675014.564976, 385963.381221 6675011.062207)

LINESTRING (385972.535603 6674945.883750, 385986.835441 6674958.398981, 385990.448938 6674961.830278)

LINESTRING (386451.129990 6674971.833973, 386442.409975 6674974.400282)

LINESTRING (386442.409975 6674974.400282, 386446.396241 6674980.561922)

LINESTRING (386442.409975 6674974.400282, 386451.129990 6674971.833973)

LINESTRING (386442.409975 6674974.400282, 386439.829030 6674974.368936, 386437.030613 6674973.229917, 386436.128531 6674972.767567)

LINESTRING (386446.396241 6674980.561922, 386442.409975 6674974.400282)

LINESTRING (385979.296195 6675290.310192, 385978.436170 6675292.443265)

LINESTRING (386001.514839 6675331.063466, 385997.670408 6675330.180265)

LINESTRING (385996.521166 6675333.002147, 385995.967793 6675336.964468)

LINESTRING (385996.521166 6675333.002147, 385997.085117 6675333.118306, 385997.670408 6675330.180265)

LINESTRING (385995.967793 6675336.964468, 385996.521166 6675333.002147)

LINESTRING (386459.368743 6675146.509255, 386447.184653 6675157.039746)

LINESTRING (386431.838516 6675118.422063, 386426.389631 6675123.048880)

LINESTRING (386431.838516 6675118.422063, 386444.173738 6675107.931412)

LINESTRING (386431.838516 6675118.422063, 386432.933800 6675119.747664)

LINESTRING (386445.245813 6675109.224304, 386444.173738 6675107.931412)

LINESTRING (386432.933800 6675119.747664, 386431.838516 6675118.422063)

LINESTRING (386426.389631 6675123.048880, 386421.032913 6675127.605980)

LINESTRING (386426.389631 6675123.048880, 386431.838516 6675118.422063)

LINESTRING (386426.389631 6675123.048880, 386427.588846 6675124.326677)

LINESTRING (386233.627744 6674944.655436, 386231.298288 6674944.504974)

LINESTRING (386231.298288 6674944.504974, 386233.627744 6674944.655436)

LINESTRING (386231.298288 6674944.504974, 386230.688015 6674951.823434, 386229.755964 6674970.385306)

LINESTRING (386018.836251 6674997.510324, 386014.277473 6674996.504468)

LINESTRING (386427.588846 6675124.326677, 386426.389631 6675123.048880)

LINESTRING (386422.270583 6675128.871437, 386421.032913 6675127.605980)

LINESTRING (386421.032913 6675127.605980, 386410.719312 6675136.373465)

LINESTRING (386421.032913 6675127.605980, 386426.389631 6675123.048880)

LINESTRING (386421.032913 6675127.605980, 386422.270583 6675128.871437)

LINESTRING (386410.719312 6675136.373465, 386374.573253 6675167.094845)

LINESTRING (386410.719312 6675136.373465, 386421.032913 6675127.605980)

LINESTRING (386410.719312 6675136.373465, 386411.883186 6675137.763796)

LINESTRING (386376.028107 6675168.743591, 386374.573253 6675167.094845)

LINESTRING (386342.049531 6675198.673636, 386340.260720 6675197.169008)

LINESTRING (386335.248404 6675204.769067, 386333.470332 6675203.252964)

LINESTRING (386250.879250 6675224.196503, 386252.440854 6675225.173228)

LINESTRING (386411.883186 6675137.763796, 386410.719312 6675136.373465)

LINESTRING (386318.195693 6675301.429132, 386322.939073 6675300.356782)

LINESTRING (386322.939073 6675300.356782, 386318.195693 6675301.429132)

LINESTRING (386322.939073 6675300.356782, 386324.357053 6675304.926446, 386330.239178 6675323.900660, 386331.638094 6675328.392908, 386335.430568 6675327.249817)

LINESTRING (386322.939073 6675300.356782, 386321.101282 6675294.953200, 386317.628298 6675284.953273, 386319.217545 6675278.607394)

LINESTRING (386319.217545 6675278.607394, 386321.555782 6675271.190686)

LINESTRING (386319.217545 6675278.607394, 386298.266627 6675256.044929)

LINESTRING (386319.217545 6675278.607394, 386317.628298 6675284.953273, 386321.101282 6675294.953200, 386322.939073 6675300.356782)

LINESTRING (386335.430568 6675327.249817, 386350.189631 6675343.385119)

LINESTRING (386335.430568 6675327.249817, 386341.646863 6675325.373924, 386353.513757 6675315.733291, 386355.642583 6675312.468770, 386356.793601 6675307.551840, 386356.459523 6675303.762029)

LINESTRING (386335.430568 6675327.249817, 386331.638094 6675328.392908, 386330.239178 6675323.900660, 386324.357053 6675304.926446, 386322.939073 6675300.356782)

LINESTRING (386348.881611 6675364.142903, 386359.072558 6675360.026168)

LINESTRING (386359.072558 6675360.026168, 386348.881611 6675364.142903)

LINESTRING (386359.072558 6675360.026168, 386349.586981 6675348.452182)

LINESTRING (386359.072558 6675360.026168, 386366.645957 6675358.977415, 386370.574081 6675359.880687)

LINESTRING (386231.912186 6674970.496575, 386229.755964 6674970.385306)

LINESTRING (386171.266362 6674959.366094, 386193.411726 6674960.672107, 386212.482782 6674961.784100, 386215.256708 6674961.954161)

LINESTRING (386362.029849 6675307.701243, 386356.459523 6675303.762029)

LINESTRING (386362.029849 6675307.701243, 386370.153060 6675313.455702, 386380.920217 6675315.561914)

LINESTRING (386362.029849 6675307.701243, 386363.217711 6675313.258760, 386373.355953 6675324.767936)

LINESTRING (386356.459523 6675303.762029, 386345.560120 6675292.220818)

LINESTRING (386356.459523 6675303.762029, 386362.029849 6675307.701243)

LINESTRING (386356.459523 6675303.762029, 386356.793601 6675307.551840, 386355.642583 6675312.468770, 386353.513757 6675315.733291, 386341.646863 6675325.373924, 386335.430568 6675327.249817)

LINESTRING (386255.795422 6675293.104626, 386245.031252 6675305.018159)

LINESTRING (386255.795422 6675293.104626, 386264.662968 6675285.139429)

LINESTRING (386255.795422 6675293.104626, 386258.409671 6675296.177180, 386262.326728 6675299.933614, 386264.618148 6675301.901782, 386267.346771 6675302.407609, 386278.556116 6675302.315505)

LINESTRING (386245.031252 6675305.018159, 386239.664581 6675312.272765)

LINESTRING (386245.031252 6675305.018159, 386255.795422 6675293.104626)

LINESTRING (386245.031252 6675305.018159, 386239.683878 6675300.938454)

LINESTRING (386278.556116 6675302.315505, 386264.662968 6675285.139429)

LINESTRING (386278.556116 6675302.315505, 386289.864383 6675316.295553, 386304.632050 6675349.302811, 386298.322994 6675350.691305, 386273.100338 6675332.764024, 386270.220345 6675332.742103)

LINESTRING (386278.556116 6675302.315505, 386267.346771 6675302.407609, 386264.618148 6675301.901782, 386262.326728 6675299.933614, 386258.409671 6675296.177180, 386255.795422 6675293.104626)

LINESTRING (386298.266627 6675256.044929, 386264.662968 6675285.139429)

LINESTRING (386298.266627 6675256.044929, 386298.205845 6675251.232501)

LINESTRING (386298.266627 6675256.044929, 386319.217545 6675278.607394)

LINESTRING (386239.664581 6675312.272765, 386234.762468 6675319.122886)

LINESTRING (386239.664581 6675312.272765, 386245.031252 6675305.018159)

LINESTRING (386239.664581 6675312.272765, 386270.220345 6675332.742103)

LINESTRING (386270.220345 6675332.742103, 386239.664581 6675312.272765)

LINESTRING (386270.220345 6675332.742103, 386243.512151 6675373.212533)

LINESTRING (386270.220345 6675332.742103, 386273.100338 6675332.764024, 386298.322994 6675350.691305, 386304.632050 6675349.302811, 386289.864383 6675316.295553, 386278.556116 6675302.315505)

LINESTRING (386186.780465 6675400.664407, 386202.224438 6675377.806328)

LINESTRING (386243.512151 6675373.212533, 386227.806591 6675362.868661)

LINESTRING (386243.512151 6675373.212533, 386270.220345 6675332.742103)

LINESTRING (386243.512151 6675373.212533, 386247.163834 6675375.751330, 386272.768085 6675393.287661)

LINESTRING (386434.156988 6675291.966104, 386428.726554 6675294.318933)

LINESTRING (386434.156988 6675291.966104, 386449.341871 6675285.365485)

LINESTRING (386434.156988 6675291.966104, 386431.755684 6675287.527224, 386427.807404 6675286.691374, 386412.247323 6675284.421775, 386405.939149 6675280.839720, 386388.805657 6675261.846988)

LINESTRING (386431.842389 6675221.506091, 386434.456876 6675224.589904)

LINESTRING (386431.842389 6675221.506091, 386432.729397 6675218.982251, 386434.313400 6675220.861039, 386435.022896 6675220.304094)

LINESTRING (386435.022896 6675220.304094, 386434.313400 6675220.861039, 386432.729397 6675218.982251, 386431.842389 6675221.506091)

LINESTRING (386272.768085 6675393.287661, 386247.163834 6675375.751330, 386243.512151 6675373.212533)

LINESTRING (386272.768085 6675393.287661, 386268.777775 6675399.128702, 386299.355866 6675420.165912)

LINESTRING (386349.586981 6675348.452182, 386359.072558 6675360.026168)

LINESTRING (386340.305518 6675384.524680, 386355.056424 6675386.295313)

LINESTRING (386233.763176 6675350.502762, 386243.845386 6675357.165582, 386247.175978 6675359.368892, 386257.859380 6675343.256484, 386254.529126 6675341.064298, 386241.863806 6675332.687535, 386240.017158 6675331.463361, 386238.844946 6675330.697421)

LINESTRING (386373.355953 6675324.767936, 386363.217711 6675313.258760, 386362.029849 6675307.701243)

LINESTRING (386350.189631 6675343.385119, 386335.430568 6675327.249817)

LINESTRING (386043.061818 6674998.628039, 386044.152987 6674994.648983, 386044.958721 6674991.659513, 386047.022018 6674988.608592, 386049.583536 6674987.302954, 386051.984681 6674987.083306, 386055.060368 6674988.213401, 386057.928564 6674990.520109, 386068.817654 6675004.345430, 386069.171053 6675006.251242, 386068.463728 6675011.154457, 386066.455346 6675023.275095, 386066.232618 6675024.675065)

LINESTRING (386299.355866 6675420.165912, 386268.777775 6675399.128702, 386272.768085 6675393.287661)

LINESTRING (386211.118595 6675272.951939, 386218.320896 6675265.851948, 386225.134190 6675259.622177)

LINESTRING (386211.118595 6675272.951939, 386229.243453 6675269.735973, 386234.125405 6675269.194125)

LINESTRING (385975.441765 6675419.236048, 385976.630984 6675413.426241)

