scenario_name,candidate_id,max_abs_r_vs_selected
SV1_C61847,C61847,0.818470190874098
SV1_C22845,C22845,0.8761123873240793
SV1_C61815,C61815,0.9222802598564261
SV1_C76915,C76915,0.8496729433961647
SV1_C45633,C45633,0.8046735168322887
SV1_C63103,C63103,0.8895134865092252
SV1_C60696,C60696,0.9123394472514021
SV1_C45081,C45081,0.7810183623447111
SV1_C30011,C30011,0.889568409785035
SV1_C65515,C65515,0.8002496799496885
SV1_C09654,C09654,0.7544989816019935
SV1_C93001,C93001,0.8426589663184224
SV1_C95502,C95502,0.7016197171882179
SV1_C49846,C49846,0.7139324047004455
SV1_C73867,C73867,0.8447244000356978
SV1_C08429,C08429,0.7631653165839472
SV1_C72075,C72075,0.7999296590002678
SV1_C84016,C84016,0.8995159596199083
SV1_C57626,C57626,0.8523191410225439
SV1_C75625,C75625,0.9083732455627774
SV1_C60099,C60099,0.9001078442448334
SV1_C25917,C25917,0.766940533571005
SV1_C70903,C70903,0.7209593627467381
SV1_C48028,C48028,0.7556260384809319
SV1_C19815,C19815,0.8087075335676055
SV1_C48692,C48692,0.7040446423413653
SV1_C00698,C00698,0.8475278700200549
SV1_C74460,C74460,0.7503435620026945
SV1_C75063,C75063,0.9032970270640722
SV1_C88833,C88833,0.7622421067483238
SV1_C48704,C48704,0.8946035000993773
SV1_C51036,C51036,0.8705951584185105
SV1_C33097,C33097,0.8560195992533975
SV1_C86441,C86441,0.7231675674164593
SV1_C52305,C52305,0.8093568083782553
SV1_C03107,C03107,0.806006849531266
SV1_C90695,C90695,0.7552161569157061
SV1_C69711,C69711,0.842754260127501
SV1_C73237,C73237,0.757346765890676
SV1_C55831,C55831,0.7437032226751052
SV1_C29507,C29507,0.7840420767691427
SV1_C52830,C52830,0.8986472864239939
SV1_C89402,C89402,0.9203813846926506
SV1_C02437,C02437,0.7105443020403531
SV1_C53514,C53514,0.9215150248088364
SV1_C45092,C45092,0.7393327202784722
SV1_C53425,C53425,0.9583511274934031
SV1_C28313,C28313,0.7551986621628405
SV1_C15020,C15020,0.7951390555736024
SV1_C00626,C00626,0.8780406951442654
SV1_C70274,C70274,0.817588644107089
SV1_C73230,C73230,0.740446065692572
SV1_C21636,C21636,0.7576010917722479
SV1_C06037,C06037,0.9417348488622375
SV1_C70297,C70297,0.837150919150569
SV1_C58209,C58209,0.9747713151889147
SV1_C53493,C53493,0.9679166044919447
SV1_C52833,C52833,0.9428666110413362
SV1_C18043,C18043,0.7606121033338737
SV1_C55220,C55220,0.7404633072504668
SV1_C28233,C28233,0.7100486917156142
SV1_C64309,C64309,0.7645176448500108
SV1_C12660,C12660,0.7203901695401392
SV1_C58912,C58912,0.7819578599830942
SV1_C68439,C68439,0.7595002405330276
SV1_C90628,C90628,0.8462157081634906
SV1_C43279,C43279,0.7090237685241619
SV1_C49267,C49267,0.8982951366216119
SV1_C48106,C48106,0.9344517388679958
SV1_C43828,C43828,0.804054522713722
SV1_C37205,C37205,0.8370319897653972
SV1_C52847,C52847,0.7566168700672963
SV1_C83487,C83487,0.9485338738579615
SV1_C53494,C53494,0.997443787336529
SV1_C43276,C43276,0.8406067374478687
SV1_C49261,C49261,0.9636731639603574
SV1_C30674,C30674,0.8370999650652492
SV1_C17418,C17418,0.9310405390692569
SV1_C06096,C06096,0.7952661439994347
SV1_C83498,C83498,0.7617960128001577
SV1_C23446,C23446,0.898491532138192
SV1_C44425,C44425,0.8061696673644964
SV1_C33612,C33612,0.8330962178823658
SV1_C58815,C58815,0.9508091052861587
SV1_C46916,C46916,0.7711588260933713
SV1_C57028,C57028,0.870169115578255
SV1_C05424,C05424,0.9018807162120169
SV1_C34214,C34214,0.8857342122977002
SV1_C77482,C77482,0.7311551485495865
SV1_C00710,C00710,0.8205317902279369
SV1_C78026,C78026,0.9413589101408704
SV1_C26500,C26500,0.8868620749696142
SV1_C00083,C00083,0.7579575545439291
SV1_C62499,C62499,0.9149775266529931
SV1_C53412,C53412,0.8605963209007174
SV1_C88816,C88816,0.9283514860133286
SV1_C82813,C82813,0.9378511594679809
SV1_C48619,C48619,0.8710146235442224
SV1_C88912,C88912,0.7342979910824717
SV1_C81622,C81622,0.7803578964591147
SV1_C78650,C78650,0.8082209868763487
SV1_C07287,C07287,0.9097593542773044
SV1_C90603,C90603,0.880315930091239
SV1_C58309,C58309,0.8903732423082318
SV1_C36021,C36021,0.995630550384598
SV1_C07266,C07266,0.8453504937584954
SV1_C79806,C79806,0.8863775582703405
SV1_C93709,C93709,0.8019723145073099
SV1_C24708,C24708,0.7359105174525019
SV1_C30089,C30089,0.8032173816320048
SV1_C21645,C21645,0.8741163572530548
SV1_C10889,C10889,0.8475668144478123
SV1_C43214,C43214,0.9253098439823257
SV1_C18623,C18623,0.8195709014485939
SV1_C54035,C54035,0.7131199129223393
SV1_C90084,C90084,0.7489417718545718
SV1_C11515,C11515,0.8615848644513028
SV1_C56493,C56493,0.8438458624669116
SV1_C35401,C35401,0.8341862471251946
SV1_C04835,C04835,0.8954181911131024
SV1_C29518,C29518,0.7358535295999269
SV1_C58237,C58237,0.8144403529758248
SV1_C12034,C12034,0.8773681297416673
SV1_C21634,C21634,0.8409154885355282
SV1_C91317,C91317,0.7593925476026916
SV1_C23491,C23491,0.7867234674747684
SV1_C09049,C09049,0.7961309117496458
SV1_C51103,C51103,0.9388465433920204
SV1_C05413,C05413,0.8420310523133567
SV1_C48604,C48604,0.7049886565257373
SV1_C67224,C67224,0.7418546852332122
SV1_C79803,C79803,0.8320896901726363
SV1_C36003,C36003,0.7210286755724588
SV1_C27692,C27692,0.9116104207236648
SV1_C61285,C61285,0.8901254931085764
SV1_C63033,C63033,0.7744435957523823
SV1_C88842,C88842,0.7572309350832491
SV1_C64303,C64303,0.7905041321679942
SV1_C41401,C41401,0.7684733729472675
SV1_C60706,C60706,0.9843914900915024
SV1_C16842,C16842,0.9293044027302502
SV1_C93674,C93674,0.7318093868906761
SV1_C71508,C71508,0.8168134257068812
SV1_C90626,C90626,0.8018401240171587
SV1_C88845,C88845,0.7653128675087713
SV1_C43201,C43201,0.8522016513698071
SV1_C88247,C88247,0.817705864272709
SV1_C13282,C13282,0.7080068768357739
SV1_C91209,C91209,0.9379354001069695
SV1_C60679,C60679,0.8497279695497161
SV1_C22887,C22887,0.7957901490939521
SV1_C91800,C91800,0.888647711437346
SV1_C72006,C72006,0.8161147308811135
SV1_C69116,C69116,0.9976407448436716
SV1_C28902,C28902,0.8383708627222971
SV1_C74512,C74512,0.856988199160844
SV1_C51645,C51645,0.7849323476652902
SV1_C43264,C43264,0.9262426845489775
SV1_C72656,C72656,0.7632445759999181
SV1_C43899,C43899,0.8360729311001505
SV1_C51012,C51012,0.8718697085411221
SV1_C61916,C61916,0.7644016903066738
SV1_C05436,C05436,0.8729060931615382
SV1_C20417,C20417,0.893926758970013
SV1_C48611,C48611,0.9199392951948173
SV1_C64222,C64222,0.9596697232700395
SV1_C07254,C07254,0.7579607446843386
SV1_C66718,C66718,0.9223366528561416
SV1_C43861,C43861,0.9881175340458246
SV1_C81022,C81022,0.7828290367829266
SV1_C75637,C75637,0.8724614313883545
SV1_C15030,C15030,0.9667012609925961
SV1_C03633,C03633,0.7751196331447052
SV1_C34899,C34899,0.7648473774664676
SV1_C78603,C78603,0.7198468856399844
SV1_C49278,C49278,0.9408736663035436
SV1_C04272,C04272,0.7538819440775176
SV1_C78008,C78008,0.7895973656699666
SV1_C92484,C92484,0.7855977690006819
SV1_C30019,C30019,0.8857117836645994
SV1_C81106,C81106,0.7488768065575909
SV1_C82896,C82896,0.729820067999556
SV1_C82293,C82293,0.7525463427618685
SV1_C72707,C72707,0.7610577920522777
SV1_C04287,C04287,0.7477175269634695
SV1_C72686,C72686,0.888520065664733
SV1_C22286,C22286,0.8679234665413131
SV1_C61229,C61229,0.776368156479788
SV1_C48642,C48642,0.7454414716363625
SV1_C11416,C11416,0.8278137604522897
SV1_C75697,C75697,0.9218203682125199
SV1_C32473,C32473,0.9842867085014473
SV1_C57681,C57681,0.815092544603761
SV1_C55238,C55238,0.9392898104412637
SV1_C51705,C51705,0.8105387523481407
SV1_C52293,C52293,0.9617573909549942
SV1_C55273,C55273,0.8612254484530173
SV1_C45030,C45030,0.7748375768934231
SV1_C48031,C48031,0.8203623744944065
SV1_C65480,C65480,0.8165608187686648
SV1_C99698,C99698,0.9301531375966717
SV1_C26417,C26417,0.9871844715959842
SV1_C87063,C87063,0.9881812163967814
SV1_C98480,C98480,0.9305087301551445
SV1_C09094,C09094,0.7495870449534922
SV1_C51611,C51611,0.8781889327759966
SV1_C06702,C06702,0.7418342647094077
SV1_C67907,C67907,0.8999738604426291
SV1_C50509,C50509,0.797047249038736
SV1_C27610,C27610,0.7817279856212387
SV1_C24638,C24638,0.7900773620497321
SV1_C25909,C25909,0.8266336521501593
SV1_C90609,C90609,0.9355616217863718
SV1_C50423,C50423,0.8164918779722043
SV1_C34317,C34317,0.8473212422150593
SV1_C04900,C04900,0.8045545477915557
SV1_C01815,C01815,0.8093630259292129
SV1_C49243,C49243,0.7473751190399068
SV1_C64246,C64246,0.7302427062443395
SV1_C94274,C94274,0.728894343434296
SV1_C93719,C93719,0.7823381352049891
SV1_C79279,C79279,0.9760912493562043
SV1_C10876,C10876,0.9600967303230994
SV1_C03672,C03672,0.7513773739844688
SV1_C54102,C54102,0.8440799406991163
SV1_C11449,C11449,0.7638802395482197
SV1_C72692,C72692,0.7196860344782998
SV1_C43870,C43870,0.7684131419996793
SV1_C06118,C06118,0.9111316769815044
SV1_C72089,C72089,0.8419072949070376
SV1_C28284,C28284,0.7745975876065189
SV1_C88265,C88265,0.7886823228529599
SV1_C25298,C25298,0.7608190833556661
SV1_C06628,C06628,0.9236477647315169
SV1_C93066,C93066,0.9633171609835053
SV1_C52872,C52872,0.9856879477688637
SV1_C77442,C77442,0.8325129186819941
SV1_C93116,C93116,0.7550116835190629
SV1_C93062,C93062,0.9404227305438511
SV1_C88239,C88239,0.8342104957962302
SV1_C43846,C43846,0.7774770773615752
SV1_C61308,C61308,0.888560007608025
SV1_C25893,C25893,0.9928077792380793
SV1_C19209,C19209,0.8634055593419243
SV1_C69002,C69002,0.9604937686831043
SV1_C09611,C09611,0.8781672907378391
SV1_C70281,C70281,0.7709285282299623
SV1_C85886,C85886,0.9436109551627714
SV1_C63080,C63080,0.7769915393246399
SV1_C91275,C91275,0.7399280195052449
SV1_C06615,C06615,0.9856212729689502
SV1_C46829,C46829,0.7937278056354686
SV1_C73319,C73319,0.998338072526477
SV1_C49809,C49809,0.7959020710021197
SV1_C77476,C77476,0.7504042448763729
SV1_C75645,C75645,0.7765131891273195
SV1_C75031,C75031,0.9175754591024148
SV1_C27630,C27630,0.7500422542598079
SV1_C48022,C48022,0.8248864739279378
SV1_C10237,C10237,0.7870713795389377
SV1_C72008,C72008,0.7932920359336919
SV1_C61806,C61806,0.9546244900142449
SV1_C03690,C03690,0.7265664707051777
SV1_C19894,C19894,0.8348436418510558
SV1_C12074,C12074,0.8459944788666149
SV1_C60079,C60079,0.8418134068825046
SV1_C74458,C74458,0.8598119473170207
SV1_C29473,C29473,0.9370989964492817
SV1_C83401,C83401,0.948707085471318
SV1_C93092,C93092,0.7613020157550624
SV1_C39023,C39023,0.9038781231212456
SV1_C64277,C64277,0.7946637652114061
SV1_C70844,C70844,0.7497149269149145
SV1_C82801,C82801,0.9481474096994593
SV1_C79800,C79800,0.9340678228699275
SV1_C01307,C01307,0.7883742535104797
SV1_C77403,C77403,0.7833937202365188
SV1_C10857,C10857,0.7833871973909626
SV1_C98411,C98411,0.8477158141798429
SV1_C31212,C31212,0.8875115261468333
SV1_C61845,C61845,0.8655589658138281
SV1_C52812,C52812,0.8643710564822883
SV1_C96026,C96026,0.8960271620782945
SV1_C18080,C18080,0.7848749893925623
SV1_C72660,C72660,0.7509141887270916
SV1_C21609,C21609,0.8800601187190046
SV1_C10912,C10912,0.7715267727598569
SV1_C18036,C18036,0.7734091545457767
SV1_C10844,C10844,0.8353483931818227
SV1_C88850,C88850,0.924796310186725
SV1_C93071,C93071,0.7892328144889273
SV1_C79212,C79212,0.9155966238660198
SV1_C72671,C72671,0.8654643497754954
SV1_C07912,C07912,0.8089379409469872
SV1_C74400,C74400,0.8085539699557064
SV1_C12100,C12100,0.788706833230812
SV1_C25237,C25237,0.7097331410409345
SV1_C73827,C73827,0.8945617159366774
SV1_C24039,C24039,0.7274125813249027
SV1_C45118,C45118,0.7987540977140719
SV1_C27087,C27087,0.888815721133874
SV1_C84078,C84078,0.7707588829412445
SV1_C84007,C84007,0.7858731814949672
SV1_C63109,C63109,0.8916644827628148
SV1_C42000,C42000,0.7269016851275271
SV1_C93008,C93008,0.8744428242923493
SV1_C11468,C11468,0.9974425787162304
SV1_C21045,C21045,0.720764794405332
SV1_C47494,C47494,0.7995179605000459
SV1_C74445,C74445,0.7785425217323887
SV1_C81607,C81607,0.8287191052045594
SV1_C51683,C51683,0.7424654526402725
SV1_C78718,C78718,0.7824107795373341
SV1_C29492,C29492,0.7911546184637563
SV1_C72625,C72625,0.7780244239442393
SV1_C90024,C90024,0.8230549153584634
SV1_C00647,C00647,0.7985161295376175
SV1_C62517,C62517,0.8748757030628408
SV1_C15632,C15632,0.8381614777759343
SV1_C30608,C30608,0.8875677480133006
SV1_C88225,C88225,0.7549321888009678
SV1_C35490,C35490,0.8350276673312012
SV1_C86451,C86451,0.9994679825133893
SV1_C45629,C45629,0.8046316160753962
SV1_C48076,C48076,0.9257986032500435
SV1_C09063,C09063,0.9586331211230279
SV1_C30696,C30696,0.8030294937877686
SV1_C57088,C57088,0.7138898504386104
SV1_C07855,C07855,0.8872626834047285
SV1_C12630,C12630,0.9057021106709575
SV1_C00078,C00078,0.776388843731384
SV1_C43859,C43859,0.7982797149623639
SV1_C59506,C59506,0.9688840912813327
SV1_C24025,C24025,0.9839933738678894
SV1_C54084,C54084,0.9378547628958762
SV1_C11467,C11467,0.9966382713861439
SV1_C52282,C52282,0.8964911761751098
SV1_C18685,C18685,0.8175907002217049
SV1_C80504,C80504,0.7370038520023782
SV1_C01878,C01878,0.8117990259978495
SV1_C41405,C41405,0.7769171793238823
SV1_C08419,C08419,0.8564370652045098
SV1_C30093,C30093,0.7812436693894987
SV1_C83413,C83413,0.9388351565980871
SV1_C14437,C14437,0.9309033880404036
SV1_C22916,C22916,0.8718277096397086
SV1_C15085,C15085,0.7183684303539728
SV1_C58301,C58301,0.9202882787076571
SV1_C76305,C76305,0.9151939604060484
SV1_C19831,C19831,0.9987076317607838
SV1_C11485,C11485,0.9243378714565259
SV1_C60627,C60627,0.8398453748392902
SV1_C96085,C96085,0.9143172485579741
SV1_C14418,C14418,0.938821145064589
SV1_C15614,C15614,0.9505365192028438
SV1_C75712,C75712,0.8534255967482033
SV1_C84079,C84079,0.8694413456269059
SV1_C94317,C94317,0.7579235369004472
SV1_C49858,C49858,0.9933966399223091
SV1_C14405,C14405,0.9166246333657427
SV1_C85888,C85888,0.8920890562551158
SV1_C90009,C90009,0.9297966298262851
SV1_C60617,C60617,0.9527023026416352
SV1_C72679,C72679,0.8180110191821626
SV1_C49235,C49235,0.779698329755855
SV1_C28898,C28898,0.8402592538923245
SV1_C29423,C29423,0.8141497780954955
SV1_C72029,C72029,0.7699989254981047
SV1_C75662,C75662,0.8223445962835708
SV1_C96116,C96116,0.7806384761619175
SV1_C05490,C05490,0.837615124069205
SV1_C21701,C21701,0.7378293917877019
SV1_C61877,C61877,0.9231237874814067
SV1_C13309,C13309,0.7945446730963234
SV1_C33079,C33079,0.9646055557851839
SV1_C89400,C89400,0.8846399947051778
SV1_C27013,C27013,0.9264363145747874
SV1_C84699,C84699,0.7396783529809061
SV1_C82822,C82822,0.9199486204344239
SV1_C24704,C24704,0.7492142484729031
SV1_C73875,C73875,0.8248168625406086
SV1_C28285,C28285,0.8116042352869196
SV1_C79299,C79299,0.7435422223357702
SV1_C75057,C75057,0.7662870064250275
SV1_C75096,C75096,0.9204590419665095
SV1_C45602,C45602,0.9437492311263441
SV1_C100236,C100236,0.9752820077731683
SV1_C86405,C86405,0.8764115718724971
SV1_C74491,C74491,0.9380964740526071
SV1_C87095,C87095,0.7319077085306417
SV1_C46246,C46246,0.9143118300590278
SV1_C94300,C94300,0.8217603294565714
SV1_C91270,C91270,0.8311385248417236
SV1_C27605,C27605,0.8236296904005995
SV1_C61301,C61301,0.9602957444152344
SV1_C49912,C49912,0.7453158586201838
SV1_C22318,C22318,0.8227644846454478
SV1_C60645,C60645,0.8869822858322917
SV1_C69614,C69614,0.9254092659433796
SV1_C46894,C46894,0.8008753131135493
SV1_C54609,C54609,0.8560866521910363
SV1_C81683,C81683,0.9815381102643908
SV1_C67276,C67276,0.8267186257261706
SV1_C91912,C91912,0.8779570835735587
SV1_C73313,C73313,0.8583731874847844
SV1_C58215,C58215,0.9521316540548654
SV1_C72112,C72112,0.8473637460149035
SV1_C43267,C43267,0.8058665718990974
SV1_C94829,C94829,0.7452297828262704
SV1_C55272,C55272,0.8723658229821858
SV1_C11422,C11422,0.9621447791494456
SV1_C99680,C99680,0.8785032163129458
SV1_C30602,C30602,0.9224017733304296
SV1_C91810,C91810,0.9442621863636851
SV1_C72037,C72037,0.7789338781618812
SV1_C13266,C13266,0.8063474382063897
SV1_C69618,C69618,0.8545870459511751
SV1_C86487,C86487,0.7985077031738886
SV1_C10240,C10240,0.7297104464169274
SV1_C69611,C69611,0.7586996886589711
SV1_C57620,C57620,0.8453551196512076
SV1_C12639,C12639,0.9562889139929349
SV1_C60017,C60017,0.9565600152643554
SV1_C46251,C46251,0.7935161175349226
SV1_C01816,C01816,0.9332098888895255
SV1_C07218,C07218,0.9321206258745972
SV1_C73236,C73236,0.775313037679488
SV1_C03684,C03684,0.715928072604035
SV1_C16800,C16800,0.8802073556726868
SV1_C85286,C85286,0.9269248222549613
SV1_C54105,C54105,0.8031006687622084
SV1_C84022,C84022,0.8931016397037895
SV1_C08460,C08460,0.7778265846889268
SV1_C38404,C38404,0.8364693846941719
SV1_C30712,C30712,0.931492397556401
SV1_C67838,C67838,0.9053914900674449
SV1_C99704,C99704,0.9048550575736607
SV1_C25889,C25889,0.9037255942956625
SV1_C07248,C07248,0.7890685676788409
SV1_C06015,C06015,0.9779237766981843
SV1_C58872,C58872,0.7833271576109039
SV1_C22242,C22242,0.7972958420229534
SV1_C87671,C87671,0.7503700361378527
SV1_C07837,C07837,0.7699446320106579
SV1_C10875,C10875,0.8877136583499735
SV1_C69035,C69035,0.9037459526071918
SV1_C07255,C07255,0.8807294455181175
SV1_C79289,C79289,0.7556982516151366
SV1_C49218,C49218,0.7847189827174204
SV1_C73263,C73263,0.9112177990555373
SV1_C43303,C43303,0.8353653832892156
SV1_C07898,C07898,0.8120228918896448
SV1_C92470,C92470,0.9045301841522578
SV1_C03700,C03700,0.8060187293509374
SV1_C43315,C43315,0.8328184404723942
SV1_C10873,C10873,0.9728272963415658
SV1_C48049,C48049,0.9431841221380229
SV1_C20476,C20476,0.9469271846389887
SV1_C58894,C58894,0.8379518667229335
SV1_C76307,C76307,0.71055423585361
SV1_C88206,C88206,0.9134331239772053
SV1_C57606,C57606,0.9903035332057545
SV1_C01318,C01318,0.8792202206100125
SV1_C32488,C32488,0.8549087795276732
SV1_C81620,C81620,0.8281584077564832
SV1_C19222,C19222,0.8901036547001718
SV1_C95476,C95476,0.8622797141815254
SV1_C88281,C88281,0.8550866167541701
SV1_C94883,C94883,0.9057867521807782
SV1_C55807,C55807,0.8633902186142257
SV1_C57116,C57116,0.8720451068255286
SV1_C06609,C06609,0.8304184410538302
SV1_C81691,C81691,0.9590306871552534
SV1_C85885,C85885,0.977705779697119
SV1_C05504,C05504,0.7680589697675674
SV1_C23507,C23507,0.7498467779388139
SV1_C26482,C26482,0.9853984532667053
SV1_C75650,C75650,0.8388799616574103
SV1_C56403,C56403,0.89144493487162
SV1_C88274,C88274,0.8809317428454432
SV1_C64847,C64847,0.861320199749925
SV1_C46228,C46228,0.7985817067906857
SV1_C53432,C53432,0.9492956088926386
SV1_C22307,C22307,0.7631243985067255
SV1_C54674,C54674,0.8328248915740807
SV1_C21073,C21073,0.9646263009529299
SV1_C65431,C65431,0.8607118325916222
SV1_C25293,C25293,0.989843729249493
SV1_C96033,C96033,0.7803783249194864
SV1_C57008,C57008,0.9960735951913026
SV1_C32401,C32401,0.8848732366480335
SV1_C52815,C52815,0.8805190704618611
SV1_C63096,C63096,0.8791457496561509
SV1_C10202,C10202,0.8149414682041083
SV1_C86454,C86454,0.9310551877101472
SV1_C66712,C66712,0.9008675647862799
SV1_C88292,C88292,0.7006939590598339
SV1_C33713,C33713,0.866530867305595
SV1_C10232,C10232,0.8248102961768868
SV1_C80401,C80401,0.932768899974464
SV1_C32479,C32479,0.9755491984565435
SV1_C30681,C30681,0.9604715261683311
SV1_C55208,C55208,0.9296445611213671
SV1_C17480,C17480,0.774177027350526
SV1_C45614,C45614,0.9284487117911395
SV1_C78100,C78100,0.7546648937856792
SV1_C73259,C73259,0.9255291854167869
SV1_C57103,C57103,0.7110127109679544
SV1_C34891,C34891,0.8988489794064756
SV1_C30610,C30610,0.9286428389899669
SV1_C01310,C01310,0.8336872535515236
SV1_C72609,C72609,0.8249918814689354
SV1_C89433,C89433,0.7790611343709377
SV1_C64885,C64885,0.8730476668113792
SV1_C16246,C16246,0.9966558936917851
SV1_C04891,C04891,0.7365826059813189
SV1_C27674,C27674,0.8972484077721565
SV1_C83492,C83492,0.7566041357436792
SV1_C99685,C99685,0.897095685948582
SV1_C54693,C54693,0.9659678256512949
SV1_C51031,C51031,0.9897059395948854
SV1_C09035,C09035,0.931113693127498
SV1_C98504,C98504,0.8495190062315199
SV1_C06633,C06633,0.9539697462766692
SV1_C16217,C16217,0.9103441539621636
SV1_C09040,C09040,0.7246959320126575
SV1_C09093,C09093,0.7411360965463913
SV1_C67221,C67221,0.8405357912780439
SV1_C94221,C94221,0.9085892015674365
SV1_C90653,C90653,0.838279639991965
SV1_C82283,C82283,0.9759163678387514
SV1_C81689,C81689,0.8404834584192648
SV1_C16215,C16215,0.9050634055461605
SV1_C24642,C24642,0.812013277107545
SV1_C08422,C08422,0.998253461708562
SV1_C00676,C00676,0.7123875276082522
SV1_C93047,C93047,0.934571465963096
SV1_C74453,C74453,0.7679664637092815
SV1_C55304,C55304,0.7687321764910844
SV1_C91871,C91871,0.7426583096081204
SV1_C77498,C77498,0.8003226794787609
SV1_C12655,C12655,0.821781623806545
SV1_C86413,C86413,0.9068643727552674
SV1_C29503,C29503,0.788878860128665
SV1_C32483,C32483,0.9844073745560509
SV1_C03115,C03115,0.8375549801605218
SV1_C02439,C02439,0.993810440770543
SV1_C66604,C66604,0.9806261568349992
SV1_C46250,C46250,0.9629038128456132
SV1_C84003,C84003,0.7832454124036016
SV1_C90112,C90112,0.9435790974684948
SV1_C91819,C91819,0.9374864844543567
SV1_C56423,C56423,0.7878791495354318
SV1_C13216,C13216,0.9450604102126872
SV1_C30083,C30083,0.9824310737844203
SV1_C77417,C77417,0.8915774794009667
SV1_C60103,C60103,0.898918124356282
SV1_C12016,C12016,0.8442548261450031
SV1_C78669,C78669,0.8228802035865593
SV1_C96086,C96086,0.8320314592692246
SV1_C17487,C17487,0.9379880565721486
SV1_C08421,C08421,0.9755426464821016
SV1_C22319,C22319,0.8620650190653226
SV1_C47472,C47472,0.9216143297674328
SV1_C31882,C31882,0.8697680801724543
SV1_C51109,C51109,0.7978698120846
SV1_C04204,C04204,0.9513782114286805
SV1_C67278,C67278,0.9551921401396753
SV1_C94821,C94821,0.9081245282470486
SV1_C91831,C91831,0.7662081878252579
SV1_C79907,C79907,0.7637223433535054
SV1_C19844,C19844,0.7896234131473394
SV1_C65512,C65512,0.8887717609515752
SV1_C78645,C78645,0.8221477272027953
SV1_C89405,C89405,0.9107972903070749
SV1_C79317,C79317,0.8234867812027099
SV1_C06607,C06607,0.954237963167724
SV1_C90692,C90692,0.7396212600648244
SV1_C98425,C98425,0.9332539903639196
SV1_C98402,C98402,0.96199933870433
SV1_C83497,C83497,0.7364529508078994
SV1_C01906,C01906,0.8678423931268026
SV1_C25200,C25200,0.9125209561668697
SV1_C04274,C04274,0.845104069886372
SV1_C00612,C00612,0.9842487649917944
SV1_C13291,C13291,0.8788238963972447
SV1_C82207,C82207,0.8255262682506466
SV1_C52824,C52824,0.9418410314108817
SV1_C52226,C52226,0.900670024227751
SV1_C99031,C99031,0.9594724377128023
SV1_C36618,C36618,0.9367130418616776
SV1_C70232,C70232,0.8955434609097829
SV1_C63017,C63017,0.8817185631335572
SV1_C45013,C45013,0.8337260229004831
SV1_C89404,C89404,0.8896842724821772
SV1_C67214,C67214,0.9312626499958738
SV1_C12044,C12044,0.8490358674316042
SV1_C55313,C55313,0.7394498999951232
SV1_C09074,C09074,0.9479554011736326
SV1_C87079,C87079,0.8168585293785984
SV1_C28203,C28203,0.7576412368052853
SV1_C99047,C99047,0.7498487455002613
SV1_C49210,C49210,0.8234283100234345
SV1_C11440,C11440,0.754552603575929
SV1_C43807,C43807,0.998213680916095
SV1_C91816,C91816,0.9417293305423253
SV1_C70221,C70221,0.9890521983764016
SV1_C25233,C25233,0.9861638096206613
SV1_C97228,C97228,0.8469839314509773
SV1_C75686,C75686,0.8688570328919633
SV1_C43893,C43893,0.7587667808347521
SV1_C27015,C27015,0.9123961682206118
SV1_C10893,C10893,0.862540504293229
SV1_C31808,C31808,0.8792763614149928
SV1_C99076,C99076,0.897232523150143
SV1_C25916,C25916,0.8629484270701765
SV1_C48088,C48088,0.824930208089926
SV1_C49253,C49253,0.9535792403852608
SV1_C92487,C92487,0.9121432305949324
SV1_C98414,C98414,0.9561488644199292
SV1_C21637,C21637,0.9509558720048392
SV1_C70246,C70246,0.8404040748756818
SV1_C86473,C86473,0.8114516125851473
SV1_C97204,C97204,0.998697444241459
SV1_C87624,C87624,0.7457785257177982
SV1_C07857,C07857,0.795859811481722
SV1_C51686,C51686,0.8829870238811465
SV1_C99605,C99605,0.9455180233509893
SV1_C98485,C98485,0.9620359625903552
SV1_C30003,C30003,0.8839479277631401
SV1_C81686,C81686,0.8523566926275286
SV1_C99090,C99090,0.9044121239111945
SV1_C96024,C96024,0.7857198155623472
SV1_C40806,C40806,0.7906707040139435
SV1_C30606,C30606,0.9247442685004589
SV1_C96005,C96005,0.987367193583255
SV1_C45024,C45024,0.8029759229267536
SV1_C98476,C98476,0.9129737335984716
SV1_C09055,C09055,0.8972903241397449
SV1_C80502,C80502,0.7553322011501356
SV1_C08502,C08502,0.8141632460117333
SV1_C95517,C95517,0.7622859313125443
SV1_C28247,C28247,0.7092729650582305
SV1_C00637,C00637,0.9806369481146778
SV1_C79295,C79295,0.7626902835239647
SV1_C15089,C15089,0.7994494365953014
SV1_C07229,C07229,0.7716439271682298
SV1_C43898,C43898,0.9707806803334605
SV1_C18077,C18077,0.772785978479716
SV1_C70203,C70203,0.7321440461824386
SV1_C56407,C56407,0.8914976426199003
SV1_C00707,C00707,0.7893861908191816
SV1_C55303,C55303,0.8784235900506311
SV1_C27077,C27077,0.9061890301559102
SV1_C49901,C49901,0.7442444404999236
SV1_C77435,C77435,0.9443733423016697
SV1_C41413,C41413,0.8390623803005961
SV1_C47434,C47434,0.7512939726352441
SV1_C18024,C18024,0.8372786255088231
SV1_C92464,C92464,0.994131675754938
SV1_C40201,C40201,0.8154240909023625
SV1_C96018,C96018,0.9256619352584747
SV1_C66709,C66709,0.9319577309578169
SV1_C91203,C91203,0.8845099551420916
SV1_C43298,C43298,0.9684351884749863
SV1_C73251,C73251,0.9261079504379784
SV1_C96046,C96046,0.7592601537789803
SV1_C60007,C60007,0.9356319776389481
SV1_C27045,C27045,0.7807735480566945
SV1_C66025,C66025,0.8257084296110144
SV1_C95478,C95478,0.7607272267150773
SV1_C69014,C69014,0.9393765832035046
SV1_C77510,C77510,0.7931342317324699
SV1_C57691,C57691,0.8168162491766933
SV1_C72698,C72698,0.8841632192840347
SV1_C60090,C60090,0.8124848823358508
SV1_C81697,C81697,0.7374399178075834
SV1_C54691,C54691,0.7950574113008333
SV1_C70828,C70828,0.898876827712631
SV1_C34203,C34203,0.7859274735579151
SV1_C58300,C58300,0.8824196029107265
SV1_C18634,C18634,0.8698738038456851
SV1_C86515,C86515,0.8588879712535326
SV1_C00620,C00620,0.7634093505684695
SV1_C45655,C45655,0.7963754784242154
SV1_C63031,C63031,0.912260989993612
SV1_C22296,C22296,0.8428925010048468
SV1_C89426,C89426,0.7478763473292149
SV1_C25235,C25235,0.8037701190822627
SV1_C45684,C45684,0.8568470188123019
SV1_C06108,C06108,0.7890457512602377
SV1_C07244,C07244,0.786091275885944
SV1_C08469,C08469,0.9753317576812301
SV1_C25833,C25833,0.9750272164198933
SV1_C54696,C54696,0.7815500008934652
SV1_C17426,C17426,0.9254409988166761
SV1_C04916,C04916,0.8828202003348441
SV1_C76237,C76237,0.9088932506268085
SV1_C66101,C66101,0.9563963791277855
SV1_C70294,C70294,0.907851716672065
SV1_C55315,C55315,0.9464630900103879
SV1_C33695,C33695,0.768352426079226
SV1_C90712,C90712,0.937803202445014
SV1_C51075,C51075,0.7404056863840474
SV1_C15014,C15014,0.9513421813518589
SV1_C73814,C73814,0.8826020246382701
SV1_C34208,C34208,0.8160746734446414
SV1_C18038,C18038,0.9435483813042623
SV1_C34274,C34274,0.7756758517566722
SV1_C80491,C80491,0.9631686910158263
SV1_C72080,C72080,0.9417330646385365
SV1_C28816,C28816,0.8830702736764822
SV1_C63717,C63717,0.9002705413684494
SV1_C97242,C97242,0.7981971961730481
SV1_C35503,C35503,0.7193730755911096
SV1_C54601,C54601,0.9015564006447598
SV1_C13250,C13250,0.8153638434569688
SV1_C02423,C02423,0.7621053995505889
SV1_C50514,C50514,0.9266835861278987
SV1_C82900,C82900,0.7292892530899897
SV1_C45705,C45705,0.9994989217984285
SV1_C59407,C59407,0.9385005799263896
SV1_C70885,C70885,0.7208643297993717
SV1_C39013,C39013,0.8973587089787091
SV1_C14403,C14403,0.8937392853086478
SV1_C77489,C77489,0.8613547489603491
SV1_C18624,C18624,0.8267495077467863
SV1_C00016,C00016,0.9361417211340568
SV1_C66642,C66642,0.8797548102913292
SV1_C73285,C73285,0.931973180270641
SV1_C32495,C32495,0.7909837430507914
SV1_C93067,C93067,0.822250991923279
SV1_C16229,C16229,0.8903338744923407
SV1_C28820,C28820,0.796301614617945
SV1_C66079,C66079,0.8173272581735307
SV1_C73898,C73898,0.8903134968120461
SV1_C27026,C27026,0.7769917820520446
SV1_C25304,C25304,0.8729583740493687
SV1_C43844,C43844,0.9419555624463319
SV1_C12119,C12119,0.9042087773801395
SV1_C69632,C69632,0.8474062347905633
SV1_C62479,C62479,0.8722024651496318
SV1_C64895,C64895,0.8170512624622122
SV1_C34294,C34294,0.7740981151889198
SV1_C06036,C06036,0.8991948408130017
SV1_C87697,C87697,0.9948507774030702
SV1_C51684,C51684,0.9766504191419688
SV1_C53509,C53509,0.7916299356547394
SV1_C21602,C21602,0.9052504802506629
SV1_C24680,C24680,0.8320816028222485
SV1_C33015,C33015,0.865459373830754
SV1_C21623,C21623,0.8516310815854273
SV1_C46898,C46898,0.9650407878851343
SV1_C73852,C73852,0.7637045236902104
SV1_C82218,C82218,0.8972791332618584
SV1_C93632,C93632,0.700594899611824
SV1_C82211,C82211,0.830157910300737
SV1_C71486,C71486,0.7406878796077145
SV1_C31288,C31288,0.8422462324634289
SV1_C75112,C75112,0.8569123394769912
SV1_C13290,C13290,0.8775434114667574
SV1_C97272,C97272,0.8883057469132164
SV1_C33620,C33620,0.9127133606308129
SV1_C33675,C33675,0.9315725206764149
SV1_C13881,C13881,0.7226858845514946
SV1_C33016,C33016,0.8496026582560487
SV1_C49871,C49871,0.8137278922947802
SV1_C09081,C09081,0.9977664928061807
SV1_C72019,C72019,0.8391458850545442
SV1_C18625,C18625,0.8202002615387229
SV1_C44410,C44410,0.942247736311862
SV1_C77461,C77461,0.8956223352240871
SV1_C26418,C26418,0.9263498861763491
SV1_C45047,C45047,0.8578893750661734
SV1_C92401,C92401,0.8819771152472665
SV1_C46839,C46839,0.769608517578951
SV1_C57019,C57019,0.8767491730850658
SV1_C86438,C86438,0.7443755717057732
SV1_C52296,C52296,0.810935986120181
SV1_C27010,C27010,0.8275485957891369
SV1_C25227,C25227,0.8101645901156732
SV1_C91822,C91822,0.9368675323673112
SV1_C30113,C30113,0.9258472588650902
SV1_C58233,C58233,0.8226507406033507
SV1_C49277,C49277,0.9088291381534731
SV1_C99622,C99622,0.8517754708444512
SV1_C67296,C67296,0.9174381170424862
SV1_C33609,C33609,0.8509495063489242
SV1_C19233,C19233,0.8226092847445718
SV1_C43879,C43879,0.8437967483454568
SV1_C08464,C08464,0.8869421957766997
SV1_C12048,C12048,0.7219318759922183
SV1_C91207,C91207,0.8898833140156527
SV1_C25312,C25312,0.9299128070135546
SV1_C48707,C48707,0.7897128824890506
SV1_C03021,C03021,0.7524889023858266
SV1_C48647,C48647,0.7966785860198208
SV1_C19881,C19881,0.9179930724273673
SV1_C33104,C33104,0.812695992154032
SV1_C72688,C72688,0.8360948999465874
SV1_C85910,C85910,0.8799184600065341
SV1_C50428,C50428,0.8838623461744453
SV1_C34918,C34918,0.8381621871306985
SV1_C01317,C01317,0.9241959529496543
SV1_C52917,C52917,0.7449552905258849
SV1_C45712,C45712,0.9436828406527734
SV1_C04234,C04234,0.8635806124426884
SV1_C82202,C82202,0.9038246538569155
SV1_C28823,C28823,0.8154851791052136
SV1_C44426,C44426,0.774575797834483
SV1_C21604,C21604,0.8791848861035151
SV1_C80494,C80494,0.7862391413046734
SV1_C96043,C96043,0.8917143703245771
SV1_C35408,C35408,0.8430956768043136
SV1_C53472,C53472,0.9776613829666715
SV1_C19838,C19838,0.8425153030519885
SV1_C01886,C01886,0.7821399507549208
SV1_C73917,C73917,0.8296939462723739
SV1_C28800,C28800,0.8896781624750365
SV1_C59483,C59483,0.8483264449056029
SV1_C70805,C70805,0.8553627023965851
SV1_C26403,C26403,0.9483149076943054
SV1_C97206,C97206,0.9623767523667262
SV1_C48034,C48034,0.7242022536844708
SV1_C76811,C76811,0.8283361873463653
SV1_C28309,C28309,0.993847083781993
SV1_C68509,C68509,0.9290745173430807
SV1_C31903,C31903,0.8125358690454604
SV1_C72643,C72643,0.8751073984570628
SV1_C69708,C69708,0.8383666870732811
SV1_C82906,C82906,0.834762179296093
SV1_C66077,C66077,0.8805522137296778
SV1_C15646,C15646,0.9926507497654876
SV1_C37809,C37809,0.8533581714323747
SV1_C59422,C59422,0.8815506106980331
SV1_C52243,C52243,0.9302199361087873
SV1_C83502,C83502,0.8055644873862317
SV1_C07308,C07308,0.8277275621537905
SV1_C52839,C52839,0.9897529893210306
SV1_C43810,C43810,0.9411379223499678
SV1_C08410,C08410,0.8153296249461227
SV1_C23509,C23509,0.9373699440762792
SV1_C64844,C64844,0.8621464479949088
SV1_C99614,C99614,0.9110492775991637
SV1_C90677,C90677,0.9343093599804597
SV1_C00098,C00098,0.8344112183435196
SV1_C90104,C90104,0.9920817068025082
SV1_C57621,C57621,0.8653479765308091
SV1_C93604,C93604,0.9744501484067348
SV1_C03075,C03075,0.7580216017664707
SV1_C52234,C52234,0.9016133756931919
SV1_C84002,C84002,0.9048164872288806
SV1_C29403,C29403,0.885869335121027
SV1_C61876,C61876,0.8394798305227238
SV1_C09633,C09633,0.8015644559042442
SV1_C47422,C47422,0.8508162483737942
SV1_C98500,C98500,0.8384812740360948
SV1_C58905,C58905,0.9258095917051987
SV1_C33008,C33008,0.8542832883468616
SV1_C82280,C82280,0.7932219763168458
SV1_C42010,C42010,0.9492259071715008
SV1_C32415,C32415,0.8769853647514009
SV1_C46816,C46816,0.7262756252216497
SV1_C61824,C61824,0.8343508231416071
SV1_C98423,C98423,0.9734097178470592
SV1_C13299,C13299,0.8414847536003194
SV1_C52896,C52896,0.8084321154944375
SV1_C55278,C55278,0.779203438314989
SV1_C13296,C13296,0.7394406569958697
SV1_C04291,C04291,0.7708767649012127
SV1_C11505,C11505,0.8225804336852591
SV1_C70291,C70291,0.8990998704882781
SV1_C96077,C96077,0.8551704071400351
SV1_C56479,C56479,0.7860816879890875
SV1_C70806,C70806,0.8249740085038765
SV1_C36009,C36009,0.8519471969782527
SV1_C07842,C07842,0.838179541196533
SV1_C87012,C87012,0.8944870498669618
SV1_C72701,C72701,0.9192672478204662
SV1_C23444,C23444,0.8462363070369177
SV1_C90706,C90706,0.9688313200073331
SV1_C46216,C46216,0.740207878682132
SV1_C13315,C13315,0.7735635277344912
SV1_C15082,C15082,0.8050490973883054
SV1_C70240,C70240,0.8273769840539839
SV1_C43911,C43911,0.843056631843203
SV1_C71443,C71443,0.8375352780733429
SV1_C65436,C65436,0.7920775268194161
SV1_C63025,C63025,0.7949734739265343
SV1_C09005,C09005,0.7302177299112161
SV1_C09078,C09078,0.9485729217644695
SV1_C93683,C93683,0.9089034369674998
SV1_C61832,C61832,0.8365037646370949
SV1_C07210,C07210,0.8121403828863806
SV1_C04908,C04908,0.7771244478623264
SV1_C00686,C00686,0.7581970421595475
SV1_C55205,C55205,0.9335404889876867
SV1_C12642,C12642,0.8007560960105742
SV1_C54047,C54047,0.7482580205070705
SV1_C10295,C10295,0.899511390633502
SV1_C33709,C33709,0.819160194566229
SV1_C45617,C45617,0.7828158235931071
SV1_C28910,C28910,0.808119865601885
SV1_C96610,C96610,0.9574678323617732
SV1_C35498,C35498,0.8410195452733779
SV1_C75678,C75678,0.88809300726637
SV1_C31208,C31208,0.883778706576042
SV1_C67226,C67226,0.8713828818830162
SV1_C58307,C58307,0.8724899618696711
SV1_C91224,C91224,0.8795871294947962
SV1_C88839,C88839,0.8315762530442246
SV1_C60002,C60002,0.9800424849462586
SV1_C09103,C09103,0.9977626634015095
SV1_C11477,C11477,0.947512338859305
SV1_C63002,C63002,0.8874190569874182
SV1_C78116,C78116,0.7962658420199483
SV1_C64903,C64903,0.8935163274291118
SV1_C51113,C51113,0.8115942621014608
SV1_C01292,C01292,0.8900775510425003
SV1_C75118,C75118,0.9230639200740955
SV1_C24109,C24109,0.9407577658113274
SV1_C38415,C38415,0.9419979728833694
SV1_C24105,C24105,0.9051177419236537
SV1_C90673,C90673,0.9348947649810212
SV1_C19875,C19875,0.7736570418585356
SV1_C36621,C36621,0.9975171868743494
SV1_C06092,C06092,0.9908426692491061
SV1_C96111,C96111,0.9957611085338461
SV1_C74506,C74506,0.8936904862464456
SV1_C69111,C69111,0.8667686913846431
SV1_C52300,C52300,0.8106855653167503
SV1_C91811,C91811,0.8931536775426031
SV1_C60004,C60004,0.9389538851992514
SV1_C51606,C51606,0.9044980105715639
SV1_C23510,C23510,0.9648415230566871
SV1_C13206,C13206,0.9388057914608078
SV1_C03001,C03001,0.987750341878828
SV1_C45612,C45612,0.7712767315324709
SV1_C50435,C50435,0.9845300342814103
SV1_C26489,C26489,0.9053807804264707
SV1_C24006,C24006,0.9146274629056117
SV1_C08449,C08449,0.7961966521926903
SV1_C04294,C04294,0.8150357015162016
SV1_C60083,C60083,0.8500458324507159
SV1_C48084,C48084,0.8991271530052454
SV1_C50407,C50407,0.8768355959221973
SV1_C25839,C25839,0.807195069821409
SV1_C09691,C09691,0.9793717497404502
SV1_C58274,C58274,0.9038592053055085
SV1_C12058,C12058,0.766172668684697
SV1_C47402,C47402,0.9258935726111852
SV1_C72615,C72615,0.8488584951869264
SV1_C88894,C88894,0.9981485479838874
SV1_C18089,C18089,0.8939839578250552
SV1_C24091,C24091,0.8004212890306746
SV1_C69635,C69635,0.9231916620094871
SV1_C08445,C08445,0.7902012348686299
SV1_C23426,C23426,0.8879421595137552
SV1_C55285,C55285,0.8439917660084333
SV1_C08403,C08403,0.8802427850736132
SV1_C99043,C99043,0.8739657571321107
SV1_C75106,C75106,0.8942848858199945
SV1_C82205,C82205,0.9443487591782751
SV1_C51624,C51624,0.9156193625324248
SV1_C22815,C22815,0.9979150696983436
SV1_C72642,C72642,0.7859096670364295
SV1_C19225,C19225,0.8401173903066348
SV1_C10207,C10207,0.8781532735800636
SV1_C96074,C96074,0.7626550106292819
SV1_C55897,C55897,0.7869621044071042
SV1_C55820,C55820,0.8068168296465509
SV1_C15005,C15005,0.9159066405403906
SV1_C46865,C46865,0.9273199830049846
SV1_C07870,C07870,0.9032389099789963
SV1_C89517,C89517,0.7813718768196789
SV1_C69016,C69016,0.8856908905990639
SV1_C51702,C51702,0.8658725610717831
SV1_C95500,C95500,0.8230816414133872
SV1_C24682,C24682,0.932612920105237
SV1_C07881,C07881,0.9972914362792166
SV1_C55914,C55914,0.7893792264086491
SV1_C47496,C47496,0.9729621951977374
SV1_C28917,C28917,0.9922983460841501
SV1_C49916,C49916,0.7546226446545509
SV1_C46223,C46223,0.8401856605383502
SV1_C76902,C76902,0.8604421178951591
SV1_C44431,C44431,0.7835387274177406
SV1_C46863,C46863,0.7904980665066168
SV1_C26513,C26513,0.948305249488078
SV1_C04281,C04281,0.7962767315166583
SV1_C73919,C73919,0.9961905224943648
SV1_C66677,C66677,0.888288948719365
SV1_C85218,C85218,0.8435705866420596
SV1_C96621,C96621,0.9037001955848053
SV1_C06640,C06640,0.8312484773168631
SV1_C06035,C06035,0.908742745968236
SV1_C87048,C87048,0.7546191356503876
SV1_C46294,C46294,0.7988111780171027
SV1_C06686,C06686,0.7735327608339174
SV1_C65419,C65419,0.7846910902112415
SV1_C82816,C82816,0.9023286835046952
SV1_C87073,C87073,0.828222734541166
SV1_C88902,C88902,0.973942196780829
SV1_C06636,C06636,0.89853244044688
SV1_C52205,C52205,0.8807448083806874
SV1_C94234,C94234,0.8672165468576353
SV1_C34210,C34210,0.8401562722925381
SV1_C34887,C34887,0.8787447007371265
SV1_C69011,C69011,0.781104565461339
SV1_C100277,C100277,0.928072952018142
SV1_C53426,C53426,0.911848830330075
SV1_C64900,C64900,0.9085325149563416
SV1_C39012,C39012,0.8958557342185208
SV1_C73878,C73878,0.9100464942086689
SV1_C68475,C68475,0.8246372415077171
SV1_C62501,C62501,0.9549165494408889
SV1_C18675,C18675,0.8599995871747538
SV1_C09707,C09707,0.9984598620264915
SV1_C16281,C16281,0.7358062408046759
SV1_C45078,C45078,0.9415776177528125
SV1_C26479,C26479,0.8734859392591439
SV1_C18640,C18640,0.8167075871309144
SV1_C75608,C75608,0.8394513373602022
SV1_C88238,C88238,0.7389371100129403
SV1_C37823,C37823,0.9038996728152565
SV1_C99638,C99638,0.9620473734507926
SV1_C33078,C33078,0.8580071051152799
SV1_C88214,C88214,0.9478522167309428
SV1_C81679,C81679,0.9711424533754595
SV1_C72676,C72676,0.9455764154088946
SV1_C58844,C58844,0.8583445837951238
SV1_C63030,C63030,0.7696084100715291
SV1_C19822,C19822,0.9294226902331996
SV1_C03089,C03089,0.8006614610452099
SV1_C07884,C07884,0.9613223753471399
SV1_C21026,C21026,0.7902721599864359
SV1_C84104,C84104,0.7683032466936343
SV1_C10843,C10843,0.8810125168926326
SV1_C07880,C07880,0.9863017617499319
SV1_C04918,C04918,0.837999499546548
SV1_C15083,C15083,0.9406464605982132
SV1_C25815,C25815,0.9864080167570076
SV1_C71502,C71502,0.8086283882446879
SV1_C90682,C90682,0.9588367211535248
SV1_C74439,C74439,0.8771977822752219
SV1_C85289,C85289,0.8710982841041097
SV1_C58821,C58821,0.8622599138163847
SV1_C67908,C67908,0.8855793134903532
SV1_C85297,C85297,0.8277929473188318
SV1_C71512,C71512,0.7812650518039939
SV1_C43235,C43235,0.7773823134794501
SV1_C48063,C48063,0.7945392172447389
SV1_C18082,C18082,0.7838873048686383
SV1_C58878,C58878,0.9250462542562327
SV1_C09077,C09077,0.9990114089944159
SV1_C75028,C75028,0.8659720564538826
SV1_C58317,C58317,0.9215126578537667
SV1_C28807,C28807,0.8892272179083999
SV1_C24033,C24033,0.9877656900527761
SV1_C82275,C82275,0.9590904868569129
SV1_C63609,C63609,0.9282080006629307
SV1_C12632,C12632,0.946085771803036
SV1_C17428,C17428,0.8419379721576532
SV1_C81081,C81081,0.7428751947633523
SV1_C31219,C31219,0.8807074707371746
SV1_C43905,C43905,0.9980786966809752
SV1_C76839,C76839,0.9389502023901066
SV1_C18681,C18681,0.7736107319349317
SV1_C05516,C05516,0.9239386482273926
SV1_C04240,C04240,0.9471727426137032
SV1_C49842,C49842,0.8296843698236632
SV1_C86408,C86408,0.8661898581941534
SV1_C24706,C24706,0.9330359316544214
SV1_C91217,C91217,0.9781563820695156
SV1_C28222,C28222,0.8275241839464692
SV1_C85291,C85291,0.8021904659511874
SV1_C28229,C28229,0.7231002755226941
SV1_C00028,C00028,0.9726434782709703
SV1_C55310,C55310,0.841433975292875
SV1_C12010,C12010,0.8380595651962537
SV1_C45605,C45605,0.850227960436183
SV1_C13222,C13222,0.7864951243307114
SV1_C51697,C51697,0.8119277461799109
SV1_C73257,C73257,0.769586139689547
SV1_C28312,C28312,0.9501867676078536
SV1_C16812,C16812,0.893336376736628
SV1_C54005,C54005,0.87647333332417
SV1_C34872,C34872,0.903518647748977
SV1_C74402,C74402,0.8450044869955124
SV1_C28227,C28227,0.8734107888403441
SV1_C12013,C12013,0.8855563367294609
SV1_C12672,C12672,0.7732939729643941
SV1_C33698,C33698,0.8828671668508926
SV1_C06644,C06644,0.744714782924244
SV1_C68474,C68474,0.9552034948248829
SV1_C69019,C69019,0.7820741350066517
SV1_C23505,C23505,0.902308896580553
SV1_C21612,C21612,0.928154095447723
SV1_C07231,C07231,0.8917131419439595
SV1_C52227,C52227,0.9957824472625915
SV1_C93097,C93097,0.7892135773431845
SV1_C48071,C48071,0.7645912989523704
SV1_C75677,C75677,0.9303466385170913
SV1_C76883,C76883,0.8690241318286059
SV1_C88290,C88290,0.9263179057594575
SV1_C77508,C77508,0.8180214291483628
SV1_C83400,C83400,0.9537948833092982
SV1_C89424,C89424,0.7941415745725273
SV1_C85801,C85801,0.905232821376236
SV1_C93021,C93021,0.8634542565324987
SV1_C78629,C78629,0.940516901508823
SV1_C92411,C92411,0.8707584728718911
SV1_C25876,C25876,0.8618091428944656
SV1_C49836,C49836,0.7948585262618101
SV1_C72001,C72001,0.7992318483442001
SV1_C60701,C60701,0.952248725933642
SV1_C75634,C75634,0.849436622694191
SV1_C83510,C83510,0.8199172215585381
SV1_C90629,C90629,0.843789462290494
SV1_C88222,C88222,0.9079014430513684
SV1_C51638,C51638,0.884309402379907
SV1_C37806,C37806,0.9004897650934685
SV1_C76835,C76835,0.9593008634373633
SV1_C85283,C85283,0.7304227276343862
SV1_C47508,C47508,0.9674844671707445
SV1_C58213,C58213,0.9794318959538995
SV1_C59426,C59426,0.8261611604795579
SV1_C83418,C83418,0.8794085031784437
SV1_C72079,C72079,0.8086171843567304
SV1_C64301,C64301,0.7920228094592761
SV1_C36020,C36020,0.9931289232786344
SV1_C30703,C30703,0.802244600069732
SV1_C70313,C70313,0.823641247586814
SV1_C67211,C67211,0.79200004453181
SV1_C82301,C82301,0.7353406278118079
SV1_C22892,C22892,0.9706158650466071
SV1_C72066,C72066,0.7917011568062445
SV1_C86443,C86443,0.788564884165755
SV1_C70207,C70207,0.7307371233967422
SV1_C11405,C11405,0.8406547037302711
SV1_C65440,C65440,0.7518087815439203
SV1_C84684,C84684,0.8961309473313317
SV1_C83518,C83518,0.7656497587168907
SV1_C78003,C78003,0.7595804299220984
SV1_C51023,C51023,0.8154908153894725
SV1_C22804,C22804,0.8965133733486159
SV1_C15074,C15074,0.7853604381033961
SV1_C81681,C81681,0.7604525732362286
SV1_C53417,C53417,0.8742983438391034
SV1_C34212,C34212,0.8596209984004601
SV1_C03114,C03114,0.7835134050354177
SV1_C15023,C15023,0.9033929926674601
SV1_C96701,C96701,0.8200434063530659
SV1_C95485,C95485,0.901924353257199
SV1_C09705,C09705,0.8449608482522843
SV1_C72067,C72067,0.9241194231916133
SV1_C66630,C66630,0.888873058138327
SV1_C84094,C84094,0.840954813687867
SV1_C57024,C57024,0.8714533452395611
SV1_C46211,C46211,0.997235461747051
SV1_C93602,C93602,0.9359017147474126
SV1_C49310,C49310,0.8155852315974178
SV1_C10292,C10292,0.8220706873317654
SV1_C03701,C03701,0.8545218213772973
SV1_C54038,C54038,0.9113979454008657
SV1_C69694,C69694,0.8937764720617151
SV1_C16274,C16274,0.7804707413765718
SV1_C45011,C45011,0.9986645115184714
SV1_C79897,C79897,0.7359711168771768
SV1_C16231,C16231,0.8243695808911619
SV1_C64297,C64297,0.7922291521873749
SV1_C49221,C49221,0.7007084803135577
SV1_C70804,C70804,0.852410234179473
SV1_C52203,C52203,0.8699990992287334
SV1_C48081,C48081,0.9623290042960535
SV1_C91250,C91250,0.8569646863164808
SV1_C52295,C52295,0.919355441311324
SV1_C85819,C85819,0.8216584681093245
SV1_C10890,C10890,0.877453701100647
SV1_C07914,C07914,0.8551145258535102
SV1_C57006,C57006,0.9860570734201117
SV1_C43913,C43913,0.9482770974298647
SV1_C23497,C23497,0.8796336756165003
SV1_C34812,C34812,0.8781395120365593
SV1_C12664,C12664,0.8185881040041297
SV1_C24089,C24089,0.8851005858300819
SV1_C05433,C05433,0.942088643645783
SV1_C93077,C93077,0.9312561110970492
SV1_C54624,C54624,0.984145738298405
SV1_C22903,C22903,0.8362744012758887
SV1_C07810,C07810,0.814205980496929
SV1_C00101,C00101,0.7948561121623815
SV1_C42016,C42016,0.8503414354860622
SV1_C64201,C64201,0.9350531374989471
SV1_C56504,C56504,0.710509803086782
SV1_C00679,C00679,0.7804776151484382
SV1_C08414,C08414,0.828830314728688
SV1_C34275,C34275,0.8615725289913111
SV1_C99639,C99639,0.8799022027358325
SV1_C29404,C29404,0.8898573194889774
SV1_C99684,C99684,0.9102885914303801
SV1_C91919,C91919,0.8212107217803487
SV1_C09709,C09709,0.8363286438300456
SV1_C26430,C26430,0.8523477706007911
SV1_C57031,C57031,0.800502345916582
SV1_C76867,C76867,0.9429646982782893
SV1_C90699,C90699,0.8286422301308849
SV1_C25283,C25283,0.8505550067460911
SV1_C07236,C07236,0.7944078494010812
SV1_C01875,C01875,0.7703998875679648
SV1_C44448,C44448,0.9917859945728714
SV1_C70893,C70893,0.7526385564398763
SV1_C72623,C72623,0.9311524742167627
SV1_C15625,C15625,0.8921611357031125
SV1_C43228,C43228,0.8031596491278494
SV1_C29513,C29513,0.9249177064702795
SV1_C48021,C48021,0.8039913188291629
SV1_C64820,C64820,0.7684006795079871
SV1_C04919,C04919,0.7299497146768142
SV1_C16882,C16882,0.7966896488701094
SV1_C34916,C34916,0.8956822807279667
SV1_C75667,C75667,0.9605979532932357
SV1_C66102,C66102,0.9928930144351443
SV1_C96684,C96684,0.9389217887396705
SV1_C14417,C14417,0.9137917572819635
SV1_C67882,C67882,0.97479460473972
SV1_C51608,C51608,0.8649638118995754
SV1_C64880,C64880,0.8077368941452819
SV1_C56474,C56474,0.7163047020085038
SV1_C95514,C95514,0.9060936236047344
SV1_C45600,C45600,0.7915344422206215
SV1_C19284,C19284,0.7502662486090608
SV1_C16218,C16218,0.9366466025911413
SV1_C61908,C61908,0.890949286013325
SV1_C13849,C13849,0.8098361969819857
SV1_C79274,C79274,0.8228982741990823
SV1_C05499,C05499,0.8017126873998641
SV1_C30612,C30612,0.8911789425371737
SV1_C64241,C64241,0.7372490068171953
SV1_C72061,C72061,0.7539080232987042
SV1_C63624,C63624,0.8070275894129307
SV1_C72651,C72651,0.9267423829686549
SV1_C03087,C03087,0.778199507357307
SV1_C78617,C78617,0.9393220115841111
SV1_C11459,C11459,0.9165910469042091
SV1_C05431,C05431,0.8784041541954601
SV1_C72637,C72637,0.770916739715505
SV1_C72041,C72041,0.7445220010758807
SV1_C49307,C49307,0.8091493600716358
SV1_C29512,C29512,0.9315136996178655
SV1_C46245,C46245,0.9675157251039286
SV1_C33109,C33109,0.8245176761095769
SV1_C97807,C97807,0.8488357625056295
SV1_C33686,C33686,0.8182652149827532
SV1_C06047,C06047,0.9135550266355988
SV1_C38422,C38422,0.9860241156553802
SV1_C98407,C98407,0.8482401208745324
SV1_C73303,C73303,0.9664961029949788
SV1_C19229,C19229,0.8352323985071939
SV1_C61237,C61237,0.8211699408268146
SV1_C87692,C87692,0.9513893755039612
SV1_C22245,C22245,0.8755891814464811
SV1_C09618,C09618,0.9237940923702067
SV1_C63640,C63640,0.7876216196726724
SV1_C27003,C27003,0.8963823612968952
SV1_C06603,C06603,0.9492194636720412
SV1_C03101,C03101,0.8440086793412731
SV1_C86478,C86478,0.8283728208900579
SV1_C77410,C77410,0.8792123529656013
SV1_C78675,C78675,0.7777662514880825
SV1_C74476,C74476,0.9397307956022846
SV1_C07835,C07835,0.9019950549035366
SV1_C57625,C57625,0.8146277585698479
SV1_C23417,C23417,0.9679311711194142
SV1_C34308,C34308,0.8007785990628996
SV1_C92433,C92433,0.9084134240813213
SV1_C13223,C13223,0.7574900424589623
SV1_C04816,C04816,0.8662054097500035
SV1_C13844,C13844,0.7490880703199351
SV1_C55275,C55275,0.7168747846219604
SV1_C54677,C54677,0.918759545465113
SV1_C51685,C51685,0.9688330023002795
SV1_C09682,C09682,0.945071198184079
SV1_C87067,C87067,0.9383599107961411
SV1_C60693,C60693,0.8663877247861503
SV1_C00004,C00004,0.9926610353456696
SV1_C42018,C42018,0.9170577559578347
SV1_C57708,C57708,0.8412072488667852
SV1_C23413,C23413,0.9441144469531757
SV1_C52218,C52218,0.9043429307410052
SV1_C54089,C54089,0.8714477818981379
SV1_C52901,C52901,0.8083030787931494
SV1_C91222,C91222,0.942302504837326
SV1_C24100,C24100,0.8587779123666401
SV1_C100224,C100224,0.9852909432196064
SV1_C78054,C78054,0.8048486292886557
SV1_C98412,C98412,0.9897081779038466
SV1_C09657,C09657,0.7965921652717577
SV1_C67244,C67244,0.8693416792290705
SV1_C75708,C75708,0.906834459858842
SV1_C24616,C24616,0.9898371746535711
SV1_C56426,C56426,0.8960204755649465
SV1_C99007,C99007,0.8371743560000032
SV1_C40822,C40822,0.9685500823067457
SV1_C61834,C61834,0.7399462095541578
SV1_C34803,C34803,0.7942297298123581
SV1_C11462,C11462,0.8441493074385852
SV1_C28906,C28906,0.833354862779677
SV1_C89448,C89448,0.771810877476511
SV1_C03617,C03617,0.9224072021047157
SV1_C75668,C75668,0.9702130665698632
SV1_C87702,C87702,0.969838259333381
SV1_C89432,C89432,0.7845039546177608
SV1_C67235,C67235,0.8855356831413521
SV1_C14472,C14472,0.7239295813422211
SV1_C19221,C19221,0.8749927392785578
SV1_C50436,C50436,0.8542551691530115
SV1_C67215,C67215,0.802574806947865
SV1_C55884,C55884,0.7399177215637439
SV1_C54104,C54104,0.7936650291245454
SV1_C28301,C28301,0.9993467287196642
SV1_C46856,C46856,0.980985001309697
SV1_C22900,C22900,0.8538260326933265
SV1_C09688,C09688,0.8590248404525399
SV1_C21005,C21005,0.9167650654983749
SV1_C55887,C55887,0.7761054000091617
SV1_C75041,C75041,0.7240685736014105
SV1_C86417,C86417,0.9198000580952312
SV1_C73894,C73894,0.9289615103970306
SV1_C43238,C43238,0.7629704033820819
SV1_C13814,C13814,0.9479764018289258
SV1_C03094,C03094,0.8338343955084172
SV1_C50487,C50487,0.7528288721464909
SV1_C31872,C31872,0.9947128169741106
SV1_C52312,C52312,0.7462045857308575
SV1_C63007,C63007,0.8405513091632173
SV1_C12688,C12688,0.9004087048521168
SV1_C55223,C55223,0.7749393524803698
SV1_C17407,C17407,0.8865355851901996
SV1_C76275,C76275,0.8458721285244494
SV1_C75690,C75690,0.8579081108183085
SV1_C57616,C57616,0.9402163849948898
SV1_C76877,C76877,0.8764953758866147
SV1_C88208,C88208,0.8878394467088772
SV1_C82821,C82821,0.858690526426109
SV1_C55893,C55893,0.9070026144432177
SV1_C74428,C74428,0.8458847283616681
SV1_C06016,C06016,0.7927078689918123
SV1_C80405,C80405,0.9326497535810219
SV1_C90071,C90071,0.7629980235551349
SV1_C77501,C77501,0.8323152011231066
SV1_C52311,C52311,0.9795675401468831
SV1_C12067,C12067,0.9788838157222399
SV1_C56421,C56421,0.8389481758377336
SV1_C51037,C51037,0.8728638276872797
SV1_C66636,C66636,0.7745045430620624
SV1_C92491,C92491,0.863338792979975
SV1_C75685,C75685,0.9094079964037994
SV1_C75089,C75089,0.842452106291834
SV1_C46269,C46269,0.8405140424295822
SV1_C13317,C13317,0.8018716520648409
SV1_C49805,C49805,0.8892740231631194
SV1_C95484,C95484,0.9169204279447051
SV1_C33707,C33707,0.8166484713255624
SV1_C96113,C96113,0.7974001914398301
SV1_C90118,C90118,0.8435686236958782
SV1_C43312,C43312,0.9411404684948892
SV1_C04814,C04814,0.8938924166237241
SV1_C25246,C25246,0.8877790171116687
SV1_C73825,C73825,0.8251711112319605
SV1_C57623,C57623,0.863537909256325
SV1_C67230,C67230,0.8794071192525214
SV1_C44414,C44414,0.9286304266137454
SV1_C06082,C06082,0.7299749110206155
SV1_C10221,C10221,0.9646493435457103
SV1_C59413,C59413,0.9754640589220842
SV1_C29495,C29495,0.7895044600548541
SV1_C00646,C00646,0.8288954458807613
SV1_C90077,C90077,0.9131546235472547
SV1_C00713,C00713,0.8397560314181735
SV1_C87096,C87096,0.9888945476087018
SV1_C16244,C16244,0.9130855371462914
SV1_C62473,C62473,0.908395510291929
SV1_C81105,C81105,0.7354749866928701
SV1_C04845,C04845,0.9519223561273201
SV1_C24045,C24045,0.8741013932702766
SV1_C13908,C13908,0.7895493992322404
SV1_C90003,C90003,0.8740794366299459
SV1_C48045,C48045,0.9942608305955275
SV1_C80499,C80499,0.9124878969713675
SV1_C58276,C58276,0.8485350458073642
SV1_C48627,C48627,0.8154134674644036
SV1_C90062,C90062,0.8945757095795424
SV1_C68502,C68502,0.9965331144616166
SV1_C45628,C45628,0.8013924949056986
SV1_C70914,C70914,0.7431975323777332
SV1_C70820,C70820,0.9948816998983481
SV1_C88868,C88868,0.8150863007819041
SV1_C99097,C99097,0.8965899058846355
SV1_C93681,C93681,0.8206595359654328
SV1_C30697,C30697,0.8367747364573969
SV1_C81693,C81693,0.744672155217743
SV1_C87715,C87715,0.8545930256195152
SV1_C28306,C28306,0.977677162820068
SV1_C24640,C24640,0.912773486868424
SV1_C80510,C80510,0.8686297982282941
SV1_C61307,C61307,0.9095467458214568
SV1_C13221,C13221,0.7794230484266395
SV1_C89420,C89420,0.8823345204337859
SV1_C48066,C48066,0.8589904530648591
SV1_C47460,C47460,0.9585111001299234
SV1_C61891,C61891,0.8212293891389898
SV1_C46315,C46315,0.8290051352851457
SV1_C58826,C58826,0.8367287409550053
SV1_C76208,C76208,0.8443695304356077
SV1_C54604,C54604,0.8991966283087817
SV1_C88836,C88836,0.7390227144314191
SV1_C66029,C66029,0.8316093271534402
SV1_C84677,C84677,0.9420421137030687
SV1_C79304,C79304,0.7341521846396146
SV1_C31891,C31891,0.969038849187672
SV1_C81009,C81009,0.9362867036233518
SV1_C16213,C16213,0.9236747178628747
SV1_C79890,C79890,0.8055049558122387
SV1_C84019,C84019,0.8899857132220503
SV1_C28294,C28294,0.7883817428870465
SV1_C100229,C100229,0.9889741961817812
SV1_C88908,C88908,0.9866361635249132
SV1_C25277,C25277,0.9021647146151525
SV1_C76848,C76848,0.7881301144398697
SV1_C25919,C25919,0.8740454012033713
SV1_C37206,C37206,0.891868225434535
SV1_C60692,C60692,0.8850829510613623
SV1_C58285,C58285,0.9370212043357743
SV1_C37803,C37803,0.9401396021632616
SV1_C91243,C91243,0.7239283022100743
SV1_C53446,C53446,0.8079602846528298
SV1_C19218,C19218,0.884641212976102
SV1_C85892,C85892,0.7905613020893179
SV1_C88217,C88217,0.9448408345734228
SV1_C34914,C34914,0.7647419330631757
SV1_C51632,C51632,0.910533836240397
SV1_C73895,C73895,0.862693293799912
SV1_C18604,C18604,0.8780802728900368
SV1_C67912,C67912,0.9082625429534938
SV1_C95515,C95515,0.9800745357987665
SV1_C49240,C49240,0.8626795676724581
SV1_C80475,C80475,0.9713472278987849
SV1_C68507,C68507,0.8959154242770234
SV1_C09027,C09027,0.9369463880050561
SV1_C22884,C22884,0.7914034268845486
SV1_C05493,C05493,0.9535357463209783
SV1_C59414,C59414,0.9963350931340257
SV1_C03085,C03085,0.7551337828343424
SV1_C73275,C73275,0.8173984341651968
SV1_C84109,C84109,0.8341189892152601
SV1_C99004,C99004,0.9798925687063054
SV1_C88802,C88802,0.9145152051184883
SV1_C74519,C74519,0.9931086954344648
SV1_C02516,C02516,0.9266463625177768
SV1_C11496,C11496,0.8151286391018716
SV1_C04306,C04306,0.9057450491701116
SV1_C95406,C95406,0.9507828120645411
SV1_C48117,C48117,0.8306928776111981
SV1_C77504,C77504,0.8284709641978251
SV1_C21678,C21678,0.8315854672125538
SV1_C30096,C30096,0.7966989799159983
SV1_C19202,C19202,0.8768369701732233
SV1_C08439,C08439,0.8897588607352888
SV1_C91271,C91271,0.7332562383762913
SV1_C27710,C27710,0.9606733359088451
SV1_C70834,C70834,0.8651508470401134
SV1_C13269,C13269,0.8602830582685949
SV1_C34879,C34879,0.8333042678428857
SV1_C09082,C09082,0.9476410433227861
SV1_C97208,C97208,0.9981407814933912
SV1_C28277,C28277,0.8004909302769236
SV1_C67277,C67277,0.894066600608833
SV1_C52838,C52838,0.8899980031529595
SV1_C04826,C04826,0.9198927885048864
SV1_C52837,C52837,0.9200376873695527
SV1_C89401,C89401,0.9054284085117615
SV1_C09695,C09695,0.8944123226600743
SV1_C55215,C55215,0.8396597151961176
SV1_C20472,C20472,0.9474696255625618
SV1_C89507,C89507,0.8367991571777836
SV1_C28209,C28209,0.778633704158733
SV1_C87659,C87659,0.9989703545905039
SV1_C43811,C43811,0.996876469524278
SV1_C67285,C67285,0.9146359722196873
SV1_C46887,C46887,0.8774530218676679
SV1_C91223,C91223,0.9031064804314969
SV1_C68438,C68438,0.8743729386079527
SV1_C17486,C17486,0.8857506701048787
SV1_C10827,C10827,0.9796788571330365
SV1_C01822,C01822,0.7390377629411262
SV1_C86465,C86465,0.7447607535996902
SV1_C91894,C91894,0.889553946028015
SV1_C35482,C35482,0.868371036385407
SV1_C49863,C49863,0.9382804311756916
SV1_C01220,C01220,0.7612098927159512
SV1_C79873,C79873,0.9987001837717654
SV1_C23415,C23415,0.9994731367662057
SV1_C27621,C27621,0.8715318064649556
SV1_C22279,C22279,0.7687964774060275
SV1_C90053,C90053,0.8071729934366987
SV1_C72091,C72091,0.897560449654954
SV1_C66613,C66613,0.9625504912713467
SV1_C91200,C91200,0.8997895575353827
SV1_C43244,C43244,0.9318206807075903
SV1_C77436,C77436,0.9610316230507501
SV1_C22219,C22219,0.9756475555554818
SV1_C60689,C60689,0.9686399362398213
SV1_C46285,C46285,0.9053816707410263
SV1_C74444,C74444,0.7894610225611797
SV1_C93605,C93605,0.9690724840674573
SV1_C09621,C09621,0.9692071330366562
SV1_C99011,C99011,0.8366777293536796
SV1_C81007,C81007,0.8312886776810062
SV1_C16203,C16203,0.8898006531634527
SV1_C52845,C52845,0.782929803929831
SV1_C46842,C46842,0.839260306935188
SV1_C87109,C87109,0.9848899408021821
SV1_C22826,C22826,0.8835958645125463
SV1_C33674,C33674,0.8384566341555888
SV1_C58291,C58291,0.8226796360087487
SV1_C04827,C04827,0.8833243388119238
SV1_C55300,C55300,0.7732520742877828
SV1_C88825,C88825,0.7719621685273977
SV1_C42008,C42008,0.8444654715891727
SV1_C81092,C81092,0.7097803237358501
SV1_C52310,C52310,0.9089640629565984
SV1_C03042,C03042,0.8710105681428023
SV1_C54027,C54027,0.9947433359546356
SV1_C86460,C86460,0.7326960280776188
SV1_C49201,C49201,0.8665253882216557
SV1_C48118,C48118,0.9123400694417999
SV1_C06704,C06704,0.7677990428906405
SV1_C09672,C09672,0.9833245436860794
SV1_C09686,C09686,0.9234664287566139
SV1_C18601,C18601,0.8777964430755226
SV1_C01225,C01225,0.9595549534960471
SV1_C49815,C49815,0.7825481103268874
SV1_C69017,C69017,0.8939080655203192
SV1_C58202,C58202,0.9870451893925084
SV1_C90048,C90048,0.8044090660102201
SV1_C04807,C04807,0.8632511264123482
SV1_C69001,C69001,0.9969113991589624
SV1_C07892,C07892,0.7720343142466299
SV1_C45691,C45691,0.8054479075464107
SV1_C12654,C12654,0.7737281505910074
SV1_C75618,C75618,0.9229564054779076
SV1_C28286,C28286,0.853104330482773
SV1_C72700,C72700,0.9160563857846706
SV1_C61234,C61234,0.7760811065175591
SV1_C70204,C70204,0.9218592664579002
SV1_C65509,C65509,0.9245459672084901
SV1_C44412,C44412,0.7740470799462316
SV1_C12054,C12054,0.7449168845628038
SV1_C16275,C16275,0.9218848319272827
SV1_C97213,C97213,0.9870861490708273
SV1_C70823,C70823,0.8499906033892086
SV1_C96683,C96683,0.8930309226580408
SV1_C08478,C08478,0.9493698090653689
SV1_C75710,C75710,0.8839971168485249
SV1_C50490,C50490,0.8683695200705727
SV1_C63104,C63104,0.8735853907303462
SV1_C69710,C69710,0.9367474047567281
SV1_C28899,C28899,0.783181095928936
SV1_C58800,C58800,0.9431637295774918
SV1_C92417,C92417,0.9368347532244076
SV1_C72114,C72114,0.8706629140677231
SV1_C47463,C47463,0.785344832015556
SV1_C82294,C82294,0.8167511070760151
SV1_C46217,C46217,0.7806907307214227
SV1_C59502,C59502,0.972048742603902
SV1_C72102,C72102,0.8802143040086992
SV1_C73857,C73857,0.7698302628109548
SV1_C34911,C34911,0.7397764826943192
SV1_C99615,C99615,0.8085912059096284
SV1_C13889,C13889,0.8929808422908878
SV1_C88892,C88892,0.9474863987295584
SV1_C46859,C46859,0.7864096522129236
SV1_C93628,C93628,0.7213780174991875
SV1_C15094,C15094,0.8018779113936328
SV1_C43278,C43278,0.9000445958992086
SV1_C75060,C75060,0.7476267963922263
SV1_C52902,C52902,0.8604958273279479
SV1_C73231,C73231,0.8794787591702052
SV1_C30621,C30621,0.829158659985967
SV1_C81615,C81615,0.8707289349917926
SV1_C99042,C99042,0.9059327473424843
SV1_C82290,C82290,0.8785995170594898
SV1_C00697,C00697,0.808209878423217
SV1_C06613,C06613,0.8506837328726631
SV1_C78066,C78066,0.8802142734067342
SV1_C01275,C01275,0.7748916004506862
SV1_C100290,C100290,0.8240711312920587
SV1_C45680,C45680,0.8818379769225343
SV1_C09698,C09698,0.9178855751865501
SV1_C76226,C76226,0.8904953292793428
SV1_C88287,C88287,0.7903866699425777
SV1_C30107,C30107,0.7911887714385356
SV1_C43834,C43834,0.774384166499712
SV1_C59436,C59436,0.8344808770009596
SV1_C51647,C51647,0.7582669669355427
SV1_C19885,C19885,0.8879294246848075
SV1_C23416,C23416,0.9773561740813083
SV1_C86479,C86479,0.8188820180476436
SV1_C96636,C96636,0.7875102173353623
SV1_C10852,C10852,0.7749000643449583
SV1_C66698,C66698,0.99677014442613
SV1_C69682,C69682,0.9364675271403671
SV1_C97246,C97246,0.9382343819607474
SV1_C47407,C47407,0.9851779885815318
SV1_C70896,C70896,0.7945375254961278
SV1_C46897,C46897,0.9896087587191474
SV1_C99695,C99695,0.7634577500621407
SV1_C46883,C46883,0.8969317318179431
SV1_C31297,C31297,0.842805789463623
SV1_C84112,C84112,0.8097320855663053
SV1_C88304,C88304,0.9934855927830186
SV1_C29417,C29417,0.9038542803491224
SV1_C48047,C48047,0.7793920601541915
SV1_C80421,C80421,0.8710902112472898
SV1_C55276,C55276,0.8726494364665779
SV1_C67836,C67836,0.7487737130837719
SV1_C76866,C76866,0.8248808212367836
SV1_C87601,C87601,0.8869999125240366
SV1_C68426,C68426,0.8292205716751588
SV1_C46222,C46222,0.8758208443582903
SV1_C16247,C16247,0.8999353537706811
SV1_C74474,C74474,0.9068179273458008
SV1_C59424,C59424,0.8479861679974181
SV1_C76808,C76808,0.8681989712095242
SV1_C04218,C04218,0.8824983734569896
SV1_C52823,C52823,0.8098525741869165
SV1_C66701,C66701,0.9589048159328575
SV1_C76812,C76812,0.8696079246825452
SV1_C35410,C35410,0.8665017843072073
SV1_C88241,C88241,0.7462743825961544
SV1_C58874,C58874,0.9238777847503801
SV1_C73892,C73892,0.8755057458429071
SV1_C21007,C21007,0.8157369517288525
SV1_C13227,C13227,0.9310712702840853
SV1_C62435,C62435,0.8831720894161506
SV1_C48684,C48684,0.8863880799611223
SV1_C76897,C76897,0.8908104351766891
SV1_C54028,C54028,0.9711361945907764
SV1_C96675,C96675,0.8830833646559719
SV1_C01842,C01842,0.8695820142414885
SV1_C49300,C49300,0.8233132140706135
SV1_C25213,C25213,0.9648994219624579
SV1_C16223,C16223,0.9019096860802043
SV1_C04292,C04292,0.8667735525155841
SV1_C14488,C14488,0.8481874975237554
SV1_C87656,C87656,0.7457788120771522
SV1_C91855,C91855,0.8683825597330356
SV1_C05503,C05503,0.8009722375301944
SV1_C11504,C11504,0.8160576748481727
SV1_C03607,C03607,0.7975839386600367
SV1_C73909,C73909,0.9153030208609068
SV1_C15035,C15035,0.8480063733793071
SV1_C95510,C95510,0.9291893926158615
SV1_C31917,C31917,0.9911104461534972
SV1_C13835,C13835,0.8586818563969603
SV1_C02489,C02489,0.8031558762186845
SV1_C09658,C09658,0.7981512421222834
SV1_C14475,C14475,0.9260200517847715
SV1_C05487,C05487,0.7109170017199788
SV1_C01821,C01821,0.7600152371045036
SV1_C21015,C21015,0.8179320020805015
SV1_C100208,C100208,0.9090289278663615
SV1_C48683,C48683,0.9119952183182227
SV1_C46823,C46823,0.8299555815494754
SV1_C75107,C75107,0.9715873924653139
SV1_C10816,C10816,0.8471220940192703
SV1_C71440,C71440,0.8028263100473062
SV1_C54077,C54077,0.9482840740260629
SV1_C93085,C93085,0.9138868028466116
SV1_C20405,C20405,0.9100907165205496
SV1_C57026,C57026,0.8363467522432909
SV1_C40821,C40821,0.9813044838085739
SV1_C65408,C65408,0.9639734693859073
SV1_C29407,C29407,0.887925730944348
SV1_C28299,C28299,0.8517407678585001
SV1_C90069,C90069,0.8060265986496178
SV1_C13201,C13201,0.9845162992375631
SV1_C91293,C91293,0.9247052984941945
SV1_C64276,C64276,0.8292293614578343
SV1_C06116,C06116,0.9603829438094648
SV1_C78082,C78082,0.8831263959835136
SV1_C45641,C45641,0.8805222601403323
SV1_C91281,C91281,0.9552760189962827
SV1_C61810,C61810,0.9592611717643756
SV1_C56475,C56475,0.7790321572236755
SV1_C57677,C57677,0.8254123378979478
SV1_C78706,C78706,0.7855891903839217
SV1_C21037,C21037,0.7376719737074278
SV1_C25316,C25316,0.8660034076964077
SV1_C79887,C79887,0.9990974193278105
SV1_C58810,C58810,0.99252566474743
SV1_C03713,C03713,0.8333302673137296
SV1_C52892,C52892,0.9309984799886036
SV1_C11444,C11444,0.8441841123153165
SV1_C39010,C39010,0.9156321629347874
SV1_C13264,C13264,0.7806236536365324
SV1_C07296,C07296,0.8384858275448704
SV1_C26491,C26491,0.8684643258855976
SV1_C92455,C92455,0.7824359364188428
SV1_C09603,C09603,0.8798784306371639
SV1_C14436,C14436,0.8582306273372606
SV1_C25805,C25805,0.9111158720170665
SV1_C76818,C76818,0.9323916841852786
SV1_C54614,C54614,0.8866875404846517
SV1_C87664,C87664,0.7716654434897303
SV1_C02427,C02427,0.9705868561639225
SV1_C25801,C25801,0.902178557236207
SV1_C63691,C63691,0.9898095983313319
SV1_C68420,C68420,0.8872116612573158
SV1_C71513,C71513,0.7893942450950747
SV1_C69027,C69027,0.9057011569212294
SV1_C95421,C95421,0.9071614085325719
SV1_C21694,C21694,0.8785663711390259
SV1_C64219,C64219,0.878802734975373
SV1_C74495,C74495,0.8688471246034721
SV1_C76255,C76255,0.8856506339333827
SV1_C99016,C99016,0.9435531764516513
SV1_C81604,C81604,0.9470060228284042
SV1_C86466,C86466,0.8580827190776846
SV1_C100317,C100317,0.9142573592218833
SV1_C81702,C81702,0.8498728969265542
SV1_C51680,C51680,0.9957818726350128
SV1_C53506,C53506,0.870027171314964
SV1_C75073,C75073,0.945260159090579
SV1_C49872,C49872,0.8295028724430891
SV1_C73266,C73266,0.8079385790962726
SV1_C97319,C97319,0.834733145792614
SV1_C26402,C26402,0.8653054394269405
SV1_C84612,C84612,0.915225109763649
SV1_C16828,C16828,0.8394607644715455
SV1_C82213,C82213,0.933549015275452
SV1_C89454,C89454,0.9205962986873484
SV1_C66673,C66673,0.882369443427079
SV1_C27702,C27702,0.9647360080995763
SV1_C69692,C69692,0.7687886764611959
SV1_C99096,C99096,0.8717753102746916
SV1_C04200,C04200,0.9503373415298705
SV1_C22902,C22902,0.9071725658389315
SV1_C45645,C45645,0.9597684184753766
SV1_C28245,C28245,0.9266036540051332
SV1_C73309,C73309,0.9123952843170953
SV1_C98483,C98483,0.8233246520181516
SV1_C74452,C74452,0.7619263567438731
SV1_C52813,C52813,0.887402420462823
SV1_C43822,C43822,0.8895354389378005
SV1_C19213,C19213,0.8667643543964353
SV1_C06627,C06627,0.9184842119185948
SV1_C64284,C64284,0.8807299352437027
SV1_C46919,C46919,0.9127039305918013
SV1_C08448,C08448,0.7913124777517967
SV1_C72654,C72654,0.866795465204069
SV1_C61246,C61246,0.9070817384882132
SV1_C67809,C67809,0.99406226306503
SV1_C36610,C36610,0.8818441656154122
SV1_C57034,C57034,0.8321859029576512
SV1_C71410,C71410,0.9078091868179838
SV1_C09042,C09042,0.8324100521099961
SV1_C03681,C03681,0.7928514243532508
SV1_C91280,C91280,0.921531239339916
SV1_C51609,C51609,0.8870077686972647
SV1_C94913,C94913,0.7971508070543087
SV1_C46259,C46259,0.7933963571926694
SV1_C88244,C88244,0.745417767454785
SV1_C13224,C13224,0.9374551328604424
SV1_C72040,C72040,0.7593642912576295
SV1_C73269,C73269,0.9449218727661906
SV1_C04225,C04225,0.9375913915304945
SV1_C16836,C16836,0.833633380440637
SV1_C64912,C64912,0.8812249865099863
SV1_C49856,C49856,0.9451958680603896
SV1_C43845,C43845,0.9317406947604866
SV1_C44442,C44442,0.794487987768271
SV1_C28310,C28310,0.9724357166411006
SV1_C60000,C60000,0.936660689215722
SV1_C21021,C21021,0.9431953731543729
SV1_C35517,C35517,0.9051038199706871
SV1_C34298,C34298,0.8514865741045899
SV1_C30609,C30609,0.9098381190273575
SV1_C68511,C68511,0.8758735259616288
SV1_C31218,C31218,0.9170806835254073
SV1_C87039,C87039,0.8367021871402704
SV1_C67819,C67819,0.809137148371249
SV1_C98426,C98426,0.90104305685717
SV1_C66114,C66114,0.8831619791514024
SV1_C06614,C06614,0.9347184102940514
SV1_C73834,C73834,0.758206957391241
SV1_C12042,C12042,0.7405295845312092
SV1_C60041,C60041,0.7456148641126921
SV1_C76810,C76810,0.8881208151433564
SV1_C98511,C98511,0.9385500389649711
SV1_C25319,C25319,0.8754932235976763
SV1_C12111,C12111,0.9577647158990078
SV1_C31292,C31292,0.8096052447978699
SV1_C62407,C62407,0.8888044261035556
SV1_C87006,C87006,0.8980199878558788
SV1_C45108,C45108,0.9865554837096694
SV1_C04874,C04874,0.8385934183298984
SV1_C34306,C34306,0.8462497604594758
SV1_C00043,C00043,0.9722043586212675
SV1_C61825,C61825,0.8189688923689626
SV1_C59429,C59429,0.8323808377632268
SV1_C98513,C98513,0.919768972937954
SV1_C55232,C55232,0.9888985756748164
SV1_C43313,C43313,0.9458903706166466
SV1_C96672,C96672,0.8949254718789336
SV1_C78009,C78009,0.9625819481714979
SV1_C11410,C11410,0.8898303270830656
SV1_C99113,C99113,0.961179382098694
SV1_C00689,C00689,0.8017135536535668
SV1_C64204,C64204,0.9331073323394256
SV1_C43287,C43287,0.8060522354853689
SV1_C55239,C55239,0.9574646236047326
SV1_C97877,C97877,0.8925048131799836
SV1_C25315,C25315,0.92143710684911
SV1_C53414,C53414,0.907168668703592
SV1_C37810,C37810,0.8997677829663291
SV1_C66090,C66090,0.9048529878324383
SV1_C10854,C10854,0.7777696060558065
SV1_C30015,C30015,0.8948786987956799
SV1_C12017,C12017,0.8432438988503614
SV1_C87691,C87691,0.8520901584922514
SV1_C47445,C47445,0.989039978147441
SV1_C64239,C64239,0.8610030024032781
SV1_C07897,C07897,0.8434704422845916
SV1_C47473,C47473,0.9606531331592147
SV1_C94841,C94841,0.7439413706071416
SV1_C45036,C45036,0.7921517821167564
SV1_C27682,C27682,0.9092781826607933
SV1_C92447,C92447,0.9113400386959455
SV1_C94302,C94302,0.9225573304774496
SV1_C76247,C76247,0.9297321040292578
SV1_C48087,C48087,0.8994399865376715
SV1_C73229,C73229,0.7991722097879829
SV1_C74480,C74480,0.937622465352657
SV1_C72097,C72097,0.9144839087366052
SV1_C48714,C48714,0.8893633153005976
SV1_C77491,C77491,0.9175506722568196
SV1_C97893,C97893,0.8993085337590453
SV1_C94813,C94813,0.9708636800153482
SV1_C78060,C78060,0.893729631904699
SV1_C70898,C70898,0.7812939918287026
SV1_C97224,C97224,0.847143202280577
SV1_C66083,C66083,0.8236856735446696
SV1_C29400,C29400,0.8879081019586759
SV1_C72681,C72681,0.9523684260367599
SV1_C16884,C16884,0.8419923050700393
SV1_C97809,C97809,0.995866282456522
SV1_C60040,C60040,0.7628378564394606
SV1_C92483,C92483,0.9251079289803072
SV1_C92429,C92429,0.9128069859350172
SV1_C85306,C85306,0.8669279700513653
SV1_C26498,C26498,0.888449397284446
SV1_C70897,C70897,0.802477274033669
SV1_C71429,C71429,0.8807176777169705
SV1_C94890,C94890,0.8367665197158768
SV1_C36006,C36006,0.8732180601260346
SV1_C15019,C15019,0.9000449903272456
SV1_C22873,C22873,0.8264207086973425
SV1_C88210,C88210,0.9237059659935213
SV1_C49289,C49289,0.8215487530005793
SV1_C06687,C06687,0.7481400280103631
SV1_C99017,C99017,0.9404815478934743
SV1_C19821,C19821,0.9134472828953808
SV1_C52247,C52247,0.7578164194583559
SV1_C57073,C57073,0.8064963551938096
SV1_C57074,C57074,0.7688891643664362
SV1_C15636,C15636,0.8458655256302469
SV1_C45107,C45107,0.8616549113154963
SV1_C88204,C88204,0.8787269623993232
SV1_C23403,C23403,0.9840988474061138
SV1_C47447,C47447,0.8132919547937847
SV1_C85285,C85285,0.966447053638451
SV1_C28913,C28913,0.9228850097529601
SV1_C76251,C76251,0.8851064695951387
SV1_C24087,C24087,0.8246541960589182
SV1_C46882,C46882,0.9788103204495079
SV1_C78643,C78643,0.9208309718048266
SV1_C87062,C87062,0.9156235145280884
SV1_C47501,C47501,0.9800885536410342
SV1_C10244,C10244,0.8223487948347813
SV1_C50489,C50489,0.886810809247368
SV1_C33077,C33077,0.9806107607892216
SV1_C96641,C96641,0.7917265057475233
SV1_C19237,C19237,0.791798461643618
SV1_C09714,C09714,0.8432488872930747
SV1_C60115,C60115,0.8759417719376094
SV1_C62418,C62418,0.9279624886694738
SV1_C15047,C15047,0.8949612083363272
SV1_C38416,C38416,0.9535944837938443
SV1_C27012,C27012,0.9357380380652193
SV1_C16208,C16208,0.8904440823937696
SV1_C66622,C66622,0.79093663158247
SV1_C04843,C04843,0.8825963067728366
SV1_C06018,C06018,0.9424819872330749
SV1_C97218,C97218,0.9246419046621913
SV1_C70230,C70230,0.8594608154499696
SV1_C16240,C16240,0.785218551104963
SV1_C15679,C15679,0.9306434050370087
SV1_C87676,C87676,0.8164810434234623
SV1_C11476,C11476,0.9346070274055489
SV1_C48717,C48717,0.8590872477462878
SV1_C90028,C90028,0.820442884527114
SV1_C45005,C45005,0.8516790517954083
SV1_C02474,C02474,0.8220353675049575
SV1_C06008,C06008,0.7616058934851524
SV1_C63695,C63695,0.9080292687594871
SV1_C46252,C46252,0.9888753682271478
SV1_C48603,C48603,0.9212130270825779
SV1_C79221,C79221,0.8719223948934022
SV1_C74505,C74505,0.9267424760717885
SV1_C87709,C87709,0.988342488526321
SV1_C01913,C01913,0.8434560567492331
SV1_C95408,C95408,0.9876473547149062
SV1_C37219,C37219,0.8973509502722629
SV1_C26419,C26419,0.9486519071474799
SV1_C21679,C21679,0.7532279177706931
SV1_C46312,C46312,0.9420779570388255
SV1_C65505,C65505,0.9489396824099231
SV1_C83516,C83516,0.8307017425101685
SV1_C01903,C01903,0.796257093933231
SV1_C28231,C28231,0.8720400289110223
SV1_C73290,C73290,0.8752943884545524
SV1_C49893,C49893,0.8753922252274879
SV1_C73218,C73218,0.8985173722784746
SV1_C58235,C58235,0.8348694616555044
SV1_C79314,C79314,0.83331515180295
SV1_C73818,C73818,0.8960195587006753
SV1_C92471,C92471,0.77460965900326
SV1_C37212,C37212,0.8972646658512364
SV1_C16212,C16212,0.8964907119666864
SV1_C24098,C24098,0.9061560349122517
SV1_C70287,C70287,0.7541616502287187
SV1_C88266,C88266,0.8550942225339317
SV1_C73207,C73207,0.8634674391828138
SV1_C12015,C12015,0.8284132134922327
SV1_C21095,C21095,0.8717812676882624
SV1_C19228,C19228,0.8410839340945009
SV1_C88810,C88810,0.9305692155231365
SV1_C55814,C55814,0.9480267310708288
SV1_C97823,C97823,0.9870598645860069
SV1_C67247,C67247,0.8716346834910822
SV1_C12116,C12116,0.7378886960436702
SV1_C66040,C66040,0.743641888162895
SV1_C30000,C30000,0.8854533506382041
SV1_C57038,C57038,0.8139687310159833
SV1_C45100,C45100,0.9940349529485649
SV1_C78065,C78065,0.916876574440195
SV1_C45662,C45662,0.9602334655995556
SV1_C89411,C89411,0.8798949411490117
SV1_C11406,C11406,0.8897484080385376
SV1_C30717,C30717,0.9943897801556758
SV1_C43871,C43871,0.7739989512909458
SV1_C76271,C76271,0.8801167001505277
SV1_C70881,C70881,0.7438758206416435
SV1_C69109,C69109,0.9175400264778791
SV1_C50425,C50425,0.8852585983740633
SV1_C63618,C63618,0.9127367039451211
SV1_C04905,C04905,0.8508187124502566
SV1_C94280,C94280,0.9055128426898169
SV1_C76285,C76285,0.8863059298411126
SV1_C30099,C30099,0.7978043517310532
SV1_C92458,C92458,0.9158560900137486
SV1_C56430,C56430,0.8956250852369045
SV1_C55218,C55218,0.8729919943781673
SV1_C11412,C11412,0.9394722719289439
SV1_C72682,C72682,0.9088180846374292
SV1_C04811,C04811,0.8736524039428456
SV1_C06002,C06002,0.8901357179849744
SV1_C10907,C10907,0.9970257230793672
SV1_C08451,C08451,0.8835615250068568
SV1_C39616,C39616,0.9496039012158738
SV1_C88284,C88284,0.8058455130165308
SV1_C55213,C55213,0.9240659353258479
SV1_C64813,C64813,0.9377381649084423
SV1_C07848,C07848,0.7907683896478267
SV1_C79283,C79283,0.9850187729290226
SV1_C16243,C16243,0.8111130013029175
SV1_C69643,C69643,0.8275269070394276
SV1_C92435,C92435,0.7631234780853667
SV1_C57100,C57100,0.9898992273174522
SV1_C55805,C55805,0.9724511002840468
SV1_C97905,C97905,0.8385937121336877
SV1_C97300,C97300,0.8157805050769937
SV1_C65421,C65421,0.7853146016286809
SV1_C13292,C13292,0.9938355226411395
SV1_C78613,C78613,0.9716423075770035
SV1_C80518,C80518,0.7831488706610106
SV1_C56498,C56498,0.9217959342612891
SV1_C21714,C21714,0.9689916591907523
SV1_C61290,C61290,0.8449971876838887
SV1_C58908,C58908,0.8602188266664333
SV1_C69031,C69031,0.9056670664630495
SV1_C85276,C85276,0.9760386544085666
SV1_C97290,C97290,0.8946243522791473
SV1_C73871,C73871,0.8746354241333455
SV1_C91849,C91849,0.912594679847991
SV1_C61304,C61304,0.9135419048254022
SV1_C27618,C27618,0.8506026606377289
SV1_C34301,C34301,0.8171121835018763
SV1_C91299,C91299,0.8144065173949787
SV1_C09693,C09693,0.8013742738266213
SV1_C93035,C93035,0.7598388859470041
SV1_C85809,C85809,0.9050215032459938
SV1_C68482,C68482,0.9789366597403897
SV1_C72602,C72602,0.9146450436048226
SV1_C15076,C15076,0.9122425204855089
SV1_C75713,C75713,0.8602102668075218
SV1_C84615,C84615,0.7886622197980816
SV1_C03029,C03029,0.9658948194537861
SV1_C85201,C85201,0.8955327600691255
SV1_C67913,C67913,0.8999050142303843
SV1_C49852,C49852,0.9416843926457071
SV1_C31896,C31896,0.8128363380051007
SV1_C86512,C86512,0.9356688644069051
SV1_C82278,C82278,0.9151612826570736
SV1_C01900,C01900,0.7831009641418347
SV1_C72612,C72612,0.9618554352053452
SV1_C55883,C55883,0.741880670648355
SV1_C34908,C34908,0.8405149261916787
SV1_C97308,C97308,0.8101962894651481
SV1_C21614,C21614,0.9184864822540144
SV1_C45034,C45034,0.7750348467231348
SV1_C56441,C56441,0.8422216004877661
SV1_C27074,C27074,0.947452549513558
SV1_C94223,C94223,0.9997495893584961
SV1_C23429,C23429,0.9828498221848402
SV1_C30677,C30677,0.9625504401119481
SV1_C04842,C04842,0.8792097484363235
SV1_C78683,C78683,0.7732230325457138
SV1_C93630,C93630,0.8620155354699623
SV1_C48651,C48651,0.8561609747443887
SV1_C66009,C66009,0.9778181838875438
SV1_C60616,C60616,0.9276910845610407
SV1_C95475,C95475,0.8930380867182101
SV1_C11473,C11473,0.9468497459968885
SV1_C90027,C90027,0.8292376468178216
SV1_C50481,C50481,0.9890962604289358
SV1_C03033,C03033,0.9756031733474859
SV1_C96643,C96643,0.897647814361262
SV1_C20416,C20416,0.8742801528925158
SV1_C10916,C10916,0.7752078123367544
SV1_C83505,C83505,0.7583672404859613
SV1_C12615,C12615,0.7773723672323218
SV1_C01236,C01236,0.996816831525277
SV1_C14410,C14410,0.9438962882671048
SV1_C34285,C34285,0.9263792329849123
SV1_C15675,C15675,0.9250681328922902
SV1_C73816,C73816,0.9074277402875138
SV1_C39016,C39016,0.9528899388122903
SV1_C54672,C54672,0.9272097197187332
SV1_C19811,C19811,0.8003306799387496
SV1_C54708,C54708,0.8448284579116467
SV1_C52889,C52889,0.8735955734293277
SV1_C27608,C27608,0.849536453820401
SV1_C37207,C37207,0.931815290856191
SV1_C63600,C63600,0.9275444992471653
SV1_C59447,C59447,0.8390336630884615
SV1_C31875,C31875,0.9747911781478463
SV1_C56510,C56510,0.9389335525071192
SV1_C37801,C37801,0.8385465218463771
SV1_C04201,C04201,0.9577198583736356
SV1_C10218,C10218,0.9187099232124745
SV1_C09632,C09632,0.8046043274265804
SV1_C04844,C04844,0.9164924801882601
SV1_C79208,C79208,0.9265898720884383
SV1_C50484,C50484,0.9792479203145361
SV1_C73226,C73226,0.7494378413458768
SV1_C97227,C97227,0.9974462664241542
SV1_C78649,C78649,0.82717827776697
SV1_C07882,C07882,0.9468114738999918
SV1_C04884,C04884,0.7291894810612953
SV1_C60643,C60643,0.7727656630273966
SV1_C97294,C97294,0.8234130900919475
SV1_C72617,C72617,0.9057454067797664
SV1_C74507,C74507,0.9705906351601488
SV1_C09676,C09676,0.9833149477720364
SV1_C73869,C73869,0.9508505540652351
SV1_C67234,C67234,0.8935607429893431
SV1_C78033,C78033,0.9785505959793117
SV1_C86500,C86500,0.9859347944404987
SV1_C32406,C32406,0.9066263794002227
SV1_C07225,C07225,0.7686672508821898
SV1_C69080,C69080,0.824418054331654
SV1_C85906,C85906,0.8505592735332774
SV1_C96040,C96040,0.7479777313045881
SV1_C04273,C04273,0.8011833849859424
SV1_C93060,C93060,0.9671694835170558
SV1_C87035,C87035,0.8486552845317652
SV1_C19883,C19883,0.8034931143463826
SV1_C93112,C93112,0.7828601481942493
SV1_C66026,C66026,0.8884342964895099
SV1_C23440,C23440,0.9091590235877881
SV1_C95434,C95434,0.8843035381497166
SV1_C52803,C52803,0.8673317708955335
SV1_C17491,C17491,0.8934733965745468
SV1_C52883,C52883,0.7304708407283601
SV1_C73317,C73317,0.8338567911006469
SV1_C35421,C35421,0.9875454197429864
SV1_C79292,C79292,0.7063973298922201
SV1_C64897,C64897,0.948869640583543
SV1_C47431,C47431,0.8132611786310927
SV1_C52237,C52237,0.9054429839201241
SV1_C75717,C75717,0.8040151611475937
SV1_C47510,C47510,0.9528358529582056
SV1_C24676,C24676,0.8253698650291331
SV1_C26415,C26415,0.9654229665863906
SV1_C72608,C72608,0.973049284169836
SV1_C98424,C98424,0.928137586526282
SV1_C19212,C19212,0.8590524272099984
SV1_C48033,C48033,0.7538219760268556
SV1_C73246,C73246,0.8830982564346787
SV1_C20408,C20408,0.9056213871539521
SV1_C85216,C85216,0.8523038733067082
SV1_C46292,C46292,0.7428021536245044
SV1_C63690,C63690,0.923182163423186
SV1_C50414,C50414,0.9171682801553724
SV1_C71515,C71515,0.7134536267814339
SV1_C79284,C79284,0.9331056846313756
SV1_C85814,C85814,0.8856558721500764
SV1_C04830,C04830,0.9200742283333609
SV1_C99025,C99025,0.9827665965809187
SV1_C79211,C79211,0.8396747990503874
SV1_C90055,C90055,0.982099888842597
SV1_C83473,C83473,0.9247713243203737
SV1_C09609,C09609,0.9848852323765714
SV1_C92513,C92513,0.8194872670559471
SV1_C94230,C94230,0.8716510450364348
SV1_C99700,C99700,0.8942268556505715
SV1_C31203,C31203,0.8783030399591988
SV1_C70231,C70231,0.9532735185655502
SV1_C02443,C02443,0.966800485597331
SV1_C49801,C49801,0.8890149417331124
SV1_C96047,C96047,0.8250894175497413
SV1_C91227,C91227,0.786804560874059
SV1_C73804,C73804,0.9693344849146025
SV1_C59410,C59410,0.9903018834866845
SV1_C28882,C28882,0.8482955606310782
SV1_C14412,C14412,0.9011955737995938
SV1_C19238,C19238,0.8220017115438429
SV1_C44515,C44515,0.8321794429750232
SV1_C12624,C12624,0.9525601427093826
SV1_C27680,C27680,0.8214030684608757
SV1_C51674,C51674,0.9002974946736022
SV1_C91818,C91818,0.9887846629640695
SV1_C88831,C88831,0.8438592289028536
SV1_C78013,C78013,0.9582156312152571
SV1_C61202,C61202,0.9655968139765423
SV1_C68481,C68481,0.9092629283321967
SV1_C12090,C12090,0.8668662992754517
SV1_C16232,C16232,0.8379724977919122
SV1_C70840,C70840,0.8143383805002214
SV1_C03604,C03604,0.9687584864499165
SV1_C18040,C18040,0.7939014463523195
SV1_C51085,C51085,0.9704277570481953
SV1_C04276,C04276,0.7521657345684631
SV1_C01801,C01801,0.9953209152518474
SV1_C95426,C95426,0.8894535303775389
SV1_C97837,C97837,0.8734373818199835
SV1_C69089,C69089,0.8537636334011086
SV1_C78110,C78110,0.8042649546982794
SV1_C17439,C17439,0.8337708188302062
SV1_C51017,C51017,0.8842904914739204
SV1_C97225,C97225,0.8478883160164941
SV1_C86428,C86428,0.794023573893941
SV1_C90613,C90613,0.9598792044703649
SV1_C08499,C08499,0.9950983175424367
SV1_C76313,C76313,0.8524085215430063
SV1_C61225,C61225,0.8303195822023337
SV1_C49204,C49204,0.8753705732339895
SV1_C64822,C64822,0.7331129270597384
SV1_C22280,C22280,0.7703016137948516
SV1_C00108,C00108,0.7235880009005324
SV1_C91916,C91916,0.7245871458399697
SV1_C03695,C03695,0.8010681219255302
SV1_C66645,C66645,0.9123407570738367
SV1_C32513,C32513,0.9120755882490269
SV1_C06709,C06709,0.8633591345033221
SV1_C05416,C05416,0.7967227129585873
SV1_C70878,C70878,0.7092160161809874
SV1_C37819,C37819,0.9061087541447681
SV1_C55290,C55290,0.8792023808798722
SV1_C15092,C15092,0.7791745708127519
SV1_C24634,C24634,0.8954975458733697
SV1_C68414,C68414,0.9408147545524116
SV1_C49224,C49224,0.7933104790102963
SV1_C61918,C61918,0.8534775742946239
SV1_C92410,C92410,0.9144935326274483
SV1_C88866,C88866,0.85202031028767
SV1_C09031,C09031,0.9355173300007814
SV1_C75688,C75688,0.8086882912921706
SV1_C71416,C71416,0.910394829713323
SV1_C09098,C09098,0.9166558694640263
SV1_C39618,C39618,0.9363208230952501
SV1_C05481,C05481,0.780131711305614
SV1_C24095,C24095,0.7214423633624051
SV1_C58314,C58314,0.8451112231618472
SV1_C49251,C49251,0.9022838598201957
SV1_C81021,C81021,0.8698114702817482
SV1_C50498,C50498,0.8602426186289959
SV1_C99608,C99608,0.949061548367062
SV1_C93631,C93631,0.9518575574186469
SV1_C85823,C85823,0.8807838278798088
SV1_C82893,C82893,0.7647965505281893
SV1_C58219,C58219,0.942325826779834
SV1_C33619,C33619,0.8536959013553208
SV1_C52818,C52818,0.9018154005739885
SV1_C13886,C13886,0.7385297984951684
SV1_C51090,C51090,0.8780539255437738
SV1_C00627,C00627,0.9797775220114626
SV1_C73865,C73865,0.8359425257226931
SV1_C59415,C59415,0.9488103588933833
SV1_C97293,C97293,0.888022980799397
SV1_C46212,C46212,0.8344789095099072
SV1_C16214,C16214,0.9488736852979387
SV1_C07289,C07289,0.8722764449898011
SV1_C92412,C92412,0.897662297185096
SV1_C19291,C19291,0.8321480717017935
SV1_C01202,C01202,0.9678093483187118
SV1_C76308,C76308,0.8983308012813626
SV1_C34915,C34915,0.9411200388145454
SV1_C75623,C75623,0.9112538468390082
SV1_C43273,C43273,0.8750508558674891
SV1_C96100,C96100,0.8225402468510409
SV1_C04875,C04875,0.7603869510563995
SV1_C80483,C80483,0.9868496286793665
SV1_C45634,C45634,0.7738588318579884
SV1_C99015,C99015,0.837505224191801
SV1_C100237,C100237,0.9802203066424129
SV1_C72035,C72035,0.8445240244133982
SV1_C24624,C24624,0.9970780880257525
SV1_C25914,C25914,0.9971982314290888
SV1_C07312,C07312,0.8114751876947283
SV1_C31221,C31221,0.8423204647065019
SV1_C69695,C69695,0.9834001662653031
SV1_C29509,C29509,0.8216856590992694
SV1_C56490,C56490,0.7585307817368429
SV1_C34903,C34903,0.7747823235022714
SV1_C91892,C91892,0.8393185461737432
SV1_C04227,C04227,0.9269001519323007
SV1_C31300,C31300,0.806201886290267
SV1_C76887,C76887,0.9175035906567118
SV1_C52210,C52210,0.9064926931753399
SV1_C81698,C81698,0.8459454788069861
SV1_C67833,C67833,0.8086071977732011
SV1_C69045,C69045,0.8975393012472253
SV1_C32404,C32404,0.8647721126930321
SV1_C93009,C93009,0.8681024470777113
SV1_C22808,C22808,0.9116530259161642
SV1_C09683,C09683,0.9043196546884664
SV1_C02476,C02476,0.7355220504349975
SV1_C44504,C44504,0.9942147531543332
SV1_C27043,C27043,0.797512259121564
SV1_C10286,C10286,0.9190105851130407
SV1_C21630,C21630,0.8717821588570922
SV1_C50413,C50413,0.8952875862398884
SV1_C72113,C72113,0.8502786842196947
SV1_C57632,C57632,0.83347852140224
SV1_C88310,C88310,0.9669716460754714
SV1_C27640,C27640,0.989639401059724
SV1_C77409,C77409,0.9265374274310872
SV1_C03103,C03103,0.8091244061883197
SV1_C97205,C97205,0.994623082491972
SV1_C33012,C33012,0.8584954050002593
SV1_C66110,C66110,0.9697879411356279
SV1_C76310,C76310,0.8764029940901905
SV1_C58218,C58218,0.9847093721181919
SV1_C39619,C39619,0.936228572313064
SV1_C73247,C73247,0.9716723004455726
SV1_C88918,C88918,0.8605708558146997
SV1_C93005,C93005,0.8677290259234692
SV1_C79892,C79892,0.7044131060230492
SV1_C08415,C08415,0.8652393552842257
SV1_C73225,C73225,0.8019019824093369
SV1_C77433,C77433,0.997286598181026
SV1_C66606,C66606,0.9487300065707448
SV1_C63632,C63632,0.8355434241047693
SV1_C56404,C56404,0.9900541838587587
SV1_C87619,C87619,0.9002449151387151
SV1_C64817,C64817,0.8600082135529131
SV1_C78673,C78673,0.8171251118039687
SV1_C80479,C80479,0.9770954716689321
SV1_C88871,C88871,0.7738588428864981
SV1_C79893,C79893,0.7307811272066144
SV1_C06688,C06688,0.9338090303004778
SV1_C18607,C18607,0.8663349708611662
SV1_C57710,C57710,0.9125172096063577
SV1_C93609,C93609,0.9682341795304197
SV1_C94826,C94826,0.8818051766832765
SV1_C62500,C62500,0.9124145208714698
SV1_C13287,C13287,0.84369500788742
SV1_C64244,C64244,0.8545652797977459
SV1_C92511,C92511,0.7498065477398649
SV1_C24605,C24605,0.902301986344077
SV1_C85301,C85301,0.8348470179155044
SV1_C07275,C07275,0.8428157510853799
SV1_C79207,C79207,0.8353603346401817
SV1_C52800,C52800,0.8534218672786709
SV1_C01277,C01277,0.7625578436460001
SV1_C31811,C31811,0.8803749448999493
SV1_C70827,C70827,0.9434968664867945
SV1_C89425,C89425,0.7883681142826696
SV1_C94216,C94216,0.9383887289867575
SV1_C46857,C46857,0.9894247289346352
SV1_C34874,C34874,0.8180811470360511
SV1_C97912,C97912,0.8531216967909546
SV1_C62508,C62508,0.8846141412493626
SV1_C73252,C73252,0.7642865238663036
SV1_C24075,C24075,0.8072064704998417
SV1_C22885,C22885,0.84382782643504
SV1_C69022,C69022,0.8891242420085563
SV1_C06074,C06074,0.7454620319132447
SV1_C94292,C94292,0.849455446689803
SV1_C66717,C66717,0.982606901383634
SV1_C69696,C69696,0.8685493750733374
SV1_C04805,C04805,0.924214671648214
SV1_C55837,C55837,0.9606509284067972
SV1_C06714,C06714,0.842571517544121
SV1_C78636,C78636,0.9100005560531753
SV1_C28297,C28297,0.9985415994495926
SV1_C67319,C67319,0.7153578992157834
SV1_C44462,C44462,0.9590162270363817
SV1_C18608,C18608,0.8765076646533699
SV1_C69629,C69629,0.8592309854125126
SV1_C13316,C13316,0.8091677747154327
SV1_C09643,C09643,0.9041082659070387
SV1_C68411,C68411,0.86800068511294
SV1_C71488,C71488,0.7008130544661217
SV1_C93690,C93690,0.8066585195887631
SV1_C59517,C59517,0.9217041748646024
SV1_C12692,C12692,0.9795614537773946
SV1_C61909,C61909,0.935829039363064
SV1_C77413,C77413,0.9213139981541966
SV1_C21002,C21002,0.900960276650942
SV1_C34201,C34201,0.8062146263619787
SV1_C64226,C64226,0.760834405102229
SV1_C84023,C84023,0.9291838563636677
SV1_C03073,C03073,0.7887785351654141
SV1_C08405,C08405,0.9915144328576319
SV1_C90648,C90648,0.8337988243765574
SV1_C58916,C58916,0.9282051423863761
SV1_C19201,C19201,0.8649759779367473
SV1_C00017,C00017,0.9425702448296727
SV1_C22821,C22821,0.8959800453386442
SV1_C32512,C32512,0.9172187804881218
SV1_C65519,C65519,0.715426796005008
SV1_C09037,C09037,0.747895700365398
SV1_C54705,C54705,0.83103038882434
SV1_C25241,C25241,0.8985673871968078
SV1_C85282,C85282,0.9472062176510129
SV1_C100278,C100278,0.9003160830687759
SV1_C74454,C74454,0.8605239922923145
SV1_C11400,C11400,0.9512793553172605
SV1_C13253,C13253,0.7941610187699027
SV1_C85918,C85918,0.9131850304459223
SV1_C52882,C52882,0.8906789634037235
SV1_C15011,C15011,0.9001703448540878
SV1_C82318,C82318,0.7815941304749566
SV1_C37808,C37808,0.8533863001070998
SV1_C52241,C52241,0.8203121858437128
SV1_C44510,C44510,0.9680011740809218
SV1_C96716,C96716,0.7811046732598108
SV1_C07251,C07251,0.8719740963184631
SV1_C96014,C96014,0.9471274429586702
SV1_C06009,C06009,0.8185556164690602
SV1_C55307,C55307,0.8914999896939931
SV1_C97212,C97212,0.9906250474436566
SV1_C52877,C52877,0.9778524875968118
SV1_C76314,C76314,0.8228229708328443
SV1_C72104,C72104,0.9115385877340642
SV1_C48107,C48107,0.8329327472238942
SV1_C43206,C43206,0.9411360081329849
SV1_C66038,C66038,0.9290911705717552
SV1_C81080,C81080,0.9752747684558197
SV1_C31803,C31803,0.8745690914191451
SV1_C66031,C66031,0.8711982690564068
SV1_C52801,C52801,0.875328302580869
SV1_C78638,C78638,0.872817478051528
SV1_C03077,C03077,0.7874180119569043
SV1_C92437,C92437,0.8857594997252609
SV1_C30108,C30108,0.8314100622627675
SV1_C82881,C82881,0.9589101515055528
SV1_C05507,C05507,0.7983399679712676
SV1_C73902,C73902,0.8912583984451434
SV1_C30620,C30620,0.8153963888939704
SV1_C56417,C56417,0.9555108523559769
SV1_C08430,C08430,0.8028067476914753
SV1_C35420,C35420,0.9724472832278067
SV1_C52875,C52875,0.7236120660518914
SV1_C78118,C78118,0.8122486173377053
SV1_C70208,C70208,0.9188416968334131
SV1_C64877,C64877,0.8601490978761593
SV1_C78713,C78713,0.8309753100234754
SV1_C14492,C14492,0.7815440500551281
SV1_C87011,C87011,0.8540188118720343
SV1_C06033,C06033,0.9621218198808821
SV1_C93635,C93635,0.9483154435537854
SV1_C59400,C59400,0.9402988336036493
SV1_C58808,C58808,0.9490630662771539
SV1_C43814,C43814,0.9273890534151398
SV1_C64845,C64845,0.9014169892452147
SV1_C07910,C07910,0.889882424225401
SV1_C94316,C94316,0.7755285190463077
SV1_C75022,C75022,0.9685533146135246
SV1_C56494,C56494,0.8732074354289406
SV1_C43837,C43837,0.7956579932552518
SV1_C64894,C64894,0.7157831786448053
SV1_C75660,C75660,0.7651309294025855
SV1_C55302,C55302,0.8458614983712348
SV1_C65507,C65507,0.8938014126203694
SV1_C28274,C28274,0.8359097860542118
SV1_C39002,C39002,0.9160956012793391
SV1_C30688,C30688,0.8343004706179816
SV1_C45650,C45650,0.9647538226005232
SV1_C40816,C40816,0.930343090714702
SV1_C61209,C61209,0.9519430569638585
SV1_C05440,C05440,0.8305789696989719
SV1_C48630,C48630,0.7555706579363426
SV1_C91825,C91825,0.9101580122284585
SV1_C57110,C57110,0.9512299992473645
SV1_C28238,C28238,0.912656605079423
SV1_C29474,C29474,0.8415708516603146
SV1_C73267,C73267,0.9404573308247506
SV1_C29506,C29506,0.8431568688847093
SV1_C97233,C97233,0.8471409989873392
SV1_C35515,C35515,0.9280870529566153
SV1_C76815,C76815,0.8368471386866101
SV1_C02429,C02429,0.9670830336630734
SV1_C00094,C00094,0.832860555736008
SV1_C91277,C91277,0.9573061732646998
SV1_C31874,C31874,0.8527199940668692
SV1_C41416,C41416,0.8962913014746914
SV1_C12622,C12622,0.8661454800517723
SV1_C30714,C30714,0.868511447129362
SV1_C85880,C85880,0.9887050982330311
SV1_C87107,C87107,0.8336472418256801
SV1_C64294,C64294,0.8463465952448774
SV1_C19241,C19241,0.8151529395596753
SV1_C76229,C76229,0.940709925801526
SV1_C43234,C43234,0.7726835146323319
SV1_C82815,C82815,0.8613718856469886
SV1_C54080,C54080,0.9561154511335336
SV1_C69087,C69087,0.8416952963982752
SV1_C55216,C55216,0.8862013129009065
SV1_C05443,C05443,0.7832615725756933
SV1_C67824,C67824,0.7773928795606567
SV1_C48041,C48041,0.9163461894074508
SV1_C25226,C25226,0.8888846059747764
SV1_C69092,C69092,0.7694587299801736
SV1_C16273,C16273,0.9256472448964144
SV1_C21625,C21625,0.9625985269611553
SV1_C94222,C94222,0.964442134935806
SV1_C01890,C01890,0.7396358299113662
SV1_C47443,C47443,0.7155950834122916
SV1_C58242,C58242,0.8142985058420255
SV1_C13215,C13215,0.7660772602384066
SV1_C70801,C70801,0.8564291419550955
SV1_C99613,C99613,0.939080913297092
SV1_C86437,C86437,0.7283085788623308
SV1_C66714,C66714,0.8870112070825191
SV1_C67831,C67831,0.8953559946917966
SV1_C89462,C89462,0.9064354693902619
SV1_C71404,C71404,0.7759169354380405
SV1_C88300,C88300,0.993494774166085
SV1_C09087,C09087,0.9414696205159682
SV1_C93000,C93000,0.8738404430167027
SV1_C53479,C53479,0.7185306343829948
SV1_C08409,C08409,0.9912309174060283
SV1_C21041,C21041,0.909362689237693
SV1_C48036,C48036,0.8145694521467506
SV1_C67881,C67881,0.9085199167317615
SV1_C15602,C15602,0.9345882754608427
SV1_C88841,C88841,0.7525816970156263
SV1_C24027,C24027,0.7615172246850407
SV1_C02432,C02432,0.9888406994785881
SV1_C52211,C52211,0.8761585485397727
SV1_C03696,C03696,0.807279721394095
SV1_C98501,C98501,0.863255229125125
SV1_C51626,C51626,0.8978967091699079
SV1_C59511,C59511,0.8679888849995409
SV1_C97891,C97891,0.8524962320450135
SV1_C34213,C34213,0.8760831748245104
SV1_C90606,C90606,0.9418971504204552
SV1_C27090,C27090,0.943652109635415
SV1_C88913,C88913,0.95089719028269
SV1_C09713,C09713,0.7859539349400574
SV1_C68432,C68432,0.7450939816882943
SV1_C64228,C64228,0.8429622920908767
SV1_C74440,C74440,0.7171636985723396
SV1_C12663,C12663,0.8839788056985884
SV1_C30075,C30075,0.9696617859653476
SV1_C68435,C68435,0.9017243013714662
SV1_C96689,C96689,0.9527005004927503
SV1_C79303,C79303,0.9171743526895427
SV1_C25843,C25843,0.7295651880549178
SV1_C09661,C09661,0.7848624092367961
SV1_C52802,C52802,0.8969665151712485
SV1_C81115,C81115,0.8989598891362514
SV1_C21643,C21643,0.7349560508126408
SV1_C40800,C40800,0.8448122415703817
SV1_C100274,C100274,0.9011374393425926
SV1_C52280,C52280,0.9916510581595268
SV1_C36015,C36015,0.9061489984697423
SV1_C86480,C86480,0.7805704670009119
SV1_C68447,C68447,0.8679190903261231
SV1_C99035,C99035,0.9574687277657375
SV1_C12069,C12069,0.977252751524265
SV1_C40811,C40811,0.99230823556484
SV1_C09000,C09000,0.9945004863003296
SV1_C91309,C91309,0.9694777094015
SV1_C67219,C67219,0.7907805468257387
SV1_C54694,C54694,0.9973984848752991
SV1_C44458,C44458,0.9670421326579793
SV1_C01231,C01231,0.9822338005737433
SV1_C13828,C13828,0.8993540839317851
SV1_C89478,C89478,0.9108489525922621
SV1_C45672,C45672,0.8882491262372718
SV1_C81682,C81682,0.9187353183451471
SV1_C95407,C95407,0.8510794304245607
SV1_C25872,C25872,0.8572146559046463
SV1_C21043,C21043,0.8627502414984903
SV1_C24035,C24035,0.7539685833713533
SV1_C51612,C51612,0.8700012984469362
SV1_C13310,C13310,0.7918639482668033
SV1_C56476,C56476,0.7780243248137113
SV1_C18679,C18679,0.8659402019548594
SV1_C49215,C49215,0.8501175430376999
SV1_C63029,C63029,0.788747492807508
SV1_C02444,C02444,0.83147278704989
SV1_C44419,C44419,0.9441849652156156
SV1_C86424,C86424,0.7987986815872096
SV1_C23405,C23405,0.8905702213183804
SV1_C62431,C62431,0.8861519370481048
SV1_C51043,C51043,0.9226706245296719
SV1_C13867,C13867,0.7603042878612913
SV1_C76212,C76212,0.9196030205258151
SV1_C09635,C09635,0.9441913165845646
SV1_C39621,C39621,0.9974053355202038
SV1_C84110,C84110,0.8568754096575426
SV1_C12671,C12671,0.8507084438022599
SV1_C82219,C82219,0.9241483602017361
SV1_C48095,C48095,0.7959997508806593
SV1_C88807,C88807,0.8648562996901967
SV1_C98482,C98482,0.8375312419388187
SV1_C66699,C66699,0.9033380325686468
SV1_C01282,C01282,0.7970882034883489
SV1_C65497,C65497,0.9536731582527179
SV1_C61281,C61281,0.9180186645024766
SV1_C30683,C30683,0.986041289822236
SV1_C26511,C26511,0.8783519634175837
SV1_C27601,C27601,0.8161920364626263
SV1_C49906,C49906,0.8029052511992735
SV1_C72666,C72666,0.8003209374264108
SV1_C28311,C28311,0.8459524386833916
SV1_C24705,C24705,0.9068043074286707
SV1_C11433,C11433,0.8967904764400039
SV1_C63009,C63009,0.9074278617994939
SV1_C45615,C45615,0.9875017993740943
SV1_C07262,C07262,0.819413019203743
SV1_C78616,C78616,0.9431940509905766
SV1_C27111,C27111,0.8400524712980001
SV1_C96606,C96606,0.9578302930462345
SV1_C97919,C97919,0.8218007504565454
SV1_C81003,C81003,0.8287112843722483
SV1_C15683,C15683,0.9399190128070047
SV1_C91302,C91302,0.9511204729897327
SV1_C33691,C33691,0.9316216711649609
SV1_C10874,C10874,0.9235592711574648
SV1_C91901,C91901,0.9276716711537376
SV1_C50501,C50501,0.8115749560747939
SV1_C76291,C76291,0.9603867737421449
SV1_C49802,C49802,0.8491573355785169
SV1_C69704,C69704,0.8631420423846788
SV1_C28278,C28278,0.8392406556325261
SV1_C42004,C42004,0.8454530110265605
SV1_C97821,C97821,0.8904975044185932
SV1_C10285,C10285,0.9670855788785666
SV1_C78719,C78719,0.8685921322700657
SV1_C20432,C20432,0.8355990992039384
SV1_C69705,C69705,0.9098907310049837
SV1_C14441,C14441,0.876621639761526
SV1_C02401,C02401,0.992155588108721
SV1_C46880,C46880,0.9060824757048183
SV1_C51080,C51080,0.9981132194432717
SV1_C79205,C79205,0.9212396158199491
SV1_C84686,C84686,0.8693292371092619
SV1_C86497,C86497,0.9882446283301112
SV1_C51603,C51603,0.8721067052403133
SV1_C63043,C63043,0.8311280738352346
SV1_C07819,C07819,0.8586042746288968
SV1_C75053,C75053,0.7653490446504819
SV1_C13897,C13897,0.7632018867920544
SV1_C61204,C61204,0.9234389664549569
SV1_C58290,C58290,0.86432332808246
SV1_C58917,C58917,0.9220582329442667
SV1_C23502,C23502,0.9114671114123297
SV1_C66708,C66708,0.8860651955401522
SV1_C74500,C74500,0.9213747597664458
SV1_C48652,C48652,0.8850871236460602
SV1_C16807,C16807,0.8898500288577639
SV1_C00717,C00717,0.9223839038333039
SV1_C31278,C31278,0.8592772745155811
SV1_C93108,C93108,0.7796129839536011
SV1_C90708,C90708,0.9787189435264785
SV1_C32407,C32407,0.8674467552792983
SV1_C81694,C81694,0.8077031994947415
SV1_C48679,C48679,0.9147474414095574
SV1_C75616,C75616,0.8868391178482897
SV1_C48709,C48709,0.8930896568938265
SV1_C90686,C90686,0.9429359512090691
SV1_C60629,C60629,0.8358456259077861
SV1_C75065,C75065,0.8460653278285563
SV1_C25245,C25245,0.8628951481969713
SV1_C74423,C74423,0.924629214800709
SV1_C69672,C69672,0.7811224274480711
SV1_C81101,C81101,0.7376254160575989
SV1_C94877,C94877,0.9098145546531443
SV1_C89456,C89456,0.7886433993121722
SV1_C57615,C57615,0.9527933200693876
SV1_C06026,C06026,0.9997459098199782
SV1_C78069,C78069,0.8418187354203387
SV1_C90662,C90662,0.8775734044703177
SV1_C60104,C60104,0.9008084749177376
SV1_C75711,C75711,0.9588343307117344
SV1_C94816,C94816,0.943197850378559
SV1_C52220,C52220,0.7829016219975312
SV1_C19286,C19286,0.8944015075800577
SV1_C83513,C83513,0.8026609221893499
SV1_C75020,C75020,0.9151006913752711
SV1_C64915,C64915,0.7965590814546569
SV1_C64203,C64203,0.8329312348387795
SV1_C48687,C48687,0.8946298832457744
SV1_C60038,C60038,0.8317423272091637
SV1_C01222,C01222,0.7416459509165643
SV1_C43897,C43897,0.9968417286605219
SV1_C87086,C87086,0.8248661295529192
SV1_C63089,C63089,0.8305063559443713
SV1_C05485,C05485,0.7899633546561707
SV1_C76267,C76267,0.9583842388427379
SV1_C60644,C60644,0.8533968541516628
SV1_C60015,C60015,0.9461239956308333
SV1_C17417,C17417,0.9040159290485527
SV1_C48002,C48002,0.9042100633535326
SV1_C28304,C28304,0.9949022878452596
SV1_C91891,C91891,0.8616503465319645
SV1_C43250,C43250,0.9600716905770571
SV1_C10255,C10255,0.9026470265687516
SV1_C01895,C01895,0.7901477808412365
SV1_C80503,C80503,0.9158112306086964
SV1_C41408,C41408,0.8503624605866681
SV1_C09619,C09619,0.8494393857851422
SV1_C22310,C22310,0.9530647525185967
SV1_C81111,C81111,0.9258697561830127
SV1_C89508,C89508,0.9869707973621047
SV1_C24636,C24636,0.987470559803734
SV1_C05514,C05514,0.8065652326336198
SV1_C97915,C97915,0.951128916336173
SV1_C36617,C36617,0.9544011539652762
SV1_C11414,C11414,0.8792942600199554
SV1_C52204,C52204,0.858817924353786
SV1_C07318,C07318,0.919579194945217
SV1_C46298,C46298,0.9709827508030705
SV1_C80492,C80492,0.7014362087452092
SV1_C34917,C34917,0.8858424859996203
SV1_C45115,C45115,0.8307734251650807
SV1_C72619,C72619,0.8379171465622952
SV1_C61230,C61230,0.7687306681938013
SV1_C66113,C66113,0.8845986082903361
SV1_C57716,C57716,0.9268253217024519
SV1_C76211,C76211,0.8477402601374676
SV1_C72033,C72033,0.7749944664679628
SV1_C94897,C94897,0.8212597979679976
SV1_C00045,C00045,0.7929039235359919
SV1_C46208,C46208,0.8470691215422081
SV1_C74419,C74419,0.8293451066497806
SV1_C72683,C72683,0.8349748712939891
SV1_C75088,C75088,0.8239502403543064
SV1_C89498,C89498,0.9735608056421302
SV1_C74475,C74475,0.8312366079204265
SV1_C76898,C76898,0.8591702436016303
SV1_C96025,C96025,0.7829635512274448
SV1_C19295,C19295,0.8235661257479931
SV1_C12086,C12086,0.8340393101964165
SV1_C93698,C93698,0.9204381212246096
SV1_C09006,C09006,0.9313841597331367
SV1_C88285,C88285,0.8347161951878537
SV1_C55311,C55311,0.9232530239710981
SV1_C59435,C59435,0.8393053310484401
SV1_C88865,C88865,0.8092205919475348
SV1_C12011,C12011,0.8404618825154373
SV1_C54681,C54681,0.9186922070310982
SV1_C73227,C73227,0.881100398127197
SV1_C06700,C06700,0.8596326512174116
SV1_C51616,C51616,0.8600992448339462
SV1_C08437,C08437,0.7597707498276988
SV1_C55298,C55298,0.8468101699232816
SV1_C22240,C22240,0.8997124798989988
SV1_C43813,C43813,0.8405120813904569
SV1_C61813,C61813,0.9434729886571073
SV1_C67317,C67317,0.9869814383453241
SV1_C36604,C36604,0.8374562906433448
SV1_C35402,C35402,0.8432344511302368
SV1_C29422,C29422,0.8333874803112082
SV1_C93716,C93716,0.7726835540960029
SV1_C18010,C18010,0.9246245113966068
SV1_C33704,C33704,0.8070052272417609
SV1_C91888,C91888,0.8603127316513239
SV1_C99012,C99012,0.9728957904784858
SV1_C73866,C73866,0.8143978242187591
SV1_C68430,C68430,0.8352141435502579
SV1_C35504,C35504,0.8690142897131136
SV1_C33601,C33601,0.8451130786636865
SV1_C84020,C84020,0.7937498179808218
SV1_C34304,C34304,0.8139624024119286
SV1_C08443,C08443,0.9116964668600943
SV1_C87717,C87717,0.7850314591215755
SV1_C16877,C16877,0.9192083154247447
SV1_C38418,C38418,0.9393677716244214
SV1_C13242,C13242,0.833840723683347
SV1_C34876,C34876,0.912826884127649
SV1_C71434,C71434,0.8402569684947357
SV1_C53405,C53405,0.8738107788476087
SV1_C15638,C15638,0.9987021322066513
SV1_C69615,C69615,0.9456156631927208
SV1_C15623,C15623,0.9029285096703135
SV1_C73310,C73310,0.8795905589142644
SV1_C09073,C09073,0.9985113108841517
SV1_C39014,C39014,0.9084158476692177
SV1_C04812,C04812,0.9104951075727695
SV1_C61220,C61220,0.8236774380662314
SV1_C63074,C63074,0.9178544516240768
SV1_C57035,C57035,0.797014187775357
SV1_C72680,C72680,0.9429986477621368
SV1_C22890,C22890,0.8487350694126883
SV1_C44447,C44447,0.862326626746874
SV1_C28282,C28282,0.844902867517703
SV1_C58297,C58297,0.9217779291722583
SV1_C28813,C28813,0.9200615206147241
SV1_C53418,C53418,0.8986126760341652
SV1_C60682,C60682,0.9743644903734783
SV1_C12036,C12036,0.8939631012889163
SV1_C19810,C19810,0.8675290244109726
SV1_C95446,C95446,0.8825255343135098
SV1_C43221,C43221,0.8729076688696188
SV1_C12060,C12060,0.7321833549809555
SV1_C78011,C78011,0.7718396198221746
SV1_C98512,C98512,0.89005642841239
SV1_C49873,C49873,0.8572542584546224
SV1_C91228,C91228,0.8774820805966923
SV1_C30709,C30709,0.8202866997182082
SV1_C65479,C65479,0.8109642770428024
SV1_C66685,C66685,0.9070883679560384
SV1_C66022,C66022,0.7721118117040014
SV1_C52219,C52219,0.8774455795320993
SV1_C45032,C45032,0.8026642192415191
SV1_C13847,C13847,0.9762496700510157
SV1_C80511,C80511,0.9275906586342338
SV1_C81672,C81672,0.9765510618244073
SV1_C69082,C69082,0.9709504278854139
SV1_C46858,C46858,0.95858416145708
SV1_C25910,C25910,0.9701311937355674
SV1_C21620,C21620,0.892318165816851
SV1_C91917,C91917,0.7284948826586948
SV1_C86508,C86508,0.976689669495331
SV1_C55842,C55842,0.8506029883637068
SV1_C13812,C13812,0.9942353668641707
SV1_C21628,C21628,0.9786854455578478
SV1_C82823,C82823,0.9530014897676203
SV1_C48114,C48114,0.8897757511060594
SV1_C73212,C73212,0.9605395409353223
SV1_C98519,C98519,0.8127833708936916
SV1_C13915,C13915,0.8143567207200213
SV1_C71491,C71491,0.8296019852138281
SV1_C74412,C74412,0.9546069762853244
SV1_C29510,C29510,0.8180716595530577
SV1_C98509,C98509,0.9037189641022837
SV1_C99609,C99609,0.9451820347205546
SV1_C61844,C61844,0.8313251210317696
SV1_C16236,C16236,0.8363630228886483
SV1_C06610,C06610,0.9123891846692648
SV1_C88854,C88854,0.9248947678077675
SV1_C47503,C47503,0.8525714757101224
SV1_C94839,C94839,0.9467005586463987
SV1_C94842,C94842,0.7702166006933856
SV1_C94218,C94218,0.9278672136477968
SV1_C22220,C22220,0.8999036028894861
SV1_C87600,C87600,0.8674444409257434
SV1_C87670,C87670,0.8202942228791006
SV1_C38420,C38420,0.9967286322886204
SV1_C56428,C56428,0.9285891576786707
SV1_C45663,C45663,0.7911522377678301
SV1_C46808,C46808,0.8338522582957716
SV1_C59513,C59513,0.8407196962134865
SV1_C30680,C30680,0.9775092855727499
SV1_C24672,C24672,0.8211920480640084
SV1_C03119,C03119,0.7990267924171573
SV1_C63119,C63119,0.9277778194491303
SV1_C36017,C36017,0.9525176170992223
SV1_C11401,C11401,0.9453451777851432
SV1_C33100,C33100,0.8179492975117029
SV1_C24699,C24699,0.8360805730500699
SV1_C57095,C57095,0.849840288259402
SV1_C17436,C17436,0.8371277433007628
SV1_C61911,C61911,0.8942755624079961
SV1_C33107,C33107,0.8185433845416461
SV1_C91312,C91312,0.9220015319803286
SV1_C50483,C50483,0.8918631672448755
SV1_C11426,C11426,0.8792432657975687
SV1_C35404,C35404,0.8283974701032885
SV1_C85907,C85907,0.7802654098291425
SV1_C57107,C57107,0.7878017257155836
SV1_C08489,C08489,0.8741290639859833
SV1_C52299,C52299,0.9298474391288739
SV1_C26413,C26413,0.9606181331146071
SV1_C15031,C15031,0.8402327953025976
SV1_C01246,C01246,0.8474632100849743
SV1_C30016,C30016,0.8794577349315299
SV1_C85905,C85905,0.8379046189530885
SV1_C09026,C09026,0.8199372991124879
SV1_C75640,C75640,0.764114172791477
SV1_C68404,C68404,0.9909514047465889
SV1_C31319,C31319,0.8681627062429698
SV1_C97820,C97820,0.8530570387109581
SV1_C61899,C61899,0.9175207021350226
SV1_C91282,C91282,0.9837497970267174
SV1_C88808,C88808,0.8937952486241425
SV1_C48083,C48083,0.9176608311265668
SV1_C15685,C15685,0.8697215685245602
SV1_C77477,C77477,0.8831412656580485
SV1_C79802,C79802,0.8865123811022937
SV1_C04308,C04308,0.7813253051005242
SV1_C84074,C84074,0.7817383692763679
SV1_C63629,C63629,0.8078740930082925
SV1_C10809,C10809,0.9655060417322743
SV1_C66672,C66672,0.8185622640377458
SV1_C90664,C90664,0.8972651393197819
SV1_C61805,C61805,0.9335355019232056
SV1_C75664,C75664,0.8580636518589403
SV1_C55833,C55833,0.9791597770925128
SV1_C23418,C23418,0.9034936877114647
SV1_C69115,C69115,0.7924845015878365
SV1_C75099,C75099,0.9718111454373471
SV1_C25207,C25207,0.9817449780511238
SV1_C76234,C76234,0.8866605213976759
SV1_C46311,C46311,0.8451135326231506
SV1_C55841,C55841,0.8827175533415272
SV1_C00706,C00706,0.843614890179024
SV1_C88884,C88884,0.8203630677332963
SV1_C15684,C15684,0.8524328985331083
SV1_C20440,C20440,0.9008552216762545
SV1_C48617,C48617,0.7814691168743614
SV1_C75612,C75612,0.9370733943745894
SV1_C09606,C09606,0.9275551826535893
SV1_C85212,C85212,0.8836395355488547
SV1_C71402,C71402,0.9010269030809819
SV1_C12049,C12049,0.7271016862803477
SV1_C43317,C43317,0.782505678029472
SV1_C04277,C04277,0.8001307209764248
SV1_C15681,C15681,0.9211133967129164
SV1_C31810,C31810,0.9211783214131695
SV1_C39623,C39623,0.9018824628549691
SV1_C03024,C03024,0.9739301601613851
SV1_C09080,C09080,0.9847954321517356
SV1_C72621,C72621,0.9543315067393865
SV1_C06629,C06629,0.9570898883726059
SV1_C68517,C68517,0.9933843791608121
SV1_C90092,C90092,0.9351748042516506
SV1_C55305,C55305,0.88362277660352
SV1_C18084,C18084,0.8013042475614119
SV1_C99635,C99635,0.8978244463608297
SV1_C81678,C81678,0.9222467235956697
SV1_C58892,C58892,0.9030086954325511
SV1_C73276,C73276,0.9452017177796678
SV1_C76272,C76272,0.8961975245497279
SV1_C74516,C74516,0.8157588859962095
SV1_C43299,C43299,0.8616251462474785
SV1_C78640,C78640,0.83430460428842
SV1_C07821,C07821,0.9773618687068887
SV1_C30001,C30001,0.9070783315853096
SV1_C74477,C74477,0.9505193842407837
SV1_C19846,C19846,0.8721797353538366
SV1_C26408,C26408,0.9318222331095695
SV1_C24097,C24097,0.8820867387947297
SV1_C76889,C76889,0.809773565131584
SV1_C29406,C29406,0.9293043164289599
SV1_C55227,C55227,0.9631788889398493
SV1_C94836,C94836,0.7181412220692918
SV1_C57102,C57102,0.9388542422031677
SV1_C60046,C60046,0.9158455836595096
SV1_C63602,C63602,0.9099636925762776
SV1_C91316,C91316,0.7592427470126827
SV1_C60092,C60092,0.8923660827962312
SV1_C22847,C22847,0.8282133327083316
SV1_C03634,C03634,0.8780408400953005
SV1_C02495,C02495,0.7841008049641498
SV1_C84687,C84687,0.7753076672827091
SV1_C22819,C22819,0.9781855213312646
SV1_C20443,C20443,0.8959906215798255
SV1_C57704,C57704,0.867519416179406
SV1_C81094,C81094,0.7974935408562525
SV1_C99690,C99690,0.8633433679284843
SV1_C87654,C87654,0.9300802584071969
SV1_C25274,C25274,0.9419201130632562
SV1_C58305,C58305,0.9158440435918452
SV1_C93634,C93634,0.8573154370513169
SV1_C80410,C80410,0.8908084841222241
SV1_C07814,C07814,0.9235472409368602
SV1_C17430,C17430,0.9348316599702571
SV1_C91232,C91232,0.8721024576610175
SV1_C22226,C22226,0.8778180965631257
SV1_C79296,C79296,0.7534292065061716
SV1_C91308,C91308,0.962177328078323
SV1_C06672,C06672,0.8296022426274832
SV1_C76847,C76847,0.8925371452082358
SV1_C62421,C62421,0.8827545500737508
SV1_C49832,C49832,0.7920307239900739
SV1_C78708,C78708,0.7983967677085636
SV1_C15687,C15687,0.9504296171925187
SV1_C79896,C79896,0.7437331886688778
SV1_C94245,C94245,0.8342136932226687
SV1_C12687,C12687,0.9137442745368981
SV1_C79819,C79819,0.9283234534142007
SV1_C77437,C77437,0.9734859763424767
SV1_C55845,C55845,0.8132290939948306
SV1_C20491,C20491,0.9216869871487348
SV1_C09112,C09112,0.80084115468777
SV1_C24018,C24018,0.9108408586693334
SV1_C46844,C46844,0.9873760023626169
SV1_C64209,C64209,0.9338060029602321
SV1_C28805,C28805,0.9129232659611797
SV1_C18641,C18641,0.7962415383180473
SV1_C07217,C07217,0.9236163230199442
SV1_C49913,C49913,0.839170597020092
SV1_C15077,C15077,0.9258721696359987
SV1_C04238,C04238,0.880585428932959
SV1_C57105,C57105,0.9882305637171084
SV1_C75007,C75007,0.8623688045921638
SV1_C82309,C82309,0.7204709307128415
SV1_C83514,C83514,0.8256529879169371
SV1_C10913,C10913,0.7768042356425131
SV1_C57686,C57686,0.8536497540969975
SV1_C49274,C49274,0.9416301144898054
SV1_C46864,C46864,0.9188233136546725
SV1_C39017,C39017,0.9559616137863398
SV1_C33673,C33673,0.9545352964463799
SV1_C25231,C25231,0.8084745490106157
SV1_C96087,C96087,0.9076024824605393
SV1_C60688,C60688,0.9805926299235361
SV1_C99686,C99686,0.8324703296845157
SV1_C19287,C19287,0.8296172277967443
SV1_C100287,C100287,0.7454842725575543
SV1_C96631,C96631,0.9894369953214545
SV1_C91857,C91857,0.9335329129314038
SV1_C05405,C05405,0.8481666943142692
SV1_C44416,C44416,0.8033961234369275
SV1_C97226,C97226,0.908381451571209
SV1_C23412,C23412,0.954931213022456
SV1_C65486,C65486,0.9482455776130414
SV1_C90714,C90714,0.923656243365447
SV1_C87718,C87718,0.8679689061648385
SV1_C72087,C72087,0.8658242214722148
SV1_C78710,C78710,0.8131254340167127
SV1_C66678,C66678,0.9472863118115256
SV1_C61892,C61892,0.8430133550726772
SV1_C65445,C65445,0.9061773463656334
SV1_C02428,C02428,0.9805731648345999
SV1_C75630,C75630,0.853697684356879
SV1_C57639,C57639,0.814064489279974
SV1_C61895,C61895,0.7679593641047339
SV1_C51605,C51605,0.8832299026334945
SV1_C12050,C12050,0.7364896842968943
SV1_C47483,C47483,0.9084556797321414
SV1_C46827,C46827,0.806341646988729
SV1_C11513,C11513,0.7648084443501224
SV1_C24643,C24643,0.7036749790901412
SV1_C48056,C48056,0.937857037321552
SV1_C78090,C78090,0.8408221991603545
SV1_C29504,C29504,0.7811327741437949
SV1_C27042,C27042,0.8757412717876122
SV1_C100212,C100212,0.9026662980565621
SV1_C25296,C25296,0.8510204109346321
SV1_C24679,C24679,0.8229537340336289
SV1_C23408,C23408,0.9190382451878941
SV1_C75675,C75675,0.8437326909270587
SV1_C19278,C19278,0.7838929158563464
SV1_C45077,C45077,0.9122168540006012
SV1_C27603,C27603,0.8316728213371112
SV1_C99091,C99091,0.7391082584145697
SV1_C26496,C26496,0.886346712587512
SV1_C04243,C04243,0.9262851110752711
SV1_C66629,C66629,0.8225348313442598
SV1_C71445,C71445,0.8195195500106648
SV1_C03706,C03706,0.8998183534851965
SV1_C96710,C96710,0.9218635371787446
SV1_C89519,C89519,0.9306902896974453
SV1_C93603,C93603,0.8457041223916549
SV1_C95516,C95516,0.7795361959888301
SV1_C93096,C93096,0.7902396879399066
SV1_C58907,C58907,0.8809827518180322
SV1_C97826,C97826,0.9097850386235307
SV1_C72031,C72031,0.8498922001478959
SV1_C10909,C10909,0.827170972506461
SV1_C49847,C49847,0.8643961256846049
SV1_C07853,C07853,0.7957415545392599
SV1_C22312,C22312,0.9154777372770785
SV1_C06635,C06635,0.914792321700122
SV1_C47409,C47409,0.8279903410399387
SV1_C49250,C49250,0.97276275883541
SV1_C69625,C69625,0.856872850109393
SV1_C72021,C72021,0.9551922141175762
SV1_C73860,C73860,0.7517478581750118
SV1_C47420,C47420,0.8088711553156047
SV1_C64800,C64800,0.9606487047460973
SV1_C58230,C58230,0.8496750812460142
SV1_C23427,C23427,0.7435324204155189
SV1_C66099,C66099,0.9014775467287713
SV1_C06683,C06683,0.7222536017774596
SV1_C63674,C63674,0.840125592671689
SV1_C78653,C78653,0.833905955483699
SV1_C83406,C83406,0.909278175813454
SV1_C71517,C71517,0.8375701510143483
SV1_C82915,C82915,0.8795541868820898
SV1_C88869,C88869,0.8018877644134834
SV1_C19880,C19880,0.8987750710422017
SV1_C10847,C10847,0.9725935094785046
SV1_C58831,C58831,0.8392593980547042
SV1_C97280,C97280,0.9147402824306669
SV1_C58283,C58283,0.8406249274120727
SV1_C86463,C86463,0.9873177574379204
SV1_C44467,C44467,0.8138166948751203
SV1_C18678,C18678,0.7914322617615848
SV1_C98489,C98489,0.9916450446471673
SV1_C90094,C90094,0.988002851257895
SV1_C31279,C31279,0.9796525622557832
SV1_C07233,C07233,0.7763068290994087
SV1_C45618,C45618,0.8786481054869213
SV1_C59500,C59500,0.8988530292704356
SV1_C03641,C03641,0.9519722995347993
SV1_C12046,C12046,0.8206087801450616
SV1_C96718,C96718,0.7679144997336064
SV1_C13837,C13837,0.8644465818531318
SV1_C24693,C24693,0.9817622576668863
SV1_C36001,C36001,0.827564537022744
SV1_C50439,C50439,0.9734078349772416
SV1_C42006,C42006,0.9492103533566667
SV1_C47469,C47469,0.8384440541106031
SV1_C73206,C73206,0.9138645327249225
SV1_C24083,C24083,0.8169275299218409
SV1_C03095,C03095,0.7771506387700158
SV1_C30715,C30715,0.7880413547548301
SV1_C79219,C79219,0.9277190094164741
SV1_C76807,C76807,0.8293708042417776
SV1_C83486,C83486,0.8166664197077135
SV1_C67845,C67845,0.9133486660727296
SV1_C48601,C48601,0.8256708118270291
SV1_C79904,C79904,0.7357186488578905
SV1_C85890,C85890,0.8668769977702765
SV1_C80501,C80501,0.7370303583485116
SV1_C74434,C74434,0.7825641998016727
SV1_C76203,C76203,0.8487700359111203
SV1_C70234,C70234,0.8629935486841367
SV1_C01892,C01892,0.8899246736661399
SV1_C33718,C33718,0.909736472428738
SV1_C57011,C57011,0.9060500496499818
SV1_C60620,C60620,0.832591578428619
SV1_C91261,C91261,0.9230798149389555
SV1_C89458,C89458,0.9196797545642335
SV1_C86427,C86427,0.8505304365228158
SV1_C72020,C72020,0.9294821722524513
SV1_C17474,C17474,0.8186233988588304
SV1_C64317,C64317,0.9180161226573164
SV1_C71425,C71425,0.8802719987576276
SV1_C57009,C57009,0.9995757956029709
SV1_C45623,C45623,0.8443930032301533
SV1_C03699,C03699,0.820044296916338
SV1_C75037,C75037,0.8296850275738799
SV1_C63622,C63622,0.9522585536206023
SV1_C03710,C03710,0.8796760469593111
SV1_C49822,C49822,0.7012425984510638
SV1_C73234,C73234,0.7401641465636317
SV1_C43874,C43874,0.9160557873577263
SV1_C01244,C01244,0.8014045299976177
SV1_C29486,C29486,0.8655744445117788
SV1_C52810,C52810,0.9036776542874561
SV1_C44512,C44512,0.9441302380896663
SV1_C39612,C39612,0.8919671862084183
SV1_C96647,C96647,0.8379910086131692
SV1_C49855,C49855,0.9283794701598314
SV1_C65513,C65513,0.877110217419682
SV1_C69633,C69633,0.8617816921105846
SV1_C99034,C99034,0.9516608273983395
SV1_C77419,C77419,0.843850098617398
SV1_C88278,C88278,0.8800502533782485
SV1_C73254,C73254,0.8661985900039306
SV1_C76287,C76287,0.9238058372537885
SV1_C03647,C03647,0.8438755309769377
SV1_C59505,C59505,0.9346406182533198
SV1_C67915,C67915,0.8055805061659019
SV1_C96680,C96680,0.8990001672183151
SV1_C76873,C76873,0.8766705863060545
SV1_C10891,C10891,0.9965982808407802
SV1_C24074,C24074,0.9019994142793271
SV1_C01297,C01297,0.8190883604832135
SV1_C43891,C43891,0.7880087435579133
SV1_C55882,C55882,0.8602153429810051
SV1_C27011,C27011,0.9045770476367296
SV1_C54020,C54020,0.7686054778894016
SV1_C99108,C99108,0.9151483979580373
SV1_C48650,C48650,0.934191987154167
SV1_C01299,C01299,0.7976325986981544
SV1_C03111,C03111,0.8140980281318557
SV1_C93101,C93101,0.7890521161552564
SV1_C68442,C68442,0.8305767640386229
SV1_C94200,C94200,0.9797804671902807
SV1_C45699,C45699,0.8656030480077962
SV1_C27617,C27617,0.9030585118977231
SV1_C96089,C96089,0.941281672413158
SV1_C77475,C77475,0.8088600420973371
SV1_C68512,C68512,0.9102399683464322
SV1_C55202,C55202,0.914938603282062
SV1_C90013,C90013,0.9536831545319137
SV1_C90116,C90116,0.778493173800749
SV1_C57672,C57672,0.8341902199115312
SV1_C89441,C89441,0.7580664201017897
SV1_C91285,C91285,0.9383907601244378
SV1_C24088,C24088,0.8946198319158433
SV1_C27709,C27709,0.9842130501226921
SV1_C24042,C24042,0.8104962820266763
SV1_C16846,C16846,0.9991459029729693
SV1_C89415,C89415,0.9030987749838463
SV1_C94307,C94307,0.9936758637831423
SV1_C90632,C90632,0.8403042770433664
SV1_C02488,C02488,0.8070250056249233
SV1_C98493,C98493,0.9086600392936699
SV1_C76228,C76228,0.9336678244275024
SV1_C15006,C15006,0.9386910459522348
SV1_C64801,C64801,0.9649463897738457
SV1_C31301,C31301,0.84089081014624
SV1_C22880,C22880,0.7875866351430351
SV1_C67209,C67209,0.9900578268073391
SV1_C78689,C78689,0.8615310557243895
SV1_C11423,C11423,0.9101956660486318
SV1_C76874,C76874,0.9061149862337948
SV1_C71507,C71507,0.7362456518619781
SV1_C78690,C78690,0.8309152647161442
SV1_C46284,C46284,0.8663226698475529
SV1_C87081,C87081,0.8226057802699912
SV1_C72077,C72077,0.9521673963825167
SV1_C52231,C52231,0.9967676982189143
SV1_C47490,C47490,0.8923460306961974
SV1_C75704,C75704,0.917017677070472
SV1_C04309,C04309,0.833526666207684
SV1_C39601,C39601,0.8655342228242267
SV1_C50429,C50429,0.8839937045608688
SV1_C13875,C13875,0.7087837090094434
SV1_C70816,C70816,0.924565802400505
SV1_C22872,C22872,0.7782578260221914
SV1_C07252,C07252,0.7893506582333847
SV1_C80477,C80477,0.9994925929957968
SV1_C23511,C23511,0.8861047335046837
SV1_C78660,C78660,0.8757988315088856
SV1_C14406,C14406,0.9390058875087998
SV1_C99119,C99119,0.8584983739148668
SV1_C57093,C57093,0.7725459174861145
SV1_C67877,C67877,0.8976744716211371
SV1_C73298,C73298,0.8877444438327466
SV1_C21698,C21698,0.8877742753526187
SV1_C78712,C78712,0.8151562592486924
SV1_C10820,C10820,0.9250004905428229
SV1_C17415,C17415,0.8995269369659668
SV1_C83420,C83420,0.809137289504961
SV1_C22281,C22281,0.8187290353664554
SV1_C90037,C90037,0.78230346388862
SV1_C27095,C27095,0.8093071747793718
SV1_C34315,C34315,0.9357479284487493
SV1_C63001,C63001,0.9089039053363785
SV1_C13205,C13205,0.9856595272978999
SV1_C51646,C51646,0.8104838845744877
SV1_C48626,C48626,0.7525757284947461
SV1_C08413,C08413,0.979049668056847
SV1_C51116,C51116,0.7048429813672412
SV1_C43318,C43318,0.8104373563270193
SV1_C24719,C24719,0.8738612183034602
SV1_C75045,C75045,0.7873700980689459
SV1_C34316,C34316,0.8972715095370789
SV1_C51018,C51018,0.907411093974445
SV1_C64806,C64806,0.9246550562238239
SV1_C85221,C85221,0.8776947044641525
SV1_C12661,C12661,0.7587846500252431
SV1_C18027,C18027,0.8985490944450083
SV1_C48101,C48101,0.9564277992257417
SV1_C50417,C50417,0.8852040829506241
SV1_C63638,C63638,0.7952330132992342
SV1_C18620,C18620,0.826320466869998
SV1_C10910,C10910,0.89611441632544
SV1_C78705,C78705,0.7874023787510435
SV1_C76817,C76817,0.9109119911596661
SV1_C97273,C97273,0.8786350410686543
SV1_C30012,C30012,0.8941279297001072
SV1_C00030,C00030,0.8832936574102506
SV1_C42602,C42602,0.9278564122888546
SV1_C47499,C47499,0.8534807976849679
SV1_C96676,C96676,0.8924971266826719
SV1_C68498,C68498,0.9960512522653229
SV1_C49258,C49258,0.981912610278254
SV1_C90113,C90113,0.9502481070469818
SV1_C19828,C19828,0.8645107157849551
SV1_C22309,C22309,0.9272817785102131
SV1_C08426,C08426,0.8051824207306217
SV1_C56442,C56442,0.8250165014037292
SV1_C18617,C18617,0.8814420251559058
SV1_C60606,C60606,0.9787705163863784
SV1_C62447,C62447,0.8700197563056049
SV1_C27622,C27622,0.8271938670774456
SV1_C55880,C55880,0.7577905880859469
SV1_C85307,C85307,0.7798848898178472
SV1_C01233,C01233,0.9733180869610547
SV1_C64234,C64234,0.7831581533281311
SV1_C44463,C44463,0.7886900678974288
SV1_C77487,C77487,0.8788277685006497
SV1_C97906,C97906,0.8862964177302843
SV1_C12717,C12717,0.75275028434343
SV1_C24082,C24082,0.9167930968344847
SV1_C30087,C30087,0.9925223567297404
SV1_C59406,C59406,0.9858550706940978
SV1_C02440,C02440,0.9678701040542953
SV1_C45023,C45023,0.8479998416771914
SV1_C52879,C52879,0.9386448212400688
SV1_C91205,C91205,0.9274677680897532
SV1_C73315,C73315,0.9285437772891582
SV1_C43215,C43215,0.9834345995227592
SV1_C07253,C07253,0.7931076768593622
SV1_C92425,C92425,0.9144502156338352
SV1_C51041,C51041,0.7898750547055643
SV1_C10904,C10904,0.8287361089895215
SV1_C16819,C16819,0.8953199409133262
SV1_C78676,C78676,0.7882514656593542
SV1_C55243,C55243,0.9099710887052131
SV1_C50431,C50431,0.9845728732032306
SV1_C09694,C09694,0.8072265967873509
SV1_C62519,C62519,0.8951654448153072
SV1_C55293,C55293,0.9517957389941876
SV1_C29476,C29476,0.9567747157230035
SV1_C09097,C09097,0.8445192197388764
SV1_C93086,C93086,0.9402888329744353
SV1_C08411,C08411,0.878289827936544
SV1_C63681,C63681,0.8100553144424096
SV1_C74407,C74407,0.8635768709931652
SV1_C78034,C78034,0.9379423642168836
SV1_C09616,C09616,0.9213382718240567
SV1_C07305,C07305,0.8420096458957189
SV1_C93014,C93014,0.8951073381726703
SV1_C06099,C06099,0.7579377186763625
SV1_C58901,C58901,0.9300635486584224
SV1_C88223,C88223,0.869051201987897
SV1_C66692,C66692,0.7402292636107289
SV1_C99679,C99679,0.7306971657933546
SV1_C00075,C00075,0.7806757668653258
SV1_C21087,C21087,0.9077626860985645
SV1_C06094,C06094,0.9391928214645042
SV1_C75631,C75631,0.9373150065455876
SV1_C93627,C93627,0.953035998743276
SV1_C51631,C51631,0.9937986942626719
SV1_C66679,C66679,0.822514638465356
SV1_C47519,C47519,0.934460279606161
SV1_C97214,C97214,0.955484842475658
SV1_C01219,C01219,0.7764818800944113
SV1_C22303,C22303,0.8323203159900545
SV1_C07804,C07804,0.9994474337603406
SV1_C52805,C52805,0.8776066428623549
SV1_C90683,C90683,0.8816943460294855
SV1_C100298,C100298,0.9250172304683258
SV1_C19877,C19877,0.9193525074389562
SV1_C12606,C12606,0.9028772412342619
SV1_C70219,C70219,0.9647993891732431
SV1_C100203,C100203,0.7845129325717125
SV1_C58247,C58247,0.8383822246431334
SV1_C15000,C15000,0.8880642064158414
SV1_C63112,C63112,0.8280913906867852
SV1_C72009,C72009,0.9674871832960993
SV1_C78695,C78695,0.8139891148880178
SV1_C86494,C86494,0.998267556393586
SV1_C06703,C06703,0.7425604213381712
SV1_C38403,C38403,0.9480603428824805
SV1_C55881,C55881,0.7431272024110129
SV1_C97304,C97304,0.8141123232020075
SV1_C76850,C76850,0.7698641621729547
SV1_C93622,C93622,0.9639191880656633
SV1_C10226,C10226,0.845920294633207
SV1_C43304,C43304,0.9913363267107603
SV1_C88872,C88872,0.8466435322738196
SV1_C33013,C33013,0.88170090770013
SV1_C94288,C94288,0.9150236201100458
SV1_C85872,C85872,0.9920483997008545
SV1_C87617,C87617,0.9371436857737762
SV1_C58899,C58899,0.8861623006935689
SV1_C06699,C06699,0.7367246375111657
SV1_C51097,C51097,0.8123099776857423
SV1_C48623,C48623,0.7449759186944899
SV1_C61828,C61828,0.8356603473036488
SV1_C75663,C75663,0.924921675824745
SV1_C87037,C87037,0.7253988599603804
SV1_C46214,C46214,0.9269663614064362
SV1_C52277,C52277,0.9836841937275134
SV1_C53431,C53431,0.9990401613034848
SV1_C16242,C16242,0.9371718236509541
SV1_C18033,C18033,0.8412036494257483
SV1_C67906,C67906,0.9987908885412143
SV1_C29482,C29482,0.856495160886612
SV1_C32493,C32493,0.803571346002677
SV1_C27675,C27675,0.8417598583064104
SV1_C02481,C02481,0.7758001611884735
SV1_C91318,C91318,0.7990249390369228
SV1_C33613,C33613,0.8559298219769941
SV1_C77497,C77497,0.831716142370962
SV1_C45014,C45014,0.9289946934273531
SV1_C13811,C13811,0.8019127002215509
SV1_C49296,C49296,0.8231748816671911
SV1_C10823,C10823,0.923749069754345
SV1_C100244,C100244,0.9051910174841115
SV1_C97814,C97814,0.9577679651509724
SV1_C82303,C82303,0.9051593252871658
SV1_C36615,C36615,0.9157767076695407
SV1_C12032,C12032,0.9258225804668602
SV1_C05486,C05486,0.772180555701175
SV1_C07806,C07806,0.9354539308412579
SV1_C25803,C25803,0.9693319674779617
SV1_C57044,C57044,0.7267975257232508
SV1_C88272,C88272,0.8327478881649966
SV1_C95499,C95499,0.9830664978132275
SV1_C91824,C91824,0.9098684328951379
SV1_C72070,C72070,0.8683529424151675
SV1_C60085,C60085,0.9258339187058394
SV1_C54636,C54636,0.9599480850862896
SV1_C29498,C29498,0.8498068496625615
SV1_C90696,C90696,0.9845842960022166
SV1_C46318,C46318,0.8378630598287475
SV1_C35474,C35474,0.8443692731830262
SV1_C88864,C88864,0.8111077347395641
SV1_C45071,C45071,0.7784488897629137
SV1_C06719,C06719,0.9311635254736212
SV1_C48104,C48104,0.95098455087594
SV1_C13302,C13302,0.7512600207761697
SV1_C81012,C81012,0.9315379818305437
SV1_C54103,C54103,0.9206505811181795
SV1_C84096,C84096,0.7611749177429434
SV1_C75025,C75025,0.8691246500269909
SV1_C93080,C93080,0.9025708861719064
SV1_C97887,C97887,0.8697957024626086
SV1_C69112,C69112,0.9063204923200637
SV1_C25911,C25911,0.8900753915717661
SV1_C88874,C88874,0.8966132295466825
SV1_C78113,C78113,0.8220728360133506
SV1_C78642,C78642,0.8510153763287823
SV1_C01911,C01911,0.8204406326667595
SV1_C93004,C93004,0.8742473798887239
SV1_C92445,C92445,0.7783523445197125
SV1_C54602,C54602,0.8820624624615067
SV1_C28287,C28287,0.8175541990159131
SV1_C90684,C90684,0.880002254754543
SV1_C62410,C62410,0.932865935319829
SV1_C09085,C09085,0.9744483784443365
SV1_C54112,C54112,0.7803422549453395
SV1_C24694,C24694,0.9189549526389066
SV1_C51619,C51619,0.8792238612766187
SV1_C68402,C68402,0.9626619416113751
SV1_C66100,C66100,0.9146259170597508
SV1_C85305,C85305,0.848024833070149
SV1_C10915,C10915,0.9251446763369965
SV1_C73890,C73890,0.8753912552712674
SV1_C98418,C98418,0.9262367390961848
SV1_C03034,C03034,0.8851799025433189
SV1_C88307,C88307,0.8361292960039586
SV1_C81612,C81612,0.9354329448282128
SV1_C30086,C30086,0.8727440791613388
SV1_C10855,C10855,0.9027294867999254
SV1_C75091,C75091,0.9454056861088593
SV1_C11461,C11461,0.7553246366204903
SV1_C03084,C03084,0.707096798987545
SV1_C72099,C72099,0.9581776429717731
SV1_C75620,C75620,0.9036502988717378
SV1_C10914,C10914,0.8258874002459137
SV1_C08458,C08458,0.789614761297541
SV1_C15090,C15090,0.8793071284133512
SV1_C48103,C48103,0.8356473510137777
SV1_C26483,C26483,0.8807632745905594
SV1_C69008,C69008,0.9848728105060588
SV1_C04242,C04242,0.8523753074731842
SV1_C22213,C22213,0.9263471045614473
SV1_C17427,C17427,0.85652718040425
SV1_C83484,C83484,0.8853911880244248
SV1_C03080,C03080,0.7360649576159461
SV1_C07906,C07906,0.9080191919404396
SV1_C08513,C08513,0.7865010439423132
SV1_C45094,C45094,0.7935030414353511
SV1_C79297,C79297,0.7363989147181274
SV1_C96078,C96078,0.8547501395525108
SV1_C07223,C07223,0.946178656855105
SV1_C76821,C76821,0.888171675908716
SV1_C67828,C67828,0.7731573541677919
SV1_C88221,C88221,0.8908645337543919
SV1_C45088,C45088,0.7712214614135284
SV1_C35406,C35406,0.8511494115130975
SV1_C19893,C19893,0.7705987057440451
SV1_C30689,C30689,0.8136661399372952
SV1_C79308,C79308,0.7149302267406388
SV1_C36605,C36605,0.8366929107308724
SV1_C50411,C50411,0.8805773132353066
SV1_C35492,C35492,0.9349870487979057
SV1_C76217,C76217,0.9097542147940941
SV1_C64215,C64215,0.825068042266816
SV1_C87068,C87068,0.8054756034588726
SV1_C20407,C20407,0.7984906797193988
SV1_C34219,C34219,0.8908605756720231
SV1_C75696,C75696,0.9162380156282888
SV1_C13860,C13860,0.7909512284143603
SV1_C51628,C51628,0.914429001835335
SV1_C68413,C68413,0.9765385486254325
SV1_C94914,C94914,0.908030574686716
SV1_C78048,C78048,0.8407660303418679
SV1_C97813,C97813,0.9889539276339185
SV1_C75085,C75085,0.9243440030906261
SV1_C75092,C75092,0.8682871089506102
SV1_C55318,C55318,0.7974932441883779
SV1_C21082,C21082,0.9194750502768732
SV1_C51110,C51110,0.9106103115472169
SV1_C74401,C74401,0.9596130516862096
SV1_C79901,C79901,0.7362302050575222
SV1_C63643,C63643,0.8179068958165799
SV1_C66611,C66611,0.7927367641643933
SV1_C89459,C89459,0.9920034385310836
SV1_C88312,C88312,0.9440437724422615
SV1_C99611,C99611,0.8144190262624197
SV1_C72655,C72655,0.9268933439974266
SV1_C76864,C76864,0.8610952286425063
SV1_C93093,C93093,0.8468902955529947
SV1_C86450,C86450,0.9312538698256193
SV1_C10290,C10290,0.867113035877426
SV1_C46287,C46287,0.8612999981612789
SV1_C85206,C85206,0.8805092900112191
SV1_C83493,C83493,0.7719812196288791
SV1_C21718,C21718,0.901598959909098
SV1_C13230,C13230,0.8899876353549122
SV1_C21008,C21008,0.9127833109405522
SV1_C23499,C23499,0.8323612088689891
SV1_C99102,C99102,0.9219196468170169
SV1_C69640,C69640,0.8352680027905285
SV1_C52886,C52886,0.8735867061810552
SV1_C74405,C74405,0.9602886356014179
SV1_C69096,C69096,0.8972449842436673
SV1_C57114,C57114,0.9368030346593564
SV1_C25902,C25902,0.9130033153347975
SV1_C10252,C10252,0.785937223502295
SV1_C25208,C25208,0.9369804653480164
SV1_C65424,C65424,0.7923278704819194
SV1_C59408,C59408,0.946284497722792
SV1_C04233,C04233,0.9536964302072016
SV1_C07216,C07216,0.9303066570527921
SV1_C57032,C57032,0.8666008326804897
SV1_C43821,C43821,0.8708196484322599
SV1_C16224,C16224,0.8325116519535618
SV1_C87024,C87024,0.7959327686757997
SV1_C60603,C60603,0.9296734382817794
SV1_C58803,C58803,0.9383597331470803
SV1_C26474,C26474,0.9681772082619956
SV1_C20426,C20426,0.8338464355782624
SV1_C16286,C16286,0.8467562635497253
SV1_C12098,C12098,0.8804829751688992
SV1_C00037,C00037,0.9745440964127303
SV1_C30020,C30020,0.8021232077666124
SV1_C83417,C83417,0.8988982068770784
SV1_C21672,C21672,0.7439464965462507
SV1_C20424,C20424,0.8530202265008004
SV1_C07214,C07214,0.9235654904298134
SV1_C49254,C49254,0.9761716956801125
SV1_C78010,C78010,0.9193140395590531
SV1_C52212,C52212,0.867504556401218
SV1_C10283,C10283,0.9102273974809401
SV1_C49840,C49840,0.8073005734509815
SV1_C51629,C51629,0.9168804169077294
SV1_C75062,C75062,0.8377100455107221
SV1_C52239,C52239,0.9874375537617394
SV1_C23493,C23493,0.9688674580878651
SV1_C59412,C59412,0.9505970389454553
SV1_C24697,C24697,0.8834700839099435
SV1_C19236,C19236,0.7945592465007822
SV1_C04888,C04888,0.8407400794599108
SV1_C10208,C10208,0.9850216999774795
SV1_C62422,C62422,0.8946232904467767
SV1_C10900,C10900,0.8285121837487094
SV1_C94820,C94820,0.8717572584466189
SV1_C72081,C72081,0.9501044953693137
SV1_C14474,C14474,0.8349827055262341
SV1_C08473,C08473,0.9996422849602229
SV1_C01283,C01283,0.7805661088356357
SV1_C87616,C87616,0.9147182651569871
SV1_C64247,C64247,0.8439487964014641
SV1_C03625,C03625,0.9524576519219051
SV1_C43854,C43854,0.9640339002646258
SV1_C67811,C67811,0.8320171423337743
SV1_C28806,C28806,0.9304883393200406
SV1_C49808,C49808,0.8970535938447046
SV1_C03086,C03086,0.8009527975194742
SV1_C32403,C32403,0.8652792584297971
SV1_C56410,C56410,0.9780912340417895
SV1_C25212,C25212,0.974237695915749
SV1_C04315,C04315,0.8116626527080747
SV1_C75702,C75702,0.890389293736447
SV1_C97914,C97914,0.9029339802674256
SV1_C24647,C24647,0.8240433103595107
SV1_C03098,C03098,0.888850279068866
SV1_C78648,C78648,0.8299063860057471
SV1_C00602,C00602,0.9684077882541428
SV1_C53505,C53505,0.8039869624299547
SV1_C57098,C57098,0.9359537837525715
SV1_C25218,C25218,0.9259354046471793
SV1_C61314,C61314,0.8900142953470617
SV1_C78619,C78619,0.7739531720552439
SV1_C53518,C53518,0.8459417528729107
SV1_C35491,C35491,0.9194967620701715
SV1_C27632,C27632,0.9337676526254008
SV1_C81017,C81017,0.8855547153144955
SV1_C19832,C19832,0.8521207358005871
SV1_C75716,C75716,0.7965324033141434
SV1_C60628,C60628,0.8513921688626968
SV1_C76856,C76856,0.8116713170031156
SV1_C93091,C93091,0.847299932619452
SV1_C43884,C43884,0.8225402665033662
SV1_C43269,C43269,0.8250944631110614
SV1_C19813,C19813,0.8777694870920297
SV1_C48003,C48003,0.9666665929075798
SV1_C45717,C45717,0.7803844211747675
SV1_C81703,C81703,0.9099287950164869
SV1_C47464,C47464,0.9061290362896138
SV1_C67816,C67816,0.8846137685201102
SV1_C78089,C78089,0.8738550239647177
SV1_C90061,C90061,0.8490411676222115
SV1_C00606,C00606,0.9696123025732212
SV1_C87030,C87030,0.7613440131591876
SV1_C99647,C99647,0.921480430808845
SV1_C55907,C55907,0.827038185690473
SV1_C05473,C05473,0.7703141312224676
SV1_C66635,C66635,0.8770828401903401
SV1_C46302,C46302,0.9721706845274263
SV1_C69630,C69630,0.8119178968237236
SV1_C30082,C30082,0.862933667757678
SV1_C55874,C55874,0.8487227017745503
SV1_C09021,C09021,0.9728324448144807
SV1_C25802,C25802,0.8913362726235049
SV1_C08404,C08404,0.997755168213413
SV1_C09610,C09610,0.927535575996587
SV1_C75658,C75658,0.8390629171642349
SV1_C95498,C95498,0.915587083843366
SV1_C82313,C82313,0.7361320760187969
SV1_C21092,C21092,0.8414855923062123
SV1_C11431,C11431,0.9921689485037446
SV1_C30704,C30704,0.7950003232423044
SV1_C78655,C78655,0.7528512109423915
SV1_C48628,C48628,0.7843718943503507
SV1_C96633,C96633,0.8035225859131306
SV1_C51614,C51614,0.915208748399108
SV1_C13868,C13868,0.7972905913564011
SV1_C34284,C34284,0.932814243344529
SV1_C71441,C71441,0.805493608977189
SV1_C84101,C84101,0.7854050026247288
SV1_C51682,C51682,0.9004728192650162
SV1_C67897,C67897,0.9602887938470805
SV1_C50418,C50418,0.9079808907090164
SV1_C76315,C76315,0.8975133258127704
SV1_C94819,C94819,0.9606068140907155
SV1_C10841,C10841,0.7341110303283371
SV1_C07293,C07293,0.7981948929221105
SV1_C03018,C03018,0.9091540704070914
SV1_C56418,C56418,0.9419941500289609
SV1_C22829,C22829,0.9780622494078015
SV1_C13857,C13857,0.8166693755913401
SV1_C61842,C61842,0.8451450266260692
SV1_C73802,C73802,0.9108259899399521
SV1_C19816,C19816,0.8532891552716899
SV1_C13820,C13820,0.8176875002079527
SV1_C97314,C97314,0.8874155571619862
SV1_C94895,C94895,0.7643335308547595
SV1_C58236,C58236,0.8247095941680497
SV1_C56431,C56431,0.8201415948022377
SV1_C54695,C54695,0.9260489058158737
SV1_C88862,C88862,0.910482295742132
SV1_C38411,C38411,0.9479757645779707
SV1_C87683,C87683,0.8109131663609555
SV1_C81086,C81086,0.8831168269071916
SV1_C95430,C95430,0.8882161353266067
SV1_C29421,C29421,0.8133142326299087
SV1_C50497,C50497,0.8118022756289702
SV1_C91220,C91220,0.9008767466582823
SV1_C98484,C98484,0.9725090429943717
SV1_C07895,C07895,0.8739026448026451
SV1_C03646,C03646,0.9291756304180473
SV1_C88907,C88907,0.8368251852552092
SV1_C07915,C07915,0.9172720250583173
SV1_C00693,C00693,0.8840868653304772
SV1_C88231,C88231,0.8467751956712266
SV1_C76202,C76202,0.8726418393117947
SV1_C10231,C10231,0.9598062526945732
SV1_C88811,C88811,0.8743077667323198
SV1_C96691,C96691,0.8839922140940826
SV1_C26505,C26505,0.8919678335979521
SV1_C48119,C48119,0.9615991986406517
SV1_C21610,C21610,0.9135354154623075
SV1_C06098,C06098,0.7998862650606579
SV1_C50488,C50488,0.8979022159900737
SV1_C73255,C73255,0.9263654443733714
SV1_C13308,C13308,0.7793543598928295
SV1_C13318,C13318,0.8336571061825612
SV1_C57688,C57688,0.9989247053284777
SV1_C77499,C77499,0.8939833009121974
SV1_C09645,C09645,0.8029521549974666
SV1_C07272,C07272,0.9878083205797185
SV1_C78081,C78081,0.8548658245776752
SV1_C89461,C89461,0.8122529711857096
SV1_C63688,C63688,0.8877501767286778
SV1_C05512,C05512,0.8573026563101951
SV1_C45657,C45657,0.999360609713416
SV1_C78703,C78703,0.7412920253839461
SV1_C52232,C52232,0.9246390505797919
SV1_C09051,C09051,0.8878126259224425
SV1_C00015,C00015,0.8138376464346342
SV1_C74504,C74504,0.9211909041954317
SV1_C14495,C14495,0.7558067443532062
SV1_C25800,C25800,0.9140012302563832
SV1_C50475,C50475,0.88366837149922
SV1_C79312,C79312,0.748266435690394
SV1_C78020,C78020,0.778260705118011
SV1_C89500,C89500,0.9944133736724777
SV1_C74418,C74418,0.9033675205052715
SV1_C94211,C94211,0.8679220718275459
SV1_C49864,C49864,0.9277712236233014
SV1_C94299,C94299,0.9860868650180364
SV1_C90652,C90652,0.8402317024497528
SV1_C91290,C91290,0.9048645037843149
SV1_C64217,C64217,0.9048817766364817
SV1_C99080,C99080,0.9138471764083539
SV1_C34290,C34290,0.8664905729130851
SV1_C25813,C25813,0.9672135391433214
SV1_C26481,C26481,0.9357431561307679
SV1_C06119,C06119,0.9393296826941743
SV1_C43801,C43801,0.8553346346578183
SV1_C98435,C98435,0.9923714120381295
SV1_C10881,C10881,0.9728268545274386
SV1_C11517,C11517,0.7660352946443161
SV1_C43820,C43820,0.8504445695957131
SV1_C18615,C18615,0.8797785474282885
SV1_C54622,C54622,0.8025469856851202
SV1_C23430,C23430,0.8895038494487002
SV1_C08467,C08467,0.98092508621922
SV1_C54039,C54039,0.9885461567492542
SV1_C53507,C53507,0.9436224346908165
SV1_C63073,C63073,0.8476147759758942
SV1_C85292,C85292,0.7708982828559817
SV1_C70808,C70808,0.8488308803513697
SV1_C62490,C62490,0.8502269805077389
SV1_C80484,C80484,0.9357679020092388
SV1_C90718,C90718,0.8281609906510028
SV1_C01242,C01242,0.8665681148744193
SV1_C94204,C94204,0.9796644179415691
SV1_C24116,C24116,0.8697936842283318
SV1_C81601,C81601,0.9412401628777554
SV1_C43200,C43200,0.8681946814185321
SV1_C78085,C78085,0.8345385411647096
SV1_C30021,C30021,0.8155609883816299
SV1_C00628,C00628,0.9766090304887769
SV1_C76831,C76831,0.9612626247507547
SV1_C09638,C09638,0.792723935863831
SV1_C75649,C75649,0.7545450846966175
SV1_C98406,C98406,0.9623143605561665
SV1_C100243,C100243,0.7783216783079462
SV1_C75622,C75622,0.958050842149804
SV1_C70238,C70238,0.8543224472430426
SV1_C16292,C16292,0.7707860795623166
SV1_C95411,C95411,0.8661715534916876
SV1_C22906,C22906,0.9226231109549206
SV1_C03043,C03043,0.9619123057638285
SV1_C03020,C03020,0.7506380770177451
SV1_C62492,C62492,0.7991993061488091
SV1_C73221,C73221,0.9526633159953
SV1_C84610,C84610,0.8827314518489622
SV1_C04286,C04286,0.8188468543974496
SV1_C04247,C04247,0.8670557802356355
SV1_C25292,C25292,0.9975267233487909
SV1_C91255,C91255,0.9375614350422303
SV1_C61302,C61302,0.9965201913685366
SV1_C94824,C94824,0.7411677420459021
SV1_C49234,C49234,0.813022908117025
SV1_C51713,C51713,0.8101326573499121
SV1_C32516,C32516,0.9884086230903737
SV1_C07243,C07243,0.9138416891524835
SV1_C23506,C23506,0.9272227870504292
SV1_C40220,C40220,0.9889180283779934
SV1_C27031,C27031,0.89385964679428
SV1_C27628,C27628,0.9184444922448063
SV1_C51637,C51637,0.8896644394682671
SV1_C36622,C36622,0.9829822235284954
SV1_C25886,C25886,0.9898101325903685
SV1_C08472,C08472,0.9891042377888362
SV1_C88269,C88269,0.7990503919737942
SV1_C07317,C07317,0.8245261916339722
SV1_C46313,C46313,0.9488293377264323
SV1_C69601,C69601,0.9809838734727533
SV1_C97898,C97898,0.8778679039984305
SV1_C10307,C10307,0.9991642189385869
SV1_C50491,C50491,0.8685927516601231
SV1_C70813,C70813,0.8328873782507377
SV1_C14402,C14402,0.9361329432338998
SV1_C19226,C19226,0.8388547387213913
SV1_C31210,C31210,0.9252922821613636
SV1_C53504,C53504,0.8033779726511974
SV1_C23515,C23515,0.9132437536506826
SV1_C36612,C36612,0.896600820955715
SV1_C57096,C57096,0.9872964376587227
SV1_C78038,C78038,0.9151374736298435
SV1_C66027,C66027,0.8722899727236829
SV1_C71485,C71485,0.7725406702365534
SV1_C51013,C51013,0.8942992183100374
SV1_C45012,C45012,0.8442306952136875
SV1_C84683,C84683,0.7639456527328017
SV1_C10206,C10206,0.9224876902656987
SV1_C33010,C33010,0.8971830476377441
SV1_C81074,C81074,0.9266650378886553
SV1_C47509,C47509,0.9752836830270798
SV1_C19802,C19802,0.8678605767766814
SV1_C03606,C03606,0.9485167289056841
SV1_C72053,C72053,0.7656085189861057
SV1_C90617,C90617,0.9747732323235266
SV1_C63097,C63097,0.9178907758307218
SV1_C98433,C98433,0.9348508984564248
SV1_C03686,C03686,0.8134553952649274
SV1_C76216,C76216,0.8805580797846451
SV1_C00704,C00704,0.7616699965503769
SV1_C48639,C48639,0.7815155743233835
SV1_C49845,C49845,0.8972509550512958
SV1_C65428,C65428,0.7878958687635155
SV1_C94219,C94219,0.9605090837465046
SV1_C55292,C55292,0.9161773859821817
SV1_C01904,C01904,0.7784139789469673
SV1_C22882,C22882,0.8802871419792528
SV1_C63099,C63099,0.8904664298448037
SV1_C67807,C67807,0.8280637681257931
SV1_C12627,C12627,0.9808111519716759
SV1_C23513,C23513,0.9596518749097191
SV1_C99682,C99682,0.8510730524795602
SV1_C52908,C52908,0.7937418584681762
SV1_C59403,C59403,0.9361306598539539
SV1_C57087,C57087,0.882357676882977
SV1_C84010,C84010,0.9045717937392761
SV1_C79218,C79218,0.9020218177167423
SV1_C90622,C90622,0.9370359608579781
SV1_C09670,C09670,0.9210746863838553
SV1_C88873,C88873,0.8747988524117537
SV1_C73896,C73896,0.9201979682144339
SV1_C42610,C42610,0.9278815624356161
SV1_C58316,C58316,0.9279318016615904
SV1_C79875,C79875,0.9718644091620157
SV1_C96719,C96719,0.8446277488188778
SV1_C19830,C19830,0.8605276000923587
SV1_C15026,C15026,0.9586070969969824
SV1_C62401,C62401,0.904186326559934
SV1_C16879,C16879,0.9226431691510566
SV1_C55838,C55838,0.9231874015828206
SV1_C98440,C98440,0.85483885225242
SV1_C60680,C60680,0.851692857269448
SV1_C49821,C49821,0.7366739935418231
SV1_C70882,C70882,0.8921724824044303
SV1_C12666,C12666,0.778455331803031
SV1_C22317,C22317,0.8822500687590872
SV1_C26473,C26473,0.9209205895509015
SV1_C13267,C13267,0.8338032925966432
SV1_C65438,C65438,0.931765990548176
SV1_C07215,C07215,0.8616600099231546
SV1_C100216,C100216,0.8774793906682019
SV1_C68513,C68513,0.9030179117891889
SV1_C89455,C89455,0.9922475549741386
SV1_C13263,C13263,0.7995012490629437
SV1_C95490,C95490,0.8505759834512834
SV1_C58832,C58832,0.8453284528855776
SV1_C79223,C79223,0.9609693636495229
SV1_C07311,C07311,0.9703239153451457
SV1_C11409,C11409,0.9460275914289139
SV1_C78022,C78022,0.816367288507683
SV1_C63612,C63612,0.9164592806040849
SV1_C26487,C26487,0.8913375524354122
SV1_C04285,C04285,0.7696891800459561
SV1_C28296,C28296,0.9940411866967325
SV1_C47414,C47414,0.9114349128854522
SV1_C96011,C96011,0.8645224881403325
SV1_C70292,C70292,0.7458502086857498
SV1_C64211,C64211,0.8316488124485686
SV1_C60614,C60614,0.9896671459234421
SV1_C87056,C87056,0.7492118376870921
SV1_C25228,C25228,0.9947139966394961
SV1_C71424,C71424,0.8781496537762258
SV1_C69093,C69093,0.7617589659505734
SV1_C57013,C57013,0.993098932598167
SV1_C49880,C49880,0.8234966865046146
SV1_C58900,C58900,0.891156308597013
SV1_C63072,C63072,0.7805886637657832
SV1_C98475,C98475,0.8136740462404459
SV1_C12052,C12052,0.722483194354586
SV1_C27046,C27046,0.7866342265377378
SV1_C13313,C13313,0.8104254438466916
SV1_C79812,C79812,0.9215864639356353
SV1_C44486,C44486,0.902054216297893
SV1_C43848,C43848,0.9907802904636295
SV1_C97881,C97881,0.9111258001907974
SV1_C73283,C73283,0.8440005265040726
SV1_C39605,C39605,0.8653507738472204
SV1_C87643,C87643,0.7872471926132554
SV1_C07297,C07297,0.8414735999841358
SV1_C57118,C57118,0.8249676160088727
SV1_C83496,C83496,0.7223203463473038
SV1_C10217,C10217,0.9107927326197384
SV1_C88301,C88301,0.9976573884924278
SV1_C66023,C66023,0.9959859774146924
SV1_C00011,C00011,0.8208347740684921
SV1_C73291,C73291,0.9198541653123306
SV1_C07309,C07309,0.8322625356928023
SV1_C79900,C79900,0.7385411757419985
SV1_C66612,C66612,0.9545991587388222
SV1_C48631,C48631,0.8130826378755931
SV1_C90005,C90005,0.9195751935191588
SV1_C63085,C63085,0.8232121270571665
SV1_C98401,C98401,0.9932165978916296
SV1_C33115,C33115,0.8750651853732482
SV1_C88890,C88890,0.9245543334199628
SV1_C75629,C75629,0.9070662879834648
SV1_C48020,C48020,0.7830937274957726
SV1_C75047,C75047,0.9611750060273959
SV1_C96109,C96109,0.8133563587071465
SV1_C45054,C45054,0.9666524188358208
SV1_C76269,C76269,0.9624717119388376
SV1_C77401,C77401,0.9239504710701832
SV1_C65504,C65504,0.9074439070642277
SV1_C23492,C23492,0.97820292961675
SV1_C61280,C61280,0.8321049174895189
SV1_C46237,C46237,0.7929522280151827
SV1_C66004,C66004,0.9747223784418075
SV1_C88262,C88262,0.9133255747326331
SV1_C10315,C10315,0.926830665852045
SV1_C31886,C31886,0.8814834141309762
SV1_C54623,C54623,0.7913843580577484
SV1_C46262,C46262,0.9588675753903216
SV1_C37220,C37220,0.9959690577318976
SV1_C67804,C67804,0.9885613835600122
SV1_C17411,C17411,0.8912817954737233
SV1_C10822,C10822,0.9773812441084804
SV1_C10838,C10838,0.8292467595171191
SV1_C61295,C61295,0.7712310245967634
SV1_C90117,C90117,0.7785003759145526
SV1_C01305,C01305,0.813883383201048
SV1_C93030,C93030,0.861422736474614
SV1_C75641,C75641,0.7655918142851184
SV1_C51623,C51623,0.8140561583314525
SV1_C65494,C65494,0.7357463373525011
SV1_C77411,C77411,0.7996292986638378
SV1_C34811,C34811,0.8172401389184357
SV1_C12000,C12000,0.9140066515710908
SV1_C06025,C06025,0.9651724075633045
SV1_C04207,C04207,0.8205879398745233
SV1_C28819,C28819,0.8883404244480537
SV1_C05434,C05434,0.9817283875056413
SV1_C09036,C09036,0.7636021369172601
SV1_C34303,C34303,0.8001946177857333
SV1_C10833,C10833,0.8633506256038257
SV1_C53516,C53516,0.7073659534925664
SV1_C28314,C28314,0.9354422629762477
SV1_C91310,C91310,0.9480389177919274
SV1_C73256,C73256,0.7639654735604328
SV1_C57711,C57711,0.86526374743528
SV1_C98430,C98430,0.9004514232633227
SV1_C97217,C97217,0.955153038809384
SV1_C82902,C82902,0.8279649283835641
SV1_C97916,C97916,0.7888423909609904
SV1_C15017,C15017,0.9134230085198792
SV1_C66111,C66111,0.8757298557232202
SV1_C21042,C21042,0.8531095538433657
SV1_C57705,C57705,0.9048518505765768
SV1_C73208,C73208,0.9715727642670201
SV1_C04825,C04825,0.9024194116401686
SV1_C03679,C03679,0.7561740865530632
SV1_C46278,C46278,0.964035443699778
SV1_C75064,C75064,0.85518002874304
SV1_C89471,C89471,0.7709665018298154
SV1_C06073,C06073,0.8075701648026244
SV1_C31281,C31281,0.9702888429608795
SV1_C48065,C48065,0.8861916243213771
SV1_C78630,C78630,0.9006616227496136
SV1_C12022,C12022,0.9321977614023514
SV1_C88294,C88294,0.9995439220275025
SV1_C16820,C16820,0.7879418149481425
SV1_C97220,C97220,0.8608370621556352
SV1_C62482,C62482,0.9865705669627118
SV1_C27018,C27018,0.898358779159503
SV1_C52315,C52315,0.9995030911396128
SV1_C24118,C24118,0.9186333882988279
SV1_C89480,C89480,0.8546185726968442
SV1_C12071,C12071,0.8926658736892173
SV1_C67216,C67216,0.8811858447786116
SV1_C16893,C16893,0.774596116290615
SV1_C72673,C72673,0.9541502377393957
SV1_C68421,C68421,0.8896012953015113
SV1_C73872,C73872,0.9435111253146854
SV1_C66615,C66615,0.8281983888672847
SV1_C52826,C52826,0.9020514873919453
SV1_C74461,C74461,0.758564270787024
SV1_C17476,C17476,0.8904846502752948
SV1_C22806,C22806,0.91381646489943
SV1_C78635,C78635,0.8340186278034961
SV1_C70873,C70873,0.7481352052885845
SV1_C62428,C62428,0.8063016460868216
SV1_C66094,C66094,0.7552398584279929
SV1_C04911,C04911,0.8036419965885852
SV1_C37811,C37811,0.9399103200792565
SV1_C47429,C47429,0.7809380867481804
SV1_C73201,C73201,0.9656720330056681
SV1_C87700,C87700,0.9917595778039867
SV1_C67222,C67222,0.9352156493907898
SV1_C94891,C94891,0.895420398685599
SV1_C71489,C71489,0.7036608388289568
SV1_C33702,C33702,0.88167184871819
SV1_C47507,C47507,0.8498744678805472
SV1_C01214,C01214,0.9635573428392018
SV1_C02441,C02441,0.9577389333644799
SV1_C27106,C27106,0.9294082805616931
SV1_C75079,C75079,0.8463623560231234
SV1_C100205,C100205,0.9050462128112505
SV1_C78039,C78039,0.8766673778415347
SV1_C54625,C54625,0.9920810653047837
SV1_C48655,C48655,0.8588762059550056
SV1_C11408,C11408,0.9513487083612641
SV1_C17481,C17481,0.9047459714359699
SV1_C06637,C06637,0.9341343706105554
SV1_C97235,C97235,0.9950432896954254
SV1_C05478,C05478,0.7975317736431891
SV1_C25247,C25247,0.816867926176775
SV1_C00115,C00115,0.8424514421276342
SV1_C58890,C58890,0.8628801158085512
SV1_C75692,C75692,0.856684096361426
SV1_C66028,C66028,0.7867217282561505
SV1_C97282,C97282,0.8250606061035086
SV1_C22896,C22896,0.8466255584692584
SV1_C76838,C76838,0.9033852575131888
SV1_C46226,C46226,0.7704162105343209
SV1_C15039,C15039,0.8581492716359006
SV1_C44402,C44402,0.9444152770828501
SV1_C82304,C82304,0.7344692981914012
SV1_C81716,C81716,0.8356975877642807
SV1_C85874,C85874,0.9643195371415453
SV1_C23400,C23400,0.8954381093662367
SV1_C03718,C03718,0.87304107457096
SV1_C90105,C90105,0.9980207772164416
SV1_C54032,C54032,0.9684683339810092
SV1_C97286,C97286,0.8622326465792249
SV1_C48706,C48706,0.8767172662897139
SV1_C91902,C91902,0.9047332219721997
SV1_C28903,C28903,0.7811720545137801
SV1_C81084,C81084,0.9334910434405012
SV1_C88261,C88261,0.7946669015101727
SV1_C65409,C65409,0.9697664047099122
SV1_C00631,C00631,0.9838416350415546
SV1_C97211,C97211,0.8563886829075218
SV1_C88882,C88882,0.8932069826138557
SV1_C21077,C21077,0.9639437250480235
SV1_C61233,C61233,0.8335964192390507
SV1_C57638,C57638,0.8672030681885744
SV1_C74435,C74435,0.9019710574741139
SV1_C20427,C20427,0.9807669264739424
SV1_C21603,C21603,0.9779927353061204
SV1_C88308,C88308,0.9853986237753956
SV1_C16233,C16233,0.9023734760154676
SV1_C20494,C20494,0.7788952888200951
SV1_C25306,C25306,0.9339689434082706
SV1_C84622,C84622,0.8691465401031211
SV1_C92434,C92434,0.8721968376640039
SV1_C60047,C60047,0.8380260552500692
SV1_C27699,C27699,0.8244690613232923
SV1_C40215,C40215,0.9751150336146029
SV1_C88852,C88852,0.7601793964526312
SV1_C03687,C03687,0.7654869790478794
SV1_C69610,C69610,0.9442109299416592
SV1_C58234,C58234,0.8564903381097183
SV1_C96080,C96080,0.892989931875583
SV1_C55308,C55308,0.8966208964281159
SV1_C58232,C58232,0.8400608253555342
SV1_C06097,C06097,0.836328314036259
SV1_C85901,C85901,0.8326460086552969
SV1_C12610,C12610,0.9042114709401913
SV1_C43252,C43252,0.9892804549266128
SV1_C88824,C88824,0.782144197233106
SV1_C64910,C64910,0.9564432476841093
SV1_C27024,C27024,0.875656923741771
SV1_C09068,C09068,0.9902854181514602
SV1_C30719,C30719,0.8535008127431057
SV1_C94812,C94812,0.9753405422075722
SV1_C00114,C00114,0.777964183844607
SV1_C58876,C58876,0.8445898305975517
SV1_C53515,C53515,0.9954026172844394
SV1_C00034,C00034,0.8899305518483679
SV1_C21680,C21680,0.7520709630498265
SV1_C87040,C87040,0.7156196214239823
SV1_C87687,C87687,0.7939195332910305
SV1_C30600,C30600,0.8823037053950078
SV1_C78621,C78621,0.8020442700660027
SV1_C33105,C33105,0.8496769224587151
SV1_C96117,C96117,0.7635480879099604
SV1_C51015,C51015,0.8862279522265537
SV1_C04910,C04910,0.8825080275359993
SV1_C82273,C82273,0.9868316919144539
SV1_C45103,C45103,0.8646216347838648
SV1_C61841,C61841,0.7489756311951287
SV1_C94215,C94215,0.9085704665841673
SV1_C26426,C26426,0.8505460640445456
SV1_C78076,C78076,0.8235563296170836
SV1_C50427,C50427,0.9839545527689937
SV1_C91258,C91258,0.8559443241125525
SV1_C46836,C46836,0.8048176223893714
SV1_C44406,C44406,0.9440263092838417
SV1_C09062,C09062,0.8424596834203458
SV1_C67909,C67909,0.9337278300608974
SV1_C69043,C69043,0.7844345952255981
SV1_C93624,C93624,0.7415955908065991
SV1_C63682,C63682,0.867341259645793
SV1_C92516,C92516,0.7391287172623614
SV1_C91899,C91899,0.7760880457392024
SV1_C11495,C11495,0.909866484219916
SV1_C52911,C52911,0.9776464233962294
SV1_C68494,C68494,0.8405336429282708
SV1_C69609,C69609,0.9786751529237414
SV1_C07208,C07208,0.9991492132050129
SV1_C84614,C84614,0.8747272125774923
SV1_C55200,C55200,0.9308066743245543
SV1_C18622,C18622,0.8582598733252029
SV1_C84009,C84009,0.9430637514384811
SV1_C49308,C49308,0.8316275736258933
SV1_C73838,C73838,0.7237708156594322
SV1_C20421,C20421,0.935472207413443
SV1_C89442,C89442,0.7636059367549963
SV1_C52319,C52319,0.9361681301686305
SV1_C54011,C54011,0.862292120213898
SV1_C19207,C19207,0.8441778641824151
SV1_C31201,C31201,0.9004006813536996
SV1_C27637,C27637,0.9629419941024249
SV1_C86418,C86418,0.9361816803012376
SV1_C72600,C72600,0.9732182958841966
SV1_C00093,C00093,0.8819300175420102
SV1_C47436,C47436,0.8120168100052403
SV1_C24686,C24686,0.944050885428607
SV1_C28894,C28894,0.7061543441632169
SV1_C21615,C21615,0.9918728575479137
SV1_C73318,C73318,0.9346403991219252
SV1_C47470,C47470,0.7792073445783501
SV1_C16808,C16808,0.8871381622134845
SV1_C38402,C38402,0.908579011284014
SV1_C54099,C54099,0.913631634674224
SV1_C43248,C43248,0.9887236616009352
SV1_C15629,C15629,0.8990100217824752
SV1_C16284,C16284,0.8487837455664362
SV1_C43285,C43285,0.8431883782435048
SV1_C07802,C07802,0.9349810991940525
SV1_C12709,C12709,0.7641418090834793
SV1_C86401,C86401,0.8714933991311589
SV1_C94207,C94207,0.8530460704460432
SV1_C94838,C94838,0.8516636635058553
SV1_C00695,C00695,0.7996077262106382
SV1_C70894,C70894,0.889124594974011
SV1_C22881,C22881,0.8378490479136316
SV1_C87097,C87097,0.9919372740229946
SV1_C89518,C89518,0.8557082922304104
SV1_C45048,C45048,0.9916818775773699
SV1_C49220,C49220,0.7107818153916223
SV1_C65481,C65481,0.8794884040019487
SV1_C74518,C74518,0.9279567671806744
SV1_C71431,C71431,0.9114150946680043
SV1_C78618,C78618,0.9016218099348695
SV1_C00113,C00113,0.8360487893411461
SV1_C81708,C81708,0.7184718668147073
SV1_C94900,C94900,0.8228099770861694
SV1_C23439,C23439,0.7373855740854051
SV1_C14426,C14426,0.9605608020368798
SV1_C60114,C60114,0.872883703144577
SV1_C10304,C10304,0.8368503868384318
SV1_C09718,C09718,0.9075587525391923
SV1_C88277,C88277,0.8587291482064742
SV1_C01832,C01832,0.9886612040072178
SV1_C16201,C16201,0.9092868229995082
SV1_C71490,C71490,0.7924746662877928
SV1_C14419,C14419,0.9002918947520525
SV1_C12075,C12075,0.8799885396780547
SV1_C91843,C91843,0.7670752591057886
SV1_C23516,C23516,0.871198529263011
SV1_C49302,C49302,0.8021639043567291
SV1_C96002,C96002,0.9544753042005119
SV1_C82880,C82880,0.9374085487643716
SV1_C51695,C51695,0.9150672587125214
SV1_C46907,C46907,0.8570605007858219
SV1_C90100,C90100,0.9917284922667715
SV1_C07228,C07228,0.7895246767715177
SV1_C60681,C60681,0.9010134621589183
SV1_C51079,C51079,0.9011691515035652
SV1_C58220,C58220,0.8438765087414157
SV1_C24716,C24716,0.8675915996594113
SV1_C67305,C67305,0.957017953776661
SV1_C30690,C30690,0.82877726201039
SV1_C60032,C60032,0.8513908334614243
SV1_C93705,C93705,0.8238343043538368
SV1_C73854,C73854,0.8641433951120818
SV1_C46873,C46873,0.9501255878566678
SV1_C25882,C25882,0.975876030455825
SV1_C15087,C15087,0.9503922203446569
SV1_C33003,C33003,0.8536051460479083
SV1_C24080,C24080,0.8186346986630547
SV1_C87046,C87046,0.7499222402138258
SV1_C69042,C69042,0.8073163239813567
SV1_C00643,C00643,0.9727904883754341
SV1_C07291,C07291,0.9377409272941182
SV1_C83504,C83504,0.7282997374700656
SV1_C90097,C90097,0.9961921810697907
SV1_C60091,C60091,0.8329508238104354
SV1_C71407,C71407,0.9801429735911843
SV1_C70282,C70282,0.8822309817070625
SV1_C24610,C24610,0.9190537975316997
SV1_C87663,C87663,0.9881166316920533
SV1_C14414,C14414,0.95131810233953
SV1_C50506,C50506,0.8799279086283572
SV1_C69717,C69717,0.9791641608289269
SV1_C57106,C57106,0.9438041630682131
SV1_C43863,C43863,0.7884644450167432
SV1_C89511,C89511,0.8292573513958708
SV1_C22212,C22212,0.9381167472440215
SV1_C96038,C96038,0.8675107293720059
SV1_C73843,C73843,0.870518277660132
SV1_C56402,C56402,0.9780881423557081
SV1_C96601,C96601,0.9903175428930835
SV1_C72003,C72003,0.8605284672846107
SV1_C10210,C10210,0.9225317697383133
SV1_C28907,C28907,0.7762306051824484
SV1_C24044,C24044,0.8442426630003356
SV1_C43211,C43211,0.9948439202275894
SV1_C70916,C70916,0.8775362653009041
SV1_C48698,C48698,0.874876470057359
SV1_C65489,C65489,0.8294294715137407
SV1_C11455,C11455,0.8971709537428224
SV1_C59439,C59439,0.8231212597357132
SV1_C48701,C48701,0.8987943231410769
SV1_C93079,C93079,0.9071171588382705
SV1_C87629,C87629,0.7735312189707263
SV1_C85204,C85204,0.8915961887041473
SV1_C70227,C70227,0.9517654341029514
SV1_C99620,C99620,0.810261755977713
SV1_C02509,C02509,0.808679111196999
SV1_C90109,C90109,0.9918113718942293
SV1_C20434,C20434,0.8328374494508679
SV1_C90002,C90002,0.9298021329437862
SV1_C88889,C88889,0.9004314192950652
SV1_C55274,C55274,0.8732945497103829
SV1_C60609,C60609,0.9628719259736103
SV1_C54042,C54042,0.8253665472047196
SV1_C70908,C70908,0.791615867183475
SV1_C78084,C78084,0.7982405367509512
SV1_C46824,C46824,0.7895331111602577
SV1_C90056,C90056,0.8221412091763912
SV1_C47425,C47425,0.7802523935594695
SV1_C19812,C19812,0.8734737779633787
SV1_C33610,C33610,0.8717457736225311
SV1_C30603,C30603,0.881428163133369
SV1_C61831,C61831,0.8529742884827233
SV1_C76862,C76862,0.8045853025169064
SV1_C65422,C65422,0.9292692668449676
SV1_C28207,C28207,0.8362497784023428
SV1_C87630,C87630,0.7592821842700277
SV1_C21084,C21084,0.9299608446538034
SV1_C30078,C30078,0.853221173818237
SV1_C90036,C90036,0.7858144531728243
SV1_C07234,C07234,0.7628162242440351
SV1_C49868,C49868,0.8082873501543655
SV1_C09601,C09601,0.9843525729611278
SV1_C64245,C64245,0.8444954910247048
SV1_C90650,C90650,0.8912030730247502
SV1_C66117,C66117,0.9772252960186806
SV1_C89437,C89437,0.7498787260059234
SV1_C81079,C81079,0.9750470450982605
SV1_C24713,C24713,0.9659605730350942
SV1_C59519,C59519,0.8149804825410462
SV1_C35473,C35473,0.9083028037790861
SV1_C12051,C12051,0.8680596311946819
SV1_C48712,C48712,0.8495105001971954
SV1_C61303,C61303,0.9127468463292989
SV1_C69029,C69029,0.8011916393953743
SV1_C81704,C81704,0.7364362637504541
SV1_C81075,C81075,0.9691131628844679
SV1_C10885,C10885,0.9504240467847336
SV1_C27088,C27088,0.852209959603058
SV1_C03692,C03692,0.8788433999608065
SV1_C69673,C69673,0.847857700544299
SV1_C72054,C72054,0.866052160422183
SV1_C46867,C46867,0.8191859068981844
SV1_C55890,C55890,0.8362858378370651
SV1_C04889,C04889,0.8349100719458397
SV1_C03100,C03100,0.7970579691908016
SV1_C75013,C75013,0.9457934800194713
SV1_C44503,C44503,0.8639182773792767
SV1_C95507,C95507,0.9911184645673783
SV1_C88819,C88819,0.9144979238499026
SV1_C61315,C61315,0.860914947815593
SV1_C25887,C25887,0.8766221330004067
SV1_C90612,C90612,0.93549096594848
SV1_C49225,C49225,0.7856217600835232
SV1_C18035,C18035,0.8986080433933066
SV1_C90656,C90656,0.8522762770567618
SV1_C03037,C03037,0.9900018588482654
SV1_C13911,C13911,0.7390234909080676
SV1_C76892,C76892,0.9001887570556916
SV1_C70276,C70276,0.7060558354024431
SV1_C91239,C91239,0.7729534264151627
SV1_C93118,C93118,0.7933825898758906
SV1_C17429,C17429,0.8650205205202403
SV1_C94242,C94242,0.7616319115584682
SV1_C66715,C66715,0.8049649712042775
SV1_C10215,C10215,0.8641018947996439
SV1_C31315,C31315,0.8045104555103064
SV1_C16234,C16234,0.9719212875835751
SV1_C64282,C64282,0.8714551646382562
SV1_C22234,C22234,0.8797865978516058
SV1_C54718,C54718,0.8233403431235523
SV1_C48668,C48668,0.8432589065449062
SV1_C05415,C05415,0.9500829819565328
SV1_C46290,C46290,0.8610635408586869
SV1_C48068,C48068,0.8544657644912307
SV1_C91289,C91289,0.8738536267000784
SV1_C31809,C31809,0.9018099625957128
SV1_C66084,C66084,0.8271482547736049
SV1_C78016,C78016,0.9251900204084701
SV1_C02478,C02478,0.8212208882355393
SV1_C28217,C28217,0.8413150271468677
SV1_C48718,C48718,0.9408954829407381
SV1_C67917,C67917,0.9902769825712439
SV1_C51687,C51687,0.9263058075415034
SV1_C72718,C72718,0.9365151410338031
SV1_C57039,C57039,0.7792886838345995
SV1_C96639,C96639,0.9683785449216699
SV1_C13861,C13861,0.820830032404201
SV1_C84085,C84085,0.8776680953077729
SV1_C44500,C44500,0.9940333656638434
SV1_C75116,C75116,0.8102063341869601
SV1_C28803,C28803,0.8872027346981188
SV1_C93615,C93615,0.908350032662869
SV1_C30682,C30682,0.8674043795063021
SV1_C84072,C84072,0.8368884108986823
SV1_C08438,C08438,0.7615684701663744
SV1_C84604,C84604,0.9249097248443157
SV1_C39000,C39000,0.8267306392596045
SV1_C64918,C64918,0.9029477009288293
SV1_C46281,C46281,0.9292249334021012
SV1_C81016,C81016,0.8912064623321393
SV1_C58829,C58829,0.8281592065905856
SV1_C09696,C09696,0.8386181103088401
SV1_C67228,C67228,0.7794596692088803
SV1_C63093,C63093,0.7496679206791124
SV1_C50519,C50519,0.9374549252943627
SV1_C56519,C56519,0.8676704324106709
SV1_C06003,C06003,0.9388954658976816
SV1_C84605,C84605,0.9199647095513949
SV1_C60622,C60622,0.8755346828920102
SV1_C47451,C47451,0.7788673454918642
SV1_C71444,C71444,0.7943730553717429
SV1_C48098,C48098,0.9317703239887452
SV1_C46845,C46845,0.98026309215153
SV1_C51703,C51703,0.9381941383581577
SV1_C86420,C86420,0.8517837008868369
SV1_C25310,C25310,0.9737973095692054
SV1_C04209,C04209,0.9603695523218537
SV1_C00032,C00032,0.9795826749351634
SV1_C09613,C09613,0.973049290611671
SV1_C81099,C81099,0.9100383896869136
SV1_C54690,C54690,0.9002880949338249
SV1_C04879,C04879,0.7591907988129437
SV1_C43291,C43291,0.7807662227037746
SV1_C22912,C22912,0.9204686507790308
SV1_C97274,C97274,0.8331185446769261
SV1_C33693,C33693,0.7982019239818616
SV1_C55916,C55916,0.8046779531109517
SV1_C34221,C34221,0.962752173402072
SV1_C18621,C18621,0.8439193558210426
SV1_C21024,C21024,0.8174590795860076
SV1_C82296,C82296,0.7374559388043408
SV1_C46904,C46904,0.9850596295348749
SV1_C56513,C56513,0.9675058462762488
SV1_C54616,C54616,0.8535538793444697
SV1_C71430,C71430,0.8403590783951512
SV1_C61222,C61222,0.8671417509148327
SV1_C16822,C16822,0.8684504283286641
SV1_C87004,C87004,0.8651997455809382
SV1_C57685,C57685,0.9353726684280291
SV1_C80506,C80506,0.8629482894207329
SV1_C18644,C18644,0.8924958007799761
SV1_C83517,C83517,0.8149798169745982
SV1_C61313,C61313,0.8500122663018244
SV1_C44478,C44478,0.9286710385696335
SV1_C03602,C03602,0.9470527522832612
SV1_C51099,C51099,0.932269760568266
SV1_C70300,C70300,0.7958887348854102
SV1_C48640,C48640,0.9045994310329785
SV1_C94294,C94294,0.8264255820642684
SV1_C29489,C29489,0.8040339602468541
SV1_C46911,C46911,0.8414225979307858
SV1_C21075,C21075,0.8476749990781441
SV1_C30103,C30103,0.7959213827344096
SV1_C58833,C58833,0.828669368946561
SV1_C31812,C31812,0.8831233168927638
SV1_C39005,C39005,0.8528173855571839
SV1_C16283,C16283,0.9372595329749238
SV1_C93713,C93713,0.8013145986169713
SV1_C12695,C12695,0.8800164287436371
SV1_C25282,C25282,0.9584898688089681
SV1_C26407,C26407,0.9516349044940038
SV1_C44417,C44417,0.7930483252779877
SV1_C53433,C53433,0.955597050803572
SV1_C33020,C33020,0.8851874007882367
SV1_C92519,C92519,0.7615199857183972
SV1_C25874,C25874,0.9586722498543325
SV1_C64290,C64290,0.9241753628918681
SV1_C88288,C88288,0.8730450615349667
SV1_C56495,C56495,0.8311405768231267
SV1_C92450,C92450,0.8950783320159784
SV1_C22305,C22305,0.8935516635418683
SV1_C97231,C97231,0.9970950177272858
SV1_C69613,C69613,0.9587602592826412
SV1_C18002,C18002,0.9161148844958161
SV1_C85899,C85899,0.763937060415379
SV1_C43226,C43226,0.7725828304492612
SV1_C73888,C73888,0.8329416458541604
SV1_C99694,C99694,0.8218251249811425
SV1_C55824,C55824,0.9737315987994288
SV1_C75059,C75059,0.916836031209154
SV1_C22244,C22244,0.8473541982431853
SV1_C33615,C33615,0.8437577379925967
SV1_C70278,C70278,0.8804631632523987
SV1_C14421,C14421,0.8179670791795004
SV1_C76857,C76857,0.8138015115935551
SV1_C64279,C64279,0.9340615566553967
SV1_C90025,C90025,0.8189406630472691
SV1_C72025,C72025,0.7904333200902302
SV1_C75009,C75009,0.9557385755995741
SV1_C22914,C22914,0.9836098024810579
SV1_C61826,C61826,0.7298107906108847
SV1_C68409,C68409,0.9975013527687091
SV1_C28243,C28243,0.7912450361593996
SV1_C10313,C10313,0.7840574915647136
SV1_C82208,C82208,0.9488742891918305
SV1_C88804,C88804,0.8845433890521116
SV1_C06622,C06622,0.8908540419537436
SV1_C29401,C29401,0.9093214916392661
SV1_C63037,C63037,0.8170752915675626
SV1_C23519,C23519,0.8693067470474939
SV1_C66711,C66711,0.8781440911778716
SV1_C42001,C42001,0.8856618325451887
SV1_C49905,C49905,0.8440613776650706
SV1_C18029,C18029,0.8347829190456095
SV1_C94303,C94303,0.9889191091922566
SV1_C82905,C82905,0.7262992320141558
SV1_C29414,C29414,0.9378917741193608
SV1_C68480,C68480,0.8346960244731476
SV1_C03002,C03002,0.9590018068782964
SV1_C24079,C24079,0.8108424677091942
SV1_C58243,C58243,0.7529837673487313
SV1_C99716,C99716,0.8874094213405644
SV1_C61212,C61212,0.9321031460822888
SV1_C61298,C61298,0.996900156352062
SV1_C48058,C48058,0.9160538711208807
SV1_C81675,C81675,0.9650553154937184
SV1_C27706,C27706,0.9660806803042526
SV1_C96699,C96699,0.9763509009267399
SV1_C90011,C90011,0.889125861017134
SV1_C45029,C45029,0.8061254407115728
SV1_C34888,C34888,0.9902083842754905
SV1_C94878,C94878,0.8637306227409292
SV1_C28291,C28291,0.805536209573766
SV1_C28896,C28896,0.7814824613936766
SV1_C13898,C13898,0.75761722773754
SV1_C81677,C81677,0.9941782874526123
SV1_C60096,C60096,0.907027068938133
SV1_C45678,C45678,0.9533993323089899
SV1_C99703,C99703,0.873219683929716
SV1_C18026,C18026,0.8911147063518184
SV1_C65516,C65516,0.9806520014235677
SV1_C91262,C91262,0.8870784366197616
SV1_C100286,C100286,0.8809375316337925
SV1_C46908,C46908,0.9779509806554518
SV1_C33005,C33005,0.8731724553582126
SV1_C04810,C04810,0.8994932481586296
SV1_C98405,C98405,0.9934679300007457
SV1_C34912,C34912,0.8201790900202154
SV1_C46256,C46256,0.9894215433582201
SV1_C52318,C52318,0.8520902766210671
SV1_C72670,C72670,0.8761800789847103
SV1_C07295,C07295,0.8655451084999645
SV1_C52222,C52222,0.8253466305625258
SV1_C100200,C100200,0.909769050694304
SV1_C78656,C78656,0.8479425333362495
SV1_C69079,C69079,0.860433744679168
SV1_C46841,C46841,0.9033303216053334
SV1_C01304,C01304,0.7695735561976822
SV1_C54715,C54715,0.9740344646946484
SV1_C40213,C40213,0.8874931475232349
SV1_C84081,C84081,0.8423367311739596
SV1_C04821,C04821,0.7043527789672842
SV1_C14484,C14484,0.8514481831069247
SV1_C63615,C63615,0.8129445965108523
SV1_C54004,C54004,0.8748338314924768
SV1_C58820,C58820,0.8418680990780049
SV1_C46270,C46270,0.77927629689029
SV1_C13855,C13855,0.7693848772620494
SV1_C45674,C45674,0.9542535020846975
SV1_C19247,C19247,0.8619041454892094
SV1_C73908,C73908,0.9091978091139865
SV1_C57678,C57678,0.8826811361825241
SV1_C22810,C22810,0.9192858448803892
SV1_C40223,C40223,0.8978567635322194
SV1_C10845,C10845,0.8257300559977379
SV1_C76905,C76905,0.892676235189262
SV1_C17483,C17483,0.9256580664746208
SV1_C63611,C63611,0.8156681394999928
SV1_C24673,C24673,0.8735858724839715
SV1_C27690,C27690,0.8959151798283028
SV1_C97918,C97918,0.8281749821502136
SV1_C27634,C27634,0.85751141558649
SV1_C30004,C30004,0.8874312804384125
SV1_C10239,C10239,0.9307431645136673
SV1_C09719,C09719,0.9690811272351812
SV1_C94209,C94209,0.9737435642268669
SV1_C43266,C43266,0.9013680899015294
SV1_C95509,C95509,0.8177176205833269
SV1_C56440,C56440,0.8390180153653866
SV1_C58304,C58304,0.8773603278316009
SV1_C54717,C54717,0.7330534371192521
SV1_C84708,C84708,0.838511960288335
SV1_C72044,C72044,0.7625685627650389
SV1_C52913,C52913,0.8042713755518195
SV1_C69675,C69675,0.918739729790242
SV1_C22233,C22233,0.9726827298856038
SV1_C71428,C71428,0.8782215880143213
SV1_C53486,C53486,0.8660498572627302
SV1_C52816,C52816,0.8547396969561671
SV1_C70899,C70899,0.7642152477354536
SV1_C48014,C48014,0.889923534936855
SV1_C47466,C47466,0.8870299487203753
SV1_C76214,C76214,0.916664809749587
SV1_C66073,C66073,0.874986311530859
SV1_C13879,C13879,0.7158888161511552
SV1_C19879,C19879,0.7839903094544075
SV1_C18635,C18635,0.9355454150563332
SV1_C25913,C25913,0.963610932338196
SV1_C33699,C33699,0.8221642930354472
SV1_C94314,C94314,0.9089633501760733
SV1_C28895,C28895,0.7864505325942879
SV1_C86498,C86498,0.9617780076435081
SV1_C94808,C94808,0.9834889431192855
SV1_C23401,C23401,0.882000389327249
SV1_C28298,C28298,0.9757417038054144
SV1_C76886,C76886,0.8867004554926111
SV1_C28872,C28872,0.9429448043682908
SV1_C76225,C76225,0.9415471615166751
SV1_C78043,C78043,0.9147628396601334
SV1_C34309,C34309,0.8018889530189072
SV1_C75029,C75029,0.8672676794874146
SV1_C63076,C63076,0.7800079505419222
SV1_C22316,C22316,0.8717080620248364
SV1_C93706,C93706,0.9275231109956878
SV1_C97900,C97900,0.8068669109465998
SV1_C28897,C28897,0.8128840061776677
SV1_C46229,C46229,0.8020868583284373
SV1_C26435,C26435,0.8635576413475854
SV1_C74403,C74403,0.8637102622937525
SV1_C27020,C27020,0.9144993164375601
SV1_C24609,C24609,0.9186842072548113
SV1_C76252,C76252,0.7538535895836568
SV1_C60640,C60640,0.7634064413817517
SV1_C01823,C01823,0.7670682205920291
SV1_C93038,C93038,0.8348338254490173
SV1_C78041,C78041,0.8668374557786231
SV1_C75610,C75610,0.8910136879351593
SV1_C25901,C25901,0.8860277795217759
SV1_C12009,C12009,0.9077720125542424
SV1_C61235,C61235,0.832900773419761
SV1_C21683,C21683,0.7581117228204352
SV1_C44474,C44474,0.9297958930292286
SV1_C64838,C64838,0.9322906722722967
SV1_C94805,C94805,0.9793829953190749
SV1_C27704,C27704,0.9841498628322287
SV1_C39006,C39006,0.9161661302850479
SV1_C06022,C06022,0.8738167599682096
SV1_C83512,C83512,0.8697953260632795
SV1_C29410,C29410,0.9330787972509494
SV1_C58296,C58296,0.8842787353470547
SV1_C30090,C30090,0.8244228297219183
SV1_C04834,C04834,0.9185914049962026
SV1_C33616,C33616,0.8787329522859478
SV1_C58882,C58882,0.9245406574853374
SV1_C63100,C63100,0.8777092688321689
SV1_C97833,C97833,0.8863105636918309
SV1_C87104,C87104,0.9889651558144114
SV1_C92442,C92442,0.800729487977521
SV1_C73842,C73842,0.7795333673854271
SV1_C87628,C87628,0.7874519428934141
SV1_C54617,C54617,0.8561208769158685
SV1_C82818,C82818,0.8899351998740624
SV1_C87673,C87673,0.8444319448502852
SV1_C11499,C11499,0.990098940750402
SV1_C55892,C55892,0.8739564164134188
SV1_C29409,C29409,0.9148793789972489
SV1_C88228,C88228,0.7828612877488847
SV1_C01919,C01919,0.8110802353893389
SV1_C52238,C52238,0.8878816150853832
SV1_C22227,C22227,0.7501399013508872
SV1_C16816,C16816,0.8803586251889702
SV1_C50510,C50510,0.9098162482112543
SV1_C58887,C58887,0.8554183462458819
SV1_C92492,C92492,0.8323525167000917
SV1_C68499,C68499,0.8993811739549465
SV1_C87707,C87707,0.834743826311829
SV1_C89469,C89469,0.8040181530455508
SV1_C73823,C73823,0.9275439910868207
SV1_C69039,C69039,0.8811777552603791
SV1_C47475,C47475,0.9124573890378214
SV1_C20446,C20446,0.7670445366127691
SV1_C73826,C73826,0.7673811011243485
SV1_C66106,C66106,0.9908504303978048
SV1_C82210,C82210,0.9031259220590669
SV1_C70316,C70316,0.9420128836592387
SV1_C94287,C94287,0.9160279975188361
SV1_C34289,C34289,0.9453487545268869
SV1_C10289,C10289,0.8640163042960917
SV1_C10261,C10261,0.782388569120614
SV1_C87716,C87716,0.7818936932666194
SV1_C34296,C34296,0.8156070743234907
SV1_C71487,C71487,0.9773932142203845
SV1_C81617,C81617,0.8896443003940192
SV1_C69691,C69691,0.8871334922914403
SV1_C99707,C99707,0.8844440821295673
SV1_C91806,C91806,0.9333566964450932
SV1_C57086,C57086,0.7649804901468603
SV1_C37204,C37204,0.8376435282914193
SV1_C57687,C57687,0.8440083717675714
SV1_C12065,C12065,0.8732192540935012
SV1_C67203,C67203,0.8067415334426435
SV1_C12043,C12043,0.8853977680385505
SV1_C12646,C12646,0.8624125863191683
SV1_C95508,C95508,0.8077465575652617
SV1_C09102,C09102,0.9164013903995386
SV1_C12608,C12608,0.9603876228818616
SV1_C69085,C69085,0.9130396677822423
SV1_C08454,C08454,0.7702773641589046
SV1_C49264,C49264,0.908685628066249
SV1_C67879,C67879,0.8288891698937961
SV1_C51032,C51032,0.8954148383259122
SV1_C61221,C61221,0.8446001415482112
SV1_C67297,C67297,0.9607211258083733
SV1_C78091,C78091,0.8536329228103969
SV1_C55836,C55836,0.9514823896918674
SV1_C92475,C92475,0.9271853264591354
SV1_C33076,C33076,0.9950392784749896
SV1_C10886,C10886,0.903112816901504
SV1_C81719,C81719,0.822726078145179
SV1_C09652,C09652,0.7892775664674326
SV1_C75104,C75104,0.9209669839668726
SV1_C51690,C51690,0.8864957928751198
SV1_C53416,C53416,0.8511357290313215
SV1_C94312,C94312,0.7581590014403243
SV1_C16293,C16293,0.7653493680867536
SV1_C84690,C84690,0.8406167728923987
SV1_C49850,C49850,0.985481008751833
SV1_C60111,C60111,0.8749502630865899
SV1_C99110,C99110,0.967065075422426
SV1_C46817,C46817,0.7741106006493897
SV1_C62496,C62496,0.9137049798378563
SV1_C54620,C54620,0.7586732827018164
SV1_C26504,C26504,0.8867448221870856
SV1_C61917,C61917,0.8992471482574543
SV1_C89446,C89446,0.7751559367677816
SV1_C67299,C67299,0.9041190808077534
SV1_C93102,C93102,0.7680997345986683
SV1_C69709,C69709,0.8873868763496104
SV1_C01819,C01819,0.7741569884537793
SV1_C33092,C33092,0.8198627964851224
SV1_C52288,C52288,0.8892780278287343
SV1_C97838,C97838,0.8843844546760037
SV1_C46204,C46204,0.8488468913046487
SV1_C32474,C32474,0.8596904124824694
SV1_C47497,C47497,0.9789902012923741
SV1_C92481,C92481,0.9584432106217987
SV1_C15093,C15093,0.7591107365125782
SV1_C95402,C95402,0.9506854056548507
SV1_C04832,C04832,0.9302304976987805
SV1_C48705,C48705,0.8993749837988587
SV1_C51615,C51615,0.8848996244205597
SV1_C84715,C84715,0.8095643525288249
SV1_C51716,C51716,0.7061317927639129
SV1_C06689,C06689,0.9278044507116193
SV1_C01902,C01902,0.8703150740438951
SV1_C64227,C64227,0.8840350014631331
SV1_C78609,C78609,0.9757089587586641
SV1_C61823,C61823,0.8363471356348584
SV1_C06102,C06102,0.7991148202424186
SV1_C58224,C58224,0.8396823865014907
SV1_C45642,C45642,0.815338891998125
SV1_C14409,C14409,0.9210855022750725
SV1_C62426,C62426,0.7440458712856884
SV1_C01802,C01802,0.9660659327084443
SV1_C08486,C08486,0.925893340080905
SV1_C61901,C61901,0.9625098127925015
SV1_C11478,C11478,0.8992340024639534
SV1_C45017,C45017,0.7894594086679483
SV1_C11506,C11506,0.9033889646354406
SV1_C10848,C10848,0.7740939081969365
SV1_C55224,C55224,0.9911718877150049
SV1_C64316,C64316,0.9266229135248933
SV1_C98495,C98495,0.7361466044885905
SV1_C75069,C75069,0.9595404133288147
SV1_C13280,C13280,0.9976794858678457
SV1_C19823,C19823,0.8910065836294303
SV1_C64829,C64829,0.8814911646234763
SV1_C54692,C54692,0.9299820001528175
SV1_C20482,C20482,0.9072160009406297
SV1_C50508,C50508,0.7973786648726116
SV1_C93611,C93611,0.868047531449494
SV1_C59430,C59430,0.8306618222927638
SV1_C52834,C52834,0.9033391098074047
SV1_C86504,C86504,0.9855379820336748
SV1_C70800,C70800,0.8536645454374644
SV1_C93010,C93010,0.8724607862622704
SV1_C09640,C09640,0.7203085738150045
SV1_C19827,C19827,0.9971415792688715
SV1_C75680,C75680,0.9168180328169261
SV1_C59440,C59440,0.7608243112214247
SV1_C86502,C86502,0.9624052815294898
SV1_C58287,C58287,0.8503485301368792
SV1_C67207,C67207,0.8090675314714953
SV1_C45630,C45630,0.7735355103326457
SV1_C84618,C84618,0.8396073430867563
SV1_C64305,C64305,0.8869559703564174
SV1_C00718,C00718,0.8772982189196992
SV1_C31818,C31818,0.9132980028221808
SV1_C87058,C87058,0.9296868418607539
SV1_C96096,C96096,0.8229874325347887
SV1_C92438,C92438,0.8498411944595778
SV1_C48659,C48659,0.8634104230167711
SV1_C45613,C45613,0.8324136466098742
SV1_C49841,C49841,0.803300289536511
SV1_C26519,C26519,0.865984763759661
SV1_C25810,C25810,0.9009810133087094
SV1_C88813,C88813,0.9380757675919484
SV1_C39606,C39606,0.9295678178862943
SV1_C64872,C64872,0.7986120911521957
SV1_C72695,C72695,0.8502239309987072
SV1_C51675,C51675,0.9111911476799407
SV1_C28276,C28276,0.7872948951514748
SV1_C26440,C26440,0.8740349455437957
SV1_C23433,C23433,0.9844502130159731
SV1_C46811,C46811,0.9924454415322812
SV1_C03040,C03040,0.967123692227821
SV1_C46855,C46855,0.787019419092813
SV1_C69105,C69105,0.9399498363590396
SV1_C91821,C91821,0.9163929416464817
SV1_C09019,C09019,0.8533911234385804
SV1_C66039,C66039,0.8411423781805664
SV1_C69602,C69602,0.9460325343983988
SV1_C88838,C88838,0.73518825797415
SV1_C15644,C15644,0.9117114658650118
SV1_C43840,C43840,0.8610733054402265
SV1_C54626,C54626,0.948074897008758
SV1_C87077,C87077,0.8267032987854697
SV1_C63621,C63621,0.939248175884808
SV1_C94296,C94296,0.8223489743378969
SV1_C05402,C05402,0.8625719632907456
SV1_C27076,C27076,0.8560342286004
SV1_C70239,C70239,0.9430930676876793
SV1_C14479,C14479,0.9311450539564722
SV1_C45621,C45621,0.8606278343894828
SV1_C43254,C43254,0.961061100710482
SV1_C53447,C53447,0.9240084618636335
SV1_C71417,C71417,0.9136577747903292
SV1_C78002,C78002,0.9164856424413468
SV1_C70244,C70244,0.8448575391854702
SV1_C12083,C12083,0.9103295750960788
SV1_C96084,C96084,0.9285202882699447
SV1_C03698,C03698,0.9009801444357982
SV1_C73859,C73859,0.9239604956738489
SV1_C08444,C08444,0.7971569473740234
SV1_C31823,C31823,0.8258755781155208
SV1_C55908,C55908,0.9585111713541836
SV1_C96709,C96709,0.8080181432796385
SV1_C37209,C37209,0.8534218375564412
SV1_C17479,C17479,0.9155569627939298
SV1_C86488,C86488,0.8761384201690009
SV1_C98445,C98445,0.9580369562825656
SV1_C20442,C20442,0.8400744716504044
SV1_C91897,C91897,0.9269101315102726
SV1_C27679,C27679,0.8452113889307189
SV1_C14444,C14444,0.9054667546833226
SV1_C50419,C50419,0.8811219781342018
SV1_C82918,C82918,0.7756841631413318
SV1_C73887,C73887,0.8961386937497914
SV1_C67287,C67287,0.841516671220953
SV1_C56496,C56496,0.9768204406958666
SV1_C86457,C86457,0.8195784955726635
SV1_C16207,C16207,0.8924715634499369
SV1_C21089,C21089,0.9000375711394079
SV1_C68416,C68416,0.8877367403001519
SV1_C87000,C87000,0.8604640625839161
SV1_C62497,C62497,0.9557267515525462
SV1_C84119,C84119,0.7979527443302622
SV1_C49866,C49866,0.9808928208028189
SV1_C01899,C01899,0.7959642593017716
SV1_C15012,C15012,0.900402903432829
SV1_C05438,C05438,0.9637577944751619
SV1_C83421,C83421,0.8494839989121118
SV1_C51627,C51627,0.9929269020461671
SV1_C73821,C73821,0.9501582225270014
SV1_C87088,C87088,0.876029979514723
SV1_C73880,C73880,0.9410433544957316
SV1_C71422,C71422,0.9703204509950843
SV1_C91307,C91307,0.8147675516459879
SV1_C01808,C01808,0.9900516056734037
SV1_C49244,C49244,0.9543055657705027
SV1_C12659,C12659,0.8395455110168195
SV1_C29485,C29485,0.9039729315528687
SV1_C73264,C73264,0.8405430766876825
SV1_C19895,C19895,0.8054019482684256
SV1_C49290,C49290,0.8564060061713921
SV1_C88896,C88896,0.9938620541051579
SV1_C25238,C25238,0.8827586495892469
SV1_C97223,C97223,0.9934546324013529
SV1_C07292,C07292,0.7734654515751976
SV1_C54642,C54642,0.8422249168202762
SV1_C44443,C44443,0.7515910369045635
SV1_C90635,C90635,0.8138881069586126
SV1_C25900,C25900,0.8532712127240665
SV1_C03047,C03047,0.8172214447389954
SV1_C31817,C31817,0.8919422692823468
SV1_C83509,C83509,0.8779812021087197
SV1_C61309,C61309,0.9328909607732887
SV1_C66705,C66705,0.9556880122671848
SV1_C03014,C03014,0.9557704561947764
SV1_C64825,C64825,0.875903386336411
SV1_C66044,C66044,0.8679117503915611
SV1_C72690,C72690,0.8736493261086508
SV1_C61283,C61283,0.8626033995294158
SV1_C01298,C01298,0.8596750100510256
SV1_C51620,C51620,0.7853078243223097
SV1_C94894,C94894,0.8250267500971586
SV1_C22299,C22299,0.8254600525349554
SV1_C46288,C46288,0.7903689725230086
SV1_C86477,C86477,0.809802039444236
SV1_C09624,C09624,0.8154477964120574
SV1_C48697,C48697,0.8980357082713118
SV1_C54030,C54030,0.9332345134690622
SV1_C33094,C33094,0.7580650635357344
SV1_C98441,C98441,0.8695671748067173
SV1_C93629,C93629,0.9841516691655966
SV1_C29508,C29508,0.8391400046883384
SV1_C25300,C25300,0.8586471080887437
SV1_C58814,C58814,0.9983861939627747
SV1_C48622,C48622,0.7699976548439175
SV1_C32411,C32411,0.8711518065665216
SV1_C03615,C03615,0.8199712106874474
SV1_C81606,C81606,0.9005831392223292
SV1_C42600,C42600,0.8295223109192377
SV1_C04210,C04210,0.9333702243322667
SV1_C87606,C87606,0.9060520472367357
SV1_C34875,C34875,0.826076808054212
SV1_C26432,C26432,0.9548275274000063
SV1_C48656,C48656,0.8891491253787908
SV1_C79872,C79872,0.984993571139355
SV1_C86426,C86426,0.7632734264811477
SV1_C48082,C48082,0.9976934424741424
SV1_C88812,C88812,0.9153488223376882
SV1_C47514,C47514,0.9119275331237292
SV1_C87627,C87627,0.8488913801048942
SV1_C66644,C66644,0.8692083892804563
SV1_C05495,C05495,0.8966284030560215
SV1_C79214,C79214,0.8792491603555305
SV1_C49216,C49216,0.8344446008529798
SV1_C14486,C14486,0.8117986395377704
SV1_C46299,C46299,0.8647691645377176
SV1_C63713,C63713,0.856594005060753
SV1_C49232,C49232,0.7830698590119568
SV1_C91854,C91854,0.8843032894613179
SV1_C61817,C61817,0.9293099776343741
SV1_C93103,C93103,0.7398531902784761
SV1_C25204,C25204,0.9210599779290888
SV1_C18083,C18083,0.9052214518795109
SV1_C93057,C93057,0.9411311508232031
SV1_C100282,C100282,0.8976425602515559
SV1_C55312,C55312,0.8725746533531796
SV1_C29487,C29487,0.9869340723411543
SV1_C40207,C40207,0.9800296217630915
SV1_C55277,C55277,0.8618185703491227
SV1_C45632,C45632,0.800929688847494
SV1_C73292,C73292,0.8775356830045002
SV1_C43246,C43246,0.8664933510848424
SV1_C49233,C49233,0.7884433671212911
SV1_C91263,C91263,0.9273650543646061
SV1_C90674,C90674,0.9604450255771197
SV1_C03703,C03703,0.8192749017099475
SV1_C22272,C22272,0.7615661694950688
SV1_C48023,C48023,0.7940233181301737
SV1_C46893,C46893,0.7713495422904064
SV1_C12024,C12024,0.9327641457867835
SV1_C90697,C90697,0.9899854756628444
SV1_C66007,C66007,0.7837371952445555
SV1_C72018,C72018,0.9003843162891636
SV1_C67827,C67827,0.8958620481269541
SV1_C48635,C48635,0.8073822253853609
SV1_C79809,C79809,0.9260954104024341
SV1_C53480,C53480,0.9777286803697797
SV1_C49271,C49271,0.7776408131340338
SV1_C50440,C50440,0.774909394300203
SV1_C63088,C63088,0.8377717914732371
SV1_C58240,C58240,0.7528471284527557
SV1_C60675,C60675,0.84983000984282
SV1_C93684,C93684,0.8763044912920929
SV1_C52808,C52808,0.8590939519422879
SV1_C75086,C75086,0.8831460816006153
SV1_C07200,C07200,0.9997916355681549
SV1_C45640,C45640,0.8906632704168814
SV1_C58840,C58840,0.7574579576839288
SV1_C84000,C84000,0.9483725560367957
SV1_C60625,C60625,0.8342609393024937
SV1_C11460,C11460,0.7522806528921255
SV1_C93042,C93042,0.804037799625397
SV1_C51107,C51107,0.9511542475952368
SV1_C01245,C01245,0.827808291525558
SV1_C69034,C69034,0.8282512521920157
SV1_C28874,C28874,0.8341371345866646
SV1_C43290,C43290,0.7976623899058594
SV1_C53476,C53476,0.9783399846097511
SV1_C33102,C33102,0.8871739314500632
SV1_C28319,C28319,0.8886427000391672
SV1_C09626,C09626,0.8335763901275524
SV1_C22802,C22802,0.910453771579632
SV1_C13234,C13234,0.8855253618463326
SV1_C24032,C24032,0.9990912642550008
SV1_C91279,C91279,0.9083517164424163
SV1_C28221,C28221,0.8551710341802646
SV1_C07212,C07212,0.9860569670026151
SV1_C14493,C14493,0.7612807245962852
SV1_C99677,C99677,0.8853311820588989
SV1_C76258,C76258,0.816155834673586
SV1_C43835,C43835,0.7801830438943108
SV1_C36601,C36601,0.8283364687150881
SV1_C49205,C49205,0.8668155293131332
SV1_C09625,C09625,0.8116649035492418
SV1_C96102,C96102,0.9150124162877896
SV1_C01908,C01908,0.9467048379600397
SV1_C34909,C34909,0.8418354888103422
SV1_C00616,C00616,0.9361859250198805
SV1_C94278,C94278,0.8662714871364724
SV1_C67310,C67310,0.9776697003677873
SV1_C59444,C59444,0.8577555439059746
SV1_C75611,C75611,0.8562847955460977
SV1_C66016,C66016,0.8708704508763487
SV1_C27691,C27691,0.8447814310775285
SV1_C76277,C76277,0.9072668770059249
SV1_C64225,C64225,0.823203581271561
SV1_C25242,C25242,0.8101705550111628
SV1_C10260,C10260,0.7730766208802506
SV1_C43247,C43247,0.8688241455700259
SV1_C97222,C97222,0.9562417737267758
SV1_C26508,C26508,0.8861771398175801
SV1_C18677,C18677,0.832774653307756
SV1_C93069,C93069,0.933473377474905
SV1_C74404,C74404,0.9655899277710656
SV1_C53511,C53511,0.974666178501261
SV1_C78055,C78055,0.7242227025856016
SV1_C79874,C79874,0.927090380468906
SV1_C11484,C11484,0.9088512019644294
SV1_C66641,C66641,0.8517144911003565
SV1_C89501,C89501,0.9993046931564569
SV1_C73904,C73904,0.9203022341240711
SV1_C85209,C85209,0.8953799539908818
SV1_C10249,C10249,0.791648360881048
SV1_C54033,C54033,0.976518589653924
SV1_C78040,C78040,0.8619248448711859
SV1_C48099,C48099,0.8365748305419117
SV1_C19246,C19246,0.9547296479585639
SV1_C57016,C57016,0.9611258493353366
SV1_C52283,C52283,0.9331848327579685
SV1_C66633,C66633,0.8846219032413907
SV1_C46886,C46886,0.9577392574697768
SV1_C70817,C70817,0.9301704022151194
SV1_C66091,C66091,0.7944475388933275
SV1_C74466,C74466,0.8195452945401631
SV1_C57090,C57090,0.7897975565641708
SV1_C29411,C29411,0.891407381101953
SV1_C00072,C00072,0.9692394804266989
SV1_C95494,C95494,0.8227501003954625
SV1_C31885,C31885,0.9487436963455814
SV1_C12025,C12025,0.9379522587274511
SV1_C60113,C60113,0.8390359544693071
SV1_C45067,C45067,0.816646851938147
SV1_C68427,C68427,0.9041980082682274
SV1_C43900,C43900,0.9931378338060837
SV1_C00674,C00674,0.8623697863354371
SV1_C60621,C60621,0.8533875840672922
SV1_C71493,C71493,0.7277579857287269
SV1_C03025,C03025,0.9602615597713274
SV1_C49246,C49246,0.8996532954494098
SV1_C11472,C11472,0.934605596361854
SV1_C07270,C07270,0.8954104280568373
SV1_C72110,C72110,0.8698976993769242
SV1_C45606,C45606,0.9434399112545463
SV1_C63702,C63702,0.8922137936355905
SV1_C48625,C48625,0.7800333095829176
SV1_C46206,C46206,0.9417724035313603
SV1_C24626,C24626,0.8918713932538621
SV1_C10872,C10872,0.9600102505139864
SV1_C88220,C88220,0.8716532151392818
SV1_C48015,C48015,0.9556034444858408
SV1_C06115,C06115,0.8701701326658139
SV1_C34913,C34913,0.8081842025464497
SV1_C05477,C05477,0.7884191001676552
SV1_C99712,C99712,0.9462713794035127
SV1_C94899,C94899,0.9850216872294498
SV1_C93084,C93084,0.8867834596259385
SV1_C87082,C87082,0.8427148320560739
SV1_C28888,C28888,0.8301840736951482
SV1_C60101,C60101,0.9461334518593473
SV1_C90072,C90072,0.8834293887788874
SV1_C25811,C25811,0.9784069418232546
SV1_C33682,C33682,0.8369926690920682
SV1_C82201,C82201,0.9443370424286841
SV1_C40210,C40210,0.9402966153448361
SV1_C44440,C44440,0.87176535283513
SV1_C01834,C01834,0.8854682750577675
SV1_C94228,C94228,0.9773019357191748
SV1_C33007,C33007,0.8557752361014811
SV1_C72677,C72677,0.9541731311404466
SV1_C09702,C09702,0.9177254545306682
SV1_C45025,C45025,0.8056128837795801
SV1_C84001,C84001,0.943478541337517
SV1_C65427,C65427,0.8620171227431036
SV1_C93052,C93052,0.9300478639582124
SV1_C78088,C78088,0.877069807456081
SV1_C12678,C12678,0.8965211198787095
SV1_C11497,C11497,0.8206475337898566
SV1_C12651,C12651,0.8124669235505658
SV1_C33108,C33108,0.7985310947019325
SV1_C54000,C54000,0.8751868264736841
SV1_C51604,C51604,0.8614864919234811
SV1_C01915,C01915,0.8429109119044706
SV1_C92402,C92402,0.8988875638348217
SV1_C78005,C78005,0.9611828286123808
SV1_C12647,C12647,0.9265825955340773
SV1_C69617,C69617,0.8900237299924272
SV1_C51704,C51704,0.8106270120083071
SV1_C57640,C57640,0.747111585657978
SV1_C90689,C90689,0.8709250511818173
SV1_C78671,C78671,0.8572853541190334
SV1_C72015,C72015,0.8465953138336315
SV1_C35514,C35514,0.8732228399963707
SV1_C33095,C33095,0.7845181915878804
SV1_C81097,C81097,0.8748496315431936
SV1_C05412,C05412,0.8361824290713484
SV1_C79300,C79300,0.8915849810474372
SV1_C54025,C54025,0.9784511796521641
SV1_C24639,C24639,0.7453950120173947
SV1_C07873,C07873,0.9988662477972775
SV1_C72705,C72705,0.9191565791581223
SV1_C91254,C91254,0.8570092239470218
SV1_C76868,C76868,0.9570631462730136
SV1_C52878,C52878,0.8909133548890348
SV1_C02408,C02408,0.9867516531934535
SV1_C08420,C08420,0.948959706228121
SV1_C79203,C79203,0.8328970241356937
SV1_C36619,C36619,0.8881604160575078
SV1_C84111,C84111,0.8498270202987439
SV1_C97210,C97210,0.9621278429639963
SV1_C17472,C17472,0.8922105341526027
SV1_C73861,C73861,0.7593129711076558
SV1_C57695,C57695,0.7548321330907117
SV1_C97835,C97835,0.9979831062207214
SV1_C85317,C85317,0.9361881478107449
SV1_C61914,C61914,0.8946042807807238
SV1_C31913,C31913,0.9214213023165148
SV1_C69703,C69703,0.8654179755263701
SV1_C21633,C21633,0.9645202795172082
SV1_C76901,C76901,0.8918469757424089
SV1_C80476,C80476,0.9833044572185223
SV1_C56486,C56486,0.8149265408087462
SV1_C32505,C32505,0.8476909027591363
SV1_C03642,C03642,0.8654871513048751
SV1_C67900,C67900,0.9148607710934415
SV1_C60001,C60001,0.9604815550529028
SV1_C87051,C87051,0.9998286295464317
SV1_C88230,C88230,0.7563029672965824
SV1_C04815,C04815,0.8975485736675775
SV1_C03006,C03006,0.9604262044412245
SV1_C40820,C40820,0.9774278500686285
SV1_C49305,C49305,0.8249694330487507
SV1_C87018,C87018,0.9457692191990439
SV1_C24630,C24630,0.8936928248216953
SV1_C57602,C57602,0.9877710380233969
SV1_C97910,C97910,0.8931344698968822
SV1_C29408,C29408,0.8930164336409041
SV1_C28318,C28318,0.8207203672259794
SV1_C72649,C72649,0.7671927056965021
SV1_C00082,C00082,0.8734621992056256
SV1_C98503,C98503,0.9250828991961331
SV1_C03017,C03017,0.9339411300532307
SV1_C58835,C58835,0.8376660521766117
SV1_C82914,C82914,0.806881569659275
SV1_C24685,C24685,0.8950939101728357
SV1_C10812,C10812,0.9585959059536104
SV1_C81717,C81717,0.8263955487163843
SV1_C66088,C66088,0.7743044470977749
SV1_C88880,C88880,0.8412030893300279
SV1_C99696,C99696,0.8885479034091035
SV1_C75694,C75694,0.9139555676238784
SV1_C25294,C25294,0.9276011333204088
SV1_C10846,C10846,0.8872427041330331
SV1_C78602,C78602,0.9338287590688044
SV1_C57673,C57673,0.8188677630181173
SV1_C43886,C43886,0.8875916582411693
SV1_C24604,C24604,0.9147130262267811
SV1_C07268,C07268,0.9716628360206593
SV1_C68412,C68412,0.9663636406718964
SV1_C79301,C79301,0.8758033569718875
SV1_C25824,C25824,0.981648816141595
SV1_C34906,C34906,0.8208306160632206
SV1_C59508,C59508,0.8682400534589201
SV1_C73248,C73248,0.7638101080963702
SV1_C02409,C02409,0.994595326518144
SV1_C75671,C75671,0.8823408306225525
SV1_C13813,C13813,0.9897676668595464
SV1_C42609,C42609,0.8664510587031012
SV1_C94231,C94231,0.9611618635031453
SV1_C94298,C94298,0.9197695492288072
SV1_C67308,C67308,0.8864958730548839
SV1_C03609,C03609,0.9778539536311764
SV1_C63107,C63107,0.8865181932473382
SV1_C70283,C70283,0.982688691279044
SV1_C100219,C100219,0.7885185752882167
SV1_C84702,C84702,0.8443486845118441
SV1_C52278,C52278,0.896842490666545
SV1_C25272,C25272,0.8425311498685429
SV1_C95511,C95511,0.998146072933959
SV1_C22877,C22877,0.8307959383810272
SV1_C26431,C26431,0.8673156555203126
SV1_C97309,C97309,0.8354227411885894
SV1_C01216,C01216,0.9352223012730503
SV1_C17404,C17404,0.878639298441167
SV1_C71483,C71483,0.9881983299283897
SV1_C96613,C96613,0.9825245265947739
SV1_C75039,C75039,0.889922888892686
SV1_C81610,C81610,0.8997565337306503
SV1_C90093,C90093,0.963010325109978
SV1_C03026,C03026,0.8698038759201759
SV1_C50437,C50437,0.8552055484585619
SV1_C72715,C72715,0.9300930995219644
SV1_C21033,C21033,0.8347453355860519
SV1_C87031,C87031,0.8499397640923513
SV1_C85300,C85300,0.8227399448220203
SV1_C13232,C13232,0.9302704188478942
SV1_C16895,C16895,0.794431229044595
SV1_C22218,C22218,0.8953174741043352
SV1_C27009,C27009,0.8887135249843819
SV1_C52821,C52821,0.799780946203217
SV1_C60087,C60087,0.8612836143902052
SV1_C20415,C20415,0.8052023276499319
SV1_C05482,C05482,0.7945429687134935
SV1_C75076,C75076,0.9344818333535734
SV1_C82222,C82222,0.9260912891166858
SV1_C16278,C16278,0.8330932918922026
SV1_C26512,C26512,0.9107753217345455
SV1_C97808,C97808,0.9995241654329486
SV1_C76906,C76906,0.8617390343176482
SV1_C12021,C12021,0.906799023701062
SV1_C99616,C99616,0.9152970171788435
SV1_C55886,C55886,0.8687050372744114
SV1_C73244,C73244,0.7737546982309316
SV1_C30009,C30009,0.9127286697537664
SV1_C57693,C57693,0.8893589304400102
SV1_C06713,C06713,0.8930148154271369
SV1_C10308,C10308,0.8273600859477717
SV1_C58279,C58279,0.8331561127612516
SV1_C28202,C28202,0.7580446821975474
SV1_C43887,C43887,0.8185152578258699
SV1_C88832,C88832,0.7686138383019743
SV1_C12070,C12070,0.9147208601559665
SV1_C90070,C90070,0.805936363558987
SV1_C45051,C45051,0.7978972205300436
SV1_C78632,C78632,0.93473023993752
SV1_C87665,C87665,0.7676225316860328
SV1_C45035,C45035,0.7835562263152335
SV1_C94889,C94889,0.9149035429953702
SV1_C62491,C62491,0.8709365547214531
SV1_C81674,C81674,0.9224250478588133
SV1_C23436,C23436,0.9831823241793664
SV1_C61243,C61243,0.7958125329956294
SV1_C63625,C63625,0.7990303406006397
SV1_C08500,C08500,0.8409428150753525
SV1_C53440,C53440,0.8425045776044939
SV1_C84606,C84606,0.8832208933163281
SV1_C96640,C96640,0.9465379240151662
SV1_C75657,C75657,0.7569237872925269
SV1_C93040,C93040,0.8303229714305682
SV1_C63106,C63106,0.9516907917733263
SV1_C95473,C95473,0.9081845327068935
SV1_C87080,C87080,0.7966099613776181
SV1_C66042,C66042,0.8853251247548943
SV1_C33672,C33672,0.9701214133225001
SV1_C05517,C05517,0.9192376684336093
SV1_C96035,C96035,0.9812668014637214
SV1_C58906,C58906,0.9591660916331434
SV1_C100315,C100315,0.9337632426910065
SV1_C21011,C21011,0.8150845126083779
SV1_C73828,C73828,0.824840217044504
SV1_C01810,C01810,0.9687977981859758
SV1_C00074,C00074,0.8595239739393571
SV1_C12078,C12078,0.8463632925598006
SV1_C76200,C76200,0.929452797940251
SV1_C21675,C21675,0.7502620980602562
SV1_C57117,C57117,0.8641218797225605
SV1_C66674,C66674,0.9398974974485346
SV1_C23419,C23419,0.9797890458622653
SV1_C78014,C78014,0.915605985387089
SV1_C37213,C37213,0.8983023243374734
SV1_C64911,C64911,0.8678999151444202
SV1_C00635,C00635,0.9907228869030285
SV1_C31821,C31821,0.8550138431154355
SV1_C87640,C87640,0.7517908303517828
SV1_C78692,C78692,0.9635087355056022
SV1_C88219,C88219,0.9076728739431802
SV1_C28904,C28904,0.8350524973391343
SV1_C45711,C45711,0.8457389045068359
SV1_C67311,C67311,0.8794397901383056
SV1_C75626,C75626,0.8548872962700182
SV1_C34215,C34215,0.8358740477444481
SV1_C56506,C56506,0.9306713164175704
SV1_C91305,C91305,0.975205465456177
SV1_C87003,C87003,0.8402681173460945
SV1_C21606,C21606,0.9084174240679755
SV1_C60612,C60612,0.9429442489110368
SV1_C56509,C56509,0.9865034703069454
SV1_C02422,C02422,0.7357433566838075
SV1_C84603,C84603,0.7593920775104052
SV1_C27002,C27002,0.8036771043460682
SV1_C66105,C66105,0.9529591243514891
SV1_C85879,C85879,0.7923360303261793
SV1_C05488,C05488,0.9061555961824941
SV1_C28242,C28242,0.9380800139487246
SV1_C72702,C72702,0.884861458132331
SV1_C75646,C75646,0.8532709538269952
SV1_C32475,C32475,0.9703078235576967
SV1_C16803,C16803,0.8871489787663132
SV1_C52209,C52209,0.8845757952878163
SV1_C05480,C05480,0.8143211097002412
SV1_C33696,C33696,0.814109980853524
SV1_C69719,C69719,0.7091618320842187
SV1_C76833,C76833,0.97470613037656
SV1_C87110,C87110,0.9601265009962063
SV1_C11456,C11456,0.758118002537337
SV1_C99600,C99600,0.9494907958412493
SV1_C00678,C00678,0.8677376527040324
SV1_C74471,C74471,0.8779761033053957
SV1_C04839,C04839,0.9071609013056714
SV1_C75087,C75087,0.9108897150380717
SV1_C43231,C43231,0.7789257834656831
SV1_C88255,C88255,0.998122218313252
SV1_C27089,C27089,0.8909596807642101
SV1_C10866,C10866,0.8814494103815224
SV1_C46872,C46872,0.9118198539248263
SV1_C09602,C09602,0.9269156680997006
SV1_C08509,C08509,0.8364211548250065
SV1_C12088,C12088,0.8562712268121733
SV1_C20478,C20478,0.9090871397044139
SV1_C20493,C20493,0.7952939845045257
SV1_C70918,C70918,0.810430759755012
SV1_C13805,C13805,0.9940600963171344
SV1_C88279,C88279,0.8115961652387317
SV1_C90091,C90091,0.8358934430028699
SV1_C99039,C99039,0.9405697851932643
SV1_C48602,C48602,0.8525704177365439
SV1_C27689,C27689,0.8478733734306265
SV1_C03711,C03711,0.8027647915759015
SV1_C99082,C99082,0.8249774344253203
SV1_C63623,C63623,0.9168140100893233
SV1_C66607,C66607,0.789353011663424
SV1_C94837,C94837,0.9974251277762246
SV1_C18673,C18673,0.8338260811266011
SV1_C22216,C22216,0.9604230175956117
SV1_C13833,C13833,0.8916486320906197
SV1_C84609,C84609,0.9193603793303448
SV1_C14483,C14483,0.9395948329041356
SV1_C26493,C26493,0.9875688043708454
SV1_C37214,C37214,0.8832397852398532
SV1_C54034,C54034,0.9316575524901798
SV1_C22215,C22215,0.9953658262806455
SV1_C59431,C59431,0.8407355861026163
SV1_C32497,C32497,0.8542558595778585
SV1_C05432,C05432,0.8970390973557395
SV1_C87612,C87612,0.9020938138267205
SV1_C10314,C10314,0.8367235293378618
SV1_C25879,C25879,0.8596174255509618
SV1_C00012,C00012,0.983935972247464
SV1_C54688,C54688,0.8286665516926387
SV1_C16840,C16840,0.7731945762965384
SV1_C14422,C14422,0.8724744680510825
SV1_C44436,C44436,0.7927367909670634
SV1_C14413,C14413,0.9273819929904434
SV1_C10222,C10222,0.9886672704540033
SV1_C09106,C09106,0.914518207964085
SV1_C49896,C49896,0.8463089896143059
SV1_C73273,C73273,0.9544865995348234
SV1_C60703,C60703,0.9045550283807645
SV1_C09115,C09115,0.9240530701947753
SV1_C20437,C20437,0.8704011530691824
SV1_C25842,C25842,0.8015536661749431
SV1_C13202,C13202,0.9376093233623414
SV1_C53442,C53442,0.819265593809087
SV1_C07315,C07315,0.912554094352383
SV1_C96036,C96036,0.9791454280846198
SV1_C93696,C93696,0.8206177684777831
SV1_C46878,C46878,0.9814062414343749
SV1_C49283,C49283,0.8846920679025602
SV1_C47400,C47400,0.8196132246461787
SV1_C92415,C92415,0.8941432794340092
SV1_C55898,C55898,0.8843213020117707
SV1_C34305,C34305,0.8145469392749186
SV1_C98517,C98517,0.8458413506946343
SV1_C76832,C76832,0.963945209841573
SV1_C26438,C26438,0.8445690752231889
SV1_C98410,C98410,0.9622389055959868
SV1_C07310,C07310,0.8847388550739284
SV1_C80488,C80488,0.8161632049057517
SV1_C97315,C97315,0.9650001188042703
SV1_C11427,C11427,0.9926272013254098
SV1_C63676,C63676,0.803891740327832
SV1_C18004,C18004,0.8783971664856305
SV1_C09105,C09105,0.8458268423552165
SV1_C03099,C03099,0.810061853727372
SV1_C44485,C44485,0.8709657472878752
SV1_C01806,C01806,0.9674014078301917
SV1_C61800,C61800,0.9069664916629481
SV1_C09114,C09114,0.8484520760431442
SV1_C55810,C55810,0.9551260712310122
SV1_C92508,C92508,0.852846362502382
SV1_C44501,C44501,0.9989024124764263
SV1_C69612,C69612,0.9485110131985731
SV1_C09104,C09104,0.8405008776431004
SV1_C72042,C72042,0.7869971054431281
SV1_C93032,C93032,0.8934564252609002
SV1_C67842,C67842,0.8608963287644809
SV1_C00634,C00634,0.8892781975486913
SV1_C78684,C78684,0.9455534132553932
SV1_C45065,C45065,0.9369279716027102
SV1_C31878,C31878,0.859053339225227
SV1_C06717,C06717,0.9689869867447253
SV1_C31816,C31816,0.8689775354135588
SV1_C06690,C06690,0.875041410953315
SV1_C42023,C42023,0.8608506872395689
SV1_C10265,C10265,0.8937789734910632
SV1_C14490,C14490,0.8529483706860622
SV1_C67894,C67894,0.8094353246642373
SV1_C97846,C97846,0.9602993142021968
SV1_C26503,C26503,0.8286997092504903
SV1_C13807,C13807,0.8018505223734679
SV1_C87053,C87053,0.8209788044156461
SV1_C63607,C63607,0.8167830340222852
SV1_C66112,C66112,0.8953559423410732
SV1_C42007,C42007,0.9925252159574226
SV1_C48632,C48632,0.776932563442152
SV1_C96615,C96615,0.9040879586966314
SV1_C67231,C67231,0.8886684637652026
SV1_C96603,C96603,0.8425169877887748
SV1_C94279,C94279,0.9021056138967434
SV1_C35496,C35496,0.8704565755217037
SV1_C94214,C94214,0.9332440313513463
SV1_C69021,C69021,0.9179179591183911
SV1_C75635,C75635,0.9343942183030468
SV1_C100289,C100289,0.8693853903229687
SV1_C45698,C45698,0.972396605510885
SV1_C04847,C04847,0.8942093607486304
SV1_C24645,C24645,0.8714839714250202
SV1_C64300,C64300,0.8932365173720417
SV1_C12698,C12698,0.8172648484933894
SV1_C93034,C93034,0.8568476440079338
SV1_C97803,C97803,0.848853984620877
SV1_C04901,C04901,0.8533408578131798
SV1_C100284,C100284,0.9042342587338618
SV1_C00709,C00709,0.9309906745251437
SV1_C18092,C18092,0.7391729154079623
SV1_C87019,C87019,0.8922537769625313
SV1_C86472,C86472,0.7872054892636587
SV1_C10871,C10871,0.9085193332402861
SV1_C88229,C88229,0.769046825951643
SV1_C29491,C29491,0.9564493555320444
SV1_C07858,C07858,0.7833814945814727
SV1_C49831,C49831,0.7878726292121865
SV1_C86442,C86442,0.7278807691258851
SV1_C10837,C10837,0.8287001259937357
SV1_C06631,C06631,0.9176055463099321
SV1_C82812,C82812,0.9424920896141666
SV1_C76805,C76805,0.8899388049656192
SV1_C78105,C78105,0.7755759167001596
SV1_C60691,C60691,0.8336270261223281
SV1_C71504,C71504,0.8218120672714475
SV1_C11465,C11465,0.8934056492640285
SV1_C72052,C72052,0.7621552765586109
SV1_C98473,C98473,0.888603425062994
SV1_C57027,C57027,0.801814431670128
SV1_C14494,C14494,0.7882216154557895
SV1_C72645,C72645,0.7574019116329533
SV1_C84083,C84083,0.8794400596891211
SV1_C30076,C30076,0.9694813553147695
SV1_C94909,C94909,0.8211287921512698
SV1_C45715,C45715,0.8286006938747095
SV1_C09650,C09650,0.7669586407758552
SV1_C47428,C47428,0.7771315556094974
SV1_C52207,C52207,0.8722461200356706
SV1_C48663,C48663,0.8690664074594594
SV1_C70235,C70235,0.9546036965407663
SV1_C09630,C09630,0.8317056327616095
SV1_C96027,C96027,0.9845341342461357
SV1_C27079,C27079,0.8714781375798111
SV1_C00081,C00081,0.9673619390353553
SV1_C76231,C76231,0.951519532537086
SV1_C91276,C91276,0.9243130861157438
SV1_C70298,C70298,0.8765430506861924
SV1_C62412,C62412,0.8918025149848462
SV1_C04304,C04304,0.90111283472987
SV1_C49825,C49825,0.8106454481171146
SV1_C79804,C79804,0.9338048278822252
SV1_C66686,C66686,0.975367912867466
SV1_C84005,C84005,0.9436325105312571
SV1_C99075,C99075,0.7365299028176964
SV1_C78044,C78044,0.7826617969736355
SV1_C04895,C04895,0.8611964312968944
SV1_C07256,C07256,0.788551106604856
SV1_C00608,C00608,0.9931411832141807
SV1_C69118,C69118,0.9329075370246555
SV1_C69020,C69020,0.914405701346209
SV1_C91245,C91245,0.780807419060957
SV1_C30111,C30111,0.7690632817403433
SV1_C10300,C10300,0.8367391478326218
SV1_C62506,C62506,0.9907804429084996
SV1_C57112,C57112,0.9836862807001051
SV1_C56427,C56427,0.819998148825994
SV1_C73847,C73847,0.9693311314510272
SV1_C25898,C25898,0.9041020528435247
SV1_C21028,C21028,0.8260637047020543
SV1_C94276,C94276,0.911976600606852
SV1_C06076,C06076,0.8204541203829505
SV1_C99628,C99628,0.9932131606499434
SV1_C58913,C58913,0.8411968810928585
SV1_C75080,C75080,0.9324709760447932
SV1_C68483,C68483,0.8371349480490837
SV1_C67288,C67288,0.784551892918425
SV1_C93700,C93700,0.819972745977829
SV1_C64272,C64272,0.8211580112904306
SV1_C74455,C74455,0.9216061401567507
SV1_C77513,C77513,0.7894471699070188
SV1_C48633,C48633,0.7696584454437992
SV1_C23431,C23431,0.7412796614647673
SV1_C57099,C57099,0.7821859171552543
SV1_C64292,C64292,0.8504554143856441
SV1_C88805,C88805,0.9052744912126913
SV1_C51104,C51104,0.8111809018089494
SV1_C75110,C75110,0.8860362705099007
SV1_C27719,C27719,0.888652774925694
SV1_C90700,C90700,0.9852919192181304
SV1_C45696,C45696,0.9924058549665508
SV1_C92482,C92482,0.9860876587435273
SV1_C27715,C27715,0.8150520785793544
SV1_C66704,C66704,0.9116173453283776
SV1_C87644,C87644,0.7401258100684439
SV1_C09033,C09033,0.7786337745254669
SV1_C93056,C93056,0.9409200263159924
SV1_C25216,C25216,0.9974535807166484
SV1_C00116,C00116,0.9231964511484789
SV1_C96637,C96637,0.9827908794521116
SV1_C74422,C74422,0.9723931495204747
SV1_C88885,C88885,0.8502781004047997
SV1_C12099,C12099,0.9702547422611885
SV1_C46279,C46279,0.8848985626584627
SV1_C27035,C27035,0.8904935623799564
SV1_C09108,C09108,0.8306265753058123
SV1_C47417,C47417,0.7644265005066655
SV1_C48676,C48676,0.9118482195937085
SV1_C50517,C50517,0.7549821935610792
SV1_C37820,C37820,0.996616479943744
SV1_C59438,C59438,0.843720780554269
SV1_C00014,C00014,0.9628002847385061
SV1_C92403,C92403,0.856329363148083
SV1_C31822,C31822,0.8647225988326002
SV1_C72663,C72663,0.9112416774971038
SV1_C68496,C68496,0.9095122626201294
SV1_C85287,C85287,0.7705986133273492
SV1_C21605,C21605,0.8648688025619983
SV1_C13902,C13902,0.7632769096133073
SV1_C06715,C06715,0.855875163567453
SV1_C34884,C34884,0.9698813537747547
SV1_C96619,C96619,0.9574889661503501
SV1_C15610,C15610,0.9426621992600082
SV1_C79220,C79220,0.8333830980380793
SV1_C24005,C24005,0.8970183520775026
SV1_C68514,C68514,0.8875684529758795
SV1_C85911,C85911,0.8063380009277856
SV1_C22883,C22883,0.7891698709401027
SV1_C13248,C13248,0.7599480913855213
SV1_C30675,C30675,0.9728861745653217
SV1_C54638,C54638,0.9280549657610485
SV1_C87105,C87105,0.9926522190913273
SV1_C68489,C68489,0.8615474092605372
SV1_C76910,C76910,0.8544668394738266
SV1_C87633,C87633,0.7638067694597499
SV1_C11500,C11500,0.8158147031673543
SV1_C55203,C55203,0.8258906894150577
SV1_C87022,C87022,0.8933377413471968
SV1_C99607,C99607,0.8149991447802468
SV1_C39021,C39021,0.9997149670428042
SV1_C71432,C71432,0.8771272744476539
SV1_C96072,C96072,0.9017563546100539
SV1_C98413,C98413,0.9866491883166606
SV1_C64823,C64823,0.9891633200373706
SV1_C43804,C43804,0.8654877256093401
SV1_C57075,C57075,0.8687131358957625
SV1_C25847,C25847,0.8060668118190594
SV1_C96696,C96696,0.8215686174783253
SV1_C08453,C08453,0.7971437658423388
SV1_C54111,C54111,0.9654331356814237
SV1_C43243,C43243,0.760211365935908
SV1_C12634,C12634,0.9020447177957424
SV1_C75655,C75655,0.9043069059132169
SV1_C81006,C81006,0.8965490151964289
SV1_C13229,C13229,0.9375918969935091
SV1_C45648,C45648,0.9904176490036759
SV1_C37208,C37208,0.8535975824103007
SV1_C97836,C97836,0.9303586707878287
SV1_C84681,C84681,0.9413129355889815
SV1_C56433,C56433,0.9298589198534695
SV1_C07219,C07219,0.8599262282910305
SV1_C02438,C02438,0.900716069628124
SV1_C49820,C49820,0.7459106809883137
SV1_C40218,C40218,0.9309706332399404
SV1_C65510,C65510,0.9637216498374752
SV1_C76218,C76218,0.9303304591979012
SV1_C93094,C93094,0.8248134770745835
SV1_C60021,C60021,0.8569188894286864
SV1_C21088,C21088,0.903847780407781
SV1_C28878,C28878,0.8395227586164904
SV1_C70296,C70296,0.7977056006571777
SV1_C96604,C96604,0.994812618669434
SV1_C90661,C90661,0.882048777563594
SV1_C59443,C59443,0.7567737257591771
SV1_C24001,C24001,0.8883356890039805
SV1_C25877,C25877,0.9178834847549046
SV1_C69114,C69114,0.8776297497858981
SV1_C11441,C11441,0.7501543666372184
SV1_C37216,C37216,0.9531817574680782
SV1_C63024,C63024,0.8120552392361133
SV1_C54092,C54092,0.9337115288266886
SV1_C44511,C44511,0.8446770821940661
SV1_C88240,C88240,0.7463532372058697
SV1_C13824,C13824,0.90168586559072
SV1_C03626,C03626,0.8620030662162688
SV1_C47477,C47477,0.9597651964783019
SV1_C90702,C90702,0.9673885483572607
SV1_C87119,C87119,0.942378458295453
SV1_C71484,C71484,0.7677042377584965
SV1_C38400,C38400,0.8281567546455564
SV1_C77434,C77434,0.9548265572990695
SV1_C18647,C18647,0.8863536862750959
SV1_C74425,C74425,0.8476426065818693
SV1_C13834,C13834,0.8466909794799118
SV1_C84673,C84673,0.9411561586050491
SV1_C33019,C33019,0.8575740692301341
SV1_C69699,C69699,0.8661582611341982
SV1_C95417,C95417,0.943208974755377
SV1_C21020,C21020,0.9258852902011213
SV1_C51089,C51089,0.8858950446113394
SV1_C20425,C20425,0.8424466547763682
SV1_C08490,C08490,0.8383082311689609
SV1_C78031,C78031,0.9009635107201392
SV1_C90705,C90705,0.9919751311526613
SV1_C26433,C26433,0.9439447420895736
SV1_C16239,C16239,0.8440091958913521
SV1_C43885,C43885,0.8574875718020739
SV1_C60072,C60072,0.8124128929750833
SV1_C14446,C14446,0.9806358749528518
SV1_C88305,C88305,0.9981068289121082
SV1_C44473,C44473,0.9016948478236377
SV1_C57706,C57706,0.9363515480415744
SV1_C79891,C79891,0.9626120834368933
SV1_C81088,C81088,0.8347394071266594
SV1_C11509,C11509,0.8146976022010215
SV1_C44422,C44422,0.8871434187339351
SV1_C58809,C58809,0.9730313455210983
SV1_C09016,C09016,0.925227671875021
SV1_C75627,C75627,0.9379891820932045
SV1_C63013,C63013,0.897301172101796
SV1_C75638,C75638,0.8196168601033152
SV1_C16230,C16230,0.9564387966675225
SV1_C27602,C27602,0.7601457009552623
SV1_C97298,C97298,0.8947770510522339
SV1_C02416,C02416,0.9301166281072001
SV1_C25894,C25894,0.9313512535916463
SV1_C11508,C11508,0.8070036938983713
SV1_C16220,C16220,0.7908876857886147
SV1_C77458,C77458,0.8100842609251835
SV1_C27612,C27612,0.8831555829327304
SV1_C73905,C73905,0.9253122608171849
SV1_C46818,C46818,0.8716020128946382
SV1_C65401,C65401,0.9738099047655662
SV1_C24606,C24606,0.9132009646688884
SV1_C85897,C85897,0.8295737250405356
SV1_C33600,C33600,0.8233608707788718
SV1_C86503,C86503,0.8311910773199451
SV1_C77453,C77453,0.8399996499774817
SV1_C76875,C76875,0.8393971896467668
SV1_C97247,C97247,0.8617206747818449
SV1_C13840,C13840,0.7872468091021197
SV1_C77492,C77492,0.9476304631725343
SV1_C48094,C48094,0.7909918891971368
SV1_C61890,C61890,0.8545209045419073
SV1_C99087,C99087,0.7528125947982436
SV1_C94828,C94828,0.9739841364425494
SV1_C10862,C10862,0.851310702046634
SV1_C66047,C66047,0.8684201193527679
SV1_C96075,C96075,0.8886103398302961
SV1_C03038,C03038,0.9005255555164313
SV1_C32417,C32417,0.8816740821511998
SV1_C00675,C00675,0.7783003639667571
SV1_C91291,C91291,0.8368766426776131
SV1_C77463,C77463,0.8490480362924261
SV1_C63045,C63045,0.7688665731549049
SV1_C62444,C62444,0.8033615048788683
SV1_C93117,C93117,0.7737470264689514
SV1_C81616,C81616,0.8950599432257531
SV1_C12638,C12638,0.8741946373776566
SV1_C78622,C78622,0.7786760869767613
SV1_C21708,C21708,0.889035260607152
SV1_C01204,C01204,0.9916112111815572
SV1_C83410,C83410,0.9087534858606101
SV1_C73846,C73846,0.8797355787368895
SV1_C27604,C27604,0.8359464774239329
SV1_C99085,C99085,0.9430074100645847
SV1_C31306,C31306,0.8668930617473865
SV1_C61835,C61835,0.8494108717689617
SV1_C97892,C97892,0.9124885578210659
SV1_C67312,C67312,0.9052018656346971
SV1_C95443,C95443,0.8847847832919106
SV1_C79911,C79911,0.9281171427399231
SV1_C02410,C02410,0.9660143276469723
SV1_C76265,C76265,0.8474800109805475
SV1_C27620,C27620,0.8809354894161378
SV1_C64299,C64299,0.7919915223218591
SV1_C97292,C97292,0.9018730541358134
SV1_C45651,C45651,0.796140159078605
SV1_C59405,C59405,0.9664106852317893
SV1_C48645,C48645,0.9818847846078007
SV1_C45607,C45607,0.9994878253810513
SV1_C39603,C39603,0.9686957835294692
SV1_C79905,C79905,0.8870202067856521
SV1_C79287,C79287,0.9964994129455725
SV1_C13236,C13236,0.9018585322740795
SV1_C08482,C08482,0.9481705389010917
SV1_C12714,C12714,0.7782501683953582
SV1_C13217,C13217,0.9408861943867954
SV1_C88253,C88253,0.8149047366722951
SV1_C87611,C87611,0.8613357578777588
SV1_C44404,C44404,0.8625458116269205
SV1_C41420,C41420,0.9475463044909991
SV1_C17432,C17432,0.8456691495395374
SV1_C75653,C75653,0.7558128967183211
SV1_C94845,C94845,0.8494414358764572
SV1_C47426,C47426,0.7498671700751965
SV1_C92467,C92467,0.8148642929309599
SV1_C10250,C10250,0.7683291900181972
SV1_C82805,C82805,0.9482254108629226
SV1_C61319,C61319,0.841055493772524
SV1_C94903,C94903,0.9879386338379259
SV1_C10819,C10819,0.8319928293860938
SV1_C57015,C57015,0.9005005883187853
SV1_C60089,C60089,0.9770644166870572
SV1_C49857,C49857,0.9714720428408905
SV1_C74478,C74478,0.9073665966171566
SV1_C10229,C10229,0.8303031890427303
SV1_C46257,C46257,0.9974089844528706
SV1_C31307,C31307,0.8032661088076176
SV1_C51086,C51086,0.8850123705634702
SV1_C06093,C06093,0.9864779918044515
SV1_C24111,C24111,0.8891958524242364
SV1_C27606,C27606,0.7675833375893465
SV1_C09038,C09038,0.7776851385686104
SV1_C61300,C61300,0.9178092764989082
SV1_C87706,C87706,0.9704973403750835
SV1_C62488,C62488,0.8513376524342527
SV1_C97236,C97236,0.9543309365609399
SV1_C27717,C27717,0.7968339401708021
SV1_C86489,C86489,0.9039464671262264
SV1_C09641,C09641,0.7065964505480388
SV1_C32400,C32400,0.8627167966914318
SV1_C19200,C19200,0.8722139927395742
SV1_C50409,C50409,0.8899305682227122
SV1_C45649,C45649,0.9970735088621806
SV1_C49826,C49826,0.8324413212128949
SV1_C32416,C32416,0.8585826452151232
SV1_C79817,C79817,0.8753305659951156
SV1_C90049,C90049,0.800560854738435
SV1_C03697,C03697,0.8897612566017731
SV1_C50518,C50518,0.8552741426255406
SV1_C80400,C80400,0.9391315812186938
SV1_C68424,C68424,0.8143490297183772
SV1_C63098,C63098,0.9546886165610712
SV1_C94247,C94247,0.7830917560218835
SV1_C10254,C10254,0.7793258409779423
SV1_C34272,C34272,0.8971486879139439
SV1_C46901,C46901,0.9906832432126449
SV1_C86501,C86501,0.9887154465937937
SV1_C06023,C06023,0.9339388410517608
SV1_C87719,C87719,0.9405495148966445
SV1_C51115,C51115,0.9995193151865657
SV1_C92512,C92512,0.8167259837462025
SV1_C35485,C35485,0.969105198006426
SV1_C10803,C10803,0.8725421897638101
SV1_C54684,C54684,0.9090640245820686
SV1_C43919,C43919,0.8735653593414073
SV1_C75033,C75033,0.8617747632747853
SV1_C39018,C39018,0.9390058024533053
SV1_C96694,C96694,0.8154297624337885
SV1_C99078,C99078,0.8071912448798529
SV1_C44508,C44508,0.9862476354567655
SV1_C100227,C100227,0.830308391953587
SV1_C11421,C11421,0.9370119608088817
SV1_C81087,C81087,0.9990464272774092
SV1_C28292,C28292,0.8494721132731524
SV1_C98404,C98404,0.9970869457008894
SV1_C94318,C94318,0.7711508022828936
SV1_C47413,C47413,0.8131935373022143
SV1_C56483,C56483,0.9313085144151156
SV1_C25224,C25224,0.9929825636876447
SV1_C62432,C62432,0.806867316658469
SV1_C52225,C52225,0.9325171754198451
SV1_C04312,C04312,0.8909639592235863
SV1_C66608,C66608,0.9772983375668264
SV1_C44408,C44408,0.8606750589225605
SV1_C08493,C08493,0.7956376150454502
SV1_C10203,C10203,0.8783567163974054
SV1_C27713,C27713,0.9411876751204671
SV1_C74408,C74408,0.9653393190052316
SV1_C68484,C68484,0.8412149939980486
SV1_C49807,C49807,0.7946970525068794
SV1_C57699,C57699,0.8688742715004028
SV1_C18021,C18021,0.8200934008013274
SV1_C82300,C82300,0.890104930101786
SV1_C10256,C10256,0.7859564958378745
SV1_C90052,C90052,0.8105834328087551
SV1_C90101,C90101,0.9971427985117085
SV1_C01280,C01280,0.9875505891972564
SV1_C87057,C87057,0.8179713396045056
SV1_C07879,C07879,0.861760584979302
SV1_C97287,C97287,0.8885733119276508
SV1_C97201,C97201,0.9944514263335099
SV1_C06697,C06697,0.8484110649121617
SV1_C17435,C17435,0.8548748145544782
SV1_C46862,C46862,0.9519263106111152
SV1_C27037,C27037,0.9244530106062211
SV1_C32515,C32515,0.8494780616594487
SV1_C93039,C93039,0.7439257732392053
SV1_C94285,C94285,0.8754472348682997
SV1_C24692,C24692,0.9901749879919185
SV1_C85202,C85202,0.8802163257829928
SV1_C75068,C75068,0.96705044851238
SV1_C48110,C48110,0.9296883449711506
SV1_C79912,C79912,0.8933114011202176
SV1_C60636,C60636,0.8379543184470706
SV1_C08474,C08474,0.9489060735951584
SV1_C26405,C26405,0.9047905052064414
SV1_C44439,C44439,0.7705801968592837
SV1_C63686,C63686,0.9074025200221214
SV1_C28211,C28211,0.8380850392962981
SV1_C76256,C76256,0.7685724902688488
SV1_C76842,C76842,0.7959040257182118
SV1_C18031,C18031,0.8991987417244564
SV1_C28210,C28210,0.7606092487626471
SV1_C29483,C29483,0.9773657110872144
SV1_C94881,C94881,0.9037327742275149
SV1_C81102,C81102,0.8541196874933915
SV1_C44461,C44461,0.990242758339455
SV1_C99673,C99673,0.8862986756401453
SV1_C34813,C34813,0.8940524858950087
SV1_C09100,C09100,0.8405840315080987
SV1_C40813,C40813,0.8783692487279773
SV1_C56512,C56512,0.9716535661729896
SV1_C84073,C84073,0.8486450218819933
SV1_C72616,C72616,0.9114607605613332
SV1_C63116,C63116,0.8718223404143172
SV1_C86474,C86474,0.8297120392366487
SV1_C22907,C22907,0.849492237383788
SV1_C79914,C79914,0.8337218176274493
SV1_C00636,C00636,0.9930116485036558
SV1_C48691,C48691,0.835347052444742
SV1_C57635,C57635,0.8310047254284951
SV1_C68504,C68504,0.9043529244131958
SV1_C58281,C58281,0.8573903092295053
SV1_C52275,C52275,0.9235545004924043
SV1_C75656,C75656,0.7491181676366151
SV1_C03019,C03019,0.7949937429127525
SV1_C73897,C73897,0.9242651129129994
SV1_C100233,C100233,0.9890965575908006
SV1_C100312,C100312,0.9416268331060325
SV1_C73287,C73287,0.8870102351817515
SV1_C87084,C87084,0.7815633378922481
SV1_C13285,C13285,0.9714319098040722
SV1_C51020,C51020,0.7872539078887251
SV1_C52316,C52316,0.7068427100015213
SV1_C42616,C42616,0.7964992137126214
SV1_C45700,C45700,0.9931070188711802
SV1_C30708,C30708,0.8357946046484944
SV1_C60074,C60074,0.9578064853698987
SV1_C91265,C91265,0.9422970507488558
SV1_C13210,C13210,0.940150382562003
SV1_C56414,C56414,0.9716944596339309
SV1_C45106,C45106,0.9749471889927264
SV1_C76809,C76809,0.8900097981357374
SV1_C36608,C36608,0.8532837198796028
SV1_C34282,C34282,0.7923972797685968
SV1_C15605,C15605,0.9143967751581001
SV1_C48690,C48690,0.8916868807875968
SV1_C00006,C00006,0.9690361686644177
SV1_C03707,C03707,0.8164632780790919
SV1_C88828,C88828,0.7773570328434197
SV1_C19847,C19847,0.8435008465133003
SV1_C55894,C55894,0.9385070993614574
SV1_C43826,C43826,0.7740174960823919
SV1_C57083,C57083,0.8759702313357309
SV1_C86455,C86455,0.9995565983806497
SV1_C14407,C14407,0.8962886974289392
SV1_C45119,C45119,0.8665318509522841
SV1_C46803,C46803,0.9934623219936083
SV1_C90075,C90075,0.8638704923914505
SV1_C06626,C06626,0.9881986571203402
SV1_C06674,C06674,0.7639001429482674
SV1_C52286,C52286,0.8792101251659745
SV1_C83499,C83499,0.869639141567657
SV1_C10233,C10233,0.8234650416116717
SV1_C98422,C98422,0.933884977431079
SV1_C55231,C55231,0.9644642975952689
SV1_C47438,C47438,0.7433169572684376
SV1_C33676,C33676,0.9704364282419965
SV1_C97310,C97310,0.9098828183502281
SV1_C62402,C62402,0.9256005338226259
SV1_C78050,C78050,0.7965603828686215
SV1_C72674,C72674,0.9101749759060657
SV1_C65496,C65496,0.9137501174016684
SV1_C76201,C76201,0.9240677619282659
SV1_C78664,C78664,0.8926247147794298
SV1_C16290,C16290,0.9276049240795053
SV1_C01300,C01300,0.9259191674552065
SV1_C76806,C76806,0.8752491068868812
SV1_C32510,C32510,0.8566939355171987
SV1_C49219,C49219,0.8140667968429248
SV1_C30104,C30104,0.8332681746583214
SV1_C79286,C79286,0.877498930308518
SV1_C99044,C99044,0.9412362402537197
SV1_C26446,C26446,0.8478328680138795
SV1_C22209,C22209,0.8899062345094435
SV1_C70812,C70812,0.8291999662457551
SV1_C18085,C18085,0.8225096802811186
SV1_C44476,C44476,0.865346095804382
SV1_C33088,C33088,0.8534931552347697
SV1_C30085,C30085,0.9183984798260797
SV1_C55800,C55800,0.9689182128780268
SV1_C09607,C09607,0.8796409462436815
SV1_C01877,C01877,0.9647594508752464
SV1_C80493,C80493,0.7284473303212134
SV1_C09029,C09029,0.786441760428628
SV1_C49281,C49281,0.9053578170260936
SV1_C77421,C77421,0.8260627878162828
SV1_C12014,C12014,0.8422772397133922
SV1_C14481,C14481,0.9150786048025098
SV1_C22904,C22904,0.8673111143738947
SV1_C75661,C75661,0.765753297217935
SV1_C69018,C69018,0.8609626668723784
SV1_C51040,C51040,0.7901050574627396
SV1_C36011,C36011,0.9129309373751051
SV1_C94892,C94892,0.8600521008751496
SV1_C82206,C82206,0.9038771959900787
SV1_C13281,C13281,0.9902305835116403
SV1_C77500,C77500,0.8289560544739389
SV1_C48680,C48680,0.908047967471068
SV1_C03645,C03645,0.9030668663135344
SV1_C04297,C04297,0.8720567111734572
SV1_C51634,C51634,0.8984535160174387
SV1_C11448,C11448,0.7572466969015613
SV1_C45075,C45075,0.8673259715120059
SV1_C80411,C80411,0.8377097034611097
SV1_C64883,C64883,0.8090809718195954
SV1_C90044,C90044,0.7603935851013973
SV1_C32484,C32484,0.9696815239319514
SV1_C92489,C92489,0.8873626878392157
SV1_C07864,C07864,0.8792295169728935
SV1_C27635,C27635,0.8889198389156023
SV1_C21018,C21018,0.9137621262223622
SV1_C75659,C75659,0.9040325297750373
SV1_C24617,C24617,0.9812521982838361
SV1_C89463,C89463,0.9817997000489114
SV1_C69645,C69645,0.8708040280174507
SV1_C18022,C18022,0.8588790698899048
SV1_C84692,C84692,0.7549061803811091
SV1_C51008,C51008,0.8669645802838394
SV1_C67834,C67834,0.8818730149113735
SV1_C54600,C54600,0.8994580184741289
SV1_C87054,C87054,0.9310648117745582
SV1_C06000,C06000,0.7571814869545423
SV1_C09628,C09628,0.812379884710178
SV1_C08498,C08498,0.9142557418552444
SV1_C82802,C82802,0.9080371009559178
SV1_C38407,C38407,0.9482398977969803
SV1_C61912,C61912,0.8179294052424424
SV1_C29515,C29515,0.7533606948114837
SV1_C59476,C59476,0.838354002385475
SV1_C34808,C34808,0.8361155455628895
SV1_C65403,C65403,0.7781292921295182
SV1_C25885,C25885,0.9373689344366187
SV1_C67800,C67800,0.9893014327930901
SV1_C45639,C45639,0.7727731426320067
SV1_C17442,C17442,0.9183170434732622
SV1_C04809,C04809,0.9254037571591951
SV1_C01876,C01876,0.9787200018835742
SV1_C67891,C67891,0.80872708737599
SV1_C77512,C77512,0.7702096940299535
SV1_C51091,C51091,0.8834060191747005
SV1_C100305,C100305,0.9243191530094587
SV1_C74457,C74457,0.7687574561280515
SV1_C84607,C84607,0.7593484263018584
SV1_C78667,C78667,0.7689871942075742
SV1_C83403,C83403,0.8038309101708497
SV1_C94308,C94308,0.8059622427200611
SV1_C88875,C88875,0.8266378562332605
SV1_C99709,C99709,0.9572801664248632
SV1_C66628,C66628,0.8623165335388394
SV1_C16294,C16294,0.8263264927752453
SV1_C95439,C95439,0.9549526681218042
SV1_C73906,C73906,0.8919048508391965
SV1_C26501,C26501,0.8915730284240417
SV1_C24687,C24687,0.8375436874107715
SV1_C19276,C19276,0.792898728206274
SV1_C03030,C03030,0.8754100753896585
SV1_C85908,C85908,0.8517374672484898
SV1_C02515,C02515,0.8408393827018251
SV1_C73835,C73835,0.8888663970732438
SV1_C63083,C63083,0.8938748793445517
SV1_C16813,C16813,0.920756010581776
SV1_C76899,C76899,0.9455543915714882
SV1_C49887,C49887,0.8270082119064772
SV1_C93013,C93013,0.8771397974990286
SV1_C91284,C91284,0.9033577602629663
SV1_C01227,C01227,0.978014608251228
SV1_C27681,C27681,0.864891122239845
SV1_C13312,C13312,0.7938712181028151
SV1_C00700,C00700,0.9247935965583658
SV1_C31815,C31815,0.8860306326743005
SV1_C45044,C45044,0.9602595877083933
SV1_C43881,C43881,0.8824717778667379
SV1_C26447,C26447,0.783238129885163
SV1_C83489,C83489,0.8994494043163319
SV1_C97888,C97888,0.9933869058451982
SV1_C63026,C63026,0.770913875137468
SV1_C83422,C83422,0.9111515990574006
SV1_C47480,C47480,0.9162190324947996
SV1_C93053,C93053,0.9295530308985611
SV1_C67275,C67275,0.8221520482890959
SV1_C88904,C88904,0.9944920322029526
SV1_C51607,C51607,0.8743273026468611
SV1_C11442,C11442,0.7695801346512244
SV1_C44481,C44481,0.8956954470873224
SV1_C01234,C01234,0.8872055425115294
SV1_C67281,C67281,0.9044046695666563
SV1_C79903,C79903,0.9170263372260099
SV1_C99631,C99631,0.9007018781939254
SV1_C33703,C33703,0.8206649529735734
SV1_C93082,C93082,0.9537200220541404
SV1_C22879,C22879,0.7836612314037149
SV1_C43894,C43894,0.7852350273154793
SV1_C48715,C48715,0.9360753738556189
SV1_C70236,C70236,0.8817116151956634
SV1_C00024,C00024,0.9684811116390186
SV1_C13258,C13258,0.8256696643147167
SV1_C69603,C69603,0.9307412287949285
SV1_C95477,C95477,0.9059371886722718
SV1_C09685,C09685,0.9718914491303223
SV1_C69047,C69047,0.8591799318599246
SV1_C88867,C88867,0.9346681681180661
SV1_C72011,C72011,0.8586506173524641
SV1_C00087,C00087,0.7888381083467284
SV1_C87116,C87116,0.7808264745613406
SV1_C87044,C87044,0.7342989556563951
SV1_C64287,C64287,0.9793087288824206
SV1_C24644,C24644,0.8412512357489152
SV1_C12115,C12115,0.899936193913828
SV1_C02414,C02414,0.9596119932993588
SV1_C35415,C35415,0.8690073084524472
SV1_C02513,C02513,0.9077247214128862
SV1_C13865,C13865,0.7967207410173168
SV1_C93026,C93026,0.8632244274664158
SV1_C11502,C11502,0.9046559745858682
SV1_C43242,C43242,0.7706468113491116
SV1_C41422,C41422,0.9387147696714991
SV1_C86444,C86444,0.7279831583368167
SV1_C99601,C99601,0.9453781157876775
SV1_C76890,C76890,0.813079756760429
SV1_C92509,C92509,0.8558560193153292
SV1_C84086,C84086,0.8071315849997657
SV1_C31801,C31801,0.8959565803570019
SV1_C76853,C76853,0.7968014874372196
SV1_C69033,C69033,0.8091718653774055
SV1_C69679,C69679,0.9201071959452005
SV1_C84015,C84015,0.8324379429143899
SV1_C94301,C94301,0.8195005781078725
SV1_C76908,C76908,0.8763200794679452
SV1_C70216,C70216,0.9186441212949534
SV1_C55818,C55818,0.9161404685149714
SV1_C71419,C71419,0.9737654168351135
SV1_C64807,C64807,0.7783717562421105
SV1_C55247,C55247,0.9868220065041262
SV1_C85299,C85299,0.7615843121279795
SV1_C25812,C25812,0.9761201556247417
SV1_C67885,C67885,0.919814560879729
SV1_C55802,C55802,0.9552881271855639
SV1_C23494,C23494,0.9057486123249949
SV1_C61919,C61919,0.8651249142721974
SV1_C46265,C46265,0.9346711253079357
SV1_C11435,C11435,0.9895466615387061
SV1_C21004,C21004,0.9135520115266972
SV1_C46814,C46814,0.9211276339771234
SV1_C65482,C65482,0.9362663992953743
SV1_C30622,C30622,0.8383878079275857
SV1_C87113,C87113,0.9433805493281328
SV1_C61210,C61210,0.9729575020829885
SV1_C57025,C57025,0.8710601182953398
SV1_C46847,C46847,0.8316500804494118
SV1_C49837,C49837,0.8208128899015978
SV1_C76851,C76851,0.8469614824275432
SV1_C90701,C90701,0.9909896881261638
SV1_C100220,C100220,0.782146681763381
SV1_C64293,C64293,0.8403830049327334
SV1_C61201,C61201,0.9451870257312838
SV1_C69030,C69030,0.8298318553667732
SV1_C78678,C78678,0.894655730162402
SV1_C17494,C17494,0.8460144061063336
SV1_C89485,C89485,0.8650107562431244
SV1_C60708,C60708,0.8808848821070223
SV1_C73801,C73801,0.9632117907560789
SV1_C34217,C34217,0.930440757183702
SV1_C22811,C22811,0.9913145916447541
SV1_C08424,C08424,0.7734453890892755
SV1_C08452,C08452,0.7918222674546616
SV1_C58225,C58225,0.8214755584654991
SV1_C27631,C27631,0.8923532962973791
SV1_C00683,C00683,0.7837505447064945
SV1_C07298,C07298,0.9062610136282165
SV1_C97318,C97318,0.7993457351814491
SV1_C04284,C04284,0.9657578154663562
SV1_C93078,C93078,0.955500480423103
SV1_C81619,C81619,0.9262174551377594
SV1_C73868,C73868,0.9594530319901572
SV1_C05439,C05439,0.8559889200421318
SV1_C16827,C16827,0.8335305536688119
SV1_C28289,C28289,0.8279532371240117
SV1_C77441,C77441,0.8753713693896757
SV1_C17409,C17409,0.9097658613838292
SV1_C58282,C58282,0.9035406424401133
SV1_C87005,C87005,0.8845631782611477
SV1_C87661,C87661,0.7980240797918543
SV1_C48032,C48032,0.7501192393360261
SV1_C91230,C91230,0.83498157520038
SV1_C25230,C25230,0.8908583083503486
SV1_C46866,C46866,0.8991550594644865
SV1_C73849,C73849,0.7682199197232951
SV1_C75669,C75669,0.9635465464995578
SV1_C88903,C88903,0.8371673491205771
SV1_C47449,C47449,0.9731570369634741
SV1_C22204,C22204,0.8883243105942464
SV1_C84695,C84695,0.8170528265984128
SV1_C85895,C85895,0.7887354403821337
SV1_C09113,C09113,0.7867503255651594
SV1_C61211,C61211,0.9271628171123854
SV1_C72090,C72090,0.8706039632804159
SV1_C01287,C01287,0.7879804043842926
SV1_C75034,C75034,0.8060407047157611
SV1_C52907,C52907,0.9469772595627326
SV1_C24646,C24646,0.8954774671509623
SV1_C47406,C47406,0.9256732472338868
SV1_C89430,C89430,0.7474085353061347
SV1_C58897,C58897,0.9314389204441315
SV1_C16815,C16815,0.9026547746291457
SV1_C70245,C70245,0.8805268863123669
SV1_C78115,C78115,0.8039198764629587
SV1_C98481,C98481,0.9171335511731054
SV1_C81098,C81098,0.8503007510146205
SV1_C67904,C67904,0.9107602883060695
SV1_C11419,C11419,0.8156960769379431
SV1_C52246,C52246,0.8247326973083005
SV1_C72714,C72714,0.8696980709005943
SV1_C34896,C34896,0.853626103255153
SV1_C76825,C76825,0.9777654124217573
SV1_C81082,C81082,0.9224796064190487
SV1_C01804,C01804,0.9894026895074121
SV1_C37211,C37211,0.9313612142097841
SV1_C29505,C29505,0.8140790374860687
SV1_C61206,C61206,0.9683379399678878
SV1_C10806,C10806,0.9085907627393417
SV1_C84704,C84704,0.8086804181570494
SV1_C11458,C11458,0.7912592284126595
SV1_C78107,C78107,0.8207371697807412
SV1_C16285,C16285,0.8680344031605471
SV1_C24106,C24106,0.9307149175530663
SV1_C99024,C99024,0.9761485631209306
SV1_C19203,C19203,0.8414570872214621
SV1_C22208,C22208,0.9032208115567688
SV1_C20474,C20474,0.9089361923695984
SV1_C99037,C99037,0.9763844051417869
SV1_C11430,C11430,0.8783387695243677
SV1_C95486,C95486,0.8237450809244722
SV1_C75095,C75095,0.8741478047118731
SV1_C18081,C18081,0.873728403696954
SV1_C44407,C44407,0.9994202740734013
SV1_C66024,C66024,0.862690562825835
SV1_C15694,C15694,0.8146281839014374
SV1_C80415,C80415,0.8736294632983224
SV1_C33090,C33090,0.8128512575261889
SV1_C93011,C93011,0.8369227887207259
SV1_C99706,C99706,0.949445588194226
SV1_C60108,C60108,0.8751540212743165
SV1_C66078,C66078,0.9372883539716085
SV1_C80481,C80481,0.995264532524963
SV1_C80482,C80482,0.9233331668617614
SV1_C56472,C56472,0.7757647319867336
SV1_C60712,C60712,0.8426643052685544
SV1_C13241,C13241,0.8128932261583962
SV1_C56500,C56500,0.9797495449427491
SV1_C55314,C55314,0.8633190601469554
SV1_C74442,C74442,0.7739689334972005
SV1_C12641,C12641,0.8203817184691223
SV1_C78056,C78056,0.8617349142670074
SV1_C19272,C19272,0.7936267204190894
SV1_C64892,C64892,0.713085037631408
SV1_C76881,C76881,0.8743164685388299
SV1_C45710,C45710,0.9690581854172909
SV1_C76912,C76912,0.8244787029031874
SV1_C25201,C25201,0.9003100296765026
SV1_C81114,C81114,0.8307069119019678
SV1_C22222,C22222,0.837055135295563
SV1_C97229,C97229,0.9449329507682843
SV1_C24021,C24021,0.9081640158058492
SV1_C49891,C49891,0.7774296549732133
SV1_C44495,C44495,0.7629847546306525
SV1_C81004,C81004,0.9433248318973922
SV1_C19211,C19211,0.8489565265760449
SV1_C65433,C65433,0.8907348038749457
SV1_C11420,C11420,0.9093271146369812
SV1_C89421,C89421,0.9022782421051467
SV1_C84011,C84011,0.7905374623568983
SV1_C96614,C96614,0.9505539633232529
SV1_C10302,C10302,0.917798201260865
SV1_C07891,C07891,0.9497813414447098
SV1_C49877,C49877,0.8557623662987828
SV1_C85914,C85914,0.8979051766385814
SV1_C24090,C24090,0.8851471266009452
SV1_C12012,C12012,0.9020973486864491
SV1_C24619,C24619,0.9800463003516524
SV1_C86518,C86518,0.8724367999467628
SV1_C29412,C29412,0.8963658246987439
SV1_C82314,C82314,0.8219437667728402
SV1_C05497,C05497,0.8172136066153
SV1_C45056,C45056,0.9928200599840499
SV1_C27611,C27611,0.8371180943834656
SV1_C67844,C67844,0.8682436686529746
SV1_C73311,C73311,0.9526397326792266
SV1_C45695,C45695,0.7716455571587097
SV1_C18016,C18016,0.8667427594631543
SV1_C97873,C97873,0.8826199522947761
SV1_C25311,C25311,0.892754151425983
SV1_C74517,C74517,0.8246489983809275
SV1_C90621,C90621,0.917677260710116
SV1_C35409,C35409,0.8570172596421872
SV1_C48674,C48674,0.9836305937837675
SV1_C70836,C70836,0.8853504688605219
SV1_C00026,C00026,0.8792840102015975
SV1_C87043,C87043,0.7883040672258342
SV1_C22894,C22894,0.8975926809624213
SV1_C80404,C80404,0.9389146829587777
SV1_C12657,C12657,0.7534427947419138
SV1_C48073,C48073,0.9661764645633446
SV1_C28293,C28293,0.8383765484989819
SV1_C90119,C90119,0.920249182597009
SV1_C72017,C72017,0.9059878478344143
SV1_C99103,C99103,0.8589480557638133
SV1_C70919,C70919,0.746313268565978
SV1_C38401,C38401,0.8460615807874985
SV1_C06020,C06020,0.7740615335593197
SV1_C29516,C29516,0.9995624315781714
SV1_C10288,C10288,0.853319662192646
SV1_C08441,C08441,0.7200184271116172
SV1_C93106,C93106,0.7781546393417947
SV1_C34273,C34273,0.8786252210571325
SV1_C21023,C21023,0.9284284622378915
SV1_C91226,C91226,0.8367655806609302
SV1_C81076,C81076,0.9807007963335419
SV1_C49295,C49295,0.8332440293610148
SV1_C75058,C75058,0.8546805891753453
SV1_C19805,C19805,0.8873246684561852
SV1_C07861,C07861,0.7830752654295788
SV1_C93694,C93694,0.8269879529100016
SV1_C45091,C45091,0.800409207654601
SV1_C82891,C82891,0.93813031933633
SV1_C22824,C22824,0.9901277729066111
SV1_C31912,C31912,0.9268037408047411
SV1_C43319,C43319,0.8760919847429963
SV1_C31877,C31877,0.9790588277247233
SV1_C79215,C79215,0.8739811276998115
SV1_C70876,C70876,0.7418193153793877
SV1_C81613,C81613,0.9301865076686261
SV1_C31298,C31298,0.8728196987672681
SV1_C63678,C63678,0.8496462599954622
SV1_C72610,C72610,0.9151049028091864
SV1_C07860,C07860,0.7767114033161134
SV1_C30691,C30691,0.965612571579344
SV1_C79305,C79305,0.8840202706685603
SV1_C81002,C81002,0.8965831655858255
SV1_C14491,C14491,0.905596997690321
SV1_C58875,C58875,0.8327947938586313
SV1_C25229,C25229,0.9838088672292713
SV1_C59501,C59501,0.9387104578070425
SV1_C88837,C88837,0.7587687101208354
SV1_C20477,C20477,0.958959076643228
SV1_C88258,C88258,0.9269308293171535
SV1_C16883,C16883,0.9325386103200377
SV1_C33111,C33111,0.797550347664168
SV1_C31310,C31310,0.8423851544278612
SV1_C46306,C46306,0.9734655336814122
SV1_C74443,C74443,0.8661926623893559
SV1_C97303,C97303,0.96892161514877
SV1_C58222,C58222,0.8852198871411889
SV1_C74490,C74490,0.8738044757843786
SV1_C88844,C88844,0.7501305499567995
SV1_C51613,C51613,0.8926644511113855
SV1_C75067,C75067,0.9566279006635369
SV1_C53408,C53408,0.8552138365751133
SV1_C14430,C14430,0.9681936905883088
SV1_C60102,C60102,0.9802810496763738
SV1_C34806,C34806,0.8439788485665104
SV1_C54716,C54716,0.7064156247059695
SV1_C74489,C74489,0.8467984617895505
SV1_C67812,C67812,0.9632856109451042
SV1_C03691,C03691,0.7877100671895794
SV1_C48061,C48061,0.9380175185472474
SV1_C33708,C33708,0.7818261349604007
SV1_C57111,C57111,0.7929752445331132
SV1_C58873,C58873,0.8576189125549938
SV1_C25225,C25225,0.9816245705359298
SV1_C30706,C30706,0.8600121407863366
SV1_C77468,C77468,0.9152202161133038
SV1_C52881,C52881,0.9778080877980416
SV1_C42620,C42620,0.8567040784948488
SV1_C62400,C62400,0.8805438325768356
SV1_C69646,C69646,0.9173197159867371
SV1_C72635,C72635,0.8600070790212155
SV1_C64281,C64281,0.8326072827429306
SV1_C33606,C33606,0.8677442089043566
SV1_C03027,C03027,0.9647916728604267
SV1_C25302,C25302,0.9173610204920281
SV1_C84674,C84674,0.8916380899183
SV1_C55825,C55825,0.9806343094266737
SV1_C80489,C80489,0.8009730451814109
SV1_C02473,C02473,0.9574207478835138
SV1_C08433,C08433,0.7568397609980982
SV1_C33715,C33715,0.9058452211919034
SV1_C32486,C32486,0.8752478534192459
SV1_C24101,C24101,0.8900994506066596
SV1_C24019,C24019,0.9804195953880072
SV1_C94293,C94293,0.8329563005127405
SV1_C29514,C29514,0.8678778523768063
SV1_C87695,C87695,0.941663742089513
SV1_C97896,C97896,0.8072149629987174
SV1_C58299,C58299,0.8779023768377822
SV1_C51021,C51021,0.8065584316316229
SV1_C64887,C64887,0.8138845223381983
SV1_C87686,C87686,0.8409594414219094
SV1_C61888,C61888,0.9199625930161034
SV1_C85302,C85302,0.8524604021745094
SV1_C71408,C71408,0.7718239779241117
SV1_C67899,C67899,0.9037551087033997
SV1_C48059,C48059,0.7905856079678485
SV1_C73809,C73809,0.9638793225818219
SV1_C69678,C69678,0.9219505512218686
SV1_C91292,C91292,0.8970814273602659
SV1_C03628,C03628,0.9707812842474373
SV1_C07264,C07264,0.8704102339198353
SV1_C97812,C97812,0.9922390741628375
SV1_C72604,C72604,0.973548546005997
SV1_C77464,C77464,0.9038938381810965
SV1_C09015,C09015,0.865764900757248
SV1_C73279,C73279,0.8265779445549366
SV1_C45021,C45021,0.8646932650213052
SV1_C98438,C98438,0.8874644137265478
SV1_C43864,C43864,0.9284272320314553
SV1_C76820,C76820,0.8609023432751238
SV1_C27615,C27615,0.8440431930086396
SV1_C93701,C93701,0.8208796850317649
SV1_C01313,C01313,0.907139608821269
SV1_C49829,C49829,0.8128689210531188
SV1_C43839,C43839,0.7682789700720464
SV1_C73891,C73891,0.9295418798456158
SV1_C07832,C07832,0.7844848897372608
SV1_C18072,C18072,0.861826755120199
SV1_C51676,C51676,0.9967029604784841
SV1_C97801,C97801,0.9959489026788693
SV1_C76297,C76297,0.9131654613741401
SV1_C77518,C77518,0.8006230461259651
SV1_C73204,C73204,0.9719767687443878
SV1_C99115,C99115,0.9125011599763124
SV1_C87076,C87076,0.8011629019299983
SV1_C73240,C73240,0.7411048800492909
SV1_C02493,C02493,0.8846133558901527
SV1_C45704,C45704,0.9934826606817018
SV1_C12110,C12110,0.8629023539678978
SV1_C61247,C61247,0.8323421989343665
SV1_C01200,C01200,0.9907089993931097
SV1_C95437,C95437,0.9940643373364227
SV1_C45116,C45116,0.7815176637912247
SV1_C32472,C32472,0.9995578816567291
SV1_C14404,C14404,0.8916034692129848
SV1_C09046,C09046,0.914868446679722
SV1_C42011,C42011,0.9929181984232753
SV1_C70314,C70314,0.7714065115591563
SV1_C23424,C23424,0.9941000187830592
SV1_C63716,C63716,0.9090721503764511
SV1_C84116,C84116,0.8326357459397946
SV1_C58838,C58838,0.8535510849999255
SV1_C13887,C13887,0.7644503180488074
SV1_C70218,C70218,0.893856140340075
SV1_C87115,C87115,0.8571111267139402
SV1_C49859,C49859,0.9325523217474437
SV1_C30685,C30685,0.9308311716388971
SV1_C73215,C73215,0.8503610113200868
SV1_C60022,C60022,0.8788391584606361
SV1_C98507,C98507,0.9304404310987902
SV1_C92423,C92423,0.8840682208000588
SV1_C46305,C46305,0.9979729566717922
SV1_C08471,C08471,0.8979564266478778
SV1_C07862,C07862,0.8283290722321016
SV1_C76209,C76209,0.9250286513491027
SV1_C31295,C31295,0.7940450530893077
SV1_C21081,C21081,0.9609026030225454
SV1_C70212,C70212,0.8987550562201712
SV1_C47448,C47448,0.9657213409439355
SV1_C51083,C51083,0.9065527854159576
SV1_C93054,C93054,0.8984001278904005
SV1_C00021,C00021,0.7661480633058774
SV1_C92459,C92459,0.780506077474686
SV1_C52910,C52910,0.906406779490633
SV1_C10298,C10298,0.9178772546399796
SV1_C13891,C13891,0.7983502134641426
SV1_C66082,C66082,0.9489799001095199
SV1_C35481,C35481,0.9322403780802334
SV1_C06086,C06086,0.7613708423993198
SV1_C99612,C99612,0.9426369278130927
SV1_C88901,C88901,0.9989410476768538
SV1_C42622,C42622,0.8459059308870377
SV1_C72630,C72630,0.7317476874502795
SV1_C38406,C38406,0.9085990143303834
SV1_C95423,C95423,0.9997450828095237
SV1_C83480,C83480,0.9010645562940715
SV1_C58244,C58244,0.8579321194457465
SV1_C11510,C11510,0.8871630026925558
SV1_C91830,C91830,0.8699579374709463
SV1_C11411,C11411,0.8615823849114946
SV1_C57033,C57033,0.8666835525360931
SV1_C51098,C51098,0.8599750756736554
SV1_C73850,C73850,0.8637610814472914
SV1_C13809,C13809,0.9949599146480741
SV1_C03117,C03117,0.9233835863145339
SV1_C40203,C40203,0.9796349085173075
SV1_C49287,C49287,0.867797988186236
SV1_C89449,C89449,0.8058635338117626
SV1_C04317,C04317,0.9062865418658778
SV1_C76911,C76911,0.9349813357736196
SV1_C58802,C58802,0.9855264590362177
SV1_C65429,C65429,0.8807427063752868
SV1_C63697,C63697,0.8692959311297975
SV1_C86429,C86429,0.77978166910165
SV1_C76840,C76840,0.8357320728877181
SV1_C00013,C00013,0.9910604517959637
SV1_C83472,C83472,0.9078230476261187
SV1_C58881,C58881,0.8554907253214435
SV1_C30023,C30023,0.8123631015534604
SV1_C74446,C74446,0.8751292637699852
SV1_C13245,C13245,0.7887857027848838
SV1_C97275,C97275,0.868674028895287
SV1_C93006,C93006,0.8632537320515773
SV1_C07265,C07265,0.8572848696479746
SV1_C00690,C00690,0.8620068048562896
SV1_C99089,C99089,0.9741694143689724
SV1_C96101,C96101,0.8211991018956067
SV1_C08504,C08504,0.8407372952952881
SV1_C87089,C87089,0.9045819645651372
SV1_C60611,C60611,0.9362200019105459
SV1_C28818,C28818,0.9249163012798531
SV1_C16834,C16834,0.9632279276727763
SV1_C08512,C08512,0.8054095016444418
SV1_C82298,C82298,0.8401141332062282
SV1_C99702,C99702,0.9368511304070346
SV1_C18042,C18042,0.8862833876410047
SV1_C55843,C55843,0.9200473167856814
SV1_C34278,C34278,0.775233400195387
SV1_C61830,C61830,0.7283754454445155
SV1_C57712,C57712,0.8469506816751327
SV1_C04283,C04283,0.7570437765966298
SV1_C48702,C48702,0.8758030015612163
SV1_C63646,C63646,0.7936850460618973
SV1_C93679,C93679,0.9033407241098823
SV1_C12092,C12092,0.9356276217938059
SV1_C34220,C34220,0.9465986168180486
SV1_C64814,C64814,0.8995840466191536
SV1_C12629,C12629,0.956536341803905
SV1_C12059,C12059,0.8974699119982872
SV1_C17447,C17447,0.9004667582817458
SV1_C58911,C58911,0.8638524501639783
SV1_C84108,C84108,0.8541544664184199
SV1_C21690,C21690,0.8078728540009595
SV1_C49256,C49256,0.92898701020175
SV1_C22825,C22825,0.976448111975393
SV1_C67202,C67202,0.9546881277922654
SV1_C08484,C08484,0.9616916835385839
SV1_C09620,C09620,0.9419879923495181
SV1_C31296,C31296,0.8193229351436478
SV1_C60084,C60084,0.9408790118450534
SV1_C81687,C81687,0.9960944064852922
SV1_C00672,C00672,0.9720904073282828
SV1_C50492,C50492,0.913086069898596
SV1_C57603,C57603,0.9408659559083934
SV1_C77446,C77446,0.8801663013378962
SV1_C45038,C45038,0.7661574073420373
SV1_C73242,C73242,0.7834691812694936
SV1_C100232,C100232,0.9851931914222846
SV1_C11452,C11452,0.7580189861915606
SV1_C28237,C28237,0.9711934628697189
SV1_C52272,C52272,0.9918527073582926
SV1_C46238,C46238,0.7631877856873608
SV1_C16845,C16845,0.9586117727772575
SV1_C39015,C39015,0.9497490568351663
SV1_C49865,C49865,0.9556274616135975
SV1_C06081,C06081,0.816437865031123
SV1_C29472,C29472,0.9571986222143348
SV1_C49895,C49895,0.8275527022108526
SV1_C75619,C75619,0.8432582662821475
SV1_C46242,C46242,0.8243866781262226
SV1_C50406,C50406,0.9069296963241683
SV1_C78687,C78687,0.7556903455661339
SV1_C31294,C31294,0.7387269314356171
SV1_C72118,C72118,0.9374781324310769
SV1_C66694,C66694,0.7741183741769003
SV1_C78094,C78094,0.9483591038663463
SV1_C72078,C72078,0.9081756901126918
SV1_C77488,C77488,0.8518800351588469
SV1_C47421,C47421,0.8301211729579385
SV1_C69072,C69072,0.8111114201545587
SV1_C48027,C48027,0.822714999598901
SV1_C24700,C24700,0.8597742790976944
SV1_C22893,C22893,0.9607653935352826
SV1_C86403,C86403,0.8327208260715574
SV1_C66015,C66015,0.8267825818567398
SV1_C66019,C66019,0.9251057409160752
SV1_C81711,C81711,0.9228851704060234
SV1_C11428,C11428,0.8983738031577215
SV1_C13277,C13277,0.9917577774830648
SV1_C43240,C43240,0.8496705537616525
SV1_C97234,C97234,0.9182593544193778
SV1_C86421,C86421,0.8697008456452958
SV1_C46255,C46255,0.7937875120032775
SV1_C25905,C25905,0.9016523507408102
SV1_C01276,C01276,0.978727230071537
SV1_C67814,C67814,0.9359465885026383
SV1_C80516,C80516,0.8313054293766206
SV1_C65425,C65425,0.8748366585824474
SV1_C36008,C36008,0.8524604758609653
SV1_C78092,C78092,0.9665730113743058
SV1_C13275,C13275,0.778541055129177
SV1_C45101,C45101,0.9992698030176922
SV1_C58806,C58806,0.9881484935794216
SV1_C34910,C34910,0.8102543239581104
SV1_C70811,C70811,0.993098284200119
SV1_C87029,C87029,0.7770949325168619
SV1_C15016,C15016,0.8870411621004629
SV1_C85293,C85293,0.7598767777833935
SV1_C71510,C71510,0.8080364355187628
SV1_C28810,C28810,0.9341895997712496
SV1_C38412,C38412,0.8969060097543265
SV1_C21719,C21719,0.8575264382530969
SV1_C91893,C91893,0.864838466084479
SV1_C61887,C61887,0.8523134969461019
SV1_C45074,C45074,0.9425640260998935
SV1_C21093,C21093,0.8337607366321523
SV1_C87065,C87065,0.7461511845788471
SV1_C89451,C89451,0.9918226802156316
SV1_C60110,C60110,0.9547079113281313
SV1_C25878,C25878,0.9650702872429257
SV1_C61896,C61896,0.920881600493523
SV1_C96679,C96679,0.886750681110233
SV1_C27712,C27712,0.9342507555105034
SV1_C70308,C70308,0.7888358418934623
SV1_C63016,C63016,0.8640282321287961
SV1_C100215,C100215,0.7777765841952676
SV1_C03643,C03643,0.947378846108649
SV1_C27038,C27038,0.8504411344849275
SV1_C24601,C24601,0.8935256295960435
SV1_C64833,C64833,0.8908869660297
SV1_C15600,C15600,0.8862122139385123
SV1_C43223,C43223,0.8553121863658013
SV1_C50500,C50500,0.8126318879956739
SV1_C52806,C52806,0.8994352534039881
SV1_C93640,C93640,0.9663836081942803
SV1_C77471,C77471,0.8292272077015144
SV1_C75647,C75647,0.9480545329160749
SV1_C73811,C73811,0.8626579415233906
SV1_C94232,C94232,0.9834356957423364
SV1_C13303,C13303,0.8409380479671039
SV1_C26506,C26506,0.9139056585116838
SV1_C00096,C00096,0.9178446964641988
SV1_C56413,C56413,0.9862463427387708
SV1_C73209,C73209,0.9661901472662405
SV1_C59428,C59428,0.8489578701416667
SV1_C27103,C27103,0.7923242369995895
SV1_C62487,C62487,0.8533758514565933
SV1_C99077,C99077,0.8824861431170441
SV1_C63012,C63012,0.8948749896864496
SV1_C02502,C02502,0.880262379134027
SV1_C97810,C97810,0.9641652434219856
SV1_C18609,C18609,0.8855719112435604
SV1_C84617,C84617,0.8744569870797819
SV1_C58286,C58286,0.8767004116594767
SV1_C99093,C99093,0.9043093001013472
SV1_C69025,C69025,0.7995566103001173
SV1_C63095,C63095,0.8563621694195793
SV1_C31285,C31285,0.9410176870740864
SV1_C86449,C86449,0.8237203742881399
SV1_C18627,C18627,0.9340526460143281
SV1_C08417,C08417,0.921913161534091
SV1_C57618,C57618,0.9850579006507477
SV1_C67916,C67916,0.9977190405848694
SV1_C09704,C09704,0.8392193652188246
SV1_C17422,C17422,0.8658973704892425
SV1_C11494,C11494,0.861752690501976
SV1_C49314,C49314,0.8934620133985051
SV1_C74451,C74451,0.9211738566035976
SV1_C70224,C70224,0.8931370542273364
SV1_C05483,C05483,0.731711933583289
SV1_C81685,C81685,0.9501023078896306
SV1_C76207,C76207,0.84873915865752
SV1_C78077,C78077,0.9593005575469937
SV1_C70810,C70810,0.9206008009017611
SV1_C73296,C73296,0.9184918211625853
SV1_C54714,C54714,0.8956198146679178
SV1_C48643,C48643,0.7123093294845909
SV1_C63077,C63077,0.8479077304208484
SV1_C93619,C93619,0.9598689412832287
SV1_C24014,C24014,0.926582288558343
SV1_C79202,C79202,0.8804985329695303
SV1_C65416,C65416,0.864127980499549
SV1_C09681,C09681,0.994919629702999
SV1_C86490,C86490,0.9250282425238273
SV1_C57612,C57612,0.9561556189848092
SV1_C91839,C91839,0.738731108929391
SV1_C82916,C82916,0.8355739399379338
SV1_C72628,C72628,0.7968394376326937
SV1_C82216,C82216,0.8982112678565527
SV1_C26497,C26497,0.8907695456157527
SV1_C27033,C27033,0.8828465129941891
SV1_C100319,C100319,0.8932943301535716
SV1_C20402,C20402,0.8924951260561144
SV1_C00622,C00622,0.7435840685141968
SV1_C48700,C48700,0.8944472104520071
SV1_C94275,C94275,0.8987173669218764
SV1_C76223,C76223,0.898425733011468
SV1_C87681,C87681,0.8391730631170206
SV1_C63680,C63680,0.8216041951600759
SV1_C69687,C69687,0.9078660969369233
SV1_C31206,C31206,0.9213440968281689
SV1_C77470,C77470,0.8497411972626663
SV1_C72026,C72026,0.7262087272759
SV1_C06706,C06706,0.8048031140707362
SV1_C48062,C48062,0.9096088466323671
SV1_C35419,C35419,0.9212195579064961
SV1_C08491,C08491,0.9608218418792946
SV1_C47419,C47419,0.9316971382709086
SV1_C93707,C93707,0.9936265974426883
SV1_C55237,C55237,0.9795097896040554
SV1_C76295,C76295,0.8858507271659566
SV1_C57698,C57698,0.9413873548414632
SV1_C86492,C86492,0.9520783407851777
SV1_C68485,C68485,0.9221802273011583
SV1_C53482,C53482,0.8829773412622018
SV1_C99095,C99095,0.7587783788107592
SV1_C66624,C66624,0.8569879637758135
SV1_C77486,C77486,0.8944107911533103
SV1_C29502,C29502,0.848015144414717
SV1_C93012,C93012,0.869864019446291
SV1_C46832,C46832,0.7896130711510126
SV1_C92506,C92506,0.8400021368852193
SV1_C39020,C39020,0.9962931746012516
SV1_C69688,C69688,0.7505395471930805
SV1_C24707,C24707,0.8571910890830641
SV1_C18612,C18612,0.8654337088204738
SV1_C73245,C73245,0.7604877935280919
SV1_C28219,C28219,0.8183946605457836
SV1_C63047,C63047,0.8820351488381788
SV1_C92460,C92460,0.9751504717286581
SV1_C63035,C63035,0.9096336711487484
SV1_C61231,C61231,0.8339040940058111
SV1_C61294,C61294,0.8485293446821479
SV1_C93044,C93044,0.791418916971406
SV1_C21639,C21639,0.7646087098320871
SV1_C60699,C60699,0.9056727255970755
SV1_C87017,C87017,0.9287804155611914
SV1_C57683,C57683,0.8348467099173328
SV1_C46860,C46860,0.9718562240953709
SV1_C11487,C11487,0.9678516230654985
SV1_C40807,C40807,0.9920043699078307
SV1_C79278,C79278,0.9226638858432968
SV1_C61812,C61812,0.918153854691017
SV1_C34894,C34894,0.8386554343518664
SV1_C82890,C82890,0.901445772146003
SV1_C47450,C47450,0.9422297984140189
SV1_C70301,C70301,0.835937472737522
SV1_C62443,C62443,0.8306090136481937
SV1_C13259,C13259,0.7605622984990245
SV1_C79885,C79885,0.9520785985252553
SV1_C56488,C56488,0.7528830214020306
SV1_C14487,C14487,0.9485314348737904
SV1_C00092,C00092,0.8875219555947724
SV1_C45016,C45016,0.7997302144071954
SV1_C76270,C76270,0.9025454134991232
SV1_C61897,C61897,0.9633439795243363
SV1_C87045,C87045,0.7475697766567286
SV1_C92496,C92496,0.8612668045178948
SV1_C96706,C96706,0.9155521883745074
SV1_C18034,C18034,0.9173720313932566
SV1_C59478,C59478,0.9434901378321925
SV1_C27625,C27625,0.8996956301359134
SV1_C28891,C28891,0.949948238580601
SV1_C45616,C45616,0.7953037958919378
SV1_C52236,C52236,0.900594005086537
SV1_C31312,C31312,0.9297505778462497
SV1_C55281,C55281,0.8612157218316624
SV1_C62516,C62516,0.8804573153921855
SV1_C52208,C52208,0.8623427530469299
SV1_C21642,C21642,0.7996149225141473
SV1_C06091,C06091,0.8394279277110555
SV1_C06080,C06080,0.8253888341421346
SV1_C49285,C49285,0.8854860178597859
SV1_C78083,C78083,0.7981031868240259
SV1_C82806,C82806,0.9081586400418338
SV1_C27647,C27647,0.724547220967009
SV1_C14438,C14438,0.9988255934758458
SV1_C06641,C06641,0.8653268326983157
SV1_C03708,C03708,0.9326789340008163
SV1_C43843,C43843,0.7563342066240417
SV1_C94212,C94212,0.970478034983738
SV1_C87008,C87008,0.8739980692288611
SV1_C86422,C86422,0.8852931506870566
SV1_C57109,C57109,0.9948914886893154
SV1_C21012,C21012,0.9050674860959561
SV1_C87049,C87049,0.8219783202490236
SV1_C96042,C96042,0.9320711962380268
SV1_C52294,C52294,0.9899780276376673
SV1_C86419,C86419,0.8837413068110209
SV1_C71405,C71405,0.7979564355511576
SV1_C97219,C97219,0.9524586291270493
SV1_C60676,C60676,0.8203230638936905
SV1_C12064,C12064,0.8803403642226185
SV1_C78657,C78657,0.8465425323195137
SV1_C77427,C77427,0.9469025274011086
SV1_C07916,C07916,0.8090486332664195
SV1_C91870,C91870,0.8798495730455262
SV1_C77503,C77503,0.894141479875229
SV1_C43275,C43275,0.8334079180967047
SV1_C33023,C33023,0.8704551522107977
SV1_C31200,C31200,0.8784535593616771
SV1_C88877,C88877,0.873668470440683
SV1_C18642,C18642,0.843657123195737
SV1_C63679,C63679,0.9192695209031495
SV1_C04806,C04806,0.8980048372435925
SV1_C10919,C10919,0.9521541469061399
SV1_C07213,C07213,0.9800672532239708
SV1_C64913,C64913,0.8686404143683614
SV1_C22298,C22298,0.8938176161957285
SV1_C26488,C26488,0.8995440610021808
SV1_C69099,C69099,0.8899237326244939
SV1_C69113,C69113,0.8997001309870643
SV1_C07260,C07260,0.7744111934170237
SV1_C80472,C80472,0.984691924622303
SV1_C21674,C21674,0.8272166278675754
SV1_C09089,C09089,0.8725994125537098
SV1_C77509,C77509,0.8230430733453165
SV1_C66706,C66706,0.9950315004817609
SV1_C65499,C65499,0.8986109284115246
SV1_C04244,C04244,0.8924176267364583
SV1_C55912,C55912,0.9364195249346563
SV1_C94225,C94225,0.9784642990140048
SV1_C87099,C87099,0.8333244327338802
SV1_C18045,C18045,0.9527212439361108
SV1_C13279,C13279,0.7869831451772136
SV1_C12652,C12652,0.7151200448681061
SV1_C44513,C44513,0.9498121304967607
SV1_C52841,C52841,0.8340937890783857
SV1_C34898,C34898,0.8214482423471738
SV1_C02497,C02497,0.903918833868776
SV1_C93109,C93109,0.784268570700806
SV1_C86425,C86425,0.7845667718822606
SV1_C06639,C06639,0.897277163549939
SV1_C03079,C03079,0.7604303424376713
SV1_C91911,C91911,0.7687014902579885
SV1_C33116,C33116,0.9770931150423984
SV1_C94273,C94273,0.9147090855250182
SV1_C64812,C64812,0.9323014733423635
SV1_C45702,C45702,0.9735291089626901
SV1_C100202,C100202,0.8777169939904674
SV1_C23422,C23422,0.8507735477729372
SV1_C65406,C65406,0.9337989881845001
SV1_C87118,C87118,0.8705541712413267
SV1_C86431,C86431,0.8502813965276872
SV1_C64842,C64842,0.8899500049947991
SV1_C77515,C77515,0.8294958129566007
SV1_C85887,C85887,0.8014220912354709
SV1_C03093,C03093,0.8826349611537039
SV1_C10301,C10301,0.842214022075957
SV1_C12686,C12686,0.8750813299530008
SV1_C87641,C87641,0.7526696341652263
SV1_C28224,C28224,0.9264202060444743
SV1_C75011,C75011,0.8612318818055532
SV1_C12091,C12091,0.992344211958114
SV1_C93028,C93028,0.8984165583508066
SV1_C18691,C18691,0.847385328906773
SV1_C45089,C45089,0.8058793978921536
SV1_C27025,C27025,0.8606079438966461
SV1_C13842,C13842,0.8350172795660422
SV1_C52897,C52897,0.8083235740699468
SV1_C97890,C97890,0.9085200304485725
SV1_C03635,C03635,0.9615687897155548
SV1_C44517,C44517,0.7826729868519539
SV1_C68429,C68429,0.8324647898474791
SV1_C29478,C29478,0.8472341002522438
SV1_C45689,C45689,0.8168277068572455
SV1_C13872,C13872,0.9895915617925687
SV1_C63008,C63008,0.9053334555807069
SV1_C09612,C09612,0.9778337089055507
SV1_C21009,C21009,0.9161794634625812
SV1_C00621,C00621,0.7647702599552972
SV1_C76904,C76904,0.8861520340781076
SV1_C24038,C24038,0.8827579975000163
SV1_C90646,C90646,0.788554120536196
SV1_C19889,C19889,0.8454850029621687
SV1_C00047,C00047,0.8011064209614758
SV1_C45713,C45713,0.9501300637679122
SV1_C46205,C46205,0.8479464899250365
SV1_C12718,C12718,0.8248748431673926
SV1_C08506,C08506,0.9118263516202633
SV1_C64917,C64917,0.9637560559542865
SV1_C87642,C87642,0.7419973605337461
SV1_C01844,C01844,0.8167606926394939
SV1_C92477,C92477,0.9604597631106389
SV1_C24675,C24675,0.8191754806182517
SV1_C75008,C75008,0.9605257616203987
SV1_C76894,C76894,0.875551857864754
SV1_C58315,C58315,0.8814568771667116
SV1_C34292,C34292,0.8447664462152676
SV1_C46853,C46853,0.9880800146341878
SV1_C47498,C47498,0.954860130810086
SV1_C06089,C06089,0.9290796840852088
SV1_C64905,C64905,0.9437463904785215
SV1_C91836,C91836,0.878844071931922
SV1_C00714,C00714,0.8211692225469411
SV1_C19890,C19890,0.8921315985398288
SV1_C42020,C42020,0.9062419449597449
SV1_C30614,C30614,0.9337609848435129
SV1_C15091,C15091,0.9067456270191662
SV1_C24107,C24107,0.8554838525715353
SV1_C55284,C55284,0.8536565043829041
SV1_C09636,C09636,0.7673900647559151
SV1_C06693,C06693,0.9949248054301321
SV1_C48699,C48699,0.7937701434687306
SV1_C96044,C96044,0.8524147211345138
SV1_C69634,C69634,0.8101141868798698
SV1_C16809,C16809,0.9137026414333885
SV1_C49879,C49879,0.8469318420649812
SV1_C69677,C69677,0.8543266476565717
SV1_C63639,C63639,0.8854135628594011
SV1_C03620,C03620,0.745525555299993
SV1_C36005,C36005,0.8358443305270169
SV1_C72650,C72650,0.8666769000707965
SV1_C91865,C91865,0.9866074889717749
SV1_C97880,C97880,0.9251787715924159
SV1_C55288,C55288,0.7993687163969758
SV1_C15043,C15043,0.8255019942286065
SV1_C46806,C46806,0.9356111289363177
SV1_C19235,C19235,0.9756746257069476
SV1_C97909,C97909,0.865842374570765
SV1_C81108,C81108,0.9161868780980555
SV1_C47441,C47441,0.9124933973542666
SV1_C47515,C47515,0.8784848651296596
SV1_C01897,C01897,0.9054095977263773
SV1_C23483,C23483,0.8035170841378309
SV1_C57119,C57119,0.8622956964443137
SV1_C33711,C33711,0.8207883694889051
SV1_C58294,C58294,0.8323064782088714
SV1_C73265,C73265,0.8289057124491934
SV1_C04237,C04237,0.9696218097886316
SV1_C01803,C01803,0.8152099801469829
SV1_C99074,C99074,0.7978433318036567
SV1_C05404,C05404,0.8433369971497028
SV1_C37807,C37807,0.940267925466788
SV1_C100206,C100206,0.877760304664264
SV1_C46266,C46266,0.9059220861533518
SV1_C66074,C66074,0.9303625655004822
SV1_C47416,C47416,0.7617169222907593
SV1_C71481,C71481,0.79281754140567
SV1_C91266,C91266,0.9093981760440459
SV1_C70275,C70275,0.9794041403278437
SV1_C43823,C43823,0.8534467894851042
SV1_C12094,C12094,0.9077741731355097
SV1_C88803,C88803,0.8598223293277065
SV1_C75051,C75051,0.9167455693774729
SV1_C58896,C58896,0.892923454835526
SV1_C54076,C54076,0.9566945736303687
SV1_C19239,C19239,0.9612182193419193
SV1_C71406,C71406,0.9035979401309446
SV1_C52893,C52893,0.965403454871399
SV1_C08459,C08459,0.9102989639750774
SV1_C45086,C45086,0.9155580135392781
SV1_C13836,C13836,0.8659786670478101
SV1_C43895,C43895,0.757794883468386
SV1_C98516,C98516,0.8231000380201386
SV1_C73831,C73831,0.8931450438144487
SV1_C76273,C76273,0.9068166469891609
SV1_C97882,C97882,0.8294714415011434
SV1_C61208,C61208,0.9272960968235245
SV1_C83508,C83508,0.8884559986765178
SV1_C51698,C51698,0.8587358375913108
SV1_C57715,C57715,0.8813506495662292
SV1_C91249,C91249,0.8701274093394574
SV1_C09012,C09012,0.981705170934424
SV1_C76264,C76264,0.8548103314680631
SV1_C72629,C72629,0.7834413549890605
SV1_C90611,C90611,0.8956174762566995
SV1_C53427,C53427,0.9978653657284635
SV1_C94893,C94893,0.8440273866075354
SV1_C16810,C16810,0.9380671558591543
SV1_C28239,C28239,0.8492782828798231
SV1_C51000,C51000,0.8615080303422203
SV1_C49854,C49854,0.9884341205213661
SV1_C93099,C93099,0.7408522700966359
SV1_C23441,C23441,0.8960219198885632
SV1_C00097,C00097,0.9011868680764717
SV1_C79807,C79807,0.8345954535979861
SV1_C07900,C07900,0.8403215083929451
SV1_C77505,C77505,0.8324114435873481
SV1_C69631,C69631,0.9221191299723058
SV1_C30109,C30109,0.8215378355359049
SV1_C27112,C27112,0.8949534134631311
SV1_C04229,C04229,0.9434724111408943
SV1_C66095,C66095,0.8537209195385065
SV1_C13830,C13830,0.8521454485444698
SV1_C90080,C90080,0.8788260193363381
SV1_C26425,C26425,0.9398066040803936
SV1_C58206,C58206,0.9896250492333707
SV1_C46200,C46200,0.8492949244156096
SV1_C03028,C03028,0.9789297347789193
SV1_C67903,C67903,0.9029369258306177
SV1_C96688,C96688,0.9642029734797879
SV1_C72626,C72626,0.7345495098608468
SV1_C82800,C82800,0.9534910082735248
SV1_C15613,C15613,0.9257389428128562
SV1_C70202,C70202,0.902381971836754
SV1_C02496,C02496,0.9188281695680972
SV1_C72047,C72047,0.9732026128710701
SV1_C87684,C87684,0.7906455789472348
SV1_C44480,C44480,0.8603092835847576
SV1_C100231,C100231,0.8288205455469592
SV1_C73268,C73268,0.9541376052262892
SV1_C29416,C29416,0.8815950048018781
SV1_C83415,C83415,0.8517577850303438
SV1_C86517,C86517,0.7868764936383585
SV1_C43314,C43314,0.922082416984422
SV1_C90057,C90057,0.8195816354260002
SV1_C97830,C97830,0.9091578902528303
SV1_C70222,C70222,0.9644768553684385
SV1_C88205,C88205,0.8990363751189344
SV1_C04280,C04280,0.9516594768204399
SV1_C64821,C64821,0.8261140148609465
SV1_C55282,C55282,0.88640840489513
SV1_C73864,C73864,0.8466698304148336
SV1_C92420,C92420,0.8757213995418562
SV1_C09061,C09061,0.7857311227555558
SV1_C54002,C54002,0.8842623595684328
SV1_C58883,C58883,0.8451545848629273
SV1_C13231,C13231,0.9299512350828409
SV1_C60687,C60687,0.8618881830704835
SV1_C78059,C78059,0.7300884613227079
SV1_C00645,C00645,0.8105943660341491
SV1_C04239,C04239,0.9520182564594858
SV1_C91808,C91808,0.9033497528946072
SV1_C87090,C87090,0.9264897324083752
SV1_C05406,C05406,0.8686827453156464
SV1_C70819,C70819,0.9802393888838556
SV1_C93608,C93608,0.9734709727367115
SV1_C98508,C98508,0.8753750000987648
SV1_C96082,C96082,0.8488660287110406
SV1_C53474,C53474,0.8822640636245744
SV1_C07239,C07239,0.8578613568158373
SV1_C61316,C61316,0.9160035450693301
SV1_C63610,C63610,0.9089517251925288
SV1_C07830,C07830,0.7868655210643037
SV1_C19232,C19232,0.8278506054852184
SV1_C72634,C72634,0.7246302858465719
SV1_C74438,C74438,0.7492054819519127
SV1_C44428,C44428,0.8040901704240833
SV1_C88227,C88227,0.8468172109078203
SV1_C66103,C66103,0.9003943772848709
SV1_C94202,C94202,0.9413739044623629
SV1_C49273,C49273,0.9099985799319631
SV1_C90059,C90059,0.9819765090931685
SV1_C77455,C77455,0.7860651320829781
SV1_C29500,C29500,0.8300938127840102
SV1_C22287,C22287,0.7800462979572202
SV1_C92498,C92498,0.8393453590373563
SV1_C52899,C52899,0.9272507811661861
SV1_C48665,C48665,0.897969132504954
SV1_C07280,C07280,0.9844590698058263
SV1_C70200,C70200,0.9227101053910716
SV1_C64834,C64834,0.9152332582535381
SV1_C10268,C10268,0.9975112633868511
SV1_C16887,C16887,0.9443620202695597
SV1_C94873,C94873,0.9121018924960828
SV1_C34216,C34216,0.9129718539178178
SV1_C61872,C61872,0.8393650527205276
SV1_C72086,C72086,0.8857347270010403
SV1_C99104,C99104,0.8888898072625265
SV1_C46915,C46915,0.8552241931900044
SV1_C87092,C87092,0.9521193886166953
SV1_C48029,C48029,0.7537277893834098
SV1_C04800,C04800,0.9162870380682079
SV1_C76257,C76257,0.7680850601783126
SV1_C23479,C23479,0.7977119265863819
SV1_C36616,C36616,0.9520960621630122
SV1_C18047,C18047,0.896043087055058
SV1_C52306,C52306,0.8772617887538705
SV1_C74494,C74494,0.9271226562118502
SV1_C74498,C74498,0.8917954713683559
SV1_C87621,C87621,0.8843174730879576
SV1_C75054,C75054,0.8552516459237389
SV1_C60601,C60601,0.9561974540782848
SV1_C65418,C65418,0.8624947265741767
SV1_C79913,C79913,0.8806729032340931
SV1_C25912,C25912,0.9257289116865569
SV1_C45611,C45611,0.9983632338278561
SV1_C46303,C46303,0.8637867830401822
SV1_C60646,C60646,0.9142362816054509
SV1_C60702,C60702,0.9871542031091581
SV1_C52915,C52915,0.9979832618162715
SV1_C87014,C87014,0.9311081156437346
SV1_C33717,C33717,0.9484464391091394
SV1_C100245,C100245,0.9299366870784143
SV1_C78646,C78646,0.9293014959950859
SV1_C17444,C17444,0.9119219798797167
SV1_C02400,C02400,0.9850346266935264
SV1_C07846,C07846,0.9206697931604503
SV1_C95438,C95438,0.9605290095162679
SV1_C94210,C94210,0.9407411911918234
SV1_C99697,C99697,0.9120674757103016
SV1_C64236,C64236,0.889582288896212
SV1_C07314,C07314,0.8567125778002928
SV1_C04314,C04314,0.7996051990396603
SV1_C67300,C67300,0.9160719619985217
SV1_C94888,C94888,0.9288680230503507
SV1_C09071,C09071,0.9019691797756505
SV1_C45601,C45601,0.8510509083021028
SV1_C57607,C57607,0.9431347202965611
SV1_C64206,C64206,0.91731930415582
SV1_C21608,C21608,0.8938159767720928
SV1_C76859,C76859,0.8567062917760101
SV1_C54015,C54015,0.86953845868909
SV1_C90685,C90685,0.9139395638911204
SV1_C00600,C00600,0.9918388444890979
SV1_C01831,C01831,0.9793319739244007
SV1_C67286,C67286,0.9857369349309507
SV1_C19825,C19825,0.8628135464532106
SV1_C87713,C87713,0.9467172136630113
SV1_C70213,C70213,0.9063388662240299
SV1_C44471,C44471,0.7765259519331879
SV1_C66620,C66620,0.8230065774806444
SV1_C43868,C43868,0.8452429972020131
SV1_C13270,C13270,0.8009822796142779
SV1_C47462,C47462,0.9392192021042091
SV1_C96698,C96698,0.9073301203849867
SV1_C44518,C44518,0.8033486468415363
SV1_C00106,C00106,0.8299626585243708
SV1_C06618,C06618,0.9473831801452016
SV1_C73299,C73299,0.9664445236332578
SV1_C73877,C73877,0.9534672160966208
SV1_C74433,C74433,0.8394795621176381
SV1_C34222,C34222,0.9747505418144214
SV1_C57676,C57676,0.85033289306603
SV1_C84087,C84087,0.8945112427877803
SV1_C48673,C48673,0.949991318089642
SV1_C78102,C78102,0.7612041794466118
SV1_C94918,C94918,0.7686235445321772
SV1_C69076,C69076,0.8161639439225405
SV1_C15029,C15029,0.9052492210612821
SV1_C13903,C13903,0.7573603074407668
SV1_C79916,C79916,0.8302894461716767
SV1_C07883,C07883,0.8792355943141704
SV1_C18611,C18611,0.8711671203780944
SV1_C91914,C91914,0.8626206479322875
SV1_C85817,C85817,0.8700072145177165
SV1_C23501,C23501,0.8875244726605884
SV1_C61273,C61273,0.9170083963325466
SV1_C70901,C70901,0.8039894600504555
SV1_C11479,C11479,0.8994452987378737
SV1_C46213,C46213,0.8302657466085849
SV1_C48606,C48606,0.8521445817024909
SV1_C36002,C36002,0.8734206187724617
SV1_C84714,C84714,0.9150390147109703
SV1_C94239,C94239,0.9375489736093988
SV1_C66695,C66695,0.8711854352259697
SV1_C16825,C16825,0.8717642382539708
SV1_C61305,C61305,0.9568319395077239
SV1_C37202,C37202,0.8919562458944179
SV1_C97818,C97818,0.9272133447055085
SV1_C81709,C81709,0.9041748497927323
SV1_C00605,C00605,0.9991226275481954
SV1_C03638,C03638,0.8945309453686523
SV1_C27032,C27032,0.8924247385429133
SV1_C12704,C12704,0.7250603159461384
SV1_C91260,C91260,0.9197267435366718
SV1_C16291,C16291,0.9039501541618903
SV1_C24627,C24627,0.7786866911158864
SV1_C94229,C94229,0.9826258594793927
SV1_C42614,C42614,0.9226170239007407
SV1_C21618,C21618,0.8917849904112832
SV1_C09039,C09039,0.9044885301892449
SV1_C23409,C23409,0.9065650209775948
SV1_C87711,C87711,0.837195396363359
SV1_C24007,C24007,0.9874529029407957
SV1_C48039,C48039,0.7878693233732308
SV1_C55245,C55245,0.8027387564046216
SV1_C31819,C31819,0.8772945681227589
SV1_C96628,C96628,0.9563424469734136
SV1_C06681,C06681,0.826626520628659
SV1_C17421,C17421,0.806898074300778
SV1_C99640,C99640,0.9312470845608425
SV1_C73262,C73262,0.8472536843870374
SV1_C69702,C69702,0.9562591150132572
SV1_C13804,C13804,0.9993814831069032
SV1_C02445,C02445,0.8603856793371193
SV1_C12701,C12701,0.7281784339256985
SV1_C16237,C16237,0.9170287014568055
SV1_C02491,C02491,0.8034621407304922
SV1_C00088,C00088,0.9599570295045221
SV1_C01887,C01887,0.785911033080135
SV1_C23517,C23517,0.8895527850443773
SV1_C45656,C45656,0.9917364211649942
SV1_C63644,C63644,0.8204560379639881
SV1_C96023,C96023,0.9989723243848744
SV1_C24030,C24030,0.8924383488070793
SV1_C03046,C03046,0.8991950833659338
SV1_C31900,C31900,0.8175760907872595
SV1_C72007,C72007,0.8601987192334417
SV1_C12106,C12106,0.8790819015756036
SV1_C57674,C57674,0.8822571540811087
SV1_C86506,C86506,0.9627107721640611
SV1_C66640,C66640,0.8365854708609345
SV1_C61833,C61833,0.8223005943110073
SV1_C54082,C54082,0.8708852212936935
SV1_C12055,C12055,0.8781965434619258
SV1_C54646,C54646,0.8955520051233592
SV1_C47456,C47456,0.967423618494431
SV1_C100297,C100297,0.908285342928851
SV1_C02510,C02510,0.8565036660208786
SV1_C66631,C66631,0.8805678248032263
SV1_C98432,C98432,0.9284344817623802
SV1_C55919,C55919,0.8576299424398501
SV1_C28808,C28808,0.8946934166759438
SV1_C43909,C43909,0.9906847208857517
SV1_C31284,C31284,0.9566347349581459
SV1_C23485,C23485,0.8624471699039385
SV1_C27036,C27036,0.9310235660979348
SV1_C54079,C54079,0.9656144555646702
SV1_C24119,C24119,0.8719362014133949
SV1_C61881,C61881,0.9230602172776227
SV1_C79216,C79216,0.87570913496734
SV1_C58801,C58801,0.9666006504408854
SV1_C22288,C22288,0.865767304651552
SV1_C19824,C19824,0.8695693688539511
SV1_C21627,C21627,0.7583733104619389
SV1_C21709,C21709,0.9207339285344669
SV1_C66081,C66081,0.8896457131358627
SV1_C84672,C84672,0.9247310064805723
SV1_C57647,C57647,0.8368148441578698
SV1_C75666,C75666,0.8257472899440536
SV1_C67826,C67826,0.8591746882612346
SV1_C55877,C55877,0.7450779633075566
SV1_C70833,C70833,0.9080323225787453
SV1_C82203,C82203,0.8228973114206362
SV1_C07284,C07284,0.9592764744392526
SV1_C56419,C56419,0.8593772900394315
SV1_C90081,C90081,0.9103719263234402
SV1_C44464,C44464,0.929619535575933
SV1_C45055,C45055,0.7980883163512675
SV1_C87668,C87668,0.8093050604446101
SV1_C35405,C35405,0.8419555497984307
SV1_C61875,C61875,0.8719408234013176
SV1_C18030,C18030,0.9006039158237775
SV1_C76206,C76206,0.8744827558999382
SV1_C22247,C22247,0.8279526476914795
SV1_C09675,C09675,0.8755631344702122
SV1_C77408,C77408,0.9310749358250315
SV1_C16831,C16831,0.8332518392795278
SV1_C66072,C66072,0.8133546123907116
SV1_C87714,C87714,0.9231385331116523
SV1_C76259,C76259,0.8853529759303949
SV1_C73881,C73881,0.9521121574439474
SV1_C18614,C18614,0.9201867163365977
SV1_C24008,C24008,0.9253112994489474
SV1_C35501,C35501,0.8701251059013175
SV1_C80495,C80495,0.7613582312714905
SV1_C13918,C13918,0.8242042841094062
SV1_C23428,C23428,0.9954918253018324
SV1_C25896,C25896,0.845602203745693
SV1_C80409,C80409,0.9315496190768919
SV1_C80419,C80419,0.9282886682550772
SV1_C37815,C37815,0.9337326357890771
SV1_C61297,C61297,0.961221632557897
SV1_C11415,C11415,0.8493627993471873
SV1_C43865,C43865,0.9344787111809887
SV1_C72043,C72043,0.8755737772170082
SV1_C13841,C13841,0.7835334002996114
SV1_C63696,C63696,0.879569343783564
SV1_C20429,C20429,0.837398704937256
SV1_C60600,C60600,0.9322463553306282
SV1_C45001,C45001,0.8525286377240692
SV1_C73813,C73813,0.9536205596653021
SV1_C93647,C93647,0.768238082483457
SV1_C00118,C00118,0.8744602975771651
SV1_C67821,C67821,0.8576797094347176
SV1_C61839,C61839,0.825791001451442
SV1_C62437,C62437,0.7796600016213927
SV1_C48711,C48711,0.8581877487125769
SV1_C09058,C09058,0.7945850708162299
SV1_C88237,C88237,0.7650633949074648
SV1_C65410,C65410,0.9308219968674724
SV1_C51621,C51621,0.8047836655989401
SV1_C75016,C75016,0.8992704341408374
SV1_C88823,C88823,0.8750892367227895
SV1_C64231,C64231,0.8828916791091915
SV1_C96713,C96713,0.8157315966138071
SV1_C33714,C33714,0.8623973563010143
SV1_C95506,C95506,0.9234507638339362
SV1_C83482,C83482,0.8513613949335148
SV1_C52303,C52303,0.9366280456507659
SV1_C13257,C13257,0.7993631296548332
SV1_C13892,C13892,0.9860760506343538
SV1_C28886,C28886,0.8566270823903614
SV1_C85319,C85319,0.8561203329268248
SV1_C76844,C76844,0.8271470078607598
SV1_C98429,C98429,0.9342602597901111
SV1_C68423,C68423,0.9981256093596156
SV1_C26492,C26492,0.99451796082737
SV1_C31910,C31910,0.8483569604678396
SV1_C67205,C67205,0.992696586415729
SV1_C76300,C76300,0.9080555013728896
SV1_C58205,C58205,0.9708424993502683
SV1_C02517,C02517,0.9247470470762721
SV1_C43288,C43288,0.736563549322445
SV1_C59490,C59490,0.8591936987274299
SV1_C85312,C85312,0.861103435205545
SV1_C52890,C52890,0.8990594803540407
SV1_C00702,C00702,0.8467542729943586
SV1_C21013,C21013,0.908829711815904
SV1_C68495,C68495,0.9326238360351375
SV1_C34207,C34207,0.7879402743705873
SV1_C01218,C01218,0.9169560532023106
SV1_C66010,C66010,0.9391015632292349
SV1_C12625,C12625,0.9575923587192537
SV1_C90079,C90079,0.8630547890278115
SV1_C21716,C21716,0.8708710102705538
SV1_C91846,C91846,0.7966476271069931
SV1_C90645,C90645,0.7811046627627989
SV1_C67289,C67289,0.8546777453406297
SV1_C15004,C15004,0.8905424542434984
SV1_C10287,C10287,0.9564424960020372
SV1_C57023,C57023,0.8063613475557816
SV1_C45622,C45622,0.8802982006382722
SV1_C21014,C21014,0.8939587293704014
SV1_C71413,C71413,0.8205384800454381
SV1_C83404,C83404,0.9538032331381935
SV1_C44418,C44418,0.8790126587426302
SV1_C80422,C80422,0.9303893955843586
SV1_C48051,C48051,0.7843107812858974
SV1_C12033,C12033,0.9325961622552743
SV1_C96092,C96092,0.8791803137794286
SV1_C10230,C10230,0.8442890767054749
SV1_C00089,C00089,0.9465503583793592
SV1_C22276,C22276,0.764963310275794
SV1_C63042,C63042,0.8476753317474506
SV1_C81100,C81100,0.894526374731011
SV1_C44453,C44453,0.9986120539611227
SV1_C82284,C82284,0.9206500696217498
SV1_C65511,C65511,0.8722843781821338
SV1_C09056,C09056,0.7909813723907863
SV1_C100246,C100246,0.9526593627713638
SV1_C91864,C91864,0.9799130491231631
SV1_C15606,C15606,0.9375699291574935
SV1_C52233,C52233,0.9287907143254174
SV1_C27118,C27118,0.8757168058690354
SV1_C12708,C12708,0.7480344533398671
SV1_C83411,C83411,0.811208654260005
SV1_C76304,C76304,0.9082498182481886
SV1_C43224,C43224,0.8031149551436452
SV1_C44509,C44509,0.9923697854672971
SV1_C95518,C95518,0.7653936780539932
SV1_C78610,C78610,0.9361952812941857
SV1_C33678,C33678,0.8387196577414968
SV1_C53402,C53402,0.8934035987294048
SV1_C47459,C47459,0.778498989459206
SV1_C55294,C55294,0.9838572935539903
SV1_C27085,C27085,0.924567940472193
SV1_C52223,C52223,0.8121790584802613
SV1_C76240,C76240,0.7972480561519217
SV1_C22816,C22816,0.9694133606650691
SV1_C67886,C67886,0.9935007229833261
SV1_C51029,C51029,0.9008851609915124
SV1_C87026,C87026,0.7620055752192318
SV1_C66675,C66675,0.8184477342966324
SV1_C92424,C92424,0.9148568631570912
SV1_C08442,C08442,0.8361112277032304
SV1_C71439,C71439,0.8968993869813839
SV1_C06095,C06095,0.9079824394301219
SV1_C43230,C43230,0.7729593182809305
SV1_C05505,C05505,0.8134371274719268
SV1_C67217,C67217,0.8876050105670031
SV1_C78045,C78045,0.8026696819534509
SV1_C02492,C02492,0.8887559429615967
SV1_C01229,C01229,0.9646435879677943
SV1_C97815,C97815,0.8905861448728175
SV1_C58226,C58226,0.8454163296991379
SV1_C90713,C90713,0.9448263022528296
SV1_C70317,C70317,0.9344876266561315
SV1_C07211,C07211,0.8749963948099387
SV1_C70215,C70215,0.9875603840207019
SV1_C28881,C28881,0.9181835173861683
SV1_C00080,C00080,0.982259187889393
SV1_C66684,C66684,0.8338889482795289
SV1_C10821,C10821,0.9527041141251215
SV1_C32500,C32500,0.8164672460376212
SV1_C47486,C47486,0.970497386769375
SV1_C69086,C69086,0.993147062661629
SV1_C59495,C59495,0.7668350308666709
SV1_C29488,C29488,0.8277989971122298
SV1_C08463,C08463,0.9526403095367177
SV1_C36607,C36607,0.9229106917782601
SV1_C85210,C85210,0.8803813106078855
SV1_C60683,C60683,0.8502367399214192
SV1_C01308,C01308,0.9461523104723247
SV1_C76268,C76268,0.9686138488193421
SV1_C01891,C01891,0.8062450483240962
SV1_C78611,C78611,0.7924248984835511
SV1_C52918,C52918,0.8494359245534088
SV1_C35489,C35489,0.9929849637552821
SV1_C40222,C40222,0.9795928369526344
SV1_C12084,C12084,0.900602342467282
SV1_C22274,C22274,0.8476526522838804
SV1_C03619,C03619,0.8320599962115226
SV1_C85803,C85803,0.8108723297003666
SV1_C78052,C78052,0.8480677454858895
SV1_C10251,C10251,0.8927930106547272
SV1_C31308,C31308,0.8324588898744489
SV1_C64840,C64840,0.845686301500017
SV1_C27040,C27040,0.9499837317370385
SV1_C07259,C07259,0.8972538828500868
SV1_C76852,C76852,0.7963338765358392
SV1_C13261,C13261,0.8046886507301296
SV1_C22836,C22836,0.9784647673366398
SV1_C88826,C88826,0.7528588640594093
SV1_C02504,C02504,0.9327066875921732
SV1_C72095,C72095,0.8500193383671267
SV1_C13273,C13273,0.991697500559288
SV1_C69706,C69706,0.955328138710582
SV1_C94800,C94800,0.9844082840013654
SV1_C10277,C10277,0.9907447161952424
SV1_C00019,C00019,0.7788863130565052
SV1_C16235,C16235,0.8326723298646366
SV1_C05494,C05494,0.902038028245082
SV1_C48719,C48719,0.9907815187305362
SV1_C78015,C78015,0.7958524218103917
SV1_C21076,C21076,0.9575834677039999
SV1_C19283,C19283,0.8176575253930394
SV1_C34804,C34804,0.8205723487062935
SV1_C25804,C25804,0.922570783142108
SV1_C70319,C70319,0.7384255628263421
SV1_C31909,C31909,0.8148877431415046
SV1_C24602,C24602,0.9096329994176177
SV1_C90672,C90672,0.90325500380588
SV1_C90668,C90668,0.8256473528550149
SV1_C58229,C58229,0.8224529357203835
SV1_C16891,C16891,0.8997267641399315
SV1_C07303,C07303,0.9867338826223275
SV1_C68505,C68505,0.9517359478244375
SV1_C50478,C50478,0.9042002312340155
SV1_C78604,C78604,0.9792645067039891
SV1_C61236,C61236,0.8343609599355671
SV1_C37215,C37215,0.9249819718278988
SV1_C82214,C82214,0.8937754711899155
SV1_C65502,C65502,0.9876771252448051
SV1_C13832,C13832,0.8935044004760329
SV1_C89483,C89483,0.8357579327579148
SV1_C85272,C85272,0.9762153500367341
SV1_C06107,C06107,0.7536328209874742
SV1_C91295,C91295,0.8956387476493176
SV1_C14447,C14447,0.8910058294501568
SV1_C61883,C61883,0.8708976278088236
SV1_C24614,C24614,0.9255215401037387
SV1_C01836,C01836,0.9991860493902569
SV1_C98416,C98416,0.9587557286944658
SV1_C61219,C61219,0.9250509354100086
SV1_C24117,C24117,0.8920546272011362
SV1_C82911,C82911,0.9058383401644486
SV1_C45690,C45690,0.8502445520193272
SV1_C27641,C27641,0.9846518613839184
SV1_C94806,C94806,0.9463671705873128
SV1_C60637,C60637,0.8240507492649685
SV1_C11493,C11493,0.8980514430412104
SV1_C07889,C07889,0.8739741976244715
SV1_C76205,C76205,0.9247906873021667
SV1_C90675,C90675,0.8846276930802525
SV1_C91815,C91815,0.9176093930894269
SV1_C00685,C00685,0.984340196124486
SV1_C55875,C55875,0.9625339028750622
SV1_C78109,C78109,0.803486895806538
SV1_C85912,C85912,0.8740629350013486
SV1_C24709,C24709,0.9429545344336292
SV1_C75709,C75709,0.9148326496577168
SV1_C34288,C34288,0.9505159636759735
SV1_C32509,C32509,0.8220949160622715
SV1_C22899,C22899,0.829287588818986
SV1_C91827,C91827,0.7682385226016395
SV1_C97285,C97285,0.9436267941705618
SV1_C47474,C47474,0.9935128079592759
SV1_C11450,C11450,0.7581441389370004
SV1_C13904,C13904,0.7674134910307516
SV1_C73222,C73222,0.9773285190678062
SV1_C81107,C81107,0.9191604118798724
SV1_C64810,C64810,0.9214532177055832
SV1_C13200,C13200,0.9896102368510594
SV1_C11404,C11404,0.9517282465874602
SV1_C88211,C88211,0.8681105192594292
SV1_C75679,C75679,0.8537988728530737
SV1_C60077,C60077,0.8896547053999241
SV1_C90103,C90103,0.8345882116302706
SV1_C42003,C42003,0.9920263262694317
SV1_C24631,C24631,0.7767243251887282
SV1_C88246,C88246,0.7638041626381492
SV1_C70904,C70904,0.7968456100539097
SV1_C01873,C01873,0.9588191898599019
SV1_C07867,C07867,0.9731349400342223
SV1_C55817,C55817,0.931115750264381
SV1_C24043,C24043,0.7037610239926638
SV1_C57641,C57641,0.7745563535696133
SV1_C59477,C59477,0.8748442781453993
SV1_C12673,C12673,0.9772089583506002
SV1_C74411,C74411,0.8623753724754493
SV1_C35487,C35487,0.8989586620163018
SV1_C50486,C50486,0.8854034621033563
SV1_C51010,C51010,0.910101054912124
SV1_C54702,C54702,0.8476624312898948
SV1_C10241,C10241,0.7170645889052399
SV1_C25234,C25234,0.8929547506111934
SV1_C60647,C60647,0.8360789889776995
SV1_C07276,C07276,0.9873416371774119
SV1_C88900,C88900,0.9943909207770889
SV1_C09009,C09009,0.9887009957660181
SV1_C84707,C84707,0.7592226810862788
SV1_C75066,C75066,0.8232361005117499
SV1_C91869,C91869,0.9080915487884754
SV1_C75643,C75643,0.8441061134891333
SV1_C31283,C31283,0.9881052381602949
SV1_C30105,C30105,0.8222779617591559
SV1_C33603,C33603,0.8318684131890046
SV1_C07839,C07839,0.8741657309541162
SV1_C12649,C12649,0.7443812919443253
SV1_C81011,C81011,0.8358190458579339
SV1_C62513,C62513,0.8491227599561074
SV1_C31205,C31205,0.9025933189356633
SV1_C63672,C63672,0.7944319843279934
SV1_C46275,C46275,0.88612106995305
SV1_C04906,C04906,0.9011139942975643
SV1_C83488,C83488,0.903608798251167
SV1_C54675,C54675,0.9725079760911101
SV1_C86467,C86467,0.9377503841561612
SV1_C65474,C65474,0.9190491398611236
SV1_C67315,C67315,0.8058232541249296
SV1_C76284,C76284,0.87272280807925
SV1_C74436,C74436,0.8057968150616809
SV1_C15690,C15690,0.9043713099590476
SV1_C62413,C62413,0.9167085512683514
SV1_C06712,C06712,0.8990062383442651
SV1_C90665,C90665,0.9003022078272548
SV1_C77467,C77467,0.8877445506762066
SV1_C96103,C96103,0.9832444387247339
SV1_C59504,C59504,0.8940917928090883
SV1_C23410,C23410,0.9204397462397667
SV1_C03003,C03003,0.8077465313516243
SV1_C43850,C43850,0.9629263272218984
SV1_C58877,C58877,0.8578255345582831
SV1_C27705,C27705,0.990669943237677
SV1_C80413,C80413,0.9211576498656872
SV1_C78627,C78627,0.8401607667246423
SV1_C92510,C92510,0.8334925438227339
SV1_C33705,C33705,0.8436491292467323
SV1_C78634,C78634,0.8965173904573187
SV1_C23447,C23447,0.8276710301025814
SV1_C49231,C49231,0.7855868084693919
SV1_C84092,C84092,0.7644589533928303
SV1_C07808,C07808,0.9987066933301367
SV1_C95483,C95483,0.9026536851079661
SV1_C78694,C78694,0.9447824648825414
SV1_C71420,C71420,0.9876351289508337
SV1_C72662,C72662,0.8472468023667864
SV1_C99112,C99112,0.9307770132667278
SV1_C30088,C30088,0.8246885215604384
SV1_C93672,C93672,0.9163122176913949
SV1_C22840,C22840,0.9051140674357371
SV1_C72111,C72111,0.9430696260581745
SV1_C35513,C35513,0.825779047597269
SV1_C15645,C15645,0.9548557230041674
SV1_C49247,C49247,0.8405683244285654
SV1_C28887,C28887,0.9799765874572459
SV1_C23474,C23474,0.885248159922332
SV1_C83479,C83479,0.9218036955759866
SV1_C47430,C47430,0.7507094203402703
SV1_C95415,C95415,0.9074285630215067
SV1_C54615,C54615,0.859279409141004
SV1_C06606,C06606,0.902738375721991
SV1_C02475,C02475,0.7647857425894385
SV1_C01315,C01315,0.8438249331553135
SV1_C56422,C56422,0.8268995686691969
SV1_C87688,C87688,0.8750145426308358
SV1_C13319,C13319,0.8904095137242063
SV1_C35510,C35510,0.8305304678630466
SV1_C21034,C21034,0.7863752444749866
SV1_C79275,C79275,0.9707898643177056
SV1_C84698,C84698,0.8357676141112084
SV1_C92431,C92431,0.7677704820667429
SV1_C45097,C45097,0.9983710331048234
SV1_C68440,C68440,0.796998855105494
SV1_C12085,C12085,0.8935534246429695
SV1_C63677,C63677,0.7912918120258531
SV1_C32514,C32514,0.8555059225609286
SV1_C06616,C06616,0.8085786080186262
SV1_C87020,C87020,0.8588814051292022
SV1_C32502,C32502,0.884548518778634
SV1_C51111,C51111,0.9803806665166297
SV1_C68403,C68403,0.8607659801481753
SV1_C88271,C88271,0.7760489125219486
SV1_C52309,C52309,0.7967452094826855
SV1_C76283,C76283,0.8755431193922244
SV1_C06638,C06638,0.9683160380423315
SV1_C65506,C65506,0.9853100754815576
SV1_C46821,C46821,0.844347968126722
SV1_C66085,C66085,0.8974442878191765
SV1_C76822,C76822,0.9155050209398329
SV1_C12707,C12707,0.9144782517431512
SV1_C03676,C03676,0.9613618139657296
SV1_C75674,C75674,0.8873861136855675
SV1_C70279,C70279,0.9810678543133778
SV1_C21622,C21622,0.8292224187434029
SV1_C03007,C03007,0.8083385803495815
SV1_C08435,C08435,0.9170008363674319
SV1_C43310,C43310,0.9631288452663598
SV1_C07226,C07226,0.7730541251723994
SV1_C59473,C59473,0.8743375596538054
SV1_C87102,C87102,0.9665110808627846
SV1_C74430,C74430,0.7886265281919246
SV1_C00699,C00699,0.8005155401435354
SV1_C72100,C72100,0.9123612046092762
SV1_C19205,C19205,0.8647372409077223
SV1_C98417,C98417,0.9557039965314887
SV1_C57004,C57004,0.9966650575204731
SV1_C87064,C87064,0.7512600268954333
SV1_C97842,C97842,0.88593065978707
SV1_C90644,C90644,0.7636784041382779
SV1_C79311,C79311,0.9275271452129542
SV1_C10211,C10211,0.8767422331710452
SV1_C13810,C13810,0.9525594978770798
SV1_C01829,C01829,0.966631965016142
SV1_C21699,C21699,0.8209260414510051
SV1_C40803,C40803,0.9915234745959418
SV1_C73910,C73910,0.8829083492478899
SV1_C31291,C31291,0.9680818459842504
SV1_C89479,C89479,0.8387647458291577
SV1_C73253,C73253,0.7691838874742601
SV1_C48060,C48060,0.9290111510634966
SV1_C46307,C46307,0.8609494024185763
SV1_C22844,C22844,0.8472610478155512
SV1_C03639,C03639,0.9737482639342854
SV1_C88820,C88820,0.8772685186953808
SV1_C13870,C13870,0.7742893218015937
SV1_C00641,C00641,0.9485211965564716
SV1_C26424,C26424,0.9518518371372411
SV1_C85804,C85804,0.9016778190448402
SV1_C04205,C04205,0.9590310639129858
SV1_C17416,C17416,0.876596548279442
SV1_C66627,C66627,0.8814518318734014
SV1_C27000,C27000,0.8767235443811664
SV1_C75018,C75018,0.9109727148878174
SV1_C79306,C79306,0.8640020277733713
SV1_C51635,C51635,0.9942071489608202
SV1_C64212,C64212,0.923156173836832
SV1_C82811,C82811,0.8219506510050781
SV1_C01907,C01907,0.8003076540698096
SV1_C15634,C15634,0.9776391495483766
SV1_C82220,C82220,0.8254777659778736
SV1_C99692,C99692,0.8918707894928488
SV1_C60118,C60118,0.8739100905361136
SV1_C65472,C65472,0.8066461779812802
SV1_C48618,C48618,0.9002364212100716
SV1_C13831,C13831,0.8634099074920749
SV1_C09070,C09070,0.9161630558828328
SV1_C88906,C88906,0.9749121987478361
SV1_C76248,C76248,0.7459775492756355
SV1_C88215,C88215,0.8906072282422126
SV1_C27684,C27684,0.827763206741939
SV1_C91303,C91303,0.8147888592970166
SV1_C91915,C91915,0.7662840110357928
SV1_C63687,C63687,0.970065091470661
SV1_C01847,C01847,0.7907662337533269
SV1_C54613,C54613,0.8911155149612118
SV1_C57043,C57043,0.8646067418684029
SV1_C77483,C77483,0.832844523675843
SV1_C07868,C07868,0.978808649691168
SV1_C28215,C28215,0.8379384160945813
SV1_C45008,C45008,0.8569663705075389
SV1_C58223,C58223,0.862534243313733
SV1_C81073,C81073,0.9986103017529897
SV1_C14425,C14425,0.9030433581114307
SV1_C94880,C94880,0.9026140613386884
SV1_C52807,C52807,0.8696013342871387
SV1_C43880,C43880,0.8481711685187167
SV1_C71501,C71501,0.8276269904057559
SV1_C34886,C34886,0.8893708577454085
SV1_C28213,C28213,0.8102901382074651
SV1_C58824,C58824,0.8445420367854284
SV1_C01239,C01239,0.9993451738617907
SV1_C94827,C94827,0.9705659571038817
SV1_C10264,C10264,0.9021109607843583
SV1_C71475,C71475,0.9875836799281872
SV1_C17440,C17440,0.7629485938425138
SV1_C17445,C17445,0.9582626800307189
SV1_C94875,C94875,0.8963946023368338
SV1_C44454,C44454,0.965922838995208
SV1_C64202,C64202,0.9174392679686122
SV1_C09034,C09034,0.9297415252259116
SV1_C49238,C49238,0.8200430313270509
SV1_C46254,C46254,0.9643772365403878
SV1_C45659,C45659,0.7959176766257788
SV1_C68417,C68417,0.895540566677441
SV1_C24696,C24696,0.852266952804453
SV1_C06643,C06643,0.8365587837679775
SV1_C66107,C66107,0.8969598490160668
SV1_C92449,C92449,0.9284302757802687
SV1_C75609,C75609,0.9427786499103293
SV1_C62429,C62429,0.795574917841723
SV1_C63092,C63092,0.7459657997569884
SV1_C03683,C03683,0.7522128470936171
SV1_C88259,C88259,0.9976781310643095
SV1_C97239,C97239,0.9771312151580187
SV1_C87710,C87710,0.9639779416198168
SV1_C94915,C94915,0.9813444656328446
SV1_C43202,C43202,0.9416232871168498
SV1_C88822,C88822,0.9143484876578828
SV1_C94297,C94297,0.8199314136316389
SV1_C88919,C88919,0.9347310699440062
SV1_C43258,C43258,0.9617744132140097
SV1_C01888,C01888,0.9665484443975526
SV1_C49894,C49894,0.8488015695324269
SV1_C94872,C94872,0.9115126356061245
SV1_C69004,C69004,0.9875728536289502
SV1_C91842,C91842,0.7730877494444688
SV1_C70902,C70902,0.7831125435325781
SV1_C52292,C52292,0.9279640746674747
SV1_C85820,C85820,0.8724978712200034
SV1_C04319,C04319,0.856913292501379
SV1_C49297,C49297,0.8248217415486037
SV1_C87674,C87674,0.8644879213268839
SV1_C12062,C12062,0.8184561467194534
SV1_C12037,C12037,0.901937682987823
SV1_C09651,C09651,0.8909159829457528
SV1_C11471,C11471,0.9054907717997804
SV1_C06011,C06011,0.9544212206653047
SV1_C91210,C91210,0.9560702928827339
SV1_C12670,C12670,0.8689829317672084
SV1_C52811,C52811,0.8735578619465248
SV1_C08431,C08431,0.9217635804615586
SV1_C28893,C28893,0.7693737315796507
SV1_C04224,C04224,0.950779084040871
SV1_C32506,C32506,0.8805126941173945
SV1_C72601,C72601,0.9670298948344817
SV1_C66638,C66638,0.9239784440461746
SV1_C09615,C09615,0.8653958627240707
SV1_C87632,C87632,0.8230467788680766
SV1_C23508,C23508,0.9030708725399024
SV1_C09066,C09066,0.8700394587066436
SV1_C89403,C89403,0.8652007366486669
SV1_C04801,C04801,0.9230154919984116
SV1_C56443,C56443,0.9015337324497663
SV1_C99100,C99100,0.8777405969254916
SV1_C62518,C62518,0.838350409960158
SV1_C90040,C90040,0.7507798219097211
SV1_C09674,C09674,0.9450357942358445
SV1_C54012,C54012,0.8635251240678645
SV1_C88879,C88879,0.8255073407755784
SV1_C53484,C53484,0.9591539683244708
SV1_C26514,C26514,0.9825313898329129
SV1_C01910,C01910,0.8467880466387603
SV1_C82908,C82908,0.9038741395680563
SV1_C21613,C21613,0.9158817313698124
SV1_C33608,C33608,0.8287222017029792
SV1_C09003,C09003,0.880498422139441
SV1_C17485,C17485,0.8534696276156605
SV1_C86496,C86496,0.9856806752835161
SV1_C98515,C98515,0.9223958547921316
SV1_C52904,C52904,0.8067548858590238
SV1_C57036,C57036,0.847543167188674
SV1_C52314,C52314,0.9269959601460105
SV1_C19837,C19837,0.8266924027311614
SV1_C27073,C27073,0.9013048508406953
SV1_C76311,C76311,0.9530512983330973
SV1_C08407,C08407,0.8799183004880273
SV1_C99032,C99032,0.9772621136453508
SV1_C88905,C88905,0.9995204300418179
SV1_C68408,C68408,0.9881218930636569
SV1_C55909,C55909,0.9537219821321723
SV1_C60042,C60042,0.7841455730712097
SV1_C66005,C66005,0.9808273242241742
SV1_C46219,C46219,0.9436156050137464
SV1_C66035,C66035,0.8673455089955056
SV1_C08425,C08425,0.8881559929633381
SV1_C64879,C64879,0.8035542414907578
SV1_C82310,C82310,0.8578183324309818
SV1_C97875,C97875,0.8498142910390414
SV1_C62476,C62476,0.8296875310248512
SV1_C67829,C67829,0.8577916713739082
SV1_C57697,C57697,0.911096316867183
SV1_C43263,C43263,0.7874548746691338
SV1_C31209,C31209,0.9061995249105206
SV1_C55834,C55834,0.9406428000610199
SV1_C26401,C26401,0.8959646675235076
SV1_C04215,C04215,0.8537928142253742
SV1_C71496,C71496,0.8200256208643661
SV1_C97241,C97241,0.9397880782965963
SV1_C55244,C55244,0.8163850213013026
SV1_C38410,C38410,0.9079729437086143
SV1_C11507,C11507,0.9899574899252324
SV1_C13276,C13276,0.9997476459973854
SV1_C87638,C87638,0.8965204788678963
SV1_C70201,C70201,0.9288718518296323
SV1_C46870,C46870,0.7801383019256211
SV1_C60076,C60076,0.8297281980421493
SV1_C27708,C27708,0.9767687619959188
SV1_C86462,C86462,0.9152099550965381
SV1_C70814,C70814,0.9263311242322262
SV1_C09710,C09710,0.8987874216571552
SV1_C54107,C54107,0.9338305389950023
SV1_C27687,C27687,0.8603439950668959
SV1_C84700,C84700,0.795663726602491
SV1_C97822,C97822,0.9489903351211987
SV1_C72689,C72689,0.8501066888692436
SV1_C23435,C23435,0.7360559166930153
SV1_C48607,C48607,0.9210546525238739
SV1_C07817,C07817,0.9233054160356117
SV1_C63606,C63606,0.9098642300219593
SV1_C54116,C54116,0.7081873213338336
SV1_C25814,C25814,0.9081604354559303
SV1_C55240,C55240,0.8865308173140475
SV1_C12689,C12689,0.9112442035974307
SV1_C33706,C33706,0.877917686428629
SV1_C15612,C15612,0.8988413473199129
SV1_C75055,C75055,0.917241208457558
SV1_C93064,C93064,0.9859704828855369
SV1_C82817,C82817,0.8975011567236703
SV1_C09022,C09022,0.9960156629571275
SV1_C67875,C67875,0.8244742397984979
SV1_C55904,C55904,0.9523654751172265
SV1_C99033,C99033,0.9852094242799955
SV1_C36016,C36016,0.9504498469758671
SV1_C11512,C11512,0.7583238983358744
SV1_C73271,C73271,0.8704438243856022
SV1_C19224,C19224,0.8464179711909272
SV1_C25206,C25206,0.9065788993471132
SV1_C53517,C53517,0.7406758293125275
SV1_C85812,C85812,0.8943231068894938
SV1_C48694,C48694,0.8113666031786615
SV1_C08468,C08468,0.9850425756368448
SV1_C86499,C86499,0.8308583746565876
SV1_C12719,C12719,0.8801197795798916
SV1_C00110,C00110,0.8400421249820018
SV1_C78019,C78019,0.84509214027974
SV1_C21688,C21688,0.8536315172915886
SV1_C24698,C24698,0.9081203079816178
SV1_C00008,C00008,0.9930065681582501
SV1_C51602,C51602,0.9020863322803863
SV1_C96030,C96030,0.9343294161788004
SV1_C34880,C34880,0.9301344265047089
SV1_C81712,C81712,0.8949801792486961
SV1_C24037,C24037,0.9759784882088193
SV1_C99083,C99083,0.7446919977401258
SV1_C43914,C43914,0.9247670806208466
SV1_C34318,C34318,0.9394989262104332
SV1_C49835,C49835,0.7916652593273005
SV1_C22843,C22843,0.7179183405924228
SV1_C57713,C57713,0.8387770918798775
SV1_C75098,C75098,0.892123724813364
SV1_C77484,C77484,0.9217067599482166
SV1_C30091,C30091,0.9617050493882754
SV1_C85213,C85213,0.8884031349489121
SV1_C75615,C75615,0.8452013568414269
SV1_C78087,C78087,0.815566758004056
SV1_C81112,C81112,0.8957096836021492
SV1_C69015,C69015,0.9050895135545036
SV1_C10897,C10897,0.8333342495816705
SV1_C45033,C45033,0.8060559407703132
SV1_C98431,C98431,0.9940176557107884
SV1_C58280,C58280,0.8797386842808369
SV1_C49834,C49834,0.8395909921932273
SV1_C18094,C18094,0.8599645187542135
SV1_C67901,C67901,0.9596992819733056
SV1_C69005,C69005,0.9967077911920919
SV1_C100304,C100304,0.902123235130719
SV1_C72668,C72668,0.9479040334589032
SV1_C28281,C28281,0.8053365240703303
SV1_C23480,C23480,0.8037527119633324
SV1_C54712,C54712,0.8203104999418791
SV1_C43805,C43805,0.8548975185215677
SV1_C64298,C64298,0.8287330261105378
SV1_C88264,C88264,0.7916473143017015
SV1_C28300,C28300,0.9946337302367441
SV1_C65446,C65446,0.944816447139124
SV1_C10898,C10898,0.9139390701380306
SV1_C40809,C40809,0.8859106912385147
SV1_C60717,C60717,0.9181621238873371
SV1_C23481,C23481,0.8557265412024082
SV1_C53497,C53497,0.80503697094196
SV1_C73883,C73883,0.8520714281657755
SV1_C59489,C59489,0.982645297746108
SV1_C17477,C17477,0.9097072257236672
SV1_C90660,C90660,0.880699709240666
SV1_C33614,C33614,0.877644693881518
SV1_C58880,C58880,0.8764399321669545
SV1_C04824,C04824,0.9166745109283552
SV1_C13895,C13895,0.8279773509148253
SV1_C45010,C45010,0.9424799829827417
SV1_C05425,C05425,0.9448069190996862
SV1_C34801,C34801,0.8267768576745245
SV1_C58318,C58318,0.8748534814223257
SV1_C79879,C79879,0.9773999745068843
SV1_C00619,C00619,0.7780492529566614
SV1_C48005,C48005,0.8088097262398498
SV1_C38409,C38409,0.8527399656106704
SV1_C03689,C03689,0.9425624913390496
SV1_C94833,C94833,0.9871578961976972
SV1_C49876,C49876,0.8552944055924576
SV1_C42012,C42012,0.8370137268438964
SV1_C63692,C63692,0.8108947358847917
SV1_C27639,C27639,0.868965939085184
SV1_C64816,C64816,0.8564401912416427
SV1_C76861,C76861,0.8533069036353915
SV1_C07278,C07278,0.9455598737662193
SV1_C64836,C64836,0.8890328043288891
SV1_C93693,C93693,0.8212812746586031
SV1_C46843,C46843,0.7225064629603603
SV1_C87651,C87651,0.9992911612052406
SV1_C25807,C25807,0.9727091674277547
SV1_C34873,C34873,0.8925553512728205
SV1_C13294,C13294,0.9722128664188705
SV1_C61214,C61214,0.9795477953138545
SV1_C90679,C90679,0.8839920813120165
SV1_C100242,C100242,0.9050907288068009
SV1_C72101,C72101,0.9149101919948591
SV1_C78661,C78661,0.8766601240986396
SV1_C11463,C11463,0.9641350750428284
SV1_C65473,C65473,0.8659040975953703
SV1_C22308,C22308,0.8946472201290869
SV1_C49897,C49897,0.8378569136236617
SV1_C79302,C79302,0.8585654294310641
SV1_C07805,C07805,0.9929147836654632
SV1_C70824,C70824,0.8980595754586194
SV1_C45664,C45664,0.9287859395755171
SV1_C57605,C57605,0.9718630874817813
SV1_C63038,C63038,0.8017916943747391
SV1_C22306,C22306,0.9169887998500765
SV1_C69024,C69024,0.791935808049286
SV1_C26507,C26507,0.8428913057144353
SV1_C61276,C61276,0.8346809260579643
SV1_C01880,C01880,0.9878285930231976
SV1_C26477,C26477,0.9264789460584557
SV1_C34814,C34814,0.9042120018077923
SV1_C51636,C51636,0.8860886359984723
SV1_C69108,C69108,0.8674050449228616
SV1_C93702,C93702,0.9231257548403466
SV1_C60623,C60623,0.8535308186067315
SV1_C49892,C49892,0.8763363116517214
SV1_C18028,C18028,0.8404552976029981
SV1_C10274,C10274,0.9400391813736898
SV1_C98498,C98498,0.8735194059282768
SV1_C09684,C09684,0.9568569035179815
SV1_C48030,C48030,0.7238084027945362
SV1_C01814,C01814,0.9621965149920904
SV1_C07319,C07319,0.9785581232679841
SV1_C97305,C97305,0.8136596667976591
SV1_C56480,C56480,0.7814765719436333
SV1_C70830,C70830,0.8633376682485141
SV1_C07904,C07904,0.8399802575060649
SV1_C88212,C88212,0.909061125936118
SV1_C51076,C51076,0.9991933006360493
SV1_C72684,C72684,0.9205923517635615
SV1_C26518,C26518,0.9104072722521721
SV1_C07277,C07277,0.9963476263807113
SV1_C94313,C94313,0.799651902036594
SV1_C09716,C09716,0.7958644857686801
SV1_C64288,C64288,0.9064385328692371
SV1_C96624,C96624,0.9523304133541594
SV1_C54605,C54605,0.9013930704127406
SV1_C61207,C61207,0.9229755271543203
SV1_C48116,C48116,0.7795426709755066
SV1_C00691,C00691,0.8083853391762655
SV1_C07273,C07273,0.9963336019736402
SV1_C46277,C46277,0.9330984413801834
SV1_C51019,C51019,0.8804449816222162
SV1_C72023,C72023,0.9318934706602798
SV1_C100272,C100272,0.9263411406254946
SV1_C16288,C16288,0.8466451287357336
SV1_C06677,C06677,0.8220853265393506
SV1_C98400,C98400,0.9969346873849726
SV1_C85822,C85822,0.9065105782705487
SV1_C66108,C66108,0.8843669981695771
SV1_C59514,C59514,0.8646885664432024
SV1_C44457,C44457,0.9993804069500665
SV1_C69012,C69012,0.9635611515497295
SV1_C99107,C99107,0.8636284404719934
SV1_C76879,C76879,0.8495921441006249
SV1_C68433,C68433,0.8444272594250406
SV1_C15044,C15044,0.9091410757859489
SV1_C84018,C84018,0.8586984265953933
SV1_C18041,C18041,0.8036536960106345
SV1_C15018,C15018,0.9388975373279037
SV1_C49268,C49268,0.8148963664350064
SV1_C31907,C31907,0.8080978987824642
SV1_C59494,C59494,0.8425103021051267
SV1_C43309,C43309,0.988094667117108
SV1_C60009,C60009,0.9670902738079903
SV1_C64285,C64285,0.8708238783441014
SV1_C45673,C45673,0.924541614631474
SV1_C12066,C12066,0.8517631758707394
SV1_C09663,C09663,0.9633275040714485
SV1_C59437,C59437,0.8193175077613661
SV1_C72030,C72030,0.9789562765770526
SV1_C01879,C01879,0.7727221695037374
SV1_C00638,C00638,0.8972127364071673
SV1_C97313,C97313,0.8501822172161577
SV1_C28308,C28308,0.9879846854353381
SV1_C72108,C72108,0.8995559658133045
SV1_C44456,C44456,0.992716212704208
SV1_C100213,C100213,0.8984043640364804
SV1_C74488,C74488,0.8292106080777577
SV1_C76301,C76301,0.9142700307485399
SV1_C28228,C28228,0.9336285030651631
SV1_C96108,C96108,0.8074148759557704
SV1_C06647,C06647,0.8900666248937565
SV1_C19208,C19208,0.8703842242579763
SV1_C91812,C91812,0.9261212534532723
SV1_C37812,C37812,0.8973715120952749
SV1_C48090,C48090,0.9018417477995616
SV1_C78079,C78079,0.8010006056217169
SV1_C62420,C62420,0.8667539663173242
SV1_C44470,C44470,0.7721787795430066
SV1_C91866,C91866,0.9572722590350765
SV1_C23421,C23421,0.9024555113254379
SV1_C44432,C44432,0.803432973798666
SV1_C79898,C79898,0.8548416929082255
SV1_C13220,C13220,0.7876278484738788
SV1_C30072,C30072,0.9697058940311906
SV1_C31881,C31881,0.9775966076519329
SV1_C83511,C83511,0.8874899925602948
SV1_C93113,C93113,0.8043690117549
SV1_C91204,C91204,0.9050479205248719
SV1_C47427,C47427,0.8157359652530815
SV1_C30604,C30604,0.8843062225213408
SV1_C100275,C100275,0.767604714077181
SV1_C54628,C54628,0.983826085377626
SV1_C88800,C88800,0.8795656746718691
SV1_C87098,C87098,0.9657841057618551
SV1_C28288,C28288,0.8370255345176458
SV1_C44493,C44493,0.7626471259250681
SV1_C90068,C90068,0.818556700824162
SV1_C25205,C25205,0.9092111615623522
SV1_C66647,C66647,0.8705525603212455
SV1_C02483,C02483,0.7707989366128863
SV1_C67200,C67200,0.9860777849247553
SV1_C28875,C28875,0.9590821370307528
SV1_C24046,C24046,0.897554600324105
SV1_C58292,C58292,0.9064204368871209
SV1_C96602,C96602,0.9576596153382645
SV1_C96692,C96692,0.88759524409172
SV1_C22292,C22292,0.9620505034445878
SV1_C94290,C94290,0.8220838289796845
SV1_C78651,C78651,0.7503476339353844
SV1_C22302,C22302,0.9018716501959502
SV1_C64876,C64876,0.8022094350436094
SV1_C69684,C69684,0.852227829649289
SV1_C51622,C51622,0.8273588776192963
SV1_C06112,C06112,0.8913236178727642
SV1_C44433,C44433,0.8064131707679005
SV1_C88309,C88309,0.9909388728031703
SV1_C54009,C54009,0.8752329898817033
SV1_C45627,C45627,0.7857567141747551
SV1_C08515,C08515,0.9211294662462194
SV1_C91838,C91838,0.8424100377856606
SV1_C25287,C25287,0.859731499662856
SV1_C89487,C89487,0.8186006776265671
SV1_C30611,C30611,0.8871211749319488
SV1_C96704,C96704,0.8193968353076109
SV1_C08400,C08400,0.9974257092539859
SV1_C75699,C75699,0.9700689918709571
SV1_C78691,C78691,0.7781925245777996
SV1_C09667,C09667,0.9928620071638224
SV1_C46309,C46309,0.9914963714967618
SV1_C17402,C17402,0.9260649832263289
SV1_C15637,C15637,0.9242093621922005
SV1_C89417,C89417,0.9580567045402252
SV1_C60697,C60697,0.9533223727188549
SV1_C72057,C72057,0.7655359998729864
SV1_C32421,C32421,0.8788764107178959
SV1_C82308,C82308,0.9130575290546283
SV1_C57089,C57089,0.757467948627323
SV1_C50513,C50513,0.8121358892689196
SV1_C05401,C05401,0.8473384798971808
SV1_C99701,C99701,0.9182299346668921
SV1_C94295,C94295,0.7671006152720657
SV1_C57037,C57037,0.8480424207295417
SV1_C90601,C90601,0.9196085246537521
SV1_C85808,C85808,0.9011319170708861
SV1_C51078,C51078,0.9033942370090116
SV1_C10257,C10257,0.7938339073710514
SV1_C86469,C86469,0.7987677448848776
SV1_C52229,C52229,0.931829441984181
SV1_C89450,C89450,0.9204507350505107
SV1_C93636,C93636,0.9925135994031878
SV1_C85223,C85223,0.8655339990417923
SV1_C04823,C04823,0.8462604330480592
SV1_C29479,C29479,0.9696556119519021
SV1_C61902,C61902,0.9997285487831733
SV1_C58298,C58298,0.9529459680884458
SV1_C11492,C11492,0.8938308851600942
SV1_C34211,C34211,0.793026258851131
SV1_C53421,C53421,0.7965425931681088
SV1_C99645,C99645,0.9606242924616675
SV1_C52279,C52279,0.9271987330046689
SV1_C00603,C00603,0.8194386602449268
SV1_C45111,C45111,0.8455830664634608
SV1_C03083,C03083,0.7641397245712127
SV1_C13850,C13850,0.831759454685038
SV1_C93712,C93712,0.7564219248977238
SV1_C55219,C55219,0.835731121964593
SV1_C59419,C59419,0.9392343066364122
SV1_C07301,C07301,0.8420283919135209
SV1_C74510,C74510,0.8850843614973128
SV1_C07828,C07828,0.8559822417603926
SV1_C05420,C05420,0.7319407626717547
SV1_C70228,C70228,0.8945532020467101
SV1_C19288,C19288,0.7845692762822822
SV1_C58888,C58888,0.9988605952889675
SV1_C91835,C91835,0.7611725699597175
SV1_C26444,C26444,0.8134109705174085
SV1_C25819,C25819,0.9682091726887289
SV1_C95445,C95445,0.8641071152649217
SV1_C15078,C15078,0.8356506317745545
SV1_C55301,C55301,0.8783744229431747
SV1_C84678,C84678,0.8927088056379385
SV1_C49207,C49207,0.8616842851717446
SV1_C02411,C02411,0.8127327592587299
SV1_C13284,C13284,0.97813419606069
SV1_C03714,C03714,0.812060206866149
SV1_C10892,C10892,0.8600041700176134
SV1_C30699,C30699,0.8040673171739731
SV1_C52873,C52873,0.9768369415579026
SV1_C73202,C73202,0.9132645487116615
SV1_C92409,C92409,0.8966305092555654
SV1_C25240,C25240,0.9099339829298712
SV1_C66034,C66034,0.9090077767758811
SV1_C82899,C82899,0.8881387105960706
SV1_C87093,C87093,0.9777473309614467
SV1_C97889,C97889,0.9842722711417572
SV1_C82887,C82887,0.9742512928738243
SV1_C01893,C01893,0.8854845707623654
SV1_C91861,C91861,0.966208762464216
SV1_C60704,C60704,0.9063260303308035
SV1_C02494,C02494,0.8356997962173988
SV1_C04915,C04915,0.8260419490187676
SV1_C34313,C34313,0.7951854198049042
SV1_C09072,C09072,0.9871516269061362
SV1_C33018,C33018,0.8908304063143325
SV1_C22837,C22837,0.9667089030763012
SV1_C43237,C43237,0.7938817034492137
SV1_C07286,C07286,0.9207373915126966
SV1_C88899,C88899,0.8369476708265019
SV1_C51108,C51108,0.7978153534588659
SV1_C86404,C86404,0.857563556287795
SV1_C40814,C40814,0.946004802368366
SV1_C51692,C51692,0.9239308103341768
SV1_C98446,C98446,0.9846114865930978
SV1_C54023,C54023,0.8001385844441785
SV1_C40208,C40208,0.8405508809357559
SV1_C79919,C79919,0.835262496581499
SV1_C10824,C10824,0.8706107629871889
SV1_C06646,C06646,0.9483726415556019
SV1_C88818,C88818,0.9705457364402746
SV1_C60029,C60029,0.8349813192107025
SV1_C45072,C45072,0.8782257413003235
SV1_C33687,C33687,0.9577784957820478
SV1_C93051,C93051,0.7576863993368715
SV1_C89429,C89429,0.8253148542260803
SV1_C19231,C19231,0.9744244427690764
SV1_C01316,C01316,0.9268453948107758
SV1_C14408,C14408,0.8956732896524701
SV1_C33017,C33017,0.8685911563788923
SV1_C70307,C70307,0.799181441142872
SV1_C64873,C64873,0.8553576141287959
SV1_C11518,C11518,0.8693105384825949
SV1_C03031,C03031,0.9693614425737686
SV1_C73911,C73911,0.9560418371010494
SV1_C74416,C74416,0.9038777367741844
SV1_C62415,C62415,0.8999490314399108
SV1_C04803,C04803,0.8576430440230429
SV1_C20447,C20447,0.8314446553660964
SV1_C91903,C91903,0.7762941156502755
SV1_C31217,C31217,0.8959971559007854
SV1_C53429,C53429,0.9580147627175524
SV1_C63084,C63084,0.8146269584008643
SV1_C76900,C76900,0.8860377436714385
SV1_C91826,C91826,0.8714360074118735
SV1_C46202,C46202,0.9420504673875274
SV1_C46236,C46236,0.7934524845397211
SV1_C61903,C61903,0.9166112480726196
SV1_C15693,C15693,0.755702562288822
SV1_C05421,C05421,0.7547812710919287
SV1_C78693,C78693,0.9681695181090053
SV1_C19843,C19843,0.9050723802300058
SV1_C94244,C94244,0.8116604380512767
SV1_C93098,C93098,0.7659297699171557
SV1_C89434,C89434,0.8651232648018238
SV1_C95442,C95442,0.9364728278461748
SV1_C97216,C97216,0.9586912385524406
SV1_C06679,C06679,0.7117181835905918
SV1_C95444,C95444,0.8394143318597438
SV1_C56511,C56511,0.7756363280543287
SV1_C54608,C54608,0.8979593162214619
SV1_C22831,C22831,0.7430298538586789
SV1_C04293,C04293,0.8631898256755615
SV1_C30672,C30672,0.9802484405845356
SV1_C09660,C09660,0.7760940848902899
SV1_C35516,C35516,0.914580481400863
SV1_C85318,C85318,0.8937576353029988
SV1_C10311,C10311,0.9859480192508095
SV1_C57642,C57642,0.8207284072177161
SV1_C57104,C57104,0.9942538708813577
SV1_C79810,C79810,0.8852923934687714
SV1_C13301,C13301,0.7570333915626678
SV1_C88891,C88891,0.8484034747446662
SV1_C82307,C82307,0.9111546035075774
SV1_C85802,C85802,0.8913982319081224
SV1_C76836,C76836,0.9362858149193115
SV1_C56416,C56416,0.9513111628353009
SV1_C88202,C88202,0.9079229133766938
SV1_C08517,C08517,0.8177077136072901
SV1_C90719,C90719,0.9065924829234173
SV1_C87704,C87704,0.9916295256934199
SV1_C67302,C67302,0.9991747701090928
SV1_C59442,C59442,0.7961045433078384
SV1_C60093,C60093,0.8736494922015838
SV1_C16880,C16880,0.8936243488420278
SV1_C10267,C10267,0.9967755907865437
SV1_C86491,C86491,0.8523814762034748
SV1_C02435,C02435,0.9827251944516412
SV1_C10266,C10266,0.8793260823595942
SV1_C06045,C06045,0.9559459504940286
SV1_C39602,C39602,0.9294051738943306
SV1_C82272,C82272,0.9684008462532977
SV1_C51696,C51696,0.8125138546001489
SV1_C48624,C48624,0.7875476706010882
SV1_C30112,C30112,0.93206452730734
SV1_C03096,C03096,0.9154932696544343
SV1_C41414,C41414,0.9528072182571006
SV1_C65443,C65443,0.7956410870258729
SV1_C36019,C36019,0.8785689717551842
SV1_C04212,C04212,0.944546999959754
SV1_C28317,C28317,0.8020167647881914
SV1_C76219,C76219,0.8504816875099324
SV1_C80515,C80515,0.9006576539731189
SV1_C00090,C00090,0.8581054226807229
SV1_C28230,C28230,0.8632162972853004
SV1_C46314,C46314,0.9265108028372875
SV1_C60694,C60694,0.8480706173821452
SV1_C82809,C82809,0.9474850404849098
SV1_C15604,C15604,0.8887304845823716
SV1_C25291,C25291,0.8352840961099457
SV1_C22229,C22229,0.9716782938632119
SV1_C17423,C17423,0.8981622224032486
SV1_C01295,C01295,0.7953086633135454
SV1_C45660,C45660,0.98205945252078
SV1_C99625,C99625,0.9980755825121692
SV1_C21025,C21025,0.8080263836117983
SV1_C60112,C60112,0.8458112082881583
SV1_C39609,C39609,0.8643486444669845
SV1_C93708,C93708,0.8039298523578378
SV1_C100222,C100222,0.7979451897709938
SV1_C28214,C28214,0.7600188098886737
SV1_C58830,C58830,0.8411248377172653
SV1_C69075,C69075,0.8596698530422219
SV1_C77431,C77431,0.9465578922499834
SV1_C04231,C04231,0.9315713798505475
SV1_C97885,C97885,0.9557515616234993
SV1_C51038,C51038,0.8794043146019201
SV1_C40217,C40217,0.9472449997462631
SV1_C57012,C57012,0.9892449511064925
SV1_C94289,C94289,0.9001883822981704
SV1_C96016,C96016,0.9511635989709122
SV1_C67272,C67272,0.8221072799542838
SV1_C78631,C78631,0.8384641125748253
SV1_C63711,C63711,0.8242519438837077
SV1_C07283,C07283,0.868787261457383
SV1_C95497,C95497,0.821783758731824
SV1_C04300,C04300,0.8919712601999902
SV1_C09060,C09060,0.7776518089280906
SV1_C79201,C79201,0.9214616308423642
SV1_C55902,C55902,0.8877493594459349
SV1_C00039,C00039,0.9993806551986926
SV1_C33622,C33622,0.939783638678444
SV1_C48067,C48067,0.800620814425818
SV1_C99040,C99040,0.9093072258831412
SV1_C65405,C65405,0.9729782909248321
SV1_C51016,C51016,0.8618684640824809
SV1_C48007,C48007,0.9666389305667098
SV1_C79909,C79909,0.9009364394152802
SV1_C81095,C81095,0.770634717129174
SV1_C45669,C45669,0.8389282799284692
SV1_C61838,C61838,0.8013604201480196
SV1_C16241,C16241,0.8599687031666089
SV1_C93618,C93618,0.9274075916429596
SV1_C55233,C55233,0.9987899356279155
SV1_C19840,C19840,0.8548238485201035
SV1_C75651,C75651,0.9037431878789088
SV1_C78625,C78625,0.9420592014647614
SV1_C08485,C08485,0.9748822300984392
SV1_C75701,C75701,0.9228774203868509
SV1_C00705,C00705,0.917877212108876
SV1_C82879,C82879,0.9475624205826058
SV1_C03677,C03677,0.9484490170154091
SV1_C45694,C45694,0.7965470488090607
SV1_C17482,C17482,0.8120983359166598
SV1_C43915,C43915,0.832849494354582
SV1_C10888,C10888,0.8365602057689
SV1_C44403,C44403,0.999606582892071
SV1_C35478,C35478,0.8526983670449771
SV1_C99619,C99619,0.8442030167223785
SV1_C05498,C05498,0.8631885594841794
SV1_C34291,C34291,0.8647039903079297
SV1_C24703,C24703,0.8433764967017712
SV1_C49908,C49908,0.8573091129983488
SV1_C24003,C24003,0.9842068253775423
SV1_C91886,C91886,0.9856187198530327
SV1_C97800,C97800,0.9998827399868454
SV1_C34893,C34893,0.8929385874969223
SV1_C85877,C85877,0.9997430243683795
SV1_C99708,C99708,0.9300868076730735
SV1_C91246,C91246,0.7892737687515927
SV1_C47511,C47511,0.834381607758494
SV1_C12068,C12068,0.9840101329586131
SV1_C43907,C43907,0.8593846944257617
SV1_C81103,C81103,0.9134641643752778
SV1_C84613,C84613,0.9108432591138262
SV1_C76213,C76213,0.9154763002128239
SV1_C69106,C69106,0.9851517609300872
SV1_C69084,C69084,0.83145104932585
SV1_C50432,C50432,0.8794172279437356
SV1_C04213,C04213,0.9535157377424353
SV1_C88251,C88251,0.9978059993342785
SV1_C45028,C45028,0.803217090128557
SV1_C03709,C03709,0.9221034766694517
SV1_C28200,C28200,0.77288786580363
SV1_C47415,C47415,0.9739383151935839
SV1_C01240,C01240,0.9647747034975622
SV1_C53475,C53475,0.9449832987755253
SV1_C53483,C53483,0.9554273863289154
SV1_C48115,C48115,0.907023888618056
SV1_C94310,C94310,0.9321556459874646
SV1_C10842,C10842,0.8521174337794992
SV1_C81707,C81707,0.9157902847756489
SV1_C96687,C96687,0.9024752674864611
SV1_C96088,C96088,0.9535644215841008
SV1_C94282,C94282,0.8602001696059589
SV1_C58289,C58289,0.9858200367180815
SV1_C72603,C72603,0.8624834151630714
SV1_C81600,C81600,0.9471392632289811
SV1_C44449,C44449,0.9975610754007035
SV1_C64240,C64240,0.912792016262884
SV1_C13893,C13893,0.9901002763806348
SV1_C45102,C45102,0.973875651925989
SV1_C24073,C24073,0.8593711166799171
SV1_C42615,C42615,0.9696425076717348
SV1_C68497,C68497,0.9548021183705668
SV1_C48695,C48695,0.8238248234180503
SV1_C43817,C43817,0.7958705451689875
SV1_C13240,C13240,0.8126522646602948
SV1_C51601,C51601,0.8810022613745975
SV1_C96076,C96076,0.8993165584146129
SV1_C35502,C35502,0.8410369225339037
SV1_C19214,C19214,0.8941530437380775
SV1_C75114,C75114,0.8540957869050776
SV1_C22311,C22311,0.8773361258824564
SV1_C43229,C43229,0.8047681381317412
SV1_C80478,C80478,0.9275438896853075
SV1_C01872,C01872,0.9733273669523514
SV1_C58278,C58278,0.9046581935921995
SV1_C69628,C69628,0.8467782440970462
SV1_C07886,C07886,0.9241719796664065
SV1_C03015,C03015,0.8022570559930775
SV1_C55236,C55236,0.9683354123858366
SV1_C33098,C33098,0.8884066361500143
SV1_C91841,C91841,0.8050063377032625
SV1_C51082,C51082,0.9027104137491891
SV1_C07887,C07887,0.9213909339352898
SV1_C22297,C22297,0.8717235053427608
SV1_C87666,C87666,0.8570889393467894
SV1_C07316,C07316,0.811873806592047
SV1_C74426,C74426,0.9528775920324424
SV1_C86430,C86430,0.8941295244990043
SV1_C31873,C31873,0.9783577173922268
SV1_C17413,C17413,0.9169713585593716
SV1_C28889,C28889,0.8061160738141437
SV1_C31211,C31211,0.884058027875841
SV1_C26495,C26495,0.7924061079754762
SV1_C21611,C21611,0.9858593617501085
SV1_C71478,C71478,0.8750820320411468
SV1_C64875,C64875,0.8001449984264519
SV1_C71411,C71411,0.9846014332861147
SV1_C61226,C61226,0.7642264264481919
SV1_C82886,C82886,0.8493916241171544
SV1_C87016,C87016,0.9069337668216381
SV1_C53490,C53490,0.9029204402988041
SV1_C08483,C08483,0.8887176977087617
SV1_C12087,C12087,0.9588266050356825
SV1_C01306,C01306,0.8562945437863709
SV1_C75005,C75005,0.9555589996401527
SV1_C86436,C86436,0.8379086075780607
SV1_C00701,C00701,0.9090761100434244
SV1_C94238,C94238,0.9651491652045544
SV1_C96013,C96013,0.9792620218370017
SV1_C10234,C10234,0.9100278187797743
SV1_C94887,C94887,0.9143362215881108
SV1_C10269,C10269,0.9894649965129129
SV1_C46268,C46268,0.8551786938596199
SV1_C82285,C82285,0.9431792732489317
SV1_C87010,C87010,0.90789682295902
SV1_C90041,C90041,0.7874670517265681
SV1_C46227,C46227,0.7934231664500404
SV1_C61840,C61840,0.7501862321739815
SV1_C89453,C89453,0.8049937392452905
SV1_C02403,C02403,0.811890012047857
SV1_C15079,C15079,0.9317637568701168
SV1_C46861,C46861,0.9815103130455255
SV1_C67905,C67905,0.9568527483708444
SV1_C78605,C78605,0.974575846673548
SV1_C16210,C16210,0.9407951689084005
SV1_C63614,C63614,0.9003588418737168
SV1_C56485,C56485,0.7698025732282353
SV1_C84084,C84084,0.8833446478607211
SV1_C46804,C46804,0.8356054151347543
SV1_C77474,C77474,0.9128100721178277
SV1_C67813,C67813,0.9725565555794574
SV1_C06114,C06114,0.83117497784565
SV1_C10804,C10804,0.9710328625714933
SV1_C76318,C76318,0.8925676557540033
SV1_C57718,C57718,0.8734578560280916
SV1_C22277,C22277,0.8121474071770329
SV1_C11490,C11490,0.8795540763134609
SV1_C72653,C72653,0.7679472734969809
SV1_C83476,C83476,0.906522360801084
SV1_C03109,C03109,0.9320834121815688
SV1_C66096,C66096,0.9161607053095153
SV1_C09697,C09697,0.8434493328099036
SV1_C14489,C14489,0.8341889443128457
SV1_C00644,C00644,0.7854949632544616
SV1_C47513,C47513,0.9332888532123703
SV1_C100238,C100238,0.9519069098252082
SV1_C73272,C73272,0.9455230566866976
SV1_C24615,C24615,0.9994641564806999
SV1_C68472,C68472,0.821510856066441
SV1_C68437,C68437,0.8614379598511804
SV1_C05489,C05489,0.90269512999004
SV1_C96031,C96031,0.9838780575844537
SV1_C14482,C14482,0.8256592894990884
SV1_C91852,C91852,0.9186557040071371
SV1_C31906,C31906,0.8726421257502075
SV1_C47423,C47423,0.900337546606346
SV1_C67896,C67896,0.9161609870673221
SV1_C55846,C55846,0.9275736501413167
SV1_C81699,C81699,0.9064162831793593
SV1_C73307,C73307,0.9654684917399516
SV1_C21700,C21700,0.8452467745707901
SV1_C97284,C97284,0.9557748426164778
SV1_C73863,C73863,0.9141583486744429
SV1_C68415,C68415,0.8721314129308816
SV1_C100235,C100235,0.8249607896077475
SV1_C01241,C01241,0.9530526478098345
SV1_C92488,C92488,0.8569829266198453
SV1_C66676,C66676,0.8229562790129364
SV1_C82306,C82306,0.8507574761507217
SV1_C13863,C13863,0.778208451124257
SV1_C25838,C25838,0.8730999219758673
SV1_C69032,C69032,0.7955264665383164
SV1_C45653,C45653,0.9982909770521563
SV1_C07890,C07890,0.8276309064549215
SV1_C03039,C03039,0.9887555256358708
SV1_C07294,C07294,0.8139874405662707
SV1_C81603,C81603,0.8261132643336004
SV1_C67801,C67801,0.9969486492451027
SV1_C45679,C45679,0.8758410531681841
SV1_C74432,C74432,0.8738259113946004
SV1_C20433,C20433,0.8253401414261544
SV1_C49848,C49848,0.9395034581685875
SV1_C28880,C28880,0.9386719594303734
SV1_C19818,C19818,0.8891781714799931
SV1_C28302,C28302,0.9767053747962431
SV1_C47461,C47461,0.9682410407962768
SV1_C82807,C82807,0.8172569661893784
SV1_C51112,C51112,0.7599745456244033
SV1_C91837,C91837,0.880483615905323
SV1_C93600,C93600,0.9746059909068199
SV1_C64916,C64916,0.9741419650191524
SV1_C00031,C00031,0.984238980468617
SV1_C15647,C15647,0.8979656381625611
SV1_C27101,C27101,0.9559836521860091
SV1_C45654,C45654,0.9661558430765945
SV1_C45110,C45110,0.969033263390947
SV1_C69117,C69117,0.991542728924012
SV1_C12706,C12706,0.8146043925298196
SV1_C45052,C45052,0.9924876496836147
SV1_C61317,C61317,0.9106939933045627
SV1_C89444,C89444,0.7542223797882555
SV1_C75024,C75024,0.8682478072580057
SV1_C33681,C33681,0.9541420199619055
SV1_C07206,C07206,0.9357873536057967
SV1_C20481,C20481,0.9568035402964542
SV1_C22273,C22273,0.8080413213848797
SV1_C15027,C15027,0.8356426714941587
SV1_C54108,C54108,0.8048309102874179
SV1_C97895,C97895,0.7302963998098319
SV1_C16844,C16844,0.9131796689741726
SV1_C22231,C22231,0.7523360492006675
SV1_C24711,C24711,0.8913597062373919
SV1_C89489,C89489,0.8968620033103764
SV1_C34281,C34281,0.8792266001159051
SV1_C88814,C88814,0.9551411184199878
SV1_C62441,C62441,0.7636521094919181
SV1_C33683,C33683,0.9452553474445579
SV1_C65430,C65430,0.9007339234065288
SV1_C70917,C70917,0.8670974697680943
SV1_C78101,C78101,0.7640032537267786
SV1_C96034,C96034,0.9427350881287544
SV1_C34200,C34200,0.7915625982024211
SV1_C67303,C67303,0.9032236490144537
SV1_C69680,C69680,0.7935523197514798
SV1_C82810,C82810,0.9075368511798159
SV1_C52874,C52874,0.8900826390907002
SV1_C13885,C13885,0.9588351252652318
SV1_C52832,C52832,0.9376001913960029
SV1_C82288,C82288,0.866738595127796
SV1_C76918,C76918,0.8582594210334542
SV1_C43209,C43209,0.8551124864113206
SV1_C13228,C13228,0.9355497532829375
SV1_C34277,C34277,0.8785248960200666
SV1_C55214,C55214,0.9063612314411026
SV1_C44424,C44424,0.8039074871279402
SV1_C01805,C01805,0.9965273633916656
SV1_C32503,C32503,0.8194194973350295
SV1_C00104,C00104,0.9300625531007027
SV1_C13876,C13876,0.9889385149333594
SV1_C85821,C85821,0.8895642093503869
SV1_C87033,C87033,0.8623859797206918
SV1_C47478,C47478,0.9931522118366214
SV1_C33602,C33602,0.865380430704631
SV1_C03022,C03022,0.7317516097413195
SV1_C48013,C48013,0.7917910170565571
SV1_C67309,C67309,0.9336029565602525
SV1_C60080,C60080,0.8625055756854014
SV1_C90034,C90034,0.8427088596585827
SV1_C06005,C06005,0.808982046527523
SV1_C22891,C22891,0.7721545684010407
SV1_C08465,C08465,0.8759047703125871
SV1_C76800,C76800,0.8953042404153413
SV1_C67820,C67820,0.856580140897275
SV1_C05419,C05419,0.9632246768525571
SV1_C55878,C55878,0.8530340442572372
SV1_C24603,C24603,0.9833007956696476
SV1_C91221,C91221,0.9222239944470598
SV1_C73870,C73870,0.8893024262183353
SV1_C62480,C62480,0.8273577911993402
SV1_C10219,C10219,0.8445620978624113
SV1_C96028,C96028,0.9635500612021269
SV1_C63082,C63082,0.9193181028388663
SV1_C93031,C93031,0.7645697718428
SV1_C18688,C18688,0.7970468313319716
SV1_C95481,C95481,0.8999176661487707
SV1_C04829,C04829,0.9080563270180673
SV1_C13246,C13246,0.9000386975452169
SV1_C54119,C54119,0.9236064430718566
SV1_C86509,C86509,0.9806374512195485
SV1_C28812,C28812,0.8979046890989955
SV1_C07201,C07201,0.992743162122569
SV1_C87667,C87667,0.9380863614147945
SV1_C99681,C99681,0.8822207659504011
SV1_C88245,C88245,0.759995587182582
SV1_C05400,C05400,0.8427139724119841
SV1_C52213,C52213,0.8903689675919839
SV1_C87608,C87608,0.8812280037204346
SV1_C03000,C03000,0.9804407861686963
SV1_C22917,C22917,0.8862711217963327
SV1_C54644,C54644,0.8138480183025579
SV1_C76220,C76220,0.8889068367146844
SV1_C31901,C31901,0.8459118016419476
SV1_C90032,C90032,0.8141118300884197
SV1_C26516,C26516,0.8522669751802838
SV1_C79902,C79902,0.8583797079020266
SV1_C10807,C10807,0.8723849405244284
SV1_C79273,C79273,0.9949958670494952
SV1_C63040,C63040,0.8483374140845269
SV1_C66030,C66030,0.8959192692089419
SV1_C48085,C48085,0.9406292474093036
SV1_C47439,C47439,0.7798485855404772
SV1_C62494,C62494,0.8267522519041
SV1_C12676,C12676,0.9844449980734914
SV1_C54700,C54700,0.8367725969524615
SV1_C07834,C07834,0.9415049090005546
SV1_C32420,C32420,0.8639766874195167
SV1_C53500,C53500,0.8047896722149639
SV1_C99072,C99072,0.8884261600686155
SV1_C33692,C33692,0.8130472100836978
SV1_C63701,C63701,0.8720403249013589
SV1_C08428,C08428,0.8482687582639092
SV1_C26420,C26420,0.9322584288861736
SV1_C56487,C56487,0.9394632463204072
SV1_C27607,C27607,0.8330980844185428
SV1_C67223,C67223,0.9995433001308748
SV1_C00610,C00610,0.9707740138557772
SV1_C30022,C30022,0.8315108790847785
SV1_C04295,C04295,0.8278716917242362
SV1_C49202,C49202,0.8232533472298608
SV1_C82889,C82889,0.8841065974101723
SV1_C72641,C72641,0.9149251469526825
SV1_C91252,C91252,0.8775445739317514
SV1_C88236,C88236,0.8174405125545248
SV1_C64919,C64919,0.7254046815642661
SV1_C84705,C84705,0.8403752991779178
SV1_C10911,C10911,0.9842744026673274
SV1_C90082,C90082,0.9359007410315374
SV1_C90047,C90047,0.7938324175925424
SV1_C84115,C84115,0.8253692469063155
SV1_C100234,C100234,0.9597689785281839
SV1_C22300,C22300,0.8499623056694027
SV1_C04838,C04838,0.8973710151280383
SV1_C45609,C45609,0.8476627899626888
SV1_C70839,C70839,0.9325795155146874
SV1_C72060,C72060,0.7488529635023545
SV1_C19244,C19244,0.8628145712685581
SV1_C92436,C92436,0.8850176477699856
SV1_C24628,C24628,0.9986862352127502
SV1_C51642,C51642,0.814494794693737
SV1_C59418,C59418,0.9816661732265036
SV1_C27627,C27627,0.8934970404932182
SV1_C67889,C67889,0.8592847561632991
SV1_C97844,C97844,0.9059069090911421
SV1_C58284,C58284,0.9540093735741662
SV1_C49814,C49814,0.8592276619920742
SV1_C61293,C61293,0.8477624368587341
SV1_C54088,C54088,0.8553543301011938
SV1_C74429,C74429,0.9154636927653703
SV1_C49282,C49282,0.9381696022356151
SV1_C57018,C57018,0.9527606717820202
SV1_C61803,C61803,0.9087563399267061
SV1_C61837,C61837,0.810269654026953
SV1_C73803,C73803,0.8641089562228464
SV1_C96008,C96008,0.9912088685448032
SV1_C100276,C100276,0.925234022285228
SV1_C33009,C33009,0.8768750630622256
SV1_C100310,C100310,0.969875446922253
SV1_C90033,C90033,0.8104446705652458
SV1_C63710,C63710,0.8696234863075037
SV1_C24010,C24010,0.9203749159371994
SV1_C57021,C57021,0.8571735935315091
SV1_C84113,C84113,0.8465971110616562
SV1_C62478,C62478,0.9846316693569883
SV1_C01247,C01247,0.7950839856508805
SV1_C73304,C73304,0.9183548031701909
SV1_C07856,C07856,0.7905744639743134
SV1_C100301,C100301,0.9138589430301103
SV1_C06621,C06621,0.8134921107687462
SV1_C67314,C67314,0.8894944988955924
SV1_C45084,C45084,0.8463346366297616
SV1_C90639,C90639,0.8029450078715248
SV1_C58203,C58203,0.9399337565263283
SV1_C96009,C96009,0.986813766137613
SV1_C16818,C16818,0.9342712846475126
SV1_C97288,C97288,0.9816023731506023
SV1_C13906,C13906,0.7739369855758133
SV1_C06110,C06110,0.7975700868929855
SV1_C09010,C09010,0.9312817603730974
SV1_C00684,C00684,0.9965931764442444
SV1_C68490,C68490,0.9389066308206067
SV1_C31223,C31223,0.813625680591882
SV1_C45109,C45109,0.9930968379037345
SV1_C85281,C85281,0.9881459568710371
SV1_C62423,C62423,0.8551731405592328
SV1_C16806,C16806,0.9328183849555277
SV1_C24076,C24076,0.8122257577968659
SV1_C22834,C22834,0.8860477672258908
SV1_C06111,C06111,0.77405910449278
SV1_C57644,C57644,0.8565724599203003
SV1_C33617,C33617,0.8960096729488525
SV1_C75044,C75044,0.7975848027307261
SV1_C25286,C25286,0.9713750028346136
SV1_C97883,C97883,0.859881639937358
SV1_C96617,C96617,0.9504132057551485
SV1_C81091,C81091,0.962017848528827
SV1_C57709,C57709,0.8791902329587867
SV1_C93717,C93717,0.7548898579639473
SV1_C45610,C45610,0.9418034623502215
SV1_C92448,C92448,0.9279961096596652
SV1_C34816,C34816,0.9303171529253587
SV1_C66076,C66076,0.8175023302438278
SV1_C61886,C61886,0.9783576717964039
SV1_C73260,C73260,0.7519102020881919
SV1_C04913,C04913,0.8431820230923289
SV1_C12601,C12601,0.953071460362604
SV1_C72013,C72013,0.9566774813789775
SV1_C85311,C85311,0.8088835062869755
SV1_C76246,C76246,0.8316805859717554
SV1_C46203,C46203,0.9983843784305825
SV1_C06019,C06019,0.9917868121779447
SV1_C20409,C20409,0.909519558647105
SV1_C43210,C43210,0.9391878848329852
SV1_C84685,C84685,0.9166401631248567
SV1_C93022,C93022,0.882064686844837
SV1_C22822,C22822,0.8442539535973606
SV1_C21685,C21685,0.8030700608082265
SV1_C52200,C52200,0.8567318186131536
SV1_C73836,C73836,0.8889433402717343
SV1_C68431,C68431,0.9039867385376227
SV1_C73832,C73832,0.8834051900993044
SV1_C51639,C51639,0.9838819246346104
SV1_C18672,C18672,0.8190668340792864
SV1_C06716,C06716,0.9736933653547408
SV1_C84008,C84008,0.9476330899862321
SV1_C88243,C88243,0.8127114267564219
SV1_C69644,C69644,0.833947491664503
SV1_C31893,C31893,0.7978294645352206
SV1_C63635,C63635,0.9046179669669581
SV1_C94803,C94803,0.8445968157400288
SV1_C52898,C52898,0.8531558628174278
SV1_C15689,C15689,0.8383760886591917
SV1_C76230,C76230,0.8898672185025602
SV1_C90000,C90000,0.8926799097382543
SV1_C10220,C10220,0.9372027958807972
SV1_C47408,C47408,0.8173990689490291
SV1_C10860,C10860,0.7624598424747769
SV1_C99604,C99604,0.9495483509667295
SV1_C01905,C01905,0.9203355163989485
SV1_C62414,C62414,0.9397744391175029
SV1_C78063,C78063,0.7698606368361067
SV1_C69690,C69690,0.9026027628621345
SV1_C94226,C94226,0.9416468871240243
SV1_C47412,C47412,0.8050656459766935
SV1_C76846,C76846,0.8050995802707211
SV1_C00624,C00624,0.9722437929388149
SV1_C64898,C64898,0.9818011821265257
SV1_C15672,C15672,0.9134108310811393
SV1_C19219,C19219,0.8521622445447649
SV1_C31905,C31905,0.840887420435157
SV1_C06006,C06006,0.895885246104931
SV1_C31918,C31918,0.945903291936646
SV1_C21712,C21712,0.9095921104447836
SV1_C05442,C05442,0.89259908262037
SV1_C57604,C57604,0.9487789574625043
SV1_C99001,C99001,0.9760252933617456
SV1_C43862,C43862,0.9565771011094275
SV1_C79884,C79884,0.9355552002205042
SV1_C06040,C06040,0.823367513157262
SV1_C70906,C70906,0.785666798695408
SV1_C34819,C34819,0.9127227884663036
SV1_C88213,C88213,0.9313057130166524
SV1_C45104,C45104,0.9943193114479133
SV1_C43873,C43873,0.8887968058740621
SV1_C01833,C01833,0.9756973000713535
SV1_C43222,C43222,0.8912633697654027
SV1_C32413,C32413,0.8954526793530683
SV1_C45681,C45681,0.9191700567562512
SV1_C72028,C72028,0.8975730222254081
SV1_C76242,C76242,0.8827960665078595
SV1_C24110,C24110,0.9690100864169557
SV1_C95440,C95440,0.95838886502755
SV1_C97894,C97894,0.8353876708681903
SV1_C79877,C79877,0.9979318806153538
SV1_C91859,C91859,0.8674638117015789
SV1_C78012,C78012,0.9615392053969066
SV1_C69107,C69107,0.886587583935237
SV1_C46807,C46807,0.993426122464532
SV1_C45638,C45638,0.7652231019341111
SV1_C92495,C92495,0.7740550188372858
SV1_C68508,C68508,0.8794600798605944
SV1_C13247,C13247,0.9647222337864501
SV1_C24677,C24677,0.8786629294943752
SV1_C93017,C93017,0.8944391072502355
SV1_C12097,C12097,0.7929814463299532
SV1_C93025,C93025,0.8982513073617162
SV1_C90630,C90630,0.8092250664366071
SV1_C92422,C92422,0.9155003219058371
SV1_C09092,C09092,0.7807948617238247
SV1_C13856,C13856,0.7885586886866308
SV1_C80420,C80420,0.8318512776487202
SV1_C20484,C20484,0.9166031355503022
SV1_C55230,C55230,0.9581796853550705
SV1_C96006,C96006,0.9546108067640136
SV1_C66008,C66008,0.9712335808939634
SV1_C67840,C67840,0.8210553478900214
SV1_C58891,C58891,0.8273915697447489
SV1_C15609,C15609,0.9190379795282506
SV1_C62485,C62485,0.8842690952940857
SV1_C03118,C03118,0.8788638009674449
SV1_C91876,C91876,0.9394436482646674
SV1_C43251,C43251,0.798282498739754
SV1_C99717,C99717,0.910542326256519
SV1_C78080,C78080,0.9651668530653889
SV1_C62405,C62405,0.9066709774455525
SV1_C90099,C90099,0.8342463612246372
SV1_C81623,C81623,0.9599723403734226
SV1_C94904,C94904,0.8208281035798543
SV1_C08446,C08446,0.9183835137430798
SV1_C11429,C11429,0.9018796345989838
SV1_C47418,C47418,0.8624565554019176
SV1_C09110,C09110,0.8970018086078299
SV1_C19220,C19220,0.8567377670341424
SV1_C39007,C39007,0.9557043163070004
SV1_C65444,C65444,0.8655294795018519
SV1_C57020,C57020,0.8549659317077618
SV1_C11447,C11447,0.9534664291609402
SV1_C70289,C70289,0.9791010616271084
SV1_C72704,C72704,0.9154107272355021
SV1_C57042,C57042,0.7824077510450189
SV1_C66716,C66716,0.9911164559606409
SV1_C76863,C76863,0.9048389824654591
SV1_C22301,C22301,0.8793222225941192
SV1_C49276,C49276,0.8759080071158144
SV1_C31220,C31220,0.8282478915050545
SV1_C79307,C79307,0.9222251585733828
SV1_C93074,C93074,0.9559136887408509
SV1_C36013,C36013,0.8960394788418081
SV1_C43883,C43883,0.839596349214436
SV1_C84619,C84619,0.8462298241376583
SV1_C45062,C45062,0.9602609007777652
SV1_C07801,C07801,0.9924471252535921
SV1_C30700,C30700,0.8259835880119148
SV1_C21039,C21039,0.9252998052804098
SV1_C64313,C64313,0.8705670237702122
SV1_C87708,C87708,0.9832978129131302
SV1_C52835,C52835,0.9993349502717089
SV1_C61238,C61238,0.7824821687035141
SV1_C73916,C73916,0.8204714178422259
SV1_C82912,C82912,0.8842963001777874
SV1_C100299,C100299,0.8713416009621918
SV1_C48102,C48102,0.9330129439932434
SV1_C92444,C92444,0.7788081095480578
SV1_C17425,C17425,0.8576263325450001
SV1_C03640,C03640,0.9606287695554443
SV1_C91247,C91247,0.7945986703329525
SV1_C55210,C55210,0.9143531257409921
SV1_C87652,C87652,0.7496419635849882
SV1_C70875,C70875,0.9976874954538171
SV1_C88863,C88863,0.9849752865098536
SV1_C64832,C64832,0.8812499581376214
SV1_C87021,C87021,0.8772516807655618
SV1_C15692,C15692,0.7756082795860182
SV1_C09023,C09023,0.9412242612355841
SV1_C75605,C75605,0.9425293635880015
SV1_C87604,C87604,0.872267150477863
SV1_C85816,C85816,0.8657741519179528
SV1_C95409,C95409,0.9830581838430209
SV1_C11498,C11498,0.9045798715172577
SV1_C77404,C77404,0.9300974445844523
SV1_C54115,C54115,0.9869512775838614
SV1_C51118,C51118,0.8549780090451073
SV1_C40805,C40805,0.8866356303676833
SV1_C57696,C57696,0.8746849639240835
SV1_C74441,C74441,0.8956430797444717
SV1_C04836,C04836,0.9428757932501787
SV1_C04282,C04282,0.8449423499795529
SV1_C64901,C64901,0.9476660972188787
SV1_C67887,C67887,0.8449880793042451
SV1_C78620,C78620,0.808987961186451
SV1_C07205,C07205,0.9931374703403899
SV1_C90064,C90064,0.8653921699085381
SV1_C10214,C10214,0.9116147703694626
SV1_C15628,C15628,0.8297459929797923
SV1_C93065,C93065,0.9896225303667374
SV1_C47471,C47471,0.7757442885497535
SV1_C31299,C31299,0.8095633117912752
SV1_C85904,C85904,0.8449841107004452
SV1_C95400,C95400,0.9884658998996743
SV1_C78658,C78658,0.8168345314461785
SV1_C78715,C78715,0.7946974340211475
SV1_C96673,C96673,0.8962308288531816
SV1_C45718,C45718,0.8244881705072339
SV1_C21710,C21710,0.9456304357929364
SV1_C93686,C93686,0.8312093484509406
SV1_C78704,C78704,0.7749929163756292
SV1_C06103,C06103,0.7568276370398401
SV1_C45719,C45719,0.8753268100521406
SV1_C09715,C09715,0.9259741811293428
SV1_C17484,C17484,0.8318610698872729
SV1_C16894,C16894,0.836832138711751
SV1_C13912,C13912,0.804157255858734
SV1_C82882,C82882,0.8881955342169491
SV1_C08503,C08503,0.9950466383597566
SV1_C30701,C30701,0.8347879110604596
SV1_C77479,C77479,0.814634211087387
SV1_C55241,C55241,0.894725785986752
SV1_C51610,C51610,0.9086300863278657
SV1_C60034,C60034,0.8256208167261841
SV1_C04236,C04236,0.977835122623158
SV1_C06109,C06109,0.8542180474967705
SV1_C53406,C53406,0.8958933101641241
SV1_C22800,C22800,0.8883882264341937
SV1_C21003,C21003,0.8157912379245548
SV1_C94283,C94283,0.9078532917639935
SV1_C57609,C57609,0.9757120913437064
SV1_C25908,C25908,0.9022066198569121
SV1_C75636,C75636,0.8660560777422159
SV1_C75081,C75081,0.9446744961670447
SV1_C27701,C27701,0.989689044302556
SV1_C49209,C49209,0.8666219885681988
SV1_C70220,C70220,0.9834008247105125
SV1_C00688,C00688,0.9635986124097222
SV1_C50403,C50403,0.8746785300959901
SV1_C66625,C66625,0.8671428481027694
SV1_C49293,C49293,0.8680692171511613
SV1_C31318,C31318,0.9478986407215632
SV1_C04903,C04903,0.8242666553671589
SV1_C26421,C26421,0.9233128281606714
SV1_C87001,C87001,0.8795415433127782
SV1_C19210,C19210,0.8852109267621668
SV1_C01203,C01203,0.8177196433880984
SV1_C04206,C04206,0.9317195271158444
SV1_C54044,C54044,0.8074695205901156
SV1_C78701,C78701,0.776960185334011
SV1_C01901,C01901,0.9108868186093012
SV1_C70302,C70302,0.8761435002338517
SV1_C22908,C22908,0.899348125425188
SV1_C71495,C71495,0.9512949681634227
SV1_C97237,C97237,0.9650889429899886
SV1_C23489,C23489,0.8760506572311952
SV1_C72699,C72699,0.9627376902022448
SV1_C91216,C91216,0.9525769456281846
SV1_C49849,C49849,0.9647622810048291
SV1_C83506,C83506,0.8122934369604407
SV1_C73914,C73914,0.8643884977994274
SV1_C76236,C76236,0.8993254829975604
SV1_C03012,C03012,0.974040318352571
SV1_C94804,C94804,0.9843302979756082
SV1_C91237,C91237,0.8462806508633188
SV1_C68406,C68406,0.9625309706111622
SV1_C21016,C21016,0.8801881649833968
SV1_C60013,C60013,0.9722298044440004
SV1_C48079,C48079,0.9204834583008114
SV1_C45000,C45000,0.8592754083132121
SV1_C62425,C62425,0.796799482821821
SV1_C61843,C61843,0.8138742190064548
SV1_C93711,C93711,0.9995616317125214
SV1_C49910,C49910,0.8094337903320022
SV1_C37816,C37816,0.953686988890309
SV1_C54087,C54087,0.98101585337301
SV1_C93029,C93029,0.8963840786381523
SV1_C10861,C10861,0.7723416033551002
SV1_C99636,C99636,0.9835541887044396
SV1_C46917,C46917,0.7839421932574395
SV1_C58889,C58889,0.9855048480656995
SV1_C98492,C98492,0.921155434323247
SV1_C91881,C91881,0.9700291447303582
SV1_C66681,C66681,0.8980360821264003
SV1_C33690,C33690,0.7779872535746901
SV1_C96645,C96645,0.891413516005579
SV1_C32412,C32412,0.8722007817981345
SV1_C27678,C27678,0.9016975290710433
SV1_C13878,C13878,0.914311191552147
SV1_C99005,C99005,0.9762605833391611
SV1_C47500,C47500,0.9737819448673936
SV1_C81618,C81618,0.8997573249813919
SV1_C49918,C49918,0.9390409215430415
SV1_C34892,C34892,0.9023095530237814
SV1_C78688,C78688,0.8844184582796585
SV1_C72059,C72059,0.9250620291398468
SV1_C10901,C10901,0.8343717113271848
SV1_C06027,C06027,0.9118854940560813
SV1_C70277,C70277,0.8524899089595849
SV1_C76849,C76849,0.7877462671603636
SV1_C22224,C22224,0.9846347254922047
SV1_C95418,C95418,0.9270114664199746
SV1_C90096,C90096,0.9910653519878174
SV1_C97240,C97240,0.9290320039216206
SV1_C24688,C24688,0.9012749980881639
SV1_C06680,C06680,0.8362321895946997
SV1_C51033,C51033,0.8971849327562208
SV1_C64846,C64846,0.93846616740526
SV1_C88275,C88275,0.8128386125973307
SV1_C45670,C45670,0.7776512496685511
SV1_C76303,C76303,0.9642517272157181
SV1_C62442,C62442,0.8604467714517534
SV1_C05444,C05444,0.9333863932759121
SV1_C56405,C56405,0.9937106212118554
SV1_C03616,C03616,0.9141868622144003
SV1_C70803,C70803,0.9848062000077611
SV1_C30074,C30074,0.8473040215590115
SV1_C73278,C73278,0.9109929266053843
SV1_C31302,C31302,0.8712973135862008
SV1_C54085,C54085,0.9309341196146919
SV1_C89419,C89419,0.9206830807401353
SV1_C51679,C51679,0.9146723689224623
SV1_C00036,C00036,0.9878999486098379
SV1_C70886,C70886,0.9090068288271033
SV1_C78626,C78626,0.9020863840958284
SV1_C87634,C87634,0.8891845091238059
SV1_C42608,C42608,0.8281657097259677
SV1_C56401,C56401,0.9935772660227579
SV1_C67273,C67273,0.8878306024761387
SV1_C60024,C60024,0.8499043068819393
SV1_C00715,C00715,0.8436471915141607
SV1_C87645,C87645,0.7540639785032575
SV1_C04817,C04817,0.8736783100244869
SV1_C49875,C49875,0.8481968904052911
SV1_C72624,C72624,0.8888190299284147
SV1_C43295,C43295,0.7520826065845682
SV1_C97279,C97279,0.8723908273359193
SV1_C52827,C52827,0.9974500010226962
SV1_C77480,C77480,0.9411358939766722
SV1_C30676,C30676,0.9802080890930843
SV1_C92518,C92518,0.779358205117444
SV1_C07903,C07903,0.991347475988215
SV1_C06100,C06100,0.8474507274084041
SV1_C47424,C47424,0.7767556413968377
SV1_C21000,C21000,0.9136069855339128
SV1_C88861,C88861,0.7926867272561153
SV1_C55903,C55903,0.8148088366670908
SV1_C09111,C09111,0.9828476739363762
SV1_C43213,C43213,0.8424146571886617
SV1_C48004,C48004,0.7889378740397092
SV1_C50507,C50507,0.9507060707978287
SV1_C84710,C84710,0.8980052139284187
SV1_C04802,C04802,0.8966704451364157
SV1_C76865,C76865,0.8693067032464438
SV1_C09668,C09668,0.9944636329150436
SV1_C12690,C12690,0.8705937142473316
SV1_C86495,C86495,0.9411817652719757
SV1_C88860,C88860,0.7959831606233237
SV1_C18044,C18044,0.9051390905647497
SV1_C51093,C51093,0.9512902476484875
SV1_C44429,C44429,0.8066108032424839
SV1_C61203,C61203,0.9205350903786184
SV1_C49284,C49284,0.8511825523564811
SV1_C48605,C48605,0.8258774623234268
SV1_C92440,C92440,0.8266103367475469
SV1_C99711,C99711,0.9120319882935563
SV1_C82317,C82317,0.8248246600801592
SV1_C46888,C46888,0.8056768718267276
SV1_C61228,C61228,0.8470250899872824
SV1_C91909,C91909,0.9221014479329721
SV1_C67841,C67841,0.8378984919905029
SV1_C90681,C90681,0.9318845733845195
SV1_C03010,C03010,0.9619902175782422
SV1_C52836,C52836,0.9139736090149083
SV1_C49843,C49843,0.7839636099731271
SV1_C11434,C11434,0.8745009839705202
SV1_C45046,C45046,0.8973426521086597
SV1_C16830,C16830,0.947156870013544
SV1_C01838,C01838,0.899188235001211
SV1_C69674,C69674,0.913628284075989
SV1_C05491,C05491,0.8971433036187542
SV1_C46918,C46918,0.8627921661959909
SV1_C43876,C43876,0.8533738860458405
SV1_C96115,C96115,0.9778396414797519
SV1_C59493,C59493,0.879545946918563
SV1_C19242,C19242,0.7956426615490323
SV1_C91847,C91847,0.8651189337039573
SV1_C07257,C07257,0.7929632880728537
SV1_C20473,C20473,0.9589121505243329
SV1_C08447,C08447,0.9979684743494678
SV1_C12605,C12605,0.9542779943174712
SV1_C28279,C28279,0.8052336945911733
SV1_C91256,C91256,0.8900849180972581
SV1_C41400,C41400,0.8515659539625582
SV1_C12645,C12645,0.8266637328639572
SV1_C88280,C88280,0.8270097732243367
SV1_C63087,C63087,0.9322181701262356
SV1_C69701,C69701,0.9126385627415564
SV1_C49316,C49316,0.8197634259688118
SV1_C30006,C30006,0.92739446597124
SV1_C09689,C09689,0.8692615298405556
SV1_C86432,C86432,0.8361259487651491
SV1_C93081,C93081,0.928818102527174
SV1_C18619,C18619,0.8734962748696125
SV1_C98479,C98479,0.8172135273102954
SV1_C79801,C79801,0.9274524960786237
SV1_C93036,C93036,0.8709410696168902
SV1_C62486,C62486,0.9662390861133672
SV1_C48105,C48105,0.9574782126106894
SV1_C12675,C12675,0.8399094515093526
SV1_C63703,C63703,0.9028428765332737
SV1_C54629,C54629,0.9922445528609528
SV1_C24689,C24689,0.8925003625107983
SV1_C64809,C64809,0.9605682656483785
SV1_C93027,C93027,0.766539567752179
SV1_C79294,C79294,0.7610971840642243
SV1_C44498,C44498,0.9722549777584457
SV1_C92426,C92426,0.8779404849294433
SV1_C07203,C07203,0.8772420216533445
SV1_C51014,C51014,0.9165189248704587
SV1_C22211,C22211,0.9890524724416354
SV1_C04885,C04885,0.9122355248511681
SV1_C37804,C37804,0.8373187124605113
SV1_C69104,C69104,0.8921372290763712
SV1_C22828,C22828,0.9913832356758642
SV1_C75038,C75038,0.9769680058307066
SV1_C90710,C90710,0.9641075615315071
SV1_C55917,C55917,0.7945421810473555
SV1_C97306,C97306,0.9031939652165156
SV1_C88297,C88297,0.9969363252370057
SV1_C69044,C69044,0.8506567589437669
SV1_C35472,C35472,0.9195161632249488
SV1_C87703,C87703,0.8352923204041361
SV1_C12057,C12057,0.7287645649093653
SV1_C82874,C82874,0.8914567230675253
SV1_C73305,C73305,0.922758993612926
SV1_C97832,C97832,0.9206924973134195
SV1_C69074,C69074,0.9467498509512945
SV1_C92451,C92451,0.7829968705095308
SV1_C70237,C70237,0.8990851726620194
SV1_C76869,C76869,0.9510228323245636
SV1_C31806,C31806,0.9171895111644216
SV1_C70318,C70318,0.8773501812759514
SV1_C12681,C12681,0.9765360005746547
SV1_C35403,C35403,0.8071917055480824
SV1_C46232,C46232,0.7981926186756461
SV1_C60713,C60713,0.8412966537698626
SV1_C18692,C18692,0.7447405641514515
SV1_C54607,C54607,0.8478463299863265
SV1_C34314,C34314,0.8907030966378314
SV1_C96093,C96093,0.8640832900224593
SV1_C24621,C24621,0.9130698491493762
SV1_C48638,C48638,0.7671334692910922
SV1_C56477,C56477,0.7639928219707517
SV1_C08501,C08501,0.8452558517363473
SV1_C52844,C52844,0.791283310288963
SV1_C88209,C88209,0.9087247952899472
SV1_C99718,C99718,0.9321237618483312
SV1_C48043,C48043,0.7126013616743944
SV1_C64214,C64214,0.9085483581276209
SV1_C43257,C43257,0.9946323449426671
SV1_C00719,C00719,0.8195884844319753
SV1_C46240,C46240,0.8987016813959792
SV1_C95480,C95480,0.8984546568687369
SV1_C70288,C70288,0.9645469788132043
SV1_C07833,C07833,0.9053280785734786
SV1_C15095,C15095,0.766593241410845
SV1_C85806,C85806,0.8916418883050442
SV1_C47403,C47403,0.9851927073444076
SV1_C73800,C73800,0.9689036600993838
SV1_C02506,C02506,0.8781041907846275
SV1_C08481,C08481,0.9985095055402757
SV1_C75600,C75600,0.9470552924598514
SV1_C49888,C49888,0.7775572782461456
SV1_C49279,C49279,0.8876731317548407
SV1_C78702,C78702,0.7743657586955793
SV1_C93718,C93718,0.773003880076364
SV1_C35476,C35476,0.9275030843957485
SV1_C64896,C64896,0.910269850823745
SV1_C97913,C97913,0.8811235212864602
SV1_C70305,C70305,0.8321095019915385
SV1_C21031,C21031,0.9413583204344699
SV1_C92419,C92419,0.9142274375981781
SV1_C06077,C06077,0.8109060944944195
SV1_C73841,C73841,0.9038338227304625
SV1_C90658,C90658,0.8905584196051088
SV1_C13802,C13802,0.9505414794111399
SV1_C91844,C91844,0.7483424912723545
SV1_C19223,C19223,0.8667679950971873
SV1_C63708,C63708,0.88957121682802
SV1_C96715,C96715,0.9746014847933635
SV1_C46310,C46310,0.9680313016474781
SV1_C49242,C49242,0.8011383483376943
SV1_C96004,C96004,0.9919241517566004
SV1_C30711,C30711,0.7756289967358965
SV1_C15046,C15046,0.9872637559222454
SV1_C25232,C25232,0.996268064880237
SV1_C08480,C08480,0.9864579427782422
SV1_C43842,C43842,0.782888900218652
SV1_C33621,C33621,0.9285554909003216
SV1_C78112,C78112,0.8036946764958943
SV1_C18079,C18079,0.8949583570232414
SV1_C24608,C24608,0.9304180607660375
SV1_C19891,C19891,0.8763349217284734
SV1_C03074,C03074,0.8588869835246827
SV1_C19882,C19882,0.8572844737601157
SV1_C96682,C96682,0.8423562385177761
SV1_C98506,C98506,0.8937437228545786
SV1_C66621,C66621,0.8310423808688326
SV1_C24695,C24695,0.7329555273104755
SV1_C79805,C79805,0.9272831374871081
SV1_C78042,C78042,0.8492072590753534
SV1_C48629,C48629,0.7769579289750256
SV1_C32408,C32408,0.8681515178358485
SV1_C05500,C05500,0.8103774392207603
SV1_C46297,C46297,0.9960375883648233
SV1_C34900,C34900,0.8534971683765403
SV1_C12002,C12002,0.8523766501481221
SV1_C46881,C46881,0.9455593971089886
SV1_C63637,C63637,0.8643619336726028
SV1_C61804,C61804,0.9092979528941345
SV1_C83405,C83405,0.948831467935579
SV1_C76232,C76232,0.928986047746698
SV1_C26406,C26406,0.8688203028992315
SV1_C71423,C71423,0.857997787933198
SV1_C23473,C23473,0.8435925903344756
SV1_C09025,C09025,0.8796721402739863
SV1_C100218,C100218,0.8471328109285836
SV1_C53419,C53419,0.8721795674392919
SV1_C19240,C19240,0.833677920941411
SV1_C78078,C78078,0.8920806676215888
SV1_C03008,C03008,0.9822494398105257
SV1_C78686,C78686,0.8766379798548388
SV1_C12621,C12621,0.8414041536158007
SV1_C00623,C00623,0.7751135412918698
SV1_C10297,C10297,0.8412502597040008
SV1_C12617,C12617,0.904012015235357
SV1_C45677,C45677,0.9232293608653569
SV1_C23495,C23495,0.7093172756514422
SV1_C78654,C78654,0.8114071320425555
SV1_C81710,C81710,0.8630187793423885
SV1_C73249,C73249,0.7683000286714446
SV1_C60632,C60632,0.85196412107219
SV1_C73918,C73918,0.931802767653438
SV1_C33697,C33697,0.8498397843268871
SV1_C88313,C88313,0.9492398098799106
SV1_C01273,C01273,0.9584824492749721
SV1_C84616,C84616,0.8789770887237226
SV1_C16824,C16824,0.8367282052055711
SV1_C53508,C53508,0.7904702501860797
SV1_C16295,C16295,0.7859911394188209
SV1_C55910,C55910,0.9017892506995283
SV1_C03704,C03704,0.9186369373020771
SV1_C94227,C94227,0.9622035223024199
SV1_C49248,C49248,0.9225395457915101
SV1_C10213,C10213,0.9680750083832674
SV1_C44451,C44451,0.7988158212045087
SV1_C52285,C52285,0.9653412642395637
SV1_C27614,C27614,0.8174144907618535
SV1_C90651,C90651,0.9670453274726182
SV1_C12691,C12691,0.9487796068837103
SV1_C54641,C54641,0.8835438587781231
SV1_C43910,C43910,0.9660137962886044
SV1_C94243,C94243,0.8682903137730665
SV1_C48641,C48641,0.897212699487715
SV1_C86445,C86445,0.7405662073946518
SV1_C03078,C03078,0.8649252694495381
SV1_C69037,C69037,0.8259201128297212
SV1_C92472,C92472,0.9316527341384804
SV1_C97316,C97316,0.7800471953973471
SV1_C64311,C64311,0.8847813456342815
SV1_C32487,C32487,0.9965042873688102
SV1_C87635,C87635,0.8476276927736808
SV1_C72646,C72646,0.8852912575141461
SV1_C01813,C01813,0.9898648684739543
SV1_C06630,C06630,0.9878273793571479
SV1_C73876,C73876,0.9432820033542135
SV1_C46286,C46286,0.9392206357403594
SV1_C66036,C66036,0.8858847723736544
SV1_C64318,C64318,0.8738862480936359
SV1_C46218,C46218,0.8771834774812084
SV1_C63110,C63110,0.9320061281210225
SV1_C70838,C70838,0.8550770935180605
SV1_C05426,C05426,0.9817356752610342
SV1_C25846,C25846,0.8752805536760692
SV1_C54678,C54678,0.8745163020698813
SV1_C71516,C71516,0.8422065372678327
SV1_C96618,C96618,0.9236804969279213
SV1_C20414,C20414,0.8849946062958448
SV1_C03632,C03632,0.9796073599293031
SV1_C27113,C27113,0.9019740483203809
SV1_C16211,C16211,0.8971106696074913
SV1_C63620,C63620,0.9232015963423934
SV1_C07909,C07909,0.8348360451471146
SV1_C57631,C57631,0.8329645401208193
SV1_C47482,C47482,0.9908534782463931
SV1_C44420,C44420,0.8474688838187523
SV1_C26423,C26423,0.8301106632826226
SV1_C76803,C76803,0.8294344095191104
SV1_C03716,C03716,0.9184162583891536
SV1_C64909,C64909,0.9190247882377953
SV1_C69119,C69119,0.7154074328213729
SV1_C07893,C07893,0.7974013903878581
SV1_C66601,C66601,0.9880310375142364
SV1_C78607,C78607,0.7921234636798865
SV1_C13252,C13252,0.7624987465833536
SV1_C78677,C78677,0.9552597427312981
SV1_C57714,C57714,0.8339406537600631
SV1_C69081,C69081,0.8993748430494226
SV1_C82819,C82819,0.9178931622914237
SV1_C49213,C49213,0.8595919064777628
SV1_C27093,C27093,0.9555046806783293
SV1_C03605,C03605,0.9765157099165639
SV1_C15086,C15086,0.8160292685191296
SV1_C69616,C69616,0.8835307501814168
SV1_C90716,C90716,0.7727353504902945
SV1_C19290,C19290,0.98172646900834
SV1_C16881,C16881,0.9140628079662751
SV1_C02420,C02420,0.7548343438387639
SV1_C19206,C19206,0.879900151269144
SV1_C53434,C53434,0.9094450353716612
SV1_C75100,C75100,0.9210296196550439
SV1_C89503,C89503,0.8370529365731116
SV1_C67911,C67911,0.8795372906666593
SV1_C40204,C40204,0.8338671594042767
SV1_C01289,C01289,0.953910106757332
SV1_C31311,C31311,0.7814323116888168
SV1_C30686,C30686,0.8779107314886969
SV1_C21706,C21706,0.9103999510038422
SV1_C30117,C30117,0.9945938915566913
SV1_C89504,C89504,0.9946126044511877
SV1_C76813,C76813,0.8983119959570383
SV1_C57637,C57637,0.8217835451515764
SV1_C19888,C19888,0.8425166869199762
SV1_C51105,C51105,0.8107685962743912
SV1_C60613,C60613,0.9681507143036103
SV1_C46241,C46241,0.8892438434034272
SV1_C76891,C76891,0.9552986433822795
SV1_C100313,C100313,0.9670476560590197
SV1_C03674,C03674,0.8470162973942366
SV1_C22909,C22909,0.9328537947344956
SV1_C93692,C93692,0.8382538810244722
SV1_C99106,C99106,0.9352452276055845
SV1_C10305,C10305,0.8429307125142068
SV1_C48682,C48682,0.9810735595895508
SV1_C30101,C30101,0.8276657366827268
SV1_C57601,C57601,0.9695148637437286
SV1_C21085,C21085,0.9375633915789161
SV1_C74406,C74406,0.9079913246742257
SV1_C72667,C72667,0.932765458146956
SV1_C93068,C93068,0.9325938124801993
SV1_C66634,C66634,0.9025464480241274
SV1_C30616,C30616,0.8766466582776449
SV1_C78699,C78699,0.7904447878001227
SV1_C90020,C90020,0.8907282478423234
SV1_C70900,C70900,0.7956417342229645
SV1_C24023,C24023,0.8553103113785956
SV1_C02430,C02430,0.8766841892882594
SV1_C25279,C25279,0.843773368384539
SV1_C93003,C93003,0.823688873180006
SV1_C97209,C97209,0.9942397388799902
SV1_C88296,C88296,0.9930260406788527
SV1_C66003,C66003,0.7803247719899297
SV1_C31892,C31892,0.8138046636434074
SV1_C87699,C87699,0.8351852318895676
SV1_C91248,C91248,0.8708502633360132
SV1_C57091,C57091,0.8872332520965487
SV1_C25209,C25209,0.925835218738646
SV1_C57014,C57014,0.9799298054234177
SV1_C86414,C86414,0.9217560172371667
SV1_C14411,C14411,0.9006988600051002
SV1_C10291,C10291,0.9866326386406259
SV1_C36000,C36000,0.8287025246428436
SV1_C28916,C28916,0.9982742784821794
SV1_C72098,C72098,0.8796507286903773
SV1_C06695,C06695,0.900373950201388
SV1_C75673,C75673,0.9298284000772951
SV1_C94309,C94309,0.8236245682500395
SV1_C68501,C68501,0.9543425386418013
SV1_C09604,C09604,0.9907833187256666
SV1_C63719,C63719,0.9393485146861138
SV1_C06039,C06039,0.8906184603407827
SV1_C45608,C45608,0.8524334473468819
SV1_C43902,C43902,0.9716931068449942
SV1_C52840,C52840,0.8309040591307123
SV1_C70915,C70915,0.727504086957434
SV1_C77439,C77439,0.9244117402454287
SV1_C59427,C59427,0.840758791656308
SV1_C63105,C63105,0.9134393745777573
SV1_C72004,C72004,0.9740904145869446
SV1_C82209,C82209,0.9434833205692432
SV1_C33688,C33688,0.8638581638777955
SV1_C01274,C01274,0.8638406240970457
SV1_C76855,C76855,0.8473064722880379
SV1_C15621,C15621,0.8152584292160396
SV1_C46291,C46291,0.8096406670332886
SV1_C86434,C86434,0.8992989585374447
SV1_C97817,C97817,0.9573267766459115
SV1_C09095,C09095,0.8884034907203815
SV1_C30118,C30118,0.9490670865587573
SV1_C91848,C91848,0.9119013331025247
SV1_C24717,C24717,0.893741204098635
SV1_C03610,C03610,0.950167903009327
SV1_C45707,C45707,0.8616890804085383
SV1_C34286,C34286,0.840644055333626
SV1_C12109,C12109,0.7866505667793282
SV1_C48011,C48011,0.9657072522777145
SV1_C03678,C03678,0.8531844621752207
SV1_C68519,C68519,0.7178177109960446
SV1_C68446,C68446,0.9548803804508099
SV1_C93697,C93697,0.8189723101675257
SV1_C91887,C91887,0.9140105136269662
SV1_C43306,C43306,0.9698939485926169
SV1_C74473,C74473,0.9501359581647623
SV1_C75105,C75105,0.9269845535850753
SV1_C63715,C63715,0.8733501322094898
SV1_C38405,C38405,0.8457559191791229
SV1_C69103,C69103,0.8892598466924607
SV1_C93616,C93616,0.933060704643056
SV1_C96107,C96107,0.9884291421046839
SV1_C38423,C38423,0.9041307283996268
SV1_C48644,C48644,0.9877723909151966
SV1_C10840,C10840,0.7529295042186772
SV1_C70832,C70832,0.8989561198504443
SV1_C32517,C32517,0.9838651485854886
SV1_C30710,C30710,0.8352940029912089
SV1_C58818,C58818,0.9835856889484462
SV1_C72051,C72051,0.9262569449599755
SV1_C59507,C59507,0.8886310638584127
SV1_C87639,C87639,0.8381725759143294
SV1_C48075,C48075,0.9213165273637564
SV1_C95433,C95433,0.9832755739414628
SV1_C19826,C19826,0.8589973219562472
SV1_C91823,C91823,0.9007254539310598
SV1_C55801,C55801,0.9723590882424201
SV1_C63027,C63027,0.9128569654100941
SV1_C33096,C33096,0.8199621581661277
SV1_C05501,C05501,0.8164359464468055
SV1_C54631,C54631,0.9875236053986846
SV1_C18683,C18683,0.8760087728623049
SV1_C24681,C24681,0.8869644194090812
SV1_C22284,C22284,0.7735392464555576
SV1_C24002,C24002,0.911114315291542
SV1_C91908,C91908,0.9163210708207961
SV1_C86400,C86400,0.852920245659872
SV1_C45626,C45626,0.7728254016365362
SV1_C91219,C91219,0.9437933134125601
SV1_C73862,C73862,0.8457494580960668
SV1_C09648,C09648,0.7885920277780639
SV1_C65492,C65492,0.7228506596518992
SV1_C99014,C99014,0.9405284345240802
SV1_C81089,C81089,0.8214580752105292
SV1_C01312,C01312,0.9197251825654486
SV1_C21090,C21090,0.844003714582518
SV1_C05407,C05407,0.9153460512052685
SV1_C79310,C79310,0.868494544618305
SV1_C50401,C50401,0.8841196018768007
SV1_C89460,C89460,0.8145434657170648
SV1_C96020,C96020,0.8688415233164075
SV1_C21046,C21046,0.7875550842717115
SV1_C96629,C96629,0.9632874033761076
SV1_C00038,C00038,0.8970539735873505
SV1_C43841,C43841,0.8486965398781176
SV1_C45093,C45093,0.7658594596560273
SV1_C34204,C34204,0.7999143425826252
SV1_C45085,C45085,0.8835107838857874
SV1_C48636,C48636,0.7977733737975281
SV1_C72046,C72046,0.8863956408675265
SV1_C54612,C54612,0.8884098058428905
SV1_C51643,C51643,0.926976875876284
SV1_C68422,C68422,0.9322639167151177
SV1_C56445,C56445,0.8043166460342094
SV1_C77460,C77460,0.8883420262873802
SV1_C15635,C15635,0.8411841350576763
SV1_C86511,C86511,0.8395410960792594
SV1_C24629,C24629,0.9871409156332318
SV1_C96620,C96620,0.8666618483284346
SV1_C55226,C55226,0.9576931079283921
SV1_C18695,C18695,0.8212283024085366
SV1_C25220,C25220,0.9299620237437793
SV1_C17493,C17493,0.7826288177911036
SV1_C88201,C88201,0.8938260747499159
SV1_C09712,C09712,0.7951927295241503
SV1_C17437,C17437,0.8937899789466265
SV1_C80423,C80423,0.9616150428811505
SV1_C80498,C80498,0.8532406683932496
SV1_C27623,C27623,0.7451111583904122
SV1_C99028,C99028,0.9769536720689221
SV1_C74482,C74482,0.9065590898197547
SV1_C57082,C57082,0.7621170022247739
SV1_C86471,C86471,0.7786735921595185
SV1_C90038,C90038,0.8512240201386877
SV1_C51693,C51693,0.9570320654780194
SV1_C91211,C91211,0.8999944628812355
SV1_C73295,C73295,0.8557461997485373
SV1_C60016,C60016,0.9316974227648257
SV1_C91883,C91883,0.9274731146864307
SV1_C86447,C86447,0.82712555232811
SV1_C33689,C33689,0.8560298982648481
SV1_C92418,C92418,0.9580778849854428
SV1_C86439,C86439,0.8486976180770552
SV1_C23486,C23486,0.9090085570446127
SV1_C31314,C31314,0.8671052482192223
SV1_C62504,C62504,0.9084170996111224
SV1_C66637,C66637,0.8991755753101545
SV1_C59417,C59417,0.9596158762260298
SV1_C43819,C43819,0.9428741886914621
SV1_C74508,C74508,0.9103544788422347
SV1_C20485,C20485,0.9307309578735857
SV1_C36014,C36014,0.8763406016139609
SV1_C34885,C34885,0.9628496884698006
SV1_C69077,C69077,0.8876718150067819
SV1_C43212,C43212,0.8527283462263365
SV1_C91273,C91273,0.9576891516713905
SV1_C07852,C07852,0.791169362399921
SV1_C74468,C74468,0.9637789558509494
SV1_C60014,C60014,0.9934318875433225
SV1_C90017,C90017,0.9681112783354803
SV1_C85891,C85891,0.8316210574260262
SV1_C07869,C07869,0.9684621862669771
SV1_C12093,C12093,0.9417224400423433
SV1_C03116,C03116,0.9249905873413177
SV1_C45068,C45068,0.8516749185651808
SV1_C18018,C18018,0.9219855748018253
SV1_C09004,C09004,0.994878473868608
SV1_C00682,C00682,0.8769524152117893
SV1_C64274,C64274,0.8488686927845125
SV1_C59404,C59404,0.9425676673627017
SV1_C24620,C24620,0.9231093074790961
SV1_C87106,C87106,0.9669974986080673
SV1_C53501,C53501,0.8050482221073652
SV1_C39608,C39608,0.8470669976402673
SV1_C51712,C51712,0.7588894580544925
SV1_C07209,C07209,0.9926137759241888
SV1_C90066,C90066,0.835870992564349
SV1_C33701,C33701,0.8482105169362057
SV1_C00091,C00091,0.8078742457086131
SV1_C58217,C58217,0.9633574105379518
SV1_C90618,C90618,0.9957834310901977
SV1_C14433,C14433,0.9196274009887556
SV1_C67830,C67830,0.8673685882120268
SV1_C88298,C88298,0.9714222875927585
SV1_C58816,C58816,0.9374396808487634
SV1_C75030,C75030,0.949288796172925
SV1_C13243,C13243,0.8939099531125503
SV1_C53496,C53496,0.8049792726480622
SV1_C43851,C43851,0.7989308397888478
SV1_C01885,C01885,0.9892381084003828
SV1_C87074,C87074,0.8473811803844228
SV1_C61905,C61905,0.9592313312653893
SV1_C10818,C10818,0.9047541340114769
SV1_C24104,C24104,0.8726840919372356
SV1_C63014,C63014,0.8825724844290825
SV1_C21027,C21027,0.9413774594597865
SV1_C86409,C86409,0.8855536717325333
SV1_C00000,C00000,0.9918807929694266
SV1_C77494,C77494,0.9278240039141404
SV1_C20479,C20479,0.8351211703264316
SV1_C43296,C43296,0.9909265997627091
SV1_C99038,C99038,0.94431800680582
SV1_C69038,C69038,0.8304321356192913
SV1_C31282,C31282,0.8697288987345038
SV1_C77440,C77440,0.8668581211167632
SV1_C61241,C61241,0.7437442057644328
SV1_C20428,C20428,0.8478189506413356
SV1_C30007,C30007,0.886032781781788
SV1_C25290,C25290,0.9280060243411614
SV1_C90663,C90663,0.957644951541569
SV1_C44400,C44400,0.8630428273925733
SV1_C43293,C43293,0.7542601478162291
SV1_C75606,C75606,0.8906653864167036
SV1_C45703,C45703,0.8645870050789122
SV1_C47506,C47506,0.9576650460596
SV1_C84675,C84675,0.755794257559759
SV1_C51022,C51022,0.8288725990988559
SV1_C68428,C68428,0.8199605479433469
SV1_C46833,C46833,0.7939781973415151
SV1_C10879,C10879,0.8981311168558267
SV1_C00042,C00042,0.8611626875920145
SV1_C10278,C10278,0.9408764445554395
SV1_C49280,C49280,0.8718915312120801
SV1_C46230,C46230,0.771182989488937
SV1_C79288,C79288,0.7953030395679925
SV1_C12633,C12633,0.952561111146643
SV1_C51114,C51114,0.9278484958637481
SV1_C59492,C59492,0.8983351036555364
SV1_C42623,C42623,0.8507062206861812
SV1_C79204,C79204,0.9280286222794843
SV1_C75001,C75001,0.9548502484849037
SV1_C18025,C18025,0.830571535519924
SV1_C51701,C51701,0.8118177624709146
SV1_C11464,C11464,0.8999736126770198
SV1_C10917,C10917,0.7853514872689781
SV1_C18686,C18686,0.916859512381156
SV1_C58841,C58841,0.75725548785741
SV1_C40823,C40823,0.8879867975408583
SV1_C24024,C24024,0.9964454792588721
SV1_C04872,C04872,0.8950305372467235
SV1_C57610,C57610,0.994514459049487
SV1_C89457,C89457,0.8022086080639768
SV1_C48670,C48670,0.7744313266415744
SV1_C76876,C76876,0.8798173735097043
SV1_C76893,C76893,0.9062445756443035
SV1_C57702,C57702,0.9401996676444699
SV1_C49227,C49227,0.7880705797216729
SV1_C74499,C74499,0.9710393582799999
SV1_C49884,C49884,0.8323986939757267
SV1_C95414,C95414,0.9430847198903355
SV1_C71418,C71418,0.891155487757015
SV1_C25305,C25305,0.9066492031375867
SV1_C67294,C67294,0.7922330721458698
SV1_C42605,C42605,0.8671910874059
SV1_C04223,C04223,0.8054031919799467
SV1_C01206,C01206,0.9690840261275144
SV1_C31919,C31919,0.8822364857584026
SV1_C67220,C67220,0.840126550776895
SV1_C64278,C64278,0.8567544259431653
SV1_C34800,C34800,0.8125455757829081
SV1_C78061,C78061,0.8983737221540435
SV1_C61242,C61242,0.8246840594704666
SV1_C73915,C73915,0.9259506674066159
SV1_C46304,C46304,0.9916743628701876
SV1_C34889,C34889,0.9845975913235707
SV1_C07919,C07919,0.9774934266944921
SV1_C50412,C50412,0.8731219298378844
SV1_C45045,C45045,0.95118078986491
SV1_C73810,C73810,0.9116140357337652
SV1_C97301,C97301,0.8149777907701565
SV1_C61846,C61846,0.8945573312275675
SV1_C28241,C28241,0.9935664276436806
SV1_C49298,C49298,0.8017290539403874
SV1_C03013,C03013,0.9829033951491203
SV1_C92432,C92432,0.9082131756486894
SV1_C96019,C96019,0.9591098444182383
SV1_C46835,C46835,0.7974706939117219
SV1_C46263,C46263,0.7918489929278872
SV1_C06684,C06684,0.8405402447996034
SV1_C60097,C60097,0.9472987863866636
SV1_C21086,C21086,0.8971019845783467
SV1_C07271,C07271,0.8874946607341527
SV1_C22818,C22818,0.8978224589908983
SV1_C31805,C31805,0.8981667549475153
SV1_C43255,C43255,0.7983014608501579
SV1_C72703,C72703,0.9626845004118357
SV1_C13274,C13274,0.9193524319753537
SV1_C10227,C10227,0.9608508863267476
SV1_C77485,C77485,0.9160894374937796
SV1_C03016,C03016,0.9259204939568809
SV1_C60641,C60641,0.7466340215209133
SV1_C22315,C22315,0.9036632590538769
SV1_C87615,C87615,0.8834417480932006
SV1_C25289,C25289,0.9019120199256783
SV1_C65441,C65441,0.8568356190168523
SV1_C10246,C10246,0.9038713348382938
SV1_C75036,C75036,0.8687229122635061
SV1_C57077,C57077,0.8045554664117041
SV1_C40802,C40802,0.9517487456612498
SV1_C34904,C34904,0.8522715462742679
SV1_C08475,C08475,0.8612493627143933
SV1_C31800,C31800,0.8739021126675219
SV1_C84114,C84114,0.8723733492362964
SV1_C45049,C45049,0.9979308405252243
SV1_C50499,C50499,0.9321677777372513
SV1_C79282,C79282,0.9175513611742869
SV1_C18639,C18639,0.9187022795134246
SV1_C52884,C52884,0.9668940851599327
SV1_C45096,C45096,0.9933835538437727
SV1_C74497,C74497,0.9254302683699911
SV1_C09687,C09687,0.9496544778066279
SV1_C82295,C82295,0.7867259728255116
SV1_C85915,C85915,0.8746916029309784
SV1_C88827,C88827,0.8438479893347876
SV1_C01314,C01314,0.8233058461730698
SV1_C12063,C12063,0.9449975059942339
SV1_C88840,C88840,0.7837887041852986
SV1_C56518,C56518,0.8165866834927548
SV1_C64273,C64273,0.8082990033818063
SV1_C46813,C46813,0.8234230957239855
SV1_C07302,C07302,0.9056664602515052
SV1_C18037,C18037,0.8577665592502707
SV1_C17489,C17489,0.8736170837716241
SV1_C85896,C85896,0.8374097423227276
SV1_C75109,C75109,0.9176153010237624
SV1_C75117,C75117,0.8186975836655728
SV1_C03104,C03104,0.9296390402201994
SV1_C95429,C95429,0.9757375940898326
SV1_C30094,C30094,0.7240649051850874
SV1_C88248,C88248,0.7468122520923314
SV1_C17405,C17405,0.9049347038025388
SV1_C13218,C13218,0.8965672103396233
SV1_C07917,C07917,0.8215278783118818
SV1_C28307,C28307,0.8521375841292665
SV1_C10850,C10850,0.7664637875585705
SV1_C75101,C75101,0.9263820396555689
SV1_C85274,C85274,0.9473872939483917
SV1_C70911,C70911,0.7722166380791906
SV1_C76221,C76221,0.9166551661766673
SV1_C16872,C16872,0.902465939080622
SV1_C87009,C87009,0.8938982315490375
SV1_C91314,C91314,0.9083122330582187
SV1_C21707,C21707,0.8403670707083557
SV1_C61227,C61227,0.8336941431580254
SV1_C88887,C88887,0.8047605555626094
SV1_C19281,C19281,0.8074881158383264
SV1_C46828,C46828,0.7899107696603034
SV1_C33604,C33604,0.8253744225032091
SV1_C86519,C86519,0.9435270997123784
SV1_C71500,C71500,0.8209162217331714
SV1_C40801,C40801,0.8866749488820531
SV1_C64314,C64314,0.8208355739379541
SV1_C26443,C26443,0.7641052902154781
SV1_C53519,C53519,0.93150707153349
SV1_C54096,C54096,0.7957706558359777
SV1_C04214,C04214,0.9276603594252524
SV1_C07840,C07840,0.8211264818000987
SV1_C67847,C67847,0.8715956295242162
SV1_C11425,C11425,0.9034270594630043
SV1_C75078,C75078,0.902855980518175
SV1_C48634,C48634,0.760616723353339
SV1_C58902,C58902,0.9625520857900586
SV1_C73224,C73224,0.8820039919369421
SV1_C81611,C81611,0.833304783000855
SV1_C07812,C07812,0.9857726153928247
SV1_C59409,C59409,0.970474877474699
SV1_C44469,C44469,0.8334285503881281
SV1_C18073,C18073,0.8793530302639614
SV1_C26485,C26485,0.9466180899612442
SV1_C59498,C59498,0.9728330354041882
SV1_C07827,C07827,0.9089517203497353
SV1_C54635,C54635,0.9888359116438724
SV1_C25275,C25275,0.8397574856739698
SV1_C31286,C31286,0.8808765845510822
SV1_C02434,C02434,0.886134164292849
SV1_C28236,C28236,0.9791256219085861
SV1_C88318,C88318,0.8646501676657903
SV1_C74414,C74414,0.8987850430295486
SV1_C21019,C21019,0.875659942733987
SV1_C56437,C56437,0.9113259466576301
SV1_C03636,C03636,0.9921646949137103
SV1_C56473,C56473,0.7615174140851919
SV1_C62498,C62498,0.9931518493400096
SV1_C21032,C21032,0.8423815836738678
SV1_C46890,C46890,0.8792426788760659
SV1_C50512,C50512,0.7602450401930021
SV1_C22239,C22239,0.7567237322047402
SV1_C06604,C06604,0.7700813185278423
SV1_C75621,C75621,0.931381134626883
SV1_C88856,C88856,0.7708278029509723
SV1_C19807,C19807,0.7958451308211125
SV1_C72074,C72074,0.90819202060348
SV1_C63023,C63023,0.8927949803638705
SV1_C04902,C04902,0.9020690238189494
SV1_C99641,C99641,0.9384046455126815
SV1_C95482,C95482,0.8539783366518948
SV1_C64280,C64280,0.8443853065776279
SV1_C16226,C16226,0.9475529949134263
SV1_C83490,C83490,0.9121231360447484
SV1_C22827,C22827,0.7407945396770215
SV1_C01211,C01211,0.8183902214149176
SV1_C49318,C49318,0.9485925111521573
SV1_C83402,C83402,0.909108119122704
SV1_C87693,C87693,0.9775384515954151
SV1_C63019,C63019,0.8454867310507109
SV1_C63684,C63684,0.8632041521295203
SV1_C62505,C62505,0.9517378448490885
SV1_C56409,C56409,0.993279480147196
SV1_C13874,C13874,0.9148100125615126
SV1_C76289,C76289,0.8073302756196743
SV1_C51024,C51024,0.9009376767173942
SV1_C46289,C46289,0.8267923800818568
SV1_C55804,C55804,0.9689018556614042
SV1_C46805,C46805,0.8408597049986594
SV1_C43917,C43917,0.7828837161704539
SV1_C68491,C68491,0.8290571746102516
SV1_C72691,C72691,0.909152681222937
SV1_C35486,C35486,0.9062145893272971
SV1_C33118,C33118,0.9281290887670532
SV1_C27019,C27019,0.8985810911221251
SV1_C82814,C82814,0.8984909129293638
SV1_C16216,C16216,0.8833464626679861
SV1_C36007,C36007,0.9135842922562164
SV1_C15601,C15601,0.9116490187599219
SV1_C03081,C03081,0.9710753566768862
SV1_C05515,C05515,0.863130042580871
SV1_C63631,C63631,0.9074809209297978
SV1_C95435,C95435,0.9744268404962293
SV1_C79316,C79316,0.8286802090520053
SV1_C52221,C52221,0.8025266503194964
SV1_C85878,C85878,0.9642265976878478
SV1_C84713,C84713,0.8878372766329052
SV1_C33103,C33103,0.8226816136512503
SV1_C74496,C74496,0.9208702081745364
SV1_C79908,C79908,0.9137622709555958
SV1_C24099,C24099,0.8346379921152124
SV1_C07836,C07836,0.8625916253137441
SV1_C61239,C61239,0.8175383502776747
SV1_C79285,C79285,0.947473490753358
SV1_C97238,C97238,0.9325506846096479
SV1_C01917,C01917,0.9250021751476744
SV1_C33087,C33087,0.9859869420159898
SV1_C15603,C15603,0.8917737257779973
SV1_C46207,C46207,0.9983034627492551
SV1_C61215,C61215,0.933888824317922
SV1_C02425,C02425,0.9616035654067034
SV1_C43833,C43833,0.8057993124102157
SV1_C12072,C12072,0.9276349393787269
SV1_C69088,C69088,0.8089353662072134
SV1_C12693,C12693,0.9867594747960686
SV1_C21702,C21702,0.8956397925499506
SV1_C50447,C50447,0.8542125403687643
SV1_C49885,C49885,0.8326295595261773
SV1_C01898,C01898,0.8707044159961025
SV1_C90715,C90715,0.8138238798644815
SV1_C00001,C00001,0.9976763876824758
SV1_C13239,C13239,0.9039802420651101
SV1_C96015,C96015,0.9060384328604799
SV1_C68518,C68518,0.9341880853488027
SV1_C43889,C43889,0.7813935936602635
SV1_C28802,C28802,0.9282506708178738
SV1_C88849,C88849,0.811333166426724
SV1_C73232,C73232,0.8913965950898705
SV1_C43831,C43831,0.7815914980089695
SV1_C69102,C69102,0.9858528413830357
SV1_C67204,C67204,0.9852620496344593
SV1_C100209,C100209,0.904499465561219
SV1_C04808,C04808,0.9179673679397703
SV1_C06117,C06117,0.9562582965489342
SV1_C96625,C96625,0.9586957216630434
SV1_C70226,C70226,0.8567028064621478
SV1_C55246,C55246,0.9164850064617994
SV1_C44460,C44460,0.9825664501735091
SV1_C27005,C27005,0.873152412022675
SV1_C99101,C99101,0.9030988027548233
SV1_C54045,C54045,0.7927452669681089
SV1_C51711,C51711,0.9804646594506112
SV1_C10903,C10903,0.9976507571260806
SV1_C99644,C99644,0.9319880726430942
SV1_C81072,C81072,0.9819378382771877
SV1_C18008,C18008,0.8767428985392433
SV1_C06085,C06085,0.8236231951647699
SV1_C86448,C86448,0.7573309585587716
SV1_C49291,C49291,0.8131812381934465
SV1_C71480,C71480,0.9065416742378835
SV1_C31916,C31916,0.995884759125711
SV1_C38408,C38408,0.8526366164915142
SV1_C12081,C12081,0.9170678327862626
SV1_C25823,C25823,0.8447249321500127
SV1_C50503,C50503,0.9386258571496561
SV1_C82299,C82299,0.9015777733271353
SV1_C78612,C78612,0.9754447694845544
SV1_C63039,C63039,0.889403068906198
SV1_C74427,C74427,0.9071023191330472
SV1_C16801,C16801,0.906103201200297
SV1_C93621,C93621,0.9085680471216868
SV1_C27683,C27683,0.8511415948849064
SV1_C42019,C42019,0.9650772233415603
SV1_C03041,C03041,0.9576288670448562
SV1_C21681,C21681,0.7985758434666095
SV1_C90045,C90045,0.777104807819476
SV1_C68515,C68515,0.8015428349458366
SV1_C93041,C93041,0.8317280680675071
SV1_C13286,C13286,0.8992429410909621
SV1_C60020,C60020,0.836229979577359
SV1_C22835,C22835,0.7464627362450064
SV1_C75628,C75628,0.9026352336717868
SV1_C74483,C74483,0.859087493820329
SV1_C10259,C10259,0.9212968243350934
SV1_C48008,C48008,0.7871053894154784
SV1_C73210,C73210,0.9138998213038942
SV1_C12108,C12108,0.7797077187493029
SV1_C98472,C98472,0.9036533155660798
SV1_C91910,C91910,0.9006253645388542
SV1_C81692,C81692,0.7201511005626147
SV1_C56503,C56503,0.8343754474180561
SV1_C60105,C60105,0.9422380028334428
SV1_C52307,C52307,0.9493299111886043
SV1_C11501,C11501,0.8216924611550864
SV1_C32478,C32478,0.8600584070284109
SV1_C49903,C49903,0.7853450160083789
SV1_C06083,C06083,0.9981043148351781
SV1_C08408,C08408,0.9971137918725452
SV1_C99030,C99030,0.9499115601162836
SV1_C33000,C33000,0.8488398013891415
SV1_C40815,C40815,0.9877116576663112
SV1_C49890,C49890,0.8072658784355798
SV1_C84611,C84611,0.7586709209039721
SV1_C73219,C73219,0.8358948976084949
SV1_C64902,C64902,0.9812535521979744
SV1_C15040,C15040,0.8028928747691769
SV1_C46209,C46209,0.8454225341846813
SV1_C68407,C68407,0.8635300070368052
SV1_C04303,C04303,0.8476789104196982
SV1_C31804,C31804,0.8759404727240352
SV1_C64275,C64275,0.9268793425460383
SV1_C52302,C52302,0.863723286375752
SV1_C75682,C75682,0.8875852486355505
SV1_C76827,C76827,0.9614411083863585
SV1_C27022,C27022,0.8585254190478422
SV1_C65478,C65478,0.9254851796507267
SV1_C59516,C59516,0.9276082973695238
SV1_C82883,C82883,0.9584132774648233
SV1_C12694,C12694,0.9563356384472658
SV1_C52909,C52909,0.7947043841626568
SV1_C00630,C00630,0.8822562362324878
SV1_C59488,C59488,0.995330118539322
SV1_C51001,C51001,0.8828748526312054
SV1_C90704,C90704,0.9857351155528501
SV1_C10869,C10869,0.9927542187247067
SV1_C47432,C47432,0.7768425734472163
SV1_C99029,C99029,0.9840433545669423
SV1_C81001,C81001,0.9373752522857741
SV1_C95472,C95472,0.9072762653281532
SV1_C70912,C70912,0.7559380883592106
SV1_C60714,C60714,0.879888393674438
SV1_C80513,C80513,0.8830855837616044
SV1_C70214,C70214,0.9180022689892555
SV1_C43860,C43860,0.981074261902016
SV1_C15045,C15045,0.9509539392271654
SV1_C02508,C02508,0.9457012399295464
SV1_C50505,C50505,0.8100938394633946
SV1_C91253,C91253,0.8773357747638055
SV1_C33623,C33623,0.8986771256878471
SV1_C76296,C76296,0.9073544701881276
SV1_C70802,C70802,0.9122715481854019
SV1_C22919,C22919,0.8660045654743198
SV1_C51618,C51618,0.9062039254837102
SV1_C00694,C00694,0.8350060898423745
SV1_C65501,C65501,0.952613146472908
SV1_C01846,C01846,0.8654499812051785
SV1_C45701,C45701,0.9986617059442603
SV1_C61284,C61284,0.9024977215252771
SV1_C59482,C59482,0.943578060553629
SV1_C64205,C64205,0.9348541858448299
SV1_C58918,C58918,0.8754219083582533
SV1_C19829,C19829,0.8581086249434504
SV1_C72694,C72694,0.9291247145926241
SV1_C52276,C52276,0.9924381185497952
SV1_C58216,C58216,0.9391916181398221
SV1_C31316,C31316,0.9981874473232897
SV1_C16821,C16821,0.8102695787580072
SV1_C47493,C47493,0.7693669773712587
SV1_C23445,C23445,0.8756318844091945
SV1_C58277,C58277,0.838912585201347
SV1_C82909,C82909,0.8934955483009324
SV1_C43878,C43878,0.9147885892148674
SV1_C97879,C97879,0.8535116922386109
SV1_C99683,C99683,0.7272835381458989
SV1_C98403,C98403,0.8482218474195998
SV1_C93033,C93033,0.8916929491964355
SV1_C09671,C09671,0.9050852878770156
SV1_C46273,C46273,0.9343048627555885
SV1_C66719,C66719,0.713051316185568
SV1_C67242,C67242,0.8716829732488601
SV1_C90671,C90671,0.7520432279709767
SV1_C49304,C49304,0.826226011063864
SV1_C57613,C57613,0.9801972755308259
SV1_C64890,C64890,0.8774691786546237
SV1_C12006,C12006,0.8529114833295118
SV1_C67232,C67232,0.8640395669912243
SV1_C27685,C27685,0.8732022080068181
SV1_C43316,C43316,0.7828412030182429
SV1_C54706,C54706,0.8444324697932512
SV1_C60109,C60109,0.9174785379546294
SV1_C82917,C82917,0.8196464720367325
SV1_C84620,C84620,0.8340071008800181
SV1_C27686,C27686,0.9201931356431107
SV1_C89515,C89515,0.8422548202196529
SV1_C20412,C20412,0.8972177079984782
SV1_C04313,C04313,0.8800673708282172
SV1_C35480,C35480,0.9424151004293263
SV1_C93050,C93050,0.891971027390301
SV1_C01843,C01843,0.9701862728637894
SV1_C90717,C90717,0.7729181540076252
SV1_C73900,C73900,0.9206255580095087
SV1_C75607,C75607,0.8573271277367323
SV1_C04307,C04307,0.8447603155585724
SV1_C32482,C32482,0.8626848029795577
SV1_C58306,C58306,0.9482822623775128
SV1_C43901,C43901,0.9976008193061898
SV1_C63689,C63689,0.8805176576484378
SV1_C56439,C56439,0.8088838430813609
SV1_C94284,C94284,0.8905499743899752
SV1_C27041,C27041,0.9450848922968198
SV1_C54022,C54022,0.812193390872932
SV1_C86470,C86470,0.8205042348214192
SV1_C13854,C13854,0.8348691217473335
SV1_C12047,C12047,0.915098937801853
SV1_C20438,C20438,0.8128688977445656
SV1_C45688,C45688,0.7812427907770393
SV1_C70829,C70829,0.9068006064666427
SV1_C94235,C94235,0.9578608467069304
SV1_C29481,C29481,0.9341610870738642
SV1_C22237,C22237,0.9595628626603616
SV1_C15088,C15088,0.8499826405079609
SV1_C88250,C88250,0.9280024233390873
SV1_C25308,C25308,0.9071222347296782
SV1_C45668,C45668,0.8538098901999928
SV1_C30702,C30702,0.8645617633212554
SV1_C88817,C88817,0.951825878122433
SV1_C01841,C01841,0.9561715847846489
SV1_C73261,C73261,0.7587141349083524
SV1_C43875,C43875,0.845384689976204
SV1_C84689,C84689,0.8531348279390721
SV1_C64888,C64888,0.75847818100311
SV1_C58846,C58846,0.9153542037428453
SV1_C70209,C70209,0.9257649145273639
SV1_C19884,C19884,0.8671724556485807
SV1_C77448,C77448,0.8301755897847829
SV1_C76829,C76829,0.9774000155560534
SV1_C51681,C51681,0.9872308253753086
SV1_C35483,C35483,0.8699468875411293
SV1_C54701,C54701,0.82634910021381
SV1_C92454,C92454,0.9022678779792994
SV1_C52297,C52297,0.8106112015790099
SV1_C43311,C43311,0.8407611857270624
SV1_C89473,C89473,0.8887798144766407
SV1_C61814,C61814,0.9660332537135716
SV1_C46271,C46271,0.7803547035092728
SV1_C66639,C66639,0.8514694837683892
SV1_C43302,C43302,0.9692602774351957
SV1_C60036,C60036,0.8370626165506415
SV1_C73293,C73293,0.9074239593080032
SV1_C98408,C98408,0.9966899628030765
SV1_C91257,C91257,0.8908743123685777
SV1_C20486,C20486,0.8824279576631354
SV1_C64210,C64210,0.9164387519022378
SV1_C46293,C46293,0.7701337164162794
SV1_C48648,C48648,0.8825405510380543
SV1_C43890,C43890,0.8119919167322114
SV1_C74503,C74503,0.9712782683693355
SV1_C73839,C73839,0.8785439321824995
SV1_C80406,C80406,0.8918029361997558
SV1_C87083,C87083,0.8136702487183295
SV1_C05418,C05418,0.9159637124626271
SV1_C30615,C30615,0.8925559970196018
SV1_C82217,C82217,0.8930132183270217
SV1_C83423,C83423,0.9452878890913026
SV1_C66021,C66021,0.8301892998160806
SV1_C05511,C05511,0.9279219737223995
SV1_C73282,C73282,0.9097507217870029
SV1_C66033,C66033,0.8887142933768296
SV1_C84082,C84082,0.7752174977152154
SV1_C06028,C06028,0.9251251570144348
SV1_C84118,C84118,0.7753739711717572
SV1_C52287,C52287,0.9396908343566448
SV1_C43297,C43297,0.9947324463380465
SV1_C54074,C54074,0.8611032114651257
SV1_C33081,C33081,0.9797115335460063
SV1_C22206,C22206,0.911662303574629
SV1_C30092,C30092,0.7982245626802652
SV1_C03688,C03688,0.952449242808453
SV1_C67914,C67914,0.8904861112135748
SV1_C98443,C98443,0.9058558364154448
SV1_C47401,C47401,0.8311907988467864
SV1_C09673,C09673,0.9953451390402266
SV1_C43207,C43207,0.9962633505969741
SV1_C91269,C91269,0.8623327557228871
SV1_C91306,C91306,0.9525755229223484
SV1_C94810,C94810,0.9457974052940455
SV1_C87066,C87066,0.8580633427457816
SV1_C10858,C10858,0.7992538584585138
SV1_C63114,C63114,0.8589632796934435
SV1_C10877,C10877,0.9735867646233294
SV1_C05417,C05417,0.8203372004302358
SV1_C62427,C62427,0.8868789398008965
SV1_C52245,C52245,0.7843745386031444
SV1_C60088,C60088,0.9892706228925786
SV1_C86452,C86452,0.7557961690454488
SV1_C43277,C43277,0.8732628916741504
SV1_C51694,C51694,0.9845375008720064
SV1_C63712,C63712,0.8652223236087443
SV1_C19820,C19820,0.8947716973867903
SV1_C70247,C70247,0.8205463430559984
SV1_C93613,C93613,0.9601257073940015
SV1_C31304,C31304,0.8272406174814433
SV1_C57684,C57684,0.9533259152849886
SV1_C24702,C24702,0.9167726641580585
SV1_C37217,C37217,0.9557079416644604
SV1_C21001,C21001,0.916718373125965
SV1_C46895,C46895,0.7798518693624158
SV1_C91907,C91907,0.7759756607337394
SV1_C77426,C77426,0.9565497211221737
SV1_C18637,C18637,0.8271221041389449
SV1_C73817,C73817,0.9022322383244994
SV1_C99088,C99088,0.9832353005794413
SV1_C31204,C31204,0.8804762882964718
SV1_C87623,C87623,0.8625252387139062
SV1_C81676,C81676,0.9754272663672694
SV1_C33119,C33119,0.9316329592327512
SV1_C76896,C76896,0.8853961338770875
SV1_C16875,C16875,0.9167394170213533
SV1_C84089,C84089,0.9001998361674527
SV1_C00614,C00614,0.9637399488793545
SV1_C19234,C19234,0.842292066913353
SV1_C70879,C70879,0.9989579219075538
SV1_C46846,C46846,0.9277869056633193
SV1_C49211,C49211,0.8602292315735613
SV1_C01889,C01889,0.9552630096750826
SV1_C82820,C82820,0.8184276052804844
SV1_C23500,C23500,0.8567812276668771
SV1_C22812,C22812,0.9470692404651714
SV1_C48000,C48000,0.7894482907339341
SV1_C25891,C25891,0.8525248432684067
SV1_C50445,C50445,0.7835589507148517
SV1_C18632,C18632,0.8342789924742354
SV1_C97828,C97828,0.913839881886386
SV1_C13806,C13806,0.9515178868706403
SV1_C70874,C70874,0.890600362697972
SV1_C95489,C95489,0.9286432579696932
SV1_C28919,C28919,0.8065617448723834
SV1_C54014,C54014,0.8983145955786149
SV1_C63709,C63709,0.8808808128157768
SV1_C46840,C46840,0.9115891438268783
SV1_C27001,C27001,0.8648834088710274
SV1_C94815,C94815,0.9082683496662631
SV1_C43283,C43283,0.827359481916993
SV1_C09649,C09649,0.79464104765421
SV1_C34882,C34882,0.8460730670747479
SV1_C32491,C32491,0.9662177405685927
SV1_C34276,C34276,0.8968004496740795
SV1_C32496,C32496,0.8185449078729233
SV1_C27698,C27698,0.9635160144414178
SV1_C11514,C11514,0.8172684097705842
SV1_C71447,C71447,0.8198823038986548
SV1_C57076,C57076,0.8068609982444811
SV1_C13866,C13866,0.8237914095830234
SV1_C75084,C75084,0.9108211032746951
SV1_C64295,C64295,0.9362718270444386
SV1_C78021,C78021,0.7981518215487552
SV1_C21647,C21647,0.8269292302792063
SV1_C11516,C11516,0.7581208819862989
SV1_C12614,C12614,0.8984069094559147
SV1_C09047,C09047,0.995325810937637
SV1_C81118,C81118,0.7835534455033636
SV1_C53409,C53409,0.8777248034424925
SV1_C46317,C46317,0.7782648667304549
SV1_C92452,C92452,0.9343941146789095
SV1_C11432,C11432,0.892406870372731
SV1_C11503,C11503,0.9904696123889759
SV1_C02446,C02446,0.8827344123223659
SV1_C89445,C89445,0.7699665681114606
SV1_C68479,C68479,0.829286330931522
SV1_C54606,C54606,0.881982852716753
SV1_C55896,C55896,0.9442169041218791
SV1_C09614,C09614,0.9164700069723444
SV1_C72093,C72093,0.9070494331167984
SV1_C99624,C99624,0.9925492751593368
SV1_C74410,C74410,0.9082068129572847
SV1_C46868,C46868,0.8555131437941512
SV1_C34817,C34817,0.9472147333543212
SV1_C51002,C51002,0.9036597887367201
SV1_C52313,C52313,0.8077045944127332
SV1_C23423,C23423,0.8553601720573091
SV1_C32409,C32409,0.8907935687643368
SV1_C24635,C24635,0.7715341445213715
SV1_C15080,C15080,0.9044737362414652
SV1_C65414,C65414,0.9092279048737966
SV1_C15073,C15073,0.9272027377312677
SV1_C90107,C90107,0.8344747235778465
SV1_C98487,C98487,0.8329604599679362
SV1_C87646,C87646,0.757149714891513
SV1_C21091,C21091,0.9343607369718783
SV1_C40819,C40819,0.9611138536516627
SV1_C63117,C63117,0.8620675070426471
SV1_C27645,C27645,0.8979217419070753
SV1_C22246,C22246,0.8971351903106022
SV1_C99603,C99603,0.8150423718043837
SV1_C72613,C72613,0.9567566046624534
SV1_C13826,C13826,0.8542414828789925
SV1_C30692,C30692,0.8043948329813503
SV1_C14432,C14432,0.8519613202605003
SV1_C74420,C74420,0.9195830882437357
SV1_C89409,C89409,0.9207850133367989
SV1_C66080,C66080,0.8240225319244551
SV1_C75718,C75718,0.9100263684293772
SV1_C91231,C91231,0.7854993342967285
SV1_C93606,C93606,0.9358706027828355
SV1_C58227,C58227,0.8368600792620038
SV1_C19808,C19808,0.8827460238202389
SV1_C79876,C79876,0.9834268359547684
SV1_C75006,C75006,0.9033682458491235
SV1_C70892,C70892,0.9003246926356883
SV1_C04211,C04211,0.8306526334415867
SV1_C93682,C93682,0.8614401842522407
SV1_C12677,C12677,0.9776354377824804
SV1_C45665,C45665,0.9364166556929266
SV1_C02442,C02442,0.8711085325323424
SV1_C88316,C88316,0.782408420500002
SV1_C63081,C63081,0.8463480491145381
SV1_C04290,C04290,0.8354001657672996
SV1_C60106,C60106,0.9773255599995997
SV1_C67298,C67298,0.9990218155704792
SV1_C21686,C21686,0.8457069411521937
SV1_C46215,C46215,0.9865012428869101
SV1_C17400,C17400,0.8760683418026706
SV1_C73812,C73812,0.9581354642375944
SV1_C90605,C90605,0.9251811348235027
SV1_C15084,C15084,0.8532132606902477
SV1_C49812,C49812,0.8903684334313521
SV1_C12716,C12716,0.7614202696613422
SV1_C43866,C43866,0.9044792847094167
SV1_C45082,C45082,0.9381446803182618
SV1_C90043,C90043,0.775404211944515
SV1_C57022,C57022,0.846163246442091
SV1_C08423,C08423,0.9436218262503475
SV1_C25818,C25818,0.929834970211566
SV1_C100309,C100309,0.949456589912445
SV1_C93046,C93046,0.8558894491485505
SV1_C46905,C46905,0.9917444033236072
SV1_C91287,C91287,0.8918214904732339
SV1_C73270,C73270,0.8831938014201226
SV1_C11469,C11469,0.9906685046437983
SV1_C90654,C90654,0.8913883075486322
SV1_C90110,C90110,0.9692931041965985
SV1_C68487,C68487,0.8469261705331455
SV1_C22805,C22805,0.8830152017145219
SV1_C27028,C27028,0.8765823665203003
SV1_C00633,C00633,0.9694844698572178
SV1_C32410,C32410,0.9106679473968671
SV1_C79818,C79818,0.9025602200609572
SV1_C93076,C93076,0.9054769777551621
SV1_C90607,C90607,0.8856292752314091
SV1_C15028,C15028,0.8380032328987683
SV1_C58813,C58813,0.9778604092964268
SV1_C13846,C13846,0.909855380682385
SV1_C49263,C49263,0.9157260423012712
SV1_C64208,C64208,0.9319110713041802
SV1_C10270,C10270,0.9248401214751586
SV1_C28232,C28232,0.9471192356194148
SV1_C28235,C28235,0.8683425118494913
SV1_C78682,C78682,0.8927093520119385
SV1_C90615,C90615,0.919859980834116
SV1_C47453,C47453,0.9745306176915656
SV1_C04876,C04876,0.9004083621164212
SV1_C43280,C43280,0.8352391928242997
SV1_C83483,C83483,0.9325535345927164
SV1_C44472,C44472,0.8672363408594641
SV1_C95401,C95401,0.9836333792701079
SV1_C50420,C50420,0.788747343289075
SV1_C67872,C67872,0.8238489702655694
SV1_C27693,C27693,0.9022409361456236
SV1_C45692,C45692,0.74140924566786
SV1_C60045,C60045,0.8892393836610625
SV1_C01281,C01281,0.9740313929914267
SV1_C45716,C45716,0.7798808652636144
SV1_C32414,C32414,0.9162704728241173
SV1_C87636,C87636,0.8252870472217417
SV1_C30077,C30077,0.9507879061969337
SV1_C49239,C49239,0.7624691447840732
SV1_C12003,C12003,0.8419680420121421
SV1_C41407,C41407,0.9995631249358814
SV1_C77506,C77506,0.8015671759890604
SV1_C32519,C32519,0.9084079430723884
SV1_C90051,C90051,0.9816117827427249
SV1_C60078,C60078,0.959651248675044
SV1_C12035,C12035,0.9974909396565115
SV1_C72103,C72103,0.958014508238962
SV1_C26510,C26510,0.9542538321752865
SV1_C90108,C90108,0.9848042314350125
SV1_C91856,C91856,0.931321051898644
SV1_C33080,C33080,0.9933592829345826
SV1_C65447,C65447,0.8653151700182896
SV1_C69007,C69007,0.8950813425876011
SV1_C15003,C15003,0.8930810138902615
SV1_C25806,C25806,0.8949680205355337
SV1_C10849,C10849,0.7809485976327414
SV1_C19886,C19886,0.8286764806515611
SV1_C77422,C77422,0.8525864652495934
SV1_C34280,C34280,0.8941875811048677
SV1_C99010,C99010,0.9462973452006677
SV1_C41423,C41423,0.8617363697910513
SV1_C34205,C34205,0.8147990166908802
SV1_C67307,C67307,0.9001216961880826
SV1_C50426,C50426,0.8885914409178669
SV1_C90114,C90114,0.9285311631782188
SV1_C69693,C69693,0.7693373262344728
SV1_C70880,C70880,0.9052385551307139
SV1_C98510,C98510,0.9250884416261614
SV1_C68441,C68441,0.8142158000245854
SV1_C45041,C45041,0.8707938166034135
SV1_C82894,C82894,0.8309539403021619
SV1_C61809,C61809,0.9377701029194425
SV1_C73805,C73805,0.9638435762808965
SV1_C06078,C06078,0.9174047137856969
SV1_C60037,C60037,0.8225864329389012
SV1_C75083,C75083,0.8649563628260417
SV1_C72606,C72606,0.9151816556471006
SV1_C17420,C17420,0.7844417707630773
SV1_C100318,C100318,0.9345971613103518
SV1_C04819,C04819,0.9100090266174649
SV1_C33089,C33089,0.8358479019980191
SV1_C25288,C25288,0.9095376524445701
SV1_C78670,C78670,0.7901891145745701
SV1_C75046,C75046,0.8692151017505809
SV1_C49861,C49861,0.976105720929531
SV1_C39019,C39019,0.9222056411892902
SV1_C64207,C64207,0.8326767602074407
SV1_C07227,C07227,0.8937503875114005
SV1_C11407,C11407,0.8628645031039988
SV1_C49844,C49844,0.9064194996207686
SV1_C51027,C51027,0.9889571922094051
SV1_C63630,C63630,0.7630726551801418
SV1_C04890,C04890,0.7960413417623147
SV1_C12031,C12031,0.9997300691216338
SV1_C91809,C91809,0.9257630186675978
SV1_C82286,C82286,0.8729318004581398
SV1_C82897,C82897,0.8609120530334475
SV1_C51100,C51100,0.8128578405183244
SV1_C85203,C85203,0.7919666600568592
SV1_C65514,C65514,0.8780818573070118
SV1_C93695,C93695,0.7694216955745543
SV1_C10282,C10282,0.9403377781229142
SV1_C27616,C27616,0.9121990366776053
SV1_C73833,C73833,0.9323520495056647
SV1_C43270,C43270,0.7640221266489908
SV1_C49881,C49881,0.851865674939527
SV1_C91267,C91267,0.8778438576128709
SV1_C60023,C60023,0.8565446681411318
SV1_C87698,C87698,0.9690166489879605
SV1_C15631,C15631,0.8331212621994275
SV1_C72094,C72094,0.9275880565382414
SV1_C87111,C87111,0.8387204465199769
SV1_C44502,C44502,0.9732485715665617
SV1_C90090,C90090,0.9119647559918652
SV1_C38419,C38419,0.9144032847043287
SV1_C69000,C69000,0.9881382807014073
SV1_C87108,C87108,0.9803785165779738
SV1_C52825,C52825,0.9460928621295308
SV1_C72627,C72627,0.8719445574042001
SV1_C16876,C16876,0.9006896993501442
SV1_C01837,C01837,0.9886154858603836
SV1_C78001,C78001,0.9599800877667758
SV1_C58807,C58807,0.9407001022040175
SV1_C13304,C13304,0.7551554309889688
SV1_C43802,C43802,0.9434345716400605
SV1_C96707,C96707,0.9847542464669077
SV1_C50416,C50416,0.8630456422218471
SV1_C00112,C00112,0.9147705781936543
SV1_C99632,C99632,0.9933603955506889
SV1_C44484,C44484,0.8348688051821305
SV1_C84093,C84093,0.7728634222676954
SV1_C10204,C10204,0.9854476876212805
SV1_C03627,C03627,0.9488165526702405
SV1_C60043,C60043,0.7596047651391473
SV1_C06014,C06014,0.930764920108767
SV1_C15624,C15624,0.8265289773687924
SV1_C09631,C09631,0.948242178823829
SV1_C52906,C52906,0.8742171274707431
SV1_C18093,C18093,0.7946855303764415
SV1_C56415,C56415,0.8850068739939098
SV1_C34901,C34901,0.8539912102830832
SV1_C25217,C25217,0.9895306110429312
SV1_C60719,C60719,0.8141247530276923
SV1_C76215,C76215,0.8368338410333567
SV1_C73820,C73820,0.9232456492718815
SV1_C23484,C23484,0.8081468163962653
SV1_C77406,C77406,0.8777192698834397
SV1_C48097,C48097,0.9553801854029415
SV1_C19878,C19878,0.8584565174390323
SV1_C49260,C49260,0.9325457573226605
SV1_C42619,C42619,0.9472333982258048
SV1_C13803,C13803,0.8014835184822869
SV1_C04220,C04220,0.7416967808035339
SV1_C64884,C64884,0.8091206246466217
SV1_C45636,C45636,0.7905860822491257
SV1_C64818,C64818,0.8577262087424021
SV1_C71519,C71519,0.7515183772252864
SV1_C16205,C16205,0.9120739560440089
SV1_C50433,C50433,0.8799629876066516
SV1_C13211,C13211,0.77218773235021
SV1_C47491,C47491,0.8257390274040696
SV1_C97825,C97825,0.9159854825183479
SV1_C11457,C11457,0.7662489841745129
SV1_C69046,C69046,0.9451576832794225
SV1_C44489,C44489,0.7940363121377728
SV1_C92414,C92414,0.9392130037349405
SV1_C01272,C01272,0.9734883296435116
SV1_C20441,C20441,0.9030794938257544
SV1_C10817,C10817,0.8973372070388232
SV1_C75015,C75015,0.8499133674900217
SV1_C21684,C21684,0.7547373731563788
SV1_C11482,C11482,0.8987035532109243
SV1_C91298,C91298,0.9498857534038031
SV1_C25841,C25841,0.8891794262356554
SV1_C71442,C71442,0.7665372323379637
SV1_C83507,C83507,0.8794488922816268
SV1_C08427,C08427,0.9233947191164816
SV1_C73200,C73200,0.9715924162127877
SV1_C97245,C97245,0.9154807422104813
SV1_C63675,C63675,0.9110935345964076
SV1_C98427,C98427,0.9941666978190634
SV1_C10316,C10316,0.7898247322173158
SV1_C61286,C61286,0.9706938878396367
SV1_C31895,C31895,0.7939003043253892
SV1_C73874,C73874,0.9096096588248485
SV1_C74424,C74424,0.8639391082563076
SV1_C46910,C46910,0.9626875526628553
SV1_C79814,C79814,0.8789962686119661
SV1_C24012,C24012,0.9616317520475441
SV1_C39611,C39611,0.9690057453225416
SV1_C73238,C73238,0.9966678960828185
SV1_C63028,C63028,0.8058339055004288
SV1_C63036,C63036,0.8257985949679041
SV1_C24622,C24622,0.8616143917009055
SV1_C75604,C75604,0.9475794907031141
SV1_C94802,C94802,0.9463104608541109
SV1_C49838,C49838,0.8458859901439896
SV1_C93058,C93058,0.9105556235439698
SV1_C91828,C91828,0.9080115110460311
SV1_C70311,C70311,0.7782665485011725
SV1_C30623,C30623,0.8101174293209065
SV1_C76210,C76210,0.8873125230785631
SV1_C30119,C30119,0.8383074559024017
SV1_C87036,C87036,0.8320967809387222
SV1_C12061,C12061,0.7174645777907043
SV1_C00604,C00604,0.9926835713316313
SV1_C25808,C25808,0.9385634524868126
SV1_C81696,C81696,0.8880807881442685
SV1_C87662,C87662,0.9150185292137032
SV1_C71421,C71421,0.9913686001878087
SV1_C96029,C96029,0.9702350395836942
SV1_C97311,C97311,0.9823562429512822
SV1_C12028,C12028,0.9310669597724814
SV1_C93111,C93111,0.7636915363946319
SV1_C54673,C54673,0.9178071448976733
SV1_C31911,C31911,0.7864242249734792
SV1_C13295,C13295,0.8334350948916291
SV1_C43830,C43830,0.7744898262908086
SV1_C66119,C66119,0.7100733776624877
SV1_C84679,C84679,0.7562946025789065
SV1_C45675,C45675,0.8771493946577044
SV1_C92505,C92505,0.8631393693193857
SV1_C99013,C99013,0.9698006293386707
SV1_C24623,C24623,0.8545828312350235
SV1_C60035,C60035,0.839707658278454
SV1_C12023,C12023,0.8840461340693717
SV1_C43849,C43849,0.9960238615315066
SV1_C75094,C75094,0.9240350971731944
SV1_C07877,C07877,0.9990601235946156
SV1_C87655,C87655,0.9995388419547954
SV1_C62439,C62439,0.8610845552364276
SV1_C33605,C33605,0.8472965481727543
SV1_C28225,C28225,0.9155671763801061
SV1_C73879,C73879,0.8342197733536124
SV1_C87038,C87038,0.9017041683669395
SV1_C87653,C87653,0.8184044202098945
SV1_C18693,C18693,0.800982829513264
SV1_C73855,C73855,0.9246271866323914
SV1_C30684,C30684,0.9474979425521475
SV1_C84623,C84623,0.8912057697465321
SV1_C40212,C40212,0.8856729520384674
SV1_C07246,C07246,0.9218084456853644
SV1_C81602,C81602,0.9005719459587266
SV1_C55235,C55235,0.9656850010744406
SV1_C18015,C18015,0.8910943974000728
SV1_C97244,C97244,0.8870609641266398
SV1_C16280,C16280,0.9003579007987937
SV1_C79206,C79206,0.8803094544339057
SV1_C70877,C70877,0.8848494888138699
SV1_C33099,C33099,0.8242331823828645
SV1_C17478,C17478,0.817667966598532
SV1_C60677,C60677,0.9019807409198766
SV1_C54633,C54633,0.9907514610178648
SV1_C27100,C27100,0.9497028993831179
SV1_C43888,C43888,0.7487990921765304
SV1_C07269,C07269,0.9606589694316799
SV1_C92466,C92466,0.9727329450648672
SV1_C91832,C91832,0.9031541756132906
SV1_C76317,C76317,0.7856105527528006
SV1_C67293,C67293,0.7375659702494208
SV1_C12008,C12008,0.9138062204549452
SV1_C02418,C02418,0.9128951546114074
SV1_C67236,C67236,0.8748730825402197
SV1_C87680,C87680,0.8121178560810041
SV1_C74415,C74415,0.850921996490178
SV1_C07874,C07874,0.9480233136046156
SV1_C32480,C32480,0.998167772963508
SV1_C94822,C94822,0.964446549388463
SV1_C06088,C06088,0.9332098457234456
SV1_C92456,C92456,0.9464039678247723
SV1_C64914,C64914,0.8719104075718733
SV1_C61822,C61822,0.8650521188176361
SV1_C07224,C07224,0.8593028596170578
SV1_C76312,C76312,0.845313772252299
SV1_C14401,C14401,0.9139739989510567
SV1_C31207,C31207,0.8804334531006035
SV1_C91244,C91244,0.7628645112908808
SV1_C70905,C70905,0.805942833908058
SV1_C30017,C30017,0.9019461314374401
SV1_C79878,C79878,0.9262320024505755
SV1_C64803,C64803,0.7751564029773534
SV1_C45682,C45682,0.9501974028353967
SV1_C64220,C64220,0.9314135529069001
SV1_C73848,C73848,0.7631384704511276
SV1_C48052,C48052,0.9372869686547658
SV1_C34209,C34209,0.8314044855776188
SV1_C88270,C88270,0.81907225410255
SV1_C21607,C21607,0.9809558573536595
SV1_C60710,C60710,0.9621057416698086
SV1_C94814,C94814,0.9384483973935901
SV1_C88317,C88317,0.7831967379352174
SV1_C10835,C10835,0.9758672202989692
SV1_C64843,C64843,0.8004725772328447
SV1_C100273,C100273,0.9290022112243713
SV1_C78062,C78062,0.8581562000287549
SV1_C45620,C45620,0.8396300664451175
SV1_C94286,C94286,0.8299620911011792
SV1_C69636,C69636,0.831125612790762
SV1_C60010,C60010,0.987237972790107
SV1_C55891,C55891,0.9593518732778447
SV1_C75624,C75624,0.9044672938208308
SV1_C18631,C18631,0.9352017946696245
SV1_C30619,C30619,0.8835114134864823
SV1_C74464,C74464,0.8515841936334781
SV1_C53410,C53410,0.9001779818408052
SV1_C89464,C89464,0.829948790852484
SV1_C61821,C61821,0.8538049531702384
SV1_C65404,C65404,0.9676318340154044
SV1_C12039,C12039,0.9755981983927656
SV1_C85220,C85220,0.8597744512774881
SV1_C80408,C80408,0.9376393458737584
SV1_C43916,C43916,0.7829764566875564
SV1_C72050,C72050,0.8660861848403822
SV1_C19243,C19243,0.8718158645165168
SV1_C41419,C41419,0.970513233560008
SV1_C74472,C74472,0.9398855366034723
SV1_C49252,C49252,0.9250093483744085
SV1_C88282,C88282,0.8771092431629275
SV1_C13907,C13907,0.7977475263024904
SV1_C95496,C95496,0.8235705213240867
SV1_C20435,C20435,0.9817297061591722
SV1_C58903,C58903,0.8848119556384989
SV1_C55899,C55899,0.8083447139296219
SV1_C04217,C04217,0.9061923138835932
SV1_C07871,C07871,0.8931094749386833
SV1_C08497,C08497,0.8445072467418763
SV1_C12001,C12001,0.907408449689588
SV1_C63645,C63645,0.8097993841965444
SV1_C18011,C18011,0.8826270559106324
SV1_C24684,C24684,0.8375816268245492
SV1_C76826,C76826,0.9301613563073844
SV1_C24077,C24077,0.864237355154485
SV1_C21040,C21040,0.9115140783427572
SV1_C60642,C60642,0.7968006602265135
SV1_C93710,C93710,0.9321352315797077
SV1_C67888,C67888,0.7871563121644563
SV1_C37210,C37210,0.8910472684020097
SV1_C35497,C35497,0.8701846556114011
SV1_C21078,C21078,0.9222696352468525
SV1_C21624,C21624,0.9777424040392663
SV1_C12600,C12600,0.9585732756858187
SV1_C74515,C74515,0.9222572974846279
SV1_C14435,C14435,0.8532447126025806
SV1_C01302,C01302,0.8590967813973134
SV1_C23488,C23488,0.8864020267971326
SV1_C42617,C42617,0.8342191011025206
SV1_C04275,C04275,0.8939478815124803
SV1_C78007,C78007,0.762030360602136
SV1_C01215,C01215,0.8116561188509123
SV1_C94916,C94916,0.7778232713771526
SV1_C46831,C46831,0.8037440023320951
SV1_C01825,C01825,0.9613356038088654
SV1_C45683,C45683,0.8721254663997335
SV1_C45069,C45069,0.8365540884078528
SV1_C54029,C54029,0.9784064799919688
SV1_C39620,C39620,0.9937425693893839
SV1_C50493,C50493,0.9446020766609347
SV1_C07274,C07274,0.9454627229311405
SV1_C26404,C26404,0.9159907443445651
SV1_C51035,C51035,0.989894473966372
SV1_C49899,C49899,0.7754693076454884
SV1_C93715,C93715,0.9811727494879441
SV1_C31889,C31889,0.8292232088312694
SV1_C23414,C23414,0.9263608188336969
SV1_C71506,C71506,0.8105907770891874
SV1_C47454,C47454,0.9438135054335346
SV1_C63010,C63010,0.8862087902361736
SV1_C60678,C60678,0.9732262793197088
SV1_C61274,C61274,0.9891573740200627
SV1_C50516,C50516,0.7030034773729931
SV1_C49208,C49208,0.8749985262171148
SV1_C65402,C65402,0.9345357605354192
SV1_C48669,C48669,0.8305432003630882
SV1_C13306,C13306,0.7631908839556663
SV1_C78681,C78681,0.9533260927058516
SV1_C28272,C28272,0.7877316602434216
SV1_C27102,C27102,0.9280747963144681
SV1_C07304,C07304,0.8382889463033641
SV1_C37813,C37813,0.8985832214721207
SV1_C25318,C25318,0.9226006065636851
SV1_C25880,C25880,0.8692984087883359
SV1_C17403,C17403,0.8838101575692893
SV1_C77438,C77438,0.9323611006311189
SV1_C76843,C76843,0.8528138072141211
SV1_C77469,C77469,0.9076253904957354
SV1_C48012,C48012,0.7749149621977635
SV1_C30694,C30694,0.7318382607899176
SV1_C51088,C51088,0.8965197435843101
SV1_C55901,C55901,0.9407306298339098
SV1_C60686,C60686,0.9500858183539846
SV1_C38417,C38417,0.9565058689546739
SV1_C63020,C63020,0.9022499038314699
SV1_C44413,C44413,0.8378019732171548
SV1_C91201,C91201,0.9218557405951446
SV1_C82876,C82876,0.942528290776487
SV1_C84076,C84076,0.8349173808678828
SV1_C73907,C73907,0.9685311269470654
SV1_C91274,C91274,0.9846799324259904
SV1_C78086,C78086,0.8739569248607604
SV1_C90098,C90098,0.9718736969984206
SV1_C04208,C04208,0.9522381896823576
SV1_C01201,C01201,0.9972703361888712
SV1_C02512,C02512,0.9192688285258945
SV1_C96017,C96017,0.9471105596595045
SV1_C63628,C63628,0.8199217929065987
SV1_C72034,C72034,0.9878502962212832
SV1_C78665,C78665,0.8951486142823997
SV1_C73308,C73308,0.9069662767546587
SV1_C96607,C96607,0.8470877433943742
SV1_C40808,C40808,0.8434230115836763
SV1_C92441,C92441,0.8296784124388434
SV1_C22291,C22291,0.7568250961653917
SV1_C52228,C52228,0.9282621174035338
SV1_C57701,C57701,0.9094889990189664
SV1_C55913,C55913,0.93178771322979
SV1_C100302,C100302,0.9310430508799724
SV1_C46879,C46879,0.9002169273555919
SV1_C12113,C12113,0.7381295744021267
SV1_C78672,C78672,0.965154413970509
SV1_C53430,C53430,0.9116175867598297
SV1_C63617,C63617,0.900583683389497
SV1_C77451,C77451,0.7768023843214239
SV1_C67835,C67835,0.8925505091801693
SV1_C03702,C03702,0.9011981447921769
SV1_C44499,C44499,0.8650163528825012
SV1_C78614,C78614,0.9327272140196727
SV1_C13800,C13800,0.9986172444315985
SV1_C76824,C76824,0.9689103608852392
SV1_C49317,C49317,0.8691656351553907
SV1_C98478,C98478,0.818719666129944
SV1_C54711,C54711,0.9517806042577855
SV1_C59475,C59475,0.8355700617638246
SV1_C56481,C56481,0.7678451541767477
SV1_C68400,C68400,0.9915765346148624
SV1_C65503,C65503,0.8974216269280144
SV1_C69101,C69101,0.942479988000907
SV1_C96612,C96612,0.9863920572434682
SV1_C96644,C96644,0.8647343318893672
SV1_C90625,C90625,0.8459658152993011
SV1_C13233,C13233,0.9329345139529321
SV1_C13265,C13265,0.7796933394206096
SV1_C66710,C66710,0.9744870728337369
SV1_C88835,C88835,0.8429087660413849
SV1_C11511,C11511,0.9775243944103255
SV1_C82808,C82808,0.9525126894247022
SV1_C19215,C19215,0.8576291148837456
SV1_C77400,C77400,0.9290844678078828
SV1_C87690,C87690,0.9269425385931525
SV1_C07313,C07313,0.783125878795443
SV1_C15041,C15041,0.8732927239037361
SV1_C60630,C60630,0.8037353697448418
SV1_C36602,C36602,0.8829110910536716
SV1_C51003,C51003,0.8736628288251852
SV1_C23404,C23404,0.9036808782343811
SV1_C87660,C87660,0.7570786921332655
SV1_C62430,C62430,0.7426254989710837
SV1_C79313,C79313,0.8770815152844498
SV1_C03693,C03693,0.8752394916057736
SV1_C45076,C45076,0.876433016577414
SV1_C76282,C76282,0.8791968820376356
SV1_C78711,C78711,0.7730163724059498
SV1_C58231,C58231,0.8366407074079129
SV1_C78072,C78072,0.967242466189467
SV1_C27039,C27039,0.8693144079250589
SV1_C44441,C44441,0.8601523554712617
SV1_C89488,C89488,0.8660913253027811
SV1_C63604,C63604,0.9272681040417773
SV1_C67239,C67239,0.8605182126210454
SV1_C92478,C92478,0.9872798295236114
SV1_C54090,C54090,0.9053126332063735
SV1_C19216,C19216,0.8290705704025998
SV1_C46830,C46830,0.7631893010945269
SV1_C07851,C07851,0.8782505525163259
SV1_C64310,C64310,0.8394224807397036
SV1_C78053,C78053,0.8483288170788478
SV1_C28883,C28883,0.9709514233137798
SV1_C61232,C61232,0.847824957968037
SV1_C88276,C88276,0.8311821143618516
SV1_C26472,C26472,0.8664560802181308
SV1_C00009,C00009,0.9994327663783271
SV1_C63601,C63601,0.9294832879904853
SV1_C23411,C23411,0.9926015274558654
SV1_C05410,C05410,0.8799689593228707
SV1_C77428,C77428,0.9902049456317442
SV1_C66687,C66687,0.8365286006039494
SV1_C92416,C92416,0.9138840552057977
SV1_C65488,C65488,0.7669971989081665
SV1_C90655,C90655,0.9675444613516645
SV1_C14439,C14439,0.8626849377125748
SV1_C91212,C91212,0.9379002767001485
SV1_C66089,C66089,0.8395096835429207
SV1_C43308,C43308,0.982935981929092
SV1_C11424,C11424,0.9004406730207377
SV1_C06041,C06041,0.8635580742741765
SV1_C33075,C33075,0.9593588882854944
SV1_C76290,C76290,0.8375311972223041
SV1_C96638,C96638,0.9498497228833221
SV1_C13901,C13901,0.7685244344152048
SV1_C75040,C75040,0.8317065307652622
SV1_C43904,C43904,0.9932061291053234
SV1_C06673,C06673,0.8193376218740154
SV1_C89476,C89476,0.8584153615728698
SV1_C98474,C98474,0.8088122265147826
SV1_C33712,C33712,0.872332974336873
SV1_C74514,C74514,0.8598958928990301
SV1_C33684,C33684,0.9425157695390535
SV1_C78628,C78628,0.9395661488810338
SV1_C90631,C90631,0.8146592301519467
SV1_C27624,C27624,0.9102396868173226
SV1_C45625,C45625,0.8040577103637775
SV1_C51677,C51677,0.9875658648382166
SV1_C31287,C31287,0.9991458313410363
SV1_C25903,C25903,0.8405054467203497
SV1_C08511,C08511,0.9796511612947896
SV1_C90623,C90623,0.8970897989126914
SV1_C09706,C09706,0.9160108370279401
SV1_C45083,C45083,0.8620532594388058
SV1_C99602,C99602,0.916742431243896
SV1_C82885,C82885,0.9188404775617556
SV1_C16837,C16837,0.9069543244745516
SV1_C55840,C55840,0.8759444229879482
SV1_C93633,C93633,0.9909230772537122
SV1_C15013,C15013,0.9269666955470203
SV1_C71494,C71494,0.8793559658556008
SV1_C28914,C28914,0.8659598109294948
SV1_C69638,C69638,0.7968620704529629
SV1_C77495,C77495,0.8604682787608431
SV1_C18600,C18600,0.8784391794362518
SV1_C87085,C87085,0.8067251784577518
SV1_C02498,C02498,0.8804735275803198
SV1_C61878,C61878,0.9977860827952282
SV1_C94902,C94902,0.921047102523498
SV1_C17443,C17443,0.7896516679870355
SV1_C85295,C85295,0.8104478161964511
SV1_C12668,C12668,0.9383448995437339
SV1_C90670,C90670,0.7941277992559764
SV1_C44455,C44455,0.7989554528242767
SV1_C18075,C18075,0.8888840790623961
SV1_C71438,C71438,0.8282422318719947
SV1_C48054,C48054,0.9144137367743611
SV1_C28804,C28804,0.8915948326266959
SV1_C79200,C79200,0.9283399477204702
SV1_C23478,C23478,0.8905312659066124
SV1_C58825,C58825,0.8270011879315565
SV1_C07908,C07908,0.8296562869384184
SV1_C46282,C46282,0.9610525714283875
SV1_C09679,C09679,0.8855214937113177
SV1_C20475,C20475,0.8257835595445999
SV1_C42618,C42618,0.8976082484500693
SV1_C89423,C89423,0.880611978427803
SV1_C35484,C35484,0.9775160848469204
SV1_C88293,C88293,0.9764712496688285
SV1_C90063,C90063,0.9720521588179167
SV1_C22207,C22207,0.9839995444337344
SV1_C83478,C83478,0.8550613226301017
SV1_C18019,C18019,0.8843370125229958
SV1_C58208,C58208,0.9510642989164944
SV1_C06072,C06072,0.8174379774967974
SV1_C55826,C55826,0.9415556379548287
SV1_C35417,C35417,0.9494699519783387
SV1_C67218,C67218,0.8700267056667521
SV1_C31313,C31313,0.9241475473275015
SV1_C80509,C80509,0.9034172925666355
SV1_C54078,C54078,0.8630344337238924
SV1_C00029,C00029,0.9565329803352339
SV1_C55900,C55900,0.947280934261476
SV1_C33084,C33084,0.965813393596072
SV1_C76249,C76249,0.743158976098835
SV1_C73912,C73912,0.856011481019156
SV1_C31807,C31807,0.8767161865152557
SV1_C81684,C81684,0.9285071066276601
SV1_C09007,C09007,0.8802203588136229
SV1_C96106,C96106,0.920046872864975
SV1_C06032,C06032,0.9215051062927647
SV1_C67884,C67884,0.841799949954327
SV1_C44506,C44506,0.9741856933312986
SV1_C33021,C33021,0.9005356987099158
SV1_C69091,C69091,0.857671108457239
SV1_C73807,C73807,0.8639341291221271
SV1_C75703,C75703,0.9705092546004866
SV1_C78004,C78004,0.9655621423397462
SV1_C82274,C82274,0.915217025487072
SV1_C33085,C33085,0.9527687988798687
SV1_C06084,C06084,0.8325081216809914
SV1_C20444,C20444,0.8098116722062837
SV1_C37200,C37200,0.8294386604071199
SV1_C99022,C99022,0.8982350650432103
SV1_C73889,C73889,0.849459453565449
SV1_C04909,C04909,0.8652568850297382
SV1_C07237,C07237,0.9145473609146373
SV1_C00099,C00099,0.8023946296522632
SV1_C93614,C93614,0.9274997402907583
SV1_C81117,C81117,0.8270025494309692
SV1_C89502,C89502,0.9746229680111959
SV1_C91801,C91801,0.9100865684627908
SV1_C28915,C28915,0.7382848990767745
SV1_C98494,C98494,0.8460358703325456
SV1_C56515,C56515,0.8067586594867633
SV1_C03032,C03032,0.987435641045269
SV1_C85208,C85208,0.8910399592975254
SV1_C16287,C16287,0.9484697469032771
SV1_C17441,C17441,0.8363719466571932
SV1_C19230,C19230,0.840840959426276
SV1_C55812,C55812,0.9600007031951081
SV1_C70837,C70837,0.8964637739478619
SV1_C05447,C05447,0.9171123809057831
SV1_C16804,C16804,0.8827882948082879
SV1_C24013,C24013,0.9512488161158716
SV1_C27108,C27108,0.9417386540896476
SV1_C70312,C70312,0.8336230328371458
SV1_C78633,C78633,0.9361547621159718
SV1_C72056,C72056,0.7614652477095031
SV1_C73228,C73228,0.8855831886047449
SV1_C84088,C84088,0.9043048607843865
SV1_C02424,C02424,0.9756981356587475
SV1_C91872,C91872,0.9401524655331751
SV1_C09662,C09662,0.8473249969472259
SV1_C72636,C72636,0.9025161531808724
SV1_C51117,C51117,0.753500136061859
SV1_C00095,C00095,0.8030755050878047
SV1_C49816,C49816,0.8603151953065133
SV1_C33086,C33086,0.8590716758689868
SV1_C57017,C57017,0.9650084667282309
SV1_C13815,C13815,0.8049253074125335
SV1_C82892,C82892,0.7453660926299942
SV1_C22241,C22241,0.8851843191238893
SV1_C76238,C76238,0.9179826177043473
SV1_C60073,C60073,0.8888733463878606
SV1_C47484,C47484,0.8925754431439653
SV1_C60631,C60631,0.8399705686442879
SV1_C09002,C09002,0.9307898524013067
SV1_C70890,C70890,0.9515560823653321
SV1_C25899,C25899,0.833006403467543
SV1_C73281,C73281,0.9530823563641856
SV1_C73856,C73856,0.7635427256195284
SV1_C66014,C66014,0.9177997332975661
SV1_C60119,C60119,0.8118946019573566
SV1_C76263,C76263,0.9215453395469815
SV1_C99630,C99630,0.9677238222511598
SV1_C99027,C99027,0.9598513266776368
SV1_C100292,C100292,0.8536435596815226
SV1_C15081,C15081,0.9195206780775514
SV1_C55823,C55823,0.7586300536226697
SV1_C63118,C63118,0.8709087401100788
SV1_C23472,C23472,0.7938594778183665
SV1_C60018,C60018,0.978935331513665
SV1_C03685,C03685,0.9756854335577987
SV1_C54017,C54017,0.865395140129177
SV1_C12679,C12679,0.8496096792395099
SV1_C78023,C78023,0.8947766624582901
SV1_C34802,C34802,0.8355855313494924
SV1_C84608,C84608,0.9241146464438229
SV1_C96634,C96634,0.93614623112214
SV1_C34299,C34299,0.8658555382979272
SV1_C91805,C91805,0.9155484899087001
SV1_C93645,C93645,0.8185089726803909
SV1_C91875,C91875,0.9293637843303508
SV1_C27718,C27718,0.8237898002855298
SV1_C31899,C31899,0.8142479865285257
SV1_C01807,C01807,0.8157540141947647
SV1_C43294,C43294,0.7801021299359796
SV1_C46247,C46247,0.8465021438935605
SV1_C65420,C65420,0.7870664890636044
SV1_C93625,C93625,0.9801414590140771
SV1_C04881,C04881,0.8961755657670981
SV1_C53411,C53411,0.8703810531845196
SV1_C62404,C62404,0.8828304852277881
SV1_C79888,C79888,0.7962517983421257
SV1_C100228,C100228,0.9855966253758706
SV1_C54719,C54719,0.9123973178075606
SV1_C92476,C92476,0.9308355484808477
SV1_C88830,C88830,0.8685459149469967
SV1_C48621,C48621,0.8675226305915915
SV1_C57047,C57047,0.958676655670567
SV1_C47481,C47481,0.9564809002565918
SV1_C91817,C91817,0.9666265109528813
SV1_C14473,C14473,0.923605856677457
SV1_C44466,C44466,0.9065661059673054
SV1_C76262,C76262,0.799331735770446
SV1_C66097,C66097,0.957320017434267
SV1_C91918,C91918,0.748396286398411
SV1_C64904,C64904,0.9036845404730316
SV1_C10310,C10310,0.8992780006403026
SV1_C63046,C63046,0.8081624399100704
SV1_C73840,C73840,0.8518646815562646
SV1_C91251,C91251,0.9371496050371849
SV1_C91241,C91241,0.7687751680568776
SV1_C03082,C03082,0.8754053819906775
SV1_C23475,C23475,0.7942307923564108
SV1_C05428,C05428,0.9007653535635548
SV1_C42022,C42022,0.8966823972193396
SV1_C100314,C100314,0.9898003496044064
SV1_C18613,C18613,0.8931922065883875
SV1_C67208,C67208,0.9820834711846853
SV1_C28303,C28303,0.852118651116963
SV1_C04899,C04899,0.8951244926589187
SV1_C11439,C11439,0.9665120274408454
SV1_C15010,C15010,0.9436875072060709
SV1_C11413,C11413,0.9347987924124653
SV1_C48675,C48675,0.9155829677218438
SV1_C74487,C74487,0.9041345926491376
SV1_C12020,C12020,0.8796589890111938
SV1_C71497,C71497,0.8264227260107478
SV1_C22888,C22888,0.8767395942554516
SV1_C43261,C43261,0.9848635254835657
SV1_C61819,C61819,0.9139365673664712
SV1_C66118,C66118,0.9167392377209759
SV1_C77473,C77473,0.9353894881859681
SV1_C45643,C45643,0.739356240256017
SV1_C46225,C46225,0.8014631375745893
SV1_C94817,C94817,0.9387296080966521
SV1_C13213,C13213,0.9812726678502227
SV1_C46234,C46234,0.7716111172240558
SV1_C24112,C24112,0.9275039360918831
SV1_C57719,C57719,0.8198859471665019
SV1_C00716,C00716,0.9254756865711782
SV1_C59491,C59491,0.8308464667044345
SV1_C63700,C63700,0.8820859512636626
SV1_C99021,C99021,0.8400700768724106
SV1_C65491,C65491,0.7872391208575751
SV1_C75714,C75714,0.8384064955323868
SV1_C91896,C91896,0.9228760141050075
SV1_C17433,C17433,0.8776641621080375
SV1_C20411,C20411,0.7977795473730115
SV1_C09013,C09013,0.9766966873507729
SV1_C20492,C20492,0.8063856304099066
SV1_C40818,C40818,0.9179614627246353
SV1_C43219,C43219,0.9408607893742368
SV1_C03673,C03673,0.9421082874767455
SV1_C63627,C63627,0.9082892890418571
SV1_C03113,C03113,0.9056342730856819
SV1_C07822,C07822,0.999569887409729
SV1_C96079,C96079,0.8922286669718308
SV1_C16802,C16802,0.9297549834949228
SV1_C60094,C60094,0.8459048754238252
SV1_C88302,C88302,0.9723321642583203
SV1_C59499,C59499,0.8935853417521988
SV1_C12612,C12612,0.9531562904490577
SV1_C26490,C26490,0.959879791409957
SV1_C09600,C09600,0.9903662013712522
SV1_C79281,C79281,0.9888353040059618
SV1_C61288,C61288,0.9553107911093822
SV1_C68418,C68418,0.8658234256420225
SV1_C49266,C49266,0.9670925256396787
SV1_C78070,C78070,0.7873506672269066
SV1_C65435,C65435,0.8564846230677807
SV1_C49803,C49803,0.8268624641028629
SV1_C02412,C02412,0.978381475449126
SV1_C51047,C51047,0.8693347942359436
SV1_C69683,C69683,0.9210701672658279
SV1_C100306,C100306,0.9423846380547145
SV1_C23518,C23518,0.9155511272100377
SV1_C48108,C48108,0.9441784892213138
SV1_C07299,C07299,0.9869933614015844
SV1_C84711,C84711,0.9023335582061972
SV1_C49275,C49275,0.8886889994849346
SV1_C97203,C97203,0.8466982460406443
SV1_C55206,C55206,0.9149894560777087
SV1_C72648,C72648,0.7633678894028797
SV1_C45671,C45671,0.7797349114198139
SV1_C88303,C88303,0.8365701898746141
SV1_C38413,C38413,0.8982733620024411
SV1_C62445,C62445,0.8367391363374893
SV1_C91238,C91238,0.8046897002296096
SV1_C14476,C14476,0.9105182547568272
SV1_C75050,C75050,0.8546895925426893
SV1_C59474,C59474,0.9419690832790923
SV1_C58201,C58201,0.9684509884232743
SV1_C90102,C90102,0.9730478991259626
SV1_C94846,C94846,0.8667030679902037
SV1_C09653,C09653,0.7958175742974071
SV1_C55895,C55895,0.8822948095309406
SV1_C82292,C82292,0.7295912142112968
SV1_C93623,C93623,0.9990082992354405
SV1_C06696,C06696,0.8568785025778121
SV1_C09680,C09680,0.9812033432938906
SV1_C54001,C54001,0.8767344667298023
SV1_C02501,C02501,0.9095344085752958
SV1_C93061,C93061,0.9692239080168038
SV1_C66690,C66690,0.9162067290934625
SV1_C97276,C97276,0.8974911254530876
SV1_C56434,C56434,0.8935091060383614
SV1_C13311,C13311,0.824801802333635
SV1_C75042,C75042,0.9405101979548428
SV1_C78674,C78674,0.8950324125156499
SV1_C70907,C70907,0.7865857209580404
SV1_C100300,C100300,0.8924199707248965
SV1_C54072,C54072,0.9560152243344223
SV1_C28892,C28892,0.7893948047388277
SV1_C91214,C91214,0.9825782234799532
SV1_C39003,C39003,0.9554758230308031
SV1_C45053,C45053,0.9990710998191548
SV1_C73213,C73213,0.9557550284834558
SV1_C49915,C49915,0.9311236151882617
SV1_C90054,C90054,0.9084195660531489
SV1_C58211,C58211,0.9461614516721587
SV1_C98437,C98437,0.9239887157590312
SV1_C78098,C78098,0.7545898603807631
SV1_C85876,C85876,0.991432107098332
SV1_C64811,C64811,0.7839371285330388
SV1_C09659,C09659,0.918901684271447
SV1_C69606,C69606,0.945952323897579
SV1_C37822,C37822,0.9855590547724353
SV1_C24683,C24683,0.8292976093983968
SV1_C67880,C67880,0.8363537930525695
SV1_C45708,C45708,0.9859091512290982
SV1_C65423,C65423,0.9929609177150895
SV1_C78666,C78666,0.8601222530792495
SV1_C81104,C81104,0.902853845034814
SV1_C18694,C18694,0.8675049397850945
SV1_C93063,C93063,0.7992837181770646
SV1_C72027,C72027,0.8766706799602517
SV1_C61884,C61884,0.8633683757064374
SV1_C80418,C80418,0.9023789579501861
SV1_C78641,C78641,0.8343676397514042
SV1_C89413,C89413,0.9440853210047669
SV1_C72063,C72063,0.910107674999987
SV1_C85211,C85211,0.7915219387440544
SV1_C57113,C57113,0.9789370771128713
SV1_C78639,C78639,0.8155072319110742
SV1_C67206,C67206,0.954310481498613
SV1_C67313,C67313,0.8961172781186922
SV1_C91215,C91215,0.9246209022008179
SV1_C05475,C05475,0.9863733871128768
SV1_C44465,C44465,0.9362601969149104
SV1_C03618,C03618,0.898156792520142
SV1_C21010,C21010,0.9007058856685587
SV1_C73223,C73223,0.929711198203595
SV1_C29475,C29475,0.965027817989239
SV1_C44482,C44482,0.9249991871068987
SV1_C81023,C81023,0.9610873608702382
SV1_C07844,C07844,0.7919899728374339
SV1_C90624,C90624,0.8486001522887742
SV1_C13894,C13894,0.9641850755761908
SV1_C73274,C73274,0.9106906876955354
SV1_C31222,C31222,0.8517902021533553
SV1_C09634,C09634,0.9209328075212012
SV1_C51007,C51007,0.8758533550187525
SV1_C64874,C64874,0.9062367604238901
SV1_C85313,C85313,0.893775936427691
SV1_C53438,C53438,0.8905500172756055
SV1_C60615,C60615,0.9427427699644961
SV1_C42611,C42611,0.9735897307218097
SV1_C79822,C79822,0.9305566299755118
SV1_C49839,C49839,0.7970732548010345
SV1_C84703,C84703,0.9183704161805474
SV1_C09627,C09627,0.9494744802758696
SV1_C64306,C64306,0.8350169855343539
SV1_C97902,C97902,0.8810125331947976
SV1_C33091,C33091,0.9569768946368221
SV1_C92428,C92428,0.9129909540018509
SV1_C87050,C87050,0.9311761956399898
SV1_C85917,C85917,0.9525051344110478
SV1_C46802,C46802,0.9358462652440366
SV1_C43265,C43265,0.9316570023313308
SV1_C89506,C89506,0.9757264813748129
SV1_C51074,C51074,0.9028220448889689
SV1_C84117,C84117,0.8260554329103772
SV1_C72618,C72618,0.8999553098208156
SV1_C13845,C13845,0.8076500233458235
SV1_C22813,C22813,0.9357875575523062
SV1_C06675,C06675,0.9899691861400413
SV1_C72706,C72706,0.8850614893558718
SV1_C80497,C80497,0.8748241170847686
SV1_C45686,C45686,0.9279839388343888
SV1_C60095,C60095,0.7692532308152452
SV1_C51706,C51706,0.8791965464815247
SV1_C77502,C77502,0.8011058951766385
SV1_C91240,C91240,0.7692235770870433
SV1_C62511,C62511,0.8924704747160979
SV1_C25875,C25875,0.8554385861982303
SV1_C21036,C21036,0.8823471740382933
SV1_C01226,C01226,0.8754257877426909
SV1_C20403,C20403,0.7985508403344157
SV1_C48610,C48610,0.8504244066353968
SV1_C44483,C44483,0.8511861301397852
SV1_C54707,C54707,0.9198973770800433
SV1_C26429,C26429,0.9418058481827717
SV1_C34302,C34302,0.8501451341843201
SV1_C07885,C07885,0.9733494481538829
SV1_C74459,C74459,0.9210846199346827
SV1_C64315,C64315,0.8631379607634264
SV1_C91278,C91278,0.9848137656735845
SV1_C02484,C02484,0.9990942985432364
SV1_C16805,C16805,0.9089229224395206
SV1_C07279,C07279,0.8518155916070914
SV1_C75027,C75027,0.9185978794593932
SV1_C99099,C99099,0.8562086876492622
SV1_C88256,C88256,0.7524147043553905
SV1_C73241,C73241,0.9102221112186123
SV1_C07866,C07866,0.854784671277111
SV1_C55839,C55839,0.8935918605491888
SV1_C58311,C58311,0.8650361843257951
SV1_C56501,C56501,0.9737228339538357
SV1_C04818,C04818,0.8614312578045873
SV1_C79816,C79816,0.8814995228862892
SV1_C82289,C82289,0.8574739174301216
SV1_C19803,C19803,0.7933050940940741
SV1_C90076,C90076,0.8822714497869522
SV1_C95519,C95519,0.8515520491613429
SV1_C35507,C35507,0.8893133572232793
SV1_C59512,C59512,0.8477696574228304
SV1_C90111,C90111,0.8272564693479858
SV1_C96608,C96608,0.99415471591985
SV1_C60634,C60634,0.8112054766574551
SV1_C98442,C98442,0.8937278495821696
SV1_C03036,C03036,0.9991541000913833
SV1_C43205,C43205,0.8569309070036094
SV1_C44468,C44468,0.8488067704803498
SV1_C37221,C37221,0.9988861478767093
SV1_C00073,C00073,0.9530487758047322
SV1_C88801,C88801,0.8999807301841645
SV1_C91867,C91867,0.8086674648680642
SV1_C92407,C92407,0.8613224937361751
SV1_C94205,C94205,0.9745060681691229
SV1_C04820,C04820,0.7310989966829834
SV1_C61292,C61292,0.8665812170349936
SV1_C65477,C65477,0.8710904533849115
SV1_C84077,C84077,0.8474887022317047
SV1_C67229,C67229,0.8668440922081282
SV1_C34818,C34818,0.9586486466954369
SV1_C69712,C69712,0.8891295258594439
SV1_C04228,C04228,0.9559708375855441
SV1_C71400,C71400,0.7775464563764576
SV1_C96627,C96627,0.9899797496026449
SV1_C52895,C52895,0.9227941073004802
SV1_C97243,C97243,0.906211354928646
SV1_C56425,C56425,0.932761622374944
SV1_C24114,C24114,0.9939284119632704
SV1_C54037,C54037,0.9552457328325209
SV1_C20420,C20420,0.9171742629607084
SV1_C76916,C76916,0.7475846241185362
SV1_C89407,C89407,0.8703066197549266
SV1_C75111,C75111,0.959720395658697
SV1_C87685,C87685,0.8184217267711482
SV1_C94917,C94917,0.7604004585438675
SV1_C90634,C90634,0.8151171106338279
SV1_C01817,C01817,0.9407609662264731
SV1_C57092,C57092,0.7481122975750047
SV1_C61907,C61907,0.9135783151910132
SV1_C09030,C09030,0.9207989089901816
SV1_C10225,C10225,0.8573846125858005
SV1_C25244,C25244,0.8322077846267191
SV1_C43815,C43815,0.9856067046248216
SV1_C57645,C57645,0.8868896614069538
SV1_C46869,C46869,0.841200869313512
SV1_C50474,C50474,0.9037495542195662
SV1_C63101,C63101,0.9168636233754751
SV1_C72640,C72640,0.865709296739312
SV1_C93002,C93002,0.85837077737412
SV1_C70310,C70310,0.8533458879089301
SV1_C87675,C87675,0.8151608340443021
SV1_C75707,C75707,0.9701960005067437
SV1_C10262,C10262,0.8505085028961268
SV1_C90031,C90031,0.8293434719892399
SV1_C70845,C70845,0.859320682012193
SV1_C75023,C75023,0.9209497678092511
SV1_C09669,C09669,0.9859140763217731
SV1_C01228,C01228,0.9793226049109418
SV1_C07263,C07263,0.9372321411481359
SV1_C47458,C47458,0.9456306948783234
SV1_C78668,C78668,0.8246497108715801
SV1_C22905,C22905,0.898432273183507
SV1_C44519,C44519,0.8703859925896837
SV1_C97904,C97904,0.8142244743033816
SV1_C63006,C63006,0.8872702889162614
SV1_C10808,C10808,0.9706670521367078
SV1_C22230,C22230,0.8790427053136596
SV1_C99678,C99678,0.8597660520537396
SV1_C97874,C97874,0.810367553620821
SV1_C29405,C29405,0.9114320470039714
SV1_C21676,C21676,0.7471195577247555
SV1_C81705,C81705,0.8883345074301421
SV1_C89477,C89477,0.8877731609791382
SV1_C09711,C09711,0.9849682135139268
SV1_C10247,C10247,0.9864823304316902
SV1_C12669,C12669,0.9299318501328843
SV1_C16874,C16874,0.8281743162871347
SV1_C19280,C19280,0.7885741846615743
SV1_C30115,C30115,0.7709636445901216
SV1_C09045,C09045,0.7934800943385245
SV1_C78096,C78096,0.7549344381004084
SV1_C52887,C52887,0.9519554885503657
SV1_C16245,C16245,0.957444367593758
SV1_C100230,C100230,0.9592506317582356
SV1_C18610,C18610,0.9113131664163859
SV1_C55813,C55813,0.964132729939675
SV1_C19819,C19819,0.8399035791221907
SV1_C77420,C77420,0.8018814343817888
SV1_C67280,C67280,0.8340907423101571
SV1_C58919,C58919,0.8173255456882538
SV1_C38414,C38414,0.9005610276008842
SV1_C01296,C01296,0.921058425644298
SV1_C37223,C37223,0.9031974310434263
SV1_C69620,C69620,0.9479601955882943
SV1_C89516,C89516,0.7816841624337635
SV1_C85277,C85277,0.9893843308355892
SV1_C71473,C71473,0.8762932085480554
SV1_C28817,C28817,0.9050687248252579
SV1_C40211,C40211,0.9801658304526649
SV1_C52317,C52317,0.7485086058295995
SV1_C02503,C02503,0.8024585979708012
SV1_C64830,C64830,0.9035278181414647
SV1_C72016,C72016,0.9120178192349294
SV1_C49228,C49228,0.790223376756571
SV1_C55806,C55806,0.9554780933093415
SV1_C58893,C58893,0.8841008182585911
SV1_C63003,C63003,0.8382851870880171
SV1_C13884,C13884,0.9680356562436372
SV1_C93083,C93083,0.9050901251956149
SV1_C25202,C25202,0.9029470221003305
SV1_C92502,C92502,0.8398339623171481
SV1_C85884,C85884,0.9678908053481803
SV1_C76227,C76227,0.9519203842769428
SV1_C67919,C67919,0.7169475683030189
SV1_C01285,C01285,0.9876638452319146
SV1_C25834,C25834,0.8828728103693505
SV1_C52919,C52919,0.93423452888595
SV1_C73243,C73243,0.8734572530821744
SV1_C90039,C90039,0.8175947793108544
SV1_C27081,C27081,0.9143690859691898
SV1_C10805,C10805,0.9654753499900922
SV1_C33110,C33110,0.8599555407598376
SV1_C78095,C78095,0.8168854131623677
SV1_C45697,C45697,0.9977046582321244
SV1_C07238,C07238,0.9532205226691574
SV1_C65437,C65437,0.9030848975206957
SV1_C49806,C49806,0.8494426032835984
SV1_C75633,C75633,0.9025780635332856
SV1_C91882,C91882,0.9991452347961539
SV1_C99019,C99019,0.8924198316325609
SV1_C47467,C47467,0.8147182399228077
SV1_C56447,C56447,0.9884620188165474
SV1_C73286,C73286,0.8898021071731762
SV1_C56436,C56436,0.906417125755418
SV1_C00618,C00618,0.9173480271497971
SV1_C30106,C30106,0.8520725295367566
SV1_C70286,C70286,0.8810405146264427
SV1_C24108,C24108,0.9057554664040995
SV1_C18636,C18636,0.8273097978460031
SV1_C07902,C07902,0.9102885420150147
SV1_C13859,C13859,0.7733503947790362
SV1_C25836,C25836,0.9735273300818407
SV1_C73217,C73217,0.9045092908787233
SV1_C88232,C88232,0.8150239534006986
SV1_C99003,C99003,0.8371544869565755
SV1_C17424,C17424,0.8390117728227067
SV1_C22823,C22823,0.8550160632166286
SV1_C48077,C48077,0.9653882648096542
SV1_C58295,C58295,0.7595768061489945
SV1_C54021,C54021,0.7885851371691541
SV1_C42021,C42021,0.9089349117484533
SV1_C43855,C43855,0.799012750842497
SV1_C45090,C45090,0.8383914110318013
SV1_C95513,C95513,0.7937709126493757
SV1_C27697,C27697,0.9886488481685196
SV1_C05429,C05429,0.9444553961599949
SV1_C08457,C08457,0.7975074063466463
SV1_C52905,C52905,0.8071830564063874
SV1_C18017,C18017,0.894369659988999
SV1_C81688,C81688,0.851690179646886
SV1_C34202,C34202,0.8145156513279806
SV1_C55209,C55209,0.9327107856395965
SV1_C94905,C94905,0.8192012395689373
SV1_C79882,C79882,0.9215840684710642
SV1_C42606,C42606,0.9280546767790626
SV1_C20430,C20430,0.8341043067228912
SV1_C52880,C52880,0.9856482995525092
SV1_C18630,C18630,0.8537181742782141
SV1_C49869,C49869,0.8295384724681916
SV1_C53492,C53492,0.9329894382684681
SV1_C46233,C46233,0.8022207379786285
SV1_C72022,C72022,0.9787870524762052
SV1_C18086,C18086,0.9101276358496352
SV1_C89467,C89467,0.9314266175436063
SV1_C76278,C76278,0.8804798110728017
SV1_C10895,C10895,0.9067739583547877
SV1_C45058,C45058,0.9679503397473214
SV1_C09054,C09054,0.7746777150293479
SV1_C51600,C51600,0.8594249473068437
SV1_C07825,C07825,0.8949650704388024
SV1_C95474,C95474,0.8621312717198082
SV1_C75103,C75103,0.9721293118255108
SV1_C06632,C06632,0.9197465860856319
SV1_C100303,C100303,0.8768162769790552
SV1_C01238,C01238,0.8960832080131547
SV1_C11437,C11437,0.863876104526118
SV1_C12619,C12619,0.8431868630240104
SV1_C00102,C00102,0.8334397720904388
SV1_C70205,C70205,0.9283016985823528
SV1_C27098,C27098,0.926813468177314
SV1_C52817,C52817,0.8777679987406183
SV1_C48017,C48017,0.7868187764844995
SV1_C53413,C53413,0.8837587065969876
SV1_C93646,C93646,0.8334547200992355
SV1_C27096,C27096,0.9489195365910493
SV1_C16889,C16889,0.8586465178843894
SV1_C04877,C04877,0.8858758848717712
SV1_C58884,C58884,0.9522892285286364
SV1_C71414,C71414,0.912348273125722
SV1_C54698,C54698,0.8486686565099338
SV1_C96712,C96712,0.7912428380533844
SV1_C56412,C56412,0.982022021149023
SV1_C62409,C62409,0.9108471474542261
SV1_C55279,C55279,0.982893760708961
SV1_C17488,C17488,0.8325486099330115
SV1_C75601,C75601,0.9417890668190386
SV1_C48658,C48658,0.9438013599356481
SV1_C27711,C27711,0.8181476052460109
SV1_C24016,C24016,0.9841833900620893
SV1_C100288,C100288,0.8829956893673333
SV1_C04831,C04831,0.8877534496073956
SV1_C27110,C27110,0.9230945997492523
SV1_C63694,C63694,0.8167883221573874
SV1_C96001,C96001,0.9872865621906587
SV1_C97884,C97884,0.9669290460273775
SV1_C89492,C89492,0.9442609098077136
SV1_C93689,C93689,0.8846277056403674
SV1_C95412,C95412,0.9796283415397298
SV1_C60690,C60690,0.8445070898416268
SV1_C10279,C10279,0.8910750053858045
SV1_C55816,C55816,0.9270647890030308
SV1_C43256,C43256,0.9891721190097367
SV1_C48064,C48064,0.878271710821591
SV1_C07875,C07875,0.8524952678280907
SV1_C70913,C70913,0.7612835646257234
SV1_C84719,C84719,0.8385950936201315
SV1_C98514,C98514,0.9437806339104642
SV1_C02479,C02479,0.791060982433507
SV1_C70891,C70891,0.9254074138478744
SV1_C70309,C70309,0.8084103586050843
SV1_C94912,C94912,0.7592043396566297
SV1_C59433,C59433,0.8331794551996926
SV1_C44405,C44405,0.8523165983916351
SV1_C73882,C73882,0.9090401230220378
SV1_C54686,C54686,0.8913641389552306
SV1_C15630,C15630,0.9628730249457403
SV1_C66643,C66643,0.781529314923191
SV1_C63113,C63113,0.8186734409195883
SV1_C65485,C65485,0.8859974959792383
SV1_C18616,C18616,0.8538319334948605
SV1_C54647,C54647,0.9659174787233299
SV1_C08436,C08436,0.8554577153857218
SV1_C27619,C27619,0.8333008584779364
SV1_C25821,C25821,0.9241728407725582
SV1_C79309,C79309,0.8972039423081842
SV1_C61312,C61312,0.8327222564563835
SV1_C47442,C47442,0.8493347025217403
SV1_C02505,C02505,0.9192456112063615
SV1_C85916,C85916,0.9563731716971509
SV1_C65476,C65476,0.8105259478994093
SV1_C03680,C03680,0.9711172378390384
SV1_C80496,C80496,0.8900771005383681
SV1_C12705,C12705,0.7364101423656413
SV1_C06034,C06034,0.9989367102916028
SV1_C06611,C06611,0.9635899196586554
SV1_C46889,C46889,0.8434613928632197
SV1_C45676,C45676,0.8865499415007556
SV1_C55225,C55225,0.9997094214397778
SV1_C34300,C34300,0.8154108604969273
SV1_C85919,C85919,0.8545649766206275
SV1_C13256,C13256,0.7665669819777363
SV1_C68493,C68493,0.755609981129131
SV1_C73903,C73903,0.9693816660656234
SV1_C81609,C81609,0.940273896866451
SV1_C76895,C76895,0.883856981317683
SV1_C64312,C64312,0.8793965706356254
SV1_C01824,C01824,0.9759510387140894
SV1_C22200,C22200,0.8803312970501377
SV1_C41412,C41412,0.8425575083996488
SV1_C74469,C74469,0.9557487016185731
SV1_C70303,C70303,0.8027523860933461
SV1_C31290,C31290,0.8312728934069883
SV1_C74486,C74486,0.8872456863970587
SV1_C90703,C90703,0.8290267217676441
SV1_C78114,C78114,0.8256260703801366
SV1_C15015,C15015,0.90777118755748
SV1_C94896,C94896,0.8233462864118456
SV1_C07863,C07863,0.9454657400653077
SV1_C13843,C13843,0.9001286215298984
SV1_C100307,C100307,0.8871700510086918
SV1_C51044,C51044,0.7681849745962746
SV1_C22817,C22817,0.9595180102870144
SV1_C63603,C63603,0.8170591066107742
SV1_C75052,C75052,0.7588937974162243
SV1_C51718,C51718,0.8539279998744432
SV1_C75672,C75672,0.9188111078190184
SV1_C61275,C61275,0.8640262430054327
SV1_C94240,C94240,0.9649353568105336
SV1_C55905,C55905,0.9463605817126297
SV1_C46244,C46244,0.9755417917398304
SV1_C10870,C10870,0.9286521559323908
SV1_C19279,C19279,0.8085028455367211
SV1_C89412,C89412,0.9209205718292839
SV1_C49301,C49301,0.8251347634710178
SV1_C10299,C10299,0.9997978258773661
SV1_C89418,C89418,0.9773068589870885
SV1_C72669,C72669,0.9380451099240001
SV1_C19872,C19872,0.9019312986769122
SV1_C64878,C64878,0.9121697888747217
SV1_C12602,C12602,0.9016379289334602
SV1_C93055,C93055,0.7630907902401317
SV1_C47485,C47485,0.9339152979703568
SV1_C77466,C77466,0.8737571028928272
SV1_C22910,C22910,0.9594986433909151
SV1_C72716,C72716,0.8274639505957914
SV1_C93020,C93020,0.8454171747510966
SV1_C86516,C86516,0.779233997424021
SV1_C53422,C53422,0.8197974818901905
SV1_C56444,C56444,0.7703225336986893
SV1_C57617,C57617,0.9640742709525358
SV1_C43271,C43271,0.7709035985832352
SV1_C22832,C22832,0.9920687909289811
SV1_C95479,C95479,0.8965926622296662
SV1_C30605,C30605,0.9062772086194256
SV1_C00703,C00703,0.8029183370846364
SV1_C77412,C77412,0.9251110580837756
SV1_C85875,C85875,0.8280035506490935
SV1_C94901,C94901,0.8208902415329559
SV1_C28218,C28218,0.7932145057817054
SV1_C70280,C70280,0.8737029123560609
SV1_C57679,C57679,0.8276868119466091
SV1_C79813,C79813,0.9155549187668922
SV1_C46819,C46819,0.9392812874916723
SV1_C57097,C57097,0.9806700694361054
SV1_C60117,C60117,0.920414914173896
SV1_C96010,C96010,0.9541836386695446
SV1_C09701,C09701,0.8443538360339087
SV1_C75684,C75684,0.8954040636713603
SV1_C50400,C50400,0.8629914292517487
SV1_C82907,C82907,0.897954296191873
SV1_C78074,C78074,0.8920372716995676
SV1_C39011,C39011,0.9555299997544188
SV1_C72068,C72068,0.9408283141472302
SV1_C63041,C63041,0.8415701833777244
SV1_C61808,C61808,0.9131687023595643
SV1_C11466,C11466,0.875627143694622
SV1_C94208,C94208,0.9787553604982303
SV1_C13297,C13297,0.7511020751304324
SV1_C13254,C13254,0.8191948302861571
SV1_C30097,C30097,0.8297290537432401
SV1_C87712,C87712,0.9420142640451278
SV1_C54113,C54113,0.7876988791269566
SV1_C34809,C34809,0.8509731630652813
SV1_C70315,C70315,0.7220174287354862
SV1_C85280,C85280,0.9737912566355276
SV1_C70217,C70217,0.9257239316613582
SV1_C24047,C24047,0.8418148574377357
SV1_C81093,C81093,0.7357428043238767
SV1_C87069,C87069,0.7983613774024625
SV1_C84090,C84090,0.9042426718514092
SV1_C75113,C75113,0.8629660922195569
SV1_C76244,C76244,0.820789908289908
SV1_C15674,C15674,0.837284169798108
SV1_C32485,C32485,0.9562275836079193
SV1_C91873,C91873,0.9721325345380449
SV1_C53481,C53481,0.970059033012578
SV1_C24028,C24028,0.9979558674027718
SV1_C64841,C64841,0.8566337415800661
SV1_C65493,C65493,0.7107135736027262
SV1_C67898,C67898,0.9997118603523016
SV1_C79883,C79883,0.9867588722204008
SV1_C59486,C59486,0.9179136972985971
SV1_C97834,C97834,0.9063620461314613
SV1_C21677,C21677,0.7924772593667097
SV1_C14423,C14423,0.903318198521931
SV1_C52304,C52304,0.8091628676357382
SV1_C10863,C10863,0.9686235018883638
SV1_C93687,C93687,0.9166753172707807
SV1_C08479,C08479,0.8707655399259979
SV1_C16277,C16277,0.9248812951427929
SV1_C79276,C79276,0.9812933156966732
SV1_C00613,C00613,0.9918349203673976
SV1_C07907,C07907,0.9898719648144876
SV1_C85813,C85813,0.8985978974584817
SV1_C91300,C91300,0.968578840391852
SV1_C21689,C21689,0.8404842972475945
SV1_C59432,C59432,0.8491454532827187
SV1_C49878,C49878,0.8847357570409359
SV1_C65484,C65484,0.8188195741995181
SV1_C90089,C90089,0.8862443191674024
SV1_C15677,C15677,0.9269864723262223
SV1_C64304,C64304,0.8967334178289336
SV1_C83419,C83419,0.9088025249938748
SV1_C91319,C91319,0.8800989459525352
SV1_C98497,C98497,0.8567952108340955
SV1_C90067,C90067,0.9216930653011063
SV1_C45004,C45004,0.8587993037227838
SV1_C68443,C68443,0.781575884793826
SV1_C66618,C66618,0.8687321589310465
SV1_C89447,C89447,0.8074731134897681
SV1_C48666,C48666,0.9256116146731295
SV1_C90694,C90694,0.9760871688205426
SV1_C31897,C31897,0.8477608992850908
SV1_C96717,C96717,0.7641585477929624
SV1_C69689,C69689,0.8987467826912406
SV1_C52914,C52914,0.9248582080463974
SV1_C92490,C92490,0.91737871616807
SV1_C70290,C70290,0.9247748419628117
SV1_C27006,C27006,0.8119299129783615
SV1_C04804,C04804,0.9172309085431201
SV1_C25845,C25845,0.8498014831092335
SV1_C19204,C19204,0.8718819221041638
SV1_C66688,C66688,0.7802148107367151
SV1_C06031,C06031,0.9112439787344142
SV1_C99672,C99672,0.8831678928282495
SV1_C49904,C49904,0.8520551162412237
SV1_C22838,C22838,0.8738907495212676
SV1_C15619,C15619,0.8991464281464203
SV1_C22289,C22289,0.8535791083390727
SV1_C83407,C83407,0.8064948101852703
SV1_C70299,C70299,0.8039525107824271
SV1_C24009,C24009,0.9132238421536212
SV1_C62408,C62408,0.8866505801167737
SV1_C79318,C79318,0.7798303203677731
SV1_C28208,C28208,0.7913333352369943
SV1_C53424,C53424,0.9531446668892763
SV1_C60031,C60031,0.8409937270375876
SV1_C23504,C23504,0.8704902027804008
SV1_C95432,C95432,0.9759415255256464
SV1_C72708,C72708,0.903727634593767
SV1_C05479,C05479,0.9862957082708075
SV1_C39604,C39604,0.8306908583189544
SV1_C84712,C84712,0.851193157848892
SV1_C15608,C15608,0.8929589683633669
SV1_C86484,C86484,0.7827917445007694
SV1_C63021,C63021,0.9185908663719707
SV1_C34823,C34823,0.9573574679860687
SV1_C95403,C95403,0.8433135817472757
SV1_C70818,C70818,0.9012257377880002
SV1_C01223,C01223,0.7714010527781632
SV1_C46903,C46903,0.8598057060899108
SV1_C27007,C27007,0.8994113749206042
SV1_C59487,C59487,0.859098364854563
SV1_C61287,C61287,0.8581308140140974
SV1_C34295,C34295,0.812538168302955
SV1_C60707,C60707,0.9011325389736172
SV1_C24607,C24607,0.9865950234885361
SV1_C52846,C52846,0.8387855527074838
SV1_C48006,C48006,0.9039583950152974
SV1_C56517,C56517,0.838484827012046
SV1_C27109,C27109,0.949552530522258
SV1_C47516,C47516,0.762100199768837
SV1_C31820,C31820,0.8406470708817612
SV1_C76276,C76276,0.8960715713053538
SV1_C22913,C22913,0.9547987678582525
SV1_C15680,C15680,0.90388753402346
SV1_C64815,C64815,0.8212603610515888
SV1_C66092,C66092,0.7319285083647161
SV1_C57643,C57643,0.7496161381274168
SV1_C61827,C61827,0.8540021187001836
SV1_C22294,C22294,0.9292716005567369
SV1_C27034,C27034,0.807418692070763
SV1_C22876,C22876,0.7818716364625622
SV1_C90707,C90707,0.8289972996025896
SV1_C69009,C69009,0.9946270419604227
SV1_C36023,C36023,0.9004384217476158
SV1_C87658,C87658,0.9288437267467814
SV1_C94319,C94319,0.8556538012656375
SV1_C13839,C13839,0.8352866175805852
SV1_C89468,C89468,0.816966427459388
SV1_C30013,C30013,0.9167831917903596
SV1_C50472,C50472,0.9996937883061491
SV1_C78099,C78099,0.8228569350420334
SV1_C72045,C72045,0.7608995147318737
SV1_C10834,C10834,0.8816825072545651
SV1_C43305,C43305,0.9957487390447435
SV1_C51717,C51717,0.7513503329177667
SV1_C77415,C77415,0.8252381850100217
SV1_C77443,C77443,0.8768055672237656
SV1_C31813,C31813,0.9062560132294369
SV1_C06090,C06090,0.8706062615143325
SV1_C43204,C43204,0.8676439954375192
SV1_C36606,C36606,0.8827664049685245
SV1_C46837,C46837,0.7912667031792555
SV1_C98505,C98505,0.8753354680814326
SV1_C75061,C75061,0.7563758859482252
SV1_C31894,C31894,0.7629165590804253
SV1_C80512,C80512,0.8951259206752541
SV1_C72084,C72084,0.9191238595988676
SV1_C96690,C96690,0.8750677072978893
SV1_C65407,C65407,0.7814470621867698
SV1_C44477,C44477,0.9001513444006528
SV1_C27707,C27707,0.8249346982604949
SV1_C96094,C96094,0.8195604193466216
SV1_C88843,C88843,0.8050108816402906
SV1_C31213,C31213,0.9105236606434264
SV1_C49860,C49860,0.9483990583045966
SV1_C25884,C25884,0.8765192345603336
SV1_C53513,C53513,0.7998034952623085
SV1_C27676,C27676,0.815954532705469
SV1_C67874,C67874,0.9525633093618362
SV1_C00642,C00642,0.8622153465394728
SV1_C09107,C09107,0.9966359350858804
SV1_C06711,C06711,0.9430566980796478
SV1_C72631,C72631,0.8756290509655829
SV1_C60028,C60028,0.8509940947150139
SV1_C25223,C25223,0.8510508605424567
SV1_C10236,C10236,0.8240259964974289
SV1_C66109,C66109,0.9288991072993745
SV1_C26442,C26442,0.7843867294325431
SV1_C70835,C70835,0.9447188094762198
SV1_C75004,C75004,0.9607212863825981
SV1_C97843,C97843,0.9099461509047521
SV1_C90698,C90698,0.9661503122394973
SV1_C60081,C60081,0.8882746660049422
SV1_C28273,C28273,0.797593216550872
SV1_C01909,C01909,0.9348212335609388
SV1_C76261,C76261,0.8058066529468121
SV1_C49813,C49813,0.8827387182933788
SV1_C96045,C96045,0.8781256526818296
SV1_C72055,C72055,0.9262920092086745
SV1_C91283,C91283,0.9064476130306608
SV1_C01224,C01224,0.9747684216302419
SV1_C84097,C84097,0.8106638340135928
SV1_C96632,C96632,0.963132862450684
SV1_C82312,C82312,0.8928676984634062
SV1_C46885,C46885,0.9223586146086341
SV1_C48677,C48677,0.949111099665378
SV1_C66006,C66006,0.9418599326972447
SV1_C90693,C90693,0.9505314339776799
SV1_C93119,C93119,0.7637722817432425
SV1_C30102,C30102,0.8567744260170604
SV1_C59503,C59503,0.8923176687870675
SV1_C96611,C96611,0.8623456106710256
SV1_C09647,C09647,0.99151476189214
SV1_C31802,C31802,0.9148023086384788
SV1_C72002,C72002,0.9150136871931658
SV1_C07918,C07918,0.9179951831131465
SV1_C65518,C65518,0.9102471645037146
SV1_C72073,C72073,0.9522969215438589
SV1_C41406,C41406,0.9582172631425636
SV1_C12711,C12711,0.9016008711129764
SV1_C14428,C14428,0.8442896924896593
SV1_C04878,C04878,0.8622058492774619
SV1_C00018,C00018,0.9167119727654902
SV1_C72072,C72072,0.9450556247002393
SV1_C03631,C03631,0.9534961108963589
SV1_C68473,C68473,0.8908708371767212
SV1_C28877,C28877,0.9213936813626991
SV1_C74481,C74481,0.9493408683884043
SV1_C34310,C34310,0.8244328825263381
SV1_C75691,C75691,0.9558955800118234
SV1_C13237,C13237,0.9052815358823815
SV1_C30018,C30018,0.9224369464750772
SV1_C88848,C88848,0.75449017274765
SV1_C43827,C43827,0.781845779963907
SV1_C75017,C75017,0.8944097199488553
SV1_C27700,C27700,0.9836488537263948
SV1_C41417,C41417,0.8992394722636643
SV1_C48069,C48069,0.8416937839897579
SV1_C23512,C23512,0.9244976119648901
SV1_C55889,C55889,0.7810667278791986
SV1_C47495,C47495,0.78185237294767
SV1_C23420,C23420,0.9130109013074568
SV1_C25317,C25317,0.8945566244976084
SV1_C55289,C55289,0.8436796598274777
SV1_C56484,C56484,0.7825971860683533
SV1_C25214,C25214,0.9194613623520485
SV1_C45706,C45706,0.9747205761822054
SV1_C80417,C80417,0.8807726396086765
SV1_C13852,C13852,0.7851600837649017
SV1_C46899,C46899,0.8607383719749927
SV1_C91236,C91236,0.8460261976291278
SV1_C71446,C71446,0.8399017017497983
SV1_C70884,C70884,0.9557859293876046
SV1_C52894,C52894,0.9943007481402778
SV1_C67892,C67892,0.7541624911236018
SV1_C65483,C65483,0.8169150927673027
SV1_C46912,C46912,0.935980424910223
SV1_C73316,C73316,0.8243643742587169
SV1_C24081,C24081,0.8721601845027485
SV1_C44491,C44491,0.7945769323764382
SV1_C06617,C06617,0.8625215089748615
SV1_C35400,C35400,0.8208174688298836
SV1_C45007,C45007,0.9998533907582813
SV1_C98436,C98436,0.916046858960902
SV1_C57694,C57694,0.8256603613724517
SV1_C76279,C76279,0.8560921362855559
SV1_C60005,C60005,0.9629719324505103
SV1_C85205,C85205,0.8957212832889542
SV1_C91829,C91829,0.9085646999411399
SV1_C01883,C01883,0.7762637345661878
SV1_C84105,C84105,0.8255883905026025
SV1_C18009,C18009,0.8993395436348237
SV1_C43803,C43803,0.9984436109064535
SV1_C09717,C09717,0.8074761997651455
SV1_C60044,C60044,0.856118606166201
SV1_C66617,C66617,0.8823716177158946
SV1_C29519,C29519,0.8226412158785599
SV1_C89486,C89486,0.8906110220192152
SV1_C67806,C67806,0.9585150286244832
SV1_C78623,C78623,0.9041731068125952
SV1_C96105,C96105,0.8196961128843973
SV1_C69715,C69715,0.7693087877094403
SV1_C18606,C18606,0.9059147976030185
SV1_C61910,C61910,0.9764615548621772
SV1_C61217,C61217,0.9425807583986996
SV1_C28890,C28890,0.810786170768102
SV1_C13871,C13871,0.8419693036481117
SV1_C56491,C56491,0.920271128628798
SV1_C02431,C02431,0.9750619230011991
SV1_C92474,C92474,0.9873121971970673
SV1_C91264,C91264,0.9371290384420862
SV1_C13883,C13883,0.7294914506414494
SV1_C30014,C30014,0.936204748281377
SV1_C27703,C27703,0.8248944686153856
SV1_C74431,C74431,0.905886623242027
SV1_C00629,C00629,0.9612348306817635
SV1_C85314,C85314,0.9189470939535601
SV1_C72611,C72611,0.8607587894636667
SV1_C48091,C48091,0.8367404909996522
SV1_C45661,C45661,0.9907962214751576
SV1_C03601,C03601,0.9751902024327546
SV1_C22898,C22898,0.8989431600728437
SV1_C10894,C10894,0.8247150435566452
SV1_C64826,C64826,0.896763489938708
SV1_C02519,C02519,0.8055078629311049
SV1_C58310,C58310,0.9247230547496852
SV1_C69083,C69083,0.8602487504391806
SV1_C84080,C84080,0.8284345429331922
SV1_C87034,C87034,0.8947983176239067
SV1_C03091,C03091,0.7994670205803301
SV1_C00003,C00003,0.8203925049526833
SV1_C87669,C87669,0.7972716393904117
SV1_C54083,C54083,0.9725403198158029
SV1_C46834,C46834,0.7637522083429725
SV1_C06701,C06701,0.8514203755038046
SV1_C70825,C70825,0.905345856960908
SV1_C04311,C04311,0.8246240974983345
SV1_C57003,C57003,0.9064012953121909
SV1_C85898,C85898,0.8402083285845223
SV1_C75639,C75639,0.9116316099105223
SV1_C95422,C95422,0.963917225237872
SV1_C57085,C57085,0.7818545305162121
SV1_C00022,C00022,0.7448727941594347
SV1_C16835,C16835,0.8309665034372467
SV1_C32518,C32518,0.9389865220648259
SV1_C33618,C33618,0.9061215951717283
SV1_C53445,C53445,0.7820689005311322
SV1_C47405,C47405,0.8304266904298183
SV1_C28234,C28234,0.8776430414102504
SV1_C88216,C88216,0.9218710732037171
SV1_C73312,C73312,0.8540384522103375
SV1_C06645,C06645,0.9232022276565262
SV1_C43262,C43262,0.953029853888412
SV1_C24020,C24020,0.9184531459829146
SV1_C22878,C22878,0.8720565660762383
SV1_C99713,C99713,0.9749302974630571
SV1_C56516,C56516,0.8474463300746444
SV1_C10205,C10205,0.9797913151953965
SV1_C68436,C68436,0.8413004258940187
SV1_C89495,C89495,0.9366753810745627
SV1_C46276,C46276,0.8956199697302937
SV1_C07901,C07901,0.844125943520197
SV1_C80505,C80505,0.8888049952692285
SV1_C04219,C04219,0.8659808475945584
SV1_C98421,C98421,0.8751511054994643
SV1_C61807,C61807,0.9112012619214745
SV1_C55827,C55827,0.901346431273321
SV1_C73901,C73901,0.9250303096120868
SV1_C90687,C90687,0.8660643847190512
SV1_C06044,C06044,0.9240742742511532
SV1_C32418,C32418,0.903516096785081
SV1_C57689,C57689,0.9838090938429577
SV1_C81680,C81680,0.9701883970754541
SV1_C99715,C99715,0.933517331506791
SV1_C89509,C89509,0.9933606274010343
SV1_C43307,C43307,0.8572191625298643
SV1_C64805,C64805,0.9639893008580264
SV1_C23498,C23498,0.9030779581899373
SV1_C50434,C50434,0.8882880030330557
SV1_C73250,C73250,0.8659397970651519
SV1_C78600,C78600,0.978413786444401
SV1_C21038,C21038,0.8175356716579585
SV1_C61894,C61894,0.843685191207405
SV1_C02447,C02447,0.8027869891517364
SV1_C93612,C93612,0.9650661270431866
SV1_C90060,C90060,0.849409738086208
SV1_C04299,C04299,0.8484759208549459
SV1_C09008,C09008,0.9943238280904516
SV1_C84098,C84098,0.7937587359348995
SV1_C75617,C75617,0.9033086029652607
SV1_C43274,C43274,0.9014557888800524
SV1_C45043,C45043,0.7459426325499435
SV1_C05409,C05409,0.8487969681201961
SV1_C96646,C96646,0.9120838308087149
SV1_C91851,C91851,0.8683645637194718
SV1_C00117,C00117,0.9196284237437283
SV1_C58228,C58228,0.8403678336893058
SV1_C48046,C48046,0.943734444934597
SV1_C82904,C82904,0.8890159397589947
SV1_C54640,C54640,0.8762057316592272
SV1_C19834,C19834,0.8613478599032781
SV1_C82873,C82873,0.9621683617167014
SV1_C58805,C58805,0.9690305508665426
SV1_C43824,C43824,0.8039377637922517
SV1_C45064,C45064,0.9297572901784462
SV1_C62489,C62489,0.8344905444057099
SV1_C07876,C07876,0.9889551210804298
SV1_C10273,C10273,0.9900447620720638
SV1_C96090,C96090,0.8633838841482512
SV1_C88306,C88306,0.9731532417012659
SV1_C69098,C69098,0.9853000451953018
SV1_C58843,C58843,0.7553976249265768
SV1_C12603,C12603,0.7914227345305235
SV1_C22915,C22915,0.9088679223253662
SV1_C27600,C27600,0.8287554233364891
SV1_C51030,C51030,0.8943891937090267
SV1_C54704,C54704,0.8409898182988514
SV1_C09623,C09623,0.9380513839557418
SV1_C18680,C18680,0.8092000854372517
SV1_C52244,C52244,0.7842817908840116
SV1_C87023,C87023,0.855540605801051
SV1_C13858,C13858,0.840080827457868
SV1_C57636,C57636,0.8177960363060827
SV1_C83503,C83503,0.8732902936897072
SV1_C69010,C69010,0.958693159727197
SV1_C09644,C09644,0.8144291518507795
SV1_C97911,C97911,0.9680314971802096
SV1_C51119,C51119,0.9377490459139349
SV1_C40216,C40216,0.9437827337349851
SV1_C62507,C62507,0.9112199426624712
SV1_C53485,C53485,0.9523057136068027
SV1_C06024,C06024,0.9262681119514109
SV1_C48649,C48649,0.9120686781988514
SV1_C96021,C96021,0.9056893562156774
SV1_C78117,C78117,0.7898253635997511
SV1_C89497,C89497,0.9984505691964126
SV1_C21687,C21687,0.8102124495642017
SV1_C52240,C52240,0.8182256296264979
SV1_C83501,C83501,0.8506811465196794
SV1_C78104,C78104,0.7612401111256402
SV1_C96711,C96711,0.992352581047984
SV1_C79881,C79881,0.993278691278169
SV1_C32402,C32402,0.9042169450824946
SV1_C96041,C96041,0.963184080537064
SV1_C42005,C42005,0.8856455710510738
SV1_C22217,C22217,0.9500338293156817
SV1_C62433,C62433,0.7916125182858356
SV1_C12073,C12073,0.9185420840303472
SV1_C99676,C99676,0.8819840551563224
SV1_C21035,C21035,0.9400672130803311
SV1_C10831,C10831,0.9789671750108679
SV1_C93089,C93089,0.8633008918544912
SV1_C34877,C34877,0.902371566743258
SV1_C88311,C88311,0.8349307236312067
SV1_C27119,C27119,0.8721609485340024
SV1_C03045,C03045,0.8755383361574404
SV1_C04289,C04289,0.9246140372380074
SV1_C52822,C52822,0.8228279479056962
SV1_C78709,C78709,0.8127498199435111
SV1_C07854,C07854,0.7646595413201822
SV1_C21029,C21029,0.8172444778188965
SV1_C80514,C80514,0.8328875301147692
SV1_C43800,C43800,0.8660097465545562
SV1_C10906,C10906,0.9126196857411546
SV1_C22841,C22841,0.8913081299304929
SV1_C70284,C70284,0.9305463366819087
SV1_C72107,C72107,0.9566025601792292
SV1_C25303,C25303,0.8437776135418964
SV1_C26475,C26475,0.8692199739453367
SV1_C46221,C46221,0.8558829848398248
SV1_C58915,C58915,0.8806220906969551
SV1_C61223,C61223,0.8459596766973624
SV1_C04241,C04241,0.9386613366270594
SV1_C71426,C71426,0.8397535638703398
SV1_C50405,C50405,0.8862796204431227
SV1_C02413,C02413,0.9870245375927661
SV1_C62514,C62514,0.8908415091064352
SV1_C42603,C42603,0.9729933273839554
SV1_C34218,C34218,0.9414010399678449
SV1_C11475,C11475,0.8888915565832799
SV1_C81701,C81701,0.8789102823019541
SV1_C13314,C13314,0.81022231834445
SV1_C52819,C52819,0.8750998927102702
SV1_C74409,C74409,0.9604048866067737
SV1_C46854,C46854,0.9568170894495588
SV1_C33082,C33082,0.8564354158629607
SV1_C43892,C43892,0.7332441306590175
SV1_C90058,C90058,0.9076016431835072
SV1_C35416,C35416,0.9336761904875397
SV1_C04221,C04221,0.7289938657047844
SV1_C08412,C08412,0.9843385571737292
SV1_C13914,C13914,0.8177384664040538
SV1_C76253,C76253,0.7518240514013714
SV1_C48010,C48010,0.9024805746661985
SV1_C21017,C21017,0.8983884159202429
SV1_C27643,C27643,0.8038302745507286
SV1_C69627,C69627,0.9206914132111464
SV1_C100211,C100211,0.783625398386109
SV1_C09605,C09605,0.9849863296730832
SV1_C67295,C67295,0.8879182887700657
SV1_C00681,C00681,0.9714746429092053
SV1_C28206,C28206,0.759139407071155
SV1_C46308,C46308,0.9842752593647257
SV1_C25211,C25211,0.9873906917766144
SV1_C72675,C72675,0.8090711389473408
SV1_C99098,C99098,0.9148265468657183
SV1_C82221,C82221,0.8654656302745598
SV1_C57680,C57680,0.8807935279161831
SV1_C34821,C34821,0.9817522813336096
SV1_C76204,C76204,0.9299613962075727
SV1_C96623,C96623,0.9976713313108978
SV1_C24022,C24022,0.8565725535535559
SV1_C10312,C10312,0.788434250248624
SV1_C58839,C58839,0.8212320219155723
SV1_C07285,C07285,0.9700283073369005
SV1_C78029,C78029,0.9818120096568389
SV1_C90006,C90006,0.9356304618015497
SV1_C94832,C94832,0.9803265742651973
SV1_C36611,C36611,0.9223578105053758
SV1_C86461,C86461,0.8019439953334787
SV1_C54093,C54093,0.9693844363538244
SV1_C90643,C90643,0.7536225297407911
SV1_C14434,C14434,0.9812750689007562
SV1_C35505,C35505,0.8691319263503468
SV1_C99018,C99018,0.9121475459668794
SV1_C64232,C64232,0.8566385391889377
SV1_C94277,C94277,0.9123724998570907
SV1_C91272,C91272,0.9251221911037928
SV1_C67290,C67290,0.9255792979934203
SV1_C75072,C75072,0.9345827542150508
SV1_C92421,C92421,0.8955932698830186
SV1_C89440,C89440,0.7738610916802342
SV1_C90688,C90688,0.8395725858217852
SV1_C58212,C58212,0.9550764214311311
SV1_C06678,C06678,0.9015450854645656
SV1_C93676,C93676,0.9137372323851155
SV1_C78000,C78000,0.9645525664165334
SV1_C22293,C22293,0.9516603880993016
SV1_C54024,C54024,0.9716324696346654
SV1_C76814,C76814,0.9177642683862356
SV1_C69604,C69604,0.9719287296769572
SV1_C46231,C46231,0.7906774618315235
SV1_C67803,C67803,0.8255832018457364
SV1_C89484,C89484,0.8341148922242486
SV1_C82901,C82901,0.8665287256712334
SV1_C17490,C17490,0.9663510126153603
SV1_C64828,C64828,0.87351410046095
SV1_C19817,C19817,0.8736845815800041
SV1_C91268,C91268,0.8623492220603459
SV1_C63011,C63011,0.8444932574486851
SV1_C74449,C74449,0.7668671749899072
SV1_C47452,C47452,0.9667165783725828
SV1_C64221,C64221,0.9466735370421975
SV1_C25837,C25837,0.9647973250969376
SV1_C100293,C100293,0.8397479843359033
SV1_C55876,C55876,0.7600246846761434
SV1_C30084,C30084,0.9362204769218534
SV1_C95441,C95441,0.9679174406275638
SV1_C99627,C99627,0.9016023383553158
SV1_C70243,C70243,0.8669855483010287
SV1_C21626,C21626,0.8707443132825256
SV1_C01210,C01210,0.9703704345908202
SV1_C28226,C28226,0.8555637356876536
SV1_C13249,C13249,0.7909945021578445
SV1_C19292,C19292,0.7436024763324409
SV1_C43225,C43225,0.8044937148217037
SV1_C64235,C64235,0.8795780794637943
SV1_C65432,C65432,0.8797007495356937
SV1_C52308,C52308,0.796036776047516
SV1_C97215,C97215,0.8984804892352802
SV1_C72069,C72069,0.9303071197925119
SV1_C50415,C50415,0.8869977892141265
SV1_C16200,C16200,0.8835972238682147
SV1_C79918,C79918,0.7818887066332229
SV1_C90669,C90669,0.8239951416160411
SV1_C49269,C49269,0.8015299356021374
SV1_C92462,C92462,0.9490295855810886
SV1_C83409,C83409,0.9481852202537807
SV1_C33101,C33101,0.8543532585148599
SV1_C06676,C06676,0.8321205387387721
SV1_C77405,C77405,0.9251758645177515
SV1_C48100,C48100,0.9504289220386373
SV1_C21635,C21635,0.763778495519238
SV1_C39004,C39004,0.8350857526870679
SV1_C29477,C29477,0.9369824193129934
SV1_C10801,C10801,0.9647797170927382
SV1_C55829,C55829,0.9806784986847453
SV1_C39622,C39622,0.9839522042246375
SV1_C51709,C51709,0.7977860412957971
SV1_C30008,C30008,0.8906448832244435
SV1_C10317,C10317,0.8010175202048
SV1_C68425,C68425,0.8255614335612838
SV1_C58313,C58313,0.8405262587617646
SV1_C56435,C56435,0.8194457875717086
SV1_C51025,C51025,0.9019556853607956
SV1_C34890,C34890,0.9162035553785954
SV1_C84100,C84100,0.8307132657477336
SV1_C09666,C09666,0.875510577886622
SV1_C88881,C88881,0.8702516936068693
SV1_C11480,C11480,0.9325768276699857
SV1_C60008,C60008,0.9427192943516671
SV1_C54689,C54689,0.865366773454139
SV1_C79213,C79213,0.9092765195504235
SV1_C75035,C75035,0.9140119666292807
SV1_C35493,C35493,0.9261056023502836
SV1_C80500,C80500,0.8947523828640317
SV1_C68476,C68476,0.8265342043070878
SV1_C56497,C56497,0.9705334264368665
SV1_C21617,C21617,0.9395629865527146
SV1_C07811,C07811,0.8770503537261354
SV1_C79915,C79915,0.901213211160119
SV1_C75119,C75119,0.9890569130661323
SV1_C48001,C48001,0.80960256255371
SV1_C87013,C87013,0.9156530717220582
SV1_C99637,C99637,0.9915992813411508
SV1_C55207,C55207,0.8281845493305904
SV1_C73239,C73239,0.8849664360007593
SV1_C21632,C21632,0.9788353007565921
SV1_C20483,C20483,0.852726796174951
SV1_C48664,C48664,0.8654075387787167
SV1_C82200,C82200,0.9500301845456928
SV1_C67301,C67301,0.9600359310572215
SV1_C51034,C51034,0.8939711373804318
SV1_C44494,C44494,0.7897178347542807
SV1_C52215,C52215,0.8829999630431545
SV1_C51689,C51689,0.8834483657129947
SV1_C16276,C16276,0.9075950225813931
SV1_C13238,C13238,0.858189342006807
SV1_C86507,C86507,0.8347687785284363
SV1_C35499,C35499,0.8944038984292882
SV1_C27082,C27082,0.9626558076527157
SV1_C72109,C72109,0.9034803312318554
SV1_C97816,C97816,0.9606102121038624
SV1_C66702,C66702,0.9967676361128271
SV1_C46248,C46248,0.9879532348132493
SV1_C12637,C12637,0.9241344240246291
SV1_C43239,C43239,0.7652483294036324
SV1_C45099,C45099,0.8656764562003072
SV1_C75074,C75074,0.9022226372968155
SV1_C77418,C77418,0.9131475922265667
SV1_C53404,C53404,0.8516148640867016
SV1_C43877,C43877,0.8871317608890525
SV1_C83515,C83515,0.8618191524766469
SV1_C82875,C82875,0.941254206798151
SV1_C15640,C15640,0.7950777249426162
SV1_C16838,C16838,0.9872434800744952
SV1_C70826,C70826,0.8615969794211538
SV1_C90106,C90106,0.9743635720363526
SV1_C00696,C00696,0.9200891265665208
SV1_C74437,C74437,0.9338852281182537
SV1_C12102,C12102,0.880472791606723
SV1_C55297,C55297,0.8752065367110098
SV1_C63608,C63608,0.9260079565361722
SV1_C57624,C57624,0.8335325039950586
SV1_C51707,C51707,0.9507099344461609
SV1_C34283,C34283,0.8733904773993608
SV1_C67304,C67304,0.9118553639010475
SV1_C06608,C06608,0.7781526584099395
SV1_C44444,C44444,0.9514559404793357
SV1_C67291,C67291,0.8053250325373638
SV1_C72647,C72647,0.9729393583344078
SV1_C58273,C58273,0.8390209772223925
SV1_C01217,C01217,0.9424487764756696
SV1_C91259,C91259,0.9373244259547249
SV1_C94246,C94246,0.8503141223119972
SV1_C00617,C00617,0.9430359361664085
SV1_C26515,C26515,0.9085637679856428
SV1_C45042,C45042,0.8053392545861144
SV1_C57115,C57115,0.7980531821633536
SV1_C23402,C23402,0.9113765485515252
SV1_C09677,C09677,0.9959609007326845
SV1_C16225,C16225,0.8832370517845434
SV1_C11488,C11488,0.8127212342157197
SV1_C85913,C85913,0.8764358401145981
SV1_C10832,C10832,0.861553369054471
SV1_C86411,C86411,0.8461972232570424
SV1_C13917,C13917,0.8301160498509779
SV1_C45635,C45635,0.7840288220205927
SV1_C09086,C09086,0.9257141832372541
SV1_C91845,C91845,0.7725662966566963
SV1_C13821,C13821,0.8100691572110953
SV1_C72661,C72661,0.7568739528617228
SV1_C63078,C63078,0.91910328467475
SV1_C57703,C57703,0.8673494306760249
SV1_C10294,C10294,0.802763001597802
SV1_C10802,C10802,0.9078902307863147
SV1_C23503,C23503,0.8394637399051706
SV1_C66713,C66713,0.8909760839091737
SV1_C55822,C55822,0.795409871270427
SV1_C16829,C16829,0.8790465618118076
SV1_C27716,C27716,0.7918127022276681
SV1_C72717,C72717,0.8371682917938751
SV1_C88286,C88286,0.8582994019750786
SV1_C47488,C47488,0.8167326182897318
SV1_C32489,C32489,0.8367749413290154
SV1_C82223,C82223,0.9582582454712879
SV1_C63641,C63641,0.889221528793214
SV1_C75687,C75687,0.9203050802798765
SV1_C45644,C45644,0.9683068554494814
SV1_C06004,C06004,0.7573959733425525
SV1_C39008,C39008,0.8513380222151162
SV1_C28280,C28280,0.7854550880585757
SV1_C21644,C21644,0.8465602911806356
SV1_C65439,C65439,0.829713682004272
SV1_C91229,C91229,0.8768152563461615
SV1_C13909,C13909,0.8024070979751831
SV1_C91868,C91868,0.9064872733608006
SV1_C43227,C43227,0.7792565393182496
SV1_C13816,C13816,0.9589933372769589
SV1_C86440,C86440,0.8131372224775271
SV1_C45060,C45060,0.9829145225296707
SV1_C64802,C64802,0.9255254085294585
SV1_C73294,C73294,0.9296070222755518
SV1_C73873,C73873,0.9531836506987154
SV1_C49811,C49811,0.8519605528594845
SV1_C78659,C78659,0.7571014449436161
SV1_C07818,C07818,0.9317508007409319
SV1_C63075,C63075,0.868292388710914
SV1_C96032,C96032,0.9702247082936651
SV1_C10209,C10209,0.9797545727660351
SV1_C07800,C07800,0.9991748903802753
SV1_C04893,C04893,0.8896872881117217
SV1_C34807,C34807,0.8020440169842553
SV1_C26476,C26476,0.8710486496731118
SV1_C58207,C58207,0.9422403023284155
SV1_C47468,C47468,0.8525323649018793
SV1_C28275,C28275,0.8024402675587915
SV1_C16878,C16878,0.8271251630930636
SV1_C09017,C09017,0.9193888562225482
SV1_C48019,C48019,0.9143340304774394
SV1_C96022,C96022,0.9628412152730318
SV1_C20436,C20436,0.8709819355183398
SV1_C49229,C49229,0.7843588968529702
SV1_C58272,C58272,0.8320070435848684
SV1_C92503,C92503,0.742357142097884
SV1_C84099,C84099,0.8642459738076255
SV1_C52891,C52891,0.9225556350278378
SV1_C28801,C28801,0.9108489370511965
SV1_C88314,C88314,0.9260650974588143
SV1_C06012,C06012,0.7817476108477944
SV1_C76845,C76845,0.8201065305608177
SV1_C53441,C53441,0.8467325551436472
SV1_C62446,C62446,0.8659869926733438
SV1_C02421,C02421,0.7566039405442033
SV1_C76266,C76266,0.821172381273761
SV1_C76884,C76884,0.855024838425629
SV1_C10242,C10242,0.8795420431019936
SV1_C94907,C94907,0.9928544871188363
SV1_C96626,C96626,0.9226310585302779
SV1_C67805,C67805,0.9965411424211194
SV1_C24085,C24085,0.8796029159292589
SV1_C31289,C31289,0.822388018617759
SV1_C64223,C64223,0.9284713728833561
SV1_C30613,C30613,0.9140313826141718
SV1_C20490,C20490,0.8404989203180234
SV1_C71499,C71499,0.8022472950103001
SV1_C51072,C51072,0.9987789826092823
SV1_C21601,C21601,0.8567346433923176
SV1_C87689,C87689,0.9042453336590138
SV1_C12710,C12710,0.797623311248617
SV1_C11402,C11402,0.8890747608728075
SV1_C69073,C69073,0.8807495912228449
SV1_C27107,C27107,0.8058524726217942
SV1_C65413,C65413,0.9471745208614285
SV1_C29418,C29418,0.9240287412661603
SV1_C29402,C29402,0.927027111842256
SV1_C69716,C69716,0.9851531402166063
SV1_C91242,C91242,0.7784116141364139
SV1_C61240,C61240,0.7599473961062
SV1_C99111,C99111,0.8912583923022527
SV1_C68434,C68434,0.8499478348238293
SV1_C45098,C45098,0.9728083004268605
SV1_C54610,C54610,0.8811012677936116
SV1_C89514,C89514,0.929242010545324
SV1_C21079,C21079,0.8557207876166557
SV1_C67292,C67292,0.747667189406804
SV1_C77447,C77447,0.9491753308783341
SV1_C61885,C61885,0.8963561883010503
SV1_C96714,C96714,0.8990115459626076
SV1_C69097,C69097,0.942905385418406
SV1_C52888,C52888,0.8832763868685453
SV1_C94233,C94233,0.9896800975122304
SV1_C81005,C81005,0.9373033499437836
SV1_C77511,C77511,0.8818383478318255
SV1_C52216,C52216,0.857725875065369
SV1_C37802,C37802,0.9005227490029896
SV1_C99084,C99084,0.9541798580659826
SV1_C67212,C67212,0.9596150183961447
SV1_C76281,C76281,0.9062541601813042
SV1_C98420,C98420,0.8402431208202822
SV1_C57700,C57700,0.8727312513856076
SV1_C78051,C78051,0.7311414255848534
SV1_C06601,C06601,0.8169662038238897
SV1_C22820,C22820,0.9068151710336386
SV1_C57000,C57000,0.9966523194688117
SV1_C56499,C56499,0.8356376387210384
SV1_C27017,C27017,0.9552275726010188
SV1_C10318,C10318,0.9020515768371324
SV1_C56406,C56406,0.9783198061675776
SV1_C35495,C35495,0.8689638107777772
SV1_C07807,C07807,0.8787684165775175
SV1_C42002,C42002,0.9488854585633413
SV1_C63034,C63034,0.7653342663134929
SV1_C85215,C85215,0.7853327774865789
SV1_C55809,C55809,0.9718945093139023
SV1_C92500,C92500,0.861394302417524
SV1_C78058,C78058,0.8205079459306468
SV1_C54036,C54036,0.9461251737558877
SV1_C76837,C76837,0.9488858165908673
SV1_C51011,C51011,0.8796579222243082
SV1_C90019,C90019,0.9310031480564811
SV1_C18005,C18005,0.8944442276264704
SV1_C73211,C73211,0.8621076874290781
SV1_C88910,C88910,0.9690494440835218
SV1_C12640,C12640,0.8171188418771247
SV1_C73203,C73203,0.863689308330679
SV1_C08519,C08519,0.9755855482945931
SV1_C97907,C97907,0.9598269808492003
SV1_C57079,C57079,0.8714122796160142
SV1_C28220,C28220,0.8580887097455626
SV1_C21044,C21044,0.8444053305625631
SV1_C67210,C67210,0.9519533259295856
SV1_C25820,C25820,0.9334310742767212
SV1_C61311,C61311,0.889813539691717
SV1_C61816,C61816,0.9041606172159167
SV1_C49914,C49914,0.8790739468283926
SV1_C64819,C64819,0.9173931717198431
SV1_C95404,C95404,0.9884239488015188
SV1_C90637,C90637,0.8111439957382027
SV1_C24041,C24041,0.899200478222346
SV1_C34905,C34905,0.853074054849734
SV1_C10276,C10276,0.9775995533475376
SV1_C39600,C39600,0.8244201276097822
SV1_C00111,C00111,0.8214211051329048
SV1_C28811,C28811,0.8926491625823627
SV1_C87650,C87650,0.9301118864767486
SV1_C34897,C34897,0.8539446470354445
SV1_C24034,C24034,0.8940275428117533
SV1_C95492,C95492,0.869980516459035
SV1_C10306,C10306,0.9162303019210811
SV1_C06600,C06600,0.7657379645725753
SV1_C51101,C51101,0.8121442510254591
SV1_C82315,C82315,0.8918759608336543
SV1_C76828,C76828,0.967856872025522
SV1_C14427,C14427,0.8413847264439132
SV1_C70210,C70210,0.9117652505947452
SV1_C24103,C24103,0.841843999497232
SV1_C68492,C68492,0.7640499207457319
SV1_C92486,C92486,0.9728412634966712
SV1_C75093,C75093,0.8997711526362354
SV1_C91208,C91208,0.9148490091252824
SV1_C06001,C06001,0.8038096724613979
SV1_C54019,C54019,0.8646021340897737
SV1_C63090,C63090,0.8923222520640741
SV1_C100295,C100295,0.9368264604216938
SV1_C58885,C58885,0.9361409697582372
SV1_C87060,C87060,0.7369282232644201
SV1_C01874,C01874,0.8638166895401583
SV1_C07878,C07878,0.9483116164644569
SV1_C52291,C52291,0.9104982108526927
SV1_C00077,C00077,0.9583692314665329
SV1_C66646,C66646,0.9539976368632752
SV1_C12648,C12648,0.7189964705219725
SV1_C49917,C49917,0.8638906150636259
SV1_C26484,C26484,0.8864348706302558
SV1_C09101,C09101,0.8453514359156576
SV1_C70304,C70304,0.7909952338651399
SV1_C68500,C68500,0.9082973365506222
SV1_C50421,C50421,0.8078597229278067
SV1_C76888,C76888,0.8014336982469613
SV1_C79272,C79272,0.9830595240348613
SV1_C89482,C89482,0.9084347420996086
SV1_C05506,C05506,0.8615139080364037
SV1_C21703,C21703,0.8276503921955407
SV1_C51005,C51005,0.8850706476949436
SV1_C35477,C35477,0.916642801073154
SV1_C11438,C11438,0.8569952995512398
SV1_C63647,C63647,0.871107569678428
SV1_C24674,C24674,0.9171332471646113
SV1_C61811,C61811,0.9154085057334789
SV1_C04882,C04882,0.8594978704333072
SV1_C13208,C13208,0.9914107326518786
SV1_C00607,C00607,0.819910722764269
SV1_C04897,C04897,0.8537742056262366
SV1_C67201,C67201,0.9931939355745425
SV1_C25835,C25835,0.8315146962252967
SV1_C12685,C12685,0.9561261530824073
SV1_C66697,C66697,0.9597024351316951
SV1_C72010,C72010,0.9152790146336381
SV1_C07258,C07258,0.7760342258331895
SV1_C46301,C46301,0.9970438922453378
SV1_C08495,C08495,0.8815451299708907
SV1_C62510,C62510,0.9704479972062588
SV1_C69698,C69698,0.9558530406640247
SV1_C19804,C19804,0.8836684446688577
SV1_C03112,C03112,0.916798680280265
SV1_C99674,C99674,0.854830094448451
SV1_C99009,C99009,0.976051999176141
SV1_C71436,C71436,0.8631074490063974
SV1_C43259,C43259,0.7974574987679174
SV1_C27008,C27008,0.8996280927462422
SV1_C86486,C86486,0.824798345457049
SV1_C54081,C54081,0.9483655686189087
SV1_C54713,C54713,0.8113602077563733
SV1_C28879,C28879,0.9635418200680094
SV1_C48615,C48615,0.9099412078049748
SV1_C12026,C12026,0.8846880627719875
SV1_C46838,C46838,0.7556419933578762
SV1_C79910,C79910,0.8692253471273733
SV1_C13825,C13825,0.8992811923107686
SV1_C75681,C75681,0.9294266691406584
SV1_C100226,C100226,0.9584532234635995
SV1_C68410,C68410,0.9606234338380584
SV1_C77472,C77472,0.9429983132591186
SV1_C05509,C05509,0.8175875090551762
SV1_C34878,C34878,0.8278093353226325
SV1_C12005,C12005,0.9079465943592655
SV1_C07913,C07913,0.7852694821266061
SV1_C78606,C78606,0.9349054168681032
SV1_C02404,C02404,0.9860268728402296
SV1_C59421,C59421,0.859874999643355
SV1_C32508,C32508,0.8155324470812665
SV1_C11481,C11481,0.9466206801920618
SV1_C45061,C45061,0.9911592306365169
SV1_C52289,C52289,0.8793740836005844
SV1_C19806,C19806,0.8680185987975239
SV1_C95405,C95405,0.9836776715258164
SV1_C33004,C33004,0.8508926144792903
SV1_C55319,C55319,0.8894796755372584
SV1_C86406,C86406,0.8893840137934559
SV1_C22830,C22830,0.8849965451171874
SV1_C62419,C62419,0.892468583321518
SV1_C12019,C12019,0.7989163145139425
SV1_C49886,C49886,0.8635055661208321
SV1_C55844,C55844,0.8025296618595168
SV1_C84017,C84017,0.8951679388097906
SV1_C28290,C28290,0.8355004250523527
SV1_C61277,C61277,0.918366268608118
SV1_C18006,C18006,0.9192418650406041
SV1_C44415,C44415,0.9870293959993321
SV1_C25915,C25915,0.9194427752262446
SV1_C10224,C10224,0.8350408991989402
SV1_C33002,C33002,0.8907197908158805
SV1_C97802,C97802,0.9640478829520011
SV1_C81010,C81010,0.8956410583243417
SV1_C99710,C99710,0.9797276636147464
SV1_C21080,C21080,0.9539769409066535
SV1_C85316,C85316,0.9395337923378086
SV1_C70241,C70241,0.8121376975958705
SV1_C05502,C05502,0.8631478547805308
SV1_C80507,C80507,0.9213145611135954
SV1_C57080,C57080,0.8017624787608008
SV1_C72005,C72005,0.9677775920274478
SV1_C17401,C17401,0.9020895913717197
SV1_C86416,C86416,0.8985612133590667
SV1_C61244,C61244,0.8446067027795298
SV1_C53487,C53487,0.9629923629179541
SV1_C02511,C02511,0.8178760028568817
SV1_C76294,C76294,0.8985560952132485
SV1_C07242,C07242,0.9116106624159709
SV1_C12105,C12105,0.7946175408277113
SV1_C00041,C00041,0.9427242035539654
SV1_C17434,C17434,0.951331138507043
SV1_C27083,C27083,0.8783692512185652
SV1_C09099,C09099,0.9977203755869644
SV1_C66000,C66000,0.9757184696440093
SV1_C90659,C90659,0.9674496378323694
SV1_C66632,C66632,0.8712380805867813
SV1_C08514,C08514,0.8523857256704558
SV1_C71503,C71503,0.8016613589680902
SV1_C18682,C18682,0.7955344544822085
SV1_C37201,C37201,0.8305608785690252
SV1_C05496,C05496,0.8068606137364794
SV1_C27694,C27694,0.8487752406933885
SV1_C91906,C91906,0.9057471273612877
SV1_C01800,C01800,0.988451002665653
SV1_C21074,C21074,0.9228492548726809
SV1_C59472,C59472,0.8212299704505356
SV1_C88226,C88226,0.8733035518982845
SV1_C61291,C61291,0.8304841441994847
SV1_C81113,C81113,0.8842106433662269
SV1_C57030,C57030,0.8353079645383098
SV1_C12653,C12653,0.7478165559719874
SV1_C47455,C47455,0.7790571606268551
SV1_C15008,C15008,0.8946958582940169
SV1_C00107,C00107,0.8082761612797188
SV1_C87605,C87605,0.8921192188348188
SV1_C09664,C09664,0.8985062602896955
SV1_C58312,C58312,0.8482846456823927
SV1_C01303,C01303,0.8001215148469675
SV1_C22846,C22846,0.8983334751275538
SV1_C34293,C34293,0.8339579689732208
SV1_C33011,C33011,0.8594959995633652
SV1_C48653,C48653,0.9151187897206556
SV1_C10896,C10896,0.8278289078151376
SV1_C43858,C43858,0.9649570555954371
SV1_C07202,C07202,0.9353881179949696
SV1_C12715,C12715,0.8466250949994406
SV1_C01809,C01809,0.9976258743210262
SV1_C25897,C25897,0.8777130688968778
SV1_C25829,C25829,0.9725983689041467
SV1_C95503,C95503,0.9860592388544743
SV1_C20488,C20488,0.8905386949235352
SV1_C21047,C21047,0.8053340285431333
SV1_C65434,C65434,0.9131583114932801
SV1_C18603,C18603,0.8635740321396239
SV1_C87100,C87100,0.9892249856879153
SV1_C32498,C32498,0.8858656808364178
SV1_C84012,C84012,0.9382577480644323
SV1_C76233,C76233,0.9370985551425607
SV1_C04828,C04828,0.9216585647908895
SV1_C72697,C72697,0.9187205338040517
SV1_C25309,C25309,0.9435845372660544
SV1_C85894,C85894,0.7350802602744685
SV1_C87042,C87042,0.8784376033046506
SV1_C48009,C48009,0.8063524024785291
SV1_C99621,C99621,0.8052885662874948
SV1_C90602,C90602,0.935974214792523
SV1_C90078,C90078,0.9378291450430202
SV1_C46319,C46319,0.888358701293923
SV1_C87075,C87075,0.8180054611717086
SV1_C01207,C01207,0.8182304104245792
SV1_C01288,C01288,0.9658346674757554
SV1_C43808,C43808,0.8635731984986215
SV1_C47476,C47476,0.9202748360834385
SV1_C75082,C75082,0.9022023174968258
SV1_C46261,C46261,0.9890946261458526
SV1_C70229,C70229,0.9071783065256875
SV1_C09690,C09690,0.8591210103461676
SV1_C28295,C28295,0.7895406140192611
SV1_C79906,C79906,0.8641207260202385
SV1_C86402,C86402,0.8841995413701639
SV1_C15037,C15037,0.9287421404626308
SV1_C79820,C79820,0.8328811200475236
SV1_C75698,C75698,0.889107014788884
SV1_C93048,C93048,0.9242629380781712
SV1_C87025,C87025,0.8556096953164809
SV1_C11519,C11519,0.9359077502497122
SV1_C12683,C12683,0.8680502428004303
SV1_C58827,C58827,0.8393758431013421
SV1_C97207,C97207,0.8466413017206817
SV1_C12699,C12699,0.9155754709954359
SV1_C49830,C49830,0.8350942911818062
SV1_C24718,C24718,0.9208581717669205
SV1_C31273,C31273,0.971501097555661
SV1_C91313,C91313,0.928997099472406
SV1_C50443,C50443,0.9173894681324111
SV1_C51640,C51640,0.8045853108155328
SV1_C55212,C55212,0.9206362308077128
SV1_C06017,C06017,0.8514145028348098
SV1_C27023,C27023,0.7934660282659591
SV1_C01221,C01221,0.7627324349477823
SV1_C64296,C64296,0.8910571391837757
SV1_C07235,C07235,0.8862384963109124
SV1_C42607,C42607,0.9733754282131253
SV1_C04230,C04230,0.8592265646115502
SV1_C74501,C74501,0.9262894126441782
SV1_C96600,C96600,0.9947897070609141
SV1_C92406,C92406,0.9043066436200813
SV1_C89472,C89472,0.8597681804887263
SV1_C52829,C52829,0.9455865524475251
SV1_C30713,C30713,0.9256087485207124
SV1_C78028,C78028,0.9760726608813927
SV1_C36623,C36623,0.9020383449227503
SV1_C48681,C48681,0.9460084595853887
SV1_C33680,C33680,0.968625634289802
SV1_C73819,C73819,0.8330465327200165
SV1_C49200,C49200,0.8751788526398588
SV1_C33719,C33719,0.960317248840952
SV1_C64827,C64827,0.8507835808790212
SV1_C50430,C50430,0.8889866070928354
SV1_C47492,C47492,0.7590603144916014
SV1_C09116,C09116,0.801069493436249
SV1_C99646,C99646,0.9866386888547457
SV1_C90087,C90087,0.8440417050485052
SV1_C12104,C12104,0.7887974684741983
SV1_C60012,C60012,0.947170455129305
SV1_C26400,C26400,0.9075251586870658
SV1_C86415,C86415,0.8674629954785431
SV1_C76919,C76919,0.9321287263003641
SV1_C06043,C06043,0.8231715614864182
SV1_C76871,C76871,0.8686879253508989
SV1_C69094,C69094,0.8663874962909125
SV1_C16227,C16227,0.8195041610499343
SV1_C62493,C62493,0.7989005532712594
SV1_C24072,C24072,0.808217496099856
SV1_C59425,C59425,0.8310581429169895
SV1_C37805,C37805,0.8381958098198145
SV1_C58817,C58817,0.9618773400241533
SV1_C53415,C53415,0.8774502113820627
SV1_C98477,C98477,0.8984889266699513
SV1_C10281,C10281,0.9898566104458769
SV1_C46820,C46820,0.8230732758236828
SV1_C57608,C57608,0.952302803214067
SV1_C49292,C49292,0.8685045277038895
SV1_C30110,C30110,0.8271607099434923
SV1_C97901,C97901,0.826976859192846
SV1_C94206,C94206,0.9413876570547872
SV1_C60685,C60685,0.9160737447885019
SV1_C90610,C90610,0.9529591326443203
SV1_C09088,C09088,0.8629993134564959
SV1_C49818,C49818,0.9190054063283363
SV1_C50480,C50480,0.9987409150077674
SV1_C54109,C54109,0.794210289479675
SV1_C52814,C52814,0.9105439434294853
SV1_C12713,C12713,0.7795453074043993
SV1_C07859,C07859,0.9042797800193407
SV1_C13203,C13203,0.7717652693260726
SV1_C72605,C72605,0.9675461639761987
SV1_C43232,C43232,0.8022601088029351
SV1_C31293,C31293,0.7933179724655444
SV1_C12082,C12082,0.845117304758404
SV1_C67227,C67227,0.8893555622859128
SV1_C24040,C24040,0.9117418001245755
SV1_C07905,C07905,0.8442850985347279
SV1_C93675,C93675,0.9000519853524962
SV1_C20404,C20404,0.9064030273425765
SV1_C54110,C54110,0.8913238185999224
SV1_C60618,C60618,0.9753832716732974
SV1_C10864,C10864,0.9044707830732168
SV1_C13289,C13289,0.9141293699193576
SV1_C21715,C21715,0.8976900763268423
SV1_C50441,C50441,0.773506169567386
SV1_C43286,C43286,0.872293930449215
SV1_C82910,C82910,0.842318663081094
SV1_C84706,C84706,0.8604441141962395
SV1_C49909,C49909,0.8500369166957134
SV1_C46300,C46300,0.9912205725011614
SV1_C85222,C85222,0.8949386040123922
SV1_C100280,C100280,0.9220340216287091
SV1_C59485,C59485,0.9324789999766354
SV1_C11453,C11453,0.7651910235276577
SV1_C99002,C99002,0.9460719498886898
SV1_C96609,C96609,0.9899399644308545
SV1_C89474,C89474,0.9114361178105316
SV1_C46906,C46906,0.9677513561285094
SV1_C73302,C73302,0.8885705829703764
SV1_C69647,C69647,0.8364269116082146
SV1_C28814,C28814,0.9388385624339636
SV1_C47487,C47487,0.8895156547442326
SV1_C26478,C26478,0.9745606985123291
SV1_C96678,C96678,0.8482137784974026
SV1_C18007,C18007,0.8778155900025786
SV1_C53502,C53502,0.8561579750237631
SV1_C10853,C10853,0.7822927221736872
SV1_C21072,C21072,0.9586007414020077
SV1_C86407,C86407,0.8374055094730666
SV1_C62481,C62481,0.909392815807679
SV1_C99626,C99626,0.9663981009146633
SV1_C76834,C76834,0.9280161076923704
SV1_C33001,C33001,0.870945615185888
SV1_C96097,C96097,0.8214637138553238
SV1_C35518,C35518,0.9362070854338608
SV1_C56482,C56482,0.8083617619050709
SV1_C49212,C49212,0.8676106203499802
SV1_C46801,C46801,0.8416314833847068
SV1_C61272,C61272,0.8346768007801496
SV1_C88254,C88254,0.9280412975197667
SV1_C01301,C01301,0.9107026190384182
SV1_C75056,C75056,0.7589775416054035
SV1_C52224,C52224,0.9292946570609952
SV1_C02499,C02499,0.8034947684698698
SV1_C34881,C34881,0.920661443998315
SV1_C24712,C24712,0.9294351679258505
SV1_C33022,C33022,0.911158510131998
SV1_C21629,C21629,0.9638431973566276
SV1_C26437,C26437,0.9339325943899202
SV1_C98447,C98447,0.9061585065763301
SV1_C72115,C72115,0.9306613423965582
SV1_C66013,C66013,0.9554833067979456
SV1_C48612,C48612,0.8264652667786502
SV1_C88915,C88915,0.8471940840447996
SV1_C97312,C97312,0.8237912802042769
SV1_C18088,C18088,0.8066967102021443
SV1_C40221,C40221,0.992735297093084
SV1_C86459,C86459,0.9987023961137967
SV1_C44427,C44427,0.7837209607255146
SV1_C12089,C12089,0.8668092199567649
SV1_C57045,C57045,0.7800215387995783
SV1_C95447,C95447,0.8115903848376399
SV1_C84021,C84021,0.8312600577607269
SV1_C05408,C05408,0.8436027679427242
SV1_C46900,C46900,0.9844938650158439
SV1_C77416,C77416,0.885098428448905
SV1_C72117,C72117,0.8396646231304588
SV1_C77454,C77454,0.7925306749315734
SV1_C19282,C19282,0.787461677377479
SV1_C92461,C92461,0.9792059798044018
SV1_C88895,C88895,0.939140331774865
SV1_C03092,C03092,0.8865352092463898
SV1_C79899,C79899,0.9138189918260642
SV1_C67808,C67808,0.985517325101161
SV1_C46891,C46891,0.8153133105885332
SV1_C39617,C39617,0.9529233908039819
SV1_C49312,C49312,0.8186081163117198
SV1_C54680,C54680,0.9270950072300169
SV1_C76306,C76306,0.8837131535622037
SV1_C48609,C48609,0.825474100555044
SV1_C63086,C63086,0.8999460608932806
SV1_C79823,C79823,0.961569979708478
SV1_C09699,C09699,0.9993049829616985
SV1_C58210,C58210,0.9939233159963607
SV1_C10918,C10918,0.8878370488722491
SV1_C52809,C52809,0.8814831622304176
SV1_C13801,C13801,0.9931412661138114
SV1_C24691,C24691,0.9181923936979731
SV1_C45117,C45117,0.7818474724541253
SV1_C55295,C55295,0.9163577615835986
SV1_C88235,C88235,0.8457277524876544
SV1_C53491,C53491,0.9334833113990568
SV1_C28244,C28244,0.9353879658150183
SV1_C87679,C87679,0.8140465940321817
SV1_C53437,C53437,0.9332943547753446
SV1_C07865,C07865,0.8671591471003524
SV1_C81718,C81718,0.7830503080933972
SV1_C85902,C85902,0.8393652241261566
SV1_C96112,C96112,0.7739439085111739
SV1_C93107,C93107,0.7397196353792792
SV1_C85298,C85298,0.8447485559010064
SV1_C93685,C93685,0.8766718154822486
SV1_C27696,C27696,0.9828748555378984
SV1_C04318,C04318,0.862506539222646
SV1_C44446,C44446,0.8877082746909775
SV1_C20495,C20495,0.8386636533219459
SV1_C57717,C57717,0.9201092565471891
SV1_C79880,C79880,0.9774765170549065
SV1_C78036,C78036,0.9470620381505724
SV1_C45624,C45624,0.8011015273554118
SV1_C25817,C25817,0.992523143327593
SV1_C72657,C72657,0.7681198243488958
SV1_C92453,C92453,0.935282833652987
SV1_C55228,C55228,0.9909696612463051
SV1_C62416,C62416,0.8790837270481541
SV1_C46220,C46220,0.8347522248823964
SV1_C30705,C30705,0.8295270304145665
SV1_C71427,C71427,0.9113310156697776
SV1_C48040,C48040,0.9230256767497553
SV1_C29493,C29493,0.7738051318155414
SV1_C87071,C87071,0.7784259399478132
SV1_C92485,C92485,0.9433234907678879
SV1_C03076,C03076,0.9736124097872111
SV1_C90676,C90676,0.902263991810707
SV1_C78046,C78046,0.9193558717141154
SV1_C45002,C45002,0.9445299667947985
SV1_C56424,C56424,0.9294036709120481
SV1_C18001,C18001,0.8915711127602346
SV1_C85315,C85315,0.8695521687401326
SV1_C96091,C96091,0.8889294984865366
SV1_C61889,C61889,0.9064950080885779
SV1_C14445,C14445,0.9458560115316991
SV1_C34805,C34805,0.8350184038500719
SV1_C43847,C43847,0.8659609080464816
SV1_C05472,C05472,0.802368118865251
SV1_C93045,C93045,0.7904597874723781
SV1_C04904,C04904,0.8633942103152628
SV1_C49311,C49311,0.8668924228443293
SV1_C22285,C22285,0.8239611455442154
SV1_C75012,C75012,0.9499281482417069
SV1_C97296,C97296,0.8161442338069497
SV1_C73824,C73824,0.873730527489268
SV1_C10271,C10271,0.9072477096359686
SV1_C12076,C12076,0.9273907924383754
SV1_C86513,C86513,0.9392847832626913
SV1_C85278,C85278,0.9479990626654972
SV1_C82311,C82311,0.9185788121889599
SV1_C83481,C83481,0.9207905696948807
SV1_C13225,C13225,0.9391331223148572
SV1_C28316,C28316,0.801171695610805
SV1_C64908,C64908,0.877539379348107
SV1_C34311,C34311,0.8519734560320018
SV1_C33700,C33700,0.812138654540076
SV1_C71492,C71492,0.9200823866111274
SV1_C61306,C61306,0.9940786355608444
SV1_C30718,C30718,0.948943723387509
SV1_C13283,C13283,0.8030854488786495
SV1_C94910,C94910,0.9311930433926845
SV1_C97829,C97829,0.9206134714578059
SV1_C97291,C97291,0.870602159331025
SV1_C52281,C52281,0.9835122153119246
SV1_C35414,C35414,0.9082470168727785
SV1_C93691,C93691,0.8976966199770356
SV1_C00079,C00079,0.7827629777189321
SV1_C22221,C22221,0.8887785494901209
SV1_C01230,C01230,0.8798292563635485
SV1_C26412,C26412,0.9693102464783706
SV1_C02405,C02405,0.9934091672632606
SV1_C84716,C84716,0.8996302813911685
SV1_C81700,C81700,0.8929962346241819
SV1_C30687,C30687,0.9966262959587082
SV1_C34312,C34312,0.803062168205652
SV1_C16890,C16890,0.9484484849393454
SV1_C24026,C24026,0.8907350499154865
SV1_C87117,C87117,0.7862492806686132
SV1_C73277,C73277,0.9546486089696685
SV1_C12611,C12611,0.7894121843898013
SV1_C93607,C93607,0.8532967241813838
SV1_C100221,C100221,0.7767957873669465
SV1_C22203,C22203,0.9809539103950554
SV1_C35511,C35511,0.8716065698037687
SV1_C43220,C43220,0.8528071206932283
SV1_C72719,C72719,0.9995926213662805
SV1_C07831,C07831,0.9071167576678406
SV1_C03088,C03088,0.9630198669566018
SV1_C24678,C24678,0.9229315579334435
SV1_C70206,C70206,0.9059303720296819
SV1_C81020,C81020,0.8302804767942659
SV1_C81706,C81706,0.8563452360334705
SV1_C32419,C32419,0.8686385352067488
SV1_C76872,C76872,0.880228586675554
SV1_C10908,C10908,0.8195283226824288
SV1_C21022,C21022,0.9591964834523472
SV1_C45647,C45647,0.8526218450112624
SV1_C46201,C46201,0.848747364362633
SV1_C65426,C65426,0.8935929999622141
SV1_C30678,C30678,0.8572907063726942
SV1_C15622,C15622,0.871674820740563
SV1_C24690,C24690,0.9011778554167311
SV1_C31888,C31888,0.8483917224063358
SV1_C01912,C01912,0.9202196589989983
SV1_C66689,C66689,0.8480087068490474
SV1_C59441,C59441,0.7460516458129325
SV1_C02406,C02406,0.9645247827502554
SV1_C94886,C94886,0.8274992189490601
SV1_C35519,C35519,0.9922584059761747
SV1_C66691,C66691,0.8005222713147032
SV1_C45113,C45113,0.9504448357965449
SV1_C90680,C90680,0.8991277450923392
SV1_C44492,C44492,0.7366003059380306
SV1_C03108,C03108,0.9430629020093626
SV1_C48685,C48685,0.9253986036524929
SV1_C49817,C49817,0.8528181738311935
SV1_C13919,C13919,0.8826489479990304
SV1_C64907,C64907,0.8897027603073441
SV1_C48025,C48025,0.7531515835651926
SV1_C24017,C24017,0.9751975725939855
SV1_C01827,C01827,0.97497475260483
SV1_C99687,C99687,0.9795175807740644
SV1_C86514,C86514,0.9148956674231676
SV1_C84004,C84004,0.9484103663673854
SV1_C49265,C49265,0.9397678108589158
SV1_C52230,C52230,0.9015168546275106
SV1_C45112,C45112,0.9443561429497799
SV1_C97819,C97819,0.9450220499267853
SV1_C96700,C96700,0.8211566231318455
SV1_C79293,C79293,0.7320390066548841
SV1_C85303,C85303,0.9417564801239404
SV1_C04296,C04296,0.8866866432647843
SV1_C15611,C15611,0.8989802634922193
SV1_C55835,C55835,0.902637091374408
SV1_C32477,C32477,0.9852016823643039
SV1_C96697,C96697,0.8202663108067184
SV1_C11418,C11418,0.8857860868555233
SV1_C89422,C89422,0.9201947636066586
SV1_C91213,C91213,0.9625772867275991
SV1_C31914,C31914,0.8644871760685303
SV1_C90018,C90018,0.9883225343060306
SV1_C67802,C67802,0.9587950450198452
SV1_C25313,C25313,0.967368257717826
SV1_C14400,C14400,0.88917043793614
SV1_C78018,C78018,0.8804426369547839
SV1_C87061,C87061,0.800433661224756
SV1_C54007,C54007,0.8582470182616339
SV1_C27104,C27104,0.9501329479133407
SV1_C43908,C43908,0.9850258093103571
SV1_C26494,C26494,0.9276216985863917
SV1_C20401,C20401,0.9099956971203137
SV1_C55299,C55299,0.8714844167286961
SV1_C94304,C94304,0.8196872047224104
SV1_C06104,C06104,0.8528809895602608
SV1_C48112,C48112,0.9036992728410216
SV1_C90709,C90709,0.9860690777659571
SV1_C43903,C43903,0.8625090547346598
SV1_C14429,C14429,0.9092585205186746
SV1_C06708,C06708,0.8700047441672124
SV1_C13882,C13882,0.9120438906759265
SV1_C03611,C03611,0.7979421771705532
SV1_C46810,C46810,0.9341180807341013
SV1_C25822,C25822,0.8736851318149509
SV1_C07849,C07849,0.7949338937189543
SV1_C12700,C12700,0.7278633029019952
SV1_C49902,C49902,0.7988443848809744
SV1_C55803,C55803,0.8634065712230343
SV1_C12030,C12030,0.8839579147819235
SV1_C05474,C05474,0.9095266384213047
SV1_C64230,C64230,0.7685451966707558
SV1_C92493,C92493,0.8333892025125412
SV1_C19289,C19289,0.8826394303870625
SV1_C33072,C33072,0.994552457354693
SV1_C56420,C56420,0.836760816087508
SV1_C88916,C88916,0.7823458658298522
SV1_C15643,C15643,0.8191437930531265
SV1_C01284,C01284,0.9991285963731246
SV1_C61904,C61904,0.9154530480486905
SV1_C07220,C07220,0.9525861209921035
SV1_C72116,C72116,0.8298012913283367
SV1_C99688,C99688,0.9401496369764115
SV1_C76830,C76830,0.9301074425573845
SV1_C93114,C93114,0.8258378843169295
SV1_C92439,C92439,0.7415504169921796
SV1_C76819,C76819,0.8545685470540478
SV1_C69607,C69607,0.9339908446152356
SV1_C23425,C23425,0.9810732272711006
SV1_C90012,C90012,0.9297940065859388
SV1_C46283,C46283,0.8813353314607919
SV1_C96605,C96605,0.9904316911440835
SV1_C11489,C11489,0.823157324632024
SV1_C52843,C52843,0.9323177368326679
SV1_C92427,C92427,0.7696476279749256
SV1_C15627,C15627,0.8283794966967258
SV1_C08476,C08476,0.9889018056710693
SV1_C32405,C32405,0.887102582524494
SV1_C81695,C81695,0.7791154944728585
SV1_C43241,C43241,0.8365274166801737
SV1_C21704,C21704,0.8582165052372295
SV1_C75613,C75613,0.9330749870280309
SV1_C25273,C25273,0.8967599771791609
SV1_C22807,C22807,0.9861240376302646
SV1_C88252,C88252,0.7453501538630116
SV1_C00084,C00084,0.9925240123721508
SV1_C12118,C12118,0.8337051456109209
SV1_C13880,C13880,0.986369398739345
SV1_C29484,C29484,0.9230147051920149
SV1_C80485,C80485,0.9542737713864992
SV1_C69100,C69100,0.896044162571736
SV1_C17492,C17492,0.757210164497807
SV1_C01278,C01278,0.8694166011140827
SV1_C91802,C91802,0.9275391642916032
SV1_C63005,C63005,0.9086725119907113
SV1_C00708,C00708,0.9441401231354076
SV1_C00712,C00712,0.9178749861482672
SV1_C72659,C72659,0.9258677656237266
SV1_C77424,C77424,0.9911352525450652
SV1_C97317,C97317,0.7827877928193907
SV1_C45652,C45652,0.9912874746306723
SV1_C78680,C78680,0.9623278125044672
SV1_C11417,C11417,0.8790601831120695
SV1_C48671,C48671,0.8119246120211262
SV1_C88857,C88857,0.8076243774184737
SV1_C57692,C57692,0.9086171239178779
SV1_C88268,C88268,0.812521143093776
SV1_C04907,C04907,0.892524209523983
SV1_C49230,C49230,0.8079673593419469
SV1_C99719,C99719,0.8846975428386517
SV1_C57101,C57101,0.9834822934087023
SV1_C74511,C74511,0.9584240574855538
SV1_C55286,C55286,0.8956525875063295
SV1_C46825,C46825,0.7930439725024555
SV1_C92430,C92430,0.8764013884414754
SV1_C78697,C78697,0.7714186174516656
SV1_C99008,C99008,0.9795118910880123
SV1_C07841,C07841,0.8672592090266547
SV1_C86476,C86476,0.7853098672364002
SV1_C77450,C77450,0.7832493986690529
SV1_C26480,C26480,0.8785875775460927
SV1_C92514,C92514,0.8187579299396344
SV1_C81605,C81605,0.9412120362634666
SV1_C73235,C73235,0.876280822352671
SV1_C01286,C01286,0.8934134918387924
SV1_C97806,C97806,0.9643246733652353
SV1_C25239,C25239,0.7785244461592798
SV1_C18013,C18013,0.9067934489287459
SV1_C05414,C05414,0.9053653744356975
SV1_C22911,C22911,0.8821336822434744
SV1_C60082,C60082,0.9602938945836715
SV1_C22875,C22875,0.7803450927963815
SV1_C36603,C36603,0.9228902656133969
SV1_C75014,C75014,0.8983919402538881
SV1_C31305,C31305,0.8357518149952025
SV1_C09646,C09646,0.9100516946319896
SV1_C92400,C92400,0.8621949444638712
SV1_C29419,C29419,0.8873174250257144
SV1_C15024,C15024,0.8330533340488349
SV1_C18602,C18602,0.9027879417911664
SV1_C18078,C18078,0.7878247148556896
SV1_C78103,C78103,0.8224536006038599
SV1_C91860,C91860,0.961415775325994
SV1_C68445,C68445,0.9085430765154663
SV1_C54091,C54091,0.9515986154464829
SV1_C49286,C49286,0.9200056594219783
SV1_C32481,C32481,0.9841480180392406
SV1_C85807,C85807,0.8109211184219767
SV1_C05445,C05445,0.9685218704586599
SV1_C05513,C05513,0.8528467454204903
SV1_C55830,C55830,0.9417836182621118
SV1_C36010,C36010,0.8721929847302022
SV1_C96693,C96693,0.8729391315777167
SV1_C22201,C22201,0.86612844862559
SV1_C49907,C49907,0.8047079979605626
SV1_C46280,C46280,0.891061746166274
SV1_C96681,C96681,0.8880845241785094
SV1_C12007,C12007,0.8417862116180315
SV1_C43818,C43818,0.877967909010961
SV1_C89431,C89431,0.8400012365145167
SV1_C51028,C51028,0.8995855804846324
SV1_C00692,C00692,0.8892593256782133
SV1_C45006,C45006,0.9441834856727782
SV1_C58834,C58834,0.8481971841550844
SV1_C13851,C13851,0.7670065061521048
SV1_C09076,C09076,0.9870564786692136
SV1_C19294,C19294,0.8663562613044545
SV1_C78637,C78637,0.912079890890255
SV1_C75043,C75043,0.8603936016109844
SV1_C33106,C33106,0.8833061053831588
SV1_C05492,C05492,0.9582855956915739
SV1_C94908,C94908,0.8072492456251898
SV1_C73830,C73830,0.9666863859073153
SV1_C48600,C48600,0.8353090914036357
SV1_C27116,C27116,0.81949718975011
SV1_C60639,C60639,0.8230813733378489
SV1_C45080,C45080,0.8715606578081913
SV1_C44423,C44423,0.8510140553458857
SV1_C45022,C45022,0.8840690901782439
SV1_C72652,C72652,0.7637432376270548
SV1_C30002,C30002,0.9250821971161723
SV1_C73837,C73837,0.9420461164738588
SV1_C88207,C88207,0.8588084429578551
SV1_C97299,C97299,0.9657363545675429
SV1_C09656,C09656,0.7891840588192598
SV1_C59481,C59481,0.8730026327760857
SV1_C04886,C04886,0.8351218916169064
SV1_C50404,C50404,0.8649925661554891
SV1_C47411,C47411,0.9842467761973832
SV1_C25215,C25215,0.9951263502379081
SV1_C08470,C08470,0.9101878878183809
SV1_C74470,C74470,0.8944177342383139
SV1_C66609,C66609,0.9846148237828072
SV1_C23443,C23443,0.7309379358611716
SV1_C27626,C27626,0.8322366660776146
SV1_C65411,C65411,0.7872013054186798
SV1_C26414,C26414,0.8957985482916235
SV1_C45026,C45026,0.7741965961376397
SV1_C63707,C63707,0.8994682775932745
SV1_C27638,C27638,0.8971375886695934
SV1_C49819,C49819,0.955996825492959
SV1_C49259,C49259,0.9095709568038797
SV1_C99617,C99617,0.911782163880061
SV1_C53478,C53478,0.8831347227902566
SV1_C84694,C84694,0.8158161853955833
SV1_C66683,C66683,0.8292556462342738
SV1_C43857,C43857,0.9975665274559803
SV1_C02415,C02415,0.8062354736002825
SV1_C31876,C31876,0.9949733028203533
SV1_C76907,C76907,0.9458423590520746
SV1_C72083,C72083,0.8250993307136072
SV1_C04278,C04278,0.844827445745502
SV1_C53489,C53489,0.8705560194324473
SV1_C15678,C15678,0.8358255625374814
SV1_C81673,C81673,0.994284251864614
SV1_C94305,C94305,0.8219446900397955
SV1_C55832,C55832,0.9711074575104796
SV1_C60624,C60624,0.8502057751173709
SV1_C84621,C84621,0.8521692641383891
SV1_C18629,C18629,0.8244708058965019
SV1_C20423,C20423,0.9164499589436834
SV1_C80486,C80486,0.8837169294605987
SV1_C90073,C90073,0.9139328607044404
SV1_C61279,C61279,0.8641270450524438
SV1_C93678,C93678,0.8675997281272706
SV1_C09090,C09090,0.8494576372979169
SV1_C49237,C49237,0.7930795575185009
SV1_C54046,C54046,0.8758537660648414
SV1_C74492,C74492,0.8724341390417296
SV1_C18000,C18000,0.8787951021242015
SV1_C71474,C71474,0.8749160376217309
SV1_C22889,C22889,0.8654908874134608
SV1_C90015,C90015,0.9129183475700835
SV1_C41409,C41409,0.8924272034911037
SV1_C55906,C55906,0.8935681163524006
SV1_C88249,C88249,0.8158228791481251
SV1_C75706,C75706,0.8916636935608286
SV1_C08466,C08466,0.8630733845431005
SV1_C55821,C55821,0.808634625151128
SV1_C12656,C12656,0.7236270530127377
SV1_C72672,C72672,0.9460047643126255
SV1_C67237,C67237,0.8937453209799957
SV1_C48620,C48620,0.8239488439116086
SV1_C65475,C65475,0.8073239453630104
SV1_C97283,C97283,0.8787777663867019
SV1_C28873,C28873,0.9217579539678727
SV1_C11436,C11436,0.8586205569934352
SV1_C35479,C35479,0.8578281527340185
SV1_C76804,C76804,0.8957120288175513
SV1_C90029,C90029,0.8165002693506469
SV1_C63699,C63699,0.9040327466452623
SV1_C46850,C46850,0.9552512657900841
SV1_C26416,C26416,0.9944261730431287
SV1_C85275,C85275,0.8429742243812425
SV1_C19839,C19839,0.9870837541918079
SV1_C43829,C43829,0.8061389401983258
SV1_C41421,C41421,0.9510681562282525
SV1_C73205,C73205,0.9662503471870718
SV1_C25281,C25281,0.9110667310883266
SV1_C19274,C19274,0.7806268545890812
SV1_C16826,C16826,0.9379744988524269
SV1_C00680,C00680,0.9856550828858396
SV1_C62436,C62436,0.7939761732426721
SV1_C16847,C16847,0.9007923501596131
SV1_C59416,C59416,0.9349451442093816
SV1_C97307,C97307,0.9743561881632434
SV1_C69718,C69718,0.9212591062220283
SV1_C07261,C07261,0.7798001433259865
SV1_C27044,C27044,0.8549429708084139
SV1_C62417,C62417,0.9038564246673855
SV1_C72632,C72632,0.8978694643326207
SV1_C72039,C72039,0.8936848095604761
SV1_C43812,C43812,0.8506914297068674
SV1_C98439,C98439,0.9756049372293542
SV1_C92469,C92469,0.9306934749844913
SV1_C87610,C87610,0.9161332294735763
SV1_C99689,C99689,0.9288921054670182
SV1_C01812,C01812,0.9815121048834041
SV1_C04822,C04822,0.7835961686886618
SV1_C94807,C94807,0.8523111102906165
SV1_C66605,C66605,0.9874315995670837
SV1_C21711,C21711,0.871770269864468
SV1_C17438,C17438,0.9764360574429913
SV1_C87648,C87648,0.7511229359168511
SV1_C27080,C27080,0.8627915099583731
SV1_C01290,C01290,0.8645590763560526
SV1_C85893,C85893,0.7796409160640401
SV1_C85214,C85214,0.8740555357165696
SV1_C34297,C34297,0.8188479557888203
SV1_C54026,C54026,0.933138914388655
SV1_C76243,C76243,0.8401687632844477
SV1_C10826,C10826,0.8665554626249968
SV1_C67876,C67876,0.8286416426418899
SV1_C94809,C94809,0.9786936260839443
SV1_C44479,C44479,0.8552224881579366
SV1_C58804,C58804,0.9454030852183148
SV1_C50495,C50495,0.9041358336030522
SV1_C11445,C11445,0.835494940092996
SV1_C43882,C43882,0.910873943966446
SV1_C03622,C03622,0.7216590768801673
SV1_C60019,C60019,0.936698499131316
SV1_C79277,C79277,0.9939434894853955
SV1_C13910,C13910,0.7997295627637615
SV1_C05476,C05476,0.8067621223612145
SV1_C03097,C03097,0.9008438643221776
SV1_C99116,C99116,0.8649576795018554
SV1_C75077,C75077,0.9457179707168271
SV1_C76309,C76309,0.9066405870081266
SV1_C75683,C75683,0.872939279519073
SV1_C88851,C88851,0.9953290074873936
SV1_C00046,C00046,0.8098655319043946
SV1_C19801,C19801,0.8872643957104492
SV1_C17410,C17410,0.9344653943029746
SV1_C43268,C43268,0.8410248932552397
SV1_C89466,C89466,0.8478166680714972
SV1_C60025,C60025,0.8335148565230779
SV1_C65487,C65487,0.8225613672032893
SV1_C25830,C25830,0.8806977796280703
SV1_C90046,C90046,0.7835303124527917
SV1_C64238,C64238,0.8191893646482769
SV1_C53400,C53400,0.8494920975350092
SV1_C91234,C91234,0.8301519745884275
SV1_C26441,C26441,0.8620667959500324
SV1_C82888,C82888,0.8901716593945468
SV1_C73280,C73280,0.9428047953019858
SV1_C27099,C27099,0.7852230332456928
SV1_C12038,C12038,0.8518577938077095
SV1_C91233,C91233,0.871856923124834
SV1_C30679,C30679,0.9778044458782753
SV1_C08416,C08416,0.9279942985337394
SV1_C61906,C61906,0.9975024830674387
SV1_C06021,C06021,0.7923252348466634
SV1_C75693,C75693,0.8886904115445144
SV1_C90074,C90074,0.9381495766430041
SV1_C78696,C78696,0.7626728083360319
SV1_C06046,C06046,0.9851724401271353
SV1_C10800,C10800,0.9705623673062729
SV1_C30601,C30601,0.9041071874916816
SV1_C77402,C77402,0.8764464510130837
SV1_C47489,C47489,0.8553900179657495
SV1_C58204,C58204,0.9474688619554157
SV1_C60626,C60626,0.7991433636847439
SV1_C57675,C57675,0.823411458582034
SV1_C76917,C76917,0.7513003657682755
SV1_C65442,C65442,0.8886374088422712
SV1_C81690,C81690,0.8632222473395086
SV1_C58914,C58914,0.8553967925276786
SV1_C07803,C07803,0.8791443974177507
SV1_C22202,C22202,0.9083925870577713
SV1_C93688,C93688,0.9003339516533805
SV1_C61913,C61913,0.8535778495617736
SV1_C87072,C87072,0.8029489398053058
SV1_C14478,C14478,0.8329413347283579
SV1_C70233,C70233,0.9098848577800105
SV1_C33607,C33607,0.8340092141014996
SV1_C50402,C50402,0.9045932409820363
SV1_C10228,C10228,0.8321949856965866
SV1_C31275,C31275,0.9746177491770218
SV1_C60711,C60711,0.8809437839492281
SV1_C15682,C15682,0.829443175156103
SV1_C94874,C94874,0.8659941480721621
SV1_C62411,C62411,0.8929737984612963
SV1_C10200,C10200,0.9850016987203323
SV1_C01830,C01830,0.8763921873191767
SV1_C96081,C96081,0.8947147389355492
SV1_C30673,C30673,0.9622091553293912
SV1_C20400,C20400,0.90642565240645
SV1_C93037,C93037,0.8695274861647246
SV1_C49217,C49217,0.8483695708452003
SV1_C96674,C96674,0.8503898355163381
SV1_C64286,C64286,0.9055874890526532
SV1_C79315,C79315,0.9007024380151671
SV1_C54016,C54016,0.8420738247277108
SV1_C12684,C12684,0.9612314612245808
SV1_C41410,C41410,0.9582912044725997
SV1_C81014,C81014,0.8859747707898961
SV1_C43852,C43852,0.9914280692514599
SV1_C64307,C64307,0.9020998786209323
SV1_C57094,C57094,0.7989512563300529
SV1_C43832,C43832,0.803280991606082
SV1_C03705,C03705,0.9057839808212979
SV1_C10880,C10880,0.9581789069921223
SV1_C15615,C15615,0.9067637346747526
SV1_C79280,C79280,0.9750347027685307
SV1_C51617,C51617,0.8827554940594255
SV1_C75000,C75000,0.960223935580305
SV1_C87087,C87087,0.7966144085454571
SV1_C44437,C44437,0.7965161112521194
SV1_C45646,C45646,0.9062331166740886
SV1_C73214,C73214,0.9041340888552857
SV1_C87002,C87002,0.892720546657039
SV1_C18091,C18091,0.8746389862356416
SV1_C50477,C50477,0.9898399650708362
SV1_C50494,C50494,0.9705944429039336
SV1_C98428,C98428,0.9286804255521431
SV1_C27644,C27644,0.9070116680356338
SV1_C81110,C81110,0.8665945991007058
SV1_C89513,C89513,0.9516431907815197
SV1_C82281,C82281,0.983491898438275
SV1_C77517,C77517,0.7382816291644031
SV1_C49241,C49241,0.8530563495703496
SV1_C29501,C29501,0.8195963828458418
SV1_C43806,C43806,0.9429984394098109
SV1_C30080,C30080,0.96648211732434
SV1_C70909,C70909,0.8022346401460815
SV1_C84091,C84091,0.8772304715095677
SV1_C37821,C37821,0.9997191369487335
SV1_C54699,C54699,0.8996225140143085
SV1_C05430,C05430,0.9823276993425802
SV1_C86510,C86510,0.9554794243937335
SV1_C59480,C59480,0.87073450454127
SV1_C03090,C03090,0.8628126958301244
SV1_C94818,C94818,0.9277413656376884
SV1_C57002,C57002,0.9858593708856873
SV1_C72622,C72622,0.9784758324345312
SV1_C54117,C54117,0.7345175774707686
SV1_C35512,C35512,0.8374240048956862
SV1_C66086,C66086,0.9627477911686052
SV1_C58879,C58879,0.8374000605710529
SV1_C43301,C43301,0.995412276704417
SV1_C22314,C22314,0.9767933401484108
SV1_C22290,C22290,0.8627026694890456
SV1_C77493,C77493,0.955061559257565
SV1_C93049,C93049,0.92340431820894
SV1_C63705,C63705,0.876497539577183
SV1_C10814,C10814,0.8980195215060331
SV1_C71514,C71514,0.7728628555122011
SV1_C45658,C45658,0.9676111544483306
SV1_C95428,C95428,0.9694174391247212
SV1_C61218,C61218,0.9658057325959482
SV1_C81614,C81614,0.8902487991235745
SV1_C09622,C09622,0.9928275784073745
SV1_C59401,C59401,0.9639477081786705
SV1_C26499,C26499,0.8212284585061963
SV1_C28908,C28908,0.8392353208111949
SV1_C46874,C46874,0.9819232148519378
SV1_C91833,C91833,0.904162429403756
SV1_C60718,C60718,0.8717622208603105
SV1_C18684,C18684,0.7577614738246059
SV1_C91235,C91235,0.7842091481466907
SV1_C29499,C29499,0.7908242291237457
SV1_C92507,C92507,0.739823152409079
SV1_C61802,C61802,0.9518830686270199
SV1_C76288,C76288,0.787101866693509
SV1_C60003,C60003,0.933237058808854
SV1_C12650,C12650,0.7695165015476204
SV1_C03624,C03624,0.9656201877124231
SV1_C71498,C71498,0.8071728391596098
SV1_C91286,C91286,0.9690364562137503
SV1_C91311,C91311,0.8078925617685703
SV1_C43856,C43856,0.9914791937677945
SV1_C70895,C70895,0.9860358140607542
SV1_C46272,C46272,0.8972310948535396
SV1_C53420,C53420,0.7766900859444696
SV1_C21600,C21600,0.8713367557812576
SV1_C96003,C96003,0.8415301529736902
SV1_C15072,C15072,0.9144835807630673
SV1_C53499,C53499,0.9236933085189801
SV1_C25890,C25890,0.9470025779098047
SV1_C58819,C58819,0.9411062009982064
SV1_C00010,C00010,0.9700607499212957
SV1_C40202,C40202,0.9402734419271188
SV1_C23482,C23482,0.8992832114466159
SV1_C99006,C99006,0.9463696864982974
SV1_C47446,C47446,0.9373417680339626
SV1_C04202,C04202,0.9302688836331248
SV1_C16221,C16221,0.8130542724582689
SV1_C100311,C100311,0.9127719410978508
SV1_C06113,C06113,0.886787860026528
SV1_C48080,C48080,0.9219580309784671
SV1_C43249,C43249,0.9933879439007689
SV1_C99109,C99109,0.9440705086399457
SV1_C35494,C35494,0.8772278564894518
SV1_C55811,C55811,0.8627717450811616
SV1_C98419,C98419,0.9294162614563849
SV1_C63613,C63613,0.9189852342912769
SV1_C47437,C47437,0.7992043871440089
SV1_C27642,C27642,0.9227033095724599
SV1_C15641,C15641,0.8678183826909758
SV1_C40214,C40214,0.9338138375297051
SV1_C94272,C94272,0.9145068181597265
SV1_C91813,C91813,0.9500703846977798
SV1_C09043,C09043,0.908632581037586
SV1_C10887,C10887,0.9654325241160897
SV1_C59515,C59515,0.8787974926447993
SV1_C46892,C46892,0.7434520574848481
SV1_C56429,C56429,0.9322379702434991
SV1_C93639,C93639,0.9275967373213252
SV1_C82212,C82212,0.9385703023574012
SV1_C60619,C60619,0.9334910386367412
SV1_C96686,C96686,0.8433752025331088
SV1_C06718,C06718,0.9272781077838129
SV1_C10238,C10238,0.9222630023581633
SV1_C72105,C72105,0.9145854987395274
SV1_C67316,C67316,0.9949319823312467
SV1_C19293,C19293,0.7993590552055302
SV1_C09075,C09075,0.8689718820208825
SV1_C33112,C33112,0.9027271263583608
SV1_C24637,C24637,0.9778274613930978
SV1_C01914,C01914,0.8241105157118138
SV1_C22223,C22223,0.8543812721168866
SV1_C85903,C85903,0.9412127485671367
SV1_C13899,C13899,0.8015620541821773
SV1_C92501,C92501,0.8632766144432578
SV1_C89414,C89414,0.9616453763016743
SV1_C96104,C96104,0.8207164823595999
SV1_C08510,C08510,0.8940029209019263
SV1_C89410,C89410,0.9366811191076664
SV1_C25907,C25907,0.8547281348577486
SV1_C91820,C91820,0.8953133017423492
SV1_C90021,C90021,0.9112718022033327
SV1_C58828,C58828,0.8453776879628487
SV1_C71437,C71437,0.8674249709425997
SV1_C84006,C84006,0.9050178680076936
SV1_C64886,C64886,0.9322265675451674
SV1_C03630,C03630,0.8678305868383653
SV1_C56507,C56507,0.8310041300812142
SV1_C12696,C12696,0.7346140448943874
SV1_C12029,C12029,0.9368378935225034
SV1_C45666,C45666,0.9073547587424919
SV1_C67306,C67306,0.9977191191185975
SV1_C85815,C85815,0.8048208644272151
SV1_C51039,C51039,0.9791737409359454
SV1_C29497,C29497,0.8217394521786039
SV1_C34822,C34822,0.9941593544345015
SV1_C76816,C76816,0.8815454808062045
SV1_C93677,C93677,0.9136766391058483
SV1_C94882,C94882,0.8577367387689556
SV1_C89439,C89439,0.8279529709402152
SV1_C91814,C91814,0.9704033846575151
SV1_C27636,C27636,0.9695685717508248
SV1_C07249,C07249,0.7924507735315616
SV1_C67240,C67240,0.8298511632830917
SV1_C48660,C48660,0.8922990839477724
SV1_C65508,C65508,0.8814921369126348
SV1_C06694,C06694,0.9513339552745651
SV1_C22236,C22236,0.9721901656142279
SV1_C93110,C93110,0.8034579991945332
SV1_C44459,C44459,0.7983249799289025
SV1_C84693,C84693,0.7502499955921683
SV1_C09096,C09096,0.840064678835023
SV1_C62477,C62477,0.9096535212345808
SV1_C54709,C54709,0.835880528296043
SV1_C18090,C18090,0.9914048396118469
SV1_C43816,C43816,0.8063150637840775
SV1_C30114,C30114,0.8687502807031899
SV1_C51096,C51096,0.813196918942788
SV1_C48086,C48086,0.9782356410723243
SV1_C87682,C87682,0.8602435433237954
SV1_C49214,C49214,0.856053690235422
SV1_C16206,C16206,0.9356184578594956
SV1_C87677,C87677,0.843043486373949
SV1_C04887,C04887,0.9178460263394841
SV1_C45095,C45095,0.7676136481626354
SV1_C73885,C73885,0.9312895620939803
SV1_C45631,C45631,0.7850824508965619
SV1_C07850,C07850,0.7547581185841813
SV1_C47502,C47502,0.9561550806836984
SV1_C69040,C69040,0.8156801044538559
SV1_C91840,C91840,0.805320946918378
SV1_C80519,C80519,0.831951019771237
SV1_C72696,C72696,0.9158093300708066
SV1_C98434,C98434,0.8977535143621632
SV1_C93644,C93644,0.8088925251566313
SV1_C27115,C27115,0.8710077606635972
SV1_C88829,C88829,0.8351952332370971
SV1_C66700,C66700,0.9159707785764681
SV1_C19876,C19876,0.9017430749918947
SV1_C59402,C59402,0.9831965087236811
SV1_C28885,C28885,0.8878326341650814
SV1_C82297,C82297,0.8707941072602898
SV1_C72644,C72644,0.7685025208021969
SV1_C19845,C19845,0.8307210602357654
SV1_C42621,C42621,0.8582746026960762
SV1_C19833,C19833,0.8462004493595565
SV1_C58275,C58275,0.8287086518410477
SV1_C47479,C47479,0.9115107682086854
SV1_C78037,C78037,0.9548588557835119
SV1_C94843,C94843,0.8769463263152055
SV1_C45114,C45114,0.9275404806005129
SV1_C100241,C100241,0.9328453275410133
SV1_C01243,C01243,0.9721517273167993
SV1_C00611,C00611,0.8200012462824252
SV1_C73220,C73220,0.9261024575090301
SV1_C59510,C59510,0.9459391965567575
SV1_C44409,C44409,0.8503448564913083
SV1_C62475,C62475,0.8719370928277664
SV1_C61900,C61900,0.9195597017529638
SV1_C13848,C13848,0.7830162402843559
SV1_C66001,C66001,0.9815389459849451
SV1_C91863,C91863,0.8564228281189407
SV1_C86483,C86483,0.815631202099058
SV1_C74485,C74485,0.9287817167618664
SV1_C73851,C73851,0.9242750785656239
SV1_C54100,C54100,0.7981421342225207
SV1_C12107,C12107,0.9700477717112942
SV1_C52284,C52284,0.9727092836482206
SV1_C42015,C42015,0.9890343938716962
SV1_C00040,C00040,0.9562941109458436
SV1_C89494,C89494,0.9957778757315063
SV1_C51045,C51045,0.7846447242418055
SV1_C35423,C35423,0.967546110695539
SV1_C08488,C08488,0.8653164716147312
SV1_C60709,C60709,0.9240227916287356
SV1_C67318,C67318,0.9269552531496672
SV1_C35509,C35509,0.8588563008392601
SV1_C46260,C46260,0.9799529399580196
SV1_C94811,C94811,0.8673011333451681
SV1_C17431,C17431,0.8565729064001397
SV1_C25278,C25278,0.9481018764841895
SV1_C86482,C86482,0.8246287893773953
SV1_C16202,C16202,0.932592276885589
SV1_C27609,C27609,0.8377048398225152
SV1_C24000,C24000,0.9014203412935785
SV1_C69078,C69078,0.955576738996489
SV1_C13864,C13864,0.772066966338462
SV1_C07816,C07816,0.9296726568088504
SV1_C48713,C48713,0.8547455485147311
SV1_C06007,C06007,0.9443255667360716
SV1_C03623,C03623,0.7748936682002253
SV1_C98499,C98499,0.9219575239703317
SV1_C11451,C11451,0.8869369374379066
SV1_C93704,C93704,0.8178022734884351
SV1_C32423,C32423,0.8490960596554455
SV1_C07813,C07813,0.9801540631359346
SV1_C82282,C82282,0.9118650396915507
SV1_C01882,C01882,0.8795241462983778
SV1_C10810,C10810,0.9086987753741854
SV1_C72000,C72000,0.9738208934734116
SV1_C51073,C51073,0.9888437389523804
SV1_C27084,C27084,0.8703901684863813
SV1_C75090,C75090,0.8704174460160654
SV1_C80403,C80403,0.8306994974547739
SV1_C06642,C06642,0.8996080243297083
SV1_C08487,C08487,0.9320057518555785
SV1_C21682,C21682,0.8387165874112938
SV1_C62472,C62472,0.8296728233574758
SV1_C52206,C52206,0.902301324764051
SV1_C44475,C44475,0.8567147885414943
SV1_C26502,C26502,0.8972661197893501
SV1_C24633,C24633,0.9892089039159783
SV1_C54075,C54075,0.9614586586956345
SV1_C33113,C33113,0.8975335154619325
SV1_C85273,C85273,0.9889768073905542
SV1_C09639,C09639,0.9182006235661048
SV1_C66046,C66046,0.950037584427481
SV1_C67233,C67233,0.8782747774872487
SV1_C67815,C67815,0.8350707182863867
SV1_C46267,C46267,0.8197560152982412
SV1_C23490,C23490,0.8676008817078211
SV1_C100283,C100283,0.9416304220909393
SV1_C56492,C56492,0.8149045892567215
SV1_C93072,C93072,0.9065061854610957
SV1_C79319,C79319,0.8377538598902231
SV1_C78025,C78025,0.9826534492309468
SV1_C58246,C58246,0.9133812724463123
SV1_C53488,C53488,0.875627241387576
SV1_C13829,C13829,0.8971561128344381
SV1_C85810,C85810,0.89148400346783
SV1_C22214,C22214,0.9222521157019479
SV1_C63115,C63115,0.865097992156651
SV1_C63111,C63111,0.8683822094189836
SV1_C33694,C33694,0.7568022948659967
SV1_C04245,C04245,0.9262989405692867
SV1_C76293,C76293,0.8726829052208257
SV1_C70831,C70831,0.9443906610130768
SV1_C61874,C61874,0.9951057463950713
SV1_C84103,C84103,0.8638895487833633
SV1_C92446,C92446,0.8313548261921976
SV1_C97886,C97886,0.8754230494416518
SV1_C54685,C54685,0.9014483595621595
SV1_C16282,C16282,0.8270859459288273
SV1_C95512,C95512,0.7595165614499397
SV1_C58241,C58241,0.7667300353709755
SV1_C32511,C32511,0.7938119114724377
SV1_C44401,C44401,0.8531969539758805
SV1_C64242,C64242,0.8471854180100361
SV1_C54118,C54118,0.8363740171592039
SV1_C67918,C67918,0.9305161056544377
SV1_C94237,C94237,0.9993727806148909
SV1_C56489,C56489,0.739918314761339
SV1_C51006,C51006,0.9060359569124155
SV1_C00615,C00615,0.8131379269826999
SV1_C01894,C01894,0.836484486984835
SV1_C78067,C78067,0.8071790437917883
SV1_C13913,C13913,0.8182583933011239
SV1_C64835,C64835,0.8446631161825182
SV1_C19273,C19273,0.8095148350193591
SV1_C67839,C67839,0.8681174904308684
SV1_C09678,C09678,0.945779616941459
SV1_C06634,C06634,0.9857824288567554
SV1_C44434,C44434,0.7751900706307862
SV1_C28884,C28884,0.9081182350239169
SV1_C34279,C34279,0.8659252637548148
SV1_C36022,C36022,0.9809077540445847
SV1_C95501,C95501,0.821469947529413
SV1_C43289,C43289,0.7680502098197034
SV1_C55291,C55291,0.9725855345589358
SV1_C25895,C25895,0.974441071218939
SV1_C93641,C93641,0.9738420441287878
SV1_C72096,C72096,0.9122144595414818
SV1_C94203,C94203,0.8453896538821712
SV1_C45066,C45066,0.9075486826747792
SV1_C79811,C79811,0.8389895376226533
SV1_C99699,C99699,0.867280098692656
SV1_C66603,C66603,0.7871876332659976
SV1_C86458,C86458,0.9295235271803509
SV1_C61801,C61801,0.9310012995304803
SV1_C15691,C15691,0.9062464983694101
SV1_C12079,C12079,0.890467972784009
SV1_C43208,C43208,0.8656804929082313
SV1_C16839,C16839,0.8341707927546486
SV1_C91895,C91895,0.8422289849660033
SV1_C27688,C27688,0.8063539678423135
SV1_C49245,C49245,0.9470476884247576
SV1_C64808,C64808,0.955612187570525
SV1_C03603,C03603,0.7969713743625353
SV1_C26422,C26422,0.8739323931593728
SV1_C10856,C10856,0.7750381440656617
SV1_C57682,C57682,0.8809521054280856
SV1_C93703,C93703,0.9890424196227655
SV1_C13818,C13818,0.9140349666589177
SV1_C19814,C19814,0.8593744886702122
SV1_C69637,C69637,0.8487226583849172
SV1_C36012,C36012,0.8953979775091776
SV1_C67837,C67837,0.8857320664306594
SV1_C81608,C81608,0.9458795637500009
SV1_C13212,C13212,0.985138168869119
SV1_C34287,C34287,0.8847667142964935
SV1_C46914,C46914,0.9213636320747258
SV1_C18645,C18645,0.9404531652311653
SV1_C73288,C73288,0.8352087779309932
SV1_C06620,C06620,0.8001857996532372
SV1_C22814,C22814,0.9248990413529367
SV1_C14431,C14431,0.8458002766547157
SV1_C48038,C48038,0.7342533701223721
SV1_C87027,C87027,0.8501132895960899
SV1_C54095,C54095,0.9276333620805914
SV1_C76239,C76239,0.9275219555976276
SV1_C67245,C67245,0.9135355131072831
SV1_C62512,C62512,0.8076113805343601
SV1_C16222,C16222,0.8703729192143507
SV1_C43906,C43906,0.9724835214444126
SV1_C58302,C58302,0.9518974843510154
SV1_C06698,C06698,0.8653847535533763
SV1_C31317,C31317,0.9932375053130424
SV1_C11446,C11446,0.8648010524105
SV1_C29415,C29415,0.8965849686695769
SV1_C70807,C70807,0.9879012155505967
SV1_C75049,C75049,0.764170170264278
SV1_C78032,C78032,0.9720037469719662
SV1_C90095,C90095,0.9292293799905622
SV1_C05423,C05423,0.8995934222243376
SV1_C66619,C66619,0.9275214363709275
SV1_C20410,C20410,0.8923246826657896
SV1_C90026,C90026,0.8331964939186474
SV1_C69041,C69041,0.797026769440229
SV1_C11486,C11486,0.8777843520336492
SV1_C67822,C67822,0.9352668561394016
SV1_C78106,C78106,0.7737168530195451
SV1_C34810,C34810,0.8602378266042152
SV1_C81008,C81008,0.9421261405334681
SV1_C04917,C04917,0.8812555218663578
SV1_C49800,C49800,0.8972209631013756
SV1_C83474,C83474,0.8553873103459793
SV1_C43869,C43869,0.829593476133379
SV1_C21717,C21717,0.8775341529805472
SV1_C12080,C12080,0.924940240553695
SV1_C90647,C90647,0.7766850891514496
SV1_C03712,C03712,0.9071021280596292
SV1_C58842,C58842,0.8061270848949779
SV1_C10293,C10293,0.8226737818588578
SV1_C84701,C84701,0.8258036399745373
SV1_C58909,C58909,0.9005556483141302
SV1_C17406,C17406,0.9291578267545252
SV1_C73815,C73815,0.8510610530744073
SV1_C79821,C79821,0.8717886236993989
SV1_C96007,C96007,0.8493408770358389
SV1_C85284,C85284,0.9507339072637584
SV1_C67878,C67878,0.9607393562868359
SV1_C31309,C31309,0.8178855829129107
SV1_C48654,C48654,0.9377823157564609
SV1_C87609,C87609,0.9016369268641558
SV1_C78024,C78024,0.9773724686913363
SV1_C16238,C16238,0.9945652935809356
SV1_C20439,C20439,0.9681506635471897
SV1_C24102,C24102,0.9146869154737326
SV1_C78662,C78662,0.8388025811816068
SV1_C48696,C48696,0.8939228118825127
SV1_C76274,C76274,0.8801557405727384
SV1_C24600,C24600,0.9062848280101155
SV1_C66610,C66610,0.946179704482923
SV1_C91804,C91804,0.893772334373736
SV1_C64881,C64881,0.867829075503336
SV1_C13823,C13823,0.9160232254837724
SV1_C47433,C47433,0.7812043822462881
SV1_C100239,C100239,0.8058791817388905
SV1_C51094,C51094,0.9780502202949612
SV1_C65498,C65498,0.9880341739793724
SV1_C68405,C68405,0.9997280941646987
SV1_C17495,C17495,0.8019263797896575
SV1_C49900,C49900,0.8484406306414982
SV1_C48661,C48661,0.9251781693619298
SV1_C75108,C75108,0.910376879578345
SV1_C82319,C82319,0.8167564880100615
SV1_C07829,C07829,0.8989271777937341
SV1_C88855,C88855,0.995704698234048
SV1_C76292,C76292,0.8573445958956327
SV1_C66116,C66116,0.9863340127971679
SV1_C29413,C29413,0.9187884402408194
SV1_C12018,C12018,0.8485641683561127
SV1_C43272,C43272,0.8426978578337949
SV1_C83416,C83416,0.9034533767005946
SV1_C45015,C45015,0.9876703411274647
SV1_C24715,C24715,0.9192914319993418
SV1_C19836,C19836,0.8249515450728373
SV1_C72032,C72032,0.9029077980176639
SV1_C16841,C16841,0.8495403910542983
SV1_C37818,C37818,0.9390939223627855
SV1_C27105,C27105,0.9569514817650204
SV1_C85310,C85310,0.9009913334918562
SV1_C94835,C94835,0.96659528429232
SV1_C79894,C79894,0.7740643785873752
SV1_C13877,C13877,0.9789247436287903
SV1_C66707,C66707,0.8990931197428829
SV1_C78006,C78006,0.9177547761543944
SV1_C03009,C03009,0.9902961119114114
SV1_C86475,C86475,0.8200665022750719
SV1_C34815,C34815,0.8588906598623948
SV1_C59497,C59497,0.939977030226369
SV1_C07282,C07282,0.9437358484882082
SV1_C30693,C30693,0.7877702294261754
SV1_C75652,C75652,0.748911832868601
SV1_C26434,C26434,0.8542340810095234
SV1_C46851,C46851,0.7868530361536504
SV1_C97297,C97297,0.815143006679536
SV1_C66012,C66012,0.9483142581654427
SV1_C94879,C94879,0.8998719901173109
SV1_C13251,C13251,0.7677279442973992
SV1_C17419,C17419,0.8923648894711066
SV1_C77429,C77429,0.9997086972673948
SV1_C93018,C93018,0.9139291522445162
SV1_C36600,C36600,0.8293159229226924
SV1_C02500,C02500,0.9239422364572075
SV1_C13262,C13262,0.8340811444067113
SV1_C48096,C48096,0.9496543409539052
SV1_C78698,C78698,0.7684311076990148
SV1_C19887,C19887,0.8499926370537814
SV1_C54645,C54645,0.799693842015416
SV1_C67225,C67225,0.8601873921974655
SV1_C56432,C56432,0.9257047662477033
SV1_C49255,C49255,0.9049988797816136
SV1_C49833,C49833,0.8165456453309886
SV1_C84075,C84075,0.8636571710909255
SV1_C49804,C49804,0.89739328073425
SV1_C85288,C85288,0.8594737369264726
SV1_C76858,C76858,0.7689067479988014
SV1_C58904,C58904,0.8862481330608296
SV1_C24031,C24031,0.759410808884418
SV1_C53407,C53407,0.8663875087340408
SV1_C74509,C74509,0.9170671650154665
SV1_C79209,C79209,0.9199610989949268
SV1_C74502,C74502,0.8928476043504223
SV1_C61200,C61200,0.9211056516105821
SV1_C07232,C07232,0.8667741724720772
SV1_C93104,C93104,0.7887040372662291
SV1_C12702,C12702,0.8167792848869434
SV1_C97917,C97917,0.8101996552627581
SV1_C88853,C88853,0.8104438299331284
SV1_C77516,C77516,0.746209328710147
SV1_C99623,C99623,0.8966723316006318
SV1_C84676,C84676,0.9247700633835914
SV1_C10216,C10216,0.9163022960574705
SV1_C82803,C82803,0.8145987319622329
SV1_C46258,C46258,0.9659652010776311
SV1_C28905,C28905,0.8124950937981649
SV1_C91803,C91803,0.8779060348769953
SV1_C53473,C53473,0.968956125813515
SV1_C78017,C78017,0.9216365000414473
SV1_C12096,C12096,0.7881214200842569
SV1_C03612,C03612,0.9616948369013101
SV1_C88878,C88878,0.895881329705229
SV1_C48716,C48716,0.8078957147747988
SV1_C81621,C81621,0.8679397354782151
SV1_C00020,C00020,0.7649709255193896
SV1_C92494,C92494,0.8119443124059996
SV1_C18095,C18095,0.8138135069448078
SV1_C87622,C87622,0.9008861790184619
SV1_C88273,C88273,0.8599873671742543
SV1_C46296,C46296,0.9904775336137771
SV1_C87007,C87007,0.8450479595402085
SV1_C100240,C100240,0.9284624872645356
SV1_C69036,C69036,0.8071089305716866
SV1_C78624,C78624,0.9413831667512096
SV1_C78057,C78057,0.8632308123923035
SV1_C46809,C46809,0.838395812834542
SV1_C62502,C62502,0.9929059089192757
SV1_C57619,C57619,0.9429084618976474
SV1_C57629,C57629,0.8154286412672966
SV1_C95493,C95493,0.8544252308682891
SV1_C50424,C50424,0.8853773723893128
SV1_C20406,C20406,0.8926890549324118
SV1_C67883,C67883,0.8362851127774422
SV1_C96635,C96635,0.9870317959861398
SV1_C35506,C35506,0.8402125378893158
SV1_C35508,C35508,0.8582944793923787
SV1_C90633,C90633,0.8382221409113947
SV1_C31202,C31202,0.91897653441645
SV1_C16832,C16832,0.8428352945255903
SV1_C87678,C87678,0.8634540428735001
SV1_C95416,C95416,0.9474635231352366
SV1_C51026,C51026,0.8938332145391464
SV1_C48070,C48070,0.7836573236474325
SV1_C51625,C51625,0.9177574187656924
SV1_C48608,C48608,0.834832432874745
SV1_C61820,C61820,0.8383304190424279
SV1_C72711,C72711,0.9482900709561131
SV1_C00044,C00044,0.7766995568745643
SV1_C52214,C52214,0.913221250088091
SV1_C88870,C88870,0.8170546970635788
SV1_C83519,C83519,0.7835262869128738
SV1_C00025,C00025,0.9519141414451828
SV1_C06605,C06605,0.8216759747629847
SV1_C25828,C25828,0.9833977981446647
SV1_C94825,C94825,0.9755480962291239
SV1_C21641,C21641,0.8777881376834096
SV1_C14485,C14485,0.8639124221096973
SV1_C86456,C86456,0.7518481814122119
SV1_C02407,C02407,0.8124613047228425
SV1_C85882,C85882,0.9624667243855056
SV1_C48055,C48055,0.7866930004620112
SV1_C67243,C67243,0.7720418181031816
SV1_C54634,C54634,0.9472803593962335
SV1_C92457,C92457,0.9481747291811007
SV1_C97289,C97289,0.9714652533206597
SV1_C77519,C77519,0.8627672973296227
SV1_C99643,C99643,0.8176349400581346
SV1_C18674,C18674,0.7877826281202295
SV1_C58308,C58308,0.8581349563788713
SV1_C95505,C95505,0.8198787837387734
SV1_C97824,C97824,0.9098160222281881
SV1_C19227,C19227,0.9728102372412012
SV1_C27629,C27629,0.9083964946811097
SV1_C88914,C88914,0.928117168507888
SV1_C09024,C09024,0.8357863641386217
SV1_C77514,C77514,0.7920837742500275
SV1_C05411,C05411,0.9258498137048506
SV1_C92499,C92499,0.7432819529413887
SV1_C93007,C93007,0.8282608690356981
SV1_C12636,C12636,0.9164674932719683
SV1_C43284,C43284,0.8094448560653961
SV1_C49249,C49249,0.9506650135855809
SV1_C08434,C08434,0.9365565276924847
SV1_C12040,C12040,0.7874423374577145
SV1_C22803,C22803,0.9830031025626791
SV1_C42612,C42612,0.8209222846259279
SV1_C77496,C77496,0.828679113977152
SV1_C15025,C15025,0.8986983881296018
SV1_C92473,C92473,0.9609332913438109
SV1_C88815,C88815,0.8971714334871718
SV1_C43216,C43216,0.8085059479362114
SV1_C04279,C04279,0.893245435502983
SV1_C69619,C69619,0.9205298020143565
SV1_C03614,C03614,0.9442518084406181
SV1_C81085,C81085,0.9537174368009631
SV1_C11470,C11470,0.9271715524431835
SV1_C70293,C70293,0.8528509062101234
SV1_C78644,C78644,0.7579906787031051
SV1_C54697,C54697,0.8234860399597896
SV1_C51719,C51719,0.9373305400142796
SV1_C60075,C60075,0.840517865131502
SV1_C96685,C96685,0.9254674756391755
SV1_C19245,C19245,0.9096288096488859
SV1_C71472,C71472,0.8797845416010297
SV1_C84102,C84102,0.8024976622408726
SV1_C61278,C61278,0.9916896886226141
SV1_C82884,C82884,0.8959964732943947
SV1_C00640,C00640,0.9611473862507688
SV1_C62403,C62403,0.886391700118971
SV1_C08508,C08508,0.830643959322017
SV1_C97831,C97831,0.9997816775746365
SV1_C16892,C16892,0.7646628997890601
SV1_C30010,C30010,0.9312349377342043
SV1_C27633,C27633,0.9246839076675513
SV1_C66075,C66075,0.813466171800162
SV1_C77444,C77444,0.8161368668233396
SV1_C21697,C21697,0.8663893489274833
SV1_C88289,C88289,0.9028786727394822
SV1_C22295,C22295,0.9995196073916094
SV1_C10836,C10836,0.826359327258669
SV1_C33014,C33014,0.9029487977476183
SV1_C45079,C45079,0.8659272862812122
SV1_C09655,C09655,0.9005948483674632
SV1_C39022,C39022,0.9859192208038053
SV1_C45685,C45685,0.8950157180972481
SV1_C15695,C15695,0.7766838916906793
SV1_C63633,C63633,0.8245287552521995
SV1_C27030,C27030,0.7893860572226248
SV1_C69639,C69639,0.9099161171796508
SV1_C40817,C40817,0.9338118539873286
SV1_C59423,C59423,0.8590461780042612
SV1_C76854,C76854,0.77006756316447
SV1_C55808,C55808,0.9681503151785787
SV1_C10859,C10859,0.9218947365412972
SV1_C63108,C63108,0.8560905703171257
SV1_C13838,C13838,0.8195073688937167
SV1_C10319,C10319,0.9644182033656696
SV1_C57611,C57611,0.9469854565383353
SV1_C100214,C100214,0.8715750471997789
SV1_C12112,C12112,0.7323454190124484
SV1_C100201,C100201,0.9050495070815309
SV1_C46295,C46295,0.7750477202059951
SV1_C64200,C64200,0.9333884216894415
SV1_C74413,C74413,0.9503105577094682
SV1_C66614,C66614,0.9251812217261117
SV1_C51678,C51678,0.9009758985130708
SV1_C05435,C05435,0.875712906882316
SV1_C91889,C91889,0.8934127025208358
SV1_C48688,C48688,0.8172867504455757
SV1_C55872,C55872,0.7604780538284949
SV1_C24611,C24611,0.9921108161789747
SV1_C48026,C48026,0.72308424689579
SV1_C94217,C94217,0.9336964323995061
SV1_C55204,C55204,0.9306618471448603
SV1_C04222,C04222,0.7406831694315106
SV1_C48693,C48693,0.8424788854900442
SV1_C70843,C70843,0.8648757019558428
SV1_C26410,C26410,0.8746718073257007
SV1_C09041,C09041,0.8533363102720855
SV1_C60098,C60098,0.9809452858454547
SV1_C54639,C54639,0.9804953278822589
SV1_C09069,C09069,0.9811773322388965
SV1_C91853,C91853,0.9198653722112039
SV1_C20431,C20431,0.9816087220704947
SV1_C87657,C87657,0.815471924961033
SV1_C94213,C94213,0.9657738633693784
SV1_C12662,C12662,0.7897752060849672
SV1_C48113,C48113,0.9107224186567477
SV1_C28911,C28911,0.7538663211738436
SV1_C90007,C90007,0.8793061185320719
SV1_C76316,C76316,0.7794257739394373
SV1_C95491,C95491,0.8927263460062226
SV1_C91315,C91315,0.7834054186953837
SV1_C03110,C03110,0.8658416580738998
SV1_C04914,C04914,0.7980373747652744
SV1_C13896,C13896,0.7705699559222646
SV1_C15002,C15002,0.9357606758101149
SV1_C91898,C91898,0.9037598697073909
SV1_C61296,C61296,0.9192101709635189
SV1_C27004,C27004,0.884679156775875
SV1_C10309,C10309,0.834524117217296
SV1_C08518,C08518,0.9154938248566723
SV1_C60633,C60633,0.8371147727733323
SV1_C55280,C55280,0.8715176885772207
SV1_C45050,C45050,0.965336465671002
SV1_C09065,C09065,0.8833588608040478
SV1_C04305,C04305,0.8880583773164407
SV1_C65417,C65417,0.8684783758128157
SV1_C72607,C72607,0.8622096438871376
SV1_C93100,C93100,0.789940397926798
SV1_C43217,C43217,0.7979474241622417
SV1_C55221,C55221,0.7652952300179429
SV1_C52804,C52804,0.85552844665112
SV1_C09091,C09091,0.9707282701383548
SV1_C21083,C21083,0.8708996568951982
SV1_C92463,C92463,0.7910872605603084
SV1_C59445,C59445,0.8903060290230346
SV1_C82316,C82316,0.8365867367026812
SV1_C04880,C04880,0.9096427621609124
SV1_C75705,C75705,0.9237009006734334
SV1_C19874,C19874,0.8576728440993928
SV1_C29494,C29494,0.7763405952396307
SV1_C100316,C100316,0.8929264933148119
SV1_C07888,C07888,0.8660718054611826
SV1_C80517,C80517,0.8266869555290293
SV1_C72614,C72614,0.9051487891270408
SV1_C75614,C75614,0.9098719097890402
SV1_C32501,C32501,0.8525160116117326
SV1_C82877,C82877,0.9621966353427857
SV1_C53401,C53401,0.8715140921279325
SV1_C97878,C97878,0.8107330897674324
SV1_C30073,C30073,0.9506668544160829
SV1_C93043,C93043,0.8400183655479362
SV1_C78707,C78707,0.7871106841471264
SV1_C63091,C63091,0.9507410308991253
SV1_C12620,C12620,0.8163706072658566
SV1_C85219,C85219,0.8068160686642729
SV1_C27092,C27092,0.963232624555701
SV1_C67282,C67282,0.968548719648305
SV1_C50502,C50502,0.8671138103859906
SV1_C09018,C09018,0.9276379512689202
SV1_C64882,C64882,0.9220230152325574
SV1_C89510,C89510,0.9701584568185533
SV1_C74450,C74450,0.8600392151048885
SV1_C99094,C99094,0.8442920930421697
SV1_C72088,C72088,0.8356964281172755
SV1_C84696,C84696,0.8008018559414608
SV1_C73853,C73853,0.7692198077304819
SV1_C09059,C09059,0.9152059385455396
SV1_C08462,C08462,0.8360705521658591
SV1_C78047,C78047,0.9886918942062506
SV1_C72712,C72712,0.8511327944875685
SV1_C61205,C61205,0.9477228777776043
SV1_C30617,C30617,0.8993302431187643
SV1_C05519,C05519,0.9276918529157374
SV1_C72076,C72076,0.9445086682008171
SV1_C100207,C100207,0.7843637716383246
SV1_C87094,C87094,0.999558852005225
SV1_C04216,C04216,0.8980608074560114
SV1_C16888,C16888,0.841031252089184
SV1_C54086,C54086,0.878724296251634
SV1_C04226,C04226,0.8597353862209103
SV1_C87705,C87705,0.9958015238371475
SV1_C45031,C45031,0.7847175570454219
SV1_C91807,C91807,0.8831903175936623
SV1_C25295,C25295,0.9871073168221489
SV1_C55879,C55879,0.9665713759845279
SV1_C25873,C25873,0.9122991685048076
SV1_C88821,C88821,0.8968611884663982
SV1_C46852,C46852,0.9803101636436418
SV1_C25918,C25918,0.9205832066618499
SV1_C01818,C01818,0.9154855537098818
SV1_C01291,C01291,0.807865686354829
SV1_C24086,C24086,0.9273984431708782
SV1_C24084,C24084,0.8235935889330508
SV1_C77449,C77449,0.8311256801471864
SV1_C03105,C03105,0.9164927501542937
SV1_C78071,C78071,0.8365801278487918
SV1_C73808,C73808,0.9690139068666591
SV1_C69621,C69621,0.9527454277703925
SV1_C52298,C52298,0.8564762175580785
SV1_C77462,C77462,0.8520475585413031
SV1_C85304,C85304,0.8282484919120343
SV1_C89416,C89416,0.9341224319078679
SV1_C13822,C13822,0.8734114327183294
SV1_C06707,C06707,0.9576698036119434
SV1_C71518,C71518,0.7989974048168516
SV1_C51077,C51077,0.9895815510424378
SV1_C99117,C99117,0.8887001756739433
SV1_C70809,C70809,0.8521021242304214
SV1_C46243,C46243,0.7318068478676488
SV1_C01205,C01205,0.9984194658559801
SV1_C58303,C58303,0.8764658920483785
SV1_C50442,C50442,0.8051982920370886
SV1_C97847,C97847,0.8822559325224071
SV1_C01916,C01916,0.9272514575012729
SV1_C01208,C01208,0.9921705368650804
SV1_C30095,C30095,0.8524507379496347
SV1_C54630,C54630,0.9484082262341563
SV1_C57627,C57627,0.8332941824224345
SV1_C74493,C74493,0.903485679976223
SV1_C28216,C28216,0.8517732353089295
SV1_C51081,C51081,0.9890538272269247
SV1_C87607,C87607,0.8521943307769746
SV1_C09032,C09032,0.8441273547102065
SV1_C29511,C29511,0.761789555250863
SV1_C26428,C26428,0.9534321348989457
SV1_C22809,C22809,0.8987684146707878
SV1_C88203,C88203,0.8538532399698651
SV1_C34319,C34319,0.9906315355700939
SV1_C21692,C21692,0.9525824924394785
SV1_C88242,C88242,0.8669703516551693
SV1_C22283,C22283,0.7739965213029929
SV1_C54621,C54621,0.7786755521229455
SV1_C80508,C80508,0.9156274195505547
SV1_C60608,C60608,0.9383637672922421
SV1_C97811,C97811,0.8482900459656325
SV1_C98491,C98491,0.9436966757350586
SV1_C96037,C96037,0.9892087175811664
SV1_C94220,C94220,0.872508736943637
SV1_C63642,C63642,0.824136391742299
SV1_C82302,C82302,0.8441241973228724
SV1_C10811,C10811,0.871064114914404
SV1_C62406,C62406,0.9282913249779792
SV1_C08461,C08461,0.7850958291857513
SV1_C78064,C78064,0.9103022258128133
SV1_C93073,C93073,0.9320217112335774
SV1_C13235,C13235,0.926374085006522
SV1_C59518,C59518,0.8751198828664737
SV1_C51691,C51691,0.8974121730493486
SV1_C28909,C28909,0.820787395074566
SV1_C71401,C71401,0.7960933931706394
SV1_C85818,C85818,0.8579318889606106
SV1_C53436,C53436,0.9260977525007711
SV1_C71482,C71482,0.8740444623585748
SV1_C31303,C31303,0.8077978260104698
SV1_C10296,C10296,0.836113527591358
SV1_C65517,C65517,0.9709144260931156
SV1_C79298,C79298,0.8551925502451935
SV1_C23438,C23438,0.879135140656455
SV1_C76885,C76885,0.851717717680354
SV1_C66037,C66037,0.902214240566288
SV1_C20489,C20489,0.8905333120144309
SV1_C40812,C40812,0.8717896178736415
SV1_C52828,C52828,0.9409595699791572
SV1_C25827,C25827,0.8372353247557011
SV1_C69642,C69642,0.8374706122261142
SV1_C95420,C95420,0.8705377789555533
SV1_C81090,C81090,0.8456604805245767
SV1_C89438,C89438,0.8733971737768685
SV1_C12674,C12674,0.8962223596105742
SV1_C43838,C43838,0.7649614984701466
SV1_C90691,C90691,0.8226920483337795
SV1_C100308,C100308,0.9253806465987716
SV1_C82204,C82204,0.9499336548329738
SV1_C15617,C15617,0.9122815790158317
SV1_C08450,C08450,0.7600579179175331
SV1_C63673,C63673,0.7812936604494644
SV1_C87112,C87112,0.9392067174433514
SV1_C97202,C97202,0.9621456333480769
SV1_C60086,C60086,0.9353075981379939
SV1_C88319,C88319,0.9380095618946788
SV1_C23432,C23432,0.996415999077379
SV1_C49882,C49882,0.8814286506181189
SV1_C08505,C08505,0.8455808599940124
SV1_C88897,C88897,0.9981493582069296
SV1_C55918,C55918,0.8078786726640954
SV1_C59509,C59509,0.9096253687702868
SV1_C64804,C64804,0.9594455227306623
SV1_C25284,C25284,0.8606390653279818
SV1_C63079,C63079,0.8772258675392643
SV1_C25307,C25307,0.8578577936017745
SV1_C80407,C80407,0.8332434158765317
SV1_C58811,C58811,0.9446850735322962
SV1_C72687,C72687,0.8768652677807253
SV1_C94315,C94315,0.9816939890117973
SV1_C93016,C93016,0.8741501336886991
SV1_C48708,C48708,0.8874809604212339
SV1_C03044,C03044,0.8454517810887248
SV1_C63634,C63634,0.7585116135545368
SV1_C32422,C32422,0.8890532461298641
SV1_C77456,C77456,0.8533437091055396
SV1_C77481,C77481,0.9345868643551292
SV1_C69608,C69608,0.9692520669107749
SV1_C66032,C66032,0.8764144658818562
SV1_C88883,C88883,0.8223036740071424
SV1_C18046,C18046,0.9964093179278377
SV1_C89465,C89465,0.8291264780897832
SV1_C87613,C87613,0.9238163770686129
SV1_C03637,C03637,0.9838464471902041
SV1_C75644,C75644,0.8111635983471626
SV1_C14420,C14420,0.796463358383386
SV1_C10235,C10235,0.9560949384506922
SV1_C88909,C88909,0.9926271049606932
SV1_C53444,C53444,0.7975131289913104
SV1_C54006,C54006,0.8867778297318419
SV1_C61299,C61299,0.913742686441915
SV1_C00023,C00023,0.7782190917485741
SV1_C02426,C02426,0.8712433240974519
SV1_C79210,C79210,0.8791303130913477
SV1_C42604,C42604,0.8292334613335183
SV1_C09692,C09692,0.8017979973951729
SV1_C08406,C08406,0.9340034061272803
SV1_C78030,C78030,0.9407543774239427
SV1_C71479,C71479,0.9882019419584249
SV1_C27078,C27078,0.9530746169922919
SV1_C57633,C57633,0.8206086676967037
SV1_C16811,C16811,0.8945476747826583
SV1_C90604,C90604,0.9030066923306803
SV1_C41415,C41415,0.9959187994327912
SV1_C39613,C39613,0.8936758612100124
SV1_C49299,C49299,0.7778702278484251
SV1_C85294,C85294,0.7664210191856365
SV1_C07872,C07872,0.989282744871793
SV1_C10905,C10905,0.8352312639564836
SV1_C25236,C25236,0.9843375398637665
SV1_C93601,C93601,0.9691510658333738
SV1_C98496,C98496,0.8325693497562866
SV1_C60700,C60700,0.9108166420474612
SV1_C27014,C27014,0.8661478315121496
SV1_C36004,C36004,0.8367718978273502
SV1_C69095,C69095,0.956860721585087
SV1_C22874,C22874,0.8670656955919464
SV1_C27613,C27613,0.8726414664302494
SV1_C25904,C25904,0.8676784046676085
SV1_C58239,C58239,0.8181811783702218
SV1_C03675,C03675,0.8567545785270201
SV1_C15620,C15620,0.7932841271985279
SV1_C48689,C48689,0.8542173040401566
SV1_C81019,C81019,0.927592773055211
SV1_C43203,C43203,0.996540293576438
SV1_C88283,C88283,0.8081924025356911
SV1_C83412,C83412,0.9432012341294926
SV1_C46875,C46875,0.901285979928039
SV1_C27117,C27117,0.8468846437428633
SV1_C64899,C64899,0.8948170374692825
SV1_C58845,C58845,0.8902297995955395
SV1_C56446,C56446,0.912587236948491
SV1_C93610,C93610,0.9351446656481834
SV1_C49288,C49288,0.7887717338923593
SV1_C02485,C02485,0.9889251220558926
SV1_C76802,C76802,0.868329565172478
SV1_C07240,C07240,0.8270730931571579
SV1_C82277,C82277,0.9868419583061012
SV1_C49226,C49226,0.8049887871280614
SV1_C88898,C88898,0.9729517184007661
SV1_C75719,C75719,0.9779347064414468
SV1_C67832,C67832,0.8547160521489938
SV1_C43896,C43896,0.9926064010105851
SV1_C50482,C50482,0.9033129632188626
SV1_C31215,C31215,0.8896082742440283
SV1_C34206,C34206,0.8232494648745973
SV1_C72014,C72014,0.9051253945110985
SV1_C90023,C90023,0.8900138693932986
SV1_C24096,C24096,0.8513571114868086
SV1_C33677,C33677,0.9552651048724179
SV1_C82913,C82913,0.8740770331229
SV1_C89408,C89408,0.899061972727491
SV1_C13204,C13204,0.99055965151289
SV1_C99118,C99118,0.9101952910822658
SV1_C25883,C25883,0.8667076949858352
SV1_C90008,C90008,0.9074165637426463
SV1_C91874,C91874,0.9997933446707037
SV1_C47404,C47404,0.8191601634157369
SV1_C44487,C44487,0.8303486534118938
SV1_C07896,C07896,0.8399472503920897
SV1_C63714,C63714,0.8166359098655851
SV1_C08432,C08432,0.8532130144149465
SV1_C07847,C07847,0.9995039987103191
SV1_C66600,C66600,0.9815278078525354
SV1_C02507,C02507,0.7991651401983383
SV1_C16204,C16204,0.8861498608331162
SV1_C59484,C59484,0.9479637576885886
SV1_C70910,C70910,0.7834847533544295
SV1_C07245,C07245,0.7980655674233829
SV1_C88917,C88917,0.7818261296297112
SV1_C80474,C80474,0.9281366339703023
SV1_C73300,C73300,0.9188330406697883
SV1_C79808,C79808,0.9324492041448545
SV1_C49810,C49810,0.8493350707608329
SV1_C00100,C00100,0.922377512195764
SV1_C84095,C84095,0.8112106685321673
SV1_C59496,C59496,0.9005324038779481
SV1_C73884,C73884,0.9190425530298623
SV1_C81077,C81077,0.9983279103617648
SV1_C00086,C00086,0.8862255756459757
SV1_C00033,C00033,0.9643328188689584
SV1_C54010,C54010,0.8911191884629155
SV1_C65490,C65490,0.8918357934489108
SV1_C72678,C72678,0.9103245704878536
SV1_C07845,C07845,0.7946371270106477
SV1_C22313,C22313,0.9489077362987717
SV1_C07823,C07823,0.9452648924615775
SV1_C72620,C72620,0.9281731109141192
SV1_C26509,C26509,0.9225385082781697
SV1_C80402,C80402,0.8918859338761993
SV1_C07207,C07207,0.8768102843242003
SV1_C00002,C00002,0.967909888191369
SV1_C22235,C22235,0.7556939865805664
SV1_C33117,C33117,0.972606983811777
SV1_C06624,C06624,0.9250366252735728
SV1_C71412,C71412,0.820322822829967
SV1_C11483,C11483,0.919413985267316
SV1_C66115,C66115,0.8030800803368673
SV1_C54703,C54703,0.9066616133447855
SV1_C93643,C93643,0.8589099095685682
SV1_C43836,C43836,0.7923903698810381
SV1_C46274,C46274,0.9647658733643579
SV1_C02514,C02514,0.8234728593658343
SV1_C54073,C54073,0.9472196041768753
SV1_C49874,C49874,0.8859094595024347
SV1_C97872,C97872,0.8983363824610866
SV1_C45604,C45604,0.8542351933436025
SV1_C80412,C80412,0.9269120497855979
SV1_C80490,C80490,0.8262931576768906
SV1_C33093,C33093,0.8047838311512467
SV1_C19285,C19285,0.796618699953328
SV1_C75695,C75695,0.8819803302113998
SV1_C69006,C69006,0.9604402562037483
SV1_C52842,C52842,0.8190383866199648
SV1_C91900,C91900,0.9233730586726024
SV1_C49206,C49206,0.8235603828113459
SV1_C64824,C64824,0.8688178974245231
SV1_C25825,C25825,0.970393428667675
SV1_C05484,C05484,0.825819366200809
SV1_C90608,C90608,0.9127311616525032
SV1_C90085,C90085,0.8916293923211853
SV1_C81015,C81015,0.8725062927185843
SV1_C85800,C85800,0.9016369820377191
SV1_C90690,C90690,0.8972462426481801
SV1_C43292,C43292,0.7293000038668507
SV1_C18074,C18074,0.7888814139457572
SV1_C84697,C84697,0.8179971246073537
SV1_C28912,C28912,0.9298964037382792
SV1_C96695,C96695,0.7657508607221298
SV1_C97230,C97230,0.9094820517102501
SV1_C60607,C60607,0.9320885638390471
SV1_C08440,C08440,0.8137424650094994
SV1_C93673,C93673,0.9160699964986031
SV1_C67825,C67825,0.8509856266545136
SV1_C70872,C70872,0.8735686345025362
SV1_C85309,C85309,0.8786642489733956
SV1_C65495,C65495,0.8356385810839019
SV1_C49867,C49867,0.9231323453515063
SV1_C81119,C81119,0.8277826480615577
SV1_C89512,C89512,0.9455976005011584
SV1_C73233,C73233,0.9392547088806987
SV1_C90642,C90642,0.8012121844145076
SV1_C90657,C90657,0.8512489036950753
SV1_C49853,C49853,0.9673011048774945
SV1_C94224,C94224,0.9736336431729599
SV1_C52831,C52831,0.9985369450921967
SV1_C12635,C12635,0.9777976014225995
SV1_C21691,C21691,0.9212702096608553
SV1_C12613,C12613,0.9489995263375498
SV1_C88888,C88888,0.870081338297064
SV1_C03629,C03629,0.9582941212372462
SV1_C94241,C94241,0.9731610306552972
SV1_C45009,C45009,0.8490660413842825
SV1_C100296,C100296,0.8872434031532686
SV1_C60695,C60695,0.7708108770515159
SV1_C42009,C42009,0.8850289986231128
SV1_C10245,C10245,0.811538864491371
SV1_C51673,C51673,0.9867146122657143
SV1_C28283,C28283,0.8100315804976868
SV1_C71476,C71476,0.889022454554471
SV1_C12703,C12703,0.915578151517871
SV1_C16272,C16272,0.9094810571692236
SV1_C65415,C65415,0.8244506320112455
SV1_C22275,C22275,0.7656529403962039
SV1_C61836,C61836,0.8234162564411652
SV1_C78119,C78119,0.8744811889184647
SV1_C57707,C57707,0.8632248065897903
SV1_C31272,C31272,0.9886353512403482
SV1_C88315,C88315,0.8512979037763614
SV1_C28315,C28315,0.8140853489904415
SV1_C57046,C57046,0.8798165654470833
SV1_C09117,C09117,0.8130328345207234
SV1_C61915,C61915,0.8454334152377448
SV1_C76260,C76260,0.8024054363645554
SV1_C46224,C46224,0.7982507623874224
SV1_C94919,C94919,0.8539438004592435
SV1_C31908,C31908,0.8279761253219815
SV1_C75070,C75070,0.8984573051920782
SV1_C29490,C29490,0.8183664692628394
SV1_C65500,C65500,0.9121171377185731
SV1_C54682,C54682,0.8826868293444664
SV1_C15673,C15673,0.928010987223963
SV1_C37203,C37203,0.9317401327788961
SV1_C08496,C08496,0.840491861843648
SV1_C60027,C60027,0.8409356731443006
SV1_C20413,C20413,0.9015211672564927
SV1_C69090,C69090,0.9333732811807559
SV1_C78685,C78685,0.9370653754429003
SV1_C82305,C82305,0.8859137216795134
SV1_C49883,C49883,0.8436050141270769
SV1_C24092,C24092,0.984742779764542
SV1_C52876,C52876,0.9863308244360823
SV1_C17408,C17408,0.8830340779811963
SV1_C60116,C60116,0.9261101707190011
SV1_C60100,C60100,0.905429648597889
SV1_C73289,C73289,0.8505256484836962
SV1_C72106,C72106,0.8801731076111309
SV1_C84601,C84601,0.9198624234558292
SV1_C62495,C62495,0.7772266596818528
SV1_C09011,C09011,0.8786738094482646
SV1_C04302,C04302,0.9068071062386802
SV1_C46884,C46884,0.8818815172772054
SV1_C61289,C61289,0.9431085927833783
SV1_C70841,C70841,0.8225758924145893
SV1_C10899,C10899,0.9973360090229387
SV1_C99618,C99618,0.8845697106850512
SV1_C63636,C63636,0.8726954918342539
SV1_C10248,C10248,0.7851902173703385
SV1_C61893,C61893,0.8238459520619723
SV1_C54101,C54101,0.8073194833108182
SV1_C79290,C79290,0.7970546952246971
SV1_C10280,C10280,0.9755980046041626
SV1_C16873,C16873,0.91978278750525
SV1_C90065,C90065,0.866606306528192
SV1_C17473,C17473,0.9101749495248668
SV1_C39001,C39001,0.8530799390706892
SV1_C34307,C34307,0.8603372555073804
SV1_C13869,C13869,0.798176307116253
SV1_C96114,C96114,0.9031015650665287
SV1_C22210,C22210,0.9169637978771831
SV1_C73297,C73297,0.922005829550804
SV1_C91297,C91297,0.9732176042187182
SV1_C47517,C47517,0.8046994977289703
SV1_C56408,C56408,0.9894365676414427
SV1_C78035,C78035,0.8977290030819912
SV1_C67846,C67846,0.9576396960908181
SV1_C69623,C69623,0.9766993319561006
SV1_C93070,C93070,0.9085695237241806
SV1_C91862,C91862,0.9337242113176819
SV1_C87602,C87602,0.9006436914688172
SV1_C81109,C81109,0.9045314237519501
SV1_C86412,C86412,0.8862841207831916
SV1_C50485,C50485,0.9702483985726604
SV1_C73886,C73886,0.8894244956694374
SV1_C72085,C72085,0.9283995230533914
SV1_C47435,C47435,0.8072153543316345
SV1_C28204,C28204,0.7792455980849325
SV1_C31883,C31883,0.9885505326541753
SV1_C91885,C91885,0.9543580543745999
SV1_C35475,C35475,0.8513626678002865
SV1_C49851,C49851,0.9259039042615388
SV1_C31915,C31915,0.8202899914289182
SV1_C45637,C45637,0.7952182818487669
SV1_C82895,C82895,0.7990732628603734
SV1_C04873,C04873,0.8799345865664497
SV1_C77478,C77478,0.91327016045731
SV1_C48053,C48053,0.9444459733040913
SV1_C06623,C06623,0.9512524717029824
SV1_C97839,C97839,0.9806726515543761
SV1_C78027,C78027,0.9019356628948194
SV1_C75026,C75026,0.9430481217641483
SV1_C77465,C77465,0.9131987435502189
SV1_C63000,C63000,0.9070866590670799
SV1_C25888,C25888,0.9107460797967779
SV1_C15033,C15033,0.9162459043481516
SV1_C63706,C63706,0.8890486044824616
SV1_C97278,C97278,0.8309325965424021
SV1_C97295,C97295,0.7978286604407653
SV1_C63619,C63619,0.8684914047511015
SV1_C05441,C05441,0.8584009105945634
SV1_C78075,C78075,0.8019102101414762
SV1_C73899,C73899,0.9692321617757476
SV1_C78714,C78714,0.8337668473824419
SV1_C95425,C95425,0.9713203085596178
SV1_C21695,C21695,0.9981102224243709
SV1_C47512,C47512,0.9259602728144123
SV1_C87631,C87631,0.8487873224237379
SV1_C74462,C74462,0.8426053464454133
SV1_C63605,C63605,0.9293005329342414
SV1_C04840,C04840,0.9141174052733348
SV1_C97281,C97281,0.8998295407464768
SV1_C10815,C10815,0.858658328793353
SV1_C63693,C63693,0.8000234014445206
SV1_C26445,C26445,0.8220783104079539
SV1_C23442,C23442,0.8074626860373102
SV1_C87041,C87041,0.8416743361247135
SV1_C48109,C48109,0.9516466353180802
SV1_C54106,C54106,0.8581299183929411
SV1_C23496,C23496,0.8494632078588986
SV1_C93087,C93087,0.8921901687744306
SV1_C69026,C69026,0.8294103909375207
SV1_C31898,C31898,0.8783555522738675
SV1_C75010,C75010,0.9036478995552467
SV1_C31277,C31277,0.9720379587399609
SV1_C72058,C72058,0.864425069307132
SV1_C00601,C00601,0.9980399074319967
SV1_C57072,C57072,0.8089122529688574
SV1_C71433,C71433,0.8802911831549309
SV1_C90678,C90678,0.9603484705614526
SV1_C28205,C28205,0.7661836901577272
SV1_C51708,C51708,0.7973825581354335
SV1_C86433,C86433,0.867791296664305
SV1_C41403,C41403,0.999023000761802
SV1_C78073,C78073,0.9592191968143001
SV1_C86423,C86423,0.8481280652674339
SV1_C75019,C75019,0.8326051720621281
SV1_C03004,C03004,0.9814639090099533
SV1_C22901,C22901,0.8839120818893502
SV1_C48614,C48614,0.8380402475593282
SV1_C51004,C51004,0.8635411625986414
SV1_C90620,C90620,0.8966862975070566
SV1_C21640,C21640,0.8930722231609414
SV1_C57690,C57690,0.8637160845843156
SV1_C18689,C18689,0.9000394391026183
SV1_C12609,C12609,0.9554978154943946
SV1_C09608,C09608,0.9903009849552544
SV1_C29496,C29496,0.8272676384055087
SV1_C24641,C24641,0.9007362886811712
SV1_C25299,C25299,0.8363471060730923
SV1_C07843,C07843,0.9133973963849377
SV1_C71435,C71435,0.9103928156676164
SV1_C90627,C90627,0.8145544711189252
SV1_C43867,C43867,0.8102043502271936
SV1_C55888,C55888,0.74231292628422
SV1_C22918,C22918,0.9116528902280143
SV1_C95419,C95419,0.960145216822145
SV1_C43236,C43236,0.7911685666385831
SV1_C60672,C60672,0.8205755215776347
SV1_C74463,C74463,0.9188617639595501
SV1_C12004,C12004,0.9143405865054953
SV1_C19892,C19892,0.7699464856833153
SV1_C93105,C93105,0.7880649071204355
SV1_C69028,C69028,0.792639079568826
SV1_C16843,C16843,0.801308524357553
SV1_C43918,C43918,0.80723559355143
SV1_C58837,C58837,0.8143809629584898
SV1_C09708,C09708,0.8295476416320485
SV1_C18618,C18618,0.9094976489032269
SV1_C00085,C00085,0.9794226853669432
SV1_C48072,C48072,0.9270418327237431
SV1_C62484,C62484,0.800210560275716
SV1_C91225,C91225,0.8786720122257607
SV1_C87625,C87625,0.8489550450723489
SV1_C85296,C85296,0.8194933311806886
SV1_C78652,C78652,0.8361828277952543
SV1_C54018,C54018,0.8901686477239538
SV1_C00632,C00632,0.9839225584634901
SV1_C46812,C46812,0.8213983586209772
SV1_C18605,C18605,0.8806662105366527
SV1_C76319,C76319,0.962686308626084
SV1_C10882,C10882,0.9240760891919232
SV1_C88234,C88234,0.8823989837341848
SV1_C75603,C75603,0.8573762460137023
SV1_C92504,C92504,0.8608852613660843
SV1_C13890,C13890,0.859479541008083
SV1_C73301,C73301,0.9226662011795178
SV1_C13905,C13905,0.7785125200835785
SV1_C44430,C44430,0.7751369113826413
SV1_C97302,C97302,0.8979229262433943
SV1_C59479,C59479,0.8403154569332711
SV1_C79889,C79889,0.8020077189203635
SV1_C96642,C96642,0.926124656782794
SV1_C56438,C56438,0.8757110220646879
SV1_C11403,C11403,0.863007260168842
SV1_C97908,C97908,0.8390937074278176
SV1_C07820,C07820,0.9511791854535556
SV1_C84107,C84107,0.8619051746893482
SV1_C32507,C32507,0.8151487078141721
SV1_C10883,C10883,0.917821584713573
SV1_C49203,C49203,0.8620654754218207
SV1_C66002,C66002,0.9424683928293952
SV1_C82215,C82215,0.8682852569161219
SV1_C87647,C87647,0.8216036792436606
SV1_C57007,C57007,0.9064591929773109
SV1_C58812,C58812,0.953228852299308
SV1_C72665,C72665,0.8207345471520138
SV1_C90001,C90001,0.9140839540799887
SV1_C85909,C85909,0.8608682148213445
SV1_C33710,C33710,0.8552196752537354
SV1_C70272,C70272,0.8378210856775786
SV1_C13853,C13853,0.8124344823223558
SV1_C01237,C01237,0.9853791769747835
SV1_C16833,C16833,0.8914541707007364
SV1_C01918,C01918,0.8801602098919803
SV1_C72092,C72092,0.8786488886078109
SV1_C24115,C24115,0.9167349261150494
SV1_C61818,C61818,0.9529756454230836
SV1_C61873,C61873,0.9216479003936969
SV1_C87047,C87047,0.8247313374227392
SV1_C64218,C64218,0.9170325252365832
SV1_C94236,C94236,0.9911131890430063
SV1_C82919,C82919,0.8020167881488574
SV1_C76909,C76909,0.8841900719509881
SV1_C45687,C45687,0.8518145140723209
SV1_C76299,C76299,0.9637459936352215
SV1_C87091,C87091,0.852638180515141
SV1_C25276,C25276,0.8469746327834181
SV1_C18687,C18687,0.8890025790040099
SV1_C52242,C52242,0.8174159751421891
SV1_C25221,C25221,0.9203610690929956
SV1_C90035,C90035,0.8285692307842925
SV1_C15676,C15676,0.9113658494755088
SV1_C51102,C51102,0.8669858491499601
SV1_C93626,C93626,0.9431305529671785
SV1_C12697,C12697,0.7316085949826757
SV1_C44411,C44411,0.9981602255568909
SV1_C48686,C48686,0.962530514253127
SV1_C36620,C36620,0.9948009805656399
SV1_C54619,C54619,0.8547211523565439
SV1_C33716,C33716,0.9531781779614281
SV1_C58836,C58836,0.8303195852776311
SV1_C48024,C48024,0.759061364915262
SV1_C27672,C27672,0.8126607706094645
SV1_C93015,C93015,0.8586226235782031
SV1_C58898,C58898,0.9634652851357444
SV1_C98518,C98518,0.8655968154155892
SV1_C70306,C70306,0.8738283500572865
SV1_C77407,C77407,0.7890308957463115
SV1_C60039,C60039,0.8237623703078952
SV1_C01820,C01820,0.758355713147405
SV1_C12056,C12056,0.7222315774514138
SV1_C25285,C25285,0.920402932317615
SV1_C27029,C27029,0.8649558758710927
SV1_C12680,C12680,0.9826029408201313
SV1_C91850,C91850,0.8766732839159932
SV1_C70223,C70223,0.9329378853491397
SV1_C73306,C73306,0.8890012791659134
SV1_C10902,C10902,0.9139743627827152
SV1_C97840,C97840,0.9057791997304937
SV1_C94840,C94840,0.9622948640455924
SV1_C90083,C90083,0.8604226389659904
SV1_C86410,C86410,0.8990456880288031
SV1_C74484,C74484,0.915807995014685
SV1_C15032,C15032,0.8460739168621344
SV1_C72062,C72062,0.8458689623472228
SV1_C68419,C68419,0.9263091303979067
SV1_C10212,C10212,0.9726977984439882
SV1_C64319,C64319,0.933748397985228
SV1_C47457,C47457,0.9759161981496881
SV1_C74421,C74421,0.9467921584517668
SV1_C46815,C46815,0.9819432039648683
SV1_C09048,C09048,0.790612472207518
SV1_C69686,C69686,0.957746367182664
SV1_C40219,C40219,0.9479923305035745
SV1_C34883,C34883,0.8468228778561679
SV1_C26411,C26411,0.9572624832352838
SV1_C85811,C85811,0.8104902507604231
SV1_C70847,C70847,0.8118593486174273
SV1_C39615,C39615,0.9636039161203263
SV1_C81096,C81096,0.8897214361886387
SV1_C07290,C07290,0.8258612255173119
SV1_C00035,C00035,0.99080336878098
SV1_C54683,C54683,0.984010262666014
SV1_C45619,C45619,0.9445798695426967
SV1_C27021,C27021,0.9055557141658086
SV1_C04288,C04288,0.9346904776500269
SV1_C07250,C07250,0.7504509646106167
SV1_C15009,C15009,0.9204624231948076
SV1_C49828,C49828,0.7890037070997011
SV1_C48050,C48050,0.9129472891778198
SV1_C24078,C24078,0.9075537668182132
SV1_C60006,C60006,0.9827315229855342
SV1_C37222,C37222,0.984539228857933
SV1_C15616,C15616,0.8855691212393252
SV1_C63102,C63102,0.9541697646962033
SV1_C20419,C20419,0.8650908025662315
SV1_C47518,C47518,0.8849616969817622
SV1_C19275,C19275,0.8031078310268946
SV1_C97899,C97899,0.9511423476768578
SV1_C27673,C27673,0.8545490296819267
SV1_C76914,C76914,0.8020072683181017
SV1_C09665,C09665,0.8893649498304291
SV1_C71403,C71403,0.9774836723350381
SV1_C77423,C77423,0.8689200199756295
SV1_C30716,C30716,0.999551536843325
SV1_C05510,C05510,0.8429915530482629
SV1_C34907,C34907,0.8843622643701856
SV1_C30695,C30695,0.8503219615594466
SV1_C74456,C74456,0.761900911051697
SV1_C92404,C92404,0.866992957989926
SV1_C34223,C34223,0.9348308986363018
SV1_C66018,C66018,0.8661939840847696
SV1_C68510,C68510,0.9768256064672622
SV1_C13219,C13219,0.8649503464923689
SV1_C18023,C18023,0.892086976984163
SV1_C62440,C62440,0.7782701413731572
SV1_C97277,C97277,0.8815232468219864
SV1_C06010,C06010,0.9065262140876896
SV1_C29517,C29517,0.9938834874089953
SV1_C54627,C54627,0.9861691514663369
SV1_C67817,C67817,0.8915859122425549
SV1_C46826,C46826,0.7623524611314526
SV1_C82804,C82804,0.953455845224602
SV1_C66017,C66017,0.875965778455954
SV1_C03102,C03102,0.8888023908998026
SV1_C37814,C37814,0.8921583106819005
SV1_C25203,C25203,0.9783865790234615
SV1_C95487,C95487,0.9115436415680197
SV1_C60638,C60638,0.8175500128490836
SV1_C54114,C54114,0.9110905634938515
SV1_C76241,C76241,0.8252277074349282
SV1_C100204,C100204,0.9096987293211475
SV1_C07809,C07809,0.9925172500386359
SV1_C46800,C46800,0.8360454593274352
SV1_C20422,C20422,0.9517269091015045
SV1_C85308,C85308,0.847330237504003
SV1_C54003,C54003,0.8559349623077955
SV1_C81000,C81000,0.943498331373337
SV1_C76903,C76903,0.9460404218435844
SV1_C69003,C69003,0.8920795698321714
SV1_C96110,C96110,0.926093677951764
SV1_C09079,C09079,0.8787203767218391
SV1_C05427,C05427,0.8790870858222325
SV1_C60026,C60026,0.8136448672353437
SV1_C60030,C60030,0.8182122442439359
SV1_C00007,C00007,0.8208210545504565
SV1_C94281,C94281,0.9062153520630917
SV1_C42613,C42613,0.8598827833307175
SV1_C86493,C86493,0.9771379281219762
SV1_C93115,C93115,0.786581891998161
SV1_C09050,C09050,0.764165359685327
SV1_C69110,C69110,0.9666988972839087
SV1_C91202,C91202,0.9389261580822506
SV1_C45059,C45059,0.7975501857927616
SV1_C62424,C62424,0.8051884164498537
SV1_C25219,C25219,0.976208091148305
SV1_C79895,C79895,0.7605297635165755
SV1_C49827,C49827,0.7856382440710854
SV1_C78717,C78717,0.8203050205785533
SV1_C52274,C52274,0.8960768019838234
SV1_C52201,C52201,0.8784895606969695
SV1_C28201,C28201,0.7596434427991924
SV1_C99114,C99114,0.9869228387613174
SV1_C76280,C76280,0.8940574265557303
SV1_C18014,C18014,0.9333253189898081
SV1_C23514,C23514,0.9893497223356413
SV1_C42013,C42013,0.8783306397649551
SV1_C04235,C04235,0.9396513721290302
SV1_C51710,C51710,0.9103472392180785
SV1_C18039,C18039,0.879713060074749
SV1_C76882,C76882,0.906056571434257
SV1_C01840,C01840,0.9670535247736024
SV1_C27097,C27097,0.9549003674341497
SV1_C54687,C54687,0.9931911478788357
SV1_C32492,C32492,0.819020031011708
SV1_C44514,C44514,0.9266049134724579
SV1_C43260,C43260,0.9785057787774885
SV1_C97845,C97845,0.9357346253618885
SV1_C19873,C19873,0.9185900116510604
SV1_C74417,C74417,0.8988754016791558
SV1_C53439,C53439,0.9907505051333431
SV1_C46871,C46871,0.7794999275572493
SV1_C86505,C86505,0.9887109127445063
SV1_C83414,C83414,0.8999891747759317
SV1_C57081,C57081,0.799633690397328
SV1_C60684,C60684,0.9309418359152738
SV1_C45039,C45039,0.7720956259301097
SV1_C74448,C74448,0.7612845982000366
SV1_C03719,C03719,0.8294250515931889
SV1_C58822,C58822,0.8836745820545936
SV1_C13260,C13260,0.7695389506227961
SV1_C24618,C24618,0.9170642925176935
SV1_C91877,C91877,0.9718321688163409
SV1_C24004,C24004,0.9097646011003583
SV1_C64229,C64229,0.8308560713297252
SV1_C43282,C43282,0.8958871412079187
SV1_C02487,C02487,0.7826662882784727
SV1_C33685,C33685,0.9285924109603778
SV1_C06101,C06101,0.8399275848822553
SV1_C75642,C75642,0.9163808941900863
SV1_C46316,C46316,0.7776162706186655
SV1_C01209,C01209,0.9994143995331988
SV1_C42601,C42601,0.8672984944604722
SV1_C74447,C74447,0.9658511137055017
SV1_C72064,C72064,0.8251212290329073
SV1_C97200,C97200,0.9986209351604339
SV1_C22304,C22304,0.8631998906295658
SV1_C09119,C09119,0.972793486442221
SV1_C91206,C91206,0.9448997305342322
SV1_C14442,C14442,0.9447830657653492
SV1_C87103,C87103,0.833368229087765
SV1_C95427,C95427,0.9780370844514823
SV1_C91904,C91904,0.9234905907541544
SV1_C01232,C01232,0.9869870336524856
SV1_C71505,C71505,0.8290987365354121
SV1_C16885,C16885,0.8627243614165717
SV1_C73216,C73216,0.9099443993051566
SV1_C06691,C06691,0.9152597877971403
SV1_C06013,C06013,0.8404090837633982
SV1_C00027,C00027,0.9803438116254763
SV1_C93059,C93059,0.7733729617040619
SV1_C50444,C50444,0.7592098011012048
SV1_C40810,C40810,0.9520250202777533
SV1_C90711,C90711,0.8220036591475338
SV1_C51644,C51644,0.7765628289486106
SV1_C90030,C90030,0.836708061142281
SV1_C24710,C24710,0.9719307932945694
SV1_C58200,C58200,0.9452637876079113
SV1_C77432,C77432,0.9866462509384931
SV1_C44435,C44435,0.7822583885075343
SV1_C02419,C02419,0.7754520408351231
SV1_C74479,C74479,0.8408431697041424
SV1_C60673,C60673,0.9009603653228434
SV1_C07306,C07306,0.9031879073135828
SV1_C51095,C51095,0.9099767616774921
SV1_C94898,C94898,0.9181683240869557
SV1_C66087,C66087,0.8301607347221737
SV1_C24036,C24036,0.9862187495420748
SV1_C79291,C79291,0.9604927521454747
SV1_C21673,C21673,0.7886487219286799
SV1_C12618,C12618,0.8554088686873969
SV1_C01896,C01896,0.9206634109142555
SV1_C53477,C53477,0.9700163557710628
SV1_C90614,C90614,0.9790888201544061
SV1_C67843,C67843,0.7722353723986164
SV1_C87114,C87114,0.9193950376954233
SV1_C60715,C60715,0.8720224860004936
SV1_C75654,C75654,0.8395070670013867
SV1_C28876,C28876,0.9423121304239029
SV1_C86485,C86485,0.8073352123618343
SV1_C67895,C67895,0.9038069759034011
SV1_C01839,C01839,0.9973132575014095
SV1_C04232,C04232,0.9648805663513339
SV1_C55815,C55815,0.8560891588172919
SV1_C10865,C10865,0.89735369630555
SV1_C96616,C96616,0.9542786479117422
SV1_C15034,C15034,0.980656436554881
SV1_C72082,C72082,0.9063849858599111
SV1_C31214,C31214,0.9305489987841297
SV1_C22886,C22886,0.8891045489432547
SV1_C04898,C04898,0.9016588055651684
SV1_C48042,C48042,0.8546475566312616
SV1_C60107,C60107,0.895367804890977
SV1_C15688,C15688,0.8495551021645656
SV1_C00103,C00103,0.8047005543374738
SV1_C36018,C36018,0.9346505762220655
SV1_C88911,C88911,0.8318950688375408
SV1_C100210,C100210,0.8773147131589227
SV1_C50422,C50422,0.8298981001623804
SV1_C91913,C91913,0.8834690480155506
SV1_C20445,C20445,0.8026637613766915
SV1_C53510,C53510,0.9026322803162584
SV1_C84709,C84709,0.8738941560590252
SV1_C91880,C91880,0.9369161794226294
SV1_C95413,C95413,0.9753679145834344
SV1_C19217,C19217,0.8562397676471412
SV1_C10851,C10851,0.8926163316691756
SV1_C24011,C24011,0.9928764326896412
SV1_C07838,C07838,0.9509250571856642
SV1_C64308,C64308,0.8998479705315592
SV1_C22842,C22842,0.8030211501549449
SV1_C53512,C53512,0.7503945396798768
SV1_C28918,C28918,0.9466959101319526
SV1_C37800,C37800,0.8290562867093452
SV1_C25832,C25832,0.9850185892679523
SV1_C63094,C63094,0.7770110455861573
SV1_C77490,C77490,0.8248507264228987
SV1_C13278,C13278,0.9193468283055978
SV1_C99105,C99105,0.9152832358449349
SV1_C04883,C04883,0.9371068711970224
SV1_C21705,C21705,0.8877382611146124
SV1_C93019,C93019,0.8784205032043418
SV1_C25297,C25297,0.8828845148237583
SV1_C89496,C89496,0.9938315497437475
SV1_C96703,C96703,0.9794639875168085
SV1_C31890,C31890,0.8317826471676935
SV1_C99634,C99634,0.9691141280607272
SV1_C01811,C01811,0.8159744778920202
SV1_C89470,C89470,0.8142093075316896
SV1_C72693,C72693,0.9077457799916488
SV1_C67890,C67890,0.9326642423214463
SV1_C05518,C05518,0.8700940645493703
SV1_C69023,C69023,0.9924256807299568
SV1_C94906,C94906,0.9258003685103534
SV1_C48646,C48646,0.9330948333036783
SV1_C100247,C100247,0.8983728097582054
SV1_C75676,C75676,0.9187478090925464
SV1_C55222,C55222,0.7843873002641771
SV1_C100223,C100223,0.8450883616833206
SV1_C06710,C06710,0.8430945753042428
SV1_C47465,C47465,0.9147075813245038
SV1_C36614,C36614,0.877888696314296
SV1_C63044,C63044,0.7622814128549309
SV1_C93617,C93617,0.9281358798413694
SV1_C18087,C18087,0.9181768933355058
SV1_C13214,C13214,0.9352456727504405
SV1_C85900,C85900,0.8402200425951424
SV1_C99642,C99642,0.9094346190285425
SV1_C46849,C46849,0.9867186933267864
SV1_C82279,C82279,0.9652936398701742
SV1_C59420,C59420,0.8393212038151796
SV1_C51699,C51699,0.9315093857754184
SV1_C04912,C04912,0.8552863785080201
SV1_C86468,C86468,0.8010730211531955
SV1_C70211,C70211,0.9804049876432334
SV1_C91905,C91905,0.9282733786481346
SV1_C37218,C37218,0.9382020431091448
SV1_C35411,C35411,0.8291375808990386
SV1_C76298,C76298,0.8809751237947501
SV1_C00625,C00625,0.9563736572056175
SV1_C90600,C90600,0.8977826125941292
SV1_C07894,C07894,0.813857192029586
SV1_C43218,C43218,0.876151599120815
SV1_C40205,C40205,0.8756374328544895
SV1_C46253,C46253,0.99622144982998
SV1_C66680,C66680,0.8299267114527175
SV1_C78097,C78097,0.7578602584871801
SV1_C89428,C89428,0.7923615264639258
SV1_C08455,C08455,0.8928157091031373
SV1_C55296,C55296,0.8840055371036871
SV1_C72664,C72664,0.833319711656495
SV1_C83495,C83495,0.8072474112770534
SV1_C31902,C31902,0.876910639012382
SV1_C90022,C90022,0.9299703026726186
SV1_C99079,C99079,0.9207578416317989
SV1_C01294,C01294,0.8362348379942631
SV1_C31904,C31904,0.8225593645442378
SV1_C24113,C24113,0.9633938650380859
SV1_C23437,C23437,0.9722302181464084
SV1_C63616,C63616,0.8834778412645458
SV1_C66043,C66043,0.7893635038317658
SV1_C27677,C27677,0.8584143746339531
SV1_C97841,C97841,0.9162659966326226
SV1_C67279,C67279,0.8264051117410222
SV1_C64831,C64831,0.8492633413185853
SV1_C62515,C62515,0.8321180688693217
SV1_C86464,C86464,0.7305272866234277
SV1_C57646,C57646,0.9103575555342613
SV1_C08402,C08402,0.9334650857054015
SV1_C93680,C93680,0.9072080436393783
SV1_C69707,C69707,0.8626283162836126
SV1_C09053,C09053,0.7972022670188212
SV1_C83477,C83477,0.9245134845629643
SV1_C04846,C04846,0.982441113059299
SV1_C08494,C08494,0.8127263688043557
SV1_C28809,C28809,0.9163034515656981
SV1_C45667,C45667,0.8186422858263678
SV1_C13817,C13817,0.954408309311029
SV1_C69685,C69685,0.8782458170828508
SV1_C55283,C55283,0.9902253799895935
SV1_C90088,C90088,0.8549518389777863
SV1_C48672,C48672,0.913132966236101
SV1_C64213,C64213,0.9253503127310053
SV1_C96039,C96039,0.9622090822781862
SV1_C93714,C93714,0.9089493595683753
SV1_C21094,C21094,0.7841140177054569
SV1_C88267,C88267,0.9368730089665329
SV1_C94911,C94911,0.9995444966118444
SV1_C73844,C73844,0.7805416153174023
SV1_C10253,C10253,0.7929073827072457
SV1_C53428,C53428,0.9524047110562313
SV1_C44516,C44516,0.7825429218860334
SV1_C77430,C77430,0.9565972374900763
SV1_C04310,C04310,0.8863939540287457
SV1_C27072,C27072,0.8519432184234803
SV1_C09067,C09067,0.9875411258827407
SV1_C75115,C75115,0.9174152031588619
SV1_C49223,C49223,0.9933626197395865
SV1_C72713,C72713,0.8547765483927514
SV1_C43300,C43300,0.9913896053474064
SV1_C03682,C03682,0.863934512658317
SV1_C52235,C52235,0.9973806350259091
SV1_C35407,C35407,0.8146405701604832
SV1_C48657,C48657,0.9201044104894038
SV1_C52916,C52916,0.7069518644604329
SV1_C50473,C50473,0.9892316492681044
SV1_C44421,C44421,0.868086670924756
SV1_C76302,C76302,0.8823166364744442
SV1_C91879,C91879,0.929071402711681
SV1_C75689,C75689,0.8284660456406285
SV1_C22232,C22232,0.986164876638212
SV1_C12626,C12626,0.9065949053045347
SV1_C88299,C88299,0.8364042011460319
SV1_C99041,C99041,0.9175839474237534
SV1_C61310,C61310,0.9724439585042018
SV1_C22228,C22228,0.985739439009239
SV1_C01828,C01828,0.9806764130033295
SV1_C62509,C62509,0.9290579401918361
SV1_C46877,C46877,0.9491022487977987
SV1_C28223,C28223,0.7309493808682517
SV1_C26517,C26517,0.8811215260028591
SV1_C07241,C07241,0.871774293947225
SV1_C51700,C51700,0.8122221670003525
SV1_C18012,C18012,0.8789971255831802
SV1_C77459,C77459,0.8038218615359958
SV1_C67213,C67213,0.9682718638481463
SV1_C94830,C94830,0.9435229994673706
SV1_C86481,C86481,0.8054809697822393
SV1_C99020,C99020,0.8303764585790679
SV1_C52912,C52912,0.7541275446292743
SV1_C50511,C50511,0.9793649640917017
SV1_C93024,C93024,0.9004418188899067
SV1_C25840,C25840,0.900393147476559
SV1_C13226,C13226,0.8914266914934744
SV1_C33074,C33074,0.8575750700448248
SV1_C27091,C27091,0.8693168616630648
SV1_C82276,C82276,0.967345781869611
SV1_C16817,C16817,0.9075928906642707
SV1_C43853,C43853,0.9969752846917427
SV1_C23407,C23407,0.9872868964280008
SV1_C31274,C31274,0.8529537061935161
SV1_C42014,C42014,0.9439720335018349
SV1_C72024,C72024,0.8942493775538127
SV1_C68444,C68444,0.8621458309047986
SV1_C72710,C72710,0.8752216321349486
SV1_C19809,C19809,0.8866266512232356
SV1_C56508,C56508,0.990933333514419
SV1_C09642,C09642,0.8899158950829912
SV1_C58214,C58214,0.9996007480130294
SV1_C64216,C64216,0.8917250884653815
SV1_C13888,C13888,0.9024941620481812
SV1_C54679,C54679,0.9768073834508175
SV1_C48092,C48092,0.7969459250071674
SV1_C13916,C13916,0.837065388623461
SV1_C99036,C99036,0.9667941154971663
SV1_C32504,C32504,0.81108193476754
SV1_C27016,C27016,0.9630780087619067
SV1_C69713,C69713,0.8822607491950635
SV1_C70888,C70888,0.9900691237744342
SV1_C57010,C57010,0.9858226672913997
SV1_C48016,C48016,0.7381298400983417
SV1_C100291,C100291,0.990067232955674
SV1_C87620,C87620,0.8655146998504153
SV1_C08418,C08418,0.9302750608616944
SV1_C72633,C72633,0.9444621659639646
SV1_C07826,C07826,0.9284075425376161
SV1_C76801,C76801,0.8893314049017508
SV1_C11474,C11474,0.8984226441626186
SV1_C48037,C48037,0.802337188585339
SV1_C13298,C13298,0.7449249390491057
SV1_C88263,C88263,0.9870656185183468
SV1_C57040,C57040,0.7882986426962563
SV1_C03613,C03613,0.9707696983246469
SV1_C94291,C94291,0.8970588151784347
SV1_C06042,C06042,0.9033712176938764
SV1_C94834,C94834,0.9514459930143181
SV1_C92480,C92480,0.9282084187084436
SV1_C31880,C31880,0.9927899220441887
SV1_C44505,C44505,0.9995121945848081
SV1_C90086,C90086,0.9190660459490814
SV1_C96118,C96118,0.7614368547615683
SV1_C01212,C01212,0.9834560539330944
SV1_C08492,C08492,0.7697003420542692
SV1_C03694,C03694,0.826730165692642
SV1_C99026,C99026,0.948339623762372
SV1_C81116,C81116,0.833922915461339
SV1_C09084,C09084,0.9602432751459287
SV1_C21696,C21696,0.8383190266477797
SV1_C10243,C10243,0.8980387890686459
SV1_C77452,C77452,0.8382462338814111
SV1_C18076,C18076,0.8599982815214572
SV1_C26436,C26436,0.9436429398618749
SV1_C46909,C46909,0.9856022651246442
SV1_C54676,C54676,0.9277938824723785
SV1_C73284,C73284,0.9206039682956381
SV1_C90014,C90014,0.9721420956560297
SV1_C56478,C56478,0.8027809274493412
SV1_C99092,C99092,0.9165730602210795
SV1_C56502,C56502,0.9250762394204005
SV1_C14416,C14416,0.8877822243025579
SV1_C82287,C82287,0.9910273789243131
SV1_C55217,C55217,0.8895061189664392
SV1_C12644,C12644,0.835073034440229
SV1_C18638,C18638,0.8953673306119748
SV1_C85883,C85883,0.8477938975494574
SV1_C96677,C96677,0.8940295279263847
SV1_C46239,C46239,0.7725663189862947
SV1_C57634,C57634,0.8629255781592834
SV1_C17412,C17412,0.8893697409397711
SV1_C15626,C15626,0.9543556723814364
SV1_C95436,C95436,0.9844991221296363
SV1_C13305,C13305,0.768156451365895
SV1_C06612,C06612,0.7969714028645102
SV1_C81715,C81715,0.8960519061990228
SV1_C79886,C79886,0.8817292978072536
SV1_C80414,C80414,0.8809839846413939
SV1_C15007,C15007,0.895675709996134
SV1_C96000,C96000,0.9919323813966221
SV1_C70225,C70225,0.904820395550065
SV1_C67283,C67283,0.8334948780069018
SV1_C02433,C02433,0.9764959674772288
SV1_C86453,C86453,0.8226705213770052
SV1_C73806,C73806,0.9114806301847096
SV1_C90636,C90636,0.8129154705547549
SV1_C69624,C69624,0.8454776943223437
SV1_C92517,C92517,0.7589411333820256
SV1_C10830,C10830,0.8721350188088501
SV1_C60605,C60605,0.9587092533793757
SV1_C67873,C67873,0.8911701489853663
SV1_C24701,C24701,0.8915860729506778
SV1_C12095,C12095,0.9063833751627222
SV1_C24094,C24094,0.9264731243128344
SV1_C98415,C98415,0.8745388339326257
SV1_C51688,C51688,0.8936718608558998
SV1_C49222,C49222,0.9554041735864769
SV1_C64233,C64233,0.8452770661794179
SV1_C75048,C75048,0.7581925883662626
SV1_C84688,C84688,0.8625132607591917
SV1_C55819,C55819,0.8288654383780156
SV1_C10884,C10884,0.9343118493049839
SV1_C75670,C75670,0.903022954035892
SV1_C89475,C89475,0.8397859751134886
SV1_C50408,C50408,0.8683561781339643
SV1_C55211,C55211,0.8322205945542949
SV1_C02402,C02402,0.9631390597018838
SV1_C87078,C87078,0.8461941028038269
SV1_C15618,C15618,0.9381816100840566
SV1_C25906,C25906,0.9297701971343963
SV1_C99086,C99086,0.8966920437522794
SV1_C84718,C84718,0.8492791797654384
SV1_C69013,C69013,0.9741497256974146
SV1_C73258,C73258,0.8650835232340975
SV1_C49294,C49294,0.8394054983425421
SV1_C57628,C57628,0.8340574936497994
SV1_C17414,C17414,0.9428975808932328
SV1_C13862,C13862,0.8466281260018376
SV1_C18020,C18020,0.803085815261166
SV1_C87032,C87032,0.8300695951476448
SV1_C88876,C88876,0.8451858276306287
SV1_C10201,C10201,0.9791241927558726
SV1_C66104,C66104,0.9101188992960575
SV1_C54013,C54013,0.8744377426085952
SV1_C83494,C83494,0.8394577023315548
SV1_C47440,C47440,0.9198482575348675
SV1_C54643,C54643,0.9234962150638878
SV1_C67910,C67910,0.9791975704319121
SV1_C48678,C48678,0.983248434367051
SV1_C51633,C51633,0.9135128218259964
SV1_C55201,C55201,0.933580506860106
SV1_C63704,C63704,0.8861187220845207
SV1_C16279,C16279,0.927642619973425
SV1_C43245,C43245,0.9210241627794605
SV1_C64891,C64891,0.7790397674223642
SV1_C77507,C77507,0.8933923642124866
SV1_C00109,C00109,0.9269107871572282
SV1_C89427,C89427,0.8399468325079751
SV1_C92468,C92468,0.9289152769334685
SV1_C51042,C51042,0.810383401044494
SV1_C00687,C00687,0.7889332369928754
SV1_C61880,C61880,0.8371627798644117
SV1_C49313,C49313,0.8113911851527392
SV1_C18626,C18626,0.8445990828145
SV1_C71477,C71477,0.8861689350043436
SV1_C45019,C45019,0.9447623823351965
SV1_C71509,C71509,0.8252897727104277
SV1_C06029,C06029,0.9646452433357683
SV1_C88200,C88200,0.8738233322798552
SV1_C100281,C100281,0.9251807814390279
SV1_C46848,C46848,0.9793228966851414
SV1_C87696,C87696,0.9913572905243427
SV1_C90042,C90042,0.8285916598199732
SV1_C35418,C35418,0.9609945435141503
SV1_C67238,C67238,0.916157152524146
SV1_C41404,C41404,0.8513588715232121
SV1_C10825,C10825,0.8712397688014356
SV1_C04833,C04833,0.9178763318115848
SV1_C03644,C03644,0.8708736579456342
SV1_C05437,C05437,0.9202764135419358
SV1_C90666,C90666,0.8647194576602228
SV1_C34820,C34820,0.9658913413238156
SV1_C92405,C92405,0.887072452757418
SV1_C69681,C69681,0.8652746943371652
SV1_C61282,C61282,0.9935702148370168
SV1_C04301,C04301,0.8778851596424903
SV1_C64224,C64224,0.8356900204615775
SV1_C85805,C85805,0.9053782581883955
SV1_C55828,C55828,0.9733576432325797
SV1_C25826,C25826,0.8786980069204976
SV1_C44496,C44496,0.9934388313460434
SV1_C09044,C09044,0.8056557235688974
SV1_C26427,C26427,0.8685046959094296
SV1_C74465,C74465,0.8417057200013427
SV1_C32494,C32494,0.7535040570964178
SV1_C27047,C27047,0.7368080887680977
SV1_C24625,C24625,0.9851050525062778
SV1_C69600,C69600,0.9725126670360241
SV1_C48111,C48111,0.8288871931486408
SV1_C06106,C06106,0.8696052485408361
SV1_C94847,C94847,0.7975667301708488
SV1_C49309,C49309,0.8240549711707992
SV1_C00711,C00711,0.8221464142486761
SV1_C15036,C15036,0.8530954937126015
SV1_C72048,C72048,0.7618898626339838
SV1_C02518,C02518,0.8800585345814458
SV1_C08456,C08456,0.7914167323341961
SV1_C76841,C76841,0.8435249495927525
SV1_C60698,C60698,0.9877096182521127
SV1_C60033,C60033,0.8360357151612733
SV1_C100285,C100285,0.9078519941940844
SV1_C57084,C57084,0.7946370535848875
SV1_C51672,C51672,0.9961946053963048
SV1_C81083,C81083,0.9851501152092267
SV1_C58823,C58823,0.8610402413576224
SV1_C69622,C69622,0.9256112332286236
SV1_C80416,C80416,0.886676410854625
SV1_C66098,C66098,0.9930669652750765
SV1_C11454,C11454,0.7695491496676902
SV1_C59434,C59434,0.8379351092025185
SV1_C49870,C49870,0.850469024859076
SV1_C78068,C78068,0.8522764473338252
SV1_C30100,C30100,0.8285615222173686
SV1_C07281,C07281,0.9942776318134275
SV1_C03600,C03600,0.9677048523940452
SV1_C04298,C04298,0.9064251751258421
SV1_C91884,C91884,0.9199584377560588
SV1_C31879,C31879,0.9799199656903058
SV1_C03621,C03621,0.7421365447404958
SV1_C74467,C74467,0.9525015901529069
SV1_C09064,C09064,0.8934109692396381
SV1_C100294,C100294,0.8504353065827892
SV1_C31280,C31280,0.9863343818719775
SV1_C48662,C48662,0.9514120163093867
SV1_C51046,C51046,0.8094834343498175
SV1_C66045,C66045,0.9098544950379206
SV1_C12041,C12041,0.7900382726601323
SV1_C60604,C60604,0.9345585393370588
SV1_C03608,C03608,0.9696160248358588
SV1_C60610,C60610,0.9833259600935138
SV1_C48057,C48057,0.9456680235820022
SV1_C45070,C45070,0.7752725150850832
SV1_C33114,C33114,0.8415031266094304
SV1_C91288,C91288,0.8404037180805455
SV1_C28901,C28901,0.8106593212832511
SV1_C43253,C43253,0.9942314131280574
SV1_C09057,C09057,0.7977870206733141
SV1_C54603,C54603,0.845528080181467
SV1_C88218,C88218,0.9630036999935147
SV1_C21631,C21631,0.7605174289927148
SV1_C78111,C78111,0.8077382675294632
SV1_C94201,C94201,0.9745417076461732
SV1_C99705,C99705,0.9297795127792186
SV1_C19800,C19800,0.8837344705780578
SV1_C23434,C23434,0.8908394193731087
SV1_C58847,C58847,0.8391380384615114
SV1_C48616,C48616,0.7906680576023206
SV1_C61245,C61245,0.878769647489772
SV1_C61879,C61879,0.8721689790888154
SV1_C20418,C20418,0.9096491277117038
SV1_C81013,C81013,0.9260462616416765
SV1_C10275,C10275,0.8809329846477315
SV1_C75632,C75632,0.8972450021922164
SV1_C22897,C22897,0.8761599632924245
SV1_C67284,C67284,0.8388347489523347
SV1_C46876,C46876,0.9103629015936829
SV1_C12604,C12604,0.9595609792156804
SV1_C26409,C26409,0.921322501967597
SV1_C29480,C29480,0.9534586208151216
SV1_C43281,C43281,0.8683993281261324
SV1_C76870,C76870,0.8919590096323934
SV1_C06079,C06079,0.9997936944881738
SV1_C97805,C97805,0.9961639421199765
SV1_C46210,C46210,0.9401939536247134
SV1_C46249,C46249,0.9949404936963332
SV1_C91304,C91304,0.9690256967376433
SV1_C68478,C68478,0.9638871181456907
SV1_C50438,C50438,0.8732988088239982
SV1_C28815,C28815,0.8976868692444517
SV1_C58319,C58319,0.8189518599389719
SV1_C88846,C88846,0.7698255389486639
SV1_C66011,C66011,0.7896670587037131
SV1_C01213,C01213,0.991454196142253
SV1_C63683,C63683,0.9345239247189668
SV1_C21006,C21006,0.9010998401515684
SV1_C41402,C41402,0.9578394376878122
SV1_C85279,C85279,0.8511457288652352
SV1_C19277,C19277,0.8099234265495993
SV1_C21616,C21616,0.9504616261571238
SV1_C90619,C90619,0.9384143921542563
SV1_C22833,C22833,0.9793769928491548
SV1_C85290,C85290,0.8549554045366782
SV1_C48048,C48048,0.9363882614264338
SV1_C82291,C82291,0.9541004927972431
SV1_C68488,C68488,0.7866656425934421
SV1_C12682,C12682,0.8952649405194711
SV1_C45027,C45027,0.7848333815864117
SV1_C64243,C64243,0.8013254873450634
SV1_C58238,C58238,0.861335148621618
SV1_C91296,C91296,0.9678792336510516
SV1_C44438,C44438,0.7660481144194008
SV1_C66616,C66616,0.8765822639908015
SV1_C33679,C33679,0.9366312582578045
SV1_C49315,C49315,0.9426808434144326
SV1_C64893,C64893,0.7002470642282235
SV1_C46902,C46902,0.9663065763130843
SV1_C21638,C21638,0.8591358338496433
SV1_C16289,C16289,0.8409908759430728
SV1_C51087,C51087,0.9119165938271342
SV1_C01881,C01881,0.9748936181891501
SV1_C76224,C76224,0.9351182211104323
SV1_C10878,C10878,0.9244678821304989
SV1_C72709,C72709,0.9084251986123678
SV1_C30707,C30707,0.797614178576302
SV1_C00673,C00673,0.9565175161487112
SV1_C46235,C46235,0.7841388030911846
SV1_C96630,C96630,0.9275644000455815
SV1_C84680,C84680,0.9225809235669841
SV1_C03106,C03106,0.8869360055300619
SV1_C06682,C06682,0.8985044683873449
SV1_C69676,C69676,0.7858401575706739
SV1_C37817,C37817,0.9564159333522246
SV1_C43809,C43809,0.8531330057975762
SV1_C14440,C14440,0.8088117142788503
SV1_C69700,C69700,0.8672295522114674
SV1_C13300,C13300,0.7449129275646988
SV1_C68506,C68506,0.995685489808105
SV1_C89490,C89490,0.9215995638939543
SV1_C88260,C88260,0.7767960123358653
SV1_C27027,C27027,0.8948896698783649
SV1_C87672,C87672,0.8181567071024519
SV1_C62438,C62438,0.8156617024792481
SV1_C69626,C69626,0.8116572820744019
SV1_C96705,C96705,0.8186163162312985
SV1_C55306,C55306,0.8427673010473564
SV1_C60674,C60674,0.9710984151154334
SV1_C91301,C91301,0.9742144239313442
SV1_C78108,C78108,0.7867475003287295
SV1_C03715,C03715,0.8271912614662079
SV1_C54618,C54618,0.8790299884237592
SV1_C01319,C01319,0.8157645971219363
SV1_C99606,C99606,0.916938461968677
SV1_C85217,C85217,0.8569453072207723
SV1_C12103,C12103,0.9705933691978289
SV1_C57600,C57600,0.9466126083963142
SV1_C48035,C48035,0.814558649072973
SV1_C98409,C98409,0.9932516288536338
SV1_C45693,C45693,0.7683659880150805
SV1_C87015,C87015,0.8757134405623017
SV1_C56514,C56514,0.9217136723395117
SV1_C28246,C28246,0.8782685148197455
SV1_C23476,C23476,0.7976783931420391
SV1_C49306,C49306,0.8022410485509367
SV1_C67810,C67810,0.9563318791174538
SV1_C64837,C64837,0.9020293159505892
SV1_C90667,C90667,0.9074897720967632
SV1_C01293,C01293,0.8852916519713018
SV1_C84014,C84014,0.8961675106165595
SV1_C88224,C88224,0.8094142041724861
SV1_C57630,C57630,0.8564133128334465
SV1_C04316,C04316,0.9074150686421525
SV1_C47505,C47505,0.9812055965269871
SV1_C72639,C72639,0.8899819859505972
SV1_C59411,C59411,0.9425422080048595
SV1_C51106,C51106,0.8800671207512342
SV1_C75003,C75003,0.8624670503439948
SV1_C81714,C81714,0.8270854630265976
SV1_C23477,C23477,0.8482230724792178
SV1_C73829,C73829,0.9243887790114989
SV1_C15021,C15021,0.8168917411415707
SV1_C95495,C95495,0.7617174277177151
SV1_C03023,C03023,0.756507026414308
SV1_C07307,C07307,0.9850697759375192
SV1_C06087,C06087,0.9821128875775432
SV1_C46264,C46264,0.9266604151399788
SV1_C50410,C50410,0.9109207670961164
SV1_C45603,C45603,0.9995991533280771
SV1_C01826,C01826,0.8713321124505434
SV1_C35413,C35413,0.8979158184349642
SV1_C05422,C05422,0.8389559073329458
SV1_C73893,C73893,0.9060219220846715
SV1_C22282,C22282,0.8600233554429965
SV1_C16823,C16823,0.9003241030962884
SV1_C12114,C12114,0.7944137660419308
SV1_C09028,C09028,0.8390313136335262
SV1_C43825,C43825,0.8057777239741446
SV1_C27646,C27646,0.8450099010917159
SV1_C67893,C67893,0.744673998494086
SV1_C64237,C64237,0.8801848734474337
SV1_C64889,C64889,0.818021512995398
SV1_C09700,C09700,0.8391961262437666
SV1_C86435,C86435,0.8488619599505105
SV1_C10284,C10284,0.951439694021326
SV1_C93620,C93620,0.8728029710566682
SV1_C97221,C97221,0.8981502848220398
SV1_C76913,C76913,0.8311785255741174
SV1_C79917,C79917,0.8254970673175707
SV1_C53503,C53503,0.9306242043435677
SV1_C55309,C55309,0.8897727523688014
SV1_C85200,C85200,0.8915271954079838
SV1_C14415,C14415,0.9081053298253127
SV1_C60635,C60635,0.8388059144350862
SV1_C73913,C73913,0.8609866650107562
SV1_C13255,C13255,0.7607840175748026
SV1_C75097,C75097,0.9254417825942088
SV1_C54008,C54008,0.8734298418139417
SV1_C76250,C76250,0.8161506025523029
SV1_C96098,C96098,0.9119852098264588
SV1_C73314,C73314,0.8676326092008416
SV1_C58910,C58910,0.9359052520519011
SV1_C75648,C75648,0.7481481489474716
SV1_C98490,C98490,0.9179281265665447
SV1_C94306,C94306,0.9271405540123894
SV1_C51714,C51714,0.9279740576418226
SV1_C12616,C12616,0.90869796064239
SV1_C25222,C25222,0.8693085937709617
SV1_C64283,C64283,0.9474944178891584
SV1_C77445,C77445,0.8087281641349321
SV1_C94801,C94801,0.9793775661081808
SV1_C78049,C78049,0.840392286455342
SV1_C88233,C88233,0.8483888787495844
SV1_C04837,C04837,0.9333700737471196
SV1_C82903,C82903,0.8917985966487747
SV1_C30618,C30618,0.9201247795612411
SV1_C54611,C54611,0.8519116655708688
SV1_C58895,C58895,0.7637750634261647
SV1_C57078,C57078,0.7669692809885513
SV1_C52217,C52217,0.8805848482619337
SV1_C40209,C40209,0.8747626304352148
SV1_C91890,C91890,0.925125960163902
SV1_C18633,C18633,0.8307373088222182
SV1_C23406,C23406,0.914820860960641
SV1_C12631,C12631,0.980329069172462
SV1_C99081,C99081,0.9000793231956827
SV1_C90641,C90641,0.7705250724545044
SV1_C81078,C81078,0.9263034864623844
SV1_C10813,C10813,0.9540912734785622
SV1_C21646,C21646,0.8949592072543444
SV1_C45037,C45037,0.796389406921542
SV1_C63718,C63718,0.8807485283316359
SV1_C64302,C64302,0.8311088763918496
SV1_C88886,C88886,0.8748862103111211
SV1_C24613,C24613,0.9571237266076795
SV1_C02486,C02486,0.8941490030811367
SV1_C89436,C89436,0.798522702804755
SV1_C04813,C04813,0.9187309381961402
SV1_C72658,C72658,0.8654340480589948
SV1_C13271,C13271,0.8218039469837549
SV1_C88291,C88291,0.8506920112094579
SV1_C93699,C93699,0.9863025859129473
SV1_C78601,C78601,0.9735675248254378
SV1_C15022,C15022,0.8723697106632555
SV1_C84013,C84013,0.9340894435708443
SV1_C44507,C44507,0.8608756662785266
SV1_C62434,C62434,0.754172487529589
SV1_C83408,C83408,0.9529489471655774
SV1_C70822,C70822,0.9774528579233677
SV1_C49911,C49911,0.8588593812402248
SV1_C12607,C12607,0.791037490400137
SV1_C22225,C22225,0.9702429179466696
SV1_C82872,C82872,0.9435996178281971
SV1_C99610,C99610,0.9167241898205192
SV1_C72049,C72049,0.7649931212250289
SV1_C01309,C01309,0.9336710610108281
SV1_C76222,C76222,0.9437692547494099
SV1_C66693,C66693,0.7294734515545976
SV1_C51630,C51630,0.8986044212052611
SV1_C15607,C15607,0.8944090597305514
SV1_C58293,C58293,0.8873538806372115
SV1_C68477,C68477,0.8977283095195605
SV1_C72065,C72065,0.8115726703282896
SV1_C86446,C86446,0.7421827525579728
SV1_C40200,C40200,0.8342009657514378
SV1_C55915,C55915,0.8814212385521898
SV1_C52820,C52820,0.7800300271281552
SV1_C76878,C76878,0.9067380835430141
SV1_C87618,C87618,0.9547278670190844
SV1_C34902,C34902,0.8215717826928721
SV1_C49824,C49824,0.7871306989553689
SV1_C12658,C12658,0.7808454979367221
SV1_C09637,C09637,0.8875452987543911
SV1_C48710,C48710,0.8713430197655381
SV1_C14477,C14477,0.9219411380269026
SV1_C10223,C10223,0.9340872920056845
SV1_C62483,C62483,0.8710650427419073
SV1_C03035,C03035,0.9772095447980049
SV1_C48018,C48018,0.8600623850057859
SV1_C79222,C79222,0.930120263488043
SV1_C06105,C06105,0.8460111828670228
SV1_C10258,C10258,0.8001857562998834
SV1_C45018,C45018,0.8792496499729862
SV1_C77414,C77414,0.8969608726292421
SV1_C88295,C88295,0.9407940446040628
SV1_C58886,C58886,0.8982515726195651
SV1_C78663,C78663,0.763057881213623
SV1_C64839,C64839,0.8274473007415596
SV1_C50496,C50496,0.8130235520963243
SV1_C69697,C69697,0.9132045579825259
SV1_C87603,C87603,0.8473240732935867
SV1_C67274,C67274,0.9473816080864466
SV1_C03005,C03005,0.9890399279845355
SV1_C25210,C25210,0.9125660071897616
SV1_C99629,C99629,0.9991342417466494
SV1_C13819,C13819,0.8684620908178277
SV1_C45714,C45714,0.9275236252448458
SV1_C67818,C67818,0.8700073369247244
SV1_C49919,C49919,0.9921357435506406
SV1_C87626,C87626,0.8803284570598265
SV1_C12643,C12643,0.8712143868485516
SV1_C95431,C95431,0.9772586738871855
SV1_C89406,C89406,0.9260702603029003
SV1_C31814,C31814,0.9265626573254547
SV1_C33073,C33073,0.9796517303553862
SV1_C17475,C17475,0.9095491594192284
SV1_C75032,C75032,0.8626078073827739
SV1_C44445,C44445,0.941815954576091
SV1_C83491,C83491,0.9139024616741978
SV1_C90010,C90010,0.946507953140219
SV1_C22243,C22243,0.7333426883575518
SV1_C82878,C82878,0.8914254796950913
SV1_C04892,C04892,0.8965718608566594
SV1_C87614,C87614,0.9398245589104498
SV1_C14424,C14424,0.8395551588919633
SV1_C96012,C96012,0.9833187525300078
SV1_C48613,C48613,0.8174512313064322
SV1_C93075,C93075,0.907726732826975
SV1_C88834,C88834,0.8743917243872937
SV1_C45040,C45040,0.8816574274345126
SV1_C88257,C88257,0.812035565755243
SV1_C94876,C94876,0.9090207574843475
SV1_C76254,C76254,0.8167086376724899
SV1_C78716,C78716,0.8263785041736559
SV1_C52903,C52903,0.9341138275462019
SV1_C69641,C69641,0.8188507543472304
SV1_C33611,C33611,0.8376959469053319
SV1_C53403,C53403,0.8640994862358827
SV1_C00076,C00076,0.9741093790004062
SV1_C90640,C90640,0.7489964492176646
SV1_C22801,C22801,0.874575675382265
SV1_C90004,C90004,0.8978323353173708
SV1_C74513,C74513,0.8625405234394603
SV1_C98444,C98444,0.9268686716367661
SV1_C48637,C48637,0.7851013235072853
SV1_C89435,C89435,0.839130099711454
SV1_C49270,C49270,0.8192556709526322
SV1_C23487,C23487,0.8106990374399957
SV1_C68503,C68503,0.8986742071202096
SV1_C78615,C78615,0.7878635537857217
SV1_C16886,C16886,0.8678052004639739
SV1_C43233,C43233,0.8042755894961701
SV1_C97903,C97903,0.9543459123693145
SV1_C72638,C72638,0.9991979823244647
SV1_C84600,C84600,0.9249134196460611
SV1_C13873,C13873,0.9793817356672426
SV1_C54031,C54031,0.996045020172224
SV1_C47410,C47410,0.924220914045063
SV1_C15042,C15042,0.9446076922892948
SV1_C07221,C07221,0.9783202918740856
SV1_C33083,C33083,0.9735067223643953
SV1_C12665,C12665,0.8076435539384549
SV1_C92443,C92443,0.8159856482738166
SV1_C61318,C61318,0.8645715940822891
SV1_C30698,C30698,0.8661688287807335
SV1_C35412,C35412,0.8830525319707372
SV1_C52885,C52885,0.95985457191141
SV1_C51641,C51641,0.8055250458148958
SV1_C01235,C01235,0.989407823188069
SV1_C01279,C01279,0.777147838319094
SV1_C55242,C55242,0.8554003878192985
SV1_C72012,C72012,0.9621283896974792
SV1_C15633,C15633,0.9105714580046699
SV1_C07300,C07300,0.8387765974869726
SV1_C18643,C18643,0.827462524340771
SV1_C55234,C55234,0.95738033227734
SV1_C66703,C66703,0.9023535530681412
SV1_C70242,C70242,0.8340300067409105
SV1_C10272,C10272,0.977548704884035
SV1_C27094,C27094,0.8986375020941909
SV1_C63022,C63022,0.931228512939568
SV1_C24029,C24029,0.9859118580834411
SV1_C19842,C19842,0.7873686967853416
SV1_C15686,C15686,0.823238825415317
SV1_C25881,C25881,0.927134394770476
SV1_C30005,C30005,0.909220895443452
SV1_C10839,C10839,0.9517498109478699
SV1_C22205,C22205,0.8744220743883645
SV1_C51092,C51092,0.9189515621826709
SV1_C54098,C54098,0.8444158953544743
SV1_C48093,C48093,0.794906331709346
SV1_C88806,C88806,0.9201192321931752
SV1_C92497,C92497,0.862945205978699
SV1_C13900,C13900,0.7692281216632677
SV1_C12045,C12045,0.8411116275611074
SV1_C75075,C75075,0.8365753071112423
SV1_C59446,C59446,0.916198721432466
SV1_C24612,C24612,0.9671114086685696
SV1_C49236,C49236,0.7644959527829129
SV1_C99675,C99675,0.9288712243858616
SV1_C96073,C96073,0.9029060662465705
SV1_C54637,C54637,0.9704073552068152
SV1_C67241,C67241,0.8459815374131856
SV1_C75665,C75665,0.8501315133561067
SV1_C73858,C73858,0.8632474525868145
SV1_C73822,C73822,0.9753106301307155
SV1_C96095,C96095,0.7583737918950267
SV1_C14480,C14480,0.9024301377896898
SV1_C09617,C09617,0.9156917752396572
SV1_C51009,C51009,0.8887883123091274
SV1_C90649,C90649,0.8313707626386612
SV1_C29420,C29420,0.7945042517548931
SV1_C31216,C31216,0.8731542564276181
SV1_C46822,C46822,0.8647306638500217
SV1_C07899,C07899,0.9915002963847768
SV1_C09001,C09001,0.9882963148366999
SV1_C04841,C04841,0.9044226653574264
SV1_C92408,C92408,0.8759881649012131
SV1_C20480,C20480,0.9437746538970903
SV1_C05403,C05403,0.9096869464303459
SV1_C76860,C76860,0.8469867042590593
SV1_C89443,C89443,0.7962408734474239
SV1_C12117,C12117,0.7324826762904482
SV1_C99000,C99000,0.9797514642557236
SV1_C43912,C43912,0.9430437311616149
SV1_C14443,C14443,0.8303051104284787
SV1_C91834,C91834,0.8657656986862426
SV1_C69714,C69714,0.8492954496218307
SV1_C05508,C05508,0.8231136540107294
SV1_C21621,C21621,0.8808963604040096
SV1_C27695,C27695,0.8066805547219781
SV1_C12101,C12101,0.793909928433606
SV1_C46913,C46913,0.9431559951066106
SV1_C04894,C04894,0.8337420219032068
SV1_C19841,C19841,0.8595752943227816
SV1_C24714,C24714,0.997270243907273
SV1_C02417,C02417,0.9379342183807594
SV1_C54041,C54041,0.8680854858794613
SV1_C45020,C45020,0.8438671490794879
SV1_C21713,C21713,0.9420589084805135
SV1_C10829,C10829,0.8692539691928809
SV1_C00677,C00677,0.9620658451028802
SV1_C98486,C98486,0.8838431231029242
SV1_C70887,C70887,0.9897987951548435
SV1_C18646,C18646,0.9853475904008443
SV1_C34895,C34895,0.835304216497025
SV1_C69605,C69605,0.9807504362921522
SV1_C28212,C28212,0.8219716315901601
SV1_C67246,C67246,0.9565703956870794
SV1_C75002,C75002,0.9026349955435089
SV1_C96622,C96622,0.9612080446404416
SV1_C80480,C80480,0.9776365116656023
SV1_C16209,C16209,0.9167901021755256
SV1_C76286,C76286,0.858081609764581
SV1_C54097,C54097,0.8088574401625054
SV1_C87637,C87637,0.860271301615444
SV1_C25301,C25301,0.8911448868559929
SV1_C56400,C56400,0.9900239380060497
SV1_C52202,C52202,0.8998586863388144
SV1_C92413,C92413,0.9196773843453174
SV1_C15639,C15639,0.8519660714456996
SV1_C53443,C53443,0.9331969128577133
SV1_C53423,C53423,0.8070718014313949
SV1_C07230,C07230,0.9369748349631921
SV1_C54040,C54040,0.8620582537749727
SV1_C48703,C48703,0.7926809343131552
SV1_C00119,C00119,0.8225853287725194
SV1_C16814,C16814,0.9463322865968034
SV1_C13244,C13244,0.7987281563859291
SV1_C72071,C72071,0.8597632141580199
SV1_C88847,C88847,0.8130050422297604
SV1_C89493,C89493,0.9716274306601757
SV1_C06685,C06685,0.831867771392334
SV1_C88858,C88858,0.9238919255608721
SV1_C47444,C47444,0.995429569687049
SV1_C18032,C18032,0.8446658108287851
SV1_C07815,C07815,0.8638566035993259
SV1_C13307,C13307,0.8389084552307778
SV1_C64289,C64289,0.8980779431983212
SV1_C63032,C63032,0.7916540599988338
SV1_C94884,C94884,0.9042261620917819
SV1_C12667,C12667,0.9189360866434989
SV1_C62503,C62503,0.9141225905928971
SV1_C75700,C75700,0.9169025152555416
SV1_C16228,C16228,0.8350145581059241
SV1_C39610,C39610,0.9292037922849609
SV1_C50446,C50446,0.8076508191392449
SV1_C87052,C87052,0.7531136703431376
SV1_C61224,C61224,0.8457212215670254
SV1_C44497,C44497,0.9980699769481096
SV1_C95424,C95424,0.9655421823985293
SV1_C79217,C79217,0.869264689375688
SV1_C66093,C66093,0.7204896627556999
SV1_C90050,C90050,0.9082225465488751
SV1_C44450,C44450,0.9647057160874861
SV1_C75071,C75071,0.8804074636414716
SV1_C70846,C70846,0.884390678789533
SV1_C75021,C75021,0.9425470782453301
SV1_C32490,C32490,0.8265305900946983
SV1_C97876,C97876,0.9076598866427964
SV1_C92479,C92479,0.9268016248739286
SV1_C56411,C56411,0.89103844846272
SV1_C79815,C79815,0.8741145228336464
SV1_C52900,C52900,0.8082159768898399
SV1_C81713,C81713,0.883948877695637
SV1_C13288,C13288,0.9065073218491108
SV1_C07288,C07288,0.8653779041604698
SV1_C12623,C12623,0.8850846367912674
SV1_C09118,C09118,0.9120284982850464
SV1_C78093,C78093,0.9732275806531949
SV1_C50504,C50504,0.8108654653552632
SV1_C96083,C96083,0.8984123520036245
SV1_C63018,C63018,0.8934626923094036
SV1_C48089,C48089,0.8638875440827013
SV1_C96099,C96099,0.9801859616412636
SV1_C63685,C63685,0.8543235353927308
SV1_C87101,C87101,0.9924967866293852
SV1_C45709,C45709,0.9928189146644458
SV1_C71415,C71415,0.9905276838282406
SV1_C84602,C84602,0.8830728818948272
SV1_C25243,C25243,0.7134393214922212
SV1_C25844,C25844,0.8190777945387593
SV1_C66602,C66602,0.9492179267813762
SV1_C66041,C66041,0.8552668233014756
SV1_C95410,C95410,0.9502863491856254
SV1_C76245,C76245,0.8128628695188524
SV1_C39614,C39614,0.9223668532617536
SV1_C09083,C09083,0.8971160655035302
SV1_C100217,C100217,0.873270862068915
SV1_C71511,C71511,0.7858388126275468
SV1_C100225,C100225,0.9883789718993362
SV1_C52273,C52273,0.9827392443079482
SV1_C99073,C99073,0.8731825483377805
SV1_C63004,C63004,0.9067554794496733
SV1_C75102,C75102,0.8932692318258453
SV1_C47504,C47504,0.9743946867594662
SV1_C39009,C39009,0.8516698666082797
SV1_C84691,C84691,0.9188185183230541
SV1_C01835,C01835,0.9867686580947187
SV1_C57029,C57029,0.8699513468664797
SV1_C87070,C87070,0.8207578124215065
SV1_C65400,C65400,0.9687290613249542
SV1_C33006,C33006,0.8931281209353252
SV1_C89491,C89491,0.8451905648676985
SV1_C55316,C55316,0.7418924669023558
SV1_C04896,C04896,0.8496180833656586
SV1_C48667,C48667,0.8493487332384897
SV1_C36613,C36613,0.8974477841578522
SV1_C52301,C52301,0.8105499806245865
SV1_C28900,C28900,0.8306219008040402
SV1_C93088,C93088,0.8368631098651966
SV1_C52290,C52290,0.8935440514140062
SV1_C83500,C83500,0.8643872665252211
SV1_C15075,C15075,0.9264015220998584
SV1_C21693,C21693,0.9416365985096052
SV1_C25280,C25280,0.8541711826886782
SV1_C02480,C02480,0.986389153986879
SV1_C55317,C55317,0.7297195761642388
SV1_C85881,C85881,0.9976360408504745
SV1_C75715,C75715,0.9041412367247472
SV1_C08401,C08401,0.9909815412654186
SV1_C60602,C60602,0.9760573939855764
SV1_C10828,C10828,0.86818456935136
SV1_C95488,C95488,0.9417518155609511
SV1_C72036,C72036,0.9070259319043579
SV1_C00105,C00105,0.9145465866986515
SV1_C95504,C95504,0.8211833843145595
SV1_C87028,C87028,0.8267969929065979
SV1_C02472,C02472,0.9715182703934032
SV1_C64906,C64906,0.9785516026325699
SV1_C13207,C13207,0.772151770793093
SV1_C49257,C49257,0.9583743198520512
SV1_C02490,C02490,0.8650775597888467
SV1_C18628,C18628,0.8299626371705057
SV1_C41418,C41418,0.9241415731507204
SV1_C21030,C21030,0.7894190575360162
SV1_C09052,C09052,0.7912180679946511
SV1_C76235,C76235,0.9491142928295002
SV1_C60705,C60705,0.9485144798498619
SV1_C93642,C93642,0.941275419617104
SV1_C63626,C63626,0.7646678011489985
SV1_C49272,C49272,0.8773933852912101
SV1_C65412,C65412,0.9408489633195634
SV1_C40206,C40206,0.9405139826975266
SV1_C28821,C28821,0.8149297612996947
SV1_C15642,C15642,0.9421748582973958
SV1_C90016,C90016,0.943409745269438
SV1_C57041,C57041,0.7876468314351439
SV1_C70842,C70842,0.7861169355099628
SV1_C89499,C89499,0.8367855696493688
SV1_C55885,C55885,0.7330228358637478
SV1_C84106,C84106,0.8188826350061567
SV1_C62474,C62474,0.982202797716244
SV1_C45063,C45063,0.7895867487478356
SV1_C93095,C93095,0.8007124348131567
SV1_C83475,C83475,0.9155733006558912
SV1_C87649,C87649,0.8193596506996781
SV1_C51084,C51084,0.9787960602980269
SV1_C21619,C21619,0.9722203304048223
SV1_C84717,C84717,0.8955558513179678
SV1_C70285,C70285,0.9421819689293754
SV1_C78700,C78700,0.7653158096276019
SV1_C50479,C50479,0.8867984648925309
SV1_C60716,C60716,0.9236864739001442
SV1_C90115,C90115,0.8297923964389207
SV1_C00005,C00005,0.9986848200925816
SV1_C09109,C09109,0.8369415351028985
SV1_C76880,C76880,0.8772961230862902
SV1_C02482,C02482,0.878352441463949
SV1_C89481,C89481,0.8845769619775397
SV1_C61829,C61829,0.8207052720915223
SV1_C55873,C55873,0.745361656720129
SV1_C36609,C36609,0.8529457224479868
SV1_C35500,C35500,0.8702564658357461
SV1_C54710,C54710,0.874969664678333
SV1_C07911,C07911,0.9754507575655523
SV1_C90616,C90616,0.9495327988668739
SV1_C89452,C89452,0.777672443509193
SV1_C76823,C76823,0.8734729398118712
SV1_C49262,C49262,0.9895480715637689
SV1_C75602,C75602,0.8899004000551688
SV1_C63698,C63698,0.8932055124062457
SV1_C87059,C87059,0.9992939932368929
SV1_C50515,C50515,0.9981125384623433
SV1_C58245,C58245,0.8890687983718296
SV1_C22839,C22839,0.7476607426464247
SV1_C66626,C66626,0.8810893009016485
SV1_C09703,C09703,0.9994324166362542
SV1_C91858,C91858,0.8987189171741864
SV1_C11443,C11443,0.8749177027601811
SV1_C25831,C25831,0.8357828007575804
SV1_C09020,C09020,0.945902500655347
SV1_C04246,C04246,0.9545260201843653
SV1_C66623,C66623,0.9981935903293733
SV1_C88893,C88893,0.9745106497670005
SV1_C06038,C06038,0.9817539402035679
SV1_C44488,C44488,0.760379954997544
SV1_C48078,C48078,0.9997492675454419
SV1_C08507,C08507,0.9937512546888613
SV1_C08516,C08516,0.8054565837386587
SV1_C71409,C71409,0.800866909513445
SV1_C01311,C01311,0.8218432937505027
SV1_C58221,C58221,0.8640808320835628
SV1_C49303,C49303,0.7884380159964864
SV1_C83485,C83485,0.8806415555644035
SV1_C93023,C93023,0.8560942654793025
SV1_C55911,C55911,0.8572062195201906
SV1_C100279,C100279,0.9300408032469034
SV1_C88859,C88859,0.9953694940722883
SV1_C57001,C57001,0.999895275020604
SV1_C56505,C56505,0.9791024692087384
SV1_C53495,C53495,0.9253418173138404
SV1_C78679,C78679,0.7765502817259831
SV1_C99693,C99693,0.8789655796510102
SV1_C27714,C27714,0.9188472204463842
SV1_C30081,C30081,0.9483475925033427
SV1_C09629,C09629,0.8737651268464746
SV1_C70273,C70273,0.8387781889716847
SV1_C54632,C54632,0.9814934671122391
SV1_C28822,C28822,0.8347448801174857
SV1_C12053,C12053,0.7281435516702199
SV1_C53498,C53498,0.8487442154520443
SV1_C13268,C13268,0.8715490838999421
SV1_C49898,C49898,0.7964904554752413
SV1_C96708,C96708,0.8062209679389299
SV1_C73845,C73845,0.7688908417495193
SV1_C03717,C03717,0.9171955649673039
SV1_C45087,C45087,0.8414736706890507
SV1_C30607,C30607,0.8835377651074342
SV1_C99023,C99023,0.9404579278525541
SV1_C66020,C66020,0.8052943633041959
SV1_C49889,C49889,0.7760699159254796
SV1_C81018,C81018,0.9014518326818792
SV1_C66682,C66682,0.9598454874312266
SV1_C77457,C77457,0.8566628201258965
SV1_C26439,C26439,0.8405732132758793
SV1_C97897,C97897,0.8207615136600235
SV1_C18676,C18676,0.8168668006305329
SV1_C13209,C13209,0.986861122209199
SV1_C12712,C12712,0.762060755600979
SV1_C09014,C09014,0.9200520729488033
SV1_C84682,C84682,0.8924217961008829
SV1_C78608,C78608,0.9801095703684463
SV1_C24093,C24093,0.9758892383627701
SV1_C96119,C96119,0.8484536588032988
SV1_C85889,C85889,0.8996974674394695
SV1_C82898,C82898,0.8238778719567217
SV1_C15001,C15001,0.913204565475046
SV1_C92515,C92515,0.7733599419499914
SV1_C16219,C16219,0.8975766412252599
SV1_C98502,C98502,0.8805492937194914
SV1_C12628,C12628,0.9509756437842722
SV1_C18003,C18003,0.8750597037216448
SV1_C60011,C60011,0.9397225785976637
SV1_C06602,C06602,0.8975387167734621
SV1_C97232,C97232,0.9447256634999711
SV1_C94885,C94885,0.8884081949080603
SV1_C06625,C06625,0.9580386756907326
SV1_C10263,C10263,0.9666166078535201
SV1_C85207,C85207,0.7920084184008555
SV1_C44452,C44452,0.992517271929262
SV1_C07824,C07824,0.852919115511143
SV1_C63015,C63015,0.8513391131582929
SV1_C46896,C46896,0.9836933897536251
SV1_C39607,C39607,0.9690139079560925
SV1_C31276,C31276,0.9887583745668602
SV1_C72685,C72685,0.9309613522972718
SV1_C88809,C88809,0.9151200862895709
SV1_C91294,C91294,0.9505246071991278
SV1_C94831,C94831,0.9696583179446947
SV1_C13827,C13827,0.8652342521151626
SV1_C87701,C87701,0.995494079813742
SV1_C03072,C03072,0.9679925011541619
SV1_C94844,C94844,0.8258050170092321
SV1_C61216,C61216,0.9174078048304647
SV1_C96702,C96702,0.9104119244113668
SV1_C32499,C32499,0.8210395229138128
SV1_C07267,C07267,0.9642969027214772
SV1_C93090,C93090,0.8901909261218799
SV1_C27086,C27086,0.9761587358221963
SV1_C27114,C27114,0.9331593477253828
SV1_C44490,C44490,0.8256049299864167
SV1_C01845,C01845,0.8444407176037866
SV1_C57622,C57622,0.8861984077943138
SV1_C45073,C45073,0.9136421090408231
SV1_C22238,C22238,0.8671712668661948
SV1_C93638,C93638,0.9654274011279882
SV1_C30079,C30079,0.9744434451340974
SV1_C54043,C54043,0.9310639907496255
SV1_C25809,C25809,0.9278229278480274
SV1_C22278,C22278,0.8523367020737128
SV1_C27075,C27075,0.8674598503812051
SV1_C04203,C04203,0.8151623040499791
SV1_C43872,C43872,0.8553640998236144
SV1_C20487,C20487,0.8949753017726928
SV1_C06705,C06705,0.8564934435934606
SV1_C61213,C61213,0.9574623758357802
SV1_C31884,C31884,0.9634549306513396
SV1_C02477,C02477,0.9635152325176873
SV1_C03011,C03011,0.8086504614624312
SV1_C90638,C90638,0.8235040013527657
SV1_C12077,C12077,0.9187497402880177
SV1_C30098,C30098,0.8584718099957668
SV1_C40804,C40804,0.8445488512098802
SV1_C42017,C42017,0.8522501951670204
SV1_C99045,C99045,0.9723657626505581
SV1_C66696,C66696,0.9174158568540172
