set,n_features,max_abs_r,mean_abs_r,pairs_r_above_threshold,total_pairs,pct_above,silhouette
reduced_17,17,0.9860845624259467,0.23386097115112492,63,1770,3.559322033898305,0.22149065275874597
core_23,23,0.9828794437324324,0.21585673409627312,58,1770,3.2768361581920904,0.26810772507249764
full_46,46,0.9376983595426747,0.20760911741209803,46,1770,2.598870056497175,0.2928729119606499
