set,n_features,max_abs_r,mean_abs_r,pairs_r_above_threshold,total_pairs,pct_above,silhouette
reduced_17,17,0.9799971659975868,0.23843106883804582,97,1770,5.480225988700565,0.272699842765776
core_24,24,0.9711798659277644,0.21659435874681593,93,1770,5.254237288135593,0.31735729989199535
full_46,46,0.9364059179591012,0.1992856075860453,57,1770,3.2203389830508473,0.29244124993944537
