set,n_features,max_abs_r,mean_abs_r,pairs_r_above_threshold,total_pairs,pct_above,silhouette
reduced_17,17,1.0,0.2528794364684876,15410,258840,5.953484778241385,0.23177581976726974
core_23,23,1.0,0.21968852265033237,11325,258840,4.375289754288364,0.34507420346957773
full_46,46,1.0,0.2085553600853112,8356,258840,3.2282491114201823,0.26800910213996476
