set,n_features,max_abs_r,mean_abs_r,pairs_r_above_threshold,total_pairs,pct_above,silhouette
reduced_17,17,0.9729974285187675,0.23487045012873276,91,1770,5.141242937853107,0.26533568271554225
core_24,24,0.9708011895592226,0.2134763711021152,88,1770,4.971751412429379,0.3226545767916
full_46,46,0.9357248854611842,0.1964992815883467,54,1770,3.0508474576271185,0.2884689745442303
