scenario,N_hosts,contact_time_mean_s,inter_contact_time_mean_s,contact_time_per_min,total_encounters,inter_contact_time_proxy_s,betweenness_centrality,ratio_contact_nodes,popularity_top10_ratio,window_centrality_mean,encounters_top10_mean,sociability_top10_mean,availability_note,contact_hist_rows,intercontact_hist_rows,trace_nodes,scenario_end_time_s
C1_Campus_ClassChange__TP01_Baseline,60,14.961504058307122,8109.248366921484,8.384722222222223,6037.0,7.155872121914858,0.8333333333333333,0.9717514124293786,1.0,23.16944444444444,232.5,0.019256253105847276,Indirectas calculadas desde ConnectivityONEReport (traza por evento).,0,0,60,43200.0
C1_Campus_ClassChange__TP02_LowLoad,60,15.148161150117026,8007.608833177146,8.308333333333334,5982.0,7.2216649949849545,0.933333333333333,0.9683615819209039,1.0,23.370833333333334,230.83333333333334,0.019293993090382256,Indirectas calculadas desde ConnectivityONEReport (traza por evento).,0,0,60,43200.0
C1_Campus_ClassChange__TP03_ManySmall,60,15.146167913549457,8194.93308584686,8.354166666666666,6015.0,7.182044887780549,1.0833333333333333,0.963276836158192,0.9971751412429378,23.25277777777778,232.66666666666666,0.019340537545026324,Indirectas calculadas desde ConnectivityONEReport (traza por evento).,0,0,60,43200.0
C1_Campus_ClassChange__TP04_FewLarge,60,15.148161150117026,8007.608833177146,8.308333333333334,5982.0,7.2216649949849545,0.933333333333333,0.9683615819209039,1.0,23.370833333333334,230.83333333333334,0.019293993090382256,Indirectas calculadas desde ConnectivityONEReport (traza por evento).,0,0,60,43200.0
C1_Campus_ClassChange__TP05_CriticalTTL,60,14.961504058307122,8109.248366921484,8.384722222222223,6037.0,7.155872121914858,0.8333333333333333,0.9717514124293786,1.0,23.16944444444444,232.5,0.019256253105847276,Indirectas calculadas desde ConnectivityONEReport (traza por evento).,0,0,60,43200.0
C1_Campus_ClassChange__TP06_OneToMany,60,15.148027415580103,8007.609254920354,8.308333333333334,5982.0,7.2216649949849545,0.933333333333333,0.9683615819209039,1.0,23.370833333333334,230.83333333333334,0.019293993090382256,Indirectas calculadas desde ConnectivityONEReport (traza por evento).,0,0,60,43200.0
C1_Campus_ClassChange__TP07_BurstWindow,60,15.648218409765727,8336.813379310335,8.419444444444444,6062.0,7.126360936984494,0.9666666666666667,0.9672316384180791,1.0,23.298611111111114,238.16666666666666,0.019644231826679865,Indirectas calculadas desde ConnectivityONEReport (traza por evento).,0,0,60,43200.0
C1_Campus_ClassChange__TP08_HubTarget,60,15.148027415580103,8007.609254920354,8.308333333333334,5982.0,7.2216649949849545,0.933333333333333,0.9683615819209039,1.0,23.370833333333334,230.83333333333334,0.019293993090382256,Indirectas calculadas desde ConnectivityONEReport (traza por evento).,0,0,60,43200.0
C1_Campus_ClassChange__TP09_Bimodal,60,14.974658098533467,8007.649702108145,8.429166666666667,6069.0,7.118141374196737,1.0833333333333335,0.963276836158192,1.0,23.366666666666664,237.16666666666666,0.01953918822430933,Indirectas calculadas desde ConnectivityONEReport (traza por evento).,0,0,60,43200.0
C1_Campus_ClassChange__TP10_Storm,60,15.107340355496975,8148.176368216179,8.438888888888888,6076.0,7.109940750493746,1.0166666666666664,0.9655367231638419,1.0,23.33888888888889,235.83333333333334,0.019406956330919465,Indirectas calculadas desde ConnectivityONEReport (traza por evento).,0,0,60,43200.0
C1_Campus_ClassChange__TP11_ManyToOne,60,15.148027415580103,8007.609254920354,8.308333333333334,5982.0,7.2216649949849545,0.933333333333333,0.9683615819209039,1.0,23.370833333333334,230.83333333333334,0.019293993090382256,Indirectas calculadas desde ConnectivityONEReport (traza por evento).,0,0,60,43200.0
C1_Campus_ClassChange__TP12_GroupToGroup,60,15.145512284806957,8006.945514171951,8.309722222222222,5983.0,7.220457964231991,0.933333333333333,0.9683615819209039,1.0,23.369444444444444,230.83333333333334,0.0192907682879269,Indirectas calculadas desde ConnectivityONEReport (traza por evento).,0,0,60,43200.0
C2_ExamDay_LongStays__TP01_Baseline,48,73.95389221556886,11352.229096045201,1.3916666666666666,1002.0,43.11377245508982,10.0,0.5744680851063829,0.7148936170212765,51.54012471750678,53.0,0.02644710578842315,Indirectas calculadas desde ConnectivityONEReport (traza por evento).,0,0,48,43200.0
C2_ExamDay_LongStays__TP02_LowLoad,48,73.95419161676648,11352.230225988702,1.3916666666666666,1002.0,43.11377245508982,10.0,0.5744680851063829,0.7148936170212765,51.54012471750678,53.0,0.02644710578842315,Indirectas calculadas desde ConnectivityONEReport (traza por evento).,0,0,48,43200.0
C2_ExamDay_LongStays__TP03_ManySmall,48,73.95399201596805,11352.228248587573,1.3916666666666666,1002.0,43.11377245508982,10.0,0.5744680851063829,0.7148936170212765,51.54012471750678,53.0,0.02644710578842315,Indirectas calculadas desde ConnectivityONEReport (traza por evento).,0,0,48,43200.0
C2_ExamDay_LongStays__TP04_FewLarge,48,73.95389221556886,11352.229096045201,1.3916666666666666,1002.0,43.11377245508982,10.0,0.5744680851063829,0.7148936170212765,51.54012471750678,53.0,0.02644710578842315,Indirectas calculadas desde ConnectivityONEReport (traza por evento).,0,0,48,43200.0
C2_ExamDay_LongStays__TP05_CriticalTTL,48,73.95389221556886,11352.229096045201,1.3916666666666666,1002.0,43.11377245508982,10.0,0.5744680851063829,0.7148936170212765,51.54012471750678,53.0,0.02644710578842315,Indirectas calculadas desde ConnectivityONEReport (traza por evento).,0,0,48,43200.0
C2_ExamDay_LongStays__TP06_OneToMany,48,73.9552894211577,11352.229096045197,1.3916666666666666,1002.0,43.11377245508982,10.0,0.5744680851063829,0.7148936170212765,51.54012471750678,53.0,0.02644710578842315,Indirectas calculadas desde ConnectivityONEReport (traza por evento).,0,0,48,43200.0
C2_ExamDay_LongStays__TP07_BurstWindow,48,73.95339321357287,11352.230225988702,1.3916666666666666,1002.0,43.11377245508982,10.0,0.5744680851063829,0.7148936170212765,51.54012471750678,53.0,0.02644710578842315,Indirectas calculadas desde ConnectivityONEReport (traza por evento).,0,0,48,43200.0
C2_ExamDay_LongStays__TP08_HubTarget,48,73.9552894211577,11352.229096045197,1.3916666666666666,1002.0,43.11377245508982,10.0,0.5744680851063829,0.7148936170212765,51.54012471750678,53.0,0.02644710578842315,Indirectas calculadas desde ConnectivityONEReport (traza por evento).,0,0,48,43200.0
C2_ExamDay_LongStays__TP09_Bimodal,48,73.95389221556886,11352.229096045201,1.3916666666666666,1002.0,43.11377245508982,10.0,0.5744680851063829,0.7148936170212765,51.54012471750678,53.0,0.02644710578842315,Indirectas calculadas desde ConnectivityONEReport (traza por evento).,0,0,48,43200.0
C2_ExamDay_LongStays__TP10_Storm,48,73.95528942115767,11352.221468926555,1.3916666666666666,1002.0,43.11377245508982,10.0,0.5744680851063829,0.7148936170212765,51.54012471750678,53.0,0.02644710578842315,Indirectas calculadas desde ConnectivityONEReport (traza por evento).,0,0,48,43200.0
C2_ExamDay_LongStays__TP11_ManyToOne,48,73.9552894211577,11352.229096045197,1.3916666666666666,1002.0,43.11377245508982,10.0,0.5744680851063829,0.7148936170212765,51.54012471750678,53.0,0.02644710578842315,Indirectas calculadas desde ConnectivityONEReport (traza por evento).,0,0,48,43200.0
C2_ExamDay_LongStays__TP12_GroupToGroup,48,73.95389221556886,11352.229096045201,1.3916666666666666,1002.0,43.11377245508982,10.0,0.5744680851063829,0.7148936170212765,51.54012471750678,53.0,0.02644710578842315,Indirectas calculadas desde ConnectivityONEReport (traza por evento).,0,0,48,43200.0
C3_Hackathon_24h__TP01_Baseline,40,104.90432357043235,23200.80267175572,0.4979166666666667,717.0,120.5020920502092,8.125,0.5833333333333333,0.7307692307692308,16.76921450624378,46.75,0.03260111576011158,Indirectas calculadas desde ConnectivityONEReport (traza por evento).,0,0,40,86400.0
C3_Hackathon_24h__TP02_LowLoad,40,104.90432357043235,23200.80267175572,0.4979166666666667,717.0,120.5020920502092,8.125,0.5833333333333333,0.7307692307692308,16.76921450624378,46.75,0.03260111576011158,Indirectas calculadas desde ConnectivityONEReport (traza por evento).,0,0,40,86400.0
C3_Hackathon_24h__TP03_ManySmall,40,104.90432357043235,23200.80267175572,0.4979166666666667,717.0,120.5020920502092,8.125,0.5833333333333333,0.7307692307692308,16.76921450624378,46.75,0.03260111576011158,Indirectas calculadas desde ConnectivityONEReport (traza por evento).,0,0,40,86400.0
C3_Hackathon_24h__TP04_FewLarge,40,104.90432357043235,23200.80267175572,0.4979166666666667,717.0,120.5020920502092,8.125,0.5833333333333333,0.7307692307692308,16.76921450624378,46.75,0.03260111576011158,Indirectas calculadas desde ConnectivityONEReport (traza por evento).,0,0,40,86400.0
C3_Hackathon_24h__TP05_CriticalTTL,40,104.90432357043235,23200.80267175572,0.4979166666666667,717.0,120.5020920502092,8.125,0.5833333333333333,0.7307692307692308,16.76921450624378,46.75,0.03260111576011158,Indirectas calculadas desde ConnectivityONEReport (traza por evento).,0,0,40,86400.0
C3_Hackathon_24h__TP06_OneToMany,40,104.90390516039048,23200.80305343511,0.4979166666666667,717.0,120.5020920502092,8.125,0.5833333333333333,0.7307692307692308,16.76921450624378,46.75,0.03260111576011158,Indirectas calculadas desde ConnectivityONEReport (traza por evento).,0,0,40,86400.0
C3_Hackathon_24h__TP07_BurstWindow,40,104.90418410041838,23200.802290076328,0.4979166666666667,717.0,120.5020920502092,8.125,0.5833333333333333,0.7307692307692308,16.76921450624378,46.75,0.03260111576011158,Indirectas calculadas desde ConnectivityONEReport (traza por evento).,0,0,40,86400.0
C3_Hackathon_24h__TP08_HubTarget,40,104.90390516039048,23200.80305343511,0.4979166666666667,717.0,120.5020920502092,8.125,0.5833333333333333,0.7307692307692308,16.76921450624378,46.75,0.03260111576011158,Indirectas calculadas desde ConnectivityONEReport (traza por evento).,0,0,40,86400.0
C3_Hackathon_24h__TP09_Bimodal,40,104.90432357043235,23200.80267175572,0.4979166666666667,717.0,120.5020920502092,8.125,0.5833333333333333,0.7307692307692308,16.76921450624378,46.75,0.03260111576011158,Indirectas calculadas desde ConnectivityONEReport (traza por evento).,0,0,40,86400.0
C3_Hackathon_24h__TP10_Storm,40,104.90418410041835,23200.79694656487,0.4979166666666667,717.0,120.5020920502092,8.125,0.5833333333333333,0.7307692307692308,16.76921450624378,46.75,0.03260111576011158,Indirectas calculadas desde ConnectivityONEReport (traza por evento).,0,0,40,86400.0
C3_Hackathon_24h__TP11_ManyToOne,40,104.90390516039048,23200.80305343511,0.4979166666666667,717.0,120.5020920502092,8.125,0.5833333333333333,0.7307692307692308,16.76921450624378,46.75,0.03260111576011158,Indirectas calculadas desde ConnectivityONEReport (traza por evento).,0,0,40,86400.0
C3_Hackathon_24h__TP12_GroupToGroup,40,104.90432357043235,23200.80267175572,0.4979166666666667,717.0,120.5020920502092,8.125,0.5833333333333333,0.7307692307692308,16.76921450624378,46.75,0.03260111576011158,Indirectas calculadas desde ConnectivityONEReport (traza por evento).,0,0,40,86400.0
C4_CampusEvent_IngressEgress__TP01_Baseline,80,18.226842105263202,3010.08846737481,12.666666666666666,2280.0,4.7368421052631575,19.2375,0.5129746835443039,0.6376582278481012,32.85,76.25,0.016721491228070175,Indirectas calculadas desde ConnectivityONEReport (traza por evento).,0,0,80,10800.0
C4_CampusEvent_IngressEgress__TP02_LowLoad,80,18.227192982456184,3010.088770864947,12.666666666666666,2280.0,4.7368421052631575,19.2375,0.5129746835443039,0.6376582278481012,32.85,76.25,0.016721491228070175,Indirectas calculadas desde ConnectivityONEReport (traza por evento).,0,0,80,10800.0
C4_CampusEvent_IngressEgress__TP03_ManySmall,80,18.487370320252605,2979.378758169933,12.316666666666666,2217.0,4.871447902571042,19.4375,0.5079113924050633,0.6265822784810127,33.15,71.75,0.016181777176364456,Indirectas calculadas desde ConnectivityONEReport (traza por evento).,0,0,80,10800.0
C4_CampusEvent_IngressEgress__TP04_FewLarge,80,18.22728070175441,3010.0892261001527,12.666666666666666,2280.0,4.7368421052631575,19.2375,0.5129746835443039,0.6376582278481012,32.85,76.25,0.016721491228070175,Indirectas calculadas desde ConnectivityONEReport (traza por evento).,0,0,80,10800.0
C4_CampusEvent_IngressEgress__TP05_CriticalTTL,80,18.226842105263202,3010.08846737481,12.666666666666666,2280.0,4.7368421052631575,19.2375,0.5129746835443039,0.6376582278481012,32.85,76.25,0.016721491228070175,Indirectas calculadas desde ConnectivityONEReport (traza por evento).,0,0,80,10800.0
C4_CampusEvent_IngressEgress__TP06_OneToMany,80,18.227236842105278,3010.089377845221,12.666666666666666,2280.0,4.7368421052631575,19.2375,0.5129746835443039,0.6376582278481012,32.85,76.25,0.016721491228070175,Indirectas calculadas desde ConnectivityONEReport (traza por evento).,0,0,80,10800.0
C4_CampusEvent_IngressEgress__TP07_BurstWindow,80,18.22728070175441,3010.0892261001527,12.666666666666666,2280.0,4.7368421052631575,19.2375,0.5129746835443039,0.6376582278481012,32.85,76.25,0.016721491228070175,Indirectas calculadas desde ConnectivityONEReport (traza por evento).,0,0,80,10800.0
C4_CampusEvent_IngressEgress__TP08_HubTarget,80,18.227236842105278,3010.089377845221,12.666666666666666,2280.0,4.7368421052631575,19.2375,0.5129746835443039,0.6376582278481012,32.85,76.25,0.016721491228070175,Indirectas calculadas desde ConnectivityONEReport (traza por evento).,0,0,80,10800.0
C4_CampusEvent_IngressEgress__TP09_Bimodal,80,18.226842105263202,3010.08846737481,12.666666666666666,2280.0,4.7368421052631575,19.2375,0.5129746835443039,0.6376582278481012,32.85,76.25,0.016721491228070175,Indirectas calculadas desde ConnectivityONEReport (traza por evento).,0,0,80,10800.0
C4_CampusEvent_IngressEgress__TP10_Storm,80,17.76287398005442,3149.1673770491807,12.255555555555556,2206.0,4.895738893925658,19.55,0.5050632911392405,0.6075949367088608,33.104166666666664,74.0,0.016772438803263828,Indirectas calculadas desde ConnectivityONEReport (traza por evento).,0,0,80,10800.0
C4_CampusEvent_IngressEgress__TP11_ManyToOne,80,18.227236842105278,3010.089377845221,12.666666666666666,2280.0,4.7368421052631575,19.2375,0.5129746835443039,0.6376582278481012,32.85,76.25,0.016721491228070175,Indirectas calculadas desde ConnectivityONEReport (traza por evento).,0,0,80,10800.0
C4_CampusEvent_IngressEgress__TP12_GroupToGroup,80,18.227280701754417,3010.0892261001527,12.666666666666666,2280.0,4.7368421052631575,19.2375,0.5129746835443039,0.6376582278481012,32.85,76.25,0.016721491228070175,Indirectas calculadas desde ConnectivityONEReport (traza por evento).,0,0,80,10800.0
C5_Library_Quiet__TP01_Baseline,42,80.05985663082427,10516.686666666666,0.3875,279.0,154.83870967741936,15.761904761904763,0.27177700348432055,0.40975609756097564,4.094535573648361,20.4,0.03655913978494623,Indirectas calculadas desde ConnectivityONEReport (traza por evento).,0,0,42,43200.0
C5_Library_Quiet__TP02_LowLoad,42,80.05985663082427,10516.686666666666,0.3875,279.0,154.83870967741936,15.761904761904763,0.27177700348432055,0.40975609756097564,4.094535573648361,20.4,0.03655913978494623,Indirectas calculadas desde ConnectivityONEReport (traza por evento).,0,0,42,43200.0
C5_Library_Quiet__TP03_ManySmall,42,80.05913978494615,10516.686666666666,0.3875,279.0,154.83870967741936,15.761904761904763,0.27177700348432055,0.40975609756097564,4.094535573648361,20.4,0.03655913978494623,Indirectas calculadas desde ConnectivityONEReport (traza por evento).,0,0,42,43200.0
C5_Library_Quiet__TP04_FewLarge,42,80.0602150537634,10516.691111111111,0.3875,279.0,154.83870967741936,15.761904761904763,0.27177700348432055,0.40975609756097564,4.094535573648361,20.4,0.03655913978494623,Indirectas calculadas desde ConnectivityONEReport (traza por evento).,0,0,42,43200.0
C5_Library_Quiet__TP05_CriticalTTL,42,80.05985663082427,10516.686666666666,0.3875,279.0,154.83870967741936,15.761904761904763,0.27177700348432055,0.40975609756097564,4.094535573648361,20.4,0.03655913978494623,Indirectas calculadas desde ConnectivityONEReport (traza por evento).,0,0,42,43200.0
C5_Library_Quiet__TP06_OneToMany,42,80.05985663082427,10516.686666666666,0.3875,279.0,154.83870967741936,15.761904761904763,0.27177700348432055,0.40975609756097564,4.094535573648361,20.4,0.03655913978494623,Indirectas calculadas desde ConnectivityONEReport (traza por evento).,0,0,42,43200.0
C5_Library_Quiet__TP07_BurstWindow,42,80.06021505376336,10516.688888888886,0.3875,279.0,154.83870967741936,15.761904761904763,0.27177700348432055,0.40975609756097564,4.094535573648361,20.4,0.03655913978494623,Indirectas calculadas desde ConnectivityONEReport (traza por evento).,0,0,42,43200.0
C5_Library_Quiet__TP08_HubTarget,42,80.05985663082427,10516.686666666666,0.3875,279.0,154.83870967741936,15.761904761904763,0.27177700348432055,0.40975609756097564,4.094535573648361,20.4,0.03655913978494623,Indirectas calculadas desde ConnectivityONEReport (traza por evento).,0,0,42,43200.0
C5_Library_Quiet__TP09_Bimodal,42,80.05985663082427,10516.686666666666,0.3875,279.0,154.83870967741936,15.761904761904763,0.27177700348432055,0.40975609756097564,4.094535573648361,20.4,0.03655913978494623,Indirectas calculadas desde ConnectivityONEReport (traza por evento).,0,0,42,43200.0
C5_Library_Quiet__TP10_Storm,42,80.0573476702508,10516.7,0.3875,279.0,154.83870967741936,15.761904761904763,0.27177700348432055,0.40975609756097564,4.094535573648361,20.4,0.03655913978494623,Indirectas calculadas desde ConnectivityONEReport (traza por evento).,0,0,42,43200.0
C5_Library_Quiet__TP11_ManyToOne,42,80.05985663082427,10516.686666666666,0.3875,279.0,154.83870967741936,15.761904761904763,0.27177700348432055,0.40975609756097564,4.094535573648361,20.4,0.03655913978494623,Indirectas calculadas desde ConnectivityONEReport (traza por evento).,0,0,42,43200.0
C5_Library_Quiet__TP12_GroupToGroup,42,80.05985663082427,10516.686666666666,0.3875,279.0,154.83870967741936,15.761904761904763,0.27177700348432055,0.40975609756097564,4.094535573648361,20.4,0.03655913978494623,Indirectas calculadas desde ConnectivityONEReport (traza por evento).,0,0,42,43200.0
C6_EmergencyDrill_Evacuation__TP01_Baseline,80,5.4439188026836405,1724.9515007898895,48.44166666666667,5813.0,1.2386031309134697,6.4,0.8379746835443038,0.9161392405063291,15.6375,174.375,0.014998709788405298,Indirectas calculadas desde ConnectivityONEReport (traza por evento).,0,0,80,7200.0
C6_EmergencyDrill_Evacuation__TP02_LowLoad,80,5.437393526405452,1697.9951653150342,48.916666666666664,5870.0,1.2265758091993186,6.2,0.8430379746835444,0.9113924050632911,15.84375,172.875,0.014725298126064735,Indirectas calculadas desde ConnectivityONEReport (traza por evento).,0,0,80,7200.0
C6_EmergencyDrill_Evacuation__TP03_ManySmall,80,5.274655084312723,1782.2719737253676,48.925,5871.0,1.2263668880940215,6.074999999999999,0.8462025316455696,0.9161392405063291,10.2875,179.125,0.01525506727985011,Indirectas calculadas desde ConnectivityONEReport (traza por evento).,0,0,80,7200.0
C6_EmergencyDrill_Evacuation__TP04_FewLarge,80,5.301369863013699,1690.4517374517375,50.49166666666667,6059.0,1.188314903449414,5.85,0.8518987341772153,0.9177215189873418,15.25625,183.375,0.015132447598613633,Indirectas calculadas desde ConnectivityONEReport (traza por evento).,0,0,80,7200.0
C6_EmergencyDrill_Evacuation__TP05_CriticalTTL,80,5.4439188026836405,1724.9515007898895,48.44166666666667,5813.0,1.2386031309134697,6.4,0.8379746835443038,0.9161392405063291,15.6375,174.375,0.014998709788405298,Indirectas calculadas desde ConnectivityONEReport (traza por evento).,0,0,80,7200.0
C6_EmergencyDrill_Evacuation__TP06_OneToMany,80,5.395534821726091,1715.631919374248,50.016666666666666,6002.0,1.1996001332889037,6.025,0.8474683544303797,0.9193037974683544,15.368749999999999,176.125,0.014672192602465845,Indirectas calculadas desde ConnectivityONEReport (traza por evento).,0,0,80,7200.0
C6_EmergencyDrill_Evacuation__TP07_BurstWindow,80,5.482641252552757,1749.2861145703612,48.96666666666667,5876.0,1.2253233492171545,6.2,0.8430379746835441,0.9066455696202531,10.354166666666664,171.25,0.014571987746766508,Indirectas calculadas desde ConnectivityONEReport (traza por evento).,0,0,80,7200.0
C6_EmergencyDrill_Evacuation__TP08_HubTarget,80,5.395534821726091,1715.631919374248,50.016666666666666,6002.0,1.1996001332889037,6.025,0.8474683544303797,0.9193037974683544,15.368749999999999,176.125,0.014672192602465845,Indirectas calculadas desde ConnectivityONEReport (traza por evento).,0,0,80,7200.0
C6_EmergencyDrill_Evacuation__TP09_Bimodal,80,5.425058744545149,1730.9112829845315,49.65,5958.0,1.2084592145015105,6.237499999999999,0.8420886075949365,0.9240506329113924,10.429166666666665,175.75,0.014749076871433366,Indirectas calculadas desde ConnectivityONEReport (traza por evento).,0,0,80,7200.0
C6_EmergencyDrill_Evacuation__TP10_Storm,80,5.426403394255875,1755.720023282887,51.06666666666667,6128.0,1.174934725848564,5.85,0.8518987341772153,0.9193037974683544,14.85,179.5,0.014645887728459529,Indirectas calculadas desde ConnectivityONEReport (traza por evento).,0,0,80,7200.0
C6_EmergencyDrill_Evacuation__TP11_ManyToOne,80,5.395534821726091,1715.631919374248,50.016666666666666,6002.0,1.1996001332889037,6.025,0.8474683544303797,0.9193037974683544,15.368749999999999,176.125,0.014672192602465845,Indirectas calculadas desde ConnectivityONEReport (traza por evento).,0,0,80,7200.0
C6_EmergencyDrill_Evacuation__TP12_GroupToGroup,80,5.392202627939143,1730.9105511811024,48.2,5784.0,1.2448132780082988,6.8875,0.825632911392405,0.9018987341772151,16.143749999999997,173.125,0.0149658540802213,Indirectas calculadas desde ConnectivityONEReport (traza por evento).,0,0,80,7200.0
D1_ShelterHotspots_EmergencyMobility__TP01_Baseline,80,36.429804651162726,9359.915376951174,7.465277777777778,5375.0,8.037209302325582,6.175,0.7474683544303797,0.8686708860759493,41.857871835443035,197.875,0.018406976744186048,Indirectas calculadas desde ConnectivityONEReport (traza por evento).,0,0,80,43200.0
D1_ShelterHotspots_EmergencyMobility__TP02_LowLoad,80,36.43067906976737,9359.913384257716,7.465277777777778,5375.0,8.037209302325582,6.175,0.7474683544303797,0.8686708860759493,41.857871835443035,197.875,0.018406976744186048,Indirectas calculadas desde ConnectivityONEReport (traza por evento).,0,0,80,43200.0
D1_ShelterHotspots_EmergencyMobility__TP03_ManySmall,80,35.90604014256237,9545.139471041193,7.404166666666667,5331.0,8.103545301069218,6.425,0.7411392405063291,0.8591772151898733,41.826489978902956,191.625,0.017972706809229036,Indirectas calculadas desde ConnectivityONEReport (traza por evento).,0,0,80,43200.0
D1_ShelterHotspots_EmergencyMobility__TP04_FewLarge,80,36.43067906976738,9359.913384257716,7.465277777777778,5375.0,8.037209302325582,6.175,0.7474683544303797,0.8686708860759493,41.857871835443035,197.875,0.018406976744186048,Indirectas calculadas desde ConnectivityONEReport (traza por evento).,0,0,80,43200.0
D1_ShelterHotspots_EmergencyMobility__TP05_CriticalTTL,80,36.429804651162726,9359.915376951174,7.465277777777778,5375.0,8.037209302325582,6.175,0.7474683544303797,0.8686708860759493,41.857871835443035,197.875,0.018406976744186048,Indirectas calculadas desde ConnectivityONEReport (traza por evento).,0,0,80,43200.0
D1_ShelterHotspots_EmergencyMobility__TP06_OneToMany,80,41.774579222286675,9623.153375527436,7.179166666666666,5169.0,8.357515960533952,6.6625,0.7351265822784809,0.8813291139240506,42.303349156118145,193.0,0.018668988198877925,Indirectas calculadas desde ConnectivityONEReport (traza por evento).,0,0,80,43200.0
D1_ShelterHotspots_EmergencyMobility__TP07_BurstWindow,80,38.71415094339619,9665.352103786816,7.213888888888889,5194.0,8.317289179822872,6.45,0.7405063291139241,0.8892405063291139,39.347760467380716,189.0,0.018194070080862535,Indirectas calculadas desde ConnectivityONEReport (traza por evento).,0,0,80,43200.0
D1_ShelterHotspots_EmergencyMobility__TP08_HubTarget,80,41.774579222286675,9623.153375527436,7.179166666666666,5169.0,8.357515960533952,6.6625,0.7351265822784809,0.8813291139240506,42.303349156118145,193.0,0.018668988198877925,Indirectas calculadas desde ConnectivityONEReport (traza por evento).,0,0,80,43200.0
D1_ShelterHotspots_EmergencyMobility__TP09_Bimodal,80,41.74571790693457,9272.15795381653,7.670833333333333,5523.0,7.821835958718088,5.6625,0.7604430379746836,0.8734177215189873,41.51979166666667,198.0,0.017925040738728953,Indirectas calculadas desde ConnectivityONEReport (traza por evento).,0,0,80,43200.0
D1_ShelterHotspots_EmergencyMobility__TP10_Storm,80,35.852691432903804,9629.00194274029,7.3277777777777775,5276.0,8.188021228203183,6.45,0.7405063291139241,0.8686708860759493,42.70861023206751,197.125,0.018681292645943898,Indirectas calculadas desde ConnectivityONEReport (traza por evento).,0,0,80,43200.0
D1_ShelterHotspots_EmergencyMobility__TP11_ManyToOne,80,41.774579222286675,9623.153375527436,7.179166666666666,5169.0,8.357515960533952,6.6625,0.7351265822784809,0.8813291139240506,42.303349156118145,193.0,0.018668988198877925,Indirectas calculadas desde ConnectivityONEReport (traza por evento).,0,0,80,43200.0
D1_ShelterHotspots_EmergencyMobility__TP12_GroupToGroup,80,35.74001483404419,9390.969007989364,7.490277777777778,5393.0,8.010383830891897,5.862499999999999,0.7553797468354431,0.8686708860759493,41.766205168776374,195.0,0.018078991284999076,Indirectas calculadas desde ConnectivityONEReport (traza por evento).,0,0,80,43200.0
D2_PartitionedCity_MuleBridge__TP01_Baseline,71,22.831278339034185,3721.4543876652037,17.459722222222222,12571.0,3.4364807891178106,0.05633802816901408,0.49134808853118733,0.5,7.208132126089872,393.5,0.015651101742104843,Indirectas calculadas desde ConnectivityONEReport (traza por evento).,0,0,71,43200.0
D2_PartitionedCity_MuleBridge__TP02_LowLoad,71,23.234306454158155,3705.3780144940392,17.602777777777778,12674.0,3.408552943032981,0.05633802816901408,0.49134808853118733,0.5,7.15984238765929,394.0,0.015543632633738362,Indirectas calculadas desde ConnectivityONEReport (traza por evento).,0,0,71,43200.0
D2_PartitionedCity_MuleBridge__TP03_ManySmall,71,22.74983816215354,3675.670601083347,17.593055555555555,12667.0,3.410436567458751,0.05633802816901408,0.49134808853118733,0.5,7.1511234071093215,399.75,0.015779190021315226,Indirectas calculadas desde ConnectivityONEReport (traza por evento).,0,0,71,43200.0
D2_PartitionedCity_MuleBridge__TP04_FewLarge,71,22.75029312905495,3665.5163887689077,17.768055555555556,12793.0,3.376846713046197,0.09859154929577463,0.4901408450704226,0.5,7.067806841046278,405.125,0.01583385445165325,Indirectas calculadas desde ConnectivityONEReport (traza por evento).,0,0,71,43200.0
D2_PartitionedCity_MuleBridge__TP05_CriticalTTL,71,22.831278339034185,3721.4543876652037,17.459722222222222,12571.0,3.4364807891178106,0.05633802816901408,0.49134808853118733,0.5,7.208132126089872,393.5,0.015651101742104843,Indirectas calculadas desde ConnectivityONEReport (traza por evento).,0,0,71,43200.0
D2_PartitionedCity_MuleBridge__TP06_OneToMany,71,23.09581306324276,3715.78773418169,17.415277777777778,12539.0,3.4452508174495575,0.028169014084507043,0.49215291750503026,0.5,7.16066398390342,399.25,0.01592032857484648,Indirectas calculadas desde ConnectivityONEReport (traza por evento).,0,0,71,43200.0
D2_PartitionedCity_MuleBridge__TP07_BurstWindow,71,22.805834836483392,3653.8708423700955,17.709722222222222,12751.0,3.3879695710140383,0.014084507042253521,0.49255533199195184,0.5,7.140710932260227,405.125,0.015886008940475257,Indirectas calculadas desde ConnectivityONEReport (traza por evento).,0,0,71,43200.0
D2_PartitionedCity_MuleBridge__TP08_HubTarget,71,23.09581306324276,3715.78773418169,17.415277777777778,12539.0,3.4452508174495575,0.028169014084507043,0.49215291750503026,0.5,7.16066398390342,399.25,0.01592032857484648,Indirectas calculadas desde ConnectivityONEReport (traza por evento).,0,0,71,43200.0
D2_PartitionedCity_MuleBridge__TP09_Bimodal,71,23.165055461096337,3771.3679931728243,17.154166666666665,12351.0,3.4976924945348555,0.08450704225352114,0.49054325955734407,0.5,7.161435278336689,386.75,0.015656626993765688,Indirectas calculadas desde ConnectivityONEReport (traza por evento).,0,0,71,43200.0
D2_PartitionedCity_MuleBridge__TP10_Storm,71,22.74347408060247,3759.3651691378795,17.334722222222222,12481.0,3.4612611168976843,0.09859154929577463,0.4901408450704226,0.5,6.712381984212972,385.375,0.01543846646903293,Indirectas calculadas desde ConnectivityONEReport (traza por evento).,0,0,71,43200.0
D2_PartitionedCity_MuleBridge__TP11_ManyToOne,71,23.09581306324276,3715.78773418169,17.415277777777778,12539.0,3.4452508174495575,0.028169014084507043,0.49215291750503026,0.5,7.16066398390342,399.25,0.01592032857484648,Indirectas calculadas desde ConnectivityONEReport (traza por evento).,0,0,71,43200.0
D2_PartitionedCity_MuleBridge__TP12_GroupToGroup,71,23.005916971528563,3688.2420496566265,17.46388888888889,12574.0,3.4356608875457293,0.1267605633802817,0.4893360160965796,0.5,7.184523809523809,392.25,0.015597661841895975,Indirectas calculadas desde ConnectivityONEReport (traza por evento).,0,0,71,43200.0
D3_Aftershock_ErraticMobility__TP01_Baseline,54,12.503824730783546,9325.32606978276,3.7402777777777776,2693.0,16.04158930560713,4.7592592592592595,0.8204053109713489,0.9182389937106917,34.95877009084557,134.0,0.02487931674712217,Indirectas calculadas desde ConnectivityONEReport (traza por evento).,0,0,54,43200.0
D3_Aftershock_ErraticMobility__TP02_LowLoad,54,12.503824730783546,9325.32606978276,3.7402777777777776,2693.0,16.04158930560713,4.7592592592592595,0.8204053109713489,0.9182389937106917,34.95877009084557,134.0,0.02487931674712217,Indirectas calculadas desde ConnectivityONEReport (traza por evento).,0,0,54,43200.0
D3_Aftershock_ErraticMobility__TP03_ManySmall,54,12.50319346453772,9325.325411454907,3.7402777777777776,2693.0,16.04158930560713,4.7592592592592595,0.8204053109713489,0.9182389937106917,34.95877009084557,134.0,0.02487931674712217,Indirectas calculadas desde ConnectivityONEReport (traza por evento).,0,0,54,43200.0
D3_Aftershock_ErraticMobility__TP04_FewLarge,54,12.503750464166403,9325.327254772885,3.7402777777777776,2693.0,16.04158930560713,4.7592592592592595,0.8204053109713489,0.9182389937106917,34.95877009084557,134.0,0.02487931674712217,Indirectas calculadas desde ConnectivityONEReport (traza por evento).,0,0,54,43200.0
D3_Aftershock_ErraticMobility__TP05_CriticalTTL,54,12.503824730783546,9325.32606978276,3.7402777777777776,2693.0,16.04158930560713,4.7592592592592595,0.8204053109713489,0.9182389937106917,34.95877009084557,134.0,0.02487931674712217,Indirectas calculadas desde ConnectivityONEReport (traza por evento).,0,0,54,43200.0
D3_Aftershock_ErraticMobility__TP06_OneToMany,54,12.504233197177909,9325.325016458206,3.7402777777777776,2693.0,16.04158930560713,4.7592592592592595,0.8204053109713489,0.9182389937106917,34.95877009084557,134.0,0.02487931674712217,Indirectas calculadas desde ConnectivityONEReport (traza por evento).,0,0,54,43200.0
D3_Aftershock_ErraticMobility__TP07_BurstWindow,54,12.604009252120308,9525.35293711128,3.602777777777778,2594.0,16.653816499614496,5.2592592592592595,0.8015373864430467,0.9150943396226415,35.24813426149905,127.0,0.024479568234387045,Indirectas calculadas desde ConnectivityONEReport (traza por evento).,0,0,54,43200.0
D3_Aftershock_ErraticMobility__TP08_HubTarget,54,12.504233197177909,9325.325016458206,3.7402777777777776,2693.0,16.04158930560713,4.7592592592592595,0.8204053109713489,0.9182389937106917,34.95877009084557,134.0,0.02487931674712217,Indirectas calculadas desde ConnectivityONEReport (traza por evento).,0,0,54,43200.0
D3_Aftershock_ErraticMobility__TP09_Bimodal,54,12.503824730783546,9325.32606978276,3.7402777777777776,2693.0,16.04158930560713,4.7592592592592595,0.8204053109713489,0.9182389937106917,34.95877009084557,134.0,0.02487931674712217,Indirectas calculadas desde ConnectivityONEReport (traza por evento).,0,0,54,43200.0
D3_Aftershock_ErraticMobility__TP10_Storm,54,12.45207943049833,9407.489480692402,3.7069444444444444,2669.0,16.185837392281755,4.888888888888889,0.8155136268343816,0.9088050314465409,35.013597717214076,127.66666666666667,0.023916572998626203,Indirectas calculadas desde ConnectivityONEReport (traza por evento).,0,0,54,43200.0
D3_Aftershock_ErraticMobility__TP11_ManyToOne,54,12.504233197177909,9325.325016458206,3.7402777777777776,2693.0,16.04158930560713,4.7592592592592595,0.8204053109713489,0.9182389937106917,34.95877009084557,134.0,0.02487931674712217,Indirectas calculadas desde ConnectivityONEReport (traza por evento).,0,0,54,43200.0
D3_Aftershock_ErraticMobility__TP12_GroupToGroup,54,12.627052384675576,9460.133119658114,3.5527777777777776,2558.0,16.888193901485536,5.129629629629629,0.806429070580014,0.9119496855345911,35.74583624505008,123.5,0.024139953088350277,Indirectas calculadas desde ConnectivityONEReport (traza por evento).,0,0,54,43200.0
D4_MedicalTriage_TwoClasses__TP01_Baseline,50,19.88861754966891,9521.749389806164,3.3555555555555556,2416.0,17.880794701986755,4.04,0.8351020408163263,0.963265306122449,30.781938775510202,137.0,0.028352649006622516,Indirectas calculadas desde ConnectivityONEReport (traza por evento).,0,0,50,43200.0
D4_MedicalTriage_TwoClasses__TP02_LowLoad,50,20.251428571428608,9730.437905604713,3.3055555555555554,2380.0,18.15126050420168,4.02,0.8359183673469387,0.9510204081632653,30.80078231292517,130.4,0.02739495798319328,Indirectas calculadas desde ConnectivityONEReport (traza por evento).,0,0,50,43200.0
D4_MedicalTriage_TwoClasses__TP03_ManySmall,50,20.251428571428598,9730.438274336275,3.3055555555555554,2380.0,18.15126050420168,4.02,0.8359183673469387,0.9510204081632653,30.80078231292517,130.4,0.02739495798319328,Indirectas calculadas desde ConnectivityONEReport (traza por evento).,0,0,50,43200.0
D4_MedicalTriage_TwoClasses__TP04_FewLarge,50,20.250252100840367,9730.437979351025,3.3055555555555554,2380.0,18.15126050420168,4.02,0.8359183673469387,0.9510204081632653,30.80078231292517,130.4,0.02739495798319328,Indirectas calculadas desde ConnectivityONEReport (traza por evento).,0,0,50,43200.0
D4_MedicalTriage_TwoClasses__TP05_CriticalTTL,50,19.88861754966891,9521.749389806164,3.3555555555555556,2416.0,17.880794701986755,4.04,0.8351020408163263,0.963265306122449,30.781938775510202,137.0,0.028352649006622516,Indirectas calculadas desde ConnectivityONEReport (traza por evento).,0,0,50,43200.0
D4_MedicalTriage_TwoClasses__TP06_OneToMany,50,19.920498960498996,9701.398036363646,3.3402777777777777,2405.0,17.962577962577964,3.8999999999999995,0.8408163265306121,0.963265306122449,30.94360544217687,134.0,0.02785862785862786,Indirectas calculadas desde ConnectivityONEReport (traza por evento).,0,0,50,43200.0
D4_MedicalTriage_TwoClasses__TP07_BurstWindow,50,20.518282208588957,9961.631766381764,3.3958333333333335,2445.0,17.66871165644172,3.6799999999999993,0.8497959183673468,0.9510204081632653,29.9721768707483,130.0,0.026584867075664625,Indirectas calculadas desde ConnectivityONEReport (traza por evento).,0,0,50,43200.0
D4_MedicalTriage_TwoClasses__TP08_HubTarget,50,19.920498960498996,9701.398036363646,3.3402777777777777,2405.0,17.962577962577964,3.8999999999999995,0.8408163265306121,0.963265306122449,30.94360544217687,134.0,0.02785862785862786,Indirectas calculadas desde ConnectivityONEReport (traza por evento).,0,0,50,43200.0
D4_MedicalTriage_TwoClasses__TP09_Bimodal,50,19.88861754966891,9521.749389806164,3.3555555555555556,2416.0,17.880794701986755,4.04,0.8351020408163263,0.963265306122449,30.781938775510202,137.0,0.028352649006622516,Indirectas calculadas desde ConnectivityONEReport (traza por evento).,0,0,50,43200.0
D4_MedicalTriage_TwoClasses__TP10_Storm,50,19.480859049207726,9563.406796818517,3.3305555555555557,2398.0,18.015012510425354,4.199999999999999,0.8285714285714285,0.9428571428571428,30.82462585034013,138.0,0.028773978315262717,Indirectas calculadas desde ConnectivityONEReport (traza por evento).,0,0,50,43200.0
D4_MedicalTriage_TwoClasses__TP11_ManyToOne,50,19.920498960498996,9701.398036363646,3.3402777777777777,2405.0,17.962577962577964,3.8999999999999995,0.8408163265306121,0.963265306122449,30.94360544217687,134.0,0.02785862785862786,Indirectas calculadas desde ConnectivityONEReport (traza por evento).,0,0,50,43200.0
D4_MedicalTriage_TwoClasses__TP12_GroupToGroup,50,20.252142857142886,9730.436061946897,3.3055555555555554,2380.0,18.15126050420168,4.02,0.8359183673469387,0.9510204081632653,30.80078231292517,130.4,0.02739495798319328,Indirectas calculadas desde ConnectivityONEReport (traza por evento).,0,0,50,43200.0
D5_UAVMule_FastRoute_HelsinkiDisrupted__TP01_Baseline,62,9.788438520130567,6494.973751577444,10.21111111111111,7352.0,5.8759521218716,1.3870967741935476,0.9545214172395557,1.0,23.557795698924732,479.42857142857144,0.032605316337634076,Indirectas calculadas desde ConnectivityONEReport (traza por evento).,0,0,62,43200.0
D5_UAVMule_FastRoute_HelsinkiDisrupted__TP02_LowLoad,62,9.482302062541583,6452.68477842004,10.4375,7515.0,5.748502994011976,1.3709677419354838,0.9550502379693283,0.9929742388758783,23.245967741935488,478.0,0.03180306054557551,Indirectas calculadas desde ConnectivityONEReport (traza por evento).,0,0,62,43200.0
D5_UAVMule_FastRoute_HelsinkiDisrupted__TP03_ManySmall,62,9.883302063789888,6674.038848538549,10.363888888888889,7462.0,5.789332618600911,1.1935483870967745,0.960867265996827,0.9976580796252927,23.157258064516128,457.85714285714283,0.03067925106252633,Indirectas calculadas desde ConnectivityONEReport (traza por evento).,0,0,62,43200.0
D5_UAVMule_FastRoute_HelsinkiDisrupted__TP04_FewLarge,62,9.451233421750636,6491.117233560092,10.472222222222221,7540.0,5.729442970822281,1.3548387096774188,0.955579058699101,0.9953161592505856,23.22715053763441,476.42857142857144,0.0315934065934066,Indirectas calculadas desde ConnectivityONEReport (traza por evento).,0,0,62,43200.0
D5_UAVMule_FastRoute_HelsinkiDisrupted__TP05_CriticalTTL,62,9.788438520130567,6494.973751577444,10.21111111111111,7352.0,5.8759521218716,1.3870967741935476,0.9545214172395557,1.0,23.557795698924732,479.42857142857144,0.032605316337634076,Indirectas calculadas desde ConnectivityONEReport (traza por evento).,0,0,62,43200.0
D5_UAVMule_FastRoute_HelsinkiDisrupted__TP06_OneToMany,62,9.522568196939435,6350.706290520391,10.4375,7515.0,5.748502994011976,1.3387096774193545,0.9561078794288735,1.0,23.330645161290324,509.14285714285717,0.033875106928999144,Indirectas calculadas desde ConnectivityONEReport (traza por evento).,0,0,62,43200.0
D5_UAVMule_FastRoute_HelsinkiDisrupted__TP07_BurstWindow,62,9.42806597499335,6418.95944999123,10.441666666666666,7518.0,5.746209098164406,1.32258064516129,0.9566367001586463,0.9953161592505856,23.38440860215054,497.14285714285717,0.03306350473150154,Indirectas calculadas desde ConnectivityONEReport (traza por evento).,0,0,62,43200.0
D5_UAVMule_FastRoute_HelsinkiDisrupted__TP08_HubTarget,62,9.522568196939435,6350.706290520391,10.4375,7515.0,5.748502994011976,1.3387096774193545,0.9561078794288735,1.0,23.330645161290324,509.14285714285717,0.033875106928999144,Indirectas calculadas desde ConnectivityONEReport (traza por evento).,0,0,62,43200.0
D5_UAVMule_FastRoute_HelsinkiDisrupted__TP09_Bimodal,62,10.079598308668107,6471.958441783817,10.511111111111111,7568.0,5.708245243128964,1.3870967741935485,0.9545214172395557,1.0,23.254032258064516,481.42857142857144,0.031806855934762915,Indirectas calculadas desde ConnectivityONEReport (traza por evento).,0,0,62,43200.0
D5_UAVMule_FastRoute_HelsinkiDisrupted__TP10_Storm,62,9.732312551496824,6614.102172722295,10.113888888888889,7282.0,5.932436143916506,1.3870967741935487,0.9545214172395559,0.9976580796252927,23.231182795698928,449.85714285714283,0.03088829599403617,Indirectas calculadas desde ConnectivityONEReport (traza por evento).,0,0,62,43200.0
D5_UAVMule_FastRoute_HelsinkiDisrupted__TP11_ManyToOne,62,9.522568196939435,6350.706290520391,10.4375,7515.0,5.748502994011976,1.3387096774193545,0.9561078794288735,1.0,23.330645161290324,509.14285714285717,0.033875106928999144,Indirectas calculadas desde ConnectivityONEReport (traza por evento).,0,0,62,43200.0
D5_UAVMule_FastRoute_HelsinkiDisrupted__TP12_GroupToGroup,62,9.224749029581018,6535.742202970313,10.376388888888888,7471.0,5.78235845268371,1.225806451612903,0.9598096245372819,1.0,23.145161290322587,465.2857142857143,0.031139453505937244,Indirectas calculadas desde ConnectivityONEReport (traza por evento).,0,0,62,43200.0
D6_ShortTtlCritical_5to10min__TP01_Baseline,54,29.40581173260569,3114.1716059957153,15.270833333333334,3665.0,3.9290586630286493,1.8703703703703705,0.9294199860237599,0.9811320754716982,13.944444444444445,162.66666666666666,0.022191905411550708,Indirectas calculadas desde ConnectivityONEReport (traza por evento).,0,0,54,14400.0
D6_ShortTtlCritical_5to10min__TP02_LowLoad,54,29.405238744883974,3114.1712633832976,15.270833333333334,3665.0,3.9290586630286493,1.8703703703703705,0.9294199860237599,0.9811320754716982,13.944444444444445,162.66666666666666,0.022191905411550708,Indirectas calculadas desde ConnectivityONEReport (traza por evento).,0,0,54,14400.0
D6_ShortTtlCritical_5to10min__TP03_ManySmall,54,29.142106757524115,3093.6513074842205,14.675,3522.0,4.088586030664395,2.3518518518518516,0.9112508735150245,0.9654088050314465,14.37962962962963,155.16666666666666,0.02202820367215597,Indirectas calculadas desde ConnectivityONEReport (traza por evento).,0,0,54,14400.0
D6_ShortTtlCritical_5to10min__TP04_FewLarge,54,29.405238744883988,3114.17147751606,15.270833333333334,3665.0,3.9290586630286493,1.8703703703703705,0.9294199860237599,0.9811320754716982,13.944444444444445,162.66666666666666,0.022191905411550708,Indirectas calculadas desde ConnectivityONEReport (traza por evento).,0,0,54,14400.0
D6_ShortTtlCritical_5to10min__TP05_CriticalTTL,54,29.40581173260569,3114.1716059957153,15.270833333333334,3665.0,3.9290586630286493,1.8703703703703705,0.9294199860237599,0.9811320754716982,13.944444444444445,162.66666666666666,0.022191905411550708,Indirectas calculadas desde ConnectivityONEReport (traza por evento).,0,0,54,14400.0
D6_ShortTtlCritical_5to10min__TP06_OneToMany,54,29.398499727223054,3112.8351883561604,15.275,3666.0,3.927986906710311,1.8703703703703705,0.9294199860237599,0.9811320754716982,13.944444444444445,162.83333333333334,0.022208583378796148,Indirectas calculadas desde ConnectivityONEReport (traza por evento).,0,0,54,14400.0
D6_ShortTtlCritical_5to10min__TP07_BurstWindow,54,29.405238744883974,3114.1712633832976,15.270833333333334,3665.0,3.9290586630286493,1.8703703703703705,0.9294199860237599,0.9811320754716982,13.944444444444445,162.66666666666666,0.022191905411550708,Indirectas calculadas desde ConnectivityONEReport (traza por evento).,0,0,54,14400.0
D6_ShortTtlCritical_5to10min__TP08_HubTarget,54,29.398499727223054,3112.8351883561604,15.275,3666.0,3.927986906710311,1.8703703703703705,0.9294199860237599,0.9811320754716982,13.944444444444445,162.83333333333334,0.022208583378796148,Indirectas calculadas desde ConnectivityONEReport (traza por evento).,0,0,54,14400.0
D6_ShortTtlCritical_5to10min__TP09_Bimodal,54,29.40581173260569,3114.1716059957153,15.270833333333334,3665.0,3.9290586630286493,1.8703703703703705,0.9294199860237599,0.9811320754716982,13.944444444444445,162.66666666666666,0.022191905411550708,Indirectas calculadas desde ConnectivityONEReport (traza por evento).,0,0,54,14400.0
D6_ShortTtlCritical_5to10min__TP10_Storm,54,29.019252795200416,3066.9498297872365,15.279166666666667,3667.0,3.926915734933188,2.1111111111111116,0.9203354297693923,0.9748427672955975,13.949074074074074,164.33333333333334,0.022407053904190528,Indirectas calculadas desde ConnectivityONEReport (traza por evento).,0,0,54,14400.0
D6_ShortTtlCritical_5to10min__TP11_ManyToOne,54,29.398499727223054,3112.8351883561604,15.275,3666.0,3.927986906710311,1.8703703703703705,0.9294199860237599,0.9811320754716982,13.944444444444445,162.83333333333334,0.022208583378796148,Indirectas calculadas desde ConnectivityONEReport (traza por evento).,0,0,54,14400.0
D6_ShortTtlCritical_5to10min__TP12_GroupToGroup,54,29.40611186903133,3114.17113490364,15.270833333333334,3665.0,3.9290586630286493,1.8703703703703705,0.9294199860237599,0.9811320754716982,13.944444444444445,162.66666666666666,0.022191905411550708,Indirectas calculadas desde ConnectivityONEReport (traza por evento).,0,0,54,14400.0
D7_HighLoad_TrafficStorm__TP01_Baseline,70,29.142004064405224,3052.8661434436117,26.654166666666665,6397.0,2.2510551821166174,2.2714285714285705,0.93416149068323,0.9813664596273292,17.685714285714283,217.0,0.016961075504142567,Indirectas calculadas desde ConnectivityONEReport (traza por evento).,0,0,70,14400.0
D7_HighLoad_TrafficStorm__TP02_LowLoad,70,29.411166954609747,3070.4570669243762,26.529166666666665,6367.0,2.261661693105073,2.671428571428571,0.9225672877846792,0.9772256728778467,17.803571428571427,214.28571428571428,0.016827839978460362,Indirectas calculadas desde ConnectivityONEReport (traza por evento).,0,0,70,14400.0
D7_HighLoad_TrafficStorm__TP03_ManySmall,70,28.523277467411642,3047.821698786573,26.85,6444.0,2.2346368715083798,2.4857142857142858,0.927950310559006,0.9772256728778467,17.764285714285712,213.14285714285714,0.01653808637048861,Indirectas calculadas desde ConnectivityONEReport (traza por evento).,0,0,70,14400.0
D7_HighLoad_TrafficStorm__TP04_FewLarge,70,29.41107271870587,3070.4565595554463,26.529166666666665,6367.0,2.261661693105073,2.671428571428571,0.9225672877846792,0.9772256728778467,17.803571428571427,214.28571428571428,0.016827839978460362,Indirectas calculadas desde ConnectivityONEReport (traza por evento).,0,0,70,14400.0
D7_HighLoad_TrafficStorm__TP05_CriticalTTL,70,29.142004064405224,3052.8661434436117,26.654166666666665,6397.0,2.2510551821166174,2.2714285714285705,0.93416149068323,0.9813664596273292,17.685714285714283,217.0,0.016961075504142567,Indirectas calculadas desde ConnectivityONEReport (traza por evento).,0,0,70,14400.0
D7_HighLoad_TrafficStorm__TP06_OneToMany,70,28.56147426981923,3004.764999999999,26.9625,6471.0,2.2253129346314324,2.342857142857143,0.9320910973084886,0.979296066252588,17.692857142857143,228.28571428571428,0.017639137249707487,Indirectas calculadas desde ConnectivityONEReport (traza por evento).,0,0,70,14400.0
D7_HighLoad_TrafficStorm__TP07_BurstWindow,70,29.410852834930154,3070.4570669243762,26.529166666666665,6367.0,2.261661693105073,2.671428571428571,0.9225672877846792,0.9772256728778467,17.803571428571427,214.28571428571428,0.016827839978460362,Indirectas calculadas desde ConnectivityONEReport (traza por evento).,0,0,70,14400.0
D7_HighLoad_TrafficStorm__TP08_HubTarget,70,28.56147426981923,3004.764999999999,26.9625,6471.0,2.2253129346314324,2.342857142857143,0.9320910973084886,0.979296066252588,17.692857142857143,228.28571428571428,0.017639137249707487,Indirectas calculadas desde ConnectivityONEReport (traza por evento).,0,0,70,14400.0
D7_HighLoad_TrafficStorm__TP09_Bimodal,70,28.749151234567886,3103.493019403689,27.0,6480.0,2.2222222222222223,2.3,0.9333333333333332,0.9875776397515528,17.54285714285714,220.14285714285714,0.016986331569664906,Indirectas calculadas desde ConnectivityONEReport (traza por evento).,0,0,70,14400.0
D7_HighLoad_TrafficStorm__TP10_Storm,70,28.41465610929981,3014.587482014387,26.8375,6441.0,2.2356776897997204,2.057142857142857,0.9403726708074531,0.9834368530020703,17.810714285714283,223.14285714285714,0.01732206622751569,Indirectas calculadas desde ConnectivityONEReport (traza por evento).,0,0,70,14400.0
D7_HighLoad_TrafficStorm__TP11_ManyToOne,70,28.56147426981923,3004.764999999999,26.9625,6471.0,2.2253129346314324,2.342857142857143,0.9320910973084886,0.979296066252588,17.692857142857143,228.28571428571428,0.017639137249707487,Indirectas calculadas desde ConnectivityONEReport (traza por evento).,0,0,70,14400.0
D7_HighLoad_TrafficStorm__TP12_GroupToGroup,70,29.045577588920384,3036.0080077651064,26.475,6354.0,2.26628895184136,2.6000000000000005,0.9246376811594204,0.9772256728778468,17.91785714285714,214.0,0.01683978596159899,Indirectas calculadas desde ConnectivityONEReport (traza por evento).,0,0,70,14400.0
D8_InfrastructureReturns_BackboneLinks__TP01_Baseline,80,24.438695116947038,2557.0468610258645,33.84722222222222,24370.0,1.7726713171932704,0.0,0.49367088607594944,0.4936708860759494,5.08125,660.375,0.013548933114485021,Indirectas calculadas desde ConnectivityONEReport (traza por evento).,0,0,80,43200.0
D8_InfrastructureReturns_BackboneLinks__TP02_LowLoad,80,24.36196147685741,2555.420939927163,33.81805555555555,24349.0,1.7742001724916834,0.0,0.49367088607594944,0.4936708860759494,5.148958333333333,665.0,0.01365559160540474,Indirectas calculadas desde ConnectivityONEReport (traza por evento).,0,0,80,43200.0
D8_InfrastructureReturns_BackboneLinks__TP03_ManySmall,80,24.324323663624487,2538.6870518621668,34.08888888888889,24544.0,1.7601043024771839,0.0,0.49367088607594944,0.4936708860759494,4.6528846153846155,663.5,0.013516541720990873,Indirectas calculadas desde ConnectivityONEReport (traza por evento).,0,0,80,43200.0
D8_InfrastructureReturns_BackboneLinks__TP04_FewLarge,80,24.120058163348894,2551.4416513520628,33.90833333333333,24414.0,1.7694765298599164,0.0,0.49367088607594944,0.4936708860759494,5.069791666666666,663.25,0.01358339477349062,Indirectas calculadas desde ConnectivityONEReport (traza por evento).,0,0,80,43200.0
D8_InfrastructureReturns_BackboneLinks__TP05_CriticalTTL,80,24.438695116947038,2557.0468610258645,33.84722222222222,24370.0,1.7726713171932704,0.0,0.49367088607594944,0.4936708860759494,5.08125,660.375,0.013548933114485021,Indirectas calculadas desde ConnectivityONEReport (traza por evento).,0,0,80,43200.0
D8_InfrastructureReturns_BackboneLinks__TP06_OneToMany,80,24.41562474529302,2545.7745669771157,34.080555555555556,24538.0,1.760534680903089,0.0,0.49367088607594944,0.4936708860759494,5.1125,659.375,0.013435793463199935,Indirectas calculadas desde ConnectivityONEReport (traza por evento).,0,0,80,43200.0
D8_InfrastructureReturns_BackboneLinks__TP07_BurstWindow,80,23.95227412289678,2552.4500940219737,33.92638888888889,24427.0,1.76853481802923,0.0,0.49367088607594944,0.4936708860759494,5.077083333333333,655.125,0.013409853850247677,Indirectas calculadas desde ConnectivityONEReport (traza por evento).,0,0,80,43200.0
D8_InfrastructureReturns_BackboneLinks__TP08_HubTarget,80,24.41562474529302,2545.7745669771157,34.080555555555556,24538.0,1.760534680903089,0.0,0.49367088607594944,0.4936708860759494,5.1125,659.375,0.013435793463199935,Indirectas calculadas desde ConnectivityONEReport (traza por evento).,0,0,80,43200.0
D8_InfrastructureReturns_BackboneLinks__TP09_Bimodal,80,24.192964989509118,2566.109636435599,33.75972222222222,24307.0,1.7772658082033983,0.0,0.49367088607594944,0.4936708860759494,5.151041666666666,659.25,0.01356090838030197,Indirectas calculadas desde ConnectivityONEReport (traza por evento).,0,0,80,43200.0
D8_InfrastructureReturns_BackboneLinks__TP10_Storm,80,24.110105709971116,2541.9546881129804,34.02916666666667,24501.0,1.7631933390473857,0.0,0.49367088607594944,0.4936708860759494,4.992708333333334,651.5,0.013295375698951062,Indirectas calculadas desde ConnectivityONEReport (traza por evento).,0,0,80,43200.0
D8_InfrastructureReturns_BackboneLinks__TP11_ManyToOne,80,24.41562474529302,2545.7745669771157,34.080555555555556,24538.0,1.760534680903089,0.0,0.49367088607594944,0.4936708860759494,5.1125,659.375,0.013435793463199935,Indirectas calculadas desde ConnectivityONEReport (traza por evento).,0,0,80,43200.0
D8_InfrastructureReturns_BackboneLinks__TP12_GroupToGroup,80,24.176397439054433,2559.094554064731,33.84166666666667,24366.0,1.7729623245506032,0.0,0.49367088607594944,0.4936708860759494,5.1187499999999995,653.875,0.013417774768119511,Indirectas calculadas desde ConnectivityONEReport (traza por evento).,0,0,80,43200.0
D9_Critical_1minTTL__TP01_Baseline,44,50.11828877005357,10401.841539923964,2.5972222222222223,1870.0,23.101604278074866,2.9090909090909087,0.8646934460887952,0.9348837209302326,27.749647639182527,100.0,0.026737967914438505,Indirectas calculadas desde ConnectivityONEReport (traza por evento).,0,0,44,43200.0
D9_Critical_1minTTL__TP02_LowLoad,44,50.11775401069523,10401.841159695825,2.5972222222222223,1870.0,23.101604278074866,2.9090909090909087,0.8646934460887952,0.9348837209302326,27.749647639182527,100.0,0.026737967914438505,Indirectas calculadas desde ConnectivityONEReport (traza por evento).,0,0,44,43200.0
D9_Critical_1minTTL__TP03_ManySmall,44,50.11828877005357,10401.841539923964,2.5972222222222223,1870.0,23.101604278074866,2.9090909090909087,0.8646934460887952,0.9348837209302326,27.749647639182527,100.0,0.026737967914438505,Indirectas calculadas desde ConnectivityONEReport (traza por evento).,0,0,44,43200.0
D9_Critical_1minTTL__TP04_FewLarge,44,50.11828877005357,10401.841539923964,2.5972222222222223,1870.0,23.101604278074866,2.9090909090909087,0.8646934460887952,0.9348837209302326,27.749647639182527,100.0,0.026737967914438505,Indirectas calculadas desde ConnectivityONEReport (traza por evento).,0,0,44,43200.0
D9_Critical_1minTTL__TP05_CriticalTTL,44,50.11828877005357,10401.841539923964,2.5972222222222223,1870.0,23.101604278074866,2.9090909090909087,0.8646934460887952,0.9348837209302326,27.749647639182527,100.0,0.026737967914438505,Indirectas calculadas desde ConnectivityONEReport (traza por evento).,0,0,44,43200.0
D9_Critical_1minTTL__TP06_OneToMany,44,50.11796791443856,10401.842205323204,2.5972222222222223,1870.0,23.101604278074866,2.9090909090909087,0.8646934460887952,0.9348837209302326,27.749647639182527,100.0,0.026737967914438505,Indirectas calculadas desde ConnectivityONEReport (traza por evento).,0,0,44,43200.0
D9_Critical_1minTTL__TP07_BurstWindow,44,51.65473801560774,10682.089400000012,2.4916666666666667,1794.0,24.08026755852843,3.4545454545454533,0.8393234672304442,0.9255813953488372,29.39860817477097,97.8,0.027257525083612046,Indirectas calculadas desde ConnectivityONEReport (traza por evento).,0,0,44,43200.0
D9_Critical_1minTTL__TP08_HubTarget,44,50.11796791443856,10401.842205323204,2.5972222222222223,1870.0,23.101604278074866,2.9090909090909087,0.8646934460887952,0.9348837209302326,27.749647639182527,100.0,0.026737967914438505,Indirectas calculadas desde ConnectivityONEReport (traza por evento).,0,0,44,43200.0
D9_Critical_1minTTL__TP09_Bimodal,44,50.11882352941181,10401.841730038032,2.5972222222222223,1870.0,23.101604278074866,2.9090909090909087,0.8646934460887952,0.9348837209302326,27.749647639182527,100.0,0.026737967914438505,Indirectas calculadas desde ConnectivityONEReport (traza por evento).,0,0,44,43200.0
D9_Critical_1minTTL__TP10_Storm,44,51.35366817155754,10308.875834175942,2.4611111111111112,1772.0,24.37923250564334,3.7045454545454546,0.8276955602536998,0.9348837209302324,29.893020738950977,96.4,0.027200902934537245,Indirectas calculadas desde ConnectivityONEReport (traza por evento).,0,0,44,43200.0
D9_Critical_1minTTL__TP11_ManyToOne,44,50.11796791443856,10401.842205323204,2.5972222222222223,1870.0,23.101604278074866,2.9090909090909087,0.8646934460887952,0.9348837209302326,27.749647639182527,100.0,0.026737967914438505,Indirectas calculadas desde ConnectivityONEReport (traza por evento).,0,0,44,43200.0
D9_Critical_1minTTL__TP12_GroupToGroup,44,49.64667370644138,10467.405986903657,2.6305555555555555,1894.0,22.80887011615628,2.7499999999999996,0.872093023255814,0.9441860465116279,27.68688336856941,102.2,0.02697993664202746,Indirectas calculadas desde ConnectivityONEReport (traza por evento).,0,0,44,43200.0
R10_TinyRange_5m__TP01_Baseline,32,24.001179941002952,13737.473489932883,0.9416666666666667,678.0,63.716814159292035,3.6249999999999996,0.7661290322580645,0.8790322580645161,31.65098709765701,53.25,0.039269911504424784,Indirectas calculadas desde ConnectivityONEReport (traza por evento).,0,0,32,43200.0
R10_TinyRange_5m__TP02_LowLoad,32,24.001179941002952,13737.473489932883,0.9416666666666667,678.0,63.716814159292035,3.6249999999999996,0.7661290322580645,0.8790322580645161,31.65098709765701,53.25,0.039269911504424784,Indirectas calculadas desde ConnectivityONEReport (traza por evento).,0,0,32,43200.0
R10_TinyRange_5m__TP03_ManySmall,32,24.001179941002952,13737.473489932883,0.9416666666666667,678.0,63.716814159292035,3.6249999999999996,0.7661290322580645,0.8790322580645161,31.65098709765701,53.25,0.039269911504424784,Indirectas calculadas desde ConnectivityONEReport (traza por evento).,0,0,32,43200.0
R10_TinyRange_5m__TP04_FewLarge,32,24.001179941002952,13737.473489932883,0.9416666666666667,678.0,63.716814159292035,3.6249999999999996,0.7661290322580645,0.8790322580645161,31.65098709765701,53.25,0.039269911504424784,Indirectas calculadas desde ConnectivityONEReport (traza por evento).,0,0,32,43200.0
R10_TinyRange_5m__TP05_CriticalTTL,32,24.001179941002952,13737.473489932883,0.9416666666666667,678.0,63.716814159292035,3.6249999999999996,0.7661290322580645,0.8790322580645161,31.65098709765701,53.25,0.039269911504424784,Indirectas calculadas desde ConnectivityONEReport (traza por evento).,0,0,32,43200.0
R10_TinyRange_5m__TP06_OneToMany,32,24.001179941002952,13737.473489932883,0.9416666666666667,678.0,63.716814159292035,3.6249999999999996,0.7661290322580645,0.8790322580645161,31.65098709765701,53.25,0.039269911504424784,Indirectas calculadas desde ConnectivityONEReport (traza por evento).,0,0,32,43200.0
R10_TinyRange_5m__TP07_BurstWindow,32,24.001179941002952,13737.473489932883,0.9416666666666667,678.0,63.716814159292035,3.6249999999999996,0.7661290322580645,0.8790322580645161,31.65098709765701,53.25,0.039269911504424784,Indirectas calculadas desde ConnectivityONEReport (traza por evento).,0,0,32,43200.0
R10_TinyRange_5m__TP08_HubTarget,32,24.001179941002952,13737.473489932883,0.9416666666666667,678.0,63.716814159292035,3.6249999999999996,0.7661290322580645,0.8790322580645161,31.65098709765701,53.25,0.039269911504424784,Indirectas calculadas desde ConnectivityONEReport (traza por evento).,0,0,32,43200.0
R10_TinyRange_5m__TP09_Bimodal,32,24.001179941002952,13737.473489932883,0.9416666666666667,678.0,63.716814159292035,3.6249999999999996,0.7661290322580645,0.8790322580645161,31.65098709765701,53.25,0.039269911504424784,Indirectas calculadas desde ConnectivityONEReport (traza por evento).,0,0,32,43200.0
R10_TinyRange_5m__TP10_Storm,32,24.001179941002963,13737.472483221476,0.9416666666666667,678.0,63.716814159292035,3.6249999999999996,0.7661290322580645,0.8790322580645161,31.65098709765701,53.25,0.039269911504424784,Indirectas calculadas desde ConnectivityONEReport (traza por evento).,0,0,32,43200.0
R10_TinyRange_5m__TP11_ManyToOne,32,24.001179941002952,13737.473489932883,0.9416666666666667,678.0,63.716814159292035,3.6249999999999996,0.7661290322580645,0.8790322580645161,31.65098709765701,53.25,0.039269911504424784,Indirectas calculadas desde ConnectivityONEReport (traza por evento).,0,0,32,43200.0
R10_TinyRange_5m__TP12_GroupToGroup,32,24.001622418879055,13737.472147651002,0.9416666666666667,678.0,63.716814159292035,3.6249999999999996,0.7661290322580645,0.8790322580645161,31.65098709765701,53.25,0.039269911504424784,Indirectas calculadas desde ConnectivityONEReport (traza por evento).,0,0,32,43200.0
R11_SpeedExtremeLow__TP01_Baseline,28,87.17800138792504,8054.675186567161,2.001388888888889,1441.0,29.97918112421929,0.32142857142857134,0.9761904761904763,1.0,11.923390652557321,120.66666666666667,0.041869072403423545,Indirectas calculadas desde ConnectivityONEReport (traza por evento).,0,0,28,43200.0
R11_SpeedExtremeLow__TP02_LowLoad,28,87.17966689798753,8054.672388059697,2.001388888888889,1441.0,29.97918112421929,0.32142857142857134,0.9761904761904763,1.0,11.923390652557321,120.66666666666667,0.041869072403423545,Indirectas calculadas desde ConnectivityONEReport (traza por evento).,0,0,28,43200.0
R11_SpeedExtremeLow__TP03_ManySmall,28,87.18147120055522,8054.66865671641,2.001388888888889,1441.0,29.97918112421929,0.32142857142857134,0.9761904761904763,1.0,11.923390652557321,120.66666666666667,0.041869072403423545,Indirectas calculadas desde ConnectivityONEReport (traza por evento).,0,0,28,43200.0
R11_SpeedExtremeLow__TP04_FewLarge,28,87.17966689798753,8054.672388059697,2.001388888888889,1441.0,29.97918112421929,0.32142857142857134,0.9761904761904763,1.0,11.923390652557321,120.66666666666667,0.041869072403423545,Indirectas calculadas desde ConnectivityONEReport (traza por evento).,0,0,28,43200.0
R11_SpeedExtremeLow__TP05_CriticalTTL,28,87.17800138792504,8054.675186567161,2.001388888888889,1441.0,29.97918112421929,0.32142857142857134,0.9761904761904763,1.0,11.923390652557321,120.66666666666667,0.041869072403423545,Indirectas calculadas desde ConnectivityONEReport (traza por evento).,0,0,28,43200.0
R11_SpeedExtremeLow__TP06_OneToMany,28,87.18049965301879,8054.669682835816,2.001388888888889,1441.0,29.97918112421929,0.32142857142857134,0.9761904761904763,1.0,11.923390652557321,120.66666666666667,0.041869072403423545,Indirectas calculadas desde ConnectivityONEReport (traza por evento).,0,0,28,43200.0
R11_SpeedExtremeLow__TP07_BurstWindow,28,87.18160999306043,8054.671082089548,2.001388888888889,1441.0,29.97918112421929,0.32142857142857134,0.9761904761904763,1.0,11.923390652557321,120.66666666666667,0.041869072403423545,Indirectas calculadas desde ConnectivityONEReport (traza por evento).,0,0,28,43200.0
R11_SpeedExtremeLow__TP08_HubTarget,28,87.18049965301879,8054.669682835816,2.001388888888889,1441.0,29.97918112421929,0.32142857142857134,0.9761904761904763,1.0,11.923390652557321,120.66666666666667,0.041869072403423545,Indirectas calculadas desde ConnectivityONEReport (traza por evento).,0,0,28,43200.0
R11_SpeedExtremeLow__TP09_Bimodal,28,87.17800138792508,8054.675186567161,2.001388888888889,1441.0,29.97918112421929,0.32142857142857134,0.9761904761904763,1.0,11.923390652557321,120.66666666666667,0.041869072403423545,Indirectas calculadas desde ConnectivityONEReport (traza por evento).,0,0,28,43200.0
R11_SpeedExtremeLow__TP10_Storm,28,87.17959750173507,8054.669496268652,2.001388888888889,1441.0,29.97918112421929,0.32142857142857134,0.9761904761904763,1.0,11.923390652557321,120.66666666666667,0.041869072403423545,Indirectas calculadas desde ConnectivityONEReport (traza por evento).,0,0,28,43200.0
R11_SpeedExtremeLow__TP11_ManyToOne,28,87.18049965301879,8054.669682835816,2.001388888888889,1441.0,29.97918112421929,0.32142857142857134,0.9761904761904763,1.0,11.923390652557321,120.66666666666667,0.041869072403423545,Indirectas calculadas desde ConnectivityONEReport (traza por evento).,0,0,28,43200.0
R11_SpeedExtremeLow__TP12_GroupToGroup,28,87.17800138792506,8054.675186567161,2.001388888888889,1441.0,29.97918112421929,0.32142857142857134,0.9761904761904763,1.0,11.923390652557321,120.66666666666667,0.041869072403423545,Indirectas calculadas desde ConnectivityONEReport (traza por evento).,0,0,28,43200.0
R12_SpeedExtremeHigh__TP01_Baseline,40,1.4270456232512974,943.8029638497965,48.647222222222226,35026.0,1.2333694969451265,0.0,1.0,1.0,0.3125,1817.0,0.025937874721635355,Indirectas calculadas desde ConnectivityONEReport (traza por evento).,0,0,40,43200.0
R12_SpeedExtremeHigh__TP02_LowLoad,40,1.4443302207372786,942.282169455876,48.6375,35019.0,1.2336160370084812,0.0,1.0,1.0,0.34583333333333327,1848.25,0.026389245837973672,Indirectas calculadas desde ConnectivityONEReport (traza por evento).,0,0,40,43200.0
R12_SpeedExtremeHigh__TP03_ManySmall,40,1.4234211877459961,940.3614767489328,48.69166666666667,35058.0,1.232243710422728,0.0,1.0,1.0,0.31249999999999994,1815.0,0.025885675166866337,Indirectas calculadas desde ConnectivityONEReport (traza por evento).,0,0,40,43200.0
R12_SpeedExtremeHigh__TP04_FewLarge,40,1.4364052694068674,933.5393218477159,49.13055555555555,35374.0,1.2212359359981908,0.0,1.0,1.0,0.25,1860.5,0.02629756318199808,Indirectas calculadas desde ConnectivityONEReport (traza por evento).,0,0,40,43200.0
R12_SpeedExtremeHigh__TP05_CriticalTTL,40,1.4270456232512974,943.8029638497965,48.647222222222226,35026.0,1.2333694969451265,0.0,1.0,1.0,0.3125,1817.0,0.025937874721635355,Indirectas calculadas desde ConnectivityONEReport (traza por evento).,0,0,40,43200.0
R12_SpeedExtremeHigh__TP06_OneToMany,40,1.442254427440322,924.0667019420528,49.643055555555556,35743.0,1.2086282628766472,0.0,1.0,1.0,0.33125,1862.25,0.02605055535349579,Indirectas calculadas desde ConnectivityONEReport (traza por evento).,0,0,40,43200.0
R12_SpeedExtremeHigh__TP07_BurstWindow,40,1.4639657804533686,951.4367298229103,48.21805555555556,34717.0,1.2443471498113317,0.0,1.0,1.0,0.31458333333333327,1820.5,0.02621914335916122,Indirectas calculadas desde ConnectivityONEReport (traza por evento).,0,0,40,43200.0
R12_SpeedExtremeHigh__TP08_HubTarget,40,1.442254427440322,924.0667019420528,49.643055555555556,35743.0,1.2086282628766472,0.0,1.0,1.0,0.33125,1862.25,0.02605055535349579,Indirectas calculadas desde ConnectivityONEReport (traza por evento).,0,0,40,43200.0
R12_SpeedExtremeHigh__TP09_Bimodal,40,1.4246127269122628,935.0837450406893,49.043055555555554,35311.0,1.2234147999207046,0.0,1.0,1.0,0.3270833333333333,1834.5,0.025976324658038574,Indirectas calculadas desde ConnectivityONEReport (traza por evento).,0,0,40,43200.0
R12_SpeedExtremeHigh__TP10_Storm,40,1.412328339575505,936.9806667827256,48.95,35244.0,1.2257405515832482,0.0,1.0,1.0,0.2770833333333333,1831.0,0.02597605266144592,Indirectas calculadas desde ConnectivityONEReport (traza por evento).,0,0,40,43200.0
R12_SpeedExtremeHigh__TP11_ManyToOne,40,1.442254427440322,924.0667019420528,49.643055555555556,35743.0,1.2086282628766472,0.0,1.0,1.0,0.33125,1862.25,0.02605055535349579,Indirectas calculadas desde ConnectivityONEReport (traza por evento).,0,0,40,43200.0
R12_SpeedExtremeHigh__TP12_GroupToGroup,40,1.4284041580991387,943.8773454842817,48.63333333333333,35016.0,1.2337217272104182,0.0,1.0,1.0,0.25192307692307686,1841.0,0.026287982636509024,Indirectas calculadas desde ConnectivityONEReport (traza por evento).,0,0,40,43200.0
R1_Rural_SparseSPMM__TP01_Baseline,25,88.20299459990161,5262.663385146809,2.8291666666666666,2037.0,21.207658321060382,0.0,1.0,1.0,6.833333333333333,191.0,0.0468826705940108,Indirectas calculadas desde ConnectivityONEReport (traza por evento).,0,0,25,43200.0
R1_Rural_SparseSPMM__TP02_LowLoad,25,88.20299459990161,5262.663385146809,2.8291666666666666,2037.0,21.207658321060382,0.0,1.0,1.0,6.833333333333333,191.0,0.0468826705940108,Indirectas calculadas desde ConnectivityONEReport (traza por evento).,0,0,25,43200.0
R1_Rural_SparseSPMM__TP03_ManySmall,25,88.20157093765323,5262.664881980429,2.8291666666666666,2037.0,21.207658321060382,0.0,1.0,1.0,6.833333333333333,191.0,0.0468826705940108,Indirectas calculadas desde ConnectivityONEReport (traza por evento).,0,0,25,43200.0
R1_Rural_SparseSPMM__TP04_FewLarge,25,88.20299459990161,5262.663385146809,2.8291666666666666,2037.0,21.207658321060382,0.0,1.0,1.0,6.833333333333333,191.0,0.0468826705940108,Indirectas calculadas desde ConnectivityONEReport (traza por evento).,0,0,25,43200.0
R1_Rural_SparseSPMM__TP05_CriticalTTL,25,88.20299459990161,5262.663385146809,2.8291666666666666,2037.0,21.207658321060382,0.0,1.0,1.0,6.833333333333333,191.0,0.0468826705940108,Indirectas calculadas desde ConnectivityONEReport (traza por evento).,0,0,25,43200.0
R1_Rural_SparseSPMM__TP06_OneToMany,25,88.20220913107501,5262.663615428906,2.8291666666666666,2037.0,21.207658321060382,0.0,1.0,1.0,6.833333333333333,191.0,0.0468826705940108,Indirectas calculadas desde ConnectivityONEReport (traza por evento).,0,0,25,43200.0
R1_Rural_SparseSPMM__TP07_BurstWindow,25,88.15947006869472,5259.6368239355625,2.8305555555555557,2038.0,21.197252208047104,0.0,1.0,1.0,6.833333333333333,191.0,0.04685966633954858,Indirectas calculadas desde ConnectivityONEReport (traza por evento).,0,0,25,43200.0
R1_Rural_SparseSPMM__TP08_HubTarget,25,88.20220913107501,5262.663615428906,2.8291666666666666,2037.0,21.207658321060382,0.0,1.0,1.0,6.833333333333333,191.0,0.0468826705940108,Indirectas calculadas desde ConnectivityONEReport (traza por evento).,0,0,25,43200.0
R1_Rural_SparseSPMM__TP09_Bimodal,25,88.20299459990161,5262.663385146809,2.8291666666666666,2037.0,21.207658321060382,0.0,1.0,1.0,6.833333333333333,191.0,0.0468826705940108,Indirectas calculadas desde ConnectivityONEReport (traza por evento).,0,0,25,43200.0
R1_Rural_SparseSPMM__TP10_Storm,25,88.15947006869466,5259.6367663981555,2.8305555555555557,2038.0,21.197252208047104,0.0,1.0,1.0,6.833333333333333,191.0,0.04685966633954858,Indirectas calculadas desde ConnectivityONEReport (traza por evento).,0,0,25,43200.0
R1_Rural_SparseSPMM__TP11_ManyToOne,25,88.20220913107501,5262.663615428906,2.8291666666666666,2037.0,21.207658321060382,0.0,1.0,1.0,6.833333333333333,191.0,0.0468826705940108,Indirectas calculadas desde ConnectivityONEReport (traza por evento).,0,0,25,43200.0
R1_Rural_SparseSPMM__TP12_GroupToGroup,25,88.20211094747152,5262.664881980428,2.8291666666666666,2037.0,21.207658321060382,0.0,1.0,1.0,6.833333333333333,191.0,0.0468826705940108,Indirectas calculadas desde ConnectivityONEReport (traza por evento).,0,0,25,43200.0
R2_VillagesTrails_InterVillage__TP01_Baseline,36,87.08173488087971,7735.845893310759,2.2736111111111112,1637.0,26.389737324373854,2.166666666666666,0.719047619047619,0.9142857142857143,13.970306001188355,153.0,0.04673182651191203,Indirectas calculadas desde ConnectivityONEReport (traza por evento).,0,0,36,43200.0
R2_VillagesTrails_InterVillage__TP02_LowLoad,36,87.08039095907158,7735.846316680781,2.2736111111111112,1637.0,26.389737324373854,2.166666666666666,0.719047619047619,0.9142857142857143,13.970306001188355,153.0,0.04673182651191203,Indirectas calculadas desde ConnectivityONEReport (traza por evento).,0,0,36,43200.0
R2_VillagesTrails_InterVillage__TP03_ManySmall,36,87.08375076359198,7735.841913632522,2.2736111111111112,1637.0,26.389737324373854,2.166666666666666,0.719047619047619,0.9142857142857143,13.970306001188355,153.0,0.04673182651191203,Indirectas calculadas desde ConnectivityONEReport (traza por evento).,0,0,36,43200.0
R2_VillagesTrails_InterVillage__TP04_FewLarge,36,87.08173488087967,7735.845893310759,2.2736111111111112,1637.0,26.389737324373854,2.166666666666666,0.719047619047619,0.9142857142857143,13.970306001188355,153.0,0.04673182651191203,Indirectas calculadas desde ConnectivityONEReport (traza por evento).,0,0,36,43200.0
R2_VillagesTrails_InterVillage__TP05_CriticalTTL,36,87.08173488087971,7735.845893310759,2.2736111111111112,1637.0,26.389737324373854,2.166666666666666,0.719047619047619,0.9142857142857143,13.970306001188355,153.0,0.04673182651191203,Indirectas calculadas desde ConnectivityONEReport (traza por evento).,0,0,36,43200.0
R2_VillagesTrails_InterVillage__TP06_OneToMany,36,87.0832620647526,7735.844707874685,2.2736111111111112,1637.0,26.389737324373854,2.166666666666666,0.719047619047619,0.9142857142857143,13.970306001188355,153.0,0.04673182651191203,Indirectas calculadas desde ConnectivityONEReport (traza por evento).,0,0,36,43200.0
R2_VillagesTrails_InterVillage__TP07_BurstWindow,36,87.0307692307692,7729.297546531306,2.275,1638.0,26.373626373626372,2.166666666666666,0.719047619047619,0.9142857142857143,13.970306001188355,153.0,0.046703296703296704,Indirectas calculadas desde ConnectivityONEReport (traza por evento).,0,0,36,43200.0
R2_VillagesTrails_InterVillage__TP08_HubTarget,36,87.0832620647526,7735.844707874685,2.2736111111111112,1637.0,26.389737324373854,2.166666666666666,0.719047619047619,0.9142857142857143,13.970306001188355,153.0,0.04673182651191203,Indirectas calculadas desde ConnectivityONEReport (traza por evento).,0,0,36,43200.0
R2_VillagesTrails_InterVillage__TP09_Bimodal,36,87.08173488087974,7735.845893310759,2.2736111111111112,1637.0,26.389737324373854,2.166666666666666,0.719047619047619,0.9142857142857143,13.970306001188355,153.0,0.04673182651191203,Indirectas calculadas desde ConnectivityONEReport (traza por evento).,0,0,36,43200.0
R2_VillagesTrails_InterVillage__TP10_Storm,36,86.72919580419588,7236.54258219727,2.3833333333333333,1716.0,25.174825174825173,1.8055555555555556,0.7396825396825397,0.9142857142857143,13.74566975780211,160.75,0.046838578088578095,Indirectas calculadas desde ConnectivityONEReport (traza por evento).,0,0,36,43200.0
R2_VillagesTrails_InterVillage__TP11_ManyToOne,36,87.0832620647526,7735.844707874685,2.2736111111111112,1637.0,26.389737324373854,2.166666666666666,0.719047619047619,0.9142857142857143,13.970306001188355,153.0,0.04673182651191203,Indirectas calculadas desde ConnectivityONEReport (traza por evento).,0,0,36,43200.0
R2_VillagesTrails_InterVillage__TP12_GroupToGroup,36,87.08173488087967,7735.845893310759,2.2736111111111112,1637.0,26.389737324373854,2.166666666666666,0.719047619047619,0.9142857142857143,13.970306001188355,153.0,0.04673182651191203,Indirectas calculadas desde ConnectivityONEReport (traza por evento).,0,0,36,43200.0
R3_WildlifeTracking__TP01_Baseline,20,180.5989130434781,13508.447368421053,0.12777777777777777,92.0,469.5652173913044,6.949999999999998,0.38421052631578945,0.5789473684210527,1.0895380082880084,16.5,0.08967391304347826,Indirectas calculadas desde ConnectivityONEReport (traza por evento).,0,0,20,43200.0
R3_WildlifeTracking__TP02_LowLoad,20,180.5989130434781,13508.447368421053,0.12777777777777777,92.0,469.5652173913044,6.949999999999998,0.38421052631578945,0.5789473684210527,1.0895380082880084,16.5,0.08967391304347826,Indirectas calculadas desde ConnectivityONEReport (traza por evento).,0,0,20,43200.0
R3_WildlifeTracking__TP03_ManySmall,20,180.5989130434781,13508.447368421053,0.12777777777777777,92.0,469.5652173913044,6.949999999999998,0.38421052631578945,0.5789473684210527,1.0895380082880084,16.5,0.08967391304347826,Indirectas calculadas desde ConnectivityONEReport (traza por evento).,0,0,20,43200.0
R3_WildlifeTracking__TP04_FewLarge,20,180.5989130434781,13508.447368421053,0.12777777777777777,92.0,469.5652173913044,6.949999999999998,0.38421052631578945,0.5789473684210527,1.0895380082880084,16.5,0.08967391304347826,Indirectas calculadas desde ConnectivityONEReport (traza por evento).,0,0,20,43200.0
R3_WildlifeTracking__TP05_CriticalTTL,20,180.5989130434781,13508.447368421053,0.12777777777777777,92.0,469.5652173913044,6.949999999999998,0.38421052631578945,0.5789473684210527,1.0895380082880084,16.5,0.08967391304347826,Indirectas calculadas desde ConnectivityONEReport (traza por evento).,0,0,20,43200.0
R3_WildlifeTracking__TP06_OneToMany,20,180.59999999999982,13508.447368421053,0.12777777777777777,92.0,469.5652173913044,6.949999999999998,0.38421052631578945,0.5789473684210527,1.0895380082880084,16.5,0.08967391304347826,Indirectas calculadas desde ConnectivityONEReport (traza por evento).,0,0,20,43200.0
R3_WildlifeTracking__TP07_BurstWindow,20,180.5989130434781,13508.447368421053,0.12777777777777777,92.0,469.5652173913044,6.949999999999998,0.38421052631578945,0.5789473684210527,1.0895380082880084,16.5,0.08967391304347826,Indirectas calculadas desde ConnectivityONEReport (traza por evento).,0,0,20,43200.0
R3_WildlifeTracking__TP08_HubTarget,20,180.59999999999982,13508.447368421053,0.12777777777777777,92.0,469.5652173913044,6.949999999999998,0.38421052631578945,0.5789473684210527,1.0895380082880084,16.5,0.08967391304347826,Indirectas calculadas desde ConnectivityONEReport (traza por evento).,0,0,20,43200.0
R3_WildlifeTracking__TP09_Bimodal,20,180.5989130434781,13508.447368421053,0.12777777777777777,92.0,469.5652173913044,6.949999999999998,0.38421052631578945,0.5789473684210527,1.0895380082880084,16.5,0.08967391304347826,Indirectas calculadas desde ConnectivityONEReport (traza por evento).,0,0,20,43200.0
R3_WildlifeTracking__TP10_Storm,20,180.5989130434781,13508.447368421053,0.12777777777777777,92.0,469.5652173913044,6.949999999999998,0.38421052631578945,0.5789473684210527,1.0895380082880084,16.5,0.08967391304347826,Indirectas calculadas desde ConnectivityONEReport (traza por evento).,0,0,20,43200.0
R3_WildlifeTracking__TP11_ManyToOne,20,180.59999999999982,13508.447368421053,0.12777777777777777,92.0,469.5652173913044,6.949999999999998,0.38421052631578945,0.5789473684210527,1.0895380082880084,16.5,0.08967391304347826,Indirectas calculadas desde ConnectivityONEReport (traza por evento).,0,0,20,43200.0
R3_WildlifeTracking__TP12_GroupToGroup,20,180.5989130434781,13508.447368421053,0.12777777777777777,92.0,469.5652173913044,6.949999999999998,0.38421052631578945,0.5789473684210527,1.0895380082880084,16.5,0.08967391304347826,Indirectas calculadas desde ConnectivityONEReport (traza por evento).,0,0,20,43200.0
R4_ParkRangers_NuuksioSparseTrails__TP01_Baseline,3,12.862499999999592,6879.946153846154,0.022222222222222223,16.0,2700.0,0.0,1.0,1.0,0.0,13.0,0.40625,Indirectas calculadas desde ConnectivityONEReport (traza por evento).,0,0,3,43200.0
R4_ParkRangers_NuuksioSparseTrails__TP02_LowLoad,3,12.862499999999592,6879.946153846154,0.022222222222222223,16.0,2700.0,0.0,1.0,1.0,0.0,13.0,0.40625,Indirectas calculadas desde ConnectivityONEReport (traza por evento).,0,0,3,43200.0
R4_ParkRangers_NuuksioSparseTrails__TP03_ManySmall,3,12.862499999999592,6879.946153846154,0.022222222222222223,16.0,2700.0,0.0,1.0,1.0,0.0,13.0,0.40625,Indirectas calculadas desde ConnectivityONEReport (traza por evento).,0,0,3,43200.0
R4_ParkRangers_NuuksioSparseTrails__TP04_FewLarge,3,12.862499999999592,6879.946153846154,0.022222222222222223,16.0,2700.0,0.0,1.0,1.0,0.0,13.0,0.40625,Indirectas calculadas desde ConnectivityONEReport (traza por evento).,0,0,3,43200.0
R4_ParkRangers_NuuksioSparseTrails__TP05_CriticalTTL,3,12.862499999999592,6879.946153846154,0.022222222222222223,16.0,2700.0,0.0,1.0,1.0,0.0,13.0,0.40625,Indirectas calculadas desde ConnectivityONEReport (traza por evento).,0,0,3,43200.0
R4_ParkRangers_NuuksioSparseTrails__TP06_OneToMany,3,12.862499999999592,6879.946153846154,0.022222222222222223,16.0,2700.0,0.0,1.0,1.0,0.0,13.0,0.40625,Indirectas calculadas desde ConnectivityONEReport (traza por evento).,0,0,3,43200.0
R4_ParkRangers_NuuksioSparseTrails__TP07_BurstWindow,3,12.862499999999592,6879.946153846154,0.022222222222222223,16.0,2700.0,0.0,1.0,1.0,0.0,13.0,0.40625,Indirectas calculadas desde ConnectivityONEReport (traza por evento).,0,0,3,43200.0
R4_ParkRangers_NuuksioSparseTrails__TP08_HubTarget,3,12.862499999999592,6879.946153846154,0.022222222222222223,16.0,2700.0,0.0,1.0,1.0,0.0,13.0,0.40625,Indirectas calculadas desde ConnectivityONEReport (traza por evento).,0,0,3,43200.0
R4_ParkRangers_NuuksioSparseTrails__TP09_Bimodal,3,12.862499999999592,6879.946153846154,0.022222222222222223,16.0,2700.0,0.0,1.0,1.0,0.0,13.0,0.40625,Indirectas calculadas desde ConnectivityONEReport (traza por evento).,0,0,3,43200.0
R4_ParkRangers_NuuksioSparseTrails__TP10_Storm,3,12.862499999999592,6879.946153846154,0.022222222222222223,16.0,2700.0,0.0,1.0,1.0,0.0,13.0,0.40625,Indirectas calculadas desde ConnectivityONEReport (traza por evento).,0,0,3,43200.0
R4_ParkRangers_NuuksioSparseTrails__TP11_ManyToOne,3,12.862499999999592,6879.946153846154,0.022222222222222223,16.0,2700.0,0.0,1.0,1.0,0.0,13.0,0.40625,Indirectas calculadas desde ConnectivityONEReport (traza por evento).,0,0,3,43200.0
R4_ParkRangers_NuuksioSparseTrails__TP12_GroupToGroup,3,12.862499999999592,6879.946153846154,0.022222222222222223,16.0,2700.0,0.0,1.0,1.0,0.0,13.0,0.40625,Indirectas calculadas desde ConnectivityONEReport (traza por evento).,0,0,3,43200.0
R5_MountainRescue__TP01_Baseline,26,33.898407643312055,5261.367289719627,1.3083333333333333,314.0,45.859872611464965,4.538461538461538,0.636923076923077,0.7866666666666667,16.615384615384617,33.666666666666664,0.053609341825902344,Indirectas calculadas desde ConnectivityONEReport (traza por evento).,0,0,26,14400.0
R5_MountainRescue__TP02_LowLoad,26,33.898407643312055,5261.367289719627,1.3083333333333333,314.0,45.859872611464965,4.538461538461538,0.636923076923077,0.7866666666666667,16.615384615384617,33.666666666666664,0.053609341825902344,Indirectas calculadas desde ConnectivityONEReport (traza por evento).,0,0,26,14400.0
R5_MountainRescue__TP03_ManySmall,26,33.896815286624175,5261.36355140187,1.3083333333333333,314.0,45.859872611464965,4.538461538461538,0.636923076923077,0.7866666666666667,16.615384615384617,33.666666666666664,0.053609341825902344,Indirectas calculadas desde ConnectivityONEReport (traza por evento).,0,0,26,14400.0
R5_MountainRescue__TP04_FewLarge,26,33.898407643312055,5261.367289719627,1.3083333333333333,314.0,45.859872611464965,4.538461538461538,0.636923076923077,0.7866666666666667,16.615384615384617,33.666666666666664,0.053609341825902344,Indirectas calculadas desde ConnectivityONEReport (traza por evento).,0,0,26,14400.0
R5_MountainRescue__TP05_CriticalTTL,26,33.898407643312055,5261.367289719627,1.3083333333333333,314.0,45.859872611464965,4.538461538461538,0.636923076923077,0.7866666666666667,16.615384615384617,33.666666666666664,0.053609341825902344,Indirectas calculadas desde ConnectivityONEReport (traza por evento).,0,0,26,14400.0
R5_MountainRescue__TP06_OneToMany,26,33.89840764331207,5261.375700934579,1.3083333333333333,314.0,45.859872611464965,4.538461538461538,0.636923076923077,0.7866666666666667,16.615384615384617,33.666666666666664,0.053609341825902344,Indirectas calculadas desde ConnectivityONEReport (traza por evento).,0,0,26,14400.0
R5_MountainRescue__TP07_BurstWindow,26,33.898407643312055,5261.367289719627,1.3083333333333333,314.0,45.859872611464965,4.538461538461538,0.636923076923077,0.7866666666666667,16.615384615384617,33.666666666666664,0.053609341825902344,Indirectas calculadas desde ConnectivityONEReport (traza por evento).,0,0,26,14400.0
R5_MountainRescue__TP08_HubTarget,26,33.89840764331207,5261.375700934579,1.3083333333333333,314.0,45.859872611464965,4.538461538461538,0.636923076923077,0.7866666666666667,16.615384615384617,33.666666666666664,0.053609341825902344,Indirectas calculadas desde ConnectivityONEReport (traza por evento).,0,0,26,14400.0
R5_MountainRescue__TP09_Bimodal,26,33.898407643312055,5261.367289719627,1.3083333333333333,314.0,45.859872611464965,4.538461538461538,0.636923076923077,0.7866666666666667,16.615384615384617,33.666666666666664,0.053609341825902344,Indirectas calculadas desde ConnectivityONEReport (traza por evento).,0,0,26,14400.0
R5_MountainRescue__TP10_Storm,26,33.89777070063692,5261.357943925234,1.3083333333333333,314.0,45.859872611464965,4.538461538461538,0.636923076923077,0.7866666666666667,16.615384615384617,33.666666666666664,0.053609341825902344,Indirectas calculadas desde ConnectivityONEReport (traza por evento).,0,0,26,14400.0
R5_MountainRescue__TP11_ManyToOne,26,33.89840764331207,5261.375700934579,1.3083333333333333,314.0,45.859872611464965,4.538461538461538,0.636923076923077,0.7866666666666667,16.615384615384617,33.666666666666664,0.053609341825902344,Indirectas calculadas desde ConnectivityONEReport (traza por evento).,0,0,26,14400.0
R5_MountainRescue__TP12_GroupToGroup,26,33.898407643312055,5261.367289719627,1.3083333333333333,314.0,45.859872611464965,4.538461538461538,0.636923076923077,0.7866666666666667,16.615384615384617,33.666666666666664,0.053609341825902344,Indirectas calculadas desde ConnectivityONEReport (traza por evento).,0,0,26,14400.0
R6_SparseLongRange__TP01_Baseline,18,632.349655172414,8946.300346020758,0.6041666666666666,435.0,99.3103448275862,0.38888888888888884,0.9542483660130718,1.0,9.658735021786493,63.0,0.07241379310344828,Indirectas calculadas desde ConnectivityONEReport (traza por evento).,0,0,18,43200.0
R6_SparseLongRange__TP02_LowLoad,18,632.349655172414,8946.300346020758,0.6041666666666666,435.0,99.3103448275862,0.38888888888888884,0.9542483660130718,1.0,9.658735021786493,63.0,0.07241379310344828,Indirectas calculadas desde ConnectivityONEReport (traza por evento).,0,0,18,43200.0
R6_SparseLongRange__TP03_ManySmall,18,632.349655172414,8946.300346020758,0.6041666666666666,435.0,99.3103448275862,0.38888888888888884,0.9542483660130718,1.0,9.658735021786493,63.0,0.07241379310344828,Indirectas calculadas desde ConnectivityONEReport (traza por evento).,0,0,18,43200.0
R6_SparseLongRange__TP04_FewLarge,18,632.349655172414,8946.300346020758,0.6041666666666666,435.0,99.3103448275862,0.38888888888888884,0.9542483660130718,1.0,9.658735021786493,63.0,0.07241379310344828,Indirectas calculadas desde ConnectivityONEReport (traza por evento).,0,0,18,43200.0
R6_SparseLongRange__TP05_CriticalTTL,18,632.349655172414,8946.300346020758,0.6041666666666666,435.0,99.3103448275862,0.38888888888888884,0.9542483660130718,1.0,9.658735021786493,63.0,0.07241379310344828,Indirectas calculadas desde ConnectivityONEReport (traza por evento).,0,0,18,43200.0
R6_SparseLongRange__TP06_OneToMany,18,632.349655172414,8946.300346020758,0.6041666666666666,435.0,99.3103448275862,0.38888888888888884,0.9542483660130718,1.0,9.658735021786493,63.0,0.07241379310344828,Indirectas calculadas desde ConnectivityONEReport (traza por evento).,0,0,18,43200.0
R6_SparseLongRange__TP07_BurstWindow,18,632.349655172414,8946.300346020758,0.6041666666666666,435.0,99.3103448275862,0.38888888888888884,0.9542483660130718,1.0,9.658735021786493,63.0,0.07241379310344828,Indirectas calculadas desde ConnectivityONEReport (traza por evento).,0,0,18,43200.0
R6_SparseLongRange__TP08_HubTarget,18,632.349655172414,8946.300346020758,0.6041666666666666,435.0,99.3103448275862,0.38888888888888884,0.9542483660130718,1.0,9.658735021786493,63.0,0.07241379310344828,Indirectas calculadas desde ConnectivityONEReport (traza por evento).,0,0,18,43200.0
R6_SparseLongRange__TP09_Bimodal,18,632.3448275862069,8946.310380622836,0.6041666666666666,435.0,99.3103448275862,0.38888888888888884,0.9542483660130718,1.0,9.658735021786493,63.0,0.07241379310344828,Indirectas calculadas desde ConnectivityONEReport (traza por evento).,0,0,18,43200.0
R6_SparseLongRange__TP10_Storm,18,632.349655172414,8946.300346020758,0.6041666666666666,435.0,99.3103448275862,0.38888888888888884,0.9542483660130718,1.0,9.658735021786493,63.0,0.07241379310344828,Indirectas calculadas desde ConnectivityONEReport (traza por evento).,0,0,18,43200.0
R6_SparseLongRange__TP11_ManyToOne,18,632.349655172414,8946.300346020758,0.6041666666666666,435.0,99.3103448275862,0.38888888888888884,0.9542483660130718,1.0,9.658735021786493,63.0,0.07241379310344828,Indirectas calculadas desde ConnectivityONEReport (traza por evento).,0,0,18,43200.0
R6_SparseLongRange__TP12_GroupToGroup,18,632.349655172414,8946.300346020758,0.6041666666666666,435.0,99.3103448275862,0.38888888888888884,0.9542483660130718,1.0,9.658735021786493,63.0,0.07241379310344828,Indirectas calculadas desde ConnectivityONEReport (traza por evento).,0,0,18,43200.0
R7_SparseTinyBuffer__TP01_Baseline,38,33.89498637602183,10420.08854961833,2.548611111111111,1835.0,23.542234332425068,1.2368421052631582,0.9331436699857752,0.9932432432432432,22.52661213845424,120.0,0.0326975476839237,Indirectas calculadas desde ConnectivityONEReport (traza por evento).,0,0,38,43200.0
R7_SparseTinyBuffer__TP02_LowLoad,38,33.89498637602183,10420.08854961833,2.548611111111111,1835.0,23.542234332425068,1.2368421052631582,0.9331436699857752,0.9932432432432432,22.52661213845424,120.0,0.0326975476839237,Indirectas calculadas desde ConnectivityONEReport (traza por evento).,0,0,38,43200.0
R7_SparseTinyBuffer__TP03_ManySmall,38,33.89471389645781,10420.090330788802,2.548611111111111,1835.0,23.542234332425068,1.2368421052631582,0.9331436699857752,0.9932432432432432,22.52661213845424,120.0,0.0326975476839237,Indirectas calculadas desde ConnectivityONEReport (traza por evento).,0,0,38,43200.0
R7_SparseTinyBuffer__TP04_FewLarge,38,33.89449591280659,10420.090839694667,2.548611111111111,1835.0,23.542234332425068,1.2368421052631582,0.9331436699857752,0.9932432432432432,22.52661213845424,120.0,0.0326975476839237,Indirectas calculadas desde ConnectivityONEReport (traza por evento).,0,0,38,43200.0
R7_SparseTinyBuffer__TP05_CriticalTTL,38,33.89498637602183,10420.08854961833,2.548611111111111,1835.0,23.542234332425068,1.2368421052631582,0.9331436699857752,0.9932432432432432,22.52661213845424,120.0,0.0326975476839237,Indirectas calculadas desde ConnectivityONEReport (traza por evento).,0,0,38,43200.0
R7_SparseTinyBuffer__TP06_OneToMany,38,33.894168937329724,10420.089821882953,2.548611111111111,1835.0,23.542234332425068,1.2368421052631582,0.9331436699857752,0.9932432432432432,22.52661213845424,120.0,0.0326975476839237,Indirectas calculadas desde ConnectivityONEReport (traza por evento).,0,0,38,43200.0
R7_SparseTinyBuffer__TP07_BurstWindow,38,33.89553133514989,10420.087446988975,2.548611111111111,1835.0,23.542234332425068,1.2368421052631582,0.9331436699857752,0.9932432432432432,22.52661213845424,120.0,0.0326975476839237,Indirectas calculadas desde ConnectivityONEReport (traza por evento).,0,0,38,43200.0
R7_SparseTinyBuffer__TP08_HubTarget,38,33.894168937329724,10420.089821882953,2.548611111111111,1835.0,23.542234332425068,1.2368421052631582,0.9331436699857752,0.9932432432432432,22.52661213845424,120.0,0.0326975476839237,Indirectas calculadas desde ConnectivityONEReport (traza por evento).,0,0,38,43200.0
R7_SparseTinyBuffer__TP09_Bimodal,38,33.89498637602183,10420.08854961833,2.548611111111111,1835.0,23.542234332425068,1.2368421052631582,0.9331436699857752,0.9932432432432432,22.52661213845424,120.0,0.0326975476839237,Indirectas calculadas desde ConnectivityONEReport (traza por evento).,0,0,38,43200.0
R7_SparseTinyBuffer__TP10_Storm,38,33.87434640522877,10411.262627118651,2.55,1836.0,23.529411764705884,1.2368421052631582,0.9331436699857752,0.9932432432432432,22.52661213845424,120.25,0.03274782135076253,Indirectas calculadas desde ConnectivityONEReport (traza por evento).,0,0,38,43200.0
R7_SparseTinyBuffer__TP11_ManyToOne,38,33.894168937329724,10420.089821882953,2.548611111111111,1835.0,23.542234332425068,1.2368421052631582,0.9331436699857752,0.9932432432432432,22.52661213845424,120.0,0.0326975476839237,Indirectas calculadas desde ConnectivityONEReport (traza por evento).,0,0,38,43200.0
R7_SparseTinyBuffer__TP12_GroupToGroup,38,33.89498637602183,10420.08854961833,2.548611111111111,1835.0,23.542234332425068,1.2368421052631582,0.9331436699857752,0.9932432432432432,22.52661213845424,120.0,0.0326975476839237,Indirectas calculadas desde ConnectivityONEReport (traza por evento).,0,0,38,43200.0
R8_IntermittentPower__TP01_Baseline,35,59.998143564356425,13012.987790697676,1.1222222222222222,808.0,53.46534653465346,3.742857142857143,0.7798319327731092,0.9117647058823529,19.605602240896356,56.25,0.034808168316831686,Indirectas calculadas desde ConnectivityONEReport (traza por evento).,0,0,35,43200.0
R8_IntermittentPower__TP02_LowLoad,35,59.998143564356425,13012.987790697676,1.1222222222222222,808.0,53.46534653465346,3.742857142857143,0.7798319327731092,0.9117647058823529,19.605602240896356,56.25,0.034808168316831686,Indirectas calculadas desde ConnectivityONEReport (traza por evento).,0,0,35,43200.0
R8_IntermittentPower__TP03_ManySmall,35,59.99801980198015,13012.98604651163,1.1222222222222222,808.0,53.46534653465346,3.742857142857143,0.7798319327731092,0.9117647058823529,19.605602240896356,56.25,0.034808168316831686,Indirectas calculadas desde ConnectivityONEReport (traza por evento).,0,0,35,43200.0
R8_IntermittentPower__TP04_FewLarge,35,59.998143564356425,13012.987790697676,1.1222222222222222,808.0,53.46534653465346,3.742857142857143,0.7798319327731092,0.9117647058823529,19.605602240896356,56.25,0.034808168316831686,Indirectas calculadas desde ConnectivityONEReport (traza por evento).,0,0,35,43200.0
R8_IntermittentPower__TP05_CriticalTTL,35,59.998143564356425,13012.987790697676,1.1222222222222222,808.0,53.46534653465346,3.742857142857143,0.7798319327731092,0.9117647058823529,19.605602240896356,56.25,0.034808168316831686,Indirectas calculadas desde ConnectivityONEReport (traza por evento).,0,0,35,43200.0
R8_IntermittentPower__TP06_OneToMany,35,59.998143564356425,13012.987790697676,1.1222222222222222,808.0,53.46534653465346,3.742857142857143,0.7798319327731092,0.9117647058823529,19.605602240896356,56.25,0.034808168316831686,Indirectas calculadas desde ConnectivityONEReport (traza por evento).,0,0,35,43200.0
R8_IntermittentPower__TP07_BurstWindow,35,59.998143564356425,13012.987790697676,1.1222222222222222,808.0,53.46534653465346,3.742857142857143,0.7798319327731092,0.9117647058823529,19.605602240896356,56.25,0.034808168316831686,Indirectas calculadas desde ConnectivityONEReport (traza por evento).,0,0,35,43200.0
R8_IntermittentPower__TP08_HubTarget,35,59.998143564356425,13012.987790697676,1.1222222222222222,808.0,53.46534653465346,3.742857142857143,0.7798319327731092,0.9117647058823529,19.605602240896356,56.25,0.034808168316831686,Indirectas calculadas desde ConnectivityONEReport (traza por evento).,0,0,35,43200.0
R8_IntermittentPower__TP09_Bimodal,35,59.998143564356425,13012.987790697676,1.1222222222222222,808.0,53.46534653465346,3.742857142857143,0.7798319327731092,0.9117647058823529,19.605602240896356,56.25,0.034808168316831686,Indirectas calculadas desde ConnectivityONEReport (traza por evento).,0,0,35,43200.0
R8_IntermittentPower__TP10_Storm,35,59.998514851485204,13012.979360465115,1.1222222222222222,808.0,53.46534653465346,3.742857142857143,0.7798319327731092,0.9117647058823529,19.605602240896356,56.25,0.034808168316831686,Indirectas calculadas desde ConnectivityONEReport (traza por evento).,0,0,35,43200.0
R8_IntermittentPower__TP11_ManyToOne,35,59.998143564356425,13012.987790697676,1.1222222222222222,808.0,53.46534653465346,3.742857142857143,0.7798319327731092,0.9117647058823529,19.605602240896356,56.25,0.034808168316831686,Indirectas calculadas desde ConnectivityONEReport (traza por evento).,0,0,35,43200.0
R8_IntermittentPower__TP12_GroupToGroup,35,59.998143564356425,13012.987790697676,1.1222222222222222,808.0,53.46534653465346,3.742857142857143,0.7798319327731092,0.9117647058823529,19.605602240896356,56.25,0.034808168316831686,Indirectas calculadas desde ConnectivityONEReport (traza por evento).,0,0,35,43200.0
R9_ExtremeRange_200m__TP01_Baseline,40,406.0929334628466,6284.191347305378,5.719444444444444,4118.0,10.490529383195726,0.049999999999999996,0.9974358974358974,1.0,13.075000000000001,234.5,0.028472559494900435,Indirectas calculadas desde ConnectivityONEReport (traza por evento).,0,0,40,43200.0
R9_ExtremeRange_200m__TP02_LowLoad,40,406.0929334628466,6284.191347305378,5.719444444444444,4118.0,10.490529383195726,0.049999999999999996,0.9974358974358974,1.0,13.075000000000001,234.5,0.028472559494900435,Indirectas calculadas desde ConnectivityONEReport (traza por evento).,0,0,40,43200.0
R9_ExtremeRange_200m__TP03_ManySmall,40,405.99444039815535,6282.309548039501,5.720833333333333,4119.0,10.487982520029133,0.049999999999999996,0.9974358974358974,1.0,13.075000000000001,234.5,0.028465647001699443,Indirectas calculadas desde ConnectivityONEReport (traza por evento).,0,0,40,43200.0
R9_ExtremeRange_200m__TP04_FewLarge,40,406.0929334628466,6284.191347305378,5.719444444444444,4118.0,10.490529383195726,0.049999999999999996,0.9974358974358974,1.0,13.075000000000001,234.5,0.028472559494900435,Indirectas calculadas desde ConnectivityONEReport (traza por evento).,0,0,40,43200.0
R9_ExtremeRange_200m__TP05_CriticalTTL,40,406.0929334628466,6284.191347305378,5.719444444444444,4118.0,10.490529383195726,0.049999999999999996,0.9974358974358974,1.0,13.075000000000001,234.5,0.028472559494900435,Indirectas calculadas desde ConnectivityONEReport (traza por evento).,0,0,40,43200.0
R9_ExtremeRange_200m__TP06_OneToMany,40,406.19079426767127,6286.074573225506,5.718055555555556,4117.0,10.493077483604566,0.049999999999999996,0.9974358974358974,1.0,13.075000000000001,234.5,0.02847947534612582,Indirectas calculadas desde ConnectivityONEReport (traza por evento).,0,0,40,43200.0
R9_ExtremeRange_200m__TP07_BurstWindow,40,405.99470745326596,6282.309577970659,5.720833333333333,4119.0,10.487982520029133,0.049999999999999996,0.9974358974358974,1.0,13.075000000000001,234.75,0.028495994173343045,Indirectas calculadas desde ConnectivityONEReport (traza por evento).,0,0,40,43200.0
R9_ExtremeRange_200m__TP08_HubTarget,40,406.19079426767127,6286.074573225506,5.718055555555556,4117.0,10.493077483604566,0.049999999999999996,0.9974358974358974,1.0,13.075000000000001,234.5,0.02847947534612582,Indirectas calculadas desde ConnectivityONEReport (traza por evento).,0,0,40,43200.0
R9_ExtremeRange_200m__TP09_Bimodal,40,406.0929334628466,6284.191347305378,5.719444444444444,4118.0,10.490529383195726,0.049999999999999996,0.9974358974358974,1.0,13.075000000000001,234.5,0.028472559494900435,Indirectas calculadas desde ConnectivityONEReport (traza por evento).,0,0,40,43200.0
R9_ExtremeRange_200m__TP10_Storm,40,406.0919864011662,6284.192365269449,5.719444444444444,4118.0,10.490529383195726,0.049999999999999996,0.9974358974358974,1.0,13.075000000000001,234.5,0.028472559494900435,Indirectas calculadas desde ConnectivityONEReport (traza por evento).,0,0,40,43200.0
R9_ExtremeRange_200m__TP11_ManyToOne,40,406.19079426767127,6286.074573225506,5.718055555555556,4117.0,10.493077483604566,0.049999999999999996,0.9974358974358974,1.0,13.075000000000001,234.5,0.02847947534612582,Indirectas calculadas desde ConnectivityONEReport (traza por evento).,0,0,40,43200.0
R9_ExtremeRange_200m__TP12_GroupToGroup,40,407.64912237932725,6285.726323706368,5.697222222222222,4102.0,10.531448074110191,0.049999999999999996,0.9974358974358974,1.0,13.0875,234.5,0.028583617747440275,Indirectas calculadas desde ConnectivityONEReport (traza por evento).,0,0,40,43200.0
S1_StrongCommunities_LimitedMixing__TP01_Baseline,110,227.19742735318403,2728.6056124322035,38.7625,27909.0,1.5478877781360851,5.4363636363636365,0.5359466221851543,0.7464553794829025,25.099999999999998,764.6363636363636,0.013698741689712347,Indirectas calculadas desde ConnectivityONEReport (traza por evento).,0,0,110,43200.0
S1_StrongCommunities_LimitedMixing__TP02_LowLoad,110,226.75989496559208,2799.0337350894665,38.34722222222222,27610.0,1.5646504889532777,4.7727272727272725,0.5481234361968306,0.7447873227689741,25.14772727272727,741.3636363636364,0.013425636297784071,Indirectas calculadas desde ConnectivityONEReport (traza por evento).,0,0,110,43200.0
S1_StrongCommunities_LimitedMixing__TP03_ManySmall,110,239.32165404942245,2761.7166897337775,38.894444444444446,28004.0,1.5426367661762606,4.999999999999999,0.54395329441201,0.749791492910759,25.50454545454546,768.3636363636364,0.013718819389437871,Indirectas calculadas desde ConnectivityONEReport (traza por evento).,0,0,110,43200.0
S1_StrongCommunities_LimitedMixing__TP04_FewLarge,110,227.2216118947231,2804.546548856552,38.205555555555556,27508.0,1.570452232077941,4.845454545454547,0.546788990825688,0.74395329441201,23.237062937062937,740.7272727272727,0.013463851838142955,Indirectas calculadas desde ConnectivityONEReport (traza por evento).,0,0,110,43200.0
S1_StrongCommunities_LimitedMixing__TP05_CriticalTTL,110,227.19742735318403,2728.6056124322035,38.7625,27909.0,1.5478877781360851,5.4363636363636365,0.5359466221851543,0.7464553794829025,25.099999999999998,764.6363636363636,0.013698741689712347,Indirectas calculadas desde ConnectivityONEReport (traza por evento).,0,0,110,43200.0
S1_StrongCommunities_LimitedMixing__TP06_OneToMany,110,223.25439665428823,2767.2476966107233,38.52361111111111,27737.0,1.5574863900205502,5.127272727272727,0.5416180150125104,0.7472894078398666,25.546969696969697,752.4545454545455,0.013564093908038817,Indirectas calculadas desde ConnectivityONEReport (traza por evento).,0,0,110,43200.0
S1_StrongCommunities_LimitedMixing__TP07_BurstWindow,110,228.2198986415141,2702.5716588475802,39.46388888888889,28414.0,1.5203772788062222,4.681818181818182,0.5497914929107588,0.7514595496246872,25.550757575757576,767.1818181818181,0.013500067188389846,Indirectas calculadas desde ConnectivityONEReport (traza por evento).,0,0,110,43200.0
S1_StrongCommunities_LimitedMixing__TP08_HubTarget,110,223.25439665428823,2767.2476966107233,38.52361111111111,27737.0,1.5574863900205502,5.127272727272727,0.5416180150125104,0.7472894078398666,25.546969696969697,752.4545454545455,0.013564093908038817,Indirectas calculadas desde ConnectivityONEReport (traza por evento).,0,0,110,43200.0
S1_StrongCommunities_LimitedMixing__TP09_Bimodal,110,228.97402027268035,2776.276851060366,38.91388888888889,28018.0,1.54186594332215,4.909090909090908,0.5456213511259381,0.74395329441201,22.997902097902095,756.0909090909091,0.013492949337763387,Indirectas calculadas desde ConnectivityONEReport (traza por evento).,0,0,110,43200.0
S1_StrongCommunities_LimitedMixing__TP10_Storm,110,233.5649619189984,2734.0891442701304,39.025,28098.0,1.5374759769378603,5.109090909090909,0.5419516263552959,0.7381150959132611,23.744755244755247,747.3636363636364,0.013299231909097377,Indirectas calculadas desde ConnectivityONEReport (traza por evento).,0,0,110,43200.0
S1_StrongCommunities_LimitedMixing__TP11_ManyToOne,110,223.25439665428823,2767.2476966107233,38.52361111111111,27737.0,1.5574863900205502,5.127272727272727,0.5416180150125104,0.7472894078398666,25.546969696969697,752.4545454545455,0.013564093908038817,Indirectas calculadas desde ConnectivityONEReport (traza por evento).,0,0,110,43200.0
S1_StrongCommunities_LimitedMixing__TP12_GroupToGroup,110,226.6084355271752,2793.864552440316,38.28055555555556,27562.0,1.5673753718888324,4.581818181818182,0.55162635529608,0.7472894078398666,25.184848484848484,740.0909090909091,0.013425928979952635,Indirectas calculadas desde ConnectivityONEReport (traza por evento).,0,0,110,43200.0
S2_WeakCommunities_HighMixing__TP01_Baseline,80,11.296781018588469,7238.876305379755,18.380555555555556,13234.0,3.26431917787517,0.475,0.9879746835443036,1.0,27.940625,370.875,0.014012203415445065,Indirectas calculadas desde ConnectivityONEReport (traza por evento).,0,0,80,43200.0
S2_WeakCommunities_HighMixing__TP02_LowLoad,80,11.181870492557923,7376.385401754165,18.102777777777778,13034.0,3.314408470154979,0.5625000000000001,0.985759493670886,1.0,28.109374999999996,369.875,0.014188852232622371,Indirectas calculadas desde ConnectivityONEReport (traza por evento).,0,0,80,43200.0
S2_WeakCommunities_HighMixing__TP03_ManySmall,80,11.563390345876144,7338.292070616401,18.270833333333332,13155.0,3.283922462941847,0.3875,0.9901898734177216,1.0,28.09479166666667,368.0,0.013987077156974535,Indirectas calculadas desde ConnectivityONEReport (traza por evento).,0,0,80,43200.0
S2_WeakCommunities_HighMixing__TP04_FewLarge,80,11.349009824992295,7401.802774974761,18.094444444444445,13028.0,3.315934909425852,0.525,0.9867088607594937,1.0,28.09895833333333,370.125,0.014204981578139392,Indirectas calculadas desde ConnectivityONEReport (traza por evento).,0,0,80,43200.0
S2_WeakCommunities_HighMixing__TP05_CriticalTTL,80,11.296781018588469,7238.876305379755,18.380555555555556,13234.0,3.26431917787517,0.475,0.9879746835443036,1.0,27.940625,370.875,0.014012203415445065,Indirectas calculadas desde ConnectivityONEReport (traza por evento).,0,0,80,43200.0
S2_WeakCommunities_HighMixing__TP06_OneToMany,80,11.142511556240432,7381.234493574816,18.02777777777778,12980.0,3.3281972265023114,0.7874999999999999,0.9800632911392405,1.0,28.18645833333333,369.75,0.01424306625577812,Indirectas calculadas desde ConnectivityONEReport (traza por evento).,0,0,80,43200.0
S2_WeakCommunities_HighMixing__TP07_BurstWindow,80,11.305730659025789,7417.595288598857,17.934722222222224,12913.0,3.3454658096491907,0.6624999999999999,0.9832278481012657,1.0,26.070192307692306,356.125,0.013789398280802292,Indirectas calculadas desde ConnectivityONEReport (traza por evento).,0,0,80,43200.0
S2_WeakCommunities_HighMixing__TP08_HubTarget,80,11.142511556240432,7381.234493574816,18.02777777777778,12980.0,3.3281972265023114,0.7874999999999999,0.9800632911392405,1.0,28.18645833333333,369.75,0.01424306625577812,Indirectas calculadas desde ConnectivityONEReport (traza por evento).,0,0,80,43200.0
S2_WeakCommunities_HighMixing__TP09_Bimodal,80,11.296781018588469,7238.876305379755,18.380555555555556,13234.0,3.26431917787517,0.475,0.9879746835443036,1.0,27.940625,370.875,0.014012203415445065,Indirectas calculadas desde ConnectivityONEReport (traza por evento).,0,0,80,43200.0
S2_WeakCommunities_HighMixing__TP10_Storm,80,11.47012101715686,7379.196832897631,18.133333333333333,13056.0,3.3088235294117645,0.6249999999999999,0.9841772151898732,1.0,28.094791666666666,366.5,0.014035692401960783,Indirectas calculadas desde ConnectivityONEReport (traza por evento).,0,0,80,43200.0
S2_WeakCommunities_HighMixing__TP11_ManyToOne,80,11.142511556240432,7381.234493574816,18.02777777777778,12980.0,3.3281972265023114,0.7874999999999999,0.9800632911392405,1.0,28.18645833333333,369.75,0.01424306625577812,Indirectas calculadas desde ConnectivityONEReport (traza por evento).,0,0,80,43200.0
S2_WeakCommunities_HighMixing__TP12_GroupToGroup,80,11.428232069438128,7326.306562936357,18.241666666666667,13134.0,3.2891731384193696,0.6499999999999998,0.9835443037974685,1.0,28.034374999999997,371.625,0.014147441754225673,Indirectas calculadas desde ConnectivityONEReport (traza por evento).,0,0,80,43200.0
S3_PeriodicMeetings_RegularRhythm__TP01_Baseline,50,23.78647017045455,9975.696955503505,3.911111111111111,2816.0,15.340909090909092,2.34,0.9044897959183673,0.9591836734693878,25.796666666666667,133.2,0.023650568181818182,Indirectas calculadas desde ConnectivityONEReport (traza por evento).,0,0,50,43200.0
S3_PeriodicMeetings_RegularRhythm__TP02_LowLoad,50,23.78494318181818,9975.69800936768,3.911111111111111,2816.0,15.340909090909092,2.34,0.9044897959183673,0.9591836734693878,25.796666666666667,133.2,0.023650568181818182,Indirectas calculadas desde ConnectivityONEReport (traza por evento).,0,0,50,43200.0
S3_PeriodicMeetings_RegularRhythm__TP03_ManySmall,50,24.00625222024867,9461.735626822156,3.9097222222222223,2815.0,15.346358792184725,2.5000000000000004,0.8979591836734693,0.963265306122449,25.813333333333336,131.4,0.023339253996447602,Indirectas calculadas desde ConnectivityONEReport (traza por evento).,0,0,50,43200.0
S3_PeriodicMeetings_RegularRhythm__TP04_FewLarge,50,23.767305644302418,9987.785196021065,3.9125,2817.0,15.335463258785943,2.34,0.9044897959183673,0.9591836734693878,25.793333333333333,133.4,0.023677671281505146,Indirectas calculadas desde ConnectivityONEReport (traza por evento).,0,0,50,43200.0
S3_PeriodicMeetings_RegularRhythm__TP05_CriticalTTL,50,23.78647017045455,9975.696955503505,3.911111111111111,2816.0,15.340909090909092,2.34,0.9044897959183673,0.9591836734693878,25.796666666666667,133.2,0.023650568181818182,Indirectas calculadas desde ConnectivityONEReport (traza por evento).,0,0,50,43200.0
S3_PeriodicMeetings_RegularRhythm__TP06_OneToMany,50,23.64300317236516,9903.729442508711,3.9402777777777778,2837.0,15.227352837504407,2.2,0.910204081632653,0.9714285714285713,25.703333333333333,134.0,0.023616496298907295,Indirectas calculadas desde ConnectivityONEReport (traza por evento).,0,0,50,43200.0
S3_PeriodicMeetings_RegularRhythm__TP07_BurstWindow,50,23.49608958407393,9545.761367621286,3.9069444444444446,2813.0,15.357269818698898,2.4600000000000004,0.899591836734694,0.9673469387755101,26.096666666666664,130.4,0.023178101670814074,Indirectas calculadas desde ConnectivityONEReport (traza por evento).,0,0,50,43200.0
S3_PeriodicMeetings_RegularRhythm__TP08_HubTarget,50,23.64300317236516,9903.729442508711,3.9402777777777778,2837.0,15.227352837504407,2.2,0.910204081632653,0.9714285714285713,25.703333333333333,134.0,0.023616496298907295,Indirectas calculadas desde ConnectivityONEReport (traza por evento).,0,0,50,43200.0
S3_PeriodicMeetings_RegularRhythm__TP09_Bimodal,50,23.78647017045455,9975.696955503505,3.911111111111111,2816.0,15.340909090909092,2.34,0.9044897959183673,0.9591836734693878,25.796666666666667,133.2,0.023650568181818182,Indirectas calculadas desde ConnectivityONEReport (traza por evento).,0,0,50,43200.0
S3_PeriodicMeetings_RegularRhythm__TP10_Storm,50,24.39155381325737,9727.351550614396,3.897222222222222,2806.0,15.395580898075552,2.5599999999999996,0.8955102040816325,0.9551020408163267,25.741666666666664,129.6,0.02309337134711333,Indirectas calculadas desde ConnectivityONEReport (traza por evento).,0,0,50,43200.0
S3_PeriodicMeetings_RegularRhythm__TP11_ManyToOne,50,23.64300317236516,9903.729442508711,3.9402777777777778,2837.0,15.227352837504407,2.2,0.910204081632653,0.9714285714285713,25.703333333333333,134.0,0.023616496298907295,Indirectas calculadas desde ConnectivityONEReport (traza por evento).,0,0,50,43200.0
S3_PeriodicMeetings_RegularRhythm__TP12_GroupToGroup,50,23.76680866169681,9987.785313048567,3.9125,2817.0,15.335463258785943,2.34,0.9044897959183673,0.9591836734693878,25.793333333333333,133.4,0.023677671281505146,Indirectas calculadas desde ConnectivityONEReport (traza por evento).,0,0,50,43200.0
S4_RandomMixing_NoHotspots__TP01_Baseline,60,32.37618399564515,10127.176333021496,5.102777777777778,3674.0,11.758301578660861,3.9,0.8677966101694916,0.9378531073446328,32.30972222222223,142.66666666666666,0.01941571402649247,Indirectas calculadas desde ConnectivityONEReport (traza por evento).,0,0,60,43200.0
S4_RandomMixing_NoHotspots__TP02_LowLoad,60,31.65014615997884,9884.62214643019,5.226388888888889,3763.0,11.480201966516077,3.433333333333333,0.8836158192090396,0.9604519774011299,31.529096045197743,147.5,0.019598724422003718,Indirectas calculadas desde ConnectivityONEReport (traza por evento).,0,0,60,43200.0
S4_RandomMixing_NoHotspots__TP03_ManySmall,60,31.65035875631156,9884.62141882674,5.226388888888889,3763.0,11.480201966516077,3.433333333333333,0.8836158192090396,0.9604519774011299,31.529096045197743,147.5,0.019598724422003718,Indirectas calculadas desde ConnectivityONEReport (traza por evento).,0,0,60,43200.0
S4_RandomMixing_NoHotspots__TP04_FewLarge,60,31.65014615997884,9884.62214643019,5.226388888888889,3763.0,11.480201966516077,3.433333333333333,0.8836158192090396,0.9604519774011299,31.529096045197743,147.5,0.019598724422003718,Indirectas calculadas desde ConnectivityONEReport (traza por evento).,0,0,60,43200.0
S4_RandomMixing_NoHotspots__TP05_CriticalTTL,60,32.37618399564515,10127.176333021496,5.102777777777778,3674.0,11.758301578660861,3.9,0.8677966101694916,0.9378531073446328,32.30972222222223,142.66666666666666,0.01941571402649247,Indirectas calculadas desde ConnectivityONEReport (traza por evento).,0,0,60,43200.0
S4_RandomMixing_NoHotspots__TP06_OneToMany,60,32.37501360914537,10122.443104254307,5.102777777777778,3674.0,11.758301578660861,3.9166666666666674,0.8672316384180792,0.9378531073446328,32.31666666666667,142.66666666666666,0.01941571402649247,Indirectas calculadas desde ConnectivityONEReport (traza por evento).,0,0,60,43200.0
S4_RandomMixing_NoHotspots__TP07_BurstWindow,60,31.65014615997884,9884.62214643019,5.226388888888889,3763.0,11.480201966516077,3.433333333333333,0.8836158192090396,0.9604519774011299,31.529096045197743,147.5,0.019598724422003718,Indirectas calculadas desde ConnectivityONEReport (traza por evento).,0,0,60,43200.0
S4_RandomMixing_NoHotspots__TP08_HubTarget,60,32.37501360914537,10122.443104254307,5.102777777777778,3674.0,11.758301578660861,3.9166666666666674,0.8672316384180792,0.9378531073446328,32.31666666666667,142.66666666666666,0.01941571402649247,Indirectas calculadas desde ConnectivityONEReport (traza por evento).,0,0,60,43200.0
S4_RandomMixing_NoHotspots__TP09_Bimodal,60,32.37618399564515,10127.176333021496,5.102777777777778,3674.0,11.758301578660861,3.9,0.8677966101694916,0.9378531073446328,32.30972222222223,142.66666666666666,0.01941571402649247,Indirectas calculadas desde ConnectivityONEReport (traza por evento).,0,0,60,43200.0
S4_RandomMixing_NoHotspots__TP10_Storm,60,31.778348824494277,9932.076142857139,5.080555555555556,3658.0,11.80973209404046,3.5333333333333337,0.8802259887005649,0.9519774011299434,32.00207156308851,147.16666666666666,0.020115728084563512,Indirectas calculadas desde ConnectivityONEReport (traza por evento).,0,0,60,43200.0
S4_RandomMixing_NoHotspots__TP11_ManyToOne,60,32.37501360914537,10122.443104254307,5.102777777777778,3674.0,11.758301578660861,3.9166666666666674,0.8672316384180792,0.9378531073446328,32.31666666666667,142.66666666666666,0.01941571402649247,Indirectas calculadas desde ConnectivityONEReport (traza por evento).,0,0,60,43200.0
S4_RandomMixing_NoHotspots__TP12_GroupToGroup,60,32.37618399564515,10127.176333021496,5.102777777777778,3674.0,11.758301578660861,3.9,0.8677966101694916,0.9378531073446328,32.30972222222223,142.66666666666666,0.01941571402649247,Indirectas calculadas desde ConnectivityONEReport (traza por evento).,0,0,60,43200.0
S5_TwoLayer_StudentsStaff__TP01_Baseline,75,8.903746240087536,5069.587402939109,25.395833333333332,18285.0,2.3625922887612796,0.9733333333333335,0.9736936936936937,1.0,22.04111111111111,586.5,0.016037735849056604,Indirectas calculadas desde ConnectivityONEReport (traza por evento).,0,0,75,43200.0
S5_TwoLayer_StudentsStaff__TP02_LowLoad,75,8.856048160234007,5174.051174207229,24.68611111111111,17774.0,2.43051648475301,0.9999999999999998,0.9729729729729731,1.0,22.41444444444444,565.125,0.01589751884775515,Indirectas calculadas desde ConnectivityONEReport (traza por evento).,0,0,75,43200.0
S5_TwoLayer_StudentsStaff__TP03_ManySmall,75,8.903699507110142,5196.544937428911,24.51527777777778,17651.0,2.447453402073537,0.8933333333333338,0.9758558558558559,1.0,22.53,556.875,0.015774602005552092,Indirectas calculadas desde ConnectivityONEReport (traza por evento).,0,0,75,43200.0
S5_TwoLayer_StudentsStaff__TP04_FewLarge,75,8.75139344718255,5136.803213350781,24.968055555555555,17977.0,2.403070590198587,1.0399999999999998,0.9718918918918918,1.0,22.23777777777778,575.625,0.016010040607442842,Indirectas calculadas desde ConnectivityONEReport (traza por evento).,0,0,75,43200.0
S5_TwoLayer_StudentsStaff__TP05_CriticalTTL,75,8.903746240087536,5069.587402939109,25.395833333333332,18285.0,2.3625922887612796,0.9733333333333335,0.9736936936936937,1.0,22.04111111111111,586.5,0.016037735849056604,Indirectas calculadas desde ConnectivityONEReport (traza por evento).,0,0,75,43200.0
S5_TwoLayer_StudentsStaff__TP06_OneToMany,75,8.757667696381368,5099.593715545798,25.177777777777777,18128.0,2.383053839364519,0.88,0.9762162162162163,1.0,22.135555555555555,569.875,0.015718088040600178,Indirectas calculadas desde ConnectivityONEReport (traza por evento).,0,0,75,43200.0
S5_TwoLayer_StudentsStaff__TP07_BurstWindow,75,9.07660223804677,5193.302367929577,24.575,17694.0,2.441505595116989,0.9733333333333335,0.9736936936936937,1.0,22.456666666666663,555.375,0.015693879281112242,Indirectas calculadas desde ConnectivityONEReport (traza por evento).,0,0,75,43200.0
S5_TwoLayer_StudentsStaff__TP08_HubTarget,75,8.757667696381368,5099.593715545798,25.177777777777777,18128.0,2.383053839364519,0.88,0.9762162162162163,1.0,22.135555555555555,569.875,0.015718088040600178,Indirectas calculadas desde ConnectivityONEReport (traza por evento).,0,0,75,43200.0
S5_TwoLayer_StudentsStaff__TP09_Bimodal,75,8.90904824997246,5112.9746998897,25.158333333333335,18114.0,2.3848956608148395,0.9599999999999999,0.974054054054054,1.0,20.4625641025641,583.875,0.01611667770785028,Indirectas calculadas desde ConnectivityONEReport (traza por evento).,0,0,75,43200.0
S5_TwoLayer_StudentsStaff__TP10_Storm,75,8.79981632993821,5111.086223386824,24.954166666666666,17967.0,2.4044080814827185,0.9733333333333332,0.9736936936936937,1.0,22.34222222222222,567.75,0.015799799632659876,Indirectas calculadas desde ConnectivityONEReport (traza por evento).,0,0,75,43200.0
S5_TwoLayer_StudentsStaff__TP11_ManyToOne,75,8.757667696381368,5099.593715545798,25.177777777777777,18128.0,2.383053839364519,0.88,0.9762162162162163,1.0,22.135555555555555,569.875,0.015718088040600178,Indirectas calculadas desde ConnectivityONEReport (traza por evento).,0,0,75,43200.0
S5_TwoLayer_StudentsStaff__TP12_GroupToGroup,75,8.748102740485962,5151.462999216918,25.03611111111111,18026.0,2.3965383335182513,0.9733333333333334,0.9736936936936934,1.0,22.175555555555558,574.125,0.0159249140130922,Indirectas calculadas desde ConnectivityONEReport (traza por evento).,0,0,75,43200.0
S6_FamilyGroups_LocalRoutines__TP01_Baseline,46,47.37877247365185,1562.4052049234037,22.40277777777778,16130.0,2.6782393056416613,1.108695652173913,0.8260869565217392,0.9333333333333333,10.28623188405797,2063.4,0.06396156230626163,Indirectas calculadas desde ConnectivityONEReport (traza por evento).,0,0,46,43200.0
S6_FamilyGroups_LocalRoutines__TP02_LowLoad,46,48.87166873449133,1579.2842050140716,22.38888888888889,16120.0,2.6799007444168734,1.3913043478260874,0.8135265700483091,0.9333333333333333,10.260869565217392,2045.2,0.06343672456575682,Indirectas calculadas desde ConnectivityONEReport (traza por evento).,0,0,46,43200.0
S6_FamilyGroups_LocalRoutines__TP03_ManySmall,46,47.5893372477983,1578.1442378691975,22.23472222222222,16009.0,2.698482103816603,1.434782608695652,0.8115942028985504,0.9333333333333333,10.166666666666668,2041.6,0.06376413267537011,Indirectas calculadas desde ConnectivityONEReport (traza por evento).,0,0,46,43200.0
S6_FamilyGroups_LocalRoutines__TP04_FewLarge,46,47.06969659897261,1542.3956962188638,22.705555555555556,16348.0,2.6425250795204307,1.2391304347826089,0.8202898550724637,0.9333333333333333,10.19927536231884,2114.0,0.06465622706141425,Indirectas calculadas desde ConnectivityONEReport (traza por evento).,0,0,46,43200.0
S6_FamilyGroups_LocalRoutines__TP05_CriticalTTL,46,47.37877247365185,1562.4052049234037,22.40277777777778,16130.0,2.6782393056416613,1.108695652173913,0.8260869565217392,0.9333333333333333,10.28623188405797,2063.4,0.06396156230626163,Indirectas calculadas desde ConnectivityONEReport (traza por evento).,0,0,46,43200.0
S6_FamilyGroups_LocalRoutines__TP06_OneToMany,46,46.6638615710193,1581.636712022614,22.31388888888889,16066.0,2.6889082534545,1.1739130434782608,0.8231884057971013,0.9333333333333333,10.206521739130435,2028.6,0.06313332503423379,Indirectas calculadas desde ConnectivityONEReport (traza por evento).,0,0,46,43200.0
S6_FamilyGroups_LocalRoutines__TP07_BurstWindow,46,48.22323685029551,1586.0190786014737,22.3125,16065.0,2.689075630252101,1.2608695652173914,0.8193236714975844,0.9333333333333333,10.097987117552334,1992.6,0.062016806722689076,Indirectas calculadas desde ConnectivityONEReport (traza por evento).,0,0,46,43200.0
S6_FamilyGroups_LocalRoutines__TP08_HubTarget,46,46.6638615710193,1581.636712022614,22.31388888888889,16066.0,2.6889082534545,1.1739130434782608,0.8231884057971013,0.9333333333333333,10.206521739130435,2028.6,0.06313332503423379,Indirectas calculadas desde ConnectivityONEReport (traza por evento).,0,0,46,43200.0
S6_FamilyGroups_LocalRoutines__TP09_Bimodal,46,45.708345252161095,1561.5926171413587,22.334722222222222,16081.0,2.6864000994963,1.391304347826087,0.8135265700483091,0.9333333333333333,10.498188405797102,2026.2,0.06299981344443753,Indirectas calculadas desde ConnectivityONEReport (traza por evento).,0,0,46,43200.0
S6_FamilyGroups_LocalRoutines__TP10_Storm,46,46.149180631995556,1553.187667210431,22.459722222222222,16171.0,2.6714488899882505,1.3260869565217388,0.8164251207729466,0.9333333333333333,10.321376811594204,2073.4,0.06410858945025046,Indirectas calculadas desde ConnectivityONEReport (traza por evento).,0,0,46,43200.0
S6_FamilyGroups_LocalRoutines__TP11_ManyToOne,46,46.6638615710193,1581.636712022614,22.31388888888889,16066.0,2.6889082534545,1.1739130434782608,0.8231884057971013,0.9333333333333333,10.206521739130435,2028.6,0.06313332503423379,Indirectas calculadas desde ConnectivityONEReport (traza por evento).,0,0,46,43200.0
S6_FamilyGroups_LocalRoutines__TP12_GroupToGroup,46,47.02033760040174,1574.6139779957664,22.133333333333333,15936.0,2.710843373493976,1.2826086956521738,0.818357487922705,0.9333333333333333,10.216787439613526,2000.0,0.06275100401606425,Indirectas calculadas desde ConnectivityONEReport (traza por evento).,0,0,46,43200.0
U1_CBD_Commuting_HelsinkiDowntown__TP01_Baseline,81,178.13259871441622,6649.501871782858,4.5375,3267.0,13.223140495867769,21.830985915492956,0.45472837022132795,0.7232142857142858,13.21369998903212,210.875,0.03227349250076522,Indirectas calculadas desde ConnectivityONEReport (traza por evento).,0,0,71,43200.0
U1_CBD_Commuting_HelsinkiDowntown__TP02_LowLoad,81,166.18435911914136,6254.85176933155,4.919444444444444,3542.0,12.196499153020891,19.521126760563376,0.5042253521126762,0.7696428571428572,13.912864314230866,223.125,0.03149703557312253,Indirectas calculadas desde ConnectivityONEReport (traza por evento).,0,0,71,43200.0
U1_CBD_Commuting_HelsinkiDowntown__TP03_ManySmall,81,166.60385081867744,6127.730327102803,4.580555555555556,3298.0,13.098847786537295,21.253521126760564,0.4659959758551308,0.725,13.523693499913522,214.0,0.03244390539721043,Indirectas calculadas desde ConnectivityONEReport (traza por evento).,0,0,71,43200.0
U1_CBD_Commuting_HelsinkiDowntown__TP04_FewLarge,81,170.93483631871618,6112.087261450388,4.497222222222222,3238.0,13.341568869672637,22.569444444444443,0.44679186228482,0.704225352112676,14.27393809920438,211.0,0.03258184064237183,Indirectas calculadas desde ConnectivityONEReport (traza por evento).,0,0,72,43200.0
U1_CBD_Commuting_HelsinkiDowntown__TP05_CriticalTTL,81,178.13259871441622,6649.501871782858,4.5375,3267.0,13.223140495867769,21.830985915492956,0.45472837022132795,0.7232142857142858,13.21369998903212,210.875,0.03227349250076522,Indirectas calculadas desde ConnectivityONEReport (traza por evento).,0,0,71,43200.0
U1_CBD_Commuting_HelsinkiDowntown__TP06_OneToMany,81,170.5647779043276,6074.7337214509525,4.877777777777778,3512.0,12.300683371298405,17.84285714285714,0.5296066252587992,0.7846790890269151,13.991977923651335,242.85714285714286,0.03457533355027661,Indirectas calculadas desde ConnectivityONEReport (traza por evento).,0,0,70,43200.0
U1_CBD_Commuting_HelsinkiDowntown__TP07_BurstWindow,81,173.67792406613498,6324.174870099201,4.536111111111111,3266.0,13.227189222290264,19.600000000000005,0.4757763975155278,0.7453416149068323,13.863020465109107,221.14285714285714,0.033855305747528645,Indirectas calculadas desde ConnectivityONEReport (traza por evento).,0,0,70,43200.0
U1_CBD_Commuting_HelsinkiDowntown__TP08_HubTarget,81,170.5647779043276,6074.7337214509525,4.877777777777778,3512.0,12.300683371298405,17.84285714285714,0.5296066252587992,0.7846790890269151,13.991977923651335,242.85714285714286,0.03457533355027661,Indirectas calculadas desde ConnectivityONEReport (traza por evento).,0,0,70,43200.0
U1_CBD_Commuting_HelsinkiDowntown__TP09_Bimodal,81,178.13259871441622,6649.501871782858,4.5375,3267.0,13.223140495867769,21.830985915492956,0.45472837022132795,0.7232142857142858,13.21369998903212,210.875,0.03227349250076522,Indirectas calculadas desde ConnectivityONEReport (traza por evento).,0,0,71,43200.0
U1_CBD_Commuting_HelsinkiDowntown__TP10_Storm,81,178.87255469755544,6381.040396341467,4.316666666666666,3108.0,13.8996138996139,21.211267605633804,0.4587525150905432,0.7339285714285714,13.72608443937254,200.625,0.032275579150579145,Indirectas calculadas desde ConnectivityONEReport (traza por evento).,0,0,71,43200.0
U1_CBD_Commuting_HelsinkiDowntown__TP11_ManyToOne,81,170.5647779043276,6074.7337214509525,4.877777777777778,3512.0,12.300683371298405,17.84285714285714,0.5296066252587992,0.7846790890269151,13.991977923651335,242.85714285714286,0.03457533355027661,Indirectas calculadas desde ConnectivityONEReport (traza por evento).,0,0,70,43200.0
U1_CBD_Commuting_HelsinkiDowntown__TP12_GroupToGroup,81,166.1843591191414,6254.851769331548,4.919444444444444,3542.0,12.196499153020891,19.521126760563376,0.5042253521126762,0.7696428571428572,13.912864314230866,223.125,0.03149703557312253,Indirectas calculadas desde ConnectivityONEReport (traza por evento).,0,0,71,43200.0
U2_SparseUrban_HelsinkiDowntown__TP01_Baseline,36,140.86054913294805,4144.372962226641,0.9611111111111111,692.0,62.42774566473989,5.6923076923076925,0.5815384615384616,0.84,3.4473242463877143,140.66666666666666,0.10163776493256262,Indirectas calculadas desde ConnectivityONEReport (traza por evento).,0,0,26,43200.0
U2_SparseUrban_HelsinkiDowntown__TP02_LowLoad,36,140.8608381502891,4144.373161033798,0.9611111111111111,692.0,62.42774566473989,5.6923076923076925,0.5815384615384616,0.84,3.4473242463877143,140.66666666666666,0.10163776493256262,Indirectas calculadas desde ConnectivityONEReport (traza por evento).,0,0,26,43200.0
U2_SparseUrban_HelsinkiDowntown__TP03_ManySmall,36,148.93467261904763,4811.009090909093,0.9333333333333333,672.0,64.28571428571429,5.653846153846154,0.5784615384615385,0.88,3.3452009517257193,138.0,0.10267857142857144,Indirectas calculadas desde ConnectivityONEReport (traza por evento).,0,0,26,43200.0
U2_SparseUrban_HelsinkiDowntown__TP04_FewLarge,36,140.86040462427758,4144.373161033798,0.9611111111111111,692.0,62.42774566473989,5.6923076923076925,0.5815384615384616,0.84,3.4473242463877143,140.66666666666666,0.10163776493256262,Indirectas calculadas desde ConnectivityONEReport (traza por evento).,0,0,26,43200.0
U2_SparseUrban_HelsinkiDowntown__TP05_CriticalTTL,36,140.86054913294805,4144.372962226641,0.9611111111111111,692.0,62.42774566473989,5.6923076923076925,0.5815384615384616,0.84,3.4473242463877143,140.66666666666666,0.10163776493256262,Indirectas calculadas desde ConnectivityONEReport (traza por evento).,0,0,26,43200.0
U2_SparseUrban_HelsinkiDowntown__TP06_OneToMany,36,140.8604046242776,4144.373161033798,0.9611111111111111,692.0,62.42774566473989,5.6923076923076925,0.5815384615384616,0.84,3.4473242463877143,140.66666666666666,0.10163776493256262,Indirectas calculadas desde ConnectivityONEReport (traza por evento).,0,0,26,43200.0
U2_SparseUrban_HelsinkiDowntown__TP07_BurstWindow,36,121.32399999999996,4520.121564885501,1.0069444444444444,725.0,59.58620689655172,4.884615384615385,0.6184615384615385,0.88,3.658671542987905,154.0,0.10620689655172415,Indirectas calculadas desde ConnectivityONEReport (traza por evento).,0,0,26,43200.0
U2_SparseUrban_HelsinkiDowntown__TP08_HubTarget,36,140.8604046242776,4144.373161033798,0.9611111111111111,692.0,62.42774566473989,5.6923076923076925,0.5815384615384616,0.84,3.4473242463877143,140.66666666666666,0.10163776493256262,Indirectas calculadas desde ConnectivityONEReport (traza por evento).,0,0,26,43200.0
U2_SparseUrban_HelsinkiDowntown__TP09_Bimodal,36,140.86054913294805,4144.372962226641,0.9611111111111111,692.0,62.42774566473989,5.6923076923076925,0.5815384615384616,0.84,3.4473242463877143,140.66666666666666,0.10163776493256262,Indirectas calculadas desde ConnectivityONEReport (traza por evento).,0,0,26,43200.0
U2_SparseUrban_HelsinkiDowntown__TP10_Storm,36,135.32426900584775,5054.323732251526,0.95,684.0,63.1578947368421,4.4799999999999995,0.6366666666666666,0.8888888888888888,3.0999736473536785,144.33333333333334,0.10550682261208577,Indirectas calculadas desde ConnectivityONEReport (traza por evento).,0,0,25,43200.0
U2_SparseUrban_HelsinkiDowntown__TP11_ManyToOne,36,140.8604046242776,4144.373161033798,0.9611111111111111,692.0,62.42774566473989,5.6923076923076925,0.5815384615384616,0.84,3.4473242463877143,140.66666666666666,0.10163776493256262,Indirectas calculadas desde ConnectivityONEReport (traza por evento).,0,0,26,43200.0
U2_SparseUrban_HelsinkiDowntown__TP12_GroupToGroup,36,140.8608381502892,4144.362027833005,0.9611111111111111,692.0,62.42774566473989,5.6923076923076925,0.5815384615384616,0.84,3.4473242463877143,140.66666666666666,0.10163776493256262,Indirectas calculadas desde ConnectivityONEReport (traza por evento).,0,0,26,43200.0
U3_MicroMobility_HelsinkiDowntown__TP01_Baseline,151,157.46566640685742,4412.008959328427,14.255555555555556,10264.0,4.208885424785659,43.03875968992248,0.4063711240310077,0.6808894230769231,29.311103264338765,342.15384615384613,0.016667665927213863,Indirectas calculadas desde ConnectivityONEReport (traza por evento).,0,0,129,43200.0
U3_MicroMobility_HelsinkiDowntown__TP02_LowLoad,151,165.13140157787026,4396.683249183258,14.259722222222223,10267.0,4.207655595597545,42.86153846153846,0.4213476446034585,0.6929039952295766,27.931101051288447,337.0769230769231,0.01641555094365068,Indirectas calculadas desde ConnectivityONEReport (traza por evento).,0,0,130,43200.0
U3_MicroMobility_HelsinkiDowntown__TP03_ManySmall,151,165.2463819577777,4370.599695121973,14.472222222222221,10420.0,4.145873320537428,43.87692307692307,0.42122838401908175,0.6946929039952295,28.758876832448923,344.84615384615387,0.0165473202421379,Indirectas calculadas desde ConnectivityONEReport (traza por evento).,0,0,130,43200.0
U3_MicroMobility_HelsinkiDowntown__TP04_FewLarge,151,164.90665590580923,4780.621299072097,14.627777777777778,10532.0,4.101785036080517,44.16793893129771,0.41421021726365237,0.6884615384615385,31.75958035689531,337.64285714285717,0.016029379849167167,Indirectas calculadas desde ConnectivityONEReport (traza por evento).,0,0,131,43200.0
U3_MicroMobility_HelsinkiDowntown__TP05_CriticalTTL,151,157.46566640685742,4412.008959328427,14.255555555555556,10264.0,4.208885424785659,43.03875968992248,0.4063711240310077,0.6808894230769231,29.311103264338765,342.15384615384613,0.016667665927213863,Indirectas calculadas desde ConnectivityONEReport (traza por evento).,0,0,129,43200.0
U3_MicroMobility_HelsinkiDowntown__TP06_OneToMany,151,168.43480088052732,4555.084398976961,13.880555555555556,9994.0,4.32259355613368,46.053846153846145,0.39916517590936196,0.6672629695885509,27.084633453235778,339.3076923076923,0.016975569957359028,Indirectas calculadas desde ConnectivityONEReport (traza por evento).,0,0,130,43200.0
U3_MicroMobility_HelsinkiDowntown__TP07_BurstWindow,151,155.61270833333404,4155.987285990774,14.0,10080.0,4.285714285714286,46.48461538461538,0.40107334525939176,0.6809779367918902,29.157961324593384,338.7692307692308,0.016804029304029307,Indirectas calculadas desde ConnectivityONEReport (traza por evento).,0,0,130,43200.0
U3_MicroMobility_HelsinkiDowntown__TP08_HubTarget,151,168.43480088052732,4555.084398976961,13.880555555555556,9994.0,4.32259355613368,46.053846153846145,0.39916517590936196,0.6672629695885509,27.084633453235778,339.3076923076923,0.016975569957359028,Indirectas calculadas desde ConnectivityONEReport (traza por evento).,0,0,130,43200.0
U3_MicroMobility_HelsinkiDowntown__TP09_Bimodal,151,163.90772003034962,4352.024219312134,14.644444444444444,10544.0,4.09711684370258,42.031007751937985,0.43544089147286824,0.7121394230769231,29.63343202633409,332.61538461538464,0.015772732578498892,Indirectas calculadas desde ConnectivityONEReport (traza por evento).,0,0,129,43200.0
U3_MicroMobility_HelsinkiDowntown__TP10_Storm,151,169.84703565097612,4646.13689933873,14.102777777777778,10154.0,4.254480992712232,43.992248062015506,0.40564437984496127,0.6724759615384616,32.61159292761452,337.15384615384613,0.01660202118149725,Indirectas calculadas desde ConnectivityONEReport (traza por evento).,0,0,129,43200.0
U3_MicroMobility_HelsinkiDowntown__TP11_ManyToOne,151,168.43480088052732,4555.084398976961,13.880555555555556,9994.0,4.32259355613368,46.053846153846145,0.39916517590936196,0.6672629695885509,27.084633453235778,339.3076923076923,0.016975569957359028,Indirectas calculadas desde ConnectivityONEReport (traza por evento).,0,0,130,43200.0
U3_MicroMobility_HelsinkiDowntown__TP12_GroupToGroup,151,166.17545112419336,4682.874974313834,14.393055555555556,10363.0,4.168677024027791,41.31782945736434,0.42999031007751937,0.7001201923076923,30.118209939472735,336.38461538461536,0.016230078904979996,Indirectas calculadas desde ConnectivityONEReport (traza por evento).,0,0,129,43200.0
U4_CongestionHotspot_HelsinkiDowntown__TP01_Baseline,81,152.80601809954757,5087.361641896679,3.0694444444444446,2210.0,19.547511312217196,20.634920634920633,0.4080901177675372,0.6797235023041475,11.216084704940824,170.71428571428572,0.03862314156431803,Indirectas calculadas desde ConnectivityONEReport (traza por evento).,0,0,63,43200.0
U4_CongestionHotspot_HelsinkiDowntown__TP02_LowLoad,81,154.2017070979334,5438.362004175362,3.091666666666667,2226.0,19.40700808625337,22.03125,0.39136904761904756,0.6757369614512471,9.490788503061303,175.0,0.03930817610062893,Indirectas calculadas desde ConnectivityONEReport (traza por evento).,0,0,64,43200.0
U4_CongestionHotspot_HelsinkiDowntown__TP03_ManySmall,81,155.9539629805408,5614.341481481483,2.926388888888889,2107.0,20.503084954912197,21.04761904761905,0.38760880696364564,0.6912442396313364,10.192898203885404,167.85714285714286,0.03983320903112075,Indirectas calculadas desde ConnectivityONEReport (traza por evento).,0,0,63,43200.0
U4_CongestionHotspot_HelsinkiDowntown__TP04_FewLarge,81,151.2951574988244,5693.738428571433,2.9541666666666666,2127.0,20.310296191819464,22.825396825396822,0.3722478238607272,0.6612903225806451,11.178070804351746,175.42857142857142,0.04123849822016253,Indirectas calculadas desde ConnectivityONEReport (traza por evento).,0,0,63,43200.0
U4_CongestionHotspot_HelsinkiDowntown__TP05_CriticalTTL,81,152.80601809954757,5087.361641896679,3.0694444444444446,2210.0,19.547511312217196,20.634920634920633,0.4080901177675372,0.6797235023041475,11.216084704940824,170.71428571428572,0.03862314156431803,Indirectas calculadas desde ConnectivityONEReport (traza por evento).,0,0,63,43200.0
U4_CongestionHotspot_HelsinkiDowntown__TP06_OneToMany,81,154.20215633423163,5438.361238691716,3.091666666666667,2226.0,19.40700808625337,22.03125,0.39136904761904756,0.6757369614512471,9.490788503061303,175.0,0.03930817610062893,Indirectas calculadas desde ConnectivityONEReport (traza por evento).,0,0,64,43200.0
U4_CongestionHotspot_HelsinkiDowntown__TP07_BurstWindow,81,136.5977817213845,5219.912246326101,3.1305555555555555,2254.0,19.165927240461404,20.875,0.40922619047619047,0.6780045351473921,12.154279268585633,175.57142857142858,0.038946634554442895,Indirectas calculadas desde ConnectivityONEReport (traza por evento).,0,0,64,43200.0
U4_CongestionHotspot_HelsinkiDowntown__TP08_HubTarget,81,154.20215633423163,5438.361238691716,3.091666666666667,2226.0,19.40700808625337,22.03125,0.39136904761904756,0.6757369614512471,9.490788503061303,175.0,0.03930817610062893,Indirectas calculadas desde ConnectivityONEReport (traza por evento).,0,0,64,43200.0
U4_CongestionHotspot_HelsinkiDowntown__TP09_Bimodal,81,152.80601809954763,5087.361641896679,3.0694444444444446,2210.0,19.547511312217196,20.634920634920633,0.4080901177675372,0.6797235023041475,11.216084704940824,170.71428571428572,0.03862314156431803,Indirectas calculadas desde ConnectivityONEReport (traza por evento).,0,0,63,43200.0
U4_CongestionHotspot_HelsinkiDowntown__TP10_Storm,81,157.83292405638883,5432.8900714285655,3.0541666666666667,2199.0,19.645293315143245,20.063492063492063,0.4091141833077317,0.6820276497695852,12.075710061838405,180.28571428571428,0.04099265900084454,Indirectas calculadas desde ConnectivityONEReport (traza por evento).,0,0,63,43200.0
U4_CongestionHotspot_HelsinkiDowntown__TP11_ManyToOne,81,154.20215633423163,5438.361238691716,3.091666666666667,2226.0,19.40700808625337,22.03125,0.39136904761904756,0.6757369614512471,9.490788503061303,175.0,0.03930817610062893,Indirectas calculadas desde ConnectivityONEReport (traza por evento).,0,0,64,43200.0
U4_CongestionHotspot_HelsinkiDowntown__TP12_GroupToGroup,81,156.79391263940556,5400.688864468862,2.988888888888889,2152.0,20.074349442379184,21.253968253968253,0.40296979006656425,0.6889400921658986,11.233909771863857,175.14285714285714,0.04069304301646309,Indirectas calculadas desde ConnectivityONEReport (traza por evento).,0,0,63,43200.0
U5_WorkdayShort_HelsinkiDowntown__TP01_Baseline,81,119.94240705734057,3032.4649555774945,2.2041666666666666,1587.0,27.22117202268431,27.901639344262293,0.31366120218579235,0.6047619047619046,12.952484578659755,153.28571428571428,0.04829417589341974,Indirectas calculadas desde ConnectivityONEReport (traza por evento).,0,0,61,43200.0
U5_WorkdayShort_HelsinkiDowntown__TP02_LowLoad,81,119.94265910522968,3032.464363277395,2.2041666666666666,1587.0,27.22117202268431,27.901639344262293,0.31366120218579235,0.6047619047619046,12.952484578659755,153.28571428571428,0.04829417589341974,Indirectas calculadas desde ConnectivityONEReport (traza por evento).,0,0,61,43200.0
U5_WorkdayShort_HelsinkiDowntown__TP03_ManySmall,81,127.78588607594938,3249.8301229508193,2.1944444444444446,1580.0,27.341772151898734,25.032786885245905,0.33005464480874314,0.6166666666666666,12.40752602411028,147.85714285714286,0.04679023508137432,Indirectas calculadas desde ConnectivityONEReport (traza por evento).,0,0,61,43200.0
U5_WorkdayShort_HelsinkiDowntown__TP04_FewLarge,81,119.94247006931283,3032.464659427445,2.2041666666666666,1587.0,27.22117202268431,27.901639344262293,0.31366120218579235,0.6047619047619046,12.952484578659755,153.28571428571428,0.04829417589341974,Indirectas calculadas desde ConnectivityONEReport (traza por evento).,0,0,61,43200.0
U5_WorkdayShort_HelsinkiDowntown__TP05_CriticalTTL,81,119.94240705734057,3032.4649555774945,2.2041666666666666,1587.0,27.22117202268431,27.901639344262293,0.31366120218579235,0.6047619047619046,12.952484578659755,153.28571428571428,0.04829417589341974,Indirectas calculadas desde ConnectivityONEReport (traza por evento).,0,0,61,43200.0
U5_WorkdayShort_HelsinkiDowntown__TP06_OneToMany,81,119.94259609325735,3032.4644619940786,2.2041666666666666,1587.0,27.22117202268431,27.901639344262293,0.31366120218579235,0.6047619047619046,12.952484578659755,153.28571428571428,0.04829417589341974,Indirectas calculadas desde ConnectivityONEReport (traza por evento).,0,0,61,43200.0
U5_WorkdayShort_HelsinkiDowntown__TP07_BurstWindow,81,127.42072184194146,3274.232139303479,2.2319444444444443,1607.0,26.8823895457374,23.816666666666663,0.34011299435028247,0.6242937853107345,13.359245534471095,157.33333333333334,0.04895249948143538,Indirectas calculadas desde ConnectivityONEReport (traza por evento).,0,0,60,43200.0
U5_WorkdayShort_HelsinkiDowntown__TP08_HubTarget,81,119.94259609325735,3032.4644619940786,2.2041666666666666,1587.0,27.22117202268431,27.901639344262293,0.31366120218579235,0.6047619047619046,12.952484578659755,153.28571428571428,0.04829417589341974,Indirectas calculadas desde ConnectivityONEReport (traza por evento).,0,0,61,43200.0
U5_WorkdayShort_HelsinkiDowntown__TP09_Bimodal,81,123.20219269103006,3268.845677694775,2.0902777777777777,1505.0,28.704318936877076,27.967213114754095,0.3103825136612022,0.5976190476190475,12.084527320586213,136.14285714285714,0.04523018509729473,Indirectas calculadas desde ConnectivityONEReport (traza por evento).,0,0,61,43200.0
U5_WorkdayShort_HelsinkiDowntown__TP10_Storm,81,125.70198598130828,3531.192033739462,2.3777777777777778,1712.0,25.233644859813083,26.333333333333332,0.33026113671274965,0.5921658986175115,13.441828802501428,149.14285714285714,0.04355807743658211,Indirectas calculadas desde ConnectivityONEReport (traza por evento).,0,0,63,43200.0
U5_WorkdayShort_HelsinkiDowntown__TP11_ManyToOne,81,119.94259609325735,3032.4644619940786,2.2041666666666666,1587.0,27.22117202268431,27.901639344262293,0.31366120218579235,0.6047619047619046,12.952484578659755,153.28571428571428,0.04829417589341974,Indirectas calculadas desde ConnectivityONEReport (traza por evento).,0,0,61,43200.0
U5_WorkdayShort_HelsinkiDowntown__TP12_GroupToGroup,81,119.94391934467544,3032.4745310957555,2.2041666666666666,1587.0,27.22117202268431,27.901639344262293,0.31366120218579235,0.6047619047619046,12.952484578659755,153.28571428571428,0.04829417589341974,Indirectas calculadas desde ConnectivityONEReport (traza por evento).,0,0,61,43200.0
U6_OfficeWaitHeavyTail_HelsinkiDowntown__TP01_Baseline,81,178.75982948846539,6557.353852813841,2.7694444444444444,1994.0,21.664994984954866,19.112903225806452,0.4436805922792174,0.7400468384074941,11.129989399011711,176.14285714285714,0.04416821894254191,Indirectas calculadas desde ConnectivityONEReport (traza por evento).,0,0,62,43200.0
U6_OfficeWaitHeavyTail_HelsinkiDowntown__TP02_LowLoad,81,179.02616339193483,6235.903217158177,2.686111111111111,1934.0,22.33712512926577,19.516129032258068,0.43098889476467467,0.747072599531616,11.86343616632098,172.28571428571428,0.044541291180381144,Indirectas calculadas desde ConnectivityONEReport (traza por evento).,0,0,62,43200.0
U6_OfficeWaitHeavyTail_HelsinkiDowntown__TP03_ManySmall,81,166.84734227521156,5904.809847198636,2.7958333333333334,2013.0,21.460506706408346,18.677419354838708,0.4415653093601269,0.7423887587822015,11.976505379444907,171.28571428571428,0.04254488680718189,Indirectas calculadas desde ConnectivityONEReport (traza por evento).,0,0,62,43200.0
U6_OfficeWaitHeavyTail_HelsinkiDowntown__TP04_FewLarge,81,178.7601303911734,6557.353852813841,2.7694444444444444,1994.0,21.664994984954866,19.112903225806452,0.4436805922792174,0.7400468384074941,11.129989399011711,176.14285714285714,0.04416821894254191,Indirectas calculadas desde ConnectivityONEReport (traza por evento).,0,0,62,43200.0
U6_OfficeWaitHeavyTail_HelsinkiDowntown__TP05_CriticalTTL,81,178.75982948846539,6557.353852813841,2.7694444444444444,1994.0,21.664994984954866,19.112903225806452,0.4436805922792174,0.7400468384074941,11.129989399011711,176.14285714285714,0.04416821894254191,Indirectas calculadas desde ConnectivityONEReport (traza por evento).,0,0,62,43200.0
U6_OfficeWaitHeavyTail_HelsinkiDowntown__TP06_OneToMany,81,178.75982948846533,6557.353852813841,2.7694444444444444,1994.0,21.664994984954866,19.112903225806452,0.4436805922792174,0.7400468384074941,11.129989399011711,176.14285714285714,0.04416821894254191,Indirectas calculadas desde ConnectivityONEReport (traza por evento).,0,0,62,43200.0
U6_OfficeWaitHeavyTail_HelsinkiDowntown__TP07_BurstWindow,81,184.94016304347767,6491.817870722431,2.5555555555555554,1840.0,23.47826086956522,19.56451612903226,0.41671073506081435,0.7166276346604217,11.047340352047202,159.42857142857142,0.04332298136645963,Indirectas calculadas desde ConnectivityONEReport (traza por evento).,0,0,62,43200.0
U6_OfficeWaitHeavyTail_HelsinkiDowntown__TP08_HubTarget,81,178.75982948846533,6557.353852813841,2.7694444444444444,1994.0,21.664994984954866,19.112903225806452,0.4436805922792174,0.7400468384074941,11.129989399011711,176.14285714285714,0.04416821894254191,Indirectas calculadas desde ConnectivityONEReport (traza por evento).,0,0,62,43200.0
U6_OfficeWaitHeavyTail_HelsinkiDowntown__TP09_Bimodal,81,178.7597793380141,6557.354112554101,2.7694444444444444,1994.0,21.664994984954866,19.112903225806452,0.4436805922792174,0.7400468384074941,11.129989399011711,176.14285714285714,0.04416821894254191,Indirectas calculadas desde ConnectivityONEReport (traza por evento).,0,0,62,43200.0
U6_OfficeWaitHeavyTail_HelsinkiDowntown__TP10_Storm,81,178.77915789473695,6193.90898366607,2.638888888888889,1900.0,22.736842105263158,18.27868852459016,0.43606557377049177,0.7285714285714286,11.315451767071368,166.85714285714286,0.043909774436090225,Indirectas calculadas desde ConnectivityONEReport (traza por evento).,0,0,61,43200.0
U6_OfficeWaitHeavyTail_HelsinkiDowntown__TP11_ManyToOne,81,178.75982948846533,6557.353852813841,2.7694444444444444,1994.0,21.664994984954866,19.112903225806452,0.4436805922792174,0.7400468384074941,11.129989399011711,176.14285714285714,0.04416821894254191,Indirectas calculadas desde ConnectivityONEReport (traza por evento).,0,0,62,43200.0
U6_OfficeWaitHeavyTail_HelsinkiDowntown__TP12_GroupToGroup,81,178.7599799398194,6557.353593073581,2.7694444444444444,1994.0,21.664994984954866,19.112903225806452,0.4436805922792174,0.7400468384074941,11.129989399011711,176.14285714285714,0.04416821894254191,Indirectas calculadas desde ConnectivityONEReport (traza por evento).,0,0,62,43200.0
U7_HighTimeVariance_HelsinkiDowntown__TP01_Baseline,81,154.43940099833628,3400.4593290441153,4.173611111111111,3005.0,14.37603993344426,20.59090909090909,0.38648018648018645,0.654945054945055,10.267306249305951,233.14285714285714,0.03879248870929403,Indirectas calculadas desde ConnectivityONEReport (traza por evento).,0,0,66,43200.0
U7_HighTimeVariance_HelsinkiDowntown__TP02_LowLoad,81,153.26221153846151,3888.625475453339,4.333333333333333,3120.0,13.846153846153847,20.363636363636363,0.4004662004662004,0.7120879120879122,11.98167768276381,242.85714285714286,0.03891941391941393,Indirectas calculadas desde ConnectivityONEReport (traza por evento).,0,0,66,43200.0
U7_HighTimeVariance_HelsinkiDowntown__TP03_ManySmall,81,166.2308646228036,3384.1288878416576,4.031944444444444,2903.0,14.88115742335515,23.53731343283582,0.3532338308457711,0.6450216450216449,11.652734912596932,230.14285714285714,0.03963879730328231,Indirectas calculadas desde ConnectivityONEReport (traza por evento).,0,0,67,43200.0
U7_HighTimeVariance_HelsinkiDowntown__TP04_FewLarge,81,153.26221153846151,3888.6254754533375,4.333333333333333,3120.0,13.846153846153847,20.363636363636363,0.4004662004662004,0.7120879120879122,11.98167768276381,242.85714285714286,0.03891941391941393,Indirectas calculadas desde ConnectivityONEReport (traza por evento).,0,0,66,43200.0
U7_HighTimeVariance_HelsinkiDowntown__TP05_CriticalTTL,81,154.43940099833628,3400.4593290441153,4.173611111111111,3005.0,14.37603993344426,20.59090909090909,0.38648018648018645,0.654945054945055,10.267306249305951,233.14285714285714,0.03879248870929403,Indirectas calculadas desde ConnectivityONEReport (traza por evento).,0,0,66,43200.0
U7_HighTimeVariance_HelsinkiDowntown__TP06_OneToMany,81,163.5051671732526,3173.245936073057,4.1125,2961.0,14.589665653495441,23.71641791044776,0.3487109905020353,0.6341991341991342,10.72886041633145,233.71428571428572,0.039465431562695996,Indirectas calculadas desde ConnectivityONEReport (traza por evento).,0,0,67,43200.0
U7_HighTimeVariance_HelsinkiDowntown__TP07_BurstWindow,81,153.5741222366715,3240.7123693379835,4.272222222222222,3076.0,14.044213263979193,21.323076923076922,0.375,0.6651785714285714,10.560946530365547,244.42857142857142,0.03973156232584061,Indirectas calculadas desde ConnectivityONEReport (traza por evento).,0,0,65,43200.0
U7_HighTimeVariance_HelsinkiDowntown__TP08_HubTarget,81,163.5051671732526,3173.245936073057,4.1125,2961.0,14.589665653495441,23.71641791044776,0.3487109905020353,0.6341991341991342,10.72886041633145,233.71428571428572,0.039465431562695996,Indirectas calculadas desde ConnectivityONEReport (traza por evento).,0,0,67,43200.0
U7_HighTimeVariance_HelsinkiDowntown__TP09_Bimodal,81,156.7275622831916,3662.5022097053748,4.404166666666667,3171.0,13.623462630085147,21.970149253731343,0.3903211216644052,0.6926406926406926,11.869359139194108,246.85714285714286,0.03892417894310042,Indirectas calculadas desde ConnectivityONEReport (traza por evento).,0,0,67,43200.0
U7_HighTimeVariance_HelsinkiDowntown__TP10_Storm,81,154.3433009099461,3526.1764452113957,4.426388888888889,3187.0,13.555067461562597,20.742424242424246,0.4051282051282051,0.7032967032967034,14.327660618785046,247.85714285714286,0.038885651530772336,Indirectas calculadas desde ConnectivityONEReport (traza por evento).,0,0,66,43200.0
U7_HighTimeVariance_HelsinkiDowntown__TP11_ManyToOne,81,163.5051671732526,3173.245936073057,4.1125,2961.0,14.589665653495441,23.71641791044776,0.3487109905020353,0.6341991341991342,10.72886041633145,233.71428571428572,0.039465431562695996,Indirectas calculadas desde ConnectivityONEReport (traza por evento).,0,0,67,43200.0
U7_HighTimeVariance_HelsinkiDowntown__TP12_GroupToGroup,81,160.4163001293657,3708.5662102473516,4.294444444444444,3092.0,13.971539456662354,20.184615384615384,0.39807692307692305,0.6964285714285714,13.318127313406551,236.85714285714286,0.03830160783588986,Indirectas calculadas desde ConnectivityONEReport (traza por evento).,0,0,65,43200.0
V1_TaxiLow_ManhattanMidtownGridMidtownGrid__TP01_Baseline,5,4.227696793003009,790.4476047904192,0.47638888888888886,343.0,125.94752186588921,0.2,0.9,1.0,0.6916666666666668,194.0,0.282798833819242,Indirectas calculadas desde ConnectivityONEReport (traza por evento).,0,0,5,43200.0
V1_TaxiLow_ManhattanMidtownGridMidtownGrid__TP02_LowLoad,5,4.021705426356525,732.818567639257,0.5375,387.0,111.62790697674419,0.0,1.0,1.0,0.6833333333333332,225.0,0.29069767441860467,Indirectas calculadas desde ConnectivityONEReport (traza por evento).,0,0,5,43200.0
V1_TaxiLow_ManhattanMidtownGridMidtownGrid__TP03_ManySmall,5,6.411057692307691,453.8491856677522,0.8666666666666667,624.0,69.23076923076923,0.0,1.0,1.0,0.3333333333333333,304.0,0.24358974358974358,Indirectas calculadas desde ConnectivityONEReport (traza por evento).,0,0,5,43200.0
V1_TaxiLow_ManhattanMidtownGridMidtownGrid__TP04_FewLarge,5,4.021447028423703,732.8185676392573,0.5375,387.0,111.62790697674419,0.0,1.0,1.0,0.6833333333333332,225.0,0.29069767441860467,Indirectas calculadas desde ConnectivityONEReport (traza por evento).,0,0,5,43200.0
V1_TaxiLow_ManhattanMidtownGridMidtownGrid__TP05_CriticalTTL,5,4.227696793003009,790.4476047904192,0.47638888888888886,343.0,125.94752186588921,0.2,0.9,1.0,0.6916666666666668,194.0,0.282798833819242,Indirectas calculadas desde ConnectivityONEReport (traza por evento).,0,0,5,43200.0
V1_TaxiLow_ManhattanMidtownGridMidtownGrid__TP06_OneToMany,5,4.542586750788689,800.7446254071664,0.44027777777777777,317.0,136.2776025236593,0.0,1.0,1.0,0.7333333333333333,188.0,0.29652996845425866,Indirectas calculadas desde ConnectivityONEReport (traza por evento).,0,0,5,43200.0
V1_TaxiLow_ManhattanMidtownGridMidtownGrid__TP07_BurstWindow,5,4.33084832904882,810.538157894737,0.5402777777777777,389.0,111.05398457583547,0.2,0.9,1.0,0.525,232.0,0.2982005141388175,Indirectas calculadas desde ConnectivityONEReport (traza por evento).,0,0,5,43200.0
V1_TaxiLow_ManhattanMidtownGridMidtownGrid__TP08_HubTarget,5,4.542586750788689,800.7446254071664,0.44027777777777777,317.0,136.2776025236593,0.0,1.0,1.0,0.7333333333333333,188.0,0.29652996845425866,Indirectas calculadas desde ConnectivityONEReport (traza por evento).,0,0,5,43200.0
V1_TaxiLow_ManhattanMidtownGridMidtownGrid__TP09_Bimodal,5,4.227696793003009,790.4476047904192,0.47638888888888886,343.0,125.94752186588921,0.2,0.9,1.0,0.6916666666666668,194.0,0.282798833819242,Indirectas calculadas desde ConnectivityONEReport (traza por evento).,0,0,5,43200.0
V1_TaxiLow_ManhattanMidtownGridMidtownGrid__TP10_Storm,5,4.272727272727201,941.7879194630874,0.42777777777777776,308.0,140.25974025974025,0.0,1.0,1.0,0.5416666666666666,162.0,0.262987012987013,Indirectas calculadas desde ConnectivityONEReport (traza por evento).,0,0,5,43200.0
V1_TaxiLow_ManhattanMidtownGridMidtownGrid__TP11_ManyToOne,5,4.542586750788689,800.7446254071664,0.44027777777777777,317.0,136.2776025236593,0.0,1.0,1.0,0.7333333333333333,188.0,0.29652996845425866,Indirectas calculadas desde ConnectivityONEReport (traza por evento).,0,0,5,43200.0
V1_TaxiLow_ManhattanMidtownGridMidtownGrid__TP12_GroupToGroup,5,4.301846153846169,744.925714285715,0.4513888888888889,325.0,132.92307692307693,0.0,1.0,1.0,0.6166666666666667,192.0,0.2953846153846154,Indirectas calculadas desde ConnectivityONEReport (traza por evento).,0,0,5,43200.0
V2_TaxiHigh_ManhattanMidtownGridMidtownGrid__TP01_Baseline,26,4.21190794074639,642.9025175188139,21.845833333333335,15729.0,2.7465191684150296,0.30769230769230765,0.9753846153846155,1.0,5.516025641025641,1494.3333333333333,0.047502490092610254,Indirectas calculadas desde ConnectivityONEReport (traza por evento).,0,0,26,43200.0
V2_TaxiHigh_ManhattanMidtownGridMidtownGrid__TP02_LowLoad,26,4.308407310704921,643.0714790375264,21.27777777777778,15320.0,2.8198433420365534,0.3076923076923077,0.9753846153846154,1.0,5.634615384615384,1420.3333333333333,0.046355526544821585,Indirectas calculadas desde ConnectivityONEReport (traza por evento).,0,0,26,43200.0
V2_TaxiHigh_ManhattanMidtownGridMidtownGrid__TP03_ManySmall,26,4.126042715565289,531.7314498301608,26.206944444444446,18869.0,2.2894695002384866,0.11538461538461536,0.9907692307692308,1.0,4.759615384615384,1942.3333333333333,0.051468899606055794,Indirectas calculadas desde ConnectivityONEReport (traza por evento).,0,0,26,43200.0
V2_TaxiHigh_ManhattanMidtownGridMidtownGrid__TP04_FewLarge,26,4.093853119960292,615.5439797532412,22.391666666666666,16122.0,2.679568291775214,0.3076923076923076,0.9753846153846155,1.0,5.451923076923077,1608.0,0.0498697432080387,Indirectas calculadas desde ConnectivityONEReport (traza por evento).,0,0,26,43200.0
V2_TaxiHigh_ManhattanMidtownGridMidtownGrid__TP05_CriticalTTL,26,4.21190794074639,642.9025175188139,21.845833333333335,15729.0,2.7465191684150296,0.30769230769230765,0.9753846153846155,1.0,5.516025641025641,1494.3333333333333,0.047502490092610254,Indirectas calculadas desde ConnectivityONEReport (traza por evento).,0,0,26,43200.0
V2_TaxiHigh_ManhattanMidtownGridMidtownGrid__TP06_OneToMany,26,4.1550769620573496,624.7446606334846,21.926388888888887,15787.0,2.7364287071641225,0.30769230769230765,0.9753846153846154,1.0,5.586538461538461,1615.0,0.0511496801165516,Indirectas calculadas desde ConnectivityONEReport (traza por evento).,0,0,26,43200.0
V2_TaxiHigh_ManhattanMidtownGridMidtownGrid__TP07_BurstWindow,26,4.254307941653134,625.5860254203641,21.42361111111111,15425.0,2.80064829821718,0.23076923076923078,0.9815384615384615,1.0,5.814102564102563,1387.3333333333333,0.04497028633171259,Indirectas calculadas desde ConnectivityONEReport (traza por evento).,0,0,26,43200.0
V2_TaxiHigh_ManhattanMidtownGridMidtownGrid__TP08_HubTarget,26,4.1550769620573496,624.7446606334846,21.926388888888887,15787.0,2.7364287071641225,0.30769230769230765,0.9753846153846154,1.0,5.586538461538461,1615.0,0.0511496801165516,Indirectas calculadas desde ConnectivityONEReport (traza por evento).,0,0,26,43200.0
V2_TaxiHigh_ManhattanMidtownGridMidtownGrid__TP09_Bimodal,26,4.0496730382293595,642.8008407676008,22.08888888888889,15904.0,2.7162977867203217,0.07692307692307693,0.9938461538461539,1.0,5.512820512820512,1481.3333333333333,0.04657109322602281,Indirectas calculadas desde ConnectivityONEReport (traza por evento).,0,0,26,43200.0
V2_TaxiHigh_ManhattanMidtownGridMidtownGrid__TP10_Storm,26,4.152150178928858,617.2108567893589,22.898611111111112,16487.0,2.620246254624856,0.11538461538461535,0.9907692307692308,1.0,5.237179487179486,1581.0,0.04794686722872566,Indirectas calculadas desde ConnectivityONEReport (traza por evento).,0,0,26,43200.0
V2_TaxiHigh_ManhattanMidtownGridMidtownGrid__TP11_ManyToOne,26,4.1550769620573496,624.7446606334846,21.926388888888887,15787.0,2.7364287071641225,0.30769230769230765,0.9753846153846154,1.0,5.586538461538461,1615.0,0.0511496801165516,Indirectas calculadas desde ConnectivityONEReport (traza por evento).,0,0,26,43200.0
V2_TaxiHigh_ManhattanMidtownGridMidtownGrid__TP12_GroupToGroup,26,4.058788764194168,633.4922523744954,20.915277777777778,15059.0,2.868716382229896,0.23076923076923073,0.9815384615384615,1.0,5.737179487179486,1338.0,0.04442526064147686,Indirectas calculadas desde ConnectivityONEReport (traza por evento).,0,0,26,43200.0
V3_BusOnlyCarriers_ManhattanMidtownGridMidtownGrid__TP01_Baseline,9,6.215144230769251,1210.6453980099502,1.1555555555555554,832.0,51.92307692307692,0.8888888888888888,0.7777777777777778,1.0,1.5,276.0,0.1658653846153846,Indirectas calculadas desde ConnectivityONEReport (traza por evento).,0,0,9,43200.0
V3_BusOnlyCarriers_ManhattanMidtownGridMidtownGrid__TP02_LowLoad,9,6.2853260869563785,1330.2691654879789,1.0222222222222221,736.0,58.69565217391305,0.7777777777777777,0.8055555555555556,1.0,1.6759259259259258,264.0,0.1793478260869565,Indirectas calculadas desde ConnectivityONEReport (traza por evento).,0,0,9,43200.0
V3_BusOnlyCarriers_ManhattanMidtownGridMidtownGrid__TP03_ManySmall,9,6.901553166069255,1218.8830655129773,1.1625,837.0,51.61290322580645,0.8888888888888888,0.7777777777777778,1.0,1.703703703703704,287.0,0.17144563918757466,Indirectas calculadas desde ConnectivityONEReport (traza por evento).,0,0,9,43200.0
V3_BusOnlyCarriers_ManhattanMidtownGridMidtownGrid__TP04_FewLarge,9,6.511261872455833,1324.3213578500715,1.023611111111111,737.0,58.61601085481683,0.6666666666666667,0.8333333333333334,1.0,1.6388888888888886,257.0,0.17435549525101765,Indirectas calculadas desde ConnectivityONEReport (traza por evento).,0,0,9,43200.0
V3_BusOnlyCarriers_ManhattanMidtownGridMidtownGrid__TP05_CriticalTTL,9,6.215144230769251,1210.6453980099502,1.1555555555555554,832.0,51.92307692307692,0.8888888888888888,0.7777777777777778,1.0,1.5,276.0,0.1658653846153846,Indirectas calculadas desde ConnectivityONEReport (traza por evento).,0,0,9,43200.0
V3_BusOnlyCarriers_ManhattanMidtownGridMidtownGrid__TP06_OneToMany,9,6.828994082840218,1087.0317395727348,1.4083333333333334,1014.0,42.603550295857985,0.5555555555555556,0.8611111111111112,1.0,1.3148148148148149,311.0,0.15335305719921105,Indirectas calculadas desde ConnectivityONEReport (traza por evento).,0,0,9,43200.0
V3_BusOnlyCarriers_ManhattanMidtownGridMidtownGrid__TP07_BurstWindow,9,7.457766990291308,1228.2113207547172,1.1444444444444444,824.0,52.42718446601942,0.7777777777777777,0.8055555555555556,1.0,1.6111111111111107,301.0,0.18264563106796117,Indirectas calculadas desde ConnectivityONEReport (traza por evento).,0,0,9,43200.0
V3_BusOnlyCarriers_ManhattanMidtownGridMidtownGrid__TP08_HubTarget,9,6.828994082840218,1087.0317395727348,1.4083333333333334,1014.0,42.603550295857985,0.5555555555555556,0.8611111111111112,1.0,1.3148148148148149,311.0,0.15335305719921105,Indirectas calculadas desde ConnectivityONEReport (traza por evento).,0,0,9,43200.0
V3_BusOnlyCarriers_ManhattanMidtownGridMidtownGrid__TP09_Bimodal,9,6.793145654834765,1272.601017811703,1.1347222222222222,817.0,52.87637698898409,0.5555555555555557,0.8611111111111112,1.0,1.5092592592592593,331.0,0.20257037943696451,Indirectas calculadas desde ConnectivityONEReport (traza por evento).,0,0,9,43200.0
V3_BusOnlyCarriers_ManhattanMidtownGridMidtownGrid__TP10_Storm,9,6.3799242424243,1347.9939790575918,1.1,792.0,54.54545454545455,0.8888888888888888,0.7777777777777778,1.0,1.5740740740740742,241.0,0.15214646464646464,Indirectas calculadas desde ConnectivityONEReport (traza por evento).,0,0,9,43200.0
V3_BusOnlyCarriers_ManhattanMidtownGridMidtownGrid__TP11_ManyToOne,9,6.828994082840218,1087.0317395727348,1.4083333333333334,1014.0,42.603550295857985,0.5555555555555556,0.8611111111111112,1.0,1.3148148148148149,311.0,0.15335305719921105,Indirectas calculadas desde ConnectivityONEReport (traza por evento).,0,0,9,43200.0
V3_BusOnlyCarriers_ManhattanMidtownGridMidtownGrid__TP12_GroupToGroup,9,8.094678714859416,1000.643181818181,1.3833333333333333,996.0,43.373493975903614,0.8888888888888888,0.7777777777777778,1.0,1.5648148148148147,333.0,0.16716867469879518,Indirectas calculadas desde ConnectivityONEReport (traza por evento).,0,0,9,43200.0
V4_CarOwnership_0_ManhattanMidtownGridMidtownGrid__TP01_Baseline,81,231.51301012580626,4816.8113561708105,4.526388888888889,3259.0,13.255599877262965,18.911764705882348,0.495171202809482,0.7505330490405119,13.852243201048582,256.2857142857143,0.039319686143865336,Indirectas calculadas desde ConnectivityONEReport (traza por evento).,0,0,68,43200.0
V4_CarOwnership_0_ManhattanMidtownGridMidtownGrid__TP02_LowLoad,81,231.51282602025242,4816.811731581417,4.526388888888889,3259.0,13.255599877262965,18.911764705882348,0.495171202809482,0.7505330490405119,13.852243201048582,256.2857142857143,0.039319686143865336,Indirectas calculadas desde ConnectivityONEReport (traza por evento).,0,0,68,43200.0
V4_CarOwnership_0_ManhattanMidtownGridMidtownGrid__TP03_ManySmall,81,205.5592248062005,4017.5815134099603,4.479166666666667,3225.0,13.395348837209303,19.500000000000004,0.49912203687445134,0.7505330490405118,14.04335570726821,251.42857142857142,0.038981173864894796,Indirectas calculadas desde ConnectivityONEReport (traza por evento).,0,0,68,43200.0
V4_CarOwnership_0_ManhattanMidtownGridMidtownGrid__TP04_FewLarge,81,227.5278971255666,4354.224071462151,4.590277777777778,3305.0,13.071104387291982,20.371428571428567,0.4877846790890268,0.7763975155279502,12.746488426197027,270.57142857142856,0.040933650313378,Indirectas calculadas desde ConnectivityONEReport (traza por evento).,0,0,70,43200.0
V4_CarOwnership_0_ManhattanMidtownGridMidtownGrid__TP05_CriticalTTL,81,231.51301012580626,4816.8113561708105,4.526388888888889,3259.0,13.255599877262965,18.911764705882348,0.495171202809482,0.7505330490405119,13.852243201048582,256.2857142857143,0.039319686143865336,Indirectas calculadas desde ConnectivityONEReport (traza por evento).,0,0,68,43200.0
V4_CarOwnership_0_ManhattanMidtownGridMidtownGrid__TP06_OneToMany,81,211.29178832116793,4090.2683716565048,4.566666666666666,3288.0,13.138686131386862,19.362318840579707,0.49317988064791135,0.7542016806722689,14.653440037365705,270.0,0.04105839416058394,Indirectas calculadas desde ConnectivityONEReport (traza por evento).,0,0,69,43200.0
V4_CarOwnership_0_ManhattanMidtownGridMidtownGrid__TP07_BurstWindow,81,227.13891188645908,4557.116912442394,4.697222222222222,3382.0,12.773506800709638,19.885714285714286,0.5018633540372671,0.7494824016563145,13.79898260161884,263.7142857142857,0.03898791923629298,Indirectas calculadas desde ConnectivityONEReport (traza por evento).,0,0,70,43200.0
V4_CarOwnership_0_ManhattanMidtownGridMidtownGrid__TP08_HubTarget,81,211.29178832116793,4090.2683716565048,4.566666666666666,3288.0,13.138686131386862,19.362318840579707,0.49317988064791135,0.7542016806722689,14.653440037365705,270.0,0.04105839416058394,Indirectas calculadas desde ConnectivityONEReport (traza por evento).,0,0,69,43200.0
V4_CarOwnership_0_ManhattanMidtownGridMidtownGrid__TP09_Bimodal,81,226.4288717156104,4442.37803958529,4.493055555555555,3235.0,13.353941267387944,18.417910447761194,0.503392130257802,0.751082251082251,12.858624397614497,262.57142857142856,0.040582910134687566,Indirectas calculadas desde ConnectivityONEReport (traza por evento).,0,0,67,43200.0
V4_CarOwnership_0_ManhattanMidtownGridMidtownGrid__TP10_Storm,81,209.90375351892317,4069.6147155618187,4.440277777777778,3197.0,13.512668126368471,20.782608695652176,0.4560954816709292,0.7205882352941178,16.374238154581587,253.85714285714286,0.039702399571026406,Indirectas calculadas desde ConnectivityONEReport (traza por evento).,0,0,69,43200.0
V4_CarOwnership_0_ManhattanMidtownGridMidtownGrid__TP11_ManyToOne,81,211.29178832116793,4090.2683716565048,4.566666666666666,3288.0,13.138686131386862,19.362318840579707,0.49317988064791135,0.7542016806722689,14.653440037365705,270.0,0.04105839416058394,Indirectas calculadas desde ConnectivityONEReport (traza por evento).,0,0,69,43200.0
V4_CarOwnership_0_ManhattanMidtownGridMidtownGrid__TP12_GroupToGroup,81,213.57568452380906,4314.162699498408,4.666666666666667,3360.0,12.857142857142858,21.0,0.48322981366459633,0.7453416149068323,14.21580170538637,268.0,0.039880952380952385,Indirectas calculadas desde ConnectivityONEReport (traza por evento).,0,0,70,43200.0
V5_CarOwnership_100_ManhattanMidtownGridMidtownGrid__TP01_Baseline,82,112.93952456418405,1597.270967741936,4.381944444444445,3155.0,13.692551505546751,45.4,0.12036036036036038,0.32432432432432434,23.469587711998567,329.5,0.052218700475435816,Indirectas calculadas desde ConnectivityONEReport (traza por evento).,0,0,75,43200.0
V5_CarOwnership_100_ManhattanMidtownGridMidtownGrid__TP02_LowLoad,82,112.02037735849076,1571.7384238178622,4.416666666666667,3180.0,13.584905660377359,46.91891891891892,0.1203258052573121,0.3339041095890411,22.763393795816025,333.75,0.05247641509433962,Indirectas calculadas desde ConnectivityONEReport (traza por evento).,0,0,74,43200.0
V5_CarOwnership_100_ManhattanMidtownGridMidtownGrid__TP03_ManySmall,82,118.80835894283953,1444.1114748449345,4.519444444444445,3254.0,13.2759680393362,43.90540540540541,0.1303221029248427,0.3407534246575342,21.192861182627876,342.5,0.05262753534111862,Indirectas calculadas desde ConnectivityONEReport (traza por evento).,0,0,74,43200.0
V5_CarOwnership_100_ManhattanMidtownGridMidtownGrid__TP04_FewLarge,82,118.43000934870682,1428.2188951442627,4.456944444444445,3209.0,13.462137737612963,44.33333333333333,0.1322522522522523,0.3513513513513513,24.869869281904887,326.625,0.05089202243689623,Indirectas calculadas desde ConnectivityONEReport (traza por evento).,0,0,75,43200.0
V5_CarOwnership_100_ManhattanMidtownGridMidtownGrid__TP05_CriticalTTL,82,112.93952456418405,1597.270967741936,4.381944444444445,3155.0,13.692551505546751,45.4,0.12036036036036038,0.32432432432432434,23.469587711998567,329.5,0.052218700475435816,Indirectas calculadas desde ConnectivityONEReport (traza por evento).,0,0,75,43200.0
V5_CarOwnership_100_ManhattanMidtownGridMidtownGrid__TP06_OneToMany,82,116.49945495351061,1474.118576512455,4.331944444444445,3119.0,13.850593138826547,48.608108108108105,0.11440207330618288,0.3184931506849315,19.203687781624122,325.875,0.052240301378647006,Indirectas calculadas desde ConnectivityONEReport (traza por evento).,0,0,74,43200.0
V5_CarOwnership_100_ManhattanMidtownGridMidtownGrid__TP07_BurstWindow,82,115.94463625154162,1348.5767330130416,4.5055555555555555,3244.0,13.316892725030826,48.17333333333333,0.11891891891891893,0.3327702702702703,20.192639980024847,341.125,0.05257783600493218,Indirectas calculadas desde ConnectivityONEReport (traza por evento).,0,0,75,43200.0
V5_CarOwnership_100_ManhattanMidtownGridMidtownGrid__TP08_HubTarget,82,116.49945495351061,1474.118576512455,4.331944444444445,3119.0,13.850593138826547,48.608108108108105,0.11440207330618288,0.3184931506849315,19.203687781624122,325.875,0.052240301378647006,Indirectas calculadas desde ConnectivityONEReport (traza por evento).,0,0,74,43200.0
V5_CarOwnership_100_ManhattanMidtownGridMidtownGrid__TP09_Bimodal,82,112.93952456418405,1597.270967741936,4.381944444444445,3155.0,13.692551505546751,45.4,0.12036036036036038,0.32432432432432434,23.469587711998567,329.5,0.052218700475435816,Indirectas calculadas desde ConnectivityONEReport (traza por evento).,0,0,75,43200.0
V5_CarOwnership_100_ManhattanMidtownGridMidtownGrid__TP10_Storm,82,123.04129746835461,1406.0052387740513,4.388888888888889,3160.0,13.670886075949367,43.39189189189189,0.1310625694187338,0.3544520547945206,20.648622574129416,327.75,0.05185917721518987,Indirectas calculadas desde ConnectivityONEReport (traza por evento).,0,0,74,43200.0
V5_CarOwnership_100_ManhattanMidtownGridMidtownGrid__TP11_ManyToOne,82,116.49945495351061,1474.118576512455,4.331944444444445,3119.0,13.850593138826547,48.608108108108105,0.11440207330618288,0.3184931506849315,19.203687781624122,325.875,0.052240301378647006,Indirectas calculadas desde ConnectivityONEReport (traza por evento).,0,0,74,43200.0
V5_CarOwnership_100_ManhattanMidtownGridMidtownGrid__TP12_GroupToGroup,82,115.79255915317547,1593.6486062717768,4.461111111111111,3212.0,13.449564134495642,47.48,0.12324324324324325,0.33783783783783783,22.51434866181712,333.375,0.051895236612702365,Indirectas calculadas desde ConnectivityONEReport (traza por evento).,0,0,75,43200.0
