map_id,batch_target,source_type,anchor_id,archetype,generator_type,world_size_x,world_size_y,world_area,bbox_width,bbox_height,useful_area,useful_area_ratio,n_nodes,n_edges,total_road_length_m,road_density,avg_edge_length_m,median_edge_length_m,avg_degree,max_degree,dead_end_ratio,intersection_ratio,n_components,largest_component_ratio,bridge_edges_count,bridge_edges_ratio,articulation_points_count,articulation_points_ratio,graph_diameter_approx,avg_shortest_path_approx,circuity_approx,orientation_entropy,gridness_score,corridor_score,radial_score,partition_score,community_score,tree_like_score,supports_map_based,supports_route_movement_candidate,supports_cluster_overlay,supports_wdm_candidate,supports_bus_route_candidate,validation_status,feature_omissions,sampling_seed,validation_status_val,anchor_label,wkt_dir,roads_wkt,metadata_json,preview_png,generation_status
OSM_cambridge_haggle_offset_n_1000m_1000m_0080,100,osm,cambridge_haggle,dense_urban_irregular,,1064,1046,1112944.0,1013.69,995.25,1008880.36,0.906496968182782,1778,1992,60202.74,0.0017898474676174,15.8428,9.3094,2.2407,6,0.0906,0.2666,1,1.0,474,0.237952,429,0.241282,2343.26,682.34,1.4835,5.0355,0.3092,1.7947,0.6358,0.0,0.9121,0.4864,yes,yes,partial,yes,no,PASS,,2580892417,PASS,Cambridge UK (Haggle),batch_0100/wkt/map_0080,batch_0100/wkt/map_0080/roads.wkt,batch_0100/wkt/map_0080/metadata.json,previews/OSM_cambridge_haggle_offset_n_1000m_1000m_0080.png,OK
OSM_cambridge_haggle_offset_n_1000m_1000m_0534,600,osm,cambridge_haggle,dense_urban_irregular,,1064,1046,1112944.0,1013.69,995.25,1008880.36,0.906496968182782,1778,1992,60202.74,0.0017898474676174,15.8428,9.3094,2.2407,6,0.0906,0.2666,1,1.0,474,0.237952,429,0.241282,2343.26,614.92,1.458,5.0355,0.3092,1.7947,0.6358,0.0,0.9121,0.4864,yes,yes,partial,yes,no,PASS,,224287131,PASS,Cambridge UK (Haggle),batch_0600/wkt/map_0534,batch_0600/wkt/map_0534/roads.wkt,batch_0600/wkt/map_0534/metadata.json,previews/OSM_cambridge_haggle_offset_n_1000m_1000m_0534.png,OK
OSM_cambridge_haggle_offset_n_1000m_1000m_1006,1200,osm,cambridge_haggle,dense_urban_irregular,,1064,1046,1112944.0,1013.69,995.25,1008880.36,0.906496968182782,1778,1992,60202.74,0.0017898474676174,15.8428,9.3094,2.2407,6,0.0906,0.2666,1,1.0,474,0.237952,429,0.241282,2343.26,748.81,1.5646,5.0355,0.3092,1.7947,0.6358,0.0,0.9121,0.4864,yes,yes,partial,yes,no,PASS,,896699398,PASS,Cambridge UK (Haggle),batch_1200/wkt/map_1006,batch_1200/wkt/map_1006/roads.wkt,batch_1200/wkt/map_1006/metadata.json,previews/OSM_cambridge_haggle_offset_n_1000m_1000m_1006.png,OK
OSM_cambridge_haggle_offset_n_1000m_1500m_0422,600,osm,cambridge_haggle,dense_urban_irregular,,1060,1028,1089680.0,1009.82,977.56,987156.51,0.905914133608704,1223,1400,47692.55,0.0012847808530944,17.9836,9.7354,2.2895,5,0.0695,0.2845,1,1.0,203,0.145,190,0.155356,3302.17,752.27,1.6833,4.7843,0.4272,2.1728,0.6302,0.0,0.9007,0.4668,yes,yes,partial,yes,no,PASS,,3201270264,PASS,Cambridge UK (Haggle),batch_0600/wkt/map_0422,batch_0600/wkt/map_0422/roads.wkt,batch_0600/wkt/map_0422/metadata.json,previews/OSM_cambridge_haggle_offset_n_1000m_1500m_0422.png,OK
OSM_cambridge_haggle_offset_n_1000m_1500m_0891,1000,osm,cambridge_haggle,dense_urban_irregular,,1060,1028,1089680.0,1009.82,977.56,987156.51,0.905914133608704,1223,1400,47692.55,0.0012847808530944,17.9836,9.7354,2.2895,5,0.0695,0.2845,1,1.0,203,0.145,190,0.155356,3302.17,709.94,1.5032,4.7843,0.4272,2.1728,0.6302,0.0,0.9007,0.4668,yes,yes,partial,yes,no,PASS,,1029343264,PASS,Cambridge UK (Haggle),batch_1000/wkt/map_0891,batch_1000/wkt/map_0891/roads.wkt,batch_1000/wkt/map_0891/metadata.json,previews/OSM_cambridge_haggle_offset_n_1000m_1500m_0891.png,OK
OSM_cambridge_haggle_offset_n_1000m_200m_0307,400,osm,cambridge_haggle,dense_urban_irregular,,1069,1037,1108553.0,1018.77,986.04,1004546.1,0.906177784532538,2406,2621,59278.52,0.0023643434278739,11.8628,7.0224,2.1787,6,0.1255,0.2672,1,1.0,828,0.31591,754,0.313383,3719.99,723.05,1.6777,5.1017,0.4321,1.4914,0.6139,0.0,0.9336,0.5164,yes,yes,partial,yes,no,PASS,,3821839887,PASS,Cambridge UK (Haggle),batch_0400/wkt/map_0307,batch_0400/wkt/map_0307/roads.wkt,batch_0400/wkt/map_0307/metadata.json,previews/OSM_cambridge_haggle_offset_n_1000m_200m_0307.png,OK
OSM_cambridge_haggle_offset_n_1000m_200m_0772,800,osm,cambridge_haggle,dense_urban_irregular,,1069,1037,1108553.0,1018.77,986.04,1004546.1,0.906177784532538,2406,2621,59278.52,0.0023643434278739,11.8628,7.0224,2.1787,6,0.1255,0.2672,1,1.0,828,0.31591,754,0.313383,3719.99,743.82,1.7223,5.1017,0.4321,1.4914,0.6139,0.0,0.9336,0.5164,yes,yes,partial,yes,no,PASS,,3080429029,PASS,Cambridge UK (Haggle),batch_0800/wkt/map_0772,batch_0800/wkt/map_0772/roads.wkt,batch_0800/wkt/map_0772/metadata.json,previews/OSM_cambridge_haggle_offset_n_1000m_200m_0772.png,OK
OSM_cambridge_haggle_offset_n_1000m_500m_0191,200,osm,cambridge_haggle,dense_urban_irregular,,1064,1060,1127840.0,1013.94,1009.35,1023419.7,0.9074156780483532,2210,2422,62323.3,0.0021474677259185,13.3626,8.0331,2.1919,6,0.1131,0.2629,1,1.0,666,0.274979,601,0.271946,2933.36,773.37,1.8337,5.0725,0.4001,1.5557,0.6241,0.0,0.9298,0.5076,yes,yes,partial,yes,no,PASS,,3390416267,PASS,Cambridge UK (Haggle),batch_0200/wkt/map_0191,batch_0200/wkt/map_0191/roads.wkt,batch_0200/wkt/map_0191/metadata.json,previews/OSM_cambridge_haggle_offset_n_1000m_500m_0191.png,OK
OSM_cambridge_haggle_offset_n_1000m_500m_0657,800,osm,cambridge_haggle,dense_urban_irregular,,1064,1060,1127840.0,1013.94,1009.35,1023419.7,0.9074156780483532,2210,2422,62323.3,0.0021474677259185,13.3626,8.0331,2.1919,6,0.1131,0.2629,1,1.0,666,0.274979,601,0.271946,2933.36,697.28,1.4895,5.0725,0.4001,1.5557,0.6241,0.0,0.9298,0.5076,yes,yes,partial,yes,no,PASS,,757891634,PASS,Cambridge UK (Haggle),batch_0800/wkt/map_0657,batch_0800/wkt/map_0657/roads.wkt,batch_0800/wkt/map_0657/metadata.json,previews/OSM_cambridge_haggle_offset_n_1000m_500m_0657.png,OK
OSM_cambridge_haggle_offset_n_1000m_500m_1125,1200,osm,cambridge_haggle,dense_urban_irregular,,1064,1060,1127840.0,1013.94,1009.35,1023419.7,0.9074156780483532,2210,2422,62323.3,0.0021474677259185,13.3626,8.0331,2.1919,6,0.1131,0.2629,1,1.0,666,0.274979,601,0.271946,2933.36,720.77,1.6592,5.0725,0.4001,1.5557,0.6241,0.0,0.9298,0.5076,yes,yes,partial,yes,no,PASS,,3519082459,PASS,Cambridge UK (Haggle),batch_1200/wkt/map_1125,batch_1200/wkt/map_1125/roads.wkt,batch_1200/wkt/map_1125/metadata.json,previews/OSM_cambridge_haggle_offset_n_1000m_500m_1125.png,OK
OSM_cambridge_haggle_offset_n_1500m_1000m_0382,400,osm,cambridge_haggle,dense_urban_irregular,,1578,1592,2512176.0,1527.46,1541.84,2355100.25,0.9374742261019062,3942,4448,136026.99,0.0017705765838062,16.0655,9.1871,2.2567,6,0.0916,0.2854,1,1.0,923,0.207509,847,0.214866,3202.8,1014.3,1.3627,5.0796,0.3899,1.4507,0.6078,0.0,0.9299,0.4836,yes,yes,partial,yes,no,PASS,,3920874576,PASS,Cambridge UK (Haggle),batch_0400/wkt/map_0382,batch_0400/wkt/map_0382/roads.wkt,batch_0400/wkt/map_0382/metadata.json,previews/OSM_cambridge_haggle_offset_n_1500m_1000m_0382.png,OK
OSM_cambridge_haggle_offset_n_1500m_1000m_0869,1000,osm,cambridge_haggle,dense_urban_irregular,,1578,1592,2512176.0,1527.46,1541.84,2355100.25,0.9374742261019062,3942,4448,136026.99,0.0017705765838062,16.0655,9.1871,2.2567,6,0.0916,0.2854,1,1.0,923,0.207509,847,0.214866,3202.8,993.05,1.4522,5.0796,0.3899,1.4507,0.6078,0.0,0.9299,0.4836,yes,yes,partial,yes,no,PASS,,1118365499,PASS,Cambridge UK (Haggle),batch_1000/wkt/map_0869,batch_1000/wkt/map_0869/roads.wkt,batch_1000/wkt/map_0869/metadata.json,previews/OSM_cambridge_haggle_offset_n_1500m_1000m_0869.png,OK
OSM_cambridge_haggle_offset_n_1500m_1500m_0278,400,osm,cambridge_haggle,dense_urban_irregular,,1571,1577,2477467.0,1520.92,1526.5,2321686.83,0.9371211924970808,4023,4594,141578.54,0.0018543132966049,16.1031,8.7538,2.2839,5,0.1059,0.3097,1,1.0,942,0.20505,819,0.203579,3635.92,1187.58,1.3957,5.0351,0.4186,1.6062,0.6331,0.0,0.9277,0.4841,yes,yes,partial,yes,no,PASS,,1487378876,PASS,Cambridge UK (Haggle),batch_0400/wkt/map_0278,batch_0400/wkt/map_0278/roads.wkt,batch_0400/wkt/map_0278/metadata.json,previews/OSM_cambridge_haggle_offset_n_1500m_1500m_0278.png,OK
OSM_cambridge_haggle_offset_n_1500m_1500m_0739,800,osm,cambridge_haggle,dense_urban_irregular,,1571,1577,2477467.0,1520.92,1526.5,2321686.83,0.9371211924970808,4023,4594,141578.54,0.0018543132966049,16.1031,8.7538,2.2839,5,0.1059,0.3097,1,1.0,942,0.20505,819,0.203579,3635.92,1085.3,1.4084,5.0351,0.4186,1.6062,0.6331,0.0,0.9277,0.4841,yes,yes,partial,yes,no,PASS,,131920535,PASS,Cambridge UK (Haggle),batch_0800/wkt/map_0739,batch_0800/wkt/map_0739/roads.wkt,batch_0800/wkt/map_0739/metadata.json,previews/OSM_cambridge_haggle_offset_n_1500m_1500m_0739.png,OK
OSM_cambridge_haggle_offset_n_1500m_200m_0160,200,osm,cambridge_haggle,dense_urban_irregular,,1592,1560,2483520.0,1541.26,1509.48,2326503.7,0.9367767103851125,4966,5483,145183.16,0.0022077535111454,13.7706,7.65,2.2082,6,0.1178,0.2793,1,1.0,1526,0.278315,1376,0.277084,4011.68,1009.98,1.3904,5.1304,0.3479,1.4967,0.5869,0.0,0.944,0.5061,yes,yes,partial,yes,no,PASS,,3176792615,PASS,Cambridge UK (Haggle),batch_0200/wkt/map_0160,batch_0200/wkt/map_0160/roads.wkt,batch_0200/wkt/map_0160/metadata.json,previews/OSM_cambridge_haggle_offset_n_1500m_200m_0160.png,OK
OSM_cambridge_haggle_offset_n_1500m_200m_0628,800,osm,cambridge_haggle,dense_urban_irregular,,1592,1560,2483520.0,1541.26,1509.48,2326503.7,0.9367767103851125,4966,5483,145183.16,0.0022077535111454,13.7706,7.65,2.2082,6,0.1178,0.2793,1,1.0,1526,0.278315,1376,0.277084,4011.68,1023.3,1.41,5.1304,0.3479,1.4967,0.5869,0.0,0.944,0.5061,yes,yes,partial,yes,no,PASS,,1523643778,PASS,Cambridge UK (Haggle),batch_0800/wkt/map_0628,batch_0800/wkt/map_0628/roads.wkt,batch_0800/wkt/map_0628/metadata.json,previews/OSM_cambridge_haggle_offset_n_1500m_200m_0628.png,OK
OSM_cambridge_haggle_offset_n_1500m_200m_1094,1200,osm,cambridge_haggle,dense_urban_irregular,,1592,1560,2483520.0,1541.26,1509.48,2326503.7,0.9367767103851125,4966,5483,145183.16,0.0022077535111454,13.7706,7.65,2.2082,6,0.1178,0.2793,1,1.0,1526,0.278315,1376,0.277084,4011.68,1071.2,1.388,5.1304,0.3479,1.4967,0.5869,0.0,0.944,0.5061,yes,yes,partial,yes,no,PASS,,1111556256,PASS,Cambridge UK (Haggle),batch_1200/wkt/map_1094,batch_1200/wkt/map_1094/roads.wkt,batch_1200/wkt/map_1094/metadata.json,previews/OSM_cambridge_haggle_offset_n_1500m_200m_1094.png,OK
OSM_cambridge_haggle_offset_n_1500m_500m_0053,100,osm,cambridge_haggle,dense_urban_irregular,,1578,1638,2584764.0,1527.39,1587.69,2425024.0,0.9381993886719092,4711,5271,146824.16,0.0020392577426797,14.6604,8.2755,2.2377,6,0.1017,0.2821,1,1.0,1281,0.243028,1171,0.248567,3398.55,1068.22,1.3744,5.1404,0.3924,1.3809,0.6171,0.0,0.9382,0.4922,yes,yes,partial,yes,no,PASS,,442369337,PASS,Cambridge UK (Haggle),batch_0100/wkt/map_0053,batch_0100/wkt/map_0053/roads.wkt,batch_0100/wkt/map_0053/metadata.json,previews/OSM_cambridge_haggle_offset_n_1500m_500m_0053.png,OK
OSM_cambridge_haggle_offset_n_1500m_500m_0504,600,osm,cambridge_haggle,dense_urban_irregular,,1578,1638,2584764.0,1527.39,1587.69,2425024.0,0.9381993886719092,4711,5271,146824.16,0.0020392577426797,14.6604,8.2755,2.2377,6,0.1017,0.2821,1,1.0,1281,0.243028,1171,0.248567,3398.55,1100.44,1.4032,5.1404,0.3924,1.3809,0.6171,0.0,0.9382,0.4922,yes,yes,partial,yes,no,PASS,,3011238674,PASS,Cambridge UK (Haggle),batch_0600/wkt/map_0504,batch_0600/wkt/map_0504/roads.wkt,batch_0600/wkt/map_0504/metadata.json,previews/OSM_cambridge_haggle_offset_n_1500m_500m_0504.png,OK
OSM_cambridge_haggle_offset_n_1500m_500m_0980,1000,osm,cambridge_haggle,dense_urban_irregular,,1578,1638,2584764.0,1527.39,1587.69,2425024.0,0.9381993886719092,4711,5271,146824.16,0.0020392577426797,14.6604,8.2755,2.2377,6,0.1017,0.2821,1,1.0,1281,0.243028,1171,0.248567,3398.55,948.74,1.4236,5.1404,0.3924,1.3809,0.6171,0.0,0.9382,0.4922,yes,yes,partial,yes,no,PASS,,1174772648,PASS,Cambridge UK (Haggle),batch_1000/wkt/map_0980,batch_1000/wkt/map_0980/roads.wkt,batch_1000/wkt/map_0980/metadata.json,previews/OSM_cambridge_haggle_offset_n_1500m_500m_0980.png,OK
OSM_cambridge_haggle_offset_n_2500m_1000m_0246,400,osm,cambridge_haggle,dense_urban_irregular,,2623,2587,6785701.0,2572.01,2536.77,6524596.65,0.9615213884407572,11716,13143,384481.96,0.0019368669500763,15.3034,8.5787,2.2436,7,0.1077,0.2896,1,1.0,3125,0.237769,2802,0.23916,7378.11,1661.65,1.3863,5.1223,0.3973,1.3054,0.6275,0.0,0.9526,0.4937,yes,yes,partial,yes,no,PASS,,755823708,PASS,Cambridge UK (Haggle),batch_0400/wkt/map_0246,batch_0400/wkt/map_0246/roads.wkt,batch_0400/wkt/map_0246/metadata.json,previews/OSM_cambridge_haggle_offset_n_2500m_1000m_0246.png,OK
OSM_cambridge_haggle_offset_n_2500m_1000m_0712,800,osm,cambridge_haggle,dense_urban_irregular,,2623,2587,6785701.0,2572.01,2536.77,6524596.65,0.9615213884407572,11716,13143,384481.96,0.0019368669500763,15.3034,8.5787,2.2436,7,0.1077,0.2896,1,1.0,3125,0.237769,2802,0.23916,7378.11,1748.26,1.301,5.1223,0.3973,1.3054,0.6275,0.0,0.9526,0.4937,yes,yes,partial,yes,no,PASS,,3366616711,PASS,Cambridge UK (Haggle),batch_0800/wkt/map_0712,batch_0800/wkt/map_0712/roads.wkt,batch_0800/wkt/map_0712/metadata.json,previews/OSM_cambridge_haggle_offset_n_2500m_1000m_0712.png,OK
OSM_cambridge_haggle_offset_n_2500m_1000m_1192,1200,osm,cambridge_haggle,dense_urban_irregular,,2623,2587,6785701.0,2572.01,2536.77,6524596.65,0.9615213884407572,11716,13143,384481.96,0.0019368669500763,15.3034,8.5787,2.2436,7,0.1077,0.2896,1,1.0,3125,0.237769,2802,0.23916,7378.11,1717.19,1.3767,5.1223,0.3973,1.3054,0.6275,0.0,0.9526,0.4937,yes,yes,partial,yes,no,PASS,,3909165947,PASS,Cambridge UK (Haggle),batch_1200/wkt/map_1192,batch_1200/wkt/map_1192/roads.wkt,batch_1200/wkt/map_1192/metadata.json,previews/OSM_cambridge_haggle_offset_n_2500m_1000m_1192.png,OK
OSM_cambridge_haggle_offset_n_2500m_1500m_0136,200,osm,cambridge_haggle,dense_urban_irregular,,2607,2605,6791235.0,2556.65,2554.01,6529729.3,0.9614936457867412,11683,13223,405643.14,0.0019470685376076,15.8368,9.0602,2.2636,6,0.1026,0.3018,1,1.0,2720,0.205702,2434,0.208337,5871.62,1623.28,1.4261,5.0875,0.3511,1.2678,0.6567,0.0,0.9534,0.4871,yes,yes,partial,yes,no,PASS,,3024326242,PASS,Cambridge UK (Haggle),batch_0200/wkt/map_0136,batch_0200/wkt/map_0136/roads.wkt,batch_0200/wkt/map_0136/metadata.json,previews/OSM_cambridge_haggle_offset_n_2500m_1500m_0136.png,OK
OSM_cambridge_haggle_offset_n_2500m_1500m_0595,600,osm,cambridge_haggle,dense_urban_irregular,,2607,2605,6791235.0,2556.65,2554.01,6529729.3,0.9614936457867412,11683,13223,405643.14,0.0019470685376076,15.8368,9.0602,2.2636,6,0.1026,0.3018,1,1.0,2720,0.205702,2434,0.208337,5871.62,1613.38,1.3322,5.0875,0.3511,1.2678,0.6567,0.0,0.9534,0.4871,yes,yes,partial,yes,no,PASS,,3735228947,PASS,Cambridge UK (Haggle),batch_0600/wkt/map_0595,batch_0600/wkt/map_0595/roads.wkt,batch_0600/wkt/map_0595/metadata.json,previews/OSM_cambridge_haggle_offset_n_2500m_1500m_0595.png,OK
OSM_cambridge_haggle_offset_n_2500m_1500m_1069,1200,osm,cambridge_haggle,dense_urban_irregular,,2607,2605,6791235.0,2556.65,2554.01,6529729.3,0.9614936457867412,11683,13223,405643.14,0.0019470685376076,15.8368,9.0602,2.2636,6,0.1026,0.3018,1,1.0,2720,0.205702,2434,0.208337,5871.62,1590.86,1.4121,5.0875,0.3511,1.2678,0.6567,0.0,0.9534,0.4871,yes,yes,partial,yes,no,PASS,,2165062558,PASS,Cambridge UK (Haggle),batch_1200/wkt/map_1069,batch_1200/wkt/map_1069/roads.wkt,batch_1200/wkt/map_1069/metadata.json,previews/OSM_cambridge_haggle_offset_n_2500m_1500m_1069.png,OK
OSM_cambridge_haggle_offset_n_2500m_200m_0026,100,osm,cambridge_haggle,dense_urban_irregular,,2599,2586,6721014.0,2548.53,2535.15,6460906.64,0.9612993868331492,11829,13203,380884.86,0.0019644357235381,15.1289,8.5997,2.2323,7,0.1074,0.285,1,1.0,3214,0.24343,2921,0.246935,5925.66,1649.89,1.2879,5.1426,0.4073,1.2573,0.5895,0.0,0.9547,0.496,yes,yes,partial,yes,no,PASS,,1267040872,PASS,Cambridge UK (Haggle),batch_0100/wkt/map_0026,batch_0100/wkt/map_0026/roads.wkt,batch_0100/wkt/map_0026/metadata.json,previews/OSM_cambridge_haggle_offset_n_2500m_200m_0026.png,OK
OSM_cambridge_haggle_offset_n_2500m_200m_0482,600,osm,cambridge_haggle,dense_urban_irregular,,2599,2586,6721014.0,2548.53,2535.15,6460906.64,0.9612993868331492,11829,13203,380884.86,0.0019644357235381,15.1289,8.5997,2.2323,7,0.1074,0.285,1,1.0,3214,0.24343,2921,0.246935,5925.66,1523.57,1.2633,5.1426,0.4073,1.2573,0.5895,0.0,0.9547,0.496,yes,yes,partial,yes,no,PASS,,2139044549,PASS,Cambridge UK (Haggle),batch_0600/wkt/map_0482,batch_0600/wkt/map_0482/roads.wkt,batch_0600/wkt/map_0482/metadata.json,previews/OSM_cambridge_haggle_offset_n_2500m_200m_0482.png,OK
OSM_cambridge_haggle_offset_n_2500m_200m_0950,1000,osm,cambridge_haggle,dense_urban_irregular,,2599,2586,6721014.0,2548.53,2535.15,6460906.64,0.9612993868331492,11829,13203,380884.86,0.0019644357235381,15.1289,8.5997,2.2323,7,0.1074,0.285,1,1.0,3214,0.24343,2921,0.246935,5925.66,1522.5,1.5228,5.1426,0.4073,1.2573,0.5895,0.0,0.9547,0.496,yes,yes,partial,yes,no,PASS,,2549923773,PASS,Cambridge UK (Haggle),batch_1000/wkt/map_0950,batch_1000/wkt/map_0950/roads.wkt,batch_1000/wkt/map_0950/metadata.json,previews/OSM_cambridge_haggle_offset_n_2500m_200m_0950.png,OK
OSM_cambridge_haggle_offset_n_2500m_500m_0355,400,osm,cambridge_haggle,dense_urban_irregular,,2632,2608,6864256.0,2581.81,2557.37,6602637.62,0.9618868563377972,11977,13343,380063.35,0.0019438377589647,14.9372,8.454,2.2281,7,0.1078,0.2815,1,1.0,3382,0.253466,3063,0.25574,6151.25,1505.59,1.2915,5.1494,0.3881,1.1555,0.6055,0.0,0.9551,0.4971,yes,yes,partial,yes,no,PASS,,948674068,PASS,Cambridge UK (Haggle),batch_0400/wkt/map_0355,batch_0400/wkt/map_0355/roads.wkt,batch_0400/wkt/map_0355/metadata.json,previews/OSM_cambridge_haggle_offset_n_2500m_500m_0355.png,OK
OSM_cambridge_haggle_offset_n_2500m_500m_0830,1000,osm,cambridge_haggle,dense_urban_irregular,,2632,2608,6864256.0,2581.81,2557.37,6602637.62,0.9618868563377972,11977,13343,380063.35,0.0019438377589647,14.9372,8.454,2.2281,7,0.1078,0.2815,1,1.0,3382,0.253466,3063,0.25574,6151.25,1667.41,1.3538,5.1494,0.3881,1.1555,0.6055,0.0,0.9551,0.4971,yes,yes,partial,yes,no,PASS,,1620603466,PASS,Cambridge UK (Haggle),batch_1000/wkt/map_0830,batch_1000/wkt/map_0830/roads.wkt,batch_1000/wkt/map_0830/metadata.json,previews/OSM_cambridge_haggle_offset_n_2500m_500m_0830.png,OK
OSM_cambridge_haggle_offset_n_500m_1000m_0221,400,osm,cambridge_haggle,dense_urban_irregular,,542,622,337124.0,491.45,571.53,280875.71,0.8331525147332732,426,484,14802.69,0.0014356735207223,16.0376,9.8444,2.2723,4,0.0915,0.284,1,1.0,116,0.239669,107,0.251174,1114.8,341.51,1.9315,4.7014,0.3662,1.1448,0.6098,0.0,0.8678,0.4792,yes,yes,partial,yes,no,PASS,,3290513776,PASS,Cambridge UK (Haggle),batch_0400/wkt/map_0221,batch_0400/wkt/map_0221/roads.wkt,batch_0400/wkt/map_0221/metadata.json,previews/OSM_cambridge_haggle_offset_n_500m_1000m_0221.png,OK
OSM_cambridge_haggle_offset_n_500m_1000m_0685,800,osm,cambridge_haggle,dense_urban_irregular,,542,622,337124.0,491.45,571.53,280875.71,0.8331525147332732,426,484,14802.69,0.0014356735207223,16.0376,9.8444,2.2723,4,0.0915,0.284,1,1.0,116,0.239669,107,0.251174,1114.8,314.95,1.5645,4.7014,0.3662,1.1448,0.6098,0.0,0.8678,0.4792,yes,yes,partial,yes,no,PASS,,912055984,PASS,Cambridge UK (Haggle),batch_0800/wkt/map_0685,batch_0800/wkt/map_0685/roads.wkt,batch_0800/wkt/map_0685/metadata.json,previews/OSM_cambridge_haggle_offset_n_500m_1000m_0685.png,OK
OSM_cambridge_haggle_offset_n_500m_1000m_1158,1200,osm,cambridge_haggle,dense_urban_irregular,,542,622,337124.0,491.45,571.53,280875.71,0.8331525147332732,426,484,14802.69,0.0014356735207223,16.0376,9.8444,2.2723,4,0.0915,0.284,1,1.0,116,0.239669,107,0.251174,1114.8,367.51,1.5417,4.7014,0.3662,1.1448,0.6098,0.0,0.8678,0.4792,yes,yes,partial,yes,no,PASS,,1040776902,PASS,Cambridge UK (Haggle),batch_1200/wkt/map_1158,batch_1200/wkt/map_1158/roads.wkt,batch_1200/wkt/map_1158/metadata.json,previews/OSM_cambridge_haggle_offset_n_500m_1000m_1158.png,OK
OSM_cambridge_haggle_offset_n_500m_1500m_0112,200,osm,cambridge_haggle,dense_urban_irregular,,368,521,191728.0,317.36,470.52,149323.51,0.7788299502065724,164,181,5411.97,0.0009440457314528,15.245,6.1585,2.2073,4,0.061,0.2073,1,1.0,26,0.143646,25,0.152439,826.89,196.54,1.4268,4.7044,0.4197,1.5808,0.4117,0.0,0.7845,0.4777,yes,yes,partial,yes,no,PASS,,905864574,PASS,Cambridge UK (Haggle),batch_0200/wkt/map_0112,batch_0200/wkt/map_0112/roads.wkt,batch_0200/wkt/map_0112/metadata.json,previews/OSM_cambridge_haggle_offset_n_500m_1500m_0112.png,OK
OSM_cambridge_haggle_offset_n_500m_1500m_0565,600,osm,cambridge_haggle,dense_urban_irregular,,368,521,191728.0,317.36,470.52,149323.51,0.7788299502065724,164,181,5411.97,0.0009440457314528,15.245,6.1585,2.2073,4,0.061,0.2073,1,1.0,26,0.143646,25,0.152439,826.89,216.66,1.4527,4.7044,0.4197,1.5808,0.4117,0.0,0.7845,0.4777,yes,yes,partial,yes,no,PASS,,2705393243,PASS,Cambridge UK (Haggle),batch_0600/wkt/map_0565,batch_0600/wkt/map_0565/roads.wkt,batch_0600/wkt/map_0565/metadata.json,previews/OSM_cambridge_haggle_offset_n_500m_1500m_0565.png,OK
OSM_cambridge_haggle_offset_n_500m_1500m_1034,1200,osm,cambridge_haggle,dense_urban_irregular,,368,521,191728.0,317.36,470.52,149323.51,0.7788299502065724,164,181,5411.97,0.0009440457314528,15.245,6.1585,2.2073,4,0.061,0.2073,1,1.0,26,0.143646,25,0.152439,826.89,231.49,1.3414,4.7044,0.4197,1.5808,0.4117,0.0,0.7845,0.4777,yes,yes,partial,yes,no,PASS,,2056862264,PASS,Cambridge UK (Haggle),batch_1200/wkt/map_1034,batch_1200/wkt/map_1034/roads.wkt,batch_1200/wkt/map_1034/metadata.json,previews/OSM_cambridge_haggle_offset_n_500m_1500m_1034.png,OK
OSM_cambridge_haggle_offset_n_500m_200m_0000,100,osm,cambridge_haggle,dense_urban_irregular,,547,557,304679.0,496.83,506.19,251493.06,0.8254361323861593,676,732,14368.85,0.0024025285628481,10.6673,6.2818,2.1657,4,0.1435,0.2855,1,1.0,212,0.289617,192,0.284024,1361.85,339.81,1.5826,4.9398,0.5264,1.4044,0.7056,0.0,0.8989,0.5272,yes,yes,partial,yes,no,PASS,,1182073421,PASS,Cambridge UK (Haggle),batch_0100/wkt/map_0000,batch_0100/wkt/map_0000/roads.wkt,batch_0100/wkt/map_0000/metadata.json,previews/OSM_cambridge_haggle_offset_n_500m_200m_0000.png,OK
OSM_cambridge_haggle_offset_n_500m_200m_0448,600,osm,cambridge_haggle,dense_urban_irregular,,547,557,304679.0,496.83,506.19,251493.06,0.8254361323861593,676,732,14368.85,0.0024025285628481,10.6673,6.2818,2.1657,4,0.1435,0.2855,1,1.0,212,0.289617,192,0.284024,1361.85,378.51,1.5446,4.9398,0.5264,1.4044,0.7056,0.0,0.8989,0.5272,yes,yes,partial,yes,no,PASS,,1005792762,PASS,Cambridge UK (Haggle),batch_0600/wkt/map_0448,batch_0600/wkt/map_0448/roads.wkt,batch_0600/wkt/map_0448/metadata.json,previews/OSM_cambridge_haggle_offset_n_500m_200m_0448.png,OK
OSM_cambridge_haggle_offset_n_500m_200m_0916,1000,osm,cambridge_haggle,dense_urban_irregular,,547,557,304679.0,496.83,506.19,251493.06,0.8254361323861593,676,732,14368.85,0.0024025285628481,10.6673,6.2818,2.1657,4,0.1435,0.2855,1,1.0,212,0.289617,192,0.284024,1361.85,392.77,1.6384,4.9398,0.5264,1.4044,0.7056,0.0,0.8989,0.5272,yes,yes,partial,yes,no,PASS,,2200094879,PASS,Cambridge UK (Haggle),batch_1000/wkt/map_0916,batch_1000/wkt/map_0916/roads.wkt,batch_1000/wkt/map_0916/metadata.json,previews/OSM_cambridge_haggle_offset_n_500m_200m_0916.png,OK
OSM_cambridge_haggle_offset_n_500m_500m_0328,400,osm,cambridge_haggle,dense_urban_irregular,,565,541,305665.0,514.31,490.72,252385.26,0.8256923688781803,496,532,12472.85,0.0017404675052753,12.2523,8.1581,2.1452,4,0.1149,0.2379,1,1.0,143,0.268797,137,0.27621,1405.41,325.14,1.5395,4.9348,0.3585,3.1183,0.5463,0.0,0.8947,0.5187,yes,yes,partial,yes,no,PASS,,2412071963,PASS,Cambridge UK (Haggle),batch_0400/wkt/map_0328,batch_0400/wkt/map_0328/roads.wkt,batch_0400/wkt/map_0328/metadata.json,previews/OSM_cambridge_haggle_offset_n_500m_500m_0328.png,OK
OSM_cambridge_haggle_offset_n_500m_500m_0799,800,osm,cambridge_haggle,dense_urban_irregular,,565,541,305665.0,514.31,490.72,252385.26,0.8256923688781803,496,532,12472.85,0.0017404675052753,12.2523,8.1581,2.1452,4,0.1149,0.2379,1,1.0,143,0.268797,137,0.27621,1405.41,383.57,1.5072,4.9348,0.3585,3.1183,0.5463,0.0,0.8947,0.5187,yes,yes,partial,yes,no,PASS,,3679596270,PASS,Cambridge UK (Haggle),batch_0800/wkt/map_0799,batch_0800/wkt/map_0799/roads.wkt,batch_0800/wkt/map_0799/metadata.json,previews/OSM_cambridge_haggle_offset_n_500m_500m_0799.png,OK
OSM_dieselnet_amherst_offset_e_1000m_1000m_0483,600,osm,dieselnet_amherst,bus_route_urban_suburban,,972,1019,990468.0,921.68,968.77,892894.52,0.901487501308348,335,351,17123.0,0.0003543779304328,24.602,13.7736,2.0955,4,0.009,0.0925,1,1.0,21,0.059829,24,0.071642,2141.89,826.7,1.4881,4.5405,0.602,1.2831,0.6324,0.0,0.8775,0.48,yes,yes,no,no,yes,PASS,,3794748528,PASS,DieselNet / PVTA Amherst,batch_0600/wkt/map_0483,batch_0600/wkt/map_0483/roads.wkt,batch_0600/wkt/map_0483/metadata.json,previews/OSM_dieselnet_amherst_offset_e_1000m_1000m_0483.png,OK
OSM_dieselnet_amherst_offset_e_1000m_1000m_1070,1200,osm,dieselnet_amherst,bus_route_urban_suburban,,972,1019,990468.0,921.68,968.77,892894.52,0.901487501308348,335,351,17123.0,0.0003543779304328,24.602,13.7736,2.0955,4,0.009,0.0925,1,1.0,21,0.059829,24,0.071642,2141.89,706.15,1.4904,4.5405,0.602,1.2831,0.6324,0.0,0.8775,0.48,yes,yes,no,no,yes,PASS,,1021261765,PASS,DieselNet / PVTA Amherst,batch_1200/wkt/map_1070,batch_1200/wkt/map_1070/roads.wkt,batch_1200/wkt/map_1070/metadata.json,previews/OSM_dieselnet_amherst_offset_e_1000m_1000m_1070.png,OK
OSM_dieselnet_amherst_offset_e_1000m_1500m_0330,400,osm,dieselnet_amherst,bus_route_urban_suburban,,978,852,833256.0,927.38,801.13,742946.35,0.8916183677844923,190,195,9973.47,0.0002340217172153,25.573,13.3747,2.0526,4,0.0263,0.0737,1,1.0,50,0.25641,49,0.257895,2413.54,694.7,1.5802,3.7788,0.7897,3.0115,0.5736,0.0,0.8667,0.4974,yes,yes,no,no,yes,PASS,,3875265958,PASS,DieselNet / PVTA Amherst,batch_0400/wkt/map_0330,batch_0400/wkt/map_0330/roads.wkt,batch_0400/wkt/map_0330/metadata.json,previews/OSM_dieselnet_amherst_offset_e_1000m_1500m_0330.png,OK
OSM_dieselnet_amherst_offset_e_1000m_1500m_0919,1000,osm,dieselnet_amherst,bus_route_urban_suburban,,978,852,833256.0,927.38,801.13,742946.35,0.8916183677844923,190,195,9973.47,0.0002340217172153,25.573,13.3747,2.0526,4,0.0263,0.0737,1,1.0,50,0.25641,49,0.257895,2413.54,703.73,1.7294,3.7788,0.7897,3.0115,0.5736,0.0,0.8667,0.4974,yes,yes,no,no,yes,PASS,,1452578403,PASS,DieselNet / PVTA Amherst,batch_1000/wkt/map_0919,batch_1000/wkt/map_0919/roads.wkt,batch_1000/wkt/map_0919/metadata.json,previews/OSM_dieselnet_amherst_offset_e_1000m_1500m_0919.png,OK
OSM_dieselnet_amherst_offset_e_1000m_200m_0192,200,osm,dieselnet_amherst,bus_route_urban_suburban,,1028,1051,1080428.0,977.95,1000.68,978611.82,0.9057631037195052,459,481,17389.93,0.0004451939416601,20.7517,11.2765,2.0959,4,0.0174,0.1068,1,1.0,40,0.08316,40,0.087146,3041.51,658.38,1.5854,4.6346,0.543,1.769,0.5442,0.0,0.8919,0.4844,yes,yes,no,no,yes,PASS,,3283233800,PASS,DieselNet / PVTA Amherst,batch_0200/wkt/map_0192,batch_0200/wkt/map_0192/roads.wkt,batch_0200/wkt/map_0192/metadata.json,previews/OSM_dieselnet_amherst_offset_e_1000m_200m_0192.png,OK
OSM_dieselnet_amherst_offset_e_1000m_200m_0774,800,osm,dieselnet_amherst,bus_route_urban_suburban,,1028,1051,1080428.0,977.95,1000.68,978611.82,0.9057631037195052,459,481,17389.93,0.0004451939416601,20.7517,11.2765,2.0959,4,0.0174,0.1068,1,1.0,40,0.08316,40,0.087146,3041.51,623.53,1.4145,4.6346,0.543,1.769,0.5442,0.0,0.8919,0.4844,yes,yes,no,no,yes,PASS,,1570527080,PASS,DieselNet / PVTA Amherst,batch_0800/wkt/map_0774,batch_0800/wkt/map_0774/roads.wkt,batch_0800/wkt/map_0774/metadata.json,previews/OSM_dieselnet_amherst_offset_e_1000m_200m_0774.png,OK
OSM_dieselnet_amherst_offset_e_1000m_500m_0054,100,osm,dieselnet_amherst,bus_route_urban_suburban,,1048,1051,1101448.0,997.89,1000.68,998566.33,0.9065941642613587,492,515,18266.29,0.0004675663308662,20.1615,11.5661,2.0935,4,0.0183,0.1037,1,1.0,78,0.151456,79,0.160569,3151.73,597.03,1.4654,4.7647,0.5199,2.2889,0.5446,0.0,0.901,0.4854,yes,yes,no,no,yes,PASS,,1674606801,PASS,DieselNet / PVTA Amherst,batch_0100/wkt/map_0054,batch_0100/wkt/map_0054/roads.wkt,batch_0100/wkt/map_0054/metadata.json,previews/OSM_dieselnet_amherst_offset_e_1000m_500m_0054.png,OK
OSM_dieselnet_amherst_offset_e_1000m_500m_0632,800,osm,dieselnet_amherst,bus_route_urban_suburban,,1048,1051,1101448.0,997.89,1000.68,998566.33,0.9065941642613587,492,515,18266.29,0.0004675663308662,20.1615,11.5661,2.0935,4,0.0183,0.1037,1,1.0,78,0.151456,79,0.160569,3151.73,649.47,1.4154,4.7647,0.5199,2.2889,0.5446,0.0,0.901,0.4854,yes,yes,no,no,yes,PASS,,324096269,PASS,DieselNet / PVTA Amherst,batch_0800/wkt/map_0632,batch_0800/wkt/map_0632/roads.wkt,batch_0800/wkt/map_0632/metadata.json,previews/OSM_dieselnet_amherst_offset_e_1000m_500m_0632.png,OK
OSM_dieselnet_amherst_offset_e_1500m_1000m_0113,200,osm,dieselnet_amherst,bus_route_urban_suburban,,1562,1406,2196172.0,1511.62,1355.99,2049750.23,0.9333286434922516,834,874,31787.27,0.0003979651866975,19.5734,10.7358,2.0959,4,0.0144,0.0947,1,1.0,152,0.173913,153,0.183453,3488.46,779.86,1.3498,4.6833,0.6367,1.0471,0.6603,0.0,0.9108,0.4834,yes,yes,no,no,yes,PASS,,3544568745,PASS,DieselNet / PVTA Amherst,batch_0200/wkt/map_0113,batch_0200/wkt/map_0113/roads.wkt,batch_0200/wkt/map_0113/metadata.json,previews/OSM_dieselnet_amherst_offset_e_1500m_1000m_0113.png,OK
OSM_dieselnet_amherst_offset_e_1500m_1000m_0688,800,osm,dieselnet_amherst,bus_route_urban_suburban,,1562,1406,2196172.0,1511.62,1355.99,2049750.23,0.9333286434922516,834,874,31787.27,0.0003979651866975,19.5734,10.7358,2.0959,4,0.0144,0.0947,1,1.0,152,0.173913,153,0.183453,3488.46,932.31,1.5019,4.6833,0.6367,1.0471,0.6603,0.0,0.9108,0.4834,yes,yes,no,no,yes,PASS,,38536723,PASS,DieselNet / PVTA Amherst,batch_0800/wkt/map_0688,batch_0800/wkt/map_0688/roads.wkt,batch_0800/wkt/map_0688/metadata.json,previews/OSM_dieselnet_amherst_offset_e_1500m_1000m_0688.png,OK
OSM_dieselnet_amherst_offset_e_1500m_1500m_0537,600,osm,dieselnet_amherst,bus_route_urban_suburban,,1379,1406,1938874.0,1328.03,1355.34,1799924.52,0.9283349608204612,489,503,20882.57,0.0002594289262737,21.0722,10.0179,2.0573,4,0.0204,0.0654,1,1.0,181,0.359841,182,0.372188,3003.17,1241.32,1.8805,4.6157,0.6589,1.3337,0.6299,0.0,0.8986,0.495,yes,yes,no,no,yes,PASS,,2849456178,PASS,DieselNet / PVTA Amherst,batch_0600/wkt/map_0537,batch_0600/wkt/map_0537/roads.wkt,batch_0600/wkt/map_0537/metadata.json,previews/OSM_dieselnet_amherst_offset_e_1500m_1500m_0537.png,OK
OSM_dieselnet_amherst_offset_e_1500m_1500m_1127,1200,osm,dieselnet_amherst,bus_route_urban_suburban,,1379,1406,1938874.0,1328.03,1355.34,1799924.52,0.9283349608204612,489,503,20882.57,0.0002594289262737,21.0722,10.0179,2.0573,4,0.0204,0.0654,1,1.0,181,0.359841,182,0.372188,3003.17,1222.0,1.8693,4.6157,0.6589,1.3337,0.6299,0.0,0.8986,0.495,yes,yes,no,no,yes,PASS,,3436281987,PASS,DieselNet / PVTA Amherst,batch_1200/wkt/map_1127,batch_1200/wkt/map_1127/roads.wkt,batch_1200/wkt/map_1127/metadata.json,previews/OSM_dieselnet_amherst_offset_e_1500m_1500m_1127.png,OK
OSM_dieselnet_amherst_offset_e_1500m_200m_0385,400,osm,dieselnet_amherst,bus_route_urban_suburban,,1546,1519,2348374.0,1495.02,1468.78,2195852.42,0.9350522624483384,896,948,33726.47,0.0004036835699935,21.2116,11.5507,2.1161,4,0.0145,0.1127,1,1.0,96,0.101266,96,0.107143,4223.9,974.85,1.3822,4.7362,0.522,1.9559,0.572,0.0,0.9135,0.4789,yes,yes,no,no,yes,PASS,,1525356873,PASS,DieselNet / PVTA Amherst,batch_0400/wkt/map_0385,batch_0400/wkt/map_0385/roads.wkt,batch_0400/wkt/map_0385/metadata.json,previews/OSM_dieselnet_amherst_offset_e_1500m_200m_0385.png,OK
OSM_dieselnet_amherst_offset_e_1500m_200m_0982,1000,osm,dieselnet_amherst,bus_route_urban_suburban,,1546,1519,2348374.0,1495.02,1468.78,2195852.42,0.9350522624483384,896,948,33726.47,0.0004036835699935,21.2116,11.5507,2.1161,4,0.0145,0.1127,1,1.0,96,0.101266,96,0.107143,4223.9,879.78,1.3782,4.7362,0.522,1.9559,0.572,0.0,0.9135,0.4789,yes,yes,no,no,yes,PASS,,2027379451,PASS,DieselNet / PVTA Amherst,batch_1000/wkt/map_0982,batch_1000/wkt/map_0982/roads.wkt,batch_1000/wkt/map_0982/metadata.json,previews/OSM_dieselnet_amherst_offset_e_1500m_200m_0982.png,OK
OSM_dieselnet_amherst_offset_e_1500m_500m_0249,400,osm,dieselnet_amherst,bus_route_urban_suburban,,1534,1519,2330146.0,1483.65,1468.78,2179152.57,0.9352000111877692,928,980,36489.13,0.0004205745047735,21.2765,11.2268,2.1121,4,0.0151,0.1099,1,1.0,89,0.090816,89,0.095905,4043.47,854.33,1.3448,4.7671,0.558,1.7071,0.5403,0.0,0.9092,0.4801,yes,yes,no,no,yes,PASS,,2739413401,PASS,DieselNet / PVTA Amherst,batch_0400/wkt/map_0249,batch_0400/wkt/map_0249/roads.wkt,batch_0400/wkt/map_0249/metadata.json,previews/OSM_dieselnet_amherst_offset_e_1500m_500m_0249.png,OK
OSM_dieselnet_amherst_offset_e_1500m_500m_0833,1000,osm,dieselnet_amherst,bus_route_urban_suburban,,1534,1519,2330146.0,1483.65,1468.78,2179152.57,0.9352000111877692,928,980,36489.13,0.0004205745047735,21.2765,11.2268,2.1121,4,0.0151,0.1099,1,1.0,89,0.090816,89,0.095905,4043.47,843.92,1.5353,4.7671,0.558,1.7071,0.5403,0.0,0.9092,0.4801,yes,yes,no,no,yes,PASS,,530815232,PASS,DieselNet / PVTA Amherst,batch_1000/wkt/map_0833,batch_1000/wkt/map_0833/roads.wkt,batch_1000/wkt/map_0833/metadata.json,previews/OSM_dieselnet_amherst_offset_e_1500m_500m_0833.png,OK
OSM_dieselnet_amherst_offset_e_2500m_1000m_0308,400,osm,dieselnet_amherst,bus_route_urban_suburban,,2482,2555,6341510.0,2431.6,2504.17,6089141.41,0.9602037077609542,2009,2093,77366.43,0.0003300475754197,20.1633,10.9953,2.0836,4,0.0134,0.0841,1,1.0,301,0.143813,304,0.151319,5067.3,1637.68,1.3869,4.8136,0.5973,1.1664,0.6129,0.0,0.9312,0.4861,yes,yes,no,no,yes,PASS,,1240856464,PASS,DieselNet / PVTA Amherst,batch_0400/wkt/map_0308,batch_0400/wkt/map_0308/roads.wkt,batch_0400/wkt/map_0308/metadata.json,previews/OSM_dieselnet_amherst_offset_e_2500m_1000m_0308.png,OK
OSM_dieselnet_amherst_offset_e_2500m_1000m_0896,1000,osm,dieselnet_amherst,bus_route_urban_suburban,,2482,2555,6341510.0,2431.6,2504.17,6089141.41,0.9602037077609542,2009,2093,77366.43,0.0003300475754197,20.1633,10.9953,2.0836,4,0.0134,0.0841,1,1.0,301,0.143813,304,0.151319,5067.3,1521.74,1.3602,4.8136,0.5973,1.1664,0.6129,0.0,0.9312,0.4861,yes,yes,no,no,yes,PASS,,2022190063,PASS,DieselNet / PVTA Amherst,batch_1000/wkt/map_0896,batch_1000/wkt/map_0896/roads.wkt,batch_1000/wkt/map_0896/metadata.json,previews/OSM_dieselnet_amherst_offset_e_2500m_1000m_0896.png,OK
OSM_dieselnet_amherst_offset_e_2500m_1500m_0161,200,osm,dieselnet_amherst,bus_route_urban_suburban,,2013,2475,4982175.0,1962.3,2424.31,4757233.96,0.9548508359958018,1597,1657,59395.79,0.000332585667906,19.1229,10.9769,2.0751,4,0.0138,0.0776,1,1.0,301,0.181654,304,0.190357,4785.86,1413.86,1.5035,4.72,0.6404,1.2359,0.6353,0.0,0.9282,0.4882,yes,yes,no,no,yes,PASS,,2658816279,PASS,DieselNet / PVTA Amherst,batch_0200/wkt/map_0161,batch_0200/wkt/map_0161/roads.wkt,batch_0200/wkt/map_0161/metadata.json,previews/OSM_dieselnet_amherst_offset_e_2500m_1500m_0161.png,OK
OSM_dieselnet_amherst_offset_e_2500m_1500m_0741,800,osm,dieselnet_amherst,bus_route_urban_suburban,,2013,2475,4982175.0,1962.3,2424.31,4757233.96,0.9548508359958018,1597,1657,59395.79,0.000332585667906,19.1229,10.9769,2.0751,4,0.0138,0.0776,1,1.0,301,0.181654,304,0.190357,4785.86,1568.3,1.5113,4.72,0.6404,1.2359,0.6353,0.0,0.9282,0.4882,yes,yes,no,no,yes,PASS,,1202757201,PASS,DieselNet / PVTA Amherst,batch_0800/wkt/map_0741,batch_0800/wkt/map_0741/roads.wkt,batch_0800/wkt/map_0741/metadata.json,previews/OSM_dieselnet_amherst_offset_e_2500m_1500m_0741.png,OK
OSM_dieselnet_amherst_offset_e_2500m_200m_0028,100,osm,dieselnet_amherst,bus_route_urban_suburban,,2715,2555,6936825.0,2664.18,2504.17,6671554.83,0.9617591377349566,2100,2203,82316.17,0.0003175804492689,21.0366,11.7558,2.0981,4,0.0105,0.0943,1,1.0,190,0.086246,195,0.092857,6074.72,1487.77,1.3818,4.8125,0.5771,1.1582,0.5802,0.0,0.9305,0.4814,yes,yes,no,no,yes,PASS,,3419278432,PASS,DieselNet / PVTA Amherst,batch_0100/wkt/map_0028,batch_0100/wkt/map_0028/roads.wkt,batch_0100/wkt/map_0028/metadata.json,previews/OSM_dieselnet_amherst_offset_e_2500m_200m_0028.png,OK
OSM_dieselnet_amherst_offset_e_2500m_200m_0599,600,osm,dieselnet_amherst,bus_route_urban_suburban,,2715,2555,6936825.0,2664.18,2504.17,6671554.83,0.9617591377349566,2100,2203,82316.17,0.0003175804492689,21.0366,11.7558,2.0981,4,0.0105,0.0943,1,1.0,190,0.086246,195,0.092857,6074.72,1490.68,1.3331,4.8125,0.5771,1.1582,0.5802,0.0,0.9305,0.4814,yes,yes,no,no,yes,PASS,,2398530886,PASS,DieselNet / PVTA Amherst,batch_0600/wkt/map_0599,batch_0600/wkt/map_0599/roads.wkt,batch_0600/wkt/map_0599/metadata.json,previews/OSM_dieselnet_amherst_offset_e_2500m_200m_0599.png,OK
OSM_dieselnet_amherst_offset_e_2500m_200m_1193,1200,osm,dieselnet_amherst,bus_route_urban_suburban,,2715,2555,6936825.0,2664.18,2504.17,6671554.83,0.9617591377349566,2100,2203,82316.17,0.0003175804492689,21.0366,11.7558,2.0981,4,0.0105,0.0943,1,1.0,190,0.086246,195,0.092857,6074.72,1596.73,1.2896,4.8125,0.5771,1.1582,0.5802,0.0,0.9305,0.4814,yes,yes,no,no,yes,PASS,,2323703133,PASS,DieselNet / PVTA Amherst,batch_1200/wkt/map_1193,batch_1200/wkt/map_1193/roads.wkt,batch_1200/wkt/map_1193/metadata.json,previews/OSM_dieselnet_amherst_offset_e_2500m_200m_1193.png,OK
OSM_dieselnet_amherst_offset_e_2500m_500m_0449,600,osm,dieselnet_amherst,bus_route_urban_suburban,,2534,2555,6474370.0,2483.6,2504.17,6219338.64,0.960609085067139,2060,2160,79056.0,0.0003336231942258,20.6574,11.1861,2.0971,4,0.0131,0.0947,1,1.0,273,0.126389,277,0.134466,6444.72,1582.37,1.3875,4.8001,0.5879,1.1544,0.5692,0.0,0.9296,0.4829,yes,yes,no,no,yes,PASS,,936872734,PASS,DieselNet / PVTA Amherst,batch_0600/wkt/map_0449,batch_0600/wkt/map_0449/roads.wkt,batch_0600/wkt/map_0449/metadata.json,previews/OSM_dieselnet_amherst_offset_e_2500m_500m_0449.png,OK
OSM_dieselnet_amherst_offset_e_2500m_500m_1036,1200,osm,dieselnet_amherst,bus_route_urban_suburban,,2534,2555,6474370.0,2483.6,2504.17,6219338.64,0.960609085067139,2060,2160,79056.0,0.0003336231942258,20.6574,11.1861,2.0971,4,0.0131,0.0947,1,1.0,273,0.126389,277,0.134466,6444.72,1498.6,1.353,4.8001,0.5879,1.1544,0.5692,0.0,0.9296,0.4829,yes,yes,no,no,yes,PASS,,3719800874,PASS,DieselNet / PVTA Amherst,batch_1200/wkt/map_1036,batch_1200/wkt/map_1036/roads.wkt,batch_1200/wkt/map_1036/metadata.json,previews/OSM_dieselnet_amherst_offset_e_2500m_500m_1036.png,OK
OSM_dieselnet_amherst_offset_e_5000m_1000m_0507,600,osm,dieselnet_amherst,bus_route_urban_suburban,,5069,4956,25121964.0,5018.23,4905.19,24615374.6,0.979834801270769,5020,5200,174246.75,0.0002069901859583,18.8742,10.5814,2.0717,4,0.0112,0.0719,1,1.0,1066,0.205,1078,0.214741,11792.86,2779.71,1.377,4.9652,0.5218,1.6954,0.4796,0.0,0.9579,0.488,yes,yes,no,no,yes,PASS,,2133380466,PASS,DieselNet / PVTA Amherst,batch_0600/wkt/map_0507,batch_0600/wkt/map_0507/roads.wkt,batch_0600/wkt/map_0507/metadata.json,previews/OSM_dieselnet_amherst_offset_e_5000m_1000m_0507.png,OK
OSM_dieselnet_amherst_offset_e_5000m_1000m_1095,1200,osm,dieselnet_amherst,bus_route_urban_suburban,,5069,4956,25121964.0,5018.23,4905.19,24615374.6,0.979834801270769,5020,5200,174246.75,0.0002069901859583,18.8742,10.5814,2.0717,4,0.0112,0.0719,1,1.0,1066,0.205,1078,0.214741,11792.86,2844.26,1.3714,4.9652,0.5218,1.6954,0.4796,0.0,0.9579,0.488,yes,yes,no,no,yes,PASS,,4105832233,PASS,DieselNet / PVTA Amherst,batch_1200/wkt/map_1095,batch_1200/wkt/map_1095/roads.wkt,batch_1200/wkt/map_1095/metadata.json,previews/OSM_dieselnet_amherst_offset_e_5000m_1000m_1095.png,OK
OSM_dieselnet_amherst_offset_e_5000m_1500m_0356,400,osm,dieselnet_amherst,bus_route_urban_suburban,,5005,4955,24799775.0,4954.83,4904.42,24300541.37,0.9798694288859716,5337,5526,173731.77,0.0002228246022393,17.0092,9.576,2.0708,4,0.0103,0.0712,1,1.0,1114,0.201592,1144,0.214353,12968.13,2928.4,1.3981,4.999,0.509,3.0833,0.5518,0.0,0.9606,0.4878,yes,yes,no,no,yes,PASS,,608248727,PASS,DieselNet / PVTA Amherst,batch_0400/wkt/map_0356,batch_0400/wkt/map_0356/roads.wkt,batch_0400/wkt/map_0356/metadata.json,previews/OSM_dieselnet_amherst_offset_e_5000m_1500m_0356.png,OK
OSM_dieselnet_amherst_offset_e_5000m_1500m_0951,1000,osm,dieselnet_amherst,bus_route_urban_suburban,,5005,4955,24799775.0,4954.83,4904.42,24300541.37,0.9798694288859716,5337,5526,173731.77,0.0002228246022393,17.0092,9.576,2.0708,4,0.0103,0.0712,1,1.0,1114,0.201592,1144,0.214353,12968.13,3106.97,1.4017,4.999,0.509,3.0833,0.5518,0.0,0.9606,0.4878,yes,yes,no,no,yes,PASS,,755955081,PASS,DieselNet / PVTA Amherst,batch_1000/wkt/map_0951,batch_1000/wkt/map_0951/roads.wkt,batch_1000/wkt/map_0951/metadata.json,previews/OSM_dieselnet_amherst_offset_e_5000m_1500m_0951.png,OK
OSM_dieselnet_amherst_offset_e_5000m_200m_0223,400,osm,dieselnet_amherst,bus_route_urban_suburban,,4952,5083,25171016.0,4901.37,5032.55,24666356.81,0.979950781759407,5080,5259,182427.75,0.0002089307797508,19.578,10.7794,2.0705,4,0.0104,0.0699,1,1.0,986,0.187488,996,0.196063,14629.5,2907.91,1.35,4.918,0.5409,1.3024,0.5473,0.0,0.9568,0.4879,yes,yes,no,no,yes,PASS,,2480819252,PASS,DieselNet / PVTA Amherst,batch_0400/wkt/map_0223,batch_0400/wkt/map_0223/roads.wkt,batch_0400/wkt/map_0223/metadata.json,previews/OSM_dieselnet_amherst_offset_e_5000m_200m_0223.png,OK
OSM_dieselnet_amherst_offset_e_5000m_200m_0801,1000,osm,dieselnet_amherst,bus_route_urban_suburban,,4952,5083,25171016.0,4901.37,5032.55,24666356.81,0.979950781759407,5080,5259,182427.75,0.0002089307797508,19.578,10.7794,2.0705,4,0.0104,0.0699,1,1.0,986,0.187488,996,0.196063,14629.5,3011.93,1.3756,4.918,0.5409,1.3024,0.5473,0.0,0.9568,0.4879,yes,yes,no,no,yes,PASS,,946028982,PASS,DieselNet / PVTA Amherst,batch_1000/wkt/map_0801,batch_1000/wkt/map_0801/roads.wkt,batch_1000/wkt/map_0801/metadata.json,previews/OSM_dieselnet_amherst_offset_e_5000m_200m_0801.png,OK
OSM_dieselnet_amherst_offset_e_5000m_500m_0083,100,osm,dieselnet_amherst,bus_route_urban_suburban,,5114,4956,25344984.0,5063.6,4905.19,24837891.41,0.9799923886181752,4939,5115,177846.76,0.0002018150810432,19.6082,10.7366,2.0713,4,0.0099,0.0705,1,1.0,950,0.185728,963,0.194979,11535.2,2473.03,1.3664,4.9172,0.5418,1.2178,0.5199,0.0,0.9568,0.4875,yes,yes,no,no,yes,PASS,,713158865,PASS,DieselNet / PVTA Amherst,batch_0100/wkt/map_0083,batch_0100/wkt/map_0083/roads.wkt,batch_0100/wkt/map_0083/metadata.json,previews/OSM_dieselnet_amherst_offset_e_5000m_500m_0083.png,OK
OSM_dieselnet_amherst_offset_e_5000m_500m_0660,800,osm,dieselnet_amherst,bus_route_urban_suburban,,5114,4956,25344984.0,5063.6,4905.19,24837891.41,0.9799923886181752,4939,5115,177846.76,0.0002018150810432,19.6082,10.7366,2.0713,4,0.0099,0.0705,1,1.0,950,0.185728,963,0.194979,11535.2,2613.32,1.3935,4.9172,0.5418,1.2178,0.5199,0.0,0.9568,0.4875,yes,yes,no,no,yes,PASS,,1586458107,PASS,DieselNet / PVTA Amherst,batch_0800/wkt/map_0660,batch_0800/wkt/map_0660/roads.wkt,batch_0800/wkt/map_0660/metadata.json,previews/OSM_dieselnet_amherst_offset_e_5000m_500m_0660.png,OK
OSM_dieselnet_amherst_offset_e_500m_200m_0001,100,osm,dieselnet_amherst,bus_route_urban_suburban,,533,515,274495.0,482.23,464.58,224036.71,0.8161777599449801,82,82,3419.87,0.0002987303958177,23.9152,10.1262,2.0,3,0.0732,0.0732,1,1.0,62,0.756098,59,0.719512,1304.39,391.57,1.3401,3.9012,0.7832,1.9901,0.6504,0.0,0.8171,0.53,yes,yes,no,no,yes,PASS,,2176940933,PASS,DieselNet / PVTA Amherst,batch_0100/wkt/map_0001,batch_0100/wkt/map_0001/roads.wkt,batch_0100/wkt/map_0001/metadata.json,previews/OSM_dieselnet_amherst_offset_e_500m_200m_0001.png,OK
OSM_dieselnet_amherst_offset_e_500m_200m_0566,600,osm,dieselnet_amherst,bus_route_urban_suburban,,533,515,274495.0,482.23,464.58,224036.71,0.8161777599449801,82,82,3419.87,0.0002987303958177,23.9152,10.1262,2.0,3,0.0732,0.0732,1,1.0,62,0.756098,59,0.719512,1304.39,401.97,1.3324,3.9012,0.7832,1.9901,0.6504,0.0,0.8171,0.53,yes,yes,no,no,yes,PASS,,3190358321,PASS,DieselNet / PVTA Amherst,batch_0600/wkt/map_0566,batch_0600/wkt/map_0566/roads.wkt,batch_0600/wkt/map_0566/metadata.json,previews/OSM_dieselnet_amherst_offset_e_500m_200m_0566.png,OK
OSM_dieselnet_amherst_offset_e_500m_200m_1159,1200,osm,dieselnet_amherst,bus_route_urban_suburban,,533,515,274495.0,482.23,464.58,224036.71,0.8161777599449801,82,82,3419.87,0.0002987303958177,23.9152,10.1262,2.0,3,0.0732,0.0732,1,1.0,62,0.756098,59,0.719512,1304.39,386.3,1.478,3.9012,0.7832,1.9901,0.6504,0.0,0.8171,0.53,yes,yes,no,no,yes,PASS,,2025585645,PASS,DieselNet / PVTA Amherst,batch_1200/wkt/map_1159,batch_1200/wkt/map_1159/roads.wkt,batch_1200/wkt/map_1159/metadata.json,previews/OSM_dieselnet_amherst_offset_e_500m_200m_1159.png,OK
OSM_dieselnet_amherst_offset_e_500m_500m_0423,600,osm,dieselnet_amherst,bus_route_urban_suburban,,362,515,186430.0,311.82,464.58,144866.11,0.7770536546877252,153,160,2920.99,0.0008582309714101,12.8678,8.29,2.0915,3,0.0131,0.1046,1,1.0,25,0.15625,25,0.163399,883.34,169.43,1.3052,4.4145,0.5374,3.7375,0.5005,0.0,0.8812,0.4812,yes,yes,no,no,yes,PASS,,2658968179,PASS,DieselNet / PVTA Amherst,batch_0600/wkt/map_0423,batch_0600/wkt/map_0423/roads.wkt,batch_0600/wkt/map_0423/metadata.json,previews/OSM_dieselnet_amherst_offset_e_500m_500m_0423.png,OK
OSM_dieselnet_amherst_offset_e_500m_500m_1009,1200,osm,dieselnet_amherst,bus_route_urban_suburban,,362,515,186430.0,311.82,464.58,144866.11,0.7770536546877252,153,160,2920.99,0.0008582309714101,12.8678,8.29,2.0915,3,0.0131,0.1046,1,1.0,25,0.15625,25,0.163399,883.34,210.16,1.3275,4.4145,0.5374,3.7375,0.5005,0.0,0.8812,0.4812,yes,yes,no,no,yes,PASS,,3234472808,PASS,DieselNet / PVTA Amherst,batch_1200/wkt/map_1009,batch_1200/wkt/map_1009/roads.wkt,batch_1200/wkt/map_1009/metadata.json,previews/OSM_dieselnet_amherst_offset_e_500m_500m_1009.png,OK
OSM_helsinki_archipelago_offset_s_1000m_1000m_0056,100,osm,helsinki_archipelago,island_or_partitioned,,684,891,609444.0,633.03,840.39,531988.79,0.8729084080563518,1634,1857,37347.33,0.0030470395967471,12.6173,6.1477,2.2729,6,0.0441,0.2271,1,1.0,171,0.092084,168,0.102815,2532.19,716.29,2.8055,4.9152,0.2709,3.3867,0.5532,0.0,0.9063,0.4591,yes,yes,no,no,no,PASS,,2245494769,PASS,Helsinki archipelago partitioned,batch_0100/wkt/map_0056,batch_0100/wkt/map_0056/roads.wkt,batch_0100/wkt/map_0056/metadata.json,previews/OSM_helsinki_archipelago_offset_s_1000m_1000m_0056.png,OK
OSM_helsinki_archipelago_offset_s_1000m_1000m_0162,200,osm,helsinki_archipelago,island_or_partitioned,,684,891,609444.0,633.03,840.39,531988.79,0.8729084080563518,1634,1857,37347.33,0.0030470395967471,12.6173,6.1477,2.2729,6,0.0441,0.2271,1,1.0,171,0.092084,168,0.102815,2532.19,629.17,2.3317,4.9152,0.2709,3.3867,0.5532,0.0,0.9063,0.4591,yes,yes,no,no,no,PASS,,2524443060,PASS,Helsinki archipelago partitioned,batch_0200/wkt/map_0162,batch_0200/wkt/map_0162/roads.wkt,batch_0200/wkt/map_0162/metadata.json,previews/OSM_helsinki_archipelago_offset_s_1000m_1000m_0162.png,SKIPPED_EXISTING_OK
OSM_helsinki_archipelago_offset_s_1000m_1000m_0280,400,osm,helsinki_archipelago,island_or_partitioned,,684,891,609444.0,633.03,840.39,531988.79,0.8729084080563518,1634,1857,37347.33,0.0030470395967471,12.6173,6.1477,2.2729,6,0.0441,0.2271,1,1.0,171,0.092084,168,0.102815,2532.19,614.31,2.0147,4.9152,0.2709,3.3867,0.5532,0.0,0.9063,0.4591,yes,yes,no,no,no,PASS,,1552435149,PASS,Helsinki archipelago partitioned,batch_0400/wkt/map_0280,batch_0400/wkt/map_0280/roads.wkt,batch_0400/wkt/map_0280/metadata.json,previews/OSM_helsinki_archipelago_offset_s_1000m_1000m_0280.png,OK
OSM_helsinki_archipelago_offset_s_1000m_1000m_0387,400,osm,helsinki_archipelago,island_or_partitioned,,684,891,609444.0,633.03,840.39,531988.79,0.8729084080563518,1634,1857,37347.33,0.0030470395967471,12.6173,6.1477,2.2729,6,0.0441,0.2271,1,1.0,171,0.092084,168,0.102815,2532.19,716.2,2.3847,4.9152,0.2709,3.3867,0.5532,0.0,0.9063,0.4591,yes,yes,no,no,no,PASS,,1921283254,PASS,Helsinki archipelago partitioned,batch_0400/wkt/map_0387,batch_0400/wkt/map_0387/roads.wkt,batch_0400/wkt/map_0387/metadata.json,previews/OSM_helsinki_archipelago_offset_s_1000m_1000m_0387.png,OK
OSM_helsinki_archipelago_offset_s_1000m_1000m_0508,600,osm,helsinki_archipelago,island_or_partitioned,,684,891,609444.0,633.03,840.39,531988.79,0.8729084080563518,1634,1857,37347.33,0.0030470395967471,12.6173,6.1477,2.2729,6,0.0441,0.2271,1,1.0,171,0.092084,168,0.102815,2532.19,694.4,2.7819,4.9152,0.2709,3.3867,0.5532,0.0,0.9063,0.4591,yes,yes,no,no,no,PASS,,1208928623,PASS,Helsinki archipelago partitioned,batch_0600/wkt/map_0508,batch_0600/wkt/map_0508/roads.wkt,batch_0600/wkt/map_0508/metadata.json,previews/OSM_helsinki_archipelago_offset_s_1000m_1000m_0508.png,OK
OSM_helsinki_archipelago_offset_s_1000m_1000m_0633,800,osm,helsinki_archipelago,island_or_partitioned,,684,891,609444.0,633.03,840.39,531988.79,0.8729084080563518,1634,1857,37347.33,0.0030470395967471,12.6173,6.1477,2.2729,6,0.0441,0.2271,1,1.0,171,0.092084,168,0.102815,2532.19,701.03,2.5479,4.9152,0.2709,3.3867,0.5532,0.0,0.9063,0.4591,yes,yes,no,no,no,PASS,,4044837402,PASS,Helsinki archipelago partitioned,batch_0800/wkt/map_0633,batch_0800/wkt/map_0633/roads.wkt,batch_0800/wkt/map_0633/metadata.json,previews/OSM_helsinki_archipelago_offset_s_1000m_1000m_0633.png,OK
OSM_helsinki_archipelago_offset_s_1000m_1000m_0742,800,osm,helsinki_archipelago,island_or_partitioned,,684,891,609444.0,633.03,840.39,531988.79,0.8729084080563518,1634,1857,37347.33,0.0030470395967471,12.6173,6.1477,2.2729,6,0.0441,0.2271,1,1.0,171,0.092084,168,0.102815,2532.19,580.15,2.3991,4.9152,0.2709,3.3867,0.5532,0.0,0.9063,0.4591,yes,yes,no,no,no,PASS,,1891737662,PASS,Helsinki archipelago partitioned,batch_0800/wkt/map_0742,batch_0800/wkt/map_0742/roads.wkt,batch_0800/wkt/map_0742/metadata.json,previews/OSM_helsinki_archipelago_offset_s_1000m_1000m_0742.png,OK
OSM_helsinki_archipelago_offset_s_1000m_1000m_0872,1000,osm,helsinki_archipelago,island_or_partitioned,,684,891,609444.0,633.03,840.39,531988.79,0.8729084080563518,1634,1857,37347.33,0.0030470395967471,12.6173,6.1477,2.2729,6,0.0441,0.2271,1,1.0,171,0.092084,168,0.102815,2532.19,717.58,2.7619,4.9152,0.2709,3.3867,0.5532,0.0,0.9063,0.4591,yes,yes,no,no,no,PASS,,648017261,PASS,Helsinki archipelago partitioned,batch_1000/wkt/map_0872,batch_1000/wkt/map_0872/roads.wkt,batch_1000/wkt/map_0872/metadata.json,previews/OSM_helsinki_archipelago_offset_s_1000m_1000m_0872.png,OK
OSM_helsinki_archipelago_offset_s_1000m_1000m_0984,1000,osm,helsinki_archipelago,island_or_partitioned,,684,891,609444.0,633.03,840.39,531988.79,0.8729084080563518,1634,1857,37347.33,0.0030470395967471,12.6173,6.1477,2.2729,6,0.0441,0.2271,1,1.0,171,0.092084,168,0.102815,2532.19,620.06,2.1344,4.9152,0.2709,3.3867,0.5532,0.0,0.9063,0.4591,yes,yes,no,no,no,PASS,,3653694653,PASS,Helsinki archipelago partitioned,batch_1000/wkt/map_0984,batch_1000/wkt/map_0984/roads.wkt,batch_1000/wkt/map_0984/metadata.json,previews/OSM_helsinki_archipelago_offset_s_1000m_1000m_0984.png,OK
OSM_helsinki_archipelago_offset_s_1000m_1000m_1096,1200,osm,helsinki_archipelago,island_or_partitioned,,684,891,609444.0,633.03,840.39,531988.79,0.8729084080563518,1634,1857,37347.33,0.0030470395967471,12.6173,6.1477,2.2729,6,0.0441,0.2271,1,1.0,171,0.092084,168,0.102815,2532.19,626.44,2.4267,4.9152,0.2709,3.3867,0.5532,0.0,0.9063,0.4591,yes,yes,no,no,no,PASS,,2842664229,PASS,Helsinki archipelago partitioned,batch_1200/wkt/map_1096,batch_1200/wkt/map_1096/roads.wkt,batch_1200/wkt/map_1096/metadata.json,previews/OSM_helsinki_archipelago_offset_s_1000m_1000m_1096.png,OK
OSM_helsinki_archipelago_offset_s_1000m_1500m_0085,100,osm,helsinki_archipelago,island_or_partitioned,,395,392,154840.0,344.39,341.79,117710.87,0.7602096712309915,342,381,7540.96,0.0024606044949625,15.4845,6.2218,2.2281,6,0.0409,0.1901,1,1.0,31,0.081365,32,0.093567,1426.69,347.88,2.8385,4.7685,0.1828,4.9731,0.3853,0.0,0.8793,0.4658,yes,yes,no,no,no,PASS,,2299832837,PASS,Helsinki archipelago partitioned,batch_0100/wkt/map_0085,batch_0100/wkt/map_0085/roads.wkt,batch_0100/wkt/map_0085/metadata.json,previews/OSM_helsinki_archipelago_offset_s_1000m_1500m_0085.png,OK
OSM_helsinki_archipelago_offset_s_1000m_1500m_0193,200,osm,helsinki_archipelago,island_or_partitioned,,395,392,154840.0,344.39,341.79,117710.87,0.7602096712309915,342,381,7540.96,0.0024606044949625,15.4845,6.2218,2.2281,6,0.0409,0.1901,1,1.0,31,0.081365,32,0.093567,1426.69,332.32,3.5817,4.7685,0.1828,4.9731,0.3853,0.0,0.8793,0.4658,yes,yes,no,no,no,PASS,,4132468827,PASS,Helsinki archipelago partitioned,batch_0200/wkt/map_0193,batch_0200/wkt/map_0193/roads.wkt,batch_0200/wkt/map_0193/metadata.json,previews/OSM_helsinki_archipelago_offset_s_1000m_1500m_0193.png,SKIPPED_EXISTING_OK
OSM_helsinki_archipelago_offset_s_1000m_1500m_0309,400,osm,helsinki_archipelago,island_or_partitioned,,395,392,154840.0,344.39,341.79,117710.87,0.7602096712309915,342,381,7540.96,0.0024606044949625,15.4845,6.2218,2.2281,6,0.0409,0.1901,1,1.0,31,0.081365,32,0.093567,1426.69,251.46,3.1555,4.7685,0.1828,4.9731,0.3853,0.0,0.8793,0.4658,yes,yes,no,no,no,PASS,,3938456774,PASS,Helsinki archipelago partitioned,batch_0400/wkt/map_0309,batch_0400/wkt/map_0309/roads.wkt,batch_0400/wkt/map_0309/metadata.json,previews/OSM_helsinki_archipelago_offset_s_1000m_1500m_0309.png,OK
OSM_helsinki_archipelago_offset_s_1000m_1500m_0426,600,osm,helsinki_archipelago,island_or_partitioned,,395,392,154840.0,344.39,341.79,117710.87,0.7602096712309915,342,381,7540.96,0.0024606044949625,15.4845,6.2218,2.2281,6,0.0409,0.1901,1,1.0,31,0.081365,32,0.093567,1426.69,248.78,2.7786,4.7685,0.1828,4.9731,0.3853,0.0,0.8793,0.4658,yes,yes,no,no,no,PASS,,712473886,PASS,Helsinki archipelago partitioned,batch_0600/wkt/map_0426,batch_0600/wkt/map_0426/roads.wkt,batch_0600/wkt/map_0426/metadata.json,previews/OSM_helsinki_archipelago_offset_s_1000m_1500m_0426.png,OK
OSM_helsinki_archipelago_offset_s_1000m_1500m_0538,600,osm,helsinki_archipelago,island_or_partitioned,,395,392,154840.0,344.39,341.79,117710.87,0.7602096712309915,342,381,7540.96,0.0024606044949625,15.4845,6.2218,2.2281,6,0.0409,0.1901,1,1.0,31,0.081365,32,0.093567,1426.69,287.83,2.7889,4.7685,0.1828,4.9731,0.3853,0.0,0.8793,0.4658,yes,yes,no,no,no,PASS,,3975278974,PASS,Helsinki archipelago partitioned,batch_0600/wkt/map_0538,batch_0600/wkt/map_0538/roads.wkt,batch_0600/wkt/map_0538/metadata.json,previews/OSM_helsinki_archipelago_offset_s_1000m_1500m_0538.png,OK
OSM_helsinki_archipelago_offset_s_1000m_1500m_0661,800,osm,helsinki_archipelago,island_or_partitioned,,395,392,154840.0,344.39,341.79,117710.87,0.7602096712309915,342,381,7540.96,0.0024606044949625,15.4845,6.2218,2.2281,6,0.0409,0.1901,1,1.0,31,0.081365,32,0.093567,1426.69,324.97,2.6434,4.7685,0.1828,4.9731,0.3853,0.0,0.8793,0.4658,yes,yes,no,no,no,PASS,,814517117,PASS,Helsinki archipelago partitioned,batch_0800/wkt/map_0661,batch_0800/wkt/map_0661/roads.wkt,batch_0800/wkt/map_0661/metadata.json,previews/OSM_helsinki_archipelago_offset_s_1000m_1500m_0661.png,OK
OSM_helsinki_archipelago_offset_s_1000m_1500m_0776,800,osm,helsinki_archipelago,island_or_partitioned,,395,392,154840.0,344.39,341.79,117710.87,0.7602096712309915,342,381,7540.96,0.0024606044949625,15.4845,6.2218,2.2281,6,0.0409,0.1901,1,1.0,31,0.081365,32,0.093567,1426.69,380.86,2.9663,4.7685,0.1828,4.9731,0.3853,0.0,0.8793,0.4658,yes,yes,no,no,no,PASS,,918803140,PASS,Helsinki archipelago partitioned,batch_0800/wkt/map_0776,batch_0800/wkt/map_0776/roads.wkt,batch_0800/wkt/map_0776/metadata.json,previews/OSM_helsinki_archipelago_offset_s_1000m_1500m_0776.png,OK
OSM_helsinki_archipelago_offset_s_1000m_1500m_0897,1000,osm,helsinki_archipelago,island_or_partitioned,,395,392,154840.0,344.39,341.79,117710.87,0.7602096712309915,342,381,7540.96,0.0024606044949625,15.4845,6.2218,2.2281,6,0.0409,0.1901,1,1.0,31,0.081365,32,0.093567,1426.69,277.75,2.5816,4.7685,0.1828,4.9731,0.3853,0.0,0.8793,0.4658,yes,yes,no,no,no,PASS,,2503031172,PASS,Helsinki archipelago partitioned,batch_1000/wkt/map_0897,batch_1000/wkt/map_0897/roads.wkt,batch_1000/wkt/map_0897/metadata.json,previews/OSM_helsinki_archipelago_offset_s_1000m_1500m_0897.png,OK
OSM_helsinki_archipelago_offset_s_1000m_1500m_1010,1200,osm,helsinki_archipelago,island_or_partitioned,,395,392,154840.0,344.39,341.79,117710.87,0.7602096712309915,342,381,7540.96,0.0024606044949625,15.4845,6.2218,2.2281,6,0.0409,0.1901,1,1.0,31,0.081365,32,0.093567,1426.69,311.11,2.8012,4.7685,0.1828,4.9731,0.3853,0.0,0.8793,0.4658,yes,yes,no,no,no,PASS,,2346572070,PASS,Helsinki archipelago partitioned,batch_1200/wkt/map_1010,batch_1200/wkt/map_1010/roads.wkt,batch_1200/wkt/map_1010/metadata.json,previews/OSM_helsinki_archipelago_offset_s_1000m_1500m_1010.png,OK
OSM_helsinki_archipelago_offset_s_1000m_1500m_1130,1200,osm,helsinki_archipelago,island_or_partitioned,,395,392,154840.0,344.39,341.79,117710.87,0.7602096712309915,342,381,7540.96,0.0024606044949625,15.4845,6.2218,2.2281,6,0.0409,0.1901,1,1.0,31,0.081365,32,0.093567,1426.69,320.67,2.4107,4.7685,0.1828,4.9731,0.3853,0.0,0.8793,0.4658,yes,yes,no,no,no,PASS,,4192243965,PASS,Helsinki archipelago partitioned,batch_1200/wkt/map_1130,batch_1200/wkt/map_1130/roads.wkt,batch_1200/wkt/map_1130/metadata.json,previews/OSM_helsinki_archipelago_offset_s_1000m_1500m_1130.png,OK
OSM_helsinki_archipelago_offset_s_1000m_200m_0003,100,osm,helsinki_archipelago,island_or_partitioned,,1068,1056,1127808.0,1017.11,1005.3,1022504.41,0.9066298628238106,4656,5333,95249.19,0.0047286417546249,9.6095,5.659,2.2908,6,0.1454,0.3477,1,1.0,1054,0.197637,949,0.203823,2794.89,521.88,1.3091,4.5682,0.4154,1.6845,0.562,0.0,0.9297,0.4999,yes,yes,no,no,no,PASS,,3094859642,PASS,Helsinki archipelago partitioned,batch_0100/wkt/map_0003,batch_0100/wkt/map_0003/roads.wkt,batch_0100/wkt/map_0003/metadata.json,previews/OSM_helsinki_archipelago_offset_s_1000m_200m_0003.png,OK
OSM_helsinki_archipelago_offset_s_1000m_200m_0114,200,osm,helsinki_archipelago,island_or_partitioned,,1068,1056,1127808.0,1017.11,1005.3,1022504.41,0.9066298628238106,4656,5333,95249.19,0.0047286417546249,9.6095,5.659,2.2908,6,0.1454,0.3477,1,1.0,1054,0.197637,949,0.203823,2794.89,546.74,1.3749,4.5682,0.4154,1.6845,0.562,0.0,0.9297,0.4999,yes,yes,no,no,no,PASS,,914484735,PASS,Helsinki archipelago partitioned,batch_0200/wkt/map_0114,batch_0200/wkt/map_0114/roads.wkt,batch_0200/wkt/map_0114/metadata.json,previews/OSM_helsinki_archipelago_offset_s_1000m_200m_0114.png,OK
OSM_helsinki_archipelago_offset_s_1000m_200m_0224,400,osm,helsinki_archipelago,island_or_partitioned,,1068,1056,1127808.0,1017.11,1005.3,1022504.41,0.9066298628238106,4656,5333,95249.19,0.0047286417546249,9.6095,5.659,2.2908,6,0.1454,0.3477,1,1.0,1054,0.197637,949,0.203823,2794.89,536.98,1.4079,4.5682,0.4154,1.6845,0.562,0.0,0.9297,0.4999,yes,yes,no,no,no,PASS,,2532422972,PASS,Helsinki archipelago partitioned,batch_0400/wkt/map_0224,batch_0400/wkt/map_0224/roads.wkt,batch_0400/wkt/map_0224/metadata.json,previews/OSM_helsinki_archipelago_offset_s_1000m_200m_0224.png,SKIPPED_EXISTING_OK
OSM_helsinki_archipelago_offset_s_1000m_200m_0331,400,osm,helsinki_archipelago,island_or_partitioned,,1068,1056,1127808.0,1017.11,1005.3,1022504.41,0.9066298628238106,4656,5333,95249.19,0.0047286417546249,9.6095,5.659,2.2908,6,0.1454,0.3477,1,1.0,1054,0.197637,949,0.203823,2794.89,532.7,1.3577,4.5682,0.4154,1.6845,0.562,0.0,0.9297,0.4999,yes,yes,no,no,no,PASS,,2952374774,PASS,Helsinki archipelago partitioned,batch_0400/wkt/map_0331,batch_0400/wkt/map_0331/roads.wkt,batch_0400/wkt/map_0331/metadata.json,previews/OSM_helsinki_archipelago_offset_s_1000m_200m_0331.png,OK
OSM_helsinki_archipelago_offset_s_1000m_200m_0454,600,osm,helsinki_archipelago,island_or_partitioned,,1068,1056,1127808.0,1017.11,1005.3,1022504.41,0.9066298628238106,4656,5333,95249.19,0.0047286417546249,9.6095,5.659,2.2908,6,0.1454,0.3477,1,1.0,1054,0.197637,949,0.203823,2794.89,578.05,1.3668,4.5682,0.4154,1.6845,0.562,0.0,0.9297,0.4999,yes,yes,no,no,no,PASS,,867823942,PASS,Helsinki archipelago partitioned,batch_0600/wkt/map_0454,batch_0600/wkt/map_0454/roads.wkt,batch_0600/wkt/map_0454/metadata.json,previews/OSM_helsinki_archipelago_offset_s_1000m_200m_0454.png,OK
OSM_helsinki_archipelago_offset_s_1000m_200m_0572,600,osm,helsinki_archipelago,island_or_partitioned,,1068,1056,1127808.0,1017.11,1005.3,1022504.41,0.9066298628238106,4656,5333,95249.19,0.0047286417546249,9.6095,5.659,2.2908,6,0.1454,0.3477,1,1.0,1054,0.197637,949,0.203823,2794.89,635.33,1.3798,4.5682,0.4154,1.6845,0.562,0.0,0.9297,0.4999,yes,yes,no,no,no,PASS,,1721918992,PASS,Helsinki archipelago partitioned,batch_0600/wkt/map_0572,batch_0600/wkt/map_0572/roads.wkt,batch_0600/wkt/map_0572/metadata.json,previews/OSM_helsinki_archipelago_offset_s_1000m_200m_0572.png,OK
OSM_helsinki_archipelago_offset_s_1000m_200m_0689,800,osm,helsinki_archipelago,island_or_partitioned,,1068,1056,1127808.0,1017.11,1005.3,1022504.41,0.9066298628238106,4656,5333,95249.19,0.0047286417546249,9.6095,5.659,2.2908,6,0.1454,0.3477,1,1.0,1054,0.197637,949,0.203823,2794.89,597.47,1.4115,4.5682,0.4154,1.6845,0.562,0.0,0.9297,0.4999,yes,yes,no,no,no,PASS,,3924449666,PASS,Helsinki archipelago partitioned,batch_0800/wkt/map_0689,batch_0800/wkt/map_0689/roads.wkt,batch_0800/wkt/map_0689/metadata.json,previews/OSM_helsinki_archipelago_offset_s_1000m_200m_0689.png,OK
OSM_helsinki_archipelago_offset_s_1000m_200m_0807,1000,osm,helsinki_archipelago,island_or_partitioned,,1068,1056,1127808.0,1017.11,1005.3,1022504.41,0.9066298628238106,4656,5333,95249.19,0.0047286417546249,9.6095,5.659,2.2908,6,0.1454,0.3477,1,1.0,1054,0.197637,949,0.203823,2794.89,544.3,1.3916,4.5682,0.4154,1.6845,0.562,0.0,0.9297,0.4999,yes,yes,no,no,no,PASS,,4043252784,PASS,Helsinki archipelago partitioned,batch_1000/wkt/map_0807,batch_1000/wkt/map_0807/roads.wkt,batch_1000/wkt/map_0807/metadata.json,previews/OSM_helsinki_archipelago_offset_s_1000m_200m_0807.png,OK
OSM_helsinki_archipelago_offset_s_1000m_200m_0920,1000,osm,helsinki_archipelago,island_or_partitioned,,1068,1056,1127808.0,1017.11,1005.3,1022504.41,0.9066298628238106,4656,5333,95249.19,0.0047286417546249,9.6095,5.659,2.2908,6,0.1454,0.3477,1,1.0,1054,0.197637,949,0.203823,2794.89,596.54,1.3734,4.5682,0.4154,1.6845,0.562,0.0,0.9297,0.4999,yes,yes,no,no,no,PASS,,3823173425,PASS,Helsinki archipelago partitioned,batch_1000/wkt/map_0920,batch_1000/wkt/map_0920/roads.wkt,batch_1000/wkt/map_0920/metadata.json,previews/OSM_helsinki_archipelago_offset_s_1000m_200m_0920.png,OK
OSM_helsinki_archipelago_offset_s_1000m_200m_1037,1200,osm,helsinki_archipelago,island_or_partitioned,,1068,1056,1127808.0,1017.11,1005.3,1022504.41,0.9066298628238106,4656,5333,95249.19,0.0047286417546249,9.6095,5.659,2.2908,6,0.1454,0.3477,1,1.0,1054,0.197637,949,0.203823,2794.89,594.4,1.4183,4.5682,0.4154,1.6845,0.562,0.0,0.9297,0.4999,yes,yes,no,no,no,PASS,,3716877809,PASS,Helsinki archipelago partitioned,batch_1200/wkt/map_1037,batch_1200/wkt/map_1037/roads.wkt,batch_1200/wkt/map_1037/metadata.json,previews/OSM_helsinki_archipelago_offset_s_1000m_200m_1037.png,OK
OSM_helsinki_archipelago_offset_s_1000m_200m_1160,1200,osm,helsinki_archipelago,island_or_partitioned,,1068,1056,1127808.0,1017.11,1005.3,1022504.41,0.9066298628238106,4656,5333,95249.19,0.0047286417546249,9.6095,5.659,2.2908,6,0.1454,0.3477,1,1.0,1054,0.197637,949,0.203823,2794.89,575.26,1.3711,4.5682,0.4154,1.6845,0.562,0.0,0.9297,0.4999,yes,yes,no,no,no,PASS,,1295459092,PASS,Helsinki archipelago partitioned,batch_1200/wkt/map_1160,batch_1200/wkt/map_1160/roads.wkt,batch_1200/wkt/map_1160/metadata.json,previews/OSM_helsinki_archipelago_offset_s_1000m_200m_1160.png,OK
OSM_helsinki_archipelago_offset_s_1000m_500m_0030,100,osm,helsinki_archipelago,island_or_partitioned,,750,1047,785250.0,699.02,996.98,696904.89,0.8874942862669752,3230,3659,65762.16,0.0046596625278573,9.9761,5.8026,2.2656,6,0.1319,0.3118,1,1.0,756,0.206614,673,0.208359,2630.78,492.2,1.4041,4.8807,0.3478,2.1854,0.6102,0.0,0.9248,0.4994,yes,yes,no,no,no,PASS,,1035817884,PASS,Helsinki archipelago partitioned,batch_0100/wkt/map_0030,batch_0100/wkt/map_0030/roads.wkt,batch_0100/wkt/map_0030/metadata.json,previews/OSM_helsinki_archipelago_offset_s_1000m_500m_0030.png,OK
OSM_helsinki_archipelago_offset_s_1000m_500m_0141,200,osm,helsinki_archipelago,island_or_partitioned,,750,1047,785250.0,699.02,996.98,696904.89,0.8874942862669752,3230,3659,65762.16,0.0046596625278573,9.9761,5.8026,2.2656,6,0.1319,0.3118,1,1.0,756,0.206614,673,0.208359,2630.78,499.98,1.4417,4.8807,0.3478,2.1854,0.6102,0.0,0.9248,0.4994,yes,yes,no,no,no,PASS,,1532981879,PASS,Helsinki archipelago partitioned,batch_0200/wkt/map_0141,batch_0200/wkt/map_0141/roads.wkt,batch_0200/wkt/map_0141/metadata.json,previews/OSM_helsinki_archipelago_offset_s_1000m_500m_0141.png,OK
OSM_helsinki_archipelago_offset_s_1000m_500m_0252,400,osm,helsinki_archipelago,island_or_partitioned,,750,1047,785250.0,699.02,996.98,696904.89,0.8874942862669752,3230,3659,65762.16,0.0046596625278573,9.9761,5.8026,2.2656,6,0.1319,0.3118,1,1.0,756,0.206614,673,0.208359,2630.78,581.19,1.3896,4.8807,0.3478,2.1854,0.6102,0.0,0.9248,0.4994,yes,yes,no,no,no,PASS,,887024579,PASS,Helsinki archipelago partitioned,batch_0400/wkt/map_0252,batch_0400/wkt/map_0252/roads.wkt,batch_0400/wkt/map_0252/metadata.json,previews/OSM_helsinki_archipelago_offset_s_1000m_500m_0252.png,SKIPPED_EXISTING_OK
OSM_helsinki_archipelago_offset_s_1000m_500m_0357,400,osm,helsinki_archipelago,island_or_partitioned,,750,1047,785250.0,699.02,996.98,696904.89,0.8874942862669752,3230,3659,65762.16,0.0046596625278573,9.9761,5.8026,2.2656,6,0.1319,0.3118,1,1.0,756,0.206614,673,0.208359,2630.78,554.66,1.3781,4.8807,0.3478,2.1854,0.6102,0.0,0.9248,0.4994,yes,yes,no,no,no,PASS,,2500964122,PASS,Helsinki archipelago partitioned,batch_0400/wkt/map_0357,batch_0400/wkt/map_0357/roads.wkt,batch_0400/wkt/map_0357/metadata.json,previews/OSM_helsinki_archipelago_offset_s_1000m_500m_0357.png,OK
OSM_helsinki_archipelago_offset_s_1000m_500m_0484,600,osm,helsinki_archipelago,island_or_partitioned,,750,1047,785250.0,699.02,996.98,696904.89,0.8874942862669752,3230,3659,65762.16,0.0046596625278573,9.9761,5.8026,2.2656,6,0.1319,0.3118,1,1.0,756,0.206614,673,0.208359,2630.78,518.19,1.4445,4.8807,0.3478,2.1854,0.6102,0.0,0.9248,0.4994,yes,yes,no,no,no,PASS,,2591813079,PASS,Helsinki archipelago partitioned,batch_0600/wkt/map_0484,batch_0600/wkt/map_0484/roads.wkt,batch_0600/wkt/map_0484/metadata.json,previews/OSM_helsinki_archipelago_offset_s_1000m_500m_0484.png,OK
OSM_helsinki_archipelago_offset_s_1000m_500m_0601,800,osm,helsinki_archipelago,island_or_partitioned,,750,1047,785250.0,699.02,996.98,696904.89,0.8874942862669752,3230,3659,65762.16,0.0046596625278573,9.9761,5.8026,2.2656,6,0.1319,0.3118,1,1.0,756,0.206614,673,0.208359,2630.78,550.93,1.4309,4.8807,0.3478,2.1854,0.6102,0.0,0.9248,0.4994,yes,yes,no,no,no,PASS,,3929683112,PASS,Helsinki archipelago partitioned,batch_0800/wkt/map_0601,batch_0800/wkt/map_0601/roads.wkt,batch_0800/wkt/map_0601/metadata.json,previews/OSM_helsinki_archipelago_offset_s_1000m_500m_0601.png,OK
OSM_helsinki_archipelago_offset_s_1000m_500m_0714,800,osm,helsinki_archipelago,island_or_partitioned,,750,1047,785250.0,699.02,996.98,696904.89,0.8874942862669752,3230,3659,65762.16,0.0046596625278573,9.9761,5.8026,2.2656,6,0.1319,0.3118,1,1.0,756,0.206614,673,0.208359,2630.78,594.9,1.3658,4.8807,0.3478,2.1854,0.6102,0.0,0.9248,0.4994,yes,yes,no,no,no,PASS,,852363665,PASS,Helsinki archipelago partitioned,batch_0800/wkt/map_0714,batch_0800/wkt/map_0714/roads.wkt,batch_0800/wkt/map_0714/metadata.json,previews/OSM_helsinki_archipelago_offset_s_1000m_500m_0714.png,OK
OSM_helsinki_archipelago_offset_s_1000m_500m_0837,1000,osm,helsinki_archipelago,island_or_partitioned,,750,1047,785250.0,699.02,996.98,696904.89,0.8874942862669752,3230,3659,65762.16,0.0046596625278573,9.9761,5.8026,2.2656,6,0.1319,0.3118,1,1.0,756,0.206614,673,0.208359,2630.78,586.74,1.3582,4.8807,0.3478,2.1854,0.6102,0.0,0.9248,0.4994,yes,yes,no,no,no,PASS,,3220731183,PASS,Helsinki archipelago partitioned,batch_1000/wkt/map_0837,batch_1000/wkt/map_0837/roads.wkt,batch_1000/wkt/map_0837/metadata.json,previews/OSM_helsinki_archipelago_offset_s_1000m_500m_0837.png,OK
OSM_helsinki_archipelago_offset_s_1000m_500m_0953,1000,osm,helsinki_archipelago,island_or_partitioned,,750,1047,785250.0,699.02,996.98,696904.89,0.8874942862669752,3230,3659,65762.16,0.0046596625278573,9.9761,5.8026,2.2656,6,0.1319,0.3118,1,1.0,756,0.206614,673,0.208359,2630.78,571.4,1.4091,4.8807,0.3478,2.1854,0.6102,0.0,0.9248,0.4994,yes,yes,no,no,no,PASS,,2889052217,PASS,Helsinki archipelago partitioned,batch_1000/wkt/map_0953,batch_1000/wkt/map_0953/roads.wkt,batch_1000/wkt/map_0953/metadata.json,previews/OSM_helsinki_archipelago_offset_s_1000m_500m_0953.png,OK
OSM_helsinki_archipelago_offset_s_1000m_500m_1071,1200,osm,helsinki_archipelago,island_or_partitioned,,750,1047,785250.0,699.02,996.98,696904.89,0.8874942862669752,3230,3659,65762.16,0.0046596625278573,9.9761,5.8026,2.2656,6,0.1319,0.3118,1,1.0,756,0.206614,673,0.208359,2630.78,535.2,1.4406,4.8807,0.3478,2.1854,0.6102,0.0,0.9248,0.4994,yes,yes,no,no,no,PASS,,1458857843,PASS,Helsinki archipelago partitioned,batch_1200/wkt/map_1071,batch_1200/wkt/map_1071/roads.wkt,batch_1200/wkt/map_1071/metadata.json,previews/OSM_helsinki_archipelago_offset_s_1000m_500m_1071.png,OK
OSM_helsinki_archipelago_offset_s_1000m_500m_1194,1200,osm,helsinki_archipelago,island_or_partitioned,,750,1047,785250.0,699.02,996.98,696904.89,0.8874942862669752,3230,3659,65762.16,0.0046596625278573,9.9761,5.8026,2.2656,6,0.1319,0.3118,1,1.0,756,0.206614,673,0.208359,2630.78,498.57,1.5376,4.8807,0.3478,2.1854,0.6102,0.0,0.9248,0.4994,yes,yes,no,no,no,PASS,,2501761724,PASS,Helsinki archipelago partitioned,batch_1200/wkt/map_1194,batch_1200/wkt/map_1194/roads.wkt,batch_1200/wkt/map_1194/metadata.json,previews/OSM_helsinki_archipelago_offset_s_1000m_500m_1194.png,OK
OSM_helsinki_disrupted_offset_w_1000m_1000m_0057,100,osm,helsinki_disrupted,industrial_disrupted,,1087,1065,1157655.0,1036.34,1014.5,1051362.51,0.9081829317497866,5613,6585,126548.76,0.0056882231752983,10.3839,6.0492,2.3463,5,0.1295,0.3645,1,1.0,1257,0.190888,1171,0.208623,1949.27,604.09,1.4158,4.964,0.3323,1.3585,0.5382,0.0,0.9283,0.4813,yes,yes,no,partial,no,PASS,,1418652860,PASS,Helsinki Kalasatama / Disrupted,batch_0100/wkt/map_0057,batch_0100/wkt/map_0057/roads.wkt,batch_0100/wkt/map_0057/metadata.json,previews/OSM_helsinki_disrupted_offset_w_1000m_1000m_0057.png,OK
OSM_helsinki_disrupted_offset_w_1000m_1000m_0166,200,osm,helsinki_disrupted,industrial_disrupted,,1087,1065,1157655.0,1036.34,1014.5,1051362.51,0.9081829317497866,5613,6585,126548.76,0.0056882231752983,10.3839,6.0492,2.3463,5,0.1295,0.3645,1,1.0,1257,0.190888,1171,0.208623,1949.27,657.47,1.287,4.964,0.3323,1.3585,0.5382,0.0,0.9283,0.4813,yes,yes,no,partial,no,PASS,,937609715,PASS,Helsinki Kalasatama / Disrupted,batch_0200/wkt/map_0166,batch_0200/wkt/map_0166/roads.wkt,batch_0200/wkt/map_0166/metadata.json,previews/OSM_helsinki_disrupted_offset_w_1000m_1000m_0166.png,SKIPPED_EXISTING_OK
OSM_helsinki_disrupted_offset_w_1000m_1000m_0285,400,osm,helsinki_disrupted,industrial_disrupted,,1087,1065,1157655.0,1036.34,1014.5,1051362.51,0.9081829317497866,5613,6585,126548.76,0.0056882231752983,10.3839,6.0492,2.3463,5,0.1295,0.3645,1,1.0,1257,0.190888,1171,0.208623,1949.27,595.29,1.3315,4.964,0.3323,1.3585,0.5382,0.0,0.9283,0.4813,yes,yes,no,partial,no,PASS,,3162779171,PASS,Helsinki Kalasatama / Disrupted,batch_0400/wkt/map_0285,batch_0400/wkt/map_0285/roads.wkt,batch_0400/wkt/map_0285/metadata.json,previews/OSM_helsinki_disrupted_offset_w_1000m_1000m_0285.png,OK
OSM_helsinki_disrupted_offset_w_1000m_1000m_0390,400,osm,helsinki_disrupted,industrial_disrupted,,1087,1065,1157655.0,1036.34,1014.5,1051362.51,0.9081829317497866,5613,6585,126548.76,0.0056882231752983,10.3839,6.0492,2.3463,5,0.1295,0.3645,1,1.0,1257,0.190888,1171,0.208623,1949.27,522.61,1.2975,4.964,0.3323,1.3585,0.5382,0.0,0.9283,0.4813,yes,yes,no,partial,no,PASS,,2238906098,PASS,Helsinki Kalasatama / Disrupted,batch_0400/wkt/map_0390,batch_0400/wkt/map_0390/roads.wkt,batch_0400/wkt/map_0390/metadata.json,previews/OSM_helsinki_disrupted_offset_w_1000m_1000m_0390.png,OK
OSM_helsinki_disrupted_offset_w_1000m_1000m_0510,600,osm,helsinki_disrupted,industrial_disrupted,,1087,1065,1157655.0,1036.34,1014.5,1051362.51,0.9081829317497866,5613,6585,126548.76,0.0056882231752983,10.3839,6.0492,2.3463,5,0.1295,0.3645,1,1.0,1257,0.190888,1171,0.208623,1949.27,604.27,1.3518,4.964,0.3323,1.3585,0.5382,0.0,0.9283,0.4813,yes,yes,no,partial,no,PASS,,2790990993,PASS,Helsinki Kalasatama / Disrupted,batch_0600/wkt/map_0510,batch_0600/wkt/map_0510/roads.wkt,batch_0600/wkt/map_0510/metadata.json,previews/OSM_helsinki_disrupted_offset_w_1000m_1000m_0510.png,OK
OSM_helsinki_disrupted_offset_w_1000m_1000m_0634,800,osm,helsinki_disrupted,industrial_disrupted,,1087,1065,1157655.0,1036.34,1014.5,1051362.51,0.9081829317497866,5613,6585,126548.76,0.0056882231752983,10.3839,6.0492,2.3463,5,0.1295,0.3645,1,1.0,1257,0.190888,1171,0.208623,1949.27,627.48,1.2666,4.964,0.3323,1.3585,0.5382,0.0,0.9283,0.4813,yes,yes,no,partial,no,PASS,,1488993093,PASS,Helsinki Kalasatama / Disrupted,batch_0800/wkt/map_0634,batch_0800/wkt/map_0634/roads.wkt,batch_0800/wkt/map_0634/metadata.json,previews/OSM_helsinki_disrupted_offset_w_1000m_1000m_0634.png,OK
OSM_helsinki_disrupted_offset_w_1000m_1000m_0748,800,osm,helsinki_disrupted,industrial_disrupted,,1087,1065,1157655.0,1036.34,1014.5,1051362.51,0.9081829317497866,5613,6585,126548.76,0.0056882231752983,10.3839,6.0492,2.3463,5,0.1295,0.3645,1,1.0,1257,0.190888,1171,0.208623,1949.27,567.89,1.2896,4.964,0.3323,1.3585,0.5382,0.0,0.9283,0.4813,yes,yes,no,partial,no,PASS,,2022342176,PASS,Helsinki Kalasatama / Disrupted,batch_0800/wkt/map_0748,batch_0800/wkt/map_0748/roads.wkt,batch_0800/wkt/map_0748/metadata.json,previews/OSM_helsinki_disrupted_offset_w_1000m_1000m_0748.png,OK
OSM_helsinki_disrupted_offset_w_1000m_1000m_0876,1000,osm,helsinki_disrupted,industrial_disrupted,,1087,1065,1157655.0,1036.34,1014.5,1051362.51,0.9081829317497866,5613,6585,126548.76,0.0056882231752983,10.3839,6.0492,2.3463,5,0.1295,0.3645,1,1.0,1257,0.190888,1171,0.208623,1949.27,623.78,1.3292,4.964,0.3323,1.3585,0.5382,0.0,0.9283,0.4813,yes,yes,no,partial,no,PASS,,3837897984,PASS,Helsinki Kalasatama / Disrupted,batch_1000/wkt/map_0876,batch_1000/wkt/map_0876/roads.wkt,batch_1000/wkt/map_0876/metadata.json,previews/OSM_helsinki_disrupted_offset_w_1000m_1000m_0876.png,OK
OSM_helsinki_disrupted_offset_w_1000m_1000m_0985,1000,osm,helsinki_disrupted,industrial_disrupted,,1087,1065,1157655.0,1036.34,1014.5,1051362.51,0.9081829317497866,5613,6585,126548.76,0.0056882231752983,10.3839,6.0492,2.3463,5,0.1295,0.3645,1,1.0,1257,0.190888,1171,0.208623,1949.27,598.63,1.298,4.964,0.3323,1.3585,0.5382,0.0,0.9283,0.4813,yes,yes,no,partial,no,PASS,,1187792165,PASS,Helsinki Kalasatama / Disrupted,batch_1000/wkt/map_0985,batch_1000/wkt/map_0985/roads.wkt,batch_1000/wkt/map_0985/metadata.json,previews/OSM_helsinki_disrupted_offset_w_1000m_1000m_0985.png,OK
OSM_helsinki_disrupted_offset_w_1000m_1000m_1097,1200,osm,helsinki_disrupted,industrial_disrupted,,1087,1065,1157655.0,1036.34,1014.5,1051362.51,0.9081829317497866,5613,6585,126548.76,0.0056882231752983,10.3839,6.0492,2.3463,5,0.1295,0.3645,1,1.0,1257,0.190888,1171,0.208623,1949.27,635.62,1.3073,4.964,0.3323,1.3585,0.5382,0.0,0.9283,0.4813,yes,yes,no,partial,no,PASS,,634703401,PASS,Helsinki Kalasatama / Disrupted,batch_1200/wkt/map_1097,batch_1200/wkt/map_1097/roads.wkt,batch_1200/wkt/map_1097/metadata.json,previews/OSM_helsinki_disrupted_offset_w_1000m_1000m_1097.png,OK
OSM_helsinki_disrupted_offset_w_1000m_1500m_0089,100,osm,helsinki_disrupted,industrial_disrupted,,1073,1061,1138453.0,1022.68,1010.21,1033130.4,0.9074862144137872,5626,6717,131505.69,0.0059001118184062,10.6698,6.14,2.3878,5,0.1175,0.3733,1,1.0,1286,0.191455,1195,0.212407,2629.96,713.39,1.3126,4.6602,0.4642,1.2081,0.631,0.0,0.9235,0.4679,yes,yes,no,partial,no,PASS,,532793887,PASS,Helsinki Kalasatama / Disrupted,batch_0100/wkt/map_0089,batch_0100/wkt/map_0089/roads.wkt,batch_0100/wkt/map_0089/metadata.json,previews/OSM_helsinki_disrupted_offset_w_1000m_1500m_0089.png,OK
OSM_helsinki_disrupted_offset_w_1000m_1500m_0196,200,osm,helsinki_disrupted,industrial_disrupted,,1073,1061,1138453.0,1022.68,1010.21,1033130.4,0.9074862144137872,5626,6717,131505.69,0.0059001118184062,10.6698,6.14,2.3878,5,0.1175,0.3733,1,1.0,1286,0.191455,1195,0.212407,2629.96,701.12,1.3124,4.6602,0.4642,1.2081,0.631,0.0,0.9235,0.4679,yes,yes,no,partial,no,PASS,,1158202186,PASS,Helsinki Kalasatama / Disrupted,batch_0200/wkt/map_0196,batch_0200/wkt/map_0196/roads.wkt,batch_0200/wkt/map_0196/metadata.json,previews/OSM_helsinki_disrupted_offset_w_1000m_1500m_0196.png,SKIPPED_EXISTING_OK
OSM_helsinki_disrupted_offset_w_1000m_1500m_0310,400,osm,helsinki_disrupted,industrial_disrupted,,1073,1061,1138453.0,1022.68,1010.21,1033130.4,0.9074862144137872,5626,6717,131505.69,0.0059001118184062,10.6698,6.14,2.3878,5,0.1175,0.3733,1,1.0,1286,0.191455,1195,0.212407,2629.96,632.0,1.3417,4.6602,0.4642,1.2081,0.631,0.0,0.9235,0.4679,yes,yes,no,partial,no,PASS,,752562142,PASS,Helsinki Kalasatama / Disrupted,batch_0400/wkt/map_0310,batch_0400/wkt/map_0310/roads.wkt,batch_0400/wkt/map_0310/metadata.json,previews/OSM_helsinki_disrupted_offset_w_1000m_1500m_0310.png,OK
OSM_helsinki_disrupted_offset_w_1000m_1500m_0427,600,osm,helsinki_disrupted,industrial_disrupted,,1073,1061,1138453.0,1022.68,1010.21,1033130.4,0.9074862144137872,5626,6717,131505.69,0.0059001118184062,10.6698,6.14,2.3878,5,0.1175,0.3733,1,1.0,1286,0.191455,1195,0.212407,2629.96,641.13,1.3643,4.6602,0.4642,1.2081,0.631,0.0,0.9235,0.4679,yes,yes,no,partial,no,PASS,,3833342220,PASS,Helsinki Kalasatama / Disrupted,batch_0600/wkt/map_0427,batch_0600/wkt/map_0427/roads.wkt,batch_0600/wkt/map_0427/metadata.json,previews/OSM_helsinki_disrupted_offset_w_1000m_1500m_0427.png,OK
OSM_helsinki_disrupted_offset_w_1000m_1500m_0542,600,osm,helsinki_disrupted,industrial_disrupted,,1073,1061,1138453.0,1022.68,1010.21,1033130.4,0.9074862144137872,5626,6717,131505.69,0.0059001118184062,10.6698,6.14,2.3878,5,0.1175,0.3733,1,1.0,1286,0.191455,1195,0.212407,2629.96,694.5,1.3428,4.6602,0.4642,1.2081,0.631,0.0,0.9235,0.4679,yes,yes,no,partial,no,PASS,,2143109798,PASS,Helsinki Kalasatama / Disrupted,batch_0600/wkt/map_0542,batch_0600/wkt/map_0542/roads.wkt,batch_0600/wkt/map_0542/metadata.json,previews/OSM_helsinki_disrupted_offset_w_1000m_1500m_0542.png,OK
OSM_helsinki_disrupted_offset_w_1000m_1500m_0665,800,osm,helsinki_disrupted,industrial_disrupted,,1073,1061,1138453.0,1022.68,1010.21,1033130.4,0.9074862144137872,5626,6717,131505.69,0.0059001118184062,10.6698,6.14,2.3878,5,0.1175,0.3733,1,1.0,1286,0.191455,1195,0.212407,2629.96,660.51,1.3591,4.6602,0.4642,1.2081,0.631,0.0,0.9235,0.4679,yes,yes,no,partial,no,PASS,,193237271,PASS,Helsinki Kalasatama / Disrupted,batch_0800/wkt/map_0665,batch_0800/wkt/map_0665/roads.wkt,batch_0800/wkt/map_0665/metadata.json,previews/OSM_helsinki_disrupted_offset_w_1000m_1500m_0665.png,OK
OSM_helsinki_disrupted_offset_w_1000m_1500m_0777,800,osm,helsinki_disrupted,industrial_disrupted,,1073,1061,1138453.0,1022.68,1010.21,1033130.4,0.9074862144137872,5626,6717,131505.69,0.0059001118184062,10.6698,6.14,2.3878,5,0.1175,0.3733,1,1.0,1286,0.191455,1195,0.212407,2629.96,599.35,1.3383,4.6602,0.4642,1.2081,0.631,0.0,0.9235,0.4679,yes,yes,no,partial,no,PASS,,2342032064,PASS,Helsinki Kalasatama / Disrupted,batch_0800/wkt/map_0777,batch_0800/wkt/map_0777/roads.wkt,batch_0800/wkt/map_0777/metadata.json,previews/OSM_helsinki_disrupted_offset_w_1000m_1500m_0777.png,OK
OSM_helsinki_disrupted_offset_w_1000m_1500m_0898,1000,osm,helsinki_disrupted,industrial_disrupted,,1073,1061,1138453.0,1022.68,1010.21,1033130.4,0.9074862144137872,5626,6717,131505.69,0.0059001118184062,10.6698,6.14,2.3878,5,0.1175,0.3733,1,1.0,1286,0.191455,1195,0.212407,2629.96,662.97,1.3397,4.6602,0.4642,1.2081,0.631,0.0,0.9235,0.4679,yes,yes,no,partial,no,PASS,,1234771037,PASS,Helsinki Kalasatama / Disrupted,batch_1000/wkt/map_0898,batch_1000/wkt/map_0898/roads.wkt,batch_1000/wkt/map_0898/metadata.json,previews/OSM_helsinki_disrupted_offset_w_1000m_1500m_0898.png,OK
OSM_helsinki_disrupted_offset_w_1000m_1500m_1017,1200,osm,helsinki_disrupted,industrial_disrupted,,1073,1061,1138453.0,1022.68,1010.21,1033130.4,0.9074862144137872,5626,6717,131505.69,0.0059001118184062,10.6698,6.14,2.3878,5,0.1175,0.3733,1,1.0,1286,0.191455,1195,0.212407,2629.96,689.96,1.337,4.6602,0.4642,1.2081,0.631,0.0,0.9235,0.4679,yes,yes,no,partial,no,PASS,,1577320850,PASS,Helsinki Kalasatama / Disrupted,batch_1200/wkt/map_1017,batch_1200/wkt/map_1017/roads.wkt,batch_1200/wkt/map_1017/metadata.json,previews/OSM_helsinki_disrupted_offset_w_1000m_1500m_1017.png,OK
OSM_helsinki_disrupted_offset_w_1000m_1500m_1131,1200,osm,helsinki_disrupted,industrial_disrupted,,1073,1061,1138453.0,1022.68,1010.21,1033130.4,0.9074862144137872,5626,6717,131505.69,0.0059001118184062,10.6698,6.14,2.3878,5,0.1175,0.3733,1,1.0,1286,0.191455,1195,0.212407,2629.96,644.19,1.2997,4.6602,0.4642,1.2081,0.631,0.0,0.9235,0.4679,yes,yes,no,partial,no,PASS,,508029228,PASS,Helsinki Kalasatama / Disrupted,batch_1200/wkt/map_1131,batch_1200/wkt/map_1131/roads.wkt,batch_1200/wkt/map_1131/metadata.json,previews/OSM_helsinki_disrupted_offset_w_1000m_1500m_1131.png,OK
OSM_helsinki_disrupted_offset_w_1000m_200m_0005,100,osm,helsinki_disrupted,industrial_disrupted,,1059,1071,1134189.0,1008.33,1020.76,1029257.27,0.9074830329692628,4111,4855,111300.75,0.0042805916826913,12.2821,6.9735,2.362,6,0.0927,0.344,1,1.0,778,0.160247,726,0.176599,2330.06,692.48,1.4439,4.6744,0.3217,1.7309,0.5363,0.0,0.9182,0.4625,yes,yes,no,partial,no,PASS,,3326327043,PASS,Helsinki Kalasatama / Disrupted,batch_0100/wkt/map_0005,batch_0100/wkt/map_0005/roads.wkt,batch_0100/wkt/map_0005/metadata.json,previews/OSM_helsinki_disrupted_offset_w_1000m_200m_0005.png,OK
OSM_helsinki_disrupted_offset_w_1000m_200m_0115,200,osm,helsinki_disrupted,industrial_disrupted,,1059,1071,1134189.0,1008.33,1020.76,1029257.27,0.9074830329692628,4111,4855,111300.75,0.0042805916826913,12.2821,6.9735,2.362,6,0.0927,0.344,1,1.0,778,0.160247,726,0.176599,2330.06,637.77,1.5917,4.6744,0.3217,1.7309,0.5363,0.0,0.9182,0.4625,yes,yes,no,partial,no,PASS,,3074978416,PASS,Helsinki Kalasatama / Disrupted,batch_0200/wkt/map_0115,batch_0200/wkt/map_0115/roads.wkt,batch_0200/wkt/map_0115/metadata.json,previews/OSM_helsinki_disrupted_offset_w_1000m_200m_0115.png,OK
OSM_helsinki_disrupted_offset_w_1000m_200m_0225,400,osm,helsinki_disrupted,industrial_disrupted,,1059,1071,1134189.0,1008.33,1020.76,1029257.27,0.9074830329692628,4111,4855,111300.75,0.0042805916826913,12.2821,6.9735,2.362,6,0.0927,0.344,1,1.0,778,0.160247,726,0.176599,2330.06,613.01,1.4391,4.6744,0.3217,1.7309,0.5363,0.0,0.9182,0.4625,yes,yes,no,partial,no,PASS,,1184840449,PASS,Helsinki Kalasatama / Disrupted,batch_0400/wkt/map_0225,batch_0400/wkt/map_0225/roads.wkt,batch_0400/wkt/map_0225/metadata.json,previews/OSM_helsinki_disrupted_offset_w_1000m_200m_0225.png,SKIPPED_EXISTING_OK
OSM_helsinki_disrupted_offset_w_1000m_200m_0332,400,osm,helsinki_disrupted,industrial_disrupted,,1059,1071,1134189.0,1008.33,1020.76,1029257.27,0.9074830329692628,4111,4855,111300.75,0.0042805916826913,12.2821,6.9735,2.362,6,0.0927,0.344,1,1.0,778,0.160247,726,0.176599,2330.06,635.34,1.4596,4.6744,0.3217,1.7309,0.5363,0.0,0.9182,0.4625,yes,yes,no,partial,no,PASS,,3299349744,PASS,Helsinki Kalasatama / Disrupted,batch_0400/wkt/map_0332,batch_0400/wkt/map_0332/roads.wkt,batch_0400/wkt/map_0332/metadata.json,previews/OSM_helsinki_disrupted_offset_w_1000m_200m_0332.png,OK
OSM_helsinki_disrupted_offset_w_1000m_200m_0456,600,osm,helsinki_disrupted,industrial_disrupted,,1059,1071,1134189.0,1008.33,1020.76,1029257.27,0.9074830329692628,4111,4855,111300.75,0.0042805916826913,12.2821,6.9735,2.362,6,0.0927,0.344,1,1.0,778,0.160247,726,0.176599,2330.06,637.87,1.4568,4.6744,0.3217,1.7309,0.5363,0.0,0.9182,0.4625,yes,yes,no,partial,no,PASS,,1724739466,PASS,Helsinki Kalasatama / Disrupted,batch_0600/wkt/map_0456,batch_0600/wkt/map_0456/roads.wkt,batch_0600/wkt/map_0456/metadata.json,previews/OSM_helsinki_disrupted_offset_w_1000m_200m_0456.png,OK
OSM_helsinki_disrupted_offset_w_1000m_200m_0576,600,osm,helsinki_disrupted,industrial_disrupted,,1059,1071,1134189.0,1008.33,1020.76,1029257.27,0.9074830329692628,4111,4855,111300.75,0.0042805916826913,12.2821,6.9735,2.362,6,0.0927,0.344,1,1.0,778,0.160247,726,0.176599,2330.06,621.36,1.3843,4.6744,0.3217,1.7309,0.5363,0.0,0.9182,0.4625,yes,yes,no,partial,no,PASS,,1441130881,PASS,Helsinki Kalasatama / Disrupted,batch_0600/wkt/map_0576,batch_0600/wkt/map_0576/roads.wkt,batch_0600/wkt/map_0576/metadata.json,previews/OSM_helsinki_disrupted_offset_w_1000m_200m_0576.png,OK
OSM_helsinki_disrupted_offset_w_1000m_200m_0691,800,osm,helsinki_disrupted,industrial_disrupted,,1059,1071,1134189.0,1008.33,1020.76,1029257.27,0.9074830329692628,4111,4855,111300.75,0.0042805916826913,12.2821,6.9735,2.362,6,0.0927,0.344,1,1.0,778,0.160247,726,0.176599,2330.06,609.64,2.3344,4.6744,0.3217,1.7309,0.5363,0.0,0.9182,0.4625,yes,yes,no,partial,no,PASS,,2737041265,PASS,Helsinki Kalasatama / Disrupted,batch_0800/wkt/map_0691,batch_0800/wkt/map_0691/roads.wkt,batch_0800/wkt/map_0691/metadata.json,previews/OSM_helsinki_disrupted_offset_w_1000m_200m_0691.png,OK
OSM_helsinki_disrupted_offset_w_1000m_200m_0808,1000,osm,helsinki_disrupted,industrial_disrupted,,1059,1071,1134189.0,1008.33,1020.76,1029257.27,0.9074830329692628,4111,4855,111300.75,0.0042805916826913,12.2821,6.9735,2.362,6,0.0927,0.344,1,1.0,778,0.160247,726,0.176599,2330.06,594.05,1.3184,4.6744,0.3217,1.7309,0.5363,0.0,0.9182,0.4625,yes,yes,no,partial,no,PASS,,399322815,PASS,Helsinki Kalasatama / Disrupted,batch_1000/wkt/map_0808,batch_1000/wkt/map_0808/roads.wkt,batch_1000/wkt/map_0808/metadata.json,previews/OSM_helsinki_disrupted_offset_w_1000m_200m_0808.png,OK
OSM_helsinki_disrupted_offset_w_1000m_200m_0922,1000,osm,helsinki_disrupted,industrial_disrupted,,1059,1071,1134189.0,1008.33,1020.76,1029257.27,0.9074830329692628,4111,4855,111300.75,0.0042805916826913,12.2821,6.9735,2.362,6,0.0927,0.344,1,1.0,778,0.160247,726,0.176599,2330.06,571.46,1.4202,4.6744,0.3217,1.7309,0.5363,0.0,0.9182,0.4625,yes,yes,no,partial,no,PASS,,1069142591,PASS,Helsinki Kalasatama / Disrupted,batch_1000/wkt/map_0922,batch_1000/wkt/map_0922/roads.wkt,batch_1000/wkt/map_0922/metadata.json,previews/OSM_helsinki_disrupted_offset_w_1000m_200m_0922.png,OK
OSM_helsinki_disrupted_offset_w_1000m_200m_1045,1200,osm,helsinki_disrupted,industrial_disrupted,,1059,1071,1134189.0,1008.33,1020.76,1029257.27,0.9074830329692628,4111,4855,111300.75,0.0042805916826913,12.2821,6.9735,2.362,6,0.0927,0.344,1,1.0,778,0.160247,726,0.176599,2330.06,632.36,1.4369,4.6744,0.3217,1.7309,0.5363,0.0,0.9182,0.4625,yes,yes,no,partial,no,PASS,,4081023902,PASS,Helsinki Kalasatama / Disrupted,batch_1200/wkt/map_1045,batch_1200/wkt/map_1045/roads.wkt,batch_1200/wkt/map_1045/metadata.json,previews/OSM_helsinki_disrupted_offset_w_1000m_200m_1045.png,OK
OSM_helsinki_disrupted_offset_w_1000m_200m_1161,1200,osm,helsinki_disrupted,industrial_disrupted,,1059,1071,1134189.0,1008.33,1020.76,1029257.27,0.9074830329692628,4111,4855,111300.75,0.0042805916826913,12.2821,6.9735,2.362,6,0.0927,0.344,1,1.0,778,0.160247,726,0.176599,2330.06,658.32,1.4779,4.6744,0.3217,1.7309,0.5363,0.0,0.9182,0.4625,yes,yes,no,partial,no,PASS,,4238992048,PASS,Helsinki Kalasatama / Disrupted,batch_1200/wkt/map_1161,batch_1200/wkt/map_1161/roads.wkt,batch_1200/wkt/map_1161/metadata.json,previews/OSM_helsinki_disrupted_offset_w_1000m_200m_1161.png,OK
OSM_helsinki_disrupted_offset_w_1000m_500m_0031,100,osm,helsinki_disrupted,industrial_disrupted,,1101,1074,1182474.0,1050.55,1023.77,1075521.38,0.9095518189774856,4707,5506,113536.27,0.0046563391668654,11.1858,6.551,2.3395,5,0.0967,0.3355,1,1.0,883,0.160371,823,0.174846,2135.39,664.35,1.4251,4.7683,0.2613,1.5525,0.6572,0.0,0.9297,0.4687,yes,yes,no,partial,no,PASS,,1362137261,PASS,Helsinki Kalasatama / Disrupted,batch_0100/wkt/map_0031,batch_0100/wkt/map_0031/roads.wkt,batch_0100/wkt/map_0031/metadata.json,previews/OSM_helsinki_disrupted_offset_w_1000m_500m_0031.png,OK
OSM_helsinki_disrupted_offset_w_1000m_500m_0142,200,osm,helsinki_disrupted,industrial_disrupted,,1101,1074,1182474.0,1050.55,1023.77,1075521.38,0.9095518189774856,4707,5506,113536.27,0.0046563391668654,11.1858,6.551,2.3395,5,0.0967,0.3355,1,1.0,883,0.160371,823,0.174846,2135.39,724.09,1.3468,4.7683,0.2613,1.5525,0.6572,0.0,0.9297,0.4687,yes,yes,no,partial,no,PASS,,4252542621,PASS,Helsinki Kalasatama / Disrupted,batch_0200/wkt/map_0142,batch_0200/wkt/map_0142/roads.wkt,batch_0200/wkt/map_0142/metadata.json,previews/OSM_helsinki_disrupted_offset_w_1000m_500m_0142.png,OK
OSM_helsinki_disrupted_offset_w_1000m_500m_0253,400,osm,helsinki_disrupted,industrial_disrupted,,1101,1074,1182474.0,1050.55,1023.77,1075521.38,0.9095518189774856,4707,5506,113536.27,0.0046563391668654,11.1858,6.551,2.3395,5,0.0967,0.3355,1,1.0,883,0.160371,823,0.174846,2135.39,737.63,1.4217,4.7683,0.2613,1.5525,0.6572,0.0,0.9297,0.4687,yes,yes,no,partial,no,PASS,,420561052,PASS,Helsinki Kalasatama / Disrupted,batch_0400/wkt/map_0253,batch_0400/wkt/map_0253/roads.wkt,batch_0400/wkt/map_0253/metadata.json,previews/OSM_helsinki_disrupted_offset_w_1000m_500m_0253.png,SKIPPED_EXISTING_OK
OSM_helsinki_disrupted_offset_w_1000m_500m_0358,400,osm,helsinki_disrupted,industrial_disrupted,,1101,1074,1182474.0,1050.55,1023.77,1075521.38,0.9095518189774856,4707,5506,113536.27,0.0046563391668654,11.1858,6.551,2.3395,5,0.0967,0.3355,1,1.0,883,0.160371,823,0.174846,2135.39,680.38,1.3634,4.7683,0.2613,1.5525,0.6572,0.0,0.9297,0.4687,yes,yes,no,partial,no,PASS,,4101376194,PASS,Helsinki Kalasatama / Disrupted,batch_0400/wkt/map_0358,batch_0400/wkt/map_0358/roads.wkt,batch_0400/wkt/map_0358/metadata.json,previews/OSM_helsinki_disrupted_offset_w_1000m_500m_0358.png,OK
OSM_helsinki_disrupted_offset_w_1000m_500m_0486,600,osm,helsinki_disrupted,industrial_disrupted,,1101,1074,1182474.0,1050.55,1023.77,1075521.38,0.9095518189774856,4707,5506,113536.27,0.0046563391668654,11.1858,6.551,2.3395,5,0.0967,0.3355,1,1.0,883,0.160371,823,0.174846,2135.39,708.61,1.4068,4.7683,0.2613,1.5525,0.6572,0.0,0.9297,0.4687,yes,yes,no,partial,no,PASS,,237821193,PASS,Helsinki Kalasatama / Disrupted,batch_0600/wkt/map_0486,batch_0600/wkt/map_0486/roads.wkt,batch_0600/wkt/map_0486/metadata.json,previews/OSM_helsinki_disrupted_offset_w_1000m_500m_0486.png,OK
OSM_helsinki_disrupted_offset_w_1000m_500m_0603,800,osm,helsinki_disrupted,industrial_disrupted,,1101,1074,1182474.0,1050.55,1023.77,1075521.38,0.9095518189774856,4707,5506,113536.27,0.0046563391668654,11.1858,6.551,2.3395,5,0.0967,0.3355,1,1.0,883,0.160371,823,0.174846,2135.39,724.5,1.4721,4.7683,0.2613,1.5525,0.6572,0.0,0.9297,0.4687,yes,yes,no,partial,no,PASS,,2490165493,PASS,Helsinki Kalasatama / Disrupted,batch_0800/wkt/map_0603,batch_0800/wkt/map_0603/roads.wkt,batch_0800/wkt/map_0603/metadata.json,previews/OSM_helsinki_disrupted_offset_w_1000m_500m_0603.png,OK
OSM_helsinki_disrupted_offset_w_1000m_500m_0715,800,osm,helsinki_disrupted,industrial_disrupted,,1101,1074,1182474.0,1050.55,1023.77,1075521.38,0.9095518189774856,4707,5506,113536.27,0.0046563391668654,11.1858,6.551,2.3395,5,0.0967,0.3355,1,1.0,883,0.160371,823,0.174846,2135.39,731.15,1.4045,4.7683,0.2613,1.5525,0.6572,0.0,0.9297,0.4687,yes,yes,no,partial,no,PASS,,899896570,PASS,Helsinki Kalasatama / Disrupted,batch_0800/wkt/map_0715,batch_0800/wkt/map_0715/roads.wkt,batch_0800/wkt/map_0715/metadata.json,previews/OSM_helsinki_disrupted_offset_w_1000m_500m_0715.png,OK
OSM_helsinki_disrupted_offset_w_1000m_500m_0838,1000,osm,helsinki_disrupted,industrial_disrupted,,1101,1074,1182474.0,1050.55,1023.77,1075521.38,0.9095518189774856,4707,5506,113536.27,0.0046563391668654,11.1858,6.551,2.3395,5,0.0967,0.3355,1,1.0,883,0.160371,823,0.174846,2135.39,749.56,1.3747,4.7683,0.2613,1.5525,0.6572,0.0,0.9297,0.4687,yes,yes,no,partial,no,PASS,,4219517347,PASS,Helsinki Kalasatama / Disrupted,batch_1000/wkt/map_0838,batch_1000/wkt/map_0838/roads.wkt,batch_1000/wkt/map_0838/metadata.json,previews/OSM_helsinki_disrupted_offset_w_1000m_500m_0838.png,OK
OSM_helsinki_disrupted_offset_w_1000m_500m_0954,1000,osm,helsinki_disrupted,industrial_disrupted,,1101,1074,1182474.0,1050.55,1023.77,1075521.38,0.9095518189774856,4707,5506,113536.27,0.0046563391668654,11.1858,6.551,2.3395,5,0.0967,0.3355,1,1.0,883,0.160371,823,0.174846,2135.39,735.57,1.4856,4.7683,0.2613,1.5525,0.6572,0.0,0.9297,0.4687,yes,yes,no,partial,no,PASS,,855873116,PASS,Helsinki Kalasatama / Disrupted,batch_1000/wkt/map_0954,batch_1000/wkt/map_0954/roads.wkt,batch_1000/wkt/map_0954/metadata.json,previews/OSM_helsinki_disrupted_offset_w_1000m_500m_0954.png,OK
OSM_helsinki_disrupted_offset_w_1000m_500m_1072,1200,osm,helsinki_disrupted,industrial_disrupted,,1101,1074,1182474.0,1050.55,1023.77,1075521.38,0.9095518189774856,4707,5506,113536.27,0.0046563391668654,11.1858,6.551,2.3395,5,0.0967,0.3355,1,1.0,883,0.160371,823,0.174846,2135.39,775.05,1.4691,4.7683,0.2613,1.5525,0.6572,0.0,0.9297,0.4687,yes,yes,no,partial,no,PASS,,93037660,PASS,Helsinki Kalasatama / Disrupted,batch_1200/wkt/map_1072,batch_1200/wkt/map_1072/roads.wkt,batch_1200/wkt/map_1072/metadata.json,previews/OSM_helsinki_disrupted_offset_w_1000m_500m_1072.png,OK
OSM_helsinki_disrupted_offset_w_1000m_500m_1198,1200,osm,helsinki_disrupted,industrial_disrupted,,1101,1074,1182474.0,1050.55,1023.77,1075521.38,0.9095518189774856,4707,5506,113536.27,0.0046563391668654,11.1858,6.551,2.3395,5,0.0967,0.3355,1,1.0,883,0.160371,823,0.174846,2135.39,674.76,1.3915,4.7683,0.2613,1.5525,0.6572,0.0,0.9297,0.4687,yes,yes,no,partial,no,PASS,,1521738299,PASS,Helsinki Kalasatama / Disrupted,batch_1200/wkt/map_1198,batch_1200/wkt/map_1198/roads.wkt,batch_1200/wkt/map_1198/metadata.json,previews/OSM_helsinki_disrupted_offset_w_1000m_500m_1198.png,OK
OSM_helsinki_downtown_exact_1000m_0m_0006,100,osm,helsinki_downtown,dense_urban_irregular,,1073,1033,1108409.0,1022.24,982.19,1004033.69,0.9058332150149564,881,922,14027.38,0.0008318229101351,12.0926,7.144,2.0931,5,0.0182,0.084,1,1.0,169,0.183297,169,0.191827,2295.65,648.76,1.358,4.6013,0.4181,1.6074,0.5084,0.0,0.9046,0.4859,yes,yes,partial,yes,no,PASS,,3751819965,PASS,Helsinki Downtown,batch_0100/wkt/map_0006,batch_0100/wkt/map_0006/roads.wkt,batch_0100/wkt/map_0006/metadata.json,previews/OSM_helsinki_downtown_exact_1000m_0m_0006.png,OK
OSM_helsinki_downtown_exact_1000m_0m_0117,200,osm,helsinki_downtown,dense_urban_irregular,,1073,1033,1108409.0,1022.24,982.19,1004033.69,0.9058332150149564,881,922,14027.38,0.0008318229101351,12.0926,7.144,2.0931,5,0.0182,0.084,1,1.0,169,0.183297,169,0.191827,2295.65,635.95,1.5873,4.6013,0.4181,1.6074,0.5084,0.0,0.9046,0.4859,yes,yes,partial,yes,no,PASS,,1597017971,PASS,Helsinki Downtown,batch_0200/wkt/map_0117,batch_0200/wkt/map_0117/roads.wkt,batch_0200/wkt/map_0117/metadata.json,previews/OSM_helsinki_downtown_exact_1000m_0m_0117.png,OK
OSM_helsinki_downtown_exact_1000m_0m_0229,400,osm,helsinki_downtown,dense_urban_irregular,,1073,1033,1108409.0,1022.24,982.19,1004033.69,0.9058332150149564,881,922,14027.38,0.0008318229101351,12.0926,7.144,2.0931,5,0.0182,0.084,1,1.0,169,0.183297,169,0.191827,2295.65,700.62,1.4368,4.6013,0.4181,1.6074,0.5084,0.0,0.9046,0.4859,yes,yes,partial,yes,no,PASS,,444920584,PASS,Helsinki Downtown,batch_0400/wkt/map_0229,batch_0400/wkt/map_0229/roads.wkt,batch_0400/wkt/map_0229/metadata.json,previews/OSM_helsinki_downtown_exact_1000m_0m_0229.png,OK
OSM_helsinki_downtown_exact_1000m_0m_0336,400,osm,helsinki_downtown,dense_urban_irregular,,1073,1033,1108409.0,1022.24,982.19,1004033.69,0.9058332150149564,881,922,14027.38,0.0008318229101351,12.0926,7.144,2.0931,5,0.0182,0.084,1,1.0,169,0.183297,169,0.191827,2295.65,735.56,1.4802,4.6013,0.4181,1.6074,0.5084,0.0,0.9046,0.4859,yes,yes,partial,yes,no,PASS,,455824578,PASS,Helsinki Downtown,batch_0400/wkt/map_0336,batch_0400/wkt/map_0336/roads.wkt,batch_0400/wkt/map_0336/metadata.json,previews/OSM_helsinki_downtown_exact_1000m_0m_0336.png,OK
OSM_helsinki_downtown_exact_1000m_0m_0457,600,osm,helsinki_downtown,dense_urban_irregular,,1073,1033,1108409.0,1022.24,982.19,1004033.69,0.9058332150149564,881,922,14027.38,0.0008318229101351,12.0926,7.144,2.0931,5,0.0182,0.084,1,1.0,169,0.183297,169,0.191827,2295.65,729.13,1.6245,4.6013,0.4181,1.6074,0.5084,0.0,0.9046,0.4859,yes,yes,partial,yes,no,PASS,,298945024,PASS,Helsinki Downtown,batch_0600/wkt/map_0457,batch_0600/wkt/map_0457/roads.wkt,batch_0600/wkt/map_0457/metadata.json,previews/OSM_helsinki_downtown_exact_1000m_0m_0457.png,OK
OSM_helsinki_downtown_exact_1000m_0m_0579,600,osm,helsinki_downtown,dense_urban_irregular,,1073,1033,1108409.0,1022.24,982.19,1004033.69,0.9058332150149564,881,922,14027.38,0.0008318229101351,12.0926,7.144,2.0931,5,0.0182,0.084,1,1.0,169,0.183297,169,0.191827,2295.65,577.97,1.5377,4.6013,0.4181,1.6074,0.5084,0.0,0.9046,0.4859,yes,yes,partial,yes,no,PASS,,208532613,PASS,Helsinki Downtown,batch_0600/wkt/map_0579,batch_0600/wkt/map_0579/roads.wkt,batch_0600/wkt/map_0579/metadata.json,previews/OSM_helsinki_downtown_exact_1000m_0m_0579.png,OK
OSM_helsinki_downtown_exact_1000m_0m_0697,800,osm,helsinki_downtown,dense_urban_irregular,,1073,1033,1108409.0,1022.24,982.19,1004033.69,0.9058332150149564,881,922,14027.38,0.0008318229101351,12.0926,7.144,2.0931,5,0.0182,0.084,1,1.0,169,0.183297,169,0.191827,2295.65,687.36,1.4606,4.6013,0.4181,1.6074,0.5084,0.0,0.9046,0.4859,yes,yes,partial,yes,no,PASS,,3029893460,PASS,Helsinki Downtown,batch_0800/wkt/map_0697,batch_0800/wkt/map_0697/roads.wkt,batch_0800/wkt/map_0697/metadata.json,previews/OSM_helsinki_downtown_exact_1000m_0m_0697.png,OK
OSM_helsinki_downtown_exact_1000m_0m_0809,1000,osm,helsinki_downtown,dense_urban_irregular,,1073,1033,1108409.0,1022.24,982.19,1004033.69,0.9058332150149564,881,922,14027.38,0.0008318229101351,12.0926,7.144,2.0931,5,0.0182,0.084,1,1.0,169,0.183297,169,0.191827,2295.65,669.66,1.7152,4.6013,0.4181,1.6074,0.5084,0.0,0.9046,0.4859,yes,yes,partial,yes,no,PASS,,3409377800,PASS,Helsinki Downtown,batch_1000/wkt/map_0809,batch_1000/wkt/map_0809/roads.wkt,batch_1000/wkt/map_0809/metadata.json,previews/OSM_helsinki_downtown_exact_1000m_0m_0809.png,OK
OSM_helsinki_downtown_exact_1000m_0m_0926,1000,osm,helsinki_downtown,dense_urban_irregular,,1073,1033,1108409.0,1022.24,982.19,1004033.69,0.9058332150149564,881,922,14027.38,0.0008318229101351,12.0926,7.144,2.0931,5,0.0182,0.084,1,1.0,169,0.183297,169,0.191827,2295.65,602.4,1.3725,4.6013,0.4181,1.6074,0.5084,0.0,0.9046,0.4859,yes,yes,partial,yes,no,PASS,,331029587,PASS,Helsinki Downtown,batch_1000/wkt/map_0926,batch_1000/wkt/map_0926/roads.wkt,batch_1000/wkt/map_0926/metadata.json,previews/OSM_helsinki_downtown_exact_1000m_0m_0926.png,OK
OSM_helsinki_downtown_exact_1000m_0m_1047,1200,osm,helsinki_downtown,dense_urban_irregular,,1073,1033,1108409.0,1022.24,982.19,1004033.69,0.9058332150149564,881,922,14027.38,0.0008318229101351,12.0926,7.144,2.0931,5,0.0182,0.084,1,1.0,169,0.183297,169,0.191827,2295.65,663.99,1.4723,4.6013,0.4181,1.6074,0.5084,0.0,0.9046,0.4859,yes,yes,partial,yes,no,PASS,,893047663,PASS,Helsinki Downtown,batch_1200/wkt/map_1047,batch_1200/wkt/map_1047/roads.wkt,batch_1200/wkt/map_1047/metadata.json,previews/OSM_helsinki_downtown_exact_1000m_0m_1047.png,OK
OSM_helsinki_downtown_exact_1000m_0m_1162,1200,osm,helsinki_downtown,dense_urban_irregular,,1073,1033,1108409.0,1022.24,982.19,1004033.69,0.9058332150149564,881,922,14027.38,0.0008318229101351,12.0926,7.144,2.0931,5,0.0182,0.084,1,1.0,169,0.183297,169,0.191827,2295.65,718.89,1.5606,4.6013,0.4181,1.6074,0.5084,0.0,0.9046,0.4859,yes,yes,partial,yes,no,PASS,,2897432184,PASS,Helsinki Downtown,batch_1200/wkt/map_1162,batch_1200/wkt/map_1162/roads.wkt,batch_1200/wkt/map_1162/metadata.json,previews/OSM_helsinki_downtown_exact_1000m_0m_1162.png,OK
OSM_helsinki_downtown_exact_1500m_0m_0090,100,osm,helsinki_downtown,dense_urban_irregular,,1554,1547,2404038.0,1503.49,1496.92,2250602.26,0.936175825128722,2494,2615,44930.92,0.0010877531885935,12.088,7.0846,2.097,5,0.014,0.0834,1,1.0,348,0.133078,342,0.137129,3159.74,1004.94,1.3948,4.4173,0.4657,1.4034,0.5754,0.0,0.9296,0.4834,yes,yes,partial,yes,no,PASS,,924424975,PASS,Helsinki Downtown,batch_0100/wkt/map_0090,batch_0100/wkt/map_0090/roads.wkt,batch_0100/wkt/map_0090/metadata.json,previews/OSM_helsinki_downtown_exact_1500m_0m_0090.png,OK
OSM_helsinki_downtown_exact_1500m_0m_0197,200,osm,helsinki_downtown,dense_urban_irregular,,1554,1547,2404038.0,1503.49,1496.92,2250602.26,0.936175825128722,2494,2615,44930.92,0.0010877531885935,12.088,7.0846,2.097,5,0.014,0.0834,1,1.0,348,0.133078,342,0.137129,3159.74,1089.58,1.4333,4.4173,0.4657,1.4034,0.5754,0.0,0.9296,0.4834,yes,yes,partial,yes,no,PASS,,971255183,PASS,Helsinki Downtown,batch_0200/wkt/map_0197,batch_0200/wkt/map_0197/roads.wkt,batch_0200/wkt/map_0197/metadata.json,previews/OSM_helsinki_downtown_exact_1500m_0m_0197.png,SKIPPED_EXISTING_OK
OSM_helsinki_downtown_exact_1500m_0m_0311,400,osm,helsinki_downtown,dense_urban_irregular,,1554,1547,2404038.0,1503.49,1496.92,2250602.26,0.936175825128722,2494,2615,44930.92,0.0010877531885935,12.088,7.0846,2.097,5,0.014,0.0834,1,1.0,348,0.133078,342,0.137129,3159.74,998.73,1.4424,4.4173,0.4657,1.4034,0.5754,0.0,0.9296,0.4834,yes,yes,partial,yes,no,PASS,,3044982038,PASS,Helsinki Downtown,batch_0400/wkt/map_0311,batch_0400/wkt/map_0311/roads.wkt,batch_0400/wkt/map_0311/metadata.json,previews/OSM_helsinki_downtown_exact_1500m_0m_0311.png,OK
OSM_helsinki_downtown_exact_1500m_0m_0430,600,osm,helsinki_downtown,dense_urban_irregular,,1554,1547,2404038.0,1503.49,1496.92,2250602.26,0.936175825128722,2494,2615,44930.92,0.0010877531885935,12.088,7.0846,2.097,5,0.014,0.0834,1,1.0,348,0.133078,342,0.137129,3159.74,1163.78,1.4145,4.4173,0.4657,1.4034,0.5754,0.0,0.9296,0.4834,yes,yes,partial,yes,no,PASS,,3399433831,PASS,Helsinki Downtown,batch_0600/wkt/map_0430,batch_0600/wkt/map_0430/roads.wkt,batch_0600/wkt/map_0430/metadata.json,previews/OSM_helsinki_downtown_exact_1500m_0m_0430.png,OK
OSM_helsinki_downtown_exact_1500m_0m_0550,600,osm,helsinki_downtown,dense_urban_irregular,,1554,1547,2404038.0,1503.49,1496.92,2250602.26,0.936175825128722,2494,2615,44930.92,0.0010877531885935,12.088,7.0846,2.097,5,0.014,0.0834,1,1.0,348,0.133078,342,0.137129,3159.74,1183.34,1.4378,4.4173,0.4657,1.4034,0.5754,0.0,0.9296,0.4834,yes,yes,partial,yes,no,PASS,,1779564019,PASS,Helsinki Downtown,batch_0600/wkt/map_0550,batch_0600/wkt/map_0550/roads.wkt,batch_0600/wkt/map_0550/metadata.json,previews/OSM_helsinki_downtown_exact_1500m_0m_0550.png,OK
OSM_helsinki_downtown_exact_1500m_0m_0667,800,osm,helsinki_downtown,dense_urban_irregular,,1554,1547,2404038.0,1503.49,1496.92,2250602.26,0.936175825128722,2494,2615,44930.92,0.0010877531885935,12.088,7.0846,2.097,5,0.014,0.0834,1,1.0,348,0.133078,342,0.137129,3159.74,1060.98,1.447,4.4173,0.4657,1.4034,0.5754,0.0,0.9296,0.4834,yes,yes,partial,yes,no,PASS,,3164888676,PASS,Helsinki Downtown,batch_0800/wkt/map_0667,batch_0800/wkt/map_0667/roads.wkt,batch_0800/wkt/map_0667/metadata.json,previews/OSM_helsinki_downtown_exact_1500m_0m_0667.png,OK
OSM_helsinki_downtown_exact_1500m_0m_0779,800,osm,helsinki_downtown,dense_urban_irregular,,1554,1547,2404038.0,1503.49,1496.92,2250602.26,0.936175825128722,2494,2615,44930.92,0.0010877531885935,12.088,7.0846,2.097,5,0.014,0.0834,1,1.0,348,0.133078,342,0.137129,3159.74,1090.73,1.3991,4.4173,0.4657,1.4034,0.5754,0.0,0.9296,0.4834,yes,yes,partial,yes,no,PASS,,4160264056,PASS,Helsinki Downtown,batch_0800/wkt/map_0779,batch_0800/wkt/map_0779/roads.wkt,batch_0800/wkt/map_0779/metadata.json,previews/OSM_helsinki_downtown_exact_1500m_0m_0779.png,OK
OSM_helsinki_downtown_exact_1500m_0m_0899,1000,osm,helsinki_downtown,dense_urban_irregular,,1554,1547,2404038.0,1503.49,1496.92,2250602.26,0.936175825128722,2494,2615,44930.92,0.0010877531885935,12.088,7.0846,2.097,5,0.014,0.0834,1,1.0,348,0.133078,342,0.137129,3159.74,1129.53,1.4436,4.4173,0.4657,1.4034,0.5754,0.0,0.9296,0.4834,yes,yes,partial,yes,no,PASS,,4078965355,PASS,Helsinki Downtown,batch_1000/wkt/map_0899,batch_1000/wkt/map_0899/roads.wkt,batch_1000/wkt/map_0899/metadata.json,previews/OSM_helsinki_downtown_exact_1500m_0m_0899.png,OK
OSM_helsinki_downtown_exact_1500m_0m_1018,1200,osm,helsinki_downtown,dense_urban_irregular,,1554,1547,2404038.0,1503.49,1496.92,2250602.26,0.936175825128722,2494,2615,44930.92,0.0010877531885935,12.088,7.0846,2.097,5,0.014,0.0834,1,1.0,348,0.133078,342,0.137129,3159.74,1118.56,1.5302,4.4173,0.4657,1.4034,0.5754,0.0,0.9296,0.4834,yes,yes,partial,yes,no,PASS,,186789447,PASS,Helsinki Downtown,batch_1200/wkt/map_1018,batch_1200/wkt/map_1018/roads.wkt,batch_1200/wkt/map_1018/metadata.json,previews/OSM_helsinki_downtown_exact_1500m_0m_1018.png,OK
OSM_helsinki_downtown_exact_1500m_0m_1135,1200,osm,helsinki_downtown,dense_urban_irregular,,1554,1547,2404038.0,1503.49,1496.92,2250602.26,0.936175825128722,2494,2615,44930.92,0.0010877531885935,12.088,7.0846,2.097,5,0.014,0.0834,1,1.0,348,0.133078,342,0.137129,3159.74,1134.67,1.3963,4.4173,0.4657,1.4034,0.5754,0.0,0.9296,0.4834,yes,yes,partial,yes,no,PASS,,1636148836,PASS,Helsinki Downtown,batch_1200/wkt/map_1135,batch_1200/wkt/map_1135/roads.wkt,batch_1200/wkt/map_1135/metadata.json,previews/OSM_helsinki_downtown_exact_1500m_0m_1135.png,OK
OSM_helsinki_downtown_exact_2500m_0m_0060,100,osm,helsinki_downtown,dense_urban_irregular,,2548,2560,6522880.0,2497.21,2509.84,6267587.37,0.9608619764611276,6374,6723,122250.16,0.0010306796997645,12.6934,7.2684,2.1095,5,0.0096,0.0874,1,1.0,494,0.073479,493,0.077345,4696.92,1648.71,1.3144,4.5379,0.4885,1.2952,0.6138,0.0,0.9398,0.4785,yes,yes,partial,yes,no,PASS,,2423555645,PASS,Helsinki Downtown,batch_0100/wkt/map_0060,batch_0100/wkt/map_0060/roads.wkt,batch_0100/wkt/map_0060/metadata.json,previews/OSM_helsinki_downtown_exact_2500m_0m_0060.png,OK
OSM_helsinki_downtown_exact_2500m_0m_0169,200,osm,helsinki_downtown,dense_urban_irregular,,2548,2560,6522880.0,2497.21,2509.84,6267587.37,0.9608619764611276,6374,6723,122250.16,0.0010306796997645,12.6934,7.2684,2.1095,5,0.0096,0.0874,1,1.0,494,0.073479,493,0.077345,4696.92,1578.51,1.3387,4.5379,0.4885,1.2952,0.6138,0.0,0.9398,0.4785,yes,yes,partial,yes,no,PASS,,2989733783,PASS,Helsinki Downtown,batch_0200/wkt/map_0169,batch_0200/wkt/map_0169/roads.wkt,batch_0200/wkt/map_0169/metadata.json,previews/OSM_helsinki_downtown_exact_2500m_0m_0169.png,SKIPPED_EXISTING_OK
OSM_helsinki_downtown_exact_2500m_0m_0286,400,osm,helsinki_downtown,dense_urban_irregular,,2548,2560,6522880.0,2497.21,2509.84,6267587.37,0.9608619764611276,6374,6723,122250.16,0.0010306796997645,12.6934,7.2684,2.1095,5,0.0096,0.0874,1,1.0,494,0.073479,493,0.077345,4696.92,1635.18,1.3467,4.5379,0.4885,1.2952,0.6138,0.0,0.9398,0.4785,yes,yes,partial,yes,no,PASS,,2342119145,PASS,Helsinki Downtown,batch_0400/wkt/map_0286,batch_0400/wkt/map_0286/roads.wkt,batch_0400/wkt/map_0286/metadata.json,previews/OSM_helsinki_downtown_exact_2500m_0m_0286.png,OK
OSM_helsinki_downtown_exact_2500m_0m_0396,400,osm,helsinki_downtown,dense_urban_irregular,,2548,2560,6522880.0,2497.21,2509.84,6267587.37,0.9608619764611276,6374,6723,122250.16,0.0010306796997645,12.6934,7.2684,2.1095,5,0.0096,0.0874,1,1.0,494,0.073479,493,0.077345,4696.92,1745.35,1.27,4.5379,0.4885,1.2952,0.6138,0.0,0.9398,0.4785,yes,yes,partial,yes,no,PASS,,3453449279,PASS,Helsinki Downtown,batch_0400/wkt/map_0396,batch_0400/wkt/map_0396/roads.wkt,batch_0400/wkt/map_0396/metadata.json,previews/OSM_helsinki_downtown_exact_2500m_0m_0396.png,OK
OSM_helsinki_downtown_exact_2500m_0m_0511,600,osm,helsinki_downtown,dense_urban_irregular,,2548,2560,6522880.0,2497.21,2509.84,6267587.37,0.9608619764611276,6374,6723,122250.16,0.0010306796997645,12.6934,7.2684,2.1095,5,0.0096,0.0874,1,1.0,494,0.073479,493,0.077345,4696.92,1471.43,1.2879,4.5379,0.4885,1.2952,0.6138,0.0,0.9398,0.4785,yes,yes,partial,yes,no,PASS,,226859263,PASS,Helsinki Downtown,batch_0600/wkt/map_0511,batch_0600/wkt/map_0511/roads.wkt,batch_0600/wkt/map_0511/metadata.json,previews/OSM_helsinki_downtown_exact_2500m_0m_0511.png,OK
OSM_helsinki_downtown_exact_2500m_0m_0637,800,osm,helsinki_downtown,dense_urban_irregular,,2548,2560,6522880.0,2497.21,2509.84,6267587.37,0.9608619764611276,6374,6723,122250.16,0.0010306796997645,12.6934,7.2684,2.1095,5,0.0096,0.0874,1,1.0,494,0.073479,493,0.077345,4696.92,1674.11,1.3429,4.5379,0.4885,1.2952,0.6138,0.0,0.9398,0.4785,yes,yes,partial,yes,no,PASS,,2873675581,PASS,Helsinki Downtown,batch_0800/wkt/map_0637,batch_0800/wkt/map_0637/roads.wkt,batch_0800/wkt/map_0637/metadata.json,previews/OSM_helsinki_downtown_exact_2500m_0m_0637.png,OK
OSM_helsinki_downtown_exact_2500m_0m_0750,800,osm,helsinki_downtown,dense_urban_irregular,,2548,2560,6522880.0,2497.21,2509.84,6267587.37,0.9608619764611276,6374,6723,122250.16,0.0010306796997645,12.6934,7.2684,2.1095,5,0.0096,0.0874,1,1.0,494,0.073479,493,0.077345,4696.92,1763.54,1.3511,4.5379,0.4885,1.2952,0.6138,0.0,0.9398,0.4785,yes,yes,partial,yes,no,PASS,,1035193449,PASS,Helsinki Downtown,batch_0800/wkt/map_0750,batch_0800/wkt/map_0750/roads.wkt,batch_0800/wkt/map_0750/metadata.json,previews/OSM_helsinki_downtown_exact_2500m_0m_0750.png,OK
OSM_helsinki_downtown_exact_2500m_0m_0878,1000,osm,helsinki_downtown,dense_urban_irregular,,2548,2560,6522880.0,2497.21,2509.84,6267587.37,0.9608619764611276,6374,6723,122250.16,0.0010306796997645,12.6934,7.2684,2.1095,5,0.0096,0.0874,1,1.0,494,0.073479,493,0.077345,4696.92,1523.12,1.4034,4.5379,0.4885,1.2952,0.6138,0.0,0.9398,0.4785,yes,yes,partial,yes,no,PASS,,1129064130,PASS,Helsinki Downtown,batch_1000/wkt/map_0878,batch_1000/wkt/map_0878/roads.wkt,batch_1000/wkt/map_0878/metadata.json,previews/OSM_helsinki_downtown_exact_2500m_0m_0878.png,OK
OSM_helsinki_downtown_exact_2500m_0m_0987,1000,osm,helsinki_downtown,dense_urban_irregular,,2548,2560,6522880.0,2497.21,2509.84,6267587.37,0.9608619764611276,6374,6723,122250.16,0.0010306796997645,12.6934,7.2684,2.1095,5,0.0096,0.0874,1,1.0,494,0.073479,493,0.077345,4696.92,1810.41,1.3318,4.5379,0.4885,1.2952,0.6138,0.0,0.9398,0.4785,yes,yes,partial,yes,no,PASS,,3597683619,PASS,Helsinki Downtown,batch_1000/wkt/map_0987,batch_1000/wkt/map_0987/roads.wkt,batch_1000/wkt/map_0987/metadata.json,previews/OSM_helsinki_downtown_exact_2500m_0m_0987.png,OK
OSM_helsinki_downtown_exact_2500m_0m_1098,1200,osm,helsinki_downtown,dense_urban_irregular,,2548,2560,6522880.0,2497.21,2509.84,6267587.37,0.9608619764611276,6374,6723,122250.16,0.0010306796997645,12.6934,7.2684,2.1095,5,0.0096,0.0874,1,1.0,494,0.073479,493,0.077345,4696.92,1633.08,1.466,4.5379,0.4885,1.2952,0.6138,0.0,0.9398,0.4785,yes,yes,partial,yes,no,PASS,,956007805,PASS,Helsinki Downtown,batch_1200/wkt/map_1098,batch_1200/wkt/map_1098/roads.wkt,batch_1200/wkt/map_1098/metadata.json,previews/OSM_helsinki_downtown_exact_2500m_0m_1098.png,OK
OSM_helsinki_downtown_exact_500m_0m_0033,100,osm,helsinki_downtown,dense_urban_irregular,,540,437,235980.0,489.47,386.54,189201.15,0.8017677152063818,282,301,3671.98,0.0012755318247309,10.6126,6.2795,2.1348,5,0.0071,0.1028,1,1.0,14,0.046512,15,0.053191,1259.86,231.25,1.4664,4.0641,0.5,4.6564,0.5279,0.0,0.8638,0.4701,yes,yes,partial,yes,no,PASS,,4270385327,PASS,Helsinki Downtown,batch_0100/wkt/map_0033,batch_0100/wkt/map_0033/roads.wkt,batch_0100/wkt/map_0033/metadata.json,previews/OSM_helsinki_downtown_exact_500m_0m_0033.png,OK
OSM_helsinki_downtown_exact_500m_0m_0143,200,osm,helsinki_downtown,dense_urban_irregular,,540,437,235980.0,489.47,386.54,189201.15,0.8017677152063818,282,301,3671.98,0.0012755318247309,10.6126,6.2795,2.1348,5,0.0071,0.1028,1,1.0,14,0.046512,15,0.053191,1259.86,248.92,1.3063,4.0641,0.5,4.6564,0.5279,0.0,0.8638,0.4701,yes,yes,partial,yes,no,PASS,,1747572170,PASS,Helsinki Downtown,batch_0200/wkt/map_0143,batch_0200/wkt/map_0143/roads.wkt,batch_0200/wkt/map_0143/metadata.json,previews/OSM_helsinki_downtown_exact_500m_0m_0143.png,OK
OSM_helsinki_downtown_exact_500m_0m_0254,400,osm,helsinki_downtown,dense_urban_irregular,,540,437,235980.0,489.47,386.54,189201.15,0.8017677152063818,282,301,3671.98,0.0012755318247309,10.6126,6.2795,2.1348,5,0.0071,0.1028,1,1.0,14,0.046512,15,0.053191,1259.86,214.45,1.4635,4.0641,0.5,4.6564,0.5279,0.0,0.8638,0.4701,yes,yes,partial,yes,no,PASS,,919053549,PASS,Helsinki Downtown,batch_0400/wkt/map_0254,batch_0400/wkt/map_0254/roads.wkt,batch_0400/wkt/map_0254/metadata.json,previews/OSM_helsinki_downtown_exact_500m_0m_0254.png,OK
OSM_helsinki_downtown_exact_500m_0m_0360,400,osm,helsinki_downtown,dense_urban_irregular,,540,437,235980.0,489.47,386.54,189201.15,0.8017677152063818,282,301,3671.98,0.0012755318247309,10.6126,6.2795,2.1348,5,0.0071,0.1028,1,1.0,14,0.046512,15,0.053191,1259.86,264.59,1.3735,4.0641,0.5,4.6564,0.5279,0.0,0.8638,0.4701,yes,yes,partial,yes,no,PASS,,1509823473,PASS,Helsinki Downtown,batch_0400/wkt/map_0360,batch_0400/wkt/map_0360/roads.wkt,batch_0400/wkt/map_0360/metadata.json,previews/OSM_helsinki_downtown_exact_500m_0m_0360.png,OK
OSM_helsinki_downtown_exact_500m_0m_0487,600,osm,helsinki_downtown,dense_urban_irregular,,540,437,235980.0,489.47,386.54,189201.15,0.8017677152063818,282,301,3671.98,0.0012755318247309,10.6126,6.2795,2.1348,5,0.0071,0.1028,1,1.0,14,0.046512,15,0.053191,1259.86,307.15,1.2889,4.0641,0.5,4.6564,0.5279,0.0,0.8638,0.4701,yes,yes,partial,yes,no,PASS,,2889260051,PASS,Helsinki Downtown,batch_0600/wkt/map_0487,batch_0600/wkt/map_0487/roads.wkt,batch_0600/wkt/map_0487/metadata.json,previews/OSM_helsinki_downtown_exact_500m_0m_0487.png,OK
OSM_helsinki_downtown_exact_500m_0m_0608,800,osm,helsinki_downtown,dense_urban_irregular,,540,437,235980.0,489.47,386.54,189201.15,0.8017677152063818,282,301,3671.98,0.0012755318247309,10.6126,6.2795,2.1348,5,0.0071,0.1028,1,1.0,14,0.046512,15,0.053191,1259.86,258.0,1.3267,4.0641,0.5,4.6564,0.5279,0.0,0.8638,0.4701,yes,yes,partial,yes,no,PASS,,677535861,PASS,Helsinki Downtown,batch_0800/wkt/map_0608,batch_0800/wkt/map_0608/roads.wkt,batch_0800/wkt/map_0608/metadata.json,previews/OSM_helsinki_downtown_exact_500m_0m_0608.png,OK
OSM_helsinki_downtown_exact_500m_0m_0718,800,osm,helsinki_downtown,dense_urban_irregular,,540,437,235980.0,489.47,386.54,189201.15,0.8017677152063818,282,301,3671.98,0.0012755318247309,10.6126,6.2795,2.1348,5,0.0071,0.1028,1,1.0,14,0.046512,15,0.053191,1259.86,298.96,1.4155,4.0641,0.5,4.6564,0.5279,0.0,0.8638,0.4701,yes,yes,partial,yes,no,PASS,,296659288,PASS,Helsinki Downtown,batch_0800/wkt/map_0718,batch_0800/wkt/map_0718/roads.wkt,batch_0800/wkt/map_0718/metadata.json,previews/OSM_helsinki_downtown_exact_500m_0m_0718.png,OK
OSM_helsinki_downtown_exact_500m_0m_0846,1000,osm,helsinki_downtown,dense_urban_irregular,,540,437,235980.0,489.47,386.54,189201.15,0.8017677152063818,282,301,3671.98,0.0012755318247309,10.6126,6.2795,2.1348,5,0.0071,0.1028,1,1.0,14,0.046512,15,0.053191,1259.86,279.2,1.412,4.0641,0.5,4.6564,0.5279,0.0,0.8638,0.4701,yes,yes,partial,yes,no,PASS,,3416102337,PASS,Helsinki Downtown,batch_1000/wkt/map_0846,batch_1000/wkt/map_0846/roads.wkt,batch_1000/wkt/map_0846/metadata.json,previews/OSM_helsinki_downtown_exact_500m_0m_0846.png,OK
OSM_helsinki_downtown_exact_500m_0m_0956,1000,osm,helsinki_downtown,dense_urban_irregular,,540,437,235980.0,489.47,386.54,189201.15,0.8017677152063818,282,301,3671.98,0.0012755318247309,10.6126,6.2795,2.1348,5,0.0071,0.1028,1,1.0,14,0.046512,15,0.053191,1259.86,270.54,1.3837,4.0641,0.5,4.6564,0.5279,0.0,0.8638,0.4701,yes,yes,partial,yes,no,PASS,,1153217143,PASS,Helsinki Downtown,batch_1000/wkt/map_0956,batch_1000/wkt/map_0956/roads.wkt,batch_1000/wkt/map_0956/metadata.json,previews/OSM_helsinki_downtown_exact_500m_0m_0956.png,OK
OSM_helsinki_downtown_exact_500m_0m_1073,1200,osm,helsinki_downtown,dense_urban_irregular,,540,437,235980.0,489.47,386.54,189201.15,0.8017677152063818,282,301,3671.98,0.0012755318247309,10.6126,6.2795,2.1348,5,0.0071,0.1028,1,1.0,14,0.046512,15,0.053191,1259.86,241.44,1.3816,4.0641,0.5,4.6564,0.5279,0.0,0.8638,0.4701,yes,yes,partial,yes,no,PASS,,577355818,PASS,Helsinki Downtown,batch_1200/wkt/map_1073,batch_1200/wkt/map_1073/roads.wkt,batch_1200/wkt/map_1073/metadata.json,previews/OSM_helsinki_downtown_exact_500m_0m_1073.png,OK
OSM_kallio_community_offset_n_1000m_1000m_0287,400,osm,kallio_community,compact_residential,,1067,1080,1152360.0,1016.83,1029.95,1047294.03,0.908825394144648,4112,4939,114662.35,0.0042859870179457,12.4741,7.0978,2.4022,6,0.0664,0.3405,1,1.0,628,0.127151,591,0.143726,2301.88,745.3,1.3745,4.5098,0.2643,1.0495,0.6729,0.0,0.9152,0.4438,yes,yes,yes,yes,no,PASS,,1060998896,PASS,Kallio Community Compact,batch_0400/wkt/map_0287,batch_0400/wkt/map_0287/roads.wkt,batch_0400/wkt/map_0287/metadata.json,previews/OSM_kallio_community_offset_n_1000m_1000m_0287.png,OK
OSM_kallio_community_offset_n_1000m_1000m_0879,1000,osm,kallio_community,compact_residential,,1067,1080,1152360.0,1016.83,1029.95,1047294.03,0.908825394144648,4112,4939,114662.35,0.0042859870179457,12.4741,7.0978,2.4022,6,0.0664,0.3405,1,1.0,628,0.127151,591,0.143726,2301.88,673.0,1.3393,4.5098,0.2643,1.0495,0.6729,0.0,0.9152,0.4438,yes,yes,yes,yes,no,PASS,,1772507168,PASS,Kallio Community Compact,batch_1000/wkt/map_0879,batch_1000/wkt/map_0879/roads.wkt,batch_1000/wkt/map_0879/metadata.json,previews/OSM_kallio_community_offset_n_1000m_1000m_0879.png,OK
OSM_kallio_community_offset_n_1000m_1500m_0145,200,osm,kallio_community,compact_residential,,1066,1065,1135290.0,1015.55,1014.31,1030082.41,0.9073297626302972,4323,5102,113545.55,0.004494005936809,11.7591,7.2155,2.3604,6,0.0712,0.3262,1,1.0,602,0.117993,568,0.13139,2212.46,640.82,1.2971,4.6507,0.4179,1.5968,0.6569,0.0,0.9241,0.4537,yes,yes,yes,yes,no,PASS,,2051256954,PASS,Kallio Community Compact,batch_0200/wkt/map_0145,batch_0200/wkt/map_0145/roads.wkt,batch_0200/wkt/map_0145/metadata.json,previews/OSM_kallio_community_offset_n_1000m_1500m_0145.png,OK
OSM_kallio_community_offset_n_1000m_1500m_0719,800,osm,kallio_community,compact_residential,,1066,1065,1135290.0,1015.55,1014.31,1030082.41,0.9073297626302972,4323,5102,113545.55,0.004494005936809,11.7591,7.2155,2.3604,6,0.0712,0.3262,1,1.0,602,0.117993,568,0.13139,2212.46,687.91,1.3176,4.6507,0.4179,1.5968,0.6569,0.0,0.9241,0.4537,yes,yes,yes,yes,no,PASS,,414957543,PASS,Kallio Community Compact,batch_0800/wkt/map_0719,batch_0800/wkt/map_0719/roads.wkt,batch_0800/wkt/map_0719/metadata.json,previews/OSM_kallio_community_offset_n_1000m_1500m_0719.png,OK
OSM_kallio_community_offset_n_1000m_200m_0007,100,osm,kallio_community,compact_residential,,1067,1063,1134221.0,1016.37,1012.66,1029232.61,0.9074356845566912,4933,5890,116378.12,0.0051929914893129,10.6213,6.3548,2.388,6,0.1139,0.3681,1,1.0,1096,0.186078,1048,0.212447,2920.33,582.97,1.3603,4.4162,0.4112,1.0914,0.6166,0.0,0.9233,0.4664,yes,yes,yes,yes,no,PASS,,3717968366,PASS,Kallio Community Compact,batch_0100/wkt/map_0007,batch_0100/wkt/map_0007/roads.wkt,batch_0100/wkt/map_0007/metadata.json,previews/OSM_kallio_community_offset_n_1000m_200m_0007.png,OK
OSM_kallio_community_offset_n_1000m_200m_0580,600,osm,kallio_community,compact_residential,,1067,1063,1134221.0,1016.37,1012.66,1029232.61,0.9074356845566912,4933,5890,116378.12,0.0051929914893129,10.6213,6.3548,2.388,6,0.1139,0.3681,1,1.0,1096,0.186078,1048,0.212447,2920.33,592.83,1.3698,4.4162,0.4112,1.0914,0.6166,0.0,0.9233,0.4664,yes,yes,yes,yes,no,PASS,,3660555156,PASS,Kallio Community Compact,batch_0600/wkt/map_0580,batch_0600/wkt/map_0580/roads.wkt,batch_0600/wkt/map_0580/metadata.json,previews/OSM_kallio_community_offset_n_1000m_200m_0580.png,OK
OSM_kallio_community_offset_n_1000m_200m_1163,1200,osm,kallio_community,compact_residential,,1067,1063,1134221.0,1016.37,1012.66,1029232.61,0.9074356845566912,4933,5890,116378.12,0.0051929914893129,10.6213,6.3548,2.388,6,0.1139,0.3681,1,1.0,1096,0.186078,1048,0.212447,2920.33,622.83,1.4092,4.4162,0.4112,1.0914,0.6166,0.0,0.9233,0.4664,yes,yes,yes,yes,no,PASS,,1272187341,PASS,Kallio Community Compact,batch_1200/wkt/map_1163,batch_1200/wkt/map_1163/roads.wkt,batch_1200/wkt/map_1163/metadata.json,previews/OSM_kallio_community_offset_n_1000m_200m_1163.png,OK
OSM_kallio_community_offset_n_1000m_500m_0431,600,osm,kallio_community,compact_residential,,1075,1074,1154550.0,1024.77,1023.74,1049093.28,0.9086598977502262,4717,5648,117899.49,0.0048919492442943,11.3858,6.5642,2.3947,5,0.0854,0.3477,1,1.0,897,0.158817,856,0.181471,2052.42,596.66,1.3522,4.5439,0.4484,1.0405,0.6222,0.0,0.9186,0.4532,yes,yes,yes,yes,no,PASS,,313698355,PASS,Kallio Community Compact,batch_0600/wkt/map_0431,batch_0600/wkt/map_0431/roads.wkt,batch_0600/wkt/map_0431/metadata.json,previews/OSM_kallio_community_offset_n_1000m_500m_0431.png,OK
OSM_kallio_community_offset_n_1000m_500m_1019,1200,osm,kallio_community,compact_residential,,1075,1074,1154550.0,1024.77,1023.74,1049093.28,0.9086598977502262,4717,5648,117899.49,0.0048919492442943,11.3858,6.5642,2.3947,5,0.0854,0.3477,1,1.0,897,0.158817,856,0.181471,2052.42,633.36,1.3506,4.5439,0.4484,1.0405,0.6222,0.0,0.9186,0.4532,yes,yes,yes,yes,no,PASS,,932620693,PASS,Kallio Community Compact,batch_1200/wkt/map_1019,batch_1200/wkt/map_1019/roads.wkt,batch_1200/wkt/map_1019/metadata.json,previews/OSM_kallio_community_offset_n_1000m_500m_1019.png,OK
OSM_kallio_community_offset_n_1500m_1000m_0488,600,osm,kallio_community,compact_residential,,1588,1587,2520156.0,1537.68,1536.22,2362214.0,0.9373284812552412,10082,12131,269738.94,0.00481359090469,12.006,6.7682,2.4065,6,0.0746,0.3516,1,1.0,1600,0.131893,1526,0.151359,4654.39,953.94,1.2657,4.8084,0.3976,1.5022,0.6523,0.0,0.9341,0.4465,yes,yes,yes,yes,no,PASS,,52523791,PASS,Kallio Community Compact,batch_0600/wkt/map_0488,batch_0600/wkt/map_0488/roads.wkt,batch_0600/wkt/map_0488/metadata.json,previews/OSM_kallio_community_offset_n_1500m_1000m_0488.png,OK
OSM_kallio_community_offset_n_1500m_1000m_1075,1200,osm,kallio_community,compact_residential,,1588,1587,2520156.0,1537.68,1536.22,2362214.0,0.9373284812552412,10082,12131,269738.94,0.00481359090469,12.006,6.7682,2.4065,6,0.0746,0.3516,1,1.0,1600,0.131893,1526,0.151359,4654.39,1030.88,1.2868,4.8084,0.3976,1.5022,0.6523,0.0,0.9341,0.4465,yes,yes,yes,yes,no,PASS,,2147445235,PASS,Kallio Community Compact,batch_1200/wkt/map_1075,batch_1200/wkt/map_1075/roads.wkt,batch_1200/wkt/map_1075/metadata.json,previews/OSM_kallio_community_offset_n_1500m_1000m_1075.png,OK
OSM_kallio_community_offset_n_1500m_1500m_0337,400,osm,kallio_community,compact_residential,,1578,1562,2464836.0,1527.39,1511.32,2308382.88,0.9365259507975272,9573,11470,262475.83,0.004653453617198,12.1393,7.1426,2.3963,6,0.0635,0.3415,1,1.0,1176,0.102528,1114,0.116369,4162.53,845.79,1.2835,4.7365,0.4007,1.1476,0.6376,0.0,0.9346,0.4438,yes,yes,yes,yes,no,PASS,,465916400,PASS,Kallio Community Compact,batch_0400/wkt/map_0337,batch_0400/wkt/map_0337/roads.wkt,batch_0400/wkt/map_0337/metadata.json,previews/OSM_kallio_community_offset_n_1500m_1500m_0337.png,OK
OSM_kallio_community_offset_n_1500m_1500m_0929,1000,osm,kallio_community,compact_residential,,1578,1562,2464836.0,1527.39,1511.32,2308382.88,0.9365259507975272,9573,11470,262475.83,0.004653453617198,12.1393,7.1426,2.3963,6,0.0635,0.3415,1,1.0,1176,0.102528,1114,0.116369,4162.53,953.03,1.2812,4.7365,0.4007,1.1476,0.6376,0.0,0.9346,0.4438,yes,yes,yes,yes,no,PASS,,2615702688,PASS,Kallio Community Compact,batch_1000/wkt/map_0929,batch_1000/wkt/map_0929/roads.wkt,batch_1000/wkt/map_0929/metadata.json,previews/OSM_kallio_community_offset_n_1500m_1500m_0929.png,OK
OSM_kallio_community_offset_n_1500m_200m_0198,200,osm,kallio_community,compact_residential,,1573,1585,2493205.0,1522.46,1534.45,2336146.73,0.9370054714250512,10143,12091,248807.74,0.0048495811615972,11.0729,6.5746,2.3841,6,0.1029,0.3601,1,1.0,2054,0.169878,1944,0.191659,3526.85,897.49,1.307,4.7706,0.3637,1.3196,0.6041,0.0,0.9357,0.4626,yes,yes,yes,yes,no,PASS,,350077553,PASS,Kallio Community Compact,batch_0200/wkt/map_0198,batch_0200/wkt/map_0198/roads.wkt,batch_0200/wkt/map_0198/metadata.json,previews/OSM_kallio_community_offset_n_1500m_200m_0198.png,OK
OSM_kallio_community_offset_n_1500m_200m_0780,800,osm,kallio_community,compact_residential,,1573,1585,2493205.0,1522.46,1534.45,2336146.73,0.9370054714250512,10143,12091,248807.74,0.0048495811615972,11.0729,6.5746,2.3841,6,0.1029,0.3601,1,1.0,2054,0.169878,1944,0.191659,3526.85,981.03,1.2555,4.7706,0.3637,1.3196,0.6041,0.0,0.9357,0.4626,yes,yes,yes,yes,no,PASS,,2947784772,PASS,Kallio Community Compact,batch_0800/wkt/map_0780,batch_0800/wkt/map_0780/roads.wkt,batch_0800/wkt/map_0780/metadata.json,previews/OSM_kallio_community_offset_n_1500m_200m_0780.png,OK
OSM_kallio_community_offset_n_1500m_500m_0065,100,osm,kallio_community,compact_residential,,1584,1585,2510640.0,1533.68,1534.47,2353387.53,0.93736558451685,10268,12297,262480.59,0.0048979543064716,11.4937,6.5341,2.3952,6,0.1011,0.3635,1,1.0,2048,0.166545,1937,0.188644,3916.58,963.01,1.2843,4.7145,0.3207,1.275,0.6147,0.0,0.9355,0.4597,yes,yes,yes,yes,no,PASS,,1927539477,PASS,Kallio Community Compact,batch_0100/wkt/map_0065,batch_0100/wkt/map_0065/roads.wkt,batch_0100/wkt/map_0065/metadata.json,previews/OSM_kallio_community_offset_n_1500m_500m_0065.png,OK
OSM_kallio_community_offset_n_1500m_500m_0638,800,osm,kallio_community,compact_residential,,1584,1585,2510640.0,1533.68,1534.47,2353387.53,0.93736558451685,10268,12297,262480.59,0.0048979543064716,11.4937,6.5341,2.3952,6,0.1011,0.3635,1,1.0,2048,0.166545,1937,0.188644,3916.58,870.43,1.2822,4.7145,0.3207,1.275,0.6147,0.0,0.9355,0.4597,yes,yes,yes,yes,no,PASS,,1865769892,PASS,Kallio Community Compact,batch_0800/wkt/map_0638,batch_0800/wkt/map_0638/roads.wkt,batch_0800/wkt/map_0638/metadata.json,previews/OSM_kallio_community_offset_n_1500m_500m_0638.png,OK
OSM_kallio_community_offset_n_2500m_1000m_0118,200,osm,kallio_community,compact_residential,,2618,2607,6825126.0,2567.26,2556.84,6564079.43,0.9617521248382196,28154,33312,718821.89,0.004880789014005,11.6273,6.8467,2.3664,6,0.0816,0.3339,1,1.0,4425,0.132835,4227,0.150139,5842.24,1675.49,1.2635,4.9972,0.4046,1.2198,0.6472,0.0,0.9555,0.457,yes,yes,yes,yes,no,PASS,,1707895829,PASS,Kallio Community Compact,batch_0200/wkt/map_0118,batch_0200/wkt/map_0118/roads.wkt,batch_0200/wkt/map_0118/metadata.json,previews/OSM_kallio_community_offset_n_2500m_1000m_0118.png,OK
OSM_kallio_community_offset_n_2500m_1000m_0698,800,osm,kallio_community,compact_residential,,2618,2607,6825126.0,2567.26,2556.84,6564079.43,0.9617521248382196,28154,33312,718821.89,0.004880789014005,11.6273,6.8467,2.3664,6,0.0816,0.3339,1,1.0,4425,0.132835,4227,0.150139,5842.24,1494.3,1.2413,4.9972,0.4046,1.2198,0.6472,0.0,0.9555,0.457,yes,yes,yes,yes,no,PASS,,433764363,PASS,Kallio Community Compact,batch_0800/wkt/map_0698,batch_0800/wkt/map_0698/roads.wkt,batch_0800/wkt/map_0698/metadata.json,previews/OSM_kallio_community_offset_n_2500m_1000m_0698.png,OK
OSM_kallio_community_offset_n_2500m_1500m_0551,600,osm,kallio_community,compact_residential,,2603,2601,6770403.0,2552.45,2550.68,6510488.83,0.9616102359738924,25830,30341,678813.65,0.0044814171327762,12.0672,7.1241,2.3493,6,0.0708,0.3146,1,1.0,3809,0.12554,3644,0.141076,5657.17,1488.93,1.247,5.0183,0.4133,1.2233,0.6266,0.0,0.9551,0.4558,yes,yes,yes,yes,no,PASS,,2235337187,PASS,Kallio Community Compact,batch_0600/wkt/map_0551,batch_0600/wkt/map_0551/roads.wkt,batch_0600/wkt/map_0551/metadata.json,previews/OSM_kallio_community_offset_n_2500m_1500m_0551.png,OK
OSM_kallio_community_offset_n_2500m_1500m_1138,1200,osm,kallio_community,compact_residential,,2603,2601,6770403.0,2552.45,2550.68,6510488.83,0.9616102359738924,25830,30341,678813.65,0.0044814171327762,12.0672,7.1241,2.3493,6,0.0708,0.3146,1,1.0,3809,0.12554,3644,0.141076,5657.17,1584.96,1.2382,5.0183,0.4133,1.2233,0.6266,0.0,0.9551,0.4558,yes,yes,yes,yes,no,PASS,,498557235,PASS,Kallio Community Compact,batch_1200/wkt/map_1138,batch_1200/wkt/map_1138/roads.wkt,batch_1200/wkt/map_1138/metadata.json,previews/OSM_kallio_community_offset_n_2500m_1500m_1138.png,OK
OSM_kallio_community_offset_n_2500m_200m_0398,400,osm,kallio_community,compact_residential,,2621,2609,6838189.0,2570.72,2558.07,6576075.88,0.9616692192830614,25400,30104,642318.83,0.0044023351796798,11.4655,6.6812,2.3704,6,0.0948,0.3453,1,1.0,4628,0.153734,4342,0.170945,7207.33,1849.06,1.263,5.01,0.3867,1.2358,0.5859,0.0,0.9549,0.4618,yes,yes,yes,yes,no,PASS,,2967685330,PASS,Kallio Community Compact,batch_0400/wkt/map_0398,batch_0400/wkt/map_0398/roads.wkt,batch_0400/wkt/map_0398/metadata.json,previews/OSM_kallio_community_offset_n_2500m_200m_0398.png,OK
OSM_kallio_community_offset_n_2500m_200m_0989,1000,osm,kallio_community,compact_residential,,2621,2609,6838189.0,2570.72,2558.07,6576075.88,0.9616692192830614,25400,30104,642318.83,0.0044023351796798,11.4655,6.6812,2.3704,6,0.0948,0.3453,1,1.0,4628,0.153734,4342,0.170945,7207.33,1307.52,1.2255,5.01,0.3867,1.2358,0.5859,0.0,0.9549,0.4618,yes,yes,yes,yes,no,PASS,,1193616801,PASS,Kallio Community Compact,batch_1000/wkt/map_0989,batch_1000/wkt/map_0989/roads.wkt,batch_1000/wkt/map_0989/metadata.json,previews/OSM_kallio_community_offset_n_2500m_200m_0989.png,OK
OSM_kallio_community_offset_n_2500m_500m_0256,400,osm,kallio_community,compact_residential,,2624,2574,6754176.0,2573.6,2523.43,6494313.23,0.9615256152525006,26762,31854,684629.76,0.004716193359486,11.6451,6.7832,2.3805,6,0.0866,0.3463,1,1.0,4412,0.138507,4227,0.157948,7457.28,1491.67,1.2555,4.9879,0.4016,1.161,0.6172,0.0,0.9536,0.4564,yes,yes,yes,yes,no,PASS,,1739524756,PASS,Kallio Community Compact,batch_0400/wkt/map_0256,batch_0400/wkt/map_0256/roads.wkt,batch_0400/wkt/map_0256/metadata.json,previews/OSM_kallio_community_offset_n_2500m_500m_0256.png,OK
OSM_kallio_community_offset_n_2500m_500m_0847,1000,osm,kallio_community,compact_residential,,2624,2574,6754176.0,2573.6,2523.43,6494313.23,0.9615256152525006,26762,31854,684629.76,0.004716193359486,11.6451,6.7832,2.3805,6,0.0866,0.3463,1,1.0,4412,0.138507,4227,0.157948,7457.28,1265.95,1.209,4.9879,0.4016,1.161,0.6172,0.0,0.9536,0.4564,yes,yes,yes,yes,no,PASS,,1202241508,PASS,Kallio Community Compact,batch_1000/wkt/map_0847,batch_1000/wkt/map_0847/roads.wkt,batch_1000/wkt/map_0847/metadata.json,previews/OSM_kallio_community_offset_n_2500m_500m_0847.png,OK
OSM_kallio_community_offset_n_5000m_1000m_0313,400,osm,kallio_community,compact_residential,,5195,5193,26977635.0,5144.66,5142.53,26456581.77,0.9806857336254362,81691,96333,2250045.76,0.003570846740272,12.4049,7.2833,2.3585,6,0.0802,0.3279,1,1.0,13036,0.135322,12369,0.151412,12431.8,2934.87,1.2094,5.1117,0.3998,1.2846,0.5956,0.0,0.9691,0.458,yes,yes,yes,yes,no,PASS,,2654645474,PASS,Kallio Community Compact,batch_0400/wkt/map_0313,batch_0400/wkt/map_0313/roads.wkt,batch_0400/wkt/map_0313/metadata.json,previews/OSM_kallio_community_offset_n_5000m_1000m_0313.png,OK
OSM_kallio_community_offset_n_5000m_1000m_0901,1000,osm,kallio_community,compact_residential,,5195,5193,26977635.0,5144.66,5142.53,26456581.77,0.9806857336254362,81691,96333,2250045.76,0.003570846740272,12.4049,7.2833,2.3585,6,0.0802,0.3279,1,1.0,13036,0.135322,12369,0.151412,12431.8,2527.93,1.1944,5.1117,0.3998,1.2846,0.5956,0.0,0.9691,0.458,yes,yes,yes,yes,no,PASS,,588581352,PASS,Kallio Community Compact,batch_1000/wkt/map_0901,batch_1000/wkt/map_0901/roads.wkt,batch_1000/wkt/map_0901/metadata.json,previews/OSM_kallio_community_offset_n_5000m_1000m_0901.png,OK
OSM_kallio_community_offset_n_5000m_1500m_0170,200,osm,kallio_community,compact_residential,,5162,5183,26754646.0,5111.87,5132.94,26238920.26,0.9807238810285792,78695,92497,2214561.25,0.0034572313160114,12.7082,7.5781,2.3508,6,0.0731,0.317,1,1.0,11820,0.127788,11323,0.143885,12688.21,2919.18,1.2031,5.1308,0.3747,1.2247,0.5851,0.0,0.9686,0.4565,yes,yes,yes,yes,no,PASS,,2405674994,PASS,Kallio Community Compact,batch_0200/wkt/map_0170,batch_0200/wkt/map_0170/roads.wkt,batch_0200/wkt/map_0170/metadata.json,previews/OSM_kallio_community_offset_n_5000m_1500m_0170.png,OK
OSM_kallio_community_offset_n_5000m_1500m_0753,800,osm,kallio_community,compact_residential,,5162,5183,26754646.0,5111.87,5132.94,26238920.26,0.9807238810285792,78695,92497,2214561.25,0.0034572313160114,12.7082,7.5781,2.3508,6,0.0731,0.317,1,1.0,11820,0.127788,11323,0.143885,12688.21,2905.71,1.195,5.1308,0.3747,1.2247,0.5851,0.0,0.9686,0.4565,yes,yes,yes,yes,no,PASS,,4276889030,PASS,Kallio Community Compact,batch_0800/wkt/map_0753,batch_0800/wkt/map_0753/roads.wkt,batch_0800/wkt/map_0753/metadata.json,previews/OSM_kallio_community_offset_n_5000m_1500m_0753.png,OK
OSM_kallio_community_offset_n_5000m_200m_0034,100,osm,kallio_community,compact_residential,,5121,5225,26757225.0,5070.16,5174.5,26235516.09,0.980502129384262,89016,104840,2312536.53,0.0039181940578666,11.78,6.8157,2.3555,6,0.0964,0.3394,1,1.0,15914,0.151793,14978,0.168262,10125.84,2941.22,1.1815,5.0643,0.4096,1.4679,0.6245,0.0,0.97,0.4654,yes,yes,yes,yes,no,PASS,,1015113443,PASS,Kallio Community Compact,batch_0100/wkt/map_0034,batch_0100/wkt/map_0034/roads.wkt,batch_0100/wkt/map_0034/metadata.json,previews/OSM_kallio_community_offset_n_5000m_200m_0034.png,OK
OSM_kallio_community_offset_n_5000m_200m_0610,800,osm,kallio_community,compact_residential,,5121,5225,26757225.0,5070.16,5174.5,26235516.09,0.980502129384262,89016,104840,2312536.53,0.0039181940578666,11.78,6.8157,2.3555,6,0.0964,0.3394,1,1.0,15914,0.151793,14978,0.168262,10125.84,2469.79,1.1848,5.0643,0.4096,1.4679,0.6245,0.0,0.97,0.4654,yes,yes,yes,yes,no,PASS,,1781718791,PASS,Kallio Community Compact,batch_0800/wkt/map_0610,batch_0800/wkt/map_0610/roads.wkt,batch_0800/wkt/map_0610/metadata.json,previews/OSM_kallio_community_offset_n_5000m_200m_0610.png,OK
OSM_kallio_community_offset_n_5000m_500m_0462,600,osm,kallio_community,compact_residential,,5094,5173,26351262.0,5043.72,5122.56,25836756.56,0.9804751118140288,87098,102544,2297963.39,0.0038914265282626,11.9383,6.9436,2.3547,6,0.0906,0.3345,1,1.0,14820,0.144523,13983,0.160543,10530.55,2387.17,1.1787,5.0897,0.409,1.4287,0.6155,0.0,0.9698,0.4631,yes,yes,yes,yes,no,PASS,,396309370,PASS,Kallio Community Compact,batch_0600/wkt/map_0462,batch_0600/wkt/map_0462/roads.wkt,batch_0600/wkt/map_0462/metadata.json,previews/OSM_kallio_community_offset_n_5000m_500m_0462.png,OK
OSM_kallio_community_offset_n_5000m_500m_1048,1200,osm,kallio_community,compact_residential,,5094,5173,26351262.0,5043.72,5122.56,25836756.56,0.9804751118140288,87098,102544,2297963.39,0.0038914265282626,11.9383,6.9436,2.3547,6,0.0906,0.3345,1,1.0,14820,0.144523,13983,0.160543,10530.55,2612.06,1.2037,5.0897,0.409,1.4287,0.6155,0.0,0.9698,0.4631,yes,yes,yes,yes,no,PASS,,107012644,PASS,Kallio Community Compact,batch_1200/wkt/map_1048,batch_1200/wkt/map_1048/roads.wkt,batch_1200/wkt/map_1048/metadata.json,previews/OSM_kallio_community_offset_n_5000m_500m_1048.png,OK
OSM_kallio_community_offset_n_500m_1000m_0091,100,osm,kallio_community,compact_residential,,554,560,310240.0,503.05,509.18,256141.97,0.8256252212665391,750,891,20318.99,0.002871970087674,12.6362,6.7543,2.376,5,0.0787,0.3427,1,1.0,127,0.142536,118,0.157333,1560.06,358.05,1.4239,3.2133,0.084,1.1602,0.7334,0.0,0.8698,0.4534,yes,yes,yes,yes,no,PASS,,3530618355,PASS,Kallio Community Compact,batch_0100/wkt/map_0091,batch_0100/wkt/map_0091/roads.wkt,batch_0100/wkt/map_0091/metadata.json,previews/OSM_kallio_community_offset_n_500m_1000m_0091.png,OK
OSM_kallio_community_offset_n_500m_1000m_0669,800,osm,kallio_community,compact_residential,,554,560,310240.0,503.05,509.18,256141.97,0.8256252212665391,750,891,20318.99,0.002871970087674,12.6362,6.7543,2.376,5,0.0787,0.3427,1,1.0,127,0.142536,118,0.157333,1560.06,355.67,1.3796,3.2133,0.084,1.1602,0.7334,0.0,0.8698,0.4534,yes,yes,yes,yes,no,PASS,,2211854204,PASS,Kallio Community Compact,batch_0800/wkt/map_0669,batch_0800/wkt/map_0669/roads.wkt,batch_0800/wkt/map_0669/metadata.json,previews/OSM_kallio_community_offset_n_500m_1000m_0669.png,OK
OSM_kallio_community_offset_n_500m_1500m_0512,600,osm,kallio_community,compact_residential,,546,559,305214.0,495.99,508.31,252117.23,0.8260343057866265,870,1007,24825.83,0.0032993244084478,12.5828,7.9327,2.3149,5,0.0989,0.3218,1,1.0,199,0.197617,192,0.22069,1666.96,404.93,1.533,4.667,0.3989,1.318,0.6384,0.0,0.8937,0.4741,yes,yes,yes,yes,no,PASS,,1446624112,PASS,Kallio Community Compact,batch_0600/wkt/map_0512,batch_0600/wkt/map_0512/roads.wkt,batch_0600/wkt/map_0512/metadata.json,previews/OSM_kallio_community_offset_n_500m_1500m_0512.png,OK
OSM_kallio_community_offset_n_500m_1500m_1101,1200,osm,kallio_community,compact_residential,,546,559,305214.0,495.99,508.31,252117.23,0.8260343057866265,870,1007,24825.83,0.0032993244084478,12.5828,7.9327,2.3149,5,0.0989,0.3218,1,1.0,199,0.197617,192,0.22069,1666.96,350.87,1.4038,4.667,0.3989,1.318,0.6384,0.0,0.8937,0.4741,yes,yes,yes,yes,no,PASS,,3455290719,PASS,Kallio Community Compact,batch_1200/wkt/map_1101,batch_1200/wkt/map_1101/roads.wkt,batch_1200/wkt/map_1101/metadata.json,previews/OSM_kallio_community_offset_n_500m_1500m_1101.png,OK
OSM_kallio_community_offset_n_500m_200m_0361,400,osm,kallio_community,compact_residential,,554,557,308578.0,503.97,506.77,255400.31,0.827668576092992,1368,1640,31225.15,0.0053147016313541,10.201,6.1001,2.3977,5,0.1016,0.3604,1,1.0,288,0.17561,273,0.199561,1067.38,330.55,1.3405,4.0235,0.5733,1.423,0.6576,0.0,0.8744,0.4591,yes,yes,yes,yes,no,PASS,,2113675309,PASS,Kallio Community Compact,batch_0400/wkt/map_0361,batch_0400/wkt/map_0361/roads.wkt,batch_0400/wkt/map_0361/metadata.json,previews/OSM_kallio_community_offset_n_500m_200m_0361.png,OK
OSM_kallio_community_offset_n_500m_200m_0957,1000,osm,kallio_community,compact_residential,,554,557,308578.0,503.97,506.77,255400.31,0.827668576092992,1368,1640,31225.15,0.0053147016313541,10.201,6.1001,2.3977,5,0.1016,0.3604,1,1.0,288,0.17561,273,0.199561,1067.38,294.19,1.3478,4.0235,0.5733,1.423,0.6576,0.0,0.8744,0.4591,yes,yes,yes,yes,no,PASS,,3810855052,PASS,Kallio Community Compact,batch_1000/wkt/map_0957,batch_1000/wkt/map_0957/roads.wkt,batch_1000/wkt/map_0957/metadata.json,previews/OSM_kallio_community_offset_n_500m_200m_0957.png,OK
OSM_kallio_community_offset_n_500m_500m_0230,400,osm,kallio_community,compact_residential,,554,561,310794.0,503.79,510.94,257405.52,0.828219092690521,1292,1550,27627.33,0.0049872262656293,10.2895,6.2013,2.3994,5,0.0728,0.3398,1,1.0,201,0.129677,190,0.147059,1338.36,382.14,1.449,4.4203,0.5326,1.2385,0.664,0.0,0.88,0.4468,yes,yes,yes,yes,no,PASS,,233648509,PASS,Kallio Community Compact,batch_0400/wkt/map_0230,batch_0400/wkt/map_0230/roads.wkt,batch_0400/wkt/map_0230/metadata.json,previews/OSM_kallio_community_offset_n_500m_500m_0230.png,OK
OSM_kallio_community_offset_n_500m_500m_0811,1000,osm,kallio_community,compact_residential,,554,561,310794.0,503.79,510.94,257405.52,0.828219092690521,1292,1550,27627.33,0.0049872262656293,10.2895,6.2013,2.3994,5,0.0728,0.3398,1,1.0,201,0.129677,190,0.147059,1338.36,393.97,1.4132,4.4203,0.5326,1.2385,0.664,0.0,0.88,0.4468,yes,yes,yes,yes,no,PASS,,2676700510,PASS,Kallio Community Compact,batch_1000/wkt/map_0811,batch_1000/wkt/map_0811/roads.wkt,batch_1000/wkt/map_0811/metadata.json,previews/OSM_kallio_community_offset_n_500m_500m_0811.png,OK
OSM_kumpula_campus_offset_e_1000m_1000m_0067,100,osm,kumpula_campus,campus_compact,,398,1039,413522.0,347.17,988.51,343180.77,0.8298972551980254,994,1181,31762.49,0.0028559544594967,13.4758,8.5901,2.3763,5,0.0523,0.3209,1,1.0,98,0.082981,97,0.097586,1370.81,358.05,1.295,4.6005,0.2664,6.9465,0.4801,0.0,0.8798,0.4424,yes,yes,partial,partial,no,PASS,,2861542399,PASS,Kumpula Campus,batch_0100/wkt/map_0067,batch_0100/wkt/map_0067/roads.wkt,batch_0100/wkt/map_0067/metadata.json,previews/OSM_kumpula_campus_offset_e_1000m_1000m_0067.png,OK
OSM_kumpula_campus_offset_e_1000m_1000m_0171,200,osm,kumpula_campus,campus_compact,,398,1039,413522.0,347.17,988.51,343180.77,0.8298972551980254,994,1181,31762.49,0.0028559544594967,13.4758,8.5901,2.3763,5,0.0523,0.3209,1,1.0,98,0.082981,97,0.097586,1370.81,371.48,1.2904,4.6005,0.2664,6.9465,0.4801,0.0,0.8798,0.4424,yes,yes,partial,partial,no,PASS,,1720188236,PASS,Kumpula Campus,batch_0200/wkt/map_0171,batch_0200/wkt/map_0171/roads.wkt,batch_0200/wkt/map_0171/metadata.json,previews/OSM_kumpula_campus_offset_e_1000m_1000m_0171.png,SKIPPED_EXISTING_OK
OSM_kumpula_campus_offset_e_1000m_1000m_0290,400,osm,kumpula_campus,campus_compact,,398,1039,413522.0,347.17,988.51,343180.77,0.8298972551980254,994,1181,31762.49,0.0028559544594967,13.4758,8.5901,2.3763,5,0.0523,0.3209,1,1.0,98,0.082981,97,0.097586,1370.81,432.25,1.2838,4.6005,0.2664,6.9465,0.4801,0.0,0.8798,0.4424,yes,yes,partial,partial,no,PASS,,2839302237,PASS,Kumpula Campus,batch_0400/wkt/map_0290,batch_0400/wkt/map_0290/roads.wkt,batch_0400/wkt/map_0290/metadata.json,previews/OSM_kumpula_campus_offset_e_1000m_1000m_0290.png,OK
OSM_kumpula_campus_offset_e_1000m_1000m_0399,400,osm,kumpula_campus,campus_compact,,398,1039,413522.0,347.17,988.51,343180.77,0.8298972551980254,994,1181,31762.49,0.0028559544594967,13.4758,8.5901,2.3763,5,0.0523,0.3209,1,1.0,98,0.082981,97,0.097586,1370.81,390.61,1.2963,4.6005,0.2664,6.9465,0.4801,0.0,0.8798,0.4424,yes,yes,partial,partial,no,PASS,,4185165110,PASS,Kumpula Campus,batch_0400/wkt/map_0399,batch_0400/wkt/map_0399/roads.wkt,batch_0400/wkt/map_0399/metadata.json,previews/OSM_kumpula_campus_offset_e_1000m_1000m_0399.png,OK
OSM_kumpula_campus_offset_e_1000m_1000m_0513,600,osm,kumpula_campus,campus_compact,,398,1039,413522.0,347.17,988.51,343180.77,0.8298972551980254,994,1181,31762.49,0.0028559544594967,13.4758,8.5901,2.3763,5,0.0523,0.3209,1,1.0,98,0.082981,97,0.097586,1370.81,424.89,1.2984,4.6005,0.2664,6.9465,0.4801,0.0,0.8798,0.4424,yes,yes,partial,partial,no,PASS,,329709316,PASS,Kumpula Campus,batch_0600/wkt/map_0513,batch_0600/wkt/map_0513/roads.wkt,batch_0600/wkt/map_0513/metadata.json,previews/OSM_kumpula_campus_offset_e_1000m_1000m_0513.png,OK
OSM_kumpula_campus_offset_e_1000m_1000m_0639,800,osm,kumpula_campus,campus_compact,,398,1039,413522.0,347.17,988.51,343180.77,0.8298972551980254,994,1181,31762.49,0.0028559544594967,13.4758,8.5901,2.3763,5,0.0523,0.3209,1,1.0,98,0.082981,97,0.097586,1370.81,410.59,1.257,4.6005,0.2664,6.9465,0.4801,0.0,0.8798,0.4424,yes,yes,partial,partial,no,PASS,,2018819669,PASS,Kumpula Campus,batch_0800/wkt/map_0639,batch_0800/wkt/map_0639/roads.wkt,batch_0800/wkt/map_0639/metadata.json,previews/OSM_kumpula_campus_offset_e_1000m_1000m_0639.png,OK
OSM_kumpula_campus_offset_e_1000m_1000m_0755,800,osm,kumpula_campus,campus_compact,,398,1039,413522.0,347.17,988.51,343180.77,0.8298972551980254,994,1181,31762.49,0.0028559544594967,13.4758,8.5901,2.3763,5,0.0523,0.3209,1,1.0,98,0.082981,97,0.097586,1370.81,355.17,1.2905,4.6005,0.2664,6.9465,0.4801,0.0,0.8798,0.4424,yes,yes,partial,partial,no,PASS,,4075346374,PASS,Kumpula Campus,batch_0800/wkt/map_0755,batch_0800/wkt/map_0755/roads.wkt,batch_0800/wkt/map_0755/metadata.json,previews/OSM_kumpula_campus_offset_e_1000m_1000m_0755.png,OK
OSM_kumpula_campus_offset_e_1000m_1000m_0880,1000,osm,kumpula_campus,campus_compact,,398,1039,413522.0,347.17,988.51,343180.77,0.8298972551980254,994,1181,31762.49,0.0028559544594967,13.4758,8.5901,2.3763,5,0.0523,0.3209,1,1.0,98,0.082981,97,0.097586,1370.81,350.68,1.2956,4.6005,0.2664,6.9465,0.4801,0.0,0.8798,0.4424,yes,yes,partial,partial,no,PASS,,2911605264,PASS,Kumpula Campus,batch_1000/wkt/map_0880,batch_1000/wkt/map_0880/roads.wkt,batch_1000/wkt/map_0880/metadata.json,previews/OSM_kumpula_campus_offset_e_1000m_1000m_0880.png,OK
OSM_kumpula_campus_offset_e_1000m_1000m_0990,1000,osm,kumpula_campus,campus_compact,,398,1039,413522.0,347.17,988.51,343180.77,0.8298972551980254,994,1181,31762.49,0.0028559544594967,13.4758,8.5901,2.3763,5,0.0523,0.3209,1,1.0,98,0.082981,97,0.097586,1370.81,362.99,1.4334,4.6005,0.2664,6.9465,0.4801,0.0,0.8798,0.4424,yes,yes,partial,partial,no,PASS,,529788587,PASS,Kumpula Campus,batch_1000/wkt/map_0990,batch_1000/wkt/map_0990/roads.wkt,batch_1000/wkt/map_0990/metadata.json,previews/OSM_kumpula_campus_offset_e_1000m_1000m_0990.png,OK
OSM_kumpula_campus_offset_e_1000m_1000m_1103,1200,osm,kumpula_campus,campus_compact,,398,1039,413522.0,347.17,988.51,343180.77,0.8298972551980254,994,1181,31762.49,0.0028559544594967,13.4758,8.5901,2.3763,5,0.0523,0.3209,1,1.0,98,0.082981,97,0.097586,1370.81,318.0,1.2872,4.6005,0.2664,6.9465,0.4801,0.0,0.8798,0.4424,yes,yes,partial,partial,no,PASS,,1020027715,PASS,Kumpula Campus,batch_1200/wkt/map_1103,batch_1200/wkt/map_1103/roads.wkt,batch_1200/wkt/map_1103/metadata.json,previews/OSM_kumpula_campus_offset_e_1000m_1000m_1103.png,OK
OSM_kumpula_campus_offset_e_1000m_1500m_0092,100,osm,kumpula_campus,campus_compact,,685,962,658970.0,634.59,911.25,578272.22,0.8775395165617113,866,927,12307.87,0.0014067408227992,6.6385,5.6295,2.1409,4,0.0185,0.1374,1,1.0,133,0.143474,134,0.154734,1453.18,475.28,1.2924,5.1412,0.315,3.9297,0.5439,0.0,0.9223,0.4752,yes,yes,partial,partial,no,PASS,,893044758,PASS,Kumpula Campus,batch_0100/wkt/map_0092,batch_0100/wkt/map_0092/roads.wkt,batch_0100/wkt/map_0092/metadata.json,previews/OSM_kumpula_campus_offset_e_1000m_1500m_0092.png,OK
OSM_kumpula_campus_offset_e_1000m_1500m_0199,200,osm,kumpula_campus,campus_compact,,685,962,658970.0,634.59,911.25,578272.22,0.8775395165617113,866,927,12307.87,0.0014067408227992,6.6385,5.6295,2.1409,4,0.0185,0.1374,1,1.0,133,0.143474,134,0.154734,1453.18,423.46,1.3819,5.1412,0.315,3.9297,0.5439,0.0,0.9223,0.4752,yes,yes,partial,partial,no,PASS,,400024668,PASS,Kumpula Campus,batch_0200/wkt/map_0199,batch_0200/wkt/map_0199/roads.wkt,batch_0200/wkt/map_0199/metadata.json,previews/OSM_kumpula_campus_offset_e_1000m_1500m_0199.png,SKIPPED_EXISTING_OK
OSM_kumpula_campus_offset_e_1000m_1500m_0314,400,osm,kumpula_campus,campus_compact,,685,962,658970.0,634.59,911.25,578272.22,0.8775395165617113,866,927,12307.87,0.0014067408227992,6.6385,5.6295,2.1409,4,0.0185,0.1374,1,1.0,133,0.143474,134,0.154734,1453.18,371.14,1.3098,5.1412,0.315,3.9297,0.5439,0.0,0.9223,0.4752,yes,yes,partial,partial,no,PASS,,2588126392,PASS,Kumpula Campus,batch_0400/wkt/map_0314,batch_0400/wkt/map_0314/roads.wkt,batch_0400/wkt/map_0314/metadata.json,previews/OSM_kumpula_campus_offset_e_1000m_1500m_0314.png,OK
OSM_kumpula_campus_offset_e_1000m_1500m_0433,600,osm,kumpula_campus,campus_compact,,685,962,658970.0,634.59,911.25,578272.22,0.8775395165617113,866,927,12307.87,0.0014067408227992,6.6385,5.6295,2.1409,4,0.0185,0.1374,1,1.0,133,0.143474,134,0.154734,1453.18,425.05,1.3723,5.1412,0.315,3.9297,0.5439,0.0,0.9223,0.4752,yes,yes,partial,partial,no,PASS,,2494081755,PASS,Kumpula Campus,batch_0600/wkt/map_0433,batch_0600/wkt/map_0433/roads.wkt,batch_0600/wkt/map_0433/metadata.json,previews/OSM_kumpula_campus_offset_e_1000m_1500m_0433.png,OK
OSM_kumpula_campus_offset_e_1000m_1500m_0552,600,osm,kumpula_campus,campus_compact,,685,962,658970.0,634.59,911.25,578272.22,0.8775395165617113,866,927,12307.87,0.0014067408227992,6.6385,5.6295,2.1409,4,0.0185,0.1374,1,1.0,133,0.143474,134,0.154734,1453.18,453.46,1.3781,5.1412,0.315,3.9297,0.5439,0.0,0.9223,0.4752,yes,yes,partial,partial,no,PASS,,652818271,PASS,Kumpula Campus,batch_0600/wkt/map_0552,batch_0600/wkt/map_0552/roads.wkt,batch_0600/wkt/map_0552/metadata.json,previews/OSM_kumpula_campus_offset_e_1000m_1500m_0552.png,OK
OSM_kumpula_campus_offset_e_1000m_1500m_0670,800,osm,kumpula_campus,campus_compact,,685,962,658970.0,634.59,911.25,578272.22,0.8775395165617113,866,927,12307.87,0.0014067408227992,6.6385,5.6295,2.1409,4,0.0185,0.1374,1,1.0,133,0.143474,134,0.154734,1453.18,455.09,1.3043,5.1412,0.315,3.9297,0.5439,0.0,0.9223,0.4752,yes,yes,partial,partial,no,PASS,,389388489,PASS,Kumpula Campus,batch_0800/wkt/map_0670,batch_0800/wkt/map_0670/roads.wkt,batch_0800/wkt/map_0670/metadata.json,previews/OSM_kumpula_campus_offset_e_1000m_1500m_0670.png,OK
OSM_kumpula_campus_offset_e_1000m_1500m_0781,800,osm,kumpula_campus,campus_compact,,685,962,658970.0,634.59,911.25,578272.22,0.8775395165617113,866,927,12307.87,0.0014067408227992,6.6385,5.6295,2.1409,4,0.0185,0.1374,1,1.0,133,0.143474,134,0.154734,1453.18,418.3,1.3456,5.1412,0.315,3.9297,0.5439,0.0,0.9223,0.4752,yes,yes,partial,partial,no,PASS,,2138810476,PASS,Kumpula Campus,batch_0800/wkt/map_0781,batch_0800/wkt/map_0781/roads.wkt,batch_0800/wkt/map_0781/metadata.json,previews/OSM_kumpula_campus_offset_e_1000m_1500m_0781.png,OK
OSM_kumpula_campus_offset_e_1000m_1500m_0902,1000,osm,kumpula_campus,campus_compact,,685,962,658970.0,634.59,911.25,578272.22,0.8775395165617113,866,927,12307.87,0.0014067408227992,6.6385,5.6295,2.1409,4,0.0185,0.1374,1,1.0,133,0.143474,134,0.154734,1453.18,426.73,1.3422,5.1412,0.315,3.9297,0.5439,0.0,0.9223,0.4752,yes,yes,partial,partial,no,PASS,,793750595,PASS,Kumpula Campus,batch_1000/wkt/map_0902,batch_1000/wkt/map_0902/roads.wkt,batch_1000/wkt/map_0902/metadata.json,previews/OSM_kumpula_campus_offset_e_1000m_1500m_0902.png,OK
OSM_kumpula_campus_offset_e_1000m_1500m_1020,1200,osm,kumpula_campus,campus_compact,,685,962,658970.0,634.59,911.25,578272.22,0.8775395165617113,866,927,12307.87,0.0014067408227992,6.6385,5.6295,2.1409,4,0.0185,0.1374,1,1.0,133,0.143474,134,0.154734,1453.18,418.21,1.3649,5.1412,0.315,3.9297,0.5439,0.0,0.9223,0.4752,yes,yes,partial,partial,no,PASS,,2398304276,PASS,Kumpula Campus,batch_1200/wkt/map_1020,batch_1200/wkt/map_1020/roads.wkt,batch_1200/wkt/map_1020/metadata.json,previews/OSM_kumpula_campus_offset_e_1000m_1500m_1020.png,OK
OSM_kumpula_campus_offset_e_1000m_1500m_1139,1200,osm,kumpula_campus,campus_compact,,685,962,658970.0,634.59,911.25,578272.22,0.8775395165617113,866,927,12307.87,0.0014067408227992,6.6385,5.6295,2.1409,4,0.0185,0.1374,1,1.0,133,0.143474,134,0.154734,1453.18,376.33,1.2815,5.1412,0.315,3.9297,0.5439,0.0,0.9223,0.4752,yes,yes,partial,partial,no,PASS,,3087524061,PASS,Kumpula Campus,batch_1200/wkt/map_1139,batch_1200/wkt/map_1139/roads.wkt,batch_1200/wkt/map_1139/metadata.json,previews/OSM_kumpula_campus_offset_e_1000m_1500m_1139.png,OK
OSM_kumpula_campus_offset_e_1000m_200m_0009,100,osm,kumpula_campus,campus_compact,,1070,1058,1132060.0,1019.95,1007.43,1027524.99,0.9076594812348558,3497,4131,106920.56,0.0036490998710315,13.2722,7.7421,2.3626,5,0.0643,0.3223,1,1.0,411,0.099492,391,0.11181,2291.06,584.54,1.3629,4.7464,0.1886,1.6408,0.6285,0.0,0.9121,0.4504,yes,yes,partial,partial,no,PASS,,4237744931,PASS,Kumpula Campus,batch_0100/wkt/map_0009,batch_0100/wkt/map_0009/roads.wkt,batch_0100/wkt/map_0009/metadata.json,previews/OSM_kumpula_campus_offset_e_1000m_200m_0009.png,OK
OSM_kumpula_campus_offset_e_1000m_200m_0120,200,osm,kumpula_campus,campus_compact,,1070,1058,1132060.0,1019.95,1007.43,1027524.99,0.9076594812348558,3497,4131,106920.56,0.0036490998710315,13.2722,7.7421,2.3626,5,0.0643,0.3223,1,1.0,411,0.099492,391,0.11181,2291.06,608.85,1.3126,4.7464,0.1886,1.6408,0.6285,0.0,0.9121,0.4504,yes,yes,partial,partial,no,PASS,,151666527,PASS,Kumpula Campus,batch_0200/wkt/map_0120,batch_0200/wkt/map_0120/roads.wkt,batch_0200/wkt/map_0120/metadata.json,previews/OSM_kumpula_campus_offset_e_1000m_200m_0120.png,OK
OSM_kumpula_campus_offset_e_1000m_200m_0232,400,osm,kumpula_campus,campus_compact,,1070,1058,1132060.0,1019.95,1007.43,1027524.99,0.9076594812348558,3497,4131,106920.56,0.0036490998710315,13.2722,7.7421,2.3626,5,0.0643,0.3223,1,1.0,411,0.099492,391,0.11181,2291.06,623.35,1.3347,4.7464,0.1886,1.6408,0.6285,0.0,0.9121,0.4504,yes,yes,partial,partial,no,PASS,,185892384,PASS,Kumpula Campus,batch_0400/wkt/map_0232,batch_0400/wkt/map_0232/roads.wkt,batch_0400/wkt/map_0232/metadata.json,previews/OSM_kumpula_campus_offset_e_1000m_200m_0232.png,SKIPPED_EXISTING_OK
OSM_kumpula_campus_offset_e_1000m_200m_0338,400,osm,kumpula_campus,campus_compact,,1070,1058,1132060.0,1019.95,1007.43,1027524.99,0.9076594812348558,3497,4131,106920.56,0.0036490998710315,13.2722,7.7421,2.3626,5,0.0643,0.3223,1,1.0,411,0.099492,391,0.11181,2291.06,688.98,1.4212,4.7464,0.1886,1.6408,0.6285,0.0,0.9121,0.4504,yes,yes,partial,partial,no,PASS,,888624351,PASS,Kumpula Campus,batch_0400/wkt/map_0338,batch_0400/wkt/map_0338/roads.wkt,batch_0400/wkt/map_0338/metadata.json,previews/OSM_kumpula_campus_offset_e_1000m_200m_0338.png,OK
OSM_kumpula_campus_offset_e_1000m_200m_0465,600,osm,kumpula_campus,campus_compact,,1070,1058,1132060.0,1019.95,1007.43,1027524.99,0.9076594812348558,3497,4131,106920.56,0.0036490998710315,13.2722,7.7421,2.3626,5,0.0643,0.3223,1,1.0,411,0.099492,391,0.11181,2291.06,679.13,1.2889,4.7464,0.1886,1.6408,0.6285,0.0,0.9121,0.4504,yes,yes,partial,partial,no,PASS,,1724543236,PASS,Kumpula Campus,batch_0600/wkt/map_0465,batch_0600/wkt/map_0465/roads.wkt,batch_0600/wkt/map_0465/metadata.json,previews/OSM_kumpula_campus_offset_e_1000m_200m_0465.png,OK
OSM_kumpula_campus_offset_e_1000m_200m_0582,600,osm,kumpula_campus,campus_compact,,1070,1058,1132060.0,1019.95,1007.43,1027524.99,0.9076594812348558,3497,4131,106920.56,0.0036490998710315,13.2722,7.7421,2.3626,5,0.0643,0.3223,1,1.0,411,0.099492,391,0.11181,2291.06,580.04,1.2882,4.7464,0.1886,1.6408,0.6285,0.0,0.9121,0.4504,yes,yes,partial,partial,no,PASS,,1068327184,PASS,Kumpula Campus,batch_0600/wkt/map_0582,batch_0600/wkt/map_0582/roads.wkt,batch_0600/wkt/map_0582/metadata.json,previews/OSM_kumpula_campus_offset_e_1000m_200m_0582.png,OK
OSM_kumpula_campus_offset_e_1000m_200m_0700,800,osm,kumpula_campus,campus_compact,,1070,1058,1132060.0,1019.95,1007.43,1027524.99,0.9076594812348558,3497,4131,106920.56,0.0036490998710315,13.2722,7.7421,2.3626,5,0.0643,0.3223,1,1.0,411,0.099492,391,0.11181,2291.06,627.73,1.3058,4.7464,0.1886,1.6408,0.6285,0.0,0.9121,0.4504,yes,yes,partial,partial,no,PASS,,3032192788,PASS,Kumpula Campus,batch_0800/wkt/map_0700,batch_0800/wkt/map_0700/roads.wkt,batch_0800/wkt/map_0700/metadata.json,previews/OSM_kumpula_campus_offset_e_1000m_200m_0700.png,OK
OSM_kumpula_campus_offset_e_1000m_200m_0812,1000,osm,kumpula_campus,campus_compact,,1070,1058,1132060.0,1019.95,1007.43,1027524.99,0.9076594812348558,3497,4131,106920.56,0.0036490998710315,13.2722,7.7421,2.3626,5,0.0643,0.3223,1,1.0,411,0.099492,391,0.11181,2291.06,578.64,1.328,4.7464,0.1886,1.6408,0.6285,0.0,0.9121,0.4504,yes,yes,partial,partial,no,PASS,,1831104803,PASS,Kumpula Campus,batch_1000/wkt/map_0812,batch_1000/wkt/map_0812/roads.wkt,batch_1000/wkt/map_0812/metadata.json,previews/OSM_kumpula_campus_offset_e_1000m_200m_0812.png,OK
OSM_kumpula_campus_offset_e_1000m_200m_0931,1000,osm,kumpula_campus,campus_compact,,1070,1058,1132060.0,1019.95,1007.43,1027524.99,0.9076594812348558,3497,4131,106920.56,0.0036490998710315,13.2722,7.7421,2.3626,5,0.0643,0.3223,1,1.0,411,0.099492,391,0.11181,2291.06,629.82,1.3116,4.7464,0.1886,1.6408,0.6285,0.0,0.9121,0.4504,yes,yes,partial,partial,no,PASS,,273189330,PASS,Kumpula Campus,batch_1000/wkt/map_0931,batch_1000/wkt/map_0931/roads.wkt,batch_1000/wkt/map_0931/metadata.json,previews/OSM_kumpula_campus_offset_e_1000m_200m_0931.png,OK
OSM_kumpula_campus_offset_e_1000m_200m_1050,1200,osm,kumpula_campus,campus_compact,,1070,1058,1132060.0,1019.95,1007.43,1027524.99,0.9076594812348558,3497,4131,106920.56,0.0036490998710315,13.2722,7.7421,2.3626,5,0.0643,0.3223,1,1.0,411,0.099492,391,0.11181,2291.06,625.07,1.3606,4.7464,0.1886,1.6408,0.6285,0.0,0.9121,0.4504,yes,yes,partial,partial,no,PASS,,3850598575,PASS,Kumpula Campus,batch_1200/wkt/map_1050,batch_1200/wkt/map_1050/roads.wkt,batch_1200/wkt/map_1050/metadata.json,previews/OSM_kumpula_campus_offset_e_1000m_200m_1050.png,OK
OSM_kumpula_campus_offset_e_1000m_200m_1169,1200,osm,kumpula_campus,campus_compact,,1070,1058,1132060.0,1019.95,1007.43,1027524.99,0.9076594812348558,3497,4131,106920.56,0.0036490998710315,13.2722,7.7421,2.3626,5,0.0643,0.3223,1,1.0,411,0.099492,391,0.11181,2291.06,644.03,1.287,4.7464,0.1886,1.6408,0.6285,0.0,0.9121,0.4504,yes,yes,partial,partial,no,PASS,,1422218073,PASS,Kumpula Campus,batch_1200/wkt/map_1169,batch_1200/wkt/map_1169/roads.wkt,batch_1200/wkt/map_1169/metadata.json,previews/OSM_kumpula_campus_offset_e_1000m_200m_1169.png,OK
OSM_kumpula_campus_offset_e_1000m_500m_0037,100,osm,kumpula_campus,campus_compact,,899,1047,941253.0,848.66,996.91,846040.39,0.8988448321187212,2670,3176,85572.57,0.0033742256332781,13.6982,7.8963,2.379,5,0.0618,0.3322,1,1.0,314,0.098866,303,0.113483,1903.35,599.75,1.252,4.8084,0.2132,1.9972,0.5868,0.0,0.9011,0.4461,yes,yes,partial,partial,no,PASS,,962676746,PASS,Kumpula Campus,batch_0100/wkt/map_0037,batch_0100/wkt/map_0037/roads.wkt,batch_0100/wkt/map_0037/metadata.json,previews/OSM_kumpula_campus_offset_e_1000m_500m_0037.png,OK
OSM_kumpula_campus_offset_e_1000m_500m_0146,200,osm,kumpula_campus,campus_compact,,899,1047,941253.0,848.66,996.91,846040.39,0.8988448321187212,2670,3176,85572.57,0.0033742256332781,13.6982,7.8963,2.379,5,0.0618,0.3322,1,1.0,314,0.098866,303,0.113483,1903.35,589.26,1.2859,4.8084,0.2132,1.9972,0.5868,0.0,0.9011,0.4461,yes,yes,partial,partial,no,PASS,,784484151,PASS,Kumpula Campus,batch_0200/wkt/map_0146,batch_0200/wkt/map_0146/roads.wkt,batch_0200/wkt/map_0146/metadata.json,previews/OSM_kumpula_campus_offset_e_1000m_500m_0146.png,OK
OSM_kumpula_campus_offset_e_1000m_500m_0260,400,osm,kumpula_campus,campus_compact,,899,1047,941253.0,848.66,996.91,846040.39,0.8988448321187212,2670,3176,85572.57,0.0033742256332781,13.6982,7.8963,2.379,5,0.0618,0.3322,1,1.0,314,0.098866,303,0.113483,1903.35,535.59,1.329,4.8084,0.2132,1.9972,0.5868,0.0,0.9011,0.4461,yes,yes,partial,partial,no,PASS,,2264878366,PASS,Kumpula Campus,batch_0400/wkt/map_0260,batch_0400/wkt/map_0260/roads.wkt,batch_0400/wkt/map_0260/metadata.json,previews/OSM_kumpula_campus_offset_e_1000m_500m_0260.png,OK
OSM_kumpula_campus_offset_e_1000m_500m_0363,400,osm,kumpula_campus,campus_compact,,899,1047,941253.0,848.66,996.91,846040.39,0.8988448321187212,2670,3176,85572.57,0.0033742256332781,13.6982,7.8963,2.379,5,0.0618,0.3322,1,1.0,314,0.098866,303,0.113483,1903.35,574.88,1.3203,4.8084,0.2132,1.9972,0.5868,0.0,0.9011,0.4461,yes,yes,partial,partial,no,PASS,,3077649364,PASS,Kumpula Campus,batch_0400/wkt/map_0363,batch_0400/wkt/map_0363/roads.wkt,batch_0400/wkt/map_0363/metadata.json,previews/OSM_kumpula_campus_offset_e_1000m_500m_0363.png,OK
OSM_kumpula_campus_offset_e_1000m_500m_0490,600,osm,kumpula_campus,campus_compact,,899,1047,941253.0,848.66,996.91,846040.39,0.8988448321187212,2670,3176,85572.57,0.0033742256332781,13.6982,7.8963,2.379,5,0.0618,0.3322,1,1.0,314,0.098866,303,0.113483,1903.35,584.29,1.2922,4.8084,0.2132,1.9972,0.5868,0.0,0.9011,0.4461,yes,yes,partial,partial,no,PASS,,1716527518,PASS,Kumpula Campus,batch_0600/wkt/map_0490,batch_0600/wkt/map_0490/roads.wkt,batch_0600/wkt/map_0490/metadata.json,previews/OSM_kumpula_campus_offset_e_1000m_500m_0490.png,OK
OSM_kumpula_campus_offset_e_1000m_500m_0611,800,osm,kumpula_campus,campus_compact,,899,1047,941253.0,848.66,996.91,846040.39,0.8988448321187212,2670,3176,85572.57,0.0033742256332781,13.6982,7.8963,2.379,5,0.0618,0.3322,1,1.0,314,0.098866,303,0.113483,1903.35,454.55,1.2679,4.8084,0.2132,1.9972,0.5868,0.0,0.9011,0.4461,yes,yes,partial,partial,no,PASS,,2514343250,PASS,Kumpula Campus,batch_0800/wkt/map_0611,batch_0800/wkt/map_0611/roads.wkt,batch_0800/wkt/map_0611/metadata.json,previews/OSM_kumpula_campus_offset_e_1000m_500m_0611.png,OK
OSM_kumpula_campus_offset_e_1000m_500m_0725,800,osm,kumpula_campus,campus_compact,,899,1047,941253.0,848.66,996.91,846040.39,0.8988448321187212,2670,3176,85572.57,0.0033742256332781,13.6982,7.8963,2.379,5,0.0618,0.3322,1,1.0,314,0.098866,303,0.113483,1903.35,514.76,1.331,4.8084,0.2132,1.9972,0.5868,0.0,0.9011,0.4461,yes,yes,partial,partial,no,PASS,,3848973406,PASS,Kumpula Campus,batch_0800/wkt/map_0725,batch_0800/wkt/map_0725/roads.wkt,batch_0800/wkt/map_0725/metadata.json,previews/OSM_kumpula_campus_offset_e_1000m_500m_0725.png,OK
OSM_kumpula_campus_offset_e_1000m_500m_0848,1000,osm,kumpula_campus,campus_compact,,899,1047,941253.0,848.66,996.91,846040.39,0.8988448321187212,2670,3176,85572.57,0.0033742256332781,13.6982,7.8963,2.379,5,0.0618,0.3322,1,1.0,314,0.098866,303,0.113483,1903.35,603.24,1.3062,4.8084,0.2132,1.9972,0.5868,0.0,0.9011,0.4461,yes,yes,partial,partial,no,PASS,,3323686043,PASS,Kumpula Campus,batch_1000/wkt/map_0848,batch_1000/wkt/map_0848/roads.wkt,batch_1000/wkt/map_0848/metadata.json,previews/OSM_kumpula_campus_offset_e_1000m_500m_0848.png,OK
OSM_kumpula_campus_offset_e_1000m_500m_0959,1000,osm,kumpula_campus,campus_compact,,899,1047,941253.0,848.66,996.91,846040.39,0.8988448321187212,2670,3176,85572.57,0.0033742256332781,13.6982,7.8963,2.379,5,0.0618,0.3322,1,1.0,314,0.098866,303,0.113483,1903.35,559.82,1.3124,4.8084,0.2132,1.9972,0.5868,0.0,0.9011,0.4461,yes,yes,partial,partial,no,PASS,,2216303810,PASS,Kumpula Campus,batch_1000/wkt/map_0959,batch_1000/wkt/map_0959/roads.wkt,batch_1000/wkt/map_0959/metadata.json,previews/OSM_kumpula_campus_offset_e_1000m_500m_0959.png,OK
OSM_kumpula_campus_offset_e_1000m_500m_1076,1200,osm,kumpula_campus,campus_compact,,899,1047,941253.0,848.66,996.91,846040.39,0.8988448321187212,2670,3176,85572.57,0.0033742256332781,13.6982,7.8963,2.379,5,0.0618,0.3322,1,1.0,314,0.098866,303,0.113483,1903.35,580.55,1.2792,4.8084,0.2132,1.9972,0.5868,0.0,0.9011,0.4461,yes,yes,partial,partial,no,PASS,,3286949604,PASS,Kumpula Campus,batch_1200/wkt/map_1076,batch_1200/wkt/map_1076/roads.wkt,batch_1200/wkt/map_1076/metadata.json,previews/OSM_kumpula_campus_offset_e_1000m_500m_1076.png,OK
OSM_lapland_rural_sparse_offset_s_2500m_1000m_0069,100,osm,lapland_rural_sparse,rural_roads,,2554,2539,6484606.0,2503.87,2488.3,6230380.89,0.960795596574778,1744,1849,72799.94,0.0002851368302098,25.4456,12.2323,2.1204,5,0.0206,0.113,1,1.0,283,0.153056,282,0.161697,6713.37,1577.41,1.4779,5.0325,0.3653,1.1466,0.5929,0.0,0.9286,0.4811,yes,yes,no,no,no,PASS,,325097327,PASS,Lapland rural roads,batch_0100/wkt/map_0069,batch_0100/wkt/map_0069/roads.wkt,batch_0100/wkt/map_0069/metadata.json,previews/OSM_lapland_rural_sparse_offset_s_2500m_1000m_0069.png,OK
OSM_lapland_rural_sparse_offset_s_2500m_1000m_0177,200,osm,lapland_rural_sparse,rural_roads,,2554,2539,6484606.0,2503.87,2488.3,6230380.89,0.960795596574778,1744,1849,72799.94,0.0002851368302098,25.4456,12.2323,2.1204,5,0.0206,0.113,1,1.0,283,0.153056,282,0.161697,6713.37,1849.54,1.4799,5.0325,0.3653,1.1466,0.5929,0.0,0.9286,0.4811,yes,yes,no,no,no,PASS,,1029968627,PASS,Lapland rural roads,batch_0200/wkt/map_0177,batch_0200/wkt/map_0177/roads.wkt,batch_0200/wkt/map_0177/metadata.json,previews/OSM_lapland_rural_sparse_offset_s_2500m_1000m_0177.png,SKIPPED_EXISTING_OK
OSM_lapland_rural_sparse_offset_s_2500m_1000m_0293,400,osm,lapland_rural_sparse,rural_roads,,2554,2539,6484606.0,2503.87,2488.3,6230380.89,0.960795596574778,1744,1849,72799.94,0.0002851368302098,25.4456,12.2323,2.1204,5,0.0206,0.113,1,1.0,283,0.153056,282,0.161697,6713.37,1864.01,1.4977,5.0325,0.3653,1.1466,0.5929,0.0,0.9286,0.4811,yes,yes,no,no,no,PASS,,1218088798,PASS,Lapland rural roads,batch_0400/wkt/map_0293,batch_0400/wkt/map_0293/roads.wkt,batch_0400/wkt/map_0293/metadata.json,previews/OSM_lapland_rural_sparse_offset_s_2500m_1000m_0293.png,OK
OSM_lapland_rural_sparse_offset_s_2500m_1000m_0408,600,osm,lapland_rural_sparse,rural_roads,,2554,2539,6484606.0,2503.87,2488.3,6230380.89,0.960795596574778,1744,1849,72799.94,0.0002851368302098,25.4456,12.2323,2.1204,5,0.0206,0.113,1,1.0,283,0.153056,282,0.161697,6713.37,1928.69,1.4686,5.0325,0.3653,1.1466,0.5929,0.0,0.9286,0.4811,yes,yes,no,no,no,PASS,,776829662,PASS,Lapland rural roads,batch_0600/wkt/map_0408,batch_0600/wkt/map_0408/roads.wkt,batch_0600/wkt/map_0408/metadata.json,previews/OSM_lapland_rural_sparse_offset_s_2500m_1000m_0408.png,OK
OSM_lapland_rural_sparse_offset_s_2500m_1000m_0514,600,osm,lapland_rural_sparse,rural_roads,,2554,2539,6484606.0,2503.87,2488.3,6230380.89,0.960795596574778,1744,1849,72799.94,0.0002851368302098,25.4456,12.2323,2.1204,5,0.0206,0.113,1,1.0,283,0.153056,282,0.161697,6713.37,1564.48,1.4105,5.0325,0.3653,1.1466,0.5929,0.0,0.9286,0.4811,yes,yes,no,no,no,PASS,,2341461330,PASS,Lapland rural roads,batch_0600/wkt/map_0514,batch_0600/wkt/map_0514/roads.wkt,batch_0600/wkt/map_0514/metadata.json,previews/OSM_lapland_rural_sparse_offset_s_2500m_1000m_0514.png,OK
OSM_lapland_rural_sparse_offset_s_2500m_1000m_0643,800,osm,lapland_rural_sparse,rural_roads,,2554,2539,6484606.0,2503.87,2488.3,6230380.89,0.960795596574778,1744,1849,72799.94,0.0002851368302098,25.4456,12.2323,2.1204,5,0.0206,0.113,1,1.0,283,0.153056,282,0.161697,6713.37,1584.81,1.4663,5.0325,0.3653,1.1466,0.5929,0.0,0.9286,0.4811,yes,yes,no,no,no,PASS,,2428046374,PASS,Lapland rural roads,batch_0800/wkt/map_0643,batch_0800/wkt/map_0643/roads.wkt,batch_0800/wkt/map_0643/metadata.json,previews/OSM_lapland_rural_sparse_offset_s_2500m_1000m_0643.png,OK
OSM_lapland_rural_sparse_offset_s_2500m_1000m_0757,800,osm,lapland_rural_sparse,rural_roads,,2554,2539,6484606.0,2503.87,2488.3,6230380.89,0.960795596574778,1744,1849,72799.94,0.0002851368302098,25.4456,12.2323,2.1204,5,0.0206,0.113,1,1.0,283,0.153056,282,0.161697,6713.37,1863.63,1.4728,5.0325,0.3653,1.1466,0.5929,0.0,0.9286,0.4811,yes,yes,no,no,no,PASS,,3870560836,PASS,Lapland rural roads,batch_0800/wkt/map_0757,batch_0800/wkt/map_0757/roads.wkt,batch_0800/wkt/map_0757/metadata.json,previews/OSM_lapland_rural_sparse_offset_s_2500m_1000m_0757.png,OK
OSM_lapland_rural_sparse_offset_s_2500m_1000m_0881,1000,osm,lapland_rural_sparse,rural_roads,,2554,2539,6484606.0,2503.87,2488.3,6230380.89,0.960795596574778,1744,1849,72799.94,0.0002851368302098,25.4456,12.2323,2.1204,5,0.0206,0.113,1,1.0,283,0.153056,282,0.161697,6713.37,1783.96,1.7654,5.0325,0.3653,1.1466,0.5929,0.0,0.9286,0.4811,yes,yes,no,no,no,PASS,,3099984281,PASS,Lapland rural roads,batch_1000/wkt/map_0881,batch_1000/wkt/map_0881/roads.wkt,batch_1000/wkt/map_0881/metadata.json,previews/OSM_lapland_rural_sparse_offset_s_2500m_1000m_0881.png,OK
OSM_lapland_rural_sparse_offset_s_2500m_1000m_0992,1000,osm,lapland_rural_sparse,rural_roads,,2554,2539,6484606.0,2503.87,2488.3,6230380.89,0.960795596574778,1744,1849,72799.94,0.0002851368302098,25.4456,12.2323,2.1204,5,0.0206,0.113,1,1.0,283,0.153056,282,0.161697,6713.37,1673.15,1.4713,5.0325,0.3653,1.1466,0.5929,0.0,0.9286,0.4811,yes,yes,no,no,no,PASS,,2152937401,PASS,Lapland rural roads,batch_1000/wkt/map_0992,batch_1000/wkt/map_0992/roads.wkt,batch_1000/wkt/map_0992/metadata.json,previews/OSM_lapland_rural_sparse_offset_s_2500m_1000m_0992.png,OK
OSM_lapland_rural_sparse_offset_s_2500m_1000m_1104,1200,osm,lapland_rural_sparse,rural_roads,,2554,2539,6484606.0,2503.87,2488.3,6230380.89,0.960795596574778,1744,1849,72799.94,0.0002851368302098,25.4456,12.2323,2.1204,5,0.0206,0.113,1,1.0,283,0.153056,282,0.161697,6713.37,1640.81,1.4989,5.0325,0.3653,1.1466,0.5929,0.0,0.9286,0.4811,yes,yes,no,no,no,PASS,,2781763143,PASS,Lapland rural roads,batch_1200/wkt/map_1104,batch_1200/wkt/map_1104/roads.wkt,batch_1200/wkt/map_1104/metadata.json,previews/OSM_lapland_rural_sparse_offset_s_2500m_1000m_1104.png,OK
OSM_lapland_rural_sparse_offset_s_2500m_1500m_0093,100,osm,lapland_rural_sparse,rural_roads,,2548,2517,6413316.0,2497.44,2466.69,6160406.06,0.9605648711680508,1136,1194,56589.08,0.0001861751393506,28.0283,13.9427,2.1021,4,0.0308,0.1127,1,1.0,292,0.244556,291,0.256162,7583.0,1916.09,1.62,4.9951,0.4284,1.0586,0.6744,0.0,0.9288,0.4899,yes,yes,no,no,no,PASS,,1182166687,PASS,Lapland rural roads,batch_0100/wkt/map_0093,batch_0100/wkt/map_0093/roads.wkt,batch_0100/wkt/map_0093/metadata.json,previews/OSM_lapland_rural_sparse_offset_s_2500m_1500m_0093.png,OK
OSM_lapland_rural_sparse_offset_s_2500m_1500m_0205,400,osm,lapland_rural_sparse,rural_roads,,2548,2517,6413316.0,2497.44,2466.69,6160406.06,0.9605648711680508,1136,1194,56589.08,0.0001861751393506,28.0283,13.9427,2.1021,4,0.0308,0.1127,1,1.0,292,0.244556,291,0.256162,7583.0,2111.74,1.5358,4.9951,0.4284,1.0586,0.6744,0.0,0.9288,0.4899,yes,yes,no,no,no,PASS,,4280536137,PASS,Lapland rural roads,batch_0400/wkt/map_0205,batch_0400/wkt/map_0205/roads.wkt,batch_0400/wkt/map_0205/metadata.json,previews/OSM_lapland_rural_sparse_offset_s_2500m_1500m_0205.png,OK
OSM_lapland_rural_sparse_offset_s_2500m_1500m_0317,400,osm,lapland_rural_sparse,rural_roads,,2548,2517,6413316.0,2497.44,2466.69,6160406.06,0.9605648711680508,1136,1194,56589.08,0.0001861751393506,28.0283,13.9427,2.1021,4,0.0308,0.1127,1,1.0,292,0.244556,291,0.256162,7583.0,2403.14,1.7103,4.9951,0.4284,1.0586,0.6744,0.0,0.9288,0.4899,yes,yes,no,no,no,PASS,,2621507590,PASS,Lapland rural roads,batch_0400/wkt/map_0317,batch_0400/wkt/map_0317/roads.wkt,batch_0400/wkt/map_0317/metadata.json,previews/OSM_lapland_rural_sparse_offset_s_2500m_1500m_0317.png,OK
OSM_lapland_rural_sparse_offset_s_2500m_1500m_0434,600,osm,lapland_rural_sparse,rural_roads,,2548,2517,6413316.0,2497.44,2466.69,6160406.06,0.9605648711680508,1136,1194,56589.08,0.0001861751393506,28.0283,13.9427,2.1021,4,0.0308,0.1127,1,1.0,292,0.244556,291,0.256162,7583.0,2070.82,1.5677,4.9951,0.4284,1.0586,0.6744,0.0,0.9288,0.4899,yes,yes,no,no,no,PASS,,893971086,PASS,Lapland rural roads,batch_0600/wkt/map_0434,batch_0600/wkt/map_0434/roads.wkt,batch_0600/wkt/map_0434/metadata.json,previews/OSM_lapland_rural_sparse_offset_s_2500m_1500m_0434.png,OK
OSM_lapland_rural_sparse_offset_s_2500m_1500m_0554,600,osm,lapland_rural_sparse,rural_roads,,2548,2517,6413316.0,2497.44,2466.69,6160406.06,0.9605648711680508,1136,1194,56589.08,0.0001861751393506,28.0283,13.9427,2.1021,4,0.0308,0.1127,1,1.0,292,0.244556,291,0.256162,7583.0,2010.14,1.8538,4.9951,0.4284,1.0586,0.6744,0.0,0.9288,0.4899,yes,yes,no,no,no,PASS,,1171244607,PASS,Lapland rural roads,batch_0600/wkt/map_0554,batch_0600/wkt/map_0554/roads.wkt,batch_0600/wkt/map_0554/metadata.json,previews/OSM_lapland_rural_sparse_offset_s_2500m_1500m_0554.png,OK
OSM_lapland_rural_sparse_offset_s_2500m_1500m_0672,800,osm,lapland_rural_sparse,rural_roads,,2548,2517,6413316.0,2497.44,2466.69,6160406.06,0.9605648711680508,1136,1194,56589.08,0.0001861751393506,28.0283,13.9427,2.1021,4,0.0308,0.1127,1,1.0,292,0.244556,291,0.256162,7583.0,2323.59,1.8582,4.9951,0.4284,1.0586,0.6744,0.0,0.9288,0.4899,yes,yes,no,no,no,PASS,,1935009916,PASS,Lapland rural roads,batch_0800/wkt/map_0672,batch_0800/wkt/map_0672/roads.wkt,batch_0800/wkt/map_0672/metadata.json,previews/OSM_lapland_rural_sparse_offset_s_2500m_1500m_0672.png,OK
OSM_lapland_rural_sparse_offset_s_2500m_1500m_0782,800,osm,lapland_rural_sparse,rural_roads,,2548,2517,6413316.0,2497.44,2466.69,6160406.06,0.9605648711680508,1136,1194,56589.08,0.0001861751393506,28.0283,13.9427,2.1021,4,0.0308,0.1127,1,1.0,292,0.244556,291,0.256162,7583.0,2013.65,1.5045,4.9951,0.4284,1.0586,0.6744,0.0,0.9288,0.4899,yes,yes,no,no,no,PASS,,1504077934,PASS,Lapland rural roads,batch_0800/wkt/map_0782,batch_0800/wkt/map_0782/roads.wkt,batch_0800/wkt/map_0782/metadata.json,previews/OSM_lapland_rural_sparse_offset_s_2500m_1500m_0782.png,OK
OSM_lapland_rural_sparse_offset_s_2500m_1500m_0904,1000,osm,lapland_rural_sparse,rural_roads,,2548,2517,6413316.0,2497.44,2466.69,6160406.06,0.9605648711680508,1136,1194,56589.08,0.0001861751393506,28.0283,13.9427,2.1021,4,0.0308,0.1127,1,1.0,292,0.244556,291,0.256162,7583.0,2293.8,1.4658,4.9951,0.4284,1.0586,0.6744,0.0,0.9288,0.4899,yes,yes,no,no,no,PASS,,3126308636,PASS,Lapland rural roads,batch_1000/wkt/map_0904,batch_1000/wkt/map_0904/roads.wkt,batch_1000/wkt/map_0904/metadata.json,previews/OSM_lapland_rural_sparse_offset_s_2500m_1500m_0904.png,OK
OSM_lapland_rural_sparse_offset_s_2500m_1500m_1021,1200,osm,lapland_rural_sparse,rural_roads,,2548,2517,6413316.0,2497.44,2466.69,6160406.06,0.9605648711680508,1136,1194,56589.08,0.0001861751393506,28.0283,13.9427,2.1021,4,0.0308,0.1127,1,1.0,292,0.244556,291,0.256162,7583.0,2131.95,1.491,4.9951,0.4284,1.0586,0.6744,0.0,0.9288,0.4899,yes,yes,no,no,no,PASS,,2020786127,PASS,Lapland rural roads,batch_1200/wkt/map_1021,batch_1200/wkt/map_1021/roads.wkt,batch_1200/wkt/map_1021/metadata.json,previews/OSM_lapland_rural_sparse_offset_s_2500m_1500m_1021.png,OK
OSM_lapland_rural_sparse_offset_s_2500m_1500m_1143,1200,osm,lapland_rural_sparse,rural_roads,,2548,2517,6413316.0,2497.44,2466.69,6160406.06,0.9605648711680508,1136,1194,56589.08,0.0001861751393506,28.0283,13.9427,2.1021,4,0.0308,0.1127,1,1.0,292,0.244556,291,0.256162,7583.0,2095.04,1.5935,4.9951,0.4284,1.0586,0.6744,0.0,0.9288,0.4899,yes,yes,no,no,no,PASS,,2333434574,PASS,Lapland rural roads,batch_1200/wkt/map_1143,batch_1200/wkt/map_1143/roads.wkt,batch_1200/wkt/map_1143/metadata.json,previews/OSM_lapland_rural_sparse_offset_s_2500m_1500m_1143.png,OK
OSM_lapland_rural_sparse_offset_s_2500m_200m_0010,100,osm,lapland_rural_sparse,rural_roads,,2477,2505,6204885.0,2426.13,2454.83,5955750.04,0.9598485766068148,2065,2211,86157.23,0.0003563321479769,25.757,12.0243,2.1414,5,0.0242,0.1269,1,1.0,258,0.116689,254,0.123002,5328.25,1539.03,1.5694,5.041,0.2879,2.2658,0.5342,0.0,0.9236,0.4781,yes,yes,no,no,no,PASS,,3352393938,PASS,Lapland rural roads,batch_0100/wkt/map_0010,batch_0100/wkt/map_0010/roads.wkt,batch_0100/wkt/map_0010/metadata.json,previews/OSM_lapland_rural_sparse_offset_s_2500m_200m_0010.png,OK
OSM_lapland_rural_sparse_offset_s_2500m_200m_0121,200,osm,lapland_rural_sparse,rural_roads,,2477,2505,6204885.0,2426.13,2454.83,5955750.04,0.9598485766068148,2065,2211,86157.23,0.0003563321479769,25.757,12.0243,2.1414,5,0.0242,0.1269,1,1.0,258,0.116689,254,0.123002,5328.25,1456.07,1.5957,5.041,0.2879,2.2658,0.5342,0.0,0.9236,0.4781,yes,yes,no,no,no,PASS,,1749382446,PASS,Lapland rural roads,batch_0200/wkt/map_0121,batch_0200/wkt/map_0121/roads.wkt,batch_0200/wkt/map_0121/metadata.json,previews/OSM_lapland_rural_sparse_offset_s_2500m_200m_0121.png,OK
OSM_lapland_rural_sparse_offset_s_2500m_200m_0233,400,osm,lapland_rural_sparse,rural_roads,,2477,2505,6204885.0,2426.13,2454.83,5955750.04,0.9598485766068148,2065,2211,86157.23,0.0003563321479769,25.757,12.0243,2.1414,5,0.0242,0.1269,1,1.0,258,0.116689,254,0.123002,5328.25,1537.82,1.4719,5.041,0.2879,2.2658,0.5342,0.0,0.9236,0.4781,yes,yes,no,no,no,PASS,,1540558257,PASS,Lapland rural roads,batch_0400/wkt/map_0233,batch_0400/wkt/map_0233/roads.wkt,batch_0400/wkt/map_0233/metadata.json,previews/OSM_lapland_rural_sparse_offset_s_2500m_200m_0233.png,SKIPPED_EXISTING_OK
OSM_lapland_rural_sparse_offset_s_2500m_200m_0340,400,osm,lapland_rural_sparse,rural_roads,,2477,2505,6204885.0,2426.13,2454.83,5955750.04,0.9598485766068148,2065,2211,86157.23,0.0003563321479769,25.757,12.0243,2.1414,5,0.0242,0.1269,1,1.0,258,0.116689,254,0.123002,5328.25,1467.11,1.454,5.041,0.2879,2.2658,0.5342,0.0,0.9236,0.4781,yes,yes,no,no,no,PASS,,3497148980,PASS,Lapland rural roads,batch_0400/wkt/map_0340,batch_0400/wkt/map_0340/roads.wkt,batch_0400/wkt/map_0340/metadata.json,previews/OSM_lapland_rural_sparse_offset_s_2500m_200m_0340.png,OK
OSM_lapland_rural_sparse_offset_s_2500m_200m_0466,600,osm,lapland_rural_sparse,rural_roads,,2477,2505,6204885.0,2426.13,2454.83,5955750.04,0.9598485766068148,2065,2211,86157.23,0.0003563321479769,25.757,12.0243,2.1414,5,0.0242,0.1269,1,1.0,258,0.116689,254,0.123002,5328.25,1410.47,1.4641,5.041,0.2879,2.2658,0.5342,0.0,0.9236,0.4781,yes,yes,no,no,no,PASS,,339388974,PASS,Lapland rural roads,batch_0600/wkt/map_0466,batch_0600/wkt/map_0466/roads.wkt,batch_0600/wkt/map_0466/metadata.json,previews/OSM_lapland_rural_sparse_offset_s_2500m_200m_0466.png,OK
OSM_lapland_rural_sparse_offset_s_2500m_200m_0584,600,osm,lapland_rural_sparse,rural_roads,,2477,2505,6204885.0,2426.13,2454.83,5955750.04,0.9598485766068148,2065,2211,86157.23,0.0003563321479769,25.757,12.0243,2.1414,5,0.0242,0.1269,1,1.0,258,0.116689,254,0.123002,5328.25,1449.42,1.4721,5.041,0.2879,2.2658,0.5342,0.0,0.9236,0.4781,yes,yes,no,no,no,PASS,,401864773,PASS,Lapland rural roads,batch_0600/wkt/map_0584,batch_0600/wkt/map_0584/roads.wkt,batch_0600/wkt/map_0584/metadata.json,previews/OSM_lapland_rural_sparse_offset_s_2500m_200m_0584.png,OK
OSM_lapland_rural_sparse_offset_s_2500m_200m_0703,800,osm,lapland_rural_sparse,rural_roads,,2477,2505,6204885.0,2426.13,2454.83,5955750.04,0.9598485766068148,2065,2211,86157.23,0.0003563321479769,25.757,12.0243,2.1414,5,0.0242,0.1269,1,1.0,258,0.116689,254,0.123002,5328.25,1315.23,1.4822,5.041,0.2879,2.2658,0.5342,0.0,0.9236,0.4781,yes,yes,no,no,no,PASS,,1377114462,PASS,Lapland rural roads,batch_0800/wkt/map_0703,batch_0800/wkt/map_0703/roads.wkt,batch_0800/wkt/map_0703/metadata.json,previews/OSM_lapland_rural_sparse_offset_s_2500m_200m_0703.png,OK
OSM_lapland_rural_sparse_offset_s_2500m_200m_0816,1000,osm,lapland_rural_sparse,rural_roads,,2477,2505,6204885.0,2426.13,2454.83,5955750.04,0.9598485766068148,2065,2211,86157.23,0.0003563321479769,25.757,12.0243,2.1414,5,0.0242,0.1269,1,1.0,258,0.116689,254,0.123002,5328.25,1457.49,1.5366,5.041,0.2879,2.2658,0.5342,0.0,0.9236,0.4781,yes,yes,no,no,no,PASS,,1655644746,PASS,Lapland rural roads,batch_1000/wkt/map_0816,batch_1000/wkt/map_0816/roads.wkt,batch_1000/wkt/map_0816/metadata.json,previews/OSM_lapland_rural_sparse_offset_s_2500m_200m_0816.png,OK
OSM_lapland_rural_sparse_offset_s_2500m_200m_0932,1000,osm,lapland_rural_sparse,rural_roads,,2477,2505,6204885.0,2426.13,2454.83,5955750.04,0.9598485766068148,2065,2211,86157.23,0.0003563321479769,25.757,12.0243,2.1414,5,0.0242,0.1269,1,1.0,258,0.116689,254,0.123002,5328.25,1560.16,1.4205,5.041,0.2879,2.2658,0.5342,0.0,0.9236,0.4781,yes,yes,no,no,no,PASS,,2027017241,PASS,Lapland rural roads,batch_1000/wkt/map_0932,batch_1000/wkt/map_0932/roads.wkt,batch_1000/wkt/map_0932/metadata.json,previews/OSM_lapland_rural_sparse_offset_s_2500m_200m_0932.png,OK
OSM_lapland_rural_sparse_offset_s_2500m_200m_1056,1200,osm,lapland_rural_sparse,rural_roads,,2477,2505,6204885.0,2426.13,2454.83,5955750.04,0.9598485766068148,2065,2211,86157.23,0.0003563321479769,25.757,12.0243,2.1414,5,0.0242,0.1269,1,1.0,258,0.116689,254,0.123002,5328.25,1430.65,1.3463,5.041,0.2879,2.2658,0.5342,0.0,0.9236,0.4781,yes,yes,no,no,no,PASS,,531212309,PASS,Lapland rural roads,batch_1200/wkt/map_1056,batch_1200/wkt/map_1056/roads.wkt,batch_1200/wkt/map_1056/metadata.json,previews/OSM_lapland_rural_sparse_offset_s_2500m_200m_1056.png,OK
OSM_lapland_rural_sparse_offset_s_2500m_200m_1174,1200,osm,lapland_rural_sparse,rural_roads,,2477,2505,6204885.0,2426.13,2454.83,5955750.04,0.9598485766068148,2065,2211,86157.23,0.0003563321479769,25.757,12.0243,2.1414,5,0.0242,0.1269,1,1.0,258,0.116689,254,0.123002,5328.25,1433.91,1.6124,5.041,0.2879,2.2658,0.5342,0.0,0.9236,0.4781,yes,yes,no,no,no,PASS,,2701391951,PASS,Lapland rural roads,batch_1200/wkt/map_1174,batch_1200/wkt/map_1174/roads.wkt,batch_1200/wkt/map_1174/metadata.json,previews/OSM_lapland_rural_sparse_offset_s_2500m_200m_1174.png,OK
OSM_lapland_rural_sparse_offset_s_2500m_500m_0038,100,osm,lapland_rural_sparse,rural_roads,,2508,2563,6428004.0,2457.85,2512.43,6175158.46,0.960664999807772,2052,2189,81572.97,0.000340541169545,24.6221,11.6608,2.1335,5,0.0249,0.1228,1,1.0,319,0.145729,320,0.155945,7908.39,1493.12,1.4863,5.0464,0.3133,1.2778,0.5256,0.0,0.9269,0.4801,yes,yes,no,no,no,PASS,,3005935566,PASS,Lapland rural roads,batch_0100/wkt/map_0038,batch_0100/wkt/map_0038/roads.wkt,batch_0100/wkt/map_0038/metadata.json,previews/OSM_lapland_rural_sparse_offset_s_2500m_500m_0038.png,OK
OSM_lapland_rural_sparse_offset_s_2500m_500m_0147,200,osm,lapland_rural_sparse,rural_roads,,2508,2563,6428004.0,2457.85,2512.43,6175158.46,0.960664999807772,2052,2189,81572.97,0.000340541169545,24.6221,11.6608,2.1335,5,0.0249,0.1228,1,1.0,319,0.145729,320,0.155945,7908.39,1424.13,1.4208,5.0464,0.3133,1.2778,0.5256,0.0,0.9269,0.4801,yes,yes,no,no,no,PASS,,3757043572,PASS,Lapland rural roads,batch_0200/wkt/map_0147,batch_0200/wkt/map_0147/roads.wkt,batch_0200/wkt/map_0147/metadata.json,previews/OSM_lapland_rural_sparse_offset_s_2500m_500m_0147.png,OK
OSM_lapland_rural_sparse_offset_s_2500m_500m_0261,400,osm,lapland_rural_sparse,rural_roads,,2508,2563,6428004.0,2457.85,2512.43,6175158.46,0.960664999807772,2052,2189,81572.97,0.000340541169545,24.6221,11.6608,2.1335,5,0.0249,0.1228,1,1.0,319,0.145729,320,0.155945,7908.39,1776.02,1.3849,5.0464,0.3133,1.2778,0.5256,0.0,0.9269,0.4801,yes,yes,no,no,no,PASS,,817318229,PASS,Lapland rural roads,batch_0400/wkt/map_0261,batch_0400/wkt/map_0261/roads.wkt,batch_0400/wkt/map_0261/metadata.json,previews/OSM_lapland_rural_sparse_offset_s_2500m_500m_0261.png,OK
OSM_lapland_rural_sparse_offset_s_2500m_500m_0364,400,osm,lapland_rural_sparse,rural_roads,,2508,2563,6428004.0,2457.85,2512.43,6175158.46,0.960664999807772,2052,2189,81572.97,0.000340541169545,24.6221,11.6608,2.1335,5,0.0249,0.1228,1,1.0,319,0.145729,320,0.155945,7908.39,1600.98,1.3394,5.0464,0.3133,1.2778,0.5256,0.0,0.9269,0.4801,yes,yes,no,no,no,PASS,,3727953513,PASS,Lapland rural roads,batch_0400/wkt/map_0364,batch_0400/wkt/map_0364/roads.wkt,batch_0400/wkt/map_0364/metadata.json,previews/OSM_lapland_rural_sparse_offset_s_2500m_500m_0364.png,OK
OSM_lapland_rural_sparse_offset_s_2500m_500m_0491,600,osm,lapland_rural_sparse,rural_roads,,2508,2563,6428004.0,2457.85,2512.43,6175158.46,0.960664999807772,2052,2189,81572.97,0.000340541169545,24.6221,11.6608,2.1335,5,0.0249,0.1228,1,1.0,319,0.145729,320,0.155945,7908.39,1676.25,1.4283,5.0464,0.3133,1.2778,0.5256,0.0,0.9269,0.4801,yes,yes,no,no,no,PASS,,2750694815,PASS,Lapland rural roads,batch_0600/wkt/map_0491,batch_0600/wkt/map_0491/roads.wkt,batch_0600/wkt/map_0491/metadata.json,previews/OSM_lapland_rural_sparse_offset_s_2500m_500m_0491.png,OK
OSM_lapland_rural_sparse_offset_s_2500m_500m_0612,800,osm,lapland_rural_sparse,rural_roads,,2508,2563,6428004.0,2457.85,2512.43,6175158.46,0.960664999807772,2052,2189,81572.97,0.000340541169545,24.6221,11.6608,2.1335,5,0.0249,0.1228,1,1.0,319,0.145729,320,0.155945,7908.39,1497.81,1.5785,5.0464,0.3133,1.2778,0.5256,0.0,0.9269,0.4801,yes,yes,no,no,no,PASS,,3954732047,PASS,Lapland rural roads,batch_0800/wkt/map_0612,batch_0800/wkt/map_0612/roads.wkt,batch_0800/wkt/map_0612/metadata.json,previews/OSM_lapland_rural_sparse_offset_s_2500m_500m_0612.png,OK
OSM_lapland_rural_sparse_offset_s_2500m_500m_0727,800,osm,lapland_rural_sparse,rural_roads,,2508,2563,6428004.0,2457.85,2512.43,6175158.46,0.960664999807772,2052,2189,81572.97,0.000340541169545,24.6221,11.6608,2.1335,5,0.0249,0.1228,1,1.0,319,0.145729,320,0.155945,7908.39,1576.3,1.4706,5.0464,0.3133,1.2778,0.5256,0.0,0.9269,0.4801,yes,yes,no,no,no,PASS,,3059537910,PASS,Lapland rural roads,batch_0800/wkt/map_0727,batch_0800/wkt/map_0727/roads.wkt,batch_0800/wkt/map_0727/metadata.json,previews/OSM_lapland_rural_sparse_offset_s_2500m_500m_0727.png,OK
OSM_lapland_rural_sparse_offset_s_2500m_500m_0852,1000,osm,lapland_rural_sparse,rural_roads,,2508,2563,6428004.0,2457.85,2512.43,6175158.46,0.960664999807772,2052,2189,81572.97,0.000340541169545,24.6221,11.6608,2.1335,5,0.0249,0.1228,1,1.0,319,0.145729,320,0.155945,7908.39,1466.28,1.3937,5.0464,0.3133,1.2778,0.5256,0.0,0.9269,0.4801,yes,yes,no,no,no,PASS,,1034598642,PASS,Lapland rural roads,batch_1000/wkt/map_0852,batch_1000/wkt/map_0852/roads.wkt,batch_1000/wkt/map_0852/metadata.json,previews/OSM_lapland_rural_sparse_offset_s_2500m_500m_0852.png,OK
OSM_lapland_rural_sparse_offset_s_2500m_500m_0961,1000,osm,lapland_rural_sparse,rural_roads,,2508,2563,6428004.0,2457.85,2512.43,6175158.46,0.960664999807772,2052,2189,81572.97,0.000340541169545,24.6221,11.6608,2.1335,5,0.0249,0.1228,1,1.0,319,0.145729,320,0.155945,7908.39,1594.85,1.511,5.0464,0.3133,1.2778,0.5256,0.0,0.9269,0.4801,yes,yes,no,no,no,PASS,,2832679847,PASS,Lapland rural roads,batch_1000/wkt/map_0961,batch_1000/wkt/map_0961/roads.wkt,batch_1000/wkt/map_0961/metadata.json,previews/OSM_lapland_rural_sparse_offset_s_2500m_500m_0961.png,OK
OSM_lapland_rural_sparse_offset_s_2500m_500m_1077,1200,osm,lapland_rural_sparse,rural_roads,,2508,2563,6428004.0,2457.85,2512.43,6175158.46,0.960664999807772,2052,2189,81572.97,0.000340541169545,24.6221,11.6608,2.1335,5,0.0249,0.1228,1,1.0,319,0.145729,320,0.155945,7908.39,1680.38,1.3684,5.0464,0.3133,1.2778,0.5256,0.0,0.9269,0.4801,yes,yes,no,no,no,PASS,,2223787299,PASS,Lapland rural roads,batch_1200/wkt/map_1077,batch_1200/wkt/map_1077/roads.wkt,batch_1200/wkt/map_1077/metadata.json,previews/OSM_lapland_rural_sparse_offset_s_2500m_500m_1077.png,OK
OSM_london_industrial_corridor_offset_w_2500m_1000m_0071,100,osm,london_industrial_corridor,industrial_disrupted,,2561,2567,6574087.0,2510.11,2516.87,6317602.37,0.9609855139276204,5620,5894,148773.65,0.0008965503498812,15.3201,9.3946,2.0975,6,0.0397,0.1217,1,1.0,1204,0.204276,1162,0.206762,5846.71,1642.94,1.5917,4.9787,0.4891,1.7839,0.5911,0.0,0.9513,0.4956,yes,yes,no,partial,no,PASS,,3970427218,PASS,London industrial corridor,batch_0100/wkt/map_0071,batch_0100/wkt/map_0071/roads.wkt,batch_0100/wkt/map_0071/metadata.json,previews/OSM_london_industrial_corridor_offset_w_2500m_1000m_0071.png,OK
OSM_london_industrial_corridor_offset_w_2500m_1000m_0179,200,osm,london_industrial_corridor,industrial_disrupted,,2561,2567,6574087.0,2510.11,2516.87,6317602.37,0.9609855139276204,5620,5894,148773.65,0.0008965503498812,15.3201,9.3946,2.0975,6,0.0397,0.1217,1,1.0,1204,0.204276,1162,0.206762,5846.71,1732.31,1.4071,4.9787,0.4891,1.7839,0.5911,0.0,0.9513,0.4956,yes,yes,no,partial,no,PASS,,312160296,PASS,London industrial corridor,batch_0200/wkt/map_0179,batch_0200/wkt/map_0179/roads.wkt,batch_0200/wkt/map_0179/metadata.json,previews/OSM_london_industrial_corridor_offset_w_2500m_1000m_0179.png,SKIPPED_EXISTING_OK
OSM_london_industrial_corridor_offset_w_2500m_1000m_0294,400,osm,london_industrial_corridor,industrial_disrupted,,2561,2567,6574087.0,2510.11,2516.87,6317602.37,0.9609855139276204,5620,5894,148773.65,0.0008965503498812,15.3201,9.3946,2.0975,6,0.0397,0.1217,1,1.0,1204,0.204276,1162,0.206762,5846.71,1715.28,1.5374,4.9787,0.4891,1.7839,0.5911,0.0,0.9513,0.4956,yes,yes,no,partial,no,PASS,,419654712,PASS,London industrial corridor,batch_0400/wkt/map_0294,batch_0400/wkt/map_0294/roads.wkt,batch_0400/wkt/map_0294/metadata.json,previews/OSM_london_industrial_corridor_offset_w_2500m_1000m_0294.png,OK
OSM_london_industrial_corridor_offset_w_2500m_1000m_0409,600,osm,london_industrial_corridor,industrial_disrupted,,2561,2567,6574087.0,2510.11,2516.87,6317602.37,0.9609855139276204,5620,5894,148773.65,0.0008965503498812,15.3201,9.3946,2.0975,6,0.0397,0.1217,1,1.0,1204,0.204276,1162,0.206762,5846.71,1587.82,1.5361,4.9787,0.4891,1.7839,0.5911,0.0,0.9513,0.4956,yes,yes,no,partial,no,PASS,,2457830422,PASS,London industrial corridor,batch_0600/wkt/map_0409,batch_0600/wkt/map_0409/roads.wkt,batch_0600/wkt/map_0409/metadata.json,previews/OSM_london_industrial_corridor_offset_w_2500m_1000m_0409.png,OK
OSM_london_industrial_corridor_offset_w_2500m_1000m_0515,600,osm,london_industrial_corridor,industrial_disrupted,,2561,2567,6574087.0,2510.11,2516.87,6317602.37,0.9609855139276204,5620,5894,148773.65,0.0008965503498812,15.3201,9.3946,2.0975,6,0.0397,0.1217,1,1.0,1204,0.204276,1162,0.206762,5846.71,1704.91,1.4839,4.9787,0.4891,1.7839,0.5911,0.0,0.9513,0.4956,yes,yes,no,partial,no,PASS,,4132193038,PASS,London industrial corridor,batch_0600/wkt/map_0515,batch_0600/wkt/map_0515/roads.wkt,batch_0600/wkt/map_0515/metadata.json,previews/OSM_london_industrial_corridor_offset_w_2500m_1000m_0515.png,OK
OSM_london_industrial_corridor_offset_w_2500m_1000m_0644,800,osm,london_industrial_corridor,industrial_disrupted,,2561,2567,6574087.0,2510.11,2516.87,6317602.37,0.9609855139276204,5620,5894,148773.65,0.0008965503498812,15.3201,9.3946,2.0975,6,0.0397,0.1217,1,1.0,1204,0.204276,1162,0.206762,5846.71,1648.32,1.6176,4.9787,0.4891,1.7839,0.5911,0.0,0.9513,0.4956,yes,yes,no,partial,no,PASS,,3803790697,PASS,London industrial corridor,batch_0800/wkt/map_0644,batch_0800/wkt/map_0644/roads.wkt,batch_0800/wkt/map_0644/metadata.json,previews/OSM_london_industrial_corridor_offset_w_2500m_1000m_0644.png,OK
OSM_london_industrial_corridor_offset_w_2500m_1000m_0758,800,osm,london_industrial_corridor,industrial_disrupted,,2561,2567,6574087.0,2510.11,2516.87,6317602.37,0.9609855139276204,5620,5894,148773.65,0.0008965503498812,15.3201,9.3946,2.0975,6,0.0397,0.1217,1,1.0,1204,0.204276,1162,0.206762,5846.71,1722.57,1.4766,4.9787,0.4891,1.7839,0.5911,0.0,0.9513,0.4956,yes,yes,no,partial,no,PASS,,734425884,PASS,London industrial corridor,batch_0800/wkt/map_0758,batch_0800/wkt/map_0758/roads.wkt,batch_0800/wkt/map_0758/metadata.json,previews/OSM_london_industrial_corridor_offset_w_2500m_1000m_0758.png,OK
OSM_london_industrial_corridor_offset_w_2500m_1000m_0882,1000,osm,london_industrial_corridor,industrial_disrupted,,2561,2567,6574087.0,2510.11,2516.87,6317602.37,0.9609855139276204,5620,5894,148773.65,0.0008965503498812,15.3201,9.3946,2.0975,6,0.0397,0.1217,1,1.0,1204,0.204276,1162,0.206762,5846.71,1781.32,1.4353,4.9787,0.4891,1.7839,0.5911,0.0,0.9513,0.4956,yes,yes,no,partial,no,PASS,,610727190,PASS,London industrial corridor,batch_1000/wkt/map_0882,batch_1000/wkt/map_0882/roads.wkt,batch_1000/wkt/map_0882/metadata.json,previews/OSM_london_industrial_corridor_offset_w_2500m_1000m_0882.png,OK
OSM_london_industrial_corridor_offset_w_2500m_1000m_0993,1000,osm,london_industrial_corridor,industrial_disrupted,,2561,2567,6574087.0,2510.11,2516.87,6317602.37,0.9609855139276204,5620,5894,148773.65,0.0008965503498812,15.3201,9.3946,2.0975,6,0.0397,0.1217,1,1.0,1204,0.204276,1162,0.206762,5846.71,1770.58,1.6276,4.9787,0.4891,1.7839,0.5911,0.0,0.9513,0.4956,yes,yes,no,partial,no,PASS,,3444936378,PASS,London industrial corridor,batch_1000/wkt/map_0993,batch_1000/wkt/map_0993/roads.wkt,batch_1000/wkt/map_0993/metadata.json,previews/OSM_london_industrial_corridor_offset_w_2500m_1000m_0993.png,OK
OSM_london_industrial_corridor_offset_w_2500m_1000m_1107,1200,osm,london_industrial_corridor,industrial_disrupted,,2561,2567,6574087.0,2510.11,2516.87,6317602.37,0.9609855139276204,5620,5894,148773.65,0.0008965503498812,15.3201,9.3946,2.0975,6,0.0397,0.1217,1,1.0,1204,0.204276,1162,0.206762,5846.71,1671.04,1.4818,4.9787,0.4891,1.7839,0.5911,0.0,0.9513,0.4956,yes,yes,no,partial,no,PASS,,2881534585,PASS,London industrial corridor,batch_1200/wkt/map_1107,batch_1200/wkt/map_1107/roads.wkt,batch_1200/wkt/map_1107/metadata.json,previews/OSM_london_industrial_corridor_offset_w_2500m_1000m_1107.png,OK
OSM_london_industrial_corridor_offset_w_2500m_1500m_0095,100,osm,london_industrial_corridor,industrial_disrupted,,2612,2550,6660600.0,2561.39,2499.75,6402827.68,0.961298934693334,5633,5921,154321.84,0.0008889589526469,15.4895,9.4697,2.1023,6,0.041,0.1259,1,1.0,1197,0.202162,1153,0.204687,6191.27,1434.98,1.3542,4.9887,0.4873,1.8639,0.5871,0.0,0.9492,0.4951,yes,yes,no,partial,no,PASS,,3167768615,PASS,London industrial corridor,batch_0100/wkt/map_0095,batch_0100/wkt/map_0095/roads.wkt,batch_0100/wkt/map_0095/metadata.json,previews/OSM_london_industrial_corridor_offset_w_2500m_1500m_0095.png,OK
OSM_london_industrial_corridor_offset_w_2500m_1500m_0206,400,osm,london_industrial_corridor,industrial_disrupted,,2612,2550,6660600.0,2561.39,2499.75,6402827.68,0.961298934693334,5633,5921,154321.84,0.0008889589526469,15.4895,9.4697,2.1023,6,0.041,0.1259,1,1.0,1197,0.202162,1153,0.204687,6191.27,1546.7,1.4978,4.9887,0.4873,1.8639,0.5871,0.0,0.9492,0.4951,yes,yes,no,partial,no,PASS,,2014163759,PASS,London industrial corridor,batch_0400/wkt/map_0206,batch_0400/wkt/map_0206/roads.wkt,batch_0400/wkt/map_0206/metadata.json,previews/OSM_london_industrial_corridor_offset_w_2500m_1500m_0206.png,OK
OSM_london_industrial_corridor_offset_w_2500m_1500m_0318,400,osm,london_industrial_corridor,industrial_disrupted,,2612,2550,6660600.0,2561.39,2499.75,6402827.68,0.961298934693334,5633,5921,154321.84,0.0008889589526469,15.4895,9.4697,2.1023,6,0.041,0.1259,1,1.0,1197,0.202162,1153,0.204687,6191.27,1716.33,1.3876,4.9887,0.4873,1.8639,0.5871,0.0,0.9492,0.4951,yes,yes,no,partial,no,PASS,,3129311463,PASS,London industrial corridor,batch_0400/wkt/map_0318,batch_0400/wkt/map_0318/roads.wkt,batch_0400/wkt/map_0318/metadata.json,previews/OSM_london_industrial_corridor_offset_w_2500m_1500m_0318.png,OK
OSM_london_industrial_corridor_offset_w_2500m_1500m_0435,600,osm,london_industrial_corridor,industrial_disrupted,,2612,2550,6660600.0,2561.39,2499.75,6402827.68,0.961298934693334,5633,5921,154321.84,0.0008889589526469,15.4895,9.4697,2.1023,6,0.041,0.1259,1,1.0,1197,0.202162,1153,0.204687,6191.27,1681.93,1.3641,4.9887,0.4873,1.8639,0.5871,0.0,0.9492,0.4951,yes,yes,no,partial,no,PASS,,1838726889,PASS,London industrial corridor,batch_0600/wkt/map_0435,batch_0600/wkt/map_0435/roads.wkt,batch_0600/wkt/map_0435/metadata.json,previews/OSM_london_industrial_corridor_offset_w_2500m_1500m_0435.png,OK
OSM_london_industrial_corridor_offset_w_2500m_1500m_0556,600,osm,london_industrial_corridor,industrial_disrupted,,2612,2550,6660600.0,2561.39,2499.75,6402827.68,0.961298934693334,5633,5921,154321.84,0.0008889589526469,15.4895,9.4697,2.1023,6,0.041,0.1259,1,1.0,1197,0.202162,1153,0.204687,6191.27,1599.67,1.6727,4.9887,0.4873,1.8639,0.5871,0.0,0.9492,0.4951,yes,yes,no,partial,no,PASS,,1567850218,PASS,London industrial corridor,batch_0600/wkt/map_0556,batch_0600/wkt/map_0556/roads.wkt,batch_0600/wkt/map_0556/metadata.json,previews/OSM_london_industrial_corridor_offset_w_2500m_1500m_0556.png,OK
OSM_london_industrial_corridor_offset_w_2500m_1500m_0673,800,osm,london_industrial_corridor,industrial_disrupted,,2612,2550,6660600.0,2561.39,2499.75,6402827.68,0.961298934693334,5633,5921,154321.84,0.0008889589526469,15.4895,9.4697,2.1023,6,0.041,0.1259,1,1.0,1197,0.202162,1153,0.204687,6191.27,1641.67,2.0951,4.9887,0.4873,1.8639,0.5871,0.0,0.9492,0.4951,yes,yes,no,partial,no,PASS,,3777764641,PASS,London industrial corridor,batch_0800/wkt/map_0673,batch_0800/wkt/map_0673/roads.wkt,batch_0800/wkt/map_0673/metadata.json,previews/OSM_london_industrial_corridor_offset_w_2500m_1500m_0673.png,OK
OSM_london_industrial_corridor_offset_w_2500m_1500m_0784,800,osm,london_industrial_corridor,industrial_disrupted,,2612,2550,6660600.0,2561.39,2499.75,6402827.68,0.961298934693334,5633,5921,154321.84,0.0008889589526469,15.4895,9.4697,2.1023,6,0.041,0.1259,1,1.0,1197,0.202162,1153,0.204687,6191.27,1372.54,1.7526,4.9887,0.4873,1.8639,0.5871,0.0,0.9492,0.4951,yes,yes,no,partial,no,PASS,,1825574935,PASS,London industrial corridor,batch_0800/wkt/map_0784,batch_0800/wkt/map_0784/roads.wkt,batch_0800/wkt/map_0784/metadata.json,previews/OSM_london_industrial_corridor_offset_w_2500m_1500m_0784.png,OK
OSM_london_industrial_corridor_offset_w_2500m_1500m_0905,1000,osm,london_industrial_corridor,industrial_disrupted,,2612,2550,6660600.0,2561.39,2499.75,6402827.68,0.961298934693334,5633,5921,154321.84,0.0008889589526469,15.4895,9.4697,2.1023,6,0.041,0.1259,1,1.0,1197,0.202162,1153,0.204687,6191.27,1653.79,1.5922,4.9887,0.4873,1.8639,0.5871,0.0,0.9492,0.4951,yes,yes,no,partial,no,PASS,,817260172,PASS,London industrial corridor,batch_1000/wkt/map_0905,batch_1000/wkt/map_0905/roads.wkt,batch_1000/wkt/map_0905/metadata.json,previews/OSM_london_industrial_corridor_offset_w_2500m_1500m_0905.png,OK
OSM_london_industrial_corridor_offset_w_2500m_1500m_1023,1200,osm,london_industrial_corridor,industrial_disrupted,,2612,2550,6660600.0,2561.39,2499.75,6402827.68,0.961298934693334,5633,5921,154321.84,0.0008889589526469,15.4895,9.4697,2.1023,6,0.041,0.1259,1,1.0,1197,0.202162,1153,0.204687,6191.27,1396.59,1.4156,4.9887,0.4873,1.8639,0.5871,0.0,0.9492,0.4951,yes,yes,no,partial,no,PASS,,3974830761,PASS,London industrial corridor,batch_1200/wkt/map_1023,batch_1200/wkt/map_1023/roads.wkt,batch_1200/wkt/map_1023/metadata.json,previews/OSM_london_industrial_corridor_offset_w_2500m_1500m_1023.png,OK
OSM_london_industrial_corridor_offset_w_2500m_1500m_1144,1200,osm,london_industrial_corridor,industrial_disrupted,,2612,2550,6660600.0,2561.39,2499.75,6402827.68,0.961298934693334,5633,5921,154321.84,0.0008889589526469,15.4895,9.4697,2.1023,6,0.041,0.1259,1,1.0,1197,0.202162,1153,0.204687,6191.27,1525.51,1.5737,4.9887,0.4873,1.8639,0.5871,0.0,0.9492,0.4951,yes,yes,no,partial,no,PASS,,3998611720,PASS,London industrial corridor,batch_1200/wkt/map_1144,batch_1200/wkt/map_1144/roads.wkt,batch_1200/wkt/map_1144/metadata.json,previews/OSM_london_industrial_corridor_offset_w_2500m_1500m_1144.png,OK
OSM_london_industrial_corridor_offset_w_2500m_200m_0012,100,osm,london_industrial_corridor,industrial_disrupted,,2574,2569,6612606.0,2523.47,2518.09,6354330.44,0.9609419401120132,5744,6006,151194.64,0.0009082652134423,15.996,10.0905,2.0912,6,0.0399,0.1184,1,1.0,1238,0.206127,1187,0.20665,7436.24,1762.6,1.6132,4.9872,0.4556,1.1617,0.6365,0.0,0.9537,0.4972,yes,yes,no,partial,no,PASS,,4001113630,PASS,London industrial corridor,batch_0100/wkt/map_0012,batch_0100/wkt/map_0012/roads.wkt,batch_0100/wkt/map_0012/metadata.json,previews/OSM_london_industrial_corridor_offset_w_2500m_200m_0012.png,OK
OSM_london_industrial_corridor_offset_w_2500m_200m_0122,200,osm,london_industrial_corridor,industrial_disrupted,,2574,2569,6612606.0,2523.47,2518.09,6354330.44,0.9609419401120132,5744,6006,151194.64,0.0009082652134423,15.996,10.0905,2.0912,6,0.0399,0.1184,1,1.0,1238,0.206127,1187,0.20665,7436.24,1688.34,1.635,4.9872,0.4556,1.1617,0.6365,0.0,0.9537,0.4972,yes,yes,no,partial,no,PASS,,928470849,PASS,London industrial corridor,batch_0200/wkt/map_0122,batch_0200/wkt/map_0122/roads.wkt,batch_0200/wkt/map_0122/metadata.json,previews/OSM_london_industrial_corridor_offset_w_2500m_200m_0122.png,OK
OSM_london_industrial_corridor_offset_w_2500m_200m_0235,400,osm,london_industrial_corridor,industrial_disrupted,,2574,2569,6612606.0,2523.47,2518.09,6354330.44,0.9609419401120132,5744,6006,151194.64,0.0009082652134423,15.996,10.0905,2.0912,6,0.0399,0.1184,1,1.0,1238,0.206127,1187,0.20665,7436.24,1612.3,1.5599,4.9872,0.4556,1.1617,0.6365,0.0,0.9537,0.4972,yes,yes,no,partial,no,PASS,,1240038417,PASS,London industrial corridor,batch_0400/wkt/map_0235,batch_0400/wkt/map_0235/roads.wkt,batch_0400/wkt/map_0235/metadata.json,previews/OSM_london_industrial_corridor_offset_w_2500m_200m_0235.png,SKIPPED_EXISTING_OK
OSM_london_industrial_corridor_offset_w_2500m_200m_0341,400,osm,london_industrial_corridor,industrial_disrupted,,2574,2569,6612606.0,2523.47,2518.09,6354330.44,0.9609419401120132,5744,6006,151194.64,0.0009082652134423,15.996,10.0905,2.0912,6,0.0399,0.1184,1,1.0,1238,0.206127,1187,0.20665,7436.24,1864.97,1.5446,4.9872,0.4556,1.1617,0.6365,0.0,0.9537,0.4972,yes,yes,no,partial,no,PASS,,1998676519,PASS,London industrial corridor,batch_0400/wkt/map_0341,batch_0400/wkt/map_0341/roads.wkt,batch_0400/wkt/map_0341/metadata.json,previews/OSM_london_industrial_corridor_offset_w_2500m_200m_0341.png,OK
OSM_london_industrial_corridor_offset_w_2500m_200m_0467,600,osm,london_industrial_corridor,industrial_disrupted,,2574,2569,6612606.0,2523.47,2518.09,6354330.44,0.9609419401120132,5744,6006,151194.64,0.0009082652134423,15.996,10.0905,2.0912,6,0.0399,0.1184,1,1.0,1238,0.206127,1187,0.20665,7436.24,1721.53,1.6147,4.9872,0.4556,1.1617,0.6365,0.0,0.9537,0.4972,yes,yes,no,partial,no,PASS,,2336955195,PASS,London industrial corridor,batch_0600/wkt/map_0467,batch_0600/wkt/map_0467/roads.wkt,batch_0600/wkt/map_0467/metadata.json,previews/OSM_london_industrial_corridor_offset_w_2500m_200m_0467.png,OK
OSM_london_industrial_corridor_offset_w_2500m_200m_0585,600,osm,london_industrial_corridor,industrial_disrupted,,2574,2569,6612606.0,2523.47,2518.09,6354330.44,0.9609419401120132,5744,6006,151194.64,0.0009082652134423,15.996,10.0905,2.0912,6,0.0399,0.1184,1,1.0,1238,0.206127,1187,0.20665,7436.24,1718.67,1.5825,4.9872,0.4556,1.1617,0.6365,0.0,0.9537,0.4972,yes,yes,no,partial,no,PASS,,2052570840,PASS,London industrial corridor,batch_0600/wkt/map_0585,batch_0600/wkt/map_0585/roads.wkt,batch_0600/wkt/map_0585/metadata.json,previews/OSM_london_industrial_corridor_offset_w_2500m_200m_0585.png,OK
OSM_london_industrial_corridor_offset_w_2500m_200m_0704,800,osm,london_industrial_corridor,industrial_disrupted,,2574,2569,6612606.0,2523.47,2518.09,6354330.44,0.9609419401120132,5744,6006,151194.64,0.0009082652134423,15.996,10.0905,2.0912,6,0.0399,0.1184,1,1.0,1238,0.206127,1187,0.20665,7436.24,1625.95,1.6825,4.9872,0.4556,1.1617,0.6365,0.0,0.9537,0.4972,yes,yes,no,partial,no,PASS,,2571069625,PASS,London industrial corridor,batch_0800/wkt/map_0704,batch_0800/wkt/map_0704/roads.wkt,batch_0800/wkt/map_0704/metadata.json,previews/OSM_london_industrial_corridor_offset_w_2500m_200m_0704.png,OK
OSM_london_industrial_corridor_offset_w_2500m_200m_0818,1000,osm,london_industrial_corridor,industrial_disrupted,,2574,2569,6612606.0,2523.47,2518.09,6354330.44,0.9609419401120132,5744,6006,151194.64,0.0009082652134423,15.996,10.0905,2.0912,6,0.0399,0.1184,1,1.0,1238,0.206127,1187,0.20665,7436.24,1690.62,1.4402,4.9872,0.4556,1.1617,0.6365,0.0,0.9537,0.4972,yes,yes,no,partial,no,PASS,,3047937138,PASS,London industrial corridor,batch_1000/wkt/map_0818,batch_1000/wkt/map_0818/roads.wkt,batch_1000/wkt/map_0818/metadata.json,previews/OSM_london_industrial_corridor_offset_w_2500m_200m_0818.png,OK
OSM_london_industrial_corridor_offset_w_2500m_200m_0933,1000,osm,london_industrial_corridor,industrial_disrupted,,2574,2569,6612606.0,2523.47,2518.09,6354330.44,0.9609419401120132,5744,6006,151194.64,0.0009082652134423,15.996,10.0905,2.0912,6,0.0399,0.1184,1,1.0,1238,0.206127,1187,0.20665,7436.24,1748.61,1.5342,4.9872,0.4556,1.1617,0.6365,0.0,0.9537,0.4972,yes,yes,no,partial,no,PASS,,1471877069,PASS,London industrial corridor,batch_1000/wkt/map_0933,batch_1000/wkt/map_0933/roads.wkt,batch_1000/wkt/map_0933/metadata.json,previews/OSM_london_industrial_corridor_offset_w_2500m_200m_0933.png,OK
OSM_london_industrial_corridor_offset_w_2500m_200m_1057,1200,osm,london_industrial_corridor,industrial_disrupted,,2574,2569,6612606.0,2523.47,2518.09,6354330.44,0.9609419401120132,5744,6006,151194.64,0.0009082652134423,15.996,10.0905,2.0912,6,0.0399,0.1184,1,1.0,1238,0.206127,1187,0.20665,7436.24,1870.61,1.4876,4.9872,0.4556,1.1617,0.6365,0.0,0.9537,0.4972,yes,yes,no,partial,no,PASS,,3221124404,PASS,London industrial corridor,batch_1200/wkt/map_1057,batch_1200/wkt/map_1057/roads.wkt,batch_1200/wkt/map_1057/metadata.json,previews/OSM_london_industrial_corridor_offset_w_2500m_200m_1057.png,OK
OSM_london_industrial_corridor_offset_w_2500m_200m_1176,1200,osm,london_industrial_corridor,industrial_disrupted,,2574,2569,6612606.0,2523.47,2518.09,6354330.44,0.9609419401120132,5744,6006,151194.64,0.0009082652134423,15.996,10.0905,2.0912,6,0.0399,0.1184,1,1.0,1238,0.206127,1187,0.20665,7436.24,1751.16,1.7221,4.9872,0.4556,1.1617,0.6365,0.0,0.9537,0.4972,yes,yes,no,partial,no,PASS,,3140156039,PASS,London industrial corridor,batch_1200/wkt/map_1176,batch_1200/wkt/map_1176/roads.wkt,batch_1200/wkt/map_1176/metadata.json,previews/OSM_london_industrial_corridor_offset_w_2500m_200m_1176.png,OK
OSM_london_industrial_corridor_offset_w_2500m_500m_0039,100,osm,london_industrial_corridor,industrial_disrupted,,2580,2569,6628020.0,2529.06,2518.09,6368393.41,0.9608289375611592,6013,6297,154226.27,0.0009500574832302,15.4597,9.715,2.0945,6,0.0391,0.1197,1,1.0,1260,0.200095,1209,0.201064,6560.75,1783.6,1.3754,4.9769,0.4856,1.3856,0.6357,0.0,0.9543,0.496,yes,yes,no,partial,no,PASS,,95589811,PASS,London industrial corridor,batch_0100/wkt/map_0039,batch_0100/wkt/map_0039/roads.wkt,batch_0100/wkt/map_0039/metadata.json,previews/OSM_london_industrial_corridor_offset_w_2500m_500m_0039.png,OK
OSM_london_industrial_corridor_offset_w_2500m_500m_0149,200,osm,london_industrial_corridor,industrial_disrupted,,2580,2569,6628020.0,2529.06,2518.09,6368393.41,0.9608289375611592,6013,6297,154226.27,0.0009500574832302,15.4597,9.715,2.0945,6,0.0391,0.1197,1,1.0,1260,0.200095,1209,0.201064,6560.75,1585.76,1.5697,4.9769,0.4856,1.3856,0.6357,0.0,0.9543,0.496,yes,yes,no,partial,no,PASS,,1450118729,PASS,London industrial corridor,batch_0200/wkt/map_0149,batch_0200/wkt/map_0149/roads.wkt,batch_0200/wkt/map_0149/metadata.json,previews/OSM_london_industrial_corridor_offset_w_2500m_500m_0149.png,OK
OSM_london_industrial_corridor_offset_w_2500m_500m_0266,400,osm,london_industrial_corridor,industrial_disrupted,,2580,2569,6628020.0,2529.06,2518.09,6368393.41,0.9608289375611592,6013,6297,154226.27,0.0009500574832302,15.4597,9.715,2.0945,6,0.0391,0.1197,1,1.0,1260,0.200095,1209,0.201064,6560.75,1727.59,1.4876,4.9769,0.4856,1.3856,0.6357,0.0,0.9543,0.496,yes,yes,no,partial,no,PASS,,2622546970,PASS,London industrial corridor,batch_0400/wkt/map_0266,batch_0400/wkt/map_0266/roads.wkt,batch_0400/wkt/map_0266/metadata.json,previews/OSM_london_industrial_corridor_offset_w_2500m_500m_0266.png,OK
OSM_london_industrial_corridor_offset_w_2500m_500m_0365,400,osm,london_industrial_corridor,industrial_disrupted,,2580,2569,6628020.0,2529.06,2518.09,6368393.41,0.9608289375611592,6013,6297,154226.27,0.0009500574832302,15.4597,9.715,2.0945,6,0.0391,0.1197,1,1.0,1260,0.200095,1209,0.201064,6560.75,1779.73,1.4684,4.9769,0.4856,1.3856,0.6357,0.0,0.9543,0.496,yes,yes,no,partial,no,PASS,,1855641936,PASS,London industrial corridor,batch_0400/wkt/map_0365,batch_0400/wkt/map_0365/roads.wkt,batch_0400/wkt/map_0365/metadata.json,previews/OSM_london_industrial_corridor_offset_w_2500m_500m_0365.png,OK
OSM_london_industrial_corridor_offset_w_2500m_500m_0493,600,osm,london_industrial_corridor,industrial_disrupted,,2580,2569,6628020.0,2529.06,2518.09,6368393.41,0.9608289375611592,6013,6297,154226.27,0.0009500574832302,15.4597,9.715,2.0945,6,0.0391,0.1197,1,1.0,1260,0.200095,1209,0.201064,6560.75,1830.53,1.5199,4.9769,0.4856,1.3856,0.6357,0.0,0.9543,0.496,yes,yes,no,partial,no,PASS,,1745572283,PASS,London industrial corridor,batch_0600/wkt/map_0493,batch_0600/wkt/map_0493/roads.wkt,batch_0600/wkt/map_0493/metadata.json,previews/OSM_london_industrial_corridor_offset_w_2500m_500m_0493.png,OK
OSM_london_industrial_corridor_offset_w_2500m_500m_0613,800,osm,london_industrial_corridor,industrial_disrupted,,2580,2569,6628020.0,2529.06,2518.09,6368393.41,0.9608289375611592,6013,6297,154226.27,0.0009500574832302,15.4597,9.715,2.0945,6,0.0391,0.1197,1,1.0,1260,0.200095,1209,0.201064,6560.75,1789.39,1.4557,4.9769,0.4856,1.3856,0.6357,0.0,0.9543,0.496,yes,yes,no,partial,no,PASS,,2738587369,PASS,London industrial corridor,batch_0800/wkt/map_0613,batch_0800/wkt/map_0613/roads.wkt,batch_0800/wkt/map_0613/metadata.json,previews/OSM_london_industrial_corridor_offset_w_2500m_500m_0613.png,OK
OSM_london_industrial_corridor_offset_w_2500m_500m_0728,800,osm,london_industrial_corridor,industrial_disrupted,,2580,2569,6628020.0,2529.06,2518.09,6368393.41,0.9608289375611592,6013,6297,154226.27,0.0009500574832302,15.4597,9.715,2.0945,6,0.0391,0.1197,1,1.0,1260,0.200095,1209,0.201064,6560.75,1679.2,1.5165,4.9769,0.4856,1.3856,0.6357,0.0,0.9543,0.496,yes,yes,no,partial,no,PASS,,3831993459,PASS,London industrial corridor,batch_0800/wkt/map_0728,batch_0800/wkt/map_0728/roads.wkt,batch_0800/wkt/map_0728/metadata.json,previews/OSM_london_industrial_corridor_offset_w_2500m_500m_0728.png,OK
OSM_london_industrial_corridor_offset_w_2500m_500m_0853,1000,osm,london_industrial_corridor,industrial_disrupted,,2580,2569,6628020.0,2529.06,2518.09,6368393.41,0.9608289375611592,6013,6297,154226.27,0.0009500574832302,15.4597,9.715,2.0945,6,0.0391,0.1197,1,1.0,1260,0.200095,1209,0.201064,6560.75,1607.19,1.4683,4.9769,0.4856,1.3856,0.6357,0.0,0.9543,0.496,yes,yes,no,partial,no,PASS,,406420687,PASS,London industrial corridor,batch_1000/wkt/map_0853,batch_1000/wkt/map_0853/roads.wkt,batch_1000/wkt/map_0853/metadata.json,previews/OSM_london_industrial_corridor_offset_w_2500m_500m_0853.png,OK
OSM_london_industrial_corridor_offset_w_2500m_500m_0962,1000,osm,london_industrial_corridor,industrial_disrupted,,2580,2569,6628020.0,2529.06,2518.09,6368393.41,0.9608289375611592,6013,6297,154226.27,0.0009500574832302,15.4597,9.715,2.0945,6,0.0391,0.1197,1,1.0,1260,0.200095,1209,0.201064,6560.75,1714.78,1.5812,4.9769,0.4856,1.3856,0.6357,0.0,0.9543,0.496,yes,yes,no,partial,no,PASS,,858026704,PASS,London industrial corridor,batch_1000/wkt/map_0962,batch_1000/wkt/map_0962/roads.wkt,batch_1000/wkt/map_0962/metadata.json,previews/OSM_london_industrial_corridor_offset_w_2500m_500m_0962.png,OK
OSM_london_industrial_corridor_offset_w_2500m_500m_1080,1200,osm,london_industrial_corridor,industrial_disrupted,,2580,2569,6628020.0,2529.06,2518.09,6368393.41,0.9608289375611592,6013,6297,154226.27,0.0009500574832302,15.4597,9.715,2.0945,6,0.0391,0.1197,1,1.0,1260,0.200095,1209,0.201064,6560.75,1580.63,1.4861,4.9769,0.4856,1.3856,0.6357,0.0,0.9543,0.496,yes,yes,no,partial,no,PASS,,1653164984,PASS,London industrial corridor,batch_1200/wkt/map_1080,batch_1200/wkt/map_1080/roads.wkt,batch_1200/wkt/map_1080/metadata.json,previews/OSM_london_industrial_corridor_offset_w_2500m_500m_1080.png,OK
OSM_manhattan_midtown_exact_1000m_0m_0097,100,osm,manhattan_midtown,urban_grid,,1048,1008,1056384.0,997.31,957.97,955385.76,0.9043924931799792,393,429,13887.97,0.0004061023264267,29.9956,11.8084,2.1832,4,0.0178,0.1196,1,1.0,43,0.100233,42,0.10687,2540.06,653.81,1.2684,1.5873,0.0151,1.7822,0.6657,0.0,0.8322,0.465,yes,yes,no,yes,no,PASS,,2959759283,PASS,Manhattan Midtown,batch_0100/wkt/map_0097,batch_0100/wkt/map_0097/roads.wkt,batch_0100/wkt/map_0097/metadata.json,previews/OSM_manhattan_midtown_exact_1000m_0m_0097.png,OK
OSM_manhattan_midtown_exact_1000m_0m_0237,400,osm,manhattan_midtown,urban_grid,,1048,1008,1056384.0,997.31,957.97,955385.76,0.9043924931799792,393,429,13887.97,0.0004061023264267,29.9956,11.8084,2.1832,4,0.0178,0.1196,1,1.0,43,0.100233,42,0.10687,2540.06,643.72,1.2919,1.5873,0.0151,1.7822,0.6657,0.0,0.8322,0.465,yes,yes,no,yes,no,PASS,,488449036,PASS,Manhattan Midtown,batch_0400/wkt/map_0237,batch_0400/wkt/map_0237/roads.wkt,batch_0400/wkt/map_0237/metadata.json,previews/OSM_manhattan_midtown_exact_1000m_0m_0237.png,OK
OSM_manhattan_midtown_exact_1000m_0m_0369,400,osm,manhattan_midtown,urban_grid,,1048,1008,1056384.0,997.31,957.97,955385.76,0.9043924931799792,393,429,13887.97,0.0004061023264267,29.9956,11.8084,2.1832,4,0.0178,0.1196,1,1.0,43,0.100233,42,0.10687,2540.06,697.23,1.2781,1.5873,0.0151,1.7822,0.6657,0.0,0.8322,0.465,yes,yes,no,yes,no,PASS,,750112321,PASS,Manhattan Midtown,batch_0400/wkt/map_0369,batch_0400/wkt/map_0369/roads.wkt,batch_0400/wkt/map_0369/metadata.json,previews/OSM_manhattan_midtown_exact_1000m_0m_0369.png,OK
OSM_manhattan_midtown_exact_1000m_0m_0517,600,osm,manhattan_midtown,urban_grid,,1048,1008,1056384.0,997.31,957.97,955385.76,0.9043924931799792,393,429,13887.97,0.0004061023264267,29.9956,11.8084,2.1832,4,0.0178,0.1196,1,1.0,43,0.100233,42,0.10687,2540.06,654.8,1.2869,1.5873,0.0151,1.7822,0.6657,0.0,0.8322,0.465,yes,yes,no,yes,no,PASS,,1299183471,PASS,Manhattan Midtown,batch_0600/wkt/map_0517,batch_0600/wkt/map_0517/roads.wkt,batch_0600/wkt/map_0517/metadata.json,previews/OSM_manhattan_midtown_exact_1000m_0m_0517.png,OK
OSM_manhattan_midtown_exact_1000m_0m_0677,800,osm,manhattan_midtown,urban_grid,,1048,1008,1056384.0,997.31,957.97,955385.76,0.9043924931799792,393,429,13887.97,0.0004061023264267,29.9956,11.8084,2.1832,4,0.0178,0.1196,1,1.0,43,0.100233,42,0.10687,2540.06,623.25,1.2695,1.5873,0.0151,1.7822,0.6657,0.0,0.8322,0.465,yes,yes,no,yes,no,PASS,,3943409194,PASS,Manhattan Midtown,batch_0800/wkt/map_0677,batch_0800/wkt/map_0677/roads.wkt,batch_0800/wkt/map_0677/metadata.json,previews/OSM_manhattan_midtown_exact_1000m_0m_0677.png,OK
OSM_manhattan_midtown_exact_1000m_0m_0820,1000,osm,manhattan_midtown,urban_grid,,1048,1008,1056384.0,997.31,957.97,955385.76,0.9043924931799792,393,429,13887.97,0.0004061023264267,29.9956,11.8084,2.1832,4,0.0178,0.1196,1,1.0,43,0.100233,42,0.10687,2540.06,597.39,1.253,1.5873,0.0151,1.7822,0.6657,0.0,0.8322,0.465,yes,yes,no,yes,no,PASS,,4126570375,PASS,Manhattan Midtown,batch_1000/wkt/map_0820,batch_1000/wkt/map_0820/roads.wkt,batch_1000/wkt/map_0820/metadata.json,previews/OSM_manhattan_midtown_exact_1000m_0m_0820.png,OK
OSM_manhattan_midtown_exact_1000m_0m_0963,1000,osm,manhattan_midtown,urban_grid,,1048,1008,1056384.0,997.31,957.97,955385.76,0.9043924931799792,393,429,13887.97,0.0004061023264267,29.9956,11.8084,2.1832,4,0.0178,0.1196,1,1.0,43,0.100233,42,0.10687,2540.06,696.41,1.3105,1.5873,0.0151,1.7822,0.6657,0.0,0.8322,0.465,yes,yes,no,yes,no,PASS,,3086802679,PASS,Manhattan Midtown,batch_1000/wkt/map_0963,batch_1000/wkt/map_0963/roads.wkt,batch_1000/wkt/map_0963/metadata.json,previews/OSM_manhattan_midtown_exact_1000m_0m_0963.png,OK
OSM_manhattan_midtown_exact_1000m_0m_1108,1200,osm,manhattan_midtown,urban_grid,,1048,1008,1056384.0,997.31,957.97,955385.76,0.9043924931799792,393,429,13887.97,0.0004061023264267,29.9956,11.8084,2.1832,4,0.0178,0.1196,1,1.0,43,0.100233,42,0.10687,2540.06,633.27,1.2493,1.5873,0.0151,1.7822,0.6657,0.0,0.8322,0.465,yes,yes,no,yes,no,PASS,,1855452764,PASS,Manhattan Midtown,batch_1200/wkt/map_1108,batch_1200/wkt/map_1108/roads.wkt,batch_1200/wkt/map_1108/metadata.json,previews/OSM_manhattan_midtown_exact_1000m_0m_1108.png,OK
OSM_manhattan_midtown_exact_1500m_0m_0013,100,osm,manhattan_midtown,urban_grid,,1545,1542,2382390.0,1494.32,1491.73,2229118.3,0.935664730672126,1161,1279,36558.07,0.0005368558464399,27.1404,10.7744,2.2033,5,0.0043,0.1232,1,1.0,20,0.015637,20,0.017227,3736.3,1048.27,1.3522,2.0575,0.0453,1.1799,0.6636,0.0,0.8726,0.4554,yes,yes,no,yes,no,PASS,,1798605387,PASS,Manhattan Midtown,batch_0100/wkt/map_0013,batch_0100/wkt/map_0013/roads.wkt,batch_0100/wkt/map_0013/metadata.json,previews/OSM_manhattan_midtown_exact_1500m_0m_0013.png,OK
OSM_manhattan_midtown_exact_1500m_0m_0150,200,osm,manhattan_midtown,urban_grid,,1545,1542,2382390.0,1494.32,1491.73,2229118.3,0.935664730672126,1161,1279,36558.07,0.0005368558464399,27.1404,10.7744,2.2033,5,0.0043,0.1232,1,1.0,20,0.015637,20,0.017227,3736.3,923.84,1.3089,2.0575,0.0453,1.1799,0.6636,0.0,0.8726,0.4554,yes,yes,no,yes,no,PASS,,911620096,PASS,Manhattan Midtown,batch_0200/wkt/map_0150,batch_0200/wkt/map_0150/roads.wkt,batch_0200/wkt/map_0150/metadata.json,previews/OSM_manhattan_midtown_exact_1500m_0m_0150.png,SKIPPED_EXISTING_OK
OSM_manhattan_midtown_exact_1500m_0m_0298,400,osm,manhattan_midtown,urban_grid,,1545,1542,2382390.0,1494.32,1491.73,2229118.3,0.935664730672126,1161,1279,36558.07,0.0005368558464399,27.1404,10.7744,2.2033,5,0.0043,0.1232,1,1.0,20,0.015637,20,0.017227,3736.3,981.03,1.3916,2.0575,0.0453,1.1799,0.6636,0.0,0.8726,0.4554,yes,yes,no,yes,no,PASS,,2582495606,PASS,Manhattan Midtown,batch_0400/wkt/map_0298,batch_0400/wkt/map_0298/roads.wkt,batch_0400/wkt/map_0298/metadata.json,previews/OSM_manhattan_midtown_exact_1500m_0m_0298.png,OK
OSM_manhattan_midtown_exact_1500m_0m_0438,600,osm,manhattan_midtown,urban_grid,,1545,1542,2382390.0,1494.32,1491.73,2229118.3,0.935664730672126,1161,1279,36558.07,0.0005368558464399,27.1404,10.7744,2.2033,5,0.0043,0.1232,1,1.0,20,0.015637,20,0.017227,3736.3,956.14,1.3887,2.0575,0.0453,1.1799,0.6636,0.0,0.8726,0.4554,yes,yes,no,yes,no,PASS,,577998807,PASS,Manhattan Midtown,batch_0600/wkt/map_0438,batch_0600/wkt/map_0438/roads.wkt,batch_0600/wkt/map_0438/metadata.json,previews/OSM_manhattan_midtown_exact_1500m_0m_0438.png,OK
OSM_manhattan_midtown_exact_1500m_0m_0588,600,osm,manhattan_midtown,urban_grid,,1545,1542,2382390.0,1494.32,1491.73,2229118.3,0.935664730672126,1161,1279,36558.07,0.0005368558464399,27.1404,10.7744,2.2033,5,0.0043,0.1232,1,1.0,20,0.015637,20,0.017227,3736.3,857.05,1.321,2.0575,0.0453,1.1799,0.6636,0.0,0.8726,0.4554,yes,yes,no,yes,no,PASS,,3048454187,PASS,Manhattan Midtown,batch_0600/wkt/map_0588,batch_0600/wkt/map_0588/roads.wkt,batch_0600/wkt/map_0588/metadata.json,previews/OSM_manhattan_midtown_exact_1500m_0m_0588.png,OK
OSM_manhattan_midtown_exact_1500m_0m_0729,800,osm,manhattan_midtown,urban_grid,,1545,1542,2382390.0,1494.32,1491.73,2229118.3,0.935664730672126,1161,1279,36558.07,0.0005368558464399,27.1404,10.7744,2.2033,5,0.0043,0.1232,1,1.0,20,0.015637,20,0.017227,3736.3,843.59,1.3205,2.0575,0.0453,1.1799,0.6636,0.0,0.8726,0.4554,yes,yes,no,yes,no,PASS,,359695745,PASS,Manhattan Midtown,batch_0800/wkt/map_0729,batch_0800/wkt/map_0729/roads.wkt,batch_0800/wkt/map_0729/metadata.json,previews/OSM_manhattan_midtown_exact_1500m_0m_0729.png,OK
OSM_manhattan_midtown_exact_1500m_0m_0885,1000,osm,manhattan_midtown,urban_grid,,1545,1542,2382390.0,1494.32,1491.73,2229118.3,0.935664730672126,1161,1279,36558.07,0.0005368558464399,27.1404,10.7744,2.2033,5,0.0043,0.1232,1,1.0,20,0.015637,20,0.017227,3736.3,974.28,1.2622,2.0575,0.0453,1.1799,0.6636,0.0,0.8726,0.4554,yes,yes,no,yes,no,PASS,,156877377,PASS,Manhattan Midtown,batch_1000/wkt/map_0885,batch_1000/wkt/map_0885/roads.wkt,batch_1000/wkt/map_0885/metadata.json,previews/OSM_manhattan_midtown_exact_1500m_0m_0885.png,OK
OSM_manhattan_midtown_exact_1500m_0m_1026,1200,osm,manhattan_midtown,urban_grid,,1545,1542,2382390.0,1494.32,1491.73,2229118.3,0.935664730672126,1161,1279,36558.07,0.0005368558464399,27.1404,10.7744,2.2033,5,0.0043,0.1232,1,1.0,20,0.015637,20,0.017227,3736.3,914.93,1.3116,2.0575,0.0453,1.1799,0.6636,0.0,0.8726,0.4554,yes,yes,no,yes,no,PASS,,3279719094,PASS,Manhattan Midtown,batch_1200/wkt/map_1026,batch_1200/wkt/map_1026/roads.wkt,batch_1200/wkt/map_1026/metadata.json,previews/OSM_manhattan_midtown_exact_1500m_0m_1026.png,OK
OSM_manhattan_midtown_exact_1500m_0m_1177,1200,osm,manhattan_midtown,urban_grid,,1545,1542,2382390.0,1494.32,1491.73,2229118.3,0.935664730672126,1161,1279,36558.07,0.0005368558464399,27.1404,10.7744,2.2033,5,0.0043,0.1232,1,1.0,20,0.015637,20,0.017227,3736.3,938.74,1.3236,2.0575,0.0453,1.1799,0.6636,0.0,0.8726,0.4554,yes,yes,no,yes,no,PASS,,1542512252,PASS,Manhattan Midtown,batch_1200/wkt/map_1177,batch_1200/wkt/map_1177/roads.wkt,batch_1200/wkt/map_1177/metadata.json,previews/OSM_manhattan_midtown_exact_1500m_0m_1177.png,OK
OSM_manhattan_midtown_exact_2500m_0m_0073,100,osm,manhattan_midtown,urban_grid,,2548,2532,6451536.0,2497.78,2481.52,6198290.41,0.960746465680727,3272,3633,107800.86,0.0005631217124108,27.8052,11.3457,2.2207,5,0.0034,0.1274,1,1.0,38,0.01046,36,0.011002,5164.36,1408.36,1.3001,2.1557,0.0408,1.2087,0.6193,0.0,0.8965,0.4517,yes,yes,no,yes,no,PASS,,1242324906,PASS,Manhattan Midtown,batch_0100/wkt/map_0073,batch_0100/wkt/map_0073/roads.wkt,batch_0100/wkt/map_0073/metadata.json,previews/OSM_manhattan_midtown_exact_2500m_0m_0073.png,OK
OSM_manhattan_midtown_exact_2500m_0m_0207,400,osm,manhattan_midtown,urban_grid,,2548,2532,6451536.0,2497.78,2481.52,6198290.41,0.960746465680727,3272,3633,107800.86,0.0005631217124108,27.8052,11.3457,2.2207,5,0.0034,0.1274,1,1.0,38,0.01046,36,0.011002,5164.36,1683.5,1.2772,2.1557,0.0408,1.2087,0.6193,0.0,0.8965,0.4517,yes,yes,no,yes,no,PASS,,1204225190,PASS,Manhattan Midtown,batch_0400/wkt/map_0207,batch_0400/wkt/map_0207/roads.wkt,batch_0400/wkt/map_0207/metadata.json,previews/OSM_manhattan_midtown_exact_2500m_0m_0207.png,SKIPPED_EXISTING_OK
OSM_manhattan_midtown_exact_2500m_0m_0342,400,osm,manhattan_midtown,urban_grid,,2548,2532,6451536.0,2497.78,2481.52,6198290.41,0.960746465680727,3272,3633,107800.86,0.0005631217124108,27.8052,11.3457,2.2207,5,0.0034,0.1274,1,1.0,38,0.01046,36,0.011002,5164.36,1667.31,1.2779,2.1557,0.0408,1.2087,0.6193,0.0,0.8965,0.4517,yes,yes,no,yes,no,PASS,,3054092274,PASS,Manhattan Midtown,batch_0400/wkt/map_0342,batch_0400/wkt/map_0342/roads.wkt,batch_0400/wkt/map_0342/metadata.json,previews/OSM_manhattan_midtown_exact_2500m_0m_0342.png,OK
OSM_manhattan_midtown_exact_2500m_0m_0494,600,osm,manhattan_midtown,urban_grid,,2548,2532,6451536.0,2497.78,2481.52,6198290.41,0.960746465680727,3272,3633,107800.86,0.0005631217124108,27.8052,11.3457,2.2207,5,0.0034,0.1274,1,1.0,38,0.01046,36,0.011002,5164.36,1734.46,1.2449,2.1557,0.0408,1.2087,0.6193,0.0,0.8965,0.4517,yes,yes,no,yes,no,PASS,,1303733093,PASS,Manhattan Midtown,batch_0600/wkt/map_0494,batch_0600/wkt/map_0494/roads.wkt,batch_0600/wkt/map_0494/metadata.json,previews/OSM_manhattan_midtown_exact_2500m_0m_0494.png,OK
OSM_manhattan_midtown_exact_2500m_0m_0646,800,osm,manhattan_midtown,urban_grid,,2548,2532,6451536.0,2497.78,2481.52,6198290.41,0.960746465680727,3272,3633,107800.86,0.0005631217124108,27.8052,11.3457,2.2207,5,0.0034,0.1274,1,1.0,38,0.01046,36,0.011002,5164.36,1630.1,1.2621,2.1557,0.0408,1.2087,0.6193,0.0,0.8965,0.4517,yes,yes,no,yes,no,PASS,,3587688822,PASS,Manhattan Midtown,batch_0800/wkt/map_0646,batch_0800/wkt/map_0646/roads.wkt,batch_0800/wkt/map_0646/metadata.json,previews/OSM_manhattan_midtown_exact_2500m_0m_0646.png,OK
OSM_manhattan_midtown_exact_2500m_0m_0785,800,osm,manhattan_midtown,urban_grid,,2548,2532,6451536.0,2497.78,2481.52,6198290.41,0.960746465680727,3272,3633,107800.86,0.0005631217124108,27.8052,11.3457,2.2207,5,0.0034,0.1274,1,1.0,38,0.01046,36,0.011002,5164.36,1498.95,1.2682,2.1557,0.0408,1.2087,0.6193,0.0,0.8965,0.4517,yes,yes,no,yes,no,PASS,,1844524595,PASS,Manhattan Midtown,batch_0800/wkt/map_0785,batch_0800/wkt/map_0785/roads.wkt,batch_0800/wkt/map_0785/metadata.json,previews/OSM_manhattan_midtown_exact_2500m_0m_0785.png,OK
OSM_manhattan_midtown_exact_2500m_0m_0934,1000,osm,manhattan_midtown,urban_grid,,2548,2532,6451536.0,2497.78,2481.52,6198290.41,0.960746465680727,3272,3633,107800.86,0.0005631217124108,27.8052,11.3457,2.2207,5,0.0034,0.1274,1,1.0,38,0.01046,36,0.011002,5164.36,1753.17,1.2663,2.1557,0.0408,1.2087,0.6193,0.0,0.8965,0.4517,yes,yes,no,yes,no,PASS,,1712637425,PASS,Manhattan Midtown,batch_1000/wkt/map_0934,batch_1000/wkt/map_0934/roads.wkt,batch_1000/wkt/map_0934/metadata.json,previews/OSM_manhattan_midtown_exact_2500m_0m_0934.png,OK
OSM_manhattan_midtown_exact_2500m_0m_1082,1200,osm,manhattan_midtown,urban_grid,,2548,2532,6451536.0,2497.78,2481.52,6198290.41,0.960746465680727,3272,3633,107800.86,0.0005631217124108,27.8052,11.3457,2.2207,5,0.0034,0.1274,1,1.0,38,0.01046,36,0.011002,5164.36,1560.28,1.2812,2.1557,0.0408,1.2087,0.6193,0.0,0.8965,0.4517,yes,yes,no,yes,no,PASS,,2292538232,PASS,Manhattan Midtown,batch_1200/wkt/map_1082,batch_1200/wkt/map_1082/roads.wkt,batch_1200/wkt/map_1082/metadata.json,previews/OSM_manhattan_midtown_exact_2500m_0m_1082.png,OK
OSM_manhattan_midtown_exact_5000m_0m_0124,200,osm,manhattan_midtown,urban_grid,,5056,5055,25558080.0,5005.55,5004.64,25050988.47,0.9801592479279132,11558,12720,374960.24,0.0004976899673214,26.1533,10.968,2.2011,6,0.0036,0.121,1,1.0,182,0.014308,183,0.015833,14698.75,3434.76,1.4177,3.3162,0.1668,1.4129,0.5798,0.0,0.9359,0.4559,yes,yes,no,yes,no,PASS,,3903022772,PASS,Manhattan Midtown,batch_0200/wkt/map_0124,batch_0200/wkt/map_0124/roads.wkt,batch_0200/wkt/map_0124/metadata.json,previews/OSM_manhattan_midtown_exact_5000m_0m_0124.png,OK
OSM_manhattan_midtown_exact_5000m_0m_0268,400,osm,manhattan_midtown,urban_grid,,5056,5055,25558080.0,5005.55,5004.64,25050988.47,0.9801592479279132,11558,12720,374960.24,0.0004976899673214,26.1533,10.968,2.2011,6,0.0036,0.121,1,1.0,182,0.014308,183,0.015833,14698.75,3681.22,1.3448,3.3162,0.1668,1.4129,0.5798,0.0,0.9359,0.4559,yes,yes,no,yes,no,PASS,,2522939994,PASS,Manhattan Midtown,batch_0400/wkt/map_0268,batch_0400/wkt/map_0268/roads.wkt,batch_0400/wkt/map_0268/metadata.json,previews/OSM_manhattan_midtown_exact_5000m_0m_0268.png,OK
OSM_manhattan_midtown_exact_5000m_0m_0412,600,osm,manhattan_midtown,urban_grid,,5056,5055,25558080.0,5005.55,5004.64,25050988.47,0.9801592479279132,11558,12720,374960.24,0.0004976899673214,26.1533,10.968,2.2011,6,0.0036,0.121,1,1.0,182,0.014308,183,0.015833,14698.75,2768.84,1.4056,3.3162,0.1668,1.4129,0.5798,0.0,0.9359,0.4559,yes,yes,no,yes,no,PASS,,1947884748,PASS,Manhattan Midtown,batch_0600/wkt/map_0412,batch_0600/wkt/map_0412/roads.wkt,batch_0600/wkt/map_0412/metadata.json,previews/OSM_manhattan_midtown_exact_5000m_0m_0412.png,OK
OSM_manhattan_midtown_exact_5000m_0m_0557,600,osm,manhattan_midtown,urban_grid,,5056,5055,25558080.0,5005.55,5004.64,25050988.47,0.9801592479279132,11558,12720,374960.24,0.0004976899673214,26.1533,10.968,2.2011,6,0.0036,0.121,1,1.0,182,0.014308,183,0.015833,14698.75,3233.48,1.4802,3.3162,0.1668,1.4129,0.5798,0.0,0.9359,0.4559,yes,yes,no,yes,no,PASS,,181758462,PASS,Manhattan Midtown,batch_0600/wkt/map_0557,batch_0600/wkt/map_0557/roads.wkt,batch_0600/wkt/map_0557/metadata.json,previews/OSM_manhattan_midtown_exact_5000m_0m_0557.png,OK
OSM_manhattan_midtown_exact_5000m_0m_0705,800,osm,manhattan_midtown,urban_grid,,5056,5055,25558080.0,5005.55,5004.64,25050988.47,0.9801592479279132,11558,12720,374960.24,0.0004976899673214,26.1533,10.968,2.2011,6,0.0036,0.121,1,1.0,182,0.014308,183,0.015833,14698.75,3766.69,1.2904,3.3162,0.1668,1.4129,0.5798,0.0,0.9359,0.4559,yes,yes,no,yes,no,PASS,,1004917712,PASS,Manhattan Midtown,batch_0800/wkt/map_0705,batch_0800/wkt/map_0705/roads.wkt,batch_0800/wkt/map_0705/metadata.json,previews/OSM_manhattan_midtown_exact_5000m_0m_0705.png,OK
OSM_manhattan_midtown_exact_5000m_0m_0854,1000,osm,manhattan_midtown,urban_grid,,5056,5055,25558080.0,5005.55,5004.64,25050988.47,0.9801592479279132,11558,12720,374960.24,0.0004976899673214,26.1533,10.968,2.2011,6,0.0036,0.121,1,1.0,182,0.014308,183,0.015833,14698.75,3229.23,1.3011,3.3162,0.1668,1.4129,0.5798,0.0,0.9359,0.4559,yes,yes,no,yes,no,PASS,,1409189662,PASS,Manhattan Midtown,batch_1000/wkt/map_0854,batch_1000/wkt/map_0854/roads.wkt,batch_1000/wkt/map_0854/metadata.json,previews/OSM_manhattan_midtown_exact_5000m_0m_0854.png,OK
OSM_manhattan_midtown_exact_5000m_0m_0994,1000,osm,manhattan_midtown,urban_grid,,5056,5055,25558080.0,5005.55,5004.64,25050988.47,0.9801592479279132,11558,12720,374960.24,0.0004976899673214,26.1533,10.968,2.2011,6,0.0036,0.121,1,1.0,182,0.014308,183,0.015833,14698.75,3332.48,1.3558,3.3162,0.1668,1.4129,0.5798,0.0,0.9359,0.4559,yes,yes,no,yes,no,PASS,,884589515,PASS,Manhattan Midtown,batch_1000/wkt/map_0994,batch_1000/wkt/map_0994/roads.wkt,batch_1000/wkt/map_0994/metadata.json,previews/OSM_manhattan_midtown_exact_5000m_0m_0994.png,OK
OSM_manhattan_midtown_exact_5000m_0m_1145,1200,osm,manhattan_midtown,urban_grid,,5056,5055,25558080.0,5005.55,5004.64,25050988.47,0.9801592479279132,11558,12720,374960.24,0.0004976899673214,26.1533,10.968,2.2011,6,0.0036,0.121,1,1.0,182,0.014308,183,0.015833,14698.75,3319.17,1.284,3.3162,0.1668,1.4129,0.5798,0.0,0.9359,0.4559,yes,yes,no,yes,no,PASS,,3199514977,PASS,Manhattan Midtown,batch_1200/wkt/map_1145,batch_1200/wkt/map_1145/roads.wkt,batch_1200/wkt/map_1145/metadata.json,previews/OSM_manhattan_midtown_exact_5000m_0m_1145.png,OK
OSM_mit_campus_reality_offset_n_1500m_1000m_0074,100,osm,mit_campus_reality,campus_compact,,1577,1570,2475890.0,1526.09,1519.19,2318427.77,0.9364017656404424,6819,8508,237485.32,0.003436340063573,14.9043,5.8565,2.4954,8,0.0317,0.3759,1,1.0,576,0.067701,570,0.08359,4024.72,931.21,1.2399,4.7315,0.413,1.1753,0.6494,0.0,0.9155,0.4134,yes,yes,partial,partial,no,PASS,,1756844581,PASS,MIT Campus (Reality Mining),batch_0100/wkt/map_0074,batch_0100/wkt/map_0074/roads.wkt,batch_0100/wkt/map_0074/metadata.json,previews/OSM_mit_campus_reality_offset_n_1500m_1000m_0074.png,OK
OSM_mit_campus_reality_offset_n_1500m_1000m_0181,200,osm,mit_campus_reality,campus_compact,,1577,1570,2475890.0,1526.09,1519.19,2318427.77,0.9364017656404424,6819,8508,237485.32,0.003436340063573,14.9043,5.8565,2.4954,8,0.0317,0.3759,1,1.0,576,0.067701,570,0.08359,4024.72,1043.74,1.281,4.7315,0.413,1.1753,0.6494,0.0,0.9155,0.4134,yes,yes,partial,partial,no,PASS,,1024046891,PASS,MIT Campus (Reality Mining),batch_0200/wkt/map_0181,batch_0200/wkt/map_0181/roads.wkt,batch_0200/wkt/map_0181/metadata.json,previews/OSM_mit_campus_reality_offset_n_1500m_1000m_0181.png,SKIPPED_EXISTING_OK
OSM_mit_campus_reality_offset_n_1500m_1000m_0299,400,osm,mit_campus_reality,campus_compact,,1577,1570,2475890.0,1526.09,1519.19,2318427.77,0.9364017656404424,6819,8508,237485.32,0.003436340063573,14.9043,5.8565,2.4954,8,0.0317,0.3759,1,1.0,576,0.067701,570,0.08359,4024.72,983.71,1.2757,4.7315,0.413,1.1753,0.6494,0.0,0.9155,0.4134,yes,yes,partial,partial,no,PASS,,382457894,PASS,MIT Campus (Reality Mining),batch_0400/wkt/map_0299,batch_0400/wkt/map_0299/roads.wkt,batch_0400/wkt/map_0299/metadata.json,previews/OSM_mit_campus_reality_offset_n_1500m_1000m_0299.png,OK
OSM_mit_campus_reality_offset_n_1500m_1000m_0413,600,osm,mit_campus_reality,campus_compact,,1577,1570,2475890.0,1526.09,1519.19,2318427.77,0.9364017656404424,6819,8508,237485.32,0.003436340063573,14.9043,5.8565,2.4954,8,0.0317,0.3759,1,1.0,576,0.067701,570,0.08359,4024.72,944.5,1.3199,4.7315,0.413,1.1753,0.6494,0.0,0.9155,0.4134,yes,yes,partial,partial,no,PASS,,3082454987,PASS,MIT Campus (Reality Mining),batch_0600/wkt/map_0413,batch_0600/wkt/map_0413/roads.wkt,batch_0600/wkt/map_0413/metadata.json,previews/OSM_mit_campus_reality_offset_n_1500m_1000m_0413.png,OK
OSM_mit_campus_reality_offset_n_1500m_1000m_0518,600,osm,mit_campus_reality,campus_compact,,1577,1570,2475890.0,1526.09,1519.19,2318427.77,0.9364017656404424,6819,8508,237485.32,0.003436340063573,14.9043,5.8565,2.4954,8,0.0317,0.3759,1,1.0,576,0.067701,570,0.08359,4024.72,1007.79,1.2759,4.7315,0.413,1.1753,0.6494,0.0,0.9155,0.4134,yes,yes,partial,partial,no,PASS,,250576371,PASS,MIT Campus (Reality Mining),batch_0600/wkt/map_0518,batch_0600/wkt/map_0518/roads.wkt,batch_0600/wkt/map_0518/metadata.json,previews/OSM_mit_campus_reality_offset_n_1500m_1000m_0518.png,OK
OSM_mit_campus_reality_offset_n_1500m_1000m_0647,800,osm,mit_campus_reality,campus_compact,,1577,1570,2475890.0,1526.09,1519.19,2318427.77,0.9364017656404424,6819,8508,237485.32,0.003436340063573,14.9043,5.8565,2.4954,8,0.0317,0.3759,1,1.0,576,0.067701,570,0.08359,4024.72,952.94,1.2615,4.7315,0.413,1.1753,0.6494,0.0,0.9155,0.4134,yes,yes,partial,partial,no,PASS,,3473246173,PASS,MIT Campus (Reality Mining),batch_0800/wkt/map_0647,batch_0800/wkt/map_0647/roads.wkt,batch_0800/wkt/map_0647/metadata.json,previews/OSM_mit_campus_reality_offset_n_1500m_1000m_0647.png,OK
OSM_mit_campus_reality_offset_n_1500m_1000m_0761,800,osm,mit_campus_reality,campus_compact,,1577,1570,2475890.0,1526.09,1519.19,2318427.77,0.9364017656404424,6819,8508,237485.32,0.003436340063573,14.9043,5.8565,2.4954,8,0.0317,0.3759,1,1.0,576,0.067701,570,0.08359,4024.72,890.81,1.3258,4.7315,0.413,1.1753,0.6494,0.0,0.9155,0.4134,yes,yes,partial,partial,no,PASS,,1202605533,PASS,MIT Campus (Reality Mining),batch_0800/wkt/map_0761,batch_0800/wkt/map_0761/roads.wkt,batch_0800/wkt/map_0761/metadata.json,previews/OSM_mit_campus_reality_offset_n_1500m_1000m_0761.png,OK
OSM_mit_campus_reality_offset_n_1500m_1000m_0886,1000,osm,mit_campus_reality,campus_compact,,1577,1570,2475890.0,1526.09,1519.19,2318427.77,0.9364017656404424,6819,8508,237485.32,0.003436340063573,14.9043,5.8565,2.4954,8,0.0317,0.3759,1,1.0,576,0.067701,570,0.08359,4024.72,953.0,1.2695,4.7315,0.413,1.1753,0.6494,0.0,0.9155,0.4134,yes,yes,partial,partial,no,PASS,,2024837848,PASS,MIT Campus (Reality Mining),batch_1000/wkt/map_0886,batch_1000/wkt/map_0886/roads.wkt,batch_1000/wkt/map_0886/metadata.json,previews/OSM_mit_campus_reality_offset_n_1500m_1000m_0886.png,OK
OSM_mit_campus_reality_offset_n_1500m_1000m_0999,1000,osm,mit_campus_reality,campus_compact,,1577,1570,2475890.0,1526.09,1519.19,2318427.77,0.9364017656404424,6819,8508,237485.32,0.003436340063573,14.9043,5.8565,2.4954,8,0.0317,0.3759,1,1.0,576,0.067701,570,0.08359,4024.72,1013.07,1.2985,4.7315,0.413,1.1753,0.6494,0.0,0.9155,0.4134,yes,yes,partial,partial,no,PASS,,2193517313,PASS,MIT Campus (Reality Mining),batch_1000/wkt/map_0999,batch_1000/wkt/map_0999/roads.wkt,batch_1000/wkt/map_0999/metadata.json,previews/OSM_mit_campus_reality_offset_n_1500m_1000m_0999.png,OK
OSM_mit_campus_reality_offset_n_1500m_1000m_1112,1200,osm,mit_campus_reality,campus_compact,,1577,1570,2475890.0,1526.09,1519.19,2318427.77,0.9364017656404424,6819,8508,237485.32,0.003436340063573,14.9043,5.8565,2.4954,8,0.0317,0.3759,1,1.0,576,0.067701,570,0.08359,4024.72,1012.64,1.2708,4.7315,0.413,1.1753,0.6494,0.0,0.9155,0.4134,yes,yes,partial,partial,no,PASS,,2956498187,PASS,MIT Campus (Reality Mining),batch_1200/wkt/map_1112,batch_1200/wkt/map_1112/roads.wkt,batch_1200/wkt/map_1112/metadata.json,previews/OSM_mit_campus_reality_offset_n_1500m_1000m_1112.png,OK
OSM_mit_campus_reality_offset_n_1500m_1500m_0100,200,osm,mit_campus_reality,campus_compact,,1581,1581,2499561.0,1530.83,1530.73,2343289.15,0.9374802825099188,6679,8227,233251.54,0.0032913779659708,15.4267,6.0432,2.4635,7,0.0332,0.3554,1,1.0,671,0.081561,663,0.099266,5999.46,1092.41,1.3789,4.8572,0.4099,1.4297,0.6261,0.0,0.9207,0.4193,yes,yes,partial,partial,no,PASS,,2689615503,PASS,MIT Campus (Reality Mining),batch_0200/wkt/map_0100,batch_0200/wkt/map_0100/roads.wkt,batch_0200/wkt/map_0100/metadata.json,previews/OSM_mit_campus_reality_offset_n_1500m_1500m_0100.png,OK
OSM_mit_campus_reality_offset_n_1500m_1500m_0209,400,osm,mit_campus_reality,campus_compact,,1581,1581,2499561.0,1530.83,1530.73,2343289.15,0.9374802825099188,6679,8227,233251.54,0.0032913779659708,15.4267,6.0432,2.4635,7,0.0332,0.3554,1,1.0,671,0.081561,663,0.099266,5999.46,1030.04,1.4019,4.8572,0.4099,1.4297,0.6261,0.0,0.9207,0.4193,yes,yes,partial,partial,no,PASS,,1130516173,PASS,MIT Campus (Reality Mining),batch_0400/wkt/map_0209,batch_0400/wkt/map_0209/roads.wkt,batch_0400/wkt/map_0209/metadata.json,previews/OSM_mit_campus_reality_offset_n_1500m_1500m_0209.png,OK
OSM_mit_campus_reality_offset_n_1500m_1500m_0321,400,osm,mit_campus_reality,campus_compact,,1581,1581,2499561.0,1530.83,1530.73,2343289.15,0.9374802825099188,6679,8227,233251.54,0.0032913779659708,15.4267,6.0432,2.4635,7,0.0332,0.3554,1,1.0,671,0.081561,663,0.099266,5999.46,1106.8,1.7196,4.8572,0.4099,1.4297,0.6261,0.0,0.9207,0.4193,yes,yes,partial,partial,no,PASS,,2326591793,PASS,MIT Campus (Reality Mining),batch_0400/wkt/map_0321,batch_0400/wkt/map_0321/roads.wkt,batch_0400/wkt/map_0321/metadata.json,previews/OSM_mit_campus_reality_offset_n_1500m_1500m_0321.png,OK
OSM_mit_campus_reality_offset_n_1500m_1500m_0439,600,osm,mit_campus_reality,campus_compact,,1581,1581,2499561.0,1530.83,1530.73,2343289.15,0.9374802825099188,6679,8227,233251.54,0.0032913779659708,15.4267,6.0432,2.4635,7,0.0332,0.3554,1,1.0,671,0.081561,663,0.099266,5999.46,1125.46,1.5818,4.8572,0.4099,1.4297,0.6261,0.0,0.9207,0.4193,yes,yes,partial,partial,no,PASS,,3417836485,PASS,MIT Campus (Reality Mining),batch_0600/wkt/map_0439,batch_0600/wkt/map_0439/roads.wkt,batch_0600/wkt/map_0439/metadata.json,previews/OSM_mit_campus_reality_offset_n_1500m_1500m_0439.png,OK
OSM_mit_campus_reality_offset_n_1500m_1500m_0558,600,osm,mit_campus_reality,campus_compact,,1581,1581,2499561.0,1530.83,1530.73,2343289.15,0.9374802825099188,6679,8227,233251.54,0.0032913779659708,15.4267,6.0432,2.4635,7,0.0332,0.3554,1,1.0,671,0.081561,663,0.099266,5999.46,930.58,1.4307,4.8572,0.4099,1.4297,0.6261,0.0,0.9207,0.4193,yes,yes,partial,partial,no,PASS,,427191179,PASS,MIT Campus (Reality Mining),batch_0600/wkt/map_0558,batch_0600/wkt/map_0558/roads.wkt,batch_0600/wkt/map_0558/metadata.json,previews/OSM_mit_campus_reality_offset_n_1500m_1500m_0558.png,OK
OSM_mit_campus_reality_offset_n_1500m_1500m_0679,800,osm,mit_campus_reality,campus_compact,,1581,1581,2499561.0,1530.83,1530.73,2343289.15,0.9374802825099188,6679,8227,233251.54,0.0032913779659708,15.4267,6.0432,2.4635,7,0.0332,0.3554,1,1.0,671,0.081561,663,0.099266,5999.46,1046.25,1.5027,4.8572,0.4099,1.4297,0.6261,0.0,0.9207,0.4193,yes,yes,partial,partial,no,PASS,,4182082255,PASS,MIT Campus (Reality Mining),batch_0800/wkt/map_0679,batch_0800/wkt/map_0679/roads.wkt,batch_0800/wkt/map_0679/metadata.json,previews/OSM_mit_campus_reality_offset_n_1500m_1500m_0679.png,OK
OSM_mit_campus_reality_offset_n_1500m_1500m_0787,800,osm,mit_campus_reality,campus_compact,,1581,1581,2499561.0,1530.83,1530.73,2343289.15,0.9374802825099188,6679,8227,233251.54,0.0032913779659708,15.4267,6.0432,2.4635,7,0.0332,0.3554,1,1.0,671,0.081561,663,0.099266,5999.46,1012.36,1.3516,4.8572,0.4099,1.4297,0.6261,0.0,0.9207,0.4193,yes,yes,partial,partial,no,PASS,,3166687518,PASS,MIT Campus (Reality Mining),batch_0800/wkt/map_0787,batch_0800/wkt/map_0787/roads.wkt,batch_0800/wkt/map_0787/metadata.json,previews/OSM_mit_campus_reality_offset_n_1500m_1500m_0787.png,OK
OSM_mit_campus_reality_offset_n_1500m_1500m_0907,1000,osm,mit_campus_reality,campus_compact,,1581,1581,2499561.0,1530.83,1530.73,2343289.15,0.9374802825099188,6679,8227,233251.54,0.0032913779659708,15.4267,6.0432,2.4635,7,0.0332,0.3554,1,1.0,671,0.081561,663,0.099266,5999.46,1026.83,1.5581,4.8572,0.4099,1.4297,0.6261,0.0,0.9207,0.4193,yes,yes,partial,partial,no,PASS,,1395078811,PASS,MIT Campus (Reality Mining),batch_1000/wkt/map_0907,batch_1000/wkt/map_0907/roads.wkt,batch_1000/wkt/map_0907/metadata.json,previews/OSM_mit_campus_reality_offset_n_1500m_1500m_0907.png,OK
OSM_mit_campus_reality_offset_n_1500m_1500m_1027,1200,osm,mit_campus_reality,campus_compact,,1581,1581,2499561.0,1530.83,1530.73,2343289.15,0.9374802825099188,6679,8227,233251.54,0.0032913779659708,15.4267,6.0432,2.4635,7,0.0332,0.3554,1,1.0,671,0.081561,663,0.099266,5999.46,1107.63,1.3318,4.8572,0.4099,1.4297,0.6261,0.0,0.9207,0.4193,yes,yes,partial,partial,no,PASS,,441592240,PASS,MIT Campus (Reality Mining),batch_1200/wkt/map_1027,batch_1200/wkt/map_1027/roads.wkt,batch_1200/wkt/map_1027/metadata.json,previews/OSM_mit_campus_reality_offset_n_1500m_1500m_1027.png,OK
OSM_mit_campus_reality_offset_n_1500m_1500m_1147,1200,osm,mit_campus_reality,campus_compact,,1581,1581,2499561.0,1530.83,1530.73,2343289.15,0.9374802825099188,6679,8227,233251.54,0.0032913779659708,15.4267,6.0432,2.4635,7,0.0332,0.3554,1,1.0,671,0.081561,663,0.099266,5999.46,1137.28,1.4508,4.8572,0.4099,1.4297,0.6261,0.0,0.9207,0.4193,yes,yes,partial,partial,no,PASS,,625348792,PASS,MIT Campus (Reality Mining),batch_1200/wkt/map_1147,batch_1200/wkt/map_1147/roads.wkt,batch_1200/wkt/map_1147/metadata.json,previews/OSM_mit_campus_reality_offset_n_1500m_1500m_1147.png,OK
OSM_mit_campus_reality_offset_n_1500m_200m_0017,100,osm,mit_campus_reality,campus_compact,,1578,1545,2438010.0,1527.84,1494.97,2284081.73,0.9368631511318812,6303,7583,193508.97,0.0031103235835784,13.7504,5.9211,2.4062,8,0.0359,0.32,1,1.0,565,0.074509,565,0.08964,2759.27,806.61,1.4217,4.8861,0.3078,1.6091,0.602,0.0,0.9173,0.4304,yes,yes,partial,partial,no,PASS,,2253224381,PASS,MIT Campus (Reality Mining),batch_0100/wkt/map_0017,batch_0100/wkt/map_0017/roads.wkt,batch_0100/wkt/map_0017/metadata.json,previews/OSM_mit_campus_reality_offset_n_1500m_200m_0017.png,OK
OSM_mit_campus_reality_offset_n_1500m_200m_0126,200,osm,mit_campus_reality,campus_compact,,1578,1545,2438010.0,1527.84,1494.97,2284081.73,0.9368631511318812,6303,7583,193508.97,0.0031103235835784,13.7504,5.9211,2.4062,8,0.0359,0.32,1,1.0,565,0.074509,565,0.08964,2759.27,829.03,1.2689,4.8861,0.3078,1.6091,0.602,0.0,0.9173,0.4304,yes,yes,partial,partial,no,PASS,,2623470521,PASS,MIT Campus (Reality Mining),batch_0200/wkt/map_0126,batch_0200/wkt/map_0126/roads.wkt,batch_0200/wkt/map_0126/metadata.json,previews/OSM_mit_campus_reality_offset_n_1500m_200m_0126.png,OK
OSM_mit_campus_reality_offset_n_1500m_200m_0238,400,osm,mit_campus_reality,campus_compact,,1578,1545,2438010.0,1527.84,1494.97,2284081.73,0.9368631511318812,6303,7583,193508.97,0.0031103235835784,13.7504,5.9211,2.4062,8,0.0359,0.32,1,1.0,565,0.074509,565,0.08964,2759.27,870.77,1.2712,4.8861,0.3078,1.6091,0.602,0.0,0.9173,0.4304,yes,yes,partial,partial,no,PASS,,307620460,PASS,MIT Campus (Reality Mining),batch_0400/wkt/map_0238,batch_0400/wkt/map_0238/roads.wkt,batch_0400/wkt/map_0238/metadata.json,previews/OSM_mit_campus_reality_offset_n_1500m_200m_0238.png,SKIPPED_EXISTING_OK
OSM_mit_campus_reality_offset_n_1500m_200m_0343,400,osm,mit_campus_reality,campus_compact,,1578,1545,2438010.0,1527.84,1494.97,2284081.73,0.9368631511318812,6303,7583,193508.97,0.0031103235835784,13.7504,5.9211,2.4062,8,0.0359,0.32,1,1.0,565,0.074509,565,0.08964,2759.27,769.5,1.311,4.8861,0.3078,1.6091,0.602,0.0,0.9173,0.4304,yes,yes,partial,partial,no,PASS,,4035983337,PASS,MIT Campus (Reality Mining),batch_0400/wkt/map_0343,batch_0400/wkt/map_0343/roads.wkt,batch_0400/wkt/map_0343/metadata.json,previews/OSM_mit_campus_reality_offset_n_1500m_200m_0343.png,OK
OSM_mit_campus_reality_offset_n_1500m_200m_0471,600,osm,mit_campus_reality,campus_compact,,1578,1545,2438010.0,1527.84,1494.97,2284081.73,0.9368631511318812,6303,7583,193508.97,0.0031103235835784,13.7504,5.9211,2.4062,8,0.0359,0.32,1,1.0,565,0.074509,565,0.08964,2759.27,802.83,1.3032,4.8861,0.3078,1.6091,0.602,0.0,0.9173,0.4304,yes,yes,partial,partial,no,PASS,,554771279,PASS,MIT Campus (Reality Mining),batch_0600/wkt/map_0471,batch_0600/wkt/map_0471/roads.wkt,batch_0600/wkt/map_0471/metadata.json,previews/OSM_mit_campus_reality_offset_n_1500m_200m_0471.png,OK
OSM_mit_campus_reality_offset_n_1500m_200m_0589,600,osm,mit_campus_reality,campus_compact,,1578,1545,2438010.0,1527.84,1494.97,2284081.73,0.9368631511318812,6303,7583,193508.97,0.0031103235835784,13.7504,5.9211,2.4062,8,0.0359,0.32,1,1.0,565,0.074509,565,0.08964,2759.27,867.98,1.2773,4.8861,0.3078,1.6091,0.602,0.0,0.9173,0.4304,yes,yes,partial,partial,no,PASS,,4112028224,PASS,MIT Campus (Reality Mining),batch_0600/wkt/map_0589,batch_0600/wkt/map_0589/roads.wkt,batch_0600/wkt/map_0589/metadata.json,previews/OSM_mit_campus_reality_offset_n_1500m_200m_0589.png,OK
OSM_mit_campus_reality_offset_n_1500m_200m_0707,800,osm,mit_campus_reality,campus_compact,,1578,1545,2438010.0,1527.84,1494.97,2284081.73,0.9368631511318812,6303,7583,193508.97,0.0031103235835784,13.7504,5.9211,2.4062,8,0.0359,0.32,1,1.0,565,0.074509,565,0.08964,2759.27,848.58,1.2506,4.8861,0.3078,1.6091,0.602,0.0,0.9173,0.4304,yes,yes,partial,partial,no,PASS,,2332035963,PASS,MIT Campus (Reality Mining),batch_0800/wkt/map_0707,batch_0800/wkt/map_0707/roads.wkt,batch_0800/wkt/map_0707/metadata.json,previews/OSM_mit_campus_reality_offset_n_1500m_200m_0707.png,OK
OSM_mit_campus_reality_offset_n_1500m_200m_0823,1000,osm,mit_campus_reality,campus_compact,,1578,1545,2438010.0,1527.84,1494.97,2284081.73,0.9368631511318812,6303,7583,193508.97,0.0031103235835784,13.7504,5.9211,2.4062,8,0.0359,0.32,1,1.0,565,0.074509,565,0.08964,2759.27,807.15,1.2475,4.8861,0.3078,1.6091,0.602,0.0,0.9173,0.4304,yes,yes,partial,partial,no,PASS,,2712739203,PASS,MIT Campus (Reality Mining),batch_1000/wkt/map_0823,batch_1000/wkt/map_0823/roads.wkt,batch_1000/wkt/map_0823/metadata.json,previews/OSM_mit_campus_reality_offset_n_1500m_200m_0823.png,OK
OSM_mit_campus_reality_offset_n_1500m_200m_0935,1000,osm,mit_campus_reality,campus_compact,,1578,1545,2438010.0,1527.84,1494.97,2284081.73,0.9368631511318812,6303,7583,193508.97,0.0031103235835784,13.7504,5.9211,2.4062,8,0.0359,0.32,1,1.0,565,0.074509,565,0.08964,2759.27,865.07,1.2991,4.8861,0.3078,1.6091,0.602,0.0,0.9173,0.4304,yes,yes,partial,partial,no,PASS,,2875288470,PASS,MIT Campus (Reality Mining),batch_1000/wkt/map_0935,batch_1000/wkt/map_0935/roads.wkt,batch_1000/wkt/map_0935/metadata.json,previews/OSM_mit_campus_reality_offset_n_1500m_200m_0935.png,OK
OSM_mit_campus_reality_offset_n_1500m_200m_1061,1200,osm,mit_campus_reality,campus_compact,,1578,1545,2438010.0,1527.84,1494.97,2284081.73,0.9368631511318812,6303,7583,193508.97,0.0031103235835784,13.7504,5.9211,2.4062,8,0.0359,0.32,1,1.0,565,0.074509,565,0.08964,2759.27,790.22,1.2603,4.8861,0.3078,1.6091,0.602,0.0,0.9173,0.4304,yes,yes,partial,partial,no,PASS,,3125566946,PASS,MIT Campus (Reality Mining),batch_1200/wkt/map_1061,batch_1200/wkt/map_1061/roads.wkt,batch_1200/wkt/map_1061/metadata.json,previews/OSM_mit_campus_reality_offset_n_1500m_200m_1061.png,OK
OSM_mit_campus_reality_offset_n_1500m_200m_1180,1200,osm,mit_campus_reality,campus_compact,,1578,1545,2438010.0,1527.84,1494.97,2284081.73,0.9368631511318812,6303,7583,193508.97,0.0031103235835784,13.7504,5.9211,2.4062,8,0.0359,0.32,1,1.0,565,0.074509,565,0.08964,2759.27,776.2,1.3072,4.8861,0.3078,1.6091,0.602,0.0,0.9173,0.4304,yes,yes,partial,partial,no,PASS,,3962493107,PASS,MIT Campus (Reality Mining),batch_1200/wkt/map_1180,batch_1200/wkt/map_1180/roads.wkt,batch_1200/wkt/map_1180/metadata.json,previews/OSM_mit_campus_reality_offset_n_1500m_200m_1180.png,OK
OSM_mit_campus_reality_offset_n_1500m_500m_0044,100,osm,mit_campus_reality,campus_compact,,1574,1544,2430256.0,1523.07,1493.74,2275065.13,0.9361421730620958,7011,8596,228194.48,0.0035370759294494,14.1306,5.7507,2.4521,8,0.0325,0.3495,1,1.0,610,0.070963,616,0.087862,2976.97,968.97,1.2561,4.9154,0.3426,1.2712,0.6118,0.0,0.9179,0.421,yes,yes,partial,partial,no,PASS,,2107801592,PASS,MIT Campus (Reality Mining),batch_0100/wkt/map_0044,batch_0100/wkt/map_0044/roads.wkt,batch_0100/wkt/map_0044/metadata.json,previews/OSM_mit_campus_reality_offset_n_1500m_500m_0044.png,OK
OSM_mit_campus_reality_offset_n_1500m_500m_0151,200,osm,mit_campus_reality,campus_compact,,1574,1544,2430256.0,1523.07,1493.74,2275065.13,0.9361421730620958,7011,8596,228194.48,0.0035370759294494,14.1306,5.7507,2.4521,8,0.0325,0.3495,1,1.0,610,0.070963,616,0.087862,2976.97,854.51,1.2568,4.9154,0.3426,1.2712,0.6118,0.0,0.9179,0.421,yes,yes,partial,partial,no,PASS,,3426136139,PASS,MIT Campus (Reality Mining),batch_0200/wkt/map_0151,batch_0200/wkt/map_0151/roads.wkt,batch_0200/wkt/map_0151/metadata.json,previews/OSM_mit_campus_reality_offset_n_1500m_500m_0151.png,OK
OSM_mit_campus_reality_offset_n_1500m_500m_0270,400,osm,mit_campus_reality,campus_compact,,1574,1544,2430256.0,1523.07,1493.74,2275065.13,0.9361421730620958,7011,8596,228194.48,0.0035370759294494,14.1306,5.7507,2.4521,8,0.0325,0.3495,1,1.0,610,0.070963,616,0.087862,2976.97,880.5,1.3015,4.9154,0.3426,1.2712,0.6118,0.0,0.9179,0.421,yes,yes,partial,partial,no,PASS,,2354278710,PASS,MIT Campus (Reality Mining),batch_0400/wkt/map_0270,batch_0400/wkt/map_0270/roads.wkt,batch_0400/wkt/map_0270/metadata.json,previews/OSM_mit_campus_reality_offset_n_1500m_500m_0270.png,OK
OSM_mit_campus_reality_offset_n_1500m_500m_0370,400,osm,mit_campus_reality,campus_compact,,1574,1544,2430256.0,1523.07,1493.74,2275065.13,0.9361421730620958,7011,8596,228194.48,0.0035370759294494,14.1306,5.7507,2.4521,8,0.0325,0.3495,1,1.0,610,0.070963,616,0.087862,2976.97,986.48,1.2785,4.9154,0.3426,1.2712,0.6118,0.0,0.9179,0.421,yes,yes,partial,partial,no,PASS,,2708362563,PASS,MIT Campus (Reality Mining),batch_0400/wkt/map_0370,batch_0400/wkt/map_0370/roads.wkt,batch_0400/wkt/map_0370/metadata.json,previews/OSM_mit_campus_reality_offset_n_1500m_500m_0370.png,OK
OSM_mit_campus_reality_offset_n_1500m_500m_0495,600,osm,mit_campus_reality,campus_compact,,1574,1544,2430256.0,1523.07,1493.74,2275065.13,0.9361421730620958,7011,8596,228194.48,0.0035370759294494,14.1306,5.7507,2.4521,8,0.0325,0.3495,1,1.0,610,0.070963,616,0.087862,2976.97,920.35,1.2736,4.9154,0.3426,1.2712,0.6118,0.0,0.9179,0.421,yes,yes,partial,partial,no,PASS,,1109778581,PASS,MIT Campus (Reality Mining),batch_0600/wkt/map_0495,batch_0600/wkt/map_0495/roads.wkt,batch_0600/wkt/map_0495/metadata.json,previews/OSM_mit_campus_reality_offset_n_1500m_500m_0495.png,OK
OSM_mit_campus_reality_offset_n_1500m_500m_0615,800,osm,mit_campus_reality,campus_compact,,1574,1544,2430256.0,1523.07,1493.74,2275065.13,0.9361421730620958,7011,8596,228194.48,0.0035370759294494,14.1306,5.7507,2.4521,8,0.0325,0.3495,1,1.0,610,0.070963,616,0.087862,2976.97,922.44,1.2752,4.9154,0.3426,1.2712,0.6118,0.0,0.9179,0.421,yes,yes,partial,partial,no,PASS,,4255305974,PASS,MIT Campus (Reality Mining),batch_0800/wkt/map_0615,batch_0800/wkt/map_0615/roads.wkt,batch_0800/wkt/map_0615/metadata.json,previews/OSM_mit_campus_reality_offset_n_1500m_500m_0615.png,OK
OSM_mit_campus_reality_offset_n_1500m_500m_0730,800,osm,mit_campus_reality,campus_compact,,1574,1544,2430256.0,1523.07,1493.74,2275065.13,0.9361421730620958,7011,8596,228194.48,0.0035370759294494,14.1306,5.7507,2.4521,8,0.0325,0.3495,1,1.0,610,0.070963,616,0.087862,2976.97,954.32,1.2787,4.9154,0.3426,1.2712,0.6118,0.0,0.9179,0.421,yes,yes,partial,partial,no,PASS,,1508134869,PASS,MIT Campus (Reality Mining),batch_0800/wkt/map_0730,batch_0800/wkt/map_0730/roads.wkt,batch_0800/wkt/map_0730/metadata.json,previews/OSM_mit_campus_reality_offset_n_1500m_500m_0730.png,OK
OSM_mit_campus_reality_offset_n_1500m_500m_0857,1000,osm,mit_campus_reality,campus_compact,,1574,1544,2430256.0,1523.07,1493.74,2275065.13,0.9361421730620958,7011,8596,228194.48,0.0035370759294494,14.1306,5.7507,2.4521,8,0.0325,0.3495,1,1.0,610,0.070963,616,0.087862,2976.97,870.09,1.2623,4.9154,0.3426,1.2712,0.6118,0.0,0.9179,0.421,yes,yes,partial,partial,no,PASS,,22344984,PASS,MIT Campus (Reality Mining),batch_1000/wkt/map_0857,batch_1000/wkt/map_0857/roads.wkt,batch_1000/wkt/map_0857/metadata.json,previews/OSM_mit_campus_reality_offset_n_1500m_500m_0857.png,OK
OSM_mit_campus_reality_offset_n_1500m_500m_0967,1000,osm,mit_campus_reality,campus_compact,,1574,1544,2430256.0,1523.07,1493.74,2275065.13,0.9361421730620958,7011,8596,228194.48,0.0035370759294494,14.1306,5.7507,2.4521,8,0.0325,0.3495,1,1.0,610,0.070963,616,0.087862,2976.97,918.06,1.2316,4.9154,0.3426,1.2712,0.6118,0.0,0.9179,0.421,yes,yes,partial,partial,no,PASS,,235782900,PASS,MIT Campus (Reality Mining),batch_1000/wkt/map_0967,batch_1000/wkt/map_0967/roads.wkt,batch_1000/wkt/map_0967/metadata.json,previews/OSM_mit_campus_reality_offset_n_1500m_500m_0967.png,OK
OSM_mit_campus_reality_offset_n_1500m_500m_1083,1200,osm,mit_campus_reality,campus_compact,,1574,1544,2430256.0,1523.07,1493.74,2275065.13,0.9361421730620958,7011,8596,228194.48,0.0035370759294494,14.1306,5.7507,2.4521,8,0.0325,0.3495,1,1.0,610,0.070963,616,0.087862,2976.97,886.26,1.3214,4.9154,0.3426,1.2712,0.6118,0.0,0.9179,0.421,yes,yes,partial,partial,no,PASS,,2982760518,PASS,MIT Campus (Reality Mining),batch_1200/wkt/map_1083,batch_1200/wkt/map_1083/roads.wkt,batch_1200/wkt/map_1083/metadata.json,previews/OSM_mit_campus_reality_offset_n_1500m_500m_1083.png,OK
OSM_nuuksio_sparse_trails_offset_e_2500m_1000m_0184,200,osm,nuuksio_sparse_trails,sparse_trails,,2403,2620,6295860.0,2352.76,2569.92,6046417.06,0.9603798463512982,887,900,39365.81,0.0001429510821396,21.8699,17.0983,2.0293,4,0.0361,0.0631,1,1.0,315,0.35,310,0.349493,5737.64,1862.26,1.6114,5.137,0.3211,1.5912,0.6358,0.0,0.9422,0.51,yes,yes,no,no,no,PASS,,2087141312,PASS,Nuuksio Sparse Trails,batch_0200/wkt/map_0184,batch_0200/wkt/map_0184/roads.wkt,batch_0200/wkt/map_0184/metadata.json,previews/OSM_nuuksio_sparse_trails_offset_e_2500m_1000m_0184.png,OK
OSM_nuuksio_sparse_trails_offset_e_2500m_1000m_0415,600,osm,nuuksio_sparse_trails,sparse_trails,,2403,2620,6295860.0,2352.76,2569.92,6046417.06,0.9603798463512982,887,900,39365.81,0.0001429510821396,21.8699,17.0983,2.0293,4,0.0361,0.0631,1,1.0,315,0.35,310,0.349493,5737.64,1981.76,1.6607,5.137,0.3211,1.5912,0.6358,0.0,0.9422,0.51,yes,yes,no,no,no,PASS,,422318510,PASS,Nuuksio Sparse Trails,batch_0600/wkt/map_0415,batch_0600/wkt/map_0415/roads.wkt,batch_0600/wkt/map_0415/metadata.json,previews/OSM_nuuksio_sparse_trails_offset_e_2500m_1000m_0415.png,OK
OSM_nuuksio_sparse_trails_offset_e_2500m_1000m_0648,800,osm,nuuksio_sparse_trails,sparse_trails,,2403,2620,6295860.0,2352.76,2569.92,6046417.06,0.9603798463512982,887,900,39365.81,0.0001429510821396,21.8699,17.0983,2.0293,4,0.0361,0.0631,1,1.0,315,0.35,310,0.349493,5737.64,1725.32,1.5403,5.137,0.3211,1.5912,0.6358,0.0,0.9422,0.51,yes,yes,no,no,no,PASS,,1300667066,PASS,Nuuksio Sparse Trails,batch_0800/wkt/map_0648,batch_0800/wkt/map_0648/roads.wkt,batch_0800/wkt/map_0648/metadata.json,previews/OSM_nuuksio_sparse_trails_offset_e_2500m_1000m_0648.png,OK
OSM_nuuksio_sparse_trails_offset_e_2500m_1000m_0887,1000,osm,nuuksio_sparse_trails,sparse_trails,,2403,2620,6295860.0,2352.76,2569.92,6046417.06,0.9603798463512982,887,900,39365.81,0.0001429510821396,21.8699,17.0983,2.0293,4,0.0361,0.0631,1,1.0,315,0.35,310,0.349493,5737.64,1878.51,1.6051,5.137,0.3211,1.5912,0.6358,0.0,0.9422,0.51,yes,yes,no,no,no,PASS,,202530077,PASS,Nuuksio Sparse Trails,batch_1000/wkt/map_0887,batch_1000/wkt/map_0887/roads.wkt,batch_1000/wkt/map_0887/metadata.json,previews/OSM_nuuksio_sparse_trails_offset_e_2500m_1000m_0887.png,OK
OSM_nuuksio_sparse_trails_offset_e_2500m_1000m_1113,1200,osm,nuuksio_sparse_trails,sparse_trails,,2403,2620,6295860.0,2352.76,2569.92,6046417.06,0.9603798463512982,887,900,39365.81,0.0001429510821396,21.8699,17.0983,2.0293,4,0.0361,0.0631,1,1.0,315,0.35,310,0.349493,5737.64,1754.66,1.6646,5.137,0.3211,1.5912,0.6358,0.0,0.9422,0.51,yes,yes,no,no,no,PASS,,1762356434,PASS,Nuuksio Sparse Trails,batch_1200/wkt/map_1113,batch_1200/wkt/map_1113/roads.wkt,batch_1200/wkt/map_1113/metadata.json,previews/OSM_nuuksio_sparse_trails_offset_e_2500m_1000m_1113.png,OK
OSM_nuuksio_sparse_trails_offset_e_2500m_1500m_0131,200,osm,nuuksio_sparse_trails,sparse_trails,,2494,2647,6601618.0,2443.56,2596.68,6345134.03,0.9611483167822586,1059,1082,44883.94,0.0001638992137987,20.7412,16.8904,2.0434,4,0.0378,0.0765,1,1.0,314,0.290203,306,0.288952,6991.47,2031.06,1.5603,5.1331,0.3447,2.5907,0.648,0.0,0.9445,0.5074,yes,yes,no,no,no,PASS,,2090293439,PASS,Nuuksio Sparse Trails,batch_0200/wkt/map_0131,batch_0200/wkt/map_0131/roads.wkt,batch_0200/wkt/map_0131/metadata.json,previews/OSM_nuuksio_sparse_trails_offset_e_2500m_1500m_0131.png,OK
OSM_nuuksio_sparse_trails_offset_e_2500m_1500m_0345,400,osm,nuuksio_sparse_trails,sparse_trails,,2494,2647,6601618.0,2443.56,2596.68,6345134.03,0.9611483167822586,1059,1082,44883.94,0.0001638992137987,20.7412,16.8904,2.0434,4,0.0378,0.0765,1,1.0,314,0.290203,306,0.288952,6991.47,1815.7,1.6309,5.1331,0.3447,2.5907,0.648,0.0,0.9445,0.5074,yes,yes,no,no,no,PASS,,1932736026,PASS,Nuuksio Sparse Trails,batch_0400/wkt/map_0345,batch_0400/wkt/map_0345/roads.wkt,batch_0400/wkt/map_0345/metadata.json,previews/OSM_nuuksio_sparse_trails_offset_e_2500m_1500m_0345.png,OK
OSM_nuuksio_sparse_trails_offset_e_2500m_1500m_0590,600,osm,nuuksio_sparse_trails,sparse_trails,,2494,2647,6601618.0,2443.56,2596.68,6345134.03,0.9611483167822586,1059,1082,44883.94,0.0001638992137987,20.7412,16.8904,2.0434,4,0.0378,0.0765,1,1.0,314,0.290203,306,0.288952,6991.47,1957.85,1.6814,5.1331,0.3447,2.5907,0.648,0.0,0.9445,0.5074,yes,yes,no,no,no,PASS,,1036912976,PASS,Nuuksio Sparse Trails,batch_0600/wkt/map_0590,batch_0600/wkt/map_0590/roads.wkt,batch_0600/wkt/map_0590/metadata.json,previews/OSM_nuuksio_sparse_trails_offset_e_2500m_1500m_0590.png,OK
OSM_nuuksio_sparse_trails_offset_e_2500m_1500m_0824,1000,osm,nuuksio_sparse_trails,sparse_trails,,2494,2647,6601618.0,2443.56,2596.68,6345134.03,0.9611483167822586,1059,1082,44883.94,0.0001638992137987,20.7412,16.8904,2.0434,4,0.0378,0.0765,1,1.0,314,0.290203,306,0.288952,6991.47,1839.65,1.7044,5.1331,0.3447,2.5907,0.648,0.0,0.9445,0.5074,yes,yes,no,no,no,PASS,,3975927058,PASS,Nuuksio Sparse Trails,batch_1000/wkt/map_0824,batch_1000/wkt/map_0824/roads.wkt,batch_1000/wkt/map_0824/metadata.json,previews/OSM_nuuksio_sparse_trails_offset_e_2500m_1500m_0824.png,OK
OSM_nuuksio_sparse_trails_offset_e_2500m_1500m_1062,1200,osm,nuuksio_sparse_trails,sparse_trails,,2494,2647,6601618.0,2443.56,2596.68,6345134.03,0.9611483167822586,1059,1082,44883.94,0.0001638992137987,20.7412,16.8904,2.0434,4,0.0378,0.0765,1,1.0,314,0.290203,306,0.288952,6991.47,2194.28,1.586,5.1331,0.3447,2.5907,0.648,0.0,0.9445,0.5074,yes,yes,no,no,no,PASS,,565348760,PASS,Nuuksio Sparse Trails,batch_1200/wkt/map_1062,batch_1200/wkt/map_1062/roads.wkt,batch_1200/wkt/map_1062/metadata.json,previews/OSM_nuuksio_sparse_trails_offset_e_2500m_1500m_1062.png,OK
OSM_nuuksio_sparse_trails_offset_e_2500m_200m_0076,100,osm,nuuksio_sparse_trails,sparse_trails,,2493,2496,6222528.0,2442.17,2445.4,5972080.6,0.9597515022251106,698,717,34604.76,0.0001152264802986,24.1316,19.4058,2.0544,5,0.0244,0.0702,1,1.0,276,0.384937,279,0.399713,8419.55,2031.18,1.6734,5.0998,0.3208,1.4836,0.5433,0.0,0.9372,0.4979,yes,yes,no,no,no,PASS,,430153443,PASS,Nuuksio Sparse Trails,batch_0100/wkt/map_0076,batch_0100/wkt/map_0076/roads.wkt,batch_0100/wkt/map_0076/metadata.json,previews/OSM_nuuksio_sparse_trails_offset_e_2500m_200m_0076.png,OK
OSM_nuuksio_sparse_trails_offset_e_2500m_200m_0300,400,osm,nuuksio_sparse_trails,sparse_trails,,2493,2496,6222528.0,2442.17,2445.4,5972080.6,0.9597515022251106,698,717,34604.76,0.0001152264802986,24.1316,19.4058,2.0544,5,0.0244,0.0702,1,1.0,276,0.384937,279,0.399713,8419.55,1767.44,1.4597,5.0998,0.3208,1.4836,0.5433,0.0,0.9372,0.4979,yes,yes,no,no,no,PASS,,481876885,PASS,Nuuksio Sparse Trails,batch_0400/wkt/map_0300,batch_0400/wkt/map_0300/roads.wkt,batch_0400/wkt/map_0300/metadata.json,previews/OSM_nuuksio_sparse_trails_offset_e_2500m_200m_0300.png,OK
OSM_nuuksio_sparse_trails_offset_e_2500m_200m_0520,600,osm,nuuksio_sparse_trails,sparse_trails,,2493,2496,6222528.0,2442.17,2445.4,5972080.6,0.9597515022251106,698,717,34604.76,0.0001152264802986,24.1316,19.4058,2.0544,5,0.0244,0.0702,1,1.0,276,0.384937,279,0.399713,8419.55,1869.22,1.6704,5.0998,0.3208,1.4836,0.5433,0.0,0.9372,0.4979,yes,yes,no,no,no,PASS,,4161596753,PASS,Nuuksio Sparse Trails,batch_0600/wkt/map_0520,batch_0600/wkt/map_0520/roads.wkt,batch_0600/wkt/map_0520/metadata.json,previews/OSM_nuuksio_sparse_trails_offset_e_2500m_200m_0520.png,OK
OSM_nuuksio_sparse_trails_offset_e_2500m_200m_0762,800,osm,nuuksio_sparse_trails,sparse_trails,,2493,2496,6222528.0,2442.17,2445.4,5972080.6,0.9597515022251106,698,717,34604.76,0.0001152264802986,24.1316,19.4058,2.0544,5,0.0244,0.0702,1,1.0,276,0.384937,279,0.399713,8419.55,2052.4,1.6066,5.0998,0.3208,1.4836,0.5433,0.0,0.9372,0.4979,yes,yes,no,no,no,PASS,,1172797648,PASS,Nuuksio Sparse Trails,batch_0800/wkt/map_0762,batch_0800/wkt/map_0762/roads.wkt,batch_0800/wkt/map_0762/metadata.json,previews/OSM_nuuksio_sparse_trails_offset_e_2500m_200m_0762.png,OK
OSM_nuuksio_sparse_trails_offset_e_2500m_200m_1000,1200,osm,nuuksio_sparse_trails,sparse_trails,,2493,2496,6222528.0,2442.17,2445.4,5972080.6,0.9597515022251106,698,717,34604.76,0.0001152264802986,24.1316,19.4058,2.0544,5,0.0244,0.0702,1,1.0,276,0.384937,279,0.399713,8419.55,1798.05,1.7096,5.0998,0.3208,1.4836,0.5433,0.0,0.9372,0.4979,yes,yes,no,no,no,PASS,,3401177901,PASS,Nuuksio Sparse Trails,batch_1200/wkt/map_1000,batch_1200/wkt/map_1000/roads.wkt,batch_1200/wkt/map_1000/metadata.json,previews/OSM_nuuksio_sparse_trails_offset_e_2500m_200m_1000.png,OK
OSM_nuuksio_sparse_trails_offset_e_2500m_500m_0018,100,osm,nuuksio_sparse_trails,sparse_trails,,2374,2292,5441208.0,2323.81,2241.6,5209047.02,0.9573328236344604,675,686,30951.72,0.0001260749451224,22.5596,17.6164,2.0326,4,0.0341,0.0607,1,1.0,383,0.558309,378,0.56,5055.19,1648.38,1.5778,5.1197,0.3294,1.8177,0.5522,0.0,0.9402,0.508,yes,yes,no,no,no,PASS,,3645067928,PASS,Nuuksio Sparse Trails,batch_0100/wkt/map_0018,batch_0100/wkt/map_0018/roads.wkt,batch_0100/wkt/map_0018/metadata.json,previews/OSM_nuuksio_sparse_trails_offset_e_2500m_500m_0018.png,OK
OSM_nuuksio_sparse_trails_offset_e_2500m_500m_0239,400,osm,nuuksio_sparse_trails,sparse_trails,,2374,2292,5441208.0,2323.81,2241.6,5209047.02,0.9573328236344604,675,686,30951.72,0.0001260749451224,22.5596,17.6164,2.0326,4,0.0341,0.0607,1,1.0,383,0.558309,378,0.56,5055.19,1866.27,1.5937,5.1197,0.3294,1.8177,0.5522,0.0,0.9402,0.508,yes,yes,no,no,no,PASS,,1758075130,PASS,Nuuksio Sparse Trails,batch_0400/wkt/map_0239,batch_0400/wkt/map_0239/roads.wkt,batch_0400/wkt/map_0239/metadata.json,previews/OSM_nuuksio_sparse_trails_offset_e_2500m_500m_0239.png,SKIPPED_EXISTING_OK
OSM_nuuksio_sparse_trails_offset_e_2500m_500m_0472,600,osm,nuuksio_sparse_trails,sparse_trails,,2374,2292,5441208.0,2323.81,2241.6,5209047.02,0.9573328236344604,675,686,30951.72,0.0001260749451224,22.5596,17.6164,2.0326,4,0.0341,0.0607,1,1.0,383,0.558309,378,0.56,5055.19,1641.59,1.6068,5.1197,0.3294,1.8177,0.5522,0.0,0.9402,0.508,yes,yes,no,no,no,PASS,,1706513001,PASS,Nuuksio Sparse Trails,batch_0600/wkt/map_0472,batch_0600/wkt/map_0472/roads.wkt,batch_0600/wkt/map_0472/metadata.json,previews/OSM_nuuksio_sparse_trails_offset_e_2500m_500m_0472.png,OK
OSM_nuuksio_sparse_trails_offset_e_2500m_500m_0708,800,osm,nuuksio_sparse_trails,sparse_trails,,2374,2292,5441208.0,2323.81,2241.6,5209047.02,0.9573328236344604,675,686,30951.72,0.0001260749451224,22.5596,17.6164,2.0326,4,0.0341,0.0607,1,1.0,383,0.558309,378,0.56,5055.19,1462.42,1.6151,5.1197,0.3294,1.8177,0.5522,0.0,0.9402,0.508,yes,yes,no,no,no,PASS,,1581919514,PASS,Nuuksio Sparse Trails,batch_0800/wkt/map_0708,batch_0800/wkt/map_0708/roads.wkt,batch_0800/wkt/map_0708/metadata.json,previews/OSM_nuuksio_sparse_trails_offset_e_2500m_500m_0708.png,OK
OSM_nuuksio_sparse_trails_offset_e_2500m_500m_0936,1000,osm,nuuksio_sparse_trails,sparse_trails,,2374,2292,5441208.0,2323.81,2241.6,5209047.02,0.9573328236344604,675,686,30951.72,0.0001260749451224,22.5596,17.6164,2.0326,4,0.0341,0.0607,1,1.0,383,0.558309,378,0.56,5055.19,1626.53,1.5485,5.1197,0.3294,1.8177,0.5522,0.0,0.9402,0.508,yes,yes,no,no,no,PASS,,1651412628,PASS,Nuuksio Sparse Trails,batch_1000/wkt/map_0936,batch_1000/wkt/map_0936/roads.wkt,batch_1000/wkt/map_0936/metadata.json,previews/OSM_nuuksio_sparse_trails_offset_e_2500m_500m_0936.png,OK
OSM_nuuksio_sparse_trails_offset_e_2500m_500m_1185,1200,osm,nuuksio_sparse_trails,sparse_trails,,2374,2292,5441208.0,2323.81,2241.6,5209047.02,0.9573328236344604,675,686,30951.72,0.0001260749451224,22.5596,17.6164,2.0326,4,0.0341,0.0607,1,1.0,383,0.558309,378,0.56,5055.19,1519.22,1.4717,5.1197,0.3294,1.8177,0.5522,0.0,0.9402,0.508,yes,yes,no,no,no,PASS,,2735391391,PASS,Nuuksio Sparse Trails,batch_1200/wkt/map_1185,batch_1200/wkt/map_1185/roads.wkt,batch_1200/wkt/map_1185/metadata.json,previews/OSM_nuuksio_sparse_trails_offset_e_2500m_500m_1185.png,OK
OSM_nuuksio_sparse_trails_offset_e_5000m_1000m_0045,100,osm,nuuksio_sparse_trails,sparse_trails,,5118,5078,25989204.0,5067.66,5027.71,25478740.36,0.9803586274271326,5670,5850,229268.88,0.0002250934657329,19.5956,15.4162,2.0635,5,0.0275,0.0841,1,1.0,1375,0.235043,1341,0.236508,16482.79,3892.79,1.6854,5.1461,0.3282,1.323,0.6348,0.0,0.9694,0.4979,yes,yes,no,no,no,PASS,,469533529,PASS,Nuuksio Sparse Trails,batch_0100/wkt/map_0045,batch_0100/wkt/map_0045/roads.wkt,batch_0100/wkt/map_0045/metadata.json,previews/OSM_nuuksio_sparse_trails_offset_e_5000m_1000m_0045.png,OK
OSM_nuuksio_sparse_trails_offset_e_5000m_1000m_0273,400,osm,nuuksio_sparse_trails,sparse_trails,,5118,5078,25989204.0,5067.66,5027.71,25478740.36,0.9803586274271326,5670,5850,229268.88,0.0002250934657329,19.5956,15.4162,2.0635,5,0.0275,0.0841,1,1.0,1375,0.235043,1341,0.236508,16482.79,3984.73,1.5648,5.1461,0.3282,1.323,0.6348,0.0,0.9694,0.4979,yes,yes,no,no,no,PASS,,3391432664,PASS,Nuuksio Sparse Trails,batch_0400/wkt/map_0273,batch_0400/wkt/map_0273/roads.wkt,batch_0400/wkt/map_0273/metadata.json,previews/OSM_nuuksio_sparse_trails_offset_e_5000m_1000m_0273.png,OK
OSM_nuuksio_sparse_trails_offset_e_5000m_1000m_0496,600,osm,nuuksio_sparse_trails,sparse_trails,,5118,5078,25989204.0,5067.66,5027.71,25478740.36,0.9803586274271326,5670,5850,229268.88,0.0002250934657329,19.5956,15.4162,2.0635,5,0.0275,0.0841,1,1.0,1375,0.235043,1341,0.236508,16482.79,3936.41,1.5196,5.1461,0.3282,1.323,0.6348,0.0,0.9694,0.4979,yes,yes,no,no,no,PASS,,751528149,PASS,Nuuksio Sparse Trails,batch_0600/wkt/map_0496,batch_0600/wkt/map_0496/roads.wkt,batch_0600/wkt/map_0496/metadata.json,previews/OSM_nuuksio_sparse_trails_offset_e_5000m_1000m_0496.png,OK
OSM_nuuksio_sparse_trails_offset_e_5000m_1000m_0731,800,osm,nuuksio_sparse_trails,sparse_trails,,5118,5078,25989204.0,5067.66,5027.71,25478740.36,0.9803586274271326,5670,5850,229268.88,0.0002250934657329,19.5956,15.4162,2.0635,5,0.0275,0.0841,1,1.0,1375,0.235043,1341,0.236508,16482.79,4361.28,1.4955,5.1461,0.3282,1.323,0.6348,0.0,0.9694,0.4979,yes,yes,no,no,no,PASS,,978582611,PASS,Nuuksio Sparse Trails,batch_0800/wkt/map_0731,batch_0800/wkt/map_0731/roads.wkt,batch_0800/wkt/map_0731/metadata.json,previews/OSM_nuuksio_sparse_trails_offset_e_5000m_1000m_0731.png,OK
OSM_nuuksio_sparse_trails_offset_e_5000m_1000m_0968,1000,osm,nuuksio_sparse_trails,sparse_trails,,5118,5078,25989204.0,5067.66,5027.71,25478740.36,0.9803586274271326,5670,5850,229268.88,0.0002250934657329,19.5956,15.4162,2.0635,5,0.0275,0.0841,1,1.0,1375,0.235043,1341,0.236508,16482.79,4047.28,1.604,5.1461,0.3282,1.323,0.6348,0.0,0.9694,0.4979,yes,yes,no,no,no,PASS,,3824633567,PASS,Nuuksio Sparse Trails,batch_1000/wkt/map_0968,batch_1000/wkt/map_0968/roads.wkt,batch_1000/wkt/map_0968/metadata.json,previews/OSM_nuuksio_sparse_trails_offset_e_5000m_1000m_0968.png,OK
OSM_nuuksio_sparse_trails_offset_e_5000m_1500m_0212,400,osm,nuuksio_sparse_trails,sparse_trails,,5159,5078,26197402.0,5108.26,5027.71,25682869.05,0.9803593900314151,6218,6428,248266.97,0.0002453678422005,19.3114,15.2626,2.0675,5,0.0249,0.086,1,1.0,1494,0.232421,1463,0.235285,16042.79,4339.84,1.5634,5.1364,0.3321,1.5585,0.649,0.0,0.9683,0.4956,yes,yes,no,no,no,PASS,,841240880,PASS,Nuuksio Sparse Trails,batch_0400/wkt/map_0212,batch_0400/wkt/map_0212/roads.wkt,batch_0400/wkt/map_0212/metadata.json,previews/OSM_nuuksio_sparse_trails_offset_e_5000m_1500m_0212.png,OK
OSM_nuuksio_sparse_trails_offset_e_5000m_1500m_0441,600,osm,nuuksio_sparse_trails,sparse_trails,,5159,5078,26197402.0,5108.26,5027.71,25682869.05,0.9803593900314151,6218,6428,248266.97,0.0002453678422005,19.3114,15.2626,2.0675,5,0.0249,0.086,1,1.0,1494,0.232421,1463,0.235285,16042.79,3984.87,1.7329,5.1364,0.3321,1.5585,0.649,0.0,0.9683,0.4956,yes,yes,no,no,no,PASS,,66506158,PASS,Nuuksio Sparse Trails,batch_0600/wkt/map_0441,batch_0600/wkt/map_0441/roads.wkt,batch_0600/wkt/map_0441/metadata.json,previews/OSM_nuuksio_sparse_trails_offset_e_5000m_1500m_0441.png,OK
OSM_nuuksio_sparse_trails_offset_e_5000m_1500m_0680,800,osm,nuuksio_sparse_trails,sparse_trails,,5159,5078,26197402.0,5108.26,5027.71,25682869.05,0.9803593900314151,6218,6428,248266.97,0.0002453678422005,19.3114,15.2626,2.0675,5,0.0249,0.086,1,1.0,1494,0.232421,1463,0.235285,16042.79,4254.99,1.6553,5.1364,0.3321,1.5585,0.649,0.0,0.9683,0.4956,yes,yes,no,no,no,PASS,,1523918531,PASS,Nuuksio Sparse Trails,batch_0800/wkt/map_0680,batch_0800/wkt/map_0680/roads.wkt,batch_0800/wkt/map_0680/metadata.json,previews/OSM_nuuksio_sparse_trails_offset_e_5000m_1500m_0680.png,OK
OSM_nuuksio_sparse_trails_offset_e_5000m_1500m_0910,1000,osm,nuuksio_sparse_trails,sparse_trails,,5159,5078,26197402.0,5108.26,5027.71,25682869.05,0.9803593900314151,6218,6428,248266.97,0.0002453678422005,19.3114,15.2626,2.0675,5,0.0249,0.086,1,1.0,1494,0.232421,1463,0.235285,16042.79,4116.34,1.5985,5.1364,0.3321,1.5585,0.649,0.0,0.9683,0.4956,yes,yes,no,no,no,PASS,,1625481755,PASS,Nuuksio Sparse Trails,batch_1000/wkt/map_0910,batch_1000/wkt/map_0910/roads.wkt,batch_1000/wkt/map_0910/metadata.json,previews/OSM_nuuksio_sparse_trails_offset_e_5000m_1500m_0910.png,OK
OSM_nuuksio_sparse_trails_offset_e_5000m_1500m_1152,1200,osm,nuuksio_sparse_trails,sparse_trails,,5159,5078,26197402.0,5108.26,5027.71,25682869.05,0.9803593900314151,6218,6428,248266.97,0.0002453678422005,19.3114,15.2626,2.0675,5,0.0249,0.086,1,1.0,1494,0.232421,1463,0.235285,16042.79,3910.35,1.6893,5.1364,0.3321,1.5585,0.649,0.0,0.9683,0.4956,yes,yes,no,no,no,PASS,,809207371,PASS,Nuuksio Sparse Trails,batch_1200/wkt/map_1152,batch_1200/wkt/map_1152/roads.wkt,batch_1200/wkt/map_1152/metadata.json,previews/OSM_nuuksio_sparse_trails_offset_e_5000m_1500m_1152.png,OK
OSM_nuuksio_sparse_trails_offset_e_5000m_200m_0152,200,osm,nuuksio_sparse_trails,sparse_trails,,5031,5133,25824123.0,4980.95,5082.75,25316915.56,0.9803591612611444,5181,5324,212974.21,0.00020616382597,20.0013,15.7846,2.0552,5,0.0272,0.0755,1,1.0,1271,0.23873,1239,0.239143,11873.09,3441.88,1.5845,5.1412,0.3214,1.3089,0.6364,0.0,0.9673,0.4997,yes,yes,no,no,no,PASS,,3865619774,PASS,Nuuksio Sparse Trails,batch_0200/wkt/map_0152,batch_0200/wkt/map_0152/roads.wkt,batch_0200/wkt/map_0152/metadata.json,previews/OSM_nuuksio_sparse_trails_offset_e_5000m_200m_0152.png,OK
OSM_nuuksio_sparse_trails_offset_e_5000m_200m_0373,400,osm,nuuksio_sparse_trails,sparse_trails,,5031,5133,25824123.0,4980.95,5082.75,25316915.56,0.9803591612611444,5181,5324,212974.21,0.00020616382597,20.0013,15.7846,2.0552,5,0.0272,0.0755,1,1.0,1271,0.23873,1239,0.239143,11873.09,3364.83,1.4596,5.1412,0.3214,1.3089,0.6364,0.0,0.9673,0.4997,yes,yes,no,no,no,PASS,,91492739,PASS,Nuuksio Sparse Trails,batch_0400/wkt/map_0373,batch_0400/wkt/map_0373/roads.wkt,batch_0400/wkt/map_0373/metadata.json,previews/OSM_nuuksio_sparse_trails_offset_e_5000m_200m_0373.png,OK
OSM_nuuksio_sparse_trails_offset_e_5000m_200m_0616,800,osm,nuuksio_sparse_trails,sparse_trails,,5031,5133,25824123.0,4980.95,5082.75,25316915.56,0.9803591612611444,5181,5324,212974.21,0.00020616382597,20.0013,15.7846,2.0552,5,0.0272,0.0755,1,1.0,1271,0.23873,1239,0.239143,11873.09,3923.8,1.4632,5.1412,0.3214,1.3089,0.6364,0.0,0.9673,0.4997,yes,yes,no,no,no,PASS,,3072122090,PASS,Nuuksio Sparse Trails,batch_0800/wkt/map_0616,batch_0800/wkt/map_0616/roads.wkt,batch_0800/wkt/map_0616/metadata.json,previews/OSM_nuuksio_sparse_trails_offset_e_5000m_200m_0616.png,OK
OSM_nuuksio_sparse_trails_offset_e_5000m_200m_0859,1000,osm,nuuksio_sparse_trails,sparse_trails,,5031,5133,25824123.0,4980.95,5082.75,25316915.56,0.9803591612611444,5181,5324,212974.21,0.00020616382597,20.0013,15.7846,2.0552,5,0.0272,0.0755,1,1.0,1271,0.23873,1239,0.239143,11873.09,3675.07,1.4358,5.1412,0.3214,1.3089,0.6364,0.0,0.9673,0.4997,yes,yes,no,no,no,PASS,,3890782538,PASS,Nuuksio Sparse Trails,batch_1000/wkt/map_0859,batch_1000/wkt/map_0859/roads.wkt,batch_1000/wkt/map_0859/metadata.json,previews/OSM_nuuksio_sparse_trails_offset_e_5000m_200m_0859.png,OK
OSM_nuuksio_sparse_trails_offset_e_5000m_200m_1085,1200,osm,nuuksio_sparse_trails,sparse_trails,,5031,5133,25824123.0,4980.95,5082.75,25316915.56,0.9803591612611444,5181,5324,212974.21,0.00020616382597,20.0013,15.7846,2.0552,5,0.0272,0.0755,1,1.0,1271,0.23873,1239,0.239143,11873.09,3675.15,1.3806,5.1412,0.3214,1.3089,0.6364,0.0,0.9673,0.4997,yes,yes,no,no,no,PASS,,3623051356,PASS,Nuuksio Sparse Trails,batch_1200/wkt/map_1085,batch_1200/wkt/map_1085/roads.wkt,batch_1200/wkt/map_1085/metadata.json,previews/OSM_nuuksio_sparse_trails_offset_e_5000m_200m_1085.png,OK
OSM_nuuksio_sparse_trails_offset_e_5000m_500m_0104,200,osm,nuuksio_sparse_trails,sparse_trails,,5137,5065,26018905.0,5086.04,5014.38,25503341.25,0.980185032763683,5183,5335,210881.97,0.0002050432176142,19.764,15.521,2.0587,5,0.027,0.0783,1,1.0,1330,0.249297,1306,0.251978,13529.27,3225.73,1.503,5.1456,0.3254,1.1327,0.6388,0.0,0.9679,0.4988,yes,yes,no,no,no,PASS,,865843057,PASS,Nuuksio Sparse Trails,batch_0200/wkt/map_0104,batch_0200/wkt/map_0104/roads.wkt,batch_0200/wkt/map_0104/metadata.json,previews/OSM_nuuksio_sparse_trails_offset_e_5000m_500m_0104.png,OK
OSM_nuuksio_sparse_trails_offset_e_5000m_500m_0322,400,osm,nuuksio_sparse_trails,sparse_trails,,5137,5065,26018905.0,5086.04,5014.38,25503341.25,0.980185032763683,5183,5335,210881.97,0.0002050432176142,19.764,15.521,2.0587,5,0.027,0.0783,1,1.0,1330,0.249297,1306,0.251978,13529.27,3910.88,1.5364,5.1456,0.3254,1.1327,0.6388,0.0,0.9679,0.4988,yes,yes,no,no,no,PASS,,2077181310,PASS,Nuuksio Sparse Trails,batch_0400/wkt/map_0322,batch_0400/wkt/map_0322/roads.wkt,batch_0400/wkt/map_0322/metadata.json,previews/OSM_nuuksio_sparse_trails_offset_e_5000m_500m_0322.png,OK
OSM_nuuksio_sparse_trails_offset_e_5000m_500m_0560,600,osm,nuuksio_sparse_trails,sparse_trails,,5137,5065,26018905.0,5086.04,5014.38,25503341.25,0.980185032763683,5183,5335,210881.97,0.0002050432176142,19.764,15.521,2.0587,5,0.027,0.0783,1,1.0,1330,0.249297,1306,0.251978,13529.27,3511.42,1.4776,5.1456,0.3254,1.1327,0.6388,0.0,0.9679,0.4988,yes,yes,no,no,no,PASS,,3780767814,PASS,Nuuksio Sparse Trails,batch_0600/wkt/map_0560,batch_0600/wkt/map_0560/roads.wkt,batch_0600/wkt/map_0560/metadata.json,previews/OSM_nuuksio_sparse_trails_offset_e_5000m_500m_0560.png,OK
OSM_nuuksio_sparse_trails_offset_e_5000m_500m_0791,800,osm,nuuksio_sparse_trails,sparse_trails,,5137,5065,26018905.0,5086.04,5014.38,25503341.25,0.980185032763683,5183,5335,210881.97,0.0002050432176142,19.764,15.521,2.0587,5,0.027,0.0783,1,1.0,1330,0.249297,1306,0.251978,13529.27,3802.35,1.4546,5.1456,0.3254,1.1327,0.6388,0.0,0.9679,0.4988,yes,yes,no,no,no,PASS,,3522760608,PASS,Nuuksio Sparse Trails,batch_0800/wkt/map_0791,batch_0800/wkt/map_0791/roads.wkt,batch_0800/wkt/map_0791/metadata.json,previews/OSM_nuuksio_sparse_trails_offset_e_5000m_500m_0791.png,OK
OSM_nuuksio_sparse_trails_offset_e_5000m_500m_1028,1200,osm,nuuksio_sparse_trails,sparse_trails,,5137,5065,26018905.0,5086.04,5014.38,25503341.25,0.980185032763683,5183,5335,210881.97,0.0002050432176142,19.764,15.521,2.0587,5,0.027,0.0783,1,1.0,1330,0.249297,1306,0.251978,13529.27,3655.47,1.4944,5.1456,0.3254,1.1327,0.6388,0.0,0.9679,0.4988,yes,yes,no,no,no,PASS,,2769976712,PASS,Nuuksio Sparse Trails,batch_1200/wkt/map_1028,batch_1200/wkt/map_1028/roads.wkt,batch_1200/wkt/map_1028/metadata.json,previews/OSM_nuuksio_sparse_trails_offset_e_5000m_500m_1028.png,OK
OSM_sf_cabspotting_downtown_offset_s_1000m_1000m_0374,400,osm,sf_cabspotting_downtown,dense_urban_irregular,,1043,1040,1084720.0,992.85,989.1,982022.13,0.9053231549899206,657,711,21463.02,0.0006554686923814,25.1913,14.2609,2.1644,4,0.032,0.1492,1,1.0,68,0.09564,69,0.105023,2285.56,664.03,1.6435,2.8205,0.0575,1.246,0.6364,0.0,0.8706,0.4761,yes,yes,partial,yes,no,PASS,,2202857423,PASS,San Francisco Downtown (Cabspotting),batch_0400/wkt/map_0374,batch_0400/wkt/map_0374/roads.wkt,batch_0400/wkt/map_0374/metadata.json,previews/OSM_sf_cabspotting_downtown_offset_s_1000m_1000m_0374.png,OK
OSM_sf_cabspotting_downtown_offset_s_1000m_1000m_0860,1000,osm,sf_cabspotting_downtown,dense_urban_irregular,,1043,1040,1084720.0,992.85,989.1,982022.13,0.9053231549899206,657,711,21463.02,0.0006554686923814,25.1913,14.2609,2.1644,4,0.032,0.1492,1,1.0,68,0.09564,69,0.105023,2285.56,670.58,1.5631,2.8205,0.0575,1.246,0.6364,0.0,0.8706,0.4761,yes,yes,partial,yes,no,PASS,,2796509466,PASS,San Francisco Downtown (Cabspotting),batch_1000/wkt/map_0860,batch_1000/wkt/map_0860/roads.wkt,batch_1000/wkt/map_0860/metadata.json,previews/OSM_sf_cabspotting_downtown_offset_s_1000m_1000m_0860.png,OK
OSM_sf_cabspotting_downtown_offset_s_1000m_1500m_0275,400,osm,sf_cabspotting_downtown,dense_urban_irregular,,1043,1047,1092021.0,992.47,996.4,988898.71,0.9055674873596874,1025,1085,26994.1,0.0009935706364621,19.1583,11.5279,2.1171,6,0.0185,0.0976,1,1.0,65,0.059908,64,0.062439,3105.93,916.3,3.3242,4.5847,0.3726,1.2748,0.617,0.0,0.9088,0.4806,yes,yes,partial,yes,no,PASS,,2053388741,PASS,San Francisco Downtown (Cabspotting),batch_0400/wkt/map_0275,batch_0400/wkt/map_0275/roads.wkt,batch_0400/wkt/map_0275/metadata.json,previews/OSM_sf_cabspotting_downtown_offset_s_1000m_1500m_0275.png,OK
OSM_sf_cabspotting_downtown_offset_s_1000m_1500m_0732,800,osm,sf_cabspotting_downtown,dense_urban_irregular,,1043,1047,1092021.0,992.47,996.4,988898.71,0.9055674873596874,1025,1085,26994.1,0.0009935706364621,19.1583,11.5279,2.1171,6,0.0185,0.0976,1,1.0,65,0.059908,64,0.062439,3105.93,794.31,2.2777,4.5847,0.3726,1.2748,0.617,0.0,0.9088,0.4806,yes,yes,partial,yes,no,PASS,,3201691259,PASS,San Francisco Downtown (Cabspotting),batch_0800/wkt/map_0732,batch_0800/wkt/map_0732/roads.wkt,batch_0800/wkt/map_0732/metadata.json,previews/OSM_sf_cabspotting_downtown_offset_s_1000m_1500m_0732.png,OK
OSM_sf_cabspotting_downtown_offset_s_1000m_200m_0153,200,osm,sf_cabspotting_downtown,dense_urban_irregular,,1029,1044,1074276.0,978.28,993.4,971822.55,0.9046302350120063,517,556,17033.11,0.0005175578715339,23.0489,10.5058,2.1509,4,0.0077,0.1064,1,1.0,10,0.017986,10,0.019342,2035.18,642.11,1.2889,3.0576,0.4858,1.2658,0.5992,0.0,0.8525,0.4676,yes,yes,partial,yes,no,PASS,,3051124193,PASS,San Francisco Downtown (Cabspotting),batch_0200/wkt/map_0153,batch_0200/wkt/map_0153/roads.wkt,batch_0200/wkt/map_0153/metadata.json,previews/OSM_sf_cabspotting_downtown_offset_s_1000m_200m_0153.png,OK
OSM_sf_cabspotting_downtown_offset_s_1000m_200m_0617,800,osm,sf_cabspotting_downtown,dense_urban_irregular,,1029,1044,1074276.0,978.28,993.4,971822.55,0.9046302350120063,517,556,17033.11,0.0005175578715339,23.0489,10.5058,2.1509,4,0.0077,0.1064,1,1.0,10,0.017986,10,0.019342,2035.18,626.69,1.2964,3.0576,0.4858,1.2658,0.5992,0.0,0.8525,0.4676,yes,yes,partial,yes,no,PASS,,3254089589,PASS,San Francisco Downtown (Cabspotting),batch_0800/wkt/map_0617,batch_0800/wkt/map_0617/roads.wkt,batch_0800/wkt/map_0617/metadata.json,previews/OSM_sf_cabspotting_downtown_offset_s_1000m_200m_0617.png,OK
OSM_sf_cabspotting_downtown_offset_s_1000m_200m_1086,1200,osm,sf_cabspotting_downtown,dense_urban_irregular,,1029,1044,1074276.0,978.28,993.4,971822.55,0.9046302350120063,517,556,17033.11,0.0005175578715339,23.0489,10.5058,2.1509,4,0.0077,0.1064,1,1.0,10,0.017986,10,0.019342,2035.18,604.26,1.3058,3.0576,0.4858,1.2658,0.5992,0.0,0.8525,0.4676,yes,yes,partial,yes,no,PASS,,3243635634,PASS,San Francisco Downtown (Cabspotting),batch_1200/wkt/map_1086,batch_1200/wkt/map_1086/roads.wkt,batch_1200/wkt/map_1086/metadata.json,previews/OSM_sf_cabspotting_downtown_offset_s_1000m_200m_1086.png,OK
OSM_sf_cabspotting_downtown_offset_s_1000m_500m_0046,100,osm,sf_cabspotting_downtown,dense_urban_irregular,,1029,1012,1041348.0,978.28,961.9,941005.85,0.9036420552683556,539,581,19119.65,0.0005579306821542,23.9895,11.7266,2.1558,4,0.0167,0.1224,1,1.0,45,0.077453,44,0.081633,2094.0,642.47,1.2955,2.8457,0.2296,1.2088,0.6316,0.0,0.8554,0.4707,yes,yes,partial,yes,no,PASS,,2908221868,PASS,San Francisco Downtown (Cabspotting),batch_0100/wkt/map_0046,batch_0100/wkt/map_0046/roads.wkt,batch_0100/wkt/map_0046/metadata.json,previews/OSM_sf_cabspotting_downtown_offset_s_1000m_500m_0046.png,OK
OSM_sf_cabspotting_downtown_offset_s_1000m_500m_0497,600,osm,sf_cabspotting_downtown,dense_urban_irregular,,1029,1012,1041348.0,978.28,961.9,941005.85,0.9036420552683556,539,581,19119.65,0.0005579306821542,23.9895,11.7266,2.1558,4,0.0167,0.1224,1,1.0,45,0.077453,44,0.081633,2094.0,600.05,1.2813,2.8457,0.2296,1.2088,0.6316,0.0,0.8554,0.4707,yes,yes,partial,yes,no,PASS,,3271878243,PASS,San Francisco Downtown (Cabspotting),batch_0600/wkt/map_0497,batch_0600/wkt/map_0497/roads.wkt,batch_0600/wkt/map_0497/metadata.json,previews/OSM_sf_cabspotting_downtown_offset_s_1000m_500m_0497.png,OK
OSM_sf_cabspotting_downtown_offset_s_1000m_500m_0969,1000,osm,sf_cabspotting_downtown,dense_urban_irregular,,1029,1012,1041348.0,978.28,961.9,941005.85,0.9036420552683556,539,581,19119.65,0.0005579306821542,23.9895,11.7266,2.1558,4,0.0167,0.1224,1,1.0,45,0.077453,44,0.081633,2094.0,628.6,1.29,2.8457,0.2296,1.2088,0.6316,0.0,0.8554,0.4707,yes,yes,partial,yes,no,PASS,,1035188952,PASS,San Francisco Downtown (Cabspotting),batch_1000/wkt/map_0969,batch_1000/wkt/map_0969/roads.wkt,batch_1000/wkt/map_0969/metadata.json,previews/OSM_sf_cabspotting_downtown_offset_s_1000m_500m_0969.png,OK
OSM_sf_cabspotting_downtown_offset_s_1500m_1000m_0240,400,osm,sf_cabspotting_downtown,dense_urban_irregular,,1584,1594,2524896.0,1533.01,1543.44,2366111.67,0.9371125261077692,1778,1921,54882.57,0.0007608234160931,21.7961,12.0327,2.1609,5,0.0208,0.1367,1,1.0,208,0.108277,208,0.116985,4084.57,1010.83,1.4894,3.9523,0.1942,1.3928,0.6421,0.0,0.9063,0.4721,yes,yes,partial,yes,no,PASS,,755623761,PASS,San Francisco Downtown (Cabspotting),batch_0400/wkt/map_0240,batch_0400/wkt/map_0240/roads.wkt,batch_0400/wkt/map_0240/metadata.json,previews/OSM_sf_cabspotting_downtown_offset_s_1500m_1000m_0240.png,OK
OSM_sf_cabspotting_downtown_offset_s_1500m_1000m_0709,800,osm,sf_cabspotting_downtown,dense_urban_irregular,,1584,1594,2524896.0,1533.01,1543.44,2366111.67,0.9371125261077692,1778,1921,54882.57,0.0007608234160931,21.7961,12.0327,2.1609,5,0.0208,0.1367,1,1.0,208,0.108277,208,0.116985,4084.57,1144.63,1.4518,3.9523,0.1942,1.3928,0.6421,0.0,0.9063,0.4721,yes,yes,partial,yes,no,PASS,,3168352238,PASS,San Francisco Downtown (Cabspotting),batch_0800/wkt/map_0709,batch_0800/wkt/map_0709/roads.wkt,batch_0800/wkt/map_0709/metadata.json,previews/OSM_sf_cabspotting_downtown_offset_s_1500m_1000m_0709.png,OK
OSM_sf_cabspotting_downtown_offset_s_1500m_1000m_1187,1200,osm,sf_cabspotting_downtown,dense_urban_irregular,,1584,1594,2524896.0,1533.01,1543.44,2366111.67,0.9371125261077692,1778,1921,54882.57,0.0007608234160931,21.7961,12.0327,2.1609,5,0.0208,0.1367,1,1.0,208,0.108277,208,0.116985,4084.57,1067.97,1.3848,3.9523,0.1942,1.3928,0.6421,0.0,0.9063,0.4721,yes,yes,partial,yes,no,PASS,,600478384,PASS,San Francisco Downtown (Cabspotting),batch_1200/wkt/map_1187,batch_1200/wkt/map_1187/roads.wkt,batch_1200/wkt/map_1187/metadata.json,previews/OSM_sf_cabspotting_downtown_offset_s_1500m_1000m_1187.png,OK
OSM_sf_cabspotting_downtown_offset_s_1500m_1500m_0133,200,osm,sf_cabspotting_downtown,dense_urban_irregular,,1584,1526,2417184.0,1533.41,1475.35,2262312.43,0.9359289269875476,2069,2220,62795.81,0.0009184240835616,20.7796,11.7195,2.146,6,0.0169,0.1208,1,1.0,109,0.049099,107,0.051716,2973.19,1036.09,1.6472,4.4191,0.4385,1.4027,0.6046,0.0,0.9189,0.4736,yes,yes,partial,yes,no,PASS,,3665848826,PASS,San Francisco Downtown (Cabspotting),batch_0200/wkt/map_0133,batch_0200/wkt/map_0133/roads.wkt,batch_0200/wkt/map_0133/metadata.json,previews/OSM_sf_cabspotting_downtown_offset_s_1500m_1500m_0133.png,OK
OSM_sf_cabspotting_downtown_offset_s_1500m_1500m_0591,600,osm,sf_cabspotting_downtown,dense_urban_irregular,,1584,1526,2417184.0,1533.41,1475.35,2262312.43,0.9359289269875476,2069,2220,62795.81,0.0009184240835616,20.7796,11.7195,2.146,6,0.0169,0.1208,1,1.0,109,0.049099,107,0.051716,2973.19,1101.98,3.9027,4.4191,0.4385,1.4027,0.6046,0.0,0.9189,0.4736,yes,yes,partial,yes,no,PASS,,1598819839,PASS,San Francisco Downtown (Cabspotting),batch_0600/wkt/map_0591,batch_0600/wkt/map_0591/roads.wkt,batch_0600/wkt/map_0591/metadata.json,previews/OSM_sf_cabspotting_downtown_offset_s_1500m_1500m_0591.png,OK
OSM_sf_cabspotting_downtown_offset_s_1500m_1500m_1064,1200,osm,sf_cabspotting_downtown,dense_urban_irregular,,1584,1526,2417184.0,1533.41,1475.35,2262312.43,0.9359289269875476,2069,2220,62795.81,0.0009184240835616,20.7796,11.7195,2.146,6,0.0169,0.1208,1,1.0,109,0.049099,107,0.051716,2973.19,1032.54,1.5031,4.4191,0.4385,1.4027,0.6046,0.0,0.9189,0.4736,yes,yes,partial,yes,no,PASS,,735611883,PASS,San Francisco Downtown (Cabspotting),batch_1200/wkt/map_1064,batch_1200/wkt/map_1064/roads.wkt,batch_1200/wkt/map_1064/metadata.json,previews/OSM_sf_cabspotting_downtown_offset_s_1500m_1500m_1064.png,OK
OSM_sf_cabspotting_downtown_offset_s_1500m_200m_0020,100,osm,sf_cabspotting_downtown,dense_urban_irregular,,1547,1536,2376192.0,1496.62,1485.82,2223716.13,0.935831841336407,1299,1411,41954.93,0.0005938072344322,23.5967,11.4528,2.1724,6,0.0131,0.1193,1,1.0,80,0.056697,81,0.062356,3774.36,998.52,1.2827,3.0901,0.4961,1.2782,0.6145,0.0,0.8831,0.466,yes,yes,partial,yes,no,PASS,,863460317,PASS,San Francisco Downtown (Cabspotting),batch_0100/wkt/map_0020,batch_0100/wkt/map_0020/roads.wkt,batch_0100/wkt/map_0020/metadata.json,previews/OSM_sf_cabspotting_downtown_offset_s_1500m_200m_0020.png,OK
OSM_sf_cabspotting_downtown_offset_s_1500m_200m_0473,600,osm,sf_cabspotting_downtown,dense_urban_irregular,,1547,1536,2376192.0,1496.62,1485.82,2223716.13,0.935831841336407,1299,1411,41954.93,0.0005938072344322,23.5967,11.4528,2.1724,6,0.0131,0.1193,1,1.0,80,0.056697,81,0.062356,3774.36,948.34,1.3034,3.0901,0.4961,1.2782,0.6145,0.0,0.8831,0.466,yes,yes,partial,yes,no,PASS,,2335190138,PASS,San Francisco Downtown (Cabspotting),batch_0600/wkt/map_0473,batch_0600/wkt/map_0473/roads.wkt,batch_0600/wkt/map_0473/metadata.json,previews/OSM_sf_cabspotting_downtown_offset_s_1500m_200m_0473.png,OK
OSM_sf_cabspotting_downtown_offset_s_1500m_200m_0940,1000,osm,sf_cabspotting_downtown,dense_urban_irregular,,1547,1536,2376192.0,1496.62,1485.82,2223716.13,0.935831841336407,1299,1411,41954.93,0.0005938072344322,23.5967,11.4528,2.1724,6,0.0131,0.1193,1,1.0,80,0.056697,81,0.062356,3774.36,1002.91,1.2586,3.0901,0.4961,1.2782,0.6145,0.0,0.8831,0.466,yes,yes,partial,yes,no,PASS,,81133374,PASS,San Francisco Downtown (Cabspotting),batch_1000/wkt/map_0940,batch_1000/wkt/map_0940/roads.wkt,batch_1000/wkt/map_0940/metadata.json,previews/OSM_sf_cabspotting_downtown_offset_s_1500m_200m_0940.png,OK
OSM_sf_cabspotting_downtown_offset_s_1500m_500m_0351,400,osm,sf_cabspotting_downtown,dense_urban_irregular,,1534,1536,2356224.0,1483.31,1485.82,2203934.25,0.9353670330483254,1266,1378,43104.77,0.000584834039548,24.2162,12.0187,2.1769,5,0.0166,0.1367,1,1.0,65,0.04717,64,0.050553,3100.36,1072.23,1.2744,3.0939,0.3112,1.0821,0.6202,0.0,0.881,0.4666,yes,yes,partial,yes,no,PASS,,3515620298,PASS,San Francisco Downtown (Cabspotting),batch_0400/wkt/map_0351,batch_0400/wkt/map_0351/roads.wkt,batch_0400/wkt/map_0351/metadata.json,previews/OSM_sf_cabspotting_downtown_offset_s_1500m_500m_0351.png,OK
OSM_sf_cabspotting_downtown_offset_s_1500m_500m_0826,1000,osm,sf_cabspotting_downtown,dense_urban_irregular,,1534,1536,2356224.0,1483.31,1485.82,2203934.25,0.9353670330483254,1266,1378,43104.77,0.000584834039548,24.2162,12.0187,2.1769,5,0.0166,0.1367,1,1.0,65,0.04717,64,0.050553,3100.36,984.77,1.2447,3.0939,0.3112,1.0821,0.6202,0.0,0.881,0.4666,yes,yes,partial,yes,no,PASS,,4174089552,PASS,San Francisco Downtown (Cabspotting),batch_1000/wkt/map_0826,batch_1000/wkt/map_0826/roads.wkt,batch_1000/wkt/map_0826/metadata.json,previews/OSM_sf_cabspotting_downtown_offset_s_1500m_500m_0826.png,OK
OSM_sf_cabspotting_downtown_offset_s_2500m_1000m_0105,200,osm,sf_cabspotting_downtown,dense_urban_irregular,,2565,2553,6548445.0,2514.01,2502.29,6290788.24,0.960653749454763,4983,5447,164167.27,0.0008318005266899,22.5103,11.7848,2.1862,6,0.0102,0.1349,1,1.0,199,0.036534,201,0.040337,6312.43,1575.84,1.2402,4.163,0.4909,1.086,0.6289,0.0,0.9256,0.462,yes,yes,partial,yes,no,PASS,,201999677,PASS,San Francisco Downtown (Cabspotting),batch_0200/wkt/map_0105,batch_0200/wkt/map_0105/roads.wkt,batch_0200/wkt/map_0105/metadata.json,previews/OSM_sf_cabspotting_downtown_offset_s_2500m_1000m_0105.png,OK
OSM_sf_cabspotting_downtown_offset_s_2500m_1000m_0561,600,osm,sf_cabspotting_downtown,dense_urban_irregular,,2565,2553,6548445.0,2514.01,2502.29,6290788.24,0.960653749454763,4983,5447,164167.27,0.0008318005266899,22.5103,11.7848,2.1862,6,0.0102,0.1349,1,1.0,199,0.036534,201,0.040337,6312.43,1509.08,1.3615,4.163,0.4909,1.086,0.6289,0.0,0.9256,0.462,yes,yes,partial,yes,no,PASS,,2465212687,PASS,San Francisco Downtown (Cabspotting),batch_0600/wkt/map_0561,batch_0600/wkt/map_0561/roads.wkt,batch_0600/wkt/map_0561/metadata.json,previews/OSM_sf_cabspotting_downtown_offset_s_2500m_1000m_0561.png,OK
OSM_sf_cabspotting_downtown_offset_s_2500m_1000m_1030,1200,osm,sf_cabspotting_downtown,dense_urban_irregular,,2565,2553,6548445.0,2514.01,2502.29,6290788.24,0.960653749454763,4983,5447,164167.27,0.0008318005266899,22.5103,11.7848,2.1862,6,0.0102,0.1349,1,1.0,199,0.036534,201,0.040337,6312.43,1622.84,1.3031,4.163,0.4909,1.086,0.6289,0.0,0.9256,0.462,yes,yes,partial,yes,no,PASS,,2502043307,PASS,San Francisco Downtown (Cabspotting),batch_1200/wkt/map_1030,batch_1200/wkt/map_1030/roads.wkt,batch_1200/wkt/map_1030/metadata.json,previews/OSM_sf_cabspotting_downtown_offset_s_2500m_1000m_1030.png,OK
OSM_sf_cabspotting_downtown_offset_s_2500m_1500m_0443,600,osm,sf_cabspotting_downtown,dense_urban_irregular,,2565,2546,6530490.0,2514.01,2495.17,6272897.99,0.9605554846167008,4962,5423,179778.06,0.0008304124192824,23.1732,11.5829,2.1858,6,0.0097,0.1336,1,1.0,182,0.033561,185,0.037283,6939.01,1534.98,1.3367,4.1003,0.5547,1.1621,0.5907,0.0,0.9266,0.4618,yes,yes,partial,yes,no,PASS,,536724285,PASS,San Francisco Downtown (Cabspotting),batch_0600/wkt/map_0443,batch_0600/wkt/map_0443/roads.wkt,batch_0600/wkt/map_0443/metadata.json,previews/OSM_sf_cabspotting_downtown_offset_s_2500m_1500m_0443.png,OK
OSM_sf_cabspotting_downtown_offset_s_2500m_1500m_0911,1000,osm,sf_cabspotting_downtown,dense_urban_irregular,,2565,2546,6530490.0,2514.01,2495.17,6272897.99,0.9605554846167008,4962,5423,179778.06,0.0008304124192824,23.1732,11.5829,2.1858,6,0.0097,0.1336,1,1.0,182,0.033561,185,0.037283,6939.01,1494.1,1.2846,4.1003,0.5547,1.1621,0.5907,0.0,0.9266,0.4618,yes,yes,partial,yes,no,PASS,,3684713466,PASS,San Francisco Downtown (Cabspotting),batch_1000/wkt/map_0911,batch_1000/wkt/map_0911/roads.wkt,batch_1000/wkt/map_0911/metadata.json,previews/OSM_sf_cabspotting_downtown_offset_s_2500m_1500m_0911.png,OK
OSM_sf_cabspotting_downtown_offset_s_2500m_200m_0323,400,osm,sf_cabspotting_downtown,dense_urban_irregular,,2557,2541,6497337.0,2506.69,2490.53,6242991.61,0.9608539019890956,4366,4844,145362.27,0.0007455362096809,23.8299,11.5942,2.219,6,0.0119,0.1445,1,1.0,158,0.032618,158,0.036189,6511.6,1646.94,1.3126,3.1883,0.5556,1.2713,0.6472,0.0,0.9123,0.4559,yes,yes,partial,yes,no,PASS,,3939538278,PASS,San Francisco Downtown (Cabspotting),batch_0400/wkt/map_0323,batch_0400/wkt/map_0323/roads.wkt,batch_0400/wkt/map_0323/metadata.json,previews/OSM_sf_cabspotting_downtown_offset_s_2500m_200m_0323.png,OK
OSM_sf_cabspotting_downtown_offset_s_2500m_200m_0792,800,osm,sf_cabspotting_downtown,dense_urban_irregular,,2557,2541,6497337.0,2506.69,2490.53,6242991.61,0.9608539019890956,4366,4844,145362.27,0.0007455362096809,23.8299,11.5942,2.219,6,0.0119,0.1445,1,1.0,158,0.032618,158,0.036189,6511.6,1440.09,1.2436,3.1883,0.5556,1.2713,0.6472,0.0,0.9123,0.4559,yes,yes,partial,yes,no,PASS,,2911980004,PASS,San Francisco Downtown (Cabspotting),batch_0800/wkt/map_0792,batch_0800/wkt/map_0792/roads.wkt,batch_0800/wkt/map_0792/metadata.json,previews/OSM_sf_cabspotting_downtown_offset_s_2500m_200m_0792.png,OK
OSM_sf_cabspotting_downtown_offset_s_2500m_500m_0213,400,osm,sf_cabspotting_downtown,dense_urban_irregular,,2560,2590,6630400.0,2509.73,2539.52,6373491.85,0.9612529942855348,4825,5313,151297.5,0.0008013091216216,22.6425,11.7266,2.2023,6,0.011,0.1397,1,1.0,222,0.041784,222,0.04601,6199.13,1648.69,1.2285,3.8536,0.4596,1.2332,0.6423,0.0,0.9223,0.459,yes,yes,partial,yes,no,PASS,,2420946479,PASS,San Francisco Downtown (Cabspotting),batch_0400/wkt/map_0213,batch_0400/wkt/map_0213/roads.wkt,batch_0400/wkt/map_0213/metadata.json,previews/OSM_sf_cabspotting_downtown_offset_s_2500m_500m_0213.png,OK
OSM_sf_cabspotting_downtown_offset_s_2500m_500m_0681,800,osm,sf_cabspotting_downtown,dense_urban_irregular,,2560,2590,6630400.0,2509.73,2539.52,6373491.85,0.9612529942855348,4825,5313,151297.5,0.0008013091216216,22.6425,11.7266,2.2023,6,0.011,0.1397,1,1.0,222,0.041784,222,0.04601,6199.13,1585.54,1.227,3.8536,0.4596,1.2332,0.6423,0.0,0.9223,0.459,yes,yes,partial,yes,no,PASS,,3148635064,PASS,San Francisco Downtown (Cabspotting),batch_0800/wkt/map_0681,batch_0800/wkt/map_0681/roads.wkt,batch_0800/wkt/map_0681/metadata.json,previews/OSM_sf_cabspotting_downtown_offset_s_2500m_500m_0681.png,OK
OSM_sf_cabspotting_downtown_offset_s_2500m_500m_1153,1200,osm,sf_cabspotting_downtown,dense_urban_irregular,,2560,2590,6630400.0,2509.73,2539.52,6373491.85,0.9612529942855348,4825,5313,151297.5,0.0008013091216216,22.6425,11.7266,2.2023,6,0.011,0.1397,1,1.0,222,0.041784,222,0.04601,6199.13,1617.93,1.2311,3.8536,0.4596,1.2332,0.6423,0.0,0.9223,0.459,yes,yes,partial,yes,no,PASS,,1291417102,PASS,San Francisco Downtown (Cabspotting),batch_1200/wkt/map_1153,batch_1200/wkt/map_1153/roads.wkt,batch_1200/wkt/map_1153/metadata.json,previews/OSM_sf_cabspotting_downtown_offset_s_2500m_500m_1153.png,OK
OSM_sf_cabspotting_downtown_offset_s_500m_1000m_0077,100,osm,sf_cabspotting_downtown,dense_urban_irregular,,520,533,277160.0,469.13,482.91,226549.88,0.8173974423974126,112,118,3968.94,0.0004257468610189,28.7604,13.9287,2.1071,4,0.0982,0.1696,1,1.0,44,0.372881,41,0.366071,1535.58,336.84,1.5273,1.7518,0.0,1.4112,0.6216,0.0,0.7797,0.5165,yes,yes,partial,yes,no,PASS,,1342333056,PASS,San Francisco Downtown (Cabspotting),batch_0100/wkt/map_0077,batch_0100/wkt/map_0077/roads.wkt,batch_0100/wkt/map_0077/metadata.json,previews/OSM_sf_cabspotting_downtown_offset_s_500m_1000m_0077.png,OK
OSM_sf_cabspotting_downtown_offset_s_500m_1000m_0525,600,osm,sf_cabspotting_downtown,dense_urban_irregular,,520,533,277160.0,469.13,482.91,226549.88,0.8173974423974126,112,118,3968.94,0.0004257468610189,28.7604,13.9287,2.1071,4,0.0982,0.1696,1,1.0,44,0.372881,41,0.366071,1535.58,366.33,1.5132,1.7518,0.0,1.4112,0.6216,0.0,0.7797,0.5165,yes,yes,partial,yes,no,PASS,,1278901311,PASS,San Francisco Downtown (Cabspotting),batch_0600/wkt/map_0525,batch_0600/wkt/map_0525/roads.wkt,batch_0600/wkt/map_0525/metadata.json,previews/OSM_sf_cabspotting_downtown_offset_s_500m_1000m_0525.png,OK
OSM_sf_cabspotting_downtown_offset_s_500m_1000m_1001,1200,osm,sf_cabspotting_downtown,dense_urban_irregular,,520,533,277160.0,469.13,482.91,226549.88,0.8173974423974126,112,118,3968.94,0.0004257468610189,28.7604,13.9287,2.1071,4,0.0982,0.1696,1,1.0,44,0.372881,41,0.366071,1535.58,352.36,2.0003,1.7518,0.0,1.4112,0.6216,0.0,0.7797,0.5165,yes,yes,partial,yes,no,PASS,,2119013320,PASS,San Francisco Downtown (Cabspotting),batch_1200/wkt/map_1001,batch_1200/wkt/map_1001/roads.wkt,batch_1200/wkt/map_1001/metadata.json,previews/OSM_sf_cabspotting_downtown_offset_s_500m_1000m_1001.png,OK
OSM_sf_cabspotting_downtown_offset_s_500m_1500m_0416,600,osm,sf_cabspotting_downtown,dense_urban_irregular,,524,543,284532.0,473.56,492.4,233184.2,0.8195359225742245,108,113,3238.82,0.0003971433793035,23.641,12.5931,2.0926,4,0.0556,0.1111,1,1.0,31,0.274336,31,0.287037,1008.02,343.72,1.2886,2.8829,0.1022,2.1073,0.6171,0.0,0.8053,0.4998,yes,yes,partial,yes,no,PASS,,311654119,PASS,San Francisco Downtown (Cabspotting),batch_0600/wkt/map_0416,batch_0600/wkt/map_0416/roads.wkt,batch_0600/wkt/map_0416/metadata.json,previews/OSM_sf_cabspotting_downtown_offset_s_500m_1500m_0416.png,OK
OSM_sf_cabspotting_downtown_offset_s_500m_1500m_0888,1000,osm,sf_cabspotting_downtown,dense_urban_irregular,,524,543,284532.0,473.56,492.4,233184.2,0.8195359225742245,108,113,3238.82,0.0003971433793035,23.641,12.5931,2.0926,4,0.0556,0.1111,1,1.0,31,0.274336,31,0.287037,1008.02,328.26,1.2773,2.8829,0.1022,2.1073,0.6171,0.0,0.8053,0.4998,yes,yes,partial,yes,no,PASS,,2228780360,PASS,San Francisco Downtown (Cabspotting),batch_1000/wkt/map_0888,batch_1000/wkt/map_0888/roads.wkt,batch_1000/wkt/map_0888/metadata.json,previews/OSM_sf_cabspotting_downtown_offset_s_500m_1500m_0888.png,OK
OSM_sf_cabspotting_downtown_offset_s_500m_200m_0301,400,osm,sf_cabspotting_downtown,dense_urban_irregular,,548,540,295920.0,497.2,489.99,243622.58,0.823271752686269,145,153,4262.75,0.0005170316301703,21.3137,9.9358,2.1103,4,0.0069,0.0966,1,1.0,6,0.039216,7,0.048276,1534.14,357.75,1.3156,3.05,0.565,1.095,0.6324,0.0,0.8039,0.4738,yes,yes,partial,yes,no,PASS,,3827471166,PASS,San Francisco Downtown (Cabspotting),batch_0400/wkt/map_0301,batch_0400/wkt/map_0301/roads.wkt,batch_0400/wkt/map_0301/metadata.json,previews/OSM_sf_cabspotting_downtown_offset_s_500m_200m_0301.png,OK
OSM_sf_cabspotting_downtown_offset_s_500m_200m_0763,800,osm,sf_cabspotting_downtown,dense_urban_irregular,,548,540,295920.0,497.2,489.99,243622.58,0.823271752686269,145,153,4262.75,0.0005170316301703,21.3137,9.9358,2.1103,4,0.0069,0.0966,1,1.0,6,0.039216,7,0.048276,1534.14,339.08,1.6378,3.05,0.565,1.095,0.6324,0.0,0.8039,0.4738,yes,yes,partial,yes,no,PASS,,3691645482,PASS,San Francisco Downtown (Cabspotting),batch_0800/wkt/map_0763,batch_0800/wkt/map_0763/roads.wkt,batch_0800/wkt/map_0763/metadata.json,previews/OSM_sf_cabspotting_downtown_offset_s_500m_200m_0763.png,OK
OSM_sf_cabspotting_downtown_offset_s_500m_500m_0187,200,osm,sf_cabspotting_downtown,dense_urban_irregular,,528,531,280368.0,477.28,480.96,229548.93,0.8187415443704295,140,147,4816.79,0.0005243109056668,22.9371,11.1859,2.1,4,0.0286,0.1,1,1.0,18,0.122449,19,0.135714,973.99,331.98,1.4288,2.4761,0.0762,1.2656,0.6922,0.0,0.7959,0.4863,yes,yes,partial,yes,no,PASS,,3728294301,PASS,San Francisco Downtown (Cabspotting),batch_0200/wkt/map_0187,batch_0200/wkt/map_0187/roads.wkt,batch_0200/wkt/map_0187/metadata.json,previews/OSM_sf_cabspotting_downtown_offset_s_500m_500m_0187.png,OK
OSM_sf_cabspotting_downtown_offset_s_500m_500m_0649,800,osm,sf_cabspotting_downtown,dense_urban_irregular,,528,531,280368.0,477.28,480.96,229548.93,0.8187415443704295,140,147,4816.79,0.0005243109056668,22.9371,11.1859,2.1,4,0.0286,0.1,1,1.0,18,0.122449,19,0.135714,973.99,317.89,1.2833,2.4761,0.0762,1.2656,0.6922,0.0,0.7959,0.4863,yes,yes,partial,yes,no,PASS,,1664352175,PASS,San Francisco Downtown (Cabspotting),batch_0800/wkt/map_0649,batch_0800/wkt/map_0649/roads.wkt,batch_0800/wkt/map_0649/metadata.json,previews/OSM_sf_cabspotting_downtown_offset_s_500m_500m_0649.png,OK
OSM_sf_cabspotting_downtown_offset_s_500m_500m_1116,1200,osm,sf_cabspotting_downtown,dense_urban_irregular,,528,531,280368.0,477.28,480.96,229548.93,0.8187415443704295,140,147,4816.79,0.0005243109056668,22.9371,11.1859,2.1,4,0.0286,0.1,1,1.0,18,0.122449,19,0.135714,973.99,338.51,1.5406,2.4761,0.0762,1.2656,0.6922,0.0,0.7959,0.4863,yes,yes,partial,yes,no,PASS,,980024822,PASS,San Francisco Downtown (Cabspotting),batch_1200/wkt/map_1116,batch_1200/wkt/map_1116/roads.wkt,batch_1200/wkt/map_1116/metadata.json,previews/OSM_sf_cabspotting_downtown_offset_s_500m_500m_1116.png,OK
OSM_sf_mission_corridor_offset_w_5000m_1000m_0078,100,osm,sf_mission_corridor,corridor_linear,,5040,5046,25431840.0,4989.78,4995.0,24923973.41,0.9800302851570024,18604,20222,751861.38,0.000795144983611,22.8578,9.843,2.1739,6,0.0119,0.1255,1,1.0,1535,0.075907,1523,0.081864,15326.64,3176.38,1.4291,4.4998,0.6273,1.2651,0.6699,0.0,0.9512,0.4655,yes,yes,no,partial,partial,PASS,,1339881403,PASS,San Francisco Mission Corridor,batch_0100/wkt/map_0078,batch_0100/wkt/map_0078/roads.wkt,batch_0100/wkt/map_0078/metadata.json,previews/OSM_sf_mission_corridor_offset_w_5000m_1000m_0078.png,OK
OSM_sf_mission_corridor_offset_w_5000m_1000m_0188,200,osm,sf_mission_corridor,corridor_linear,,5040,5046,25431840.0,4989.78,4995.0,24923973.41,0.9800302851570024,18604,20222,751861.38,0.000795144983611,22.8578,9.843,2.1739,6,0.0119,0.1255,1,1.0,1535,0.075907,1523,0.081864,15326.64,3388.9,1.2869,4.4998,0.6273,1.2651,0.6699,0.0,0.9512,0.4655,yes,yes,no,partial,partial,PASS,,1321067819,PASS,San Francisco Mission Corridor,batch_0200/wkt/map_0188,batch_0200/wkt/map_0188/roads.wkt,batch_0200/wkt/map_0188/metadata.json,previews/OSM_sf_mission_corridor_offset_w_5000m_1000m_0188.png,SKIPPED_EXISTING_OK
OSM_sf_mission_corridor_offset_w_5000m_1000m_0303,400,osm,sf_mission_corridor,corridor_linear,,5040,5046,25431840.0,4989.78,4995.0,24923973.41,0.9800302851570024,18604,20222,751861.38,0.000795144983611,22.8578,9.843,2.1739,6,0.0119,0.1255,1,1.0,1535,0.075907,1523,0.081864,15326.64,3506.37,1.3732,4.4998,0.6273,1.2651,0.6699,0.0,0.9512,0.4655,yes,yes,no,partial,partial,PASS,,3541212742,PASS,San Francisco Mission Corridor,batch_0400/wkt/map_0303,batch_0400/wkt/map_0303/roads.wkt,batch_0400/wkt/map_0303/metadata.json,previews/OSM_sf_mission_corridor_offset_w_5000m_1000m_0303.png,OK
OSM_sf_mission_corridor_offset_w_5000m_1000m_0419,600,osm,sf_mission_corridor,corridor_linear,,5040,5046,25431840.0,4989.78,4995.0,24923973.41,0.9800302851570024,18604,20222,751861.38,0.000795144983611,22.8578,9.843,2.1739,6,0.0119,0.1255,1,1.0,1535,0.075907,1523,0.081864,15326.64,3304.36,1.3287,4.4998,0.6273,1.2651,0.6699,0.0,0.9512,0.4655,yes,yes,no,partial,partial,PASS,,3995817281,PASS,San Francisco Mission Corridor,batch_0600/wkt/map_0419,batch_0600/wkt/map_0419/roads.wkt,batch_0600/wkt/map_0419/metadata.json,previews/OSM_sf_mission_corridor_offset_w_5000m_1000m_0419.png,OK
OSM_sf_mission_corridor_offset_w_5000m_1000m_0527,600,osm,sf_mission_corridor,corridor_linear,,5040,5046,25431840.0,4989.78,4995.0,24923973.41,0.9800302851570024,18604,20222,751861.38,0.000795144983611,22.8578,9.843,2.1739,6,0.0119,0.1255,1,1.0,1535,0.075907,1523,0.081864,15326.64,3224.66,1.4394,4.4998,0.6273,1.2651,0.6699,0.0,0.9512,0.4655,yes,yes,no,partial,partial,PASS,,2586307643,PASS,San Francisco Mission Corridor,batch_0600/wkt/map_0527,batch_0600/wkt/map_0527/roads.wkt,batch_0600/wkt/map_0527/metadata.json,previews/OSM_sf_mission_corridor_offset_w_5000m_1000m_0527.png,OK
OSM_sf_mission_corridor_offset_w_5000m_1000m_0651,800,osm,sf_mission_corridor,corridor_linear,,5040,5046,25431840.0,4989.78,4995.0,24923973.41,0.9800302851570024,18604,20222,751861.38,0.000795144983611,22.8578,9.843,2.1739,6,0.0119,0.1255,1,1.0,1535,0.075907,1523,0.081864,15326.64,3507.07,1.5195,4.4998,0.6273,1.2651,0.6699,0.0,0.9512,0.4655,yes,yes,no,partial,partial,PASS,,1259637022,PASS,San Francisco Mission Corridor,batch_0800/wkt/map_0651,batch_0800/wkt/map_0651/roads.wkt,batch_0800/wkt/map_0651/metadata.json,previews/OSM_sf_mission_corridor_offset_w_5000m_1000m_0651.png,OK
OSM_sf_mission_corridor_offset_w_5000m_1000m_0768,800,osm,sf_mission_corridor,corridor_linear,,5040,5046,25431840.0,4989.78,4995.0,24923973.41,0.9800302851570024,18604,20222,751861.38,0.000795144983611,22.8578,9.843,2.1739,6,0.0119,0.1255,1,1.0,1535,0.075907,1523,0.081864,15326.64,3231.82,1.3148,4.4998,0.6273,1.2651,0.6699,0.0,0.9512,0.4655,yes,yes,no,partial,partial,PASS,,1597262618,PASS,San Francisco Mission Corridor,batch_0800/wkt/map_0768,batch_0800/wkt/map_0768/roads.wkt,batch_0800/wkt/map_0768/metadata.json,previews/OSM_sf_mission_corridor_offset_w_5000m_1000m_0768.png,OK
OSM_sf_mission_corridor_offset_w_5000m_1000m_0889,1000,osm,sf_mission_corridor,corridor_linear,,5040,5046,25431840.0,4989.78,4995.0,24923973.41,0.9800302851570024,18604,20222,751861.38,0.000795144983611,22.8578,9.843,2.1739,6,0.0119,0.1255,1,1.0,1535,0.075907,1523,0.081864,15326.64,3097.71,1.4517,4.4998,0.6273,1.2651,0.6699,0.0,0.9512,0.4655,yes,yes,no,partial,partial,PASS,,2106648900,PASS,San Francisco Mission Corridor,batch_1000/wkt/map_0889,batch_1000/wkt/map_0889/roads.wkt,batch_1000/wkt/map_0889/metadata.json,previews/OSM_sf_mission_corridor_offset_w_5000m_1000m_0889.png,OK
OSM_sf_mission_corridor_offset_w_5000m_1000m_1002,1200,osm,sf_mission_corridor,corridor_linear,,5040,5046,25431840.0,4989.78,4995.0,24923973.41,0.9800302851570024,18604,20222,751861.38,0.000795144983611,22.8578,9.843,2.1739,6,0.0119,0.1255,1,1.0,1535,0.075907,1523,0.081864,15326.64,3722.36,1.3081,4.4998,0.6273,1.2651,0.6699,0.0,0.9512,0.4655,yes,yes,no,partial,partial,PASS,,2221150289,PASS,San Francisco Mission Corridor,batch_1200/wkt/map_1002,batch_1200/wkt/map_1002/roads.wkt,batch_1200/wkt/map_1002/metadata.json,previews/OSM_sf_mission_corridor_offset_w_5000m_1000m_1002.png,OK
OSM_sf_mission_corridor_offset_w_5000m_1000m_1118,1200,osm,sf_mission_corridor,corridor_linear,,5040,5046,25431840.0,4989.78,4995.0,24923973.41,0.9800302851570024,18604,20222,751861.38,0.000795144983611,22.8578,9.843,2.1739,6,0.0119,0.1255,1,1.0,1535,0.075907,1523,0.081864,15326.64,3698.2,1.3787,4.4998,0.6273,1.2651,0.6699,0.0,0.9512,0.4655,yes,yes,no,partial,partial,PASS,,132012029,PASS,San Francisco Mission Corridor,batch_1200/wkt/map_1118,batch_1200/wkt/map_1118/roads.wkt,batch_1200/wkt/map_1118/metadata.json,previews/OSM_sf_mission_corridor_offset_w_5000m_1000m_1118.png,OK
OSM_sf_mission_corridor_offset_w_5000m_1500m_0110,200,osm,sf_mission_corridor,corridor_linear,,5189,5069,26303041.0,5138.14,5018.56,25786042.72,0.9803445434361074,19179,20769,735188.87,0.0007896045175917,21.7364,9.5356,2.1658,6,0.0116,0.1204,1,1.0,1704,0.082045,1695,0.088378,15326.64,3942.46,1.3062,4.5772,0.6152,1.3509,0.6498,0.0,0.9537,0.4671,yes,yes,no,partial,partial,PASS,,2846673184,PASS,San Francisco Mission Corridor,batch_0200/wkt/map_0110,batch_0200/wkt/map_0110/roads.wkt,batch_0200/wkt/map_0110/metadata.json,previews/OSM_sf_mission_corridor_offset_w_5000m_1500m_0110.png,OK
OSM_sf_mission_corridor_offset_w_5000m_1500m_0214,400,osm,sf_mission_corridor,corridor_linear,,5189,5069,26303041.0,5138.14,5018.56,25786042.72,0.9803445434361074,19179,20769,735188.87,0.0007896045175917,21.7364,9.5356,2.1658,6,0.0116,0.1204,1,1.0,1704,0.082045,1695,0.088378,15326.64,3188.85,1.4106,4.5772,0.6152,1.3509,0.6498,0.0,0.9537,0.4671,yes,yes,no,partial,partial,PASS,,2117578173,PASS,San Francisco Mission Corridor,batch_0400/wkt/map_0214,batch_0400/wkt/map_0214/roads.wkt,batch_0400/wkt/map_0214/metadata.json,previews/OSM_sf_mission_corridor_offset_w_5000m_1500m_0214.png,OK
OSM_sf_mission_corridor_offset_w_5000m_1500m_0324,400,osm,sf_mission_corridor,corridor_linear,,5189,5069,26303041.0,5138.14,5018.56,25786042.72,0.9803445434361074,19179,20769,735188.87,0.0007896045175917,21.7364,9.5356,2.1658,6,0.0116,0.1204,1,1.0,1704,0.082045,1695,0.088378,15326.64,3516.38,1.4195,4.5772,0.6152,1.3509,0.6498,0.0,0.9537,0.4671,yes,yes,no,partial,partial,PASS,,1791058050,PASS,San Francisco Mission Corridor,batch_0400/wkt/map_0324,batch_0400/wkt/map_0324/roads.wkt,batch_0400/wkt/map_0324/metadata.json,previews/OSM_sf_mission_corridor_offset_w_5000m_1500m_0324.png,OK
OSM_sf_mission_corridor_offset_w_5000m_1500m_0444,600,osm,sf_mission_corridor,corridor_linear,,5189,5069,26303041.0,5138.14,5018.56,25786042.72,0.9803445434361074,19179,20769,735188.87,0.0007896045175917,21.7364,9.5356,2.1658,6,0.0116,0.1204,1,1.0,1704,0.082045,1695,0.088378,15326.64,3587.91,1.3767,4.5772,0.6152,1.3509,0.6498,0.0,0.9537,0.4671,yes,yes,no,partial,partial,PASS,,359907105,PASS,San Francisco Mission Corridor,batch_0600/wkt/map_0444,batch_0600/wkt/map_0444/roads.wkt,batch_0600/wkt/map_0444/metadata.json,previews/OSM_sf_mission_corridor_offset_w_5000m_1500m_0444.png,OK
OSM_sf_mission_corridor_offset_w_5000m_1500m_0562,600,osm,sf_mission_corridor,corridor_linear,,5189,5069,26303041.0,5138.14,5018.56,25786042.72,0.9803445434361074,19179,20769,735188.87,0.0007896045175917,21.7364,9.5356,2.1658,6,0.0116,0.1204,1,1.0,1704,0.082045,1695,0.088378,15326.64,3702.81,1.4132,4.5772,0.6152,1.3509,0.6498,0.0,0.9537,0.4671,yes,yes,no,partial,partial,PASS,,4109928974,PASS,San Francisco Mission Corridor,batch_0600/wkt/map_0562,batch_0600/wkt/map_0562/roads.wkt,batch_0600/wkt/map_0562/metadata.json,previews/OSM_sf_mission_corridor_offset_w_5000m_1500m_0562.png,OK
OSM_sf_mission_corridor_offset_w_5000m_1500m_0682,800,osm,sf_mission_corridor,corridor_linear,,5189,5069,26303041.0,5138.14,5018.56,25786042.72,0.9803445434361074,19179,20769,735188.87,0.0007896045175917,21.7364,9.5356,2.1658,6,0.0116,0.1204,1,1.0,1704,0.082045,1695,0.088378,15326.64,3311.06,1.3539,4.5772,0.6152,1.3509,0.6498,0.0,0.9537,0.4671,yes,yes,no,partial,partial,PASS,,2133936352,PASS,San Francisco Mission Corridor,batch_0800/wkt/map_0682,batch_0800/wkt/map_0682/roads.wkt,batch_0800/wkt/map_0682/metadata.json,previews/OSM_sf_mission_corridor_offset_w_5000m_1500m_0682.png,OK
OSM_sf_mission_corridor_offset_w_5000m_1500m_0796,800,osm,sf_mission_corridor,corridor_linear,,5189,5069,26303041.0,5138.14,5018.56,25786042.72,0.9803445434361074,19179,20769,735188.87,0.0007896045175917,21.7364,9.5356,2.1658,6,0.0116,0.1204,1,1.0,1704,0.082045,1695,0.088378,15326.64,3533.94,1.5485,4.5772,0.6152,1.3509,0.6498,0.0,0.9537,0.4671,yes,yes,no,partial,partial,PASS,,3457435818,PASS,San Francisco Mission Corridor,batch_0800/wkt/map_0796,batch_0800/wkt/map_0796/roads.wkt,batch_0800/wkt/map_0796/metadata.json,previews/OSM_sf_mission_corridor_offset_w_5000m_1500m_0796.png,OK
OSM_sf_mission_corridor_offset_w_5000m_1500m_0912,1000,osm,sf_mission_corridor,corridor_linear,,5189,5069,26303041.0,5138.14,5018.56,25786042.72,0.9803445434361074,19179,20769,735188.87,0.0007896045175917,21.7364,9.5356,2.1658,6,0.0116,0.1204,1,1.0,1704,0.082045,1695,0.088378,15326.64,3499.42,1.3885,4.5772,0.6152,1.3509,0.6498,0.0,0.9537,0.4671,yes,yes,no,partial,partial,PASS,,3474428366,PASS,San Francisco Mission Corridor,batch_1000/wkt/map_0912,batch_1000/wkt/map_0912/roads.wkt,batch_1000/wkt/map_0912/metadata.json,previews/OSM_sf_mission_corridor_offset_w_5000m_1500m_0912.png,OK
OSM_sf_mission_corridor_offset_w_5000m_1500m_1031,1200,osm,sf_mission_corridor,corridor_linear,,5189,5069,26303041.0,5138.14,5018.56,25786042.72,0.9803445434361074,19179,20769,735188.87,0.0007896045175917,21.7364,9.5356,2.1658,6,0.0116,0.1204,1,1.0,1704,0.082045,1695,0.088378,15326.64,2790.52,1.3152,4.5772,0.6152,1.3509,0.6498,0.0,0.9537,0.4671,yes,yes,no,partial,partial,PASS,,1561210684,PASS,San Francisco Mission Corridor,batch_1200/wkt/map_1031,batch_1200/wkt/map_1031/roads.wkt,batch_1200/wkt/map_1031/metadata.json,previews/OSM_sf_mission_corridor_offset_w_5000m_1500m_1031.png,OK
OSM_sf_mission_corridor_offset_w_5000m_1500m_1155,1200,osm,sf_mission_corridor,corridor_linear,,5189,5069,26303041.0,5138.14,5018.56,25786042.72,0.9803445434361074,19179,20769,735188.87,0.0007896045175917,21.7364,9.5356,2.1658,6,0.0116,0.1204,1,1.0,1704,0.082045,1695,0.088378,15326.64,3376.09,1.3669,4.5772,0.6152,1.3509,0.6498,0.0,0.9537,0.4671,yes,yes,no,partial,partial,PASS,,3971224156,PASS,San Francisco Mission Corridor,batch_1200/wkt/map_1155,batch_1200/wkt/map_1155/roads.wkt,batch_1200/wkt/map_1155/metadata.json,previews/OSM_sf_mission_corridor_offset_w_5000m_1500m_1155.png,OK
OSM_sf_mission_corridor_offset_w_5000m_200m_0022,100,osm,sf_mission_corridor,corridor_linear,,5057,5042,25497394.0,5006.15,4991.26,24987020.02,0.9799832883533388,17468,19092,751084.85,0.0007487824049783,24.8202,10.5079,2.1859,6,0.0127,0.1328,1,1.0,1113,0.058297,1094,0.062629,12232.73,3268.26,1.2561,4.337,0.6419,1.1025,0.6502,0.0,0.948,0.4633,yes,yes,no,partial,partial,PASS,,3539607558,PASS,San Francisco Mission Corridor,batch_0100/wkt/map_0022,batch_0100/wkt/map_0022/roads.wkt,batch_0100/wkt/map_0022/metadata.json,previews/OSM_sf_mission_corridor_offset_w_5000m_200m_0022.png,OK
OSM_sf_mission_corridor_offset_w_5000m_200m_0134,200,osm,sf_mission_corridor,corridor_linear,,5057,5042,25497394.0,5006.15,4991.26,24987020.02,0.9799832883533388,17468,19092,751084.85,0.0007487824049783,24.8202,10.5079,2.1859,6,0.0127,0.1328,1,1.0,1113,0.058297,1094,0.062629,12232.73,3254.52,1.2932,4.337,0.6419,1.1025,0.6502,0.0,0.948,0.4633,yes,yes,no,partial,partial,PASS,,2361859187,PASS,San Francisco Mission Corridor,batch_0200/wkt/map_0134,batch_0200/wkt/map_0134/roads.wkt,batch_0200/wkt/map_0134/metadata.json,previews/OSM_sf_mission_corridor_offset_w_5000m_200m_0134.png,OK
OSM_sf_mission_corridor_offset_w_5000m_200m_0241,400,osm,sf_mission_corridor,corridor_linear,,5057,5042,25497394.0,5006.15,4991.26,24987020.02,0.9799832883533388,17468,19092,751084.85,0.0007487824049783,24.8202,10.5079,2.1859,6,0.0127,0.1328,1,1.0,1113,0.058297,1094,0.062629,12232.73,2825.49,1.2879,4.337,0.6419,1.1025,0.6502,0.0,0.948,0.4633,yes,yes,no,partial,partial,PASS,,951571025,PASS,San Francisco Mission Corridor,batch_0400/wkt/map_0241,batch_0400/wkt/map_0241/roads.wkt,batch_0400/wkt/map_0241/metadata.json,previews/OSM_sf_mission_corridor_offset_w_5000m_200m_0241.png,SKIPPED_EXISTING_OK
OSM_sf_mission_corridor_offset_w_5000m_200m_0352,400,osm,sf_mission_corridor,corridor_linear,,5057,5042,25497394.0,5006.15,4991.26,24987020.02,0.9799832883533388,17468,19092,751084.85,0.0007487824049783,24.8202,10.5079,2.1859,6,0.0127,0.1328,1,1.0,1113,0.058297,1094,0.062629,12232.73,3840.71,1.3618,4.337,0.6419,1.1025,0.6502,0.0,0.948,0.4633,yes,yes,no,partial,partial,PASS,,2628783883,PASS,San Francisco Mission Corridor,batch_0400/wkt/map_0352,batch_0400/wkt/map_0352/roads.wkt,batch_0400/wkt/map_0352/metadata.json,previews/OSM_sf_mission_corridor_offset_w_5000m_200m_0352.png,OK
OSM_sf_mission_corridor_offset_w_5000m_200m_0475,600,osm,sf_mission_corridor,corridor_linear,,5057,5042,25497394.0,5006.15,4991.26,24987020.02,0.9799832883533388,17468,19092,751084.85,0.0007487824049783,24.8202,10.5079,2.1859,6,0.0127,0.1328,1,1.0,1113,0.058297,1094,0.062629,12232.73,3085.84,1.286,4.337,0.6419,1.1025,0.6502,0.0,0.948,0.4633,yes,yes,no,partial,partial,PASS,,154444824,PASS,San Francisco Mission Corridor,batch_0600/wkt/map_0475,batch_0600/wkt/map_0475/roads.wkt,batch_0600/wkt/map_0475/metadata.json,previews/OSM_sf_mission_corridor_offset_w_5000m_200m_0475.png,OK
OSM_sf_mission_corridor_offset_w_5000m_200m_0592,600,osm,sf_mission_corridor,corridor_linear,,5057,5042,25497394.0,5006.15,4991.26,24987020.02,0.9799832883533388,17468,19092,751084.85,0.0007487824049783,24.8202,10.5079,2.1859,6,0.0127,0.1328,1,1.0,1113,0.058297,1094,0.062629,12232.73,3692.4,1.5007,4.337,0.6419,1.1025,0.6502,0.0,0.948,0.4633,yes,yes,no,partial,partial,PASS,,2808481838,PASS,San Francisco Mission Corridor,batch_0600/wkt/map_0592,batch_0600/wkt/map_0592/roads.wkt,batch_0600/wkt/map_0592/metadata.json,previews/OSM_sf_mission_corridor_offset_w_5000m_200m_0592.png,OK
OSM_sf_mission_corridor_offset_w_5000m_200m_0710,800,osm,sf_mission_corridor,corridor_linear,,5057,5042,25497394.0,5006.15,4991.26,24987020.02,0.9799832883533388,17468,19092,751084.85,0.0007487824049783,24.8202,10.5079,2.1859,6,0.0127,0.1328,1,1.0,1113,0.058297,1094,0.062629,12232.73,3732.14,1.2899,4.337,0.6419,1.1025,0.6502,0.0,0.948,0.4633,yes,yes,no,partial,partial,PASS,,3659086734,PASS,San Francisco Mission Corridor,batch_0800/wkt/map_0710,batch_0800/wkt/map_0710/roads.wkt,batch_0800/wkt/map_0710/metadata.json,previews/OSM_sf_mission_corridor_offset_w_5000m_200m_0710.png,OK
OSM_sf_mission_corridor_offset_w_5000m_200m_0827,1000,osm,sf_mission_corridor,corridor_linear,,5057,5042,25497394.0,5006.15,4991.26,24987020.02,0.9799832883533388,17468,19092,751084.85,0.0007487824049783,24.8202,10.5079,2.1859,6,0.0127,0.1328,1,1.0,1113,0.058297,1094,0.062629,12232.73,3471.33,1.3557,4.337,0.6419,1.1025,0.6502,0.0,0.948,0.4633,yes,yes,no,partial,partial,PASS,,1071529939,PASS,San Francisco Mission Corridor,batch_1000/wkt/map_0827,batch_1000/wkt/map_0827/roads.wkt,batch_1000/wkt/map_0827/metadata.json,previews/OSM_sf_mission_corridor_offset_w_5000m_200m_0827.png,OK
OSM_sf_mission_corridor_offset_w_5000m_200m_0941,1000,osm,sf_mission_corridor,corridor_linear,,5057,5042,25497394.0,5006.15,4991.26,24987020.02,0.9799832883533388,17468,19092,751084.85,0.0007487824049783,24.8202,10.5079,2.1859,6,0.0127,0.1328,1,1.0,1113,0.058297,1094,0.062629,12232.73,3325.27,1.3348,4.337,0.6419,1.1025,0.6502,0.0,0.948,0.4633,yes,yes,no,partial,partial,PASS,,3689713138,PASS,San Francisco Mission Corridor,batch_1000/wkt/map_0941,batch_1000/wkt/map_0941/roads.wkt,batch_1000/wkt/map_0941/metadata.json,previews/OSM_sf_mission_corridor_offset_w_5000m_200m_0941.png,OK
OSM_sf_mission_corridor_offset_w_5000m_200m_1067,1200,osm,sf_mission_corridor,corridor_linear,,5057,5042,25497394.0,5006.15,4991.26,24987020.02,0.9799832883533388,17468,19092,751084.85,0.0007487824049783,24.8202,10.5079,2.1859,6,0.0127,0.1328,1,1.0,1113,0.058297,1094,0.062629,12232.73,3531.62,1.305,4.337,0.6419,1.1025,0.6502,0.0,0.948,0.4633,yes,yes,no,partial,partial,PASS,,785233048,PASS,San Francisco Mission Corridor,batch_1200/wkt/map_1067,batch_1200/wkt/map_1067/roads.wkt,batch_1200/wkt/map_1067/metadata.json,previews/OSM_sf_mission_corridor_offset_w_5000m_200m_1067.png,OK
OSM_sf_mission_corridor_offset_w_5000m_200m_1188,1200,osm,sf_mission_corridor,corridor_linear,,5057,5042,25497394.0,5006.15,4991.26,24987020.02,0.9799832883533388,17468,19092,751084.85,0.0007487824049783,24.8202,10.5079,2.1859,6,0.0127,0.1328,1,1.0,1113,0.058297,1094,0.062629,12232.73,3196.8,1.2504,4.337,0.6419,1.1025,0.6502,0.0,0.948,0.4633,yes,yes,no,partial,partial,PASS,,3709599591,PASS,San Francisco Mission Corridor,batch_1200/wkt/map_1188,batch_1200/wkt/map_1188/roads.wkt,batch_1200/wkt/map_1188/metadata.json,previews/OSM_sf_mission_corridor_offset_w_5000m_200m_1188.png,OK
OSM_sf_mission_corridor_offset_w_5000m_500m_0050,100,osm,sf_mission_corridor,corridor_linear,,5068,5042,25552856.0,5017.74,4991.26,25044838.41,0.9801189506809443,17506,19107,740465.55,0.0007477442051878,24.2243,10.2659,2.1829,6,0.0125,0.1308,1,1.0,1014,0.05307,998,0.057009,12232.73,3222.68,1.2885,4.3949,0.6379,1.1076,0.6642,0.0,0.9485,0.4638,yes,yes,no,partial,partial,PASS,,2127007611,PASS,San Francisco Mission Corridor,batch_0100/wkt/map_0050,batch_0100/wkt/map_0050/roads.wkt,batch_0100/wkt/map_0050/metadata.json,previews/OSM_sf_mission_corridor_offset_w_5000m_500m_0050.png,OK
OSM_sf_mission_corridor_offset_w_5000m_500m_0156,200,osm,sf_mission_corridor,corridor_linear,,5068,5042,25552856.0,5017.74,4991.26,25044838.41,0.9801189506809443,17506,19107,740465.55,0.0007477442051878,24.2243,10.2659,2.1829,6,0.0125,0.1308,1,1.0,1014,0.05307,998,0.057009,12232.73,3344.15,1.2889,4.3949,0.6379,1.1076,0.6642,0.0,0.9485,0.4638,yes,yes,no,partial,partial,PASS,,1343382383,PASS,San Francisco Mission Corridor,batch_0200/wkt/map_0156,batch_0200/wkt/map_0156/roads.wkt,batch_0200/wkt/map_0156/metadata.json,previews/OSM_sf_mission_corridor_offset_w_5000m_500m_0156.png,SKIPPED_EXISTING_OK
OSM_sf_mission_corridor_offset_w_5000m_500m_0276,400,osm,sf_mission_corridor,corridor_linear,,5068,5042,25552856.0,5017.74,4991.26,25044838.41,0.9801189506809443,17506,19107,740465.55,0.0007477442051878,24.2243,10.2659,2.1829,6,0.0125,0.1308,1,1.0,1014,0.05307,998,0.057009,12232.73,3228.59,1.304,4.3949,0.6379,1.1076,0.6642,0.0,0.9485,0.4638,yes,yes,no,partial,partial,PASS,,1658749457,PASS,San Francisco Mission Corridor,batch_0400/wkt/map_0276,batch_0400/wkt/map_0276/roads.wkt,batch_0400/wkt/map_0276/metadata.json,previews/OSM_sf_mission_corridor_offset_w_5000m_500m_0276.png,OK
OSM_sf_mission_corridor_offset_w_5000m_500m_0375,400,osm,sf_mission_corridor,corridor_linear,,5068,5042,25552856.0,5017.74,4991.26,25044838.41,0.9801189506809443,17506,19107,740465.55,0.0007477442051878,24.2243,10.2659,2.1829,6,0.0125,0.1308,1,1.0,1014,0.05307,998,0.057009,12232.73,3347.54,1.3199,4.3949,0.6379,1.1076,0.6642,0.0,0.9485,0.4638,yes,yes,no,partial,partial,PASS,,2701633684,PASS,San Francisco Mission Corridor,batch_0400/wkt/map_0375,batch_0400/wkt/map_0375/roads.wkt,batch_0400/wkt/map_0375/metadata.json,previews/OSM_sf_mission_corridor_offset_w_5000m_500m_0375.png,OK
OSM_sf_mission_corridor_offset_w_5000m_500m_0499,600,osm,sf_mission_corridor,corridor_linear,,5068,5042,25552856.0,5017.74,4991.26,25044838.41,0.9801189506809443,17506,19107,740465.55,0.0007477442051878,24.2243,10.2659,2.1829,6,0.0125,0.1308,1,1.0,1014,0.05307,998,0.057009,12232.73,2997.89,1.4322,4.3949,0.6379,1.1076,0.6642,0.0,0.9485,0.4638,yes,yes,no,partial,partial,PASS,,4257094538,PASS,San Francisco Mission Corridor,batch_0600/wkt/map_0499,batch_0600/wkt/map_0499/roads.wkt,batch_0600/wkt/map_0499/metadata.json,previews/OSM_sf_mission_corridor_offset_w_5000m_500m_0499.png,OK
OSM_sf_mission_corridor_offset_w_5000m_500m_0625,800,osm,sf_mission_corridor,corridor_linear,,5068,5042,25552856.0,5017.74,4991.26,25044838.41,0.9801189506809443,17506,19107,740465.55,0.0007477442051878,24.2243,10.2659,2.1829,6,0.0125,0.1308,1,1.0,1014,0.05307,998,0.057009,12232.73,3404.21,1.26,4.3949,0.6379,1.1076,0.6642,0.0,0.9485,0.4638,yes,yes,no,partial,partial,PASS,,2763563335,PASS,San Francisco Mission Corridor,batch_0800/wkt/map_0625,batch_0800/wkt/map_0625/roads.wkt,batch_0800/wkt/map_0625/metadata.json,previews/OSM_sf_mission_corridor_offset_w_5000m_500m_0625.png,OK
OSM_sf_mission_corridor_offset_w_5000m_500m_0733,800,osm,sf_mission_corridor,corridor_linear,,5068,5042,25552856.0,5017.74,4991.26,25044838.41,0.9801189506809443,17506,19107,740465.55,0.0007477442051878,24.2243,10.2659,2.1829,6,0.0125,0.1308,1,1.0,1014,0.05307,998,0.057009,12232.73,3488.25,1.3513,4.3949,0.6379,1.1076,0.6642,0.0,0.9485,0.4638,yes,yes,no,partial,partial,PASS,,1024941164,PASS,San Francisco Mission Corridor,batch_0800/wkt/map_0733,batch_0800/wkt/map_0733/roads.wkt,batch_0800/wkt/map_0733/metadata.json,previews/OSM_sf_mission_corridor_offset_w_5000m_500m_0733.png,OK
OSM_sf_mission_corridor_offset_w_5000m_500m_0865,1000,osm,sf_mission_corridor,corridor_linear,,5068,5042,25552856.0,5017.74,4991.26,25044838.41,0.9801189506809443,17506,19107,740465.55,0.0007477442051878,24.2243,10.2659,2.1829,6,0.0125,0.1308,1,1.0,1014,0.05307,998,0.057009,12232.73,3398.89,1.2853,4.3949,0.6379,1.1076,0.6642,0.0,0.9485,0.4638,yes,yes,no,partial,partial,PASS,,3443435103,PASS,San Francisco Mission Corridor,batch_1000/wkt/map_0865,batch_1000/wkt/map_0865/roads.wkt,batch_1000/wkt/map_0865/metadata.json,previews/OSM_sf_mission_corridor_offset_w_5000m_500m_0865.png,OK
OSM_sf_mission_corridor_offset_w_5000m_500m_0971,1000,osm,sf_mission_corridor,corridor_linear,,5068,5042,25552856.0,5017.74,4991.26,25044838.41,0.9801189506809443,17506,19107,740465.55,0.0007477442051878,24.2243,10.2659,2.1829,6,0.0125,0.1308,1,1.0,1014,0.05307,998,0.057009,12232.73,3361.48,1.2445,4.3949,0.6379,1.1076,0.6642,0.0,0.9485,0.4638,yes,yes,no,partial,partial,PASS,,319851152,PASS,San Francisco Mission Corridor,batch_1000/wkt/map_0971,batch_1000/wkt/map_0971/roads.wkt,batch_1000/wkt/map_0971/metadata.json,previews/OSM_sf_mission_corridor_offset_w_5000m_500m_0971.png,OK
OSM_sf_mission_corridor_offset_w_5000m_500m_1087,1200,osm,sf_mission_corridor,corridor_linear,,5068,5042,25552856.0,5017.74,4991.26,25044838.41,0.9801189506809443,17506,19107,740465.55,0.0007477442051878,24.2243,10.2659,2.1829,6,0.0125,0.1308,1,1.0,1014,0.05307,998,0.057009,12232.73,3328.43,1.2587,4.3949,0.6379,1.1076,0.6642,0.0,0.9485,0.4638,yes,yes,no,partial,partial,PASS,,2946085713,PASS,San Francisco Mission Corridor,batch_1200/wkt/map_1087,batch_1200/wkt/map_1087/roads.wkt,batch_1200/wkt/map_1087/metadata.json,previews/OSM_sf_mission_corridor_offset_w_5000m_500m_1087.png,OK
OSM_tampere_suburban_exact_1000m_0m_0052,100,osm,tampere_suburban,suburban_low_density,,671,486,326106.0,620.45,435.26,270060.28,0.8281364883773239,114,113,4074.7,0.0003465130969684,18.0296,13.8429,1.9825,4,0.0526,0.0263,1,1.0,113,1.0,108,0.947368,1640.75,419.3,1.7829,3.6391,0.1947,5.889,0.4542,0.0,0.8407,0.5263,yes,yes,no,no,partial,PASS,,1014971175,PASS,Tampere suburban low density,batch_0100/wkt/map_0052,batch_0100/wkt/map_0052/roads.wkt,batch_0100/wkt/map_0052/metadata.json,previews/OSM_tampere_suburban_exact_1000m_0m_0052.png,OK
OSM_tampere_suburban_exact_1000m_0m_0189,200,osm,tampere_suburban,suburban_low_density,,671,486,326106.0,620.45,435.26,270060.28,0.8281364883773239,114,113,4074.7,0.0003465130969684,18.0296,13.8429,1.9825,4,0.0526,0.0263,1,1.0,113,1.0,108,0.947368,1640.75,436.28,2.0032,3.6391,0.1947,5.889,0.4542,0.0,0.8407,0.5263,yes,yes,no,no,partial,PASS,,1622764173,PASS,Tampere suburban low density,batch_0200/wkt/map_0189,batch_0200/wkt/map_0189/roads.wkt,batch_0200/wkt/map_0189/metadata.json,previews/OSM_tampere_suburban_exact_1000m_0m_0189.png,OK
OSM_tampere_suburban_exact_1000m_0m_0325,400,osm,tampere_suburban,suburban_low_density,,671,486,326106.0,620.45,435.26,270060.28,0.8281364883773239,114,113,4074.7,0.0003465130969684,18.0296,13.8429,1.9825,4,0.0526,0.0263,1,1.0,113,1.0,108,0.947368,1640.75,406.05,1.8771,3.6391,0.1947,5.889,0.4542,0.0,0.8407,0.5263,yes,yes,no,no,partial,PASS,,1554229564,PASS,Tampere suburban low density,batch_0400/wkt/map_0325,batch_0400/wkt/map_0325/roads.wkt,batch_0400/wkt/map_0325/metadata.json,previews/OSM_tampere_suburban_exact_1000m_0m_0325.png,OK
OSM_tampere_suburban_exact_1000m_0m_0480,600,osm,tampere_suburban,suburban_low_density,,671,486,326106.0,620.45,435.26,270060.28,0.8281364883773239,114,113,4074.7,0.0003465130969684,18.0296,13.8429,1.9825,4,0.0526,0.0263,1,1.0,113,1.0,108,0.947368,1640.75,404.99,2.3046,3.6391,0.1947,5.889,0.4542,0.0,0.8407,0.5263,yes,yes,no,no,partial,PASS,,1046586876,PASS,Tampere suburban low density,batch_0600/wkt/map_0480,batch_0600/wkt/map_0480/roads.wkt,batch_0600/wkt/map_0480/metadata.json,previews/OSM_tampere_suburban_exact_1000m_0m_0480.png,OK
OSM_tampere_suburban_exact_1000m_0m_0627,800,osm,tampere_suburban,suburban_low_density,,671,486,326106.0,620.45,435.26,270060.28,0.8281364883773239,114,113,4074.7,0.0003465130969684,18.0296,13.8429,1.9825,4,0.0526,0.0263,1,1.0,113,1.0,108,0.947368,1640.75,464.06,1.9734,3.6391,0.1947,5.889,0.4542,0.0,0.8407,0.5263,yes,yes,no,no,partial,PASS,,134955717,PASS,Tampere suburban low density,batch_0800/wkt/map_0627,batch_0800/wkt/map_0627/roads.wkt,batch_0800/wkt/map_0627/metadata.json,previews/OSM_tampere_suburban_exact_1000m_0m_0627.png,OK
OSM_tampere_suburban_exact_1000m_0m_0769,800,osm,tampere_suburban,suburban_low_density,,671,486,326106.0,620.45,435.26,270060.28,0.8281364883773239,114,113,4074.7,0.0003465130969684,18.0296,13.8429,1.9825,4,0.0526,0.0263,1,1.0,113,1.0,108,0.947368,1640.75,435.67,2.143,3.6391,0.1947,5.889,0.4542,0.0,0.8407,0.5263,yes,yes,no,no,partial,PASS,,1645532538,PASS,Tampere suburban low density,batch_0800/wkt/map_0769,batch_0800/wkt/map_0769/roads.wkt,batch_0800/wkt/map_0769/metadata.json,previews/OSM_tampere_suburban_exact_1000m_0m_0769.png,OK
OSM_tampere_suburban_exact_1000m_0m_0915,1000,osm,tampere_suburban,suburban_low_density,,671,486,326106.0,620.45,435.26,270060.28,0.8281364883773239,114,113,4074.7,0.0003465130969684,18.0296,13.8429,1.9825,4,0.0526,0.0263,1,1.0,113,1.0,108,0.947368,1640.75,400.46,1.6865,3.6391,0.1947,5.889,0.4542,0.0,0.8407,0.5263,yes,yes,no,no,partial,PASS,,312833163,PASS,Tampere suburban low density,batch_1000/wkt/map_0915,batch_1000/wkt/map_0915/roads.wkt,batch_1000/wkt/map_0915/metadata.json,previews/OSM_tampere_suburban_exact_1000m_0m_0915.png,OK
OSM_tampere_suburban_exact_1000m_0m_1068,1200,osm,tampere_suburban,suburban_low_density,,671,486,326106.0,620.45,435.26,270060.28,0.8281364883773239,114,113,4074.7,0.0003465130969684,18.0296,13.8429,1.9825,4,0.0526,0.0263,1,1.0,113,1.0,108,0.947368,1640.75,402.93,1.8662,3.6391,0.1947,5.889,0.4542,0.0,0.8407,0.5263,yes,yes,no,no,partial,PASS,,3458373355,PASS,Tampere suburban low density,batch_1200/wkt/map_1068,batch_1200/wkt/map_1068/roads.wkt,batch_1200/wkt/map_1068/metadata.json,previews/OSM_tampere_suburban_exact_1000m_0m_1068.png,OK
OSM_tampere_suburban_exact_1500m_0m_0111,200,osm,tampere_suburban,suburban_low_density,,1527,817,1247559.0,1476.27,766.67,1131813.25,0.9072222207831256,392,409,16516.71,0.0003278402063549,20.3408,13.8429,2.0867,4,0.0306,0.0969,1,1.0,93,0.227384,91,0.232143,3418.46,670.65,1.4044,4.8433,0.3054,8.1256,0.463,0.0,0.8778,0.4926,yes,yes,no,no,partial,PASS,,2582253825,PASS,Tampere suburban low density,batch_0200/wkt/map_0111,batch_0200/wkt/map_0111/roads.wkt,batch_0200/wkt/map_0111/metadata.json,previews/OSM_tampere_suburban_exact_1500m_0m_0111.png,OK
OSM_tampere_suburban_exact_1500m_0m_0245,400,osm,tampere_suburban,suburban_low_density,,1527,817,1247559.0,1476.27,766.67,1131813.25,0.9072222207831256,392,409,16516.71,0.0003278402063549,20.3408,13.8429,2.0867,4,0.0306,0.0969,1,1.0,93,0.227384,91,0.232143,3418.46,688.93,1.4084,4.8433,0.3054,8.1256,0.463,0.0,0.8778,0.4926,yes,yes,no,no,partial,PASS,,752644620,PASS,Tampere suburban low density,batch_0400/wkt/map_0245,batch_0400/wkt/map_0245/roads.wkt,batch_0400/wkt/map_0245/metadata.json,previews/OSM_tampere_suburban_exact_1500m_0m_0245.png,OK
OSM_tampere_suburban_exact_1500m_0m_0379,400,osm,tampere_suburban,suburban_low_density,,1527,817,1247559.0,1476.27,766.67,1131813.25,0.9072222207831256,392,409,16516.71,0.0003278402063549,20.3408,13.8429,2.0867,4,0.0306,0.0969,1,1.0,93,0.227384,91,0.232143,3418.46,735.5,1.4309,4.8433,0.3054,8.1256,0.463,0.0,0.8778,0.4926,yes,yes,no,no,partial,PASS,,3161987233,PASS,Tampere suburban low density,batch_0400/wkt/map_0379,batch_0400/wkt/map_0379/roads.wkt,batch_0400/wkt/map_0379/metadata.json,previews/OSM_tampere_suburban_exact_1500m_0m_0379.png,OK
OSM_tampere_suburban_exact_1500m_0m_0529,600,osm,tampere_suburban,suburban_low_density,,1527,817,1247559.0,1476.27,766.67,1131813.25,0.9072222207831256,392,409,16516.71,0.0003278402063549,20.3408,13.8429,2.0867,4,0.0306,0.0969,1,1.0,93,0.227384,91,0.232143,3418.46,754.83,1.4134,4.8433,0.3054,8.1256,0.463,0.0,0.8778,0.4926,yes,yes,no,no,partial,PASS,,4223373014,PASS,Tampere suburban low density,batch_0600/wkt/map_0529,batch_0600/wkt/map_0529/roads.wkt,batch_0600/wkt/map_0529/metadata.json,previews/OSM_tampere_suburban_exact_1500m_0m_0529.png,OK
OSM_tampere_suburban_exact_1500m_0m_0684,800,osm,tampere_suburban,suburban_low_density,,1527,817,1247559.0,1476.27,766.67,1131813.25,0.9072222207831256,392,409,16516.71,0.0003278402063549,20.3408,13.8429,2.0867,4,0.0306,0.0969,1,1.0,93,0.227384,91,0.232143,3418.46,668.94,1.4261,4.8433,0.3054,8.1256,0.463,0.0,0.8778,0.4926,yes,yes,no,no,partial,PASS,,4075549125,PASS,Tampere suburban low density,batch_0800/wkt/map_0684,batch_0800/wkt/map_0684/roads.wkt,batch_0800/wkt/map_0684/metadata.json,previews/OSM_tampere_suburban_exact_1500m_0m_0684.png,OK
OSM_tampere_suburban_exact_1500m_0m_0829,1000,osm,tampere_suburban,suburban_low_density,,1527,817,1247559.0,1476.27,766.67,1131813.25,0.9072222207831256,392,409,16516.71,0.0003278402063549,20.3408,13.8429,2.0867,4,0.0306,0.0969,1,1.0,93,0.227384,91,0.232143,3418.46,691.58,1.377,4.8433,0.3054,8.1256,0.463,0.0,0.8778,0.4926,yes,yes,no,no,partial,PASS,,2309731646,PASS,Tampere suburban low density,batch_1000/wkt/map_0829,batch_1000/wkt/map_0829/roads.wkt,batch_1000/wkt/map_0829/metadata.json,previews/OSM_tampere_suburban_exact_1500m_0m_0829.png,OK
OSM_tampere_suburban_exact_1500m_0m_0976,1000,osm,tampere_suburban,suburban_low_density,,1527,817,1247559.0,1476.27,766.67,1131813.25,0.9072222207831256,392,409,16516.71,0.0003278402063549,20.3408,13.8429,2.0867,4,0.0306,0.0969,1,1.0,93,0.227384,91,0.232143,3418.46,720.22,1.4554,4.8433,0.3054,8.1256,0.463,0.0,0.8778,0.4926,yes,yes,no,no,partial,PASS,,4203814417,PASS,Tampere suburban low density,batch_1000/wkt/map_0976,batch_1000/wkt/map_0976/roads.wkt,batch_1000/wkt/map_0976/metadata.json,previews/OSM_tampere_suburban_exact_1500m_0m_0976.png,OK
OSM_tampere_suburban_exact_1500m_0m_1119,1200,osm,tampere_suburban,suburban_low_density,,1527,817,1247559.0,1476.27,766.67,1131813.25,0.9072222207831256,392,409,16516.71,0.0003278402063549,20.3408,13.8429,2.0867,4,0.0306,0.0969,1,1.0,93,0.227384,91,0.232143,3418.46,681.29,1.4139,4.8433,0.3054,8.1256,0.463,0.0,0.8778,0.4926,yes,yes,no,no,partial,PASS,,3826580860,PASS,Tampere suburban low density,batch_1200/wkt/map_1119,batch_1200/wkt/map_1119/roads.wkt,batch_1200/wkt/map_1119/metadata.json,previews/OSM_tampere_suburban_exact_1500m_0m_1119.png,OK
OSM_tampere_suburban_exact_2500m_0m_0023,100,osm,tampere_suburban,suburban_low_density,,2434,2525,6145850.0,2383.6,2474.1,5897258.12,0.9595512616147248,1274,1349,51985.33,0.0002194977098367,21.7421,14.8382,2.1177,4,0.0212,0.1122,1,1.0,251,0.186064,251,0.197017,4200.89,1568.6,1.4438,4.9054,0.4789,3.7118,0.5487,0.0,0.911,0.4818,yes,yes,no,no,partial,PASS,,981128868,PASS,Tampere suburban low density,batch_0100/wkt/map_0023,batch_0100/wkt/map_0023/roads.wkt,batch_0100/wkt/map_0023/metadata.json,previews/OSM_tampere_suburban_exact_2500m_0m_0023.png,OK
OSM_tampere_suburban_exact_2500m_0m_0158,200,osm,tampere_suburban,suburban_low_density,,2434,2525,6145850.0,2383.6,2474.1,5897258.12,0.9595512616147248,1274,1349,51985.33,0.0002194977098367,21.7421,14.8382,2.1177,4,0.0212,0.1122,1,1.0,251,0.186064,251,0.197017,4200.89,1512.98,1.4095,4.9054,0.4789,3.7118,0.5487,0.0,0.911,0.4818,yes,yes,no,no,partial,PASS,,676161790,PASS,Tampere suburban low density,batch_0200/wkt/map_0158,batch_0200/wkt/map_0158/roads.wkt,batch_0200/wkt/map_0158/metadata.json,previews/OSM_tampere_suburban_exact_2500m_0m_0158.png,SKIPPED_EXISTING_OK
OSM_tampere_suburban_exact_2500m_0m_0306,400,osm,tampere_suburban,suburban_low_density,,2434,2525,6145850.0,2383.6,2474.1,5897258.12,0.9595512616147248,1274,1349,51985.33,0.0002194977098367,21.7421,14.8382,2.1177,4,0.0212,0.1122,1,1.0,251,0.186064,251,0.197017,4200.89,1525.62,1.334,4.9054,0.4789,3.7118,0.5487,0.0,0.911,0.4818,yes,yes,no,no,partial,PASS,,830924255,PASS,Tampere suburban low density,batch_0400/wkt/map_0306,batch_0400/wkt/map_0306/roads.wkt,batch_0400/wkt/map_0306/metadata.json,previews/OSM_tampere_suburban_exact_2500m_0m_0306.png,OK
OSM_tampere_suburban_exact_2500m_0m_0446,600,osm,tampere_suburban,suburban_low_density,,2434,2525,6145850.0,2383.6,2474.1,5897258.12,0.9595512616147248,1274,1349,51985.33,0.0002194977098367,21.7421,14.8382,2.1177,4,0.0212,0.1122,1,1.0,251,0.186064,251,0.197017,4200.89,1290.78,1.4856,4.9054,0.4789,3.7118,0.5487,0.0,0.911,0.4818,yes,yes,no,no,partial,PASS,,2737769473,PASS,Tampere suburban low density,batch_0600/wkt/map_0446,batch_0600/wkt/map_0446/roads.wkt,batch_0600/wkt/map_0446/metadata.json,previews/OSM_tampere_suburban_exact_2500m_0m_0446.png,OK
OSM_tampere_suburban_exact_2500m_0m_0594,600,osm,tampere_suburban,suburban_low_density,,2434,2525,6145850.0,2383.6,2474.1,5897258.12,0.9595512616147248,1274,1349,51985.33,0.0002194977098367,21.7421,14.8382,2.1177,4,0.0212,0.1122,1,1.0,251,0.186064,251,0.197017,4200.89,1772.46,1.5131,4.9054,0.4789,3.7118,0.5487,0.0,0.911,0.4818,yes,yes,no,no,partial,PASS,,1864780736,PASS,Tampere suburban low density,batch_0600/wkt/map_0594,batch_0600/wkt/map_0594/roads.wkt,batch_0600/wkt/map_0594/metadata.json,previews/OSM_tampere_suburban_exact_2500m_0m_0594.png,OK
OSM_tampere_suburban_exact_2500m_0m_0734,800,osm,tampere_suburban,suburban_low_density,,2434,2525,6145850.0,2383.6,2474.1,5897258.12,0.9595512616147248,1274,1349,51985.33,0.0002194977098367,21.7421,14.8382,2.1177,4,0.0212,0.1122,1,1.0,251,0.186064,251,0.197017,4200.89,1564.5,1.3361,4.9054,0.4789,3.7118,0.5487,0.0,0.911,0.4818,yes,yes,no,no,partial,PASS,,1591873984,PASS,Tampere suburban low density,batch_0800/wkt/map_0734,batch_0800/wkt/map_0734/roads.wkt,batch_0800/wkt/map_0734/metadata.json,previews/OSM_tampere_suburban_exact_2500m_0m_0734.png,OK
OSM_tampere_suburban_exact_2500m_0m_0890,1000,osm,tampere_suburban,suburban_low_density,,2434,2525,6145850.0,2383.6,2474.1,5897258.12,0.9595512616147248,1274,1349,51985.33,0.0002194977098367,21.7421,14.8382,2.1177,4,0.0212,0.1122,1,1.0,251,0.186064,251,0.197017,4200.89,1474.67,1.5009,4.9054,0.4789,3.7118,0.5487,0.0,0.911,0.4818,yes,yes,no,no,partial,PASS,,3895191352,PASS,Tampere suburban low density,batch_1000/wkt/map_0890,batch_1000/wkt/map_0890/roads.wkt,batch_1000/wkt/map_0890/metadata.json,previews/OSM_tampere_suburban_exact_2500m_0m_0890.png,OK
OSM_tampere_suburban_exact_2500m_0m_1033,1200,osm,tampere_suburban,suburban_low_density,,2434,2525,6145850.0,2383.6,2474.1,5897258.12,0.9595512616147248,1274,1349,51985.33,0.0002194977098367,21.7421,14.8382,2.1177,4,0.0212,0.1122,1,1.0,251,0.186064,251,0.197017,4200.89,1321.05,1.4153,4.9054,0.4789,3.7118,0.5487,0.0,0.911,0.4818,yes,yes,no,no,partial,PASS,,4290875881,PASS,Tampere suburban low density,batch_1200/wkt/map_1033,batch_1200/wkt/map_1033/roads.wkt,batch_1200/wkt/map_1033/metadata.json,previews/OSM_tampere_suburban_exact_2500m_0m_1033.png,OK
OSM_tampere_suburban_exact_2500m_0m_1191,1200,osm,tampere_suburban,suburban_low_density,,2434,2525,6145850.0,2383.6,2474.1,5897258.12,0.9595512616147248,1274,1349,51985.33,0.0002194977098367,21.7421,14.8382,2.1177,4,0.0212,0.1122,1,1.0,251,0.186064,251,0.197017,4200.89,1443.17,1.4439,4.9054,0.4789,3.7118,0.5487,0.0,0.911,0.4818,yes,yes,no,no,partial,PASS,,433894673,PASS,Tampere suburban low density,batch_1200/wkt/map_1191,batch_1200/wkt/map_1191/roads.wkt,batch_1200/wkt/map_1191/metadata.json,previews/OSM_tampere_suburban_exact_2500m_0m_1191.png,OK
OSM_tampere_suburban_exact_5000m_0m_0079,100,osm,tampere_suburban,suburban_low_density,,5222,5171,27002962.0,5171.06,5120.37,26477734.6,0.9805492671988087,9348,9800,297825.69,0.0003629231489493,18.8617,12.3105,2.0967,5,0.0194,0.0927,1,1.0,1845,0.188265,1801,0.192662,12854.48,3880.76,1.5595,5.0957,0.4365,1.4056,0.6648,0.0,0.9609,0.4861,yes,yes,no,no,partial,PASS,,504819056,PASS,Tampere suburban low density,batch_0100/wkt/map_0079,batch_0100/wkt/map_0079/roads.wkt,batch_0100/wkt/map_0079/metadata.json,previews/OSM_tampere_suburban_exact_5000m_0m_0079.png,OK
OSM_tampere_suburban_exact_5000m_0m_0217,400,osm,tampere_suburban,suburban_low_density,,5222,5171,27002962.0,5171.06,5120.37,26477734.6,0.9805492671988087,9348,9800,297825.69,0.0003629231489493,18.8617,12.3105,2.0967,5,0.0194,0.0927,1,1.0,1845,0.188265,1801,0.192662,12854.48,3956.26,1.5282,5.0957,0.4365,1.4056,0.6648,0.0,0.9609,0.4861,yes,yes,no,no,partial,PASS,,2195324144,PASS,Tampere suburban low density,batch_0400/wkt/map_0217,batch_0400/wkt/map_0217/roads.wkt,batch_0400/wkt/map_0217/metadata.json,previews/OSM_tampere_suburban_exact_5000m_0m_0217.png,SKIPPED_EXISTING_OK
OSM_tampere_suburban_exact_5000m_0m_0354,400,osm,tampere_suburban,suburban_low_density,,5222,5171,27002962.0,5171.06,5120.37,26477734.6,0.9805492671988087,9348,9800,297825.69,0.0003629231489493,18.8617,12.3105,2.0967,5,0.0194,0.0927,1,1.0,1845,0.188265,1801,0.192662,12854.48,4242.21,1.4758,5.0957,0.4365,1.4056,0.6648,0.0,0.9609,0.4861,yes,yes,no,no,partial,PASS,,1201557587,PASS,Tampere suburban low density,batch_0400/wkt/map_0354,batch_0400/wkt/map_0354/roads.wkt,batch_0400/wkt/map_0354/metadata.json,previews/OSM_tampere_suburban_exact_5000m_0m_0354.png,OK
OSM_tampere_suburban_exact_5000m_0m_0503,600,osm,tampere_suburban,suburban_low_density,,5222,5171,27002962.0,5171.06,5120.37,26477734.6,0.9805492671988087,9348,9800,297825.69,0.0003629231489493,18.8617,12.3105,2.0967,5,0.0194,0.0927,1,1.0,1845,0.188265,1801,0.192662,12854.48,3948.51,1.4566,5.0957,0.4365,1.4056,0.6648,0.0,0.9609,0.4861,yes,yes,no,no,partial,PASS,,58986589,PASS,Tampere suburban low density,batch_0600/wkt/map_0503,batch_0600/wkt/map_0503/roads.wkt,batch_0600/wkt/map_0503/metadata.json,previews/OSM_tampere_suburban_exact_5000m_0m_0503.png,OK
OSM_tampere_suburban_exact_5000m_0m_0654,800,osm,tampere_suburban,suburban_low_density,,5222,5171,27002962.0,5171.06,5120.37,26477734.6,0.9805492671988087,9348,9800,297825.69,0.0003629231489493,18.8617,12.3105,2.0967,5,0.0194,0.0927,1,1.0,1845,0.188265,1801,0.192662,12854.48,3912.98,1.4966,5.0957,0.4365,1.4056,0.6648,0.0,0.9609,0.4861,yes,yes,no,no,partial,PASS,,1461422371,PASS,Tampere suburban low density,batch_0800/wkt/map_0654,batch_0800/wkt/map_0654/roads.wkt,batch_0800/wkt/map_0654/metadata.json,previews/OSM_tampere_suburban_exact_5000m_0m_0654.png,OK
OSM_tampere_suburban_exact_5000m_0m_0797,800,osm,tampere_suburban,suburban_low_density,,5222,5171,27002962.0,5171.06,5120.37,26477734.6,0.9805492671988087,9348,9800,297825.69,0.0003629231489493,18.8617,12.3105,2.0967,5,0.0194,0.0927,1,1.0,1845,0.188265,1801,0.192662,12854.48,3582.66,1.4934,5.0957,0.4365,1.4056,0.6648,0.0,0.9609,0.4861,yes,yes,no,no,partial,PASS,,138359351,PASS,Tampere suburban low density,batch_0800/wkt/map_0797,batch_0800/wkt/map_0797/roads.wkt,batch_0800/wkt/map_0797/metadata.json,previews/OSM_tampere_suburban_exact_5000m_0m_0797.png,OK
OSM_tampere_suburban_exact_5000m_0m_0944,1000,osm,tampere_suburban,suburban_low_density,,5222,5171,27002962.0,5171.06,5120.37,26477734.6,0.9805492671988087,9348,9800,297825.69,0.0003629231489493,18.8617,12.3105,2.0967,5,0.0194,0.0927,1,1.0,1845,0.188265,1801,0.192662,12854.48,4029.87,1.6485,5.0957,0.4365,1.4056,0.6648,0.0,0.9609,0.4861,yes,yes,no,no,partial,PASS,,4162444361,PASS,Tampere suburban low density,batch_1000/wkt/map_0944,batch_1000/wkt/map_0944/roads.wkt,batch_1000/wkt/map_0944/metadata.json,previews/OSM_tampere_suburban_exact_5000m_0m_0944.png,OK
OSM_tampere_suburban_exact_5000m_0m_1093,1200,osm,tampere_suburban,suburban_low_density,,5222,5171,27002962.0,5171.06,5120.37,26477734.6,0.9805492671988087,9348,9800,297825.69,0.0003629231489493,18.8617,12.3105,2.0967,5,0.0194,0.0927,1,1.0,1845,0.188265,1801,0.192662,12854.48,4168.34,1.6003,5.0957,0.4365,1.4056,0.6648,0.0,0.9609,0.4861,yes,yes,no,no,partial,PASS,,764850551,PASS,Tampere suburban low density,batch_1200/wkt/map_1093,batch_1200/wkt/map_1093/roads.wkt,batch_1200/wkt/map_1093/metadata.json,previews/OSM_tampere_suburban_exact_5000m_0m_1093.png,OK
SYN_campus_compact_none_0349,400,synthetic,,campus_compact,campus_compact,250,250,62500.0,200.0,200.0,40000.0,0.64,20,40,3286.95,0.00064,82.1738,76.5367,4.0,7,0.0,0.95,1,1.0,0,0.0,0,0.0,409.85,159.67,2.0235,3.6823,0.425,1.2121,0.6171,0.0,0.5,0.2375,yes,yes,partial,partial,no,PASS,,3947710409,PASS,,batch_0400/wkt/map_0349,batch_0400/wkt/map_0349/roads.wkt,batch_0400/wkt/map_0349/metadata.json,previews/SYN_campus_compact_none_0349.png,OK
SYN_campus_compact_none_0380,400,synthetic,,campus_compact,campus_compact,250,250,62500.0,200.0,200.0,40000.0,0.64,20,45,4944.31,0.00072,109.8737,104.4031,4.5,8,0.0,1.0,1,1.0,0,0.0,0,0.0,534.92,197.59,1.8833,3.7971,0.3778,1.3663,0.7276,0.0,0.4889,0.2111,yes,yes,partial,partial,no,PASS,,2157655682,PASS,,batch_0400/wkt/map_0380,batch_0400/wkt/map_0380/roads.wkt,batch_0400/wkt/map_0380/metadata.json,previews/SYN_campus_compact_none_0380.png,OK
SYN_campus_compact_none_0400,600,synthetic,,campus_compact,campus_compact,290,250,72500.0,240.0,200.0,48000.0,0.6620689655172414,20,45,6054.28,0.0006206896551724,134.5396,113.1371,4.5,10,0.0,1.0,1,1.0,0,0.0,0,0.0,628.19,222.86,2.0942,3.6286,0.3778,1.4912,0.7237,0.0,0.4889,0.2111,yes,yes,partial,partial,no,PASS,,3678315871,PASS,,batch_0600/wkt/map_0400,batch_0600/wkt/map_0400/roads.wkt,batch_0600/wkt/map_0400/metadata.json,previews/SYN_campus_compact_none_0400.png,OK
SYN_campus_compact_none_0420,600,synthetic,,campus_compact,campus_compact,350,250,87500.0,300.0,200.0,60000.0,0.6857142857142857,20,44,7509.41,0.0005028571428571,170.6683,141.4214,4.4,9,0.0,1.0,1,1.0,0,0.0,0,0.0,730.06,310.66,2.0102,3.6235,0.3182,1.5833,0.6754,0.0,0.5455,0.2159,yes,yes,partial,partial,no,PASS,,459920951,PASS,,batch_0600/wkt/map_0420,batch_0600/wkt/map_0420/roads.wkt,batch_0600/wkt/map_0420/metadata.json,previews/SYN_campus_compact_none_0420.png,OK
SYN_campus_compact_none_0451,600,synthetic,,campus_compact,campus_compact,250,250,62500.0,200.0,200.0,40000.0,0.64,23,56,4832.03,0.000896,86.2862,80.0,4.8696,9,0.0,1.0,1,1.0,0,0.0,0,0.0,475.59,169.97,2.0076,3.9547,0.3036,1.1165,0.6481,0.0,0.4464,0.1964,yes,yes,partial,partial,no,PASS,,377692425,PASS,,batch_0600/wkt/map_0451,batch_0600/wkt/map_0451/roads.wkt,batch_0600/wkt/map_0451/metadata.json,previews/SYN_campus_compact_none_0451.png,OK
SYN_campus_compact_none_0476,600,synthetic,,campus_compact,campus_compact,250,250,62500.0,200.0,200.0,40000.0,0.64,23,65,7878.83,0.00104,121.2128,120.0,5.6522,10,0.0,1.0,1,1.0,0,0.0,0,0.0,529.71,195.87,1.7878,3.9107,0.3231,1.1778,0.7303,0.0,0.5385,0.1692,yes,yes,partial,partial,no,PASS,,2006330532,PASS,,batch_0600/wkt/map_0476,batch_0600/wkt/map_0476/roads.wkt,batch_0600/wkt/map_0476/metadata.json,previews/SYN_campus_compact_none_0476.png,OK
SYN_campus_compact_none_0506,600,synthetic,,campus_compact,campus_compact,290,290,84100.0,240.0,240.0,57600.0,0.6848989298454221,23,57,8273.29,0.0006777645659928,145.1454,113.1371,4.9565,10,0.0,1.0,1,1.0,0,0.0,0,0.0,640.0,250.6,1.7834,3.8166,0.3158,1.2179,0.7034,0.0,0.4737,0.193,yes,yes,partial,partial,no,PASS,,1886679928,PASS,,batch_0600/wkt/map_0506,batch_0600/wkt/map_0506/roads.wkt,batch_0600/wkt/map_0506/metadata.json,previews/SYN_campus_compact_none_0506.png,OK
SYN_campus_compact_none_0533,600,synthetic,,campus_compact,campus_compact,350,350,122500.0,300.0,300.0,90000.0,0.7346938775510204,23,68,13142.79,0.0005551020408163,193.2763,200.0,5.913,11,0.0,1.0,1,1.0,0,0.0,0,0.0,1012.9,268.06,1.8466,3.8451,0.2941,1.2432,0.6506,0.0,0.5735,0.1618,yes,yes,partial,partial,no,PASS,,3382875260,PASS,,batch_0600/wkt/map_0533,batch_0600/wkt/map_0533/roads.wkt,batch_0600/wkt/map_0533/metadata.json,previews/SYN_campus_compact_none_0533.png,OK
SYN_campus_compact_none_0866,1000,synthetic,,campus_compact,campus_compact,250,250,62500.0,200.0,200.0,40000.0,0.64,20,56,4463.57,0.000896,79.7066,76.5367,5.6,11,0.0,1.0,1,1.0,0,0.0,0,0.0,442.84,133.59,1.4737,3.6838,0.4286,1.2121,0.6171,0.0,0.4286,0.1696,yes,yes,partial,partial,no,PASS,,3164698286,PASS,,batch_1000/wkt/map_0866,batch_1000/wkt/map_0866/roads.wkt,batch_1000/wkt/map_0866/metadata.json,previews/SYN_campus_compact_none_0866.png,OK
SYN_campus_compact_none_0900,1000,synthetic,,campus_compact,campus_compact,250,250,62500.0,200.0,200.0,40000.0,0.64,20,60,7066.29,0.00096,117.7715,120.0,6.0,11,0.0,1.0,1,1.0,0,0.0,0,0.0,526.06,167.15,1.8629,3.9281,0.3167,1.3663,0.7276,0.0,0.4,0.1583,yes,yes,partial,partial,no,PASS,,2414154696,PASS,,batch_1000/wkt/map_0900,batch_1000/wkt/map_0900/roads.wkt,batch_1000/wkt/map_0900/metadata.json,previews/SYN_campus_compact_none_0900.png,OK
SYN_campus_compact_none_0928,1000,synthetic,,campus_compact,campus_compact,290,250,72500.0,240.0,200.0,48000.0,0.6620689655172414,20,60,8460.45,0.0008275862068965,141.0075,113.1371,6.0,10,0.0,1.0,1,1.0,0,0.0,0,0.0,621.26,200.9,1.7593,3.8829,0.3333,1.4912,0.7237,0.0,0.5667,0.1583,yes,yes,partial,partial,no,PASS,,3674165690,PASS,,batch_1000/wkt/map_0928,batch_1000/wkt/map_0928/roads.wkt,batch_1000/wkt/map_0928/metadata.json,previews/SYN_campus_compact_none_0928.png,OK
SYN_campus_compact_none_0955,1000,synthetic,,campus_compact,campus_compact,350,250,87500.0,300.0,200.0,60000.0,0.6857142857142857,20,59,9604.49,0.0006742857142857,162.788,141.4214,5.9,11,0.0,1.0,1,1.0,0,0.0,0,0.0,721.11,246.36,1.5884,3.6229,0.3729,1.5833,0.6754,0.0,0.4068,0.161,yes,yes,partial,partial,no,PASS,,2171135887,PASS,,batch_1000/wkt/map_0955,batch_1000/wkt/map_0955/roads.wkt,batch_1000/wkt/map_0955/metadata.json,previews/SYN_campus_compact_none_0955.png,OK
SYN_campus_compact_none_0979,1000,synthetic,,campus_compact,campus_compact,250,250,62500.0,200.0,200.0,40000.0,0.64,23,88,7358.44,0.001408,83.6186,80.0,7.6522,12,0.0,1.0,1,1.0,0,0.0,0,0.0,475.59,130.83,1.7686,3.9156,0.3182,1.1165,0.6481,0.0,0.375,0.125,yes,yes,partial,partial,no,PASS,,1809268494,PASS,,batch_1000/wkt/map_0979,batch_1000/wkt/map_0979/roads.wkt,batch_1000/wkt/map_0979/metadata.json,previews/SYN_campus_compact_none_0979.png,OK
SYN_campus_compact_none_1008,1200,synthetic,,campus_compact,campus_compact,250,250,62500.0,200.0,200.0,40000.0,0.64,23,77,9031.79,0.001232,117.2959,120.0,6.6957,12,0.0,1.0,1,1.0,0,0.0,0,0.0,540.48,188.15,2.1665,3.6895,0.3377,1.1778,0.7303,0.0,0.4416,0.1429,yes,yes,partial,partial,no,PASS,,2261800,PASS,,batch_1200/wkt/map_1008,batch_1200/wkt/map_1008/roads.wkt,batch_1200/wkt/map_1008/metadata.json,previews/SYN_campus_compact_none_1008.png,OK
SYN_campus_compact_none_1038,1200,synthetic,,campus_compact,campus_compact,290,290,84100.0,240.0,240.0,57600.0,0.6848989298454221,23,89,13765.68,0.0010582639714625,154.6705,160.0,7.7391,14,0.0,1.0,1,1.0,0,0.0,0,0.0,699.41,209.94,1.6155,3.8753,0.3483,1.2179,0.7034,0.0,0.3371,0.1236,yes,yes,partial,partial,no,PASS,,4169589351,PASS,,batch_1200/wkt/map_1038,batch_1200/wkt/map_1038/roads.wkt,batch_1200/wkt/map_1038/metadata.json,previews/SYN_campus_compact_none_1038.png,OK
SYN_campus_compact_none_1055,1200,synthetic,,campus_compact,campus_compact,350,350,122500.0,300.0,300.0,90000.0,0.7346938775510204,23,85,16130.65,0.0006938775510204,189.7723,200.0,7.3913,13,0.0,1.0,1,1.0,0,0.0,0,0.0,730.06,242.83,1.3211,3.8057,0.3765,1.2432,0.6506,0.0,0.4,0.1294,yes,yes,partial,partial,no,PASS,,3406293028,PASS,,batch_1200/wkt/map_1055,batch_1200/wkt/map_1055/roads.wkt,batch_1200/wkt/map_1055/metadata.json,previews/SYN_campus_compact_none_1055.png,OK
SYN_clustered_communities_haggle_contacts_only_0008,100,trace_reference_synthetic,haggle_contacts_only,clustered_communities,clustered_communities,194,192,37248.0,143.83,141.65,20372.5,0.5469421865840103,27,71,1506.74,0.0019061426116838,21.2217,13.6553,5.2593,10,0.0,0.963,1,1.0,0,0.0,0,0.0,368.23,148.17,1.5297,4.6903,0.3521,3.5678,0.7548,0.0,0.5211,0.1831,yes,yes,yes,partial,no,PASS,,2510395048,PASS,Haggle (contacts only),batch_0100/wkt/map_0008,batch_0100/wkt/map_0008/roads.wkt,batch_0100/wkt/map_0008/metadata.json,previews/SYN_clustered_communities_haggle_contacts_only_0008.png,OK
SYN_clustered_communities_haggle_contacts_only_0036,100,trace_reference_synthetic,haggle_contacts_only,clustered_communities,clustered_communities,194,196,38024.0,143.5,145.29,20848.45,0.5482970251534975,27,67,1471.54,0.0017620450241952,21.9633,14.4877,4.963,10,0.0,0.8889,1,1.0,0,0.0,0,0.0,376.44,152.53,1.5186,4.6199,0.2388,2.697,0.7896,0.0,0.4776,0.194,yes,yes,yes,partial,no,PASS,,1797431715,PASS,Haggle (contacts only),batch_0100/wkt/map_0036,batch_0100/wkt/map_0036/roads.wkt,batch_0100/wkt/map_0036/metadata.json,previews/SYN_clustered_communities_haggle_contacts_only_0036.png,OK
SYN_clustered_communities_haggle_contacts_only_0063,100,trace_reference_synthetic,haggle_contacts_only,clustered_communities,clustered_communities,196,193,37828.0,145.86,142.15,20734.27,0.5481195286820172,27,73,1720.09,0.001929787459025,23.5628,12.6497,5.4074,10,0.0,0.8519,1,1.0,0,0.0,0,0.0,367.88,173.09,1.4071,4.6621,0.274,2.4509,0.8174,0.0,0.4384,0.1781,yes,yes,yes,partial,no,PASS,,634066420,PASS,Haggle (contacts only),batch_0100/wkt/map_0063,batch_0100/wkt/map_0063/roads.wkt,batch_0100/wkt/map_0063/metadata.json,previews/SYN_clustered_communities_haggle_contacts_only_0063.png,OK
SYN_clustered_communities_haggle_contacts_only_0094,100,trace_reference_synthetic,haggle_contacts_only,clustered_communities,clustered_communities,196,197,38612.0,145.31,146.08,21227.54,0.5497654771457346,27,79,2145.58,0.0020459960633999,27.1593,13.9997,5.8519,10,0.0,1.0,1,1.0,0,0.0,0,0.0,371.41,132.38,1.5502,4.6458,0.2658,2.7861,0.7951,0.0,0.481,0.1646,yes,yes,yes,partial,no,PASS,,1140964875,PASS,Haggle (contacts only),batch_0100/wkt/map_0094,batch_0100/wkt/map_0094/roads.wkt,batch_0100/wkt/map_0094/metadata.json,previews/SYN_clustered_communities_haggle_contacts_only_0094.png,OK
SYN_clustered_communities_haggle_contacts_only_0123,200,trace_reference_synthetic,haggle_contacts_only,clustered_communities,clustered_communities,290,293,84970.0,239.07,242.12,57881.57,0.6812000379752549,27,68,2463.14,0.0008002824526303,36.2226,21.6407,5.037,10,0.0,0.8889,1,1.0,0,0.0,0,0.0,618.27,223.08,1.5136,4.815,0.2941,3.1213,0.7694,0.0,0.5735,0.1912,yes,yes,yes,partial,no,PASS,,1900121672,PASS,Haggle (contacts only),batch_0200/wkt/map_0123,batch_0200/wkt/map_0123/roads.wkt,batch_0200/wkt/map_0123/metadata.json,previews/SYN_clustered_communities_haggle_contacts_only_0123.png,OK
SYN_clustered_communities_haggle_contacts_only_0155,200,trace_reference_synthetic,haggle_contacts_only,clustered_communities,clustered_communities,293,294,86142.0,242.9,243.55,59158.56,0.6867562552915071,27,73,2526.55,0.0008474379512897,34.6103,23.8217,5.4074,10,0.0,0.8889,1,1.0,0,0.0,0,0.0,626.73,266.72,1.4931,4.6968,0.2603,3.3987,0.7603,0.0,0.5479,0.1781,yes,yes,yes,partial,no,PASS,,2480759592,PASS,Haggle (contacts only),batch_0200/wkt/map_0155,batch_0200/wkt/map_0155/roads.wkt,batch_0200/wkt/map_0155/metadata.json,previews/SYN_clustered_communities_haggle_contacts_only_0155.png,OK
SYN_clustered_communities_haggle_contacts_only_0178,200,trace_reference_synthetic,haggle_contacts_only,clustered_communities,clustered_communities,295,292,86140.0,244.26,241.85,59074.99,0.6858020495449092,27,67,2805.4,0.0007778035755746,41.8716,22.6381,4.963,10,0.0,0.9259,1,1.0,0,0.0,0,0.0,614.45,227.7,1.3139,4.7819,0.2537,3.3787,0.7583,0.0,0.3731,0.194,yes,yes,yes,partial,no,PASS,,1041529014,PASS,Haggle (contacts only),batch_0200/wkt/map_0178,batch_0200/wkt/map_0178/roads.wkt,batch_0200/wkt/map_0178/metadata.json,previews/SYN_clustered_communities_haggle_contacts_only_0178.png,OK
SYN_clustered_communities_haggle_contacts_only_0208,400,trace_reference_synthetic,haggle_contacts_only,clustered_communities,clustered_communities,293,291,85263.0,242.19,240.03,58132.99,0.6818079084546463,27,78,3582.12,0.0009148165089194,45.9246,23.2602,5.7778,10,0.0,0.963,1,1.0,0,0.0,0,0.0,620.81,261.1,1.4406,4.7737,0.2949,2.8106,0.7917,0.0,0.3974,0.1667,yes,yes,yes,partial,no,PASS,,4014918045,PASS,Haggle (contacts only),batch_0400/wkt/map_0208,batch_0400/wkt/map_0208/roads.wkt,batch_0400/wkt/map_0208/metadata.json,previews/SYN_clustered_communities_haggle_contacts_only_0208.png,OK
SYN_clustered_communities_haggle_contacts_only_0234,400,trace_reference_synthetic,haggle_contacts_only,clustered_communities,clustered_communities,414,411,170154.0,363.2,361.0,131114.04,0.7705610186281832,27,74,3980.91,0.0004349001492765,53.7961,35.3893,5.4815,10,0.0,1.0,1,1.0,0,0.0,0,0.0,924.09,314.37,1.518,4.6704,0.3784,3.1541,0.7736,0.0,0.527,0.1757,yes,yes,yes,partial,no,PASS,,3074080584,PASS,Haggle (contacts only),batch_0400/wkt/map_0234,batch_0400/wkt/map_0234/roads.wkt,batch_0400/wkt/map_0234/metadata.json,previews/SYN_clustered_communities_haggle_contacts_only_0234.png,OK
SYN_clustered_communities_haggle_contacts_only_0262,400,trace_reference_synthetic,haggle_contacts_only,clustered_communities,clustered_communities,404,409,165236.0,353.57,358.24,126663.49,0.7665610754393175,27,76,3850.22,0.0004599481953085,50.6608,33.7254,5.6296,10,0.0,0.963,1,1.0,0,0.0,0,0.0,920.24,403.05,1.4786,4.6656,0.2632,2.8578,0.7959,0.0,0.5395,0.1711,yes,yes,yes,partial,no,PASS,,3565793135,PASS,Haggle (contacts only),batch_0400/wkt/map_0262,batch_0400/wkt/map_0262/roads.wkt,batch_0400/wkt/map_0262/metadata.json,previews/SYN_clustered_communities_haggle_contacts_only_0262.png,OK
SYN_clustered_communities_haggle_contacts_only_0288,400,trace_reference_synthetic,haggle_contacts_only,clustered_communities,clustered_communities,416,419,174304.0,365.3,368.26,134527.45,0.771797831640641,27,77,4761.46,0.0004417569304204,61.8371,35.6613,5.7037,10,0.037,0.963,1,1.0,1,0.012987,1,0.037037,920.96,346.84,1.5573,4.6992,0.3377,3.0743,0.7729,0.0,0.5065,0.1751,yes,yes,yes,partial,no,PASS,,903715582,PASS,Haggle (contacts only),batch_0400/wkt/map_0288,batch_0400/wkt/map_0288/roads.wkt,batch_0400/wkt/map_0288/metadata.json,previews/SYN_clustered_communities_haggle_contacts_only_0288.png,OK
SYN_clustered_communities_haggle_contacts_only_0319,400,trace_reference_synthetic,haggle_contacts_only,clustered_communities,clustered_communities,408,411,167688.0,357.33,360.98,128991.64,0.7692359666995695,27,80,5111.83,0.000477076475359,63.8979,32.85,5.9259,10,0.0,0.963,1,1.0,0,0.0,0,0.0,921.4,319.42,1.2791,4.7508,0.2375,2.9932,0.7773,0.0,0.425,0.1625,yes,yes,yes,partial,no,PASS,,2581423625,PASS,Haggle (contacts only),batch_0400/wkt/map_0319,batch_0400/wkt/map_0319/roads.wkt,batch_0400/wkt/map_0319/metadata.json,previews/SYN_clustered_communities_haggle_contacts_only_0319.png,OK
SYN_clustered_communities_haggle_contacts_only_0350,400,trace_reference_synthetic,haggle_contacts_only,clustered_communities,clustered_communities,630,660,415800.0,579.34,609.58,353152.42,0.8493324256759025,27,78,6403.87,0.0001875901875901,82.101,53.8531,5.7778,10,0.0,1.0,1,1.0,0,0.0,0,0.0,1543.95,601.98,1.554,4.7224,0.3846,3.133,0.7772,0.0,0.5897,0.1667,yes,yes,yes,partial,no,PASS,,2624930062,PASS,Haggle (contacts only),batch_0400/wkt/map_0350,batch_0400/wkt/map_0350/roads.wkt,batch_0400/wkt/map_0350/metadata.json,previews/SYN_clustered_communities_haggle_contacts_only_0350.png,OK
SYN_clustered_communities_haggle_contacts_only_0381,400,trace_reference_synthetic,haggle_contacts_only,clustered_communities,clustered_communities,637,656,417872.0,586.64,605.36,355127.03,0.849846439075548,27,73,6242.92,0.0001746946433357,85.5195,53.1114,5.4074,10,0.0,0.9259,1,1.0,0,0.0,0,0.0,1548.67,612.88,1.4981,4.6971,0.2603,2.9422,0.7826,0.0,0.5753,0.1781,yes,yes,yes,partial,no,PASS,,1389249240,PASS,Haggle (contacts only),batch_0400/wkt/map_0381,batch_0400/wkt/map_0381/roads.wkt,batch_0400/wkt/map_0381/metadata.json,previews/SYN_clustered_communities_haggle_contacts_only_0381.png,OK
SYN_clustered_communities_haggle_contacts_only_0401,600,trace_reference_synthetic,haggle_contacts_only,clustered_communities,clustered_communities,638,664,423632.0,587.87,613.37,360584.77,0.8511745359496338,27,65,7178.17,0.0001534350568417,110.4334,60.3481,4.8148,10,0.037,0.8889,1,1.0,1,0.015385,1,0.037037,1575.16,712.24,1.4066,4.6064,0.2769,3.1947,0.7672,0.0,0.3385,0.2074,yes,yes,yes,partial,no,PASS,,3047373230,PASS,Haggle (contacts only),batch_0600/wkt/map_0401,batch_0600/wkt/map_0401/roads.wkt,batch_0600/wkt/map_0401/metadata.json,previews/SYN_clustered_communities_haggle_contacts_only_0401.png,OK
SYN_clustered_communities_haggle_contacts_only_0424,600,trace_reference_synthetic,haggle_contacts_only,clustered_communities,clustered_communities,666,664,442224.0,615.95,613.52,377895.6,0.8545343562640033,27,76,9420.47,0.0001718586055935,122.3437,67.8098,5.6296,10,0.0,0.963,1,1.0,0,0.0,0,0.0,1538.12,695.14,1.5317,4.8215,0.2857,2.9768,0.7599,0.0,0.4737,0.1711,yes,yes,yes,partial,no,PASS,,4084164403,PASS,Haggle (contacts only),batch_0600/wkt/map_0424,batch_0600/wkt/map_0424/roads.wkt,batch_0600/wkt/map_0424/metadata.json,previews/SYN_clustered_communities_haggle_contacts_only_0424.png,OK
SYN_clustered_communities_haggle_contacts_only_0452,600,trace_reference_synthetic,haggle_contacts_only,clustered_communities,clustered_communities,195,195,38025.0,144.3,144.09,20792.14,0.5468017286822879,27,91,1800.32,0.0023931623931623,19.7838,14.6965,6.7407,10,0.0,1.0,1,1.0,0,0.0,0,0.0,372.3,165.71,1.4483,4.7086,0.3736,2.4927,0.7995,0.0,0.5934,0.1429,yes,yes,yes,partial,no,PASS,,3964574704,PASS,Haggle (contacts only),batch_0600/wkt/map_0452,batch_0600/wkt/map_0452/roads.wkt,batch_0600/wkt/map_0452/metadata.json,previews/SYN_clustered_communities_haggle_contacts_only_0452.png,OK
SYN_clustered_communities_haggle_contacts_only_0477,600,trace_reference_synthetic,haggle_contacts_only,clustered_communities,clustered_communities,195,189,36855.0,144.02,138.72,19978.99,0.5420971976925869,27,86,1683.59,0.0023334690001356,19.5766,13.9848,6.3704,10,0.0,1.0,1,1.0,0,0.0,0,0.0,367.55,156.13,1.6222,4.8459,0.3372,3.3209,0.7537,0.0,0.6047,0.1512,yes,yes,yes,partial,no,PASS,,3122046306,PASS,Haggle (contacts only),batch_0600/wkt/map_0477,batch_0600/wkt/map_0477/roads.wkt,batch_0600/wkt/map_0477/metadata.json,previews/SYN_clustered_communities_haggle_contacts_only_0477.png,OK
SYN_clustered_communities_haggle_contacts_only_0509,600,trace_reference_synthetic,haggle_contacts_only,clustered_communities,clustered_communities,194,199,38606.0,143.52,148.03,21244.96,0.550302150649312,27,86,1986.68,0.0022276330104128,23.1009,14.0599,6.3704,10,0.0,1.0,1,1.0,0,0.0,0,0.0,375.14,162.82,1.522,4.7227,0.2674,2.9052,0.7846,0.0,0.3953,0.1512,yes,yes,yes,partial,no,PASS,,2520705648,PASS,Haggle (contacts only),batch_0600/wkt/map_0509,batch_0600/wkt/map_0509/roads.wkt,batch_0600/wkt/map_0509/metadata.json,previews/SYN_clustered_communities_haggle_contacts_only_0509.png,OK
SYN_clustered_communities_haggle_contacts_only_0535,600,trace_reference_synthetic,haggle_contacts_only,clustered_communities,clustered_communities,194,197,38218.0,143.03,146.47,20948.76,0.548138665329059,27,92,2393.15,0.0024072426605264,26.0125,14.7356,6.8148,10,0.0,1.0,1,1.0,0,0.0,0,0.0,374.6,167.03,1.5527,4.8986,0.3043,3.5077,0.7526,0.0,0.4457,0.1413,yes,yes,yes,partial,no,PASS,,1550676186,PASS,Haggle (contacts only),batch_0600/wkt/map_0535,batch_0600/wkt/map_0535/roads.wkt,batch_0600/wkt/map_0535/metadata.json,previews/SYN_clustered_communities_haggle_contacts_only_0535.png,OK
SYN_clustered_communities_haggle_contacts_only_0555,600,trace_reference_synthetic,haggle_contacts_only,clustered_communities,clustered_communities,296,290,85840.0,245.13,239.94,58815.84,0.6851798432024898,27,84,2819.01,0.0009785647716682,33.5597,23.3841,6.2222,10,0.0,1.0,1,1.0,0,0.0,0,0.0,615.61,241.43,1.4998,4.8371,0.2976,3.3055,0.7636,0.0,0.5357,0.1548,yes,yes,yes,partial,no,PASS,,1756929204,PASS,Haggle (contacts only),batch_0600/wkt/map_0555,batch_0600/wkt/map_0555/roads.wkt,batch_0600/wkt/map_0555/metadata.json,previews/SYN_clustered_communities_haggle_contacts_only_0555.png,OK
SYN_clustered_communities_haggle_contacts_only_0581,600,trace_reference_synthetic,haggle_contacts_only,clustered_communities,clustered_communities,293,296,86728.0,242.5,245.04,59423.16,0.6851669479921202,27,92,3315.46,0.0010607877502075,36.0376,25.8233,6.8148,10,0.0,1.0,1,1.0,0,0.0,0,0.0,620.26,271.55,1.5974,4.7846,0.3043,2.6523,0.796,0.0,0.6087,0.1413,yes,yes,yes,partial,no,PASS,,2840647417,PASS,Haggle (contacts only),batch_0600/wkt/map_0581,batch_0600/wkt/map_0581/roads.wkt,batch_0600/wkt/map_0581/metadata.json,previews/SYN_clustered_communities_haggle_contacts_only_0581.png,OK
SYN_clustered_communities_haggle_contacts_only_0607,800,trace_reference_synthetic,haggle_contacts_only,clustered_communities,clustered_communities,287,275,78925.0,236.73,224.22,53079.7,0.6725334002176657,27,83,2831.13,0.0010516312955337,34.11,18.9091,6.1481,10,0.0,1.0,1,1.0,0,0.0,0,0.0,612.69,234.72,1.368,4.773,0.2771,2.5844,0.8128,0.0,0.4458,0.1566,yes,yes,yes,partial,no,PASS,,932855480,PASS,Haggle (contacts only),batch_0800/wkt/map_0607,batch_0800/wkt/map_0607/roads.wkt,batch_0800/wkt/map_0607/metadata.json,previews/SYN_clustered_communities_haggle_contacts_only_0607.png,OK
SYN_clustered_communities_haggle_contacts_only_0635,800,trace_reference_synthetic,haggle_contacts_only,clustered_communities,clustered_communities,288,295,84960.0,237.26,244.66,58047.88,0.6832378036310923,27,94,3930.94,0.0011064030131826,41.3783,23.2983,6.963,10,0.0,1.0,1,1.0,0,0.0,0,0.0,617.88,253.71,1.3903,4.8948,0.3158,3.5146,0.7483,0.0,0.4468,0.1383,yes,yes,yes,partial,no,PASS,,3995276892,PASS,Haggle (contacts only),batch_0800/wkt/map_0635,batch_0800/wkt/map_0635/roads.wkt,batch_0800/wkt/map_0635/metadata.json,previews/SYN_clustered_communities_haggle_contacts_only_0635.png,OK
SYN_clustered_communities_haggle_contacts_only_0662,800,trace_reference_synthetic,haggle_contacts_only,clustered_communities,clustered_communities,421,408,171768.0,370.33,357.58,132422.7,0.7709392667532715,27,79,4302.96,0.0004599226864142,54.4679,36.9988,5.8519,10,0.0,1.0,1,1.0,0,0.0,0,0.0,933.84,362.7,1.3984,4.8202,0.3165,2.7185,0.7932,0.0,0.5949,0.1646,yes,yes,yes,partial,no,PASS,,212782425,PASS,Haggle (contacts only),batch_0800/wkt/map_0662,batch_0800/wkt/map_0662/roads.wkt,batch_0800/wkt/map_0662/metadata.json,previews/SYN_clustered_communities_haggle_contacts_only_0662.png,OK
SYN_clustered_communities_haggle_contacts_only_0690,800,trace_reference_synthetic,haggle_contacts_only,clustered_communities,clustered_communities,402,415,166830.0,351.34,364.46,128051.16,0.7675547792961351,27,92,4391.13,0.0005514595696217,47.7296,32.2843,6.8148,10,0.0,1.0,1,1.0,0,0.0,0,0.0,937.47,381.92,1.4096,4.8997,0.2826,2.742,0.7945,0.0,0.5978,0.1413,yes,yes,yes,partial,no,PASS,,383922779,PASS,Haggle (contacts only),batch_0800/wkt/map_0690,batch_0800/wkt/map_0690/roads.wkt,batch_0800/wkt/map_0690/metadata.json,previews/SYN_clustered_communities_haggle_contacts_only_0690.png,OK
SYN_clustered_communities_haggle_contacts_only_0721,800,trace_reference_synthetic,haggle_contacts_only,clustered_communities,clustered_communities,421,408,171768.0,370.54,357.13,132328.8,0.7703926036359147,27,93,5056.21,0.0005414279726142,54.3679,34.6835,6.8889,10,0.0,1.0,1,1.0,0,0.0,0,0.0,917.9,371.44,1.3994,4.8753,0.3548,3.0675,0.781,0.0,0.5054,0.1398,yes,yes,yes,partial,no,PASS,,1063984265,PASS,Haggle (contacts only),batch_0800/wkt/map_0721,batch_0800/wkt/map_0721/roads.wkt,batch_0800/wkt/map_0721/metadata.json,previews/SYN_clustered_communities_haggle_contacts_only_0721.png,OK
SYN_clustered_communities_haggle_contacts_only_0746,800,trace_reference_synthetic,haggle_contacts_only,clustered_communities,clustered_communities,416,419,174304.0,365.18,368.06,134407.99,0.7711124834664037,27,92,5584.11,0.0005278134753075,60.6968,32.0345,6.8148,10,0.0,1.0,1,1.0,0,0.0,0,0.0,920.38,365.89,1.384,4.9699,0.3478,2.7502,0.7987,0.0,0.337,0.1413,yes,yes,yes,partial,no,PASS,,815176568,PASS,Haggle (contacts only),batch_0800/wkt/map_0746,batch_0800/wkt/map_0746/roads.wkt,batch_0800/wkt/map_0746/metadata.json,previews/SYN_clustered_communities_haggle_contacts_only_0746.png,OK
SYN_clustered_communities_haggle_contacts_only_0771,800,trace_reference_synthetic,haggle_contacts_only,clustered_communities,clustered_communities,665,610,405650.0,614.1,559.75,343742.31,0.8473864357865195,27,92,6698.6,0.0002267964994453,72.8108,44.43,6.8148,10,0.0,1.0,1,1.0,0,0.0,0,0.0,1499.89,565.85,1.4107,4.931,0.2717,2.8557,0.7857,0.0,0.5652,0.1413,yes,yes,yes,partial,no,PASS,,1112234350,PASS,Haggle (contacts only),batch_0800/wkt/map_0771,batch_0800/wkt/map_0771/roads.wkt,batch_0800/wkt/map_0771/metadata.json,previews/SYN_clustered_communities_haggle_contacts_only_0771.png,OK
SYN_clustered_communities_haggle_contacts_only_0800,1000,trace_reference_synthetic,haggle_contacts_only,clustered_communities,clustered_communities,642,617,396114.0,591.5,566.13,334863.67,0.8453719524628085,27,91,6927.32,0.0002297318448729,76.1244,56.0345,6.7407,10,0.0,1.0,1,1.0,0,0.0,0,0.0,1530.41,688.09,1.4164,4.9274,0.3187,2.8299,0.7984,0.0,0.5824,0.1429,yes,yes,yes,partial,no,PASS,,1757709985,PASS,Haggle (contacts only),batch_1000/wkt/map_0800,batch_1000/wkt/map_0800/roads.wkt,batch_1000/wkt/map_0800/metadata.json,previews/SYN_clustered_communities_haggle_contacts_only_0800.png,OK
SYN_clustered_communities_haggle_contacts_only_0822,1000,trace_reference_synthetic,haggle_contacts_only,clustered_communities,clustered_communities,665,657,436905.0,614.85,606.92,373166.54,0.8541136922420547,27,86,8909.2,0.0001968391297879,103.5953,64.1275,6.3704,10,0.0,1.0,1,1.0,0,0.0,0,0.0,1543.15,668.1,1.4466,4.8969,0.3023,2.9369,0.7762,0.0,0.5465,0.1512,yes,yes,yes,partial,no,PASS,,3771054341,PASS,Haggle (contacts only),batch_1000/wkt/map_0822,batch_1000/wkt/map_0822/roads.wkt,batch_1000/wkt/map_0822/metadata.json,previews/SYN_clustered_communities_haggle_contacts_only_0822.png,OK
SYN_clustered_communities_haggle_contacts_only_0844,1000,trace_reference_synthetic,haggle_contacts_only,clustered_communities,clustered_communities,663,622,412386.0,612.32,571.31,349828.35,0.8483031629403058,27,94,9600.81,0.0002279417826987,102.1362,52.4827,6.963,10,0.0,1.0,1,1.0,0,0.0,0,0.0,1568.04,564.25,1.3501,4.8272,0.3404,3.2275,0.7675,0.0,0.4681,0.1383,yes,yes,yes,partial,no,PASS,,1465885898,PASS,Haggle (contacts only),batch_1000/wkt/map_0844,batch_1000/wkt/map_0844/roads.wkt,batch_1000/wkt/map_0844/metadata.json,previews/SYN_clustered_communities_haggle_contacts_only_0844.png,OK
SYN_clustered_communities_haggle_contacts_only_0868,1000,trace_reference_synthetic,haggle_contacts_only,clustered_communities,clustered_communities,186,196,36456.0,135.17,145.2,19626.38,0.5383581513179186,27,101,1856.52,0.0027704630239192,18.3814,12.5466,7.4815,10,0.0,1.0,1,1.0,0,0.0,0,0.0,371.96,138.97,1.6099,5.0271,0.297,3.1326,0.7727,0.0,0.6238,0.1287,yes,yes,yes,partial,no,PASS,,939575572,PASS,Haggle (contacts only),batch_1000/wkt/map_0868,batch_1000/wkt/map_0868/roads.wkt,batch_1000/wkt/map_0868/metadata.json,previews/SYN_clustered_communities_haggle_contacts_only_0868.png,OK
SYN_clustered_communities_haggle_contacts_only_0903,1000,trace_reference_synthetic,haggle_contacts_only,clustered_communities,clustered_communities,197,196,38612.0,146.28,145.25,21247.31,0.5502774825197051,27,96,1858.49,0.0024862736972961,19.3592,13.3037,7.1111,10,0.0,1.0,1,1.0,0,0.0,0,0.0,369.96,146.03,1.5779,4.7987,0.2708,2.885,0.7993,0.0,0.5833,0.1354,yes,yes,yes,partial,no,PASS,,348060246,PASS,Haggle (contacts only),batch_1000/wkt/map_0903,batch_1000/wkt/map_0903/roads.wkt,batch_1000/wkt/map_0903/metadata.json,previews/SYN_clustered_communities_haggle_contacts_only_0903.png,OK
SYN_clustered_communities_haggle_contacts_only_0930,1000,trace_reference_synthetic,haggle_contacts_only,clustered_communities,clustered_communities,198,196,38808.0,147.3,145.98,21502.45,0.5540727268741955,27,101,2186.28,0.0026025561739847,21.6463,14.4282,7.4815,10,0.0,1.0,1,1.0,0,0.0,0,0.0,373.49,162.56,1.4555,4.908,0.3267,2.7825,0.7941,0.0,0.4455,0.1287,yes,yes,yes,partial,no,PASS,,315112359,PASS,Haggle (contacts only),batch_1000/wkt/map_0930,batch_1000/wkt/map_0930/roads.wkt,batch_1000/wkt/map_0930/metadata.json,previews/SYN_clustered_communities_haggle_contacts_only_0930.png,OK
SYN_clustered_communities_haggle_contacts_only_0958,1000,trace_reference_synthetic,haggle_contacts_only,clustered_communities,clustered_communities,196,194,38024.0,145.9,143.7,20965.22,0.5513679858873017,27,110,2646.13,0.002892909741216,24.0557,14.989,8.1481,10,0.0,1.0,1,1.0,0,0.0,0,0.0,375.5,135.47,1.3384,4.9427,0.3273,2.6273,0.8034,0.0,0.4091,0.1182,yes,yes,yes,partial,no,PASS,,2915141579,PASS,Haggle (contacts only),batch_1000/wkt/map_0958,batch_1000/wkt/map_0958/roads.wkt,batch_1000/wkt/map_0958/metadata.json,previews/SYN_clustered_communities_haggle_contacts_only_0958.png,OK
SYN_clustered_communities_haggle_contacts_only_0981,1000,trace_reference_synthetic,haggle_contacts_only,clustered_communities,clustered_communities,284,291,82644.0,233.97,240.28,56216.44,0.6802240588093831,27,104,3189.71,0.0012584095639126,30.6702,22.0387,7.7037,10,0.0,1.0,1,1.0,0,0.0,0,0.0,615.74,264.54,1.4919,4.8784,0.2788,2.8564,0.7852,0.0,0.5769,0.125,yes,yes,yes,partial,no,PASS,,2407660754,PASS,Haggle (contacts only),batch_1000/wkt/map_0981,batch_1000/wkt/map_0981/roads.wkt,batch_1000/wkt/map_0981/metadata.json,previews/SYN_clustered_communities_haggle_contacts_only_0981.png,OK
SYN_clustered_communities_haggle_contacts_only_1011,1200,trace_reference_synthetic,haggle_contacts_only,clustered_communities,clustered_communities,294,294,86436.0,243.51,243.42,59275.47,0.6857729020758072,27,103,3795.24,0.0011916331158313,36.847,27.7242,7.6296,10,0.0,1.0,1,1.0,0,0.0,0,0.0,619.77,216.38,1.5785,4.904,0.3398,2.838,0.7712,0.0,0.5728,0.1262,yes,yes,yes,partial,no,PASS,,3283916405,PASS,Haggle (contacts only),batch_1200/wkt/map_1011,batch_1200/wkt/map_1011/roads.wkt,batch_1200/wkt/map_1011/metadata.json,previews/SYN_clustered_communities_haggle_contacts_only_1011.png,OK
SYN_clustered_communities_haggle_contacts_only_1039,1200,trace_reference_synthetic,haggle_contacts_only,clustered_communities,clustered_communities,290,284,82360.0,239.54,233.99,56049.59,0.6805438410403831,27,109,3495.49,0.0013234579893152,32.0687,20.8747,8.0741,10,0.0,1.0,1,1.0,0,0.0,0,0.0,613.44,225.49,1.4553,4.9009,0.4037,3.6075,0.7577,0.0,0.4862,0.1193,yes,yes,yes,partial,no,PASS,,2382408882,PASS,Haggle (contacts only),batch_1200/wkt/map_1039,batch_1200/wkt/map_1039/roads.wkt,batch_1200/wkt/map_1039/metadata.json,previews/SYN_clustered_communities_haggle_contacts_only_1039.png,OK
SYN_clustered_communities_haggle_contacts_only_1058,1200,trace_reference_synthetic,haggle_contacts_only,clustered_communities,clustered_communities,290,293,84970.0,239.96,242.87,58279.09,0.6858784762663681,27,110,4341.31,0.0012945745557255,39.4664,24.0635,8.1481,10,0.0,1.0,1,1.0,0,0.0,0,0.0,618.43,187.21,1.6171,4.9301,0.3091,2.9655,0.7798,0.0,0.5273,0.1182,yes,yes,yes,partial,no,PASS,,1501242120,PASS,Haggle (contacts only),batch_1200/wkt/map_1058,batch_1200/wkt/map_1058/roads.wkt,batch_1200/wkt/map_1058/metadata.json,previews/SYN_clustered_communities_haggle_contacts_only_1058.png,OK
SYN_clustered_communities_haggle_contacts_only_1091,1200,trace_reference_synthetic,haggle_contacts_only,clustered_communities,clustered_communities,413,410,169330.0,362.07,359.14,130036.4,0.7679466043232996,27,105,5188.28,0.0006200909466721,49.4122,35.7935,7.7778,10,0.0,1.0,1,1.0,0,0.0,0,0.0,921.49,333.15,1.4128,4.9207,0.3714,3.0643,0.7731,0.0,0.6476,0.1238,yes,yes,yes,partial,no,PASS,,1221948569,PASS,Haggle (contacts only),batch_1200/wkt/map_1091,batch_1200/wkt/map_1091/roads.wkt,batch_1200/wkt/map_1091/metadata.json,previews/SYN_clustered_communities_haggle_contacts_only_1091.png,OK
SYN_clustered_communities_haggle_contacts_only_1120,1200,trace_reference_synthetic,haggle_contacts_only,clustered_communities,clustered_communities,398,402,159996.0,347.72,351.93,122370.71,0.7648360787958388,27,102,4621.23,0.0006375159378984,45.3062,32.1819,7.5556,10,0.0,1.0,1,1.0,0,0.0,0,0.0,908.36,358.79,1.4624,4.839,0.2745,2.7228,0.7981,0.0,0.6078,0.1275,yes,yes,yes,partial,no,PASS,,1689446164,PASS,Haggle (contacts only),batch_1200/wkt/map_1120,batch_1200/wkt/map_1120/roads.wkt,batch_1200/wkt/map_1120/metadata.json,previews/SYN_clustered_communities_haggle_contacts_only_1120.png,OK
SYN_clustered_communities_haggle_contacts_only_1140,1200,trace_reference_synthetic,haggle_contacts_only,clustered_communities,clustered_communities,420,396,166320.0,369.35,345.99,127791.41,0.7683466258845704,27,104,5944.48,0.0006253006253006,57.1585,36.5826,7.7037,10,0.0,1.0,1,1.0,0,0.0,0,0.0,903.46,290.56,1.4359,4.8509,0.2981,2.9173,0.7776,0.0,0.4904,0.125,yes,yes,yes,partial,no,PASS,,273191076,PASS,Haggle (contacts only),batch_1200/wkt/map_1140,batch_1200/wkt/map_1140/roads.wkt,batch_1200/wkt/map_1140/metadata.json,previews/SYN_clustered_communities_haggle_contacts_only_1140.png,OK
SYN_clustered_communities_haggle_contacts_only_1167,1200,trace_reference_synthetic,haggle_contacts_only,clustered_communities,clustered_communities,402,412,165624.0,351.6,361.05,126944.17,0.7664600168764489,27,109,6641.68,0.0006581171810848,60.3789,36.9707,8.0741,10,0.0,1.0,1,1.0,0,0.0,0,0.0,921.06,301.0,1.3038,4.9531,0.3273,2.4418,0.795,0.0,0.4954,0.1193,yes,yes,yes,partial,no,PASS,,862971198,PASS,Haggle (contacts only),batch_1200/wkt/map_1167,batch_1200/wkt/map_1167/roads.wkt,batch_1200/wkt/map_1167/metadata.json,previews/SYN_clustered_communities_haggle_contacts_only_1167.png,OK
SYN_clustered_communities_haggle_contacts_only_1186,1200,trace_reference_synthetic,haggle_contacts_only,clustered_communities,clustered_communities,637,643,409591.0,586.32,592.47,347376.97,0.8481069339995413,27,103,7610.4,0.0002514703692219,73.8874,52.5941,7.6296,10,0.0,1.0,1,1.0,0,0.0,0,0.0,1560.68,586.91,1.3926,4.8697,0.3204,2.9494,0.7881,0.0,0.5631,0.1262,yes,yes,yes,partial,no,PASS,,875101741,PASS,Haggle (contacts only),batch_1200/wkt/map_1186,batch_1200/wkt/map_1186/roads.wkt,batch_1200/wkt/map_1186/metadata.json,previews/SYN_clustered_communities_haggle_contacts_only_1186.png,OK
SYN_conference_event_compact_infocom_2006_trace_0011,100,trace_reference_synthetic,infocom_2006_trace,conference_event_compact,conference_event_compact,200,72,14400.0,150.0,22.0,3300.0,0.2291666666666666,28,25,416.0,0.0017361111111111,16.64,11.0,1.7857,4,0.6429,0.2857,3,0.4286,25,1.0,10,0.357143,82.0,39.28,1.3301,0.9427,1.0,34.6333,0.5871,1.0,0.92,0.8333,yes,partial,partial,no,no,STRESS,,602053292,STRESS,INFOCOM 2006 contact trace,batch_0100/wkt/map_0011,batch_0100/wkt/map_0011/roads.wkt,batch_0100/wkt/map_0011/metadata.json,previews/SYN_conference_event_compact_infocom_2006_trace_0011.png,OK
SYN_conference_event_compact_infocom_2006_trace_0064,100,trace_reference_synthetic,infocom_2006_trace,conference_event_compact,conference_event_compact,200,76,15200.0,150.0,26.0,3900.0,0.2565789473684211,28,25,448.0,0.0016447368421052,17.92,13.0,1.7857,4,0.6429,0.2857,3,0.4286,25,1.0,10,0.357143,86.0,39.75,1.3801,0.9427,1.0,24.7966,0.5921,1.0,0.92,0.8333,yes,partial,partial,no,no,STRESS,,3756223596,STRESS,INFOCOM 2006 contact trace,batch_0100/wkt/map_0064,batch_0100/wkt/map_0064/roads.wkt,batch_0100/wkt/map_0064/metadata.json,previews/SYN_conference_event_compact_infocom_2006_trace_0064.png,OK
SYN_conference_event_compact_infocom_2006_trace_0125,200,trace_reference_synthetic,infocom_2006_trace,conference_event_compact,conference_event_compact,290,72,20880.0,240.0,22.0,5280.0,0.2528735632183908,42,38,639.0,0.0018199233716475,16.8158,11.0,1.8095,4,0.619,0.2857,4,0.2857,38,1.0,16,0.380952,82.0,42.22,1.3449,0.9495,1.0,83.4452,0.4437,1.0,0.9737,0.8333,yes,partial,partial,no,no,STRESS,,1926446981,STRESS,INFOCOM 2006 contact trace,batch_0200/wkt/map_0125,batch_0200/wkt/map_0125/roads.wkt,batch_0200/wkt/map_0125/metadata.json,previews/SYN_conference_event_compact_infocom_2006_trace_0125.png,OK
SYN_conference_event_compact_infocom_2006_trace_0182,200,trace_reference_synthetic,infocom_2006_trace,conference_event_compact,conference_event_compact,380,72,27360.0,330.0,22.0,7260.0,0.2653508771929824,56,51,862.0,0.0018640350877192,16.902,11.0,1.8214,4,0.6071,0.2857,5,0.2143,51,1.0,22,0.392857,82.0,40.38,1.2949,0.9526,1.0,151.782,0.4635,1.0,0.9804,0.8333,yes,partial,partial,no,no,STRESS,,2232383800,STRESS,INFOCOM 2006 contact trace,batch_0200/wkt/map_0182,batch_0200/wkt/map_0182/roads.wkt,batch_0200/wkt/map_0182/metadata.json,previews/SYN_conference_event_compact_infocom_2006_trace_0182.png,OK
SYN_conference_event_compact_infocom_2006_trace_0236,400,trace_reference_synthetic,infocom_2006_trace,conference_event_compact,conference_event_compact,380,76,28880.0,330.0,26.0,8580.0,0.2970914127423822,56,51,926.0,0.0017659279778393,18.1569,13.0,1.8214,4,0.6071,0.2857,5,0.2143,51,1.0,22,0.392857,86.0,50.88,1.4703,0.9526,1.0,108.6723,0.4662,1.0,0.9804,0.8333,yes,partial,partial,no,no,STRESS,,4175115883,STRESS,INFOCOM 2006 contact trace,batch_0400/wkt/map_0236,batch_0400/wkt/map_0236/roads.wkt,batch_0400/wkt/map_0236/metadata.json,previews/SYN_conference_event_compact_infocom_2006_trace_0236.png,OK
SYN_conference_event_compact_infocom_2006_trace_0289,400,trace_reference_synthetic,infocom_2006_trace,conference_event_compact,conference_event_compact,470,72,33840.0,420.0,22.0,9240.0,0.2730496453900709,70,64,1085.0,0.0018912529550827,16.9531,11.0,1.8286,4,0.6,0.2857,6,0.1714,64,1.0,28,0.4,82.0,58.28,1.2108,0.9544,1.0,239.6436,0.4316,1.0,0.9844,0.8333,yes,partial,partial,no,no,STRESS,,2090268157,STRESS,INFOCOM 2006 contact trace,batch_0400/wkt/map_0289,batch_0400/wkt/map_0289/roads.wkt,batch_0400/wkt/map_0289/metadata.json,previews/SYN_conference_event_compact_infocom_2006_trace_0289.png,OK
SYN_conference_event_compact_infocom_2006_trace_0353,400,trace_reference_synthetic,infocom_2006_trace,conference_event_compact,conference_event_compact,220,72,15840.0,170.0,22.0,3740.0,0.2361111111111111,28,25,436.0,0.0015782828282828,17.44,11.0,1.7857,4,0.6429,0.2857,3,0.4286,25,1.0,10,0.357143,82.0,31.64,1.3825,0.9427,1.0,49.0961,0.658,1.0,0.92,0.8333,yes,partial,partial,no,no,STRESS,,1197344038,STRESS,INFOCOM 2006 contact trace,batch_0400/wkt/map_0353,batch_0400/wkt/map_0353/roads.wkt,batch_0400/wkt/map_0353/metadata.json,previews/SYN_conference_event_compact_infocom_2006_trace_0353.png,OK
SYN_conference_event_compact_infocom_2006_trace_0402,600,trace_reference_synthetic,infocom_2006_trace,conference_event_compact,conference_event_compact,220,76,16720.0,170.0,26.0,4420.0,0.2643540669856459,28,25,468.0,0.0014952153110047,18.72,13.0,1.7857,4,0.6429,0.2857,3,0.4286,25,1.0,10,0.357143,86.0,38.67,1.4111,0.9427,1.0,35.1516,0.6607,1.0,0.92,0.8333,yes,partial,partial,no,no,STRESS,,3235601441,STRESS,INFOCOM 2006 contact trace,batch_0600/wkt/map_0402,batch_0600/wkt/map_0402/roads.wkt,batch_0600/wkt/map_0402/metadata.json,previews/SYN_conference_event_compact_infocom_2006_trace_0402.png,OK
SYN_conference_event_compact_infocom_2006_trace_0453,600,trace_reference_synthetic,infocom_2006_trace,conference_event_compact,conference_event_compact,330,72,23760.0,280.0,22.0,6160.0,0.2592592592592592,42,38,679.0,0.0015993265993265,17.8684,11.0,1.8095,4,0.619,0.2857,4,0.2857,38,1.0,16,0.380952,82.0,43.75,1.3778,0.9495,1.0,122.0127,0.4281,1.0,1.0,0.8333,yes,partial,partial,no,no,STRESS,,2311090661,STRESS,INFOCOM 2006 contact trace,batch_0600/wkt/map_0453,batch_0600/wkt/map_0453/roads.wkt,batch_0600/wkt/map_0453/metadata.json,previews/SYN_conference_event_compact_infocom_2006_trace_0453.png,OK
SYN_conference_event_compact_infocom_2006_trace_0516,600,trace_reference_synthetic,infocom_2006_trace,conference_event_compact,conference_event_compact,440,72,31680.0,390.0,22.0,8580.0,0.2708333333333333,56,51,922.0,0.0016098484848484,18.0784,11.0,1.8214,4,0.6071,0.2857,5,0.2143,51,1.0,22,0.392857,82.0,51.33,1.3038,0.9526,1.0,224.0961,0.4748,1.0,0.9804,0.8333,yes,partial,partial,no,no,STRESS,,3455747495,STRESS,INFOCOM 2006 contact trace,batch_0600/wkt/map_0516,batch_0600/wkt/map_0516/roads.wkt,batch_0600/wkt/map_0516/metadata.json,previews/SYN_conference_event_compact_infocom_2006_trace_0516.png,OK
SYN_conference_event_compact_infocom_2006_trace_0559,600,trace_reference_synthetic,infocom_2006_trace,conference_event_compact,conference_event_compact,440,76,33440.0,390.0,26.0,10140.0,0.3032296650717703,56,51,986.0,0.0015251196172248,19.3333,13.0,1.8214,4,0.6071,0.2857,5,0.2143,51,1.0,22,0.392857,86.0,44.94,1.3242,0.9526,1.0,160.4475,0.4765,1.0,0.9804,0.8333,yes,partial,partial,no,no,STRESS,,2404339870,STRESS,INFOCOM 2006 contact trace,batch_0600/wkt/map_0559,batch_0600/wkt/map_0559/roads.wkt,batch_0600/wkt/map_0559/metadata.json,previews/SYN_conference_event_compact_infocom_2006_trace_0559.png,OK
SYN_conference_event_compact_infocom_2006_trace_0609,800,trace_reference_synthetic,infocom_2006_trace,conference_event_compact,conference_event_compact,550,72,39600.0,500.0,22.0,11000.0,0.2777777777777778,70,64,1165.0,0.0016161616161616,18.2031,11.0,1.8286,4,0.6,0.2857,6,0.1714,64,1.0,28,0.4,82.0,52.59,1.3551,0.9544,1.0,355.3461,0.4254,1.0,0.9844,0.8333,yes,partial,partial,no,no,STRESS,,3762875473,STRESS,INFOCOM 2006 contact trace,batch_0800/wkt/map_0609,batch_0800/wkt/map_0609/roads.wkt,batch_0800/wkt/map_0609/metadata.json,previews/SYN_conference_event_compact_infocom_2006_trace_0609.png,OK
SYN_conference_event_compact_infocom_2006_trace_0663,800,trace_reference_synthetic,infocom_2006_trace,conference_event_compact,conference_event_compact,250,72,18000.0,200.0,22.0,4400.0,0.2444444444444444,28,25,466.0,0.0013888888888888,18.64,11.0,1.7857,4,0.6429,0.2857,3,0.4286,25,1.0,10,0.357143,82.0,35.06,1.3825,0.9427,1.0,76.2138,0.7289,1.0,0.92,0.8333,yes,partial,partial,no,no,STRESS,,821035776,STRESS,INFOCOM 2006 contact trace,batch_0800/wkt/map_0663,batch_0800/wkt/map_0663/roads.wkt,batch_0800/wkt/map_0663/metadata.json,previews/SYN_conference_event_compact_infocom_2006_trace_0663.png,OK
SYN_conference_event_compact_infocom_2006_trace_0722,800,trace_reference_synthetic,infocom_2006_trace,conference_event_compact,conference_event_compact,250,76,19000.0,200.0,26.0,5200.0,0.2736842105263158,28,25,498.0,0.0013157894736842,19.92,13.0,1.7857,4,0.6429,0.2857,3,0.4286,25,1.0,10,0.357143,86.0,45.91,1.4193,0.9427,1.0,54.5673,0.7302,1.0,0.92,0.8333,yes,partial,partial,no,no,STRESS,,2086703880,STRESS,INFOCOM 2006 contact trace,batch_0800/wkt/map_0722,batch_0800/wkt/map_0722/roads.wkt,batch_0800/wkt/map_0722/metadata.json,previews/SYN_conference_event_compact_infocom_2006_trace_0722.png,OK
SYN_conference_event_compact_infocom_2006_trace_0773,800,trace_reference_synthetic,infocom_2006_trace,conference_event_compact,conference_event_compact,390,72,28080.0,340.0,22.0,7480.0,0.2663817663817663,42,38,739.0,0.0013532763532763,19.4474,11.0,1.8095,4,0.619,0.2857,4,0.2857,38,1.0,16,0.380952,82.0,57.41,1.2942,0.9495,1.0,194.3268,0.4082,1.0,0.9737,0.8333,yes,partial,partial,no,no,STRESS,,1883520875,STRESS,INFOCOM 2006 contact trace,batch_0800/wkt/map_0773,batch_0800/wkt/map_0773/roads.wkt,batch_0800/wkt/map_0773/metadata.json,previews/SYN_conference_event_compact_infocom_2006_trace_0773.png,OK
SYN_conference_event_compact_infocom_2006_trace_0825,1000,trace_reference_synthetic,infocom_2006_trace,conference_event_compact,conference_event_compact,530,72,38160.0,480.0,22.0,10560.0,0.2767295597484276,56,51,1012.0,0.0013364779874213,19.8431,11.0,1.8214,4,0.6071,0.2857,5,0.2143,51,1.0,22,0.392857,82.0,59.53,1.2572,0.9526,1.0,359.6849,0.4841,1.0,0.9804,0.8333,yes,partial,partial,no,no,STRESS,,4169309655,STRESS,INFOCOM 2006 contact trace,batch_1000/wkt/map_0825,batch_1000/wkt/map_0825/roads.wkt,batch_1000/wkt/map_0825/metadata.json,previews/SYN_conference_event_compact_infocom_2006_trace_0825.png,OK
SYN_conference_event_compact_infocom_2006_trace_0870,1000,trace_reference_synthetic,infocom_2006_trace,conference_event_compact,conference_event_compact,530,76,40280.0,480.0,26.0,12480.0,0.3098311817279047,56,51,1076.0,0.0012661370407149,21.098,13.0,1.8214,4,0.6071,0.2857,5,0.2143,51,1.0,22,0.392857,86.0,48.91,1.4445,0.9526,1.0,257.5259,0.4851,1.0,0.9804,0.8333,yes,partial,partial,no,no,STRESS,,2684854126,STRESS,INFOCOM 2006 contact trace,batch_1000/wkt/map_0870,batch_1000/wkt/map_0870/roads.wkt,batch_1000/wkt/map_0870/metadata.json,previews/SYN_conference_event_compact_infocom_2006_trace_0870.png,OK
SYN_conference_event_compact_infocom_2006_trace_0937,1000,trace_reference_synthetic,infocom_2006_trace,conference_event_compact,conference_event_compact,670,72,48240.0,620.0,22.0,13640.0,0.2827529021558872,70,64,1285.0,0.0013266998341625,20.0781,11.0,1.8286,4,0.6,0.2857,6,0.1714,64,1.0,28,0.4,82.0,62.62,1.3514,0.9544,1.0,572.2882,0.4178,1.0,0.9688,0.8333,yes,partial,partial,no,no,STRESS,,3250092437,STRESS,INFOCOM 2006 contact trace,batch_1000/wkt/map_0937,batch_1000/wkt/map_0937/roads.wkt,batch_1000/wkt/map_0937/metadata.json,previews/SYN_conference_event_compact_infocom_2006_trace_0937.png,OK
SYN_conference_event_compact_infocom_2006_trace_0983,1000,trace_reference_synthetic,infocom_2006_trace,conference_event_compact,conference_event_compact,240,76,18240.0,190.0,25.33,4813.33,0.2638888958333332,28,25,512.67,0.0013706140350877,20.5067,12.6667,1.7857,4,0.6429,0.2857,3,0.4286,25,1.0,10,0.357143,105.33,48.76,1.305,0.9427,1.0,40.1619,0.5486,1.0,0.88,0.8333,yes,partial,partial,no,no,STRESS,,3448273940,STRESS,INFOCOM 2006 contact trace,batch_1000/wkt/map_0983,batch_1000/wkt/map_0983/roads.wkt,batch_1000/wkt/map_0983/metadata.json,previews/SYN_conference_event_compact_infocom_2006_trace_0983.png,OK
SYN_conference_event_compact_infocom_2006_trace_1040,1200,trace_reference_synthetic,infocom_2006_trace,conference_event_compact,conference_event_compact,240,80,19200.0,190.0,29.33,5573.33,0.2902777843749999,28,25,544.67,0.0013020833333333,21.7867,14.6667,1.7857,4,0.6429,0.2857,3,0.4286,25,1.0,10,0.357143,109.33,46.47,1.5051,0.9427,1.0,29.9554,0.553,1.0,0.88,0.8333,yes,partial,partial,no,no,STRESS,,1966943725,STRESS,INFOCOM 2006 contact trace,batch_1200/wkt/map_1040,batch_1200/wkt/map_1040/roads.wkt,batch_1200/wkt/map_1040/metadata.json,previews/SYN_conference_event_compact_infocom_2006_trace_1040.png,OK
SYN_conference_event_compact_infocom_2006_trace_1092,1200,trace_reference_synthetic,infocom_2006_trace,conference_event_compact,conference_event_compact,350,76,26600.0,300.0,25.33,7600.0,0.2857142932330826,42,38,784.0,0.0014285714285714,20.6316,12.6667,1.8095,4,0.619,0.2857,4,0.2857,38,1.0,16,0.380952,105.33,50.44,1.3211,0.9495,1.0,95.1523,0.4443,1.0,0.9737,0.8333,yes,partial,partial,no,no,STRESS,,3890442513,STRESS,INFOCOM 2006 contact trace,batch_1200/wkt/map_1092,batch_1200/wkt/map_1092/roads.wkt,batch_1200/wkt/map_1092/metadata.json,previews/SYN_conference_event_compact_infocom_2006_trace_1092.png,OK
SYN_conference_event_compact_infocom_2006_trace_1141,1200,trace_reference_synthetic,infocom_2006_trace,conference_event_compact,conference_event_compact,460,76,34960.0,410.0,25.33,10386.67,0.2971014570938214,56,51,1055.33,0.0014588100686498,20.6928,12.6667,1.8214,4,0.6071,0.2857,5,0.2143,51,1.0,22,0.392857,105.33,67.53,1.3291,0.9526,1.0,172.139,0.4552,1.0,0.9804,0.8333,yes,partial,partial,no,no,STRESS,,3382507919,STRESS,INFOCOM 2006 contact trace,batch_1200/wkt/map_1141,batch_1200/wkt/map_1141/roads.wkt,batch_1200/wkt/map_1141/metadata.json,previews/SYN_conference_event_compact_infocom_2006_trace_1141.png,OK
SYN_conference_event_compact_infocom_2006_trace_1189,1200,trace_reference_synthetic,infocom_2006_trace,conference_event_compact,conference_event_compact,460,80,36800.0,410.0,29.33,12026.67,0.3268116016304347,56,51,1119.33,0.0013858695652173,21.9477,14.6667,1.8214,4,0.6071,0.2857,5,0.2143,51,1.0,22,0.392857,109.33,65.6,1.3584,0.9526,1.0,128.3929,0.4574,1.0,0.9804,0.8333,yes,partial,partial,no,no,STRESS,,1294936557,STRESS,INFOCOM 2006 contact trace,batch_1200/wkt/map_1189,batch_1200/wkt/map_1189/roads.wkt,batch_1200/wkt/map_1189/metadata.json,previews/SYN_conference_event_compact_infocom_2006_trace_1189.png,OK
SYN_conference_event_compact_infocom_event_compact_0040,100,trace_reference_synthetic,infocom_event_compact,conference_event_compact,conference_event_compact,200,72,14400.0,150.0,22.0,3300.0,0.2291666666666666,28,25,416.0,0.0017361111111111,16.64,11.0,1.7857,4,0.6429,0.2857,3,0.4286,25,1.0,10,0.357143,82.0,36.83,1.3345,0.9427,1.0,34.6333,0.5871,1.0,0.92,0.8333,yes,partial,partial,no,no,STRESS,,244020572,STRESS,INFOCOM-style conference event (Info5),batch_0100/wkt/map_0040,batch_0100/wkt/map_0040/roads.wkt,batch_0100/wkt/map_0040/metadata.json,previews/SYN_conference_event_compact_infocom_event_compact_0040.png,OK
SYN_conference_event_compact_infocom_event_compact_0096,100,trace_reference_synthetic,infocom_event_compact,conference_event_compact,conference_event_compact,290,72,20880.0,240.0,22.0,5280.0,0.2528735632183908,42,38,639.0,0.0018199233716475,16.8158,11.0,1.8095,4,0.619,0.2857,4,0.2857,38,1.0,16,0.380952,82.0,44.14,1.3921,0.9495,1.0,83.4452,0.4437,1.0,0.9737,0.8333,yes,partial,partial,no,no,STRESS,,1677262135,STRESS,INFOCOM-style conference event (Info5),batch_0100/wkt/map_0096,batch_0100/wkt/map_0096/roads.wkt,batch_0100/wkt/map_0096/metadata.json,previews/SYN_conference_event_compact_infocom_event_compact_0096.png,OK
SYN_conference_event_compact_infocom_event_compact_0157,200,trace_reference_synthetic,infocom_event_compact,conference_event_compact,conference_event_compact,290,76,22040.0,240.0,26.0,6240.0,0.2831215970961887,42,38,687.0,0.0017241379310344,18.0789,13.0,1.8095,4,0.619,0.2857,4,0.2857,38,1.0,16,0.380952,86.0,45.55,1.4086,0.9495,1.0,59.7448,0.4507,1.0,0.8947,0.8333,yes,partial,partial,no,no,STRESS,,3580352621,STRESS,INFOCOM-style conference event (Info5),batch_0200/wkt/map_0157,batch_0200/wkt/map_0157/roads.wkt,batch_0200/wkt/map_0157/metadata.json,previews/SYN_conference_event_compact_infocom_event_compact_0157.png,OK
SYN_conference_event_compact_infocom_event_compact_0210,400,trace_reference_synthetic,infocom_event_compact,conference_event_compact,conference_event_compact,380,72,27360.0,330.0,22.0,7260.0,0.2653508771929824,56,51,862.0,0.0018640350877192,16.902,11.0,1.8214,4,0.6071,0.2857,5,0.2143,51,1.0,22,0.392857,82.0,47.95,1.3489,0.9526,1.0,151.782,0.4635,1.0,0.9804,0.8333,yes,partial,partial,no,no,STRESS,,274203689,STRESS,INFOCOM-style conference event (Info5),batch_0400/wkt/map_0210,batch_0400/wkt/map_0210/roads.wkt,batch_0400/wkt/map_0210/metadata.json,previews/SYN_conference_event_compact_infocom_event_compact_0210.png,OK
SYN_conference_event_compact_infocom_event_compact_0263,400,trace_reference_synthetic,infocom_event_compact,conference_event_compact,conference_event_compact,470,72,33840.0,420.0,22.0,9240.0,0.2730496453900709,70,64,1085.0,0.0018912529550827,16.9531,11.0,1.8286,4,0.6,0.2857,6,0.1714,64,1.0,28,0.4,82.0,52.94,1.307,0.9544,1.0,239.6436,0.4316,1.0,0.9844,0.8333,yes,partial,partial,no,no,STRESS,,761451379,STRESS,INFOCOM-style conference event (Info5),batch_0400/wkt/map_0263,batch_0400/wkt/map_0263/roads.wkt,batch_0400/wkt/map_0263/metadata.json,previews/SYN_conference_event_compact_infocom_event_compact_0263.png,OK
SYN_conference_event_compact_infocom_event_compact_0326,400,trace_reference_synthetic,infocom_event_compact,conference_event_compact,conference_event_compact,470,76,35720.0,420.0,26.0,10920.0,0.3057110862262038,70,64,1165.0,0.0017917133258678,18.2031,13.0,1.8286,4,0.6,0.2857,6,0.1714,64,1.0,28,0.4,86.0,45.27,1.3018,0.9544,1.0,171.5791,0.4347,1.0,0.9844,0.8333,yes,partial,partial,no,no,STRESS,,2866000456,STRESS,INFOCOM-style conference event (Info5),batch_0400/wkt/map_0326,batch_0400/wkt/map_0326/roads.wkt,batch_0400/wkt/map_0326/metadata.json,previews/SYN_conference_event_compact_infocom_event_compact_0326.png,OK
SYN_conference_event_compact_infocom_event_compact_0383,400,trace_reference_synthetic,infocom_event_compact,conference_event_compact,conference_event_compact,220,72,15840.0,170.0,22.0,3740.0,0.2361111111111111,28,25,436.0,0.0015782828282828,17.44,11.0,1.7857,4,0.6429,0.2857,3,0.4286,25,1.0,10,0.357143,82.0,42.06,1.4152,0.9427,1.0,49.0961,0.658,1.0,0.92,0.8333,yes,partial,partial,no,no,STRESS,,2403788593,STRESS,INFOCOM-style conference event (Info5),batch_0400/wkt/map_0383,batch_0400/wkt/map_0383/roads.wkt,batch_0400/wkt/map_0383/metadata.json,previews/SYN_conference_event_compact_infocom_event_compact_0383.png,OK
SYN_conference_event_compact_infocom_event_compact_0425,600,trace_reference_synthetic,infocom_event_compact,conference_event_compact,conference_event_compact,330,72,23760.0,280.0,22.0,6160.0,0.2592592592592592,42,38,679.0,0.0015993265993265,17.8684,11.0,1.8095,4,0.619,0.2857,4,0.2857,38,1.0,16,0.380952,82.0,40.67,1.2993,0.9495,1.0,122.0127,0.4281,1.0,1.0,0.8333,yes,partial,partial,no,no,STRESS,,2271460672,STRESS,INFOCOM-style conference event (Info5),batch_0600/wkt/map_0425,batch_0600/wkt/map_0425/roads.wkt,batch_0600/wkt/map_0425/metadata.json,previews/SYN_conference_event_compact_infocom_event_compact_0425.png,OK
SYN_conference_event_compact_infocom_event_compact_0478,600,trace_reference_synthetic,infocom_event_compact,conference_event_compact,conference_event_compact,330,76,25080.0,280.0,26.0,7280.0,0.2902711323763955,42,38,727.0,0.0015151515151515,19.1316,13.0,1.8095,4,0.619,0.2857,4,0.2857,38,1.0,16,0.380952,86.0,45.61,1.3781,0.9495,1.0,87.3582,0.4341,1.0,0.9211,0.8333,yes,partial,partial,no,no,STRESS,,1681303475,STRESS,INFOCOM-style conference event (Info5),batch_0600/wkt/map_0478,batch_0600/wkt/map_0478/roads.wkt,batch_0600/wkt/map_0478/metadata.json,previews/SYN_conference_event_compact_infocom_event_compact_0478.png,OK
SYN_conference_event_compact_infocom_event_compact_0536,600,trace_reference_synthetic,infocom_event_compact,conference_event_compact,conference_event_compact,440,72,31680.0,390.0,22.0,8580.0,0.2708333333333333,56,51,922.0,0.0016098484848484,18.0784,11.0,1.8214,4,0.6071,0.2857,5,0.2143,51,1.0,22,0.392857,82.0,39.52,1.376,0.9526,1.0,224.0961,0.4748,1.0,0.9804,0.8333,yes,partial,partial,no,no,STRESS,,2514966681,STRESS,INFOCOM-style conference event (Info5),batch_0600/wkt/map_0536,batch_0600/wkt/map_0536/roads.wkt,batch_0600/wkt/map_0536/metadata.json,previews/SYN_conference_event_compact_infocom_event_compact_0536.png,OK
SYN_conference_event_compact_infocom_event_compact_0583,600,trace_reference_synthetic,infocom_event_compact,conference_event_compact,conference_event_compact,550,72,39600.0,500.0,22.0,11000.0,0.2777777777777778,70,64,1165.0,0.0016161616161616,18.2031,11.0,1.8286,4,0.6,0.2857,6,0.1714,64,1.0,28,0.4,82.0,75.58,1.4065,0.9544,1.0,355.3461,0.4254,1.0,0.9844,0.8333,yes,partial,partial,no,no,STRESS,,1073000197,STRESS,INFOCOM-style conference event (Info5),batch_0600/wkt/map_0583,batch_0600/wkt/map_0583/roads.wkt,batch_0600/wkt/map_0583/metadata.json,previews/SYN_conference_event_compact_infocom_event_compact_0583.png,OK
SYN_conference_event_compact_infocom_event_compact_0636,800,trace_reference_synthetic,infocom_event_compact,conference_event_compact,conference_event_compact,550,76,41800.0,500.0,26.0,13000.0,0.3110047846889952,70,64,1245.0,0.0015311004784688,19.4531,13.0,1.8286,4,0.6,0.2857,6,0.1714,64,1.0,28,0.4,86.0,50.28,1.4003,0.9544,1.0,254.4194,0.4279,1.0,0.9844,0.8333,yes,partial,partial,no,no,STRESS,,1718247234,STRESS,INFOCOM-style conference event (Info5),batch_0800/wkt/map_0636,batch_0800/wkt/map_0636/roads.wkt,batch_0800/wkt/map_0636/metadata.json,previews/SYN_conference_event_compact_infocom_event_compact_0636.png,OK
SYN_conference_event_compact_infocom_event_compact_0692,800,trace_reference_synthetic,infocom_event_compact,conference_event_compact,conference_event_compact,250,72,18000.0,200.0,22.0,4400.0,0.2444444444444444,28,25,466.0,0.0013888888888888,18.64,11.0,1.7857,4,0.6429,0.2857,3,0.4286,25,1.0,10,0.357143,82.0,37.69,1.3695,0.9427,1.0,76.2138,0.7289,1.0,0.92,0.8333,yes,partial,partial,no,no,STRESS,,2393819729,STRESS,INFOCOM-style conference event (Info5),batch_0800/wkt/map_0692,batch_0800/wkt/map_0692/roads.wkt,batch_0800/wkt/map_0692/metadata.json,previews/SYN_conference_event_compact_infocom_event_compact_0692.png,OK
SYN_conference_event_compact_infocom_event_compact_0747,800,trace_reference_synthetic,infocom_event_compact,conference_event_compact,conference_event_compact,390,72,28080.0,340.0,22.0,7480.0,0.2663817663817663,42,38,739.0,0.0013532763532763,19.4474,11.0,1.8095,4,0.619,0.2857,4,0.2857,38,1.0,16,0.380952,82.0,43.12,1.2811,0.9495,1.0,194.3268,0.4082,1.0,0.9737,0.8333,yes,partial,partial,no,no,STRESS,,2341613980,STRESS,INFOCOM-style conference event (Info5),batch_0800/wkt/map_0747,batch_0800/wkt/map_0747/roads.wkt,batch_0800/wkt/map_0747/metadata.json,previews/SYN_conference_event_compact_infocom_event_compact_0747.png,OK
SYN_conference_event_compact_infocom_event_compact_0802,1000,trace_reference_synthetic,infocom_event_compact,conference_event_compact,conference_event_compact,390,76,29640.0,340.0,26.0,8840.0,0.2982456140350877,42,38,787.0,0.0012820512820512,20.7105,13.0,1.8095,4,0.619,0.2857,4,0.2857,38,1.0,16,0.380952,86.0,48.81,1.525,0.9495,1.0,139.1334,0.4131,1.0,0.9737,0.8333,yes,partial,partial,no,no,STRESS,,2692062359,STRESS,INFOCOM-style conference event (Info5),batch_1000/wkt/map_0802,batch_1000/wkt/map_0802/roads.wkt,batch_1000/wkt/map_0802/metadata.json,previews/SYN_conference_event_compact_infocom_event_compact_0802.png,OK
SYN_conference_event_compact_infocom_event_compact_0845,1000,trace_reference_synthetic,infocom_event_compact,conference_event_compact,conference_event_compact,530,72,38160.0,480.0,22.0,10560.0,0.2767295597484276,56,51,1012.0,0.0013364779874213,19.8431,11.0,1.8214,4,0.6071,0.2857,5,0.2143,51,1.0,22,0.392857,82.0,62.91,1.4873,0.9526,1.0,359.6849,0.4841,1.0,0.9804,0.8333,yes,partial,partial,no,no,STRESS,,3548209737,STRESS,INFOCOM-style conference event (Info5),batch_1000/wkt/map_0845,batch_1000/wkt/map_0845/roads.wkt,batch_1000/wkt/map_0845/metadata.json,previews/SYN_conference_event_compact_infocom_event_compact_0845.png,OK
SYN_conference_event_compact_infocom_event_compact_0908,1000,trace_reference_synthetic,infocom_event_compact,conference_event_compact,conference_event_compact,670,72,48240.0,620.0,22.0,13640.0,0.2827529021558872,70,64,1285.0,0.0013266998341625,20.0781,11.0,1.8286,4,0.6,0.2857,6,0.1714,64,1.0,28,0.4,82.0,89.33,1.3155,0.9544,1.0,572.2882,0.4178,1.0,0.9688,0.8333,yes,partial,partial,no,no,STRESS,,4059047474,STRESS,INFOCOM-style conference event (Info5),batch_1000/wkt/map_0908,batch_1000/wkt/map_0908/roads.wkt,batch_1000/wkt/map_0908/metadata.json,previews/SYN_conference_event_compact_infocom_event_compact_0908.png,OK
SYN_conference_event_compact_infocom_event_compact_0960,1000,trace_reference_synthetic,infocom_event_compact,conference_event_compact,conference_event_compact,670,76,50920.0,620.0,26.0,16120.0,0.3165750196386488,70,64,1365.0,0.0012568735271013,21.3281,13.0,1.8286,4,0.6,0.2857,6,0.1714,64,1.0,28,0.4,86.0,72.67,1.4196,0.9544,1.0,409.7448,0.4198,1.0,0.9688,0.8333,yes,partial,partial,no,no,STRESS,,990528340,STRESS,INFOCOM-style conference event (Info5),batch_1000/wkt/map_0960,batch_1000/wkt/map_0960/roads.wkt,batch_1000/wkt/map_0960/metadata.json,previews/SYN_conference_event_compact_infocom_event_compact_0960.png,OK
SYN_conference_event_compact_infocom_event_compact_1012,1200,trace_reference_synthetic,infocom_event_compact,conference_event_compact,conference_event_compact,240,76,18240.0,190.0,25.33,4813.33,0.2638888958333332,28,25,512.67,0.0013706140350877,20.5067,12.6667,1.7857,4,0.6429,0.2857,3,0.4286,25,1.0,10,0.357143,105.33,48.32,1.2951,0.9427,1.0,40.1619,0.5486,1.0,0.88,0.8333,yes,partial,partial,no,no,STRESS,,2210975517,STRESS,INFOCOM-style conference event (Info5),batch_1200/wkt/map_1012,batch_1200/wkt/map_1012/roads.wkt,batch_1200/wkt/map_1012/metadata.json,previews/SYN_conference_event_compact_infocom_event_compact_1012.png,OK
SYN_conference_event_compact_infocom_event_compact_1060,1200,trace_reference_synthetic,infocom_event_compact,conference_event_compact,conference_event_compact,350,76,26600.0,300.0,25.33,7600.0,0.2857142932330826,42,38,784.0,0.0014285714285714,20.6316,12.6667,1.8095,4,0.619,0.2857,4,0.2857,38,1.0,16,0.380952,105.33,47.04,1.3514,0.9495,1.0,95.1523,0.4443,1.0,0.9737,0.8333,yes,partial,partial,no,no,STRESS,,2596512680,STRESS,INFOCOM-style conference event (Info5),batch_1200/wkt/map_1060,batch_1200/wkt/map_1060/roads.wkt,batch_1200/wkt/map_1060/metadata.json,previews/SYN_conference_event_compact_infocom_event_compact_1060.png,OK
SYN_conference_event_compact_infocom_event_compact_1121,1200,trace_reference_synthetic,infocom_event_compact,conference_event_compact,conference_event_compact,350,80,28000.0,300.0,29.33,8800.0,0.3142857214285713,42,38,832.0,0.0013571428571428,21.8947,14.6667,1.8095,4,0.619,0.2857,4,0.2857,38,1.0,16,0.380952,109.33,53.35,1.3418,0.9495,1.0,70.9711,0.4496,1.0,0.9737,0.8333,yes,partial,partial,no,no,STRESS,,4060405362,STRESS,INFOCOM-style conference event (Info5),batch_1200/wkt/map_1121,batch_1200/wkt/map_1121/roads.wkt,batch_1200/wkt/map_1121/metadata.json,previews/SYN_conference_event_compact_infocom_event_compact_1121.png,OK
SYN_conference_event_compact_infocom_event_compact_1168,1200,trace_reference_synthetic,infocom_event_compact,conference_event_compact,conference_event_compact,460,76,34960.0,410.0,25.33,10386.67,0.2971014570938214,56,51,1055.33,0.0014588100686498,20.6928,12.6667,1.8214,4,0.6071,0.2857,5,0.2143,51,1.0,22,0.392857,105.33,50.76,1.306,0.9526,1.0,172.139,0.4552,1.0,0.9804,0.8333,yes,partial,partial,no,no,STRESS,,2187577044,STRESS,INFOCOM-style conference event (Info5),batch_1200/wkt/map_1168,batch_1200/wkt/map_1168/roads.wkt,batch_1200/wkt/map_1168/metadata.json,previews/SYN_conference_event_compact_infocom_event_compact_1168.png,OK
SYN_corridor_rollernet_trace_0455,600,trace_reference_synthetic,rollernet_trace,corridor_linear,corridor,3050,150,457500.0,3000.0,100.0,300000.0,0.6557377049180327,27,26,3200.0,5.683060109289618e-05,123.0769,125.0,1.9259,3,0.1481,0.0741,1,1.0,26,1.0,23,0.851852,5750.0,1086.33,1.0036,0.3912,1.0,1469.1865,0.4449,0.0,0.8077,0.5741,yes,yes,no,partial,partial,PASS,,3657501936,PASS,RollerNet contact trace,batch_0600/wkt/map_0455,batch_0600/wkt/map_0455/roads.wkt,batch_0600/wkt/map_0455/metadata.json,previews/SYN_corridor_rollernet_trace_0455.png,OK
SYN_corridor_rollernet_trace_0479,600,trace_reference_synthetic,rollernet_trace,corridor_linear,corridor,3050,450,1372500.0,3000.0,400.0,1200000.0,0.8743169398907104,27,26,3400.0,1.894353369763206e-05,130.7692,125.0,1.9259,3,0.1481,0.0741,1,1.0,26,1.0,23,0.851852,5750.0,1038.28,1.0245,0.3912,1.0,293.9786,0.4443,0.0,0.8077,0.5741,yes,yes,no,partial,partial,PASS,,3898767290,PASS,RollerNet contact trace,batch_0600/wkt/map_0479,batch_0600/wkt/map_0479/roads.wkt,batch_0600/wkt/map_0479/metadata.json,previews/SYN_corridor_rollernet_trace_0479.png,OK
SYN_corridor_rollernet_trace_0519,600,trace_reference_synthetic,rollernet_trace,corridor_linear,corridor,3050,450,1372500.0,3000.0,400.0,1200000.0,0.8743169398907104,27,26,3800.0,1.894353369763206e-05,146.1538,125.0,1.9259,3,0.1481,0.0741,1,1.0,26,1.0,23,0.851852,5750.0,1230.47,1.0318,0.3912,1.0,92.1222,0.4456,0.0,0.7692,0.5741,yes,yes,no,partial,partial,PASS,,844213200,PASS,RollerNet contact trace,batch_0600/wkt/map_0519,batch_0600/wkt/map_0519/roads.wkt,batch_0600/wkt/map_0519/metadata.json,previews/SYN_corridor_rollernet_trace_0519.png,OK
SYN_corridor_rollernet_trace_0539,600,trace_reference_synthetic,rollernet_trace,corridor_linear,corridor,3050,1250,3812500.0,3000.0,1200.0,3600000.0,0.9442622950819672,27,26,4200.0,6.819672131147541e-06,161.5385,125.0,1.9259,3,0.1481,0.0741,1,1.0,26,1.0,23,0.851852,5750.0,1169.92,1.0645,0.3912,1.0,32.6649,0.4391,0.0,0.8462,0.5741,yes,yes,no,partial,partial,PASS,,3886644346,PASS,RollerNet contact trace,batch_0600/wkt/map_0539,batch_0600/wkt/map_0539/roads.wkt,batch_0600/wkt/map_0539/metadata.json,previews/SYN_corridor_rollernet_trace_0539.png,OK
SYN_corridor_rollernet_trace_0563,600,trace_reference_synthetic,rollernet_trace,corridor_linear,corridor,3050,250,762500.0,3000.0,200.0,600000.0,0.7868852459016393,29,28,3400.0,3.672131147540984e-05,121.4286,125.0,1.931,3,0.2069,0.1379,1,1.0,28,1.0,23,0.793103,5750.0,981.25,1.0234,0.5917,1.0,610.3842,0.3971,0.0,0.8214,0.6034,yes,yes,no,partial,partial,PASS,,2839912808,PASS,RollerNet contact trace,batch_0600/wkt/map_0563,batch_0600/wkt/map_0563/roads.wkt,batch_0600/wkt/map_0563/metadata.json,previews/SYN_corridor_rollernet_trace_0563.png,OK
SYN_corridor_rollernet_trace_0586,600,trace_reference_synthetic,rollernet_trace,corridor_linear,corridor,3050,450,1372500.0,3000.0,400.0,1200000.0,0.8743169398907104,28,27,3600.0,1.9672131147540985e-05,133.3333,125.0,1.9286,3,0.1786,0.1071,1,1.0,27,1.0,23,0.821429,5750.0,1084.38,1.038,0.5033,1.0,212.1702,0.4594,0.0,0.8148,0.5893,yes,yes,no,partial,partial,PASS,,1563477195,PASS,RollerNet contact trace,batch_0600/wkt/map_0586,batch_0600/wkt/map_0586/roads.wkt,batch_0600/wkt/map_0586/metadata.json,previews/SYN_corridor_rollernet_trace_0586.png,OK
SYN_corridor_rollernet_trace_0618,800,trace_reference_synthetic,rollernet_trace,corridor_linear,corridor,3050,850,2592500.0,3000.0,800.0,2400000.0,0.9257473481195756,28,27,4200.0,1.0414657666345229e-05,155.5556,125.0,1.9286,3,0.1786,0.1071,1,1.0,27,1.0,23,0.821429,5800.0,1169.14,1.0695,0.5033,1.0,53.4399,0.4566,0.0,0.8148,0.5893,yes,yes,no,partial,partial,PASS,,3269110790,PASS,RollerNet contact trace,batch_0800/wkt/map_0618,batch_0800/wkt/map_0618/roads.wkt,batch_0800/wkt/map_0618/metadata.json,previews/SYN_corridor_rollernet_trace_0618.png,OK
SYN_corridor_rollernet_trace_0640,800,trace_reference_synthetic,rollernet_trace,corridor_linear,corridor,3050,1250,3812500.0,3000.0,1200.0,3600000.0,0.9442622950819672,29,28,5400.0,7.344262295081967e-06,192.8571,125.0,1.931,3,0.2069,0.1379,1,1.0,28,1.0,23,0.793103,5750.0,1104.69,1.073,0.5917,1.0,17.2451,0.4609,0.0,0.7857,0.6034,yes,yes,no,partial,partial,PASS,,1314065398,PASS,RollerNet contact trace,batch_0800/wkt/map_0640,batch_0800/wkt/map_0640/roads.wkt,batch_0800/wkt/map_0640/metadata.json,previews/SYN_corridor_rollernet_trace_0640.png,OK
SYN_corridor_rollernet_trace_0664,800,trace_reference_synthetic,rollernet_trace,corridor_linear,corridor,3050,250,762500.0,3000.0,200.0,600000.0,0.7868852459016393,29,28,3400.0,3.672131147540984e-05,121.4286,125.0,1.931,3,0.2069,0.1379,1,1.0,28,1.0,23,0.793103,5750.0,1309.77,1.0456,0.5917,1.0,679.7104,0.4627,0.0,0.8214,0.6034,yes,yes,no,partial,partial,PASS,,768629745,PASS,RollerNet contact trace,batch_0800/wkt/map_0664,batch_0800/wkt/map_0664/roads.wkt,batch_0800/wkt/map_0664/metadata.json,previews/SYN_corridor_rollernet_trace_0664.png,OK
SYN_corridor_rollernet_trace_0693,800,trace_reference_synthetic,rollernet_trace,corridor_linear,corridor,3050,450,1372500.0,3000.0,400.0,1200000.0,0.8743169398907104,29,28,3800.0,2.0400728597449908e-05,135.7143,125.0,1.931,3,0.2069,0.1379,1,1.0,28,1.0,23,0.793103,5750.0,1134.38,1.0374,0.5917,1.0,169.9871,0.4632,0.0,0.8214,0.6034,yes,yes,no,partial,partial,PASS,,3325731208,PASS,RollerNet contact trace,batch_0800/wkt/map_0693,batch_0800/wkt/map_0693/roads.wkt,batch_0800/wkt/map_0693/metadata.json,previews/SYN_corridor_rollernet_trace_0693.png,OK
SYN_corridor_rollernet_trace_0723,800,trace_reference_synthetic,rollernet_trace,corridor_linear,corridor,3050,850,2592500.0,3000.0,800.0,2400000.0,0.9257473481195756,29,28,4600.0,1.0800385728061716e-05,164.2857,125.0,1.931,3,0.2069,0.1379,1,1.0,28,1.0,23,0.793103,5750.0,1371.09,1.0753,0.5917,1.0,39.5612,0.4631,0.0,0.8214,0.6034,yes,yes,no,partial,partial,PASS,,543056324,PASS,RollerNet contact trace,batch_0800/wkt/map_0723,batch_0800/wkt/map_0723/roads.wkt,batch_0800/wkt/map_0723/metadata.json,previews/SYN_corridor_rollernet_trace_0723.png,OK
SYN_corridor_rollernet_trace_0749,800,trace_reference_synthetic,rollernet_trace,corridor_linear,corridor,3050,1250,3812500.0,3000.0,1200.0,3600000.0,0.9442622950819672,29,28,5400.0,7.344262295081967e-06,192.8571,125.0,1.931,3,0.2069,0.1379,1,1.0,28,1.0,23,0.793103,5750.0,1237.5,1.0636,0.5917,1.0,17.5491,0.4615,0.0,0.7857,0.6034,yes,yes,no,partial,partial,PASS,,1974774431,PASS,RollerNet contact trace,batch_0800/wkt/map_0749,batch_0800/wkt/map_0749/roads.wkt,batch_0800/wkt/map_0749/metadata.json,previews/SYN_corridor_rollernet_trace_0749.png,OK
SYN_corridor_rollernet_trace_0775,800,trace_reference_synthetic,rollernet_trace,corridor_linear,corridor,3050,250,762500.0,3000.0,200.0,600000.0,0.7868852459016393,29,28,3400.0,3.672131147540984e-05,121.4286,125.0,1.931,3,0.2069,0.1379,1,1.0,28,1.0,23,0.793103,5750.0,1148.05,1.0441,0.5917,1.0,695.8672,0.4627,0.0,0.8214,0.6034,yes,yes,no,partial,partial,PASS,,3061935602,PASS,RollerNet contact trace,batch_0800/wkt/map_0775,batch_0800/wkt/map_0775/roads.wkt,batch_0800/wkt/map_0775/metadata.json,previews/SYN_corridor_rollernet_trace_0775.png,OK
SYN_corridor_rollernet_trace_0803,1000,trace_reference_synthetic,rollernet_trace,corridor_linear,corridor,3050,450,1372500.0,3000.0,400.0,1200000.0,0.8743169398907104,29,28,3800.0,2.0400728597449908e-05,135.7143,125.0,1.931,3,0.2069,0.1379,1,1.0,28,1.0,23,0.793103,5750.0,1184.77,1.0818,0.5917,1.0,158.2293,0.4628,0.0,0.8214,0.6034,yes,yes,no,partial,partial,PASS,,1597402430,PASS,RollerNet contact trace,batch_1000/wkt/map_0803,batch_1000/wkt/map_0803/roads.wkt,batch_1000/wkt/map_0803/metadata.json,previews/SYN_corridor_rollernet_trace_0803.png,OK
SYN_corridor_rollernet_trace_0828,1000,trace_reference_synthetic,rollernet_trace,corridor_linear,corridor,3050,850,2592500.0,3000.0,800.0,2400000.0,0.9257473481195756,29,28,4600.0,1.0800385728061716e-05,164.2857,125.0,1.931,3,0.2069,0.1379,1,1.0,28,1.0,23,0.793103,5750.0,1198.05,1.0679,0.5917,1.0,42.5577,0.4649,0.0,0.8214,0.6034,yes,yes,no,partial,partial,PASS,,2780171506,PASS,RollerNet contact trace,batch_1000/wkt/map_0828,batch_1000/wkt/map_0828/roads.wkt,batch_1000/wkt/map_0828/metadata.json,previews/SYN_corridor_rollernet_trace_0828.png,OK
SYN_corridor_rollernet_trace_0849,1000,trace_reference_synthetic,rollernet_trace,corridor_linear,corridor,3050,1250,3812500.0,3000.0,1200.0,3600000.0,0.9442622950819672,29,28,5400.0,7.344262295081967e-06,192.8571,125.0,1.931,3,0.2069,0.1379,1,1.0,28,1.0,23,0.793103,5750.0,1294.14,1.052,0.5917,1.0,17.5491,0.4615,0.0,0.7857,0.6034,yes,yes,no,partial,partial,PASS,,3647365227,PASS,RollerNet contact trace,batch_1000/wkt/map_0849,batch_1000/wkt/map_0849/roads.wkt,batch_1000/wkt/map_0849/metadata.json,previews/SYN_corridor_rollernet_trace_0849.png,OK
SYN_corridor_rollernet_trace_0873,1000,trace_reference_synthetic,rollernet_trace,corridor_linear,corridor,4050,150,607500.0,4000.0,100.0,400000.0,0.6584362139917695,35,34,4200.0,5.596707818930041e-05,123.5294,125.0,1.9429,3,0.1143,0.0571,1,1.0,34,1.0,31,0.885714,7750.0,1510.94,1.0029,0.3228,1.0,3180.4018,0.4375,0.0,0.8824,0.5571,yes,yes,no,partial,partial,PASS,,425790873,PASS,RollerNet contact trace,batch_1000/wkt/map_0873,batch_1000/wkt/map_0873/roads.wkt,batch_1000/wkt/map_0873/metadata.json,previews/SYN_corridor_rollernet_trace_0873.png,OK
SYN_corridor_rollernet_trace_0909,1000,trace_reference_synthetic,rollernet_trace,corridor_linear,corridor,4050,250,1012500.0,4000.0,200.0,800000.0,0.7901234567901234,35,34,4400.0,3.3580246913580247e-05,129.4118,125.0,1.9429,3,0.1143,0.0571,1,1.0,34,1.0,31,0.885714,7750.0,1740.23,1.0205,0.3228,1.0,795.2995,0.4375,0.0,0.8824,0.5571,yes,yes,no,partial,partial,PASS,,1355866633,PASS,RollerNet contact trace,batch_1000/wkt/map_0909,batch_1000/wkt/map_0909/roads.wkt,batch_1000/wkt/map_0909/metadata.json,previews/SYN_corridor_rollernet_trace_0909.png,OK
SYN_corridor_rollernet_trace_0938,1000,trace_reference_synthetic,rollernet_trace,corridor_linear,corridor,4050,850,3442500.0,4000.0,800.0,3200000.0,0.9295570079883806,35,34,4800.0,9.876543209876543e-06,141.1765,125.0,1.9429,3,0.1143,0.0571,1,1.0,34,1.0,31,0.885714,7750.0,1601.95,1.0174,0.3228,1.0,165.5018,0.4362,0.0,0.8529,0.5571,yes,yes,no,partial,partial,PASS,,493350181,PASS,RollerNet contact trace,batch_1000/wkt/map_0938,batch_1000/wkt/map_0938/roads.wkt,batch_1000/wkt/map_0938/metadata.json,previews/SYN_corridor_rollernet_trace_0938.png,OK
SYN_corridor_rollernet_trace_0964,1000,trace_reference_synthetic,rollernet_trace,corridor_linear,corridor,4050,1250,5062500.0,4000.0,1200.0,4800000.0,0.9481481481481482,35,34,5200.0,6.716049382716049e-06,152.9412,125.0,1.9429,3,0.1143,0.0571,1,1.0,34,1.0,31,0.885714,7750.0,1275.78,1.0331,0.3228,1.0,73.5565,0.4344,0.0,0.8529,0.5571,yes,yes,no,partial,partial,PASS,,2447459958,PASS,RollerNet contact trace,batch_1000/wkt/map_0964,batch_1000/wkt/map_0964/roads.wkt,batch_1000/wkt/map_0964/metadata.json,previews/SYN_corridor_rollernet_trace_0964.png,OK
SYN_corridor_rollernet_trace_0986,1000,trace_reference_synthetic,rollernet_trace,corridor_linear,corridor,4050,150,607500.0,4000.0,100.0,400000.0,0.6584362139917695,37,36,4400.0,5.925925925925926e-05,122.2222,125.0,1.9459,3,0.1622,0.1081,1,1.0,36,1.0,31,0.837838,7750.0,1407.03,1.0538,0.5033,1.0,1920.5561,0.4544,0.0,0.8611,0.5811,yes,yes,no,partial,partial,PASS,,774637749,PASS,RollerNet contact trace,batch_1000/wkt/map_0986,batch_1000/wkt/map_0986/roads.wkt,batch_1000/wkt/map_0986/metadata.json,previews/SYN_corridor_rollernet_trace_0986.png,OK
SYN_corridor_rollernet_trace_1013,1200,trace_reference_synthetic,rollernet_trace,corridor_linear,corridor,4050,250,1012500.0,4000.0,200.0,800000.0,0.7901234567901234,37,36,4800.0,3.555555555555555e-05,133.3333,125.0,1.9459,3,0.1622,0.1081,1,1.0,36,1.0,31,0.837838,7750.0,1557.42,1.0786,0.5033,1.0,428.6439,0.4451,0.0,0.8611,0.5811,yes,yes,no,partial,partial,PASS,,3899093034,PASS,RollerNet contact trace,batch_1200/wkt/map_1013,batch_1200/wkt/map_1013/roads.wkt,batch_1200/wkt/map_1013/metadata.json,previews/SYN_corridor_rollernet_trace_1013.png,OK
SYN_corridor_rollernet_trace_1041,1200,trace_reference_synthetic,rollernet_trace,corridor_linear,corridor,4050,850,3442500.0,4000.0,800.0,3200000.0,0.9295570079883806,37,36,5600.0,1.045751633986928e-05,155.5556,125.0,1.9459,3,0.1622,0.1081,1,1.0,36,1.0,31,0.837838,7750.0,1504.3,1.0579,0.5033,1.0,90.1542,0.4359,0.0,0.8611,0.5811,yes,yes,no,partial,partial,PASS,,530383752,PASS,RollerNet contact trace,batch_1200/wkt/map_1041,batch_1200/wkt/map_1041/roads.wkt,batch_1200/wkt/map_1041/metadata.json,previews/SYN_corridor_rollernet_trace_1041.png,OK
SYN_corridor_rollernet_trace_1063,1200,trace_reference_synthetic,rollernet_trace,corridor_linear,corridor,4050,1250,5062500.0,4000.0,1200.0,4800000.0,0.9481481481481482,37,36,6400.0,7.111111111111111e-06,177.7778,125.0,1.9459,3,0.1622,0.1081,1,1.0,36,1.0,31,0.837838,7750.0,1671.09,1.0547,0.5033,1.0,39.2623,0.4519,0.0,0.8333,0.5811,yes,yes,no,partial,partial,PASS,,287968307,PASS,RollerNet contact trace,batch_1200/wkt/map_1063,batch_1200/wkt/map_1063/roads.wkt,batch_1200/wkt/map_1063/metadata.json,previews/SYN_corridor_rollernet_trace_1063.png,OK
SYN_corridor_rollernet_trace_1099,1200,trace_reference_synthetic,rollernet_trace,corridor_linear,corridor,4050,250,1012500.0,4000.0,200.0,800000.0,0.7901234567901234,37,36,4400.0,3.555555555555555e-05,122.2222,125.0,1.9459,3,0.1622,0.1081,1,1.0,36,1.0,31,0.837838,7750.0,1226.56,1.0192,0.5033,1.0,1426.2497,0.4548,0.0,0.8889,0.5811,yes,yes,no,partial,partial,PASS,,2013713446,PASS,RollerNet contact trace,batch_1200/wkt/map_1099,batch_1200/wkt/map_1099/roads.wkt,batch_1200/wkt/map_1099/metadata.json,previews/SYN_corridor_rollernet_trace_1099.png,OK
SYN_corridor_rollernet_trace_1122,1200,trace_reference_synthetic,rollernet_trace,corridor_linear,corridor,4050,450,1822500.0,4000.0,400.0,1600000.0,0.877914951989026,37,36,4800.0,1.9753086419753087e-05,133.3333,125.0,1.9459,3,0.1622,0.1081,1,1.0,36,1.0,31,0.837838,7750.0,1445.31,1.0334,0.5033,1.0,386.1176,0.4549,0.0,0.8889,0.5811,yes,yes,no,partial,partial,PASS,,3335197274,PASS,RollerNet contact trace,batch_1200/wkt/map_1122,batch_1200/wkt/map_1122/roads.wkt,batch_1200/wkt/map_1122/metadata.json,previews/SYN_corridor_rollernet_trace_1122.png,OK
SYN_corridor_rollernet_trace_1142,1200,trace_reference_synthetic,rollernet_trace,corridor_linear,corridor,4050,850,3442500.0,4000.0,800.0,3200000.0,0.9295570079883806,37,36,5600.0,1.045751633986928e-05,155.5556,125.0,1.9459,3,0.1622,0.1081,1,1.0,36,1.0,31,0.837838,7750.0,1564.06,1.0306,0.5033,1.0,95.1636,0.4547,0.0,0.8333,0.5811,yes,yes,no,partial,partial,PASS,,1095655772,PASS,RollerNet contact trace,batch_1200/wkt/map_1142,batch_1200/wkt/map_1142/roads.wkt,batch_1200/wkt/map_1142/metadata.json,previews/SYN_corridor_rollernet_trace_1142.png,OK
SYN_corridor_rollernet_trace_1170,1200,trace_reference_synthetic,rollernet_trace,corridor_linear,corridor,4050,1250,5062500.0,4000.0,1200.0,4800000.0,0.9481481481481482,37,36,6400.0,7.111111111111111e-06,177.7778,125.0,1.9459,3,0.1622,0.1081,1,1.0,36,1.0,31,0.837838,7750.0,1666.02,1.0539,0.5033,1.0,39.586,0.4524,0.0,0.8056,0.5811,yes,yes,no,partial,partial,PASS,,858727927,PASS,RollerNet contact trace,batch_1200/wkt/map_1170,batch_1200/wkt/map_1170/roads.wkt,batch_1200/wkt/map_1170/metadata.json,previews/SYN_corridor_rollernet_trace_1170.png,OK
SYN_corridor_rollernet_trace_1190,1200,trace_reference_synthetic,rollernet_trace,corridor_linear,corridor,4050,150,607500.0,4000.0,100.0,400000.0,0.6584362139917695,37,36,4400.0,5.925925925925926e-05,122.2222,125.0,1.9459,3,0.1622,0.1081,1,1.0,36,1.0,31,0.837838,7750.0,1285.94,1.0257,0.5033,1.0,1944.3509,0.455,0.0,0.8889,0.5811,yes,yes,no,partial,partial,PASS,,1635195686,PASS,RollerNet contact trace,batch_1200/wkt/map_1190,batch_1200/wkt/map_1190/roads.wkt,batch_1200/wkt/map_1190/metadata.json,previews/SYN_corridor_rollernet_trace_1190.png,OK
SYN_disrupted_grid_none_0015,100,synthetic,,industrial_disrupted,disrupted_grid,650,650,422500.0,600.0,600.0,360000.0,0.8520710059171598,121,209,12540.0,0.000494674556213,60.0,60.0,3.4545,4,0.0083,0.9091,1,1.0,1,0.004785,1,0.008264,1800.0,509.06,1.2939,1.0,1.0,1.0,0.6293,0.0,0.8182,0.2895,yes,yes,no,partial,no,PASS,,1801875997,PASS,,batch_0100/wkt/map_0015,batch_0100/wkt/map_0015/roads.wkt,batch_0100/wkt/map_0015/metadata.json,previews/SYN_disrupted_grid_none_0015.png,OK
SYN_disrupted_grid_none_0043,100,synthetic,,industrial_disrupted,disrupted_grid,850,850,722500.0,800.0,800.0,640000.0,0.8858131487889274,121,209,16720.0,0.0002892733564013,80.0,80.0,3.4545,4,0.0083,0.9174,1,1.0,1,0.004785,1,0.008264,2400.0,611.25,1.275,1.0,1.0,1.0,0.6293,0.0,0.8134,0.2895,yes,yes,no,partial,no,PASS,,511194219,PASS,,batch_0100/wkt/map_0043,batch_0100/wkt/map_0043/roads.wkt,batch_0100/wkt/map_0043/metadata.json,previews/SYN_disrupted_grid_none_0043.png,OK
SYN_disrupted_grid_none_0068,100,synthetic,,industrial_disrupted,disrupted_grid,1050,1050,1102500.0,1000.0,1000.0,1000000.0,0.90702947845805,121,209,20900.0,0.0001895691609977,100.0,100.0,3.4545,4,0.0083,0.9339,1,1.0,1,0.004785,1,0.008264,2400.0,709.38,1.2842,0.9992,1.0,1.0,0.6293,0.0,0.823,0.2895,yes,yes,no,partial,no,PASS,,3738254915,PASS,,batch_0100/wkt/map_0068,batch_0100/wkt/map_0068/roads.wkt,batch_0100/wkt/map_0068/metadata.json,previews/SYN_disrupted_grid_none_0068.png,OK
SYN_disrupted_grid_none_0099,100,synthetic,,industrial_disrupted,disrupted_grid,770,650,500500.0,720.0,600.0,432000.0,0.8631368631368631,143,249,14940.0,0.0004975024975024,60.0,60.0,3.4825,4,0.007,0.9161,1,1.0,1,0.004016,1,0.006993,1440.0,458.44,1.2657,1.0,1.0,1.4,0.625,0.0,0.8434,0.2871,yes,yes,no,partial,no,PASS,,1192513628,PASS,,batch_0100/wkt/map_0099,batch_0100/wkt/map_0099/roads.wkt,batch_0100/wkt/map_0099/metadata.json,previews/SYN_disrupted_grid_none_0099.png,OK
SYN_disrupted_grid_none_0128,200,synthetic,,industrial_disrupted,disrupted_grid,1010,850,858500.0,960.0,800.0,768000.0,0.8945835760046593,143,249,19920.0,0.0002900407687827,80.0,80.0,3.4825,4,0.007,0.9161,1,1.0,1,0.004016,1,0.006993,3040.0,625.0,1.3046,1.0,1.0,1.4,0.625,0.0,0.8514,0.2871,yes,yes,no,partial,no,PASS,,3863891718,PASS,,batch_0200/wkt/map_0128,batch_0200/wkt/map_0128/roads.wkt,batch_0200/wkt/map_0128/metadata.json,previews/SYN_disrupted_grid_none_0128.png,OK
SYN_disrupted_grid_none_0163,200,synthetic,,industrial_disrupted,disrupted_grid,1250,1050,1312500.0,1200.0,1000.0,1200000.0,0.9142857142857144,143,249,24900.0,0.0001897142857142,100.0,100.0,3.4825,4,0.0,0.9021,1,1.0,0,0.0,0,0.0,3800.0,835.94,1.2754,1.0,1.0,1.4,0.625,0.0,0.8313,0.2851,yes,yes,no,partial,no,PASS,,66171594,PASS,,batch_0200/wkt/map_0163,batch_0200/wkt/map_0163/roads.wkt,batch_0200/wkt/map_0163/metadata.json,previews/SYN_disrupted_grid_none_0163.png,OK
SYN_disrupted_grid_none_0185,200,synthetic,,industrial_disrupted,disrupted_grid,950,650,617500.0,900.0,600.0,540000.0,0.8744939271255061,176,309,18540.0,0.0005004048582995,60.0,60.0,3.5114,4,0.0,0.9318,1,1.0,0,0.0,0,0.0,2160.0,486.56,1.2905,0.9998,1.0,2.125,0.6099,0.0,0.8576,0.2832,yes,yes,no,partial,no,PASS,,8339287,PASS,,batch_0200/wkt/map_0185,batch_0200/wkt/map_0185/roads.wkt,batch_0200/wkt/map_0185/metadata.json,previews/SYN_disrupted_grid_none_0185.png,OK
SYN_disrupted_grid_none_0215,400,synthetic,,industrial_disrupted,disrupted_grid,1250,850,1062500.0,1200.0,800.0,960000.0,0.903529411764706,176,309,24720.0,0.0002908235294117,80.0,80.0,3.5114,4,0.0057,0.9205,1,1.0,1,0.003236,1,0.005682,3200.0,710.0,1.2406,0.9998,1.0,2.125,0.6099,0.0,0.8414,0.2848,yes,yes,no,partial,no,PASS,,3535297903,PASS,,batch_0400/wkt/map_0215,batch_0400/wkt/map_0215/roads.wkt,batch_0400/wkt/map_0215/metadata.json,previews/SYN_disrupted_grid_none_0215.png,OK
SYN_disrupted_grid_none_0243,400,synthetic,,industrial_disrupted,disrupted_grid,1550,1050,1627500.0,1500.0,1000.0,1500000.0,0.9216589861751152,176,309,30900.0,0.000189861751152,100.0,100.0,3.5114,4,0.0057,0.9318,1,1.0,1,0.003236,1,0.005682,4200.0,953.12,1.2446,0.9991,1.0,2.125,0.6099,0.0,0.8738,0.2848,yes,yes,no,partial,no,PASS,,2996004033,PASS,,batch_0400/wkt/map_0243,batch_0400/wkt/map_0243/roads.wkt,batch_0400/wkt/map_0243/metadata.json,previews/SYN_disrupted_grid_none_0243.png,OK
SYN_disrupted_grid_none_0265,400,synthetic,,industrial_disrupted,disrupted_grid,1130,650,734500.0,1080.0,600.0,648000.0,0.8822328114363512,209,369,22140.0,0.000502382573179,60.0,60.0,3.5311,4,0.0096,0.9426,1,1.0,2,0.00542,2,0.009569,2400.0,582.19,1.2462,0.9994,1.0,3.0,0.59,0.0,0.8618,0.2845,yes,yes,no,partial,no,PASS,,3021865891,PASS,,batch_0400/wkt/map_0265,batch_0400/wkt/map_0265/roads.wkt,batch_0400/wkt/map_0265/metadata.json,previews/SYN_disrupted_grid_none_0265.png,OK
SYN_disrupted_grid_none_0292,400,synthetic,,industrial_disrupted,disrupted_grid,1490,850,1266500.0,1440.0,800.0,1152000.0,0.9095933675483616,209,369,29520.0,0.0002913541255428,80.0,80.0,3.5311,4,0.0048,0.9522,1,1.0,1,0.00271,1,0.004785,3360.0,846.25,1.2361,0.9997,1.0,3.0,0.59,0.0,0.8672,0.2832,yes,yes,no,partial,no,PASS,,1003740193,PASS,,batch_0400/wkt/map_0292,batch_0400/wkt/map_0292/roads.wkt,batch_0400/wkt/map_0292/metadata.json,previews/SYN_disrupted_grid_none_0292.png,OK
SYN_disrupted_grid_none_0329,400,synthetic,,industrial_disrupted,disrupted_grid,1850,1050,1942500.0,1800.0,1000.0,1800000.0,0.9266409266409268,209,369,36900.0,0.0001899613899613,100.0,100.0,3.5311,4,0.0,0.9234,1,1.0,0,0.0,0,0.0,3800.0,1012.5,1.2298,0.9994,1.0,3.0,0.59,0.0,0.8699,0.2818,yes,yes,no,partial,no,PASS,,1861338517,PASS,,batch_0400/wkt/map_0329,batch_0400/wkt/map_0329/roads.wkt,batch_0400/wkt/map_0329/metadata.json,previews/SYN_disrupted_grid_none_0329.png,OK
SYN_disrupted_grid_none_0362,400,synthetic,,industrial_disrupted,disrupted_grid,650,770,500500.0,600.0,720.0,432000.0,0.8631368631368631,143,249,14940.0,0.0004975024975024,60.0,60.0,3.4825,4,0.0,0.9161,1,1.0,0,0.0,0,0.0,2160.0,500.62,1.309,1.0,1.0,1.4,0.625,0.0,0.8353,0.2851,yes,yes,no,partial,no,PASS,,2274193805,PASS,,batch_0400/wkt/map_0362,batch_0400/wkt/map_0362/roads.wkt,batch_0400/wkt/map_0362/metadata.json,previews/SYN_disrupted_grid_none_0362.png,OK
SYN_disrupted_grid_none_0386,400,synthetic,,industrial_disrupted,disrupted_grid,850,1010,858500.0,800.0,960.0,768000.0,0.8945835760046593,143,249,19920.0,0.0002900407687827,80.0,80.0,3.4825,4,0.014,0.8601,1,1.0,2,0.008032,3,0.020979,2720.0,730.0,1.3219,0.9999,1.0,1.4,0.625,0.0,0.8554,0.2891,yes,yes,no,partial,no,PASS,,4029515783,PASS,,batch_0400/wkt/map_0386,batch_0400/wkt/map_0386/roads.wkt,batch_0400/wkt/map_0386/metadata.json,previews/SYN_disrupted_grid_none_0386.png,OK
SYN_disrupted_grid_none_0404,600,synthetic,,industrial_disrupted,disrupted_grid,1050,1250,1312500.0,1000.0,1200.0,1200000.0,0.9142857142857144,143,249,24900.0,0.0001897142857142,100.0,100.0,3.4825,4,0.0,0.965,1,1.0,0,0.0,0,0.0,3600.0,796.88,1.2836,0.9999,1.0,1.4,0.625,0.0,0.8635,0.2851,yes,yes,no,partial,no,PASS,,98668378,PASS,,batch_0600/wkt/map_0404,batch_0600/wkt/map_0404/roads.wkt,batch_0600/wkt/map_0404/metadata.json,previews/SYN_disrupted_grid_none_0404.png,OK
SYN_disrupted_grid_none_0429,600,synthetic,,industrial_disrupted,disrupted_grid,770,770,592900.0,720.0,720.0,518400.0,0.8743464327879912,169,297,17820.0,0.0005009276437847,60.0,60.0,3.5148,4,0.0,0.9527,1,1.0,0,0.0,0,0.0,2160.0,519.38,1.2677,1.0,1.0,1.0,0.629,0.0,0.8586,0.2828,yes,yes,no,partial,no,PASS,,1138052879,PASS,,batch_0600/wkt/map_0429,batch_0600/wkt/map_0429/roads.wkt,batch_0600/wkt/map_0429/metadata.json,previews/SYN_disrupted_grid_none_0429.png,OK
SYN_disrupted_grid_none_0458,600,synthetic,,industrial_disrupted,disrupted_grid,1010,1010,1020100.0,960.0,960.0,921600.0,0.9034408391334184,169,297,23760.0,0.0002911479266738,80.0,80.0,3.5148,4,0.0,0.9053,1,1.0,0,0.0,0,0.0,2560.0,741.25,1.2872,0.9998,1.0,1.0,0.629,0.0,0.8418,0.2828,yes,yes,no,partial,no,PASS,,2574650997,PASS,,batch_0600/wkt/map_0458,batch_0600/wkt/map_0458/roads.wkt,batch_0600/wkt/map_0458/metadata.json,previews/SYN_disrupted_grid_none_0458.png,OK
SYN_disrupted_grid_none_0481,600,synthetic,,industrial_disrupted,disrupted_grid,1250,1250,1562500.0,1200.0,1200.0,1440000.0,0.9216,169,297,29700.0,0.00019008,100.0,100.0,3.5148,4,0.0059,0.9408,1,1.0,1,0.003367,1,0.005917,2800.0,867.19,1.2777,0.9999,1.0,1.0,0.629,0.0,0.835,0.2845,yes,yes,no,partial,no,PASS,,1092887129,PASS,,batch_0600/wkt/map_0481,batch_0600/wkt/map_0481/roads.wkt,batch_0600/wkt/map_0481/metadata.json,previews/SYN_disrupted_grid_none_0481.png,OK
SYN_disrupted_grid_none_0521,600,synthetic,,industrial_disrupted,disrupted_grid,950,770,731500.0,900.0,720.0,648000.0,0.885850991114149,208,368,22080.0,0.0005030758714969,60.0,60.0,3.5385,4,0.0,0.9279,1,1.0,0,0.0,0,0.0,2280.0,557.81,1.2666,1.0,1.0,1.5179,0.6231,0.0,0.8614,0.2812,yes,yes,no,partial,no,PASS,,2972132614,PASS,,batch_0600/wkt/map_0521,batch_0600/wkt/map_0521/roads.wkt,batch_0600/wkt/map_0521/metadata.json,previews/SYN_disrupted_grid_none_0521.png,OK
SYN_disrupted_grid_none_0540,600,synthetic,,industrial_disrupted,disrupted_grid,1250,1010,1262500.0,1200.0,960.0,1152000.0,0.9124752475247524,208,368,29440.0,0.0002914851485148,80.0,80.0,3.5385,4,0.0048,0.9423,1,1.0,1,0.002717,1,0.004808,2720.0,752.5,1.2924,1.0,1.0,1.5179,0.6231,0.0,0.8614,0.2826,yes,yes,no,partial,no,PASS,,2137475634,PASS,,batch_0600/wkt/map_0540,batch_0600/wkt/map_0540/roads.wkt,batch_0600/wkt/map_0540/metadata.json,previews/SYN_disrupted_grid_none_0540.png,OK
SYN_disrupted_grid_none_0567,600,synthetic,,industrial_disrupted,disrupted_grid,1550,1250,1937500.0,1500.0,1200.0,1800000.0,0.9290322580645162,208,368,36800.0,0.0001899354838709,100.0,100.0,3.5385,4,0.0048,0.9375,1,1.0,1,0.002717,1,0.004808,3600.0,981.25,1.2943,1.0,1.0,1.5179,0.6231,0.0,0.8641,0.2826,yes,yes,no,partial,no,PASS,,1479837278,PASS,,batch_0600/wkt/map_0567,batch_0600/wkt/map_0567/roads.wkt,batch_0600/wkt/map_0567/metadata.json,previews/SYN_disrupted_grid_none_0567.png,OK
SYN_disrupted_grid_none_0587,600,synthetic,,industrial_disrupted,disrupted_grid,1130,770,870100.0,1080.0,720.0,777600.0,0.8936903804160441,247,439,26340.0,0.0005045397080795,60.0,60.0,3.5547,4,0.004,0.9393,1,1.0,1,0.002278,1,0.004049,3000.0,613.12,1.3015,0.9999,1.0,2.1429,0.6085,0.0,0.8633,0.2813,yes,yes,no,partial,no,PASS,,3371721572,PASS,,batch_0600/wkt/map_0587,batch_0600/wkt/map_0587/roads.wkt,batch_0600/wkt/map_0587/metadata.json,previews/SYN_disrupted_grid_none_0587.png,OK
SYN_disrupted_grid_none_0619,800,synthetic,,industrial_disrupted,disrupted_grid,1490,1010,1504900.0,1440.0,960.0,1382400.0,0.918599242474583,247,439,35120.0,0.0002917137351319,80.0,80.0,3.5547,4,0.0121,0.9393,1,1.0,3,0.006834,3,0.012146,4480.0,948.75,1.2781,0.9998,1.0,2.1429,0.6085,0.0,0.8679,0.2836,yes,yes,no,partial,no,PASS,,767710098,PASS,,batch_0800/wkt/map_0619,batch_0800/wkt/map_0619/roads.wkt,batch_0800/wkt/map_0619/metadata.json,previews/SYN_disrupted_grid_none_0619.png,OK
SYN_disrupted_grid_none_0641,800,synthetic,,industrial_disrupted,disrupted_grid,1850,1250,2312500.0,1800.0,1200.0,2160000.0,0.934054054054054,247,439,43900.0,0.0001898378378378,100.0,100.0,3.5547,4,0.004,0.9433,1,1.0,1,0.002278,1,0.004049,4400.0,1092.19,1.2438,0.9999,1.0,2.1429,0.6085,0.0,0.8838,0.2813,yes,yes,no,partial,no,PASS,,2341685045,PASS,,batch_0800/wkt/map_0641,batch_0800/wkt/map_0641/roads.wkt,batch_0800/wkt/map_0641/metadata.json,previews/SYN_disrupted_grid_none_0641.png,OK
SYN_disrupted_grid_none_0666,800,synthetic,,industrial_disrupted,disrupted_grid,650,950,617500.0,600.0,900.0,540000.0,0.8744939271255061,176,309,18540.0,0.0005004048582995,60.0,60.0,3.5114,4,0.0,0.9261,1,1.0,0,0.0,0,0.0,2400.0,591.56,1.2913,0.9991,1.0,2.125,0.6099,0.0,0.8382,0.2832,yes,yes,no,partial,no,PASS,,3068960536,PASS,,batch_0800/wkt/map_0666,batch_0800/wkt/map_0666/roads.wkt,batch_0800/wkt/map_0666/metadata.json,previews/SYN_disrupted_grid_none_0666.png,OK
SYN_disrupted_grid_none_0694,800,synthetic,,industrial_disrupted,disrupted_grid,850,1250,1062500.0,800.0,1200.0,960000.0,0.903529411764706,176,309,24720.0,0.0002908235294117,80.0,80.0,3.5114,4,0.0,0.9375,1,1.0,0,0.0,0,0.0,2880.0,757.5,1.3332,0.9999,1.0,2.125,0.6099,0.0,0.8479,0.2832,yes,yes,no,partial,no,PASS,,4178922753,PASS,,batch_0800/wkt/map_0694,batch_0800/wkt/map_0694/roads.wkt,batch_0800/wkt/map_0694/metadata.json,previews/SYN_disrupted_grid_none_0694.png,OK
SYN_disrupted_grid_none_0724,800,synthetic,,industrial_disrupted,disrupted_grid,1050,1550,1627500.0,1000.0,1500.0,1500000.0,0.9216589861751152,176,309,30900.0,0.000189861751152,100.0,100.0,3.5114,4,0.0,0.9375,1,1.0,0,0.0,0,0.0,3800.0,854.69,1.2862,0.9998,1.0,2.125,0.6099,0.0,0.8511,0.2832,yes,yes,no,partial,no,PASS,,2862643140,PASS,,batch_0800/wkt/map_0724,batch_0800/wkt/map_0724/roads.wkt,batch_0800/wkt/map_0724/metadata.json,previews/SYN_disrupted_grid_none_0724.png,OK
SYN_disrupted_grid_none_0751,800,synthetic,,industrial_disrupted,disrupted_grid,770,950,731500.0,720.0,900.0,648000.0,0.885850991114149,208,368,22080.0,0.0005030758714969,60.0,60.0,3.5385,4,0.0,0.9519,1,1.0,0,0.0,0,0.0,2880.0,506.25,1.2763,1.0,1.0,1.5179,0.6231,0.0,0.856,0.2812,yes,yes,no,partial,no,PASS,,4272427180,PASS,,batch_0800/wkt/map_0751,batch_0800/wkt/map_0751/roads.wkt,batch_0800/wkt/map_0751/metadata.json,previews/SYN_disrupted_grid_none_0751.png,OK
SYN_disrupted_grid_none_0778,800,synthetic,,industrial_disrupted,disrupted_grid,1010,1250,1262500.0,960.0,1200.0,1152000.0,0.9124752475247524,208,368,29440.0,0.0002914851485148,80.0,80.0,3.5385,4,0.0,0.9423,1,1.0,0,0.0,0,0.0,2720.0,861.25,1.3194,0.9999,1.0,1.5179,0.6231,0.0,0.8533,0.2812,yes,yes,no,partial,no,PASS,,4096777560,PASS,,batch_0800/wkt/map_0778,batch_0800/wkt/map_0778/roads.wkt,batch_0800/wkt/map_0778/metadata.json,previews/SYN_disrupted_grid_none_0778.png,OK
SYN_disrupted_grid_none_0804,1000,synthetic,,industrial_disrupted,disrupted_grid,1250,1550,1937500.0,1200.0,1500.0,1800000.0,0.9290322580645162,208,368,36800.0,0.0001899354838709,100.0,100.0,3.5385,4,0.0,0.9279,1,1.0,0,0.0,0,0.0,3800.0,1000.0,1.3027,0.9999,1.0,1.5179,0.6231,0.0,0.8696,0.2812,yes,yes,no,partial,no,PASS,,3073552539,PASS,,batch_1000/wkt/map_0804,batch_1000/wkt/map_0804/roads.wkt,batch_1000/wkt/map_0804/metadata.json,previews/SYN_disrupted_grid_none_0804.png,OK
SYN_disrupted_grid_none_0831,1000,synthetic,,industrial_disrupted,disrupted_grid,950,950,902500.0,900.0,900.0,810000.0,0.8975069252077562,256,456,27360.0,0.0005052631578947,60.0,60.0,3.5625,4,0.0,0.9453,1,1.0,0,0.0,0,0.0,3120.0,609.38,1.2695,1.0,1.0,1.0,0.6293,0.0,0.8662,0.2796,yes,yes,no,partial,no,PASS,,3504710314,PASS,,batch_1000/wkt/map_0831,batch_1000/wkt/map_0831/roads.wkt,batch_1000/wkt/map_0831/metadata.json,previews/SYN_disrupted_grid_none_0831.png,OK
SYN_disrupted_grid_none_0850,1000,synthetic,,industrial_disrupted,disrupted_grid,1250,1250,1562500.0,1200.0,1200.0,1440000.0,0.9216,256,456,36480.0,0.00029184,80.0,80.0,3.5625,4,0.0039,0.918,1,1.0,2,0.004386,2,0.007812,2880.0,872.5,1.2728,1.0,1.0,1.0,0.6293,0.0,0.8596,0.2807,yes,yes,no,partial,no,PASS,,957557432,PASS,,batch_1000/wkt/map_0850,batch_1000/wkt/map_0850/roads.wkt,batch_1000/wkt/map_0850/metadata.json,previews/SYN_disrupted_grid_none_0850.png,OK
SYN_disrupted_grid_none_0874,1000,synthetic,,industrial_disrupted,disrupted_grid,1550,1550,2402500.0,1500.0,1500.0,2250000.0,0.9365244536940688,256,456,45600.0,0.0001898022892819,100.0,100.0,3.5625,4,0.0039,0.9297,1,1.0,1,0.002193,1,0.003906,4000.0,1084.38,1.2926,1.0,1.0,1.0,0.6293,0.0,0.8596,0.2807,yes,yes,no,partial,no,PASS,,2775676549,PASS,,batch_1000/wkt/map_0874,batch_1000/wkt/map_0874/roads.wkt,batch_1000/wkt/map_0874/metadata.json,previews/SYN_disrupted_grid_none_0874.png,OK
SYN_disrupted_grid_none_0913,1000,synthetic,,industrial_disrupted,disrupted_grid,1130,950,1073500.0,1080.0,900.0,972000.0,0.9054494643688868,304,545,32700.0,0.0005076851420586,60.0,60.0,3.5855,4,0.0033,0.9572,1,1.0,1,0.001835,1,0.003289,2880.0,798.75,1.2836,0.9999,1.0,1.4118,0.6245,0.0,0.8587,0.2789,yes,yes,no,partial,no,PASS,,3777972087,PASS,,batch_1000/wkt/map_0913,batch_1000/wkt/map_0913/roads.wkt,batch_1000/wkt/map_0913/metadata.json,previews/SYN_disrupted_grid_none_0913.png,OK
SYN_disrupted_grid_none_0939,1000,synthetic,,industrial_disrupted,disrupted_grid,1490,1250,1862500.0,1440.0,1200.0,1728000.0,0.9277852348993288,304,545,43600.0,0.0002926174496644,80.0,80.0,3.5855,4,0.0033,0.9572,1,1.0,1,0.001835,1,0.003289,3680.0,1091.25,1.2822,0.9999,1.0,1.4118,0.6245,0.0,0.8862,0.2789,yes,yes,no,partial,no,PASS,,2259905296,PASS,,batch_1000/wkt/map_0939,batch_1000/wkt/map_0939/roads.wkt,batch_1000/wkt/map_0939/metadata.json,previews/SYN_disrupted_grid_none_0939.png,OK
SYN_disrupted_grid_none_0965,1000,synthetic,,industrial_disrupted,disrupted_grid,1850,1550,2867500.0,1800.0,1500.0,2700000.0,0.941586748038361,304,545,54500.0,0.0001900610287707,100.0,100.0,3.5855,4,0.0033,0.9605,1,1.0,1,0.001835,1,0.003289,4000.0,1212.5,1.311,0.9999,1.0,1.4118,0.6245,0.0,0.8752,0.2789,yes,yes,no,partial,no,PASS,,3046448349,PASS,,batch_1000/wkt/map_0965,batch_1000/wkt/map_0965/roads.wkt,batch_1000/wkt/map_0965/metadata.json,previews/SYN_disrupted_grid_none_0965.png,OK
SYN_disrupted_grid_none_0988,1000,synthetic,,industrial_disrupted,disrupted_grid,650,1130,734500.0,600.0,1080.0,648000.0,0.8822328114363512,209,369,22140.0,0.000502382573179,60.0,60.0,3.5311,4,0.0096,0.9426,1,1.0,2,0.00542,2,0.009569,2640.0,622.5,1.2929,0.9999,1.0,3.0,0.59,0.0,0.8699,0.2845,yes,yes,no,partial,no,PASS,,1481549492,PASS,,batch_1000/wkt/map_0988,batch_1000/wkt/map_0988/roads.wkt,batch_1000/wkt/map_0988/metadata.json,previews/SYN_disrupted_grid_none_0988.png,OK
SYN_disrupted_grid_none_1014,1200,synthetic,,industrial_disrupted,disrupted_grid,850,1490,1266500.0,800.0,1440.0,1152000.0,0.9095933675483616,209,369,29520.0,0.0002913541255428,80.0,80.0,3.5311,4,0.0144,0.9282,1,1.0,4,0.01084,4,0.019139,3040.0,770.0,1.2747,0.9999,1.0,3.0,0.59,0.0,0.8726,0.2859,yes,yes,no,partial,no,PASS,,1444398544,PASS,,batch_1200/wkt/map_1014,batch_1200/wkt/map_1014/roads.wkt,batch_1200/wkt/map_1014/metadata.json,previews/SYN_disrupted_grid_none_1014.png,OK
SYN_disrupted_grid_none_1042,1200,synthetic,,industrial_disrupted,disrupted_grid,1050,1850,1942500.0,1000.0,1800.0,1800000.0,0.9266409266409268,209,369,36900.0,0.0001899613899613,100.0,100.0,3.5311,4,0.0096,0.9474,1,1.0,2,0.00542,2,0.009569,4400.0,998.44,1.2751,1.0,1.0,3.0,0.59,0.0,0.8699,0.2845,yes,yes,no,partial,no,PASS,,1533567629,PASS,,batch_1200/wkt/map_1042,batch_1200/wkt/map_1042/roads.wkt,batch_1200/wkt/map_1042/metadata.json,previews/SYN_disrupted_grid_none_1042.png,OK
SYN_disrupted_grid_none_1065,1200,synthetic,,industrial_disrupted,disrupted_grid,770,1130,870100.0,720.0,1080.0,777600.0,0.8936903804160441,247,439,26340.0,0.0005045397080795,60.0,60.0,3.5547,4,0.004,0.9271,1,1.0,1,0.002278,1,0.004049,2520.0,553.12,1.2537,0.9995,1.0,2.1429,0.6085,0.0,0.8656,0.2813,yes,yes,no,partial,no,PASS,,2990682800,PASS,,batch_1200/wkt/map_1065,batch_1200/wkt/map_1065/roads.wkt,batch_1200/wkt/map_1065/metadata.json,previews/SYN_disrupted_grid_none_1065.png,OK
SYN_disrupted_grid_none_1100,1200,synthetic,,industrial_disrupted,disrupted_grid,1010,1490,1504900.0,960.0,1440.0,1382400.0,0.918599242474583,247,439,35120.0,0.0002917137351319,80.0,80.0,3.5547,4,0.0,0.9555,1,1.0,0,0.0,0,0.0,3680.0,893.75,1.3065,0.9995,1.0,2.1429,0.6085,0.0,0.8656,0.2802,yes,yes,no,partial,no,PASS,,4070306988,PASS,,batch_1200/wkt/map_1100,batch_1200/wkt/map_1100/roads.wkt,batch_1200/wkt/map_1100/metadata.json,previews/SYN_disrupted_grid_none_1100.png,OK
SYN_disrupted_grid_none_1123,1200,synthetic,,industrial_disrupted,disrupted_grid,1250,1850,2312500.0,1200.0,1800.0,2160000.0,0.934054054054054,247,439,43900.0,0.0001898378378378,100.0,100.0,3.5547,4,0.0,0.9393,1,1.0,0,0.0,0,0.0,3800.0,1056.25,1.2562,0.9998,1.0,2.1429,0.6085,0.0,0.8565,0.2802,yes,yes,no,partial,no,PASS,,2893366881,PASS,,batch_1200/wkt/map_1123,batch_1200/wkt/map_1123/roads.wkt,batch_1200/wkt/map_1123/metadata.json,previews/SYN_disrupted_grid_none_1123.png,OK
SYN_disrupted_grid_none_1146,1200,synthetic,,industrial_disrupted,disrupted_grid,950,1130,1073500.0,900.0,1080.0,972000.0,0.9054494643688868,304,545,32700.0,0.0005076851420586,60.0,60.0,3.5855,4,0.0,0.9671,1,1.0,0,0.0,0,0.0,2400.0,758.44,1.2948,0.9993,1.0,1.4118,0.6245,0.0,0.8862,0.278,yes,yes,no,partial,no,PASS,,925844835,PASS,,batch_1200/wkt/map_1146,batch_1200/wkt/map_1146/roads.wkt,batch_1200/wkt/map_1146/metadata.json,previews/SYN_disrupted_grid_none_1146.png,OK
SYN_disrupted_grid_none_1171,1200,synthetic,,industrial_disrupted,disrupted_grid,1250,1490,1862500.0,1200.0,1440.0,1728000.0,0.9277852348993288,304,545,43600.0,0.0002926174496644,80.0,80.0,3.5855,4,0.0,0.9507,1,1.0,0,0.0,0,0.0,3200.0,883.75,1.336,0.9998,1.0,1.4118,0.6245,0.0,0.8862,0.278,yes,yes,no,partial,no,PASS,,528346419,PASS,,batch_1200/wkt/map_1171,batch_1200/wkt/map_1171/roads.wkt,batch_1200/wkt/map_1171/metadata.json,previews/SYN_disrupted_grid_none_1171.png,OK
SYN_disrupted_grid_none_1195,1200,synthetic,,industrial_disrupted,disrupted_grid,1550,1850,2867500.0,1500.0,1800.0,2700000.0,0.941586748038361,304,545,54500.0,0.0001900610287707,100.0,100.0,3.5855,4,0.0,0.9474,1,1.0,0,0.0,0,0.0,4200.0,1151.56,1.2546,1.0,1.0,1.4118,0.6245,0.0,0.8569,0.278,yes,yes,no,partial,no,PASS,,1297386710,PASS,,batch_1200/wkt/map_1195,batch_1200/wkt/map_1195/roads.wkt,batch_1200/wkt/map_1195/metadata.json,previews/SYN_disrupted_grid_none_1195.png,OK
SYN_grid_none_0016,100,synthetic,,urban_grid,grid,370,370,136900.0,320.0,320.0,102400.0,0.747991234477721,81,144,5760.0,0.0010518626734842,40.0,40.0,3.5556,4,0.0,0.9506,1,1.0,0,0.0,0,0.0,1120.0,236.25,1.2832,1.0,1.0,1.0,0.6297,0.0,0.7778,0.2778,yes,yes,no,yes,no,PASS,,3592550035,PASS,,batch_0100/wkt/map_0016,batch_0100/wkt/map_0016/roads.wkt,batch_0100/wkt/map_0016/metadata.json,previews/SYN_grid_none_0016.png,OK
SYN_grid_none_0047,100,synthetic,,urban_grid,grid,530,530,280900.0,480.0,480.0,230400.0,0.8202207191171236,81,144,8640.0,0.0005126379494482,60.0,60.0,3.5556,4,0.0,0.9506,1,1.0,0,0.0,0,0.0,1680.0,360.94,1.2798,1.0,1.0,1.0,0.6297,0.0,0.7778,0.2778,yes,yes,no,yes,no,PASS,,3282373334,PASS,,batch_0100/wkt/map_0047,batch_0100/wkt/map_0047/roads.wkt,batch_0100/wkt/map_0047/metadata.json,previews/SYN_grid_none_0047.png,OK
SYN_grid_none_0070,100,synthetic,,urban_grid,grid,690,690,476100.0,640.0,640.0,409600.0,0.8603234614576769,81,144,11520.0,0.0003024574669187,80.0,80.0,3.5556,4,0.0,0.9506,1,1.0,0,0.0,0,0.0,2240.0,510.0,1.2639,1.0,1.0,1.0,0.6297,0.0,0.7778,0.2778,yes,yes,no,yes,no,PASS,,1436067526,PASS,,batch_0100/wkt/map_0070,batch_0100/wkt/map_0070/roads.wkt,batch_0100/wkt/map_0070/metadata.json,previews/SYN_grid_none_0070.png,OK
SYN_grid_none_0101,200,synthetic,,urban_grid,grid,850,850,722500.0,800.0,800.0,640000.0,0.8858131487889274,81,144,14400.0,0.0001993079584775,100.0,100.0,3.5556,4,0.0,0.9506,1,1.0,0,0.0,0,0.0,2800.0,595.31,1.2649,1.0,1.0,1.0,0.6297,0.0,0.7778,0.2778,yes,yes,no,yes,no,PASS,,3100182355,PASS,,batch_0200/wkt/map_0101,batch_0200/wkt/map_0101/roads.wkt,batch_0200/wkt/map_0101/metadata.json,previews/SYN_grid_none_0101.png,OK
SYN_grid_none_0129,200,synthetic,,urban_grid,grid,1010,1010,1020100.0,960.0,960.0,921600.0,0.9034408391334184,81,144,17280.0,0.0001411626311145,120.0,120.0,3.5556,4,0.0,0.9506,1,1.0,0,0.0,0,0.0,3360.0,742.5,1.2458,1.0,1.0,1.0,0.6297,0.0,0.7778,0.2778,yes,yes,no,yes,no,PASS,,636211603,PASS,,batch_0200/wkt/map_0129,batch_0200/wkt/map_0129/roads.wkt,batch_0200/wkt/map_0129/metadata.json,previews/SYN_grid_none_0129.png,OK
SYN_grid_none_0164,200,synthetic,,urban_grid,grid,370,370,136900.0,320.0,320.0,102400.0,0.747991234477721,81,162,6778.23,0.0011833455076698,41.8409,40.0,4.0,6,0.0,0.9506,1,1.0,0,0.0,0,0.0,720.0,231.93,1.1942,1.3921,0.8889,1.0,0.6297,0.0,0.784,0.2469,yes,yes,no,yes,no,PASS,,3299776815,PASS,,batch_0200/wkt/map_0164,batch_0200/wkt/map_0164/roads.wkt,batch_0200/wkt/map_0164/metadata.json,previews/SYN_grid_none_0164.png,OK
SYN_grid_none_0186,200,synthetic,,urban_grid,grid,530,530,280900.0,480.0,480.0,230400.0,0.8202207191171236,81,160,9997.65,0.0005695977216091,62.4853,60.0,3.9506,6,0.0,0.9506,1,1.0,0,0.0,0,0.0,1440.0,333.28,1.1826,1.369,0.9,1.0,0.6297,0.0,0.8063,0.25,yes,yes,no,yes,no,PASS,,2482952637,PASS,,batch_0200/wkt/map_0186,batch_0200/wkt/map_0186/roads.wkt,batch_0200/wkt/map_0186/metadata.json,previews/SYN_grid_none_0186.png,OK
SYN_grid_none_0216,400,synthetic,,urban_grid,grid,690,690,476100.0,640.0,640.0,409600.0,0.8603234614576769,81,157,12990.78,0.0003297626549044,82.7438,80.0,3.8765,6,0.0,0.963,1,1.0,0,0.0,0,0.0,1545.1,479.25,1.2287,1.3292,0.9172,1.0,0.6297,0.0,0.8153,0.2548,yes,yes,no,yes,no,PASS,,3873046168,PASS,,batch_0400/wkt/map_0216,batch_0400/wkt/map_0216/roads.wkt,batch_0400/wkt/map_0216/metadata.json,previews/SYN_grid_none_0216.png,OK
SYN_grid_none_0244,400,synthetic,,urban_grid,grid,850,850,722500.0,800.0,800.0,640000.0,0.8858131487889274,81,160,16662.74,0.0002214532871972,104.1421,100.0,3.9506,6,0.0,0.9506,1,1.0,0,0.0,0,0.0,2200.0,569.42,1.2152,1.369,0.9,1.0,0.6297,0.0,0.8125,0.25,yes,yes,no,yes,no,PASS,,979763912,PASS,,batch_0400/wkt/map_0244,batch_0400/wkt/map_0244/roads.wkt,batch_0400/wkt/map_0244/metadata.json,previews/SYN_grid_none_0244.png,OK
SYN_grid_none_0267,400,synthetic,,urban_grid,grid,1010,1010,1020100.0,960.0,960.0,921600.0,0.9034408391334184,81,163,20504.41,0.0001597882560533,125.7939,120.0,4.0247,6,0.0,0.9506,1,1.0,0,0.0,0,0.0,3120.0,641.41,1.1844,1.4028,0.8834,1.0,0.6297,0.0,0.816,0.2454,yes,yes,no,yes,no,PASS,,1538489823,PASS,,batch_0400/wkt/map_0267,batch_0400/wkt/map_0267/roads.wkt,batch_0400/wkt/map_0267/metadata.json,previews/SYN_grid_none_0267.png,OK
SYN_grid_none_0295,400,synthetic,,urban_grid,grid,450,370,166500.0,400.0,320.0,128000.0,0.7687687687687688,99,178,7120.0,0.001069069069069,40.0,40.0,3.596,4,0.0,0.9596,1,1.0,0,0.0,0,0.0,1280.0,300.62,1.2711,0.9999,1.0,1.5,0.6234,0.0,0.7978,0.2753,yes,yes,no,yes,no,PASS,,4227749476,PASS,,batch_0400/wkt/map_0295,batch_0400/wkt/map_0295/roads.wkt,batch_0400/wkt/map_0295/metadata.json,previews/SYN_grid_none_0295.png,OK
SYN_grid_none_0333,400,synthetic,,urban_grid,grid,650,530,344500.0,600.0,480.0,288000.0,0.8359941944847605,99,178,10680.0,0.0005166908563134,60.0,60.0,3.596,4,0.0,0.9596,1,1.0,0,0.0,0,0.0,1920.0,450.0,1.2509,0.9999,1.0,1.5,0.6234,0.0,0.7978,0.2753,yes,yes,no,yes,no,PASS,,2866255633,PASS,,batch_0400/wkt/map_0333,batch_0400/wkt/map_0333/roads.wkt,batch_0400/wkt/map_0333/metadata.json,previews/SYN_grid_none_0333.png,OK
SYN_grid_none_0366,400,synthetic,,urban_grid,grid,850,690,586500.0,800.0,640.0,512000.0,0.8729752770673487,99,178,14240.0,0.0003034953111679,80.0,80.0,3.596,4,0.0,0.9596,1,1.0,0,0.0,0,0.0,2560.0,523.75,1.2509,0.9999,1.0,1.5,0.6234,0.0,0.7978,0.2753,yes,yes,no,yes,no,PASS,,852876502,PASS,,batch_0400/wkt/map_0366,batch_0400/wkt/map_0366/roads.wkt,batch_0400/wkt/map_0366/metadata.json,previews/SYN_grid_none_0366.png,OK
SYN_grid_none_0388,400,synthetic,,urban_grid,grid,1050,850,892500.0,1000.0,800.0,800000.0,0.896358543417367,99,178,17800.0,0.0001994397759103,100.0,100.0,3.596,4,0.0,0.9596,1,1.0,0,0.0,0,0.0,3200.0,685.94,1.2457,0.9999,1.0,1.5,0.6234,0.0,0.7978,0.2753,yes,yes,no,yes,no,PASS,,3045709845,PASS,,batch_0400/wkt/map_0388,batch_0400/wkt/map_0388/roads.wkt,batch_0400/wkt/map_0388/metadata.json,previews/SYN_grid_none_0388.png,OK
SYN_grid_none_0405,600,synthetic,,urban_grid,grid,1250,1010,1262500.0,1200.0,960.0,1152000.0,0.9124752475247524,99,178,21360.0,0.0001409900990099,120.0,120.0,3.596,4,0.0,0.9596,1,1.0,0,0.0,0,0.0,3840.0,795.0,1.2059,0.9999,1.0,1.5,0.6234,0.0,0.7978,0.2753,yes,yes,no,yes,no,PASS,,1240922314,PASS,,batch_0600/wkt/map_0405,batch_0600/wkt/map_0405/roads.wkt,batch_0600/wkt/map_0405/metadata.json,previews/SYN_grid_none_0405.png,OK
SYN_grid_none_0432,600,synthetic,,urban_grid,grid,450,370,166500.0,400.0,320.0,128000.0,0.7687687687687688,99,196,8138.23,0.0011771771771771,41.5216,40.0,3.9596,6,0.0,0.9596,1,1.0,0,0.0,0,0.0,1040.0,227.77,1.1839,1.3507,0.9082,1.5,0.6234,0.0,0.8163,0.25,yes,yes,no,yes,no,PASS,,3308053052,PASS,,batch_0600/wkt/map_0432,batch_0600/wkt/map_0432/roads.wkt,batch_0600/wkt/map_0432/metadata.json,previews/SYN_grid_none_0432.png,OK
SYN_grid_none_0459,600,synthetic,,urban_grid,grid,650,530,344500.0,600.0,480.0,288000.0,0.8359941944847605,99,201,12631.61,0.0005834542815674,62.8439,60.0,4.0606,6,0.0,0.9596,1,1.0,0,0.0,0,0.0,1440.0,368.9,1.1728,1.3986,0.8856,1.5,0.6234,0.0,0.8209,0.2438,yes,yes,no,yes,no,PASS,,1512089542,PASS,,batch_0600/wkt/map_0459,batch_0600/wkt/map_0459/roads.wkt,batch_0600/wkt/map_0459/metadata.json,previews/SYN_grid_none_0459.png,OK
SYN_grid_none_0485,600,synthetic,,urban_grid,grid,850,690,586500.0,800.0,640.0,512000.0,0.8729752770673487,99,194,16050.19,0.0003307757885763,82.733,80.0,3.9192,5,0.0,0.9697,1,1.0,0,0.0,0,0.0,2278.82,444.23,1.1874,1.3283,0.9175,1.5,0.6234,0.0,0.7835,0.2526,yes,yes,no,yes,no,PASS,,282500692,PASS,,batch_0600/wkt/map_0485,batch_0600/wkt/map_0485/roads.wkt,batch_0600/wkt/map_0485/metadata.json,previews/SYN_grid_none_0485.png,OK
SYN_grid_none_0522,600,synthetic,,urban_grid,grid,1050,850,892500.0,1000.0,800.0,800000.0,0.896358543417367,99,204,21476.96,0.0002285714285714,105.2792,100.0,4.1212,6,0.0,0.9697,1,1.0,0,0.0,0,0.0,2731.37,638.81,1.1861,1.4229,0.8725,1.5,0.6234,0.0,0.8137,0.2402,yes,yes,no,yes,no,PASS,,95470041,PASS,,batch_0600/wkt/map_0522,batch_0600/wkt/map_0522/roads.wkt,batch_0600/wkt/map_0522/metadata.json,previews/SYN_grid_none_0522.png,OK
SYN_grid_none_0541,600,synthetic,,urban_grid,grid,1250,1010,1262500.0,1200.0,960.0,1152000.0,0.9124752475247524,99,191,23566.17,0.0001512871287128,123.3831,120.0,3.8586,6,0.0,0.9596,1,1.0,0,0.0,0,0.0,2458.23,787.66,1.1862,1.2905,0.9319,1.5,0.6234,0.0,0.7801,0.2565,yes,yes,no,yes,no,PASS,,806013701,PASS,,batch_0600/wkt/map_0541,batch_0600/wkt/map_0541/roads.wkt,batch_0600/wkt/map_0541/metadata.json,previews/SYN_grid_none_0541.png,OK
SYN_grid_none_0568,600,synthetic,,urban_grid,grid,530,370,196100.0,480.0,320.0,153600.0,0.7832738398776135,117,212,8480.0,0.001081081081081,40.0,40.0,3.6239,4,0.0,0.9658,1,1.0,0,0.0,0,0.0,1440.0,281.25,1.2532,0.9997,1.0,2.1,0.61,0.0,0.8208,0.2736,yes,yes,no,yes,no,PASS,,3256905462,PASS,,batch_0600/wkt/map_0568,batch_0600/wkt/map_0568/roads.wkt,batch_0600/wkt/map_0568/metadata.json,previews/SYN_grid_none_0568.png,OK
SYN_grid_none_0593,600,synthetic,,urban_grid,grid,770,530,408100.0,720.0,480.0,345600.0,0.8468512619456016,117,212,12720.0,0.0005194805194805,60.0,60.0,3.6239,4,0.0,0.9658,1,1.0,0,0.0,0,0.0,2160.0,422.81,1.2744,0.9997,1.0,2.1,0.61,0.0,0.8208,0.2736,yes,yes,no,yes,no,PASS,,996943229,PASS,,batch_0600/wkt/map_0593,batch_0600/wkt/map_0593/roads.wkt,batch_0600/wkt/map_0593/metadata.json,previews/SYN_grid_none_0593.png,OK
SYN_grid_none_0620,800,synthetic,,urban_grid,grid,1010,690,696900.0,960.0,640.0,614400.0,0.8816185966422729,117,212,16960.0,0.0003042043334768,80.0,80.0,3.6239,4,0.0,0.9658,1,1.0,0,0.0,0,0.0,2880.0,641.25,1.2488,0.9997,1.0,2.1,0.61,0.0,0.8208,0.2736,yes,yes,no,yes,no,PASS,,1685210365,PASS,,batch_0800/wkt/map_0620,batch_0800/wkt/map_0620/roads.wkt,batch_0800/wkt/map_0620/metadata.json,previews/SYN_grid_none_0620.png,OK
SYN_grid_none_0642,800,synthetic,,urban_grid,grid,1250,850,1062500.0,1200.0,800.0,960000.0,0.903529411764706,117,212,21200.0,0.0001995294117647,100.0,100.0,3.6239,4,0.0,0.9658,1,1.0,0,0.0,0,0.0,3600.0,767.19,1.248,0.9997,1.0,2.1,0.61,0.0,0.8208,0.2736,yes,yes,no,yes,no,PASS,,2315019489,PASS,,batch_0800/wkt/map_0642,batch_0800/wkt/map_0642/roads.wkt,batch_0800/wkt/map_0642/metadata.json,previews/SYN_grid_none_0642.png,OK
SYN_grid_none_0668,800,synthetic,,urban_grid,grid,1490,1010,1504900.0,1440.0,960.0,1382400.0,0.918599242474583,117,212,25440.0,0.0001408731477174,120.0,120.0,3.6239,4,0.0,0.9658,1,1.0,0,0.0,0,0.0,4320.0,907.5,1.2592,0.9997,1.0,2.1,0.61,0.0,0.8208,0.2736,yes,yes,no,yes,no,PASS,,1065191192,PASS,,batch_0800/wkt/map_0668,batch_0800/wkt/map_0668/roads.wkt,batch_0800/wkt/map_0668/metadata.json,previews/SYN_grid_none_0668.png,OK
SYN_grid_none_0695,800,synthetic,,urban_grid,grid,530,370,196100.0,480.0,320.0,153600.0,0.7832738398776135,117,235,9781.08,0.0011983681795002,41.6216,40.0,4.0171,6,0.0,0.9658,1,1.0,0,0.0,0,0.0,1040.0,267.38,1.1994,1.3641,0.9021,2.1,0.61,0.0,0.834,0.2468,yes,yes,no,yes,no,PASS,,823618393,PASS,,batch_0800/wkt/map_0695,batch_0800/wkt/map_0695/roads.wkt,batch_0800/wkt/map_0695/metadata.json,previews/SYN_grid_none_0695.png,OK
SYN_grid_none_0726,800,synthetic,,urban_grid,grid,770,530,408100.0,720.0,480.0,345600.0,0.8468512619456016,117,232,14417.06,0.0005684881156579,62.1425,60.0,3.9658,6,0.0,0.9658,1,1.0,0,0.0,0,0.0,2160.0,424.35,1.2197,1.3372,0.9138,2.1,0.61,0.0,0.7931,0.25,yes,yes,no,yes,no,PASS,,409502480,PASS,,batch_0800/wkt/map_0726,batch_0800/wkt/map_0726/roads.wkt,batch_0800/wkt/map_0726/metadata.json,previews/SYN_grid_none_0726.png,OK
SYN_grid_none_0752,800,synthetic,,urban_grid,grid,1010,690,696900.0,960.0,640.0,614400.0,0.8816185966422729,117,236,19675.29,0.0003386425599081,83.3699,80.0,4.0342,6,0.0,0.9744,1,1.0,0,0.0,0,0.0,2505.1,600.02,1.2048,1.3724,0.8983,2.1,0.61,0.0,0.8136,0.2458,yes,yes,no,yes,no,PASS,,4128447547,PASS,,batch_0800/wkt/map_0752,batch_0800/wkt/map_0752/roads.wkt,batch_0800/wkt/map_0752/metadata.json,previews/SYN_grid_none_0752.png,OK
SYN_grid_none_0783,800,synthetic,,urban_grid,grid,1250,850,1062500.0,1200.0,800.0,960000.0,0.903529411764706,117,244,25725.48,0.0002296470588235,105.4323,100.0,4.1709,6,0.0,0.9744,1,1.0,0,0.0,0,0.0,3000.0,762.81,1.1848,1.4292,0.8689,2.1,0.61,0.0,0.8074,0.2377,yes,yes,no,yes,no,PASS,,1327676308,PASS,,batch_0800/wkt/map_0783,batch_0800/wkt/map_0783/roads.wkt,batch_0800/wkt/map_0783/metadata.json,previews/SYN_grid_none_0783.png,OK
SYN_grid_none_0805,1000,synthetic,,urban_grid,grid,1490,1010,1504900.0,1440.0,960.0,1382400.0,0.918599242474583,117,237,29682.64,0.0001574855472124,125.2432,120.0,4.0513,6,0.0,0.9744,1,1.0,0,0.0,0,0.0,3617.06,807.9,1.1707,1.3804,0.8945,2.1,0.61,0.0,0.8397,0.2447,yes,yes,no,yes,no,PASS,,972937949,PASS,,batch_1000/wkt/map_0805,batch_1000/wkt/map_0805/roads.wkt,batch_1000/wkt/map_0805/metadata.json,previews/SYN_grid_none_0805.png,OK
SYN_grid_none_0832,1000,synthetic,,urban_grid,grid,650,370,240500.0,600.0,320.0,192000.0,0.7983367983367984,144,263,10520.0,0.001093555093555,40.0,40.0,3.6528,4,0.0,0.9722,1,1.0,0,0.0,0,0.0,1680.0,326.88,1.2515,0.9995,1.0,3.1875,0.5875,0.0,0.8555,0.2719,yes,yes,no,yes,no,PASS,,4066307257,PASS,,batch_1000/wkt/map_0832,batch_1000/wkt/map_0832/roads.wkt,batch_1000/wkt/map_0832/metadata.json,previews/SYN_grid_none_0832.png,OK
SYN_grid_none_0851,1000,synthetic,,urban_grid,grid,950,530,503500.0,900.0,480.0,432000.0,0.8579940417080437,144,263,15780.0,0.0005223435948361,60.0,60.0,3.6528,4,0.0,0.9722,1,1.0,0,0.0,0,0.0,2520.0,547.5,1.2598,0.9995,1.0,3.1875,0.5875,0.0,0.8555,0.2719,yes,yes,no,yes,no,PASS,,303531704,PASS,,batch_1000/wkt/map_0851,batch_1000/wkt/map_0851/roads.wkt,batch_1000/wkt/map_0851/metadata.json,previews/SYN_grid_none_0851.png,OK
SYN_grid_none_0875,1000,synthetic,,urban_grid,grid,1250,690,862500.0,1200.0,640.0,768000.0,0.8904347826086957,144,263,21040.0,0.0003049275362318,80.0,80.0,3.6528,4,0.0,0.9722,1,1.0,0,0.0,0,0.0,3360.0,661.25,1.2308,0.9995,1.0,3.1875,0.5875,0.0,0.8555,0.2719,yes,yes,no,yes,no,PASS,,4244930951,PASS,,batch_1000/wkt/map_0875,batch_1000/wkt/map_0875/roads.wkt,batch_1000/wkt/map_0875/metadata.json,previews/SYN_grid_none_0875.png,OK
SYN_grid_none_0914,1000,synthetic,,urban_grid,grid,1550,850,1317500.0,1500.0,800.0,1200000.0,0.9108159392789372,144,263,26300.0,0.0001996204933586,100.0,100.0,3.6528,4,0.0,0.9722,1,1.0,0,0.0,0,0.0,4200.0,865.62,1.2654,0.9995,1.0,3.1875,0.5875,0.0,0.8555,0.2719,yes,yes,no,yes,no,PASS,,4236655949,PASS,,batch_1000/wkt/map_0914,batch_1000/wkt/map_0914/roads.wkt,batch_1000/wkt/map_0914/metadata.json,previews/SYN_grid_none_0914.png,OK
SYN_grid_none_0942,1000,synthetic,,urban_grid,grid,1850,1010,1868500.0,1800.0,960.0,1728000.0,0.9248059941129247,144,263,31560.0,0.0001407546160021,120.0,120.0,3.6528,4,0.0,0.9722,1,1.0,0,0.0,0,0.0,5040.0,997.5,1.2217,0.9995,1.0,3.1875,0.5875,0.0,0.8555,0.2719,yes,yes,no,yes,no,PASS,,3612723141,PASS,,batch_1000/wkt/map_0942,batch_1000/wkt/map_0942/roads.wkt,batch_1000/wkt/map_0942/metadata.json,previews/SYN_grid_none_0942.png,OK
SYN_grid_none_0966,1000,synthetic,,urban_grid,grid,650,370,240500.0,600.0,320.0,192000.0,0.7983367983367984,144,294,12273.62,0.0012224532224532,41.747,40.0,4.0833,6,0.0,0.9861,1,1.0,0,0.0,0,0.0,1680.0,293.76,1.1699,1.3801,0.8946,3.1875,0.5875,0.0,0.8129,0.2432,yes,yes,no,yes,no,PASS,,3873733638,PASS,,batch_1000/wkt/map_0966,batch_1000/wkt/map_0966/roads.wkt,batch_1000/wkt/map_0966/metadata.json,previews/SYN_grid_none_0966.png,OK
SYN_grid_none_0991,1000,synthetic,,urban_grid,grid,950,530,503500.0,900.0,480.0,432000.0,0.8579940417080437,144,298,18749.85,0.000591857000993,62.919,60.0,4.1389,6,0.0,0.9722,1,1.0,0,0.0,0,0.0,1978.23,515.03,1.1583,1.4041,0.8826,3.1875,0.5875,0.0,0.8356,0.2399,yes,yes,no,yes,no,PASS,,46002881,PASS,,batch_1000/wkt/map_0991,batch_1000/wkt/map_0991/roads.wkt,batch_1000/wkt/map_0991/metadata.json,previews/SYN_grid_none_0991.png,OK
SYN_grid_none_1015,1200,synthetic,,urban_grid,grid,1250,690,862500.0,1200.0,640.0,768000.0,0.8904347826086957,144,293,24434.11,0.0003397101449275,83.3929,80.0,4.0694,6,0.0,0.9722,1,1.0,0,0.0,0,0.0,2240.0,703.3,1.2083,1.3737,0.8976,3.1875,0.5875,0.0,0.8532,0.244,yes,yes,no,yes,no,PASS,,3587815889,PASS,,batch_1200/wkt/map_1015,batch_1200/wkt/map_1015/roads.wkt,batch_1200/wkt/map_1015/metadata.json,previews/SYN_grid_none_1015.png,OK
SYN_grid_none_1043,1200,synthetic,,urban_grid,grid,1550,850,1317500.0,1500.0,800.0,1200000.0,0.9108159392789372,144,295,30825.48,0.000223908918406,104.4932,100.0,4.0972,6,0.0,0.9792,1,1.0,0,0.0,0,0.0,2600.0,762.92,1.1827,1.3864,0.8915,3.1875,0.5875,0.0,0.8305,0.2424,yes,yes,no,yes,no,PASS,,1207280275,PASS,,batch_1200/wkt/map_1043,batch_1200/wkt/map_1043/roads.wkt,batch_1200/wkt/map_1043/metadata.json,previews/SYN_grid_none_1043.png,OK
SYN_grid_none_1066,1200,synthetic,,urban_grid,grid,1850,1010,1868500.0,1800.0,960.0,1728000.0,0.9248059941129247,144,290,36142.05,0.0001552047096601,124.6278,120.0,4.0278,6,0.0,0.9792,1,1.0,0,0.0,0,0.0,4196.47,938.38,1.1954,1.3532,0.9069,3.1875,0.5875,0.0,0.8138,0.2466,yes,yes,no,yes,no,PASS,,3733626288,PASS,,batch_1200/wkt/map_1066,batch_1200/wkt/map_1066/roads.wkt,batch_1200/wkt/map_1066/metadata.json,previews/SYN_grid_none_1066.png,OK
SYN_grid_none_1102,1200,synthetic,,urban_grid,grid,770,370,284900.0,720.0,320.0,230400.0,0.8087048087048087,171,314,12560.0,0.0011021411021411,40.0,40.0,3.6725,4,0.0,0.9766,1,1.0,0,0.0,0,0.0,1920.0,358.75,1.2242,0.9993,1.0,4.5,0.5644,0.0,0.8248,0.2707,yes,yes,no,yes,no,PASS,,1582295160,PASS,,batch_1200/wkt/map_1102,batch_1200/wkt/map_1102/roads.wkt,batch_1200/wkt/map_1102/metadata.json,previews/SYN_grid_none_1102.png,OK
SYN_grid_none_1124,1200,synthetic,,urban_grid,grid,1130,530,598900.0,1080.0,480.0,518400.0,0.8655869093337786,171,314,18840.0,0.0005242945399899,60.0,60.0,3.6725,4,0.0,0.9766,1,1.0,0,0.0,0,0.0,2880.0,545.62,1.2177,0.9993,1.0,4.5,0.5644,0.0,0.8248,0.2707,yes,yes,no,yes,no,PASS,,299704341,PASS,,batch_1200/wkt/map_1124,batch_1200/wkt/map_1124/roads.wkt,batch_1200/wkt/map_1124/metadata.json,previews/SYN_grid_none_1124.png,OK
SYN_grid_none_1148,1200,synthetic,,urban_grid,grid,1490,690,1028100.0,1440.0,640.0,921600.0,0.896410854975197,171,314,25120.0,0.0003054177609181,80.0,80.0,3.6725,4,0.0,0.9766,1,1.0,0,0.0,0,0.0,3840.0,690.0,1.2165,0.9993,1.0,4.5,0.5644,0.0,0.8248,0.2707,yes,yes,no,yes,no,PASS,,3255168790,PASS,,batch_1200/wkt/map_1148,batch_1200/wkt/map_1148/roads.wkt,batch_1200/wkt/map_1148/metadata.json,previews/SYN_grid_none_1148.png,OK
SYN_grid_none_1172,1200,synthetic,,urban_grid,grid,1850,850,1572500.0,1800.0,800.0,1440000.0,0.9157392686804452,171,314,31400.0,0.0001996820349761,100.0,100.0,3.6725,4,0.0,0.9766,1,1.0,0,0.0,0,0.0,4800.0,896.88,1.2359,0.9993,1.0,4.5,0.5644,0.0,0.8248,0.2707,yes,yes,no,yes,no,PASS,,1753126008,PASS,,batch_1200/wkt/map_1172,batch_1200/wkt/map_1172/roads.wkt,batch_1200/wkt/map_1172/metadata.json,previews/SYN_grid_none_1172.png,OK
SYN_grid_none_1196,1200,synthetic,,urban_grid,grid,2210,1010,2232100.0,2160.0,960.0,2073600.0,0.9289906366202232,171,314,37680.0,0.0001406747009542,120.0,120.0,3.6725,4,0.0,0.9766,1,1.0,0,0.0,0,0.0,5760.0,1183.12,1.2394,0.9993,1.0,4.5,0.5644,0.0,0.8248,0.2707,yes,yes,no,yes,no,PASS,,1958754728,PASS,,batch_1200/wkt/map_1196,batch_1200/wkt/map_1196/roads.wkt,batch_1200/wkt/map_1196/metadata.json,previews/SYN_grid_none_1196.png,OK
SYN_hub_and_spoke_none_0019,100,synthetic,,hub_and_spoke,hub_and_spoke,350,341,119350.0,299.95,290.16,87033.12,0.7292260038793495,21,40,3926.76,0.0003351487222454,98.1691,82.5,3.8095,20,0.0,0.5238,1,1.0,0,0.0,0,0.0,300.0,199.47,1.3257,3.2516,0.275,1.0504,0.6311,0.0,0.6,0.25,yes,yes,no,no,no,PASS,,420123995,PASS,,batch_0100/wkt/map_0019,batch_0100/wkt/map_0019/roads.wkt,batch_0100/wkt/map_0019/metadata.json,previews/SYN_hub_and_spoke_none_0019.png,OK
SYN_hub_and_spoke_none_0048,100,synthetic,,hub_and_spoke,hub_and_spoke,350,335,117250.0,299.45,284.81,85287.88,0.7274019230946935,21,40,3926.23,0.0003411513859275,98.1557,82.5,3.8095,20,0.0,0.5238,1,1.0,0,0.0,0,0.0,300.0,182.75,1.4513,3.2023,0.275,1.0573,0.6315,0.0,0.6,0.25,yes,yes,no,no,no,PASS,,4227798613,PASS,,batch_0100/wkt/map_0048,batch_0100/wkt/map_0048/roads.wkt,batch_0100/wkt/map_0048/metadata.json,previews/SYN_hub_and_spoke_none_0048.png,OK
SYN_hub_and_spoke_none_0072,100,synthetic,,hub_and_spoke,hub_and_spoke,350,341,119350.0,299.93,290.22,87046.58,0.7293387386869193,21,40,3926.67,0.0003351487222454,98.1668,82.5,3.8095,20,0.0,0.5238,1,1.0,0,0.0,0,0.0,300.0,185.47,1.4141,3.3068,0.35,1.0779,0.63,0.0,0.6,0.25,yes,yes,no,no,no,PASS,,604914592,PASS,,batch_0100/wkt/map_0072,batch_0100/wkt/map_0072/roads.wkt,batch_0100/wkt/map_0072/metadata.json,previews/SYN_hub_and_spoke_none_0072.png,OK
SYN_hub_and_spoke_none_0102,200,synthetic,,hub_and_spoke,hub_and_spoke,350,340,119000.0,299.76,289.45,86764.17,0.7291107083339085,21,40,3926.88,0.0003361344537815,98.172,84.1082,3.8095,20,0.0,0.5238,1,1.0,0,0.0,0,0.0,300.0,198.85,1.4195,3.1211,0.275,1.0436,0.6307,0.0,0.55,0.25,yes,yes,no,no,no,PASS,,3596805610,PASS,,batch_0200/wkt/map_0102,batch_0200/wkt/map_0102/roads.wkt,batch_0200/wkt/map_0102/metadata.json,previews/SYN_hub_and_spoke_none_0102.png,OK
SYN_hub_and_spoke_none_0130,200,synthetic,,hub_and_spoke,hub_and_spoke,550,340,187000.0,499.85,289.12,144517.49,0.7728208165900836,42,81,8053.43,0.0004331550802139,99.4251,82.5,3.8571,21,0.0,0.5238,1,1.0,1,0.012346,2,0.047619,700.0,295.82,1.969,3.2057,0.2469,2.4846,0.5408,0.0,0.9877,0.2531,yes,yes,no,no,no,PASS,,2005269455,PASS,,batch_0200/wkt/map_0130,batch_0200/wkt/map_0130/roads.wkt,batch_0200/wkt/map_0130/metadata.json,previews/SYN_hub_and_spoke_none_0130.png,OK
SYN_hub_and_spoke_none_0165,200,synthetic,,hub_and_spoke,hub_and_spoke,750,340,255000.0,699.99,289.55,202677.94,0.7948154588170512,42,81,8253.24,0.0003176470588235,101.8918,82.5,3.8571,21,0.0,0.5238,1,1.0,1,0.012346,2,0.047619,1100.0,412.02,1.4933,3.2229,0.2469,6.7018,0.6355,0.0,0.9877,0.2531,yes,yes,no,no,no,PASS,,3044040251,PASS,,batch_0200/wkt/map_0165,batch_0200/wkt/map_0165/roads.wkt,batch_0200/wkt/map_0165/metadata.json,previews/SYN_hub_and_spoke_none_0165.png,OK
SYN_hub_and_spoke_none_0190,200,synthetic,,hub_and_spoke,hub_and_spoke,950,341,323950.0,899.32,290.97,261673.34,0.8077584324239481,42,81,8452.68,0.0002500385862015,104.3541,82.5,3.8571,21,0.0,0.5238,1,1.0,1,0.012346,2,0.047619,1500.0,541.55,1.283,3.2563,0.284,13.5787,0.7384,0.0,0.9877,0.2531,yes,yes,no,no,no,PASS,,759678227,PASS,,batch_0200/wkt/map_0190,batch_0200/wkt/map_0190/roads.wkt,batch_0200/wkt/map_0190/metadata.json,previews/SYN_hub_and_spoke_none_0190.png,OK
SYN_hub_and_spoke_none_0218,400,synthetic,,hub_and_spoke,hub_and_spoke,1150,341,392150.0,1099.71,291.0,320013.16,0.8160478457056152,42,81,8653.02,0.0002065536146882,106.8274,82.5,3.8571,21,0.0,0.5238,1,1.0,1,0.012346,2,0.047619,1900.0,580.86,1.2766,3.3357,0.321,23.0018,0.8025,0.0,0.5802,0.2531,yes,yes,no,no,no,PASS,,1099943960,PASS,,batch_0400/wkt/map_0218,batch_0400/wkt/map_0218/roads.wkt,batch_0400/wkt/map_0218/metadata.json,previews/SYN_hub_and_spoke_none_0218.png,OK
SYN_hub_and_spoke_none_0247,400,synthetic,,hub_and_spoke,hub_and_spoke,750,339,254250.0,699.6,288.33,201713.51,0.7933667880915182,63,122,12180.08,0.0004798426745329,99.8367,82.5,3.873,22,0.0,0.5238,1,1.0,2,0.016393,3,0.047619,700.0,380.37,1.7607,3.2158,0.2213,4.8646,0.5253,0.0,0.9836,0.2541,yes,yes,no,no,no,PASS,,1300606201,PASS,,batch_0400/wkt/map_0247,batch_0400/wkt/map_0247/roads.wkt,batch_0400/wkt/map_0247/metadata.json,previews/SYN_hub_and_spoke_none_0247.png,OK
SYN_hub_and_spoke_none_0269,400,synthetic,,hub_and_spoke,hub_and_spoke,1150,341,392150.0,1099.79,290.23,319187.81,0.8139431671907639,63,122,12579.69,0.0003111054443452,103.1122,82.5,3.873,22,0.0,0.5238,1,1.0,2,0.016393,3,0.047619,1100.0,613.52,1.4794,3.4488,0.2623,16.5309,0.4894,0.0,0.9836,0.2541,yes,yes,no,no,no,PASS,,3718572529,PASS,,batch_0400/wkt/map_0269,batch_0400/wkt/map_0269/roads.wkt,batch_0400/wkt/map_0269/metadata.json,previews/SYN_hub_and_spoke_none_0269.png,OK
SYN_hub_and_spoke_none_0296,400,synthetic,,hub_and_spoke,hub_and_spoke,1550,339,525450.0,1500.0,288.2,432293.57,0.8227111431101731,63,122,12979.56,0.0002321819392901,106.3898,82.5,3.873,22,0.0,0.5238,1,1.0,2,0.016393,3,0.047619,1500.0,808.3,1.3998,3.3365,0.2131,35.9498,0.4456,0.0,0.8033,0.2541,yes,yes,no,no,no,PASS,,3785542597,PASS,,batch_0400/wkt/map_0296,batch_0400/wkt/map_0296/roads.wkt,batch_0400/wkt/map_0296/metadata.json,previews/SYN_hub_and_spoke_none_0296.png,OK
SYN_hub_and_spoke_none_0334,400,synthetic,,hub_and_spoke,hub_and_spoke,1950,341,664950.0,1899.67,290.2,551282.77,0.8290589878418196,63,122,13379.77,0.0001834724415369,109.6703,82.5,3.873,22,0.0,0.5238,1,1.0,2,0.016393,3,0.047619,1900.0,875.4,1.3267,3.2224,0.2459,62.0888,0.416,0.0,0.8033,0.2541,yes,yes,no,no,no,PASS,,439319185,PASS,,batch_0400/wkt/map_0334,batch_0400/wkt/map_0334/roads.wkt,batch_0400/wkt/map_0334/metadata.json,previews/SYN_hub_and_spoke_none_0334.png,OK
SYN_hub_and_spoke_none_0367,400,synthetic,,hub_and_spoke,hub_and_spoke,650,623,404950.0,599.69,572.37,343247.25,0.8476287107124543,21,40,7853.18,9.877762686751451e-05,196.3295,165.0,3.8095,20,0.0,0.5238,1,1.0,0,0.0,0,0.0,600.0,411.16,1.2848,2.9477,0.2,1.054,0.6295,0.0,0.55,0.25,yes,yes,no,no,no,PASS,,3197613247,PASS,,batch_0400/wkt/map_0367,batch_0400/wkt/map_0367/roads.wkt,batch_0400/wkt/map_0367/metadata.json,previews/SYN_hub_and_spoke_none_0367.png,OK
SYN_hub_and_spoke_none_0389,400,synthetic,,hub_and_spoke,hub_and_spoke,650,625,406250.0,599.52,574.41,344370.19,0.8476804609118271,21,40,7852.82,9.846153846153846e-05,196.3204,165.0,3.8095,20,0.0,0.5238,1,1.0,0,0.0,0,0.0,600.0,379.2,1.4362,3.346,0.375,1.0611,0.6293,0.0,0.675,0.25,yes,yes,no,no,no,PASS,,2158994767,PASS,,batch_0400/wkt/map_0389,batch_0400/wkt/map_0389/roads.wkt,batch_0400/wkt/map_0389/metadata.json,previews/SYN_hub_and_spoke_none_0389.png,OK
SYN_hub_and_spoke_none_0406,600,synthetic,,hub_and_spoke,hub_and_spoke,650,624,405600.0,599.12,573.64,343679.91,0.8473370516971095,21,40,7853.24,9.861932938856015e-05,196.3311,165.0,3.8095,20,0.0,0.5238,1,1.0,0,0.0,0,0.0,600.0,422.49,1.2957,3.0215,0.2,1.0523,0.6308,0.0,0.675,0.25,yes,yes,no,no,no,PASS,,493673168,PASS,,batch_0600/wkt/map_0406,batch_0600/wkt/map_0406/roads.wkt,batch_0600/wkt/map_0406/metadata.json,previews/SYN_hub_and_spoke_none_0406.png,OK
SYN_hub_and_spoke_none_0436,600,synthetic,,hub_and_spoke,hub_and_spoke,650,621,403650.0,599.03,570.72,341875.74,0.8469608326525248,21,40,7852.84,9.909575126966432e-05,196.321,165.0,3.8095,20,0.0,0.5238,1,1.0,0,0.0,0,0.0,600.0,377.18,1.3036,3.1656,0.225,1.0513,0.6289,0.0,0.6,0.25,yes,yes,no,no,no,PASS,,2999122645,PASS,,batch_0600/wkt/map_0436,batch_0600/wkt/map_0436/roads.wkt,batch_0600/wkt/map_0436/metadata.json,previews/SYN_hub_and_spoke_none_0436.png,OK
SYN_hub_and_spoke_none_0460,600,synthetic,,hub_and_spoke,hub_and_spoke,849,633,537417.0,798.59,582.5,465178.46,0.8655819511389305,42,81,15905.61,0.0001507209485371,196.3656,165.0,3.8571,21,0.0,0.5238,1,1.0,1,0.012346,2,0.047619,1000.0,508.57,1.8789,3.3266,0.4321,1.396,0.5914,0.0,0.9877,0.2531,yes,yes,no,no,no,PASS,,1199092221,PASS,,batch_0600/wkt/map_0460,batch_0600/wkt/map_0460/roads.wkt,batch_0600/wkt/map_0460/metadata.json,previews/SYN_hub_and_spoke_none_0460.png,OK
SYN_hub_and_spoke_none_0489,600,synthetic,,hub_and_spoke,hub_and_spoke,1050,633,664650.0,999.57,582.68,582426.84,0.8762910440113748,42,81,16106.82,0.0001218686526743,198.8496,165.0,3.8571,21,0.0,0.5238,1,1.0,1,0.012346,2,0.047619,1400.0,572.74,1.6745,3.3716,0.284,2.4536,0.5337,0.0,0.9877,0.2531,yes,yes,no,no,no,PASS,,3534162777,PASS,,batch_0600/wkt/map_0489,batch_0600/wkt/map_0489/roads.wkt,batch_0600/wkt/map_0489/metadata.json,previews/SYN_hub_and_spoke_none_0489.png,OK
SYN_hub_and_spoke_none_0523,600,synthetic,,hub_and_spoke,hub_and_spoke,1249,634,791866.0,1198.9,583.29,699301.7,0.8831061087282345,42,81,16305.6,0.0001022900339198,201.3036,165.0,3.8571,21,0.0,0.5238,1,1.0,1,0.012346,2,0.047619,1800.0,690.74,1.5063,3.4289,0.3086,4.245,0.5463,0.0,0.9877,0.2531,yes,yes,no,no,no,PASS,,3762126961,PASS,,batch_0600/wkt/map_0523,batch_0600/wkt/map_0523/roads.wkt,batch_0600/wkt/map_0523/metadata.json,previews/SYN_hub_and_spoke_none_0523.png,OK
SYN_hub_and_spoke_none_0543,600,synthetic,,hub_and_spoke,hub_and_spoke,1449,625,905625.0,1398.68,574.75,803886.78,0.8876596573687373,42,81,16506.92,8.944099378881987e-05,203.7891,165.0,3.8571,21,0.0,0.5238,1,1.0,1,0.012346,2,0.047619,2200.0,872.52,1.4845,3.2687,0.2222,6.7409,0.6328,0.0,0.9877,0.2531,yes,yes,no,no,no,PASS,,2325048965,PASS,,batch_0600/wkt/map_0543,batch_0600/wkt/map_0543/roads.wkt,batch_0600/wkt/map_0543/metadata.json,previews/SYN_hub_and_spoke_none_0543.png,OK
SYN_hub_and_spoke_none_0569,600,synthetic,,hub_and_spoke,hub_and_spoke,1050,627,658350.0,999.71,576.37,576203.58,0.8752237800216404,63,122,23958.64,0.0001853117642591,196.3823,165.0,3.873,22,0.0,0.5238,1,1.0,2,0.016393,3,0.047619,1000.0,540.48,3.3312,3.439,0.2459,1.9682,0.5393,0.0,0.9836,0.2541,yes,yes,no,no,no,PASS,,1953483086,PASS,,batch_0600/wkt/map_0569,batch_0600/wkt/map_0569/roads.wkt,batch_0600/wkt/map_0569/metadata.json,previews/SYN_hub_and_spoke_none_0569.png,OK
SYN_hub_and_spoke_none_0596,600,synthetic,,hub_and_spoke,hub_and_spoke,1450,630,913500.0,1399.78,579.29,810874.19,0.8876564793684605,63,122,24359.33,0.0001335522714833,199.6666,165.0,3.873,22,0.0,0.5238,1,1.0,2,0.016393,3,0.047619,1400.0,759.33,2.073,3.5231,0.2459,4.9798,0.5234,0.0,0.9836,0.2541,yes,yes,no,no,no,PASS,,2404578621,PASS,,batch_0600/wkt/map_0596,batch_0600/wkt/map_0596/roads.wkt,batch_0600/wkt/map_0596/metadata.json,previews/SYN_hub_and_spoke_none_0596.png,OK
SYN_hub_and_spoke_none_0621,800,synthetic,,hub_and_spoke,hub_and_spoke,1849,626,1157474.0,1798.67,575.65,1035397.76,0.8945321973430364,63,122,24759.67,0.0001054019355942,202.9481,165.0,3.873,22,0.0,0.5238,1,1.0,2,0.016393,3,0.047619,1800.0,972.23,1.6316,3.0059,0.2131,9.5612,0.5167,0.0,0.9836,0.2541,yes,yes,no,no,no,PASS,,1084075412,PASS,,batch_0800/wkt/map_0621,batch_0800/wkt/map_0621/roads.wkt,batch_0800/wkt/map_0621/metadata.json,previews/SYN_hub_and_spoke_none_0621.png,OK
SYN_hub_and_spoke_none_0645,800,synthetic,,hub_and_spoke,hub_and_spoke,2250,625,1406250.0,2199.22,574.36,1263135.29,0.898229539720744,63,122,25159.77,8.675555555555556e-05,206.2276,165.0,3.873,22,0.0,0.5238,1,1.0,2,0.016393,3,0.047619,2200.0,1331.82,1.4169,3.2377,0.2131,16.271,0.4903,0.0,0.9836,0.2541,yes,yes,no,no,no,PASS,,3275318790,PASS,,batch_0800/wkt/map_0645,batch_0800/wkt/map_0645/roads.wkt,batch_0800/wkt/map_0645/metadata.json,previews/SYN_hub_and_spoke_none_0645.png,OK
SYN_hub_and_spoke_none_0671,800,synthetic,,hub_and_spoke,hub_and_spoke,1049,1000,1049000.0,998.82,949.42,948306.03,0.9040095605851473,21,40,13087.3,3.813155386081983e-05,327.1824,275.0,3.8095,20,0.0,0.5238,1,1.0,0,0.0,0,0.0,1000.0,694.73,1.3388,3.2764,0.2,1.0514,0.6291,0.0,0.6,0.25,yes,yes,no,no,no,PASS,,3839137639,PASS,,batch_0800/wkt/map_0671,batch_0800/wkt/map_0671/roads.wkt,batch_0800/wkt/map_0671/metadata.json,previews/SYN_hub_and_spoke_none_0671.png,OK
SYN_hub_and_spoke_none_0696,800,synthetic,,hub_and_spoke,hub_and_spoke,1049,988,1036412.0,998.55,937.35,935990.21,0.9031063070190132,21,40,13088.79,3.859469014253019e-05,327.2197,275.0,3.8095,20,0.0,0.5238,1,1.0,0,0.0,0,0.0,1000.0,601.11,1.2862,2.996,0.225,1.0876,0.6291,0.0,0.55,0.25,yes,yes,no,no,no,PASS,,1391933658,PASS,,batch_0800/wkt/map_0696,batch_0800/wkt/map_0696/roads.wkt,batch_0800/wkt/map_0696/metadata.json,previews/SYN_hub_and_spoke_none_0696.png,OK
SYN_hub_and_spoke_none_0735,800,synthetic,,hub_and_spoke,hub_and_spoke,1050,1007,1057350.0,999.45,956.6,956076.32,0.9042193376630596,21,40,13087.41,3.783042511940228e-05,327.1852,275.0,3.8095,20,0.0,0.5238,1,1.0,0,0.0,0,0.0,1000.0,555.81,1.3786,3.2807,0.375,1.0914,0.628,0.0,0.675,0.25,yes,yes,no,no,no,PASS,,2007053889,PASS,,batch_0800/wkt/map_0735,batch_0800/wkt/map_0735/roads.wkt,batch_0800/wkt/map_0735/metadata.json,previews/SYN_hub_and_spoke_none_0735.png,OK
SYN_hub_and_spoke_none_0754,800,synthetic,,hub_and_spoke,hub_and_spoke,1050,1015,1065750.0,999.33,964.94,964296.08,0.90480514011504,21,40,13089.19,3.753225428102275e-05,327.2296,275.0,3.8095,20,0.0,0.5238,1,1.0,0,0.0,0,0.0,1000.0,620.29,1.2043,3.0124,0.3,1.0152,0.6298,0.0,0.6,0.25,yes,yes,no,no,no,PASS,,3295941900,PASS,,batch_0800/wkt/map_0754,batch_0800/wkt/map_0754/roads.wkt,batch_0800/wkt/map_0754/metadata.json,previews/SYN_hub_and_spoke_none_0754.png,OK
SYN_hub_and_spoke_none_0786,800,synthetic,,hub_and_spoke,hub_and_spoke,1250,1017,1271250.0,1199.31,966.61,1159271.29,0.9119144871287282,42,81,26378.42,6.371681415929204e-05,325.6596,275.0,3.8571,21,0.0,0.5238,1,1.0,1,0.012346,2,0.047619,1400.0,792.72,1.8287,3.3458,0.2593,1.1489,0.6245,0.0,0.9877,0.2531,yes,yes,no,no,no,PASS,,1545993477,PASS,,batch_0800/wkt/map_0786,batch_0800/wkt/map_0786/roads.wkt,batch_0800/wkt/map_0786/metadata.json,previews/SYN_hub_and_spoke_none_0786.png,OK
SYN_hub_and_spoke_none_0806,1000,synthetic,,hub_and_spoke,hub_and_spoke,1450,1018,1476100.0,1399.63,967.6,1354276.13,0.9174690952144876,42,81,26577.57,5.487433100738432e-05,328.1181,275.0,3.8571,21,0.0,0.5238,1,1.0,1,0.012346,2,0.047619,1800.0,909.31,1.8178,3.414,0.284,1.5688,0.5687,0.0,0.9877,0.2531,yes,yes,no,no,no,PASS,,2127475996,PASS,,batch_1000/wkt/map_0806,batch_1000/wkt/map_0806/roads.wkt,batch_1000/wkt/map_0806/metadata.json,previews/SYN_hub_and_spoke_none_0806.png,OK
SYN_hub_and_spoke_none_0834,1000,synthetic,,hub_and_spoke,hub_and_spoke,1649,1008,1662192.0,1598.97,957.01,1530231.44,0.920610520974796,42,81,26776.32,4.873083253920125e-05,330.5719,275.0,3.8571,21,0.0,0.5238,1,1.0,1,0.012346,2,0.047619,2200.0,1019.64,2.1348,3.4478,0.2469,2.1763,0.5263,0.0,0.9877,0.2531,yes,yes,no,no,no,PASS,,3965600841,PASS,,batch_1000/wkt/map_0834,batch_1000/wkt/map_0834/roads.wkt,batch_1000/wkt/map_0834/metadata.json,previews/SYN_hub_and_spoke_none_0834.png,OK
SYN_hub_and_spoke_none_0855,1000,synthetic,,hub_and_spoke,hub_and_spoke,1849,1008,1863792.0,1798.48,957.3,1721681.07,0.9237517218651208,42,81,26977.33,4.345978521208376e-05,333.0534,275.0,3.8571,21,0.0,0.5238,1,1.0,1,0.012346,2,0.047619,2600.0,1131.08,1.6938,3.4612,0.2222,3.0692,0.5361,0.0,0.9877,0.2531,yes,yes,no,no,no,PASS,,4197566667,PASS,,batch_1000/wkt/map_0855,batch_1000/wkt/map_0855/roads.wkt,batch_1000/wkt/map_0855/metadata.json,previews/SYN_hub_and_spoke_none_0855.png,OK
SYN_hub_and_spoke_none_0877,1000,synthetic,,hub_and_spoke,hub_and_spoke,1449,1022,1480878.0,1398.99,971.11,1358574.1,0.9174112235920862,63,122,39666.98,8.238355894273532e-05,325.1392,275.0,3.873,22,0.0,0.5238,1,1.0,2,0.016393,3,0.047619,1400.0,903.21,1.9745,3.3849,0.3197,1.3422,0.5852,0.0,0.9836,0.2541,yes,yes,no,no,no,PASS,,346154359,PASS,,batch_1000/wkt/map_0877,batch_1000/wkt/map_0877/roads.wkt,batch_1000/wkt/map_0877/metadata.json,previews/SYN_hub_and_spoke_none_0877.png,OK
SYN_hub_and_spoke_none_0917,1000,synthetic,,hub_and_spoke,hub_and_spoke,1849,1023,1891527.0,1798.59,972.08,1748377.18,0.9243204963573004,63,122,40065.6,6.449815413684287e-05,328.4065,275.0,3.873,22,0.0,0.5238,1,1.0,2,0.016393,3,0.047619,1800.0,1078.49,2.4059,3.2816,0.2705,2.401,0.5289,0.0,0.9836,0.2541,yes,yes,no,no,no,PASS,,3529578388,PASS,,batch_1000/wkt/map_0917,batch_1000/wkt/map_0917/roads.wkt,batch_1000/wkt/map_0917/metadata.json,previews/SYN_hub_and_spoke_none_0917.png,OK
SYN_hub_and_spoke_none_0943,1000,synthetic,,hub_and_spoke,hub_and_spoke,2250,1009,2270250.0,2199.63,958.06,2107376.83,0.928257604349737,63,122,40466.39,5.3738575046801016e-05,331.6917,275.0,3.873,22,0.0,0.5238,1,1.0,2,0.016393,3,0.047619,2200.0,1252.97,1.9739,3.3018,0.2213,4.092,0.5254,0.0,0.9836,0.2541,yes,yes,no,no,no,PASS,,1464088450,PASS,,batch_1000/wkt/map_0943,batch_1000/wkt/map_0943/roads.wkt,batch_1000/wkt/map_0943/metadata.json,previews/SYN_hub_and_spoke_none_0943.png,OK
SYN_hub_and_spoke_none_0970,1000,synthetic,,hub_and_spoke,hub_and_spoke,2650,1016,2692400.0,2599.4,965.77,2510432.09,0.9324142368531588,63,122,40866.93,4.531273213489824e-05,334.9748,275.0,3.873,22,0.0,0.5238,1,1.0,2,0.016393,3,0.047619,2600.0,1470.34,1.8109,3.3659,0.2377,6.4598,0.5261,0.0,0.9836,0.2541,yes,yes,no,no,no,PASS,,2898096229,PASS,,batch_1000/wkt/map_0970,batch_1000/wkt/map_0970/roads.wkt,batch_1000/wkt/map_0970/metadata.json,previews/SYN_hub_and_spoke_none_0970.png,OK
SYN_hub_and_spoke_none_0995,1000,synthetic,,hub_and_spoke,hub_and_spoke,1448,1412,2044576.0,1397.63,1361.06,1902252.8,0.930389869828196,21,40,18322.31,1.956395849310566e-05,458.0576,385.0,3.8095,20,0.0,0.5238,1,1.0,0,0.0,0,0.0,1400.0,889.72,1.3714,3.3757,0.35,1.1032,0.63,0.0,0.6,0.25,yes,yes,no,no,no,PASS,,4028212190,PASS,,batch_1000/wkt/map_0995,batch_1000/wkt/map_0995/roads.wkt,batch_1000/wkt/map_0995/metadata.json,previews/SYN_hub_and_spoke_none_0995.png,OK
SYN_hub_and_spoke_none_1016,1200,synthetic,,hub_and_spoke,hub_and_spoke,1450,1397,2025650.0,1399.87,1346.27,1884605.31,0.9303706499768382,21,40,18324.9,1.974674795744576e-05,458.1226,385.0,3.8095,20,0.0,0.5238,1,1.0,0,0.0,0,0.0,1400.0,931.71,1.2761,3.0649,0.275,1.0637,0.6296,0.0,0.6,0.25,yes,yes,no,no,no,PASS,,3347384708,PASS,,batch_1200/wkt/map_1016,batch_1200/wkt/map_1016/roads.wkt,batch_1200/wkt/map_1016/metadata.json,previews/SYN_hub_and_spoke_none_1016.png,OK
SYN_hub_and_spoke_none_1044,1200,synthetic,,hub_and_spoke,hub_and_spoke,1449,1391,2015559.0,1398.17,1340.83,1874701.88,0.9301151106747696,21,40,18325.21,1.984561106869112e-05,458.1303,385.0,3.8095,20,0.0,0.5238,1,1.0,0,0.0,0,0.0,1400.0,874.54,1.3286,3.1747,0.225,1.0506,0.6299,0.0,0.625,0.25,yes,yes,no,no,no,PASS,,4130276328,PASS,,batch_1200/wkt/map_1044,batch_1200/wkt/map_1044/roads.wkt,batch_1200/wkt/map_1044/metadata.json,previews/SYN_hub_and_spoke_none_1044.png,OK
SYN_hub_and_spoke_none_1074,1200,synthetic,,hub_and_spoke,hub_and_spoke,1450,1407,2040150.0,1399.48,1356.02,1897721.22,0.9301871052459266,21,40,18321.31,1.9606401490086516e-05,458.0327,385.0,3.8095,20,0.0,0.5238,1,1.0,0,0.0,0,0.0,1400.0,875.96,1.3453,2.946,0.375,1.0753,0.6286,0.0,0.55,0.25,yes,yes,no,no,no,PASS,,1097158347,PASS,,batch_1200/wkt/map_1074,batch_1200/wkt/map_1074/roads.wkt,batch_1200/wkt/map_1074/metadata.json,previews/SYN_hub_and_spoke_none_1074.png,OK
SYN_hub_and_spoke_none_1105,1200,synthetic,,hub_and_spoke,hub_and_spoke,1648,1409,2322032.0,1597.67,1358.51,2170448.08,0.9347192798318158,42,81,36846.56,3.4883240196517533e-05,454.8958,385.0,3.8571,21,0.0,0.5238,1,1.0,1,0.012346,2,0.047619,1800.0,1125.77,1.8827,3.4997,0.284,1.0762,0.6341,0.0,0.9877,0.2531,yes,yes,no,no,no,PASS,,2435586835,PASS,,batch_1200/wkt/map_1105,batch_1200/wkt/map_1105/roads.wkt,batch_1200/wkt/map_1105/metadata.json,previews/SYN_hub_and_spoke_none_1105.png,OK
SYN_hub_and_spoke_none_1126,1200,synthetic,,hub_and_spoke,hub_and_spoke,1850,1387,2565950.0,1799.63,1336.83,2405788.14,0.9375818487680604,42,81,37046.73,3.156725579220172e-05,457.367,385.0,3.8571,21,0.0,0.5238,1,1.0,1,0.012346,2,0.047619,2200.0,1216.1,1.885,3.0631,0.2099,1.2268,0.6091,0.0,0.9877,0.2531,yes,yes,no,no,no,PASS,,75490736,PASS,,batch_1200/wkt/map_1126,batch_1200/wkt/map_1126/roads.wkt,batch_1200/wkt/map_1126/metadata.json,previews/SYN_hub_and_spoke_none_1126.png,OK
SYN_hub_and_spoke_none_1149,1200,synthetic,,hub_and_spoke,hub_and_spoke,2049,1391,2850159.0,1998.4,1340.19,2678239.39,0.9396806962935712,42,81,37248.57,2.841946712446569e-05,459.8589,385.0,3.8571,21,0.0,0.5238,1,1.0,1,0.012346,2,0.047619,2600.0,1361.68,2.0249,3.1756,0.2222,1.652,0.5649,0.0,0.9877,0.2531,yes,yes,no,no,no,PASS,,3877193365,PASS,,batch_1200/wkt/map_1149,batch_1200/wkt/map_1149/roads.wkt,batch_1200/wkt/map_1149/metadata.json,previews/SYN_hub_and_spoke_none_1149.png,OK
SYN_hub_and_spoke_none_1173,1200,synthetic,,hub_and_spoke,hub_and_spoke,2249,1411,3173339.0,2198.65,1360.36,2990958.16,0.9425271486689772,42,81,37447.64,2.5525164503382715e-05,462.3165,385.0,3.8571,21,0.0,0.5238,1,1.0,1,0.012346,2,0.047619,3000.0,1267.89,1.8515,3.3088,0.2963,1.9818,0.532,0.0,0.9877,0.2531,yes,yes,no,no,no,PASS,,497408730,PASS,,batch_1200/wkt/map_1173,batch_1200/wkt/map_1173/roads.wkt,batch_1200/wkt/map_1173/metadata.json,previews/SYN_hub_and_spoke_none_1173.png,OK
SYN_hub_and_spoke_none_1197,1200,synthetic,,hub_and_spoke,hub_and_spoke,1849,1396,2581204.0,1798.26,1345.08,2418801.0,0.9370824632176228,63,122,55373.0,4.726476481517928e-05,453.8771,385.0,3.873,22,0.0,0.5238,1,1.0,2,0.016393,3,0.047619,1800.0,1150.08,1.8038,3.3157,0.2213,1.2233,0.6108,0.0,0.9836,0.2541,yes,yes,no,no,no,PASS,,1372125247,PASS,,batch_1200/wkt/map_1197,batch_1200/wkt/map_1197/roads.wkt,batch_1200/wkt/map_1197/metadata.json,previews/SYN_hub_and_spoke_none_1197.png,OK
SYN_jittered_grid_none_0021,100,synthetic,,dense_urban_irregular,jittered_grid,370,370,136900.0,320.0,320.0,102400.0,0.747991234477721,81,144,5760.0,0.0010518626734842,40.0,40.0,3.5556,4,0.0,0.9506,1,1.0,0,0.0,0,0.0,1120.0,233.75,1.252,1.0,1.0,1.0,0.6297,0.0,0.7778,0.2778,yes,yes,partial,yes,no,PASS,,1243514121,PASS,,batch_0100/wkt/map_0021,batch_0100/wkt/map_0021/roads.wkt,batch_0100/wkt/map_0021/metadata.json,previews/SYN_jittered_grid_none_0021.png,OK
SYN_jittered_grid_none_0049,100,synthetic,,dense_urban_irregular,jittered_grid,530,530,280900.0,480.0,480.0,230400.0,0.8202207191171236,81,144,8640.0,0.0005126379494482,60.0,60.0,3.5556,4,0.0,0.9506,1,1.0,0,0.0,0,0.0,1680.0,375.94,1.2558,1.0,1.0,1.0,0.6297,0.0,0.7778,0.2778,yes,yes,partial,yes,no,PASS,,3755894745,PASS,,batch_0100/wkt/map_0049,batch_0100/wkt/map_0049/roads.wkt,batch_0100/wkt/map_0049/metadata.json,previews/SYN_jittered_grid_none_0049.png,OK
SYN_jittered_grid_none_0075,100,synthetic,,dense_urban_irregular,jittered_grid,690,690,476100.0,640.0,640.0,409600.0,0.8603234614576769,81,144,11520.0,0.0003024574669187,80.0,80.0,3.5556,4,0.0,0.9506,1,1.0,0,0.0,0,0.0,2240.0,502.5,1.2357,1.0,1.0,1.0,0.6297,0.0,0.7778,0.2778,yes,yes,partial,yes,no,PASS,,2000167556,PASS,,batch_0100/wkt/map_0075,batch_0100/wkt/map_0075/roads.wkt,batch_0100/wkt/map_0075/metadata.json,previews/SYN_jittered_grid_none_0075.png,OK
SYN_jittered_grid_none_0103,200,synthetic,,dense_urban_irregular,jittered_grid,850,850,722500.0,800.0,800.0,640000.0,0.8858131487889274,81,144,14400.0,0.0001993079584775,100.0,100.0,3.5556,4,0.0,0.9506,1,1.0,0,0.0,0,0.0,2800.0,595.31,1.2528,1.0,1.0,1.0,0.6297,0.0,0.7778,0.2778,yes,yes,partial,yes,no,PASS,,2932317654,PASS,,batch_0200/wkt/map_0103,batch_0200/wkt/map_0103/roads.wkt,batch_0200/wkt/map_0103/metadata.json,previews/SYN_jittered_grid_none_0103.png,OK
SYN_jittered_grid_none_0132,200,synthetic,,dense_urban_irregular,jittered_grid,370,370,136900.0,320.0,320.0,102400.0,0.747991234477721,81,157,6495.39,0.0011468224981738,41.3719,40.0,3.8765,6,0.0,0.9506,1,1.0,0,0.0,0,0.0,819.41,219.21,1.1724,1.3292,0.9172,1.0,0.6297,0.0,0.8025,0.2548,yes,yes,partial,yes,no,PASS,,205682967,PASS,,batch_0200/wkt/map_0132,batch_0200/wkt/map_0132/roads.wkt,batch_0200/wkt/map_0132/metadata.json,previews/SYN_jittered_grid_none_0132.png,OK
SYN_jittered_grid_none_0167,200,synthetic,,dense_urban_irregular,jittered_grid,530,530,280900.0,480.0,480.0,230400.0,0.8202207191171236,81,157,9743.09,0.0005589177643289,62.0579,60.0,3.8765,6,0.0,0.9506,1,1.0,0,0.0,0,0.0,1200.0,343.89,1.2054,1.3292,0.9172,1.0,0.6297,0.0,0.7771,0.2548,yes,yes,partial,yes,no,PASS,,2324227452,PASS,,batch_0200/wkt/map_0167,batch_0200/wkt/map_0167/roads.wkt,batch_0200/wkt/map_0167/metadata.json,previews/SYN_jittered_grid_none_0167.png,OK
SYN_jittered_grid_none_0194,200,synthetic,,dense_urban_irregular,jittered_grid,690,690,476100.0,640.0,640.0,409600.0,0.8603234614576769,81,154,12651.37,0.0003234614576769,82.1518,80.0,3.8025,6,0.0,0.9506,1,1.0,0,0.0,0,0.0,1572.55,470.87,1.1767,1.2818,0.9351,1.0,0.6297,0.0,0.8182,0.2597,yes,yes,partial,yes,no,PASS,,609690007,PASS,,batch_0200/wkt/map_0194,batch_0200/wkt/map_0194/roads.wkt,batch_0200/wkt/map_0194/metadata.json,previews/SYN_jittered_grid_none_0194.png,OK
SYN_jittered_grid_none_0219,400,synthetic,,dense_urban_irregular,jittered_grid,850,850,722500.0,800.0,800.0,640000.0,0.8858131487889274,81,151,15389.95,0.0002089965397923,101.9202,100.0,3.7284,5,0.0,0.9506,1,1.0,0,0.0,0,0.0,2165.69,516.98,1.195,1.2244,0.9536,1.0,0.6297,0.0,0.8146,0.2649,yes,yes,partial,yes,no,PASS,,3594286703,PASS,,batch_0400/wkt/map_0219,batch_0400/wkt/map_0219/roads.wkt,batch_0400/wkt/map_0219/metadata.json,previews/SYN_jittered_grid_none_0219.png,OK
SYN_jittered_grid_none_0248,400,synthetic,,dense_urban_irregular,jittered_grid,530,370,196100.0,480.0,320.0,153600.0,0.7832738398776135,117,212,8480.0,0.001081081081081,40.0,40.0,3.6239,4,0.0,0.9658,1,1.0,0,0.0,0,0.0,1440.0,331.25,1.2438,0.9997,1.0,2.1,0.61,0.0,0.8208,0.2736,yes,yes,partial,yes,no,PASS,,3064683660,PASS,,batch_0400/wkt/map_0248,batch_0400/wkt/map_0248/roads.wkt,batch_0400/wkt/map_0248/metadata.json,previews/SYN_jittered_grid_none_0248.png,OK
SYN_jittered_grid_none_0271,400,synthetic,,dense_urban_irregular,jittered_grid,770,530,408100.0,720.0,480.0,345600.0,0.8468512619456016,117,212,12720.0,0.0005194805194805,60.0,60.0,3.6239,4,0.0,0.9658,1,1.0,0,0.0,0,0.0,2160.0,460.31,1.2646,0.9997,1.0,2.1,0.61,0.0,0.8208,0.2736,yes,yes,partial,yes,no,PASS,,2414188973,PASS,,batch_0400/wkt/map_0271,batch_0400/wkt/map_0271/roads.wkt,batch_0400/wkt/map_0271/metadata.json,previews/SYN_jittered_grid_none_0271.png,OK
SYN_jittered_grid_none_0297,400,synthetic,,dense_urban_irregular,jittered_grid,1010,690,696900.0,960.0,640.0,614400.0,0.8816185966422729,117,212,16960.0,0.0003042043334768,80.0,80.0,3.6239,4,0.0,0.9658,1,1.0,0,0.0,0,0.0,2880.0,596.25,1.2477,0.9997,1.0,2.1,0.61,0.0,0.8208,0.2736,yes,yes,partial,yes,no,PASS,,2506042846,PASS,,batch_0400/wkt/map_0297,batch_0400/wkt/map_0297/roads.wkt,batch_0400/wkt/map_0297/metadata.json,previews/SYN_jittered_grid_none_0297.png,OK
SYN_jittered_grid_none_0335,400,synthetic,,dense_urban_irregular,jittered_grid,1250,850,1062500.0,1200.0,800.0,960000.0,0.903529411764706,117,212,21200.0,0.0001995294117647,100.0,100.0,3.6239,4,0.0,0.9658,1,1.0,0,0.0,0,0.0,3600.0,681.25,1.2493,0.9997,1.0,2.1,0.61,0.0,0.8208,0.2736,yes,yes,partial,yes,no,PASS,,1753019129,PASS,,batch_0400/wkt/map_0335,batch_0400/wkt/map_0335/roads.wkt,batch_0400/wkt/map_0335/metadata.json,previews/SYN_jittered_grid_none_0335.png,OK
SYN_jittered_grid_none_0368,400,synthetic,,dense_urban_irregular,jittered_grid,530,370,196100.0,480.0,320.0,153600.0,0.7832738398776135,117,232,9611.37,0.0011830698623151,41.4283,40.0,3.9658,6,0.0,0.9658,1,1.0,0,0.0,0,0.0,1045.69,285.46,1.2044,1.3372,0.9138,2.1,0.61,0.0,0.8147,0.25,yes,yes,partial,yes,no,PASS,,2956425266,PASS,,batch_0400/wkt/map_0368,batch_0400/wkt/map_0368/roads.wkt,batch_0400/wkt/map_0368/metadata.json,previews/SYN_jittered_grid_none_0368.png,OK
SYN_jittered_grid_none_0391,400,synthetic,,dense_urban_irregular,jittered_grid,770,530,408100.0,720.0,480.0,345600.0,0.8468512619456016,117,231,14332.2,0.000566037735849,62.0442,60.0,3.9487,6,0.0,0.9658,1,1.0,0,0.0,0,0.0,1800.0,436.79,1.186,1.3276,0.9177,2.1,0.61,0.0,0.8095,0.2511,yes,yes,partial,yes,no,PASS,,1299328878,PASS,,batch_0400/wkt/map_0391,batch_0400/wkt/map_0391/roads.wkt,batch_0400/wkt/map_0391/metadata.json,previews/SYN_jittered_grid_none_0391.png,OK
SYN_jittered_grid_none_0407,600,synthetic,,dense_urban_irregular,jittered_grid,1010,690,696900.0,960.0,640.0,614400.0,0.8816185966422729,117,232,19222.74,0.0003329028555029,82.8566,80.0,3.9658,6,0.0,0.9744,1,1.0,0,0.0,0,0.0,2880.0,544.28,1.1931,1.3372,0.9138,2.1,0.61,0.0,0.8362,0.25,yes,yes,partial,yes,no,PASS,,1796144815,PASS,,batch_0600/wkt/map_0407,batch_0600/wkt/map_0407/roads.wkt,batch_0600/wkt/map_0407/metadata.json,previews/SYN_jittered_grid_none_0407.png,OK
SYN_jittered_grid_none_0437,600,synthetic,,dense_urban_irregular,jittered_grid,1250,850,1062500.0,1200.0,800.0,960000.0,0.903529411764706,117,232,24028.43,0.0002183529411764,103.5708,100.0,3.9658,6,0.0,0.9658,1,1.0,0,0.0,0,0.0,2931.37,658.05,1.1909,1.3372,0.9138,2.1,0.61,0.0,0.806,0.25,yes,yes,partial,yes,no,PASS,,3929999888,PASS,,batch_0600/wkt/map_0437,batch_0600/wkt/map_0437/roads.wkt,batch_0600/wkt/map_0437/metadata.json,previews/SYN_jittered_grid_none_0437.png,OK
SYN_jittered_grid_none_0461,600,synthetic,,dense_urban_irregular,jittered_grid,650,370,240500.0,600.0,320.0,192000.0,0.7983367983367984,144,263,10520.0,0.001093555093555,40.0,40.0,3.6528,4,0.0,0.9722,1,1.0,0,0.0,0,0.0,1680.0,346.25,1.2515,0.9995,1.0,3.1875,0.5875,0.0,0.8555,0.2719,yes,yes,partial,yes,no,PASS,,2246809582,PASS,,batch_0600/wkt/map_0461,batch_0600/wkt/map_0461/roads.wkt,batch_0600/wkt/map_0461/metadata.json,previews/SYN_jittered_grid_none_0461.png,OK
SYN_jittered_grid_none_0492,600,synthetic,,dense_urban_irregular,jittered_grid,950,530,503500.0,900.0,480.0,432000.0,0.8579940417080437,144,263,15780.0,0.0005223435948361,60.0,60.0,3.6528,4,0.0,0.9722,1,1.0,0,0.0,0,0.0,2520.0,542.81,1.2465,0.9995,1.0,3.1875,0.5875,0.0,0.8555,0.2719,yes,yes,partial,yes,no,PASS,,1921131400,PASS,,batch_0600/wkt/map_0492,batch_0600/wkt/map_0492/roads.wkt,batch_0600/wkt/map_0492/metadata.json,previews/SYN_jittered_grid_none_0492.png,OK
SYN_jittered_grid_none_0524,600,synthetic,,dense_urban_irregular,jittered_grid,1250,690,862500.0,1200.0,640.0,768000.0,0.8904347826086957,144,263,21040.0,0.0003049275362318,80.0,80.0,3.6528,4,0.0,0.9722,1,1.0,0,0.0,0,0.0,3360.0,696.25,1.22,0.9995,1.0,3.1875,0.5875,0.0,0.8555,0.2719,yes,yes,partial,yes,no,PASS,,410160128,PASS,,batch_0600/wkt/map_0524,batch_0600/wkt/map_0524/roads.wkt,batch_0600/wkt/map_0524/metadata.json,previews/SYN_jittered_grid_none_0524.png,OK
SYN_jittered_grid_none_0544,600,synthetic,,dense_urban_irregular,jittered_grid,1550,850,1317500.0,1500.0,800.0,1200000.0,0.9108159392789372,144,263,26300.0,0.0001996204933586,100.0,100.0,3.6528,4,0.0,0.9722,1,1.0,0,0.0,0,0.0,4200.0,825.0,1.2428,0.9995,1.0,3.1875,0.5875,0.0,0.8555,0.2719,yes,yes,partial,yes,no,PASS,,2805677696,PASS,,batch_0600/wkt/map_0544,batch_0600/wkt/map_0544/roads.wkt,batch_0600/wkt/map_0544/metadata.json,previews/SYN_jittered_grid_none_0544.png,OK
SYN_jittered_grid_none_0570,600,synthetic,,dense_urban_irregular,jittered_grid,650,370,240500.0,600.0,320.0,192000.0,0.7983367983367984,144,287,11877.65,0.0011933471933471,41.3855,40.0,3.9861,6,0.0,0.9722,1,1.0,0,0.0,0,0.0,1280.0,301.67,1.1751,1.3307,0.9164,3.1875,0.5875,0.0,0.8328,0.2491,yes,yes,partial,yes,no,PASS,,364648902,PASS,,batch_0600/wkt/map_0570,batch_0600/wkt/map_0570/roads.wkt,batch_0600/wkt/map_0570/metadata.json,previews/SYN_jittered_grid_none_0570.png,OK
SYN_jittered_grid_none_0597,600,synthetic,,dense_urban_irregular,jittered_grid,950,530,503500.0,900.0,480.0,432000.0,0.8579940417080437,144,299,18834.7,0.0005938430983118,62.9923,60.0,4.1528,6,0.0,0.9792,1,1.0,0,0.0,0,0.0,1568.53,452.7,1.2158,1.4097,0.8796,3.1875,0.5875,0.0,0.8294,0.2391,yes,yes,partial,yes,no,PASS,,2596743485,PASS,,batch_0600/wkt/map_0597,batch_0600/wkt/map_0597/roads.wkt,batch_0600/wkt/map_0597/metadata.json,previews/SYN_jittered_grid_none_0597.png,OK
SYN_jittered_grid_none_0622,800,synthetic,,dense_urban_irregular,jittered_grid,1250,690,862500.0,1200.0,640.0,768000.0,0.8904347826086957,144,279,22850.19,0.0003234782608695,81.9003,80.0,3.875,6,0.0,0.9722,1,1.0,0,0.0,0,0.0,3200.0,672.82,1.1811,1.259,0.9427,3.1875,0.5875,0.0,0.828,0.2563,yes,yes,partial,yes,no,PASS,,299336560,PASS,,batch_0800/wkt/map_0622,batch_0800/wkt/map_0622/roads.wkt,batch_0800/wkt/map_0622/metadata.json,previews/SYN_jittered_grid_none_0622.png,OK
SYN_jittered_grid_none_0650,800,synthetic,,dense_urban_irregular,jittered_grid,1550,850,1317500.0,1500.0,800.0,1200000.0,0.9108159392789372,144,292,30401.22,0.0002216318785578,104.1138,100.0,4.0556,6,0.0,0.9792,1,1.0,0,0.0,0,0.0,2814.21,820.82,1.2133,1.367,0.9007,3.1875,0.5875,0.0,0.8322,0.2449,yes,yes,partial,yes,no,PASS,,2557451064,PASS,,batch_0800/wkt/map_0650,batch_0800/wkt/map_0650/roads.wkt,batch_0800/wkt/map_0650/metadata.json,previews/SYN_jittered_grid_none_0650.png,OK
SYN_jittered_grid_none_0674,800,synthetic,,dense_urban_irregular,jittered_grid,770,370,284900.0,720.0,320.0,230400.0,0.8087048087048087,171,314,12560.0,0.0011021411021411,40.0,40.0,3.6725,4,0.0,0.9766,1,1.0,0,0.0,0,0.0,1920.0,394.38,1.263,0.9993,1.0,4.5,0.5644,0.0,0.8248,0.2707,yes,yes,partial,yes,no,PASS,,4266462939,PASS,,batch_0800/wkt/map_0674,batch_0800/wkt/map_0674/roads.wkt,batch_0800/wkt/map_0674/metadata.json,previews/SYN_jittered_grid_none_0674.png,OK
SYN_jittered_grid_none_0699,800,synthetic,,dense_urban_irregular,jittered_grid,1130,530,598900.0,1080.0,480.0,518400.0,0.8655869093337786,171,314,18840.0,0.0005242945399899,60.0,60.0,3.6725,4,0.0,0.9766,1,1.0,0,0.0,0,0.0,2880.0,543.75,1.2405,0.9993,1.0,4.5,0.5644,0.0,0.8248,0.2707,yes,yes,partial,yes,no,PASS,,26699439,PASS,,batch_0800/wkt/map_0699,batch_0800/wkt/map_0699/roads.wkt,batch_0800/wkt/map_0699/metadata.json,previews/SYN_jittered_grid_none_0699.png,OK
SYN_jittered_grid_none_0736,800,synthetic,,dense_urban_irregular,jittered_grid,1490,690,1028100.0,1440.0,640.0,921600.0,0.896410854975197,171,314,25120.0,0.0003054177609181,80.0,80.0,3.6725,4,0.0,0.9766,1,1.0,0,0.0,0,0.0,3840.0,826.25,1.2264,0.9993,1.0,4.5,0.5644,0.0,0.8248,0.2707,yes,yes,partial,yes,no,PASS,,4069533472,PASS,,batch_0800/wkt/map_0736,batch_0800/wkt/map_0736/roads.wkt,batch_0800/wkt/map_0736/metadata.json,previews/SYN_jittered_grid_none_0736.png,OK
SYN_jittered_grid_none_0756,800,synthetic,,dense_urban_irregular,jittered_grid,1850,850,1572500.0,1800.0,800.0,1440000.0,0.9157392686804452,171,314,31400.0,0.0001996820349761,100.0,100.0,3.6725,4,0.0,0.9766,1,1.0,0,0.0,0,0.0,4800.0,920.31,1.2876,0.9993,1.0,4.5,0.5644,0.0,0.8248,0.2707,yes,yes,partial,yes,no,PASS,,2749223062,PASS,,batch_0800/wkt/map_0756,batch_0800/wkt/map_0756/roads.wkt,batch_0800/wkt/map_0756/metadata.json,previews/SYN_jittered_grid_none_0756.png,OK
SYN_jittered_grid_none_0788,800,synthetic,,dense_urban_irregular,jittered_grid,770,370,284900.0,720.0,320.0,230400.0,0.8087048087048087,171,339,13974.21,0.0011898911898911,41.2219,40.0,3.9649,6,0.0,0.9766,1,1.0,0,0.0,0,0.0,1525.69,350.94,1.1611,1.3053,0.9263,4.5,0.5644,0.0,0.8584,0.2507,yes,yes,partial,yes,no,PASS,,1302065360,PASS,,batch_0800/wkt/map_0788,batch_0800/wkt/map_0788/roads.wkt,batch_0800/wkt/map_0788/metadata.json,previews/SYN_jittered_grid_none_0788.png,OK
SYN_jittered_grid_none_0810,1000,synthetic,,dense_urban_irregular,jittered_grid,1130,530,598900.0,1080.0,480.0,518400.0,0.8655869093337786,171,344,21385.58,0.0005743863750208,62.1674,60.0,4.0234,6,0.0,0.9766,1,1.0,0,0.0,0,0.0,1800.0,500.84,1.1503,1.3392,0.9128,4.5,0.5644,0.0,0.8517,0.2471,yes,yes,partial,yes,no,PASS,,828157867,PASS,,batch_1000/wkt/map_0810,batch_1000/wkt/map_0810/roads.wkt,batch_1000/wkt/map_0810/metadata.json,previews/SYN_jittered_grid_none_0810.png,OK
SYN_jittered_grid_none_0835,1000,synthetic,,dense_urban_irregular,jittered_grid,1490,690,1028100.0,1440.0,640.0,921600.0,0.896410854975197,171,339,27948.43,0.0003297344616282,82.4437,80.0,3.9649,6,0.0,0.9766,1,1.0,0,0.0,0,0.0,2571.37,706.66,1.1928,1.3053,0.9263,4.5,0.5644,0.0,0.8319,0.2507,yes,yes,partial,yes,no,PASS,,262667067,PASS,,batch_1000/wkt/map_0835,batch_1000/wkt/map_0835/roads.wkt,batch_1000/wkt/map_0835/metadata.json,previews/SYN_jittered_grid_none_0835.png,OK
SYN_jittered_grid_none_0856,1000,synthetic,,dense_urban_irregular,jittered_grid,1850,850,1572500.0,1800.0,800.0,1440000.0,0.9157392686804452,171,344,35642.64,0.0002187599364069,103.6123,100.0,4.0234,6,0.0,0.9825,1,1.0,0,0.0,0,0.0,4014.21,832.99,1.2059,1.3392,0.9128,4.5,0.5644,0.0,0.8227,0.2471,yes,yes,partial,yes,no,PASS,,400352345,PASS,,batch_1000/wkt/map_0856,batch_1000/wkt/map_0856/roads.wkt,batch_1000/wkt/map_0856/metadata.json,previews/SYN_jittered_grid_none_0856.png,OK
SYN_jittered_grid_none_0883,1000,synthetic,,dense_urban_irregular,jittered_grid,370,530,196100.0,320.0,480.0,153600.0,0.7832738398776135,117,212,8480.0,0.001081081081081,40.0,40.0,3.6239,4,0.0,0.9658,1,1.0,0,0.0,0,0.0,1440.0,313.12,1.2522,0.9997,1.0,2.1,0.61,0.0,0.8066,0.2736,yes,yes,partial,yes,no,PASS,,3198756507,PASS,,batch_1000/wkt/map_0883,batch_1000/wkt/map_0883/roads.wkt,batch_1000/wkt/map_0883/metadata.json,previews/SYN_jittered_grid_none_0883.png,OK
SYN_jittered_grid_none_0918,1000,synthetic,,dense_urban_irregular,jittered_grid,530,770,408100.0,480.0,720.0,345600.0,0.8468512619456016,117,212,12720.0,0.0005194805194805,60.0,60.0,3.6239,4,0.0,0.9658,1,1.0,0,0.0,0,0.0,2160.0,442.5,1.2591,0.9997,1.0,2.1,0.61,0.0,0.8066,0.2736,yes,yes,partial,yes,no,PASS,,994595287,PASS,,batch_1000/wkt/map_0918,batch_1000/wkt/map_0918/roads.wkt,batch_1000/wkt/map_0918/metadata.json,previews/SYN_jittered_grid_none_0918.png,OK
SYN_jittered_grid_none_0945,1000,synthetic,,dense_urban_irregular,jittered_grid,690,1010,696900.0,640.0,960.0,614400.0,0.8816185966422729,117,212,16960.0,0.0003042043334768,80.0,80.0,3.6239,4,0.0,0.9658,1,1.0,0,0.0,0,0.0,2880.0,592.5,1.2585,0.9997,1.0,2.1,0.61,0.0,0.8066,0.2736,yes,yes,partial,yes,no,PASS,,1015660585,PASS,,batch_1000/wkt/map_0945,batch_1000/wkt/map_0945/roads.wkt,batch_1000/wkt/map_0945/metadata.json,previews/SYN_jittered_grid_none_0945.png,OK
SYN_jittered_grid_none_0972,1000,synthetic,,dense_urban_irregular,jittered_grid,850,1250,1062500.0,800.0,1200.0,960000.0,0.903529411764706,117,212,21200.0,0.0001995294117647,100.0,100.0,3.6239,4,0.0,0.9658,1,1.0,0,0.0,0,0.0,3600.0,737.5,1.2643,0.9997,1.0,2.1,0.61,0.0,0.8066,0.2736,yes,yes,partial,yes,no,PASS,,2399013446,PASS,,batch_1000/wkt/map_0972,batch_1000/wkt/map_0972/roads.wkt,batch_1000/wkt/map_0972/metadata.json,previews/SYN_jittered_grid_none_0972.png,OK
SYN_jittered_grid_none_0996,1000,synthetic,,dense_urban_irregular,jittered_grid,370,530,196100.0,320.0,480.0,153600.0,0.7832738398776135,117,233,9667.94,0.0011881693013768,41.4933,40.0,3.9829,6,0.0,0.9744,1,1.0,0,0.0,0,0.0,1040.0,287.7,1.1878,1.3465,0.9099,2.1,0.61,0.0,0.8155,0.2489,yes,yes,partial,yes,no,PASS,,618197038,PASS,,batch_1000/wkt/map_0996,batch_1000/wkt/map_0996/roads.wkt,batch_1000/wkt/map_0996/metadata.json,previews/SYN_jittered_grid_none_0996.png,OK
SYN_jittered_grid_none_1022,1200,synthetic,,dense_urban_irregular,jittered_grid,530,770,408100.0,480.0,720.0,345600.0,0.8468512619456016,117,227,13992.79,0.0005562362166135,61.6423,60.0,3.8803,6,0.0,0.9658,1,1.0,0,0.0,0,0.0,1469.12,399.06,1.2055,1.2848,0.9339,2.1,0.61,0.0,0.793,0.2555,yes,yes,partial,yes,no,PASS,,3830545219,PASS,,batch_1200/wkt/map_1022,batch_1200/wkt/map_1022/roads.wkt,batch_1200/wkt/map_1022/metadata.json,previews/SYN_jittered_grid_none_1022.png,OK
SYN_jittered_grid_none_1046,1200,synthetic,,dense_urban_irregular,jittered_grid,690,1010,696900.0,640.0,960.0,614400.0,0.8816185966422729,117,234,19449.02,0.0003357727077055,83.1155,80.0,4.0,6,0.0,0.9744,1,1.0,0,0.0,0,0.0,2345.1,548.85,1.2309,1.3555,0.906,2.1,0.61,0.0,0.8419,0.2479,yes,yes,partial,yes,no,PASS,,3957465528,PASS,,batch_1200/wkt/map_1046,batch_1200/wkt/map_1046/roads.wkt,batch_1200/wkt/map_1046/metadata.json,previews/SYN_jittered_grid_none_1046.png,OK
SYN_jittered_grid_none_1078,1200,synthetic,,dense_urban_irregular,jittered_grid,850,1250,1062500.0,800.0,1200.0,960000.0,0.903529411764706,117,228,23462.74,0.0002145882352941,102.9068,100.0,3.8974,6,0.0,0.9658,1,1.0,0,0.0,0,0.0,3200.0,702.23,1.2036,1.2962,0.9298,2.1,0.61,0.0,0.7982,0.2544,yes,yes,partial,yes,no,PASS,,1206422357,PASS,,batch_1200/wkt/map_1078,batch_1200/wkt/map_1078/roads.wkt,batch_1200/wkt/map_1078/metadata.json,previews/SYN_jittered_grid_none_1078.png,OK
SYN_jittered_grid_none_1106,1200,synthetic,,dense_urban_irregular,jittered_grid,530,530,280900.0,480.0,480.0,230400.0,0.8202207191171236,169,312,12480.0,0.0011107155571377,40.0,40.0,3.6923,4,0.0,0.9763,1,1.0,0,0.0,0,0.0,1760.0,370.0,1.2886,1.0,1.0,1.0,0.629,0.0,0.8397,0.2692,yes,yes,partial,yes,no,PASS,,2296391146,PASS,,batch_1200/wkt/map_1106,batch_1200/wkt/map_1106/roads.wkt,batch_1200/wkt/map_1106/metadata.json,previews/SYN_jittered_grid_none_1106.png,OK
SYN_jittered_grid_none_1128,1200,synthetic,,dense_urban_irregular,jittered_grid,770,770,592900.0,720.0,720.0,518400.0,0.8743464327879912,169,312,18720.0,0.0005262270197335,60.0,60.0,3.6923,4,0.0,0.9763,1,1.0,0,0.0,0,0.0,2640.0,475.31,1.2497,1.0,1.0,1.0,0.629,0.0,0.8397,0.2692,yes,yes,partial,yes,no,PASS,,504064422,PASS,,batch_1200/wkt/map_1128,batch_1200/wkt/map_1128/roads.wkt,batch_1200/wkt/map_1128/metadata.json,previews/SYN_jittered_grid_none_1128.png,OK
SYN_jittered_grid_none_1150,1200,synthetic,,dense_urban_irregular,jittered_grid,1010,1010,1020100.0,960.0,960.0,921600.0,0.9034408391334184,169,312,24960.0,0.0003058523674149,80.0,80.0,3.6923,4,0.0,0.9763,1,1.0,0,0.0,0,0.0,3520.0,706.25,1.2592,1.0,1.0,1.0,0.629,0.0,0.8397,0.2692,yes,yes,partial,yes,no,PASS,,1864915608,PASS,,batch_1200/wkt/map_1150,batch_1200/wkt/map_1150/roads.wkt,batch_1200/wkt/map_1150/metadata.json,previews/SYN_jittered_grid_none_1150.png,OK
SYN_jittered_grid_none_1175,1200,synthetic,,dense_urban_irregular,jittered_grid,1250,1250,1562500.0,1200.0,1200.0,1440000.0,0.9216,169,312,31200.0,0.00019968,100.0,100.0,3.6923,4,0.0,0.9763,1,1.0,0,0.0,0,0.0,4400.0,904.69,1.2545,1.0,1.0,1.0,0.629,0.0,0.8397,0.2692,yes,yes,partial,yes,no,PASS,,1124252126,PASS,,batch_1200/wkt/map_1175,batch_1200/wkt/map_1175/roads.wkt,batch_1200/wkt/map_1175/metadata.json,previews/SYN_jittered_grid_none_1175.png,OK
SYN_jittered_grid_none_1199,1200,synthetic,,dense_urban_irregular,jittered_grid,530,530,280900.0,480.0,480.0,230400.0,0.8202207191171236,169,338,13950.78,0.0012032751868992,41.2745,40.0,4.0,6,0.0,0.9763,1,1.0,0,0.0,0,0.0,1120.0,308.09,1.2095,1.3143,0.9231,1.0,0.629,0.0,0.8402,0.2485,yes,yes,partial,yes,no,PASS,,1276633837,PASS,,batch_1200/wkt/map_1199,batch_1200/wkt/map_1199/roads.wkt,batch_1200/wkt/map_1199/metadata.json,previews/SYN_jittered_grid_none_1199.png,OK
SYN_partitioned_bridge_none_0024,100,synthetic,,island_or_partitioned,partitioned_bridge,473,126,59598.0,422.45,75.25,31789.04,0.5333911158813907,30,77,3681.25,0.0012919896640826,47.8084,39.5514,5.1333,9,0.0,0.9333,1,1.0,0,0.0,0,0.0,935.84,237.65,1.2979,4.7601,0.3506,68.953,0.8809,0.0,0.7403,0.1883,yes,yes,no,no,no,PASS,,1384137023,PASS,,batch_0100/wkt/map_0024,batch_0100/wkt/map_0024/roads.wkt,batch_0100/wkt/map_0024/metadata.json,previews/SYN_partitioned_bridge_none_0024.png,OK
SYN_partitioned_bridge_none_0051,100,synthetic,,island_or_partitioned,partitioned_bridge,474,125,59250.0,423.17,74.31,31446.16,0.5307369349697408,30,81,4200.65,0.0013670886075949,51.8599,43.9665,5.4,8,0.0,0.9667,1,1.0,0,0.0,0,0.0,824.33,200.55,1.4945,4.7516,0.3457,66.8644,0.8601,0.0,0.6543,0.179,yes,yes,no,no,no,PASS,,2721728899,PASS,,batch_0100/wkt/map_0051,batch_0100/wkt/map_0051/roads.wkt,batch_0100/wkt/map_0051/metadata.json,previews/SYN_partitioned_bridge_none_0051.png,OK
SYN_partitioned_bridge_none_0081,100,synthetic,,island_or_partitioned,partitioned_bridge,467,127,59309.0,416.34,76.18,31718.58,0.5348020919069043,30,80,4721.46,0.0013488677940953,59.0183,45.6938,5.3333,10,0.0,0.9667,1,1.0,0,0.0,0,0.0,956.62,200.08,1.4608,4.8098,0.3625,46.1085,0.8851,0.0,0.6375,0.1813,yes,yes,no,no,no,PASS,,1634862353,PASS,,batch_0100/wkt/map_0081,batch_0100/wkt/map_0081/roads.wkt,batch_0100/wkt/map_0081/metadata.json,previews/SYN_partitioned_bridge_none_0081.png,OK
SYN_partitioned_bridge_none_0106,200,synthetic,,island_or_partitioned,partitioned_bridge,475,129,61275.0,424.23,78.74,33404.6,0.5451586610905741,30,136,6915.56,0.002219502243982,50.8497,48.8808,9.0667,11,0.0,1.0,1,1.0,0,0.0,1,0.033333,844.09,253.17,1.5594,5.0068,0.3309,48.7109,0.8684,0.0,0.8382,0.1066,yes,yes,no,no,no,PASS,,3588598888,PASS,,batch_0200/wkt/map_0106,batch_0200/wkt/map_0106/roads.wkt,batch_0200/wkt/map_0106/metadata.json,previews/SYN_partitioned_bridge_none_0106.png,OK
SYN_partitioned_bridge_none_0138,200,synthetic,,island_or_partitioned,partitioned_bridge,468,124,58032.0,417.71,73.88,30860.83,0.5317898118876311,30,142,6748.63,0.0024469258340226,47.5256,42.8407,9.4667,13,0.0,1.0,1,1.0,0,0.0,0,0.0,764.43,235.11,1.0499,4.9094,0.3239,62.1496,0.8819,0.0,0.6831,0.1021,yes,yes,no,no,no,PASS,,2321561352,PASS,,batch_0200/wkt/map_0138,batch_0200/wkt/map_0138/roads.wkt,batch_0200/wkt/map_0138/metadata.json,previews/SYN_partitioned_bridge_none_0138.png,OK
SYN_partitioned_bridge_none_0168,200,synthetic,,island_or_partitioned,partitioned_bridge,474,124,58776.0,423.6,73.55,31154.92,0.5300619216804214,30,136,6983.64,0.0023138696066421,51.3503,43.8194,9.0667,12,0.0,1.0,1,1.0,0,0.0,0,0.0,897.73,238.52,1.0889,4.9528,0.3676,73.7606,0.8696,0.0,0.5956,0.1066,yes,yes,no,no,no,PASS,,3380863519,PASS,,batch_0200/wkt/map_0168,batch_0200/wkt/map_0168/roads.wkt,batch_0200/wkt/map_0168/metadata.json,previews/SYN_partitioned_bridge_none_0168.png,OK
SYN_partitioned_bridge_none_0195,200,synthetic,,island_or_partitioned,partitioned_bridge,462,119,54978.0,411.43,68.54,28197.34,0.5128839779518688,30,179,8312.38,0.0032558477936629,46.4379,44.8111,11.9333,14,0.0,1.0,1,1.0,0,0.0,0,0.0,796.11,220.46,1.1158,5.0451,0.3966,67.6645,0.8674,0.0,0.7598,0.081,yes,yes,no,no,no,PASS,,2144947485,PASS,,batch_0200/wkt/map_0195,batch_0200/wkt/map_0195/roads.wkt,batch_0200/wkt/map_0195/metadata.json,previews/SYN_partitioned_bridge_none_0195.png,OK
SYN_partitioned_bridge_none_0220,400,synthetic,,island_or_partitioned,partitioned_bridge,475,126,59850.0,424.25,75.4,31988.47,0.5344772771386932,30,168,7202.75,0.0028070175438596,42.8735,37.5075,11.2,14,0.0,1.0,1,1.0,0,0.0,0,0.0,833.93,238.36,1.0974,5.0455,0.3036,79.275,0.893,0.0,0.6726,0.0863,yes,yes,no,no,no,PASS,,2717731870,PASS,,batch_0400/wkt/map_0220,batch_0400/wkt/map_0220/roads.wkt,batch_0400/wkt/map_0220/metadata.json,previews/SYN_partitioned_bridge_none_0220.png,OK
SYN_partitioned_bridge_none_0250,400,synthetic,,island_or_partitioned,partitioned_bridge,477,123,58671.0,426.0,72.06,30697.71,0.5232177404765299,30,175,8704.24,0.002982734229858,49.7385,41.3816,11.6667,15,0.0,1.0,1,1.0,0,0.0,0,0.0,802.5,235.12,1.0898,4.9654,0.3714,64.9872,0.8604,0.0,0.5771,0.0829,yes,yes,no,no,no,PASS,,3073703660,PASS,,batch_0400/wkt/map_0250,batch_0400/wkt/map_0250/roads.wkt,batch_0400/wkt/map_0250/metadata.json,previews/SYN_partitioned_bridge_none_0250.png,OK
SYN_partitioned_bridge_none_0272,400,synthetic,,island_or_partitioned,partitioned_bridge,825,127,104775.0,774.69,76.06,58920.56,0.5623532274218198,45,144,6895.92,0.0013743736578382,47.8884,38.3609,6.4,12,0.0,0.9778,1,1.0,0,0.0,0,0.0,985.56,319.41,1.2422,5.0318,0.3194,191.5634,0.3636,0.0,0.7083,0.1528,yes,yes,no,no,no,PASS,,2812590329,PASS,,batch_0400/wkt/map_0272,batch_0400/wkt/map_0272/roads.wkt,batch_0400/wkt/map_0272/metadata.json,previews/SYN_partitioned_bridge_none_0272.png,OK
SYN_partitioned_bridge_none_0302,400,synthetic,,island_or_partitioned,partitioned_bridge,828,125,103500.0,777.58,74.15,57658.8,0.5570898509244537,45,130,7592.88,0.0012560386473429,58.4068,47.5046,5.7778,10,0.0,0.9778,1,1.0,0,0.0,0,0.0,1521.24,300.29,1.2901,4.915,0.4077,174.0736,0.3787,0.0,0.7231,0.1692,yes,yes,no,no,no,PASS,,3852025158,PASS,,batch_0400/wkt/map_0302,batch_0400/wkt/map_0302/roads.wkt,batch_0400/wkt/map_0302/metadata.json,previews/SYN_partitioned_bridge_none_0302.png,OK
SYN_partitioned_bridge_none_0339,400,synthetic,,island_or_partitioned,partitioned_bridge,818,126,103068.0,767.43,75.31,57796.58,0.5607616336240175,45,143,8517.22,0.0013874335390227,59.561,42.9219,6.3556,10,0.0,0.9778,1,1.0,0,0.0,0,0.0,1031.34,426.88,1.3075,4.9889,0.3986,172.8017,0.3859,0.0,0.6084,0.1538,yes,yes,no,no,no,PASS,,2513336898,PASS,,batch_0400/wkt/map_0339,batch_0400/wkt/map_0339/roads.wkt,batch_0400/wkt/map_0339/metadata.json,previews/SYN_partitioned_bridge_none_0339.png,OK
SYN_partitioned_bridge_none_0371,400,synthetic,,island_or_partitioned,partitioned_bridge,818,130,106340.0,767.24,79.37,60899.34,0.5726851776356893,45,191,9014.83,0.0017961256347564,47.198,39.0201,8.4889,13,0.0,1.0,1,1.0,0,0.0,0,0.0,1533.22,389.15,1.2218,5.0174,0.356,155.9679,0.3872,0.0,0.7382,0.1152,yes,yes,no,no,no,PASS,,2022630678,PASS,,batch_0400/wkt/map_0371,batch_0400/wkt/map_0371/roads.wkt,batch_0400/wkt/map_0371/metadata.json,previews/SYN_partitioned_bridge_none_0371.png,OK
SYN_partitioned_bridge_none_0392,400,synthetic,,island_or_partitioned,partitioned_bridge,823,121,99583.0,772.74,70.9,54790.36,0.5501978844768464,45,191,9489.35,0.0019179980518763,49.6825,43.0856,8.4889,13,0.0,1.0,1,1.0,0,0.0,0,0.0,1540.75,369.86,1.134,5.0458,0.3927,162.4826,0.3742,0.0,0.712,0.1152,yes,yes,no,no,no,PASS,,120622452,PASS,,batch_0400/wkt/map_0392,batch_0400/wkt/map_0392/roads.wkt,batch_0400/wkt/map_0392/metadata.json,previews/SYN_partitioned_bridge_none_0392.png,OK
SYN_partitioned_bridge_none_0410,600,synthetic,,island_or_partitioned,partitioned_bridge,823,126,103698.0,772.32,75.56,58353.72,0.5627275582349502,45,218,11526.58,0.0021022584813593,52.8742,39.2148,9.6889,13,0.0,1.0,1,1.0,0,0.0,0,0.0,960.96,360.99,1.1813,5.0641,0.3716,202.1804,0.3687,0.0,0.633,0.1009,yes,yes,no,no,no,PASS,,2531898580,PASS,,batch_0600/wkt/map_0410,batch_0600/wkt/map_0410/roads.wkt,batch_0600/wkt/map_0410/metadata.json,previews/SYN_partitioned_bridge_none_0410.png,OK
SYN_partitioned_bridge_none_0440,600,synthetic,,island_or_partitioned,partitioned_bridge,825,124,102300.0,774.45,73.48,56906.53,0.5562710868878509,45,267,11832.71,0.0026099706744868,44.3173,38.5986,11.8667,15,0.0,1.0,1,1.0,0,0.0,0,0.0,1524.01,309.05,1.1756,5.0328,0.367,212.4552,0.3743,0.0,0.7828,0.0824,yes,yes,no,no,no,PASS,,205526016,PASS,,batch_0600/wkt/map_0440,batch_0600/wkt/map_0440/roads.wkt,batch_0600/wkt/map_0440/metadata.json,previews/SYN_partitioned_bridge_none_0440.png,OK
SYN_partitioned_bridge_none_0463,600,synthetic,,island_or_partitioned,partitioned_bridge,820,123,100860.0,769.17,72.63,55865.39,0.5538904517730455,45,257,12119.48,0.0025480864564743,47.1575,38.5046,11.4222,16,0.0,1.0,1,1.0,0,0.0,1,0.022222,1542.57,378.16,1.147,5.0599,0.284,156.0571,0.3771,0.0,0.8327,0.0856,yes,yes,no,no,no,PASS,,1097081961,PASS,,batch_0600/wkt/map_0463,batch_0600/wkt/map_0463/roads.wkt,batch_0600/wkt/map_0463/metadata.json,previews/SYN_partitioned_bridge_none_0463.png,OK
SYN_partitioned_bridge_none_0498,600,synthetic,,island_or_partitioned,partitioned_bridge,829,126,104454.0,778.0,75.98,59112.19,0.5659160393959046,45,270,14729.96,0.0025848698948819,54.5554,44.7562,12.0,14,0.0,1.0,1,1.0,0,0.0,0,0.0,1670.19,355.0,1.12,5.043,0.363,176.5324,0.3841,0.0,0.7185,0.0815,yes,yes,no,no,no,PASS,,1458801519,PASS,,batch_0600/wkt/map_0498,batch_0600/wkt/map_0498/roads.wkt,batch_0600/wkt/map_0498/metadata.json,previews/SYN_partitioned_bridge_none_0498.png,OK
SYN_partitioned_bridge_none_0526,600,synthetic,,island_or_partitioned,partitioned_bridge,1167,127,148209.0,1116.51,76.48,85390.81,0.5761513281357107,60,187,9401.81,0.0012617317436862,50.277,40.0681,6.2333,10,0.0,1.0,1,1.0,0,0.0,1,0.016667,1553.81,524.73,1.2372,5.0372,0.385,291.0546,0.5002,0.0,0.7861,0.1578,yes,yes,no,no,no,PASS,,1579655424,PASS,,batch_0600/wkt/map_0526,batch_0600/wkt/map_0526/roads.wkt,batch_0600/wkt/map_0526/metadata.json,previews/SYN_partitioned_bridge_none_0526.png,OK
SYN_partitioned_bridge_none_0545,600,synthetic,,island_or_partitioned,partitioned_bridge,1172,125,146500.0,1121.15,74.99,84078.37,0.5739137671605439,60,186,10606.24,0.0012696245733788,57.0228,39.9484,6.2,10,0.0,0.9833,1,1.0,0,0.0,0,0.0,2281.36,538.29,1.2681,5.0133,0.414,312.1498,0.4971,0.0,0.672,0.1586,yes,yes,no,no,no,PASS,,272626126,PASS,,batch_0600/wkt/map_0545,batch_0600/wkt/map_0545/roads.wkt,batch_0600/wkt/map_0545/metadata.json,previews/SYN_partitioned_bridge_none_0545.png,OK
SYN_partitioned_bridge_none_0571,600,synthetic,,island_or_partitioned,partitioned_bridge,1172,128,150016.0,1121.72,77.84,87314.14,0.5820321529799277,60,181,11626.73,0.0012065379692832,64.2361,45.0026,6.0333,11,0.0,0.9833,1,1.0,0,0.0,0,0.0,1588.3,446.15,1.1309,4.9992,0.3646,316.5863,0.4878,0.0,0.6022,0.163,yes,yes,no,no,no,PASS,,3925013180,PASS,,batch_0600/wkt/map_0571,batch_0600/wkt/map_0571/roads.wkt,batch_0600/wkt/map_0571/metadata.json,previews/SYN_partitioned_bridge_none_0571.png,OK
SYN_partitioned_bridge_none_0598,600,synthetic,,island_or_partitioned,partitioned_bridge,1169,130,151970.0,1118.79,79.67,89129.93,0.5864968987055144,60,254,11650.72,0.0016713825097058,45.869,35.251,8.4667,13,0.0,1.0,1,1.0,0,0.0,0,0.0,2357.35,472.03,1.1329,4.9974,0.3858,275.2914,0.5163,0.0,0.8189,0.1161,yes,yes,no,no,no,PASS,,987054421,PASS,,batch_0600/wkt/map_0598,batch_0600/wkt/map_0598/roads.wkt,batch_0600/wkt/map_0598/metadata.json,previews/SYN_partitioned_bridge_none_0598.png,OK
SYN_partitioned_bridge_none_0623,800,synthetic,,island_or_partitioned,partitioned_bridge,1177,129,151833.0,1126.83,78.28,88211.0,0.5809738426264877,60,256,13372.62,0.0016860629770866,52.2368,40.7759,8.5333,14,0.0,1.0,1,1.0,0,0.0,0,0.0,2413.57,536.05,1.115,5.0873,0.3516,308.112,0.4902,0.0,0.6914,0.1152,yes,yes,no,no,no,PASS,,3904411103,PASS,,batch_0800/wkt/map_0623,batch_0800/wkt/map_0623/roads.wkt,batch_0800/wkt/map_0623/metadata.json,previews/SYN_partitioned_bridge_none_0623.png,OK
SYN_partitioned_bridge_none_0652,800,synthetic,,island_or_partitioned,partitioned_bridge,1177,129,151833.0,1126.28,78.9,88864.1,0.5852752829910292,60,267,15080.16,0.0017585109956333,56.48,45.9261,8.9,14,0.0,1.0,1,1.0,0,0.0,0,0.0,1575.74,472.92,1.0678,5.0872,0.367,242.0105,0.481,0.0,0.6367,0.1105,yes,yes,no,no,no,PASS,,2291519498,PASS,,batch_0800/wkt/map_0652,batch_0800/wkt/map_0652/roads.wkt,batch_0800/wkt/map_0652/metadata.json,previews/SYN_partitioned_bridge_none_0652.png,OK
SYN_partitioned_bridge_none_0675,800,synthetic,,island_or_partitioned,partitioned_bridge,1169,128,149632.0,1118.34,77.5,86674.62,0.5792519094208036,60,334,15788.59,0.0022321428571428,47.2712,41.7578,11.1333,14,0.0,1.0,1,1.0,0,0.0,2,0.033333,1624.74,512.99,1.1022,5.0982,0.3503,272.6537,0.5058,0.0,0.8174,0.0883,yes,yes,no,no,no,PASS,,3171092906,PASS,,batch_0800/wkt/map_0675,batch_0800/wkt/map_0675/roads.wkt,batch_0800/wkt/map_0675/metadata.json,previews/SYN_partitioned_bridge_none_0675.png,OK
SYN_partitioned_bridge_none_0701,800,synthetic,,island_or_partitioned,partitioned_bridge,1172,129,151188.0,1121.56,78.87,88454.02,0.5850597789661345,60,336,16081.25,0.0022223986030637,47.8609,37.7088,11.2,15,0.0,1.0,1,1.0,0,0.0,0,0.0,1433.93,538.67,1.0577,5.0943,0.3304,344.8601,0.4869,0.0,0.7202,0.0878,yes,yes,no,no,no,PASS,,142799376,PASS,,batch_0800/wkt/map_0701,batch_0800/wkt/map_0701/roads.wkt,batch_0800/wkt/map_0701/metadata.json,previews/SYN_partitioned_bridge_none_0701.png,OK
SYN_partitioned_bridge_none_0737,800,synthetic,,island_or_partitioned,partitioned_bridge,1172,129,151188.0,1121.21,78.71,88247.09,0.5836910801410017,60,332,17258.71,0.0021959414768367,51.9841,39.8875,11.0667,15,0.0,1.0,1,1.0,0,0.0,0,0.0,1442.51,466.06,1.1089,5.0683,0.3223,363.5031,0.4831,0.0,0.7861,0.0889,yes,yes,no,no,no,PASS,,381166120,PASS,,batch_0800/wkt/map_0737,batch_0800/wkt/map_0737/roads.wkt,batch_0800/wkt/map_0737/metadata.json,previews/SYN_partitioned_bridge_none_0737.png,OK
SYN_partitioned_bridge_none_0760,800,synthetic,,island_or_partitioned,partitioned_bridge,475,126,59850.0,424.27,75.67,32104.9,0.5364226625792842,50,239,9850.85,0.0039933166248955,41.2169,36.1273,9.56,14,0.0,1.0,1,1.0,0,0.0,0,0.0,877.47,216.6,1.355,5.0695,0.3305,77.8523,0.8875,0.0,0.8326,0.1025,yes,yes,no,no,no,PASS,,2976075646,PASS,,batch_0800/wkt/map_0760,batch_0800/wkt/map_0760/roads.wkt,batch_0800/wkt/map_0760/metadata.json,previews/SYN_partitioned_bridge_none_0760.png,OK
SYN_partitioned_bridge_none_0789,800,synthetic,,island_or_partitioned,partitioned_bridge,474,127,60198.0,423.63,76.33,32334.54,0.5371363915138728,50,250,11533.89,0.0041529618924216,46.1356,41.047,10.0,17,0.0,1.0,1,1.0,0,0.0,0,0.0,910.49,244.41,1.3777,5.0758,0.332,66.5191,0.8642,0.0,0.768,0.098,yes,yes,no,no,no,PASS,,763324496,PASS,,batch_0800/wkt/map_0789,batch_0800/wkt/map_0789/roads.wkt,batch_0800/wkt/map_0789/metadata.json,previews/SYN_partitioned_bridge_none_0789.png,OK
SYN_partitioned_bridge_none_0813,1000,synthetic,,island_or_partitioned,partitioned_bridge,471,128,60288.0,420.3,77.38,32525.04,0.5394944504354474,50,243,10328.05,0.004030652866242,42.5023,36.468,9.72,15,0.0,1.0,1,1.0,0,0.0,0,0.0,821.53,210.93,1.43,5.0283,0.2963,75.292,0.8792,0.0,0.7037,0.1008,yes,yes,no,no,no,PASS,,1234024999,PASS,,batch_1000/wkt/map_0813,batch_1000/wkt/map_0813/roads.wkt,batch_1000/wkt/map_0813/metadata.json,previews/SYN_partitioned_bridge_none_0813.png,OK
SYN_partitioned_bridge_none_0836,1000,synthetic,,island_or_partitioned,partitioned_bridge,468,129,60372.0,417.04,78.44,32714.17,0.541876483922847,50,338,15147.17,0.0055986218776916,44.8141,42.9154,13.52,19,0.0,1.0,1,1.0,0,0.0,1,0.02,785.86,229.33,1.1276,5.0711,0.355,61.1082,0.8652,0.0,0.8757,0.0725,yes,yes,no,no,no,PASS,,2129320219,PASS,,batch_1000/wkt/map_0836,batch_1000/wkt/map_0836/roads.wkt,batch_1000/wkt/map_0836/metadata.json,previews/SYN_partitioned_bridge_none_0836.png,OK
SYN_partitioned_bridge_none_0858,1000,synthetic,,island_or_partitioned,partitioned_bridge,469,128,60032.0,418.15,77.47,32394.11,0.5396140112867494,50,351,15678.83,0.005846881663113,44.669,40.8584,14.04,19,0.0,1.0,1,1.0,0,0.0,0,0.0,851.19,247.35,1.3933,5.104,0.3533,60.7249,0.8724,0.0,0.7635,0.0698,yes,yes,no,no,no,PASS,,99337174,PASS,,batch_1000/wkt/map_0858,batch_1000/wkt/map_0858/roads.wkt,batch_1000/wkt/map_0858/metadata.json,previews/SYN_partitioned_bridge_none_0858.png,OK
SYN_partitioned_bridge_none_0884,1000,synthetic,,island_or_partitioned,partitioned_bridge,477,129,61533.0,426.19,78.85,33604.78,0.546126179418299,50,359,16883.77,0.0058342677912664,47.03,42.2331,14.36,19,0.0,1.0,1,1.0,0,0.0,0,0.0,881.16,263.99,1.1324,5.0627,0.3064,53.3238,0.8771,0.0,0.7214,0.0682,yes,yes,no,no,no,PASS,,921539867,PASS,,batch_1000/wkt/map_0884,batch_1000/wkt/map_0884/roads.wkt,batch_1000/wkt/map_0884/metadata.json,previews/SYN_partitioned_bridge_none_0884.png,OK
SYN_partitioned_bridge_none_0921,1000,synthetic,,island_or_partitioned,partitioned_bridge,479,130,62270.0,428.18,79.78,34161.7,0.548606059742336,50,467,21983.41,0.007499598522563,47.0737,45.7042,18.68,23,0.0,1.0,1,1.0,0,0.0,0,0.0,936.24,237.59,1.1482,5.1116,0.3383,52.5744,0.8614,0.0,0.8351,0.0525,yes,yes,no,no,no,PASS,,2953929794,PASS,,batch_1000/wkt/map_0921,batch_1000/wkt/map_0921/roads.wkt,batch_1000/wkt/map_0921/metadata.json,previews/SYN_partitioned_bridge_none_0921.png,OK
SYN_partitioned_bridge_none_0946,1000,synthetic,,island_or_partitioned,partitioned_bridge,465,130,60450.0,414.48,79.23,32837.09,0.5432107124469766,50,492,21643.95,0.0081389578163771,43.9918,41.1819,19.68,24,0.0,1.0,1,1.0,0,0.0,0,0.0,842.48,275.56,1.0892,5.0976,0.3252,51.9623,0.8749,0.0,0.7663,0.0498,yes,yes,no,no,no,PASS,,3789527490,PASS,,batch_1000/wkt/map_0946,batch_1000/wkt/map_0946/roads.wkt,batch_1000/wkt/map_0946/metadata.json,previews/SYN_partitioned_bridge_none_0946.png,OK
SYN_partitioned_bridge_none_0973,1000,synthetic,,island_or_partitioned,partitioned_bridge,472,128,60416.0,421.15,77.34,32573.5,0.5391535786529545,50,488,22829.05,0.0080773305084745,46.7808,45.3582,19.52,24,0.0,1.0,1,1.0,0,0.0,0,0.0,812.46,172.63,1.1797,5.0895,0.3525,46.2333,0.8721,0.0,0.6967,0.0502,yes,yes,no,no,no,PASS,,3435317574,PASS,,batch_1000/wkt/map_0973,batch_1000/wkt/map_0973/roads.wkt,batch_1000/wkt/map_0973/metadata.json,previews/SYN_partitioned_bridge_none_0973.png,OK
SYN_partitioned_bridge_none_0997,1000,synthetic,,island_or_partitioned,partitioned_bridge,822,128,105216.0,771.63,77.64,59907.3,0.5693744747204188,75,377,16509.52,0.0035831052311435,43.7918,41.3451,10.0533,15,0.0,1.0,1,1.0,0,0.0,0,0.0,1575.96,378.84,1.2281,5.1211,0.3289,173.1389,0.3752,0.0,0.8806,0.0981,yes,yes,no,no,no,PASS,,3189438583,PASS,,batch_1000/wkt/map_0997,batch_1000/wkt/map_0997/roads.wkt,batch_1000/wkt/map_0997/metadata.json,previews/SYN_partitioned_bridge_none_0997.png,OK
SYN_partitioned_bridge_none_1024,1200,synthetic,,island_or_partitioned,partitioned_bridge,826,128,105728.0,775.45,77.83,60355.2,0.5708534991711501,75,380,18127.14,0.0035941283292978,47.703,42.7994,10.1333,18,0.0,1.0,1,1.0,0,0.0,0,0.0,935.55,365.73,1.1698,5.0985,0.3737,161.004,0.3754,0.0,0.8,0.0974,yes,yes,no,no,no,PASS,,461587896,PASS,,batch_1200/wkt/map_1024,batch_1200/wkt/map_1024/roads.wkt,batch_1200/wkt/map_1024/metadata.json,previews/SYN_partitioned_bridge_none_1024.png,OK
SYN_partitioned_bridge_none_1049,1200,synthetic,,island_or_partitioned,partitioned_bridge,826,129,106554.0,775.0,78.56,60887.83,0.5714269942312579,75,366,17980.28,0.0034348780899825,49.1265,42.203,9.76,15,0.0,1.0,1,1.0,0,0.0,0,0.0,1583.98,346.35,1.1989,5.1133,0.3634,140.1141,0.3813,0.0,0.776,0.1011,yes,yes,no,no,no,PASS,,1997794934,PASS,,batch_1200/wkt/map_1049,batch_1200/wkt/map_1049/roads.wkt,batch_1200/wkt/map_1049/metadata.json,previews/SYN_partitioned_bridge_none_1049.png,OK
SYN_partitioned_bridge_none_1079,1200,synthetic,,island_or_partitioned,partitioned_bridge,824,127,104648.0,773.51,76.46,59146.11,0.5651910159182132,75,531,24338.15,0.0050741533521901,45.8346,44.5087,14.16,19,0.0,1.0,1,1.0,0,0.0,0,0.0,828.33,378.88,1.2458,5.1211,0.3465,156.8294,0.381,0.0,0.8644,0.0697,yes,yes,no,no,no,PASS,,1241346731,PASS,,batch_1200/wkt/map_1079,batch_1200/wkt/map_1079/roads.wkt,batch_1200/wkt/map_1079/metadata.json,previews/SYN_partitioned_bridge_none_1079.png,OK
SYN_partitioned_bridge_none_1109,1200,synthetic,,island_or_partitioned,partitioned_bridge,820,128,104960.0,769.83,77.51,59670.64,0.5685084290978876,75,543,24917.98,0.0051733993902439,45.8895,41.7733,14.48,19,0.0,1.0,1,1.0,0,0.0,0,0.0,1545.51,346.57,1.1241,5.0995,0.3444,130.7348,0.3822,0.0,0.8232,0.0681,yes,yes,no,no,no,PASS,,2156434221,PASS,,batch_1200/wkt/map_1109,batch_1200/wkt/map_1109/roads.wkt,batch_1200/wkt/map_1109/metadata.json,previews/SYN_partitioned_bridge_none_1109.png,OK
SYN_partitioned_bridge_none_1129,1200,synthetic,,island_or_partitioned,partitioned_bridge,829,130,107770.0,778.48,79.69,62039.97,0.5756701623759729,75,542,25366.07,0.0050292289134267,46.8009,42.8332,14.4533,21,0.0,1.0,1,1.0,0,0.0,0,0.0,1562.84,470.09,1.1308,5.118,0.393,148.7127,0.374,0.0,0.8137,0.0683,yes,yes,no,no,no,PASS,,1913063842,PASS,,batch_1200/wkt/map_1129,batch_1200/wkt/map_1129/roads.wkt,batch_1200/wkt/map_1129/metadata.json,previews/SYN_partitioned_bridge_none_1129.png,OK
SYN_partitioned_bridge_none_1151,1200,synthetic,,island_or_partitioned,partitioned_bridge,825,130,107250.0,774.38,79.69,61710.64,0.5753905684185585,75,708,31733.15,0.0066013986013986,44.8208,42.4496,18.88,25,0.0,1.0,1,1.0,0,0.0,1,0.013333,900.01,406.36,1.1226,5.1231,0.3277,136.4108,0.3798,0.0,0.8715,0.0523,yes,yes,no,no,no,PASS,,87945268,PASS,,batch_1200/wkt/map_1151,batch_1200/wkt/map_1151/roads.wkt,batch_1200/wkt/map_1151/metadata.json,previews/SYN_partitioned_bridge_none_1151.png,OK
SYN_partitioned_bridge_none_1178,1200,synthetic,,island_or_partitioned,partitioned_bridge,822,130,106860.0,771.65,79.71,61510.55,0.5756180905836621,75,745,33674.15,0.0069717387235635,45.2002,42.3819,19.8667,25,0.0,1.0,1,1.0,0,0.0,0,0.0,1574.94,331.55,1.2054,5.1427,0.3154,144.2825,0.3825,0.0,0.8282,0.0497,yes,yes,no,no,no,PASS,,3492524647,PASS,,batch_1200/wkt/map_1178,batch_1200/wkt/map_1178/roads.wkt,batch_1200/wkt/map_1178/metadata.json,previews/SYN_partitioned_bridge_none_1178.png,OK
SYN_radial_city_none_0055,100,synthetic,,radial_city,radial_city,690,605,417450.0,640.0,554.26,354724.01,0.849740100898311,25,43,6320.0,0.0001030063480656,146.9767,80.0,3.44,4,0.04,0.96,1,1.0,1,0.023256,1,0.04,960.0,311.25,1.1866,2.2257,0.3488,1.0,0.5,0.0,0.7209,0.2902,yes,yes,no,partial,no,PASS,,3333666641,PASS,,batch_0100/wkt/map_0055,batch_0100/wkt/map_0055/roads.wkt,batch_0100/wkt/map_0055/metadata.json,previews/SYN_radial_city_none_0055.png,OK
SYN_radial_city_none_0082,100,synthetic,,radial_city,radial_city,850,743,631550.0,800.0,692.82,554256.26,0.877612634312406,31,55,9200.0,8.708732483572164e-05,167.2727,80.0,3.5484,4,0.0323,0.9677,1,1.0,1,0.018182,1,0.032258,1120.0,380.0,1.1545,2.2332,0.3455,1.0,0.4872,0.0,0.6727,0.2815,yes,yes,no,partial,no,PASS,,1257515215,PASS,,batch_0100/wkt/map_0082,batch_0100/wkt/map_0082/roads.wkt,batch_0100/wkt/map_0082/metadata.json,previews/SYN_radial_city_none_0082.png,OK
SYN_radial_city_none_0107,200,synthetic,,radial_city,radial_city,1010,882,890820.0,960.0,831.38,798129.01,0.8959486905098673,37,67,12560.0,7.521160279293236e-05,187.4627,80.0,3.6216,4,0.027,0.973,1,1.0,1,0.014925,1,0.027027,1280.0,415.0,1.155,2.2374,0.3433,1.0,0.478,0.0,0.6418,0.2759,yes,yes,no,partial,no,PASS,,2438377231,PASS,,batch_0200/wkt/map_0107,batch_0200/wkt/map_0107/roads.wkt,batch_0200/wkt/map_0107/metadata.json,previews/SYN_radial_city_none_0107.png,OK
SYN_radial_city_none_0139,200,synthetic,,radial_city,radial_city,1170,1020,1193400.0,1120.0,969.95,1086342.27,0.9102918269146976,43,79,16400.0,6.61974191385956e-05,207.5949,80.0,3.6744,4,0.0233,0.9767,1,1.0,1,0.012658,1,0.023256,1440.0,472.5,1.1442,2.2401,0.3418,1.0,0.4711,0.0,0.6962,0.272,yes,yes,no,partial,no,PASS,,1602332435,PASS,,batch_0200/wkt/map_0139,batch_0200/wkt/map_0139/roads.wkt,batch_0200/wkt/map_0139/metadata.json,previews/SYN_radial_city_none_0139.png,OK
SYN_radial_city_none_0172,200,synthetic,,radial_city,radial_city,1330,1159,1541470.0,1280.0,1108.51,1418896.02,0.9204824099593244,49,91,20720.0,5.903455792198356e-05,227.6923,80.0,3.7143,4,0.0204,0.9796,1,1.0,1,0.010989,1,0.020408,1600.0,521.25,1.1246,2.225,0.3407,1.0,0.4657,0.0,0.6703,0.2691,yes,yes,no,partial,no,PASS,,1772801014,PASS,,batch_0200/wkt/map_0172,batch_0200/wkt/map_0172/roads.wkt,batch_0200/wkt/map_0172/metadata.json,previews/SYN_radial_city_none_0172.png,OK
SYN_radial_city_none_0200,400,synthetic,,radial_city,radial_city,530,530,280900.0,480.0,480.0,230400.0,0.8202207191171236,25,41,4299.01,0.0001459594161623,104.8539,80.0,3.28,4,0.04,0.96,1,1.0,1,0.02439,1,0.04,809.83,257.98,1.1458,3.0734,0.2195,1.0,0.536,0.0,0.6585,0.3044,yes,yes,no,partial,no,PASS,,2897222743,PASS,,batch_0400/wkt/map_0200,batch_0400/wkt/map_0200/roads.wkt,batch_0400/wkt/map_0200/metadata.json,previews/SYN_radial_city_none_0200.png,OK
SYN_radial_city_none_0222,400,synthetic,,radial_city,radial_city,690,690,476100.0,640.0,640.0,409600.0,0.8603234614576769,33,57,6898.35,0.0001197227473219,121.0236,80.0,3.4545,4,0.0303,0.9697,1,1.0,1,0.017544,1,0.030303,969.83,286.96,1.1642,3.0929,0.2281,1.0,0.5127,0.0,0.6491,0.2892,yes,yes,no,partial,no,PASS,,957355567,PASS,,batch_0400/wkt/map_0222,batch_0400/wkt/map_0222/roads.wkt,batch_0400/wkt/map_0222/metadata.json,previews/SYN_radial_city_none_0222.png,OK
SYN_radial_city_none_0251,400,synthetic,,radial_city,radial_city,850,850,722500.0,800.0,800.0,640000.0,0.8858131487889274,41,73,9987.52,0.0001010380622837,136.8154,80.0,3.561,4,0.0244,0.9756,1,1.0,1,0.013699,1,0.02439,1129.83,395.6,1.1504,3.1616,0.2329,1.0,0.4972,0.0,0.6712,0.2807,yes,yes,no,partial,no,PASS,,3593571503,PASS,,batch_0400/wkt/map_0251,batch_0400/wkt/map_0251/roads.wkt,batch_0400/wkt/map_0251/metadata.json,previews/SYN_radial_city_none_0251.png,OK
SYN_radial_city_none_0274,400,synthetic,,radial_city,radial_city,1010,1010,1020100.0,960.0,960.0,921600.0,0.9034408391334184,49,89,13566.53,8.724634839721595e-05,152.4329,80.0,3.6327,4,0.0204,0.9796,1,1.0,1,0.011236,1,0.020408,1289.83,392.5,1.107,3.1567,0.236,1.0,0.4863,0.0,0.7303,0.2752,yes,yes,no,partial,no,PASS,,2815782105,PASS,,batch_0400/wkt/map_0274,batch_0400/wkt/map_0274/roads.wkt,batch_0400/wkt/map_0274/metadata.json,previews/SYN_radial_city_none_0274.png,OK
SYN_radial_city_none_0304,400,synthetic,,radial_city,radial_city,1170,1170,1368900.0,1120.0,1120.0,1254400.0,0.9163561984074804,57,105,17635.37,7.670392285776902e-05,167.9559,80.0,3.6842,4,0.0175,0.9825,1,1.0,1,0.009524,1,0.017544,1449.83,502.02,1.1246,3.1486,0.2381,1.0,0.4782,0.0,0.6952,0.2713,yes,yes,no,partial,no,PASS,,707043740,PASS,,batch_0400/wkt/map_0304,batch_0400/wkt/map_0304/roads.wkt,batch_0400/wkt/map_0304/metadata.json,previews/SYN_radial_city_none_0304.png,OK
SYN_radial_city_none_0344,400,synthetic,,radial_city,radial_city,1330,1330,1768900.0,1280.0,1280.0,1638400.0,0.9262253377805416,65,121,22194.05,6.84040929391147e-05,183.4219,80.0,3.7231,4,0.0154,0.9846,1,1.0,1,0.008264,1,0.015385,1609.83,573.87,1.1278,3.1656,0.2397,1.0,0.4719,0.0,0.6694,0.2685,yes,yes,no,partial,no,PASS,,13632835,PASS,,batch_0400/wkt/map_0344,batch_0400/wkt/map_0344/roads.wkt,batch_0400/wkt/map_0344/metadata.json,previews/SYN_radial_city_none_0344.png,OK
SYN_radial_city_none_0372,400,synthetic,,radial_city,radial_city,530,507,268710.0,480.0,456.51,219123.42,0.8154643349335714,31,51,4646.56,0.0001897956905213,91.1091,80.0,3.2903,4,0.0323,0.9677,1,1.0,1,0.019608,1,0.032258,814.43,282.75,1.2001,2.3208,0.2157,1.0,0.5466,0.0,0.6471,0.3036,yes,yes,no,partial,no,PASS,,1212530882,PASS,,batch_0400/wkt/map_0372,batch_0400/wkt/map_0372/roads.wkt,batch_0400/wkt/map_0372/metadata.json,previews/SYN_radial_city_none_0372.png,OK
SYN_radial_city_none_0393,400,synthetic,,radial_city,radial_city,690,659,454710.0,640.0,608.68,389552.75,0.8567059198170262,41,71,7424.27,0.0001561434760616,104.5672,80.0,3.4634,4,0.0244,0.9756,1,1.0,1,0.014085,1,0.02439,974.43,313.16,1.1482,2.3214,0.2113,1.0,0.5204,0.0,0.6761,0.2886,yes,yes,no,partial,no,PASS,,791031205,PASS,,batch_0400/wkt/map_0393,batch_0400/wkt/map_0393/roads.wkt,batch_0400/wkt/map_0393/metadata.json,previews/SYN_radial_city_none_0393.png,OK
SYN_radial_city_none_0411,600,synthetic,,radial_city,radial_city,850,811,689350.0,800.0,760.85,608676.17,0.8829711629796184,51,91,10696.41,0.000132008413723,117.5429,80.0,3.5686,4,0.0196,0.9804,1,1.0,1,0.010989,1,0.019608,1134.43,365.77,1.1393,2.3216,0.2088,1.0,0.5033,0.0,0.6813,0.2801,yes,yes,no,partial,no,PASS,,1408672432,PASS,,batch_0600/wkt/map_0411,batch_0600/wkt/map_0411/roads.wkt,batch_0600/wkt/map_0411/metadata.json,previews/SYN_radial_city_none_0411.png,OK
SYN_radial_city_none_0442,600,synthetic,,radial_city,radial_city,1010,964,973640.0,960.0,913.01,876493.69,0.900223579310628,61,111,14462.97,0.0001140051764512,130.297,80.0,3.6393,4,0.0164,0.9836,1,1.0,1,0.009009,1,0.016393,1294.43,471.54,1.1244,2.3217,0.2072,1.0,0.4913,0.0,0.6847,0.2747,yes,yes,no,partial,no,PASS,,3419928648,PASS,,batch_0600/wkt/map_0442,batch_0600/wkt/map_0442/roads.wkt,batch_0600/wkt/map_0442/metadata.json,previews/SYN_radial_city_none_0442.png,OK
SYN_radial_city_none_0464,600,synthetic,,radial_city,radial_city,1170,1116,1305720.0,1120.0,1065.18,1193005.29,0.9136762045155162,71,131,18723.96,0.0001003277884998,142.931,80.0,3.6901,4,0.0141,0.9859,1,1.0,1,0.007634,1,0.014085,1454.43,523.65,1.1466,2.3218,0.2061,1.0,0.4825,0.0,0.6947,0.2709,yes,yes,no,partial,no,PASS,,4129038082,PASS,,batch_0600/wkt/map_0464,batch_0600/wkt/map_0464/roads.wkt,batch_0600/wkt/map_0464/metadata.json,previews/SYN_radial_city_none_0464.png,OK
SYN_radial_city_none_0500,600,synthetic,,radial_city,radial_city,1330,1268,1686440.0,1280.0,1217.35,1558211.0,0.9239646801546452,81,151,23479.38,8.953772443727615e-05,155.4926,80.0,3.7284,4,0.0123,0.9877,1,1.0,1,0.006623,1,0.012346,1614.43,577.33,1.1409,2.3218,0.2053,1.0,0.4756,0.0,0.6689,0.2682,yes,yes,no,partial,no,PASS,,1272984095,PASS,,batch_0600/wkt/map_0500,batch_0600/wkt/map_0500/roads.wkt,batch_0600/wkt/map_0500/metadata.json,previews/SYN_radial_city_none_0500.png,OK
SYN_radial_city_none_0528,600,synthetic,,radial_city,radial_city,530,530,280900.0,480.0,480.0,230400.0,0.8202207191171236,37,61,4981.6,0.0002171591313634,81.6655,80.0,3.2973,4,0.027,0.973,1,1.0,1,0.016393,1,0.027027,816.93,248.73,1.1661,4.1827,0.4098,1.0,0.5538,0.0,0.7049,0.3031,yes,yes,no,partial,no,PASS,,3402073675,PASS,,batch_0600/wkt/map_0528,batch_0600/wkt/map_0528/roads.wkt,batch_0600/wkt/map_0528/metadata.json,previews/SYN_radial_city_none_0528.png,OK
SYN_radial_city_none_0546,600,synthetic,,radial_city,radial_city,690,690,476100.0,640.0,640.0,409600.0,0.8603234614576769,49,85,7929.33,0.000178533921445,93.2862,80.0,3.4694,4,0.0204,0.9796,1,1.0,1,0.011765,1,0.020408,976.93,343.88,1.1891,4.2587,0.3412,1.0,0.5257,0.0,0.6941,0.2881,yes,yes,no,partial,no,PASS,,1360086561,PASS,,batch_0600/wkt/map_0546,batch_0600/wkt/map_0546/roads.wkt,batch_0600/wkt/map_0546/metadata.json,previews/SYN_radial_city_none_0546.png,OK
SYN_radial_city_none_0573,600,synthetic,,radial_city,radial_city,850,850,722500.0,800.0,800.0,640000.0,0.8858131487889274,61,109,11373.99,0.0001508650519031,104.3485,80.0,3.5738,4,0.0164,0.9836,1,1.0,1,0.009174,1,0.016393,1136.93,331.5,1.1286,4.2699,0.3761,1.0,0.5075,0.0,0.7064,0.2797,yes,yes,no,partial,no,PASS,,215206221,PASS,,batch_0600/wkt/map_0573,batch_0600/wkt/map_0573/roads.wkt,batch_0600/wkt/map_0573/metadata.json,previews/SYN_radial_city_none_0573.png,OK
SYN_radial_city_none_0600,800,synthetic,,radial_city,radial_city,1010,1010,1020100.0,960.0,960.0,921600.0,0.9034408391334184,73,133,15315.58,0.0001303793745711,115.1548,80.0,3.6438,4,0.0137,0.9863,1,1.0,1,0.007519,1,0.013699,1296.93,509.51,1.1341,4.2617,0.3985,1.0,0.4947,0.0,0.7143,0.2744,yes,yes,no,partial,no,PASS,,817742492,PASS,,batch_0800/wkt/map_0600,batch_0800/wkt/map_0600/roads.wkt,batch_0800/wkt/map_0600/metadata.json,previews/SYN_radial_city_none_0600.png,OK
SYN_radial_city_none_0624,800,synthetic,,radial_city,radial_city,1170,1170,1368900.0,1120.0,1120.0,1254400.0,0.9163561984074804,85,157,19754.11,0.0001146906275111,125.8224,80.0,3.6941,4,0.0118,0.9882,1,1.0,1,0.006369,1,0.011765,1456.93,524.56,1.1443,4.266,0.3631,1.0,0.4853,0.0,0.7134,0.2707,yes,yes,no,partial,no,PASS,,3111952982,PASS,,batch_0800/wkt/map_0624,batch_0800/wkt/map_0624/roads.wkt,batch_0800/wkt/map_0624/metadata.json,previews/SYN_radial_city_none_0624.png,OK
SYN_radial_city_none_0653,800,synthetic,,radial_city,radial_city,1330,1330,1768900.0,1280.0,1280.0,1638400.0,0.9262253377805416,97,181,24689.57,0.0001023234778676,136.4065,80.0,3.732,4,0.0103,0.9897,1,1.0,1,0.005525,1,0.010309,1616.93,593.16,1.1246,4.2507,0.337,1.0,0.4781,0.0,0.7293,0.2679,yes,yes,no,partial,no,PASS,,492869973,PASS,,batch_0800/wkt/map_0653,batch_0800/wkt/map_0653/roads.wkt,batch_0800/wkt/map_0653/metadata.json,previews/SYN_radial_city_none_0653.png,OK
SYN_radial_city_none_0676,800,synthetic,,radial_city,radial_city,530,518,274540.0,480.0,467.97,224623.39,0.8181809246011511,43,71,5310.68,0.0002586144095578,74.7983,80.0,3.3023,4,0.0233,0.9767,1,1.0,1,0.014085,1,0.023256,818.45,252.83,1.1937,2.8065,0.4366,1.0,0.559,0.0,0.7887,0.3027,yes,yes,no,partial,no,PASS,,2248622147,PASS,,batch_0800/wkt/map_0676,batch_0800/wkt/map_0676/roads.wkt,batch_0800/wkt/map_0676/metadata.json,previews/SYN_radial_city_none_0676.png,OK
SYN_radial_city_none_0702,800,synthetic,,radial_city,radial_city,690,674,465060.0,640.0,623.95,399330.47,0.8586644152582463,57,99,8424.47,0.0002128757579667,85.0956,80.0,3.4737,4,0.0175,0.9825,1,1.0,1,0.010101,1,0.017544,978.45,351.21,1.1543,2.8069,0.4343,1.0,0.5294,0.0,0.7172,0.2878,yes,yes,no,partial,no,PASS,,3113881462,PASS,,batch_0800/wkt/map_0702,batch_0800/wkt/map_0702/roads.wkt,batch_0800/wkt/map_0702/metadata.json,previews/SYN_radial_city_none_0702.png,OK
SYN_radial_city_none_0738,800,synthetic,,radial_city,radial_city,850,830,705500.0,800.0,779.94,623953.86,0.8844136980864636,71,127,12036.7,0.0001800141743444,94.7772,80.0,3.5775,4,0.0141,0.9859,1,1.0,1,0.007874,1,0.014085,1138.45,378.89,1.1762,2.8071,0.4331,1.0,0.5104,0.0,0.7559,0.2795,yes,yes,no,partial,no,PASS,,2742383679,PASS,,batch_0800/wkt/map_0738,batch_0800/wkt/map_0738/roads.wkt,batch_0800/wkt/map_0738/metadata.json,previews/SYN_radial_city_none_0738.png,OK
SYN_radial_city_none_0764,800,synthetic,,radial_city,radial_city,1010,986,995860.0,960.0,935.93,898493.56,0.9022287913562148,85,155,16147.38,0.0001556443676822,104.1767,80.0,3.6471,4,0.0118,0.9882,1,1.0,1,0.006452,1,0.011765,1298.45,423.76,1.1333,2.8072,0.4323,1.0,0.4972,0.0,0.7548,0.2742,yes,yes,no,partial,no,PASS,,1713410662,PASS,,batch_0800/wkt/map_0764,batch_0800/wkt/map_0764/roads.wkt,batch_0800/wkt/map_0764/metadata.json,previews/SYN_radial_city_none_0764.png,OK
SYN_radial_city_none_0790,800,synthetic,,radial_city,radial_city,1170,1142,1336140.0,1120.0,1091.92,1222949.57,0.9152855040938824,99,183,20756.51,0.0001369616956306,113.4236,80.0,3.697,4,0.0101,0.9899,1,1.0,1,0.005464,1,0.010101,1458.45,505.16,1.1507,2.8072,0.4317,1.0,0.4874,0.0,0.7486,0.2705,yes,yes,no,partial,no,PASS,,2556092830,PASS,,batch_0800/wkt/map_0790,batch_0800/wkt/map_0790/roads.wkt,batch_0800/wkt/map_0790/metadata.json,previews/SYN_radial_city_none_0790.png,OK
SYN_radial_city_none_0814,1000,synthetic,,radial_city,radial_city,1330,1298,1726340.0,1280.0,1247.91,1597321.89,0.9252649488744976,113,211,25864.09,0.0001222238956404,122.5786,80.0,3.7345,4,0.0088,0.9912,1,1.0,1,0.004739,1,0.00885,1618.45,582.18,1.1822,2.8073,0.4313,1.0,0.4799,0.0,0.7204,0.2678,yes,yes,no,partial,no,PASS,,1469540275,PASS,,batch_1000/wkt/map_0814,batch_1000/wkt/map_0814/roads.wkt,batch_1000/wkt/map_0814/metadata.json,previews/SYN_radial_city_none_0814.png,OK
SYN_radial_city_none_0839,1000,synthetic,,radial_city,radial_city,530,530,280900.0,480.0,480.0,230400.0,0.8202207191171236,49,81,5636.59,0.0002883588465646,69.5875,80.0,3.3061,4,0.0204,0.9796,1,1.0,1,0.012346,1,0.020408,819.43,262.63,1.1951,4.0227,0.4074,1.0,0.563,0.0,0.8025,0.3023,yes,yes,no,partial,no,PASS,,255123522,PASS,,batch_1000/wkt/map_0839,batch_1000/wkt/map_0839/roads.wkt,batch_1000/wkt/map_0839/metadata.json,previews/SYN_radial_city_none_0839.png,OK
SYN_radial_city_none_0861,1000,synthetic,,radial_city,radial_city,690,690,476100.0,640.0,640.0,409600.0,0.8603234614576769,65,113,8914.31,0.0002373450955681,78.8877,80.0,3.4769,4,0.0154,0.9846,1,1.0,1,0.00885,1,0.015385,979.43,315.06,1.2005,4.0395,0.3982,1.0,0.5323,0.0,0.7168,0.2875,yes,yes,no,partial,no,PASS,,3476277694,PASS,,batch_1000/wkt/map_0861,batch_1000/wkt/map_0861/roads.wkt,batch_1000/wkt/map_0861/metadata.json,previews/SYN_radial_city_none_0861.png,OK
SYN_radial_city_none_0892,1000,synthetic,,radial_city,radial_city,850,850,722500.0,800.0,800.0,640000.0,0.8858131487889274,81,145,12691.47,0.0002006920415224,87.5274,80.0,3.5802,4,0.0123,0.9877,1,1.0,1,0.006897,1,0.012346,1139.43,365.94,1.123,4.0769,0.3931,1.0,0.5127,0.0,0.7586,0.2793,yes,yes,no,partial,no,PASS,,3167337464,PASS,,batch_1000/wkt/map_0892,batch_1000/wkt/map_0892/roads.wkt,batch_1000/wkt/map_0892/metadata.json,previews/SYN_radial_city_none_0892.png,OK
SYN_radial_city_none_0923,1000,synthetic,,radial_city,radial_city,1010,1010,1020100.0,960.0,960.0,921600.0,0.9034408391334184,97,177,16968.06,0.000173512400745,95.8647,80.0,3.6495,4,0.0103,0.9897,1,1.0,1,0.00565,1,0.010309,1299.43,426.95,1.1614,4.0758,0.3898,1.0,0.499,0.0,0.7627,0.274,yes,yes,no,partial,no,PASS,,3296255814,PASS,,batch_1000/wkt/map_0923,batch_1000/wkt/map_0923/roads.wkt,batch_1000/wkt/map_0923/metadata.json,previews/SYN_radial_city_none_0923.png,OK
SYN_radial_city_none_0947,1000,synthetic,,radial_city,radial_city,1170,1170,1368900.0,1120.0,1120.0,1254400.0,0.9163561984074804,113,209,21744.07,0.0001526773321645,104.0386,80.0,3.6991,4,0.0088,0.9912,1,1.0,1,0.004785,1,0.00885,1459.43,523.71,1.1234,4.0725,0.3876,1.0,0.489,0.0,0.7895,0.2703,yes,yes,no,partial,no,PASS,,3217959827,PASS,,batch_1000/wkt/map_0947,batch_1000/wkt/map_0947/roads.wkt,batch_1000/wkt/map_0947/metadata.json,previews/SYN_radial_city_none_0947.png,OK
SYN_radial_city_none_0974,1000,synthetic,,radial_city,radial_city,1330,1330,1768900.0,1280.0,1280.0,1638400.0,0.9262253377805416,129,241,27019.52,0.000136242862796,112.1142,80.0,3.7364,4,0.0078,0.9922,1,1.0,1,0.004149,1,0.007752,1619.43,583.71,1.12,4.0815,0.3859,1.0,0.4813,0.0,0.7635,0.2676,yes,yes,no,partial,no,PASS,,776024942,PASS,,batch_1000/wkt/map_0974,batch_1000/wkt/map_0974/roads.wkt,batch_1000/wkt/map_0974/metadata.json,previews/SYN_radial_city_none_0974.png,OK
SYN_radial_city_none_1025,1200,synthetic,,radial_city,radial_city,692,609,421428.0,641.08,558.04,357747.14,0.8488926730366234,25,43,6341.46,0.0001020340366563,147.4759,84.3998,3.44,4,0.04,0.96,1,1.0,1,0.023256,1,0.04,969.98,343.35,1.1535,2.5588,0.3488,1.0129,0.5053,0.0,0.7209,0.2902,yes,yes,no,partial,no,PASS,,3600070448,PASS,,batch_1200/wkt/map_1025,batch_1200/wkt/map_1025/roads.wkt,batch_1200/wkt/map_1025/metadata.json,previews/SYN_radial_city_none_1025.png,OK
SYN_radial_city_none_1051,1200,synthetic,,radial_city,radial_city,854,747,637938.0,803.88,696.91,560231.55,0.8781912235208695,31,55,9195.06,8.621527483862068e-05,167.1829,85.8032,3.5484,4,0.0323,0.9677,1,1.0,1,0.018182,1,0.032258,1108.08,414.69,1.1728,2.7162,0.3455,1.0047,0.4872,0.0,0.6727,0.2815,yes,yes,no,partial,no,PASS,,152711608,PASS,,batch_1200/wkt/map_1051,batch_1200/wkt/map_1051/roads.wkt,batch_1200/wkt/map_1051/metadata.json,previews/SYN_radial_city_none_1051.png,OK
SYN_radial_city_none_1081,1200,synthetic,,radial_city,radial_city,1010,880,888800.0,959.28,829.64,795863.19,0.8954356295442576,37,67,12553.06,7.538253825382539e-05,187.3591,87.5247,3.6216,4,0.027,0.973,1,1.0,1,0.014925,1,0.027027,1268.85,457.6,1.1395,2.5485,0.3433,1.0146,0.4795,0.0,0.6418,0.2759,yes,yes,no,partial,no,PASS,,3557775029,PASS,,batch_1200/wkt/map_1081,batch_1200/wkt/map_1081/roads.wkt,batch_1200/wkt/map_1081/metadata.json,previews/SYN_radial_city_none_1081.png,OK
SYN_radial_city_none_1110,1200,synthetic,,radial_city,radial_city,1166,1027,1197482.0,1115.54,976.31,1089117.57,0.9095064224407988,43,79,16390.29,6.597176408497163e-05,207.472,86.1932,3.6744,4,0.0233,0.9767,1,1.0,1,0.012658,1,0.023256,1421.67,466.96,1.1557,2.8683,0.3418,1.0063,0.4713,0.0,0.6962,0.272,yes,yes,no,partial,no,PASS,,3653479134,PASS,,batch_1200/wkt/map_1110,batch_1200/wkt/map_1110/roads.wkt,batch_1200/wkt/map_1110/metadata.json,previews/SYN_radial_city_none_1110.png,OK
SYN_radial_city_none_1132,1200,synthetic,,radial_city,radial_city,1337,1162,1553594.0,1286.89,1111.14,1429913.74,0.9203908745396264,49,91,20749.13,5.857386163952744e-05,228.0124,86.1849,3.7143,4,0.0204,0.9796,1,1.0,1,0.010989,1,0.020408,1589.31,563.99,1.1073,3.0176,0.3407,1.0021,0.4652,0.0,0.6703,0.2691,yes,yes,no,partial,no,PASS,,1210005950,PASS,,batch_1200/wkt/map_1132,batch_1200/wkt/map_1132/roads.wkt,batch_1200/wkt/map_1132/metadata.json,previews/SYN_radial_city_none_1132.png,OK
SYN_radial_city_none_1154,1200,synthetic,,radial_city,radial_city,538,534,287292.0,487.6,483.4,235706.82,0.8204433870151249,25,41,4311.67,0.0001427119446416,105.1627,83.8362,3.28,4,0.04,0.96,1,1.0,1,0.02439,1,0.04,825.58,276.11,1.1852,3.7349,0.2195,1.0085,0.5374,0.0,0.6341,0.3044,yes,yes,no,partial,no,PASS,,3652251007,PASS,,batch_1200/wkt/map_1154,batch_1200/wkt/map_1154/roads.wkt,batch_1200/wkt/map_1154/metadata.json,previews/SYN_radial_city_none_1154.png,OK
SYN_radial_city_none_1179,1200,synthetic,,radial_city,radial_city,697,695,484415.0,646.42,644.42,416563.91,0.8599318936764755,33,57,6898.07,0.00011766770228,121.0188,82.7468,3.4545,4,0.0303,0.9697,1,1.0,1,0.017544,1,0.030303,959.61,309.93,1.1862,3.9168,0.2456,1.0198,0.5118,0.0,0.6491,0.2892,yes,yes,no,partial,no,PASS,,3830152562,PASS,,batch_1200/wkt/map_1179,batch_1200/wkt/map_1179/roads.wkt,batch_1200/wkt/map_1179/metadata.json,previews/SYN_radial_city_none_1179.png,OK
SYN_sparse_rural_none_0027,100,synthetic,,rural_roads,sparse_rural,1364,1420,1936880.0,1313.83,1369.61,1799443.99,0.9290425788337172,20,34,24472.55,1.755400437817521e-05,699.2157,713.5016,3.4,6,0.05,0.7,1,1.0,1,0.029412,1,0.05,4783.47,1683.42,2.5514,3.9544,0.2,1.9851,0.5998,0.0,0.7059,0.2934,yes,yes,no,no,no,PASS,,3251093008,PASS,,batch_0100/wkt/map_0027,batch_0100/wkt/map_0027/roads.wkt,batch_0100/wkt/map_0027/metadata.json,previews/SYN_sparse_rural_none_0027.png,OK
SYN_sparse_rural_none_0305,400,synthetic,,rural_roads,sparse_rural,3036,3762,11421432.0,2985.32,3711.82,11080980.66,0.9701918866394644,20,28,24188.89,2.4515314717103774e-06,863.889,779.7583,2.8,6,0.05,0.45,1,1.0,2,0.071429,2,0.1,7900.77,2648.33,1.3287,4.1375,0.5,1.6891,0.7055,0.0,0.7143,0.3563,yes,yes,no,no,no,PASS,,3032121286,PASS,,batch_0400/wkt/map_0305,batch_0400/wkt/map_0305/roads.wkt,batch_0400/wkt/map_0305/metadata.json,previews/SYN_sparse_rural_none_0305.png,OK
SYN_sparse_rural_none_0376,400,synthetic,,rural_roads,sparse_rural,1400,1353,1894200.0,1349.86,1302.82,1758620.54,0.9284238929619356,20,36,13244.66,1.90053848590434e-05,367.9072,378.9338,3.6,7,0.05,0.65,1,1.0,1,0.027778,1,0.05,3250.72,1107.4,1.311,4.3848,0.2778,1.334,0.5873,0.0,0.5278,0.2771,yes,yes,no,no,no,PASS,,2202208039,PASS,,batch_0400/wkt/map_0376,batch_0400/wkt/map_0376/roads.wkt,batch_0400/wkt/map_0376/metadata.json,previews/SYN_sparse_rural_none_0376.png,OK
SYN_sparse_rural_none_0394,400,synthetic,,rural_roads,sparse_rural,2486,2471,6142906.0,2435.03,2420.24,5893370.94,0.9593783372126772,20,40,25791.13,6.511576117231812e-06,644.7783,651.9691,4.0,7,0.05,0.75,1,1.0,3,0.075,4,0.2,6066.11,1975.36,1.495,4.5842,0.425,1.5787,0.5641,0.0,0.525,0.2494,yes,yes,no,no,no,PASS,,2499806570,PASS,,batch_0400/wkt/map_0394,batch_0400/wkt/map_0394/roads.wkt,batch_0400/wkt/map_0394/metadata.json,previews/SYN_sparse_rural_none_0394.png,OK
SYN_sparse_rural_none_0445,600,synthetic,,rural_roads,sparse_rural,4840,4723,22859320.0,4789.45,4672.45,22378439.76,0.9789634932228088,20,40,52920.17,1.7498333283754725e-06,1323.0042,1256.4825,4.0,8,0.05,0.8,1,1.0,2,0.05,3,0.15,16219.19,3789.1,1.4404,4.5842,0.35,1.5307,0.5929,0.0,0.575,0.2494,yes,yes,no,no,no,PASS,,1522899148,PASS,,batch_0600/wkt/map_0445,batch_0600/wkt/map_0445/roads.wkt,batch_0600/wkt/map_0445/metadata.json,previews/SYN_sparse_rural_none_0445.png,OK
SYN_sparse_rural_none_0706,800,synthetic,,rural_roads,sparse_rural,3390,3299,11183610.0,3339.6,3248.74,10849503.1,0.9701253081994614,28,61,41876.09,5.454410516818809e-06,686.4932,656.793,4.3571,9,0.0357,0.8214,1,1.0,2,0.032787,2,0.071429,10222.23,1955.78,1.3041,4.7745,0.377,2.456,0.5742,0.0,0.6721,0.2292,yes,yes,no,no,no,PASS,,1563911341,PASS,,batch_0800/wkt/map_0706,batch_0800/wkt/map_0706/roads.wkt,batch_0800/wkt/map_0706/metadata.json,previews/SYN_sparse_rural_none_0706.png,OK
SYN_sparse_rural_none_0740,800,synthetic,,rural_roads,sparse_rural,4822,4926,23753172.0,4771.22,4875.22,23260745.57,0.9792690242768424,29,46,44961.39,1.9365834592533578e-06,977.4216,1021.0549,3.1724,6,0.1034,0.6552,1,1.0,5,0.108696,4,0.137931,14191.08,4407.08,1.6599,4.5884,0.3261,2.1411,0.6487,0.0,0.7174,0.3358,yes,yes,no,no,no,PASS,,750727680,PASS,,batch_0800/wkt/map_0740,batch_0800/wkt/map_0740/roads.wkt,batch_0800/wkt/map_0740/metadata.json,previews/SYN_sparse_rural_none_0740.png,OK
SYN_sparse_rural_none_0793,800,synthetic,,rural_roads,sparse_rural,1672,1700,2842400.0,1621.26,1649.93,2674975.64,0.9410975362982203,29,57,18920.06,2.005347593582888e-05,331.931,289.0807,3.931,8,0.0345,0.7931,1,1.0,1,0.017544,2,0.068966,4160.1,1218.64,1.5356,4.6421,0.3684,1.8857,0.6156,0.0,0.8421,0.2541,yes,yes,no,no,no,PASS,,742392505,PASS,,batch_0800/wkt/map_0793,batch_0800/wkt/map_0793/roads.wkt,batch_0800/wkt/map_0793/metadata.json,previews/SYN_sparse_rural_none_0793.png,OK
SYN_sparse_rural_none_0840,1000,synthetic,,rural_roads,sparse_rural,4598,4341,19959918.0,4547.23,4290.75,19511044.13,0.9775112368731096,29,62,65947.03,3.1062251858950523e-06,1063.6618,1177.9851,4.2759,10,0.1379,0.6552,1,1.0,7,0.112903,6,0.206897,10495.59,2793.4,1.3744,4.7367,0.3548,2.0729,0.5544,0.0,0.6613,0.257,yes,yes,no,no,no,PASS,,751544431,PASS,,batch_1000/wkt/map_0840,batch_1000/wkt/map_0840/roads.wkt,batch_1000/wkt/map_0840/metadata.json,previews/SYN_sparse_rural_none_0840.png,OK
SYN_sparse_rural_none_1052,1200,synthetic,,rural_roads,sparse_rural,5024,5100,25622400.0,4973.77,5049.98,25117437.04,0.98029212859881,37,64,55393.87,2.4978144123891598e-06,865.5292,717.886,3.4595,7,0.0541,0.7297,1,1.0,2,0.03125,2,0.054054,13595.13,3386.18,1.5211,4.6873,0.4062,1.2832,0.6849,0.0,0.75,0.2965,yes,yes,no,no,no,PASS,,35339660,PASS,,batch_1200/wkt/map_1052,batch_1200/wkt/map_1052/roads.wkt,batch_1200/wkt/map_1052/metadata.json,previews/SYN_sparse_rural_none_1052.png,OK
SYN_sparse_rural_none_1133,1200,synthetic,,rural_roads,sparse_rural,3622,3707,13426754.0,3571.22,3656.01,13056426.72,0.9724187041000176,38,73,48700.2,5.436906045943792e-06,667.126,713.5701,3.8421,8,0.0263,0.7632,1,1.0,1,0.013699,3,0.078947,9793.32,3111.2,1.3437,4.7565,0.3699,1.3206,0.6694,0.0,0.7123,0.2601,yes,yes,no,no,no,PASS,,275399934,PASS,,batch_1200/wkt/map_1133,batch_1200/wkt/map_1133/roads.wkt,batch_1200/wkt/map_1133/metadata.json,previews/SYN_sparse_rural_none_1133.png,OK
SYN_tree_trails_none_0029,100,synthetic,,sparse_trails,tree_trails,493,493,243049.0,442.94,442.94,196194.85,0.8072234208513926,27,29,2400.0,0.0001193175038778,80.0,80.0,2.1481,5,0.4074,0.4815,1,1.0,13,0.448276,9,0.333333,800.0,313.75,1.5682,3.3777,0.2,3.3018,0.5677,0.0,0.7586,0.6309,yes,yes,no,no,no,PASS,,680948386,PASS,,batch_0100/wkt/map_0029,batch_0100/wkt/map_0029/roads.wkt,batch_0100/wkt/map_0029/metadata.json,previews/SYN_tree_trails_none_0029.png,OK
SYN_tree_trails_none_0059,100,synthetic,,sparse_trails,tree_trails,493,493,243049.0,442.94,442.94,196194.85,0.8072234208513926,63,91,9600.0,0.0003744100983752,80.0,80.0,2.8889,7,0.3016,0.4762,1,1.0,19,0.208791,14,0.222222,800.0,377.5,2.4001,3.4676,0.2833,4.1057,0.5651,0.0,0.7692,0.4434,yes,yes,no,no,no,PASS,,1915250898,PASS,,batch_0100/wkt/map_0059,batch_0100/wkt/map_0059/roads.wkt,batch_0100/wkt/map_0059/metadata.json,previews/SYN_tree_trails_none_0059.png,OK
SYN_tree_trails_none_0086,100,synthetic,,sparse_trails,tree_trails,493,493,243049.0,442.94,442.94,196194.85,0.8072234208513926,27,29,2400.0,0.0001193175038778,80.0,80.0,2.1481,5,0.4074,0.4815,1,1.0,13,0.448276,9,0.333333,800.0,343.75,1.7805,3.3777,0.2,3.3018,0.5677,0.0,0.7586,0.6309,yes,yes,no,no,no,PASS,,2869026048,PASS,,batch_0100/wkt/map_0086,batch_0100/wkt/map_0086/roads.wkt,batch_0100/wkt/map_0086/metadata.json,previews/SYN_tree_trails_none_0086.png,OK
SYN_tree_trails_none_0109,200,synthetic,,sparse_trails,tree_trails,493,493,243049.0,442.94,442.94,196194.85,0.8072234208513926,63,91,9600.0,0.0003744100983752,80.0,80.0,2.8889,7,0.3016,0.4762,1,1.0,19,0.208791,14,0.222222,800.0,376.25,2.0982,3.4676,0.2833,4.1057,0.5651,0.0,0.7692,0.4434,yes,yes,no,no,no,PASS,,706751983,PASS,,batch_0200/wkt/map_0109,batch_0200/wkt/map_0109/roads.wkt,batch_0200/wkt/map_0109/metadata.json,previews/SYN_tree_trails_none_0109.png,OK
SYN_tree_trails_none_0144,200,synthetic,,sparse_trails,tree_trails,648,648,419904.0,597.49,597.49,356990.72,0.8501722354129613,47,57,4960.0,0.0001357453132144,80.0,80.0,2.4255,6,0.2979,0.5532,1,1.0,16,0.280702,12,0.255319,1280.0,450.0,1.6161,3.4467,0.2581,3.4223,0.5582,0.0,0.807,0.5237,yes,yes,no,no,no,PASS,,3893824008,PASS,,batch_0200/wkt/map_0144,batch_0200/wkt/map_0144/roads.wkt,batch_0200/wkt/map_0144/metadata.json,previews/SYN_tree_trails_none_0144.png,OK
SYN_tree_trails_none_0174,200,synthetic,,sparse_trails,tree_trails,648,648,419904.0,597.49,597.49,356990.72,0.8501722354129613,138,221,29040.0,0.0005263107757963,80.0,80.0,3.2029,9,0.2681,0.5507,1,1.0,37,0.167421,30,0.217391,1280.0,446.25,1.8466,3.4891,0.2479,4.2281,0.5583,0.0,0.81,0.3931,yes,yes,no,no,no,PASS,,3410400423,PASS,,batch_0200/wkt/map_0174,batch_0200/wkt/map_0174/roads.wkt,batch_0200/wkt/map_0174/metadata.json,previews/SYN_tree_trails_none_0174.png,OK
SYN_tree_trails_none_0202,400,synthetic,,sparse_trails,tree_trails,803,803,644809.0,752.04,752.04,565556.85,0.8770920517342019,81,107,10080.0,0.0001659406118711,80.0,80.0,2.642,8,0.2963,0.5679,1,1.0,26,0.242991,20,0.246914,1440.0,467.5,1.4796,3.4308,0.254,3.0347,0.5675,0.0,0.785,0.4846,yes,yes,no,no,no,PASS,,2591930019,PASS,,batch_0400/wkt/map_0202,batch_0400/wkt/map_0202/roads.wkt,batch_0400/wkt/map_0202/metadata.json,previews/SYN_tree_trails_none_0202.png,OK
SYN_tree_trails_none_0227,400,synthetic,,sparse_trails,tree_trails,803,803,644809.0,752.04,752.04,565556.85,0.8770920517342019,283,506,87360.0,0.0007847285009979,80.0,80.0,3.576,10,0.2367,0.6148,1,1.0,67,0.132411,58,0.204947,1440.0,521.25,1.8492,3.5328,0.2784,3.7971,0.5714,0.0,0.8004,0.3446,yes,yes,no,no,no,PASS,,45696179,PASS,,batch_0400/wkt/map_0227,batch_0400/wkt/map_0227/roads.wkt,batch_0400/wkt/map_0227/metadata.json,previews/SYN_tree_trails_none_0227.png,OK
SYN_tree_trails_none_0257,400,synthetic,,sparse_trails,tree_trails,715,715,511225.0,664.41,664.41,441438.4,0.8634914223620834,27,29,3600.0,5.672649029292386e-05,120.0,120.0,2.1481,5,0.4074,0.4815,1,1.0,13,0.448276,9,0.333333,1200.0,440.62,1.6229,3.2704,0.5333,3.3018,0.5677,0.0,0.7586,0.6309,yes,yes,no,no,no,PASS,,3859758101,PASS,,batch_0400/wkt/map_0257,batch_0400/wkt/map_0257/roads.wkt,batch_0400/wkt/map_0257/metadata.json,previews/SYN_tree_trails_none_0257.png,OK
SYN_tree_trails_none_0282,400,synthetic,,sparse_trails,tree_trails,715,715,511225.0,664.41,664.41,441438.4,0.8634914223620834,63,91,14400.0,0.0001780038143674,120.0,120.0,2.8889,7,0.3016,0.4762,1,1.0,19,0.208791,14,0.222222,1200.0,573.75,2.2329,3.4597,0.4167,4.1057,0.5651,0.0,0.7912,0.4434,yes,yes,no,no,no,PASS,,3695020543,PASS,,batch_0400/wkt/map_0282,batch_0400/wkt/map_0282/roads.wkt,batch_0400/wkt/map_0282/metadata.json,previews/SYN_tree_trails_none_0282.png,OK
SYN_tree_trails_none_0312,400,synthetic,,sparse_trails,tree_trails,715,715,511225.0,664.41,664.41,441438.4,0.8634914223620834,27,29,3600.0,5.672649029292386e-05,120.0,120.0,2.1481,5,0.4074,0.4815,1,1.0,13,0.448276,9,0.333333,1200.0,528.75,1.6189,3.2704,0.5333,3.3018,0.5677,0.0,0.7586,0.6309,yes,yes,no,no,no,PASS,,1523362340,PASS,,batch_0400/wkt/map_0312,batch_0400/wkt/map_0312/roads.wkt,batch_0400/wkt/map_0312/metadata.json,previews/SYN_tree_trails_none_0312.png,OK
SYN_tree_trails_none_0347,400,synthetic,,sparse_trails,tree_trails,715,715,511225.0,664.41,664.41,441438.4,0.8634914223620834,63,91,14400.0,0.0001780038143674,120.0,120.0,2.8889,7,0.3016,0.4762,1,1.0,19,0.208791,14,0.222222,1200.0,605.62,2.0856,3.4597,0.4167,4.1057,0.5651,0.0,0.7912,0.4434,yes,yes,no,no,no,PASS,,433557845,PASS,,batch_0400/wkt/map_0347,batch_0400/wkt/map_0347/roads.wkt,batch_0400/wkt/map_0347/metadata.json,previews/SYN_tree_trails_none_0347.png,OK
SYN_tree_trails_none_0377,400,synthetic,,sparse_trails,tree_trails,947,947,896809.0,896.23,896.23,803229.12,0.8956523891597186,47,57,7440.0,6.355868417912845e-05,120.0,120.0,2.4255,6,0.2979,0.5532,1,1.0,16,0.280702,12,0.255319,1920.0,541.87,1.5499,3.3654,0.4839,3.4223,0.5582,0.0,0.807,0.5237,yes,yes,no,no,no,PASS,,3071749719,PASS,,batch_0400/wkt/map_0377,batch_0400/wkt/map_0377/roads.wkt,batch_0400/wkt/map_0377/metadata.json,previews/SYN_tree_trails_none_0377.png,OK
SYN_tree_trails_none_0395,400,synthetic,,sparse_trails,tree_trails,947,947,896809.0,896.23,896.23,803229.12,0.8956523891597186,138,221,43560.0,0.0002464292842734,120.0,120.0,3.2029,9,0.2681,0.5507,1,1.0,37,0.167421,30,0.217391,1920.0,669.37,1.9073,3.4887,0.4022,4.2281,0.5583,0.0,0.8145,0.3931,yes,yes,no,no,no,PASS,,2052939299,PASS,,batch_0400/wkt/map_0395,batch_0400/wkt/map_0395/roads.wkt,batch_0400/wkt/map_0395/metadata.json,previews/SYN_tree_trails_none_0395.png,OK
SYN_tree_trails_none_0417,600,synthetic,,sparse_trails,tree_trails,1179,1179,1390041.0,1128.05,1128.05,1272502.91,0.9154427153687712,81,107,15120.0,7.697614674675063e-05,120.0,120.0,2.642,8,0.2963,0.5679,1,1.0,26,0.242991,20,0.246914,2160.0,686.25,1.4762,3.4184,0.4603,3.0347,0.5675,0.0,0.8037,0.4846,yes,yes,no,no,no,PASS,,3995933636,PASS,,batch_0600/wkt/map_0417,batch_0600/wkt/map_0417/roads.wkt,batch_0600/wkt/map_0417/metadata.json,previews/SYN_tree_trails_none_0417.png,OK
SYN_tree_trails_none_0447,600,synthetic,,sparse_trails,tree_trails,1179,1179,1390041.0,1128.05,1128.05,1272502.91,0.9154427153687712,283,506,131040.0,0.0003640180397556,120.0,120.0,3.576,10,0.2367,0.6148,1,1.0,67,0.132411,58,0.204947,2160.0,800.62,1.8415,3.5432,0.3993,3.7971,0.5714,0.0,0.83,0.3446,yes,yes,no,no,no,PASS,,306077258,PASS,,batch_0600/wkt/map_0447,batch_0600/wkt/map_0447/roads.wkt,batch_0600/wkt/map_0447/metadata.json,previews/SYN_tree_trails_none_0447.png,OK
SYN_tree_trails_none_0470,600,synthetic,,sparse_trails,tree_trails,1158,1158,1340964.0,1107.35,1107.35,1226217.78,0.9144300529196466,27,29,6000.0,2.1626233068150973e-05,200.0,200.0,2.1481,5,0.4074,0.4815,1,1.0,13,0.448276,9,0.333333,2000.0,850.0,1.7651,3.0942,0.1333,3.3018,0.5677,0.0,0.7931,0.6309,yes,yes,no,no,no,PASS,,2663704900,PASS,,batch_0600/wkt/map_0470,batch_0600/wkt/map_0470/roads.wkt,batch_0600/wkt/map_0470/metadata.json,previews/SYN_tree_trails_none_0470.png,OK
SYN_tree_trails_none_0502,600,synthetic,,sparse_trails,tree_trails,1158,1158,1340964.0,1107.35,1107.35,1226217.78,0.9144300529196466,63,91,24000.0,6.786162790350822e-05,200.0,200.0,2.8889,7,0.3016,0.4762,1,1.0,19,0.208791,14,0.222222,2000.0,965.62,1.9038,3.2723,0.15,4.1057,0.5651,0.0,0.7912,0.4434,yes,yes,no,no,no,PASS,,3812612360,PASS,,batch_0600/wkt/map_0502,batch_0600/wkt/map_0502/roads.wkt,batch_0600/wkt/map_0502/metadata.json,previews/SYN_tree_trails_none_0502.png,OK
SYN_tree_trails_none_0531,600,synthetic,,sparse_trails,tree_trails,1158,1158,1340964.0,1107.35,1107.35,1226217.78,0.9144300529196466,27,29,6000.0,2.1626233068150973e-05,200.0,200.0,2.1481,5,0.4074,0.4815,1,1.0,13,0.448276,9,0.333333,2000.0,853.13,1.9034,3.0942,0.1333,3.3018,0.5677,0.0,0.7931,0.6309,yes,yes,no,no,no,PASS,,4268128760,PASS,,batch_0600/wkt/map_0531,batch_0600/wkt/map_0531/roads.wkt,batch_0600/wkt/map_0531/metadata.json,previews/SYN_tree_trails_none_0531.png,OK
SYN_tree_trails_none_0548,600,synthetic,,sparse_trails,tree_trails,1158,1158,1340964.0,1107.35,1107.35,1226217.78,0.9144300529196466,63,91,24000.0,6.786162790350822e-05,200.0,200.0,2.8889,7,0.3016,0.4762,1,1.0,19,0.208791,14,0.222222,2000.0,990.63,2.1266,3.2723,0.15,4.1057,0.5651,0.0,0.7912,0.4434,yes,yes,no,no,no,PASS,,771697651,PASS,,batch_0600/wkt/map_0548,batch_0600/wkt/map_0548/roads.wkt,batch_0600/wkt/map_0548/metadata.json,previews/SYN_tree_trails_none_0548.png,OK
SYN_tree_trails_none_0575,600,synthetic,,sparse_trails,tree_trails,1544,1544,2383936.0,1493.72,1493.72,2231192.01,0.9359278137680312,47,57,12400.0,2.391003785336519e-05,200.0,200.0,2.4255,6,0.2979,0.5532,1,1.0,16,0.280702,12,0.255319,3200.0,981.25,1.5176,3.252,0.129,3.4223,0.5582,0.0,0.7719,0.5237,yes,yes,no,no,no,PASS,,2109308249,PASS,,batch_0600/wkt/map_0575,batch_0600/wkt/map_0575/roads.wkt,batch_0600/wkt/map_0575/metadata.json,previews/SYN_tree_trails_none_0575.png,OK
SYN_tree_trails_none_0604,800,synthetic,,sparse_trails,tree_trails,1544,1544,2383936.0,1493.72,1493.72,2231192.01,0.9359278137680312,138,221,72600.0,9.27038309753282e-05,200.0,200.0,3.2029,9,0.2681,0.5507,1,1.0,37,0.167421,30,0.217391,3200.0,1059.37,1.9987,3.2228,0.0826,4.2281,0.5583,0.0,0.8145,0.3931,yes,yes,no,no,no,PASS,,2249118576,PASS,,batch_0800/wkt/map_0604,batch_0800/wkt/map_0604/roads.wkt,batch_0800/wkt/map_0604/metadata.json,previews/SYN_tree_trails_none_0604.png,OK
SYN_tree_trails_none_0629,800,synthetic,,sparse_trails,tree_trails,1931,1931,3728761.0,1880.09,1880.09,3534730.3,0.947963760926637,81,107,25200.0,2.8695859026631097e-05,200.0,200.0,2.642,8,0.2963,0.5679,1,1.0,26,0.242991,20,0.246914,3600.0,1037.5,1.5827,3.3681,0.1905,3.0347,0.5675,0.0,0.8224,0.4846,yes,yes,no,no,no,PASS,,453979229,PASS,,batch_0800/wkt/map_0629,batch_0800/wkt/map_0629/roads.wkt,batch_0800/wkt/map_0629/metadata.json,previews/SYN_tree_trails_none_0629.png,OK
SYN_tree_trails_none_0656,800,synthetic,,sparse_trails,tree_trails,1931,1931,3728761.0,1880.09,1880.09,3534730.3,0.947963760926637,283,506,218400.0,0.0001357019127801,200.0,200.0,3.576,10,0.2367,0.6148,1,1.0,67,0.132411,58,0.204947,3600.0,1368.75,1.7083,3.5081,0.2509,3.7971,0.5714,0.0,0.8557,0.3446,yes,yes,no,no,no,PASS,,4003137315,PASS,,batch_0800/wkt/map_0656,batch_0800/wkt/map_0656/roads.wkt,batch_0800/wkt/map_0656/metadata.json,previews/SYN_tree_trails_none_0656.png,OK
SYN_tree_trails_none_0683,800,synthetic,,sparse_trails,tree_trails,1712,1712,2930944.0,1661.02,1661.02,2758990.01,0.941331534024382,27,29,9000.0,9.894423093719977e-06,300.0,300.0,2.1481,5,0.4074,0.4815,1,1.0,13,0.448276,9,0.333333,3000.0,1373.44,1.8129,3.2323,0.1333,3.3018,0.5677,0.0,0.7931,0.6309,yes,yes,no,no,no,PASS,,3197555914,PASS,,batch_0800/wkt/map_0683,batch_0800/wkt/map_0683/roads.wkt,batch_0800/wkt/map_0683/metadata.json,previews/SYN_tree_trails_none_0683.png,OK
SYN_tree_trails_none_0716,800,synthetic,,sparse_trails,tree_trails,1712,1712,2930944.0,1661.02,1661.02,2758990.01,0.941331534024382,63,91,36000.0,3.104801729408682e-05,300.0,300.0,2.8889,7,0.3016,0.4762,1,1.0,19,0.208791,14,0.222222,3000.0,1481.25,2.3852,3.4593,0.2667,4.1057,0.5651,0.0,0.7802,0.4434,yes,yes,no,no,no,PASS,,2332822032,PASS,,batch_0800/wkt/map_0716,batch_0800/wkt/map_0716/roads.wkt,batch_0800/wkt/map_0716/metadata.json,previews/SYN_tree_trails_none_0716.png,OK
SYN_tree_trails_none_0743,800,synthetic,,sparse_trails,tree_trails,1712,1712,2930944.0,1661.02,1661.02,2758990.01,0.941331534024382,27,29,9000.0,9.894423093719977e-06,300.0,300.0,2.1481,5,0.4074,0.4815,1,1.0,13,0.448276,9,0.333333,3000.0,1289.06,1.6905,3.2323,0.1333,3.3018,0.5677,0.0,0.7931,0.6309,yes,yes,no,no,no,PASS,,1803345156,PASS,,batch_0800/wkt/map_0743,batch_0800/wkt/map_0743/roads.wkt,batch_0800/wkt/map_0743/metadata.json,previews/SYN_tree_trails_none_0743.png,OK
SYN_tree_trails_none_0766,800,synthetic,,sparse_trails,tree_trails,1712,1712,2930944.0,1661.02,1661.02,2758990.01,0.941331534024382,63,91,36000.0,3.104801729408682e-05,300.0,300.0,2.8889,7,0.3016,0.4762,1,1.0,19,0.208791,14,0.222222,3000.0,1275.0,1.9804,3.4593,0.2667,4.1057,0.5651,0.0,0.7802,0.4434,yes,yes,no,no,no,PASS,,2091821862,PASS,,batch_0800/wkt/map_0766,batch_0800/wkt/map_0766/roads.wkt,batch_0800/wkt/map_0766/metadata.json,previews/SYN_tree_trails_none_0766.png,OK
SYN_tree_trails_none_0794,800,synthetic,,sparse_trails,tree_trails,2291,2291,5248681.0,2240.58,2240.58,5020182.02,0.9564654466914566,47,57,18600.0,1.0859871270515393e-05,300.0,300.0,2.4255,6,0.2979,0.5532,1,1.0,16,0.280702,12,0.255319,4800.0,1448.44,1.5345,3.314,0.1613,3.4223,0.5582,0.0,0.807,0.5237,yes,yes,no,no,no,PASS,,2492231941,PASS,,batch_0800/wkt/map_0794,batch_0800/wkt/map_0794/roads.wkt,batch_0800/wkt/map_0794/metadata.json,previews/SYN_tree_trails_none_0794.png,OK
SYN_tree_trails_none_0817,1000,synthetic,,sparse_trails,tree_trails,2291,2291,5248681.0,2240.58,2240.58,5020182.02,0.9564654466914566,138,221,108900.0,4.210581668041933e-05,300.0,300.0,3.2029,9,0.2681,0.5507,1,1.0,37,0.167421,30,0.217391,4800.0,1762.5,2.0883,3.5262,0.2975,4.2281,0.5583,0.0,0.8009,0.3931,yes,yes,no,no,no,PASS,,2871278769,PASS,,batch_1000/wkt/map_0817,batch_1000/wkt/map_0817/roads.wkt,batch_1000/wkt/map_0817/metadata.json,previews/SYN_tree_trails_none_0817.png,OK
SYN_tree_trails_none_0841,1000,synthetic,,sparse_trails,tree_trails,2871,2871,8242641.0,2820.13,2820.13,7953143.17,0.9648780253758492,81,107,37800.0,1.298127626812814e-05,300.0,300.0,2.642,8,0.2963,0.5679,1,1.0,26,0.242991,20,0.246914,5400.0,1734.37,1.4686,3.3416,0.1587,3.0347,0.5675,0.0,0.7944,0.4846,yes,yes,no,no,no,PASS,,2614729078,PASS,,batch_1000/wkt/map_0841,batch_1000/wkt/map_0841/roads.wkt,batch_1000/wkt/map_0841/metadata.json,previews/SYN_tree_trails_none_0841.png,OK
SYN_tree_trails_none_0863,1000,synthetic,,sparse_trails,tree_trails,2871,2871,8242641.0,2820.13,2820.13,7953143.17,0.9648780253758492,283,506,327600.0,6.138809151096111e-05,300.0,300.0,3.576,10,0.2367,0.6148,1,1.0,67,0.132411,58,0.204947,5400.0,1743.75,1.918,3.5424,0.2875,3.7971,0.5714,0.0,0.8221,0.3446,yes,yes,no,no,no,PASS,,2234648083,PASS,,batch_1000/wkt/map_0863,batch_1000/wkt/map_0863/roads.wkt,batch_1000/wkt/map_0863/metadata.json,previews/SYN_tree_trails_none_0863.png,OK
SYN_tree_trails_none_0894,1000,synthetic,,sparse_trails,tree_trails,460,491,225860.0,409.87,440.89,180705.62,0.8000779994402836,31,30,2382.6,0.0001328256442043,79.42,78.1181,1.9355,3,0.5161,0.4516,1,1.0,30,1.0,15,0.483871,832.61,404.67,1.8902,3.9396,0.2333,2.9915,0.5447,0.0,0.8667,0.7581,yes,yes,no,no,no,PASS,,2637342532,PASS,,batch_1000/wkt/map_0894,batch_1000/wkt/map_0894/roads.wkt,batch_1000/wkt/map_0894/metadata.json,previews/SYN_tree_trails_none_0894.png,OK
SYN_tree_trails_none_0925,1000,synthetic,,sparse_trails,tree_trails,513,499,255987.0,462.57,448.45,207440.73,0.8103565211713252,121,120,9527.61,0.0004687738049197,79.3967,78.9429,1.9835,4,0.6694,0.3306,1,1.0,120,1.0,40,0.330579,845.17,491.76,5.2532,4.2379,0.35,3.6744,0.509,0.0,0.9333,0.8347,yes,yes,no,no,no,PASS,,687981024,PASS,,batch_1000/wkt/map_0925,batch_1000/wkt/map_0925/roads.wkt,batch_1000/wkt/map_0925/metadata.json,previews/SYN_tree_trails_none_0925.png,OK
SYN_tree_trails_none_0949,1000,synthetic,,sparse_trails,tree_trails,494,477,235638.0,443.14,426.48,188992.2,0.8020446822791368,31,30,2431.38,0.0001273139306902,81.0459,81.5823,1.9355,3,0.5161,0.4516,1,1.0,30,1.0,15,0.483871,793.41,425.71,2.5799,3.8314,0.2667,2.5975,0.5606,0.0,0.8667,0.7581,yes,yes,no,no,no,PASS,,2732902173,PASS,,batch_1000/wkt/map_0949,batch_1000/wkt/map_0949/roads.wkt,batch_1000/wkt/map_0949/metadata.json,previews/SYN_tree_trails_none_0949.png,OK
SYN_tree_trails_none_0977,1000,synthetic,,sparse_trails,tree_trails,508,510,259080.0,457.77,459.34,210274.71,0.811620789719477,121,120,9685.31,0.000463177396943,80.7109,80.8573,1.9835,4,0.6694,0.3306,1,1.0,120,1.0,40,0.330579,849.08,507.36,4.2668,4.1429,0.3167,4.0304,0.5242,0.0,0.925,0.8347,yes,yes,no,no,no,PASS,,240268533,PASS,,batch_1000/wkt/map_0977,batch_1000/wkt/map_0977/roads.wkt,batch_1000/wkt/map_0977/metadata.json,previews/SYN_tree_trails_none_0977.png,OK
SYN_tree_trails_none_1005,1200,synthetic,,sparse_trails,tree_trails,657,687,451359.0,606.43,636.62,386062.72,0.8553340455177103,63,62,5068.79,0.0001373629416938,81.7547,83.2367,1.9683,3,0.5079,0.4762,1,1.0,62,1.0,31,0.492063,1024.41,511.86,2.9566,3.9168,0.4032,3.4306,0.5302,0.0,0.871,0.754,yes,yes,no,no,no,PASS,,2903936591,PASS,,batch_1200/wkt/map_1005,batch_1200/wkt/map_1005/roads.wkt,batch_1200/wkt/map_1005/metadata.json,previews/SYN_tree_trails_none_1005.png,OK
SYN_tree_trails_none_1032,1200,synthetic,,sparse_trails,tree_trails,675,656,442800.0,624.49,605.59,378182.0,0.8540695570995427,364,363,29318.86,0.0008197831978319,80.7682,80.7274,1.9945,4,0.6676,0.3324,1,1.0,363,1.0,121,0.332418,1013.27,664.66,3.4023,4.349,0.3444,4.1649,0.5012,0.0,0.9366,0.8338,yes,yes,no,no,no,PASS,,3985886510,PASS,,batch_1200/wkt/map_1032,batch_1200/wkt/map_1032/roads.wkt,batch_1200/wkt/map_1032/metadata.json,previews/SYN_tree_trails_none_1032.png,OK
SYN_tree_trails_none_1053,1200,synthetic,,sparse_trails,tree_trails,808,821,663368.0,757.1,770.66,583471.77,0.8795597229648906,127,126,10172.19,0.0001899398222404,80.7317,80.2698,1.9843,3,0.5039,0.4882,1,1.0,126,1.0,63,0.496063,1170.19,693.89,2.3856,4.2526,0.3254,3.1531,0.544,0.0,0.9127,0.752,yes,yes,no,no,no,PASS,,4073017762,PASS,,batch_1200/wkt/map_1053,batch_1200/wkt/map_1053/roads.wkt,batch_1200/wkt/map_1053/metadata.json,previews/SYN_tree_trails_none_1053.png,OK
SYN_tree_trails_none_1088,1200,synthetic,,sparse_trails,tree_trails,830,839,696370.0,779.46,788.87,614897.62,0.8830041800764227,1093,1092,87840.96,0.0015681318839122,80.4404,80.6144,1.9982,4,0.667,0.333,1,1.0,1092,1.0,364,0.333028,1211.26,898.98,4.291,4.4185,0.3233,3.8982,0.5037,0.0,0.967,0.8335,yes,yes,no,no,no,PASS,,735346722,PASS,,batch_1200/wkt/map_1088,batch_1200/wkt/map_1088/roads.wkt,batch_1200/wkt/map_1088/metadata.json,previews/SYN_tree_trails_none_1088.png,OK
SYN_tree_trails_none_1114,1200,synthetic,,sparse_trails,tree_trails,735,725,532875.0,684.03,674.13,461125.77,0.8653544757863114,31,30,3618.41,5.629838142153413e-05,120.6137,121.1936,1.9355,3,0.5161,0.4516,1,1.0,30,1.0,15,0.483871,1249.31,614.43,3.5886,3.4062,0.4,3.1752,0.5633,0.0,0.8667,0.7581,yes,yes,no,no,no,PASS,,2804421797,PASS,,batch_1200/wkt/map_1114,batch_1200/wkt/map_1114/roads.wkt,batch_1200/wkt/map_1114/metadata.json,previews/SYN_tree_trails_none_1114.png,OK
SYN_tree_trails_none_1134,1200,synthetic,,sparse_trails,tree_trails,751,736,552736.0,700.54,685.62,480305.08,0.8689592946359533,121,120,14470.83,0.0002171018352341,120.5903,120.9952,1.9835,4,0.6694,0.3306,1,1.0,120,1.0,40,0.330579,1265.73,707.43,3.5158,3.6129,0.3583,3.9938,0.5173,0.0,0.9333,0.8347,yes,yes,no,no,no,PASS,,4103399923,PASS,,batch_1200/wkt/map_1134,batch_1200/wkt/map_1134/roads.wkt,batch_1200/wkt/map_1134/metadata.json,previews/SYN_tree_trails_none_1134.png,OK
SYN_tree_trails_none_1164,1200,synthetic,,sparse_trails,tree_trails,686,720,493920.0,635.28,669.27,425174.2,0.8608159121524666,31,30,3553.5,6.073858114674441e-05,118.45,117.5905,1.9355,3,0.5161,0.4516,1,1.0,30,1.0,15,0.483871,1222.39,552.14,3.3007,3.5144,0.4333,2.9036,0.5561,0.0,0.8667,0.7581,yes,yes,no,no,no,PASS,,1492856638,PASS,,batch_1200/wkt/map_1164,batch_1200/wkt/map_1164/roads.wkt,batch_1200/wkt/map_1164/metadata.json,previews/SYN_tree_trails_none_1164.png,OK
SYN_tree_trails_none_1182,1200,synthetic,,sparse_trails,tree_trails,721,729,525609.0,670.87,678.16,454957.93,0.8655824507232998,121,120,14412.26,0.0002283065929236,120.1022,119.8686,1.9835,4,0.6694,0.3306,1,1.0,120,1.0,40,0.330579,1236.61,798.47,4.671,3.6759,0.2917,3.861,0.5023,0.0,0.9333,0.8347,yes,yes,no,no,no,PASS,,2103544479,PASS,,batch_1200/wkt/map_1182,batch_1200/wkt/map_1182/roads.wkt,batch_1200/wkt/map_1182/metadata.json,previews/SYN_tree_trails_none_1182.png,OK
