map_id,batch_target,source_type,anchor_id,archetype,generator_type,world_size_x,world_size_y,world_area,bbox_width,bbox_height,useful_area,useful_area_ratio,n_nodes,n_edges,total_road_length_m,road_density,avg_edge_length_m,median_edge_length_m,avg_degree,max_degree,dead_end_ratio,intersection_ratio,n_components,largest_component_ratio,bridge_edges_count,bridge_edges_ratio,articulation_points_count,articulation_points_ratio,graph_diameter_approx,avg_shortest_path_approx,circuity_approx,orientation_entropy,gridness_score,corridor_score,radial_score,partition_score,community_score,tree_like_score,supports_map_based,supports_route_movement_candidate,supports_cluster_overlay,supports_wdm_candidate,supports_bus_route_candidate,validation_status,feature_omissions,sampling_seed
OSM_cambridge_haggle_offset_n_1000m_1000m_0080,100,osm,cambridge_haggle,dense_urban_irregular,,1064,1046,1112944.0,1013.69,995.25,1008880.36,0.906496968182782,1778,1992,60202.74,0.0017898474676174183,15.8428,9.3094,2.2407,6,0.0906,0.2666,1,1.0,474,0.237952,429,0.241282,2343.26,682.34,1.4835,5.0355,0.3092,1.7947,0.6358,0.0,0.9121,0.4864,yes,yes,partial,yes,no,PASS,,2580892417
OSM_cambridge_haggle_offset_n_1000m_1000m_0534,600,osm,cambridge_haggle,dense_urban_irregular,,1064,1046,1112944.0,1013.69,995.25,1008880.36,0.906496968182782,1778,1992,60202.74,0.0017898474676174183,15.8428,9.3094,2.2407,6,0.0906,0.2666,1,1.0,474,0.237952,429,0.241282,2343.26,614.92,1.458,5.0355,0.3092,1.7947,0.6358,0.0,0.9121,0.4864,yes,yes,partial,yes,no,PASS,,224287131
OSM_cambridge_haggle_offset_n_1000m_1000m_1006,1200,osm,cambridge_haggle,dense_urban_irregular,,1064,1046,1112944.0,1013.69,995.25,1008880.36,0.906496968182782,1778,1992,60202.74,0.0017898474676174183,15.8428,9.3094,2.2407,6,0.0906,0.2666,1,1.0,474,0.237952,429,0.241282,2343.26,748.81,1.5646,5.0355,0.3092,1.7947,0.6358,0.0,0.9121,0.4864,yes,yes,partial,yes,no,PASS,,896699398
OSM_cambridge_haggle_offset_n_1000m_1500m_0422,600,osm,cambridge_haggle,dense_urban_irregular,,1060,1028,1089680.0,1009.82,977.56,987156.51,0.905914133608704,1223,1400,47692.55,0.0012847808530944865,17.9836,9.7354,2.2895,5,0.0695,0.2845,1,1.0,203,0.145,190,0.155356,3302.17,752.27,1.6833,4.7843,0.4272,2.1728,0.6302,0.0,0.9007,0.4668,yes,yes,partial,yes,no,PASS,,3201270264
OSM_cambridge_haggle_offset_n_1000m_1500m_0891,1000,osm,cambridge_haggle,dense_urban_irregular,,1060,1028,1089680.0,1009.82,977.56,987156.51,0.905914133608704,1223,1400,47692.55,0.0012847808530944865,17.9836,9.7354,2.2895,5,0.0695,0.2845,1,1.0,203,0.145,190,0.155356,3302.17,709.94,1.5032,4.7843,0.4272,2.1728,0.6302,0.0,0.9007,0.4668,yes,yes,partial,yes,no,PASS,,1029343264
OSM_cambridge_haggle_offset_n_1000m_200m_0307,400,osm,cambridge_haggle,dense_urban_irregular,,1069,1037,1108553.0,1018.77,986.04,1004546.1,0.9061777845325379,2406,2621,59278.52,0.002364343427873994,11.8628,7.0224,2.1787,6,0.1255,0.2672,1,1.0,828,0.31591,754,0.313383,3719.99,723.05,1.6777,5.1017,0.4321,1.4914,0.6139,0.0,0.9336,0.5164,yes,yes,partial,yes,no,PASS,,3821839887
OSM_cambridge_haggle_offset_n_1000m_200m_0772,800,osm,cambridge_haggle,dense_urban_irregular,,1069,1037,1108553.0,1018.77,986.04,1004546.1,0.9061777845325379,2406,2621,59278.52,0.002364343427873994,11.8628,7.0224,2.1787,6,0.1255,0.2672,1,1.0,828,0.31591,754,0.313383,3719.99,743.82,1.7223,5.1017,0.4321,1.4914,0.6139,0.0,0.9336,0.5164,yes,yes,partial,yes,no,PASS,,3080429029
OSM_cambridge_haggle_offset_n_1000m_500m_0191,200,osm,cambridge_haggle,dense_urban_irregular,,1064,1060,1127840.0,1013.94,1009.35,1023419.7,0.9074156780483532,2210,2422,62323.3,0.00214746772591857,13.3626,8.0331,2.1919,6,0.1131,0.2629,1,1.0,666,0.274979,601,0.271946,2933.36,773.37,1.8337,5.0725,0.4001,1.5557,0.6241,0.0,0.9298,0.5076,yes,yes,partial,yes,no,PASS,,3390416267
OSM_cambridge_haggle_offset_n_1000m_500m_0657,800,osm,cambridge_haggle,dense_urban_irregular,,1064,1060,1127840.0,1013.94,1009.35,1023419.7,0.9074156780483532,2210,2422,62323.3,0.00214746772591857,13.3626,8.0331,2.1919,6,0.1131,0.2629,1,1.0,666,0.274979,601,0.271946,2933.36,697.28,1.4895,5.0725,0.4001,1.5557,0.6241,0.0,0.9298,0.5076,yes,yes,partial,yes,no,PASS,,757891634
OSM_cambridge_haggle_offset_n_1000m_500m_1125,1200,osm,cambridge_haggle,dense_urban_irregular,,1064,1060,1127840.0,1013.94,1009.35,1023419.7,0.9074156780483532,2210,2422,62323.3,0.00214746772591857,13.3626,8.0331,2.1919,6,0.1131,0.2629,1,1.0,666,0.274979,601,0.271946,2933.36,720.77,1.6592,5.0725,0.4001,1.5557,0.6241,0.0,0.9298,0.5076,yes,yes,partial,yes,no,PASS,,3519082459
OSM_cambridge_haggle_offset_n_1500m_1000m_0382,400,osm,cambridge_haggle,dense_urban_irregular,,1578,1592,2512176.0,1527.46,1541.84,2355100.25,0.9374742261019062,3942,4448,136026.99,0.0017705765838062302,16.0655,9.1871,2.2567,6,0.0916,0.2854,1,1.0,923,0.207509,847,0.214866,3202.8,1014.3,1.3627,5.0796,0.3899,1.4507,0.6078,0.0,0.9299,0.4836,yes,yes,partial,yes,no,PASS,,3920874576
OSM_cambridge_haggle_offset_n_1500m_1000m_0869,1000,osm,cambridge_haggle,dense_urban_irregular,,1578,1592,2512176.0,1527.46,1541.84,2355100.25,0.9374742261019062,3942,4448,136026.99,0.0017705765838062302,16.0655,9.1871,2.2567,6,0.0916,0.2854,1,1.0,923,0.207509,847,0.214866,3202.8,993.05,1.4522,5.0796,0.3899,1.4507,0.6078,0.0,0.9299,0.4836,yes,yes,partial,yes,no,PASS,,1118365499
OSM_cambridge_haggle_offset_n_1500m_1500m_0278,400,osm,cambridge_haggle,dense_urban_irregular,,1571,1577,2477467.0,1520.92,1526.5,2321686.83,0.9371211924970807,4023,4594,141578.54,0.0018543132966049598,16.1031,8.7538,2.2839,5,0.1059,0.3097,1,1.0,942,0.20505,819,0.203579,3635.92,1187.58,1.3957,5.0351,0.4186,1.6062,0.6331,0.0,0.9277,0.4841,yes,yes,partial,yes,no,PASS,,1487378876
OSM_cambridge_haggle_offset_n_1500m_1500m_0739,800,osm,cambridge_haggle,dense_urban_irregular,,1571,1577,2477467.0,1520.92,1526.5,2321686.83,0.9371211924970807,4023,4594,141578.54,0.0018543132966049598,16.1031,8.7538,2.2839,5,0.1059,0.3097,1,1.0,942,0.20505,819,0.203579,3635.92,1085.3,1.4084,5.0351,0.4186,1.6062,0.6331,0.0,0.9277,0.4841,yes,yes,partial,yes,no,PASS,,131920535
OSM_cambridge_haggle_offset_n_1500m_200m_0160,200,osm,cambridge_haggle,dense_urban_irregular,,1592,1560,2483520.0,1541.26,1509.48,2326503.7,0.9367767103851123,4966,5483,145183.16,0.002207753511145471,13.7706,7.65,2.2082,6,0.1178,0.2793,1,1.0,1526,0.278315,1376,0.277084,4011.68,1009.98,1.3904,5.1304,0.3479,1.4967,0.5869,0.0,0.944,0.5061,yes,yes,partial,yes,no,PASS,,3176792615
OSM_cambridge_haggle_offset_n_1500m_200m_0628,800,osm,cambridge_haggle,dense_urban_irregular,,1592,1560,2483520.0,1541.26,1509.48,2326503.7,0.9367767103851123,4966,5483,145183.16,0.002207753511145471,13.7706,7.65,2.2082,6,0.1178,0.2793,1,1.0,1526,0.278315,1376,0.277084,4011.68,1023.3,1.41,5.1304,0.3479,1.4967,0.5869,0.0,0.944,0.5061,yes,yes,partial,yes,no,PASS,,1523643778
OSM_cambridge_haggle_offset_n_1500m_200m_1094,1200,osm,cambridge_haggle,dense_urban_irregular,,1592,1560,2483520.0,1541.26,1509.48,2326503.7,0.9367767103851123,4966,5483,145183.16,0.002207753511145471,13.7706,7.65,2.2082,6,0.1178,0.2793,1,1.0,1526,0.278315,1376,0.277084,4011.68,1071.2,1.388,5.1304,0.3479,1.4967,0.5869,0.0,0.944,0.5061,yes,yes,partial,yes,no,PASS,,1111556256
OSM_cambridge_haggle_offset_n_1500m_500m_0053,100,osm,cambridge_haggle,dense_urban_irregular,,1578,1638,2584764.0,1527.39,1587.69,2425024.0,0.9381993886719092,4711,5271,146824.16,0.0020392577426797957,14.6604,8.2755,2.2377,6,0.1017,0.2821,1,1.0,1281,0.243028,1171,0.248567,3398.55,1068.22,1.3744,5.1404,0.3924,1.3809,0.6171,0.0,0.9382,0.4922,yes,yes,partial,yes,no,PASS,,442369337
OSM_cambridge_haggle_offset_n_1500m_500m_0504,600,osm,cambridge_haggle,dense_urban_irregular,,1578,1638,2584764.0,1527.39,1587.69,2425024.0,0.9381993886719092,4711,5271,146824.16,0.0020392577426797957,14.6604,8.2755,2.2377,6,0.1017,0.2821,1,1.0,1281,0.243028,1171,0.248567,3398.55,1100.44,1.4032,5.1404,0.3924,1.3809,0.6171,0.0,0.9382,0.4922,yes,yes,partial,yes,no,PASS,,3011238674
OSM_cambridge_haggle_offset_n_1500m_500m_0980,1000,osm,cambridge_haggle,dense_urban_irregular,,1578,1638,2584764.0,1527.39,1587.69,2425024.0,0.9381993886719092,4711,5271,146824.16,0.0020392577426797957,14.6604,8.2755,2.2377,6,0.1017,0.2821,1,1.0,1281,0.243028,1171,0.248567,3398.55,948.74,1.4236,5.1404,0.3924,1.3809,0.6171,0.0,0.9382,0.4922,yes,yes,partial,yes,no,PASS,,1174772648
OSM_cambridge_haggle_offset_n_2500m_1000m_0246,400,osm,cambridge_haggle,dense_urban_irregular,,2623,2587,6785701.0,2572.01,2536.77,6524596.65,0.9615213884407572,11716,13143,384481.96,0.0019368669500763444,15.3034,8.5787,2.2436,7,0.1077,0.2896,1,1.0,3125,0.237769,2802,0.23916,7378.11,1661.65,1.3863,5.1223,0.3973,1.3054,0.6275,0.0,0.9526,0.4937,yes,yes,partial,yes,no,PASS,,755823708
OSM_cambridge_haggle_offset_n_2500m_1000m_0712,800,osm,cambridge_haggle,dense_urban_irregular,,2623,2587,6785701.0,2572.01,2536.77,6524596.65,0.9615213884407572,11716,13143,384481.96,0.0019368669500763444,15.3034,8.5787,2.2436,7,0.1077,0.2896,1,1.0,3125,0.237769,2802,0.23916,7378.11,1748.26,1.301,5.1223,0.3973,1.3054,0.6275,0.0,0.9526,0.4937,yes,yes,partial,yes,no,PASS,,3366616711
OSM_cambridge_haggle_offset_n_2500m_1000m_1192,1200,osm,cambridge_haggle,dense_urban_irregular,,2623,2587,6785701.0,2572.01,2536.77,6524596.65,0.9615213884407572,11716,13143,384481.96,0.0019368669500763444,15.3034,8.5787,2.2436,7,0.1077,0.2896,1,1.0,3125,0.237769,2802,0.23916,7378.11,1717.19,1.3767,5.1223,0.3973,1.3054,0.6275,0.0,0.9526,0.4937,yes,yes,partial,yes,no,PASS,,3909165947
OSM_cambridge_haggle_offset_n_2500m_1500m_0136,200,osm,cambridge_haggle,dense_urban_irregular,,2607,2605,6791235.0,2556.65,2554.01,6529729.3,0.9614936457867413,11683,13223,405643.14,0.0019470685376076664,15.8368,9.0602,2.2636,6,0.1026,0.3018,1,1.0,2720,0.205702,2434,0.208337,5871.62,1623.28,1.4261,5.0875,0.3511,1.2678,0.6567,0.0,0.9534,0.4871,yes,yes,partial,yes,no,PASS,,3024326242
OSM_cambridge_haggle_offset_n_2500m_1500m_0595,600,osm,cambridge_haggle,dense_urban_irregular,,2607,2605,6791235.0,2556.65,2554.01,6529729.3,0.9614936457867413,11683,13223,405643.14,0.0019470685376076664,15.8368,9.0602,2.2636,6,0.1026,0.3018,1,1.0,2720,0.205702,2434,0.208337,5871.62,1613.38,1.3322,5.0875,0.3511,1.2678,0.6567,0.0,0.9534,0.4871,yes,yes,partial,yes,no,PASS,,3735228947
OSM_cambridge_haggle_offset_n_2500m_1500m_1069,1200,osm,cambridge_haggle,dense_urban_irregular,,2607,2605,6791235.0,2556.65,2554.01,6529729.3,0.9614936457867413,11683,13223,405643.14,0.0019470685376076664,15.8368,9.0602,2.2636,6,0.1026,0.3018,1,1.0,2720,0.205702,2434,0.208337,5871.62,1590.86,1.4121,5.0875,0.3511,1.2678,0.6567,0.0,0.9534,0.4871,yes,yes,partial,yes,no,PASS,,2165062558
OSM_cambridge_haggle_offset_n_2500m_200m_0026,100,osm,cambridge_haggle,dense_urban_irregular,,2599,2586,6721014.0,2548.53,2535.15,6460906.64,0.9612993868331493,11829,13203,380884.86,0.001964435723538145,15.1289,8.5997,2.2323,7,0.1074,0.285,1,1.0,3214,0.24343,2921,0.246935,5925.66,1649.89,1.2879,5.1426,0.4073,1.2573,0.5895,0.0,0.9547,0.496,yes,yes,partial,yes,no,PASS,,1267040872
OSM_cambridge_haggle_offset_n_2500m_200m_0482,600,osm,cambridge_haggle,dense_urban_irregular,,2599,2586,6721014.0,2548.53,2535.15,6460906.64,0.9612993868331493,11829,13203,380884.86,0.001964435723538145,15.1289,8.5997,2.2323,7,0.1074,0.285,1,1.0,3214,0.24343,2921,0.246935,5925.66,1523.57,1.2633,5.1426,0.4073,1.2573,0.5895,0.0,0.9547,0.496,yes,yes,partial,yes,no,PASS,,2139044549
OSM_cambridge_haggle_offset_n_2500m_200m_0950,1000,osm,cambridge_haggle,dense_urban_irregular,,2599,2586,6721014.0,2548.53,2535.15,6460906.64,0.9612993868331493,11829,13203,380884.86,0.001964435723538145,15.1289,8.5997,2.2323,7,0.1074,0.285,1,1.0,3214,0.24343,2921,0.246935,5925.66,1522.5,1.5228,5.1426,0.4073,1.2573,0.5895,0.0,0.9547,0.496,yes,yes,partial,yes,no,PASS,,2549923773
OSM_cambridge_haggle_offset_n_2500m_500m_0355,400,osm,cambridge_haggle,dense_urban_irregular,,2632,2608,6864256.0,2581.81,2557.37,6602637.62,0.9618868563377971,11977,13343,380063.35,0.0019438377589647007,14.9372,8.454,2.2281,7,0.1078,0.2815,1,1.0,3382,0.253466,3063,0.25574,6151.25,1505.59,1.2915,5.1494,0.3881,1.1555,0.6055,0.0,0.9551,0.4971,yes,yes,partial,yes,no,PASS,,948674068
OSM_cambridge_haggle_offset_n_2500m_500m_0830,1000,osm,cambridge_haggle,dense_urban_irregular,,2632,2608,6864256.0,2581.81,2557.37,6602637.62,0.9618868563377971,11977,13343,380063.35,0.0019438377589647007,14.9372,8.454,2.2281,7,0.1078,0.2815,1,1.0,3382,0.253466,3063,0.25574,6151.25,1667.41,1.3538,5.1494,0.3881,1.1555,0.6055,0.0,0.9551,0.4971,yes,yes,partial,yes,no,PASS,,1620603466
OSM_cambridge_haggle_offset_n_500m_1000m_0221,400,osm,cambridge_haggle,dense_urban_irregular,,542,622,337124.0,491.45,571.53,280875.71,0.8331525147332732,426,484,14802.69,0.0014356735207223454,16.0376,9.8444,2.2723,4,0.0915,0.284,1,1.0,116,0.239669,107,0.251174,1114.8,341.51,1.9315,4.7014,0.3662,1.1448,0.6098,0.0,0.8678,0.4792,yes,yes,partial,yes,no,PASS,,3290513776
OSM_cambridge_haggle_offset_n_500m_1000m_0685,800,osm,cambridge_haggle,dense_urban_irregular,,542,622,337124.0,491.45,571.53,280875.71,0.8331525147332732,426,484,14802.69,0.0014356735207223454,16.0376,9.8444,2.2723,4,0.0915,0.284,1,1.0,116,0.239669,107,0.251174,1114.8,314.95,1.5645,4.7014,0.3662,1.1448,0.6098,0.0,0.8678,0.4792,yes,yes,partial,yes,no,PASS,,912055984
OSM_cambridge_haggle_offset_n_500m_1000m_1158,1200,osm,cambridge_haggle,dense_urban_irregular,,542,622,337124.0,491.45,571.53,280875.71,0.8331525147332732,426,484,14802.69,0.0014356735207223454,16.0376,9.8444,2.2723,4,0.0915,0.284,1,1.0,116,0.239669,107,0.251174,1114.8,367.51,1.5417,4.7014,0.3662,1.1448,0.6098,0.0,0.8678,0.4792,yes,yes,partial,yes,no,PASS,,1040776902
OSM_cambridge_haggle_offset_n_500m_1500m_0112,200,osm,cambridge_haggle,dense_urban_irregular,,368,521,191728.0,317.36,470.52,149323.51,0.7788299502065724,164,181,5411.97,0.0009440457314528915,15.245,6.1585,2.2073,4,0.061,0.2073,1,1.0,26,0.143646,25,0.152439,826.89,196.54,1.4268,4.7044,0.4197,1.5808,0.4117,0.0,0.7845,0.4777,yes,yes,partial,yes,no,PASS,,905864574
OSM_cambridge_haggle_offset_n_500m_1500m_0565,600,osm,cambridge_haggle,dense_urban_irregular,,368,521,191728.0,317.36,470.52,149323.51,0.7788299502065724,164,181,5411.97,0.0009440457314528915,15.245,6.1585,2.2073,4,0.061,0.2073,1,1.0,26,0.143646,25,0.152439,826.89,216.66,1.4527,4.7044,0.4197,1.5808,0.4117,0.0,0.7845,0.4777,yes,yes,partial,yes,no,PASS,,2705393243
OSM_cambridge_haggle_offset_n_500m_1500m_1034,1200,osm,cambridge_haggle,dense_urban_irregular,,368,521,191728.0,317.36,470.52,149323.51,0.7788299502065724,164,181,5411.97,0.0009440457314528915,15.245,6.1585,2.2073,4,0.061,0.2073,1,1.0,26,0.143646,25,0.152439,826.89,231.49,1.3414,4.7044,0.4197,1.5808,0.4117,0.0,0.7845,0.4777,yes,yes,partial,yes,no,PASS,,2056862264
OSM_cambridge_haggle_offset_n_500m_200m_0000,100,osm,cambridge_haggle,dense_urban_irregular,,547,557,304679.0,496.83,506.19,251493.06,0.8254361323861593,676,732,14368.85,0.0024025285628481124,10.6673,6.2818,2.1657,4,0.1435,0.2855,1,1.0,212,0.289617,192,0.284024,1361.85,339.81,1.5826,4.9398,0.5264,1.4044,0.7056,0.0,0.8989,0.5272,yes,yes,partial,yes,no,PASS,,1182073421
OSM_cambridge_haggle_offset_n_500m_200m_0448,600,osm,cambridge_haggle,dense_urban_irregular,,547,557,304679.0,496.83,506.19,251493.06,0.8254361323861593,676,732,14368.85,0.0024025285628481124,10.6673,6.2818,2.1657,4,0.1435,0.2855,1,1.0,212,0.289617,192,0.284024,1361.85,378.51,1.5446,4.9398,0.5264,1.4044,0.7056,0.0,0.8989,0.5272,yes,yes,partial,yes,no,PASS,,1005792762
OSM_cambridge_haggle_offset_n_500m_200m_0916,1000,osm,cambridge_haggle,dense_urban_irregular,,547,557,304679.0,496.83,506.19,251493.06,0.8254361323861593,676,732,14368.85,0.0024025285628481124,10.6673,6.2818,2.1657,4,0.1435,0.2855,1,1.0,212,0.289617,192,0.284024,1361.85,392.77,1.6384,4.9398,0.5264,1.4044,0.7056,0.0,0.8989,0.5272,yes,yes,partial,yes,no,PASS,,2200094879
OSM_cambridge_haggle_offset_n_500m_500m_0328,400,osm,cambridge_haggle,dense_urban_irregular,,565,541,305665.0,514.31,490.72,252385.26,0.8256923688781803,496,532,12472.85,0.0017404675052753833,12.2523,8.1581,2.1452,4,0.1149,0.2379,1,1.0,143,0.268797,137,0.27621,1405.41,325.14,1.5395,4.9348,0.3585,3.1183,0.5463,0.0,0.8947,0.5187,yes,yes,partial,yes,no,PASS,,2412071963
OSM_cambridge_haggle_offset_n_500m_500m_0799,800,osm,cambridge_haggle,dense_urban_irregular,,565,541,305665.0,514.31,490.72,252385.26,0.8256923688781803,496,532,12472.85,0.0017404675052753833,12.2523,8.1581,2.1452,4,0.1149,0.2379,1,1.0,143,0.268797,137,0.27621,1405.41,383.57,1.5072,4.9348,0.3585,3.1183,0.5463,0.0,0.8947,0.5187,yes,yes,partial,yes,no,PASS,,3679596270
OSM_dieselnet_amherst_offset_e_1000m_1000m_0483,600,osm,dieselnet_amherst,bus_route_urban_suburban,,972,1019,990468.0,921.68,968.77,892894.52,0.9014875013083481,335,351,17123.0,0.0003543779304328863,24.602,13.7736,2.0955,4,0.009,0.0925,1,1.0,21,0.059829,24,0.071642,2141.89,826.7,1.4881,4.5405,0.602,1.2831,0.6324,0.0,0.8775,0.48,yes,yes,no,no,yes,PASS,,3794748528
OSM_dieselnet_amherst_offset_e_1000m_1000m_1070,1200,osm,dieselnet_amherst,bus_route_urban_suburban,,972,1019,990468.0,921.68,968.77,892894.52,0.9014875013083481,335,351,17123.0,0.0003543779304328863,24.602,13.7736,2.0955,4,0.009,0.0925,1,1.0,21,0.059829,24,0.071642,2141.89,706.15,1.4904,4.5405,0.602,1.2831,0.6324,0.0,0.8775,0.48,yes,yes,no,no,yes,PASS,,1021261765
OSM_dieselnet_amherst_offset_e_1000m_1500m_0330,400,osm,dieselnet_amherst,bus_route_urban_suburban,,978,852,833256.0,927.38,801.13,742946.35,0.8916183677844923,190,195,9973.47,0.00023402171721535758,25.573,13.3747,2.0526,4,0.0263,0.0737,1,1.0,50,0.25641,49,0.257895,2413.54,694.7,1.5802,3.7788,0.7897,3.0115,0.5736,0.0,0.8667,0.4974,yes,yes,no,no,yes,PASS,,3875265958
OSM_dieselnet_amherst_offset_e_1000m_1500m_0919,1000,osm,dieselnet_amherst,bus_route_urban_suburban,,978,852,833256.0,927.38,801.13,742946.35,0.8916183677844923,190,195,9973.47,0.00023402171721535758,25.573,13.3747,2.0526,4,0.0263,0.0737,1,1.0,50,0.25641,49,0.257895,2413.54,703.73,1.7294,3.7788,0.7897,3.0115,0.5736,0.0,0.8667,0.4974,yes,yes,no,no,yes,PASS,,1452578403
OSM_dieselnet_amherst_offset_e_1000m_200m_0192,200,osm,dieselnet_amherst,bus_route_urban_suburban,,1028,1051,1080428.0,977.95,1000.68,978611.82,0.9057631037195053,459,481,17389.93,0.0004451939416601569,20.7517,11.2765,2.0959,4,0.0174,0.1068,1,1.0,40,0.08316,40,0.087146,3041.51,658.38,1.5854,4.6346,0.543,1.769,0.5442,0.0,0.8919,0.4844,yes,yes,no,no,yes,PASS,,3283233800
OSM_dieselnet_amherst_offset_e_1000m_200m_0774,800,osm,dieselnet_amherst,bus_route_urban_suburban,,1028,1051,1080428.0,977.95,1000.68,978611.82,0.9057631037195053,459,481,17389.93,0.0004451939416601569,20.7517,11.2765,2.0959,4,0.0174,0.1068,1,1.0,40,0.08316,40,0.087146,3041.51,623.53,1.4145,4.6346,0.543,1.769,0.5442,0.0,0.8919,0.4844,yes,yes,no,no,yes,PASS,,1570527080
OSM_dieselnet_amherst_offset_e_1000m_500m_0054,100,osm,dieselnet_amherst,bus_route_urban_suburban,,1048,1051,1101448.0,997.89,1000.68,998566.33,0.9065941642613589,492,515,18266.29,0.00046756633086627783,20.1615,11.5661,2.0935,4,0.0183,0.1037,1,1.0,78,0.151456,79,0.160569,3151.73,597.03,1.4654,4.7647,0.5199,2.2889,0.5446,0.0,0.901,0.4854,yes,yes,no,no,yes,PASS,,1674606801
OSM_dieselnet_amherst_offset_e_1000m_500m_0632,800,osm,dieselnet_amherst,bus_route_urban_suburban,,1048,1051,1101448.0,997.89,1000.68,998566.33,0.9065941642613589,492,515,18266.29,0.00046756633086627783,20.1615,11.5661,2.0935,4,0.0183,0.1037,1,1.0,78,0.151456,79,0.160569,3151.73,649.47,1.4154,4.7647,0.5199,2.2889,0.5446,0.0,0.901,0.4854,yes,yes,no,no,yes,PASS,,324096269
OSM_dieselnet_amherst_offset_e_1500m_1000m_0113,200,osm,dieselnet_amherst,bus_route_urban_suburban,,1562,1406,2196172.0,1511.62,1355.99,2049750.23,0.9333286434922515,834,874,31787.27,0.0003979651866975811,19.5734,10.7358,2.0959,4,0.0144,0.0947,1,1.0,152,0.173913,153,0.183453,3488.46,779.86,1.3498,4.6833,0.6367,1.0471,0.6603,0.0,0.9108,0.4834,yes,yes,no,no,yes,PASS,,3544568745
OSM_dieselnet_amherst_offset_e_1500m_1000m_0688,800,osm,dieselnet_amherst,bus_route_urban_suburban,,1562,1406,2196172.0,1511.62,1355.99,2049750.23,0.9333286434922515,834,874,31787.27,0.0003979651866975811,19.5734,10.7358,2.0959,4,0.0144,0.0947,1,1.0,152,0.173913,153,0.183453,3488.46,932.31,1.5019,4.6833,0.6367,1.0471,0.6603,0.0,0.9108,0.4834,yes,yes,no,no,yes,PASS,,38536723
OSM_dieselnet_amherst_offset_e_1500m_1500m_0537,600,osm,dieselnet_amherst,bus_route_urban_suburban,,1379,1406,1938874.0,1328.03,1355.34,1799924.52,0.9283349608204613,489,503,20882.57,0.0002594289262737032,21.0722,10.0179,2.0573,4,0.0204,0.0654,1,1.0,181,0.359841,182,0.372188,3003.17,1241.32,1.8805,4.6157,0.6589,1.3337,0.6299,0.0,0.8986,0.495,yes,yes,no,no,yes,PASS,,2849456178
OSM_dieselnet_amherst_offset_e_1500m_1500m_1127,1200,osm,dieselnet_amherst,bus_route_urban_suburban,,1379,1406,1938874.0,1328.03,1355.34,1799924.52,0.9283349608204613,489,503,20882.57,0.0002594289262737032,21.0722,10.0179,2.0573,4,0.0204,0.0654,1,1.0,181,0.359841,182,0.372188,3003.17,1222.0,1.8693,4.6157,0.6589,1.3337,0.6299,0.0,0.8986,0.495,yes,yes,no,no,yes,PASS,,3436281987
OSM_dieselnet_amherst_offset_e_1500m_200m_0385,400,osm,dieselnet_amherst,bus_route_urban_suburban,,1546,1519,2348374.0,1495.02,1468.78,2195852.42,0.9350522624483383,896,948,33726.47,0.00040368356999353594,21.2116,11.5507,2.1161,4,0.0145,0.1127,1,1.0,96,0.101266,96,0.107143,4223.9,974.85,1.3822,4.7362,0.522,1.9559,0.572,0.0,0.9135,0.4789,yes,yes,no,no,yes,PASS,,1525356873
OSM_dieselnet_amherst_offset_e_1500m_200m_0982,1000,osm,dieselnet_amherst,bus_route_urban_suburban,,1546,1519,2348374.0,1495.02,1468.78,2195852.42,0.9350522624483383,896,948,33726.47,0.00040368356999353594,21.2116,11.5507,2.1161,4,0.0145,0.1127,1,1.0,96,0.101266,96,0.107143,4223.9,879.78,1.3782,4.7362,0.522,1.9559,0.572,0.0,0.9135,0.4789,yes,yes,no,no,yes,PASS,,2027379451
OSM_dieselnet_amherst_offset_e_1500m_500m_0249,400,osm,dieselnet_amherst,bus_route_urban_suburban,,1534,1519,2330146.0,1483.65,1468.78,2179152.57,0.9352000111877691,928,980,36489.13,0.0004205745047735206,21.2765,11.2268,2.1121,4,0.0151,0.1099,1,1.0,89,0.090816,89,0.095905,4043.47,854.33,1.3448,4.7671,0.558,1.7071,0.5403,0.0,0.9092,0.4801,yes,yes,no,no,yes,PASS,,2739413401
OSM_dieselnet_amherst_offset_e_1500m_500m_0833,1000,osm,dieselnet_amherst,bus_route_urban_suburban,,1534,1519,2330146.0,1483.65,1468.78,2179152.57,0.9352000111877691,928,980,36489.13,0.0004205745047735206,21.2765,11.2268,2.1121,4,0.0151,0.1099,1,1.0,89,0.090816,89,0.095905,4043.47,843.92,1.5353,4.7671,0.558,1.7071,0.5403,0.0,0.9092,0.4801,yes,yes,no,no,yes,PASS,,530815232
OSM_dieselnet_amherst_offset_e_2500m_1000m_0308,400,osm,dieselnet_amherst,bus_route_urban_suburban,,2482,2555,6341510.0,2431.6,2504.17,6089141.41,0.9602037077609542,2009,2093,77366.43,0.0003300475754197344,20.1633,10.9953,2.0836,4,0.0134,0.0841,1,1.0,301,0.143813,304,0.151319,5067.3,1637.68,1.3869,4.8136,0.5973,1.1664,0.6129,0.0,0.9312,0.4861,yes,yes,no,no,yes,PASS,,1240856464
OSM_dieselnet_amherst_offset_e_2500m_1000m_0896,1000,osm,dieselnet_amherst,bus_route_urban_suburban,,2482,2555,6341510.0,2431.6,2504.17,6089141.41,0.9602037077609542,2009,2093,77366.43,0.0003300475754197344,20.1633,10.9953,2.0836,4,0.0134,0.0841,1,1.0,301,0.143813,304,0.151319,5067.3,1521.74,1.3602,4.8136,0.5973,1.1664,0.6129,0.0,0.9312,0.4861,yes,yes,no,no,yes,PASS,,2022190063
OSM_dieselnet_amherst_offset_e_2500m_1500m_0161,200,osm,dieselnet_amherst,bus_route_urban_suburban,,2013,2475,4982175.0,1962.3,2424.31,4757233.96,0.9548508359958018,1597,1657,59395.79,0.0003325856679060852,19.1229,10.9769,2.0751,4,0.0138,0.0776,1,1.0,301,0.181654,304,0.190357,4785.86,1413.86,1.5035,4.72,0.6404,1.2359,0.6353,0.0,0.9282,0.4882,yes,yes,no,no,yes,PASS,,2658816279
OSM_dieselnet_amherst_offset_e_2500m_1500m_0741,800,osm,dieselnet_amherst,bus_route_urban_suburban,,2013,2475,4982175.0,1962.3,2424.31,4757233.96,0.9548508359958018,1597,1657,59395.79,0.0003325856679060852,19.1229,10.9769,2.0751,4,0.0138,0.0776,1,1.0,301,0.181654,304,0.190357,4785.86,1568.3,1.5113,4.72,0.6404,1.2359,0.6353,0.0,0.9282,0.4882,yes,yes,no,no,yes,PASS,,1202757201
OSM_dieselnet_amherst_offset_e_2500m_200m_0028,100,osm,dieselnet_amherst,bus_route_urban_suburban,,2715,2555,6936825.0,2664.18,2504.17,6671554.83,0.9617591377349566,2100,2203,82316.17,0.0003175804492689379,21.0366,11.7558,2.0981,4,0.0105,0.0943,1,1.0,190,0.086246,195,0.092857,6074.72,1487.77,1.3818,4.8125,0.5771,1.1582,0.5802,0.0,0.9305,0.4814,yes,yes,no,no,yes,PASS,,3419278432
OSM_dieselnet_amherst_offset_e_2500m_200m_0599,600,osm,dieselnet_amherst,bus_route_urban_suburban,,2715,2555,6936825.0,2664.18,2504.17,6671554.83,0.9617591377349566,2100,2203,82316.17,0.0003175804492689379,21.0366,11.7558,2.0981,4,0.0105,0.0943,1,1.0,190,0.086246,195,0.092857,6074.72,1490.68,1.3331,4.8125,0.5771,1.1582,0.5802,0.0,0.9305,0.4814,yes,yes,no,no,yes,PASS,,2398530886
OSM_dieselnet_amherst_offset_e_2500m_200m_1193,1200,osm,dieselnet_amherst,bus_route_urban_suburban,,2715,2555,6936825.0,2664.18,2504.17,6671554.83,0.9617591377349566,2100,2203,82316.17,0.0003175804492689379,21.0366,11.7558,2.0981,4,0.0105,0.0943,1,1.0,190,0.086246,195,0.092857,6074.72,1596.73,1.2896,4.8125,0.5771,1.1582,0.5802,0.0,0.9305,0.4814,yes,yes,no,no,yes,PASS,,2323703133
OSM_dieselnet_amherst_offset_e_2500m_500m_0449,600,osm,dieselnet_amherst,bus_route_urban_suburban,,2534,2555,6474370.0,2483.6,2504.17,6219338.64,0.960609085067139,2060,2160,79056.0,0.00033362319422584744,20.6574,11.1861,2.0971,4,0.0131,0.0947,1,1.0,273,0.126389,277,0.134466,6444.72,1582.37,1.3875,4.8001,0.5879,1.1544,0.5692,0.0,0.9296,0.4829,yes,yes,no,no,yes,PASS,,936872734
OSM_dieselnet_amherst_offset_e_2500m_500m_1036,1200,osm,dieselnet_amherst,bus_route_urban_suburban,,2534,2555,6474370.0,2483.6,2504.17,6219338.64,0.960609085067139,2060,2160,79056.0,0.00033362319422584744,20.6574,11.1861,2.0971,4,0.0131,0.0947,1,1.0,273,0.126389,277,0.134466,6444.72,1498.6,1.353,4.8001,0.5879,1.1544,0.5692,0.0,0.9296,0.4829,yes,yes,no,no,yes,PASS,,3719800874
OSM_dieselnet_amherst_offset_e_5000m_1000m_0507,600,osm,dieselnet_amherst,bus_route_urban_suburban,,5069,4956,25121964.0,5018.23,4905.19,24615374.6,0.979834801270769,5020,5200,174246.75,0.00020699018595839083,18.8742,10.5814,2.0717,4,0.0112,0.0719,1,1.0,1066,0.205,1078,0.214741,11792.86,2779.71,1.377,4.9652,0.5218,1.6954,0.4796,0.0,0.9579,0.488,yes,yes,no,no,yes,PASS,,2133380466
OSM_dieselnet_amherst_offset_e_5000m_1000m_1095,1200,osm,dieselnet_amherst,bus_route_urban_suburban,,5069,4956,25121964.0,5018.23,4905.19,24615374.6,0.979834801270769,5020,5200,174246.75,0.00020699018595839083,18.8742,10.5814,2.0717,4,0.0112,0.0719,1,1.0,1066,0.205,1078,0.214741,11792.86,2844.26,1.3714,4.9652,0.5218,1.6954,0.4796,0.0,0.9579,0.488,yes,yes,no,no,yes,PASS,,4105832233
OSM_dieselnet_amherst_offset_e_5000m_1500m_0356,400,osm,dieselnet_amherst,bus_route_urban_suburban,,5005,4955,24799775.0,4954.83,4904.42,24300541.37,0.9798694288859716,5337,5526,173731.77,0.00022282460223933484,17.0092,9.576,2.0708,4,0.0103,0.0712,1,1.0,1114,0.201592,1144,0.214353,12968.13,2928.4,1.3981,4.999,0.509,3.0833,0.5518,0.0,0.9606,0.4878,yes,yes,no,no,yes,PASS,,608248727
OSM_dieselnet_amherst_offset_e_5000m_1500m_0951,1000,osm,dieselnet_amherst,bus_route_urban_suburban,,5005,4955,24799775.0,4954.83,4904.42,24300541.37,0.9798694288859716,5337,5526,173731.77,0.00022282460223933484,17.0092,9.576,2.0708,4,0.0103,0.0712,1,1.0,1114,0.201592,1144,0.214353,12968.13,3106.97,1.4017,4.999,0.509,3.0833,0.5518,0.0,0.9606,0.4878,yes,yes,no,no,yes,PASS,,755955081
OSM_dieselnet_amherst_offset_e_5000m_200m_0223,400,osm,dieselnet_amherst,bus_route_urban_suburban,,4952,5083,25171016.0,4901.37,5032.55,24666356.81,0.979950781759407,5080,5259,182427.75,0.00020893077975080545,19.578,10.7794,2.0705,4,0.0104,0.0699,1,1.0,986,0.187488,996,0.196063,14629.5,2907.91,1.35,4.918,0.5409,1.3024,0.5473,0.0,0.9568,0.4879,yes,yes,no,no,yes,PASS,,2480819252
OSM_dieselnet_amherst_offset_e_5000m_200m_0801,1000,osm,dieselnet_amherst,bus_route_urban_suburban,,4952,5083,25171016.0,4901.37,5032.55,24666356.81,0.979950781759407,5080,5259,182427.75,0.00020893077975080545,19.578,10.7794,2.0705,4,0.0104,0.0699,1,1.0,986,0.187488,996,0.196063,14629.5,3011.93,1.3756,4.918,0.5409,1.3024,0.5473,0.0,0.9568,0.4879,yes,yes,no,no,yes,PASS,,946028982
OSM_dieselnet_amherst_offset_e_5000m_500m_0083,100,osm,dieselnet_amherst,bus_route_urban_suburban,,5114,4956,25344984.0,5063.6,4905.19,24837891.41,0.9799923886181751,4939,5115,177846.76,0.00020181508104325494,19.6082,10.7366,2.0713,4,0.0099,0.0705,1,1.0,950,0.185728,963,0.194979,11535.2,2473.03,1.3664,4.9172,0.5418,1.2178,0.5199,0.0,0.9568,0.4875,yes,yes,no,no,yes,PASS,,713158865
OSM_dieselnet_amherst_offset_e_5000m_500m_0660,800,osm,dieselnet_amherst,bus_route_urban_suburban,,5114,4956,25344984.0,5063.6,4905.19,24837891.41,0.9799923886181751,4939,5115,177846.76,0.00020181508104325494,19.6082,10.7366,2.0713,4,0.0099,0.0705,1,1.0,950,0.185728,963,0.194979,11535.2,2613.32,1.3935,4.9172,0.5418,1.2178,0.5199,0.0,0.9568,0.4875,yes,yes,no,no,yes,PASS,,1586458107
OSM_dieselnet_amherst_offset_e_500m_200m_0001,100,osm,dieselnet_amherst,bus_route_urban_suburban,,533,515,274495.0,482.23,464.58,224036.71,0.8161777599449801,82,82,3419.87,0.0002987303958177745,23.9152,10.1262,2.0,3,0.0732,0.0732,1,1.0,62,0.756098,59,0.719512,1304.39,391.57,1.3401,3.9012,0.7832,1.9901,0.6504,0.0,0.8171,0.53,yes,yes,no,no,yes,PASS,,2176940933
OSM_dieselnet_amherst_offset_e_500m_200m_0566,600,osm,dieselnet_amherst,bus_route_urban_suburban,,533,515,274495.0,482.23,464.58,224036.71,0.8161777599449801,82,82,3419.87,0.0002987303958177745,23.9152,10.1262,2.0,3,0.0732,0.0732,1,1.0,62,0.756098,59,0.719512,1304.39,401.97,1.3324,3.9012,0.7832,1.9901,0.6504,0.0,0.8171,0.53,yes,yes,no,no,yes,PASS,,3190358321
OSM_dieselnet_amherst_offset_e_500m_200m_1159,1200,osm,dieselnet_amherst,bus_route_urban_suburban,,533,515,274495.0,482.23,464.58,224036.71,0.8161777599449801,82,82,3419.87,0.0002987303958177745,23.9152,10.1262,2.0,3,0.0732,0.0732,1,1.0,62,0.756098,59,0.719512,1304.39,386.3,1.478,3.9012,0.7832,1.9901,0.6504,0.0,0.8171,0.53,yes,yes,no,no,yes,PASS,,2025585645
OSM_dieselnet_amherst_offset_e_500m_500m_0423,600,osm,dieselnet_amherst,bus_route_urban_suburban,,362,515,186430.0,311.82,464.58,144866.11,0.7770536546877252,153,160,2920.99,0.0008582309714101808,12.8678,8.29,2.0915,3,0.0131,0.1046,1,1.0,25,0.15625,25,0.163399,883.34,169.43,1.3052,4.4145,0.5374,3.7375,0.5005,0.0,0.8812,0.4812,yes,yes,no,no,yes,PASS,,2658968179
OSM_dieselnet_amherst_offset_e_500m_500m_1009,1200,osm,dieselnet_amherst,bus_route_urban_suburban,,362,515,186430.0,311.82,464.58,144866.11,0.7770536546877252,153,160,2920.99,0.0008582309714101808,12.8678,8.29,2.0915,3,0.0131,0.1046,1,1.0,25,0.15625,25,0.163399,883.34,210.16,1.3275,4.4145,0.5374,3.7375,0.5005,0.0,0.8812,0.4812,yes,yes,no,no,yes,PASS,,3234472808
OSM_helsinki_archipelago_offset_s_1000m_1000m_0056,100,osm,helsinki_archipelago,island_or_partitioned,,684,891,609444.0,633.03,840.39,531988.79,0.8729084080563518,1634,1857,37347.33,0.003047039596747199,12.6173,6.1477,2.2729,6,0.0441,0.2271,1,1.0,171,0.092084,168,0.102815,2532.19,716.29,2.8055,4.9152,0.2709,3.3867,0.5532,0.0,0.9063,0.4591,yes,yes,no,no,no,PASS,,2245494769
OSM_helsinki_archipelago_offset_s_1000m_1000m_0162,200,osm,helsinki_archipelago,island_or_partitioned,,684,891,609444.0,633.03,840.39,531988.79,0.8729084080563518,1634,1857,37347.33,0.003047039596747199,12.6173,6.1477,2.2729,6,0.0441,0.2271,1,1.0,171,0.092084,168,0.102815,2532.19,629.17,2.3317,4.9152,0.2709,3.3867,0.5532,0.0,0.9063,0.4591,yes,yes,no,no,no,PASS,,2524443060
OSM_helsinki_archipelago_offset_s_1000m_1000m_0280,400,osm,helsinki_archipelago,island_or_partitioned,,684,891,609444.0,633.03,840.39,531988.79,0.8729084080563518,1634,1857,37347.33,0.003047039596747199,12.6173,6.1477,2.2729,6,0.0441,0.2271,1,1.0,171,0.092084,168,0.102815,2532.19,614.31,2.0147,4.9152,0.2709,3.3867,0.5532,0.0,0.9063,0.4591,yes,yes,no,no,no,PASS,,1552435149
OSM_helsinki_archipelago_offset_s_1000m_1000m_0387,400,osm,helsinki_archipelago,island_or_partitioned,,684,891,609444.0,633.03,840.39,531988.79,0.8729084080563518,1634,1857,37347.33,0.003047039596747199,12.6173,6.1477,2.2729,6,0.0441,0.2271,1,1.0,171,0.092084,168,0.102815,2532.19,716.2,2.3847,4.9152,0.2709,3.3867,0.5532,0.0,0.9063,0.4591,yes,yes,no,no,no,PASS,,1921283254
OSM_helsinki_archipelago_offset_s_1000m_1000m_0508,600,osm,helsinki_archipelago,island_or_partitioned,,684,891,609444.0,633.03,840.39,531988.79,0.8729084080563518,1634,1857,37347.33,0.003047039596747199,12.6173,6.1477,2.2729,6,0.0441,0.2271,1,1.0,171,0.092084,168,0.102815,2532.19,694.4,2.7819,4.9152,0.2709,3.3867,0.5532,0.0,0.9063,0.4591,yes,yes,no,no,no,PASS,,1208928623
OSM_helsinki_archipelago_offset_s_1000m_1000m_0633,800,osm,helsinki_archipelago,island_or_partitioned,,684,891,609444.0,633.03,840.39,531988.79,0.8729084080563518,1634,1857,37347.33,0.003047039596747199,12.6173,6.1477,2.2729,6,0.0441,0.2271,1,1.0,171,0.092084,168,0.102815,2532.19,701.03,2.5479,4.9152,0.2709,3.3867,0.5532,0.0,0.9063,0.4591,yes,yes,no,no,no,PASS,,4044837402
OSM_helsinki_archipelago_offset_s_1000m_1000m_0742,800,osm,helsinki_archipelago,island_or_partitioned,,684,891,609444.0,633.03,840.39,531988.79,0.8729084080563518,1634,1857,37347.33,0.003047039596747199,12.6173,6.1477,2.2729,6,0.0441,0.2271,1,1.0,171,0.092084,168,0.102815,2532.19,580.15,2.3991,4.9152,0.2709,3.3867,0.5532,0.0,0.9063,0.4591,yes,yes,no,no,no,PASS,,1891737662
OSM_helsinki_archipelago_offset_s_1000m_1000m_0872,1000,osm,helsinki_archipelago,island_or_partitioned,,684,891,609444.0,633.03,840.39,531988.79,0.8729084080563518,1634,1857,37347.33,0.003047039596747199,12.6173,6.1477,2.2729,6,0.0441,0.2271,1,1.0,171,0.092084,168,0.102815,2532.19,717.58,2.7619,4.9152,0.2709,3.3867,0.5532,0.0,0.9063,0.4591,yes,yes,no,no,no,PASS,,648017261
OSM_helsinki_archipelago_offset_s_1000m_1000m_0984,1000,osm,helsinki_archipelago,island_or_partitioned,,684,891,609444.0,633.03,840.39,531988.79,0.8729084080563518,1634,1857,37347.33,0.003047039596747199,12.6173,6.1477,2.2729,6,0.0441,0.2271,1,1.0,171,0.092084,168,0.102815,2532.19,620.06,2.1344,4.9152,0.2709,3.3867,0.5532,0.0,0.9063,0.4591,yes,yes,no,no,no,PASS,,3653694653
OSM_helsinki_archipelago_offset_s_1000m_1000m_1096,1200,osm,helsinki_archipelago,island_or_partitioned,,684,891,609444.0,633.03,840.39,531988.79,0.8729084080563518,1634,1857,37347.33,0.003047039596747199,12.6173,6.1477,2.2729,6,0.0441,0.2271,1,1.0,171,0.092084,168,0.102815,2532.19,626.44,2.4267,4.9152,0.2709,3.3867,0.5532,0.0,0.9063,0.4591,yes,yes,no,no,no,PASS,,2842664229
OSM_helsinki_archipelago_offset_s_1000m_1500m_0085,100,osm,helsinki_archipelago,island_or_partitioned,,395,392,154840.0,344.39,341.79,117710.87,0.7602096712309915,342,381,7540.96,0.002460604494962542,15.4845,6.2218,2.2281,6,0.0409,0.1901,1,1.0,31,0.081365,32,0.093567,1426.69,347.88,2.8385,4.7685,0.1828,4.9731,0.3853,0.0,0.8793,0.4658,yes,yes,no,no,no,PASS,,2299832837
OSM_helsinki_archipelago_offset_s_1000m_1500m_0193,200,osm,helsinki_archipelago,island_or_partitioned,,395,392,154840.0,344.39,341.79,117710.87,0.7602096712309915,342,381,7540.96,0.002460604494962542,15.4845,6.2218,2.2281,6,0.0409,0.1901,1,1.0,31,0.081365,32,0.093567,1426.69,332.32,3.5817,4.7685,0.1828,4.9731,0.3853,0.0,0.8793,0.4658,yes,yes,no,no,no,PASS,,4132468827
OSM_helsinki_archipelago_offset_s_1000m_1500m_0309,400,osm,helsinki_archipelago,island_or_partitioned,,395,392,154840.0,344.39,341.79,117710.87,0.7602096712309915,342,381,7540.96,0.002460604494962542,15.4845,6.2218,2.2281,6,0.0409,0.1901,1,1.0,31,0.081365,32,0.093567,1426.69,251.46,3.1555,4.7685,0.1828,4.9731,0.3853,0.0,0.8793,0.4658,yes,yes,no,no,no,PASS,,3938456774
OSM_helsinki_archipelago_offset_s_1000m_1500m_0426,600,osm,helsinki_archipelago,island_or_partitioned,,395,392,154840.0,344.39,341.79,117710.87,0.7602096712309915,342,381,7540.96,0.002460604494962542,15.4845,6.2218,2.2281,6,0.0409,0.1901,1,1.0,31,0.081365,32,0.093567,1426.69,248.78,2.7786,4.7685,0.1828,4.9731,0.3853,0.0,0.8793,0.4658,yes,yes,no,no,no,PASS,,712473886
OSM_helsinki_archipelago_offset_s_1000m_1500m_0538,600,osm,helsinki_archipelago,island_or_partitioned,,395,392,154840.0,344.39,341.79,117710.87,0.7602096712309915,342,381,7540.96,0.002460604494962542,15.4845,6.2218,2.2281,6,0.0409,0.1901,1,1.0,31,0.081365,32,0.093567,1426.69,287.83,2.7889,4.7685,0.1828,4.9731,0.3853,0.0,0.8793,0.4658,yes,yes,no,no,no,PASS,,3975278974
OSM_helsinki_archipelago_offset_s_1000m_1500m_0661,800,osm,helsinki_archipelago,island_or_partitioned,,395,392,154840.0,344.39,341.79,117710.87,0.7602096712309915,342,381,7540.96,0.002460604494962542,15.4845,6.2218,2.2281,6,0.0409,0.1901,1,1.0,31,0.081365,32,0.093567,1426.69,324.97,2.6434,4.7685,0.1828,4.9731,0.3853,0.0,0.8793,0.4658,yes,yes,no,no,no,PASS,,814517117
OSM_helsinki_archipelago_offset_s_1000m_1500m_0776,800,osm,helsinki_archipelago,island_or_partitioned,,395,392,154840.0,344.39,341.79,117710.87,0.7602096712309915,342,381,7540.96,0.002460604494962542,15.4845,6.2218,2.2281,6,0.0409,0.1901,1,1.0,31,0.081365,32,0.093567,1426.69,380.86,2.9663,4.7685,0.1828,4.9731,0.3853,0.0,0.8793,0.4658,yes,yes,no,no,no,PASS,,918803140
OSM_helsinki_archipelago_offset_s_1000m_1500m_0897,1000,osm,helsinki_archipelago,island_or_partitioned,,395,392,154840.0,344.39,341.79,117710.87,0.7602096712309915,342,381,7540.96,0.002460604494962542,15.4845,6.2218,2.2281,6,0.0409,0.1901,1,1.0,31,0.081365,32,0.093567,1426.69,277.75,2.5816,4.7685,0.1828,4.9731,0.3853,0.0,0.8793,0.4658,yes,yes,no,no,no,PASS,,2503031172
OSM_helsinki_archipelago_offset_s_1000m_1500m_1010,1200,osm,helsinki_archipelago,island_or_partitioned,,395,392,154840.0,344.39,341.79,117710.87,0.7602096712309915,342,381,7540.96,0.002460604494962542,15.4845,6.2218,2.2281,6,0.0409,0.1901,1,1.0,31,0.081365,32,0.093567,1426.69,311.11,2.8012,4.7685,0.1828,4.9731,0.3853,0.0,0.8793,0.4658,yes,yes,no,no,no,PASS,,2346572070
OSM_helsinki_archipelago_offset_s_1000m_1500m_1130,1200,osm,helsinki_archipelago,island_or_partitioned,,395,392,154840.0,344.39,341.79,117710.87,0.7602096712309915,342,381,7540.96,0.002460604494962542,15.4845,6.2218,2.2281,6,0.0409,0.1901,1,1.0,31,0.081365,32,0.093567,1426.69,320.67,2.4107,4.7685,0.1828,4.9731,0.3853,0.0,0.8793,0.4658,yes,yes,no,no,no,PASS,,4192243965
OSM_helsinki_archipelago_offset_s_1000m_200m_0003,100,osm,helsinki_archipelago,island_or_partitioned,,1068,1056,1127808.0,1017.11,1005.3,1022504.41,0.9066298628238106,4656,5333,95249.19,0.0047286417546249,9.6095,5.659,2.2908,6,0.1454,0.3477,1,1.0,1054,0.197637,949,0.203823,2794.89,521.88,1.3091,4.5682,0.4154,1.6845,0.562,0.0,0.9297,0.4999,yes,yes,no,no,no,PASS,,3094859642
OSM_helsinki_archipelago_offset_s_1000m_200m_0114,200,osm,helsinki_archipelago,island_or_partitioned,,1068,1056,1127808.0,1017.11,1005.3,1022504.41,0.9066298628238106,4656,5333,95249.19,0.0047286417546249,9.6095,5.659,2.2908,6,0.1454,0.3477,1,1.0,1054,0.197637,949,0.203823,2794.89,546.74,1.3749,4.5682,0.4154,1.6845,0.562,0.0,0.9297,0.4999,yes,yes,no,no,no,PASS,,914484735
OSM_helsinki_archipelago_offset_s_1000m_200m_0224,400,osm,helsinki_archipelago,island_or_partitioned,,1068,1056,1127808.0,1017.11,1005.3,1022504.41,0.9066298628238106,4656,5333,95249.19,0.0047286417546249,9.6095,5.659,2.2908,6,0.1454,0.3477,1,1.0,1054,0.197637,949,0.203823,2794.89,536.98,1.4079,4.5682,0.4154,1.6845,0.562,0.0,0.9297,0.4999,yes,yes,no,no,no,PASS,,2532422972
OSM_helsinki_archipelago_offset_s_1000m_200m_0331,400,osm,helsinki_archipelago,island_or_partitioned,,1068,1056,1127808.0,1017.11,1005.3,1022504.41,0.9066298628238106,4656,5333,95249.19,0.0047286417546249,9.6095,5.659,2.2908,6,0.1454,0.3477,1,1.0,1054,0.197637,949,0.203823,2794.89,532.7,1.3577,4.5682,0.4154,1.6845,0.562,0.0,0.9297,0.4999,yes,yes,no,no,no,PASS,,2952374774
OSM_helsinki_archipelago_offset_s_1000m_200m_0454,600,osm,helsinki_archipelago,island_or_partitioned,,1068,1056,1127808.0,1017.11,1005.3,1022504.41,0.9066298628238106,4656,5333,95249.19,0.0047286417546249,9.6095,5.659,2.2908,6,0.1454,0.3477,1,1.0,1054,0.197637,949,0.203823,2794.89,578.05,1.3668,4.5682,0.4154,1.6845,0.562,0.0,0.9297,0.4999,yes,yes,no,no,no,PASS,,867823942
OSM_helsinki_archipelago_offset_s_1000m_200m_0572,600,osm,helsinki_archipelago,island_or_partitioned,,1068,1056,1127808.0,1017.11,1005.3,1022504.41,0.9066298628238106,4656,5333,95249.19,0.0047286417546249,9.6095,5.659,2.2908,6,0.1454,0.3477,1,1.0,1054,0.197637,949,0.203823,2794.89,635.33,1.3798,4.5682,0.4154,1.6845,0.562,0.0,0.9297,0.4999,yes,yes,no,no,no,PASS,,1721918992
OSM_helsinki_archipelago_offset_s_1000m_200m_0689,800,osm,helsinki_archipelago,island_or_partitioned,,1068,1056,1127808.0,1017.11,1005.3,1022504.41,0.9066298628238106,4656,5333,95249.19,0.0047286417546249,9.6095,5.659,2.2908,6,0.1454,0.3477,1,1.0,1054,0.197637,949,0.203823,2794.89,597.47,1.4115,4.5682,0.4154,1.6845,0.562,0.0,0.9297,0.4999,yes,yes,no,no,no,PASS,,3924449666
OSM_helsinki_archipelago_offset_s_1000m_200m_0807,1000,osm,helsinki_archipelago,island_or_partitioned,,1068,1056,1127808.0,1017.11,1005.3,1022504.41,0.9066298628238106,4656,5333,95249.19,0.0047286417546249,9.6095,5.659,2.2908,6,0.1454,0.3477,1,1.0,1054,0.197637,949,0.203823,2794.89,544.3,1.3916,4.5682,0.4154,1.6845,0.562,0.0,0.9297,0.4999,yes,yes,no,no,no,PASS,,4043252784
OSM_helsinki_archipelago_offset_s_1000m_200m_0920,1000,osm,helsinki_archipelago,island_or_partitioned,,1068,1056,1127808.0,1017.11,1005.3,1022504.41,0.9066298628238106,4656,5333,95249.19,0.0047286417546249,9.6095,5.659,2.2908,6,0.1454,0.3477,1,1.0,1054,0.197637,949,0.203823,2794.89,596.54,1.3734,4.5682,0.4154,1.6845,0.562,0.0,0.9297,0.4999,yes,yes,no,no,no,PASS,,3823173425
OSM_helsinki_archipelago_offset_s_1000m_200m_1037,1200,osm,helsinki_archipelago,island_or_partitioned,,1068,1056,1127808.0,1017.11,1005.3,1022504.41,0.9066298628238106,4656,5333,95249.19,0.0047286417546249,9.6095,5.659,2.2908,6,0.1454,0.3477,1,1.0,1054,0.197637,949,0.203823,2794.89,594.4,1.4183,4.5682,0.4154,1.6845,0.562,0.0,0.9297,0.4999,yes,yes,no,no,no,PASS,,3716877809
OSM_helsinki_archipelago_offset_s_1000m_200m_1160,1200,osm,helsinki_archipelago,island_or_partitioned,,1068,1056,1127808.0,1017.11,1005.3,1022504.41,0.9066298628238106,4656,5333,95249.19,0.0047286417546249,9.6095,5.659,2.2908,6,0.1454,0.3477,1,1.0,1054,0.197637,949,0.203823,2794.89,575.26,1.3711,4.5682,0.4154,1.6845,0.562,0.0,0.9297,0.4999,yes,yes,no,no,no,PASS,,1295459092
OSM_helsinki_archipelago_offset_s_1000m_500m_0030,100,osm,helsinki_archipelago,island_or_partitioned,,750,1047,785250.0,699.02,996.98,696904.89,0.8874942862669752,3230,3659,65762.16,0.00465966252785737,9.9761,5.8026,2.2656,6,0.1319,0.3118,1,1.0,756,0.206614,673,0.208359,2630.78,492.2,1.4041,4.8807,0.3478,2.1854,0.6102,0.0,0.9248,0.4994,yes,yes,no,no,no,PASS,,1035817884
OSM_helsinki_archipelago_offset_s_1000m_500m_0141,200,osm,helsinki_archipelago,island_or_partitioned,,750,1047,785250.0,699.02,996.98,696904.89,0.8874942862669752,3230,3659,65762.16,0.00465966252785737,9.9761,5.8026,2.2656,6,0.1319,0.3118,1,1.0,756,0.206614,673,0.208359,2630.78,499.98,1.4417,4.8807,0.3478,2.1854,0.6102,0.0,0.9248,0.4994,yes,yes,no,no,no,PASS,,1532981879
OSM_helsinki_archipelago_offset_s_1000m_500m_0252,400,osm,helsinki_archipelago,island_or_partitioned,,750,1047,785250.0,699.02,996.98,696904.89,0.8874942862669752,3230,3659,65762.16,0.00465966252785737,9.9761,5.8026,2.2656,6,0.1319,0.3118,1,1.0,756,0.206614,673,0.208359,2630.78,581.19,1.3896,4.8807,0.3478,2.1854,0.6102,0.0,0.9248,0.4994,yes,yes,no,no,no,PASS,,887024579
OSM_helsinki_archipelago_offset_s_1000m_500m_0357,400,osm,helsinki_archipelago,island_or_partitioned,,750,1047,785250.0,699.02,996.98,696904.89,0.8874942862669752,3230,3659,65762.16,0.00465966252785737,9.9761,5.8026,2.2656,6,0.1319,0.3118,1,1.0,756,0.206614,673,0.208359,2630.78,554.66,1.3781,4.8807,0.3478,2.1854,0.6102,0.0,0.9248,0.4994,yes,yes,no,no,no,PASS,,2500964122
OSM_helsinki_archipelago_offset_s_1000m_500m_0484,600,osm,helsinki_archipelago,island_or_partitioned,,750,1047,785250.0,699.02,996.98,696904.89,0.8874942862669752,3230,3659,65762.16,0.00465966252785737,9.9761,5.8026,2.2656,6,0.1319,0.3118,1,1.0,756,0.206614,673,0.208359,2630.78,518.19,1.4445,4.8807,0.3478,2.1854,0.6102,0.0,0.9248,0.4994,yes,yes,no,no,no,PASS,,2591813079
OSM_helsinki_archipelago_offset_s_1000m_500m_0601,800,osm,helsinki_archipelago,island_or_partitioned,,750,1047,785250.0,699.02,996.98,696904.89,0.8874942862669752,3230,3659,65762.16,0.00465966252785737,9.9761,5.8026,2.2656,6,0.1319,0.3118,1,1.0,756,0.206614,673,0.208359,2630.78,550.93,1.4309,4.8807,0.3478,2.1854,0.6102,0.0,0.9248,0.4994,yes,yes,no,no,no,PASS,,3929683112
OSM_helsinki_archipelago_offset_s_1000m_500m_0714,800,osm,helsinki_archipelago,island_or_partitioned,,750,1047,785250.0,699.02,996.98,696904.89,0.8874942862669752,3230,3659,65762.16,0.00465966252785737,9.9761,5.8026,2.2656,6,0.1319,0.3118,1,1.0,756,0.206614,673,0.208359,2630.78,594.9,1.3658,4.8807,0.3478,2.1854,0.6102,0.0,0.9248,0.4994,yes,yes,no,no,no,PASS,,852363665
OSM_helsinki_archipelago_offset_s_1000m_500m_0837,1000,osm,helsinki_archipelago,island_or_partitioned,,750,1047,785250.0,699.02,996.98,696904.89,0.8874942862669752,3230,3659,65762.16,0.00465966252785737,9.9761,5.8026,2.2656,6,0.1319,0.3118,1,1.0,756,0.206614,673,0.208359,2630.78,586.74,1.3582,4.8807,0.3478,2.1854,0.6102,0.0,0.9248,0.4994,yes,yes,no,no,no,PASS,,3220731183
OSM_helsinki_archipelago_offset_s_1000m_500m_0953,1000,osm,helsinki_archipelago,island_or_partitioned,,750,1047,785250.0,699.02,996.98,696904.89,0.8874942862669752,3230,3659,65762.16,0.00465966252785737,9.9761,5.8026,2.2656,6,0.1319,0.3118,1,1.0,756,0.206614,673,0.208359,2630.78,571.4,1.4091,4.8807,0.3478,2.1854,0.6102,0.0,0.9248,0.4994,yes,yes,no,no,no,PASS,,2889052217
OSM_helsinki_archipelago_offset_s_1000m_500m_1071,1200,osm,helsinki_archipelago,island_or_partitioned,,750,1047,785250.0,699.02,996.98,696904.89,0.8874942862669752,3230,3659,65762.16,0.00465966252785737,9.9761,5.8026,2.2656,6,0.1319,0.3118,1,1.0,756,0.206614,673,0.208359,2630.78,535.2,1.4406,4.8807,0.3478,2.1854,0.6102,0.0,0.9248,0.4994,yes,yes,no,no,no,PASS,,1458857843
OSM_helsinki_archipelago_offset_s_1000m_500m_1194,1200,osm,helsinki_archipelago,island_or_partitioned,,750,1047,785250.0,699.02,996.98,696904.89,0.8874942862669752,3230,3659,65762.16,0.00465966252785737,9.9761,5.8026,2.2656,6,0.1319,0.3118,1,1.0,756,0.206614,673,0.208359,2630.78,498.57,1.5376,4.8807,0.3478,2.1854,0.6102,0.0,0.9248,0.4994,yes,yes,no,no,no,PASS,,2501761724
OSM_helsinki_disrupted_offset_w_1000m_1000m_0057,100,osm,helsinki_disrupted,industrial_disrupted,,1087,1065,1157655.0,1036.34,1014.5,1051362.51,0.9081829317497866,5613,6585,126548.76,0.00568822317529834,10.3839,6.0492,2.3463,5,0.1295,0.3645,1,1.0,1257,0.190888,1171,0.208623,1949.27,604.09,1.4158,4.964,0.3323,1.3585,0.5382,0.0,0.9283,0.4813,yes,yes,no,partial,no,PASS,,1418652860
OSM_helsinki_disrupted_offset_w_1000m_1000m_0166,200,osm,helsinki_disrupted,industrial_disrupted,,1087,1065,1157655.0,1036.34,1014.5,1051362.51,0.9081829317497866,5613,6585,126548.76,0.00568822317529834,10.3839,6.0492,2.3463,5,0.1295,0.3645,1,1.0,1257,0.190888,1171,0.208623,1949.27,657.47,1.287,4.964,0.3323,1.3585,0.5382,0.0,0.9283,0.4813,yes,yes,no,partial,no,PASS,,937609715
OSM_helsinki_disrupted_offset_w_1000m_1000m_0285,400,osm,helsinki_disrupted,industrial_disrupted,,1087,1065,1157655.0,1036.34,1014.5,1051362.51,0.9081829317497866,5613,6585,126548.76,0.00568822317529834,10.3839,6.0492,2.3463,5,0.1295,0.3645,1,1.0,1257,0.190888,1171,0.208623,1949.27,595.29,1.3315,4.964,0.3323,1.3585,0.5382,0.0,0.9283,0.4813,yes,yes,no,partial,no,PASS,,3162779171
OSM_helsinki_disrupted_offset_w_1000m_1000m_0390,400,osm,helsinki_disrupted,industrial_disrupted,,1087,1065,1157655.0,1036.34,1014.5,1051362.51,0.9081829317497866,5613,6585,126548.76,0.00568822317529834,10.3839,6.0492,2.3463,5,0.1295,0.3645,1,1.0,1257,0.190888,1171,0.208623,1949.27,522.61,1.2975,4.964,0.3323,1.3585,0.5382,0.0,0.9283,0.4813,yes,yes,no,partial,no,PASS,,2238906098
OSM_helsinki_disrupted_offset_w_1000m_1000m_0510,600,osm,helsinki_disrupted,industrial_disrupted,,1087,1065,1157655.0,1036.34,1014.5,1051362.51,0.9081829317497866,5613,6585,126548.76,0.00568822317529834,10.3839,6.0492,2.3463,5,0.1295,0.3645,1,1.0,1257,0.190888,1171,0.208623,1949.27,604.27,1.3518,4.964,0.3323,1.3585,0.5382,0.0,0.9283,0.4813,yes,yes,no,partial,no,PASS,,2790990993
OSM_helsinki_disrupted_offset_w_1000m_1000m_0634,800,osm,helsinki_disrupted,industrial_disrupted,,1087,1065,1157655.0,1036.34,1014.5,1051362.51,0.9081829317497866,5613,6585,126548.76,0.00568822317529834,10.3839,6.0492,2.3463,5,0.1295,0.3645,1,1.0,1257,0.190888,1171,0.208623,1949.27,627.48,1.2666,4.964,0.3323,1.3585,0.5382,0.0,0.9283,0.4813,yes,yes,no,partial,no,PASS,,1488993093
OSM_helsinki_disrupted_offset_w_1000m_1000m_0748,800,osm,helsinki_disrupted,industrial_disrupted,,1087,1065,1157655.0,1036.34,1014.5,1051362.51,0.9081829317497866,5613,6585,126548.76,0.00568822317529834,10.3839,6.0492,2.3463,5,0.1295,0.3645,1,1.0,1257,0.190888,1171,0.208623,1949.27,567.89,1.2896,4.964,0.3323,1.3585,0.5382,0.0,0.9283,0.4813,yes,yes,no,partial,no,PASS,,2022342176
OSM_helsinki_disrupted_offset_w_1000m_1000m_0876,1000,osm,helsinki_disrupted,industrial_disrupted,,1087,1065,1157655.0,1036.34,1014.5,1051362.51,0.9081829317497866,5613,6585,126548.76,0.00568822317529834,10.3839,6.0492,2.3463,5,0.1295,0.3645,1,1.0,1257,0.190888,1171,0.208623,1949.27,623.78,1.3292,4.964,0.3323,1.3585,0.5382,0.0,0.9283,0.4813,yes,yes,no,partial,no,PASS,,3837897984
OSM_helsinki_disrupted_offset_w_1000m_1000m_0985,1000,osm,helsinki_disrupted,industrial_disrupted,,1087,1065,1157655.0,1036.34,1014.5,1051362.51,0.9081829317497866,5613,6585,126548.76,0.00568822317529834,10.3839,6.0492,2.3463,5,0.1295,0.3645,1,1.0,1257,0.190888,1171,0.208623,1949.27,598.63,1.298,4.964,0.3323,1.3585,0.5382,0.0,0.9283,0.4813,yes,yes,no,partial,no,PASS,,1187792165
OSM_helsinki_disrupted_offset_w_1000m_1000m_1097,1200,osm,helsinki_disrupted,industrial_disrupted,,1087,1065,1157655.0,1036.34,1014.5,1051362.51,0.9081829317497866,5613,6585,126548.76,0.00568822317529834,10.3839,6.0492,2.3463,5,0.1295,0.3645,1,1.0,1257,0.190888,1171,0.208623,1949.27,635.62,1.3073,4.964,0.3323,1.3585,0.5382,0.0,0.9283,0.4813,yes,yes,no,partial,no,PASS,,634703401
OSM_helsinki_disrupted_offset_w_1000m_1500m_0089,100,osm,helsinki_disrupted,industrial_disrupted,,1073,1061,1138453.0,1022.68,1010.21,1033130.4,0.9074862144137873,5626,6717,131505.69,0.005900111818406205,10.6698,6.14,2.3878,5,0.1175,0.3733,1,1.0,1286,0.191455,1195,0.212407,2629.96,713.39,1.3126,4.6602,0.4642,1.2081,0.631,0.0,0.9235,0.4679,yes,yes,no,partial,no,PASS,,532793887
OSM_helsinki_disrupted_offset_w_1000m_1500m_0196,200,osm,helsinki_disrupted,industrial_disrupted,,1073,1061,1138453.0,1022.68,1010.21,1033130.4,0.9074862144137873,5626,6717,131505.69,0.005900111818406205,10.6698,6.14,2.3878,5,0.1175,0.3733,1,1.0,1286,0.191455,1195,0.212407,2629.96,701.12,1.3124,4.6602,0.4642,1.2081,0.631,0.0,0.9235,0.4679,yes,yes,no,partial,no,PASS,,1158202186
OSM_helsinki_disrupted_offset_w_1000m_1500m_0310,400,osm,helsinki_disrupted,industrial_disrupted,,1073,1061,1138453.0,1022.68,1010.21,1033130.4,0.9074862144137873,5626,6717,131505.69,0.005900111818406205,10.6698,6.14,2.3878,5,0.1175,0.3733,1,1.0,1286,0.191455,1195,0.212407,2629.96,632.0,1.3417,4.6602,0.4642,1.2081,0.631,0.0,0.9235,0.4679,yes,yes,no,partial,no,PASS,,752562142
OSM_helsinki_disrupted_offset_w_1000m_1500m_0427,600,osm,helsinki_disrupted,industrial_disrupted,,1073,1061,1138453.0,1022.68,1010.21,1033130.4,0.9074862144137873,5626,6717,131505.69,0.005900111818406205,10.6698,6.14,2.3878,5,0.1175,0.3733,1,1.0,1286,0.191455,1195,0.212407,2629.96,641.13,1.3643,4.6602,0.4642,1.2081,0.631,0.0,0.9235,0.4679,yes,yes,no,partial,no,PASS,,3833342220
OSM_helsinki_disrupted_offset_w_1000m_1500m_0542,600,osm,helsinki_disrupted,industrial_disrupted,,1073,1061,1138453.0,1022.68,1010.21,1033130.4,0.9074862144137873,5626,6717,131505.69,0.005900111818406205,10.6698,6.14,2.3878,5,0.1175,0.3733,1,1.0,1286,0.191455,1195,0.212407,2629.96,694.5,1.3428,4.6602,0.4642,1.2081,0.631,0.0,0.9235,0.4679,yes,yes,no,partial,no,PASS,,2143109798
OSM_helsinki_disrupted_offset_w_1000m_1500m_0665,800,osm,helsinki_disrupted,industrial_disrupted,,1073,1061,1138453.0,1022.68,1010.21,1033130.4,0.9074862144137873,5626,6717,131505.69,0.005900111818406205,10.6698,6.14,2.3878,5,0.1175,0.3733,1,1.0,1286,0.191455,1195,0.212407,2629.96,660.51,1.3591,4.6602,0.4642,1.2081,0.631,0.0,0.9235,0.4679,yes,yes,no,partial,no,PASS,,193237271
OSM_helsinki_disrupted_offset_w_1000m_1500m_0777,800,osm,helsinki_disrupted,industrial_disrupted,,1073,1061,1138453.0,1022.68,1010.21,1033130.4,0.9074862144137873,5626,6717,131505.69,0.005900111818406205,10.6698,6.14,2.3878,5,0.1175,0.3733,1,1.0,1286,0.191455,1195,0.212407,2629.96,599.35,1.3383,4.6602,0.4642,1.2081,0.631,0.0,0.9235,0.4679,yes,yes,no,partial,no,PASS,,2342032064
OSM_helsinki_disrupted_offset_w_1000m_1500m_0898,1000,osm,helsinki_disrupted,industrial_disrupted,,1073,1061,1138453.0,1022.68,1010.21,1033130.4,0.9074862144137873,5626,6717,131505.69,0.005900111818406205,10.6698,6.14,2.3878,5,0.1175,0.3733,1,1.0,1286,0.191455,1195,0.212407,2629.96,662.97,1.3397,4.6602,0.4642,1.2081,0.631,0.0,0.9235,0.4679,yes,yes,no,partial,no,PASS,,1234771037
OSM_helsinki_disrupted_offset_w_1000m_1500m_1017,1200,osm,helsinki_disrupted,industrial_disrupted,,1073,1061,1138453.0,1022.68,1010.21,1033130.4,0.9074862144137873,5626,6717,131505.69,0.005900111818406205,10.6698,6.14,2.3878,5,0.1175,0.3733,1,1.0,1286,0.191455,1195,0.212407,2629.96,689.96,1.337,4.6602,0.4642,1.2081,0.631,0.0,0.9235,0.4679,yes,yes,no,partial,no,PASS,,1577320850
OSM_helsinki_disrupted_offset_w_1000m_1500m_1131,1200,osm,helsinki_disrupted,industrial_disrupted,,1073,1061,1138453.0,1022.68,1010.21,1033130.4,0.9074862144137873,5626,6717,131505.69,0.005900111818406205,10.6698,6.14,2.3878,5,0.1175,0.3733,1,1.0,1286,0.191455,1195,0.212407,2629.96,644.19,1.2997,4.6602,0.4642,1.2081,0.631,0.0,0.9235,0.4679,yes,yes,no,partial,no,PASS,,508029228
OSM_helsinki_disrupted_offset_w_1000m_200m_0005,100,osm,helsinki_disrupted,industrial_disrupted,,1059,1071,1134189.0,1008.33,1020.76,1029257.27,0.9074830329692629,4111,4855,111300.75,0.0042805916826913325,12.2821,6.9735,2.362,6,0.0927,0.344,1,1.0,778,0.160247,726,0.176599,2330.06,692.48,1.4439,4.6744,0.3217,1.7309,0.5363,0.0,0.9182,0.4625,yes,yes,no,partial,no,PASS,,3326327043
OSM_helsinki_disrupted_offset_w_1000m_200m_0115,200,osm,helsinki_disrupted,industrial_disrupted,,1059,1071,1134189.0,1008.33,1020.76,1029257.27,0.9074830329692629,4111,4855,111300.75,0.0042805916826913325,12.2821,6.9735,2.362,6,0.0927,0.344,1,1.0,778,0.160247,726,0.176599,2330.06,637.77,1.5917,4.6744,0.3217,1.7309,0.5363,0.0,0.9182,0.4625,yes,yes,no,partial,no,PASS,,3074978416
OSM_helsinki_disrupted_offset_w_1000m_200m_0225,400,osm,helsinki_disrupted,industrial_disrupted,,1059,1071,1134189.0,1008.33,1020.76,1029257.27,0.9074830329692629,4111,4855,111300.75,0.0042805916826913325,12.2821,6.9735,2.362,6,0.0927,0.344,1,1.0,778,0.160247,726,0.176599,2330.06,613.01,1.4391,4.6744,0.3217,1.7309,0.5363,0.0,0.9182,0.4625,yes,yes,no,partial,no,PASS,,1184840449
OSM_helsinki_disrupted_offset_w_1000m_200m_0332,400,osm,helsinki_disrupted,industrial_disrupted,,1059,1071,1134189.0,1008.33,1020.76,1029257.27,0.9074830329692629,4111,4855,111300.75,0.0042805916826913325,12.2821,6.9735,2.362,6,0.0927,0.344,1,1.0,778,0.160247,726,0.176599,2330.06,635.34,1.4596,4.6744,0.3217,1.7309,0.5363,0.0,0.9182,0.4625,yes,yes,no,partial,no,PASS,,3299349744
OSM_helsinki_disrupted_offset_w_1000m_200m_0456,600,osm,helsinki_disrupted,industrial_disrupted,,1059,1071,1134189.0,1008.33,1020.76,1029257.27,0.9074830329692629,4111,4855,111300.75,0.0042805916826913325,12.2821,6.9735,2.362,6,0.0927,0.344,1,1.0,778,0.160247,726,0.176599,2330.06,637.87,1.4568,4.6744,0.3217,1.7309,0.5363,0.0,0.9182,0.4625,yes,yes,no,partial,no,PASS,,1724739466
OSM_helsinki_disrupted_offset_w_1000m_200m_0576,600,osm,helsinki_disrupted,industrial_disrupted,,1059,1071,1134189.0,1008.33,1020.76,1029257.27,0.9074830329692629,4111,4855,111300.75,0.0042805916826913325,12.2821,6.9735,2.362,6,0.0927,0.344,1,1.0,778,0.160247,726,0.176599,2330.06,621.36,1.3843,4.6744,0.3217,1.7309,0.5363,0.0,0.9182,0.4625,yes,yes,no,partial,no,PASS,,1441130881
OSM_helsinki_disrupted_offset_w_1000m_200m_0691,800,osm,helsinki_disrupted,industrial_disrupted,,1059,1071,1134189.0,1008.33,1020.76,1029257.27,0.9074830329692629,4111,4855,111300.75,0.0042805916826913325,12.2821,6.9735,2.362,6,0.0927,0.344,1,1.0,778,0.160247,726,0.176599,2330.06,609.64,2.3344,4.6744,0.3217,1.7309,0.5363,0.0,0.9182,0.4625,yes,yes,no,partial,no,PASS,,2737041265
OSM_helsinki_disrupted_offset_w_1000m_200m_0808,1000,osm,helsinki_disrupted,industrial_disrupted,,1059,1071,1134189.0,1008.33,1020.76,1029257.27,0.9074830329692629,4111,4855,111300.75,0.0042805916826913325,12.2821,6.9735,2.362,6,0.0927,0.344,1,1.0,778,0.160247,726,0.176599,2330.06,594.05,1.3184,4.6744,0.3217,1.7309,0.5363,0.0,0.9182,0.4625,yes,yes,no,partial,no,PASS,,399322815
OSM_helsinki_disrupted_offset_w_1000m_200m_0922,1000,osm,helsinki_disrupted,industrial_disrupted,,1059,1071,1134189.0,1008.33,1020.76,1029257.27,0.9074830329692629,4111,4855,111300.75,0.0042805916826913325,12.2821,6.9735,2.362,6,0.0927,0.344,1,1.0,778,0.160247,726,0.176599,2330.06,571.46,1.4202,4.6744,0.3217,1.7309,0.5363,0.0,0.9182,0.4625,yes,yes,no,partial,no,PASS,,1069142591
OSM_helsinki_disrupted_offset_w_1000m_200m_1045,1200,osm,helsinki_disrupted,industrial_disrupted,,1059,1071,1134189.0,1008.33,1020.76,1029257.27,0.9074830329692629,4111,4855,111300.75,0.0042805916826913325,12.2821,6.9735,2.362,6,0.0927,0.344,1,1.0,778,0.160247,726,0.176599,2330.06,632.36,1.4369,4.6744,0.3217,1.7309,0.5363,0.0,0.9182,0.4625,yes,yes,no,partial,no,PASS,,4081023902
OSM_helsinki_disrupted_offset_w_1000m_200m_1161,1200,osm,helsinki_disrupted,industrial_disrupted,,1059,1071,1134189.0,1008.33,1020.76,1029257.27,0.9074830329692629,4111,4855,111300.75,0.0042805916826913325,12.2821,6.9735,2.362,6,0.0927,0.344,1,1.0,778,0.160247,726,0.176599,2330.06,658.32,1.4779,4.6744,0.3217,1.7309,0.5363,0.0,0.9182,0.4625,yes,yes,no,partial,no,PASS,,4238992048
OSM_helsinki_disrupted_offset_w_1000m_500m_0031,100,osm,helsinki_disrupted,industrial_disrupted,,1101,1074,1182474.0,1050.55,1023.77,1075521.38,0.9095518189774857,4707,5506,113536.27,0.004656339166865402,11.1858,6.551,2.3395,5,0.0967,0.3355,1,1.0,883,0.160371,823,0.174846,2135.39,664.35,1.4251,4.7683,0.2613,1.5525,0.6572,0.0,0.9297,0.4687,yes,yes,no,partial,no,PASS,,1362137261
OSM_helsinki_disrupted_offset_w_1000m_500m_0142,200,osm,helsinki_disrupted,industrial_disrupted,,1101,1074,1182474.0,1050.55,1023.77,1075521.38,0.9095518189774857,4707,5506,113536.27,0.004656339166865402,11.1858,6.551,2.3395,5,0.0967,0.3355,1,1.0,883,0.160371,823,0.174846,2135.39,724.09,1.3468,4.7683,0.2613,1.5525,0.6572,0.0,0.9297,0.4687,yes,yes,no,partial,no,PASS,,4252542621
OSM_helsinki_disrupted_offset_w_1000m_500m_0253,400,osm,helsinki_disrupted,industrial_disrupted,,1101,1074,1182474.0,1050.55,1023.77,1075521.38,0.9095518189774857,4707,5506,113536.27,0.004656339166865402,11.1858,6.551,2.3395,5,0.0967,0.3355,1,1.0,883,0.160371,823,0.174846,2135.39,737.63,1.4217,4.7683,0.2613,1.5525,0.6572,0.0,0.9297,0.4687,yes,yes,no,partial,no,PASS,,420561052
OSM_helsinki_disrupted_offset_w_1000m_500m_0358,400,osm,helsinki_disrupted,industrial_disrupted,,1101,1074,1182474.0,1050.55,1023.77,1075521.38,0.9095518189774857,4707,5506,113536.27,0.004656339166865402,11.1858,6.551,2.3395,5,0.0967,0.3355,1,1.0,883,0.160371,823,0.174846,2135.39,680.38,1.3634,4.7683,0.2613,1.5525,0.6572,0.0,0.9297,0.4687,yes,yes,no,partial,no,PASS,,4101376194
OSM_helsinki_disrupted_offset_w_1000m_500m_0486,600,osm,helsinki_disrupted,industrial_disrupted,,1101,1074,1182474.0,1050.55,1023.77,1075521.38,0.9095518189774857,4707,5506,113536.27,0.004656339166865402,11.1858,6.551,2.3395,5,0.0967,0.3355,1,1.0,883,0.160371,823,0.174846,2135.39,708.61,1.4068,4.7683,0.2613,1.5525,0.6572,0.0,0.9297,0.4687,yes,yes,no,partial,no,PASS,,237821193
OSM_helsinki_disrupted_offset_w_1000m_500m_0603,800,osm,helsinki_disrupted,industrial_disrupted,,1101,1074,1182474.0,1050.55,1023.77,1075521.38,0.9095518189774857,4707,5506,113536.27,0.004656339166865402,11.1858,6.551,2.3395,5,0.0967,0.3355,1,1.0,883,0.160371,823,0.174846,2135.39,724.5,1.4721,4.7683,0.2613,1.5525,0.6572,0.0,0.9297,0.4687,yes,yes,no,partial,no,PASS,,2490165493
OSM_helsinki_disrupted_offset_w_1000m_500m_0715,800,osm,helsinki_disrupted,industrial_disrupted,,1101,1074,1182474.0,1050.55,1023.77,1075521.38,0.9095518189774857,4707,5506,113536.27,0.004656339166865402,11.1858,6.551,2.3395,5,0.0967,0.3355,1,1.0,883,0.160371,823,0.174846,2135.39,731.15,1.4045,4.7683,0.2613,1.5525,0.6572,0.0,0.9297,0.4687,yes,yes,no,partial,no,PASS,,899896570
OSM_helsinki_disrupted_offset_w_1000m_500m_0838,1000,osm,helsinki_disrupted,industrial_disrupted,,1101,1074,1182474.0,1050.55,1023.77,1075521.38,0.9095518189774857,4707,5506,113536.27,0.004656339166865402,11.1858,6.551,2.3395,5,0.0967,0.3355,1,1.0,883,0.160371,823,0.174846,2135.39,749.56,1.3747,4.7683,0.2613,1.5525,0.6572,0.0,0.9297,0.4687,yes,yes,no,partial,no,PASS,,4219517347
OSM_helsinki_disrupted_offset_w_1000m_500m_0954,1000,osm,helsinki_disrupted,industrial_disrupted,,1101,1074,1182474.0,1050.55,1023.77,1075521.38,0.9095518189774857,4707,5506,113536.27,0.004656339166865402,11.1858,6.551,2.3395,5,0.0967,0.3355,1,1.0,883,0.160371,823,0.174846,2135.39,735.57,1.4856,4.7683,0.2613,1.5525,0.6572,0.0,0.9297,0.4687,yes,yes,no,partial,no,PASS,,855873116
OSM_helsinki_disrupted_offset_w_1000m_500m_1072,1200,osm,helsinki_disrupted,industrial_disrupted,,1101,1074,1182474.0,1050.55,1023.77,1075521.38,0.9095518189774857,4707,5506,113536.27,0.004656339166865402,11.1858,6.551,2.3395,5,0.0967,0.3355,1,1.0,883,0.160371,823,0.174846,2135.39,775.05,1.4691,4.7683,0.2613,1.5525,0.6572,0.0,0.9297,0.4687,yes,yes,no,partial,no,PASS,,93037660
OSM_helsinki_disrupted_offset_w_1000m_500m_1198,1200,osm,helsinki_disrupted,industrial_disrupted,,1101,1074,1182474.0,1050.55,1023.77,1075521.38,0.9095518189774857,4707,5506,113536.27,0.004656339166865402,11.1858,6.551,2.3395,5,0.0967,0.3355,1,1.0,883,0.160371,823,0.174846,2135.39,674.76,1.3915,4.7683,0.2613,1.5525,0.6572,0.0,0.9297,0.4687,yes,yes,no,partial,no,PASS,,1521738299
OSM_helsinki_downtown_exact_1000m_0m_0006,100,osm,helsinki_downtown,dense_urban_irregular,,1073,1033,1108409.0,1022.24,982.19,1004033.69,0.9058332150149564,881,922,14027.38,0.0008318229101351577,12.0926,7.144,2.0931,5,0.0182,0.084,1,1.0,169,0.183297,169,0.191827,2295.65,648.76,1.358,4.6013,0.4181,1.6074,0.5084,0.0,0.9046,0.4859,yes,yes,partial,yes,no,PASS,,3751819965
OSM_helsinki_downtown_exact_1000m_0m_0117,200,osm,helsinki_downtown,dense_urban_irregular,,1073,1033,1108409.0,1022.24,982.19,1004033.69,0.9058332150149564,881,922,14027.38,0.0008318229101351577,12.0926,7.144,2.0931,5,0.0182,0.084,1,1.0,169,0.183297,169,0.191827,2295.65,635.95,1.5873,4.6013,0.4181,1.6074,0.5084,0.0,0.9046,0.4859,yes,yes,partial,yes,no,PASS,,1597017971
OSM_helsinki_downtown_exact_1000m_0m_0229,400,osm,helsinki_downtown,dense_urban_irregular,,1073,1033,1108409.0,1022.24,982.19,1004033.69,0.9058332150149564,881,922,14027.38,0.0008318229101351577,12.0926,7.144,2.0931,5,0.0182,0.084,1,1.0,169,0.183297,169,0.191827,2295.65,700.62,1.4368,4.6013,0.4181,1.6074,0.5084,0.0,0.9046,0.4859,yes,yes,partial,yes,no,PASS,,444920584
OSM_helsinki_downtown_exact_1000m_0m_0336,400,osm,helsinki_downtown,dense_urban_irregular,,1073,1033,1108409.0,1022.24,982.19,1004033.69,0.9058332150149564,881,922,14027.38,0.0008318229101351577,12.0926,7.144,2.0931,5,0.0182,0.084,1,1.0,169,0.183297,169,0.191827,2295.65,735.56,1.4802,4.6013,0.4181,1.6074,0.5084,0.0,0.9046,0.4859,yes,yes,partial,yes,no,PASS,,455824578
OSM_helsinki_downtown_exact_1000m_0m_0457,600,osm,helsinki_downtown,dense_urban_irregular,,1073,1033,1108409.0,1022.24,982.19,1004033.69,0.9058332150149564,881,922,14027.38,0.0008318229101351577,12.0926,7.144,2.0931,5,0.0182,0.084,1,1.0,169,0.183297,169,0.191827,2295.65,729.13,1.6245,4.6013,0.4181,1.6074,0.5084,0.0,0.9046,0.4859,yes,yes,partial,yes,no,PASS,,298945024
OSM_helsinki_downtown_exact_1000m_0m_0579,600,osm,helsinki_downtown,dense_urban_irregular,,1073,1033,1108409.0,1022.24,982.19,1004033.69,0.9058332150149564,881,922,14027.38,0.0008318229101351577,12.0926,7.144,2.0931,5,0.0182,0.084,1,1.0,169,0.183297,169,0.191827,2295.65,577.97,1.5377,4.6013,0.4181,1.6074,0.5084,0.0,0.9046,0.4859,yes,yes,partial,yes,no,PASS,,208532613
OSM_helsinki_downtown_exact_1000m_0m_0697,800,osm,helsinki_downtown,dense_urban_irregular,,1073,1033,1108409.0,1022.24,982.19,1004033.69,0.9058332150149564,881,922,14027.38,0.0008318229101351577,12.0926,7.144,2.0931,5,0.0182,0.084,1,1.0,169,0.183297,169,0.191827,2295.65,687.36,1.4606,4.6013,0.4181,1.6074,0.5084,0.0,0.9046,0.4859,yes,yes,partial,yes,no,PASS,,3029893460
OSM_helsinki_downtown_exact_1000m_0m_0809,1000,osm,helsinki_downtown,dense_urban_irregular,,1073,1033,1108409.0,1022.24,982.19,1004033.69,0.9058332150149564,881,922,14027.38,0.0008318229101351577,12.0926,7.144,2.0931,5,0.0182,0.084,1,1.0,169,0.183297,169,0.191827,2295.65,669.66,1.7152,4.6013,0.4181,1.6074,0.5084,0.0,0.9046,0.4859,yes,yes,partial,yes,no,PASS,,3409377800
OSM_helsinki_downtown_exact_1000m_0m_0926,1000,osm,helsinki_downtown,dense_urban_irregular,,1073,1033,1108409.0,1022.24,982.19,1004033.69,0.9058332150149564,881,922,14027.38,0.0008318229101351577,12.0926,7.144,2.0931,5,0.0182,0.084,1,1.0,169,0.183297,169,0.191827,2295.65,602.4,1.3725,4.6013,0.4181,1.6074,0.5084,0.0,0.9046,0.4859,yes,yes,partial,yes,no,PASS,,331029587
OSM_helsinki_downtown_exact_1000m_0m_1047,1200,osm,helsinki_downtown,dense_urban_irregular,,1073,1033,1108409.0,1022.24,982.19,1004033.69,0.9058332150149564,881,922,14027.38,0.0008318229101351577,12.0926,7.144,2.0931,5,0.0182,0.084,1,1.0,169,0.183297,169,0.191827,2295.65,663.99,1.4723,4.6013,0.4181,1.6074,0.5084,0.0,0.9046,0.4859,yes,yes,partial,yes,no,PASS,,893047663
OSM_helsinki_downtown_exact_1000m_0m_1162,1200,osm,helsinki_downtown,dense_urban_irregular,,1073,1033,1108409.0,1022.24,982.19,1004033.69,0.9058332150149564,881,922,14027.38,0.0008318229101351577,12.0926,7.144,2.0931,5,0.0182,0.084,1,1.0,169,0.183297,169,0.191827,2295.65,718.89,1.5606,4.6013,0.4181,1.6074,0.5084,0.0,0.9046,0.4859,yes,yes,partial,yes,no,PASS,,2897432184
OSM_helsinki_downtown_exact_1500m_0m_0090,100,osm,helsinki_downtown,dense_urban_irregular,,1554,1547,2404038.0,1503.49,1496.92,2250602.26,0.936175825128722,2494,2615,44930.92,0.0010877531885935248,12.088,7.0846,2.097,5,0.014,0.0834,1,1.0,348,0.133078,342,0.137129,3159.74,1004.94,1.3948,4.4173,0.4657,1.4034,0.5754,0.0,0.9296,0.4834,yes,yes,partial,yes,no,PASS,,924424975
OSM_helsinki_downtown_exact_1500m_0m_0197,200,osm,helsinki_downtown,dense_urban_irregular,,1554,1547,2404038.0,1503.49,1496.92,2250602.26,0.936175825128722,2494,2615,44930.92,0.0010877531885935248,12.088,7.0846,2.097,5,0.014,0.0834,1,1.0,348,0.133078,342,0.137129,3159.74,1089.58,1.4333,4.4173,0.4657,1.4034,0.5754,0.0,0.9296,0.4834,yes,yes,partial,yes,no,PASS,,971255183
OSM_helsinki_downtown_exact_1500m_0m_0311,400,osm,helsinki_downtown,dense_urban_irregular,,1554,1547,2404038.0,1503.49,1496.92,2250602.26,0.936175825128722,2494,2615,44930.92,0.0010877531885935248,12.088,7.0846,2.097,5,0.014,0.0834,1,1.0,348,0.133078,342,0.137129,3159.74,998.73,1.4424,4.4173,0.4657,1.4034,0.5754,0.0,0.9296,0.4834,yes,yes,partial,yes,no,PASS,,3044982038
OSM_helsinki_downtown_exact_1500m_0m_0430,600,osm,helsinki_downtown,dense_urban_irregular,,1554,1547,2404038.0,1503.49,1496.92,2250602.26,0.936175825128722,2494,2615,44930.92,0.0010877531885935248,12.088,7.0846,2.097,5,0.014,0.0834,1,1.0,348,0.133078,342,0.137129,3159.74,1163.78,1.4145,4.4173,0.4657,1.4034,0.5754,0.0,0.9296,0.4834,yes,yes,partial,yes,no,PASS,,3399433831
OSM_helsinki_downtown_exact_1500m_0m_0550,600,osm,helsinki_downtown,dense_urban_irregular,,1554,1547,2404038.0,1503.49,1496.92,2250602.26,0.936175825128722,2494,2615,44930.92,0.0010877531885935248,12.088,7.0846,2.097,5,0.014,0.0834,1,1.0,348,0.133078,342,0.137129,3159.74,1183.34,1.4378,4.4173,0.4657,1.4034,0.5754,0.0,0.9296,0.4834,yes,yes,partial,yes,no,PASS,,1779564019
OSM_helsinki_downtown_exact_1500m_0m_0667,800,osm,helsinki_downtown,dense_urban_irregular,,1554,1547,2404038.0,1503.49,1496.92,2250602.26,0.936175825128722,2494,2615,44930.92,0.0010877531885935248,12.088,7.0846,2.097,5,0.014,0.0834,1,1.0,348,0.133078,342,0.137129,3159.74,1060.98,1.447,4.4173,0.4657,1.4034,0.5754,0.0,0.9296,0.4834,yes,yes,partial,yes,no,PASS,,3164888676
OSM_helsinki_downtown_exact_1500m_0m_0779,800,osm,helsinki_downtown,dense_urban_irregular,,1554,1547,2404038.0,1503.49,1496.92,2250602.26,0.936175825128722,2494,2615,44930.92,0.0010877531885935248,12.088,7.0846,2.097,5,0.014,0.0834,1,1.0,348,0.133078,342,0.137129,3159.74,1090.73,1.3991,4.4173,0.4657,1.4034,0.5754,0.0,0.9296,0.4834,yes,yes,partial,yes,no,PASS,,4160264056
OSM_helsinki_downtown_exact_1500m_0m_0899,1000,osm,helsinki_downtown,dense_urban_irregular,,1554,1547,2404038.0,1503.49,1496.92,2250602.26,0.936175825128722,2494,2615,44930.92,0.0010877531885935248,12.088,7.0846,2.097,5,0.014,0.0834,1,1.0,348,0.133078,342,0.137129,3159.74,1129.53,1.4436,4.4173,0.4657,1.4034,0.5754,0.0,0.9296,0.4834,yes,yes,partial,yes,no,PASS,,4078965355
OSM_helsinki_downtown_exact_1500m_0m_1018,1200,osm,helsinki_downtown,dense_urban_irregular,,1554,1547,2404038.0,1503.49,1496.92,2250602.26,0.936175825128722,2494,2615,44930.92,0.0010877531885935248,12.088,7.0846,2.097,5,0.014,0.0834,1,1.0,348,0.133078,342,0.137129,3159.74,1118.56,1.5302,4.4173,0.4657,1.4034,0.5754,0.0,0.9296,0.4834,yes,yes,partial,yes,no,PASS,,186789447
OSM_helsinki_downtown_exact_1500m_0m_1135,1200,osm,helsinki_downtown,dense_urban_irregular,,1554,1547,2404038.0,1503.49,1496.92,2250602.26,0.936175825128722,2494,2615,44930.92,0.0010877531885935248,12.088,7.0846,2.097,5,0.014,0.0834,1,1.0,348,0.133078,342,0.137129,3159.74,1134.67,1.3963,4.4173,0.4657,1.4034,0.5754,0.0,0.9296,0.4834,yes,yes,partial,yes,no,PASS,,1636148836
OSM_helsinki_downtown_exact_2500m_0m_0060,100,osm,helsinki_downtown,dense_urban_irregular,,2548,2560,6522880.0,2497.21,2509.84,6267587.37,0.9608619764611276,6374,6723,122250.16,0.0010306796997645211,12.6934,7.2684,2.1095,5,0.0096,0.0874,1,1.0,494,0.073479,493,0.077345,4696.92,1648.71,1.3144,4.5379,0.4885,1.2952,0.6138,0.0,0.9398,0.4785,yes,yes,partial,yes,no,PASS,,2423555645
OSM_helsinki_downtown_exact_2500m_0m_0169,200,osm,helsinki_downtown,dense_urban_irregular,,2548,2560,6522880.0,2497.21,2509.84,6267587.37,0.9608619764611276,6374,6723,122250.16,0.0010306796997645211,12.6934,7.2684,2.1095,5,0.0096,0.0874,1,1.0,494,0.073479,493,0.077345,4696.92,1578.51,1.3387,4.5379,0.4885,1.2952,0.6138,0.0,0.9398,0.4785,yes,yes,partial,yes,no,PASS,,2989733783
OSM_helsinki_downtown_exact_2500m_0m_0286,400,osm,helsinki_downtown,dense_urban_irregular,,2548,2560,6522880.0,2497.21,2509.84,6267587.37,0.9608619764611276,6374,6723,122250.16,0.0010306796997645211,12.6934,7.2684,2.1095,5,0.0096,0.0874,1,1.0,494,0.073479,493,0.077345,4696.92,1635.18,1.3467,4.5379,0.4885,1.2952,0.6138,0.0,0.9398,0.4785,yes,yes,partial,yes,no,PASS,,2342119145
OSM_helsinki_downtown_exact_2500m_0m_0396,400,osm,helsinki_downtown,dense_urban_irregular,,2548,2560,6522880.0,2497.21,2509.84,6267587.37,0.9608619764611276,6374,6723,122250.16,0.0010306796997645211,12.6934,7.2684,2.1095,5,0.0096,0.0874,1,1.0,494,0.073479,493,0.077345,4696.92,1745.35,1.27,4.5379,0.4885,1.2952,0.6138,0.0,0.9398,0.4785,yes,yes,partial,yes,no,PASS,,3453449279
OSM_helsinki_downtown_exact_2500m_0m_0511,600,osm,helsinki_downtown,dense_urban_irregular,,2548,2560,6522880.0,2497.21,2509.84,6267587.37,0.9608619764611276,6374,6723,122250.16,0.0010306796997645211,12.6934,7.2684,2.1095,5,0.0096,0.0874,1,1.0,494,0.073479,493,0.077345,4696.92,1471.43,1.2879,4.5379,0.4885,1.2952,0.6138,0.0,0.9398,0.4785,yes,yes,partial,yes,no,PASS,,226859263
OSM_helsinki_downtown_exact_2500m_0m_0637,800,osm,helsinki_downtown,dense_urban_irregular,,2548,2560,6522880.0,2497.21,2509.84,6267587.37,0.9608619764611276,6374,6723,122250.16,0.0010306796997645211,12.6934,7.2684,2.1095,5,0.0096,0.0874,1,1.0,494,0.073479,493,0.077345,4696.92,1674.11,1.3429,4.5379,0.4885,1.2952,0.6138,0.0,0.9398,0.4785,yes,yes,partial,yes,no,PASS,,2873675581
OSM_helsinki_downtown_exact_2500m_0m_0750,800,osm,helsinki_downtown,dense_urban_irregular,,2548,2560,6522880.0,2497.21,2509.84,6267587.37,0.9608619764611276,6374,6723,122250.16,0.0010306796997645211,12.6934,7.2684,2.1095,5,0.0096,0.0874,1,1.0,494,0.073479,493,0.077345,4696.92,1763.54,1.3511,4.5379,0.4885,1.2952,0.6138,0.0,0.9398,0.4785,yes,yes,partial,yes,no,PASS,,1035193449
OSM_helsinki_downtown_exact_2500m_0m_0878,1000,osm,helsinki_downtown,dense_urban_irregular,,2548,2560,6522880.0,2497.21,2509.84,6267587.37,0.9608619764611276,6374,6723,122250.16,0.0010306796997645211,12.6934,7.2684,2.1095,5,0.0096,0.0874,1,1.0,494,0.073479,493,0.077345,4696.92,1523.12,1.4034,4.5379,0.4885,1.2952,0.6138,0.0,0.9398,0.4785,yes,yes,partial,yes,no,PASS,,1129064130
OSM_helsinki_downtown_exact_2500m_0m_0987,1000,osm,helsinki_downtown,dense_urban_irregular,,2548,2560,6522880.0,2497.21,2509.84,6267587.37,0.9608619764611276,6374,6723,122250.16,0.0010306796997645211,12.6934,7.2684,2.1095,5,0.0096,0.0874,1,1.0,494,0.073479,493,0.077345,4696.92,1810.41,1.3318,4.5379,0.4885,1.2952,0.6138,0.0,0.9398,0.4785,yes,yes,partial,yes,no,PASS,,3597683619
OSM_helsinki_downtown_exact_2500m_0m_1098,1200,osm,helsinki_downtown,dense_urban_irregular,,2548,2560,6522880.0,2497.21,2509.84,6267587.37,0.9608619764611276,6374,6723,122250.16,0.0010306796997645211,12.6934,7.2684,2.1095,5,0.0096,0.0874,1,1.0,494,0.073479,493,0.077345,4696.92,1633.08,1.466,4.5379,0.4885,1.2952,0.6138,0.0,0.9398,0.4785,yes,yes,partial,yes,no,PASS,,956007805
OSM_helsinki_downtown_exact_500m_0m_0033,100,osm,helsinki_downtown,dense_urban_irregular,,540,437,235980.0,489.47,386.54,189201.15,0.8017677152063818,282,301,3671.98,0.0012755318247309093,10.6126,6.2795,2.1348,5,0.0071,0.1028,1,1.0,14,0.046512,15,0.053191,1259.86,231.25,1.4664,4.0641,0.5,4.6564,0.5279,0.0,0.8638,0.4701,yes,yes,partial,yes,no,PASS,,4270385327
OSM_helsinki_downtown_exact_500m_0m_0143,200,osm,helsinki_downtown,dense_urban_irregular,,540,437,235980.0,489.47,386.54,189201.15,0.8017677152063818,282,301,3671.98,0.0012755318247309093,10.6126,6.2795,2.1348,5,0.0071,0.1028,1,1.0,14,0.046512,15,0.053191,1259.86,248.92,1.3063,4.0641,0.5,4.6564,0.5279,0.0,0.8638,0.4701,yes,yes,partial,yes,no,PASS,,1747572170
OSM_helsinki_downtown_exact_500m_0m_0254,400,osm,helsinki_downtown,dense_urban_irregular,,540,437,235980.0,489.47,386.54,189201.15,0.8017677152063818,282,301,3671.98,0.0012755318247309093,10.6126,6.2795,2.1348,5,0.0071,0.1028,1,1.0,14,0.046512,15,0.053191,1259.86,214.45,1.4635,4.0641,0.5,4.6564,0.5279,0.0,0.8638,0.4701,yes,yes,partial,yes,no,PASS,,919053549
OSM_helsinki_downtown_exact_500m_0m_0360,400,osm,helsinki_downtown,dense_urban_irregular,,540,437,235980.0,489.47,386.54,189201.15,0.8017677152063818,282,301,3671.98,0.0012755318247309093,10.6126,6.2795,2.1348,5,0.0071,0.1028,1,1.0,14,0.046512,15,0.053191,1259.86,264.59,1.3735,4.0641,0.5,4.6564,0.5279,0.0,0.8638,0.4701,yes,yes,partial,yes,no,PASS,,1509823473
OSM_helsinki_downtown_exact_500m_0m_0487,600,osm,helsinki_downtown,dense_urban_irregular,,540,437,235980.0,489.47,386.54,189201.15,0.8017677152063818,282,301,3671.98,0.0012755318247309093,10.6126,6.2795,2.1348,5,0.0071,0.1028,1,1.0,14,0.046512,15,0.053191,1259.86,307.15,1.2889,4.0641,0.5,4.6564,0.5279,0.0,0.8638,0.4701,yes,yes,partial,yes,no,PASS,,2889260051
OSM_helsinki_downtown_exact_500m_0m_0608,800,osm,helsinki_downtown,dense_urban_irregular,,540,437,235980.0,489.47,386.54,189201.15,0.8017677152063818,282,301,3671.98,0.0012755318247309093,10.6126,6.2795,2.1348,5,0.0071,0.1028,1,1.0,14,0.046512,15,0.053191,1259.86,258.0,1.3267,4.0641,0.5,4.6564,0.5279,0.0,0.8638,0.4701,yes,yes,partial,yes,no,PASS,,677535861
OSM_helsinki_downtown_exact_500m_0m_0718,800,osm,helsinki_downtown,dense_urban_irregular,,540,437,235980.0,489.47,386.54,189201.15,0.8017677152063818,282,301,3671.98,0.0012755318247309093,10.6126,6.2795,2.1348,5,0.0071,0.1028,1,1.0,14,0.046512,15,0.053191,1259.86,298.96,1.4155,4.0641,0.5,4.6564,0.5279,0.0,0.8638,0.4701,yes,yes,partial,yes,no,PASS,,296659288
OSM_helsinki_downtown_exact_500m_0m_0846,1000,osm,helsinki_downtown,dense_urban_irregular,,540,437,235980.0,489.47,386.54,189201.15,0.8017677152063818,282,301,3671.98,0.0012755318247309093,10.6126,6.2795,2.1348,5,0.0071,0.1028,1,1.0,14,0.046512,15,0.053191,1259.86,279.2,1.412,4.0641,0.5,4.6564,0.5279,0.0,0.8638,0.4701,yes,yes,partial,yes,no,PASS,,3416102337
OSM_helsinki_downtown_exact_500m_0m_0956,1000,osm,helsinki_downtown,dense_urban_irregular,,540,437,235980.0,489.47,386.54,189201.15,0.8017677152063818,282,301,3671.98,0.0012755318247309093,10.6126,6.2795,2.1348,5,0.0071,0.1028,1,1.0,14,0.046512,15,0.053191,1259.86,270.54,1.3837,4.0641,0.5,4.6564,0.5279,0.0,0.8638,0.4701,yes,yes,partial,yes,no,PASS,,1153217143
OSM_helsinki_downtown_exact_500m_0m_1073,1200,osm,helsinki_downtown,dense_urban_irregular,,540,437,235980.0,489.47,386.54,189201.15,0.8017677152063818,282,301,3671.98,0.0012755318247309093,10.6126,6.2795,2.1348,5,0.0071,0.1028,1,1.0,14,0.046512,15,0.053191,1259.86,241.44,1.3816,4.0641,0.5,4.6564,0.5279,0.0,0.8638,0.4701,yes,yes,partial,yes,no,PASS,,577355818
OSM_kallio_community_offset_n_1000m_1000m_0287,400,osm,kallio_community,compact_residential,,1067,1080,1152360.0,1016.83,1029.95,1047294.03,0.908825394144648,4112,4939,114662.35,0.004285987017945781,12.4741,7.0978,2.4022,6,0.0664,0.3405,1,1.0,628,0.127151,591,0.143726,2301.88,745.3,1.3745,4.5098,0.2643,1.0495,0.6729,0.0,0.9152,0.4438,yes,yes,yes,yes,no,PASS,,1060998896
OSM_kallio_community_offset_n_1000m_1000m_0879,1000,osm,kallio_community,compact_residential,,1067,1080,1152360.0,1016.83,1029.95,1047294.03,0.908825394144648,4112,4939,114662.35,0.004285987017945781,12.4741,7.0978,2.4022,6,0.0664,0.3405,1,1.0,628,0.127151,591,0.143726,2301.88,673.0,1.3393,4.5098,0.2643,1.0495,0.6729,0.0,0.9152,0.4438,yes,yes,yes,yes,no,PASS,,1772507168
OSM_kallio_community_offset_n_1000m_1500m_0145,200,osm,kallio_community,compact_residential,,1066,1065,1135290.0,1015.55,1014.31,1030082.41,0.9073297626302972,4323,5102,113545.55,0.004494005936809097,11.7591,7.2155,2.3604,6,0.0712,0.3262,1,1.0,602,0.117993,568,0.13139,2212.46,640.82,1.2971,4.6507,0.4179,1.5968,0.6569,0.0,0.9241,0.4537,yes,yes,yes,yes,no,PASS,,2051256954
OSM_kallio_community_offset_n_1000m_1500m_0719,800,osm,kallio_community,compact_residential,,1066,1065,1135290.0,1015.55,1014.31,1030082.41,0.9073297626302972,4323,5102,113545.55,0.004494005936809097,11.7591,7.2155,2.3604,6,0.0712,0.3262,1,1.0,602,0.117993,568,0.13139,2212.46,687.91,1.3176,4.6507,0.4179,1.5968,0.6569,0.0,0.9241,0.4537,yes,yes,yes,yes,no,PASS,,414957543
OSM_kallio_community_offset_n_1000m_200m_0007,100,osm,kallio_community,compact_residential,,1067,1063,1134221.0,1016.37,1012.66,1029232.61,0.9074356845566911,4933,5890,116378.12,0.00519299148931293,10.6213,6.3548,2.388,6,0.1139,0.3681,1,1.0,1096,0.186078,1048,0.212447,2920.33,582.97,1.3603,4.4162,0.4112,1.0914,0.6166,0.0,0.9233,0.4664,yes,yes,yes,yes,no,PASS,,3717968366
OSM_kallio_community_offset_n_1000m_200m_0580,600,osm,kallio_community,compact_residential,,1067,1063,1134221.0,1016.37,1012.66,1029232.61,0.9074356845566911,4933,5890,116378.12,0.00519299148931293,10.6213,6.3548,2.388,6,0.1139,0.3681,1,1.0,1096,0.186078,1048,0.212447,2920.33,592.83,1.3698,4.4162,0.4112,1.0914,0.6166,0.0,0.9233,0.4664,yes,yes,yes,yes,no,PASS,,3660555156
OSM_kallio_community_offset_n_1000m_200m_1163,1200,osm,kallio_community,compact_residential,,1067,1063,1134221.0,1016.37,1012.66,1029232.61,0.9074356845566911,4933,5890,116378.12,0.00519299148931293,10.6213,6.3548,2.388,6,0.1139,0.3681,1,1.0,1096,0.186078,1048,0.212447,2920.33,622.83,1.4092,4.4162,0.4112,1.0914,0.6166,0.0,0.9233,0.4664,yes,yes,yes,yes,no,PASS,,1272187341
OSM_kallio_community_offset_n_1000m_500m_0431,600,osm,kallio_community,compact_residential,,1075,1074,1154550.0,1024.77,1023.74,1049093.28,0.9086598977502262,4717,5648,117899.49,0.0048919492442943135,11.3858,6.5642,2.3947,5,0.0854,0.3477,1,1.0,897,0.158817,856,0.181471,2052.42,596.66,1.3522,4.5439,0.4484,1.0405,0.6222,0.0,0.9186,0.4532,yes,yes,yes,yes,no,PASS,,313698355
OSM_kallio_community_offset_n_1000m_500m_1019,1200,osm,kallio_community,compact_residential,,1075,1074,1154550.0,1024.77,1023.74,1049093.28,0.9086598977502262,4717,5648,117899.49,0.0048919492442943135,11.3858,6.5642,2.3947,5,0.0854,0.3477,1,1.0,897,0.158817,856,0.181471,2052.42,633.36,1.3506,4.5439,0.4484,1.0405,0.6222,0.0,0.9186,0.4532,yes,yes,yes,yes,no,PASS,,932620693
OSM_kallio_community_offset_n_1500m_1000m_0488,600,osm,kallio_community,compact_residential,,1588,1587,2520156.0,1537.68,1536.22,2362214.0,0.9373284812552412,10082,12131,269738.94,0.004813590904690027,12.006,6.7682,2.4065,6,0.0746,0.3516,1,1.0,1600,0.131893,1526,0.151359,4654.39,953.94,1.2657,4.8084,0.3976,1.5022,0.6523,0.0,0.9341,0.4465,yes,yes,yes,yes,no,PASS,,52523791
OSM_kallio_community_offset_n_1500m_1000m_1075,1200,osm,kallio_community,compact_residential,,1588,1587,2520156.0,1537.68,1536.22,2362214.0,0.9373284812552412,10082,12131,269738.94,0.004813590904690027,12.006,6.7682,2.4065,6,0.0746,0.3516,1,1.0,1600,0.131893,1526,0.151359,4654.39,1030.88,1.2868,4.8084,0.3976,1.5022,0.6523,0.0,0.9341,0.4465,yes,yes,yes,yes,no,PASS,,2147445235
OSM_kallio_community_offset_n_1500m_1500m_0337,400,osm,kallio_community,compact_residential,,1578,1562,2464836.0,1527.39,1511.32,2308382.88,0.9365259507975272,9573,11470,262475.83,0.004653453617198061,12.1393,7.1426,2.3963,6,0.0635,0.3415,1,1.0,1176,0.102528,1114,0.116369,4162.53,845.79,1.2835,4.7365,0.4007,1.1476,0.6376,0.0,0.9346,0.4438,yes,yes,yes,yes,no,PASS,,465916400
OSM_kallio_community_offset_n_1500m_1500m_0929,1000,osm,kallio_community,compact_residential,,1578,1562,2464836.0,1527.39,1511.32,2308382.88,0.9365259507975272,9573,11470,262475.83,0.004653453617198061,12.1393,7.1426,2.3963,6,0.0635,0.3415,1,1.0,1176,0.102528,1114,0.116369,4162.53,953.03,1.2812,4.7365,0.4007,1.1476,0.6376,0.0,0.9346,0.4438,yes,yes,yes,yes,no,PASS,,2615702688
OSM_kallio_community_offset_n_1500m_200m_0198,200,osm,kallio_community,compact_residential,,1573,1585,2493205.0,1522.46,1534.45,2336146.73,0.9370054714250513,10143,12091,248807.74,0.004849581161597221,11.0729,6.5746,2.3841,6,0.1029,0.3601,1,1.0,2054,0.169878,1944,0.191659,3526.85,897.49,1.307,4.7706,0.3637,1.3196,0.6041,0.0,0.9357,0.4626,yes,yes,yes,yes,no,PASS,,350077553
OSM_kallio_community_offset_n_1500m_200m_0780,800,osm,kallio_community,compact_residential,,1573,1585,2493205.0,1522.46,1534.45,2336146.73,0.9370054714250513,10143,12091,248807.74,0.004849581161597221,11.0729,6.5746,2.3841,6,0.1029,0.3601,1,1.0,2054,0.169878,1944,0.191659,3526.85,981.03,1.2555,4.7706,0.3637,1.3196,0.6041,0.0,0.9357,0.4626,yes,yes,yes,yes,no,PASS,,2947784772
OSM_kallio_community_offset_n_1500m_500m_0065,100,osm,kallio_community,compact_residential,,1584,1585,2510640.0,1533.68,1534.47,2353387.53,0.9373655845168501,10268,12297,262480.59,0.004897954306471657,11.4937,6.5341,2.3952,6,0.1011,0.3635,1,1.0,2048,0.166545,1937,0.188644,3916.58,963.01,1.2843,4.7145,0.3207,1.275,0.6147,0.0,0.9355,0.4597,yes,yes,yes,yes,no,PASS,,1927539477
OSM_kallio_community_offset_n_1500m_500m_0638,800,osm,kallio_community,compact_residential,,1584,1585,2510640.0,1533.68,1534.47,2353387.53,0.9373655845168501,10268,12297,262480.59,0.004897954306471657,11.4937,6.5341,2.3952,6,0.1011,0.3635,1,1.0,2048,0.166545,1937,0.188644,3916.58,870.43,1.2822,4.7145,0.3207,1.275,0.6147,0.0,0.9355,0.4597,yes,yes,yes,yes,no,PASS,,1865769892
OSM_kallio_community_offset_n_2500m_1000m_0118,200,osm,kallio_community,compact_residential,,2618,2607,6825126.0,2567.26,2556.84,6564079.43,0.9617521248382195,28154,33312,718821.89,0.004880789014005016,11.6273,6.8467,2.3664,6,0.0816,0.3339,1,1.0,4425,0.132835,4227,0.150139,5842.24,1675.49,1.2635,4.9972,0.4046,1.2198,0.6472,0.0,0.9555,0.457,yes,yes,yes,yes,no,PASS,,1707895829
OSM_kallio_community_offset_n_2500m_1000m_0698,800,osm,kallio_community,compact_residential,,2618,2607,6825126.0,2567.26,2556.84,6564079.43,0.9617521248382195,28154,33312,718821.89,0.004880789014005016,11.6273,6.8467,2.3664,6,0.0816,0.3339,1,1.0,4425,0.132835,4227,0.150139,5842.24,1494.3,1.2413,4.9972,0.4046,1.2198,0.6472,0.0,0.9555,0.457,yes,yes,yes,yes,no,PASS,,433764363
OSM_kallio_community_offset_n_2500m_1500m_0551,600,osm,kallio_community,compact_residential,,2603,2601,6770403.0,2552.45,2550.68,6510488.83,0.9616102359738925,25830,30341,678813.65,0.004481417132776291,12.0672,7.1241,2.3493,6,0.0708,0.3146,1,1.0,3809,0.12554,3644,0.141076,5657.17,1488.93,1.247,5.0183,0.4133,1.2233,0.6266,0.0,0.9551,0.4558,yes,yes,yes,yes,no,PASS,,2235337187
OSM_kallio_community_offset_n_2500m_1500m_1138,1200,osm,kallio_community,compact_residential,,2603,2601,6770403.0,2552.45,2550.68,6510488.83,0.9616102359738925,25830,30341,678813.65,0.004481417132776291,12.0672,7.1241,2.3493,6,0.0708,0.3146,1,1.0,3809,0.12554,3644,0.141076,5657.17,1584.96,1.2382,5.0183,0.4133,1.2233,0.6266,0.0,0.9551,0.4558,yes,yes,yes,yes,no,PASS,,498557235
OSM_kallio_community_offset_n_2500m_200m_0398,400,osm,kallio_community,compact_residential,,2621,2609,6838189.0,2570.72,2558.07,6576075.88,0.9616692192830614,25400,30104,642318.83,0.004402335179679883,11.4655,6.6812,2.3704,6,0.0948,0.3453,1,1.0,4628,0.153734,4342,0.170945,7207.33,1849.06,1.263,5.01,0.3867,1.2358,0.5859,0.0,0.9549,0.4618,yes,yes,yes,yes,no,PASS,,2967685330
OSM_kallio_community_offset_n_2500m_200m_0989,1000,osm,kallio_community,compact_residential,,2621,2609,6838189.0,2570.72,2558.07,6576075.88,0.9616692192830614,25400,30104,642318.83,0.004402335179679883,11.4655,6.6812,2.3704,6,0.0948,0.3453,1,1.0,4628,0.153734,4342,0.170945,7207.33,1307.52,1.2255,5.01,0.3867,1.2358,0.5859,0.0,0.9549,0.4618,yes,yes,yes,yes,no,PASS,,1193616801
OSM_kallio_community_offset_n_2500m_500m_0256,400,osm,kallio_community,compact_residential,,2624,2574,6754176.0,2573.6,2523.43,6494313.23,0.9615256152525006,26762,31854,684629.76,0.004716193359486042,11.6451,6.7832,2.3805,6,0.0866,0.3463,1,1.0,4412,0.138507,4227,0.157948,7457.28,1491.67,1.2555,4.9879,0.4016,1.161,0.6172,0.0,0.9536,0.4564,yes,yes,yes,yes,no,PASS,,1739524756
OSM_kallio_community_offset_n_2500m_500m_0847,1000,osm,kallio_community,compact_residential,,2624,2574,6754176.0,2573.6,2523.43,6494313.23,0.9615256152525006,26762,31854,684629.76,0.004716193359486042,11.6451,6.7832,2.3805,6,0.0866,0.3463,1,1.0,4412,0.138507,4227,0.157948,7457.28,1265.95,1.209,4.9879,0.4016,1.161,0.6172,0.0,0.9536,0.4564,yes,yes,yes,yes,no,PASS,,1202241508
OSM_kallio_community_offset_n_5000m_1000m_0313,400,osm,kallio_community,compact_residential,,5195,5193,26977635.0,5144.66,5142.53,26456581.77,0.9806857336254362,81691,96333,2250045.76,0.003570846740272081,12.4049,7.2833,2.3585,6,0.0802,0.3279,1,1.0,13036,0.135322,12369,0.151412,12431.8,2934.87,1.2094,5.1117,0.3998,1.2846,0.5956,0.0,0.9691,0.458,yes,yes,yes,yes,no,PASS,,2654645474
OSM_kallio_community_offset_n_5000m_1000m_0901,1000,osm,kallio_community,compact_residential,,5195,5193,26977635.0,5144.66,5142.53,26456581.77,0.9806857336254362,81691,96333,2250045.76,0.003570846740272081,12.4049,7.2833,2.3585,6,0.0802,0.3279,1,1.0,13036,0.135322,12369,0.151412,12431.8,2527.93,1.1944,5.1117,0.3998,1.2846,0.5956,0.0,0.9691,0.458,yes,yes,yes,yes,no,PASS,,588581352
OSM_kallio_community_offset_n_5000m_1500m_0170,200,osm,kallio_community,compact_residential,,5162,5183,26754646.0,5111.87,5132.94,26238920.26,0.9807238810285793,78695,92497,2214561.25,0.003457231316011432,12.7082,7.5781,2.3508,6,0.0731,0.317,1,1.0,11820,0.127788,11323,0.143885,12688.21,2919.18,1.2031,5.1308,0.3747,1.2247,0.5851,0.0,0.9686,0.4565,yes,yes,yes,yes,no,PASS,,2405674994
OSM_kallio_community_offset_n_5000m_1500m_0753,800,osm,kallio_community,compact_residential,,5162,5183,26754646.0,5111.87,5132.94,26238920.26,0.9807238810285793,78695,92497,2214561.25,0.003457231316011432,12.7082,7.5781,2.3508,6,0.0731,0.317,1,1.0,11820,0.127788,11323,0.143885,12688.21,2905.71,1.195,5.1308,0.3747,1.2247,0.5851,0.0,0.9686,0.4565,yes,yes,yes,yes,no,PASS,,4276889030
OSM_kallio_community_offset_n_5000m_200m_0034,100,osm,kallio_community,compact_residential,,5121,5225,26757225.0,5070.16,5174.5,26235516.09,0.980502129384262,89016,104840,2312536.53,0.003918194057866613,11.78,6.8157,2.3555,6,0.0964,0.3394,1,1.0,15914,0.151793,14978,0.168262,10125.84,2941.22,1.1815,5.0643,0.4096,1.4679,0.6245,0.0,0.97,0.4654,yes,yes,yes,yes,no,PASS,,1015113443
OSM_kallio_community_offset_n_5000m_200m_0610,800,osm,kallio_community,compact_residential,,5121,5225,26757225.0,5070.16,5174.5,26235516.09,0.980502129384262,89016,104840,2312536.53,0.003918194057866613,11.78,6.8157,2.3555,6,0.0964,0.3394,1,1.0,15914,0.151793,14978,0.168262,10125.84,2469.79,1.1848,5.0643,0.4096,1.4679,0.6245,0.0,0.97,0.4654,yes,yes,yes,yes,no,PASS,,1781718791
OSM_kallio_community_offset_n_5000m_500m_0462,600,osm,kallio_community,compact_residential,,5094,5173,26351262.0,5043.72,5122.56,25836756.56,0.9804751118140289,87098,102544,2297963.39,0.003891426528262669,11.9383,6.9436,2.3547,6,0.0906,0.3345,1,1.0,14820,0.144523,13983,0.160543,10530.55,2387.17,1.1787,5.0897,0.409,1.4287,0.6155,0.0,0.9698,0.4631,yes,yes,yes,yes,no,PASS,,396309370
OSM_kallio_community_offset_n_5000m_500m_1048,1200,osm,kallio_community,compact_residential,,5094,5173,26351262.0,5043.72,5122.56,25836756.56,0.9804751118140289,87098,102544,2297963.39,0.003891426528262669,11.9383,6.9436,2.3547,6,0.0906,0.3345,1,1.0,14820,0.144523,13983,0.160543,10530.55,2612.06,1.2037,5.0897,0.409,1.4287,0.6155,0.0,0.9698,0.4631,yes,yes,yes,yes,no,PASS,,107012644
OSM_kallio_community_offset_n_500m_1000m_0091,100,osm,kallio_community,compact_residential,,554,560,310240.0,503.05,509.18,256141.97,0.8256252212665391,750,891,20318.99,0.0028719700876740587,12.6362,6.7543,2.376,5,0.0787,0.3427,1,1.0,127,0.142536,118,0.157333,1560.06,358.05,1.4239,3.2133,0.084,1.1602,0.7334,0.0,0.8698,0.4534,yes,yes,yes,yes,no,PASS,,3530618355
OSM_kallio_community_offset_n_500m_1000m_0669,800,osm,kallio_community,compact_residential,,554,560,310240.0,503.05,509.18,256141.97,0.8256252212665391,750,891,20318.99,0.0028719700876740587,12.6362,6.7543,2.376,5,0.0787,0.3427,1,1.0,127,0.142536,118,0.157333,1560.06,355.67,1.3796,3.2133,0.084,1.1602,0.7334,0.0,0.8698,0.4534,yes,yes,yes,yes,no,PASS,,2211854204
OSM_kallio_community_offset_n_500m_1500m_0512,600,osm,kallio_community,compact_residential,,546,559,305214.0,495.99,508.31,252117.23,0.8260343057866265,870,1007,24825.83,0.003299324408447843,12.5828,7.9327,2.3149,5,0.0989,0.3218,1,1.0,199,0.197617,192,0.22069,1666.96,404.93,1.533,4.667,0.3989,1.318,0.6384,0.0,0.8937,0.4741,yes,yes,yes,yes,no,PASS,,1446624112
OSM_kallio_community_offset_n_500m_1500m_1101,1200,osm,kallio_community,compact_residential,,546,559,305214.0,495.99,508.31,252117.23,0.8260343057866265,870,1007,24825.83,0.003299324408447843,12.5828,7.9327,2.3149,5,0.0989,0.3218,1,1.0,199,0.197617,192,0.22069,1666.96,350.87,1.4038,4.667,0.3989,1.318,0.6384,0.0,0.8937,0.4741,yes,yes,yes,yes,no,PASS,,3455290719
OSM_kallio_community_offset_n_500m_200m_0361,400,osm,kallio_community,compact_residential,,554,557,308578.0,503.97,506.77,255400.31,0.827668576092992,1368,1640,31225.15,0.005314701631354147,10.201,6.1001,2.3977,5,0.1016,0.3604,1,1.0,288,0.17561,273,0.199561,1067.38,330.55,1.3405,4.0235,0.5733,1.423,0.6576,0.0,0.8744,0.4591,yes,yes,yes,yes,no,PASS,,2113675309
OSM_kallio_community_offset_n_500m_200m_0957,1000,osm,kallio_community,compact_residential,,554,557,308578.0,503.97,506.77,255400.31,0.827668576092992,1368,1640,31225.15,0.005314701631354147,10.201,6.1001,2.3977,5,0.1016,0.3604,1,1.0,288,0.17561,273,0.199561,1067.38,294.19,1.3478,4.0235,0.5733,1.423,0.6576,0.0,0.8744,0.4591,yes,yes,yes,yes,no,PASS,,3810855052
OSM_kallio_community_offset_n_500m_500m_0230,400,osm,kallio_community,compact_residential,,554,561,310794.0,503.79,510.94,257405.52,0.828219092690521,1292,1550,27627.33,0.004987226265629323,10.2895,6.2013,2.3994,5,0.0728,0.3398,1,1.0,201,0.129677,190,0.147059,1338.36,382.14,1.449,4.4203,0.5326,1.2385,0.664,0.0,0.88,0.4468,yes,yes,yes,yes,no,PASS,,233648509
OSM_kallio_community_offset_n_500m_500m_0811,1000,osm,kallio_community,compact_residential,,554,561,310794.0,503.79,510.94,257405.52,0.828219092690521,1292,1550,27627.33,0.004987226265629323,10.2895,6.2013,2.3994,5,0.0728,0.3398,1,1.0,201,0.129677,190,0.147059,1338.36,393.97,1.4132,4.4203,0.5326,1.2385,0.664,0.0,0.88,0.4468,yes,yes,yes,yes,no,PASS,,2676700510
OSM_kumpula_campus_offset_e_1000m_1000m_0067,100,osm,kumpula_campus,campus_compact,,398,1039,413522.0,347.17,988.51,343180.77,0.8298972551980254,994,1181,31762.49,0.0028559544594967136,13.4758,8.5901,2.3763,5,0.0523,0.3209,1,1.0,98,0.082981,97,0.097586,1370.81,358.05,1.295,4.6005,0.2664,6.9465,0.4801,0.0,0.8798,0.4424,yes,yes,partial,partial,no,PASS,,2861542399
OSM_kumpula_campus_offset_e_1000m_1000m_0171,200,osm,kumpula_campus,campus_compact,,398,1039,413522.0,347.17,988.51,343180.77,0.8298972551980254,994,1181,31762.49,0.0028559544594967136,13.4758,8.5901,2.3763,5,0.0523,0.3209,1,1.0,98,0.082981,97,0.097586,1370.81,371.48,1.2904,4.6005,0.2664,6.9465,0.4801,0.0,0.8798,0.4424,yes,yes,partial,partial,no,PASS,,1720188236
OSM_kumpula_campus_offset_e_1000m_1000m_0290,400,osm,kumpula_campus,campus_compact,,398,1039,413522.0,347.17,988.51,343180.77,0.8298972551980254,994,1181,31762.49,0.0028559544594967136,13.4758,8.5901,2.3763,5,0.0523,0.3209,1,1.0,98,0.082981,97,0.097586,1370.81,432.25,1.2838,4.6005,0.2664,6.9465,0.4801,0.0,0.8798,0.4424,yes,yes,partial,partial,no,PASS,,2839302237
OSM_kumpula_campus_offset_e_1000m_1000m_0399,400,osm,kumpula_campus,campus_compact,,398,1039,413522.0,347.17,988.51,343180.77,0.8298972551980254,994,1181,31762.49,0.0028559544594967136,13.4758,8.5901,2.3763,5,0.0523,0.3209,1,1.0,98,0.082981,97,0.097586,1370.81,390.61,1.2963,4.6005,0.2664,6.9465,0.4801,0.0,0.8798,0.4424,yes,yes,partial,partial,no,PASS,,4185165110
OSM_kumpula_campus_offset_e_1000m_1000m_0513,600,osm,kumpula_campus,campus_compact,,398,1039,413522.0,347.17,988.51,343180.77,0.8298972551980254,994,1181,31762.49,0.0028559544594967136,13.4758,8.5901,2.3763,5,0.0523,0.3209,1,1.0,98,0.082981,97,0.097586,1370.81,424.89,1.2984,4.6005,0.2664,6.9465,0.4801,0.0,0.8798,0.4424,yes,yes,partial,partial,no,PASS,,329709316
OSM_kumpula_campus_offset_e_1000m_1000m_0639,800,osm,kumpula_campus,campus_compact,,398,1039,413522.0,347.17,988.51,343180.77,0.8298972551980254,994,1181,31762.49,0.0028559544594967136,13.4758,8.5901,2.3763,5,0.0523,0.3209,1,1.0,98,0.082981,97,0.097586,1370.81,410.59,1.257,4.6005,0.2664,6.9465,0.4801,0.0,0.8798,0.4424,yes,yes,partial,partial,no,PASS,,2018819669
OSM_kumpula_campus_offset_e_1000m_1000m_0755,800,osm,kumpula_campus,campus_compact,,398,1039,413522.0,347.17,988.51,343180.77,0.8298972551980254,994,1181,31762.49,0.0028559544594967136,13.4758,8.5901,2.3763,5,0.0523,0.3209,1,1.0,98,0.082981,97,0.097586,1370.81,355.17,1.2905,4.6005,0.2664,6.9465,0.4801,0.0,0.8798,0.4424,yes,yes,partial,partial,no,PASS,,4075346374
OSM_kumpula_campus_offset_e_1000m_1000m_0880,1000,osm,kumpula_campus,campus_compact,,398,1039,413522.0,347.17,988.51,343180.77,0.8298972551980254,994,1181,31762.49,0.0028559544594967136,13.4758,8.5901,2.3763,5,0.0523,0.3209,1,1.0,98,0.082981,97,0.097586,1370.81,350.68,1.2956,4.6005,0.2664,6.9465,0.4801,0.0,0.8798,0.4424,yes,yes,partial,partial,no,PASS,,2911605264
OSM_kumpula_campus_offset_e_1000m_1000m_0990,1000,osm,kumpula_campus,campus_compact,,398,1039,413522.0,347.17,988.51,343180.77,0.8298972551980254,994,1181,31762.49,0.0028559544594967136,13.4758,8.5901,2.3763,5,0.0523,0.3209,1,1.0,98,0.082981,97,0.097586,1370.81,362.99,1.4334,4.6005,0.2664,6.9465,0.4801,0.0,0.8798,0.4424,yes,yes,partial,partial,no,PASS,,529788587
OSM_kumpula_campus_offset_e_1000m_1000m_1103,1200,osm,kumpula_campus,campus_compact,,398,1039,413522.0,347.17,988.51,343180.77,0.8298972551980254,994,1181,31762.49,0.0028559544594967136,13.4758,8.5901,2.3763,5,0.0523,0.3209,1,1.0,98,0.082981,97,0.097586,1370.81,318.0,1.2872,4.6005,0.2664,6.9465,0.4801,0.0,0.8798,0.4424,yes,yes,partial,partial,no,PASS,,1020027715
OSM_kumpula_campus_offset_e_1000m_1500m_0092,100,osm,kumpula_campus,campus_compact,,685,962,658970.0,634.59,911.25,578272.22,0.8775395165617113,866,927,12307.87,0.0014067408227992169,6.6385,5.6295,2.1409,4,0.0185,0.1374,1,1.0,133,0.143474,134,0.154734,1453.18,475.28,1.2924,5.1412,0.315,3.9297,0.5439,0.0,0.9223,0.4752,yes,yes,partial,partial,no,PASS,,893044758
OSM_kumpula_campus_offset_e_1000m_1500m_0199,200,osm,kumpula_campus,campus_compact,,685,962,658970.0,634.59,911.25,578272.22,0.8775395165617113,866,927,12307.87,0.0014067408227992169,6.6385,5.6295,2.1409,4,0.0185,0.1374,1,1.0,133,0.143474,134,0.154734,1453.18,423.46,1.3819,5.1412,0.315,3.9297,0.5439,0.0,0.9223,0.4752,yes,yes,partial,partial,no,PASS,,400024668
OSM_kumpula_campus_offset_e_1000m_1500m_0314,400,osm,kumpula_campus,campus_compact,,685,962,658970.0,634.59,911.25,578272.22,0.8775395165617113,866,927,12307.87,0.0014067408227992169,6.6385,5.6295,2.1409,4,0.0185,0.1374,1,1.0,133,0.143474,134,0.154734,1453.18,371.14,1.3098,5.1412,0.315,3.9297,0.5439,0.0,0.9223,0.4752,yes,yes,partial,partial,no,PASS,,2588126392
OSM_kumpula_campus_offset_e_1000m_1500m_0433,600,osm,kumpula_campus,campus_compact,,685,962,658970.0,634.59,911.25,578272.22,0.8775395165617113,866,927,12307.87,0.0014067408227992169,6.6385,5.6295,2.1409,4,0.0185,0.1374,1,1.0,133,0.143474,134,0.154734,1453.18,425.05,1.3723,5.1412,0.315,3.9297,0.5439,0.0,0.9223,0.4752,yes,yes,partial,partial,no,PASS,,2494081755
OSM_kumpula_campus_offset_e_1000m_1500m_0552,600,osm,kumpula_campus,campus_compact,,685,962,658970.0,634.59,911.25,578272.22,0.8775395165617113,866,927,12307.87,0.0014067408227992169,6.6385,5.6295,2.1409,4,0.0185,0.1374,1,1.0,133,0.143474,134,0.154734,1453.18,453.46,1.3781,5.1412,0.315,3.9297,0.5439,0.0,0.9223,0.4752,yes,yes,partial,partial,no,PASS,,652818271
OSM_kumpula_campus_offset_e_1000m_1500m_0670,800,osm,kumpula_campus,campus_compact,,685,962,658970.0,634.59,911.25,578272.22,0.8775395165617113,866,927,12307.87,0.0014067408227992169,6.6385,5.6295,2.1409,4,0.0185,0.1374,1,1.0,133,0.143474,134,0.154734,1453.18,455.09,1.3043,5.1412,0.315,3.9297,0.5439,0.0,0.9223,0.4752,yes,yes,partial,partial,no,PASS,,389388489
OSM_kumpula_campus_offset_e_1000m_1500m_0781,800,osm,kumpula_campus,campus_compact,,685,962,658970.0,634.59,911.25,578272.22,0.8775395165617113,866,927,12307.87,0.0014067408227992169,6.6385,5.6295,2.1409,4,0.0185,0.1374,1,1.0,133,0.143474,134,0.154734,1453.18,418.3,1.3456,5.1412,0.315,3.9297,0.5439,0.0,0.9223,0.4752,yes,yes,partial,partial,no,PASS,,2138810476
OSM_kumpula_campus_offset_e_1000m_1500m_0902,1000,osm,kumpula_campus,campus_compact,,685,962,658970.0,634.59,911.25,578272.22,0.8775395165617113,866,927,12307.87,0.0014067408227992169,6.6385,5.6295,2.1409,4,0.0185,0.1374,1,1.0,133,0.143474,134,0.154734,1453.18,426.73,1.3422,5.1412,0.315,3.9297,0.5439,0.0,0.9223,0.4752,yes,yes,partial,partial,no,PASS,,793750595
OSM_kumpula_campus_offset_e_1000m_1500m_1020,1200,osm,kumpula_campus,campus_compact,,685,962,658970.0,634.59,911.25,578272.22,0.8775395165617113,866,927,12307.87,0.0014067408227992169,6.6385,5.6295,2.1409,4,0.0185,0.1374,1,1.0,133,0.143474,134,0.154734,1453.18,418.21,1.3649,5.1412,0.315,3.9297,0.5439,0.0,0.9223,0.4752,yes,yes,partial,partial,no,PASS,,2398304276
OSM_kumpula_campus_offset_e_1000m_1500m_1139,1200,osm,kumpula_campus,campus_compact,,685,962,658970.0,634.59,911.25,578272.22,0.8775395165617113,866,927,12307.87,0.0014067408227992169,6.6385,5.6295,2.1409,4,0.0185,0.1374,1,1.0,133,0.143474,134,0.154734,1453.18,376.33,1.2815,5.1412,0.315,3.9297,0.5439,0.0,0.9223,0.4752,yes,yes,partial,partial,no,PASS,,3087524061
OSM_kumpula_campus_offset_e_1000m_200m_0009,100,osm,kumpula_campus,campus_compact,,1070,1058,1132060.0,1019.95,1007.43,1027524.99,0.9076594812348558,3497,4131,106920.56,0.003649099871031571,13.2722,7.7421,2.3626,5,0.0643,0.3223,1,1.0,411,0.099492,391,0.11181,2291.06,584.54,1.3629,4.7464,0.1886,1.6408,0.6285,0.0,0.9121,0.4504,yes,yes,partial,partial,no,PASS,,4237744931
OSM_kumpula_campus_offset_e_1000m_200m_0120,200,osm,kumpula_campus,campus_compact,,1070,1058,1132060.0,1019.95,1007.43,1027524.99,0.9076594812348558,3497,4131,106920.56,0.003649099871031571,13.2722,7.7421,2.3626,5,0.0643,0.3223,1,1.0,411,0.099492,391,0.11181,2291.06,608.85,1.3126,4.7464,0.1886,1.6408,0.6285,0.0,0.9121,0.4504,yes,yes,partial,partial,no,PASS,,151666527
OSM_kumpula_campus_offset_e_1000m_200m_0232,400,osm,kumpula_campus,campus_compact,,1070,1058,1132060.0,1019.95,1007.43,1027524.99,0.9076594812348558,3497,4131,106920.56,0.003649099871031571,13.2722,7.7421,2.3626,5,0.0643,0.3223,1,1.0,411,0.099492,391,0.11181,2291.06,623.35,1.3347,4.7464,0.1886,1.6408,0.6285,0.0,0.9121,0.4504,yes,yes,partial,partial,no,PASS,,185892384
OSM_kumpula_campus_offset_e_1000m_200m_0338,400,osm,kumpula_campus,campus_compact,,1070,1058,1132060.0,1019.95,1007.43,1027524.99,0.9076594812348558,3497,4131,106920.56,0.003649099871031571,13.2722,7.7421,2.3626,5,0.0643,0.3223,1,1.0,411,0.099492,391,0.11181,2291.06,688.98,1.4212,4.7464,0.1886,1.6408,0.6285,0.0,0.9121,0.4504,yes,yes,partial,partial,no,PASS,,888624351
OSM_kumpula_campus_offset_e_1000m_200m_0465,600,osm,kumpula_campus,campus_compact,,1070,1058,1132060.0,1019.95,1007.43,1027524.99,0.9076594812348558,3497,4131,106920.56,0.003649099871031571,13.2722,7.7421,2.3626,5,0.0643,0.3223,1,1.0,411,0.099492,391,0.11181,2291.06,679.13,1.2889,4.7464,0.1886,1.6408,0.6285,0.0,0.9121,0.4504,yes,yes,partial,partial,no,PASS,,1724543236
OSM_kumpula_campus_offset_e_1000m_200m_0582,600,osm,kumpula_campus,campus_compact,,1070,1058,1132060.0,1019.95,1007.43,1027524.99,0.9076594812348558,3497,4131,106920.56,0.003649099871031571,13.2722,7.7421,2.3626,5,0.0643,0.3223,1,1.0,411,0.099492,391,0.11181,2291.06,580.04,1.2882,4.7464,0.1886,1.6408,0.6285,0.0,0.9121,0.4504,yes,yes,partial,partial,no,PASS,,1068327184
OSM_kumpula_campus_offset_e_1000m_200m_0700,800,osm,kumpula_campus,campus_compact,,1070,1058,1132060.0,1019.95,1007.43,1027524.99,0.9076594812348558,3497,4131,106920.56,0.003649099871031571,13.2722,7.7421,2.3626,5,0.0643,0.3223,1,1.0,411,0.099492,391,0.11181,2291.06,627.73,1.3058,4.7464,0.1886,1.6408,0.6285,0.0,0.9121,0.4504,yes,yes,partial,partial,no,PASS,,3032192788
OSM_kumpula_campus_offset_e_1000m_200m_0812,1000,osm,kumpula_campus,campus_compact,,1070,1058,1132060.0,1019.95,1007.43,1027524.99,0.9076594812348558,3497,4131,106920.56,0.003649099871031571,13.2722,7.7421,2.3626,5,0.0643,0.3223,1,1.0,411,0.099492,391,0.11181,2291.06,578.64,1.328,4.7464,0.1886,1.6408,0.6285,0.0,0.9121,0.4504,yes,yes,partial,partial,no,PASS,,1831104803
OSM_kumpula_campus_offset_e_1000m_200m_0931,1000,osm,kumpula_campus,campus_compact,,1070,1058,1132060.0,1019.95,1007.43,1027524.99,0.9076594812348558,3497,4131,106920.56,0.003649099871031571,13.2722,7.7421,2.3626,5,0.0643,0.3223,1,1.0,411,0.099492,391,0.11181,2291.06,629.82,1.3116,4.7464,0.1886,1.6408,0.6285,0.0,0.9121,0.4504,yes,yes,partial,partial,no,PASS,,273189330
OSM_kumpula_campus_offset_e_1000m_200m_1050,1200,osm,kumpula_campus,campus_compact,,1070,1058,1132060.0,1019.95,1007.43,1027524.99,0.9076594812348558,3497,4131,106920.56,0.003649099871031571,13.2722,7.7421,2.3626,5,0.0643,0.3223,1,1.0,411,0.099492,391,0.11181,2291.06,625.07,1.3606,4.7464,0.1886,1.6408,0.6285,0.0,0.9121,0.4504,yes,yes,partial,partial,no,PASS,,3850598575
OSM_kumpula_campus_offset_e_1000m_200m_1169,1200,osm,kumpula_campus,campus_compact,,1070,1058,1132060.0,1019.95,1007.43,1027524.99,0.9076594812348558,3497,4131,106920.56,0.003649099871031571,13.2722,7.7421,2.3626,5,0.0643,0.3223,1,1.0,411,0.099492,391,0.11181,2291.06,644.03,1.287,4.7464,0.1886,1.6408,0.6285,0.0,0.9121,0.4504,yes,yes,partial,partial,no,PASS,,1422218073
OSM_kumpula_campus_offset_e_1000m_500m_0037,100,osm,kumpula_campus,campus_compact,,899,1047,941253.0,848.66,996.91,846040.39,0.8988448321187212,2670,3176,85572.57,0.003374225633278194,13.6982,7.8963,2.379,5,0.0618,0.3322,1,1.0,314,0.098866,303,0.113483,1903.35,599.75,1.252,4.8084,0.2132,1.9972,0.5868,0.0,0.9011,0.4461,yes,yes,partial,partial,no,PASS,,962676746
OSM_kumpula_campus_offset_e_1000m_500m_0146,200,osm,kumpula_campus,campus_compact,,899,1047,941253.0,848.66,996.91,846040.39,0.8988448321187212,2670,3176,85572.57,0.003374225633278194,13.6982,7.8963,2.379,5,0.0618,0.3322,1,1.0,314,0.098866,303,0.113483,1903.35,589.26,1.2859,4.8084,0.2132,1.9972,0.5868,0.0,0.9011,0.4461,yes,yes,partial,partial,no,PASS,,784484151
OSM_kumpula_campus_offset_e_1000m_500m_0260,400,osm,kumpula_campus,campus_compact,,899,1047,941253.0,848.66,996.91,846040.39,0.8988448321187212,2670,3176,85572.57,0.003374225633278194,13.6982,7.8963,2.379,5,0.0618,0.3322,1,1.0,314,0.098866,303,0.113483,1903.35,535.59,1.329,4.8084,0.2132,1.9972,0.5868,0.0,0.9011,0.4461,yes,yes,partial,partial,no,PASS,,2264878366
OSM_kumpula_campus_offset_e_1000m_500m_0363,400,osm,kumpula_campus,campus_compact,,899,1047,941253.0,848.66,996.91,846040.39,0.8988448321187212,2670,3176,85572.57,0.003374225633278194,13.6982,7.8963,2.379,5,0.0618,0.3322,1,1.0,314,0.098866,303,0.113483,1903.35,574.88,1.3203,4.8084,0.2132,1.9972,0.5868,0.0,0.9011,0.4461,yes,yes,partial,partial,no,PASS,,3077649364
OSM_kumpula_campus_offset_e_1000m_500m_0490,600,osm,kumpula_campus,campus_compact,,899,1047,941253.0,848.66,996.91,846040.39,0.8988448321187212,2670,3176,85572.57,0.003374225633278194,13.6982,7.8963,2.379,5,0.0618,0.3322,1,1.0,314,0.098866,303,0.113483,1903.35,584.29,1.2922,4.8084,0.2132,1.9972,0.5868,0.0,0.9011,0.4461,yes,yes,partial,partial,no,PASS,,1716527518
OSM_kumpula_campus_offset_e_1000m_500m_0611,800,osm,kumpula_campus,campus_compact,,899,1047,941253.0,848.66,996.91,846040.39,0.8988448321187212,2670,3176,85572.57,0.003374225633278194,13.6982,7.8963,2.379,5,0.0618,0.3322,1,1.0,314,0.098866,303,0.113483,1903.35,454.55,1.2679,4.8084,0.2132,1.9972,0.5868,0.0,0.9011,0.4461,yes,yes,partial,partial,no,PASS,,2514343250
OSM_kumpula_campus_offset_e_1000m_500m_0725,800,osm,kumpula_campus,campus_compact,,899,1047,941253.0,848.66,996.91,846040.39,0.8988448321187212,2670,3176,85572.57,0.003374225633278194,13.6982,7.8963,2.379,5,0.0618,0.3322,1,1.0,314,0.098866,303,0.113483,1903.35,514.76,1.331,4.8084,0.2132,1.9972,0.5868,0.0,0.9011,0.4461,yes,yes,partial,partial,no,PASS,,3848973406
OSM_kumpula_campus_offset_e_1000m_500m_0848,1000,osm,kumpula_campus,campus_compact,,899,1047,941253.0,848.66,996.91,846040.39,0.8988448321187212,2670,3176,85572.57,0.003374225633278194,13.6982,7.8963,2.379,5,0.0618,0.3322,1,1.0,314,0.098866,303,0.113483,1903.35,603.24,1.3062,4.8084,0.2132,1.9972,0.5868,0.0,0.9011,0.4461,yes,yes,partial,partial,no,PASS,,3323686043
OSM_kumpula_campus_offset_e_1000m_500m_0959,1000,osm,kumpula_campus,campus_compact,,899,1047,941253.0,848.66,996.91,846040.39,0.8988448321187212,2670,3176,85572.57,0.003374225633278194,13.6982,7.8963,2.379,5,0.0618,0.3322,1,1.0,314,0.098866,303,0.113483,1903.35,559.82,1.3124,4.8084,0.2132,1.9972,0.5868,0.0,0.9011,0.4461,yes,yes,partial,partial,no,PASS,,2216303810
OSM_kumpula_campus_offset_e_1000m_500m_1076,1200,osm,kumpula_campus,campus_compact,,899,1047,941253.0,848.66,996.91,846040.39,0.8988448321187212,2670,3176,85572.57,0.003374225633278194,13.6982,7.8963,2.379,5,0.0618,0.3322,1,1.0,314,0.098866,303,0.113483,1903.35,580.55,1.2792,4.8084,0.2132,1.9972,0.5868,0.0,0.9011,0.4461,yes,yes,partial,partial,no,PASS,,3286949604
OSM_lapland_rural_sparse_offset_s_2500m_1000m_0069,100,osm,lapland_rural_sparse,rural_roads,,2554,2539,6484606.0,2503.87,2488.3,6230380.89,0.960795596574778,1744,1849,72799.94,0.00028513683020988474,25.4456,12.2323,2.1204,5,0.0206,0.113,1,1.0,283,0.153056,282,0.161697,6713.37,1577.41,1.4779,5.0325,0.3653,1.1466,0.5929,0.0,0.9286,0.4811,yes,yes,no,no,no,PASS,,325097327
OSM_lapland_rural_sparse_offset_s_2500m_1000m_0177,200,osm,lapland_rural_sparse,rural_roads,,2554,2539,6484606.0,2503.87,2488.3,6230380.89,0.960795596574778,1744,1849,72799.94,0.00028513683020988474,25.4456,12.2323,2.1204,5,0.0206,0.113,1,1.0,283,0.153056,282,0.161697,6713.37,1849.54,1.4799,5.0325,0.3653,1.1466,0.5929,0.0,0.9286,0.4811,yes,yes,no,no,no,PASS,,1029968627
OSM_lapland_rural_sparse_offset_s_2500m_1000m_0293,400,osm,lapland_rural_sparse,rural_roads,,2554,2539,6484606.0,2503.87,2488.3,6230380.89,0.960795596574778,1744,1849,72799.94,0.00028513683020988474,25.4456,12.2323,2.1204,5,0.0206,0.113,1,1.0,283,0.153056,282,0.161697,6713.37,1864.01,1.4977,5.0325,0.3653,1.1466,0.5929,0.0,0.9286,0.4811,yes,yes,no,no,no,PASS,,1218088798
OSM_lapland_rural_sparse_offset_s_2500m_1000m_0408,600,osm,lapland_rural_sparse,rural_roads,,2554,2539,6484606.0,2503.87,2488.3,6230380.89,0.960795596574778,1744,1849,72799.94,0.00028513683020988474,25.4456,12.2323,2.1204,5,0.0206,0.113,1,1.0,283,0.153056,282,0.161697,6713.37,1928.69,1.4686,5.0325,0.3653,1.1466,0.5929,0.0,0.9286,0.4811,yes,yes,no,no,no,PASS,,776829662
OSM_lapland_rural_sparse_offset_s_2500m_1000m_0514,600,osm,lapland_rural_sparse,rural_roads,,2554,2539,6484606.0,2503.87,2488.3,6230380.89,0.960795596574778,1744,1849,72799.94,0.00028513683020988474,25.4456,12.2323,2.1204,5,0.0206,0.113,1,1.0,283,0.153056,282,0.161697,6713.37,1564.48,1.4105,5.0325,0.3653,1.1466,0.5929,0.0,0.9286,0.4811,yes,yes,no,no,no,PASS,,2341461330
OSM_lapland_rural_sparse_offset_s_2500m_1000m_0643,800,osm,lapland_rural_sparse,rural_roads,,2554,2539,6484606.0,2503.87,2488.3,6230380.89,0.960795596574778,1744,1849,72799.94,0.00028513683020988474,25.4456,12.2323,2.1204,5,0.0206,0.113,1,1.0,283,0.153056,282,0.161697,6713.37,1584.81,1.4663,5.0325,0.3653,1.1466,0.5929,0.0,0.9286,0.4811,yes,yes,no,no,no,PASS,,2428046374
OSM_lapland_rural_sparse_offset_s_2500m_1000m_0757,800,osm,lapland_rural_sparse,rural_roads,,2554,2539,6484606.0,2503.87,2488.3,6230380.89,0.960795596574778,1744,1849,72799.94,0.00028513683020988474,25.4456,12.2323,2.1204,5,0.0206,0.113,1,1.0,283,0.153056,282,0.161697,6713.37,1863.63,1.4728,5.0325,0.3653,1.1466,0.5929,0.0,0.9286,0.4811,yes,yes,no,no,no,PASS,,3870560836
OSM_lapland_rural_sparse_offset_s_2500m_1000m_0881,1000,osm,lapland_rural_sparse,rural_roads,,2554,2539,6484606.0,2503.87,2488.3,6230380.89,0.960795596574778,1744,1849,72799.94,0.00028513683020988474,25.4456,12.2323,2.1204,5,0.0206,0.113,1,1.0,283,0.153056,282,0.161697,6713.37,1783.96,1.7654,5.0325,0.3653,1.1466,0.5929,0.0,0.9286,0.4811,yes,yes,no,no,no,PASS,,3099984281
OSM_lapland_rural_sparse_offset_s_2500m_1000m_0992,1000,osm,lapland_rural_sparse,rural_roads,,2554,2539,6484606.0,2503.87,2488.3,6230380.89,0.960795596574778,1744,1849,72799.94,0.00028513683020988474,25.4456,12.2323,2.1204,5,0.0206,0.113,1,1.0,283,0.153056,282,0.161697,6713.37,1673.15,1.4713,5.0325,0.3653,1.1466,0.5929,0.0,0.9286,0.4811,yes,yes,no,no,no,PASS,,2152937401
OSM_lapland_rural_sparse_offset_s_2500m_1000m_1104,1200,osm,lapland_rural_sparse,rural_roads,,2554,2539,6484606.0,2503.87,2488.3,6230380.89,0.960795596574778,1744,1849,72799.94,0.00028513683020988474,25.4456,12.2323,2.1204,5,0.0206,0.113,1,1.0,283,0.153056,282,0.161697,6713.37,1640.81,1.4989,5.0325,0.3653,1.1466,0.5929,0.0,0.9286,0.4811,yes,yes,no,no,no,PASS,,2781763143
OSM_lapland_rural_sparse_offset_s_2500m_1500m_0093,100,osm,lapland_rural_sparse,rural_roads,,2548,2517,6413316.0,2497.44,2466.69,6160406.06,0.9605648711680509,1136,1194,56589.08,0.00018617513935068847,28.0283,13.9427,2.1021,4,0.0308,0.1127,1,1.0,292,0.244556,291,0.256162,7583.0,1916.09,1.62,4.9951,0.4284,1.0586,0.6744,0.0,0.9288,0.4899,yes,yes,no,no,no,PASS,,1182166687
OSM_lapland_rural_sparse_offset_s_2500m_1500m_0205,400,osm,lapland_rural_sparse,rural_roads,,2548,2517,6413316.0,2497.44,2466.69,6160406.06,0.9605648711680509,1136,1194,56589.08,0.00018617513935068847,28.0283,13.9427,2.1021,4,0.0308,0.1127,1,1.0,292,0.244556,291,0.256162,7583.0,2111.74,1.5358,4.9951,0.4284,1.0586,0.6744,0.0,0.9288,0.4899,yes,yes,no,no,no,PASS,,4280536137
OSM_lapland_rural_sparse_offset_s_2500m_1500m_0317,400,osm,lapland_rural_sparse,rural_roads,,2548,2517,6413316.0,2497.44,2466.69,6160406.06,0.9605648711680509,1136,1194,56589.08,0.00018617513935068847,28.0283,13.9427,2.1021,4,0.0308,0.1127,1,1.0,292,0.244556,291,0.256162,7583.0,2403.14,1.7103,4.9951,0.4284,1.0586,0.6744,0.0,0.9288,0.4899,yes,yes,no,no,no,PASS,,2621507590
OSM_lapland_rural_sparse_offset_s_2500m_1500m_0434,600,osm,lapland_rural_sparse,rural_roads,,2548,2517,6413316.0,2497.44,2466.69,6160406.06,0.9605648711680509,1136,1194,56589.08,0.00018617513935068847,28.0283,13.9427,2.1021,4,0.0308,0.1127,1,1.0,292,0.244556,291,0.256162,7583.0,2070.82,1.5677,4.9951,0.4284,1.0586,0.6744,0.0,0.9288,0.4899,yes,yes,no,no,no,PASS,,893971086
OSM_lapland_rural_sparse_offset_s_2500m_1500m_0554,600,osm,lapland_rural_sparse,rural_roads,,2548,2517,6413316.0,2497.44,2466.69,6160406.06,0.9605648711680509,1136,1194,56589.08,0.00018617513935068847,28.0283,13.9427,2.1021,4,0.0308,0.1127,1,1.0,292,0.244556,291,0.256162,7583.0,2010.14,1.8538,4.9951,0.4284,1.0586,0.6744,0.0,0.9288,0.4899,yes,yes,no,no,no,PASS,,1171244607
OSM_lapland_rural_sparse_offset_s_2500m_1500m_0672,800,osm,lapland_rural_sparse,rural_roads,,2548,2517,6413316.0,2497.44,2466.69,6160406.06,0.9605648711680509,1136,1194,56589.08,0.00018617513935068847,28.0283,13.9427,2.1021,4,0.0308,0.1127,1,1.0,292,0.244556,291,0.256162,7583.0,2323.59,1.8582,4.9951,0.4284,1.0586,0.6744,0.0,0.9288,0.4899,yes,yes,no,no,no,PASS,,1935009916
OSM_lapland_rural_sparse_offset_s_2500m_1500m_0782,800,osm,lapland_rural_sparse,rural_roads,,2548,2517,6413316.0,2497.44,2466.69,6160406.06,0.9605648711680509,1136,1194,56589.08,0.00018617513935068847,28.0283,13.9427,2.1021,4,0.0308,0.1127,1,1.0,292,0.244556,291,0.256162,7583.0,2013.65,1.5045,4.9951,0.4284,1.0586,0.6744,0.0,0.9288,0.4899,yes,yes,no,no,no,PASS,,1504077934
OSM_lapland_rural_sparse_offset_s_2500m_1500m_0904,1000,osm,lapland_rural_sparse,rural_roads,,2548,2517,6413316.0,2497.44,2466.69,6160406.06,0.9605648711680509,1136,1194,56589.08,0.00018617513935068847,28.0283,13.9427,2.1021,4,0.0308,0.1127,1,1.0,292,0.244556,291,0.256162,7583.0,2293.8,1.4658,4.9951,0.4284,1.0586,0.6744,0.0,0.9288,0.4899,yes,yes,no,no,no,PASS,,3126308636
OSM_lapland_rural_sparse_offset_s_2500m_1500m_1021,1200,osm,lapland_rural_sparse,rural_roads,,2548,2517,6413316.0,2497.44,2466.69,6160406.06,0.9605648711680509,1136,1194,56589.08,0.00018617513935068847,28.0283,13.9427,2.1021,4,0.0308,0.1127,1,1.0,292,0.244556,291,0.256162,7583.0,2131.95,1.491,4.9951,0.4284,1.0586,0.6744,0.0,0.9288,0.4899,yes,yes,no,no,no,PASS,,2020786127
OSM_lapland_rural_sparse_offset_s_2500m_1500m_1143,1200,osm,lapland_rural_sparse,rural_roads,,2548,2517,6413316.0,2497.44,2466.69,6160406.06,0.9605648711680509,1136,1194,56589.08,0.00018617513935068847,28.0283,13.9427,2.1021,4,0.0308,0.1127,1,1.0,292,0.244556,291,0.256162,7583.0,2095.04,1.5935,4.9951,0.4284,1.0586,0.6744,0.0,0.9288,0.4899,yes,yes,no,no,no,PASS,,2333434574
OSM_lapland_rural_sparse_offset_s_2500m_200m_0010,100,osm,lapland_rural_sparse,rural_roads,,2477,2505,6204885.0,2426.13,2454.83,5955750.04,0.9598485766068148,2065,2211,86157.23,0.00035633214797695686,25.757,12.0243,2.1414,5,0.0242,0.1269,1,1.0,258,0.116689,254,0.123002,5328.25,1539.03,1.5694,5.041,0.2879,2.2658,0.5342,0.0,0.9236,0.4781,yes,yes,no,no,no,PASS,,3352393938
OSM_lapland_rural_sparse_offset_s_2500m_200m_0121,200,osm,lapland_rural_sparse,rural_roads,,2477,2505,6204885.0,2426.13,2454.83,5955750.04,0.9598485766068148,2065,2211,86157.23,0.00035633214797695686,25.757,12.0243,2.1414,5,0.0242,0.1269,1,1.0,258,0.116689,254,0.123002,5328.25,1456.07,1.5957,5.041,0.2879,2.2658,0.5342,0.0,0.9236,0.4781,yes,yes,no,no,no,PASS,,1749382446
OSM_lapland_rural_sparse_offset_s_2500m_200m_0233,400,osm,lapland_rural_sparse,rural_roads,,2477,2505,6204885.0,2426.13,2454.83,5955750.04,0.9598485766068148,2065,2211,86157.23,0.00035633214797695686,25.757,12.0243,2.1414,5,0.0242,0.1269,1,1.0,258,0.116689,254,0.123002,5328.25,1537.82,1.4719,5.041,0.2879,2.2658,0.5342,0.0,0.9236,0.4781,yes,yes,no,no,no,PASS,,1540558257
OSM_lapland_rural_sparse_offset_s_2500m_200m_0340,400,osm,lapland_rural_sparse,rural_roads,,2477,2505,6204885.0,2426.13,2454.83,5955750.04,0.9598485766068148,2065,2211,86157.23,0.00035633214797695686,25.757,12.0243,2.1414,5,0.0242,0.1269,1,1.0,258,0.116689,254,0.123002,5328.25,1467.11,1.454,5.041,0.2879,2.2658,0.5342,0.0,0.9236,0.4781,yes,yes,no,no,no,PASS,,3497148980
OSM_lapland_rural_sparse_offset_s_2500m_200m_0466,600,osm,lapland_rural_sparse,rural_roads,,2477,2505,6204885.0,2426.13,2454.83,5955750.04,0.9598485766068148,2065,2211,86157.23,0.00035633214797695686,25.757,12.0243,2.1414,5,0.0242,0.1269,1,1.0,258,0.116689,254,0.123002,5328.25,1410.47,1.4641,5.041,0.2879,2.2658,0.5342,0.0,0.9236,0.4781,yes,yes,no,no,no,PASS,,339388974
OSM_lapland_rural_sparse_offset_s_2500m_200m_0584,600,osm,lapland_rural_sparse,rural_roads,,2477,2505,6204885.0,2426.13,2454.83,5955750.04,0.9598485766068148,2065,2211,86157.23,0.00035633214797695686,25.757,12.0243,2.1414,5,0.0242,0.1269,1,1.0,258,0.116689,254,0.123002,5328.25,1449.42,1.4721,5.041,0.2879,2.2658,0.5342,0.0,0.9236,0.4781,yes,yes,no,no,no,PASS,,401864773
OSM_lapland_rural_sparse_offset_s_2500m_200m_0703,800,osm,lapland_rural_sparse,rural_roads,,2477,2505,6204885.0,2426.13,2454.83,5955750.04,0.9598485766068148,2065,2211,86157.23,0.00035633214797695686,25.757,12.0243,2.1414,5,0.0242,0.1269,1,1.0,258,0.116689,254,0.123002,5328.25,1315.23,1.4822,5.041,0.2879,2.2658,0.5342,0.0,0.9236,0.4781,yes,yes,no,no,no,PASS,,1377114462
OSM_lapland_rural_sparse_offset_s_2500m_200m_0816,1000,osm,lapland_rural_sparse,rural_roads,,2477,2505,6204885.0,2426.13,2454.83,5955750.04,0.9598485766068148,2065,2211,86157.23,0.00035633214797695686,25.757,12.0243,2.1414,5,0.0242,0.1269,1,1.0,258,0.116689,254,0.123002,5328.25,1457.49,1.5366,5.041,0.2879,2.2658,0.5342,0.0,0.9236,0.4781,yes,yes,no,no,no,PASS,,1655644746
OSM_lapland_rural_sparse_offset_s_2500m_200m_0932,1000,osm,lapland_rural_sparse,rural_roads,,2477,2505,6204885.0,2426.13,2454.83,5955750.04,0.9598485766068148,2065,2211,86157.23,0.00035633214797695686,25.757,12.0243,2.1414,5,0.0242,0.1269,1,1.0,258,0.116689,254,0.123002,5328.25,1560.16,1.4205,5.041,0.2879,2.2658,0.5342,0.0,0.9236,0.4781,yes,yes,no,no,no,PASS,,2027017241
OSM_lapland_rural_sparse_offset_s_2500m_200m_1056,1200,osm,lapland_rural_sparse,rural_roads,,2477,2505,6204885.0,2426.13,2454.83,5955750.04,0.9598485766068148,2065,2211,86157.23,0.00035633214797695686,25.757,12.0243,2.1414,5,0.0242,0.1269,1,1.0,258,0.116689,254,0.123002,5328.25,1430.65,1.3463,5.041,0.2879,2.2658,0.5342,0.0,0.9236,0.4781,yes,yes,no,no,no,PASS,,531212309
OSM_lapland_rural_sparse_offset_s_2500m_200m_1174,1200,osm,lapland_rural_sparse,rural_roads,,2477,2505,6204885.0,2426.13,2454.83,5955750.04,0.9598485766068148,2065,2211,86157.23,0.00035633214797695686,25.757,12.0243,2.1414,5,0.0242,0.1269,1,1.0,258,0.116689,254,0.123002,5328.25,1433.91,1.6124,5.041,0.2879,2.2658,0.5342,0.0,0.9236,0.4781,yes,yes,no,no,no,PASS,,2701391951
OSM_lapland_rural_sparse_offset_s_2500m_500m_0038,100,osm,lapland_rural_sparse,rural_roads,,2508,2563,6428004.0,2457.85,2512.43,6175158.46,0.960664999807772,2052,2189,81572.97,0.00034054116954500963,24.6221,11.6608,2.1335,5,0.0249,0.1228,1,1.0,319,0.145729,320,0.155945,7908.39,1493.12,1.4863,5.0464,0.3133,1.2778,0.5256,0.0,0.9269,0.4801,yes,yes,no,no,no,PASS,,3005935566
OSM_lapland_rural_sparse_offset_s_2500m_500m_0147,200,osm,lapland_rural_sparse,rural_roads,,2508,2563,6428004.0,2457.85,2512.43,6175158.46,0.960664999807772,2052,2189,81572.97,0.00034054116954500963,24.6221,11.6608,2.1335,5,0.0249,0.1228,1,1.0,319,0.145729,320,0.155945,7908.39,1424.13,1.4208,5.0464,0.3133,1.2778,0.5256,0.0,0.9269,0.4801,yes,yes,no,no,no,PASS,,3757043572
OSM_lapland_rural_sparse_offset_s_2500m_500m_0261,400,osm,lapland_rural_sparse,rural_roads,,2508,2563,6428004.0,2457.85,2512.43,6175158.46,0.960664999807772,2052,2189,81572.97,0.00034054116954500963,24.6221,11.6608,2.1335,5,0.0249,0.1228,1,1.0,319,0.145729,320,0.155945,7908.39,1776.02,1.3849,5.0464,0.3133,1.2778,0.5256,0.0,0.9269,0.4801,yes,yes,no,no,no,PASS,,817318229
OSM_lapland_rural_sparse_offset_s_2500m_500m_0364,400,osm,lapland_rural_sparse,rural_roads,,2508,2563,6428004.0,2457.85,2512.43,6175158.46,0.960664999807772,2052,2189,81572.97,0.00034054116954500963,24.6221,11.6608,2.1335,5,0.0249,0.1228,1,1.0,319,0.145729,320,0.155945,7908.39,1600.98,1.3394,5.0464,0.3133,1.2778,0.5256,0.0,0.9269,0.4801,yes,yes,no,no,no,PASS,,3727953513
OSM_lapland_rural_sparse_offset_s_2500m_500m_0491,600,osm,lapland_rural_sparse,rural_roads,,2508,2563,6428004.0,2457.85,2512.43,6175158.46,0.960664999807772,2052,2189,81572.97,0.00034054116954500963,24.6221,11.6608,2.1335,5,0.0249,0.1228,1,1.0,319,0.145729,320,0.155945,7908.39,1676.25,1.4283,5.0464,0.3133,1.2778,0.5256,0.0,0.9269,0.4801,yes,yes,no,no,no,PASS,,2750694815
OSM_lapland_rural_sparse_offset_s_2500m_500m_0612,800,osm,lapland_rural_sparse,rural_roads,,2508,2563,6428004.0,2457.85,2512.43,6175158.46,0.960664999807772,2052,2189,81572.97,0.00034054116954500963,24.6221,11.6608,2.1335,5,0.0249,0.1228,1,1.0,319,0.145729,320,0.155945,7908.39,1497.81,1.5785,5.0464,0.3133,1.2778,0.5256,0.0,0.9269,0.4801,yes,yes,no,no,no,PASS,,3954732047
OSM_lapland_rural_sparse_offset_s_2500m_500m_0727,800,osm,lapland_rural_sparse,rural_roads,,2508,2563,6428004.0,2457.85,2512.43,6175158.46,0.960664999807772,2052,2189,81572.97,0.00034054116954500963,24.6221,11.6608,2.1335,5,0.0249,0.1228,1,1.0,319,0.145729,320,0.155945,7908.39,1576.3,1.4706,5.0464,0.3133,1.2778,0.5256,0.0,0.9269,0.4801,yes,yes,no,no,no,PASS,,3059537910
OSM_lapland_rural_sparse_offset_s_2500m_500m_0852,1000,osm,lapland_rural_sparse,rural_roads,,2508,2563,6428004.0,2457.85,2512.43,6175158.46,0.960664999807772,2052,2189,81572.97,0.00034054116954500963,24.6221,11.6608,2.1335,5,0.0249,0.1228,1,1.0,319,0.145729,320,0.155945,7908.39,1466.28,1.3937,5.0464,0.3133,1.2778,0.5256,0.0,0.9269,0.4801,yes,yes,no,no,no,PASS,,1034598642
OSM_lapland_rural_sparse_offset_s_2500m_500m_0961,1000,osm,lapland_rural_sparse,rural_roads,,2508,2563,6428004.0,2457.85,2512.43,6175158.46,0.960664999807772,2052,2189,81572.97,0.00034054116954500963,24.6221,11.6608,2.1335,5,0.0249,0.1228,1,1.0,319,0.145729,320,0.155945,7908.39,1594.85,1.511,5.0464,0.3133,1.2778,0.5256,0.0,0.9269,0.4801,yes,yes,no,no,no,PASS,,2832679847
OSM_lapland_rural_sparse_offset_s_2500m_500m_1077,1200,osm,lapland_rural_sparse,rural_roads,,2508,2563,6428004.0,2457.85,2512.43,6175158.46,0.960664999807772,2052,2189,81572.97,0.00034054116954500963,24.6221,11.6608,2.1335,5,0.0249,0.1228,1,1.0,319,0.145729,320,0.155945,7908.39,1680.38,1.3684,5.0464,0.3133,1.2778,0.5256,0.0,0.9269,0.4801,yes,yes,no,no,no,PASS,,2223787299
OSM_london_industrial_corridor_offset_w_2500m_1000m_0071,100,osm,london_industrial_corridor,industrial_disrupted,,2561,2567,6574087.0,2510.11,2516.87,6317602.37,0.9609855139276203,5620,5894,148773.65,0.0008965503498812839,15.3201,9.3946,2.0975,6,0.0397,0.1217,1,1.0,1204,0.204276,1162,0.206762,5846.71,1642.94,1.5917,4.9787,0.4891,1.7839,0.5911,0.0,0.9513,0.4956,yes,yes,no,partial,no,PASS,,3970427218
OSM_london_industrial_corridor_offset_w_2500m_1000m_0179,200,osm,london_industrial_corridor,industrial_disrupted,,2561,2567,6574087.0,2510.11,2516.87,6317602.37,0.9609855139276203,5620,5894,148773.65,0.0008965503498812839,15.3201,9.3946,2.0975,6,0.0397,0.1217,1,1.0,1204,0.204276,1162,0.206762,5846.71,1732.31,1.4071,4.9787,0.4891,1.7839,0.5911,0.0,0.9513,0.4956,yes,yes,no,partial,no,PASS,,312160296
OSM_london_industrial_corridor_offset_w_2500m_1000m_0294,400,osm,london_industrial_corridor,industrial_disrupted,,2561,2567,6574087.0,2510.11,2516.87,6317602.37,0.9609855139276203,5620,5894,148773.65,0.0008965503498812839,15.3201,9.3946,2.0975,6,0.0397,0.1217,1,1.0,1204,0.204276,1162,0.206762,5846.71,1715.28,1.5374,4.9787,0.4891,1.7839,0.5911,0.0,0.9513,0.4956,yes,yes,no,partial,no,PASS,,419654712
OSM_london_industrial_corridor_offset_w_2500m_1000m_0409,600,osm,london_industrial_corridor,industrial_disrupted,,2561,2567,6574087.0,2510.11,2516.87,6317602.37,0.9609855139276203,5620,5894,148773.65,0.0008965503498812839,15.3201,9.3946,2.0975,6,0.0397,0.1217,1,1.0,1204,0.204276,1162,0.206762,5846.71,1587.82,1.5361,4.9787,0.4891,1.7839,0.5911,0.0,0.9513,0.4956,yes,yes,no,partial,no,PASS,,2457830422
OSM_london_industrial_corridor_offset_w_2500m_1000m_0515,600,osm,london_industrial_corridor,industrial_disrupted,,2561,2567,6574087.0,2510.11,2516.87,6317602.37,0.9609855139276203,5620,5894,148773.65,0.0008965503498812839,15.3201,9.3946,2.0975,6,0.0397,0.1217,1,1.0,1204,0.204276,1162,0.206762,5846.71,1704.91,1.4839,4.9787,0.4891,1.7839,0.5911,0.0,0.9513,0.4956,yes,yes,no,partial,no,PASS,,4132193038
OSM_london_industrial_corridor_offset_w_2500m_1000m_0644,800,osm,london_industrial_corridor,industrial_disrupted,,2561,2567,6574087.0,2510.11,2516.87,6317602.37,0.9609855139276203,5620,5894,148773.65,0.0008965503498812839,15.3201,9.3946,2.0975,6,0.0397,0.1217,1,1.0,1204,0.204276,1162,0.206762,5846.71,1648.32,1.6176,4.9787,0.4891,1.7839,0.5911,0.0,0.9513,0.4956,yes,yes,no,partial,no,PASS,,3803790697
OSM_london_industrial_corridor_offset_w_2500m_1000m_0758,800,osm,london_industrial_corridor,industrial_disrupted,,2561,2567,6574087.0,2510.11,2516.87,6317602.37,0.9609855139276203,5620,5894,148773.65,0.0008965503498812839,15.3201,9.3946,2.0975,6,0.0397,0.1217,1,1.0,1204,0.204276,1162,0.206762,5846.71,1722.57,1.4766,4.9787,0.4891,1.7839,0.5911,0.0,0.9513,0.4956,yes,yes,no,partial,no,PASS,,734425884
OSM_london_industrial_corridor_offset_w_2500m_1000m_0882,1000,osm,london_industrial_corridor,industrial_disrupted,,2561,2567,6574087.0,2510.11,2516.87,6317602.37,0.9609855139276203,5620,5894,148773.65,0.0008965503498812839,15.3201,9.3946,2.0975,6,0.0397,0.1217,1,1.0,1204,0.204276,1162,0.206762,5846.71,1781.32,1.4353,4.9787,0.4891,1.7839,0.5911,0.0,0.9513,0.4956,yes,yes,no,partial,no,PASS,,610727190
OSM_london_industrial_corridor_offset_w_2500m_1000m_0993,1000,osm,london_industrial_corridor,industrial_disrupted,,2561,2567,6574087.0,2510.11,2516.87,6317602.37,0.9609855139276203,5620,5894,148773.65,0.0008965503498812839,15.3201,9.3946,2.0975,6,0.0397,0.1217,1,1.0,1204,0.204276,1162,0.206762,5846.71,1770.58,1.6276,4.9787,0.4891,1.7839,0.5911,0.0,0.9513,0.4956,yes,yes,no,partial,no,PASS,,3444936378
OSM_london_industrial_corridor_offset_w_2500m_1000m_1107,1200,osm,london_industrial_corridor,industrial_disrupted,,2561,2567,6574087.0,2510.11,2516.87,6317602.37,0.9609855139276203,5620,5894,148773.65,0.0008965503498812839,15.3201,9.3946,2.0975,6,0.0397,0.1217,1,1.0,1204,0.204276,1162,0.206762,5846.71,1671.04,1.4818,4.9787,0.4891,1.7839,0.5911,0.0,0.9513,0.4956,yes,yes,no,partial,no,PASS,,2881534585
OSM_london_industrial_corridor_offset_w_2500m_1500m_0095,100,osm,london_industrial_corridor,industrial_disrupted,,2612,2550,6660600.0,2561.39,2499.75,6402827.68,0.9612989346933339,5633,5921,154321.84,0.0008889589526469086,15.4895,9.4697,2.1023,6,0.041,0.1259,1,1.0,1197,0.202162,1153,0.204687,6191.27,1434.98,1.3542,4.9887,0.4873,1.8639,0.5871,0.0,0.9492,0.4951,yes,yes,no,partial,no,PASS,,3167768615
OSM_london_industrial_corridor_offset_w_2500m_1500m_0206,400,osm,london_industrial_corridor,industrial_disrupted,,2612,2550,6660600.0,2561.39,2499.75,6402827.68,0.9612989346933339,5633,5921,154321.84,0.0008889589526469086,15.4895,9.4697,2.1023,6,0.041,0.1259,1,1.0,1197,0.202162,1153,0.204687,6191.27,1546.7,1.4978,4.9887,0.4873,1.8639,0.5871,0.0,0.9492,0.4951,yes,yes,no,partial,no,PASS,,2014163759
OSM_london_industrial_corridor_offset_w_2500m_1500m_0318,400,osm,london_industrial_corridor,industrial_disrupted,,2612,2550,6660600.0,2561.39,2499.75,6402827.68,0.9612989346933339,5633,5921,154321.84,0.0008889589526469086,15.4895,9.4697,2.1023,6,0.041,0.1259,1,1.0,1197,0.202162,1153,0.204687,6191.27,1716.33,1.3876,4.9887,0.4873,1.8639,0.5871,0.0,0.9492,0.4951,yes,yes,no,partial,no,PASS,,3129311463
OSM_london_industrial_corridor_offset_w_2500m_1500m_0435,600,osm,london_industrial_corridor,industrial_disrupted,,2612,2550,6660600.0,2561.39,2499.75,6402827.68,0.9612989346933339,5633,5921,154321.84,0.0008889589526469086,15.4895,9.4697,2.1023,6,0.041,0.1259,1,1.0,1197,0.202162,1153,0.204687,6191.27,1681.93,1.3641,4.9887,0.4873,1.8639,0.5871,0.0,0.9492,0.4951,yes,yes,no,partial,no,PASS,,1838726889
OSM_london_industrial_corridor_offset_w_2500m_1500m_0556,600,osm,london_industrial_corridor,industrial_disrupted,,2612,2550,6660600.0,2561.39,2499.75,6402827.68,0.9612989346933339,5633,5921,154321.84,0.0008889589526469086,15.4895,9.4697,2.1023,6,0.041,0.1259,1,1.0,1197,0.202162,1153,0.204687,6191.27,1599.67,1.6727,4.9887,0.4873,1.8639,0.5871,0.0,0.9492,0.4951,yes,yes,no,partial,no,PASS,,1567850218
OSM_london_industrial_corridor_offset_w_2500m_1500m_0673,800,osm,london_industrial_corridor,industrial_disrupted,,2612,2550,6660600.0,2561.39,2499.75,6402827.68,0.9612989346933339,5633,5921,154321.84,0.0008889589526469086,15.4895,9.4697,2.1023,6,0.041,0.1259,1,1.0,1197,0.202162,1153,0.204687,6191.27,1641.67,2.0951,4.9887,0.4873,1.8639,0.5871,0.0,0.9492,0.4951,yes,yes,no,partial,no,PASS,,3777764641
OSM_london_industrial_corridor_offset_w_2500m_1500m_0784,800,osm,london_industrial_corridor,industrial_disrupted,,2612,2550,6660600.0,2561.39,2499.75,6402827.68,0.9612989346933339,5633,5921,154321.84,0.0008889589526469086,15.4895,9.4697,2.1023,6,0.041,0.1259,1,1.0,1197,0.202162,1153,0.204687,6191.27,1372.54,1.7526,4.9887,0.4873,1.8639,0.5871,0.0,0.9492,0.4951,yes,yes,no,partial,no,PASS,,1825574935
OSM_london_industrial_corridor_offset_w_2500m_1500m_0905,1000,osm,london_industrial_corridor,industrial_disrupted,,2612,2550,6660600.0,2561.39,2499.75,6402827.68,0.9612989346933339,5633,5921,154321.84,0.0008889589526469086,15.4895,9.4697,2.1023,6,0.041,0.1259,1,1.0,1197,0.202162,1153,0.204687,6191.27,1653.79,1.5922,4.9887,0.4873,1.8639,0.5871,0.0,0.9492,0.4951,yes,yes,no,partial,no,PASS,,817260172
OSM_london_industrial_corridor_offset_w_2500m_1500m_1023,1200,osm,london_industrial_corridor,industrial_disrupted,,2612,2550,6660600.0,2561.39,2499.75,6402827.68,0.9612989346933339,5633,5921,154321.84,0.0008889589526469086,15.4895,9.4697,2.1023,6,0.041,0.1259,1,1.0,1197,0.202162,1153,0.204687,6191.27,1396.59,1.4156,4.9887,0.4873,1.8639,0.5871,0.0,0.9492,0.4951,yes,yes,no,partial,no,PASS,,3974830761
OSM_london_industrial_corridor_offset_w_2500m_1500m_1144,1200,osm,london_industrial_corridor,industrial_disrupted,,2612,2550,6660600.0,2561.39,2499.75,6402827.68,0.9612989346933339,5633,5921,154321.84,0.0008889589526469086,15.4895,9.4697,2.1023,6,0.041,0.1259,1,1.0,1197,0.202162,1153,0.204687,6191.27,1525.51,1.5737,4.9887,0.4873,1.8639,0.5871,0.0,0.9492,0.4951,yes,yes,no,partial,no,PASS,,3998611720
OSM_london_industrial_corridor_offset_w_2500m_200m_0012,100,osm,london_industrial_corridor,industrial_disrupted,,2574,2569,6612606.0,2523.47,2518.09,6354330.44,0.9609419401120133,5744,6006,151194.64,0.0009082652134423251,15.996,10.0905,2.0912,6,0.0399,0.1184,1,1.0,1238,0.206127,1187,0.20665,7436.24,1762.6,1.6132,4.9872,0.4556,1.1617,0.6365,0.0,0.9537,0.4972,yes,yes,no,partial,no,PASS,,4001113630
OSM_london_industrial_corridor_offset_w_2500m_200m_0122,200,osm,london_industrial_corridor,industrial_disrupted,,2574,2569,6612606.0,2523.47,2518.09,6354330.44,0.9609419401120133,5744,6006,151194.64,0.0009082652134423251,15.996,10.0905,2.0912,6,0.0399,0.1184,1,1.0,1238,0.206127,1187,0.20665,7436.24,1688.34,1.635,4.9872,0.4556,1.1617,0.6365,0.0,0.9537,0.4972,yes,yes,no,partial,no,PASS,,928470849
OSM_london_industrial_corridor_offset_w_2500m_200m_0235,400,osm,london_industrial_corridor,industrial_disrupted,,2574,2569,6612606.0,2523.47,2518.09,6354330.44,0.9609419401120133,5744,6006,151194.64,0.0009082652134423251,15.996,10.0905,2.0912,6,0.0399,0.1184,1,1.0,1238,0.206127,1187,0.20665,7436.24,1612.3,1.5599,4.9872,0.4556,1.1617,0.6365,0.0,0.9537,0.4972,yes,yes,no,partial,no,PASS,,1240038417
OSM_london_industrial_corridor_offset_w_2500m_200m_0341,400,osm,london_industrial_corridor,industrial_disrupted,,2574,2569,6612606.0,2523.47,2518.09,6354330.44,0.9609419401120133,5744,6006,151194.64,0.0009082652134423251,15.996,10.0905,2.0912,6,0.0399,0.1184,1,1.0,1238,0.206127,1187,0.20665,7436.24,1864.97,1.5446,4.9872,0.4556,1.1617,0.6365,0.0,0.9537,0.4972,yes,yes,no,partial,no,PASS,,1998676519
OSM_london_industrial_corridor_offset_w_2500m_200m_0467,600,osm,london_industrial_corridor,industrial_disrupted,,2574,2569,6612606.0,2523.47,2518.09,6354330.44,0.9609419401120133,5744,6006,151194.64,0.0009082652134423251,15.996,10.0905,2.0912,6,0.0399,0.1184,1,1.0,1238,0.206127,1187,0.20665,7436.24,1721.53,1.6147,4.9872,0.4556,1.1617,0.6365,0.0,0.9537,0.4972,yes,yes,no,partial,no,PASS,,2336955195
OSM_london_industrial_corridor_offset_w_2500m_200m_0585,600,osm,london_industrial_corridor,industrial_disrupted,,2574,2569,6612606.0,2523.47,2518.09,6354330.44,0.9609419401120133,5744,6006,151194.64,0.0009082652134423251,15.996,10.0905,2.0912,6,0.0399,0.1184,1,1.0,1238,0.206127,1187,0.20665,7436.24,1718.67,1.5825,4.9872,0.4556,1.1617,0.6365,0.0,0.9537,0.4972,yes,yes,no,partial,no,PASS,,2052570840
OSM_london_industrial_corridor_offset_w_2500m_200m_0704,800,osm,london_industrial_corridor,industrial_disrupted,,2574,2569,6612606.0,2523.47,2518.09,6354330.44,0.9609419401120133,5744,6006,151194.64,0.0009082652134423251,15.996,10.0905,2.0912,6,0.0399,0.1184,1,1.0,1238,0.206127,1187,0.20665,7436.24,1625.95,1.6825,4.9872,0.4556,1.1617,0.6365,0.0,0.9537,0.4972,yes,yes,no,partial,no,PASS,,2571069625
OSM_london_industrial_corridor_offset_w_2500m_200m_0818,1000,osm,london_industrial_corridor,industrial_disrupted,,2574,2569,6612606.0,2523.47,2518.09,6354330.44,0.9609419401120133,5744,6006,151194.64,0.0009082652134423251,15.996,10.0905,2.0912,6,0.0399,0.1184,1,1.0,1238,0.206127,1187,0.20665,7436.24,1690.62,1.4402,4.9872,0.4556,1.1617,0.6365,0.0,0.9537,0.4972,yes,yes,no,partial,no,PASS,,3047937138
OSM_london_industrial_corridor_offset_w_2500m_200m_0933,1000,osm,london_industrial_corridor,industrial_disrupted,,2574,2569,6612606.0,2523.47,2518.09,6354330.44,0.9609419401120133,5744,6006,151194.64,0.0009082652134423251,15.996,10.0905,2.0912,6,0.0399,0.1184,1,1.0,1238,0.206127,1187,0.20665,7436.24,1748.61,1.5342,4.9872,0.4556,1.1617,0.6365,0.0,0.9537,0.4972,yes,yes,no,partial,no,PASS,,1471877069
OSM_london_industrial_corridor_offset_w_2500m_200m_1057,1200,osm,london_industrial_corridor,industrial_disrupted,,2574,2569,6612606.0,2523.47,2518.09,6354330.44,0.9609419401120133,5744,6006,151194.64,0.0009082652134423251,15.996,10.0905,2.0912,6,0.0399,0.1184,1,1.0,1238,0.206127,1187,0.20665,7436.24,1870.61,1.4876,4.9872,0.4556,1.1617,0.6365,0.0,0.9537,0.4972,yes,yes,no,partial,no,PASS,,3221124404
OSM_london_industrial_corridor_offset_w_2500m_200m_1176,1200,osm,london_industrial_corridor,industrial_disrupted,,2574,2569,6612606.0,2523.47,2518.09,6354330.44,0.9609419401120133,5744,6006,151194.64,0.0009082652134423251,15.996,10.0905,2.0912,6,0.0399,0.1184,1,1.0,1238,0.206127,1187,0.20665,7436.24,1751.16,1.7221,4.9872,0.4556,1.1617,0.6365,0.0,0.9537,0.4972,yes,yes,no,partial,no,PASS,,3140156039
OSM_london_industrial_corridor_offset_w_2500m_500m_0039,100,osm,london_industrial_corridor,industrial_disrupted,,2580,2569,6628020.0,2529.06,2518.09,6368393.41,0.9608289375611592,6013,6297,154226.27,0.000950057483230286,15.4597,9.715,2.0945,6,0.0391,0.1197,1,1.0,1260,0.200095,1209,0.201064,6560.75,1783.6,1.3754,4.9769,0.4856,1.3856,0.6357,0.0,0.9543,0.496,yes,yes,no,partial,no,PASS,,95589811
OSM_london_industrial_corridor_offset_w_2500m_500m_0149,200,osm,london_industrial_corridor,industrial_disrupted,,2580,2569,6628020.0,2529.06,2518.09,6368393.41,0.9608289375611592,6013,6297,154226.27,0.000950057483230286,15.4597,9.715,2.0945,6,0.0391,0.1197,1,1.0,1260,0.200095,1209,0.201064,6560.75,1585.76,1.5697,4.9769,0.4856,1.3856,0.6357,0.0,0.9543,0.496,yes,yes,no,partial,no,PASS,,1450118729
OSM_london_industrial_corridor_offset_w_2500m_500m_0266,400,osm,london_industrial_corridor,industrial_disrupted,,2580,2569,6628020.0,2529.06,2518.09,6368393.41,0.9608289375611592,6013,6297,154226.27,0.000950057483230286,15.4597,9.715,2.0945,6,0.0391,0.1197,1,1.0,1260,0.200095,1209,0.201064,6560.75,1727.59,1.4876,4.9769,0.4856,1.3856,0.6357,0.0,0.9543,0.496,yes,yes,no,partial,no,PASS,,2622546970
OSM_london_industrial_corridor_offset_w_2500m_500m_0365,400,osm,london_industrial_corridor,industrial_disrupted,,2580,2569,6628020.0,2529.06,2518.09,6368393.41,0.9608289375611592,6013,6297,154226.27,0.000950057483230286,15.4597,9.715,2.0945,6,0.0391,0.1197,1,1.0,1260,0.200095,1209,0.201064,6560.75,1779.73,1.4684,4.9769,0.4856,1.3856,0.6357,0.0,0.9543,0.496,yes,yes,no,partial,no,PASS,,1855641936
OSM_london_industrial_corridor_offset_w_2500m_500m_0493,600,osm,london_industrial_corridor,industrial_disrupted,,2580,2569,6628020.0,2529.06,2518.09,6368393.41,0.9608289375611592,6013,6297,154226.27,0.000950057483230286,15.4597,9.715,2.0945,6,0.0391,0.1197,1,1.0,1260,0.200095,1209,0.201064,6560.75,1830.53,1.5199,4.9769,0.4856,1.3856,0.6357,0.0,0.9543,0.496,yes,yes,no,partial,no,PASS,,1745572283
OSM_london_industrial_corridor_offset_w_2500m_500m_0613,800,osm,london_industrial_corridor,industrial_disrupted,,2580,2569,6628020.0,2529.06,2518.09,6368393.41,0.9608289375611592,6013,6297,154226.27,0.000950057483230286,15.4597,9.715,2.0945,6,0.0391,0.1197,1,1.0,1260,0.200095,1209,0.201064,6560.75,1789.39,1.4557,4.9769,0.4856,1.3856,0.6357,0.0,0.9543,0.496,yes,yes,no,partial,no,PASS,,2738587369
OSM_london_industrial_corridor_offset_w_2500m_500m_0728,800,osm,london_industrial_corridor,industrial_disrupted,,2580,2569,6628020.0,2529.06,2518.09,6368393.41,0.9608289375611592,6013,6297,154226.27,0.000950057483230286,15.4597,9.715,2.0945,6,0.0391,0.1197,1,1.0,1260,0.200095,1209,0.201064,6560.75,1679.2,1.5165,4.9769,0.4856,1.3856,0.6357,0.0,0.9543,0.496,yes,yes,no,partial,no,PASS,,3831993459
OSM_london_industrial_corridor_offset_w_2500m_500m_0853,1000,osm,london_industrial_corridor,industrial_disrupted,,2580,2569,6628020.0,2529.06,2518.09,6368393.41,0.9608289375611592,6013,6297,154226.27,0.000950057483230286,15.4597,9.715,2.0945,6,0.0391,0.1197,1,1.0,1260,0.200095,1209,0.201064,6560.75,1607.19,1.4683,4.9769,0.4856,1.3856,0.6357,0.0,0.9543,0.496,yes,yes,no,partial,no,PASS,,406420687
OSM_london_industrial_corridor_offset_w_2500m_500m_0962,1000,osm,london_industrial_corridor,industrial_disrupted,,2580,2569,6628020.0,2529.06,2518.09,6368393.41,0.9608289375611592,6013,6297,154226.27,0.000950057483230286,15.4597,9.715,2.0945,6,0.0391,0.1197,1,1.0,1260,0.200095,1209,0.201064,6560.75,1714.78,1.5812,4.9769,0.4856,1.3856,0.6357,0.0,0.9543,0.496,yes,yes,no,partial,no,PASS,,858026704
OSM_london_industrial_corridor_offset_w_2500m_500m_1080,1200,osm,london_industrial_corridor,industrial_disrupted,,2580,2569,6628020.0,2529.06,2518.09,6368393.41,0.9608289375611592,6013,6297,154226.27,0.000950057483230286,15.4597,9.715,2.0945,6,0.0391,0.1197,1,1.0,1260,0.200095,1209,0.201064,6560.75,1580.63,1.4861,4.9769,0.4856,1.3856,0.6357,0.0,0.9543,0.496,yes,yes,no,partial,no,PASS,,1653164984
OSM_manhattan_midtown_exact_1000m_0m_0097,100,osm,manhattan_midtown,urban_grid,,1048,1008,1056384.0,997.31,957.97,955385.76,0.9043924931799793,393,429,13887.97,0.0004061023264267539,29.9956,11.8084,2.1832,4,0.0178,0.1196,1,1.0,43,0.100233,42,0.10687,2540.06,653.81,1.2684,1.5873,0.0151,1.7822,0.6657,0.0,0.8322,0.465,yes,yes,no,yes,no,PASS,,2959759283
OSM_manhattan_midtown_exact_1000m_0m_0237,400,osm,manhattan_midtown,urban_grid,,1048,1008,1056384.0,997.31,957.97,955385.76,0.9043924931799793,393,429,13887.97,0.0004061023264267539,29.9956,11.8084,2.1832,4,0.0178,0.1196,1,1.0,43,0.100233,42,0.10687,2540.06,643.72,1.2919,1.5873,0.0151,1.7822,0.6657,0.0,0.8322,0.465,yes,yes,no,yes,no,PASS,,488449036
OSM_manhattan_midtown_exact_1000m_0m_0369,400,osm,manhattan_midtown,urban_grid,,1048,1008,1056384.0,997.31,957.97,955385.76,0.9043924931799793,393,429,13887.97,0.0004061023264267539,29.9956,11.8084,2.1832,4,0.0178,0.1196,1,1.0,43,0.100233,42,0.10687,2540.06,697.23,1.2781,1.5873,0.0151,1.7822,0.6657,0.0,0.8322,0.465,yes,yes,no,yes,no,PASS,,750112321
OSM_manhattan_midtown_exact_1000m_0m_0517,600,osm,manhattan_midtown,urban_grid,,1048,1008,1056384.0,997.31,957.97,955385.76,0.9043924931799793,393,429,13887.97,0.0004061023264267539,29.9956,11.8084,2.1832,4,0.0178,0.1196,1,1.0,43,0.100233,42,0.10687,2540.06,654.8,1.2869,1.5873,0.0151,1.7822,0.6657,0.0,0.8322,0.465,yes,yes,no,yes,no,PASS,,1299183471
OSM_manhattan_midtown_exact_1000m_0m_0677,800,osm,manhattan_midtown,urban_grid,,1048,1008,1056384.0,997.31,957.97,955385.76,0.9043924931799793,393,429,13887.97,0.0004061023264267539,29.9956,11.8084,2.1832,4,0.0178,0.1196,1,1.0,43,0.100233,42,0.10687,2540.06,623.25,1.2695,1.5873,0.0151,1.7822,0.6657,0.0,0.8322,0.465,yes,yes,no,yes,no,PASS,,3943409194
OSM_manhattan_midtown_exact_1000m_0m_0820,1000,osm,manhattan_midtown,urban_grid,,1048,1008,1056384.0,997.31,957.97,955385.76,0.9043924931799793,393,429,13887.97,0.0004061023264267539,29.9956,11.8084,2.1832,4,0.0178,0.1196,1,1.0,43,0.100233,42,0.10687,2540.06,597.39,1.253,1.5873,0.0151,1.7822,0.6657,0.0,0.8322,0.465,yes,yes,no,yes,no,PASS,,4126570375
OSM_manhattan_midtown_exact_1000m_0m_0963,1000,osm,manhattan_midtown,urban_grid,,1048,1008,1056384.0,997.31,957.97,955385.76,0.9043924931799793,393,429,13887.97,0.0004061023264267539,29.9956,11.8084,2.1832,4,0.0178,0.1196,1,1.0,43,0.100233,42,0.10687,2540.06,696.41,1.3105,1.5873,0.0151,1.7822,0.6657,0.0,0.8322,0.465,yes,yes,no,yes,no,PASS,,3086802679
OSM_manhattan_midtown_exact_1000m_0m_1108,1200,osm,manhattan_midtown,urban_grid,,1048,1008,1056384.0,997.31,957.97,955385.76,0.9043924931799793,393,429,13887.97,0.0004061023264267539,29.9956,11.8084,2.1832,4,0.0178,0.1196,1,1.0,43,0.100233,42,0.10687,2540.06,633.27,1.2493,1.5873,0.0151,1.7822,0.6657,0.0,0.8322,0.465,yes,yes,no,yes,no,PASS,,1855452764
OSM_manhattan_midtown_exact_1500m_0m_0013,100,osm,manhattan_midtown,urban_grid,,1545,1542,2382390.0,1494.32,1491.73,2229118.3,0.9356647306721261,1161,1279,36558.07,0.0005368558464399196,27.1404,10.7744,2.2033,5,0.0043,0.1232,1,1.0,20,0.015637,20,0.017227,3736.3,1048.27,1.3522,2.0575,0.0453,1.1799,0.6636,0.0,0.8726,0.4554,yes,yes,no,yes,no,PASS,,1798605387
OSM_manhattan_midtown_exact_1500m_0m_0150,200,osm,manhattan_midtown,urban_grid,,1545,1542,2382390.0,1494.32,1491.73,2229118.3,0.9356647306721261,1161,1279,36558.07,0.0005368558464399196,27.1404,10.7744,2.2033,5,0.0043,0.1232,1,1.0,20,0.015637,20,0.017227,3736.3,923.84,1.3089,2.0575,0.0453,1.1799,0.6636,0.0,0.8726,0.4554,yes,yes,no,yes,no,PASS,,911620096
OSM_manhattan_midtown_exact_1500m_0m_0298,400,osm,manhattan_midtown,urban_grid,,1545,1542,2382390.0,1494.32,1491.73,2229118.3,0.9356647306721261,1161,1279,36558.07,0.0005368558464399196,27.1404,10.7744,2.2033,5,0.0043,0.1232,1,1.0,20,0.015637,20,0.017227,3736.3,981.03,1.3916,2.0575,0.0453,1.1799,0.6636,0.0,0.8726,0.4554,yes,yes,no,yes,no,PASS,,2582495606
OSM_manhattan_midtown_exact_1500m_0m_0438,600,osm,manhattan_midtown,urban_grid,,1545,1542,2382390.0,1494.32,1491.73,2229118.3,0.9356647306721261,1161,1279,36558.07,0.0005368558464399196,27.1404,10.7744,2.2033,5,0.0043,0.1232,1,1.0,20,0.015637,20,0.017227,3736.3,956.14,1.3887,2.0575,0.0453,1.1799,0.6636,0.0,0.8726,0.4554,yes,yes,no,yes,no,PASS,,577998807
OSM_manhattan_midtown_exact_1500m_0m_0588,600,osm,manhattan_midtown,urban_grid,,1545,1542,2382390.0,1494.32,1491.73,2229118.3,0.9356647306721261,1161,1279,36558.07,0.0005368558464399196,27.1404,10.7744,2.2033,5,0.0043,0.1232,1,1.0,20,0.015637,20,0.017227,3736.3,857.05,1.321,2.0575,0.0453,1.1799,0.6636,0.0,0.8726,0.4554,yes,yes,no,yes,no,PASS,,3048454187
OSM_manhattan_midtown_exact_1500m_0m_0729,800,osm,manhattan_midtown,urban_grid,,1545,1542,2382390.0,1494.32,1491.73,2229118.3,0.9356647306721261,1161,1279,36558.07,0.0005368558464399196,27.1404,10.7744,2.2033,5,0.0043,0.1232,1,1.0,20,0.015637,20,0.017227,3736.3,843.59,1.3205,2.0575,0.0453,1.1799,0.6636,0.0,0.8726,0.4554,yes,yes,no,yes,no,PASS,,359695745
OSM_manhattan_midtown_exact_1500m_0m_0885,1000,osm,manhattan_midtown,urban_grid,,1545,1542,2382390.0,1494.32,1491.73,2229118.3,0.9356647306721261,1161,1279,36558.07,0.0005368558464399196,27.1404,10.7744,2.2033,5,0.0043,0.1232,1,1.0,20,0.015637,20,0.017227,3736.3,974.28,1.2622,2.0575,0.0453,1.1799,0.6636,0.0,0.8726,0.4554,yes,yes,no,yes,no,PASS,,156877377
OSM_manhattan_midtown_exact_1500m_0m_1026,1200,osm,manhattan_midtown,urban_grid,,1545,1542,2382390.0,1494.32,1491.73,2229118.3,0.9356647306721261,1161,1279,36558.07,0.0005368558464399196,27.1404,10.7744,2.2033,5,0.0043,0.1232,1,1.0,20,0.015637,20,0.017227,3736.3,914.93,1.3116,2.0575,0.0453,1.1799,0.6636,0.0,0.8726,0.4554,yes,yes,no,yes,no,PASS,,3279719094
OSM_manhattan_midtown_exact_1500m_0m_1177,1200,osm,manhattan_midtown,urban_grid,,1545,1542,2382390.0,1494.32,1491.73,2229118.3,0.9356647306721261,1161,1279,36558.07,0.0005368558464399196,27.1404,10.7744,2.2033,5,0.0043,0.1232,1,1.0,20,0.015637,20,0.017227,3736.3,938.74,1.3236,2.0575,0.0453,1.1799,0.6636,0.0,0.8726,0.4554,yes,yes,no,yes,no,PASS,,1542512252
OSM_manhattan_midtown_exact_2500m_0m_0073,100,osm,manhattan_midtown,urban_grid,,2548,2532,6451536.0,2497.78,2481.52,6198290.41,0.960746465680727,3272,3633,107800.86,0.000563121712410812,27.8052,11.3457,2.2207,5,0.0034,0.1274,1,1.0,38,0.01046,36,0.011002,5164.36,1408.36,1.3001,2.1557,0.0408,1.2087,0.6193,0.0,0.8965,0.4517,yes,yes,no,yes,no,PASS,,1242324906
OSM_manhattan_midtown_exact_2500m_0m_0207,400,osm,manhattan_midtown,urban_grid,,2548,2532,6451536.0,2497.78,2481.52,6198290.41,0.960746465680727,3272,3633,107800.86,0.000563121712410812,27.8052,11.3457,2.2207,5,0.0034,0.1274,1,1.0,38,0.01046,36,0.011002,5164.36,1683.5,1.2772,2.1557,0.0408,1.2087,0.6193,0.0,0.8965,0.4517,yes,yes,no,yes,no,PASS,,1204225190
OSM_manhattan_midtown_exact_2500m_0m_0342,400,osm,manhattan_midtown,urban_grid,,2548,2532,6451536.0,2497.78,2481.52,6198290.41,0.960746465680727,3272,3633,107800.86,0.000563121712410812,27.8052,11.3457,2.2207,5,0.0034,0.1274,1,1.0,38,0.01046,36,0.011002,5164.36,1667.31,1.2779,2.1557,0.0408,1.2087,0.6193,0.0,0.8965,0.4517,yes,yes,no,yes,no,PASS,,3054092274
OSM_manhattan_midtown_exact_2500m_0m_0494,600,osm,manhattan_midtown,urban_grid,,2548,2532,6451536.0,2497.78,2481.52,6198290.41,0.960746465680727,3272,3633,107800.86,0.000563121712410812,27.8052,11.3457,2.2207,5,0.0034,0.1274,1,1.0,38,0.01046,36,0.011002,5164.36,1734.46,1.2449,2.1557,0.0408,1.2087,0.6193,0.0,0.8965,0.4517,yes,yes,no,yes,no,PASS,,1303733093
OSM_manhattan_midtown_exact_2500m_0m_0646,800,osm,manhattan_midtown,urban_grid,,2548,2532,6451536.0,2497.78,2481.52,6198290.41,0.960746465680727,3272,3633,107800.86,0.000563121712410812,27.8052,11.3457,2.2207,5,0.0034,0.1274,1,1.0,38,0.01046,36,0.011002,5164.36,1630.1,1.2621,2.1557,0.0408,1.2087,0.6193,0.0,0.8965,0.4517,yes,yes,no,yes,no,PASS,,3587688822
OSM_manhattan_midtown_exact_2500m_0m_0785,800,osm,manhattan_midtown,urban_grid,,2548,2532,6451536.0,2497.78,2481.52,6198290.41,0.960746465680727,3272,3633,107800.86,0.000563121712410812,27.8052,11.3457,2.2207,5,0.0034,0.1274,1,1.0,38,0.01046,36,0.011002,5164.36,1498.95,1.2682,2.1557,0.0408,1.2087,0.6193,0.0,0.8965,0.4517,yes,yes,no,yes,no,PASS,,1844524595
OSM_manhattan_midtown_exact_2500m_0m_0934,1000,osm,manhattan_midtown,urban_grid,,2548,2532,6451536.0,2497.78,2481.52,6198290.41,0.960746465680727,3272,3633,107800.86,0.000563121712410812,27.8052,11.3457,2.2207,5,0.0034,0.1274,1,1.0,38,0.01046,36,0.011002,5164.36,1753.17,1.2663,2.1557,0.0408,1.2087,0.6193,0.0,0.8965,0.4517,yes,yes,no,yes,no,PASS,,1712637425
OSM_manhattan_midtown_exact_2500m_0m_1082,1200,osm,manhattan_midtown,urban_grid,,2548,2532,6451536.0,2497.78,2481.52,6198290.41,0.960746465680727,3272,3633,107800.86,0.000563121712410812,27.8052,11.3457,2.2207,5,0.0034,0.1274,1,1.0,38,0.01046,36,0.011002,5164.36,1560.28,1.2812,2.1557,0.0408,1.2087,0.6193,0.0,0.8965,0.4517,yes,yes,no,yes,no,PASS,,2292538232
OSM_manhattan_midtown_exact_5000m_0m_0124,200,osm,manhattan_midtown,urban_grid,,5056,5055,25558080.0,5005.55,5004.64,25050988.47,0.9801592479279133,11558,12720,374960.24,0.0004976899673214889,26.1533,10.968,2.2011,6,0.0036,0.121,1,1.0,182,0.014308,183,0.015833,14698.75,3434.76,1.4177,3.3162,0.1668,1.4129,0.5798,0.0,0.9359,0.4559,yes,yes,no,yes,no,PASS,,3903022772
OSM_manhattan_midtown_exact_5000m_0m_0268,400,osm,manhattan_midtown,urban_grid,,5056,5055,25558080.0,5005.55,5004.64,25050988.47,0.9801592479279133,11558,12720,374960.24,0.0004976899673214889,26.1533,10.968,2.2011,6,0.0036,0.121,1,1.0,182,0.014308,183,0.015833,14698.75,3681.22,1.3448,3.3162,0.1668,1.4129,0.5798,0.0,0.9359,0.4559,yes,yes,no,yes,no,PASS,,2522939994
OSM_manhattan_midtown_exact_5000m_0m_0412,600,osm,manhattan_midtown,urban_grid,,5056,5055,25558080.0,5005.55,5004.64,25050988.47,0.9801592479279133,11558,12720,374960.24,0.0004976899673214889,26.1533,10.968,2.2011,6,0.0036,0.121,1,1.0,182,0.014308,183,0.015833,14698.75,2768.84,1.4056,3.3162,0.1668,1.4129,0.5798,0.0,0.9359,0.4559,yes,yes,no,yes,no,PASS,,1947884748
OSM_manhattan_midtown_exact_5000m_0m_0557,600,osm,manhattan_midtown,urban_grid,,5056,5055,25558080.0,5005.55,5004.64,25050988.47,0.9801592479279133,11558,12720,374960.24,0.0004976899673214889,26.1533,10.968,2.2011,6,0.0036,0.121,1,1.0,182,0.014308,183,0.015833,14698.75,3233.48,1.4802,3.3162,0.1668,1.4129,0.5798,0.0,0.9359,0.4559,yes,yes,no,yes,no,PASS,,181758462
OSM_manhattan_midtown_exact_5000m_0m_0705,800,osm,manhattan_midtown,urban_grid,,5056,5055,25558080.0,5005.55,5004.64,25050988.47,0.9801592479279133,11558,12720,374960.24,0.0004976899673214889,26.1533,10.968,2.2011,6,0.0036,0.121,1,1.0,182,0.014308,183,0.015833,14698.75,3766.69,1.2904,3.3162,0.1668,1.4129,0.5798,0.0,0.9359,0.4559,yes,yes,no,yes,no,PASS,,1004917712
OSM_manhattan_midtown_exact_5000m_0m_0854,1000,osm,manhattan_midtown,urban_grid,,5056,5055,25558080.0,5005.55,5004.64,25050988.47,0.9801592479279133,11558,12720,374960.24,0.0004976899673214889,26.1533,10.968,2.2011,6,0.0036,0.121,1,1.0,182,0.014308,183,0.015833,14698.75,3229.23,1.3011,3.3162,0.1668,1.4129,0.5798,0.0,0.9359,0.4559,yes,yes,no,yes,no,PASS,,1409189662
OSM_manhattan_midtown_exact_5000m_0m_0994,1000,osm,manhattan_midtown,urban_grid,,5056,5055,25558080.0,5005.55,5004.64,25050988.47,0.9801592479279133,11558,12720,374960.24,0.0004976899673214889,26.1533,10.968,2.2011,6,0.0036,0.121,1,1.0,182,0.014308,183,0.015833,14698.75,3332.48,1.3558,3.3162,0.1668,1.4129,0.5798,0.0,0.9359,0.4559,yes,yes,no,yes,no,PASS,,884589515
OSM_manhattan_midtown_exact_5000m_0m_1145,1200,osm,manhattan_midtown,urban_grid,,5056,5055,25558080.0,5005.55,5004.64,25050988.47,0.9801592479279133,11558,12720,374960.24,0.0004976899673214889,26.1533,10.968,2.2011,6,0.0036,0.121,1,1.0,182,0.014308,183,0.015833,14698.75,3319.17,1.284,3.3162,0.1668,1.4129,0.5798,0.0,0.9359,0.4559,yes,yes,no,yes,no,PASS,,3199514977
OSM_mit_campus_reality_offset_n_1500m_1000m_0074,100,osm,mit_campus_reality,campus_compact,,1577,1570,2475890.0,1526.09,1519.19,2318427.77,0.9364017656404424,6819,8508,237485.32,0.003436340063573099,14.9043,5.8565,2.4954,8,0.0317,0.3759,1,1.0,576,0.067701,570,0.08359,4024.72,931.21,1.2399,4.7315,0.413,1.1753,0.6494,0.0,0.9155,0.4134,yes,yes,partial,partial,no,PASS,,1756844581
OSM_mit_campus_reality_offset_n_1500m_1000m_0181,200,osm,mit_campus_reality,campus_compact,,1577,1570,2475890.0,1526.09,1519.19,2318427.77,0.9364017656404424,6819,8508,237485.32,0.003436340063573099,14.9043,5.8565,2.4954,8,0.0317,0.3759,1,1.0,576,0.067701,570,0.08359,4024.72,1043.74,1.281,4.7315,0.413,1.1753,0.6494,0.0,0.9155,0.4134,yes,yes,partial,partial,no,PASS,,1024046891
OSM_mit_campus_reality_offset_n_1500m_1000m_0299,400,osm,mit_campus_reality,campus_compact,,1577,1570,2475890.0,1526.09,1519.19,2318427.77,0.9364017656404424,6819,8508,237485.32,0.003436340063573099,14.9043,5.8565,2.4954,8,0.0317,0.3759,1,1.0,576,0.067701,570,0.08359,4024.72,983.71,1.2757,4.7315,0.413,1.1753,0.6494,0.0,0.9155,0.4134,yes,yes,partial,partial,no,PASS,,382457894
OSM_mit_campus_reality_offset_n_1500m_1000m_0413,600,osm,mit_campus_reality,campus_compact,,1577,1570,2475890.0,1526.09,1519.19,2318427.77,0.9364017656404424,6819,8508,237485.32,0.003436340063573099,14.9043,5.8565,2.4954,8,0.0317,0.3759,1,1.0,576,0.067701,570,0.08359,4024.72,944.5,1.3199,4.7315,0.413,1.1753,0.6494,0.0,0.9155,0.4134,yes,yes,partial,partial,no,PASS,,3082454987
OSM_mit_campus_reality_offset_n_1500m_1000m_0518,600,osm,mit_campus_reality,campus_compact,,1577,1570,2475890.0,1526.09,1519.19,2318427.77,0.9364017656404424,6819,8508,237485.32,0.003436340063573099,14.9043,5.8565,2.4954,8,0.0317,0.3759,1,1.0,576,0.067701,570,0.08359,4024.72,1007.79,1.2759,4.7315,0.413,1.1753,0.6494,0.0,0.9155,0.4134,yes,yes,partial,partial,no,PASS,,250576371
OSM_mit_campus_reality_offset_n_1500m_1000m_0647,800,osm,mit_campus_reality,campus_compact,,1577,1570,2475890.0,1526.09,1519.19,2318427.77,0.9364017656404424,6819,8508,237485.32,0.003436340063573099,14.9043,5.8565,2.4954,8,0.0317,0.3759,1,1.0,576,0.067701,570,0.08359,4024.72,952.94,1.2615,4.7315,0.413,1.1753,0.6494,0.0,0.9155,0.4134,yes,yes,partial,partial,no,PASS,,3473246173
OSM_mit_campus_reality_offset_n_1500m_1000m_0761,800,osm,mit_campus_reality,campus_compact,,1577,1570,2475890.0,1526.09,1519.19,2318427.77,0.9364017656404424,6819,8508,237485.32,0.003436340063573099,14.9043,5.8565,2.4954,8,0.0317,0.3759,1,1.0,576,0.067701,570,0.08359,4024.72,890.81,1.3258,4.7315,0.413,1.1753,0.6494,0.0,0.9155,0.4134,yes,yes,partial,partial,no,PASS,,1202605533
OSM_mit_campus_reality_offset_n_1500m_1000m_0886,1000,osm,mit_campus_reality,campus_compact,,1577,1570,2475890.0,1526.09,1519.19,2318427.77,0.9364017656404424,6819,8508,237485.32,0.003436340063573099,14.9043,5.8565,2.4954,8,0.0317,0.3759,1,1.0,576,0.067701,570,0.08359,4024.72,953.0,1.2695,4.7315,0.413,1.1753,0.6494,0.0,0.9155,0.4134,yes,yes,partial,partial,no,PASS,,2024837848
OSM_mit_campus_reality_offset_n_1500m_1000m_0999,1000,osm,mit_campus_reality,campus_compact,,1577,1570,2475890.0,1526.09,1519.19,2318427.77,0.9364017656404424,6819,8508,237485.32,0.003436340063573099,14.9043,5.8565,2.4954,8,0.0317,0.3759,1,1.0,576,0.067701,570,0.08359,4024.72,1013.07,1.2985,4.7315,0.413,1.1753,0.6494,0.0,0.9155,0.4134,yes,yes,partial,partial,no,PASS,,2193517313
OSM_mit_campus_reality_offset_n_1500m_1000m_1112,1200,osm,mit_campus_reality,campus_compact,,1577,1570,2475890.0,1526.09,1519.19,2318427.77,0.9364017656404424,6819,8508,237485.32,0.003436340063573099,14.9043,5.8565,2.4954,8,0.0317,0.3759,1,1.0,576,0.067701,570,0.08359,4024.72,1012.64,1.2708,4.7315,0.413,1.1753,0.6494,0.0,0.9155,0.4134,yes,yes,partial,partial,no,PASS,,2956498187
OSM_mit_campus_reality_offset_n_1500m_1500m_0100,200,osm,mit_campus_reality,campus_compact,,1581,1581,2499561.0,1530.83,1530.73,2343289.15,0.9374802825099188,6679,8227,233251.54,0.0032913779659708244,15.4267,6.0432,2.4635,7,0.0332,0.3554,1,1.0,671,0.081561,663,0.099266,5999.46,1092.41,1.3789,4.8572,0.4099,1.4297,0.6261,0.0,0.9207,0.4193,yes,yes,partial,partial,no,PASS,,2689615503
OSM_mit_campus_reality_offset_n_1500m_1500m_0209,400,osm,mit_campus_reality,campus_compact,,1581,1581,2499561.0,1530.83,1530.73,2343289.15,0.9374802825099188,6679,8227,233251.54,0.0032913779659708244,15.4267,6.0432,2.4635,7,0.0332,0.3554,1,1.0,671,0.081561,663,0.099266,5999.46,1030.04,1.4019,4.8572,0.4099,1.4297,0.6261,0.0,0.9207,0.4193,yes,yes,partial,partial,no,PASS,,1130516173
OSM_mit_campus_reality_offset_n_1500m_1500m_0321,400,osm,mit_campus_reality,campus_compact,,1581,1581,2499561.0,1530.83,1530.73,2343289.15,0.9374802825099188,6679,8227,233251.54,0.0032913779659708244,15.4267,6.0432,2.4635,7,0.0332,0.3554,1,1.0,671,0.081561,663,0.099266,5999.46,1106.8,1.7196,4.8572,0.4099,1.4297,0.6261,0.0,0.9207,0.4193,yes,yes,partial,partial,no,PASS,,2326591793
OSM_mit_campus_reality_offset_n_1500m_1500m_0439,600,osm,mit_campus_reality,campus_compact,,1581,1581,2499561.0,1530.83,1530.73,2343289.15,0.9374802825099188,6679,8227,233251.54,0.0032913779659708244,15.4267,6.0432,2.4635,7,0.0332,0.3554,1,1.0,671,0.081561,663,0.099266,5999.46,1125.46,1.5818,4.8572,0.4099,1.4297,0.6261,0.0,0.9207,0.4193,yes,yes,partial,partial,no,PASS,,3417836485
OSM_mit_campus_reality_offset_n_1500m_1500m_0558,600,osm,mit_campus_reality,campus_compact,,1581,1581,2499561.0,1530.83,1530.73,2343289.15,0.9374802825099188,6679,8227,233251.54,0.0032913779659708244,15.4267,6.0432,2.4635,7,0.0332,0.3554,1,1.0,671,0.081561,663,0.099266,5999.46,930.58,1.4307,4.8572,0.4099,1.4297,0.6261,0.0,0.9207,0.4193,yes,yes,partial,partial,no,PASS,,427191179
OSM_mit_campus_reality_offset_n_1500m_1500m_0679,800,osm,mit_campus_reality,campus_compact,,1581,1581,2499561.0,1530.83,1530.73,2343289.15,0.9374802825099188,6679,8227,233251.54,0.0032913779659708244,15.4267,6.0432,2.4635,7,0.0332,0.3554,1,1.0,671,0.081561,663,0.099266,5999.46,1046.25,1.5027,4.8572,0.4099,1.4297,0.6261,0.0,0.9207,0.4193,yes,yes,partial,partial,no,PASS,,4182082255
OSM_mit_campus_reality_offset_n_1500m_1500m_0787,800,osm,mit_campus_reality,campus_compact,,1581,1581,2499561.0,1530.83,1530.73,2343289.15,0.9374802825099188,6679,8227,233251.54,0.0032913779659708244,15.4267,6.0432,2.4635,7,0.0332,0.3554,1,1.0,671,0.081561,663,0.099266,5999.46,1012.36,1.3516,4.8572,0.4099,1.4297,0.6261,0.0,0.9207,0.4193,yes,yes,partial,partial,no,PASS,,3166687518
OSM_mit_campus_reality_offset_n_1500m_1500m_0907,1000,osm,mit_campus_reality,campus_compact,,1581,1581,2499561.0,1530.83,1530.73,2343289.15,0.9374802825099188,6679,8227,233251.54,0.0032913779659708244,15.4267,6.0432,2.4635,7,0.0332,0.3554,1,1.0,671,0.081561,663,0.099266,5999.46,1026.83,1.5581,4.8572,0.4099,1.4297,0.6261,0.0,0.9207,0.4193,yes,yes,partial,partial,no,PASS,,1395078811
OSM_mit_campus_reality_offset_n_1500m_1500m_1027,1200,osm,mit_campus_reality,campus_compact,,1581,1581,2499561.0,1530.83,1530.73,2343289.15,0.9374802825099188,6679,8227,233251.54,0.0032913779659708244,15.4267,6.0432,2.4635,7,0.0332,0.3554,1,1.0,671,0.081561,663,0.099266,5999.46,1107.63,1.3318,4.8572,0.4099,1.4297,0.6261,0.0,0.9207,0.4193,yes,yes,partial,partial,no,PASS,,441592240
OSM_mit_campus_reality_offset_n_1500m_1500m_1147,1200,osm,mit_campus_reality,campus_compact,,1581,1581,2499561.0,1530.83,1530.73,2343289.15,0.9374802825099188,6679,8227,233251.54,0.0032913779659708244,15.4267,6.0432,2.4635,7,0.0332,0.3554,1,1.0,671,0.081561,663,0.099266,5999.46,1137.28,1.4508,4.8572,0.4099,1.4297,0.6261,0.0,0.9207,0.4193,yes,yes,partial,partial,no,PASS,,625348792
OSM_mit_campus_reality_offset_n_1500m_200m_0017,100,osm,mit_campus_reality,campus_compact,,1578,1545,2438010.0,1527.84,1494.97,2284081.73,0.9368631511318812,6303,7583,193508.97,0.0031103235835784103,13.7504,5.9211,2.4062,8,0.0359,0.32,1,1.0,565,0.074509,565,0.08964,2759.27,806.61,1.4217,4.8861,0.3078,1.6091,0.602,0.0,0.9173,0.4304,yes,yes,partial,partial,no,PASS,,2253224381
OSM_mit_campus_reality_offset_n_1500m_200m_0126,200,osm,mit_campus_reality,campus_compact,,1578,1545,2438010.0,1527.84,1494.97,2284081.73,0.9368631511318812,6303,7583,193508.97,0.0031103235835784103,13.7504,5.9211,2.4062,8,0.0359,0.32,1,1.0,565,0.074509,565,0.08964,2759.27,829.03,1.2689,4.8861,0.3078,1.6091,0.602,0.0,0.9173,0.4304,yes,yes,partial,partial,no,PASS,,2623470521
OSM_mit_campus_reality_offset_n_1500m_200m_0238,400,osm,mit_campus_reality,campus_compact,,1578,1545,2438010.0,1527.84,1494.97,2284081.73,0.9368631511318812,6303,7583,193508.97,0.0031103235835784103,13.7504,5.9211,2.4062,8,0.0359,0.32,1,1.0,565,0.074509,565,0.08964,2759.27,870.77,1.2712,4.8861,0.3078,1.6091,0.602,0.0,0.9173,0.4304,yes,yes,partial,partial,no,PASS,,307620460
OSM_mit_campus_reality_offset_n_1500m_200m_0343,400,osm,mit_campus_reality,campus_compact,,1578,1545,2438010.0,1527.84,1494.97,2284081.73,0.9368631511318812,6303,7583,193508.97,0.0031103235835784103,13.7504,5.9211,2.4062,8,0.0359,0.32,1,1.0,565,0.074509,565,0.08964,2759.27,769.5,1.311,4.8861,0.3078,1.6091,0.602,0.0,0.9173,0.4304,yes,yes,partial,partial,no,PASS,,4035983337
OSM_mit_campus_reality_offset_n_1500m_200m_0471,600,osm,mit_campus_reality,campus_compact,,1578,1545,2438010.0,1527.84,1494.97,2284081.73,0.9368631511318812,6303,7583,193508.97,0.0031103235835784103,13.7504,5.9211,2.4062,8,0.0359,0.32,1,1.0,565,0.074509,565,0.08964,2759.27,802.83,1.3032,4.8861,0.3078,1.6091,0.602,0.0,0.9173,0.4304,yes,yes,partial,partial,no,PASS,,554771279
OSM_mit_campus_reality_offset_n_1500m_200m_0589,600,osm,mit_campus_reality,campus_compact,,1578,1545,2438010.0,1527.84,1494.97,2284081.73,0.9368631511318812,6303,7583,193508.97,0.0031103235835784103,13.7504,5.9211,2.4062,8,0.0359,0.32,1,1.0,565,0.074509,565,0.08964,2759.27,867.98,1.2773,4.8861,0.3078,1.6091,0.602,0.0,0.9173,0.4304,yes,yes,partial,partial,no,PASS,,4112028224
OSM_mit_campus_reality_offset_n_1500m_200m_0707,800,osm,mit_campus_reality,campus_compact,,1578,1545,2438010.0,1527.84,1494.97,2284081.73,0.9368631511318812,6303,7583,193508.97,0.0031103235835784103,13.7504,5.9211,2.4062,8,0.0359,0.32,1,1.0,565,0.074509,565,0.08964,2759.27,848.58,1.2506,4.8861,0.3078,1.6091,0.602,0.0,0.9173,0.4304,yes,yes,partial,partial,no,PASS,,2332035963
OSM_mit_campus_reality_offset_n_1500m_200m_0823,1000,osm,mit_campus_reality,campus_compact,,1578,1545,2438010.0,1527.84,1494.97,2284081.73,0.9368631511318812,6303,7583,193508.97,0.0031103235835784103,13.7504,5.9211,2.4062,8,0.0359,0.32,1,1.0,565,0.074509,565,0.08964,2759.27,807.15,1.2475,4.8861,0.3078,1.6091,0.602,0.0,0.9173,0.4304,yes,yes,partial,partial,no,PASS,,2712739203
OSM_mit_campus_reality_offset_n_1500m_200m_0935,1000,osm,mit_campus_reality,campus_compact,,1578,1545,2438010.0,1527.84,1494.97,2284081.73,0.9368631511318812,6303,7583,193508.97,0.0031103235835784103,13.7504,5.9211,2.4062,8,0.0359,0.32,1,1.0,565,0.074509,565,0.08964,2759.27,865.07,1.2991,4.8861,0.3078,1.6091,0.602,0.0,0.9173,0.4304,yes,yes,partial,partial,no,PASS,,2875288470
OSM_mit_campus_reality_offset_n_1500m_200m_1061,1200,osm,mit_campus_reality,campus_compact,,1578,1545,2438010.0,1527.84,1494.97,2284081.73,0.9368631511318812,6303,7583,193508.97,0.0031103235835784103,13.7504,5.9211,2.4062,8,0.0359,0.32,1,1.0,565,0.074509,565,0.08964,2759.27,790.22,1.2603,4.8861,0.3078,1.6091,0.602,0.0,0.9173,0.4304,yes,yes,partial,partial,no,PASS,,3125566946
OSM_mit_campus_reality_offset_n_1500m_200m_1180,1200,osm,mit_campus_reality,campus_compact,,1578,1545,2438010.0,1527.84,1494.97,2284081.73,0.9368631511318812,6303,7583,193508.97,0.0031103235835784103,13.7504,5.9211,2.4062,8,0.0359,0.32,1,1.0,565,0.074509,565,0.08964,2759.27,776.2,1.3072,4.8861,0.3078,1.6091,0.602,0.0,0.9173,0.4304,yes,yes,partial,partial,no,PASS,,3962493107
OSM_mit_campus_reality_offset_n_1500m_500m_0044,100,osm,mit_campus_reality,campus_compact,,1574,1544,2430256.0,1523.07,1493.74,2275065.13,0.9361421730620958,7011,8596,228194.48,0.003537075929449408,14.1306,5.7507,2.4521,8,0.0325,0.3495,1,1.0,610,0.070963,616,0.087862,2976.97,968.97,1.2561,4.9154,0.3426,1.2712,0.6118,0.0,0.9179,0.421,yes,yes,partial,partial,no,PASS,,2107801592
OSM_mit_campus_reality_offset_n_1500m_500m_0151,200,osm,mit_campus_reality,campus_compact,,1574,1544,2430256.0,1523.07,1493.74,2275065.13,0.9361421730620958,7011,8596,228194.48,0.003537075929449408,14.1306,5.7507,2.4521,8,0.0325,0.3495,1,1.0,610,0.070963,616,0.087862,2976.97,854.51,1.2568,4.9154,0.3426,1.2712,0.6118,0.0,0.9179,0.421,yes,yes,partial,partial,no,PASS,,3426136139
OSM_mit_campus_reality_offset_n_1500m_500m_0270,400,osm,mit_campus_reality,campus_compact,,1574,1544,2430256.0,1523.07,1493.74,2275065.13,0.9361421730620958,7011,8596,228194.48,0.003537075929449408,14.1306,5.7507,2.4521,8,0.0325,0.3495,1,1.0,610,0.070963,616,0.087862,2976.97,880.5,1.3015,4.9154,0.3426,1.2712,0.6118,0.0,0.9179,0.421,yes,yes,partial,partial,no,PASS,,2354278710
OSM_mit_campus_reality_offset_n_1500m_500m_0370,400,osm,mit_campus_reality,campus_compact,,1574,1544,2430256.0,1523.07,1493.74,2275065.13,0.9361421730620958,7011,8596,228194.48,0.003537075929449408,14.1306,5.7507,2.4521,8,0.0325,0.3495,1,1.0,610,0.070963,616,0.087862,2976.97,986.48,1.2785,4.9154,0.3426,1.2712,0.6118,0.0,0.9179,0.421,yes,yes,partial,partial,no,PASS,,2708362563
OSM_mit_campus_reality_offset_n_1500m_500m_0495,600,osm,mit_campus_reality,campus_compact,,1574,1544,2430256.0,1523.07,1493.74,2275065.13,0.9361421730620958,7011,8596,228194.48,0.003537075929449408,14.1306,5.7507,2.4521,8,0.0325,0.3495,1,1.0,610,0.070963,616,0.087862,2976.97,920.35,1.2736,4.9154,0.3426,1.2712,0.6118,0.0,0.9179,0.421,yes,yes,partial,partial,no,PASS,,1109778581
OSM_mit_campus_reality_offset_n_1500m_500m_0615,800,osm,mit_campus_reality,campus_compact,,1574,1544,2430256.0,1523.07,1493.74,2275065.13,0.9361421730620958,7011,8596,228194.48,0.003537075929449408,14.1306,5.7507,2.4521,8,0.0325,0.3495,1,1.0,610,0.070963,616,0.087862,2976.97,922.44,1.2752,4.9154,0.3426,1.2712,0.6118,0.0,0.9179,0.421,yes,yes,partial,partial,no,PASS,,4255305974
OSM_mit_campus_reality_offset_n_1500m_500m_0730,800,osm,mit_campus_reality,campus_compact,,1574,1544,2430256.0,1523.07,1493.74,2275065.13,0.9361421730620958,7011,8596,228194.48,0.003537075929449408,14.1306,5.7507,2.4521,8,0.0325,0.3495,1,1.0,610,0.070963,616,0.087862,2976.97,954.32,1.2787,4.9154,0.3426,1.2712,0.6118,0.0,0.9179,0.421,yes,yes,partial,partial,no,PASS,,1508134869
OSM_mit_campus_reality_offset_n_1500m_500m_0857,1000,osm,mit_campus_reality,campus_compact,,1574,1544,2430256.0,1523.07,1493.74,2275065.13,0.9361421730620958,7011,8596,228194.48,0.003537075929449408,14.1306,5.7507,2.4521,8,0.0325,0.3495,1,1.0,610,0.070963,616,0.087862,2976.97,870.09,1.2623,4.9154,0.3426,1.2712,0.6118,0.0,0.9179,0.421,yes,yes,partial,partial,no,PASS,,22344984
OSM_mit_campus_reality_offset_n_1500m_500m_0967,1000,osm,mit_campus_reality,campus_compact,,1574,1544,2430256.0,1523.07,1493.74,2275065.13,0.9361421730620958,7011,8596,228194.48,0.003537075929449408,14.1306,5.7507,2.4521,8,0.0325,0.3495,1,1.0,610,0.070963,616,0.087862,2976.97,918.06,1.2316,4.9154,0.3426,1.2712,0.6118,0.0,0.9179,0.421,yes,yes,partial,partial,no,PASS,,235782900
OSM_mit_campus_reality_offset_n_1500m_500m_1083,1200,osm,mit_campus_reality,campus_compact,,1574,1544,2430256.0,1523.07,1493.74,2275065.13,0.9361421730620958,7011,8596,228194.48,0.003537075929449408,14.1306,5.7507,2.4521,8,0.0325,0.3495,1,1.0,610,0.070963,616,0.087862,2976.97,886.26,1.3214,4.9154,0.3426,1.2712,0.6118,0.0,0.9179,0.421,yes,yes,partial,partial,no,PASS,,2982760518
OSM_nuuksio_sparse_trails_offset_e_2500m_1000m_0184,200,osm,nuuksio_sparse_trails,sparse_trails,,2403,2620,6295860.0,2352.76,2569.92,6046417.06,0.9603798463512982,887,900,39365.81,0.0001429510821396918,21.8699,17.0983,2.0293,4,0.0361,0.0631,1,1.0,315,0.35,310,0.349493,5737.64,1862.26,1.6114,5.137,0.3211,1.5912,0.6358,0.0,0.9422,0.51,yes,yes,no,no,no,PASS,,2087141312
OSM_nuuksio_sparse_trails_offset_e_2500m_1000m_0415,600,osm,nuuksio_sparse_trails,sparse_trails,,2403,2620,6295860.0,2352.76,2569.92,6046417.06,0.9603798463512982,887,900,39365.81,0.0001429510821396918,21.8699,17.0983,2.0293,4,0.0361,0.0631,1,1.0,315,0.35,310,0.349493,5737.64,1981.76,1.6607,5.137,0.3211,1.5912,0.6358,0.0,0.9422,0.51,yes,yes,no,no,no,PASS,,422318510
OSM_nuuksio_sparse_trails_offset_e_2500m_1000m_0648,800,osm,nuuksio_sparse_trails,sparse_trails,,2403,2620,6295860.0,2352.76,2569.92,6046417.06,0.9603798463512982,887,900,39365.81,0.0001429510821396918,21.8699,17.0983,2.0293,4,0.0361,0.0631,1,1.0,315,0.35,310,0.349493,5737.64,1725.32,1.5403,5.137,0.3211,1.5912,0.6358,0.0,0.9422,0.51,yes,yes,no,no,no,PASS,,1300667066
OSM_nuuksio_sparse_trails_offset_e_2500m_1000m_0887,1000,osm,nuuksio_sparse_trails,sparse_trails,,2403,2620,6295860.0,2352.76,2569.92,6046417.06,0.9603798463512982,887,900,39365.81,0.0001429510821396918,21.8699,17.0983,2.0293,4,0.0361,0.0631,1,1.0,315,0.35,310,0.349493,5737.64,1878.51,1.6051,5.137,0.3211,1.5912,0.6358,0.0,0.9422,0.51,yes,yes,no,no,no,PASS,,202530077
OSM_nuuksio_sparse_trails_offset_e_2500m_1000m_1113,1200,osm,nuuksio_sparse_trails,sparse_trails,,2403,2620,6295860.0,2352.76,2569.92,6046417.06,0.9603798463512982,887,900,39365.81,0.0001429510821396918,21.8699,17.0983,2.0293,4,0.0361,0.0631,1,1.0,315,0.35,310,0.349493,5737.64,1754.66,1.6646,5.137,0.3211,1.5912,0.6358,0.0,0.9422,0.51,yes,yes,no,no,no,PASS,,1762356434
OSM_nuuksio_sparse_trails_offset_e_2500m_1500m_0131,200,osm,nuuksio_sparse_trails,sparse_trails,,2494,2647,6601618.0,2443.56,2596.68,6345134.03,0.9611483167822586,1059,1082,44883.94,0.00016389921379879902,20.7412,16.8904,2.0434,4,0.0378,0.0765,1,1.0,314,0.290203,306,0.288952,6991.47,2031.06,1.5603,5.1331,0.3447,2.5907,0.648,0.0,0.9445,0.5074,yes,yes,no,no,no,PASS,,2090293439
OSM_nuuksio_sparse_trails_offset_e_2500m_1500m_0345,400,osm,nuuksio_sparse_trails,sparse_trails,,2494,2647,6601618.0,2443.56,2596.68,6345134.03,0.9611483167822586,1059,1082,44883.94,0.00016389921379879902,20.7412,16.8904,2.0434,4,0.0378,0.0765,1,1.0,314,0.290203,306,0.288952,6991.47,1815.7,1.6309,5.1331,0.3447,2.5907,0.648,0.0,0.9445,0.5074,yes,yes,no,no,no,PASS,,1932736026
OSM_nuuksio_sparse_trails_offset_e_2500m_1500m_0590,600,osm,nuuksio_sparse_trails,sparse_trails,,2494,2647,6601618.0,2443.56,2596.68,6345134.03,0.9611483167822586,1059,1082,44883.94,0.00016389921379879902,20.7412,16.8904,2.0434,4,0.0378,0.0765,1,1.0,314,0.290203,306,0.288952,6991.47,1957.85,1.6814,5.1331,0.3447,2.5907,0.648,0.0,0.9445,0.5074,yes,yes,no,no,no,PASS,,1036912976
OSM_nuuksio_sparse_trails_offset_e_2500m_1500m_0824,1000,osm,nuuksio_sparse_trails,sparse_trails,,2494,2647,6601618.0,2443.56,2596.68,6345134.03,0.9611483167822586,1059,1082,44883.94,0.00016389921379879902,20.7412,16.8904,2.0434,4,0.0378,0.0765,1,1.0,314,0.290203,306,0.288952,6991.47,1839.65,1.7044,5.1331,0.3447,2.5907,0.648,0.0,0.9445,0.5074,yes,yes,no,no,no,PASS,,3975927058
OSM_nuuksio_sparse_trails_offset_e_2500m_1500m_1062,1200,osm,nuuksio_sparse_trails,sparse_trails,,2494,2647,6601618.0,2443.56,2596.68,6345134.03,0.9611483167822586,1059,1082,44883.94,0.00016389921379879902,20.7412,16.8904,2.0434,4,0.0378,0.0765,1,1.0,314,0.290203,306,0.288952,6991.47,2194.28,1.586,5.1331,0.3447,2.5907,0.648,0.0,0.9445,0.5074,yes,yes,no,no,no,PASS,,565348760
OSM_nuuksio_sparse_trails_offset_e_2500m_200m_0076,100,osm,nuuksio_sparse_trails,sparse_trails,,2493,2496,6222528.0,2442.17,2445.4,5972080.6,0.9597515022251106,698,717,34604.76,0.00011522648029868247,24.1316,19.4058,2.0544,5,0.0244,0.0702,1,1.0,276,0.384937,279,0.399713,8419.55,2031.18,1.6734,5.0998,0.3208,1.4836,0.5433,0.0,0.9372,0.4979,yes,yes,no,no,no,PASS,,430153443
OSM_nuuksio_sparse_trails_offset_e_2500m_200m_0300,400,osm,nuuksio_sparse_trails,sparse_trails,,2493,2496,6222528.0,2442.17,2445.4,5972080.6,0.9597515022251106,698,717,34604.76,0.00011522648029868247,24.1316,19.4058,2.0544,5,0.0244,0.0702,1,1.0,276,0.384937,279,0.399713,8419.55,1767.44,1.4597,5.0998,0.3208,1.4836,0.5433,0.0,0.9372,0.4979,yes,yes,no,no,no,PASS,,481876885
OSM_nuuksio_sparse_trails_offset_e_2500m_200m_0520,600,osm,nuuksio_sparse_trails,sparse_trails,,2493,2496,6222528.0,2442.17,2445.4,5972080.6,0.9597515022251106,698,717,34604.76,0.00011522648029868247,24.1316,19.4058,2.0544,5,0.0244,0.0702,1,1.0,276,0.384937,279,0.399713,8419.55,1869.22,1.6704,5.0998,0.3208,1.4836,0.5433,0.0,0.9372,0.4979,yes,yes,no,no,no,PASS,,4161596753
OSM_nuuksio_sparse_trails_offset_e_2500m_200m_0762,800,osm,nuuksio_sparse_trails,sparse_trails,,2493,2496,6222528.0,2442.17,2445.4,5972080.6,0.9597515022251106,698,717,34604.76,0.00011522648029868247,24.1316,19.4058,2.0544,5,0.0244,0.0702,1,1.0,276,0.384937,279,0.399713,8419.55,2052.4,1.6066,5.0998,0.3208,1.4836,0.5433,0.0,0.9372,0.4979,yes,yes,no,no,no,PASS,,1172797648
OSM_nuuksio_sparse_trails_offset_e_2500m_200m_1000,1200,osm,nuuksio_sparse_trails,sparse_trails,,2493,2496,6222528.0,2442.17,2445.4,5972080.6,0.9597515022251106,698,717,34604.76,0.00011522648029868247,24.1316,19.4058,2.0544,5,0.0244,0.0702,1,1.0,276,0.384937,279,0.399713,8419.55,1798.05,1.7096,5.0998,0.3208,1.4836,0.5433,0.0,0.9372,0.4979,yes,yes,no,no,no,PASS,,3401177901
OSM_nuuksio_sparse_trails_offset_e_2500m_500m_0018,100,osm,nuuksio_sparse_trails,sparse_trails,,2374,2292,5441208.0,2323.81,2241.6,5209047.02,0.9573328236344604,675,686,30951.72,0.00012607494512248014,22.5596,17.6164,2.0326,4,0.0341,0.0607,1,1.0,383,0.558309,378,0.56,5055.19,1648.38,1.5778,5.1197,0.3294,1.8177,0.5522,0.0,0.9402,0.508,yes,yes,no,no,no,PASS,,3645067928
OSM_nuuksio_sparse_trails_offset_e_2500m_500m_0239,400,osm,nuuksio_sparse_trails,sparse_trails,,2374,2292,5441208.0,2323.81,2241.6,5209047.02,0.9573328236344604,675,686,30951.72,0.00012607494512248014,22.5596,17.6164,2.0326,4,0.0341,0.0607,1,1.0,383,0.558309,378,0.56,5055.19,1866.27,1.5937,5.1197,0.3294,1.8177,0.5522,0.0,0.9402,0.508,yes,yes,no,no,no,PASS,,1758075130
OSM_nuuksio_sparse_trails_offset_e_2500m_500m_0472,600,osm,nuuksio_sparse_trails,sparse_trails,,2374,2292,5441208.0,2323.81,2241.6,5209047.02,0.9573328236344604,675,686,30951.72,0.00012607494512248014,22.5596,17.6164,2.0326,4,0.0341,0.0607,1,1.0,383,0.558309,378,0.56,5055.19,1641.59,1.6068,5.1197,0.3294,1.8177,0.5522,0.0,0.9402,0.508,yes,yes,no,no,no,PASS,,1706513001
OSM_nuuksio_sparse_trails_offset_e_2500m_500m_0708,800,osm,nuuksio_sparse_trails,sparse_trails,,2374,2292,5441208.0,2323.81,2241.6,5209047.02,0.9573328236344604,675,686,30951.72,0.00012607494512248014,22.5596,17.6164,2.0326,4,0.0341,0.0607,1,1.0,383,0.558309,378,0.56,5055.19,1462.42,1.6151,5.1197,0.3294,1.8177,0.5522,0.0,0.9402,0.508,yes,yes,no,no,no,PASS,,1581919514
OSM_nuuksio_sparse_trails_offset_e_2500m_500m_0936,1000,osm,nuuksio_sparse_trails,sparse_trails,,2374,2292,5441208.0,2323.81,2241.6,5209047.02,0.9573328236344604,675,686,30951.72,0.00012607494512248014,22.5596,17.6164,2.0326,4,0.0341,0.0607,1,1.0,383,0.558309,378,0.56,5055.19,1626.53,1.5485,5.1197,0.3294,1.8177,0.5522,0.0,0.9402,0.508,yes,yes,no,no,no,PASS,,1651412628
OSM_nuuksio_sparse_trails_offset_e_2500m_500m_1185,1200,osm,nuuksio_sparse_trails,sparse_trails,,2374,2292,5441208.0,2323.81,2241.6,5209047.02,0.9573328236344604,675,686,30951.72,0.00012607494512248014,22.5596,17.6164,2.0326,4,0.0341,0.0607,1,1.0,383,0.558309,378,0.56,5055.19,1519.22,1.4717,5.1197,0.3294,1.8177,0.5522,0.0,0.9402,0.508,yes,yes,no,no,no,PASS,,2735391391
OSM_nuuksio_sparse_trails_offset_e_5000m_1000m_0045,100,osm,nuuksio_sparse_trails,sparse_trails,,5118,5078,25989204.0,5067.66,5027.71,25478740.36,0.9803586274271326,5670,5850,229268.88,0.0002250934657329251,19.5956,15.4162,2.0635,5,0.0275,0.0841,1,1.0,1375,0.235043,1341,0.236508,16482.79,3892.79,1.6854,5.1461,0.3282,1.323,0.6348,0.0,0.9694,0.4979,yes,yes,no,no,no,PASS,,469533529
OSM_nuuksio_sparse_trails_offset_e_5000m_1000m_0273,400,osm,nuuksio_sparse_trails,sparse_trails,,5118,5078,25989204.0,5067.66,5027.71,25478740.36,0.9803586274271326,5670,5850,229268.88,0.0002250934657329251,19.5956,15.4162,2.0635,5,0.0275,0.0841,1,1.0,1375,0.235043,1341,0.236508,16482.79,3984.73,1.5648,5.1461,0.3282,1.323,0.6348,0.0,0.9694,0.4979,yes,yes,no,no,no,PASS,,3391432664
OSM_nuuksio_sparse_trails_offset_e_5000m_1000m_0496,600,osm,nuuksio_sparse_trails,sparse_trails,,5118,5078,25989204.0,5067.66,5027.71,25478740.36,0.9803586274271326,5670,5850,229268.88,0.0002250934657329251,19.5956,15.4162,2.0635,5,0.0275,0.0841,1,1.0,1375,0.235043,1341,0.236508,16482.79,3936.41,1.5196,5.1461,0.3282,1.323,0.6348,0.0,0.9694,0.4979,yes,yes,no,no,no,PASS,,751528149
OSM_nuuksio_sparse_trails_offset_e_5000m_1000m_0731,800,osm,nuuksio_sparse_trails,sparse_trails,,5118,5078,25989204.0,5067.66,5027.71,25478740.36,0.9803586274271326,5670,5850,229268.88,0.0002250934657329251,19.5956,15.4162,2.0635,5,0.0275,0.0841,1,1.0,1375,0.235043,1341,0.236508,16482.79,4361.28,1.4955,5.1461,0.3282,1.323,0.6348,0.0,0.9694,0.4979,yes,yes,no,no,no,PASS,,978582611
OSM_nuuksio_sparse_trails_offset_e_5000m_1000m_0968,1000,osm,nuuksio_sparse_trails,sparse_trails,,5118,5078,25989204.0,5067.66,5027.71,25478740.36,0.9803586274271326,5670,5850,229268.88,0.0002250934657329251,19.5956,15.4162,2.0635,5,0.0275,0.0841,1,1.0,1375,0.235043,1341,0.236508,16482.79,4047.28,1.604,5.1461,0.3282,1.323,0.6348,0.0,0.9694,0.4979,yes,yes,no,no,no,PASS,,3824633567
OSM_nuuksio_sparse_trails_offset_e_5000m_1500m_0212,400,osm,nuuksio_sparse_trails,sparse_trails,,5159,5078,26197402.0,5108.26,5027.71,25682869.05,0.9803593900314151,6218,6428,248266.97,0.0002453678422005358,19.3114,15.2626,2.0675,5,0.0249,0.086,1,1.0,1494,0.232421,1463,0.235285,16042.79,4339.84,1.5634,5.1364,0.3321,1.5585,0.649,0.0,0.9683,0.4956,yes,yes,no,no,no,PASS,,841240880
OSM_nuuksio_sparse_trails_offset_e_5000m_1500m_0441,600,osm,nuuksio_sparse_trails,sparse_trails,,5159,5078,26197402.0,5108.26,5027.71,25682869.05,0.9803593900314151,6218,6428,248266.97,0.0002453678422005358,19.3114,15.2626,2.0675,5,0.0249,0.086,1,1.0,1494,0.232421,1463,0.235285,16042.79,3984.87,1.7329,5.1364,0.3321,1.5585,0.649,0.0,0.9683,0.4956,yes,yes,no,no,no,PASS,,66506158
OSM_nuuksio_sparse_trails_offset_e_5000m_1500m_0680,800,osm,nuuksio_sparse_trails,sparse_trails,,5159,5078,26197402.0,5108.26,5027.71,25682869.05,0.9803593900314151,6218,6428,248266.97,0.0002453678422005358,19.3114,15.2626,2.0675,5,0.0249,0.086,1,1.0,1494,0.232421,1463,0.235285,16042.79,4254.99,1.6553,5.1364,0.3321,1.5585,0.649,0.0,0.9683,0.4956,yes,yes,no,no,no,PASS,,1523918531
OSM_nuuksio_sparse_trails_offset_e_5000m_1500m_0910,1000,osm,nuuksio_sparse_trails,sparse_trails,,5159,5078,26197402.0,5108.26,5027.71,25682869.05,0.9803593900314151,6218,6428,248266.97,0.0002453678422005358,19.3114,15.2626,2.0675,5,0.0249,0.086,1,1.0,1494,0.232421,1463,0.235285,16042.79,4116.34,1.5985,5.1364,0.3321,1.5585,0.649,0.0,0.9683,0.4956,yes,yes,no,no,no,PASS,,1625481755
OSM_nuuksio_sparse_trails_offset_e_5000m_1500m_1152,1200,osm,nuuksio_sparse_trails,sparse_trails,,5159,5078,26197402.0,5108.26,5027.71,25682869.05,0.9803593900314151,6218,6428,248266.97,0.0002453678422005358,19.3114,15.2626,2.0675,5,0.0249,0.086,1,1.0,1494,0.232421,1463,0.235285,16042.79,3910.35,1.6893,5.1364,0.3321,1.5585,0.649,0.0,0.9683,0.4956,yes,yes,no,no,no,PASS,,809207371
OSM_nuuksio_sparse_trails_offset_e_5000m_200m_0152,200,osm,nuuksio_sparse_trails,sparse_trails,,5031,5133,25824123.0,4980.95,5082.75,25316915.56,0.9803591612611444,5181,5324,212974.21,0.00020616382597000486,20.0013,15.7846,2.0552,5,0.0272,0.0755,1,1.0,1271,0.23873,1239,0.239143,11873.09,3441.88,1.5845,5.1412,0.3214,1.3089,0.6364,0.0,0.9673,0.4997,yes,yes,no,no,no,PASS,,3865619774
OSM_nuuksio_sparse_trails_offset_e_5000m_200m_0373,400,osm,nuuksio_sparse_trails,sparse_trails,,5031,5133,25824123.0,4980.95,5082.75,25316915.56,0.9803591612611444,5181,5324,212974.21,0.00020616382597000486,20.0013,15.7846,2.0552,5,0.0272,0.0755,1,1.0,1271,0.23873,1239,0.239143,11873.09,3364.83,1.4596,5.1412,0.3214,1.3089,0.6364,0.0,0.9673,0.4997,yes,yes,no,no,no,PASS,,91492739
OSM_nuuksio_sparse_trails_offset_e_5000m_200m_0616,800,osm,nuuksio_sparse_trails,sparse_trails,,5031,5133,25824123.0,4980.95,5082.75,25316915.56,0.9803591612611444,5181,5324,212974.21,0.00020616382597000486,20.0013,15.7846,2.0552,5,0.0272,0.0755,1,1.0,1271,0.23873,1239,0.239143,11873.09,3923.8,1.4632,5.1412,0.3214,1.3089,0.6364,0.0,0.9673,0.4997,yes,yes,no,no,no,PASS,,3072122090
OSM_nuuksio_sparse_trails_offset_e_5000m_200m_0859,1000,osm,nuuksio_sparse_trails,sparse_trails,,5031,5133,25824123.0,4980.95,5082.75,25316915.56,0.9803591612611444,5181,5324,212974.21,0.00020616382597000486,20.0013,15.7846,2.0552,5,0.0272,0.0755,1,1.0,1271,0.23873,1239,0.239143,11873.09,3675.07,1.4358,5.1412,0.3214,1.3089,0.6364,0.0,0.9673,0.4997,yes,yes,no,no,no,PASS,,3890782538
OSM_nuuksio_sparse_trails_offset_e_5000m_200m_1085,1200,osm,nuuksio_sparse_trails,sparse_trails,,5031,5133,25824123.0,4980.95,5082.75,25316915.56,0.9803591612611444,5181,5324,212974.21,0.00020616382597000486,20.0013,15.7846,2.0552,5,0.0272,0.0755,1,1.0,1271,0.23873,1239,0.239143,11873.09,3675.15,1.3806,5.1412,0.3214,1.3089,0.6364,0.0,0.9673,0.4997,yes,yes,no,no,no,PASS,,3623051356
OSM_nuuksio_sparse_trails_offset_e_5000m_500m_0104,200,osm,nuuksio_sparse_trails,sparse_trails,,5137,5065,26018905.0,5086.04,5014.38,25503341.25,0.980185032763683,5183,5335,210881.97,0.00020504321761426932,19.764,15.521,2.0587,5,0.027,0.0783,1,1.0,1330,0.249297,1306,0.251978,13529.27,3225.73,1.503,5.1456,0.3254,1.1327,0.6388,0.0,0.9679,0.4988,yes,yes,no,no,no,PASS,,865843057
OSM_nuuksio_sparse_trails_offset_e_5000m_500m_0322,400,osm,nuuksio_sparse_trails,sparse_trails,,5137,5065,26018905.0,5086.04,5014.38,25503341.25,0.980185032763683,5183,5335,210881.97,0.00020504321761426932,19.764,15.521,2.0587,5,0.027,0.0783,1,1.0,1330,0.249297,1306,0.251978,13529.27,3910.88,1.5364,5.1456,0.3254,1.1327,0.6388,0.0,0.9679,0.4988,yes,yes,no,no,no,PASS,,2077181310
OSM_nuuksio_sparse_trails_offset_e_5000m_500m_0560,600,osm,nuuksio_sparse_trails,sparse_trails,,5137,5065,26018905.0,5086.04,5014.38,25503341.25,0.980185032763683,5183,5335,210881.97,0.00020504321761426932,19.764,15.521,2.0587,5,0.027,0.0783,1,1.0,1330,0.249297,1306,0.251978,13529.27,3511.42,1.4776,5.1456,0.3254,1.1327,0.6388,0.0,0.9679,0.4988,yes,yes,no,no,no,PASS,,3780767814
OSM_nuuksio_sparse_trails_offset_e_5000m_500m_0791,800,osm,nuuksio_sparse_trails,sparse_trails,,5137,5065,26018905.0,5086.04,5014.38,25503341.25,0.980185032763683,5183,5335,210881.97,0.00020504321761426932,19.764,15.521,2.0587,5,0.027,0.0783,1,1.0,1330,0.249297,1306,0.251978,13529.27,3802.35,1.4546,5.1456,0.3254,1.1327,0.6388,0.0,0.9679,0.4988,yes,yes,no,no,no,PASS,,3522760608
OSM_nuuksio_sparse_trails_offset_e_5000m_500m_1028,1200,osm,nuuksio_sparse_trails,sparse_trails,,5137,5065,26018905.0,5086.04,5014.38,25503341.25,0.980185032763683,5183,5335,210881.97,0.00020504321761426932,19.764,15.521,2.0587,5,0.027,0.0783,1,1.0,1330,0.249297,1306,0.251978,13529.27,3655.47,1.4944,5.1456,0.3254,1.1327,0.6388,0.0,0.9679,0.4988,yes,yes,no,no,no,PASS,,2769976712
OSM_sf_cabspotting_downtown_offset_s_1000m_1000m_0374,400,osm,sf_cabspotting_downtown,dense_urban_irregular,,1043,1040,1084720.0,992.85,989.1,982022.13,0.9053231549899206,657,711,21463.02,0.000655468692381444,25.1913,14.2609,2.1644,4,0.032,0.1492,1,1.0,68,0.09564,69,0.105023,2285.56,664.03,1.6435,2.8205,0.0575,1.246,0.6364,0.0,0.8706,0.4761,yes,yes,partial,yes,no,PASS,,2202857423
OSM_sf_cabspotting_downtown_offset_s_1000m_1000m_0860,1000,osm,sf_cabspotting_downtown,dense_urban_irregular,,1043,1040,1084720.0,992.85,989.1,982022.13,0.9053231549899206,657,711,21463.02,0.000655468692381444,25.1913,14.2609,2.1644,4,0.032,0.1492,1,1.0,68,0.09564,69,0.105023,2285.56,670.58,1.5631,2.8205,0.0575,1.246,0.6364,0.0,0.8706,0.4761,yes,yes,partial,yes,no,PASS,,2796509466
OSM_sf_cabspotting_downtown_offset_s_1000m_1500m_0275,400,osm,sf_cabspotting_downtown,dense_urban_irregular,,1043,1047,1092021.0,992.47,996.4,988898.71,0.9055674873596874,1025,1085,26994.1,0.0009935706364621194,19.1583,11.5279,2.1171,6,0.0185,0.0976,1,1.0,65,0.059908,64,0.062439,3105.93,916.3,3.3242,4.5847,0.3726,1.2748,0.617,0.0,0.9088,0.4806,yes,yes,partial,yes,no,PASS,,2053388741
OSM_sf_cabspotting_downtown_offset_s_1000m_1500m_0732,800,osm,sf_cabspotting_downtown,dense_urban_irregular,,1043,1047,1092021.0,992.47,996.4,988898.71,0.9055674873596874,1025,1085,26994.1,0.0009935706364621194,19.1583,11.5279,2.1171,6,0.0185,0.0976,1,1.0,65,0.059908,64,0.062439,3105.93,794.31,2.2777,4.5847,0.3726,1.2748,0.617,0.0,0.9088,0.4806,yes,yes,partial,yes,no,PASS,,3201691259
OSM_sf_cabspotting_downtown_offset_s_1000m_200m_0153,200,osm,sf_cabspotting_downtown,dense_urban_irregular,,1029,1044,1074276.0,978.28,993.4,971822.55,0.9046302350120065,517,556,17033.11,0.0005175578715339447,23.0489,10.5058,2.1509,4,0.0077,0.1064,1,1.0,10,0.017986,10,0.019342,2035.18,642.11,1.2889,3.0576,0.4858,1.2658,0.5992,0.0,0.8525,0.4676,yes,yes,partial,yes,no,PASS,,3051124193
OSM_sf_cabspotting_downtown_offset_s_1000m_200m_0617,800,osm,sf_cabspotting_downtown,dense_urban_irregular,,1029,1044,1074276.0,978.28,993.4,971822.55,0.9046302350120065,517,556,17033.11,0.0005175578715339447,23.0489,10.5058,2.1509,4,0.0077,0.1064,1,1.0,10,0.017986,10,0.019342,2035.18,626.69,1.2964,3.0576,0.4858,1.2658,0.5992,0.0,0.8525,0.4676,yes,yes,partial,yes,no,PASS,,3254089589
OSM_sf_cabspotting_downtown_offset_s_1000m_200m_1086,1200,osm,sf_cabspotting_downtown,dense_urban_irregular,,1029,1044,1074276.0,978.28,993.4,971822.55,0.9046302350120065,517,556,17033.11,0.0005175578715339447,23.0489,10.5058,2.1509,4,0.0077,0.1064,1,1.0,10,0.017986,10,0.019342,2035.18,604.26,1.3058,3.0576,0.4858,1.2658,0.5992,0.0,0.8525,0.4676,yes,yes,partial,yes,no,PASS,,3243635634
OSM_sf_cabspotting_downtown_offset_s_1000m_500m_0046,100,osm,sf_cabspotting_downtown,dense_urban_irregular,,1029,1012,1041348.0,978.28,961.9,941005.85,0.9036420552683555,539,581,19119.65,0.0005579306821542847,23.9895,11.7266,2.1558,4,0.0167,0.1224,1,1.0,45,0.077453,44,0.081633,2094.0,642.47,1.2955,2.8457,0.2296,1.2088,0.6316,0.0,0.8554,0.4707,yes,yes,partial,yes,no,PASS,,2908221868
OSM_sf_cabspotting_downtown_offset_s_1000m_500m_0497,600,osm,sf_cabspotting_downtown,dense_urban_irregular,,1029,1012,1041348.0,978.28,961.9,941005.85,0.9036420552683555,539,581,19119.65,0.0005579306821542847,23.9895,11.7266,2.1558,4,0.0167,0.1224,1,1.0,45,0.077453,44,0.081633,2094.0,600.05,1.2813,2.8457,0.2296,1.2088,0.6316,0.0,0.8554,0.4707,yes,yes,partial,yes,no,PASS,,3271878243
OSM_sf_cabspotting_downtown_offset_s_1000m_500m_0969,1000,osm,sf_cabspotting_downtown,dense_urban_irregular,,1029,1012,1041348.0,978.28,961.9,941005.85,0.9036420552683555,539,581,19119.65,0.0005579306821542847,23.9895,11.7266,2.1558,4,0.0167,0.1224,1,1.0,45,0.077453,44,0.081633,2094.0,628.6,1.29,2.8457,0.2296,1.2088,0.6316,0.0,0.8554,0.4707,yes,yes,partial,yes,no,PASS,,1035188952
OSM_sf_cabspotting_downtown_offset_s_1500m_1000m_0240,400,osm,sf_cabspotting_downtown,dense_urban_irregular,,1584,1594,2524896.0,1533.01,1543.44,2366111.67,0.9371125261077691,1778,1921,54882.57,0.0007608234160931777,21.7961,12.0327,2.1609,5,0.0208,0.1367,1,1.0,208,0.108277,208,0.116985,4084.57,1010.83,1.4894,3.9523,0.1942,1.3928,0.6421,0.0,0.9063,0.4721,yes,yes,partial,yes,no,PASS,,755623761
OSM_sf_cabspotting_downtown_offset_s_1500m_1000m_0709,800,osm,sf_cabspotting_downtown,dense_urban_irregular,,1584,1594,2524896.0,1533.01,1543.44,2366111.67,0.9371125261077691,1778,1921,54882.57,0.0007608234160931777,21.7961,12.0327,2.1609,5,0.0208,0.1367,1,1.0,208,0.108277,208,0.116985,4084.57,1144.63,1.4518,3.9523,0.1942,1.3928,0.6421,0.0,0.9063,0.4721,yes,yes,partial,yes,no,PASS,,3168352238
OSM_sf_cabspotting_downtown_offset_s_1500m_1000m_1187,1200,osm,sf_cabspotting_downtown,dense_urban_irregular,,1584,1594,2524896.0,1533.01,1543.44,2366111.67,0.9371125261077691,1778,1921,54882.57,0.0007608234160931777,21.7961,12.0327,2.1609,5,0.0208,0.1367,1,1.0,208,0.108277,208,0.116985,4084.57,1067.97,1.3848,3.9523,0.1942,1.3928,0.6421,0.0,0.9063,0.4721,yes,yes,partial,yes,no,PASS,,600478384
OSM_sf_cabspotting_downtown_offset_s_1500m_1500m_0133,200,osm,sf_cabspotting_downtown,dense_urban_irregular,,1584,1526,2417184.0,1533.41,1475.35,2262312.43,0.9359289269875475,2069,2220,62795.81,0.0009184240835616983,20.7796,11.7195,2.146,6,0.0169,0.1208,1,1.0,109,0.049099,107,0.051716,2973.19,1036.09,1.6472,4.4191,0.4385,1.4027,0.6046,0.0,0.9189,0.4736,yes,yes,partial,yes,no,PASS,,3665848826
OSM_sf_cabspotting_downtown_offset_s_1500m_1500m_0591,600,osm,sf_cabspotting_downtown,dense_urban_irregular,,1584,1526,2417184.0,1533.41,1475.35,2262312.43,0.9359289269875475,2069,2220,62795.81,0.0009184240835616983,20.7796,11.7195,2.146,6,0.0169,0.1208,1,1.0,109,0.049099,107,0.051716,2973.19,1101.98,3.9027,4.4191,0.4385,1.4027,0.6046,0.0,0.9189,0.4736,yes,yes,partial,yes,no,PASS,,1598819839
OSM_sf_cabspotting_downtown_offset_s_1500m_1500m_1064,1200,osm,sf_cabspotting_downtown,dense_urban_irregular,,1584,1526,2417184.0,1533.41,1475.35,2262312.43,0.9359289269875475,2069,2220,62795.81,0.0009184240835616983,20.7796,11.7195,2.146,6,0.0169,0.1208,1,1.0,109,0.049099,107,0.051716,2973.19,1032.54,1.5031,4.4191,0.4385,1.4027,0.6046,0.0,0.9189,0.4736,yes,yes,partial,yes,no,PASS,,735611883
OSM_sf_cabspotting_downtown_offset_s_1500m_200m_0020,100,osm,sf_cabspotting_downtown,dense_urban_irregular,,1547,1536,2376192.0,1496.62,1485.82,2223716.13,0.935831841336407,1299,1411,41954.93,0.0005938072344322344,23.5967,11.4528,2.1724,6,0.0131,0.1193,1,1.0,80,0.056697,81,0.062356,3774.36,998.52,1.2827,3.0901,0.4961,1.2782,0.6145,0.0,0.8831,0.466,yes,yes,partial,yes,no,PASS,,863460317
OSM_sf_cabspotting_downtown_offset_s_1500m_200m_0473,600,osm,sf_cabspotting_downtown,dense_urban_irregular,,1547,1536,2376192.0,1496.62,1485.82,2223716.13,0.935831841336407,1299,1411,41954.93,0.0005938072344322344,23.5967,11.4528,2.1724,6,0.0131,0.1193,1,1.0,80,0.056697,81,0.062356,3774.36,948.34,1.3034,3.0901,0.4961,1.2782,0.6145,0.0,0.8831,0.466,yes,yes,partial,yes,no,PASS,,2335190138
OSM_sf_cabspotting_downtown_offset_s_1500m_200m_0940,1000,osm,sf_cabspotting_downtown,dense_urban_irregular,,1547,1536,2376192.0,1496.62,1485.82,2223716.13,0.935831841336407,1299,1411,41954.93,0.0005938072344322344,23.5967,11.4528,2.1724,6,0.0131,0.1193,1,1.0,80,0.056697,81,0.062356,3774.36,1002.91,1.2586,3.0901,0.4961,1.2782,0.6145,0.0,0.8831,0.466,yes,yes,partial,yes,no,PASS,,81133374
OSM_sf_cabspotting_downtown_offset_s_1500m_500m_0351,400,osm,sf_cabspotting_downtown,dense_urban_irregular,,1534,1536,2356224.0,1483.31,1485.82,2203934.25,0.9353670330483254,1266,1378,43104.77,0.0005848340395480226,24.2162,12.0187,2.1769,5,0.0166,0.1367,1,1.0,65,0.04717,64,0.050553,3100.36,1072.23,1.2744,3.0939,0.3112,1.0821,0.6202,0.0,0.881,0.4666,yes,yes,partial,yes,no,PASS,,3515620298
OSM_sf_cabspotting_downtown_offset_s_1500m_500m_0826,1000,osm,sf_cabspotting_downtown,dense_urban_irregular,,1534,1536,2356224.0,1483.31,1485.82,2203934.25,0.9353670330483254,1266,1378,43104.77,0.0005848340395480226,24.2162,12.0187,2.1769,5,0.0166,0.1367,1,1.0,65,0.04717,64,0.050553,3100.36,984.77,1.2447,3.0939,0.3112,1.0821,0.6202,0.0,0.881,0.4666,yes,yes,partial,yes,no,PASS,,4174089552
OSM_sf_cabspotting_downtown_offset_s_2500m_1000m_0105,200,osm,sf_cabspotting_downtown,dense_urban_irregular,,2565,2553,6548445.0,2514.01,2502.29,6290788.24,0.960653749454763,4983,5447,164167.27,0.0008318005266899241,22.5103,11.7848,2.1862,6,0.0102,0.1349,1,1.0,199,0.036534,201,0.040337,6312.43,1575.84,1.2402,4.163,0.4909,1.086,0.6289,0.0,0.9256,0.462,yes,yes,partial,yes,no,PASS,,201999677
OSM_sf_cabspotting_downtown_offset_s_2500m_1000m_0561,600,osm,sf_cabspotting_downtown,dense_urban_irregular,,2565,2553,6548445.0,2514.01,2502.29,6290788.24,0.960653749454763,4983,5447,164167.27,0.0008318005266899241,22.5103,11.7848,2.1862,6,0.0102,0.1349,1,1.0,199,0.036534,201,0.040337,6312.43,1509.08,1.3615,4.163,0.4909,1.086,0.6289,0.0,0.9256,0.462,yes,yes,partial,yes,no,PASS,,2465212687
OSM_sf_cabspotting_downtown_offset_s_2500m_1000m_1030,1200,osm,sf_cabspotting_downtown,dense_urban_irregular,,2565,2553,6548445.0,2514.01,2502.29,6290788.24,0.960653749454763,4983,5447,164167.27,0.0008318005266899241,22.5103,11.7848,2.1862,6,0.0102,0.1349,1,1.0,199,0.036534,201,0.040337,6312.43,1622.84,1.3031,4.163,0.4909,1.086,0.6289,0.0,0.9256,0.462,yes,yes,partial,yes,no,PASS,,2502043307
OSM_sf_cabspotting_downtown_offset_s_2500m_1500m_0443,600,osm,sf_cabspotting_downtown,dense_urban_irregular,,2565,2546,6530490.0,2514.01,2495.17,6272897.99,0.9605554846167007,4962,5423,179778.06,0.0008304124192824734,23.1732,11.5829,2.1858,6,0.0097,0.1336,1,1.0,182,0.033561,185,0.037283,6939.01,1534.98,1.3367,4.1003,0.5547,1.1621,0.5907,0.0,0.9266,0.4618,yes,yes,partial,yes,no,PASS,,536724285
OSM_sf_cabspotting_downtown_offset_s_2500m_1500m_0911,1000,osm,sf_cabspotting_downtown,dense_urban_irregular,,2565,2546,6530490.0,2514.01,2495.17,6272897.99,0.9605554846167007,4962,5423,179778.06,0.0008304124192824734,23.1732,11.5829,2.1858,6,0.0097,0.1336,1,1.0,182,0.033561,185,0.037283,6939.01,1494.1,1.2846,4.1003,0.5547,1.1621,0.5907,0.0,0.9266,0.4618,yes,yes,partial,yes,no,PASS,,3684713466
OSM_sf_cabspotting_downtown_offset_s_2500m_200m_0323,400,osm,sf_cabspotting_downtown,dense_urban_irregular,,2557,2541,6497337.0,2506.69,2490.53,6242991.61,0.9608539019890957,4366,4844,145362.27,0.0007455362096809817,23.8299,11.5942,2.219,6,0.0119,0.1445,1,1.0,158,0.032618,158,0.036189,6511.6,1646.94,1.3126,3.1883,0.5556,1.2713,0.6472,0.0,0.9123,0.4559,yes,yes,partial,yes,no,PASS,,3939538278
OSM_sf_cabspotting_downtown_offset_s_2500m_200m_0792,800,osm,sf_cabspotting_downtown,dense_urban_irregular,,2557,2541,6497337.0,2506.69,2490.53,6242991.61,0.9608539019890957,4366,4844,145362.27,0.0007455362096809817,23.8299,11.5942,2.219,6,0.0119,0.1445,1,1.0,158,0.032618,158,0.036189,6511.6,1440.09,1.2436,3.1883,0.5556,1.2713,0.6472,0.0,0.9123,0.4559,yes,yes,partial,yes,no,PASS,,2911980004
OSM_sf_cabspotting_downtown_offset_s_2500m_500m_0213,400,osm,sf_cabspotting_downtown,dense_urban_irregular,,2560,2590,6630400.0,2509.73,2539.52,6373491.85,0.9612529942855347,4825,5313,151297.5,0.0008013091216216216,22.6425,11.7266,2.2023,6,0.011,0.1397,1,1.0,222,0.041784,222,0.04601,6199.13,1648.69,1.2285,3.8536,0.4596,1.2332,0.6423,0.0,0.9223,0.459,yes,yes,partial,yes,no,PASS,,2420946479
OSM_sf_cabspotting_downtown_offset_s_2500m_500m_0681,800,osm,sf_cabspotting_downtown,dense_urban_irregular,,2560,2590,6630400.0,2509.73,2539.52,6373491.85,0.9612529942855347,4825,5313,151297.5,0.0008013091216216216,22.6425,11.7266,2.2023,6,0.011,0.1397,1,1.0,222,0.041784,222,0.04601,6199.13,1585.54,1.227,3.8536,0.4596,1.2332,0.6423,0.0,0.9223,0.459,yes,yes,partial,yes,no,PASS,,3148635064
OSM_sf_cabspotting_downtown_offset_s_2500m_500m_1153,1200,osm,sf_cabspotting_downtown,dense_urban_irregular,,2560,2590,6630400.0,2509.73,2539.52,6373491.85,0.9612529942855347,4825,5313,151297.5,0.0008013091216216216,22.6425,11.7266,2.2023,6,0.011,0.1397,1,1.0,222,0.041784,222,0.04601,6199.13,1617.93,1.2311,3.8536,0.4596,1.2332,0.6423,0.0,0.9223,0.459,yes,yes,partial,yes,no,PASS,,1291417102
OSM_sf_cabspotting_downtown_offset_s_500m_1000m_0077,100,osm,sf_cabspotting_downtown,dense_urban_irregular,,520,533,277160.0,469.13,482.91,226549.88,0.8173974423974126,112,118,3968.94,0.00042574686101890603,28.7604,13.9287,2.1071,4,0.0982,0.1696,1,1.0,44,0.372881,41,0.366071,1535.58,336.84,1.5273,1.7518,0.0,1.4112,0.6216,0.0,0.7797,0.5165,yes,yes,partial,yes,no,PASS,,1342333056
OSM_sf_cabspotting_downtown_offset_s_500m_1000m_0525,600,osm,sf_cabspotting_downtown,dense_urban_irregular,,520,533,277160.0,469.13,482.91,226549.88,0.8173974423974126,112,118,3968.94,0.00042574686101890603,28.7604,13.9287,2.1071,4,0.0982,0.1696,1,1.0,44,0.372881,41,0.366071,1535.58,366.33,1.5132,1.7518,0.0,1.4112,0.6216,0.0,0.7797,0.5165,yes,yes,partial,yes,no,PASS,,1278901311
OSM_sf_cabspotting_downtown_offset_s_500m_1000m_1001,1200,osm,sf_cabspotting_downtown,dense_urban_irregular,,520,533,277160.0,469.13,482.91,226549.88,0.8173974423974126,112,118,3968.94,0.00042574686101890603,28.7604,13.9287,2.1071,4,0.0982,0.1696,1,1.0,44,0.372881,41,0.366071,1535.58,352.36,2.0003,1.7518,0.0,1.4112,0.6216,0.0,0.7797,0.5165,yes,yes,partial,yes,no,PASS,,2119013320
OSM_sf_cabspotting_downtown_offset_s_500m_1500m_0416,600,osm,sf_cabspotting_downtown,dense_urban_irregular,,524,543,284532.0,473.56,492.4,233184.2,0.8195359225742245,108,113,3238.82,0.0003971433793035581,23.641,12.5931,2.0926,4,0.0556,0.1111,1,1.0,31,0.274336,31,0.287037,1008.02,343.72,1.2886,2.8829,0.1022,2.1073,0.6171,0.0,0.8053,0.4998,yes,yes,partial,yes,no,PASS,,311654119
OSM_sf_cabspotting_downtown_offset_s_500m_1500m_0888,1000,osm,sf_cabspotting_downtown,dense_urban_irregular,,524,543,284532.0,473.56,492.4,233184.2,0.8195359225742245,108,113,3238.82,0.0003971433793035581,23.641,12.5931,2.0926,4,0.0556,0.1111,1,1.0,31,0.274336,31,0.287037,1008.02,328.26,1.2773,2.8829,0.1022,2.1073,0.6171,0.0,0.8053,0.4998,yes,yes,partial,yes,no,PASS,,2228780360
OSM_sf_cabspotting_downtown_offset_s_500m_200m_0301,400,osm,sf_cabspotting_downtown,dense_urban_irregular,,548,540,295920.0,497.2,489.99,243622.58,0.823271752686269,145,153,4262.75,0.0005170316301703163,21.3137,9.9358,2.1103,4,0.0069,0.0966,1,1.0,6,0.039216,7,0.048276,1534.14,357.75,1.3156,3.05,0.565,1.095,0.6324,0.0,0.8039,0.4738,yes,yes,partial,yes,no,PASS,,3827471166
OSM_sf_cabspotting_downtown_offset_s_500m_200m_0763,800,osm,sf_cabspotting_downtown,dense_urban_irregular,,548,540,295920.0,497.2,489.99,243622.58,0.823271752686269,145,153,4262.75,0.0005170316301703163,21.3137,9.9358,2.1103,4,0.0069,0.0966,1,1.0,6,0.039216,7,0.048276,1534.14,339.08,1.6378,3.05,0.565,1.095,0.6324,0.0,0.8039,0.4738,yes,yes,partial,yes,no,PASS,,3691645482
OSM_sf_cabspotting_downtown_offset_s_500m_500m_0187,200,osm,sf_cabspotting_downtown,dense_urban_irregular,,528,531,280368.0,477.28,480.96,229548.93,0.8187415443704295,140,147,4816.79,0.0005243109056668379,22.9371,11.1859,2.1,4,0.0286,0.1,1,1.0,18,0.122449,19,0.135714,973.99,331.98,1.4288,2.4761,0.0762,1.2656,0.6922,0.0,0.7959,0.4863,yes,yes,partial,yes,no,PASS,,3728294301
OSM_sf_cabspotting_downtown_offset_s_500m_500m_0649,800,osm,sf_cabspotting_downtown,dense_urban_irregular,,528,531,280368.0,477.28,480.96,229548.93,0.8187415443704295,140,147,4816.79,0.0005243109056668379,22.9371,11.1859,2.1,4,0.0286,0.1,1,1.0,18,0.122449,19,0.135714,973.99,317.89,1.2833,2.4761,0.0762,1.2656,0.6922,0.0,0.7959,0.4863,yes,yes,partial,yes,no,PASS,,1664352175
OSM_sf_cabspotting_downtown_offset_s_500m_500m_1116,1200,osm,sf_cabspotting_downtown,dense_urban_irregular,,528,531,280368.0,477.28,480.96,229548.93,0.8187415443704295,140,147,4816.79,0.0005243109056668379,22.9371,11.1859,2.1,4,0.0286,0.1,1,1.0,18,0.122449,19,0.135714,973.99,338.51,1.5406,2.4761,0.0762,1.2656,0.6922,0.0,0.7959,0.4863,yes,yes,partial,yes,no,PASS,,980024822
OSM_sf_mission_corridor_offset_w_5000m_1000m_0078,100,osm,sf_mission_corridor,corridor_linear,,5040,5046,25431840.0,4989.78,4995.0,24923973.41,0.9800302851570023,18604,20222,751861.38,0.0007951449836110954,22.8578,9.843,2.1739,6,0.0119,0.1255,1,1.0,1535,0.075907,1523,0.081864,15326.64,3176.38,1.4291,4.4998,0.6273,1.2651,0.6699,0.0,0.9512,0.4655,yes,yes,no,partial,partial,PASS,,1339881403
OSM_sf_mission_corridor_offset_w_5000m_1000m_0188,200,osm,sf_mission_corridor,corridor_linear,,5040,5046,25431840.0,4989.78,4995.0,24923973.41,0.9800302851570023,18604,20222,751861.38,0.0007951449836110954,22.8578,9.843,2.1739,6,0.0119,0.1255,1,1.0,1535,0.075907,1523,0.081864,15326.64,3388.9,1.2869,4.4998,0.6273,1.2651,0.6699,0.0,0.9512,0.4655,yes,yes,no,partial,partial,PASS,,1321067819
OSM_sf_mission_corridor_offset_w_5000m_1000m_0303,400,osm,sf_mission_corridor,corridor_linear,,5040,5046,25431840.0,4989.78,4995.0,24923973.41,0.9800302851570023,18604,20222,751861.38,0.0007951449836110954,22.8578,9.843,2.1739,6,0.0119,0.1255,1,1.0,1535,0.075907,1523,0.081864,15326.64,3506.37,1.3732,4.4998,0.6273,1.2651,0.6699,0.0,0.9512,0.4655,yes,yes,no,partial,partial,PASS,,3541212742
OSM_sf_mission_corridor_offset_w_5000m_1000m_0419,600,osm,sf_mission_corridor,corridor_linear,,5040,5046,25431840.0,4989.78,4995.0,24923973.41,0.9800302851570023,18604,20222,751861.38,0.0007951449836110954,22.8578,9.843,2.1739,6,0.0119,0.1255,1,1.0,1535,0.075907,1523,0.081864,15326.64,3304.36,1.3287,4.4998,0.6273,1.2651,0.6699,0.0,0.9512,0.4655,yes,yes,no,partial,partial,PASS,,3995817281
OSM_sf_mission_corridor_offset_w_5000m_1000m_0527,600,osm,sf_mission_corridor,corridor_linear,,5040,5046,25431840.0,4989.78,4995.0,24923973.41,0.9800302851570023,18604,20222,751861.38,0.0007951449836110954,22.8578,9.843,2.1739,6,0.0119,0.1255,1,1.0,1535,0.075907,1523,0.081864,15326.64,3224.66,1.4394,4.4998,0.6273,1.2651,0.6699,0.0,0.9512,0.4655,yes,yes,no,partial,partial,PASS,,2586307643
OSM_sf_mission_corridor_offset_w_5000m_1000m_0651,800,osm,sf_mission_corridor,corridor_linear,,5040,5046,25431840.0,4989.78,4995.0,24923973.41,0.9800302851570023,18604,20222,751861.38,0.0007951449836110954,22.8578,9.843,2.1739,6,0.0119,0.1255,1,1.0,1535,0.075907,1523,0.081864,15326.64,3507.07,1.5195,4.4998,0.6273,1.2651,0.6699,0.0,0.9512,0.4655,yes,yes,no,partial,partial,PASS,,1259637022
OSM_sf_mission_corridor_offset_w_5000m_1000m_0768,800,osm,sf_mission_corridor,corridor_linear,,5040,5046,25431840.0,4989.78,4995.0,24923973.41,0.9800302851570023,18604,20222,751861.38,0.0007951449836110954,22.8578,9.843,2.1739,6,0.0119,0.1255,1,1.0,1535,0.075907,1523,0.081864,15326.64,3231.82,1.3148,4.4998,0.6273,1.2651,0.6699,0.0,0.9512,0.4655,yes,yes,no,partial,partial,PASS,,1597262618
OSM_sf_mission_corridor_offset_w_5000m_1000m_0889,1000,osm,sf_mission_corridor,corridor_linear,,5040,5046,25431840.0,4989.78,4995.0,24923973.41,0.9800302851570023,18604,20222,751861.38,0.0007951449836110954,22.8578,9.843,2.1739,6,0.0119,0.1255,1,1.0,1535,0.075907,1523,0.081864,15326.64,3097.71,1.4517,4.4998,0.6273,1.2651,0.6699,0.0,0.9512,0.4655,yes,yes,no,partial,partial,PASS,,2106648900
OSM_sf_mission_corridor_offset_w_5000m_1000m_1002,1200,osm,sf_mission_corridor,corridor_linear,,5040,5046,25431840.0,4989.78,4995.0,24923973.41,0.9800302851570023,18604,20222,751861.38,0.0007951449836110954,22.8578,9.843,2.1739,6,0.0119,0.1255,1,1.0,1535,0.075907,1523,0.081864,15326.64,3722.36,1.3081,4.4998,0.6273,1.2651,0.6699,0.0,0.9512,0.4655,yes,yes,no,partial,partial,PASS,,2221150289
OSM_sf_mission_corridor_offset_w_5000m_1000m_1118,1200,osm,sf_mission_corridor,corridor_linear,,5040,5046,25431840.0,4989.78,4995.0,24923973.41,0.9800302851570023,18604,20222,751861.38,0.0007951449836110954,22.8578,9.843,2.1739,6,0.0119,0.1255,1,1.0,1535,0.075907,1523,0.081864,15326.64,3698.2,1.3787,4.4998,0.6273,1.2651,0.6699,0.0,0.9512,0.4655,yes,yes,no,partial,partial,PASS,,132012029
OSM_sf_mission_corridor_offset_w_5000m_1500m_0110,200,osm,sf_mission_corridor,corridor_linear,,5189,5069,26303041.0,5138.14,5018.56,25786042.72,0.9803445434361074,19179,20769,735188.87,0.0007896045175917112,21.7364,9.5356,2.1658,6,0.0116,0.1204,1,1.0,1704,0.082045,1695,0.088378,15326.64,3942.46,1.3062,4.5772,0.6152,1.3509,0.6498,0.0,0.9537,0.4671,yes,yes,no,partial,partial,PASS,,2846673184
OSM_sf_mission_corridor_offset_w_5000m_1500m_0214,400,osm,sf_mission_corridor,corridor_linear,,5189,5069,26303041.0,5138.14,5018.56,25786042.72,0.9803445434361074,19179,20769,735188.87,0.0007896045175917112,21.7364,9.5356,2.1658,6,0.0116,0.1204,1,1.0,1704,0.082045,1695,0.088378,15326.64,3188.85,1.4106,4.5772,0.6152,1.3509,0.6498,0.0,0.9537,0.4671,yes,yes,no,partial,partial,PASS,,2117578173
OSM_sf_mission_corridor_offset_w_5000m_1500m_0324,400,osm,sf_mission_corridor,corridor_linear,,5189,5069,26303041.0,5138.14,5018.56,25786042.72,0.9803445434361074,19179,20769,735188.87,0.0007896045175917112,21.7364,9.5356,2.1658,6,0.0116,0.1204,1,1.0,1704,0.082045,1695,0.088378,15326.64,3516.38,1.4195,4.5772,0.6152,1.3509,0.6498,0.0,0.9537,0.4671,yes,yes,no,partial,partial,PASS,,1791058050
OSM_sf_mission_corridor_offset_w_5000m_1500m_0444,600,osm,sf_mission_corridor,corridor_linear,,5189,5069,26303041.0,5138.14,5018.56,25786042.72,0.9803445434361074,19179,20769,735188.87,0.0007896045175917112,21.7364,9.5356,2.1658,6,0.0116,0.1204,1,1.0,1704,0.082045,1695,0.088378,15326.64,3587.91,1.3767,4.5772,0.6152,1.3509,0.6498,0.0,0.9537,0.4671,yes,yes,no,partial,partial,PASS,,359907105
OSM_sf_mission_corridor_offset_w_5000m_1500m_0562,600,osm,sf_mission_corridor,corridor_linear,,5189,5069,26303041.0,5138.14,5018.56,25786042.72,0.9803445434361074,19179,20769,735188.87,0.0007896045175917112,21.7364,9.5356,2.1658,6,0.0116,0.1204,1,1.0,1704,0.082045,1695,0.088378,15326.64,3702.81,1.4132,4.5772,0.6152,1.3509,0.6498,0.0,0.9537,0.4671,yes,yes,no,partial,partial,PASS,,4109928974
OSM_sf_mission_corridor_offset_w_5000m_1500m_0682,800,osm,sf_mission_corridor,corridor_linear,,5189,5069,26303041.0,5138.14,5018.56,25786042.72,0.9803445434361074,19179,20769,735188.87,0.0007896045175917112,21.7364,9.5356,2.1658,6,0.0116,0.1204,1,1.0,1704,0.082045,1695,0.088378,15326.64,3311.06,1.3539,4.5772,0.6152,1.3509,0.6498,0.0,0.9537,0.4671,yes,yes,no,partial,partial,PASS,,2133936352
OSM_sf_mission_corridor_offset_w_5000m_1500m_0796,800,osm,sf_mission_corridor,corridor_linear,,5189,5069,26303041.0,5138.14,5018.56,25786042.72,0.9803445434361074,19179,20769,735188.87,0.0007896045175917112,21.7364,9.5356,2.1658,6,0.0116,0.1204,1,1.0,1704,0.082045,1695,0.088378,15326.64,3533.94,1.5485,4.5772,0.6152,1.3509,0.6498,0.0,0.9537,0.4671,yes,yes,no,partial,partial,PASS,,3457435818
OSM_sf_mission_corridor_offset_w_5000m_1500m_0912,1000,osm,sf_mission_corridor,corridor_linear,,5189,5069,26303041.0,5138.14,5018.56,25786042.72,0.9803445434361074,19179,20769,735188.87,0.0007896045175917112,21.7364,9.5356,2.1658,6,0.0116,0.1204,1,1.0,1704,0.082045,1695,0.088378,15326.64,3499.42,1.3885,4.5772,0.6152,1.3509,0.6498,0.0,0.9537,0.4671,yes,yes,no,partial,partial,PASS,,3474428366
OSM_sf_mission_corridor_offset_w_5000m_1500m_1031,1200,osm,sf_mission_corridor,corridor_linear,,5189,5069,26303041.0,5138.14,5018.56,25786042.72,0.9803445434361074,19179,20769,735188.87,0.0007896045175917112,21.7364,9.5356,2.1658,6,0.0116,0.1204,1,1.0,1704,0.082045,1695,0.088378,15326.64,2790.52,1.3152,4.5772,0.6152,1.3509,0.6498,0.0,0.9537,0.4671,yes,yes,no,partial,partial,PASS,,1561210684
OSM_sf_mission_corridor_offset_w_5000m_1500m_1155,1200,osm,sf_mission_corridor,corridor_linear,,5189,5069,26303041.0,5138.14,5018.56,25786042.72,0.9803445434361074,19179,20769,735188.87,0.0007896045175917112,21.7364,9.5356,2.1658,6,0.0116,0.1204,1,1.0,1704,0.082045,1695,0.088378,15326.64,3376.09,1.3669,4.5772,0.6152,1.3509,0.6498,0.0,0.9537,0.4671,yes,yes,no,partial,partial,PASS,,3971224156
OSM_sf_mission_corridor_offset_w_5000m_200m_0022,100,osm,sf_mission_corridor,corridor_linear,,5057,5042,25497394.0,5006.15,4991.26,24987020.02,0.9799832883533389,17468,19092,751084.85,0.0007487824049783284,24.8202,10.5079,2.1859,6,0.0127,0.1328,1,1.0,1113,0.058297,1094,0.062629,12232.73,3268.26,1.2561,4.337,0.6419,1.1025,0.6502,0.0,0.948,0.4633,yes,yes,no,partial,partial,PASS,,3539607558
OSM_sf_mission_corridor_offset_w_5000m_200m_0134,200,osm,sf_mission_corridor,corridor_linear,,5057,5042,25497394.0,5006.15,4991.26,24987020.02,0.9799832883533389,17468,19092,751084.85,0.0007487824049783284,24.8202,10.5079,2.1859,6,0.0127,0.1328,1,1.0,1113,0.058297,1094,0.062629,12232.73,3254.52,1.2932,4.337,0.6419,1.1025,0.6502,0.0,0.948,0.4633,yes,yes,no,partial,partial,PASS,,2361859187
OSM_sf_mission_corridor_offset_w_5000m_200m_0241,400,osm,sf_mission_corridor,corridor_linear,,5057,5042,25497394.0,5006.15,4991.26,24987020.02,0.9799832883533389,17468,19092,751084.85,0.0007487824049783284,24.8202,10.5079,2.1859,6,0.0127,0.1328,1,1.0,1113,0.058297,1094,0.062629,12232.73,2825.49,1.2879,4.337,0.6419,1.1025,0.6502,0.0,0.948,0.4633,yes,yes,no,partial,partial,PASS,,951571025
OSM_sf_mission_corridor_offset_w_5000m_200m_0352,400,osm,sf_mission_corridor,corridor_linear,,5057,5042,25497394.0,5006.15,4991.26,24987020.02,0.9799832883533389,17468,19092,751084.85,0.0007487824049783284,24.8202,10.5079,2.1859,6,0.0127,0.1328,1,1.0,1113,0.058297,1094,0.062629,12232.73,3840.71,1.3618,4.337,0.6419,1.1025,0.6502,0.0,0.948,0.4633,yes,yes,no,partial,partial,PASS,,2628783883
OSM_sf_mission_corridor_offset_w_5000m_200m_0475,600,osm,sf_mission_corridor,corridor_linear,,5057,5042,25497394.0,5006.15,4991.26,24987020.02,0.9799832883533389,17468,19092,751084.85,0.0007487824049783284,24.8202,10.5079,2.1859,6,0.0127,0.1328,1,1.0,1113,0.058297,1094,0.062629,12232.73,3085.84,1.286,4.337,0.6419,1.1025,0.6502,0.0,0.948,0.4633,yes,yes,no,partial,partial,PASS,,154444824
OSM_sf_mission_corridor_offset_w_5000m_200m_0592,600,osm,sf_mission_corridor,corridor_linear,,5057,5042,25497394.0,5006.15,4991.26,24987020.02,0.9799832883533389,17468,19092,751084.85,0.0007487824049783284,24.8202,10.5079,2.1859,6,0.0127,0.1328,1,1.0,1113,0.058297,1094,0.062629,12232.73,3692.4,1.5007,4.337,0.6419,1.1025,0.6502,0.0,0.948,0.4633,yes,yes,no,partial,partial,PASS,,2808481838
OSM_sf_mission_corridor_offset_w_5000m_200m_0710,800,osm,sf_mission_corridor,corridor_linear,,5057,5042,25497394.0,5006.15,4991.26,24987020.02,0.9799832883533389,17468,19092,751084.85,0.0007487824049783284,24.8202,10.5079,2.1859,6,0.0127,0.1328,1,1.0,1113,0.058297,1094,0.062629,12232.73,3732.14,1.2899,4.337,0.6419,1.1025,0.6502,0.0,0.948,0.4633,yes,yes,no,partial,partial,PASS,,3659086734
OSM_sf_mission_corridor_offset_w_5000m_200m_0827,1000,osm,sf_mission_corridor,corridor_linear,,5057,5042,25497394.0,5006.15,4991.26,24987020.02,0.9799832883533389,17468,19092,751084.85,0.0007487824049783284,24.8202,10.5079,2.1859,6,0.0127,0.1328,1,1.0,1113,0.058297,1094,0.062629,12232.73,3471.33,1.3557,4.337,0.6419,1.1025,0.6502,0.0,0.948,0.4633,yes,yes,no,partial,partial,PASS,,1071529939
OSM_sf_mission_corridor_offset_w_5000m_200m_0941,1000,osm,sf_mission_corridor,corridor_linear,,5057,5042,25497394.0,5006.15,4991.26,24987020.02,0.9799832883533389,17468,19092,751084.85,0.0007487824049783284,24.8202,10.5079,2.1859,6,0.0127,0.1328,1,1.0,1113,0.058297,1094,0.062629,12232.73,3325.27,1.3348,4.337,0.6419,1.1025,0.6502,0.0,0.948,0.4633,yes,yes,no,partial,partial,PASS,,3689713138
OSM_sf_mission_corridor_offset_w_5000m_200m_1067,1200,osm,sf_mission_corridor,corridor_linear,,5057,5042,25497394.0,5006.15,4991.26,24987020.02,0.9799832883533389,17468,19092,751084.85,0.0007487824049783284,24.8202,10.5079,2.1859,6,0.0127,0.1328,1,1.0,1113,0.058297,1094,0.062629,12232.73,3531.62,1.305,4.337,0.6419,1.1025,0.6502,0.0,0.948,0.4633,yes,yes,no,partial,partial,PASS,,785233048
OSM_sf_mission_corridor_offset_w_5000m_200m_1188,1200,osm,sf_mission_corridor,corridor_linear,,5057,5042,25497394.0,5006.15,4991.26,24987020.02,0.9799832883533389,17468,19092,751084.85,0.0007487824049783284,24.8202,10.5079,2.1859,6,0.0127,0.1328,1,1.0,1113,0.058297,1094,0.062629,12232.73,3196.8,1.2504,4.337,0.6419,1.1025,0.6502,0.0,0.948,0.4633,yes,yes,no,partial,partial,PASS,,3709599591
OSM_sf_mission_corridor_offset_w_5000m_500m_0050,100,osm,sf_mission_corridor,corridor_linear,,5068,5042,25552856.0,5017.74,4991.26,25044838.41,0.9801189506809445,17506,19107,740465.55,0.0007477442051878663,24.2243,10.2659,2.1829,6,0.0125,0.1308,1,1.0,1014,0.05307,998,0.057009,12232.73,3222.68,1.2885,4.3949,0.6379,1.1076,0.6642,0.0,0.9485,0.4638,yes,yes,no,partial,partial,PASS,,2127007611
OSM_sf_mission_corridor_offset_w_5000m_500m_0156,200,osm,sf_mission_corridor,corridor_linear,,5068,5042,25552856.0,5017.74,4991.26,25044838.41,0.9801189506809445,17506,19107,740465.55,0.0007477442051878663,24.2243,10.2659,2.1829,6,0.0125,0.1308,1,1.0,1014,0.05307,998,0.057009,12232.73,3344.15,1.2889,4.3949,0.6379,1.1076,0.6642,0.0,0.9485,0.4638,yes,yes,no,partial,partial,PASS,,1343382383
OSM_sf_mission_corridor_offset_w_5000m_500m_0276,400,osm,sf_mission_corridor,corridor_linear,,5068,5042,25552856.0,5017.74,4991.26,25044838.41,0.9801189506809445,17506,19107,740465.55,0.0007477442051878663,24.2243,10.2659,2.1829,6,0.0125,0.1308,1,1.0,1014,0.05307,998,0.057009,12232.73,3228.59,1.304,4.3949,0.6379,1.1076,0.6642,0.0,0.9485,0.4638,yes,yes,no,partial,partial,PASS,,1658749457
OSM_sf_mission_corridor_offset_w_5000m_500m_0375,400,osm,sf_mission_corridor,corridor_linear,,5068,5042,25552856.0,5017.74,4991.26,25044838.41,0.9801189506809445,17506,19107,740465.55,0.0007477442051878663,24.2243,10.2659,2.1829,6,0.0125,0.1308,1,1.0,1014,0.05307,998,0.057009,12232.73,3347.54,1.3199,4.3949,0.6379,1.1076,0.6642,0.0,0.9485,0.4638,yes,yes,no,partial,partial,PASS,,2701633684
OSM_sf_mission_corridor_offset_w_5000m_500m_0499,600,osm,sf_mission_corridor,corridor_linear,,5068,5042,25552856.0,5017.74,4991.26,25044838.41,0.9801189506809445,17506,19107,740465.55,0.0007477442051878663,24.2243,10.2659,2.1829,6,0.0125,0.1308,1,1.0,1014,0.05307,998,0.057009,12232.73,2997.89,1.4322,4.3949,0.6379,1.1076,0.6642,0.0,0.9485,0.4638,yes,yes,no,partial,partial,PASS,,4257094538
OSM_sf_mission_corridor_offset_w_5000m_500m_0625,800,osm,sf_mission_corridor,corridor_linear,,5068,5042,25552856.0,5017.74,4991.26,25044838.41,0.9801189506809445,17506,19107,740465.55,0.0007477442051878663,24.2243,10.2659,2.1829,6,0.0125,0.1308,1,1.0,1014,0.05307,998,0.057009,12232.73,3404.21,1.26,4.3949,0.6379,1.1076,0.6642,0.0,0.9485,0.4638,yes,yes,no,partial,partial,PASS,,2763563335
OSM_sf_mission_corridor_offset_w_5000m_500m_0733,800,osm,sf_mission_corridor,corridor_linear,,5068,5042,25552856.0,5017.74,4991.26,25044838.41,0.9801189506809445,17506,19107,740465.55,0.0007477442051878663,24.2243,10.2659,2.1829,6,0.0125,0.1308,1,1.0,1014,0.05307,998,0.057009,12232.73,3488.25,1.3513,4.3949,0.6379,1.1076,0.6642,0.0,0.9485,0.4638,yes,yes,no,partial,partial,PASS,,1024941164
OSM_sf_mission_corridor_offset_w_5000m_500m_0865,1000,osm,sf_mission_corridor,corridor_linear,,5068,5042,25552856.0,5017.74,4991.26,25044838.41,0.9801189506809445,17506,19107,740465.55,0.0007477442051878663,24.2243,10.2659,2.1829,6,0.0125,0.1308,1,1.0,1014,0.05307,998,0.057009,12232.73,3398.89,1.2853,4.3949,0.6379,1.1076,0.6642,0.0,0.9485,0.4638,yes,yes,no,partial,partial,PASS,,3443435103
OSM_sf_mission_corridor_offset_w_5000m_500m_0971,1000,osm,sf_mission_corridor,corridor_linear,,5068,5042,25552856.0,5017.74,4991.26,25044838.41,0.9801189506809445,17506,19107,740465.55,0.0007477442051878663,24.2243,10.2659,2.1829,6,0.0125,0.1308,1,1.0,1014,0.05307,998,0.057009,12232.73,3361.48,1.2445,4.3949,0.6379,1.1076,0.6642,0.0,0.9485,0.4638,yes,yes,no,partial,partial,PASS,,319851152
OSM_sf_mission_corridor_offset_w_5000m_500m_1087,1200,osm,sf_mission_corridor,corridor_linear,,5068,5042,25552856.0,5017.74,4991.26,25044838.41,0.9801189506809445,17506,19107,740465.55,0.0007477442051878663,24.2243,10.2659,2.1829,6,0.0125,0.1308,1,1.0,1014,0.05307,998,0.057009,12232.73,3328.43,1.2587,4.3949,0.6379,1.1076,0.6642,0.0,0.9485,0.4638,yes,yes,no,partial,partial,PASS,,2946085713
OSM_tampere_suburban_exact_1000m_0m_0052,100,osm,tampere_suburban,suburban_low_density,,671,486,326106.0,620.45,435.26,270060.28,0.8281364883773239,114,113,4074.7,0.00034651309696847037,18.0296,13.8429,1.9825,4,0.0526,0.0263,1,1.0,113,1.0,108,0.947368,1640.75,419.3,1.7829,3.6391,0.1947,5.889,0.4542,0.0,0.8407,0.5263,yes,yes,no,no,partial,PASS,,1014971175
OSM_tampere_suburban_exact_1000m_0m_0189,200,osm,tampere_suburban,suburban_low_density,,671,486,326106.0,620.45,435.26,270060.28,0.8281364883773239,114,113,4074.7,0.00034651309696847037,18.0296,13.8429,1.9825,4,0.0526,0.0263,1,1.0,113,1.0,108,0.947368,1640.75,436.28,2.0032,3.6391,0.1947,5.889,0.4542,0.0,0.8407,0.5263,yes,yes,no,no,partial,PASS,,1622764173
OSM_tampere_suburban_exact_1000m_0m_0325,400,osm,tampere_suburban,suburban_low_density,,671,486,326106.0,620.45,435.26,270060.28,0.8281364883773239,114,113,4074.7,0.00034651309696847037,18.0296,13.8429,1.9825,4,0.0526,0.0263,1,1.0,113,1.0,108,0.947368,1640.75,406.05,1.8771,3.6391,0.1947,5.889,0.4542,0.0,0.8407,0.5263,yes,yes,no,no,partial,PASS,,1554229564
OSM_tampere_suburban_exact_1000m_0m_0480,600,osm,tampere_suburban,suburban_low_density,,671,486,326106.0,620.45,435.26,270060.28,0.8281364883773239,114,113,4074.7,0.00034651309696847037,18.0296,13.8429,1.9825,4,0.0526,0.0263,1,1.0,113,1.0,108,0.947368,1640.75,404.99,2.3046,3.6391,0.1947,5.889,0.4542,0.0,0.8407,0.5263,yes,yes,no,no,partial,PASS,,1046586876
OSM_tampere_suburban_exact_1000m_0m_0627,800,osm,tampere_suburban,suburban_low_density,,671,486,326106.0,620.45,435.26,270060.28,0.8281364883773239,114,113,4074.7,0.00034651309696847037,18.0296,13.8429,1.9825,4,0.0526,0.0263,1,1.0,113,1.0,108,0.947368,1640.75,464.06,1.9734,3.6391,0.1947,5.889,0.4542,0.0,0.8407,0.5263,yes,yes,no,no,partial,PASS,,134955717
OSM_tampere_suburban_exact_1000m_0m_0769,800,osm,tampere_suburban,suburban_low_density,,671,486,326106.0,620.45,435.26,270060.28,0.8281364883773239,114,113,4074.7,0.00034651309696847037,18.0296,13.8429,1.9825,4,0.0526,0.0263,1,1.0,113,1.0,108,0.947368,1640.75,435.67,2.143,3.6391,0.1947,5.889,0.4542,0.0,0.8407,0.5263,yes,yes,no,no,partial,PASS,,1645532538
OSM_tampere_suburban_exact_1000m_0m_0915,1000,osm,tampere_suburban,suburban_low_density,,671,486,326106.0,620.45,435.26,270060.28,0.8281364883773239,114,113,4074.7,0.00034651309696847037,18.0296,13.8429,1.9825,4,0.0526,0.0263,1,1.0,113,1.0,108,0.947368,1640.75,400.46,1.6865,3.6391,0.1947,5.889,0.4542,0.0,0.8407,0.5263,yes,yes,no,no,partial,PASS,,312833163
OSM_tampere_suburban_exact_1000m_0m_1068,1200,osm,tampere_suburban,suburban_low_density,,671,486,326106.0,620.45,435.26,270060.28,0.8281364883773239,114,113,4074.7,0.00034651309696847037,18.0296,13.8429,1.9825,4,0.0526,0.0263,1,1.0,113,1.0,108,0.947368,1640.75,402.93,1.8662,3.6391,0.1947,5.889,0.4542,0.0,0.8407,0.5263,yes,yes,no,no,partial,PASS,,3458373355
OSM_tampere_suburban_exact_1500m_0m_0111,200,osm,tampere_suburban,suburban_low_density,,1527,817,1247559.0,1476.27,766.67,1131813.25,0.9072222207831256,392,409,16516.71,0.00032784020635497,20.3408,13.8429,2.0867,4,0.0306,0.0969,1,1.0,93,0.227384,91,0.232143,3418.46,670.65,1.4044,4.8433,0.3054,8.1256,0.463,0.0,0.8778,0.4926,yes,yes,no,no,partial,PASS,,2582253825
OSM_tampere_suburban_exact_1500m_0m_0245,400,osm,tampere_suburban,suburban_low_density,,1527,817,1247559.0,1476.27,766.67,1131813.25,0.9072222207831256,392,409,16516.71,0.00032784020635497,20.3408,13.8429,2.0867,4,0.0306,0.0969,1,1.0,93,0.227384,91,0.232143,3418.46,688.93,1.4084,4.8433,0.3054,8.1256,0.463,0.0,0.8778,0.4926,yes,yes,no,no,partial,PASS,,752644620
OSM_tampere_suburban_exact_1500m_0m_0379,400,osm,tampere_suburban,suburban_low_density,,1527,817,1247559.0,1476.27,766.67,1131813.25,0.9072222207831256,392,409,16516.71,0.00032784020635497,20.3408,13.8429,2.0867,4,0.0306,0.0969,1,1.0,93,0.227384,91,0.232143,3418.46,735.5,1.4309,4.8433,0.3054,8.1256,0.463,0.0,0.8778,0.4926,yes,yes,no,no,partial,PASS,,3161987233
OSM_tampere_suburban_exact_1500m_0m_0529,600,osm,tampere_suburban,suburban_low_density,,1527,817,1247559.0,1476.27,766.67,1131813.25,0.9072222207831256,392,409,16516.71,0.00032784020635497,20.3408,13.8429,2.0867,4,0.0306,0.0969,1,1.0,93,0.227384,91,0.232143,3418.46,754.83,1.4134,4.8433,0.3054,8.1256,0.463,0.0,0.8778,0.4926,yes,yes,no,no,partial,PASS,,4223373014
OSM_tampere_suburban_exact_1500m_0m_0684,800,osm,tampere_suburban,suburban_low_density,,1527,817,1247559.0,1476.27,766.67,1131813.25,0.9072222207831256,392,409,16516.71,0.00032784020635497,20.3408,13.8429,2.0867,4,0.0306,0.0969,1,1.0,93,0.227384,91,0.232143,3418.46,668.94,1.4261,4.8433,0.3054,8.1256,0.463,0.0,0.8778,0.4926,yes,yes,no,no,partial,PASS,,4075549125
OSM_tampere_suburban_exact_1500m_0m_0829,1000,osm,tampere_suburban,suburban_low_density,,1527,817,1247559.0,1476.27,766.67,1131813.25,0.9072222207831256,392,409,16516.71,0.00032784020635497,20.3408,13.8429,2.0867,4,0.0306,0.0969,1,1.0,93,0.227384,91,0.232143,3418.46,691.58,1.377,4.8433,0.3054,8.1256,0.463,0.0,0.8778,0.4926,yes,yes,no,no,partial,PASS,,2309731646
OSM_tampere_suburban_exact_1500m_0m_0976,1000,osm,tampere_suburban,suburban_low_density,,1527,817,1247559.0,1476.27,766.67,1131813.25,0.9072222207831256,392,409,16516.71,0.00032784020635497,20.3408,13.8429,2.0867,4,0.0306,0.0969,1,1.0,93,0.227384,91,0.232143,3418.46,720.22,1.4554,4.8433,0.3054,8.1256,0.463,0.0,0.8778,0.4926,yes,yes,no,no,partial,PASS,,4203814417
OSM_tampere_suburban_exact_1500m_0m_1119,1200,osm,tampere_suburban,suburban_low_density,,1527,817,1247559.0,1476.27,766.67,1131813.25,0.9072222207831256,392,409,16516.71,0.00032784020635497,20.3408,13.8429,2.0867,4,0.0306,0.0969,1,1.0,93,0.227384,91,0.232143,3418.46,681.29,1.4139,4.8433,0.3054,8.1256,0.463,0.0,0.8778,0.4926,yes,yes,no,no,partial,PASS,,3826580860
OSM_tampere_suburban_exact_2500m_0m_0023,100,osm,tampere_suburban,suburban_low_density,,2434,2525,6145850.0,2383.6,2474.1,5897258.12,0.9595512616147249,1274,1349,51985.33,0.00021949770983671908,21.7421,14.8382,2.1177,4,0.0212,0.1122,1,1.0,251,0.186064,251,0.197017,4200.89,1568.6,1.4438,4.9054,0.4789,3.7118,0.5487,0.0,0.911,0.4818,yes,yes,no,no,partial,PASS,,981128868
OSM_tampere_suburban_exact_2500m_0m_0158,200,osm,tampere_suburban,suburban_low_density,,2434,2525,6145850.0,2383.6,2474.1,5897258.12,0.9595512616147249,1274,1349,51985.33,0.00021949770983671908,21.7421,14.8382,2.1177,4,0.0212,0.1122,1,1.0,251,0.186064,251,0.197017,4200.89,1512.98,1.4095,4.9054,0.4789,3.7118,0.5487,0.0,0.911,0.4818,yes,yes,no,no,partial,PASS,,676161790
OSM_tampere_suburban_exact_2500m_0m_0306,400,osm,tampere_suburban,suburban_low_density,,2434,2525,6145850.0,2383.6,2474.1,5897258.12,0.9595512616147249,1274,1349,51985.33,0.00021949770983671908,21.7421,14.8382,2.1177,4,0.0212,0.1122,1,1.0,251,0.186064,251,0.197017,4200.89,1525.62,1.334,4.9054,0.4789,3.7118,0.5487,0.0,0.911,0.4818,yes,yes,no,no,partial,PASS,,830924255
OSM_tampere_suburban_exact_2500m_0m_0446,600,osm,tampere_suburban,suburban_low_density,,2434,2525,6145850.0,2383.6,2474.1,5897258.12,0.9595512616147249,1274,1349,51985.33,0.00021949770983671908,21.7421,14.8382,2.1177,4,0.0212,0.1122,1,1.0,251,0.186064,251,0.197017,4200.89,1290.78,1.4856,4.9054,0.4789,3.7118,0.5487,0.0,0.911,0.4818,yes,yes,no,no,partial,PASS,,2737769473
OSM_tampere_suburban_exact_2500m_0m_0594,600,osm,tampere_suburban,suburban_low_density,,2434,2525,6145850.0,2383.6,2474.1,5897258.12,0.9595512616147249,1274,1349,51985.33,0.00021949770983671908,21.7421,14.8382,2.1177,4,0.0212,0.1122,1,1.0,251,0.186064,251,0.197017,4200.89,1772.46,1.5131,4.9054,0.4789,3.7118,0.5487,0.0,0.911,0.4818,yes,yes,no,no,partial,PASS,,1864780736
OSM_tampere_suburban_exact_2500m_0m_0734,800,osm,tampere_suburban,suburban_low_density,,2434,2525,6145850.0,2383.6,2474.1,5897258.12,0.9595512616147249,1274,1349,51985.33,0.00021949770983671908,21.7421,14.8382,2.1177,4,0.0212,0.1122,1,1.0,251,0.186064,251,0.197017,4200.89,1564.5,1.3361,4.9054,0.4789,3.7118,0.5487,0.0,0.911,0.4818,yes,yes,no,no,partial,PASS,,1591873984
OSM_tampere_suburban_exact_2500m_0m_0890,1000,osm,tampere_suburban,suburban_low_density,,2434,2525,6145850.0,2383.6,2474.1,5897258.12,0.9595512616147249,1274,1349,51985.33,0.00021949770983671908,21.7421,14.8382,2.1177,4,0.0212,0.1122,1,1.0,251,0.186064,251,0.197017,4200.89,1474.67,1.5009,4.9054,0.4789,3.7118,0.5487,0.0,0.911,0.4818,yes,yes,no,no,partial,PASS,,3895191352
OSM_tampere_suburban_exact_2500m_0m_1033,1200,osm,tampere_suburban,suburban_low_density,,2434,2525,6145850.0,2383.6,2474.1,5897258.12,0.9595512616147249,1274,1349,51985.33,0.00021949770983671908,21.7421,14.8382,2.1177,4,0.0212,0.1122,1,1.0,251,0.186064,251,0.197017,4200.89,1321.05,1.4153,4.9054,0.4789,3.7118,0.5487,0.0,0.911,0.4818,yes,yes,no,no,partial,PASS,,4290875881
OSM_tampere_suburban_exact_2500m_0m_1191,1200,osm,tampere_suburban,suburban_low_density,,2434,2525,6145850.0,2383.6,2474.1,5897258.12,0.9595512616147249,1274,1349,51985.33,0.00021949770983671908,21.7421,14.8382,2.1177,4,0.0212,0.1122,1,1.0,251,0.186064,251,0.197017,4200.89,1443.17,1.4439,4.9054,0.4789,3.7118,0.5487,0.0,0.911,0.4818,yes,yes,no,no,partial,PASS,,433894673
OSM_tampere_suburban_exact_5000m_0m_0079,100,osm,tampere_suburban,suburban_low_density,,5222,5171,27002962.0,5171.06,5120.37,26477734.6,0.9805492671988089,9348,9800,297825.69,0.0003629231489493634,18.8617,12.3105,2.0967,5,0.0194,0.0927,1,1.0,1845,0.188265,1801,0.192662,12854.48,3880.76,1.5595,5.0957,0.4365,1.4056,0.6648,0.0,0.9609,0.4861,yes,yes,no,no,partial,PASS,,504819056
OSM_tampere_suburban_exact_5000m_0m_0217,400,osm,tampere_suburban,suburban_low_density,,5222,5171,27002962.0,5171.06,5120.37,26477734.6,0.9805492671988089,9348,9800,297825.69,0.0003629231489493634,18.8617,12.3105,2.0967,5,0.0194,0.0927,1,1.0,1845,0.188265,1801,0.192662,12854.48,3956.26,1.5282,5.0957,0.4365,1.4056,0.6648,0.0,0.9609,0.4861,yes,yes,no,no,partial,PASS,,2195324144
OSM_tampere_suburban_exact_5000m_0m_0354,400,osm,tampere_suburban,suburban_low_density,,5222,5171,27002962.0,5171.06,5120.37,26477734.6,0.9805492671988089,9348,9800,297825.69,0.0003629231489493634,18.8617,12.3105,2.0967,5,0.0194,0.0927,1,1.0,1845,0.188265,1801,0.192662,12854.48,4242.21,1.4758,5.0957,0.4365,1.4056,0.6648,0.0,0.9609,0.4861,yes,yes,no,no,partial,PASS,,1201557587
OSM_tampere_suburban_exact_5000m_0m_0503,600,osm,tampere_suburban,suburban_low_density,,5222,5171,27002962.0,5171.06,5120.37,26477734.6,0.9805492671988089,9348,9800,297825.69,0.0003629231489493634,18.8617,12.3105,2.0967,5,0.0194,0.0927,1,1.0,1845,0.188265,1801,0.192662,12854.48,3948.51,1.4566,5.0957,0.4365,1.4056,0.6648,0.0,0.9609,0.4861,yes,yes,no,no,partial,PASS,,58986589
OSM_tampere_suburban_exact_5000m_0m_0654,800,osm,tampere_suburban,suburban_low_density,,5222,5171,27002962.0,5171.06,5120.37,26477734.6,0.9805492671988089,9348,9800,297825.69,0.0003629231489493634,18.8617,12.3105,2.0967,5,0.0194,0.0927,1,1.0,1845,0.188265,1801,0.192662,12854.48,3912.98,1.4966,5.0957,0.4365,1.4056,0.6648,0.0,0.9609,0.4861,yes,yes,no,no,partial,PASS,,1461422371
OSM_tampere_suburban_exact_5000m_0m_0797,800,osm,tampere_suburban,suburban_low_density,,5222,5171,27002962.0,5171.06,5120.37,26477734.6,0.9805492671988089,9348,9800,297825.69,0.0003629231489493634,18.8617,12.3105,2.0967,5,0.0194,0.0927,1,1.0,1845,0.188265,1801,0.192662,12854.48,3582.66,1.4934,5.0957,0.4365,1.4056,0.6648,0.0,0.9609,0.4861,yes,yes,no,no,partial,PASS,,138359351
OSM_tampere_suburban_exact_5000m_0m_0944,1000,osm,tampere_suburban,suburban_low_density,,5222,5171,27002962.0,5171.06,5120.37,26477734.6,0.9805492671988089,9348,9800,297825.69,0.0003629231489493634,18.8617,12.3105,2.0967,5,0.0194,0.0927,1,1.0,1845,0.188265,1801,0.192662,12854.48,4029.87,1.6485,5.0957,0.4365,1.4056,0.6648,0.0,0.9609,0.4861,yes,yes,no,no,partial,PASS,,4162444361
OSM_tampere_suburban_exact_5000m_0m_1093,1200,osm,tampere_suburban,suburban_low_density,,5222,5171,27002962.0,5171.06,5120.37,26477734.6,0.9805492671988089,9348,9800,297825.69,0.0003629231489493634,18.8617,12.3105,2.0967,5,0.0194,0.0927,1,1.0,1845,0.188265,1801,0.192662,12854.48,4168.34,1.6003,5.0957,0.4365,1.4056,0.6648,0.0,0.9609,0.4861,yes,yes,no,no,partial,PASS,,764850551
SYN_campus_compact_none_0349,400,synthetic,,campus_compact,campus_compact,250,250,62500.0,200.0,200.0,40000.0,0.64,20,40,3286.95,0.00064,82.1738,76.5367,4.0,7,0.0,0.95,1,1.0,0,0.0,0,0.0,409.85,159.67,2.0235,3.6823,0.425,1.2121,0.6171,0.0,0.5,0.2375,yes,yes,partial,partial,no,PASS,,3947710409
SYN_campus_compact_none_0380,400,synthetic,,campus_compact,campus_compact,250,250,62500.0,200.0,200.0,40000.0,0.64,20,45,4944.31,0.00072,109.8737,104.4031,4.5,8,0.0,1.0,1,1.0,0,0.0,0,0.0,534.92,197.59,1.8833,3.7971,0.3778,1.3663,0.7276,0.0,0.4889,0.2111,yes,yes,partial,partial,no,PASS,,2157655682
SYN_campus_compact_none_0400,600,synthetic,,campus_compact,campus_compact,290,250,72500.0,240.0,200.0,48000.0,0.6620689655172414,20,45,6054.28,0.0006206896551724138,134.5396,113.1371,4.5,10,0.0,1.0,1,1.0,0,0.0,0,0.0,628.19,222.86,2.0942,3.6286,0.3778,1.4912,0.7237,0.0,0.4889,0.2111,yes,yes,partial,partial,no,PASS,,3678315871
SYN_campus_compact_none_0420,600,synthetic,,campus_compact,campus_compact,350,250,87500.0,300.0,200.0,60000.0,0.6857142857142857,20,44,7509.41,0.0005028571428571429,170.6683,141.4214,4.4,9,0.0,1.0,1,1.0,0,0.0,0,0.0,730.06,310.66,2.0102,3.6235,0.3182,1.5833,0.6754,0.0,0.5455,0.2159,yes,yes,partial,partial,no,PASS,,459920951
SYN_campus_compact_none_0451,600,synthetic,,campus_compact,campus_compact,250,250,62500.0,200.0,200.0,40000.0,0.64,23,56,4832.03,0.000896,86.2862,80.0,4.8696,9,0.0,1.0,1,1.0,0,0.0,0,0.0,475.59,169.97,2.0076,3.9547,0.3036,1.1165,0.6481,0.0,0.4464,0.1964,yes,yes,partial,partial,no,PASS,,377692425
SYN_campus_compact_none_0476,600,synthetic,,campus_compact,campus_compact,250,250,62500.0,200.0,200.0,40000.0,0.64,23,65,7878.83,0.00104,121.2128,120.0,5.6522,10,0.0,1.0,1,1.0,0,0.0,0,0.0,529.71,195.87,1.7878,3.9107,0.3231,1.1778,0.7303,0.0,0.5385,0.1692,yes,yes,partial,partial,no,PASS,,2006330532
SYN_campus_compact_none_0506,600,synthetic,,campus_compact,campus_compact,290,290,84100.0,240.0,240.0,57600.0,0.6848989298454221,23,57,8273.29,0.0006777645659928656,145.1454,113.1371,4.9565,10,0.0,1.0,1,1.0,0,0.0,0,0.0,640.0,250.6,1.7834,3.8166,0.3158,1.2179,0.7034,0.0,0.4737,0.193,yes,yes,partial,partial,no,PASS,,1886679928
SYN_campus_compact_none_0533,600,synthetic,,campus_compact,campus_compact,350,350,122500.0,300.0,300.0,90000.0,0.7346938775510204,23,68,13142.79,0.0005551020408163266,193.2763,200.0,5.913,11,0.0,1.0,1,1.0,0,0.0,0,0.0,1012.9,268.06,1.8466,3.8451,0.2941,1.2432,0.6506,0.0,0.5735,0.1618,yes,yes,partial,partial,no,PASS,,3382875260
SYN_campus_compact_none_0866,1000,synthetic,,campus_compact,campus_compact,250,250,62500.0,200.0,200.0,40000.0,0.64,20,56,4463.57,0.000896,79.7066,76.5367,5.6,11,0.0,1.0,1,1.0,0,0.0,0,0.0,442.84,133.59,1.4737,3.6838,0.4286,1.2121,0.6171,0.0,0.4286,0.1696,yes,yes,partial,partial,no,PASS,,3164698286
SYN_campus_compact_none_0900,1000,synthetic,,campus_compact,campus_compact,250,250,62500.0,200.0,200.0,40000.0,0.64,20,60,7066.29,0.00096,117.7715,120.0,6.0,11,0.0,1.0,1,1.0,0,0.0,0,0.0,526.06,167.15,1.8629,3.9281,0.3167,1.3663,0.7276,0.0,0.4,0.1583,yes,yes,partial,partial,no,PASS,,2414154696
SYN_campus_compact_none_0928,1000,synthetic,,campus_compact,campus_compact,290,250,72500.0,240.0,200.0,48000.0,0.6620689655172414,20,60,8460.45,0.0008275862068965517,141.0075,113.1371,6.0,10,0.0,1.0,1,1.0,0,0.0,0,0.0,621.26,200.9,1.7593,3.8829,0.3333,1.4912,0.7237,0.0,0.5667,0.1583,yes,yes,partial,partial,no,PASS,,3674165690
SYN_campus_compact_none_0955,1000,synthetic,,campus_compact,campus_compact,350,250,87500.0,300.0,200.0,60000.0,0.6857142857142857,20,59,9604.49,0.0006742857142857143,162.788,141.4214,5.9,11,0.0,1.0,1,1.0,0,0.0,0,0.0,721.11,246.36,1.5884,3.6229,0.3729,1.5833,0.6754,0.0,0.4068,0.161,yes,yes,partial,partial,no,PASS,,2171135887
SYN_campus_compact_none_0979,1000,synthetic,,campus_compact,campus_compact,250,250,62500.0,200.0,200.0,40000.0,0.64,23,88,7358.44,0.001408,83.6186,80.0,7.6522,12,0.0,1.0,1,1.0,0,0.0,0,0.0,475.59,130.83,1.7686,3.9156,0.3182,1.1165,0.6481,0.0,0.375,0.125,yes,yes,partial,partial,no,PASS,,1809268494
SYN_campus_compact_none_1008,1200,synthetic,,campus_compact,campus_compact,250,250,62500.0,200.0,200.0,40000.0,0.64,23,77,9031.79,0.001232,117.2959,120.0,6.6957,12,0.0,1.0,1,1.0,0,0.0,0,0.0,540.48,188.15,2.1665,3.6895,0.3377,1.1778,0.7303,0.0,0.4416,0.1429,yes,yes,partial,partial,no,PASS,,2261800
SYN_campus_compact_none_1038,1200,synthetic,,campus_compact,campus_compact,290,290,84100.0,240.0,240.0,57600.0,0.6848989298454221,23,89,13765.68,0.0010582639714625446,154.6705,160.0,7.7391,14,0.0,1.0,1,1.0,0,0.0,0,0.0,699.41,209.94,1.6155,3.8753,0.3483,1.2179,0.7034,0.0,0.3371,0.1236,yes,yes,partial,partial,no,PASS,,4169589351
SYN_campus_compact_none_1055,1200,synthetic,,campus_compact,campus_compact,350,350,122500.0,300.0,300.0,90000.0,0.7346938775510204,23,85,16130.65,0.0006938775510204082,189.7723,200.0,7.3913,13,0.0,1.0,1,1.0,0,0.0,0,0.0,730.06,242.83,1.3211,3.8057,0.3765,1.2432,0.6506,0.0,0.4,0.1294,yes,yes,partial,partial,no,PASS,,3406293028
SYN_campus_compact_none_1392,1600,synthetic,,campus_compact,campus_compact,250,250,62500.0,200.0,200.0,40000.0,0.64,20,74,5939.53,0.001184,80.2639,78.2683,7.4,12,0.0,1.0,1,1.0,0,0.0,0,0.0,442.84,128.5,1.3094,3.8166,0.4189,1.2121,0.6171,0.0,0.473,0.1284,yes,yes,partial,partial,no,PASS,,3628480829
SYN_campus_compact_none_1421,1600,synthetic,,campus_compact,campus_compact,250,250,62500.0,200.0,200.0,40000.0,0.64,20,75,8305.7,0.0012,110.7427,84.8528,7.5,12,0.0,1.0,1,1.0,0,0.0,0,0.0,483.09,178.25,1.9438,3.7212,0.4,1.3663,0.7276,0.0,0.4933,0.1267,yes,yes,partial,partial,no,PASS,,3016102375
SYN_campus_compact_none_1451,1600,synthetic,,campus_compact,campus_compact,290,250,72500.0,240.0,200.0,48000.0,0.6620689655172414,20,72,10155.09,0.0009931034482758621,141.043,136.5685,7.2,12,0.0,1.0,1,1.0,0,0.0,0,0.0,621.26,194.87,1.5095,3.6637,0.4028,1.4912,0.7237,0.0,0.3889,0.1319,yes,yes,partial,partial,no,PASS,,2899976307
SYN_campus_compact_none_1475,1600,synthetic,,campus_compact,campus_compact,350,250,87500.0,300.0,200.0,60000.0,0.6857142857142857,20,73,12955.37,0.0008342857142857143,177.4708,200.0,7.3,12,0.0,1.0,1,1.0,0,0.0,0,0.0,721.11,227.36,1.691,3.7633,0.3699,1.5833,0.6754,0.0,0.5205,0.1301,yes,yes,partial,partial,no,PASS,,3782271952
SYN_campus_compact_none_1503,1600,synthetic,,campus_compact,campus_compact,250,250,62500.0,200.0,200.0,40000.0,0.64,23,103,8753.42,0.001648,84.9847,80.0,8.9565,15,0.0,1.0,1,1.0,0,0.0,0,0.0,475.59,134.45,1.515,3.8903,0.3689,1.1165,0.6481,0.0,0.4272,0.1068,yes,yes,partial,partial,no,PASS,,226065680
SYN_campus_compact_none_1533,1600,synthetic,,campus_compact,campus_compact,250,250,62500.0,200.0,200.0,40000.0,0.64,23,106,12700.91,0.001696,119.82,120.0,9.2174,15,0.0,1.0,1,1.0,0,0.0,0,0.0,499.32,181.48,1.4717,3.7725,0.3491,1.1778,0.7303,0.0,0.4434,0.1038,yes,yes,partial,partial,no,PASS,,1784429555
SYN_campus_compact_none_1566,1600,synthetic,,campus_compact,campus_compact,290,290,84100.0,240.0,240.0,57600.0,0.6848989298454221,23,100,16283.01,0.0011890606420927466,162.8301,160.0,8.6957,14,0.0,1.0,1,1.0,0,0.0,0,0.0,619.28,220.67,1.3331,3.8373,0.34,1.2179,0.7034,0.0,0.44,0.11,yes,yes,partial,partial,no,PASS,,2644324492
SYN_campus_compact_none_1587,1600,synthetic,,campus_compact,campus_compact,350,350,122500.0,300.0,300.0,90000.0,0.7346938775510204,23,103,20408.69,0.0008408163265306122,198.1427,200.0,8.9565,15,0.0,1.0,1,1.0,0,0.0,0,0.0,721.11,229.41,1.523,3.8064,0.3592,1.2432,0.6506,0.0,0.3689,0.1068,yes,yes,partial,partial,no,PASS,,1933626399
SYN_campus_compact_none_1921,2000,synthetic,,campus_compact,campus_compact,350,350,122500.0,300.0,300.0,90000.0,0.7346938775510204,20,47,4538.49,0.0003836734693877551,96.5637,89.4427,4.7,9,0.0,0.95,1,1.0,0,0.0,0,0.0,574.02,196.45,1.5203,3.9325,0.3617,1.1089,0.4536,0.0,0.4043,0.2021,yes,yes,partial,partial,no,PASS,,2285064983
SYN_campus_compact_none_1949,2000,synthetic,,campus_compact,campus_compact,350,350,122500.0,300.0,300.0,90000.0,0.7346938775510204,20,47,6245.42,0.0003836734693877551,132.8814,120.0,4.7,11,0.0,0.95,1,1.0,0,0.0,0,0.0,664.26,273.59,2.1407,4.0488,0.3404,1.2121,0.6171,0.0,0.383,0.2021,yes,yes,partial,partial,no,PASS,,1356985460
SYN_campus_compact_none_1973,2000,synthetic,,campus_compact,campus_compact,350,350,122500.0,300.0,300.0,90000.0,0.7346938775510204,20,50,7500.07,0.00040816326530612246,150.0013,119.8819,5.0,10,0.0,1.0,1,1.0,0,0.0,0,0.0,719.92,253.54,2.3727,3.7922,0.46,1.3173,0.7066,0.0,0.42,0.19,yes,yes,partial,partial,no,PASS,,3059614758
SYN_clustered_communities_haggle_contacts_only_0008,100,trace_reference_synthetic,haggle_contacts_only,clustered_communities,clustered_communities,194,192,37248.0,143.83,141.65,20372.5,0.5469421865840103,27,71,1506.74,0.0019061426116838487,21.2217,13.6553,5.2593,10,0.0,0.963,1,1.0,0,0.0,0,0.0,368.23,148.17,1.5297,4.6903,0.3521,3.5678,0.7548,0.0,0.5211,0.1831,yes,yes,yes,partial,no,PASS,,2510395048
SYN_clustered_communities_haggle_contacts_only_0036,100,trace_reference_synthetic,haggle_contacts_only,clustered_communities,clustered_communities,194,196,38024.0,143.5,145.29,20848.45,0.5482970251534975,27,67,1471.54,0.001762045024195245,21.9633,14.4877,4.963,10,0.0,0.8889,1,1.0,0,0.0,0,0.0,376.44,152.53,1.5186,4.6199,0.2388,2.697,0.7896,0.0,0.4776,0.194,yes,yes,yes,partial,no,PASS,,1797431715
SYN_clustered_communities_haggle_contacts_only_0063,100,trace_reference_synthetic,haggle_contacts_only,clustered_communities,clustered_communities,196,193,37828.0,145.86,142.15,20734.27,0.5481195286820172,27,73,1720.09,0.0019297874590250609,23.5628,12.6497,5.4074,10,0.0,0.8519,1,1.0,0,0.0,0,0.0,367.88,173.09,1.4071,4.6621,0.274,2.4509,0.8174,0.0,0.4384,0.1781,yes,yes,yes,partial,no,PASS,,634066420
SYN_clustered_communities_haggle_contacts_only_0094,100,trace_reference_synthetic,haggle_contacts_only,clustered_communities,clustered_communities,196,197,38612.0,145.31,146.08,21227.54,0.5497654771457346,27,79,2145.58,0.0020459960633999793,27.1593,13.9997,5.8519,10,0.0,1.0,1,1.0,0,0.0,0,0.0,371.41,132.38,1.5502,4.6458,0.2658,2.7861,0.7951,0.0,0.481,0.1646,yes,yes,yes,partial,no,PASS,,1140964875
SYN_clustered_communities_haggle_contacts_only_0123,200,trace_reference_synthetic,haggle_contacts_only,clustered_communities,clustered_communities,290,293,84970.0,239.07,242.12,57881.57,0.6812000379752549,27,68,2463.14,0.0008002824526303401,36.2226,21.6407,5.037,10,0.0,0.8889,1,1.0,0,0.0,0,0.0,618.27,223.08,1.5136,4.815,0.2941,3.1213,0.7694,0.0,0.5735,0.1912,yes,yes,yes,partial,no,PASS,,1900121672
SYN_clustered_communities_haggle_contacts_only_0155,200,trace_reference_synthetic,haggle_contacts_only,clustered_communities,clustered_communities,293,294,86142.0,242.9,243.55,59158.56,0.6867562552915071,27,73,2526.55,0.000847437951289731,34.6103,23.8217,5.4074,10,0.0,0.8889,1,1.0,0,0.0,0,0.0,626.73,266.72,1.4931,4.6968,0.2603,3.3987,0.7603,0.0,0.5479,0.1781,yes,yes,yes,partial,no,PASS,,2480759592
SYN_clustered_communities_haggle_contacts_only_0178,200,trace_reference_synthetic,haggle_contacts_only,clustered_communities,clustered_communities,295,292,86140.0,244.26,241.85,59074.99,0.6858020495449092,27,67,2805.4,0.000777803575574646,41.8716,22.6381,4.963,10,0.0,0.9259,1,1.0,0,0.0,0,0.0,614.45,227.7,1.3139,4.7819,0.2537,3.3787,0.7583,0.0,0.3731,0.194,yes,yes,yes,partial,no,PASS,,1041529014
SYN_clustered_communities_haggle_contacts_only_0208,400,trace_reference_synthetic,haggle_contacts_only,clustered_communities,clustered_communities,293,291,85263.0,242.19,240.03,58132.99,0.6818079084546463,27,78,3582.12,0.000914816508919461,45.9246,23.2602,5.7778,10,0.0,0.963,1,1.0,0,0.0,0,0.0,620.81,261.1,1.4406,4.7737,0.2949,2.8106,0.7917,0.0,0.3974,0.1667,yes,yes,yes,partial,no,PASS,,4014918045
SYN_clustered_communities_haggle_contacts_only_0234,400,trace_reference_synthetic,haggle_contacts_only,clustered_communities,clustered_communities,414,411,170154.0,363.2,361.0,131114.04,0.7705610186281832,27,74,3980.91,0.00043490014927653775,53.7961,35.3893,5.4815,10,0.0,1.0,1,1.0,0,0.0,0,0.0,924.09,314.37,1.518,4.6704,0.3784,3.1541,0.7736,0.0,0.527,0.1757,yes,yes,yes,partial,no,PASS,,3074080584
SYN_clustered_communities_haggle_contacts_only_0262,400,trace_reference_synthetic,haggle_contacts_only,clustered_communities,clustered_communities,404,409,165236.0,353.57,358.24,126663.49,0.7665610754393175,27,76,3850.22,0.0004599481953085284,50.6608,33.7254,5.6296,10,0.0,0.963,1,1.0,0,0.0,0,0.0,920.24,403.05,1.4786,4.6656,0.2632,2.8578,0.7959,0.0,0.5395,0.1711,yes,yes,yes,partial,no,PASS,,3565793135
SYN_clustered_communities_haggle_contacts_only_0288,400,trace_reference_synthetic,haggle_contacts_only,clustered_communities,clustered_communities,416,419,174304.0,365.3,368.26,134527.45,0.771797831640641,27,77,4761.46,0.0004417569304204149,61.8371,35.6613,5.7037,10,0.037,0.963,1,1.0,1,0.012987,1,0.037037,920.96,346.84,1.5573,4.6992,0.3377,3.0743,0.7729,0.0,0.5065,0.1751,yes,yes,yes,partial,no,PASS,,903715582
SYN_clustered_communities_haggle_contacts_only_0319,400,trace_reference_synthetic,haggle_contacts_only,clustered_communities,clustered_communities,408,411,167688.0,357.33,360.98,128991.64,0.7692359666995695,27,80,5111.83,0.00047707647535900004,63.8979,32.85,5.9259,10,0.0,0.963,1,1.0,0,0.0,0,0.0,921.4,319.42,1.2791,4.7508,0.2375,2.9932,0.7773,0.0,0.425,0.1625,yes,yes,yes,partial,no,PASS,,2581423625
SYN_clustered_communities_haggle_contacts_only_0350,400,trace_reference_synthetic,haggle_contacts_only,clustered_communities,clustered_communities,630,660,415800.0,579.34,609.58,353152.42,0.8493324256759025,27,78,6403.87,0.0001875901875901876,82.101,53.8531,5.7778,10,0.0,1.0,1,1.0,0,0.0,0,0.0,1543.95,601.98,1.554,4.7224,0.3846,3.133,0.7772,0.0,0.5897,0.1667,yes,yes,yes,partial,no,PASS,,2624930062
SYN_clustered_communities_haggle_contacts_only_0381,400,trace_reference_synthetic,haggle_contacts_only,clustered_communities,clustered_communities,637,656,417872.0,586.64,605.36,355127.03,0.849846439075548,27,73,6242.92,0.00017469464333575831,85.5195,53.1114,5.4074,10,0.0,0.9259,1,1.0,0,0.0,0,0.0,1548.67,612.88,1.4981,4.6971,0.2603,2.9422,0.7826,0.0,0.5753,0.1781,yes,yes,yes,partial,no,PASS,,1389249240
SYN_clustered_communities_haggle_contacts_only_0401,600,trace_reference_synthetic,haggle_contacts_only,clustered_communities,clustered_communities,638,664,423632.0,587.87,613.37,360584.77,0.8511745359496338,27,65,7178.17,0.00015343505684178722,110.4334,60.3481,4.8148,10,0.037,0.8889,1,1.0,1,0.015385,1,0.037037,1575.16,712.24,1.4066,4.6064,0.2769,3.1947,0.7672,0.0,0.3385,0.2074,yes,yes,yes,partial,no,PASS,,3047373230
SYN_clustered_communities_haggle_contacts_only_0424,600,trace_reference_synthetic,haggle_contacts_only,clustered_communities,clustered_communities,666,664,442224.0,615.95,613.52,377895.6,0.8545343562640033,27,76,9420.47,0.00017185860559354536,122.3437,67.8098,5.6296,10,0.0,0.963,1,1.0,0,0.0,0,0.0,1538.12,695.14,1.5317,4.8215,0.2857,2.9768,0.7599,0.0,0.4737,0.1711,yes,yes,yes,partial,no,PASS,,4084164403
SYN_clustered_communities_haggle_contacts_only_0452,600,trace_reference_synthetic,haggle_contacts_only,clustered_communities,clustered_communities,195,195,38025.0,144.3,144.09,20792.14,0.5468017286822879,27,91,1800.32,0.002393162393162393,19.7838,14.6965,6.7407,10,0.0,1.0,1,1.0,0,0.0,0,0.0,372.3,165.71,1.4483,4.7086,0.3736,2.4927,0.7995,0.0,0.5934,0.1429,yes,yes,yes,partial,no,PASS,,3964574704
SYN_clustered_communities_haggle_contacts_only_0477,600,trace_reference_synthetic,haggle_contacts_only,clustered_communities,clustered_communities,195,189,36855.0,144.02,138.72,19978.99,0.5420971976925869,27,86,1683.59,0.002333469000135667,19.5766,13.9848,6.3704,10,0.0,1.0,1,1.0,0,0.0,0,0.0,367.55,156.13,1.6222,4.8459,0.3372,3.3209,0.7537,0.0,0.6047,0.1512,yes,yes,yes,partial,no,PASS,,3122046306
SYN_clustered_communities_haggle_contacts_only_0509,600,trace_reference_synthetic,haggle_contacts_only,clustered_communities,clustered_communities,194,199,38606.0,143.52,148.03,21244.96,0.550302150649312,27,86,1986.68,0.002227633010412889,23.1009,14.0599,6.3704,10,0.0,1.0,1,1.0,0,0.0,0,0.0,375.14,162.82,1.522,4.7227,0.2674,2.9052,0.7846,0.0,0.3953,0.1512,yes,yes,yes,partial,no,PASS,,2520705648
SYN_clustered_communities_haggle_contacts_only_0535,600,trace_reference_synthetic,haggle_contacts_only,clustered_communities,clustered_communities,194,197,38218.0,143.03,146.47,20948.76,0.548138665329059,27,92,2393.15,0.0024072426605264534,26.0125,14.7356,6.8148,10,0.0,1.0,1,1.0,0,0.0,0,0.0,374.6,167.03,1.5527,4.8986,0.3043,3.5077,0.7526,0.0,0.4457,0.1413,yes,yes,yes,partial,no,PASS,,1550676186
SYN_clustered_communities_haggle_contacts_only_0555,600,trace_reference_synthetic,haggle_contacts_only,clustered_communities,clustered_communities,296,290,85840.0,245.13,239.94,58815.84,0.6851798432024898,27,84,2819.01,0.00097856477166822,33.5597,23.3841,6.2222,10,0.0,1.0,1,1.0,0,0.0,0,0.0,615.61,241.43,1.4998,4.8371,0.2976,3.3055,0.7636,0.0,0.5357,0.1548,yes,yes,yes,partial,no,PASS,,1756929204
SYN_clustered_communities_haggle_contacts_only_0581,600,trace_reference_synthetic,haggle_contacts_only,clustered_communities,clustered_communities,293,296,86728.0,242.5,245.04,59423.16,0.6851669479921202,27,92,3315.46,0.0010607877502075455,36.0376,25.8233,6.8148,10,0.0,1.0,1,1.0,0,0.0,0,0.0,620.26,271.55,1.5974,4.7846,0.3043,2.6523,0.796,0.0,0.6087,0.1413,yes,yes,yes,partial,no,PASS,,2840647417
SYN_clustered_communities_haggle_contacts_only_0607,800,trace_reference_synthetic,haggle_contacts_only,clustered_communities,clustered_communities,287,275,78925.0,236.73,224.22,53079.7,0.6725334002176657,27,83,2831.13,0.0010516312955337346,34.11,18.9091,6.1481,10,0.0,1.0,1,1.0,0,0.0,0,0.0,612.69,234.72,1.368,4.773,0.2771,2.5844,0.8128,0.0,0.4458,0.1566,yes,yes,yes,partial,no,PASS,,932855480
SYN_clustered_communities_haggle_contacts_only_0635,800,trace_reference_synthetic,haggle_contacts_only,clustered_communities,clustered_communities,288,295,84960.0,237.26,244.66,58047.88,0.6832378036310923,27,94,3930.94,0.0011064030131826743,41.3783,23.2983,6.963,10,0.0,1.0,1,1.0,0,0.0,0,0.0,617.88,253.71,1.3903,4.8948,0.3158,3.5146,0.7483,0.0,0.4468,0.1383,yes,yes,yes,partial,no,PASS,,3995276892
SYN_clustered_communities_haggle_contacts_only_0662,800,trace_reference_synthetic,haggle_contacts_only,clustered_communities,clustered_communities,421,408,171768.0,370.33,357.58,132422.7,0.7709392667532715,27,79,4302.96,0.00045992268641423316,54.4679,36.9988,5.8519,10,0.0,1.0,1,1.0,0,0.0,0,0.0,933.84,362.7,1.3984,4.8202,0.3165,2.7185,0.7932,0.0,0.5949,0.1646,yes,yes,yes,partial,no,PASS,,212782425
SYN_clustered_communities_haggle_contacts_only_0690,800,trace_reference_synthetic,haggle_contacts_only,clustered_communities,clustered_communities,402,415,166830.0,351.34,364.46,128051.16,0.7675547792961351,27,92,4391.13,0.0005514595696217707,47.7296,32.2843,6.8148,10,0.0,1.0,1,1.0,0,0.0,0,0.0,937.47,381.92,1.4096,4.8997,0.2826,2.742,0.7945,0.0,0.5978,0.1413,yes,yes,yes,partial,no,PASS,,383922779
SYN_clustered_communities_haggle_contacts_only_0721,800,trace_reference_synthetic,haggle_contacts_only,clustered_communities,clustered_communities,421,408,171768.0,370.54,357.13,132328.8,0.7703926036359147,27,93,5056.21,0.0005414279726142238,54.3679,34.6835,6.8889,10,0.0,1.0,1,1.0,0,0.0,0,0.0,917.9,371.44,1.3994,4.8753,0.3548,3.0675,0.781,0.0,0.5054,0.1398,yes,yes,yes,partial,no,PASS,,1063984265
SYN_clustered_communities_haggle_contacts_only_0746,800,trace_reference_synthetic,haggle_contacts_only,clustered_communities,clustered_communities,416,419,174304.0,365.18,368.06,134407.99,0.7711124834664037,27,92,5584.11,0.0005278134753075088,60.6968,32.0345,6.8148,10,0.0,1.0,1,1.0,0,0.0,0,0.0,920.38,365.89,1.384,4.9699,0.3478,2.7502,0.7987,0.0,0.337,0.1413,yes,yes,yes,partial,no,PASS,,815176568
SYN_clustered_communities_haggle_contacts_only_0771,800,trace_reference_synthetic,haggle_contacts_only,clustered_communities,clustered_communities,665,610,405650.0,614.1,559.75,343742.31,0.8473864357865195,27,92,6698.6,0.00022679649944533465,72.8108,44.43,6.8148,10,0.0,1.0,1,1.0,0,0.0,0,0.0,1499.89,565.85,1.4107,4.931,0.2717,2.8557,0.7857,0.0,0.5652,0.1413,yes,yes,yes,partial,no,PASS,,1112234350
SYN_clustered_communities_haggle_contacts_only_0800,1000,trace_reference_synthetic,haggle_contacts_only,clustered_communities,clustered_communities,642,617,396114.0,591.5,566.13,334863.67,0.8453719524628085,27,91,6927.32,0.00022973184487294062,76.1244,56.0345,6.7407,10,0.0,1.0,1,1.0,0,0.0,0,0.0,1530.41,688.09,1.4164,4.9274,0.3187,2.8299,0.7984,0.0,0.5824,0.1429,yes,yes,yes,partial,no,PASS,,1757709985
SYN_clustered_communities_haggle_contacts_only_0822,1000,trace_reference_synthetic,haggle_contacts_only,clustered_communities,clustered_communities,665,657,436905.0,614.85,606.92,373166.54,0.8541136922420547,27,86,8909.2,0.00019683912978794016,103.5953,64.1275,6.3704,10,0.0,1.0,1,1.0,0,0.0,0,0.0,1543.15,668.1,1.4466,4.8969,0.3023,2.9369,0.7762,0.0,0.5465,0.1512,yes,yes,yes,partial,no,PASS,,3771054341
SYN_clustered_communities_haggle_contacts_only_0844,1000,trace_reference_synthetic,haggle_contacts_only,clustered_communities,clustered_communities,663,622,412386.0,612.32,571.31,349828.35,0.8483031629403058,27,94,9600.81,0.0002279417826987337,102.1362,52.4827,6.963,10,0.0,1.0,1,1.0,0,0.0,0,0.0,1568.04,564.25,1.3501,4.8272,0.3404,3.2275,0.7675,0.0,0.4681,0.1383,yes,yes,yes,partial,no,PASS,,1465885898
SYN_clustered_communities_haggle_contacts_only_0868,1000,trace_reference_synthetic,haggle_contacts_only,clustered_communities,clustered_communities,186,196,36456.0,135.17,145.2,19626.38,0.5383581513179186,27,101,1856.52,0.002770463023919245,18.3814,12.5466,7.4815,10,0.0,1.0,1,1.0,0,0.0,0,0.0,371.96,138.97,1.6099,5.0271,0.297,3.1326,0.7727,0.0,0.6238,0.1287,yes,yes,yes,partial,no,PASS,,939575572
SYN_clustered_communities_haggle_contacts_only_0903,1000,trace_reference_synthetic,haggle_contacts_only,clustered_communities,clustered_communities,197,196,38612.0,146.28,145.25,21247.31,0.5502774825197051,27,96,1858.49,0.002486273697296177,19.3592,13.3037,7.1111,10,0.0,1.0,1,1.0,0,0.0,0,0.0,369.96,146.03,1.5779,4.7987,0.2708,2.885,0.7993,0.0,0.5833,0.1354,yes,yes,yes,partial,no,PASS,,348060246
SYN_clustered_communities_haggle_contacts_only_0930,1000,trace_reference_synthetic,haggle_contacts_only,clustered_communities,clustered_communities,198,196,38808.0,147.3,145.98,21502.45,0.5540727268741955,27,101,2186.28,0.0026025561739847452,21.6463,14.4282,7.4815,10,0.0,1.0,1,1.0,0,0.0,0,0.0,373.49,162.56,1.4555,4.908,0.3267,2.7825,0.7941,0.0,0.4455,0.1287,yes,yes,yes,partial,no,PASS,,315112359
SYN_clustered_communities_haggle_contacts_only_0958,1000,trace_reference_synthetic,haggle_contacts_only,clustered_communities,clustered_communities,196,194,38024.0,145.9,143.7,20965.22,0.5513679858873017,27,110,2646.13,0.002892909741216074,24.0557,14.989,8.1481,10,0.0,1.0,1,1.0,0,0.0,0,0.0,375.5,135.47,1.3384,4.9427,0.3273,2.6273,0.8034,0.0,0.4091,0.1182,yes,yes,yes,partial,no,PASS,,2915141579
SYN_clustered_communities_haggle_contacts_only_0981,1000,trace_reference_synthetic,haggle_contacts_only,clustered_communities,clustered_communities,284,291,82644.0,233.97,240.28,56216.44,0.6802240588093831,27,104,3189.71,0.0012584095639126857,30.6702,22.0387,7.7037,10,0.0,1.0,1,1.0,0,0.0,0,0.0,615.74,264.54,1.4919,4.8784,0.2788,2.8564,0.7852,0.0,0.5769,0.125,yes,yes,yes,partial,no,PASS,,2407660754
SYN_clustered_communities_haggle_contacts_only_1011,1200,trace_reference_synthetic,haggle_contacts_only,clustered_communities,clustered_communities,294,294,86436.0,243.51,243.42,59275.47,0.6857729020758072,27,103,3795.24,0.0011916331158313665,36.847,27.7242,7.6296,10,0.0,1.0,1,1.0,0,0.0,0,0.0,619.77,216.38,1.5785,4.904,0.3398,2.838,0.7712,0.0,0.5728,0.1262,yes,yes,yes,partial,no,PASS,,3283916405
SYN_clustered_communities_haggle_contacts_only_1039,1200,trace_reference_synthetic,haggle_contacts_only,clustered_communities,clustered_communities,290,284,82360.0,239.54,233.99,56049.59,0.6805438410403831,27,109,3495.49,0.0013234579893152015,32.0687,20.8747,8.0741,10,0.0,1.0,1,1.0,0,0.0,0,0.0,613.44,225.49,1.4553,4.9009,0.4037,3.6075,0.7577,0.0,0.4862,0.1193,yes,yes,yes,partial,no,PASS,,2382408882
SYN_clustered_communities_haggle_contacts_only_1058,1200,trace_reference_synthetic,haggle_contacts_only,clustered_communities,clustered_communities,290,293,84970.0,239.96,242.87,58279.09,0.6858784762663681,27,110,4341.31,0.0012945745557255502,39.4664,24.0635,8.1481,10,0.0,1.0,1,1.0,0,0.0,0,0.0,618.43,187.21,1.6171,4.9301,0.3091,2.9655,0.7798,0.0,0.5273,0.1182,yes,yes,yes,partial,no,PASS,,1501242120
SYN_clustered_communities_haggle_contacts_only_1091,1200,trace_reference_synthetic,haggle_contacts_only,clustered_communities,clustered_communities,413,410,169330.0,362.07,359.14,130036.4,0.7679466043232996,27,105,5188.28,0.0006200909466721786,49.4122,35.7935,7.7778,10,0.0,1.0,1,1.0,0,0.0,0,0.0,921.49,333.15,1.4128,4.9207,0.3714,3.0643,0.7731,0.0,0.6476,0.1238,yes,yes,yes,partial,no,PASS,,1221948569
SYN_clustered_communities_haggle_contacts_only_1120,1200,trace_reference_synthetic,haggle_contacts_only,clustered_communities,clustered_communities,398,402,159996.0,347.72,351.93,122370.71,0.7648360787958388,27,102,4621.23,0.0006375159378984474,45.3062,32.1819,7.5556,10,0.0,1.0,1,1.0,0,0.0,0,0.0,908.36,358.79,1.4624,4.839,0.2745,2.7228,0.7981,0.0,0.6078,0.1275,yes,yes,yes,partial,no,PASS,,1689446164
SYN_clustered_communities_haggle_contacts_only_1140,1200,trace_reference_synthetic,haggle_contacts_only,clustered_communities,clustered_communities,420,396,166320.0,369.35,345.99,127791.41,0.7683466258845704,27,104,5944.48,0.0006253006253006253,57.1585,36.5826,7.7037,10,0.0,1.0,1,1.0,0,0.0,0,0.0,903.46,290.56,1.4359,4.8509,0.2981,2.9173,0.7776,0.0,0.4904,0.125,yes,yes,yes,partial,no,PASS,,273191076
SYN_clustered_communities_haggle_contacts_only_1167,1200,trace_reference_synthetic,haggle_contacts_only,clustered_communities,clustered_communities,402,412,165624.0,351.6,361.05,126944.17,0.7664600168764489,27,109,6641.68,0.0006581171810848669,60.3789,36.9707,8.0741,10,0.0,1.0,1,1.0,0,0.0,0,0.0,921.06,301.0,1.3038,4.9531,0.3273,2.4418,0.795,0.0,0.4954,0.1193,yes,yes,yes,partial,no,PASS,,862971198
SYN_clustered_communities_haggle_contacts_only_1186,1200,trace_reference_synthetic,haggle_contacts_only,clustered_communities,clustered_communities,637,643,409591.0,586.32,592.47,347376.97,0.8481069339995413,27,103,7610.4,0.00025147036922198,73.8874,52.5941,7.6296,10,0.0,1.0,1,1.0,0,0.0,0,0.0,1560.68,586.91,1.3926,4.8697,0.3204,2.9494,0.7881,0.0,0.5631,0.1262,yes,yes,yes,partial,no,PASS,,875101741
SYN_clustered_communities_haggle_contacts_only_1209,1600,trace_reference_synthetic,haggle_contacts_only,clustered_communities,clustered_communities,651,650,423150.0,600.47,599.98,360264.26,0.8513866413733377,27,103,7848.29,0.0002434125014770176,76.197,51.6653,7.6296,10,0.0,1.0,1,1.0,0,0.0,0,0.0,1540.98,603.13,1.3009,4.8378,0.301,3.093,0.775,0.0,0.6117,0.1262,yes,yes,yes,partial,no,PASS,,3696347606
SYN_clustered_communities_haggle_contacts_only_1234,1600,trace_reference_synthetic,haggle_contacts_only,clustered_communities,clustered_communities,645,644,415380.0,594.07,593.89,352811.65,0.8493708089632158,27,107,9837.21,0.0002575954547643122,91.9365,63.2127,7.9259,10,0.0,1.0,1,1.0,0,0.0,0,0.0,1545.35,625.44,1.6058,4.9387,0.2897,3.0997,0.7793,0.0,0.4766,0.1215,yes,yes,yes,partial,no,PASS,,982814019
SYN_clustered_communities_haggle_contacts_only_1262,1600,trace_reference_synthetic,haggle_contacts_only,clustered_communities,clustered_communities,659,643,423737.0,609.0,592.98,361123.86,0.8522358442663952,27,109,10547.05,0.00025723503021921615,96.7619,56.643,8.0741,10,0.0,1.0,1,1.0,0,0.0,0,0.0,1544.91,642.86,1.375,4.7653,0.3394,2.9596,0.7843,0.0,0.4771,0.1193,yes,yes,yes,partial,no,PASS,,3226937619
SYN_clustered_communities_haggle_contacts_only_1296,1600,trace_reference_synthetic,haggle_contacts_only,clustered_communities,clustered_communities,196,193,37828.0,145.91,142.71,20823.15,0.5504691835362001,36,93,1957.0,0.002458496351908639,21.043,12.5053,5.1667,10,0.0278,0.9444,1,1.0,1,0.010753,1,0.027778,608.1,182.75,1.6226,4.8619,0.3226,1.0844,0.914,0.0,0.5914,0.1934,yes,yes,yes,partial,no,PASS,,2005617163
SYN_clustered_communities_haggle_contacts_only_1328,1600,trace_reference_synthetic,haggle_contacts_only,clustered_communities,clustered_communities,194,199,38606.0,143.26,148.25,21238.73,0.5501405688953616,36,86,1787.67,0.002227633010412889,20.7868,12.5304,4.7778,10,0.0556,0.9167,1,1.0,2,0.023256,2,0.055556,608.56,211.73,1.509,4.8224,0.2907,1.02,0.9186,0.0,0.5465,0.2148,yes,yes,yes,partial,no,PASS,,1733414337
SYN_clustered_communities_haggle_contacts_only_1347,1600,trace_reference_synthetic,haggle_contacts_only,clustered_communities,clustered_communities,194,197,38218.0,143.35,146.12,20945.76,0.5480599737118153,36,99,2450.27,0.0025904024281752053,24.7502,13.6295,5.5,10,0.0,1.0,1,1.0,0,0.0,0,0.0,611.95,174.49,1.4295,4.9176,0.3131,1.0279,0.9142,0.0,0.6061,0.1768,yes,yes,yes,partial,no,PASS,,2380830009
SYN_clustered_communities_haggle_contacts_only_1372,1600,trace_reference_synthetic,haggle_contacts_only,clustered_communities,clustered_communities,197,198,39006.0,146.06,147.71,21575.08,0.5531221907548671,36,97,2913.31,0.002486796903040558,30.0341,14.0904,5.3889,10,0.0,1.0,1,1.0,0,0.0,0,0.0,610.97,200.89,1.6696,4.8032,0.3505,1.1465,0.9004,0.0,0.3711,0.1804,yes,yes,yes,partial,no,PASS,,2514312893
SYN_clustered_communities_haggle_contacts_only_1394,1600,trace_reference_synthetic,haggle_contacts_only,clustered_communities,clustered_communities,294,293,86142.0,243.21,242.75,59039.95,0.6853793822401127,36,99,3540.33,0.0011492651668175804,35.7609,22.283,5.5,10,0.0278,0.9444,1,1.0,1,0.010101,1,0.027778,1013.06,368.91,1.6901,4.8865,0.2929,1.072,0.9125,0.0,0.5657,0.1817,yes,yes,yes,partial,no,PASS,,1068814722
SYN_clustered_communities_haggle_contacts_only_1422,1600,trace_reference_synthetic,haggle_contacts_only,clustered_communities,clustered_communities,297,294,87318.0,246.41,243.25,59938.26,0.6864364742954421,36,87,3273.38,0.000996358139215282,37.625,23.6765,4.8333,10,0.0278,0.9444,1,1.0,1,0.011494,1,0.027778,1011.29,280.37,2.2221,4.756,0.4138,1.0696,0.9185,0.0,0.5402,0.2067,yes,yes,yes,partial,no,PASS,,2125963076
SYN_clustered_communities_haggle_contacts_only_1454,1600,trace_reference_synthetic,haggle_contacts_only,clustered_communities,clustered_communities,292,289,84388.0,241.18,238.9,57618.56,0.6827814333021294,36,94,3685.12,0.0011139024505853912,39.2034,18.9664,5.2222,10,0.0,0.9722,1,1.0,0,0.0,0,0.0,1006.15,316.96,1.687,4.7522,0.3298,1.0264,0.9181,0.0,0.5,0.1862,yes,yes,yes,partial,no,PASS,,2717471271
SYN_clustered_communities_haggle_contacts_only_1476,1600,trace_reference_synthetic,haggle_contacts_only,clustered_communities,clustered_communities,290,284,82360.0,239.87,233.88,56102.45,0.6811855904496552,36,110,4725.62,0.0013355998057309373,42.9601,20.6065,6.1111,10,0.0,1.0,1,1.0,0,0.0,0,0.0,1004.4,319.62,1.7664,4.8385,0.4182,1.0254,0.9191,0.0,0.3909,0.1591,yes,yes,yes,partial,no,PASS,,585487092
SYN_clustered_communities_haggle_contacts_only_1506,1600,trace_reference_synthetic,haggle_contacts_only,clustered_communities,clustered_communities,417,420,175140.0,366.87,369.13,135421.65,0.7732194391596983,36,91,5310.23,0.0005195843325339728,58.3542,38.1792,5.0556,10,0.0,0.9722,1,1.0,0,0.0,0,0.0,1540.68,482.09,1.7813,4.9338,0.3187,1.075,0.9074,0.0,0.5495,0.1923,yes,yes,yes,partial,no,PASS,,3870976429
SYN_clustered_communities_haggle_contacts_only_1538,1600,trace_reference_synthetic,haggle_contacts_only,clustered_communities,clustered_communities,411,414,170154.0,360.38,363.3,130926.63,0.7694595980555001,36,106,5166.82,0.0006229650786934189,48.7436,31.2297,5.8889,10,0.0278,0.9444,1,1.0,1,0.009434,1,0.027778,1524.53,472.08,1.6882,4.9739,0.2925,1.0905,0.9014,0.0,0.5943,0.1697,yes,yes,yes,partial,no,PASS,,2667882751
SYN_clustered_communities_haggle_contacts_only_1568,1600,trace_reference_synthetic,haggle_contacts_only,clustered_communities,clustered_communities,406,412,167272.0,355.69,361.44,128558.62,0.7685602979173068,36,95,5940.06,0.0005679372519010953,62.527,31.7934,5.2778,10,0.0278,0.9167,1,1.0,1,0.010526,1,0.027778,1522.19,377.6,1.7614,4.9551,0.3684,1.016,0.9201,0.0,0.4842,0.1893,yes,yes,yes,partial,no,PASS,,3357290277
SYN_clustered_communities_haggle_contacts_only_1588,1600,trace_reference_synthetic,haggle_contacts_only,clustered_communities,clustered_communities,416,414,172224.0,365.81,363.82,133086.36,0.7727515465658882,36,92,7016.85,0.0005341880341880342,75.45,35.1173,5.1111,10,0.0,0.9722,1,1.0,0,0.0,0,0.0,1520.92,493.5,1.8037,4.8496,0.3011,1.0537,0.9071,0.0,0.4348,0.1902,yes,yes,yes,partial,no,PASS,,2874249568
SYN_clustered_communities_haggle_contacts_only_1608,2000,trace_reference_synthetic,haggle_contacts_only,clustered_communities,clustered_communities,655,653,427715.0,604.89,602.2,364268.11,0.8516608206791996,36,86,7819.81,0.00020106846848953159,90.9281,52.3597,4.7778,10,0.0556,0.8056,1,1.0,2,0.023256,2,0.055556,2539.97,811.55,1.7044,4.5793,0.3023,1.0345,0.9401,0.0,0.5581,0.2148,yes,yes,yes,partial,no,PASS,,2279001577
SYN_clustered_communities_haggle_contacts_only_1629,2000,trace_reference_synthetic,haggle_contacts_only,clustered_communities,clustered_communities,655,660,432300.0,604.91,609.61,368759.97,0.8530186726261165,36,90,8101.9,0.00020818875780707842,90.0211,57.2872,5.0,10,0.0556,0.8611,1,1.0,2,0.022222,1,0.027778,2551.05,889.15,1.617,4.8844,0.3,1.1287,0.9067,0.0,0.5333,0.2052,yes,yes,yes,partial,no,PASS,,3325031991
SYN_clustered_communities_haggle_contacts_only_1649,2000,trace_reference_synthetic,haggle_contacts_only,clustered_communities,clustered_communities,668,650,434200.0,617.14,599.34,369876.04,0.8518563804562244,36,94,9988.55,0.00021649009672961768,106.2612,55.5452,5.2222,10,0.0,0.9722,1,1.0,0,0.0,0,0.0,2542.11,801.98,1.6627,4.784,0.3191,1.021,0.9129,0.0,0.4149,0.1862,yes,yes,yes,partial,no,PASS,,631578066
SYN_clustered_communities_haggle_contacts_only_1666,2000,trace_reference_synthetic,haggle_contacts_only,clustered_communities,clustered_communities,661,664,438904.0,610.53,613.38,374486.85,0.8532317981445008,36,102,11910.76,0.00023239706177205038,116.7722,60.3407,5.6667,10,0.0,0.9722,1,1.0,0,0.0,0,0.0,2553.1,739.5,1.6422,4.9039,0.3137,1.0235,0.9138,0.0,0.4118,0.1716,yes,yes,yes,partial,no,PASS,,2101297996
SYN_clustered_communities_haggle_contacts_only_1695,2000,trace_reference_synthetic,haggle_contacts_only,clustered_communities,clustered_communities,199,199,39601.0,148.66,148.1,22016.04,0.5559466776920815,36,111,2371.78,0.0028029595212242116,21.3674,15.1507,6.1667,10,0.0,1.0,1,1.0,0,0.0,0,0.0,617.33,179.01,1.6601,4.9531,0.3333,1.099,0.9044,0.0,0.5405,0.1577,yes,yes,yes,partial,no,PASS,,3184226039
SYN_clustered_communities_haggle_contacts_only_1720,2000,trace_reference_synthetic,haggle_contacts_only,clustered_communities,clustered_communities,193,198,38214.0,142.59,147.07,20971.33,0.548786538161969,36,119,2383.61,0.003114041974145601,20.0303,13.2476,6.6111,10,0.0,1.0,1,1.0,0,0.0,0,0.0,618.25,160.5,1.5282,4.9258,0.3529,1.1184,0.8973,0.0,0.6303,0.1471,yes,yes,yes,partial,no,PASS,,3078479034
SYN_clustered_communities_haggle_contacts_only_1747,2000,trace_reference_synthetic,haggle_contacts_only,clustered_communities,clustered_communities,194,197,38218.0,143.45,146.28,20984.43,0.5490718733334142,36,116,2790.53,0.003035219006750746,24.0563,14.1875,6.4444,10,0.0,1.0,1,1.0,0,0.0,0,0.0,850.35,198.05,1.6938,4.9497,0.2845,1.0499,0.9279,0.0,0.5172,0.1509,yes,yes,yes,partial,no,PASS,,2596875749
SYN_clustered_communities_haggle_contacts_only_1775,2000,trace_reference_synthetic,haggle_contacts_only,clustered_communities,clustered_communities,195,197,38415.0,144.52,146.42,21161.55,0.5508668404094579,36,128,3121.13,0.0033320317584276974,24.3838,13.0829,7.1111,10,0.0,1.0,1,1.0,0,0.0,0,0.0,611.66,183.06,1.7471,4.9653,0.2891,1.0294,0.9243,0.0,0.5547,0.1367,yes,yes,yes,partial,no,PASS,,3629724754
SYN_clustered_communities_haggle_contacts_only_1811,2000,trace_reference_synthetic,haggle_contacts_only,clustered_communities,clustered_communities,296,295,87320.0,245.68,244.9,60166.37,0.689033081893582,36,109,3723.49,0.0012482821804855704,34.1605,23.2513,6.0556,10,0.0,1.0,1,1.0,0,0.0,0,0.0,1012.19,304.24,1.7981,4.9458,0.3394,1.1256,0.9128,0.0,0.5688,0.1606,yes,yes,yes,partial,no,PASS,,4261753263
SYN_clustered_communities_haggle_contacts_only_1836,2000,trace_reference_synthetic,haggle_contacts_only,clustered_communities,clustered_communities,293,294,86142.0,242.02,243.05,58823.48,0.6828664668126917,36,123,4214.91,0.0014278749042279028,34.2676,23.2684,6.8333,10,0.0,1.0,1,1.0,0,0.0,0,0.0,1016.57,379.72,1.5855,4.8168,0.3252,1.1343,0.93,0.0,0.6016,0.1423,yes,yes,yes,partial,no,PASS,,3899152612
SYN_clustered_communities_haggle_contacts_only_1863,2000,trace_reference_synthetic,haggle_contacts_only,clustered_communities,clustered_communities,295,294,86730.0,244.47,243.68,59572.99,0.6868786693561384,36,117,4614.51,0.001349014181943964,39.4403,24.6781,6.5,10,0.0,1.0,1,1.0,0,0.0,0,0.0,1019.76,320.9,1.5106,4.9844,0.3419,1.0322,0.9062,0.0,0.547,0.1496,yes,yes,yes,partial,no,PASS,,1698497870
SYN_clustered_communities_haggle_contacts_only_1891,2000,trace_reference_synthetic,haggle_contacts_only,clustered_communities,clustered_communities,298,297,88506.0,247.73,246.54,61077.06,0.6900894389287282,36,116,5587.5,0.0013106456059476194,47.7564,26.3538,6.4444,10,0.0,1.0,1,1.0,0,0.0,0,0.0,1016.14,331.43,1.7321,4.7486,0.3419,1.0924,0.9105,0.0,0.3966,0.1509,yes,yes,yes,partial,no,PASS,,414505725
SYN_clustered_communities_haggle_contacts_only_1923,2000,trace_reference_synthetic,haggle_contacts_only,clustered_communities,clustered_communities,409,414,169326.0,358.51,363.55,130336.64,0.7697378743027938,36,116,6284.46,0.0006850690384229239,54.1764,37.3177,6.4444,10,0.0,1.0,1,1.0,0,0.0,0,0.0,1533.41,544.67,1.6293,4.87,0.3707,1.0407,0.9078,0.0,0.5431,0.1509,yes,yes,yes,partial,no,PASS,,288871212
SYN_clustered_communities_haggle_contacts_only_1951,2000,trace_reference_synthetic,haggle_contacts_only,clustered_communities,clustered_communities,420,421,176820.0,369.93,370.18,136943.54,0.7744799036513159,36,110,5813.01,0.0006221015722203371,52.8456,34.9816,6.1111,10,0.0,1.0,1,1.0,0,0.0,0,0.0,1547.06,466.42,1.664,4.9201,0.3182,1.1375,0.9096,0.0,0.5636,0.1591,yes,yes,yes,partial,no,PASS,,488075495
SYN_clustered_communities_haggle_contacts_only_1976,2000,trace_reference_synthetic,haggle_contacts_only,clustered_communities,clustered_communities,413,414,170982.0,362.3,363.76,131789.36,0.7707791285863533,36,124,6956.24,0.0007252225380449404,56.0987,32.4023,6.8889,10,0.0,1.0,1,1.0,0,0.0,0,0.0,1546.57,448.72,1.6456,4.8307,0.3468,1.0657,0.9108,0.0,0.4516,0.1411,yes,yes,yes,partial,no,PASS,,3825852827
SYN_conference_event_compact_infocom_2006_trace_0011,100,trace_reference_synthetic,infocom_2006_trace,conference_event_compact,conference_event_compact,200,72,14400.0,150.0,22.0,3300.0,0.22916666666666666,28,25,416.0,0.001736111111111111,16.64,11.0,1.7857,4,0.6429,0.2857,3,0.4286,25,1.0,10,0.357143,82.0,39.28,1.3301,0.9427,1.0,34.6333,0.5871,1.0,0.92,0.8333,yes,partial,partial,no,no,STRESS,,602053292
SYN_conference_event_compact_infocom_2006_trace_0064,100,trace_reference_synthetic,infocom_2006_trace,conference_event_compact,conference_event_compact,200,76,15200.0,150.0,26.0,3900.0,0.2565789473684211,28,25,448.0,0.001644736842105263,17.92,13.0,1.7857,4,0.6429,0.2857,3,0.4286,25,1.0,10,0.357143,86.0,39.75,1.3801,0.9427,1.0,24.7966,0.5921,1.0,0.92,0.8333,yes,partial,partial,no,no,STRESS,,3756223596
SYN_conference_event_compact_infocom_2006_trace_0125,200,trace_reference_synthetic,infocom_2006_trace,conference_event_compact,conference_event_compact,290,72,20880.0,240.0,22.0,5280.0,0.25287356321839083,42,38,639.0,0.0018199233716475096,16.8158,11.0,1.8095,4,0.619,0.2857,4,0.2857,38,1.0,16,0.380952,82.0,42.22,1.3449,0.9495,1.0,83.4452,0.4437,1.0,0.9737,0.8333,yes,partial,partial,no,no,STRESS,,1926446981
SYN_conference_event_compact_infocom_2006_trace_0182,200,trace_reference_synthetic,infocom_2006_trace,conference_event_compact,conference_event_compact,380,72,27360.0,330.0,22.0,7260.0,0.26535087719298245,56,51,862.0,0.0018640350877192982,16.902,11.0,1.8214,4,0.6071,0.2857,5,0.2143,51,1.0,22,0.392857,82.0,40.38,1.2949,0.9526,1.0,151.782,0.4635,1.0,0.9804,0.8333,yes,partial,partial,no,no,STRESS,,2232383800
SYN_conference_event_compact_infocom_2006_trace_0236,400,trace_reference_synthetic,infocom_2006_trace,conference_event_compact,conference_event_compact,380,76,28880.0,330.0,26.0,8580.0,0.29709141274238227,56,51,926.0,0.0017659279778393351,18.1569,13.0,1.8214,4,0.6071,0.2857,5,0.2143,51,1.0,22,0.392857,86.0,50.88,1.4703,0.9526,1.0,108.6723,0.4662,1.0,0.9804,0.8333,yes,partial,partial,no,no,STRESS,,4175115883
SYN_conference_event_compact_infocom_2006_trace_0289,400,trace_reference_synthetic,infocom_2006_trace,conference_event_compact,conference_event_compact,470,72,33840.0,420.0,22.0,9240.0,0.2730496453900709,70,64,1085.0,0.0018912529550827422,16.9531,11.0,1.8286,4,0.6,0.2857,6,0.1714,64,1.0,28,0.4,82.0,58.28,1.2108,0.9544,1.0,239.6436,0.4316,1.0,0.9844,0.8333,yes,partial,partial,no,no,STRESS,,2090268157
SYN_conference_event_compact_infocom_2006_trace_0353,400,trace_reference_synthetic,infocom_2006_trace,conference_event_compact,conference_event_compact,220,72,15840.0,170.0,22.0,3740.0,0.2361111111111111,28,25,436.0,0.0015782828282828283,17.44,11.0,1.7857,4,0.6429,0.2857,3,0.4286,25,1.0,10,0.357143,82.0,31.64,1.3825,0.9427,1.0,49.0961,0.658,1.0,0.92,0.8333,yes,partial,partial,no,no,STRESS,,1197344038
SYN_conference_event_compact_infocom_2006_trace_0402,600,trace_reference_synthetic,infocom_2006_trace,conference_event_compact,conference_event_compact,220,76,16720.0,170.0,26.0,4420.0,0.26435406698564595,28,25,468.0,0.0014952153110047847,18.72,13.0,1.7857,4,0.6429,0.2857,3,0.4286,25,1.0,10,0.357143,86.0,38.67,1.4111,0.9427,1.0,35.1516,0.6607,1.0,0.92,0.8333,yes,partial,partial,no,no,STRESS,,3235601441
SYN_conference_event_compact_infocom_2006_trace_0453,600,trace_reference_synthetic,infocom_2006_trace,conference_event_compact,conference_event_compact,330,72,23760.0,280.0,22.0,6160.0,0.25925925925925924,42,38,679.0,0.0015993265993265993,17.8684,11.0,1.8095,4,0.619,0.2857,4,0.2857,38,1.0,16,0.380952,82.0,43.75,1.3778,0.9495,1.0,122.0127,0.4281,1.0,1.0,0.8333,yes,partial,partial,no,no,STRESS,,2311090661
SYN_conference_event_compact_infocom_2006_trace_0516,600,trace_reference_synthetic,infocom_2006_trace,conference_event_compact,conference_event_compact,440,72,31680.0,390.0,22.0,8580.0,0.2708333333333333,56,51,922.0,0.0016098484848484848,18.0784,11.0,1.8214,4,0.6071,0.2857,5,0.2143,51,1.0,22,0.392857,82.0,51.33,1.3038,0.9526,1.0,224.0961,0.4748,1.0,0.9804,0.8333,yes,partial,partial,no,no,STRESS,,3455747495
SYN_conference_event_compact_infocom_2006_trace_0559,600,trace_reference_synthetic,infocom_2006_trace,conference_event_compact,conference_event_compact,440,76,33440.0,390.0,26.0,10140.0,0.30322966507177035,56,51,986.0,0.0015251196172248803,19.3333,13.0,1.8214,4,0.6071,0.2857,5,0.2143,51,1.0,22,0.392857,86.0,44.94,1.3242,0.9526,1.0,160.4475,0.4765,1.0,0.9804,0.8333,yes,partial,partial,no,no,STRESS,,2404339870
SYN_conference_event_compact_infocom_2006_trace_0609,800,trace_reference_synthetic,infocom_2006_trace,conference_event_compact,conference_event_compact,550,72,39600.0,500.0,22.0,11000.0,0.2777777777777778,70,64,1165.0,0.0016161616161616162,18.2031,11.0,1.8286,4,0.6,0.2857,6,0.1714,64,1.0,28,0.4,82.0,52.59,1.3551,0.9544,1.0,355.3461,0.4254,1.0,0.9844,0.8333,yes,partial,partial,no,no,STRESS,,3762875473
SYN_conference_event_compact_infocom_2006_trace_0663,800,trace_reference_synthetic,infocom_2006_trace,conference_event_compact,conference_event_compact,250,72,18000.0,200.0,22.0,4400.0,0.24444444444444444,28,25,466.0,0.001388888888888889,18.64,11.0,1.7857,4,0.6429,0.2857,3,0.4286,25,1.0,10,0.357143,82.0,35.06,1.3825,0.9427,1.0,76.2138,0.7289,1.0,0.92,0.8333,yes,partial,partial,no,no,STRESS,,821035776
SYN_conference_event_compact_infocom_2006_trace_0722,800,trace_reference_synthetic,infocom_2006_trace,conference_event_compact,conference_event_compact,250,76,19000.0,200.0,26.0,5200.0,0.2736842105263158,28,25,498.0,0.0013157894736842105,19.92,13.0,1.7857,4,0.6429,0.2857,3,0.4286,25,1.0,10,0.357143,86.0,45.91,1.4193,0.9427,1.0,54.5673,0.7302,1.0,0.92,0.8333,yes,partial,partial,no,no,STRESS,,2086703880
SYN_conference_event_compact_infocom_2006_trace_0773,800,trace_reference_synthetic,infocom_2006_trace,conference_event_compact,conference_event_compact,390,72,28080.0,340.0,22.0,7480.0,0.26638176638176636,42,38,739.0,0.0013532763532763533,19.4474,11.0,1.8095,4,0.619,0.2857,4,0.2857,38,1.0,16,0.380952,82.0,57.41,1.2942,0.9495,1.0,194.3268,0.4082,1.0,0.9737,0.8333,yes,partial,partial,no,no,STRESS,,1883520875
SYN_conference_event_compact_infocom_2006_trace_0825,1000,trace_reference_synthetic,infocom_2006_trace,conference_event_compact,conference_event_compact,530,72,38160.0,480.0,22.0,10560.0,0.27672955974842767,56,51,1012.0,0.0013364779874213836,19.8431,11.0,1.8214,4,0.6071,0.2857,5,0.2143,51,1.0,22,0.392857,82.0,59.53,1.2572,0.9526,1.0,359.6849,0.4841,1.0,0.9804,0.8333,yes,partial,partial,no,no,STRESS,,4169309655
SYN_conference_event_compact_infocom_2006_trace_0870,1000,trace_reference_synthetic,infocom_2006_trace,conference_event_compact,conference_event_compact,530,76,40280.0,480.0,26.0,12480.0,0.3098311817279047,56,51,1076.0,0.001266137040714995,21.098,13.0,1.8214,4,0.6071,0.2857,5,0.2143,51,1.0,22,0.392857,86.0,48.91,1.4445,0.9526,1.0,257.5259,0.4851,1.0,0.9804,0.8333,yes,partial,partial,no,no,STRESS,,2684854126
SYN_conference_event_compact_infocom_2006_trace_0937,1000,trace_reference_synthetic,infocom_2006_trace,conference_event_compact,conference_event_compact,670,72,48240.0,620.0,22.0,13640.0,0.2827529021558872,70,64,1285.0,0.0013266998341625207,20.0781,11.0,1.8286,4,0.6,0.2857,6,0.1714,64,1.0,28,0.4,82.0,62.62,1.3514,0.9544,1.0,572.2882,0.4178,1.0,0.9688,0.8333,yes,partial,partial,no,no,STRESS,,3250092437
SYN_conference_event_compact_infocom_2006_trace_0983,1000,trace_reference_synthetic,infocom_2006_trace,conference_event_compact,conference_event_compact,240,76,18240.0,190.0,25.33,4813.33,0.26388889583333325,28,25,512.67,0.0013706140350877192,20.5067,12.6667,1.7857,4,0.6429,0.2857,3,0.4286,25,1.0,10,0.357143,105.33,48.76,1.305,0.9427,1.0,40.1619,0.5486,1.0,0.88,0.8333,yes,partial,partial,no,no,STRESS,,3448273940
SYN_conference_event_compact_infocom_2006_trace_1040,1200,trace_reference_synthetic,infocom_2006_trace,conference_event_compact,conference_event_compact,240,80,19200.0,190.0,29.33,5573.33,0.29027778437499996,28,25,544.67,0.0013020833333333333,21.7867,14.6667,1.7857,4,0.6429,0.2857,3,0.4286,25,1.0,10,0.357143,109.33,46.47,1.5051,0.9427,1.0,29.9554,0.553,1.0,0.88,0.8333,yes,partial,partial,no,no,STRESS,,1966943725
SYN_conference_event_compact_infocom_2006_trace_1092,1200,trace_reference_synthetic,infocom_2006_trace,conference_event_compact,conference_event_compact,350,76,26600.0,300.0,25.33,7600.0,0.2857142932330826,42,38,784.0,0.0014285714285714286,20.6316,12.6667,1.8095,4,0.619,0.2857,4,0.2857,38,1.0,16,0.380952,105.33,50.44,1.3211,0.9495,1.0,95.1523,0.4443,1.0,0.9737,0.8333,yes,partial,partial,no,no,STRESS,,3890442513
SYN_conference_event_compact_infocom_2006_trace_1141,1200,trace_reference_synthetic,infocom_2006_trace,conference_event_compact,conference_event_compact,460,76,34960.0,410.0,25.33,10386.67,0.2971014570938214,56,51,1055.33,0.0014588100686498855,20.6928,12.6667,1.8214,4,0.6071,0.2857,5,0.2143,51,1.0,22,0.392857,105.33,67.53,1.3291,0.9526,1.0,172.139,0.4552,1.0,0.9804,0.8333,yes,partial,partial,no,no,STRESS,,3382507919
SYN_conference_event_compact_infocom_2006_trace_1189,1200,trace_reference_synthetic,infocom_2006_trace,conference_event_compact,conference_event_compact,460,80,36800.0,410.0,29.33,12026.67,0.3268116016304347,56,51,1119.33,0.0013858695652173912,21.9477,14.6667,1.8214,4,0.6071,0.2857,5,0.2143,51,1.0,22,0.392857,109.33,65.6,1.3584,0.9526,1.0,128.3929,0.4574,1.0,0.9804,0.8333,yes,partial,partial,no,no,STRESS,,1294936557
SYN_conference_event_compact_infocom_2006_trace_1235,1600,trace_reference_synthetic,infocom_2006_trace,conference_event_compact,conference_event_compact,570,76,43320.0,520.0,25.33,13173.33,0.3040935752539242,70,64,1326.67,0.0014773776546629731,20.7292,12.6667,1.8286,4,0.6,0.2857,6,0.1714,64,1.0,28,0.4,105.33,69.09,1.2752,0.9544,1.0,271.1219,0.4317,1.0,0.9688,0.8333,yes,partial,partial,no,no,STRESS,,2846477485
SYN_conference_event_compact_infocom_2006_trace_1301,1600,trace_reference_synthetic,infocom_2006_trace,conference_event_compact,conference_event_compact,260,76,19760.0,210.0,25.33,5320.0,0.2692307763157894,28,25,532.67,0.0012651821862348178,21.3067,12.6667,1.7857,4,0.6429,0.2857,3,0.4286,25,1.0,10,0.357143,105.33,46.08,1.3058,0.9427,1.0,53.2505,0.614,1.0,0.92,0.8333,yes,partial,partial,no,no,STRESS,,513293278
SYN_conference_event_compact_infocom_2006_trace_1348,1600,trace_reference_synthetic,infocom_2006_trace,conference_event_compact,conference_event_compact,260,80,20800.0,210.0,29.33,6160.0,0.2961538528846153,28,25,564.67,0.001201923076923077,22.5867,14.6667,1.7857,4,0.6429,0.2857,3,0.4286,25,1.0,10,0.357143,109.33,45.93,1.4056,0.9427,1.0,39.7178,0.6167,1.0,0.92,0.8333,yes,partial,partial,no,no,STRESS,,3382249783
SYN_conference_event_compact_infocom_2006_trace_1396,1600,trace_reference_synthetic,infocom_2006_trace,conference_event_compact,conference_event_compact,390,76,29640.0,340.0,25.33,8613.33,0.29059829824561395,42,38,824.0,0.001282051282051282,21.6842,12.6667,1.8095,4,0.619,0.2857,4,0.2857,38,1.0,16,0.380952,105.33,47.71,1.2945,0.9495,1.0,130.0554,0.4331,1.0,0.9737,0.8333,yes,partial,partial,no,no,STRESS,,360382635
SYN_conference_event_compact_infocom_2006_trace_1455,1600,trace_reference_synthetic,infocom_2006_trace,conference_event_compact,conference_event_compact,520,76,39520.0,470.0,25.33,11906.67,0.3012820592105262,56,51,1115.33,0.0012904858299595142,21.8693,12.6667,1.8214,4,0.6071,0.2857,5,0.2143,51,1.0,22,0.392857,105.33,59.52,1.2851,0.9526,1.0,237.5822,0.467,1.0,0.9804,0.8333,yes,partial,partial,no,no,STRESS,,686441372
SYN_conference_event_compact_infocom_2006_trace_1507,1600,trace_reference_synthetic,infocom_2006_trace,conference_event_compact,conference_event_compact,520,80,41600.0,470.0,29.33,13786.67,0.3314102639423076,56,51,1179.33,0.0012259615384615384,23.1242,14.6667,1.8214,4,0.6071,0.2857,5,0.2143,51,1.0,22,0.392857,109.33,66.91,1.3139,0.9526,1.0,177.2049,0.4685,1.0,0.9804,0.8333,yes,partial,partial,no,no,STRESS,,3951704207
SYN_conference_event_compact_infocom_2006_trace_1570,1600,trace_reference_synthetic,infocom_2006_trace,conference_event_compact,conference_event_compact,650,76,49400.0,600.0,25.33,15200.0,0.3076923157894736,70,64,1406.67,0.0012955465587044534,21.9792,12.6667,1.8286,4,0.6,0.2857,6,0.1714,64,1.0,28,0.4,105.33,58.67,1.329,0.9544,1.0,375.831,0.4272,1.0,0.9844,0.8333,yes,partial,partial,no,no,STRESS,,390391668
SYN_conference_event_compact_infocom_2006_trace_1610,2000,trace_reference_synthetic,infocom_2006_trace,conference_event_compact,conference_event_compact,290,76,22040.0,240.0,25.33,6080.0,0.2758620762250453,28,25,562.67,0.001134301270417423,22.5067,12.6667,1.7857,4,0.6429,0.2857,3,0.4286,25,1.0,10,0.357143,105.33,51.2,1.4321,0.9427,1.0,76.9737,0.6839,1.0,0.92,0.8333,yes,partial,partial,no,no,STRESS,,3558145940
SYN_conference_event_compact_infocom_2006_trace_1650,2000,trace_reference_synthetic,infocom_2006_trace,conference_event_compact,conference_event_compact,290,80,23200.0,240.0,29.33,7040.0,0.3034482827586206,28,25,594.67,0.0010775862068965517,23.7867,14.6667,1.7857,4,0.6429,0.2857,3,0.4286,25,1.0,10,0.357143,109.33,51.54,1.3443,0.9427,1.0,57.4122,0.6853,1.0,0.92,0.8333,yes,partial,partial,no,no,STRESS,,2865164251
SYN_conference_event_compact_infocom_2006_trace_1697,2000,trace_reference_synthetic,infocom_2006_trace,conference_event_compact,conference_event_compact,450,76,34200.0,400.0,25.33,10133.33,0.2962963040935672,42,38,884.0,0.0011111111111111111,23.2632,12.6667,1.8095,4,0.619,0.2857,4,0.2857,38,1.0,16,0.380952,105.33,54.55,1.3971,0.9495,1.0,193.3172,0.417,1.0,1.0,0.8333,yes,partial,partial,no,no,STRESS,,4220814791
SYN_conference_event_compact_infocom_2006_trace_1751,2000,trace_reference_synthetic,infocom_2006_trace,conference_event_compact,conference_event_compact,610,76,46360.0,560.0,25.33,14186.67,0.30601093701466775,56,51,1205.33,0.001100086281276963,23.634,12.6667,1.8214,4,0.6071,0.2857,5,0.2143,51,1.0,22,0.392857,105.33,49.35,1.3224,0.9526,1.0,356.198,0.4777,1.0,0.9804,0.8333,yes,partial,partial,no,no,STRESS,,3958708452
SYN_conference_event_compact_infocom_2006_trace_1815,2000,trace_reference_synthetic,infocom_2006_trace,conference_event_compact,conference_event_compact,610,80,48800.0,560.0,29.33,16426.67,0.33661202950819663,56,51,1269.33,0.0010450819672131147,24.8889,14.6667,1.8214,4,0.6071,0.2857,5,0.2143,51,1.0,22,0.392857,109.33,55.0,1.3756,0.9526,1.0,265.6766,0.4786,1.0,0.9804,0.8333,yes,partial,partial,no,no,STRESS,,2994211393
SYN_conference_event_compact_infocom_2006_trace_1866,2000,trace_reference_synthetic,infocom_2006_trace,conference_event_compact,conference_event_compact,770,76,58520.0,720.0,25.33,18240.0,0.3116883198906356,70,64,1526.67,0.0010936431989063567,23.8542,12.6667,1.8286,4,0.6,0.2857,6,0.1714,64,1.0,28,0.4,105.33,67.52,1.3189,0.9544,1.0,565.6163,0.421,1.0,0.9844,0.8333,yes,partial,partial,no,no,STRESS,,3736600584
SYN_conference_event_compact_infocom_2006_trace_1924,2000,trace_reference_synthetic,infocom_2006_trace,conference_event_compact,conference_event_compact,280,79,22120.0,230.0,28.67,6593.33,0.29807112025316457,28,25,609.33,0.0011301989150090416,24.3733,14.3333,1.7857,4,0.6429,0.2857,3,0.4286,25,1.0,10,0.357143,128.67,58.85,1.3007,0.9427,1.0,44.7353,0.5218,1.0,0.88,0.8333,yes,partial,partial,no,no,STRESS,,4093101397
SYN_conference_event_compact_infocom_2006_trace_1977,2000,trace_reference_synthetic,infocom_2006_trace,conference_event_compact,conference_event_compact,280,83,23240.0,230.0,32.67,7513.33,0.3232931660929431,28,25,641.33,0.0010757314974182443,25.6533,16.3333,1.7857,4,0.6429,0.2857,3,0.4286,25,1.0,10,0.357143,132.67,61.13,1.3429,0.9427,1.0,34.4505,0.5258,1.0,0.88,0.8333,yes,partial,partial,no,no,STRESS,,3165642278
SYN_conference_event_compact_infocom_event_compact_0040,100,trace_reference_synthetic,infocom_event_compact,conference_event_compact,conference_event_compact,200,72,14400.0,150.0,22.0,3300.0,0.22916666666666666,28,25,416.0,0.001736111111111111,16.64,11.0,1.7857,4,0.6429,0.2857,3,0.4286,25,1.0,10,0.357143,82.0,36.83,1.3345,0.9427,1.0,34.6333,0.5871,1.0,0.92,0.8333,yes,partial,partial,no,no,STRESS,,244020572
SYN_conference_event_compact_infocom_event_compact_0096,100,trace_reference_synthetic,infocom_event_compact,conference_event_compact,conference_event_compact,290,72,20880.0,240.0,22.0,5280.0,0.25287356321839083,42,38,639.0,0.0018199233716475096,16.8158,11.0,1.8095,4,0.619,0.2857,4,0.2857,38,1.0,16,0.380952,82.0,44.14,1.3921,0.9495,1.0,83.4452,0.4437,1.0,0.9737,0.8333,yes,partial,partial,no,no,STRESS,,1677262135
SYN_conference_event_compact_infocom_event_compact_0157,200,trace_reference_synthetic,infocom_event_compact,conference_event_compact,conference_event_compact,290,76,22040.0,240.0,26.0,6240.0,0.2831215970961887,42,38,687.0,0.0017241379310344827,18.0789,13.0,1.8095,4,0.619,0.2857,4,0.2857,38,1.0,16,0.380952,86.0,45.55,1.4086,0.9495,1.0,59.7448,0.4507,1.0,0.8947,0.8333,yes,partial,partial,no,no,STRESS,,3580352621
SYN_conference_event_compact_infocom_event_compact_0210,400,trace_reference_synthetic,infocom_event_compact,conference_event_compact,conference_event_compact,380,72,27360.0,330.0,22.0,7260.0,0.26535087719298245,56,51,862.0,0.0018640350877192982,16.902,11.0,1.8214,4,0.6071,0.2857,5,0.2143,51,1.0,22,0.392857,82.0,47.95,1.3489,0.9526,1.0,151.782,0.4635,1.0,0.9804,0.8333,yes,partial,partial,no,no,STRESS,,274203689
SYN_conference_event_compact_infocom_event_compact_0263,400,trace_reference_synthetic,infocom_event_compact,conference_event_compact,conference_event_compact,470,72,33840.0,420.0,22.0,9240.0,0.2730496453900709,70,64,1085.0,0.0018912529550827422,16.9531,11.0,1.8286,4,0.6,0.2857,6,0.1714,64,1.0,28,0.4,82.0,52.94,1.307,0.9544,1.0,239.6436,0.4316,1.0,0.9844,0.8333,yes,partial,partial,no,no,STRESS,,761451379
SYN_conference_event_compact_infocom_event_compact_0326,400,trace_reference_synthetic,infocom_event_compact,conference_event_compact,conference_event_compact,470,76,35720.0,420.0,26.0,10920.0,0.3057110862262038,70,64,1165.0,0.0017917133258678612,18.2031,13.0,1.8286,4,0.6,0.2857,6,0.1714,64,1.0,28,0.4,86.0,45.27,1.3018,0.9544,1.0,171.5791,0.4347,1.0,0.9844,0.8333,yes,partial,partial,no,no,STRESS,,2866000456
SYN_conference_event_compact_infocom_event_compact_0383,400,trace_reference_synthetic,infocom_event_compact,conference_event_compact,conference_event_compact,220,72,15840.0,170.0,22.0,3740.0,0.2361111111111111,28,25,436.0,0.0015782828282828283,17.44,11.0,1.7857,4,0.6429,0.2857,3,0.4286,25,1.0,10,0.357143,82.0,42.06,1.4152,0.9427,1.0,49.0961,0.658,1.0,0.92,0.8333,yes,partial,partial,no,no,STRESS,,2403788593
SYN_conference_event_compact_infocom_event_compact_0425,600,trace_reference_synthetic,infocom_event_compact,conference_event_compact,conference_event_compact,330,72,23760.0,280.0,22.0,6160.0,0.25925925925925924,42,38,679.0,0.0015993265993265993,17.8684,11.0,1.8095,4,0.619,0.2857,4,0.2857,38,1.0,16,0.380952,82.0,40.67,1.2993,0.9495,1.0,122.0127,0.4281,1.0,1.0,0.8333,yes,partial,partial,no,no,STRESS,,2271460672
SYN_conference_event_compact_infocom_event_compact_0478,600,trace_reference_synthetic,infocom_event_compact,conference_event_compact,conference_event_compact,330,76,25080.0,280.0,26.0,7280.0,0.2902711323763955,42,38,727.0,0.0015151515151515152,19.1316,13.0,1.8095,4,0.619,0.2857,4,0.2857,38,1.0,16,0.380952,86.0,45.61,1.3781,0.9495,1.0,87.3582,0.4341,1.0,0.9211,0.8333,yes,partial,partial,no,no,STRESS,,1681303475
SYN_conference_event_compact_infocom_event_compact_0536,600,trace_reference_synthetic,infocom_event_compact,conference_event_compact,conference_event_compact,440,72,31680.0,390.0,22.0,8580.0,0.2708333333333333,56,51,922.0,0.0016098484848484848,18.0784,11.0,1.8214,4,0.6071,0.2857,5,0.2143,51,1.0,22,0.392857,82.0,39.52,1.376,0.9526,1.0,224.0961,0.4748,1.0,0.9804,0.8333,yes,partial,partial,no,no,STRESS,,2514966681
SYN_conference_event_compact_infocom_event_compact_0583,600,trace_reference_synthetic,infocom_event_compact,conference_event_compact,conference_event_compact,550,72,39600.0,500.0,22.0,11000.0,0.2777777777777778,70,64,1165.0,0.0016161616161616162,18.2031,11.0,1.8286,4,0.6,0.2857,6,0.1714,64,1.0,28,0.4,82.0,75.58,1.4065,0.9544,1.0,355.3461,0.4254,1.0,0.9844,0.8333,yes,partial,partial,no,no,STRESS,,1073000197
SYN_conference_event_compact_infocom_event_compact_0636,800,trace_reference_synthetic,infocom_event_compact,conference_event_compact,conference_event_compact,550,76,41800.0,500.0,26.0,13000.0,0.31100478468899523,70,64,1245.0,0.0015311004784688996,19.4531,13.0,1.8286,4,0.6,0.2857,6,0.1714,64,1.0,28,0.4,86.0,50.28,1.4003,0.9544,1.0,254.4194,0.4279,1.0,0.9844,0.8333,yes,partial,partial,no,no,STRESS,,1718247234
SYN_conference_event_compact_infocom_event_compact_0692,800,trace_reference_synthetic,infocom_event_compact,conference_event_compact,conference_event_compact,250,72,18000.0,200.0,22.0,4400.0,0.24444444444444444,28,25,466.0,0.001388888888888889,18.64,11.0,1.7857,4,0.6429,0.2857,3,0.4286,25,1.0,10,0.357143,82.0,37.69,1.3695,0.9427,1.0,76.2138,0.7289,1.0,0.92,0.8333,yes,partial,partial,no,no,STRESS,,2393819729
SYN_conference_event_compact_infocom_event_compact_0747,800,trace_reference_synthetic,infocom_event_compact,conference_event_compact,conference_event_compact,390,72,28080.0,340.0,22.0,7480.0,0.26638176638176636,42,38,739.0,0.0013532763532763533,19.4474,11.0,1.8095,4,0.619,0.2857,4,0.2857,38,1.0,16,0.380952,82.0,43.12,1.2811,0.9495,1.0,194.3268,0.4082,1.0,0.9737,0.8333,yes,partial,partial,no,no,STRESS,,2341613980
SYN_conference_event_compact_infocom_event_compact_0802,1000,trace_reference_synthetic,infocom_event_compact,conference_event_compact,conference_event_compact,390,76,29640.0,340.0,26.0,8840.0,0.2982456140350877,42,38,787.0,0.001282051282051282,20.7105,13.0,1.8095,4,0.619,0.2857,4,0.2857,38,1.0,16,0.380952,86.0,48.81,1.525,0.9495,1.0,139.1334,0.4131,1.0,0.9737,0.8333,yes,partial,partial,no,no,STRESS,,2692062359
SYN_conference_event_compact_infocom_event_compact_0845,1000,trace_reference_synthetic,infocom_event_compact,conference_event_compact,conference_event_compact,530,72,38160.0,480.0,22.0,10560.0,0.27672955974842767,56,51,1012.0,0.0013364779874213836,19.8431,11.0,1.8214,4,0.6071,0.2857,5,0.2143,51,1.0,22,0.392857,82.0,62.91,1.4873,0.9526,1.0,359.6849,0.4841,1.0,0.9804,0.8333,yes,partial,partial,no,no,STRESS,,3548209737
SYN_conference_event_compact_infocom_event_compact_0908,1000,trace_reference_synthetic,infocom_event_compact,conference_event_compact,conference_event_compact,670,72,48240.0,620.0,22.0,13640.0,0.2827529021558872,70,64,1285.0,0.0013266998341625207,20.0781,11.0,1.8286,4,0.6,0.2857,6,0.1714,64,1.0,28,0.4,82.0,89.33,1.3155,0.9544,1.0,572.2882,0.4178,1.0,0.9688,0.8333,yes,partial,partial,no,no,STRESS,,4059047474
SYN_conference_event_compact_infocom_event_compact_0960,1000,trace_reference_synthetic,infocom_event_compact,conference_event_compact,conference_event_compact,670,76,50920.0,620.0,26.0,16120.0,0.31657501963864887,70,64,1365.0,0.0012568735271013354,21.3281,13.0,1.8286,4,0.6,0.2857,6,0.1714,64,1.0,28,0.4,86.0,72.67,1.4196,0.9544,1.0,409.7448,0.4198,1.0,0.9688,0.8333,yes,partial,partial,no,no,STRESS,,990528340
SYN_conference_event_compact_infocom_event_compact_1012,1200,trace_reference_synthetic,infocom_event_compact,conference_event_compact,conference_event_compact,240,76,18240.0,190.0,25.33,4813.33,0.26388889583333325,28,25,512.67,0.0013706140350877192,20.5067,12.6667,1.7857,4,0.6429,0.2857,3,0.4286,25,1.0,10,0.357143,105.33,48.32,1.2951,0.9427,1.0,40.1619,0.5486,1.0,0.88,0.8333,yes,partial,partial,no,no,STRESS,,2210975517
SYN_conference_event_compact_infocom_event_compact_1060,1200,trace_reference_synthetic,infocom_event_compact,conference_event_compact,conference_event_compact,350,76,26600.0,300.0,25.33,7600.0,0.2857142932330826,42,38,784.0,0.0014285714285714286,20.6316,12.6667,1.8095,4,0.619,0.2857,4,0.2857,38,1.0,16,0.380952,105.33,47.04,1.3514,0.9495,1.0,95.1523,0.4443,1.0,0.9737,0.8333,yes,partial,partial,no,no,STRESS,,2596512680
SYN_conference_event_compact_infocom_event_compact_1121,1200,trace_reference_synthetic,infocom_event_compact,conference_event_compact,conference_event_compact,350,80,28000.0,300.0,29.33,8800.0,0.31428572142857136,42,38,832.0,0.0013571428571428571,21.8947,14.6667,1.8095,4,0.619,0.2857,4,0.2857,38,1.0,16,0.380952,109.33,53.35,1.3418,0.9495,1.0,70.9711,0.4496,1.0,0.9737,0.8333,yes,partial,partial,no,no,STRESS,,4060405362
SYN_conference_event_compact_infocom_event_compact_1168,1200,trace_reference_synthetic,infocom_event_compact,conference_event_compact,conference_event_compact,460,76,34960.0,410.0,25.33,10386.67,0.2971014570938214,56,51,1055.33,0.0014588100686498855,20.6928,12.6667,1.8214,4,0.6071,0.2857,5,0.2143,51,1.0,22,0.392857,105.33,50.76,1.306,0.9526,1.0,172.139,0.4552,1.0,0.9804,0.8333,yes,partial,partial,no,no,STRESS,,2187577044
SYN_conference_event_compact_infocom_event_compact_1211,1600,trace_reference_synthetic,infocom_event_compact,conference_event_compact,conference_event_compact,570,76,43320.0,520.0,25.33,13173.33,0.3040935752539242,70,64,1326.67,0.0014773776546629731,20.7292,12.6667,1.8286,4,0.6,0.2857,6,0.1714,64,1.0,28,0.4,105.33,65.51,1.3058,0.9544,1.0,271.1219,0.4317,1.0,0.9688,0.8333,yes,partial,partial,no,no,STRESS,,1340307696
SYN_conference_event_compact_infocom_event_compact_1264,1600,trace_reference_synthetic,infocom_event_compact,conference_event_compact,conference_event_compact,570,80,45600.0,520.0,29.33,15253.33,0.3345029315789473,70,64,1406.67,0.0014035087719298245,21.9792,14.6667,1.8286,4,0.6,0.2857,6,0.1714,64,1.0,28,0.4,109.33,70.02,1.392,0.9544,1.0,202.2211,0.4341,1.0,0.9688,0.8333,yes,partial,partial,no,no,STRESS,,2030510202
SYN_conference_event_compact_infocom_event_compact_1329,1600,trace_reference_synthetic,infocom_event_compact,conference_event_compact,conference_event_compact,260,76,19760.0,210.0,25.33,5320.0,0.2692307763157894,28,25,532.67,0.0012651821862348178,21.3067,12.6667,1.7857,4,0.6429,0.2857,3,0.4286,25,1.0,10,0.357143,105.33,43.59,1.3825,0.9427,1.0,53.2505,0.614,1.0,0.92,0.8333,yes,partial,partial,no,no,STRESS,,2956352723
SYN_conference_event_compact_infocom_event_compact_1373,1600,trace_reference_synthetic,infocom_event_compact,conference_event_compact,conference_event_compact,390,76,29640.0,340.0,25.33,8613.33,0.29059829824561395,42,38,824.0,0.001282051282051282,21.6842,12.6667,1.8095,4,0.619,0.2857,4,0.2857,38,1.0,16,0.380952,105.33,53.54,1.4018,0.9495,1.0,130.0554,0.4331,1.0,0.9737,0.8333,yes,partial,partial,no,no,STRESS,,2449296532
SYN_conference_event_compact_infocom_event_compact_1423,1600,trace_reference_synthetic,infocom_event_compact,conference_event_compact,conference_event_compact,390,80,31200.0,340.0,29.33,9973.33,0.3196581269230768,42,38,872.0,0.001217948717948718,22.9474,14.6667,1.8095,4,0.619,0.2857,4,0.2857,38,1.0,16,0.380952,109.33,50.27,1.349,0.9495,1.0,97.0041,0.4377,1.0,0.9737,0.8333,yes,partial,partial,no,no,STRESS,,3715628558
SYN_conference_event_compact_infocom_event_compact_1479,1600,trace_reference_synthetic,infocom_event_compact,conference_event_compact,conference_event_compact,520,76,39520.0,470.0,25.33,11906.67,0.3012820592105262,56,51,1115.33,0.0012904858299595142,21.8693,12.6667,1.8214,4,0.6071,0.2857,5,0.2143,51,1.0,22,0.392857,105.33,56.49,1.3464,0.9526,1.0,237.5822,0.467,1.0,0.9804,0.8333,yes,partial,partial,no,no,STRESS,,291841774
SYN_conference_event_compact_infocom_event_compact_1542,1600,trace_reference_synthetic,infocom_event_compact,conference_event_compact,conference_event_compact,650,76,49400.0,600.0,25.33,15200.0,0.3076923157894736,70,64,1406.67,0.0012955465587044534,21.9792,12.6667,1.8286,4,0.6,0.2857,6,0.1714,64,1.0,28,0.4,105.33,64.55,1.3661,0.9544,1.0,375.831,0.4272,1.0,0.9844,0.8333,yes,partial,partial,no,no,STRESS,,3384405456
SYN_conference_event_compact_infocom_event_compact_1589,1600,trace_reference_synthetic,infocom_event_compact,conference_event_compact,conference_event_compact,650,80,52000.0,600.0,29.33,17600.0,0.3384615461538461,70,64,1486.67,0.0012307692307692308,23.2292,14.6667,1.8286,4,0.6,0.2857,6,0.1714,64,1.0,28,0.4,109.33,65.72,1.3404,0.9544,1.0,280.3202,0.4292,1.0,0.9844,0.8333,yes,partial,partial,no,no,STRESS,,3713584845
SYN_conference_event_compact_infocom_event_compact_1630,2000,trace_reference_synthetic,infocom_event_compact,conference_event_compact,conference_event_compact,290,76,22040.0,240.0,25.33,6080.0,0.2758620762250453,28,25,562.67,0.001134301270417423,22.5067,12.6667,1.7857,4,0.6429,0.2857,3,0.4286,25,1.0,10,0.357143,105.33,47.2,1.3192,0.9427,1.0,76.9737,0.6839,1.0,0.92,0.8333,yes,partial,partial,no,no,STRESS,,1164452857
SYN_conference_event_compact_infocom_event_compact_1667,2000,trace_reference_synthetic,infocom_event_compact,conference_event_compact,conference_event_compact,450,76,34200.0,400.0,25.33,10133.33,0.2962963040935672,42,38,884.0,0.0011111111111111111,23.2632,12.6667,1.8095,4,0.619,0.2857,4,0.2857,38,1.0,16,0.380952,105.33,50.92,1.3703,0.9495,1.0,193.3172,0.417,1.0,1.0,0.8333,yes,partial,partial,no,no,STRESS,,695156675
SYN_conference_event_compact_infocom_event_compact_1724,2000,trace_reference_synthetic,infocom_event_compact,conference_event_compact,conference_event_compact,450,80,36000.0,400.0,29.33,11733.33,0.3259259333333333,42,38,932.0,0.0010555555555555555,24.5263,14.6667,1.8095,4,0.619,0.2857,4,0.2857,38,1.0,16,0.380952,109.33,51.19,1.3275,0.9495,1.0,144.189,0.4209,1.0,1.0,0.8333,yes,partial,partial,no,no,STRESS,,1463892657
SYN_conference_event_compact_infocom_event_compact_1777,2000,trace_reference_synthetic,infocom_event_compact,conference_event_compact,conference_event_compact,610,76,46360.0,560.0,25.33,14186.67,0.30601093701466775,56,51,1205.33,0.001100086281276963,23.634,12.6667,1.8214,4,0.6071,0.2857,5,0.2143,51,1.0,22,0.392857,105.33,61.89,1.3561,0.9526,1.0,356.198,0.4777,1.0,0.9804,0.8333,yes,partial,partial,no,no,STRESS,,1845661660
SYN_conference_event_compact_infocom_event_compact_1837,2000,trace_reference_synthetic,infocom_event_compact,conference_event_compact,conference_event_compact,770,76,58520.0,720.0,25.33,18240.0,0.3116883198906356,70,64,1526.67,0.0010936431989063567,23.8542,12.6667,1.8286,4,0.6,0.2857,6,0.1714,64,1.0,28,0.4,105.33,76.09,1.3309,0.9544,1.0,565.6163,0.421,1.0,0.9844,0.8333,yes,partial,partial,no,no,STRESS,,1325887323
SYN_conference_event_compact_infocom_event_compact_1899,2000,trace_reference_synthetic,infocom_event_compact,conference_event_compact,conference_event_compact,770,80,61600.0,720.0,29.33,21120.0,0.3428571506493506,70,64,1606.67,0.001038961038961039,25.1042,14.6667,1.8286,4,0.6,0.2857,6,0.1714,64,1.0,28,0.4,109.33,53.98,1.3284,0.9544,1.0,421.875,0.4226,1.0,0.9844,0.8333,yes,partial,partial,no,no,STRESS,,41077386
SYN_conference_event_compact_infocom_event_compact_1954,2000,trace_reference_synthetic,infocom_event_compact,conference_event_compact,conference_event_compact,280,79,22120.0,230.0,28.67,6593.33,0.29807112025316457,28,25,609.33,0.0011301989150090416,24.3733,14.3333,1.7857,4,0.6429,0.2857,3,0.4286,25,1.0,10,0.357143,128.67,52.8,1.252,0.9427,1.0,44.7353,0.5218,1.0,0.88,0.8333,yes,partial,partial,no,no,STRESS,,56394576
SYN_corridor_rollernet_trace_0455,600,trace_reference_synthetic,rollernet_trace,corridor_linear,corridor,3050,150,457500.0,3000.0,100.0,300000.0,0.6557377049180327,27,26,3200.0,5.683060109289618e-05,123.0769,125.0,1.9259,3,0.1481,0.0741,1,1.0,26,1.0,23,0.851852,5750.0,1086.33,1.0036,0.3912,1.0,1469.1865,0.4449,0.0,0.8077,0.5741,yes,yes,no,partial,partial,PASS,,3657501936
SYN_corridor_rollernet_trace_0479,600,trace_reference_synthetic,rollernet_trace,corridor_linear,corridor,3050,450,1372500.0,3000.0,400.0,1200000.0,0.8743169398907104,27,26,3400.0,1.894353369763206e-05,130.7692,125.0,1.9259,3,0.1481,0.0741,1,1.0,26,1.0,23,0.851852,5750.0,1038.28,1.0245,0.3912,1.0,293.9786,0.4443,0.0,0.8077,0.5741,yes,yes,no,partial,partial,PASS,,3898767290
SYN_corridor_rollernet_trace_0519,600,trace_reference_synthetic,rollernet_trace,corridor_linear,corridor,3050,450,1372500.0,3000.0,400.0,1200000.0,0.8743169398907104,27,26,3800.0,1.894353369763206e-05,146.1538,125.0,1.9259,3,0.1481,0.0741,1,1.0,26,1.0,23,0.851852,5750.0,1230.47,1.0318,0.3912,1.0,92.1222,0.4456,0.0,0.7692,0.5741,yes,yes,no,partial,partial,PASS,,844213200
SYN_corridor_rollernet_trace_0539,600,trace_reference_synthetic,rollernet_trace,corridor_linear,corridor,3050,1250,3812500.0,3000.0,1200.0,3600000.0,0.9442622950819672,27,26,4200.0,6.819672131147541e-06,161.5385,125.0,1.9259,3,0.1481,0.0741,1,1.0,26,1.0,23,0.851852,5750.0,1169.92,1.0645,0.3912,1.0,32.6649,0.4391,0.0,0.8462,0.5741,yes,yes,no,partial,partial,PASS,,3886644346
SYN_corridor_rollernet_trace_0563,600,trace_reference_synthetic,rollernet_trace,corridor_linear,corridor,3050,250,762500.0,3000.0,200.0,600000.0,0.7868852459016393,29,28,3400.0,3.672131147540984e-05,121.4286,125.0,1.931,3,0.2069,0.1379,1,1.0,28,1.0,23,0.793103,5750.0,981.25,1.0234,0.5917,1.0,610.3842,0.3971,0.0,0.8214,0.6034,yes,yes,no,partial,partial,PASS,,2839912808
SYN_corridor_rollernet_trace_0586,600,trace_reference_synthetic,rollernet_trace,corridor_linear,corridor,3050,450,1372500.0,3000.0,400.0,1200000.0,0.8743169398907104,28,27,3600.0,1.9672131147540985e-05,133.3333,125.0,1.9286,3,0.1786,0.1071,1,1.0,27,1.0,23,0.821429,5750.0,1084.38,1.038,0.5033,1.0,212.1702,0.4594,0.0,0.8148,0.5893,yes,yes,no,partial,partial,PASS,,1563477195
SYN_corridor_rollernet_trace_0618,800,trace_reference_synthetic,rollernet_trace,corridor_linear,corridor,3050,850,2592500.0,3000.0,800.0,2400000.0,0.9257473481195757,28,27,4200.0,1.0414657666345227e-05,155.5556,125.0,1.9286,3,0.1786,0.1071,1,1.0,27,1.0,23,0.821429,5800.0,1169.14,1.0695,0.5033,1.0,53.4399,0.4566,0.0,0.8148,0.5893,yes,yes,no,partial,partial,PASS,,3269110790
SYN_corridor_rollernet_trace_0640,800,trace_reference_synthetic,rollernet_trace,corridor_linear,corridor,3050,1250,3812500.0,3000.0,1200.0,3600000.0,0.9442622950819672,29,28,5400.0,7.344262295081967e-06,192.8571,125.0,1.931,3,0.2069,0.1379,1,1.0,28,1.0,23,0.793103,5750.0,1104.69,1.073,0.5917,1.0,17.2451,0.4609,0.0,0.7857,0.6034,yes,yes,no,partial,partial,PASS,,1314065398
SYN_corridor_rollernet_trace_0664,800,trace_reference_synthetic,rollernet_trace,corridor_linear,corridor,3050,250,762500.0,3000.0,200.0,600000.0,0.7868852459016393,29,28,3400.0,3.672131147540984e-05,121.4286,125.0,1.931,3,0.2069,0.1379,1,1.0,28,1.0,23,0.793103,5750.0,1309.77,1.0456,0.5917,1.0,679.7104,0.4627,0.0,0.8214,0.6034,yes,yes,no,partial,partial,PASS,,768629745
SYN_corridor_rollernet_trace_0693,800,trace_reference_synthetic,rollernet_trace,corridor_linear,corridor,3050,450,1372500.0,3000.0,400.0,1200000.0,0.8743169398907104,29,28,3800.0,2.0400728597449908e-05,135.7143,125.0,1.931,3,0.2069,0.1379,1,1.0,28,1.0,23,0.793103,5750.0,1134.38,1.0374,0.5917,1.0,169.9871,0.4632,0.0,0.8214,0.6034,yes,yes,no,partial,partial,PASS,,3325731208
SYN_corridor_rollernet_trace_0723,800,trace_reference_synthetic,rollernet_trace,corridor_linear,corridor,3050,850,2592500.0,3000.0,800.0,2400000.0,0.9257473481195757,29,28,4600.0,1.0800385728061716e-05,164.2857,125.0,1.931,3,0.2069,0.1379,1,1.0,28,1.0,23,0.793103,5750.0,1371.09,1.0753,0.5917,1.0,39.5612,0.4631,0.0,0.8214,0.6034,yes,yes,no,partial,partial,PASS,,543056324
SYN_corridor_rollernet_trace_0749,800,trace_reference_synthetic,rollernet_trace,corridor_linear,corridor,3050,1250,3812500.0,3000.0,1200.0,3600000.0,0.9442622950819672,29,28,5400.0,7.344262295081967e-06,192.8571,125.0,1.931,3,0.2069,0.1379,1,1.0,28,1.0,23,0.793103,5750.0,1237.5,1.0636,0.5917,1.0,17.5491,0.4615,0.0,0.7857,0.6034,yes,yes,no,partial,partial,PASS,,1974774431
SYN_corridor_rollernet_trace_0775,800,trace_reference_synthetic,rollernet_trace,corridor_linear,corridor,3050,250,762500.0,3000.0,200.0,600000.0,0.7868852459016393,29,28,3400.0,3.672131147540984e-05,121.4286,125.0,1.931,3,0.2069,0.1379,1,1.0,28,1.0,23,0.793103,5750.0,1148.05,1.0441,0.5917,1.0,695.8672,0.4627,0.0,0.8214,0.6034,yes,yes,no,partial,partial,PASS,,3061935602
SYN_corridor_rollernet_trace_0803,1000,trace_reference_synthetic,rollernet_trace,corridor_linear,corridor,3050,450,1372500.0,3000.0,400.0,1200000.0,0.8743169398907104,29,28,3800.0,2.0400728597449908e-05,135.7143,125.0,1.931,3,0.2069,0.1379,1,1.0,28,1.0,23,0.793103,5750.0,1184.77,1.0818,0.5917,1.0,158.2293,0.4628,0.0,0.8214,0.6034,yes,yes,no,partial,partial,PASS,,1597402430
SYN_corridor_rollernet_trace_0828,1000,trace_reference_synthetic,rollernet_trace,corridor_linear,corridor,3050,850,2592500.0,3000.0,800.0,2400000.0,0.9257473481195757,29,28,4600.0,1.0800385728061716e-05,164.2857,125.0,1.931,3,0.2069,0.1379,1,1.0,28,1.0,23,0.793103,5750.0,1198.05,1.0679,0.5917,1.0,42.5577,0.4649,0.0,0.8214,0.6034,yes,yes,no,partial,partial,PASS,,2780171506
SYN_corridor_rollernet_trace_0849,1000,trace_reference_synthetic,rollernet_trace,corridor_linear,corridor,3050,1250,3812500.0,3000.0,1200.0,3600000.0,0.9442622950819672,29,28,5400.0,7.344262295081967e-06,192.8571,125.0,1.931,3,0.2069,0.1379,1,1.0,28,1.0,23,0.793103,5750.0,1294.14,1.052,0.5917,1.0,17.5491,0.4615,0.0,0.7857,0.6034,yes,yes,no,partial,partial,PASS,,3647365227
SYN_corridor_rollernet_trace_0873,1000,trace_reference_synthetic,rollernet_trace,corridor_linear,corridor,4050,150,607500.0,4000.0,100.0,400000.0,0.6584362139917695,35,34,4200.0,5.596707818930041e-05,123.5294,125.0,1.9429,3,0.1143,0.0571,1,1.0,34,1.0,31,0.885714,7750.0,1510.94,1.0029,0.3228,1.0,3180.4018,0.4375,0.0,0.8824,0.5571,yes,yes,no,partial,partial,PASS,,425790873
SYN_corridor_rollernet_trace_0909,1000,trace_reference_synthetic,rollernet_trace,corridor_linear,corridor,4050,250,1012500.0,4000.0,200.0,800000.0,0.7901234567901234,35,34,4400.0,3.3580246913580247e-05,129.4118,125.0,1.9429,3,0.1143,0.0571,1,1.0,34,1.0,31,0.885714,7750.0,1740.23,1.0205,0.3228,1.0,795.2995,0.4375,0.0,0.8824,0.5571,yes,yes,no,partial,partial,PASS,,1355866633
SYN_corridor_rollernet_trace_0938,1000,trace_reference_synthetic,rollernet_trace,corridor_linear,corridor,4050,850,3442500.0,4000.0,800.0,3200000.0,0.9295570079883806,35,34,4800.0,9.876543209876543e-06,141.1765,125.0,1.9429,3,0.1143,0.0571,1,1.0,34,1.0,31,0.885714,7750.0,1601.95,1.0174,0.3228,1.0,165.5018,0.4362,0.0,0.8529,0.5571,yes,yes,no,partial,partial,PASS,,493350181
SYN_corridor_rollernet_trace_0964,1000,trace_reference_synthetic,rollernet_trace,corridor_linear,corridor,4050,1250,5062500.0,4000.0,1200.0,4800000.0,0.9481481481481482,35,34,5200.0,6.716049382716049e-06,152.9412,125.0,1.9429,3,0.1143,0.0571,1,1.0,34,1.0,31,0.885714,7750.0,1275.78,1.0331,0.3228,1.0,73.5565,0.4344,0.0,0.8529,0.5571,yes,yes,no,partial,partial,PASS,,2447459958
SYN_corridor_rollernet_trace_0986,1000,trace_reference_synthetic,rollernet_trace,corridor_linear,corridor,4050,150,607500.0,4000.0,100.0,400000.0,0.6584362139917695,37,36,4400.0,5.925925925925926e-05,122.2222,125.0,1.9459,3,0.1622,0.1081,1,1.0,36,1.0,31,0.837838,7750.0,1407.03,1.0538,0.5033,1.0,1920.5561,0.4544,0.0,0.8611,0.5811,yes,yes,no,partial,partial,PASS,,774637749
SYN_corridor_rollernet_trace_1013,1200,trace_reference_synthetic,rollernet_trace,corridor_linear,corridor,4050,250,1012500.0,4000.0,200.0,800000.0,0.7901234567901234,37,36,4800.0,3.555555555555555e-05,133.3333,125.0,1.9459,3,0.1622,0.1081,1,1.0,36,1.0,31,0.837838,7750.0,1557.42,1.0786,0.5033,1.0,428.6439,0.4451,0.0,0.8611,0.5811,yes,yes,no,partial,partial,PASS,,3899093034
SYN_corridor_rollernet_trace_1041,1200,trace_reference_synthetic,rollernet_trace,corridor_linear,corridor,4050,850,3442500.0,4000.0,800.0,3200000.0,0.9295570079883806,37,36,5600.0,1.0457516339869281e-05,155.5556,125.0,1.9459,3,0.1622,0.1081,1,1.0,36,1.0,31,0.837838,7750.0,1504.3,1.0579,0.5033,1.0,90.1542,0.4359,0.0,0.8611,0.5811,yes,yes,no,partial,partial,PASS,,530383752
SYN_corridor_rollernet_trace_1063,1200,trace_reference_synthetic,rollernet_trace,corridor_linear,corridor,4050,1250,5062500.0,4000.0,1200.0,4800000.0,0.9481481481481482,37,36,6400.0,7.111111111111111e-06,177.7778,125.0,1.9459,3,0.1622,0.1081,1,1.0,36,1.0,31,0.837838,7750.0,1671.09,1.0547,0.5033,1.0,39.2623,0.4519,0.0,0.8333,0.5811,yes,yes,no,partial,partial,PASS,,287968307
SYN_corridor_rollernet_trace_1099,1200,trace_reference_synthetic,rollernet_trace,corridor_linear,corridor,4050,250,1012500.0,4000.0,200.0,800000.0,0.7901234567901234,37,36,4400.0,3.555555555555555e-05,122.2222,125.0,1.9459,3,0.1622,0.1081,1,1.0,36,1.0,31,0.837838,7750.0,1226.56,1.0192,0.5033,1.0,1426.2497,0.4548,0.0,0.8889,0.5811,yes,yes,no,partial,partial,PASS,,2013713446
SYN_corridor_rollernet_trace_1122,1200,trace_reference_synthetic,rollernet_trace,corridor_linear,corridor,4050,450,1822500.0,4000.0,400.0,1600000.0,0.877914951989026,37,36,4800.0,1.9753086419753087e-05,133.3333,125.0,1.9459,3,0.1622,0.1081,1,1.0,36,1.0,31,0.837838,7750.0,1445.31,1.0334,0.5033,1.0,386.1176,0.4549,0.0,0.8889,0.5811,yes,yes,no,partial,partial,PASS,,3335197274
SYN_corridor_rollernet_trace_1142,1200,trace_reference_synthetic,rollernet_trace,corridor_linear,corridor,4050,850,3442500.0,4000.0,800.0,3200000.0,0.9295570079883806,37,36,5600.0,1.0457516339869281e-05,155.5556,125.0,1.9459,3,0.1622,0.1081,1,1.0,36,1.0,31,0.837838,7750.0,1564.06,1.0306,0.5033,1.0,95.1636,0.4547,0.0,0.8333,0.5811,yes,yes,no,partial,partial,PASS,,1095655772
SYN_corridor_rollernet_trace_1170,1200,trace_reference_synthetic,rollernet_trace,corridor_linear,corridor,4050,1250,5062500.0,4000.0,1200.0,4800000.0,0.9481481481481482,37,36,6400.0,7.111111111111111e-06,177.7778,125.0,1.9459,3,0.1622,0.1081,1,1.0,36,1.0,31,0.837838,7750.0,1666.02,1.0539,0.5033,1.0,39.586,0.4524,0.0,0.8056,0.5811,yes,yes,no,partial,partial,PASS,,858727927
SYN_corridor_rollernet_trace_1190,1200,trace_reference_synthetic,rollernet_trace,corridor_linear,corridor,4050,150,607500.0,4000.0,100.0,400000.0,0.6584362139917695,37,36,4400.0,5.925925925925926e-05,122.2222,125.0,1.9459,3,0.1622,0.1081,1,1.0,36,1.0,31,0.837838,7750.0,1285.94,1.0257,0.5033,1.0,1944.3509,0.455,0.0,0.8889,0.5811,yes,yes,no,partial,partial,PASS,,1635195686
SYN_corridor_rollernet_trace_1213,1600,trace_reference_synthetic,rollernet_trace,corridor_linear,corridor,4050,450,1822500.0,4000.0,400.0,1600000.0,0.877914951989026,37,36,4800.0,1.9753086419753087e-05,133.3333,125.0,1.9459,3,0.1622,0.1081,1,1.0,36,1.0,31,0.837838,7750.0,1542.19,1.0325,0.5033,1.0,380.4173,0.4549,0.0,0.8889,0.5811,yes,yes,no,partial,partial,PASS,,1846959508
SYN_corridor_rollernet_trace_1237,1600,trace_reference_synthetic,rollernet_trace,corridor_linear,corridor,4050,850,3442500.0,4000.0,800.0,3200000.0,0.9295570079883806,37,36,5600.0,1.0457516339869281e-05,155.5556,125.0,1.9459,3,0.1622,0.1081,1,1.0,36,1.0,31,0.837838,7750.0,1528.52,1.0401,0.5033,1.0,96.6122,0.4548,0.0,0.8333,0.5811,yes,yes,no,partial,partial,PASS,,3881341035
SYN_corridor_rollernet_trace_1267,1600,trace_reference_synthetic,rollernet_trace,corridor_linear,corridor,4050,1250,5062500.0,4000.0,1200.0,4800000.0,0.9481481481481482,37,36,6400.0,7.111111111111111e-06,177.7778,125.0,1.9459,3,0.1622,0.1081,1,1.0,36,1.0,31,0.837838,7750.0,1839.45,1.2028,0.5033,1.0,39.5745,0.4524,0.0,0.8056,0.5811,yes,yes,no,partial,partial,PASS,,2452428519
SYN_corridor_rollernet_trace_1302,1600,trace_reference_synthetic,rollernet_trace,corridor_linear,corridor,5050,250,1262500.0,5000.0,200.0,1000000.0,0.7920792079207921,43,42,5200.0,3.3267326732673264e-05,123.8095,125.0,1.9535,3,0.093,0.0465,1,1.0,42,1.0,39,0.906977,9750.0,1684.38,1.0034,0.2762,1.0,4995.0492,0.4332,0.0,0.881,0.5465,yes,yes,no,partial,partial,PASS,,4149649347
SYN_corridor_rollernet_trace_1330,1600,trace_reference_synthetic,rollernet_trace,corridor_linear,corridor,5050,450,2272500.0,5000.0,400.0,2000000.0,0.8800880088008801,43,42,5400.0,1.848184818481848e-05,128.5714,125.0,1.9535,3,0.093,0.0465,1,1.0,42,1.0,39,0.906977,9750.0,1671.48,1.0067,0.2762,1.0,1248.7624,0.433,0.0,0.881,0.5465,yes,yes,no,partial,partial,PASS,,3891814468
SYN_corridor_rollernet_trace_1349,1600,trace_reference_synthetic,rollernet_trace,corridor_linear,corridor,5050,450,2272500.0,5000.0,400.0,2000000.0,0.8800880088008801,43,42,5800.0,1.848184818481848e-05,138.0952,125.0,1.9535,3,0.093,0.0465,1,1.0,42,1.0,39,0.906977,9750.0,1694.53,1.0172,0.2762,1.0,364.8447,0.4331,0.0,0.881,0.5465,yes,yes,no,partial,partial,PASS,,3420562371
SYN_corridor_rollernet_trace_1374,1600,trace_reference_synthetic,rollernet_trace,corridor_linear,corridor,5050,1250,6312500.0,5000.0,1200.0,6000000.0,0.9504950495049505,43,42,6200.0,6.653465346534653e-06,147.619,125.0,1.9535,3,0.093,0.0465,1,1.0,42,1.0,39,0.906977,9750.0,1871.88,1.0376,0.2762,1.0,138.7515,0.4314,0.0,0.8571,0.5465,yes,yes,no,partial,partial,PASS,,72628461
SYN_corridor_rollernet_trace_1401,1600,trace_reference_synthetic,rollernet_trace,corridor_linear,corridor,5050,250,1262500.0,5000.0,200.0,1000000.0,0.7920792079207921,45,44,5400.0,3.485148514851485e-05,122.7273,125.0,1.9556,3,0.1333,0.0889,1,1.0,44,1.0,39,0.866667,9750.0,2075.0,1.0178,0.4395,1.0,2856.247,0.4479,0.0,0.8864,0.5667,yes,yes,no,partial,partial,PASS,,2052254205
SYN_corridor_rollernet_trace_1425,1600,trace_reference_synthetic,rollernet_trace,corridor_linear,corridor,5050,450,2272500.0,5000.0,400.0,2000000.0,0.8800880088008801,45,44,5800.0,1.9361936193619362e-05,131.8182,125.0,1.9556,3,0.1333,0.0889,1,1.0,44,1.0,39,0.866667,9750.0,1955.86,1.0731,0.4395,1.0,707.3186,0.4478,0.0,0.8864,0.5667,yes,yes,no,partial,partial,PASS,,1044592884
SYN_corridor_rollernet_trace_1456,1600,trace_reference_synthetic,rollernet_trace,corridor_linear,corridor,5050,850,4292500.0,5000.0,800.0,4000000.0,0.9318578916715201,45,44,6600.0,1.0250436808386721e-05,150.0,125.0,1.9556,3,0.1333,0.0889,1,1.0,44,1.0,39,0.866667,9750.0,1574.22,1.0476,0.4395,1.0,167.5323,0.4471,0.0,0.8409,0.5667,yes,yes,no,partial,partial,PASS,,1365529061
SYN_corridor_rollernet_trace_1481,1600,trace_reference_synthetic,rollernet_trace,corridor_linear,corridor,5050,1250,6312500.0,5000.0,1200.0,6000000.0,0.9504950495049505,45,44,7400.0,6.9702970297029706e-06,168.1818,125.0,1.9556,3,0.1333,0.0889,1,1.0,44,1.0,39,0.866667,9750.0,1965.62,1.027,0.4395,1.0,79.0215,0.4468,0.0,0.8182,0.5667,yes,yes,no,partial,partial,PASS,,3088552164
SYN_corridor_rollernet_trace_1510,1600,trace_reference_synthetic,rollernet_trace,corridor_linear,corridor,5050,250,1262500.0,5000.0,200.0,1000000.0,0.7920792079207921,45,44,5400.0,3.485148514851485e-05,122.7273,125.0,1.9556,3,0.1333,0.0889,1,1.0,44,1.0,39,0.866667,9750.0,1855.86,1.0085,0.4395,1.0,2856.247,0.4479,0.0,0.8864,0.5667,yes,yes,no,partial,partial,PASS,,2848640388
SYN_corridor_rollernet_trace_1545,1600,trace_reference_synthetic,rollernet_trace,corridor_linear,corridor,5050,450,2272500.0,5000.0,400.0,2000000.0,0.8800880088008801,45,44,5800.0,1.9361936193619362e-05,131.8182,125.0,1.9556,3,0.1333,0.0889,1,1.0,44,1.0,39,0.866667,9750.0,1868.75,1.1288,0.4395,1.0,717.9143,0.4478,0.0,0.8864,0.5667,yes,yes,no,partial,partial,PASS,,1900001960
SYN_corridor_rollernet_trace_1572,1600,trace_reference_synthetic,rollernet_trace,corridor_linear,corridor,5050,850,4292500.0,5000.0,800.0,4000000.0,0.9318578916715201,45,44,6600.0,1.0250436808386721e-05,150.0,125.0,1.9556,3,0.1333,0.0889,1,1.0,44,1.0,39,0.866667,9750.0,1826.95,1.1315,0.4395,1.0,179.5504,0.4475,0.0,0.8409,0.5667,yes,yes,no,partial,partial,PASS,,2360557368
SYN_corridor_rollernet_trace_1590,1600,trace_reference_synthetic,rollernet_trace,corridor_linear,corridor,5050,1250,6312500.0,5000.0,1200.0,6000000.0,0.9504950495049505,45,44,7400.0,6.9702970297029706e-06,168.1818,125.0,1.9556,3,0.1333,0.0889,1,1.0,44,1.0,39,0.866667,9750.0,1700.78,1.0433,0.4395,1.0,74.459,0.4459,0.0,0.8182,0.5667,yes,yes,no,partial,partial,PASS,,341702738
SYN_corridor_rollernet_trace_1611,2000,trace_reference_synthetic,rollernet_trace,corridor_linear,corridor,5050,150,757500.0,5000.0,100.0,500000.0,0.6600660066006601,45,44,5400.0,5.808580858085809e-05,122.7273,125.0,1.9556,3,0.1333,0.0889,1,1.0,44,1.0,39,0.866667,9750.0,1771.88,1.0175,0.4395,1.0,3513.4648,0.448,0.0,0.8864,0.5667,yes,yes,no,partial,partial,PASS,,741149200
SYN_corridor_rollernet_trace_1632,2000,trace_reference_synthetic,rollernet_trace,corridor_linear,corridor,5050,450,2272500.0,5000.0,400.0,2000000.0,0.8800880088008801,45,44,5800.0,1.9361936193619362e-05,131.8182,125.0,1.9556,3,0.1333,0.0889,1,1.0,44,1.0,39,0.866667,9750.0,2275.78,1.0261,0.4395,1.0,707.3186,0.4478,0.0,0.8864,0.5667,yes,yes,no,partial,partial,PASS,,3914735837
SYN_corridor_rollernet_trace_1652,2000,trace_reference_synthetic,rollernet_trace,corridor_linear,corridor,5050,850,4292500.0,5000.0,800.0,4000000.0,0.9318578916715201,45,44,6600.0,1.0250436808386721e-05,150.0,125.0,1.9556,3,0.1333,0.0889,1,1.0,44,1.0,39,0.866667,9750.0,2157.03,1.0447,0.4395,1.0,167.6065,0.4471,0.0,0.8409,0.5667,yes,yes,no,partial,partial,PASS,,624479182
SYN_corridor_rollernet_trace_1670,2000,trace_reference_synthetic,rollernet_trace,corridor_linear,corridor,5050,1250,6312500.0,5000.0,1200.0,6000000.0,0.9504950495049505,45,44,7400.0,6.9702970297029706e-06,168.1818,125.0,1.9556,3,0.1333,0.0889,1,1.0,44,1.0,39,0.866667,9750.0,1948.05,1.043,0.4395,1.0,74.459,0.4459,0.0,0.8182,0.5667,yes,yes,no,partial,partial,PASS,,2705638529
SYN_corridor_rollernet_trace_1699,2000,trace_reference_synthetic,rollernet_trace,corridor_linear,corridor,6050,150,907500.0,6000.0,100.0,600000.0,0.6611570247933884,52,51,6200.0,5.6198347107438014e-05,121.5686,122.449,1.9615,3,0.0769,0.0385,1,1.0,51,1.0,48,0.923077,11755.1,2184.25,1.0058,0.2387,1.0,9782.7811,0.4307,0.0,0.8627,0.5385,yes,yes,no,partial,partial,PASS,,1795557890
SYN_corridor_rollernet_trace_1727,2000,trace_reference_synthetic,rollernet_trace,corridor_linear,corridor,6050,450,2722500.0,6000.0,400.0,2400000.0,0.8815426997245179,52,51,6400.0,1.8732782369146007e-05,125.4902,122.449,1.9615,3,0.0769,0.0385,1,1.0,51,1.0,48,0.923077,11755.1,2079.15,1.0059,0.2387,1.0,2142.3839,0.4306,0.0,0.8627,0.5385,yes,yes,no,partial,partial,PASS,,2252966234
SYN_corridor_rollernet_trace_1752,2000,trace_reference_synthetic,rollernet_trace,corridor_linear,corridor,6050,450,2722500.0,6000.0,400.0,2400000.0,0.8815426997245179,52,51,6800.0,1.8732782369146007e-05,133.3333,122.449,1.9615,3,0.0769,0.0385,1,1.0,51,1.0,48,0.923077,11755.1,2074.23,1.0038,0.2387,1.0,611.6073,0.4305,0.0,0.8627,0.5385,yes,yes,no,partial,partial,PASS,,1550934853
SYN_corridor_rollernet_trace_1779,2000,trace_reference_synthetic,rollernet_trace,corridor_linear,corridor,6050,650,3932500.0,6000.0,600.0,3600000.0,0.9154481881754609,52,51,7200.0,1.2968849332485696e-05,141.1765,122.449,1.9615,3,0.0769,0.0385,1,1.0,51,1.0,48,0.923077,11755.1,2108.8,1.008,0.2387,1.0,271.9346,0.4301,0.0,0.8824,0.5385,yes,yes,no,partial,partial,PASS,,2891389875
SYN_corridor_rollernet_trace_1816,2000,trace_reference_synthetic,rollernet_trace,corridor_linear,corridor,6050,250,1512500.0,6000.0,200.0,1200000.0,0.7933884297520661,54,53,6400.0,3.504132231404959e-05,120.7547,122.449,1.963,3,0.1111,0.0741,1,1.0,53,1.0,48,0.888889,11755.1,1961.77,1.0132,0.386,1.0,4857.1768,0.4417,0.0,0.8868,0.5556,yes,yes,no,partial,partial,PASS,,1825241563
SYN_corridor_rollernet_trace_1838,2000,trace_reference_synthetic,rollernet_trace,corridor_linear,corridor,6050,450,2722500.0,6000.0,400.0,2400000.0,0.8815426997245179,54,53,6800.0,1.9467401285583103e-05,128.3019,122.449,1.963,3,0.1111,0.0741,1,1.0,53,1.0,48,0.888889,11755.1,2228.57,1.0049,0.386,1.0,1205.5947,0.4417,0.0,0.8679,0.5556,yes,yes,no,partial,partial,PASS,,1179021506
SYN_corridor_rollernet_trace_1868,2000,trace_reference_synthetic,rollernet_trace,corridor_linear,corridor,6050,850,5142500.0,6000.0,800.0,4800000.0,0.9333981526494896,54,53,7600.0,1.0306271268838114e-05,143.3962,122.449,1.963,3,0.1111,0.0741,1,1.0,53,1.0,48,0.888889,11755.1,2428.7,1.0132,0.386,1.0,301.45,0.4414,0.0,0.8491,0.5556,yes,yes,no,partial,partial,PASS,,71014528
SYN_corridor_rollernet_trace_1901,2000,trace_reference_synthetic,rollernet_trace,corridor_linear,corridor,6050,650,3932500.0,6000.0,600.0,3600000.0,0.9154481881754609,54,53,8400.0,1.3477431659249841e-05,158.4906,122.449,1.963,3,0.1111,0.0741,1,1.0,53,1.0,48,0.888889,11755.1,2398.47,1.1005,0.386,1.0,161.2798,0.4423,0.0,0.8491,0.5556,yes,yes,no,partial,partial,PASS,,973675241
SYN_corridor_rollernet_trace_1927,2000,trace_reference_synthetic,rollernet_trace,corridor_linear,corridor,6050,250,1512500.0,6000.0,200.0,1200000.0,0.7933884297520661,54,53,6400.0,3.504132231404959e-05,120.7547,122.449,1.963,3,0.1111,0.0741,1,1.0,53,1.0,48,0.888889,11755.1,2380.26,1.0048,0.386,1.0,4577.2527,0.4417,0.0,0.8868,0.5556,yes,yes,no,partial,partial,PASS,,3411926486
SYN_corridor_rollernet_trace_1956,2000,trace_reference_synthetic,rollernet_trace,corridor_linear,corridor,6050,250,1512500.0,6000.0,200.0,1200000.0,0.7933884297520661,54,53,6800.0,3.504132231404959e-05,128.3019,122.449,1.963,3,0.1111,0.0741,1,1.0,53,1.0,48,0.888889,11755.1,1973.41,1.0137,0.386,1.0,1448.7444,0.4419,0.0,0.8679,0.5556,yes,yes,no,partial,partial,PASS,,3855936071
SYN_corridor_rollernet_trace_1981,2000,trace_reference_synthetic,rollernet_trace,corridor_linear,corridor,6050,850,5142500.0,6000.0,800.0,4800000.0,0.9333981526494896,54,53,7600.0,1.0306271268838114e-05,143.3962,122.449,1.963,3,0.1111,0.0741,1,1.0,53,1.0,48,0.888889,11755.1,2094.77,1.0221,0.386,1.0,300.439,0.4414,0.0,0.8491,0.5556,yes,yes,no,partial,partial,PASS,,2053490832
SYN_disrupted_grid_none_0015,100,synthetic,,industrial_disrupted,disrupted_grid,650,650,422500.0,600.0,600.0,360000.0,0.8520710059171598,121,209,12540.0,0.0004946745562130178,60.0,60.0,3.4545,4,0.0083,0.9091,1,1.0,1,0.004785,1,0.008264,1800.0,509.06,1.2939,1.0,1.0,1.0,0.6293,0.0,0.8182,0.2895,yes,yes,no,partial,no,PASS,,1801875997
SYN_disrupted_grid_none_0043,100,synthetic,,industrial_disrupted,disrupted_grid,850,850,722500.0,800.0,800.0,640000.0,0.8858131487889274,121,209,16720.0,0.0002892733564013841,80.0,80.0,3.4545,4,0.0083,0.9174,1,1.0,1,0.004785,1,0.008264,2400.0,611.25,1.275,1.0,1.0,1.0,0.6293,0.0,0.8134,0.2895,yes,yes,no,partial,no,PASS,,511194219
SYN_disrupted_grid_none_0068,100,synthetic,,industrial_disrupted,disrupted_grid,1050,1050,1102500.0,1000.0,1000.0,1000000.0,0.9070294784580499,121,209,20900.0,0.00018956916099773243,100.0,100.0,3.4545,4,0.0083,0.9339,1,1.0,1,0.004785,1,0.008264,2400.0,709.38,1.2842,0.9992,1.0,1.0,0.6293,0.0,0.823,0.2895,yes,yes,no,partial,no,PASS,,3738254915
SYN_disrupted_grid_none_0099,100,synthetic,,industrial_disrupted,disrupted_grid,770,650,500500.0,720.0,600.0,432000.0,0.8631368631368631,143,249,14940.0,0.0004975024975024975,60.0,60.0,3.4825,4,0.007,0.9161,1,1.0,1,0.004016,1,0.006993,1440.0,458.44,1.2657,1.0,1.0,1.4,0.625,0.0,0.8434,0.2871,yes,yes,no,partial,no,PASS,,1192513628
SYN_disrupted_grid_none_0128,200,synthetic,,industrial_disrupted,disrupted_grid,1010,850,858500.0,960.0,800.0,768000.0,0.8945835760046593,143,249,19920.0,0.00029004076878276063,80.0,80.0,3.4825,4,0.007,0.9161,1,1.0,1,0.004016,1,0.006993,3040.0,625.0,1.3046,1.0,1.0,1.4,0.625,0.0,0.8514,0.2871,yes,yes,no,partial,no,PASS,,3863891718
SYN_disrupted_grid_none_0163,200,synthetic,,industrial_disrupted,disrupted_grid,1250,1050,1312500.0,1200.0,1000.0,1200000.0,0.9142857142857143,143,249,24900.0,0.0001897142857142857,100.0,100.0,3.4825,4,0.0,0.9021,1,1.0,0,0.0,0,0.0,3800.0,835.94,1.2754,1.0,1.0,1.4,0.625,0.0,0.8313,0.2851,yes,yes,no,partial,no,PASS,,66171594
SYN_disrupted_grid_none_0185,200,synthetic,,industrial_disrupted,disrupted_grid,950,650,617500.0,900.0,600.0,540000.0,0.8744939271255061,176,309,18540.0,0.0005004048582995951,60.0,60.0,3.5114,4,0.0,0.9318,1,1.0,0,0.0,0,0.0,2160.0,486.56,1.2905,0.9998,1.0,2.125,0.6099,0.0,0.8576,0.2832,yes,yes,no,partial,no,PASS,,8339287
SYN_disrupted_grid_none_0215,400,synthetic,,industrial_disrupted,disrupted_grid,1250,850,1062500.0,1200.0,800.0,960000.0,0.9035294117647059,176,309,24720.0,0.0002908235294117647,80.0,80.0,3.5114,4,0.0057,0.9205,1,1.0,1,0.003236,1,0.005682,3200.0,710.0,1.2406,0.9998,1.0,2.125,0.6099,0.0,0.8414,0.2848,yes,yes,no,partial,no,PASS,,3535297903
SYN_disrupted_grid_none_0243,400,synthetic,,industrial_disrupted,disrupted_grid,1550,1050,1627500.0,1500.0,1000.0,1500000.0,0.9216589861751152,176,309,30900.0,0.00018986175115207375,100.0,100.0,3.5114,4,0.0057,0.9318,1,1.0,1,0.003236,1,0.005682,4200.0,953.12,1.2446,0.9991,1.0,2.125,0.6099,0.0,0.8738,0.2848,yes,yes,no,partial,no,PASS,,2996004033
SYN_disrupted_grid_none_0265,400,synthetic,,industrial_disrupted,disrupted_grid,1130,650,734500.0,1080.0,600.0,648000.0,0.8822328114363512,209,369,22140.0,0.0005023825731790333,60.0,60.0,3.5311,4,0.0096,0.9426,1,1.0,2,0.00542,2,0.009569,2400.0,582.19,1.2462,0.9994,1.0,3.0,0.59,0.0,0.8618,0.2845,yes,yes,no,partial,no,PASS,,3021865891
SYN_disrupted_grid_none_0292,400,synthetic,,industrial_disrupted,disrupted_grid,1490,850,1266500.0,1440.0,800.0,1152000.0,0.9095933675483616,209,369,29520.0,0.0002913541255428346,80.0,80.0,3.5311,4,0.0048,0.9522,1,1.0,1,0.00271,1,0.004785,3360.0,846.25,1.2361,0.9997,1.0,3.0,0.59,0.0,0.8672,0.2832,yes,yes,no,partial,no,PASS,,1003740193
SYN_disrupted_grid_none_0329,400,synthetic,,industrial_disrupted,disrupted_grid,1850,1050,1942500.0,1800.0,1000.0,1800000.0,0.9266409266409267,209,369,36900.0,0.00018996138996138997,100.0,100.0,3.5311,4,0.0,0.9234,1,1.0,0,0.0,0,0.0,3800.0,1012.5,1.2298,0.9994,1.0,3.0,0.59,0.0,0.8699,0.2818,yes,yes,no,partial,no,PASS,,1861338517
SYN_disrupted_grid_none_0362,400,synthetic,,industrial_disrupted,disrupted_grid,650,770,500500.0,600.0,720.0,432000.0,0.8631368631368631,143,249,14940.0,0.0004975024975024975,60.0,60.0,3.4825,4,0.0,0.9161,1,1.0,0,0.0,0,0.0,2160.0,500.62,1.309,1.0,1.0,1.4,0.625,0.0,0.8353,0.2851,yes,yes,no,partial,no,PASS,,2274193805
SYN_disrupted_grid_none_0386,400,synthetic,,industrial_disrupted,disrupted_grid,850,1010,858500.0,800.0,960.0,768000.0,0.8945835760046593,143,249,19920.0,0.00029004076878276063,80.0,80.0,3.4825,4,0.014,0.8601,1,1.0,2,0.008032,3,0.020979,2720.0,730.0,1.3219,0.9999,1.0,1.4,0.625,0.0,0.8554,0.2891,yes,yes,no,partial,no,PASS,,4029515783
SYN_disrupted_grid_none_0404,600,synthetic,,industrial_disrupted,disrupted_grid,1050,1250,1312500.0,1000.0,1200.0,1200000.0,0.9142857142857143,143,249,24900.0,0.0001897142857142857,100.0,100.0,3.4825,4,0.0,0.965,1,1.0,0,0.0,0,0.0,3600.0,796.88,1.2836,0.9999,1.0,1.4,0.625,0.0,0.8635,0.2851,yes,yes,no,partial,no,PASS,,98668378
SYN_disrupted_grid_none_0429,600,synthetic,,industrial_disrupted,disrupted_grid,770,770,592900.0,720.0,720.0,518400.0,0.8743464327879912,169,297,17820.0,0.0005009276437847866,60.0,60.0,3.5148,4,0.0,0.9527,1,1.0,0,0.0,0,0.0,2160.0,519.38,1.2677,1.0,1.0,1.0,0.629,0.0,0.8586,0.2828,yes,yes,no,partial,no,PASS,,1138052879
SYN_disrupted_grid_none_0458,600,synthetic,,industrial_disrupted,disrupted_grid,1010,1010,1020100.0,960.0,960.0,921600.0,0.9034408391334183,169,297,23760.0,0.0002911479266738555,80.0,80.0,3.5148,4,0.0,0.9053,1,1.0,0,0.0,0,0.0,2560.0,741.25,1.2872,0.9998,1.0,1.0,0.629,0.0,0.8418,0.2828,yes,yes,no,partial,no,PASS,,2574650997
SYN_disrupted_grid_none_0481,600,synthetic,,industrial_disrupted,disrupted_grid,1250,1250,1562500.0,1200.0,1200.0,1440000.0,0.9216,169,297,29700.0,0.00019008,100.0,100.0,3.5148,4,0.0059,0.9408,1,1.0,1,0.003367,1,0.005917,2800.0,867.19,1.2777,0.9999,1.0,1.0,0.629,0.0,0.835,0.2845,yes,yes,no,partial,no,PASS,,1092887129
SYN_disrupted_grid_none_0521,600,synthetic,,industrial_disrupted,disrupted_grid,950,770,731500.0,900.0,720.0,648000.0,0.885850991114149,208,368,22080.0,0.0005030758714969242,60.0,60.0,3.5385,4,0.0,0.9279,1,1.0,0,0.0,0,0.0,2280.0,557.81,1.2666,1.0,1.0,1.5179,0.6231,0.0,0.8614,0.2812,yes,yes,no,partial,no,PASS,,2972132614
SYN_disrupted_grid_none_0540,600,synthetic,,industrial_disrupted,disrupted_grid,1250,1010,1262500.0,1200.0,960.0,1152000.0,0.9124752475247525,208,368,29440.0,0.0002914851485148515,80.0,80.0,3.5385,4,0.0048,0.9423,1,1.0,1,0.002717,1,0.004808,2720.0,752.5,1.2924,1.0,1.0,1.5179,0.6231,0.0,0.8614,0.2826,yes,yes,no,partial,no,PASS,,2137475634
SYN_disrupted_grid_none_0567,600,synthetic,,industrial_disrupted,disrupted_grid,1550,1250,1937500.0,1500.0,1200.0,1800000.0,0.9290322580645162,208,368,36800.0,0.00018993548387096775,100.0,100.0,3.5385,4,0.0048,0.9375,1,1.0,1,0.002717,1,0.004808,3600.0,981.25,1.2943,1.0,1.0,1.5179,0.6231,0.0,0.8641,0.2826,yes,yes,no,partial,no,PASS,,1479837278
SYN_disrupted_grid_none_0587,600,synthetic,,industrial_disrupted,disrupted_grid,1130,770,870100.0,1080.0,720.0,777600.0,0.8936903804160441,247,439,26340.0,0.0005045397080795311,60.0,60.0,3.5547,4,0.004,0.9393,1,1.0,1,0.002278,1,0.004049,3000.0,613.12,1.3015,0.9999,1.0,2.1429,0.6085,0.0,0.8633,0.2813,yes,yes,no,partial,no,PASS,,3371721572
SYN_disrupted_grid_none_0619,800,synthetic,,industrial_disrupted,disrupted_grid,1490,1010,1504900.0,1440.0,960.0,1382400.0,0.918599242474583,247,439,35120.0,0.00029171373513190243,80.0,80.0,3.5547,4,0.0121,0.9393,1,1.0,3,0.006834,3,0.012146,4480.0,948.75,1.2781,0.9998,1.0,2.1429,0.6085,0.0,0.8679,0.2836,yes,yes,no,partial,no,PASS,,767710098
SYN_disrupted_grid_none_0641,800,synthetic,,industrial_disrupted,disrupted_grid,1850,1250,2312500.0,1800.0,1200.0,2160000.0,0.9340540540540541,247,439,43900.0,0.00018983783783783784,100.0,100.0,3.5547,4,0.004,0.9433,1,1.0,1,0.002278,1,0.004049,4400.0,1092.19,1.2438,0.9999,1.0,2.1429,0.6085,0.0,0.8838,0.2813,yes,yes,no,partial,no,PASS,,2341685045
SYN_disrupted_grid_none_0666,800,synthetic,,industrial_disrupted,disrupted_grid,650,950,617500.0,600.0,900.0,540000.0,0.8744939271255061,176,309,18540.0,0.0005004048582995951,60.0,60.0,3.5114,4,0.0,0.9261,1,1.0,0,0.0,0,0.0,2400.0,591.56,1.2913,0.9991,1.0,2.125,0.6099,0.0,0.8382,0.2832,yes,yes,no,partial,no,PASS,,3068960536
SYN_disrupted_grid_none_0694,800,synthetic,,industrial_disrupted,disrupted_grid,850,1250,1062500.0,800.0,1200.0,960000.0,0.9035294117647059,176,309,24720.0,0.0002908235294117647,80.0,80.0,3.5114,4,0.0,0.9375,1,1.0,0,0.0,0,0.0,2880.0,757.5,1.3332,0.9999,1.0,2.125,0.6099,0.0,0.8479,0.2832,yes,yes,no,partial,no,PASS,,4178922753
SYN_disrupted_grid_none_0724,800,synthetic,,industrial_disrupted,disrupted_grid,1050,1550,1627500.0,1000.0,1500.0,1500000.0,0.9216589861751152,176,309,30900.0,0.00018986175115207375,100.0,100.0,3.5114,4,0.0,0.9375,1,1.0,0,0.0,0,0.0,3800.0,854.69,1.2862,0.9998,1.0,2.125,0.6099,0.0,0.8511,0.2832,yes,yes,no,partial,no,PASS,,2862643140
SYN_disrupted_grid_none_0751,800,synthetic,,industrial_disrupted,disrupted_grid,770,950,731500.0,720.0,900.0,648000.0,0.885850991114149,208,368,22080.0,0.0005030758714969242,60.0,60.0,3.5385,4,0.0,0.9519,1,1.0,0,0.0,0,0.0,2880.0,506.25,1.2763,1.0,1.0,1.5179,0.6231,0.0,0.856,0.2812,yes,yes,no,partial,no,PASS,,4272427180
SYN_disrupted_grid_none_0778,800,synthetic,,industrial_disrupted,disrupted_grid,1010,1250,1262500.0,960.0,1200.0,1152000.0,0.9124752475247525,208,368,29440.0,0.0002914851485148515,80.0,80.0,3.5385,4,0.0,0.9423,1,1.0,0,0.0,0,0.0,2720.0,861.25,1.3194,0.9999,1.0,1.5179,0.6231,0.0,0.8533,0.2812,yes,yes,no,partial,no,PASS,,4096777560
SYN_disrupted_grid_none_0804,1000,synthetic,,industrial_disrupted,disrupted_grid,1250,1550,1937500.0,1200.0,1500.0,1800000.0,0.9290322580645162,208,368,36800.0,0.00018993548387096775,100.0,100.0,3.5385,4,0.0,0.9279,1,1.0,0,0.0,0,0.0,3800.0,1000.0,1.3027,0.9999,1.0,1.5179,0.6231,0.0,0.8696,0.2812,yes,yes,no,partial,no,PASS,,3073552539
SYN_disrupted_grid_none_0831,1000,synthetic,,industrial_disrupted,disrupted_grid,950,950,902500.0,900.0,900.0,810000.0,0.8975069252077562,256,456,27360.0,0.0005052631578947368,60.0,60.0,3.5625,4,0.0,0.9453,1,1.0,0,0.0,0,0.0,3120.0,609.38,1.2695,1.0,1.0,1.0,0.6293,0.0,0.8662,0.2796,yes,yes,no,partial,no,PASS,,3504710314
SYN_disrupted_grid_none_0850,1000,synthetic,,industrial_disrupted,disrupted_grid,1250,1250,1562500.0,1200.0,1200.0,1440000.0,0.9216,256,456,36480.0,0.00029184,80.0,80.0,3.5625,4,0.0039,0.918,1,1.0,2,0.004386,2,0.007812,2880.0,872.5,1.2728,1.0,1.0,1.0,0.6293,0.0,0.8596,0.2807,yes,yes,no,partial,no,PASS,,957557432
SYN_disrupted_grid_none_0874,1000,synthetic,,industrial_disrupted,disrupted_grid,1550,1550,2402500.0,1500.0,1500.0,2250000.0,0.9365244536940687,256,456,45600.0,0.00018980228928199792,100.0,100.0,3.5625,4,0.0039,0.9297,1,1.0,1,0.002193,1,0.003906,4000.0,1084.38,1.2926,1.0,1.0,1.0,0.6293,0.0,0.8596,0.2807,yes,yes,no,partial,no,PASS,,2775676549
SYN_disrupted_grid_none_0913,1000,synthetic,,industrial_disrupted,disrupted_grid,1130,950,1073500.0,1080.0,900.0,972000.0,0.9054494643688868,304,545,32700.0,0.0005076851420586866,60.0,60.0,3.5855,4,0.0033,0.9572,1,1.0,1,0.001835,1,0.003289,2880.0,798.75,1.2836,0.9999,1.0,1.4118,0.6245,0.0,0.8587,0.2789,yes,yes,no,partial,no,PASS,,3777972087
SYN_disrupted_grid_none_0939,1000,synthetic,,industrial_disrupted,disrupted_grid,1490,1250,1862500.0,1440.0,1200.0,1728000.0,0.9277852348993288,304,545,43600.0,0.0002926174496644295,80.0,80.0,3.5855,4,0.0033,0.9572,1,1.0,1,0.001835,1,0.003289,3680.0,1091.25,1.2822,0.9999,1.0,1.4118,0.6245,0.0,0.8862,0.2789,yes,yes,no,partial,no,PASS,,2259905296
SYN_disrupted_grid_none_0965,1000,synthetic,,industrial_disrupted,disrupted_grid,1850,1550,2867500.0,1800.0,1500.0,2700000.0,0.941586748038361,304,545,54500.0,0.0001900610287707062,100.0,100.0,3.5855,4,0.0033,0.9605,1,1.0,1,0.001835,1,0.003289,4000.0,1212.5,1.311,0.9999,1.0,1.4118,0.6245,0.0,0.8752,0.2789,yes,yes,no,partial,no,PASS,,3046448349
SYN_disrupted_grid_none_0988,1000,synthetic,,industrial_disrupted,disrupted_grid,650,1130,734500.0,600.0,1080.0,648000.0,0.8822328114363512,209,369,22140.0,0.0005023825731790333,60.0,60.0,3.5311,4,0.0096,0.9426,1,1.0,2,0.00542,2,0.009569,2640.0,622.5,1.2929,0.9999,1.0,3.0,0.59,0.0,0.8699,0.2845,yes,yes,no,partial,no,PASS,,1481549492
SYN_disrupted_grid_none_1014,1200,synthetic,,industrial_disrupted,disrupted_grid,850,1490,1266500.0,800.0,1440.0,1152000.0,0.9095933675483616,209,369,29520.0,0.0002913541255428346,80.0,80.0,3.5311,4,0.0144,0.9282,1,1.0,4,0.01084,4,0.019139,3040.0,770.0,1.2747,0.9999,1.0,3.0,0.59,0.0,0.8726,0.2859,yes,yes,no,partial,no,PASS,,1444398544
SYN_disrupted_grid_none_1042,1200,synthetic,,industrial_disrupted,disrupted_grid,1050,1850,1942500.0,1000.0,1800.0,1800000.0,0.9266409266409267,209,369,36900.0,0.00018996138996138997,100.0,100.0,3.5311,4,0.0096,0.9474,1,1.0,2,0.00542,2,0.009569,4400.0,998.44,1.2751,1.0,1.0,3.0,0.59,0.0,0.8699,0.2845,yes,yes,no,partial,no,PASS,,1533567629
SYN_disrupted_grid_none_1065,1200,synthetic,,industrial_disrupted,disrupted_grid,770,1130,870100.0,720.0,1080.0,777600.0,0.8936903804160441,247,439,26340.0,0.0005045397080795311,60.0,60.0,3.5547,4,0.004,0.9271,1,1.0,1,0.002278,1,0.004049,2520.0,553.12,1.2537,0.9995,1.0,2.1429,0.6085,0.0,0.8656,0.2813,yes,yes,no,partial,no,PASS,,2990682800
SYN_disrupted_grid_none_1100,1200,synthetic,,industrial_disrupted,disrupted_grid,1010,1490,1504900.0,960.0,1440.0,1382400.0,0.918599242474583,247,439,35120.0,0.00029171373513190243,80.0,80.0,3.5547,4,0.0,0.9555,1,1.0,0,0.0,0,0.0,3680.0,893.75,1.3065,0.9995,1.0,2.1429,0.6085,0.0,0.8656,0.2802,yes,yes,no,partial,no,PASS,,4070306988
SYN_disrupted_grid_none_1123,1200,synthetic,,industrial_disrupted,disrupted_grid,1250,1850,2312500.0,1200.0,1800.0,2160000.0,0.9340540540540541,247,439,43900.0,0.00018983783783783784,100.0,100.0,3.5547,4,0.0,0.9393,1,1.0,0,0.0,0,0.0,3800.0,1056.25,1.2562,0.9998,1.0,2.1429,0.6085,0.0,0.8565,0.2802,yes,yes,no,partial,no,PASS,,2893366881
SYN_disrupted_grid_none_1146,1200,synthetic,,industrial_disrupted,disrupted_grid,950,1130,1073500.0,900.0,1080.0,972000.0,0.9054494643688868,304,545,32700.0,0.0005076851420586866,60.0,60.0,3.5855,4,0.0,0.9671,1,1.0,0,0.0,0,0.0,2400.0,758.44,1.2948,0.9993,1.0,1.4118,0.6245,0.0,0.8862,0.278,yes,yes,no,partial,no,PASS,,925844835
SYN_disrupted_grid_none_1171,1200,synthetic,,industrial_disrupted,disrupted_grid,1250,1490,1862500.0,1200.0,1440.0,1728000.0,0.9277852348993288,304,545,43600.0,0.0002926174496644295,80.0,80.0,3.5855,4,0.0,0.9507,1,1.0,0,0.0,0,0.0,3200.0,883.75,1.336,0.9998,1.0,1.4118,0.6245,0.0,0.8862,0.278,yes,yes,no,partial,no,PASS,,528346419
SYN_disrupted_grid_none_1195,1200,synthetic,,industrial_disrupted,disrupted_grid,1550,1850,2867500.0,1500.0,1800.0,2700000.0,0.941586748038361,304,545,54500.0,0.0001900610287707062,100.0,100.0,3.5855,4,0.0,0.9474,1,1.0,0,0.0,0,0.0,4200.0,1151.56,1.2546,1.0,1.0,1.4118,0.6245,0.0,0.8569,0.278,yes,yes,no,partial,no,PASS,,1297386710
SYN_disrupted_grid_none_1216,1600,synthetic,,industrial_disrupted,disrupted_grid,1130,1130,1276900.0,1080.0,1080.0,1166400.0,0.9134622914871956,361,650,39000.0,0.0005090453441929674,60.0,60.0,3.6011,4,0.0,0.9612,1,1.0,0,0.0,0,0.0,2880.0,822.19,1.2998,0.9999,1.0,1.0,0.6285,0.0,0.8938,0.2769,yes,yes,no,partial,no,PASS,,1070398735
SYN_disrupted_grid_none_1238,1600,synthetic,,industrial_disrupted,disrupted_grid,1490,1490,2220100.0,1440.0,1440.0,2073600.0,0.9340119814422774,361,650,52000.0,0.0002927796045223188,80.0,80.0,3.6011,4,0.0083,0.9446,1,1.0,4,0.006154,4,0.01108,4800.0,1006.25,1.2614,1.0,1.0,1.0,0.6285,0.0,0.88,0.2792,yes,yes,no,partial,no,PASS,,2725503902
SYN_disrupted_grid_none_1270,1600,synthetic,,industrial_disrupted,disrupted_grid,1850,1850,3422500.0,1800.0,1800.0,3240000.0,0.9466764061358656,361,650,65000.0,0.00018991964937910884,100.0,100.0,3.6011,4,0.0055,0.964,1,1.0,2,0.003077,2,0.00554,6000.0,1270.31,1.288,1.0,1.0,1.0,0.6285,0.0,0.8677,0.2785,yes,yes,no,partial,no,PASS,,3384615246
SYN_disrupted_grid_none_1305,1600,synthetic,,industrial_disrupted,disrupted_grid,650,650,422500.0,600.0,600.0,360000.0,0.8520710059171598,121,209,12540.0,0.0004946745562130178,60.0,60.0,3.4545,4,0.0909,0.8843,1,1.0,12,0.057416,12,0.099174,2160.0,480.94,1.2708,0.998,1.0,1.0,0.6293,0.0,0.8373,0.3132,yes,yes,no,partial,no,PASS,,216387002
SYN_disrupted_grid_none_1331,1600,synthetic,,industrial_disrupted,disrupted_grid,850,850,722500.0,800.0,800.0,640000.0,0.8858131487889274,121,209,16720.0,0.0002892733564013841,80.0,80.0,3.4545,4,0.0909,0.8843,1,1.0,12,0.057416,12,0.099174,2880.0,612.5,1.2549,0.998,1.0,1.0,0.6293,0.0,0.8373,0.3132,yes,yes,no,partial,no,PASS,,1621058273
SYN_disrupted_grid_none_1352,1600,synthetic,,industrial_disrupted,disrupted_grid,1050,1050,1102500.0,1000.0,1000.0,1000000.0,0.9070294784580499,121,209,20900.0,0.00018956916099773243,100.0,100.0,3.4545,4,0.0909,0.8843,1,1.0,12,0.057416,12,0.099174,3600.0,781.25,1.2714,0.998,1.0,1.0,0.6293,0.0,0.8373,0.3132,yes,yes,no,partial,no,PASS,,1155739883
SYN_disrupted_grid_none_1375,1600,synthetic,,industrial_disrupted,disrupted_grid,770,650,500500.0,720.0,600.0,432000.0,0.8631368631368631,143,249,14940.0,0.0004975024975024975,60.0,60.0,3.4825,4,0.0769,0.8811,1,1.0,11,0.044177,11,0.076923,2400.0,425.62,1.2946,0.9986,1.0,1.4,0.625,0.0,0.8273,0.3071,yes,yes,no,partial,no,PASS,,874551635
SYN_disrupted_grid_none_1402,1600,synthetic,,industrial_disrupted,disrupted_grid,1010,850,858500.0,960.0,800.0,768000.0,0.8945835760046593,143,249,19920.0,0.00029004076878276063,80.0,80.0,3.4825,4,0.0769,0.8811,1,1.0,11,0.044177,11,0.076923,3200.0,632.5,1.2581,0.9986,1.0,1.4,0.625,0.0,0.8273,0.3071,yes,yes,no,partial,no,PASS,,3901845981
SYN_disrupted_grid_none_1428,1600,synthetic,,industrial_disrupted,disrupted_grid,1250,1050,1312500.0,1200.0,1000.0,1200000.0,0.9142857142857143,143,249,24900.0,0.0001897142857142857,100.0,100.0,3.4825,4,0.0769,0.8811,1,1.0,11,0.044177,11,0.076923,4000.0,746.88,1.2745,0.9986,1.0,1.4,0.625,0.0,0.8273,0.3071,yes,yes,no,partial,no,PASS,,2358469017
SYN_disrupted_grid_none_1457,1600,synthetic,,industrial_disrupted,disrupted_grid,950,650,617500.0,900.0,600.0,540000.0,0.8744939271255061,176,309,18540.0,0.0005004048582995951,60.0,60.0,3.5114,4,0.0682,0.8864,1,1.0,12,0.038835,12,0.068182,2760.0,530.62,1.2505,0.9991,1.0,2.125,0.6099,0.0,0.8673,0.3025,yes,yes,no,partial,no,PASS,,3867164504
SYN_disrupted_grid_none_1482,1600,synthetic,,industrial_disrupted,disrupted_grid,1250,850,1062500.0,1200.0,800.0,960000.0,0.9035294117647059,176,309,24720.0,0.0002908235294117647,80.0,80.0,3.5114,4,0.0682,0.8864,1,1.0,12,0.038835,12,0.068182,3680.0,765.0,1.2482,0.9991,1.0,2.125,0.6099,0.0,0.8673,0.3025,yes,yes,no,partial,no,PASS,,1199180983
SYN_disrupted_grid_none_1516,1600,synthetic,,industrial_disrupted,disrupted_grid,1550,1050,1627500.0,1500.0,1000.0,1500000.0,0.9216589861751152,176,309,30900.0,0.00018986175115207375,100.0,100.0,3.5114,4,0.0682,0.8864,1,1.0,12,0.038835,12,0.068182,4600.0,871.88,1.2953,0.9991,1.0,2.125,0.6099,0.0,0.8673,0.3025,yes,yes,no,partial,no,PASS,,1821801414
SYN_disrupted_grid_none_1546,1600,synthetic,,industrial_disrupted,disrupted_grid,1130,650,734500.0,1080.0,600.0,648000.0,0.8822328114363512,209,369,22140.0,0.0005023825731790333,60.0,60.0,3.5311,4,0.067,0.89,1,1.0,14,0.03794,14,0.066986,3120.0,578.44,1.2629,0.9994,1.0,3.0,0.59,0.0,0.8672,0.3007,yes,yes,no,partial,no,PASS,,3232612102
SYN_disrupted_grid_none_1575,1600,synthetic,,industrial_disrupted,disrupted_grid,1490,850,1266500.0,1440.0,800.0,1152000.0,0.9095933675483616,209,369,29520.0,0.0002913541255428346,80.0,80.0,3.5311,4,0.067,0.89,1,1.0,14,0.03794,14,0.066986,4160.0,842.5,1.2928,0.9994,1.0,3.0,0.59,0.0,0.8672,0.3007,yes,yes,no,partial,no,PASS,,1359187034
SYN_disrupted_grid_none_1592,1600,synthetic,,industrial_disrupted,disrupted_grid,1850,1050,1942500.0,1800.0,1000.0,1800000.0,0.9266409266409267,209,369,36900.0,0.00018996138996138997,100.0,100.0,3.5311,4,0.067,0.89,1,1.0,14,0.03794,14,0.066986,5200.0,1020.31,1.2452,0.9994,1.0,3.0,0.59,0.0,0.8672,0.3007,yes,yes,no,partial,no,PASS,,143550377
SYN_disrupted_grid_none_1612,2000,synthetic,,industrial_disrupted,disrupted_grid,650,770,500500.0,600.0,720.0,432000.0,0.8631368631368631,143,249,14940.0,0.0004975024975024975,60.0,60.0,3.4825,4,0.0839,0.8881,1,1.0,14,0.056225,14,0.097902,2400.0,492.19,1.2361,0.998,1.0,1.4,0.625,0.0,0.8594,0.3091,yes,yes,no,partial,no,PASS,,3703155511
SYN_disrupted_grid_none_1633,2000,synthetic,,industrial_disrupted,disrupted_grid,850,1010,858500.0,800.0,960.0,768000.0,0.8945835760046593,143,249,19920.0,0.00029004076878276063,80.0,80.0,3.4825,4,0.0839,0.8881,1,1.0,14,0.056225,14,0.097902,3200.0,598.75,1.268,0.998,1.0,1.4,0.625,0.0,0.8594,0.3091,yes,yes,no,partial,no,PASS,,179350427
SYN_disrupted_grid_none_1653,2000,synthetic,,industrial_disrupted,disrupted_grid,1050,1250,1312500.0,1000.0,1200.0,1200000.0,0.9142857142857143,143,249,24900.0,0.0001897142857142857,100.0,100.0,3.4825,4,0.0839,0.8881,1,1.0,14,0.056225,14,0.097902,4000.0,887.5,1.2694,0.998,1.0,1.4,0.625,0.0,0.8594,0.3091,yes,yes,no,partial,no,PASS,,2430210382
SYN_disrupted_grid_none_1672,2000,synthetic,,industrial_disrupted,disrupted_grid,770,770,592900.0,720.0,720.0,518400.0,0.8743464327879912,169,297,17820.0,0.0005009276437847866,60.0,60.0,3.5148,4,0.0769,0.8935,1,1.0,16,0.053872,16,0.094675,2640.0,511.88,1.2695,0.9982,1.0,1.0,0.629,0.0,0.8384,0.3046,yes,yes,no,partial,no,PASS,,59031518
SYN_disrupted_grid_none_1700,2000,synthetic,,industrial_disrupted,disrupted_grid,1010,1010,1020100.0,960.0,960.0,921600.0,0.9034408391334183,169,297,23760.0,0.0002911479266738555,80.0,80.0,3.5148,4,0.0769,0.8935,1,1.0,16,0.053872,16,0.094675,3520.0,693.75,1.2595,0.9982,1.0,1.0,0.629,0.0,0.8384,0.3046,yes,yes,no,partial,no,PASS,,2349645362
SYN_disrupted_grid_none_1728,2000,synthetic,,industrial_disrupted,disrupted_grid,1250,1250,1562500.0,1200.0,1200.0,1440000.0,0.9216,169,297,29700.0,0.00019008,100.0,100.0,3.5148,4,0.0769,0.8935,1,1.0,16,0.053872,16,0.094675,4400.0,848.44,1.2913,0.9982,1.0,1.0,0.629,0.0,0.8384,0.3046,yes,yes,no,partial,no,PASS,,282301913
SYN_disrupted_grid_none_1756,2000,synthetic,,industrial_disrupted,disrupted_grid,950,770,731500.0,900.0,720.0,648000.0,0.885850991114149,208,368,22080.0,0.0005030758714969242,60.0,60.0,3.5385,4,0.0625,0.8894,1,1.0,16,0.043478,16,0.076923,3000.0,625.31,1.2511,0.9986,1.0,1.5179,0.6231,0.0,0.8696,0.2988,yes,yes,no,partial,no,PASS,,2641884990
SYN_disrupted_grid_none_1780,2000,synthetic,,industrial_disrupted,disrupted_grid,1250,1010,1262500.0,1200.0,960.0,1152000.0,0.9124752475247525,208,368,29440.0,0.0002914851485148515,80.0,80.0,3.5385,4,0.0625,0.8894,1,1.0,16,0.043478,16,0.076923,4000.0,737.5,1.2341,0.9986,1.0,1.5179,0.6231,0.0,0.8696,0.2988,yes,yes,no,partial,no,PASS,,2917500824
SYN_disrupted_grid_none_1820,2000,synthetic,,industrial_disrupted,disrupted_grid,1550,1250,1937500.0,1500.0,1200.0,1800000.0,0.9290322580645162,208,368,36800.0,0.00018993548387096775,100.0,100.0,3.5385,4,0.0625,0.8894,1,1.0,16,0.043478,16,0.076923,5000.0,945.31,1.229,0.9986,1.0,1.5179,0.6231,0.0,0.8696,0.2988,yes,yes,no,partial,no,PASS,,1422460155
SYN_disrupted_grid_none_1841,2000,synthetic,,industrial_disrupted,disrupted_grid,1130,770,870100.0,1080.0,720.0,777600.0,0.8936903804160441,247,439,26340.0,0.0005045397080795311,60.0,60.0,3.5547,4,0.0607,0.8907,1,1.0,19,0.04328,19,0.076923,3360.0,600.94,1.2496,0.9989,1.0,2.1429,0.6085,0.0,0.8724,0.2972,yes,yes,no,partial,no,PASS,,3648836384
SYN_disrupted_grid_none_1869,2000,synthetic,,industrial_disrupted,disrupted_grid,1490,1010,1504900.0,1440.0,960.0,1382400.0,0.918599242474583,247,439,35120.0,0.00029171373513190243,80.0,80.0,3.5547,4,0.0607,0.8907,1,1.0,19,0.04328,19,0.076923,4480.0,836.25,1.2658,0.9989,1.0,2.1429,0.6085,0.0,0.8724,0.2972,yes,yes,no,partial,no,PASS,,286070292
SYN_disrupted_grid_none_1902,2000,synthetic,,industrial_disrupted,disrupted_grid,1850,1250,2312500.0,1800.0,1200.0,2160000.0,0.9340540540540541,247,439,43900.0,0.00018983783783783784,100.0,100.0,3.5547,4,0.0607,0.8907,1,1.0,19,0.04328,19,0.076923,5600.0,984.38,1.2533,0.9989,1.0,2.1429,0.6085,0.0,0.8724,0.2972,yes,yes,no,partial,no,PASS,,1427463217
SYN_disrupted_grid_none_1930,2000,synthetic,,industrial_disrupted,disrupted_grid,650,950,617500.0,600.0,900.0,540000.0,0.8744939271255061,176,309,18540.0,0.0005004048582995951,60.0,60.0,3.5114,4,0.0682,0.892,1,1.0,17,0.055016,17,0.096591,2640.0,555.94,1.2764,0.9978,1.0,2.125,0.6099,0.0,0.8673,0.3025,yes,yes,no,partial,no,PASS,,2866346009
SYN_disrupted_grid_none_1957,2000,synthetic,,industrial_disrupted,disrupted_grid,850,1250,1062500.0,800.0,1200.0,960000.0,0.9035294117647059,176,309,24720.0,0.0002908235294117647,80.0,80.0,3.5114,4,0.0682,0.892,1,1.0,17,0.055016,17,0.096591,3520.0,663.75,1.2845,0.9978,1.0,2.125,0.6099,0.0,0.8673,0.3025,yes,yes,no,partial,no,PASS,,4032119040
SYN_disrupted_grid_none_1982,2000,synthetic,,industrial_disrupted,disrupted_grid,1050,1550,1627500.0,1000.0,1500.0,1500000.0,0.9216589861751152,176,309,30900.0,0.00018986175115207375,100.0,100.0,3.5114,4,0.0682,0.892,1,1.0,17,0.055016,17,0.096591,4400.0,837.5,1.272,0.9978,1.0,2.125,0.6099,0.0,0.8673,0.3025,yes,yes,no,partial,no,PASS,,3000570462
SYN_grid_none_0016,100,synthetic,,urban_grid,grid,370,370,136900.0,320.0,320.0,102400.0,0.747991234477721,81,144,5760.0,0.001051862673484295,40.0,40.0,3.5556,4,0.0,0.9506,1,1.0,0,0.0,0,0.0,1120.0,236.25,1.2832,1.0,1.0,1.0,0.6297,0.0,0.7778,0.2778,yes,yes,no,yes,no,PASS,,3592550035
SYN_grid_none_0047,100,synthetic,,urban_grid,grid,530,530,280900.0,480.0,480.0,230400.0,0.8202207191171236,81,144,8640.0,0.0005126379494482022,60.0,60.0,3.5556,4,0.0,0.9506,1,1.0,0,0.0,0,0.0,1680.0,360.94,1.2798,1.0,1.0,1.0,0.6297,0.0,0.7778,0.2778,yes,yes,no,yes,no,PASS,,3282373334
SYN_grid_none_0070,100,synthetic,,urban_grid,grid,690,690,476100.0,640.0,640.0,409600.0,0.8603234614576769,81,144,11520.0,0.00030245746691871453,80.0,80.0,3.5556,4,0.0,0.9506,1,1.0,0,0.0,0,0.0,2240.0,510.0,1.2639,1.0,1.0,1.0,0.6297,0.0,0.7778,0.2778,yes,yes,no,yes,no,PASS,,1436067526
SYN_grid_none_0101,200,synthetic,,urban_grid,grid,850,850,722500.0,800.0,800.0,640000.0,0.8858131487889274,81,144,14400.0,0.00019930795847750865,100.0,100.0,3.5556,4,0.0,0.9506,1,1.0,0,0.0,0,0.0,2800.0,595.31,1.2649,1.0,1.0,1.0,0.6297,0.0,0.7778,0.2778,yes,yes,no,yes,no,PASS,,3100182355
SYN_grid_none_0129,200,synthetic,,urban_grid,grid,1010,1010,1020100.0,960.0,960.0,921600.0,0.9034408391334183,81,144,17280.0,0.0001411626311145966,120.0,120.0,3.5556,4,0.0,0.9506,1,1.0,0,0.0,0,0.0,3360.0,742.5,1.2458,1.0,1.0,1.0,0.6297,0.0,0.7778,0.2778,yes,yes,no,yes,no,PASS,,636211603
SYN_grid_none_0164,200,synthetic,,urban_grid,grid,370,370,136900.0,320.0,320.0,102400.0,0.747991234477721,81,162,6778.23,0.001183345507669832,41.8409,40.0,4.0,6,0.0,0.9506,1,1.0,0,0.0,0,0.0,720.0,231.93,1.1942,1.3921,0.8889,1.0,0.6297,0.0,0.784,0.2469,yes,yes,no,yes,no,PASS,,3299776815
SYN_grid_none_0186,200,synthetic,,urban_grid,grid,530,530,280900.0,480.0,480.0,230400.0,0.8202207191171236,81,160,9997.65,0.0005695977216091135,62.4853,60.0,3.9506,6,0.0,0.9506,1,1.0,0,0.0,0,0.0,1440.0,333.28,1.1826,1.369,0.9,1.0,0.6297,0.0,0.8063,0.25,yes,yes,no,yes,no,PASS,,2482952637
SYN_grid_none_0216,400,synthetic,,urban_grid,grid,690,690,476100.0,640.0,640.0,409600.0,0.8603234614576769,81,157,12990.78,0.00032976265490443184,82.7438,80.0,3.8765,6,0.0,0.963,1,1.0,0,0.0,0,0.0,1545.1,479.25,1.2287,1.3292,0.9172,1.0,0.6297,0.0,0.8153,0.2548,yes,yes,no,yes,no,PASS,,3873046168
SYN_grid_none_0244,400,synthetic,,urban_grid,grid,850,850,722500.0,800.0,800.0,640000.0,0.8858131487889274,81,160,16662.74,0.00022145328719723183,104.1421,100.0,3.9506,6,0.0,0.9506,1,1.0,0,0.0,0,0.0,2200.0,569.42,1.2152,1.369,0.9,1.0,0.6297,0.0,0.8125,0.25,yes,yes,no,yes,no,PASS,,979763912
SYN_grid_none_0267,400,synthetic,,urban_grid,grid,1010,1010,1020100.0,960.0,960.0,921600.0,0.9034408391334183,81,163,20504.41,0.0001597882560533281,125.7939,120.0,4.0247,6,0.0,0.9506,1,1.0,0,0.0,0,0.0,3120.0,641.41,1.1844,1.4028,0.8834,1.0,0.6297,0.0,0.816,0.2454,yes,yes,no,yes,no,PASS,,1538489823
SYN_grid_none_0295,400,synthetic,,urban_grid,grid,450,370,166500.0,400.0,320.0,128000.0,0.7687687687687688,99,178,7120.0,0.001069069069069069,40.0,40.0,3.596,4,0.0,0.9596,1,1.0,0,0.0,0,0.0,1280.0,300.62,1.2711,0.9999,1.0,1.5,0.6234,0.0,0.7978,0.2753,yes,yes,no,yes,no,PASS,,4227749476
SYN_grid_none_0333,400,synthetic,,urban_grid,grid,650,530,344500.0,600.0,480.0,288000.0,0.8359941944847605,99,178,10680.0,0.0005166908563134979,60.0,60.0,3.596,4,0.0,0.9596,1,1.0,0,0.0,0,0.0,1920.0,450.0,1.2509,0.9999,1.0,1.5,0.6234,0.0,0.7978,0.2753,yes,yes,no,yes,no,PASS,,2866255633
SYN_grid_none_0366,400,synthetic,,urban_grid,grid,850,690,586500.0,800.0,640.0,512000.0,0.8729752770673487,99,178,14240.0,0.00030349531116794545,80.0,80.0,3.596,4,0.0,0.9596,1,1.0,0,0.0,0,0.0,2560.0,523.75,1.2509,0.9999,1.0,1.5,0.6234,0.0,0.7978,0.2753,yes,yes,no,yes,no,PASS,,852876502
SYN_grid_none_0388,400,synthetic,,urban_grid,grid,1050,850,892500.0,1000.0,800.0,800000.0,0.896358543417367,99,178,17800.0,0.00019943977591036416,100.0,100.0,3.596,4,0.0,0.9596,1,1.0,0,0.0,0,0.0,3200.0,685.94,1.2457,0.9999,1.0,1.5,0.6234,0.0,0.7978,0.2753,yes,yes,no,yes,no,PASS,,3045709845
SYN_grid_none_0405,600,synthetic,,urban_grid,grid,1250,1010,1262500.0,1200.0,960.0,1152000.0,0.9124752475247525,99,178,21360.0,0.000140990099009901,120.0,120.0,3.596,4,0.0,0.9596,1,1.0,0,0.0,0,0.0,3840.0,795.0,1.2059,0.9999,1.0,1.5,0.6234,0.0,0.7978,0.2753,yes,yes,no,yes,no,PASS,,1240922314
SYN_grid_none_0432,600,synthetic,,urban_grid,grid,450,370,166500.0,400.0,320.0,128000.0,0.7687687687687688,99,196,8138.23,0.0011771771771771772,41.5216,40.0,3.9596,6,0.0,0.9596,1,1.0,0,0.0,0,0.0,1040.0,227.77,1.1839,1.3507,0.9082,1.5,0.6234,0.0,0.8163,0.25,yes,yes,no,yes,no,PASS,,3308053052
SYN_grid_none_0459,600,synthetic,,urban_grid,grid,650,530,344500.0,600.0,480.0,288000.0,0.8359941944847605,99,201,12631.61,0.0005834542815674891,62.8439,60.0,4.0606,6,0.0,0.9596,1,1.0,0,0.0,0,0.0,1440.0,368.9,1.1728,1.3986,0.8856,1.5,0.6234,0.0,0.8209,0.2438,yes,yes,no,yes,no,PASS,,1512089542
SYN_grid_none_0485,600,synthetic,,urban_grid,grid,850,690,586500.0,800.0,640.0,512000.0,0.8729752770673487,99,194,16050.19,0.0003307757885763001,82.733,80.0,3.9192,5,0.0,0.9697,1,1.0,0,0.0,0,0.0,2278.82,444.23,1.1874,1.3283,0.9175,1.5,0.6234,0.0,0.7835,0.2526,yes,yes,no,yes,no,PASS,,282500692
SYN_grid_none_0522,600,synthetic,,urban_grid,grid,1050,850,892500.0,1000.0,800.0,800000.0,0.896358543417367,99,204,21476.96,0.00022857142857142857,105.2792,100.0,4.1212,6,0.0,0.9697,1,1.0,0,0.0,0,0.0,2731.37,638.81,1.1861,1.4229,0.8725,1.5,0.6234,0.0,0.8137,0.2402,yes,yes,no,yes,no,PASS,,95470041
SYN_grid_none_0541,600,synthetic,,urban_grid,grid,1250,1010,1262500.0,1200.0,960.0,1152000.0,0.9124752475247525,99,191,23566.17,0.00015128712871287128,123.3831,120.0,3.8586,6,0.0,0.9596,1,1.0,0,0.0,0,0.0,2458.23,787.66,1.1862,1.2905,0.9319,1.5,0.6234,0.0,0.7801,0.2565,yes,yes,no,yes,no,PASS,,806013701
SYN_grid_none_0568,600,synthetic,,urban_grid,grid,530,370,196100.0,480.0,320.0,153600.0,0.7832738398776135,117,212,8480.0,0.001081081081081081,40.0,40.0,3.6239,4,0.0,0.9658,1,1.0,0,0.0,0,0.0,1440.0,281.25,1.2532,0.9997,1.0,2.1,0.61,0.0,0.8208,0.2736,yes,yes,no,yes,no,PASS,,3256905462
SYN_grid_none_0593,600,synthetic,,urban_grid,grid,770,530,408100.0,720.0,480.0,345600.0,0.8468512619456016,117,212,12720.0,0.0005194805194805195,60.0,60.0,3.6239,4,0.0,0.9658,1,1.0,0,0.0,0,0.0,2160.0,422.81,1.2744,0.9997,1.0,2.1,0.61,0.0,0.8208,0.2736,yes,yes,no,yes,no,PASS,,996943229
SYN_grid_none_0620,800,synthetic,,urban_grid,grid,1010,690,696900.0,960.0,640.0,614400.0,0.8816185966422729,117,212,16960.0,0.00030420433347682594,80.0,80.0,3.6239,4,0.0,0.9658,1,1.0,0,0.0,0,0.0,2880.0,641.25,1.2488,0.9997,1.0,2.1,0.61,0.0,0.8208,0.2736,yes,yes,no,yes,no,PASS,,1685210365
SYN_grid_none_0642,800,synthetic,,urban_grid,grid,1250,850,1062500.0,1200.0,800.0,960000.0,0.9035294117647059,117,212,21200.0,0.00019952941176470588,100.0,100.0,3.6239,4,0.0,0.9658,1,1.0,0,0.0,0,0.0,3600.0,767.19,1.248,0.9997,1.0,2.1,0.61,0.0,0.8208,0.2736,yes,yes,no,yes,no,PASS,,2315019489
SYN_grid_none_0668,800,synthetic,,urban_grid,grid,1490,1010,1504900.0,1440.0,960.0,1382400.0,0.918599242474583,117,212,25440.0,0.0001408731477174563,120.0,120.0,3.6239,4,0.0,0.9658,1,1.0,0,0.0,0,0.0,4320.0,907.5,1.2592,0.9997,1.0,2.1,0.61,0.0,0.8208,0.2736,yes,yes,no,yes,no,PASS,,1065191192
SYN_grid_none_0695,800,synthetic,,urban_grid,grid,530,370,196100.0,480.0,320.0,153600.0,0.7832738398776135,117,235,9781.08,0.001198368179500255,41.6216,40.0,4.0171,6,0.0,0.9658,1,1.0,0,0.0,0,0.0,1040.0,267.38,1.1994,1.3641,0.9021,2.1,0.61,0.0,0.834,0.2468,yes,yes,no,yes,no,PASS,,823618393
SYN_grid_none_0726,800,synthetic,,urban_grid,grid,770,530,408100.0,720.0,480.0,345600.0,0.8468512619456016,117,232,14417.06,0.0005684881156579269,62.1425,60.0,3.9658,6,0.0,0.9658,1,1.0,0,0.0,0,0.0,2160.0,424.35,1.2197,1.3372,0.9138,2.1,0.61,0.0,0.7931,0.25,yes,yes,no,yes,no,PASS,,409502480
SYN_grid_none_0752,800,synthetic,,urban_grid,grid,1010,690,696900.0,960.0,640.0,614400.0,0.8816185966422729,117,236,19675.29,0.00033864255990816476,83.3699,80.0,4.0342,6,0.0,0.9744,1,1.0,0,0.0,0,0.0,2505.1,600.02,1.2048,1.3724,0.8983,2.1,0.61,0.0,0.8136,0.2458,yes,yes,no,yes,no,PASS,,4128447547
SYN_grid_none_0783,800,synthetic,,urban_grid,grid,1250,850,1062500.0,1200.0,800.0,960000.0,0.9035294117647059,117,244,25725.48,0.0002296470588235294,105.4323,100.0,4.1709,6,0.0,0.9744,1,1.0,0,0.0,0,0.0,3000.0,762.81,1.1848,1.4292,0.8689,2.1,0.61,0.0,0.8074,0.2377,yes,yes,no,yes,no,PASS,,1327676308
SYN_grid_none_0805,1000,synthetic,,urban_grid,grid,1490,1010,1504900.0,1440.0,960.0,1382400.0,0.918599242474583,117,237,29682.64,0.00015748554721243936,125.2432,120.0,4.0513,6,0.0,0.9744,1,1.0,0,0.0,0,0.0,3617.06,807.9,1.1707,1.3804,0.8945,2.1,0.61,0.0,0.8397,0.2447,yes,yes,no,yes,no,PASS,,972937949
SYN_grid_none_0832,1000,synthetic,,urban_grid,grid,650,370,240500.0,600.0,320.0,192000.0,0.7983367983367984,144,263,10520.0,0.0010935550935550935,40.0,40.0,3.6528,4,0.0,0.9722,1,1.0,0,0.0,0,0.0,1680.0,326.88,1.2515,0.9995,1.0,3.1875,0.5875,0.0,0.8555,0.2719,yes,yes,no,yes,no,PASS,,4066307257
SYN_grid_none_0851,1000,synthetic,,urban_grid,grid,950,530,503500.0,900.0,480.0,432000.0,0.8579940417080437,144,263,15780.0,0.000522343594836147,60.0,60.0,3.6528,4,0.0,0.9722,1,1.0,0,0.0,0,0.0,2520.0,547.5,1.2598,0.9995,1.0,3.1875,0.5875,0.0,0.8555,0.2719,yes,yes,no,yes,no,PASS,,303531704
SYN_grid_none_0875,1000,synthetic,,urban_grid,grid,1250,690,862500.0,1200.0,640.0,768000.0,0.8904347826086957,144,263,21040.0,0.00030492753623188407,80.0,80.0,3.6528,4,0.0,0.9722,1,1.0,0,0.0,0,0.0,3360.0,661.25,1.2308,0.9995,1.0,3.1875,0.5875,0.0,0.8555,0.2719,yes,yes,no,yes,no,PASS,,4244930951
SYN_grid_none_0914,1000,synthetic,,urban_grid,grid,1550,850,1317500.0,1500.0,800.0,1200000.0,0.9108159392789373,144,263,26300.0,0.00019962049335863378,100.0,100.0,3.6528,4,0.0,0.9722,1,1.0,0,0.0,0,0.0,4200.0,865.62,1.2654,0.9995,1.0,3.1875,0.5875,0.0,0.8555,0.2719,yes,yes,no,yes,no,PASS,,4236655949
SYN_grid_none_0942,1000,synthetic,,urban_grid,grid,1850,1010,1868500.0,1800.0,960.0,1728000.0,0.9248059941129249,144,263,31560.0,0.00014075461600214075,120.0,120.0,3.6528,4,0.0,0.9722,1,1.0,0,0.0,0,0.0,5040.0,997.5,1.2217,0.9995,1.0,3.1875,0.5875,0.0,0.8555,0.2719,yes,yes,no,yes,no,PASS,,3612723141
SYN_grid_none_0966,1000,synthetic,,urban_grid,grid,650,370,240500.0,600.0,320.0,192000.0,0.7983367983367984,144,294,12273.62,0.0012224532224532224,41.747,40.0,4.0833,6,0.0,0.9861,1,1.0,0,0.0,0,0.0,1680.0,293.76,1.1699,1.3801,0.8946,3.1875,0.5875,0.0,0.8129,0.2432,yes,yes,no,yes,no,PASS,,3873733638
SYN_grid_none_0991,1000,synthetic,,urban_grid,grid,950,530,503500.0,900.0,480.0,432000.0,0.8579940417080437,144,298,18749.85,0.0005918570009930486,62.919,60.0,4.1389,6,0.0,0.9722,1,1.0,0,0.0,0,0.0,1978.23,515.03,1.1583,1.4041,0.8826,3.1875,0.5875,0.0,0.8356,0.2399,yes,yes,no,yes,no,PASS,,46002881
SYN_grid_none_1015,1200,synthetic,,urban_grid,grid,1250,690,862500.0,1200.0,640.0,768000.0,0.8904347826086957,144,293,24434.11,0.00033971014492753624,83.3929,80.0,4.0694,6,0.0,0.9722,1,1.0,0,0.0,0,0.0,2240.0,703.3,1.2083,1.3737,0.8976,3.1875,0.5875,0.0,0.8532,0.244,yes,yes,no,yes,no,PASS,,3587815889
SYN_grid_none_1043,1200,synthetic,,urban_grid,grid,1550,850,1317500.0,1500.0,800.0,1200000.0,0.9108159392789373,144,295,30825.48,0.0002239089184060721,104.4932,100.0,4.0972,6,0.0,0.9792,1,1.0,0,0.0,0,0.0,2600.0,762.92,1.1827,1.3864,0.8915,3.1875,0.5875,0.0,0.8305,0.2424,yes,yes,no,yes,no,PASS,,1207280275
SYN_grid_none_1066,1200,synthetic,,urban_grid,grid,1850,1010,1868500.0,1800.0,960.0,1728000.0,0.9248059941129249,144,290,36142.05,0.0001552047096601552,124.6278,120.0,4.0278,6,0.0,0.9792,1,1.0,0,0.0,0,0.0,4196.47,938.38,1.1954,1.3532,0.9069,3.1875,0.5875,0.0,0.8138,0.2466,yes,yes,no,yes,no,PASS,,3733626288
SYN_grid_none_1102,1200,synthetic,,urban_grid,grid,770,370,284900.0,720.0,320.0,230400.0,0.8087048087048087,171,314,12560.0,0.001102141102141102,40.0,40.0,3.6725,4,0.0,0.9766,1,1.0,0,0.0,0,0.0,1920.0,358.75,1.2242,0.9993,1.0,4.5,0.5644,0.0,0.8248,0.2707,yes,yes,no,yes,no,PASS,,1582295160
SYN_grid_none_1124,1200,synthetic,,urban_grid,grid,1130,530,598900.0,1080.0,480.0,518400.0,0.8655869093337786,171,314,18840.0,0.0005242945399899817,60.0,60.0,3.6725,4,0.0,0.9766,1,1.0,0,0.0,0,0.0,2880.0,545.62,1.2177,0.9993,1.0,4.5,0.5644,0.0,0.8248,0.2707,yes,yes,no,yes,no,PASS,,299704341
SYN_grid_none_1148,1200,synthetic,,urban_grid,grid,1490,690,1028100.0,1440.0,640.0,921600.0,0.896410854975197,171,314,25120.0,0.0003054177609181986,80.0,80.0,3.6725,4,0.0,0.9766,1,1.0,0,0.0,0,0.0,3840.0,690.0,1.2165,0.9993,1.0,4.5,0.5644,0.0,0.8248,0.2707,yes,yes,no,yes,no,PASS,,3255168790
SYN_grid_none_1172,1200,synthetic,,urban_grid,grid,1850,850,1572500.0,1800.0,800.0,1440000.0,0.9157392686804452,171,314,31400.0,0.00019968203497615263,100.0,100.0,3.6725,4,0.0,0.9766,1,1.0,0,0.0,0,0.0,4800.0,896.88,1.2359,0.9993,1.0,4.5,0.5644,0.0,0.8248,0.2707,yes,yes,no,yes,no,PASS,,1753126008
SYN_grid_none_1196,1200,synthetic,,urban_grid,grid,2210,1010,2232100.0,2160.0,960.0,2073600.0,0.9289906366202231,171,314,37680.0,0.00014067470095425832,120.0,120.0,3.6725,4,0.0,0.9766,1,1.0,0,0.0,0,0.0,5760.0,1183.12,1.2394,0.9993,1.0,4.5,0.5644,0.0,0.8248,0.2707,yes,yes,no,yes,no,PASS,,1958754728
SYN_grid_none_1219,1600,synthetic,,urban_grid,grid,770,370,284900.0,720.0,320.0,230400.0,0.8087048087048087,171,346,14370.19,0.0012144612144612144,41.5324,40.0,4.0468,6,0.0,0.9766,1,1.0,0,0.0,0,0.0,1219.41,366.18,1.1837,1.3516,0.9075,4.5,0.5644,0.0,0.8642,0.2457,yes,yes,no,yes,no,PASS,,3033462520
SYN_grid_none_1240,1600,synthetic,,urban_grid,grid,1130,530,598900.0,1080.0,480.0,518400.0,0.8655869093337786,171,345,21470.44,0.0005760561028552346,62.2332,60.0,4.0351,6,0.0,0.9766,1,1.0,0,0.0,0,0.0,2520.0,524.98,1.1584,1.3455,0.9101,4.5,0.5644,0.0,0.8203,0.2464,yes,yes,no,yes,no,PASS,,3947757447
SYN_grid_none_1274,1600,synthetic,,urban_grid,grid,1490,690,1028100.0,1440.0,640.0,921600.0,0.896410854975197,171,350,29192.94,0.0003404338099406672,83.4084,80.0,4.0936,6,0.0,0.9766,1,1.0,0,0.0,0,0.0,2240.0,738.85,1.18,1.3745,0.8971,4.5,0.5644,0.0,0.8143,0.2429,yes,yes,no,yes,no,PASS,,4077704440
SYN_grid_none_1311,1600,synthetic,,urban_grid,grid,1850,850,1572500.0,1800.0,800.0,1440000.0,0.9157392686804452,171,352,36774.01,0.00022384737678855327,104.4716,100.0,4.117,6,0.0,0.9766,1,1.0,0,0.0,0,0.0,3400.0,880.8,1.1821,1.3851,0.892,4.5,0.5644,0.0,0.8267,0.2415,yes,yes,no,yes,no,PASS,,3210664070
SYN_grid_none_1332,1600,synthetic,,urban_grid,grid,2210,1010,2232100.0,2160.0,960.0,2073600.0,0.9289906366202231,171,358,45147.05,0.0001603870794319251,126.1091,120.0,4.1871,6,0.0,0.9766,1,1.0,0,0.0,0,0.0,4337.06,1111.2,1.2068,1.4141,0.8771,4.5,0.5644,0.0,0.8436,0.2374,yes,yes,no,yes,no,PASS,,1339737320
SYN_grid_none_1355,1600,synthetic,,urban_grid,grid,850,370,314500.0,800.0,320.0,256000.0,0.8139904610492846,189,348,13920.0,0.0011065182829888712,40.0,40.0,3.6825,4,0.0,0.9788,1,1.0,0,0.0,0,0.0,2080.0,382.5,1.224,0.9991,1.0,5.5,0.5513,0.0,0.8305,0.2701,yes,yes,no,yes,no,PASS,,3388559817
SYN_grid_none_1376,1600,synthetic,,urban_grid,grid,1250,530,662500.0,1200.0,480.0,576000.0,0.8694339622641509,189,348,20880.0,0.0005252830188679246,60.0,60.0,3.6825,4,0.0,0.9788,1,1.0,0,0.0,0,0.0,3120.0,593.44,1.2298,0.9991,1.0,5.5,0.5513,0.0,0.8305,0.2701,yes,yes,no,yes,no,PASS,,3230223845
SYN_grid_none_1408,1600,synthetic,,urban_grid,grid,1650,690,1138500.0,1600.0,640.0,1024000.0,0.8994290733421169,189,348,27840.0,0.00030566534914361,80.0,80.0,3.6825,4,0.0,0.9788,1,1.0,0,0.0,0,0.0,4160.0,832.5,1.2317,0.9991,1.0,5.5,0.5513,0.0,0.8305,0.2701,yes,yes,no,yes,no,PASS,,896795262
SYN_grid_none_1431,1600,synthetic,,urban_grid,grid,2050,850,1742500.0,2000.0,800.0,1600000.0,0.9182209469153515,189,348,34800.0,0.00019971305595408895,100.0,100.0,3.6825,4,0.0,0.9788,1,1.0,0,0.0,0,0.0,5200.0,1001.56,1.2568,0.9991,1.0,5.5,0.5513,0.0,0.8305,0.2701,yes,yes,no,yes,no,PASS,,1202653650
SYN_grid_none_1458,1600,synthetic,,urban_grid,grid,2450,1010,2474500.0,2400.0,960.0,2304000.0,0.9310971913517883,189,348,41760.0,0.00014063447161042635,120.0,120.0,3.6825,4,0.0,0.9788,1,1.0,0,0.0,0,0.0,6240.0,1306.88,1.2052,0.9991,1.0,5.5,0.5513,0.0,0.8305,0.2701,yes,yes,no,yes,no,PASS,,2427864813
SYN_grid_none_1484,1600,synthetic,,urban_grid,grid,850,370,314500.0,800.0,320.0,256000.0,0.8139904610492846,189,381,15786.76,0.0012114467408585055,41.4351,40.0,4.0317,6,0.0,0.9788,1,1.0,0,0.0,0,0.0,1360.0,379.09,1.1772,1.3377,0.9134,5.5,0.5513,0.0,0.8451,0.2467,yes,yes,no,yes,no,PASS,,70879706
SYN_grid_none_1517,1600,synthetic,,urban_grid,grid,1250,530,662500.0,1200.0,480.0,576000.0,0.8694339622641509,189,387,24189.26,0.0005841509433962264,62.5045,60.0,4.0952,6,0.0,0.9788,1,1.0,0,0.0,0,0.0,2528.53,569.27,1.1921,1.3699,0.8992,5.5,0.5513,0.0,0.8475,0.2429,yes,yes,no,yes,no,PASS,,3295239816
SYN_grid_none_1552,1600,synthetic,,urban_grid,grid,1650,690,1138500.0,1600.0,640.0,1024000.0,0.8994290733421169,189,396,33270.58,0.00034782608695652176,84.0166,80.0,4.1905,6,0.0,0.9788,1,1.0,0,0.0,0,0.0,3360.0,888.26,1.19,1.4109,0.8788,5.5,0.5513,0.0,0.8737,0.2374,yes,yes,no,yes,no,PASS,,1095043601
SYN_grid_none_1576,1600,synthetic,,urban_grid,grid,2050,850,1742500.0,2000.0,800.0,1600000.0,0.9182209469153515,189,384,39891.17,0.00022037302725968436,103.8833,100.0,4.0635,6,0.0,0.9841,1,1.0,0,0.0,0,0.0,3814.21,911.71,1.1539,1.3543,0.9062,5.5,0.5513,0.0,0.8385,0.2448,yes,yes,no,yes,no,PASS,,2496430249
SYN_grid_none_1593,1600,synthetic,,urban_grid,grid,2450,1010,2474500.0,2400.0,960.0,2304000.0,0.9310971913517883,189,387,48378.52,0.00015639523135987067,125.0091,120.0,4.0952,6,0.0,0.9788,1,1.0,0,0.0,0,0.0,4477.65,1136.11,1.1666,1.3699,0.8992,5.5,0.5513,0.0,0.832,0.2429,yes,yes,no,yes,no,PASS,,2191507796
SYN_grid_none_1613,2000,synthetic,,urban_grid,grid,370,450,166500.0,320.0,400.0,128000.0,0.7687687687687688,99,178,7120.0,0.001069069069069069,40.0,40.0,3.596,4,0.0,0.9596,1,1.0,0,0.0,0,0.0,1280.0,279.38,1.2548,0.9999,1.0,1.5,0.6234,0.0,0.7978,0.2753,yes,yes,no,yes,no,PASS,,4233467285
SYN_grid_none_1635,2000,synthetic,,urban_grid,grid,530,650,344500.0,480.0,600.0,288000.0,0.8359941944847605,99,178,10680.0,0.0005166908563134979,60.0,60.0,3.596,4,0.0,0.9596,1,1.0,0,0.0,0,0.0,1920.0,396.56,1.2451,0.9999,1.0,1.5,0.6234,0.0,0.7978,0.2753,yes,yes,no,yes,no,PASS,,860097572
SYN_grid_none_1654,2000,synthetic,,urban_grid,grid,690,850,586500.0,640.0,800.0,512000.0,0.8729752770673487,99,178,14240.0,0.00030349531116794545,80.0,80.0,3.596,4,0.0,0.9596,1,1.0,0,0.0,0,0.0,2560.0,497.5,1.2698,0.9999,1.0,1.5,0.6234,0.0,0.7978,0.2753,yes,yes,no,yes,no,PASS,,2637507650
SYN_grid_none_1674,2000,synthetic,,urban_grid,grid,850,1050,892500.0,800.0,1000.0,800000.0,0.896358543417367,99,178,17800.0,0.00019943977591036416,100.0,100.0,3.596,4,0.0,0.9596,1,1.0,0,0.0,0,0.0,3200.0,668.75,1.2705,0.9999,1.0,1.5,0.6234,0.0,0.7978,0.2753,yes,yes,no,yes,no,PASS,,3126987148
SYN_grid_none_1703,2000,synthetic,,urban_grid,grid,1010,1250,1262500.0,960.0,1200.0,1152000.0,0.9124752475247525,99,178,21360.0,0.000140990099009901,120.0,120.0,3.596,4,0.0,0.9596,1,1.0,0,0.0,0,0.0,3840.0,800.62,1.2682,0.9999,1.0,1.5,0.6234,0.0,0.7978,0.2753,yes,yes,no,yes,no,PASS,,3193730446
SYN_grid_none_1729,2000,synthetic,,urban_grid,grid,370,450,166500.0,320.0,400.0,128000.0,0.7687687687687688,99,193,7968.53,0.0011591591591591593,41.2877,40.0,3.899,6,0.0,0.9697,1,1.0,0,0.0,0,0.0,800.0,258.8,1.1993,1.3163,0.9223,1.5,0.6234,0.0,0.8083,0.2539,yes,yes,no,yes,no,PASS,,3506841016
SYN_grid_none_1757,2000,synthetic,,urban_grid,grid,530,650,344500.0,480.0,600.0,288000.0,0.8359941944847605,99,194,12037.65,0.0005631349782293178,62.0497,60.0,3.9192,6,0.0,0.9697,1,1.0,0,0.0,0,0.0,1440.0,380.45,1.2022,1.3283,0.9175,1.5,0.6234,0.0,0.7938,0.2526,yes,yes,no,yes,no,PASS,,4266876754
SYN_grid_none_1781,2000,synthetic,,urban_grid,grid,690,850,586500.0,640.0,800.0,512000.0,0.8729752770673487,99,191,15710.78,0.0003256606990622336,82.2554,80.0,3.8586,6,0.0,0.9596,1,1.0,0,0.0,0,0.0,2080.0,470.44,1.2177,1.2905,0.9319,1.5,0.6234,0.0,0.8063,0.2565,yes,yes,no,yes,no,PASS,,3147898135
SYN_grid_none_1821,2000,synthetic,,urban_grid,grid,850,1050,892500.0,800.0,1000.0,800000.0,0.896358543417367,99,197,20487.01,0.0002207282913165266,103.995,100.0,3.9798,6,0.0,0.9596,1,1.0,0,0.0,0,0.0,2000.0,668.3,1.1958,1.3611,0.9036,1.5,0.6234,0.0,0.7868,0.2487,yes,yes,no,yes,no,PASS,,3896984426
SYN_grid_none_1846,2000,synthetic,,urban_grid,grid,1010,1250,1262500.0,960.0,1200.0,1152000.0,0.9124752475247525,99,192,23735.88,0.00015207920792079208,123.6244,120.0,3.8788,6,0.0,0.9596,1,1.0,0,0.0,0,0.0,2880.0,856.9,1.2397,1.3037,0.9271,1.5,0.6234,0.0,0.8229,0.2552,yes,yes,no,yes,no,PASS,,2599377698
SYN_grid_none_1871,2000,synthetic,,urban_grid,grid,450,450,202500.0,400.0,400.0,160000.0,0.7901234567901234,121,220,8800.0,0.0010864197530864198,40.0,40.0,3.6364,4,0.0,0.9669,1,1.0,0,0.0,0,0.0,1440.0,260.62,1.2776,1.0,1.0,1.0,0.6293,0.0,0.8182,0.2727,yes,yes,no,yes,no,PASS,,327361369
SYN_grid_none_1907,2000,synthetic,,urban_grid,grid,650,650,422500.0,600.0,600.0,360000.0,0.8520710059171598,121,220,13200.0,0.0005207100591715976,60.0,60.0,3.6364,4,0.0,0.9669,1,1.0,0,0.0,0,0.0,2160.0,464.06,1.2711,1.0,1.0,1.0,0.6293,0.0,0.8182,0.2727,yes,yes,no,yes,no,PASS,,3437215781
SYN_grid_none_1933,2000,synthetic,,urban_grid,grid,850,850,722500.0,800.0,800.0,640000.0,0.8858131487889274,121,220,17600.0,0.00030449826989619377,80.0,80.0,3.6364,4,0.0,0.9669,1,1.0,0,0.0,0,0.0,2880.0,586.25,1.2303,1.0,1.0,1.0,0.6293,0.0,0.8182,0.2727,yes,yes,no,yes,no,PASS,,2701847152
SYN_grid_none_1959,2000,synthetic,,urban_grid,grid,1050,1050,1102500.0,1000.0,1000.0,1000000.0,0.9070294784580499,121,220,22000.0,0.00019954648526077098,100.0,100.0,3.6364,4,0.0,0.9669,1,1.0,0,0.0,0,0.0,3600.0,726.56,1.2607,1.0,1.0,1.0,0.6293,0.0,0.8182,0.2727,yes,yes,no,yes,no,PASS,,1004688248
SYN_grid_none_1988,2000,synthetic,,urban_grid,grid,1250,1250,1562500.0,1200.0,1200.0,1440000.0,0.9216,121,220,26400.0,0.0001408,120.0,120.0,3.6364,4,0.0,0.9669,1,1.0,0,0.0,0,0.0,4320.0,873.75,1.2627,1.0,1.0,1.0,0.6293,0.0,0.8182,0.2727,yes,yes,no,yes,no,PASS,,3874276846
SYN_hub_and_spoke_none_0019,100,synthetic,,hub_and_spoke,hub_and_spoke,350,341,119350.0,299.95,290.16,87033.12,0.7292260038793495,21,40,3926.76,0.00033514872224549644,98.1691,82.5,3.8095,20,0.0,0.5238,1,1.0,0,0.0,0,0.0,300.0,199.47,1.3257,3.2516,0.275,1.0504,0.6311,0.0,0.6,0.25,yes,yes,no,no,no,PASS,,420123995
SYN_hub_and_spoke_none_0048,100,synthetic,,hub_and_spoke,hub_and_spoke,350,335,117250.0,299.45,284.81,85287.88,0.7274019230946935,21,40,3926.23,0.0003411513859275053,98.1557,82.5,3.8095,20,0.0,0.5238,1,1.0,0,0.0,0,0.0,300.0,182.75,1.4513,3.2023,0.275,1.0573,0.6315,0.0,0.6,0.25,yes,yes,no,no,no,PASS,,4227798613
SYN_hub_and_spoke_none_0072,100,synthetic,,hub_and_spoke,hub_and_spoke,350,341,119350.0,299.93,290.22,87046.58,0.7293387386869193,21,40,3926.67,0.00033514872224549644,98.1668,82.5,3.8095,20,0.0,0.5238,1,1.0,0,0.0,0,0.0,300.0,185.47,1.4141,3.3068,0.35,1.0779,0.63,0.0,0.6,0.25,yes,yes,no,no,no,PASS,,604914592
SYN_hub_and_spoke_none_0102,200,synthetic,,hub_and_spoke,hub_and_spoke,350,340,119000.0,299.76,289.45,86764.17,0.7291107083339085,21,40,3926.88,0.0003361344537815126,98.172,84.1082,3.8095,20,0.0,0.5238,1,1.0,0,0.0,0,0.0,300.0,198.85,1.4195,3.1211,0.275,1.0436,0.6307,0.0,0.55,0.25,yes,yes,no,no,no,PASS,,3596805610
SYN_hub_and_spoke_none_0130,200,synthetic,,hub_and_spoke,hub_and_spoke,550,340,187000.0,499.85,289.12,144517.49,0.7728208165900836,42,81,8053.43,0.0004331550802139037,99.4251,82.5,3.8571,21,0.0,0.5238,1,1.0,1,0.012346,2,0.047619,700.0,295.82,1.969,3.2057,0.2469,2.4846,0.5408,0.0,0.9877,0.2531,yes,yes,no,no,no,PASS,,2005269455
SYN_hub_and_spoke_none_0165,200,synthetic,,hub_and_spoke,hub_and_spoke,750,340,255000.0,699.99,289.55,202677.94,0.7948154588170512,42,81,8253.24,0.00031764705882352944,101.8918,82.5,3.8571,21,0.0,0.5238,1,1.0,1,0.012346,2,0.047619,1100.0,412.02,1.4933,3.2229,0.2469,6.7018,0.6355,0.0,0.9877,0.2531,yes,yes,no,no,no,PASS,,3044040251
SYN_hub_and_spoke_none_0190,200,synthetic,,hub_and_spoke,hub_and_spoke,950,341,323950.0,899.32,290.97,261673.34,0.8077584324239481,42,81,8452.68,0.0002500385862015743,104.3541,82.5,3.8571,21,0.0,0.5238,1,1.0,1,0.012346,2,0.047619,1500.0,541.55,1.283,3.2563,0.284,13.5787,0.7384,0.0,0.9877,0.2531,yes,yes,no,no,no,PASS,,759678227
SYN_hub_and_spoke_none_0218,400,synthetic,,hub_and_spoke,hub_and_spoke,1150,341,392150.0,1099.71,291.0,320013.16,0.8160478457056152,42,81,8653.02,0.00020655361468825705,106.8274,82.5,3.8571,21,0.0,0.5238,1,1.0,1,0.012346,2,0.047619,1900.0,580.86,1.2766,3.3357,0.321,23.0018,0.8025,0.0,0.5802,0.2531,yes,yes,no,no,no,PASS,,1099943960
SYN_hub_and_spoke_none_0247,400,synthetic,,hub_and_spoke,hub_and_spoke,750,339,254250.0,699.6,288.33,201713.51,0.7933667880915182,63,122,12180.08,0.00047984267453294,99.8367,82.5,3.873,22,0.0,0.5238,1,1.0,2,0.016393,3,0.047619,700.0,380.37,1.7607,3.2158,0.2213,4.8646,0.5253,0.0,0.9836,0.2541,yes,yes,no,no,no,PASS,,1300606201
SYN_hub_and_spoke_none_0269,400,synthetic,,hub_and_spoke,hub_and_spoke,1150,341,392150.0,1099.79,290.23,319187.81,0.8139431671907639,63,122,12579.69,0.00031110544434527607,103.1122,82.5,3.873,22,0.0,0.5238,1,1.0,2,0.016393,3,0.047619,1100.0,613.52,1.4794,3.4488,0.2623,16.5309,0.4894,0.0,0.9836,0.2541,yes,yes,no,no,no,PASS,,3718572529
SYN_hub_and_spoke_none_0296,400,synthetic,,hub_and_spoke,hub_and_spoke,1550,339,525450.0,1500.0,288.2,432293.57,0.8227111431101731,63,122,12979.56,0.00023218193929013228,106.3898,82.5,3.873,22,0.0,0.5238,1,1.0,2,0.016393,3,0.047619,1500.0,808.3,1.3998,3.3365,0.2131,35.9498,0.4456,0.0,0.8033,0.2541,yes,yes,no,no,no,PASS,,3785542597
SYN_hub_and_spoke_none_0334,400,synthetic,,hub_and_spoke,hub_and_spoke,1950,341,664950.0,1899.67,290.2,551282.77,0.8290589878418196,63,122,13379.77,0.00018347244153695767,109.6703,82.5,3.873,22,0.0,0.5238,1,1.0,2,0.016393,3,0.047619,1900.0,875.4,1.3267,3.2224,0.2459,62.0888,0.416,0.0,0.8033,0.2541,yes,yes,no,no,no,PASS,,439319185
SYN_hub_and_spoke_none_0367,400,synthetic,,hub_and_spoke,hub_and_spoke,650,623,404950.0,599.69,572.37,343247.25,0.8476287107124543,21,40,7853.18,9.877762686751451e-05,196.3295,165.0,3.8095,20,0.0,0.5238,1,1.0,0,0.0,0,0.0,600.0,411.16,1.2848,2.9477,0.2,1.054,0.6295,0.0,0.55,0.25,yes,yes,no,no,no,PASS,,3197613247
SYN_hub_and_spoke_none_0389,400,synthetic,,hub_and_spoke,hub_and_spoke,650,625,406250.0,599.52,574.41,344370.19,0.8476804609118271,21,40,7852.82,9.846153846153846e-05,196.3204,165.0,3.8095,20,0.0,0.5238,1,1.0,0,0.0,0,0.0,600.0,379.2,1.4362,3.346,0.375,1.0611,0.6293,0.0,0.675,0.25,yes,yes,no,no,no,PASS,,2158994767
SYN_hub_and_spoke_none_0406,600,synthetic,,hub_and_spoke,hub_and_spoke,650,624,405600.0,599.12,573.64,343679.91,0.8473370516971095,21,40,7853.24,9.861932938856015e-05,196.3311,165.0,3.8095,20,0.0,0.5238,1,1.0,0,0.0,0,0.0,600.0,422.49,1.2957,3.0215,0.2,1.0523,0.6308,0.0,0.675,0.25,yes,yes,no,no,no,PASS,,493673168
SYN_hub_and_spoke_none_0436,600,synthetic,,hub_and_spoke,hub_and_spoke,650,621,403650.0,599.03,570.72,341875.74,0.8469608326525248,21,40,7852.84,9.909575126966432e-05,196.321,165.0,3.8095,20,0.0,0.5238,1,1.0,0,0.0,0,0.0,600.0,377.18,1.3036,3.1656,0.225,1.0513,0.6289,0.0,0.6,0.25,yes,yes,no,no,no,PASS,,2999122645
SYN_hub_and_spoke_none_0460,600,synthetic,,hub_and_spoke,hub_and_spoke,849,633,537417.0,798.59,582.5,465178.46,0.8655819511389305,42,81,15905.61,0.00015072094853716946,196.3656,165.0,3.8571,21,0.0,0.5238,1,1.0,1,0.012346,2,0.047619,1000.0,508.57,1.8789,3.3266,0.4321,1.396,0.5914,0.0,0.9877,0.2531,yes,yes,no,no,no,PASS,,1199092221
SYN_hub_and_spoke_none_0489,600,synthetic,,hub_and_spoke,hub_and_spoke,1050,633,664650.0,999.57,582.68,582426.84,0.8762910440113748,42,81,16106.82,0.00012186865267433987,198.8496,165.0,3.8571,21,0.0,0.5238,1,1.0,1,0.012346,2,0.047619,1400.0,572.74,1.6745,3.3716,0.284,2.4536,0.5337,0.0,0.9877,0.2531,yes,yes,no,no,no,PASS,,3534162777
SYN_hub_and_spoke_none_0523,600,synthetic,,hub_and_spoke,hub_and_spoke,1249,634,791866.0,1198.9,583.29,699301.7,0.8831061087282345,42,81,16305.6,0.00010229003391988038,201.3036,165.0,3.8571,21,0.0,0.5238,1,1.0,1,0.012346,2,0.047619,1800.0,690.74,1.5063,3.4289,0.3086,4.245,0.5463,0.0,0.9877,0.2531,yes,yes,no,no,no,PASS,,3762126961
SYN_hub_and_spoke_none_0543,600,synthetic,,hub_and_spoke,hub_and_spoke,1449,625,905625.0,1398.68,574.75,803886.78,0.8876596573687373,42,81,16506.92,8.944099378881987e-05,203.7891,165.0,3.8571,21,0.0,0.5238,1,1.0,1,0.012346,2,0.047619,2200.0,872.52,1.4845,3.2687,0.2222,6.7409,0.6328,0.0,0.9877,0.2531,yes,yes,no,no,no,PASS,,2325048965
SYN_hub_and_spoke_none_0569,600,synthetic,,hub_and_spoke,hub_and_spoke,1050,627,658350.0,999.71,576.37,576203.58,0.8752237800216404,63,122,23958.64,0.0001853117642591327,196.3823,165.0,3.873,22,0.0,0.5238,1,1.0,2,0.016393,3,0.047619,1000.0,540.48,3.3312,3.439,0.2459,1.9682,0.5393,0.0,0.9836,0.2541,yes,yes,no,no,no,PASS,,1953483086
SYN_hub_and_spoke_none_0596,600,synthetic,,hub_and_spoke,hub_and_spoke,1450,630,913500.0,1399.78,579.29,810874.19,0.8876564793684605,63,122,24359.33,0.00013355227148330597,199.6666,165.0,3.873,22,0.0,0.5238,1,1.0,2,0.016393,3,0.047619,1400.0,759.33,2.073,3.5231,0.2459,4.9798,0.5234,0.0,0.9836,0.2541,yes,yes,no,no,no,PASS,,2404578621
SYN_hub_and_spoke_none_0621,800,synthetic,,hub_and_spoke,hub_and_spoke,1849,626,1157474.0,1798.67,575.65,1035397.76,0.8945321973430364,63,122,24759.67,0.00010540193559423365,202.9481,165.0,3.873,22,0.0,0.5238,1,1.0,2,0.016393,3,0.047619,1800.0,972.23,1.6316,3.0059,0.2131,9.5612,0.5167,0.0,0.9836,0.2541,yes,yes,no,no,no,PASS,,1084075412
SYN_hub_and_spoke_none_0645,800,synthetic,,hub_and_spoke,hub_and_spoke,2250,625,1406250.0,2199.22,574.36,1263135.29,0.898229539720744,63,122,25159.77,8.675555555555556e-05,206.2276,165.0,3.873,22,0.0,0.5238,1,1.0,2,0.016393,3,0.047619,2200.0,1331.82,1.4169,3.2377,0.2131,16.271,0.4903,0.0,0.9836,0.2541,yes,yes,no,no,no,PASS,,3275318790
SYN_hub_and_spoke_none_0671,800,synthetic,,hub_and_spoke,hub_and_spoke,1049,1000,1049000.0,998.82,949.42,948306.03,0.9040095605851471,21,40,13087.3,3.813155386081983e-05,327.1824,275.0,3.8095,20,0.0,0.5238,1,1.0,0,0.0,0,0.0,1000.0,694.73,1.3388,3.2764,0.2,1.0514,0.6291,0.0,0.6,0.25,yes,yes,no,no,no,PASS,,3839137639
SYN_hub_and_spoke_none_0696,800,synthetic,,hub_and_spoke,hub_and_spoke,1049,988,1036412.0,998.55,937.35,935990.21,0.9031063070190132,21,40,13088.79,3.859469014253019e-05,327.2197,275.0,3.8095,20,0.0,0.5238,1,1.0,0,0.0,0,0.0,1000.0,601.11,1.2862,2.996,0.225,1.0876,0.6291,0.0,0.55,0.25,yes,yes,no,no,no,PASS,,1391933658
SYN_hub_and_spoke_none_0735,800,synthetic,,hub_and_spoke,hub_and_spoke,1050,1007,1057350.0,999.45,956.6,956076.32,0.9042193376630597,21,40,13087.41,3.783042511940228e-05,327.1852,275.0,3.8095,20,0.0,0.5238,1,1.0,0,0.0,0,0.0,1000.0,555.81,1.3786,3.2807,0.375,1.0914,0.628,0.0,0.675,0.25,yes,yes,no,no,no,PASS,,2007053889
SYN_hub_and_spoke_none_0754,800,synthetic,,hub_and_spoke,hub_and_spoke,1050,1015,1065750.0,999.33,964.94,964296.08,0.90480514011504,21,40,13089.19,3.753225428102275e-05,327.2296,275.0,3.8095,20,0.0,0.5238,1,1.0,0,0.0,0,0.0,1000.0,620.29,1.2043,3.0124,0.3,1.0152,0.6298,0.0,0.6,0.25,yes,yes,no,no,no,PASS,,3295941900
SYN_hub_and_spoke_none_0786,800,synthetic,,hub_and_spoke,hub_and_spoke,1250,1017,1271250.0,1199.31,966.61,1159271.29,0.9119144871287282,42,81,26378.42,6.371681415929204e-05,325.6596,275.0,3.8571,21,0.0,0.5238,1,1.0,1,0.012346,2,0.047619,1400.0,792.72,1.8287,3.3458,0.2593,1.1489,0.6245,0.0,0.9877,0.2531,yes,yes,no,no,no,PASS,,1545993477
SYN_hub_and_spoke_none_0806,1000,synthetic,,hub_and_spoke,hub_and_spoke,1450,1018,1476100.0,1399.63,967.6,1354276.13,0.9174690952144876,42,81,26577.57,5.487433100738432e-05,328.1181,275.0,3.8571,21,0.0,0.5238,1,1.0,1,0.012346,2,0.047619,1800.0,909.31,1.8178,3.414,0.284,1.5688,0.5687,0.0,0.9877,0.2531,yes,yes,no,no,no,PASS,,2127475996
SYN_hub_and_spoke_none_0834,1000,synthetic,,hub_and_spoke,hub_and_spoke,1649,1008,1662192.0,1598.97,957.01,1530231.44,0.920610520974796,42,81,26776.32,4.873083253920125e-05,330.5719,275.0,3.8571,21,0.0,0.5238,1,1.0,1,0.012346,2,0.047619,2200.0,1019.64,2.1348,3.4478,0.2469,2.1763,0.5263,0.0,0.9877,0.2531,yes,yes,no,no,no,PASS,,3965600841
SYN_hub_and_spoke_none_0855,1000,synthetic,,hub_and_spoke,hub_and_spoke,1849,1008,1863792.0,1798.48,957.3,1721681.07,0.9237517218651207,42,81,26977.33,4.3459785212083754e-05,333.0534,275.0,3.8571,21,0.0,0.5238,1,1.0,1,0.012346,2,0.047619,2600.0,1131.08,1.6938,3.4612,0.2222,3.0692,0.5361,0.0,0.9877,0.2531,yes,yes,no,no,no,PASS,,4197566667
SYN_hub_and_spoke_none_0877,1000,synthetic,,hub_and_spoke,hub_and_spoke,1449,1022,1480878.0,1398.99,971.11,1358574.1,0.9174112235920862,63,122,39666.98,8.238355894273532e-05,325.1392,275.0,3.873,22,0.0,0.5238,1,1.0,2,0.016393,3,0.047619,1400.0,903.21,1.9745,3.3849,0.3197,1.3422,0.5852,0.0,0.9836,0.2541,yes,yes,no,no,no,PASS,,346154359
SYN_hub_and_spoke_none_0917,1000,synthetic,,hub_and_spoke,hub_and_spoke,1849,1023,1891527.0,1798.59,972.08,1748377.18,0.9243204963573003,63,122,40065.6,6.449815413684287e-05,328.4065,275.0,3.873,22,0.0,0.5238,1,1.0,2,0.016393,3,0.047619,1800.0,1078.49,2.4059,3.2816,0.2705,2.401,0.5289,0.0,0.9836,0.2541,yes,yes,no,no,no,PASS,,3529578388
SYN_hub_and_spoke_none_0943,1000,synthetic,,hub_and_spoke,hub_and_spoke,2250,1009,2270250.0,2199.63,958.06,2107376.83,0.928257604349737,63,122,40466.39,5.3738575046801016e-05,331.6917,275.0,3.873,22,0.0,0.5238,1,1.0,2,0.016393,3,0.047619,2200.0,1252.97,1.9739,3.3018,0.2213,4.092,0.5254,0.0,0.9836,0.2541,yes,yes,no,no,no,PASS,,1464088450
SYN_hub_and_spoke_none_0970,1000,synthetic,,hub_and_spoke,hub_and_spoke,2650,1016,2692400.0,2599.4,965.77,2510432.09,0.9324142368531588,63,122,40866.93,4.5312732134898235e-05,334.9748,275.0,3.873,22,0.0,0.5238,1,1.0,2,0.016393,3,0.047619,2600.0,1470.34,1.8109,3.3659,0.2377,6.4598,0.5261,0.0,0.9836,0.2541,yes,yes,no,no,no,PASS,,2898096229
SYN_hub_and_spoke_none_0995,1000,synthetic,,hub_and_spoke,hub_and_spoke,1448,1412,2044576.0,1397.63,1361.06,1902252.8,0.930389869828196,21,40,18322.31,1.956395849310566e-05,458.0576,385.0,3.8095,20,0.0,0.5238,1,1.0,0,0.0,0,0.0,1400.0,889.72,1.3714,3.3757,0.35,1.1032,0.63,0.0,0.6,0.25,yes,yes,no,no,no,PASS,,4028212190
SYN_hub_and_spoke_none_1016,1200,synthetic,,hub_and_spoke,hub_and_spoke,1450,1397,2025650.0,1399.87,1346.27,1884605.31,0.9303706499768382,21,40,18324.9,1.974674795744576e-05,458.1226,385.0,3.8095,20,0.0,0.5238,1,1.0,0,0.0,0,0.0,1400.0,931.71,1.2761,3.0649,0.275,1.0637,0.6296,0.0,0.6,0.25,yes,yes,no,no,no,PASS,,3347384708
SYN_hub_and_spoke_none_1044,1200,synthetic,,hub_and_spoke,hub_and_spoke,1449,1391,2015559.0,1398.17,1340.83,1874701.88,0.9301151106747697,21,40,18325.21,1.9845611068691118e-05,458.1303,385.0,3.8095,20,0.0,0.5238,1,1.0,0,0.0,0,0.0,1400.0,874.54,1.3286,3.1747,0.225,1.0506,0.6299,0.0,0.625,0.25,yes,yes,no,no,no,PASS,,4130276328
SYN_hub_and_spoke_none_1074,1200,synthetic,,hub_and_spoke,hub_and_spoke,1450,1407,2040150.0,1399.48,1356.02,1897721.22,0.9301871052459266,21,40,18321.31,1.9606401490086513e-05,458.0327,385.0,3.8095,20,0.0,0.5238,1,1.0,0,0.0,0,0.0,1400.0,875.96,1.3453,2.946,0.375,1.0753,0.6286,0.0,0.55,0.25,yes,yes,no,no,no,PASS,,1097158347
SYN_hub_and_spoke_none_1105,1200,synthetic,,hub_and_spoke,hub_and_spoke,1648,1409,2322032.0,1597.67,1358.51,2170448.08,0.9347192798318158,42,81,36846.56,3.4883240196517533e-05,454.8958,385.0,3.8571,21,0.0,0.5238,1,1.0,1,0.012346,2,0.047619,1800.0,1125.77,1.8827,3.4997,0.284,1.0762,0.6341,0.0,0.9877,0.2531,yes,yes,no,no,no,PASS,,2435586835
SYN_hub_and_spoke_none_1126,1200,synthetic,,hub_and_spoke,hub_and_spoke,1850,1387,2565950.0,1799.63,1336.83,2405788.14,0.9375818487680605,42,81,37046.73,3.156725579220172e-05,457.367,385.0,3.8571,21,0.0,0.5238,1,1.0,1,0.012346,2,0.047619,2200.0,1216.1,1.885,3.0631,0.2099,1.2268,0.6091,0.0,0.9877,0.2531,yes,yes,no,no,no,PASS,,75490736
SYN_hub_and_spoke_none_1149,1200,synthetic,,hub_and_spoke,hub_and_spoke,2049,1391,2850159.0,1998.4,1340.19,2678239.39,0.9396806962935712,42,81,37248.57,2.841946712446569e-05,459.8589,385.0,3.8571,21,0.0,0.5238,1,1.0,1,0.012346,2,0.047619,2600.0,1361.68,2.0249,3.1756,0.2222,1.652,0.5649,0.0,0.9877,0.2531,yes,yes,no,no,no,PASS,,3877193365
SYN_hub_and_spoke_none_1173,1200,synthetic,,hub_and_spoke,hub_and_spoke,2249,1411,3173339.0,2198.65,1360.36,2990958.16,0.9425271486689771,42,81,37447.64,2.5525164503382715e-05,462.3165,385.0,3.8571,21,0.0,0.5238,1,1.0,1,0.012346,2,0.047619,3000.0,1267.89,1.8515,3.3088,0.2963,1.9818,0.532,0.0,0.9877,0.2531,yes,yes,no,no,no,PASS,,497408730
SYN_hub_and_spoke_none_1197,1200,synthetic,,hub_and_spoke,hub_and_spoke,1849,1396,2581204.0,1798.26,1345.08,2418801.0,0.9370824632176228,63,122,55373.0,4.7264764815179274e-05,453.8771,385.0,3.873,22,0.0,0.5238,1,1.0,2,0.016393,3,0.047619,1800.0,1150.08,1.8038,3.3157,0.2213,1.2233,0.6108,0.0,0.9836,0.2541,yes,yes,no,no,no,PASS,,1372125247
SYN_hub_and_spoke_none_1220,1600,synthetic,,hub_and_spoke,hub_and_spoke,2248,1404,3156192.0,2197.62,1353.3,2974036.91,0.9422864346691439,63,122,55772.82,3.865417566485182e-05,457.1542,385.0,3.873,22,0.0,0.5238,1,1.0,2,0.016393,3,0.047619,2200.0,1337.86,1.9941,3.3731,0.2459,1.7159,0.5489,0.0,0.9836,0.2541,yes,yes,no,no,no,PASS,,1975062164
SYN_hub_and_spoke_none_1246,1600,synthetic,,hub_and_spoke,hub_and_spoke,2650,1410,3736500.0,2599.22,1359.02,3532401.59,0.9453771151316629,63,122,56173.69,3.265087648869263e-05,460.4401,385.0,3.873,22,0.0,0.5238,1,1.0,2,0.016393,3,0.047619,2600.0,1575.14,2.6513,3.4584,0.3852,2.5375,0.5339,0.0,0.9836,0.2541,yes,yes,no,no,no,PASS,,2313508314
SYN_hub_and_spoke_none_1276,1600,synthetic,,hub_and_spoke,hub_and_spoke,3050,1408,4294400.0,2999.28,1357.16,4070501.25,0.9478626237699884,63,122,56573.36,2.840909090909091e-05,463.7161,385.0,3.873,22,0.0,0.5238,1,1.0,2,0.016393,3,0.047619,3000.0,1747.35,1.8684,3.2154,0.2623,3.8572,0.5228,0.0,0.9836,0.2541,yes,yes,no,no,no,PASS,,3665536707
SYN_hub_and_spoke_none_1314,1600,synthetic,,hub_and_spoke,hub_and_spoke,350,336,117600.0,299.57,285.73,85597.03,0.7278659403725858,21,40,3926.64,0.0003401360544217687,98.166,82.5,3.8095,20,0.0,0.5238,1,1.0,0,0.0,0,0.0,300.0,200.61,1.2315,2.6306,0.2,1.0312,0.6296,0.0,0.625,0.25,yes,yes,no,no,no,PASS,,2115911897
SYN_hub_and_spoke_none_1334,1600,synthetic,,hub_and_spoke,hub_and_spoke,350,338,118300.0,299.93,287.68,86282.82,0.7293560591501749,21,40,3926.8,0.000338123415046492,98.17,82.7774,3.8095,20,0.0,0.5238,1,1.0,0,0.0,0,0.0,300.0,193.61,1.3897,3.1656,0.275,1.0458,0.6295,0.0,0.6,0.25,yes,yes,no,no,no,PASS,,321278860
SYN_hub_and_spoke_none_1358,1600,synthetic,,hub_and_spoke,hub_and_spoke,350,341,119350.0,299.71,290.88,87179.81,0.7304550716539301,21,40,3926.62,0.00033514872224549644,98.1655,82.5,3.8095,20,0.0,0.5238,1,1.0,0,0.0,0,0.0,300.0,195.2,1.3181,3.2898,0.425,1.0877,0.6296,0.0,0.625,0.25,yes,yes,no,no,no,PASS,,1344255628
SYN_hub_and_spoke_none_1378,1600,synthetic,,hub_and_spoke,hub_and_spoke,350,339,118650.0,299.78,288.59,86514.44,0.7291566770389639,21,40,3926.83,0.000337126000842815,98.1707,83.4313,3.8095,20,0.0,0.5238,1,1.0,0,0.0,0,0.0,300.0,195.14,1.2617,3.0124,0.2,1.0054,0.6305,0.0,0.55,0.25,yes,yes,no,no,no,PASS,,2934605251
SYN_hub_and_spoke_none_1409,1600,synthetic,,hub_and_spoke,hub_and_spoke,550,333,183150.0,499.97,282.52,141251.34,0.7712330871250693,42,81,8052.68,0.0004422604422604423,99.4159,82.5,3.8571,21,0.0,0.5238,1,1.0,1,0.012346,2,0.047619,700.0,309.07,1.8221,3.2865,0.2099,2.5434,0.5336,0.0,0.9877,0.2531,yes,yes,no,no,no,PASS,,2429719251
SYN_hub_and_spoke_none_1434,1600,synthetic,,hub_and_spoke,hub_and_spoke,750,342,256500.0,699.28,291.08,203549.56,0.7935655348149188,42,81,8252.64,0.00031578947368421053,101.8845,82.5,3.8571,21,0.0,0.5238,1,1.0,1,0.012346,2,0.047619,1100.0,393.16,1.4831,3.3427,0.2963,6.8313,0.6309,0.0,0.9877,0.2531,yes,yes,no,no,no,PASS,,3830372947
SYN_hub_and_spoke_none_1461,1600,synthetic,,hub_and_spoke,hub_and_spoke,950,340,323000.0,899.66,289.34,260305.16,0.8058983277842386,42,81,8453.12,0.00025077399380804956,104.3595,82.5,3.8571,21,0.0,0.5238,1,1.0,1,0.012346,2,0.047619,1500.0,460.04,1.3005,3.2065,0.2099,13.9403,0.7362,0.0,0.9877,0.2531,yes,yes,no,no,no,PASS,,437751543
SYN_hub_and_spoke_none_1485,1600,synthetic,,hub_and_spoke,hub_and_spoke,1150,341,392150.0,1099.29,290.53,319378.35,0.8144290480936656,42,81,8652.53,0.00020655361468825705,106.8213,82.5,3.8571,21,0.0,0.5238,1,1.0,1,0.012346,2,0.047619,1900.0,603.18,1.3595,3.3012,0.3086,24.4893,0.7945,0.0,0.5556,0.2531,yes,yes,no,no,no,PASS,,322888333
SYN_hub_and_spoke_none_1520,1600,synthetic,,hub_and_spoke,hub_and_spoke,750,339,254250.0,699.17,288.35,201604.44,0.7929378355795059,63,122,12179.61,0.00047984267453294,99.8329,82.5,3.873,22,0.0,0.5238,1,1.0,2,0.016393,3,0.047619,700.0,336.1,1.7779,3.333,0.2377,4.9327,0.5273,0.0,0.9836,0.2541,yes,yes,no,no,no,PASS,,364962498
SYN_hub_and_spoke_none_1553,1600,synthetic,,hub_and_spoke,hub_and_spoke,1150,341,392150.0,1099.38,290.54,319412.14,0.8145152150830884,63,122,12579.71,0.00031110544434527607,103.1124,82.5,3.873,22,0.0,0.5238,1,1.0,2,0.016393,3,0.047619,1100.0,629.71,1.2986,3.5379,0.3115,15.7767,0.4914,0.0,0.9836,0.2541,yes,yes,no,no,no,PASS,,812333218
SYN_hub_and_spoke_none_1577,1600,synthetic,,hub_and_spoke,hub_and_spoke,1550,340,527000.0,1499.8,289.87,434747.2,0.8249472476986324,63,122,12979.68,0.0002314990512333966,106.3908,82.5,3.873,22,0.0,0.5238,1,1.0,2,0.016393,3,0.047619,1500.0,732.3,1.2877,3.3425,0.2377,35.1941,0.4461,0.0,0.8033,0.2541,yes,yes,no,no,no,PASS,,4272827016
SYN_hub_and_spoke_none_1594,1600,synthetic,,hub_and_spoke,hub_and_spoke,1950,340,663000.0,1899.24,289.88,550549.62,0.8303915768883807,63,122,13379.39,0.00018401206636500754,109.6671,82.5,3.873,22,0.0,0.5238,1,1.0,2,0.016393,3,0.047619,1900.0,862.91,1.2472,3.1609,0.2459,62.0887,0.4157,0.0,0.8033,0.2541,yes,yes,no,no,no,PASS,,1427225707
SYN_hub_and_spoke_none_1614,2000,synthetic,,hub_and_spoke,hub_and_spoke,650,626,406900.0,599.04,575.56,344787.33,0.8473515171588437,21,40,7853.27,9.830425165888424e-05,196.3318,165.0,3.8095,20,0.0,0.5238,1,1.0,0,0.0,0,0.0,600.0,341.64,1.2009,3.3471,0.275,1.0989,0.6303,0.0,0.625,0.25,yes,yes,no,no,no,PASS,,2676320898
SYN_hub_and_spoke_none_1636,2000,synthetic,,hub_and_spoke,hub_and_spoke,650,621,403650.0,599.27,570.5,341883.98,0.8469812543329581,21,40,7852.99,9.909575126966432e-05,196.3247,165.0,3.8095,20,0.0,0.5238,1,1.0,0,0.0,0,0.0,600.0,366.59,1.3699,3.1027,0.2,1.0175,0.6305,0.0,0.6,0.25,yes,yes,no,no,no,PASS,,2755477462
SYN_hub_and_spoke_none_1655,2000,synthetic,,hub_and_spoke,hub_and_spoke,650,632,410800.0,599.25,581.0,348162.93,0.8475241757168217,21,40,7852.92,9.737098344693281e-05,196.3231,165.0,3.8095,20,0.0,0.5238,1,1.0,0,0.0,0,0.0,600.0,373.04,1.2393,2.839,0.375,1.0304,0.6292,0.0,0.55,0.25,yes,yes,no,no,no,PASS,,366945310
SYN_hub_and_spoke_none_1676,2000,synthetic,,hub_and_spoke,hub_and_spoke,650,622,404300.0,599.59,571.39,342603.87,0.8474001357638609,21,40,7853.36,9.893643334157804e-05,196.3341,165.0,3.8095,20,0.0,0.5238,1,1.0,0,0.0,0,0.0,600.0,373.56,1.3456,2.9838,0.2,1.0593,0.6292,0.0,0.6,0.25,yes,yes,no,no,no,PASS,,529531456
SYN_hub_and_spoke_none_1706,2000,synthetic,,hub_and_spoke,hub_and_spoke,850,627,532950.0,799.23,576.51,460763.05,0.8645521117574688,42,81,15906.74,0.00015198423867154517,196.3795,165.0,3.8571,21,0.0,0.5238,1,1.0,1,0.012346,2,0.047619,1000.0,508.03,1.9813,3.2638,0.2469,1.3958,0.5904,0.0,0.9877,0.2531,yes,yes,no,no,no,PASS,,2412575507
SYN_hub_and_spoke_none_1734,2000,synthetic,,hub_and_spoke,hub_and_spoke,1050,632,663600.0,999.31,581.98,581579.25,0.8764003093207631,42,81,16105.48,0.00012206148282097649,198.8331,165.0,3.8571,21,0.0,0.5238,1,1.0,1,0.012346,2,0.047619,1400.0,608.55,2.1619,3.512,0.321,2.3357,0.5401,0.0,0.9877,0.2531,yes,yes,no,no,no,PASS,,2601521882
SYN_hub_and_spoke_none_1758,2000,synthetic,,hub_and_spoke,hub_and_spoke,1250,634,792500.0,1199.88,583.37,699967.81,0.8832401405259733,42,81,16304.96,0.00010220820189274447,201.2958,165.0,3.8571,21,0.0,0.5238,1,1.0,1,0.012346,2,0.047619,1800.0,741.12,1.5712,3.4066,0.3333,4.271,0.5523,0.0,0.9877,0.2531,yes,yes,no,no,no,PASS,,297832838
SYN_hub_and_spoke_none_1782,2000,synthetic,,hub_and_spoke,hub_and_spoke,1450,626,907700.0,1399.32,575.27,804989.02,0.8868447951298104,42,81,16506.21,8.92365318937975e-05,203.7804,165.0,3.8571,21,0.0,0.5238,1,1.0,1,0.012346,2,0.047619,2200.0,887.97,1.4663,3.1935,0.2099,6.559,0.6364,0.0,0.9877,0.2531,yes,yes,no,no,no,PASS,,4201031590
SYN_hub_and_spoke_none_1825,2000,synthetic,,hub_and_spoke,hub_and_spoke,1049,634,665066.0,998.86,583.38,582717.3,0.8761796549989762,63,122,23958.15,0.00018344044049763483,196.3783,165.0,3.873,22,0.0,0.5238,1,1.0,2,0.016393,3,0.047619,1000.0,628.86,2.0163,3.3185,0.2869,1.9279,0.544,0.0,0.9836,0.2541,yes,yes,no,no,no,PASS,,2240510122
SYN_hub_and_spoke_none_1847,2000,synthetic,,hub_and_spoke,hub_and_spoke,1450,633,917850.0,1399.42,582.09,814586.11,0.8874937234143552,63,122,24359.51,0.00013291932232935665,199.6681,165.0,3.873,22,0.0,0.5238,1,1.0,2,0.016393,3,0.047619,1400.0,793.83,2.0661,3.5289,0.3197,4.9005,0.5278,0.0,0.9836,0.2541,yes,yes,no,no,no,PASS,,3273728902
SYN_hub_and_spoke_none_1873,2000,synthetic,,hub_and_spoke,hub_and_spoke,1850,631,1167350.0,1799.38,580.51,1044552.01,0.8948061893820878,63,122,24758.52,0.00010451021544523922,202.9387,165.0,3.873,22,0.0,0.5238,1,1.0,2,0.016393,3,0.047619,1800.0,919.55,1.61,3.4455,0.2459,9.5559,0.5175,0.0,0.9836,0.2541,yes,yes,no,no,no,PASS,,67496488
SYN_hub_and_spoke_none_1908,2000,synthetic,,hub_and_spoke,hub_and_spoke,2250,632,1422000.0,2199.3,581.72,1279376.0,0.8997018304448949,63,122,25158.25,8.579465541490858e-05,206.2152,165.0,3.873,22,0.0,0.5238,1,1.0,2,0.016393,3,0.047619,2200.0,1187.01,1.3987,3.5616,0.2869,16.3329,0.491,0.0,0.9836,0.2541,yes,yes,no,no,no,PASS,,2338309540
SYN_hub_and_spoke_none_1934,2000,synthetic,,hub_and_spoke,hub_and_spoke,1049,993,1041657.0,998.52,942.12,940733.23,0.9031122788516647,21,40,13088.42,3.8400356355306976e-05,327.2105,275.0,3.8095,20,0.0,0.5238,1,1.0,0,0.0,0,0.0,1000.0,618.72,1.3058,3.1037,0.2,1.0337,0.6293,0.0,0.55,0.25,yes,yes,no,no,no,PASS,,2251616317
SYN_hub_and_spoke_none_1962,2000,synthetic,,hub_and_spoke,hub_and_spoke,1049,1012,1061588.0,998.81,961.69,960540.81,0.9048150557609346,21,40,13088.13,3.767940104824094e-05,327.2032,275.0,3.8095,20,0.0,0.5238,1,1.0,0,0.0,0,0.0,1000.0,611.58,1.2638,3.0782,0.225,1.1206,0.6286,0.0,0.55,0.25,yes,yes,no,no,no,PASS,,365447766
SYN_hub_and_spoke_none_1989,2000,synthetic,,hub_and_spoke,hub_and_spoke,1050,1005,1055250.0,999.88,954.72,954604.71,0.9046242223668111,21,40,13089.75,3.790570954750059e-05,327.2438,282.3882,3.8095,20,0.0,0.5238,1,1.0,0,0.0,0,0.0,1000.0,659.47,1.1916,3.0946,0.2,1.055,0.6302,0.0,0.55,0.25,yes,yes,no,no,no,PASS,,2845370151
SYN_jittered_grid_none_0021,100,synthetic,,dense_urban_irregular,jittered_grid,370,370,136900.0,320.0,320.0,102400.0,0.747991234477721,81,144,5760.0,0.001051862673484295,40.0,40.0,3.5556,4,0.0,0.9506,1,1.0,0,0.0,0,0.0,1120.0,233.75,1.252,1.0,1.0,1.0,0.6297,0.0,0.7778,0.2778,yes,yes,partial,yes,no,PASS,,1243514121
SYN_jittered_grid_none_0049,100,synthetic,,dense_urban_irregular,jittered_grid,530,530,280900.0,480.0,480.0,230400.0,0.8202207191171236,81,144,8640.0,0.0005126379494482022,60.0,60.0,3.5556,4,0.0,0.9506,1,1.0,0,0.0,0,0.0,1680.0,375.94,1.2558,1.0,1.0,1.0,0.6297,0.0,0.7778,0.2778,yes,yes,partial,yes,no,PASS,,3755894745
SYN_jittered_grid_none_0075,100,synthetic,,dense_urban_irregular,jittered_grid,690,690,476100.0,640.0,640.0,409600.0,0.8603234614576769,81,144,11520.0,0.00030245746691871453,80.0,80.0,3.5556,4,0.0,0.9506,1,1.0,0,0.0,0,0.0,2240.0,502.5,1.2357,1.0,1.0,1.0,0.6297,0.0,0.7778,0.2778,yes,yes,partial,yes,no,PASS,,2000167556
SYN_jittered_grid_none_0103,200,synthetic,,dense_urban_irregular,jittered_grid,850,850,722500.0,800.0,800.0,640000.0,0.8858131487889274,81,144,14400.0,0.00019930795847750865,100.0,100.0,3.5556,4,0.0,0.9506,1,1.0,0,0.0,0,0.0,2800.0,595.31,1.2528,1.0,1.0,1.0,0.6297,0.0,0.7778,0.2778,yes,yes,partial,yes,no,PASS,,2932317654
SYN_jittered_grid_none_0132,200,synthetic,,dense_urban_irregular,jittered_grid,370,370,136900.0,320.0,320.0,102400.0,0.747991234477721,81,157,6495.39,0.0011468224981738494,41.3719,40.0,3.8765,6,0.0,0.9506,1,1.0,0,0.0,0,0.0,819.41,219.21,1.1724,1.3292,0.9172,1.0,0.6297,0.0,0.8025,0.2548,yes,yes,partial,yes,no,PASS,,205682967
SYN_jittered_grid_none_0167,200,synthetic,,dense_urban_irregular,jittered_grid,530,530,280900.0,480.0,480.0,230400.0,0.8202207191171236,81,157,9743.09,0.0005589177643289427,62.0579,60.0,3.8765,6,0.0,0.9506,1,1.0,0,0.0,0,0.0,1200.0,343.89,1.2054,1.3292,0.9172,1.0,0.6297,0.0,0.7771,0.2548,yes,yes,partial,yes,no,PASS,,2324227452
SYN_jittered_grid_none_0194,200,synthetic,,dense_urban_irregular,jittered_grid,690,690,476100.0,640.0,640.0,409600.0,0.8603234614576769,81,154,12651.37,0.0003234614576769586,82.1518,80.0,3.8025,6,0.0,0.9506,1,1.0,0,0.0,0,0.0,1572.55,470.87,1.1767,1.2818,0.9351,1.0,0.6297,0.0,0.8182,0.2597,yes,yes,partial,yes,no,PASS,,609690007
SYN_jittered_grid_none_0219,400,synthetic,,dense_urban_irregular,jittered_grid,850,850,722500.0,800.0,800.0,640000.0,0.8858131487889274,81,151,15389.95,0.00020899653979238755,101.9202,100.0,3.7284,5,0.0,0.9506,1,1.0,0,0.0,0,0.0,2165.69,516.98,1.195,1.2244,0.9536,1.0,0.6297,0.0,0.8146,0.2649,yes,yes,partial,yes,no,PASS,,3594286703
SYN_jittered_grid_none_0248,400,synthetic,,dense_urban_irregular,jittered_grid,530,370,196100.0,480.0,320.0,153600.0,0.7832738398776135,117,212,8480.0,0.001081081081081081,40.0,40.0,3.6239,4,0.0,0.9658,1,1.0,0,0.0,0,0.0,1440.0,331.25,1.2438,0.9997,1.0,2.1,0.61,0.0,0.8208,0.2736,yes,yes,partial,yes,no,PASS,,3064683660
SYN_jittered_grid_none_0271,400,synthetic,,dense_urban_irregular,jittered_grid,770,530,408100.0,720.0,480.0,345600.0,0.8468512619456016,117,212,12720.0,0.0005194805194805195,60.0,60.0,3.6239,4,0.0,0.9658,1,1.0,0,0.0,0,0.0,2160.0,460.31,1.2646,0.9997,1.0,2.1,0.61,0.0,0.8208,0.2736,yes,yes,partial,yes,no,PASS,,2414188973
SYN_jittered_grid_none_0297,400,synthetic,,dense_urban_irregular,jittered_grid,1010,690,696900.0,960.0,640.0,614400.0,0.8816185966422729,117,212,16960.0,0.00030420433347682594,80.0,80.0,3.6239,4,0.0,0.9658,1,1.0,0,0.0,0,0.0,2880.0,596.25,1.2477,0.9997,1.0,2.1,0.61,0.0,0.8208,0.2736,yes,yes,partial,yes,no,PASS,,2506042846
SYN_jittered_grid_none_0335,400,synthetic,,dense_urban_irregular,jittered_grid,1250,850,1062500.0,1200.0,800.0,960000.0,0.9035294117647059,117,212,21200.0,0.00019952941176470588,100.0,100.0,3.6239,4,0.0,0.9658,1,1.0,0,0.0,0,0.0,3600.0,681.25,1.2493,0.9997,1.0,2.1,0.61,0.0,0.8208,0.2736,yes,yes,partial,yes,no,PASS,,1753019129
SYN_jittered_grid_none_0368,400,synthetic,,dense_urban_irregular,jittered_grid,530,370,196100.0,480.0,320.0,153600.0,0.7832738398776135,117,232,9611.37,0.0011830698623151454,41.4283,40.0,3.9658,6,0.0,0.9658,1,1.0,0,0.0,0,0.0,1045.69,285.46,1.2044,1.3372,0.9138,2.1,0.61,0.0,0.8147,0.25,yes,yes,partial,yes,no,PASS,,2956425266
SYN_jittered_grid_none_0391,400,synthetic,,dense_urban_irregular,jittered_grid,770,530,408100.0,720.0,480.0,345600.0,0.8468512619456016,117,231,14332.2,0.0005660377358490566,62.0442,60.0,3.9487,6,0.0,0.9658,1,1.0,0,0.0,0,0.0,1800.0,436.79,1.186,1.3276,0.9177,2.1,0.61,0.0,0.8095,0.2511,yes,yes,partial,yes,no,PASS,,1299328878
SYN_jittered_grid_none_0407,600,synthetic,,dense_urban_irregular,jittered_grid,1010,690,696900.0,960.0,640.0,614400.0,0.8816185966422729,117,232,19222.74,0.0003329028555029416,82.8566,80.0,3.9658,6,0.0,0.9744,1,1.0,0,0.0,0,0.0,2880.0,544.28,1.1931,1.3372,0.9138,2.1,0.61,0.0,0.8362,0.25,yes,yes,partial,yes,no,PASS,,1796144815
SYN_jittered_grid_none_0437,600,synthetic,,dense_urban_irregular,jittered_grid,1250,850,1062500.0,1200.0,800.0,960000.0,0.9035294117647059,117,232,24028.43,0.00021835294117647058,103.5708,100.0,3.9658,6,0.0,0.9658,1,1.0,0,0.0,0,0.0,2931.37,658.05,1.1909,1.3372,0.9138,2.1,0.61,0.0,0.806,0.25,yes,yes,partial,yes,no,PASS,,3929999888
SYN_jittered_grid_none_0461,600,synthetic,,dense_urban_irregular,jittered_grid,650,370,240500.0,600.0,320.0,192000.0,0.7983367983367984,144,263,10520.0,0.0010935550935550935,40.0,40.0,3.6528,4,0.0,0.9722,1,1.0,0,0.0,0,0.0,1680.0,346.25,1.2515,0.9995,1.0,3.1875,0.5875,0.0,0.8555,0.2719,yes,yes,partial,yes,no,PASS,,2246809582
SYN_jittered_grid_none_0492,600,synthetic,,dense_urban_irregular,jittered_grid,950,530,503500.0,900.0,480.0,432000.0,0.8579940417080437,144,263,15780.0,0.000522343594836147,60.0,60.0,3.6528,4,0.0,0.9722,1,1.0,0,0.0,0,0.0,2520.0,542.81,1.2465,0.9995,1.0,3.1875,0.5875,0.0,0.8555,0.2719,yes,yes,partial,yes,no,PASS,,1921131400
SYN_jittered_grid_none_0524,600,synthetic,,dense_urban_irregular,jittered_grid,1250,690,862500.0,1200.0,640.0,768000.0,0.8904347826086957,144,263,21040.0,0.00030492753623188407,80.0,80.0,3.6528,4,0.0,0.9722,1,1.0,0,0.0,0,0.0,3360.0,696.25,1.22,0.9995,1.0,3.1875,0.5875,0.0,0.8555,0.2719,yes,yes,partial,yes,no,PASS,,410160128
SYN_jittered_grid_none_0544,600,synthetic,,dense_urban_irregular,jittered_grid,1550,850,1317500.0,1500.0,800.0,1200000.0,0.9108159392789373,144,263,26300.0,0.00019962049335863378,100.0,100.0,3.6528,4,0.0,0.9722,1,1.0,0,0.0,0,0.0,4200.0,825.0,1.2428,0.9995,1.0,3.1875,0.5875,0.0,0.8555,0.2719,yes,yes,partial,yes,no,PASS,,2805677696
SYN_jittered_grid_none_0570,600,synthetic,,dense_urban_irregular,jittered_grid,650,370,240500.0,600.0,320.0,192000.0,0.7983367983367984,144,287,11877.65,0.0011933471933471933,41.3855,40.0,3.9861,6,0.0,0.9722,1,1.0,0,0.0,0,0.0,1280.0,301.67,1.1751,1.3307,0.9164,3.1875,0.5875,0.0,0.8328,0.2491,yes,yes,partial,yes,no,PASS,,364648902
SYN_jittered_grid_none_0597,600,synthetic,,dense_urban_irregular,jittered_grid,950,530,503500.0,900.0,480.0,432000.0,0.8579940417080437,144,299,18834.7,0.0005938430983118173,62.9923,60.0,4.1528,6,0.0,0.9792,1,1.0,0,0.0,0,0.0,1568.53,452.7,1.2158,1.4097,0.8796,3.1875,0.5875,0.0,0.8294,0.2391,yes,yes,partial,yes,no,PASS,,2596743485
SYN_jittered_grid_none_0622,800,synthetic,,dense_urban_irregular,jittered_grid,1250,690,862500.0,1200.0,640.0,768000.0,0.8904347826086957,144,279,22850.19,0.00032347826086956524,81.9003,80.0,3.875,6,0.0,0.9722,1,1.0,0,0.0,0,0.0,3200.0,672.82,1.1811,1.259,0.9427,3.1875,0.5875,0.0,0.828,0.2563,yes,yes,partial,yes,no,PASS,,299336560
SYN_jittered_grid_none_0650,800,synthetic,,dense_urban_irregular,jittered_grid,1550,850,1317500.0,1500.0,800.0,1200000.0,0.9108159392789373,144,292,30401.22,0.00022163187855787477,104.1138,100.0,4.0556,6,0.0,0.9792,1,1.0,0,0.0,0,0.0,2814.21,820.82,1.2133,1.367,0.9007,3.1875,0.5875,0.0,0.8322,0.2449,yes,yes,partial,yes,no,PASS,,2557451064
SYN_jittered_grid_none_0674,800,synthetic,,dense_urban_irregular,jittered_grid,770,370,284900.0,720.0,320.0,230400.0,0.8087048087048087,171,314,12560.0,0.001102141102141102,40.0,40.0,3.6725,4,0.0,0.9766,1,1.0,0,0.0,0,0.0,1920.0,394.38,1.263,0.9993,1.0,4.5,0.5644,0.0,0.8248,0.2707,yes,yes,partial,yes,no,PASS,,4266462939
SYN_jittered_grid_none_0699,800,synthetic,,dense_urban_irregular,jittered_grid,1130,530,598900.0,1080.0,480.0,518400.0,0.8655869093337786,171,314,18840.0,0.0005242945399899817,60.0,60.0,3.6725,4,0.0,0.9766,1,1.0,0,0.0,0,0.0,2880.0,543.75,1.2405,0.9993,1.0,4.5,0.5644,0.0,0.8248,0.2707,yes,yes,partial,yes,no,PASS,,26699439
SYN_jittered_grid_none_0736,800,synthetic,,dense_urban_irregular,jittered_grid,1490,690,1028100.0,1440.0,640.0,921600.0,0.896410854975197,171,314,25120.0,0.0003054177609181986,80.0,80.0,3.6725,4,0.0,0.9766,1,1.0,0,0.0,0,0.0,3840.0,826.25,1.2264,0.9993,1.0,4.5,0.5644,0.0,0.8248,0.2707,yes,yes,partial,yes,no,PASS,,4069533472
SYN_jittered_grid_none_0756,800,synthetic,,dense_urban_irregular,jittered_grid,1850,850,1572500.0,1800.0,800.0,1440000.0,0.9157392686804452,171,314,31400.0,0.00019968203497615263,100.0,100.0,3.6725,4,0.0,0.9766,1,1.0,0,0.0,0,0.0,4800.0,920.31,1.2876,0.9993,1.0,4.5,0.5644,0.0,0.8248,0.2707,yes,yes,partial,yes,no,PASS,,2749223062
SYN_jittered_grid_none_0788,800,synthetic,,dense_urban_irregular,jittered_grid,770,370,284900.0,720.0,320.0,230400.0,0.8087048087048087,171,339,13974.21,0.0011898911898911898,41.2219,40.0,3.9649,6,0.0,0.9766,1,1.0,0,0.0,0,0.0,1525.69,350.94,1.1611,1.3053,0.9263,4.5,0.5644,0.0,0.8584,0.2507,yes,yes,partial,yes,no,PASS,,1302065360
SYN_jittered_grid_none_0810,1000,synthetic,,dense_urban_irregular,jittered_grid,1130,530,598900.0,1080.0,480.0,518400.0,0.8655869093337786,171,344,21385.58,0.0005743863750208716,62.1674,60.0,4.0234,6,0.0,0.9766,1,1.0,0,0.0,0,0.0,1800.0,500.84,1.1503,1.3392,0.9128,4.5,0.5644,0.0,0.8517,0.2471,yes,yes,partial,yes,no,PASS,,828157867
SYN_jittered_grid_none_0835,1000,synthetic,,dense_urban_irregular,jittered_grid,1490,690,1028100.0,1440.0,640.0,921600.0,0.896410854975197,171,339,27948.43,0.0003297344616282463,82.4437,80.0,3.9649,6,0.0,0.9766,1,1.0,0,0.0,0,0.0,2571.37,706.66,1.1928,1.3053,0.9263,4.5,0.5644,0.0,0.8319,0.2507,yes,yes,partial,yes,no,PASS,,262667067
SYN_jittered_grid_none_0856,1000,synthetic,,dense_urban_irregular,jittered_grid,1850,850,1572500.0,1800.0,800.0,1440000.0,0.9157392686804452,171,344,35642.64,0.00021875993640699522,103.6123,100.0,4.0234,6,0.0,0.9825,1,1.0,0,0.0,0,0.0,4014.21,832.99,1.2059,1.3392,0.9128,4.5,0.5644,0.0,0.8227,0.2471,yes,yes,partial,yes,no,PASS,,400352345
SYN_jittered_grid_none_0883,1000,synthetic,,dense_urban_irregular,jittered_grid,370,530,196100.0,320.0,480.0,153600.0,0.7832738398776135,117,212,8480.0,0.001081081081081081,40.0,40.0,3.6239,4,0.0,0.9658,1,1.0,0,0.0,0,0.0,1440.0,313.12,1.2522,0.9997,1.0,2.1,0.61,0.0,0.8066,0.2736,yes,yes,partial,yes,no,PASS,,3198756507
SYN_jittered_grid_none_0918,1000,synthetic,,dense_urban_irregular,jittered_grid,530,770,408100.0,480.0,720.0,345600.0,0.8468512619456016,117,212,12720.0,0.0005194805194805195,60.0,60.0,3.6239,4,0.0,0.9658,1,1.0,0,0.0,0,0.0,2160.0,442.5,1.2591,0.9997,1.0,2.1,0.61,0.0,0.8066,0.2736,yes,yes,partial,yes,no,PASS,,994595287
SYN_jittered_grid_none_0945,1000,synthetic,,dense_urban_irregular,jittered_grid,690,1010,696900.0,640.0,960.0,614400.0,0.8816185966422729,117,212,16960.0,0.00030420433347682594,80.0,80.0,3.6239,4,0.0,0.9658,1,1.0,0,0.0,0,0.0,2880.0,592.5,1.2585,0.9997,1.0,2.1,0.61,0.0,0.8066,0.2736,yes,yes,partial,yes,no,PASS,,1015660585
SYN_jittered_grid_none_0972,1000,synthetic,,dense_urban_irregular,jittered_grid,850,1250,1062500.0,800.0,1200.0,960000.0,0.9035294117647059,117,212,21200.0,0.00019952941176470588,100.0,100.0,3.6239,4,0.0,0.9658,1,1.0,0,0.0,0,0.0,3600.0,737.5,1.2643,0.9997,1.0,2.1,0.61,0.0,0.8066,0.2736,yes,yes,partial,yes,no,PASS,,2399013446
SYN_jittered_grid_none_0996,1000,synthetic,,dense_urban_irregular,jittered_grid,370,530,196100.0,320.0,480.0,153600.0,0.7832738398776135,117,233,9667.94,0.0011881693013768486,41.4933,40.0,3.9829,6,0.0,0.9744,1,1.0,0,0.0,0,0.0,1040.0,287.7,1.1878,1.3465,0.9099,2.1,0.61,0.0,0.8155,0.2489,yes,yes,partial,yes,no,PASS,,618197038
SYN_jittered_grid_none_1022,1200,synthetic,,dense_urban_irregular,jittered_grid,530,770,408100.0,480.0,720.0,345600.0,0.8468512619456016,117,227,13992.79,0.000556236216613575,61.6423,60.0,3.8803,6,0.0,0.9658,1,1.0,0,0.0,0,0.0,1469.12,399.06,1.2055,1.2848,0.9339,2.1,0.61,0.0,0.793,0.2555,yes,yes,partial,yes,no,PASS,,3830545219
SYN_jittered_grid_none_1046,1200,synthetic,,dense_urban_irregular,jittered_grid,690,1010,696900.0,640.0,960.0,614400.0,0.8816185966422729,117,234,19449.02,0.00033577270770555315,83.1155,80.0,4.0,6,0.0,0.9744,1,1.0,0,0.0,0,0.0,2345.1,548.85,1.2309,1.3555,0.906,2.1,0.61,0.0,0.8419,0.2479,yes,yes,partial,yes,no,PASS,,3957465528
SYN_jittered_grid_none_1078,1200,synthetic,,dense_urban_irregular,jittered_grid,850,1250,1062500.0,800.0,1200.0,960000.0,0.9035294117647059,117,228,23462.74,0.00021458823529411764,102.9068,100.0,3.8974,6,0.0,0.9658,1,1.0,0,0.0,0,0.0,3200.0,702.23,1.2036,1.2962,0.9298,2.1,0.61,0.0,0.7982,0.2544,yes,yes,partial,yes,no,PASS,,1206422357
SYN_jittered_grid_none_1106,1200,synthetic,,dense_urban_irregular,jittered_grid,530,530,280900.0,480.0,480.0,230400.0,0.8202207191171236,169,312,12480.0,0.0011107155571377714,40.0,40.0,3.6923,4,0.0,0.9763,1,1.0,0,0.0,0,0.0,1760.0,370.0,1.2886,1.0,1.0,1.0,0.629,0.0,0.8397,0.2692,yes,yes,partial,yes,no,PASS,,2296391146
SYN_jittered_grid_none_1128,1200,synthetic,,dense_urban_irregular,jittered_grid,770,770,592900.0,720.0,720.0,518400.0,0.8743464327879912,169,312,18720.0,0.0005262270197335132,60.0,60.0,3.6923,4,0.0,0.9763,1,1.0,0,0.0,0,0.0,2640.0,475.31,1.2497,1.0,1.0,1.0,0.629,0.0,0.8397,0.2692,yes,yes,partial,yes,no,PASS,,504064422
SYN_jittered_grid_none_1150,1200,synthetic,,dense_urban_irregular,jittered_grid,1010,1010,1020100.0,960.0,960.0,921600.0,0.9034408391334183,169,312,24960.0,0.0003058523674149593,80.0,80.0,3.6923,4,0.0,0.9763,1,1.0,0,0.0,0,0.0,3520.0,706.25,1.2592,1.0,1.0,1.0,0.629,0.0,0.8397,0.2692,yes,yes,partial,yes,no,PASS,,1864915608
SYN_jittered_grid_none_1175,1200,synthetic,,dense_urban_irregular,jittered_grid,1250,1250,1562500.0,1200.0,1200.0,1440000.0,0.9216,169,312,31200.0,0.00019968,100.0,100.0,3.6923,4,0.0,0.9763,1,1.0,0,0.0,0,0.0,4400.0,904.69,1.2545,1.0,1.0,1.0,0.629,0.0,0.8397,0.2692,yes,yes,partial,yes,no,PASS,,1124252126
SYN_jittered_grid_none_1199,1200,synthetic,,dense_urban_irregular,jittered_grid,530,530,280900.0,480.0,480.0,230400.0,0.8202207191171236,169,338,13950.78,0.0012032751868992523,41.2745,40.0,4.0,6,0.0,0.9763,1,1.0,0,0.0,0,0.0,1120.0,308.09,1.2095,1.3143,0.9231,1.0,0.629,0.0,0.8402,0.2485,yes,yes,partial,yes,no,PASS,,1276633837
SYN_jittered_grid_none_1226,1600,synthetic,,dense_urban_irregular,jittered_grid,770,770,592900.0,720.0,720.0,518400.0,0.8743464327879912,169,335,20671.61,0.0005650193961882273,61.7063,60.0,3.9645,6,0.0,0.9763,1,1.0,0,0.0,0,0.0,2118.82,492.67,1.2075,1.2922,0.9313,1.0,0.629,0.0,0.8239,0.2507,yes,yes,partial,yes,no,PASS,,3058676132
SYN_jittered_grid_none_1249,1600,synthetic,,dense_urban_irregular,jittered_grid,1010,1010,1020100.0,960.0,960.0,921600.0,0.9034408391334183,169,336,27675.29,0.0003293794726007254,82.3669,80.0,3.9763,6,0.0,0.9763,1,1.0,0,0.0,0,0.0,3360.0,694.68,1.2036,1.2998,0.9286,1.0,0.629,0.0,0.8512,0.25,yes,yes,partial,yes,no,PASS,,3156638630
SYN_jittered_grid_none_1278,1600,synthetic,,dense_urban_irregular,jittered_grid,1250,1250,1562500.0,1200.0,1200.0,1440000.0,0.9216,169,340,35159.8,0.0002176,103.4112,100.0,4.0237,6,0.0,0.9822,1,1.0,0,0.0,0,0.0,4000.0,802.9,1.2212,1.3281,0.9176,1.0,0.629,0.0,0.8265,0.2471,yes,yes,partial,yes,no,PASS,,3249395606
SYN_jittered_grid_none_1316,1600,synthetic,,dense_urban_irregular,jittered_grid,650,530,344500.0,600.0,480.0,288000.0,0.8359941944847605,208,387,15480.0,0.0011233671988388969,40.0,40.0,3.7212,4,0.0,0.9808,1,1.0,0,0.0,0,0.0,2000.0,375.62,1.2449,1.0,1.0,1.5179,0.6231,0.0,0.8398,0.2674,yes,yes,partial,yes,no,PASS,,2281500377
SYN_jittered_grid_none_1335,1600,synthetic,,dense_urban_irregular,jittered_grid,950,770,731500.0,900.0,720.0,648000.0,0.885850991114149,208,387,23220.0,0.0005290498974709501,60.0,60.0,3.7212,4,0.0,0.9808,1,1.0,0,0.0,0,0.0,3000.0,497.81,1.2684,1.0,1.0,1.5179,0.6231,0.0,0.8398,0.2674,yes,yes,partial,yes,no,PASS,,663706062
SYN_jittered_grid_none_1360,1600,synthetic,,dense_urban_irregular,jittered_grid,1250,1010,1262500.0,1200.0,960.0,1152000.0,0.9124752475247525,208,387,30960.0,0.0003065346534653465,80.0,80.0,3.7212,4,0.0,0.9808,1,1.0,0,0.0,0,0.0,4000.0,688.75,1.2737,1.0,1.0,1.5179,0.6231,0.0,0.8398,0.2674,yes,yes,partial,yes,no,PASS,,3054103119
SYN_jittered_grid_none_1380,1600,synthetic,,dense_urban_irregular,jittered_grid,1550,1250,1937500.0,1500.0,1200.0,1800000.0,0.9290322580645162,208,387,38700.0,0.00019974193548387097,100.0,100.0,3.7212,4,0.0,0.9808,1,1.0,0,0.0,0,0.0,5000.0,1018.75,1.2756,1.0,1.0,1.5179,0.6231,0.0,0.8398,0.2674,yes,yes,partial,yes,no,PASS,,665828181
SYN_jittered_grid_none_1410,1600,synthetic,,dense_urban_irregular,jittered_grid,650,530,344500.0,600.0,480.0,288000.0,0.8359941944847605,208,412,16894.21,0.0011959361393323658,41.0054,40.0,3.9615,6,0.0,0.9808,1,1.0,0,0.0,0,0.0,1605.69,377.08,1.2129,1.2694,0.9393,1.5179,0.6231,0.0,0.8398,0.2512,yes,yes,partial,yes,no,PASS,,3154368939
SYN_jittered_grid_none_1435,1600,synthetic,,dense_urban_irregular,jittered_grid,950,770,731500.0,900.0,720.0,648000.0,0.885850991114149,208,418,25850.44,0.0005714285714285715,61.8432,60.0,4.0192,6,0.0,0.9808,1,1.0,0,0.0,0,0.0,2168.53,604.55,1.1996,1.3071,0.9258,1.5179,0.6231,0.0,0.8636,0.2476,yes,yes,partial,yes,no,PASS,,2025358788
SYN_jittered_grid_none_1466,1600,synthetic,,dense_urban_irregular,jittered_grid,1250,1010,1262500.0,1200.0,960.0,1152000.0,0.9124752475247525,208,421,34806.66,0.0003334653465346535,82.6762,80.0,4.0481,6,0.0,0.9808,1,1.0,0,0.0,0,0.0,3840.0,734.98,1.1977,1.3241,0.9192,1.5179,0.6231,0.0,0.8504,0.2458,yes,yes,partial,yes,no,PASS,,3748602467
SYN_jittered_grid_none_1487,1600,synthetic,,dense_urban_irregular,jittered_grid,1550,1250,1937500.0,1500.0,1200.0,1800000.0,0.9290322580645162,208,428,44498.28,0.0002209032258064516,103.9679,100.0,4.1154,6,0.0,0.9856,1,1.0,0,0.0,0,0.0,4000.0,951.11,1.1704,1.3597,0.9042,1.5179,0.6231,0.0,0.8528,0.2418,yes,yes,partial,yes,no,PASS,,4072358514
SYN_jittered_grid_none_1522,1600,synthetic,,dense_urban_irregular,jittered_grid,770,530,408100.0,720.0,480.0,345600.0,0.8468512619456016,247,462,18480.0,0.0011320754716981133,40.0,40.0,3.7409,4,0.0,0.9838,1,1.0,0,0.0,0,0.0,2240.0,425.0,1.2765,0.9999,1.0,2.1429,0.6085,0.0,0.8528,0.2662,yes,yes,partial,yes,no,PASS,,2480942158
SYN_jittered_grid_none_1554,1600,synthetic,,dense_urban_irregular,jittered_grid,1130,770,870100.0,1080.0,720.0,777600.0,0.8936903804160441,247,462,27720.0,0.0005309734513274337,60.0,60.0,3.7409,4,0.0,0.9838,1,1.0,0,0.0,0,0.0,3360.0,625.31,1.2433,0.9999,1.0,2.1429,0.6085,0.0,0.8528,0.2662,yes,yes,partial,yes,no,PASS,,2262814217
SYN_jittered_grid_none_1579,1600,synthetic,,dense_urban_irregular,jittered_grid,1490,1010,1504900.0,1440.0,960.0,1382400.0,0.918599242474583,247,462,36960.0,0.0003069971426672869,80.0,80.0,3.7409,4,0.0,0.9838,1,1.0,0,0.0,0,0.0,4480.0,837.5,1.2894,0.9999,1.0,2.1429,0.6085,0.0,0.8528,0.2662,yes,yes,partial,yes,no,PASS,,3904600748
SYN_jittered_grid_none_1595,1600,synthetic,,dense_urban_irregular,jittered_grid,1850,1250,2312500.0,1800.0,1200.0,2160000.0,0.9340540540540541,247,462,46200.0,0.0001997837837837838,100.0,100.0,3.7409,4,0.0,0.9838,1,1.0,0,0.0,0,0.0,5600.0,1062.5,1.2634,0.9999,1.0,2.1429,0.6085,0.0,0.8528,0.2662,yes,yes,partial,yes,no,PASS,,1104318499
SYN_jittered_grid_none_1615,2000,synthetic,,dense_urban_irregular,jittered_grid,770,530,408100.0,720.0,480.0,345600.0,0.8468512619456016,247,503,20799.31,0.0012325410438617985,41.3505,40.0,4.0729,6,0.0,0.9879,1,1.0,0,0.0,0,0.0,1911.96,384.69,1.1879,1.3259,0.9185,2.1429,0.6085,0.0,0.8628,0.2445,yes,yes,partial,yes,no,PASS,,1114903564
SYN_jittered_grid_none_1638,2000,synthetic,,dense_urban_irregular,jittered_grid,1130,770,870100.0,1080.0,720.0,777600.0,0.8936903804160441,247,502,31114.11,0.0005769451787150902,61.9803,60.0,4.0648,6,0.0,0.9879,1,1.0,0,0.0,0,0.0,2400.0,643.95,1.1744,1.3213,0.9203,2.1429,0.6085,0.0,0.8566,0.245,yes,yes,partial,yes,no,PASS,,3060509394
SYN_jittered_grid_none_1657,2000,synthetic,,dense_urban_irregular,jittered_grid,1490,1010,1504900.0,1440.0,960.0,1382400.0,0.918599242474583,247,504,41711.76,0.0003349059738188584,82.7614,80.0,4.081,6,0.0,0.9838,1,1.0,0,0.0,0,0.0,3200.0,863.85,1.203,1.3304,0.9167,2.1429,0.6085,0.0,0.8651,0.244,yes,yes,partial,yes,no,PASS,,1104431748
SYN_jittered_grid_none_1679,2000,synthetic,,dense_urban_irregular,jittered_grid,1850,1250,2312500.0,1800.0,1200.0,2160000.0,0.9340540540540541,247,503,51998.28,0.00021751351351351352,103.3763,100.0,4.0729,6,0.0,0.9879,1,1.0,0,0.0,0,0.0,5600.0,917.87,1.1941,1.3259,0.9185,2.1429,0.6085,0.0,0.8509,0.2445,yes,yes,partial,yes,no,PASS,,3639046274
SYN_jittered_grid_none_1707,2000,synthetic,,dense_urban_irregular,jittered_grid,370,650,240500.0,320.0,600.0,192000.0,0.7983367983367984,144,263,10520.0,0.0010935550935550935,40.0,40.0,3.6528,4,0.0,0.9722,1,1.0,0,0.0,0,0.0,1680.0,382.5,1.2559,0.9995,1.0,3.1875,0.5875,0.0,0.8631,0.2719,yes,yes,partial,yes,no,PASS,,2461583406
SYN_jittered_grid_none_1735,2000,synthetic,,dense_urban_irregular,jittered_grid,530,950,503500.0,480.0,900.0,432000.0,0.8579940417080437,144,263,15780.0,0.000522343594836147,60.0,60.0,3.6528,4,0.0,0.9722,1,1.0,0,0.0,0,0.0,2520.0,519.38,1.2398,0.9995,1.0,3.1875,0.5875,0.0,0.8631,0.2719,yes,yes,partial,yes,no,PASS,,3825019178
SYN_jittered_grid_none_1759,2000,synthetic,,dense_urban_irregular,jittered_grid,690,1250,862500.0,640.0,1200.0,768000.0,0.8904347826086957,144,263,21040.0,0.00030492753623188407,80.0,80.0,3.6528,4,0.0,0.9722,1,1.0,0,0.0,0,0.0,3360.0,695.0,1.2408,0.9995,1.0,3.1875,0.5875,0.0,0.8631,0.2719,yes,yes,partial,yes,no,PASS,,3913984411
SYN_jittered_grid_none_1787,2000,synthetic,,dense_urban_irregular,jittered_grid,850,1550,1317500.0,800.0,1500.0,1200000.0,0.9108159392789373,144,263,26300.0,0.00019962049335863378,100.0,100.0,3.6528,4,0.0,0.9722,1,1.0,0,0.0,0,0.0,4200.0,837.5,1.2552,0.9995,1.0,3.1875,0.5875,0.0,0.8631,0.2719,yes,yes,partial,yes,no,PASS,,2296975756
SYN_jittered_grid_none_1828,2000,synthetic,,dense_urban_irregular,jittered_grid,370,650,240500.0,320.0,600.0,192000.0,0.7983367983367984,144,294,12273.62,0.0012224532224532224,41.747,40.0,4.0833,6,0.0,0.9722,1,1.0,0,0.0,0,0.0,1600.0,305.98,1.1812,1.3801,0.8946,3.1875,0.5875,0.0,0.8197,0.2432,yes,yes,partial,yes,no,PASS,,887506728
SYN_jittered_grid_none_1849,2000,synthetic,,dense_urban_irregular,jittered_grid,530,950,503500.0,480.0,900.0,432000.0,0.8579940417080437,144,286,17731.61,0.0005680238331678252,61.9987,60.0,3.9722,6,0.0,0.9722,1,1.0,0,0.0,0,0.0,1829.12,494.27,1.206,1.3228,0.9196,3.1875,0.5875,0.0,0.8322,0.25,yes,yes,partial,yes,no,PASS,,1520490398
SYN_jittered_grid_none_1875,2000,synthetic,,dense_urban_irregular,jittered_grid,690,1250,862500.0,640.0,1200.0,768000.0,0.8904347826086957,144,288,23868.43,0.0003339130434782609,82.8765,80.0,4.0,6,0.0,0.9722,1,1.0,0,0.0,0,0.0,2571.37,591.87,1.178,1.3384,0.9132,3.1875,0.5875,0.0,0.8542,0.2483,yes,yes,partial,yes,no,PASS,,3244346688
SYN_jittered_grid_none_1910,2000,synthetic,,dense_urban_irregular,jittered_grid,850,1550,1317500.0,800.0,1500.0,1200000.0,0.9108159392789373,144,287,29694.11,0.00021783681214421254,103.4638,100.0,3.9861,6,0.0,0.9722,1,1.0,0,0.0,0,0.0,2600.0,797.87,1.1964,1.3307,0.9164,3.1875,0.5875,0.0,0.8223,0.2491,yes,yes,partial,yes,no,PASS,,4055079589
SYN_jittered_grid_none_1935,2000,synthetic,,dense_urban_irregular,jittered_grid,530,650,344500.0,480.0,600.0,288000.0,0.8359941944847605,208,387,15480.0,0.0011233671988388969,40.0,40.0,3.7212,4,0.0,0.9808,1,1.0,0,0.0,0,0.0,2000.0,396.88,1.2624,1.0,1.0,1.5179,0.6231,0.0,0.8424,0.2674,yes,yes,partial,yes,no,PASS,,1922307722
SYN_jittered_grid_none_1963,2000,synthetic,,dense_urban_irregular,jittered_grid,770,950,731500.0,720.0,900.0,648000.0,0.885850991114149,208,387,23220.0,0.0005290498974709501,60.0,60.0,3.7212,4,0.0,0.9808,1,1.0,0,0.0,0,0.0,3000.0,656.25,1.2593,1.0,1.0,1.5179,0.6231,0.0,0.8424,0.2674,yes,yes,partial,yes,no,PASS,,1015023757
SYN_jittered_grid_none_1990,2000,synthetic,,dense_urban_irregular,jittered_grid,1010,1250,1262500.0,960.0,1200.0,1152000.0,0.9124752475247525,208,387,30960.0,0.0003065346534653465,80.0,80.0,3.7212,4,0.0,0.9808,1,1.0,0,0.0,0,0.0,4000.0,712.5,1.2714,1.0,1.0,1.5179,0.6231,0.0,0.8424,0.2674,yes,yes,partial,yes,no,PASS,,2707217223
SYN_partitioned_bridge_none_0024,100,synthetic,,island_or_partitioned,partitioned_bridge,473,126,59598.0,422.45,75.25,31789.04,0.5333911158813907,30,77,3681.25,0.0012919896640826874,47.8084,39.5514,5.1333,9,0.0,0.9333,1,1.0,0,0.0,0,0.0,935.84,237.65,1.2979,4.7601,0.3506,68.953,0.8809,0.0,0.7403,0.1883,yes,yes,no,no,no,PASS,,1384137023
SYN_partitioned_bridge_none_0051,100,synthetic,,island_or_partitioned,partitioned_bridge,474,125,59250.0,423.17,74.31,31446.16,0.5307369349697408,30,81,4200.65,0.0013670886075949366,51.8599,43.9665,5.4,8,0.0,0.9667,1,1.0,0,0.0,0,0.0,824.33,200.55,1.4945,4.7516,0.3457,66.8644,0.8601,0.0,0.6543,0.179,yes,yes,no,no,no,PASS,,2721728899
SYN_partitioned_bridge_none_0081,100,synthetic,,island_or_partitioned,partitioned_bridge,467,127,59309.0,416.34,76.18,31718.58,0.5348020919069043,30,80,4721.46,0.0013488677940953313,59.0183,45.6938,5.3333,10,0.0,0.9667,1,1.0,0,0.0,0,0.0,956.62,200.08,1.4608,4.8098,0.3625,46.1085,0.8851,0.0,0.6375,0.1813,yes,yes,no,no,no,PASS,,1634862353
SYN_partitioned_bridge_none_0106,200,synthetic,,island_or_partitioned,partitioned_bridge,475,129,61275.0,424.23,78.74,33404.6,0.5451586610905741,30,136,6915.56,0.002219502243982048,50.8497,48.8808,9.0667,11,0.0,1.0,1,1.0,0,0.0,1,0.033333,844.09,253.17,1.5594,5.0068,0.3309,48.7109,0.8684,0.0,0.8382,0.1066,yes,yes,no,no,no,PASS,,3588598888
SYN_partitioned_bridge_none_0138,200,synthetic,,island_or_partitioned,partitioned_bridge,468,124,58032.0,417.71,73.88,30860.83,0.5317898118876311,30,142,6748.63,0.0024469258340226083,47.5256,42.8407,9.4667,13,0.0,1.0,1,1.0,0,0.0,0,0.0,764.43,235.11,1.0499,4.9094,0.3239,62.1496,0.8819,0.0,0.6831,0.1021,yes,yes,no,no,no,PASS,,2321561352
SYN_partitioned_bridge_none_0168,200,synthetic,,island_or_partitioned,partitioned_bridge,474,124,58776.0,423.6,73.55,31154.92,0.5300619216804214,30,136,6983.64,0.0023138696066421667,51.3503,43.8194,9.0667,12,0.0,1.0,1,1.0,0,0.0,0,0.0,897.73,238.52,1.0889,4.9528,0.3676,73.7606,0.8696,0.0,0.5956,0.1066,yes,yes,no,no,no,PASS,,3380863519
SYN_partitioned_bridge_none_0195,200,synthetic,,island_or_partitioned,partitioned_bridge,462,119,54978.0,411.43,68.54,28197.34,0.5128839779518688,30,179,8312.38,0.0032558477936629198,46.4379,44.8111,11.9333,14,0.0,1.0,1,1.0,0,0.0,0,0.0,796.11,220.46,1.1158,5.0451,0.3966,67.6645,0.8674,0.0,0.7598,0.081,yes,yes,no,no,no,PASS,,2144947485
SYN_partitioned_bridge_none_0220,400,synthetic,,island_or_partitioned,partitioned_bridge,475,126,59850.0,424.25,75.4,31988.47,0.5344772771386932,30,168,7202.75,0.002807017543859649,42.8735,37.5075,11.2,14,0.0,1.0,1,1.0,0,0.0,0,0.0,833.93,238.36,1.0974,5.0455,0.3036,79.275,0.893,0.0,0.6726,0.0863,yes,yes,no,no,no,PASS,,2717731870
SYN_partitioned_bridge_none_0250,400,synthetic,,island_or_partitioned,partitioned_bridge,477,123,58671.0,426.0,72.06,30697.71,0.5232177404765299,30,175,8704.24,0.002982734229858022,49.7385,41.3816,11.6667,15,0.0,1.0,1,1.0,0,0.0,0,0.0,802.5,235.12,1.0898,4.9654,0.3714,64.9872,0.8604,0.0,0.5771,0.0829,yes,yes,no,no,no,PASS,,3073703660
SYN_partitioned_bridge_none_0272,400,synthetic,,island_or_partitioned,partitioned_bridge,825,127,104775.0,774.69,76.06,58920.56,0.5623532274218198,45,144,6895.92,0.0013743736578382248,47.8884,38.3609,6.4,12,0.0,0.9778,1,1.0,0,0.0,0,0.0,985.56,319.41,1.2422,5.0318,0.3194,191.5634,0.3636,0.0,0.7083,0.1528,yes,yes,no,no,no,PASS,,2812590329
SYN_partitioned_bridge_none_0302,400,synthetic,,island_or_partitioned,partitioned_bridge,828,125,103500.0,777.58,74.15,57658.8,0.5570898509244537,45,130,7592.88,0.001256038647342995,58.4068,47.5046,5.7778,10,0.0,0.9778,1,1.0,0,0.0,0,0.0,1521.24,300.29,1.2901,4.915,0.4077,174.0736,0.3787,0.0,0.7231,0.1692,yes,yes,no,no,no,PASS,,3852025158
SYN_partitioned_bridge_none_0339,400,synthetic,,island_or_partitioned,partitioned_bridge,818,126,103068.0,767.43,75.31,57796.58,0.5607616336240175,45,143,8517.22,0.001387433539022781,59.561,42.9219,6.3556,10,0.0,0.9778,1,1.0,0,0.0,0,0.0,1031.34,426.88,1.3075,4.9889,0.3986,172.8017,0.3859,0.0,0.6084,0.1538,yes,yes,no,no,no,PASS,,2513336898
SYN_partitioned_bridge_none_0371,400,synthetic,,island_or_partitioned,partitioned_bridge,818,130,106340.0,767.24,79.37,60899.34,0.5726851776356893,45,191,9014.83,0.0017961256347564416,47.198,39.0201,8.4889,13,0.0,1.0,1,1.0,0,0.0,0,0.0,1533.22,389.15,1.2218,5.0174,0.356,155.9679,0.3872,0.0,0.7382,0.1152,yes,yes,no,no,no,PASS,,2022630678
SYN_partitioned_bridge_none_0392,400,synthetic,,island_or_partitioned,partitioned_bridge,823,121,99583.0,772.74,70.9,54790.36,0.5501978844768464,45,191,9489.35,0.0019179980518763242,49.6825,43.0856,8.4889,13,0.0,1.0,1,1.0,0,0.0,0,0.0,1540.75,369.86,1.134,5.0458,0.3927,162.4826,0.3742,0.0,0.712,0.1152,yes,yes,no,no,no,PASS,,120622452
SYN_partitioned_bridge_none_0410,600,synthetic,,island_or_partitioned,partitioned_bridge,823,126,103698.0,772.32,75.56,58353.72,0.5627275582349502,45,218,11526.58,0.002102258481359332,52.8742,39.2148,9.6889,13,0.0,1.0,1,1.0,0,0.0,0,0.0,960.96,360.99,1.1813,5.0641,0.3716,202.1804,0.3687,0.0,0.633,0.1009,yes,yes,no,no,no,PASS,,2531898580
SYN_partitioned_bridge_none_0440,600,synthetic,,island_or_partitioned,partitioned_bridge,825,124,102300.0,774.45,73.48,56906.53,0.5562710868878509,45,267,11832.71,0.0026099706744868037,44.3173,38.5986,11.8667,15,0.0,1.0,1,1.0,0,0.0,0,0.0,1524.01,309.05,1.1756,5.0328,0.367,212.4552,0.3743,0.0,0.7828,0.0824,yes,yes,no,no,no,PASS,,205526016
SYN_partitioned_bridge_none_0463,600,synthetic,,island_or_partitioned,partitioned_bridge,820,123,100860.0,769.17,72.63,55865.39,0.5538904517730455,45,257,12119.48,0.0025480864564743208,47.1575,38.5046,11.4222,16,0.0,1.0,1,1.0,0,0.0,1,0.022222,1542.57,378.16,1.147,5.0599,0.284,156.0571,0.3771,0.0,0.8327,0.0856,yes,yes,no,no,no,PASS,,1097081961
SYN_partitioned_bridge_none_0498,600,synthetic,,island_or_partitioned,partitioned_bridge,829,126,104454.0,778.0,75.98,59112.19,0.5659160393959046,45,270,14729.96,0.0025848698948819577,54.5554,44.7562,12.0,14,0.0,1.0,1,1.0,0,0.0,0,0.0,1670.19,355.0,1.12,5.043,0.363,176.5324,0.3841,0.0,0.7185,0.0815,yes,yes,no,no,no,PASS,,1458801519
SYN_partitioned_bridge_none_0526,600,synthetic,,island_or_partitioned,partitioned_bridge,1167,127,148209.0,1116.51,76.48,85390.81,0.5761513281357107,60,187,9401.81,0.0012617317436862808,50.277,40.0681,6.2333,10,0.0,1.0,1,1.0,0,0.0,1,0.016667,1553.81,524.73,1.2372,5.0372,0.385,291.0546,0.5002,0.0,0.7861,0.1578,yes,yes,no,no,no,PASS,,1579655424
SYN_partitioned_bridge_none_0545,600,synthetic,,island_or_partitioned,partitioned_bridge,1172,125,146500.0,1121.15,74.99,84078.37,0.5739137671605439,60,186,10606.24,0.0012696245733788396,57.0228,39.9484,6.2,10,0.0,0.9833,1,1.0,0,0.0,0,0.0,2281.36,538.29,1.2681,5.0133,0.414,312.1498,0.4971,0.0,0.672,0.1586,yes,yes,no,no,no,PASS,,272626126
SYN_partitioned_bridge_none_0571,600,synthetic,,island_or_partitioned,partitioned_bridge,1172,128,150016.0,1121.72,77.84,87314.14,0.5820321529799277,60,181,11626.73,0.0012065379692832764,64.2361,45.0026,6.0333,11,0.0,0.9833,1,1.0,0,0.0,0,0.0,1588.3,446.15,1.1309,4.9992,0.3646,316.5863,0.4878,0.0,0.6022,0.163,yes,yes,no,no,no,PASS,,3925013180
SYN_partitioned_bridge_none_0598,600,synthetic,,island_or_partitioned,partitioned_bridge,1169,130,151970.0,1118.79,79.67,89129.93,0.5864968987055144,60,254,11650.72,0.001671382509705863,45.869,35.251,8.4667,13,0.0,1.0,1,1.0,0,0.0,0,0.0,2357.35,472.03,1.1329,4.9974,0.3858,275.2914,0.5163,0.0,0.8189,0.1161,yes,yes,no,no,no,PASS,,987054421
SYN_partitioned_bridge_none_0623,800,synthetic,,island_or_partitioned,partitioned_bridge,1177,129,151833.0,1126.83,78.28,88211.0,0.5809738426264877,60,256,13372.62,0.0016860629770866675,52.2368,40.7759,8.5333,14,0.0,1.0,1,1.0,0,0.0,0,0.0,2413.57,536.05,1.115,5.0873,0.3516,308.112,0.4902,0.0,0.6914,0.1152,yes,yes,no,no,no,PASS,,3904411103
SYN_partitioned_bridge_none_0652,800,synthetic,,island_or_partitioned,partitioned_bridge,1177,129,151833.0,1126.28,78.9,88864.1,0.5852752829910292,60,267,15080.16,0.0017585109956333603,56.48,45.9261,8.9,14,0.0,1.0,1,1.0,0,0.0,0,0.0,1575.74,472.92,1.0678,5.0872,0.367,242.0105,0.481,0.0,0.6367,0.1105,yes,yes,no,no,no,PASS,,2291519498
SYN_partitioned_bridge_none_0675,800,synthetic,,island_or_partitioned,partitioned_bridge,1169,128,149632.0,1118.34,77.5,86674.62,0.5792519094208036,60,334,15788.59,0.002232142857142857,47.2712,41.7578,11.1333,14,0.0,1.0,1,1.0,0,0.0,2,0.033333,1624.74,512.99,1.1022,5.0982,0.3503,272.6537,0.5058,0.0,0.8174,0.0883,yes,yes,no,no,no,PASS,,3171092906
SYN_partitioned_bridge_none_0701,800,synthetic,,island_or_partitioned,partitioned_bridge,1172,129,151188.0,1121.56,78.87,88454.02,0.5850597789661345,60,336,16081.25,0.0022223986030637352,47.8609,37.7088,11.2,15,0.0,1.0,1,1.0,0,0.0,0,0.0,1433.93,538.67,1.0577,5.0943,0.3304,344.8601,0.4869,0.0,0.7202,0.0878,yes,yes,no,no,no,PASS,,142799376
SYN_partitioned_bridge_none_0737,800,synthetic,,island_or_partitioned,partitioned_bridge,1172,129,151188.0,1121.21,78.71,88247.09,0.5836910801410017,60,332,17258.71,0.002195941476836786,51.9841,39.8875,11.0667,15,0.0,1.0,1,1.0,0,0.0,0,0.0,1442.51,466.06,1.1089,5.0683,0.3223,363.5031,0.4831,0.0,0.7861,0.0889,yes,yes,no,no,no,PASS,,381166120
SYN_partitioned_bridge_none_0760,800,synthetic,,island_or_partitioned,partitioned_bridge,475,126,59850.0,424.27,75.67,32104.9,0.5364226625792842,50,239,9850.85,0.003993316624895572,41.2169,36.1273,9.56,14,0.0,1.0,1,1.0,0,0.0,0,0.0,877.47,216.6,1.355,5.0695,0.3305,77.8523,0.8875,0.0,0.8326,0.1025,yes,yes,no,no,no,PASS,,2976075646
SYN_partitioned_bridge_none_0789,800,synthetic,,island_or_partitioned,partitioned_bridge,474,127,60198.0,423.63,76.33,32334.54,0.5371363915138728,50,250,11533.89,0.004152961892421675,46.1356,41.047,10.0,17,0.0,1.0,1,1.0,0,0.0,0,0.0,910.49,244.41,1.3777,5.0758,0.332,66.5191,0.8642,0.0,0.768,0.098,yes,yes,no,no,no,PASS,,763324496
SYN_partitioned_bridge_none_0813,1000,synthetic,,island_or_partitioned,partitioned_bridge,471,128,60288.0,420.3,77.38,32525.04,0.5394944504354474,50,243,10328.05,0.004030652866242038,42.5023,36.468,9.72,15,0.0,1.0,1,1.0,0,0.0,0,0.0,821.53,210.93,1.43,5.0283,0.2963,75.292,0.8792,0.0,0.7037,0.1008,yes,yes,no,no,no,PASS,,1234024999
SYN_partitioned_bridge_none_0836,1000,synthetic,,island_or_partitioned,partitioned_bridge,468,129,60372.0,417.04,78.44,32714.17,0.541876483922847,50,338,15147.17,0.005598621877691645,44.8141,42.9154,13.52,19,0.0,1.0,1,1.0,0,0.0,1,0.02,785.86,229.33,1.1276,5.0711,0.355,61.1082,0.8652,0.0,0.8757,0.0725,yes,yes,no,no,no,PASS,,2129320219
SYN_partitioned_bridge_none_0858,1000,synthetic,,island_or_partitioned,partitioned_bridge,469,128,60032.0,418.15,77.47,32394.11,0.5396140112867494,50,351,15678.83,0.005846881663113006,44.669,40.8584,14.04,19,0.0,1.0,1,1.0,0,0.0,0,0.0,851.19,247.35,1.3933,5.104,0.3533,60.7249,0.8724,0.0,0.7635,0.0698,yes,yes,no,no,no,PASS,,99337174
SYN_partitioned_bridge_none_0884,1000,synthetic,,island_or_partitioned,partitioned_bridge,477,129,61533.0,426.19,78.85,33604.78,0.546126179418299,50,359,16883.77,0.005834267791266475,47.03,42.2331,14.36,19,0.0,1.0,1,1.0,0,0.0,0,0.0,881.16,263.99,1.1324,5.0627,0.3064,53.3238,0.8771,0.0,0.7214,0.0682,yes,yes,no,no,no,PASS,,921539867
SYN_partitioned_bridge_none_0921,1000,synthetic,,island_or_partitioned,partitioned_bridge,479,130,62270.0,428.18,79.78,34161.7,0.548606059742336,50,467,21983.41,0.007499598522563032,47.0737,45.7042,18.68,23,0.0,1.0,1,1.0,0,0.0,0,0.0,936.24,237.59,1.1482,5.1116,0.3383,52.5744,0.8614,0.0,0.8351,0.0525,yes,yes,no,no,no,PASS,,2953929794
SYN_partitioned_bridge_none_0946,1000,synthetic,,island_or_partitioned,partitioned_bridge,465,130,60450.0,414.48,79.23,32837.09,0.5432107124469766,50,492,21643.95,0.008138957816377171,43.9918,41.1819,19.68,24,0.0,1.0,1,1.0,0,0.0,0,0.0,842.48,275.56,1.0892,5.0976,0.3252,51.9623,0.8749,0.0,0.7663,0.0498,yes,yes,no,no,no,PASS,,3789527490
SYN_partitioned_bridge_none_0973,1000,synthetic,,island_or_partitioned,partitioned_bridge,472,128,60416.0,421.15,77.34,32573.5,0.5391535786529545,50,488,22829.05,0.008077330508474576,46.7808,45.3582,19.52,24,0.0,1.0,1,1.0,0,0.0,0,0.0,812.46,172.63,1.1797,5.0895,0.3525,46.2333,0.8721,0.0,0.6967,0.0502,yes,yes,no,no,no,PASS,,3435317574
SYN_partitioned_bridge_none_0997,1000,synthetic,,island_or_partitioned,partitioned_bridge,822,128,105216.0,771.63,77.64,59907.3,0.5693744747204188,75,377,16509.52,0.0035831052311435523,43.7918,41.3451,10.0533,15,0.0,1.0,1,1.0,0,0.0,0,0.0,1575.96,378.84,1.2281,5.1211,0.3289,173.1389,0.3752,0.0,0.8806,0.0981,yes,yes,no,no,no,PASS,,3189438583
SYN_partitioned_bridge_none_1024,1200,synthetic,,island_or_partitioned,partitioned_bridge,826,128,105728.0,775.45,77.83,60355.2,0.5708534991711501,75,380,18127.14,0.003594128329297821,47.703,42.7994,10.1333,18,0.0,1.0,1,1.0,0,0.0,0,0.0,935.55,365.73,1.1698,5.0985,0.3737,161.004,0.3754,0.0,0.8,0.0974,yes,yes,no,no,no,PASS,,461587896
SYN_partitioned_bridge_none_1049,1200,synthetic,,island_or_partitioned,partitioned_bridge,826,129,106554.0,775.0,78.56,60887.83,0.5714269942312579,75,366,17980.28,0.003434878089982544,49.1265,42.203,9.76,15,0.0,1.0,1,1.0,0,0.0,0,0.0,1583.98,346.35,1.1989,5.1133,0.3634,140.1141,0.3813,0.0,0.776,0.1011,yes,yes,no,no,no,PASS,,1997794934
SYN_partitioned_bridge_none_1079,1200,synthetic,,island_or_partitioned,partitioned_bridge,824,127,104648.0,773.51,76.46,59146.11,0.5651910159182132,75,531,24338.15,0.005074153352190199,45.8346,44.5087,14.16,19,0.0,1.0,1,1.0,0,0.0,0,0.0,828.33,378.88,1.2458,5.1211,0.3465,156.8294,0.381,0.0,0.8644,0.0697,yes,yes,no,no,no,PASS,,1241346731
SYN_partitioned_bridge_none_1109,1200,synthetic,,island_or_partitioned,partitioned_bridge,820,128,104960.0,769.83,77.51,59670.64,0.5685084290978876,75,543,24917.98,0.005173399390243903,45.8895,41.7733,14.48,19,0.0,1.0,1,1.0,0,0.0,0,0.0,1545.51,346.57,1.1241,5.0995,0.3444,130.7348,0.3822,0.0,0.8232,0.0681,yes,yes,no,no,no,PASS,,2156434221
SYN_partitioned_bridge_none_1129,1200,synthetic,,island_or_partitioned,partitioned_bridge,829,130,107770.0,778.48,79.69,62039.97,0.5756701623759729,75,542,25366.07,0.005029228913426742,46.8009,42.8332,14.4533,21,0.0,1.0,1,1.0,0,0.0,0,0.0,1562.84,470.09,1.1308,5.118,0.393,148.7127,0.374,0.0,0.8137,0.0683,yes,yes,no,no,no,PASS,,1913063842
SYN_partitioned_bridge_none_1151,1200,synthetic,,island_or_partitioned,partitioned_bridge,825,130,107250.0,774.38,79.69,61710.64,0.5753905684185585,75,708,31733.15,0.006601398601398602,44.8208,42.4496,18.88,25,0.0,1.0,1,1.0,0,0.0,1,0.013333,900.01,406.36,1.1226,5.1231,0.3277,136.4108,0.3798,0.0,0.8715,0.0523,yes,yes,no,no,no,PASS,,87945268
SYN_partitioned_bridge_none_1178,1200,synthetic,,island_or_partitioned,partitioned_bridge,822,130,106860.0,771.65,79.71,61510.55,0.5756180905836621,75,745,33674.15,0.0069717387235635414,45.2002,42.3819,19.8667,25,0.0,1.0,1,1.0,0,0.0,0,0.0,1574.94,331.55,1.2054,5.1427,0.3154,144.2825,0.3825,0.0,0.8282,0.0497,yes,yes,no,no,no,PASS,,3492524647
SYN_partitioned_bridge_none_1200,1600,synthetic,,island_or_partitioned,partitioned_bridge,823,130,106990.0,772.92,79.7,61605.22,0.5758035255214299,75,716,32187.97,0.006692214225628564,44.9553,41.2014,19.0933,24,0.0,1.0,1,1.0,0,0.0,0,0.0,862.05,368.35,1.068,5.1362,0.3324,155.2331,0.38,0.0,0.7905,0.0517,yes,yes,no,no,no,PASS,,1770384377
SYN_partitioned_bridge_none_1228,1600,synthetic,,island_or_partitioned,partitioned_bridge,1175,130,152750.0,1124.33,79.03,88861.61,0.5817454088953767,100,485,21312.65,0.0031751227495908346,43.9436,39.3812,9.7,15,0.0,1.0,1,1.0,0,0.0,0,0.0,2290.36,478.0,1.214,5.1061,0.3443,284.9311,0.497,0.0,0.8742,0.1021,yes,yes,no,no,no,PASS,,1609908829
SYN_partitioned_bridge_none_1251,1600,synthetic,,island_or_partitioned,partitioned_bridge,1178,130,153140.0,1127.13,79.25,89320.74,0.5832620038470824,100,520,25353.87,0.003395585738539898,48.7574,42.7603,10.4,16,0.0,1.0,1,1.0,0,0.0,0,0.0,2222.77,501.6,1.0927,5.1401,0.3269,277.0378,0.5014,0.0,0.7942,0.0952,yes,yes,no,no,no,PASS,,4144719952
SYN_partitioned_bridge_none_1283,1600,synthetic,,island_or_partitioned,partitioned_bridge,1169,129,150801.0,1118.58,78.9,88258.76,0.5852664266822287,100,490,23827.82,0.0032493153228426866,48.5292,40.1107,9.8,16,0.0,1.0,1,1.0,0,0.0,0,0.0,2236.65,536.87,1.184,5.1136,0.334,311.739,0.5085,0.0,0.8286,0.101,yes,yes,no,no,no,PASS,,1919929279
SYN_partitioned_bridge_none_1317,1600,synthetic,,island_or_partitioned,partitioned_bridge,1173,130,152490.0,1122.93,79.3,89045.73,0.5839447055413195,100,704,31828.06,0.004616696176798479,45.2103,41.0502,14.08,20,0.0,1.0,1,1.0,0,0.0,1,0.01,2223.03,431.18,1.1268,5.1313,0.331,284.5216,0.5017,0.0,0.8821,0.0703,yes,yes,no,no,no,PASS,,302201510
SYN_partitioned_bridge_none_1337,1600,synthetic,,island_or_partitioned,partitioned_bridge,1175,125,146875.0,1124.85,74.77,84107.64,0.5726477431815663,100,726,33488.01,0.0049429787234042556,46.1267,41.3456,14.52,18,0.0,1.0,1,1.0,0,0.0,0,0.0,2315.91,464.77,1.1298,5.1378,0.3444,267.696,0.5013,0.0,0.8609,0.0682,yes,yes,no,no,no,PASS,,3748578673
SYN_partitioned_bridge_none_1361,1600,synthetic,,island_or_partitioned,partitioned_bridge,1176,129,151704.0,1125.37,78.57,88423.06,0.5828656883864194,100,736,32895.34,0.0048515530243104996,44.6948,39.6007,14.72,21,0.0,1.0,1,1.0,0,0.0,0,0.0,1525.83,514.98,1.0709,5.1312,0.3315,341.8023,0.5085,0.0,0.7921,0.0673,yes,yes,no,no,no,PASS,,2534272249
SYN_partitioned_bridge_none_1382,1600,synthetic,,island_or_partitioned,partitioned_bridge,1179,128,150912.0,1128.84,77.79,87809.69,0.581860252356133,100,937,44095.64,0.006208916454622562,47.0604,46.8025,18.74,23,0.0,1.0,1,1.0,0,0.0,0,0.0,1518.29,454.92,1.0722,5.1283,0.3629,262.2118,0.4933,0.0,0.8613,0.0528,yes,yes,no,no,no,PASS,,4030668654
SYN_partitioned_bridge_none_1411,1600,synthetic,,island_or_partitioned,partitioned_bridge,1179,127,149733.0,1128.11,76.54,86346.95,0.5766728006155545,100,975,42062.84,0.0065115906313237566,43.1414,39.0944,19.5,24,0.0,1.0,1,1.0,0,0.0,0,0.0,1558.29,519.04,1.1307,5.1453,0.3303,296.4972,0.5041,0.0,0.8513,0.0508,yes,yes,no,no,no,PASS,,445852784
SYN_partitioned_bridge_none_1440,1600,synthetic,,island_or_partitioned,partitioned_bridge,1175,130,152750.0,1124.44,79.41,89294.51,0.584579416334977,100,943,45231.01,0.006173486088379705,47.965,44.6579,18.86,23,0.0,1.0,1,1.0,0,0.0,0,0.0,2140.9,503.27,1.0634,5.1467,0.3404,255.5968,0.5035,0.0,0.8038,0.0525,yes,yes,no,no,no,PASS,,3757846539
SYN_partitioned_bridge_none_1468,1600,synthetic,,island_or_partitioned,partitioned_bridge,476,128,60928.0,425.73,77.04,32796.04,0.5382753289657738,80,650,26736.81,0.010668329831932773,41.1336,38.271,16.25,24,0.0,1.0,1,1.0,0,0.0,0,0.0,783.77,224.58,1.1061,5.1128,0.3154,61.9936,0.8754,0.0,0.9154,0.0608,yes,yes,no,no,no,PASS,,3418194972
SYN_partitioned_bridge_none_1488,1600,synthetic,,island_or_partitioned,partitioned_bridge,474,130,61620.0,423.86,79.61,33744.2,0.5476176833444898,80,621,27211.82,0.010077896786757546,43.8194,42.9956,15.525,22,0.0,1.0,1,1.0,0,0.0,0,0.0,810.81,208.48,1.1945,5.1449,0.3543,56.9352,0.8714,0.0,0.8776,0.0636,yes,yes,no,no,no,PASS,,3848026443
SYN_partitioned_bridge_none_1523,1600,synthetic,,island_or_partitioned,partitioned_bridge,479,127,60833.0,428.12,76.64,32812.5,0.5393864863014625,80,619,25820.41,0.010175398221360116,41.7131,38.5209,15.475,23,0.0,1.0,1,1.0,0,0.0,0,0.0,864.34,290.93,1.1613,5.1279,0.3102,57.4635,0.8788,0.0,0.8271,0.0638,yes,yes,no,no,no,PASS,,4184802879
SYN_partitioned_bridge_none_1556,1600,synthetic,,island_or_partitioned,partitioned_bridge,473,128,60544.0,422.76,77.41,32725.47,0.5405238329950405,80,947,38599.95,0.015641516913319237,40.7602,38.6605,23.675,30,0.0,1.0,1,1.0,0,0.0,0,0.0,912.42,220.14,1.1444,5.1348,0.3073,62.1617,0.881,0.0,0.9018,0.0417,yes,yes,no,no,no,PASS,,1914660636
SYN_partitioned_bridge_none_1580,1600,synthetic,,island_or_partitioned,partitioned_bridge,478,128,61184.0,427.8,78.0,33368.16,0.5453740120598737,80,921,39280.15,0.015052955020920501,42.6495,41.0189,23.025,30,0.0,1.0,1,1.0,0,0.0,0,0.0,910.69,193.09,1.2603,5.134,0.3453,64.4903,0.8708,0.0,0.8588,0.0429,yes,yes,no,no,no,PASS,,3809800735
SYN_partitioned_bridge_none_1596,1600,synthetic,,island_or_partitioned,partitioned_bridge,479,128,61312.0,428.78,77.53,33243.56,0.54220313287622,80,970,40136.2,0.01582072025052192,41.3775,39.2525,24.25,32,0.0,1.0,1,1.0,0,0.0,0,0.0,902.04,194.99,1.1529,5.1479,0.3567,69.0639,0.8804,0.0,0.8309,0.0407,yes,yes,no,no,no,PASS,,3195728822
SYN_partitioned_bridge_none_1617,2000,synthetic,,island_or_partitioned,partitioned_bridge,472,128,60416.0,421.69,77.79,32801.05,0.5429198561938313,80,1251,52465.12,0.02070643538135593,41.9385,41.4589,31.275,38,0.0,1.0,1,1.0,0,0.0,0,0.0,843.09,254.88,1.0942,5.1384,0.3469,54.5954,0.876,0.0,0.8985,0.0316,yes,yes,no,no,no,PASS,,2256474163
SYN_partitioned_bridge_none_1640,2000,synthetic,,island_or_partitioned,partitioned_bridge,472,129,60888.0,421.59,78.38,33043.32,0.5426901085980476,80,1267,52438.62,0.020808697937196162,41.388,40.8451,31.675,36,0.0,1.0,1,1.0,0,0.0,0,0.0,842.0,179.8,1.0309,5.1469,0.3528,58.1813,0.8804,0.0,0.8579,0.0312,yes,yes,no,no,no,PASS,,3006737253
SYN_partitioned_bridge_none_1659,2000,synthetic,,island_or_partitioned,partitioned_bridge,479,127,60833.0,428.47,76.49,32774.89,0.5387682043770324,80,1244,54639.65,0.020449427120148602,43.9225,43.0015,31.1,37,0.0,1.0,1,1.0,0,0.0,0,0.0,815.09,209.45,1.0885,5.1487,0.3368,56.654,0.8687,0.0,0.8143,0.0318,yes,yes,no,no,no,PASS,,4042718334
SYN_partitioned_bridge_none_1681,2000,synthetic,,island_or_partitioned,partitioned_bridge,827,130,107510.0,776.72,79.65,61864.78,0.5754328073509017,120,973,41743.63,0.00905032090038136,42.902,41.108,16.2167,25,0.0,1.0,1,1.0,0,0.0,0,0.0,1682.35,411.55,1.6441,5.1346,0.3484,157.7805,0.3806,0.0,0.9239,0.0612,yes,yes,no,no,no,PASS,,560096742
SYN_partitioned_bridge_none_1712,2000,synthetic,,island_or_partitioned,partitioned_bridge,828,127,105156.0,777.61,76.24,59289.2,0.5638214173254987,120,971,42812.26,0.009233900110312297,44.0909,41.8858,16.1833,24,0.0,1.0,1,1.0,0,0.0,0,0.0,1566.15,412.54,1.1447,5.1372,0.345,155.4023,0.3707,0.0,0.8507,0.0613,yes,yes,no,no,no,PASS,,915647699
SYN_partitioned_bridge_none_1736,2000,synthetic,,island_or_partitioned,partitioned_bridge,826,130,107380.0,775.33,79.52,61651.45,0.5741427562920421,120,937,43162.25,0.008726019742968896,46.0643,42.282,15.6167,23,0.0,1.0,1,1.0,0,0.0,0,0.0,1621.24,378.46,1.205,5.1197,0.3501,139.2937,0.3723,0.0,0.8655,0.0635,yes,yes,no,no,no,PASS,,2872576900
SYN_partitioned_bridge_none_1760,2000,synthetic,,island_or_partitioned,partitioned_bridge,829,128,106112.0,778.51,77.85,60604.17,0.5711339791775734,120,1401,59400.37,0.013203030759951748,42.3986,41.6993,23.35,32,0.0,1.0,1,1.0,0,0.0,0,0.0,1606.02,371.33,1.1852,5.1368,0.3276,147.3899,0.374,0.0,0.9236,0.0425,yes,yes,no,no,no,PASS,,1810746435
SYN_partitioned_bridge_none_1791,2000,synthetic,,island_or_partitioned,partitioned_bridge,827,130,107510.0,776.81,79.39,61673.54,0.5736539655234423,120,1418,63884.49,0.013189470746907265,45.0525,43.6416,23.6333,31,0.0,1.0,1,1.0,0,0.0,0,0.0,1517.39,324.9,1.4299,5.1388,0.3815,131.2073,0.3867,0.0,0.8865,0.042,yes,yes,no,no,no,PASS,,1190876990
SYN_partitioned_bridge_none_1829,2000,synthetic,,island_or_partitioned,partitioned_bridge,829,129,106941.0,778.36,78.75,61293.56,0.5731530241244699,120,1386,60597.6,0.012960417426431397,43.7212,41.6691,23.1,32,0.0,1.0,1,1.0,0,0.0,0,0.0,995.82,456.49,1.1133,5.1403,0.3384,153.8662,0.378,0.0,0.9105,0.0429,yes,yes,no,no,no,PASS,,1570331088
SYN_partitioned_bridge_none_1850,2000,synthetic,,island_or_partitioned,partitioned_bridge,828,130,107640.0,777.61,79.42,61754.79,0.573716030050528,120,1834,73039.83,0.017038275733927907,39.8254,37.8985,30.5667,37,0.0,1.0,1,1.0,0,0.0,0,0.0,893.55,388.11,1.1104,5.1563,0.3364,186.2908,0.365,0.0,0.9155,0.0324,yes,yes,no,no,no,PASS,,2905155126
SYN_partitioned_bridge_none_1876,2000,synthetic,,island_or_partitioned,partitioned_bridge,830,130,107900.0,779.2,79.65,62064.73,0.5752060364189475,120,1861,76948.83,0.017247451343836886,41.3481,39.5398,31.0167,38,0.0,1.0,1,1.0,0,0.0,0,0.0,900.92,348.27,1.1152,5.1578,0.3224,170.7242,0.3777,0.0,0.9076,0.032,yes,yes,no,no,no,PASS,,594638487
SYN_partitioned_bridge_none_1913,2000,synthetic,,island_or_partitioned,partitioned_bridge,827,130,107510.0,776.55,79.77,61942.9,0.5761594261590604,120,1869,84190.64,0.0173844293554088,45.0458,43.2785,31.15,37,0.0,1.0,1,1.0,0,0.0,0,0.0,1560.94,364.65,1.0526,5.1587,0.3317,139.658,0.3831,0.0,0.8903,0.0318,yes,yes,no,no,no,PASS,,2042931138
SYN_partitioned_bridge_none_1938,2000,synthetic,,island_or_partitioned,partitioned_bridge,1174,129,151446.0,1123.23,78.24,87876.63,0.580250569710012,160,1208,52368.03,0.007976440447420203,43.351,40.7452,15.1,25,0.0,1.0,1,1.0,0,0.0,0,0.0,2321.99,561.1,1.2732,5.1407,0.3551,264.8283,0.4975,0.0,0.9164,0.0658,yes,yes,no,no,no,PASS,,3757728489
SYN_partitioned_bridge_none_1965,2000,synthetic,,island_or_partitioned,partitioned_bridge,1178,130,153140.0,1127.79,79.67,89852.07,0.5867315212795439,160,1198,53422.02,0.007822907143789996,44.5927,41.7368,14.975,22,0.0,1.0,1,1.0,0,0.0,0,0.0,1633.5,533.82,1.6024,5.1483,0.298,315.7446,0.4972,0.0,0.9007,0.0664,yes,yes,no,no,no,PASS,,3704851249
SYN_partitioned_bridge_none_1992,2000,synthetic,,island_or_partitioned,partitioned_bridge,1179,130,153270.0,1128.41,79.78,90020.22,0.5873309975334401,160,1269,57780.88,0.008279506752789196,45.5326,41.5752,15.8625,23,0.0,1.0,1,1.0,0,0.0,0,0.0,1587.25,508.58,1.2333,5.1424,0.3436,271.2847,0.4938,0.0,0.8605,0.0626,yes,yes,no,no,no,PASS,,3172046461
SYN_radial_city_none_0055,100,synthetic,,radial_city,radial_city,690,605,417450.0,640.0,554.26,354724.01,0.849740100898311,25,43,6320.0,0.0001030063480656366,146.9767,80.0,3.44,4,0.04,0.96,1,1.0,1,0.023256,1,0.04,960.0,311.25,1.1866,2.2257,0.3488,1.0,0.5,0.0,0.7209,0.2902,yes,yes,no,partial,no,PASS,,3333666641
SYN_radial_city_none_0082,100,synthetic,,radial_city,radial_city,850,743,631550.0,800.0,692.82,554256.26,0.877612634312406,31,55,9200.0,8.708732483572164e-05,167.2727,80.0,3.5484,4,0.0323,0.9677,1,1.0,1,0.018182,1,0.032258,1120.0,380.0,1.1545,2.2332,0.3455,1.0,0.4872,0.0,0.6727,0.2815,yes,yes,no,partial,no,PASS,,1257515215
SYN_radial_city_none_0107,200,synthetic,,radial_city,radial_city,1010,882,890820.0,960.0,831.38,798129.01,0.8959486905098673,37,67,12560.0,7.521160279293236e-05,187.4627,80.0,3.6216,4,0.027,0.973,1,1.0,1,0.014925,1,0.027027,1280.0,415.0,1.155,2.2374,0.3433,1.0,0.478,0.0,0.6418,0.2759,yes,yes,no,partial,no,PASS,,2438377231
SYN_radial_city_none_0139,200,synthetic,,radial_city,radial_city,1170,1020,1193400.0,1120.0,969.95,1086342.27,0.9102918269146976,43,79,16400.0,6.61974191385956e-05,207.5949,80.0,3.6744,4,0.0233,0.9767,1,1.0,1,0.012658,1,0.023256,1440.0,472.5,1.1442,2.2401,0.3418,1.0,0.4711,0.0,0.6962,0.272,yes,yes,no,partial,no,PASS,,1602332435
SYN_radial_city_none_0172,200,synthetic,,radial_city,radial_city,1330,1159,1541470.0,1280.0,1108.51,1418896.02,0.9204824099593245,49,91,20720.0,5.903455792198356e-05,227.6923,80.0,3.7143,4,0.0204,0.9796,1,1.0,1,0.010989,1,0.020408,1600.0,521.25,1.1246,2.225,0.3407,1.0,0.4657,0.0,0.6703,0.2691,yes,yes,no,partial,no,PASS,,1772801014
SYN_radial_city_none_0200,400,synthetic,,radial_city,radial_city,530,530,280900.0,480.0,480.0,230400.0,0.8202207191171236,25,41,4299.01,0.00014595941616233536,104.8539,80.0,3.28,4,0.04,0.96,1,1.0,1,0.02439,1,0.04,809.83,257.98,1.1458,3.0734,0.2195,1.0,0.536,0.0,0.6585,0.3044,yes,yes,no,partial,no,PASS,,2897222743
SYN_radial_city_none_0222,400,synthetic,,radial_city,radial_city,690,690,476100.0,640.0,640.0,409600.0,0.8603234614576769,33,57,6898.35,0.00011972274732199117,121.0236,80.0,3.4545,4,0.0303,0.9697,1,1.0,1,0.017544,1,0.030303,969.83,286.96,1.1642,3.0929,0.2281,1.0,0.5127,0.0,0.6491,0.2892,yes,yes,no,partial,no,PASS,,957355567
SYN_radial_city_none_0251,400,synthetic,,radial_city,radial_city,850,850,722500.0,800.0,800.0,640000.0,0.8858131487889274,41,73,9987.52,0.00010103806228373702,136.8154,80.0,3.561,4,0.0244,0.9756,1,1.0,1,0.013699,1,0.02439,1129.83,395.6,1.1504,3.1616,0.2329,1.0,0.4972,0.0,0.6712,0.2807,yes,yes,no,partial,no,PASS,,3593571503
SYN_radial_city_none_0274,400,synthetic,,radial_city,radial_city,1010,1010,1020100.0,960.0,960.0,921600.0,0.9034408391334183,49,89,13566.53,8.724634839721595e-05,152.4329,80.0,3.6327,4,0.0204,0.9796,1,1.0,1,0.011236,1,0.020408,1289.83,392.5,1.107,3.1567,0.236,1.0,0.4863,0.0,0.7303,0.2752,yes,yes,no,partial,no,PASS,,2815782105
SYN_radial_city_none_0304,400,synthetic,,radial_city,radial_city,1170,1170,1368900.0,1120.0,1120.0,1254400.0,0.9163561984074805,57,105,17635.37,7.670392285776902e-05,167.9559,80.0,3.6842,4,0.0175,0.9825,1,1.0,1,0.009524,1,0.017544,1449.83,502.02,1.1246,3.1486,0.2381,1.0,0.4782,0.0,0.6952,0.2713,yes,yes,no,partial,no,PASS,,707043740
SYN_radial_city_none_0344,400,synthetic,,radial_city,radial_city,1330,1330,1768900.0,1280.0,1280.0,1638400.0,0.9262253377805416,65,121,22194.05,6.84040929391147e-05,183.4219,80.0,3.7231,4,0.0154,0.9846,1,1.0,1,0.008264,1,0.015385,1609.83,573.87,1.1278,3.1656,0.2397,1.0,0.4719,0.0,0.6694,0.2685,yes,yes,no,partial,no,PASS,,13632835
SYN_radial_city_none_0372,400,synthetic,,radial_city,radial_city,530,507,268710.0,480.0,456.51,219123.42,0.8154643349335714,31,51,4646.56,0.00018979569052137994,91.1091,80.0,3.2903,4,0.0323,0.9677,1,1.0,1,0.019608,1,0.032258,814.43,282.75,1.2001,2.3208,0.2157,1.0,0.5466,0.0,0.6471,0.3036,yes,yes,no,partial,no,PASS,,1212530882
SYN_radial_city_none_0393,400,synthetic,,radial_city,radial_city,690,659,454710.0,640.0,608.68,389552.75,0.8567059198170262,41,71,7424.27,0.00015614347606166567,104.5672,80.0,3.4634,4,0.0244,0.9756,1,1.0,1,0.014085,1,0.02439,974.43,313.16,1.1482,2.3214,0.2113,1.0,0.5204,0.0,0.6761,0.2886,yes,yes,no,partial,no,PASS,,791031205
SYN_radial_city_none_0411,600,synthetic,,radial_city,radial_city,850,811,689350.0,800.0,760.85,608676.17,0.8829711629796184,51,91,10696.41,0.00013200841372307246,117.5429,80.0,3.5686,4,0.0196,0.9804,1,1.0,1,0.010989,1,0.019608,1134.43,365.77,1.1393,2.3216,0.2088,1.0,0.5033,0.0,0.6813,0.2801,yes,yes,no,partial,no,PASS,,1408672432
SYN_radial_city_none_0442,600,synthetic,,radial_city,radial_city,1010,964,973640.0,960.0,913.01,876493.69,0.900223579310628,61,111,14462.97,0.00011400517645125509,130.297,80.0,3.6393,4,0.0164,0.9836,1,1.0,1,0.009009,1,0.016393,1294.43,471.54,1.1244,2.3217,0.2072,1.0,0.4913,0.0,0.6847,0.2747,yes,yes,no,partial,no,PASS,,3419928648
SYN_radial_city_none_0464,600,synthetic,,radial_city,radial_city,1170,1116,1305720.0,1120.0,1065.18,1193005.29,0.9136762045155162,71,131,18723.96,0.00010032778849983151,142.931,80.0,3.6901,4,0.0141,0.9859,1,1.0,1,0.007634,1,0.014085,1454.43,523.65,1.1466,2.3218,0.2061,1.0,0.4825,0.0,0.6947,0.2709,yes,yes,no,partial,no,PASS,,4129038082
SYN_radial_city_none_0500,600,synthetic,,radial_city,radial_city,1330,1268,1686440.0,1280.0,1217.35,1558211.0,0.9239646801546452,81,151,23479.38,8.953772443727615e-05,155.4926,80.0,3.7284,4,0.0123,0.9877,1,1.0,1,0.006623,1,0.012346,1614.43,577.33,1.1409,2.3218,0.2053,1.0,0.4756,0.0,0.6689,0.2682,yes,yes,no,partial,no,PASS,,1272984095
SYN_radial_city_none_0528,600,synthetic,,radial_city,radial_city,530,530,280900.0,480.0,480.0,230400.0,0.8202207191171236,37,61,4981.6,0.00021715913136347454,81.6655,80.0,3.2973,4,0.027,0.973,1,1.0,1,0.016393,1,0.027027,816.93,248.73,1.1661,4.1827,0.4098,1.0,0.5538,0.0,0.7049,0.3031,yes,yes,no,partial,no,PASS,,3402073675
SYN_radial_city_none_0546,600,synthetic,,radial_city,radial_city,690,690,476100.0,640.0,640.0,409600.0,0.8603234614576769,49,85,7929.33,0.00017853392144507457,93.2862,80.0,3.4694,4,0.0204,0.9796,1,1.0,1,0.011765,1,0.020408,976.93,343.88,1.1891,4.2587,0.3412,1.0,0.5257,0.0,0.6941,0.2881,yes,yes,no,partial,no,PASS,,1360086561
SYN_radial_city_none_0573,600,synthetic,,radial_city,radial_city,850,850,722500.0,800.0,800.0,640000.0,0.8858131487889274,61,109,11373.99,0.00015086505190311418,104.3485,80.0,3.5738,4,0.0164,0.9836,1,1.0,1,0.009174,1,0.016393,1136.93,331.5,1.1286,4.2699,0.3761,1.0,0.5075,0.0,0.7064,0.2797,yes,yes,no,partial,no,PASS,,215206221
SYN_radial_city_none_0600,800,synthetic,,radial_city,radial_city,1010,1010,1020100.0,960.0,960.0,921600.0,0.9034408391334183,73,133,15315.58,0.00013037937457112048,115.1548,80.0,3.6438,4,0.0137,0.9863,1,1.0,1,0.007519,1,0.013699,1296.93,509.51,1.1341,4.2617,0.3985,1.0,0.4947,0.0,0.7143,0.2744,yes,yes,no,partial,no,PASS,,817742492
SYN_radial_city_none_0624,800,synthetic,,radial_city,radial_city,1170,1170,1368900.0,1120.0,1120.0,1254400.0,0.9163561984074805,85,157,19754.11,0.00011469062751114033,125.8224,80.0,3.6941,4,0.0118,0.9882,1,1.0,1,0.006369,1,0.011765,1456.93,524.56,1.1443,4.266,0.3631,1.0,0.4853,0.0,0.7134,0.2707,yes,yes,no,partial,no,PASS,,3111952982
SYN_radial_city_none_0653,800,synthetic,,radial_city,radial_city,1330,1330,1768900.0,1280.0,1280.0,1638400.0,0.9262253377805416,97,181,24689.57,0.00010232347786760134,136.4065,80.0,3.732,4,0.0103,0.9897,1,1.0,1,0.005525,1,0.010309,1616.93,593.16,1.1246,4.2507,0.337,1.0,0.4781,0.0,0.7293,0.2679,yes,yes,no,partial,no,PASS,,492869973
SYN_radial_city_none_0676,800,synthetic,,radial_city,radial_city,530,518,274540.0,480.0,467.97,224623.39,0.8181809246011511,43,71,5310.68,0.0002586144095578058,74.7983,80.0,3.3023,4,0.0233,0.9767,1,1.0,1,0.014085,1,0.023256,818.45,252.83,1.1937,2.8065,0.4366,1.0,0.559,0.0,0.7887,0.3027,yes,yes,no,partial,no,PASS,,2248622147
SYN_radial_city_none_0702,800,synthetic,,radial_city,radial_city,690,674,465060.0,640.0,623.95,399330.47,0.8586644152582463,57,99,8424.47,0.00021287575796671398,85.0956,80.0,3.4737,4,0.0175,0.9825,1,1.0,1,0.010101,1,0.017544,978.45,351.21,1.1543,2.8069,0.4343,1.0,0.5294,0.0,0.7172,0.2878,yes,yes,no,partial,no,PASS,,3113881462
SYN_radial_city_none_0738,800,synthetic,,radial_city,radial_city,850,830,705500.0,800.0,779.94,623953.86,0.8844136980864636,71,127,12036.7,0.00018001417434443658,94.7772,80.0,3.5775,4,0.0141,0.9859,1,1.0,1,0.007874,1,0.014085,1138.45,378.89,1.1762,2.8071,0.4331,1.0,0.5104,0.0,0.7559,0.2795,yes,yes,no,partial,no,PASS,,2742383679
SYN_radial_city_none_0764,800,synthetic,,radial_city,radial_city,1010,986,995860.0,960.0,935.93,898493.56,0.9022287913562148,85,155,16147.38,0.00015564436768220432,104.1767,80.0,3.6471,4,0.0118,0.9882,1,1.0,1,0.006452,1,0.011765,1298.45,423.76,1.1333,2.8072,0.4323,1.0,0.4972,0.0,0.7548,0.2742,yes,yes,no,partial,no,PASS,,1713410662
SYN_radial_city_none_0790,800,synthetic,,radial_city,radial_city,1170,1142,1336140.0,1120.0,1091.92,1222949.57,0.9152855040938823,99,183,20756.51,0.0001369616956306974,113.4236,80.0,3.697,4,0.0101,0.9899,1,1.0,1,0.005464,1,0.010101,1458.45,505.16,1.1507,2.8072,0.4317,1.0,0.4874,0.0,0.7486,0.2705,yes,yes,no,partial,no,PASS,,2556092830
SYN_radial_city_none_0814,1000,synthetic,,radial_city,radial_city,1330,1298,1726340.0,1280.0,1247.91,1597321.89,0.9252649488744975,113,211,25864.09,0.00012222389564048796,122.5786,80.0,3.7345,4,0.0088,0.9912,1,1.0,1,0.004739,1,0.00885,1618.45,582.18,1.1822,2.8073,0.4313,1.0,0.4799,0.0,0.7204,0.2678,yes,yes,no,partial,no,PASS,,1469540275
SYN_radial_city_none_0839,1000,synthetic,,radial_city,radial_city,530,530,280900.0,480.0,480.0,230400.0,0.8202207191171236,49,81,5636.59,0.0002883588465646137,69.5875,80.0,3.3061,4,0.0204,0.9796,1,1.0,1,0.012346,1,0.020408,819.43,262.63,1.1951,4.0227,0.4074,1.0,0.563,0.0,0.8025,0.3023,yes,yes,no,partial,no,PASS,,255123522
SYN_radial_city_none_0861,1000,synthetic,,radial_city,radial_city,690,690,476100.0,640.0,640.0,409600.0,0.8603234614576769,65,113,8914.31,0.00023734509556815796,78.8877,80.0,3.4769,4,0.0154,0.9846,1,1.0,1,0.00885,1,0.015385,979.43,315.06,1.2005,4.0395,0.3982,1.0,0.5323,0.0,0.7168,0.2875,yes,yes,no,partial,no,PASS,,3476277694
SYN_radial_city_none_0892,1000,synthetic,,radial_city,radial_city,850,850,722500.0,800.0,800.0,640000.0,0.8858131487889274,81,145,12691.47,0.00020069204152249135,87.5274,80.0,3.5802,4,0.0123,0.9877,1,1.0,1,0.006897,1,0.012346,1139.43,365.94,1.123,4.0769,0.3931,1.0,0.5127,0.0,0.7586,0.2793,yes,yes,no,partial,no,PASS,,3167337464
SYN_radial_city_none_0923,1000,synthetic,,radial_city,radial_city,1010,1010,1020100.0,960.0,960.0,921600.0,0.9034408391334183,97,177,16968.06,0.000173512400745025,95.8647,80.0,3.6495,4,0.0103,0.9897,1,1.0,1,0.00565,1,0.010309,1299.43,426.95,1.1614,4.0758,0.3898,1.0,0.499,0.0,0.7627,0.274,yes,yes,no,partial,no,PASS,,3296255814
SYN_radial_city_none_0947,1000,synthetic,,radial_city,radial_city,1170,1170,1368900.0,1120.0,1120.0,1254400.0,0.9163561984074805,113,209,21744.07,0.00015267733216451165,104.0386,80.0,3.6991,4,0.0088,0.9912,1,1.0,1,0.004785,1,0.00885,1459.43,523.71,1.1234,4.0725,0.3876,1.0,0.489,0.0,0.7895,0.2703,yes,yes,no,partial,no,PASS,,3217959827
SYN_radial_city_none_0974,1000,synthetic,,radial_city,radial_city,1330,1330,1768900.0,1280.0,1280.0,1638400.0,0.9262253377805416,129,241,27019.52,0.00013624286279608795,112.1142,80.0,3.7364,4,0.0078,0.9922,1,1.0,1,0.004149,1,0.007752,1619.43,583.71,1.12,4.0815,0.3859,1.0,0.4813,0.0,0.7635,0.2676,yes,yes,no,partial,no,PASS,,776024942
SYN_radial_city_none_1025,1200,synthetic,,radial_city,radial_city,692,609,421428.0,641.08,558.04,357747.14,0.8488926730366234,25,43,6341.46,0.00010203403665632089,147.4759,84.3998,3.44,4,0.04,0.96,1,1.0,1,0.023256,1,0.04,969.98,343.35,1.1535,2.5588,0.3488,1.0129,0.5053,0.0,0.7209,0.2902,yes,yes,no,partial,no,PASS,,3600070448
SYN_radial_city_none_1051,1200,synthetic,,radial_city,radial_city,854,747,637938.0,803.88,696.91,560231.55,0.8781912235208695,31,55,9195.06,8.621527483862068e-05,167.1829,85.8032,3.5484,4,0.0323,0.9677,1,1.0,1,0.018182,1,0.032258,1108.08,414.69,1.1728,2.7162,0.3455,1.0047,0.4872,0.0,0.6727,0.2815,yes,yes,no,partial,no,PASS,,152711608
SYN_radial_city_none_1081,1200,synthetic,,radial_city,radial_city,1010,880,888800.0,959.28,829.64,795863.19,0.8954356295442576,37,67,12553.06,7.538253825382539e-05,187.3591,87.5247,3.6216,4,0.027,0.973,1,1.0,1,0.014925,1,0.027027,1268.85,457.6,1.1395,2.5485,0.3433,1.0146,0.4795,0.0,0.6418,0.2759,yes,yes,no,partial,no,PASS,,3557775029
SYN_radial_city_none_1110,1200,synthetic,,radial_city,radial_city,1166,1027,1197482.0,1115.54,976.31,1089117.57,0.9095064224407987,43,79,16390.29,6.597176408497163e-05,207.472,86.1932,3.6744,4,0.0233,0.9767,1,1.0,1,0.012658,1,0.023256,1421.67,466.96,1.1557,2.8683,0.3418,1.0063,0.4713,0.0,0.6962,0.272,yes,yes,no,partial,no,PASS,,3653479134
SYN_radial_city_none_1132,1200,synthetic,,radial_city,radial_city,1337,1162,1553594.0,1286.89,1111.14,1429913.74,0.9203908745396264,49,91,20749.13,5.8573861639527444e-05,228.0124,86.1849,3.7143,4,0.0204,0.9796,1,1.0,1,0.010989,1,0.020408,1589.31,563.99,1.1073,3.0176,0.3407,1.0021,0.4652,0.0,0.6703,0.2691,yes,yes,no,partial,no,PASS,,1210005950
SYN_radial_city_none_1154,1200,synthetic,,radial_city,radial_city,538,534,287292.0,487.6,483.4,235706.82,0.8204433870151249,25,41,4311.67,0.00014271194464168858,105.1627,83.8362,3.28,4,0.04,0.96,1,1.0,1,0.02439,1,0.04,825.58,276.11,1.1852,3.7349,0.2195,1.0085,0.5374,0.0,0.6341,0.3044,yes,yes,no,partial,no,PASS,,3652251007
SYN_radial_city_none_1179,1200,synthetic,,radial_city,radial_city,697,695,484415.0,646.42,644.42,416563.91,0.8599318936764755,33,57,6898.07,0.00011766770228006977,121.0188,82.7468,3.4545,4,0.0303,0.9697,1,1.0,1,0.017544,1,0.030303,959.61,309.93,1.1862,3.9168,0.2456,1.0198,0.5118,0.0,0.6491,0.2892,yes,yes,no,partial,no,PASS,,3830152562
SYN_radial_city_none_1202,1600,synthetic,,radial_city,radial_city,850,855,726750.0,799.34,804.26,642877.85,0.8845928407511214,41,73,9991.28,0.00010044719642242862,136.8669,84.3543,3.561,4,0.0244,0.9756,1,1.0,1,0.013699,1,0.02439,1111.75,379.1,1.1832,3.8409,0.2329,1.0095,0.4973,0.0,0.6712,0.2807,yes,yes,no,partial,no,PASS,,691047907
SYN_radial_city_none_1229,1600,synthetic,,radial_city,radial_city,1008,1010,1018080.0,957.55,959.71,918971.26,0.9026513287315705,49,89,13568.87,8.741945623133742e-05,152.4592,84.7912,3.6327,4,0.0204,0.9796,1,1.0,1,0.011236,1,0.020408,1294.65,397.62,1.1417,4.0198,0.236,1.0107,0.4871,0.0,0.7303,0.2752,yes,yes,no,partial,no,PASS,,3582841779
SYN_radial_city_none_1252,1600,synthetic,,radial_city,radial_city,1174,1174,1378276.0,1123.65,1123.07,1261943.65,0.9155957485663698,57,105,17647.75,7.618212897852099e-05,168.0738,86.9773,3.6842,4,0.0175,0.9825,1,1.0,1,0.009524,1,0.017544,1448.55,567.75,1.121,3.9123,0.2381,1.0056,0.4776,0.0,0.6952,0.2713,yes,yes,no,partial,no,PASS,,2841229576
SYN_radial_city_none_1284,1600,synthetic,,radial_city,radial_city,1333,1329,1771557.0,1282.55,1278.26,1639434.34,0.9254200342895187,65,121,22167.62,6.830149975417105e-05,183.2035,85.5368,3.7231,4,0.0154,0.9846,1,1.0,1,0.008264,1,0.015385,1595.15,548.18,1.1483,3.9829,0.2397,1.0044,0.4723,0.0,0.6694,0.2685,yes,yes,no,partial,no,PASS,,3565343624
SYN_radial_city_none_1321,1600,synthetic,,radial_city,radial_city,533,508,270764.0,482.11,457.08,220364.16,0.8138606161795887,31,51,4638.39,0.0001883559114210161,90.9489,82.783,3.2903,4,0.0323,0.9677,1,1.0,1,0.019608,1,0.032258,817.95,253.63,1.146,3.5574,0.2549,1.0303,0.5488,0.0,0.6863,0.3036,yes,yes,no,partial,no,PASS,,4094029242
SYN_radial_city_none_1338,1600,synthetic,,radial_city,radial_city,691,663,458133.0,640.78,612.44,392441.01,0.8566093385487152,41,71,7431.06,0.00015497682987254793,104.6628,82.9498,3.4634,4,0.0244,0.9756,1,1.0,1,0.014085,1,0.02439,982.13,337.7,1.159,3.5608,0.2958,1.0156,0.5219,0.0,0.7324,0.2886,yes,yes,no,partial,no,PASS,,3581742202
SYN_radial_city_none_1363,1600,synthetic,,radial_city,radial_city,848,810,686880.0,797.3,759.28,605371.25,0.8813348064479267,51,91,10696.17,0.00013248311204286048,117.5403,86.0993,3.5686,4,0.0196,0.9804,1,1.0,1,0.010989,1,0.019608,1127.88,397.12,1.1282,3.5237,0.2637,1.0039,0.5016,0.0,0.6923,0.2801,yes,yes,no,partial,no,PASS,,3515632355
SYN_radial_city_none_1383,1600,synthetic,,radial_city,radial_city,1016,971,986536.0,965.91,920.98,889586.62,0.9017274796923126,61,111,14500.08,0.00011251490062197426,130.6314,84.519,3.6393,4,0.0164,0.9836,1,1.0,1,0.009009,1,0.016393,1296.95,463.83,1.1525,3.4341,0.2523,1.0038,0.4924,0.0,0.7027,0.2747,yes,yes,no,partial,no,PASS,,1343766597
SYN_radial_city_none_1414,1600,synthetic,,radial_city,radial_city,1177,1121,1319417.0,1126.95,1070.57,1206477.33,0.9144018404254987,71,131,18754.69,9.928627568084995e-05,143.1655,84.91,3.6901,4,0.0141,0.9859,1,1.0,1,0.007634,1,0.014085,1446.4,464.29,1.1436,3.5373,0.2366,1.0034,0.4805,0.0,0.6641,0.2709,yes,yes,no,partial,no,PASS,,2339317292
SYN_radial_city_none_1441,1600,synthetic,,radial_city,radial_city,1333,1270,1692910.0,1282.49,1219.31,1563743.91,0.9237017360782802,81,151,23468.03,8.919552722826376e-05,155.4174,86.7898,3.7284,4,0.0123,0.9877,1,1.0,1,0.006623,1,0.012346,1619.53,551.13,1.1251,3.5202,0.2517,1.0009,0.476,0.0,0.6689,0.2682,yes,yes,no,partial,no,PASS,,3909344328
SYN_radial_city_none_1470,1600,synthetic,,radial_city,radial_city,533,532,283556.0,482.56,481.08,232148.28,0.8187034768671476,37,61,5008.46,0.00021512505466292372,82.106,81.2176,3.2973,4,0.027,0.973,1,1.0,1,0.016393,1,0.027027,805.56,268.98,1.1673,4.6638,0.3443,1.0226,0.551,0.0,0.8033,0.3031,yes,yes,no,partial,no,PASS,,539695352
SYN_radial_city_none_1496,1600,synthetic,,radial_city,radial_city,693,684,474012.0,642.54,633.12,406801.93,0.858210201157377,49,85,7937.98,0.00017932035475895126,93.388,81.4778,3.4694,4,0.0204,0.9796,1,1.0,1,0.011765,1,0.020408,981.91,316.65,1.1834,4.6506,0.3765,1.0175,0.5205,0.0,0.7059,0.2881,yes,yes,no,partial,no,PASS,,322635959
SYN_radial_city_none_1524,1600,synthetic,,radial_city,radial_city,849,853,724197.0,798.06,802.89,640753.77,0.8847782741617046,61,109,11402.0,0.00015051153208312104,104.6055,82.9604,3.5738,4,0.0164,0.9836,1,1.0,1,0.009174,1,0.016393,1114.24,360.28,1.1717,4.6361,0.3853,1.0056,0.5062,0.0,0.7339,0.2797,yes,yes,no,partial,no,PASS,,1542741581
SYN_radial_city_none_1558,1600,synthetic,,radial_city,radial_city,1010,1009,1019090.0,959.53,958.51,919714.97,0.9024865017463979,73,133,15314.92,0.00013050859099785102,115.1498,83.2857,3.6438,4,0.0137,0.9863,1,1.0,1,0.007519,1,0.013699,1279.84,530.98,1.1211,4.7801,0.3008,1.0067,0.495,0.0,0.6992,0.2744,yes,yes,no,partial,no,PASS,,1650880131
SYN_radial_city_none_1581,1600,synthetic,,radial_city,radial_city,1177,1175,1382975.0,1126.05,1124.25,1265962.15,0.9153904776298957,85,157,19812.81,0.00011352338256295305,126.1962,84.2412,3.6941,4,0.0118,0.9882,1,1.0,1,0.006369,1,0.011765,1465.92,522.89,1.1357,4.7874,0.3248,1.0042,0.4845,0.0,0.6688,0.2707,yes,yes,no,partial,no,PASS,,838849787
SYN_radial_city_none_1599,1600,synthetic,,radial_city,radial_city,1340,1333,1786220.0,1289.39,1282.17,1653218.91,0.925540475598268,97,181,24731.23,0.00010133130297499748,136.6366,83.606,3.732,4,0.0103,0.9897,1,1.0,1,0.005525,1,0.010309,1637.57,596.72,1.1621,4.8354,0.3315,1.0026,0.4779,0.0,0.6961,0.2679,yes,yes,no,partial,no,PASS,,3554700009
SYN_radial_city_none_1618,2000,synthetic,,radial_city,radial_city,525,523,274575.0,474.72,472.04,224082.41,0.8161063963373597,43,71,5303.61,0.0002585814440498953,74.6988,77.3558,3.3023,4,0.0233,0.9767,1,1.0,1,0.014085,1,0.023256,802.5,230.26,1.1343,3.9978,0.3239,1.0127,0.5598,0.0,0.7746,0.3027,yes,yes,no,partial,no,PASS,,1270129270
SYN_radial_city_none_1642,2000,synthetic,,radial_city,radial_city,690,680,469200.0,639.56,629.88,402845.72,0.8585799659631933,57,99,8436.55,0.00021099744245524298,85.2177,80.4376,3.4737,4,0.0175,0.9825,1,1.0,1,0.010101,1,0.017544,983.27,308.17,1.1767,4.2921,0.3434,1.023,0.5318,0.0,0.7576,0.2878,yes,yes,no,partial,no,PASS,,3339097783
SYN_radial_city_none_1660,2000,synthetic,,radial_city,radial_city,854,832,710528.0,803.26,781.37,627644.7,0.883349703948638,71,127,12068.62,0.0001787403170599892,95.0285,82.833,3.5775,4,0.0141,0.9859,1,1.0,1,0.007874,1,0.014085,1137.42,383.85,1.1666,4.2538,0.3701,1.0038,0.5094,0.0,0.7402,0.2795,yes,yes,no,partial,no,PASS,,3592248894
SYN_radial_city_none_1683,2000,synthetic,,radial_city,radial_city,1008,986,993888.0,957.95,935.83,896475.93,0.9019888835068738,85,155,16141.89,0.00015595318587204997,104.1412,81.3822,3.6471,4,0.0118,0.9882,1,1.0,1,0.006452,1,0.011765,1288.27,463.96,1.1697,4.0302,0.3613,1.007,0.4978,0.0,0.7871,0.2742,yes,yes,no,partial,no,PASS,,3480539225
SYN_radial_city_none_1713,2000,synthetic,,radial_city,radial_city,1172,1150,1347800.0,1121.73,1099.44,1233281.91,0.9150333224901327,99,183,20789.84,0.00013577682148686749,113.6057,83.2263,3.697,4,0.0101,0.9899,1,1.0,1,0.005464,1,0.010101,1454.84,492.86,1.1248,4.0454,0.377,1.0008,0.4856,0.0,0.7377,0.2705,yes,yes,no,partial,no,PASS,,680150748
SYN_radial_city_none_1737,2000,synthetic,,radial_city,radial_city,1337,1305,1744785.0,1286.37,1254.3,1613491.53,0.9247509170105283,113,211,25910.52,0.00012093180535137567,122.7987,83.7315,3.7345,4,0.0088,0.9912,1,1.0,1,0.004739,1,0.00885,1623.3,634.09,1.1332,3.9817,0.3744,1.0014,0.4786,0.0,0.7062,0.2678,yes,yes,no,partial,no,PASS,,3631631483
SYN_radial_city_none_1761,2000,synthetic,,radial_city,radial_city,531,531,281961.0,480.35,480.13,230633.84,0.8179636088624073,49,81,5659.13,0.0002872737719046251,69.8658,78.1973,3.3061,4,0.0204,0.9796,1,1.0,1,0.012346,1,0.020408,820.67,258.34,1.1816,4.9594,0.3457,1.005,0.5637,0.0,0.8148,0.3023,yes,yes,no,partial,no,PASS,,3834878248
SYN_radial_city_none_1794,2000,synthetic,,radial_city,radial_city,688,692,476096.0,637.65,641.17,408838.37,0.8587309555380296,65,113,8916.13,0.00023734708966258907,78.9038,80.3319,3.4769,4,0.0154,0.9846,1,1.0,1,0.00885,1,0.015385,977.3,343.22,1.1542,4.8663,0.3805,1.0021,0.5326,0.0,0.7699,0.2875,yes,yes,no,partial,no,PASS,,953734201
SYN_radial_city_none_1830,2000,synthetic,,radial_city,radial_city,854,855,730170.0,803.87,804.56,646765.48,0.8857738362522031,81,145,12714.17,0.00019858389142254543,87.6839,81.5374,3.5802,4,0.0123,0.9877,1,1.0,1,0.006897,1,0.012346,1149.3,395.63,1.1945,5.004,0.3379,1.0019,0.5118,0.0,0.7862,0.2793,yes,yes,no,partial,no,PASS,,2418454842
SYN_radial_city_none_1851,2000,synthetic,,radial_city,radial_city,1008,1006,1014048.0,957.84,955.8,915500.4,0.9028176185306324,97,177,16971.91,0.00017454795039288082,95.8865,82.2225,3.6495,4,0.0103,0.9897,1,1.0,1,0.00565,1,0.010309,1297.05,532.14,1.1619,4.9599,0.3616,1.0105,0.4991,0.0,0.7345,0.274,yes,yes,no,partial,no,PASS,,2501419030
SYN_radial_city_none_1880,2000,synthetic,,radial_city,radial_city,1173,1172,1374756.0,1122.88,1122.0,1259872.92,0.9164338427264941,113,209,21791.44,0.00015202697787825622,104.2652,82.4619,3.6991,4,0.0088,0.9912,1,1.0,1,0.004785,1,0.00885,1445.58,477.54,1.1687,4.921,0.3684,1.0016,0.488,0.0,0.7321,0.2703,yes,yes,no,partial,no,PASS,,675421185
SYN_radial_city_none_1914,2000,synthetic,,radial_city,radial_city,1326,1325,1756950.0,1275.87,1274.92,1626633.56,0.9258280309198061,129,241,27043.66,0.00013716952673667435,112.2143,83.8361,3.7364,4,0.0078,0.9922,1,1.0,1,0.004149,1,0.007752,1607.93,519.92,1.1321,4.9445,0.3734,1.0012,0.4809,0.0,0.7635,0.2676,yes,yes,no,partial,no,PASS,,327254366
SYN_radial_city_none_1966,2000,synthetic,,radial_city,radial_city,693,596,413028.0,642.64,545.26,350406.96,0.8483854889932207,25,43,6281.91,0.00010410916451184908,146.091,88.4136,3.44,4,0.04,0.96,1,1.0,1,0.023256,1,0.04,936.17,297.22,1.1573,3.4487,0.3488,1.0188,0.4977,0.0,0.7209,0.2902,yes,yes,no,partial,no,PASS,,1112814961
SYN_radial_city_none_1993,2000,synthetic,,radial_city,radial_city,849,747,634203.0,798.2,696.8,556184.51,0.8769818357194767,31,55,9214.24,8.672302086240526e-05,167.5316,92.1422,3.5484,4,0.0323,0.9677,1,1.0,1,0.018182,1,0.032258,1145.19,387.57,1.1463,3.4289,0.3455,1.0073,0.4903,0.0,0.6727,0.2815,yes,yes,no,partial,no,PASS,,2618181125
SYN_sparse_rural_none_0027,100,synthetic,,rural_roads,sparse_rural,1364,1420,1936880.0,1313.83,1369.61,1799443.99,0.9290425788337171,20,34,24472.55,1.755400437817521e-05,699.2157,713.5016,3.4,6,0.05,0.7,1,1.0,1,0.029412,1,0.05,4783.47,1683.42,2.5514,3.9544,0.2,1.9851,0.5998,0.0,0.7059,0.2934,yes,yes,no,no,no,PASS,,3251093008
SYN_sparse_rural_none_0305,400,synthetic,,rural_roads,sparse_rural,3036,3762,11421432.0,2985.32,3711.82,11080980.66,0.9701918866394644,20,28,24188.89,2.4515314717103774e-06,863.889,779.7583,2.8,6,0.05,0.45,1,1.0,2,0.071429,2,0.1,7900.77,2648.33,1.3287,4.1375,0.5,1.6891,0.7055,0.0,0.7143,0.3563,yes,yes,no,no,no,PASS,,3032121286
SYN_sparse_rural_none_0376,400,synthetic,,rural_roads,sparse_rural,1400,1353,1894200.0,1349.86,1302.82,1758620.54,0.9284238929619357,20,36,13244.66,1.9005384859043396e-05,367.9072,378.9338,3.6,7,0.05,0.65,1,1.0,1,0.027778,1,0.05,3250.72,1107.4,1.311,4.3848,0.2778,1.334,0.5873,0.0,0.5278,0.2771,yes,yes,no,no,no,PASS,,2202208039
SYN_sparse_rural_none_0394,400,synthetic,,rural_roads,sparse_rural,2486,2471,6142906.0,2435.03,2420.24,5893370.94,0.9593783372126773,20,40,25791.13,6.511576117231812e-06,644.7783,651.9691,4.0,7,0.05,0.75,1,1.0,3,0.075,4,0.2,6066.11,1975.36,1.495,4.5842,0.425,1.5787,0.5641,0.0,0.525,0.2494,yes,yes,no,no,no,PASS,,2499806570
SYN_sparse_rural_none_0445,600,synthetic,,rural_roads,sparse_rural,4840,4723,22859320.0,4789.45,4672.45,22378439.76,0.9789634932228088,20,40,52920.17,1.7498333283754723e-06,1323.0042,1256.4825,4.0,8,0.05,0.8,1,1.0,2,0.05,3,0.15,16219.19,3789.1,1.4404,4.5842,0.35,1.5307,0.5929,0.0,0.575,0.2494,yes,yes,no,no,no,PASS,,1522899148
SYN_sparse_rural_none_0706,800,synthetic,,rural_roads,sparse_rural,3390,3299,11183610.0,3339.6,3248.74,10849503.1,0.9701253081994614,28,61,41876.09,5.454410516818809e-06,686.4932,656.793,4.3571,9,0.0357,0.8214,1,1.0,2,0.032787,2,0.071429,10222.23,1955.78,1.3041,4.7745,0.377,2.456,0.5742,0.0,0.6721,0.2292,yes,yes,no,no,no,PASS,,1563911341
SYN_sparse_rural_none_0740,800,synthetic,,rural_roads,sparse_rural,4822,4926,23753172.0,4771.22,4875.22,23260745.57,0.9792690242768425,29,46,44961.39,1.9365834592533578e-06,977.4216,1021.0549,3.1724,6,0.1034,0.6552,1,1.0,5,0.108696,4,0.137931,14191.08,4407.08,1.6599,4.5884,0.3261,2.1411,0.6487,0.0,0.7174,0.3358,yes,yes,no,no,no,PASS,,750727680
SYN_sparse_rural_none_0793,800,synthetic,,rural_roads,sparse_rural,1672,1700,2842400.0,1621.26,1649.93,2674975.64,0.9410975362982203,29,57,18920.06,2.0053475935828877e-05,331.931,289.0807,3.931,8,0.0345,0.7931,1,1.0,1,0.017544,2,0.068966,4160.1,1218.64,1.5356,4.6421,0.3684,1.8857,0.6156,0.0,0.8421,0.2541,yes,yes,no,no,no,PASS,,742392505
SYN_sparse_rural_none_0840,1000,synthetic,,rural_roads,sparse_rural,4598,4341,19959918.0,4547.23,4290.75,19511044.13,0.9775112368731096,29,62,65947.03,3.1062251858950523e-06,1063.6618,1177.9851,4.2759,10,0.1379,0.6552,1,1.0,7,0.112903,6,0.206897,10495.59,2793.4,1.3744,4.7367,0.3548,2.0729,0.5544,0.0,0.6613,0.257,yes,yes,no,no,no,PASS,,751544431
SYN_sparse_rural_none_1052,1200,synthetic,,rural_roads,sparse_rural,5024,5100,25622400.0,4973.77,5049.98,25117437.04,0.9802921285988099,37,64,55393.87,2.4978144123891593e-06,865.5292,717.886,3.4595,7,0.0541,0.7297,1,1.0,2,0.03125,2,0.054054,13595.13,3386.18,1.5211,4.6873,0.4062,1.2832,0.6849,0.0,0.75,0.2965,yes,yes,no,no,no,PASS,,35339660
SYN_sparse_rural_none_1133,1200,synthetic,,rural_roads,sparse_rural,3622,3707,13426754.0,3571.22,3656.01,13056426.72,0.9724187041000176,38,73,48700.2,5.436906045943792e-06,667.126,713.5701,3.8421,8,0.0263,0.7632,1,1.0,1,0.013699,3,0.078947,9793.32,3111.2,1.3437,4.7565,0.3699,1.3206,0.6694,0.0,0.7123,0.2601,yes,yes,no,no,no,PASS,,275399934
SYN_sparse_rural_none_1230,1600,synthetic,,rural_roads,sparse_rural,3399,3847,13075953.0,3348.63,3796.62,12713459.5,0.9722778522392106,39,96,62507.34,7.3417210967338285e-06,651.1181,748.2588,4.9231,9,0.0,0.8974,1,1.0,0,0.0,0,0.0,12658.56,2781.89,1.6068,4.9006,0.3333,2.108,0.6939,0.0,0.8333,0.1979,yes,yes,no,no,no,PASS,,3687798904
SYN_sparse_rural_none_1253,1600,synthetic,,rural_roads,sparse_rural,5468,5572,30467696.0,5417.04,5521.18,29908493.4,0.9816460489408848,39,91,92980.23,2.986769987464756e-06,1021.7608,1100.0435,4.6667,11,0.1026,0.8718,1,1.0,5,0.054945,5,0.128205,20332.56,4287.94,1.3724,4.9126,0.3077,1.9018,0.6486,0.0,0.8681,0.2302,yes,yes,no,no,no,PASS,,3772000038
SYN_sparse_rural_none_1287,1600,synthetic,,rural_roads,sparse_rural,7492,7153,53590276.0,7441.64,7102.15,52851653.08,0.9862172211358616,40,76,108895.3,1.4181677287872151e-06,1432.8329,1506.2657,3.8,8,0.05,0.8,1,1.0,2,0.026316,3,0.075,15493.21,5476.25,1.3498,4.8052,0.4737,1.3196,0.567,0.0,0.7632,0.2694,yes,yes,no,no,no,PASS,,3865315760
SYN_sparse_rural_none_1560,1600,synthetic,,rural_roads,sparse_rural,4300,3520,15136000.0,4249.59,3469.25,14742907.6,0.9740293077424864,47,103,66984.63,6.804968287526427e-06,650.3363,641.3334,4.383,12,0.1277,0.7234,1,1.0,7,0.067961,6,0.12766,7856.54,2474.16,1.264,4.9052,0.301,1.8595,0.5961,0.0,0.6796,0.2518,yes,yes,no,no,no,PASS,,4217607774
SYN_sparse_rural_none_1582,1600,synthetic,,rural_roads,sparse_rural,5859,6245,36589455.0,5808.78,6194.78,35984106.31,0.9834556516280399,44,88,86228.64,2.4050645192720143e-06,979.871,925.371,4.0,8,0.0227,0.8409,1,1.0,1,0.011364,1,0.022727,11649.26,3680.7,1.4484,4.9749,0.25,1.0174,0.604,0.0,0.7955,0.2499,yes,yes,no,no,no,PASS,,1537295561
SYN_sparse_rural_none_1620,2000,synthetic,,rural_roads,sparse_rural,2229,2148,4787892.0,2178.61,2097.14,4568854.04,0.9542516911544321,50,101,33705.44,2.1094878497677058e-05,333.7172,346.2374,4.04,8,0.1,0.7,1,1.0,7,0.069307,8,0.16,3646.43,1482.16,1.2249,4.8228,0.4356,1.1451,0.5694,0.0,0.7327,0.2668,yes,yes,no,no,no,PASS,,283154714
SYN_sparse_rural_none_1644,2000,synthetic,,rural_roads,sparse_rural,4308,4205,18115140.0,4257.77,4154.14,17687352.78,0.9763851001950689,49,114,80633.39,6.293078607176097e-06,707.3104,793.132,4.6531,10,0.0,0.7959,1,1.0,0,0.0,1,0.020408,8445.58,3155.99,1.3225,4.9014,0.307,1.9603,0.6561,0.0,0.7982,0.2105,yes,yes,no,no,no,PASS,,3584969121
SYN_sparse_rural_none_1684,2000,synthetic,,rural_roads,sparse_rural,8483,8188,69458804.0,8432.9,8137.18,68620063.95,0.9879246402270887,49,113,160976.66,1.6268636010490477e-06,1424.5722,1516.7308,4.6122,9,0.0612,0.8571,1,1.0,3,0.026549,3,0.061224,19471.51,6778.59,1.3636,4.9572,0.3717,1.7228,0.6654,0.0,0.7788,0.2254,yes,yes,no,no,no,PASS,,2519593683
SYN_sparse_rural_none_1881,2000,synthetic,,rural_roads,sparse_rural,6574,6441,42343134.0,6523.45,6390.67,41689235.02,0.9845571425796363,58,98,98145.84,2.3144248132412684e-06,1001.4882,977.3967,3.3793,7,0.1552,0.6379,1,1.0,11,0.112245,10,0.172414,16797.81,5271.56,1.3321,4.796,0.4082,1.2776,0.647,0.0,0.7551,0.3359,yes,yes,no,no,no,PASS,,2268432479
SYN_sparse_rural_none_1916,2000,synthetic,,rural_roads,sparse_rural,8156,7933,64701548.0,8105.91,7882.22,63892624.28,0.9874976140497497,55,104,110626.95,1.6073803983793402e-06,1063.7206,817.4533,3.7818,9,0.0545,0.6545,1,1.0,3,0.028846,7,0.127273,19102.76,6160.95,1.3684,5.0212,0.3365,2.0339,0.6327,0.0,0.7981,0.2738,yes,yes,no,no,no,PASS,,3686972951
SYN_tree_trails_none_0029,100,synthetic,,sparse_trails,tree_trails,493,493,243049.0,442.94,442.94,196194.85,0.8072234208513926,27,29,2400.0,0.00011931750387781887,80.0,80.0,2.1481,5,0.4074,0.4815,1,1.0,13,0.448276,9,0.333333,800.0,313.75,1.5682,3.3777,0.2,3.3018,0.5677,0.0,0.7586,0.6309,yes,yes,no,no,no,PASS,,680948386
SYN_tree_trails_none_0059,100,synthetic,,sparse_trails,tree_trails,493,493,243049.0,442.94,442.94,196194.85,0.8072234208513926,63,91,9600.0,0.00037441009837522473,80.0,80.0,2.8889,7,0.3016,0.4762,1,1.0,19,0.208791,14,0.222222,800.0,377.5,2.4001,3.4676,0.2833,4.1057,0.5651,0.0,0.7692,0.4434,yes,yes,no,no,no,PASS,,1915250898
SYN_tree_trails_none_0086,100,synthetic,,sparse_trails,tree_trails,493,493,243049.0,442.94,442.94,196194.85,0.8072234208513926,27,29,2400.0,0.00011931750387781887,80.0,80.0,2.1481,5,0.4074,0.4815,1,1.0,13,0.448276,9,0.333333,800.0,343.75,1.7805,3.3777,0.2,3.3018,0.5677,0.0,0.7586,0.6309,yes,yes,no,no,no,PASS,,2869026048
SYN_tree_trails_none_0109,200,synthetic,,sparse_trails,tree_trails,493,493,243049.0,442.94,442.94,196194.85,0.8072234208513926,63,91,9600.0,0.00037441009837522473,80.0,80.0,2.8889,7,0.3016,0.4762,1,1.0,19,0.208791,14,0.222222,800.0,376.25,2.0982,3.4676,0.2833,4.1057,0.5651,0.0,0.7692,0.4434,yes,yes,no,no,no,PASS,,706751983
SYN_tree_trails_none_0144,200,synthetic,,sparse_trails,tree_trails,648,648,419904.0,597.49,597.49,356990.72,0.8501722354129613,47,57,4960.0,0.00013574531321444903,80.0,80.0,2.4255,6,0.2979,0.5532,1,1.0,16,0.280702,12,0.255319,1280.0,450.0,1.6161,3.4467,0.2581,3.4223,0.5582,0.0,0.807,0.5237,yes,yes,no,no,no,PASS,,3893824008
SYN_tree_trails_none_0174,200,synthetic,,sparse_trails,tree_trails,648,648,419904.0,597.49,597.49,356990.72,0.8501722354129613,138,221,29040.0,0.0005263107757963726,80.0,80.0,3.2029,9,0.2681,0.5507,1,1.0,37,0.167421,30,0.217391,1280.0,446.25,1.8466,3.4891,0.2479,4.2281,0.5583,0.0,0.81,0.3931,yes,yes,no,no,no,PASS,,3410400423
SYN_tree_trails_none_0202,400,synthetic,,sparse_trails,tree_trails,803,803,644809.0,752.04,752.04,565556.85,0.8770920517342019,81,107,10080.0,0.0001659406118711122,80.0,80.0,2.642,8,0.2963,0.5679,1,1.0,26,0.242991,20,0.246914,1440.0,467.5,1.4796,3.4308,0.254,3.0347,0.5675,0.0,0.785,0.4846,yes,yes,no,no,no,PASS,,2591930019
SYN_tree_trails_none_0227,400,synthetic,,sparse_trails,tree_trails,803,803,644809.0,752.04,752.04,565556.85,0.8770920517342019,283,506,87360.0,0.0007847285009979699,80.0,80.0,3.576,10,0.2367,0.6148,1,1.0,67,0.132411,58,0.204947,1440.0,521.25,1.8492,3.5328,0.2784,3.7971,0.5714,0.0,0.8004,0.3446,yes,yes,no,no,no,PASS,,45696179
SYN_tree_trails_none_0257,400,synthetic,,sparse_trails,tree_trails,715,715,511225.0,664.41,664.41,441438.4,0.8634914223620834,27,29,3600.0,5.672649029292386e-05,120.0,120.0,2.1481,5,0.4074,0.4815,1,1.0,13,0.448276,9,0.333333,1200.0,440.62,1.6229,3.2704,0.5333,3.3018,0.5677,0.0,0.7586,0.6309,yes,yes,no,no,no,PASS,,3859758101
SYN_tree_trails_none_0282,400,synthetic,,sparse_trails,tree_trails,715,715,511225.0,664.41,664.41,441438.4,0.8634914223620834,63,91,14400.0,0.00017800381436745074,120.0,120.0,2.8889,7,0.3016,0.4762,1,1.0,19,0.208791,14,0.222222,1200.0,573.75,2.2329,3.4597,0.4167,4.1057,0.5651,0.0,0.7912,0.4434,yes,yes,no,no,no,PASS,,3695020543
SYN_tree_trails_none_0312,400,synthetic,,sparse_trails,tree_trails,715,715,511225.0,664.41,664.41,441438.4,0.8634914223620834,27,29,3600.0,5.672649029292386e-05,120.0,120.0,2.1481,5,0.4074,0.4815,1,1.0,13,0.448276,9,0.333333,1200.0,528.75,1.6189,3.2704,0.5333,3.3018,0.5677,0.0,0.7586,0.6309,yes,yes,no,no,no,PASS,,1523362340
SYN_tree_trails_none_0347,400,synthetic,,sparse_trails,tree_trails,715,715,511225.0,664.41,664.41,441438.4,0.8634914223620834,63,91,14400.0,0.00017800381436745074,120.0,120.0,2.8889,7,0.3016,0.4762,1,1.0,19,0.208791,14,0.222222,1200.0,605.62,2.0856,3.4597,0.4167,4.1057,0.5651,0.0,0.7912,0.4434,yes,yes,no,no,no,PASS,,433557845
SYN_tree_trails_none_0377,400,synthetic,,sparse_trails,tree_trails,947,947,896809.0,896.23,896.23,803229.12,0.8956523891597186,47,57,7440.0,6.355868417912845e-05,120.0,120.0,2.4255,6,0.2979,0.5532,1,1.0,16,0.280702,12,0.255319,1920.0,541.87,1.5499,3.3654,0.4839,3.4223,0.5582,0.0,0.807,0.5237,yes,yes,no,no,no,PASS,,3071749719
SYN_tree_trails_none_0395,400,synthetic,,sparse_trails,tree_trails,947,947,896809.0,896.23,896.23,803229.12,0.8956523891597186,138,221,43560.0,0.0002464292842734629,120.0,120.0,3.2029,9,0.2681,0.5507,1,1.0,37,0.167421,30,0.217391,1920.0,669.37,1.9073,3.4887,0.4022,4.2281,0.5583,0.0,0.8145,0.3931,yes,yes,no,no,no,PASS,,2052939299
SYN_tree_trails_none_0417,600,synthetic,,sparse_trails,tree_trails,1179,1179,1390041.0,1128.05,1128.05,1272502.91,0.9154427153687713,81,107,15120.0,7.697614674675063e-05,120.0,120.0,2.642,8,0.2963,0.5679,1,1.0,26,0.242991,20,0.246914,2160.0,686.25,1.4762,3.4184,0.4603,3.0347,0.5675,0.0,0.8037,0.4846,yes,yes,no,no,no,PASS,,3995933636
SYN_tree_trails_none_0447,600,synthetic,,sparse_trails,tree_trails,1179,1179,1390041.0,1128.05,1128.05,1272502.91,0.9154427153687713,283,506,131040.0,0.0003640180397556619,120.0,120.0,3.576,10,0.2367,0.6148,1,1.0,67,0.132411,58,0.204947,2160.0,800.62,1.8415,3.5432,0.3993,3.7971,0.5714,0.0,0.83,0.3446,yes,yes,no,no,no,PASS,,306077258
SYN_tree_trails_none_0470,600,synthetic,,sparse_trails,tree_trails,1158,1158,1340964.0,1107.35,1107.35,1226217.78,0.9144300529196466,27,29,6000.0,2.1626233068150973e-05,200.0,200.0,2.1481,5,0.4074,0.4815,1,1.0,13,0.448276,9,0.333333,2000.0,850.0,1.7651,3.0942,0.1333,3.3018,0.5677,0.0,0.7931,0.6309,yes,yes,no,no,no,PASS,,2663704900
SYN_tree_trails_none_0502,600,synthetic,,sparse_trails,tree_trails,1158,1158,1340964.0,1107.35,1107.35,1226217.78,0.9144300529196466,63,91,24000.0,6.786162790350822e-05,200.0,200.0,2.8889,7,0.3016,0.4762,1,1.0,19,0.208791,14,0.222222,2000.0,965.62,1.9038,3.2723,0.15,4.1057,0.5651,0.0,0.7912,0.4434,yes,yes,no,no,no,PASS,,3812612360
SYN_tree_trails_none_0531,600,synthetic,,sparse_trails,tree_trails,1158,1158,1340964.0,1107.35,1107.35,1226217.78,0.9144300529196466,27,29,6000.0,2.1626233068150973e-05,200.0,200.0,2.1481,5,0.4074,0.4815,1,1.0,13,0.448276,9,0.333333,2000.0,853.13,1.9034,3.0942,0.1333,3.3018,0.5677,0.0,0.7931,0.6309,yes,yes,no,no,no,PASS,,4268128760
SYN_tree_trails_none_0548,600,synthetic,,sparse_trails,tree_trails,1158,1158,1340964.0,1107.35,1107.35,1226217.78,0.9144300529196466,63,91,24000.0,6.786162790350822e-05,200.0,200.0,2.8889,7,0.3016,0.4762,1,1.0,19,0.208791,14,0.222222,2000.0,990.63,2.1266,3.2723,0.15,4.1057,0.5651,0.0,0.7912,0.4434,yes,yes,no,no,no,PASS,,771697651
SYN_tree_trails_none_0575,600,synthetic,,sparse_trails,tree_trails,1544,1544,2383936.0,1493.72,1493.72,2231192.01,0.9359278137680312,47,57,12400.0,2.391003785336519e-05,200.0,200.0,2.4255,6,0.2979,0.5532,1,1.0,16,0.280702,12,0.255319,3200.0,981.25,1.5176,3.252,0.129,3.4223,0.5582,0.0,0.7719,0.5237,yes,yes,no,no,no,PASS,,2109308249
SYN_tree_trails_none_0604,800,synthetic,,sparse_trails,tree_trails,1544,1544,2383936.0,1493.72,1493.72,2231192.01,0.9359278137680312,138,221,72600.0,9.27038309753282e-05,200.0,200.0,3.2029,9,0.2681,0.5507,1,1.0,37,0.167421,30,0.217391,3200.0,1059.37,1.9987,3.2228,0.0826,4.2281,0.5583,0.0,0.8145,0.3931,yes,yes,no,no,no,PASS,,2249118576
SYN_tree_trails_none_0629,800,synthetic,,sparse_trails,tree_trails,1931,1931,3728761.0,1880.09,1880.09,3534730.3,0.947963760926637,81,107,25200.0,2.8695859026631097e-05,200.0,200.0,2.642,8,0.2963,0.5679,1,1.0,26,0.242991,20,0.246914,3600.0,1037.5,1.5827,3.3681,0.1905,3.0347,0.5675,0.0,0.8224,0.4846,yes,yes,no,no,no,PASS,,453979229
SYN_tree_trails_none_0656,800,synthetic,,sparse_trails,tree_trails,1931,1931,3728761.0,1880.09,1880.09,3534730.3,0.947963760926637,283,506,218400.0,0.00013570191278014333,200.0,200.0,3.576,10,0.2367,0.6148,1,1.0,67,0.132411,58,0.204947,3600.0,1368.75,1.7083,3.5081,0.2509,3.7971,0.5714,0.0,0.8557,0.3446,yes,yes,no,no,no,PASS,,4003137315
SYN_tree_trails_none_0683,800,synthetic,,sparse_trails,tree_trails,1712,1712,2930944.0,1661.02,1661.02,2758990.01,0.9413315340243821,27,29,9000.0,9.894423093719975e-06,300.0,300.0,2.1481,5,0.4074,0.4815,1,1.0,13,0.448276,9,0.333333,3000.0,1373.44,1.8129,3.2323,0.1333,3.3018,0.5677,0.0,0.7931,0.6309,yes,yes,no,no,no,PASS,,3197555914
SYN_tree_trails_none_0716,800,synthetic,,sparse_trails,tree_trails,1712,1712,2930944.0,1661.02,1661.02,2758990.01,0.9413315340243821,63,91,36000.0,3.104801729408682e-05,300.0,300.0,2.8889,7,0.3016,0.4762,1,1.0,19,0.208791,14,0.222222,3000.0,1481.25,2.3852,3.4593,0.2667,4.1057,0.5651,0.0,0.7802,0.4434,yes,yes,no,no,no,PASS,,2332822032
SYN_tree_trails_none_0743,800,synthetic,,sparse_trails,tree_trails,1712,1712,2930944.0,1661.02,1661.02,2758990.01,0.9413315340243821,27,29,9000.0,9.894423093719975e-06,300.0,300.0,2.1481,5,0.4074,0.4815,1,1.0,13,0.448276,9,0.333333,3000.0,1289.06,1.6905,3.2323,0.1333,3.3018,0.5677,0.0,0.7931,0.6309,yes,yes,no,no,no,PASS,,1803345156
SYN_tree_trails_none_0766,800,synthetic,,sparse_trails,tree_trails,1712,1712,2930944.0,1661.02,1661.02,2758990.01,0.9413315340243821,63,91,36000.0,3.104801729408682e-05,300.0,300.0,2.8889,7,0.3016,0.4762,1,1.0,19,0.208791,14,0.222222,3000.0,1275.0,1.9804,3.4593,0.2667,4.1057,0.5651,0.0,0.7802,0.4434,yes,yes,no,no,no,PASS,,2091821862
SYN_tree_trails_none_0794,800,synthetic,,sparse_trails,tree_trails,2291,2291,5248681.0,2240.58,2240.58,5020182.02,0.9564654466914566,47,57,18600.0,1.0859871270515393e-05,300.0,300.0,2.4255,6,0.2979,0.5532,1,1.0,16,0.280702,12,0.255319,4800.0,1448.44,1.5345,3.314,0.1613,3.4223,0.5582,0.0,0.807,0.5237,yes,yes,no,no,no,PASS,,2492231941
SYN_tree_trails_none_0817,1000,synthetic,,sparse_trails,tree_trails,2291,2291,5248681.0,2240.58,2240.58,5020182.02,0.9564654466914566,138,221,108900.0,4.210581668041933e-05,300.0,300.0,3.2029,9,0.2681,0.5507,1,1.0,37,0.167421,30,0.217391,4800.0,1762.5,2.0883,3.5262,0.2975,4.2281,0.5583,0.0,0.8009,0.3931,yes,yes,no,no,no,PASS,,2871278769
SYN_tree_trails_none_0841,1000,synthetic,,sparse_trails,tree_trails,2871,2871,8242641.0,2820.13,2820.13,7953143.17,0.9648780253758492,81,107,37800.0,1.298127626812814e-05,300.0,300.0,2.642,8,0.2963,0.5679,1,1.0,26,0.242991,20,0.246914,5400.0,1734.37,1.4686,3.3416,0.1587,3.0347,0.5675,0.0,0.7944,0.4846,yes,yes,no,no,no,PASS,,2614729078
SYN_tree_trails_none_0863,1000,synthetic,,sparse_trails,tree_trails,2871,2871,8242641.0,2820.13,2820.13,7953143.17,0.9648780253758492,283,506,327600.0,6.138809151096111e-05,300.0,300.0,3.576,10,0.2367,0.6148,1,1.0,67,0.132411,58,0.204947,5400.0,1743.75,1.918,3.5424,0.2875,3.7971,0.5714,0.0,0.8221,0.3446,yes,yes,no,no,no,PASS,,2234648083
SYN_tree_trails_none_0894,1000,synthetic,,sparse_trails,tree_trails,460,491,225860.0,409.87,440.89,180705.62,0.8000779994402836,31,30,2382.6,0.0001328256442043744,79.42,78.1181,1.9355,3,0.5161,0.4516,1,1.0,30,1.0,15,0.483871,832.61,404.67,1.8902,3.9396,0.2333,2.9915,0.5447,0.0,0.8667,0.7581,yes,yes,no,no,no,PASS,,2637342532
SYN_tree_trails_none_0925,1000,synthetic,,sparse_trails,tree_trails,513,499,255987.0,462.57,448.45,207440.73,0.8103565211713252,121,120,9527.61,0.0004687738049197811,79.3967,78.9429,1.9835,4,0.6694,0.3306,1,1.0,120,1.0,40,0.330579,845.17,491.76,5.2532,4.2379,0.35,3.6744,0.509,0.0,0.9333,0.8347,yes,yes,no,no,no,PASS,,687981024
SYN_tree_trails_none_0949,1000,synthetic,,sparse_trails,tree_trails,494,477,235638.0,443.14,426.48,188992.2,0.8020446822791368,31,30,2431.38,0.00012731393069029614,81.0459,81.5823,1.9355,3,0.5161,0.4516,1,1.0,30,1.0,15,0.483871,793.41,425.71,2.5799,3.8314,0.2667,2.5975,0.5606,0.0,0.8667,0.7581,yes,yes,no,no,no,PASS,,2732902173
SYN_tree_trails_none_0977,1000,synthetic,,sparse_trails,tree_trails,508,510,259080.0,457.77,459.34,210274.71,0.811620789719477,121,120,9685.31,0.0004631773969430292,80.7109,80.8573,1.9835,4,0.6694,0.3306,1,1.0,120,1.0,40,0.330579,849.08,507.36,4.2668,4.1429,0.3167,4.0304,0.5242,0.0,0.925,0.8347,yes,yes,no,no,no,PASS,,240268533
SYN_tree_trails_none_1005,1200,synthetic,,sparse_trails,tree_trails,657,687,451359.0,606.43,636.62,386062.72,0.8553340455177103,63,62,5068.79,0.00013736294169386232,81.7547,83.2367,1.9683,3,0.5079,0.4762,1,1.0,62,1.0,31,0.492063,1024.41,511.86,2.9566,3.9168,0.4032,3.4306,0.5302,0.0,0.871,0.754,yes,yes,no,no,no,PASS,,2903936591
SYN_tree_trails_none_1032,1200,synthetic,,sparse_trails,tree_trails,675,656,442800.0,624.49,605.59,378182.0,0.8540695570995427,364,363,29318.86,0.0008197831978319784,80.7682,80.7274,1.9945,4,0.6676,0.3324,1,1.0,363,1.0,121,0.332418,1013.27,664.66,3.4023,4.349,0.3444,4.1649,0.5012,0.0,0.9366,0.8338,yes,yes,no,no,no,PASS,,3985886510
SYN_tree_trails_none_1053,1200,synthetic,,sparse_trails,tree_trails,808,821,663368.0,757.1,770.66,583471.77,0.8795597229648906,127,126,10172.19,0.00018993982224044573,80.7317,80.2698,1.9843,3,0.5039,0.4882,1,1.0,126,1.0,63,0.496063,1170.19,693.89,2.3856,4.2526,0.3254,3.1531,0.544,0.0,0.9127,0.752,yes,yes,no,no,no,PASS,,4073017762
SYN_tree_trails_none_1088,1200,synthetic,,sparse_trails,tree_trails,830,839,696370.0,779.46,788.87,614897.62,0.8830041800764227,1093,1092,87840.96,0.001568131883912288,80.4404,80.6144,1.9982,4,0.667,0.333,1,1.0,1092,1.0,364,0.333028,1211.26,898.98,4.291,4.4185,0.3233,3.8982,0.5037,0.0,0.967,0.8335,yes,yes,no,no,no,PASS,,735346722
SYN_tree_trails_none_1114,1200,synthetic,,sparse_trails,tree_trails,735,725,532875.0,684.03,674.13,461125.77,0.8653544757863114,31,30,3618.41,5.629838142153413e-05,120.6137,121.1936,1.9355,3,0.5161,0.4516,1,1.0,30,1.0,15,0.483871,1249.31,614.43,3.5886,3.4062,0.4,3.1752,0.5633,0.0,0.8667,0.7581,yes,yes,no,no,no,PASS,,2804421797
SYN_tree_trails_none_1134,1200,synthetic,,sparse_trails,tree_trails,751,736,552736.0,700.54,685.62,480305.08,0.8689592946359533,121,120,14470.83,0.00021710183523418052,120.5903,120.9952,1.9835,4,0.6694,0.3306,1,1.0,120,1.0,40,0.330579,1265.73,707.43,3.5158,3.6129,0.3583,3.9938,0.5173,0.0,0.9333,0.8347,yes,yes,no,no,no,PASS,,4103399923
SYN_tree_trails_none_1164,1200,synthetic,,sparse_trails,tree_trails,686,720,493920.0,635.28,669.27,425174.2,0.8608159121524666,31,30,3553.5,6.073858114674441e-05,118.45,117.5905,1.9355,3,0.5161,0.4516,1,1.0,30,1.0,15,0.483871,1222.39,552.14,3.3007,3.5144,0.4333,2.9036,0.5561,0.0,0.8667,0.7581,yes,yes,no,no,no,PASS,,1492856638
SYN_tree_trails_none_1182,1200,synthetic,,sparse_trails,tree_trails,721,729,525609.0,670.87,678.16,454957.93,0.8655824507232998,121,120,14412.26,0.00022830659292363714,120.1022,119.8686,1.9835,4,0.6694,0.3306,1,1.0,120,1.0,40,0.330579,1236.61,798.47,4.671,3.6759,0.2917,3.861,0.5023,0.0,0.9333,0.8347,yes,yes,no,no,no,PASS,,2103544479
SYN_tree_trails_none_1205,1600,synthetic,,sparse_trails,tree_trails,976,964,940864.0,925.29,914.0,845714.89,0.8988704985304762,63,62,7495.93,6.589687776341746e-05,120.9021,120.7741,1.9683,3,0.5079,0.4762,1,1.0,62,1.0,31,0.492063,1469.7,753.59,9.7181,3.6909,0.3387,3.1429,0.5371,0.0,0.871,0.754,yes,yes,no,no,no,PASS,,2604365729
SYN_tree_trails_none_1231,1600,synthetic,,sparse_trails,tree_trails,992,979,971168.0,941.54,928.95,874641.59,0.9006079164933231,364,363,43710.58,0.0003737767306995288,120.4148,120.9172,1.9945,4,0.6676,0.3324,1,1.0,363,1.0,121,0.332418,1523.03,1003.17,3.7105,3.7869,0.3223,4.1122,0.4991,0.0,0.9311,0.8338,yes,yes,no,no,no,PASS,,3679145466
SYN_tree_trails_none_1256,1600,synthetic,,sparse_trails,tree_trails,1152,1183,1362816.0,1101.49,1132.24,1247156.52,0.9151319943693293,127,126,15148.9,9.245562130177515e-05,120.2294,120.5537,1.9843,3,0.5039,0.4882,1,1.0,126,1.0,63,0.496063,1713.16,993.55,2.8734,3.6376,0.3333,3.2162,0.5319,0.0,0.9127,0.752,yes,yes,no,no,no,PASS,,645896938
SYN_tree_trails_none_1289,1600,synthetic,,sparse_trails,tree_trails,1221,1204,1470084.0,1170.1,1153.67,1349900.79,0.9182473834862964,1093,1092,131092.93,0.0007428146963030684,120.0485,120.0474,1.9982,4,0.667,0.333,1,1.0,1092,1.0,364,0.333028,1753.49,1221.02,4.0073,3.7207,0.3333,3.8966,0.4959,0.0,0.9725,0.8335,yes,yes,no,no,no,PASS,,2925563178
SYN_tree_trails_none_1323,1600,synthetic,,sparse_trails,tree_trails,1154,1162,1340948.0,1103.01,1111.06,1225520.3,0.9139208250674896,31,30,6005.8,2.237223218200855e-05,200.1934,201.7367,1.9355,3,0.5161,0.4516,1,1.0,30,1.0,15,0.483871,2031.06,931.59,4.7707,3.1097,0.4,3.1619,0.5468,0.0,0.8667,0.7581,yes,yes,no,no,no,PASS,,1197366062
SYN_tree_trails_none_1342,1600,synthetic,,sparse_trails,tree_trails,1147,1138,1305286.0,1096.21,1087.82,1192473.56,0.9135726240156873,121,120,23995.0,9.193387502815475e-05,199.9584,199.5182,1.9835,4,0.6694,0.3306,1,1.0,120,1.0,40,0.330579,2021.44,1183.05,6.0185,3.4394,0.2667,3.8542,0.5194,0.0,0.9333,0.8347,yes,yes,no,no,no,PASS,,1121386245
SYN_tree_trails_none_1367,1600,synthetic,,sparse_trails,tree_trails,1138,1144,1301872.0,1087.45,1093.98,1189642.65,0.9137938700539482,31,30,5979.32,2.304374009119176e-05,199.3107,199.4535,1.9355,3,0.5161,0.4516,1,1.0,30,1.0,15,0.483871,2038.99,1034.17,5.1822,3.2323,0.5,3.005,0.559,0.0,0.8667,0.7581,yes,yes,no,no,no,PASS,,1519983209
SYN_tree_trails_none_1387,1600,synthetic,,sparse_trails,tree_trails,1191,1167,1389897.0,1140.66,1116.46,1273497.19,0.9162529203279622,121,120,24033.71,8.633733291028041e-05,200.2809,199.8613,1.9835,4,0.6694,0.3306,1,1.0,120,1.0,40,0.330579,2058.86,1235.42,6.3803,3.4517,0.3917,4.092,0.516,0.0,0.9333,0.8347,yes,yes,no,no,no,PASS,,4280011358
SYN_tree_trails_none_1417,1600,synthetic,,sparse_trails,tree_trails,1508,1548,2334384.0,1457.89,1497.92,2183811.21,0.9354978491435383,63,62,12346.2,2.6559469221858956e-05,199.1322,199.4986,1.9683,3,0.5079,0.4762,1,1.0,62,1.0,31,0.492063,2415.62,1369.65,2.2252,3.4218,0.371,3.1805,0.5365,0.0,0.871,0.754,yes,yes,no,no,no,PASS,,2977382033
SYN_tree_trails_none_1443,1600,synthetic,,sparse_trails,tree_trails,1572,1535,2413020.0,1521.87,1484.09,2258593.93,0.9360029899647238,364,363,72638.36,0.0001504338961135838,200.1057,200.3275,1.9945,4,0.6676,0.3324,1,1.0,363,1.0,121,0.332418,2443.21,1644.98,3.8867,3.5263,0.314,4.0878,0.4984,0.0,0.9311,0.8338,yes,yes,no,no,no,PASS,,2111689667
SYN_tree_trails_none_1472,1600,synthetic,,sparse_trails,tree_trails,1947,1872,3644784.0,1896.36,1821.44,3454112.06,0.9476863535771279,127,126,25091.15,3.456994982418711e-05,199.1361,198.8141,1.9843,3,0.5039,0.4882,1,1.0,126,1.0,63,0.496063,2824.72,1703.05,3.1032,3.4307,0.3571,2.9335,0.5438,0.0,0.9286,0.752,yes,yes,no,no,no,PASS,,134894277
SYN_tree_trails_none_1498,1600,synthetic,,sparse_trails,tree_trails,1947,1979,3853113.0,1896.69,1928.78,3658298.64,0.9494397485358693,1093,1092,218717.76,0.0002834072086647861,200.291,200.555,1.9982,4,0.667,0.333,1,1.0,1092,1.0,364,0.333028,2871.2,2048.39,5.1673,3.5592,0.3242,3.9782,0.4978,0.0,0.9689,0.8335,yes,yes,no,no,no,PASS,,531918689
SYN_tree_trails_none_1527,1600,synthetic,,sparse_trails,tree_trails,1681,1708,2871148.0,1630.59,1657.1,2702052.67,0.9411053227153424,31,30,8939.13,1.0448782159610023e-05,297.9711,297.3148,1.9355,3,0.5161,0.4516,1,1.0,30,1.0,15,0.483871,3017.35,1472.29,2.3784,3.2566,0.2333,3.0053,0.5533,0.0,0.8667,0.7581,yes,yes,no,no,no,PASS,,1894517628
SYN_tree_trails_none_1564,1600,synthetic,,sparse_trails,tree_trails,1729,1759,3041311.0,1678.75,1708.75,2868568.99,0.9432014633229561,121,120,36064.22,3.9456668522226106e-05,300.5351,300.8552,1.9835,4,0.6694,0.3306,1,1.0,120,1.0,40,0.330579,3053.8,1837.48,7.8198,3.4044,0.425,3.9127,0.5128,0.0,0.9333,0.8347,yes,yes,no,no,no,PASS,,349710786
SYN_tree_trails_none_1585,1600,synthetic,,sparse_trails,tree_trails,1723,1713,2951499.0,1672.68,1662.3,2780497.95,0.9420629831140572,31,30,8999.43,1.0164326669261958e-05,299.9809,299.1357,1.9355,3,0.5161,0.4516,1,1.0,30,1.0,15,0.483871,3013.08,1304.61,4.2767,3.2574,0.3667,3.0904,0.5531,0.0,0.8667,0.7581,yes,yes,no,no,no,PASS,,223060167
SYN_tree_trails_none_1604,2000,synthetic,,sparse_trails,tree_trails,1713,1720,2946360.0,1662.25,1669.09,2774456.18,0.9416555272419688,121,120,36037.53,4.0728220584042684e-05,300.3127,300.7691,1.9835,4,0.6694,0.3306,1,1.0,120,1.0,40,0.330579,3055.07,1988.21,13.5972,3.4667,0.3417,3.8155,0.5083,0.0,0.9333,0.8347,yes,yes,no,no,no,PASS,,2219707554
SYN_tree_trails_none_1622,2000,synthetic,,sparse_trails,tree_trails,2277,2287,5207499.0,2226.54,2236.24,4979065.32,0.9561337058271953,63,62,18623.82,1.1905907231091162e-05,300.3843,299.8239,1.9683,3,0.5079,0.4762,1,1.0,62,1.0,31,0.492063,3688.5,2083.39,2.2953,3.4609,0.3548,3.1894,0.5393,0.0,0.871,0.754,yes,yes,no,no,no,PASS,,2703891451
SYN_tree_trails_none_1645,2000,synthetic,,sparse_trails,tree_trails,2329,2317,5396293.0,2278.69,2266.23,5164031.5,0.9569590638872628,364,363,108938.92,6.726840073361473e-05,300.1072,300.1369,1.9945,4,0.6676,0.3324,1,1.0,363,1.0,121,0.332418,3632.9,2380.01,3.7968,3.533,0.3306,4.1309,0.497,0.0,0.9421,0.8338,yes,yes,no,no,no,PASS,,2317576821
SYN_tree_trails_none_1663,2000,synthetic,,sparse_trails,tree_trails,2840,2900,8236000.0,2789.93,2849.65,7950317.74,0.9653129847612127,127,126,37855.51,1.52986886838271e-05,300.4406,300.2801,1.9843,3,0.5039,0.4882,1,1.0,126,1.0,63,0.496063,4239.97,2571.64,2.9038,3.4703,0.3413,2.9383,0.5431,0.0,0.9286,0.752,yes,yes,no,no,no,PASS,,1430425417
SYN_tree_trails_none_1692,2000,synthetic,,sparse_trails,tree_trails,2934,2887,8470458.0,2883.44,2836.74,8179553.86,0.9656566226017498,1093,1092,327500.43,0.00012891864879089183,299.9088,299.826,1.9982,4,0.667,0.333,1,1.0,1092,1.0,364,0.333028,4255.23,3051.62,6.1772,3.5634,0.3352,4.0375,0.4974,0.0,0.967,0.8335,yes,yes,no,no,no,PASS,,226293378
SYN_tree_trails_none_1715,2000,synthetic,,sparse_trails,tree_trails,488,501,244488.0,437.11,450.46,196901.25,0.8053615950982486,31,30,2474.98,0.0001227054088544223,82.4994,81.6561,1.9355,3,0.5161,0.4516,1,1.0,30,1.0,15,0.483871,854.22,393.36,2.6171,4.3484,0.2333,2.7428,0.5336,0.0,0.8333,0.7581,yes,yes,no,no,no,PASS,,4266670145
SYN_tree_trails_none_1742,2000,synthetic,,sparse_trails,tree_trails,571,530,302630.0,520.23,479.37,249383.42,0.8240538699631056,121,120,9798.28,0.00039652380795030234,81.6523,79.7125,1.9835,4,0.6694,0.3306,1,1.0,120,1.0,40,0.330579,883.37,486.07,3.8057,4.8232,0.3083,3.7289,0.49,0.0,0.9333,0.8347,yes,yes,no,no,no,PASS,,455826591
SYN_tree_trails_none_1764,2000,synthetic,,sparse_trails,tree_trails,498,493,245514.0,447.01,442.33,197729.2,0.8053683386311297,31,30,2457.97,0.000122192624453188,81.9323,84.3772,1.9355,3,0.5161,0.4516,1,1.0,30,1.0,15,0.483871,882.75,406.14,2.1197,4.1736,0.4667,2.8499,0.6014,0.0,0.8667,0.7581,yes,yes,no,no,no,PASS,,408520492
SYN_tree_trails_none_1804,2000,synthetic,,sparse_trails,tree_trails,522,474,247428.0,471.44,423.15,199489.02,0.8062507990427514,121,120,9673.73,0.00048498957272418645,80.6144,80.1162,1.9835,4,0.6694,0.3306,1,1.0,120,1.0,40,0.330579,911.37,520.96,4.0183,4.8619,0.2833,3.1718,0.4941,0.0,0.925,0.8347,yes,yes,no,no,no,PASS,,1999754778
SYN_tree_trails_none_1832,2000,synthetic,,sparse_trails,tree_trails,662,653,432286.0,611.12,602.28,368066.32,0.8514416862884441,63,62,4997.64,0.00014342356680530945,80.6072,80.9206,1.9683,3,0.5079,0.4762,1,1.0,62,1.0,31,0.492063,1005.85,498.54,2.3325,4.7002,0.3548,2.7045,0.5193,0.0,0.8871,0.754,yes,yes,no,no,no,PASS,,1744164928
SYN_tree_trails_none_1854,2000,synthetic,,sparse_trails,tree_trails,755,662,499810.0,704.09,611.35,430447.69,0.8612226458860651,364,363,29594.85,0.0007262759848742522,81.5285,81.9986,1.9945,4,0.6676,0.3324,1,1.0,363,1.0,121,0.332418,1005.5,635.08,4.0786,5.0109,0.3444,4.1474,0.4789,0.0,0.9366,0.8338,yes,yes,no,no,no,PASS,,995143579
SYN_tree_trails_none_1883,2000,synthetic,,sparse_trails,tree_trails,870,836,727320.0,819.4,785.12,643330.49,0.884521927920821,127,126,10064.58,0.00017323873948193368,79.8776,80.2661,1.9843,3,0.5039,0.4882,1,1.0,126,1.0,63,0.496063,1230.12,676.17,2.1596,4.8757,0.2778,3.6869,0.5283,0.0,0.9048,0.752,yes,yes,no,no,no,PASS,,3207605552
SYN_tree_trails_none_1917,2000,synthetic,,sparse_trails,tree_trails,843,872,735096.0,792.87,821.25,651141.73,0.8857914182985894,1093,1092,88090.47,0.0014855202585784713,80.6689,80.785,1.9982,4,0.667,0.333,1,1.0,1092,1.0,364,0.333028,1287.19,823.13,6.3553,5.1055,0.3516,4.1569,0.4975,0.0,0.9652,0.8335,yes,yes,no,no,no,PASS,,3349613403
SYN_tree_trails_none_1944,2000,synthetic,,sparse_trails,tree_trails,723,724,523452.0,672.09,673.31,452530.91,0.8645127122574611,31,30,3590.4,5.731184521216845e-05,119.68,120.6431,1.9355,3,0.5161,0.4516,1,1.0,30,1.0,15,0.483871,1280.64,604.85,2.0557,3.6696,0.3333,2.6872,0.5529,0.0,0.8333,0.7581,yes,yes,no,no,no,PASS,,3727556671
SYN_tree_trails_none_1970,2000,synthetic,,sparse_trails,tree_trails,729,741,540189.0,678.27,690.58,468397.92,0.8671000790488237,121,120,14496.16,0.0002221444716571422,120.8013,120.4492,1.9835,4,0.6694,0.3306,1,1.0,120,1.0,40,0.330579,1309.65,784.68,5.1834,4.5132,0.3167,3.5601,0.5147,0.0,0.9333,0.8347,yes,yes,no,no,no,PASS,,2258122060
SYN_tree_trails_none_1997,2000,synthetic,,sparse_trails,tree_trails,613,765,468945.0,562.38,714.19,401648.12,0.8564930163484041,31,30,3610.04,6.397338707097848e-05,120.3345,119.5381,1.9355,3,0.5161,0.4516,1,1.0,30,1.0,15,0.483871,1214.41,601.02,2.4676,3.9899,0.3667,3.0606,0.5793,0.0,0.8667,0.7581,yes,yes,no,no,no,PASS,,3286154311
