map_id,batch_target,source_type,anchor_id,archetype,generator_type,validation_status,n_nodes,n_edges,n_components,largest_component_ratio,total_road_length_m,world_size_x,world_size_y,diameter,avg_path_length,clustering_coefficient,orientation_entropy,gridness_score,corridor_score,radial_score,partition_score,community_score
OSM_cambridge_haggle_offset_n_1000m_1000m_0080,100,osm,cambridge_haggle,dense_urban_irregular,,PASS,1778,1992,1,1.0,60202.74,1064,1046,0,0,0,5.0355,0.3092,1.7947,0.6358,0.0,0.9121
OSM_cambridge_haggle_offset_n_1000m_1000m_0534,600,osm,cambridge_haggle,dense_urban_irregular,,PASS,1778,1992,1,1.0,60202.74,1064,1046,0,0,0,5.0355,0.3092,1.7947,0.6358,0.0,0.9121
OSM_cambridge_haggle_offset_n_1000m_1500m_0422,600,osm,cambridge_haggle,dense_urban_irregular,,PASS,1223,1400,1,1.0,47692.55,1060,1028,0,0,0,4.7843,0.4272,2.1728,0.6302,0.0,0.9007
OSM_cambridge_haggle_offset_n_1000m_200m_0307,400,osm,cambridge_haggle,dense_urban_irregular,,PASS,2406,2621,1,1.0,59278.52,1069,1037,0,0,0,5.1017,0.4321,1.4914,0.6139,0.0,0.9336
OSM_cambridge_haggle_offset_n_1000m_200m_0772,800,osm,cambridge_haggle,dense_urban_irregular,,PASS,2406,2621,1,1.0,59278.52,1069,1037,0,0,0,5.1017,0.4321,1.4914,0.6139,0.0,0.9336
OSM_cambridge_haggle_offset_n_1000m_500m_0191,200,osm,cambridge_haggle,dense_urban_irregular,,PASS,2210,2422,1,1.0,62323.3,1064,1060,0,0,0,5.0725,0.4001,1.5557,0.6241,0.0,0.9298
OSM_cambridge_haggle_offset_n_1000m_500m_0657,800,osm,cambridge_haggle,dense_urban_irregular,,PASS,2210,2422,1,1.0,62323.3,1064,1060,0,0,0,5.0725,0.4001,1.5557,0.6241,0.0,0.9298
OSM_cambridge_haggle_offset_n_1500m_1000m_0382,400,osm,cambridge_haggle,dense_urban_irregular,,PASS,3942,4448,1,1.0,136026.99,1578,1592,0,0,0,5.0796,0.3899,1.4507,0.6078,0.0,0.9299
OSM_cambridge_haggle_offset_n_1500m_1500m_0278,400,osm,cambridge_haggle,dense_urban_irregular,,PASS,4023,4594,1,1.0,141578.54,1571,1577,0,0,0,5.0351,0.4186,1.6062,0.6331,0.0,0.9277
OSM_cambridge_haggle_offset_n_1500m_1500m_0739,800,osm,cambridge_haggle,dense_urban_irregular,,PASS,4023,4594,1,1.0,141578.54,1571,1577,0,0,0,5.0351,0.4186,1.6062,0.6331,0.0,0.9277
OSM_cambridge_haggle_offset_n_1500m_200m_0160,200,osm,cambridge_haggle,dense_urban_irregular,,PASS,4966,5483,1,1.0,145183.16,1592,1560,0,0,0,5.1304,0.3479,1.4967,0.5869,0.0,0.944
OSM_cambridge_haggle_offset_n_1500m_200m_0628,800,osm,cambridge_haggle,dense_urban_irregular,,PASS,4966,5483,1,1.0,145183.16,1592,1560,0,0,0,5.1304,0.3479,1.4967,0.5869,0.0,0.944
OSM_cambridge_haggle_offset_n_1500m_500m_0053,100,osm,cambridge_haggle,dense_urban_irregular,,PASS,4711,5271,1,1.0,146824.16,1578,1638,0,0,0,5.1404,0.3924,1.3809,0.6171,0.0,0.9382
OSM_cambridge_haggle_offset_n_1500m_500m_0504,600,osm,cambridge_haggle,dense_urban_irregular,,PASS,4711,5271,1,1.0,146824.16,1578,1638,0,0,0,5.1404,0.3924,1.3809,0.6171,0.0,0.9382
OSM_cambridge_haggle_offset_n_2500m_1000m_0246,400,osm,cambridge_haggle,dense_urban_irregular,,PASS,11716,13143,1,1.0,384481.96,2623,2587,0,0,0,5.1223,0.3973,1.3054,0.6275,0.0,0.9526
OSM_cambridge_haggle_offset_n_2500m_1000m_0712,800,osm,cambridge_haggle,dense_urban_irregular,,PASS,11716,13143,1,1.0,384481.96,2623,2587,0,0,0,5.1223,0.3973,1.3054,0.6275,0.0,0.9526
OSM_cambridge_haggle_offset_n_2500m_1500m_0136,200,osm,cambridge_haggle,dense_urban_irregular,,PASS,11683,13223,1,1.0,405643.14,2607,2605,0,0,0,5.0875,0.3511,1.2678,0.6567,0.0,0.9534
OSM_cambridge_haggle_offset_n_2500m_1500m_0595,600,osm,cambridge_haggle,dense_urban_irregular,,PASS,11683,13223,1,1.0,405643.14,2607,2605,0,0,0,5.0875,0.3511,1.2678,0.6567,0.0,0.9534
OSM_cambridge_haggle_offset_n_2500m_200m_0026,100,osm,cambridge_haggle,dense_urban_irregular,,PASS,11829,13203,1,1.0,380884.86,2599,2586,0,0,0,5.1426,0.4073,1.2573,0.5895,0.0,0.9547
OSM_cambridge_haggle_offset_n_2500m_200m_0482,600,osm,cambridge_haggle,dense_urban_irregular,,PASS,11829,13203,1,1.0,380884.86,2599,2586,0,0,0,5.1426,0.4073,1.2573,0.5895,0.0,0.9547
OSM_cambridge_haggle_offset_n_2500m_500m_0355,400,osm,cambridge_haggle,dense_urban_irregular,,PASS,11977,13343,1,1.0,380063.35,2632,2608,0,0,0,5.1494,0.3881,1.1555,0.6055,0.0,0.9551
OSM_cambridge_haggle_offset_n_500m_1000m_0221,400,osm,cambridge_haggle,dense_urban_irregular,,PASS,426,484,1,1.0,14802.69,542,622,0,0,0,4.7014,0.3662,1.1448,0.6098,0.0,0.8678
OSM_cambridge_haggle_offset_n_500m_1000m_0685,800,osm,cambridge_haggle,dense_urban_irregular,,PASS,426,484,1,1.0,14802.69,542,622,0,0,0,4.7014,0.3662,1.1448,0.6098,0.0,0.8678
OSM_cambridge_haggle_offset_n_500m_1500m_0112,200,osm,cambridge_haggle,dense_urban_irregular,,PASS,164,181,1,1.0,5411.97,368,521,0,0,0,4.7044,0.4197,1.5808,0.4117,0.0,0.7845
OSM_cambridge_haggle_offset_n_500m_1500m_0565,600,osm,cambridge_haggle,dense_urban_irregular,,PASS,164,181,1,1.0,5411.97,368,521,0,0,0,4.7044,0.4197,1.5808,0.4117,0.0,0.7845
OSM_cambridge_haggle_offset_n_500m_200m_0000,100,osm,cambridge_haggle,dense_urban_irregular,,PASS,676,732,1,1.0,14368.85,547,557,0,0,0,4.9398,0.5264,1.4044,0.7056,0.0,0.8989
OSM_cambridge_haggle_offset_n_500m_200m_0448,600,osm,cambridge_haggle,dense_urban_irregular,,PASS,676,732,1,1.0,14368.85,547,557,0,0,0,4.9398,0.5264,1.4044,0.7056,0.0,0.8989
OSM_cambridge_haggle_offset_n_500m_500m_0328,400,osm,cambridge_haggle,dense_urban_irregular,,PASS,496,532,1,1.0,12472.85,565,541,0,0,0,4.9348,0.3585,3.1183,0.5463,0.0,0.8947
OSM_cambridge_haggle_offset_n_500m_500m_0799,800,osm,cambridge_haggle,dense_urban_irregular,,PASS,496,532,1,1.0,12472.85,565,541,0,0,0,4.9348,0.3585,3.1183,0.5463,0.0,0.8947
OSM_dieselnet_amherst_offset_e_1000m_1000m_0483,600,osm,dieselnet_amherst,bus_route_urban_suburban,,PASS,335,351,1,1.0,17123.0,972,1019,0,0,0,4.5405,0.602,1.2831,0.6324,0.0,0.8775
OSM_dieselnet_amherst_offset_e_1000m_1500m_0330,400,osm,dieselnet_amherst,bus_route_urban_suburban,,PASS,190,195,1,1.0,9973.47,978,852,0,0,0,3.7788,0.7897,3.0115,0.5736,0.0,0.8667
OSM_dieselnet_amherst_offset_e_1000m_200m_0192,200,osm,dieselnet_amherst,bus_route_urban_suburban,,PASS,459,481,1,1.0,17389.93,1028,1051,0,0,0,4.6346,0.543,1.769,0.5442,0.0,0.8919
OSM_dieselnet_amherst_offset_e_1000m_200m_0774,800,osm,dieselnet_amherst,bus_route_urban_suburban,,PASS,459,481,1,1.0,17389.93,1028,1051,0,0,0,4.6346,0.543,1.769,0.5442,0.0,0.8919
OSM_dieselnet_amherst_offset_e_1000m_500m_0054,100,osm,dieselnet_amherst,bus_route_urban_suburban,,PASS,492,515,1,1.0,18266.29,1048,1051,0,0,0,4.7647,0.5199,2.2889,0.5446,0.0,0.901
OSM_dieselnet_amherst_offset_e_1000m_500m_0632,800,osm,dieselnet_amherst,bus_route_urban_suburban,,PASS,492,515,1,1.0,18266.29,1048,1051,0,0,0,4.7647,0.5199,2.2889,0.5446,0.0,0.901
OSM_dieselnet_amherst_offset_e_1500m_1000m_0113,200,osm,dieselnet_amherst,bus_route_urban_suburban,,PASS,834,874,1,1.0,31787.27,1562,1406,0,0,0,4.6833,0.6367,1.0471,0.6603,0.0,0.9108
OSM_dieselnet_amherst_offset_e_1500m_1000m_0688,800,osm,dieselnet_amherst,bus_route_urban_suburban,,PASS,834,874,1,1.0,31787.27,1562,1406,0,0,0,4.6833,0.6367,1.0471,0.6603,0.0,0.9108
OSM_dieselnet_amherst_offset_e_1500m_1500m_0537,600,osm,dieselnet_amherst,bus_route_urban_suburban,,PASS,489,503,1,1.0,20882.57,1379,1406,0,0,0,4.6157,0.6589,1.3337,0.6299,0.0,0.8986
OSM_dieselnet_amherst_offset_e_1500m_200m_0385,400,osm,dieselnet_amherst,bus_route_urban_suburban,,PASS,896,948,1,1.0,33726.47,1546,1519,0,0,0,4.7362,0.522,1.9559,0.572,0.0,0.9135
OSM_dieselnet_amherst_offset_e_1500m_500m_0249,400,osm,dieselnet_amherst,bus_route_urban_suburban,,PASS,928,980,1,1.0,36489.13,1534,1519,0,0,0,4.7671,0.558,1.7071,0.5403,0.0,0.9092
OSM_dieselnet_amherst_offset_e_2500m_1000m_0308,400,osm,dieselnet_amherst,bus_route_urban_suburban,,PASS,2009,2093,1,1.0,77366.43,2482,2555,0,0,0,4.8136,0.5973,1.1664,0.6129,0.0,0.9312
OSM_dieselnet_amherst_offset_e_2500m_1500m_0161,200,osm,dieselnet_amherst,bus_route_urban_suburban,,PASS,1597,1657,1,1.0,59395.79,2013,2475,0,0,0,4.72,0.6404,1.2359,0.6353,0.0,0.9282
OSM_dieselnet_amherst_offset_e_2500m_1500m_0741,800,osm,dieselnet_amherst,bus_route_urban_suburban,,PASS,1597,1657,1,1.0,59395.79,2013,2475,0,0,0,4.72,0.6404,1.2359,0.6353,0.0,0.9282
OSM_dieselnet_amherst_offset_e_2500m_200m_0028,100,osm,dieselnet_amherst,bus_route_urban_suburban,,PASS,2100,2203,1,1.0,82316.17,2715,2555,0,0,0,4.8125,0.5771,1.1582,0.5802,0.0,0.9305
OSM_dieselnet_amherst_offset_e_2500m_200m_0599,600,osm,dieselnet_amherst,bus_route_urban_suburban,,PASS,2100,2203,1,1.0,82316.17,2715,2555,0,0,0,4.8125,0.5771,1.1582,0.5802,0.0,0.9305
OSM_dieselnet_amherst_offset_e_2500m_500m_0449,600,osm,dieselnet_amherst,bus_route_urban_suburban,,PASS,2060,2160,1,1.0,79056.0,2534,2555,0,0,0,4.8001,0.5879,1.1544,0.5692,0.0,0.9296
OSM_dieselnet_amherst_offset_e_5000m_1000m_0507,600,osm,dieselnet_amherst,bus_route_urban_suburban,,PASS,5020,5200,1,1.0,174246.75,5069,4956,0,0,0,4.9652,0.5218,1.6954,0.4796,0.0,0.9579
OSM_dieselnet_amherst_offset_e_5000m_1500m_0356,400,osm,dieselnet_amherst,bus_route_urban_suburban,,PASS,5337,5526,1,1.0,173731.77,5005,4955,0,0,0,4.999,0.509,3.0833,0.5518,0.0,0.9606
OSM_dieselnet_amherst_offset_e_5000m_200m_0223,400,osm,dieselnet_amherst,bus_route_urban_suburban,,PASS,5080,5259,1,1.0,182427.75,4952,5083,0,0,0,4.918,0.5409,1.3024,0.5473,0.0,0.9568
OSM_dieselnet_amherst_offset_e_5000m_500m_0083,100,osm,dieselnet_amherst,bus_route_urban_suburban,,PASS,4939,5115,1,1.0,177846.76,5114,4956,0,0,0,4.9172,0.5418,1.2178,0.5199,0.0,0.9568
OSM_dieselnet_amherst_offset_e_5000m_500m_0660,800,osm,dieselnet_amherst,bus_route_urban_suburban,,PASS,4939,5115,1,1.0,177846.76,5114,4956,0,0,0,4.9172,0.5418,1.2178,0.5199,0.0,0.9568
OSM_dieselnet_amherst_offset_e_500m_200m_0001,100,osm,dieselnet_amherst,bus_route_urban_suburban,,PASS,82,82,1,1.0,3419.87,533,515,0,0,0,3.9012,0.7832,1.9901,0.6504,0.0,0.8171
OSM_dieselnet_amherst_offset_e_500m_200m_0566,600,osm,dieselnet_amherst,bus_route_urban_suburban,,PASS,82,82,1,1.0,3419.87,533,515,0,0,0,3.9012,0.7832,1.9901,0.6504,0.0,0.8171
OSM_dieselnet_amherst_offset_e_500m_500m_0423,600,osm,dieselnet_amherst,bus_route_urban_suburban,,PASS,153,160,1,1.0,2920.99,362,515,0,0,0,4.4145,0.5374,3.7375,0.5005,0.0,0.8812
OSM_helsinki_archipelago_offset_s_1000m_1000m_0056,100,osm,helsinki_archipelago,island_or_partitioned,,PASS,1634,1857,1,1.0,37347.33,684,891,0,0,0,4.9152,0.2709,3.3867,0.5532,0.0,0.9063
OSM_helsinki_archipelago_offset_s_1000m_1000m_0162,200,osm,helsinki_archipelago,island_or_partitioned,,PASS,1634,1857,1,1.0,37347.33,684,891,0,0,0,4.9152,0.2709,3.3867,0.5532,0.0,0.9063
OSM_helsinki_archipelago_offset_s_1000m_1000m_0280,400,osm,helsinki_archipelago,island_or_partitioned,,PASS,1634,1857,1,1.0,37347.33,684,891,0,0,0,4.9152,0.2709,3.3867,0.5532,0.0,0.9063
OSM_helsinki_archipelago_offset_s_1000m_1000m_0387,400,osm,helsinki_archipelago,island_or_partitioned,,PASS,1634,1857,1,1.0,37347.33,684,891,0,0,0,4.9152,0.2709,3.3867,0.5532,0.0,0.9063
OSM_helsinki_archipelago_offset_s_1000m_1000m_0508,600,osm,helsinki_archipelago,island_or_partitioned,,PASS,1634,1857,1,1.0,37347.33,684,891,0,0,0,4.9152,0.2709,3.3867,0.5532,0.0,0.9063
OSM_helsinki_archipelago_offset_s_1000m_1000m_0633,800,osm,helsinki_archipelago,island_or_partitioned,,PASS,1634,1857,1,1.0,37347.33,684,891,0,0,0,4.9152,0.2709,3.3867,0.5532,0.0,0.9063
OSM_helsinki_archipelago_offset_s_1000m_1000m_0742,800,osm,helsinki_archipelago,island_or_partitioned,,PASS,1634,1857,1,1.0,37347.33,684,891,0,0,0,4.9152,0.2709,3.3867,0.5532,0.0,0.9063
OSM_helsinki_archipelago_offset_s_1000m_1500m_0085,100,osm,helsinki_archipelago,island_or_partitioned,,PASS,342,381,1,1.0,7540.96,395,392,0,0,0,4.7685,0.1828,4.9731,0.3853,0.0,0.8793
OSM_helsinki_archipelago_offset_s_1000m_1500m_0193,200,osm,helsinki_archipelago,island_or_partitioned,,PASS,342,381,1,1.0,7540.96,395,392,0,0,0,4.7685,0.1828,4.9731,0.3853,0.0,0.8793
OSM_helsinki_archipelago_offset_s_1000m_1500m_0309,400,osm,helsinki_archipelago,island_or_partitioned,,PASS,342,381,1,1.0,7540.96,395,392,0,0,0,4.7685,0.1828,4.9731,0.3853,0.0,0.8793
OSM_helsinki_archipelago_offset_s_1000m_1500m_0426,600,osm,helsinki_archipelago,island_or_partitioned,,PASS,342,381,1,1.0,7540.96,395,392,0,0,0,4.7685,0.1828,4.9731,0.3853,0.0,0.8793
OSM_helsinki_archipelago_offset_s_1000m_1500m_0538,600,osm,helsinki_archipelago,island_or_partitioned,,PASS,342,381,1,1.0,7540.96,395,392,0,0,0,4.7685,0.1828,4.9731,0.3853,0.0,0.8793
OSM_helsinki_archipelago_offset_s_1000m_1500m_0661,800,osm,helsinki_archipelago,island_or_partitioned,,PASS,342,381,1,1.0,7540.96,395,392,0,0,0,4.7685,0.1828,4.9731,0.3853,0.0,0.8793
OSM_helsinki_archipelago_offset_s_1000m_1500m_0776,800,osm,helsinki_archipelago,island_or_partitioned,,PASS,342,381,1,1.0,7540.96,395,392,0,0,0,4.7685,0.1828,4.9731,0.3853,0.0,0.8793
OSM_helsinki_archipelago_offset_s_1000m_200m_0003,100,osm,helsinki_archipelago,island_or_partitioned,,PASS,4656,5333,1,1.0,95249.19,1068,1056,0,0,0,4.5682,0.4154,1.6845,0.562,0.0,0.9297
OSM_helsinki_archipelago_offset_s_1000m_200m_0114,200,osm,helsinki_archipelago,island_or_partitioned,,PASS,4656,5333,1,1.0,95249.19,1068,1056,0,0,0,4.5682,0.4154,1.6845,0.562,0.0,0.9297
OSM_helsinki_archipelago_offset_s_1000m_200m_0224,400,osm,helsinki_archipelago,island_or_partitioned,,PASS,4656,5333,1,1.0,95249.19,1068,1056,0,0,0,4.5682,0.4154,1.6845,0.562,0.0,0.9297
OSM_helsinki_archipelago_offset_s_1000m_200m_0331,400,osm,helsinki_archipelago,island_or_partitioned,,PASS,4656,5333,1,1.0,95249.19,1068,1056,0,0,0,4.5682,0.4154,1.6845,0.562,0.0,0.9297
OSM_helsinki_archipelago_offset_s_1000m_200m_0454,600,osm,helsinki_archipelago,island_or_partitioned,,PASS,4656,5333,1,1.0,95249.19,1068,1056,0,0,0,4.5682,0.4154,1.6845,0.562,0.0,0.9297
OSM_helsinki_archipelago_offset_s_1000m_200m_0572,600,osm,helsinki_archipelago,island_or_partitioned,,PASS,4656,5333,1,1.0,95249.19,1068,1056,0,0,0,4.5682,0.4154,1.6845,0.562,0.0,0.9297
OSM_helsinki_archipelago_offset_s_1000m_200m_0689,800,osm,helsinki_archipelago,island_or_partitioned,,PASS,4656,5333,1,1.0,95249.19,1068,1056,0,0,0,4.5682,0.4154,1.6845,0.562,0.0,0.9297
OSM_helsinki_archipelago_offset_s_1000m_500m_0030,100,osm,helsinki_archipelago,island_or_partitioned,,PASS,3230,3659,1,1.0,65762.16,750,1047,0,0,0,4.8807,0.3478,2.1854,0.6102,0.0,0.9248
OSM_helsinki_archipelago_offset_s_1000m_500m_0141,200,osm,helsinki_archipelago,island_or_partitioned,,PASS,3230,3659,1,1.0,65762.16,750,1047,0,0,0,4.8807,0.3478,2.1854,0.6102,0.0,0.9248
OSM_helsinki_archipelago_offset_s_1000m_500m_0252,400,osm,helsinki_archipelago,island_or_partitioned,,PASS,3230,3659,1,1.0,65762.16,750,1047,0,0,0,4.8807,0.3478,2.1854,0.6102,0.0,0.9248
OSM_helsinki_archipelago_offset_s_1000m_500m_0357,400,osm,helsinki_archipelago,island_or_partitioned,,PASS,3230,3659,1,1.0,65762.16,750,1047,0,0,0,4.8807,0.3478,2.1854,0.6102,0.0,0.9248
OSM_helsinki_archipelago_offset_s_1000m_500m_0484,600,osm,helsinki_archipelago,island_or_partitioned,,PASS,3230,3659,1,1.0,65762.16,750,1047,0,0,0,4.8807,0.3478,2.1854,0.6102,0.0,0.9248
OSM_helsinki_archipelago_offset_s_1000m_500m_0601,800,osm,helsinki_archipelago,island_or_partitioned,,PASS,3230,3659,1,1.0,65762.16,750,1047,0,0,0,4.8807,0.3478,2.1854,0.6102,0.0,0.9248
OSM_helsinki_archipelago_offset_s_1000m_500m_0714,800,osm,helsinki_archipelago,island_or_partitioned,,PASS,3230,3659,1,1.0,65762.16,750,1047,0,0,0,4.8807,0.3478,2.1854,0.6102,0.0,0.9248
OSM_helsinki_disrupted_offset_w_1000m_1000m_0057,100,osm,helsinki_disrupted,industrial_disrupted,,PASS,5613,6585,1,1.0,126548.76,1087,1065,0,0,0,4.964,0.3323,1.3585,0.5382,0.0,0.9283
OSM_helsinki_disrupted_offset_w_1000m_1000m_0166,200,osm,helsinki_disrupted,industrial_disrupted,,PASS,5613,6585,1,1.0,126548.76,1087,1065,0,0,0,4.964,0.3323,1.3585,0.5382,0.0,0.9283
OSM_helsinki_disrupted_offset_w_1000m_1000m_0285,400,osm,helsinki_disrupted,industrial_disrupted,,PASS,5613,6585,1,1.0,126548.76,1087,1065,0,0,0,4.964,0.3323,1.3585,0.5382,0.0,0.9283
OSM_helsinki_disrupted_offset_w_1000m_1000m_0390,400,osm,helsinki_disrupted,industrial_disrupted,,PASS,5613,6585,1,1.0,126548.76,1087,1065,0,0,0,4.964,0.3323,1.3585,0.5382,0.0,0.9283
OSM_helsinki_disrupted_offset_w_1000m_1000m_0510,600,osm,helsinki_disrupted,industrial_disrupted,,PASS,5613,6585,1,1.0,126548.76,1087,1065,0,0,0,4.964,0.3323,1.3585,0.5382,0.0,0.9283
OSM_helsinki_disrupted_offset_w_1000m_1000m_0634,800,osm,helsinki_disrupted,industrial_disrupted,,PASS,5613,6585,1,1.0,126548.76,1087,1065,0,0,0,4.964,0.3323,1.3585,0.5382,0.0,0.9283
OSM_helsinki_disrupted_offset_w_1000m_1000m_0748,800,osm,helsinki_disrupted,industrial_disrupted,,PASS,5613,6585,1,1.0,126548.76,1087,1065,0,0,0,4.964,0.3323,1.3585,0.5382,0.0,0.9283
OSM_helsinki_disrupted_offset_w_1000m_1500m_0089,100,osm,helsinki_disrupted,industrial_disrupted,,PASS,5626,6717,1,1.0,131505.69,1073,1061,0,0,0,4.6602,0.4642,1.2081,0.631,0.0,0.9235
OSM_helsinki_disrupted_offset_w_1000m_1500m_0196,200,osm,helsinki_disrupted,industrial_disrupted,,PASS,5626,6717,1,1.0,131505.69,1073,1061,0,0,0,4.6602,0.4642,1.2081,0.631,0.0,0.9235
OSM_helsinki_disrupted_offset_w_1000m_1500m_0310,400,osm,helsinki_disrupted,industrial_disrupted,,PASS,5626,6717,1,1.0,131505.69,1073,1061,0,0,0,4.6602,0.4642,1.2081,0.631,0.0,0.9235
OSM_helsinki_disrupted_offset_w_1000m_1500m_0427,600,osm,helsinki_disrupted,industrial_disrupted,,PASS,5626,6717,1,1.0,131505.69,1073,1061,0,0,0,4.6602,0.4642,1.2081,0.631,0.0,0.9235
OSM_helsinki_disrupted_offset_w_1000m_1500m_0542,600,osm,helsinki_disrupted,industrial_disrupted,,PASS,5626,6717,1,1.0,131505.69,1073,1061,0,0,0,4.6602,0.4642,1.2081,0.631,0.0,0.9235
OSM_helsinki_disrupted_offset_w_1000m_1500m_0665,800,osm,helsinki_disrupted,industrial_disrupted,,PASS,5626,6717,1,1.0,131505.69,1073,1061,0,0,0,4.6602,0.4642,1.2081,0.631,0.0,0.9235
OSM_helsinki_disrupted_offset_w_1000m_1500m_0777,800,osm,helsinki_disrupted,industrial_disrupted,,PASS,5626,6717,1,1.0,131505.69,1073,1061,0,0,0,4.6602,0.4642,1.2081,0.631,0.0,0.9235
OSM_helsinki_disrupted_offset_w_1000m_200m_0005,100,osm,helsinki_disrupted,industrial_disrupted,,PASS,4111,4855,1,1.0,111300.75,1059,1071,0,0,0,4.6744,0.3217,1.7309,0.5363,0.0,0.9182
OSM_helsinki_disrupted_offset_w_1000m_200m_0115,200,osm,helsinki_disrupted,industrial_disrupted,,PASS,4111,4855,1,1.0,111300.75,1059,1071,0,0,0,4.6744,0.3217,1.7309,0.5363,0.0,0.9182
OSM_helsinki_disrupted_offset_w_1000m_200m_0225,400,osm,helsinki_disrupted,industrial_disrupted,,PASS,4111,4855,1,1.0,111300.75,1059,1071,0,0,0,4.6744,0.3217,1.7309,0.5363,0.0,0.9182
OSM_helsinki_disrupted_offset_w_1000m_200m_0332,400,osm,helsinki_disrupted,industrial_disrupted,,PASS,4111,4855,1,1.0,111300.75,1059,1071,0,0,0,4.6744,0.3217,1.7309,0.5363,0.0,0.9182
OSM_helsinki_disrupted_offset_w_1000m_200m_0456,600,osm,helsinki_disrupted,industrial_disrupted,,PASS,4111,4855,1,1.0,111300.75,1059,1071,0,0,0,4.6744,0.3217,1.7309,0.5363,0.0,0.9182
OSM_helsinki_disrupted_offset_w_1000m_200m_0576,600,osm,helsinki_disrupted,industrial_disrupted,,PASS,4111,4855,1,1.0,111300.75,1059,1071,0,0,0,4.6744,0.3217,1.7309,0.5363,0.0,0.9182
OSM_helsinki_disrupted_offset_w_1000m_200m_0691,800,osm,helsinki_disrupted,industrial_disrupted,,PASS,4111,4855,1,1.0,111300.75,1059,1071,0,0,0,4.6744,0.3217,1.7309,0.5363,0.0,0.9182
OSM_helsinki_disrupted_offset_w_1000m_500m_0031,100,osm,helsinki_disrupted,industrial_disrupted,,PASS,4707,5506,1,1.0,113536.27,1101,1074,0,0,0,4.7683,0.2613,1.5525,0.6572,0.0,0.9297
OSM_helsinki_disrupted_offset_w_1000m_500m_0142,200,osm,helsinki_disrupted,industrial_disrupted,,PASS,4707,5506,1,1.0,113536.27,1101,1074,0,0,0,4.7683,0.2613,1.5525,0.6572,0.0,0.9297
OSM_helsinki_disrupted_offset_w_1000m_500m_0253,400,osm,helsinki_disrupted,industrial_disrupted,,PASS,4707,5506,1,1.0,113536.27,1101,1074,0,0,0,4.7683,0.2613,1.5525,0.6572,0.0,0.9297
OSM_helsinki_disrupted_offset_w_1000m_500m_0358,400,osm,helsinki_disrupted,industrial_disrupted,,PASS,4707,5506,1,1.0,113536.27,1101,1074,0,0,0,4.7683,0.2613,1.5525,0.6572,0.0,0.9297
OSM_helsinki_disrupted_offset_w_1000m_500m_0486,600,osm,helsinki_disrupted,industrial_disrupted,,PASS,4707,5506,1,1.0,113536.27,1101,1074,0,0,0,4.7683,0.2613,1.5525,0.6572,0.0,0.9297
OSM_helsinki_disrupted_offset_w_1000m_500m_0603,800,osm,helsinki_disrupted,industrial_disrupted,,PASS,4707,5506,1,1.0,113536.27,1101,1074,0,0,0,4.7683,0.2613,1.5525,0.6572,0.0,0.9297
OSM_helsinki_disrupted_offset_w_1000m_500m_0715,800,osm,helsinki_disrupted,industrial_disrupted,,PASS,4707,5506,1,1.0,113536.27,1101,1074,0,0,0,4.7683,0.2613,1.5525,0.6572,0.0,0.9297
OSM_helsinki_downtown_exact_1000m_0m_0006,100,osm,helsinki_downtown,dense_urban_irregular,,PASS,881,922,1,1.0,14027.38,1073,1033,0,0,0,4.6013,0.4181,1.6074,0.5084,0.0,0.9046
OSM_helsinki_downtown_exact_1000m_0m_0117,200,osm,helsinki_downtown,dense_urban_irregular,,PASS,881,922,1,1.0,14027.38,1073,1033,0,0,0,4.6013,0.4181,1.6074,0.5084,0.0,0.9046
OSM_helsinki_downtown_exact_1000m_0m_0229,400,osm,helsinki_downtown,dense_urban_irregular,,PASS,881,922,1,1.0,14027.38,1073,1033,0,0,0,4.6013,0.4181,1.6074,0.5084,0.0,0.9046
OSM_helsinki_downtown_exact_1000m_0m_0336,400,osm,helsinki_downtown,dense_urban_irregular,,PASS,881,922,1,1.0,14027.38,1073,1033,0,0,0,4.6013,0.4181,1.6074,0.5084,0.0,0.9046
OSM_helsinki_downtown_exact_1000m_0m_0457,600,osm,helsinki_downtown,dense_urban_irregular,,PASS,881,922,1,1.0,14027.38,1073,1033,0,0,0,4.6013,0.4181,1.6074,0.5084,0.0,0.9046
OSM_helsinki_downtown_exact_1000m_0m_0579,600,osm,helsinki_downtown,dense_urban_irregular,,PASS,881,922,1,1.0,14027.38,1073,1033,0,0,0,4.6013,0.4181,1.6074,0.5084,0.0,0.9046
OSM_helsinki_downtown_exact_1000m_0m_0697,800,osm,helsinki_downtown,dense_urban_irregular,,PASS,881,922,1,1.0,14027.38,1073,1033,0,0,0,4.6013,0.4181,1.6074,0.5084,0.0,0.9046
OSM_helsinki_downtown_exact_1500m_0m_0090,100,osm,helsinki_downtown,dense_urban_irregular,,PASS,2494,2615,1,1.0,44930.92,1554,1547,0,0,0,4.4173,0.4657,1.4034,0.5754,0.0,0.9296
OSM_helsinki_downtown_exact_1500m_0m_0197,200,osm,helsinki_downtown,dense_urban_irregular,,PASS,2494,2615,1,1.0,44930.92,1554,1547,0,0,0,4.4173,0.4657,1.4034,0.5754,0.0,0.9296
OSM_helsinki_downtown_exact_1500m_0m_0311,400,osm,helsinki_downtown,dense_urban_irregular,,PASS,2494,2615,1,1.0,44930.92,1554,1547,0,0,0,4.4173,0.4657,1.4034,0.5754,0.0,0.9296
OSM_helsinki_downtown_exact_1500m_0m_0430,600,osm,helsinki_downtown,dense_urban_irregular,,PASS,2494,2615,1,1.0,44930.92,1554,1547,0,0,0,4.4173,0.4657,1.4034,0.5754,0.0,0.9296
OSM_helsinki_downtown_exact_1500m_0m_0550,600,osm,helsinki_downtown,dense_urban_irregular,,PASS,2494,2615,1,1.0,44930.92,1554,1547,0,0,0,4.4173,0.4657,1.4034,0.5754,0.0,0.9296
OSM_helsinki_downtown_exact_1500m_0m_0667,800,osm,helsinki_downtown,dense_urban_irregular,,PASS,2494,2615,1,1.0,44930.92,1554,1547,0,0,0,4.4173,0.4657,1.4034,0.5754,0.0,0.9296
OSM_helsinki_downtown_exact_1500m_0m_0779,800,osm,helsinki_downtown,dense_urban_irregular,,PASS,2494,2615,1,1.0,44930.92,1554,1547,0,0,0,4.4173,0.4657,1.4034,0.5754,0.0,0.9296
OSM_helsinki_downtown_exact_2500m_0m_0060,100,osm,helsinki_downtown,dense_urban_irregular,,PASS,6374,6723,1,1.0,122250.16,2548,2560,0,0,0,4.5379,0.4885,1.2952,0.6138,0.0,0.9398
OSM_helsinki_downtown_exact_2500m_0m_0169,200,osm,helsinki_downtown,dense_urban_irregular,,PASS,6374,6723,1,1.0,122250.16,2548,2560,0,0,0,4.5379,0.4885,1.2952,0.6138,0.0,0.9398
OSM_helsinki_downtown_exact_2500m_0m_0286,400,osm,helsinki_downtown,dense_urban_irregular,,PASS,6374,6723,1,1.0,122250.16,2548,2560,0,0,0,4.5379,0.4885,1.2952,0.6138,0.0,0.9398
OSM_helsinki_downtown_exact_2500m_0m_0396,400,osm,helsinki_downtown,dense_urban_irregular,,PASS,6374,6723,1,1.0,122250.16,2548,2560,0,0,0,4.5379,0.4885,1.2952,0.6138,0.0,0.9398
OSM_helsinki_downtown_exact_2500m_0m_0511,600,osm,helsinki_downtown,dense_urban_irregular,,PASS,6374,6723,1,1.0,122250.16,2548,2560,0,0,0,4.5379,0.4885,1.2952,0.6138,0.0,0.9398
OSM_helsinki_downtown_exact_2500m_0m_0637,800,osm,helsinki_downtown,dense_urban_irregular,,PASS,6374,6723,1,1.0,122250.16,2548,2560,0,0,0,4.5379,0.4885,1.2952,0.6138,0.0,0.9398
OSM_helsinki_downtown_exact_2500m_0m_0750,800,osm,helsinki_downtown,dense_urban_irregular,,PASS,6374,6723,1,1.0,122250.16,2548,2560,0,0,0,4.5379,0.4885,1.2952,0.6138,0.0,0.9398
OSM_helsinki_downtown_exact_500m_0m_0033,100,osm,helsinki_downtown,dense_urban_irregular,,PASS,282,301,1,1.0,3671.98,540,437,0,0,0,4.0641,0.5,4.6564,0.5279,0.0,0.8638
OSM_helsinki_downtown_exact_500m_0m_0143,200,osm,helsinki_downtown,dense_urban_irregular,,PASS,282,301,1,1.0,3671.98,540,437,0,0,0,4.0641,0.5,4.6564,0.5279,0.0,0.8638
OSM_helsinki_downtown_exact_500m_0m_0254,400,osm,helsinki_downtown,dense_urban_irregular,,PASS,282,301,1,1.0,3671.98,540,437,0,0,0,4.0641,0.5,4.6564,0.5279,0.0,0.8638
OSM_helsinki_downtown_exact_500m_0m_0360,400,osm,helsinki_downtown,dense_urban_irregular,,PASS,282,301,1,1.0,3671.98,540,437,0,0,0,4.0641,0.5,4.6564,0.5279,0.0,0.8638
OSM_helsinki_downtown_exact_500m_0m_0487,600,osm,helsinki_downtown,dense_urban_irregular,,PASS,282,301,1,1.0,3671.98,540,437,0,0,0,4.0641,0.5,4.6564,0.5279,0.0,0.8638
OSM_helsinki_downtown_exact_500m_0m_0608,800,osm,helsinki_downtown,dense_urban_irregular,,PASS,282,301,1,1.0,3671.98,540,437,0,0,0,4.0641,0.5,4.6564,0.5279,0.0,0.8638
OSM_helsinki_downtown_exact_500m_0m_0718,800,osm,helsinki_downtown,dense_urban_irregular,,PASS,282,301,1,1.0,3671.98,540,437,0,0,0,4.0641,0.5,4.6564,0.5279,0.0,0.8638
OSM_kallio_community_offset_n_1000m_1000m_0287,400,osm,kallio_community,compact_residential,,PASS,4112,4939,1,1.0,114662.35,1067,1080,0,0,0,4.5098,0.2643,1.0495,0.6729,0.0,0.9152
OSM_kallio_community_offset_n_1000m_1500m_0145,200,osm,kallio_community,compact_residential,,PASS,4323,5102,1,1.0,113545.55,1066,1065,0,0,0,4.6507,0.4179,1.5968,0.6569,0.0,0.9241
OSM_kallio_community_offset_n_1000m_1500m_0719,800,osm,kallio_community,compact_residential,,PASS,4323,5102,1,1.0,113545.55,1066,1065,0,0,0,4.6507,0.4179,1.5968,0.6569,0.0,0.9241
OSM_kallio_community_offset_n_1000m_200m_0007,100,osm,kallio_community,compact_residential,,PASS,4933,5890,1,1.0,116378.12,1067,1063,0,0,0,4.4162,0.4112,1.0914,0.6166,0.0,0.9233
OSM_kallio_community_offset_n_1000m_200m_0580,600,osm,kallio_community,compact_residential,,PASS,4933,5890,1,1.0,116378.12,1067,1063,0,0,0,4.4162,0.4112,1.0914,0.6166,0.0,0.9233
OSM_kallio_community_offset_n_1000m_500m_0431,600,osm,kallio_community,compact_residential,,PASS,4717,5648,1,1.0,117899.49,1075,1074,0,0,0,4.5439,0.4484,1.0405,0.6222,0.0,0.9186
OSM_kallio_community_offset_n_1500m_1000m_0488,600,osm,kallio_community,compact_residential,,PASS,10082,12131,1,1.0,269738.94,1588,1587,0,0,0,4.8084,0.3976,1.5022,0.6523,0.0,0.9341
OSM_kallio_community_offset_n_1500m_1500m_0337,400,osm,kallio_community,compact_residential,,PASS,9573,11470,1,1.0,262475.83,1578,1562,0,0,0,4.7365,0.4007,1.1476,0.6376,0.0,0.9346
OSM_kallio_community_offset_n_1500m_200m_0198,200,osm,kallio_community,compact_residential,,PASS,10143,12091,1,1.0,248807.74,1573,1585,0,0,0,4.7706,0.3637,1.3196,0.6041,0.0,0.9357
OSM_kallio_community_offset_n_1500m_200m_0780,800,osm,kallio_community,compact_residential,,PASS,10143,12091,1,1.0,248807.74,1573,1585,0,0,0,4.7706,0.3637,1.3196,0.6041,0.0,0.9357
OSM_kallio_community_offset_n_1500m_500m_0065,100,osm,kallio_community,compact_residential,,PASS,10268,12297,1,1.0,262480.59,1584,1585,0,0,0,4.7145,0.3207,1.275,0.6147,0.0,0.9355
OSM_kallio_community_offset_n_1500m_500m_0638,800,osm,kallio_community,compact_residential,,PASS,10268,12297,1,1.0,262480.59,1584,1585,0,0,0,4.7145,0.3207,1.275,0.6147,0.0,0.9355
OSM_kallio_community_offset_n_2500m_1000m_0118,200,osm,kallio_community,compact_residential,,PASS,28154,33312,1,1.0,718821.89,2618,2607,0,0,0,4.9972,0.4046,1.2198,0.6472,0.0,0.9555
OSM_kallio_community_offset_n_2500m_1000m_0698,800,osm,kallio_community,compact_residential,,PASS,28154,33312,1,1.0,718821.89,2618,2607,0,0,0,4.9972,0.4046,1.2198,0.6472,0.0,0.9555
OSM_kallio_community_offset_n_2500m_1500m_0551,600,osm,kallio_community,compact_residential,,PASS,25830,30341,1,1.0,678813.65,2603,2601,0,0,0,5.0183,0.4133,1.2233,0.6266,0.0,0.9551
OSM_kallio_community_offset_n_2500m_200m_0398,400,osm,kallio_community,compact_residential,,PASS,25400,30104,1,1.0,642318.83,2621,2609,0,0,0,5.01,0.3867,1.2358,0.5859,0.0,0.9549
OSM_kallio_community_offset_n_2500m_500m_0256,400,osm,kallio_community,compact_residential,,PASS,26762,31854,1,1.0,684629.76,2624,2574,0,0,0,4.9879,0.4016,1.161,0.6172,0.0,0.9536
OSM_kallio_community_offset_n_5000m_1000m_0313,400,osm,kallio_community,compact_residential,,PASS,81691,96333,1,1.0,2250045.76,5195,5193,0,0,0,5.1117,0.3998,1.2846,0.5956,0.0,0.9691
OSM_kallio_community_offset_n_5000m_1500m_0170,200,osm,kallio_community,compact_residential,,PASS,78695,92497,1,1.0,2214561.25,5162,5183,0,0,0,5.1308,0.3747,1.2247,0.5851,0.0,0.9686
OSM_kallio_community_offset_n_5000m_1500m_0753,800,osm,kallio_community,compact_residential,,PASS,78695,92497,1,1.0,2214561.25,5162,5183,0,0,0,5.1308,0.3747,1.2247,0.5851,0.0,0.9686
OSM_kallio_community_offset_n_5000m_200m_0034,100,osm,kallio_community,compact_residential,,PASS,89016,104840,1,1.0,2312536.53,5121,5225,0,0,0,5.0643,0.4096,1.4679,0.6245,0.0,0.97
OSM_kallio_community_offset_n_5000m_200m_0610,800,osm,kallio_community,compact_residential,,PASS,89016,104840,1,1.0,2312536.53,5121,5225,0,0,0,5.0643,0.4096,1.4679,0.6245,0.0,0.97
OSM_kallio_community_offset_n_5000m_500m_0462,600,osm,kallio_community,compact_residential,,PASS,87098,102544,1,1.0,2297963.39,5094,5173,0,0,0,5.0897,0.409,1.4287,0.6155,0.0,0.9698
OSM_kallio_community_offset_n_500m_1000m_0091,100,osm,kallio_community,compact_residential,,PASS,750,891,1,1.0,20318.99,554,560,0,0,0,3.2133,0.084,1.1602,0.7334,0.0,0.8698
OSM_kallio_community_offset_n_500m_1000m_0669,800,osm,kallio_community,compact_residential,,PASS,750,891,1,1.0,20318.99,554,560,0,0,0,3.2133,0.084,1.1602,0.7334,0.0,0.8698
OSM_kallio_community_offset_n_500m_1500m_0512,600,osm,kallio_community,compact_residential,,PASS,870,1007,1,1.0,24825.83,546,559,0,0,0,4.667,0.3989,1.318,0.6384,0.0,0.8937
OSM_kallio_community_offset_n_500m_200m_0361,400,osm,kallio_community,compact_residential,,PASS,1368,1640,1,1.0,31225.15,554,557,0,0,0,4.0235,0.5733,1.423,0.6576,0.0,0.8744
OSM_kallio_community_offset_n_500m_500m_0230,400,osm,kallio_community,compact_residential,,PASS,1292,1550,1,1.0,27627.33,554,561,0,0,0,4.4203,0.5326,1.2385,0.664,0.0,0.88
OSM_kumpula_campus_offset_e_1000m_1000m_0067,100,osm,kumpula_campus,campus_compact,,PASS,994,1181,1,1.0,31762.49,398,1039,0,0,0,4.6005,0.2664,6.9465,0.4801,0.0,0.8798
OSM_kumpula_campus_offset_e_1000m_1000m_0171,200,osm,kumpula_campus,campus_compact,,PASS,994,1181,1,1.0,31762.49,398,1039,0,0,0,4.6005,0.2664,6.9465,0.4801,0.0,0.8798
OSM_kumpula_campus_offset_e_1000m_1000m_0290,400,osm,kumpula_campus,campus_compact,,PASS,994,1181,1,1.0,31762.49,398,1039,0,0,0,4.6005,0.2664,6.9465,0.4801,0.0,0.8798
OSM_kumpula_campus_offset_e_1000m_1000m_0399,400,osm,kumpula_campus,campus_compact,,PASS,994,1181,1,1.0,31762.49,398,1039,0,0,0,4.6005,0.2664,6.9465,0.4801,0.0,0.8798
OSM_kumpula_campus_offset_e_1000m_1000m_0513,600,osm,kumpula_campus,campus_compact,,PASS,994,1181,1,1.0,31762.49,398,1039,0,0,0,4.6005,0.2664,6.9465,0.4801,0.0,0.8798
OSM_kumpula_campus_offset_e_1000m_1000m_0639,800,osm,kumpula_campus,campus_compact,,PASS,994,1181,1,1.0,31762.49,398,1039,0,0,0,4.6005,0.2664,6.9465,0.4801,0.0,0.8798
OSM_kumpula_campus_offset_e_1000m_1000m_0755,800,osm,kumpula_campus,campus_compact,,PASS,994,1181,1,1.0,31762.49,398,1039,0,0,0,4.6005,0.2664,6.9465,0.4801,0.0,0.8798
OSM_kumpula_campus_offset_e_1000m_1500m_0092,100,osm,kumpula_campus,campus_compact,,PASS,866,927,1,1.0,12307.87,685,962,0,0,0,5.1412,0.315,3.9297,0.5439,0.0,0.9223
OSM_kumpula_campus_offset_e_1000m_1500m_0199,200,osm,kumpula_campus,campus_compact,,PASS,866,927,1,1.0,12307.87,685,962,0,0,0,5.1412,0.315,3.9297,0.5439,0.0,0.9223
OSM_kumpula_campus_offset_e_1000m_1500m_0314,400,osm,kumpula_campus,campus_compact,,PASS,866,927,1,1.0,12307.87,685,962,0,0,0,5.1412,0.315,3.9297,0.5439,0.0,0.9223
OSM_kumpula_campus_offset_e_1000m_1500m_0433,600,osm,kumpula_campus,campus_compact,,PASS,866,927,1,1.0,12307.87,685,962,0,0,0,5.1412,0.315,3.9297,0.5439,0.0,0.9223
OSM_kumpula_campus_offset_e_1000m_1500m_0552,600,osm,kumpula_campus,campus_compact,,PASS,866,927,1,1.0,12307.87,685,962,0,0,0,5.1412,0.315,3.9297,0.5439,0.0,0.9223
OSM_kumpula_campus_offset_e_1000m_1500m_0670,800,osm,kumpula_campus,campus_compact,,PASS,866,927,1,1.0,12307.87,685,962,0,0,0,5.1412,0.315,3.9297,0.5439,0.0,0.9223
OSM_kumpula_campus_offset_e_1000m_1500m_0781,800,osm,kumpula_campus,campus_compact,,PASS,866,927,1,1.0,12307.87,685,962,0,0,0,5.1412,0.315,3.9297,0.5439,0.0,0.9223
OSM_kumpula_campus_offset_e_1000m_200m_0009,100,osm,kumpula_campus,campus_compact,,PASS,3497,4131,1,1.0,106920.56,1070,1058,0,0,0,4.7464,0.1886,1.6408,0.6285,0.0,0.9121
OSM_kumpula_campus_offset_e_1000m_200m_0120,200,osm,kumpula_campus,campus_compact,,PASS,3497,4131,1,1.0,106920.56,1070,1058,0,0,0,4.7464,0.1886,1.6408,0.6285,0.0,0.9121
OSM_kumpula_campus_offset_e_1000m_200m_0232,400,osm,kumpula_campus,campus_compact,,PASS,3497,4131,1,1.0,106920.56,1070,1058,0,0,0,4.7464,0.1886,1.6408,0.6285,0.0,0.9121
OSM_kumpula_campus_offset_e_1000m_200m_0338,400,osm,kumpula_campus,campus_compact,,PASS,3497,4131,1,1.0,106920.56,1070,1058,0,0,0,4.7464,0.1886,1.6408,0.6285,0.0,0.9121
OSM_kumpula_campus_offset_e_1000m_200m_0465,600,osm,kumpula_campus,campus_compact,,PASS,3497,4131,1,1.0,106920.56,1070,1058,0,0,0,4.7464,0.1886,1.6408,0.6285,0.0,0.9121
OSM_kumpula_campus_offset_e_1000m_200m_0582,600,osm,kumpula_campus,campus_compact,,PASS,3497,4131,1,1.0,106920.56,1070,1058,0,0,0,4.7464,0.1886,1.6408,0.6285,0.0,0.9121
OSM_kumpula_campus_offset_e_1000m_200m_0700,800,osm,kumpula_campus,campus_compact,,PASS,3497,4131,1,1.0,106920.56,1070,1058,0,0,0,4.7464,0.1886,1.6408,0.6285,0.0,0.9121
OSM_kumpula_campus_offset_e_1000m_500m_0037,100,osm,kumpula_campus,campus_compact,,PASS,2670,3176,1,1.0,85572.57,899,1047,0,0,0,4.8084,0.2132,1.9972,0.5868,0.0,0.9011
OSM_kumpula_campus_offset_e_1000m_500m_0146,200,osm,kumpula_campus,campus_compact,,PASS,2670,3176,1,1.0,85572.57,899,1047,0,0,0,4.8084,0.2132,1.9972,0.5868,0.0,0.9011
OSM_kumpula_campus_offset_e_1000m_500m_0260,400,osm,kumpula_campus,campus_compact,,PASS,2670,3176,1,1.0,85572.57,899,1047,0,0,0,4.8084,0.2132,1.9972,0.5868,0.0,0.9011
OSM_kumpula_campus_offset_e_1000m_500m_0363,400,osm,kumpula_campus,campus_compact,,PASS,2670,3176,1,1.0,85572.57,899,1047,0,0,0,4.8084,0.2132,1.9972,0.5868,0.0,0.9011
OSM_kumpula_campus_offset_e_1000m_500m_0490,600,osm,kumpula_campus,campus_compact,,PASS,2670,3176,1,1.0,85572.57,899,1047,0,0,0,4.8084,0.2132,1.9972,0.5868,0.0,0.9011
OSM_kumpula_campus_offset_e_1000m_500m_0611,800,osm,kumpula_campus,campus_compact,,PASS,2670,3176,1,1.0,85572.57,899,1047,0,0,0,4.8084,0.2132,1.9972,0.5868,0.0,0.9011
OSM_kumpula_campus_offset_e_1000m_500m_0725,800,osm,kumpula_campus,campus_compact,,PASS,2670,3176,1,1.0,85572.57,899,1047,0,0,0,4.8084,0.2132,1.9972,0.5868,0.0,0.9011
OSM_lapland_rural_sparse_offset_s_2500m_1000m_0069,100,osm,lapland_rural_sparse,rural_roads,,PASS,1744,1849,1,1.0,72799.94,2554,2539,0,0,0,5.0325,0.3653,1.1466,0.5929,0.0,0.9286
OSM_lapland_rural_sparse_offset_s_2500m_1000m_0177,200,osm,lapland_rural_sparse,rural_roads,,PASS,1744,1849,1,1.0,72799.94,2554,2539,0,0,0,5.0325,0.3653,1.1466,0.5929,0.0,0.9286
OSM_lapland_rural_sparse_offset_s_2500m_1000m_0293,400,osm,lapland_rural_sparse,rural_roads,,PASS,1744,1849,1,1.0,72799.94,2554,2539,0,0,0,5.0325,0.3653,1.1466,0.5929,0.0,0.9286
OSM_lapland_rural_sparse_offset_s_2500m_1000m_0408,600,osm,lapland_rural_sparse,rural_roads,,PASS,1744,1849,1,1.0,72799.94,2554,2539,0,0,0,5.0325,0.3653,1.1466,0.5929,0.0,0.9286
OSM_lapland_rural_sparse_offset_s_2500m_1000m_0514,600,osm,lapland_rural_sparse,rural_roads,,PASS,1744,1849,1,1.0,72799.94,2554,2539,0,0,0,5.0325,0.3653,1.1466,0.5929,0.0,0.9286
OSM_lapland_rural_sparse_offset_s_2500m_1000m_0643,800,osm,lapland_rural_sparse,rural_roads,,PASS,1744,1849,1,1.0,72799.94,2554,2539,0,0,0,5.0325,0.3653,1.1466,0.5929,0.0,0.9286
OSM_lapland_rural_sparse_offset_s_2500m_1000m_0757,800,osm,lapland_rural_sparse,rural_roads,,PASS,1744,1849,1,1.0,72799.94,2554,2539,0,0,0,5.0325,0.3653,1.1466,0.5929,0.0,0.9286
OSM_lapland_rural_sparse_offset_s_2500m_1500m_0093,100,osm,lapland_rural_sparse,rural_roads,,PASS,1136,1194,1,1.0,56589.08,2548,2517,0,0,0,4.9951,0.4284,1.0586,0.6744,0.0,0.9288
OSM_lapland_rural_sparse_offset_s_2500m_1500m_0205,400,osm,lapland_rural_sparse,rural_roads,,PASS,1136,1194,1,1.0,56589.08,2548,2517,0,0,0,4.9951,0.4284,1.0586,0.6744,0.0,0.9288
OSM_lapland_rural_sparse_offset_s_2500m_1500m_0317,400,osm,lapland_rural_sparse,rural_roads,,PASS,1136,1194,1,1.0,56589.08,2548,2517,0,0,0,4.9951,0.4284,1.0586,0.6744,0.0,0.9288
OSM_lapland_rural_sparse_offset_s_2500m_1500m_0434,600,osm,lapland_rural_sparse,rural_roads,,PASS,1136,1194,1,1.0,56589.08,2548,2517,0,0,0,4.9951,0.4284,1.0586,0.6744,0.0,0.9288
OSM_lapland_rural_sparse_offset_s_2500m_1500m_0554,600,osm,lapland_rural_sparse,rural_roads,,PASS,1136,1194,1,1.0,56589.08,2548,2517,0,0,0,4.9951,0.4284,1.0586,0.6744,0.0,0.9288
OSM_lapland_rural_sparse_offset_s_2500m_1500m_0672,800,osm,lapland_rural_sparse,rural_roads,,PASS,1136,1194,1,1.0,56589.08,2548,2517,0,0,0,4.9951,0.4284,1.0586,0.6744,0.0,0.9288
OSM_lapland_rural_sparse_offset_s_2500m_1500m_0782,800,osm,lapland_rural_sparse,rural_roads,,PASS,1136,1194,1,1.0,56589.08,2548,2517,0,0,0,4.9951,0.4284,1.0586,0.6744,0.0,0.9288
OSM_lapland_rural_sparse_offset_s_2500m_200m_0010,100,osm,lapland_rural_sparse,rural_roads,,PASS,2065,2211,1,1.0,86157.23,2477,2505,0,0,0,5.041,0.2879,2.2658,0.5342,0.0,0.9236
OSM_lapland_rural_sparse_offset_s_2500m_200m_0121,200,osm,lapland_rural_sparse,rural_roads,,PASS,2065,2211,1,1.0,86157.23,2477,2505,0,0,0,5.041,0.2879,2.2658,0.5342,0.0,0.9236
OSM_lapland_rural_sparse_offset_s_2500m_200m_0233,400,osm,lapland_rural_sparse,rural_roads,,PASS,2065,2211,1,1.0,86157.23,2477,2505,0,0,0,5.041,0.2879,2.2658,0.5342,0.0,0.9236
OSM_lapland_rural_sparse_offset_s_2500m_200m_0340,400,osm,lapland_rural_sparse,rural_roads,,PASS,2065,2211,1,1.0,86157.23,2477,2505,0,0,0,5.041,0.2879,2.2658,0.5342,0.0,0.9236
OSM_lapland_rural_sparse_offset_s_2500m_200m_0466,600,osm,lapland_rural_sparse,rural_roads,,PASS,2065,2211,1,1.0,86157.23,2477,2505,0,0,0,5.041,0.2879,2.2658,0.5342,0.0,0.9236
OSM_lapland_rural_sparse_offset_s_2500m_200m_0584,600,osm,lapland_rural_sparse,rural_roads,,PASS,2065,2211,1,1.0,86157.23,2477,2505,0,0,0,5.041,0.2879,2.2658,0.5342,0.0,0.9236
OSM_lapland_rural_sparse_offset_s_2500m_200m_0703,800,osm,lapland_rural_sparse,rural_roads,,PASS,2065,2211,1,1.0,86157.23,2477,2505,0,0,0,5.041,0.2879,2.2658,0.5342,0.0,0.9236
OSM_lapland_rural_sparse_offset_s_2500m_500m_0038,100,osm,lapland_rural_sparse,rural_roads,,PASS,2052,2189,1,1.0,81572.97,2508,2563,0,0,0,5.0464,0.3133,1.2778,0.5256,0.0,0.9269
OSM_lapland_rural_sparse_offset_s_2500m_500m_0147,200,osm,lapland_rural_sparse,rural_roads,,PASS,2052,2189,1,1.0,81572.97,2508,2563,0,0,0,5.0464,0.3133,1.2778,0.5256,0.0,0.9269
OSM_lapland_rural_sparse_offset_s_2500m_500m_0261,400,osm,lapland_rural_sparse,rural_roads,,PASS,2052,2189,1,1.0,81572.97,2508,2563,0,0,0,5.0464,0.3133,1.2778,0.5256,0.0,0.9269
OSM_lapland_rural_sparse_offset_s_2500m_500m_0364,400,osm,lapland_rural_sparse,rural_roads,,PASS,2052,2189,1,1.0,81572.97,2508,2563,0,0,0,5.0464,0.3133,1.2778,0.5256,0.0,0.9269
OSM_lapland_rural_sparse_offset_s_2500m_500m_0491,600,osm,lapland_rural_sparse,rural_roads,,PASS,2052,2189,1,1.0,81572.97,2508,2563,0,0,0,5.0464,0.3133,1.2778,0.5256,0.0,0.9269
OSM_lapland_rural_sparse_offset_s_2500m_500m_0612,800,osm,lapland_rural_sparse,rural_roads,,PASS,2052,2189,1,1.0,81572.97,2508,2563,0,0,0,5.0464,0.3133,1.2778,0.5256,0.0,0.9269
OSM_lapland_rural_sparse_offset_s_2500m_500m_0727,800,osm,lapland_rural_sparse,rural_roads,,PASS,2052,2189,1,1.0,81572.97,2508,2563,0,0,0,5.0464,0.3133,1.2778,0.5256,0.0,0.9269
OSM_london_industrial_corridor_offset_w_2500m_1000m_0071,100,osm,london_industrial_corridor,industrial_disrupted,,PASS,5620,5894,1,1.0,148773.65,2561,2567,0,0,0,4.9787,0.4891,1.7839,0.5911,0.0,0.9513
OSM_london_industrial_corridor_offset_w_2500m_1000m_0179,200,osm,london_industrial_corridor,industrial_disrupted,,PASS,5620,5894,1,1.0,148773.65,2561,2567,0,0,0,4.9787,0.4891,1.7839,0.5911,0.0,0.9513
OSM_london_industrial_corridor_offset_w_2500m_1000m_0294,400,osm,london_industrial_corridor,industrial_disrupted,,PASS,5620,5894,1,1.0,148773.65,2561,2567,0,0,0,4.9787,0.4891,1.7839,0.5911,0.0,0.9513
OSM_london_industrial_corridor_offset_w_2500m_1000m_0409,600,osm,london_industrial_corridor,industrial_disrupted,,PASS,5620,5894,1,1.0,148773.65,2561,2567,0,0,0,4.9787,0.4891,1.7839,0.5911,0.0,0.9513
OSM_london_industrial_corridor_offset_w_2500m_1000m_0515,600,osm,london_industrial_corridor,industrial_disrupted,,PASS,5620,5894,1,1.0,148773.65,2561,2567,0,0,0,4.9787,0.4891,1.7839,0.5911,0.0,0.9513
OSM_london_industrial_corridor_offset_w_2500m_1000m_0644,800,osm,london_industrial_corridor,industrial_disrupted,,PASS,5620,5894,1,1.0,148773.65,2561,2567,0,0,0,4.9787,0.4891,1.7839,0.5911,0.0,0.9513
OSM_london_industrial_corridor_offset_w_2500m_1000m_0758,800,osm,london_industrial_corridor,industrial_disrupted,,PASS,5620,5894,1,1.0,148773.65,2561,2567,0,0,0,4.9787,0.4891,1.7839,0.5911,0.0,0.9513
OSM_london_industrial_corridor_offset_w_2500m_1500m_0095,100,osm,london_industrial_corridor,industrial_disrupted,,PASS,5633,5921,1,1.0,154321.84,2612,2550,0,0,0,4.9887,0.4873,1.8639,0.5871,0.0,0.9492
OSM_london_industrial_corridor_offset_w_2500m_1500m_0206,400,osm,london_industrial_corridor,industrial_disrupted,,PASS,5633,5921,1,1.0,154321.84,2612,2550,0,0,0,4.9887,0.4873,1.8639,0.5871,0.0,0.9492
OSM_london_industrial_corridor_offset_w_2500m_1500m_0318,400,osm,london_industrial_corridor,industrial_disrupted,,PASS,5633,5921,1,1.0,154321.84,2612,2550,0,0,0,4.9887,0.4873,1.8639,0.5871,0.0,0.9492
OSM_london_industrial_corridor_offset_w_2500m_1500m_0435,600,osm,london_industrial_corridor,industrial_disrupted,,PASS,5633,5921,1,1.0,154321.84,2612,2550,0,0,0,4.9887,0.4873,1.8639,0.5871,0.0,0.9492
OSM_london_industrial_corridor_offset_w_2500m_1500m_0556,600,osm,london_industrial_corridor,industrial_disrupted,,PASS,5633,5921,1,1.0,154321.84,2612,2550,0,0,0,4.9887,0.4873,1.8639,0.5871,0.0,0.9492
OSM_london_industrial_corridor_offset_w_2500m_1500m_0673,800,osm,london_industrial_corridor,industrial_disrupted,,PASS,5633,5921,1,1.0,154321.84,2612,2550,0,0,0,4.9887,0.4873,1.8639,0.5871,0.0,0.9492
OSM_london_industrial_corridor_offset_w_2500m_1500m_0784,800,osm,london_industrial_corridor,industrial_disrupted,,PASS,5633,5921,1,1.0,154321.84,2612,2550,0,0,0,4.9887,0.4873,1.8639,0.5871,0.0,0.9492
OSM_london_industrial_corridor_offset_w_2500m_200m_0012,100,osm,london_industrial_corridor,industrial_disrupted,,PASS,5744,6006,1,1.0,151194.64,2574,2569,0,0,0,4.9872,0.4556,1.1617,0.6365,0.0,0.9537
OSM_london_industrial_corridor_offset_w_2500m_200m_0122,200,osm,london_industrial_corridor,industrial_disrupted,,PASS,5744,6006,1,1.0,151194.64,2574,2569,0,0,0,4.9872,0.4556,1.1617,0.6365,0.0,0.9537
OSM_london_industrial_corridor_offset_w_2500m_200m_0235,400,osm,london_industrial_corridor,industrial_disrupted,,PASS,5744,6006,1,1.0,151194.64,2574,2569,0,0,0,4.9872,0.4556,1.1617,0.6365,0.0,0.9537
OSM_london_industrial_corridor_offset_w_2500m_200m_0341,400,osm,london_industrial_corridor,industrial_disrupted,,PASS,5744,6006,1,1.0,151194.64,2574,2569,0,0,0,4.9872,0.4556,1.1617,0.6365,0.0,0.9537
OSM_london_industrial_corridor_offset_w_2500m_200m_0467,600,osm,london_industrial_corridor,industrial_disrupted,,PASS,5744,6006,1,1.0,151194.64,2574,2569,0,0,0,4.9872,0.4556,1.1617,0.6365,0.0,0.9537
OSM_london_industrial_corridor_offset_w_2500m_200m_0585,600,osm,london_industrial_corridor,industrial_disrupted,,PASS,5744,6006,1,1.0,151194.64,2574,2569,0,0,0,4.9872,0.4556,1.1617,0.6365,0.0,0.9537
OSM_london_industrial_corridor_offset_w_2500m_200m_0704,800,osm,london_industrial_corridor,industrial_disrupted,,PASS,5744,6006,1,1.0,151194.64,2574,2569,0,0,0,4.9872,0.4556,1.1617,0.6365,0.0,0.9537
OSM_london_industrial_corridor_offset_w_2500m_500m_0039,100,osm,london_industrial_corridor,industrial_disrupted,,PASS,6013,6297,1,1.0,154226.27,2580,2569,0,0,0,4.9769,0.4856,1.3856,0.6357,0.0,0.9543
OSM_london_industrial_corridor_offset_w_2500m_500m_0149,200,osm,london_industrial_corridor,industrial_disrupted,,PASS,6013,6297,1,1.0,154226.27,2580,2569,0,0,0,4.9769,0.4856,1.3856,0.6357,0.0,0.9543
OSM_london_industrial_corridor_offset_w_2500m_500m_0266,400,osm,london_industrial_corridor,industrial_disrupted,,PASS,6013,6297,1,1.0,154226.27,2580,2569,0,0,0,4.9769,0.4856,1.3856,0.6357,0.0,0.9543
OSM_london_industrial_corridor_offset_w_2500m_500m_0365,400,osm,london_industrial_corridor,industrial_disrupted,,PASS,6013,6297,1,1.0,154226.27,2580,2569,0,0,0,4.9769,0.4856,1.3856,0.6357,0.0,0.9543
OSM_london_industrial_corridor_offset_w_2500m_500m_0493,600,osm,london_industrial_corridor,industrial_disrupted,,PASS,6013,6297,1,1.0,154226.27,2580,2569,0,0,0,4.9769,0.4856,1.3856,0.6357,0.0,0.9543
OSM_london_industrial_corridor_offset_w_2500m_500m_0613,800,osm,london_industrial_corridor,industrial_disrupted,,PASS,6013,6297,1,1.0,154226.27,2580,2569,0,0,0,4.9769,0.4856,1.3856,0.6357,0.0,0.9543
OSM_london_industrial_corridor_offset_w_2500m_500m_0728,800,osm,london_industrial_corridor,industrial_disrupted,,PASS,6013,6297,1,1.0,154226.27,2580,2569,0,0,0,4.9769,0.4856,1.3856,0.6357,0.0,0.9543
OSM_manhattan_midtown_exact_1000m_0m_0097,100,osm,manhattan_midtown,urban_grid,,PASS,393,429,1,1.0,13887.97,1048,1008,0,0,0,1.5873,0.0151,1.7822,0.6657,0.0,0.8322
OSM_manhattan_midtown_exact_1000m_0m_0237,400,osm,manhattan_midtown,urban_grid,,PASS,393,429,1,1.0,13887.97,1048,1008,0,0,0,1.5873,0.0151,1.7822,0.6657,0.0,0.8322
OSM_manhattan_midtown_exact_1000m_0m_0369,400,osm,manhattan_midtown,urban_grid,,PASS,393,429,1,1.0,13887.97,1048,1008,0,0,0,1.5873,0.0151,1.7822,0.6657,0.0,0.8322
OSM_manhattan_midtown_exact_1000m_0m_0517,600,osm,manhattan_midtown,urban_grid,,PASS,393,429,1,1.0,13887.97,1048,1008,0,0,0,1.5873,0.0151,1.7822,0.6657,0.0,0.8322
OSM_manhattan_midtown_exact_1000m_0m_0677,800,osm,manhattan_midtown,urban_grid,,PASS,393,429,1,1.0,13887.97,1048,1008,0,0,0,1.5873,0.0151,1.7822,0.6657,0.0,0.8322
OSM_manhattan_midtown_exact_1500m_0m_0013,100,osm,manhattan_midtown,urban_grid,,PASS,1161,1279,1,1.0,36558.07,1545,1542,0,0,0,2.0575,0.0453,1.1799,0.6636,0.0,0.8726
OSM_manhattan_midtown_exact_1500m_0m_0150,200,osm,manhattan_midtown,urban_grid,,PASS,1161,1279,1,1.0,36558.07,1545,1542,0,0,0,2.0575,0.0453,1.1799,0.6636,0.0,0.8726
OSM_manhattan_midtown_exact_1500m_0m_0298,400,osm,manhattan_midtown,urban_grid,,PASS,1161,1279,1,1.0,36558.07,1545,1542,0,0,0,2.0575,0.0453,1.1799,0.6636,0.0,0.8726
OSM_manhattan_midtown_exact_1500m_0m_0438,600,osm,manhattan_midtown,urban_grid,,PASS,1161,1279,1,1.0,36558.07,1545,1542,0,0,0,2.0575,0.0453,1.1799,0.6636,0.0,0.8726
OSM_manhattan_midtown_exact_1500m_0m_0588,600,osm,manhattan_midtown,urban_grid,,PASS,1161,1279,1,1.0,36558.07,1545,1542,0,0,0,2.0575,0.0453,1.1799,0.6636,0.0,0.8726
OSM_manhattan_midtown_exact_1500m_0m_0729,800,osm,manhattan_midtown,urban_grid,,PASS,1161,1279,1,1.0,36558.07,1545,1542,0,0,0,2.0575,0.0453,1.1799,0.6636,0.0,0.8726
OSM_manhattan_midtown_exact_2500m_0m_0073,100,osm,manhattan_midtown,urban_grid,,PASS,3272,3633,1,1.0,107800.86,2548,2532,0,0,0,2.1557,0.0408,1.2087,0.6193,0.0,0.8965
OSM_manhattan_midtown_exact_2500m_0m_0207,400,osm,manhattan_midtown,urban_grid,,PASS,3272,3633,1,1.0,107800.86,2548,2532,0,0,0,2.1557,0.0408,1.2087,0.6193,0.0,0.8965
OSM_manhattan_midtown_exact_2500m_0m_0342,400,osm,manhattan_midtown,urban_grid,,PASS,3272,3633,1,1.0,107800.86,2548,2532,0,0,0,2.1557,0.0408,1.2087,0.6193,0.0,0.8965
OSM_manhattan_midtown_exact_2500m_0m_0494,600,osm,manhattan_midtown,urban_grid,,PASS,3272,3633,1,1.0,107800.86,2548,2532,0,0,0,2.1557,0.0408,1.2087,0.6193,0.0,0.8965
OSM_manhattan_midtown_exact_2500m_0m_0646,800,osm,manhattan_midtown,urban_grid,,PASS,3272,3633,1,1.0,107800.86,2548,2532,0,0,0,2.1557,0.0408,1.2087,0.6193,0.0,0.8965
OSM_manhattan_midtown_exact_2500m_0m_0785,800,osm,manhattan_midtown,urban_grid,,PASS,3272,3633,1,1.0,107800.86,2548,2532,0,0,0,2.1557,0.0408,1.2087,0.6193,0.0,0.8965
OSM_manhattan_midtown_exact_5000m_0m_0124,200,osm,manhattan_midtown,urban_grid,,PASS,11558,12720,1,1.0,374960.24,5056,5055,0,0,0,3.3162,0.1668,1.4129,0.5798,0.0,0.9359
OSM_manhattan_midtown_exact_5000m_0m_0268,400,osm,manhattan_midtown,urban_grid,,PASS,11558,12720,1,1.0,374960.24,5056,5055,0,0,0,3.3162,0.1668,1.4129,0.5798,0.0,0.9359
OSM_manhattan_midtown_exact_5000m_0m_0412,600,osm,manhattan_midtown,urban_grid,,PASS,11558,12720,1,1.0,374960.24,5056,5055,0,0,0,3.3162,0.1668,1.4129,0.5798,0.0,0.9359
OSM_manhattan_midtown_exact_5000m_0m_0557,600,osm,manhattan_midtown,urban_grid,,PASS,11558,12720,1,1.0,374960.24,5056,5055,0,0,0,3.3162,0.1668,1.4129,0.5798,0.0,0.9359
OSM_manhattan_midtown_exact_5000m_0m_0705,800,osm,manhattan_midtown,urban_grid,,PASS,11558,12720,1,1.0,374960.24,5056,5055,0,0,0,3.3162,0.1668,1.4129,0.5798,0.0,0.9359
OSM_mit_campus_reality_offset_n_1500m_1000m_0074,100,osm,mit_campus_reality,campus_compact,,PASS,6819,8508,1,1.0,237485.32,1577,1570,0,0,0,4.7315,0.413,1.1753,0.6494,0.0,0.9155
OSM_mit_campus_reality_offset_n_1500m_1000m_0181,200,osm,mit_campus_reality,campus_compact,,PASS,6819,8508,1,1.0,237485.32,1577,1570,0,0,0,4.7315,0.413,1.1753,0.6494,0.0,0.9155
OSM_mit_campus_reality_offset_n_1500m_1000m_0299,400,osm,mit_campus_reality,campus_compact,,PASS,6819,8508,1,1.0,237485.32,1577,1570,0,0,0,4.7315,0.413,1.1753,0.6494,0.0,0.9155
OSM_mit_campus_reality_offset_n_1500m_1000m_0413,600,osm,mit_campus_reality,campus_compact,,PASS,6819,8508,1,1.0,237485.32,1577,1570,0,0,0,4.7315,0.413,1.1753,0.6494,0.0,0.9155
OSM_mit_campus_reality_offset_n_1500m_1000m_0518,600,osm,mit_campus_reality,campus_compact,,PASS,6819,8508,1,1.0,237485.32,1577,1570,0,0,0,4.7315,0.413,1.1753,0.6494,0.0,0.9155
OSM_mit_campus_reality_offset_n_1500m_1000m_0647,800,osm,mit_campus_reality,campus_compact,,PASS,6819,8508,1,1.0,237485.32,1577,1570,0,0,0,4.7315,0.413,1.1753,0.6494,0.0,0.9155
OSM_mit_campus_reality_offset_n_1500m_1000m_0761,800,osm,mit_campus_reality,campus_compact,,PASS,6819,8508,1,1.0,237485.32,1577,1570,0,0,0,4.7315,0.413,1.1753,0.6494,0.0,0.9155
OSM_mit_campus_reality_offset_n_1500m_1500m_0100,200,osm,mit_campus_reality,campus_compact,,PASS,6679,8227,1,1.0,233251.54,1581,1581,0,0,0,4.8572,0.4099,1.4297,0.6261,0.0,0.9207
OSM_mit_campus_reality_offset_n_1500m_1500m_0209,400,osm,mit_campus_reality,campus_compact,,PASS,6679,8227,1,1.0,233251.54,1581,1581,0,0,0,4.8572,0.4099,1.4297,0.6261,0.0,0.9207
OSM_mit_campus_reality_offset_n_1500m_1500m_0321,400,osm,mit_campus_reality,campus_compact,,PASS,6679,8227,1,1.0,233251.54,1581,1581,0,0,0,4.8572,0.4099,1.4297,0.6261,0.0,0.9207
OSM_mit_campus_reality_offset_n_1500m_1500m_0439,600,osm,mit_campus_reality,campus_compact,,PASS,6679,8227,1,1.0,233251.54,1581,1581,0,0,0,4.8572,0.4099,1.4297,0.6261,0.0,0.9207
OSM_mit_campus_reality_offset_n_1500m_1500m_0558,600,osm,mit_campus_reality,campus_compact,,PASS,6679,8227,1,1.0,233251.54,1581,1581,0,0,0,4.8572,0.4099,1.4297,0.6261,0.0,0.9207
OSM_mit_campus_reality_offset_n_1500m_1500m_0679,800,osm,mit_campus_reality,campus_compact,,PASS,6679,8227,1,1.0,233251.54,1581,1581,0,0,0,4.8572,0.4099,1.4297,0.6261,0.0,0.9207
OSM_mit_campus_reality_offset_n_1500m_1500m_0787,800,osm,mit_campus_reality,campus_compact,,PASS,6679,8227,1,1.0,233251.54,1581,1581,0,0,0,4.8572,0.4099,1.4297,0.6261,0.0,0.9207
OSM_mit_campus_reality_offset_n_1500m_200m_0017,100,osm,mit_campus_reality,campus_compact,,PASS,6303,7583,1,1.0,193508.97,1578,1545,0,0,0,4.8861,0.3078,1.6091,0.602,0.0,0.9173
OSM_mit_campus_reality_offset_n_1500m_200m_0126,200,osm,mit_campus_reality,campus_compact,,PASS,6303,7583,1,1.0,193508.97,1578,1545,0,0,0,4.8861,0.3078,1.6091,0.602,0.0,0.9173
OSM_mit_campus_reality_offset_n_1500m_200m_0238,400,osm,mit_campus_reality,campus_compact,,PASS,6303,7583,1,1.0,193508.97,1578,1545,0,0,0,4.8861,0.3078,1.6091,0.602,0.0,0.9173
OSM_mit_campus_reality_offset_n_1500m_200m_0343,400,osm,mit_campus_reality,campus_compact,,PASS,6303,7583,1,1.0,193508.97,1578,1545,0,0,0,4.8861,0.3078,1.6091,0.602,0.0,0.9173
OSM_mit_campus_reality_offset_n_1500m_200m_0471,600,osm,mit_campus_reality,campus_compact,,PASS,6303,7583,1,1.0,193508.97,1578,1545,0,0,0,4.8861,0.3078,1.6091,0.602,0.0,0.9173
OSM_mit_campus_reality_offset_n_1500m_200m_0589,600,osm,mit_campus_reality,campus_compact,,PASS,6303,7583,1,1.0,193508.97,1578,1545,0,0,0,4.8861,0.3078,1.6091,0.602,0.0,0.9173
OSM_mit_campus_reality_offset_n_1500m_200m_0707,800,osm,mit_campus_reality,campus_compact,,PASS,6303,7583,1,1.0,193508.97,1578,1545,0,0,0,4.8861,0.3078,1.6091,0.602,0.0,0.9173
OSM_mit_campus_reality_offset_n_1500m_500m_0044,100,osm,mit_campus_reality,campus_compact,,PASS,7011,8596,1,1.0,228194.48,1574,1544,0,0,0,4.9154,0.3426,1.2712,0.6118,0.0,0.9179
OSM_mit_campus_reality_offset_n_1500m_500m_0151,200,osm,mit_campus_reality,campus_compact,,PASS,7011,8596,1,1.0,228194.48,1574,1544,0,0,0,4.9154,0.3426,1.2712,0.6118,0.0,0.9179
OSM_mit_campus_reality_offset_n_1500m_500m_0270,400,osm,mit_campus_reality,campus_compact,,PASS,7011,8596,1,1.0,228194.48,1574,1544,0,0,0,4.9154,0.3426,1.2712,0.6118,0.0,0.9179
OSM_mit_campus_reality_offset_n_1500m_500m_0370,400,osm,mit_campus_reality,campus_compact,,PASS,7011,8596,1,1.0,228194.48,1574,1544,0,0,0,4.9154,0.3426,1.2712,0.6118,0.0,0.9179
OSM_mit_campus_reality_offset_n_1500m_500m_0495,600,osm,mit_campus_reality,campus_compact,,PASS,7011,8596,1,1.0,228194.48,1574,1544,0,0,0,4.9154,0.3426,1.2712,0.6118,0.0,0.9179
OSM_mit_campus_reality_offset_n_1500m_500m_0615,800,osm,mit_campus_reality,campus_compact,,PASS,7011,8596,1,1.0,228194.48,1574,1544,0,0,0,4.9154,0.3426,1.2712,0.6118,0.0,0.9179
OSM_mit_campus_reality_offset_n_1500m_500m_0730,800,osm,mit_campus_reality,campus_compact,,PASS,7011,8596,1,1.0,228194.48,1574,1544,0,0,0,4.9154,0.3426,1.2712,0.6118,0.0,0.9179
OSM_nuuksio_sparse_trails_offset_e_2500m_1000m_0184,200,osm,nuuksio_sparse_trails,sparse_trails,,PASS,887,900,1,1.0,39365.81,2403,2620,0,0,0,5.137,0.3211,1.5912,0.6358,0.0,0.9422
OSM_nuuksio_sparse_trails_offset_e_2500m_1000m_0415,600,osm,nuuksio_sparse_trails,sparse_trails,,PASS,887,900,1,1.0,39365.81,2403,2620,0,0,0,5.137,0.3211,1.5912,0.6358,0.0,0.9422
OSM_nuuksio_sparse_trails_offset_e_2500m_1000m_0648,800,osm,nuuksio_sparse_trails,sparse_trails,,PASS,887,900,1,1.0,39365.81,2403,2620,0,0,0,5.137,0.3211,1.5912,0.6358,0.0,0.9422
OSM_nuuksio_sparse_trails_offset_e_2500m_1500m_0131,200,osm,nuuksio_sparse_trails,sparse_trails,,PASS,1059,1082,1,1.0,44883.94,2494,2647,0,0,0,5.1331,0.3447,2.5907,0.648,0.0,0.9445
OSM_nuuksio_sparse_trails_offset_e_2500m_1500m_0345,400,osm,nuuksio_sparse_trails,sparse_trails,,PASS,1059,1082,1,1.0,44883.94,2494,2647,0,0,0,5.1331,0.3447,2.5907,0.648,0.0,0.9445
OSM_nuuksio_sparse_trails_offset_e_2500m_1500m_0590,600,osm,nuuksio_sparse_trails,sparse_trails,,PASS,1059,1082,1,1.0,44883.94,2494,2647,0,0,0,5.1331,0.3447,2.5907,0.648,0.0,0.9445
OSM_nuuksio_sparse_trails_offset_e_2500m_200m_0076,100,osm,nuuksio_sparse_trails,sparse_trails,,PASS,698,717,1,1.0,34604.76,2493,2496,0,0,0,5.0998,0.3208,1.4836,0.5433,0.0,0.9372
OSM_nuuksio_sparse_trails_offset_e_2500m_200m_0300,400,osm,nuuksio_sparse_trails,sparse_trails,,PASS,698,717,1,1.0,34604.76,2493,2496,0,0,0,5.0998,0.3208,1.4836,0.5433,0.0,0.9372
OSM_nuuksio_sparse_trails_offset_e_2500m_200m_0520,600,osm,nuuksio_sparse_trails,sparse_trails,,PASS,698,717,1,1.0,34604.76,2493,2496,0,0,0,5.0998,0.3208,1.4836,0.5433,0.0,0.9372
OSM_nuuksio_sparse_trails_offset_e_2500m_200m_0762,800,osm,nuuksio_sparse_trails,sparse_trails,,PASS,698,717,1,1.0,34604.76,2493,2496,0,0,0,5.0998,0.3208,1.4836,0.5433,0.0,0.9372
OSM_nuuksio_sparse_trails_offset_e_2500m_500m_0018,100,osm,nuuksio_sparse_trails,sparse_trails,,PASS,675,686,1,1.0,30951.72,2374,2292,0,0,0,5.1197,0.3294,1.8177,0.5522,0.0,0.9402
OSM_nuuksio_sparse_trails_offset_e_2500m_500m_0239,400,osm,nuuksio_sparse_trails,sparse_trails,,PASS,675,686,1,1.0,30951.72,2374,2292,0,0,0,5.1197,0.3294,1.8177,0.5522,0.0,0.9402
OSM_nuuksio_sparse_trails_offset_e_2500m_500m_0472,600,osm,nuuksio_sparse_trails,sparse_trails,,PASS,675,686,1,1.0,30951.72,2374,2292,0,0,0,5.1197,0.3294,1.8177,0.5522,0.0,0.9402
OSM_nuuksio_sparse_trails_offset_e_2500m_500m_0708,800,osm,nuuksio_sparse_trails,sparse_trails,,PASS,675,686,1,1.0,30951.72,2374,2292,0,0,0,5.1197,0.3294,1.8177,0.5522,0.0,0.9402
OSM_nuuksio_sparse_trails_offset_e_5000m_1000m_0045,100,osm,nuuksio_sparse_trails,sparse_trails,,PASS,5670,5850,1,1.0,229268.88,5118,5078,0,0,0,5.1461,0.3282,1.323,0.6348,0.0,0.9694
OSM_nuuksio_sparse_trails_offset_e_5000m_1000m_0273,400,osm,nuuksio_sparse_trails,sparse_trails,,PASS,5670,5850,1,1.0,229268.88,5118,5078,0,0,0,5.1461,0.3282,1.323,0.6348,0.0,0.9694
OSM_nuuksio_sparse_trails_offset_e_5000m_1000m_0496,600,osm,nuuksio_sparse_trails,sparse_trails,,PASS,5670,5850,1,1.0,229268.88,5118,5078,0,0,0,5.1461,0.3282,1.323,0.6348,0.0,0.9694
OSM_nuuksio_sparse_trails_offset_e_5000m_1000m_0731,800,osm,nuuksio_sparse_trails,sparse_trails,,PASS,5670,5850,1,1.0,229268.88,5118,5078,0,0,0,5.1461,0.3282,1.323,0.6348,0.0,0.9694
OSM_nuuksio_sparse_trails_offset_e_5000m_1500m_0212,400,osm,nuuksio_sparse_trails,sparse_trails,,PASS,6218,6428,1,1.0,248266.97,5159,5078,0,0,0,5.1364,0.3321,1.5585,0.649,0.0,0.9683
OSM_nuuksio_sparse_trails_offset_e_5000m_1500m_0441,600,osm,nuuksio_sparse_trails,sparse_trails,,PASS,6218,6428,1,1.0,248266.97,5159,5078,0,0,0,5.1364,0.3321,1.5585,0.649,0.0,0.9683
OSM_nuuksio_sparse_trails_offset_e_5000m_1500m_0680,800,osm,nuuksio_sparse_trails,sparse_trails,,PASS,6218,6428,1,1.0,248266.97,5159,5078,0,0,0,5.1364,0.3321,1.5585,0.649,0.0,0.9683
OSM_nuuksio_sparse_trails_offset_e_5000m_200m_0152,200,osm,nuuksio_sparse_trails,sparse_trails,,PASS,5181,5324,1,1.0,212974.21,5031,5133,0,0,0,5.1412,0.3214,1.3089,0.6364,0.0,0.9673
OSM_nuuksio_sparse_trails_offset_e_5000m_200m_0373,400,osm,nuuksio_sparse_trails,sparse_trails,,PASS,5181,5324,1,1.0,212974.21,5031,5133,0,0,0,5.1412,0.3214,1.3089,0.6364,0.0,0.9673
OSM_nuuksio_sparse_trails_offset_e_5000m_200m_0616,800,osm,nuuksio_sparse_trails,sparse_trails,,PASS,5181,5324,1,1.0,212974.21,5031,5133,0,0,0,5.1412,0.3214,1.3089,0.6364,0.0,0.9673
OSM_nuuksio_sparse_trails_offset_e_5000m_500m_0104,200,osm,nuuksio_sparse_trails,sparse_trails,,PASS,5183,5335,1,1.0,210881.97,5137,5065,0,0,0,5.1456,0.3254,1.1327,0.6388,0.0,0.9679
OSM_nuuksio_sparse_trails_offset_e_5000m_500m_0322,400,osm,nuuksio_sparse_trails,sparse_trails,,PASS,5183,5335,1,1.0,210881.97,5137,5065,0,0,0,5.1456,0.3254,1.1327,0.6388,0.0,0.9679
OSM_nuuksio_sparse_trails_offset_e_5000m_500m_0560,600,osm,nuuksio_sparse_trails,sparse_trails,,PASS,5183,5335,1,1.0,210881.97,5137,5065,0,0,0,5.1456,0.3254,1.1327,0.6388,0.0,0.9679
OSM_nuuksio_sparse_trails_offset_e_5000m_500m_0791,800,osm,nuuksio_sparse_trails,sparse_trails,,PASS,5183,5335,1,1.0,210881.97,5137,5065,0,0,0,5.1456,0.3254,1.1327,0.6388,0.0,0.9679
OSM_sf_cabspotting_downtown_offset_s_1000m_1000m_0374,400,osm,sf_cabspotting_downtown,dense_urban_irregular,,PASS,657,711,1,1.0,21463.02,1043,1040,0,0,0,2.8205,0.0575,1.246,0.6364,0.0,0.8706
OSM_sf_cabspotting_downtown_offset_s_1000m_1500m_0275,400,osm,sf_cabspotting_downtown,dense_urban_irregular,,PASS,1025,1085,1,1.0,26994.1,1043,1047,0,0,0,4.5847,0.3726,1.2748,0.617,0.0,0.9088
OSM_sf_cabspotting_downtown_offset_s_1000m_1500m_0732,800,osm,sf_cabspotting_downtown,dense_urban_irregular,,PASS,1025,1085,1,1.0,26994.1,1043,1047,0,0,0,4.5847,0.3726,1.2748,0.617,0.0,0.9088
OSM_sf_cabspotting_downtown_offset_s_1000m_200m_0153,200,osm,sf_cabspotting_downtown,dense_urban_irregular,,PASS,517,556,1,1.0,17033.11,1029,1044,0,0,0,3.0576,0.4858,1.2658,0.5992,0.0,0.8525
OSM_sf_cabspotting_downtown_offset_s_1000m_200m_0617,800,osm,sf_cabspotting_downtown,dense_urban_irregular,,PASS,517,556,1,1.0,17033.11,1029,1044,0,0,0,3.0576,0.4858,1.2658,0.5992,0.0,0.8525
OSM_sf_cabspotting_downtown_offset_s_1000m_500m_0046,100,osm,sf_cabspotting_downtown,dense_urban_irregular,,PASS,539,581,1,1.0,19119.65,1029,1012,0,0,0,2.8457,0.2296,1.2088,0.6316,0.0,0.8554
OSM_sf_cabspotting_downtown_offset_s_1000m_500m_0497,600,osm,sf_cabspotting_downtown,dense_urban_irregular,,PASS,539,581,1,1.0,19119.65,1029,1012,0,0,0,2.8457,0.2296,1.2088,0.6316,0.0,0.8554
OSM_sf_cabspotting_downtown_offset_s_1500m_1000m_0240,400,osm,sf_cabspotting_downtown,dense_urban_irregular,,PASS,1778,1921,1,1.0,54882.57,1584,1594,0,0,0,3.9523,0.1942,1.3928,0.6421,0.0,0.9063
OSM_sf_cabspotting_downtown_offset_s_1500m_1000m_0709,800,osm,sf_cabspotting_downtown,dense_urban_irregular,,PASS,1778,1921,1,1.0,54882.57,1584,1594,0,0,0,3.9523,0.1942,1.3928,0.6421,0.0,0.9063
OSM_sf_cabspotting_downtown_offset_s_1500m_1500m_0133,200,osm,sf_cabspotting_downtown,dense_urban_irregular,,PASS,2069,2220,1,1.0,62795.81,1584,1526,0,0,0,4.4191,0.4385,1.4027,0.6046,0.0,0.9189
OSM_sf_cabspotting_downtown_offset_s_1500m_1500m_0591,600,osm,sf_cabspotting_downtown,dense_urban_irregular,,PASS,2069,2220,1,1.0,62795.81,1584,1526,0,0,0,4.4191,0.4385,1.4027,0.6046,0.0,0.9189
OSM_sf_cabspotting_downtown_offset_s_1500m_200m_0020,100,osm,sf_cabspotting_downtown,dense_urban_irregular,,PASS,1299,1411,1,1.0,41954.93,1547,1536,0,0,0,3.0901,0.4961,1.2782,0.6145,0.0,0.8831
OSM_sf_cabspotting_downtown_offset_s_1500m_200m_0473,600,osm,sf_cabspotting_downtown,dense_urban_irregular,,PASS,1299,1411,1,1.0,41954.93,1547,1536,0,0,0,3.0901,0.4961,1.2782,0.6145,0.0,0.8831
OSM_sf_cabspotting_downtown_offset_s_1500m_500m_0351,400,osm,sf_cabspotting_downtown,dense_urban_irregular,,PASS,1266,1378,1,1.0,43104.77,1534,1536,0,0,0,3.0939,0.3112,1.0821,0.6202,0.0,0.881
OSM_sf_cabspotting_downtown_offset_s_2500m_1000m_0105,200,osm,sf_cabspotting_downtown,dense_urban_irregular,,PASS,4983,5447,1,1.0,164167.27,2565,2553,0,0,0,4.163,0.4909,1.086,0.6289,0.0,0.9256
OSM_sf_cabspotting_downtown_offset_s_2500m_1000m_0561,600,osm,sf_cabspotting_downtown,dense_urban_irregular,,PASS,4983,5447,1,1.0,164167.27,2565,2553,0,0,0,4.163,0.4909,1.086,0.6289,0.0,0.9256
OSM_sf_cabspotting_downtown_offset_s_2500m_1500m_0443,600,osm,sf_cabspotting_downtown,dense_urban_irregular,,PASS,4962,5423,1,1.0,179778.06,2565,2546,0,0,0,4.1003,0.5547,1.1621,0.5907,0.0,0.9266
OSM_sf_cabspotting_downtown_offset_s_2500m_200m_0323,400,osm,sf_cabspotting_downtown,dense_urban_irregular,,PASS,4366,4844,1,1.0,145362.27,2557,2541,0,0,0,3.1883,0.5556,1.2713,0.6472,0.0,0.9123
OSM_sf_cabspotting_downtown_offset_s_2500m_200m_0792,800,osm,sf_cabspotting_downtown,dense_urban_irregular,,PASS,4366,4844,1,1.0,145362.27,2557,2541,0,0,0,3.1883,0.5556,1.2713,0.6472,0.0,0.9123
OSM_sf_cabspotting_downtown_offset_s_2500m_500m_0213,400,osm,sf_cabspotting_downtown,dense_urban_irregular,,PASS,4825,5313,1,1.0,151297.5,2560,2590,0,0,0,3.8536,0.4596,1.2332,0.6423,0.0,0.9223
OSM_sf_cabspotting_downtown_offset_s_2500m_500m_0681,800,osm,sf_cabspotting_downtown,dense_urban_irregular,,PASS,4825,5313,1,1.0,151297.5,2560,2590,0,0,0,3.8536,0.4596,1.2332,0.6423,0.0,0.9223
OSM_sf_cabspotting_downtown_offset_s_500m_1000m_0077,100,osm,sf_cabspotting_downtown,dense_urban_irregular,,PASS,112,118,1,1.0,3968.94,520,533,0,0,0,1.7518,0.0,1.4112,0.6216,0.0,0.7797
OSM_sf_cabspotting_downtown_offset_s_500m_1000m_0525,600,osm,sf_cabspotting_downtown,dense_urban_irregular,,PASS,112,118,1,1.0,3968.94,520,533,0,0,0,1.7518,0.0,1.4112,0.6216,0.0,0.7797
OSM_sf_cabspotting_downtown_offset_s_500m_1500m_0416,600,osm,sf_cabspotting_downtown,dense_urban_irregular,,PASS,108,113,1,1.0,3238.82,524,543,0,0,0,2.8829,0.1022,2.1073,0.6171,0.0,0.8053
OSM_sf_cabspotting_downtown_offset_s_500m_200m_0301,400,osm,sf_cabspotting_downtown,dense_urban_irregular,,PASS,145,153,1,1.0,4262.75,548,540,0,0,0,3.05,0.565,1.095,0.6324,0.0,0.8039
OSM_sf_cabspotting_downtown_offset_s_500m_200m_0763,800,osm,sf_cabspotting_downtown,dense_urban_irregular,,PASS,145,153,1,1.0,4262.75,548,540,0,0,0,3.05,0.565,1.095,0.6324,0.0,0.8039
OSM_sf_cabspotting_downtown_offset_s_500m_500m_0187,200,osm,sf_cabspotting_downtown,dense_urban_irregular,,PASS,140,147,1,1.0,4816.79,528,531,0,0,0,2.4761,0.0762,1.2656,0.6922,0.0,0.7959
OSM_sf_cabspotting_downtown_offset_s_500m_500m_0649,800,osm,sf_cabspotting_downtown,dense_urban_irregular,,PASS,140,147,1,1.0,4816.79,528,531,0,0,0,2.4761,0.0762,1.2656,0.6922,0.0,0.7959
OSM_sf_mission_corridor_offset_w_5000m_1000m_0078,100,osm,sf_mission_corridor,corridor_linear,,PASS,18604,20222,1,1.0,751861.38,5040,5046,0,0,0,4.4998,0.6273,1.2651,0.6699,0.0,0.9512
OSM_sf_mission_corridor_offset_w_5000m_1000m_0188,200,osm,sf_mission_corridor,corridor_linear,,PASS,18604,20222,1,1.0,751861.38,5040,5046,0,0,0,4.4998,0.6273,1.2651,0.6699,0.0,0.9512
OSM_sf_mission_corridor_offset_w_5000m_1000m_0303,400,osm,sf_mission_corridor,corridor_linear,,PASS,18604,20222,1,1.0,751861.38,5040,5046,0,0,0,4.4998,0.6273,1.2651,0.6699,0.0,0.9512
OSM_sf_mission_corridor_offset_w_5000m_1000m_0419,600,osm,sf_mission_corridor,corridor_linear,,PASS,18604,20222,1,1.0,751861.38,5040,5046,0,0,0,4.4998,0.6273,1.2651,0.6699,0.0,0.9512
OSM_sf_mission_corridor_offset_w_5000m_1000m_0527,600,osm,sf_mission_corridor,corridor_linear,,PASS,18604,20222,1,1.0,751861.38,5040,5046,0,0,0,4.4998,0.6273,1.2651,0.6699,0.0,0.9512
OSM_sf_mission_corridor_offset_w_5000m_1000m_0651,800,osm,sf_mission_corridor,corridor_linear,,PASS,18604,20222,1,1.0,751861.38,5040,5046,0,0,0,4.4998,0.6273,1.2651,0.6699,0.0,0.9512
OSM_sf_mission_corridor_offset_w_5000m_1000m_0768,800,osm,sf_mission_corridor,corridor_linear,,PASS,18604,20222,1,1.0,751861.38,5040,5046,0,0,0,4.4998,0.6273,1.2651,0.6699,0.0,0.9512
OSM_sf_mission_corridor_offset_w_5000m_1500m_0110,200,osm,sf_mission_corridor,corridor_linear,,PASS,19179,20769,1,1.0,735188.87,5189,5069,0,0,0,4.5772,0.6152,1.3509,0.6498,0.0,0.9537
OSM_sf_mission_corridor_offset_w_5000m_1500m_0214,400,osm,sf_mission_corridor,corridor_linear,,PASS,19179,20769,1,1.0,735188.87,5189,5069,0,0,0,4.5772,0.6152,1.3509,0.6498,0.0,0.9537
OSM_sf_mission_corridor_offset_w_5000m_1500m_0324,400,osm,sf_mission_corridor,corridor_linear,,PASS,19179,20769,1,1.0,735188.87,5189,5069,0,0,0,4.5772,0.6152,1.3509,0.6498,0.0,0.9537
OSM_sf_mission_corridor_offset_w_5000m_1500m_0444,600,osm,sf_mission_corridor,corridor_linear,,PASS,19179,20769,1,1.0,735188.87,5189,5069,0,0,0,4.5772,0.6152,1.3509,0.6498,0.0,0.9537
OSM_sf_mission_corridor_offset_w_5000m_1500m_0562,600,osm,sf_mission_corridor,corridor_linear,,PASS,19179,20769,1,1.0,735188.87,5189,5069,0,0,0,4.5772,0.6152,1.3509,0.6498,0.0,0.9537
OSM_sf_mission_corridor_offset_w_5000m_1500m_0682,800,osm,sf_mission_corridor,corridor_linear,,PASS,19179,20769,1,1.0,735188.87,5189,5069,0,0,0,4.5772,0.6152,1.3509,0.6498,0.0,0.9537
OSM_sf_mission_corridor_offset_w_5000m_1500m_0796,800,osm,sf_mission_corridor,corridor_linear,,PASS,19179,20769,1,1.0,735188.87,5189,5069,0,0,0,4.5772,0.6152,1.3509,0.6498,0.0,0.9537
OSM_sf_mission_corridor_offset_w_5000m_200m_0022,100,osm,sf_mission_corridor,corridor_linear,,PASS,17468,19092,1,1.0,751084.85,5057,5042,0,0,0,4.337,0.6419,1.1025,0.6502,0.0,0.948
OSM_sf_mission_corridor_offset_w_5000m_200m_0134,200,osm,sf_mission_corridor,corridor_linear,,PASS,17468,19092,1,1.0,751084.85,5057,5042,0,0,0,4.337,0.6419,1.1025,0.6502,0.0,0.948
OSM_sf_mission_corridor_offset_w_5000m_200m_0241,400,osm,sf_mission_corridor,corridor_linear,,PASS,17468,19092,1,1.0,751084.85,5057,5042,0,0,0,4.337,0.6419,1.1025,0.6502,0.0,0.948
OSM_sf_mission_corridor_offset_w_5000m_200m_0352,400,osm,sf_mission_corridor,corridor_linear,,PASS,17468,19092,1,1.0,751084.85,5057,5042,0,0,0,4.337,0.6419,1.1025,0.6502,0.0,0.948
OSM_sf_mission_corridor_offset_w_5000m_200m_0475,600,osm,sf_mission_corridor,corridor_linear,,PASS,17468,19092,1,1.0,751084.85,5057,5042,0,0,0,4.337,0.6419,1.1025,0.6502,0.0,0.948
OSM_sf_mission_corridor_offset_w_5000m_200m_0592,600,osm,sf_mission_corridor,corridor_linear,,PASS,17468,19092,1,1.0,751084.85,5057,5042,0,0,0,4.337,0.6419,1.1025,0.6502,0.0,0.948
OSM_sf_mission_corridor_offset_w_5000m_200m_0710,800,osm,sf_mission_corridor,corridor_linear,,PASS,17468,19092,1,1.0,751084.85,5057,5042,0,0,0,4.337,0.6419,1.1025,0.6502,0.0,0.948
OSM_sf_mission_corridor_offset_w_5000m_500m_0050,100,osm,sf_mission_corridor,corridor_linear,,PASS,17506,19107,1,1.0,740465.55,5068,5042,0,0,0,4.3949,0.6379,1.1076,0.6642,0.0,0.9485
OSM_sf_mission_corridor_offset_w_5000m_500m_0156,200,osm,sf_mission_corridor,corridor_linear,,PASS,17506,19107,1,1.0,740465.55,5068,5042,0,0,0,4.3949,0.6379,1.1076,0.6642,0.0,0.9485
OSM_sf_mission_corridor_offset_w_5000m_500m_0276,400,osm,sf_mission_corridor,corridor_linear,,PASS,17506,19107,1,1.0,740465.55,5068,5042,0,0,0,4.3949,0.6379,1.1076,0.6642,0.0,0.9485
OSM_sf_mission_corridor_offset_w_5000m_500m_0375,400,osm,sf_mission_corridor,corridor_linear,,PASS,17506,19107,1,1.0,740465.55,5068,5042,0,0,0,4.3949,0.6379,1.1076,0.6642,0.0,0.9485
OSM_sf_mission_corridor_offset_w_5000m_500m_0499,600,osm,sf_mission_corridor,corridor_linear,,PASS,17506,19107,1,1.0,740465.55,5068,5042,0,0,0,4.3949,0.6379,1.1076,0.6642,0.0,0.9485
OSM_sf_mission_corridor_offset_w_5000m_500m_0625,800,osm,sf_mission_corridor,corridor_linear,,PASS,17506,19107,1,1.0,740465.55,5068,5042,0,0,0,4.3949,0.6379,1.1076,0.6642,0.0,0.9485
OSM_sf_mission_corridor_offset_w_5000m_500m_0733,800,osm,sf_mission_corridor,corridor_linear,,PASS,17506,19107,1,1.0,740465.55,5068,5042,0,0,0,4.3949,0.6379,1.1076,0.6642,0.0,0.9485
OSM_tampere_suburban_exact_1000m_0m_0052,100,osm,tampere_suburban,suburban_low_density,,PASS,114,113,1,1.0,4074.7,671,486,0,0,0,3.6391,0.1947,5.889,0.4542,0.0,0.8407
OSM_tampere_suburban_exact_1000m_0m_0189,200,osm,tampere_suburban,suburban_low_density,,PASS,114,113,1,1.0,4074.7,671,486,0,0,0,3.6391,0.1947,5.889,0.4542,0.0,0.8407
OSM_tampere_suburban_exact_1000m_0m_0325,400,osm,tampere_suburban,suburban_low_density,,PASS,114,113,1,1.0,4074.7,671,486,0,0,0,3.6391,0.1947,5.889,0.4542,0.0,0.8407
OSM_tampere_suburban_exact_1000m_0m_0480,600,osm,tampere_suburban,suburban_low_density,,PASS,114,113,1,1.0,4074.7,671,486,0,0,0,3.6391,0.1947,5.889,0.4542,0.0,0.8407
OSM_tampere_suburban_exact_1000m_0m_0627,800,osm,tampere_suburban,suburban_low_density,,PASS,114,113,1,1.0,4074.7,671,486,0,0,0,3.6391,0.1947,5.889,0.4542,0.0,0.8407
OSM_tampere_suburban_exact_1000m_0m_0769,800,osm,tampere_suburban,suburban_low_density,,PASS,114,113,1,1.0,4074.7,671,486,0,0,0,3.6391,0.1947,5.889,0.4542,0.0,0.8407
OSM_tampere_suburban_exact_1500m_0m_0111,200,osm,tampere_suburban,suburban_low_density,,PASS,392,409,1,1.0,16516.71,1527,817,0,0,0,4.8433,0.3054,8.1256,0.463,0.0,0.8778
OSM_tampere_suburban_exact_1500m_0m_0245,400,osm,tampere_suburban,suburban_low_density,,PASS,392,409,1,1.0,16516.71,1527,817,0,0,0,4.8433,0.3054,8.1256,0.463,0.0,0.8778
OSM_tampere_suburban_exact_1500m_0m_0379,400,osm,tampere_suburban,suburban_low_density,,PASS,392,409,1,1.0,16516.71,1527,817,0,0,0,4.8433,0.3054,8.1256,0.463,0.0,0.8778
OSM_tampere_suburban_exact_1500m_0m_0529,600,osm,tampere_suburban,suburban_low_density,,PASS,392,409,1,1.0,16516.71,1527,817,0,0,0,4.8433,0.3054,8.1256,0.463,0.0,0.8778
OSM_tampere_suburban_exact_1500m_0m_0684,800,osm,tampere_suburban,suburban_low_density,,PASS,392,409,1,1.0,16516.71,1527,817,0,0,0,4.8433,0.3054,8.1256,0.463,0.0,0.8778
OSM_tampere_suburban_exact_2500m_0m_0023,100,osm,tampere_suburban,suburban_low_density,,PASS,1274,1349,1,1.0,51985.33,2434,2525,0,0,0,4.9054,0.4789,3.7118,0.5487,0.0,0.911
OSM_tampere_suburban_exact_2500m_0m_0158,200,osm,tampere_suburban,suburban_low_density,,PASS,1274,1349,1,1.0,51985.33,2434,2525,0,0,0,4.9054,0.4789,3.7118,0.5487,0.0,0.911
OSM_tampere_suburban_exact_2500m_0m_0306,400,osm,tampere_suburban,suburban_low_density,,PASS,1274,1349,1,1.0,51985.33,2434,2525,0,0,0,4.9054,0.4789,3.7118,0.5487,0.0,0.911
OSM_tampere_suburban_exact_2500m_0m_0446,600,osm,tampere_suburban,suburban_low_density,,PASS,1274,1349,1,1.0,51985.33,2434,2525,0,0,0,4.9054,0.4789,3.7118,0.5487,0.0,0.911
OSM_tampere_suburban_exact_2500m_0m_0594,600,osm,tampere_suburban,suburban_low_density,,PASS,1274,1349,1,1.0,51985.33,2434,2525,0,0,0,4.9054,0.4789,3.7118,0.5487,0.0,0.911
OSM_tampere_suburban_exact_2500m_0m_0734,800,osm,tampere_suburban,suburban_low_density,,PASS,1274,1349,1,1.0,51985.33,2434,2525,0,0,0,4.9054,0.4789,3.7118,0.5487,0.0,0.911
OSM_tampere_suburban_exact_5000m_0m_0079,100,osm,tampere_suburban,suburban_low_density,,PASS,9348,9800,1,1.0,297825.69,5222,5171,0,0,0,5.0957,0.4365,1.4056,0.6648,0.0,0.9609
OSM_tampere_suburban_exact_5000m_0m_0217,400,osm,tampere_suburban,suburban_low_density,,PASS,9348,9800,1,1.0,297825.69,5222,5171,0,0,0,5.0957,0.4365,1.4056,0.6648,0.0,0.9609
OSM_tampere_suburban_exact_5000m_0m_0354,400,osm,tampere_suburban,suburban_low_density,,PASS,9348,9800,1,1.0,297825.69,5222,5171,0,0,0,5.0957,0.4365,1.4056,0.6648,0.0,0.9609
OSM_tampere_suburban_exact_5000m_0m_0503,600,osm,tampere_suburban,suburban_low_density,,PASS,9348,9800,1,1.0,297825.69,5222,5171,0,0,0,5.0957,0.4365,1.4056,0.6648,0.0,0.9609
OSM_tampere_suburban_exact_5000m_0m_0654,800,osm,tampere_suburban,suburban_low_density,,PASS,9348,9800,1,1.0,297825.69,5222,5171,0,0,0,5.0957,0.4365,1.4056,0.6648,0.0,0.9609
OSM_tampere_suburban_exact_5000m_0m_0797,800,osm,tampere_suburban,suburban_low_density,,PASS,9348,9800,1,1.0,297825.69,5222,5171,0,0,0,5.0957,0.4365,1.4056,0.6648,0.0,0.9609
SYN_campus_compact_none_0349,400,synthetic,,campus_compact,campus_compact,PASS,20,41,1,1.0,3388.22,250,250,0,0,0,3.814,0.4146,1.2121,0.6171,0.0,0.6341
SYN_campus_compact_none_0380,400,synthetic,,campus_compact,campus_compact,PASS,20,41,1,1.0,4715.65,250,250,0,0,0,3.7564,0.3659,1.3663,0.7276,0.0,0.5366
SYN_campus_compact_none_0400,600,synthetic,,campus_compact,campus_compact,PASS,20,42,1,1.0,5398.97,290,250,0,0,0,3.7073,0.3333,1.4912,0.7237,0.0,0.5476
SYN_campus_compact_none_0420,600,synthetic,,campus_compact,campus_compact,PASS,20,45,1,1.0,7424.32,350,250,0,0,0,3.6933,0.3111,1.5833,0.6754,0.0,0.4444
SYN_campus_compact_none_0451,600,synthetic,,campus_compact,campus_compact,PASS,23,54,1,1.0,4987.02,250,250,0,0,0,4.0302,0.2963,1.1165,0.6481,0.0,0.4444
SYN_campus_compact_none_0476,600,synthetic,,campus_compact,campus_compact,PASS,22,50,1,1.0,6092.92,250,250,0,0,0,3.8553,0.22,1.2083,0.7464,0.0,0.5
SYN_campus_compact_none_0506,600,synthetic,,campus_compact,campus_compact,PASS,23,57,1,1.0,8788.75,290,290,0,0,0,3.7392,0.3509,1.2179,0.7034,0.0,0.4211
SYN_campus_compact_none_0533,600,synthetic,,campus_compact,campus_compact,PASS,23,50,1,1.0,8860.67,350,350,0,0,0,3.9078,0.3,1.2432,0.6506,0.0,0.52
SYN_corridor_rollernet_trace_0563,600,trace_reference_synthetic,rollernet_trace,corridor_linear,corridor,PASS,21,20,1,1.0,3100.0,3050,150,0,0,0,0.2864,1.0,1772.1103,0.4144,0.0,0.85
SYN_corridor_rollernet_trace_0586,600,trace_reference_synthetic,rollernet_trace,corridor_linear,corridor,PASS,23,22,1,1.0,3600.0,3050,450,0,0,0,0.5746,1.0,143.87,0.3943,0.0,0.8182
SYN_corridor_rollernet_trace_0618,800,trace_reference_synthetic,rollernet_trace,corridor_linear,corridor,PASS,21,20,1,1.0,3400.0,3050,450,0,0,0,0.2864,1.0,118.5179,0.4413,0.0,0.8
SYN_corridor_rollernet_trace_0640,800,trace_reference_synthetic,rollernet_trace,corridor_linear,corridor,PASS,24,23,1,1.0,5400.0,3050,1250,0,0,0,0.6666,1.0,14.9336,0.4703,0.0,0.8261
SYN_corridor_rollernet_trace_0664,800,trace_reference_synthetic,rollernet_trace,corridor_linear,corridor,PASS,24,23,1,1.0,3400.0,3050,250,0,0,0,0.6666,1.0,441.9967,0.3851,0.0,0.8261
SYN_corridor_rollernet_trace_0693,800,trace_reference_synthetic,rollernet_trace,corridor_linear,corridor,PASS,22,21,1,1.0,3400.0,3050,250,0,0,0,0.4537,1.0,293.5694,0.4537,0.0,0.8095
SYN_corridor_rollernet_trace_0723,800,trace_reference_synthetic,rollernet_trace,corridor_linear,corridor,PASS,21,20,1,1.0,3400.0,3050,450,0,0,0,0.2864,1.0,118.5179,0.4413,0.0,0.8
SYN_corridor_rollernet_trace_0749,800,trace_reference_synthetic,rollernet_trace,corridor_linear,corridor,PASS,23,22,1,1.0,4800.0,3050,1250,0,0,0,0.5746,1.0,16.8831,0.4529,0.0,0.8182
SYN_corridor_rollernet_trace_0775,800,trace_reference_synthetic,rollernet_trace,corridor_linear,corridor,PASS,24,23,1,1.0,3400.0,3050,250,0,0,0,0.6666,1.0,496.0713,0.3743,0.0,0.8261
SYN_disrupted_grid_none_0015,100,synthetic,,industrial_disrupted,disrupted_grid,PASS,121,209,1,1.0,12540.0,650,650,0,0,0,1.0,1.0,1.0,0.6293,0.0,0.823
SYN_disrupted_grid_none_0043,100,synthetic,,industrial_disrupted,disrupted_grid,PASS,121,209,1,1.0,16720.0,850,850,0,0,0,1.0,1.0,1.0,0.6293,0.0,0.8469
SYN_disrupted_grid_none_0068,100,synthetic,,industrial_disrupted,disrupted_grid,PASS,121,209,1,1.0,20900.0,1050,1050,0,0,0,0.9999,1.0,1.0,0.6293,0.0,0.823
SYN_disrupted_grid_none_0099,100,synthetic,,industrial_disrupted,disrupted_grid,PASS,143,249,1,1.0,14940.0,770,650,0,0,0,0.9994,1.0,1.4,0.625,0.0,0.8514
SYN_disrupted_grid_none_0128,200,synthetic,,industrial_disrupted,disrupted_grid,PASS,143,249,1,1.0,19920.0,1010,850,0,0,0,0.9994,1.0,1.4,0.625,0.0,0.8353
SYN_disrupted_grid_none_0163,200,synthetic,,industrial_disrupted,disrupted_grid,PASS,143,249,1,1.0,24900.0,1250,1050,0,0,0,0.9997,1.0,1.4,0.625,0.0,0.8193
SYN_disrupted_grid_none_0185,200,synthetic,,industrial_disrupted,disrupted_grid,PASS,176,309,1,1.0,18540.0,950,650,0,0,0,1.0,1.0,2.125,0.6099,0.0,0.8576
SYN_disrupted_grid_none_0215,400,synthetic,,industrial_disrupted,disrupted_grid,PASS,176,309,1,1.0,24720.0,1250,850,0,0,0,1.0,1.0,2.125,0.6099,0.0,0.8317
SYN_disrupted_grid_none_0243,400,synthetic,,industrial_disrupted,disrupted_grid,PASS,176,309,1,1.0,30900.0,1550,1050,0,0,0,0.9999,1.0,2.125,0.6099,0.0,0.8447
SYN_disrupted_grid_none_0265,400,synthetic,,industrial_disrupted,disrupted_grid,PASS,209,369,1,1.0,22140.0,1130,650,0,0,0,0.9991,1.0,3.0,0.59,0.0,0.8347
SYN_disrupted_grid_none_0292,400,synthetic,,industrial_disrupted,disrupted_grid,PASS,209,369,1,1.0,29520.0,1490,850,0,0,0,0.9999,1.0,3.0,0.59,0.0,0.8618
SYN_disrupted_grid_none_0329,400,synthetic,,industrial_disrupted,disrupted_grid,PASS,209,369,1,1.0,36900.0,1850,1050,0,0,0,0.9994,1.0,3.0,0.59,0.0,0.8699
SYN_disrupted_grid_none_0362,400,synthetic,,industrial_disrupted,disrupted_grid,PASS,143,249,1,1.0,14940.0,650,770,0,0,0,0.9997,1.0,1.4,0.625,0.0,0.8313
SYN_disrupted_grid_none_0386,400,synthetic,,industrial_disrupted,disrupted_grid,PASS,143,249,1,1.0,19920.0,850,1010,0,0,0,1.0,1.0,1.4,0.625,0.0,0.8273
SYN_disrupted_grid_none_0404,600,synthetic,,industrial_disrupted,disrupted_grid,PASS,143,249,1,1.0,24900.0,1050,1250,0,0,0,1.0,1.0,1.4,0.625,0.0,0.8233
SYN_disrupted_grid_none_0429,600,synthetic,,industrial_disrupted,disrupted_grid,PASS,169,297,1,1.0,17820.0,770,770,0,0,0,0.9998,1.0,1.0,0.629,0.0,0.8384
SYN_disrupted_grid_none_0458,600,synthetic,,industrial_disrupted,disrupted_grid,PASS,169,297,1,1.0,23760.0,1010,1010,0,0,0,1.0,1.0,1.0,0.629,0.0,0.8687
SYN_disrupted_grid_none_0481,600,synthetic,,industrial_disrupted,disrupted_grid,PASS,169,297,1,1.0,29700.0,1250,1250,0,0,0,0.9999,1.0,1.0,0.629,0.0,0.8653
SYN_disrupted_grid_none_0521,600,synthetic,,industrial_disrupted,disrupted_grid,PASS,208,368,1,1.0,22080.0,950,770,0,0,0,0.9999,1.0,1.5179,0.6231,0.0,0.8533
SYN_disrupted_grid_none_0540,600,synthetic,,industrial_disrupted,disrupted_grid,PASS,208,368,1,1.0,29440.0,1250,1010,0,0,0,0.9995,1.0,1.5179,0.6231,0.0,0.8397
SYN_disrupted_grid_none_0567,600,synthetic,,industrial_disrupted,disrupted_grid,PASS,208,368,1,1.0,36800.0,1550,1250,0,0,0,1.0,1.0,1.5179,0.6231,0.0,0.8533
SYN_disrupted_grid_none_0587,600,synthetic,,industrial_disrupted,disrupted_grid,PASS,247,439,1,1.0,26340.0,1130,770,0,0,0,0.9997,1.0,2.1429,0.6085,0.0,0.877
SYN_disrupted_grid_none_0619,800,synthetic,,industrial_disrupted,disrupted_grid,PASS,247,439,1,1.0,35120.0,1490,1010,0,0,0,0.9994,1.0,2.1429,0.6085,0.0,0.8656
SYN_disrupted_grid_none_0641,800,synthetic,,industrial_disrupted,disrupted_grid,PASS,247,439,1,1.0,43900.0,1850,1250,0,0,0,1.0,1.0,2.1429,0.6085,0.0,0.861
SYN_disrupted_grid_none_0666,800,synthetic,,industrial_disrupted,disrupted_grid,PASS,176,309,1,1.0,18540.0,650,950,0,0,0,0.9998,1.0,2.125,0.6099,0.0,0.8608
SYN_disrupted_grid_none_0694,800,synthetic,,industrial_disrupted,disrupted_grid,PASS,176,309,1,1.0,24720.0,850,1250,0,0,0,0.9996,1.0,2.125,0.6099,0.0,0.8382
SYN_disrupted_grid_none_0724,800,synthetic,,industrial_disrupted,disrupted_grid,PASS,176,309,1,1.0,30900.0,1050,1550,0,0,0,1.0,1.0,2.125,0.6099,0.0,0.8414
SYN_disrupted_grid_none_0751,800,synthetic,,industrial_disrupted,disrupted_grid,PASS,208,368,1,1.0,22080.0,770,950,0,0,0,1.0,1.0,1.5179,0.6231,0.0,0.837
SYN_disrupted_grid_none_0778,800,synthetic,,industrial_disrupted,disrupted_grid,PASS,208,368,1,1.0,29440.0,1010,1250,0,0,0,0.9998,1.0,1.5179,0.6231,0.0,0.8533
SYN_grid_none_0016,100,synthetic,,urban_grid,grid,PASS,81,144,1,1.0,5760.0,370,370,0,0,0,1.0,1.0,1.0,0.6297,0.0,0.7778
SYN_grid_none_0047,100,synthetic,,urban_grid,grid,PASS,81,144,1,1.0,8640.0,530,530,0,0,0,1.0,1.0,1.0,0.6297,0.0,0.7778
SYN_grid_none_0070,100,synthetic,,urban_grid,grid,PASS,81,144,1,1.0,11520.0,690,690,0,0,0,1.0,1.0,1.0,0.6297,0.0,0.7778
SYN_grid_none_0101,200,synthetic,,urban_grid,grid,PASS,81,144,1,1.0,14400.0,850,850,0,0,0,1.0,1.0,1.0,0.6297,0.0,0.7778
SYN_grid_none_0129,200,synthetic,,urban_grid,grid,PASS,81,144,1,1.0,17280.0,1010,1010,0,0,0,1.0,1.0,1.0,0.6297,0.0,0.7778
SYN_grid_none_0164,200,synthetic,,urban_grid,grid,PASS,81,160,1,1.0,6665.1,370,370,0,0,0,1.369,0.9,1.0,0.6297,0.0,0.7812
SYN_grid_none_0186,200,synthetic,,urban_grid,grid,PASS,81,164,1,1.0,10337.06,530,530,0,0,0,1.413,0.878,1.0,0.6297,0.0,0.7744
SYN_grid_none_0216,400,synthetic,,urban_grid,grid,PASS,81,161,1,1.0,13443.33,690,690,0,0,0,1.3809,0.8944,1.0,0.6297,0.0,0.8012
SYN_grid_none_0244,400,synthetic,,urban_grid,grid,PASS,81,164,1,1.0,17228.43,850,850,0,0,0,1.413,0.878,1.0,0.6297,0.0,0.8049
SYN_grid_none_0267,400,synthetic,,urban_grid,grid,PASS,81,154,1,1.0,18977.06,1010,1010,0,0,0,1.2818,0.9351,1.0,0.6297,0.0,0.7922
SYN_grid_none_0295,400,synthetic,,urban_grid,grid,PASS,99,178,1,1.0,7120.0,450,370,0,0,0,0.9999,1.0,1.5,0.6234,0.0,0.7978
SYN_grid_none_0333,400,synthetic,,urban_grid,grid,PASS,99,178,1,1.0,10680.0,650,530,0,0,0,0.9999,1.0,1.5,0.6234,0.0,0.7978
SYN_grid_none_0366,400,synthetic,,urban_grid,grid,PASS,99,178,1,1.0,14240.0,850,690,0,0,0,0.9999,1.0,1.5,0.6234,0.0,0.7978
SYN_grid_none_0388,400,synthetic,,urban_grid,grid,PASS,99,178,1,1.0,17800.0,1050,850,0,0,0,0.9999,1.0,1.5,0.6234,0.0,0.7978
SYN_grid_none_0405,600,synthetic,,urban_grid,grid,PASS,99,178,1,1.0,21360.0,1250,1010,0,0,0,0.9999,1.0,1.5,0.6234,0.0,0.7978
SYN_grid_none_0432,600,synthetic,,urban_grid,grid,PASS,99,195,1,1.0,8081.67,450,370,0,0,0,1.3397,0.9128,1.5,0.6234,0.0,0.7846
SYN_grid_none_0459,600,synthetic,,urban_grid,grid,PASS,99,197,1,1.0,12292.2,650,530,0,0,0,1.3611,0.9036,1.5,0.6234,0.0,0.7919
SYN_grid_none_0485,600,synthetic,,urban_grid,grid,PASS,99,193,1,1.0,15937.06,850,690,0,0,0,1.3163,0.9223,1.5,0.6234,0.0,0.8187
SYN_grid_none_0522,600,synthetic,,urban_grid,grid,PASS,99,204,1,1.0,21476.96,1050,850,0,0,0,1.4229,0.8725,1.5,0.6234,0.0,0.799
SYN_grid_none_0541,600,synthetic,,urban_grid,grid,PASS,99,206,1,1.0,26111.76,1250,1010,0,0,0,1.4375,0.8641,1.5,0.6234,0.0,0.8155
SYN_grid_none_0568,600,synthetic,,urban_grid,grid,PASS,117,212,1,1.0,8480.0,530,370,0,0,0,0.9997,1.0,2.1,0.61,0.0,0.8208
SYN_grid_none_0593,600,synthetic,,urban_grid,grid,PASS,117,212,1,1.0,12720.0,770,530,0,0,0,0.9997,1.0,2.1,0.61,0.0,0.8208
SYN_grid_none_0620,800,synthetic,,urban_grid,grid,PASS,117,212,1,1.0,16960.0,1010,690,0,0,0,0.9997,1.0,2.1,0.61,0.0,0.8208
SYN_grid_none_0642,800,synthetic,,urban_grid,grid,PASS,117,212,1,1.0,21200.0,1250,850,0,0,0,0.9997,1.0,2.1,0.61,0.0,0.8208
SYN_grid_none_0668,800,synthetic,,urban_grid,grid,PASS,117,212,1,1.0,25440.0,1490,1010,0,0,0,0.9997,1.0,2.1,0.61,0.0,0.8208
SYN_grid_none_0695,800,synthetic,,urban_grid,grid,PASS,117,232,1,1.0,9611.37,530,370,0,0,0,1.3372,0.9138,2.1,0.61,0.0,0.8147
SYN_grid_none_0726,800,synthetic,,urban_grid,grid,PASS,117,234,1,1.0,14586.76,770,530,0,0,0,1.3555,0.906,2.1,0.61,0.0,0.8248
SYN_grid_none_0752,800,synthetic,,urban_grid,grid,PASS,117,233,1,1.0,19335.88,1010,690,0,0,0,1.3465,0.9099,2.1,0.61,0.0,0.8197
SYN_grid_none_0783,800,synthetic,,urban_grid,grid,PASS,117,238,1,1.0,24876.96,1250,850,0,0,0,1.3882,0.8908,2.1,0.61,0.0,0.8067
SYN_jittered_grid_none_0021,100,synthetic,,dense_urban_irregular,jittered_grid,PASS,81,144,1,1.0,5760.0,370,370,0,0,0,1.0,1.0,1.0,0.6297,0.0,0.7778
SYN_jittered_grid_none_0049,100,synthetic,,dense_urban_irregular,jittered_grid,PASS,81,144,1,1.0,8640.0,530,530,0,0,0,1.0,1.0,1.0,0.6297,0.0,0.7778
SYN_jittered_grid_none_0075,100,synthetic,,dense_urban_irregular,jittered_grid,PASS,81,144,1,1.0,11520.0,690,690,0,0,0,1.0,1.0,1.0,0.6297,0.0,0.7778
SYN_jittered_grid_none_0103,200,synthetic,,dense_urban_irregular,jittered_grid,PASS,81,144,1,1.0,14400.0,850,850,0,0,0,1.0,1.0,1.0,0.6297,0.0,0.7778
SYN_jittered_grid_none_0132,200,synthetic,,dense_urban_irregular,jittered_grid,PASS,81,153,1,1.0,6269.12,370,370,0,0,0,1.2639,0.9412,1.0,0.6297,0.0,0.7974
SYN_jittered_grid_none_0167,200,synthetic,,dense_urban_irregular,jittered_grid,PASS,81,158,1,1.0,9827.94,530,530,0,0,0,1.3432,0.9114,1.0,0.6297,0.0,0.7911
SYN_jittered_grid_none_0194,200,synthetic,,dense_urban_irregular,jittered_grid,PASS,81,157,1,1.0,12990.78,690,690,0,0,0,1.3292,0.9172,1.0,0.6297,0.0,0.7834
SYN_jittered_grid_none_0219,400,synthetic,,dense_urban_irregular,jittered_grid,PASS,81,154,1,1.0,15814.21,850,850,0,0,0,1.2818,0.9351,1.0,0.6297,0.0,0.7987
SYN_jittered_grid_none_0248,400,synthetic,,dense_urban_irregular,jittered_grid,PASS,117,212,1,1.0,8480.0,530,370,0,0,0,0.9997,1.0,2.1,0.61,0.0,0.8208
SYN_jittered_grid_none_0271,400,synthetic,,dense_urban_irregular,jittered_grid,PASS,117,212,1,1.0,12720.0,770,530,0,0,0,0.9997,1.0,2.1,0.61,0.0,0.8208
SYN_jittered_grid_none_0297,400,synthetic,,dense_urban_irregular,jittered_grid,PASS,117,212,1,1.0,16960.0,1010,690,0,0,0,0.9997,1.0,2.1,0.61,0.0,0.8208
SYN_jittered_grid_none_0335,400,synthetic,,dense_urban_irregular,jittered_grid,PASS,117,212,1,1.0,21200.0,1250,850,0,0,0,0.9997,1.0,2.1,0.61,0.0,0.8208
SYN_jittered_grid_none_0368,400,synthetic,,dense_urban_irregular,jittered_grid,PASS,117,227,1,1.0,9328.53,530,370,0,0,0,1.2848,0.9339,2.1,0.61,0.0,0.8238
SYN_jittered_grid_none_0391,400,synthetic,,dense_urban_irregular,jittered_grid,PASS,117,224,1,1.0,13738.23,770,530,0,0,0,1.2476,0.9464,2.1,0.61,0.0,0.8348
SYN_jittered_grid_none_0407,600,synthetic,,dense_urban_irregular,jittered_grid,PASS,117,232,1,1.0,19222.74,1010,690,0,0,0,1.3372,0.9138,2.1,0.61,0.0,0.7888
SYN_jittered_grid_none_0437,600,synthetic,,dense_urban_irregular,jittered_grid,PASS,117,235,1,1.0,24452.69,1250,850,0,0,0,1.3641,0.9021,2.1,0.61,0.0,0.8
SYN_jittered_grid_none_0461,600,synthetic,,dense_urban_irregular,jittered_grid,PASS,144,263,1,1.0,10520.0,650,370,0,0,0,0.9995,1.0,3.1875,0.5875,0.0,0.8555
SYN_jittered_grid_none_0492,600,synthetic,,dense_urban_irregular,jittered_grid,PASS,144,263,1,1.0,15780.0,950,530,0,0,0,0.9995,1.0,3.1875,0.5875,0.0,0.8555
SYN_jittered_grid_none_0524,600,synthetic,,dense_urban_irregular,jittered_grid,PASS,144,263,1,1.0,21040.0,1250,690,0,0,0,0.9995,1.0,3.1875,0.5875,0.0,0.8555
SYN_jittered_grid_none_0544,600,synthetic,,dense_urban_irregular,jittered_grid,PASS,144,263,1,1.0,26300.0,1550,850,0,0,0,0.9995,1.0,3.1875,0.5875,0.0,0.8555
SYN_jittered_grid_none_0570,600,synthetic,,dense_urban_irregular,jittered_grid,PASS,144,287,1,1.0,11877.65,650,370,0,0,0,1.3307,0.9164,3.1875,0.5875,0.0,0.8188
SYN_jittered_grid_none_0597,600,synthetic,,dense_urban_irregular,jittered_grid,PASS,144,283,1,1.0,17477.06,950,530,0,0,0,1.2973,0.9293,3.1875,0.5875,0.0,0.8198
SYN_jittered_grid_none_0622,800,synthetic,,dense_urban_irregular,jittered_grid,PASS,144,292,1,1.0,24320.98,1250,690,0,0,0,1.367,0.9007,3.1875,0.5875,0.0,0.8253
SYN_jittered_grid_none_0650,800,synthetic,,dense_urban_irregular,jittered_grid,PASS,144,281,1,1.0,28845.58,1550,850,0,0,0,1.2788,0.9359,3.1875,0.5875,0.0,0.8043
SYN_jittered_grid_none_0674,800,synthetic,,dense_urban_irregular,jittered_grid,PASS,171,314,1,1.0,12560.0,770,370,0,0,0,0.9993,1.0,4.5,0.5644,0.0,0.8248
SYN_jittered_grid_none_0699,800,synthetic,,dense_urban_irregular,jittered_grid,PASS,171,314,1,1.0,18840.0,1130,530,0,0,0,0.9993,1.0,4.5,0.5644,0.0,0.8248
SYN_jittered_grid_none_0736,800,synthetic,,dense_urban_irregular,jittered_grid,PASS,171,314,1,1.0,25120.0,1490,690,0,0,0,0.9993,1.0,4.5,0.5644,0.0,0.8248
SYN_jittered_grid_none_0756,800,synthetic,,dense_urban_irregular,jittered_grid,PASS,171,314,1,1.0,31400.0,1850,850,0,0,0,0.9993,1.0,4.5,0.5644,0.0,0.8248
SYN_jittered_grid_none_0788,800,synthetic,,dense_urban_irregular,jittered_grid,PASS,171,343,1,1.0,14200.49,770,370,0,0,0,1.3328,0.9155,4.5,0.5644,0.0,0.8426
SYN_partitioned_bridge_none_0024,100,synthetic,,island_or_partitioned,partitioned_bridge,PASS,30,90,1,1.0,4131.02,474,118,0,0,0,4.9744,0.3556,57.0672,0.8701,0.0,0.7556
SYN_partitioned_bridge_none_0051,100,synthetic,,island_or_partitioned,partitioned_bridge,PASS,30,87,1,1.0,4468.9,476,127,0,0,0,4.7633,0.4368,51.3003,0.8703,0.0,0.7816
SYN_partitioned_bridge_none_0081,100,synthetic,,island_or_partitioned,partitioned_bridge,PASS,30,100,1,1.0,5038.34,467,119,0,0,0,4.7832,0.36,56.7947,0.8902,0.0,0.63
SYN_partitioned_bridge_none_0106,200,synthetic,,island_or_partitioned,partitioned_bridge,PASS,30,134,1,1.0,5300.31,468,124,0,0,0,4.9223,0.306,69.4262,0.881,0.0,0.8582
SYN_partitioned_bridge_none_0138,200,synthetic,,island_or_partitioned,partitioned_bridge,PASS,30,134,1,1.0,6450.51,477,117,0,0,0,4.9812,0.3731,65.9834,0.8886,0.0,0.7612
SYN_partitioned_bridge_none_0168,200,synthetic,,island_or_partitioned,partitioned_bridge,PASS,30,133,1,1.0,6598.81,470,130,0,0,0,4.8784,0.4135,64.9213,0.8696,0.0,0.594
SYN_partitioned_bridge_none_0195,200,synthetic,,island_or_partitioned,partitioned_bridge,PASS,30,171,1,1.0,7320.01,466,126,0,0,0,4.9838,0.3216,63.0485,0.8777,0.0,0.8596
SYN_partitioned_bridge_none_0220,400,synthetic,,island_or_partitioned,partitioned_bridge,PASS,30,168,1,1.0,7653.68,473,116,0,0,0,5.0279,0.3988,70.1058,0.8584,0.0,0.7619
SYN_partitioned_bridge_none_0250,400,synthetic,,island_or_partitioned,partitioned_bridge,PASS,30,171,1,1.0,7679.01,473,129,0,0,0,5.0281,0.269,68.6789,0.8864,0.0,0.7251
SYN_partitioned_bridge_none_0272,400,synthetic,,island_or_partitioned,partitioned_bridge,PASS,45,138,1,1.0,6378.6,815,124,0,0,0,4.9852,0.3333,161.6194,0.3729,0.0,0.8913
SYN_partitioned_bridge_none_0302,400,synthetic,,island_or_partitioned,partitioned_bridge,PASS,45,134,1,1.0,7620.18,819,128,0,0,0,5.006,0.3582,132.3994,0.3851,0.0,0.8284
SYN_partitioned_bridge_none_0339,400,synthetic,,island_or_partitioned,partitioned_bridge,PASS,45,140,1,1.0,8139.8,821,129,0,0,0,4.9818,0.3143,151.7038,0.3892,0.0,0.7143
SYN_partitioned_bridge_none_0371,400,synthetic,,island_or_partitioned,partitioned_bridge,PASS,45,194,1,1.0,7969.75,811,130,0,0,0,5.0037,0.3299,162.5778,0.361,0.0,0.8557
SYN_partitioned_bridge_none_0392,400,synthetic,,island_or_partitioned,partitioned_bridge,PASS,45,199,1,1.0,8629.54,804,123,0,0,0,5.014,0.3668,172.0064,0.3751,0.0,0.7588
SYN_partitioned_bridge_none_0410,600,synthetic,,island_or_partitioned,partitioned_bridge,PASS,45,190,1,1.0,9515.1,811,128,0,0,0,5.0659,0.3158,149.2455,0.375,0.0,0.6947
SYN_partitioned_bridge_none_0440,600,synthetic,,island_or_partitioned,partitioned_bridge,PASS,45,261,1,1.0,11636.03,829,130,0,0,0,5.0448,0.3218,159.5154,0.3793,0.0,0.8659
SYN_partitioned_bridge_none_0463,600,synthetic,,island_or_partitioned,partitioned_bridge,PASS,45,264,1,1.0,12653.89,824,128,0,0,0,5.0526,0.3561,176.0466,0.3822,0.0,0.8371
SYN_partitioned_bridge_none_0498,600,synthetic,,island_or_partitioned,partitioned_bridge,PASS,45,252,1,1.0,11129.2,822,120,0,0,0,5.0059,0.3413,191.888,0.3634,0.0,0.631
SYN_partitioned_bridge_none_0526,600,synthetic,,island_or_partitioned,partitioned_bridge,PASS,60,159,1,1.0,7719.6,1165,127,0,0,0,5.0035,0.3899,269.5007,0.515,0.0,0.9119
SYN_partitioned_bridge_none_0545,600,synthetic,,island_or_partitioned,partitioned_bridge,PASS,60,171,1,1.0,8929.57,1160,129,0,0,0,5.057,0.3158,273.5207,0.4943,0.0,0.7778
SYN_partitioned_bridge_none_0571,600,synthetic,,island_or_partitioned,partitioned_bridge,PASS,60,170,1,1.0,9502.49,1154,129,0,0,0,4.9767,0.3412,308.6814,0.5044,0.0,0.7824
SYN_partitioned_bridge_none_0598,600,synthetic,,island_or_partitioned,partitioned_bridge,PASS,60,251,1,1.0,10868.83,1175,128,0,0,0,5.0905,0.3227,322.2182,0.5033,0.0,0.9004
SYN_partitioned_bridge_none_0623,800,synthetic,,island_or_partitioned,partitioned_bridge,PASS,60,261,1,1.0,12050.49,1172,127,0,0,0,5.0995,0.3716,311.5678,0.4847,0.0,0.8467
SYN_partitioned_bridge_none_0652,800,synthetic,,island_or_partitioned,partitioned_bridge,PASS,60,265,1,1.0,13128.45,1166,127,0,0,0,5.0711,0.3358,350.6964,0.5139,0.0,0.7585
SYN_partitioned_bridge_none_0675,800,synthetic,,island_or_partitioned,partitioned_bridge,PASS,60,336,1,1.0,15129.49,1164,130,0,0,0,5.0708,0.3423,278.0177,0.5003,0.0,0.9137
SYN_partitioned_bridge_none_0701,800,synthetic,,island_or_partitioned,partitioned_bridge,PASS,60,340,1,1.0,16315.98,1177,129,0,0,0,5.1019,0.3618,333.797,0.5064,0.0,0.8
SYN_partitioned_bridge_none_0737,800,synthetic,,island_or_partitioned,partitioned_bridge,PASS,60,344,1,1.0,17862.23,1172,126,0,0,0,5.1268,0.3576,325.0692,0.4942,0.0,0.8052
SYN_partitioned_bridge_none_0760,800,synthetic,,island_or_partitioned,partitioned_bridge,PASS,50,234,1,1.0,10253.47,478,128,0,0,0,5.0361,0.3248,53.1992,0.8687,0.0,0.906
SYN_partitioned_bridge_none_0789,800,synthetic,,island_or_partitioned,partitioned_bridge,PASS,50,253,1,1.0,10041.43,474,130,0,0,0,5.0625,0.3083,76.5319,0.8806,0.0,0.8142
SYN_radial_city_none_0055,100,synthetic,,radial_city,radial_city,PASS,25,43,1,1.0,6320.0,690,605,0,0,0,2.2257,0.3488,1.0,0.5,0.0,0.7209
SYN_radial_city_none_0082,100,synthetic,,radial_city,radial_city,PASS,31,55,1,1.0,9200.0,850,743,0,0,0,2.2332,0.3455,1.0,0.4872,0.0,0.6727
SYN_radial_city_none_0107,200,synthetic,,radial_city,radial_city,PASS,37,67,1,1.0,12560.0,1010,882,0,0,0,2.2374,0.3433,1.0,0.478,0.0,0.6418
SYN_radial_city_none_0139,200,synthetic,,radial_city,radial_city,PASS,43,79,1,1.0,16400.0,1170,1020,0,0,0,2.2401,0.3418,1.0,0.4711,0.0,0.6962
SYN_radial_city_none_0172,200,synthetic,,radial_city,radial_city,PASS,49,91,1,1.0,20720.0,1330,1159,0,0,0,2.225,0.3407,1.0,0.4657,0.0,0.6703
SYN_radial_city_none_0200,400,synthetic,,radial_city,radial_city,PASS,25,41,1,1.0,4299.01,530,530,0,0,0,3.0734,0.2195,1.0,0.536,0.0,0.6585
SYN_radial_city_none_0222,400,synthetic,,radial_city,radial_city,PASS,33,57,1,1.0,6898.35,690,690,0,0,0,3.0929,0.2281,1.0,0.5127,0.0,0.6491
SYN_radial_city_none_0251,400,synthetic,,radial_city,radial_city,PASS,41,73,1,1.0,9987.52,850,850,0,0,0,3.1616,0.2329,1.0,0.4972,0.0,0.6712
SYN_radial_city_none_0274,400,synthetic,,radial_city,radial_city,PASS,49,89,1,1.0,13566.53,1010,1010,0,0,0,3.1567,0.236,1.0,0.4863,0.0,0.7303
SYN_radial_city_none_0304,400,synthetic,,radial_city,radial_city,PASS,57,105,1,1.0,17635.37,1170,1170,0,0,0,3.1486,0.2381,1.0,0.4782,0.0,0.6952
SYN_radial_city_none_0344,400,synthetic,,radial_city,radial_city,PASS,65,121,1,1.0,22194.05,1330,1330,0,0,0,3.1656,0.2397,1.0,0.4719,0.0,0.6694
SYN_radial_city_none_0372,400,synthetic,,radial_city,radial_city,PASS,31,51,1,1.0,4646.56,530,507,0,0,0,2.3208,0.2157,1.0,0.5466,0.0,0.6471
SYN_radial_city_none_0393,400,synthetic,,radial_city,radial_city,PASS,41,71,1,1.0,7424.27,690,659,0,0,0,2.3214,0.2113,1.0,0.5204,0.0,0.6761
SYN_radial_city_none_0411,600,synthetic,,radial_city,radial_city,PASS,51,91,1,1.0,10696.41,850,811,0,0,0,2.3216,0.2088,1.0,0.5033,0.0,0.6813
SYN_radial_city_none_0442,600,synthetic,,radial_city,radial_city,PASS,61,111,1,1.0,14462.97,1010,964,0,0,0,2.3217,0.2072,1.0,0.4913,0.0,0.6847
SYN_radial_city_none_0464,600,synthetic,,radial_city,radial_city,PASS,71,131,1,1.0,18723.96,1170,1116,0,0,0,2.3218,0.2061,1.0,0.4825,0.0,0.6947
SYN_radial_city_none_0500,600,synthetic,,radial_city,radial_city,PASS,81,151,1,1.0,23479.38,1330,1268,0,0,0,2.3218,0.2053,1.0,0.4756,0.0,0.6689
SYN_radial_city_none_0528,600,synthetic,,radial_city,radial_city,PASS,37,61,1,1.0,4981.6,530,530,0,0,0,4.1827,0.4098,1.0,0.5538,0.0,0.7049
SYN_radial_city_none_0546,600,synthetic,,radial_city,radial_city,PASS,49,85,1,1.0,7929.33,690,690,0,0,0,4.2587,0.3412,1.0,0.5257,0.0,0.6941
SYN_radial_city_none_0573,600,synthetic,,radial_city,radial_city,PASS,61,109,1,1.0,11373.99,850,850,0,0,0,4.2699,0.3761,1.0,0.5075,0.0,0.7064
SYN_radial_city_none_0600,800,synthetic,,radial_city,radial_city,PASS,73,133,1,1.0,15315.58,1010,1010,0,0,0,4.2617,0.3985,1.0,0.4947,0.0,0.7143
SYN_radial_city_none_0624,800,synthetic,,radial_city,radial_city,PASS,85,157,1,1.0,19754.11,1170,1170,0,0,0,4.266,0.3631,1.0,0.4853,0.0,0.7134
SYN_radial_city_none_0653,800,synthetic,,radial_city,radial_city,PASS,97,181,1,1.0,24689.57,1330,1330,0,0,0,4.2507,0.337,1.0,0.4781,0.0,0.7293
SYN_radial_city_none_0676,800,synthetic,,radial_city,radial_city,PASS,43,71,1,1.0,5310.68,530,518,0,0,0,2.8065,0.4366,1.0,0.559,0.0,0.7887
SYN_radial_city_none_0702,800,synthetic,,radial_city,radial_city,PASS,57,99,1,1.0,8424.47,690,674,0,0,0,2.8069,0.4343,1.0,0.5294,0.0,0.7172
SYN_radial_city_none_0738,800,synthetic,,radial_city,radial_city,PASS,71,127,1,1.0,12036.7,850,830,0,0,0,2.8071,0.4331,1.0,0.5104,0.0,0.7559
SYN_radial_city_none_0764,800,synthetic,,radial_city,radial_city,PASS,85,155,1,1.0,16147.38,1010,986,0,0,0,2.8072,0.4323,1.0,0.4972,0.0,0.7548
SYN_radial_city_none_0790,800,synthetic,,radial_city,radial_city,PASS,99,183,1,1.0,20756.51,1170,1142,0,0,0,2.8072,0.4317,1.0,0.4874,0.0,0.7486
SYN_sparse_rural_none_0376,400,synthetic,,rural_roads,sparse_rural,PASS,20,29,1,1.0,10262.12,1476,1439,0,0,0,4.3492,0.2759,2.3499,0.7357,0.0,0.7586
SYN_sparse_rural_none_0414,600,synthetic,,rural_roads,sparse_rural,PASS,20,36,1,1.0,38076.05,3713,4043,0,0,0,4.4404,0.3333,3.0515,0.6105,0.0,0.6667
SYN_sparse_rural_none_0626,800,synthetic,,rural_roads,sparse_rural,PASS,27,44,1,1.0,38940.65,5071,3911,0,0,0,4.6524,0.2273,1.5867,0.6173,0.0,0.75
SYN_sparse_rural_none_0678,800,synthetic,,rural_roads,sparse_rural,PASS,27,44,1,1.0,15500.12,1728,1439,0,0,0,4.434,0.3409,2.1767,0.6638,0.0,0.7273
SYN_sparse_rural_none_0706,800,synthetic,,rural_roads,sparse_rural,PASS,28,50,1,1.0,27881.16,2873,3262,0,0,0,4.4464,0.46,1.6992,0.7259,0.0,0.86
SYN_sparse_rural_none_0793,800,synthetic,,rural_roads,sparse_rural,PASS,29,43,1,1.0,14672.07,1703,1656,0,0,0,4.3565,0.3953,1.6068,0.7332,0.0,0.8372
SYN_tree_trails_none_0059,100,synthetic,,sparse_trails,tree_trails,PASS,27,35,1,1.0,3120.0,339,339,0,0,0,3.2222,0.1538,3.1432,0.5758,0.0,0.7429
SYN_tree_trails_none_0086,100,synthetic,,sparse_trails,tree_trails,PASS,27,29,1,1.0,2400.0,493,493,0,0,0,3.3777,0.2,3.3018,0.5677,0.0,0.7586
SYN_tree_trails_none_0109,200,synthetic,,sparse_trails,tree_trails,PASS,63,91,1,1.0,9600.0,493,493,0,0,0,3.4676,0.2833,4.1057,0.5651,0.0,0.7692
SYN_tree_trails_none_0144,200,synthetic,,sparse_trails,tree_trails,PASS,47,57,1,1.0,4960.0,648,648,0,0,0,3.4467,0.2581,3.4223,0.5582,0.0,0.807
SYN_tree_trails_none_0174,200,synthetic,,sparse_trails,tree_trails,PASS,138,221,1,1.0,29040.0,648,648,0,0,0,3.4891,0.2479,4.2281,0.5583,0.0,0.81
SYN_tree_trails_none_0202,400,synthetic,,sparse_trails,tree_trails,PASS,81,107,1,1.0,10080.0,803,803,0,0,0,3.4308,0.254,3.0347,0.5675,0.0,0.785
SYN_tree_trails_none_0227,400,synthetic,,sparse_trails,tree_trails,PASS,283,506,1,1.0,87360.0,803,803,0,0,0,3.5328,0.2784,3.7971,0.5714,0.0,0.8004
SYN_tree_trails_none_0282,400,synthetic,,sparse_trails,tree_trails,PASS,27,35,1,1.0,4680.0,483,483,0,0,0,3.0602,0.4103,3.1432,0.5758,0.0,0.7143
SYN_tree_trails_none_0312,400,synthetic,,sparse_trails,tree_trails,PASS,27,29,1,1.0,3600.0,715,715,0,0,0,3.2704,0.5333,3.3018,0.5677,0.0,0.7586
SYN_tree_trails_none_0347,400,synthetic,,sparse_trails,tree_trails,PASS,63,91,1,1.0,14400.0,715,715,0,0,0,3.4597,0.4167,4.1057,0.5651,0.0,0.7912
SYN_tree_trails_none_0377,400,synthetic,,sparse_trails,tree_trails,PASS,47,57,1,1.0,7440.0,947,947,0,0,0,3.3654,0.4839,3.4223,0.5582,0.0,0.807
SYN_tree_trails_none_0395,400,synthetic,,sparse_trails,tree_trails,PASS,138,221,1,1.0,43560.0,947,947,0,0,0,3.4887,0.4022,4.2281,0.5583,0.0,0.8145
SYN_tree_trails_none_0417,600,synthetic,,sparse_trails,tree_trails,PASS,81,107,1,1.0,15120.0,1179,1179,0,0,0,3.4184,0.4603,3.0347,0.5675,0.0,0.8037
SYN_tree_trails_none_0447,600,synthetic,,sparse_trails,tree_trails,PASS,283,506,1,1.0,131040.0,1179,1179,0,0,0,3.5432,0.3993,3.7971,0.5714,0.0,0.83
SYN_tree_trails_none_0502,600,synthetic,,sparse_trails,tree_trails,PASS,27,35,1,1.0,7800.0,771,771,0,0,0,3.2861,0.3077,3.1432,0.5758,0.0,0.6857
SYN_tree_trails_none_0531,600,synthetic,,sparse_trails,tree_trails,PASS,27,29,1,1.0,6000.0,1158,1158,0,0,0,3.0942,0.1333,3.3018,0.5677,0.0,0.7931
SYN_tree_trails_none_0548,600,synthetic,,sparse_trails,tree_trails,PASS,63,91,1,1.0,24000.0,1158,1158,0,0,0,3.2723,0.15,4.1057,0.5651,0.0,0.7912
SYN_tree_trails_none_0575,600,synthetic,,sparse_trails,tree_trails,PASS,47,57,1,1.0,12400.0,1544,1544,0,0,0,3.252,0.129,3.4223,0.5582,0.0,0.7719
SYN_tree_trails_none_0604,800,synthetic,,sparse_trails,tree_trails,PASS,138,221,1,1.0,72600.0,1544,1544,0,0,0,3.2228,0.0826,4.2281,0.5583,0.0,0.8145
SYN_tree_trails_none_0629,800,synthetic,,sparse_trails,tree_trails,PASS,81,107,1,1.0,25200.0,1931,1931,0,0,0,3.3681,0.1905,3.0347,0.5675,0.0,0.8224
SYN_tree_trails_none_0656,800,synthetic,,sparse_trails,tree_trails,PASS,283,506,1,1.0,218400.0,1931,1931,0,0,0,3.5081,0.2509,3.7971,0.5714,0.0,0.8557
SYN_tree_trails_none_0716,800,synthetic,,sparse_trails,tree_trails,PASS,27,35,1,1.0,11700.0,1132,1132,0,0,0,3.2474,0.2564,3.1432,0.5758,0.0,0.8286
SYN_tree_trails_none_0743,800,synthetic,,sparse_trails,tree_trails,PASS,27,29,1,1.0,9000.0,1712,1712,0,0,0,3.2323,0.1333,3.3018,0.5677,0.0,0.7931
SYN_tree_trails_none_0766,800,synthetic,,sparse_trails,tree_trails,PASS,63,91,1,1.0,36000.0,1712,1712,0,0,0,3.4593,0.2667,4.1057,0.5651,0.0,0.7802
SYN_tree_trails_none_0794,800,synthetic,,sparse_trails,tree_trails,PASS,47,57,1,1.0,18600.0,2291,2291,0,0,0,3.314,0.1613,3.4223,0.5582,0.0,0.807
