scenario,family,end_time,coverage_total,time_to_50pct,time_to_80pct,time_to_90pct,total_encounters,delivery_ratio,recommended_warmup,recommended_cutoff,recommended_useful_window,decision,justification
U1_CBD_Commuting_HelsinkiMedium__TP01_Baseline,01_urban,43200,0.0724,,,,2116.0,0.4228,2160.0,38880.0,"[2160,38880]",review_worldSize,"Default 5% warmup, 90% cutoff; see useful_simulation_time_metrics"
U1_CBD_Commuting_HelsinkiMedium__TP02_LowLoad,01_urban,43200,0.0748,,,,2114.0,0.4583,2160.0,38880.0,"[2160,38880]",review_worldSize,"Default 5% warmup, 90% cutoff; see useful_simulation_time_metrics"
U1_CBD_Commuting_HelsinkiMedium__TP03_ManySmall,01_urban,43200,0.0868,,,,1997.0,0.3873,2160.0,38880.0,"[2160,38880]",review_worldSize,"Default 5% warmup, 90% cutoff; see useful_simulation_time_metrics"
U1_CBD_Commuting_HelsinkiMedium__TP04_FewLarge,01_urban,43200,0.07719999999999999,,,,1985.0,0.2793,2160.0,38880.0,"[2160,38880]",review_worldSize,"Default 5% warmup, 90% cutoff; see useful_simulation_time_metrics"
U1_CBD_Commuting_HelsinkiMedium__TP05_CriticalTTL,01_urban,43200,0.0724,,,,2190.0,0.0102,2160.0,38880.0,"[2160,38880]",review_worldSize,"Default 5% warmup, 90% cutoff; see useful_simulation_time_metrics"
U1_CBD_Commuting_HelsinkiMedium__TP06_OneToMany,01_urban,43200,0.078,,,,2241.0,0.6144,2160.0,38880.0,"[2160,38880]",review_worldSize,"Default 5% warmup, 90% cutoff; see useful_simulation_time_metrics"
U1_CBD_Commuting_HelsinkiMedium__TP07_BurstWindow,01_urban,43200,0.0768,,,,2077.0,0.4781,2160.0,38880.0,"[2160,38880]",review_worldSize,"Default 5% warmup, 90% cutoff; see useful_simulation_time_metrics"
U1_CBD_Commuting_HelsinkiMedium__TP08_HubTarget,01_urban,43200,0.078,,,,2241.0,0.3258,2160.0,38880.0,"[2160,38880]",review_worldSize,"Default 5% warmup, 90% cutoff; see useful_simulation_time_metrics"
U1_CBD_Commuting_HelsinkiMedium__TP09_Bimodal,01_urban,43200,0.0708,,,,2029.0,0.3044,2160.0,38880.0,"[2160,38880]",review_worldSize,"Default 5% warmup, 90% cutoff; see useful_simulation_time_metrics"
U1_CBD_Commuting_HelsinkiMedium__TP10_Storm,01_urban,43200,0.0696,,,,2169.0,0.0599,2160.0,38880.0,"[2160,38880]",review_worldSize,"Default 5% warmup, 90% cutoff; see useful_simulation_time_metrics"
U1_CBD_Commuting_HelsinkiMedium__TP11_ManyToOne,01_urban,43200,0.078,,,,2241.0,0.7247,2160.0,38880.0,"[2160,38880]",review_worldSize,"Default 5% warmup, 90% cutoff; see useful_simulation_time_metrics"
U1_CBD_Commuting_HelsinkiMedium__TP12_GroupToGroup,01_urban,43200,0.08039999999999999,,,,2013.0,0.5358,2160.0,38880.0,"[2160,38880]",review_worldSize,"Default 5% warmup, 90% cutoff; see useful_simulation_time_metrics"
U2_SparseSuburb_Manhattan__TP01_Baseline,01_urban,43200,0.1208,,,,0.0,0.3033,2160.0,38880.0,"[2160,38880]",exclude_or_fix_mobility,"Default 5% warmup, 90% cutoff; see useful_simulation_time_metrics"
U2_SparseSuburb_Manhattan__TP02_LowLoad,01_urban,43200,0.1308,,,,0.0,0.3299,2160.0,38880.0,"[2160,38880]",exclude_or_fix_mobility,"Default 5% warmup, 90% cutoff; see useful_simulation_time_metrics"
U2_SparseSuburb_Manhattan__TP03_ManySmall,01_urban,43200,0.10039999999999999,,,,0.0,0.2332,2160.0,38880.0,"[2160,38880]",exclude_or_fix_mobility,"Default 5% warmup, 90% cutoff; see useful_simulation_time_metrics"
U2_SparseSuburb_Manhattan__TP04_FewLarge,01_urban,43200,0.1308,,,,0.0,0.2597,2160.0,38880.0,"[2160,38880]",exclude_or_fix_mobility,"Default 5% warmup, 90% cutoff; see useful_simulation_time_metrics"
U2_SparseSuburb_Manhattan__TP05_CriticalTTL,01_urban,43200,0.1208,,,,0.0,0.0167,2160.0,38880.0,"[2160,38880]",exclude_or_fix_mobility,"Default 5% warmup, 90% cutoff; see useful_simulation_time_metrics"
U2_SparseSuburb_Manhattan__TP06_OneToMany,01_urban,43200,0.1152,,,,0.0,0.4711,2160.0,38880.0,"[2160,38880]",exclude_or_fix_mobility,"Default 5% warmup, 90% cutoff; see useful_simulation_time_metrics"
U2_SparseSuburb_Manhattan__TP07_BurstWindow,01_urban,43200,0.1104,,,,0.0,0.3824,2160.0,38880.0,"[2160,38880]",exclude_or_fix_mobility,"Default 5% warmup, 90% cutoff; see useful_simulation_time_metrics"
U2_SparseSuburb_Manhattan__TP08_HubTarget,01_urban,43200,0.1152,,,,0.0,0.1144,2160.0,38880.0,"[2160,38880]",exclude_or_fix_mobility,"Default 5% warmup, 90% cutoff; see useful_simulation_time_metrics"
U2_SparseSuburb_Manhattan__TP09_Bimodal,01_urban,43200,0.1208,,,,0.0,0.2118,2160.0,38880.0,"[2160,38880]",exclude_or_fix_mobility,"Default 5% warmup, 90% cutoff; see useful_simulation_time_metrics"
U2_SparseSuburb_Manhattan__TP10_Storm,01_urban,43200,0.1176,,,,0.0,0.0539,2160.0,38880.0,"[2160,38880]",exclude_or_fix_mobility,"Default 5% warmup, 90% cutoff; see useful_simulation_time_metrics"
U2_SparseSuburb_Manhattan__TP11_ManyToOne,01_urban,43200,0.1152,,,,0.0,0.4619,2160.0,38880.0,"[2160,38880]",exclude_or_fix_mobility,"Default 5% warmup, 90% cutoff; see useful_simulation_time_metrics"
U2_SparseSuburb_Manhattan__TP12_GroupToGroup,01_urban,43200,0.1084,,,,0.0,0.5235,2160.0,38880.0,"[2160,38880]",exclude_or_fix_mobility,"Default 5% warmup, 90% cutoff; see useful_simulation_time_metrics"
U3_MicroMobility_HelsinkiMedium__TP01_Baseline,01_urban,43200,0.0832,,,,7058.0,0.1019,2160.0,38880.0,"[2160,38880]",review_worldSize,"Default 5% warmup, 90% cutoff; see useful_simulation_time_metrics"
U3_MicroMobility_HelsinkiMedium__TP02_LowLoad,01_urban,43200,0.0824,,,,7209.0,0.3158,2160.0,38880.0,"[2160,38880]",review_worldSize,"Default 5% warmup, 90% cutoff; see useful_simulation_time_metrics"
U3_MicroMobility_HelsinkiMedium__TP03_ManySmall,01_urban,43200,0.0852,,,,7212.0,0.2817,2160.0,38880.0,"[2160,38880]",review_worldSize,"Default 5% warmup, 90% cutoff; see useful_simulation_time_metrics"
U3_MicroMobility_HelsinkiMedium__TP04_FewLarge,01_urban,43200,0.0812,,,,7464.0,0.033,2160.0,38880.0,"[2160,38880]",review_worldSize,"Default 5% warmup, 90% cutoff; see useful_simulation_time_metrics"
U3_MicroMobility_HelsinkiMedium__TP05_CriticalTTL,01_urban,43200,0.0832,,,,7058.0,0.0166,2160.0,38880.0,"[2160,38880]",review_worldSize,"Default 5% warmup, 90% cutoff; see useful_simulation_time_metrics"
U3_MicroMobility_HelsinkiMedium__TP06_OneToMany,01_urban,43200,0.0812,,,,7186.0,0.4979,2160.0,38880.0,"[2160,38880]",review_worldSize,"Default 5% warmup, 90% cutoff; see useful_simulation_time_metrics"
U3_MicroMobility_HelsinkiMedium__TP07_BurstWindow,01_urban,43200,0.08039999999999999,,,,7224.0,0.1766,2160.0,38880.0,"[2160,38880]",review_worldSize,"Default 5% warmup, 90% cutoff; see useful_simulation_time_metrics"
U3_MicroMobility_HelsinkiMedium__TP08_HubTarget,01_urban,43200,0.0812,,,,7186.0,0.0608,2160.0,38880.0,"[2160,38880]",review_worldSize,"Default 5% warmup, 90% cutoff; see useful_simulation_time_metrics"
U3_MicroMobility_HelsinkiMedium__TP09_Bimodal,01_urban,43200,0.0796,,,,7111.0,0.1557,2160.0,38880.0,"[2160,38880]",review_worldSize,"Default 5% warmup, 90% cutoff; see useful_simulation_time_metrics"
U3_MicroMobility_HelsinkiMedium__TP10_Storm,01_urban,43200,0.08,,,,7177.0,0.0172,2160.0,38880.0,"[2160,38880]",review_worldSize,"Default 5% warmup, 90% cutoff; see useful_simulation_time_metrics"
U3_MicroMobility_HelsinkiMedium__TP11_ManyToOne,01_urban,43200,0.0812,,,,7186.0,0.333,2160.0,38880.0,"[2160,38880]",review_worldSize,"Default 5% warmup, 90% cutoff; see useful_simulation_time_metrics"
U3_MicroMobility_HelsinkiMedium__TP12_GroupToGroup,01_urban,43200,0.0816,,,,7175.0,0.4949,2160.0,38880.0,"[2160,38880]",review_worldSize,"Default 5% warmup, 90% cutoff; see useful_simulation_time_metrics"
U4_CongestionHotspot_Manhattan__TP01_Baseline,01_urban,43200,0.1844,,,,0.0,0.3171,2160.0,38880.0,"[2160,38880]",exclude_or_fix_mobility,"Default 5% warmup, 90% cutoff; see useful_simulation_time_metrics"
U4_CongestionHotspot_Manhattan__TP02_LowLoad,01_urban,43200,0.1536,,,,0.0,0.4063,2160.0,38880.0,"[2160,38880]",exclude_or_fix_mobility,"Default 5% warmup, 90% cutoff; see useful_simulation_time_metrics"
U4_CongestionHotspot_Manhattan__TP03_ManySmall,01_urban,43200,0.1496,,,,0.0,0.2953,2160.0,38880.0,"[2160,38880]",exclude_or_fix_mobility,"Default 5% warmup, 90% cutoff; see useful_simulation_time_metrics"
U4_CongestionHotspot_Manhattan__TP04_FewLarge,01_urban,43200,0.1664,,,,0.0,0.2682,2160.0,38880.0,"[2160,38880]",exclude_or_fix_mobility,"Default 5% warmup, 90% cutoff; see useful_simulation_time_metrics"
U4_CongestionHotspot_Manhattan__TP05_CriticalTTL,01_urban,43200,0.1844,,,,0.0,0.0081,2160.0,38880.0,"[2160,38880]",exclude_or_fix_mobility,"Default 5% warmup, 90% cutoff; see useful_simulation_time_metrics"
U4_CongestionHotspot_Manhattan__TP06_OneToMany,01_urban,43200,0.1508,,,,0.0,0.4732,2160.0,38880.0,"[2160,38880]",exclude_or_fix_mobility,"Default 5% warmup, 90% cutoff; see useful_simulation_time_metrics"
U4_CongestionHotspot_Manhattan__TP07_BurstWindow,01_urban,43200,0.1452,,,,0.0,0.4262,2160.0,38880.0,"[2160,38880]",exclude_or_fix_mobility,"Default 5% warmup, 90% cutoff; see useful_simulation_time_metrics"
U4_CongestionHotspot_Manhattan__TP08_HubTarget,01_urban,43200,0.1508,,,,0.0,0.4041,2160.0,38880.0,"[2160,38880]",exclude_or_fix_mobility,"Default 5% warmup, 90% cutoff; see useful_simulation_time_metrics"
U4_CongestionHotspot_Manhattan__TP09_Bimodal,01_urban,43200,0.1844,,,,0.0,0.2517,2160.0,38880.0,"[2160,38880]",exclude_or_fix_mobility,"Default 5% warmup, 90% cutoff; see useful_simulation_time_metrics"
U4_CongestionHotspot_Manhattan__TP10_Storm,01_urban,43200,0.16879999999999998,,,,0.0,0.0501,2160.0,38880.0,"[2160,38880]",exclude_or_fix_mobility,"Default 5% warmup, 90% cutoff; see useful_simulation_time_metrics"
U4_CongestionHotspot_Manhattan__TP11_ManyToOne,01_urban,43200,0.1508,,,,0.0,0.5639,2160.0,38880.0,"[2160,38880]",exclude_or_fix_mobility,"Default 5% warmup, 90% cutoff; see useful_simulation_time_metrics"
U4_CongestionHotspot_Manhattan__TP12_GroupToGroup,01_urban,43200,0.1448,,,,0.0,0.5153,2160.0,38880.0,"[2160,38880]",exclude_or_fix_mobility,"Default 5% warmup, 90% cutoff; see useful_simulation_time_metrics"
U5_WorkdayShort_HelsinkiMedium__TP01_Baseline,01_urban,43200,0.07519999999999999,,,,1218.0,0.2093,2160.0,38880.0,"[2160,38880]",review_worldSize,"Default 5% warmup, 90% cutoff; see useful_simulation_time_metrics"
U5_WorkdayShort_HelsinkiMedium__TP02_LowLoad,01_urban,43200,0.0736,,,,1270.0,0.2188,2160.0,38880.0,"[2160,38880]",review_worldSize,"Default 5% warmup, 90% cutoff; see useful_simulation_time_metrics"
U5_WorkdayShort_HelsinkiMedium__TP03_ManySmall,01_urban,43200,0.0768,,,,1271.0,0.2078,2160.0,38880.0,"[2160,38880]",review_worldSize,"Default 5% warmup, 90% cutoff; see useful_simulation_time_metrics"
U5_WorkdayShort_HelsinkiMedium__TP04_FewLarge,01_urban,43200,0.0736,,,,1270.0,0.1676,2160.0,38880.0,"[2160,38880]",review_worldSize,"Default 5% warmup, 90% cutoff; see useful_simulation_time_metrics"
U5_WorkdayShort_HelsinkiMedium__TP05_CriticalTTL,01_urban,43200,0.07519999999999999,,,,1218.0,0.0081,2160.0,38880.0,"[2160,38880]",review_worldSize,"Default 5% warmup, 90% cutoff; see useful_simulation_time_metrics"
U5_WorkdayShort_HelsinkiMedium__TP06_OneToMany,01_urban,43200,0.0796,,,,1273.0,0.366,2160.0,38880.0,"[2160,38880]",review_worldSize,"Default 5% warmup, 90% cutoff; see useful_simulation_time_metrics"
U5_WorkdayShort_HelsinkiMedium__TP07_BurstWindow,01_urban,43200,0.07200000000000001,,,,1222.0,0.3798,2160.0,38880.0,"[2160,38880]",review_worldSize,"Default 5% warmup, 90% cutoff; see useful_simulation_time_metrics"
U5_WorkdayShort_HelsinkiMedium__TP08_HubTarget,01_urban,43200,0.0796,,,,1273.0,0.2546,2160.0,38880.0,"[2160,38880]",review_worldSize,"Default 5% warmup, 90% cutoff; see useful_simulation_time_metrics"
U5_WorkdayShort_HelsinkiMedium__TP09_Bimodal,01_urban,43200,0.07519999999999999,,,,1218.0,0.1837,2160.0,38880.0,"[2160,38880]",review_worldSize,"Default 5% warmup, 90% cutoff; see useful_simulation_time_metrics"
U5_WorkdayShort_HelsinkiMedium__TP10_Storm,01_urban,43200,0.0784,,,,1241.0,0.0406,2160.0,38880.0,"[2160,38880]",review_worldSize,"Default 5% warmup, 90% cutoff; see useful_simulation_time_metrics"
U5_WorkdayShort_HelsinkiMedium__TP11_ManyToOne,01_urban,43200,0.0796,,,,1273.0,0.3969,2160.0,38880.0,"[2160,38880]",review_worldSize,"Default 5% warmup, 90% cutoff; see useful_simulation_time_metrics"
U5_WorkdayShort_HelsinkiMedium__TP12_GroupToGroup,01_urban,43200,0.0836,,,,1346.0,0.3783,2160.0,38880.0,"[2160,38880]",review_worldSize,"Default 5% warmup, 90% cutoff; see useful_simulation_time_metrics"
U6_OfficeWaitHeavyTail_HelsinkiMedium__TP01_Baseline,01_urban,43200,0.07200000000000001,,,,1291.0,0.2541,2160.0,38880.0,"[2160,38880]",review_worldSize,"Default 5% warmup, 90% cutoff; see useful_simulation_time_metrics"
U6_OfficeWaitHeavyTail_HelsinkiMedium__TP02_LowLoad,01_urban,43200,0.07200000000000001,,,,1291.0,0.2292,2160.0,38880.0,"[2160,38880]",review_worldSize,"Default 5% warmup, 90% cutoff; see useful_simulation_time_metrics"
U6_OfficeWaitHeavyTail_HelsinkiMedium__TP03_ManySmall,01_urban,43200,0.0756,,,,1239.0,0.2728,2160.0,38880.0,"[2160,38880]",review_worldSize,"Default 5% warmup, 90% cutoff; see useful_simulation_time_metrics"
U6_OfficeWaitHeavyTail_HelsinkiMedium__TP04_FewLarge,01_urban,43200,0.07200000000000001,,,,1291.0,0.2123,2160.0,38880.0,"[2160,38880]",review_worldSize,"Default 5% warmup, 90% cutoff; see useful_simulation_time_metrics"
U6_OfficeWaitHeavyTail_HelsinkiMedium__TP05_CriticalTTL,01_urban,43200,0.07200000000000001,,,,1291.0,0.0061,2160.0,38880.0,"[2160,38880]",review_worldSize,"Default 5% warmup, 90% cutoff; see useful_simulation_time_metrics"
U6_OfficeWaitHeavyTail_HelsinkiMedium__TP06_OneToMany,01_urban,43200,0.0732,,,,1196.0,0.4763,2160.0,38880.0,"[2160,38880]",review_worldSize,"Default 5% warmup, 90% cutoff; see useful_simulation_time_metrics"
U6_OfficeWaitHeavyTail_HelsinkiMedium__TP07_BurstWindow,01_urban,43200,0.07,,,,1126.0,0.3197,2160.0,38880.0,"[2160,38880]",review_worldSize,"Default 5% warmup, 90% cutoff; see useful_simulation_time_metrics"
U6_OfficeWaitHeavyTail_HelsinkiMedium__TP08_HubTarget,01_urban,43200,0.0732,,,,1196.0,0.232,2160.0,38880.0,"[2160,38880]",review_worldSize,"Default 5% warmup, 90% cutoff; see useful_simulation_time_metrics"
U6_OfficeWaitHeavyTail_HelsinkiMedium__TP09_Bimodal,01_urban,43200,0.07200000000000001,,,,1291.0,0.2211,2160.0,38880.0,"[2160,38880]",review_worldSize,"Default 5% warmup, 90% cutoff; see useful_simulation_time_metrics"
U6_OfficeWaitHeavyTail_HelsinkiMedium__TP10_Storm,01_urban,43200,0.08039999999999999,,,,1148.0,0.0391,2160.0,38880.0,"[2160,38880]",review_worldSize,"Default 5% warmup, 90% cutoff; see useful_simulation_time_metrics"
U6_OfficeWaitHeavyTail_HelsinkiMedium__TP11_ManyToOne,01_urban,43200,0.0732,,,,1196.0,0.5309,2160.0,38880.0,"[2160,38880]",review_worldSize,"Default 5% warmup, 90% cutoff; see useful_simulation_time_metrics"
U6_OfficeWaitHeavyTail_HelsinkiMedium__TP12_GroupToGroup,01_urban,43200,0.0732,,,,1196.0,0.4826,2160.0,38880.0,"[2160,38880]",review_worldSize,"Default 5% warmup, 90% cutoff; see useful_simulation_time_metrics"
U7_HighTimeVariance_HelsinkiMedium__TP01_Baseline,01_urban,43200,0.0616,,,,2371.0,0.3313,2160.0,38880.0,"[2160,38880]",review_worldSize,"Default 5% warmup, 90% cutoff; see useful_simulation_time_metrics"
U7_HighTimeVariance_HelsinkiMedium__TP02_LowLoad,01_urban,43200,0.0676,,,,2436.0,0.3958,2160.0,38880.0,"[2160,38880]",review_worldSize,"Default 5% warmup, 90% cutoff; see useful_simulation_time_metrics"
U7_HighTimeVariance_HelsinkiMedium__TP03_ManySmall,01_urban,43200,0.0736,,,,2630.0,0.3729,2160.0,38880.0,"[2160,38880]",review_worldSize,"Default 5% warmup, 90% cutoff; see useful_simulation_time_metrics"
U7_HighTimeVariance_HelsinkiMedium__TP04_FewLarge,01_urban,43200,0.062,,,,2510.0,0.1955,2160.0,38880.0,"[2160,38880]",review_worldSize,"Default 5% warmup, 90% cutoff; see useful_simulation_time_metrics"
U7_HighTimeVariance_HelsinkiMedium__TP05_CriticalTTL,01_urban,43200,0.0616,,,,2371.0,0.0081,2160.0,38880.0,"[2160,38880]",review_worldSize,"Default 5% warmup, 90% cutoff; see useful_simulation_time_metrics"
U7_HighTimeVariance_HelsinkiMedium__TP06_OneToMany,01_urban,43200,0.06559999999999999,,,,2446.0,0.5969,2160.0,38880.0,"[2160,38880]",review_worldSize,"Default 5% warmup, 90% cutoff; see useful_simulation_time_metrics"
U7_HighTimeVariance_HelsinkiMedium__TP07_BurstWindow,01_urban,43200,0.06480000000000001,,,,2502.0,0.4372,2160.0,38880.0,"[2160,38880]",review_worldSize,"Default 5% warmup, 90% cutoff; see useful_simulation_time_metrics"
U7_HighTimeVariance_HelsinkiMedium__TP08_HubTarget,01_urban,43200,0.06559999999999999,,,,2446.0,0.4196,2160.0,38880.0,"[2160,38880]",review_worldSize,"Default 5% warmup, 90% cutoff; see useful_simulation_time_metrics"
U7_HighTimeVariance_HelsinkiMedium__TP09_Bimodal,01_urban,43200,0.0616,,,,2371.0,0.2228,2160.0,38880.0,"[2160,38880]",review_worldSize,"Default 5% warmup, 90% cutoff; see useful_simulation_time_metrics"
U7_HighTimeVariance_HelsinkiMedium__TP10_Storm,01_urban,43200,0.0668,,,,2404.0,0.0629,2160.0,38880.0,"[2160,38880]",review_worldSize,"Default 5% warmup, 90% cutoff; see useful_simulation_time_metrics"
U7_HighTimeVariance_HelsinkiMedium__TP11_ManyToOne,01_urban,43200,0.06559999999999999,,,,2446.0,0.6619,2160.0,38880.0,"[2160,38880]",review_worldSize,"Default 5% warmup, 90% cutoff; see useful_simulation_time_metrics"
U7_HighTimeVariance_HelsinkiMedium__TP12_GroupToGroup,01_urban,43200,0.0704,,,,2446.0,0.6258,2160.0,38880.0,"[2160,38880]",review_worldSize,"Default 5% warmup, 90% cutoff; see useful_simulation_time_metrics"
C1_Campus_ClassChange__TP01_Baseline,02_campus,43200,0.9924,2700.0,7500.0,12300.0,4219.0,0.9726,2160.0,38880.0,"[2160,38880]",keep_endTime,"Default 5% warmup, 90% cutoff; see useful_simulation_time_metrics"
C1_Campus_ClassChange__TP02_LowLoad,02_campus,43200,0.9924,2700.0,7500.0,12600.0,4226.0,0.9684,2160.0,38880.0,"[2160,38880]",keep_endTime,"Default 5% warmup, 90% cutoff; see useful_simulation_time_metrics"
C1_Campus_ClassChange__TP03_ManySmall,02_campus,43200,0.9928,2700.0,7500.0,12000.0,4186.0,0.9593,2160.0,38880.0,"[2160,38880]",keep_endTime,"Default 5% warmup, 90% cutoff; see useful_simulation_time_metrics"
C1_Campus_ClassChange__TP04_FewLarge,02_campus,43200,0.9936,2700.0,7500.0,12300.0,4200.0,0.6209,2160.0,38880.0,"[2160,38880]",keep_endTime,"Default 5% warmup, 90% cutoff; see useful_simulation_time_metrics"
C1_Campus_ClassChange__TP05_CriticalTTL,02_campus,43200,0.9924,2700.0,7500.0,12300.0,4219.0,0.0253,2160.0,38880.0,"[2160,38880]",keep_endTime,"Default 5% warmup, 90% cutoff; see useful_simulation_time_metrics"
C1_Campus_ClassChange__TP06_OneToMany,02_campus,43200,0.99,2700.0,7500.0,12900.0,4247.0,0.9536,2160.0,38880.0,"[2160,38880]",keep_endTime,"Default 5% warmup, 90% cutoff; see useful_simulation_time_metrics"
C1_Campus_ClassChange__TP07_BurstWindow,02_campus,43200,0.9936,2700.0,7500.0,12300.0,4206.0,1.0,2160.0,38880.0,"[2160,38880]",keep_endTime,"Default 5% warmup, 90% cutoff; see useful_simulation_time_metrics"
C1_Campus_ClassChange__TP08_HubTarget,02_campus,43200,0.99,2700.0,7500.0,12900.0,4247.0,0.868,2160.0,38880.0,"[2160,38880]",keep_endTime,"Default 5% warmup, 90% cutoff; see useful_simulation_time_metrics"
C1_Campus_ClassChange__TP09_Bimodal,02_campus,43200,0.9924,2700.0,7500.0,12300.0,4219.0,0.6766,2160.0,38880.0,"[2160,38880]",keep_endTime,"Default 5% warmup, 90% cutoff; see useful_simulation_time_metrics"
C1_Campus_ClassChange__TP10_Storm,02_campus,43200,0.9928,2700.0,7800.0,12900.0,4247.0,0.7648,2160.0,38880.0,"[2160,38880]",keep_endTime,"Default 5% warmup, 90% cutoff; see useful_simulation_time_metrics"
C1_Campus_ClassChange__TP11_ManyToOne,02_campus,43200,0.99,2700.0,7500.0,12900.0,4247.0,0.9608,2160.0,38880.0,"[2160,38880]",keep_endTime,"Default 5% warmup, 90% cutoff; see useful_simulation_time_metrics"
C1_Campus_ClassChange__TP12_GroupToGroup,02_campus,43200,0.9915999999999999,2700.0,7500.0,12300.0,4133.0,0.9611,2160.0,38880.0,"[2160,38880]",keep_endTime,"Default 5% warmup, 90% cutoff; see useful_simulation_time_metrics"
C2_ExamDay_LongStays__TP01_Baseline,02_campus,43200,0.9279999999999999,5100.0,15900.0,32400.0,842.0,0.8589,2160.0,38880.0,"[2160,38880]",keep_endTime,"Default 5% warmup, 90% cutoff; see useful_simulation_time_metrics"
C2_ExamDay_LongStays__TP02_LowLoad,02_campus,43200,0.9279999999999999,5100.0,15900.0,32400.0,842.0,0.8842,2160.0,38880.0,"[2160,38880]",keep_endTime,"Default 5% warmup, 90% cutoff; see useful_simulation_time_metrics"
C2_ExamDay_LongStays__TP03_ManySmall,02_campus,43200,0.9348000000000001,5100.0,16500.0,29700.0,705.0,0.8547,2160.0,38880.0,"[2160,38880]",keep_endTime,"Default 5% warmup, 90% cutoff; see useful_simulation_time_metrics"
C2_ExamDay_LongStays__TP04_FewLarge,02_campus,43200,0.9279999999999999,5100.0,15900.0,32400.0,842.0,0.4862,2160.0,38880.0,"[2160,38880]",keep_endTime,"Default 5% warmup, 90% cutoff; see useful_simulation_time_metrics"
C2_ExamDay_LongStays__TP05_CriticalTTL,02_campus,43200,0.9279999999999999,5100.0,15900.0,32400.0,842.0,0.0062,2160.0,38880.0,"[2160,38880]",keep_endTime,"Default 5% warmup, 90% cutoff; see useful_simulation_time_metrics"
C2_ExamDay_LongStays__TP06_OneToMany,02_campus,43200,0.9279999999999999,5100.0,15900.0,32700.0,830.0,0.8619,2160.0,38880.0,"[2160,38880]",keep_endTime,"Default 5% warmup, 90% cutoff; see useful_simulation_time_metrics"
C2_ExamDay_LongStays__TP07_BurstWindow,02_campus,43200,0.9279999999999999,5100.0,15900.0,32400.0,842.0,1.0,2160.0,38880.0,"[2160,38880]",keep_endTime,"Default 5% warmup, 90% cutoff; see useful_simulation_time_metrics"
C2_ExamDay_LongStays__TP08_HubTarget,02_campus,43200,0.9279999999999999,5100.0,15900.0,32700.0,830.0,0.699,2160.0,38880.0,"[2160,38880]",keep_endTime,"Default 5% warmup, 90% cutoff; see useful_simulation_time_metrics"
C2_ExamDay_LongStays__TP09_Bimodal,02_campus,43200,0.9279999999999999,5100.0,15900.0,32400.0,842.0,0.5751,2160.0,38880.0,"[2160,38880]",keep_endTime,"Default 5% warmup, 90% cutoff; see useful_simulation_time_metrics"
C2_ExamDay_LongStays__TP10_Storm,02_campus,43200,0.9368000000000001,5100.0,15300.0,30000.0,832.0,0.2098,2160.0,38880.0,"[2160,38880]",keep_endTime,"Default 5% warmup, 90% cutoff; see useful_simulation_time_metrics"
C2_ExamDay_LongStays__TP11_ManyToOne,02_campus,43200,0.9279999999999999,5100.0,15900.0,32700.0,830.0,0.8062,2160.0,38880.0,"[2160,38880]",keep_endTime,"Default 5% warmup, 90% cutoff; see useful_simulation_time_metrics"
C2_ExamDay_LongStays__TP12_GroupToGroup,02_campus,43200,0.9279999999999999,5100.0,15900.0,32400.0,841.0,0.8609,2160.0,38880.0,"[2160,38880]",keep_endTime,"Default 5% warmup, 90% cutoff; see useful_simulation_time_metrics"
C3_Hackathon_24h__TP01_Baseline,02_campus,86400,0.9372,9300.0,30300.0,52200.0,550.0,0.7012,4320.0,77760.0,"[4320,77760]",keep_endTime,"Default 5% warmup, 90% cutoff; see useful_simulation_time_metrics"
C3_Hackathon_24h__TP02_LowLoad,02_campus,86400,0.9372,9300.0,30300.0,52200.0,550.0,0.8187,4320.0,77760.0,"[4320,77760]",keep_endTime,"Default 5% warmup, 90% cutoff; see useful_simulation_time_metrics"
C3_Hackathon_24h__TP03_ManySmall,02_campus,86400,0.9372,9300.0,30300.0,52200.0,550.0,0.8413,4320.0,77760.0,"[4320,77760]",keep_endTime,"Default 5% warmup, 90% cutoff; see useful_simulation_time_metrics"
C3_Hackathon_24h__TP04_FewLarge,02_campus,86400,0.9372,9300.0,30300.0,52200.0,550.0,0.3983,4320.0,77760.0,"[4320,77760]",keep_endTime,"Default 5% warmup, 90% cutoff; see useful_simulation_time_metrics"
C3_Hackathon_24h__TP05_CriticalTTL,02_campus,86400,0.9372,9300.0,30300.0,52200.0,550.0,0.0062,4320.0,77760.0,"[4320,77760]",keep_endTime,"Default 5% warmup, 90% cutoff; see useful_simulation_time_metrics"
C3_Hackathon_24h__TP06_OneToMany,02_campus,86400,0.9316,9300.0,30300.0,52500.0,523.0,0.8271,4320.0,77760.0,"[4320,77760]",keep_endTime,"Default 5% warmup, 90% cutoff; see useful_simulation_time_metrics"
C3_Hackathon_24h__TP07_BurstWindow,02_campus,86400,0.9372,9300.0,30300.0,52200.0,550.0,0.9323,4320.0,77760.0,"[4320,77760]",keep_endTime,"Default 5% warmup, 90% cutoff; see useful_simulation_time_metrics"
C3_Hackathon_24h__TP08_HubTarget,02_campus,86400,0.9316,9300.0,30300.0,52500.0,523.0,0.5028,4320.0,77760.0,"[4320,77760]",keep_endTime,"Default 5% warmup, 90% cutoff; see useful_simulation_time_metrics"
C3_Hackathon_24h__TP09_Bimodal,02_campus,86400,0.9372,9300.0,30300.0,52200.0,550.0,0.4987,4320.0,77760.0,"[4320,77760]",keep_endTime,"Default 5% warmup, 90% cutoff; see useful_simulation_time_metrics"
C3_Hackathon_24h__TP10_Storm,02_campus,86400,0.9372,9300.0,30300.0,52200.0,550.0,0.047,4320.0,77760.0,"[4320,77760]",keep_endTime,"Default 5% warmup, 90% cutoff; see useful_simulation_time_metrics"
C3_Hackathon_24h__TP11_ManyToOne,02_campus,86400,0.9316,9300.0,30300.0,52500.0,523.0,0.5847,4320.0,77760.0,"[4320,77760]",keep_endTime,"Default 5% warmup, 90% cutoff; see useful_simulation_time_metrics"
C3_Hackathon_24h__TP12_GroupToGroup,02_campus,86400,0.9372,9300.0,30300.0,52200.0,550.0,0.6472,4320.0,77760.0,"[4320,77760]",keep_endTime,"Default 5% warmup, 90% cutoff; see useful_simulation_time_metrics"
C4_Stadium_IngressEgress__TP01_Baseline,02_campus,10800,0.9444,1800.0,4800.0,7800.0,932.0,0.8264,540.0,9720.0,"[540,9720]",keep_endTime,"Default 5% warmup, 90% cutoff; see useful_simulation_time_metrics"
C4_Stadium_IngressEgress__TP02_LowLoad,02_campus,10800,0.9444,1800.0,4800.0,7800.0,932.0,0.875,540.0,9720.0,"[540,9720]",keep_endTime,"Default 5% warmup, 90% cutoff; see useful_simulation_time_metrics"
C4_Stadium_IngressEgress__TP03_ManySmall,02_campus,10800,0.9428,1800.0,4500.0,7800.0,923.0,0.7658,540.0,9720.0,"[540,9720]",keep_endTime,"Default 5% warmup, 90% cutoff; see useful_simulation_time_metrics"
C4_Stadium_IngressEgress__TP04_FewLarge,02_campus,10800,0.9444,1800.0,4800.0,7800.0,932.0,0.7955,540.0,9720.0,"[540,9720]",keep_endTime,"Default 5% warmup, 90% cutoff; see useful_simulation_time_metrics"
C4_Stadium_IngressEgress__TP05_CriticalTTL,02_campus,10800,0.9444,1800.0,4800.0,7800.0,932.0,0.0083,540.0,9720.0,"[540,9720]",keep_endTime,"Default 5% warmup, 90% cutoff; see useful_simulation_time_metrics"
C4_Stadium_IngressEgress__TP06_OneToMany,02_campus,10800,0.946,1800.0,4500.0,7500.0,900.0,0.7459,540.0,9720.0,"[540,9720]",keep_endTime,"Default 5% warmup, 90% cutoff; see useful_simulation_time_metrics"
C4_Stadium_IngressEgress__TP07_BurstWindow,02_campus,10800,0.9444,1800.0,4800.0,7800.0,932.0,1.0,540.0,9720.0,"[540,9720]",keep_endTime,"Default 5% warmup, 90% cutoff; see useful_simulation_time_metrics"
C4_Stadium_IngressEgress__TP08_HubTarget,02_campus,10800,0.946,1800.0,4500.0,7500.0,900.0,0.7664,540.0,9720.0,"[540,9720]",keep_endTime,"Default 5% warmup, 90% cutoff; see useful_simulation_time_metrics"
C4_Stadium_IngressEgress__TP09_Bimodal,02_campus,10800,0.9444,1800.0,4800.0,7800.0,932.0,0.7569,540.0,9720.0,"[540,9720]",keep_endTime,"Default 5% warmup, 90% cutoff; see useful_simulation_time_metrics"
C4_Stadium_IngressEgress__TP10_Storm,02_campus,10800,0.9408,1800.0,4800.0,8100.0,930.0,0.4711,540.0,9720.0,"[540,9720]",keep_endTime,"Default 5% warmup, 90% cutoff; see useful_simulation_time_metrics"
C4_Stadium_IngressEgress__TP11_ManyToOne,02_campus,10800,0.946,1800.0,4500.0,7500.0,900.0,0.6803,540.0,9720.0,"[540,9720]",keep_endTime,"Default 5% warmup, 90% cutoff; see useful_simulation_time_metrics"
C4_Stadium_IngressEgress__TP12_GroupToGroup,02_campus,10800,0.9368000000000001,1800.0,4800.0,7800.0,873.0,0.7833,540.0,9720.0,"[540,9720]",keep_endTime,"Default 5% warmup, 90% cutoff; see useful_simulation_time_metrics"
C5_Library_Quiet__TP01_Baseline,02_campus,43200,0.8908,6900.0,24900.0,,229.0,0.6037,2160.0,38880.0,"[2160,38880]",keep_endTime,"Default 5% warmup, 90% cutoff; see useful_simulation_time_metrics"
C5_Library_Quiet__TP02_LowLoad,02_campus,43200,0.8856,6900.0,24900.0,,231.0,0.5895,2160.0,38880.0,"[2160,38880]",keep_endTime,"Default 5% warmup, 90% cutoff; see useful_simulation_time_metrics"
C5_Library_Quiet__TP03_ManySmall,02_campus,43200,0.8908,6900.0,24900.0,,229.0,0.5814,2160.0,38880.0,"[2160,38880]",keep_endTime,"Default 5% warmup, 90% cutoff; see useful_simulation_time_metrics"
C5_Library_Quiet__TP04_FewLarge,02_campus,43200,0.8908,6900.0,24900.0,,229.0,0.3923,2160.0,38880.0,"[2160,38880]",keep_endTime,"Default 5% warmup, 90% cutoff; see useful_simulation_time_metrics"
C5_Library_Quiet__TP05_CriticalTTL,02_campus,43200,0.8908,6900.0,24900.0,,229.0,0.0041,2160.0,38880.0,"[2160,38880]",keep_endTime,"Default 5% warmup, 90% cutoff; see useful_simulation_time_metrics"
C5_Library_Quiet__TP06_OneToMany,02_campus,43200,0.8908,6900.0,24900.0,,229.0,0.6062,2160.0,38880.0,"[2160,38880]",keep_endTime,"Default 5% warmup, 90% cutoff; see useful_simulation_time_metrics"
C5_Library_Quiet__TP07_BurstWindow,02_campus,43200,0.8908,6900.0,24900.0,,229.0,0.9333,2160.0,38880.0,"[2160,38880]",keep_endTime,"Default 5% warmup, 90% cutoff; see useful_simulation_time_metrics"
C5_Library_Quiet__TP08_HubTarget,02_campus,43200,0.8908,6900.0,24900.0,,229.0,0.5567,2160.0,38880.0,"[2160,38880]",keep_endTime,"Default 5% warmup, 90% cutoff; see useful_simulation_time_metrics"
C5_Library_Quiet__TP09_Bimodal,02_campus,43200,0.8908,6900.0,24900.0,,229.0,0.3817,2160.0,38880.0,"[2160,38880]",keep_endTime,"Default 5% warmup, 90% cutoff; see useful_simulation_time_metrics"
C5_Library_Quiet__TP10_Storm,02_campus,43200,0.8908,6900.0,24900.0,,229.0,0.0361,2160.0,38880.0,"[2160,38880]",keep_endTime,"Default 5% warmup, 90% cutoff; see useful_simulation_time_metrics"
C5_Library_Quiet__TP11_ManyToOne,02_campus,43200,0.8908,6900.0,24900.0,,229.0,0.7031,2160.0,38880.0,"[2160,38880]",keep_endTime,"Default 5% warmup, 90% cutoff; see useful_simulation_time_metrics"
C5_Library_Quiet__TP12_GroupToGroup,02_campus,43200,0.8908,6900.0,24900.0,,229.0,0.5951,2160.0,38880.0,"[2160,38880]",keep_endTime,"Default 5% warmup, 90% cutoff; see useful_simulation_time_metrics"
C6_EmergencyDrill_Evacuation__TP01_Baseline,02_campus,7200,0.016399999999999998,,,,3570.0,0.5185,360.0,6480.0,"[360,6480]",review_worldSize,"Default 5% warmup, 90% cutoff; see useful_simulation_time_metrics"
C6_EmergencyDrill_Evacuation__TP02_LowLoad,02_campus,7200,0.016399999999999998,,,,3570.0,0.6471,360.0,6480.0,"[360,6480]",review_worldSize,"Default 5% warmup, 90% cutoff; see useful_simulation_time_metrics"
C6_EmergencyDrill_Evacuation__TP03_ManySmall,02_campus,7200,0.016399999999999998,,,,3570.0,0.5081,360.0,6480.0,"[360,6480]",review_worldSize,"Default 5% warmup, 90% cutoff; see useful_simulation_time_metrics"
C6_EmergencyDrill_Evacuation__TP04_FewLarge,02_campus,7200,0.016399999999999998,,,,3570.0,0.4828,360.0,6480.0,"[360,6480]",review_worldSize,"Default 5% warmup, 90% cutoff; see useful_simulation_time_metrics"
C6_EmergencyDrill_Evacuation__TP05_CriticalTTL,02_campus,7200,0.016399999999999998,,,,3570.0,0.5185,360.0,6480.0,"[360,6480]",review_worldSize,"Default 5% warmup, 90% cutoff; see useful_simulation_time_metrics"
C6_EmergencyDrill_Evacuation__TP06_OneToMany,02_campus,7200,0.016399999999999998,,,,3570.0,0.4348,360.0,6480.0,"[360,6480]",review_worldSize,"Default 5% warmup, 90% cutoff; see useful_simulation_time_metrics"
C6_EmergencyDrill_Evacuation__TP07_BurstWindow,02_campus,7200,0.016399999999999998,,,,3570.0,0.5152,360.0,6480.0,"[360,6480]",review_worldSize,"Default 5% warmup, 90% cutoff; see useful_simulation_time_metrics"
C6_EmergencyDrill_Evacuation__TP08_HubTarget,02_campus,7200,0.016399999999999998,,,,3570.0,0.472,360.0,6480.0,"[360,6480]",review_worldSize,"Default 5% warmup, 90% cutoff; see useful_simulation_time_metrics"
C6_EmergencyDrill_Evacuation__TP09_Bimodal,02_campus,7200,0.016399999999999998,,,,3570.0,0.5208,360.0,6480.0,"[360,6480]",review_worldSize,"Default 5% warmup, 90% cutoff; see useful_simulation_time_metrics"
C6_EmergencyDrill_Evacuation__TP10_Storm,02_campus,7200,0.016399999999999998,,,,3570.0,0.4449,360.0,6480.0,"[360,6480]",review_worldSize,"Default 5% warmup, 90% cutoff; see useful_simulation_time_metrics"
C6_EmergencyDrill_Evacuation__TP11_ManyToOne,02_campus,7200,0.016399999999999998,,,,3570.0,0.4037,360.0,6480.0,"[360,6480]",review_worldSize,"Default 5% warmup, 90% cutoff; see useful_simulation_time_metrics"
C6_EmergencyDrill_Evacuation__TP12_GroupToGroup,02_campus,7200,0.016399999999999998,,,,3570.0,0.525,360.0,6480.0,"[360,6480]",review_worldSize,"Default 5% warmup, 90% cutoff; see useful_simulation_time_metrics"
V1_TaxiLow_HelsinkiMedium__TP01_Baseline,03_vehicles,43200,0.0184,,,,449.0,0.8887,2160.0,38880.0,"[2160,38880]",review_worldSize,"Default 5% warmup, 90% cutoff; see useful_simulation_time_metrics"
V1_TaxiLow_HelsinkiMedium__TP02_LowLoad,03_vehicles,43200,0.0184,,,,416.0,0.9375,2160.0,38880.0,"[2160,38880]",review_worldSize,"Default 5% warmup, 90% cutoff; see useful_simulation_time_metrics"
V1_TaxiLow_HelsinkiMedium__TP03_ManySmall,03_vehicles,43200,0.0184,,,,411.0,0.6493,2160.0,38880.0,"[2160,38880]",review_worldSize,"Default 5% warmup, 90% cutoff; see useful_simulation_time_metrics"
V1_TaxiLow_HelsinkiMedium__TP04_FewLarge,03_vehicles,43200,0.0184,,,,416.0,0.4044,2160.0,38880.0,"[2160,38880]",review_worldSize,"Default 5% warmup, 90% cutoff; see useful_simulation_time_metrics"
V1_TaxiLow_HelsinkiMedium__TP05_CriticalTTL,03_vehicles,43200,0.0184,,,,449.0,0.1959,2160.0,38880.0,"[2160,38880]",review_worldSize,"Default 5% warmup, 90% cutoff; see useful_simulation_time_metrics"
V1_TaxiLow_HelsinkiMedium__TP06_OneToMany,03_vehicles,43200,0.0184,,,,663.0,0.9113,2160.0,38880.0,"[2160,38880]",review_worldSize,"Default 5% warmup, 90% cutoff; see useful_simulation_time_metrics"
V1_TaxiLow_HelsinkiMedium__TP07_BurstWindow,03_vehicles,43200,0.0184,,,,355.0,1.0,2160.0,38880.0,"[2160,38880]",review_worldSize,"Default 5% warmup, 90% cutoff; see useful_simulation_time_metrics"
V1_TaxiLow_HelsinkiMedium__TP08_HubTarget,03_vehicles,43200,0.0184,,,,663.0,0.8784,2160.0,38880.0,"[2160,38880]",review_worldSize,"Default 5% warmup, 90% cutoff; see useful_simulation_time_metrics"
V1_TaxiLow_HelsinkiMedium__TP09_Bimodal,03_vehicles,43200,0.0184,,,,727.0,0.846,2160.0,38880.0,"[2160,38880]",review_worldSize,"Default 5% warmup, 90% cutoff; see useful_simulation_time_metrics"
V1_TaxiLow_HelsinkiMedium__TP10_Storm,03_vehicles,43200,0.0184,,,,416.0,0.2739,2160.0,38880.0,"[2160,38880]",review_worldSize,"Default 5% warmup, 90% cutoff; see useful_simulation_time_metrics"
V1_TaxiLow_HelsinkiMedium__TP11_ManyToOne,03_vehicles,43200,0.0184,,,,663.0,0.8969,2160.0,38880.0,"[2160,38880]",review_worldSize,"Default 5% warmup, 90% cutoff; see useful_simulation_time_metrics"
V1_TaxiLow_HelsinkiMedium__TP12_GroupToGroup,03_vehicles,43200,0.0184,,,,416.0,0.5276,2160.0,38880.0,"[2160,38880]",review_worldSize,"Default 5% warmup, 90% cutoff; see useful_simulation_time_metrics"
V2_TaxiHigh_HelsinkiMedium__TP01_Baseline,03_vehicles,43200,0.015600000000000001,,,,19748.0,0.9896,2160.0,38880.0,"[2160,38880]",review_worldSize,"Default 5% warmup, 90% cutoff; see useful_simulation_time_metrics"
V2_TaxiHigh_HelsinkiMedium__TP02_LowLoad,03_vehicles,43200,0.015600000000000001,,,,19850.0,0.9896,2160.0,38880.0,"[2160,38880]",review_worldSize,"Default 5% warmup, 90% cutoff; see useful_simulation_time_metrics"
V2_TaxiHigh_HelsinkiMedium__TP03_ManySmall,03_vehicles,43200,0.015600000000000001,,,,18945.0,0.9887,2160.0,38880.0,"[2160,38880]",review_worldSize,"Default 5% warmup, 90% cutoff; see useful_simulation_time_metrics"
V2_TaxiHigh_HelsinkiMedium__TP04_FewLarge,03_vehicles,43200,0.015600000000000001,,,,19432.0,0.8167,2160.0,38880.0,"[2160,38880]",review_worldSize,"Default 5% warmup, 90% cutoff; see useful_simulation_time_metrics"
V2_TaxiHigh_HelsinkiMedium__TP05_CriticalTTL,03_vehicles,43200,0.015600000000000001,,,,19748.0,0.3499,2160.0,38880.0,"[2160,38880]",review_worldSize,"Default 5% warmup, 90% cutoff; see useful_simulation_time_metrics"
V2_TaxiHigh_HelsinkiMedium__TP06_OneToMany,03_vehicles,43200,0.015600000000000001,,,,19198.0,0.9887,2160.0,38880.0,"[2160,38880]",review_worldSize,"Default 5% warmup, 90% cutoff; see useful_simulation_time_metrics"
V2_TaxiHigh_HelsinkiMedium__TP07_BurstWindow,03_vehicles,43200,0.015600000000000001,,,,18782.0,1.0,2160.0,38880.0,"[2160,38880]",review_worldSize,"Default 5% warmup, 90% cutoff; see useful_simulation_time_metrics"
V2_TaxiHigh_HelsinkiMedium__TP08_HubTarget,03_vehicles,43200,0.015600000000000001,,,,19198.0,0.9237,2160.0,38880.0,"[2160,38880]",review_worldSize,"Default 5% warmup, 90% cutoff; see useful_simulation_time_metrics"
V2_TaxiHigh_HelsinkiMedium__TP09_Bimodal,03_vehicles,43200,0.015600000000000001,,,,19239.0,0.9069,2160.0,38880.0,"[2160,38880]",review_worldSize,"Default 5% warmup, 90% cutoff; see useful_simulation_time_metrics"
V2_TaxiHigh_HelsinkiMedium__TP10_Storm,03_vehicles,43200,0.015600000000000001,,,,20188.0,0.8389,2160.0,38880.0,"[2160,38880]",review_worldSize,"Default 5% warmup, 90% cutoff; see useful_simulation_time_metrics"
V2_TaxiHigh_HelsinkiMedium__TP11_ManyToOne,03_vehicles,43200,0.015600000000000001,,,,19198.0,0.9711,2160.0,38880.0,"[2160,38880]",review_worldSize,"Default 5% warmup, 90% cutoff; see useful_simulation_time_metrics"
V2_TaxiHigh_HelsinkiMedium__TP12_GroupToGroup,03_vehicles,43200,0.015600000000000001,,,,19273.0,0.9959,2160.0,38880.0,"[2160,38880]",review_worldSize,"Default 5% warmup, 90% cutoff; see useful_simulation_time_metrics"
V3_BusOnlyCarriers_HelsinkiMedium__TP01_Baseline,03_vehicles,43200,0.036000000000000004,,,,562.0,0.356,2160.0,38880.0,"[2160,38880]",review_worldSize,"Default 5% warmup, 90% cutoff; see useful_simulation_time_metrics"
V3_BusOnlyCarriers_HelsinkiMedium__TP02_LowLoad,03_vehicles,43200,0.036000000000000004,,,,701.0,0.3684,2160.0,38880.0,"[2160,38880]",review_worldSize,"Default 5% warmup, 90% cutoff; see useful_simulation_time_metrics"
V3_BusOnlyCarriers_HelsinkiMedium__TP03_ManySmall,03_vehicles,43200,0.0364,,,,459.0,0.4057,2160.0,38880.0,"[2160,38880]",review_worldSize,"Default 5% warmup, 90% cutoff; see useful_simulation_time_metrics"
V3_BusOnlyCarriers_HelsinkiMedium__TP04_FewLarge,03_vehicles,43200,0.0356,,,,638.0,0.4176,2160.0,38880.0,"[2160,38880]",review_worldSize,"Default 5% warmup, 90% cutoff; see useful_simulation_time_metrics"
V3_BusOnlyCarriers_HelsinkiMedium__TP05_CriticalTTL,03_vehicles,43200,0.036000000000000004,,,,562.0,0.0761,2160.0,38880.0,"[2160,38880]",review_worldSize,"Default 5% warmup, 90% cutoff; see useful_simulation_time_metrics"
V3_BusOnlyCarriers_HelsinkiMedium__TP06_OneToMany,03_vehicles,43200,0.0356,,,,675.0,0.2289,2160.0,38880.0,"[2160,38880]",review_worldSize,"Default 5% warmup, 90% cutoff; see useful_simulation_time_metrics"
V3_BusOnlyCarriers_HelsinkiMedium__TP07_BurstWindow,03_vehicles,43200,0.0364,,,,540.0,0.4105,2160.0,38880.0,"[2160,38880]",review_worldSize,"Default 5% warmup, 90% cutoff; see useful_simulation_time_metrics"
V3_BusOnlyCarriers_HelsinkiMedium__TP08_HubTarget,03_vehicles,43200,0.0356,,,,675.0,0.1206,2160.0,38880.0,"[2160,38880]",review_worldSize,"Default 5% warmup, 90% cutoff; see useful_simulation_time_metrics"
V3_BusOnlyCarriers_HelsinkiMedium__TP09_Bimodal,03_vehicles,43200,0.036000000000000004,,,,562.0,0.3448,2160.0,38880.0,"[2160,38880]",review_worldSize,"Default 5% warmup, 90% cutoff; see useful_simulation_time_metrics"
V3_BusOnlyCarriers_HelsinkiMedium__TP10_Storm,03_vehicles,43200,0.036000000000000004,,,,730.0,0.2607,2160.0,38880.0,"[2160,38880]",review_worldSize,"Default 5% warmup, 90% cutoff; see useful_simulation_time_metrics"
V3_BusOnlyCarriers_HelsinkiMedium__TP11_ManyToOne,03_vehicles,43200,0.0356,,,,675.0,0.1804,2160.0,38880.0,"[2160,38880]",review_worldSize,"Default 5% warmup, 90% cutoff; see useful_simulation_time_metrics"
V3_BusOnlyCarriers_HelsinkiMedium__TP12_GroupToGroup,03_vehicles,43200,0.036000000000000004,,,,558.0,0.0,2160.0,38880.0,"[2160,38880]",review_worldSize,"Default 5% warmup, 90% cutoff; see useful_simulation_time_metrics"
V4_CarOwnership_0_HelsinkiMedium__TP01_Baseline,03_vehicles,43200,0.076,,,,3200.0,0.4004,2160.0,38880.0,"[2160,38880]",review_worldSize,"Default 5% warmup, 90% cutoff; see useful_simulation_time_metrics"
V4_CarOwnership_0_HelsinkiMedium__TP02_LowLoad,03_vehicles,43200,0.078,,,,3243.0,0.4688,2160.0,38880.0,"[2160,38880]",review_worldSize,"Default 5% warmup, 90% cutoff; see useful_simulation_time_metrics"
V4_CarOwnership_0_HelsinkiMedium__TP03_ManySmall,03_vehicles,43200,0.0768,,,,3233.0,0.3931,2160.0,38880.0,"[2160,38880]",review_worldSize,"Default 5% warmup, 90% cutoff; see useful_simulation_time_metrics"
V4_CarOwnership_0_HelsinkiMedium__TP04_FewLarge,03_vehicles,43200,0.078,,,,3243.0,0.3128,2160.0,38880.0,"[2160,38880]",review_worldSize,"Default 5% warmup, 90% cutoff; see useful_simulation_time_metrics"
V4_CarOwnership_0_HelsinkiMedium__TP05_CriticalTTL,03_vehicles,43200,0.076,,,,3200.0,0.0122,2160.0,38880.0,"[2160,38880]",review_worldSize,"Default 5% warmup, 90% cutoff; see useful_simulation_time_metrics"
V4_CarOwnership_0_HelsinkiMedium__TP06_OneToMany,03_vehicles,43200,0.0712,,,,3204.0,0.5588,2160.0,38880.0,"[2160,38880]",review_worldSize,"Default 5% warmup, 90% cutoff; see useful_simulation_time_metrics"
V4_CarOwnership_0_HelsinkiMedium__TP07_BurstWindow,03_vehicles,43200,0.0768,,,,3135.0,0.5109,2160.0,38880.0,"[2160,38880]",review_worldSize,"Default 5% warmup, 90% cutoff; see useful_simulation_time_metrics"
V4_CarOwnership_0_HelsinkiMedium__TP08_HubTarget,03_vehicles,43200,0.0712,,,,3204.0,0.2711,2160.0,38880.0,"[2160,38880]",review_worldSize,"Default 5% warmup, 90% cutoff; see useful_simulation_time_metrics"
V4_CarOwnership_0_HelsinkiMedium__TP09_Bimodal,03_vehicles,43200,0.076,,,,3200.0,0.2857,2160.0,38880.0,"[2160,38880]",review_worldSize,"Default 5% warmup, 90% cutoff; see useful_simulation_time_metrics"
V4_CarOwnership_0_HelsinkiMedium__TP10_Storm,03_vehicles,43200,0.09720000000000001,,,,3156.0,0.0724,2160.0,38880.0,"[2160,38880]",review_worldSize,"Default 5% warmup, 90% cutoff; see useful_simulation_time_metrics"
V4_CarOwnership_0_HelsinkiMedium__TP11_ManyToOne,03_vehicles,43200,0.0712,,,,3204.0,0.6299,2160.0,38880.0,"[2160,38880]",review_worldSize,"Default 5% warmup, 90% cutoff; see useful_simulation_time_metrics"
V4_CarOwnership_0_HelsinkiMedium__TP12_GroupToGroup,03_vehicles,43200,0.0812,,,,3247.0,0.6585,2160.0,38880.0,"[2160,38880]",review_worldSize,"Default 5% warmup, 90% cutoff; see useful_simulation_time_metrics"
V5_CarOwnership_100_HelsinkiMedium__TP01_Baseline,03_vehicles,43200,0.0788,,,,2084.0,0.3161,2160.0,38880.0,"[2160,38880]",review_worldSize,"Default 5% warmup, 90% cutoff; see useful_simulation_time_metrics"
V5_CarOwnership_100_HelsinkiMedium__TP02_LowLoad,03_vehicles,43200,0.0748,,,,2106.0,0.3684,2160.0,38880.0,"[2160,38880]",review_worldSize,"Default 5% warmup, 90% cutoff; see useful_simulation_time_metrics"
V5_CarOwnership_100_HelsinkiMedium__TP03_ManySmall,03_vehicles,43200,0.0728,,,,2093.0,0.2976,2160.0,38880.0,"[2160,38880]",review_worldSize,"Default 5% warmup, 90% cutoff; see useful_simulation_time_metrics"
V5_CarOwnership_100_HelsinkiMedium__TP04_FewLarge,03_vehicles,43200,0.0748,,,,2072.0,0.209,2160.0,38880.0,"[2160,38880]",review_worldSize,"Default 5% warmup, 90% cutoff; see useful_simulation_time_metrics"
V5_CarOwnership_100_HelsinkiMedium__TP05_CriticalTTL,03_vehicles,43200,0.0788,,,,2084.0,0.0145,2160.0,38880.0,"[2160,38880]",review_worldSize,"Default 5% warmup, 90% cutoff; see useful_simulation_time_metrics"
V5_CarOwnership_100_HelsinkiMedium__TP06_OneToMany,03_vehicles,43200,0.076,,,,2019.0,0.366,2160.0,38880.0,"[2160,38880]",review_worldSize,"Default 5% warmup, 90% cutoff; see useful_simulation_time_metrics"
V5_CarOwnership_100_HelsinkiMedium__TP07_BurstWindow,03_vehicles,43200,0.0736,,,,2119.0,0.41,2160.0,38880.0,"[2160,38880]",review_worldSize,"Default 5% warmup, 90% cutoff; see useful_simulation_time_metrics"
V5_CarOwnership_100_HelsinkiMedium__TP08_HubTarget,03_vehicles,43200,0.076,,,,2019.0,0.3041,2160.0,38880.0,"[2160,38880]",review_worldSize,"Default 5% warmup, 90% cutoff; see useful_simulation_time_metrics"
V5_CarOwnership_100_HelsinkiMedium__TP09_Bimodal,03_vehicles,43200,0.07400000000000001,,,,2045.0,0.2276,2160.0,38880.0,"[2160,38880]",review_worldSize,"Default 5% warmup, 90% cutoff; see useful_simulation_time_metrics"
V5_CarOwnership_100_HelsinkiMedium__TP10_Storm,03_vehicles,43200,0.07400000000000001,,,,1983.0,0.0397,2160.0,38880.0,"[2160,38880]",review_worldSize,"Default 5% warmup, 90% cutoff; see useful_simulation_time_metrics"
V5_CarOwnership_100_HelsinkiMedium__TP11_ManyToOne,03_vehicles,43200,0.076,,,,2019.0,0.6196,2160.0,38880.0,"[2160,38880]",review_worldSize,"Default 5% warmup, 90% cutoff; see useful_simulation_time_metrics"
V5_CarOwnership_100_HelsinkiMedium__TP12_GroupToGroup,03_vehicles,43200,0.07919999999999999,,,,2045.0,0.3865,2160.0,38880.0,"[2160,38880]",review_worldSize,"Default 5% warmup, 90% cutoff; see useful_simulation_time_metrics"
R10_TinyRange_5m__TP01_Baseline,04_rural,43200,0.7044,20700.0,,,5.0,0.0104,2160.0,38880.0,"[2160,38880]",keep_endTime,"Default 5% warmup, 90% cutoff; see useful_simulation_time_metrics"
R10_TinyRange_5m__TP02_LowLoad,04_rural,43200,0.7044,20700.0,,,5.0,0.0,2160.0,38880.0,"[2160,38880]",keep_endTime,"Default 5% warmup, 90% cutoff; see useful_simulation_time_metrics"
R10_TinyRange_5m__TP03_ManySmall,04_rural,43200,0.7044,20700.0,,,5.0,0.0068,2160.0,38880.0,"[2160,38880]",keep_endTime,"Default 5% warmup, 90% cutoff; see useful_simulation_time_metrics"
R10_TinyRange_5m__TP04_FewLarge,04_rural,43200,0.7044,20700.0,,,5.0,0.0,2160.0,38880.0,"[2160,38880]",keep_endTime,"Default 5% warmup, 90% cutoff; see useful_simulation_time_metrics"
R10_TinyRange_5m__TP05_CriticalTTL,04_rural,43200,0.7044,20700.0,,,5.0,0.0,2160.0,38880.0,"[2160,38880]",keep_endTime,"Default 5% warmup, 90% cutoff; see useful_simulation_time_metrics"
R10_TinyRange_5m__TP06_OneToMany,04_rural,43200,0.7044,20700.0,,,5.0,0.0216,2160.0,38880.0,"[2160,38880]",keep_endTime,"Default 5% warmup, 90% cutoff; see useful_simulation_time_metrics"
R10_TinyRange_5m__TP07_BurstWindow,04_rural,43200,0.7044,20700.0,,,5.0,0.0111,2160.0,38880.0,"[2160,38880]",keep_endTime,"Default 5% warmup, 90% cutoff; see useful_simulation_time_metrics"
R10_TinyRange_5m__TP08_HubTarget,04_rural,43200,0.7044,20700.0,,,5.0,0.0134,2160.0,38880.0,"[2160,38880]",keep_endTime,"Default 5% warmup, 90% cutoff; see useful_simulation_time_metrics"
R10_TinyRange_5m__TP09_Bimodal,04_rural,43200,0.7044,20700.0,,,5.0,0.0103,2160.0,38880.0,"[2160,38880]",keep_endTime,"Default 5% warmup, 90% cutoff; see useful_simulation_time_metrics"
R10_TinyRange_5m__TP10_Storm,04_rural,43200,0.7044,20700.0,,,5.0,0.0006,2160.0,38880.0,"[2160,38880]",keep_endTime,"Default 5% warmup, 90% cutoff; see useful_simulation_time_metrics"
R10_TinyRange_5m__TP11_ManyToOne,04_rural,43200,0.7044,20700.0,,,5.0,0.0443,2160.0,38880.0,"[2160,38880]",keep_endTime,"Default 5% warmup, 90% cutoff; see useful_simulation_time_metrics"
R10_TinyRange_5m__TP12_GroupToGroup,04_rural,43200,0.7044,20700.0,,,5.0,0.0082,2160.0,38880.0,"[2160,38880]",keep_endTime,"Default 5% warmup, 90% cutoff; see useful_simulation_time_metrics"
R11_SpeedExtremeLow__TP01_Baseline,04_rural,43200,0.8084,11400.0,42000.0,,0.0,0.2029,2160.0,38880.0,"[2160,38880]",exclude_or_fix_mobility,"Default 5% warmup, 90% cutoff; see useful_simulation_time_metrics"
R11_SpeedExtremeLow__TP02_LowLoad,04_rural,43200,0.8084,11400.0,42000.0,,0.0,0.1146,2160.0,38880.0,"[2160,38880]",exclude_or_fix_mobility,"Default 5% warmup, 90% cutoff; see useful_simulation_time_metrics"
R11_SpeedExtremeLow__TP03_ManySmall,04_rural,43200,0.8084,11400.0,42000.0,,0.0,0.1924,2160.0,38880.0,"[2160,38880]",exclude_or_fix_mobility,"Default 5% warmup, 90% cutoff; see useful_simulation_time_metrics"
R11_SpeedExtremeLow__TP04_FewLarge,04_rural,43200,0.8084,11400.0,42000.0,,0.0,0.1955,2160.0,38880.0,"[2160,38880]",exclude_or_fix_mobility,"Default 5% warmup, 90% cutoff; see useful_simulation_time_metrics"
R11_SpeedExtremeLow__TP05_CriticalTTL,04_rural,43200,0.8084,11400.0,42000.0,,0.0,0.0,2160.0,38880.0,"[2160,38880]",exclude_or_fix_mobility,"Default 5% warmup, 90% cutoff; see useful_simulation_time_metrics"
R11_SpeedExtremeLow__TP06_OneToMany,04_rural,43200,0.8084,11400.0,42000.0,,0.0,0.0,2160.0,38880.0,"[2160,38880]",exclude_or_fix_mobility,"Default 5% warmup, 90% cutoff; see useful_simulation_time_metrics"
R11_SpeedExtremeLow__TP07_BurstWindow,04_rural,43200,0.8084,11400.0,42000.0,,0.0,0.3127,2160.0,38880.0,"[2160,38880]",exclude_or_fix_mobility,"Default 5% warmup, 90% cutoff; see useful_simulation_time_metrics"
R11_SpeedExtremeLow__TP08_HubTarget,04_rural,43200,0.8084,11400.0,42000.0,,0.0,0.0856,2160.0,38880.0,"[2160,38880]",exclude_or_fix_mobility,"Default 5% warmup, 90% cutoff; see useful_simulation_time_metrics"
R11_SpeedExtremeLow__TP09_Bimodal,04_rural,43200,0.8084,11400.0,42000.0,,0.0,0.1802,2160.0,38880.0,"[2160,38880]",exclude_or_fix_mobility,"Default 5% warmup, 90% cutoff; see useful_simulation_time_metrics"
R11_SpeedExtremeLow__TP10_Storm,04_rural,43200,0.8084,11400.0,42000.0,,0.0,0.0096,2160.0,38880.0,"[2160,38880]",exclude_or_fix_mobility,"Default 5% warmup, 90% cutoff; see useful_simulation_time_metrics"
R11_SpeedExtremeLow__TP11_ManyToOne,04_rural,43200,0.8084,11400.0,42000.0,,0.0,0.0,2160.0,38880.0,"[2160,38880]",exclude_or_fix_mobility,"Default 5% warmup, 90% cutoff; see useful_simulation_time_metrics"
R11_SpeedExtremeLow__TP12_GroupToGroup,04_rural,43200,0.8084,11400.0,42000.0,,0.0,0.1759,2160.0,38880.0,"[2160,38880]",exclude_or_fix_mobility,"Default 5% warmup, 90% cutoff; see useful_simulation_time_metrics"
R12_SpeedExtremeHigh__TP01_Baseline,04_rural,43200,0.9928,3000.0,8100.0,13800.0,1844.0,0.8824,2160.0,38880.0,"[2160,38880]",keep_endTime,"Default 5% warmup, 90% cutoff; see useful_simulation_time_metrics"
R12_SpeedExtremeHigh__TP02_LowLoad,04_rural,43200,0.9908,3000.0,7800.0,12900.0,1879.0,0.9583,2160.0,38880.0,"[2160,38880]",keep_endTime,"Default 5% warmup, 90% cutoff; see useful_simulation_time_metrics"
R12_SpeedExtremeHigh__TP03_ManySmall,04_rural,43200,0.99,3000.0,8100.0,13200.0,1890.0,0.7298,2160.0,38880.0,"[2160,38880]",keep_endTime,"Default 5% warmup, 90% cutoff; see useful_simulation_time_metrics"
R12_SpeedExtremeHigh__TP04_FewLarge,04_rural,43200,0.9924,3000.0,7500.0,12900.0,1813.0,0.5922,2160.0,38880.0,"[2160,38880]",keep_endTime,"Default 5% warmup, 90% cutoff; see useful_simulation_time_metrics"
R12_SpeedExtremeHigh__TP05_CriticalTTL,04_rural,43200,0.9928,3000.0,8100.0,13800.0,1844.0,0.021,2160.0,38880.0,"[2160,38880]",keep_endTime,"Default 5% warmup, 90% cutoff; see useful_simulation_time_metrics"
R12_SpeedExtremeHigh__TP06_OneToMany,04_rural,43200,0.992,3000.0,7800.0,12300.0,1776.0,0.7072,2160.0,38880.0,"[2160,38880]",keep_endTime,"Default 5% warmup, 90% cutoff; see useful_simulation_time_metrics"
R12_SpeedExtremeHigh__TP07_BurstWindow,04_rural,43200,0.992,3000.0,7800.0,12900.0,1852.0,1.0,2160.0,38880.0,"[2160,38880]",keep_endTime,"Default 5% warmup, 90% cutoff; see useful_simulation_time_metrics"
R12_SpeedExtremeHigh__TP08_HubTarget,04_rural,43200,0.992,3000.0,7800.0,12300.0,1776.0,0.7897,2160.0,38880.0,"[2160,38880]",keep_endTime,"Default 5% warmup, 90% cutoff; see useful_simulation_time_metrics"
R12_SpeedExtremeHigh__TP09_Bimodal,04_rural,43200,0.9908,3000.0,8100.0,13800.0,1822.0,0.6777,2160.0,38880.0,"[2160,38880]",keep_endTime,"Default 5% warmup, 90% cutoff; see useful_simulation_time_metrics"
R12_SpeedExtremeHigh__TP10_Storm,04_rural,43200,0.9936,3000.0,7800.0,12900.0,1858.0,0.2386,2160.0,38880.0,"[2160,38880]",keep_endTime,"Default 5% warmup, 90% cutoff; see useful_simulation_time_metrics"
R12_SpeedExtremeHigh__TP11_ManyToOne,04_rural,43200,0.992,3000.0,7800.0,12300.0,1776.0,0.7763,2160.0,38880.0,"[2160,38880]",keep_endTime,"Default 5% warmup, 90% cutoff; see useful_simulation_time_metrics"
R12_SpeedExtremeHigh__TP12_GroupToGroup,04_rural,43200,0.9948,3000.0,7800.0,13200.0,1785.0,0.9018,2160.0,38880.0,"[2160,38880]",keep_endTime,"Default 5% warmup, 90% cutoff; see useful_simulation_time_metrics"
R1_Rural_RandomWaypoint__TP01_Baseline,04_rural,43200,0.8795999999999999,9000.0,27900.0,,0.0,0.5225,2160.0,38880.0,"[2160,38880]",exclude_or_fix_mobility,"Default 5% warmup, 90% cutoff; see useful_simulation_time_metrics"
R1_Rural_RandomWaypoint__TP02_LowLoad,04_rural,43200,0.8795999999999999,9000.0,27900.0,,0.0,0.5263,2160.0,38880.0,"[2160,38880]",exclude_or_fix_mobility,"Default 5% warmup, 90% cutoff; see useful_simulation_time_metrics"
R1_Rural_RandomWaypoint__TP03_ManySmall,04_rural,43200,0.8795999999999999,9000.0,27900.0,,0.0,0.4571,2160.0,38880.0,"[2160,38880]",exclude_or_fix_mobility,"Default 5% warmup, 90% cutoff; see useful_simulation_time_metrics"
R1_Rural_RandomWaypoint__TP04_FewLarge,04_rural,43200,0.8795999999999999,9000.0,27900.0,,0.0,0.3591,2160.0,38880.0,"[2160,38880]",exclude_or_fix_mobility,"Default 5% warmup, 90% cutoff; see useful_simulation_time_metrics"
R1_Rural_RandomWaypoint__TP05_CriticalTTL,04_rural,43200,0.8795999999999999,9000.0,27900.0,,0.0,0.0041,2160.0,38880.0,"[2160,38880]",exclude_or_fix_mobility,"Default 5% warmup, 90% cutoff; see useful_simulation_time_metrics"
R1_Rural_RandomWaypoint__TP06_OneToMany,04_rural,43200,0.8795999999999999,9000.0,27900.0,,0.0,0.3897,2160.0,38880.0,"[2160,38880]",exclude_or_fix_mobility,"Default 5% warmup, 90% cutoff; see useful_simulation_time_metrics"
R1_Rural_RandomWaypoint__TP07_BurstWindow,04_rural,43200,0.8795999999999999,9000.0,27900.0,,0.0,0.8065,2160.0,38880.0,"[2160,38880]",exclude_or_fix_mobility,"Default 5% warmup, 90% cutoff; see useful_simulation_time_metrics"
R1_Rural_RandomWaypoint__TP08_HubTarget,04_rural,43200,0.8795999999999999,9000.0,27900.0,,0.0,0.4722,2160.0,38880.0,"[2160,38880]",exclude_or_fix_mobility,"Default 5% warmup, 90% cutoff; see useful_simulation_time_metrics"
R1_Rural_RandomWaypoint__TP09_Bimodal,04_rural,43200,0.8795999999999999,9000.0,27900.0,,0.0,0.3928,2160.0,38880.0,"[2160,38880]",exclude_or_fix_mobility,"Default 5% warmup, 90% cutoff; see useful_simulation_time_metrics"
R1_Rural_RandomWaypoint__TP10_Storm,04_rural,43200,0.8795999999999999,9000.0,27900.0,,0.0,0.0355,2160.0,38880.0,"[2160,38880]",exclude_or_fix_mobility,"Default 5% warmup, 90% cutoff; see useful_simulation_time_metrics"
R1_Rural_RandomWaypoint__TP11_ManyToOne,04_rural,43200,0.8795999999999999,9000.0,27900.0,,0.0,0.634,2160.0,38880.0,"[2160,38880]",exclude_or_fix_mobility,"Default 5% warmup, 90% cutoff; see useful_simulation_time_metrics"
R1_Rural_RandomWaypoint__TP12_GroupToGroup,04_rural,43200,0.8795999999999999,9000.0,27900.0,,0.0,0.4908,2160.0,38880.0,"[2160,38880]",exclude_or_fix_mobility,"Default 5% warmup, 90% cutoff; see useful_simulation_time_metrics"
R2_VillagesTrails_ThreeClusters__TP01_Baseline,04_rural,43200,0.061200000000000004,,,,271.0,0.2259,2160.0,38880.0,"[2160,38880]",review_worldSize,"Default 5% warmup, 90% cutoff; see useful_simulation_time_metrics"
R2_VillagesTrails_ThreeClusters__TP02_LowLoad,04_rural,43200,0.0616,,,,259.0,0.2371,2160.0,38880.0,"[2160,38880]",review_worldSize,"Default 5% warmup, 90% cutoff; see useful_simulation_time_metrics"
R2_VillagesTrails_ThreeClusters__TP03_ManySmall,04_rural,43200,0.0616,,,,261.0,0.2359,2160.0,38880.0,"[2160,38880]",review_worldSize,"Default 5% warmup, 90% cutoff; see useful_simulation_time_metrics"
R2_VillagesTrails_ThreeClusters__TP04_FewLarge,04_rural,43200,0.0616,,,,267.0,0.1989,2160.0,38880.0,"[2160,38880]",review_worldSize,"Default 5% warmup, 90% cutoff; see useful_simulation_time_metrics"
R2_VillagesTrails_ThreeClusters__TP05_CriticalTTL,04_rural,43200,0.061200000000000004,,,,271.0,0.0042,2160.0,38880.0,"[2160,38880]",review_worldSize,"Default 5% warmup, 90% cutoff; see useful_simulation_time_metrics"
R2_VillagesTrails_ThreeClusters__TP06_OneToMany,04_rural,43200,0.0616,,,,259.0,0.2454,2160.0,38880.0,"[2160,38880]",review_worldSize,"Default 5% warmup, 90% cutoff; see useful_simulation_time_metrics"
R2_VillagesTrails_ThreeClusters__TP07_BurstWindow,04_rural,43200,0.0604,,,,292.0,0.2727,2160.0,38880.0,"[2160,38880]",review_worldSize,"Default 5% warmup, 90% cutoff; see useful_simulation_time_metrics"
R2_VillagesTrails_ThreeClusters__TP08_HubTarget,04_rural,43200,0.0616,,,,259.0,0.1814,2160.0,38880.0,"[2160,38880]",review_worldSize,"Default 5% warmup, 90% cutoff; see useful_simulation_time_metrics"
R2_VillagesTrails_ThreeClusters__TP09_Bimodal,04_rural,43200,0.061200000000000004,,,,271.0,0.2205,2160.0,38880.0,"[2160,38880]",review_worldSize,"Default 5% warmup, 90% cutoff; see useful_simulation_time_metrics"
R2_VillagesTrails_ThreeClusters__TP10_Storm,04_rural,43200,0.061200000000000004,,,,269.0,0.0507,2160.0,38880.0,"[2160,38880]",review_worldSize,"Default 5% warmup, 90% cutoff; see useful_simulation_time_metrics"
R2_VillagesTrails_ThreeClusters__TP11_ManyToOne,04_rural,43200,0.0616,,,,259.0,0.2515,2160.0,38880.0,"[2160,38880]",review_worldSize,"Default 5% warmup, 90% cutoff; see useful_simulation_time_metrics"
R2_VillagesTrails_ThreeClusters__TP12_GroupToGroup,04_rural,43200,0.0616,,,,258.0,0.0,2160.0,38880.0,"[2160,38880]",review_worldSize,"Default 5% warmup, 90% cutoff; see useful_simulation_time_metrics"
R3_WildlifeTracking__TP01_Baseline,04_rural,43200,0.22760000000000002,,,,1.0,0.0041,2160.0,38880.0,"[2160,38880]",keep_endTime,"Default 5% warmup, 90% cutoff; see useful_simulation_time_metrics"
R3_WildlifeTracking__TP02_LowLoad,04_rural,43200,0.22760000000000002,,,,1.0,0.0,2160.0,38880.0,"[2160,38880]",keep_endTime,"Default 5% warmup, 90% cutoff; see useful_simulation_time_metrics"
R3_WildlifeTracking__TP03_ManySmall,04_rural,43200,0.22760000000000002,,,,1.0,0.0058,2160.0,38880.0,"[2160,38880]",keep_endTime,"Default 5% warmup, 90% cutoff; see useful_simulation_time_metrics"
R3_WildlifeTracking__TP04_FewLarge,04_rural,43200,0.22760000000000002,,,,1.0,0.0056,2160.0,38880.0,"[2160,38880]",keep_endTime,"Default 5% warmup, 90% cutoff; see useful_simulation_time_metrics"
R3_WildlifeTracking__TP05_CriticalTTL,04_rural,43200,0.22760000000000002,,,,1.0,0.0,2160.0,38880.0,"[2160,38880]",keep_endTime,"Default 5% warmup, 90% cutoff; see useful_simulation_time_metrics"
R3_WildlifeTracking__TP06_OneToMany,04_rural,43200,0.22760000000000002,,,,1.0,0.0,2160.0,38880.0,"[2160,38880]",keep_endTime,"Default 5% warmup, 90% cutoff; see useful_simulation_time_metrics"
R3_WildlifeTracking__TP07_BurstWindow,04_rural,43200,0.22760000000000002,,,,1.0,0.0054,2160.0,38880.0,"[2160,38880]",keep_endTime,"Default 5% warmup, 90% cutoff; see useful_simulation_time_metrics"
R3_WildlifeTracking__TP08_HubTarget,04_rural,43200,0.22760000000000002,,,,1.0,0.0,2160.0,38880.0,"[2160,38880]",keep_endTime,"Default 5% warmup, 90% cutoff; see useful_simulation_time_metrics"
R3_WildlifeTracking__TP09_Bimodal,04_rural,43200,0.22760000000000002,,,,1.0,0.0052,2160.0,38880.0,"[2160,38880]",keep_endTime,"Default 5% warmup, 90% cutoff; see useful_simulation_time_metrics"
R3_WildlifeTracking__TP10_Storm,04_rural,43200,0.22760000000000002,,,,1.0,0.0005,2160.0,38880.0,"[2160,38880]",keep_endTime,"Default 5% warmup, 90% cutoff; see useful_simulation_time_metrics"
R3_WildlifeTracking__TP11_ManyToOne,04_rural,43200,0.22760000000000002,,,,1.0,0.0,2160.0,38880.0,"[2160,38880]",keep_endTime,"Default 5% warmup, 90% cutoff; see useful_simulation_time_metrics"
R3_WildlifeTracking__TP12_GroupToGroup,04_rural,43200,0.22760000000000002,,,,1.0,0.0041,2160.0,38880.0,"[2160,38880]",keep_endTime,"Default 5% warmup, 90% cutoff; see useful_simulation_time_metrics"
R4_ParkRangers_HelsinkiMedium__TP01_Baseline,04_rural,43200,0.0184,,,,43.0,0.5364,2160.0,38880.0,"[2160,38880]",review_worldSize,"Default 5% warmup, 90% cutoff; see useful_simulation_time_metrics"
R4_ParkRangers_HelsinkiMedium__TP02_LowLoad,04_rural,43200,0.0184,,,,43.0,0.5208,2160.0,38880.0,"[2160,38880]",review_worldSize,"Default 5% warmup, 90% cutoff; see useful_simulation_time_metrics"
R4_ParkRangers_HelsinkiMedium__TP03_ManySmall,04_rural,43200,0.0184,,,,43.0,0.5278,2160.0,38880.0,"[2160,38880]",review_worldSize,"Default 5% warmup, 90% cutoff; see useful_simulation_time_metrics"
R4_ParkRangers_HelsinkiMedium__TP04_FewLarge,04_rural,43200,0.0184,,,,43.0,0.4917,2160.0,38880.0,"[2160,38880]",review_worldSize,"Default 5% warmup, 90% cutoff; see useful_simulation_time_metrics"
R4_ParkRangers_HelsinkiMedium__TP05_CriticalTTL,04_rural,43200,0.0184,,,,43.0,0.0894,2160.0,38880.0,"[2160,38880]",review_worldSize,"Default 5% warmup, 90% cutoff; see useful_simulation_time_metrics"
R4_ParkRangers_HelsinkiMedium__TP06_OneToMany,04_rural,43200,0.0184,,,,43.0,0.4814,2160.0,38880.0,"[2160,38880]",review_worldSize,"Default 5% warmup, 90% cutoff; see useful_simulation_time_metrics"
R4_ParkRangers_HelsinkiMedium__TP07_BurstWindow,04_rural,43200,0.0184,,,,43.0,0.7923,2160.0,38880.0,"[2160,38880]",review_worldSize,"Default 5% warmup, 90% cutoff; see useful_simulation_time_metrics"
R4_ParkRangers_HelsinkiMedium__TP08_HubTarget,04_rural,43200,0.0184,,,,43.0,0.5347,2160.0,38880.0,"[2160,38880]",review_worldSize,"Default 5% warmup, 90% cutoff; see useful_simulation_time_metrics"
R4_ParkRangers_HelsinkiMedium__TP09_Bimodal,04_rural,43200,0.0184,,,,43.0,0.4508,2160.0,38880.0,"[2160,38880]",review_worldSize,"Default 5% warmup, 90% cutoff; see useful_simulation_time_metrics"
R4_ParkRangers_HelsinkiMedium__TP10_Storm,04_rural,43200,0.0184,,,,25.0,0.1732,2160.0,38880.0,"[2160,38880]",review_worldSize,"Default 5% warmup, 90% cutoff; see useful_simulation_time_metrics"
R4_ParkRangers_HelsinkiMedium__TP11_ManyToOne,04_rural,43200,0.0184,,,,43.0,0.7206,2160.0,38880.0,"[2160,38880]",review_worldSize,"Default 5% warmup, 90% cutoff; see useful_simulation_time_metrics"
R4_ParkRangers_HelsinkiMedium__TP12_GroupToGroup,04_rural,43200,0.0184,,,,43.0,0.499,2160.0,38880.0,"[2160,38880]",review_worldSize,"Default 5% warmup, 90% cutoff; see useful_simulation_time_metrics"
R5_MountainRescue__TP01_Baseline,04_rural,14400,0.47600000000000003,,,,3.0,0.0186,720.0,12960.0,"[720,12960]",keep_endTime,"Default 5% warmup, 90% cutoff; see useful_simulation_time_metrics"
R5_MountainRescue__TP02_LowLoad,04_rural,14400,0.47600000000000003,,,,3.0,0.0303,720.0,12960.0,"[720,12960]",keep_endTime,"Default 5% warmup, 90% cutoff; see useful_simulation_time_metrics"
R5_MountainRescue__TP03_ManySmall,04_rural,14400,0.47600000000000003,,,,3.0,0.0122,720.0,12960.0,"[720,12960]",keep_endTime,"Default 5% warmup, 90% cutoff; see useful_simulation_time_metrics"
R5_MountainRescue__TP04_FewLarge,04_rural,14400,0.47600000000000003,,,,3.0,0.0172,720.0,12960.0,"[720,12960]",keep_endTime,"Default 5% warmup, 90% cutoff; see useful_simulation_time_metrics"
R5_MountainRescue__TP05_CriticalTTL,04_rural,14400,0.47600000000000003,,,,3.0,0.0,720.0,12960.0,"[720,12960]",keep_endTime,"Default 5% warmup, 90% cutoff; see useful_simulation_time_metrics"
R5_MountainRescue__TP06_OneToMany,04_rural,14400,0.47600000000000003,,,,3.0,0.0,720.0,12960.0,"[720,12960]",keep_endTime,"Default 5% warmup, 90% cutoff; see useful_simulation_time_metrics"
R5_MountainRescue__TP07_BurstWindow,04_rural,14400,0.47600000000000003,,,,3.0,0.0259,720.0,12960.0,"[720,12960]",keep_endTime,"Default 5% warmup, 90% cutoff; see useful_simulation_time_metrics"
R5_MountainRescue__TP08_HubTarget,04_rural,14400,0.47600000000000003,,,,3.0,0.0062,720.0,12960.0,"[720,12960]",keep_endTime,"Default 5% warmup, 90% cutoff; see useful_simulation_time_metrics"
R5_MountainRescue__TP09_Bimodal,04_rural,14400,0.47600000000000003,,,,3.0,0.0155,720.0,12960.0,"[720,12960]",keep_endTime,"Default 5% warmup, 90% cutoff; see useful_simulation_time_metrics"
R5_MountainRescue__TP10_Storm,04_rural,14400,0.47600000000000003,,,,3.0,0.0005,720.0,12960.0,"[720,12960]",keep_endTime,"Default 5% warmup, 90% cutoff; see useful_simulation_time_metrics"
R5_MountainRescue__TP11_ManyToOne,04_rural,14400,0.47600000000000003,,,,3.0,0.0,720.0,12960.0,"[720,12960]",keep_endTime,"Default 5% warmup, 90% cutoff; see useful_simulation_time_metrics"
R5_MountainRescue__TP12_GroupToGroup,04_rural,14400,0.47600000000000003,,,,3.0,0.0,720.0,12960.0,"[720,12960]",keep_endTime,"Default 5% warmup, 90% cutoff; see useful_simulation_time_metrics"
R6_SparseLongRange__TP01_Baseline,04_rural,43200,0.5047999999999999,42600.0,,,18.0,0.0433,2160.0,38880.0,"[2160,38880]",keep_endTime,"Default 5% warmup, 90% cutoff; see useful_simulation_time_metrics"
R6_SparseLongRange__TP02_LowLoad,04_rural,43200,0.5047999999999999,42600.0,,,18.0,0.0208,2160.0,38880.0,"[2160,38880]",keep_endTime,"Default 5% warmup, 90% cutoff; see useful_simulation_time_metrics"
R6_SparseLongRange__TP03_ManySmall,04_rural,43200,0.5047999999999999,42600.0,,,18.0,0.0636,2160.0,38880.0,"[2160,38880]",keep_endTime,"Default 5% warmup, 90% cutoff; see useful_simulation_time_metrics"
R6_SparseLongRange__TP04_FewLarge,04_rural,43200,0.5047999999999999,42600.0,,,18.0,0.033,2160.0,38880.0,"[2160,38880]",keep_endTime,"Default 5% warmup, 90% cutoff; see useful_simulation_time_metrics"
R6_SparseLongRange__TP05_CriticalTTL,04_rural,43200,0.5047999999999999,42600.0,,,18.0,0.0021,2160.0,38880.0,"[2160,38880]",keep_endTime,"Default 5% warmup, 90% cutoff; see useful_simulation_time_metrics"
R6_SparseLongRange__TP06_OneToMany,04_rural,43200,0.5047999999999999,42600.0,,,18.0,0.0969,2160.0,38880.0,"[2160,38880]",keep_endTime,"Default 5% warmup, 90% cutoff; see useful_simulation_time_metrics"
R6_SparseLongRange__TP07_BurstWindow,04_rural,43200,0.5047999999999999,42600.0,,,18.0,0.0904,2160.0,38880.0,"[2160,38880]",keep_endTime,"Default 5% warmup, 90% cutoff; see useful_simulation_time_metrics"
R6_SparseLongRange__TP08_HubTarget,04_rural,43200,0.5047999999999999,42600.0,,,18.0,0.067,2160.0,38880.0,"[2160,38880]",keep_endTime,"Default 5% warmup, 90% cutoff; see useful_simulation_time_metrics"
R6_SparseLongRange__TP09_Bimodal,04_rural,43200,0.5047999999999999,42600.0,,,18.0,0.0532,2160.0,38880.0,"[2160,38880]",keep_endTime,"Default 5% warmup, 90% cutoff; see useful_simulation_time_metrics"
R6_SparseLongRange__TP10_Storm,04_rural,43200,0.5047999999999999,42600.0,,,18.0,0.0099,2160.0,38880.0,"[2160,38880]",keep_endTime,"Default 5% warmup, 90% cutoff; see useful_simulation_time_metrics"
R6_SparseLongRange__TP11_ManyToOne,04_rural,43200,0.5047999999999999,42600.0,,,18.0,0.0608,2160.0,38880.0,"[2160,38880]",keep_endTime,"Default 5% warmup, 90% cutoff; see useful_simulation_time_metrics"
R6_SparseLongRange__TP12_GroupToGroup,04_rural,43200,0.5047999999999999,42600.0,,,18.0,0.0798,2160.0,38880.0,"[2160,38880]",keep_endTime,"Default 5% warmup, 90% cutoff; see useful_simulation_time_metrics"
R7_SparseTinyBuffer__TP01_Baseline,04_rural,43200,0.8008,13200.0,43200.0,,14.0,0.0041,2160.0,38880.0,"[2160,38880]",keep_endTime,"Default 5% warmup, 90% cutoff; see useful_simulation_time_metrics"
R7_SparseTinyBuffer__TP02_LowLoad,04_rural,43200,0.8008,13200.0,43200.0,,14.0,0.0103,2160.0,38880.0,"[2160,38880]",keep_endTime,"Default 5% warmup, 90% cutoff; see useful_simulation_time_metrics"
R7_SparseTinyBuffer__TP03_ManySmall,04_rural,43200,0.8008,13200.0,43200.0,,14.0,0.0131,2160.0,38880.0,"[2160,38880]",keep_endTime,"Default 5% warmup, 90% cutoff; see useful_simulation_time_metrics"
R7_SparseTinyBuffer__TP04_FewLarge,04_rural,43200,0.8008,13200.0,43200.0,,14.0,0.0,2160.0,38880.0,"[2160,38880]",keep_endTime,"Default 5% warmup, 90% cutoff; see useful_simulation_time_metrics"
R7_SparseTinyBuffer__TP05_CriticalTTL,04_rural,43200,0.8008,13200.0,43200.0,,14.0,0.0,2160.0,38880.0,"[2160,38880]",keep_endTime,"Default 5% warmup, 90% cutoff; see useful_simulation_time_metrics"
R7_SparseTinyBuffer__TP06_OneToMany,04_rural,43200,0.8008,13200.0,43200.0,,14.0,0.0,2160.0,38880.0,"[2160,38880]",keep_endTime,"Default 5% warmup, 90% cutoff; see useful_simulation_time_metrics"
R7_SparseTinyBuffer__TP07_BurstWindow,04_rural,43200,0.8008,13200.0,43200.0,,14.0,0.0167,2160.0,38880.0,"[2160,38880]",keep_endTime,"Default 5% warmup, 90% cutoff; see useful_simulation_time_metrics"
R7_SparseTinyBuffer__TP08_HubTarget,04_rural,43200,0.8008,13200.0,43200.0,,14.0,0.001,2160.0,38880.0,"[2160,38880]",keep_endTime,"Default 5% warmup, 90% cutoff; see useful_simulation_time_metrics"
R7_SparseTinyBuffer__TP09_Bimodal,04_rural,43200,0.8008,13200.0,43200.0,,14.0,0.0052,2160.0,38880.0,"[2160,38880]",keep_endTime,"Default 5% warmup, 90% cutoff; see useful_simulation_time_metrics"
R7_SparseTinyBuffer__TP10_Storm,04_rural,43200,0.8008,13200.0,43200.0,,14.0,0.0,2160.0,38880.0,"[2160,38880]",keep_endTime,"Default 5% warmup, 90% cutoff; see useful_simulation_time_metrics"
R7_SparseTinyBuffer__TP11_ManyToOne,04_rural,43200,0.8008,13200.0,43200.0,,14.0,0.0,2160.0,38880.0,"[2160,38880]",keep_endTime,"Default 5% warmup, 90% cutoff; see useful_simulation_time_metrics"
R7_SparseTinyBuffer__TP12_GroupToGroup,04_rural,43200,0.8008,13200.0,43200.0,,14.0,0.0061,2160.0,38880.0,"[2160,38880]",keep_endTime,"Default 5% warmup, 90% cutoff; see useful_simulation_time_metrics"
R8_IntermittentPower__TP01_Baseline,04_rural,43200,0.7340000000000001,15600.0,,,14.0,0.0166,2160.0,38880.0,"[2160,38880]",keep_endTime,"Default 5% warmup, 90% cutoff; see useful_simulation_time_metrics"
R8_IntermittentPower__TP02_LowLoad,04_rural,43200,0.7340000000000001,15600.0,,,14.0,0.0,2160.0,38880.0,"[2160,38880]",keep_endTime,"Default 5% warmup, 90% cutoff; see useful_simulation_time_metrics"
R8_IntermittentPower__TP03_ManySmall,04_rural,43200,0.7340000000000001,15600.0,,,14.0,0.014,2160.0,38880.0,"[2160,38880]",keep_endTime,"Default 5% warmup, 90% cutoff; see useful_simulation_time_metrics"
R8_IntermittentPower__TP04_FewLarge,04_rural,43200,0.7340000000000001,15600.0,,,14.0,0.0056,2160.0,38880.0,"[2160,38880]",keep_endTime,"Default 5% warmup, 90% cutoff; see useful_simulation_time_metrics"
R8_IntermittentPower__TP05_CriticalTTL,04_rural,43200,0.7340000000000001,15600.0,,,14.0,0.0,2160.0,38880.0,"[2160,38880]",keep_endTime,"Default 5% warmup, 90% cutoff; see useful_simulation_time_metrics"
R8_IntermittentPower__TP06_OneToMany,04_rural,43200,0.7340000000000001,15600.0,,,14.0,0.0258,2160.0,38880.0,"[2160,38880]",keep_endTime,"Default 5% warmup, 90% cutoff; see useful_simulation_time_metrics"
R8_IntermittentPower__TP07_BurstWindow,04_rural,43200,0.7340000000000001,15600.0,,,14.0,0.0222,2160.0,38880.0,"[2160,38880]",keep_endTime,"Default 5% warmup, 90% cutoff; see useful_simulation_time_metrics"
R8_IntermittentPower__TP08_HubTarget,04_rural,43200,0.7340000000000001,15600.0,,,14.0,0.0165,2160.0,38880.0,"[2160,38880]",keep_endTime,"Default 5% warmup, 90% cutoff; see useful_simulation_time_metrics"
R8_IntermittentPower__TP09_Bimodal,04_rural,43200,0.7340000000000001,15600.0,,,14.0,0.0191,2160.0,38880.0,"[2160,38880]",keep_endTime,"Default 5% warmup, 90% cutoff; see useful_simulation_time_metrics"
R8_IntermittentPower__TP10_Storm,04_rural,43200,0.7340000000000001,15600.0,,,14.0,0.0011,2160.0,38880.0,"[2160,38880]",keep_endTime,"Default 5% warmup, 90% cutoff; see useful_simulation_time_metrics"
R8_IntermittentPower__TP11_ManyToOne,04_rural,43200,0.7340000000000001,15600.0,,,14.0,0.0186,2160.0,38880.0,"[2160,38880]",keep_endTime,"Default 5% warmup, 90% cutoff; see useful_simulation_time_metrics"
R8_IntermittentPower__TP12_GroupToGroup,04_rural,43200,0.7340000000000001,15600.0,,,14.0,0.0102,2160.0,38880.0,"[2160,38880]",keep_endTime,"Default 5% warmup, 90% cutoff; see useful_simulation_time_metrics"
R9_ExtremeRange_200m__TP01_Baseline,04_rural,43200,0.9068,6900.0,18600.0,39000.0,594.0,0.8571,2160.0,38880.0,"[2160,38880]",keep_endTime,"Default 5% warmup, 90% cutoff; see useful_simulation_time_metrics"
R9_ExtremeRange_200m__TP02_LowLoad,04_rural,43200,0.9068,6900.0,18600.0,39000.0,594.0,0.8333,2160.0,38880.0,"[2160,38880]",keep_endTime,"Default 5% warmup, 90% cutoff; see useful_simulation_time_metrics"
R9_ExtremeRange_200m__TP03_ManySmall,04_rural,43200,0.9068,6900.0,18600.0,39000.0,594.0,0.8584,2160.0,38880.0,"[2160,38880]",keep_endTime,"Default 5% warmup, 90% cutoff; see useful_simulation_time_metrics"
R9_ExtremeRange_200m__TP04_FewLarge,04_rural,43200,0.9068,6900.0,18600.0,39000.0,594.0,0.4693,2160.0,38880.0,"[2160,38880]",keep_endTime,"Default 5% warmup, 90% cutoff; see useful_simulation_time_metrics"
R9_ExtremeRange_200m__TP05_CriticalTTL,04_rural,43200,0.9068,6900.0,18600.0,39000.0,594.0,0.0126,2160.0,38880.0,"[2160,38880]",keep_endTime,"Default 5% warmup, 90% cutoff; see useful_simulation_time_metrics"
R9_ExtremeRange_200m__TP06_OneToMany,04_rural,43200,0.9068,6900.0,18600.0,39000.0,594.0,0.8598,2160.0,38880.0,"[2160,38880]",keep_endTime,"Default 5% warmup, 90% cutoff; see useful_simulation_time_metrics"
R9_ExtremeRange_200m__TP07_BurstWindow,04_rural,43200,0.9068,6900.0,18600.0,39000.0,594.0,1.0,2160.0,38880.0,"[2160,38880]",keep_endTime,"Default 5% warmup, 90% cutoff; see useful_simulation_time_metrics"
R9_ExtremeRange_200m__TP08_HubTarget,04_rural,43200,0.9068,6900.0,18600.0,39000.0,594.0,0.7072,2160.0,38880.0,"[2160,38880]",keep_endTime,"Default 5% warmup, 90% cutoff; see useful_simulation_time_metrics"
R9_ExtremeRange_200m__TP09_Bimodal,04_rural,43200,0.9068,6900.0,18600.0,39000.0,594.0,0.6272,2160.0,38880.0,"[2160,38880]",keep_endTime,"Default 5% warmup, 90% cutoff; see useful_simulation_time_metrics"
R9_ExtremeRange_200m__TP10_Storm,04_rural,43200,0.9068,6900.0,18600.0,39000.0,594.0,0.1664,2160.0,38880.0,"[2160,38880]",keep_endTime,"Default 5% warmup, 90% cutoff; see useful_simulation_time_metrics"
R9_ExtremeRange_200m__TP11_ManyToOne,04_rural,43200,0.9068,6900.0,18600.0,39000.0,594.0,0.8691,2160.0,38880.0,"[2160,38880]",keep_endTime,"Default 5% warmup, 90% cutoff; see useful_simulation_time_metrics"
R9_ExtremeRange_200m__TP12_GroupToGroup,04_rural,43200,0.9068,6900.0,18600.0,39000.0,594.0,0.863,2160.0,38880.0,"[2160,38880]",keep_endTime,"Default 5% warmup, 90% cutoff; see useful_simulation_time_metrics"
D1_ShelterHotspots_Clusters__TP01_Baseline,05_disaster,43200,0.5760000000000001,33300.0,,,12476.0,0.3128,2160.0,38880.0,"[2160,38880]",keep_endTime,"Default 5% warmup, 90% cutoff; see useful_simulation_time_metrics"
D1_ShelterHotspots_Clusters__TP02_LowLoad,05_disaster,43200,0.5648,33300.0,,,12298.0,0.2396,2160.0,38880.0,"[2160,38880]",keep_endTime,"Default 5% warmup, 90% cutoff; see useful_simulation_time_metrics"
D1_ShelterHotspots_Clusters__TP03_ManySmall,05_disaster,43200,0.6012,30300.0,,,12381.0,0.3046,2160.0,38880.0,"[2160,38880]",keep_endTime,"Default 5% warmup, 90% cutoff; see useful_simulation_time_metrics"
D1_ShelterHotspots_Clusters__TP04_FewLarge,05_disaster,43200,0.564,36600.0,,,12407.0,0.2346,2160.0,38880.0,"[2160,38880]",keep_endTime,"Default 5% warmup, 90% cutoff; see useful_simulation_time_metrics"
D1_ShelterHotspots_Clusters__TP05_CriticalTTL,05_disaster,43200,0.5760000000000001,33300.0,,,12476.0,0.0679,2160.0,38880.0,"[2160,38880]",keep_endTime,"Default 5% warmup, 90% cutoff; see useful_simulation_time_metrics"
D1_ShelterHotspots_Clusters__TP06_OneToMany,05_disaster,43200,0.594,33900.0,,,12319.0,0.4433,2160.0,38880.0,"[2160,38880]",keep_endTime,"Default 5% warmup, 90% cutoff; see useful_simulation_time_metrics"
D1_ShelterHotspots_Clusters__TP07_BurstWindow,05_disaster,43200,0.562,34800.0,,,12446.0,0.3049,2160.0,38880.0,"[2160,38880]",keep_endTime,"Default 5% warmup, 90% cutoff; see useful_simulation_time_metrics"
D1_ShelterHotspots_Clusters__TP08_HubTarget,05_disaster,43200,0.594,33900.0,,,12319.0,0.3722,2160.0,38880.0,"[2160,38880]",keep_endTime,"Default 5% warmup, 90% cutoff; see useful_simulation_time_metrics"
D1_ShelterHotspots_Clusters__TP09_Bimodal,05_disaster,43200,0.5928,31500.0,,,12244.0,0.2801,2160.0,38880.0,"[2160,38880]",keep_endTime,"Default 5% warmup, 90% cutoff; see useful_simulation_time_metrics"
D1_ShelterHotspots_Clusters__TP10_Storm,05_disaster,43200,0.544,36000.0,,,12169.0,0.3034,2160.0,38880.0,"[2160,38880]",keep_endTime,"Default 5% warmup, 90% cutoff; see useful_simulation_time_metrics"
D1_ShelterHotspots_Clusters__TP11_ManyToOne,05_disaster,43200,0.594,33900.0,,,12319.0,0.4299,2160.0,38880.0,"[2160,38880]",keep_endTime,"Default 5% warmup, 90% cutoff; see useful_simulation_time_metrics"
D1_ShelterHotspots_Clusters__TP12_GroupToGroup,05_disaster,43200,0.5708,34500.0,,,12412.0,0.0,2160.0,38880.0,"[2160,38880]",keep_endTime,"Default 5% warmup, 90% cutoff; see useful_simulation_time_metrics"
D2_PartitionedCity_MuleBridge__TP01_Baseline,05_disaster,43200,0.2412,,,,1778.0,0.4476,2160.0,38880.0,"[2160,38880]",keep_endTime,"Default 5% warmup, 90% cutoff; see useful_simulation_time_metrics"
D2_PartitionedCity_MuleBridge__TP02_LowLoad,05_disaster,43200,0.23920000000000002,,,,1686.0,0.6947,2160.0,38880.0,"[2160,38880]",keep_endTime,"Default 5% warmup, 90% cutoff; see useful_simulation_time_metrics"
D2_PartitionedCity_MuleBridge__TP03_ManySmall,05_disaster,43200,0.2416,,,,1761.0,0.4644,2160.0,38880.0,"[2160,38880]",keep_endTime,"Default 5% warmup, 90% cutoff; see useful_simulation_time_metrics"
D2_PartitionedCity_MuleBridge__TP04_FewLarge,05_disaster,43200,0.2468,,,,1649.0,0.3736,2160.0,38880.0,"[2160,38880]",keep_endTime,"Default 5% warmup, 90% cutoff; see useful_simulation_time_metrics"
D2_PartitionedCity_MuleBridge__TP05_CriticalTTL,05_disaster,43200,0.2412,,,,1778.0,0.0041,2160.0,38880.0,"[2160,38880]",keep_endTime,"Default 5% warmup, 90% cutoff; see useful_simulation_time_metrics"
D2_PartitionedCity_MuleBridge__TP06_OneToMany,05_disaster,43200,0.2416,,,,1704.0,0.4423,2160.0,38880.0,"[2160,38880]",keep_endTime,"Default 5% warmup, 90% cutoff; see useful_simulation_time_metrics"
D2_PartitionedCity_MuleBridge__TP07_BurstWindow,05_disaster,43200,0.248,,,,1674.0,0.5481,2160.0,38880.0,"[2160,38880]",keep_endTime,"Default 5% warmup, 90% cutoff; see useful_simulation_time_metrics"
D2_PartitionedCity_MuleBridge__TP08_HubTarget,05_disaster,43200,0.2416,,,,1704.0,0.4041,2160.0,38880.0,"[2160,38880]",keep_endTime,"Default 5% warmup, 90% cutoff; see useful_simulation_time_metrics"
D2_PartitionedCity_MuleBridge__TP09_Bimodal,05_disaster,43200,0.2568,,,,1737.0,0.3333,2160.0,38880.0,"[2160,38880]",keep_endTime,"Default 5% warmup, 90% cutoff; see useful_simulation_time_metrics"
D2_PartitionedCity_MuleBridge__TP10_Storm,05_disaster,43200,0.2452,,,,1712.0,0.1974,2160.0,38880.0,"[2160,38880]",keep_endTime,"Default 5% warmup, 90% cutoff; see useful_simulation_time_metrics"
D2_PartitionedCity_MuleBridge__TP11_ManyToOne,05_disaster,43200,0.2416,,,,1704.0,0.4361,2160.0,38880.0,"[2160,38880]",keep_endTime,"Default 5% warmup, 90% cutoff; see useful_simulation_time_metrics"
D2_PartitionedCity_MuleBridge__TP12_GroupToGroup,05_disaster,43200,0.2596,,,,1699.0,0.0,2160.0,38880.0,"[2160,38880]",keep_endTime,"Default 5% warmup, 90% cutoff; see useful_simulation_time_metrics"
D3_Aftershock_ErraticMobility__TP01_Baseline,05_disaster,43200,0.9368000000000001,5100.0,15900.0,30000.0,46.0,0.0225,2160.0,38880.0,"[2160,38880]",keep_endTime,"Default 5% warmup, 90% cutoff; see useful_simulation_time_metrics"
D3_Aftershock_ErraticMobility__TP02_LowLoad,05_disaster,43200,0.9368000000000001,5100.0,15900.0,30000.0,46.0,0.0309,2160.0,38880.0,"[2160,38880]",keep_endTime,"Default 5% warmup, 90% cutoff; see useful_simulation_time_metrics"
D3_Aftershock_ErraticMobility__TP03_ManySmall,05_disaster,43200,0.9368000000000001,5100.0,15900.0,30000.0,46.0,0.0221,2160.0,38880.0,"[2160,38880]",keep_endTime,"Default 5% warmup, 90% cutoff; see useful_simulation_time_metrics"
D3_Aftershock_ErraticMobility__TP04_FewLarge,05_disaster,43200,0.9368000000000001,5100.0,15900.0,30000.0,46.0,0.0276,2160.0,38880.0,"[2160,38880]",keep_endTime,"Default 5% warmup, 90% cutoff; see useful_simulation_time_metrics"
D3_Aftershock_ErraticMobility__TP05_CriticalTTL,05_disaster,43200,0.9368000000000001,5100.0,15900.0,30000.0,46.0,0.0,2160.0,38880.0,"[2160,38880]",keep_endTime,"Default 5% warmup, 90% cutoff; see useful_simulation_time_metrics"
D3_Aftershock_ErraticMobility__TP06_OneToMany,05_disaster,43200,0.9368000000000001,5100.0,15900.0,30000.0,46.0,0.033,2160.0,38880.0,"[2160,38880]",keep_endTime,"Default 5% warmup, 90% cutoff; see useful_simulation_time_metrics"
D3_Aftershock_ErraticMobility__TP07_BurstWindow,05_disaster,43200,0.9368000000000001,5100.0,15900.0,30000.0,46.0,0.0329,2160.0,38880.0,"[2160,38880]",keep_endTime,"Default 5% warmup, 90% cutoff; see useful_simulation_time_metrics"
D3_Aftershock_ErraticMobility__TP08_HubTarget,05_disaster,43200,0.9368000000000001,5100.0,15900.0,30000.0,46.0,0.0371,2160.0,38880.0,"[2160,38880]",keep_endTime,"Default 5% warmup, 90% cutoff; see useful_simulation_time_metrics"
D3_Aftershock_ErraticMobility__TP09_Bimodal,05_disaster,43200,0.9368000000000001,5100.0,15900.0,30000.0,46.0,0.0153,2160.0,38880.0,"[2160,38880]",keep_endTime,"Default 5% warmup, 90% cutoff; see useful_simulation_time_metrics"
D3_Aftershock_ErraticMobility__TP10_Storm,05_disaster,43200,0.9368000000000001,5100.0,15900.0,30000.0,46.0,0.0016,2160.0,38880.0,"[2160,38880]",keep_endTime,"Default 5% warmup, 90% cutoff; see useful_simulation_time_metrics"
D3_Aftershock_ErraticMobility__TP11_ManyToOne,05_disaster,43200,0.9368000000000001,5100.0,15900.0,30000.0,46.0,0.0423,2160.0,38880.0,"[2160,38880]",keep_endTime,"Default 5% warmup, 90% cutoff; see useful_simulation_time_metrics"
D3_Aftershock_ErraticMobility__TP12_GroupToGroup,05_disaster,43200,0.9368000000000001,5100.0,15900.0,30000.0,46.0,0.0245,2160.0,38880.0,"[2160,38880]",keep_endTime,"Default 5% warmup, 90% cutoff; see useful_simulation_time_metrics"
D4_MedicalTriage_TwoClasses__TP01_Baseline,05_disaster,43200,0.9236,5700.0,18300.0,35400.0,66.0,0.0819,2160.0,38880.0,"[2160,38880]",keep_endTime,"Default 5% warmup, 90% cutoff; see useful_simulation_time_metrics"
D4_MedicalTriage_TwoClasses__TP02_LowLoad,05_disaster,43200,0.9236,5700.0,18300.0,35400.0,66.0,0.0833,2160.0,38880.0,"[2160,38880]",keep_endTime,"Default 5% warmup, 90% cutoff; see useful_simulation_time_metrics"
D4_MedicalTriage_TwoClasses__TP03_ManySmall,05_disaster,43200,0.9236,5700.0,18300.0,35400.0,66.0,0.0652,2160.0,38880.0,"[2160,38880]",keep_endTime,"Default 5% warmup, 90% cutoff; see useful_simulation_time_metrics"
D4_MedicalTriage_TwoClasses__TP04_FewLarge,05_disaster,43200,0.9236,5700.0,18300.0,35400.0,66.0,0.0994,2160.0,38880.0,"[2160,38880]",keep_endTime,"Default 5% warmup, 90% cutoff; see useful_simulation_time_metrics"
D4_MedicalTriage_TwoClasses__TP05_CriticalTTL,05_disaster,43200,0.9236,5700.0,18300.0,35400.0,66.0,0.0,2160.0,38880.0,"[2160,38880]",keep_endTime,"Default 5% warmup, 90% cutoff; see useful_simulation_time_metrics"
D4_MedicalTriage_TwoClasses__TP06_OneToMany,05_disaster,43200,0.9236,5700.0,18300.0,35400.0,66.0,0.1247,2160.0,38880.0,"[2160,38880]",keep_endTime,"Default 5% warmup, 90% cutoff; see useful_simulation_time_metrics"
D4_MedicalTriage_TwoClasses__TP07_BurstWindow,05_disaster,43200,0.9236,5700.0,18300.0,35400.0,66.0,0.1314,2160.0,38880.0,"[2160,38880]",keep_endTime,"Default 5% warmup, 90% cutoff; see useful_simulation_time_metrics"
D4_MedicalTriage_TwoClasses__TP08_HubTarget,05_disaster,43200,0.9236,5700.0,18300.0,35400.0,66.0,0.0907,2160.0,38880.0,"[2160,38880]",keep_endTime,"Default 5% warmup, 90% cutoff; see useful_simulation_time_metrics"
D4_MedicalTriage_TwoClasses__TP09_Bimodal,05_disaster,43200,0.9236,5700.0,18300.0,35400.0,66.0,0.0788,2160.0,38880.0,"[2160,38880]",keep_endTime,"Default 5% warmup, 90% cutoff; see useful_simulation_time_metrics"
D4_MedicalTriage_TwoClasses__TP10_Storm,05_disaster,43200,0.9236,5700.0,18300.0,35400.0,66.0,0.0059,2160.0,38880.0,"[2160,38880]",keep_endTime,"Default 5% warmup, 90% cutoff; see useful_simulation_time_metrics"
D4_MedicalTriage_TwoClasses__TP11_ManyToOne,05_disaster,43200,0.9236,5700.0,18300.0,35400.0,66.0,0.1196,2160.0,38880.0,"[2160,38880]",keep_endTime,"Default 5% warmup, 90% cutoff; see useful_simulation_time_metrics"
D4_MedicalTriage_TwoClasses__TP12_GroupToGroup,05_disaster,43200,0.9236,5700.0,18300.0,35400.0,66.0,0.092,2160.0,38880.0,"[2160,38880]",keep_endTime,"Default 5% warmup, 90% cutoff; see useful_simulation_time_metrics"
D5_UAVMule_FastRoute_HelsinkiMedium__TP01_Baseline,05_disaster,43200,0.055999999999999994,,,,424.0,0.0125,2160.0,38880.0,"[2160,38880]",review_worldSize,"Default 5% warmup, 90% cutoff; see useful_simulation_time_metrics"
D5_UAVMule_FastRoute_HelsinkiMedium__TP02_LowLoad,05_disaster,43200,0.055999999999999994,,,,382.0,0.0,2160.0,38880.0,"[2160,38880]",review_worldSize,"Default 5% warmup, 90% cutoff; see useful_simulation_time_metrics"
D5_UAVMule_FastRoute_HelsinkiMedium__TP03_ManySmall,05_disaster,43200,0.055999999999999994,,,,416.0,0.005,2160.0,38880.0,"[2160,38880]",review_worldSize,"Default 5% warmup, 90% cutoff; see useful_simulation_time_metrics"
D5_UAVMule_FastRoute_HelsinkiMedium__TP04_FewLarge,05_disaster,43200,0.055999999999999994,,,,399.0,0.0,2160.0,38880.0,"[2160,38880]",review_worldSize,"Default 5% warmup, 90% cutoff; see useful_simulation_time_metrics"
D5_UAVMule_FastRoute_HelsinkiMedium__TP05_CriticalTTL,05_disaster,43200,0.055999999999999994,,,,424.0,0.0042,2160.0,38880.0,"[2160,38880]",review_worldSize,"Default 5% warmup, 90% cutoff; see useful_simulation_time_metrics"
D5_UAVMule_FastRoute_HelsinkiMedium__TP06_OneToMany,05_disaster,43200,0.055999999999999994,,,,419.0,0.0,2160.0,38880.0,"[2160,38880]",review_worldSize,"Default 5% warmup, 90% cutoff; see useful_simulation_time_metrics"
D5_UAVMule_FastRoute_HelsinkiMedium__TP07_BurstWindow,05_disaster,43200,0.055999999999999994,,,,401.0,0.0028,2160.0,38880.0,"[2160,38880]",review_worldSize,"Default 5% warmup, 90% cutoff; see useful_simulation_time_metrics"
D5_UAVMule_FastRoute_HelsinkiMedium__TP08_HubTarget,05_disaster,43200,0.055999999999999994,,,,419.0,0.0,2160.0,38880.0,"[2160,38880]",review_worldSize,"Default 5% warmup, 90% cutoff; see useful_simulation_time_metrics"
D5_UAVMule_FastRoute_HelsinkiMedium__TP09_Bimodal,05_disaster,43200,0.0556,,,,419.0,0.0087,2160.0,38880.0,"[2160,38880]",review_worldSize,"Default 5% warmup, 90% cutoff; see useful_simulation_time_metrics"
D5_UAVMule_FastRoute_HelsinkiMedium__TP10_Storm,05_disaster,43200,0.055999999999999994,,,,426.0,0.005,2160.0,38880.0,"[2160,38880]",review_worldSize,"Default 5% warmup, 90% cutoff; see useful_simulation_time_metrics"
D5_UAVMule_FastRoute_HelsinkiMedium__TP11_ManyToOne,05_disaster,43200,0.055999999999999994,,,,419.0,0.0,2160.0,38880.0,"[2160,38880]",review_worldSize,"Default 5% warmup, 90% cutoff; see useful_simulation_time_metrics"
D5_UAVMule_FastRoute_HelsinkiMedium__TP12_GroupToGroup,05_disaster,43200,0.0556,,,,396.0,0.0389,2160.0,38880.0,"[2160,38880]",review_worldSize,"Default 5% warmup, 90% cutoff; see useful_simulation_time_metrics"
D6_ShortTtlCritical_5to10min__TP01_Baseline,05_disaster,14400,0.8568000000000001,3000.0,10200.0,,24.0,0.3043,720.0,12960.0,"[720,12960]",keep_endTime,"Default 5% warmup, 90% cutoff; see useful_simulation_time_metrics"
D6_ShortTtlCritical_5to10min__TP02_LowLoad,05_disaster,14400,0.8568000000000001,3000.0,10200.0,,24.0,0.2188,720.0,12960.0,"[720,12960]",keep_endTime,"Default 5% warmup, 90% cutoff; see useful_simulation_time_metrics"
D6_ShortTtlCritical_5to10min__TP03_ManySmall,05_disaster,14400,0.8568000000000001,3000.0,10200.0,,24.0,0.2797,720.0,12960.0,"[720,12960]",keep_endTime,"Default 5% warmup, 90% cutoff; see useful_simulation_time_metrics"
D6_ShortTtlCritical_5to10min__TP04_FewLarge,05_disaster,14400,0.8568000000000001,3000.0,10200.0,,24.0,0.25,720.0,12960.0,"[720,12960]",keep_endTime,"Default 5% warmup, 90% cutoff; see useful_simulation_time_metrics"
D6_ShortTtlCritical_5to10min__TP05_CriticalTTL,05_disaster,14400,0.8568000000000001,3000.0,10200.0,,24.0,0.0,720.0,12960.0,"[720,12960]",keep_endTime,"Default 5% warmup, 90% cutoff; see useful_simulation_time_metrics"
D6_ShortTtlCritical_5to10min__TP06_OneToMany,05_disaster,14400,0.8568000000000001,3000.0,10200.0,,24.0,0.0308,720.0,12960.0,"[720,12960]",keep_endTime,"Default 5% warmup, 90% cutoff; see useful_simulation_time_metrics"
D6_ShortTtlCritical_5to10min__TP07_BurstWindow,05_disaster,14400,0.8568000000000001,3000.0,10200.0,,24.0,0.5469,720.0,12960.0,"[720,12960]",keep_endTime,"Default 5% warmup, 90% cutoff; see useful_simulation_time_metrics"
D6_ShortTtlCritical_5to10min__TP08_HubTarget,05_disaster,14400,0.8568000000000001,3000.0,10200.0,,24.0,0.1662,720.0,12960.0,"[720,12960]",keep_endTime,"Default 5% warmup, 90% cutoff; see useful_simulation_time_metrics"
D6_ShortTtlCritical_5to10min__TP09_Bimodal,05_disaster,14400,0.8568000000000001,3000.0,10200.0,,24.0,0.2865,720.0,12960.0,"[720,12960]",keep_endTime,"Default 5% warmup, 90% cutoff; see useful_simulation_time_metrics"
D6_ShortTtlCritical_5to10min__TP10_Storm,05_disaster,14400,0.8568000000000001,3000.0,10200.0,,24.0,0.0391,720.0,12960.0,"[720,12960]",keep_endTime,"Default 5% warmup, 90% cutoff; see useful_simulation_time_metrics"
D6_ShortTtlCritical_5to10min__TP11_ManyToOne,05_disaster,14400,0.8568000000000001,3000.0,10200.0,,24.0,0.2215,720.0,12960.0,"[720,12960]",keep_endTime,"Default 5% warmup, 90% cutoff; see useful_simulation_time_metrics"
D6_ShortTtlCritical_5to10min__TP12_GroupToGroup,05_disaster,14400,0.8568000000000001,3000.0,10200.0,,24.0,0.2453,720.0,12960.0,"[720,12960]",keep_endTime,"Default 5% warmup, 90% cutoff; see useful_simulation_time_metrics"
D7_HighLoad_TrafficStorm__TP01_Baseline,05_disaster,14400,0.9136,2400.0,7200.0,13200.0,37.0,0.3665,720.0,12960.0,"[720,12960]",keep_endTime,"Default 5% warmup, 90% cutoff; see useful_simulation_time_metrics"
D7_HighLoad_TrafficStorm__TP02_LowLoad,05_disaster,14400,0.9136,2400.0,7200.0,13200.0,37.0,0.3333,720.0,12960.0,"[720,12960]",keep_endTime,"Default 5% warmup, 90% cutoff; see useful_simulation_time_metrics"
D7_HighLoad_TrafficStorm__TP03_ManySmall,05_disaster,14400,0.9136,2400.0,7200.0,13200.0,37.0,0.3594,720.0,12960.0,"[720,12960]",keep_endTime,"Default 5% warmup, 90% cutoff; see useful_simulation_time_metrics"
D7_HighLoad_TrafficStorm__TP04_FewLarge,05_disaster,14400,0.9136,2400.0,7200.0,13200.0,37.0,0.3103,720.0,12960.0,"[720,12960]",keep_endTime,"Default 5% warmup, 90% cutoff; see useful_simulation_time_metrics"
D7_HighLoad_TrafficStorm__TP05_CriticalTTL,05_disaster,14400,0.9136,2400.0,7200.0,13200.0,37.0,0.0062,720.0,12960.0,"[720,12960]",keep_endTime,"Default 5% warmup, 90% cutoff; see useful_simulation_time_metrics"
D7_HighLoad_TrafficStorm__TP06_OneToMany,05_disaster,14400,0.9136,2400.0,7200.0,13200.0,37.0,0.3969,720.0,12960.0,"[720,12960]",keep_endTime,"Default 5% warmup, 90% cutoff; see useful_simulation_time_metrics"
D7_HighLoad_TrafficStorm__TP07_BurstWindow,05_disaster,14400,0.9136,2400.0,7200.0,13200.0,37.0,0.6638,720.0,12960.0,"[720,12960]",keep_endTime,"Default 5% warmup, 90% cutoff; see useful_simulation_time_metrics"
D7_HighLoad_TrafficStorm__TP08_HubTarget,05_disaster,14400,0.9136,2400.0,7200.0,13200.0,37.0,0.3385,720.0,12960.0,"[720,12960]",keep_endTime,"Default 5% warmup, 90% cutoff; see useful_simulation_time_metrics"
D7_HighLoad_TrafficStorm__TP09_Bimodal,05_disaster,14400,0.9136,2400.0,7200.0,13200.0,37.0,0.3385,720.0,12960.0,"[720,12960]",keep_endTime,"Default 5% warmup, 90% cutoff; see useful_simulation_time_metrics"
D7_HighLoad_TrafficStorm__TP10_Storm,05_disaster,14400,0.9048,2400.0,7200.0,14100.0,37.0,0.0617,720.0,12960.0,"[720,12960]",keep_endTime,"Default 5% warmup, 90% cutoff; see useful_simulation_time_metrics"
D7_HighLoad_TrafficStorm__TP11_ManyToOne,05_disaster,14400,0.9136,2400.0,7200.0,13200.0,37.0,0.1415,720.0,12960.0,"[720,12960]",keep_endTime,"Default 5% warmup, 90% cutoff; see useful_simulation_time_metrics"
D7_HighLoad_TrafficStorm__TP12_GroupToGroup,05_disaster,14400,0.9136,2400.0,7200.0,13200.0,37.0,0.4025,720.0,12960.0,"[720,12960]",keep_endTime,"Default 5% warmup, 90% cutoff; see useful_simulation_time_metrics"
D8_InfrastructureReturns_BackboneLinks__TP01_Baseline,05_disaster,43200,0.0288,,,,3683.0,0.4753,2160.0,38880.0,"[2160,38880]",review_worldSize,"Default 5% warmup, 90% cutoff; see useful_simulation_time_metrics"
D8_InfrastructureReturns_BackboneLinks__TP02_LowLoad,05_disaster,43200,0.0288,,,,3726.0,0.4583,2160.0,38880.0,"[2160,38880]",review_worldSize,"Default 5% warmup, 90% cutoff; see useful_simulation_time_metrics"
D8_InfrastructureReturns_BackboneLinks__TP03_ManySmall,05_disaster,43200,0.0288,,,,3787.0,0.453,2160.0,38880.0,"[2160,38880]",review_worldSize,"Default 5% warmup, 90% cutoff; see useful_simulation_time_metrics"
D8_InfrastructureReturns_BackboneLinks__TP04_FewLarge,05_disaster,43200,0.0288,,,,3695.0,0.3408,2160.0,38880.0,"[2160,38880]",review_worldSize,"Default 5% warmup, 90% cutoff; see useful_simulation_time_metrics"
D8_InfrastructureReturns_BackboneLinks__TP05_CriticalTTL,05_disaster,43200,0.0288,,,,3683.0,0.0123,2160.0,38880.0,"[2160,38880]",review_worldSize,"Default 5% warmup, 90% cutoff; see useful_simulation_time_metrics"
D8_InfrastructureReturns_BackboneLinks__TP06_OneToMany,05_disaster,43200,0.0288,,,,3709.0,0.4732,2160.0,38880.0,"[2160,38880]",review_worldSize,"Default 5% warmup, 90% cutoff; see useful_simulation_time_metrics"
D8_InfrastructureReturns_BackboneLinks__TP07_BurstWindow,05_disaster,43200,0.0288,,,,3696.0,0.489,2160.0,38880.0,"[2160,38880]",review_worldSize,"Default 5% warmup, 90% cutoff; see useful_simulation_time_metrics"
D8_InfrastructureReturns_BackboneLinks__TP08_HubTarget,05_disaster,43200,0.0288,,,,3709.0,0.432,2160.0,38880.0,"[2160,38880]",review_worldSize,"Default 5% warmup, 90% cutoff; see useful_simulation_time_metrics"
D8_InfrastructureReturns_BackboneLinks__TP09_Bimodal,05_disaster,43200,0.0288,,,,3683.0,0.3677,2160.0,38880.0,"[2160,38880]",review_worldSize,"Default 5% warmup, 90% cutoff; see useful_simulation_time_metrics"
D8_InfrastructureReturns_BackboneLinks__TP10_Storm,05_disaster,43200,0.0288,,,,3806.0,0.3984,2160.0,38880.0,"[2160,38880]",review_worldSize,"Default 5% warmup, 90% cutoff; see useful_simulation_time_metrics"
D8_InfrastructureReturns_BackboneLinks__TP11_ManyToOne,05_disaster,43200,0.0288,,,,3709.0,0.4948,2160.0,38880.0,"[2160,38880]",review_worldSize,"Default 5% warmup, 90% cutoff; see useful_simulation_time_metrics"
D8_InfrastructureReturns_BackboneLinks__TP12_GroupToGroup,05_disaster,43200,0.0288,,,,3683.0,0.0,2160.0,38880.0,"[2160,38880]",review_worldSize,"Default 5% warmup, 90% cutoff; see useful_simulation_time_metrics"
D9_Critical_1minTTL__TP01_Baseline,05_disaster,43200,0.8588,8100.0,30900.0,,36.0,0.0287,2160.0,38880.0,"[2160,38880]",keep_endTime,"Default 5% warmup, 90% cutoff; see useful_simulation_time_metrics"
D9_Critical_1minTTL__TP02_LowLoad,05_disaster,43200,0.8588,8100.0,30900.0,,36.0,0.0211,2160.0,38880.0,"[2160,38880]",keep_endTime,"Default 5% warmup, 90% cutoff; see useful_simulation_time_metrics"
D9_Critical_1minTTL__TP03_ManySmall,05_disaster,43200,0.8588,8100.0,30900.0,,36.0,0.0282,2160.0,38880.0,"[2160,38880]",keep_endTime,"Default 5% warmup, 90% cutoff; see useful_simulation_time_metrics"
D9_Critical_1minTTL__TP04_FewLarge,05_disaster,43200,0.8588,8100.0,30900.0,,36.0,0.0111,2160.0,38880.0,"[2160,38880]",keep_endTime,"Default 5% warmup, 90% cutoff; see useful_simulation_time_metrics"
D9_Critical_1minTTL__TP05_CriticalTTL,05_disaster,43200,0.8588,8100.0,30900.0,,36.0,0.0021,2160.0,38880.0,"[2160,38880]",keep_endTime,"Default 5% warmup, 90% cutoff; see useful_simulation_time_metrics"
D9_Critical_1minTTL__TP06_OneToMany,05_disaster,43200,0.8588,8100.0,30900.0,,36.0,0.0371,2160.0,38880.0,"[2160,38880]",keep_endTime,"Default 5% warmup, 90% cutoff; see useful_simulation_time_metrics"
D9_Critical_1minTTL__TP07_BurstWindow,05_disaster,43200,0.8588,8100.0,30900.0,,36.0,0.0568,2160.0,38880.0,"[2160,38880]",keep_endTime,"Default 5% warmup, 90% cutoff; see useful_simulation_time_metrics"
D9_Critical_1minTTL__TP08_HubTarget,05_disaster,43200,0.8588,8100.0,30900.0,,36.0,0.0103,2160.0,38880.0,"[2160,38880]",keep_endTime,"Default 5% warmup, 90% cutoff; see useful_simulation_time_metrics"
D9_Critical_1minTTL__TP09_Bimodal,05_disaster,43200,0.8588,8100.0,30900.0,,36.0,0.0293,2160.0,38880.0,"[2160,38880]",keep_endTime,"Default 5% warmup, 90% cutoff; see useful_simulation_time_metrics"
D9_Critical_1minTTL__TP10_Storm,05_disaster,43200,0.8588,8100.0,30900.0,,36.0,0.0032,2160.0,38880.0,"[2160,38880]",keep_endTime,"Default 5% warmup, 90% cutoff; see useful_simulation_time_metrics"
D9_Critical_1minTTL__TP11_ManyToOne,05_disaster,43200,0.8588,8100.0,30900.0,,36.0,0.0134,2160.0,38880.0,"[2160,38880]",keep_endTime,"Default 5% warmup, 90% cutoff; see useful_simulation_time_metrics"
D9_Critical_1minTTL__TP12_GroupToGroup,05_disaster,43200,0.8588,8100.0,30900.0,,36.0,0.0286,2160.0,38880.0,"[2160,38880]",keep_endTime,"Default 5% warmup, 90% cutoff; see useful_simulation_time_metrics"
S1_StrongCommunities_SeparateClusters__TP01_Baseline,06_social,43200,0.0192,,,,8089.0,0.2444,2160.0,38880.0,"[2160,38880]",review_worldSize,"Default 5% warmup, 90% cutoff; see useful_simulation_time_metrics"
S1_StrongCommunities_SeparateClusters__TP02_LowLoad,06_social,43200,0.0192,,,,7942.0,0.1443,2160.0,38880.0,"[2160,38880]",review_worldSize,"Default 5% warmup, 90% cutoff; see useful_simulation_time_metrics"
S1_StrongCommunities_SeparateClusters__TP03_ManySmall,06_social,43200,0.0192,,,,6781.0,,2160.0,38880.0,"[2160,38880]",review_worldSize,"Default 5% warmup, 90% cutoff; see useful_simulation_time_metrics"
S1_StrongCommunities_SeparateClusters__TP04_FewLarge,06_social,43200,0.0192,,,,8058.0,0.1778,2160.0,38880.0,"[2160,38880]",review_worldSize,"Default 5% warmup, 90% cutoff; see useful_simulation_time_metrics"
S1_StrongCommunities_SeparateClusters__TP05_CriticalTTL,06_social,43200,0.0192,,,,8089.0,0.0978,2160.0,38880.0,"[2160,38880]",review_worldSize,"Default 5% warmup, 90% cutoff; see useful_simulation_time_metrics"
S1_StrongCommunities_SeparateClusters__TP06_OneToMany,06_social,43200,0.0192,,,,7844.0,0.2691,2160.0,38880.0,"[2160,38880]",review_worldSize,"Default 5% warmup, 90% cutoff; see useful_simulation_time_metrics"
S1_StrongCommunities_SeparateClusters__TP07_BurstWindow,06_social,43200,0.0192,,,,7976.0,0.2398,2160.0,38880.0,"[2160,38880]",review_worldSize,"Default 5% warmup, 90% cutoff; see useful_simulation_time_metrics"
S1_StrongCommunities_SeparateClusters__TP08_HubTarget,06_social,43200,0.0192,,,,7844.0,0.1918,2160.0,38880.0,"[2160,38880]",review_worldSize,"Default 5% warmup, 90% cutoff; see useful_simulation_time_metrics"
S1_StrongCommunities_SeparateClusters__TP09_Bimodal,06_social,43200,0.0192,,,,7878.0,0.2262,2160.0,38880.0,"[2160,38880]",review_worldSize,"Default 5% warmup, 90% cutoff; see useful_simulation_time_metrics"
S1_StrongCommunities_SeparateClusters__TP10_Storm,06_social,43200,0.0192,,,,8064.0,0.2514,2160.0,38880.0,"[2160,38880]",review_worldSize,"Default 5% warmup, 90% cutoff; see useful_simulation_time_metrics"
S1_StrongCommunities_SeparateClusters__TP11_ManyToOne,06_social,43200,0.0192,,,,7844.0,,2160.0,38880.0,"[2160,38880]",review_worldSize,"Default 5% warmup, 90% cutoff; see useful_simulation_time_metrics"
S1_StrongCommunities_SeparateClusters__TP12_GroupToGroup,06_social,43200,0.0192,,,,8022.0,0.0,2160.0,38880.0,"[2160,38880]",review_worldSize,"Default 5% warmup, 90% cutoff; see useful_simulation_time_metrics"
S2_WeakCommunities_HighMixing__TP01_Baseline,06_social,43200,0.9940000000000001,1800.0,5400.0,8700.0,625.0,0.6132,2160.0,38880.0,"[2160,38880]",keep_endTime,"Default 5% warmup, 90% cutoff; see useful_simulation_time_metrics"
S2_WeakCommunities_HighMixing__TP02_LowLoad,06_social,43200,0.9940000000000001,1800.0,5400.0,8700.0,625.0,0.6771,2160.0,38880.0,"[2160,38880]",keep_endTime,"Default 5% warmup, 90% cutoff; see useful_simulation_time_metrics"
S2_WeakCommunities_HighMixing__TP03_ManySmall,06_social,43200,0.99,1800.0,5400.0,9000.0,597.0,0.4094,2160.0,38880.0,"[2160,38880]",keep_endTime,"Default 5% warmup, 90% cutoff; see useful_simulation_time_metrics"
S2_WeakCommunities_HighMixing__TP04_FewLarge,06_social,43200,0.9940000000000001,1800.0,5400.0,8700.0,625.0,0.3352,2160.0,38880.0,"[2160,38880]",keep_endTime,"Default 5% warmup, 90% cutoff; see useful_simulation_time_metrics"
S2_WeakCommunities_HighMixing__TP05_CriticalTTL,06_social,43200,0.9940000000000001,1800.0,5400.0,8700.0,625.0,0.0041,2160.0,38880.0,"[2160,38880]",keep_endTime,"Default 5% warmup, 90% cutoff; see useful_simulation_time_metrics"
S2_WeakCommunities_HighMixing__TP06_OneToMany,06_social,43200,0.9928,1800.0,5400.0,8700.0,645.0,0.4021,2160.0,38880.0,"[2160,38880]",keep_endTime,"Default 5% warmup, 90% cutoff; see useful_simulation_time_metrics"
S2_WeakCommunities_HighMixing__TP07_BurstWindow,06_social,43200,0.9936,1800.0,5400.0,8700.0,590.0,0.9231,2160.0,38880.0,"[2160,38880]",keep_endTime,"Default 5% warmup, 90% cutoff; see useful_simulation_time_metrics"
S2_WeakCommunities_HighMixing__TP08_HubTarget,06_social,43200,0.9928,1800.0,5400.0,8700.0,645.0,0.4588,2160.0,38880.0,"[2160,38880]",keep_endTime,"Default 5% warmup, 90% cutoff; see useful_simulation_time_metrics"
S2_WeakCommunities_HighMixing__TP09_Bimodal,06_social,43200,0.9940000000000001,1800.0,5400.0,8700.0,625.0,0.354,2160.0,38880.0,"[2160,38880]",keep_endTime,"Default 5% warmup, 90% cutoff; see useful_simulation_time_metrics"
S2_WeakCommunities_HighMixing__TP10_Storm,06_social,43200,0.992,1800.0,5400.0,8700.0,603.0,0.0305,2160.0,38880.0,"[2160,38880]",keep_endTime,"Default 5% warmup, 90% cutoff; see useful_simulation_time_metrics"
S2_WeakCommunities_HighMixing__TP11_ManyToOne,06_social,43200,0.9928,1800.0,5400.0,8700.0,645.0,0.5082,2160.0,38880.0,"[2160,38880]",keep_endTime,"Default 5% warmup, 90% cutoff; see useful_simulation_time_metrics"
S2_WeakCommunities_HighMixing__TP12_GroupToGroup,06_social,43200,0.9940000000000001,1800.0,5400.0,8700.0,625.0,0.6033,2160.0,38880.0,"[2160,38880]",keep_endTime,"Default 5% warmup, 90% cutoff; see useful_simulation_time_metrics"
S3_PeriodicMeetings_RegularRhythm__TP01_Baseline,06_social,43200,0.9536,4200.0,11700.0,22200.0,112.0,0.1408,2160.0,38880.0,"[2160,38880]",keep_endTime,"Default 5% warmup, 90% cutoff; see useful_simulation_time_metrics"
S3_PeriodicMeetings_RegularRhythm__TP02_LowLoad,06_social,43200,0.9536,4200.0,11700.0,22200.0,112.0,0.1875,2160.0,38880.0,"[2160,38880]",keep_endTime,"Default 5% warmup, 90% cutoff; see useful_simulation_time_metrics"
S3_PeriodicMeetings_RegularRhythm__TP03_ManySmall,06_social,43200,0.95,4200.0,11700.0,22200.0,121.0,0.1602,2160.0,38880.0,"[2160,38880]",keep_endTime,"Default 5% warmup, 90% cutoff; see useful_simulation_time_metrics"
S3_PeriodicMeetings_RegularRhythm__TP04_FewLarge,06_social,43200,0.9536,4200.0,11700.0,22200.0,112.0,0.1105,2160.0,38880.0,"[2160,38880]",keep_endTime,"Default 5% warmup, 90% cutoff; see useful_simulation_time_metrics"
S3_PeriodicMeetings_RegularRhythm__TP05_CriticalTTL,06_social,43200,0.9536,4200.0,11700.0,22200.0,112.0,0.0021,2160.0,38880.0,"[2160,38880]",keep_endTime,"Default 5% warmup, 90% cutoff; see useful_simulation_time_metrics"
S3_PeriodicMeetings_RegularRhythm__TP06_OneToMany,06_social,43200,0.9536,4200.0,11700.0,22200.0,112.0,0.1113,2160.0,38880.0,"[2160,38880]",keep_endTime,"Default 5% warmup, 90% cutoff; see useful_simulation_time_metrics"
S3_PeriodicMeetings_RegularRhythm__TP07_BurstWindow,06_social,43200,0.9536,4200.0,11700.0,22200.0,112.0,0.2571,2160.0,38880.0,"[2160,38880]",keep_endTime,"Default 5% warmup, 90% cutoff; see useful_simulation_time_metrics"
S3_PeriodicMeetings_RegularRhythm__TP08_HubTarget,06_social,43200,0.9536,4200.0,11700.0,22200.0,112.0,0.1804,2160.0,38880.0,"[2160,38880]",keep_endTime,"Default 5% warmup, 90% cutoff; see useful_simulation_time_metrics"
S3_PeriodicMeetings_RegularRhythm__TP09_Bimodal,06_social,43200,0.9536,4200.0,11700.0,22200.0,112.0,0.1191,2160.0,38880.0,"[2160,38880]",keep_endTime,"Default 5% warmup, 90% cutoff; see useful_simulation_time_metrics"
S3_PeriodicMeetings_RegularRhythm__TP10_Storm,06_social,43200,0.9536,4200.0,11700.0,22200.0,112.0,0.0109,2160.0,38880.0,"[2160,38880]",keep_endTime,"Default 5% warmup, 90% cutoff; see useful_simulation_time_metrics"
S3_PeriodicMeetings_RegularRhythm__TP11_ManyToOne,06_social,43200,0.9536,4200.0,11700.0,22200.0,112.0,0.0186,2160.0,38880.0,"[2160,38880]",keep_endTime,"Default 5% warmup, 90% cutoff; see useful_simulation_time_metrics"
S3_PeriodicMeetings_RegularRhythm__TP12_GroupToGroup,06_social,43200,0.9536,4200.0,11700.0,22200.0,112.0,0.1554,2160.0,38880.0,"[2160,38880]",keep_endTime,"Default 5% warmup, 90% cutoff; see useful_simulation_time_metrics"
S4_RandomMixing_NoHotspots__TP01_Baseline,06_social,43200,0.8908,6900.0,24300.0,,69.0,0.0379,2160.0,38880.0,"[2160,38880]",keep_endTime,"Default 5% warmup, 90% cutoff; see useful_simulation_time_metrics"
S4_RandomMixing_NoHotspots__TP02_LowLoad,06_social,43200,0.8908,6900.0,24300.0,,69.0,0.0316,2160.0,38880.0,"[2160,38880]",keep_endTime,"Default 5% warmup, 90% cutoff; see useful_simulation_time_metrics"
S4_RandomMixing_NoHotspots__TP03_ManySmall,06_social,43200,0.8908,6900.0,24300.0,,69.0,0.0371,2160.0,38880.0,"[2160,38880]",keep_endTime,"Default 5% warmup, 90% cutoff; see useful_simulation_time_metrics"
S4_RandomMixing_NoHotspots__TP04_FewLarge,06_social,43200,0.8908,6900.0,24300.0,,69.0,0.0385,2160.0,38880.0,"[2160,38880]",keep_endTime,"Default 5% warmup, 90% cutoff; see useful_simulation_time_metrics"
S4_RandomMixing_NoHotspots__TP05_CriticalTTL,06_social,43200,0.8908,6900.0,24300.0,,69.0,0.0,2160.0,38880.0,"[2160,38880]",keep_endTime,"Default 5% warmup, 90% cutoff; see useful_simulation_time_metrics"
S4_RandomMixing_NoHotspots__TP06_OneToMany,06_social,43200,0.8908,6900.0,24300.0,,69.0,0.0165,2160.0,38880.0,"[2160,38880]",keep_endTime,"Default 5% warmup, 90% cutoff; see useful_simulation_time_metrics"
S4_RandomMixing_NoHotspots__TP07_BurstWindow,06_social,43200,0.8908,6900.0,24300.0,,69.0,0.078,2160.0,38880.0,"[2160,38880]",keep_endTime,"Default 5% warmup, 90% cutoff; see useful_simulation_time_metrics"
S4_RandomMixing_NoHotspots__TP08_HubTarget,06_social,43200,0.8908,6900.0,24300.0,,69.0,0.0454,2160.0,38880.0,"[2160,38880]",keep_endTime,"Default 5% warmup, 90% cutoff; see useful_simulation_time_metrics"
S4_RandomMixing_NoHotspots__TP09_Bimodal,06_social,43200,0.8908,6900.0,24300.0,,69.0,0.0334,2160.0,38880.0,"[2160,38880]",keep_endTime,"Default 5% warmup, 90% cutoff; see useful_simulation_time_metrics"
S4_RandomMixing_NoHotspots__TP10_Storm,06_social,43200,0.8908,6900.0,24300.0,,69.0,0.0042,2160.0,38880.0,"[2160,38880]",keep_endTime,"Default 5% warmup, 90% cutoff; see useful_simulation_time_metrics"
S4_RandomMixing_NoHotspots__TP11_ManyToOne,06_social,43200,0.8908,6900.0,24300.0,,69.0,0.1598,2160.0,38880.0,"[2160,38880]",keep_endTime,"Default 5% warmup, 90% cutoff; see useful_simulation_time_metrics"
S4_RandomMixing_NoHotspots__TP12_GroupToGroup,06_social,43200,0.8908,6900.0,24300.0,,69.0,0.0286,2160.0,38880.0,"[2160,38880]",keep_endTime,"Default 5% warmup, 90% cutoff; see useful_simulation_time_metrics"
S5_TwoLayer_StudentsStaff__TP01_Baseline,06_social,43200,0.9795999999999999,2400.0,7500.0,14700.0,308.0,0.3417,2160.0,38880.0,"[2160,38880]",keep_endTime,"Default 5% warmup, 90% cutoff; see useful_simulation_time_metrics"
S5_TwoLayer_StudentsStaff__TP02_LowLoad,06_social,43200,0.9812000000000001,2400.0,7500.0,14700.0,318.0,0.4632,2160.0,38880.0,"[2160,38880]",keep_endTime,"Default 5% warmup, 90% cutoff; see useful_simulation_time_metrics"
S5_TwoLayer_StudentsStaff__TP03_ManySmall,06_social,43200,0.9812000000000001,2400.0,7500.0,14700.0,318.0,0.2127,2160.0,38880.0,"[2160,38880]",keep_endTime,"Default 5% warmup, 90% cutoff; see useful_simulation_time_metrics"
S5_TwoLayer_StudentsStaff__TP04_FewLarge,06_social,43200,0.9795999999999999,2400.0,7500.0,14700.0,308.0,0.2376,2160.0,38880.0,"[2160,38880]",keep_endTime,"Default 5% warmup, 90% cutoff; see useful_simulation_time_metrics"
S5_TwoLayer_StudentsStaff__TP05_CriticalTTL,06_social,43200,0.9795999999999999,2400.0,7500.0,14700.0,308.0,0.0,2160.0,38880.0,"[2160,38880]",keep_endTime,"Default 5% warmup, 90% cutoff; see useful_simulation_time_metrics"
S5_TwoLayer_StudentsStaff__TP06_OneToMany,06_social,43200,0.9795999999999999,2400.0,7500.0,14700.0,308.0,0.1526,2160.0,38880.0,"[2160,38880]",keep_endTime,"Default 5% warmup, 90% cutoff; see useful_simulation_time_metrics"
S5_TwoLayer_StudentsStaff__TP07_BurstWindow,06_social,43200,0.9795999999999999,2400.0,7500.0,15000.0,315.0,0.5822,2160.0,38880.0,"[2160,38880]",keep_endTime,"Default 5% warmup, 90% cutoff; see useful_simulation_time_metrics"
S5_TwoLayer_StudentsStaff__TP08_HubTarget,06_social,43200,0.9795999999999999,2400.0,7500.0,14700.0,308.0,0.2763,2160.0,38880.0,"[2160,38880]",keep_endTime,"Default 5% warmup, 90% cutoff; see useful_simulation_time_metrics"
S5_TwoLayer_StudentsStaff__TP09_Bimodal,06_social,43200,0.9795999999999999,2400.0,7500.0,14700.0,308.0,0.2243,2160.0,38880.0,"[2160,38880]",keep_endTime,"Default 5% warmup, 90% cutoff; see useful_simulation_time_metrics"
S5_TwoLayer_StudentsStaff__TP10_Storm,06_social,43200,0.9712000000000001,2400.0,7500.0,14700.0,301.0,0.0112,2160.0,38880.0,"[2160,38880]",keep_endTime,"Default 5% warmup, 90% cutoff; see useful_simulation_time_metrics"
S5_TwoLayer_StudentsStaff__TP11_ManyToOne,06_social,43200,0.9795999999999999,2400.0,7500.0,14700.0,308.0,0.2454,2160.0,38880.0,"[2160,38880]",keep_endTime,"Default 5% warmup, 90% cutoff; see useful_simulation_time_metrics"
S5_TwoLayer_StudentsStaff__TP12_GroupToGroup,06_social,43200,0.9795999999999999,2400.0,7500.0,14700.0,308.0,0.2924,2160.0,38880.0,"[2160,38880]",keep_endTime,"Default 5% warmup, 90% cutoff; see useful_simulation_time_metrics"
S6_FamilyGroups_SmallPersistent__TP01_Baseline,06_social,43200,0.0176,,,,4120.0,0.0595,2160.0,38880.0,"[2160,38880]",review_worldSize,"Default 5% warmup, 90% cutoff; see useful_simulation_time_metrics"
S6_FamilyGroups_SmallPersistent__TP02_LowLoad,06_social,43200,0.0176,,,,4129.0,0.0737,2160.0,38880.0,"[2160,38880]",review_worldSize,"Default 5% warmup, 90% cutoff; see useful_simulation_time_metrics"
S6_FamilyGroups_SmallPersistent__TP03_ManySmall,06_social,43200,0.0176,,,,4099.0,0.0646,2160.0,38880.0,"[2160,38880]",review_worldSize,"Default 5% warmup, 90% cutoff; see useful_simulation_time_metrics"
S6_FamilyGroups_SmallPersistent__TP04_FewLarge,06_social,43200,0.0176,,,,4044.0,0.0663,2160.0,38880.0,"[2160,38880]",review_worldSize,"Default 5% warmup, 90% cutoff; see useful_simulation_time_metrics"
S6_FamilyGroups_SmallPersistent__TP05_CriticalTTL,06_social,43200,0.0176,,,,4120.0,0.0205,2160.0,38880.0,"[2160,38880]",review_worldSize,"Default 5% warmup, 90% cutoff; see useful_simulation_time_metrics"
S6_FamilyGroups_SmallPersistent__TP06_OneToMany,06_social,43200,0.0176,,,,4047.0,0.0742,2160.0,38880.0,"[2160,38880]",review_worldSize,"Default 5% warmup, 90% cutoff; see useful_simulation_time_metrics"
S6_FamilyGroups_SmallPersistent__TP07_BurstWindow,06_social,43200,0.0176,,,,4109.0,0.064,2160.0,38880.0,"[2160,38880]",review_worldSize,"Default 5% warmup, 90% cutoff; see useful_simulation_time_metrics"
S6_FamilyGroups_SmallPersistent__TP08_HubTarget,06_social,43200,0.0176,,,,4047.0,0.0134,2160.0,38880.0,"[2160,38880]",review_worldSize,"Default 5% warmup, 90% cutoff; see useful_simulation_time_metrics"
S6_FamilyGroups_SmallPersistent__TP09_Bimodal,06_social,43200,0.0176,,,,4048.0,0.0639,2160.0,38880.0,"[2160,38880]",review_worldSize,"Default 5% warmup, 90% cutoff; see useful_simulation_time_metrics"
S6_FamilyGroups_SmallPersistent__TP10_Storm,06_social,43200,0.0176,,,,3953.0,0.0542,2160.0,38880.0,"[2160,38880]",review_worldSize,"Default 5% warmup, 90% cutoff; see useful_simulation_time_metrics"
S6_FamilyGroups_SmallPersistent__TP11_ManyToOne,06_social,43200,0.0176,,,,4047.0,0.066,2160.0,38880.0,"[2160,38880]",review_worldSize,"Default 5% warmup, 90% cutoff; see useful_simulation_time_metrics"
S6_FamilyGroups_SmallPersistent__TP12_GroupToGroup,06_social,43200,0.0176,,,,4102.0,0.0,2160.0,38880.0,"[2160,38880]",review_worldSize,"Default 5% warmup, 90% cutoff; see useful_simulation_time_metrics"