LINESTRING (100.846965 117.222113, 150.474941 176.649330)

LINESTRING (100.846965 117.222113, 145.106865 118.887924)

LINESTRING (100.846965 117.222113, 159.256224 148.528559)

LINESTRING (100.846965 117.222113, 170.394071 146.900762)

LINESTRING (100.846965 117.222113, 164.540825 148.402560)

LINESTRING (100.846965 117.222113, 115.559390 179.441271)

LINESTRING (100.846965 117.222113, 166.962837 144.870015)

LINESTRING (100.846965 117.222113, 167.744869 176.613899)

LINESTRING (100.846965 117.222113, 130.713077 113.988667)

LINESTRING (100.846965 117.222113, 124.739176 127.313215)

LINESTRING (100.846965 117.222113, 106.216721 134.639706)

LINESTRING (100.846965 117.222113, 117.221653 114.392955)

LINESTRING (100.846965 117.222113, 176.972738 118.423713)

LINESTRING (100.846965 117.222113, 132.139613 148.968346)

LINESTRING (100.846965 117.222113, 124.667861 151.009615)

LINESTRING (100.846965 117.222113, 107.691038 149.067160)

LINESTRING (100.846965 117.222113, 150.694578 101.633286)

LINESTRING (100.846965 117.222113, 177.560150 102.402668)

LINESTRING (100.846965 117.222113, 141.643067 174.405152)

LINESTRING (100.846965 117.222113, 124.426584 176.853977)

LINESTRING (100.846965 117.222113, 154.729397 101.126038)

LINESTRING (100.846965 117.222113, 171.949519 171.710745)

LINESTRING (100.846965 117.222113, 129.164325 160.771593)

LINESTRING (100.846965 117.222113, 118.459806 118.005121)

LINESTRING (100.846965 117.222113, 136.978389 178.462214)

LINESTRING (100.846965 117.222113, 115.480370 153.666212)

LINESTRING (100.846965 117.222113, 114.351537 143.121350)

LINESTRING (100.846965 117.222113, 124.526737 106.201123)

LINESTRING (100.846965 117.222113, 160.959851 133.514224)

LINESTRING (100.846965 117.222113, 145.877970 102.970167)

LINESTRING (150.474941 176.649330, 145.106865 118.887924)

LINESTRING (150.474941 176.649330, 170.394071 146.900762)

LINESTRING (150.474941 176.649330, 164.540825 148.402560)

LINESTRING (150.474941 176.649330, 115.559390 179.441271)

LINESTRING (150.474941 176.649330, 166.962837 144.870015)

LINESTRING (150.474941 176.649330, 124.739176 127.313215)

LINESTRING (150.474941 176.649330, 117.221653 114.392955)

LINESTRING (150.474941 176.649330, 176.972738 118.423713)

LINESTRING (150.474941 176.649330, 132.139613 148.968346)

LINESTRING (150.474941 176.649330, 124.667861 151.009615)

LINESTRING (150.474941 176.649330, 154.944169 105.369382)

LINESTRING (150.474941 176.649330, 129.540532 108.622064)

LINESTRING (150.474941 176.649330, 107.691038 149.067160)

LINESTRING (150.474941 176.649330, 169.127937 144.077018)

LINESTRING (150.474941 176.649330, 150.694578 101.633286)

LINESTRING (150.474941 176.649330, 177.560150 102.402668)

LINESTRING (150.474941 176.649330, 141.643067 174.405152)

LINESTRING (150.474941 176.649330, 124.426584 176.853977)

LINESTRING (150.474941 176.649330, 154.729397 101.126038)

LINESTRING (150.474941 176.649330, 171.949519 171.710745)

LINESTRING (150.474941 176.649330, 168.733745 179.376312)

LINESTRING (150.474941 176.649330, 129.164325 160.771593)

LINESTRING (150.474941 176.649330, 150.859930 134.092964)

LINESTRING (150.474941 176.649330, 108.623096 150.174240)

LINESTRING (150.474941 176.649330, 114.748931 167.978465)

LINESTRING (150.474941 176.649330, 136.978389 178.462214)

LINESTRING (150.474941 176.649330, 115.480370 153.666212)

LINESTRING (150.474941 176.649330, 114.351537 143.121350)

LINESTRING (150.474941 176.649330, 124.526737 106.201123)

LINESTRING (150.474941 176.649330, 160.959851 133.514224)

LINESTRING (150.474941 176.649330, 145.877970 102.970167)

LINESTRING (145.106865 118.887924, 159.256224 148.528559)

LINESTRING (145.106865 118.887924, 170.394071 146.900762)

LINESTRING (145.106865 118.887924, 164.540825 148.402560)

LINESTRING (145.106865 118.887924, 166.962837 144.870015)

LINESTRING (145.106865 118.887924, 167.744869 176.613899)

LINESTRING (145.106865 118.887924, 130.713077 113.988667)

LINESTRING (145.106865 118.887924, 106.216721 134.639706)

LINESTRING (145.106865 118.887924, 117.221653 114.392955)

LINESTRING (145.106865 118.887924, 176.972738 118.423713)

LINESTRING (145.106865 118.887924, 124.667861 151.009615)

LINESTRING (145.106865 118.887924, 154.944169 105.369382)

LINESTRING (145.106865 118.887924, 169.127937 144.077018)

LINESTRING (145.106865 118.887924, 150.694578 101.633286)

LINESTRING (145.106865 118.887924, 141.643067 174.405152)

LINESTRING (145.106865 118.887924, 154.729397 101.126038)

LINESTRING (145.106865 118.887924, 171.949519 171.710745)

LINESTRING (145.106865 118.887924, 168.733745 179.376312)

LINESTRING (145.106865 118.887924, 129.164325 160.771593)

LINESTRING (145.106865 118.887924, 163.385328 109.365446)

LINESTRING (145.106865 118.887924, 108.623096 150.174240)

LINESTRING (145.106865 118.887924, 114.748931 167.978465)

LINESTRING (145.106865 118.887924, 136.978389 178.462214)

LINESTRING (145.106865 118.887924, 124.526737 106.201123)

LINESTRING (145.106865 118.887924, 141.562644 171.908974)

LINESTRING (145.106865 118.887924, 160.959851 133.514224)

LINESTRING (145.106865 118.887924, 145.877970 102.970167)

LINESTRING (159.256224 148.528559, 170.394071 146.900762)

LINESTRING (159.256224 148.528559, 115.559390 179.441271)

LINESTRING (159.256224 148.528559, 166.962837 144.870015)

LINESTRING (159.256224 148.528559, 167.744869 176.613899)

LINESTRING (159.256224 148.528559, 130.713077 113.988667)

LINESTRING (159.256224 148.528559, 124.739176 127.313215)

LINESTRING (159.256224 148.528559, 106.216721 134.639706)

LINESTRING (159.256224 148.528559, 176.972738 118.423713)

LINESTRING (159.256224 148.528559, 132.139613 148.968346)

LINESTRING (159.256224 148.528559, 124.667861 151.009615)

LINESTRING (159.256224 148.528559, 129.540532 108.622064)

LINESTRING (159.256224 148.528559, 107.691038 149.067160)

LINESTRING (159.256224 148.528559, 169.127937 144.077018)

LINESTRING (159.256224 148.528559, 177.560150 102.402668)

LINESTRING (159.256224 148.528559, 124.426584 176.853977)

LINESTRING (159.256224 148.528559, 154.729397 101.126038)

LINESTRING (159.256224 148.528559, 171.949519 171.710745)

LINESTRING (159.256224 148.528559, 129.164325 160.771593)

LINESTRING (159.256224 148.528559, 150.859930 134.092964)

LINESTRING (159.256224 148.528559, 163.385328 109.365446)

LINESTRING (159.256224 148.528559, 118.459806 118.005121)

LINESTRING (159.256224 148.528559, 108.623096 150.174240)

LINESTRING (159.256224 148.528559, 114.748931 167.978465)

LINESTRING (159.256224 148.528559, 136.978389 178.462214)

LINESTRING (159.256224 148.528559, 115.480370 153.666212)

LINESTRING (159.256224 148.528559, 114.351537 143.121350)

LINESTRING (159.256224 148.528559, 124.526737 106.201123)

LINESTRING (159.256224 148.528559, 141.562644 171.908974)

LINESTRING (159.256224 148.528559, 145.877970 102.970167)

LINESTRING (170.394071 146.900762, 164.540825 148.402560)

LINESTRING (170.394071 146.900762, 115.559390 179.441271)

LINESTRING (170.394071 146.900762, 166.962837 144.870015)

LINESTRING (170.394071 146.900762, 167.744869 176.613899)

LINESTRING (170.394071 146.900762, 130.713077 113.988667)

LINESTRING (170.394071 146.900762, 124.739176 127.313215)

LINESTRING (170.394071 146.900762, 106.216721 134.639706)

LINESTRING (170.394071 146.900762, 117.221653 114.392955)

LINESTRING (170.394071 146.900762, 176.972738 118.423713)

LINESTRING (170.394071 146.900762, 154.944169 105.369382)

LINESTRING (170.394071 146.900762, 107.691038 149.067160)

LINESTRING (170.394071 146.900762, 169.127937 144.077018)

LINESTRING (170.394071 146.900762, 150.694578 101.633286)

LINESTRING (170.394071 146.900762, 177.560150 102.402668)

LINESTRING (170.394071 146.900762, 141.643067 174.405152)

LINESTRING (170.394071 146.900762, 124.426584 176.853977)

LINESTRING (170.394071 146.900762, 129.164325 160.771593)

LINESTRING (170.394071 146.900762, 150.859930 134.092964)

LINESTRING (170.394071 146.900762, 163.385328 109.365446)

LINESTRING (170.394071 146.900762, 118.459806 118.005121)

LINESTRING (170.394071 146.900762, 108.623096 150.174240)

LINESTRING (170.394071 146.900762, 136.978389 178.462214)

LINESTRING (170.394071 146.900762, 124.526737 106.201123)

LINESTRING (170.394071 146.900762, 141.562644 171.908974)

LINESTRING (170.394071 146.900762, 160.959851 133.514224)

LINESTRING (170.394071 146.900762, 145.877970 102.970167)

LINESTRING (164.540825 148.402560, 115.559390 179.441271)

LINESTRING (164.540825 148.402560, 167.744869 176.613899)

LINESTRING (164.540825 148.402560, 130.713077 113.988667)

LINESTRING (164.540825 148.402560, 124.739176 127.313215)

LINESTRING (164.540825 148.402560, 106.216721 134.639706)

LINESTRING (164.540825 148.402560, 117.221653 114.392955)

LINESTRING (164.540825 148.402560, 176.972738 118.423713)

LINESTRING (164.540825 148.402560, 132.139613 148.968346)

LINESTRING (164.540825 148.402560, 124.667861 151.009615)

LINESTRING (164.540825 148.402560, 154.944169 105.369382)

LINESTRING (164.540825 148.402560, 169.127937 144.077018)

LINESTRING (164.540825 148.402560, 150.694578 101.633286)

LINESTRING (164.540825 148.402560, 177.560150 102.402668)

LINESTRING (164.540825 148.402560, 124.426584 176.853977)

LINESTRING (164.540825 148.402560, 171.949519 171.710745)

LINESTRING (164.540825 148.402560, 168.733745 179.376312)

LINESTRING (164.540825 148.402560, 129.164325 160.771593)

LINESTRING (164.540825 148.402560, 150.859930 134.092964)

LINESTRING (164.540825 148.402560, 163.385328 109.365446)

LINESTRING (164.540825 148.402560, 118.459806 118.005121)

LINESTRING (164.540825 148.402560, 108.623096 150.174240)

LINESTRING (164.540825 148.402560, 114.748931 167.978465)

LINESTRING (164.540825 148.402560, 136.978389 178.462214)

LINESTRING (164.540825 148.402560, 115.480370 153.666212)

LINESTRING (164.540825 148.402560, 160.959851 133.514224)

LINESTRING (164.540825 148.402560, 145.877970 102.970167)

LINESTRING (115.559390 179.441271, 166.962837 144.870015)

LINESTRING (115.559390 179.441271, 130.713077 113.988667)

LINESTRING (115.559390 179.441271, 124.739176 127.313215)

LINESTRING (115.559390 179.441271, 106.216721 134.639706)

LINESTRING (115.559390 179.441271, 117.221653 114.392955)

LINESTRING (115.559390 179.441271, 176.972738 118.423713)

LINESTRING (115.559390 179.441271, 132.139613 148.968346)

LINESTRING (115.559390 179.441271, 124.667861 151.009615)

LINESTRING (115.559390 179.441271, 154.944169 105.369382)

LINESTRING (115.559390 179.441271, 107.691038 149.067160)

LINESTRING (115.559390 179.441271, 150.694578 101.633286)

LINESTRING (115.559390 179.441271, 177.560150 102.402668)

LINESTRING (115.559390 179.441271, 124.426584 176.853977)

LINESTRING (115.559390 179.441271, 154.729397 101.126038)

LINESTRING (115.559390 179.441271, 171.949519 171.710745)

LINESTRING (115.559390 179.441271, 168.733745 179.376312)

LINESTRING (115.559390 179.441271, 163.385328 109.365446)

LINESTRING (115.559390 179.441271, 108.623096 150.174240)

LINESTRING (115.559390 179.441271, 114.748931 167.978465)

LINESTRING (115.559390 179.441271, 115.480370 153.666212)

LINESTRING (115.559390 179.441271, 114.351537 143.121350)

LINESTRING (115.559390 179.441271, 124.526737 106.201123)

LINESTRING (115.559390 179.441271, 141.562644 171.908974)

LINESTRING (115.559390 179.441271, 160.959851 133.514224)

LINESTRING (115.559390 179.441271, 145.877970 102.970167)

LINESTRING (166.962837 144.870015, 167.744869 176.613899)

LINESTRING (166.962837 144.870015, 130.713077 113.988667)

LINESTRING (166.962837 144.870015, 124.739176 127.313215)

LINESTRING (166.962837 144.870015, 106.216721 134.639706)

LINESTRING (166.962837 144.870015, 117.221653 114.392955)

LINESTRING (166.962837 144.870015, 176.972738 118.423713)

LINESTRING (166.962837 144.870015, 124.667861 151.009615)

LINESTRING (166.962837 144.870015, 154.944169 105.369382)

LINESTRING (166.962837 144.870015, 129.540532 108.622064)

LINESTRING (166.962837 144.870015, 107.691038 149.067160)

LINESTRING (166.962837 144.870015, 169.127937 144.077018)

LINESTRING (166.962837 144.870015, 150.694578 101.633286)

LINESTRING (166.962837 144.870015, 177.560150 102.402668)

LINESTRING (166.962837 144.870015, 141.643067 174.405152)

LINESTRING (166.962837 144.870015, 124.426584 176.853977)

LINESTRING (166.962837 144.870015, 154.729397 101.126038)

LINESTRING (166.962837 144.870015, 171.949519 171.710745)

LINESTRING (166.962837 144.870015, 168.733745 179.376312)

LINESTRING (166.962837 144.870015, 129.164325 160.771593)

LINESTRING (166.962837 144.870015, 150.859930 134.092964)

LINESTRING (166.962837 144.870015, 163.385328 109.365446)

LINESTRING (166.962837 144.870015, 118.459806 118.005121)

LINESTRING (166.962837 144.870015, 108.623096 150.174240)

LINESTRING (166.962837 144.870015, 136.978389 178.462214)

LINESTRING (166.962837 144.870015, 115.480370 153.666212)

LINESTRING (166.962837 144.870015, 114.351537 143.121350)

LINESTRING (166.962837 144.870015, 124.526737 106.201123)

LINESTRING (166.962837 144.870015, 141.562644 171.908974)

LINESTRING (166.962837 144.870015, 160.959851 133.514224)

LINESTRING (167.744869 176.613899, 130.713077 113.988667)

LINESTRING (167.744869 176.613899, 124.739176 127.313215)

LINESTRING (167.744869 176.613899, 106.216721 134.639706)

LINESTRING (167.744869 176.613899, 117.221653 114.392955)

LINESTRING (167.744869 176.613899, 132.139613 148.968346)

LINESTRING (167.744869 176.613899, 124.667861 151.009615)

LINESTRING (167.744869 176.613899, 154.944169 105.369382)

LINESTRING (167.744869 176.613899, 129.540532 108.622064)

LINESTRING (167.744869 176.613899, 107.691038 149.067160)

LINESTRING (167.744869 176.613899, 169.127937 144.077018)

LINESTRING (167.744869 176.613899, 150.694578 101.633286)

LINESTRING (167.744869 176.613899, 177.560150 102.402668)

LINESTRING (167.744869 176.613899, 141.643067 174.405152)

LINESTRING (167.744869 176.613899, 124.426584 176.853977)

LINESTRING (167.744869 176.613899, 171.949519 171.710745)

LINESTRING (167.744869 176.613899, 168.733745 179.376312)

LINESTRING (167.744869 176.613899, 129.164325 160.771593)

LINESTRING (167.744869 176.613899, 150.859930 134.092964)

LINESTRING (167.744869 176.613899, 163.385328 109.365446)

LINESTRING (167.744869 176.613899, 118.459806 118.005121)

LINESTRING (167.744869 176.613899, 114.748931 167.978465)

LINESTRING (167.744869 176.613899, 136.978389 178.462214)

LINESTRING (167.744869 176.613899, 115.480370 153.666212)

LINESTRING (167.744869 176.613899, 114.351537 143.121350)

LINESTRING (167.744869 176.613899, 124.526737 106.201123)

LINESTRING (167.744869 176.613899, 141.562644 171.908974)

LINESTRING (167.744869 176.613899, 160.959851 133.514224)

LINESTRING (167.744869 176.613899, 145.877970 102.970167)

LINESTRING (130.713077 113.988667, 124.739176 127.313215)

LINESTRING (130.713077 113.988667, 106.216721 134.639706)

LINESTRING (130.713077 113.988667, 117.221653 114.392955)

LINESTRING (130.713077 113.988667, 176.972738 118.423713)

LINESTRING (130.713077 113.988667, 132.139613 148.968346)

LINESTRING (130.713077 113.988667, 124.667861 151.009615)

LINESTRING (130.713077 113.988667, 154.944169 105.369382)

LINESTRING (130.713077 113.988667, 129.540532 108.622064)

LINESTRING (130.713077 113.988667, 107.691038 149.067160)

LINESTRING (130.713077 113.988667, 169.127937 144.077018)

LINESTRING (130.713077 113.988667, 150.694578 101.633286)

LINESTRING (130.713077 113.988667, 177.560150 102.402668)

LINESTRING (130.713077 113.988667, 141.643067 174.405152)

LINESTRING (130.713077 113.988667, 124.426584 176.853977)

LINESTRING (130.713077 113.988667, 154.729397 101.126038)

LINESTRING (130.713077 113.988667, 171.949519 171.710745)

LINESTRING (130.713077 113.988667, 168.733745 179.376312)

LINESTRING (130.713077 113.988667, 129.164325 160.771593)

LINESTRING (130.713077 113.988667, 150.859930 134.092964)

LINESTRING (130.713077 113.988667, 118.459806 118.005121)

LINESTRING (130.713077 113.988667, 108.623096 150.174240)

LINESTRING (130.713077 113.988667, 114.748931 167.978465)

LINESTRING (130.713077 113.988667, 136.978389 178.462214)

LINESTRING (130.713077 113.988667, 115.480370 153.666212)

LINESTRING (130.713077 113.988667, 114.351537 143.121350)

LINESTRING (130.713077 113.988667, 124.526737 106.201123)

LINESTRING (130.713077 113.988667, 141.562644 171.908974)

LINESTRING (130.713077 113.988667, 160.959851 133.514224)

LINESTRING (130.713077 113.988667, 145.877970 102.970167)

LINESTRING (124.739176 127.313215, 106.216721 134.639706)

LINESTRING (124.739176 127.313215, 117.221653 114.392955)

LINESTRING (124.739176 127.313215, 176.972738 118.423713)

LINESTRING (124.739176 127.313215, 132.139613 148.968346)

LINESTRING (124.739176 127.313215, 124.667861 151.009615)

LINESTRING (124.739176 127.313215, 154.944169 105.369382)

LINESTRING (124.739176 127.313215, 129.540532 108.622064)

LINESTRING (124.739176 127.313215, 169.127937 144.077018)

LINESTRING (124.739176 127.313215, 150.694578 101.633286)

LINESTRING (124.739176 127.313215, 177.560150 102.402668)

LINESTRING (124.739176 127.313215, 141.643067 174.405152)

LINESTRING (124.739176 127.313215, 171.949519 171.710745)

LINESTRING (124.739176 127.313215, 168.733745 179.376312)

LINESTRING (124.739176 127.313215, 129.164325 160.771593)

LINESTRING (124.739176 127.313215, 150.859930 134.092964)

LINESTRING (124.739176 127.313215, 163.385328 109.365446)

LINESTRING (124.739176 127.313215, 108.623096 150.174240)

LINESTRING (124.739176 127.313215, 114.748931 167.978465)

LINESTRING (124.739176 127.313215, 136.978389 178.462214)

LINESTRING (124.739176 127.313215, 115.480370 153.666212)

LINESTRING (124.739176 127.313215, 114.351537 143.121350)

LINESTRING (124.739176 127.313215, 124.526737 106.201123)

LINESTRING (124.739176 127.313215, 141.562644 171.908974)

LINESTRING (124.739176 127.313215, 145.877970 102.970167)

LINESTRING (106.216721 134.639706, 117.221653 114.392955)

LINESTRING (106.216721 134.639706, 176.972738 118.423713)

LINESTRING (106.216721 134.639706, 124.667861 151.009615)

LINESTRING (106.216721 134.639706, 154.944169 105.369382)

LINESTRING (106.216721 134.639706, 129.540532 108.622064)

LINESTRING (106.216721 134.639706, 107.691038 149.067160)

LINESTRING (106.216721 134.639706, 169.127937 144.077018)

LINESTRING (106.216721 134.639706, 177.560150 102.402668)

LINESTRING (106.216721 134.639706, 141.643067 174.405152)

LINESTRING (106.216721 134.639706, 124.426584 176.853977)

LINESTRING (106.216721 134.639706, 168.733745 179.376312)

LINESTRING (106.216721 134.639706, 150.859930 134.092964)

LINESTRING (106.216721 134.639706, 163.385328 109.365446)

LINESTRING (106.216721 134.639706, 118.459806 118.005121)

LINESTRING (106.216721 134.639706, 108.623096 150.174240)

LINESTRING (106.216721 134.639706, 114.748931 167.978465)

LINESTRING (106.216721 134.639706, 136.978389 178.462214)

LINESTRING (106.216721 134.639706, 115.480370 153.666212)

LINESTRING (106.216721 134.639706, 114.351537 143.121350)

LINESTRING (106.216721 134.639706, 124.526737 106.201123)

LINESTRING (106.216721 134.639706, 141.562644 171.908974)

LINESTRING (106.216721 134.639706, 160.959851 133.514224)

LINESTRING (117.221653 114.392955, 176.972738 118.423713)

LINESTRING (117.221653 114.392955, 132.139613 148.968346)

LINESTRING (117.221653 114.392955, 124.667861 151.009615)

LINESTRING (117.221653 114.392955, 129.540532 108.622064)

LINESTRING (117.221653 114.392955, 107.691038 149.067160)

LINESTRING (117.221653 114.392955, 169.127937 144.077018)

LINESTRING (117.221653 114.392955, 150.694578 101.633286)

LINESTRING (117.221653 114.392955, 177.560150 102.402668)

LINESTRING (117.221653 114.392955, 141.643067 174.405152)

LINESTRING (117.221653 114.392955, 124.426584 176.853977)

LINESTRING (117.221653 114.392955, 154.729397 101.126038)

LINESTRING (117.221653 114.392955, 168.733745 179.376312)

LINESTRING (117.221653 114.392955, 129.164325 160.771593)

LINESTRING (117.221653 114.392955, 163.385328 109.365446)

LINESTRING (117.221653 114.392955, 118.459806 118.005121)

LINESTRING (117.221653 114.392955, 108.623096 150.174240)

LINESTRING (117.221653 114.392955, 114.748931 167.978465)

LINESTRING (117.221653 114.392955, 136.978389 178.462214)

LINESTRING (117.221653 114.392955, 115.480370 153.666212)

LINESTRING (117.221653 114.392955, 124.526737 106.201123)

LINESTRING (117.221653 114.392955, 141.562644 171.908974)

LINESTRING (117.221653 114.392955, 145.877970 102.970167)

LINESTRING (176.972738 118.423713, 132.139613 148.968346)

LINESTRING (176.972738 118.423713, 124.667861 151.009615)

LINESTRING (176.972738 118.423713, 154.944169 105.369382)

LINESTRING (176.972738 118.423713, 129.540532 108.622064)

LINESTRING (176.972738 118.423713, 107.691038 149.067160)

LINESTRING (176.972738 118.423713, 150.694578 101.633286)

LINESTRING (176.972738 118.423713, 177.560150 102.402668)

LINESTRING (176.972738 118.423713, 141.643067 174.405152)

LINESTRING (176.972738 118.423713, 124.426584 176.853977)

LINESTRING (176.972738 118.423713, 154.729397 101.126038)

LINESTRING (176.972738 118.423713, 171.949519 171.710745)

LINESTRING (176.972738 118.423713, 150.859930 134.092964)

LINESTRING (176.972738 118.423713, 163.385328 109.365446)

LINESTRING (176.972738 118.423713, 118.459806 118.005121)

LINESTRING (176.972738 118.423713, 108.623096 150.174240)

LINESTRING (176.972738 118.423713, 114.748931 167.978465)

LINESTRING (176.972738 118.423713, 136.978389 178.462214)

LINESTRING (176.972738 118.423713, 115.480370 153.666212)

LINESTRING (176.972738 118.423713, 124.526737 106.201123)

LINESTRING (176.972738 118.423713, 141.562644 171.908974)

LINESTRING (176.972738 118.423713, 160.959851 133.514224)

LINESTRING (132.139613 148.968346, 124.667861 151.009615)

LINESTRING (132.139613 148.968346, 154.944169 105.369382)

LINESTRING (132.139613 148.968346, 129.540532 108.622064)

LINESTRING (132.139613 148.968346, 107.691038 149.067160)

LINESTRING (132.139613 148.968346, 169.127937 144.077018)

LINESTRING (132.139613 148.968346, 150.694578 101.633286)

LINESTRING (132.139613 148.968346, 177.560150 102.402668)

LINESTRING (132.139613 148.968346, 141.643067 174.405152)

LINESTRING (132.139613 148.968346, 124.426584 176.853977)

LINESTRING (132.139613 148.968346, 171.949519 171.710745)

LINESTRING (132.139613 148.968346, 168.733745 179.376312)

LINESTRING (132.139613 148.968346, 129.164325 160.771593)

LINESTRING (132.139613 148.968346, 163.385328 109.365446)

LINESTRING (132.139613 148.968346, 114.748931 167.978465)

LINESTRING (132.139613 148.968346, 136.978389 178.462214)

LINESTRING (132.139613 148.968346, 115.480370 153.666212)

LINESTRING (132.139613 148.968346, 114.351537 143.121350)

LINESTRING (132.139613 148.968346, 124.526737 106.201123)

LINESTRING (132.139613 148.968346, 141.562644 171.908974)

LINESTRING (132.139613 148.968346, 160.959851 133.514224)

LINESTRING (132.139613 148.968346, 145.877970 102.970167)

LINESTRING (124.667861 151.009615, 154.944169 105.369382)

LINESTRING (124.667861 151.009615, 129.540532 108.622064)

LINESTRING (124.667861 151.009615, 107.691038 149.067160)

LINESTRING (124.667861 151.009615, 169.127937 144.077018)

LINESTRING (124.667861 151.009615, 150.694578 101.633286)

LINESTRING (124.667861 151.009615, 177.560150 102.402668)

LINESTRING (124.667861 151.009615, 141.643067 174.405152)

LINESTRING (124.667861 151.009615, 124.426584 176.853977)

LINESTRING (124.667861 151.009615, 154.729397 101.126038)

LINESTRING (124.667861 151.009615, 171.949519 171.710745)

LINESTRING (124.667861 151.009615, 129.164325 160.771593)

LINESTRING (124.667861 151.009615, 150.859930 134.092964)

LINESTRING (124.667861 151.009615, 163.385328 109.365446)

LINESTRING (124.667861 151.009615, 118.459806 118.005121)

LINESTRING (124.667861 151.009615, 114.748931 167.978465)

LINESTRING (124.667861 151.009615, 136.978389 178.462214)

LINESTRING (124.667861 151.009615, 115.480370 153.666212)

LINESTRING (124.667861 151.009615, 114.351537 143.121350)

LINESTRING (124.667861 151.009615, 124.526737 106.201123)

LINESTRING (124.667861 151.009615, 141.562644 171.908974)

LINESTRING (124.667861 151.009615, 160.959851 133.514224)

LINESTRING (124.667861 151.009615, 145.877970 102.970167)

LINESTRING (154.944169 105.369382, 129.540532 108.622064)

LINESTRING (154.944169 105.369382, 107.691038 149.067160)

LINESTRING (154.944169 105.369382, 150.694578 101.633286)

LINESTRING (154.944169 105.369382, 177.560150 102.402668)

LINESTRING (154.944169 105.369382, 141.643067 174.405152)

LINESTRING (154.944169 105.369382, 124.426584 176.853977)

LINESTRING (154.944169 105.369382, 154.729397 101.126038)

LINESTRING (154.944169 105.369382, 171.949519 171.710745)

LINESTRING (154.944169 105.369382, 168.733745 179.376312)

LINESTRING (154.944169 105.369382, 129.164325 160.771593)

LINESTRING (154.944169 105.369382, 163.385328 109.365446)

LINESTRING (154.944169 105.369382, 118.459806 118.005121)

LINESTRING (154.944169 105.369382, 108.623096 150.174240)

LINESTRING (154.944169 105.369382, 114.748931 167.978465)

LINESTRING (154.944169 105.369382, 115.480370 153.666212)

LINESTRING (154.944169 105.369382, 124.526737 106.201123)

LINESTRING (154.944169 105.369382, 141.562644 171.908974)

LINESTRING (154.944169 105.369382, 160.959851 133.514224)

LINESTRING (129.540532 108.622064, 107.691038 149.067160)

LINESTRING (129.540532 108.622064, 169.127937 144.077018)

LINESTRING (129.540532 108.622064, 150.694578 101.633286)

LINESTRING (129.540532 108.622064, 177.560150 102.402668)

LINESTRING (129.540532 108.622064, 124.426584 176.853977)

LINESTRING (129.540532 108.622064, 154.729397 101.126038)

LINESTRING (129.540532 108.622064, 171.949519 171.710745)

LINESTRING (129.540532 108.622064, 129.164325 160.771593)

LINESTRING (129.540532 108.622064, 150.859930 134.092964)

LINESTRING (129.540532 108.622064, 163.385328 109.365446)

LINESTRING (129.540532 108.622064, 118.459806 118.005121)

LINESTRING (129.540532 108.622064, 108.623096 150.174240)

LINESTRING (129.540532 108.622064, 114.748931 167.978465)

LINESTRING (129.540532 108.622064, 136.978389 178.462214)

LINESTRING (129.540532 108.622064, 115.480370 153.666212)

LINESTRING (129.540532 108.622064, 114.351537 143.121350)

LINESTRING (129.540532 108.622064, 124.526737 106.201123)

LINESTRING (129.540532 108.622064, 141.562644 171.908974)

LINESTRING (129.540532 108.622064, 160.959851 133.514224)

LINESTRING (129.540532 108.622064, 145.877970 102.970167)

LINESTRING (107.691038 149.067160, 169.127937 144.077018)

LINESTRING (107.691038 149.067160, 150.694578 101.633286)

LINESTRING (107.691038 149.067160, 177.560150 102.402668)

LINESTRING (107.691038 149.067160, 124.426584 176.853977)

LINESTRING (107.691038 149.067160, 154.729397 101.126038)

LINESTRING (107.691038 149.067160, 171.949519 171.710745)

LINESTRING (107.691038 149.067160, 168.733745 179.376312)

LINESTRING (107.691038 149.067160, 150.859930 134.092964)

LINESTRING (107.691038 149.067160, 118.459806 118.005121)

LINESTRING (107.691038 149.067160, 108.623096 150.174240)

LINESTRING (107.691038 149.067160, 136.978389 178.462214)

LINESTRING (107.691038 149.067160, 115.480370 153.666212)

LINESTRING (107.691038 149.067160, 114.351537 143.121350)

LINESTRING (107.691038 149.067160, 124.526737 106.201123)

LINESTRING (107.691038 149.067160, 141.562644 171.908974)

LINESTRING (107.691038 149.067160, 160.959851 133.514224)

LINESTRING (169.127937 144.077018, 150.694578 101.633286)

LINESTRING (169.127937 144.077018, 177.560150 102.402668)

LINESTRING (169.127937 144.077018, 154.729397 101.126038)

LINESTRING (169.127937 144.077018, 171.949519 171.710745)

LINESTRING (169.127937 144.077018, 168.733745 179.376312)

LINESTRING (169.127937 144.077018, 129.164325 160.771593)

LINESTRING (169.127937 144.077018, 150.859930 134.092964)

LINESTRING (169.127937 144.077018, 118.459806 118.005121)

LINESTRING (169.127937 144.077018, 108.623096 150.174240)

LINESTRING (169.127937 144.077018, 114.748931 167.978465)

LINESTRING (169.127937 144.077018, 136.978389 178.462214)

LINESTRING (169.127937 144.077018, 115.480370 153.666212)

LINESTRING (169.127937 144.077018, 114.351537 143.121350)

LINESTRING (169.127937 144.077018, 160.959851 133.514224)

LINESTRING (169.127937 144.077018, 145.877970 102.970167)

LINESTRING (150.694578 101.633286, 177.560150 102.402668)

LINESTRING (150.694578 101.633286, 141.643067 174.405152)

LINESTRING (150.694578 101.633286, 124.426584 176.853977)

LINESTRING (150.694578 101.633286, 154.729397 101.126038)

LINESTRING (150.694578 101.633286, 171.949519 171.710745)

LINESTRING (150.694578 101.633286, 168.733745 179.376312)

LINESTRING (150.694578 101.633286, 129.164325 160.771593)

LINESTRING (150.694578 101.633286, 150.859930 134.092964)

LINESTRING (150.694578 101.633286, 163.385328 109.365446)

LINESTRING (150.694578 101.633286, 118.459806 118.005121)

LINESTRING (150.694578 101.633286, 108.623096 150.174240)

LINESTRING (150.694578 101.633286, 114.748931 167.978465)

LINESTRING (150.694578 101.633286, 136.978389 178.462214)

LINESTRING (150.694578 101.633286, 115.480370 153.666212)

LINESTRING (150.694578 101.633286, 114.351537 143.121350)

LINESTRING (150.694578 101.633286, 124.526737 106.201123)

LINESTRING (150.694578 101.633286, 160.959851 133.514224)

LINESTRING (150.694578 101.633286, 145.877970 102.970167)

LINESTRING (177.560150 102.402668, 141.643067 174.405152)

LINESTRING (177.560150 102.402668, 124.426584 176.853977)

LINESTRING (177.560150 102.402668, 154.729397 101.126038)

LINESTRING (177.560150 102.402668, 171.949519 171.710745)

LINESTRING (177.560150 102.402668, 168.733745 179.376312)

LINESTRING (177.560150 102.402668, 129.164325 160.771593)

LINESTRING (177.560150 102.402668, 150.859930 134.092964)

LINESTRING (177.560150 102.402668, 118.459806 118.005121)

LINESTRING (177.560150 102.402668, 108.623096 150.174240)

LINESTRING (177.560150 102.402668, 115.480370 153.666212)

LINESTRING (177.560150 102.402668, 114.351537 143.121350)

LINESTRING (177.560150 102.402668, 124.526737 106.201123)

LINESTRING (177.560150 102.402668, 141.562644 171.908974)

LINESTRING (177.560150 102.402668, 145.877970 102.970167)

LINESTRING (141.643067 174.405152, 124.426584 176.853977)

LINESTRING (141.643067 174.405152, 154.729397 101.126038)

LINESTRING (141.643067 174.405152, 168.733745 179.376312)

LINESTRING (141.643067 174.405152, 129.164325 160.771593)

LINESTRING (141.643067 174.405152, 150.859930 134.092964)

LINESTRING (141.643067 174.405152, 163.385328 109.365446)

LINESTRING (141.643067 174.405152, 118.459806 118.005121)

LINESTRING (141.643067 174.405152, 108.623096 150.174240)

LINESTRING (141.643067 174.405152, 114.748931 167.978465)

LINESTRING (141.643067 174.405152, 136.978389 178.462214)

LINESTRING (141.643067 174.405152, 115.480370 153.666212)

LINESTRING (141.643067 174.405152, 124.526737 106.201123)

LINESTRING (141.643067 174.405152, 141.562644 171.908974)

LINESTRING (141.643067 174.405152, 160.959851 133.514224)

LINESTRING (141.643067 174.405152, 145.877970 102.970167)

LINESTRING (124.426584 176.853977, 171.949519 171.710745)

LINESTRING (124.426584 176.853977, 168.733745 179.376312)

LINESTRING (124.426584 176.853977, 150.859930 134.092964)

LINESTRING (124.426584 176.853977, 163.385328 109.365446)

LINESTRING (124.426584 176.853977, 118.459806 118.005121)

LINESTRING (124.426584 176.853977, 108.623096 150.174240)

LINESTRING (124.426584 176.853977, 114.748931 167.978465)

LINESTRING (124.426584 176.853977, 136.978389 178.462214)

LINESTRING (124.426584 176.853977, 115.480370 153.666212)

LINESTRING (124.426584 176.853977, 114.351537 143.121350)

LINESTRING (124.426584 176.853977, 124.526737 106.201123)

LINESTRING (124.426584 176.853977, 141.562644 171.908974)

LINESTRING (124.426584 176.853977, 160.959851 133.514224)

LINESTRING (154.729397 101.126038, 171.949519 171.710745)

LINESTRING (154.729397 101.126038, 168.733745 179.376312)

LINESTRING (154.729397 101.126038, 150.859930 134.092964)

LINESTRING (154.729397 101.126038, 163.385328 109.365446)

LINESTRING (154.729397 101.126038, 118.459806 118.005121)

LINESTRING (154.729397 101.126038, 114.748931 167.978465)

LINESTRING (154.729397 101.126038, 136.978389 178.462214)

LINESTRING (154.729397 101.126038, 115.480370 153.666212)

LINESTRING (154.729397 101.126038, 114.351537 143.121350)

LINESTRING (154.729397 101.126038, 124.526737 106.201123)

LINESTRING (154.729397 101.126038, 141.562644 171.908974)

LINESTRING (154.729397 101.126038, 160.959851 133.514224)

LINESTRING (154.729397 101.126038, 145.877970 102.970167)

LINESTRING (171.949519 171.710745, 129.164325 160.771593)

LINESTRING (171.949519 171.710745, 150.859930 134.092964)

LINESTRING (171.949519 171.710745, 108.623096 150.174240)

LINESTRING (171.949519 171.710745, 114.748931 167.978465)

LINESTRING (171.949519 171.710745, 136.978389 178.462214)

LINESTRING (171.949519 171.710745, 115.480370 153.666212)

LINESTRING (171.949519 171.710745, 124.526737 106.201123)

LINESTRING (171.949519 171.710745, 141.562644 171.908974)

LINESTRING (171.949519 171.710745, 160.959851 133.514224)

LINESTRING (171.949519 171.710745, 145.877970 102.970167)

LINESTRING (168.733745 179.376312, 129.164325 160.771593)

LINESTRING (168.733745 179.376312, 150.859930 134.092964)

LINESTRING (168.733745 179.376312, 163.385328 109.365446)

LINESTRING (168.733745 179.376312, 118.459806 118.005121)

LINESTRING (168.733745 179.376312, 108.623096 150.174240)

LINESTRING (168.733745 179.376312, 114.748931 167.978465)

LINESTRING (168.733745 179.376312, 136.978389 178.462214)

LINESTRING (168.733745 179.376312, 114.351537 143.121350)

LINESTRING (168.733745 179.376312, 124.526737 106.201123)

LINESTRING (168.733745 179.376312, 145.877970 102.970167)

LINESTRING (129.164325 160.771593, 150.859930 134.092964)

LINESTRING (129.164325 160.771593, 163.385328 109.365446)

LINESTRING (129.164325 160.771593, 118.459806 118.005121)

LINESTRING (129.164325 160.771593, 108.623096 150.174240)

LINESTRING (129.164325 160.771593, 115.480370 153.666212)

LINESTRING (129.164325 160.771593, 114.351537 143.121350)

LINESTRING (129.164325 160.771593, 141.562644 171.908974)

LINESTRING (129.164325 160.771593, 160.959851 133.514224)

LINESTRING (150.859930 134.092964, 108.623096 150.174240)

LINESTRING (150.859930 134.092964, 136.978389 178.462214)

LINESTRING (150.859930 134.092964, 115.480370 153.666212)

LINESTRING (150.859930 134.092964, 114.351537 143.121350)

LINESTRING (150.859930 134.092964, 124.526737 106.201123)

LINESTRING (150.859930 134.092964, 141.562644 171.908974)

LINESTRING (150.859930 134.092964, 145.877970 102.970167)

LINESTRING (163.385328 109.365446, 118.459806 118.005121)

LINESTRING (163.385328 109.365446, 108.623096 150.174240)

LINESTRING (163.385328 109.365446, 114.748931 167.978465)

LINESTRING (163.385328 109.365446, 136.978389 178.462214)

LINESTRING (163.385328 109.365446, 114.351537 143.121350)

LINESTRING (163.385328 109.365446, 124.526737 106.201123)

LINESTRING (163.385328 109.365446, 160.959851 133.514224)

LINESTRING (118.459806 118.005121, 136.978389 178.462214)

LINESTRING (118.459806 118.005121, 115.480370 153.666212)

LINESTRING (118.459806 118.005121, 124.526737 106.201123)

LINESTRING (118.459806 118.005121, 141.562644 171.908974)

LINESTRING (118.459806 118.005121, 160.959851 133.514224)

LINESTRING (118.459806 118.005121, 145.877970 102.970167)

LINESTRING (108.623096 150.174240, 114.748931 167.978465)

LINESTRING (108.623096 150.174240, 136.978389 178.462214)

LINESTRING (108.623096 150.174240, 115.480370 153.666212)

LINESTRING (108.623096 150.174240, 114.351537 143.121350)

LINESTRING (108.623096 150.174240, 124.526737 106.201123)

LINESTRING (108.623096 150.174240, 141.562644 171.908974)

LINESTRING (108.623096 150.174240, 160.959851 133.514224)

LINESTRING (114.748931 167.978465, 136.978389 178.462214)

LINESTRING (114.748931 167.978465, 115.480370 153.666212)

LINESTRING (114.748931 167.978465, 114.351537 143.121350)

LINESTRING (114.748931 167.978465, 124.526737 106.201123)

LINESTRING (114.748931 167.978465, 141.562644 171.908974)

LINESTRING (114.748931 167.978465, 145.877970 102.970167)

LINESTRING (136.978389 178.462214, 115.480370 153.666212)

LINESTRING (136.978389 178.462214, 114.351537 143.121350)

LINESTRING (136.978389 178.462214, 124.526737 106.201123)

LINESTRING (136.978389 178.462214, 160.959851 133.514224)

LINESTRING (136.978389 178.462214, 145.877970 102.970167)

LINESTRING (115.480370 153.666212, 114.351537 143.121350)

LINESTRING (115.480370 153.666212, 124.526737 106.201123)

LINESTRING (115.480370 153.666212, 141.562644 171.908974)

LINESTRING (115.480370 153.666212, 160.959851 133.514224)

LINESTRING (115.480370 153.666212, 145.877970 102.970167)

LINESTRING (114.351537 143.121350, 124.526737 106.201123)

LINESTRING (114.351537 143.121350, 160.959851 133.514224)

LINESTRING (114.351537 143.121350, 145.877970 102.970167)

LINESTRING (124.526737 106.201123, 141.562644 171.908974)

LINESTRING (124.526737 106.201123, 145.877970 102.970167)

LINESTRING (141.562644 171.908974, 160.959851 133.514224)

LINESTRING (141.562644 171.908974, 145.877970 102.970167)

LINESTRING (516.104339 108.157019, 499.795022 159.681219)

LINESTRING (516.104339 108.157019, 457.318635 145.904043)

LINESTRING (516.104339 108.157019, 467.225684 102.467324)

LINESTRING (516.104339 108.157019, 453.789719 145.688148)

LINESTRING (516.104339 108.157019, 489.188524 102.163382)

LINESTRING (516.104339 108.157019, 462.638531 129.755768)

LINESTRING (516.104339 108.157019, 516.814225 155.852167)

LINESTRING (516.104339 108.157019, 473.012873 148.769905)

LINESTRING (516.104339 108.157019, 507.473217 114.709947)

LINESTRING (516.104339 108.157019, 516.353062 138.127057)

LINESTRING (516.104339 108.157019, 510.765627 120.397868)

LINESTRING (516.104339 108.157019, 508.137132 176.284877)

LINESTRING (516.104339 108.157019, 506.417494 178.376893)

LINESTRING (516.104339 108.157019, 455.243341 103.287726)

LINESTRING (516.104339 108.157019, 468.164440 130.336710)

LINESTRING (516.104339 108.157019, 493.641865 155.041737)

LINESTRING (516.104339 108.157019, 522.189941 126.879385)

LINESTRING (516.104339 108.157019, 492.297201 112.950277)

LINESTRING (516.104339 108.157019, 465.715162 109.675600)

LINESTRING (516.104339 108.157019, 464.916079 171.353763)

LINESTRING (516.104339 108.157019, 493.141768 177.582772)

LINESTRING (516.104339 108.157019, 453.996254 152.579715)

LINESTRING (516.104339 108.157019, 518.948859 169.293030)

LINESTRING (516.104339 108.157019, 461.086294 156.342245)

LINESTRING (516.104339 108.157019, 464.773249 113.519745)

LINESTRING (516.104339 108.157019, 515.051138 142.540047)

LINESTRING (516.104339 108.157019, 459.816556 116.644282)

LINESTRING (516.104339 108.157019, 513.177075 122.931598)

LINESTRING (516.104339 108.157019, 458.217295 134.809694)

LINESTRING (516.104339 108.157019, 481.162388 142.753110)

LINESTRING (499.795022 159.681219, 457.318635 145.904043)

LINESTRING (499.795022 159.681219, 467.225684 102.467324)

LINESTRING (499.795022 159.681219, 506.415679 115.007176)

LINESTRING (499.795022 159.681219, 453.789719 145.688148)

LINESTRING (499.795022 159.681219, 489.188524 102.163382)

LINESTRING (499.795022 159.681219, 462.638531 129.755768)

LINESTRING (499.795022 159.681219, 501.190863 154.728554)

LINESTRING (499.795022 159.681219, 486.619485 166.070614)

LINESTRING (499.795022 159.681219, 488.516133 154.538258)

LINESTRING (499.795022 159.681219, 516.814225 155.852167)

LINESTRING (499.795022 159.681219, 523.499453 120.757709)

LINESTRING (499.795022 159.681219, 473.012873 148.769905)

LINESTRING (499.795022 159.681219, 516.353062 138.127057)

LINESTRING (499.795022 159.681219, 508.137132 176.284877)

LINESTRING (499.795022 159.681219, 506.417494 178.376893)

LINESTRING (499.795022 159.681219, 498.019128 171.586773)

LINESTRING (499.795022 159.681219, 455.243341 103.287726)

LINESTRING (499.795022 159.681219, 507.306557 177.338468)

LINESTRING (499.795022 159.681219, 468.164440 130.336710)

LINESTRING (499.795022 159.681219, 493.641865 155.041737)

LINESTRING (499.795022 159.681219, 522.189941 126.879385)

LINESTRING (499.795022 159.681219, 465.715162 109.675600)

LINESTRING (499.795022 159.681219, 464.916079 171.353763)

LINESTRING (499.795022 159.681219, 493.141768 177.582772)

LINESTRING (499.795022 159.681219, 453.996254 152.579715)

LINESTRING (499.795022 159.681219, 461.086294 156.342245)

LINESTRING (499.795022 159.681219, 497.908380 147.998083)

LINESTRING (499.795022 159.681219, 464.773249 113.519745)

LINESTRING (499.795022 159.681219, 515.051138 142.540047)

LINESTRING (499.795022 159.681219, 459.816556 116.644282)

LINESTRING (499.795022 159.681219, 513.177075 122.931598)

LINESTRING (499.795022 159.681219, 458.217295 134.809694)

LINESTRING (499.795022 159.681219, 481.162388 142.753110)

LINESTRING (457.318635 145.904043, 467.225684 102.467324)

LINESTRING (457.318635 145.904043, 506.415679 115.007176)

LINESTRING (457.318635 145.904043, 453.789719 145.688148)

LINESTRING (457.318635 145.904043, 462.638531 129.755768)

LINESTRING (457.318635 145.904043, 486.619485 166.070614)

LINESTRING (457.318635 145.904043, 488.516133 154.538258)

LINESTRING (457.318635 145.904043, 516.814225 155.852167)

LINESTRING (457.318635 145.904043, 523.499453 120.757709)

LINESTRING (457.318635 145.904043, 473.012873 148.769905)

LINESTRING (457.318635 145.904043, 507.473217 114.709947)

LINESTRING (457.318635 145.904043, 516.353062 138.127057)

LINESTRING (457.318635 145.904043, 480.196034 138.275390)

LINESTRING (457.318635 145.904043, 510.765627 120.397868)

LINESTRING (457.318635 145.904043, 508.137132 176.284877)

LINESTRING (457.318635 145.904043, 506.417494 178.376893)

LINESTRING (457.318635 145.904043, 498.019128 171.586773)

LINESTRING (457.318635 145.904043, 455.243341 103.287726)

LINESTRING (457.318635 145.904043, 507.306557 177.338468)

LINESTRING (457.318635 145.904043, 468.164440 130.336710)

LINESTRING (457.318635 145.904043, 493.641865 155.041737)

LINESTRING (457.318635 145.904043, 522.189941 126.879385)

LINESTRING (457.318635 145.904043, 465.715162 109.675600)

LINESTRING (457.318635 145.904043, 464.916079 171.353763)

LINESTRING (457.318635 145.904043, 493.141768 177.582772)

LINESTRING (457.318635 145.904043, 518.948859 169.293030)

LINESTRING (457.318635 145.904043, 461.086294 156.342245)

LINESTRING (457.318635 145.904043, 497.908380 147.998083)

LINESTRING (457.318635 145.904043, 464.773249 113.519745)

LINESTRING (457.318635 145.904043, 515.051138 142.540047)

LINESTRING (457.318635 145.904043, 459.816556 116.644282)

LINESTRING (457.318635 145.904043, 513.177075 122.931598)

LINESTRING (457.318635 145.904043, 458.217295 134.809694)

LINESTRING (467.225684 102.467324, 506.415679 115.007176)

LINESTRING (467.225684 102.467324, 489.188524 102.163382)

LINESTRING (467.225684 102.467324, 462.638531 129.755768)

LINESTRING (467.225684 102.467324, 501.190863 154.728554)

LINESTRING (467.225684 102.467324, 488.516133 154.538258)

LINESTRING (467.225684 102.467324, 516.814225 155.852167)

LINESTRING (467.225684 102.467324, 523.499453 120.757709)

LINESTRING (467.225684 102.467324, 473.012873 148.769905)

LINESTRING (467.225684 102.467324, 507.473217 114.709947)

LINESTRING (467.225684 102.467324, 516.353062 138.127057)

LINESTRING (467.225684 102.467324, 480.196034 138.275390)

LINESTRING (467.225684 102.467324, 510.765627 120.397868)

LINESTRING (467.225684 102.467324, 508.137132 176.284877)

LINESTRING (467.225684 102.467324, 506.417494 178.376893)

LINESTRING (467.225684 102.467324, 498.019128 171.586773)

LINESTRING (467.225684 102.467324, 455.243341 103.287726)

LINESTRING (467.225684 102.467324, 507.306557 177.338468)

LINESTRING (467.225684 102.467324, 468.164440 130.336710)

LINESTRING (467.225684 102.467324, 493.641865 155.041737)

LINESTRING (467.225684 102.467324, 492.297201 112.950277)

LINESTRING (467.225684 102.467324, 465.715162 109.675600)

LINESTRING (467.225684 102.467324, 493.141768 177.582772)

LINESTRING (467.225684 102.467324, 518.948859 169.293030)

LINESTRING (467.225684 102.467324, 497.908380 147.998083)

LINESTRING (467.225684 102.467324, 464.773249 113.519745)

LINESTRING (467.225684 102.467324, 515.051138 142.540047)

LINESTRING (467.225684 102.467324, 459.816556 116.644282)

LINESTRING (467.225684 102.467324, 513.177075 122.931598)

LINESTRING (467.225684 102.467324, 458.217295 134.809694)

LINESTRING (467.225684 102.467324, 481.162388 142.753110)

LINESTRING (506.415679 115.007176, 462.638531 129.755768)

LINESTRING (506.415679 115.007176, 488.516133 154.538258)

LINESTRING (506.415679 115.007176, 516.814225 155.852167)

LINESTRING (506.415679 115.007176, 473.012873 148.769905)

LINESTRING (506.415679 115.007176, 516.353062 138.127057)

LINESTRING (506.415679 115.007176, 480.196034 138.275390)

LINESTRING (506.415679 115.007176, 510.765627 120.397868)

LINESTRING (506.415679 115.007176, 508.137132 176.284877)

LINESTRING (506.415679 115.007176, 506.417494 178.376893)

LINESTRING (506.415679 115.007176, 498.019128 171.586773)

LINESTRING (506.415679 115.007176, 455.243341 103.287726)

LINESTRING (506.415679 115.007176, 507.306557 177.338468)

LINESTRING (506.415679 115.007176, 468.164440 130.336710)

LINESTRING (506.415679 115.007176, 493.641865 155.041737)

LINESTRING (506.415679 115.007176, 492.297201 112.950277)

LINESTRING (506.415679 115.007176, 465.715162 109.675600)

LINESTRING (506.415679 115.007176, 464.916079 171.353763)

LINESTRING (506.415679 115.007176, 453.996254 152.579715)

LINESTRING (506.415679 115.007176, 461.086294 156.342245)

LINESTRING (506.415679 115.007176, 497.908380 147.998083)

LINESTRING (506.415679 115.007176, 464.773249 113.519745)

LINESTRING (506.415679 115.007176, 515.051138 142.540047)

LINESTRING (506.415679 115.007176, 459.816556 116.644282)

LINESTRING (506.415679 115.007176, 513.177075 122.931598)

LINESTRING (506.415679 115.007176, 458.217295 134.809694)

LINESTRING (506.415679 115.007176, 481.162388 142.753110)

LINESTRING (453.789719 145.688148, 489.188524 102.163382)

LINESTRING (453.789719 145.688148, 462.638531 129.755768)

LINESTRING (453.789719 145.688148, 501.190863 154.728554)

LINESTRING (453.789719 145.688148, 486.619485 166.070614)

LINESTRING (453.789719 145.688148, 488.516133 154.538258)

LINESTRING (453.789719 145.688148, 516.814225 155.852167)

LINESTRING (453.789719 145.688148, 523.499453 120.757709)

LINESTRING (453.789719 145.688148, 473.012873 148.769905)

LINESTRING (453.789719 145.688148, 507.473217 114.709947)

LINESTRING (453.789719 145.688148, 516.353062 138.127057)

LINESTRING (453.789719 145.688148, 480.196034 138.275390)

LINESTRING (453.789719 145.688148, 510.765627 120.397868)

LINESTRING (453.789719 145.688148, 508.137132 176.284877)

LINESTRING (453.789719 145.688148, 506.417494 178.376893)

LINESTRING (453.789719 145.688148, 507.306557 177.338468)

LINESTRING (453.789719 145.688148, 468.164440 130.336710)

LINESTRING (453.789719 145.688148, 493.641865 155.041737)

LINESTRING (453.789719 145.688148, 492.297201 112.950277)

LINESTRING (453.789719 145.688148, 465.715162 109.675600)

LINESTRING (453.789719 145.688148, 464.916079 171.353763)

LINESTRING (453.789719 145.688148, 453.996254 152.579715)

LINESTRING (453.789719 145.688148, 518.948859 169.293030)

LINESTRING (453.789719 145.688148, 497.908380 147.998083)

LINESTRING (453.789719 145.688148, 464.773249 113.519745)

LINESTRING (453.789719 145.688148, 515.051138 142.540047)

LINESTRING (453.789719 145.688148, 459.816556 116.644282)

LINESTRING (453.789719 145.688148, 513.177075 122.931598)

LINESTRING (453.789719 145.688148, 458.217295 134.809694)

LINESTRING (453.789719 145.688148, 481.162388 142.753110)

LINESTRING (489.188524 102.163382, 486.619485 166.070614)

LINESTRING (489.188524 102.163382, 488.516133 154.538258)

LINESTRING (489.188524 102.163382, 516.814225 155.852167)

LINESTRING (489.188524 102.163382, 523.499453 120.757709)

LINESTRING (489.188524 102.163382, 507.473217 114.709947)

LINESTRING (489.188524 102.163382, 516.353062 138.127057)

LINESTRING (489.188524 102.163382, 480.196034 138.275390)

LINESTRING (489.188524 102.163382, 510.765627 120.397868)

LINESTRING (489.188524 102.163382, 506.417494 178.376893)

LINESTRING (489.188524 102.163382, 498.019128 171.586773)

LINESTRING (489.188524 102.163382, 455.243341 103.287726)

LINESTRING (489.188524 102.163382, 507.306557 177.338468)

LINESTRING (489.188524 102.163382, 468.164440 130.336710)

LINESTRING (489.188524 102.163382, 493.641865 155.041737)

LINESTRING (489.188524 102.163382, 522.189941 126.879385)

LINESTRING (489.188524 102.163382, 464.916079 171.353763)

LINESTRING (489.188524 102.163382, 493.141768 177.582772)

LINESTRING (489.188524 102.163382, 453.996254 152.579715)

LINESTRING (489.188524 102.163382, 518.948859 169.293030)

LINESTRING (489.188524 102.163382, 461.086294 156.342245)

LINESTRING (489.188524 102.163382, 497.908380 147.998083)

LINESTRING (489.188524 102.163382, 464.773249 113.519745)

LINESTRING (489.188524 102.163382, 515.051138 142.540047)

LINESTRING (489.188524 102.163382, 459.816556 116.644282)

LINESTRING (489.188524 102.163382, 513.177075 122.931598)

LINESTRING (489.188524 102.163382, 458.217295 134.809694)

LINESTRING (489.188524 102.163382, 481.162388 142.753110)

LINESTRING (462.638531 129.755768, 501.190863 154.728554)

LINESTRING (462.638531 129.755768, 486.619485 166.070614)

LINESTRING (462.638531 129.755768, 488.516133 154.538258)

LINESTRING (462.638531 129.755768, 516.814225 155.852167)

LINESTRING (462.638531 129.755768, 523.499453 120.757709)

LINESTRING (462.638531 129.755768, 473.012873 148.769905)

LINESTRING (462.638531 129.755768, 507.473217 114.709947)

LINESTRING (462.638531 129.755768, 516.353062 138.127057)

LINESTRING (462.638531 129.755768, 480.196034 138.275390)

LINESTRING (462.638531 129.755768, 510.765627 120.397868)

LINESTRING (462.638531 129.755768, 508.137132 176.284877)

LINESTRING (462.638531 129.755768, 506.417494 178.376893)

LINESTRING (462.638531 129.755768, 498.019128 171.586773)

LINESTRING (462.638531 129.755768, 507.306557 177.338468)

LINESTRING (462.638531 129.755768, 468.164440 130.336710)

LINESTRING (462.638531 129.755768, 522.189941 126.879385)

LINESTRING (462.638531 129.755768, 492.297201 112.950277)

LINESTRING (462.638531 129.755768, 465.715162 109.675600)

LINESTRING (462.638531 129.755768, 464.916079 171.353763)

LINESTRING (462.638531 129.755768, 518.948859 169.293030)

LINESTRING (462.638531 129.755768, 497.908380 147.998083)

LINESTRING (462.638531 129.755768, 515.051138 142.540047)

LINESTRING (462.638531 129.755768, 459.816556 116.644282)

LINESTRING (462.638531 129.755768, 513.177075 122.931598)

LINESTRING (462.638531 129.755768, 481.162388 142.753110)

LINESTRING (501.190863 154.728554, 486.619485 166.070614)

LINESTRING (501.190863 154.728554, 488.516133 154.538258)

LINESTRING (501.190863 154.728554, 516.814225 155.852167)

LINESTRING (501.190863 154.728554, 523.499453 120.757709)

LINESTRING (501.190863 154.728554, 473.012873 148.769905)

LINESTRING (501.190863 154.728554, 507.473217 114.709947)

LINESTRING (501.190863 154.728554, 516.353062 138.127057)

LINESTRING (501.190863 154.728554, 510.765627 120.397868)

LINESTRING (501.190863 154.728554, 508.137132 176.284877)

LINESTRING (501.190863 154.728554, 506.417494 178.376893)

LINESTRING (501.190863 154.728554, 498.019128 171.586773)

LINESTRING (501.190863 154.728554, 455.243341 103.287726)

LINESTRING (501.190863 154.728554, 507.306557 177.338468)

LINESTRING (501.190863 154.728554, 468.164440 130.336710)

LINESTRING (501.190863 154.728554, 493.641865 155.041737)

LINESTRING (501.190863 154.728554, 522.189941 126.879385)

LINESTRING (501.190863 154.728554, 492.297201 112.950277)

LINESTRING (501.190863 154.728554, 464.916079 171.353763)

LINESTRING (501.190863 154.728554, 493.141768 177.582772)

LINESTRING (501.190863 154.728554, 453.996254 152.579715)

LINESTRING (501.190863 154.728554, 518.948859 169.293030)

LINESTRING (501.190863 154.728554, 461.086294 156.342245)

LINESTRING (501.190863 154.728554, 497.908380 147.998083)

LINESTRING (501.190863 154.728554, 464.773249 113.519745)

LINESTRING (501.190863 154.728554, 515.051138 142.540047)

LINESTRING (501.190863 154.728554, 459.816556 116.644282)

LINESTRING (501.190863 154.728554, 513.177075 122.931598)

LINESTRING (501.190863 154.728554, 481.162388 142.753110)

LINESTRING (486.619485 166.070614, 488.516133 154.538258)

LINESTRING (486.619485 166.070614, 523.499453 120.757709)

LINESTRING (486.619485 166.070614, 480.196034 138.275390)

LINESTRING (486.619485 166.070614, 510.765627 120.397868)

LINESTRING (486.619485 166.070614, 508.137132 176.284877)

LINESTRING (486.619485 166.070614, 506.417494 178.376893)

LINESTRING (486.619485 166.070614, 455.243341 103.287726)

LINESTRING (486.619485 166.070614, 507.306557 177.338468)

LINESTRING (486.619485 166.070614, 468.164440 130.336710)

LINESTRING (486.619485 166.070614, 522.189941 126.879385)

LINESTRING (486.619485 166.070614, 492.297201 112.950277)

LINESTRING (486.619485 166.070614, 465.715162 109.675600)

LINESTRING (486.619485 166.070614, 493.141768 177.582772)

LINESTRING (486.619485 166.070614, 461.086294 156.342245)

LINESTRING (486.619485 166.070614, 497.908380 147.998083)

LINESTRING (486.619485 166.070614, 464.773249 113.519745)

LINESTRING (486.619485 166.070614, 515.051138 142.540047)

LINESTRING (486.619485 166.070614, 459.816556 116.644282)

LINESTRING (486.619485 166.070614, 513.177075 122.931598)

LINESTRING (486.619485 166.070614, 458.217295 134.809694)

LINESTRING (488.516133 154.538258, 516.814225 155.852167)

LINESTRING (488.516133 154.538258, 523.499453 120.757709)

LINESTRING (488.516133 154.538258, 473.012873 148.769905)

LINESTRING (488.516133 154.538258, 507.473217 114.709947)

LINESTRING (488.516133 154.538258, 480.196034 138.275390)

LINESTRING (488.516133 154.538258, 510.765627 120.397868)

LINESTRING (488.516133 154.538258, 508.137132 176.284877)

LINESTRING (488.516133 154.538258, 455.243341 103.287726)

LINESTRING (488.516133 154.538258, 507.306557 177.338468)

LINESTRING (488.516133 154.538258, 468.164440 130.336710)

LINESTRING (488.516133 154.538258, 493.641865 155.041737)

LINESTRING (488.516133 154.538258, 522.189941 126.879385)

LINESTRING (488.516133 154.538258, 492.297201 112.950277)

LINESTRING (488.516133 154.538258, 465.715162 109.675600)

LINESTRING (488.516133 154.538258, 464.916079 171.353763)

LINESTRING (488.516133 154.538258, 493.141768 177.582772)

LINESTRING (488.516133 154.538258, 453.996254 152.579715)

LINESTRING (488.516133 154.538258, 461.086294 156.342245)

LINESTRING (488.516133 154.538258, 497.908380 147.998083)

LINESTRING (488.516133 154.538258, 464.773249 113.519745)

LINESTRING (488.516133 154.538258, 515.051138 142.540047)

LINESTRING (488.516133 154.538258, 459.816556 116.644282)

LINESTRING (488.516133 154.538258, 513.177075 122.931598)

LINESTRING (488.516133 154.538258, 458.217295 134.809694)

LINESTRING (488.516133 154.538258, 481.162388 142.753110)

LINESTRING (516.814225 155.852167, 523.499453 120.757709)

LINESTRING (516.814225 155.852167, 473.012873 148.769905)

LINESTRING (516.814225 155.852167, 480.196034 138.275390)

LINESTRING (516.814225 155.852167, 508.137132 176.284877)

LINESTRING (516.814225 155.852167, 498.019128 171.586773)

LINESTRING (516.814225 155.852167, 455.243341 103.287726)

LINESTRING (516.814225 155.852167, 468.164440 130.336710)

LINESTRING (516.814225 155.852167, 493.641865 155.041737)

LINESTRING (516.814225 155.852167, 522.189941 126.879385)

LINESTRING (516.814225 155.852167, 492.297201 112.950277)

LINESTRING (516.814225 155.852167, 465.715162 109.675600)

LINESTRING (516.814225 155.852167, 453.996254 152.579715)

LINESTRING (516.814225 155.852167, 518.948859 169.293030)

LINESTRING (516.814225 155.852167, 464.773249 113.519745)

LINESTRING (516.814225 155.852167, 459.816556 116.644282)

LINESTRING (516.814225 155.852167, 513.177075 122.931598)

LINESTRING (516.814225 155.852167, 481.162388 142.753110)

LINESTRING (523.499453 120.757709, 473.012873 148.769905)

LINESTRING (523.499453 120.757709, 516.353062 138.127057)

LINESTRING (523.499453 120.757709, 480.196034 138.275390)

LINESTRING (523.499453 120.757709, 510.765627 120.397868)

LINESTRING (523.499453 120.757709, 498.019128 171.586773)

LINESTRING (523.499453 120.757709, 455.243341 103.287726)

LINESTRING (523.499453 120.757709, 507.306557 177.338468)

LINESTRING (523.499453 120.757709, 468.164440 130.336710)

LINESTRING (523.499453 120.757709, 493.641865 155.041737)

LINESTRING (523.499453 120.757709, 522.189941 126.879385)

LINESTRING (523.499453 120.757709, 492.297201 112.950277)

LINESTRING (523.499453 120.757709, 465.715162 109.675600)

LINESTRING (523.499453 120.757709, 464.916079 171.353763)

LINESTRING (523.499453 120.757709, 493.141768 177.582772)

LINESTRING (523.499453 120.757709, 453.996254 152.579715)

LINESTRING (523.499453 120.757709, 518.948859 169.293030)

LINESTRING (523.499453 120.757709, 497.908380 147.998083)

LINESTRING (523.499453 120.757709, 464.773249 113.519745)

LINESTRING (523.499453 120.757709, 515.051138 142.540047)

LINESTRING (523.499453 120.757709, 459.816556 116.644282)

LINESTRING (523.499453 120.757709, 458.217295 134.809694)

LINESTRING (523.499453 120.757709, 481.162388 142.753110)

LINESTRING (473.012873 148.769905, 507.473217 114.709947)

LINESTRING (473.012873 148.769905, 516.353062 138.127057)

LINESTRING (473.012873 148.769905, 480.196034 138.275390)

LINESTRING (473.012873 148.769905, 510.765627 120.397868)

LINESTRING (473.012873 148.769905, 508.137132 176.284877)

LINESTRING (473.012873 148.769905, 498.019128 171.586773)

LINESTRING (473.012873 148.769905, 455.243341 103.287726)

LINESTRING (473.012873 148.769905, 507.306557 177.338468)

LINESTRING (473.012873 148.769905, 468.164440 130.336710)

LINESTRING (473.012873 148.769905, 493.641865 155.041737)

LINESTRING (473.012873 148.769905, 522.189941 126.879385)

LINESTRING (473.012873 148.769905, 492.297201 112.950277)

LINESTRING (473.012873 148.769905, 465.715162 109.675600)

LINESTRING (473.012873 148.769905, 464.916079 171.353763)

LINESTRING (473.012873 148.769905, 493.141768 177.582772)

LINESTRING (473.012873 148.769905, 453.996254 152.579715)

LINESTRING (473.012873 148.769905, 518.948859 169.293030)

LINESTRING (473.012873 148.769905, 461.086294 156.342245)

LINESTRING (473.012873 148.769905, 497.908380 147.998083)

LINESTRING (473.012873 148.769905, 464.773249 113.519745)

LINESTRING (473.012873 148.769905, 459.816556 116.644282)

LINESTRING (473.012873 148.769905, 513.177075 122.931598)

LINESTRING (473.012873 148.769905, 458.217295 134.809694)

LINESTRING (473.012873 148.769905, 481.162388 142.753110)

LINESTRING (507.473217 114.709947, 480.196034 138.275390)

LINESTRING (507.473217 114.709947, 510.765627 120.397868)

LINESTRING (507.473217 114.709947, 508.137132 176.284877)

LINESTRING (507.473217 114.709947, 506.417494 178.376893)

LINESTRING (507.473217 114.709947, 455.243341 103.287726)

LINESTRING (507.473217 114.709947, 507.306557 177.338468)

LINESTRING (507.473217 114.709947, 468.164440 130.336710)

LINESTRING (507.473217 114.709947, 465.715162 109.675600)

LINESTRING (507.473217 114.709947, 464.916079 171.353763)

LINESTRING (507.473217 114.709947, 493.141768 177.582772)

LINESTRING (507.473217 114.709947, 518.948859 169.293030)

LINESTRING (507.473217 114.709947, 461.086294 156.342245)

LINESTRING (507.473217 114.709947, 497.908380 147.998083)

LINESTRING (507.473217 114.709947, 464.773249 113.519745)

LINESTRING (507.473217 114.709947, 459.816556 116.644282)

LINESTRING (516.353062 138.127057, 480.196034 138.275390)

LINESTRING (516.353062 138.127057, 510.765627 120.397868)

LINESTRING (516.353062 138.127057, 508.137132 176.284877)

LINESTRING (516.353062 138.127057, 506.417494 178.376893)

LINESTRING (516.353062 138.127057, 455.243341 103.287726)

LINESTRING (516.353062 138.127057, 468.164440 130.336710)

LINESTRING (516.353062 138.127057, 522.189941 126.879385)

LINESTRING (516.353062 138.127057, 492.297201 112.950277)

LINESTRING (516.353062 138.127057, 465.715162 109.675600)

LINESTRING (516.353062 138.127057, 464.916079 171.353763)

LINESTRING (516.353062 138.127057, 493.141768 177.582772)

LINESTRING (516.353062 138.127057, 453.996254 152.579715)

LINESTRING (516.353062 138.127057, 461.086294 156.342245)

LINESTRING (516.353062 138.127057, 497.908380 147.998083)

LINESTRING (516.353062 138.127057, 464.773249 113.519745)

LINESTRING (516.353062 138.127057, 515.051138 142.540047)

LINESTRING (516.353062 138.127057, 513.177075 122.931598)

LINESTRING (516.353062 138.127057, 458.217295 134.809694)

LINESTRING (516.353062 138.127057, 481.162388 142.753110)

LINESTRING (480.196034 138.275390, 510.765627 120.397868)

LINESTRING (480.196034 138.275390, 508.137132 176.284877)

LINESTRING (480.196034 138.275390, 506.417494 178.376893)

LINESTRING (480.196034 138.275390, 498.019128 171.586773)

LINESTRING (480.196034 138.275390, 455.243341 103.287726)

LINESTRING (480.196034 138.275390, 507.306557 177.338468)

LINESTRING (480.196034 138.275390, 468.164440 130.336710)

LINESTRING (480.196034 138.275390, 492.297201 112.950277)

LINESTRING (480.196034 138.275390, 465.715162 109.675600)

LINESTRING (480.196034 138.275390, 493.141768 177.582772)

LINESTRING (480.196034 138.275390, 453.996254 152.579715)

LINESTRING (480.196034 138.275390, 518.948859 169.293030)

LINESTRING (480.196034 138.275390, 461.086294 156.342245)

LINESTRING (480.196034 138.275390, 497.908380 147.998083)

LINESTRING (480.196034 138.275390, 464.773249 113.519745)

LINESTRING (480.196034 138.275390, 515.051138 142.540047)

LINESTRING (480.196034 138.275390, 459.816556 116.644282)

LINESTRING (480.196034 138.275390, 513.177075 122.931598)

LINESTRING (480.196034 138.275390, 458.217295 134.809694)

LINESTRING (480.196034 138.275390, 481.162388 142.753110)

LINESTRING (510.765627 120.397868, 508.137132 176.284877)

LINESTRING (510.765627 120.397868, 498.019128 171.586773)

LINESTRING (510.765627 120.397868, 455.243341 103.287726)

LINESTRING (510.765627 120.397868, 493.641865 155.041737)

LINESTRING (510.765627 120.397868, 522.189941 126.879385)

LINESTRING (510.765627 120.397868, 492.297201 112.950277)

LINESTRING (510.765627 120.397868, 465.715162 109.675600)

LINESTRING (510.765627 120.397868, 464.916079 171.353763)

LINESTRING (510.765627 120.397868, 493.141768 177.582772)

LINESTRING (510.765627 120.397868, 453.996254 152.579715)

LINESTRING (510.765627 120.397868, 518.948859 169.293030)

LINESTRING (510.765627 120.397868, 515.051138 142.540047)

LINESTRING (510.765627 120.397868, 513.177075 122.931598)

LINESTRING (510.765627 120.397868, 458.217295 134.809694)

LINESTRING (510.765627 120.397868, 481.162388 142.753110)

LINESTRING (508.137132 176.284877, 506.417494 178.376893)

LINESTRING (508.137132 176.284877, 498.019128 171.586773)

LINESTRING (508.137132 176.284877, 507.306557 177.338468)

LINESTRING (508.137132 176.284877, 468.164440 130.336710)

LINESTRING (508.137132 176.284877, 493.641865 155.041737)

LINESTRING (508.137132 176.284877, 522.189941 126.879385)

LINESTRING (508.137132 176.284877, 465.715162 109.675600)

LINESTRING (508.137132 176.284877, 464.916079 171.353763)

LINESTRING (508.137132 176.284877, 493.141768 177.582772)

LINESTRING (508.137132 176.284877, 453.996254 152.579715)

LINESTRING (508.137132 176.284877, 518.948859 169.293030)

LINESTRING (508.137132 176.284877, 497.908380 147.998083)

LINESTRING (508.137132 176.284877, 464.773249 113.519745)

LINESTRING (508.137132 176.284877, 515.051138 142.540047)

LINESTRING (508.137132 176.284877, 459.816556 116.644282)

LINESTRING (508.137132 176.284877, 513.177075 122.931598)

LINESTRING (508.137132 176.284877, 458.217295 134.809694)

LINESTRING (508.137132 176.284877, 481.162388 142.753110)

LINESTRING (506.417494 178.376893, 498.019128 171.586773)

LINESTRING (506.417494 178.376893, 507.306557 177.338468)

LINESTRING (506.417494 178.376893, 468.164440 130.336710)

LINESTRING (506.417494 178.376893, 493.641865 155.041737)

LINESTRING (506.417494 178.376893, 522.189941 126.879385)

LINESTRING (506.417494 178.376893, 465.715162 109.675600)

LINESTRING (506.417494 178.376893, 464.916079 171.353763)

LINESTRING (506.417494 178.376893, 493.141768 177.582772)

LINESTRING (506.417494 178.376893, 453.996254 152.579715)

LINESTRING (506.417494 178.376893, 461.086294 156.342245)

LINESTRING (506.417494 178.376893, 464.773249 113.519745)

LINESTRING (506.417494 178.376893, 515.051138 142.540047)

LINESTRING (506.417494 178.376893, 459.816556 116.644282)

LINESTRING (506.417494 178.376893, 513.177075 122.931598)

LINESTRING (506.417494 178.376893, 458.217295 134.809694)

LINESTRING (506.417494 178.376893, 481.162388 142.753110)

LINESTRING (498.019128 171.586773, 455.243341 103.287726)

LINESTRING (498.019128 171.586773, 507.306557 177.338468)

LINESTRING (498.019128 171.586773, 468.164440 130.336710)

LINESTRING (498.019128 171.586773, 493.641865 155.041737)

LINESTRING (498.019128 171.586773, 464.916079 171.353763)

LINESTRING (498.019128 171.586773, 453.996254 152.579715)

LINESTRING (498.019128 171.586773, 518.948859 169.293030)

LINESTRING (498.019128 171.586773, 461.086294 156.342245)

LINESTRING (498.019128 171.586773, 497.908380 147.998083)

LINESTRING (498.019128 171.586773, 515.051138 142.540047)

LINESTRING (498.019128 171.586773, 459.816556 116.644282)

LINESTRING (498.019128 171.586773, 513.177075 122.931598)

LINESTRING (498.019128 171.586773, 458.217295 134.809694)

LINESTRING (498.019128 171.586773, 481.162388 142.753110)

LINESTRING (455.243341 103.287726, 493.641865 155.041737)

LINESTRING (455.243341 103.287726, 522.189941 126.879385)

LINESTRING (455.243341 103.287726, 492.297201 112.950277)

LINESTRING (455.243341 103.287726, 465.715162 109.675600)

LINESTRING (455.243341 103.287726, 464.916079 171.353763)

LINESTRING (455.243341 103.287726, 493.141768 177.582772)

LINESTRING (455.243341 103.287726, 453.996254 152.579715)

LINESTRING (455.243341 103.287726, 518.948859 169.293030)

LINESTRING (455.243341 103.287726, 461.086294 156.342245)

LINESTRING (455.243341 103.287726, 464.773249 113.519745)

LINESTRING (455.243341 103.287726, 515.051138 142.540047)

LINESTRING (455.243341 103.287726, 459.816556 116.644282)

LINESTRING (455.243341 103.287726, 513.177075 122.931598)

LINESTRING (455.243341 103.287726, 481.162388 142.753110)

LINESTRING (507.306557 177.338468, 468.164440 130.336710)

LINESTRING (507.306557 177.338468, 493.641865 155.041737)

LINESTRING (507.306557 177.338468, 522.189941 126.879385)

LINESTRING (507.306557 177.338468, 465.715162 109.675600)

LINESTRING (507.306557 177.338468, 464.916079 171.353763)

LINESTRING (507.306557 177.338468, 493.141768 177.582772)

LINESTRING (507.306557 177.338468, 453.996254 152.579715)

LINESTRING (507.306557 177.338468, 518.948859 169.293030)

LINESTRING (507.306557 177.338468, 497.908380 147.998083)

LINESTRING (507.306557 177.338468, 464.773249 113.519745)

LINESTRING (507.306557 177.338468, 515.051138 142.540047)

LINESTRING (507.306557 177.338468, 459.816556 116.644282)

LINESTRING (507.306557 177.338468, 458.217295 134.809694)

LINESTRING (507.306557 177.338468, 481.162388 142.753110)

LINESTRING (468.164440 130.336710, 522.189941 126.879385)

LINESTRING (468.164440 130.336710, 492.297201 112.950277)

LINESTRING (468.164440 130.336710, 465.715162 109.675600)

LINESTRING (468.164440 130.336710, 493.141768 177.582772)

LINESTRING (468.164440 130.336710, 453.996254 152.579715)

LINESTRING (468.164440 130.336710, 518.948859 169.293030)

LINESTRING (468.164440 130.336710, 461.086294 156.342245)

LINESTRING (468.164440 130.336710, 497.908380 147.998083)

LINESTRING (468.164440 130.336710, 464.773249 113.519745)

LINESTRING (468.164440 130.336710, 458.217295 134.809694)

LINESTRING (468.164440 130.336710, 481.162388 142.753110)

LINESTRING (493.641865 155.041737, 492.297201 112.950277)

LINESTRING (493.641865 155.041737, 465.715162 109.675600)

LINESTRING (493.641865 155.041737, 464.916079 171.353763)

LINESTRING (493.641865 155.041737, 493.141768 177.582772)

LINESTRING (493.641865 155.041737, 453.996254 152.579715)

LINESTRING (493.641865 155.041737, 518.948859 169.293030)

LINESTRING (493.641865 155.041737, 461.086294 156.342245)

LINESTRING (493.641865 155.041737, 497.908380 147.998083)

LINESTRING (493.641865 155.041737, 515.051138 142.540047)

LINESTRING (493.641865 155.041737, 459.816556 116.644282)

LINESTRING (493.641865 155.041737, 513.177075 122.931598)

LINESTRING (493.641865 155.041737, 458.217295 134.809694)

LINESTRING (493.641865 155.041737, 481.162388 142.753110)

LINESTRING (522.189941 126.879385, 465.715162 109.675600)

LINESTRING (522.189941 126.879385, 464.916079 171.353763)

LINESTRING (522.189941 126.879385, 493.141768 177.582772)

LINESTRING (522.189941 126.879385, 453.996254 152.579715)

LINESTRING (522.189941 126.879385, 461.086294 156.342245)

LINESTRING (522.189941 126.879385, 497.908380 147.998083)

LINESTRING (522.189941 126.879385, 515.051138 142.540047)

LINESTRING (522.189941 126.879385, 459.816556 116.644282)

LINESTRING (522.189941 126.879385, 513.177075 122.931598)

LINESTRING (522.189941 126.879385, 458.217295 134.809694)

LINESTRING (522.189941 126.879385, 481.162388 142.753110)

LINESTRING (492.297201 112.950277, 465.715162 109.675600)

LINESTRING (492.297201 112.950277, 464.916079 171.353763)

LINESTRING (492.297201 112.950277, 453.996254 152.579715)

LINESTRING (492.297201 112.950277, 461.086294 156.342245)

LINESTRING (492.297201 112.950277, 464.773249 113.519745)

LINESTRING (492.297201 112.950277, 515.051138 142.540047)

LINESTRING (492.297201 112.950277, 459.816556 116.644282)

LINESTRING (492.297201 112.950277, 513.177075 122.931598)

LINESTRING (492.297201 112.950277, 458.217295 134.809694)

LINESTRING (492.297201 112.950277, 481.162388 142.753110)

LINESTRING (465.715162 109.675600, 464.916079 171.353763)

LINESTRING (465.715162 109.675600, 493.141768 177.582772)

LINESTRING (465.715162 109.675600, 518.948859 169.293030)

LINESTRING (465.715162 109.675600, 461.086294 156.342245)

LINESTRING (465.715162 109.675600, 464.773249 113.519745)

LINESTRING (465.715162 109.675600, 515.051138 142.540047)

LINESTRING (465.715162 109.675600, 513.177075 122.931598)

LINESTRING (465.715162 109.675600, 458.217295 134.809694)

LINESTRING (465.715162 109.675600, 481.162388 142.753110)

LINESTRING (464.916079 171.353763, 493.141768 177.582772)

LINESTRING (464.916079 171.353763, 453.996254 152.579715)

LINESTRING (464.916079 171.353763, 461.086294 156.342245)

LINESTRING (464.916079 171.353763, 464.773249 113.519745)

LINESTRING (464.916079 171.353763, 515.051138 142.540047)

LINESTRING (464.916079 171.353763, 459.816556 116.644282)

LINESTRING (464.916079 171.353763, 513.177075 122.931598)

LINESTRING (464.916079 171.353763, 458.217295 134.809694)

LINESTRING (493.141768 177.582772, 453.996254 152.579715)

LINESTRING (493.141768 177.582772, 518.948859 169.293030)

LINESTRING (493.141768 177.582772, 461.086294 156.342245)

LINESTRING (493.141768 177.582772, 497.908380 147.998083)

LINESTRING (493.141768 177.582772, 464.773249 113.519745)

LINESTRING (493.141768 177.582772, 515.051138 142.540047)

LINESTRING (493.141768 177.582772, 459.816556 116.644282)

LINESTRING (493.141768 177.582772, 513.177075 122.931598)

LINESTRING (493.141768 177.582772, 458.217295 134.809694)

LINESTRING (493.141768 177.582772, 481.162388 142.753110)

LINESTRING (453.996254 152.579715, 518.948859 169.293030)

LINESTRING (453.996254 152.579715, 461.086294 156.342245)

LINESTRING (453.996254 152.579715, 497.908380 147.998083)

LINESTRING (453.996254 152.579715, 464.773249 113.519745)

LINESTRING (453.996254 152.579715, 515.051138 142.540047)

LINESTRING (453.996254 152.579715, 459.816556 116.644282)

LINESTRING (453.996254 152.579715, 513.177075 122.931598)

LINESTRING (453.996254 152.579715, 458.217295 134.809694)

LINESTRING (453.996254 152.579715, 481.162388 142.753110)

LINESTRING (518.948859 169.293030, 461.086294 156.342245)

LINESTRING (518.948859 169.293030, 497.908380 147.998083)

LINESTRING (518.948859 169.293030, 464.773249 113.519745)

LINESTRING (518.948859 169.293030, 515.051138 142.540047)

LINESTRING (518.948859 169.293030, 458.217295 134.809694)

LINESTRING (518.948859 169.293030, 481.162388 142.753110)

LINESTRING (461.086294 156.342245, 497.908380 147.998083)

LINESTRING (461.086294 156.342245, 464.773249 113.519745)

LINESTRING (461.086294 156.342245, 515.051138 142.540047)

LINESTRING (461.086294 156.342245, 459.816556 116.644282)

LINESTRING (461.086294 156.342245, 513.177075 122.931598)

LINESTRING (461.086294 156.342245, 458.217295 134.809694)

LINESTRING (461.086294 156.342245, 481.162388 142.753110)

LINESTRING (497.908380 147.998083, 464.773249 113.519745)

LINESTRING (497.908380 147.998083, 515.051138 142.540047)

LINESTRING (497.908380 147.998083, 513.177075 122.931598)

LINESTRING (497.908380 147.998083, 458.217295 134.809694)

LINESTRING (497.908380 147.998083, 481.162388 142.753110)

LINESTRING (464.773249 113.519745, 515.051138 142.540047)

LINESTRING (464.773249 113.519745, 459.816556 116.644282)

LINESTRING (464.773249 113.519745, 458.217295 134.809694)

LINESTRING (464.773249 113.519745, 481.162388 142.753110)

LINESTRING (515.051138 142.540047, 459.816556 116.644282)

LINESTRING (515.051138 142.540047, 458.217295 134.809694)

LINESTRING (515.051138 142.540047, 481.162388 142.753110)

LINESTRING (459.816556 116.644282, 513.177075 122.931598)

LINESTRING (459.816556 116.644282, 458.217295 134.809694)

LINESTRING (459.816556 116.644282, 481.162388 142.753110)

LINESTRING (513.177075 122.931598, 481.162388 142.753110)

LINESTRING (458.217295 134.809694, 481.162388 142.753110)

LINESTRING (854.289311 138.918382, 831.681784 114.817028)

LINESTRING (854.289311 138.918382, 866.180768 136.137145)

LINESTRING (854.289311 138.918382, 870.775288 173.926176)

LINESTRING (854.289311 138.918382, 823.371630 127.850736)

LINESTRING (854.289311 138.918382, 879.658792 167.365610)

LINESTRING (854.289311 138.918382, 877.701949 108.355446)

LINESTRING (854.289311 138.918382, 837.385570 123.913844)

LINESTRING (854.289311 138.918382, 806.751472 109.522980)

LINESTRING (854.289311 138.918382, 840.967230 151.406246)

LINESTRING (854.289311 138.918382, 815.685802 134.585126)

LINESTRING (854.289311 138.918382, 877.886718 126.975921)

LINESTRING (854.289311 138.918382, 869.321178 140.795346)

LINESTRING (854.289311 138.918382, 813.576400 117.991177)

LINESTRING (854.289311 138.918382, 851.409651 146.698831)

LINESTRING (854.289311 138.918382, 863.675404 149.190074)

LINESTRING (854.289311 138.918382, 848.281023 102.376505)

LINESTRING (854.289311 138.918382, 859.789524 106.780876)

LINESTRING (854.289311 138.918382, 809.699609 173.749677)

LINESTRING (854.289311 138.918382, 800.159304 167.280838)

LINESTRING (854.289311 138.918382, 860.354561 152.504125)

LINESTRING (854.289311 138.918382, 854.573255 155.478849)

LINESTRING (854.289311 138.918382, 879.197480 112.636984)

LINESTRING (854.289311 138.918382, 860.897952 164.547309)

LINESTRING (854.289311 138.918382, 857.608150 108.000840)

LINESTRING (854.289311 138.918382, 829.784313 116.673078)

LINESTRING (854.289311 138.918382, 877.183512 127.065491)

LINESTRING (854.289311 138.918382, 877.889349 172.908953)

LINESTRING (854.289311 138.918382, 872.984612 120.345615)

LINESTRING (854.289311 138.918382, 848.188090 108.669777)

LINESTRING (854.289311 138.918382, 844.256354 149.869024)

LINESTRING (854.289311 138.918382, 818.582046 145.055936)

LINESTRING (854.289311 138.918382, 841.472921 132.876000)

LINESTRING (854.289311 138.918382, 817.540701 131.812798)

LINESTRING (854.289311 138.918382, 856.836475 147.050505)

LINESTRING (831.681784 114.817028, 866.180768 136.137145)

LINESTRING (831.681784 114.817028, 816.008205 147.249913)

LINESTRING (831.681784 114.817028, 870.775288 173.926176)

LINESTRING (831.681784 114.817028, 835.182238 125.109905)

LINESTRING (831.681784 114.817028, 879.658792 167.365610)

LINESTRING (831.681784 114.817028, 840.967230 151.406246)

LINESTRING (831.681784 114.817028, 815.685802 134.585126)

LINESTRING (831.681784 114.817028, 869.321178 140.795346)

LINESTRING (831.681784 114.817028, 813.576400 117.991177)

LINESTRING (831.681784 114.817028, 851.409651 146.698831)

LINESTRING (831.681784 114.817028, 863.675404 149.190074)

LINESTRING (831.681784 114.817028, 859.789524 106.780876)

LINESTRING (831.681784 114.817028, 809.699609 173.749677)

LINESTRING (831.681784 114.817028, 800.159304 167.280838)

LINESTRING (831.681784 114.817028, 860.354561 152.504125)

LINESTRING (831.681784 114.817028, 879.197480 112.636984)

LINESTRING (831.681784 114.817028, 860.897952 164.547309)

LINESTRING (831.681784 114.817028, 857.608150 108.000840)

LINESTRING (831.681784 114.817028, 829.784313 116.673078)

LINESTRING (831.681784 114.817028, 877.183512 127.065491)

LINESTRING (831.681784 114.817028, 872.984612 120.345615)

LINESTRING (831.681784 114.817028, 801.346971 142.687383)

LINESTRING (831.681784 114.817028, 824.409877 125.849639)

LINESTRING (831.681784 114.817028, 848.188090 108.669777)

LINESTRING (831.681784 114.817028, 844.256354 149.869024)

LINESTRING (831.681784 114.817028, 818.582046 145.055936)

LINESTRING (831.681784 114.817028, 841.472921 132.876000)

LINESTRING (831.681784 114.817028, 817.540701 131.812798)

LINESTRING (831.681784 114.817028, 856.836475 147.050505)

LINESTRING (866.180768 136.137145, 816.008205 147.249913)

LINESTRING (866.180768 136.137145, 870.775288 173.926176)

LINESTRING (866.180768 136.137145, 835.182238 125.109905)

LINESTRING (866.180768 136.137145, 823.371630 127.850736)

LINESTRING (866.180768 136.137145, 879.658792 167.365610)

LINESTRING (866.180768 136.137145, 877.701949 108.355446)

LINESTRING (866.180768 136.137145, 837.385570 123.913844)

LINESTRING (866.180768 136.137145, 806.751472 109.522980)

LINESTRING (866.180768 136.137145, 840.967230 151.406246)

LINESTRING (866.180768 136.137145, 815.685802 134.585126)

LINESTRING (866.180768 136.137145, 877.886718 126.975921)

LINESTRING (866.180768 136.137145, 869.321178 140.795346)

LINESTRING (866.180768 136.137145, 851.409651 146.698831)

LINESTRING (866.180768 136.137145, 874.526489 158.281895)

LINESTRING (866.180768 136.137145, 863.675404 149.190074)

LINESTRING (866.180768 136.137145, 859.789524 106.780876)

LINESTRING (866.180768 136.137145, 809.699609 173.749677)

LINESTRING (866.180768 136.137145, 800.159304 167.280838)

LINESTRING (866.180768 136.137145, 854.573255 155.478849)

LINESTRING (866.180768 136.137145, 879.197480 112.636984)

LINESTRING (866.180768 136.137145, 857.608150 108.000840)

LINESTRING (866.180768 136.137145, 877.183512 127.065491)

LINESTRING (866.180768 136.137145, 877.889349 172.908953)

LINESTRING (866.180768 136.137145, 872.984612 120.345615)

LINESTRING (866.180768 136.137145, 801.346971 142.687383)

LINESTRING (866.180768 136.137145, 848.188090 108.669777)

LINESTRING (866.180768 136.137145, 817.540701 131.812798)

LINESTRING (866.180768 136.137145, 856.836475 147.050505)

LINESTRING (816.008205 147.249913, 870.775288 173.926176)

LINESTRING (816.008205 147.249913, 835.182238 125.109905)

LINESTRING (816.008205 147.249913, 823.371630 127.850736)

LINESTRING (816.008205 147.249913, 877.701949 108.355446)

LINESTRING (816.008205 147.249913, 837.385570 123.913844)

LINESTRING (816.008205 147.249913, 806.751472 109.522980)

LINESTRING (816.008205 147.249913, 840.967230 151.406246)

LINESTRING (816.008205 147.249913, 815.685802 134.585126)

LINESTRING (816.008205 147.249913, 877.886718 126.975921)

LINESTRING (816.008205 147.249913, 869.321178 140.795346)

LINESTRING (816.008205 147.249913, 851.409651 146.698831)

LINESTRING (816.008205 147.249913, 874.526489 158.281895)

LINESTRING (816.008205 147.249913, 863.675404 149.190074)

LINESTRING (816.008205 147.249913, 848.281023 102.376505)

LINESTRING (816.008205 147.249913, 859.789524 106.780876)

LINESTRING (816.008205 147.249913, 809.699609 173.749677)

LINESTRING (816.008205 147.249913, 854.573255 155.478849)

LINESTRING (816.008205 147.249913, 879.197480 112.636984)

LINESTRING (816.008205 147.249913, 860.897952 164.547309)

LINESTRING (816.008205 147.249913, 829.784313 116.673078)

LINESTRING (816.008205 147.249913, 877.889349 172.908953)

LINESTRING (816.008205 147.249913, 872.984612 120.345615)

LINESTRING (816.008205 147.249913, 801.346971 142.687383)

LINESTRING (816.008205 147.249913, 824.409877 125.849639)

LINESTRING (816.008205 147.249913, 844.256354 149.869024)

LINESTRING (816.008205 147.249913, 818.582046 145.055936)

LINESTRING (816.008205 147.249913, 841.472921 132.876000)

LINESTRING (816.008205 147.249913, 817.540701 131.812798)

LINESTRING (816.008205 147.249913, 856.836475 147.050505)

LINESTRING (870.775288 173.926176, 823.371630 127.850736)

LINESTRING (870.775288 173.926176, 877.701949 108.355446)

LINESTRING (870.775288 173.926176, 837.385570 123.913844)

LINESTRING (870.775288 173.926176, 806.751472 109.522980)

LINESTRING (870.775288 173.926176, 840.967230 151.406246)

LINESTRING (870.775288 173.926176, 815.685802 134.585126)

LINESTRING (870.775288 173.926176, 877.886718 126.975921)

LINESTRING (870.775288 173.926176, 851.409651 146.698831)

LINESTRING (870.775288 173.926176, 874.526489 158.281895)

LINESTRING (870.775288 173.926176, 863.675404 149.190074)

LINESTRING (870.775288 173.926176, 848.281023 102.376505)

LINESTRING (870.775288 173.926176, 859.789524 106.780876)

LINESTRING (870.775288 173.926176, 809.699609 173.749677)

LINESTRING (870.775288 173.926176, 800.159304 167.280838)

LINESTRING (870.775288 173.926176, 860.354561 152.504125)

LINESTRING (870.775288 173.926176, 854.573255 155.478849)

LINESTRING (870.775288 173.926176, 879.197480 112.636984)

LINESTRING (870.775288 173.926176, 860.897952 164.547309)

LINESTRING (870.775288 173.926176, 857.608150 108.000840)

LINESTRING (870.775288 173.926176, 877.183512 127.065491)

LINESTRING (870.775288 173.926176, 872.984612 120.345615)

LINESTRING (870.775288 173.926176, 801.346971 142.687383)

LINESTRING (870.775288 173.926176, 824.409877 125.849639)

LINESTRING (870.775288 173.926176, 848.188090 108.669777)

LINESTRING (870.775288 173.926176, 844.256354 149.869024)

LINESTRING (870.775288 173.926176, 818.582046 145.055936)

LINESTRING (870.775288 173.926176, 817.540701 131.812798)

LINESTRING (870.775288 173.926176, 856.836475 147.050505)

LINESTRING (835.182238 125.109905, 823.371630 127.850736)

LINESTRING (835.182238 125.109905, 879.658792 167.365610)

LINESTRING (835.182238 125.109905, 877.701949 108.355446)

LINESTRING (835.182238 125.109905, 837.385570 123.913844)

LINESTRING (835.182238 125.109905, 840.967230 151.406246)

LINESTRING (835.182238 125.109905, 815.685802 134.585126)

LINESTRING (835.182238 125.109905, 877.886718 126.975921)

LINESTRING (835.182238 125.109905, 869.321178 140.795346)

LINESTRING (835.182238 125.109905, 813.576400 117.991177)

LINESTRING (835.182238 125.109905, 874.526489 158.281895)

LINESTRING (835.182238 125.109905, 863.675404 149.190074)

LINESTRING (835.182238 125.109905, 848.281023 102.376505)

LINESTRING (835.182238 125.109905, 859.789524 106.780876)

LINESTRING (835.182238 125.109905, 800.159304 167.280838)

LINESTRING (835.182238 125.109905, 860.354561 152.504125)

LINESTRING (835.182238 125.109905, 854.573255 155.478849)

LINESTRING (835.182238 125.109905, 860.897952 164.547309)

LINESTRING (835.182238 125.109905, 857.608150 108.000840)

LINESTRING (835.182238 125.109905, 829.784313 116.673078)

LINESTRING (835.182238 125.109905, 877.183512 127.065491)

LINESTRING (835.182238 125.109905, 801.346971 142.687383)

LINESTRING (835.182238 125.109905, 848.188090 108.669777)

LINESTRING (835.182238 125.109905, 844.256354 149.869024)

LINESTRING (835.182238 125.109905, 841.472921 132.876000)

LINESTRING (835.182238 125.109905, 856.836475 147.050505)

LINESTRING (823.371630 127.850736, 879.658792 167.365610)

LINESTRING (823.371630 127.850736, 877.701949 108.355446)

LINESTRING (823.371630 127.850736, 840.967230 151.406246)

LINESTRING (823.371630 127.850736, 815.685802 134.585126)

LINESTRING (823.371630 127.850736, 877.886718 126.975921)

LINESTRING (823.371630 127.850736, 869.321178 140.795346)

LINESTRING (823.371630 127.850736, 813.576400 117.991177)

LINESTRING (823.371630 127.850736, 851.409651 146.698831)

LINESTRING (823.371630 127.850736, 874.526489 158.281895)

LINESTRING (823.371630 127.850736, 863.675404 149.190074)

LINESTRING (823.371630 127.850736, 848.281023 102.376505)

LINESTRING (823.371630 127.850736, 859.789524 106.780876)

LINESTRING (823.371630 127.850736, 809.699609 173.749677)

LINESTRING (823.371630 127.850736, 800.159304 167.280838)

LINESTRING (823.371630 127.850736, 860.354561 152.504125)

LINESTRING (823.371630 127.850736, 854.573255 155.478849)

LINESTRING (823.371630 127.850736, 879.197480 112.636984)

LINESTRING (823.371630 127.850736, 860.897952 164.547309)

LINESTRING (823.371630 127.850736, 857.608150 108.000840)

LINESTRING (823.371630 127.850736, 829.784313 116.673078)

LINESTRING (823.371630 127.850736, 872.984612 120.345615)

LINESTRING (823.371630 127.850736, 801.346971 142.687383)

LINESTRING (823.371630 127.850736, 848.188090 108.669777)

LINESTRING (823.371630 127.850736, 844.256354 149.869024)

LINESTRING (823.371630 127.850736, 818.582046 145.055936)

LINESTRING (823.371630 127.850736, 841.472921 132.876000)

LINESTRING (823.371630 127.850736, 817.540701 131.812798)

LINESTRING (823.371630 127.850736, 856.836475 147.050505)

LINESTRING (879.658792 167.365610, 877.701949 108.355446)

LINESTRING (879.658792 167.365610, 837.385570 123.913844)

LINESTRING (879.658792 167.365610, 806.751472 109.522980)

LINESTRING (879.658792 167.365610, 877.886718 126.975921)

LINESTRING (879.658792 167.365610, 869.321178 140.795346)

LINESTRING (879.658792 167.365610, 851.409651 146.698831)

LINESTRING (879.658792 167.365610, 874.526489 158.281895)

LINESTRING (879.658792 167.365610, 859.789524 106.780876)

LINESTRING (879.658792 167.365610, 809.699609 173.749677)

LINESTRING (879.658792 167.365610, 800.159304 167.280838)

LINESTRING (879.658792 167.365610, 860.354561 152.504125)

LINESTRING (879.658792 167.365610, 854.573255 155.478849)

LINESTRING (879.658792 167.365610, 879.197480 112.636984)

LINESTRING (879.658792 167.365610, 860.897952 164.547309)

LINESTRING (879.658792 167.365610, 857.608150 108.000840)

LINESTRING (879.658792 167.365610, 829.784313 116.673078)

LINESTRING (879.658792 167.365610, 877.183512 127.065491)

LINESTRING (879.658792 167.365610, 877.889349 172.908953)

LINESTRING (879.658792 167.365610, 801.346971 142.687383)

LINESTRING (879.658792 167.365610, 824.409877 125.849639)

LINESTRING (879.658792 167.365610, 841.472921 132.876000)

LINESTRING (879.658792 167.365610, 856.836475 147.050505)

LINESTRING (877.701949 108.355446, 837.385570 123.913844)

LINESTRING (877.701949 108.355446, 806.751472 109.522980)

LINESTRING (877.701949 108.355446, 840.967230 151.406246)

LINESTRING (877.701949 108.355446, 815.685802 134.585126)

LINESTRING (877.701949 108.355446, 877.886718 126.975921)

LINESTRING (877.701949 108.355446, 869.321178 140.795346)

LINESTRING (877.701949 108.355446, 813.576400 117.991177)

LINESTRING (877.701949 108.355446, 874.526489 158.281895)

LINESTRING (877.701949 108.355446, 863.675404 149.190074)

LINESTRING (877.701949 108.355446, 848.281023 102.376505)

LINESTRING (877.701949 108.355446, 809.699609 173.749677)

LINESTRING (877.701949 108.355446, 800.159304 167.280838)

LINESTRING (877.701949 108.355446, 860.354561 152.504125)

LINESTRING (877.701949 108.355446, 860.897952 164.547309)

LINESTRING (877.701949 108.355446, 877.183512 127.065491)

LINESTRING (877.701949 108.355446, 877.889349 172.908953)

LINESTRING (877.701949 108.355446, 872.984612 120.345615)

LINESTRING (877.701949 108.355446, 824.409877 125.849639)

LINESTRING (877.701949 108.355446, 818.582046 145.055936)

LINESTRING (877.701949 108.355446, 841.472921 132.876000)

LINESTRING (877.701949 108.355446, 817.540701 131.812798)

LINESTRING (877.701949 108.355446, 856.836475 147.050505)

LINESTRING (837.385570 123.913844, 840.967230 151.406246)

LINESTRING (837.385570 123.913844, 877.886718 126.975921)

LINESTRING (837.385570 123.913844, 869.321178 140.795346)

LINESTRING (837.385570 123.913844, 813.576400 117.991177)

LINESTRING (837.385570 123.913844, 851.409651 146.698831)

LINESTRING (837.385570 123.913844, 874.526489 158.281895)

LINESTRING (837.385570 123.913844, 848.281023 102.376505)

LINESTRING (837.385570 123.913844, 859.789524 106.780876)

LINESTRING (837.385570 123.913844, 809.699609 173.749677)

LINESTRING (837.385570 123.913844, 800.159304 167.280838)

LINESTRING (837.385570 123.913844, 860.354561 152.504125)

LINESTRING (837.385570 123.913844, 879.197480 112.636984)

LINESTRING (837.385570 123.913844, 860.897952 164.547309)

LINESTRING (837.385570 123.913844, 857.608150 108.000840)

LINESTRING (837.385570 123.913844, 877.183512 127.065491)

LINESTRING (837.385570 123.913844, 877.889349 172.908953)

LINESTRING (837.385570 123.913844, 872.984612 120.345615)

LINESTRING (837.385570 123.913844, 801.346971 142.687383)

LINESTRING (837.385570 123.913844, 824.409877 125.849639)

LINESTRING (837.385570 123.913844, 848.188090 108.669777)

LINESTRING (837.385570 123.913844, 844.256354 149.869024)

LINESTRING (837.385570 123.913844, 841.472921 132.876000)

LINESTRING (837.385570 123.913844, 856.836475 147.050505)

LINESTRING (806.751472 109.522980, 840.967230 151.406246)

LINESTRING (806.751472 109.522980, 815.685802 134.585126)

LINESTRING (806.751472 109.522980, 813.576400 117.991177)

LINESTRING (806.751472 109.522980, 848.281023 102.376505)

LINESTRING (806.751472 109.522980, 859.789524 106.780876)

LINESTRING (806.751472 109.522980, 800.159304 167.280838)

LINESTRING (806.751472 109.522980, 860.354561 152.504125)

LINESTRING (806.751472 109.522980, 854.573255 155.478849)

LINESTRING (806.751472 109.522980, 829.784313 116.673078)

LINESTRING (806.751472 109.522980, 877.183512 127.065491)

LINESTRING (806.751472 109.522980, 877.889349 172.908953)

LINESTRING (806.751472 109.522980, 872.984612 120.345615)

LINESTRING (806.751472 109.522980, 801.346971 142.687383)

LINESTRING (806.751472 109.522980, 824.409877 125.849639)

LINESTRING (806.751472 109.522980, 848.188090 108.669777)

LINESTRING (806.751472 109.522980, 844.256354 149.869024)

LINESTRING (806.751472 109.522980, 818.582046 145.055936)

LINESTRING (806.751472 109.522980, 817.540701 131.812798)

LINESTRING (806.751472 109.522980, 856.836475 147.050505)

LINESTRING (840.967230 151.406246, 815.685802 134.585126)

LINESTRING (840.967230 151.406246, 877.886718 126.975921)

LINESTRING (840.967230 151.406246, 869.321178 140.795346)

LINESTRING (840.967230 151.406246, 813.576400 117.991177)

LINESTRING (840.967230 151.406246, 851.409651 146.698831)

LINESTRING (840.967230 151.406246, 874.526489 158.281895)

LINESTRING (840.967230 151.406246, 863.675404 149.190074)

LINESTRING (840.967230 151.406246, 859.789524 106.780876)

LINESTRING (840.967230 151.406246, 860.354561 152.504125)

LINESTRING (840.967230 151.406246, 854.573255 155.478849)

LINESTRING (840.967230 151.406246, 860.897952 164.547309)

LINESTRING (840.967230 151.406246, 857.608150 108.000840)

LINESTRING (840.967230 151.406246, 829.784313 116.673078)

LINESTRING (840.967230 151.406246, 877.183512 127.065491)

LINESTRING (840.967230 151.406246, 872.984612 120.345615)

LINESTRING (840.967230 151.406246, 801.346971 142.687383)

LINESTRING (840.967230 151.406246, 817.540701 131.812798)

LINESTRING (840.967230 151.406246, 856.836475 147.050505)

LINESTRING (815.685802 134.585126, 877.886718 126.975921)

LINESTRING (815.685802 134.585126, 869.321178 140.795346)

LINESTRING (815.685802 134.585126, 813.576400 117.991177)

LINESTRING (815.685802 134.585126, 851.409651 146.698831)

LINESTRING (815.685802 134.585126, 874.526489 158.281895)

LINESTRING (815.685802 134.585126, 863.675404 149.190074)

LINESTRING (815.685802 134.585126, 848.281023 102.376505)

LINESTRING (815.685802 134.585126, 859.789524 106.780876)

LINESTRING (815.685802 134.585126, 809.699609 173.749677)

LINESTRING (815.685802 134.585126, 800.159304 167.280838)

LINESTRING (815.685802 134.585126, 860.354561 152.504125)

LINESTRING (815.685802 134.585126, 854.573255 155.478849)

LINESTRING (815.685802 134.585126, 879.197480 112.636984)

LINESTRING (815.685802 134.585126, 860.897952 164.547309)

LINESTRING (815.685802 134.585126, 877.183512 127.065491)

LINESTRING (815.685802 134.585126, 877.889349 172.908953)

LINESTRING (815.685802 134.585126, 872.984612 120.345615)

LINESTRING (815.685802 134.585126, 801.346971 142.687383)

LINESTRING (815.685802 134.585126, 848.188090 108.669777)

LINESTRING (815.685802 134.585126, 818.582046 145.055936)

LINESTRING (815.685802 134.585126, 841.472921 132.876000)

LINESTRING (815.685802 134.585126, 817.540701 131.812798)

LINESTRING (815.685802 134.585126, 856.836475 147.050505)

LINESTRING (877.886718 126.975921, 869.321178 140.795346)

LINESTRING (877.886718 126.975921, 813.576400 117.991177)

LINESTRING (877.886718 126.975921, 874.526489 158.281895)

LINESTRING (877.886718 126.975921, 863.675404 149.190074)

LINESTRING (877.886718 126.975921, 848.281023 102.376505)

LINESTRING (877.886718 126.975921, 859.789524 106.780876)

LINESTRING (877.886718 126.975921, 809.699609 173.749677)

LINESTRING (877.886718 126.975921, 860.354561 152.504125)

LINESTRING (877.886718 126.975921, 879.197480 112.636984)

LINESTRING (877.886718 126.975921, 860.897952 164.547309)

LINESTRING (877.886718 126.975921, 857.608150 108.000840)

LINESTRING (877.886718 126.975921, 829.784313 116.673078)

LINESTRING (877.886718 126.975921, 877.183512 127.065491)

LINESTRING (877.886718 126.975921, 872.984612 120.345615)

LINESTRING (877.886718 126.975921, 824.409877 125.849639)

LINESTRING (877.886718 126.975921, 848.188090 108.669777)

LINESTRING (877.886718 126.975921, 844.256354 149.869024)

LINESTRING (877.886718 126.975921, 818.582046 145.055936)

LINESTRING (877.886718 126.975921, 841.472921 132.876000)

LINESTRING (877.886718 126.975921, 817.540701 131.812798)

LINESTRING (877.886718 126.975921, 856.836475 147.050505)

LINESTRING (869.321178 140.795346, 813.576400 117.991177)

LINESTRING (869.321178 140.795346, 851.409651 146.698831)

LINESTRING (869.321178 140.795346, 874.526489 158.281895)

LINESTRING (869.321178 140.795346, 863.675404 149.190074)

LINESTRING (869.321178 140.795346, 859.789524 106.780876)

LINESTRING (869.321178 140.795346, 809.699609 173.749677)

LINESTRING (869.321178 140.795346, 860.354561 152.504125)

LINESTRING (869.321178 140.795346, 879.197480 112.636984)

LINESTRING (869.321178 140.795346, 860.897952 164.547309)

LINESTRING (869.321178 140.795346, 857.608150 108.000840)

LINESTRING (869.321178 140.795346, 829.784313 116.673078)

LINESTRING (869.321178 140.795346, 877.889349 172.908953)

LINESTRING (869.321178 140.795346, 872.984612 120.345615)

LINESTRING (869.321178 140.795346, 801.346971 142.687383)

LINESTRING (869.321178 140.795346, 824.409877 125.849639)

LINESTRING (869.321178 140.795346, 848.188090 108.669777)

LINESTRING (869.321178 140.795346, 818.582046 145.055936)

LINESTRING (869.321178 140.795346, 841.472921 132.876000)

LINESTRING (869.321178 140.795346, 817.540701 131.812798)

LINESTRING (813.576400 117.991177, 874.526489 158.281895)

LINESTRING (813.576400 117.991177, 863.675404 149.190074)

LINESTRING (813.576400 117.991177, 848.281023 102.376505)

LINESTRING (813.576400 117.991177, 859.789524 106.780876)

LINESTRING (813.576400 117.991177, 809.699609 173.749677)

LINESTRING (813.576400 117.991177, 800.159304 167.280838)

LINESTRING (813.576400 117.991177, 860.354561 152.504125)

LINESTRING (813.576400 117.991177, 854.573255 155.478849)

LINESTRING (813.576400 117.991177, 879.197480 112.636984)

LINESTRING (813.576400 117.991177, 860.897952 164.547309)

LINESTRING (813.576400 117.991177, 857.608150 108.000840)

LINESTRING (813.576400 117.991177, 829.784313 116.673078)

LINESTRING (813.576400 117.991177, 877.183512 127.065491)

LINESTRING (813.576400 117.991177, 872.984612 120.345615)

LINESTRING (813.576400 117.991177, 801.346971 142.687383)

LINESTRING (813.576400 117.991177, 824.409877 125.849639)

LINESTRING (813.576400 117.991177, 848.188090 108.669777)

LINESTRING (813.576400 117.991177, 844.256354 149.869024)

LINESTRING (813.576400 117.991177, 818.582046 145.055936)

LINESTRING (813.576400 117.991177, 841.472921 132.876000)

LINESTRING (813.576400 117.991177, 817.540701 131.812798)

LINESTRING (813.576400 117.991177, 856.836475 147.050505)

LINESTRING (851.409651 146.698831, 863.675404 149.190074)

LINESTRING (851.409651 146.698831, 859.789524 106.780876)

LINESTRING (851.409651 146.698831, 809.699609 173.749677)

LINESTRING (851.409651 146.698831, 860.354561 152.504125)

LINESTRING (851.409651 146.698831, 857.608150 108.000840)

LINESTRING (851.409651 146.698831, 829.784313 116.673078)

LINESTRING (851.409651 146.698831, 877.183512 127.065491)

LINESTRING (851.409651 146.698831, 877.889349 172.908953)

LINESTRING (851.409651 146.698831, 872.984612 120.345615)

LINESTRING (851.409651 146.698831, 824.409877 125.849639)

LINESTRING (851.409651 146.698831, 848.188090 108.669777)

LINESTRING (851.409651 146.698831, 844.256354 149.869024)

LINESTRING (851.409651 146.698831, 818.582046 145.055936)

LINESTRING (851.409651 146.698831, 817.540701 131.812798)

LINESTRING (851.409651 146.698831, 856.836475 147.050505)

LINESTRING (874.526489 158.281895, 859.789524 106.780876)

LINESTRING (874.526489 158.281895, 800.159304 167.280838)

LINESTRING (874.526489 158.281895, 860.354561 152.504125)

LINESTRING (874.526489 158.281895, 854.573255 155.478849)

LINESTRING (874.526489 158.281895, 860.897952 164.547309)

LINESTRING (874.526489 158.281895, 857.608150 108.000840)

LINESTRING (874.526489 158.281895, 829.784313 116.673078)

LINESTRING (874.526489 158.281895, 877.183512 127.065491)

LINESTRING (874.526489 158.281895, 872.984612 120.345615)

LINESTRING (874.526489 158.281895, 801.346971 142.687383)

LINESTRING (874.526489 158.281895, 824.409877 125.849639)

LINESTRING (874.526489 158.281895, 848.188090 108.669777)

LINESTRING (874.526489 158.281895, 844.256354 149.869024)

LINESTRING (874.526489 158.281895, 818.582046 145.055936)

LINESTRING (874.526489 158.281895, 817.540701 131.812798)

LINESTRING (863.675404 149.190074, 848.281023 102.376505)

LINESTRING (863.675404 149.190074, 859.789524 106.780876)

LINESTRING (863.675404 149.190074, 800.159304 167.280838)

LINESTRING (863.675404 149.190074, 854.573255 155.478849)

LINESTRING (863.675404 149.190074, 860.897952 164.547309)

LINESTRING (863.675404 149.190074, 829.784313 116.673078)

LINESTRING (863.675404 149.190074, 877.889349 172.908953)

LINESTRING (863.675404 149.190074, 872.984612 120.345615)

LINESTRING (863.675404 149.190074, 801.346971 142.687383)

LINESTRING (863.675404 149.190074, 824.409877 125.849639)

LINESTRING (863.675404 149.190074, 848.188090 108.669777)

LINESTRING (863.675404 149.190074, 844.256354 149.869024)

LINESTRING (863.675404 149.190074, 818.582046 145.055936)

LINESTRING (863.675404 149.190074, 841.472921 132.876000)

LINESTRING (863.675404 149.190074, 817.540701 131.812798)

LINESTRING (863.675404 149.190074, 856.836475 147.050505)

LINESTRING (848.281023 102.376505, 859.789524 106.780876)

LINESTRING (848.281023 102.376505, 800.159304 167.280838)

LINESTRING (848.281023 102.376505, 860.354561 152.504125)

LINESTRING (848.281023 102.376505, 854.573255 155.478849)

LINESTRING (848.281023 102.376505, 879.197480 112.636984)

LINESTRING (848.281023 102.376505, 860.897952 164.547309)

LINESTRING (848.281023 102.376505, 857.608150 108.000840)

LINESTRING (848.281023 102.376505, 877.183512 127.065491)

LINESTRING (848.281023 102.376505, 877.889349 172.908953)

LINESTRING (848.281023 102.376505, 801.346971 142.687383)

LINESTRING (848.281023 102.376505, 824.409877 125.849639)

LINESTRING (848.281023 102.376505, 848.188090 108.669777)

LINESTRING (848.281023 102.376505, 844.256354 149.869024)

LINESTRING (848.281023 102.376505, 818.582046 145.055936)

LINESTRING (848.281023 102.376505, 841.472921 132.876000)

LINESTRING (848.281023 102.376505, 856.836475 147.050505)

LINESTRING (859.789524 106.780876, 809.699609 173.749677)

LINESTRING (859.789524 106.780876, 800.159304 167.280838)

LINESTRING (859.789524 106.780876, 860.354561 152.504125)

LINESTRING (859.789524 106.780876, 854.573255 155.478849)

LINESTRING (859.789524 106.780876, 879.197480 112.636984)

LINESTRING (859.789524 106.780876, 860.897952 164.547309)

LINESTRING (859.789524 106.780876, 857.608150 108.000840)

LINESTRING (859.789524 106.780876, 829.784313 116.673078)

LINESTRING (859.789524 106.780876, 877.889349 172.908953)

LINESTRING (859.789524 106.780876, 872.984612 120.345615)

LINESTRING (859.789524 106.780876, 801.346971 142.687383)

LINESTRING (859.789524 106.780876, 824.409877 125.849639)

LINESTRING (859.789524 106.780876, 848.188090 108.669777)

LINESTRING (859.789524 106.780876, 844.256354 149.869024)

LINESTRING (859.789524 106.780876, 818.582046 145.055936)

LINESTRING (859.789524 106.780876, 841.472921 132.876000)

LINESTRING (859.789524 106.780876, 817.540701 131.812798)

LINESTRING (859.789524 106.780876, 856.836475 147.050505)

LINESTRING (809.699609 173.749677, 800.159304 167.280838)

LINESTRING (809.699609 173.749677, 860.354561 152.504125)

LINESTRING (809.699609 173.749677, 854.573255 155.478849)

LINESTRING (809.699609 173.749677, 879.197480 112.636984)

LINESTRING (809.699609 173.749677, 860.897952 164.547309)

LINESTRING (809.699609 173.749677, 857.608150 108.000840)

LINESTRING (809.699609 173.749677, 829.784313 116.673078)

LINESTRING (809.699609 173.749677, 872.984612 120.345615)

LINESTRING (809.699609 173.749677, 801.346971 142.687383)

LINESTRING (809.699609 173.749677, 824.409877 125.849639)

LINESTRING (809.699609 173.749677, 844.256354 149.869024)

LINESTRING (809.699609 173.749677, 818.582046 145.055936)

LINESTRING (809.699609 173.749677, 841.472921 132.876000)

LINESTRING (809.699609 173.749677, 817.540701 131.812798)

LINESTRING (809.699609 173.749677, 856.836475 147.050505)

LINESTRING (800.159304 167.280838, 854.573255 155.478849)

LINESTRING (800.159304 167.280838, 879.197480 112.636984)

LINESTRING (800.159304 167.280838, 829.784313 116.673078)

LINESTRING (800.159304 167.280838, 877.889349 172.908953)

LINESTRING (800.159304 167.280838, 872.984612 120.345615)

LINESTRING (800.159304 167.280838, 801.346971 142.687383)

LINESTRING (800.159304 167.280838, 824.409877 125.849639)

LINESTRING (800.159304 167.280838, 848.188090 108.669777)

LINESTRING (800.159304 167.280838, 818.582046 145.055936)

LINESTRING (800.159304 167.280838, 841.472921 132.876000)

LINESTRING (800.159304 167.280838, 817.540701 131.812798)

LINESTRING (800.159304 167.280838, 856.836475 147.050505)

LINESTRING (860.354561 152.504125, 854.573255 155.478849)

LINESTRING (860.354561 152.504125, 860.897952 164.547309)

LINESTRING (860.354561 152.504125, 857.608150 108.000840)

LINESTRING (860.354561 152.504125, 829.784313 116.673078)

LINESTRING (860.354561 152.504125, 877.183512 127.065491)

LINESTRING (860.354561 152.504125, 877.889349 172.908953)

LINESTRING (860.354561 152.504125, 872.984612 120.345615)

LINESTRING (860.354561 152.504125, 824.409877 125.849639)

LINESTRING (860.354561 152.504125, 848.188090 108.669777)

LINESTRING (860.354561 152.504125, 844.256354 149.869024)

LINESTRING (860.354561 152.504125, 818.582046 145.055936)

LINESTRING (860.354561 152.504125, 841.472921 132.876000)

LINESTRING (860.354561 152.504125, 817.540701 131.812798)

LINESTRING (860.354561 152.504125, 856.836475 147.050505)

LINESTRING (854.573255 155.478849, 879.197480 112.636984)

LINESTRING (854.573255 155.478849, 829.784313 116.673078)

LINESTRING (854.573255 155.478849, 877.183512 127.065491)

LINESTRING (854.573255 155.478849, 877.889349 172.908953)

LINESTRING (854.573255 155.478849, 872.984612 120.345615)

LINESTRING (854.573255 155.478849, 801.346971 142.687383)

LINESTRING (854.573255 155.478849, 824.409877 125.849639)

LINESTRING (854.573255 155.478849, 844.256354 149.869024)

LINESTRING (854.573255 155.478849, 841.472921 132.876000)

LINESTRING (854.573255 155.478849, 817.540701 131.812798)

LINESTRING (879.197480 112.636984, 860.897952 164.547309)

LINESTRING (879.197480 112.636984, 857.608150 108.000840)

LINESTRING (879.197480 112.636984, 829.784313 116.673078)

LINESTRING (879.197480 112.636984, 877.183512 127.065491)

LINESTRING (879.197480 112.636984, 877.889349 172.908953)

LINESTRING (879.197480 112.636984, 872.984612 120.345615)

LINESTRING (879.197480 112.636984, 801.346971 142.687383)

LINESTRING (879.197480 112.636984, 824.409877 125.849639)

LINESTRING (879.197480 112.636984, 848.188090 108.669777)

LINESTRING (879.197480 112.636984, 844.256354 149.869024)

LINESTRING (879.197480 112.636984, 818.582046 145.055936)

LINESTRING (879.197480 112.636984, 817.540701 131.812798)

LINESTRING (879.197480 112.636984, 856.836475 147.050505)

LINESTRING (860.897952 164.547309, 857.608150 108.000840)

LINESTRING (860.897952 164.547309, 877.183512 127.065491)

LINESTRING (860.897952 164.547309, 877.889349 172.908953)

LINESTRING (860.897952 164.547309, 872.984612 120.345615)

LINESTRING (860.897952 164.547309, 801.346971 142.687383)

LINESTRING (860.897952 164.547309, 824.409877 125.849639)

LINESTRING (860.897952 164.547309, 848.188090 108.669777)

LINESTRING (860.897952 164.547309, 844.256354 149.869024)

LINESTRING (860.897952 164.547309, 818.582046 145.055936)

LINESTRING (860.897952 164.547309, 817.540701 131.812798)

LINESTRING (860.897952 164.547309, 856.836475 147.050505)

LINESTRING (857.608150 108.000840, 829.784313 116.673078)

LINESTRING (857.608150 108.000840, 877.183512 127.065491)

LINESTRING (857.608150 108.000840, 877.889349 172.908953)

LINESTRING (857.608150 108.000840, 872.984612 120.345615)

LINESTRING (857.608150 108.000840, 824.409877 125.849639)

LINESTRING (857.608150 108.000840, 848.188090 108.669777)

LINESTRING (857.608150 108.000840, 844.256354 149.869024)

LINESTRING (857.608150 108.000840, 818.582046 145.055936)

LINESTRING (857.608150 108.000840, 817.540701 131.812798)

LINESTRING (857.608150 108.000840, 856.836475 147.050505)

LINESTRING (829.784313 116.673078, 877.183512 127.065491)

LINESTRING (829.784313 116.673078, 872.984612 120.345615)

LINESTRING (829.784313 116.673078, 801.346971 142.687383)

LINESTRING (829.784313 116.673078, 824.409877 125.849639)

LINESTRING (829.784313 116.673078, 841.472921 132.876000)

LINESTRING (829.784313 116.673078, 856.836475 147.050505)

LINESTRING (877.183512 127.065491, 872.984612 120.345615)

LINESTRING (877.183512 127.065491, 801.346971 142.687383)

LINESTRING (877.183512 127.065491, 824.409877 125.849639)

LINESTRING (877.183512 127.065491, 848.188090 108.669777)

LINESTRING (877.183512 127.065491, 844.256354 149.869024)

LINESTRING (877.183512 127.065491, 841.472921 132.876000)

LINESTRING (877.183512 127.065491, 817.540701 131.812798)

LINESTRING (877.183512 127.065491, 856.836475 147.050505)

LINESTRING (877.889349 172.908953, 872.984612 120.345615)

LINESTRING (877.889349 172.908953, 848.188090 108.669777)

LINESTRING (877.889349 172.908953, 818.582046 145.055936)

LINESTRING (877.889349 172.908953, 841.472921 132.876000)

LINESTRING (877.889349 172.908953, 856.836475 147.050505)

LINESTRING (872.984612 120.345615, 801.346971 142.687383)

LINESTRING (872.984612 120.345615, 824.409877 125.849639)

LINESTRING (872.984612 120.345615, 848.188090 108.669777)

LINESTRING (872.984612 120.345615, 844.256354 149.869024)

LINESTRING (872.984612 120.345615, 818.582046 145.055936)

LINESTRING (872.984612 120.345615, 841.472921 132.876000)

LINESTRING (872.984612 120.345615, 856.836475 147.050505)

LINESTRING (801.346971 142.687383, 824.409877 125.849639)

LINESTRING (801.346971 142.687383, 848.188090 108.669777)

LINESTRING (801.346971 142.687383, 844.256354 149.869024)

LINESTRING (801.346971 142.687383, 817.540701 131.812798)

LINESTRING (801.346971 142.687383, 856.836475 147.050505)

LINESTRING (824.409877 125.849639, 844.256354 149.869024)

LINESTRING (824.409877 125.849639, 818.582046 145.055936)

LINESTRING (824.409877 125.849639, 841.472921 132.876000)

LINESTRING (824.409877 125.849639, 856.836475 147.050505)

LINESTRING (848.188090 108.669777, 844.256354 149.869024)

LINESTRING (848.188090 108.669777, 818.582046 145.055936)

LINESTRING (848.188090 108.669777, 841.472921 132.876000)

LINESTRING (848.188090 108.669777, 817.540701 131.812798)

LINESTRING (848.188090 108.669777, 856.836475 147.050505)

LINESTRING (844.256354 149.869024, 818.582046 145.055936)

LINESTRING (844.256354 149.869024, 841.472921 132.876000)

LINESTRING (844.256354 149.869024, 817.540701 131.812798)

LINESTRING (841.472921 132.876000, 817.540701 131.812798)

LINESTRING (841.472921 132.876000, 856.836475 147.050505)

LINESTRING (817.540701 131.812798, 856.836475 147.050505)

LINESTRING (1213.393179 161.170731, 1215.063866 127.792979)

LINESTRING (1213.393179 161.170731, 1178.647941 117.984539)

LINESTRING (1213.393179 161.170731, 1173.293741 176.621431)

LINESTRING (1213.393179 161.170731, 1195.013870 114.172280)

LINESTRING (1213.393179 161.170731, 1199.598044 122.619689)

LINESTRING (1213.393179 161.170731, 1205.700816 113.521747)

LINESTRING (1213.393179 161.170731, 1226.670509 122.966768)

LINESTRING (1213.393179 161.170731, 1191.840939 171.019857)

LINESTRING (1213.393179 161.170731, 1191.611474 119.654075)

LINESTRING (1213.393179 161.170731, 1190.737014 172.525217)

LINESTRING (1213.393179 161.170731, 1225.252604 155.464026)

LINESTRING (1213.393179 161.170731, 1197.028217 157.246823)

LINESTRING (1213.393179 161.170731, 1156.144968 117.146217)

LINESTRING (1213.393179 161.170731, 1222.244354 103.992530)

LINESTRING (1213.393179 161.170731, 1197.061934 172.426469)

LINESTRING (1213.393179 161.170731, 1208.932149 171.705718)

LINESTRING (1213.393179 161.170731, 1211.705003 132.692597)

LINESTRING (1213.393179 161.170731, 1184.888303 128.843321)

LINESTRING (1213.393179 161.170731, 1152.012651 132.635454)

LINESTRING (1213.393179 161.170731, 1193.564288 146.209112)

LINESTRING (1213.393179 161.170731, 1175.473590 113.657633)

LINESTRING (1213.393179 161.170731, 1180.933854 177.122943)

LINESTRING (1213.393179 161.170731, 1184.486701 176.271090)

LINESTRING (1213.393179 161.170731, 1207.093160 114.238233)

LINESTRING (1213.393179 161.170731, 1192.697517 129.493906)

LINESTRING (1213.393179 161.170731, 1224.649786 163.782153)

LINESTRING (1213.393179 161.170731, 1168.686764 165.062290)

LINESTRING (1213.393179 161.170731, 1192.108074 156.744195)

LINESTRING (1213.393179 161.170731, 1187.971909 117.938970)

LINESTRING (1213.393179 161.170731, 1165.290177 141.076871)

LINESTRING (1215.063866 127.792979, 1178.647941 117.984539)

LINESTRING (1215.063866 127.792979, 1173.293741 176.621431)

LINESTRING (1215.063866 127.792979, 1195.013870 114.172280)

LINESTRING (1215.063866 127.792979, 1199.598044 122.619689)

LINESTRING (1215.063866 127.792979, 1205.700816 113.521747)

LINESTRING (1215.063866 127.792979, 1226.670509 122.966768)

LINESTRING (1215.063866 127.792979, 1191.840939 171.019857)

LINESTRING (1215.063866 127.792979, 1200.448808 131.610185)

LINESTRING (1215.063866 127.792979, 1175.142839 127.851138)

LINESTRING (1215.063866 127.792979, 1206.007768 159.289444)

LINESTRING (1215.063866 127.792979, 1191.611474 119.654075)

LINESTRING (1215.063866 127.792979, 1202.578006 140.293751)

LINESTRING (1215.063866 127.792979, 1176.362419 137.816125)

LINESTRING (1215.063866 127.792979, 1190.737014 172.525217)

LINESTRING (1215.063866 127.792979, 1197.028217 157.246823)

LINESTRING (1215.063866 127.792979, 1156.144968 117.146217)

LINESTRING (1215.063866 127.792979, 1222.244354 103.992530)

LINESTRING (1215.063866 127.792979, 1197.061934 172.426469)

LINESTRING (1215.063866 127.792979, 1208.932149 171.705718)

LINESTRING (1215.063866 127.792979, 1211.705003 132.692597)

LINESTRING (1215.063866 127.792979, 1184.888303 128.843321)

LINESTRING (1215.063866 127.792979, 1170.311731 125.261243)

LINESTRING (1215.063866 127.792979, 1193.564288 146.209112)

LINESTRING (1215.063866 127.792979, 1175.473590 113.657633)

LINESTRING (1215.063866 127.792979, 1180.933854 177.122943)

LINESTRING (1215.063866 127.792979, 1184.486701 176.271090)

LINESTRING (1215.063866 127.792979, 1207.093160 114.238233)

LINESTRING (1215.063866 127.792979, 1192.697517 129.493906)

LINESTRING (1215.063866 127.792979, 1224.649786 163.782153)

LINESTRING (1215.063866 127.792979, 1205.370108 155.693420)

LINESTRING (1215.063866 127.792979, 1168.686764 165.062290)

LINESTRING (1215.063866 127.792979, 1192.108074 156.744195)

LINESTRING (1215.063866 127.792979, 1165.290177 141.076871)

LINESTRING (1178.647941 117.984539, 1173.293741 176.621431)

LINESTRING (1178.647941 117.984539, 1195.013870 114.172280)

LINESTRING (1178.647941 117.984539, 1199.598044 122.619689)

LINESTRING (1178.647941 117.984539, 1205.700816 113.521747)

LINESTRING (1178.647941 117.984539, 1226.670509 122.966768)

LINESTRING (1178.647941 117.984539, 1191.840939 171.019857)

LINESTRING (1178.647941 117.984539, 1200.448808 131.610185)

LINESTRING (1178.647941 117.984539, 1175.142839 127.851138)

LINESTRING (1178.647941 117.984539, 1206.007768 159.289444)

LINESTRING (1178.647941 117.984539, 1191.611474 119.654075)

LINESTRING (1178.647941 117.984539, 1202.578006 140.293751)

LINESTRING (1178.647941 117.984539, 1176.362419 137.816125)

LINESTRING (1178.647941 117.984539, 1190.737014 172.525217)

LINESTRING (1178.647941 117.984539, 1197.028217 157.246823)

LINESTRING (1178.647941 117.984539, 1222.244354 103.992530)

LINESTRING (1178.647941 117.984539, 1197.061934 172.426469)

LINESTRING (1178.647941 117.984539, 1208.932149 171.705718)

LINESTRING (1178.647941 117.984539, 1211.705003 132.692597)

LINESTRING (1178.647941 117.984539, 1184.888303 128.843321)

LINESTRING (1178.647941 117.984539, 1152.012651 132.635454)

LINESTRING (1178.647941 117.984539, 1170.311731 125.261243)

LINESTRING (1178.647941 117.984539, 1193.564288 146.209112)

LINESTRING (1178.647941 117.984539, 1180.933854 177.122943)

LINESTRING (1178.647941 117.984539, 1207.093160 114.238233)

LINESTRING (1178.647941 117.984539, 1192.697517 129.493906)

LINESTRING (1178.647941 117.984539, 1205.370108 155.693420)

LINESTRING (1178.647941 117.984539, 1212.246198 107.445997)

LINESTRING (1178.647941 117.984539, 1192.108074 156.744195)

LINESTRING (1178.647941 117.984539, 1165.290177 141.076871)

LINESTRING (1173.293741 176.621431, 1195.013870 114.172280)

LINESTRING (1173.293741 176.621431, 1199.598044 122.619689)

LINESTRING (1173.293741 176.621431, 1226.670509 122.966768)

LINESTRING (1173.293741 176.621431, 1191.840939 171.019857)

LINESTRING (1173.293741 176.621431, 1200.448808 131.610185)

LINESTRING (1173.293741 176.621431, 1175.142839 127.851138)

LINESTRING (1173.293741 176.621431, 1206.007768 159.289444)

LINESTRING (1173.293741 176.621431, 1191.611474 119.654075)

LINESTRING (1173.293741 176.621431, 1176.362419 137.816125)

LINESTRING (1173.293741 176.621431, 1190.737014 172.525217)

LINESTRING (1173.293741 176.621431, 1225.252604 155.464026)

LINESTRING (1173.293741 176.621431, 1156.144968 117.146217)

LINESTRING (1173.293741 176.621431, 1214.174358 105.333269)

LINESTRING (1173.293741 176.621431, 1222.244354 103.992530)

LINESTRING (1173.293741 176.621431, 1197.061934 172.426469)

LINESTRING (1173.293741 176.621431, 1208.932149 171.705718)

LINESTRING (1173.293741 176.621431, 1211.705003 132.692597)

LINESTRING (1173.293741 176.621431, 1184.888303 128.843321)

LINESTRING (1173.293741 176.621431, 1152.012651 132.635454)

LINESTRING (1173.293741 176.621431, 1170.311731 125.261243)

LINESTRING (1173.293741 176.621431, 1193.564288 146.209112)

LINESTRING (1173.293741 176.621431, 1175.473590 113.657633)

LINESTRING (1173.293741 176.621431, 1180.933854 177.122943)

LINESTRING (1173.293741 176.621431, 1207.093160 114.238233)

LINESTRING (1173.293741 176.621431, 1192.697517 129.493906)

LINESTRING (1173.293741 176.621431, 1224.649786 163.782153)

LINESTRING (1173.293741 176.621431, 1205.370108 155.693420)

LINESTRING (1173.293741 176.621431, 1168.686764 165.062290)

LINESTRING (1173.293741 176.621431, 1212.246198 107.445997)

LINESTRING (1173.293741 176.621431, 1192.108074 156.744195)

LINESTRING (1173.293741 176.621431, 1165.290177 141.076871)

LINESTRING (1195.013870 114.172280, 1191.840939 171.019857)

LINESTRING (1195.013870 114.172280, 1200.448808 131.610185)

LINESTRING (1195.013870 114.172280, 1175.142839 127.851138)

LINESTRING (1195.013870 114.172280, 1206.007768 159.289444)

LINESTRING (1195.013870 114.172280, 1191.611474 119.654075)

LINESTRING (1195.013870 114.172280, 1202.578006 140.293751)

LINESTRING (1195.013870 114.172280, 1225.252604 155.464026)

LINESTRING (1195.013870 114.172280, 1197.028217 157.246823)

LINESTRING (1195.013870 114.172280, 1214.174358 105.333269)

LINESTRING (1195.013870 114.172280, 1222.244354 103.992530)

LINESTRING (1195.013870 114.172280, 1208.932149 171.705718)

LINESTRING (1195.013870 114.172280, 1211.705003 132.692597)

LINESTRING (1195.013870 114.172280, 1152.012651 132.635454)

LINESTRING (1195.013870 114.172280, 1175.473590 113.657633)

LINESTRING (1195.013870 114.172280, 1207.093160 114.238233)

LINESTRING (1195.013870 114.172280, 1192.697517 129.493906)

LINESTRING (1195.013870 114.172280, 1224.649786 163.782153)

LINESTRING (1195.013870 114.172280, 1205.370108 155.693420)

LINESTRING (1195.013870 114.172280, 1168.686764 165.062290)

LINESTRING (1195.013870 114.172280, 1212.246198 107.445997)

LINESTRING (1195.013870 114.172280, 1187.971909 117.938970)

LINESTRING (1195.013870 114.172280, 1165.290177 141.076871)

LINESTRING (1199.598044 122.619689, 1191.840939 171.019857)

LINESTRING (1199.598044 122.619689, 1200.448808 131.610185)

LINESTRING (1199.598044 122.619689, 1175.142839 127.851138)

LINESTRING (1199.598044 122.619689, 1206.007768 159.289444)

LINESTRING (1199.598044 122.619689, 1191.611474 119.654075)

LINESTRING (1199.598044 122.619689, 1202.578006 140.293751)

LINESTRING (1199.598044 122.619689, 1176.362419 137.816125)

LINESTRING (1199.598044 122.619689, 1197.028217 157.246823)

LINESTRING (1199.598044 122.619689, 1156.144968 117.146217)

LINESTRING (1199.598044 122.619689, 1214.174358 105.333269)

LINESTRING (1199.598044 122.619689, 1222.244354 103.992530)

LINESTRING (1199.598044 122.619689, 1197.061934 172.426469)

LINESTRING (1199.598044 122.619689, 1208.932149 171.705718)

LINESTRING (1199.598044 122.619689, 1211.705003 132.692597)

LINESTRING (1199.598044 122.619689, 1152.012651 132.635454)

LINESTRING (1199.598044 122.619689, 1170.311731 125.261243)

LINESTRING (1199.598044 122.619689, 1184.486701 176.271090)

LINESTRING (1199.598044 122.619689, 1207.093160 114.238233)

LINESTRING (1199.598044 122.619689, 1192.697517 129.493906)

LINESTRING (1199.598044 122.619689, 1224.649786 163.782153)

LINESTRING (1199.598044 122.619689, 1205.370108 155.693420)

LINESTRING (1199.598044 122.619689, 1212.246198 107.445997)

LINESTRING (1199.598044 122.619689, 1192.108074 156.744195)

LINESTRING (1199.598044 122.619689, 1187.971909 117.938970)

LINESTRING (1199.598044 122.619689, 1165.290177 141.076871)

LINESTRING (1205.700816 113.521747, 1226.670509 122.966768)

LINESTRING (1205.700816 113.521747, 1191.840939 171.019857)

LINESTRING (1205.700816 113.521747, 1200.448808 131.610185)

LINESTRING (1205.700816 113.521747, 1175.142839 127.851138)

LINESTRING (1205.700816 113.521747, 1206.007768 159.289444)

LINESTRING (1205.700816 113.521747, 1191.611474 119.654075)

LINESTRING (1205.700816 113.521747, 1202.578006 140.293751)

LINESTRING (1205.700816 113.521747, 1176.362419 137.816125)

LINESTRING (1205.700816 113.521747, 1190.737014 172.525217)

LINESTRING (1205.700816 113.521747, 1225.252604 155.464026)

LINESTRING (1205.700816 113.521747, 1197.028217 157.246823)

LINESTRING (1205.700816 113.521747, 1156.144968 117.146217)

LINESTRING (1205.700816 113.521747, 1214.174358 105.333269)

LINESTRING (1205.700816 113.521747, 1222.244354 103.992530)

LINESTRING (1205.700816 113.521747, 1197.061934 172.426469)

LINESTRING (1205.700816 113.521747, 1208.932149 171.705718)

LINESTRING (1205.700816 113.521747, 1184.888303 128.843321)

LINESTRING (1205.700816 113.521747, 1152.012651 132.635454)

LINESTRING (1205.700816 113.521747, 1170.311731 125.261243)

LINESTRING (1205.700816 113.521747, 1175.473590 113.657633)

LINESTRING (1205.700816 113.521747, 1184.486701 176.271090)

LINESTRING (1205.700816 113.521747, 1207.093160 114.238233)

LINESTRING (1205.700816 113.521747, 1192.697517 129.493906)

LINESTRING (1205.700816 113.521747, 1224.649786 163.782153)

LINESTRING (1205.700816 113.521747, 1205.370108 155.693420)

LINESTRING (1205.700816 113.521747, 1168.686764 165.062290)

LINESTRING (1205.700816 113.521747, 1212.246198 107.445997)

LINESTRING (1226.670509 122.966768, 1200.448808 131.610185)

LINESTRING (1226.670509 122.966768, 1206.007768 159.289444)

LINESTRING (1226.670509 122.966768, 1191.611474 119.654075)

LINESTRING (1226.670509 122.966768, 1202.578006 140.293751)

LINESTRING (1226.670509 122.966768, 1190.737014 172.525217)

LINESTRING (1226.670509 122.966768, 1225.252604 155.464026)

LINESTRING (1226.670509 122.966768, 1197.028217 157.246823)

LINESTRING (1226.670509 122.966768, 1156.144968 117.146217)

LINESTRING (1226.670509 122.966768, 1214.174358 105.333269)

LINESTRING (1226.670509 122.966768, 1197.061934 172.426469)

LINESTRING (1226.670509 122.966768, 1208.932149 171.705718)

LINESTRING (1226.670509 122.966768, 1211.705003 132.692597)

LINESTRING (1226.670509 122.966768, 1170.311731 125.261243)

LINESTRING (1226.670509 122.966768, 1193.564288 146.209112)

LINESTRING (1226.670509 122.966768, 1175.473590 113.657633)

LINESTRING (1226.670509 122.966768, 1180.933854 177.122943)

LINESTRING (1226.670509 122.966768, 1207.093160 114.238233)

LINESTRING (1226.670509 122.966768, 1192.697517 129.493906)

LINESTRING (1226.670509 122.966768, 1224.649786 163.782153)

LINESTRING (1226.670509 122.966768, 1205.370108 155.693420)

LINESTRING (1226.670509 122.966768, 1168.686764 165.062290)

LINESTRING (1226.670509 122.966768, 1212.246198 107.445997)

LINESTRING (1226.670509 122.966768, 1192.108074 156.744195)

LINESTRING (1226.670509 122.966768, 1187.971909 117.938970)

LINESTRING (1191.840939 171.019857, 1200.448808 131.610185)

LINESTRING (1191.840939 171.019857, 1206.007768 159.289444)

LINESTRING (1191.840939 171.019857, 1191.611474 119.654075)

LINESTRING (1191.840939 171.019857, 1176.362419 137.816125)

LINESTRING (1191.840939 171.019857, 1190.737014 172.525217)

LINESTRING (1191.840939 171.019857, 1225.252604 155.464026)

LINESTRING (1191.840939 171.019857, 1197.028217 157.246823)

LINESTRING (1191.840939 171.019857, 1156.144968 117.146217)

LINESTRING (1191.840939 171.019857, 1214.174358 105.333269)

LINESTRING (1191.840939 171.019857, 1197.061934 172.426469)

LINESTRING (1191.840939 171.019857, 1208.932149 171.705718)

LINESTRING (1191.840939 171.019857, 1211.705003 132.692597)

LINESTRING (1191.840939 171.019857, 1152.012651 132.635454)

LINESTRING (1191.840939 171.019857, 1170.311731 125.261243)

LINESTRING (1191.840939 171.019857, 1193.564288 146.209112)

LINESTRING (1191.840939 171.019857, 1175.473590 113.657633)

LINESTRING (1191.840939 171.019857, 1180.933854 177.122943)

LINESTRING (1191.840939 171.019857, 1184.486701 176.271090)

LINESTRING (1191.840939 171.019857, 1207.093160 114.238233)

LINESTRING (1191.840939 171.019857, 1192.697517 129.493906)

LINESTRING (1191.840939 171.019857, 1224.649786 163.782153)

LINESTRING (1191.840939 171.019857, 1205.370108 155.693420)

LINESTRING (1191.840939 171.019857, 1168.686764 165.062290)

LINESTRING (1191.840939 171.019857, 1212.246198 107.445997)

LINESTRING (1191.840939 171.019857, 1192.108074 156.744195)

LINESTRING (1200.448808 131.610185, 1175.142839 127.851138)

LINESTRING (1200.448808 131.610185, 1191.611474 119.654075)

LINESTRING (1200.448808 131.610185, 1202.578006 140.293751)

LINESTRING (1200.448808 131.610185, 1190.737014 172.525217)

LINESTRING (1200.448808 131.610185, 1197.028217 157.246823)

LINESTRING (1200.448808 131.610185, 1197.061934 172.426469)

LINESTRING (1200.448808 131.610185, 1208.932149 171.705718)

LINESTRING (1200.448808 131.610185, 1211.705003 132.692597)

LINESTRING (1200.448808 131.610185, 1184.888303 128.843321)

LINESTRING (1200.448808 131.610185, 1152.012651 132.635454)

LINESTRING (1200.448808 131.610185, 1170.311731 125.261243)

LINESTRING (1200.448808 131.610185, 1193.564288 146.209112)

LINESTRING (1200.448808 131.610185, 1175.473590 113.657633)

LINESTRING (1200.448808 131.610185, 1180.933854 177.122943)

LINESTRING (1200.448808 131.610185, 1207.093160 114.238233)

LINESTRING (1200.448808 131.610185, 1192.697517 129.493906)

LINESTRING (1200.448808 131.610185, 1224.649786 163.782153)

LINESTRING (1200.448808 131.610185, 1168.686764 165.062290)

LINESTRING (1200.448808 131.610185, 1212.246198 107.445997)

LINESTRING (1200.448808 131.610185, 1192.108074 156.744195)

LINESTRING (1200.448808 131.610185, 1187.971909 117.938970)

LINESTRING (1200.448808 131.610185, 1165.290177 141.076871)

LINESTRING (1175.142839 127.851138, 1206.007768 159.289444)

LINESTRING (1175.142839 127.851138, 1176.362419 137.816125)

LINESTRING (1175.142839 127.851138, 1190.737014 172.525217)

LINESTRING (1175.142839 127.851138, 1225.252604 155.464026)

LINESTRING (1175.142839 127.851138, 1197.028217 157.246823)

LINESTRING (1175.142839 127.851138, 1156.144968 117.146217)

LINESTRING (1175.142839 127.851138, 1214.174358 105.333269)

LINESTRING (1175.142839 127.851138, 1222.244354 103.992530)

LINESTRING (1175.142839 127.851138, 1208.932149 171.705718)

LINESTRING (1175.142839 127.851138, 1211.705003 132.692597)

LINESTRING (1175.142839 127.851138, 1184.888303 128.843321)

LINESTRING (1175.142839 127.851138, 1152.012651 132.635454)

LINESTRING (1175.142839 127.851138, 1170.311731 125.261243)

LINESTRING (1175.142839 127.851138, 1193.564288 146.209112)

LINESTRING (1175.142839 127.851138, 1175.473590 113.657633)

LINESTRING (1175.142839 127.851138, 1180.933854 177.122943)

LINESTRING (1175.142839 127.851138, 1184.486701 176.271090)

LINESTRING (1175.142839 127.851138, 1207.093160 114.238233)

LINESTRING (1175.142839 127.851138, 1192.697517 129.493906)

LINESTRING (1175.142839 127.851138, 1224.649786 163.782153)

LINESTRING (1175.142839 127.851138, 1205.370108 155.693420)

LINESTRING (1175.142839 127.851138, 1168.686764 165.062290)

LINESTRING (1175.142839 127.851138, 1212.246198 107.445997)

LINESTRING (1175.142839 127.851138, 1192.108074 156.744195)

LINESTRING (1175.142839 127.851138, 1187.971909 117.938970)

LINESTRING (1175.142839 127.851138, 1165.290177 141.076871)

LINESTRING (1206.007768 159.289444, 1202.578006 140.293751)

LINESTRING (1206.007768 159.289444, 1190.737014 172.525217)

LINESTRING (1206.007768 159.289444, 1225.252604 155.464026)

LINESTRING (1206.007768 159.289444, 1197.028217 157.246823)

LINESTRING (1206.007768 159.289444, 1156.144968 117.146217)

LINESTRING (1206.007768 159.289444, 1214.174358 105.333269)

LINESTRING (1206.007768 159.289444, 1222.244354 103.992530)

LINESTRING (1206.007768 159.289444, 1197.061934 172.426469)

LINESTRING (1206.007768 159.289444, 1208.932149 171.705718)

LINESTRING (1206.007768 159.289444, 1184.888303 128.843321)

LINESTRING (1206.007768 159.289444, 1152.012651 132.635454)

LINESTRING (1206.007768 159.289444, 1193.564288 146.209112)

LINESTRING (1206.007768 159.289444, 1175.473590 113.657633)

LINESTRING (1206.007768 159.289444, 1180.933854 177.122943)

LINESTRING (1206.007768 159.289444, 1184.486701 176.271090)

LINESTRING (1206.007768 159.289444, 1207.093160 114.238233)

LINESTRING (1206.007768 159.289444, 1192.697517 129.493906)

LINESTRING (1206.007768 159.289444, 1224.649786 163.782153)

LINESTRING (1206.007768 159.289444, 1205.370108 155.693420)

LINESTRING (1206.007768 159.289444, 1168.686764 165.062290)

LINESTRING (1206.007768 159.289444, 1212.246198 107.445997)

LINESTRING (1206.007768 159.289444, 1187.971909 117.938970)

LINESTRING (1206.007768 159.289444, 1165.290177 141.076871)

LINESTRING (1191.611474 119.654075, 1202.578006 140.293751)

LINESTRING (1191.611474 119.654075, 1176.362419 137.816125)

LINESTRING (1191.611474 119.654075, 1190.737014 172.525217)

LINESTRING (1191.611474 119.654075, 1225.252604 155.464026)

LINESTRING (1191.611474 119.654075, 1156.144968 117.146217)

LINESTRING (1191.611474 119.654075, 1214.174358 105.333269)

LINESTRING (1191.611474 119.654075, 1211.705003 132.692597)

LINESTRING (1191.611474 119.654075, 1184.888303 128.843321)

LINESTRING (1191.611474 119.654075, 1152.012651 132.635454)

LINESTRING (1191.611474 119.654075, 1193.564288 146.209112)

LINESTRING (1191.611474 119.654075, 1175.473590 113.657633)

LINESTRING (1191.611474 119.654075, 1180.933854 177.122943)

LINESTRING (1191.611474 119.654075, 1184.486701 176.271090)

LINESTRING (1191.611474 119.654075, 1224.649786 163.782153)

LINESTRING (1191.611474 119.654075, 1205.370108 155.693420)

LINESTRING (1191.611474 119.654075, 1168.686764 165.062290)

LINESTRING (1191.611474 119.654075, 1212.246198 107.445997)

LINESTRING (1191.611474 119.654075, 1192.108074 156.744195)

LINESTRING (1191.611474 119.654075, 1187.971909 117.938970)

LINESTRING (1202.578006 140.293751, 1176.362419 137.816125)

LINESTRING (1202.578006 140.293751, 1190.737014 172.525217)

LINESTRING (1202.578006 140.293751, 1225.252604 155.464026)

LINESTRING (1202.578006 140.293751, 1197.028217 157.246823)

LINESTRING (1202.578006 140.293751, 1156.144968 117.146217)

LINESTRING (1202.578006 140.293751, 1214.174358 105.333269)

LINESTRING (1202.578006 140.293751, 1197.061934 172.426469)

LINESTRING (1202.578006 140.293751, 1208.932149 171.705718)

LINESTRING (1202.578006 140.293751, 1184.888303 128.843321)

LINESTRING (1202.578006 140.293751, 1152.012651 132.635454)

LINESTRING (1202.578006 140.293751, 1170.311731 125.261243)

LINESTRING (1202.578006 140.293751, 1193.564288 146.209112)

LINESTRING (1202.578006 140.293751, 1184.486701 176.271090)

LINESTRING (1202.578006 140.293751, 1207.093160 114.238233)

LINESTRING (1202.578006 140.293751, 1192.697517 129.493906)

LINESTRING (1202.578006 140.293751, 1224.649786 163.782153)

LINESTRING (1202.578006 140.293751, 1205.370108 155.693420)

LINESTRING (1202.578006 140.293751, 1168.686764 165.062290)

LINESTRING (1202.578006 140.293751, 1212.246198 107.445997)

LINESTRING (1202.578006 140.293751, 1192.108074 156.744195)

LINESTRING (1202.578006 140.293751, 1187.971909 117.938970)

LINESTRING (1202.578006 140.293751, 1165.290177 141.076871)

LINESTRING (1176.362419 137.816125, 1225.252604 155.464026)

LINESTRING (1176.362419 137.816125, 1156.144968 117.146217)

LINESTRING (1176.362419 137.816125, 1214.174358 105.333269)

LINESTRING (1176.362419 137.816125, 1222.244354 103.992530)

LINESTRING (1176.362419 137.816125, 1197.061934 172.426469)

LINESTRING (1176.362419 137.816125, 1211.705003 132.692597)

LINESTRING (1176.362419 137.816125, 1184.888303 128.843321)

LINESTRING (1176.362419 137.816125, 1152.012651 132.635454)

LINESTRING (1176.362419 137.816125, 1170.311731 125.261243)

LINESTRING (1176.362419 137.816125, 1193.564288 146.209112)

LINESTRING (1176.362419 137.816125, 1175.473590 113.657633)

LINESTRING (1176.362419 137.816125, 1180.933854 177.122943)

LINESTRING (1176.362419 137.816125, 1184.486701 176.271090)

LINESTRING (1176.362419 137.816125, 1207.093160 114.238233)

LINESTRING (1176.362419 137.816125, 1192.697517 129.493906)

LINESTRING (1176.362419 137.816125, 1224.649786 163.782153)

LINESTRING (1176.362419 137.816125, 1205.370108 155.693420)

LINESTRING (1176.362419 137.816125, 1168.686764 165.062290)

LINESTRING (1176.362419 137.816125, 1212.246198 107.445997)

LINESTRING (1176.362419 137.816125, 1192.108074 156.744195)

LINESTRING (1176.362419 137.816125, 1187.971909 117.938970)

LINESTRING (1190.737014 172.525217, 1197.028217 157.246823)

LINESTRING (1190.737014 172.525217, 1214.174358 105.333269)

LINESTRING (1190.737014 172.525217, 1222.244354 103.992530)

LINESTRING (1190.737014 172.525217, 1197.061934 172.426469)

LINESTRING (1190.737014 172.525217, 1208.932149 171.705718)

LINESTRING (1190.737014 172.525217, 1211.705003 132.692597)

LINESTRING (1190.737014 172.525217, 1152.012651 132.635454)

LINESTRING (1190.737014 172.525217, 1170.311731 125.261243)

LINESTRING (1190.737014 172.525217, 1193.564288 146.209112)

LINESTRING (1190.737014 172.525217, 1175.473590 113.657633)

LINESTRING (1190.737014 172.525217, 1180.933854 177.122943)

LINESTRING (1190.737014 172.525217, 1184.486701 176.271090)

LINESTRING (1190.737014 172.525217, 1207.093160 114.238233)

LINESTRING (1190.737014 172.525217, 1224.649786 163.782153)

LINESTRING (1190.737014 172.525217, 1205.370108 155.693420)

LINESTRING (1190.737014 172.525217, 1168.686764 165.062290)

LINESTRING (1190.737014 172.525217, 1212.246198 107.445997)

LINESTRING (1190.737014 172.525217, 1192.108074 156.744195)

LINESTRING (1190.737014 172.525217, 1165.290177 141.076871)

LINESTRING (1225.252604 155.464026, 1197.028217 157.246823)

LINESTRING (1225.252604 155.464026, 1156.144968 117.146217)

LINESTRING (1225.252604 155.464026, 1214.174358 105.333269)

LINESTRING (1225.252604 155.464026, 1222.244354 103.992530)

LINESTRING (1225.252604 155.464026, 1211.705003 132.692597)

LINESTRING (1225.252604 155.464026, 1184.888303 128.843321)

LINESTRING (1225.252604 155.464026, 1152.012651 132.635454)

LINESTRING (1225.252604 155.464026, 1170.311731 125.261243)

LINESTRING (1225.252604 155.464026, 1175.473590 113.657633)

LINESTRING (1225.252604 155.464026, 1180.933854 177.122943)

LINESTRING (1225.252604 155.464026, 1184.486701 176.271090)

LINESTRING (1225.252604 155.464026, 1207.093160 114.238233)

LINESTRING (1225.252604 155.464026, 1192.697517 129.493906)

LINESTRING (1225.252604 155.464026, 1224.649786 163.782153)

LINESTRING (1225.252604 155.464026, 1205.370108 155.693420)

LINESTRING (1225.252604 155.464026, 1212.246198 107.445997)

LINESTRING (1225.252604 155.464026, 1192.108074 156.744195)

LINESTRING (1225.252604 155.464026, 1187.971909 117.938970)

LINESTRING (1225.252604 155.464026, 1165.290177 141.076871)

LINESTRING (1197.028217 157.246823, 1156.144968 117.146217)

LINESTRING (1197.028217 157.246823, 1214.174358 105.333269)

LINESTRING (1197.028217 157.246823, 1222.244354 103.992530)

LINESTRING (1197.028217 157.246823, 1197.061934 172.426469)

LINESTRING (1197.028217 157.246823, 1211.705003 132.692597)

LINESTRING (1197.028217 157.246823, 1184.888303 128.843321)

LINESTRING (1197.028217 157.246823, 1152.012651 132.635454)

LINESTRING (1197.028217 157.246823, 1193.564288 146.209112)

LINESTRING (1197.028217 157.246823, 1180.933854 177.122943)

LINESTRING (1197.028217 157.246823, 1184.486701 176.271090)

LINESTRING (1197.028217 157.246823, 1207.093160 114.238233)

LINESTRING (1197.028217 157.246823, 1224.649786 163.782153)

LINESTRING (1197.028217 157.246823, 1205.370108 155.693420)

LINESTRING (1197.028217 157.246823, 1168.686764 165.062290)

LINESTRING (1197.028217 157.246823, 1212.246198 107.445997)

LINESTRING (1197.028217 157.246823, 1192.108074 156.744195)

LINESTRING (1197.028217 157.246823, 1187.971909 117.938970)

LINESTRING (1197.028217 157.246823, 1165.290177 141.076871)

LINESTRING (1156.144968 117.146217, 1214.174358 105.333269)

LINESTRING (1156.144968 117.146217, 1222.244354 103.992530)

LINESTRING (1156.144968 117.146217, 1197.061934 172.426469)

LINESTRING (1156.144968 117.146217, 1208.932149 171.705718)

LINESTRING (1156.144968 117.146217, 1211.705003 132.692597)

LINESTRING (1156.144968 117.146217, 1152.012651 132.635454)

LINESTRING (1156.144968 117.146217, 1170.311731 125.261243)

LINESTRING (1156.144968 117.146217, 1193.564288 146.209112)

LINESTRING (1156.144968 117.146217, 1180.933854 177.122943)

LINESTRING (1156.144968 117.146217, 1184.486701 176.271090)

LINESTRING (1156.144968 117.146217, 1207.093160 114.238233)

LINESTRING (1156.144968 117.146217, 1224.649786 163.782153)

LINESTRING (1156.144968 117.146217, 1205.370108 155.693420)

LINESTRING (1156.144968 117.146217, 1168.686764 165.062290)

LINESTRING (1156.144968 117.146217, 1212.246198 107.445997)

LINESTRING (1156.144968 117.146217, 1187.971909 117.938970)

LINESTRING (1214.174358 105.333269, 1222.244354 103.992530)

LINESTRING (1214.174358 105.333269, 1197.061934 172.426469)

LINESTRING (1214.174358 105.333269, 1208.932149 171.705718)

LINESTRING (1214.174358 105.333269, 1211.705003 132.692597)

LINESTRING (1214.174358 105.333269, 1184.888303 128.843321)

LINESTRING (1214.174358 105.333269, 1152.012651 132.635454)

LINESTRING (1214.174358 105.333269, 1170.311731 125.261243)

LINESTRING (1214.174358 105.333269, 1193.564288 146.209112)

LINESTRING (1214.174358 105.333269, 1175.473590 113.657633)

LINESTRING (1214.174358 105.333269, 1184.486701 176.271090)

LINESTRING (1214.174358 105.333269, 1192.697517 129.493906)

LINESTRING (1214.174358 105.333269, 1224.649786 163.782153)

LINESTRING (1214.174358 105.333269, 1205.370108 155.693420)

LINESTRING (1214.174358 105.333269, 1168.686764 165.062290)

LINESTRING (1214.174358 105.333269, 1212.246198 107.445997)

LINESTRING (1214.174358 105.333269, 1165.290177 141.076871)

LINESTRING (1222.244354 103.992530, 1197.061934 172.426469)

LINESTRING (1222.244354 103.992530, 1208.932149 171.705718)

LINESTRING (1222.244354 103.992530, 1184.888303 128.843321)

LINESTRING (1222.244354 103.992530, 1152.012651 132.635454)

LINESTRING (1222.244354 103.992530, 1170.311731 125.261243)

LINESTRING (1222.244354 103.992530, 1193.564288 146.209112)

LINESTRING (1222.244354 103.992530, 1184.486701 176.271090)

LINESTRING (1222.244354 103.992530, 1207.093160 114.238233)

LINESTRING (1222.244354 103.992530, 1192.697517 129.493906)

LINESTRING (1222.244354 103.992530, 1205.370108 155.693420)

LINESTRING (1222.244354 103.992530, 1168.686764 165.062290)

LINESTRING (1222.244354 103.992530, 1212.246198 107.445997)

LINESTRING (1222.244354 103.992530, 1192.108074 156.744195)

LINESTRING (1222.244354 103.992530, 1187.971909 117.938970)

LINESTRING (1197.061934 172.426469, 1211.705003 132.692597)

LINESTRING (1197.061934 172.426469, 1184.888303 128.843321)

LINESTRING (1197.061934 172.426469, 1152.012651 132.635454)

LINESTRING (1197.061934 172.426469, 1193.564288 146.209112)

LINESTRING (1197.061934 172.426469, 1175.473590 113.657633)

LINESTRING (1197.061934 172.426469, 1180.933854 177.122943)

LINESTRING (1197.061934 172.426469, 1184.486701 176.271090)

LINESTRING (1197.061934 172.426469, 1207.093160 114.238233)

LINESTRING (1197.061934 172.426469, 1192.697517 129.493906)

LINESTRING (1197.061934 172.426469, 1224.649786 163.782153)

LINESTRING (1197.061934 172.426469, 1205.370108 155.693420)

LINESTRING (1197.061934 172.426469, 1168.686764 165.062290)

LINESTRING (1197.061934 172.426469, 1212.246198 107.445997)

LINESTRING (1197.061934 172.426469, 1192.108074 156.744195)

LINESTRING (1197.061934 172.426469, 1187.971909 117.938970)

LINESTRING (1197.061934 172.426469, 1165.290177 141.076871)

LINESTRING (1208.932149 171.705718, 1211.705003 132.692597)

LINESTRING (1208.932149 171.705718, 1184.888303 128.843321)

LINESTRING (1208.932149 171.705718, 1152.012651 132.635454)

LINESTRING (1208.932149 171.705718, 1170.311731 125.261243)

LINESTRING (1208.932149 171.705718, 1193.564288 146.209112)

LINESTRING (1208.932149 171.705718, 1175.473590 113.657633)

LINESTRING (1208.932149 171.705718, 1180.933854 177.122943)

LINESTRING (1208.932149 171.705718, 1207.093160 114.238233)

LINESTRING (1208.932149 171.705718, 1192.697517 129.493906)

LINESTRING (1208.932149 171.705718, 1224.649786 163.782153)

LINESTRING (1208.932149 171.705718, 1205.370108 155.693420)

LINESTRING (1208.932149 171.705718, 1212.246198 107.445997)

LINESTRING (1208.932149 171.705718, 1192.108074 156.744195)

LINESTRING (1208.932149 171.705718, 1187.971909 117.938970)

LINESTRING (1208.932149 171.705718, 1165.290177 141.076871)

LINESTRING (1211.705003 132.692597, 1170.311731 125.261243)

LINESTRING (1211.705003 132.692597, 1193.564288 146.209112)

LINESTRING (1211.705003 132.692597, 1175.473590 113.657633)

LINESTRING (1211.705003 132.692597, 1180.933854 177.122943)

LINESTRING (1211.705003 132.692597, 1207.093160 114.238233)

LINESTRING (1211.705003 132.692597, 1205.370108 155.693420)

LINESTRING (1211.705003 132.692597, 1168.686764 165.062290)

LINESTRING (1211.705003 132.692597, 1212.246198 107.445997)

LINESTRING (1211.705003 132.692597, 1192.108074 156.744195)

LINESTRING (1211.705003 132.692597, 1187.971909 117.938970)

LINESTRING (1211.705003 132.692597, 1165.290177 141.076871)

LINESTRING (1184.888303 128.843321, 1152.012651 132.635454)

LINESTRING (1184.888303 128.843321, 1170.311731 125.261243)

LINESTRING (1184.888303 128.843321, 1193.564288 146.209112)

LINESTRING (1184.888303 128.843321, 1175.473590 113.657633)

LINESTRING (1184.888303 128.843321, 1180.933854 177.122943)

LINESTRING (1184.888303 128.843321, 1207.093160 114.238233)

LINESTRING (1184.888303 128.843321, 1224.649786 163.782153)

LINESTRING (1184.888303 128.843321, 1205.370108 155.693420)

LINESTRING (1184.888303 128.843321, 1168.686764 165.062290)

LINESTRING (1184.888303 128.843321, 1212.246198 107.445997)

LINESTRING (1184.888303 128.843321, 1192.108074 156.744195)

LINESTRING (1184.888303 128.843321, 1187.971909 117.938970)

LINESTRING (1184.888303 128.843321, 1165.290177 141.076871)

LINESTRING (1152.012651 132.635454, 1170.311731 125.261243)

LINESTRING (1152.012651 132.635454, 1193.564288 146.209112)

LINESTRING (1152.012651 132.635454, 1175.473590 113.657633)

LINESTRING (1152.012651 132.635454, 1180.933854 177.122943)

LINESTRING (1152.012651 132.635454, 1184.486701 176.271090)

LINESTRING (1152.012651 132.635454, 1207.093160 114.238233)

LINESTRING (1152.012651 132.635454, 1192.697517 129.493906)

LINESTRING (1152.012651 132.635454, 1205.370108 155.693420)

LINESTRING (1152.012651 132.635454, 1168.686764 165.062290)

LINESTRING (1152.012651 132.635454, 1192.108074 156.744195)

LINESTRING (1152.012651 132.635454, 1187.971909 117.938970)

LINESTRING (1152.012651 132.635454, 1165.290177 141.076871)

LINESTRING (1170.311731 125.261243, 1180.933854 177.122943)

LINESTRING (1170.311731 125.261243, 1207.093160 114.238233)

LINESTRING (1170.311731 125.261243, 1205.370108 155.693420)

LINESTRING (1170.311731 125.261243, 1212.246198 107.445997)

LINESTRING (1170.311731 125.261243, 1187.971909 117.938970)

LINESTRING (1170.311731 125.261243, 1165.290177 141.076871)

LINESTRING (1193.564288 146.209112, 1175.473590 113.657633)

LINESTRING (1193.564288 146.209112, 1180.933854 177.122943)

LINESTRING (1193.564288 146.209112, 1184.486701 176.271090)

LINESTRING (1193.564288 146.209112, 1207.093160 114.238233)

LINESTRING (1193.564288 146.209112, 1192.697517 129.493906)

LINESTRING (1193.564288 146.209112, 1224.649786 163.782153)

LINESTRING (1193.564288 146.209112, 1205.370108 155.693420)

LINESTRING (1193.564288 146.209112, 1168.686764 165.062290)

LINESTRING (1193.564288 146.209112, 1212.246198 107.445997)

LINESTRING (1193.564288 146.209112, 1192.108074 156.744195)

LINESTRING (1193.564288 146.209112, 1165.290177 141.076871)

LINESTRING (1175.473590 113.657633, 1207.093160 114.238233)

LINESTRING (1175.473590 113.657633, 1224.649786 163.782153)

LINESTRING (1175.473590 113.657633, 1205.370108 155.693420)

LINESTRING (1175.473590 113.657633, 1212.246198 107.445997)

LINESTRING (1175.473590 113.657633, 1192.108074 156.744195)

LINESTRING (1175.473590 113.657633, 1187.971909 117.938970)

LINESTRING (1175.473590 113.657633, 1165.290177 141.076871)

LINESTRING (1180.933854 177.122943, 1184.486701 176.271090)

LINESTRING (1180.933854 177.122943, 1192.697517 129.493906)

LINESTRING (1180.933854 177.122943, 1224.649786 163.782153)

LINESTRING (1180.933854 177.122943, 1168.686764 165.062290)

LINESTRING (1180.933854 177.122943, 1192.108074 156.744195)

LINESTRING (1180.933854 177.122943, 1187.971909 117.938970)

LINESTRING (1180.933854 177.122943, 1165.290177 141.076871)

LINESTRING (1184.486701 176.271090, 1207.093160 114.238233)

LINESTRING (1184.486701 176.271090, 1192.697517 129.493906)

LINESTRING (1184.486701 176.271090, 1224.649786 163.782153)

LINESTRING (1184.486701 176.271090, 1205.370108 155.693420)

LINESTRING (1184.486701 176.271090, 1168.686764 165.062290)

LINESTRING (1184.486701 176.271090, 1212.246198 107.445997)

LINESTRING (1184.486701 176.271090, 1187.971909 117.938970)

LINESTRING (1184.486701 176.271090, 1165.290177 141.076871)

LINESTRING (1207.093160 114.238233, 1224.649786 163.782153)

LINESTRING (1207.093160 114.238233, 1205.370108 155.693420)

LINESTRING (1207.093160 114.238233, 1212.246198 107.445997)

LINESTRING (1207.093160 114.238233, 1187.971909 117.938970)

LINESTRING (1207.093160 114.238233, 1165.290177 141.076871)

LINESTRING (1192.697517 129.493906, 1224.649786 163.782153)

LINESTRING (1192.697517 129.493906, 1168.686764 165.062290)

LINESTRING (1192.697517 129.493906, 1212.246198 107.445997)

LINESTRING (1192.697517 129.493906, 1192.108074 156.744195)

LINESTRING (1192.697517 129.493906, 1187.971909 117.938970)

LINESTRING (1192.697517 129.493906, 1165.290177 141.076871)

LINESTRING (1224.649786 163.782153, 1168.686764 165.062290)

LINESTRING (1224.649786 163.782153, 1212.246198 107.445997)

LINESTRING (1224.649786 163.782153, 1192.108074 156.744195)

LINESTRING (1224.649786 163.782153, 1165.290177 141.076871)

LINESTRING (1205.370108 155.693420, 1192.108074 156.744195)

LINESTRING (1205.370108 155.693420, 1187.971909 117.938970)

LINESTRING (1205.370108 155.693420, 1165.290177 141.076871)

LINESTRING (1168.686764 165.062290, 1212.246198 107.445997)

LINESTRING (1168.686764 165.062290, 1192.108074 156.744195)

LINESTRING (1168.686764 165.062290, 1187.971909 117.938970)

LINESTRING (1168.686764 165.062290, 1165.290177 141.076871)

LINESTRING (1212.246198 107.445997, 1192.108074 156.744195)

LINESTRING (1212.246198 107.445997, 1187.971909 117.938970)

LINESTRING (1212.246198 107.445997, 1165.290177 141.076871)

LINESTRING (1192.108074 156.744195, 1187.971909 117.938970)

LINESTRING (1192.108074 156.744195, 1165.290177 141.076871)

LINESTRING (1187.971909 117.938970, 1165.290177 141.076871)

LINESTRING (171.949519 171.710745, 513.177075 122.931598)

LINESTRING (150.474941 176.649330, 498.019128 171.586773)

LINESTRING (169.127937 144.077018, 501.190863 154.728554)

LINESTRING (100.846965 117.222113, 516.104339 108.157019)

LINESTRING (513.177075 122.931598, 800.159304 167.280838)

LINESTRING (453.789719 145.688148, 877.701949 108.355446)

LINESTRING (462.638531 129.755768, 874.526489 158.281895)

LINESTRING (516.104339 108.157019, 854.289311 138.918382)

LINESTRING (859.789524 106.780876, 1222.244354 103.992530)

LINESTRING (863.675404 149.190074, 1168.686764 165.062290)

LINESTRING (815.685802 134.585126, 1193.564288 146.209112)

LINESTRING (854.289311 138.918382, 1213.393179 161.170731)

