LINESTRING (144.762259 130.871408, 112.433717 170.554901)

LINESTRING (144.762259 130.871408, 142.681541 106.231460)

LINESTRING (144.762259 130.871408, 158.162920 138.262520)

LINESTRING (144.762259 130.871408, 106.695828 109.149200)

LINESTRING (144.762259 130.871408, 158.772159 126.660566)

LINESTRING (144.762259 130.871408, 111.593345 152.054538)

LINESTRING (144.762259 130.871408, 116.029500 103.535444)

LINESTRING (144.762259 130.871408, 151.614962 162.841151)

LINESTRING (144.762259 130.871408, 140.899931 175.753570)

LINESTRING (144.762259 130.871408, 169.760077 124.782390)

LINESTRING (144.762259 130.871408, 147.754314 119.511625)

LINESTRING (144.762259 130.871408, 175.083117 121.392250)

LINESTRING (144.762259 130.871408, 179.396752 177.764170)

LINESTRING (144.762259 130.871408, 164.867810 163.712024)

LINESTRING (144.762259 130.871408, 119.258681 175.093790)

LINESTRING (144.762259 130.871408, 159.511879 119.323540)

LINESTRING (144.762259 130.871408, 128.112707 130.293319)

LINESTRING (144.762259 130.871408, 118.972025 128.207949)

LINESTRING (144.762259 130.871408, 177.929546 111.357952)

LINESTRING (144.762259 130.871408, 159.141235 113.279475)

LINESTRING (144.762259 130.871408, 109.844862 138.833682)

LINESTRING (144.762259 130.871408, 147.169507 106.671122)

LINESTRING (144.762259 130.871408, 124.842496 119.496874)

LINESTRING (144.762259 130.871408, 118.013124 124.197021)

LINESTRING (144.762259 130.871408, 113.681415 113.075409)

LINESTRING (144.762259 130.871408, 167.815211 155.708892)

LINESTRING (144.762259 130.871408, 106.630606 169.374266)

LINESTRING (144.762259 130.871408, 152.918201 162.736337)

LINESTRING (144.762259 130.871408, 151.065408 151.185329)

LINESTRING (144.762259 130.871408, 161.321315 152.922367)

LINESTRING (144.762259 130.871408, 151.455753 113.440241)

LINESTRING (144.762259 130.871408, 139.523014 141.210281)

LINESTRING (144.762259 130.871408, 165.353148 104.017367)

LINESTRING (144.762259 130.871408, 140.328569 111.593748)

LINESTRING (144.762259 130.871408, 110.439950 158.666518)

LINESTRING (144.762259 130.871408, 171.464496 179.083860)

LINESTRING (144.762259 130.871408, 124.644280 168.406221)

LINESTRING (144.762259 130.871408, 129.663560 141.103045)

LINESTRING (144.762259 130.871408, 162.282920 133.395024)

LINESTRING (144.762259 130.871408, 146.158776 172.778140)

LINESTRING (144.762259 130.871408, 153.087677 161.806901)

LINESTRING (144.762259 130.871408, 159.651216 171.881096)

LINESTRING (144.762259 130.871408, 115.977561 177.129371)

LINESTRING (144.762259 130.871408, 121.223845 113.183264)

LINESTRING (144.762259 130.871408, 103.548727 118.660757)

LINESTRING (144.762259 130.871408, 154.816077 156.079704)

LINESTRING (144.762259 130.871408, 115.137040 115.369524)

LINESTRING (144.762259 130.871408, 162.590252 171.100666)

LINESTRING (144.762259 130.871408, 137.769363 144.844596)

LINESTRING (144.762259 130.871408, 116.655678 124.026159)

LINESTRING (144.762259 130.871408, 156.579486 135.359476)

LINESTRING (144.762259 130.871408, 121.058532 145.810822)

LINESTRING (112.433717 170.554901, 158.162920 138.262520)

LINESTRING (112.433717 170.554901, 106.695828 109.149200)

LINESTRING (112.433717 170.554901, 158.772159 126.660566)

LINESTRING (112.433717 170.554901, 111.593345 152.054538)

LINESTRING (112.433717 170.554901, 116.029500 103.535444)

LINESTRING (112.433717 170.554901, 140.899931 175.753570)

LINESTRING (112.433717 170.554901, 115.313996 148.687461)

LINESTRING (112.433717 170.554901, 169.760077 124.782390)

LINESTRING (112.433717 170.554901, 152.403626 162.904605)

LINESTRING (112.433717 170.554901, 147.754314 119.511625)

LINESTRING (112.433717 170.554901, 175.083117 121.392250)

LINESTRING (112.433717 170.554901, 179.396752 177.764170)

LINESTRING (112.433717 170.554901, 164.867810 163.712024)

LINESTRING (112.433717 170.554901, 119.258681 175.093790)

LINESTRING (112.433717 170.554901, 128.112707 130.293319)

LINESTRING (112.433717 170.554901, 118.972025 128.207949)

LINESTRING (112.433717 170.554901, 177.929546 111.357952)

LINESTRING (112.433717 170.554901, 159.141235 113.279475)

LINESTRING (112.433717 170.554901, 121.544002 160.528322)

LINESTRING (112.433717 170.554901, 109.844862 138.833682)

LINESTRING (112.433717 170.554901, 147.169507 106.671122)

LINESTRING (112.433717 170.554901, 118.013124 124.197021)

LINESTRING (112.433717 170.554901, 167.815211 155.708892)

LINESTRING (112.433717 170.554901, 106.630606 169.374266)

LINESTRING (112.433717 170.554901, 151.065408 151.185329)

LINESTRING (112.433717 170.554901, 161.321315 152.922367)

LINESTRING (112.433717 170.554901, 151.455753 113.440241)

LINESTRING (112.433717 170.554901, 165.353148 104.017367)

LINESTRING (112.433717 170.554901, 163.987198 132.614791)

LINESTRING (112.433717 170.554901, 110.439950 158.666518)

LINESTRING (112.433717 170.554901, 171.464496 179.083860)

LINESTRING (112.433717 170.554901, 132.076079 119.075754)

LINESTRING (112.433717 170.554901, 124.644280 168.406221)

LINESTRING (112.433717 170.554901, 129.663560 141.103045)

LINESTRING (112.433717 170.554901, 146.158776 172.778140)

LINESTRING (112.433717 170.554901, 153.087677 161.806901)

LINESTRING (112.433717 170.554901, 159.651216 171.881096)

LINESTRING (112.433717 170.554901, 115.977561 177.129371)

LINESTRING (112.433717 170.554901, 121.223845 113.183264)

LINESTRING (112.433717 170.554901, 103.548727 118.660757)

LINESTRING (112.433717 170.554901, 154.816077 156.079704)

LINESTRING (112.433717 170.554901, 115.137040 115.369524)

LINESTRING (112.433717 170.554901, 162.590252 171.100666)

LINESTRING (112.433717 170.554901, 137.769363 144.844596)

LINESTRING (112.433717 170.554901, 116.655678 124.026159)

LINESTRING (112.433717 170.554901, 156.579486 135.359476)

LINESTRING (112.433717 170.554901, 121.058532 145.810822)

LINESTRING (142.681541 106.231460, 158.162920 138.262520)

LINESTRING (142.681541 106.231460, 106.695828 109.149200)

LINESTRING (142.681541 106.231460, 111.593345 152.054538)

LINESTRING (142.681541 106.231460, 116.029500 103.535444)

LINESTRING (142.681541 106.231460, 151.614962 162.841151)

LINESTRING (142.681541 106.231460, 106.809972 142.557210)

LINESTRING (142.681541 106.231460, 140.899931 175.753570)

LINESTRING (142.681541 106.231460, 115.313996 148.687461)

LINESTRING (142.681541 106.231460, 169.760077 124.782390)

LINESTRING (142.681541 106.231460, 152.403626 162.904605)

LINESTRING (142.681541 106.231460, 147.754314 119.511625)

LINESTRING (142.681541 106.231460, 175.083117 121.392250)

LINESTRING (142.681541 106.231460, 179.396752 177.764170)

LINESTRING (142.681541 106.231460, 119.258681 175.093790)

LINESTRING (142.681541 106.231460, 159.511879 119.323540)

LINESTRING (142.681541 106.231460, 128.112707 130.293319)

LINESTRING (142.681541 106.231460, 118.972025 128.207949)

LINESTRING (142.681541 106.231460, 177.929546 111.357952)

LINESTRING (142.681541 106.231460, 159.141235 113.279475)

LINESTRING (142.681541 106.231460, 121.544002 160.528322)

LINESTRING (142.681541 106.231460, 147.169507 106.671122)

LINESTRING (142.681541 106.231460, 118.013124 124.197021)

LINESTRING (142.681541 106.231460, 113.681415 113.075409)

LINESTRING (142.681541 106.231460, 167.815211 155.708892)

LINESTRING (142.681541 106.231460, 106.630606 169.374266)

LINESTRING (142.681541 106.231460, 152.918201 162.736337)

LINESTRING (142.681541 106.231460, 151.065408 151.185329)

LINESTRING (142.681541 106.231460, 161.321315 152.922367)

LINESTRING (142.681541 106.231460, 151.455753 113.440241)

LINESTRING (142.681541 106.231460, 139.523014 141.210281)

LINESTRING (142.681541 106.231460, 165.353148 104.017367)

LINESTRING (142.681541 106.231460, 140.328569 111.593748)

LINESTRING (142.681541 106.231460, 163.987198 132.614791)

LINESTRING (142.681541 106.231460, 110.439950 158.666518)

LINESTRING (142.681541 106.231460, 132.076079 119.075754)

LINESTRING (142.681541 106.231460, 129.663560 141.103045)

LINESTRING (142.681541 106.231460, 162.282920 133.395024)

LINESTRING (142.681541 106.231460, 153.087677 161.806901)

LINESTRING (142.681541 106.231460, 159.651216 171.881096)

LINESTRING (142.681541 106.231460, 121.223845 113.183264)

LINESTRING (142.681541 106.231460, 103.548727 118.660757)

LINESTRING (142.681541 106.231460, 154.816077 156.079704)

LINESTRING (142.681541 106.231460, 115.137040 115.369524)

LINESTRING (142.681541 106.231460, 162.590252 171.100666)

LINESTRING (142.681541 106.231460, 129.894135 103.599666)

LINESTRING (142.681541 106.231460, 137.769363 144.844596)

LINESTRING (142.681541 106.231460, 116.655678 124.026159)

LINESTRING (142.681541 106.231460, 121.058532 145.810822)

LINESTRING (158.162920 138.262520, 106.695828 109.149200)

LINESTRING (158.162920 138.262520, 116.029500 103.535444)

LINESTRING (158.162920 138.262520, 140.899931 175.753570)

LINESTRING (158.162920 138.262520, 115.313996 148.687461)

LINESTRING (158.162920 138.262520, 147.754314 119.511625)

LINESTRING (158.162920 138.262520, 175.083117 121.392250)

LINESTRING (158.162920 138.262520, 179.396752 177.764170)

LINESTRING (158.162920 138.262520, 164.867810 163.712024)

LINESTRING (158.162920 138.262520, 159.511879 119.323540)

LINESTRING (158.162920 138.262520, 118.972025 128.207949)

LINESTRING (158.162920 138.262520, 177.929546 111.357952)

LINESTRING (158.162920 138.262520, 159.141235 113.279475)

LINESTRING (158.162920 138.262520, 121.544002 160.528322)

LINESTRING (158.162920 138.262520, 124.842496 119.496874)

LINESTRING (158.162920 138.262520, 167.815211 155.708892)

LINESTRING (158.162920 138.262520, 106.630606 169.374266)

LINESTRING (158.162920 138.262520, 152.918201 162.736337)

LINESTRING (158.162920 138.262520, 151.065408 151.185329)

LINESTRING (158.162920 138.262520, 151.455753 113.440241)

LINESTRING (158.162920 138.262520, 139.523014 141.210281)

LINESTRING (158.162920 138.262520, 165.353148 104.017367)

LINESTRING (158.162920 138.262520, 140.328569 111.593748)

LINESTRING (158.162920 138.262520, 110.439950 158.666518)

LINESTRING (158.162920 138.262520, 124.644280 168.406221)

LINESTRING (158.162920 138.262520, 129.663560 141.103045)

LINESTRING (158.162920 138.262520, 146.158776 172.778140)

LINESTRING (158.162920 138.262520, 153.087677 161.806901)

LINESTRING (158.162920 138.262520, 159.651216 171.881096)

LINESTRING (158.162920 138.262520, 115.977561 177.129371)

LINESTRING (158.162920 138.262520, 121.223845 113.183264)

LINESTRING (158.162920 138.262520, 103.548727 118.660757)

LINESTRING (158.162920 138.262520, 154.816077 156.079704)

LINESTRING (158.162920 138.262520, 115.137040 115.369524)

LINESTRING (158.162920 138.262520, 162.590252 171.100666)

LINESTRING (158.162920 138.262520, 129.894135 103.599666)

LINESTRING (158.162920 138.262520, 137.769363 144.844596)

LINESTRING (158.162920 138.262520, 156.579486 135.359476)

LINESTRING (158.162920 138.262520, 121.058532 145.810822)

LINESTRING (106.695828 109.149200, 158.772159 126.660566)

LINESTRING (106.695828 109.149200, 116.029500 103.535444)

LINESTRING (106.695828 109.149200, 151.614962 162.841151)

LINESTRING (106.695828 109.149200, 106.809972 142.557210)

LINESTRING (106.695828 109.149200, 115.313996 148.687461)

LINESTRING (106.695828 109.149200, 169.760077 124.782390)

LINESTRING (106.695828 109.149200, 152.403626 162.904605)

LINESTRING (106.695828 109.149200, 147.754314 119.511625)

LINESTRING (106.695828 109.149200, 175.083117 121.392250)

LINESTRING (106.695828 109.149200, 179.396752 177.764170)

LINESTRING (106.695828 109.149200, 164.867810 163.712024)

LINESTRING (106.695828 109.149200, 119.258681 175.093790)

LINESTRING (106.695828 109.149200, 159.511879 119.323540)

LINESTRING (106.695828 109.149200, 128.112707 130.293319)

LINESTRING (106.695828 109.149200, 118.972025 128.207949)

LINESTRING (106.695828 109.149200, 177.929546 111.357952)

LINESTRING (106.695828 109.149200, 121.544002 160.528322)

LINESTRING (106.695828 109.149200, 109.844862 138.833682)

LINESTRING (106.695828 109.149200, 113.681415 113.075409)

LINESTRING (106.695828 109.149200, 167.815211 155.708892)

LINESTRING (106.695828 109.149200, 152.918201 162.736337)

LINESTRING (106.695828 109.149200, 151.065408 151.185329)

LINESTRING (106.695828 109.149200, 161.321315 152.922367)

LINESTRING (106.695828 109.149200, 151.455753 113.440241)

LINESTRING (106.695828 109.149200, 139.523014 141.210281)

LINESTRING (106.695828 109.149200, 165.353148 104.017367)

LINESTRING (106.695828 109.149200, 140.328569 111.593748)

LINESTRING (106.695828 109.149200, 171.464496 179.083860)

LINESTRING (106.695828 109.149200, 132.076079 119.075754)

LINESTRING (106.695828 109.149200, 124.644280 168.406221)

LINESTRING (106.695828 109.149200, 129.663560 141.103045)

LINESTRING (106.695828 109.149200, 146.158776 172.778140)

LINESTRING (106.695828 109.149200, 153.087677 161.806901)

LINESTRING (106.695828 109.149200, 159.651216 171.881096)

LINESTRING (106.695828 109.149200, 115.977561 177.129371)

LINESTRING (106.695828 109.149200, 121.223845 113.183264)

LINESTRING (106.695828 109.149200, 154.816077 156.079704)

LINESTRING (106.695828 109.149200, 115.137040 115.369524)

LINESTRING (106.695828 109.149200, 162.590252 171.100666)

LINESTRING (106.695828 109.149200, 129.894135 103.599666)

LINESTRING (106.695828 109.149200, 137.769363 144.844596)

LINESTRING (106.695828 109.149200, 116.655678 124.026159)

LINESTRING (106.695828 109.149200, 156.579486 135.359476)

LINESTRING (158.772159 126.660566, 111.593345 152.054538)

LINESTRING (158.772159 126.660566, 151.614962 162.841151)

LINESTRING (158.772159 126.660566, 106.809972 142.557210)

LINESTRING (158.772159 126.660566, 140.899931 175.753570)

LINESTRING (158.772159 126.660566, 115.313996 148.687461)

LINESTRING (158.772159 126.660566, 169.760077 124.782390)

LINESTRING (158.772159 126.660566, 179.396752 177.764170)

LINESTRING (158.772159 126.660566, 119.258681 175.093790)

LINESTRING (158.772159 126.660566, 118.972025 128.207949)

LINESTRING (158.772159 126.660566, 177.929546 111.357952)

LINESTRING (158.772159 126.660566, 159.141235 113.279475)

LINESTRING (158.772159 126.660566, 121.544002 160.528322)

LINESTRING (158.772159 126.660566, 147.169507 106.671122)

LINESTRING (158.772159 126.660566, 124.842496 119.496874)

LINESTRING (158.772159 126.660566, 118.013124 124.197021)

LINESTRING (158.772159 126.660566, 167.815211 155.708892)

LINESTRING (158.772159 126.660566, 152.918201 162.736337)

LINESTRING (158.772159 126.660566, 151.065408 151.185329)

LINESTRING (158.772159 126.660566, 161.321315 152.922367)

LINESTRING (158.772159 126.660566, 151.455753 113.440241)

LINESTRING (158.772159 126.660566, 165.353148 104.017367)

LINESTRING (158.772159 126.660566, 140.328569 111.593748)

LINESTRING (158.772159 126.660566, 163.987198 132.614791)

LINESTRING (158.772159 126.660566, 110.439950 158.666518)

LINESTRING (158.772159 126.660566, 171.464496 179.083860)

LINESTRING (158.772159 126.660566, 124.644280 168.406221)

LINESTRING (158.772159 126.660566, 129.663560 141.103045)

LINESTRING (158.772159 126.660566, 162.282920 133.395024)

LINESTRING (158.772159 126.660566, 146.158776 172.778140)

LINESTRING (158.772159 126.660566, 153.087677 161.806901)

LINESTRING (158.772159 126.660566, 115.977561 177.129371)

LINESTRING (158.772159 126.660566, 121.223845 113.183264)

LINESTRING (158.772159 126.660566, 103.548727 118.660757)

LINESTRING (158.772159 126.660566, 154.816077 156.079704)

LINESTRING (158.772159 126.660566, 115.137040 115.369524)

LINESTRING (158.772159 126.660566, 162.590252 171.100666)

LINESTRING (158.772159 126.660566, 129.894135 103.599666)

LINESTRING (158.772159 126.660566, 137.769363 144.844596)

LINESTRING (158.772159 126.660566, 116.655678 124.026159)

LINESTRING (158.772159 126.660566, 156.579486 135.359476)

LINESTRING (111.593345 152.054538, 151.614962 162.841151)

LINESTRING (111.593345 152.054538, 106.809972 142.557210)

LINESTRING (111.593345 152.054538, 140.899931 175.753570)

LINESTRING (111.593345 152.054538, 169.760077 124.782390)

LINESTRING (111.593345 152.054538, 152.403626 162.904605)

LINESTRING (111.593345 152.054538, 147.754314 119.511625)

LINESTRING (111.593345 152.054538, 175.083117 121.392250)

LINESTRING (111.593345 152.054538, 179.396752 177.764170)

LINESTRING (111.593345 152.054538, 164.867810 163.712024)

LINESTRING (111.593345 152.054538, 119.258681 175.093790)

LINESTRING (111.593345 152.054538, 159.511879 119.323540)

LINESTRING (111.593345 152.054538, 128.112707 130.293319)

LINESTRING (111.593345 152.054538, 118.972025 128.207949)

LINESTRING (111.593345 152.054538, 177.929546 111.357952)

LINESTRING (111.593345 152.054538, 159.141235 113.279475)

LINESTRING (111.593345 152.054538, 121.544002 160.528322)

LINESTRING (111.593345 152.054538, 109.844862 138.833682)

LINESTRING (111.593345 152.054538, 147.169507 106.671122)

LINESTRING (111.593345 152.054538, 124.842496 119.496874)

LINESTRING (111.593345 152.054538, 118.013124 124.197021)

LINESTRING (111.593345 152.054538, 113.681415 113.075409)

LINESTRING (111.593345 152.054538, 167.815211 155.708892)

LINESTRING (111.593345 152.054538, 152.918201 162.736337)

LINESTRING (111.593345 152.054538, 151.065408 151.185329)

LINESTRING (111.593345 152.054538, 161.321315 152.922367)

LINESTRING (111.593345 152.054538, 151.455753 113.440241)

LINESTRING (111.593345 152.054538, 139.523014 141.210281)

LINESTRING (111.593345 152.054538, 165.353148 104.017367)

LINESTRING (111.593345 152.054538, 140.328569 111.593748)

LINESTRING (111.593345 152.054538, 163.987198 132.614791)

LINESTRING (111.593345 152.054538, 110.439950 158.666518)

LINESTRING (111.593345 152.054538, 132.076079 119.075754)

LINESTRING (111.593345 152.054538, 124.644280 168.406221)

LINESTRING (111.593345 152.054538, 162.282920 133.395024)

LINESTRING (111.593345 152.054538, 146.158776 172.778140)

LINESTRING (111.593345 152.054538, 153.087677 161.806901)

LINESTRING (111.593345 152.054538, 159.651216 171.881096)

LINESTRING (111.593345 152.054538, 103.548727 118.660757)

LINESTRING (111.593345 152.054538, 154.816077 156.079704)

LINESTRING (111.593345 152.054538, 162.590252 171.100666)

LINESTRING (111.593345 152.054538, 129.894135 103.599666)

LINESTRING (111.593345 152.054538, 137.769363 144.844596)

LINESTRING (111.593345 152.054538, 116.655678 124.026159)

LINESTRING (111.593345 152.054538, 156.579486 135.359476)

LINESTRING (116.029500 103.535444, 106.809972 142.557210)

LINESTRING (116.029500 103.535444, 140.899931 175.753570)

LINESTRING (116.029500 103.535444, 169.760077 124.782390)

LINESTRING (116.029500 103.535444, 179.396752 177.764170)

LINESTRING (116.029500 103.535444, 119.258681 175.093790)

LINESTRING (116.029500 103.535444, 159.511879 119.323540)

LINESTRING (116.029500 103.535444, 128.112707 130.293319)

LINESTRING (116.029500 103.535444, 118.972025 128.207949)

LINESTRING (116.029500 103.535444, 177.929546 111.357952)

LINESTRING (116.029500 103.535444, 121.544002 160.528322)

LINESTRING (116.029500 103.535444, 109.844862 138.833682)

LINESTRING (116.029500 103.535444, 147.169507 106.671122)

LINESTRING (116.029500 103.535444, 124.842496 119.496874)

LINESTRING (116.029500 103.535444, 167.815211 155.708892)

LINESTRING (116.029500 103.535444, 106.630606 169.374266)

LINESTRING (116.029500 103.535444, 152.918201 162.736337)

LINESTRING (116.029500 103.535444, 151.065408 151.185329)

LINESTRING (116.029500 103.535444, 161.321315 152.922367)

LINESTRING (116.029500 103.535444, 151.455753 113.440241)

LINESTRING (116.029500 103.535444, 139.523014 141.210281)

LINESTRING (116.029500 103.535444, 165.353148 104.017367)

LINESTRING (116.029500 103.535444, 140.328569 111.593748)

LINESTRING (116.029500 103.535444, 163.987198 132.614791)

LINESTRING (116.029500 103.535444, 110.439950 158.666518)

LINESTRING (116.029500 103.535444, 171.464496 179.083860)

LINESTRING (116.029500 103.535444, 132.076079 119.075754)

LINESTRING (116.029500 103.535444, 124.644280 168.406221)

LINESTRING (116.029500 103.535444, 162.282920 133.395024)

LINESTRING (116.029500 103.535444, 153.087677 161.806901)

LINESTRING (116.029500 103.535444, 159.651216 171.881096)

LINESTRING (116.029500 103.535444, 115.977561 177.129371)

LINESTRING (116.029500 103.535444, 121.223845 113.183264)

LINESTRING (116.029500 103.535444, 103.548727 118.660757)

LINESTRING (116.029500 103.535444, 154.816077 156.079704)

LINESTRING (116.029500 103.535444, 115.137040 115.369524)

LINESTRING (116.029500 103.535444, 162.590252 171.100666)

LINESTRING (116.029500 103.535444, 129.894135 103.599666)

LINESTRING (116.029500 103.535444, 156.579486 135.359476)

LINESTRING (116.029500 103.535444, 121.058532 145.810822)

LINESTRING (151.614962 162.841151, 106.809972 142.557210)

LINESTRING (151.614962 162.841151, 140.899931 175.753570)

LINESTRING (151.614962 162.841151, 169.760077 124.782390)

LINESTRING (151.614962 162.841151, 147.754314 119.511625)

LINESTRING (151.614962 162.841151, 175.083117 121.392250)

LINESTRING (151.614962 162.841151, 179.396752 177.764170)

LINESTRING (151.614962 162.841151, 164.867810 163.712024)

LINESTRING (151.614962 162.841151, 119.258681 175.093790)

LINESTRING (151.614962 162.841151, 159.511879 119.323540)

LINESTRING (151.614962 162.841151, 128.112707 130.293319)

LINESTRING (151.614962 162.841151, 118.972025 128.207949)

LINESTRING (151.614962 162.841151, 159.141235 113.279475)

LINESTRING (151.614962 162.841151, 121.544002 160.528322)

LINESTRING (151.614962 162.841151, 124.842496 119.496874)

LINESTRING (151.614962 162.841151, 118.013124 124.197021)

LINESTRING (151.614962 162.841151, 113.681415 113.075409)

LINESTRING (151.614962 162.841151, 167.815211 155.708892)

LINESTRING (151.614962 162.841151, 106.630606 169.374266)

LINESTRING (151.614962 162.841151, 152.918201 162.736337)

LINESTRING (151.614962 162.841151, 161.321315 152.922367)

LINESTRING (151.614962 162.841151, 151.455753 113.440241)

LINESTRING (151.614962 162.841151, 139.523014 141.210281)

LINESTRING (151.614962 162.841151, 165.353148 104.017367)

LINESTRING (151.614962 162.841151, 140.328569 111.593748)

LINESTRING (151.614962 162.841151, 163.987198 132.614791)

LINESTRING (151.614962 162.841151, 110.439950 158.666518)

LINESTRING (151.614962 162.841151, 132.076079 119.075754)

LINESTRING (151.614962 162.841151, 124.644280 168.406221)

LINESTRING (151.614962 162.841151, 129.663560 141.103045)

LINESTRING (151.614962 162.841151, 162.282920 133.395024)

LINESTRING (151.614962 162.841151, 146.158776 172.778140)

LINESTRING (151.614962 162.841151, 153.087677 161.806901)

LINESTRING (151.614962 162.841151, 159.651216 171.881096)

LINESTRING (151.614962 162.841151, 121.223845 113.183264)

LINESTRING (151.614962 162.841151, 103.548727 118.660757)

LINESTRING (151.614962 162.841151, 154.816077 156.079704)

LINESTRING (151.614962 162.841151, 115.137040 115.369524)

LINESTRING (151.614962 162.841151, 129.894135 103.599666)

LINESTRING (151.614962 162.841151, 137.769363 144.844596)

LINESTRING (151.614962 162.841151, 156.579486 135.359476)

LINESTRING (151.614962 162.841151, 121.058532 145.810822)

LINESTRING (106.809972 142.557210, 140.899931 175.753570)

LINESTRING (106.809972 142.557210, 115.313996 148.687461)

LINESTRING (106.809972 142.557210, 152.403626 162.904605)

LINESTRING (106.809972 142.557210, 179.396752 177.764170)

LINESTRING (106.809972 142.557210, 159.511879 119.323540)

LINESTRING (106.809972 142.557210, 128.112707 130.293319)

LINESTRING (106.809972 142.557210, 118.972025 128.207949)

LINESTRING (106.809972 142.557210, 177.929546 111.357952)

LINESTRING (106.809972 142.557210, 121.544002 160.528322)

LINESTRING (106.809972 142.557210, 147.169507 106.671122)

LINESTRING (106.809972 142.557210, 124.842496 119.496874)

LINESTRING (106.809972 142.557210, 167.815211 155.708892)

LINESTRING (106.809972 142.557210, 106.630606 169.374266)

LINESTRING (106.809972 142.557210, 152.918201 162.736337)

LINESTRING (106.809972 142.557210, 151.065408 151.185329)

LINESTRING (106.809972 142.557210, 161.321315 152.922367)

LINESTRING (106.809972 142.557210, 151.455753 113.440241)

LINESTRING (106.809972 142.557210, 139.523014 141.210281)

LINESTRING (106.809972 142.557210, 165.353148 104.017367)

LINESTRING (106.809972 142.557210, 140.328569 111.593748)

LINESTRING (106.809972 142.557210, 163.987198 132.614791)

LINESTRING (106.809972 142.557210, 171.464496 179.083860)

LINESTRING (106.809972 142.557210, 132.076079 119.075754)

LINESTRING (106.809972 142.557210, 124.644280 168.406221)

LINESTRING (106.809972 142.557210, 162.282920 133.395024)

LINESTRING (106.809972 142.557210, 146.158776 172.778140)

LINESTRING (106.809972 142.557210, 115.977561 177.129371)

LINESTRING (106.809972 142.557210, 121.223845 113.183264)

LINESTRING (106.809972 142.557210, 154.816077 156.079704)

LINESTRING (106.809972 142.557210, 115.137040 115.369524)

LINESTRING (106.809972 142.557210, 129.894135 103.599666)

LINESTRING (106.809972 142.557210, 137.769363 144.844596)

LINESTRING (106.809972 142.557210, 116.655678 124.026159)

LINESTRING (106.809972 142.557210, 156.579486 135.359476)

LINESTRING (106.809972 142.557210, 121.058532 145.810822)

LINESTRING (140.899931 175.753570, 115.313996 148.687461)

LINESTRING (140.899931 175.753570, 169.760077 124.782390)

LINESTRING (140.899931 175.753570, 152.403626 162.904605)

LINESTRING (140.899931 175.753570, 147.754314 119.511625)

LINESTRING (140.899931 175.753570, 175.083117 121.392250)

LINESTRING (140.899931 175.753570, 179.396752 177.764170)

LINESTRING (140.899931 175.753570, 164.867810 163.712024)

LINESTRING (140.899931 175.753570, 119.258681 175.093790)

LINESTRING (140.899931 175.753570, 159.511879 119.323540)

LINESTRING (140.899931 175.753570, 128.112707 130.293319)

LINESTRING (140.899931 175.753570, 118.972025 128.207949)

LINESTRING (140.899931 175.753570, 159.141235 113.279475)

LINESTRING (140.899931 175.753570, 121.544002 160.528322)

LINESTRING (140.899931 175.753570, 109.844862 138.833682)

LINESTRING (140.899931 175.753570, 147.169507 106.671122)

LINESTRING (140.899931 175.753570, 118.013124 124.197021)

LINESTRING (140.899931 175.753570, 113.681415 113.075409)

LINESTRING (140.899931 175.753570, 167.815211 155.708892)

LINESTRING (140.899931 175.753570, 106.630606 169.374266)

LINESTRING (140.899931 175.753570, 152.918201 162.736337)

LINESTRING (140.899931 175.753570, 161.321315 152.922367)

LINESTRING (140.899931 175.753570, 151.455753 113.440241)

LINESTRING (140.899931 175.753570, 139.523014 141.210281)

LINESTRING (140.899931 175.753570, 165.353148 104.017367)

LINESTRING (140.899931 175.753570, 140.328569 111.593748)

LINESTRING (140.899931 175.753570, 163.987198 132.614791)

LINESTRING (140.899931 175.753570, 110.439950 158.666518)

LINESTRING (140.899931 175.753570, 171.464496 179.083860)

LINESTRING (140.899931 175.753570, 132.076079 119.075754)

LINESTRING (140.899931 175.753570, 124.644280 168.406221)

LINESTRING (140.899931 175.753570, 129.663560 141.103045)

LINESTRING (140.899931 175.753570, 162.282920 133.395024)

LINESTRING (140.899931 175.753570, 146.158776 172.778140)

LINESTRING (140.899931 175.753570, 153.087677 161.806901)

LINESTRING (140.899931 175.753570, 159.651216 171.881096)

LINESTRING (140.899931 175.753570, 115.977561 177.129371)

LINESTRING (140.899931 175.753570, 121.223845 113.183264)

LINESTRING (140.899931 175.753570, 103.548727 118.660757)

LINESTRING (140.899931 175.753570, 154.816077 156.079704)

LINESTRING (140.899931 175.753570, 115.137040 115.369524)

LINESTRING (140.899931 175.753570, 129.894135 103.599666)

LINESTRING (140.899931 175.753570, 116.655678 124.026159)

LINESTRING (140.899931 175.753570, 156.579486 135.359476)

LINESTRING (140.899931 175.753570, 121.058532 145.810822)

LINESTRING (115.313996 148.687461, 169.760077 124.782390)

LINESTRING (115.313996 148.687461, 152.403626 162.904605)

LINESTRING (115.313996 148.687461, 175.083117 121.392250)

LINESTRING (115.313996 148.687461, 179.396752 177.764170)

LINESTRING (115.313996 148.687461, 164.867810 163.712024)

LINESTRING (115.313996 148.687461, 119.258681 175.093790)

LINESTRING (115.313996 148.687461, 159.511879 119.323540)

LINESTRING (115.313996 148.687461, 128.112707 130.293319)

LINESTRING (115.313996 148.687461, 118.972025 128.207949)

LINESTRING (115.313996 148.687461, 177.929546 111.357952)

LINESTRING (115.313996 148.687461, 159.141235 113.279475)

LINESTRING (115.313996 148.687461, 121.544002 160.528322)

LINESTRING (115.313996 148.687461, 147.169507 106.671122)

LINESTRING (115.313996 148.687461, 124.842496 119.496874)

LINESTRING (115.313996 148.687461, 118.013124 124.197021)

LINESTRING (115.313996 148.687461, 113.681415 113.075409)

LINESTRING (115.313996 148.687461, 167.815211 155.708892)

LINESTRING (115.313996 148.687461, 106.630606 169.374266)

LINESTRING (115.313996 148.687461, 152.918201 162.736337)

LINESTRING (115.313996 148.687461, 151.065408 151.185329)

LINESTRING (115.313996 148.687461, 161.321315 152.922367)

LINESTRING (115.313996 148.687461, 139.523014 141.210281)

LINESTRING (115.313996 148.687461, 165.353148 104.017367)

LINESTRING (115.313996 148.687461, 140.328569 111.593748)

LINESTRING (115.313996 148.687461, 171.464496 179.083860)

LINESTRING (115.313996 148.687461, 124.644280 168.406221)

LINESTRING (115.313996 148.687461, 129.663560 141.103045)

LINESTRING (115.313996 148.687461, 146.158776 172.778140)

LINESTRING (115.313996 148.687461, 153.087677 161.806901)

LINESTRING (115.313996 148.687461, 115.977561 177.129371)

LINESTRING (115.313996 148.687461, 121.223845 113.183264)

LINESTRING (115.313996 148.687461, 103.548727 118.660757)

LINESTRING (115.313996 148.687461, 154.816077 156.079704)

LINESTRING (115.313996 148.687461, 115.137040 115.369524)

LINESTRING (115.313996 148.687461, 129.894135 103.599666)

LINESTRING (115.313996 148.687461, 137.769363 144.844596)

LINESTRING (115.313996 148.687461, 116.655678 124.026159)

LINESTRING (115.313996 148.687461, 156.579486 135.359476)

LINESTRING (169.760077 124.782390, 147.754314 119.511625)

LINESTRING (169.760077 124.782390, 175.083117 121.392250)

LINESTRING (169.760077 124.782390, 179.396752 177.764170)

LINESTRING (169.760077 124.782390, 164.867810 163.712024)

LINESTRING (169.760077 124.782390, 119.258681 175.093790)

LINESTRING (169.760077 124.782390, 159.511879 119.323540)

LINESTRING (169.760077 124.782390, 118.972025 128.207949)

LINESTRING (169.760077 124.782390, 177.929546 111.357952)

LINESTRING (169.760077 124.782390, 121.544002 160.528322)

LINESTRING (169.760077 124.782390, 109.844862 138.833682)

LINESTRING (169.760077 124.782390, 147.169507 106.671122)

LINESTRING (169.760077 124.782390, 124.842496 119.496874)

LINESTRING (169.760077 124.782390, 118.013124 124.197021)

LINESTRING (169.760077 124.782390, 113.681415 113.075409)

LINESTRING (169.760077 124.782390, 106.630606 169.374266)

LINESTRING (169.760077 124.782390, 152.918201 162.736337)

LINESTRING (169.760077 124.782390, 151.065408 151.185329)

LINESTRING (169.760077 124.782390, 161.321315 152.922367)

LINESTRING (169.760077 124.782390, 151.455753 113.440241)

LINESTRING (169.760077 124.782390, 165.353148 104.017367)

LINESTRING (169.760077 124.782390, 140.328569 111.593748)

LINESTRING (169.760077 124.782390, 163.987198 132.614791)

LINESTRING (169.760077 124.782390, 110.439950 158.666518)

LINESTRING (169.760077 124.782390, 171.464496 179.083860)

LINESTRING (169.760077 124.782390, 132.076079 119.075754)

LINESTRING (169.760077 124.782390, 124.644280 168.406221)

LINESTRING (169.760077 124.782390, 129.663560 141.103045)

LINESTRING (169.760077 124.782390, 162.282920 133.395024)

LINESTRING (169.760077 124.782390, 146.158776 172.778140)

LINESTRING (169.760077 124.782390, 153.087677 161.806901)

LINESTRING (169.760077 124.782390, 159.651216 171.881096)

LINESTRING (169.760077 124.782390, 115.977561 177.129371)

LINESTRING (169.760077 124.782390, 121.223845 113.183264)

LINESTRING (169.760077 124.782390, 103.548727 118.660757)

LINESTRING (169.760077 124.782390, 154.816077 156.079704)

LINESTRING (169.760077 124.782390, 115.137040 115.369524)

LINESTRING (169.760077 124.782390, 137.769363 144.844596)

LINESTRING (169.760077 124.782390, 116.655678 124.026159)

LINESTRING (169.760077 124.782390, 156.579486 135.359476)

LINESTRING (169.760077 124.782390, 121.058532 145.810822)

LINESTRING (152.403626 162.904605, 147.754314 119.511625)

LINESTRING (152.403626 162.904605, 175.083117 121.392250)

LINESTRING (152.403626 162.904605, 164.867810 163.712024)

LINESTRING (152.403626 162.904605, 119.258681 175.093790)

LINESTRING (152.403626 162.904605, 118.972025 128.207949)

LINESTRING (152.403626 162.904605, 177.929546 111.357952)

LINESTRING (152.403626 162.904605, 159.141235 113.279475)

LINESTRING (152.403626 162.904605, 121.544002 160.528322)

LINESTRING (152.403626 162.904605, 109.844862 138.833682)

LINESTRING (152.403626 162.904605, 147.169507 106.671122)

LINESTRING (152.403626 162.904605, 118.013124 124.197021)

LINESTRING (152.403626 162.904605, 113.681415 113.075409)

LINESTRING (152.403626 162.904605, 167.815211 155.708892)

LINESTRING (152.403626 162.904605, 151.065408 151.185329)

LINESTRING (152.403626 162.904605, 161.321315 152.922367)

LINESTRING (152.403626 162.904605, 139.523014 141.210281)

LINESTRING (152.403626 162.904605, 140.328569 111.593748)

LINESTRING (152.403626 162.904605, 163.987198 132.614791)

LINESTRING (152.403626 162.904605, 110.439950 158.666518)

LINESTRING (152.403626 162.904605, 171.464496 179.083860)

LINESTRING (152.403626 162.904605, 124.644280 168.406221)

LINESTRING (152.403626 162.904605, 129.663560 141.103045)

LINESTRING (152.403626 162.904605, 162.282920 133.395024)

LINESTRING (152.403626 162.904605, 146.158776 172.778140)

LINESTRING (152.403626 162.904605, 153.087677 161.806901)

LINESTRING (152.403626 162.904605, 159.651216 171.881096)

LINESTRING (152.403626 162.904605, 115.977561 177.129371)

LINESTRING (152.403626 162.904605, 121.223845 113.183264)

LINESTRING (152.403626 162.904605, 103.548727 118.660757)

LINESTRING (152.403626 162.904605, 154.816077 156.079704)

LINESTRING (152.403626 162.904605, 115.137040 115.369524)

LINESTRING (152.403626 162.904605, 129.894135 103.599666)

LINESTRING (152.403626 162.904605, 116.655678 124.026159)

LINESTRING (152.403626 162.904605, 156.579486 135.359476)

LINESTRING (152.403626 162.904605, 121.058532 145.810822)

LINESTRING (147.754314 119.511625, 175.083117 121.392250)

LINESTRING (147.754314 119.511625, 179.396752 177.764170)

LINESTRING (147.754314 119.511625, 164.867810 163.712024)

LINESTRING (147.754314 119.511625, 119.258681 175.093790)

LINESTRING (147.754314 119.511625, 128.112707 130.293319)

LINESTRING (147.754314 119.511625, 118.972025 128.207949)

LINESTRING (147.754314 119.511625, 177.929546 111.357952)

LINESTRING (147.754314 119.511625, 159.141235 113.279475)

LINESTRING (147.754314 119.511625, 121.544002 160.528322)

LINESTRING (147.754314 119.511625, 109.844862 138.833682)

LINESTRING (147.754314 119.511625, 147.169507 106.671122)

LINESTRING (147.754314 119.511625, 113.681415 113.075409)

LINESTRING (147.754314 119.511625, 167.815211 155.708892)

LINESTRING (147.754314 119.511625, 106.630606 169.374266)

LINESTRING (147.754314 119.511625, 152.918201 162.736337)

LINESTRING (147.754314 119.511625, 151.065408 151.185329)

LINESTRING (147.754314 119.511625, 161.321315 152.922367)

LINESTRING (147.754314 119.511625, 151.455753 113.440241)

LINESTRING (147.754314 119.511625, 139.523014 141.210281)

LINESTRING (147.754314 119.511625, 140.328569 111.593748)

LINESTRING (147.754314 119.511625, 110.439950 158.666518)

LINESTRING (147.754314 119.511625, 171.464496 179.083860)

LINESTRING (147.754314 119.511625, 132.076079 119.075754)

LINESTRING (147.754314 119.511625, 124.644280 168.406221)

LINESTRING (147.754314 119.511625, 129.663560 141.103045)

LINESTRING (147.754314 119.511625, 162.282920 133.395024)

LINESTRING (147.754314 119.511625, 146.158776 172.778140)

LINESTRING (147.754314 119.511625, 153.087677 161.806901)

LINESTRING (147.754314 119.511625, 115.977561 177.129371)

LINESTRING (147.754314 119.511625, 121.223845 113.183264)

LINESTRING (147.754314 119.511625, 103.548727 118.660757)

LINESTRING (147.754314 119.511625, 154.816077 156.079704)

LINESTRING (147.754314 119.511625, 137.769363 144.844596)

LINESTRING (147.754314 119.511625, 156.579486 135.359476)

LINESTRING (175.083117 121.392250, 179.396752 177.764170)

LINESTRING (175.083117 121.392250, 164.867810 163.712024)

LINESTRING (175.083117 121.392250, 159.511879 119.323540)

LINESTRING (175.083117 121.392250, 128.112707 130.293319)

LINESTRING (175.083117 121.392250, 118.972025 128.207949)

LINESTRING (175.083117 121.392250, 109.844862 138.833682)

LINESTRING (175.083117 121.392250, 147.169507 106.671122)

LINESTRING (175.083117 121.392250, 118.013124 124.197021)

LINESTRING (175.083117 121.392250, 113.681415 113.075409)

LINESTRING (175.083117 121.392250, 167.815211 155.708892)

LINESTRING (175.083117 121.392250, 106.630606 169.374266)

LINESTRING (175.083117 121.392250, 152.918201 162.736337)

LINESTRING (175.083117 121.392250, 161.321315 152.922367)

LINESTRING (175.083117 121.392250, 151.455753 113.440241)

LINESTRING (175.083117 121.392250, 139.523014 141.210281)

LINESTRING (175.083117 121.392250, 140.328569 111.593748)

LINESTRING (175.083117 121.392250, 163.987198 132.614791)

LINESTRING (175.083117 121.392250, 110.439950 158.666518)

LINESTRING (175.083117 121.392250, 171.464496 179.083860)

LINESTRING (175.083117 121.392250, 132.076079 119.075754)

LINESTRING (175.083117 121.392250, 124.644280 168.406221)

LINESTRING (175.083117 121.392250, 129.663560 141.103045)

LINESTRING (175.083117 121.392250, 162.282920 133.395024)

LINESTRING (175.083117 121.392250, 153.087677 161.806901)

LINESTRING (175.083117 121.392250, 159.651216 171.881096)

LINESTRING (175.083117 121.392250, 115.977561 177.129371)

LINESTRING (175.083117 121.392250, 121.223845 113.183264)

LINESTRING (175.083117 121.392250, 154.816077 156.079704)

LINESTRING (175.083117 121.392250, 115.137040 115.369524)

LINESTRING (175.083117 121.392250, 162.590252 171.100666)

LINESTRING (175.083117 121.392250, 129.894135 103.599666)

LINESTRING (175.083117 121.392250, 137.769363 144.844596)

LINESTRING (175.083117 121.392250, 116.655678 124.026159)

LINESTRING (175.083117 121.392250, 156.579486 135.359476)

LINESTRING (175.083117 121.392250, 121.058532 145.810822)

LINESTRING (179.396752 177.764170, 119.258681 175.093790)

LINESTRING (179.396752 177.764170, 159.511879 119.323540)

LINESTRING (179.396752 177.764170, 118.972025 128.207949)

LINESTRING (179.396752 177.764170, 177.929546 111.357952)

LINESTRING (179.396752 177.764170, 121.544002 160.528322)

LINESTRING (179.396752 177.764170, 109.844862 138.833682)

LINESTRING (179.396752 177.764170, 147.169507 106.671122)

LINESTRING (179.396752 177.764170, 113.681415 113.075409)

LINESTRING (179.396752 177.764170, 167.815211 155.708892)

LINESTRING (179.396752 177.764170, 106.630606 169.374266)

LINESTRING (179.396752 177.764170, 152.918201 162.736337)

LINESTRING (179.396752 177.764170, 151.455753 113.440241)

LINESTRING (179.396752 177.764170, 139.523014 141.210281)

LINESTRING (179.396752 177.764170, 165.353148 104.017367)

LINESTRING (179.396752 177.764170, 140.328569 111.593748)

LINESTRING (179.396752 177.764170, 163.987198 132.614791)

LINESTRING (179.396752 177.764170, 110.439950 158.666518)

LINESTRING (179.396752 177.764170, 171.464496 179.083860)

LINESTRING (179.396752 177.764170, 132.076079 119.075754)

LINESTRING (179.396752 177.764170, 124.644280 168.406221)

LINESTRING (179.396752 177.764170, 129.663560 141.103045)

LINESTRING (179.396752 177.764170, 146.158776 172.778140)

LINESTRING (179.396752 177.764170, 153.087677 161.806901)

LINESTRING (179.396752 177.764170, 115.977561 177.129371)

LINESTRING (179.396752 177.764170, 121.223845 113.183264)

LINESTRING (179.396752 177.764170, 103.548727 118.660757)

LINESTRING (179.396752 177.764170, 154.816077 156.079704)

LINESTRING (179.396752 177.764170, 162.590252 171.100666)

LINESTRING (179.396752 177.764170, 137.769363 144.844596)

LINESTRING (179.396752 177.764170, 116.655678 124.026159)

LINESTRING (179.396752 177.764170, 156.579486 135.359476)

LINESTRING (179.396752 177.764170, 121.058532 145.810822)

LINESTRING (164.867810 163.712024, 119.258681 175.093790)

LINESTRING (164.867810 163.712024, 159.511879 119.323540)

LINESTRING (164.867810 163.712024, 128.112707 130.293319)

LINESTRING (164.867810 163.712024, 118.972025 128.207949)

LINESTRING (164.867810 163.712024, 177.929546 111.357952)

LINESTRING (164.867810 163.712024, 159.141235 113.279475)

LINESTRING (164.867810 163.712024, 121.544002 160.528322)

LINESTRING (164.867810 163.712024, 109.844862 138.833682)

LINESTRING (164.867810 163.712024, 147.169507 106.671122)

LINESTRING (164.867810 163.712024, 124.842496 119.496874)

LINESTRING (164.867810 163.712024, 118.013124 124.197021)

LINESTRING (164.867810 163.712024, 113.681415 113.075409)

LINESTRING (164.867810 163.712024, 106.630606 169.374266)

LINESTRING (164.867810 163.712024, 151.065408 151.185329)

LINESTRING (164.867810 163.712024, 161.321315 152.922367)

LINESTRING (164.867810 163.712024, 151.455753 113.440241)

LINESTRING (164.867810 163.712024, 139.523014 141.210281)

LINESTRING (164.867810 163.712024, 165.353148 104.017367)

LINESTRING (164.867810 163.712024, 140.328569 111.593748)

LINESTRING (164.867810 163.712024, 163.987198 132.614791)

LINESTRING (164.867810 163.712024, 110.439950 158.666518)

LINESTRING (164.867810 163.712024, 132.076079 119.075754)

LINESTRING (164.867810 163.712024, 124.644280 168.406221)

LINESTRING (164.867810 163.712024, 129.663560 141.103045)

LINESTRING (164.867810 163.712024, 162.282920 133.395024)

LINESTRING (164.867810 163.712024, 146.158776 172.778140)

LINESTRING (164.867810 163.712024, 153.087677 161.806901)

LINESTRING (164.867810 163.712024, 115.977561 177.129371)

LINESTRING (164.867810 163.712024, 121.223845 113.183264)

LINESTRING (164.867810 163.712024, 103.548727 118.660757)

LINESTRING (164.867810 163.712024, 154.816077 156.079704)

LINESTRING (164.867810 163.712024, 162.590252 171.100666)

LINESTRING (164.867810 163.712024, 129.894135 103.599666)

LINESTRING (164.867810 163.712024, 137.769363 144.844596)

LINESTRING (164.867810 163.712024, 156.579486 135.359476)

LINESTRING (119.258681 175.093790, 128.112707 130.293319)

LINESTRING (119.258681 175.093790, 118.972025 128.207949)

LINESTRING (119.258681 175.093790, 159.141235 113.279475)

LINESTRING (119.258681 175.093790, 121.544002 160.528322)

LINESTRING (119.258681 175.093790, 109.844862 138.833682)

LINESTRING (119.258681 175.093790, 147.169507 106.671122)

LINESTRING (119.258681 175.093790, 118.013124 124.197021)

LINESTRING (119.258681 175.093790, 113.681415 113.075409)

LINESTRING (119.258681 175.093790, 167.815211 155.708892)

LINESTRING (119.258681 175.093790, 106.630606 169.374266)

LINESTRING (119.258681 175.093790, 152.918201 162.736337)

LINESTRING (119.258681 175.093790, 151.065408 151.185329)

LINESTRING (119.258681 175.093790, 139.523014 141.210281)

LINESTRING (119.258681 175.093790, 165.353148 104.017367)

LINESTRING (119.258681 175.093790, 140.328569 111.593748)

LINESTRING (119.258681 175.093790, 110.439950 158.666518)

LINESTRING (119.258681 175.093790, 171.464496 179.083860)

LINESTRING (119.258681 175.093790, 132.076079 119.075754)

LINESTRING (119.258681 175.093790, 124.644280 168.406221)

LINESTRING (119.258681 175.093790, 129.663560 141.103045)

LINESTRING (119.258681 175.093790, 162.282920 133.395024)

LINESTRING (119.258681 175.093790, 146.158776 172.778140)

LINESTRING (119.258681 175.093790, 153.087677 161.806901)

LINESTRING (119.258681 175.093790, 159.651216 171.881096)

LINESTRING (119.258681 175.093790, 115.977561 177.129371)

LINESTRING (119.258681 175.093790, 121.223845 113.183264)

LINESTRING (119.258681 175.093790, 103.548727 118.660757)

LINESTRING (119.258681 175.093790, 154.816077 156.079704)

LINESTRING (119.258681 175.093790, 115.137040 115.369524)

LINESTRING (119.258681 175.093790, 137.769363 144.844596)

LINESTRING (119.258681 175.093790, 116.655678 124.026159)

LINESTRING (119.258681 175.093790, 156.579486 135.359476)

LINESTRING (119.258681 175.093790, 121.058532 145.810822)

LINESTRING (159.511879 119.323540, 118.972025 128.207949)

LINESTRING (159.511879 119.323540, 177.929546 111.357952)

LINESTRING (159.511879 119.323540, 159.141235 113.279475)

LINESTRING (159.511879 119.323540, 121.544002 160.528322)

LINESTRING (159.511879 119.323540, 109.844862 138.833682)

LINESTRING (159.511879 119.323540, 147.169507 106.671122)

LINESTRING (159.511879 119.323540, 124.842496 119.496874)

LINESTRING (159.511879 119.323540, 106.630606 169.374266)

LINESTRING (159.511879 119.323540, 151.065408 151.185329)

LINESTRING (159.511879 119.323540, 161.321315 152.922367)

LINESTRING (159.511879 119.323540, 151.455753 113.440241)

LINESTRING (159.511879 119.323540, 139.523014 141.210281)

LINESTRING (159.511879 119.323540, 165.353148 104.017367)

LINESTRING (159.511879 119.323540, 140.328569 111.593748)

LINESTRING (159.511879 119.323540, 163.987198 132.614791)

LINESTRING (159.511879 119.323540, 110.439950 158.666518)

LINESTRING (159.511879 119.323540, 146.158776 172.778140)

LINESTRING (159.511879 119.323540, 153.087677 161.806901)

LINESTRING (159.511879 119.323540, 103.548727 118.660757)

LINESTRING (159.511879 119.323540, 154.816077 156.079704)

LINESTRING (159.511879 119.323540, 115.137040 115.369524)

LINESTRING (159.511879 119.323540, 162.590252 171.100666)

LINESTRING (159.511879 119.323540, 129.894135 103.599666)

LINESTRING (159.511879 119.323540, 137.769363 144.844596)

LINESTRING (159.511879 119.323540, 116.655678 124.026159)

LINESTRING (159.511879 119.323540, 156.579486 135.359476)

LINESTRING (159.511879 119.323540, 121.058532 145.810822)

LINESTRING (128.112707 130.293319, 118.972025 128.207949)

LINESTRING (128.112707 130.293319, 177.929546 111.357952)

LINESTRING (128.112707 130.293319, 159.141235 113.279475)

LINESTRING (128.112707 130.293319, 121.544002 160.528322)

LINESTRING (128.112707 130.293319, 109.844862 138.833682)

LINESTRING (128.112707 130.293319, 147.169507 106.671122)

LINESTRING (128.112707 130.293319, 124.842496 119.496874)

LINESTRING (128.112707 130.293319, 118.013124 124.197021)

LINESTRING (128.112707 130.293319, 167.815211 155.708892)

LINESTRING (128.112707 130.293319, 106.630606 169.374266)

LINESTRING (128.112707 130.293319, 152.918201 162.736337)

LINESTRING (128.112707 130.293319, 151.065408 151.185329)

LINESTRING (128.112707 130.293319, 161.321315 152.922367)

LINESTRING (128.112707 130.293319, 151.455753 113.440241)

LINESTRING (128.112707 130.293319, 165.353148 104.017367)

LINESTRING (128.112707 130.293319, 140.328569 111.593748)

LINESTRING (128.112707 130.293319, 110.439950 158.666518)

LINESTRING (128.112707 130.293319, 171.464496 179.083860)

LINESTRING (128.112707 130.293319, 132.076079 119.075754)

LINESTRING (128.112707 130.293319, 124.644280 168.406221)

LINESTRING (128.112707 130.293319, 162.282920 133.395024)

LINESTRING (128.112707 130.293319, 146.158776 172.778140)

LINESTRING (128.112707 130.293319, 153.087677 161.806901)

LINESTRING (128.112707 130.293319, 159.651216 171.881096)

LINESTRING (128.112707 130.293319, 115.977561 177.129371)

LINESTRING (128.112707 130.293319, 121.223845 113.183264)

LINESTRING (128.112707 130.293319, 115.137040 115.369524)

LINESTRING (128.112707 130.293319, 162.590252 171.100666)

LINESTRING (128.112707 130.293319, 129.894135 103.599666)

LINESTRING (128.112707 130.293319, 137.769363 144.844596)

LINESTRING (128.112707 130.293319, 156.579486 135.359476)

LINESTRING (118.972025 128.207949, 177.929546 111.357952)

LINESTRING (118.972025 128.207949, 121.544002 160.528322)

LINESTRING (118.972025 128.207949, 109.844862 138.833682)

LINESTRING (118.972025 128.207949, 124.842496 119.496874)

LINESTRING (118.972025 128.207949, 118.013124 124.197021)

LINESTRING (118.972025 128.207949, 113.681415 113.075409)

LINESTRING (118.972025 128.207949, 106.630606 169.374266)

LINESTRING (118.972025 128.207949, 152.918201 162.736337)

LINESTRING (118.972025 128.207949, 151.065408 151.185329)

LINESTRING (118.972025 128.207949, 139.523014 141.210281)

LINESTRING (118.972025 128.207949, 165.353148 104.017367)

LINESTRING (118.972025 128.207949, 140.328569 111.593748)

LINESTRING (118.972025 128.207949, 163.987198 132.614791)

LINESTRING (118.972025 128.207949, 110.439950 158.666518)

LINESTRING (118.972025 128.207949, 132.076079 119.075754)

LINESTRING (118.972025 128.207949, 124.644280 168.406221)

LINESTRING (118.972025 128.207949, 162.282920 133.395024)

LINESTRING (118.972025 128.207949, 146.158776 172.778140)

LINESTRING (118.972025 128.207949, 159.651216 171.881096)

LINESTRING (118.972025 128.207949, 115.977561 177.129371)

LINESTRING (118.972025 128.207949, 121.223845 113.183264)

LINESTRING (118.972025 128.207949, 103.548727 118.660757)

LINESTRING (118.972025 128.207949, 154.816077 156.079704)

LINESTRING (118.972025 128.207949, 115.137040 115.369524)

LINESTRING (118.972025 128.207949, 162.590252 171.100666)

LINESTRING (118.972025 128.207949, 116.655678 124.026159)

LINESTRING (177.929546 111.357952, 109.844862 138.833682)

LINESTRING (177.929546 111.357952, 147.169507 106.671122)

LINESTRING (177.929546 111.357952, 124.842496 119.496874)

LINESTRING (177.929546 111.357952, 118.013124 124.197021)

LINESTRING (177.929546 111.357952, 113.681415 113.075409)

LINESTRING (177.929546 111.357952, 167.815211 155.708892)

LINESTRING (177.929546 111.357952, 152.918201 162.736337)

LINESTRING (177.929546 111.357952, 151.065408 151.185329)

LINESTRING (177.929546 111.357952, 161.321315 152.922367)

LINESTRING (177.929546 111.357952, 151.455753 113.440241)

LINESTRING (177.929546 111.357952, 165.353148 104.017367)

LINESTRING (177.929546 111.357952, 163.987198 132.614791)

LINESTRING (177.929546 111.357952, 110.439950 158.666518)

LINESTRING (177.929546 111.357952, 171.464496 179.083860)

LINESTRING (177.929546 111.357952, 132.076079 119.075754)

LINESTRING (177.929546 111.357952, 124.644280 168.406221)

LINESTRING (177.929546 111.357952, 129.663560 141.103045)

LINESTRING (177.929546 111.357952, 162.282920 133.395024)

LINESTRING (177.929546 111.357952, 146.158776 172.778140)

LINESTRING (177.929546 111.357952, 153.087677 161.806901)

LINESTRING (177.929546 111.357952, 159.651216 171.881096)

LINESTRING (177.929546 111.357952, 115.977561 177.129371)

LINESTRING (177.929546 111.357952, 121.223845 113.183264)

LINESTRING (177.929546 111.357952, 103.548727 118.660757)

LINESTRING (177.929546 111.357952, 115.137040 115.369524)

LINESTRING (177.929546 111.357952, 162.590252 171.100666)

LINESTRING (177.929546 111.357952, 129.894135 103.599666)

LINESTRING (177.929546 111.357952, 137.769363 144.844596)

LINESTRING (177.929546 111.357952, 116.655678 124.026159)

LINESTRING (177.929546 111.357952, 156.579486 135.359476)

LINESTRING (177.929546 111.357952, 121.058532 145.810822)

LINESTRING (159.141235 113.279475, 121.544002 160.528322)

LINESTRING (159.141235 113.279475, 109.844862 138.833682)

LINESTRING (159.141235 113.279475, 147.169507 106.671122)

LINESTRING (159.141235 113.279475, 118.013124 124.197021)

LINESTRING (159.141235 113.279475, 167.815211 155.708892)

LINESTRING (159.141235 113.279475, 106.630606 169.374266)

LINESTRING (159.141235 113.279475, 152.918201 162.736337)

LINESTRING (159.141235 113.279475, 151.065408 151.185329)

LINESTRING (159.141235 113.279475, 161.321315 152.922367)

LINESTRING (159.141235 113.279475, 151.455753 113.440241)

LINESTRING (159.141235 113.279475, 139.523014 141.210281)

LINESTRING (159.141235 113.279475, 165.353148 104.017367)

LINESTRING (159.141235 113.279475, 140.328569 111.593748)

LINESTRING (159.141235 113.279475, 110.439950 158.666518)

LINESTRING (159.141235 113.279475, 171.464496 179.083860)

LINESTRING (159.141235 113.279475, 132.076079 119.075754)

LINESTRING (159.141235 113.279475, 124.644280 168.406221)

LINESTRING (159.141235 113.279475, 146.158776 172.778140)

LINESTRING (159.141235 113.279475, 153.087677 161.806901)

LINESTRING (159.141235 113.279475, 159.651216 171.881096)

LINESTRING (159.141235 113.279475, 121.223845 113.183264)

LINESTRING (159.141235 113.279475, 103.548727 118.660757)

LINESTRING (159.141235 113.279475, 154.816077 156.079704)

LINESTRING (159.141235 113.279475, 115.137040 115.369524)

LINESTRING (159.141235 113.279475, 129.894135 103.599666)

LINESTRING (159.141235 113.279475, 137.769363 144.844596)

LINESTRING (159.141235 113.279475, 116.655678 124.026159)

LINESTRING (159.141235 113.279475, 156.579486 135.359476)

LINESTRING (159.141235 113.279475, 121.058532 145.810822)

LINESTRING (121.544002 160.528322, 109.844862 138.833682)

LINESTRING (121.544002 160.528322, 147.169507 106.671122)

LINESTRING (121.544002 160.528322, 124.842496 119.496874)

LINESTRING (121.544002 160.528322, 118.013124 124.197021)

LINESTRING (121.544002 160.528322, 113.681415 113.075409)

LINESTRING (121.544002 160.528322, 167.815211 155.708892)

LINESTRING (121.544002 160.528322, 151.065408 151.185329)

LINESTRING (121.544002 160.528322, 161.321315 152.922367)

LINESTRING (121.544002 160.528322, 151.455753 113.440241)

LINESTRING (121.544002 160.528322, 165.353148 104.017367)

LINESTRING (121.544002 160.528322, 140.328569 111.593748)

LINESTRING (121.544002 160.528322, 163.987198 132.614791)

LINESTRING (121.544002 160.528322, 110.439950 158.666518)

LINESTRING (121.544002 160.528322, 171.464496 179.083860)

LINESTRING (121.544002 160.528322, 124.644280 168.406221)

LINESTRING (121.544002 160.528322, 129.663560 141.103045)

LINESTRING (121.544002 160.528322, 146.158776 172.778140)

LINESTRING (121.544002 160.528322, 153.087677 161.806901)

LINESTRING (121.544002 160.528322, 159.651216 171.881096)

LINESTRING (121.544002 160.528322, 115.977561 177.129371)

LINESTRING (121.544002 160.528322, 121.223845 113.183264)

LINESTRING (121.544002 160.528322, 103.548727 118.660757)

LINESTRING (121.544002 160.528322, 115.137040 115.369524)

LINESTRING (121.544002 160.528322, 162.590252 171.100666)

LINESTRING (121.544002 160.528322, 137.769363 144.844596)

LINESTRING (121.544002 160.528322, 116.655678 124.026159)

LINESTRING (121.544002 160.528322, 156.579486 135.359476)

LINESTRING (121.544002 160.528322, 121.058532 145.810822)

LINESTRING (109.844862 138.833682, 147.169507 106.671122)

LINESTRING (109.844862 138.833682, 124.842496 119.496874)

LINESTRING (109.844862 138.833682, 118.013124 124.197021)

LINESTRING (109.844862 138.833682, 167.815211 155.708892)

LINESTRING (109.844862 138.833682, 106.630606 169.374266)

LINESTRING (109.844862 138.833682, 152.918201 162.736337)

LINESTRING (109.844862 138.833682, 151.065408 151.185329)

LINESTRING (109.844862 138.833682, 161.321315 152.922367)

LINESTRING (109.844862 138.833682, 139.523014 141.210281)

LINESTRING (109.844862 138.833682, 165.353148 104.017367)

LINESTRING (109.844862 138.833682, 140.328569 111.593748)

LINESTRING (109.844862 138.833682, 163.987198 132.614791)

LINESTRING (109.844862 138.833682, 171.464496 179.083860)

LINESTRING (109.844862 138.833682, 132.076079 119.075754)

LINESTRING (109.844862 138.833682, 124.644280 168.406221)

LINESTRING (109.844862 138.833682, 129.663560 141.103045)

LINESTRING (109.844862 138.833682, 153.087677 161.806901)

LINESTRING (109.844862 138.833682, 159.651216 171.881096)

LINESTRING (109.844862 138.833682, 115.977561 177.129371)

LINESTRING (109.844862 138.833682, 121.223845 113.183264)

LINESTRING (109.844862 138.833682, 154.816077 156.079704)

LINESTRING (109.844862 138.833682, 162.590252 171.100666)

LINESTRING (109.844862 138.833682, 129.894135 103.599666)

LINESTRING (109.844862 138.833682, 137.769363 144.844596)

LINESTRING (109.844862 138.833682, 116.655678 124.026159)

LINESTRING (109.844862 138.833682, 156.579486 135.359476)

LINESTRING (109.844862 138.833682, 121.058532 145.810822)

LINESTRING (147.169507 106.671122, 113.681415 113.075409)

LINESTRING (147.169507 106.671122, 106.630606 169.374266)

LINESTRING (147.169507 106.671122, 152.918201 162.736337)

LINESTRING (147.169507 106.671122, 151.065408 151.185329)

LINESTRING (147.169507 106.671122, 161.321315 152.922367)

LINESTRING (147.169507 106.671122, 151.455753 113.440241)

LINESTRING (147.169507 106.671122, 139.523014 141.210281)

LINESTRING (147.169507 106.671122, 165.353148 104.017367)

LINESTRING (147.169507 106.671122, 140.328569 111.593748)

LINESTRING (147.169507 106.671122, 163.987198 132.614791)

LINESTRING (147.169507 106.671122, 110.439950 158.666518)

LINESTRING (147.169507 106.671122, 171.464496 179.083860)

LINESTRING (147.169507 106.671122, 129.663560 141.103045)

LINESTRING (147.169507 106.671122, 162.282920 133.395024)

LINESTRING (147.169507 106.671122, 153.087677 161.806901)

LINESTRING (147.169507 106.671122, 159.651216 171.881096)

LINESTRING (147.169507 106.671122, 115.977561 177.129371)

LINESTRING (147.169507 106.671122, 121.223845 113.183264)

LINESTRING (147.169507 106.671122, 103.548727 118.660757)

LINESTRING (147.169507 106.671122, 115.137040 115.369524)

LINESTRING (147.169507 106.671122, 162.590252 171.100666)

LINESTRING (147.169507 106.671122, 137.769363 144.844596)

LINESTRING (147.169507 106.671122, 116.655678 124.026159)

LINESTRING (147.169507 106.671122, 156.579486 135.359476)

LINESTRING (147.169507 106.671122, 121.058532 145.810822)

LINESTRING (124.842496 119.496874, 113.681415 113.075409)

LINESTRING (124.842496 119.496874, 167.815211 155.708892)

LINESTRING (124.842496 119.496874, 106.630606 169.374266)

LINESTRING (124.842496 119.496874, 152.918201 162.736337)

LINESTRING (124.842496 119.496874, 151.065408 151.185329)

LINESTRING (124.842496 119.496874, 161.321315 152.922367)

LINESTRING (124.842496 119.496874, 151.455753 113.440241)

LINESTRING (124.842496 119.496874, 139.523014 141.210281)

LINESTRING (124.842496 119.496874, 165.353148 104.017367)

LINESTRING (124.842496 119.496874, 140.328569 111.593748)

LINESTRING (124.842496 119.496874, 163.987198 132.614791)

LINESTRING (124.842496 119.496874, 132.076079 119.075754)

LINESTRING (124.842496 119.496874, 124.644280 168.406221)

LINESTRING (124.842496 119.496874, 129.663560 141.103045)

LINESTRING (124.842496 119.496874, 162.282920 133.395024)

LINESTRING (124.842496 119.496874, 153.087677 161.806901)

LINESTRING (124.842496 119.496874, 159.651216 171.881096)

LINESTRING (124.842496 119.496874, 115.977561 177.129371)

LINESTRING (124.842496 119.496874, 121.223845 113.183264)

LINESTRING (124.842496 119.496874, 103.548727 118.660757)

LINESTRING (124.842496 119.496874, 154.816077 156.079704)

LINESTRING (124.842496 119.496874, 115.137040 115.369524)

LINESTRING (124.842496 119.496874, 162.590252 171.100666)

LINESTRING (124.842496 119.496874, 137.769363 144.844596)

LINESTRING (124.842496 119.496874, 156.579486 135.359476)

LINESTRING (124.842496 119.496874, 121.058532 145.810822)

LINESTRING (118.013124 124.197021, 113.681415 113.075409)

LINESTRING (118.013124 124.197021, 167.815211 155.708892)

LINESTRING (118.013124 124.197021, 106.630606 169.374266)

LINESTRING (118.013124 124.197021, 152.918201 162.736337)

LINESTRING (118.013124 124.197021, 151.065408 151.185329)

LINESTRING (118.013124 124.197021, 151.455753 113.440241)

LINESTRING (118.013124 124.197021, 139.523014 141.210281)

LINESTRING (118.013124 124.197021, 163.987198 132.614791)

LINESTRING (118.013124 124.197021, 171.464496 179.083860)

LINESTRING (118.013124 124.197021, 132.076079 119.075754)

LINESTRING (118.013124 124.197021, 124.644280 168.406221)

LINESTRING (118.013124 124.197021, 129.663560 141.103045)

LINESTRING (118.013124 124.197021, 162.282920 133.395024)

LINESTRING (118.013124 124.197021, 146.158776 172.778140)

LINESTRING (118.013124 124.197021, 153.087677 161.806901)

LINESTRING (118.013124 124.197021, 159.651216 171.881096)

LINESTRING (118.013124 124.197021, 121.223845 113.183264)

LINESTRING (118.013124 124.197021, 103.548727 118.660757)

LINESTRING (118.013124 124.197021, 154.816077 156.079704)

LINESTRING (118.013124 124.197021, 115.137040 115.369524)

LINESTRING (118.013124 124.197021, 162.590252 171.100666)

LINESTRING (118.013124 124.197021, 129.894135 103.599666)

LINESTRING (118.013124 124.197021, 137.769363 144.844596)

LINESTRING (118.013124 124.197021, 116.655678 124.026159)

LINESTRING (118.013124 124.197021, 156.579486 135.359476)

LINESTRING (113.681415 113.075409, 167.815211 155.708892)

LINESTRING (113.681415 113.075409, 106.630606 169.374266)

LINESTRING (113.681415 113.075409, 152.918201 162.736337)

LINESTRING (113.681415 113.075409, 161.321315 152.922367)

LINESTRING (113.681415 113.075409, 151.455753 113.440241)

LINESTRING (113.681415 113.075409, 139.523014 141.210281)

LINESTRING (113.681415 113.075409, 165.353148 104.017367)

LINESTRING (113.681415 113.075409, 163.987198 132.614791)

LINESTRING (113.681415 113.075409, 171.464496 179.083860)

LINESTRING (113.681415 113.075409, 132.076079 119.075754)

LINESTRING (113.681415 113.075409, 124.644280 168.406221)

LINESTRING (113.681415 113.075409, 153.087677 161.806901)

LINESTRING (113.681415 113.075409, 159.651216 171.881096)

LINESTRING (113.681415 113.075409, 121.223845 113.183264)

LINESTRING (113.681415 113.075409, 103.548727 118.660757)

LINESTRING (113.681415 113.075409, 154.816077 156.079704)

LINESTRING (113.681415 113.075409, 115.137040 115.369524)

LINESTRING (113.681415 113.075409, 162.590252 171.100666)

LINESTRING (113.681415 113.075409, 129.894135 103.599666)

LINESTRING (113.681415 113.075409, 116.655678 124.026159)

LINESTRING (113.681415 113.075409, 156.579486 135.359476)

LINESTRING (113.681415 113.075409, 121.058532 145.810822)

LINESTRING (167.815211 155.708892, 106.630606 169.374266)

LINESTRING (167.815211 155.708892, 161.321315 152.922367)

LINESTRING (167.815211 155.708892, 151.455753 113.440241)

LINESTRING (167.815211 155.708892, 139.523014 141.210281)

LINESTRING (167.815211 155.708892, 165.353148 104.017367)

LINESTRING (167.815211 155.708892, 140.328569 111.593748)

LINESTRING (167.815211 155.708892, 163.987198 132.614791)

LINESTRING (167.815211 155.708892, 110.439950 158.666518)

LINESTRING (167.815211 155.708892, 171.464496 179.083860)

LINESTRING (167.815211 155.708892, 129.663560 141.103045)

LINESTRING (167.815211 155.708892, 162.282920 133.395024)

LINESTRING (167.815211 155.708892, 146.158776 172.778140)

LINESTRING (167.815211 155.708892, 159.651216 171.881096)

LINESTRING (167.815211 155.708892, 115.977561 177.129371)

LINESTRING (167.815211 155.708892, 121.223845 113.183264)

LINESTRING (167.815211 155.708892, 103.548727 118.660757)

LINESTRING (167.815211 155.708892, 115.137040 115.369524)

LINESTRING (167.815211 155.708892, 129.894135 103.599666)

LINESTRING (167.815211 155.708892, 137.769363 144.844596)

LINESTRING (167.815211 155.708892, 116.655678 124.026159)

LINESTRING (167.815211 155.708892, 156.579486 135.359476)

LINESTRING (167.815211 155.708892, 121.058532 145.810822)

LINESTRING (106.630606 169.374266, 152.918201 162.736337)

LINESTRING (106.630606 169.374266, 151.065408 151.185329)

LINESTRING (106.630606 169.374266, 151.455753 113.440241)

LINESTRING (106.630606 169.374266, 139.523014 141.210281)

LINESTRING (106.630606 169.374266, 140.328569 111.593748)

LINESTRING (106.630606 169.374266, 163.987198 132.614791)

LINESTRING (106.630606 169.374266, 110.439950 158.666518)

LINESTRING (106.630606 169.374266, 132.076079 119.075754)

LINESTRING (106.630606 169.374266, 124.644280 168.406221)

LINESTRING (106.630606 169.374266, 162.282920 133.395024)

LINESTRING (106.630606 169.374266, 146.158776 172.778140)

LINESTRING (106.630606 169.374266, 159.651216 171.881096)

LINESTRING (106.630606 169.374266, 121.223845 113.183264)

LINESTRING (106.630606 169.374266, 103.548727 118.660757)

LINESTRING (106.630606 169.374266, 154.816077 156.079704)

LINESTRING (106.630606 169.374266, 115.137040 115.369524)

LINESTRING (106.630606 169.374266, 162.590252 171.100666)

LINESTRING (106.630606 169.374266, 129.894135 103.599666)

LINESTRING (106.630606 169.374266, 137.769363 144.844596)

LINESTRING (106.630606 169.374266, 116.655678 124.026159)

LINESTRING (106.630606 169.374266, 156.579486 135.359476)

LINESTRING (106.630606 169.374266, 121.058532 145.810822)

LINESTRING (152.918201 162.736337, 151.065408 151.185329)

LINESTRING (152.918201 162.736337, 161.321315 152.922367)

LINESTRING (152.918201 162.736337, 151.455753 113.440241)

LINESTRING (152.918201 162.736337, 139.523014 141.210281)

LINESTRING (152.918201 162.736337, 165.353148 104.017367)

LINESTRING (152.918201 162.736337, 140.328569 111.593748)

LINESTRING (152.918201 162.736337, 163.987198 132.614791)

LINESTRING (152.918201 162.736337, 110.439950 158.666518)

LINESTRING (152.918201 162.736337, 132.076079 119.075754)

LINESTRING (152.918201 162.736337, 124.644280 168.406221)

LINESTRING (152.918201 162.736337, 129.663560 141.103045)

LINESTRING (152.918201 162.736337, 162.282920 133.395024)

LINESTRING (152.918201 162.736337, 146.158776 172.778140)

LINESTRING (152.918201 162.736337, 153.087677 161.806901)

LINESTRING (152.918201 162.736337, 159.651216 171.881096)

LINESTRING (152.918201 162.736337, 115.977561 177.129371)

LINESTRING (152.918201 162.736337, 121.223845 113.183264)

LINESTRING (152.918201 162.736337, 103.548727 118.660757)

LINESTRING (152.918201 162.736337, 115.137040 115.369524)

LINESTRING (152.918201 162.736337, 162.590252 171.100666)

LINESTRING (152.918201 162.736337, 129.894135 103.599666)

LINESTRING (152.918201 162.736337, 137.769363 144.844596)

LINESTRING (152.918201 162.736337, 116.655678 124.026159)

LINESTRING (152.918201 162.736337, 156.579486 135.359476)

LINESTRING (152.918201 162.736337, 121.058532 145.810822)

LINESTRING (151.065408 151.185329, 161.321315 152.922367)

LINESTRING (151.065408 151.185329, 151.455753 113.440241)

LINESTRING (151.065408 151.185329, 139.523014 141.210281)

LINESTRING (151.065408 151.185329, 165.353148 104.017367)

LINESTRING (151.065408 151.185329, 140.328569 111.593748)

LINESTRING (151.065408 151.185329, 163.987198 132.614791)

LINESTRING (151.065408 151.185329, 171.464496 179.083860)

LINESTRING (151.065408 151.185329, 132.076079 119.075754)

LINESTRING (151.065408 151.185329, 124.644280 168.406221)

LINESTRING (151.065408 151.185329, 129.663560 141.103045)

LINESTRING (151.065408 151.185329, 162.282920 133.395024)

LINESTRING (151.065408 151.185329, 146.158776 172.778140)

LINESTRING (151.065408 151.185329, 153.087677 161.806901)

LINESTRING (151.065408 151.185329, 159.651216 171.881096)

LINESTRING (151.065408 151.185329, 115.977561 177.129371)

LINESTRING (151.065408 151.185329, 154.816077 156.079704)

LINESTRING (151.065408 151.185329, 115.137040 115.369524)

LINESTRING (151.065408 151.185329, 162.590252 171.100666)

LINESTRING (151.065408 151.185329, 129.894135 103.599666)

LINESTRING (151.065408 151.185329, 137.769363 144.844596)

LINESTRING (151.065408 151.185329, 116.655678 124.026159)

LINESTRING (151.065408 151.185329, 156.579486 135.359476)

LINESTRING (151.065408 151.185329, 121.058532 145.810822)

LINESTRING (161.321315 152.922367, 151.455753 113.440241)

LINESTRING (161.321315 152.922367, 139.523014 141.210281)

LINESTRING (161.321315 152.922367, 165.353148 104.017367)

LINESTRING (161.321315 152.922367, 140.328569 111.593748)

LINESTRING (161.321315 152.922367, 163.987198 132.614791)

LINESTRING (161.321315 152.922367, 110.439950 158.666518)

LINESTRING (161.321315 152.922367, 132.076079 119.075754)

LINESTRING (161.321315 152.922367, 124.644280 168.406221)

LINESTRING (161.321315 152.922367, 129.663560 141.103045)

LINESTRING (161.321315 152.922367, 162.282920 133.395024)

LINESTRING (161.321315 152.922367, 146.158776 172.778140)

LINESTRING (161.321315 152.922367, 153.087677 161.806901)

LINESTRING (161.321315 152.922367, 159.651216 171.881096)

LINESTRING (161.321315 152.922367, 115.977561 177.129371)

LINESTRING (161.321315 152.922367, 103.548727 118.660757)

LINESTRING (161.321315 152.922367, 154.816077 156.079704)

LINESTRING (161.321315 152.922367, 115.137040 115.369524)

LINESTRING (161.321315 152.922367, 162.590252 171.100666)

LINESTRING (161.321315 152.922367, 129.894135 103.599666)

LINESTRING (161.321315 152.922367, 137.769363 144.844596)

LINESTRING (161.321315 152.922367, 156.579486 135.359476)

LINESTRING (161.321315 152.922367, 121.058532 145.810822)

LINESTRING (151.455753 113.440241, 139.523014 141.210281)

LINESTRING (151.455753 113.440241, 165.353148 104.017367)

LINESTRING (151.455753 113.440241, 140.328569 111.593748)

LINESTRING (151.455753 113.440241, 163.987198 132.614791)

LINESTRING (151.455753 113.440241, 110.439950 158.666518)

LINESTRING (151.455753 113.440241, 171.464496 179.083860)

LINESTRING (151.455753 113.440241, 132.076079 119.075754)

LINESTRING (151.455753 113.440241, 124.644280 168.406221)

LINESTRING (151.455753 113.440241, 129.663560 141.103045)

LINESTRING (151.455753 113.440241, 162.282920 133.395024)

LINESTRING (151.455753 113.440241, 153.087677 161.806901)

LINESTRING (151.455753 113.440241, 159.651216 171.881096)

LINESTRING (151.455753 113.440241, 115.977561 177.129371)

LINESTRING (151.455753 113.440241, 121.223845 113.183264)

LINESTRING (151.455753 113.440241, 103.548727 118.660757)

LINESTRING (151.455753 113.440241, 154.816077 156.079704)

LINESTRING (151.455753 113.440241, 162.590252 171.100666)

LINESTRING (151.455753 113.440241, 129.894135 103.599666)

LINESTRING (151.455753 113.440241, 116.655678 124.026159)

LINESTRING (151.455753 113.440241, 156.579486 135.359476)

LINESTRING (151.455753 113.440241, 121.058532 145.810822)

LINESTRING (139.523014 141.210281, 165.353148 104.017367)

LINESTRING (139.523014 141.210281, 140.328569 111.593748)

LINESTRING (139.523014 141.210281, 110.439950 158.666518)

LINESTRING (139.523014 141.210281, 171.464496 179.083860)

LINESTRING (139.523014 141.210281, 132.076079 119.075754)

LINESTRING (139.523014 141.210281, 129.663560 141.103045)

LINESTRING (139.523014 141.210281, 162.282920 133.395024)

LINESTRING (139.523014 141.210281, 146.158776 172.778140)

LINESTRING (139.523014 141.210281, 153.087677 161.806901)

LINESTRING (139.523014 141.210281, 159.651216 171.881096)

LINESTRING (139.523014 141.210281, 115.977561 177.129371)

LINESTRING (139.523014 141.210281, 121.223845 113.183264)

LINESTRING (139.523014 141.210281, 103.548727 118.660757)

LINESTRING (139.523014 141.210281, 154.816077 156.079704)

LINESTRING (139.523014 141.210281, 162.590252 171.100666)

LINESTRING (139.523014 141.210281, 129.894135 103.599666)

LINESTRING (139.523014 141.210281, 137.769363 144.844596)

LINESTRING (139.523014 141.210281, 116.655678 124.026159)

LINESTRING (139.523014 141.210281, 156.579486 135.359476)

LINESTRING (139.523014 141.210281, 121.058532 145.810822)

LINESTRING (165.353148 104.017367, 140.328569 111.593748)

LINESTRING (165.353148 104.017367, 110.439950 158.666518)

LINESTRING (165.353148 104.017367, 132.076079 119.075754)

LINESTRING (165.353148 104.017367, 124.644280 168.406221)

LINESTRING (165.353148 104.017367, 162.282920 133.395024)

LINESTRING (165.353148 104.017367, 146.158776 172.778140)

LINESTRING (165.353148 104.017367, 153.087677 161.806901)

LINESTRING (165.353148 104.017367, 159.651216 171.881096)

LINESTRING (165.353148 104.017367, 115.977561 177.129371)

LINESTRING (165.353148 104.017367, 121.223845 113.183264)

LINESTRING (165.353148 104.017367, 103.548727 118.660757)

LINESTRING (165.353148 104.017367, 154.816077 156.079704)

LINESTRING (165.353148 104.017367, 115.137040 115.369524)

LINESTRING (165.353148 104.017367, 129.894135 103.599666)

LINESTRING (165.353148 104.017367, 137.769363 144.844596)

LINESTRING (165.353148 104.017367, 116.655678 124.026159)

LINESTRING (165.353148 104.017367, 156.579486 135.359476)

LINESTRING (140.328569 111.593748, 163.987198 132.614791)

LINESTRING (140.328569 111.593748, 171.464496 179.083860)

LINESTRING (140.328569 111.593748, 132.076079 119.075754)

LINESTRING (140.328569 111.593748, 124.644280 168.406221)

LINESTRING (140.328569 111.593748, 129.663560 141.103045)

LINESTRING (140.328569 111.593748, 162.282920 133.395024)

LINESTRING (140.328569 111.593748, 146.158776 172.778140)

LINESTRING (140.328569 111.593748, 153.087677 161.806901)

LINESTRING (140.328569 111.593748, 159.651216 171.881096)

LINESTRING (140.328569 111.593748, 115.977561 177.129371)

LINESTRING (140.328569 111.593748, 103.548727 118.660757)

LINESTRING (140.328569 111.593748, 154.816077 156.079704)

LINESTRING (140.328569 111.593748, 115.137040 115.369524)

LINESTRING (140.328569 111.593748, 162.590252 171.100666)

LINESTRING (140.328569 111.593748, 129.894135 103.599666)

LINESTRING (140.328569 111.593748, 137.769363 144.844596)

LINESTRING (140.328569 111.593748, 116.655678 124.026159)

LINESTRING (140.328569 111.593748, 121.058532 145.810822)

LINESTRING (163.987198 132.614791, 171.464496 179.083860)

LINESTRING (163.987198 132.614791, 132.076079 119.075754)

LINESTRING (163.987198 132.614791, 129.663560 141.103045)

LINESTRING (163.987198 132.614791, 162.282920 133.395024)

LINESTRING (163.987198 132.614791, 153.087677 161.806901)

LINESTRING (163.987198 132.614791, 115.977561 177.129371)

LINESTRING (163.987198 132.614791, 103.548727 118.660757)

LINESTRING (163.987198 132.614791, 154.816077 156.079704)

LINESTRING (163.987198 132.614791, 115.137040 115.369524)

LINESTRING (163.987198 132.614791, 129.894135 103.599666)

LINESTRING (163.987198 132.614791, 116.655678 124.026159)

LINESTRING (163.987198 132.614791, 156.579486 135.359476)

LINESTRING (110.439950 158.666518, 132.076079 119.075754)

LINESTRING (110.439950 158.666518, 124.644280 168.406221)

LINESTRING (110.439950 158.666518, 129.663560 141.103045)

LINESTRING (110.439950 158.666518, 162.282920 133.395024)

LINESTRING (110.439950 158.666518, 146.158776 172.778140)

LINESTRING (110.439950 158.666518, 153.087677 161.806901)

LINESTRING (110.439950 158.666518, 159.651216 171.881096)

LINESTRING (110.439950 158.666518, 115.977561 177.129371)

LINESTRING (110.439950 158.666518, 121.223845 113.183264)

LINESTRING (110.439950 158.666518, 103.548727 118.660757)

LINESTRING (110.439950 158.666518, 154.816077 156.079704)

LINESTRING (110.439950 158.666518, 115.137040 115.369524)

LINESTRING (110.439950 158.666518, 129.894135 103.599666)

LINESTRING (110.439950 158.666518, 137.769363 144.844596)

LINESTRING (110.439950 158.666518, 116.655678 124.026159)

LINESTRING (110.439950 158.666518, 156.579486 135.359476)

LINESTRING (110.439950 158.666518, 121.058532 145.810822)

LINESTRING (171.464496 179.083860, 132.076079 119.075754)

LINESTRING (171.464496 179.083860, 124.644280 168.406221)

LINESTRING (171.464496 179.083860, 129.663560 141.103045)

LINESTRING (171.464496 179.083860, 162.282920 133.395024)

LINESTRING (171.464496 179.083860, 153.087677 161.806901)

LINESTRING (171.464496 179.083860, 159.651216 171.881096)

LINESTRING (171.464496 179.083860, 115.977561 177.129371)

LINESTRING (171.464496 179.083860, 103.548727 118.660757)

LINESTRING (171.464496 179.083860, 154.816077 156.079704)

LINESTRING (171.464496 179.083860, 115.137040 115.369524)

LINESTRING (171.464496 179.083860, 162.590252 171.100666)

LINESTRING (171.464496 179.083860, 129.894135 103.599666)

LINESTRING (171.464496 179.083860, 137.769363 144.844596)

LINESTRING (171.464496 179.083860, 116.655678 124.026159)

LINESTRING (171.464496 179.083860, 156.579486 135.359476)

LINESTRING (171.464496 179.083860, 121.058532 145.810822)

LINESTRING (132.076079 119.075754, 129.663560 141.103045)

LINESTRING (132.076079 119.075754, 162.282920 133.395024)

LINESTRING (132.076079 119.075754, 146.158776 172.778140)

LINESTRING (132.076079 119.075754, 153.087677 161.806901)

LINESTRING (132.076079 119.075754, 159.651216 171.881096)

LINESTRING (132.076079 119.075754, 115.977561 177.129371)

LINESTRING (132.076079 119.075754, 121.223845 113.183264)

LINESTRING (132.076079 119.075754, 103.548727 118.660757)

LINESTRING (132.076079 119.075754, 154.816077 156.079704)

LINESTRING (132.076079 119.075754, 115.137040 115.369524)

LINESTRING (132.076079 119.075754, 162.590252 171.100666)

LINESTRING (132.076079 119.075754, 137.769363 144.844596)

LINESTRING (132.076079 119.075754, 116.655678 124.026159)

LINESTRING (132.076079 119.075754, 156.579486 135.359476)

LINESTRING (124.644280 168.406221, 129.663560 141.103045)

LINESTRING (124.644280 168.406221, 162.282920 133.395024)

LINESTRING (124.644280 168.406221, 146.158776 172.778140)

LINESTRING (124.644280 168.406221, 153.087677 161.806901)

LINESTRING (124.644280 168.406221, 159.651216 171.881096)

LINESTRING (124.644280 168.406221, 115.977561 177.129371)

LINESTRING (124.644280 168.406221, 121.223845 113.183264)

LINESTRING (124.644280 168.406221, 154.816077 156.079704)

LINESTRING (124.644280 168.406221, 115.137040 115.369524)

LINESTRING (124.644280 168.406221, 162.590252 171.100666)

LINESTRING (124.644280 168.406221, 129.894135 103.599666)

LINESTRING (124.644280 168.406221, 137.769363 144.844596)

LINESTRING (124.644280 168.406221, 116.655678 124.026159)

LINESTRING (124.644280 168.406221, 156.579486 135.359476)

LINESTRING (124.644280 168.406221, 121.058532 145.810822)

LINESTRING (129.663560 141.103045, 162.282920 133.395024)

LINESTRING (129.663560 141.103045, 146.158776 172.778140)

LINESTRING (129.663560 141.103045, 159.651216 171.881096)

LINESTRING (129.663560 141.103045, 115.977561 177.129371)

LINESTRING (129.663560 141.103045, 121.223845 113.183264)

LINESTRING (129.663560 141.103045, 103.548727 118.660757)

LINESTRING (129.663560 141.103045, 154.816077 156.079704)

LINESTRING (129.663560 141.103045, 115.137040 115.369524)

LINESTRING (129.663560 141.103045, 129.894135 103.599666)

LINESTRING (129.663560 141.103045, 137.769363 144.844596)

LINESTRING (129.663560 141.103045, 116.655678 124.026159)

LINESTRING (129.663560 141.103045, 156.579486 135.359476)

LINESTRING (129.663560 141.103045, 121.058532 145.810822)

LINESTRING (162.282920 133.395024, 146.158776 172.778140)

LINESTRING (162.282920 133.395024, 153.087677 161.806901)

LINESTRING (162.282920 133.395024, 159.651216 171.881096)

LINESTRING (162.282920 133.395024, 115.977561 177.129371)

LINESTRING (162.282920 133.395024, 121.223845 113.183264)

LINESTRING (162.282920 133.395024, 103.548727 118.660757)

LINESTRING (162.282920 133.395024, 154.816077 156.079704)

LINESTRING (162.282920 133.395024, 115.137040 115.369524)

LINESTRING (162.282920 133.395024, 162.590252 171.100666)

LINESTRING (162.282920 133.395024, 129.894135 103.599666)

LINESTRING (162.282920 133.395024, 137.769363 144.844596)

LINESTRING (162.282920 133.395024, 116.655678 124.026159)

LINESTRING (162.282920 133.395024, 156.579486 135.359476)

LINESTRING (162.282920 133.395024, 121.058532 145.810822)

LINESTRING (146.158776 172.778140, 153.087677 161.806901)

LINESTRING (146.158776 172.778140, 159.651216 171.881096)

LINESTRING (146.158776 172.778140, 115.977561 177.129371)

LINESTRING (146.158776 172.778140, 121.223845 113.183264)

LINESTRING (146.158776 172.778140, 103.548727 118.660757)

LINESTRING (146.158776 172.778140, 154.816077 156.079704)

LINESTRING (146.158776 172.778140, 115.137040 115.369524)

LINESTRING (146.158776 172.778140, 162.590252 171.100666)

LINESTRING (146.158776 172.778140, 137.769363 144.844596)

LINESTRING (146.158776 172.778140, 116.655678 124.026159)

LINESTRING (146.158776 172.778140, 156.579486 135.359476)

LINESTRING (146.158776 172.778140, 121.058532 145.810822)

LINESTRING (153.087677 161.806901, 159.651216 171.881096)

LINESTRING (153.087677 161.806901, 115.977561 177.129371)

LINESTRING (153.087677 161.806901, 121.223845 113.183264)

LINESTRING (153.087677 161.806901, 103.548727 118.660757)

LINESTRING (153.087677 161.806901, 154.816077 156.079704)

LINESTRING (153.087677 161.806901, 115.137040 115.369524)

LINESTRING (153.087677 161.806901, 129.894135 103.599666)

LINESTRING (153.087677 161.806901, 137.769363 144.844596)

LINESTRING (153.087677 161.806901, 121.058532 145.810822)

LINESTRING (159.651216 171.881096, 115.977561 177.129371)

LINESTRING (159.651216 171.881096, 121.223845 113.183264)

LINESTRING (159.651216 171.881096, 103.548727 118.660757)

LINESTRING (159.651216 171.881096, 115.137040 115.369524)

LINESTRING (159.651216 171.881096, 129.894135 103.599666)

LINESTRING (159.651216 171.881096, 137.769363 144.844596)

LINESTRING (159.651216 171.881096, 156.579486 135.359476)

LINESTRING (115.977561 177.129371, 103.548727 118.660757)

LINESTRING (115.977561 177.129371, 154.816077 156.079704)

LINESTRING (115.977561 177.129371, 115.137040 115.369524)

LINESTRING (115.977561 177.129371, 162.590252 171.100666)

LINESTRING (115.977561 177.129371, 129.894135 103.599666)

LINESTRING (115.977561 177.129371, 137.769363 144.844596)

LINESTRING (115.977561 177.129371, 116.655678 124.026159)

LINESTRING (115.977561 177.129371, 121.058532 145.810822)

LINESTRING (121.223845 113.183264, 103.548727 118.660757)

LINESTRING (121.223845 113.183264, 154.816077 156.079704)

LINESTRING (121.223845 113.183264, 115.137040 115.369524)

LINESTRING (121.223845 113.183264, 129.894135 103.599666)

LINESTRING (121.223845 113.183264, 137.769363 144.844596)

LINESTRING (121.223845 113.183264, 116.655678 124.026159)

LINESTRING (121.223845 113.183264, 156.579486 135.359476)

LINESTRING (121.223845 113.183264, 121.058532 145.810822)

LINESTRING (103.548727 118.660757, 115.137040 115.369524)

LINESTRING (103.548727 118.660757, 162.590252 171.100666)

LINESTRING (103.548727 118.660757, 129.894135 103.599666)

LINESTRING (103.548727 118.660757, 137.769363 144.844596)

LINESTRING (103.548727 118.660757, 156.579486 135.359476)

LINESTRING (103.548727 118.660757, 121.058532 145.810822)

LINESTRING (154.816077 156.079704, 115.137040 115.369524)

LINESTRING (154.816077 156.079704, 137.769363 144.844596)

LINESTRING (154.816077 156.079704, 116.655678 124.026159)

LINESTRING (154.816077 156.079704, 121.058532 145.810822)

LINESTRING (115.137040 115.369524, 162.590252 171.100666)

LINESTRING (115.137040 115.369524, 129.894135 103.599666)

LINESTRING (115.137040 115.369524, 137.769363 144.844596)

LINESTRING (115.137040 115.369524, 116.655678 124.026159)

LINESTRING (115.137040 115.369524, 156.579486 135.359476)

LINESTRING (115.137040 115.369524, 121.058532 145.810822)

LINESTRING (162.590252 171.100666, 129.894135 103.599666)

LINESTRING (162.590252 171.100666, 137.769363 144.844596)

LINESTRING (162.590252 171.100666, 116.655678 124.026159)

LINESTRING (162.590252 171.100666, 156.579486 135.359476)

LINESTRING (162.590252 171.100666, 121.058532 145.810822)

LINESTRING (129.894135 103.599666, 137.769363 144.844596)

LINESTRING (129.894135 103.599666, 116.655678 124.026159)

LINESTRING (129.894135 103.599666, 156.579486 135.359476)

LINESTRING (129.894135 103.599666, 121.058532 145.810822)

LINESTRING (137.769363 144.844596, 121.058532 145.810822)

LINESTRING (116.655678 124.026159, 121.058532 145.810822)

LINESTRING (156.579486 135.359476, 121.058532 145.810822)

LINESTRING (455.282152 124.561302, 452.093714 114.799521)

LINESTRING (455.282152 124.561302, 509.537813 154.313177)

LINESTRING (455.282152 124.561302, 462.828371 154.918258)

LINESTRING (455.282152 124.561302, 474.264456 104.367000)

LINESTRING (455.282152 124.561302, 452.488604 170.912453)

LINESTRING (455.282152 124.561302, 488.135604 116.532846)

LINESTRING (455.282152 124.561302, 515.650852 173.337453)

LINESTRING (455.282152 124.561302, 509.755065 173.451401)

LINESTRING (455.282152 124.561302, 517.813249 109.450725)

LINESTRING (455.282152 124.561302, 485.005876 131.128809)

LINESTRING (455.282152 124.561302, 483.139388 164.057779)

LINESTRING (455.282152 124.561302, 507.902910 142.691519)

LINESTRING (455.282152 124.561302, 487.666000 109.873760)

LINESTRING (455.282152 124.561302, 465.995348 138.088810)

LINESTRING (455.282152 124.561302, 520.550199 110.343011)

LINESTRING (455.282152 124.561302, 470.817320 134.214986)

LINESTRING (455.282152 124.561302, 495.119602 109.164561)

LINESTRING (455.282152 124.561302, 483.106411 142.485351)

LINESTRING (455.282152 124.561302, 510.209053 144.358444)

LINESTRING (455.282152 124.561302, 462.093068 133.969073)

LINESTRING (455.282152 124.561302, 518.027348 111.162238)

LINESTRING (455.282152 124.561302, 512.732123 108.116836)

LINESTRING (455.282152 124.561302, 495.296209 164.270944)

LINESTRING (455.282152 124.561302, 451.783675 133.007319)

LINESTRING (455.282152 124.561302, 490.392932 173.454284)

LINESTRING (455.282152 124.561302, 494.810494 165.897063)

LINESTRING (455.282152 124.561302, 478.472042 102.120292)

LINESTRING (455.282152 124.561302, 504.787071 124.044686)

LINESTRING (455.282152 124.561302, 524.385248 108.199761)

LINESTRING (455.282152 124.561302, 494.256291 166.695875)

LINESTRING (455.282152 124.561302, 468.531293 111.008019)

LINESTRING (455.282152 124.561302, 456.224769 146.814936)

LINESTRING (455.282152 124.561302, 492.582787 142.145254)

LINESTRING (455.282152 124.561302, 467.125776 145.660225)

LINESTRING (455.282152 124.561302, 492.549520 155.418698)

LINESTRING (455.282152 124.561302, 517.039423 159.306994)

LINESTRING (455.282152 124.561302, 506.620052 161.855821)

LINESTRING (455.282152 124.561302, 504.071562 117.081857)

LINESTRING (455.282152 124.561302, 472.730570 107.420210)

LINESTRING (455.282152 124.561302, 457.544069 109.096251)

LINESTRING (455.282152 124.561302, 522.282355 160.324741)

LINESTRING (455.282152 124.561302, 500.093272 165.007020)

LINESTRING (455.282152 124.561302, 469.316334 179.935428)

LINESTRING (455.282152 124.561302, 517.896656 169.866995)

LINESTRING (455.282152 124.561302, 453.000355 102.526323)

LINESTRING (455.282152 124.561302, 472.670764 178.054482)

LINESTRING (455.282152 124.561302, 453.626054 169.838500)

LINESTRING (452.093714 114.799521, 509.537813 154.313177)

LINESTRING (452.093714 114.799521, 462.828371 154.918258)

LINESTRING (452.093714 114.799521, 474.264456 104.367000)

LINESTRING (452.093714 114.799521, 488.135604 116.532846)

LINESTRING (452.093714 114.799521, 515.650852 173.337453)

LINESTRING (452.093714 114.799521, 509.755065 173.451401)

LINESTRING (452.093714 114.799521, 456.270055 110.878416)

LINESTRING (452.093714 114.799521, 517.813249 109.450725)

LINESTRING (452.093714 114.799521, 485.005876 131.128809)

LINESTRING (452.093714 114.799521, 528.862831 117.793313)

LINESTRING (452.093714 114.799521, 507.902910 142.691519)

LINESTRING (452.093714 114.799521, 487.666000 109.873760)

LINESTRING (452.093714 114.799521, 473.696779 104.071925)

LINESTRING (452.093714 114.799521, 453.099822 137.871019)

LINESTRING (452.093714 114.799521, 465.995348 138.088810)

LINESTRING (452.093714 114.799521, 485.688887 124.019557)

LINESTRING (452.093714 114.799521, 520.550199 110.343011)

LINESTRING (452.093714 114.799521, 495.119602 109.164561)

LINESTRING (452.093714 114.799521, 462.093068 133.969073)

LINESTRING (452.093714 114.799521, 518.027348 111.162238)

LINESTRING (452.093714 114.799521, 505.022781 157.793789)

LINESTRING (452.093714 114.799521, 451.783675 133.007319)

LINESTRING (452.093714 114.799521, 490.392932 173.454284)

LINESTRING (452.093714 114.799521, 494.810494 165.897063)

LINESTRING (452.093714 114.799521, 462.837975 105.261366)

LINESTRING (452.093714 114.799521, 504.787071 124.044686)

LINESTRING (452.093714 114.799521, 524.385248 108.199761)

LINESTRING (452.093714 114.799521, 494.256291 166.695875)

LINESTRING (452.093714 114.799521, 468.531293 111.008019)

LINESTRING (452.093714 114.799521, 456.224769 146.814936)

LINESTRING (452.093714 114.799521, 467.125776 145.660225)

LINESTRING (452.093714 114.799521, 492.123773 178.390964)

LINESTRING (452.093714 114.799521, 492.549520 155.418698)

LINESTRING (452.093714 114.799521, 517.039423 159.306994)

LINESTRING (452.093714 114.799521, 506.620052 161.855821)

LINESTRING (452.093714 114.799521, 504.071562 117.081857)

LINESTRING (452.093714 114.799521, 472.730570 107.420210)

LINESTRING (452.093714 114.799521, 457.544069 109.096251)

LINESTRING (452.093714 114.799521, 522.282355 160.324741)

LINESTRING (452.093714 114.799521, 488.912022 150.284872)

LINESTRING (452.093714 114.799521, 500.093272 165.007020)

LINESTRING (452.093714 114.799521, 469.316334 179.935428)

LINESTRING (452.093714 114.799521, 517.896656 169.866995)

LINESTRING (452.093714 114.799521, 453.000355 102.526323)

LINESTRING (452.093714 114.799521, 472.670764 178.054482)

LINESTRING (452.093714 114.799521, 453.626054 169.838500)

LINESTRING (509.537813 154.313177, 462.828371 154.918258)

LINESTRING (509.537813 154.313177, 474.264456 104.367000)

LINESTRING (509.537813 154.313177, 452.488604 170.912453)

LINESTRING (509.537813 154.313177, 488.135604 116.532846)

LINESTRING (509.537813 154.313177, 515.650852 173.337453)

LINESTRING (509.537813 154.313177, 456.270055 110.878416)

LINESTRING (509.537813 154.313177, 517.813249 109.450725)

LINESTRING (509.537813 154.313177, 485.005876 131.128809)

LINESTRING (509.537813 154.313177, 483.139388 164.057779)

LINESTRING (509.537813 154.313177, 528.862831 117.793313)

LINESTRING (509.537813 154.313177, 507.902910 142.691519)

LINESTRING (509.537813 154.313177, 487.666000 109.873760)

LINESTRING (509.537813 154.313177, 473.696779 104.071925)

LINESTRING (509.537813 154.313177, 453.099822 137.871019)

LINESTRING (509.537813 154.313177, 465.995348 138.088810)

LINESTRING (509.537813 154.313177, 485.688887 124.019557)

LINESTRING (509.537813 154.313177, 520.550199 110.343011)

LINESTRING (509.537813 154.313177, 470.817320 134.214986)

LINESTRING (509.537813 154.313177, 495.119602 109.164561)

LINESTRING (509.537813 154.313177, 461.721824 142.196261)

LINESTRING (509.537813 154.313177, 483.106411 142.485351)

LINESTRING (509.537813 154.313177, 510.209053 144.358444)

LINESTRING (509.537813 154.313177, 462.093068 133.969073)

LINESTRING (509.537813 154.313177, 518.027348 111.162238)

LINESTRING (509.537813 154.313177, 505.022781 157.793789)

LINESTRING (509.537813 154.313177, 512.732123 108.116836)

LINESTRING (509.537813 154.313177, 495.296209 164.270944)

LINESTRING (509.537813 154.313177, 451.783675 133.007319)

LINESTRING (509.537813 154.313177, 490.392932 173.454284)

LINESTRING (509.537813 154.313177, 494.810494 165.897063)

LINESTRING (509.537813 154.313177, 478.472042 102.120292)

LINESTRING (509.537813 154.313177, 480.756844 169.791712)

LINESTRING (509.537813 154.313177, 524.385248 108.199761)

LINESTRING (509.537813 154.313177, 494.256291 166.695875)

LINESTRING (509.537813 154.313177, 468.531293 111.008019)

LINESTRING (509.537813 154.313177, 456.224769 146.814936)

LINESTRING (509.537813 154.313177, 468.776485 163.823245)

LINESTRING (509.537813 154.313177, 492.582787 142.145254)

LINESTRING (509.537813 154.313177, 467.125776 145.660225)

LINESTRING (509.537813 154.313177, 492.549520 155.418698)

LINESTRING (509.537813 154.313177, 506.620052 161.855821)

LINESTRING (509.537813 154.313177, 504.071562 117.081857)

LINESTRING (509.537813 154.313177, 472.730570 107.420210)

LINESTRING (509.537813 154.313177, 522.282355 160.324741)

LINESTRING (509.537813 154.313177, 469.316334 179.935428)

LINESTRING (509.537813 154.313177, 517.896656 169.866995)

LINESTRING (462.828371 154.918258, 488.135604 116.532846)

LINESTRING (462.828371 154.918258, 509.755065 173.451401)

LINESTRING (462.828371 154.918258, 456.270055 110.878416)

LINESTRING (462.828371 154.918258, 517.813249 109.450725)

LINESTRING (462.828371 154.918258, 485.005876 131.128809)

LINESTRING (462.828371 154.918258, 483.139388 164.057779)

LINESTRING (462.828371 154.918258, 528.862831 117.793313)

LINESTRING (462.828371 154.918258, 507.902910 142.691519)

LINESTRING (462.828371 154.918258, 487.666000 109.873760)

LINESTRING (462.828371 154.918258, 473.696779 104.071925)

LINESTRING (462.828371 154.918258, 453.099822 137.871019)

LINESTRING (462.828371 154.918258, 465.995348 138.088810)

LINESTRING (462.828371 154.918258, 485.688887 124.019557)

LINESTRING (462.828371 154.918258, 470.817320 134.214986)

LINESTRING (462.828371 154.918258, 495.119602 109.164561)

LINESTRING (462.828371 154.918258, 461.721824 142.196261)

LINESTRING (462.828371 154.918258, 510.209053 144.358444)

LINESTRING (462.828371 154.918258, 462.093068 133.969073)

LINESTRING (462.828371 154.918258, 518.027348 111.162238)

LINESTRING (462.828371 154.918258, 505.022781 157.793789)

LINESTRING (462.828371 154.918258, 512.732123 108.116836)

LINESTRING (462.828371 154.918258, 495.296209 164.270944)

LINESTRING (462.828371 154.918258, 451.783675 133.007319)

LINESTRING (462.828371 154.918258, 494.810494 165.897063)

LINESTRING (462.828371 154.918258, 462.837975 105.261366)

LINESTRING (462.828371 154.918258, 504.787071 124.044686)

LINESTRING (462.828371 154.918258, 480.756844 169.791712)

LINESTRING (462.828371 154.918258, 524.385248 108.199761)

LINESTRING (462.828371 154.918258, 494.256291 166.695875)

LINESTRING (462.828371 154.918258, 468.531293 111.008019)

LINESTRING (462.828371 154.918258, 456.224769 146.814936)

LINESTRING (462.828371 154.918258, 468.776485 163.823245)

LINESTRING (462.828371 154.918258, 492.582787 142.145254)

LINESTRING (462.828371 154.918258, 467.125776 145.660225)

LINESTRING (462.828371 154.918258, 492.123773 178.390964)

LINESTRING (462.828371 154.918258, 492.549520 155.418698)

LINESTRING (462.828371 154.918258, 517.039423 159.306994)

LINESTRING (462.828371 154.918258, 506.620052 161.855821)

LINESTRING (462.828371 154.918258, 457.544069 109.096251)

LINESTRING (462.828371 154.918258, 522.282355 160.324741)

LINESTRING (462.828371 154.918258, 488.912022 150.284872)

LINESTRING (462.828371 154.918258, 500.093272 165.007020)

LINESTRING (462.828371 154.918258, 469.316334 179.935428)

LINESTRING (462.828371 154.918258, 517.896656 169.866995)

LINESTRING (462.828371 154.918258, 453.000355 102.526323)

LINESTRING (462.828371 154.918258, 472.670764 178.054482)

LINESTRING (462.828371 154.918258, 453.626054 169.838500)

LINESTRING (474.264456 104.367000, 452.488604 170.912453)

LINESTRING (474.264456 104.367000, 488.135604 116.532846)

LINESTRING (474.264456 104.367000, 515.650852 173.337453)

LINESTRING (474.264456 104.367000, 509.755065 173.451401)

LINESTRING (474.264456 104.367000, 456.270055 110.878416)

LINESTRING (474.264456 104.367000, 517.813249 109.450725)

LINESTRING (474.264456 104.367000, 485.005876 131.128809)

LINESTRING (474.264456 104.367000, 483.139388 164.057779)

LINESTRING (474.264456 104.367000, 528.862831 117.793313)

LINESTRING (474.264456 104.367000, 507.902910 142.691519)

LINESTRING (474.264456 104.367000, 487.666000 109.873760)

LINESTRING (474.264456 104.367000, 473.696779 104.071925)

LINESTRING (474.264456 104.367000, 453.099822 137.871019)

LINESTRING (474.264456 104.367000, 465.995348 138.088810)

LINESTRING (474.264456 104.367000, 485.688887 124.019557)

LINESTRING (474.264456 104.367000, 520.550199 110.343011)

LINESTRING (474.264456 104.367000, 470.817320 134.214986)

LINESTRING (474.264456 104.367000, 495.119602 109.164561)

LINESTRING (474.264456 104.367000, 483.106411 142.485351)

LINESTRING (474.264456 104.367000, 510.209053 144.358444)

LINESTRING (474.264456 104.367000, 462.093068 133.969073)

LINESTRING (474.264456 104.367000, 495.296209 164.270944)

LINESTRING (474.264456 104.367000, 451.783675 133.007319)

LINESTRING (474.264456 104.367000, 490.392932 173.454284)

LINESTRING (474.264456 104.367000, 494.810494 165.897063)

LINESTRING (474.264456 104.367000, 478.472042 102.120292)

LINESTRING (474.264456 104.367000, 480.756844 169.791712)

LINESTRING (474.264456 104.367000, 524.385248 108.199761)

LINESTRING (474.264456 104.367000, 494.256291 166.695875)

LINESTRING (474.264456 104.367000, 468.531293 111.008019)

LINESTRING (474.264456 104.367000, 456.224769 146.814936)

LINESTRING (474.264456 104.367000, 468.776485 163.823245)

LINESTRING (474.264456 104.367000, 492.582787 142.145254)

LINESTRING (474.264456 104.367000, 492.123773 178.390964)

LINESTRING (474.264456 104.367000, 492.549520 155.418698)

LINESTRING (474.264456 104.367000, 517.039423 159.306994)

LINESTRING (474.264456 104.367000, 506.620052 161.855821)

LINESTRING (474.264456 104.367000, 504.071562 117.081857)

LINESTRING (474.264456 104.367000, 472.730570 107.420210)

LINESTRING (474.264456 104.367000, 457.544069 109.096251)

LINESTRING (474.264456 104.367000, 522.282355 160.324741)

LINESTRING (474.264456 104.367000, 488.912022 150.284872)

LINESTRING (474.264456 104.367000, 469.316334 179.935428)

LINESTRING (474.264456 104.367000, 517.896656 169.866995)

LINESTRING (474.264456 104.367000, 453.000355 102.526323)

LINESTRING (474.264456 104.367000, 472.670764 178.054482)

LINESTRING (474.264456 104.367000, 453.626054 169.838500)

LINESTRING (452.488604 170.912453, 488.135604 116.532846)

LINESTRING (452.488604 170.912453, 509.755065 173.451401)

LINESTRING (452.488604 170.912453, 456.270055 110.878416)

LINESTRING (452.488604 170.912453, 517.813249 109.450725)

LINESTRING (452.488604 170.912453, 485.005876 131.128809)

LINESTRING (452.488604 170.912453, 483.139388 164.057779)

LINESTRING (452.488604 170.912453, 528.862831 117.793313)

LINESTRING (452.488604 170.912453, 507.902910 142.691519)

LINESTRING (452.488604 170.912453, 487.666000 109.873760)

LINESTRING (452.488604 170.912453, 473.696779 104.071925)

LINESTRING (452.488604 170.912453, 465.995348 138.088810)

LINESTRING (452.488604 170.912453, 485.688887 124.019557)

LINESTRING (452.488604 170.912453, 520.550199 110.343011)

LINESTRING (452.488604 170.912453, 495.119602 109.164561)

LINESTRING (452.488604 170.912453, 461.721824 142.196261)

LINESTRING (452.488604 170.912453, 483.106411 142.485351)

LINESTRING (452.488604 170.912453, 510.209053 144.358444)

LINESTRING (452.488604 170.912453, 518.027348 111.162238)

LINESTRING (452.488604 170.912453, 512.732123 108.116836)

LINESTRING (452.488604 170.912453, 490.392932 173.454284)

LINESTRING (452.488604 170.912453, 494.810494 165.897063)

LINESTRING (452.488604 170.912453, 462.837975 105.261366)

LINESTRING (452.488604 170.912453, 478.472042 102.120292)

LINESTRING (452.488604 170.912453, 504.787071 124.044686)

LINESTRING (452.488604 170.912453, 480.756844 169.791712)

LINESTRING (452.488604 170.912453, 494.256291 166.695875)

LINESTRING (452.488604 170.912453, 468.531293 111.008019)

LINESTRING (452.488604 170.912453, 456.224769 146.814936)

LINESTRING (452.488604 170.912453, 468.776485 163.823245)

LINESTRING (452.488604 170.912453, 492.582787 142.145254)

LINESTRING (452.488604 170.912453, 467.125776 145.660225)

LINESTRING (452.488604 170.912453, 492.123773 178.390964)

LINESTRING (452.488604 170.912453, 517.039423 159.306994)

LINESTRING (452.488604 170.912453, 506.620052 161.855821)

LINESTRING (452.488604 170.912453, 504.071562 117.081857)

LINESTRING (452.488604 170.912453, 472.730570 107.420210)

LINESTRING (452.488604 170.912453, 457.544069 109.096251)

LINESTRING (452.488604 170.912453, 522.282355 160.324741)

LINESTRING (452.488604 170.912453, 500.093272 165.007020)

LINESTRING (452.488604 170.912453, 517.896656 169.866995)

LINESTRING (452.488604 170.912453, 453.000355 102.526323)

LINESTRING (452.488604 170.912453, 472.670764 178.054482)

LINESTRING (452.488604 170.912453, 453.626054 169.838500)

LINESTRING (488.135604 116.532846, 515.650852 173.337453)

LINESTRING (488.135604 116.532846, 456.270055 110.878416)

LINESTRING (488.135604 116.532846, 517.813249 109.450725)

LINESTRING (488.135604 116.532846, 485.005876 131.128809)

LINESTRING (488.135604 116.532846, 528.862831 117.793313)

LINESTRING (488.135604 116.532846, 507.902910 142.691519)

LINESTRING (488.135604 116.532846, 487.666000 109.873760)

LINESTRING (488.135604 116.532846, 473.696779 104.071925)

LINESTRING (488.135604 116.532846, 453.099822 137.871019)

LINESTRING (488.135604 116.532846, 465.995348 138.088810)

LINESTRING (488.135604 116.532846, 485.688887 124.019557)

LINESTRING (488.135604 116.532846, 520.550199 110.343011)

LINESTRING (488.135604 116.532846, 495.119602 109.164561)

LINESTRING (488.135604 116.532846, 461.721824 142.196261)

LINESTRING (488.135604 116.532846, 510.209053 144.358444)

LINESTRING (488.135604 116.532846, 462.093068 133.969073)

LINESTRING (488.135604 116.532846, 518.027348 111.162238)

LINESTRING (488.135604 116.532846, 505.022781 157.793789)

LINESTRING (488.135604 116.532846, 512.732123 108.116836)

LINESTRING (488.135604 116.532846, 495.296209 164.270944)

LINESTRING (488.135604 116.532846, 490.392932 173.454284)

LINESTRING (488.135604 116.532846, 494.810494 165.897063)

LINESTRING (488.135604 116.532846, 462.837975 105.261366)

LINESTRING (488.135604 116.532846, 478.472042 102.120292)

LINESTRING (488.135604 116.532846, 504.787071 124.044686)

LINESTRING (488.135604 116.532846, 480.756844 169.791712)

LINESTRING (488.135604 116.532846, 524.385248 108.199761)

LINESTRING (488.135604 116.532846, 468.531293 111.008019)

LINESTRING (488.135604 116.532846, 456.224769 146.814936)

LINESTRING (488.135604 116.532846, 492.582787 142.145254)

LINESTRING (488.135604 116.532846, 467.125776 145.660225)

LINESTRING (488.135604 116.532846, 492.123773 178.390964)

LINESTRING (488.135604 116.532846, 517.039423 159.306994)

LINESTRING (488.135604 116.532846, 504.071562 117.081857)

LINESTRING (488.135604 116.532846, 457.544069 109.096251)

LINESTRING (488.135604 116.532846, 488.912022 150.284872)

LINESTRING (488.135604 116.532846, 500.093272 165.007020)

LINESTRING (488.135604 116.532846, 469.316334 179.935428)

LINESTRING (488.135604 116.532846, 517.896656 169.866995)

LINESTRING (488.135604 116.532846, 472.670764 178.054482)

LINESTRING (488.135604 116.532846, 453.626054 169.838500)

LINESTRING (515.650852 173.337453, 517.813249 109.450725)

LINESTRING (515.650852 173.337453, 485.005876 131.128809)

LINESTRING (515.650852 173.337453, 483.139388 164.057779)

LINESTRING (515.650852 173.337453, 507.902910 142.691519)

LINESTRING (515.650852 173.337453, 487.666000 109.873760)

LINESTRING (515.650852 173.337453, 453.099822 137.871019)

LINESTRING (515.650852 173.337453, 485.688887 124.019557)

LINESTRING (515.650852 173.337453, 520.550199 110.343011)

LINESTRING (515.650852 173.337453, 470.817320 134.214986)

LINESTRING (515.650852 173.337453, 495.119602 109.164561)

LINESTRING (515.650852 173.337453, 461.721824 142.196261)

LINESTRING (515.650852 173.337453, 483.106411 142.485351)

LINESTRING (515.650852 173.337453, 462.093068 133.969073)

LINESTRING (515.650852 173.337453, 518.027348 111.162238)

LINESTRING (515.650852 173.337453, 512.732123 108.116836)

LINESTRING (515.650852 173.337453, 495.296209 164.270944)

LINESTRING (515.650852 173.337453, 451.783675 133.007319)

LINESTRING (515.650852 173.337453, 490.392932 173.454284)

LINESTRING (515.650852 173.337453, 494.810494 165.897063)

LINESTRING (515.650852 173.337453, 478.472042 102.120292)

LINESTRING (515.650852 173.337453, 480.756844 169.791712)

LINESTRING (515.650852 173.337453, 524.385248 108.199761)

LINESTRING (515.650852 173.337453, 494.256291 166.695875)

LINESTRING (515.650852 173.337453, 468.531293 111.008019)

LINESTRING (515.650852 173.337453, 456.224769 146.814936)

LINESTRING (515.650852 173.337453, 492.123773 178.390964)

LINESTRING (515.650852 173.337453, 492.549520 155.418698)

LINESTRING (515.650852 173.337453, 517.039423 159.306994)

LINESTRING (515.650852 173.337453, 506.620052 161.855821)

LINESTRING (515.650852 173.337453, 504.071562 117.081857)

LINESTRING (515.650852 173.337453, 472.730570 107.420210)

LINESTRING (515.650852 173.337453, 522.282355 160.324741)

LINESTRING (515.650852 173.337453, 488.912022 150.284872)

LINESTRING (515.650852 173.337453, 500.093272 165.007020)

LINESTRING (515.650852 173.337453, 469.316334 179.935428)

LINESTRING (515.650852 173.337453, 517.896656 169.866995)

LINESTRING (515.650852 173.337453, 453.000355 102.526323)

LINESTRING (515.650852 173.337453, 472.670764 178.054482)

LINESTRING (515.650852 173.337453, 453.626054 169.838500)

LINESTRING (509.755065 173.451401, 456.270055 110.878416)

LINESTRING (509.755065 173.451401, 517.813249 109.450725)

LINESTRING (509.755065 173.451401, 485.005876 131.128809)

LINESTRING (509.755065 173.451401, 483.139388 164.057779)

LINESTRING (509.755065 173.451401, 528.862831 117.793313)

LINESTRING (509.755065 173.451401, 507.902910 142.691519)

LINESTRING (509.755065 173.451401, 473.696779 104.071925)

LINESTRING (509.755065 173.451401, 453.099822 137.871019)

LINESTRING (509.755065 173.451401, 465.995348 138.088810)

LINESTRING (509.755065 173.451401, 485.688887 124.019557)

LINESTRING (509.755065 173.451401, 520.550199 110.343011)

LINESTRING (509.755065 173.451401, 470.817320 134.214986)

LINESTRING (509.755065 173.451401, 495.119602 109.164561)

LINESTRING (509.755065 173.451401, 461.721824 142.196261)

LINESTRING (509.755065 173.451401, 510.209053 144.358444)

LINESTRING (509.755065 173.451401, 462.093068 133.969073)

LINESTRING (509.755065 173.451401, 518.027348 111.162238)

LINESTRING (509.755065 173.451401, 505.022781 157.793789)

LINESTRING (509.755065 173.451401, 512.732123 108.116836)

LINESTRING (509.755065 173.451401, 495.296209 164.270944)

LINESTRING (509.755065 173.451401, 451.783675 133.007319)

LINESTRING (509.755065 173.451401, 490.392932 173.454284)

LINESTRING (509.755065 173.451401, 478.472042 102.120292)

LINESTRING (509.755065 173.451401, 504.787071 124.044686)

LINESTRING (509.755065 173.451401, 524.385248 108.199761)

LINESTRING (509.755065 173.451401, 494.256291 166.695875)

LINESTRING (509.755065 173.451401, 468.531293 111.008019)

LINESTRING (509.755065 173.451401, 456.224769 146.814936)

LINESTRING (509.755065 173.451401, 468.776485 163.823245)

LINESTRING (509.755065 173.451401, 492.582787 142.145254)

LINESTRING (509.755065 173.451401, 492.123773 178.390964)

LINESTRING (509.755065 173.451401, 492.549520 155.418698)

LINESTRING (509.755065 173.451401, 506.620052 161.855821)

LINESTRING (509.755065 173.451401, 504.071562 117.081857)

LINESTRING (509.755065 173.451401, 457.544069 109.096251)

LINESTRING (509.755065 173.451401, 522.282355 160.324741)

LINESTRING (509.755065 173.451401, 488.912022 150.284872)

LINESTRING (509.755065 173.451401, 500.093272 165.007020)

LINESTRING (509.755065 173.451401, 469.316334 179.935428)

LINESTRING (509.755065 173.451401, 517.896656 169.866995)

LINESTRING (509.755065 173.451401, 453.000355 102.526323)

LINESTRING (509.755065 173.451401, 472.670764 178.054482)

LINESTRING (509.755065 173.451401, 453.626054 169.838500)

LINESTRING (456.270055 110.878416, 517.813249 109.450725)

LINESTRING (456.270055 110.878416, 485.005876 131.128809)

LINESTRING (456.270055 110.878416, 528.862831 117.793313)

LINESTRING (456.270055 110.878416, 507.902910 142.691519)

LINESTRING (456.270055 110.878416, 473.696779 104.071925)

LINESTRING (456.270055 110.878416, 453.099822 137.871019)

LINESTRING (456.270055 110.878416, 465.995348 138.088810)

LINESTRING (456.270055 110.878416, 485.688887 124.019557)

LINESTRING (456.270055 110.878416, 520.550199 110.343011)

LINESTRING (456.270055 110.878416, 470.817320 134.214986)

LINESTRING (456.270055 110.878416, 495.119602 109.164561)

LINESTRING (456.270055 110.878416, 461.721824 142.196261)

LINESTRING (456.270055 110.878416, 483.106411 142.485351)

LINESTRING (456.270055 110.878416, 510.209053 144.358444)

LINESTRING (456.270055 110.878416, 518.027348 111.162238)

LINESTRING (456.270055 110.878416, 512.732123 108.116836)

LINESTRING (456.270055 110.878416, 451.783675 133.007319)

LINESTRING (456.270055 110.878416, 490.392932 173.454284)

LINESTRING (456.270055 110.878416, 494.810494 165.897063)

LINESTRING (456.270055 110.878416, 462.837975 105.261366)

LINESTRING (456.270055 110.878416, 478.472042 102.120292)

LINESTRING (456.270055 110.878416, 504.787071 124.044686)

LINESTRING (456.270055 110.878416, 480.756844 169.791712)

LINESTRING (456.270055 110.878416, 468.531293 111.008019)

LINESTRING (456.270055 110.878416, 456.224769 146.814936)

LINESTRING (456.270055 110.878416, 468.776485 163.823245)

LINESTRING (456.270055 110.878416, 492.582787 142.145254)

LINESTRING (456.270055 110.878416, 492.549520 155.418698)

LINESTRING (456.270055 110.878416, 517.039423 159.306994)

LINESTRING (456.270055 110.878416, 506.620052 161.855821)

LINESTRING (456.270055 110.878416, 504.071562 117.081857)

LINESTRING (456.270055 110.878416, 472.730570 107.420210)

LINESTRING (456.270055 110.878416, 457.544069 109.096251)

LINESTRING (456.270055 110.878416, 522.282355 160.324741)

LINESTRING (456.270055 110.878416, 488.912022 150.284872)

LINESTRING (456.270055 110.878416, 500.093272 165.007020)

LINESTRING (456.270055 110.878416, 517.896656 169.866995)

LINESTRING (456.270055 110.878416, 453.000355 102.526323)

LINESTRING (456.270055 110.878416, 472.670764 178.054482)

LINESTRING (456.270055 110.878416, 453.626054 169.838500)

LINESTRING (517.813249 109.450725, 485.005876 131.128809)

LINESTRING (517.813249 109.450725, 483.139388 164.057779)

LINESTRING (517.813249 109.450725, 507.902910 142.691519)

LINESTRING (517.813249 109.450725, 487.666000 109.873760)

LINESTRING (517.813249 109.450725, 473.696779 104.071925)

LINESTRING (517.813249 109.450725, 453.099822 137.871019)

LINESTRING (517.813249 109.450725, 465.995348 138.088810)

LINESTRING (517.813249 109.450725, 470.817320 134.214986)

LINESTRING (517.813249 109.450725, 495.119602 109.164561)

LINESTRING (517.813249 109.450725, 461.721824 142.196261)

LINESTRING (517.813249 109.450725, 483.106411 142.485351)

LINESTRING (517.813249 109.450725, 510.209053 144.358444)

LINESTRING (517.813249 109.450725, 462.093068 133.969073)

LINESTRING (517.813249 109.450725, 518.027348 111.162238)

LINESTRING (517.813249 109.450725, 505.022781 157.793789)

LINESTRING (517.813249 109.450725, 512.732123 108.116836)

LINESTRING (517.813249 109.450725, 495.296209 164.270944)

LINESTRING (517.813249 109.450725, 451.783675 133.007319)

LINESTRING (517.813249 109.450725, 490.392932 173.454284)

LINESTRING (517.813249 109.450725, 494.810494 165.897063)

LINESTRING (517.813249 109.450725, 462.837975 105.261366)

LINESTRING (517.813249 109.450725, 504.787071 124.044686)

LINESTRING (517.813249 109.450725, 480.756844 169.791712)

LINESTRING (517.813249 109.450725, 524.385248 108.199761)

LINESTRING (517.813249 109.450725, 468.531293 111.008019)

LINESTRING (517.813249 109.450725, 468.776485 163.823245)

LINESTRING (517.813249 109.450725, 492.582787 142.145254)

LINESTRING (517.813249 109.450725, 492.123773 178.390964)

LINESTRING (517.813249 109.450725, 492.549520 155.418698)

LINESTRING (517.813249 109.450725, 517.039423 159.306994)

LINESTRING (517.813249 109.450725, 506.620052 161.855821)

LINESTRING (517.813249 109.450725, 504.071562 117.081857)

LINESTRING (517.813249 109.450725, 472.730570 107.420210)

LINESTRING (517.813249 109.450725, 457.544069 109.096251)

LINESTRING (517.813249 109.450725, 522.282355 160.324741)

LINESTRING (517.813249 109.450725, 500.093272 165.007020)

LINESTRING (517.813249 109.450725, 469.316334 179.935428)

LINESTRING (517.813249 109.450725, 453.000355 102.526323)

LINESTRING (517.813249 109.450725, 472.670764 178.054482)

LINESTRING (517.813249 109.450725, 453.626054 169.838500)

LINESTRING (485.005876 131.128809, 483.139388 164.057779)

LINESTRING (485.005876 131.128809, 507.902910 142.691519)

LINESTRING (485.005876 131.128809, 487.666000 109.873760)

LINESTRING (485.005876 131.128809, 473.696779 104.071925)

LINESTRING (485.005876 131.128809, 453.099822 137.871019)

LINESTRING (485.005876 131.128809, 465.995348 138.088810)

LINESTRING (485.005876 131.128809, 485.688887 124.019557)

LINESTRING (485.005876 131.128809, 520.550199 110.343011)

LINESTRING (485.005876 131.128809, 470.817320 134.214986)

LINESTRING (485.005876 131.128809, 495.119602 109.164561)

LINESTRING (485.005876 131.128809, 461.721824 142.196261)

LINESTRING (485.005876 131.128809, 483.106411 142.485351)

LINESTRING (485.005876 131.128809, 510.209053 144.358444)

LINESTRING (485.005876 131.128809, 462.093068 133.969073)

LINESTRING (485.005876 131.128809, 518.027348 111.162238)

LINESTRING (485.005876 131.128809, 505.022781 157.793789)

LINESTRING (485.005876 131.128809, 512.732123 108.116836)

LINESTRING (485.005876 131.128809, 495.296209 164.270944)

LINESTRING (485.005876 131.128809, 451.783675 133.007319)

LINESTRING (485.005876 131.128809, 490.392932 173.454284)

LINESTRING (485.005876 131.128809, 494.810494 165.897063)

LINESTRING (485.005876 131.128809, 462.837975 105.261366)

LINESTRING (485.005876 131.128809, 504.787071 124.044686)

LINESTRING (485.005876 131.128809, 480.756844 169.791712)

LINESTRING (485.005876 131.128809, 524.385248 108.199761)

LINESTRING (485.005876 131.128809, 494.256291 166.695875)

LINESTRING (485.005876 131.128809, 468.531293 111.008019)

LINESTRING (485.005876 131.128809, 456.224769 146.814936)

LINESTRING (485.005876 131.128809, 468.776485 163.823245)

LINESTRING (485.005876 131.128809, 492.582787 142.145254)

LINESTRING (485.005876 131.128809, 492.123773 178.390964)

LINESTRING (485.005876 131.128809, 492.549520 155.418698)

LINESTRING (485.005876 131.128809, 517.039423 159.306994)

LINESTRING (485.005876 131.128809, 506.620052 161.855821)

LINESTRING (485.005876 131.128809, 504.071562 117.081857)

LINESTRING (485.005876 131.128809, 472.730570 107.420210)

LINESTRING (485.005876 131.128809, 522.282355 160.324741)

LINESTRING (485.005876 131.128809, 488.912022 150.284872)

LINESTRING (485.005876 131.128809, 469.316334 179.935428)

LINESTRING (485.005876 131.128809, 453.000355 102.526323)

LINESTRING (485.005876 131.128809, 472.670764 178.054482)

LINESTRING (485.005876 131.128809, 453.626054 169.838500)

LINESTRING (483.139388 164.057779, 528.862831 117.793313)

LINESTRING (483.139388 164.057779, 487.666000 109.873760)

LINESTRING (483.139388 164.057779, 453.099822 137.871019)

LINESTRING (483.139388 164.057779, 520.550199 110.343011)

LINESTRING (483.139388 164.057779, 470.817320 134.214986)

LINESTRING (483.139388 164.057779, 495.119602 109.164561)

LINESTRING (483.139388 164.057779, 510.209053 144.358444)

LINESTRING (483.139388 164.057779, 462.093068 133.969073)

LINESTRING (483.139388 164.057779, 518.027348 111.162238)

LINESTRING (483.139388 164.057779, 505.022781 157.793789)

LINESTRING (483.139388 164.057779, 512.732123 108.116836)

LINESTRING (483.139388 164.057779, 451.783675 133.007319)

LINESTRING (483.139388 164.057779, 490.392932 173.454284)

LINESTRING (483.139388 164.057779, 494.810494 165.897063)

LINESTRING (483.139388 164.057779, 478.472042 102.120292)

LINESTRING (483.139388 164.057779, 480.756844 169.791712)

LINESTRING (483.139388 164.057779, 524.385248 108.199761)

LINESTRING (483.139388 164.057779, 468.531293 111.008019)

LINESTRING (483.139388 164.057779, 456.224769 146.814936)

LINESTRING (483.139388 164.057779, 468.776485 163.823245)

LINESTRING (483.139388 164.057779, 492.582787 142.145254)

LINESTRING (483.139388 164.057779, 492.549520 155.418698)

LINESTRING (483.139388 164.057779, 506.620052 161.855821)

LINESTRING (483.139388 164.057779, 504.071562 117.081857)

LINESTRING (483.139388 164.057779, 472.730570 107.420210)

LINESTRING (483.139388 164.057779, 457.544069 109.096251)

LINESTRING (483.139388 164.057779, 522.282355 160.324741)

LINESTRING (483.139388 164.057779, 488.912022 150.284872)

LINESTRING (483.139388 164.057779, 500.093272 165.007020)

LINESTRING (483.139388 164.057779, 469.316334 179.935428)

LINESTRING (483.139388 164.057779, 517.896656 169.866995)

LINESTRING (483.139388 164.057779, 453.000355 102.526323)

LINESTRING (483.139388 164.057779, 472.670764 178.054482)

LINESTRING (483.139388 164.057779, 453.626054 169.838500)

LINESTRING (528.862831 117.793313, 487.666000 109.873760)

LINESTRING (528.862831 117.793313, 473.696779 104.071925)

LINESTRING (528.862831 117.793313, 453.099822 137.871019)

LINESTRING (528.862831 117.793313, 465.995348 138.088810)

LINESTRING (528.862831 117.793313, 485.688887 124.019557)

LINESTRING (528.862831 117.793313, 520.550199 110.343011)

LINESTRING (528.862831 117.793313, 470.817320 134.214986)

LINESTRING (528.862831 117.793313, 495.119602 109.164561)

LINESTRING (528.862831 117.793313, 461.721824 142.196261)

LINESTRING (528.862831 117.793313, 510.209053 144.358444)

LINESTRING (528.862831 117.793313, 518.027348 111.162238)

LINESTRING (528.862831 117.793313, 505.022781 157.793789)

LINESTRING (528.862831 117.793313, 512.732123 108.116836)

LINESTRING (528.862831 117.793313, 495.296209 164.270944)

LINESTRING (528.862831 117.793313, 451.783675 133.007319)

LINESTRING (528.862831 117.793313, 490.392932 173.454284)

LINESTRING (528.862831 117.793313, 494.810494 165.897063)

LINESTRING (528.862831 117.793313, 462.837975 105.261366)

LINESTRING (528.862831 117.793313, 478.472042 102.120292)

LINESTRING (528.862831 117.793313, 504.787071 124.044686)

LINESTRING (528.862831 117.793313, 480.756844 169.791712)

LINESTRING (528.862831 117.793313, 524.385248 108.199761)

LINESTRING (528.862831 117.793313, 494.256291 166.695875)

LINESTRING (528.862831 117.793313, 468.531293 111.008019)

LINESTRING (528.862831 117.793313, 456.224769 146.814936)

LINESTRING (528.862831 117.793313, 468.776485 163.823245)

LINESTRING (528.862831 117.793313, 492.582787 142.145254)

LINESTRING (528.862831 117.793313, 467.125776 145.660225)

LINESTRING (528.862831 117.793313, 492.123773 178.390964)

LINESTRING (528.862831 117.793313, 492.549520 155.418698)

LINESTRING (528.862831 117.793313, 517.039423 159.306994)

LINESTRING (528.862831 117.793313, 506.620052 161.855821)

LINESTRING (528.862831 117.793313, 504.071562 117.081857)

LINESTRING (528.862831 117.793313, 472.730570 107.420210)

LINESTRING (528.862831 117.793313, 457.544069 109.096251)

LINESTRING (528.862831 117.793313, 522.282355 160.324741)

LINESTRING (528.862831 117.793313, 488.912022 150.284872)

LINESTRING (528.862831 117.793313, 469.316334 179.935428)

LINESTRING (528.862831 117.793313, 517.896656 169.866995)

LINESTRING (528.862831 117.793313, 453.000355 102.526323)

LINESTRING (528.862831 117.793313, 472.670764 178.054482)

LINESTRING (528.862831 117.793313, 453.626054 169.838500)

LINESTRING (507.902910 142.691519, 487.666000 109.873760)

LINESTRING (507.902910 142.691519, 473.696779 104.071925)

LINESTRING (507.902910 142.691519, 465.995348 138.088810)

LINESTRING (507.902910 142.691519, 470.817320 134.214986)

LINESTRING (507.902910 142.691519, 495.119602 109.164561)

LINESTRING (507.902910 142.691519, 461.721824 142.196261)

LINESTRING (507.902910 142.691519, 483.106411 142.485351)

LINESTRING (507.902910 142.691519, 510.209053 144.358444)

LINESTRING (507.902910 142.691519, 462.093068 133.969073)

LINESTRING (507.902910 142.691519, 518.027348 111.162238)

LINESTRING (507.902910 142.691519, 505.022781 157.793789)

LINESTRING (507.902910 142.691519, 512.732123 108.116836)

LINESTRING (507.902910 142.691519, 495.296209 164.270944)

LINESTRING (507.902910 142.691519, 451.783675 133.007319)

LINESTRING (507.902910 142.691519, 490.392932 173.454284)

LINESTRING (507.902910 142.691519, 494.810494 165.897063)

LINESTRING (507.902910 142.691519, 462.837975 105.261366)

LINESTRING (507.902910 142.691519, 478.472042 102.120292)

LINESTRING (507.902910 142.691519, 504.787071 124.044686)

LINESTRING (507.902910 142.691519, 524.385248 108.199761)

LINESTRING (507.902910 142.691519, 494.256291 166.695875)

LINESTRING (507.902910 142.691519, 468.776485 163.823245)

LINESTRING (507.902910 142.691519, 492.582787 142.145254)

LINESTRING (507.902910 142.691519, 467.125776 145.660225)

LINESTRING (507.902910 142.691519, 492.123773 178.390964)

LINESTRING (507.902910 142.691519, 517.039423 159.306994)

LINESTRING (507.902910 142.691519, 506.620052 161.855821)

LINESTRING (507.902910 142.691519, 504.071562 117.081857)

LINESTRING (507.902910 142.691519, 472.730570 107.420210)

LINESTRING (507.902910 142.691519, 457.544069 109.096251)

LINESTRING (507.902910 142.691519, 522.282355 160.324741)

LINESTRING (507.902910 142.691519, 488.912022 150.284872)

LINESTRING (507.902910 142.691519, 500.093272 165.007020)

LINESTRING (507.902910 142.691519, 469.316334 179.935428)

LINESTRING (507.902910 142.691519, 517.896656 169.866995)

LINESTRING (507.902910 142.691519, 453.000355 102.526323)

LINESTRING (487.666000 109.873760, 473.696779 104.071925)

LINESTRING (487.666000 109.873760, 453.099822 137.871019)

LINESTRING (487.666000 109.873760, 465.995348 138.088810)

LINESTRING (487.666000 109.873760, 485.688887 124.019557)

LINESTRING (487.666000 109.873760, 470.817320 134.214986)

LINESTRING (487.666000 109.873760, 495.119602 109.164561)

LINESTRING (487.666000 109.873760, 461.721824 142.196261)

LINESTRING (487.666000 109.873760, 483.106411 142.485351)

LINESTRING (487.666000 109.873760, 462.093068 133.969073)

LINESTRING (487.666000 109.873760, 518.027348 111.162238)

LINESTRING (487.666000 109.873760, 505.022781 157.793789)

LINESTRING (487.666000 109.873760, 512.732123 108.116836)

LINESTRING (487.666000 109.873760, 495.296209 164.270944)

LINESTRING (487.666000 109.873760, 490.392932 173.454284)

LINESTRING (487.666000 109.873760, 494.810494 165.897063)

LINESTRING (487.666000 109.873760, 462.837975 105.261366)

LINESTRING (487.666000 109.873760, 478.472042 102.120292)

LINESTRING (487.666000 109.873760, 504.787071 124.044686)

LINESTRING (487.666000 109.873760, 480.756844 169.791712)

LINESTRING (487.666000 109.873760, 524.385248 108.199761)

LINESTRING (487.666000 109.873760, 494.256291 166.695875)

LINESTRING (487.666000 109.873760, 468.531293 111.008019)

LINESTRING (487.666000 109.873760, 456.224769 146.814936)

LINESTRING (487.666000 109.873760, 468.776485 163.823245)

LINESTRING (487.666000 109.873760, 492.582787 142.145254)

LINESTRING (487.666000 109.873760, 467.125776 145.660225)

LINESTRING (487.666000 109.873760, 492.123773 178.390964)

LINESTRING (487.666000 109.873760, 492.549520 155.418698)

LINESTRING (487.666000 109.873760, 517.039423 159.306994)

LINESTRING (487.666000 109.873760, 506.620052 161.855821)

LINESTRING (487.666000 109.873760, 504.071562 117.081857)

LINESTRING (487.666000 109.873760, 472.730570 107.420210)

LINESTRING (487.666000 109.873760, 457.544069 109.096251)

LINESTRING (487.666000 109.873760, 522.282355 160.324741)

LINESTRING (487.666000 109.873760, 488.912022 150.284872)

LINESTRING (487.666000 109.873760, 500.093272 165.007020)

LINESTRING (487.666000 109.873760, 469.316334 179.935428)

LINESTRING (487.666000 109.873760, 517.896656 169.866995)

LINESTRING (487.666000 109.873760, 472.670764 178.054482)

LINESTRING (473.696779 104.071925, 453.099822 137.871019)

LINESTRING (473.696779 104.071925, 520.550199 110.343011)

LINESTRING (473.696779 104.071925, 470.817320 134.214986)

LINESTRING (473.696779 104.071925, 461.721824 142.196261)

LINESTRING (473.696779 104.071925, 483.106411 142.485351)

LINESTRING (473.696779 104.071925, 510.209053 144.358444)

LINESTRING (473.696779 104.071925, 462.093068 133.969073)

LINESTRING (473.696779 104.071925, 518.027348 111.162238)

LINESTRING (473.696779 104.071925, 505.022781 157.793789)

LINESTRING (473.696779 104.071925, 512.732123 108.116836)

LINESTRING (473.696779 104.071925, 495.296209 164.270944)

LINESTRING (473.696779 104.071925, 451.783675 133.007319)

LINESTRING (473.696779 104.071925, 494.810494 165.897063)

LINESTRING (473.696779 104.071925, 462.837975 105.261366)

LINESTRING (473.696779 104.071925, 478.472042 102.120292)

LINESTRING (473.696779 104.071925, 504.787071 124.044686)

LINESTRING (473.696779 104.071925, 524.385248 108.199761)

LINESTRING (473.696779 104.071925, 494.256291 166.695875)

LINESTRING (473.696779 104.071925, 468.531293 111.008019)

LINESTRING (473.696779 104.071925, 468.776485 163.823245)

LINESTRING (473.696779 104.071925, 492.582787 142.145254)

LINESTRING (473.696779 104.071925, 467.125776 145.660225)

LINESTRING (473.696779 104.071925, 492.123773 178.390964)

LINESTRING (473.696779 104.071925, 492.549520 155.418698)

LINESTRING (473.696779 104.071925, 517.039423 159.306994)

LINESTRING (473.696779 104.071925, 506.620052 161.855821)

LINESTRING (473.696779 104.071925, 472.730570 107.420210)

LINESTRING (473.696779 104.071925, 457.544069 109.096251)

LINESTRING (473.696779 104.071925, 488.912022 150.284872)

LINESTRING (473.696779 104.071925, 469.316334 179.935428)

LINESTRING (473.696779 104.071925, 517.896656 169.866995)

LINESTRING (473.696779 104.071925, 472.670764 178.054482)

LINESTRING (473.696779 104.071925, 453.626054 169.838500)

LINESTRING (453.099822 137.871019, 485.688887 124.019557)

LINESTRING (453.099822 137.871019, 520.550199 110.343011)

LINESTRING (453.099822 137.871019, 495.119602 109.164561)

LINESTRING (453.099822 137.871019, 461.721824 142.196261)

LINESTRING (453.099822 137.871019, 510.209053 144.358444)

LINESTRING (453.099822 137.871019, 462.093068 133.969073)

LINESTRING (453.099822 137.871019, 518.027348 111.162238)

LINESTRING (453.099822 137.871019, 505.022781 157.793789)

LINESTRING (453.099822 137.871019, 512.732123 108.116836)

LINESTRING (453.099822 137.871019, 495.296209 164.270944)

LINESTRING (453.099822 137.871019, 451.783675 133.007319)

LINESTRING (453.099822 137.871019, 490.392932 173.454284)

LINESTRING (453.099822 137.871019, 494.810494 165.897063)

LINESTRING (453.099822 137.871019, 462.837975 105.261366)

LINESTRING (453.099822 137.871019, 478.472042 102.120292)

LINESTRING (453.099822 137.871019, 504.787071 124.044686)

LINESTRING (453.099822 137.871019, 480.756844 169.791712)

LINESTRING (453.099822 137.871019, 524.385248 108.199761)

LINESTRING (453.099822 137.871019, 468.531293 111.008019)

LINESTRING (453.099822 137.871019, 492.582787 142.145254)

LINESTRING (453.099822 137.871019, 467.125776 145.660225)

LINESTRING (453.099822 137.871019, 492.123773 178.390964)

LINESTRING (453.099822 137.871019, 492.549520 155.418698)

LINESTRING (453.099822 137.871019, 517.039423 159.306994)

LINESTRING (453.099822 137.871019, 504.071562 117.081857)

LINESTRING (453.099822 137.871019, 472.730570 107.420210)

LINESTRING (453.099822 137.871019, 457.544069 109.096251)

LINESTRING (453.099822 137.871019, 522.282355 160.324741)

LINESTRING (453.099822 137.871019, 488.912022 150.284872)

LINESTRING (453.099822 137.871019, 500.093272 165.007020)

LINESTRING (453.099822 137.871019, 469.316334 179.935428)

LINESTRING (453.099822 137.871019, 517.896656 169.866995)

LINESTRING (453.099822 137.871019, 472.670764 178.054482)

LINESTRING (453.099822 137.871019, 453.626054 169.838500)

LINESTRING (465.995348 138.088810, 485.688887 124.019557)

LINESTRING (465.995348 138.088810, 520.550199 110.343011)

LINESTRING (465.995348 138.088810, 470.817320 134.214986)

LINESTRING (465.995348 138.088810, 495.119602 109.164561)

LINESTRING (465.995348 138.088810, 461.721824 142.196261)

LINESTRING (465.995348 138.088810, 510.209053 144.358444)

LINESTRING (465.995348 138.088810, 462.093068 133.969073)

LINESTRING (465.995348 138.088810, 505.022781 157.793789)

LINESTRING (465.995348 138.088810, 512.732123 108.116836)

LINESTRING (465.995348 138.088810, 495.296209 164.270944)

LINESTRING (465.995348 138.088810, 451.783675 133.007319)

LINESTRING (465.995348 138.088810, 490.392932 173.454284)

LINESTRING (465.995348 138.088810, 494.810494 165.897063)

LINESTRING (465.995348 138.088810, 462.837975 105.261366)

LINESTRING (465.995348 138.088810, 478.472042 102.120292)

LINESTRING (465.995348 138.088810, 504.787071 124.044686)

LINESTRING (465.995348 138.088810, 524.385248 108.199761)

LINESTRING (465.995348 138.088810, 494.256291 166.695875)

LINESTRING (465.995348 138.088810, 468.531293 111.008019)

LINESTRING (465.995348 138.088810, 456.224769 146.814936)

LINESTRING (465.995348 138.088810, 468.776485 163.823245)

LINESTRING (465.995348 138.088810, 492.582787 142.145254)

LINESTRING (465.995348 138.088810, 467.125776 145.660225)

LINESTRING (465.995348 138.088810, 492.549520 155.418698)

LINESTRING (465.995348 138.088810, 517.039423 159.306994)

LINESTRING (465.995348 138.088810, 506.620052 161.855821)

LINESTRING (465.995348 138.088810, 504.071562 117.081857)

LINESTRING (465.995348 138.088810, 472.730570 107.420210)

LINESTRING (465.995348 138.088810, 457.544069 109.096251)

LINESTRING (465.995348 138.088810, 522.282355 160.324741)

LINESTRING (465.995348 138.088810, 488.912022 150.284872)

LINESTRING (465.995348 138.088810, 500.093272 165.007020)

LINESTRING (465.995348 138.088810, 469.316334 179.935428)

LINESTRING (465.995348 138.088810, 517.896656 169.866995)

LINESTRING (465.995348 138.088810, 453.000355 102.526323)

LINESTRING (465.995348 138.088810, 472.670764 178.054482)

LINESTRING (465.995348 138.088810, 453.626054 169.838500)

LINESTRING (485.688887 124.019557, 495.119602 109.164561)

LINESTRING (485.688887 124.019557, 461.721824 142.196261)

LINESTRING (485.688887 124.019557, 510.209053 144.358444)

LINESTRING (485.688887 124.019557, 518.027348 111.162238)

LINESTRING (485.688887 124.019557, 512.732123 108.116836)

LINESTRING (485.688887 124.019557, 495.296209 164.270944)

LINESTRING (485.688887 124.019557, 451.783675 133.007319)

LINESTRING (485.688887 124.019557, 462.837975 105.261366)

LINESTRING (485.688887 124.019557, 478.472042 102.120292)

LINESTRING (485.688887 124.019557, 504.787071 124.044686)

LINESTRING (485.688887 124.019557, 480.756844 169.791712)

LINESTRING (485.688887 124.019557, 524.385248 108.199761)

LINESTRING (485.688887 124.019557, 494.256291 166.695875)

LINESTRING (485.688887 124.019557, 468.531293 111.008019)

LINESTRING (485.688887 124.019557, 456.224769 146.814936)

LINESTRING (485.688887 124.019557, 468.776485 163.823245)

LINESTRING (485.688887 124.019557, 467.125776 145.660225)

LINESTRING (485.688887 124.019557, 492.123773 178.390964)

LINESTRING (485.688887 124.019557, 492.549520 155.418698)

LINESTRING (485.688887 124.019557, 517.039423 159.306994)

LINESTRING (485.688887 124.019557, 506.620052 161.855821)

LINESTRING (485.688887 124.019557, 504.071562 117.081857)

LINESTRING (485.688887 124.019557, 472.730570 107.420210)

LINESTRING (485.688887 124.019557, 457.544069 109.096251)

LINESTRING (485.688887 124.019557, 488.912022 150.284872)

LINESTRING (485.688887 124.019557, 500.093272 165.007020)

LINESTRING (485.688887 124.019557, 469.316334 179.935428)

LINESTRING (485.688887 124.019557, 517.896656 169.866995)

LINESTRING (485.688887 124.019557, 453.000355 102.526323)

LINESTRING (485.688887 124.019557, 472.670764 178.054482)

LINESTRING (485.688887 124.019557, 453.626054 169.838500)

LINESTRING (520.550199 110.343011, 470.817320 134.214986)

LINESTRING (520.550199 110.343011, 495.119602 109.164561)

LINESTRING (520.550199 110.343011, 483.106411 142.485351)

LINESTRING (520.550199 110.343011, 462.093068 133.969073)

LINESTRING (520.550199 110.343011, 518.027348 111.162238)

LINESTRING (520.550199 110.343011, 505.022781 157.793789)

LINESTRING (520.550199 110.343011, 512.732123 108.116836)

LINESTRING (520.550199 110.343011, 451.783675 133.007319)

LINESTRING (520.550199 110.343011, 494.810494 165.897063)

LINESTRING (520.550199 110.343011, 462.837975 105.261366)

LINESTRING (520.550199 110.343011, 478.472042 102.120292)

LINESTRING (520.550199 110.343011, 480.756844 169.791712)

LINESTRING (520.550199 110.343011, 524.385248 108.199761)

LINESTRING (520.550199 110.343011, 494.256291 166.695875)

LINESTRING (520.550199 110.343011, 468.531293 111.008019)

LINESTRING (520.550199 110.343011, 468.776485 163.823245)

LINESTRING (520.550199 110.343011, 492.582787 142.145254)

LINESTRING (520.550199 110.343011, 467.125776 145.660225)

LINESTRING (520.550199 110.343011, 506.620052 161.855821)

LINESTRING (520.550199 110.343011, 504.071562 117.081857)

LINESTRING (520.550199 110.343011, 457.544069 109.096251)

LINESTRING (520.550199 110.343011, 522.282355 160.324741)

LINESTRING (520.550199 110.343011, 488.912022 150.284872)

LINESTRING (520.550199 110.343011, 500.093272 165.007020)

LINESTRING (520.550199 110.343011, 469.316334 179.935428)

LINESTRING (520.550199 110.343011, 517.896656 169.866995)

LINESTRING (520.550199 110.343011, 453.000355 102.526323)

LINESTRING (520.550199 110.343011, 453.626054 169.838500)

LINESTRING (470.817320 134.214986, 461.721824 142.196261)

LINESTRING (470.817320 134.214986, 483.106411 142.485351)

LINESTRING (470.817320 134.214986, 462.093068 133.969073)

LINESTRING (470.817320 134.214986, 518.027348 111.162238)

LINESTRING (470.817320 134.214986, 512.732123 108.116836)

LINESTRING (470.817320 134.214986, 495.296209 164.270944)

LINESTRING (470.817320 134.214986, 451.783675 133.007319)

LINESTRING (470.817320 134.214986, 490.392932 173.454284)

LINESTRING (470.817320 134.214986, 494.810494 165.897063)

LINESTRING (470.817320 134.214986, 462.837975 105.261366)

LINESTRING (470.817320 134.214986, 478.472042 102.120292)

LINESTRING (470.817320 134.214986, 504.787071 124.044686)

LINESTRING (470.817320 134.214986, 524.385248 108.199761)

LINESTRING (470.817320 134.214986, 468.531293 111.008019)

LINESTRING (470.817320 134.214986, 456.224769 146.814936)

LINESTRING (470.817320 134.214986, 492.582787 142.145254)

LINESTRING (470.817320 134.214986, 467.125776 145.660225)

LINESTRING (470.817320 134.214986, 492.123773 178.390964)

LINESTRING (470.817320 134.214986, 492.549520 155.418698)

LINESTRING (470.817320 134.214986, 517.039423 159.306994)

LINESTRING (470.817320 134.214986, 506.620052 161.855821)

LINESTRING (470.817320 134.214986, 504.071562 117.081857)

LINESTRING (470.817320 134.214986, 472.730570 107.420210)

LINESTRING (470.817320 134.214986, 457.544069 109.096251)

LINESTRING (470.817320 134.214986, 522.282355 160.324741)

LINESTRING (470.817320 134.214986, 488.912022 150.284872)

LINESTRING (470.817320 134.214986, 469.316334 179.935428)

LINESTRING (470.817320 134.214986, 517.896656 169.866995)

LINESTRING (470.817320 134.214986, 453.000355 102.526323)

LINESTRING (470.817320 134.214986, 472.670764 178.054482)

LINESTRING (470.817320 134.214986, 453.626054 169.838500)

LINESTRING (495.119602 109.164561, 461.721824 142.196261)

LINESTRING (495.119602 109.164561, 483.106411 142.485351)

LINESTRING (495.119602 109.164561, 510.209053 144.358444)

LINESTRING (495.119602 109.164561, 518.027348 111.162238)

LINESTRING (495.119602 109.164561, 495.296209 164.270944)

LINESTRING (495.119602 109.164561, 451.783675 133.007319)

LINESTRING (495.119602 109.164561, 490.392932 173.454284)

LINESTRING (495.119602 109.164561, 462.837975 105.261366)

LINESTRING (495.119602 109.164561, 478.472042 102.120292)

LINESTRING (495.119602 109.164561, 480.756844 169.791712)

LINESTRING (495.119602 109.164561, 524.385248 108.199761)

LINESTRING (495.119602 109.164561, 494.256291 166.695875)

LINESTRING (495.119602 109.164561, 456.224769 146.814936)

LINESTRING (495.119602 109.164561, 468.776485 163.823245)

LINESTRING (495.119602 109.164561, 467.125776 145.660225)

LINESTRING (495.119602 109.164561, 492.549520 155.418698)

LINESTRING (495.119602 109.164561, 517.039423 159.306994)

LINESTRING (495.119602 109.164561, 504.071562 117.081857)

LINESTRING (495.119602 109.164561, 457.544069 109.096251)

LINESTRING (495.119602 109.164561, 488.912022 150.284872)

LINESTRING (495.119602 109.164561, 500.093272 165.007020)

LINESTRING (495.119602 109.164561, 517.896656 169.866995)

LINESTRING (495.119602 109.164561, 453.000355 102.526323)

LINESTRING (461.721824 142.196261, 462.093068 133.969073)

LINESTRING (461.721824 142.196261, 518.027348 111.162238)

LINESTRING (461.721824 142.196261, 505.022781 157.793789)

LINESTRING (461.721824 142.196261, 495.296209 164.270944)

LINESTRING (461.721824 142.196261, 451.783675 133.007319)

LINESTRING (461.721824 142.196261, 490.392932 173.454284)

LINESTRING (461.721824 142.196261, 494.810494 165.897063)

LINESTRING (461.721824 142.196261, 478.472042 102.120292)

LINESTRING (461.721824 142.196261, 504.787071 124.044686)

LINESTRING (461.721824 142.196261, 480.756844 169.791712)

LINESTRING (461.721824 142.196261, 524.385248 108.199761)

LINESTRING (461.721824 142.196261, 494.256291 166.695875)

LINESTRING (461.721824 142.196261, 468.531293 111.008019)

LINESTRING (461.721824 142.196261, 456.224769 146.814936)

LINESTRING (461.721824 142.196261, 468.776485 163.823245)

LINESTRING (461.721824 142.196261, 492.582787 142.145254)

LINESTRING (461.721824 142.196261, 467.125776 145.660225)

LINESTRING (461.721824 142.196261, 492.123773 178.390964)

LINESTRING (461.721824 142.196261, 517.039423 159.306994)

LINESTRING (461.721824 142.196261, 504.071562 117.081857)

LINESTRING (461.721824 142.196261, 472.730570 107.420210)

LINESTRING (461.721824 142.196261, 457.544069 109.096251)

LINESTRING (461.721824 142.196261, 522.282355 160.324741)

LINESTRING (461.721824 142.196261, 488.912022 150.284872)

LINESTRING (461.721824 142.196261, 500.093272 165.007020)

LINESTRING (461.721824 142.196261, 469.316334 179.935428)

LINESTRING (461.721824 142.196261, 517.896656 169.866995)

LINESTRING (461.721824 142.196261, 453.000355 102.526323)

LINESTRING (461.721824 142.196261, 472.670764 178.054482)

LINESTRING (483.106411 142.485351, 462.093068 133.969073)

LINESTRING (483.106411 142.485351, 518.027348 111.162238)

LINESTRING (483.106411 142.485351, 505.022781 157.793789)

LINESTRING (483.106411 142.485351, 512.732123 108.116836)

LINESTRING (483.106411 142.485351, 495.296209 164.270944)

LINESTRING (483.106411 142.485351, 490.392932 173.454284)

LINESTRING (483.106411 142.485351, 494.810494 165.897063)

LINESTRING (483.106411 142.485351, 462.837975 105.261366)

LINESTRING (483.106411 142.485351, 478.472042 102.120292)

LINESTRING (483.106411 142.485351, 504.787071 124.044686)

LINESTRING (483.106411 142.485351, 480.756844 169.791712)

LINESTRING (483.106411 142.485351, 524.385248 108.199761)

LINESTRING (483.106411 142.485351, 494.256291 166.695875)

LINESTRING (483.106411 142.485351, 468.531293 111.008019)

LINESTRING (483.106411 142.485351, 468.776485 163.823245)

LINESTRING (483.106411 142.485351, 492.582787 142.145254)

LINESTRING (483.106411 142.485351, 467.125776 145.660225)

LINESTRING (483.106411 142.485351, 492.123773 178.390964)

LINESTRING (483.106411 142.485351, 492.549520 155.418698)

LINESTRING (483.106411 142.485351, 506.620052 161.855821)

LINESTRING (483.106411 142.485351, 504.071562 117.081857)

LINESTRING (483.106411 142.485351, 472.730570 107.420210)

LINESTRING (483.106411 142.485351, 457.544069 109.096251)

LINESTRING (483.106411 142.485351, 522.282355 160.324741)

LINESTRING (483.106411 142.485351, 488.912022 150.284872)

LINESTRING (483.106411 142.485351, 500.093272 165.007020)

LINESTRING (483.106411 142.485351, 469.316334 179.935428)

LINESTRING (483.106411 142.485351, 517.896656 169.866995)

LINESTRING (483.106411 142.485351, 472.670764 178.054482)

LINESTRING (483.106411 142.485351, 453.626054 169.838500)

LINESTRING (510.209053 144.358444, 462.093068 133.969073)

LINESTRING (510.209053 144.358444, 518.027348 111.162238)

LINESTRING (510.209053 144.358444, 505.022781 157.793789)

LINESTRING (510.209053 144.358444, 512.732123 108.116836)

LINESTRING (510.209053 144.358444, 490.392932 173.454284)

LINESTRING (510.209053 144.358444, 494.810494 165.897063)

LINESTRING (510.209053 144.358444, 478.472042 102.120292)

LINESTRING (510.209053 144.358444, 504.787071 124.044686)

LINESTRING (510.209053 144.358444, 524.385248 108.199761)

LINESTRING (510.209053 144.358444, 468.531293 111.008019)

LINESTRING (510.209053 144.358444, 456.224769 146.814936)

LINESTRING (510.209053 144.358444, 468.776485 163.823245)

LINESTRING (510.209053 144.358444, 492.582787 142.145254)

LINESTRING (510.209053 144.358444, 467.125776 145.660225)

LINESTRING (510.209053 144.358444, 492.123773 178.390964)

LINESTRING (510.209053 144.358444, 492.549520 155.418698)

LINESTRING (510.209053 144.358444, 517.039423 159.306994)

LINESTRING (510.209053 144.358444, 522.282355 160.324741)

LINESTRING (510.209053 144.358444, 488.912022 150.284872)

LINESTRING (510.209053 144.358444, 500.093272 165.007020)

LINESTRING (510.209053 144.358444, 469.316334 179.935428)

LINESTRING (510.209053 144.358444, 517.896656 169.866995)

LINESTRING (462.093068 133.969073, 512.732123 108.116836)

LINESTRING (462.093068 133.969073, 495.296209 164.270944)

LINESTRING (462.093068 133.969073, 451.783675 133.007319)

LINESTRING (462.093068 133.969073, 490.392932 173.454284)

LINESTRING (462.093068 133.969073, 494.810494 165.897063)

LINESTRING (462.093068 133.969073, 462.837975 105.261366)

LINESTRING (462.093068 133.969073, 478.472042 102.120292)

LINESTRING (462.093068 133.969073, 504.787071 124.044686)

LINESTRING (462.093068 133.969073, 480.756844 169.791712)

LINESTRING (462.093068 133.969073, 524.385248 108.199761)

LINESTRING (462.093068 133.969073, 456.224769 146.814936)

LINESTRING (462.093068 133.969073, 468.776485 163.823245)

LINESTRING (462.093068 133.969073, 492.123773 178.390964)

LINESTRING (462.093068 133.969073, 492.549520 155.418698)

LINESTRING (462.093068 133.969073, 517.039423 159.306994)

LINESTRING (462.093068 133.969073, 506.620052 161.855821)

LINESTRING (462.093068 133.969073, 504.071562 117.081857)

LINESTRING (462.093068 133.969073, 457.544069 109.096251)

LINESTRING (462.093068 133.969073, 488.912022 150.284872)

LINESTRING (462.093068 133.969073, 500.093272 165.007020)

LINESTRING (462.093068 133.969073, 469.316334 179.935428)

LINESTRING (462.093068 133.969073, 517.896656 169.866995)

LINESTRING (462.093068 133.969073, 453.000355 102.526323)

LINESTRING (462.093068 133.969073, 453.626054 169.838500)

LINESTRING (518.027348 111.162238, 505.022781 157.793789)

LINESTRING (518.027348 111.162238, 512.732123 108.116836)

LINESTRING (518.027348 111.162238, 495.296209 164.270944)

LINESTRING (518.027348 111.162238, 490.392932 173.454284)

LINESTRING (518.027348 111.162238, 494.810494 165.897063)

LINESTRING (518.027348 111.162238, 462.837975 105.261366)

LINESTRING (518.027348 111.162238, 478.472042 102.120292)

LINESTRING (518.027348 111.162238, 504.787071 124.044686)

LINESTRING (518.027348 111.162238, 480.756844 169.791712)

LINESTRING (518.027348 111.162238, 524.385248 108.199761)

LINESTRING (518.027348 111.162238, 494.256291 166.695875)

LINESTRING (518.027348 111.162238, 468.531293 111.008019)

LINESTRING (518.027348 111.162238, 456.224769 146.814936)

LINESTRING (518.027348 111.162238, 468.776485 163.823245)

LINESTRING (518.027348 111.162238, 492.582787 142.145254)

LINESTRING (518.027348 111.162238, 492.549520 155.418698)

LINESTRING (518.027348 111.162238, 517.039423 159.306994)

LINESTRING (518.027348 111.162238, 504.071562 117.081857)

LINESTRING (518.027348 111.162238, 472.730570 107.420210)

LINESTRING (518.027348 111.162238, 457.544069 109.096251)

LINESTRING (518.027348 111.162238, 522.282355 160.324741)

LINESTRING (518.027348 111.162238, 488.912022 150.284872)

LINESTRING (518.027348 111.162238, 500.093272 165.007020)

LINESTRING (518.027348 111.162238, 469.316334 179.935428)

LINESTRING (518.027348 111.162238, 517.896656 169.866995)

LINESTRING (518.027348 111.162238, 472.670764 178.054482)

LINESTRING (518.027348 111.162238, 453.626054 169.838500)

LINESTRING (505.022781 157.793789, 512.732123 108.116836)

LINESTRING (505.022781 157.793789, 495.296209 164.270944)

LINESTRING (505.022781 157.793789, 451.783675 133.007319)

LINESTRING (505.022781 157.793789, 490.392932 173.454284)

LINESTRING (505.022781 157.793789, 494.810494 165.897063)

LINESTRING (505.022781 157.793789, 478.472042 102.120292)

LINESTRING (505.022781 157.793789, 504.787071 124.044686)

LINESTRING (505.022781 157.793789, 480.756844 169.791712)

LINESTRING (505.022781 157.793789, 524.385248 108.199761)

LINESTRING (505.022781 157.793789, 456.224769 146.814936)

LINESTRING (505.022781 157.793789, 468.776485 163.823245)

LINESTRING (505.022781 157.793789, 467.125776 145.660225)

LINESTRING (505.022781 157.793789, 492.123773 178.390964)

LINESTRING (505.022781 157.793789, 492.549520 155.418698)

LINESTRING (505.022781 157.793789, 517.039423 159.306994)

LINESTRING (505.022781 157.793789, 506.620052 161.855821)

LINESTRING (505.022781 157.793789, 504.071562 117.081857)

LINESTRING (505.022781 157.793789, 472.730570 107.420210)

LINESTRING (505.022781 157.793789, 457.544069 109.096251)

LINESTRING (505.022781 157.793789, 488.912022 150.284872)

LINESTRING (505.022781 157.793789, 469.316334 179.935428)

LINESTRING (505.022781 157.793789, 517.896656 169.866995)

LINESTRING (505.022781 157.793789, 453.000355 102.526323)

LINESTRING (505.022781 157.793789, 472.670764 178.054482)

LINESTRING (512.732123 108.116836, 495.296209 164.270944)

LINESTRING (512.732123 108.116836, 451.783675 133.007319)

LINESTRING (512.732123 108.116836, 490.392932 173.454284)

LINESTRING (512.732123 108.116836, 462.837975 105.261366)

LINESTRING (512.732123 108.116836, 478.472042 102.120292)

LINESTRING (512.732123 108.116836, 504.787071 124.044686)

LINESTRING (512.732123 108.116836, 524.385248 108.199761)

LINESTRING (512.732123 108.116836, 494.256291 166.695875)

LINESTRING (512.732123 108.116836, 468.531293 111.008019)

LINESTRING (512.732123 108.116836, 456.224769 146.814936)

LINESTRING (512.732123 108.116836, 468.776485 163.823245)

LINESTRING (512.732123 108.116836, 492.582787 142.145254)

LINESTRING (512.732123 108.116836, 492.123773 178.390964)

LINESTRING (512.732123 108.116836, 506.620052 161.855821)

LINESTRING (512.732123 108.116836, 504.071562 117.081857)

LINESTRING (512.732123 108.116836, 457.544069 109.096251)

LINESTRING (512.732123 108.116836, 522.282355 160.324741)

LINESTRING (512.732123 108.116836, 488.912022 150.284872)

LINESTRING (512.732123 108.116836, 500.093272 165.007020)

LINESTRING (512.732123 108.116836, 469.316334 179.935428)

LINESTRING (512.732123 108.116836, 517.896656 169.866995)

LINESTRING (512.732123 108.116836, 453.000355 102.526323)

LINESTRING (512.732123 108.116836, 472.670764 178.054482)

LINESTRING (512.732123 108.116836, 453.626054 169.838500)

LINESTRING (495.296209 164.270944, 451.783675 133.007319)

LINESTRING (495.296209 164.270944, 490.392932 173.454284)

LINESTRING (495.296209 164.270944, 494.810494 165.897063)

LINESTRING (495.296209 164.270944, 462.837975 105.261366)

LINESTRING (495.296209 164.270944, 504.787071 124.044686)

LINESTRING (495.296209 164.270944, 480.756844 169.791712)

LINESTRING (495.296209 164.270944, 524.385248 108.199761)

LINESTRING (495.296209 164.270944, 494.256291 166.695875)

LINESTRING (495.296209 164.270944, 468.531293 111.008019)

LINESTRING (495.296209 164.270944, 456.224769 146.814936)

LINESTRING (495.296209 164.270944, 468.776485 163.823245)

LINESTRING (495.296209 164.270944, 492.582787 142.145254)

LINESTRING (495.296209 164.270944, 467.125776 145.660225)

LINESTRING (495.296209 164.270944, 492.123773 178.390964)

LINESTRING (495.296209 164.270944, 492.549520 155.418698)

LINESTRING (495.296209 164.270944, 517.039423 159.306994)

LINESTRING (495.296209 164.270944, 506.620052 161.855821)

LINESTRING (495.296209 164.270944, 504.071562 117.081857)

LINESTRING (495.296209 164.270944, 472.730570 107.420210)

LINESTRING (495.296209 164.270944, 457.544069 109.096251)

LINESTRING (495.296209 164.270944, 522.282355 160.324741)

LINESTRING (495.296209 164.270944, 488.912022 150.284872)

LINESTRING (495.296209 164.270944, 500.093272 165.007020)

LINESTRING (495.296209 164.270944, 469.316334 179.935428)

LINESTRING (495.296209 164.270944, 517.896656 169.866995)

LINESTRING (495.296209 164.270944, 453.000355 102.526323)

LINESTRING (451.783675 133.007319, 494.810494 165.897063)

LINESTRING (451.783675 133.007319, 478.472042 102.120292)

LINESTRING (451.783675 133.007319, 504.787071 124.044686)

LINESTRING (451.783675 133.007319, 524.385248 108.199761)

LINESTRING (451.783675 133.007319, 494.256291 166.695875)

LINESTRING (451.783675 133.007319, 468.531293 111.008019)

LINESTRING (451.783675 133.007319, 456.224769 146.814936)

LINESTRING (451.783675 133.007319, 468.776485 163.823245)

LINESTRING (451.783675 133.007319, 492.549520 155.418698)

LINESTRING (451.783675 133.007319, 517.039423 159.306994)

LINESTRING (451.783675 133.007319, 504.071562 117.081857)

LINESTRING (451.783675 133.007319, 472.730570 107.420210)

LINESTRING (451.783675 133.007319, 457.544069 109.096251)

LINESTRING (451.783675 133.007319, 522.282355 160.324741)

LINESTRING (451.783675 133.007319, 488.912022 150.284872)

LINESTRING (451.783675 133.007319, 500.093272 165.007020)

LINESTRING (451.783675 133.007319, 469.316334 179.935428)

LINESTRING (451.783675 133.007319, 453.000355 102.526323)

LINESTRING (451.783675 133.007319, 472.670764 178.054482)

LINESTRING (490.392932 173.454284, 494.810494 165.897063)

LINESTRING (490.392932 173.454284, 478.472042 102.120292)

LINESTRING (490.392932 173.454284, 504.787071 124.044686)

LINESTRING (490.392932 173.454284, 480.756844 169.791712)

LINESTRING (490.392932 173.454284, 524.385248 108.199761)

LINESTRING (490.392932 173.454284, 494.256291 166.695875)

LINESTRING (490.392932 173.454284, 468.531293 111.008019)

LINESTRING (490.392932 173.454284, 456.224769 146.814936)

LINESTRING (490.392932 173.454284, 468.776485 163.823245)

LINESTRING (490.392932 173.454284, 492.582787 142.145254)

LINESTRING (490.392932 173.454284, 467.125776 145.660225)

LINESTRING (490.392932 173.454284, 492.123773 178.390964)

LINESTRING (490.392932 173.454284, 492.549520 155.418698)

LINESTRING (490.392932 173.454284, 517.039423 159.306994)

LINESTRING (490.392932 173.454284, 506.620052 161.855821)

LINESTRING (490.392932 173.454284, 504.071562 117.081857)

LINESTRING (490.392932 173.454284, 457.544069 109.096251)

LINESTRING (490.392932 173.454284, 522.282355 160.324741)

LINESTRING (490.392932 173.454284, 488.912022 150.284872)

LINESTRING (490.392932 173.454284, 469.316334 179.935428)

LINESTRING (490.392932 173.454284, 517.896656 169.866995)

LINESTRING (490.392932 173.454284, 472.670764 178.054482)

LINESTRING (490.392932 173.454284, 453.626054 169.838500)

LINESTRING (494.810494 165.897063, 462.837975 105.261366)

LINESTRING (494.810494 165.897063, 478.472042 102.120292)

LINESTRING (494.810494 165.897063, 504.787071 124.044686)

LINESTRING (494.810494 165.897063, 494.256291 166.695875)

LINESTRING (494.810494 165.897063, 468.531293 111.008019)

LINESTRING (494.810494 165.897063, 456.224769 146.814936)

LINESTRING (494.810494 165.897063, 468.776485 163.823245)

LINESTRING (494.810494 165.897063, 492.582787 142.145254)

LINESTRING (494.810494 165.897063, 467.125776 145.660225)

LINESTRING (494.810494 165.897063, 492.123773 178.390964)

LINESTRING (494.810494 165.897063, 492.549520 155.418698)

LINESTRING (494.810494 165.897063, 517.039423 159.306994)

LINESTRING (494.810494 165.897063, 506.620052 161.855821)

LINESTRING (494.810494 165.897063, 504.071562 117.081857)

LINESTRING (494.810494 165.897063, 472.730570 107.420210)

LINESTRING (494.810494 165.897063, 457.544069 109.096251)

LINESTRING (494.810494 165.897063, 522.282355 160.324741)

LINESTRING (494.810494 165.897063, 488.912022 150.284872)

LINESTRING (494.810494 165.897063, 500.093272 165.007020)

LINESTRING (494.810494 165.897063, 469.316334 179.935428)

LINESTRING (494.810494 165.897063, 453.626054 169.838500)

LINESTRING (462.837975 105.261366, 478.472042 102.120292)

LINESTRING (462.837975 105.261366, 504.787071 124.044686)

LINESTRING (462.837975 105.261366, 524.385248 108.199761)

LINESTRING (462.837975 105.261366, 494.256291 166.695875)

LINESTRING (462.837975 105.261366, 468.531293 111.008019)

LINESTRING (462.837975 105.261366, 456.224769 146.814936)

LINESTRING (462.837975 105.261366, 468.776485 163.823245)

LINESTRING (462.837975 105.261366, 492.582787 142.145254)

LINESTRING (462.837975 105.261366, 467.125776 145.660225)

LINESTRING (462.837975 105.261366, 492.123773 178.390964)

LINESTRING (462.837975 105.261366, 492.549520 155.418698)

LINESTRING (462.837975 105.261366, 517.039423 159.306994)

LINESTRING (462.837975 105.261366, 506.620052 161.855821)

LINESTRING (462.837975 105.261366, 504.071562 117.081857)

LINESTRING (462.837975 105.261366, 472.730570 107.420210)

LINESTRING (462.837975 105.261366, 457.544069 109.096251)

LINESTRING (462.837975 105.261366, 522.282355 160.324741)

LINESTRING (462.837975 105.261366, 488.912022 150.284872)

LINESTRING (462.837975 105.261366, 500.093272 165.007020)

LINESTRING (462.837975 105.261366, 469.316334 179.935428)

LINESTRING (462.837975 105.261366, 517.896656 169.866995)

LINESTRING (462.837975 105.261366, 453.000355 102.526323)

LINESTRING (462.837975 105.261366, 472.670764 178.054482)

LINESTRING (462.837975 105.261366, 453.626054 169.838500)

LINESTRING (478.472042 102.120292, 504.787071 124.044686)

LINESTRING (478.472042 102.120292, 480.756844 169.791712)

LINESTRING (478.472042 102.120292, 524.385248 108.199761)

LINESTRING (478.472042 102.120292, 494.256291 166.695875)

LINESTRING (478.472042 102.120292, 468.531293 111.008019)

LINESTRING (478.472042 102.120292, 456.224769 146.814936)

LINESTRING (478.472042 102.120292, 467.125776 145.660225)

LINESTRING (478.472042 102.120292, 492.549520 155.418698)

LINESTRING (478.472042 102.120292, 517.039423 159.306994)

LINESTRING (478.472042 102.120292, 506.620052 161.855821)

LINESTRING (478.472042 102.120292, 504.071562 117.081857)

LINESTRING (478.472042 102.120292, 472.730570 107.420210)

LINESTRING (478.472042 102.120292, 522.282355 160.324741)

LINESTRING (478.472042 102.120292, 488.912022 150.284872)

LINESTRING (478.472042 102.120292, 500.093272 165.007020)

LINESTRING (478.472042 102.120292, 472.670764 178.054482)

LINESTRING (478.472042 102.120292, 453.626054 169.838500)

LINESTRING (504.787071 124.044686, 480.756844 169.791712)

LINESTRING (504.787071 124.044686, 524.385248 108.199761)

LINESTRING (504.787071 124.044686, 494.256291 166.695875)

LINESTRING (504.787071 124.044686, 468.531293 111.008019)

LINESTRING (504.787071 124.044686, 468.776485 163.823245)

LINESTRING (504.787071 124.044686, 492.582787 142.145254)

LINESTRING (504.787071 124.044686, 467.125776 145.660225)

LINESTRING (504.787071 124.044686, 492.123773 178.390964)

LINESTRING (504.787071 124.044686, 492.549520 155.418698)

LINESTRING (504.787071 124.044686, 517.039423 159.306994)

LINESTRING (504.787071 124.044686, 506.620052 161.855821)

LINESTRING (504.787071 124.044686, 504.071562 117.081857)

LINESTRING (504.787071 124.044686, 472.730570 107.420210)

LINESTRING (504.787071 124.044686, 457.544069 109.096251)

LINESTRING (504.787071 124.044686, 522.282355 160.324741)

LINESTRING (504.787071 124.044686, 488.912022 150.284872)

LINESTRING (504.787071 124.044686, 500.093272 165.007020)

LINESTRING (504.787071 124.044686, 469.316334 179.935428)

LINESTRING (504.787071 124.044686, 517.896656 169.866995)

LINESTRING (504.787071 124.044686, 472.670764 178.054482)

LINESTRING (504.787071 124.044686, 453.626054 169.838500)

LINESTRING (480.756844 169.791712, 524.385248 108.199761)

LINESTRING (480.756844 169.791712, 468.531293 111.008019)

LINESTRING (480.756844 169.791712, 456.224769 146.814936)

LINESTRING (480.756844 169.791712, 468.776485 163.823245)

LINESTRING (480.756844 169.791712, 492.582787 142.145254)

LINESTRING (480.756844 169.791712, 492.123773 178.390964)

LINESTRING (480.756844 169.791712, 492.549520 155.418698)

LINESTRING (480.756844 169.791712, 506.620052 161.855821)

LINESTRING (480.756844 169.791712, 504.071562 117.081857)

LINESTRING (480.756844 169.791712, 522.282355 160.324741)

LINESTRING (480.756844 169.791712, 488.912022 150.284872)

LINESTRING (480.756844 169.791712, 500.093272 165.007020)

LINESTRING (480.756844 169.791712, 469.316334 179.935428)

LINESTRING (480.756844 169.791712, 517.896656 169.866995)

LINESTRING (480.756844 169.791712, 453.000355 102.526323)

LINESTRING (480.756844 169.791712, 472.670764 178.054482)

LINESTRING (480.756844 169.791712, 453.626054 169.838500)

LINESTRING (524.385248 108.199761, 468.531293 111.008019)

LINESTRING (524.385248 108.199761, 456.224769 146.814936)

LINESTRING (524.385248 108.199761, 468.776485 163.823245)

LINESTRING (524.385248 108.199761, 467.125776 145.660225)

LINESTRING (524.385248 108.199761, 492.123773 178.390964)

LINESTRING (524.385248 108.199761, 492.549520 155.418698)

LINESTRING (524.385248 108.199761, 517.039423 159.306994)

LINESTRING (524.385248 108.199761, 506.620052 161.855821)

LINESTRING (524.385248 108.199761, 504.071562 117.081857)

LINESTRING (524.385248 108.199761, 472.730570 107.420210)

LINESTRING (524.385248 108.199761, 522.282355 160.324741)

LINESTRING (524.385248 108.199761, 469.316334 179.935428)

LINESTRING (524.385248 108.199761, 517.896656 169.866995)

LINESTRING (524.385248 108.199761, 453.000355 102.526323)

LINESTRING (524.385248 108.199761, 472.670764 178.054482)

LINESTRING (524.385248 108.199761, 453.626054 169.838500)

LINESTRING (494.256291 166.695875, 456.224769 146.814936)

LINESTRING (494.256291 166.695875, 492.582787 142.145254)

LINESTRING (494.256291 166.695875, 467.125776 145.660225)

LINESTRING (494.256291 166.695875, 492.123773 178.390964)

LINESTRING (494.256291 166.695875, 492.549520 155.418698)

LINESTRING (494.256291 166.695875, 506.620052 161.855821)

LINESTRING (494.256291 166.695875, 504.071562 117.081857)

LINESTRING (494.256291 166.695875, 472.730570 107.420210)

LINESTRING (494.256291 166.695875, 457.544069 109.096251)

LINESTRING (494.256291 166.695875, 522.282355 160.324741)

LINESTRING (494.256291 166.695875, 488.912022 150.284872)

LINESTRING (494.256291 166.695875, 500.093272 165.007020)

LINESTRING (494.256291 166.695875, 517.896656 169.866995)

LINESTRING (494.256291 166.695875, 453.000355 102.526323)

LINESTRING (494.256291 166.695875, 472.670764 178.054482)

LINESTRING (468.531293 111.008019, 468.776485 163.823245)

LINESTRING (468.531293 111.008019, 467.125776 145.660225)

LINESTRING (468.531293 111.008019, 492.549520 155.418698)

LINESTRING (468.531293 111.008019, 506.620052 161.855821)

LINESTRING (468.531293 111.008019, 504.071562 117.081857)

LINESTRING (468.531293 111.008019, 472.730570 107.420210)

LINESTRING (468.531293 111.008019, 457.544069 109.096251)

LINESTRING (468.531293 111.008019, 488.912022 150.284872)

LINESTRING (468.531293 111.008019, 500.093272 165.007020)

LINESTRING (468.531293 111.008019, 469.316334 179.935428)

LINESTRING (468.531293 111.008019, 517.896656 169.866995)

LINESTRING (468.531293 111.008019, 453.000355 102.526323)

LINESTRING (468.531293 111.008019, 472.670764 178.054482)

LINESTRING (468.531293 111.008019, 453.626054 169.838500)

LINESTRING (456.224769 146.814936, 468.776485 163.823245)

LINESTRING (456.224769 146.814936, 467.125776 145.660225)

LINESTRING (456.224769 146.814936, 492.549520 155.418698)

LINESTRING (456.224769 146.814936, 517.039423 159.306994)

LINESTRING (456.224769 146.814936, 506.620052 161.855821)

LINESTRING (456.224769 146.814936, 504.071562 117.081857)

LINESTRING (456.224769 146.814936, 457.544069 109.096251)

LINESTRING (456.224769 146.814936, 522.282355 160.324741)

LINESTRING (456.224769 146.814936, 488.912022 150.284872)

LINESTRING (456.224769 146.814936, 500.093272 165.007020)

LINESTRING (456.224769 146.814936, 469.316334 179.935428)

LINESTRING (456.224769 146.814936, 453.000355 102.526323)

LINESTRING (456.224769 146.814936, 472.670764 178.054482)

LINESTRING (456.224769 146.814936, 453.626054 169.838500)

LINESTRING (468.776485 163.823245, 492.582787 142.145254)

LINESTRING (468.776485 163.823245, 467.125776 145.660225)

LINESTRING (468.776485 163.823245, 492.123773 178.390964)

LINESTRING (468.776485 163.823245, 492.549520 155.418698)

LINESTRING (468.776485 163.823245, 517.039423 159.306994)

LINESTRING (468.776485 163.823245, 506.620052 161.855821)

LINESTRING (468.776485 163.823245, 504.071562 117.081857)

LINESTRING (468.776485 163.823245, 472.730570 107.420210)

LINESTRING (468.776485 163.823245, 457.544069 109.096251)

LINESTRING (468.776485 163.823245, 522.282355 160.324741)

LINESTRING (468.776485 163.823245, 488.912022 150.284872)

LINESTRING (468.776485 163.823245, 500.093272 165.007020)

LINESTRING (468.776485 163.823245, 469.316334 179.935428)

LINESTRING (468.776485 163.823245, 517.896656 169.866995)

LINESTRING (468.776485 163.823245, 453.000355 102.526323)

LINESTRING (468.776485 163.823245, 472.670764 178.054482)

LINESTRING (468.776485 163.823245, 453.626054 169.838500)

LINESTRING (492.582787 142.145254, 492.123773 178.390964)

LINESTRING (492.582787 142.145254, 492.549520 155.418698)

LINESTRING (492.582787 142.145254, 506.620052 161.855821)

LINESTRING (492.582787 142.145254, 504.071562 117.081857)

LINESTRING (492.582787 142.145254, 472.730570 107.420210)

LINESTRING (492.582787 142.145254, 522.282355 160.324741)

LINESTRING (492.582787 142.145254, 500.093272 165.007020)

LINESTRING (492.582787 142.145254, 469.316334 179.935428)

LINESTRING (492.582787 142.145254, 517.896656 169.866995)

LINESTRING (492.582787 142.145254, 453.000355 102.526323)

LINESTRING (492.582787 142.145254, 472.670764 178.054482)

LINESTRING (492.582787 142.145254, 453.626054 169.838500)

LINESTRING (467.125776 145.660225, 492.123773 178.390964)

LINESTRING (467.125776 145.660225, 492.549520 155.418698)

LINESTRING (467.125776 145.660225, 517.039423 159.306994)

LINESTRING (467.125776 145.660225, 506.620052 161.855821)

LINESTRING (467.125776 145.660225, 504.071562 117.081857)

LINESTRING (467.125776 145.660225, 472.730570 107.420210)

LINESTRING (467.125776 145.660225, 457.544069 109.096251)

LINESTRING (467.125776 145.660225, 488.912022 150.284872)

LINESTRING (467.125776 145.660225, 500.093272 165.007020)

LINESTRING (467.125776 145.660225, 517.896656 169.866995)

LINESTRING (467.125776 145.660225, 453.626054 169.838500)

LINESTRING (492.123773 178.390964, 492.549520 155.418698)

LINESTRING (492.123773 178.390964, 506.620052 161.855821)

LINESTRING (492.123773 178.390964, 472.730570 107.420210)

LINESTRING (492.123773 178.390964, 457.544069 109.096251)

LINESTRING (492.123773 178.390964, 522.282355 160.324741)

LINESTRING (492.123773 178.390964, 488.912022 150.284872)

LINESTRING (492.123773 178.390964, 500.093272 165.007020)

LINESTRING (492.123773 178.390964, 469.316334 179.935428)

LINESTRING (492.123773 178.390964, 517.896656 169.866995)

LINESTRING (492.123773 178.390964, 453.000355 102.526323)

LINESTRING (492.123773 178.390964, 472.670764 178.054482)

LINESTRING (492.123773 178.390964, 453.626054 169.838500)

LINESTRING (492.549520 155.418698, 504.071562 117.081857)

LINESTRING (492.549520 155.418698, 472.730570 107.420210)

LINESTRING (492.549520 155.418698, 457.544069 109.096251)

LINESTRING (492.549520 155.418698, 522.282355 160.324741)

LINESTRING (492.549520 155.418698, 488.912022 150.284872)

LINESTRING (492.549520 155.418698, 453.000355 102.526323)

LINESTRING (492.549520 155.418698, 472.670764 178.054482)

LINESTRING (517.039423 159.306994, 506.620052 161.855821)

LINESTRING (517.039423 159.306994, 504.071562 117.081857)

LINESTRING (517.039423 159.306994, 457.544069 109.096251)

LINESTRING (517.039423 159.306994, 522.282355 160.324741)

LINESTRING (517.039423 159.306994, 488.912022 150.284872)

LINESTRING (517.039423 159.306994, 500.093272 165.007020)

LINESTRING (517.039423 159.306994, 469.316334 179.935428)

LINESTRING (517.039423 159.306994, 453.000355 102.526323)

LINESTRING (517.039423 159.306994, 472.670764 178.054482)

LINESTRING (506.620052 161.855821, 504.071562 117.081857)

LINESTRING (506.620052 161.855821, 472.730570 107.420210)

LINESTRING (506.620052 161.855821, 457.544069 109.096251)

LINESTRING (506.620052 161.855821, 522.282355 160.324741)

LINESTRING (506.620052 161.855821, 500.093272 165.007020)

LINESTRING (506.620052 161.855821, 469.316334 179.935428)

LINESTRING (506.620052 161.855821, 517.896656 169.866995)

LINESTRING (506.620052 161.855821, 453.000355 102.526323)

LINESTRING (506.620052 161.855821, 472.670764 178.054482)

LINESTRING (506.620052 161.855821, 453.626054 169.838500)

LINESTRING (504.071562 117.081857, 472.730570 107.420210)

LINESTRING (504.071562 117.081857, 457.544069 109.096251)

LINESTRING (504.071562 117.081857, 522.282355 160.324741)

LINESTRING (504.071562 117.081857, 488.912022 150.284872)

LINESTRING (504.071562 117.081857, 500.093272 165.007020)

LINESTRING (504.071562 117.081857, 469.316334 179.935428)

LINESTRING (504.071562 117.081857, 453.000355 102.526323)

LINESTRING (504.071562 117.081857, 472.670764 178.054482)

LINESTRING (504.071562 117.081857, 453.626054 169.838500)

LINESTRING (472.730570 107.420210, 457.544069 109.096251)

LINESTRING (472.730570 107.420210, 522.282355 160.324741)

LINESTRING (472.730570 107.420210, 488.912022 150.284872)

LINESTRING (472.730570 107.420210, 500.093272 165.007020)

LINESTRING (472.730570 107.420210, 469.316334 179.935428)

LINESTRING (472.730570 107.420210, 517.896656 169.866995)

LINESTRING (472.730570 107.420210, 472.670764 178.054482)

LINESTRING (472.730570 107.420210, 453.626054 169.838500)

LINESTRING (457.544069 109.096251, 522.282355 160.324741)

LINESTRING (457.544069 109.096251, 500.093272 165.007020)

LINESTRING (457.544069 109.096251, 517.896656 169.866995)

LINESTRING (457.544069 109.096251, 472.670764 178.054482)

LINESTRING (457.544069 109.096251, 453.626054 169.838500)

LINESTRING (522.282355 160.324741, 488.912022 150.284872)

LINESTRING (522.282355 160.324741, 500.093272 165.007020)

LINESTRING (522.282355 160.324741, 469.316334 179.935428)

LINESTRING (522.282355 160.324741, 517.896656 169.866995)

LINESTRING (522.282355 160.324741, 453.000355 102.526323)

LINESTRING (522.282355 160.324741, 472.670764 178.054482)

LINESTRING (522.282355 160.324741, 453.626054 169.838500)

LINESTRING (488.912022 150.284872, 500.093272 165.007020)

LINESTRING (488.912022 150.284872, 453.000355 102.526323)

LINESTRING (488.912022 150.284872, 472.670764 178.054482)

LINESTRING (488.912022 150.284872, 453.626054 169.838500)

LINESTRING (500.093272 165.007020, 469.316334 179.935428)

LINESTRING (500.093272 165.007020, 453.000355 102.526323)

LINESTRING (500.093272 165.007020, 472.670764 178.054482)

LINESTRING (500.093272 165.007020, 453.626054 169.838500)

LINESTRING (469.316334 179.935428, 517.896656 169.866995)

LINESTRING (469.316334 179.935428, 453.000355 102.526323)

LINESTRING (469.316334 179.935428, 472.670764 178.054482)

LINESTRING (469.316334 179.935428, 453.626054 169.838500)

LINESTRING (517.896656 169.866995, 472.670764 178.054482)

LINESTRING (517.896656 169.866995, 453.626054 169.838500)

LINESTRING (472.670764 178.054482, 453.626054 169.838500)

LINESTRING (827.546512 111.896420, 847.797530 144.001687)

LINESTRING (827.546512 111.896420, 808.099918 147.467352)

LINESTRING (827.546512 111.896420, 826.919436 153.235168)

LINESTRING (827.546512 111.896420, 877.779878 129.486492)

LINESTRING (827.546512 111.896420, 872.498810 119.609349)

LINESTRING (827.546512 111.896420, 804.419281 119.672854)

LINESTRING (827.546512 111.896420, 833.663953 118.590677)

LINESTRING (827.546512 111.896420, 846.678851 144.827370)

LINESTRING (827.546512 111.896420, 842.485791 141.423873)

LINESTRING (827.546512 111.896420, 808.594963 124.882877)

LINESTRING (827.546512 111.896420, 861.013571 160.348867)

LINESTRING (827.546512 111.896420, 802.087416 154.896382)

LINESTRING (827.546512 111.896420, 832.935600 168.341921)

LINESTRING (827.546512 111.896420, 826.545719 149.480005)

LINESTRING (827.546512 111.896420, 849.806753 115.915238)

LINESTRING (827.546512 111.896420, 820.167005 115.522441)

LINESTRING (827.546512 111.896420, 866.893652 168.799536)

LINESTRING (827.546512 111.896420, 812.298612 128.484501)

LINESTRING (827.546512 111.896420, 819.391502 111.186981)

LINESTRING (827.546512 111.896420, 820.129594 155.471461)

LINESTRING (827.546512 111.896420, 810.237011 123.194456)

LINESTRING (827.546512 111.896420, 872.642158 155.851345)

LINESTRING (827.546512 111.896420, 801.244087 125.626234)

LINESTRING (827.546512 111.896420, 870.001459 171.404082)

LINESTRING (827.546512 111.896420, 858.725829 168.025476)

LINESTRING (827.546512 111.896420, 846.136018 148.071444)

LINESTRING (827.546512 111.896420, 859.595242 164.523202)

LINESTRING (827.546512 111.896420, 830.790223 135.639591)

LINESTRING (827.546512 111.896420, 858.861882 110.955497)

LINESTRING (827.546512 111.896420, 812.565625 178.660892)

LINESTRING (827.546512 111.896420, 849.815843 114.598669)

LINESTRING (827.546512 111.896420, 815.466675 154.248290)

LINESTRING (827.546512 111.896420, 848.347349 116.678337)

LINESTRING (827.546512 111.896420, 800.477122 135.915424)

LINESTRING (827.546512 111.896420, 842.883207 142.345035)

LINESTRING (827.546512 111.896420, 854.814863 148.125256)

LINESTRING (827.546512 111.896420, 858.519392 173.307437)

LINESTRING (827.546512 111.896420, 809.486554 119.606092)

LINESTRING (827.546512 111.896420, 851.726036 155.827527)

LINESTRING (827.546512 111.896420, 803.924079 169.258548)

LINESTRING (827.546512 111.896420, 866.818820 179.570307)

LINESTRING (827.546512 111.896420, 835.571965 124.360627)

LINESTRING (827.546512 111.896420, 816.457185 105.169298)

LINESTRING (827.546512 111.896420, 829.276807 162.977992)

LINESTRING (827.546512 111.896420, 865.854790 106.282708)

LINESTRING (827.546512 111.896420, 806.276795 109.497868)

LINESTRING (818.129192 121.385982, 847.797530 144.001687)

LINESTRING (818.129192 121.385982, 826.919436 153.235168)

LINESTRING (818.129192 121.385982, 877.779878 129.486492)

LINESTRING (818.129192 121.385982, 872.498810 119.609349)

LINESTRING (818.129192 121.385982, 800.054996 140.154332)

LINESTRING (818.129192 121.385982, 804.419281 119.672854)

LINESTRING (818.129192 121.385982, 833.663953 118.590677)

LINESTRING (818.129192 121.385982, 846.678851 144.827370)

LINESTRING (818.129192 121.385982, 842.485791 141.423873)

LINESTRING (818.129192 121.385982, 844.511138 128.395046)

LINESTRING (818.129192 121.385982, 808.594963 124.882877)

LINESTRING (818.129192 121.385982, 861.013571 160.348867)

LINESTRING (818.129192 121.385982, 832.935600 168.341921)

LINESTRING (818.129192 121.385982, 826.545719 149.480005)

LINESTRING (818.129192 121.385982, 849.806753 115.915238)

LINESTRING (818.129192 121.385982, 801.674219 149.861588)

LINESTRING (818.129192 121.385982, 820.167005 115.522441)

LINESTRING (818.129192 121.385982, 820.129594 155.471461)

LINESTRING (818.129192 121.385982, 810.237011 123.194456)

LINESTRING (818.129192 121.385982, 872.642158 155.851345)

LINESTRING (818.129192 121.385982, 801.244087 125.626234)

LINESTRING (818.129192 121.385982, 870.001459 171.404082)

LINESTRING (818.129192 121.385982, 858.725829 168.025476)

LINESTRING (818.129192 121.385982, 833.590469 122.721683)

LINESTRING (818.129192 121.385982, 846.136018 148.071444)

LINESTRING (818.129192 121.385982, 858.861882 110.955497)

LINESTRING (818.129192 121.385982, 817.988486 157.550875)

LINESTRING (818.129192 121.385982, 812.565625 178.660892)

LINESTRING (818.129192 121.385982, 870.109241 100.004521)

LINESTRING (818.129192 121.385982, 848.347349 116.678337)

LINESTRING (818.129192 121.385982, 800.477122 135.915424)

LINESTRING (818.129192 121.385982, 838.159496 170.991858)

LINESTRING (818.129192 121.385982, 854.814863 148.125256)

LINESTRING (818.129192 121.385982, 847.829995 122.460349)

LINESTRING (818.129192 121.385982, 858.519392 173.307437)

LINESTRING (818.129192 121.385982, 809.486554 119.606092)

LINESTRING (818.129192 121.385982, 851.726036 155.827527)

LINESTRING (818.129192 121.385982, 866.818820 179.570307)

LINESTRING (818.129192 121.385982, 816.457185 105.169298)

LINESTRING (818.129192 121.385982, 829.276807 162.977992)

LINESTRING (818.129192 121.385982, 865.854790 106.282708)

LINESTRING (818.129192 121.385982, 806.276795 109.497868)

LINESTRING (847.797530 144.001687, 808.099918 147.467352)

LINESTRING (847.797530 144.001687, 872.498810 119.609349)

LINESTRING (847.797530 144.001687, 800.054996 140.154332)

LINESTRING (847.797530 144.001687, 804.419281 119.672854)

LINESTRING (847.797530 144.001687, 846.238626 110.118571)

LINESTRING (847.797530 144.001687, 833.663953 118.590677)

LINESTRING (847.797530 144.001687, 846.678851 144.827370)

LINESTRING (847.797530 144.001687, 842.485791 141.423873)

LINESTRING (847.797530 144.001687, 845.726626 176.698300)

LINESTRING (847.797530 144.001687, 844.511138 128.395046)

LINESTRING (847.797530 144.001687, 808.594963 124.882877)

LINESTRING (847.797530 144.001687, 802.087416 154.896382)

LINESTRING (847.797530 144.001687, 832.935600 168.341921)

LINESTRING (847.797530 144.001687, 849.806753 115.915238)

LINESTRING (847.797530 144.001687, 820.167005 115.522441)

LINESTRING (847.797530 144.001687, 866.893652 168.799536)

LINESTRING (847.797530 144.001687, 855.263376 138.831912)

LINESTRING (847.797530 144.001687, 812.298612 128.484501)

LINESTRING (847.797530 144.001687, 819.391502 111.186981)

LINESTRING (847.797530 144.001687, 820.129594 155.471461)

LINESTRING (847.797530 144.001687, 810.237011 123.194456)

LINESTRING (847.797530 144.001687, 872.642158 155.851345)

LINESTRING (847.797530 144.001687, 801.244087 125.626234)

LINESTRING (847.797530 144.001687, 870.001459 171.404082)

LINESTRING (847.797530 144.001687, 858.725829 168.025476)

LINESTRING (847.797530 144.001687, 846.136018 148.071444)

LINESTRING (847.797530 144.001687, 859.595242 164.523202)

LINESTRING (847.797530 144.001687, 830.790223 135.639591)

LINESTRING (847.797530 144.001687, 858.861882 110.955497)

LINESTRING (847.797530 144.001687, 817.988486 157.550875)

LINESTRING (847.797530 144.001687, 849.815843 114.598669)

LINESTRING (847.797530 144.001687, 815.466675 154.248290)

LINESTRING (847.797530 144.001687, 800.477122 135.915424)

LINESTRING (847.797530 144.001687, 842.883207 142.345035)

LINESTRING (847.797530 144.001687, 854.814863 148.125256)

LINESTRING (847.797530 144.001687, 847.829995 122.460349)

LINESTRING (847.797530 144.001687, 843.168824 145.950855)

LINESTRING (847.797530 144.001687, 809.486554 119.606092)

LINESTRING (847.797530 144.001687, 835.571965 124.360627)

LINESTRING (847.797530 144.001687, 829.276807 162.977992)

LINESTRING (847.797530 144.001687, 865.854790 106.282708)

LINESTRING (847.797530 144.001687, 806.276795 109.497868)

LINESTRING (808.099918 147.467352, 826.919436 153.235168)

LINESTRING (808.099918 147.467352, 877.779878 129.486492)

LINESTRING (808.099918 147.467352, 872.498810 119.609349)

LINESTRING (808.099918 147.467352, 800.054996 140.154332)

LINESTRING (808.099918 147.467352, 804.419281 119.672854)

LINESTRING (808.099918 147.467352, 846.238626 110.118571)

LINESTRING (808.099918 147.467352, 846.678851 144.827370)

LINESTRING (808.099918 147.467352, 842.485791 141.423873)

LINESTRING (808.099918 147.467352, 845.726626 176.698300)

LINESTRING (808.099918 147.467352, 844.511138 128.395046)

LINESTRING (808.099918 147.467352, 808.594963 124.882877)

LINESTRING (808.099918 147.467352, 832.935600 168.341921)

LINESTRING (808.099918 147.467352, 826.545719 149.480005)

LINESTRING (808.099918 147.467352, 801.674219 149.861588)

LINESTRING (808.099918 147.467352, 866.893652 168.799536)

LINESTRING (808.099918 147.467352, 855.263376 138.831912)

LINESTRING (808.099918 147.467352, 819.391502 111.186981)

LINESTRING (808.099918 147.467352, 820.129594 155.471461)

LINESTRING (808.099918 147.467352, 810.237011 123.194456)

LINESTRING (808.099918 147.467352, 872.642158 155.851345)

LINESTRING (808.099918 147.467352, 870.001459 171.404082)

LINESTRING (808.099918 147.467352, 858.725829 168.025476)

LINESTRING (808.099918 147.467352, 833.590469 122.721683)

LINESTRING (808.099918 147.467352, 846.136018 148.071444)

LINESTRING (808.099918 147.467352, 859.595242 164.523202)

LINESTRING (808.099918 147.467352, 858.861882 110.955497)

LINESTRING (808.099918 147.467352, 817.988486 157.550875)

LINESTRING (808.099918 147.467352, 870.109241 100.004521)

LINESTRING (808.099918 147.467352, 849.815843 114.598669)

LINESTRING (808.099918 147.467352, 815.466675 154.248290)

LINESTRING (808.099918 147.467352, 848.347349 116.678337)

LINESTRING (808.099918 147.467352, 800.477122 135.915424)

LINESTRING (808.099918 147.467352, 838.159496 170.991858)

LINESTRING (808.099918 147.467352, 842.883207 142.345035)

LINESTRING (808.099918 147.467352, 854.814863 148.125256)

LINESTRING (808.099918 147.467352, 847.829995 122.460349)

LINESTRING (808.099918 147.467352, 809.486554 119.606092)

LINESTRING (808.099918 147.467352, 803.924079 169.258548)

LINESTRING (808.099918 147.467352, 866.818820 179.570307)

LINESTRING (808.099918 147.467352, 835.571965 124.360627)

LINESTRING (808.099918 147.467352, 816.457185 105.169298)

LINESTRING (808.099918 147.467352, 829.276807 162.977992)

LINESTRING (808.099918 147.467352, 806.276795 109.497868)

LINESTRING (826.919436 153.235168, 877.779878 129.486492)

LINESTRING (826.919436 153.235168, 872.498810 119.609349)

LINESTRING (826.919436 153.235168, 800.054996 140.154332)

LINESTRING (826.919436 153.235168, 804.419281 119.672854)

LINESTRING (826.919436 153.235168, 846.238626 110.118571)

LINESTRING (826.919436 153.235168, 833.663953 118.590677)

LINESTRING (826.919436 153.235168, 846.678851 144.827370)

LINESTRING (826.919436 153.235168, 842.485791 141.423873)

LINESTRING (826.919436 153.235168, 845.726626 176.698300)

LINESTRING (826.919436 153.235168, 844.511138 128.395046)

LINESTRING (826.919436 153.235168, 861.013571 160.348867)

LINESTRING (826.919436 153.235168, 802.087416 154.896382)

LINESTRING (826.919436 153.235168, 832.935600 168.341921)

LINESTRING (826.919436 153.235168, 826.545719 149.480005)

LINESTRING (826.919436 153.235168, 849.806753 115.915238)

LINESTRING (826.919436 153.235168, 820.167005 115.522441)

LINESTRING (826.919436 153.235168, 866.893652 168.799536)

LINESTRING (826.919436 153.235168, 855.263376 138.831912)

LINESTRING (826.919436 153.235168, 819.391502 111.186981)

LINESTRING (826.919436 153.235168, 820.129594 155.471461)

LINESTRING (826.919436 153.235168, 870.001459 171.404082)

LINESTRING (826.919436 153.235168, 833.590469 122.721683)

LINESTRING (826.919436 153.235168, 846.136018 148.071444)

LINESTRING (826.919436 153.235168, 859.595242 164.523202)

LINESTRING (826.919436 153.235168, 830.790223 135.639591)

LINESTRING (826.919436 153.235168, 858.861882 110.955497)

LINESTRING (826.919436 153.235168, 817.988486 157.550875)

LINESTRING (826.919436 153.235168, 812.565625 178.660892)

LINESTRING (826.919436 153.235168, 870.109241 100.004521)

LINESTRING (826.919436 153.235168, 849.815843 114.598669)

LINESTRING (826.919436 153.235168, 815.466675 154.248290)

LINESTRING (826.919436 153.235168, 848.347349 116.678337)

LINESTRING (826.919436 153.235168, 800.477122 135.915424)

LINESTRING (826.919436 153.235168, 842.883207 142.345035)

LINESTRING (826.919436 153.235168, 847.829995 122.460349)

LINESTRING (826.919436 153.235168, 858.519392 173.307437)

LINESTRING (826.919436 153.235168, 843.168824 145.950855)

LINESTRING (826.919436 153.235168, 809.486554 119.606092)

LINESTRING (826.919436 153.235168, 851.726036 155.827527)

LINESTRING (826.919436 153.235168, 803.924079 169.258548)

LINESTRING (826.919436 153.235168, 866.818820 179.570307)

LINESTRING (826.919436 153.235168, 835.571965 124.360627)

LINESTRING (826.919436 153.235168, 829.276807 162.977992)

LINESTRING (826.919436 153.235168, 865.854790 106.282708)

LINESTRING (826.919436 153.235168, 806.276795 109.497868)

LINESTRING (877.779878 129.486492, 872.498810 119.609349)

LINESTRING (877.779878 129.486492, 800.054996 140.154332)

LINESTRING (877.779878 129.486492, 804.419281 119.672854)

LINESTRING (877.779878 129.486492, 833.663953 118.590677)

LINESTRING (877.779878 129.486492, 846.678851 144.827370)

LINESTRING (877.779878 129.486492, 842.485791 141.423873)

LINESTRING (877.779878 129.486492, 845.726626 176.698300)

LINESTRING (877.779878 129.486492, 844.511138 128.395046)

LINESTRING (877.779878 129.486492, 808.594963 124.882877)

LINESTRING (877.779878 129.486492, 861.013571 160.348867)

LINESTRING (877.779878 129.486492, 802.087416 154.896382)

LINESTRING (877.779878 129.486492, 832.935600 168.341921)

LINESTRING (877.779878 129.486492, 849.806753 115.915238)

LINESTRING (877.779878 129.486492, 801.674219 149.861588)

LINESTRING (877.779878 129.486492, 820.167005 115.522441)

LINESTRING (877.779878 129.486492, 866.893652 168.799536)

LINESTRING (877.779878 129.486492, 855.263376 138.831912)

LINESTRING (877.779878 129.486492, 812.298612 128.484501)

LINESTRING (877.779878 129.486492, 872.642158 155.851345)

LINESTRING (877.779878 129.486492, 870.001459 171.404082)

LINESTRING (877.779878 129.486492, 858.725829 168.025476)

LINESTRING (877.779878 129.486492, 846.136018 148.071444)

LINESTRING (877.779878 129.486492, 859.595242 164.523202)

LINESTRING (877.779878 129.486492, 817.988486 157.550875)

LINESTRING (877.779878 129.486492, 849.815843 114.598669)

LINESTRING (877.779878 129.486492, 815.466675 154.248290)

LINESTRING (877.779878 129.486492, 848.347349 116.678337)

LINESTRING (877.779878 129.486492, 800.477122 135.915424)

LINESTRING (877.779878 129.486492, 838.159496 170.991858)

LINESTRING (877.779878 129.486492, 842.883207 142.345035)

LINESTRING (877.779878 129.486492, 854.814863 148.125256)

LINESTRING (877.779878 129.486492, 847.829995 122.460349)

LINESTRING (877.779878 129.486492, 858.519392 173.307437)

LINESTRING (877.779878 129.486492, 843.168824 145.950855)

LINESTRING (877.779878 129.486492, 809.486554 119.606092)

LINESTRING (877.779878 129.486492, 851.726036 155.827527)

LINESTRING (877.779878 129.486492, 803.924079 169.258548)

LINESTRING (877.779878 129.486492, 866.818820 179.570307)

LINESTRING (877.779878 129.486492, 835.571965 124.360627)

LINESTRING (877.779878 129.486492, 816.457185 105.169298)

LINESTRING (877.779878 129.486492, 865.854790 106.282708)

LINESTRING (872.498810 119.609349, 800.054996 140.154332)

LINESTRING (872.498810 119.609349, 804.419281 119.672854)

LINESTRING (872.498810 119.609349, 846.238626 110.118571)

LINESTRING (872.498810 119.609349, 833.663953 118.590677)

LINESTRING (872.498810 119.609349, 846.678851 144.827370)

LINESTRING (872.498810 119.609349, 842.485791 141.423873)

LINESTRING (872.498810 119.609349, 845.726626 176.698300)

LINESTRING (872.498810 119.609349, 844.511138 128.395046)

LINESTRING (872.498810 119.609349, 808.594963 124.882877)

LINESTRING (872.498810 119.609349, 802.087416 154.896382)

LINESTRING (872.498810 119.609349, 849.806753 115.915238)

LINESTRING (872.498810 119.609349, 801.674219 149.861588)

LINESTRING (872.498810 119.609349, 820.167005 115.522441)

LINESTRING (872.498810 119.609349, 866.893652 168.799536)

LINESTRING (872.498810 119.609349, 855.263376 138.831912)

LINESTRING (872.498810 119.609349, 812.298612 128.484501)

LINESTRING (872.498810 119.609349, 819.391502 111.186981)

LINESTRING (872.498810 119.609349, 820.129594 155.471461)

LINESTRING (872.498810 119.609349, 810.237011 123.194456)

LINESTRING (872.498810 119.609349, 872.642158 155.851345)

LINESTRING (872.498810 119.609349, 870.001459 171.404082)

LINESTRING (872.498810 119.609349, 858.725829 168.025476)

LINESTRING (872.498810 119.609349, 833.590469 122.721683)

LINESTRING (872.498810 119.609349, 846.136018 148.071444)

LINESTRING (872.498810 119.609349, 859.595242 164.523202)

LINESTRING (872.498810 119.609349, 830.790223 135.639591)

LINESTRING (872.498810 119.609349, 858.861882 110.955497)

LINESTRING (872.498810 119.609349, 817.988486 157.550875)

LINESTRING (872.498810 119.609349, 870.109241 100.004521)

LINESTRING (872.498810 119.609349, 849.815843 114.598669)

LINESTRING (872.498810 119.609349, 815.466675 154.248290)

LINESTRING (872.498810 119.609349, 800.477122 135.915424)

LINESTRING (872.498810 119.609349, 838.159496 170.991858)

LINESTRING (872.498810 119.609349, 842.883207 142.345035)

LINESTRING (872.498810 119.609349, 854.814863 148.125256)

LINESTRING (872.498810 119.609349, 847.829995 122.460349)

LINESTRING (872.498810 119.609349, 843.168824 145.950855)

LINESTRING (872.498810 119.609349, 851.726036 155.827527)

LINESTRING (872.498810 119.609349, 803.924079 169.258548)

LINESTRING (872.498810 119.609349, 866.818820 179.570307)

LINESTRING (872.498810 119.609349, 835.571965 124.360627)

LINESTRING (872.498810 119.609349, 816.457185 105.169298)

LINESTRING (872.498810 119.609349, 829.276807 162.977992)

LINESTRING (872.498810 119.609349, 806.276795 109.497868)

LINESTRING (800.054996 140.154332, 804.419281 119.672854)

LINESTRING (800.054996 140.154332, 846.238626 110.118571)

LINESTRING (800.054996 140.154332, 833.663953 118.590677)

LINESTRING (800.054996 140.154332, 846.678851 144.827370)

LINESTRING (800.054996 140.154332, 842.485791 141.423873)

LINESTRING (800.054996 140.154332, 845.726626 176.698300)

LINESTRING (800.054996 140.154332, 844.511138 128.395046)

LINESTRING (800.054996 140.154332, 808.594963 124.882877)

LINESTRING (800.054996 140.154332, 861.013571 160.348867)

LINESTRING (800.054996 140.154332, 802.087416 154.896382)

LINESTRING (800.054996 140.154332, 826.545719 149.480005)

LINESTRING (800.054996 140.154332, 801.674219 149.861588)

LINESTRING (800.054996 140.154332, 820.167005 115.522441)

LINESTRING (800.054996 140.154332, 866.893652 168.799536)

LINESTRING (800.054996 140.154332, 819.391502 111.186981)

LINESTRING (800.054996 140.154332, 820.129594 155.471461)

LINESTRING (800.054996 140.154332, 872.642158 155.851345)

LINESTRING (800.054996 140.154332, 801.244087 125.626234)

LINESTRING (800.054996 140.154332, 870.001459 171.404082)

LINESTRING (800.054996 140.154332, 858.725829 168.025476)

LINESTRING (800.054996 140.154332, 833.590469 122.721683)

LINESTRING (800.054996 140.154332, 846.136018 148.071444)

LINESTRING (800.054996 140.154332, 859.595242 164.523202)

LINESTRING (800.054996 140.154332, 858.861882 110.955497)

LINESTRING (800.054996 140.154332, 817.988486 157.550875)

LINESTRING (800.054996 140.154332, 812.565625 178.660892)

LINESTRING (800.054996 140.154332, 870.109241 100.004521)

LINESTRING (800.054996 140.154332, 849.815843 114.598669)

LINESTRING (800.054996 140.154332, 815.466675 154.248290)

LINESTRING (800.054996 140.154332, 848.347349 116.678337)

LINESTRING (800.054996 140.154332, 800.477122 135.915424)

LINESTRING (800.054996 140.154332, 842.883207 142.345035)

LINESTRING (800.054996 140.154332, 854.814863 148.125256)

LINESTRING (800.054996 140.154332, 858.519392 173.307437)

LINESTRING (800.054996 140.154332, 843.168824 145.950855)

LINESTRING (800.054996 140.154332, 809.486554 119.606092)

LINESTRING (800.054996 140.154332, 851.726036 155.827527)

LINESTRING (800.054996 140.154332, 866.818820 179.570307)

LINESTRING (800.054996 140.154332, 835.571965 124.360627)

LINESTRING (800.054996 140.154332, 816.457185 105.169298)

LINESTRING (800.054996 140.154332, 865.854790 106.282708)

LINESTRING (800.054996 140.154332, 806.276795 109.497868)

LINESTRING (804.419281 119.672854, 842.485791 141.423873)

LINESTRING (804.419281 119.672854, 845.726626 176.698300)

LINESTRING (804.419281 119.672854, 844.511138 128.395046)

LINESTRING (804.419281 119.672854, 861.013571 160.348867)

LINESTRING (804.419281 119.672854, 802.087416 154.896382)

LINESTRING (804.419281 119.672854, 832.935600 168.341921)

LINESTRING (804.419281 119.672854, 849.806753 115.915238)

LINESTRING (804.419281 119.672854, 801.674219 149.861588)

LINESTRING (804.419281 119.672854, 866.893652 168.799536)

LINESTRING (804.419281 119.672854, 812.298612 128.484501)

LINESTRING (804.419281 119.672854, 819.391502 111.186981)

LINESTRING (804.419281 119.672854, 820.129594 155.471461)

LINESTRING (804.419281 119.672854, 810.237011 123.194456)

LINESTRING (804.419281 119.672854, 872.642158 155.851345)

LINESTRING (804.419281 119.672854, 801.244087 125.626234)

LINESTRING (804.419281 119.672854, 870.001459 171.404082)

LINESTRING (804.419281 119.672854, 833.590469 122.721683)

LINESTRING (804.419281 119.672854, 846.136018 148.071444)

LINESTRING (804.419281 119.672854, 859.595242 164.523202)

LINESTRING (804.419281 119.672854, 830.790223 135.639591)

LINESTRING (804.419281 119.672854, 858.861882 110.955497)

LINESTRING (804.419281 119.672854, 817.988486 157.550875)

LINESTRING (804.419281 119.672854, 812.565625 178.660892)

LINESTRING (804.419281 119.672854, 870.109241 100.004521)

LINESTRING (804.419281 119.672854, 815.466675 154.248290)

LINESTRING (804.419281 119.672854, 848.347349 116.678337)

LINESTRING (804.419281 119.672854, 800.477122 135.915424)

LINESTRING (804.419281 119.672854, 838.159496 170.991858)

LINESTRING (804.419281 119.672854, 854.814863 148.125256)

LINESTRING (804.419281 119.672854, 847.829995 122.460349)

LINESTRING (804.419281 119.672854, 858.519392 173.307437)

LINESTRING (804.419281 119.672854, 843.168824 145.950855)

LINESTRING (804.419281 119.672854, 809.486554 119.606092)

LINESTRING (804.419281 119.672854, 851.726036 155.827527)

LINESTRING (804.419281 119.672854, 803.924079 169.258548)

LINESTRING (804.419281 119.672854, 866.818820 179.570307)

LINESTRING (804.419281 119.672854, 835.571965 124.360627)

LINESTRING (804.419281 119.672854, 816.457185 105.169298)

LINESTRING (804.419281 119.672854, 865.854790 106.282708)

LINESTRING (804.419281 119.672854, 806.276795 109.497868)

LINESTRING (846.238626 110.118571, 833.663953 118.590677)

LINESTRING (846.238626 110.118571, 846.678851 144.827370)

LINESTRING (846.238626 110.118571, 842.485791 141.423873)

LINESTRING (846.238626 110.118571, 845.726626 176.698300)

LINESTRING (846.238626 110.118571, 844.511138 128.395046)

LINESTRING (846.238626 110.118571, 808.594963 124.882877)

LINESTRING (846.238626 110.118571, 861.013571 160.348867)

LINESTRING (846.238626 110.118571, 802.087416 154.896382)

LINESTRING (846.238626 110.118571, 832.935600 168.341921)

LINESTRING (846.238626 110.118571, 826.545719 149.480005)

LINESTRING (846.238626 110.118571, 849.806753 115.915238)

LINESTRING (846.238626 110.118571, 801.674219 149.861588)

LINESTRING (846.238626 110.118571, 820.167005 115.522441)

LINESTRING (846.238626 110.118571, 866.893652 168.799536)

LINESTRING (846.238626 110.118571, 812.298612 128.484501)

LINESTRING (846.238626 110.118571, 820.129594 155.471461)

LINESTRING (846.238626 110.118571, 810.237011 123.194456)

LINESTRING (846.238626 110.118571, 858.725829 168.025476)

LINESTRING (846.238626 110.118571, 833.590469 122.721683)

LINESTRING (846.238626 110.118571, 830.790223 135.639591)

LINESTRING (846.238626 110.118571, 858.861882 110.955497)

LINESTRING (846.238626 110.118571, 812.565625 178.660892)

LINESTRING (846.238626 110.118571, 870.109241 100.004521)

LINESTRING (846.238626 110.118571, 849.815843 114.598669)

LINESTRING (846.238626 110.118571, 815.466675 154.248290)

LINESTRING (846.238626 110.118571, 848.347349 116.678337)

LINESTRING (846.238626 110.118571, 800.477122 135.915424)

LINESTRING (846.238626 110.118571, 838.159496 170.991858)

LINESTRING (846.238626 110.118571, 842.883207 142.345035)

LINESTRING (846.238626 110.118571, 854.814863 148.125256)

LINESTRING (846.238626 110.118571, 847.829995 122.460349)

LINESTRING (846.238626 110.118571, 858.519392 173.307437)

LINESTRING (846.238626 110.118571, 843.168824 145.950855)

LINESTRING (846.238626 110.118571, 809.486554 119.606092)

LINESTRING (846.238626 110.118571, 851.726036 155.827527)

LINESTRING (846.238626 110.118571, 866.818820 179.570307)

LINESTRING (846.238626 110.118571, 835.571965 124.360627)

LINESTRING (846.238626 110.118571, 816.457185 105.169298)

LINESTRING (846.238626 110.118571, 865.854790 106.282708)

LINESTRING (846.238626 110.118571, 806.276795 109.497868)

LINESTRING (833.663953 118.590677, 846.678851 144.827370)

LINESTRING (833.663953 118.590677, 845.726626 176.698300)

LINESTRING (833.663953 118.590677, 844.511138 128.395046)

LINESTRING (833.663953 118.590677, 808.594963 124.882877)

LINESTRING (833.663953 118.590677, 802.087416 154.896382)

LINESTRING (833.663953 118.590677, 826.545719 149.480005)

LINESTRING (833.663953 118.590677, 849.806753 115.915238)

LINESTRING (833.663953 118.590677, 801.674219 149.861588)

LINESTRING (833.663953 118.590677, 855.263376 138.831912)

LINESTRING (833.663953 118.590677, 819.391502 111.186981)

LINESTRING (833.663953 118.590677, 820.129594 155.471461)

LINESTRING (833.663953 118.590677, 810.237011 123.194456)

LINESTRING (833.663953 118.590677, 872.642158 155.851345)

LINESTRING (833.663953 118.590677, 870.001459 171.404082)

LINESTRING (833.663953 118.590677, 858.725829 168.025476)

LINESTRING (833.663953 118.590677, 833.590469 122.721683)

LINESTRING (833.663953 118.590677, 859.595242 164.523202)

LINESTRING (833.663953 118.590677, 830.790223 135.639591)

LINESTRING (833.663953 118.590677, 858.861882 110.955497)

LINESTRING (833.663953 118.590677, 817.988486 157.550875)

LINESTRING (833.663953 118.590677, 812.565625 178.660892)

LINESTRING (833.663953 118.590677, 870.109241 100.004521)

LINESTRING (833.663953 118.590677, 849.815843 114.598669)

LINESTRING (833.663953 118.590677, 815.466675 154.248290)

LINESTRING (833.663953 118.590677, 838.159496 170.991858)

LINESTRING (833.663953 118.590677, 842.883207 142.345035)

LINESTRING (833.663953 118.590677, 854.814863 148.125256)

LINESTRING (833.663953 118.590677, 847.829995 122.460349)

LINESTRING (833.663953 118.590677, 858.519392 173.307437)

LINESTRING (833.663953 118.590677, 843.168824 145.950855)

LINESTRING (833.663953 118.590677, 851.726036 155.827527)

LINESTRING (833.663953 118.590677, 803.924079 169.258548)

LINESTRING (833.663953 118.590677, 866.818820 179.570307)

LINESTRING (833.663953 118.590677, 835.571965 124.360627)

LINESTRING (833.663953 118.590677, 816.457185 105.169298)

LINESTRING (833.663953 118.590677, 865.854790 106.282708)

LINESTRING (846.678851 144.827370, 842.485791 141.423873)

LINESTRING (846.678851 144.827370, 845.726626 176.698300)

LINESTRING (846.678851 144.827370, 844.511138 128.395046)

LINESTRING (846.678851 144.827370, 861.013571 160.348867)

LINESTRING (846.678851 144.827370, 802.087416 154.896382)

LINESTRING (846.678851 144.827370, 832.935600 168.341921)

LINESTRING (846.678851 144.827370, 826.545719 149.480005)

LINESTRING (846.678851 144.827370, 849.806753 115.915238)

LINESTRING (846.678851 144.827370, 801.674219 149.861588)

LINESTRING (846.678851 144.827370, 820.167005 115.522441)

LINESTRING (846.678851 144.827370, 866.893652 168.799536)

LINESTRING (846.678851 144.827370, 855.263376 138.831912)

LINESTRING (846.678851 144.827370, 812.298612 128.484501)

LINESTRING (846.678851 144.827370, 819.391502 111.186981)

LINESTRING (846.678851 144.827370, 820.129594 155.471461)

LINESTRING (846.678851 144.827370, 810.237011 123.194456)

LINESTRING (846.678851 144.827370, 872.642158 155.851345)

LINESTRING (846.678851 144.827370, 801.244087 125.626234)

LINESTRING (846.678851 144.827370, 870.001459 171.404082)

LINESTRING (846.678851 144.827370, 833.590469 122.721683)

LINESTRING (846.678851 144.827370, 846.136018 148.071444)

LINESTRING (846.678851 144.827370, 859.595242 164.523202)

LINESTRING (846.678851 144.827370, 830.790223 135.639591)

LINESTRING (846.678851 144.827370, 858.861882 110.955497)

LINESTRING (846.678851 144.827370, 812.565625 178.660892)

LINESTRING (846.678851 144.827370, 870.109241 100.004521)

LINESTRING (846.678851 144.827370, 849.815843 114.598669)

LINESTRING (846.678851 144.827370, 848.347349 116.678337)

LINESTRING (846.678851 144.827370, 800.477122 135.915424)

LINESTRING (846.678851 144.827370, 838.159496 170.991858)

LINESTRING (846.678851 144.827370, 842.883207 142.345035)

LINESTRING (846.678851 144.827370, 847.829995 122.460349)

LINESTRING (846.678851 144.827370, 858.519392 173.307437)

LINESTRING (846.678851 144.827370, 843.168824 145.950855)

LINESTRING (846.678851 144.827370, 809.486554 119.606092)

LINESTRING (846.678851 144.827370, 851.726036 155.827527)

LINESTRING (846.678851 144.827370, 835.571965 124.360627)

LINESTRING (846.678851 144.827370, 829.276807 162.977992)

LINESTRING (846.678851 144.827370, 865.854790 106.282708)

LINESTRING (846.678851 144.827370, 806.276795 109.497868)

LINESTRING (842.485791 141.423873, 845.726626 176.698300)

LINESTRING (842.485791 141.423873, 844.511138 128.395046)

LINESTRING (842.485791 141.423873, 808.594963 124.882877)

LINESTRING (842.485791 141.423873, 861.013571 160.348867)

LINESTRING (842.485791 141.423873, 802.087416 154.896382)

LINESTRING (842.485791 141.423873, 832.935600 168.341921)

LINESTRING (842.485791 141.423873, 826.545719 149.480005)

LINESTRING (842.485791 141.423873, 849.806753 115.915238)

LINESTRING (842.485791 141.423873, 801.674219 149.861588)

LINESTRING (842.485791 141.423873, 820.167005 115.522441)

LINESTRING (842.485791 141.423873, 866.893652 168.799536)

LINESTRING (842.485791 141.423873, 855.263376 138.831912)

LINESTRING (842.485791 141.423873, 820.129594 155.471461)

LINESTRING (842.485791 141.423873, 872.642158 155.851345)

LINESTRING (842.485791 141.423873, 801.244087 125.626234)

LINESTRING (842.485791 141.423873, 870.001459 171.404082)

LINESTRING (842.485791 141.423873, 858.725829 168.025476)

LINESTRING (842.485791 141.423873, 833.590469 122.721683)

LINESTRING (842.485791 141.423873, 859.595242 164.523202)

LINESTRING (842.485791 141.423873, 830.790223 135.639591)

LINESTRING (842.485791 141.423873, 858.861882 110.955497)

LINESTRING (842.485791 141.423873, 812.565625 178.660892)

LINESTRING (842.485791 141.423873, 849.815843 114.598669)

LINESTRING (842.485791 141.423873, 815.466675 154.248290)

LINESTRING (842.485791 141.423873, 848.347349 116.678337)

LINESTRING (842.485791 141.423873, 842.883207 142.345035)

LINESTRING (842.485791 141.423873, 854.814863 148.125256)

LINESTRING (842.485791 141.423873, 847.829995 122.460349)

LINESTRING (842.485791 141.423873, 858.519392 173.307437)

LINESTRING (842.485791 141.423873, 843.168824 145.950855)

LINESTRING (842.485791 141.423873, 809.486554 119.606092)

LINESTRING (842.485791 141.423873, 851.726036 155.827527)

LINESTRING (842.485791 141.423873, 803.924079 169.258548)

LINESTRING (842.485791 141.423873, 866.818820 179.570307)

LINESTRING (842.485791 141.423873, 835.571965 124.360627)

LINESTRING (842.485791 141.423873, 829.276807 162.977992)

LINESTRING (845.726626 176.698300, 844.511138 128.395046)

LINESTRING (845.726626 176.698300, 808.594963 124.882877)

LINESTRING (845.726626 176.698300, 861.013571 160.348867)

LINESTRING (845.726626 176.698300, 802.087416 154.896382)

LINESTRING (845.726626 176.698300, 832.935600 168.341921)

LINESTRING (845.726626 176.698300, 826.545719 149.480005)

LINESTRING (845.726626 176.698300, 849.806753 115.915238)

LINESTRING (845.726626 176.698300, 820.167005 115.522441)

LINESTRING (845.726626 176.698300, 866.893652 168.799536)

LINESTRING (845.726626 176.698300, 855.263376 138.831912)

LINESTRING (845.726626 176.698300, 812.298612 128.484501)

LINESTRING (845.726626 176.698300, 819.391502 111.186981)

LINESTRING (845.726626 176.698300, 820.129594 155.471461)

LINESTRING (845.726626 176.698300, 810.237011 123.194456)

LINESTRING (845.726626 176.698300, 872.642158 155.851345)

LINESTRING (845.726626 176.698300, 801.244087 125.626234)

LINESTRING (845.726626 176.698300, 870.001459 171.404082)

LINESTRING (845.726626 176.698300, 858.725829 168.025476)

LINESTRING (845.726626 176.698300, 833.590469 122.721683)

LINESTRING (845.726626 176.698300, 859.595242 164.523202)

LINESTRING (845.726626 176.698300, 830.790223 135.639591)

LINESTRING (845.726626 176.698300, 858.861882 110.955497)

LINESTRING (845.726626 176.698300, 849.815843 114.598669)

LINESTRING (845.726626 176.698300, 815.466675 154.248290)

LINESTRING (845.726626 176.698300, 800.477122 135.915424)

LINESTRING (845.726626 176.698300, 838.159496 170.991858)

LINESTRING (845.726626 176.698300, 842.883207 142.345035)

LINESTRING (845.726626 176.698300, 847.829995 122.460349)

LINESTRING (845.726626 176.698300, 858.519392 173.307437)

LINESTRING (845.726626 176.698300, 843.168824 145.950855)

LINESTRING (845.726626 176.698300, 851.726036 155.827527)

LINESTRING (845.726626 176.698300, 803.924079 169.258548)

LINESTRING (845.726626 176.698300, 866.818820 179.570307)

LINESTRING (845.726626 176.698300, 816.457185 105.169298)

LINESTRING (845.726626 176.698300, 829.276807 162.977992)

LINESTRING (845.726626 176.698300, 865.854790 106.282708)

LINESTRING (845.726626 176.698300, 806.276795 109.497868)

LINESTRING (844.511138 128.395046, 808.594963 124.882877)

LINESTRING (844.511138 128.395046, 861.013571 160.348867)

LINESTRING (844.511138 128.395046, 802.087416 154.896382)

LINESTRING (844.511138 128.395046, 832.935600 168.341921)

LINESTRING (844.511138 128.395046, 826.545719 149.480005)

LINESTRING (844.511138 128.395046, 849.806753 115.915238)

LINESTRING (844.511138 128.395046, 801.674219 149.861588)

LINESTRING (844.511138 128.395046, 820.167005 115.522441)

LINESTRING (844.511138 128.395046, 866.893652 168.799536)

LINESTRING (844.511138 128.395046, 855.263376 138.831912)

LINESTRING (844.511138 128.395046, 812.298612 128.484501)

LINESTRING (844.511138 128.395046, 819.391502 111.186981)

LINESTRING (844.511138 128.395046, 820.129594 155.471461)

LINESTRING (844.511138 128.395046, 810.237011 123.194456)

LINESTRING (844.511138 128.395046, 872.642158 155.851345)

LINESTRING (844.511138 128.395046, 870.001459 171.404082)

LINESTRING (844.511138 128.395046, 858.725829 168.025476)

LINESTRING (844.511138 128.395046, 846.136018 148.071444)

LINESTRING (844.511138 128.395046, 859.595242 164.523202)

LINESTRING (844.511138 128.395046, 830.790223 135.639591)

LINESTRING (844.511138 128.395046, 858.861882 110.955497)

LINESTRING (844.511138 128.395046, 817.988486 157.550875)

LINESTRING (844.511138 128.395046, 812.565625 178.660892)

LINESTRING (844.511138 128.395046, 870.109241 100.004521)

LINESTRING (844.511138 128.395046, 849.815843 114.598669)

LINESTRING (844.511138 128.395046, 815.466675 154.248290)

LINESTRING (844.511138 128.395046, 848.347349 116.678337)

LINESTRING (844.511138 128.395046, 800.477122 135.915424)

LINESTRING (844.511138 128.395046, 838.159496 170.991858)

LINESTRING (844.511138 128.395046, 842.883207 142.345035)

LINESTRING (844.511138 128.395046, 847.829995 122.460349)

LINESTRING (844.511138 128.395046, 843.168824 145.950855)

LINESTRING (844.511138 128.395046, 851.726036 155.827527)

LINESTRING (844.511138 128.395046, 803.924079 169.258548)

LINESTRING (844.511138 128.395046, 835.571965 124.360627)

LINESTRING (844.511138 128.395046, 816.457185 105.169298)

LINESTRING (844.511138 128.395046, 829.276807 162.977992)

LINESTRING (844.511138 128.395046, 865.854790 106.282708)

LINESTRING (844.511138 128.395046, 806.276795 109.497868)

LINESTRING (808.594963 124.882877, 861.013571 160.348867)

LINESTRING (808.594963 124.882877, 802.087416 154.896382)

LINESTRING (808.594963 124.882877, 826.545719 149.480005)

LINESTRING (808.594963 124.882877, 849.806753 115.915238)

LINESTRING (808.594963 124.882877, 801.674219 149.861588)

LINESTRING (808.594963 124.882877, 820.167005 115.522441)

LINESTRING (808.594963 124.882877, 866.893652 168.799536)

LINESTRING (808.594963 124.882877, 812.298612 128.484501)

LINESTRING (808.594963 124.882877, 819.391502 111.186981)

LINESTRING (808.594963 124.882877, 820.129594 155.471461)

LINESTRING (808.594963 124.882877, 810.237011 123.194456)

LINESTRING (808.594963 124.882877, 872.642158 155.851345)

LINESTRING (808.594963 124.882877, 870.001459 171.404082)

LINESTRING (808.594963 124.882877, 858.725829 168.025476)

LINESTRING (808.594963 124.882877, 833.590469 122.721683)

LINESTRING (808.594963 124.882877, 846.136018 148.071444)

LINESTRING (808.594963 124.882877, 859.595242 164.523202)

LINESTRING (808.594963 124.882877, 830.790223 135.639591)

LINESTRING (808.594963 124.882877, 870.109241 100.004521)

LINESTRING (808.594963 124.882877, 849.815843 114.598669)

LINESTRING (808.594963 124.882877, 815.466675 154.248290)

LINESTRING (808.594963 124.882877, 848.347349 116.678337)

LINESTRING (808.594963 124.882877, 842.883207 142.345035)

LINESTRING (808.594963 124.882877, 847.829995 122.460349)

LINESTRING (808.594963 124.882877, 858.519392 173.307437)

LINESTRING (808.594963 124.882877, 809.486554 119.606092)

LINESTRING (808.594963 124.882877, 851.726036 155.827527)

LINESTRING (808.594963 124.882877, 866.818820 179.570307)

LINESTRING (808.594963 124.882877, 835.571965 124.360627)

LINESTRING (808.594963 124.882877, 816.457185 105.169298)

LINESTRING (808.594963 124.882877, 829.276807 162.977992)

LINESTRING (808.594963 124.882877, 865.854790 106.282708)

LINESTRING (861.013571 160.348867, 802.087416 154.896382)

LINESTRING (861.013571 160.348867, 832.935600 168.341921)

LINESTRING (861.013571 160.348867, 826.545719 149.480005)

LINESTRING (861.013571 160.348867, 849.806753 115.915238)

LINESTRING (861.013571 160.348867, 801.674219 149.861588)

LINESTRING (861.013571 160.348867, 820.167005 115.522441)

LINESTRING (861.013571 160.348867, 866.893652 168.799536)

LINESTRING (861.013571 160.348867, 819.391502 111.186981)

LINESTRING (861.013571 160.348867, 820.129594 155.471461)

LINESTRING (861.013571 160.348867, 810.237011 123.194456)

LINESTRING (861.013571 160.348867, 801.244087 125.626234)

LINESTRING (861.013571 160.348867, 870.001459 171.404082)

LINESTRING (861.013571 160.348867, 858.725829 168.025476)

LINESTRING (861.013571 160.348867, 833.590469 122.721683)

LINESTRING (861.013571 160.348867, 859.595242 164.523202)

LINESTRING (861.013571 160.348867, 858.861882 110.955497)

LINESTRING (861.013571 160.348867, 817.988486 157.550875)

LINESTRING (861.013571 160.348867, 812.565625 178.660892)

LINESTRING (861.013571 160.348867, 870.109241 100.004521)

LINESTRING (861.013571 160.348867, 849.815843 114.598669)

LINESTRING (861.013571 160.348867, 815.466675 154.248290)

LINESTRING (861.013571 160.348867, 848.347349 116.678337)

LINESTRING (861.013571 160.348867, 838.159496 170.991858)

LINESTRING (861.013571 160.348867, 842.883207 142.345035)

LINESTRING (861.013571 160.348867, 847.829995 122.460349)

LINESTRING (861.013571 160.348867, 843.168824 145.950855)

LINESTRING (861.013571 160.348867, 809.486554 119.606092)

LINESTRING (861.013571 160.348867, 803.924079 169.258548)

LINESTRING (861.013571 160.348867, 866.818820 179.570307)

LINESTRING (861.013571 160.348867, 835.571965 124.360627)

LINESTRING (861.013571 160.348867, 816.457185 105.169298)

LINESTRING (861.013571 160.348867, 829.276807 162.977992)

LINESTRING (861.013571 160.348867, 865.854790 106.282708)

LINESTRING (861.013571 160.348867, 806.276795 109.497868)

LINESTRING (802.087416 154.896382, 832.935600 168.341921)

LINESTRING (802.087416 154.896382, 849.806753 115.915238)

LINESTRING (802.087416 154.896382, 866.893652 168.799536)

LINESTRING (802.087416 154.896382, 855.263376 138.831912)

LINESTRING (802.087416 154.896382, 819.391502 111.186981)

LINESTRING (802.087416 154.896382, 820.129594 155.471461)

LINESTRING (802.087416 154.896382, 872.642158 155.851345)

LINESTRING (802.087416 154.896382, 858.725829 168.025476)

LINESTRING (802.087416 154.896382, 833.590469 122.721683)

LINESTRING (802.087416 154.896382, 846.136018 148.071444)

LINESTRING (802.087416 154.896382, 859.595242 164.523202)

LINESTRING (802.087416 154.896382, 830.790223 135.639591)

LINESTRING (802.087416 154.896382, 858.861882 110.955497)

LINESTRING (802.087416 154.896382, 817.988486 157.550875)

LINESTRING (802.087416 154.896382, 870.109241 100.004521)

LINESTRING (802.087416 154.896382, 849.815843 114.598669)

LINESTRING (802.087416 154.896382, 815.466675 154.248290)

LINESTRING (802.087416 154.896382, 848.347349 116.678337)

LINESTRING (802.087416 154.896382, 800.477122 135.915424)

LINESTRING (802.087416 154.896382, 842.883207 142.345035)

LINESTRING (802.087416 154.896382, 854.814863 148.125256)

LINESTRING (802.087416 154.896382, 858.519392 173.307437)

LINESTRING (802.087416 154.896382, 809.486554 119.606092)

LINESTRING (802.087416 154.896382, 851.726036 155.827527)

LINESTRING (802.087416 154.896382, 803.924079 169.258548)

LINESTRING (802.087416 154.896382, 866.818820 179.570307)

LINESTRING (802.087416 154.896382, 835.571965 124.360627)

LINESTRING (802.087416 154.896382, 816.457185 105.169298)

LINESTRING (802.087416 154.896382, 829.276807 162.977992)

LINESTRING (832.935600 168.341921, 849.806753 115.915238)

LINESTRING (832.935600 168.341921, 801.674219 149.861588)

LINESTRING (832.935600 168.341921, 820.167005 115.522441)

LINESTRING (832.935600 168.341921, 866.893652 168.799536)

LINESTRING (832.935600 168.341921, 855.263376 138.831912)

LINESTRING (832.935600 168.341921, 812.298612 128.484501)

LINESTRING (832.935600 168.341921, 820.129594 155.471461)

LINESTRING (832.935600 168.341921, 810.237011 123.194456)

LINESTRING (832.935600 168.341921, 872.642158 155.851345)

LINESTRING (832.935600 168.341921, 801.244087 125.626234)

LINESTRING (832.935600 168.341921, 870.001459 171.404082)

LINESTRING (832.935600 168.341921, 858.725829 168.025476)

LINESTRING (832.935600 168.341921, 833.590469 122.721683)

LINESTRING (832.935600 168.341921, 846.136018 148.071444)

LINESTRING (832.935600 168.341921, 830.790223 135.639591)

LINESTRING (832.935600 168.341921, 858.861882 110.955497)

LINESTRING (832.935600 168.341921, 817.988486 157.550875)

LINESTRING (832.935600 168.341921, 812.565625 178.660892)

LINESTRING (832.935600 168.341921, 870.109241 100.004521)

LINESTRING (832.935600 168.341921, 849.815843 114.598669)

LINESTRING (832.935600 168.341921, 815.466675 154.248290)

LINESTRING (832.935600 168.341921, 838.159496 170.991858)

LINESTRING (832.935600 168.341921, 842.883207 142.345035)

LINESTRING (832.935600 168.341921, 854.814863 148.125256)

LINESTRING (832.935600 168.341921, 847.829995 122.460349)

LINESTRING (832.935600 168.341921, 858.519392 173.307437)

LINESTRING (832.935600 168.341921, 809.486554 119.606092)

LINESTRING (832.935600 168.341921, 851.726036 155.827527)

LINESTRING (832.935600 168.341921, 803.924079 169.258548)

LINESTRING (832.935600 168.341921, 835.571965 124.360627)

LINESTRING (832.935600 168.341921, 816.457185 105.169298)

LINESTRING (832.935600 168.341921, 829.276807 162.977992)

LINESTRING (832.935600 168.341921, 865.854790 106.282708)

LINESTRING (832.935600 168.341921, 806.276795 109.497868)

LINESTRING (826.545719 149.480005, 866.893652 168.799536)

LINESTRING (826.545719 149.480005, 855.263376 138.831912)

LINESTRING (826.545719 149.480005, 812.298612 128.484501)

LINESTRING (826.545719 149.480005, 819.391502 111.186981)

LINESTRING (826.545719 149.480005, 820.129594 155.471461)

LINESTRING (826.545719 149.480005, 810.237011 123.194456)

LINESTRING (826.545719 149.480005, 872.642158 155.851345)

LINESTRING (826.545719 149.480005, 801.244087 125.626234)

LINESTRING (826.545719 149.480005, 870.001459 171.404082)

LINESTRING (826.545719 149.480005, 858.725829 168.025476)

LINESTRING (826.545719 149.480005, 833.590469 122.721683)

LINESTRING (826.545719 149.480005, 846.136018 148.071444)

LINESTRING (826.545719 149.480005, 859.595242 164.523202)

LINESTRING (826.545719 149.480005, 830.790223 135.639591)

LINESTRING (826.545719 149.480005, 817.988486 157.550875)

LINESTRING (826.545719 149.480005, 812.565625 178.660892)

LINESTRING (826.545719 149.480005, 870.109241 100.004521)

LINESTRING (826.545719 149.480005, 849.815843 114.598669)

LINESTRING (826.545719 149.480005, 815.466675 154.248290)

LINESTRING (826.545719 149.480005, 848.347349 116.678337)

LINESTRING (826.545719 149.480005, 842.883207 142.345035)

LINESTRING (826.545719 149.480005, 854.814863 148.125256)

LINESTRING (826.545719 149.480005, 847.829995 122.460349)

LINESTRING (826.545719 149.480005, 858.519392 173.307437)

LINESTRING (826.545719 149.480005, 843.168824 145.950855)

LINESTRING (826.545719 149.480005, 809.486554 119.606092)

LINESTRING (826.545719 149.480005, 851.726036 155.827527)

LINESTRING (826.545719 149.480005, 803.924079 169.258548)

LINESTRING (826.545719 149.480005, 835.571965 124.360627)

LINESTRING (826.545719 149.480005, 816.457185 105.169298)

LINESTRING (849.806753 115.915238, 801.674219 149.861588)

LINESTRING (849.806753 115.915238, 820.167005 115.522441)

LINESTRING (849.806753 115.915238, 866.893652 168.799536)

LINESTRING (849.806753 115.915238, 855.263376 138.831912)

LINESTRING (849.806753 115.915238, 812.298612 128.484501)

LINESTRING (849.806753 115.915238, 819.391502 111.186981)

LINESTRING (849.806753 115.915238, 810.237011 123.194456)

LINESTRING (849.806753 115.915238, 872.642158 155.851345)

LINESTRING (849.806753 115.915238, 858.725829 168.025476)

LINESTRING (849.806753 115.915238, 846.136018 148.071444)

LINESTRING (849.806753 115.915238, 859.595242 164.523202)

LINESTRING (849.806753 115.915238, 817.988486 157.550875)

LINESTRING (849.806753 115.915238, 812.565625 178.660892)

LINESTRING (849.806753 115.915238, 849.815843 114.598669)

LINESTRING (849.806753 115.915238, 815.466675 154.248290)

LINESTRING (849.806753 115.915238, 848.347349 116.678337)

LINESTRING (849.806753 115.915238, 800.477122 135.915424)

LINESTRING (849.806753 115.915238, 838.159496 170.991858)

LINESTRING (849.806753 115.915238, 842.883207 142.345035)

LINESTRING (849.806753 115.915238, 854.814863 148.125256)

LINESTRING (849.806753 115.915238, 847.829995 122.460349)

LINESTRING (849.806753 115.915238, 858.519392 173.307437)

LINESTRING (849.806753 115.915238, 843.168824 145.950855)

LINESTRING (849.806753 115.915238, 851.726036 155.827527)

LINESTRING (849.806753 115.915238, 803.924079 169.258548)

LINESTRING (849.806753 115.915238, 866.818820 179.570307)

LINESTRING (849.806753 115.915238, 835.571965 124.360627)

LINESTRING (849.806753 115.915238, 816.457185 105.169298)

LINESTRING (849.806753 115.915238, 829.276807 162.977992)

LINESTRING (849.806753 115.915238, 865.854790 106.282708)

LINESTRING (849.806753 115.915238, 806.276795 109.497868)

LINESTRING (801.674219 149.861588, 866.893652 168.799536)

LINESTRING (801.674219 149.861588, 855.263376 138.831912)

LINESTRING (801.674219 149.861588, 812.298612 128.484501)

LINESTRING (801.674219 149.861588, 819.391502 111.186981)

LINESTRING (801.674219 149.861588, 820.129594 155.471461)

LINESTRING (801.674219 149.861588, 810.237011 123.194456)

LINESTRING (801.674219 149.861588, 872.642158 155.851345)

LINESTRING (801.674219 149.861588, 801.244087 125.626234)

LINESTRING (801.674219 149.861588, 870.001459 171.404082)

LINESTRING (801.674219 149.861588, 858.725829 168.025476)

LINESTRING (801.674219 149.861588, 846.136018 148.071444)

LINESTRING (801.674219 149.861588, 859.595242 164.523202)

LINESTRING (801.674219 149.861588, 830.790223 135.639591)

LINESTRING (801.674219 149.861588, 858.861882 110.955497)

LINESTRING (801.674219 149.861588, 817.988486 157.550875)

LINESTRING (801.674219 149.861588, 812.565625 178.660892)

LINESTRING (801.674219 149.861588, 870.109241 100.004521)

LINESTRING (801.674219 149.861588, 849.815843 114.598669)

LINESTRING (801.674219 149.861588, 815.466675 154.248290)

LINESTRING (801.674219 149.861588, 848.347349 116.678337)

LINESTRING (801.674219 149.861588, 838.159496 170.991858)

LINESTRING (801.674219 149.861588, 842.883207 142.345035)

LINESTRING (801.674219 149.861588, 854.814863 148.125256)

LINESTRING (801.674219 149.861588, 847.829995 122.460349)

LINESTRING (801.674219 149.861588, 809.486554 119.606092)

LINESTRING (801.674219 149.861588, 851.726036 155.827527)

LINESTRING (801.674219 149.861588, 803.924079 169.258548)

LINESTRING (801.674219 149.861588, 866.818820 179.570307)

LINESTRING (801.674219 149.861588, 835.571965 124.360627)

LINESTRING (801.674219 149.861588, 816.457185 105.169298)

LINESTRING (801.674219 149.861588, 829.276807 162.977992)

LINESTRING (801.674219 149.861588, 865.854790 106.282708)

LINESTRING (801.674219 149.861588, 806.276795 109.497868)

LINESTRING (820.167005 115.522441, 866.893652 168.799536)

LINESTRING (820.167005 115.522441, 855.263376 138.831912)

LINESTRING (820.167005 115.522441, 812.298612 128.484501)

LINESTRING (820.167005 115.522441, 819.391502 111.186981)

LINESTRING (820.167005 115.522441, 820.129594 155.471461)

LINESTRING (820.167005 115.522441, 872.642158 155.851345)

LINESTRING (820.167005 115.522441, 801.244087 125.626234)

LINESTRING (820.167005 115.522441, 870.001459 171.404082)

LINESTRING (820.167005 115.522441, 858.725829 168.025476)

LINESTRING (820.167005 115.522441, 833.590469 122.721683)

LINESTRING (820.167005 115.522441, 846.136018 148.071444)

LINESTRING (820.167005 115.522441, 859.595242 164.523202)

LINESTRING (820.167005 115.522441, 830.790223 135.639591)

LINESTRING (820.167005 115.522441, 870.109241 100.004521)

LINESTRING (820.167005 115.522441, 849.815843 114.598669)

LINESTRING (820.167005 115.522441, 815.466675 154.248290)

LINESTRING (820.167005 115.522441, 848.347349 116.678337)

LINESTRING (820.167005 115.522441, 838.159496 170.991858)

LINESTRING (820.167005 115.522441, 842.883207 142.345035)

LINESTRING (820.167005 115.522441, 854.814863 148.125256)

LINESTRING (820.167005 115.522441, 847.829995 122.460349)

LINESTRING (820.167005 115.522441, 843.168824 145.950855)

LINESTRING (820.167005 115.522441, 851.726036 155.827527)

LINESTRING (820.167005 115.522441, 866.818820 179.570307)

LINESTRING (820.167005 115.522441, 835.571965 124.360627)

LINESTRING (820.167005 115.522441, 816.457185 105.169298)

LINESTRING (820.167005 115.522441, 829.276807 162.977992)

LINESTRING (820.167005 115.522441, 865.854790 106.282708)

LINESTRING (820.167005 115.522441, 806.276795 109.497868)

LINESTRING (866.893652 168.799536, 855.263376 138.831912)

LINESTRING (866.893652 168.799536, 812.298612 128.484501)

LINESTRING (866.893652 168.799536, 820.129594 155.471461)

LINESTRING (866.893652 168.799536, 810.237011 123.194456)

LINESTRING (866.893652 168.799536, 872.642158 155.851345)

LINESTRING (866.893652 168.799536, 870.001459 171.404082)

LINESTRING (866.893652 168.799536, 858.725829 168.025476)

LINESTRING (866.893652 168.799536, 833.590469 122.721683)

LINESTRING (866.893652 168.799536, 846.136018 148.071444)

LINESTRING (866.893652 168.799536, 859.595242 164.523202)

LINESTRING (866.893652 168.799536, 830.790223 135.639591)

LINESTRING (866.893652 168.799536, 858.861882 110.955497)

LINESTRING (866.893652 168.799536, 817.988486 157.550875)

LINESTRING (866.893652 168.799536, 812.565625 178.660892)

LINESTRING (866.893652 168.799536, 870.109241 100.004521)

LINESTRING (866.893652 168.799536, 815.466675 154.248290)

LINESTRING (866.893652 168.799536, 848.347349 116.678337)

LINESTRING (866.893652 168.799536, 838.159496 170.991858)

LINESTRING (866.893652 168.799536, 842.883207 142.345035)

LINESTRING (866.893652 168.799536, 854.814863 148.125256)

LINESTRING (866.893652 168.799536, 858.519392 173.307437)

LINESTRING (866.893652 168.799536, 843.168824 145.950855)

LINESTRING (866.893652 168.799536, 809.486554 119.606092)

LINESTRING (866.893652 168.799536, 851.726036 155.827527)

LINESTRING (866.893652 168.799536, 803.924079 169.258548)

LINESTRING (866.893652 168.799536, 866.818820 179.570307)

LINESTRING (866.893652 168.799536, 835.571965 124.360627)

LINESTRING (866.893652 168.799536, 816.457185 105.169298)

LINESTRING (866.893652 168.799536, 829.276807 162.977992)

LINESTRING (866.893652 168.799536, 806.276795 109.497868)

LINESTRING (855.263376 138.831912, 819.391502 111.186981)

LINESTRING (855.263376 138.831912, 820.129594 155.471461)

LINESTRING (855.263376 138.831912, 810.237011 123.194456)

LINESTRING (855.263376 138.831912, 872.642158 155.851345)

LINESTRING (855.263376 138.831912, 801.244087 125.626234)

LINESTRING (855.263376 138.831912, 870.001459 171.404082)

LINESTRING (855.263376 138.831912, 858.725829 168.025476)

LINESTRING (855.263376 138.831912, 833.590469 122.721683)

LINESTRING (855.263376 138.831912, 846.136018 148.071444)

LINESTRING (855.263376 138.831912, 830.790223 135.639591)

LINESTRING (855.263376 138.831912, 858.861882 110.955497)

LINESTRING (855.263376 138.831912, 817.988486 157.550875)

LINESTRING (855.263376 138.831912, 812.565625 178.660892)

LINESTRING (855.263376 138.831912, 870.109241 100.004521)

LINESTRING (855.263376 138.831912, 849.815843 114.598669)

LINESTRING (855.263376 138.831912, 815.466675 154.248290)

LINESTRING (855.263376 138.831912, 800.477122 135.915424)

LINESTRING (855.263376 138.831912, 838.159496 170.991858)

LINESTRING (855.263376 138.831912, 854.814863 148.125256)

LINESTRING (855.263376 138.831912, 847.829995 122.460349)

LINESTRING (855.263376 138.831912, 858.519392 173.307437)

LINESTRING (855.263376 138.831912, 809.486554 119.606092)

LINESTRING (855.263376 138.831912, 851.726036 155.827527)

LINESTRING (855.263376 138.831912, 803.924079 169.258548)

LINESTRING (855.263376 138.831912, 866.818820 179.570307)

LINESTRING (855.263376 138.831912, 835.571965 124.360627)

LINESTRING (855.263376 138.831912, 816.457185 105.169298)

LINESTRING (855.263376 138.831912, 829.276807 162.977992)

LINESTRING (855.263376 138.831912, 865.854790 106.282708)

LINESTRING (855.263376 138.831912, 806.276795 109.497868)

LINESTRING (812.298612 128.484501, 820.129594 155.471461)

LINESTRING (812.298612 128.484501, 810.237011 123.194456)

LINESTRING (812.298612 128.484501, 872.642158 155.851345)

LINESTRING (812.298612 128.484501, 801.244087 125.626234)

LINESTRING (812.298612 128.484501, 870.001459 171.404082)

LINESTRING (812.298612 128.484501, 846.136018 148.071444)

LINESTRING (812.298612 128.484501, 859.595242 164.523202)

LINESTRING (812.298612 128.484501, 830.790223 135.639591)

LINESTRING (812.298612 128.484501, 858.861882 110.955497)

LINESTRING (812.298612 128.484501, 812.565625 178.660892)

LINESTRING (812.298612 128.484501, 870.109241 100.004521)

LINESTRING (812.298612 128.484501, 849.815843 114.598669)

LINESTRING (812.298612 128.484501, 815.466675 154.248290)

LINESTRING (812.298612 128.484501, 848.347349 116.678337)

LINESTRING (812.298612 128.484501, 838.159496 170.991858)

LINESTRING (812.298612 128.484501, 842.883207 142.345035)

LINESTRING (812.298612 128.484501, 858.519392 173.307437)

LINESTRING (812.298612 128.484501, 843.168824 145.950855)

LINESTRING (812.298612 128.484501, 809.486554 119.606092)

LINESTRING (812.298612 128.484501, 851.726036 155.827527)

LINESTRING (812.298612 128.484501, 803.924079 169.258548)

LINESTRING (812.298612 128.484501, 866.818820 179.570307)

LINESTRING (812.298612 128.484501, 835.571965 124.360627)

LINESTRING (812.298612 128.484501, 816.457185 105.169298)

LINESTRING (812.298612 128.484501, 829.276807 162.977992)

LINESTRING (812.298612 128.484501, 865.854790 106.282708)

LINESTRING (812.298612 128.484501, 806.276795 109.497868)

LINESTRING (819.391502 111.186981, 820.129594 155.471461)

LINESTRING (819.391502 111.186981, 810.237011 123.194456)

LINESTRING (819.391502 111.186981, 872.642158 155.851345)

LINESTRING (819.391502 111.186981, 801.244087 125.626234)

LINESTRING (819.391502 111.186981, 870.001459 171.404082)

LINESTRING (819.391502 111.186981, 858.725829 168.025476)

LINESTRING (819.391502 111.186981, 833.590469 122.721683)

LINESTRING (819.391502 111.186981, 846.136018 148.071444)

LINESTRING (819.391502 111.186981, 859.595242 164.523202)

LINESTRING (819.391502 111.186981, 830.790223 135.639591)

LINESTRING (819.391502 111.186981, 812.565625 178.660892)

LINESTRING (819.391502 111.186981, 870.109241 100.004521)

LINESTRING (819.391502 111.186981, 849.815843 114.598669)

LINESTRING (819.391502 111.186981, 815.466675 154.248290)

LINESTRING (819.391502 111.186981, 848.347349 116.678337)

LINESTRING (819.391502 111.186981, 800.477122 135.915424)

LINESTRING (819.391502 111.186981, 838.159496 170.991858)

LINESTRING (819.391502 111.186981, 842.883207 142.345035)

LINESTRING (819.391502 111.186981, 847.829995 122.460349)

LINESTRING (819.391502 111.186981, 858.519392 173.307437)

LINESTRING (819.391502 111.186981, 809.486554 119.606092)

LINESTRING (819.391502 111.186981, 803.924079 169.258548)

LINESTRING (819.391502 111.186981, 816.457185 105.169298)

LINESTRING (819.391502 111.186981, 829.276807 162.977992)

LINESTRING (819.391502 111.186981, 865.854790 106.282708)

LINESTRING (819.391502 111.186981, 806.276795 109.497868)

LINESTRING (820.129594 155.471461, 810.237011 123.194456)

LINESTRING (820.129594 155.471461, 872.642158 155.851345)

LINESTRING (820.129594 155.471461, 801.244087 125.626234)

LINESTRING (820.129594 155.471461, 870.001459 171.404082)

LINESTRING (820.129594 155.471461, 858.725829 168.025476)

LINESTRING (820.129594 155.471461, 833.590469 122.721683)

LINESTRING (820.129594 155.471461, 846.136018 148.071444)

LINESTRING (820.129594 155.471461, 859.595242 164.523202)

LINESTRING (820.129594 155.471461, 858.861882 110.955497)

LINESTRING (820.129594 155.471461, 812.565625 178.660892)

LINESTRING (820.129594 155.471461, 870.109241 100.004521)

LINESTRING (820.129594 155.471461, 849.815843 114.598669)

LINESTRING (820.129594 155.471461, 815.466675 154.248290)

LINESTRING (820.129594 155.471461, 848.347349 116.678337)

LINESTRING (820.129594 155.471461, 800.477122 135.915424)

LINESTRING (820.129594 155.471461, 838.159496 170.991858)

LINESTRING (820.129594 155.471461, 842.883207 142.345035)

LINESTRING (820.129594 155.471461, 847.829995 122.460349)

LINESTRING (820.129594 155.471461, 858.519392 173.307437)

LINESTRING (820.129594 155.471461, 843.168824 145.950855)

LINESTRING (820.129594 155.471461, 809.486554 119.606092)

LINESTRING (820.129594 155.471461, 803.924079 169.258548)

LINESTRING (820.129594 155.471461, 866.818820 179.570307)

LINESTRING (820.129594 155.471461, 835.571965 124.360627)

LINESTRING (820.129594 155.471461, 816.457185 105.169298)

LINESTRING (820.129594 155.471461, 806.276795 109.497868)

LINESTRING (810.237011 123.194456, 801.244087 125.626234)

LINESTRING (810.237011 123.194456, 870.001459 171.404082)

LINESTRING (810.237011 123.194456, 846.136018 148.071444)

LINESTRING (810.237011 123.194456, 859.595242 164.523202)

LINESTRING (810.237011 123.194456, 830.790223 135.639591)

LINESTRING (810.237011 123.194456, 817.988486 157.550875)

LINESTRING (810.237011 123.194456, 812.565625 178.660892)

LINESTRING (810.237011 123.194456, 815.466675 154.248290)

LINESTRING (810.237011 123.194456, 848.347349 116.678337)

LINESTRING (810.237011 123.194456, 800.477122 135.915424)

LINESTRING (810.237011 123.194456, 838.159496 170.991858)

LINESTRING (810.237011 123.194456, 842.883207 142.345035)

LINESTRING (810.237011 123.194456, 847.829995 122.460349)

LINESTRING (810.237011 123.194456, 858.519392 173.307437)

LINESTRING (810.237011 123.194456, 843.168824 145.950855)

LINESTRING (810.237011 123.194456, 809.486554 119.606092)

LINESTRING (810.237011 123.194456, 803.924079 169.258548)

LINESTRING (810.237011 123.194456, 866.818820 179.570307)

LINESTRING (810.237011 123.194456, 835.571965 124.360627)

LINESTRING (810.237011 123.194456, 816.457185 105.169298)

LINESTRING (810.237011 123.194456, 829.276807 162.977992)

LINESTRING (810.237011 123.194456, 865.854790 106.282708)

LINESTRING (810.237011 123.194456, 806.276795 109.497868)

LINESTRING (872.642158 155.851345, 801.244087 125.626234)

LINESTRING (872.642158 155.851345, 870.001459 171.404082)

LINESTRING (872.642158 155.851345, 858.725829 168.025476)

LINESTRING (872.642158 155.851345, 833.590469 122.721683)

LINESTRING (872.642158 155.851345, 846.136018 148.071444)

LINESTRING (872.642158 155.851345, 859.595242 164.523202)

LINESTRING (872.642158 155.851345, 830.790223 135.639591)

LINESTRING (872.642158 155.851345, 812.565625 178.660892)

LINESTRING (872.642158 155.851345, 870.109241 100.004521)

LINESTRING (872.642158 155.851345, 849.815843 114.598669)

LINESTRING (872.642158 155.851345, 815.466675 154.248290)

LINESTRING (872.642158 155.851345, 848.347349 116.678337)

LINESTRING (872.642158 155.851345, 800.477122 135.915424)

LINESTRING (872.642158 155.851345, 842.883207 142.345035)

LINESTRING (872.642158 155.851345, 854.814863 148.125256)

LINESTRING (872.642158 155.851345, 843.168824 145.950855)

LINESTRING (872.642158 155.851345, 809.486554 119.606092)

LINESTRING (872.642158 155.851345, 803.924079 169.258548)

LINESTRING (872.642158 155.851345, 866.818820 179.570307)

LINESTRING (872.642158 155.851345, 829.276807 162.977992)

LINESTRING (872.642158 155.851345, 865.854790 106.282708)

LINESTRING (872.642158 155.851345, 806.276795 109.497868)

LINESTRING (801.244087 125.626234, 870.001459 171.404082)

LINESTRING (801.244087 125.626234, 858.725829 168.025476)

LINESTRING (801.244087 125.626234, 833.590469 122.721683)

LINESTRING (801.244087 125.626234, 846.136018 148.071444)

LINESTRING (801.244087 125.626234, 859.595242 164.523202)

LINESTRING (801.244087 125.626234, 830.790223 135.639591)

LINESTRING (801.244087 125.626234, 858.861882 110.955497)

LINESTRING (801.244087 125.626234, 849.815843 114.598669)

LINESTRING (801.244087 125.626234, 815.466675 154.248290)

LINESTRING (801.244087 125.626234, 848.347349 116.678337)

LINESTRING (801.244087 125.626234, 838.159496 170.991858)

LINESTRING (801.244087 125.626234, 842.883207 142.345035)

LINESTRING (801.244087 125.626234, 854.814863 148.125256)

LINESTRING (801.244087 125.626234, 847.829995 122.460349)

LINESTRING (801.244087 125.626234, 858.519392 173.307437)

LINESTRING (801.244087 125.626234, 843.168824 145.950855)

LINESTRING (801.244087 125.626234, 809.486554 119.606092)

LINESTRING (801.244087 125.626234, 803.924079 169.258548)

LINESTRING (801.244087 125.626234, 835.571965 124.360627)

LINESTRING (801.244087 125.626234, 829.276807 162.977992)

LINESTRING (801.244087 125.626234, 865.854790 106.282708)

LINESTRING (801.244087 125.626234, 806.276795 109.497868)

LINESTRING (870.001459 171.404082, 858.725829 168.025476)

LINESTRING (870.001459 171.404082, 833.590469 122.721683)

LINESTRING (870.001459 171.404082, 846.136018 148.071444)

LINESTRING (870.001459 171.404082, 859.595242 164.523202)

LINESTRING (870.001459 171.404082, 830.790223 135.639591)

LINESTRING (870.001459 171.404082, 817.988486 157.550875)

LINESTRING (870.001459 171.404082, 812.565625 178.660892)

LINESTRING (870.001459 171.404082, 870.109241 100.004521)

LINESTRING (870.001459 171.404082, 849.815843 114.598669)

LINESTRING (870.001459 171.404082, 815.466675 154.248290)

LINESTRING (870.001459 171.404082, 800.477122 135.915424)

LINESTRING (870.001459 171.404082, 838.159496 170.991858)

LINESTRING (870.001459 171.404082, 842.883207 142.345035)

LINESTRING (870.001459 171.404082, 854.814863 148.125256)

LINESTRING (870.001459 171.404082, 843.168824 145.950855)

LINESTRING (870.001459 171.404082, 809.486554 119.606092)

LINESTRING (870.001459 171.404082, 851.726036 155.827527)

LINESTRING (870.001459 171.404082, 803.924079 169.258548)

LINESTRING (870.001459 171.404082, 866.818820 179.570307)

LINESTRING (870.001459 171.404082, 835.571965 124.360627)

LINESTRING (870.001459 171.404082, 816.457185 105.169298)

LINESTRING (870.001459 171.404082, 829.276807 162.977992)

LINESTRING (870.001459 171.404082, 865.854790 106.282708)

LINESTRING (870.001459 171.404082, 806.276795 109.497868)

LINESTRING (858.725829 168.025476, 846.136018 148.071444)

LINESTRING (858.725829 168.025476, 859.595242 164.523202)

LINESTRING (858.725829 168.025476, 830.790223 135.639591)

LINESTRING (858.725829 168.025476, 858.861882 110.955497)

LINESTRING (858.725829 168.025476, 817.988486 157.550875)

LINESTRING (858.725829 168.025476, 870.109241 100.004521)

LINESTRING (858.725829 168.025476, 849.815843 114.598669)

LINESTRING (858.725829 168.025476, 815.466675 154.248290)

LINESTRING (858.725829 168.025476, 848.347349 116.678337)

LINESTRING (858.725829 168.025476, 800.477122 135.915424)

LINESTRING (858.725829 168.025476, 854.814863 148.125256)

LINESTRING (858.725829 168.025476, 847.829995 122.460349)

LINESTRING (858.725829 168.025476, 858.519392 173.307437)

LINESTRING (858.725829 168.025476, 843.168824 145.950855)

LINESTRING (858.725829 168.025476, 809.486554 119.606092)

LINESTRING (858.725829 168.025476, 851.726036 155.827527)

LINESTRING (858.725829 168.025476, 803.924079 169.258548)

LINESTRING (858.725829 168.025476, 866.818820 179.570307)

LINESTRING (858.725829 168.025476, 835.571965 124.360627)

LINESTRING (858.725829 168.025476, 829.276807 162.977992)

LINESTRING (858.725829 168.025476, 865.854790 106.282708)

LINESTRING (858.725829 168.025476, 806.276795 109.497868)

LINESTRING (833.590469 122.721683, 846.136018 148.071444)

LINESTRING (833.590469 122.721683, 859.595242 164.523202)

LINESTRING (833.590469 122.721683, 830.790223 135.639591)

LINESTRING (833.590469 122.721683, 858.861882 110.955497)

LINESTRING (833.590469 122.721683, 817.988486 157.550875)

LINESTRING (833.590469 122.721683, 812.565625 178.660892)

LINESTRING (833.590469 122.721683, 849.815843 114.598669)

LINESTRING (833.590469 122.721683, 848.347349 116.678337)

LINESTRING (833.590469 122.721683, 800.477122 135.915424)

LINESTRING (833.590469 122.721683, 838.159496 170.991858)

LINESTRING (833.590469 122.721683, 842.883207 142.345035)

LINESTRING (833.590469 122.721683, 847.829995 122.460349)

LINESTRING (833.590469 122.721683, 858.519392 173.307437)

LINESTRING (833.590469 122.721683, 843.168824 145.950855)

LINESTRING (833.590469 122.721683, 809.486554 119.606092)

LINESTRING (833.590469 122.721683, 866.818820 179.570307)

LINESTRING (833.590469 122.721683, 816.457185 105.169298)

LINESTRING (833.590469 122.721683, 829.276807 162.977992)

LINESTRING (833.590469 122.721683, 865.854790 106.282708)

LINESTRING (833.590469 122.721683, 806.276795 109.497868)

LINESTRING (846.136018 148.071444, 859.595242 164.523202)

LINESTRING (846.136018 148.071444, 830.790223 135.639591)

LINESTRING (846.136018 148.071444, 858.861882 110.955497)

LINESTRING (846.136018 148.071444, 817.988486 157.550875)

LINESTRING (846.136018 148.071444, 812.565625 178.660892)

LINESTRING (846.136018 148.071444, 870.109241 100.004521)

LINESTRING (846.136018 148.071444, 849.815843 114.598669)

LINESTRING (846.136018 148.071444, 800.477122 135.915424)

LINESTRING (846.136018 148.071444, 838.159496 170.991858)

LINESTRING (846.136018 148.071444, 842.883207 142.345035)

LINESTRING (846.136018 148.071444, 847.829995 122.460349)

LINESTRING (846.136018 148.071444, 858.519392 173.307437)

LINESTRING (846.136018 148.071444, 809.486554 119.606092)

LINESTRING (846.136018 148.071444, 835.571965 124.360627)

LINESTRING (846.136018 148.071444, 816.457185 105.169298)

LINESTRING (846.136018 148.071444, 829.276807 162.977992)

LINESTRING (846.136018 148.071444, 865.854790 106.282708)

LINESTRING (859.595242 164.523202, 830.790223 135.639591)

LINESTRING (859.595242 164.523202, 858.861882 110.955497)

LINESTRING (859.595242 164.523202, 817.988486 157.550875)

LINESTRING (859.595242 164.523202, 812.565625 178.660892)

LINESTRING (859.595242 164.523202, 870.109241 100.004521)

LINESTRING (859.595242 164.523202, 849.815843 114.598669)

LINESTRING (859.595242 164.523202, 815.466675 154.248290)

LINESTRING (859.595242 164.523202, 848.347349 116.678337)

LINESTRING (859.595242 164.523202, 800.477122 135.915424)

LINESTRING (859.595242 164.523202, 838.159496 170.991858)

LINESTRING (859.595242 164.523202, 842.883207 142.345035)

LINESTRING (859.595242 164.523202, 854.814863 148.125256)

LINESTRING (859.595242 164.523202, 847.829995 122.460349)

LINESTRING (859.595242 164.523202, 843.168824 145.950855)

LINESTRING (859.595242 164.523202, 809.486554 119.606092)

LINESTRING (859.595242 164.523202, 851.726036 155.827527)

LINESTRING (859.595242 164.523202, 803.924079 169.258548)

LINESTRING (859.595242 164.523202, 866.818820 179.570307)

LINESTRING (859.595242 164.523202, 835.571965 124.360627)

LINESTRING (859.595242 164.523202, 816.457185 105.169298)

LINESTRING (859.595242 164.523202, 829.276807 162.977992)

LINESTRING (859.595242 164.523202, 865.854790 106.282708)

LINESTRING (859.595242 164.523202, 806.276795 109.497868)

LINESTRING (830.790223 135.639591, 858.861882 110.955497)

LINESTRING (830.790223 135.639591, 817.988486 157.550875)

LINESTRING (830.790223 135.639591, 812.565625 178.660892)

LINESTRING (830.790223 135.639591, 870.109241 100.004521)

LINESTRING (830.790223 135.639591, 848.347349 116.678337)

LINESTRING (830.790223 135.639591, 800.477122 135.915424)

LINESTRING (830.790223 135.639591, 842.883207 142.345035)

LINESTRING (830.790223 135.639591, 854.814863 148.125256)

LINESTRING (830.790223 135.639591, 843.168824 145.950855)

LINESTRING (830.790223 135.639591, 809.486554 119.606092)

LINESTRING (830.790223 135.639591, 851.726036 155.827527)

LINESTRING (830.790223 135.639591, 803.924079 169.258548)

LINESTRING (830.790223 135.639591, 866.818820 179.570307)

LINESTRING (830.790223 135.639591, 835.571965 124.360627)

LINESTRING (830.790223 135.639591, 816.457185 105.169298)

LINESTRING (830.790223 135.639591, 829.276807 162.977992)

LINESTRING (830.790223 135.639591, 865.854790 106.282708)

LINESTRING (830.790223 135.639591, 806.276795 109.497868)

LINESTRING (858.861882 110.955497, 817.988486 157.550875)

LINESTRING (858.861882 110.955497, 812.565625 178.660892)

LINESTRING (858.861882 110.955497, 870.109241 100.004521)

LINESTRING (858.861882 110.955497, 849.815843 114.598669)

LINESTRING (858.861882 110.955497, 815.466675 154.248290)

LINESTRING (858.861882 110.955497, 848.347349 116.678337)

LINESTRING (858.861882 110.955497, 800.477122 135.915424)

LINESTRING (858.861882 110.955497, 838.159496 170.991858)

LINESTRING (858.861882 110.955497, 842.883207 142.345035)

LINESTRING (858.861882 110.955497, 854.814863 148.125256)

LINESTRING (858.861882 110.955497, 847.829995 122.460349)

LINESTRING (858.861882 110.955497, 858.519392 173.307437)

LINESTRING (858.861882 110.955497, 843.168824 145.950855)

LINESTRING (858.861882 110.955497, 809.486554 119.606092)

LINESTRING (858.861882 110.955497, 803.924079 169.258548)

LINESTRING (858.861882 110.955497, 835.571965 124.360627)

LINESTRING (858.861882 110.955497, 865.854790 106.282708)

LINESTRING (858.861882 110.955497, 806.276795 109.497868)

LINESTRING (817.988486 157.550875, 870.109241 100.004521)

LINESTRING (817.988486 157.550875, 815.466675 154.248290)

LINESTRING (817.988486 157.550875, 848.347349 116.678337)

LINESTRING (817.988486 157.550875, 838.159496 170.991858)

LINESTRING (817.988486 157.550875, 842.883207 142.345035)

LINESTRING (817.988486 157.550875, 854.814863 148.125256)

LINESTRING (817.988486 157.550875, 847.829995 122.460349)

LINESTRING (817.988486 157.550875, 858.519392 173.307437)

LINESTRING (817.988486 157.550875, 843.168824 145.950855)

LINESTRING (817.988486 157.550875, 851.726036 155.827527)

LINESTRING (817.988486 157.550875, 803.924079 169.258548)

LINESTRING (817.988486 157.550875, 866.818820 179.570307)

LINESTRING (817.988486 157.550875, 835.571965 124.360627)

LINESTRING (817.988486 157.550875, 816.457185 105.169298)

LINESTRING (817.988486 157.550875, 865.854790 106.282708)

LINESTRING (817.988486 157.550875, 806.276795 109.497868)

LINESTRING (812.565625 178.660892, 849.815843 114.598669)

LINESTRING (812.565625 178.660892, 815.466675 154.248290)

LINESTRING (812.565625 178.660892, 848.347349 116.678337)

LINESTRING (812.565625 178.660892, 800.477122 135.915424)

LINESTRING (812.565625 178.660892, 838.159496 170.991858)

LINESTRING (812.565625 178.660892, 842.883207 142.345035)

LINESTRING (812.565625 178.660892, 847.829995 122.460349)

LINESTRING (812.565625 178.660892, 858.519392 173.307437)

LINESTRING (812.565625 178.660892, 843.168824 145.950855)

LINESTRING (812.565625 178.660892, 809.486554 119.606092)

LINESTRING (812.565625 178.660892, 803.924079 169.258548)

LINESTRING (812.565625 178.660892, 866.818820 179.570307)

LINESTRING (812.565625 178.660892, 835.571965 124.360627)

LINESTRING (812.565625 178.660892, 816.457185 105.169298)

LINESTRING (812.565625 178.660892, 829.276807 162.977992)

LINESTRING (812.565625 178.660892, 865.854790 106.282708)

LINESTRING (812.565625 178.660892, 806.276795 109.497868)

LINESTRING (870.109241 100.004521, 849.815843 114.598669)

LINESTRING (870.109241 100.004521, 815.466675 154.248290)

LINESTRING (870.109241 100.004521, 848.347349 116.678337)

LINESTRING (870.109241 100.004521, 838.159496 170.991858)

LINESTRING (870.109241 100.004521, 854.814863 148.125256)

LINESTRING (870.109241 100.004521, 847.829995 122.460349)

LINESTRING (870.109241 100.004521, 851.726036 155.827527)

LINESTRING (870.109241 100.004521, 803.924079 169.258548)

LINESTRING (870.109241 100.004521, 866.818820 179.570307)

LINESTRING (870.109241 100.004521, 816.457185 105.169298)

LINESTRING (870.109241 100.004521, 829.276807 162.977992)

LINESTRING (870.109241 100.004521, 865.854790 106.282708)

LINESTRING (870.109241 100.004521, 806.276795 109.497868)

LINESTRING (849.815843 114.598669, 815.466675 154.248290)

LINESTRING (849.815843 114.598669, 848.347349 116.678337)

LINESTRING (849.815843 114.598669, 800.477122 135.915424)

LINESTRING (849.815843 114.598669, 838.159496 170.991858)

LINESTRING (849.815843 114.598669, 842.883207 142.345035)

LINESTRING (849.815843 114.598669, 854.814863 148.125256)

LINESTRING (849.815843 114.598669, 847.829995 122.460349)

LINESTRING (849.815843 114.598669, 858.519392 173.307437)

LINESTRING (849.815843 114.598669, 843.168824 145.950855)

LINESTRING (849.815843 114.598669, 809.486554 119.606092)

LINESTRING (849.815843 114.598669, 851.726036 155.827527)

LINESTRING (849.815843 114.598669, 803.924079 169.258548)

LINESTRING (849.815843 114.598669, 816.457185 105.169298)

LINESTRING (849.815843 114.598669, 829.276807 162.977992)

LINESTRING (849.815843 114.598669, 865.854790 106.282708)

LINESTRING (815.466675 154.248290, 848.347349 116.678337)

LINESTRING (815.466675 154.248290, 800.477122 135.915424)

LINESTRING (815.466675 154.248290, 838.159496 170.991858)

LINESTRING (815.466675 154.248290, 847.829995 122.460349)

LINESTRING (815.466675 154.248290, 858.519392 173.307437)

LINESTRING (815.466675 154.248290, 843.168824 145.950855)

LINESTRING (815.466675 154.248290, 809.486554 119.606092)

LINESTRING (815.466675 154.248290, 803.924079 169.258548)

LINESTRING (815.466675 154.248290, 866.818820 179.570307)

LINESTRING (815.466675 154.248290, 835.571965 124.360627)

LINESTRING (815.466675 154.248290, 816.457185 105.169298)

LINESTRING (815.466675 154.248290, 865.854790 106.282708)

LINESTRING (815.466675 154.248290, 806.276795 109.497868)

LINESTRING (848.347349 116.678337, 800.477122 135.915424)

LINESTRING (848.347349 116.678337, 838.159496 170.991858)

LINESTRING (848.347349 116.678337, 842.883207 142.345035)

LINESTRING (848.347349 116.678337, 854.814863 148.125256)

LINESTRING (848.347349 116.678337, 843.168824 145.950855)

LINESTRING (848.347349 116.678337, 809.486554 119.606092)

LINESTRING (848.347349 116.678337, 851.726036 155.827527)

LINESTRING (848.347349 116.678337, 803.924079 169.258548)

LINESTRING (848.347349 116.678337, 835.571965 124.360627)

LINESTRING (848.347349 116.678337, 816.457185 105.169298)

LINESTRING (848.347349 116.678337, 829.276807 162.977992)

LINESTRING (848.347349 116.678337, 806.276795 109.497868)

LINESTRING (800.477122 135.915424, 838.159496 170.991858)

LINESTRING (800.477122 135.915424, 842.883207 142.345035)

LINESTRING (800.477122 135.915424, 854.814863 148.125256)

LINESTRING (800.477122 135.915424, 847.829995 122.460349)

LINESTRING (800.477122 135.915424, 858.519392 173.307437)

LINESTRING (800.477122 135.915424, 843.168824 145.950855)

LINESTRING (800.477122 135.915424, 809.486554 119.606092)

LINESTRING (800.477122 135.915424, 803.924079 169.258548)

LINESTRING (800.477122 135.915424, 866.818820 179.570307)

LINESTRING (800.477122 135.915424, 835.571965 124.360627)

LINESTRING (800.477122 135.915424, 816.457185 105.169298)

LINESTRING (800.477122 135.915424, 829.276807 162.977992)

LINESTRING (800.477122 135.915424, 865.854790 106.282708)

LINESTRING (838.159496 170.991858, 854.814863 148.125256)

LINESTRING (838.159496 170.991858, 847.829995 122.460349)

LINESTRING (838.159496 170.991858, 858.519392 173.307437)

LINESTRING (838.159496 170.991858, 843.168824 145.950855)

LINESTRING (838.159496 170.991858, 809.486554 119.606092)

LINESTRING (838.159496 170.991858, 851.726036 155.827527)

LINESTRING (838.159496 170.991858, 803.924079 169.258548)

LINESTRING (838.159496 170.991858, 866.818820 179.570307)

LINESTRING (838.159496 170.991858, 816.457185 105.169298)

LINESTRING (838.159496 170.991858, 829.276807 162.977992)

LINESTRING (838.159496 170.991858, 865.854790 106.282708)

LINESTRING (838.159496 170.991858, 806.276795 109.497868)

LINESTRING (842.883207 142.345035, 854.814863 148.125256)

LINESTRING (842.883207 142.345035, 847.829995 122.460349)

LINESTRING (842.883207 142.345035, 843.168824 145.950855)

LINESTRING (842.883207 142.345035, 809.486554 119.606092)

LINESTRING (842.883207 142.345035, 851.726036 155.827527)

LINESTRING (842.883207 142.345035, 803.924079 169.258548)

LINESTRING (842.883207 142.345035, 866.818820 179.570307)

LINESTRING (842.883207 142.345035, 835.571965 124.360627)

LINESTRING (842.883207 142.345035, 816.457185 105.169298)

LINESTRING (842.883207 142.345035, 829.276807 162.977992)

LINESTRING (842.883207 142.345035, 865.854790 106.282708)

LINESTRING (842.883207 142.345035, 806.276795 109.497868)

LINESTRING (854.814863 148.125256, 847.829995 122.460349)

LINESTRING (854.814863 148.125256, 858.519392 173.307437)

LINESTRING (854.814863 148.125256, 843.168824 145.950855)

LINESTRING (854.814863 148.125256, 809.486554 119.606092)

LINESTRING (854.814863 148.125256, 851.726036 155.827527)

LINESTRING (854.814863 148.125256, 866.818820 179.570307)

LINESTRING (854.814863 148.125256, 835.571965 124.360627)

LINESTRING (854.814863 148.125256, 816.457185 105.169298)

LINESTRING (854.814863 148.125256, 829.276807 162.977992)

LINESTRING (847.829995 122.460349, 858.519392 173.307437)

LINESTRING (847.829995 122.460349, 809.486554 119.606092)

LINESTRING (847.829995 122.460349, 803.924079 169.258548)

LINESTRING (847.829995 122.460349, 866.818820 179.570307)

LINESTRING (847.829995 122.460349, 835.571965 124.360627)

LINESTRING (847.829995 122.460349, 816.457185 105.169298)

LINESTRING (847.829995 122.460349, 829.276807 162.977992)

LINESTRING (847.829995 122.460349, 865.854790 106.282708)

LINESTRING (847.829995 122.460349, 806.276795 109.497868)

LINESTRING (858.519392 173.307437, 809.486554 119.606092)

LINESTRING (858.519392 173.307437, 851.726036 155.827527)

LINESTRING (858.519392 173.307437, 803.924079 169.258548)

LINESTRING (858.519392 173.307437, 866.818820 179.570307)

LINESTRING (858.519392 173.307437, 835.571965 124.360627)

LINESTRING (858.519392 173.307437, 816.457185 105.169298)

LINESTRING (858.519392 173.307437, 806.276795 109.497868)

LINESTRING (843.168824 145.950855, 809.486554 119.606092)

LINESTRING (843.168824 145.950855, 851.726036 155.827527)

LINESTRING (843.168824 145.950855, 803.924079 169.258548)

LINESTRING (843.168824 145.950855, 866.818820 179.570307)

LINESTRING (843.168824 145.950855, 835.571965 124.360627)

LINESTRING (843.168824 145.950855, 816.457185 105.169298)

LINESTRING (843.168824 145.950855, 829.276807 162.977992)

LINESTRING (843.168824 145.950855, 806.276795 109.497868)

LINESTRING (809.486554 119.606092, 851.726036 155.827527)

LINESTRING (809.486554 119.606092, 866.818820 179.570307)

LINESTRING (809.486554 119.606092, 835.571965 124.360627)

LINESTRING (809.486554 119.606092, 806.276795 109.497868)

LINESTRING (851.726036 155.827527, 835.571965 124.360627)

LINESTRING (851.726036 155.827527, 816.457185 105.169298)

LINESTRING (851.726036 155.827527, 829.276807 162.977992)

LINESTRING (851.726036 155.827527, 865.854790 106.282708)

LINESTRING (851.726036 155.827527, 806.276795 109.497868)

LINESTRING (803.924079 169.258548, 866.818820 179.570307)

LINESTRING (803.924079 169.258548, 835.571965 124.360627)

LINESTRING (803.924079 169.258548, 816.457185 105.169298)

LINESTRING (803.924079 169.258548, 865.854790 106.282708)

LINESTRING (803.924079 169.258548, 806.276795 109.497868)

LINESTRING (866.818820 179.570307, 835.571965 124.360627)

LINESTRING (866.818820 179.570307, 829.276807 162.977992)

LINESTRING (866.818820 179.570307, 865.854790 106.282708)

LINESTRING (835.571965 124.360627, 816.457185 105.169298)

LINESTRING (835.571965 124.360627, 829.276807 162.977992)

LINESTRING (835.571965 124.360627, 865.854790 106.282708)

LINESTRING (835.571965 124.360627, 806.276795 109.497868)

LINESTRING (816.457185 105.169298, 865.854790 106.282708)

LINESTRING (816.457185 105.169298, 806.276795 109.497868)

LINESTRING (829.276807 162.977992, 865.854790 106.282708)

LINESTRING (829.276807 162.977992, 806.276795 109.497868)

LINESTRING (865.854790 106.282708, 806.276795 109.497868)

LINESTRING (1226.573913 165.286146, 1176.185079 133.021098)

LINESTRING (1226.573913 165.286146, 1181.134491 166.258153)

LINESTRING (1226.573913 165.286146, 1155.260074 150.365930)

LINESTRING (1226.573913 165.286146, 1161.396808 128.090138)

LINESTRING (1226.573913 165.286146, 1163.918666 139.910828)

LINESTRING (1226.573913 165.286146, 1207.470289 129.871811)

LINESTRING (1226.573913 165.286146, 1165.419581 143.001198)

LINESTRING (1226.573913 165.286146, 1216.539488 136.574938)

LINESTRING (1226.573913 165.286146, 1157.854393 149.315552)

LINESTRING (1226.573913 165.286146, 1203.539042 141.444601)

LINESTRING (1226.573913 165.286146, 1212.064040 161.809025)

LINESTRING (1226.573913 165.286146, 1216.198167 166.401949)

LINESTRING (1226.573913 165.286146, 1158.443938 158.152560)

LINESTRING (1226.573913 165.286146, 1214.024714 101.958581)

LINESTRING (1226.573913 165.286146, 1186.548525 123.770834)

LINESTRING (1226.573913 165.286146, 1219.810411 118.261839)

LINESTRING (1226.573913 165.286146, 1213.377374 124.103332)

LINESTRING (1226.573913 165.286146, 1151.585559 152.629411)

LINESTRING (1226.573913 165.286146, 1188.165805 145.138721)

LINESTRING (1226.573913 165.286146, 1170.253720 109.801222)

LINESTRING (1226.573913 165.286146, 1156.884510 119.497468)

LINESTRING (1226.573913 165.286146, 1165.312894 103.427912)

LINESTRING (1226.573913 165.286146, 1213.786557 107.610132)

LINESTRING (1226.573913 165.286146, 1189.930256 150.148129)

LINESTRING (1226.573913 165.286146, 1169.117597 140.410998)

LINESTRING (1226.573913 165.286146, 1216.490870 147.822941)

LINESTRING (1226.573913 165.286146, 1198.216029 160.005487)

LINESTRING (1226.573913 165.286146, 1170.036240 162.415019)

LINESTRING (1226.573913 165.286146, 1197.838851 175.122252)

LINESTRING (1226.573913 165.286146, 1193.925580 135.411600)

LINESTRING (1226.573913 165.286146, 1156.433182 103.310361)

LINESTRING (1226.573913 165.286146, 1194.048748 165.665888)

LINESTRING (1226.573913 165.286146, 1150.440945 172.178521)

LINESTRING (1226.573913 165.286146, 1212.161290 123.025040)

LINESTRING (1226.573913 165.286146, 1154.121818 108.615652)

LINESTRING (1226.573913 165.286146, 1210.754645 140.089860)

LINESTRING (1226.573913 165.286146, 1169.401486 152.264563)

LINESTRING (1226.573913 165.286146, 1197.607972 179.302698)

LINESTRING (1226.573913 165.286146, 1188.365789 103.060732)

LINESTRING (1226.573913 165.286146, 1175.997073 145.761866)

LINESTRING (1226.573913 165.286146, 1187.762889 136.916811)

LINESTRING (1226.573913 165.286146, 1227.865029 155.389785)

LINESTRING (1226.573913 165.286146, 1222.270450 107.287049)

LINESTRING (1226.573913 165.286146, 1228.990954 164.140866)

LINESTRING (1226.573913 165.286146, 1204.787330 115.872472)

LINESTRING (1176.185079 133.021098, 1181.134491 166.258153)

LINESTRING (1176.185079 133.021098, 1155.260074 150.365930)

LINESTRING (1176.185079 133.021098, 1161.396808 128.090138)

LINESTRING (1176.185079 133.021098, 1190.094639 121.337476)

LINESTRING (1176.185079 133.021098, 1207.470289 129.871811)

LINESTRING (1176.185079 133.021098, 1165.419581 143.001198)

LINESTRING (1176.185079 133.021098, 1167.825826 102.996504)

LINESTRING (1176.185079 133.021098, 1157.854393 149.315552)

LINESTRING (1176.185079 133.021098, 1203.539042 141.444601)

LINESTRING (1176.185079 133.021098, 1212.064040 161.809025)

LINESTRING (1176.185079 133.021098, 1216.198167 166.401949)

LINESTRING (1176.185079 133.021098, 1158.443938 158.152560)

LINESTRING (1176.185079 133.021098, 1214.024714 101.958581)

LINESTRING (1176.185079 133.021098, 1164.232033 103.351853)

LINESTRING (1176.185079 133.021098, 1186.548525 123.770834)

LINESTRING (1176.185079 133.021098, 1219.810411 118.261839)

LINESTRING (1176.185079 133.021098, 1207.486926 165.027362)

LINESTRING (1176.185079 133.021098, 1223.608033 135.192694)

LINESTRING (1176.185079 133.021098, 1213.377374 124.103332)

LINESTRING (1176.185079 133.021098, 1211.863988 145.021962)

LINESTRING (1176.185079 133.021098, 1151.585559 152.629411)

LINESTRING (1176.185079 133.021098, 1188.165805 145.138721)

LINESTRING (1176.185079 133.021098, 1170.253720 109.801222)

LINESTRING (1176.185079 133.021098, 1156.884510 119.497468)

LINESTRING (1176.185079 133.021098, 1165.312894 103.427912)

LINESTRING (1176.185079 133.021098, 1213.786557 107.610132)

LINESTRING (1176.185079 133.021098, 1189.930256 150.148129)

LINESTRING (1176.185079 133.021098, 1169.117597 140.410998)

LINESTRING (1176.185079 133.021098, 1216.490870 147.822941)

LINESTRING (1176.185079 133.021098, 1198.216029 160.005487)

LINESTRING (1176.185079 133.021098, 1197.838851 175.122252)

LINESTRING (1176.185079 133.021098, 1156.433182 103.310361)

LINESTRING (1176.185079 133.021098, 1194.048748 165.665888)

LINESTRING (1176.185079 133.021098, 1150.440945 172.178521)

LINESTRING (1176.185079 133.021098, 1226.026712 124.162773)

LINESTRING (1176.185079 133.021098, 1154.202795 178.103729)

LINESTRING (1176.185079 133.021098, 1212.161290 123.025040)

LINESTRING (1176.185079 133.021098, 1210.754645 140.089860)

LINESTRING (1176.185079 133.021098, 1169.401486 152.264563)

LINESTRING (1176.185079 133.021098, 1197.607972 179.302698)

LINESTRING (1176.185079 133.021098, 1188.365789 103.060732)

LINESTRING (1176.185079 133.021098, 1175.997073 145.761866)

LINESTRING (1176.185079 133.021098, 1187.762889 136.916811)

LINESTRING (1176.185079 133.021098, 1178.291759 103.588173)

LINESTRING (1176.185079 133.021098, 1227.865029 155.389785)

LINESTRING (1176.185079 133.021098, 1222.270450 107.287049)

LINESTRING (1176.185079 133.021098, 1228.990954 164.140866)

LINESTRING (1176.185079 133.021098, 1204.787330 115.872472)

LINESTRING (1176.185079 133.021098, 1160.699979 127.602591)

LINESTRING (1181.134491 166.258153, 1155.260074 150.365930)

LINESTRING (1181.134491 166.258153, 1163.918666 139.910828)

LINESTRING (1181.134491 166.258153, 1207.470289 129.871811)

LINESTRING (1181.134491 166.258153, 1165.419581 143.001198)

LINESTRING (1181.134491 166.258153, 1216.539488 136.574938)

LINESTRING (1181.134491 166.258153, 1167.825826 102.996504)

LINESTRING (1181.134491 166.258153, 1157.854393 149.315552)

LINESTRING (1181.134491 166.258153, 1203.539042 141.444601)

LINESTRING (1181.134491 166.258153, 1212.064040 161.809025)

LINESTRING (1181.134491 166.258153, 1183.465131 133.429155)

LINESTRING (1181.134491 166.258153, 1216.198167 166.401949)

LINESTRING (1181.134491 166.258153, 1158.443938 158.152560)

LINESTRING (1181.134491 166.258153, 1214.024714 101.958581)

LINESTRING (1181.134491 166.258153, 1164.232033 103.351853)

LINESTRING (1181.134491 166.258153, 1219.810411 118.261839)

LINESTRING (1181.134491 166.258153, 1207.486926 165.027362)

LINESTRING (1181.134491 166.258153, 1223.608033 135.192694)

LINESTRING (1181.134491 166.258153, 1211.863988 145.021962)

LINESTRING (1181.134491 166.258153, 1151.585559 152.629411)

LINESTRING (1181.134491 166.258153, 1188.165805 145.138721)

LINESTRING (1181.134491 166.258153, 1170.253720 109.801222)

LINESTRING (1181.134491 166.258153, 1156.884510 119.497468)

LINESTRING (1181.134491 166.258153, 1165.312894 103.427912)

LINESTRING (1181.134491 166.258153, 1189.930256 150.148129)

LINESTRING (1181.134491 166.258153, 1169.117597 140.410998)

LINESTRING (1181.134491 166.258153, 1198.216029 160.005487)

LINESTRING (1181.134491 166.258153, 1170.036240 162.415019)

LINESTRING (1181.134491 166.258153, 1197.838851 175.122252)

LINESTRING (1181.134491 166.258153, 1193.925580 135.411600)

LINESTRING (1181.134491 166.258153, 1194.048748 165.665888)

LINESTRING (1181.134491 166.258153, 1154.202795 178.103729)

LINESTRING (1181.134491 166.258153, 1212.161290 123.025040)

LINESTRING (1181.134491 166.258153, 1171.829009 153.591065)

LINESTRING (1181.134491 166.258153, 1154.121818 108.615652)

LINESTRING (1181.134491 166.258153, 1210.754645 140.089860)

LINESTRING (1181.134491 166.258153, 1169.401486 152.264563)

LINESTRING (1181.134491 166.258153, 1197.607972 179.302698)

LINESTRING (1181.134491 166.258153, 1188.365789 103.060732)

LINESTRING (1181.134491 166.258153, 1175.997073 145.761866)

LINESTRING (1181.134491 166.258153, 1187.762889 136.916811)

LINESTRING (1181.134491 166.258153, 1178.291759 103.588173)

LINESTRING (1181.134491 166.258153, 1227.865029 155.389785)

LINESTRING (1181.134491 166.258153, 1222.270450 107.287049)

LINESTRING (1181.134491 166.258153, 1228.990954 164.140866)

LINESTRING (1181.134491 166.258153, 1204.787330 115.872472)

LINESTRING (1181.134491 166.258153, 1160.699979 127.602591)

LINESTRING (1155.260074 150.365930, 1190.094639 121.337476)

LINESTRING (1155.260074 150.365930, 1163.918666 139.910828)

LINESTRING (1155.260074 150.365930, 1207.470289 129.871811)

LINESTRING (1155.260074 150.365930, 1216.539488 136.574938)

LINESTRING (1155.260074 150.365930, 1167.825826 102.996504)

LINESTRING (1155.260074 150.365930, 1203.539042 141.444601)

LINESTRING (1155.260074 150.365930, 1212.064040 161.809025)

LINESTRING (1155.260074 150.365930, 1183.465131 133.429155)

LINESTRING (1155.260074 150.365930, 1216.198167 166.401949)

LINESTRING (1155.260074 150.365930, 1158.443938 158.152560)

LINESTRING (1155.260074 150.365930, 1214.024714 101.958581)

LINESTRING (1155.260074 150.365930, 1164.232033 103.351853)

LINESTRING (1155.260074 150.365930, 1160.098027 161.056450)

LINESTRING (1155.260074 150.365930, 1186.548525 123.770834)

LINESTRING (1155.260074 150.365930, 1219.810411 118.261839)

LINESTRING (1155.260074 150.365930, 1207.486926 165.027362)

LINESTRING (1155.260074 150.365930, 1213.377374 124.103332)

LINESTRING (1155.260074 150.365930, 1151.585559 152.629411)

LINESTRING (1155.260074 150.365930, 1188.165805 145.138721)

LINESTRING (1155.260074 150.365930, 1170.253720 109.801222)

LINESTRING (1155.260074 150.365930, 1213.786557 107.610132)

LINESTRING (1155.260074 150.365930, 1189.930256 150.148129)

LINESTRING (1155.260074 150.365930, 1198.216029 160.005487)

LINESTRING (1155.260074 150.365930, 1170.036240 162.415019)

LINESTRING (1155.260074 150.365930, 1197.838851 175.122252)

LINESTRING (1155.260074 150.365930, 1193.925580 135.411600)

LINESTRING (1155.260074 150.365930, 1156.433182 103.310361)

LINESTRING (1155.260074 150.365930, 1194.048748 165.665888)

LINESTRING (1155.260074 150.365930, 1150.440945 172.178521)

LINESTRING (1155.260074 150.365930, 1157.352716 155.805624)

LINESTRING (1155.260074 150.365930, 1154.202795 178.103729)

LINESTRING (1155.260074 150.365930, 1212.161290 123.025040)

LINESTRING (1155.260074 150.365930, 1171.829009 153.591065)

LINESTRING (1155.260074 150.365930, 1154.121818 108.615652)

LINESTRING (1155.260074 150.365930, 1210.754645 140.089860)

LINESTRING (1155.260074 150.365930, 1169.401486 152.264563)

LINESTRING (1155.260074 150.365930, 1178.291759 103.588173)

LINESTRING (1155.260074 150.365930, 1227.865029 155.389785)

LINESTRING (1155.260074 150.365930, 1228.990954 164.140866)

LINESTRING (1155.260074 150.365930, 1204.787330 115.872472)

LINESTRING (1155.260074 150.365930, 1160.699979 127.602591)

LINESTRING (1161.396808 128.090138, 1190.094639 121.337476)

LINESTRING (1161.396808 128.090138, 1207.470289 129.871811)

LINESTRING (1161.396808 128.090138, 1165.419581 143.001198)

LINESTRING (1161.396808 128.090138, 1216.539488 136.574938)

LINESTRING (1161.396808 128.090138, 1167.825826 102.996504)

LINESTRING (1161.396808 128.090138, 1157.854393 149.315552)

LINESTRING (1161.396808 128.090138, 1212.064040 161.809025)

LINESTRING (1161.396808 128.090138, 1183.465131 133.429155)

LINESTRING (1161.396808 128.090138, 1216.198167 166.401949)

LINESTRING (1161.396808 128.090138, 1160.098027 161.056450)

LINESTRING (1161.396808 128.090138, 1186.548525 123.770834)

LINESTRING (1161.396808 128.090138, 1207.486926 165.027362)

LINESTRING (1161.396808 128.090138, 1223.608033 135.192694)

LINESTRING (1161.396808 128.090138, 1213.377374 124.103332)

LINESTRING (1161.396808 128.090138, 1211.863988 145.021962)

LINESTRING (1161.396808 128.090138, 1188.165805 145.138721)

LINESTRING (1161.396808 128.090138, 1156.884510 119.497468)

LINESTRING (1161.396808 128.090138, 1213.786557 107.610132)

LINESTRING (1161.396808 128.090138, 1189.930256 150.148129)

LINESTRING (1161.396808 128.090138, 1169.117597 140.410998)

LINESTRING (1161.396808 128.090138, 1198.216029 160.005487)

LINESTRING (1161.396808 128.090138, 1170.036240 162.415019)

LINESTRING (1161.396808 128.090138, 1197.838851 175.122252)

LINESTRING (1161.396808 128.090138, 1193.925580 135.411600)

LINESTRING (1161.396808 128.090138, 1156.433182 103.310361)

LINESTRING (1161.396808 128.090138, 1194.048748 165.665888)

LINESTRING (1161.396808 128.090138, 1150.440945 172.178521)

LINESTRING (1161.396808 128.090138, 1157.352716 155.805624)

LINESTRING (1161.396808 128.090138, 1154.202795 178.103729)

LINESTRING (1161.396808 128.090138, 1212.161290 123.025040)

LINESTRING (1161.396808 128.090138, 1154.121818 108.615652)

LINESTRING (1161.396808 128.090138, 1210.754645 140.089860)

LINESTRING (1161.396808 128.090138, 1169.401486 152.264563)

LINESTRING (1161.396808 128.090138, 1197.607972 179.302698)

LINESTRING (1161.396808 128.090138, 1188.365789 103.060732)

LINESTRING (1161.396808 128.090138, 1175.997073 145.761866)

LINESTRING (1161.396808 128.090138, 1187.762889 136.916811)

LINESTRING (1161.396808 128.090138, 1178.291759 103.588173)

LINESTRING (1161.396808 128.090138, 1227.865029 155.389785)

LINESTRING (1161.396808 128.090138, 1222.270450 107.287049)

LINESTRING (1161.396808 128.090138, 1228.990954 164.140866)

LINESTRING (1161.396808 128.090138, 1204.787330 115.872472)

LINESTRING (1161.396808 128.090138, 1160.699979 127.602591)

LINESTRING (1190.094639 121.337476, 1165.419581 143.001198)

LINESTRING (1190.094639 121.337476, 1216.539488 136.574938)

LINESTRING (1190.094639 121.337476, 1167.825826 102.996504)

LINESTRING (1190.094639 121.337476, 1157.854393 149.315552)

LINESTRING (1190.094639 121.337476, 1203.539042 141.444601)

LINESTRING (1190.094639 121.337476, 1183.465131 133.429155)

LINESTRING (1190.094639 121.337476, 1216.198167 166.401949)

LINESTRING (1190.094639 121.337476, 1158.443938 158.152560)

LINESTRING (1190.094639 121.337476, 1214.024714 101.958581)

LINESTRING (1190.094639 121.337476, 1186.548525 123.770834)

LINESTRING (1190.094639 121.337476, 1219.810411 118.261839)

LINESTRING (1190.094639 121.337476, 1207.486926 165.027362)

LINESTRING (1190.094639 121.337476, 1223.608033 135.192694)

LINESTRING (1190.094639 121.337476, 1213.377374 124.103332)

LINESTRING (1190.094639 121.337476, 1211.863988 145.021962)

LINESTRING (1190.094639 121.337476, 1151.585559 152.629411)

LINESTRING (1190.094639 121.337476, 1188.165805 145.138721)

LINESTRING (1190.094639 121.337476, 1170.253720 109.801222)

LINESTRING (1190.094639 121.337476, 1156.884510 119.497468)

LINESTRING (1190.094639 121.337476, 1165.312894 103.427912)

LINESTRING (1190.094639 121.337476, 1213.786557 107.610132)

LINESTRING (1190.094639 121.337476, 1189.930256 150.148129)

LINESTRING (1190.094639 121.337476, 1169.117597 140.410998)

LINESTRING (1190.094639 121.337476, 1216.490870 147.822941)

LINESTRING (1190.094639 121.337476, 1198.216029 160.005487)

LINESTRING (1190.094639 121.337476, 1170.036240 162.415019)

LINESTRING (1190.094639 121.337476, 1193.925580 135.411600)

LINESTRING (1190.094639 121.337476, 1156.433182 103.310361)

LINESTRING (1190.094639 121.337476, 1194.048748 165.665888)

LINESTRING (1190.094639 121.337476, 1226.026712 124.162773)

LINESTRING (1190.094639 121.337476, 1157.352716 155.805624)

LINESTRING (1190.094639 121.337476, 1171.829009 153.591065)

LINESTRING (1190.094639 121.337476, 1154.121818 108.615652)

LINESTRING (1190.094639 121.337476, 1169.401486 152.264563)

LINESTRING (1190.094639 121.337476, 1197.607972 179.302698)

LINESTRING (1190.094639 121.337476, 1188.365789 103.060732)

LINESTRING (1190.094639 121.337476, 1175.997073 145.761866)

LINESTRING (1190.094639 121.337476, 1187.762889 136.916811)

LINESTRING (1190.094639 121.337476, 1222.270450 107.287049)

LINESTRING (1190.094639 121.337476, 1228.990954 164.140866)

LINESTRING (1190.094639 121.337476, 1204.787330 115.872472)

LINESTRING (1190.094639 121.337476, 1160.699979 127.602591)

LINESTRING (1163.918666 139.910828, 1207.470289 129.871811)

LINESTRING (1163.918666 139.910828, 1165.419581 143.001198)

LINESTRING (1163.918666 139.910828, 1216.539488 136.574938)

LINESTRING (1163.918666 139.910828, 1157.854393 149.315552)

LINESTRING (1163.918666 139.910828, 1203.539042 141.444601)

LINESTRING (1163.918666 139.910828, 1212.064040 161.809025)

LINESTRING (1163.918666 139.910828, 1183.465131 133.429155)

LINESTRING (1163.918666 139.910828, 1216.198167 166.401949)

LINESTRING (1163.918666 139.910828, 1158.443938 158.152560)

LINESTRING (1163.918666 139.910828, 1164.232033 103.351853)

LINESTRING (1163.918666 139.910828, 1160.098027 161.056450)

LINESTRING (1163.918666 139.910828, 1186.548525 123.770834)

LINESTRING (1163.918666 139.910828, 1219.810411 118.261839)

LINESTRING (1163.918666 139.910828, 1207.486926 165.027362)

LINESTRING (1163.918666 139.910828, 1223.608033 135.192694)

LINESTRING (1163.918666 139.910828, 1213.377374 124.103332)

LINESTRING (1163.918666 139.910828, 1211.863988 145.021962)

LINESTRING (1163.918666 139.910828, 1151.585559 152.629411)

LINESTRING (1163.918666 139.910828, 1170.253720 109.801222)

LINESTRING (1163.918666 139.910828, 1156.884510 119.497468)

LINESTRING (1163.918666 139.910828, 1165.312894 103.427912)

LINESTRING (1163.918666 139.910828, 1213.786557 107.610132)

LINESTRING (1163.918666 139.910828, 1189.930256 150.148129)

LINESTRING (1163.918666 139.910828, 1169.117597 140.410998)

LINESTRING (1163.918666 139.910828, 1170.036240 162.415019)

LINESTRING (1163.918666 139.910828, 1197.838851 175.122252)

LINESTRING (1163.918666 139.910828, 1193.925580 135.411600)

LINESTRING (1163.918666 139.910828, 1156.433182 103.310361)

LINESTRING (1163.918666 139.910828, 1194.048748 165.665888)

LINESTRING (1163.918666 139.910828, 1150.440945 172.178521)

LINESTRING (1163.918666 139.910828, 1226.026712 124.162773)

LINESTRING (1163.918666 139.910828, 1157.352716 155.805624)

LINESTRING (1163.918666 139.910828, 1154.202795 178.103729)

LINESTRING (1163.918666 139.910828, 1154.121818 108.615652)

LINESTRING (1163.918666 139.910828, 1210.754645 140.089860)

LINESTRING (1163.918666 139.910828, 1169.401486 152.264563)

LINESTRING (1163.918666 139.910828, 1178.291759 103.588173)

LINESTRING (1163.918666 139.910828, 1227.865029 155.389785)

LINESTRING (1163.918666 139.910828, 1228.990954 164.140866)

LINESTRING (1163.918666 139.910828, 1204.787330 115.872472)

LINESTRING (1207.470289 129.871811, 1165.419581 143.001198)

LINESTRING (1207.470289 129.871811, 1216.539488 136.574938)

LINESTRING (1207.470289 129.871811, 1203.539042 141.444601)

LINESTRING (1207.470289 129.871811, 1183.465131 133.429155)

LINESTRING (1207.470289 129.871811, 1216.198167 166.401949)

LINESTRING (1207.470289 129.871811, 1214.024714 101.958581)

LINESTRING (1207.470289 129.871811, 1164.232033 103.351853)

LINESTRING (1207.470289 129.871811, 1160.098027 161.056450)

LINESTRING (1207.470289 129.871811, 1186.548525 123.770834)

LINESTRING (1207.470289 129.871811, 1219.810411 118.261839)

LINESTRING (1207.470289 129.871811, 1207.486926 165.027362)

LINESTRING (1207.470289 129.871811, 1223.608033 135.192694)

LINESTRING (1207.470289 129.871811, 1213.377374 124.103332)

LINESTRING (1207.470289 129.871811, 1151.585559 152.629411)

LINESTRING (1207.470289 129.871811, 1188.165805 145.138721)

LINESTRING (1207.470289 129.871811, 1170.253720 109.801222)

LINESTRING (1207.470289 129.871811, 1156.884510 119.497468)

LINESTRING (1207.470289 129.871811, 1165.312894 103.427912)

LINESTRING (1207.470289 129.871811, 1213.786557 107.610132)

LINESTRING (1207.470289 129.871811, 1189.930256 150.148129)

LINESTRING (1207.470289 129.871811, 1216.490870 147.822941)

LINESTRING (1207.470289 129.871811, 1198.216029 160.005487)

LINESTRING (1207.470289 129.871811, 1170.036240 162.415019)

LINESTRING (1207.470289 129.871811, 1197.838851 175.122252)

LINESTRING (1207.470289 129.871811, 1193.925580 135.411600)

LINESTRING (1207.470289 129.871811, 1156.433182 103.310361)

LINESTRING (1207.470289 129.871811, 1150.440945 172.178521)

LINESTRING (1207.470289 129.871811, 1226.026712 124.162773)

LINESTRING (1207.470289 129.871811, 1154.202795 178.103729)

LINESTRING (1207.470289 129.871811, 1212.161290 123.025040)

LINESTRING (1207.470289 129.871811, 1171.829009 153.591065)

LINESTRING (1207.470289 129.871811, 1154.121818 108.615652)

LINESTRING (1207.470289 129.871811, 1210.754645 140.089860)

LINESTRING (1207.470289 129.871811, 1197.607972 179.302698)

LINESTRING (1207.470289 129.871811, 1188.365789 103.060732)

LINESTRING (1207.470289 129.871811, 1187.762889 136.916811)

LINESTRING (1207.470289 129.871811, 1227.865029 155.389785)

LINESTRING (1207.470289 129.871811, 1222.270450 107.287049)

LINESTRING (1207.470289 129.871811, 1228.990954 164.140866)

LINESTRING (1207.470289 129.871811, 1204.787330 115.872472)

LINESTRING (1207.470289 129.871811, 1160.699979 127.602591)

LINESTRING (1165.419581 143.001198, 1216.539488 136.574938)

LINESTRING (1165.419581 143.001198, 1167.825826 102.996504)

LINESTRING (1165.419581 143.001198, 1157.854393 149.315552)

LINESTRING (1165.419581 143.001198, 1203.539042 141.444601)

LINESTRING (1165.419581 143.001198, 1212.064040 161.809025)

LINESTRING (1165.419581 143.001198, 1183.465131 133.429155)

LINESTRING (1165.419581 143.001198, 1216.198167 166.401949)

LINESTRING (1165.419581 143.001198, 1158.443938 158.152560)

LINESTRING (1165.419581 143.001198, 1164.232033 103.351853)

LINESTRING (1165.419581 143.001198, 1160.098027 161.056450)

LINESTRING (1165.419581 143.001198, 1186.548525 123.770834)

LINESTRING (1165.419581 143.001198, 1219.810411 118.261839)

LINESTRING (1165.419581 143.001198, 1207.486926 165.027362)

LINESTRING (1165.419581 143.001198, 1213.377374 124.103332)

LINESTRING (1165.419581 143.001198, 1211.863988 145.021962)

LINESTRING (1165.419581 143.001198, 1151.585559 152.629411)

LINESTRING (1165.419581 143.001198, 1188.165805 145.138721)

LINESTRING (1165.419581 143.001198, 1170.253720 109.801222)

LINESTRING (1165.419581 143.001198, 1156.884510 119.497468)

LINESTRING (1165.419581 143.001198, 1165.312894 103.427912)

LINESTRING (1165.419581 143.001198, 1169.117597 140.410998)

LINESTRING (1165.419581 143.001198, 1216.490870 147.822941)

LINESTRING (1165.419581 143.001198, 1198.216029 160.005487)

LINESTRING (1165.419581 143.001198, 1170.036240 162.415019)

LINESTRING (1165.419581 143.001198, 1197.838851 175.122252)

LINESTRING (1165.419581 143.001198, 1156.433182 103.310361)

LINESTRING (1165.419581 143.001198, 1150.440945 172.178521)

LINESTRING (1165.419581 143.001198, 1226.026712 124.162773)

LINESTRING (1165.419581 143.001198, 1157.352716 155.805624)

LINESTRING (1165.419581 143.001198, 1154.202795 178.103729)

LINESTRING (1165.419581 143.001198, 1171.829009 153.591065)

LINESTRING (1165.419581 143.001198, 1154.121818 108.615652)

LINESTRING (1165.419581 143.001198, 1210.754645 140.089860)

LINESTRING (1165.419581 143.001198, 1169.401486 152.264563)

LINESTRING (1165.419581 143.001198, 1197.607972 179.302698)

LINESTRING (1165.419581 143.001198, 1188.365789 103.060732)

LINESTRING (1165.419581 143.001198, 1175.997073 145.761866)

LINESTRING (1165.419581 143.001198, 1187.762889 136.916811)

LINESTRING (1165.419581 143.001198, 1178.291759 103.588173)

LINESTRING (1165.419581 143.001198, 1227.865029 155.389785)

LINESTRING (1165.419581 143.001198, 1222.270450 107.287049)

LINESTRING (1165.419581 143.001198, 1228.990954 164.140866)

LINESTRING (1165.419581 143.001198, 1160.699979 127.602591)

LINESTRING (1216.539488 136.574938, 1157.854393 149.315552)

LINESTRING (1216.539488 136.574938, 1212.064040 161.809025)

LINESTRING (1216.539488 136.574938, 1183.465131 133.429155)

LINESTRING (1216.539488 136.574938, 1216.198167 166.401949)

LINESTRING (1216.539488 136.574938, 1214.024714 101.958581)

LINESTRING (1216.539488 136.574938, 1164.232033 103.351853)

LINESTRING (1216.539488 136.574938, 1160.098027 161.056450)

LINESTRING (1216.539488 136.574938, 1219.810411 118.261839)

LINESTRING (1216.539488 136.574938, 1207.486926 165.027362)

LINESTRING (1216.539488 136.574938, 1223.608033 135.192694)

LINESTRING (1216.539488 136.574938, 1213.377374 124.103332)

LINESTRING (1216.539488 136.574938, 1211.863988 145.021962)

LINESTRING (1216.539488 136.574938, 1188.165805 145.138721)

LINESTRING (1216.539488 136.574938, 1156.884510 119.497468)

LINESTRING (1216.539488 136.574938, 1165.312894 103.427912)

LINESTRING (1216.539488 136.574938, 1213.786557 107.610132)

LINESTRING (1216.539488 136.574938, 1189.930256 150.148129)

LINESTRING (1216.539488 136.574938, 1169.117597 140.410998)

LINESTRING (1216.539488 136.574938, 1198.216029 160.005487)

LINESTRING (1216.539488 136.574938, 1170.036240 162.415019)

LINESTRING (1216.539488 136.574938, 1197.838851 175.122252)

LINESTRING (1216.539488 136.574938, 1193.925580 135.411600)

LINESTRING (1216.539488 136.574938, 1156.433182 103.310361)

LINESTRING (1216.539488 136.574938, 1226.026712 124.162773)

LINESTRING (1216.539488 136.574938, 1154.202795 178.103729)

LINESTRING (1216.539488 136.574938, 1212.161290 123.025040)

LINESTRING (1216.539488 136.574938, 1154.121818 108.615652)

LINESTRING (1216.539488 136.574938, 1210.754645 140.089860)

LINESTRING (1216.539488 136.574938, 1169.401486 152.264563)

LINESTRING (1216.539488 136.574938, 1197.607972 179.302698)

LINESTRING (1216.539488 136.574938, 1188.365789 103.060732)

LINESTRING (1216.539488 136.574938, 1175.997073 145.761866)

LINESTRING (1216.539488 136.574938, 1187.762889 136.916811)

LINESTRING (1216.539488 136.574938, 1178.291759 103.588173)

LINESTRING (1216.539488 136.574938, 1222.270450 107.287049)

LINESTRING (1216.539488 136.574938, 1228.990954 164.140866)

LINESTRING (1216.539488 136.574938, 1204.787330 115.872472)

LINESTRING (1216.539488 136.574938, 1160.699979 127.602591)

LINESTRING (1167.825826 102.996504, 1157.854393 149.315552)

LINESTRING (1167.825826 102.996504, 1203.539042 141.444601)

LINESTRING (1167.825826 102.996504, 1212.064040 161.809025)

LINESTRING (1167.825826 102.996504, 1183.465131 133.429155)

LINESTRING (1167.825826 102.996504, 1216.198167 166.401949)

LINESTRING (1167.825826 102.996504, 1158.443938 158.152560)

LINESTRING (1167.825826 102.996504, 1214.024714 101.958581)

LINESTRING (1167.825826 102.996504, 1164.232033 103.351853)

LINESTRING (1167.825826 102.996504, 1160.098027 161.056450)

LINESTRING (1167.825826 102.996504, 1186.548525 123.770834)

LINESTRING (1167.825826 102.996504, 1219.810411 118.261839)

LINESTRING (1167.825826 102.996504, 1207.486926 165.027362)

LINESTRING (1167.825826 102.996504, 1223.608033 135.192694)

LINESTRING (1167.825826 102.996504, 1213.377374 124.103332)

LINESTRING (1167.825826 102.996504, 1211.863988 145.021962)

LINESTRING (1167.825826 102.996504, 1151.585559 152.629411)

LINESTRING (1167.825826 102.996504, 1188.165805 145.138721)

LINESTRING (1167.825826 102.996504, 1170.253720 109.801222)

LINESTRING (1167.825826 102.996504, 1156.884510 119.497468)

LINESTRING (1167.825826 102.996504, 1213.786557 107.610132)

LINESTRING (1167.825826 102.996504, 1169.117597 140.410998)

LINESTRING (1167.825826 102.996504, 1216.490870 147.822941)

LINESTRING (1167.825826 102.996504, 1198.216029 160.005487)

LINESTRING (1167.825826 102.996504, 1193.925580 135.411600)

LINESTRING (1167.825826 102.996504, 1156.433182 103.310361)

LINESTRING (1167.825826 102.996504, 1194.048748 165.665888)

LINESTRING (1167.825826 102.996504, 1226.026712 124.162773)

LINESTRING (1167.825826 102.996504, 1157.352716 155.805624)

LINESTRING (1167.825826 102.996504, 1212.161290 123.025040)

LINESTRING (1167.825826 102.996504, 1171.829009 153.591065)

LINESTRING (1167.825826 102.996504, 1210.754645 140.089860)

LINESTRING (1167.825826 102.996504, 1169.401486 152.264563)

LINESTRING (1167.825826 102.996504, 1197.607972 179.302698)

LINESTRING (1167.825826 102.996504, 1188.365789 103.060732)

LINESTRING (1167.825826 102.996504, 1175.997073 145.761866)

LINESTRING (1167.825826 102.996504, 1178.291759 103.588173)

LINESTRING (1167.825826 102.996504, 1227.865029 155.389785)

LINESTRING (1167.825826 102.996504, 1222.270450 107.287049)

LINESTRING (1167.825826 102.996504, 1228.990954 164.140866)

LINESTRING (1167.825826 102.996504, 1204.787330 115.872472)

LINESTRING (1167.825826 102.996504, 1160.699979 127.602591)

LINESTRING (1157.854393 149.315552, 1203.539042 141.444601)

LINESTRING (1157.854393 149.315552, 1212.064040 161.809025)

LINESTRING (1157.854393 149.315552, 1183.465131 133.429155)

LINESTRING (1157.854393 149.315552, 1216.198167 166.401949)

LINESTRING (1157.854393 149.315552, 1158.443938 158.152560)

LINESTRING (1157.854393 149.315552, 1214.024714 101.958581)

LINESTRING (1157.854393 149.315552, 1164.232033 103.351853)

LINESTRING (1157.854393 149.315552, 1160.098027 161.056450)

LINESTRING (1157.854393 149.315552, 1186.548525 123.770834)

LINESTRING (1157.854393 149.315552, 1219.810411 118.261839)

LINESTRING (1157.854393 149.315552, 1223.608033 135.192694)

LINESTRING (1157.854393 149.315552, 1213.377374 124.103332)

LINESTRING (1157.854393 149.315552, 1211.863988 145.021962)

LINESTRING (1157.854393 149.315552, 1151.585559 152.629411)

LINESTRING (1157.854393 149.315552, 1188.165805 145.138721)

LINESTRING (1157.854393 149.315552, 1170.253720 109.801222)

LINESTRING (1157.854393 149.315552, 1165.312894 103.427912)

LINESTRING (1157.854393 149.315552, 1213.786557 107.610132)

LINESTRING (1157.854393 149.315552, 1169.117597 140.410998)

LINESTRING (1157.854393 149.315552, 1170.036240 162.415019)

LINESTRING (1157.854393 149.315552, 1197.838851 175.122252)

LINESTRING (1157.854393 149.315552, 1193.925580 135.411600)

LINESTRING (1157.854393 149.315552, 1194.048748 165.665888)

LINESTRING (1157.854393 149.315552, 1150.440945 172.178521)

LINESTRING (1157.854393 149.315552, 1226.026712 124.162773)

LINESTRING (1157.854393 149.315552, 1157.352716 155.805624)

LINESTRING (1157.854393 149.315552, 1154.202795 178.103729)

LINESTRING (1157.854393 149.315552, 1210.754645 140.089860)

LINESTRING (1157.854393 149.315552, 1169.401486 152.264563)

LINESTRING (1157.854393 149.315552, 1197.607972 179.302698)

LINESTRING (1157.854393 149.315552, 1188.365789 103.060732)

LINESTRING (1157.854393 149.315552, 1175.997073 145.761866)

LINESTRING (1157.854393 149.315552, 1187.762889 136.916811)

LINESTRING (1157.854393 149.315552, 1178.291759 103.588173)

LINESTRING (1157.854393 149.315552, 1227.865029 155.389785)

LINESTRING (1157.854393 149.315552, 1228.990954 164.140866)

LINESTRING (1157.854393 149.315552, 1204.787330 115.872472)

LINESTRING (1203.539042 141.444601, 1212.064040 161.809025)

LINESTRING (1203.539042 141.444601, 1183.465131 133.429155)

LINESTRING (1203.539042 141.444601, 1216.198167 166.401949)

LINESTRING (1203.539042 141.444601, 1158.443938 158.152560)

LINESTRING (1203.539042 141.444601, 1164.232033 103.351853)

LINESTRING (1203.539042 141.444601, 1160.098027 161.056450)

LINESTRING (1203.539042 141.444601, 1186.548525 123.770834)

LINESTRING (1203.539042 141.444601, 1207.486926 165.027362)

LINESTRING (1203.539042 141.444601, 1223.608033 135.192694)

LINESTRING (1203.539042 141.444601, 1213.377374 124.103332)

LINESTRING (1203.539042 141.444601, 1211.863988 145.021962)

LINESTRING (1203.539042 141.444601, 1188.165805 145.138721)

LINESTRING (1203.539042 141.444601, 1156.884510 119.497468)

LINESTRING (1203.539042 141.444601, 1165.312894 103.427912)

LINESTRING (1203.539042 141.444601, 1213.786557 107.610132)

LINESTRING (1203.539042 141.444601, 1189.930256 150.148129)

LINESTRING (1203.539042 141.444601, 1169.117597 140.410998)

LINESTRING (1203.539042 141.444601, 1216.490870 147.822941)

LINESTRING (1203.539042 141.444601, 1198.216029 160.005487)

LINESTRING (1203.539042 141.444601, 1170.036240 162.415019)

LINESTRING (1203.539042 141.444601, 1197.838851 175.122252)

LINESTRING (1203.539042 141.444601, 1156.433182 103.310361)

LINESTRING (1203.539042 141.444601, 1194.048748 165.665888)

LINESTRING (1203.539042 141.444601, 1226.026712 124.162773)

LINESTRING (1203.539042 141.444601, 1157.352716 155.805624)

LINESTRING (1203.539042 141.444601, 1154.202795 178.103729)

LINESTRING (1203.539042 141.444601, 1171.829009 153.591065)

LINESTRING (1203.539042 141.444601, 1154.121818 108.615652)

LINESTRING (1203.539042 141.444601, 1210.754645 140.089860)

LINESTRING (1203.539042 141.444601, 1169.401486 152.264563)

LINESTRING (1203.539042 141.444601, 1197.607972 179.302698)

LINESTRING (1203.539042 141.444601, 1188.365789 103.060732)

LINESTRING (1203.539042 141.444601, 1175.997073 145.761866)

LINESTRING (1203.539042 141.444601, 1187.762889 136.916811)

LINESTRING (1203.539042 141.444601, 1178.291759 103.588173)

LINESTRING (1203.539042 141.444601, 1227.865029 155.389785)

LINESTRING (1203.539042 141.444601, 1222.270450 107.287049)

LINESTRING (1203.539042 141.444601, 1228.990954 164.140866)

LINESTRING (1203.539042 141.444601, 1204.787330 115.872472)

LINESTRING (1203.539042 141.444601, 1160.699979 127.602591)

LINESTRING (1212.064040 161.809025, 1183.465131 133.429155)

LINESTRING (1212.064040 161.809025, 1216.198167 166.401949)

LINESTRING (1212.064040 161.809025, 1158.443938 158.152560)

LINESTRING (1212.064040 161.809025, 1164.232033 103.351853)

LINESTRING (1212.064040 161.809025, 1160.098027 161.056450)

LINESTRING (1212.064040 161.809025, 1186.548525 123.770834)

LINESTRING (1212.064040 161.809025, 1219.810411 118.261839)

LINESTRING (1212.064040 161.809025, 1207.486926 165.027362)

LINESTRING (1212.064040 161.809025, 1223.608033 135.192694)

LINESTRING (1212.064040 161.809025, 1213.377374 124.103332)

LINESTRING (1212.064040 161.809025, 1211.863988 145.021962)

LINESTRING (1212.064040 161.809025, 1151.585559 152.629411)

LINESTRING (1212.064040 161.809025, 1170.253720 109.801222)

LINESTRING (1212.064040 161.809025, 1156.884510 119.497468)

LINESTRING (1212.064040 161.809025, 1165.312894 103.427912)

LINESTRING (1212.064040 161.809025, 1213.786557 107.610132)

LINESTRING (1212.064040 161.809025, 1189.930256 150.148129)

LINESTRING (1212.064040 161.809025, 1169.117597 140.410998)

LINESTRING (1212.064040 161.809025, 1198.216029 160.005487)

LINESTRING (1212.064040 161.809025, 1170.036240 162.415019)

LINESTRING (1212.064040 161.809025, 1197.838851 175.122252)

LINESTRING (1212.064040 161.809025, 1193.925580 135.411600)

LINESTRING (1212.064040 161.809025, 1194.048748 165.665888)

LINESTRING (1212.064040 161.809025, 1150.440945 172.178521)

LINESTRING (1212.064040 161.809025, 1226.026712 124.162773)

LINESTRING (1212.064040 161.809025, 1157.352716 155.805624)

LINESTRING (1212.064040 161.809025, 1154.202795 178.103729)

LINESTRING (1212.064040 161.809025, 1212.161290 123.025040)

LINESTRING (1212.064040 161.809025, 1171.829009 153.591065)

LINESTRING (1212.064040 161.809025, 1154.121818 108.615652)

LINESTRING (1212.064040 161.809025, 1210.754645 140.089860)

LINESTRING (1212.064040 161.809025, 1197.607972 179.302698)

LINESTRING (1212.064040 161.809025, 1188.365789 103.060732)

LINESTRING (1212.064040 161.809025, 1175.997073 145.761866)

LINESTRING (1212.064040 161.809025, 1187.762889 136.916811)

LINESTRING (1212.064040 161.809025, 1227.865029 155.389785)

LINESTRING (1212.064040 161.809025, 1228.990954 164.140866)

LINESTRING (1212.064040 161.809025, 1204.787330 115.872472)

LINESTRING (1212.064040 161.809025, 1160.699979 127.602591)

LINESTRING (1183.465131 133.429155, 1158.443938 158.152560)

LINESTRING (1183.465131 133.429155, 1186.548525 123.770834)

LINESTRING (1183.465131 133.429155, 1219.810411 118.261839)

LINESTRING (1183.465131 133.429155, 1207.486926 165.027362)

LINESTRING (1183.465131 133.429155, 1223.608033 135.192694)

LINESTRING (1183.465131 133.429155, 1213.377374 124.103332)

LINESTRING (1183.465131 133.429155, 1211.863988 145.021962)

LINESTRING (1183.465131 133.429155, 1151.585559 152.629411)

LINESTRING (1183.465131 133.429155, 1170.253720 109.801222)

LINESTRING (1183.465131 133.429155, 1156.884510 119.497468)

LINESTRING (1183.465131 133.429155, 1165.312894 103.427912)

LINESTRING (1183.465131 133.429155, 1189.930256 150.148129)

LINESTRING (1183.465131 133.429155, 1169.117597 140.410998)

LINESTRING (1183.465131 133.429155, 1216.490870 147.822941)

LINESTRING (1183.465131 133.429155, 1170.036240 162.415019)

LINESTRING (1183.465131 133.429155, 1197.838851 175.122252)

LINESTRING (1183.465131 133.429155, 1193.925580 135.411600)

LINESTRING (1183.465131 133.429155, 1156.433182 103.310361)

LINESTRING (1183.465131 133.429155, 1194.048748 165.665888)

LINESTRING (1183.465131 133.429155, 1226.026712 124.162773)

LINESTRING (1183.465131 133.429155, 1157.352716 155.805624)

LINESTRING (1183.465131 133.429155, 1154.202795 178.103729)

LINESTRING (1183.465131 133.429155, 1212.161290 123.025040)

LINESTRING (1183.465131 133.429155, 1171.829009 153.591065)

LINESTRING (1183.465131 133.429155, 1210.754645 140.089860)

LINESTRING (1183.465131 133.429155, 1169.401486 152.264563)

LINESTRING (1183.465131 133.429155, 1197.607972 179.302698)

LINESTRING (1183.465131 133.429155, 1188.365789 103.060732)

LINESTRING (1183.465131 133.429155, 1175.997073 145.761866)

LINESTRING (1183.465131 133.429155, 1187.762889 136.916811)

LINESTRING (1183.465131 133.429155, 1178.291759 103.588173)

LINESTRING (1183.465131 133.429155, 1227.865029 155.389785)

LINESTRING (1183.465131 133.429155, 1222.270450 107.287049)

LINESTRING (1183.465131 133.429155, 1228.990954 164.140866)

LINESTRING (1183.465131 133.429155, 1204.787330 115.872472)

LINESTRING (1183.465131 133.429155, 1160.699979 127.602591)

LINESTRING (1216.198167 166.401949, 1158.443938 158.152560)

LINESTRING (1216.198167 166.401949, 1214.024714 101.958581)

LINESTRING (1216.198167 166.401949, 1160.098027 161.056450)

LINESTRING (1216.198167 166.401949, 1186.548525 123.770834)

LINESTRING (1216.198167 166.401949, 1219.810411 118.261839)

LINESTRING (1216.198167 166.401949, 1223.608033 135.192694)

LINESTRING (1216.198167 166.401949, 1213.377374 124.103332)

LINESTRING (1216.198167 166.401949, 1211.863988 145.021962)

LINESTRING (1216.198167 166.401949, 1151.585559 152.629411)

LINESTRING (1216.198167 166.401949, 1156.884510 119.497468)

LINESTRING (1216.198167 166.401949, 1165.312894 103.427912)

LINESTRING (1216.198167 166.401949, 1213.786557 107.610132)

LINESTRING (1216.198167 166.401949, 1169.117597 140.410998)

LINESTRING (1216.198167 166.401949, 1216.490870 147.822941)

LINESTRING (1216.198167 166.401949, 1198.216029 160.005487)

LINESTRING (1216.198167 166.401949, 1170.036240 162.415019)

LINESTRING (1216.198167 166.401949, 1197.838851 175.122252)

LINESTRING (1216.198167 166.401949, 1156.433182 103.310361)

LINESTRING (1216.198167 166.401949, 1194.048748 165.665888)

LINESTRING (1216.198167 166.401949, 1150.440945 172.178521)

LINESTRING (1216.198167 166.401949, 1226.026712 124.162773)

LINESTRING (1216.198167 166.401949, 1157.352716 155.805624)

LINESTRING (1216.198167 166.401949, 1154.202795 178.103729)

LINESTRING (1216.198167 166.401949, 1212.161290 123.025040)

LINESTRING (1216.198167 166.401949, 1171.829009 153.591065)

LINESTRING (1216.198167 166.401949, 1154.121818 108.615652)

LINESTRING (1216.198167 166.401949, 1210.754645 140.089860)

LINESTRING (1216.198167 166.401949, 1197.607972 179.302698)

LINESTRING (1216.198167 166.401949, 1188.365789 103.060732)

LINESTRING (1216.198167 166.401949, 1175.997073 145.761866)

LINESTRING (1216.198167 166.401949, 1178.291759 103.588173)

LINESTRING (1216.198167 166.401949, 1227.865029 155.389785)

LINESTRING (1216.198167 166.401949, 1228.990954 164.140866)

LINESTRING (1158.443938 158.152560, 1214.024714 101.958581)

LINESTRING (1158.443938 158.152560, 1160.098027 161.056450)

LINESTRING (1158.443938 158.152560, 1186.548525 123.770834)

LINESTRING (1158.443938 158.152560, 1219.810411 118.261839)

LINESTRING (1158.443938 158.152560, 1207.486926 165.027362)

LINESTRING (1158.443938 158.152560, 1223.608033 135.192694)

LINESTRING (1158.443938 158.152560, 1213.377374 124.103332)

LINESTRING (1158.443938 158.152560, 1211.863988 145.021962)

LINESTRING (1158.443938 158.152560, 1188.165805 145.138721)

LINESTRING (1158.443938 158.152560, 1170.253720 109.801222)

LINESTRING (1158.443938 158.152560, 1156.884510 119.497468)

LINESTRING (1158.443938 158.152560, 1165.312894 103.427912)

LINESTRING (1158.443938 158.152560, 1189.930256 150.148129)

LINESTRING (1158.443938 158.152560, 1169.117597 140.410998)

LINESTRING (1158.443938 158.152560, 1216.490870 147.822941)

LINESTRING (1158.443938 158.152560, 1198.216029 160.005487)

LINESTRING (1158.443938 158.152560, 1170.036240 162.415019)

LINESTRING (1158.443938 158.152560, 1156.433182 103.310361)

LINESTRING (1158.443938 158.152560, 1194.048748 165.665888)

LINESTRING (1158.443938 158.152560, 1150.440945 172.178521)

LINESTRING (1158.443938 158.152560, 1157.352716 155.805624)

LINESTRING (1158.443938 158.152560, 1154.202795 178.103729)

LINESTRING (1158.443938 158.152560, 1212.161290 123.025040)

LINESTRING (1158.443938 158.152560, 1171.829009 153.591065)

LINESTRING (1158.443938 158.152560, 1169.401486 152.264563)

LINESTRING (1158.443938 158.152560, 1197.607972 179.302698)

LINESTRING (1158.443938 158.152560, 1188.365789 103.060732)

LINESTRING (1158.443938 158.152560, 1175.997073 145.761866)

LINESTRING (1158.443938 158.152560, 1187.762889 136.916811)

LINESTRING (1158.443938 158.152560, 1227.865029 155.389785)

LINESTRING (1158.443938 158.152560, 1222.270450 107.287049)

LINESTRING (1158.443938 158.152560, 1160.699979 127.602591)

LINESTRING (1214.024714 101.958581, 1164.232033 103.351853)

LINESTRING (1214.024714 101.958581, 1186.548525 123.770834)

LINESTRING (1214.024714 101.958581, 1219.810411 118.261839)

LINESTRING (1214.024714 101.958581, 1207.486926 165.027362)

LINESTRING (1214.024714 101.958581, 1223.608033 135.192694)

LINESTRING (1214.024714 101.958581, 1213.377374 124.103332)

LINESTRING (1214.024714 101.958581, 1151.585559 152.629411)

LINESTRING (1214.024714 101.958581, 1188.165805 145.138721)

LINESTRING (1214.024714 101.958581, 1170.253720 109.801222)

LINESTRING (1214.024714 101.958581, 1165.312894 103.427912)

LINESTRING (1214.024714 101.958581, 1213.786557 107.610132)

LINESTRING (1214.024714 101.958581, 1189.930256 150.148129)

LINESTRING (1214.024714 101.958581, 1169.117597 140.410998)

LINESTRING (1214.024714 101.958581, 1170.036240 162.415019)

LINESTRING (1214.024714 101.958581, 1197.838851 175.122252)

LINESTRING (1214.024714 101.958581, 1193.925580 135.411600)

LINESTRING (1214.024714 101.958581, 1156.433182 103.310361)

LINESTRING (1214.024714 101.958581, 1194.048748 165.665888)

LINESTRING (1214.024714 101.958581, 1150.440945 172.178521)

LINESTRING (1214.024714 101.958581, 1157.352716 155.805624)

LINESTRING (1214.024714 101.958581, 1154.202795 178.103729)

LINESTRING (1214.024714 101.958581, 1212.161290 123.025040)

LINESTRING (1214.024714 101.958581, 1171.829009 153.591065)

LINESTRING (1214.024714 101.958581, 1154.121818 108.615652)

LINESTRING (1214.024714 101.958581, 1169.401486 152.264563)

LINESTRING (1214.024714 101.958581, 1197.607972 179.302698)

LINESTRING (1214.024714 101.958581, 1188.365789 103.060732)

LINESTRING (1214.024714 101.958581, 1175.997073 145.761866)

LINESTRING (1214.024714 101.958581, 1178.291759 103.588173)

LINESTRING (1214.024714 101.958581, 1227.865029 155.389785)

LINESTRING (1214.024714 101.958581, 1228.990954 164.140866)

LINESTRING (1214.024714 101.958581, 1204.787330 115.872472)

LINESTRING (1214.024714 101.958581, 1160.699979 127.602591)

LINESTRING (1164.232033 103.351853, 1160.098027 161.056450)

LINESTRING (1164.232033 103.351853, 1186.548525 123.770834)

LINESTRING (1164.232033 103.351853, 1219.810411 118.261839)

LINESTRING (1164.232033 103.351853, 1188.165805 145.138721)

LINESTRING (1164.232033 103.351853, 1170.253720 109.801222)

LINESTRING (1164.232033 103.351853, 1156.884510 119.497468)

LINESTRING (1164.232033 103.351853, 1165.312894 103.427912)

LINESTRING (1164.232033 103.351853, 1213.786557 107.610132)

LINESTRING (1164.232033 103.351853, 1169.117597 140.410998)

LINESTRING (1164.232033 103.351853, 1216.490870 147.822941)

LINESTRING (1164.232033 103.351853, 1198.216029 160.005487)

LINESTRING (1164.232033 103.351853, 1170.036240 162.415019)

LINESTRING (1164.232033 103.351853, 1197.838851 175.122252)

LINESTRING (1164.232033 103.351853, 1193.925580 135.411600)

LINESTRING (1164.232033 103.351853, 1156.433182 103.310361)

LINESTRING (1164.232033 103.351853, 1150.440945 172.178521)

LINESTRING (1164.232033 103.351853, 1226.026712 124.162773)

LINESTRING (1164.232033 103.351853, 1157.352716 155.805624)

LINESTRING (1164.232033 103.351853, 1212.161290 123.025040)

LINESTRING (1164.232033 103.351853, 1210.754645 140.089860)

LINESTRING (1164.232033 103.351853, 1169.401486 152.264563)

LINESTRING (1164.232033 103.351853, 1197.607972 179.302698)

LINESTRING (1164.232033 103.351853, 1188.365789 103.060732)

LINESTRING (1164.232033 103.351853, 1175.997073 145.761866)

LINESTRING (1164.232033 103.351853, 1227.865029 155.389785)

LINESTRING (1164.232033 103.351853, 1222.270450 107.287049)

LINESTRING (1164.232033 103.351853, 1228.990954 164.140866)

LINESTRING (1164.232033 103.351853, 1204.787330 115.872472)

LINESTRING (1164.232033 103.351853, 1160.699979 127.602591)

LINESTRING (1160.098027 161.056450, 1186.548525 123.770834)

LINESTRING (1160.098027 161.056450, 1207.486926 165.027362)

LINESTRING (1160.098027 161.056450, 1213.377374 124.103332)

LINESTRING (1160.098027 161.056450, 1151.585559 152.629411)

LINESTRING (1160.098027 161.056450, 1188.165805 145.138721)

LINESTRING (1160.098027 161.056450, 1170.253720 109.801222)

LINESTRING (1160.098027 161.056450, 1156.884510 119.497468)

LINESTRING (1160.098027 161.056450, 1165.312894 103.427912)

LINESTRING (1160.098027 161.056450, 1213.786557 107.610132)

LINESTRING (1160.098027 161.056450, 1189.930256 150.148129)

LINESTRING (1160.098027 161.056450, 1169.117597 140.410998)

LINESTRING (1160.098027 161.056450, 1170.036240 162.415019)

LINESTRING (1160.098027 161.056450, 1197.838851 175.122252)

LINESTRING (1160.098027 161.056450, 1193.925580 135.411600)

LINESTRING (1160.098027 161.056450, 1156.433182 103.310361)

LINESTRING (1160.098027 161.056450, 1194.048748 165.665888)

LINESTRING (1160.098027 161.056450, 1150.440945 172.178521)

LINESTRING (1160.098027 161.056450, 1226.026712 124.162773)

LINESTRING (1160.098027 161.056450, 1157.352716 155.805624)

LINESTRING (1160.098027 161.056450, 1154.202795 178.103729)

LINESTRING (1160.098027 161.056450, 1212.161290 123.025040)

LINESTRING (1160.098027 161.056450, 1171.829009 153.591065)

LINESTRING (1160.098027 161.056450, 1154.121818 108.615652)

LINESTRING (1160.098027 161.056450, 1210.754645 140.089860)

LINESTRING (1160.098027 161.056450, 1169.401486 152.264563)

LINESTRING (1160.098027 161.056450, 1197.607972 179.302698)

LINESTRING (1160.098027 161.056450, 1188.365789 103.060732)

LINESTRING (1160.098027 161.056450, 1175.997073 145.761866)

LINESTRING (1160.098027 161.056450, 1187.762889 136.916811)

LINESTRING (1160.098027 161.056450, 1227.865029 155.389785)

LINESTRING (1160.098027 161.056450, 1222.270450 107.287049)

LINESTRING (1160.098027 161.056450, 1204.787330 115.872472)

LINESTRING (1160.098027 161.056450, 1160.699979 127.602591)

LINESTRING (1186.548525 123.770834, 1219.810411 118.261839)

LINESTRING (1186.548525 123.770834, 1207.486926 165.027362)

LINESTRING (1186.548525 123.770834, 1223.608033 135.192694)

LINESTRING (1186.548525 123.770834, 1213.377374 124.103332)

LINESTRING (1186.548525 123.770834, 1211.863988 145.021962)

LINESTRING (1186.548525 123.770834, 1151.585559 152.629411)

LINESTRING (1186.548525 123.770834, 1188.165805 145.138721)

LINESTRING (1186.548525 123.770834, 1156.884510 119.497468)

LINESTRING (1186.548525 123.770834, 1165.312894 103.427912)

LINESTRING (1186.548525 123.770834, 1213.786557 107.610132)

LINESTRING (1186.548525 123.770834, 1189.930256 150.148129)

LINESTRING (1186.548525 123.770834, 1169.117597 140.410998)

LINESTRING (1186.548525 123.770834, 1216.490870 147.822941)

LINESTRING (1186.548525 123.770834, 1198.216029 160.005487)

LINESTRING (1186.548525 123.770834, 1170.036240 162.415019)

LINESTRING (1186.548525 123.770834, 1193.925580 135.411600)

LINESTRING (1186.548525 123.770834, 1156.433182 103.310361)

LINESTRING (1186.548525 123.770834, 1194.048748 165.665888)

LINESTRING (1186.548525 123.770834, 1150.440945 172.178521)

LINESTRING (1186.548525 123.770834, 1226.026712 124.162773)

LINESTRING (1186.548525 123.770834, 1154.202795 178.103729)

LINESTRING (1186.548525 123.770834, 1212.161290 123.025040)

LINESTRING (1186.548525 123.770834, 1171.829009 153.591065)

LINESTRING (1186.548525 123.770834, 1154.121818 108.615652)

LINESTRING (1186.548525 123.770834, 1210.754645 140.089860)

LINESTRING (1186.548525 123.770834, 1169.401486 152.264563)

LINESTRING (1186.548525 123.770834, 1197.607972 179.302698)

LINESTRING (1186.548525 123.770834, 1187.762889 136.916811)

LINESTRING (1186.548525 123.770834, 1178.291759 103.588173)

LINESTRING (1186.548525 123.770834, 1222.270450 107.287049)

LINESTRING (1186.548525 123.770834, 1204.787330 115.872472)

LINESTRING (1186.548525 123.770834, 1160.699979 127.602591)

LINESTRING (1219.810411 118.261839, 1207.486926 165.027362)

LINESTRING (1219.810411 118.261839, 1223.608033 135.192694)

LINESTRING (1219.810411 118.261839, 1213.377374 124.103332)

LINESTRING (1219.810411 118.261839, 1211.863988 145.021962)

LINESTRING (1219.810411 118.261839, 1151.585559 152.629411)

LINESTRING (1219.810411 118.261839, 1170.253720 109.801222)

LINESTRING (1219.810411 118.261839, 1156.884510 119.497468)

LINESTRING (1219.810411 118.261839, 1189.930256 150.148129)

LINESTRING (1219.810411 118.261839, 1169.117597 140.410998)

LINESTRING (1219.810411 118.261839, 1216.490870 147.822941)

LINESTRING (1219.810411 118.261839, 1198.216029 160.005487)

LINESTRING (1219.810411 118.261839, 1170.036240 162.415019)

LINESTRING (1219.810411 118.261839, 1156.433182 103.310361)

LINESTRING (1219.810411 118.261839, 1194.048748 165.665888)

LINESTRING (1219.810411 118.261839, 1150.440945 172.178521)

LINESTRING (1219.810411 118.261839, 1154.202795 178.103729)

LINESTRING (1219.810411 118.261839, 1171.829009 153.591065)

LINESTRING (1219.810411 118.261839, 1169.401486 152.264563)

LINESTRING (1219.810411 118.261839, 1197.607972 179.302698)

LINESTRING (1219.810411 118.261839, 1188.365789 103.060732)

LINESTRING (1219.810411 118.261839, 1175.997073 145.761866)

LINESTRING (1219.810411 118.261839, 1187.762889 136.916811)

LINESTRING (1219.810411 118.261839, 1178.291759 103.588173)

LINESTRING (1219.810411 118.261839, 1222.270450 107.287049)

LINESTRING (1219.810411 118.261839, 1228.990954 164.140866)

LINESTRING (1219.810411 118.261839, 1204.787330 115.872472)

LINESTRING (1219.810411 118.261839, 1160.699979 127.602591)

LINESTRING (1207.486926 165.027362, 1213.377374 124.103332)

LINESTRING (1207.486926 165.027362, 1211.863988 145.021962)

LINESTRING (1207.486926 165.027362, 1151.585559 152.629411)

LINESTRING (1207.486926 165.027362, 1188.165805 145.138721)

LINESTRING (1207.486926 165.027362, 1170.253720 109.801222)

LINESTRING (1207.486926 165.027362, 1156.884510 119.497468)

LINESTRING (1207.486926 165.027362, 1165.312894 103.427912)

LINESTRING (1207.486926 165.027362, 1213.786557 107.610132)

LINESTRING (1207.486926 165.027362, 1189.930256 150.148129)

LINESTRING (1207.486926 165.027362, 1216.490870 147.822941)

LINESTRING (1207.486926 165.027362, 1198.216029 160.005487)

LINESTRING (1207.486926 165.027362, 1170.036240 162.415019)

LINESTRING (1207.486926 165.027362, 1197.838851 175.122252)

LINESTRING (1207.486926 165.027362, 1156.433182 103.310361)

LINESTRING (1207.486926 165.027362, 1194.048748 165.665888)

LINESTRING (1207.486926 165.027362, 1226.026712 124.162773)

LINESTRING (1207.486926 165.027362, 1157.352716 155.805624)

LINESTRING (1207.486926 165.027362, 1212.161290 123.025040)

LINESTRING (1207.486926 165.027362, 1171.829009 153.591065)

LINESTRING (1207.486926 165.027362, 1210.754645 140.089860)

LINESTRING (1207.486926 165.027362, 1169.401486 152.264563)

LINESTRING (1207.486926 165.027362, 1197.607972 179.302698)

LINESTRING (1207.486926 165.027362, 1188.365789 103.060732)

LINESTRING (1207.486926 165.027362, 1175.997073 145.761866)

LINESTRING (1207.486926 165.027362, 1187.762889 136.916811)

LINESTRING (1207.486926 165.027362, 1178.291759 103.588173)

LINESTRING (1207.486926 165.027362, 1227.865029 155.389785)

LINESTRING (1207.486926 165.027362, 1222.270450 107.287049)

LINESTRING (1207.486926 165.027362, 1228.990954 164.140866)

LINESTRING (1207.486926 165.027362, 1204.787330 115.872472)

LINESTRING (1207.486926 165.027362, 1160.699979 127.602591)

LINESTRING (1223.608033 135.192694, 1151.585559 152.629411)

LINESTRING (1223.608033 135.192694, 1188.165805 145.138721)

LINESTRING (1223.608033 135.192694, 1165.312894 103.427912)

LINESTRING (1223.608033 135.192694, 1213.786557 107.610132)

LINESTRING (1223.608033 135.192694, 1189.930256 150.148129)

LINESTRING (1223.608033 135.192694, 1169.117597 140.410998)

LINESTRING (1223.608033 135.192694, 1216.490870 147.822941)

LINESTRING (1223.608033 135.192694, 1198.216029 160.005487)

LINESTRING (1223.608033 135.192694, 1197.838851 175.122252)

LINESTRING (1223.608033 135.192694, 1193.925580 135.411600)

LINESTRING (1223.608033 135.192694, 1156.433182 103.310361)

LINESTRING (1223.608033 135.192694, 1194.048748 165.665888)

LINESTRING (1223.608033 135.192694, 1150.440945 172.178521)

LINESTRING (1223.608033 135.192694, 1226.026712 124.162773)

LINESTRING (1223.608033 135.192694, 1157.352716 155.805624)

LINESTRING (1223.608033 135.192694, 1154.202795 178.103729)

LINESTRING (1223.608033 135.192694, 1212.161290 123.025040)

LINESTRING (1223.608033 135.192694, 1171.829009 153.591065)

LINESTRING (1223.608033 135.192694, 1154.121818 108.615652)

LINESTRING (1223.608033 135.192694, 1210.754645 140.089860)

LINESTRING (1223.608033 135.192694, 1169.401486 152.264563)

LINESTRING (1223.608033 135.192694, 1197.607972 179.302698)

LINESTRING (1223.608033 135.192694, 1188.365789 103.060732)

LINESTRING (1223.608033 135.192694, 1175.997073 145.761866)

LINESTRING (1223.608033 135.192694, 1178.291759 103.588173)

LINESTRING (1223.608033 135.192694, 1227.865029 155.389785)

LINESTRING (1223.608033 135.192694, 1222.270450 107.287049)

LINESTRING (1223.608033 135.192694, 1228.990954 164.140866)

LINESTRING (1223.608033 135.192694, 1204.787330 115.872472)

LINESTRING (1223.608033 135.192694, 1160.699979 127.602591)

LINESTRING (1213.377374 124.103332, 1211.863988 145.021962)

LINESTRING (1213.377374 124.103332, 1151.585559 152.629411)

LINESTRING (1213.377374 124.103332, 1188.165805 145.138721)

LINESTRING (1213.377374 124.103332, 1170.253720 109.801222)

LINESTRING (1213.377374 124.103332, 1156.884510 119.497468)

LINESTRING (1213.377374 124.103332, 1165.312894 103.427912)

LINESTRING (1213.377374 124.103332, 1189.930256 150.148129)

LINESTRING (1213.377374 124.103332, 1198.216029 160.005487)

LINESTRING (1213.377374 124.103332, 1170.036240 162.415019)

LINESTRING (1213.377374 124.103332, 1197.838851 175.122252)

LINESTRING (1213.377374 124.103332, 1156.433182 103.310361)

LINESTRING (1213.377374 124.103332, 1194.048748 165.665888)

LINESTRING (1213.377374 124.103332, 1150.440945 172.178521)

LINESTRING (1213.377374 124.103332, 1226.026712 124.162773)

LINESTRING (1213.377374 124.103332, 1157.352716 155.805624)

LINESTRING (1213.377374 124.103332, 1154.202795 178.103729)

LINESTRING (1213.377374 124.103332, 1212.161290 123.025040)

LINESTRING (1213.377374 124.103332, 1171.829009 153.591065)

LINESTRING (1213.377374 124.103332, 1154.121818 108.615652)

LINESTRING (1213.377374 124.103332, 1210.754645 140.089860)

LINESTRING (1213.377374 124.103332, 1169.401486 152.264563)

LINESTRING (1213.377374 124.103332, 1197.607972 179.302698)

LINESTRING (1213.377374 124.103332, 1188.365789 103.060732)

LINESTRING (1213.377374 124.103332, 1175.997073 145.761866)

LINESTRING (1213.377374 124.103332, 1187.762889 136.916811)

LINESTRING (1213.377374 124.103332, 1227.865029 155.389785)

LINESTRING (1213.377374 124.103332, 1222.270450 107.287049)

LINESTRING (1213.377374 124.103332, 1204.787330 115.872472)

LINESTRING (1213.377374 124.103332, 1160.699979 127.602591)

LINESTRING (1211.863988 145.021962, 1151.585559 152.629411)

LINESTRING (1211.863988 145.021962, 1188.165805 145.138721)

LINESTRING (1211.863988 145.021962, 1170.253720 109.801222)

LINESTRING (1211.863988 145.021962, 1156.884510 119.497468)

LINESTRING (1211.863988 145.021962, 1165.312894 103.427912)

LINESTRING (1211.863988 145.021962, 1213.786557 107.610132)

LINESTRING (1211.863988 145.021962, 1189.930256 150.148129)

LINESTRING (1211.863988 145.021962, 1169.117597 140.410998)

LINESTRING (1211.863988 145.021962, 1216.490870 147.822941)

LINESTRING (1211.863988 145.021962, 1170.036240 162.415019)

LINESTRING (1211.863988 145.021962, 1197.838851 175.122252)

LINESTRING (1211.863988 145.021962, 1193.925580 135.411600)

LINESTRING (1211.863988 145.021962, 1156.433182 103.310361)

LINESTRING (1211.863988 145.021962, 1194.048748 165.665888)

LINESTRING (1211.863988 145.021962, 1226.026712 124.162773)

LINESTRING (1211.863988 145.021962, 1157.352716 155.805624)

LINESTRING (1211.863988 145.021962, 1154.202795 178.103729)

LINESTRING (1211.863988 145.021962, 1212.161290 123.025040)

LINESTRING (1211.863988 145.021962, 1171.829009 153.591065)

LINESTRING (1211.863988 145.021962, 1210.754645 140.089860)

LINESTRING (1211.863988 145.021962, 1197.607972 179.302698)

LINESTRING (1211.863988 145.021962, 1188.365789 103.060732)

LINESTRING (1211.863988 145.021962, 1175.997073 145.761866)

LINESTRING (1211.863988 145.021962, 1187.762889 136.916811)

LINESTRING (1211.863988 145.021962, 1178.291759 103.588173)

LINESTRING (1211.863988 145.021962, 1222.270450 107.287049)

LINESTRING (1211.863988 145.021962, 1204.787330 115.872472)

LINESTRING (1211.863988 145.021962, 1160.699979 127.602591)

LINESTRING (1151.585559 152.629411, 1188.165805 145.138721)

LINESTRING (1151.585559 152.629411, 1156.884510 119.497468)

LINESTRING (1151.585559 152.629411, 1165.312894 103.427912)

LINESTRING (1151.585559 152.629411, 1213.786557 107.610132)

LINESTRING (1151.585559 152.629411, 1189.930256 150.148129)

LINESTRING (1151.585559 152.629411, 1216.490870 147.822941)

LINESTRING (1151.585559 152.629411, 1170.036240 162.415019)

LINESTRING (1151.585559 152.629411, 1197.838851 175.122252)

LINESTRING (1151.585559 152.629411, 1193.925580 135.411600)

LINESTRING (1151.585559 152.629411, 1156.433182 103.310361)

LINESTRING (1151.585559 152.629411, 1194.048748 165.665888)

LINESTRING (1151.585559 152.629411, 1150.440945 172.178521)

LINESTRING (1151.585559 152.629411, 1226.026712 124.162773)

LINESTRING (1151.585559 152.629411, 1212.161290 123.025040)

LINESTRING (1151.585559 152.629411, 1171.829009 153.591065)

LINESTRING (1151.585559 152.629411, 1154.121818 108.615652)

LINESTRING (1151.585559 152.629411, 1210.754645 140.089860)

LINESTRING (1151.585559 152.629411, 1169.401486 152.264563)

LINESTRING (1151.585559 152.629411, 1197.607972 179.302698)

LINESTRING (1151.585559 152.629411, 1188.365789 103.060732)

LINESTRING (1151.585559 152.629411, 1175.997073 145.761866)

LINESTRING (1151.585559 152.629411, 1187.762889 136.916811)

LINESTRING (1151.585559 152.629411, 1178.291759 103.588173)

LINESTRING (1151.585559 152.629411, 1227.865029 155.389785)

LINESTRING (1151.585559 152.629411, 1222.270450 107.287049)

LINESTRING (1151.585559 152.629411, 1228.990954 164.140866)

LINESTRING (1151.585559 152.629411, 1204.787330 115.872472)

LINESTRING (1151.585559 152.629411, 1160.699979 127.602591)

LINESTRING (1188.165805 145.138721, 1170.253720 109.801222)

LINESTRING (1188.165805 145.138721, 1156.884510 119.497468)

LINESTRING (1188.165805 145.138721, 1165.312894 103.427912)

LINESTRING (1188.165805 145.138721, 1213.786557 107.610132)

LINESTRING (1188.165805 145.138721, 1189.930256 150.148129)

LINESTRING (1188.165805 145.138721, 1169.117597 140.410998)

LINESTRING (1188.165805 145.138721, 1198.216029 160.005487)

LINESTRING (1188.165805 145.138721, 1170.036240 162.415019)

LINESTRING (1188.165805 145.138721, 1197.838851 175.122252)

LINESTRING (1188.165805 145.138721, 1193.925580 135.411600)

LINESTRING (1188.165805 145.138721, 1156.433182 103.310361)

LINESTRING (1188.165805 145.138721, 1150.440945 172.178521)

LINESTRING (1188.165805 145.138721, 1226.026712 124.162773)

LINESTRING (1188.165805 145.138721, 1154.202795 178.103729)

LINESTRING (1188.165805 145.138721, 1171.829009 153.591065)

LINESTRING (1188.165805 145.138721, 1154.121818 108.615652)

LINESTRING (1188.165805 145.138721, 1169.401486 152.264563)

LINESTRING (1188.165805 145.138721, 1188.365789 103.060732)

LINESTRING (1188.165805 145.138721, 1178.291759 103.588173)

LINESTRING (1188.165805 145.138721, 1227.865029 155.389785)

LINESTRING (1188.165805 145.138721, 1204.787330 115.872472)

LINESTRING (1188.165805 145.138721, 1160.699979 127.602591)

LINESTRING (1170.253720 109.801222, 1156.884510 119.497468)

LINESTRING (1170.253720 109.801222, 1165.312894 103.427912)

LINESTRING (1170.253720 109.801222, 1189.930256 150.148129)

LINESTRING (1170.253720 109.801222, 1169.117597 140.410998)

LINESTRING (1170.253720 109.801222, 1216.490870 147.822941)

LINESTRING (1170.253720 109.801222, 1198.216029 160.005487)

LINESTRING (1170.253720 109.801222, 1170.036240 162.415019)

LINESTRING (1170.253720 109.801222, 1197.838851 175.122252)

LINESTRING (1170.253720 109.801222, 1193.925580 135.411600)

LINESTRING (1170.253720 109.801222, 1156.433182 103.310361)

LINESTRING (1170.253720 109.801222, 1150.440945 172.178521)

LINESTRING (1170.253720 109.801222, 1226.026712 124.162773)

LINESTRING (1170.253720 109.801222, 1157.352716 155.805624)

LINESTRING (1170.253720 109.801222, 1154.202795 178.103729)

LINESTRING (1170.253720 109.801222, 1212.161290 123.025040)

LINESTRING (1170.253720 109.801222, 1171.829009 153.591065)

LINESTRING (1170.253720 109.801222, 1154.121818 108.615652)

LINESTRING (1170.253720 109.801222, 1169.401486 152.264563)

LINESTRING (1170.253720 109.801222, 1197.607972 179.302698)

LINESTRING (1170.253720 109.801222, 1188.365789 103.060732)

LINESTRING (1170.253720 109.801222, 1187.762889 136.916811)

LINESTRING (1170.253720 109.801222, 1227.865029 155.389785)

LINESTRING (1170.253720 109.801222, 1222.270450 107.287049)

LINESTRING (1170.253720 109.801222, 1228.990954 164.140866)

LINESTRING (1170.253720 109.801222, 1204.787330 115.872472)

LINESTRING (1170.253720 109.801222, 1160.699979 127.602591)

LINESTRING (1156.884510 119.497468, 1165.312894 103.427912)

LINESTRING (1156.884510 119.497468, 1189.930256 150.148129)

LINESTRING (1156.884510 119.497468, 1216.490870 147.822941)

LINESTRING (1156.884510 119.497468, 1198.216029 160.005487)

LINESTRING (1156.884510 119.497468, 1170.036240 162.415019)

LINESTRING (1156.884510 119.497468, 1197.838851 175.122252)

LINESTRING (1156.884510 119.497468, 1193.925580 135.411600)

LINESTRING (1156.884510 119.497468, 1156.433182 103.310361)

LINESTRING (1156.884510 119.497468, 1194.048748 165.665888)

LINESTRING (1156.884510 119.497468, 1150.440945 172.178521)

LINESTRING (1156.884510 119.497468, 1226.026712 124.162773)

LINESTRING (1156.884510 119.497468, 1157.352716 155.805624)

LINESTRING (1156.884510 119.497468, 1154.202795 178.103729)

LINESTRING (1156.884510 119.497468, 1212.161290 123.025040)

LINESTRING (1156.884510 119.497468, 1171.829009 153.591065)

LINESTRING (1156.884510 119.497468, 1154.121818 108.615652)

LINESTRING (1156.884510 119.497468, 1210.754645 140.089860)

LINESTRING (1156.884510 119.497468, 1169.401486 152.264563)

LINESTRING (1156.884510 119.497468, 1197.607972 179.302698)

LINESTRING (1156.884510 119.497468, 1175.997073 145.761866)

LINESTRING (1156.884510 119.497468, 1187.762889 136.916811)

LINESTRING (1156.884510 119.497468, 1227.865029 155.389785)

LINESTRING (1156.884510 119.497468, 1222.270450 107.287049)

LINESTRING (1156.884510 119.497468, 1228.990954 164.140866)

LINESTRING (1156.884510 119.497468, 1204.787330 115.872472)

LINESTRING (1156.884510 119.497468, 1160.699979 127.602591)

LINESTRING (1165.312894 103.427912, 1213.786557 107.610132)

LINESTRING (1165.312894 103.427912, 1189.930256 150.148129)

LINESTRING (1165.312894 103.427912, 1169.117597 140.410998)

LINESTRING (1165.312894 103.427912, 1216.490870 147.822941)

LINESTRING (1165.312894 103.427912, 1198.216029 160.005487)

LINESTRING (1165.312894 103.427912, 1170.036240 162.415019)

LINESTRING (1165.312894 103.427912, 1197.838851 175.122252)

LINESTRING (1165.312894 103.427912, 1194.048748 165.665888)

LINESTRING (1165.312894 103.427912, 1226.026712 124.162773)

LINESTRING (1165.312894 103.427912, 1157.352716 155.805624)

LINESTRING (1165.312894 103.427912, 1154.202795 178.103729)

LINESTRING (1165.312894 103.427912, 1212.161290 123.025040)

LINESTRING (1165.312894 103.427912, 1154.121818 108.615652)

LINESTRING (1165.312894 103.427912, 1210.754645 140.089860)

LINESTRING (1165.312894 103.427912, 1197.607972 179.302698)

LINESTRING (1165.312894 103.427912, 1188.365789 103.060732)

LINESTRING (1165.312894 103.427912, 1175.997073 145.761866)

LINESTRING (1165.312894 103.427912, 1187.762889 136.916811)

LINESTRING (1165.312894 103.427912, 1178.291759 103.588173)

LINESTRING (1165.312894 103.427912, 1227.865029 155.389785)

LINESTRING (1165.312894 103.427912, 1222.270450 107.287049)

LINESTRING (1165.312894 103.427912, 1204.787330 115.872472)

LINESTRING (1165.312894 103.427912, 1160.699979 127.602591)

LINESTRING (1213.786557 107.610132, 1189.930256 150.148129)

LINESTRING (1213.786557 107.610132, 1216.490870 147.822941)

LINESTRING (1213.786557 107.610132, 1198.216029 160.005487)

LINESTRING (1213.786557 107.610132, 1170.036240 162.415019)

LINESTRING (1213.786557 107.610132, 1197.838851 175.122252)

LINESTRING (1213.786557 107.610132, 1193.925580 135.411600)

LINESTRING (1213.786557 107.610132, 1156.433182 103.310361)

LINESTRING (1213.786557 107.610132, 1150.440945 172.178521)

LINESTRING (1213.786557 107.610132, 1226.026712 124.162773)

LINESTRING (1213.786557 107.610132, 1157.352716 155.805624)

LINESTRING (1213.786557 107.610132, 1154.202795 178.103729)

LINESTRING (1213.786557 107.610132, 1212.161290 123.025040)

LINESTRING (1213.786557 107.610132, 1171.829009 153.591065)

LINESTRING (1213.786557 107.610132, 1154.121818 108.615652)

LINESTRING (1213.786557 107.610132, 1210.754645 140.089860)

LINESTRING (1213.786557 107.610132, 1169.401486 152.264563)

LINESTRING (1213.786557 107.610132, 1197.607972 179.302698)

LINESTRING (1213.786557 107.610132, 1188.365789 103.060732)

LINESTRING (1213.786557 107.610132, 1175.997073 145.761866)

LINESTRING (1213.786557 107.610132, 1227.865029 155.389785)

LINESTRING (1213.786557 107.610132, 1228.990954 164.140866)

LINESTRING (1213.786557 107.610132, 1204.787330 115.872472)

LINESTRING (1213.786557 107.610132, 1160.699979 127.602591)

LINESTRING (1189.930256 150.148129, 1169.117597 140.410998)

LINESTRING (1189.930256 150.148129, 1170.036240 162.415019)

LINESTRING (1189.930256 150.148129, 1197.838851 175.122252)

LINESTRING (1189.930256 150.148129, 1193.925580 135.411600)

LINESTRING (1189.930256 150.148129, 1156.433182 103.310361)

LINESTRING (1189.930256 150.148129, 1194.048748 165.665888)

LINESTRING (1189.930256 150.148129, 1150.440945 172.178521)

LINESTRING (1189.930256 150.148129, 1226.026712 124.162773)

LINESTRING (1189.930256 150.148129, 1157.352716 155.805624)

LINESTRING (1189.930256 150.148129, 1154.202795 178.103729)

LINESTRING (1189.930256 150.148129, 1212.161290 123.025040)

LINESTRING (1189.930256 150.148129, 1171.829009 153.591065)

LINESTRING (1189.930256 150.148129, 1154.121818 108.615652)

LINESTRING (1189.930256 150.148129, 1210.754645 140.089860)

LINESTRING (1189.930256 150.148129, 1169.401486 152.264563)

LINESTRING (1189.930256 150.148129, 1197.607972 179.302698)

LINESTRING (1189.930256 150.148129, 1188.365789 103.060732)

LINESTRING (1189.930256 150.148129, 1175.997073 145.761866)

LINESTRING (1189.930256 150.148129, 1187.762889 136.916811)

LINESTRING (1189.930256 150.148129, 1178.291759 103.588173)

LINESTRING (1189.930256 150.148129, 1227.865029 155.389785)

LINESTRING (1189.930256 150.148129, 1228.990954 164.140866)

LINESTRING (1189.930256 150.148129, 1204.787330 115.872472)

LINESTRING (1189.930256 150.148129, 1160.699979 127.602591)

LINESTRING (1169.117597 140.410998, 1170.036240 162.415019)

LINESTRING (1169.117597 140.410998, 1197.838851 175.122252)

LINESTRING (1169.117597 140.410998, 1193.925580 135.411600)

LINESTRING (1169.117597 140.410998, 1156.433182 103.310361)

LINESTRING (1169.117597 140.410998, 1194.048748 165.665888)

LINESTRING (1169.117597 140.410998, 1150.440945 172.178521)

LINESTRING (1169.117597 140.410998, 1226.026712 124.162773)

LINESTRING (1169.117597 140.410998, 1157.352716 155.805624)

LINESTRING (1169.117597 140.410998, 1154.202795 178.103729)

LINESTRING (1169.117597 140.410998, 1171.829009 153.591065)

LINESTRING (1169.117597 140.410998, 1154.121818 108.615652)

LINESTRING (1169.117597 140.410998, 1210.754645 140.089860)

LINESTRING (1169.117597 140.410998, 1169.401486 152.264563)

LINESTRING (1169.117597 140.410998, 1188.365789 103.060732)

LINESTRING (1169.117597 140.410998, 1175.997073 145.761866)

LINESTRING (1169.117597 140.410998, 1187.762889 136.916811)

LINESTRING (1169.117597 140.410998, 1178.291759 103.588173)

LINESTRING (1169.117597 140.410998, 1227.865029 155.389785)

LINESTRING (1169.117597 140.410998, 1222.270450 107.287049)

LINESTRING (1169.117597 140.410998, 1228.990954 164.140866)

LINESTRING (1169.117597 140.410998, 1160.699979 127.602591)

LINESTRING (1216.490870 147.822941, 1198.216029 160.005487)

LINESTRING (1216.490870 147.822941, 1170.036240 162.415019)

LINESTRING (1216.490870 147.822941, 1193.925580 135.411600)

LINESTRING (1216.490870 147.822941, 1156.433182 103.310361)

LINESTRING (1216.490870 147.822941, 1194.048748 165.665888)

LINESTRING (1216.490870 147.822941, 1150.440945 172.178521)

LINESTRING (1216.490870 147.822941, 1226.026712 124.162773)

LINESTRING (1216.490870 147.822941, 1157.352716 155.805624)

LINESTRING (1216.490870 147.822941, 1212.161290 123.025040)

LINESTRING (1216.490870 147.822941, 1154.121818 108.615652)

LINESTRING (1216.490870 147.822941, 1210.754645 140.089860)

LINESTRING (1216.490870 147.822941, 1197.607972 179.302698)

LINESTRING (1216.490870 147.822941, 1188.365789 103.060732)

LINESTRING (1216.490870 147.822941, 1175.997073 145.761866)

LINESTRING (1216.490870 147.822941, 1187.762889 136.916811)

LINESTRING (1216.490870 147.822941, 1178.291759 103.588173)

LINESTRING (1216.490870 147.822941, 1227.865029 155.389785)

LINESTRING (1216.490870 147.822941, 1222.270450 107.287049)

LINESTRING (1216.490870 147.822941, 1228.990954 164.140866)

LINESTRING (1216.490870 147.822941, 1204.787330 115.872472)

LINESTRING (1198.216029 160.005487, 1170.036240 162.415019)

LINESTRING (1198.216029 160.005487, 1197.838851 175.122252)

LINESTRING (1198.216029 160.005487, 1156.433182 103.310361)

LINESTRING (1198.216029 160.005487, 1194.048748 165.665888)

LINESTRING (1198.216029 160.005487, 1150.440945 172.178521)

LINESTRING (1198.216029 160.005487, 1226.026712 124.162773)

LINESTRING (1198.216029 160.005487, 1157.352716 155.805624)

LINESTRING (1198.216029 160.005487, 1154.202795 178.103729)

LINESTRING (1198.216029 160.005487, 1212.161290 123.025040)

LINESTRING (1198.216029 160.005487, 1171.829009 153.591065)

LINESTRING (1198.216029 160.005487, 1154.121818 108.615652)

LINESTRING (1198.216029 160.005487, 1210.754645 140.089860)

LINESTRING (1198.216029 160.005487, 1169.401486 152.264563)

LINESTRING (1198.216029 160.005487, 1197.607972 179.302698)

LINESTRING (1198.216029 160.005487, 1188.365789 103.060732)

LINESTRING (1198.216029 160.005487, 1175.997073 145.761866)

LINESTRING (1198.216029 160.005487, 1187.762889 136.916811)

LINESTRING (1198.216029 160.005487, 1178.291759 103.588173)

LINESTRING (1198.216029 160.005487, 1227.865029 155.389785)

LINESTRING (1198.216029 160.005487, 1222.270450 107.287049)

LINESTRING (1198.216029 160.005487, 1204.787330 115.872472)

LINESTRING (1198.216029 160.005487, 1160.699979 127.602591)

LINESTRING (1170.036240 162.415019, 1197.838851 175.122252)

LINESTRING (1170.036240 162.415019, 1194.048748 165.665888)

LINESTRING (1170.036240 162.415019, 1150.440945 172.178521)

LINESTRING (1170.036240 162.415019, 1157.352716 155.805624)

LINESTRING (1170.036240 162.415019, 1154.202795 178.103729)

LINESTRING (1170.036240 162.415019, 1212.161290 123.025040)

LINESTRING (1170.036240 162.415019, 1154.121818 108.615652)

LINESTRING (1170.036240 162.415019, 1169.401486 152.264563)

LINESTRING (1170.036240 162.415019, 1197.607972 179.302698)

LINESTRING (1170.036240 162.415019, 1188.365789 103.060732)

LINESTRING (1170.036240 162.415019, 1175.997073 145.761866)

LINESTRING (1170.036240 162.415019, 1187.762889 136.916811)

LINESTRING (1170.036240 162.415019, 1178.291759 103.588173)

LINESTRING (1170.036240 162.415019, 1227.865029 155.389785)

LINESTRING (1170.036240 162.415019, 1222.270450 107.287049)

LINESTRING (1170.036240 162.415019, 1204.787330 115.872472)

LINESTRING (1170.036240 162.415019, 1160.699979 127.602591)

LINESTRING (1197.838851 175.122252, 1193.925580 135.411600)

LINESTRING (1197.838851 175.122252, 1156.433182 103.310361)

LINESTRING (1197.838851 175.122252, 1150.440945 172.178521)

LINESTRING (1197.838851 175.122252, 1226.026712 124.162773)

LINESTRING (1197.838851 175.122252, 1157.352716 155.805624)

LINESTRING (1197.838851 175.122252, 1154.202795 178.103729)

LINESTRING (1197.838851 175.122252, 1212.161290 123.025040)

LINESTRING (1197.838851 175.122252, 1171.829009 153.591065)

LINESTRING (1197.838851 175.122252, 1154.121818 108.615652)

LINESTRING (1197.838851 175.122252, 1210.754645 140.089860)

LINESTRING (1197.838851 175.122252, 1169.401486 152.264563)

LINESTRING (1197.838851 175.122252, 1197.607972 179.302698)

LINESTRING (1197.838851 175.122252, 1188.365789 103.060732)

LINESTRING (1197.838851 175.122252, 1175.997073 145.761866)

LINESTRING (1197.838851 175.122252, 1187.762889 136.916811)

LINESTRING (1197.838851 175.122252, 1178.291759 103.588173)

LINESTRING (1197.838851 175.122252, 1227.865029 155.389785)

LINESTRING (1197.838851 175.122252, 1222.270450 107.287049)

LINESTRING (1197.838851 175.122252, 1228.990954 164.140866)

LINESTRING (1197.838851 175.122252, 1204.787330 115.872472)

LINESTRING (1197.838851 175.122252, 1160.699979 127.602591)

LINESTRING (1193.925580 135.411600, 1156.433182 103.310361)

LINESTRING (1193.925580 135.411600, 1194.048748 165.665888)

LINESTRING (1193.925580 135.411600, 1150.440945 172.178521)

LINESTRING (1193.925580 135.411600, 1157.352716 155.805624)

LINESTRING (1193.925580 135.411600, 1154.202795 178.103729)

LINESTRING (1193.925580 135.411600, 1212.161290 123.025040)

LINESTRING (1193.925580 135.411600, 1171.829009 153.591065)

LINESTRING (1193.925580 135.411600, 1210.754645 140.089860)

LINESTRING (1193.925580 135.411600, 1169.401486 152.264563)

LINESTRING (1193.925580 135.411600, 1197.607972 179.302698)

LINESTRING (1193.925580 135.411600, 1188.365789 103.060732)

LINESTRING (1193.925580 135.411600, 1175.997073 145.761866)

LINESTRING (1193.925580 135.411600, 1187.762889 136.916811)

LINESTRING (1193.925580 135.411600, 1178.291759 103.588173)

LINESTRING (1193.925580 135.411600, 1227.865029 155.389785)

LINESTRING (1193.925580 135.411600, 1222.270450 107.287049)

LINESTRING (1193.925580 135.411600, 1228.990954 164.140866)

LINESTRING (1193.925580 135.411600, 1204.787330 115.872472)

LINESTRING (1193.925580 135.411600, 1160.699979 127.602591)

LINESTRING (1156.433182 103.310361, 1194.048748 165.665888)

LINESTRING (1156.433182 103.310361, 1150.440945 172.178521)

LINESTRING (1156.433182 103.310361, 1226.026712 124.162773)

LINESTRING (1156.433182 103.310361, 1157.352716 155.805624)

LINESTRING (1156.433182 103.310361, 1212.161290 123.025040)

LINESTRING (1156.433182 103.310361, 1154.121818 108.615652)

LINESTRING (1156.433182 103.310361, 1169.401486 152.264563)

LINESTRING (1156.433182 103.310361, 1197.607972 179.302698)

LINESTRING (1156.433182 103.310361, 1187.762889 136.916811)

LINESTRING (1156.433182 103.310361, 1178.291759 103.588173)

LINESTRING (1156.433182 103.310361, 1222.270450 107.287049)

LINESTRING (1156.433182 103.310361, 1228.990954 164.140866)

LINESTRING (1156.433182 103.310361, 1204.787330 115.872472)

LINESTRING (1194.048748 165.665888, 1150.440945 172.178521)

LINESTRING (1194.048748 165.665888, 1226.026712 124.162773)

LINESTRING (1194.048748 165.665888, 1154.202795 178.103729)

LINESTRING (1194.048748 165.665888, 1212.161290 123.025040)

LINESTRING (1194.048748 165.665888, 1171.829009 153.591065)

LINESTRING (1194.048748 165.665888, 1210.754645 140.089860)

LINESTRING (1194.048748 165.665888, 1169.401486 152.264563)

LINESTRING (1194.048748 165.665888, 1197.607972 179.302698)

LINESTRING (1194.048748 165.665888, 1188.365789 103.060732)

LINESTRING (1194.048748 165.665888, 1175.997073 145.761866)

LINESTRING (1194.048748 165.665888, 1187.762889 136.916811)

LINESTRING (1194.048748 165.665888, 1178.291759 103.588173)

LINESTRING (1194.048748 165.665888, 1227.865029 155.389785)

LINESTRING (1194.048748 165.665888, 1222.270450 107.287049)

LINESTRING (1194.048748 165.665888, 1228.990954 164.140866)

LINESTRING (1194.048748 165.665888, 1204.787330 115.872472)

LINESTRING (1194.048748 165.665888, 1160.699979 127.602591)

LINESTRING (1150.440945 172.178521, 1154.202795 178.103729)

LINESTRING (1150.440945 172.178521, 1210.754645 140.089860)

LINESTRING (1150.440945 172.178521, 1169.401486 152.264563)

LINESTRING (1150.440945 172.178521, 1188.365789 103.060732)

LINESTRING (1150.440945 172.178521, 1175.997073 145.761866)

LINESTRING (1150.440945 172.178521, 1187.762889 136.916811)

LINESTRING (1150.440945 172.178521, 1227.865029 155.389785)

LINESTRING (1150.440945 172.178521, 1222.270450 107.287049)

LINESTRING (1150.440945 172.178521, 1204.787330 115.872472)

LINESTRING (1226.026712 124.162773, 1157.352716 155.805624)

LINESTRING (1226.026712 124.162773, 1154.202795 178.103729)

LINESTRING (1226.026712 124.162773, 1171.829009 153.591065)

LINESTRING (1226.026712 124.162773, 1154.121818 108.615652)

LINESTRING (1226.026712 124.162773, 1210.754645 140.089860)

LINESTRING (1226.026712 124.162773, 1169.401486 152.264563)

LINESTRING (1226.026712 124.162773, 1197.607972 179.302698)

LINESTRING (1226.026712 124.162773, 1175.997073 145.761866)

LINESTRING (1226.026712 124.162773, 1187.762889 136.916811)

LINESTRING (1226.026712 124.162773, 1178.291759 103.588173)

LINESTRING (1226.026712 124.162773, 1227.865029 155.389785)

LINESTRING (1226.026712 124.162773, 1222.270450 107.287049)

LINESTRING (1226.026712 124.162773, 1228.990954 164.140866)

LINESTRING (1226.026712 124.162773, 1204.787330 115.872472)

LINESTRING (1226.026712 124.162773, 1160.699979 127.602591)

LINESTRING (1157.352716 155.805624, 1154.202795 178.103729)

LINESTRING (1157.352716 155.805624, 1212.161290 123.025040)

LINESTRING (1157.352716 155.805624, 1171.829009 153.591065)

LINESTRING (1157.352716 155.805624, 1154.121818 108.615652)

LINESTRING (1157.352716 155.805624, 1210.754645 140.089860)

LINESTRING (1157.352716 155.805624, 1169.401486 152.264563)

LINESTRING (1157.352716 155.805624, 1188.365789 103.060732)

LINESTRING (1157.352716 155.805624, 1175.997073 145.761866)

LINESTRING (1157.352716 155.805624, 1227.865029 155.389785)

LINESTRING (1157.352716 155.805624, 1204.787330 115.872472)

LINESTRING (1157.352716 155.805624, 1160.699979 127.602591)

LINESTRING (1154.202795 178.103729, 1171.829009 153.591065)

LINESTRING (1154.202795 178.103729, 1210.754645 140.089860)

LINESTRING (1154.202795 178.103729, 1169.401486 152.264563)

LINESTRING (1154.202795 178.103729, 1197.607972 179.302698)

LINESTRING (1154.202795 178.103729, 1188.365789 103.060732)

LINESTRING (1154.202795 178.103729, 1178.291759 103.588173)

LINESTRING (1154.202795 178.103729, 1227.865029 155.389785)

LINESTRING (1154.202795 178.103729, 1222.270450 107.287049)

LINESTRING (1154.202795 178.103729, 1228.990954 164.140866)

LINESTRING (1154.202795 178.103729, 1160.699979 127.602591)

LINESTRING (1212.161290 123.025040, 1154.121818 108.615652)

LINESTRING (1212.161290 123.025040, 1210.754645 140.089860)

LINESTRING (1212.161290 123.025040, 1169.401486 152.264563)

LINESTRING (1212.161290 123.025040, 1197.607972 179.302698)

LINESTRING (1212.161290 123.025040, 1188.365789 103.060732)

LINESTRING (1212.161290 123.025040, 1178.291759 103.588173)

LINESTRING (1212.161290 123.025040, 1227.865029 155.389785)

LINESTRING (1212.161290 123.025040, 1222.270450 107.287049)

LINESTRING (1212.161290 123.025040, 1228.990954 164.140866)

LINESTRING (1212.161290 123.025040, 1204.787330 115.872472)

LINESTRING (1171.829009 153.591065, 1154.121818 108.615652)

LINESTRING (1171.829009 153.591065, 1210.754645 140.089860)

LINESTRING (1171.829009 153.591065, 1188.365789 103.060732)

LINESTRING (1171.829009 153.591065, 1175.997073 145.761866)

LINESTRING (1171.829009 153.591065, 1187.762889 136.916811)

LINESTRING (1171.829009 153.591065, 1178.291759 103.588173)

LINESTRING (1171.829009 153.591065, 1222.270450 107.287049)

LINESTRING (1171.829009 153.591065, 1228.990954 164.140866)

LINESTRING (1171.829009 153.591065, 1160.699979 127.602591)

LINESTRING (1154.121818 108.615652, 1210.754645 140.089860)

LINESTRING (1154.121818 108.615652, 1169.401486 152.264563)

LINESTRING (1154.121818 108.615652, 1197.607972 179.302698)

LINESTRING (1154.121818 108.615652, 1188.365789 103.060732)

LINESTRING (1154.121818 108.615652, 1175.997073 145.761866)

LINESTRING (1154.121818 108.615652, 1187.762889 136.916811)

LINESTRING (1154.121818 108.615652, 1227.865029 155.389785)

LINESTRING (1154.121818 108.615652, 1228.990954 164.140866)

LINESTRING (1154.121818 108.615652, 1204.787330 115.872472)

LINESTRING (1154.121818 108.615652, 1160.699979 127.602591)

LINESTRING (1210.754645 140.089860, 1169.401486 152.264563)

LINESTRING (1210.754645 140.089860, 1197.607972 179.302698)

LINESTRING (1210.754645 140.089860, 1188.365789 103.060732)

LINESTRING (1210.754645 140.089860, 1187.762889 136.916811)

LINESTRING (1210.754645 140.089860, 1222.270450 107.287049)

LINESTRING (1210.754645 140.089860, 1228.990954 164.140866)

LINESTRING (1210.754645 140.089860, 1204.787330 115.872472)

LINESTRING (1210.754645 140.089860, 1160.699979 127.602591)

LINESTRING (1169.401486 152.264563, 1197.607972 179.302698)

LINESTRING (1169.401486 152.264563, 1175.997073 145.761866)

LINESTRING (1169.401486 152.264563, 1178.291759 103.588173)

LINESTRING (1169.401486 152.264563, 1227.865029 155.389785)

LINESTRING (1169.401486 152.264563, 1222.270450 107.287049)

LINESTRING (1169.401486 152.264563, 1228.990954 164.140866)

LINESTRING (1169.401486 152.264563, 1160.699979 127.602591)

LINESTRING (1197.607972 179.302698, 1188.365789 103.060732)

LINESTRING (1197.607972 179.302698, 1175.997073 145.761866)

LINESTRING (1197.607972 179.302698, 1187.762889 136.916811)

LINESTRING (1197.607972 179.302698, 1178.291759 103.588173)

LINESTRING (1197.607972 179.302698, 1227.865029 155.389785)

LINESTRING (1197.607972 179.302698, 1222.270450 107.287049)

LINESTRING (1197.607972 179.302698, 1228.990954 164.140866)

LINESTRING (1188.365789 103.060732, 1175.997073 145.761866)

LINESTRING (1188.365789 103.060732, 1187.762889 136.916811)

LINESTRING (1188.365789 103.060732, 1178.291759 103.588173)

LINESTRING (1188.365789 103.060732, 1222.270450 107.287049)

LINESTRING (1188.365789 103.060732, 1204.787330 115.872472)

LINESTRING (1188.365789 103.060732, 1160.699979 127.602591)

LINESTRING (1175.997073 145.761866, 1187.762889 136.916811)

LINESTRING (1175.997073 145.761866, 1178.291759 103.588173)

LINESTRING (1175.997073 145.761866, 1222.270450 107.287049)

LINESTRING (1175.997073 145.761866, 1228.990954 164.140866)

LINESTRING (1175.997073 145.761866, 1204.787330 115.872472)

LINESTRING (1175.997073 145.761866, 1160.699979 127.602591)

LINESTRING (1187.762889 136.916811, 1222.270450 107.287049)

LINESTRING (1187.762889 136.916811, 1228.990954 164.140866)

LINESTRING (1187.762889 136.916811, 1204.787330 115.872472)

LINESTRING (1187.762889 136.916811, 1160.699979 127.602591)

LINESTRING (1178.291759 103.588173, 1228.990954 164.140866)

LINESTRING (1178.291759 103.588173, 1204.787330 115.872472)

LINESTRING (1178.291759 103.588173, 1160.699979 127.602591)

LINESTRING (1227.865029 155.389785, 1222.270450 107.287049)

LINESTRING (1227.865029 155.389785, 1228.990954 164.140866)

LINESTRING (1227.865029 155.389785, 1204.787330 115.872472)

LINESTRING (1227.865029 155.389785, 1160.699979 127.602591)

LINESTRING (1222.270450 107.287049, 1228.990954 164.140866)

LINESTRING (1222.270450 107.287049, 1204.787330 115.872472)

LINESTRING (1222.270450 107.287049, 1160.699979 127.602591)

LINESTRING (1228.990954 164.140866, 1204.787330 115.872472)

LINESTRING (1228.990954 164.140866, 1160.699979 127.602591)

LINESTRING (140.328569 111.593748, 492.549520 155.418698)

LINESTRING (124.644280 168.406221, 505.022781 157.793789)

LINESTRING (177.929546 111.357952, 462.837975 105.261366)

LINESTRING (144.762259 130.871408, 455.282152 124.561302)

LINESTRING (462.837975 105.261366, 808.099918 147.467352)

LINESTRING (465.995348 138.088810, 815.466675 154.248290)

LINESTRING (510.209053 144.358444, 842.883207 142.345035)

LINESTRING (455.282152 124.561302, 827.546512 111.896420)

LINESTRING (872.642158 155.851345, 1170.253720 109.801222)

LINESTRING (842.485791 141.423873, 1165.419581 143.001198)

LINESTRING (846.136018 148.071444, 1165.419581 143.001198)

LINESTRING (827.546512 111.896420, 1226.573913 165.286146)

