=== OSM expand to 1600 ===
started: 2026-07-23T17:24:38+02:00
--- Round 1 --- skip=0 osm_ok=507 osm_total=539
>> generate osm max-downloads=25 target=1600
[2026-07-23 17:24:51,543] INFO: v2_osm_cambridge_haggle_exact_500m_0m_seed OK 
[2026-07-23 17:24:51,544] INFO: v2_osm_dieselnet_amherst_exact_500m_0m_seed OK 
[2026-07-23 17:24:51,544] INFO: v2_osm_helsinki_archipelago_exact_500m_0m_seed OK 
[2026-07-23 17:24:51,544] INFO: v2_osm_helsinki_disrupted_exact_500m_0m_seed OK 
[2026-07-23 17:24:51,544] INFO: v2_osm_helsinki_downtown_exact_500m_0m_seed OK 
[2026-07-23 17:24:51,545] INFO: v2_osm_kallio_community_exact_500m_0m_seed OK 
[2026-07-23 17:24:51,545] INFO: v2_osm_kumpula_campus_exact_500m_0m_seed OK 
[2026-07-23 17:24:51,545] INFO: v2_osm_lapland_rural_sparse_exact_500m_0m_seed OK 
[2026-07-23 17:24:51,545] INFO: v2_osm_london_industrial_corridor_exact_500m_0m_seed OK 
[2026-07-23 17:24:52,570] INFO: v2_osm_manhattan_midtown_exact_500m_0m_seed FAIL_BUILD_OSM too few segments (14 < 20)
[2026-07-23 17:24:52,570] INFO: v2_osm_mit_campus_reality_exact_500m_0m_seed OK 
[2026-07-23 17:24:52,626] INFO: v2_osm_nuuksio_sparse_trails_exact_500m_0m_seed FAIL_BUILD_OSM too few segments (8 < 20)
[2026-07-23 17:24:52,626] INFO: v2_osm_rio_centro_buses_exact_500m_0m_seed OK 
[2026-07-23 17:24:52,627] INFO: v2_osm_roma_centro_exact_500m_0m_seed OK 
[2026-07-23 17:24:52,627] INFO: v2_osm_sf_cabspotting_downtown_exact_500m_0m_seed OK 
[2026-07-23 17:24:52,627] INFO: v2_osm_sf_mission_corridor_exact_500m_0m_seed OK 
[2026-07-23 17:24:52,629] INFO: v2_osm_tampere_suburban_exact_500m_0m_seed FAIL_BUILD_OSM osm_process: Graph contains no edges.
[2026-07-23 17:24:52,629] INFO: v2_osm_cambridge_haggle_exact_500m_0m_0000 OK 
[2026-07-23 17:24:52,630] INFO: v2_osm_dieselnet_amherst_offset_n_1000m_500m_0001 OK 
[2026-07-23 17:24:52,630] INFO: v2_osm_helsinki_archipelago_offset_e_1500m_1000m_0002 OK 
[2026-07-23 17:24:52,630] INFO: v2_osm_helsinki_disrupted_offset_s_2500m_1500m_0003 OK 
[2026-07-23 17:24:52,630] INFO: v2_osm_helsinki_downtown_offset_w_5000m_200m_0004 OK 
[2026-07-23 17:24:52,630] INFO: v2_osm_kallio_community_exact_500m_0m_0005 OK 
[2026-07-23 17:24:52,631] INFO: v2_osm_kumpula_campus_offset_n_1000m_1000m_0006 OK 
[2026-07-23 17:24:52,631] INFO: v2_osm_lapland_rural_sparse_offset_e_1500m_1500m_0007 OK 
[2026-07-23 17:24:52,631] INFO: v2_osm_london_industrial_corridor_offset_s_2500m_200m_0008 OK 
[2026-07-23 17:24:52,631] INFO: v2_osm_manhattan_midtown_offset_w_5000m_500m_0009 OK 
[2026-07-23 17:24:52,632] INFO: v2_osm_mit_campus_reality_exact_500m_0m_0010 OK 
[2026-07-23 17:24:52,634] INFO: v2_osm_nuuksio_sparse_trails_offset_n_1000m_1500m_0011 FAIL_BUILD_OSM osm_process: Graph contains no edges.
[2026-07-23 17:24:52,634] INFO: v2_osm_rio_centro_buses_offset_e_1500m_200m_0012 OK 
[2026-07-23 17:24:52,634] INFO: v2_osm_roma_centro_offset_s_2500m_500m_0013 OK 
[2026-07-23 17:24:52,635] INFO: v2_osm_sf_cabspotting_downtown_offset_w_5000m_1000m_0014 OK 
[2026-07-23 17:24:52,635] INFO: v2_osm_sf_mission_corridor_exact_500m_0m_0015 OK 
[2026-07-23 17:24:52,645] INFO: v2_osm_tampere_suburban_offset_n_1000m_200m_0016 FAIL_BUILD_OSM too few segments (10 < 20)
[2026-07-23 17:24:52,646] INFO: v2_osm_cambridge_haggle_offset_e_1500m_500m_0017 OK 
[2026-07-23 17:24:52,646] INFO: v2_osm_dieselnet_amherst_offset_s_2500m_1000m_0018 OK 
[2026-07-23 17:24:52,647] INFO: v2_osm_helsinki_archipelago_offset_w_5000m_1500m_0019 OK 
[2026-07-23 17:24:52,647] INFO: v2_osm_helsinki_disrupted_exact_500m_0m_0020 OK 
[2026-07-23 17:24:52,647] INFO: v2_osm_helsinki_downtown_offset_n_1000m_500m_0021 OK 
[2026-07-23 17:24:52,647] INFO: v2_osm_kallio_community_offset_e_1500m_1000m_0022 OK 
[2026-07-23 17:24:52,648] INFO: v2_osm_kumpula_campus_offset_s_2500m_1500m_0023 OK 
[2026-07-23 17:24:52,648] INFO: v2_osm_lapland_rural_sparse_offset_w_5000m_200m_0024 OK 
[2026-07-23 17:24:52,648] INFO: v2_osm_london_industrial_corridor_exact_500m_0m_0025 OK 
[2026-07-23 17:24:52,648] INFO: v2_osm_manhattan_midtown_offset_n_1000m_1000m_0026 OK 
[2026-07-23 17:24:52,649] INFO: v2_osm_mit_campus_reality_offset_e_1500m_1500m_0027 OK 
[2026-07-23 17:24:52,649] INFO: v2_osm_nuuksio_sparse_trails_offset_s_2500m_200m_0028 OK 
[2026-07-23 17:24:52,649] INFO: v2_osm_rio_centro_buses_offset_w_5000m_500m_0029 OK 
[2026-07-23 17:24:52,649] INFO: v2_osm_roma_centro_exact_500m_0m_0030 OK 
[2026-07-23 17:24:52,650] INFO: v2_osm_sf_cabspotting_downtown_offset_n_1000m_1500m_0031 OK 
[2026-07-23 17:24:52,650] INFO: v2_osm_sf_mission_corridor_offset_e_1500m_200m_0032 OK 
[2026-07-23 17:24:52,650] INFO: v2_osm_tampere_suburban_offset_s_2500m_500m_0033 OK 
[2026-07-23 17:24:52,650] INFO: v2_osm_cambridge_haggle_offset_w_5000m_1000m_0034 OK 
[2026-07-23 17:24:52,651] INFO: v2_osm_dieselnet_amherst_exact_500m_0m_0035 OK 
[2026-07-23 17:24:52,651] INFO: v2_osm_helsinki_archipelago_offset_n_1000m_200m_0036 OK 
[2026-07-23 17:24:52,651] INFO: v2_osm_helsinki_disrupted_offset_e_1500m_500m_0037 OK 
[2026-07-23 17:24:52,651] INFO: v2_osm_helsinki_downtown_offset_s_2500m_1000m_0038 OK 
[2026-07-23 17:24:52,652] INFO: v2_osm_kallio_community_offset_w_5000m_1500m_0039 OK 
[2026-07-23 17:24:52,652] INFO: v2_osm_kumpula_campus_exact_500m_0m_0040 OK 
[2026-07-23 17:24:52,652] INFO: v2_osm_lapland_rural_sparse_offset_n_1000m_500m_0041 OK 
[2026-07-23 17:24:52,653] INFO: v2_osm_london_industrial_corridor_offset_e_1500m_1000m_0042 OK 
[2026-07-23 17:24:52,653] INFO: v2_osm_manhattan_midtown_offset_s_2500m_1500m_0043 OK 
[2026-07-23 17:24:52,653] INFO: v2_osm_mit_campus_reality_offset_w_5000m_200m_0044 OK 
[2026-07-23 17:24:52,668] INFO: v2_osm_nuuksio_sparse_trails_exact_500m_0m_0045 FAIL_BUILD_OSM too few segments (8 < 20)
[2026-07-23 17:24:52,668] INFO: v2_osm_rio_centro_buses_offset_n_1000m_1000m_0046 OK 
[2026-07-23 17:24:52,669] INFO: v2_osm_roma_centro_offset_e_1500m_1500m_0047 OK 
[2026-07-23 17:24:52,669] INFO: v2_osm_sf_cabspotting_downtown_offset_s_2500m_200m_0048 OK 
[2026-07-23 17:24:52,669] INFO: v2_osm_sf_mission_corridor_offset_w_5000m_500m_0049 OK 
[2026-07-23 17:24:52,673] INFO: v2_osm_tampere_suburban_exact_500m_0m_0050 FAIL_BUILD_OSM osm_process: Graph contains no edges.
[2026-07-23 17:24:52,673] INFO: v2_osm_cambridge_haggle_offset_n_1000m_1500m_0051 OK 
[2026-07-23 17:24:52,674] INFO: v2_osm_dieselnet_amherst_offset_e_1500m_200m_0052 OK 
[2026-07-23 17:24:52,674] INFO: v2_osm_helsinki_archipelago_offset_s_2500m_500m_0053 OK 
[2026-07-23 17:24:52,674] INFO: v2_osm_helsinki_disrupted_offset_w_5000m_1000m_0054 OK 
[2026-07-23 17:24:52,674] INFO: v2_osm_helsinki_downtown_exact_500m_0m_0055 OK 
[2026-07-23 17:24:52,675] INFO: v2_osm_kallio_community_offset_n_1000m_200m_0056 OK 
[2026-07-23 17:24:52,675] INFO: v2_osm_kumpula_campus_offset_e_1500m_500m_0057 OK 
[2026-07-23 17:24:52,676] INFO: v2_osm_lapland_rural_sparse_offset_s_2500m_1000m_0058 OK 
[2026-07-23 17:24:52,676] INFO: v2_osm_london_industrial_corridor_offset_w_5000m_1500m_0059 OK 
[2026-07-23 17:24:52,692] INFO: v2_osm_manhattan_midtown_exact_500m_0m_0060 FAIL_BUILD_OSM too few segments (14 < 20)
[2026-07-23 17:24:52,693] INFO: v2_osm_mit_campus_reality_offset_n_1000m_500m_0061 OK 
[2026-07-23 17:24:52,693] INFO: v2_osm_nuuksio_sparse_trails_offset_e_1500m_1000m_0062 OK 
[2026-07-23 17:24:52,693] INFO: v2_osm_rio_centro_buses_offset_s_2500m_1500m_0063 OK 
[2026-07-23 17:24:52,693] INFO: v2_osm_roma_centro_offset_w_5000m_200m_0064 OK 
[2026-07-23 17:24:52,694] INFO: v2_osm_sf_cabspotting_downtown_exact_500m_0m_0065 OK 
[2026-07-23 17:24:52,694] INFO: v2_osm_sf_mission_corridor_offset_n_1000m_1000m_0066 OK 
[2026-07-23 17:24:52,694] INFO: v2_osm_tampere_suburban_offset_e_1500m_1500m_0067 OK 
[2026-07-23 17:24:52,694] INFO: v2_osm_cambridge_haggle_offset_s_2500m_200m_0068 OK 
[2026-07-23 17:24:52,695] INFO: v2_osm_dieselnet_amherst_offset_w_5000m_500m_0069 OK 
[2026-07-23 17:24:52,695] INFO: v2_osm_helsinki_archipelago_exact_500m_0m_0070 OK 
[2026-07-23 17:24:52,695] INFO: v2_osm_helsinki_disrupted_offset_n_1000m_1500m_0071 OK 
[2026-07-23 17:24:52,695] INFO: v2_osm_helsinki_downtown_offset_e_1500m_200m_0072 OK 
[2026-07-23 17:24:52,695] INFO: v2_osm_kallio_community_offset_s_2500m_500m_0073 OK 
[2026-07-23 17:24:52,696] INFO: v2_osm_kumpula_campus_offset_w_5000m_1000m_0074 OK 
[2026-07-23 17:24:52,696] INFO: v2_osm_lapland_rural_sparse_exact_500m_0m_0075 OK 
[2026-07-23 17:24:52,696] INFO: v2_osm_london_industrial_corridor_offset_n_1000m_200m_0076 OK 
[2026-07-23 17:24:52,697] INFO: v2_osm_manhattan_midtown_offset_e_1500m_500m_0077 OK 
[2026-07-23 17:24:52,697] INFO: v2_osm_mit_campus_reality_offset_s_2500m_1000m_0078 OK 
[2026-07-23 17:24:52,697] INFO: v2_osm_nuuksio_sparse_trails_offset_w_5000m_1500m_0079 OK 
[2026-07-23 17:24:52,697] INFO: v2_osm_rio_centro_buses_exact_500m_0m_0080 OK 
[2026-07-23 17:24:52,698] INFO: v2_osm_roma_centro_offset_n_1000m_500m_0081 OK 
[2026-07-23 17:24:52,698] INFO: v2_osm_sf_cabspotting_downtown_offset_e_1500m_1000m_0082 OK 
[2026-07-23 17:24:52,698] INFO: v2_osm_sf_mission_corridor_offset_s_2500m_1500m_0083 OK 
[2026-07-23 17:24:52,699] INFO: v2_osm_tampere_suburban_offset_w_5000m_200m_0084 OK 
[2026-07-23 17:24:52,699] INFO: v2_osm_cambridge_haggle_exact_500m_0m_0085 OK 
[2026-07-23 17:24:52,699] INFO: v2_osm_dieselnet_amherst_offset_n_1000m_1000m_0086 OK 
[2026-07-23 17:24:52,699] INFO: v2_osm_helsinki_archipelago_offset_e_1500m_1500m_0087 OK 
[2026-07-23 17:24:52,700] INFO: v2_osm_helsinki_disrupted_offset_s_2500m_200m_0088 OK 
[2026-07-23 17:24:52,700] INFO: v2_osm_helsinki_downtown_offset_w_5000m_500m_0089 OK 
[2026-07-23 17:24:52,700] INFO: v2_osm_kallio_community_exact_500m_0m_0090 OK 
[2026-07-23 17:24:52,700] INFO: v2_osm_kumpula_campus_offset_n_1000m_1500m_0091 OK 
[2026-07-23 17:24:52,701] INFO: v2_osm_lapland_rural_sparse_offset_e_1500m_200m_0092 OK 
[2026-07-23 17:24:52,701] INFO: v2_osm_london_industrial_corridor_offset_s_2500m_500m_0093 OK 
[2026-07-23 17:24:52,701] INFO: v2_osm_manhattan_midtown_offset_w_5000m_1000m_0094 OK 
[2026-07-23 17:24:52,701] INFO: v2_osm_mit_campus_reality_exact_500m_0m_0095 OK 
[2026-07-23 17:24:52,702] INFO: v2_osm_nuuksio_sparse_trails_offset_n_1000m_200m_0096 OK 
[2026-07-23 17:24:52,702] INFO: v2_osm_rio_centro_buses_offset_e_1500m_500m_0097 OK 
[2026-07-23 17:24:52,702] INFO: v2_osm_roma_centro_offset_s_2500m_1000m_0098 OK 
[2026-07-23 17:24:52,702] INFO: v2_osm_sf_cabspotting_downtown_offset_w_5000m_1500m_0099 OK 
[2026-07-23 17:24:52,703] INFO: v2_osm_sf_mission_corridor_exact_500m_0m_0100 OK 
[2026-07-23 17:24:52,718] INFO: v2_osm_tampere_suburban_offset_n_1000m_500m_0101 FAIL_BUILD_OSM too few segments (2 < 20)
[2026-07-23 17:24:52,719] INFO: v2_osm_cambridge_haggle_offset_e_1500m_1000m_0102 OK 
[2026-07-23 17:24:52,719] INFO: v2_osm_dieselnet_amherst_offset_s_2500m_1500m_0103 OK 
[2026-07-23 17:24:52,719] INFO: v2_osm_helsinki_archipelago_offset_w_5000m_200m_0104 OK 
[2026-07-23 17:24:52,720] INFO: v2_osm_helsinki_disrupted_exact_500m_0m_0105 OK 
[2026-07-23 17:24:52,720] INFO: v2_osm_helsinki_downtown_offset_n_1000m_1000m_0106 OK 
[2026-07-23 17:24:52,720] INFO: v2_osm_kallio_community_offset_e_1500m_1500m_0107 OK 
[2026-07-23 17:24:52,721] INFO: v2_osm_kumpula_campus_offset_s_2500m_200m_0108 OK 
[2026-07-23 17:24:52,721] INFO: v2_osm_lapland_rural_sparse_offset_w_5000m_500m_0109 OK 
[2026-07-23 17:24:52,721] INFO: v2_osm_london_industrial_corridor_exact_500m_0m_0110 OK 
[2026-07-23 17:24:52,721] INFO: v2_osm_manhattan_midtown_offset_n_1000m_1500m_0111 OK 
[2026-07-23 17:24:52,722] INFO: v2_osm_mit_campus_reality_offset_e_1500m_200m_0112 OK 
[2026-07-23 17:24:52,722] INFO: v2_osm_nuuksio_sparse_trails_offset_s_2500m_500m_0113 OK 
[2026-07-23 17:24:52,722] INFO: v2_osm_rio_centro_buses_offset_w_5000m_1000m_0114 OK 
[2026-07-23 17:24:52,722] INFO: v2_osm_roma_centro_exact_500m_0m_0115 OK 
[2026-07-23 17:24:52,723] INFO: v2_osm_sf_cabspotting_downtown_offset_n_1000m_200m_0116 OK 
[2026-07-23 17:24:52,723] INFO: v2_osm_sf_mission_corridor_offset_e_1500m_500m_0117 OK 
[2026-07-23 17:24:52,723] INFO: v2_osm_tampere_suburban_offset_s_2500m_1000m_0118 OK 
[2026-07-23 17:24:52,723] INFO: v2_osm_cambridge_haggle_offset_w_5000m_1500m_0119 OK 
[2026-07-23 17:24:52,723] INFO: v2_osm_dieselnet_amherst_exact_500m_0m_0120 OK 
[2026-07-23 17:24:52,724] INFO: v2_osm_helsinki_archipelago_offset_n_1000m_500m_0121 OK 
[2026-07-23 17:24:52,724] INFO: v2_osm_helsinki_disrupted_offset_e_1500m_1000m_0122 OK 
[2026-07-23 17:24:52,724] INFO: v2_osm_helsinki_downtown_offset_s_2500m_1500m_0123 OK 
[2026-07-23 17:24:52,725] INFO: v2_osm_kallio_community_offset_w_5000m_200m_0124 OK 
[2026-07-23 17:24:52,725] INFO: v2_osm_kumpula_campus_exact_500m_0m_0125 OK 
[2026-07-23 17:24:52,725] INFO: v2_osm_lapland_rural_sparse_offset_n_1000m_1000m_0126 OK 
[2026-07-23 17:24:52,725] INFO: v2_osm_london_industrial_corridor_offset_e_1500m_1500m_0127 OK 
[2026-07-23 17:24:52,726] INFO: v2_osm_manhattan_midtown_offset_s_2500m_200m_0128 OK 
[2026-07-23 17:24:52,726] INFO: v2_osm_mit_campus_reality_offset_w_5000m_500m_0129 OK 
[2026-07-23 17:24:52,742] INFO: v2_osm_nuuksio_sparse_trails_exact_500m_0m_0130 FAIL_BUILD_OSM too few segments (8 < 20)
[2026-07-23 17:24:52,742] INFO: v2_osm_rio_centro_buses_offset_n_1000m_1500m_0131 OK 
[2026-07-23 17:24:52,743] INFO: v2_osm_roma_centro_offset_e_1500m_200m_0132 OK 
[2026-07-23 17:24:52,743] INFO: v2_osm_sf_cabspotting_downtown_offset_s_2500m_500m_0133 OK 
[2026-07-23 17:24:52,743] INFO: v2_osm_sf_mission_corridor_offset_w_5000m_1000m_0134 OK 
[2026-07-23 17:24:52,746] INFO: v2_osm_tampere_suburban_exact_500m_0m_0135 FAIL_BUILD_OSM osm_process: Graph contains no edges.
[2026-07-23 17:24:52,747] INFO: v2_osm_cambridge_haggle_offset_n_1000m_200m_0136 OK 
[2026-07-23 17:24:52,747] INFO: v2_osm_dieselnet_amherst_offset_e_1500m_500m_0137 OK 
[2026-07-23 17:24:52,747] INFO: v2_osm_helsinki_archipelago_offset_s_2500m_1000m_0138 OK 
[2026-07-23 17:24:52,748] INFO: v2_osm_helsinki_disrupted_offset_w_5000m_1500m_0139 OK 
[2026-07-23 17:24:52,748] INFO: v2_osm_helsinki_downtown_exact_500m_0m_0140 OK 
[2026-07-23 17:24:52,748] INFO: v2_osm_kallio_community_offset_n_1000m_500m_0141 OK 
[2026-07-23 17:24:52,748] INFO: v2_osm_kumpula_campus_offset_e_1500m_1000m_0142 OK 
[2026-07-23 17:24:52,749] INFO: v2_osm_lapland_rural_sparse_offset_s_2500m_1500m_0143 OK 
[2026-07-23 17:24:52,749] INFO: v2_osm_london_industrial_corridor_offset_w_5000m_200m_0144 OK 
[2026-07-23 17:24:52,766] INFO: v2_osm_manhattan_midtown_exact_500m_0m_0145 FAIL_BUILD_OSM too few segments (14 < 20)
[2026-07-23 17:24:52,766] INFO: v2_osm_mit_campus_reality_offset_n_1000m_1000m_0146 OK 
[2026-07-23 17:24:52,766] INFO: v2_osm_nuuksio_sparse_trails_offset_e_1500m_1500m_0147 OK 
[2026-07-23 17:24:52,766] INFO: v2_osm_rio_centro_buses_offset_s_2500m_200m_0148 OK 
[2026-07-23 17:24:52,767] INFO: v2_osm_roma_centro_offset_w_5000m_500m_0149 OK 
[2026-07-23 17:24:52,767] INFO: v2_osm_sf_cabspotting_downtown_exact_500m_0m_0150 OK 
[2026-07-23 17:24:52,767] INFO: v2_osm_sf_mission_corridor_offset_n_1000m_1500m_0151 OK 
[2026-07-23 17:24:52,767] INFO: v2_osm_tampere_suburban_offset_e_1500m_200m_0152 OK 
[2026-07-23 17:24:52,768] INFO: v2_osm_cambridge_haggle_offset_s_2500m_500m_0153 OK 
[2026-07-23 17:24:52,768] INFO: v2_osm_dieselnet_amherst_offset_w_5000m_1000m_0154 OK 
[2026-07-23 17:24:52,768] INFO: v2_osm_helsinki_archipelago_exact_500m_0m_0155 OK 
[2026-07-23 17:24:52,768] INFO: v2_osm_helsinki_disrupted_offset_n_1000m_200m_0156 OK 
[2026-07-23 17:24:52,769] INFO: v2_osm_helsinki_downtown_offset_e_1500m_500m_0157 OK 
[2026-07-23 17:24:52,769] INFO: v2_osm_kallio_community_offset_s_2500m_1000m_0158 OK 
[2026-07-23 17:24:52,769] INFO: v2_osm_kumpula_campus_offset_w_5000m_1500m_0159 OK 
[2026-07-23 17:24:52,769] INFO: v2_osm_lapland_rural_sparse_exact_500m_0m_0160 OK 
[2026-07-23 17:24:52,770] INFO: v2_osm_london_industrial_corridor_offset_n_1000m_500m_0161 OK 
[2026-07-23 17:24:52,770] INFO: v2_osm_manhattan_midtown_offset_e_1500m_1000m_0162 OK 
[2026-07-23 17:24:52,770] INFO: v2_osm_mit_campus_reality_offset_s_2500m_1500m_0163 OK 
[2026-07-23 17:24:52,771] INFO: v2_osm_nuuksio_sparse_trails_offset_w_5000m_200m_0164 OK 
[2026-07-23 17:24:52,771] INFO: v2_osm_rio_centro_buses_exact_500m_0m_0165 OK 
[2026-07-23 17:24:52,771] INFO: v2_osm_roma_centro_offset_n_1000m_1000m_0166 OK 
[2026-07-23 17:24:52,771] INFO: v2_osm_sf_cabspotting_downtown_offset_e_1500m_1500m_0167 OK 
[2026-07-23 17:24:52,772] INFO: v2_osm_sf_mission_corridor_offset_s_2500m_200m_0168 OK 
[2026-07-23 17:24:52,772] INFO: v2_osm_tampere_suburban_offset_w_5000m_500m_0169 OK 
[2026-07-23 17:24:52,772] INFO: v2_osm_cambridge_haggle_exact_500m_0m_0170 OK 
[2026-07-23 17:24:52,772] INFO: v2_osm_dieselnet_amherst_offset_n_1000m_1500m_0171 OK 
[2026-07-23 17:24:52,773] INFO: v2_osm_helsinki_archipelago_offset_e_1500m_200m_0172 OK 
[2026-07-23 17:24:52,773] INFO: v2_osm_helsinki_disrupted_offset_s_2500m_500m_0173 OK 
[2026-07-23 17:24:52,773] INFO: v2_osm_helsinki_downtown_offset_w_5000m_1000m_0174 OK 
[2026-07-23 17:24:52,773] INFO: v2_osm_kallio_community_exact_500m_0m_0175 OK 
[2026-07-23 17:24:52,774] INFO: v2_osm_kumpula_campus_offset_n_1000m_200m_0176 OK 
[2026-07-23 17:24:52,774] INFO: v2_osm_lapland_rural_sparse_offset_e_1500m_500m_0177 OK 
[2026-07-23 17:24:52,774] INFO: v2_osm_london_industrial_corridor_offset_s_2500m_1000m_0178 OK 
[2026-07-23 17:24:52,774] INFO: v2_osm_manhattan_midtown_offset_w_5000m_1500m_0179 OK 
[2026-07-23 17:24:52,775] INFO: v2_osm_mit_campus_reality_exact_500m_0m_0180 OK 
[2026-07-23 17:24:52,790] INFO: v2_osm_nuuksio_sparse_trails_offset_n_1000m_500m_0181 FAIL_BUILD_OSM too few segments (14 < 20)
[2026-07-23 17:24:52,791] INFO: v2_osm_rio_centro_buses_offset_e_1500m_1000m_0182 OK 
[2026-07-23 17:24:52,791] INFO: v2_osm_roma_centro_offset_s_2500m_1500m_0183 OK 
[2026-07-23 17:24:52,791] INFO: v2_osm_sf_cabspotting_downtown_offset_w_5000m_200m_0184 OK 
[2026-07-23 17:24:52,791] INFO: v2_osm_sf_mission_corridor_exact_500m_0m_0185 OK 
[2026-07-23 17:24:52,805] INFO: v2_osm_tampere_suburban_offset_n_1000m_1000m_0186 FAIL_BUILD_OSM too few segments (2 < 20)
[2026-07-23 17:24:52,805] INFO: v2_osm_cambridge_haggle_offset_e_1500m_1500m_0187 OK 
[2026-07-23 17:24:52,806] INFO: v2_osm_dieselnet_amherst_offset_s_2500m_200m_0188 OK 
[2026-07-23 17:24:52,806] INFO: v2_osm_helsinki_archipelago_offset_w_5000m_500m_0189 OK 
[2026-07-23 17:24:52,806] INFO: v2_osm_helsinki_disrupted_exact_500m_0m_0190 OK 
[2026-07-23 17:24:52,806] INFO: v2_osm_helsinki_downtown_offset_n_1000m_1500m_0191 OK 
[2026-07-23 17:24:52,806] INFO: v2_osm_kallio_community_offset_e_1500m_200m_0192 OK 
[2026-07-23 17:24:52,807] INFO: v2_osm_kumpula_campus_offset_s_2500m_500m_0193 OK 
[2026-07-23 17:24:52,807] INFO: v2_osm_lapland_rural_sparse_offset_w_5000m_1000m_0194 OK 
[2026-07-23 17:24:52,807] INFO: v2_osm_london_industrial_corridor_exact_500m_0m_0195 OK 
[2026-07-23 17:24:52,807] INFO: v2_osm_manhattan_midtown_offset_n_1000m_200m_0196 OK 
[2026-07-23 17:24:52,807] INFO: v2_osm_mit_campus_reality_offset_e_1500m_500m_0197 OK 
[2026-07-23 17:24:52,808] INFO: v2_osm_nuuksio_sparse_trails_offset_s_2500m_1000m_0198 OK 
[2026-07-23 17:24:52,808] INFO: v2_osm_rio_centro_buses_offset_w_5000m_1500m_0199 OK 
[2026-07-23 17:24:52,808] INFO: v2_osm_roma_centro_exact_500m_0m_0200 OK 
[2026-07-23 17:24:52,808] INFO: v2_osm_sf_cabspotting_downtown_offset_n_1000m_500m_0201 OK 
[2026-07-23 17:24:52,808] INFO: v2_osm_sf_mission_corridor_offset_e_1500m_1000m_0202 OK 
[2026-07-23 17:24:52,809] INFO: v2_osm_tampere_suburban_offset_s_2500m_1500m_0203 OK 
[2026-07-23 17:24:52,809] INFO: v2_osm_cambridge_haggle_offset_w_5000m_200m_0204 OK 
[2026-07-23 17:24:52,809] INFO: v2_osm_dieselnet_amherst_exact_500m_0m_0205 OK 
[2026-07-23 17:24:52,809] INFO: v2_osm_helsinki_archipelago_offset_n_1000m_1000m_0206 OK 
[2026-07-23 17:24:52,809] INFO: v2_osm_helsinki_disrupted_offset_e_1500m_1500m_0207 OK 
[2026-07-23 17:24:52,809] INFO: v2_osm_helsinki_downtown_offset_s_2500m_200m_0208 OK 
[2026-07-23 17:24:52,810] INFO: v2_osm_kallio_community_offset_w_5000m_500m_0209 OK 
[2026-07-23 17:24:52,810] INFO: v2_osm_kumpula_campus_exact_500m_0m_0210 OK 
[2026-07-23 17:24:52,819] INFO: v2_osm_lapland_rural_sparse_offset_n_1000m_1500m_0211 FAIL_BUILD_OSM too few segments (2 < 20)
[2026-07-23 17:24:52,819] INFO: v2_osm_london_industrial_corridor_offset_e_1500m_200m_0212 OK 
[2026-07-23 17:24:52,820] INFO: v2_osm_manhattan_midtown_offset_s_2500m_500m_0213 OK 
[2026-07-23 17:24:52,820] INFO: v2_osm_mit_campus_reality_offset_w_5000m_1000m_0214 OK 
[2026-07-23 17:24:52,829] INFO: v2_osm_nuuksio_sparse_trails_exact_500m_0m_0215 FAIL_BUILD_OSM too few segments (8 < 20)
[2026-07-23 17:24:52,829] INFO: v2_osm_rio_centro_buses_offset_n_1000m_200m_0216 OK 
[2026-07-23 17:24:52,830] INFO: v2_osm_roma_centro_offset_e_1500m_500m_0217 OK 
[2026-07-23 17:24:52,830] INFO: v2_osm_sf_cabspotting_downtown_offset_s_2500m_1000m_0218 OK 
[2026-07-23 17:24:52,830] INFO: v2_osm_sf_mission_corridor_offset_w_5000m_1500m_0219 OK 
[2026-07-23 17:24:52,832] INFO: v2_osm_tampere_suburban_exact_500m_0m_0220 FAIL_BUILD_OSM osm_process: Graph contains no edges.
[2026-07-23 17:24:52,833] INFO: v2_osm_cambridge_haggle_offset_n_1000m_500m_0221 OK 
[2026-07-23 17:24:52,833] INFO: v2_osm_dieselnet_amherst_offset_e_1500m_1000m_0222 OK 
[2026-07-23 17:24:52,833] INFO: v2_osm_helsinki_archipelago_offset_s_2500m_1500m_0223 OK 
[2026-07-23 17:24:52,833] INFO: v2_osm_helsinki_disrupted_offset_w_5000m_200m_0224 OK 
[2026-07-23 17:24:52,834] INFO: v2_osm_helsinki_downtown_exact_500m_0m_0225 OK 
[2026-07-23 17:24:52,834] INFO: v2_osm_kallio_community_offset_n_1000m_1000m_0226 OK 
[2026-07-23 17:24:52,834] INFO: v2_osm_kumpula_campus_offset_e_1500m_1500m_0227 OK 
[2026-07-23 17:24:52,834] INFO: v2_osm_lapland_rural_sparse_offset_s_2500m_200m_0228 OK 
[2026-07-23 17:24:52,834] INFO: v2_osm_london_industrial_corridor_offset_w_5000m_500m_0229 OK 
[2026-07-23 17:24:52,845] INFO: v2_osm_manhattan_midtown_exact_500m_0m_0230 FAIL_BUILD_OSM too few segments (14 < 20)
[2026-07-23 17:24:52,846] INFO: v2_osm_mit_campus_reality_offset_n_1000m_1500m_0231 OK 
[2026-07-23 17:24:52,846] INFO: v2_osm_nuuksio_sparse_trails_offset_e_1500m_200m_0232 OK 
[2026-07-23 17:24:52,846] INFO: v2_osm_rio_centro_buses_offset_s_2500m_500m_0233 OK 
[2026-07-23 17:24:52,846] INFO: v2_osm_roma_centro_offset_w_5000m_1000m_0234 OK 
[2026-07-23 17:24:52,847] INFO: v2_osm_sf_cabspotting_downtown_exact_500m_0m_0235 OK 
[2026-07-23 17:24:52,847] INFO: v2_osm_sf_mission_corridor_offset_n_1000m_200m_0236 OK 
[2026-07-23 17:24:52,847] INFO: v2_osm_tampere_suburban_offset_e_1500m_500m_0237 OK 
[2026-07-23 17:24:52,847] INFO: v2_osm_cambridge_haggle_offset_s_2500m_1000m_0238 OK 
[2026-07-23 17:24:52,847] INFO: v2_osm_dieselnet_amherst_offset_w_5000m_1500m_0239 OK 
[2026-07-23 17:24:52,847] INFO: v2_osm_helsinki_archipelago_exact_500m_0m_0240 OK 
[2026-07-23 17:24:52,848] INFO: v2_osm_helsinki_disrupted_offset_n_1000m_500m_0241 OK 
[2026-07-23 17:24:52,848] INFO: v2_osm_helsinki_downtown_offset_e_1500m_1000m_0242 OK 
[2026-07-23 17:24:52,848] INFO: v2_osm_kallio_community_offset_s_2500m_1500m_0243 OK 
[2026-07-23 17:24:52,848] INFO: v2_osm_kumpula_campus_offset_w_5000m_200m_0244 OK 
[2026-07-23 17:24:52,848] INFO: v2_osm_lapland_rural_sparse_exact_500m_0m_0245 OK 
[2026-07-23 17:24:52,848] INFO: v2_osm_london_industrial_corridor_offset_n_1000m_1000m_0246 OK 
[2026-07-23 17:24:52,849] INFO: v2_osm_manhattan_midtown_offset_e_1500m_1500m_0247 OK 
[2026-07-23 17:24:52,849] INFO: v2_osm_mit_campus_reality_offset_s_2500m_200m_0248 OK 
[2026-07-23 17:24:52,849] INFO: v2_osm_nuuksio_sparse_trails_offset_w_5000m_500m_0249 OK 
[2026-07-23 17:24:52,849] INFO: v2_osm_rio_centro_buses_exact_500m_0m_0250 OK 
[2026-07-23 17:24:52,849] INFO: v2_osm_roma_centro_offset_n_1000m_1500m_0251 OK 
[2026-07-23 17:24:52,850] INFO: v2_osm_sf_cabspotting_downtown_offset_e_1500m_200m_0252 OK 
[2026-07-23 17:24:52,850] INFO: v2_osm_sf_mission_corridor_offset_s_2500m_500m_0253 OK 
[2026-07-23 17:24:52,850] INFO: v2_osm_tampere_suburban_offset_w_5000m_1000m_0254 OK 
[2026-07-23 17:24:52,850] INFO: v2_osm_cambridge_haggle_exact_500m_0m_0255 OK 
[2026-07-23 17:24:52,850] INFO: v2_osm_dieselnet_amherst_offset_n_1000m_200m_0256 OK 
[2026-07-23 17:24:52,851] INFO: v2_osm_helsinki_archipelago_offset_e_1500m_500m_0257 OK 
[2026-07-23 17:24:52,851] INFO: v2_osm_helsinki_disrupted_offset_s_2500m_1000m_0258 OK 
[2026-07-23 17:24:52,851] INFO: v2_osm_helsinki_downtown_offset_w_5000m_1500m_0259 OK 
[2026-07-23 17:24:52,851] INFO: v2_osm_kallio_community_exact_500m_0m_0260 OK 
[2026-07-23 17:24:52,851] INFO: v2_osm_kumpula_campus_offset_n_1000m_500m_0261 OK 
[2026-07-23 17:24:52,852] INFO: v2_osm_lapland_rural_sparse_offset_e_1500m_1000m_0262 OK 
[2026-07-23 17:24:52,852] INFO: v2_osm_london_industrial_corridor_offset_s_2500m_1500m_0263 OK 
[2026-07-23 17:24:52,852] INFO: v2_osm_manhattan_midtown_offset_w_5000m_200m_0264 OK 
[2026-07-23 17:24:52,852] INFO: v2_osm_mit_campus_reality_exact_500m_0m_0265 OK 
[2026-07-23 17:24:52,863] INFO: v2_osm_nuuksio_sparse_trails_offset_n_1000m_1000m_0266 FAIL_BUILD_OSM too few segments (2 < 20)
[2026-07-23 17:24:52,863] INFO: v2_osm_rio_centro_buses_offset_e_1500m_1500m_0267 OK 
[2026-07-23 17:24:52,863] INFO: v2_osm_roma_centro_offset_s_2500m_200m_0268 OK 
[2026-07-23 17:24:52,864] INFO: v2_osm_sf_cabspotting_downtown_offset_w_5000m_500m_0269 OK 
[2026-07-23 17:24:52,864] INFO: v2_osm_sf_mission_corridor_exact_500m_0m_0270 OK 
[2026-07-23 17:24:52,864] INFO: v2_osm_tampere_suburban_offset_n_1000m_1500m_0271 OK 
[2026-07-23 17:24:52,864] INFO: v2_osm_cambridge_haggle_offset_e_1500m_200m_0272 OK 
[2026-07-23 17:24:52,864] INFO: v2_osm_dieselnet_amherst_offset_s_2500m_500m_0273 OK 
[2026-07-23 17:24:52,864] INFO: v2_osm_helsinki_archipelago_offset_w_5000m_1000m_0274 OK 
[2026-07-23 17:24:52,865] INFO: v2_osm_helsinki_disrupted_exact_500m_0m_0275 OK 
[2026-07-23 17:24:52,865] INFO: v2_osm_helsinki_downtown_offset_n_1000m_200m_0276 OK 
[2026-07-23 17:24:52,865] INFO: v2_osm_kallio_community_offset_e_1500m_500m_0277 OK 
[2026-07-23 17:24:52,865] INFO: v2_osm_kumpula_campus_offset_s_2500m_1000m_0278 OK 
[2026-07-23 17:24:52,866] INFO: v2_osm_lapland_rural_sparse_offset_w_5000m_1500m_0279 OK 
[2026-07-23 17:24:52,866] INFO: v2_osm_london_industrial_corridor_exact_500m_0m_0280 OK 
[2026-07-23 17:24:52,866] INFO: v2_osm_manhattan_midtown_offset_n_1000m_500m_0281 OK 
[2026-07-23 17:24:52,866] INFO: v2_osm_mit_campus_reality_offset_e_1500m_1000m_0282 OK 
[2026-07-23 17:24:52,866] INFO: v2_osm_nuuksio_sparse_trails_offset_s_2500m_1500m_0283 OK 
[2026-07-23 17:24:52,866] INFO: v2_osm_rio_centro_buses_offset_w_5000m_200m_0284 OK 
[2026-07-23 17:24:52,867] INFO: v2_osm_roma_centro_exact_500m_0m_0285 OK 
[2026-07-23 17:24:52,867] INFO: v2_osm_sf_cabspotting_downtown_offset_n_1000m_1000m_0286 OK 
[2026-07-23 17:24:52,867] INFO: v2_osm_sf_mission_corridor_offset_e_1500m_1500m_0287 OK 
[2026-07-23 17:24:52,867] INFO: v2_osm_tampere_suburban_offset_s_2500m_200m_0288 OK 
[2026-07-23 17:24:52,867] INFO: v2_osm_cambridge_haggle_offset_w_5000m_500m_0289 OK 
[2026-07-23 17:24:52,868] INFO: v2_osm_dieselnet_amherst_exact_500m_0m_0290 OK 
[2026-07-23 17:24:52,868] INFO: v2_osm_helsinki_archipelago_offset_n_1000m_1500m_0291 OK 
[2026-07-23 17:24:52,868] INFO: v2_osm_helsinki_disrupted_offset_e_1500m_200m_0292 OK 
[2026-07-23 17:24:52,868] INFO: v2_osm_helsinki_downtown_offset_s_2500m_500m_0293 OK 
[2026-07-23 17:24:52,869] INFO: v2_osm_kallio_community_offset_w_5000m_1000m_0294 OK 
[2026-07-23 17:24:52,869] INFO: v2_osm_kumpula_campus_exact_500m_0m_0295 OK 
[2026-07-23 17:24:52,869] INFO: v2_osm_lapland_rural_sparse_offset_n_1000m_200m_0296 OK 
[2026-07-23 17:24:52,869] INFO: v2_osm_london_industrial_corridor_offset_e_1500m_500m_0297 OK 
[2026-07-23 17:24:52,869] INFO: v2_osm_manhattan_midtown_offset_s_2500m_1000m_0298 OK 
[2026-07-23 17:24:52,870] INFO: v2_osm_mit_campus_reality_offset_w_5000m_1500m_0299 OK 
[2026-07-23 17:24:52,881] INFO: v2_osm_nuuksio_sparse_trails_exact_500m_0m_0300 FAIL_BUILD_OSM too few segments (8 < 20)
[2026-07-23 17:24:52,882] INFO: v2_osm_rio_centro_buses_offset_n_1000m_500m_0301 OK 
[2026-07-23 17:24:52,882] INFO: v2_osm_roma_centro_offset_e_1500m_1000m_0302 OK 
[2026-07-23 17:24:52,882] INFO: v2_osm_sf_cabspotting_downtown_offset_s_2500m_1500m_0303 OK 
[2026-07-23 17:24:52,882] INFO: v2_osm_sf_mission_corridor_offset_w_5000m_200m_0304 OK 
[2026-07-23 17:24:52,885] INFO: v2_osm_tampere_suburban_exact_500m_0m_0305 FAIL_BUILD_OSM osm_process: Graph contains no edges.
[2026-07-23 17:24:52,885] INFO: v2_osm_cambridge_haggle_offset_n_1000m_1000m_0306 OK 
[2026-07-23 17:24:52,886] INFO: v2_osm_dieselnet_amherst_offset_e_1500m_1500m_0307 OK 
[2026-07-23 17:24:52,886] INFO: v2_osm_helsinki_archipelago_offset_s_2500m_200m_0308 OK 
[2026-07-23 17:24:52,886] INFO: v2_osm_helsinki_disrupted_offset_w_5000m_500m_0309 OK 
[2026-07-23 17:24:52,886] INFO: v2_osm_helsinki_downtown_exact_500m_0m_0310 OK 
[2026-07-23 17:24:52,887] INFO: v2_osm_kallio_community_offset_n_1000m_1500m_0311 OK 
[2026-07-23 17:24:52,887] INFO: v2_osm_kumpula_campus_offset_e_1500m_200m_0312 OK 
[2026-07-23 17:24:52,887] INFO: v2_osm_lapland_rural_sparse_offset_s_2500m_500m_0313 OK 
[2026-07-23 17:24:52,887] INFO: v2_osm_london_industrial_corridor_offset_w_5000m_1000m_0314 OK 
[2026-07-23 17:24:52,900] INFO: v2_osm_manhattan_midtown_exact_500m_0m_0315 FAIL_BUILD_OSM too few segments (14 < 20)
[2026-07-23 17:24:52,901] INFO: v2_osm_mit_campus_reality_offset_n_1000m_200m_0316 OK 
[2026-07-23 17:24:52,901] INFO: v2_osm_nuuksio_sparse_trails_offset_e_1500m_500m_0317 OK 
[2026-07-23 17:24:52,901] INFO: v2_osm_rio_centro_buses_offset_s_2500m_1000m_0318 OK 
[2026-07-23 17:24:52,901] INFO: v2_osm_roma_centro_offset_w_5000m_1500m_0319 OK 
[2026-07-23 17:24:52,901] INFO: v2_osm_sf_cabspotting_downtown_exact_500m_0m_0320 OK 
[2026-07-23 17:24:52,902] INFO: v2_osm_sf_mission_corridor_offset_n_1000m_500m_0321 OK 
[2026-07-23 17:24:52,902] INFO: v2_osm_tampere_suburban_offset_e_1500m_1000m_0322 OK 
[2026-07-23 17:24:52,902] INFO: v2_osm_cambridge_haggle_offset_s_2500m_1500m_0323 OK 
[2026-07-23 17:24:52,902] INFO: v2_osm_dieselnet_amherst_offset_w_5000m_200m_0324 OK 
[2026-07-23 17:24:52,903] INFO: v2_osm_helsinki_archipelago_exact_500m_0m_0325 OK 
[2026-07-23 17:24:52,903] INFO: v2_osm_helsinki_disrupted_offset_n_1000m_1000m_0326 OK 
[2026-07-23 17:24:52,903] INFO: v2_osm_helsinki_downtown_offset_e_1500m_1500m_0327 OK 
[2026-07-23 17:24:52,903] INFO: v2_osm_kallio_community_offset_s_2500m_200m_0328 OK 
[2026-07-23 17:24:52,903] INFO: v2_osm_kumpula_campus_offset_w_5000m_500m_0329 OK 
[2026-07-23 17:24:52,904] INFO: v2_osm_lapland_rural_sparse_exact_500m_0m_0330 OK 
[2026-07-23 17:24:52,904] INFO: v2_osm_london_industrial_corridor_offset_n_1000m_1500m_0331 OK 
[2026-07-23 17:24:52,904] INFO: v2_osm_manhattan_midtown_offset_e_1500m_200m_0332 OK 
[2026-07-23 17:24:52,904] INFO: v2_osm_mit_campus_reality_offset_s_2500m_500m_0333 OK 
[2026-07-23 17:24:52,905] INFO: v2_osm_nuuksio_sparse_trails_offset_w_5000m_1000m_0334 OK 
[2026-07-23 17:24:52,905] INFO: v2_osm_rio_centro_buses_exact_500m_0m_0335 OK 
[2026-07-23 17:24:52,905] INFO: v2_osm_roma_centro_offset_n_1000m_200m_0336 OK 
[2026-07-23 17:24:52,905] INFO: v2_osm_sf_cabspotting_downtown_offset_e_1500m_500m_0337 OK 
[2026-07-23 17:24:52,905] INFO: v2_osm_sf_mission_corridor_offset_s_2500m_1000m_0338 OK 
[2026-07-23 17:24:52,906] INFO: v2_osm_tampere_suburban_offset_w_5000m_1500m_0339 OK 
[2026-07-23 17:24:52,906] INFO: v2_osm_cambridge_haggle_exact_500m_0m_0340 OK 
[2026-07-23 17:24:52,906] INFO: v2_osm_dieselnet_amherst_offset_n_1000m_500m_0341 OK 
[2026-07-23 17:24:52,906] INFO: v2_osm_helsinki_archipelago_offset_e_1500m_1000m_0342 OK 
[2026-07-23 17:24:52,906] INFO: v2_osm_helsinki_disrupted_offset_s_2500m_1500m_0343 OK 
[2026-07-23 17:24:52,907] INFO: v2_osm_helsinki_downtown_offset_w_5000m_200m_0344 OK 
[2026-07-23 17:24:52,907] INFO: v2_osm_kallio_community_exact_500m_0m_0345 OK 
[2026-07-23 17:24:52,907] INFO: v2_osm_kumpula_campus_offset_n_1000m_1000m_0346 OK 
[2026-07-23 17:24:52,907] INFO: v2_osm_lapland_rural_sparse_offset_e_1500m_1500m_0347 OK 
[2026-07-23 17:24:52,907] INFO: v2_osm_london_industrial_corridor_offset_s_2500m_200m_0348 OK 
[2026-07-23 17:24:52,907] INFO: v2_osm_manhattan_midtown_offset_w_5000m_500m_0349 OK 
[2026-07-23 17:24:52,908] INFO: v2_osm_mit_campus_reality_exact_500m_0m_0350 OK 
[2026-07-23 17:24:52,911] INFO: v2_osm_nuuksio_sparse_trails_offset_n_1000m_1500m_0351 FAIL_BUILD_OSM osm_process: Graph contains no edges.
[2026-07-23 17:24:52,912] INFO: v2_osm_rio_centro_buses_offset_e_1500m_200m_0352 OK 
[2026-07-23 17:24:52,912] INFO: v2_osm_roma_centro_offset_s_2500m_500m_0353 OK 
[2026-07-23 17:24:52,912] INFO: v2_osm_sf_cabspotting_downtown_offset_w_5000m_1000m_0354 OK 
[2026-07-23 17:24:52,912] INFO: v2_osm_sf_mission_corridor_exact_500m_0m_0355 OK 
[2026-07-23 17:24:52,924] INFO: v2_osm_tampere_suburban_offset_n_1000m_200m_0356 FAIL_BUILD_OSM too few segments (10 < 20)
[2026-07-23 17:24:52,924] INFO: v2_osm_cambridge_haggle_offset_e_1500m_500m_0357 OK 
[2026-07-23 17:24:52,924] INFO: v2_osm_dieselnet_amherst_offset_s_2500m_1000m_0358 OK 
[2026-07-23 17:24:52,925] INFO: v2_osm_helsinki_archipelago_offset_w_5000m_1500m_0359 OK 
[2026-07-23 17:24:52,925] INFO: v2_osm_helsinki_disrupted_exact_500m_0m_0360 OK 
[2026-07-23 17:24:52,925] INFO: v2_osm_helsinki_downtown_offset_n_1000m_500m_0361 OK 
[2026-07-23 17:24:52,925] INFO: v2_osm_kallio_community_offset_e_1500m_1000m_0362 OK 
[2026-07-23 17:24:52,925] INFO: v2_osm_kumpula_campus_offset_s_2500m_1500m_0363 OK 
[2026-07-23 17:24:52,926] INFO: v2_osm_lapland_rural_sparse_offset_w_5000m_200m_0364 OK 
[2026-07-23 17:24:52,926] INFO: v2_osm_london_industrial_corridor_exact_500m_0m_0365 OK 
[2026-07-23 17:24:52,926] INFO: v2_osm_manhattan_midtown_offset_n_1000m_1000m_0366 OK 
[2026-07-23 17:24:52,926] INFO: v2_osm_mit_campus_reality_offset_e_1500m_1500m_0367 OK 
[2026-07-23 17:24:52,926] INFO: v2_osm_nuuksio_sparse_trails_offset_s_2500m_200m_0368 OK 
[2026-07-23 17:24:52,926] INFO: v2_osm_rio_centro_buses_offset_w_5000m_500m_0369 OK 
[2026-07-23 17:24:52,927] INFO: v2_osm_roma_centro_exact_500m_0m_0370 OK 
[2026-07-23 17:24:52,927] INFO: v2_osm_sf_cabspotting_downtown_offset_n_1000m_1500m_0371 OK 
[2026-07-23 17:24:52,927] INFO: v2_osm_sf_mission_corridor_offset_e_1500m_200m_0372 OK 
[2026-07-23 17:24:52,927] INFO: v2_osm_tampere_suburban_offset_s_2500m_500m_0373 OK 
[2026-07-23 17:24:52,927] INFO: v2_osm_cambridge_haggle_offset_w_5000m_1000m_0374 OK 
[2026-07-23 17:24:52,927] INFO: v2_osm_dieselnet_amherst_exact_500m_0m_0375 OK 
[2026-07-23 17:24:52,928] INFO: v2_osm_helsinki_archipelago_offset_n_1000m_200m_0376 OK 
[2026-07-23 17:24:52,928] INFO: v2_osm_helsinki_disrupted_offset_e_1500m_500m_0377 OK 
[2026-07-23 17:24:52,928] INFO: v2_osm_helsinki_downtown_offset_s_2500m_1000m_0378 OK 
[2026-07-23 17:24:52,928] INFO: v2_osm_kallio_community_offset_w_5000m_1500m_0379 OK 
[2026-07-23 17:24:52,928] INFO: v2_osm_kumpula_campus_exact_500m_0m_0380 OK 
[2026-07-23 17:24:52,928] INFO: v2_osm_lapland_rural_sparse_offset_n_1000m_500m_0381 OK 
[2026-07-23 17:24:52,929] INFO: v2_osm_london_industrial_corridor_offset_e_1500m_1000m_0382 OK 
[2026-07-23 17:24:52,929] INFO: v2_osm_manhattan_midtown_offset_s_2500m_1500m_0383 OK 
[2026-07-23 17:24:52,929] INFO: v2_osm_mit_campus_reality_offset_w_5000m_200m_0384 OK 
[2026-07-23 17:24:52,939] INFO: v2_osm_nuuksio_sparse_trails_exact_500m_0m_0385 FAIL_BUILD_OSM too few segments (8 < 20)
[2026-07-23 17:24:52,940] INFO: v2_osm_rio_centro_buses_offset_n_1000m_1000m_0386 OK 
[2026-07-23 17:24:52,940] INFO: v2_osm_roma_centro_offset_e_1500m_1500m_0387 OK 
[2026-07-23 17:24:52,940] INFO: v2_osm_sf_cabspotting_downtown_offset_s_2500m_200m_0388 OK 
[2026-07-23 17:24:52,940] INFO: v2_osm_sf_mission_corridor_offset_w_5000m_500m_0389 OK 
[2026-07-23 17:24:52,942] INFO: v2_osm_tampere_suburban_exact_500m_0m_0390 FAIL_BUILD_OSM osm_process: Graph contains no edges.
[2026-07-23 17:24:52,942] INFO: v2_osm_cambridge_haggle_offset_n_1000m_1500m_0391 OK 
[2026-07-23 17:24:52,942] INFO: v2_osm_dieselnet_amherst_offset_e_1500m_200m_0392 OK 
[2026-07-23 17:24:52,943] INFO: v2_osm_helsinki_archipelago_offset_s_2500m_500m_0393 OK 
[2026-07-23 17:24:52,943] INFO: v2_osm_helsinki_disrupted_offset_w_5000m_1000m_0394 OK 
[2026-07-23 17:24:52,943] INFO: v2_osm_helsinki_downtown_exact_500m_0m_0395 OK 
[2026-07-23 17:24:52,943] INFO: v2_osm_kallio_community_offset_n_1000m_200m_0396 OK 
[2026-07-23 17:24:52,943] INFO: v2_osm_kumpula_campus_offset_e_1500m_500m_0397 OK 
[2026-07-23 17:24:52,943] INFO: v2_osm_lapland_rural_sparse_offset_s_2500m_1000m_0398 OK 
[2026-07-23 17:24:52,944] INFO: v2_osm_london_industrial_corridor_offset_w_5000m_1500m_0399 OK 
[2026-07-23 17:24:52,954] INFO: v2_osm_manhattan_midtown_exact_500m_0m_0400 FAIL_BUILD_OSM too few segments (14 < 20)
[2026-07-23 17:24:52,955] INFO: v2_osm_mit_campus_reality_offset_n_1000m_500m_0401 OK 
[2026-07-23 17:24:52,955] INFO: v2_osm_nuuksio_sparse_trails_offset_e_1500m_1000m_0402 OK 
[2026-07-23 17:24:52,955] INFO: v2_osm_rio_centro_buses_offset_s_2500m_1500m_0403 OK 
[2026-07-23 17:24:52,955] INFO: v2_osm_roma_centro_offset_w_5000m_200m_0404 OK 
[2026-07-23 17:24:52,955] INFO: v2_osm_sf_cabspotting_downtown_exact_500m_0m_0405 OK 
[2026-07-23 17:24:52,956] INFO: v2_osm_sf_mission_corridor_offset_n_1000m_1000m_0406 OK 
[2026-07-23 17:24:52,956] INFO: v2_osm_tampere_suburban_offset_e_1500m_1500m_0407 OK 
[2026-07-23 17:24:52,956] INFO: v2_osm_cambridge_haggle_offset_s_2500m_200m_0408 OK 
[2026-07-23 17:24:52,956] INFO: v2_osm_dieselnet_amherst_offset_w_5000m_500m_0409 OK 
[2026-07-23 17:24:52,956] INFO: v2_osm_helsinki_archipelago_exact_500m_0m_0410 OK 
[2026-07-23 17:24:52,957] INFO: v2_osm_helsinki_disrupted_offset_n_1000m_1500m_0411 OK 
[2026-07-23 17:24:52,957] INFO: v2_osm_helsinki_downtown_offset_e_1500m_200m_0412 OK 
[2026-07-23 17:24:52,957] INFO: v2_osm_kallio_community_offset_s_2500m_500m_0413 OK 
[2026-07-23 17:24:52,957] INFO: v2_osm_kumpula_campus_offset_w_5000m_1000m_0414 OK 
[2026-07-23 17:24:52,957] INFO: v2_osm_lapland_rural_sparse_exact_500m_0m_0415 OK 
[2026-07-23 17:24:52,957] INFO: v2_osm_london_industrial_corridor_offset_n_1000m_200m_0416 OK 
[2026-07-23 17:24:52,958] INFO: v2_osm_manhattan_midtown_offset_e_1500m_500m_0417 OK 
[2026-07-23 17:24:52,958] INFO: v2_osm_mit_campus_reality_offset_s_2500m_1000m_0418 OK 
[2026-07-23 17:24:52,958] INFO: v2_osm_nuuksio_sparse_trails_offset_w_5000m_1500m_0419 OK 
[2026-07-23 17:24:52,958] INFO: v2_osm_rio_centro_buses_exact_500m_0m_0420 OK 
[2026-07-23 17:24:52,958] INFO: v2_osm_roma_centro_offset_n_1000m_500m_0421 OK 
[2026-07-23 17:24:52,959] INFO: v2_osm_sf_cabspotting_downtown_offset_e_1500m_1000m_0422 OK 
[2026-07-23 17:24:52,959] INFO: v2_osm_sf_mission_corridor_offset_s_2500m_1500m_0423 OK 
[2026-07-23 17:24:52,959] INFO: v2_osm_tampere_suburban_offset_w_5000m_200m_0424 OK 
[2026-07-23 17:24:52,959] INFO: v2_osm_cambridge_haggle_exact_500m_0m_0425 OK 
[2026-07-23 17:24:52,959] INFO: v2_osm_dieselnet_amherst_offset_n_1000m_1000m_0426 OK 
[2026-07-23 17:24:52,959] INFO: v2_osm_helsinki_archipelago_offset_e_1500m_1500m_0427 OK 
[2026-07-23 17:24:52,960] INFO: v2_osm_helsinki_disrupted_offset_s_2500m_200m_0428 OK 
[2026-07-23 17:24:52,960] INFO: v2_osm_helsinki_downtown_offset_w_5000m_500m_0429 OK 
[2026-07-23 17:24:52,960] INFO: v2_osm_kallio_community_exact_500m_0m_0430 OK 
[2026-07-23 17:24:52,960] INFO: v2_osm_kumpula_campus_offset_n_1000m_1500m_0431 OK 
[2026-07-23 17:24:52,960] INFO: v2_osm_lapland_rural_sparse_offset_e_1500m_200m_0432 OK 
[2026-07-23 17:24:52,960] INFO: v2_osm_london_industrial_corridor_offset_s_2500m_500m_0433 OK 
[2026-07-23 17:24:52,961] INFO: v2_osm_manhattan_midtown_offset_w_5000m_1000m_0434 OK 
[2026-07-23 17:24:52,961] INFO: v2_osm_mit_campus_reality_exact_500m_0m_0435 OK 
[2026-07-23 17:24:52,961] INFO: v2_osm_nuuksio_sparse_trails_offset_n_1000m_200m_0436 OK 
[2026-07-23 17:24:52,961] INFO: v2_osm_rio_centro_buses_offset_e_1500m_500m_0437 OK 
[2026-07-23 17:24:52,961] INFO: v2_osm_roma_centro_offset_s_2500m_1000m_0438 OK 
[2026-07-23 17:24:52,961] INFO: v2_osm_sf_cabspotting_downtown_offset_w_5000m_1500m_0439 OK 
[2026-07-23 17:24:52,962] INFO: v2_osm_sf_mission_corridor_exact_500m_0m_0440 OK 
[2026-07-23 17:24:52,972] INFO: v2_osm_tampere_suburban_offset_n_1000m_500m_0441 FAIL_BUILD_OSM too few segments (2 < 20)
[2026-07-23 17:24:52,973] INFO: v2_osm_cambridge_haggle_offset_e_1500m_1000m_0442 OK 
[2026-07-23 17:24:52,973] INFO: v2_osm_dieselnet_amherst_offset_s_2500m_1500m_0443 OK 
[2026-07-23 17:24:52,973] INFO: v2_osm_helsinki_archipelago_offset_w_5000m_200m_0444 OK 
[2026-07-23 17:24:52,973] INFO: v2_osm_helsinki_disrupted_exact_500m_0m_0445 OK 
[2026-07-23 17:24:52,973] INFO: v2_osm_helsinki_downtown_offset_n_1000m_1000m_0446 OK 
[2026-07-23 17:24:52,973] INFO: v2_osm_kallio_community_offset_e_1500m_1500m_0447 OK 
[2026-07-23 17:24:52,974] INFO: v2_osm_kumpula_campus_offset_s_2500m_200m_0448 OK 
[2026-07-23 17:24:52,974] INFO: v2_osm_lapland_rural_sparse_offset_w_5000m_500m_0449 OK 
[2026-07-23 17:24:52,974] INFO: v2_osm_london_industrial_corridor_exact_500m_0m_0450 OK 
[2026-07-23 17:24:52,974] INFO: v2_osm_manhattan_midtown_offset_n_1000m_1500m_0451 OK 
[2026-07-23 17:24:52,974] INFO: v2_osm_mit_campus_reality_offset_e_1500m_200m_0452 OK 
[2026-07-23 17:24:52,975] INFO: v2_osm_nuuksio_sparse_trails_offset_s_2500m_500m_0453 OK 
[2026-07-23 17:24:52,975] INFO: v2_osm_rio_centro_buses_offset_w_5000m_1000m_0454 OK 
[2026-07-23 17:24:52,975] INFO: v2_osm_roma_centro_exact_500m_0m_0455 OK 
[2026-07-23 17:24:52,975] INFO: v2_osm_sf_cabspotting_downtown_offset_n_1000m_200m_0456 OK 
[2026-07-23 17:24:52,975] INFO: v2_osm_sf_mission_corridor_offset_e_1500m_500m_0457 OK 
[2026-07-23 17:24:52,975] INFO: v2_osm_tampere_suburban_offset_s_2500m_1000m_0458 OK 
[2026-07-23 17:24:52,976] INFO: v2_osm_cambridge_haggle_offset_w_5000m_1500m_0459 OK 
[2026-07-23 17:24:52,976] INFO: v2_osm_dieselnet_amherst_exact_500m_0m_0460 OK 
[2026-07-23 17:24:52,976] INFO: v2_osm_helsinki_archipelago_offset_n_1000m_500m_0461 OK 
[2026-07-23 17:24:52,976] INFO: v2_osm_helsinki_disrupted_offset_e_1500m_1000m_0462 OK 
[2026-07-23 17:24:52,976] INFO: v2_osm_helsinki_downtown_offset_s_2500m_1500m_0463 OK 
[2026-07-23 17:24:52,976] INFO: v2_osm_kallio_community_offset_w_5000m_200m_0464 OK 
[2026-07-23 17:24:52,977] INFO: v2_osm_kumpula_campus_exact_500m_0m_0465 OK 
[2026-07-23 17:24:52,977] INFO: v2_osm_lapland_rural_sparse_offset_n_1000m_1000m_0466 OK 
[2026-07-23 17:24:52,977] INFO: v2_osm_london_industrial_corridor_offset_e_1500m_1500m_0467 OK 
[2026-07-23 17:24:52,977] INFO: v2_osm_manhattan_midtown_offset_s_2500m_200m_0468 OK 
[2026-07-23 17:24:52,977] INFO: v2_osm_mit_campus_reality_offset_w_5000m_500m_0469 OK 
[2026-07-23 17:24:52,987] INFO: v2_osm_nuuksio_sparse_trails_exact_500m_0m_0470 FAIL_BUILD_OSM too few segments (8 < 20)
[2026-07-23 17:24:52,987] INFO: v2_osm_rio_centro_buses_offset_n_1000m_1500m_0471 OK 
[2026-07-23 17:24:52,987] INFO: v2_osm_roma_centro_offset_e_1500m_200m_0472 OK 
[2026-07-23 17:24:52,988] INFO: v2_osm_sf_cabspotting_downtown_offset_s_2500m_500m_0473 OK 
[2026-07-23 17:24:52,988] INFO: v2_osm_sf_mission_corridor_offset_w_5000m_1000m_0474 OK 
[2026-07-23 17:24:52,990] INFO: v2_osm_tampere_suburban_exact_500m_0m_0475 FAIL_BUILD_OSM osm_process: Graph contains no edges.
[2026-07-23 17:24:52,990] INFO: v2_osm_cambridge_haggle_offset_n_1000m_200m_0476 OK 
[2026-07-23 17:24:52,991] INFO: v2_osm_dieselnet_amherst_offset_e_1500m_500m_0477 OK 
[2026-07-23 17:24:52,991] INFO: v2_osm_helsinki_archipelago_offset_s_2500m_1000m_0478 OK 
[2026-07-23 17:24:52,991] INFO: v2_osm_helsinki_disrupted_offset_w_5000m_1500m_0479 OK 
[2026-07-23 17:24:52,991] INFO: v2_osm_helsinki_downtown_exact_500m_0m_0480 OK 
[2026-07-23 17:24:52,991] INFO: v2_osm_kallio_community_offset_n_1000m_500m_0481 OK 
[2026-07-23 17:24:52,992] INFO: v2_osm_kumpula_campus_offset_e_1500m_1000m_0482 OK 
[2026-07-23 17:24:52,992] INFO: v2_osm_lapland_rural_sparse_offset_s_2500m_1500m_0483 OK 
[2026-07-23 17:24:52,992] INFO: v2_osm_london_industrial_corridor_offset_w_5000m_200m_0484 OK 
[2026-07-23 17:24:53,004] INFO: v2_osm_manhattan_midtown_exact_500m_0m_0485 FAIL_BUILD_OSM too few segments (14 < 20)
[2026-07-23 17:24:53,004] INFO: v2_osm_mit_campus_reality_offset_n_1000m_1000m_0486 OK 
[2026-07-23 17:24:53,005] INFO: v2_osm_nuuksio_sparse_trails_offset_e_1500m_1500m_0487 OK 
[2026-07-23 17:24:53,005] INFO: v2_osm_rio_centro_buses_offset_s_2500m_200m_0488 OK 
[2026-07-23 17:24:53,005] INFO: v2_osm_roma_centro_offset_w_5000m_500m_0489 OK 
[2026-07-23 17:24:53,005] INFO: v2_osm_sf_cabspotting_downtown_exact_500m_0m_0490 OK 
[2026-07-23 17:24:53,006] INFO: v2_osm_sf_mission_corridor_offset_n_1000m_1500m_0491 OK 
[2026-07-23 17:24:53,006] INFO: v2_osm_tampere_suburban_offset_e_1500m_200m_0492 OK 
[2026-07-23 17:24:53,006] INFO: v2_osm_cambridge_haggle_offset_s_2500m_500m_0493 OK 
[2026-07-23 17:24:53,006] INFO: v2_osm_dieselnet_amherst_offset_w_5000m_1000m_0494 OK 
[2026-07-23 17:24:53,006] INFO: v2_osm_helsinki_archipelago_exact_500m_0m_0495 OK 
[2026-07-23 17:24:53,007] INFO: v2_osm_helsinki_disrupted_offset_n_1000m_200m_0496 OK 
[2026-07-23 17:24:53,007] INFO: v2_osm_helsinki_downtown_offset_e_1500m_500m_0497 OK 
[2026-07-23 17:24:53,007] INFO: v2_osm_kallio_community_offset_s_2500m_1000m_0498 OK 
[2026-07-23 17:24:53,007] INFO: v2_osm_kumpula_campus_offset_w_5000m_1500m_0499 OK 
[2026-07-23 17:24:53,007] INFO: v2_osm_lapland_rural_sparse_exact_500m_0m_0500 OK 
[2026-07-23 17:24:53,008] INFO: v2_osm_london_industrial_corridor_offset_n_1000m_500m_0501 OK 
[2026-07-23 17:24:53,008] INFO: v2_osm_manhattan_midtown_offset_e_1500m_1000m_0502 OK 
[2026-07-23 17:24:53,008] INFO: v2_osm_mit_campus_reality_offset_s_2500m_1500m_0503 OK 
[2026-07-23 17:24:53,008] INFO: v2_osm_nuuksio_sparse_trails_offset_w_5000m_200m_0504 OK 
[2026-07-23 17:24:53,008] INFO: v2_osm_rio_centro_buses_exact_500m_0m_0505 OK 
[2026-07-23 17:24:53,009] INFO: v2_osm_roma_centro_offset_n_1000m_1000m_0506 OK 
[2026-07-23 17:24:53,009] INFO: v2_osm_sf_cabspotting_downtown_offset_e_1500m_1500m_0507 OK 
[2026-07-23 17:24:53,009] INFO: v2_osm_sf_mission_corridor_offset_s_2500m_200m_0508 OK 
[2026-07-23 17:24:53,009] INFO: v2_osm_tampere_suburban_offset_w_5000m_500m_0509 OK 
[2026-07-23 17:24:53,010] INFO: v2_osm_cambridge_haggle_exact_500m_0m_0510 OK 
[2026-07-23 17:24:53,010] INFO: v2_osm_dieselnet_amherst_offset_n_1000m_1500m_0511 OK 
[2026-07-23 17:24:53,010] INFO: v2_osm_helsinki_archipelago_offset_e_1500m_200m_0512 OK 
[2026-07-23 17:24:53,010] INFO: v2_osm_helsinki_disrupted_offset_s_2500m_500m_0513 OK 
[2026-07-23 17:24:53,010] INFO: v2_osm_helsinki_downtown_offset_w_5000m_1000m_0514 OK 
[2026-07-23 17:24:53,010] INFO: v2_osm_kallio_community_exact_500m_0m_0515 OK 
[2026-07-23 17:24:53,011] INFO: v2_osm_kumpula_campus_offset_n_1000m_200m_0516 OK 
[2026-07-23 17:24:53,012] INFO: v2_osm_lapland_rural_sparse_offset_e_1500m_500m_0517 OK 
[2026-07-23 17:24:53,012] INFO: v2_osm_london_industrial_corridor_offset_s_2500m_1000m_0518 OK 
[2026-07-23 17:24:53,012] INFO: v2_osm_manhattan_midtown_offset_w_5000m_1500m_0519 OK 
[2026-07-23 17:24:53,012] INFO: v2_osm_mit_campus_reality_exact_500m_0m_0520 OK 
[2026-07-23 17:24:53,025] INFO: v2_osm_nuuksio_sparse_trails_offset_n_1000m_500m_0521 FAIL_BUILD_OSM too few segments (14 < 20)
[2026-07-23 17:25:01,790] INFO: v2_osm_rio_centro_buses_offset_e_1500m_1000m_0522 OK 
[2026-07-23 17:25:12,219] INFO: v2_osm_roma_centro_offset_s_2500m_1500m_0523 OK 
[2026-07-23 17:25:27,941] INFO: v2_osm_sf_cabspotting_downtown_offset_w_5000m_200m_0524 OK 
[2026-07-23 17:25:36,260] INFO: v2_osm_sf_mission_corridor_exact_500m_0m_0525 OK 
[2026-07-23 17:25:44,467] INFO: v2_osm_tampere_suburban_offset_n_1000m_1000m_0526 FAIL_BUILD_OSM too few segments (2 < 20)
[2026-07-23 17:25:57,824] INFO: v2_osm_cambridge_haggle_offset_e_1500m_1500m_0527 OK 
[2026-07-23 17:26:07,184] INFO: v2_osm_dieselnet_amherst_offset_s_2500m_200m_0528 OK 
[2026-07-23 17:27:21,506] INFO: v2_osm_helsinki_archipelago_offset_w_5000m_500m_0529 OK 
[2026-07-23 17:27:30,872] INFO: v2_osm_helsinki_disrupted_exact_500m_0m_0530 OK 
[2026-07-23 17:27:39,350] INFO: v2_osm_helsinki_downtown_offset_n_1000m_1500m_0531 OK 
[2026-07-23 17:28:07,015] INFO: v2_osm_kallio_community_offset_e_1500m_200m_0532 OK 
[2026-07-23 17:28:37,389] INFO: v2_osm_kumpula_campus_offset_s_2500m_500m_0533 OK 
[2026-07-23 17:28:49,549] INFO: v2_osm_lapland_rural_sparse_offset_w_5000m_1000m_0534 OK 
[2026-07-23 17:28:57,962] INFO: v2_osm_london_industrial_corridor_exact_500m_0m_0535 OK 
[2026-07-23 17:29:06,677] INFO: v2_osm_manhattan_midtown_offset_n_1000m_200m_0536 OK 
[2026-07-23 17:29:20,126] INFO: v2_osm_mit_campus_reality_offset_e_1500m_500m_0537 OK 
[2026-07-23 17:29:29,140] INFO: v2_osm_nuuksio_sparse_trails_offset_s_2500m_1000m_0538 OK 
[2026-07-23 17:29:41,962] INFO: v2_osm_rio_centro_buses_offset_w_5000m_1500m_0539 OK 
[2026-07-23 17:29:50,266] INFO: v2_osm_roma_centro_exact_500m_0m_0540 OK 
[2026-07-23 17:29:58,728] INFO: v2_osm_sf_cabspotting_downtown_offset_n_1000m_500m_0541 OK 
[2026-07-23 17:30:08,175] INFO: v2_osm_sf_mission_corridor_offset_e_1500m_1000m_0542 OK 
[2026-07-23 17:30:17,085] INFO: v2_osm_tampere_suburban_offset_s_2500m_1500m_0543 OK 
[2026-07-23 17:30:53,194] INFO: v2_osm_cambridge_haggle_offset_w_5000m_200m_0544 OK 
[2026-07-23 17:31:01,437] INFO: v2_osm_dieselnet_amherst_exact_500m_0m_0545 OK 
[2026-07-23 17:31:20,001] INFO: v2_osm_helsinki_archipelago_offset_n_1000m_1000m_0546 OK 
[2026-07-23 17:31:20,001] INFO: v2_osm_helsinki_disrupted_offset_e_1500m_1500m_0547 FAIL_DOWNLOAD_SKIPPED max OSM downloads reached or disabled
[2026-07-23 17:31:20,002] INFO: v2_osm_helsinki_downtown_offset_s_2500m_200m_0548 FAIL_DOWNLOAD_SKIPPED max OSM downloads reached or disabled
[2026-07-23 17:31:20,002] INFO: v2_osm_kallio_community_offset_w_5000m_500m_0549 FAIL_DOWNLOAD_SKIPPED max OSM downloads reached or disabled
[2026-07-23 17:31:20,002] INFO: v2_osm_kumpula_campus_exact_500m_0m_0550 FAIL_DOWNLOAD_SKIPPED max OSM downloads reached or disabled
[2026-07-23 17:31:20,002] INFO: v2_osm_lapland_rural_sparse_offset_n_1000m_1500m_0551 FAIL_DOWNLOAD_SKIPPED max OSM downloads reached or disabled
[2026-07-23 17:31:20,002] INFO: v2_osm_london_industrial_corridor_offset_e_1500m_200m_0552 FAIL_DOWNLOAD_SKIPPED max OSM downloads reached or disabled
[2026-07-23 17:31:20,002] INFO: v2_osm_manhattan_midtown_offset_s_2500m_500m_0553 FAIL_DOWNLOAD_SKIPPED max OSM downloads reached or disabled
[2026-07-23 17:31:20,002] INFO: v2_osm_mit_campus_reality_offset_w_5000m_1000m_0554 FAIL_DOWNLOAD_SKIPPED max OSM downloads reached or disabled
[2026-07-23 17:31:20,002] INFO: v2_osm_nuuksio_sparse_trails_exact_500m_0m_0555 FAIL_DOWNLOAD_SKIPPED max OSM downloads reached or disabled
[2026-07-23 17:31:20,002] INFO: v2_osm_rio_centro_buses_offset_n_1000m_200m_0556 FAIL_DOWNLOAD_SKIPPED max OSM downloads reached or disabled
[2026-07-23 17:31:20,002] INFO: v2_osm_roma_centro_offset_e_1500m_500m_0557 FAIL_DOWNLOAD_SKIPPED max OSM downloads reached or disabled
[2026-07-23 17:31:20,002] INFO: v2_osm_sf_cabspotting_downtown_offset_s_2500m_1000m_0558 FAIL_DOWNLOAD_SKIPPED max OSM downloads reached or disabled
[2026-07-23 17:31:20,002] INFO: v2_osm_sf_mission_corridor_offset_w_5000m_1500m_0559 FAIL_DOWNLOAD_SKIPPED max OSM downloads reached or disabled
[2026-07-23 17:31:20,002] INFO: v2_osm_tampere_suburban_exact_500m_0m_0560 FAIL_DOWNLOAD_SKIPPED max OSM downloads reached or disabled
[2026-07-23 17:31:20,002] INFO: v2_osm_cambridge_haggle_offset_n_1000m_500m_0561 FAIL_DOWNLOAD_SKIPPED max OSM downloads reached or disabled
[2026-07-23 17:31:20,002] INFO: v2_osm_dieselnet_amherst_offset_e_1500m_1000m_0562 FAIL_DOWNLOAD_SKIPPED max OSM downloads reached or disabled
[2026-07-23 17:31:20,002] INFO: v2_osm_helsinki_archipelago_offset_s_2500m_1500m_0563 FAIL_DOWNLOAD_SKIPPED max OSM downloads reached or disabled
[2026-07-23 17:31:20,003] INFO: v2_osm_helsinki_disrupted_offset_w_5000m_200m_0564 FAIL_DOWNLOAD_SKIPPED max OSM downloads reached or disabled
[2026-07-23 17:31:20,003] INFO: v2_osm_helsinki_downtown_exact_500m_0m_0565 FAIL_DOWNLOAD_SKIPPED max OSM downloads reached or disabled
[2026-07-23 17:31:20,003] INFO: v2_osm_kallio_community_offset_n_1000m_1000m_0566 FAIL_DOWNLOAD_SKIPPED max OSM downloads reached or disabled
[2026-07-23 17:31:20,003] INFO: v2_osm_kumpula_campus_offset_e_1500m_1500m_0567 FAIL_DOWNLOAD_SKIPPED max OSM downloads reached or disabled
[2026-07-23 17:31:20,003] INFO: v2_osm_lapland_rural_sparse_offset_s_2500m_200m_0568 FAIL_DOWNLOAD_SKIPPED max OSM downloads reached or disabled
[2026-07-23 17:31:20,003] INFO: v2_osm_london_industrial_corridor_offset_w_5000m_500m_0569 FAIL_DOWNLOAD_SKIPPED max OSM downloads reached or disabled
[2026-07-23 17:31:20,003] INFO: v2_osm_manhattan_midtown_exact_500m_0m_0570 FAIL_DOWNLOAD_SKIPPED max OSM downloads reached or disabled
[2026-07-23 17:31:20,003] INFO: v2_osm_mit_campus_reality_offset_n_1000m_1500m_0571 FAIL_DOWNLOAD_SKIPPED max OSM downloads reached or disabled
[2026-07-23 17:31:20,003] INFO: v2_osm_nuuksio_sparse_trails_offset_e_1500m_200m_0572 FAIL_DOWNLOAD_SKIPPED max OSM downloads reached or disabled
[2026-07-23 17:31:20,003] INFO: v2_osm_rio_centro_buses_offset_s_2500m_500m_0573 FAIL_DOWNLOAD_SKIPPED max OSM downloads reached or disabled
[2026-07-23 17:31:20,003] INFO: v2_osm_roma_centro_offset_w_5000m_1000m_0574 FAIL_DOWNLOAD_SKIPPED max OSM downloads reached or disabled
[2026-07-23 17:31:20,003] INFO: v2_osm_sf_cabspotting_downtown_exact_500m_0m_0575 FAIL_DOWNLOAD_SKIPPED max OSM downloads reached or disabled
[2026-07-23 17:31:20,003] INFO: v2_osm_sf_mission_corridor_offset_n_1000m_200m_0576 FAIL_DOWNLOAD_SKIPPED max OSM downloads reached or disabled
[2026-07-23 17:31:20,003] INFO: v2_osm_tampere_suburban_offset_e_1500m_500m_0577 FAIL_DOWNLOAD_SKIPPED max OSM downloads reached or disabled
[2026-07-23 17:31:20,003] INFO: v2_osm_cambridge_haggle_offset_s_2500m_1000m_0578 FAIL_DOWNLOAD_SKIPPED max OSM downloads reached or disabled
[2026-07-23 17:31:20,003] INFO: v2_osm_dieselnet_amherst_offset_w_5000m_1500m_0579 FAIL_DOWNLOAD_SKIPPED max OSM downloads reached or disabled
[2026-07-23 17:31:20,004] INFO: v2_osm_helsinki_archipelago_exact_500m_0m_0580 FAIL_DOWNLOAD_SKIPPED max OSM downloads reached or disabled
[2026-07-23 17:31:20,004] INFO: v2_osm_helsinki_disrupted_offset_n_1000m_500m_0581 FAIL_DOWNLOAD_SKIPPED max OSM downloads reached or disabled
[2026-07-23 17:31:20,004] INFO: v2_osm_helsinki_downtown_offset_e_1500m_1000m_0582 FAIL_DOWNLOAD_SKIPPED max OSM downloads reached or disabled
[2026-07-23 17:31:20,004] INFO: v2_osm_kallio_community_offset_s_2500m_1500m_0583 FAIL_DOWNLOAD_SKIPPED max OSM downloads reached or disabled
[2026-07-23 17:31:20,004] INFO: v2_osm_kumpula_campus_offset_w_5000m_200m_0584 FAIL_DOWNLOAD_SKIPPED max OSM downloads reached or disabled
[2026-07-23 17:31:20,004] INFO: v2_osm_lapland_rural_sparse_exact_500m_0m_0585 FAIL_DOWNLOAD_SKIPPED max OSM downloads reached or disabled
[2026-07-23 17:31:20,004] INFO: v2_osm_london_industrial_corridor_offset_n_1000m_1000m_0586 FAIL_DOWNLOAD_SKIPPED max OSM downloads reached or disabled
[2026-07-23 17:31:20,004] INFO: v2_osm_manhattan_midtown_offset_e_1500m_1500m_0587 FAIL_DOWNLOAD_SKIPPED max OSM downloads reached or disabled
[2026-07-23 17:31:20,004] INFO: v2_osm_mit_campus_reality_offset_s_2500m_200m_0588 FAIL_DOWNLOAD_SKIPPED max OSM downloads reached or disabled
[2026-07-23 17:31:20,004] INFO: v2_osm_nuuksio_sparse_trails_offset_w_5000m_500m_0589 FAIL_DOWNLOAD_SKIPPED max OSM downloads reached or disabled
[2026-07-23 17:31:20,004] INFO: v2_osm_rio_centro_buses_exact_500m_0m_0590 FAIL_DOWNLOAD_SKIPPED max OSM downloads reached or disabled
[2026-07-23 17:31:20,004] INFO: v2_osm_roma_centro_offset_n_1000m_1500m_0591 FAIL_DOWNLOAD_SKIPPED max OSM downloads reached or disabled
[2026-07-23 17:31:20,004] INFO: v2_osm_sf_cabspotting_downtown_offset_e_1500m_200m_0592 FAIL_DOWNLOAD_SKIPPED max OSM downloads reached or disabled
[2026-07-23 17:31:20,004] INFO: v2_osm_sf_mission_corridor_offset_s_2500m_500m_0593 FAIL_DOWNLOAD_SKIPPED max OSM downloads reached or disabled
[2026-07-23 17:31:20,005] INFO: v2_osm_tampere_suburban_offset_w_5000m_1000m_0594 FAIL_DOWNLOAD_SKIPPED max OSM downloads reached or disabled
[2026-07-23 17:31:20,005] INFO: v2_osm_cambridge_haggle_exact_500m_0m_0595 FAIL_DOWNLOAD_SKIPPED max OSM downloads reached or disabled
[2026-07-23 17:31:20,005] INFO: v2_osm_dieselnet_amherst_offset_n_1000m_200m_0596 FAIL_DOWNLOAD_SKIPPED max OSM downloads reached or disabled
[2026-07-23 17:31:20,005] INFO: v2_osm_helsinki_archipelago_offset_e_1500m_500m_0597 FAIL_DOWNLOAD_SKIPPED max OSM downloads reached or disabled
[2026-07-23 17:31:20,005] INFO: v2_osm_helsinki_disrupted_offset_s_2500m_1000m_0598 FAIL_DOWNLOAD_SKIPPED max OSM downloads reached or disabled
[2026-07-23 17:31:20,005] INFO: v2_osm_helsinki_downtown_offset_w_5000m_1500m_0599 FAIL_DOWNLOAD_SKIPPED max OSM downloads reached or disabled
[2026-07-23 17:31:20,005] INFO: v2_osm_kallio_community_exact_500m_0m_0600 FAIL_DOWNLOAD_SKIPPED max OSM downloads reached or disabled
[2026-07-23 17:31:20,005] INFO: v2_osm_kumpula_campus_offset_n_1000m_500m_0601 FAIL_DOWNLOAD_SKIPPED max OSM downloads reached or disabled
[2026-07-23 17:31:20,005] INFO: v2_osm_lapland_rural_sparse_offset_e_1500m_1000m_0602 FAIL_DOWNLOAD_SKIPPED max OSM downloads reached or disabled
[2026-07-23 17:31:20,005] INFO: v2_osm_london_industrial_corridor_offset_s_2500m_1500m_0603 FAIL_DOWNLOAD_SKIPPED max OSM downloads reached or disabled
[2026-07-23 17:31:20,005] INFO: v2_osm_manhattan_midtown_offset_w_5000m_200m_0604 FAIL_DOWNLOAD_SKIPPED max OSM downloads reached or disabled
[2026-07-23 17:31:20,005] INFO: v2_osm_mit_campus_reality_exact_500m_0m_0605 FAIL_DOWNLOAD_SKIPPED max OSM downloads reached or disabled
[2026-07-23 17:31:20,005] INFO: v2_osm_nuuksio_sparse_trails_offset_n_1000m_1000m_0606 FAIL_DOWNLOAD_SKIPPED max OSM downloads reached or disabled
[2026-07-23 17:31:20,005] INFO: v2_osm_rio_centro_buses_offset_e_1500m_1500m_0607 FAIL_DOWNLOAD_SKIPPED max OSM downloads reached or disabled
[2026-07-23 17:31:20,006] INFO: v2_osm_roma_centro_offset_s_2500m_200m_0608 FAIL_DOWNLOAD_SKIPPED max OSM downloads reached or disabled
[2026-07-23 17:31:20,006] INFO: v2_osm_sf_cabspotting_downtown_offset_w_5000m_500m_0609 FAIL_DOWNLOAD_SKIPPED max OSM downloads reached or disabled
[2026-07-23 17:31:20,006] INFO: v2_osm_sf_mission_corridor_exact_500m_0m_0610 FAIL_DOWNLOAD_SKIPPED max OSM downloads reached or disabled
[2026-07-23 17:31:20,006] INFO: v2_osm_tampere_suburban_offset_n_1000m_1500m_0611 FAIL_DOWNLOAD_SKIPPED max OSM downloads reached or disabled
[2026-07-23 17:31:20,006] INFO: v2_osm_cambridge_haggle_offset_e_1500m_200m_0612 FAIL_DOWNLOAD_SKIPPED max OSM downloads reached or disabled
[2026-07-23 17:31:20,006] INFO: v2_osm_dieselnet_amherst_offset_s_2500m_500m_0613 FAIL_DOWNLOAD_SKIPPED max OSM downloads reached or disabled
[2026-07-23 17:31:20,006] INFO: v2_osm_helsinki_archipelago_offset_w_5000m_1000m_0614 FAIL_DOWNLOAD_SKIPPED max OSM downloads reached or disabled
[2026-07-23 17:31:20,006] INFO: v2_osm_helsinki_disrupted_exact_500m_0m_0615 FAIL_DOWNLOAD_SKIPPED max OSM downloads reached or disabled
[2026-07-23 17:31:20,006] INFO: v2_osm_helsinki_downtown_offset_n_1000m_200m_0616 FAIL_DOWNLOAD_SKIPPED max OSM downloads reached or disabled
[2026-07-23 17:31:20,006] INFO: v2_osm_kallio_community_offset_e_1500m_500m_0617 FAIL_DOWNLOAD_SKIPPED max OSM downloads reached or disabled
[2026-07-23 17:31:20,006] INFO: v2_osm_kumpula_campus_offset_s_2500m_1000m_0618 FAIL_DOWNLOAD_SKIPPED max OSM downloads reached or disabled
[2026-07-23 17:31:20,006] INFO: v2_osm_lapland_rural_sparse_offset_w_5000m_1500m_0619 FAIL_DOWNLOAD_SKIPPED max OSM downloads reached or disabled
[2026-07-23 17:31:20,006] INFO: v2_osm_london_industrial_corridor_exact_500m_0m_0620 FAIL_DOWNLOAD_SKIPPED max OSM downloads reached or disabled
[2026-07-23 17:31:20,007] INFO: v2_osm_manhattan_midtown_offset_n_1000m_500m_0621 FAIL_DOWNLOAD_SKIPPED max OSM downloads reached or disabled
[2026-07-23 17:31:20,007] INFO: v2_osm_mit_campus_reality_offset_e_1500m_1000m_0622 FAIL_DOWNLOAD_SKIPPED max OSM downloads reached or disabled
[2026-07-23 17:31:20,007] INFO: v2_osm_nuuksio_sparse_trails_offset_s_2500m_1500m_0623 FAIL_DOWNLOAD_SKIPPED max OSM downloads reached or disabled
[2026-07-23 17:31:20,007] INFO: v2_osm_rio_centro_buses_offset_w_5000m_200m_0624 FAIL_DOWNLOAD_SKIPPED max OSM downloads reached or disabled
[2026-07-23 17:31:20,007] INFO: v2_osm_roma_centro_exact_500m_0m_0625 FAIL_DOWNLOAD_SKIPPED max OSM downloads reached or disabled
[2026-07-23 17:31:20,007] INFO: v2_osm_sf_cabspotting_downtown_offset_n_1000m_1000m_0626 FAIL_DOWNLOAD_SKIPPED max OSM downloads reached or disabled
[2026-07-23 17:31:20,007] INFO: v2_osm_sf_mission_corridor_offset_e_1500m_1500m_0627 FAIL_DOWNLOAD_SKIPPED max OSM downloads reached or disabled
[2026-07-23 17:31:20,007] INFO: v2_osm_tampere_suburban_offset_s_2500m_200m_0628 FAIL_DOWNLOAD_SKIPPED max OSM downloads reached or disabled
[2026-07-23 17:31:20,007] INFO: v2_osm_cambridge_haggle_offset_w_5000m_500m_0629 FAIL_DOWNLOAD_SKIPPED max OSM downloads reached or disabled
[2026-07-23 17:31:20,007] INFO: v2_osm_dieselnet_amherst_exact_500m_0m_0630 FAIL_DOWNLOAD_SKIPPED max OSM downloads reached or disabled
[2026-07-23 17:31:20,008] INFO: v2_osm_helsinki_archipelago_offset_n_1000m_1500m_0631 FAIL_DOWNLOAD_SKIPPED max OSM downloads reached or disabled
[2026-07-23 17:31:20,008] INFO: v2_osm_helsinki_disrupted_offset_e_1500m_200m_0632 FAIL_DOWNLOAD_SKIPPED max OSM downloads reached or disabled
[2026-07-23 17:31:20,008] INFO: v2_osm_helsinki_downtown_offset_s_2500m_500m_0633 FAIL_DOWNLOAD_SKIPPED max OSM downloads reached or disabled
[2026-07-23 17:31:20,008] INFO: v2_osm_kallio_community_offset_w_5000m_1000m_0634 FAIL_DOWNLOAD_SKIPPED max OSM downloads reached or disabled
[2026-07-23 17:31:20,008] INFO: v2_osm_kumpula_campus_exact_500m_0m_0635 FAIL_DOWNLOAD_SKIPPED max OSM downloads reached or disabled
[2026-07-23 17:31:20,008] INFO: v2_osm_lapland_rural_sparse_offset_n_1000m_200m_0636 FAIL_DOWNLOAD_SKIPPED max OSM downloads reached or disabled
[2026-07-23 17:31:20,008] INFO: v2_osm_london_industrial_corridor_offset_e_1500m_500m_0637 FAIL_DOWNLOAD_SKIPPED max OSM downloads reached or disabled
[2026-07-23 17:31:20,008] INFO: v2_osm_manhattan_midtown_offset_s_2500m_1000m_0638 FAIL_DOWNLOAD_SKIPPED max OSM downloads reached or disabled
[2026-07-23 17:31:20,008] INFO: v2_osm_mit_campus_reality_offset_w_5000m_1500m_0639 FAIL_DOWNLOAD_SKIPPED max OSM downloads reached or disabled
[2026-07-23 17:31:20,008] INFO: v2_osm_nuuksio_sparse_trails_exact_500m_0m_0640 FAIL_DOWNLOAD_SKIPPED max OSM downloads reached or disabled
[2026-07-23 17:31:20,008] INFO: v2_osm_rio_centro_buses_offset_n_1000m_500m_0641 FAIL_DOWNLOAD_SKIPPED max OSM downloads reached or disabled
[2026-07-23 17:31:20,008] INFO: v2_osm_roma_centro_offset_e_1500m_1000m_0642 FAIL_DOWNLOAD_SKIPPED max OSM downloads reached or disabled
[2026-07-23 17:31:20,008] INFO: v2_osm_sf_cabspotting_downtown_offset_s_2500m_1500m_0643 FAIL_DOWNLOAD_SKIPPED max OSM downloads reached or disabled
[2026-07-23 17:31:20,009] INFO: v2_osm_sf_mission_corridor_offset_w_5000m_200m_0644 FAIL_DOWNLOAD_SKIPPED max OSM downloads reached or disabled
[2026-07-23 17:31:20,009] INFO: v2_osm_tampere_suburban_exact_500m_0m_0645 FAIL_DOWNLOAD_SKIPPED max OSM downloads reached or disabled
[2026-07-23 17:31:20,009] INFO: v2_osm_cambridge_haggle_offset_n_1000m_1000m_0646 FAIL_DOWNLOAD_SKIPPED max OSM downloads reached or disabled
[2026-07-23 17:31:20,009] INFO: v2_osm_dieselnet_amherst_offset_e_1500m_1500m_0647 FAIL_DOWNLOAD_SKIPPED max OSM downloads reached or disabled
[2026-07-23 17:31:20,009] INFO: v2_osm_helsinki_archipelago_offset_s_2500m_200m_0648 FAIL_DOWNLOAD_SKIPPED max OSM downloads reached or disabled
[2026-07-23 17:31:20,009] INFO: v2_osm_helsinki_disrupted_offset_w_5000m_500m_0649 FAIL_DOWNLOAD_SKIPPED max OSM downloads reached or disabled
[2026-07-23 17:31:20,009] INFO: v2_osm_helsinki_downtown_exact_500m_0m_0650 FAIL_DOWNLOAD_SKIPPED max OSM downloads reached or disabled
[2026-07-23 17:31:20,009] INFO: v2_osm_kallio_community_offset_n_1000m_1500m_0651 FAIL_DOWNLOAD_SKIPPED max OSM downloads reached or disabled
[2026-07-23 17:31:20,009] INFO: v2_osm_kumpula_campus_offset_e_1500m_200m_0652 FAIL_DOWNLOAD_SKIPPED max OSM downloads reached or disabled
[2026-07-23 17:31:20,009] INFO: v2_osm_lapland_rural_sparse_offset_s_2500m_500m_0653 FAIL_DOWNLOAD_SKIPPED max OSM downloads reached or disabled
[2026-07-23 17:31:20,010] INFO: v2_osm_london_industrial_corridor_offset_w_5000m_1000m_0654 FAIL_DOWNLOAD_SKIPPED max OSM downloads reached or disabled
[2026-07-23 17:31:20,010] INFO: v2_osm_manhattan_midtown_exact_500m_0m_0655 FAIL_DOWNLOAD_SKIPPED max OSM downloads reached or disabled
[2026-07-23 17:31:20,010] INFO: v2_osm_mit_campus_reality_offset_n_1000m_200m_0656 FAIL_DOWNLOAD_SKIPPED max OSM downloads reached or disabled
[2026-07-23 17:31:20,010] INFO: v2_osm_nuuksio_sparse_trails_offset_e_1500m_500m_0657 FAIL_DOWNLOAD_SKIPPED max OSM downloads reached or disabled
[2026-07-23 17:31:20,010] INFO: v2_osm_rio_centro_buses_offset_s_2500m_1000m_0658 FAIL_DOWNLOAD_SKIPPED max OSM downloads reached or disabled
[2026-07-23 17:31:20,010] INFO: v2_osm_roma_centro_offset_w_5000m_1500m_0659 FAIL_DOWNLOAD_SKIPPED max OSM downloads reached or disabled
[2026-07-23 17:31:20,010] INFO: v2_osm_sf_cabspotting_downtown_exact_500m_0m_0660 FAIL_DOWNLOAD_SKIPPED max OSM downloads reached or disabled
[2026-07-23 17:31:20,010] INFO: v2_osm_sf_mission_corridor_offset_n_1000m_500m_0661 FAIL_DOWNLOAD_SKIPPED max OSM downloads reached or disabled
[2026-07-23 17:31:20,010] INFO: v2_osm_tampere_suburban_offset_e_1500m_1000m_0662 FAIL_DOWNLOAD_SKIPPED max OSM downloads reached or disabled
[2026-07-23 17:31:20,010] INFO: v2_osm_cambridge_haggle_offset_s_2500m_1500m_0663 FAIL_DOWNLOAD_SKIPPED max OSM downloads reached or disabled
[2026-07-23 17:31:20,010] INFO: v2_osm_dieselnet_amherst_offset_w_5000m_200m_0664 FAIL_DOWNLOAD_SKIPPED max OSM downloads reached or disabled
[2026-07-23 17:31:20,010] INFO: v2_osm_helsinki_archipelago_exact_500m_0m_0665 FAIL_DOWNLOAD_SKIPPED max OSM downloads reached or disabled
[2026-07-23 17:31:20,011] INFO: v2_osm_helsinki_disrupted_offset_n_1000m_1000m_0666 FAIL_DOWNLOAD_SKIPPED max OSM downloads reached or disabled
[2026-07-23 17:31:20,011] INFO: v2_osm_helsinki_downtown_offset_e_1500m_1500m_0667 FAIL_DOWNLOAD_SKIPPED max OSM downloads reached or disabled
[2026-07-23 17:31:20,011] INFO: v2_osm_kallio_community_offset_s_2500m_200m_0668 FAIL_DOWNLOAD_SKIPPED max OSM downloads reached or disabled
[2026-07-23 17:31:20,011] INFO: v2_osm_kumpula_campus_offset_w_5000m_500m_0669 FAIL_DOWNLOAD_SKIPPED max OSM downloads reached or disabled
[2026-07-23 17:31:20,011] INFO: v2_osm_lapland_rural_sparse_exact_500m_0m_0670 FAIL_DOWNLOAD_SKIPPED max OSM downloads reached or disabled
[2026-07-23 17:31:20,011] INFO: v2_osm_london_industrial_corridor_offset_n_1000m_1500m_0671 FAIL_DOWNLOAD_SKIPPED max OSM downloads reached or disabled
[2026-07-23 17:31:20,011] INFO: v2_osm_manhattan_midtown_offset_e_1500m_200m_0672 FAIL_DOWNLOAD_SKIPPED max OSM downloads reached or disabled
[2026-07-23 17:31:20,011] INFO: v2_osm_mit_campus_reality_offset_s_2500m_500m_0673 FAIL_DOWNLOAD_SKIPPED max OSM downloads reached or disabled
[2026-07-23 17:31:20,011] INFO: v2_osm_nuuksio_sparse_trails_offset_w_5000m_1000m_0674 FAIL_DOWNLOAD_SKIPPED max OSM downloads reached or disabled
[2026-07-23 17:31:20,011] INFO: v2_osm_rio_centro_buses_exact_500m_0m_0675 FAIL_DOWNLOAD_SKIPPED max OSM downloads reached or disabled
[2026-07-23 17:31:20,011] INFO: v2_osm_roma_centro_offset_n_1000m_200m_0676 FAIL_DOWNLOAD_SKIPPED max OSM downloads reached or disabled
[2026-07-23 17:31:20,011] INFO: v2_osm_sf_cabspotting_downtown_offset_e_1500m_500m_0677 FAIL_DOWNLOAD_SKIPPED max OSM downloads reached or disabled
[2026-07-23 17:31:20,011] INFO: v2_osm_sf_mission_corridor_offset_s_2500m_1000m_0678 FAIL_DOWNLOAD_SKIPPED max OSM downloads reached or disabled
[2026-07-23 17:31:20,012] INFO: v2_osm_tampere_suburban_offset_w_5000m_1500m_0679 FAIL_DOWNLOAD_SKIPPED max OSM downloads reached or disabled
[2026-07-23 17:31:20,012] INFO: v2_osm_cambridge_haggle_exact_500m_0m_0680 FAIL_DOWNLOAD_SKIPPED max OSM downloads reached or disabled
[2026-07-23 17:31:20,012] INFO: v2_osm_dieselnet_amherst_offset_n_1000m_500m_0681 FAIL_DOWNLOAD_SKIPPED max OSM downloads reached or disabled
[2026-07-23 17:31:20,012] INFO: v2_osm_helsinki_archipelago_offset_e_1500m_1000m_0682 FAIL_DOWNLOAD_SKIPPED max OSM downloads reached or disabled
[2026-07-23 17:31:20,012] INFO: v2_osm_helsinki_disrupted_offset_s_2500m_1500m_0683 FAIL_DOWNLOAD_SKIPPED max OSM downloads reached or disabled
[2026-07-23 17:31:20,012] INFO: v2_osm_helsinki_downtown_offset_w_5000m_200m_0684 FAIL_DOWNLOAD_SKIPPED max OSM downloads reached or disabled
[2026-07-23 17:31:20,012] INFO: v2_osm_kallio_community_exact_500m_0m_0685 FAIL_DOWNLOAD_SKIPPED max OSM downloads reached or disabled
[2026-07-23 17:31:20,012] INFO: v2_osm_kumpula_campus_offset_n_1000m_1000m_0686 FAIL_DOWNLOAD_SKIPPED max OSM downloads reached or disabled
[2026-07-23 17:31:20,012] INFO: v2_osm_lapland_rural_sparse_offset_e_1500m_1500m_0687 FAIL_DOWNLOAD_SKIPPED max OSM downloads reached or disabled
[2026-07-23 17:31:20,012] INFO: v2_osm_london_industrial_corridor_offset_s_2500m_200m_0688 FAIL_DOWNLOAD_SKIPPED max OSM downloads reached or disabled
[2026-07-23 17:31:20,012] INFO: v2_osm_manhattan_midtown_offset_w_5000m_500m_0689 FAIL_DOWNLOAD_SKIPPED max OSM downloads reached or disabled
[2026-07-23 17:31:20,012] INFO: v2_osm_mit_campus_reality_exact_500m_0m_0690 FAIL_DOWNLOAD_SKIPPED max OSM downloads reached or disabled
[2026-07-23 17:31:20,012] INFO: v2_osm_nuuksio_sparse_trails_offset_n_1000m_1500m_0691 FAIL_DOWNLOAD_SKIPPED max OSM downloads reached or disabled
[2026-07-23 17:31:20,012] INFO: v2_osm_rio_centro_buses_offset_e_1500m_200m_0692 FAIL_DOWNLOAD_SKIPPED max OSM downloads reached or disabled
[2026-07-23 17:31:20,013] INFO: v2_osm_roma_centro_offset_s_2500m_500m_0693 FAIL_DOWNLOAD_SKIPPED max OSM downloads reached or disabled
[2026-07-23 17:31:20,013] INFO: v2_osm_sf_cabspotting_downtown_offset_w_5000m_1000m_0694 FAIL_DOWNLOAD_SKIPPED max OSM downloads reached or disabled
[2026-07-23 17:31:20,013] INFO: v2_osm_sf_mission_corridor_exact_500m_0m_0695 FAIL_DOWNLOAD_SKIPPED max OSM downloads reached or disabled
[2026-07-23 17:31:20,013] INFO: v2_osm_tampere_suburban_offset_n_1000m_200m_0696 FAIL_DOWNLOAD_SKIPPED max OSM downloads reached or disabled
[2026-07-23 17:31:20,013] INFO: v2_osm_cambridge_haggle_offset_e_1500m_500m_0697 FAIL_DOWNLOAD_SKIPPED max OSM downloads reached or disabled
[2026-07-23 17:31:20,013] INFO: v2_osm_dieselnet_amherst_offset_s_2500m_1000m_0698 FAIL_DOWNLOAD_SKIPPED max OSM downloads reached or disabled
[2026-07-23 17:31:20,013] INFO: v2_osm_helsinki_archipelago_offset_w_5000m_1500m_0699 FAIL_DOWNLOAD_SKIPPED max OSM downloads reached or disabled
[2026-07-23 17:31:20,013] INFO: v2_osm_helsinki_disrupted_exact_500m_0m_0700 FAIL_DOWNLOAD_SKIPPED max OSM downloads reached or disabled
[2026-07-23 17:31:20,013] INFO: v2_osm_helsinki_downtown_offset_n_1000m_500m_0701 FAIL_DOWNLOAD_SKIPPED max OSM downloads reached or disabled
[2026-07-23 17:31:20,031] INFO: Generation complete: 531/719 OK
--- Round 2 --- skip=155 osm_ok=531 osm_total=719
>> generate osm max-downloads=25 target=1600
[2026-07-23 17:31:33,573] INFO: v2_osm_cambridge_haggle_exact_500m_0m_seed OK 
[2026-07-23 17:31:33,573] INFO: v2_osm_dieselnet_amherst_exact_500m_0m_seed OK 
[2026-07-23 17:31:33,574] INFO: v2_osm_helsinki_archipelago_exact_500m_0m_seed OK 
[2026-07-23 17:31:33,574] INFO: v2_osm_helsinki_disrupted_exact_500m_0m_seed OK 
[2026-07-23 17:31:33,574] INFO: v2_osm_helsinki_downtown_exact_500m_0m_seed OK 
[2026-07-23 17:31:33,574] INFO: v2_osm_kallio_community_exact_500m_0m_seed OK 
[2026-07-23 17:31:33,574] INFO: v2_osm_kumpula_campus_exact_500m_0m_seed OK 
[2026-07-23 17:31:33,575] INFO: v2_osm_lapland_rural_sparse_exact_500m_0m_seed OK 
[2026-07-23 17:31:33,575] INFO: v2_osm_london_industrial_corridor_exact_500m_0m_seed OK 
[2026-07-23 17:31:34,352] INFO: v2_osm_manhattan_midtown_exact_500m_0m_seed FAIL_BUILD_OSM too few segments (14 < 20)
[2026-07-23 17:31:34,353] INFO: v2_osm_mit_campus_reality_exact_500m_0m_seed OK 
[2026-07-23 17:31:34,402] INFO: v2_osm_nuuksio_sparse_trails_exact_500m_0m_seed FAIL_BUILD_OSM too few segments (8 < 20)
[2026-07-23 17:31:34,402] INFO: v2_osm_rio_centro_buses_exact_500m_0m_seed OK 
[2026-07-23 17:31:34,403] INFO: v2_osm_roma_centro_exact_500m_0m_seed OK 
[2026-07-23 17:31:34,403] INFO: v2_osm_sf_cabspotting_downtown_exact_500m_0m_seed OK 
[2026-07-23 17:31:34,403] INFO: v2_osm_sf_mission_corridor_exact_500m_0m_seed OK 
[2026-07-23 17:31:34,405] INFO: v2_osm_tampere_suburban_exact_500m_0m_seed FAIL_BUILD_OSM osm_process: Graph contains no edges.
[2026-07-23 17:31:34,405] INFO: v2_osm_cambridge_haggle_exact_500m_0m_0000 OK 
[2026-07-23 17:31:34,405] INFO: v2_osm_dieselnet_amherst_offset_n_1000m_500m_0001 OK 
[2026-07-23 17:31:34,406] INFO: v2_osm_helsinki_archipelago_offset_e_1500m_1000m_0002 OK 
[2026-07-23 17:31:34,406] INFO: v2_osm_helsinki_disrupted_offset_s_2500m_1500m_0003 OK 
[2026-07-23 17:31:34,406] INFO: v2_osm_helsinki_downtown_offset_w_5000m_200m_0004 OK 
[2026-07-23 17:31:34,406] INFO: v2_osm_kallio_community_exact_500m_0m_0005 OK 
[2026-07-23 17:31:34,406] INFO: v2_osm_kumpula_campus_offset_n_1000m_1000m_0006 OK 
[2026-07-23 17:31:34,407] INFO: v2_osm_lapland_rural_sparse_offset_e_1500m_1500m_0007 OK 
[2026-07-23 17:31:34,407] INFO: v2_osm_london_industrial_corridor_offset_s_2500m_200m_0008 OK 
[2026-07-23 17:31:34,407] INFO: v2_osm_manhattan_midtown_offset_w_5000m_500m_0009 OK 
[2026-07-23 17:31:34,407] INFO: v2_osm_mit_campus_reality_exact_500m_0m_0010 OK 
[2026-07-23 17:31:34,409] INFO: v2_osm_nuuksio_sparse_trails_offset_n_1000m_1500m_0011 FAIL_BUILD_OSM osm_process: Graph contains no edges.
[2026-07-23 17:31:34,409] INFO: v2_osm_rio_centro_buses_offset_e_1500m_200m_0012 OK 
[2026-07-23 17:31:34,409] INFO: v2_osm_roma_centro_offset_s_2500m_500m_0013 OK 
[2026-07-23 17:31:34,410] INFO: v2_osm_sf_cabspotting_downtown_offset_w_5000m_1000m_0014 OK 
[2026-07-23 17:31:34,410] INFO: v2_osm_sf_mission_corridor_exact_500m_0m_0015 OK 
[2026-07-23 17:31:34,419] INFO: v2_osm_tampere_suburban_offset_n_1000m_200m_0016 FAIL_BUILD_OSM too few segments (10 < 20)
[2026-07-23 17:31:34,419] INFO: v2_osm_cambridge_haggle_offset_e_1500m_500m_0017 OK 
[2026-07-23 17:31:34,419] INFO: v2_osm_dieselnet_amherst_offset_s_2500m_1000m_0018 OK 
[2026-07-23 17:31:34,420] INFO: v2_osm_helsinki_archipelago_offset_w_5000m_1500m_0019 OK 
[2026-07-23 17:31:34,420] INFO: v2_osm_helsinki_disrupted_exact_500m_0m_0020 OK 
[2026-07-23 17:31:34,420] INFO: v2_osm_helsinki_downtown_offset_n_1000m_500m_0021 OK 
[2026-07-23 17:31:34,420] INFO: v2_osm_kallio_community_offset_e_1500m_1000m_0022 OK 
[2026-07-23 17:31:34,420] INFO: v2_osm_kumpula_campus_offset_s_2500m_1500m_0023 OK 
[2026-07-23 17:31:34,421] INFO: v2_osm_lapland_rural_sparse_offset_w_5000m_200m_0024 OK 
[2026-07-23 17:31:34,421] INFO: v2_osm_london_industrial_corridor_exact_500m_0m_0025 OK 
[2026-07-23 17:31:34,421] INFO: v2_osm_manhattan_midtown_offset_n_1000m_1000m_0026 OK 
[2026-07-23 17:31:34,421] INFO: v2_osm_mit_campus_reality_offset_e_1500m_1500m_0027 OK 
[2026-07-23 17:31:34,421] INFO: v2_osm_nuuksio_sparse_trails_offset_s_2500m_200m_0028 OK 
[2026-07-23 17:31:34,422] INFO: v2_osm_rio_centro_buses_offset_w_5000m_500m_0029 OK 
[2026-07-23 17:31:34,422] INFO: v2_osm_roma_centro_exact_500m_0m_0030 OK 
[2026-07-23 17:31:34,422] INFO: v2_osm_sf_cabspotting_downtown_offset_n_1000m_1500m_0031 OK 
[2026-07-23 17:31:34,422] INFO: v2_osm_sf_mission_corridor_offset_e_1500m_200m_0032 OK 
[2026-07-23 17:31:34,422] INFO: v2_osm_tampere_suburban_offset_s_2500m_500m_0033 OK 
[2026-07-23 17:31:34,423] INFO: v2_osm_cambridge_haggle_offset_w_5000m_1000m_0034 OK 
[2026-07-23 17:31:34,423] INFO: v2_osm_dieselnet_amherst_exact_500m_0m_0035 OK 
[2026-07-23 17:31:34,423] INFO: v2_osm_helsinki_archipelago_offset_n_1000m_200m_0036 OK 
[2026-07-23 17:31:34,423] INFO: v2_osm_helsinki_disrupted_offset_e_1500m_500m_0037 OK 
[2026-07-23 17:31:34,423] INFO: v2_osm_helsinki_downtown_offset_s_2500m_1000m_0038 OK 
[2026-07-23 17:31:34,424] INFO: v2_osm_kallio_community_offset_w_5000m_1500m_0039 OK 
[2026-07-23 17:31:34,424] INFO: v2_osm_kumpula_campus_exact_500m_0m_0040 OK 
[2026-07-23 17:31:34,424] INFO: v2_osm_lapland_rural_sparse_offset_n_1000m_500m_0041 OK 
[2026-07-23 17:31:34,424] INFO: v2_osm_london_industrial_corridor_offset_e_1500m_1000m_0042 OK 
[2026-07-23 17:31:34,424] INFO: v2_osm_manhattan_midtown_offset_s_2500m_1500m_0043 OK 
[2026-07-23 17:31:34,425] INFO: v2_osm_mit_campus_reality_offset_w_5000m_200m_0044 OK 
[2026-07-23 17:31:34,434] INFO: v2_osm_nuuksio_sparse_trails_exact_500m_0m_0045 FAIL_BUILD_OSM too few segments (8 < 20)
[2026-07-23 17:31:34,434] INFO: v2_osm_rio_centro_buses_offset_n_1000m_1000m_0046 OK 
[2026-07-23 17:31:34,434] INFO: v2_osm_roma_centro_offset_e_1500m_1500m_0047 OK 
[2026-07-23 17:31:34,434] INFO: v2_osm_sf_cabspotting_downtown_offset_s_2500m_200m_0048 OK 
[2026-07-23 17:31:34,435] INFO: v2_osm_sf_mission_corridor_offset_w_5000m_500m_0049 OK 
[2026-07-23 17:31:34,436] INFO: v2_osm_tampere_suburban_exact_500m_0m_0050 FAIL_BUILD_OSM osm_process: Graph contains no edges.
[2026-07-23 17:31:34,437] INFO: v2_osm_cambridge_haggle_offset_n_1000m_1500m_0051 OK 
[2026-07-23 17:31:34,437] INFO: v2_osm_dieselnet_amherst_offset_e_1500m_200m_0052 OK 
[2026-07-23 17:31:34,437] INFO: v2_osm_helsinki_archipelago_offset_s_2500m_500m_0053 OK 
[2026-07-23 17:31:34,437] INFO: v2_osm_helsinki_disrupted_offset_w_5000m_1000m_0054 OK 
[2026-07-23 17:31:34,437] INFO: v2_osm_helsinki_downtown_exact_500m_0m_0055 OK 
[2026-07-23 17:31:34,438] INFO: v2_osm_kallio_community_offset_n_1000m_200m_0056 OK 
[2026-07-23 17:31:34,438] INFO: v2_osm_kumpula_campus_offset_e_1500m_500m_0057 OK 
[2026-07-23 17:31:34,439] INFO: v2_osm_lapland_rural_sparse_offset_s_2500m_1000m_0058 OK 
[2026-07-23 17:31:34,439] INFO: v2_osm_london_industrial_corridor_offset_w_5000m_1500m_0059 OK 
[2026-07-23 17:31:34,449] INFO: v2_osm_manhattan_midtown_exact_500m_0m_0060 FAIL_BUILD_OSM too few segments (14 < 20)
[2026-07-23 17:31:34,449] INFO: v2_osm_mit_campus_reality_offset_n_1000m_500m_0061 OK 
[2026-07-23 17:31:34,449] INFO: v2_osm_nuuksio_sparse_trails_offset_e_1500m_1000m_0062 OK 
[2026-07-23 17:31:34,449] INFO: v2_osm_rio_centro_buses_offset_s_2500m_1500m_0063 OK 
[2026-07-23 17:31:34,450] INFO: v2_osm_roma_centro_offset_w_5000m_200m_0064 OK 
[2026-07-23 17:31:34,450] INFO: v2_osm_sf_cabspotting_downtown_exact_500m_0m_0065 OK 
[2026-07-23 17:31:34,450] INFO: v2_osm_sf_mission_corridor_offset_n_1000m_1000m_0066 OK 
[2026-07-23 17:31:34,450] INFO: v2_osm_tampere_suburban_offset_e_1500m_1500m_0067 OK 
[2026-07-23 17:31:34,451] INFO: v2_osm_cambridge_haggle_offset_s_2500m_200m_0068 OK 
[2026-07-23 17:31:34,451] INFO: v2_osm_dieselnet_amherst_offset_w_5000m_500m_0069 OK 
[2026-07-23 17:31:34,451] INFO: v2_osm_helsinki_archipelago_exact_500m_0m_0070 OK 
[2026-07-23 17:31:34,451] INFO: v2_osm_helsinki_disrupted_offset_n_1000m_1500m_0071 OK 
[2026-07-23 17:31:34,452] INFO: v2_osm_helsinki_downtown_offset_e_1500m_200m_0072 OK 
[2026-07-23 17:31:34,452] INFO: v2_osm_kallio_community_offset_s_2500m_500m_0073 OK 
[2026-07-23 17:31:34,452] INFO: v2_osm_kumpula_campus_offset_w_5000m_1000m_0074 OK 
[2026-07-23 17:31:34,452] INFO: v2_osm_lapland_rural_sparse_exact_500m_0m_0075 OK 
[2026-07-23 17:31:34,452] INFO: v2_osm_london_industrial_corridor_offset_n_1000m_200m_0076 OK 
[2026-07-23 17:31:34,452] INFO: v2_osm_manhattan_midtown_offset_e_1500m_500m_0077 OK 
[2026-07-23 17:31:34,453] INFO: v2_osm_mit_campus_reality_offset_s_2500m_1000m_0078 OK 
[2026-07-23 17:31:34,453] INFO: v2_osm_nuuksio_sparse_trails_offset_w_5000m_1500m_0079 OK 
[2026-07-23 17:31:34,453] INFO: v2_osm_rio_centro_buses_exact_500m_0m_0080 OK 
[2026-07-23 17:31:34,453] INFO: v2_osm_roma_centro_offset_n_1000m_500m_0081 OK 
[2026-07-23 17:31:34,453] INFO: v2_osm_sf_cabspotting_downtown_offset_e_1500m_1000m_0082 OK 
[2026-07-23 17:31:34,454] INFO: v2_osm_sf_mission_corridor_offset_s_2500m_1500m_0083 OK 
[2026-07-23 17:31:34,454] INFO: v2_osm_tampere_suburban_offset_w_5000m_200m_0084 OK 
[2026-07-23 17:31:34,454] INFO: v2_osm_cambridge_haggle_exact_500m_0m_0085 OK 
[2026-07-23 17:31:34,454] INFO: v2_osm_dieselnet_amherst_offset_n_1000m_1000m_0086 OK 
[2026-07-23 17:31:34,454] INFO: v2_osm_helsinki_archipelago_offset_e_1500m_1500m_0087 OK 
[2026-07-23 17:31:34,455] INFO: v2_osm_helsinki_disrupted_offset_s_2500m_200m_0088 OK 
[2026-07-23 17:31:34,455] INFO: v2_osm_helsinki_downtown_offset_w_5000m_500m_0089 OK 
[2026-07-23 17:31:34,455] INFO: v2_osm_kallio_community_exact_500m_0m_0090 OK 
[2026-07-23 17:31:34,455] INFO: v2_osm_kumpula_campus_offset_n_1000m_1500m_0091 OK 
[2026-07-23 17:31:34,455] INFO: v2_osm_lapland_rural_sparse_offset_e_1500m_200m_0092 OK 
[2026-07-23 17:31:34,455] INFO: v2_osm_london_industrial_corridor_offset_s_2500m_500m_0093 OK 
[2026-07-23 17:31:34,456] INFO: v2_osm_manhattan_midtown_offset_w_5000m_1000m_0094 OK 
[2026-07-23 17:31:34,456] INFO: v2_osm_mit_campus_reality_exact_500m_0m_0095 OK 
[2026-07-23 17:31:34,456] INFO: v2_osm_nuuksio_sparse_trails_offset_n_1000m_200m_0096 OK 
[2026-07-23 17:31:34,456] INFO: v2_osm_rio_centro_buses_offset_e_1500m_500m_0097 OK 
[2026-07-23 17:31:34,456] INFO: v2_osm_roma_centro_offset_s_2500m_1000m_0098 OK 
[2026-07-23 17:31:34,457] INFO: v2_osm_sf_cabspotting_downtown_offset_w_5000m_1500m_0099 OK 
[2026-07-23 17:31:34,457] INFO: v2_osm_sf_mission_corridor_exact_500m_0m_0100 OK 
[2026-07-23 17:31:34,465] INFO: v2_osm_tampere_suburban_offset_n_1000m_500m_0101 FAIL_BUILD_OSM too few segments (2 < 20)
[2026-07-23 17:31:34,465] INFO: v2_osm_cambridge_haggle_offset_e_1500m_1000m_0102 OK 
[2026-07-23 17:31:34,466] INFO: v2_osm_dieselnet_amherst_offset_s_2500m_1500m_0103 OK 
[2026-07-23 17:31:34,466] INFO: v2_osm_helsinki_archipelago_offset_w_5000m_200m_0104 OK 
[2026-07-23 17:31:34,466] INFO: v2_osm_helsinki_disrupted_exact_500m_0m_0105 OK 
[2026-07-23 17:31:34,466] INFO: v2_osm_helsinki_downtown_offset_n_1000m_1000m_0106 OK 
[2026-07-23 17:31:34,466] INFO: v2_osm_kallio_community_offset_e_1500m_1500m_0107 OK 
[2026-07-23 17:31:34,467] INFO: v2_osm_kumpula_campus_offset_s_2500m_200m_0108 OK 
[2026-07-23 17:31:34,467] INFO: v2_osm_lapland_rural_sparse_offset_w_5000m_500m_0109 OK 
[2026-07-23 17:31:34,467] INFO: v2_osm_london_industrial_corridor_exact_500m_0m_0110 OK 
[2026-07-23 17:31:34,467] INFO: v2_osm_manhattan_midtown_offset_n_1000m_1500m_0111 OK 
[2026-07-23 17:31:34,467] INFO: v2_osm_mit_campus_reality_offset_e_1500m_200m_0112 OK 
[2026-07-23 17:31:34,468] INFO: v2_osm_nuuksio_sparse_trails_offset_s_2500m_500m_0113 OK 
[2026-07-23 17:31:34,468] INFO: v2_osm_rio_centro_buses_offset_w_5000m_1000m_0114 OK 
[2026-07-23 17:31:34,468] INFO: v2_osm_roma_centro_exact_500m_0m_0115 OK 
[2026-07-23 17:31:34,468] INFO: v2_osm_sf_cabspotting_downtown_offset_n_1000m_200m_0116 OK 
[2026-07-23 17:31:34,468] INFO: v2_osm_sf_mission_corridor_offset_e_1500m_500m_0117 OK 
[2026-07-23 17:31:34,469] INFO: v2_osm_tampere_suburban_offset_s_2500m_1000m_0118 OK 
[2026-07-23 17:31:34,469] INFO: v2_osm_cambridge_haggle_offset_w_5000m_1500m_0119 OK 
[2026-07-23 17:31:34,469] INFO: v2_osm_dieselnet_amherst_exact_500m_0m_0120 OK 
[2026-07-23 17:31:34,469] INFO: v2_osm_helsinki_archipelago_offset_n_1000m_500m_0121 OK 
[2026-07-23 17:31:34,469] INFO: v2_osm_helsinki_disrupted_offset_e_1500m_1000m_0122 OK 
[2026-07-23 17:31:34,470] INFO: v2_osm_helsinki_downtown_offset_s_2500m_1500m_0123 OK 
[2026-07-23 17:31:34,470] INFO: v2_osm_kallio_community_offset_w_5000m_200m_0124 OK 
[2026-07-23 17:31:34,470] INFO: v2_osm_kumpula_campus_exact_500m_0m_0125 OK 
[2026-07-23 17:31:34,470] INFO: v2_osm_lapland_rural_sparse_offset_n_1000m_1000m_0126 OK 
[2026-07-23 17:31:34,470] INFO: v2_osm_london_industrial_corridor_offset_e_1500m_1500m_0127 OK 
[2026-07-23 17:31:34,471] INFO: v2_osm_manhattan_midtown_offset_s_2500m_200m_0128 OK 
[2026-07-23 17:31:34,471] INFO: v2_osm_mit_campus_reality_offset_w_5000m_500m_0129 OK 
[2026-07-23 17:31:34,483] INFO: v2_osm_nuuksio_sparse_trails_exact_500m_0m_0130 FAIL_BUILD_OSM too few segments (8 < 20)
[2026-07-23 17:31:34,484] INFO: v2_osm_rio_centro_buses_offset_n_1000m_1500m_0131 OK 
[2026-07-23 17:31:34,484] INFO: v2_osm_roma_centro_offset_e_1500m_200m_0132 OK 
[2026-07-23 17:31:34,484] INFO: v2_osm_sf_cabspotting_downtown_offset_s_2500m_500m_0133 OK 
[2026-07-23 17:31:34,484] INFO: v2_osm_sf_mission_corridor_offset_w_5000m_1000m_0134 OK 
[2026-07-23 17:31:34,486] INFO: v2_osm_tampere_suburban_exact_500m_0m_0135 FAIL_BUILD_OSM osm_process: Graph contains no edges.
[2026-07-23 17:31:34,487] INFO: v2_osm_cambridge_haggle_offset_n_1000m_200m_0136 OK 
[2026-07-23 17:31:34,487] INFO: v2_osm_dieselnet_amherst_offset_e_1500m_500m_0137 OK 
[2026-07-23 17:31:34,487] INFO: v2_osm_helsinki_archipelago_offset_s_2500m_1000m_0138 OK 
[2026-07-23 17:31:34,487] INFO: v2_osm_helsinki_disrupted_offset_w_5000m_1500m_0139 OK 
[2026-07-23 17:31:34,487] INFO: v2_osm_helsinki_downtown_exact_500m_0m_0140 OK 
[2026-07-23 17:31:34,488] INFO: v2_osm_kallio_community_offset_n_1000m_500m_0141 OK 
[2026-07-23 17:31:34,488] INFO: v2_osm_kumpula_campus_offset_e_1500m_1000m_0142 OK 
[2026-07-23 17:31:34,488] INFO: v2_osm_lapland_rural_sparse_offset_s_2500m_1500m_0143 OK 
[2026-07-23 17:31:34,488] INFO: v2_osm_london_industrial_corridor_offset_w_5000m_200m_0144 OK 
[2026-07-23 17:31:34,498] INFO: v2_osm_manhattan_midtown_exact_500m_0m_0145 FAIL_BUILD_OSM too few segments (14 < 20)
[2026-07-23 17:31:34,498] INFO: v2_osm_mit_campus_reality_offset_n_1000m_1000m_0146 OK 
[2026-07-23 17:31:34,498] INFO: v2_osm_nuuksio_sparse_trails_offset_e_1500m_1500m_0147 OK 
[2026-07-23 17:31:34,498] INFO: v2_osm_rio_centro_buses_offset_s_2500m_200m_0148 OK 
[2026-07-23 17:31:34,499] INFO: v2_osm_roma_centro_offset_w_5000m_500m_0149 OK 
[2026-07-23 17:31:34,499] INFO: v2_osm_sf_cabspotting_downtown_exact_500m_0m_0150 OK 
[2026-07-23 17:31:34,499] INFO: v2_osm_sf_mission_corridor_offset_n_1000m_1500m_0151 OK 
[2026-07-23 17:31:34,499] INFO: v2_osm_tampere_suburban_offset_e_1500m_200m_0152 OK 
[2026-07-23 17:31:34,499] INFO: v2_osm_cambridge_haggle_offset_s_2500m_500m_0153 OK 
[2026-07-23 17:31:34,500] INFO: v2_osm_dieselnet_amherst_offset_w_5000m_1000m_0154 OK 
[2026-07-23 17:31:34,500] INFO: v2_osm_helsinki_archipelago_exact_500m_0m_0155 OK 
[2026-07-23 17:31:34,500] INFO: v2_osm_helsinki_disrupted_offset_n_1000m_200m_0156 OK 
[2026-07-23 17:31:34,500] INFO: v2_osm_helsinki_downtown_offset_e_1500m_500m_0157 OK 
[2026-07-23 17:31:34,500] INFO: v2_osm_kallio_community_offset_s_2500m_1000m_0158 OK 
[2026-07-23 17:31:34,501] INFO: v2_osm_kumpula_campus_offset_w_5000m_1500m_0159 OK 
[2026-07-23 17:31:34,501] INFO: v2_osm_lapland_rural_sparse_exact_500m_0m_0160 OK 
[2026-07-23 17:31:34,501] INFO: v2_osm_london_industrial_corridor_offset_n_1000m_500m_0161 OK 
[2026-07-23 17:31:34,501] INFO: v2_osm_manhattan_midtown_offset_e_1500m_1000m_0162 OK 
[2026-07-23 17:31:34,501] INFO: v2_osm_mit_campus_reality_offset_s_2500m_1500m_0163 OK 
[2026-07-23 17:31:34,502] INFO: v2_osm_nuuksio_sparse_trails_offset_w_5000m_200m_0164 OK 
[2026-07-23 17:31:34,502] INFO: v2_osm_rio_centro_buses_exact_500m_0m_0165 OK 
[2026-07-23 17:31:34,502] INFO: v2_osm_roma_centro_offset_n_1000m_1000m_0166 OK 
[2026-07-23 17:31:34,502] INFO: v2_osm_sf_cabspotting_downtown_offset_e_1500m_1500m_0167 OK 
[2026-07-23 17:31:34,502] INFO: v2_osm_sf_mission_corridor_offset_s_2500m_200m_0168 OK 
[2026-07-23 17:31:34,503] INFO: v2_osm_tampere_suburban_offset_w_5000m_500m_0169 OK 
[2026-07-23 17:31:34,503] INFO: v2_osm_cambridge_haggle_exact_500m_0m_0170 OK 
[2026-07-23 17:31:34,503] INFO: v2_osm_dieselnet_amherst_offset_n_1000m_1500m_0171 OK 
[2026-07-23 17:31:34,503] INFO: v2_osm_helsinki_archipelago_offset_e_1500m_200m_0172 OK 
[2026-07-23 17:31:34,503] INFO: v2_osm_helsinki_disrupted_offset_s_2500m_500m_0173 OK 
[2026-07-23 17:31:34,503] INFO: v2_osm_helsinki_downtown_offset_w_5000m_1000m_0174 OK 
[2026-07-23 17:31:34,504] INFO: v2_osm_kallio_community_exact_500m_0m_0175 OK 
[2026-07-23 17:31:34,504] INFO: v2_osm_kumpula_campus_offset_n_1000m_200m_0176 OK 
[2026-07-23 17:31:34,504] INFO: v2_osm_lapland_rural_sparse_offset_e_1500m_500m_0177 OK 
[2026-07-23 17:31:34,504] INFO: v2_osm_london_industrial_corridor_offset_s_2500m_1000m_0178 OK 
[2026-07-23 17:31:34,504] INFO: v2_osm_manhattan_midtown_offset_w_5000m_1500m_0179 OK 
[2026-07-23 17:31:34,505] INFO: v2_osm_mit_campus_reality_exact_500m_0m_0180 OK 
[2026-07-23 17:31:34,514] INFO: v2_osm_nuuksio_sparse_trails_offset_n_1000m_500m_0181 FAIL_BUILD_OSM too few segments (14 < 20)
[2026-07-23 17:31:34,514] INFO: v2_osm_rio_centro_buses_offset_e_1500m_1000m_0182 OK 
[2026-07-23 17:31:34,515] INFO: v2_osm_roma_centro_offset_s_2500m_1500m_0183 OK 
[2026-07-23 17:31:34,515] INFO: v2_osm_sf_cabspotting_downtown_offset_w_5000m_200m_0184 OK 
[2026-07-23 17:31:34,515] INFO: v2_osm_sf_mission_corridor_exact_500m_0m_0185 OK 
[2026-07-23 17:31:34,523] INFO: v2_osm_tampere_suburban_offset_n_1000m_1000m_0186 FAIL_BUILD_OSM too few segments (2 < 20)
[2026-07-23 17:31:34,523] INFO: v2_osm_cambridge_haggle_offset_e_1500m_1500m_0187 OK 
[2026-07-23 17:31:34,523] INFO: v2_osm_dieselnet_amherst_offset_s_2500m_200m_0188 OK 
[2026-07-23 17:31:34,524] INFO: v2_osm_helsinki_archipelago_offset_w_5000m_500m_0189 OK 
[2026-07-23 17:31:34,524] INFO: v2_osm_helsinki_disrupted_exact_500m_0m_0190 OK 
[2026-07-23 17:31:34,524] INFO: v2_osm_helsinki_downtown_offset_n_1000m_1500m_0191 OK 
[2026-07-23 17:31:34,524] INFO: v2_osm_kallio_community_offset_e_1500m_200m_0192 OK 
[2026-07-23 17:31:34,525] INFO: v2_osm_kumpula_campus_offset_s_2500m_500m_0193 OK 
[2026-07-23 17:31:34,525] INFO: v2_osm_lapland_rural_sparse_offset_w_5000m_1000m_0194 OK 
[2026-07-23 17:31:34,525] INFO: v2_osm_london_industrial_corridor_exact_500m_0m_0195 OK 
[2026-07-23 17:31:34,525] INFO: v2_osm_manhattan_midtown_offset_n_1000m_200m_0196 OK 
[2026-07-23 17:31:34,525] INFO: v2_osm_mit_campus_reality_offset_e_1500m_500m_0197 OK 
[2026-07-23 17:31:34,525] INFO: v2_osm_nuuksio_sparse_trails_offset_s_2500m_1000m_0198 OK 
[2026-07-23 17:31:34,526] INFO: v2_osm_rio_centro_buses_offset_w_5000m_1500m_0199 OK 
[2026-07-23 17:31:34,526] INFO: v2_osm_roma_centro_exact_500m_0m_0200 OK 
[2026-07-23 17:31:34,526] INFO: v2_osm_sf_cabspotting_downtown_offset_n_1000m_500m_0201 OK 
[2026-07-23 17:31:34,526] INFO: v2_osm_sf_mission_corridor_offset_e_1500m_1000m_0202 OK 
[2026-07-23 17:31:34,526] INFO: v2_osm_tampere_suburban_offset_s_2500m_1500m_0203 OK 
[2026-07-23 17:31:34,527] INFO: v2_osm_cambridge_haggle_offset_w_5000m_200m_0204 OK 
[2026-07-23 17:31:34,527] INFO: v2_osm_dieselnet_amherst_exact_500m_0m_0205 OK 
[2026-07-23 17:31:34,527] INFO: v2_osm_helsinki_archipelago_offset_n_1000m_1000m_0206 OK 
[2026-07-23 17:31:34,527] INFO: v2_osm_helsinki_disrupted_offset_e_1500m_1500m_0207 OK 
[2026-07-23 17:31:34,527] INFO: v2_osm_helsinki_downtown_offset_s_2500m_200m_0208 OK 
[2026-07-23 17:31:34,528] INFO: v2_osm_kallio_community_offset_w_5000m_500m_0209 OK 
[2026-07-23 17:31:34,528] INFO: v2_osm_kumpula_campus_exact_500m_0m_0210 OK 
[2026-07-23 17:31:34,536] INFO: v2_osm_lapland_rural_sparse_offset_n_1000m_1500m_0211 FAIL_BUILD_OSM too few segments (2 < 20)
[2026-07-23 17:31:34,536] INFO: v2_osm_london_industrial_corridor_offset_e_1500m_200m_0212 OK 
[2026-07-23 17:31:34,536] INFO: v2_osm_manhattan_midtown_offset_s_2500m_500m_0213 OK 
[2026-07-23 17:31:34,536] INFO: v2_osm_mit_campus_reality_offset_w_5000m_1000m_0214 OK 
[2026-07-23 17:31:34,545] INFO: v2_osm_nuuksio_sparse_trails_exact_500m_0m_0215 FAIL_BUILD_OSM too few segments (8 < 20)
[2026-07-23 17:31:34,545] INFO: v2_osm_rio_centro_buses_offset_n_1000m_200m_0216 OK 
[2026-07-23 17:31:34,545] INFO: v2_osm_roma_centro_offset_e_1500m_500m_0217 OK 
[2026-07-23 17:31:34,546] INFO: v2_osm_sf_cabspotting_downtown_offset_s_2500m_1000m_0218 OK 
[2026-07-23 17:31:34,546] INFO: v2_osm_sf_mission_corridor_offset_w_5000m_1500m_0219 OK 
[2026-07-23 17:31:34,548] INFO: v2_osm_tampere_suburban_exact_500m_0m_0220 FAIL_BUILD_OSM osm_process: Graph contains no edges.
[2026-07-23 17:31:34,548] INFO: v2_osm_cambridge_haggle_offset_n_1000m_500m_0221 OK 
[2026-07-23 17:31:34,548] INFO: v2_osm_dieselnet_amherst_offset_e_1500m_1000m_0222 OK 
[2026-07-23 17:31:34,548] INFO: v2_osm_helsinki_archipelago_offset_s_2500m_1500m_0223 OK 
[2026-07-23 17:31:34,548] INFO: v2_osm_helsinki_disrupted_offset_w_5000m_200m_0224 OK 
[2026-07-23 17:31:34,549] INFO: v2_osm_helsinki_downtown_exact_500m_0m_0225 OK 
[2026-07-23 17:31:34,549] INFO: v2_osm_kallio_community_offset_n_1000m_1000m_0226 OK 
[2026-07-23 17:31:34,549] INFO: v2_osm_kumpula_campus_offset_e_1500m_1500m_0227 OK 
[2026-07-23 17:31:34,549] INFO: v2_osm_lapland_rural_sparse_offset_s_2500m_200m_0228 OK 
[2026-07-23 17:31:34,549] INFO: v2_osm_london_industrial_corridor_offset_w_5000m_500m_0229 OK 
[2026-07-23 17:31:34,559] INFO: v2_osm_manhattan_midtown_exact_500m_0m_0230 FAIL_BUILD_OSM too few segments (14 < 20)
[2026-07-23 17:31:34,559] INFO: v2_osm_mit_campus_reality_offset_n_1000m_1500m_0231 OK 
[2026-07-23 17:31:34,560] INFO: v2_osm_nuuksio_sparse_trails_offset_e_1500m_200m_0232 OK 
[2026-07-23 17:31:34,560] INFO: v2_osm_rio_centro_buses_offset_s_2500m_500m_0233 OK 
[2026-07-23 17:31:34,560] INFO: v2_osm_roma_centro_offset_w_5000m_1000m_0234 OK 
[2026-07-23 17:31:34,560] INFO: v2_osm_sf_cabspotting_downtown_exact_500m_0m_0235 OK 
[2026-07-23 17:31:34,561] INFO: v2_osm_sf_mission_corridor_offset_n_1000m_200m_0236 OK 
[2026-07-23 17:31:34,561] INFO: v2_osm_tampere_suburban_offset_e_1500m_500m_0237 OK 
[2026-07-23 17:31:34,561] INFO: v2_osm_cambridge_haggle_offset_s_2500m_1000m_0238 OK 
[2026-07-23 17:31:34,561] INFO: v2_osm_dieselnet_amherst_offset_w_5000m_1500m_0239 OK 
[2026-07-23 17:31:34,561] INFO: v2_osm_helsinki_archipelago_exact_500m_0m_0240 OK 
[2026-07-23 17:31:34,562] INFO: v2_osm_helsinki_disrupted_offset_n_1000m_500m_0241 OK 
[2026-07-23 17:31:34,562] INFO: v2_osm_helsinki_downtown_offset_e_1500m_1000m_0242 OK 
[2026-07-23 17:31:34,562] INFO: v2_osm_kallio_community_offset_s_2500m_1500m_0243 OK 
[2026-07-23 17:31:34,562] INFO: v2_osm_kumpula_campus_offset_w_5000m_200m_0244 OK 
[2026-07-23 17:31:34,562] INFO: v2_osm_lapland_rural_sparse_exact_500m_0m_0245 OK 
[2026-07-23 17:31:34,562] INFO: v2_osm_london_industrial_corridor_offset_n_1000m_1000m_0246 OK 
[2026-07-23 17:31:34,563] INFO: v2_osm_manhattan_midtown_offset_e_1500m_1500m_0247 OK 
[2026-07-23 17:31:34,563] INFO: v2_osm_mit_campus_reality_offset_s_2500m_200m_0248 OK 
[2026-07-23 17:31:34,563] INFO: v2_osm_nuuksio_sparse_trails_offset_w_5000m_500m_0249 OK 
[2026-07-23 17:31:34,563] INFO: v2_osm_rio_centro_buses_exact_500m_0m_0250 OK 
[2026-07-23 17:31:34,564] INFO: v2_osm_roma_centro_offset_n_1000m_1500m_0251 OK 
[2026-07-23 17:31:34,564] INFO: v2_osm_sf_cabspotting_downtown_offset_e_1500m_200m_0252 OK 
[2026-07-23 17:31:34,564] INFO: v2_osm_sf_mission_corridor_offset_s_2500m_500m_0253 OK 
[2026-07-23 17:31:34,564] INFO: v2_osm_tampere_suburban_offset_w_5000m_1000m_0254 OK 
[2026-07-23 17:31:34,564] INFO: v2_osm_cambridge_haggle_exact_500m_0m_0255 OK 
[2026-07-23 17:31:34,564] INFO: v2_osm_dieselnet_amherst_offset_n_1000m_200m_0256 OK 
[2026-07-23 17:31:34,565] INFO: v2_osm_helsinki_archipelago_offset_e_1500m_500m_0257 OK 
[2026-07-23 17:31:34,565] INFO: v2_osm_helsinki_disrupted_offset_s_2500m_1000m_0258 OK 
[2026-07-23 17:31:34,565] INFO: v2_osm_helsinki_downtown_offset_w_5000m_1500m_0259 OK 
[2026-07-23 17:31:34,565] INFO: v2_osm_kallio_community_exact_500m_0m_0260 OK 
[2026-07-23 17:31:34,565] INFO: v2_osm_kumpula_campus_offset_n_1000m_500m_0261 OK 
[2026-07-23 17:31:34,565] INFO: v2_osm_lapland_rural_sparse_offset_e_1500m_1000m_0262 OK 
[2026-07-23 17:31:34,566] INFO: v2_osm_london_industrial_corridor_offset_s_2500m_1500m_0263 OK 
[2026-07-23 17:31:34,566] INFO: v2_osm_manhattan_midtown_offset_w_5000m_200m_0264 OK 
[2026-07-23 17:31:34,566] INFO: v2_osm_mit_campus_reality_exact_500m_0m_0265 OK 
[2026-07-23 17:31:34,574] INFO: v2_osm_nuuksio_sparse_trails_offset_n_1000m_1000m_0266 FAIL_BUILD_OSM too few segments (2 < 20)
[2026-07-23 17:31:34,574] INFO: v2_osm_rio_centro_buses_offset_e_1500m_1500m_0267 OK 
[2026-07-23 17:31:34,574] INFO: v2_osm_roma_centro_offset_s_2500m_200m_0268 OK 
[2026-07-23 17:31:34,575] INFO: v2_osm_sf_cabspotting_downtown_offset_w_5000m_500m_0269 OK 
[2026-07-23 17:31:34,575] INFO: v2_osm_sf_mission_corridor_exact_500m_0m_0270 OK 
[2026-07-23 17:31:34,575] INFO: v2_osm_tampere_suburban_offset_n_1000m_1500m_0271 OK 
[2026-07-23 17:31:34,575] INFO: v2_osm_cambridge_haggle_offset_e_1500m_200m_0272 OK 
[2026-07-23 17:31:34,575] INFO: v2_osm_dieselnet_amherst_offset_s_2500m_500m_0273 OK 
[2026-07-23 17:31:34,575] INFO: v2_osm_helsinki_archipelago_offset_w_5000m_1000m_0274 OK 
[2026-07-23 17:31:34,576] INFO: v2_osm_helsinki_disrupted_exact_500m_0m_0275 OK 
[2026-07-23 17:31:34,576] INFO: v2_osm_helsinki_downtown_offset_n_1000m_200m_0276 OK 
[2026-07-23 17:31:34,576] INFO: v2_osm_kallio_community_offset_e_1500m_500m_0277 OK 
[2026-07-23 17:31:34,576] INFO: v2_osm_kumpula_campus_offset_s_2500m_1000m_0278 OK 
[2026-07-23 17:31:34,576] INFO: v2_osm_lapland_rural_sparse_offset_w_5000m_1500m_0279 OK 
[2026-07-23 17:31:34,577] INFO: v2_osm_london_industrial_corridor_exact_500m_0m_0280 OK 
[2026-07-23 17:31:34,577] INFO: v2_osm_manhattan_midtown_offset_n_1000m_500m_0281 OK 
[2026-07-23 17:31:34,577] INFO: v2_osm_mit_campus_reality_offset_e_1500m_1000m_0282 OK 
[2026-07-23 17:31:34,577] INFO: v2_osm_nuuksio_sparse_trails_offset_s_2500m_1500m_0283 OK 
[2026-07-23 17:31:34,577] INFO: v2_osm_rio_centro_buses_offset_w_5000m_200m_0284 OK 
[2026-07-23 17:31:34,577] INFO: v2_osm_roma_centro_exact_500m_0m_0285 OK 
[2026-07-23 17:31:34,578] INFO: v2_osm_sf_cabspotting_downtown_offset_n_1000m_1000m_0286 OK 
[2026-07-23 17:31:34,578] INFO: v2_osm_sf_mission_corridor_offset_e_1500m_1500m_0287 OK 
[2026-07-23 17:31:34,578] INFO: v2_osm_tampere_suburban_offset_s_2500m_200m_0288 OK 
[2026-07-23 17:31:34,578] INFO: v2_osm_cambridge_haggle_offset_w_5000m_500m_0289 OK 
[2026-07-23 17:31:34,579] INFO: v2_osm_dieselnet_amherst_exact_500m_0m_0290 OK 
[2026-07-23 17:31:34,579] INFO: v2_osm_helsinki_archipelago_offset_n_1000m_1500m_0291 OK 
[2026-07-23 17:31:34,579] INFO: v2_osm_helsinki_disrupted_offset_e_1500m_200m_0292 OK 
[2026-07-23 17:31:34,579] INFO: v2_osm_helsinki_downtown_offset_s_2500m_500m_0293 OK 
[2026-07-23 17:31:34,579] INFO: v2_osm_kallio_community_offset_w_5000m_1000m_0294 OK 
[2026-07-23 17:31:34,579] INFO: v2_osm_kumpula_campus_exact_500m_0m_0295 OK 
[2026-07-23 17:31:34,580] INFO: v2_osm_lapland_rural_sparse_offset_n_1000m_200m_0296 OK 
[2026-07-23 17:31:34,580] INFO: v2_osm_london_industrial_corridor_offset_e_1500m_500m_0297 OK 
[2026-07-23 17:31:34,580] INFO: v2_osm_manhattan_midtown_offset_s_2500m_1000m_0298 OK 
[2026-07-23 17:31:34,580] INFO: v2_osm_mit_campus_reality_offset_w_5000m_1500m_0299 OK 
[2026-07-23 17:31:34,593] INFO: v2_osm_nuuksio_sparse_trails_exact_500m_0m_0300 FAIL_BUILD_OSM too few segments (8 < 20)
[2026-07-23 17:31:34,593] INFO: v2_osm_rio_centro_buses_offset_n_1000m_500m_0301 OK 
[2026-07-23 17:31:34,593] INFO: v2_osm_roma_centro_offset_e_1500m_1000m_0302 OK 
[2026-07-23 17:31:34,594] INFO: v2_osm_sf_cabspotting_downtown_offset_s_2500m_1500m_0303 OK 
[2026-07-23 17:31:34,594] INFO: v2_osm_sf_mission_corridor_offset_w_5000m_200m_0304 OK 
[2026-07-23 17:31:34,598] INFO: v2_osm_tampere_suburban_exact_500m_0m_0305 FAIL_BUILD_OSM osm_process: Graph contains no edges.
[2026-07-23 17:31:34,599] INFO: v2_osm_cambridge_haggle_offset_n_1000m_1000m_0306 OK 
[2026-07-23 17:31:34,599] INFO: v2_osm_dieselnet_amherst_offset_e_1500m_1500m_0307 OK 
[2026-07-23 17:31:34,599] INFO: v2_osm_helsinki_archipelago_offset_s_2500m_200m_0308 OK 
[2026-07-23 17:31:34,599] INFO: v2_osm_helsinki_disrupted_offset_w_5000m_500m_0309 OK 
[2026-07-23 17:31:34,600] INFO: v2_osm_helsinki_downtown_exact_500m_0m_0310 OK 
[2026-07-23 17:31:34,600] INFO: v2_osm_kallio_community_offset_n_1000m_1500m_0311 OK 
[2026-07-23 17:31:34,600] INFO: v2_osm_kumpula_campus_offset_e_1500m_200m_0312 OK 
[2026-07-23 17:31:34,600] INFO: v2_osm_lapland_rural_sparse_offset_s_2500m_500m_0313 OK 
[2026-07-23 17:31:34,600] INFO: v2_osm_london_industrial_corridor_offset_w_5000m_1000m_0314 OK 
[2026-07-23 17:31:34,612] INFO: v2_osm_manhattan_midtown_exact_500m_0m_0315 FAIL_BUILD_OSM too few segments (14 < 20)
[2026-07-23 17:31:34,613] INFO: v2_osm_mit_campus_reality_offset_n_1000m_200m_0316 OK 
[2026-07-23 17:31:34,613] INFO: v2_osm_nuuksio_sparse_trails_offset_e_1500m_500m_0317 OK 
[2026-07-23 17:31:34,613] INFO: v2_osm_rio_centro_buses_offset_s_2500m_1000m_0318 OK 
[2026-07-23 17:31:34,614] INFO: v2_osm_roma_centro_offset_w_5000m_1500m_0319 OK 
[2026-07-23 17:31:34,614] INFO: v2_osm_sf_cabspotting_downtown_exact_500m_0m_0320 OK 
[2026-07-23 17:31:34,614] INFO: v2_osm_sf_mission_corridor_offset_n_1000m_500m_0321 OK 
[2026-07-23 17:31:34,614] INFO: v2_osm_tampere_suburban_offset_e_1500m_1000m_0322 OK 
[2026-07-23 17:31:34,615] INFO: v2_osm_cambridge_haggle_offset_s_2500m_1500m_0323 OK 
[2026-07-23 17:31:34,615] INFO: v2_osm_dieselnet_amherst_offset_w_5000m_200m_0324 OK 
[2026-07-23 17:31:34,615] INFO: v2_osm_helsinki_archipelago_exact_500m_0m_0325 OK 
[2026-07-23 17:31:34,615] INFO: v2_osm_helsinki_disrupted_offset_n_1000m_1000m_0326 OK 
[2026-07-23 17:31:34,616] INFO: v2_osm_helsinki_downtown_offset_e_1500m_1500m_0327 OK 
[2026-07-23 17:31:34,616] INFO: v2_osm_kallio_community_offset_s_2500m_200m_0328 OK 
[2026-07-23 17:31:34,616] INFO: v2_osm_kumpula_campus_offset_w_5000m_500m_0329 OK 
[2026-07-23 17:31:34,616] INFO: v2_osm_lapland_rural_sparse_exact_500m_0m_0330 OK 
[2026-07-23 17:31:34,616] INFO: v2_osm_london_industrial_corridor_offset_n_1000m_1500m_0331 OK 
[2026-07-23 17:31:34,617] INFO: v2_osm_manhattan_midtown_offset_e_1500m_200m_0332 OK 
[2026-07-23 17:31:34,617] INFO: v2_osm_mit_campus_reality_offset_s_2500m_500m_0333 OK 
[2026-07-23 17:31:34,617] INFO: v2_osm_nuuksio_sparse_trails_offset_w_5000m_1000m_0334 OK 
[2026-07-23 17:31:34,618] INFO: v2_osm_rio_centro_buses_exact_500m_0m_0335 OK 
[2026-07-23 17:31:34,618] INFO: v2_osm_roma_centro_offset_n_1000m_200m_0336 OK 
[2026-07-23 17:31:34,618] INFO: v2_osm_sf_cabspotting_downtown_offset_e_1500m_500m_0337 OK 
[2026-07-23 17:31:34,618] INFO: v2_osm_sf_mission_corridor_offset_s_2500m_1000m_0338 OK 
[2026-07-23 17:31:34,618] INFO: v2_osm_tampere_suburban_offset_w_5000m_1500m_0339 OK 
[2026-07-23 17:31:34,619] INFO: v2_osm_cambridge_haggle_exact_500m_0m_0340 OK 
[2026-07-23 17:31:34,619] INFO: v2_osm_dieselnet_amherst_offset_n_1000m_500m_0341 OK 
[2026-07-23 17:31:34,619] INFO: v2_osm_helsinki_archipelago_offset_e_1500m_1000m_0342 OK 
[2026-07-23 17:31:34,619] INFO: v2_osm_helsinki_disrupted_offset_s_2500m_1500m_0343 OK 
[2026-07-23 17:31:34,620] INFO: v2_osm_helsinki_downtown_offset_w_5000m_200m_0344 OK 
[2026-07-23 17:31:34,620] INFO: v2_osm_kallio_community_exact_500m_0m_0345 OK 
[2026-07-23 17:31:34,620] INFO: v2_osm_kumpula_campus_offset_n_1000m_1000m_0346 OK 
[2026-07-23 17:31:34,620] INFO: v2_osm_lapland_rural_sparse_offset_e_1500m_1500m_0347 OK 
[2026-07-23 17:31:34,620] INFO: v2_osm_london_industrial_corridor_offset_s_2500m_200m_0348 OK 
[2026-07-23 17:31:34,621] INFO: v2_osm_manhattan_midtown_offset_w_5000m_500m_0349 OK 
[2026-07-23 17:31:34,621] INFO: v2_osm_mit_campus_reality_exact_500m_0m_0350 OK 
[2026-07-23 17:31:34,624] INFO: v2_osm_nuuksio_sparse_trails_offset_n_1000m_1500m_0351 FAIL_BUILD_OSM osm_process: Graph contains no edges.
[2026-07-23 17:31:34,624] INFO: v2_osm_rio_centro_buses_offset_e_1500m_200m_0352 OK 
[2026-07-23 17:31:34,625] INFO: v2_osm_roma_centro_offset_s_2500m_500m_0353 OK 
[2026-07-23 17:31:34,625] INFO: v2_osm_sf_cabspotting_downtown_offset_w_5000m_1000m_0354 OK 
[2026-07-23 17:31:34,625] INFO: v2_osm_sf_mission_corridor_exact_500m_0m_0355 OK 
[2026-07-23 17:31:34,638] INFO: v2_osm_tampere_suburban_offset_n_1000m_200m_0356 FAIL_BUILD_OSM too few segments (10 < 20)
[2026-07-23 17:31:34,638] INFO: v2_osm_cambridge_haggle_offset_e_1500m_500m_0357 OK 
[2026-07-23 17:31:34,638] INFO: v2_osm_dieselnet_amherst_offset_s_2500m_1000m_0358 OK 
[2026-07-23 17:31:34,638] INFO: v2_osm_helsinki_archipelago_offset_w_5000m_1500m_0359 OK 
[2026-07-23 17:31:34,639] INFO: v2_osm_helsinki_disrupted_exact_500m_0m_0360 OK 
[2026-07-23 17:31:34,639] INFO: v2_osm_helsinki_downtown_offset_n_1000m_500m_0361 OK 
[2026-07-23 17:31:34,639] INFO: v2_osm_kallio_community_offset_e_1500m_1000m_0362 OK 
[2026-07-23 17:31:34,639] INFO: v2_osm_kumpula_campus_offset_s_2500m_1500m_0363 OK 
[2026-07-23 17:31:34,640] INFO: v2_osm_lapland_rural_sparse_offset_w_5000m_200m_0364 OK 
[2026-07-23 17:31:34,640] INFO: v2_osm_london_industrial_corridor_exact_500m_0m_0365 OK 
[2026-07-23 17:31:34,640] INFO: v2_osm_manhattan_midtown_offset_n_1000m_1000m_0366 OK 
[2026-07-23 17:31:34,640] INFO: v2_osm_mit_campus_reality_offset_e_1500m_1500m_0367 OK 
[2026-07-23 17:31:34,640] INFO: v2_osm_nuuksio_sparse_trails_offset_s_2500m_200m_0368 OK 
[2026-07-23 17:31:34,641] INFO: v2_osm_rio_centro_buses_offset_w_5000m_500m_0369 OK 
[2026-07-23 17:31:34,641] INFO: v2_osm_roma_centro_exact_500m_0m_0370 OK 
[2026-07-23 17:31:34,641] INFO: v2_osm_sf_cabspotting_downtown_offset_n_1000m_1500m_0371 OK 
[2026-07-23 17:31:34,641] INFO: v2_osm_sf_mission_corridor_offset_e_1500m_200m_0372 OK 
[2026-07-23 17:31:34,641] INFO: v2_osm_tampere_suburban_offset_s_2500m_500m_0373 OK 
[2026-07-23 17:31:34,642] INFO: v2_osm_cambridge_haggle_offset_w_5000m_1000m_0374 OK 
[2026-07-23 17:31:34,642] INFO: v2_osm_dieselnet_amherst_exact_500m_0m_0375 OK 
[2026-07-23 17:31:34,642] INFO: v2_osm_helsinki_archipelago_offset_n_1000m_200m_0376 OK 
[2026-07-23 17:31:34,642] INFO: v2_osm_helsinki_disrupted_offset_e_1500m_500m_0377 OK 
[2026-07-23 17:31:34,643] INFO: v2_osm_helsinki_downtown_offset_s_2500m_1000m_0378 OK 
[2026-07-23 17:31:34,643] INFO: v2_osm_kallio_community_offset_w_5000m_1500m_0379 OK 
[2026-07-23 17:31:34,643] INFO: v2_osm_kumpula_campus_exact_500m_0m_0380 OK 
[2026-07-23 17:31:34,643] INFO: v2_osm_lapland_rural_sparse_offset_n_1000m_500m_0381 OK 
[2026-07-23 17:31:34,643] INFO: v2_osm_london_industrial_corridor_offset_e_1500m_1000m_0382 OK 
[2026-07-23 17:31:34,644] INFO: v2_osm_manhattan_midtown_offset_s_2500m_1500m_0383 OK 
[2026-07-23 17:31:34,644] INFO: v2_osm_mit_campus_reality_offset_w_5000m_200m_0384 OK 
[2026-07-23 17:31:34,656] INFO: v2_osm_nuuksio_sparse_trails_exact_500m_0m_0385 FAIL_BUILD_OSM too few segments (8 < 20)
[2026-07-23 17:31:34,657] INFO: v2_osm_rio_centro_buses_offset_n_1000m_1000m_0386 OK 
[2026-07-23 17:31:34,657] INFO: v2_osm_roma_centro_offset_e_1500m_1500m_0387 OK 
[2026-07-23 17:31:34,657] INFO: v2_osm_sf_cabspotting_downtown_offset_s_2500m_200m_0388 OK 
[2026-07-23 17:31:34,657] INFO: v2_osm_sf_mission_corridor_offset_w_5000m_500m_0389 OK 
[2026-07-23 17:31:34,660] INFO: v2_osm_tampere_suburban_exact_500m_0m_0390 FAIL_BUILD_OSM osm_process: Graph contains no edges.
[2026-07-23 17:31:34,660] INFO: v2_osm_cambridge_haggle_offset_n_1000m_1500m_0391 OK 
[2026-07-23 17:31:34,661] INFO: v2_osm_dieselnet_amherst_offset_e_1500m_200m_0392 OK 
[2026-07-23 17:31:34,661] INFO: v2_osm_helsinki_archipelago_offset_s_2500m_500m_0393 OK 
[2026-07-23 17:31:34,661] INFO: v2_osm_helsinki_disrupted_offset_w_5000m_1000m_0394 OK 
[2026-07-23 17:31:34,661] INFO: v2_osm_helsinki_downtown_exact_500m_0m_0395 OK 
[2026-07-23 17:31:34,662] INFO: v2_osm_kallio_community_offset_n_1000m_200m_0396 OK 
[2026-07-23 17:31:34,662] INFO: v2_osm_kumpula_campus_offset_e_1500m_500m_0397 OK 
[2026-07-23 17:31:34,662] INFO: v2_osm_lapland_rural_sparse_offset_s_2500m_1000m_0398 OK 
[2026-07-23 17:31:34,662] INFO: v2_osm_london_industrial_corridor_offset_w_5000m_1500m_0399 OK 
[2026-07-23 17:31:34,674] INFO: v2_osm_manhattan_midtown_exact_500m_0m_0400 FAIL_BUILD_OSM too few segments (14 < 20)
[2026-07-23 17:31:34,675] INFO: v2_osm_mit_campus_reality_offset_n_1000m_500m_0401 OK 
[2026-07-23 17:31:34,675] INFO: v2_osm_nuuksio_sparse_trails_offset_e_1500m_1000m_0402 OK 
[2026-07-23 17:31:34,676] INFO: v2_osm_rio_centro_buses_offset_s_2500m_1500m_0403 OK 
[2026-07-23 17:31:34,677] INFO: v2_osm_roma_centro_offset_w_5000m_200m_0404 OK 
[2026-07-23 17:31:34,678] INFO: v2_osm_sf_cabspotting_downtown_exact_500m_0m_0405 OK 
[2026-07-23 17:31:34,678] INFO: v2_osm_sf_mission_corridor_offset_n_1000m_1000m_0406 OK 
[2026-07-23 17:31:34,678] INFO: v2_osm_tampere_suburban_offset_e_1500m_1500m_0407 OK 
[2026-07-23 17:31:34,678] INFO: v2_osm_cambridge_haggle_offset_s_2500m_200m_0408 OK 
[2026-07-23 17:31:34,678] INFO: v2_osm_dieselnet_amherst_offset_w_5000m_500m_0409 OK 
[2026-07-23 17:31:34,679] INFO: v2_osm_helsinki_archipelago_exact_500m_0m_0410 OK 
[2026-07-23 17:31:34,679] INFO: v2_osm_helsinki_disrupted_offset_n_1000m_1500m_0411 OK 
[2026-07-23 17:31:34,679] INFO: v2_osm_helsinki_downtown_offset_e_1500m_200m_0412 OK 
[2026-07-23 17:31:34,679] INFO: v2_osm_kallio_community_offset_s_2500m_500m_0413 OK 
[2026-07-23 17:31:34,679] INFO: v2_osm_kumpula_campus_offset_w_5000m_1000m_0414 OK 
[2026-07-23 17:31:34,680] INFO: v2_osm_lapland_rural_sparse_exact_500m_0m_0415 OK 
[2026-07-23 17:31:34,680] INFO: v2_osm_london_industrial_corridor_offset_n_1000m_200m_0416 OK 
[2026-07-23 17:31:34,680] INFO: v2_osm_manhattan_midtown_offset_e_1500m_500m_0417 OK 
[2026-07-23 17:31:34,680] INFO: v2_osm_mit_campus_reality_offset_s_2500m_1000m_0418 OK 
[2026-07-23 17:31:34,681] INFO: v2_osm_nuuksio_sparse_trails_offset_w_5000m_1500m_0419 OK 
[2026-07-23 17:31:34,681] INFO: v2_osm_rio_centro_buses_exact_500m_0m_0420 OK 
[2026-07-23 17:31:34,681] INFO: v2_osm_roma_centro_offset_n_1000m_500m_0421 OK 
[2026-07-23 17:31:34,681] INFO: v2_osm_sf_cabspotting_downtown_offset_e_1500m_1000m_0422 OK 
[2026-07-23 17:31:34,681] INFO: v2_osm_sf_mission_corridor_offset_s_2500m_1500m_0423 OK 
[2026-07-23 17:31:34,682] INFO: v2_osm_tampere_suburban_offset_w_5000m_200m_0424 OK 
[2026-07-23 17:31:34,682] INFO: v2_osm_cambridge_haggle_exact_500m_0m_0425 OK 
[2026-07-23 17:31:34,682] INFO: v2_osm_dieselnet_amherst_offset_n_1000m_1000m_0426 OK 
[2026-07-23 17:31:34,682] INFO: v2_osm_helsinki_archipelago_offset_e_1500m_1500m_0427 OK 
[2026-07-23 17:31:34,682] INFO: v2_osm_helsinki_disrupted_offset_s_2500m_200m_0428 OK 
[2026-07-23 17:31:34,683] INFO: v2_osm_helsinki_downtown_offset_w_5000m_500m_0429 OK 
[2026-07-23 17:31:34,683] INFO: v2_osm_kallio_community_exact_500m_0m_0430 OK 
[2026-07-23 17:31:34,683] INFO: v2_osm_kumpula_campus_offset_n_1000m_1500m_0431 OK 
[2026-07-23 17:31:34,683] INFO: v2_osm_lapland_rural_sparse_offset_e_1500m_200m_0432 OK 
[2026-07-23 17:31:34,683] INFO: v2_osm_london_industrial_corridor_offset_s_2500m_500m_0433 OK 
[2026-07-23 17:31:34,684] INFO: v2_osm_manhattan_midtown_offset_w_5000m_1000m_0434 OK 
[2026-07-23 17:31:34,684] INFO: v2_osm_mit_campus_reality_exact_500m_0m_0435 OK 
[2026-07-23 17:31:34,684] INFO: v2_osm_nuuksio_sparse_trails_offset_n_1000m_200m_0436 OK 
[2026-07-23 17:31:34,684] INFO: v2_osm_rio_centro_buses_offset_e_1500m_500m_0437 OK 
[2026-07-23 17:31:34,684] INFO: v2_osm_roma_centro_offset_s_2500m_1000m_0438 OK 
[2026-07-23 17:31:34,685] INFO: v2_osm_sf_cabspotting_downtown_offset_w_5000m_1500m_0439 OK 
[2026-07-23 17:31:34,685] INFO: v2_osm_sf_mission_corridor_exact_500m_0m_0440 OK 
[2026-07-23 17:31:34,696] INFO: v2_osm_tampere_suburban_offset_n_1000m_500m_0441 FAIL_BUILD_OSM too few segments (2 < 20)
[2026-07-23 17:31:34,696] INFO: v2_osm_cambridge_haggle_offset_e_1500m_1000m_0442 OK 
[2026-07-23 17:31:34,696] INFO: v2_osm_dieselnet_amherst_offset_s_2500m_1500m_0443 OK 
[2026-07-23 17:31:34,697] INFO: v2_osm_helsinki_archipelago_offset_w_5000m_200m_0444 OK 
[2026-07-23 17:31:34,697] INFO: v2_osm_helsinki_disrupted_exact_500m_0m_0445 OK 
[2026-07-23 17:31:34,697] INFO: v2_osm_helsinki_downtown_offset_n_1000m_1000m_0446 OK 
[2026-07-23 17:31:34,697] INFO: v2_osm_kallio_community_offset_e_1500m_1500m_0447 OK 
[2026-07-23 17:31:34,697] INFO: v2_osm_kumpula_campus_offset_s_2500m_200m_0448 OK 
[2026-07-23 17:31:34,698] INFO: v2_osm_lapland_rural_sparse_offset_w_5000m_500m_0449 OK 
[2026-07-23 17:31:34,698] INFO: v2_osm_london_industrial_corridor_exact_500m_0m_0450 OK 
[2026-07-23 17:31:34,698] INFO: v2_osm_manhattan_midtown_offset_n_1000m_1500m_0451 OK 
[2026-07-23 17:31:34,698] INFO: v2_osm_mit_campus_reality_offset_e_1500m_200m_0452 OK 
[2026-07-23 17:31:34,698] INFO: v2_osm_nuuksio_sparse_trails_offset_s_2500m_500m_0453 OK 
[2026-07-23 17:31:34,699] INFO: v2_osm_rio_centro_buses_offset_w_5000m_1000m_0454 OK 
[2026-07-23 17:31:34,699] INFO: v2_osm_roma_centro_exact_500m_0m_0455 OK 
[2026-07-23 17:31:34,699] INFO: v2_osm_sf_cabspotting_downtown_offset_n_1000m_200m_0456 OK 
[2026-07-23 17:31:34,699] INFO: v2_osm_sf_mission_corridor_offset_e_1500m_500m_0457 OK 
[2026-07-23 17:31:34,699] INFO: v2_osm_tampere_suburban_offset_s_2500m_1000m_0458 OK 
[2026-07-23 17:31:34,700] INFO: v2_osm_cambridge_haggle_offset_w_5000m_1500m_0459 OK 
[2026-07-23 17:31:34,700] INFO: v2_osm_dieselnet_amherst_exact_500m_0m_0460 OK 
[2026-07-23 17:31:34,700] INFO: v2_osm_helsinki_archipelago_offset_n_1000m_500m_0461 OK 
[2026-07-23 17:31:34,700] INFO: v2_osm_helsinki_disrupted_offset_e_1500m_1000m_0462 OK 
[2026-07-23 17:31:34,701] INFO: v2_osm_helsinki_downtown_offset_s_2500m_1500m_0463 OK 
[2026-07-23 17:31:34,701] INFO: v2_osm_kallio_community_offset_w_5000m_200m_0464 OK 
[2026-07-23 17:31:34,701] INFO: v2_osm_kumpula_campus_exact_500m_0m_0465 OK 
[2026-07-23 17:31:34,701] INFO: v2_osm_lapland_rural_sparse_offset_n_1000m_1000m_0466 OK 
[2026-07-23 17:31:34,701] INFO: v2_osm_london_industrial_corridor_offset_e_1500m_1500m_0467 OK 
[2026-07-23 17:31:34,702] INFO: v2_osm_manhattan_midtown_offset_s_2500m_200m_0468 OK 
[2026-07-23 17:31:34,702] INFO: v2_osm_mit_campus_reality_offset_w_5000m_500m_0469 OK 
[2026-07-23 17:31:34,713] INFO: v2_osm_nuuksio_sparse_trails_exact_500m_0m_0470 FAIL_BUILD_OSM too few segments (8 < 20)
[2026-07-23 17:31:34,713] INFO: v2_osm_rio_centro_buses_offset_n_1000m_1500m_0471 OK 
[2026-07-23 17:31:34,714] INFO: v2_osm_roma_centro_offset_e_1500m_200m_0472 OK 
[2026-07-23 17:31:34,714] INFO: v2_osm_sf_cabspotting_downtown_offset_s_2500m_500m_0473 OK 
[2026-07-23 17:31:34,714] INFO: v2_osm_sf_mission_corridor_offset_w_5000m_1000m_0474 OK 
[2026-07-23 17:31:34,717] INFO: v2_osm_tampere_suburban_exact_500m_0m_0475 FAIL_BUILD_OSM osm_process: Graph contains no edges.
[2026-07-23 17:31:34,717] INFO: v2_osm_cambridge_haggle_offset_n_1000m_200m_0476 OK 
[2026-07-23 17:31:34,717] INFO: v2_osm_dieselnet_amherst_offset_e_1500m_500m_0477 OK 
[2026-07-23 17:31:34,717] INFO: v2_osm_helsinki_archipelago_offset_s_2500m_1000m_0478 OK 
[2026-07-23 17:31:34,718] INFO: v2_osm_helsinki_disrupted_offset_w_5000m_1500m_0479 OK 
[2026-07-23 17:31:34,718] INFO: v2_osm_helsinki_downtown_exact_500m_0m_0480 OK 
[2026-07-23 17:31:34,718] INFO: v2_osm_kallio_community_offset_n_1000m_500m_0481 OK 
[2026-07-23 17:31:34,718] INFO: v2_osm_kumpula_campus_offset_e_1500m_1000m_0482 OK 
[2026-07-23 17:31:34,719] INFO: v2_osm_lapland_rural_sparse_offset_s_2500m_1500m_0483 OK 
[2026-07-23 17:31:34,719] INFO: v2_osm_london_industrial_corridor_offset_w_5000m_200m_0484 OK 
[2026-07-23 17:31:34,731] INFO: v2_osm_manhattan_midtown_exact_500m_0m_0485 FAIL_BUILD_OSM too few segments (14 < 20)
[2026-07-23 17:31:34,732] INFO: v2_osm_mit_campus_reality_offset_n_1000m_1000m_0486 OK 
[2026-07-23 17:31:34,732] INFO: v2_osm_nuuksio_sparse_trails_offset_e_1500m_1500m_0487 OK 
[2026-07-23 17:31:34,732] INFO: v2_osm_rio_centro_buses_offset_s_2500m_200m_0488 OK 
[2026-07-23 17:31:34,732] INFO: v2_osm_roma_centro_offset_w_5000m_500m_0489 OK 
[2026-07-23 17:31:34,733] INFO: v2_osm_sf_cabspotting_downtown_exact_500m_0m_0490 OK 
[2026-07-23 17:31:34,733] INFO: v2_osm_sf_mission_corridor_offset_n_1000m_1500m_0491 OK 
[2026-07-23 17:31:34,733] INFO: v2_osm_tampere_suburban_offset_e_1500m_200m_0492 OK 
[2026-07-23 17:31:34,733] INFO: v2_osm_cambridge_haggle_offset_s_2500m_500m_0493 OK 
[2026-07-23 17:31:34,733] INFO: v2_osm_dieselnet_amherst_offset_w_5000m_1000m_0494 OK 
[2026-07-23 17:31:34,734] INFO: v2_osm_helsinki_archipelago_exact_500m_0m_0495 OK 
[2026-07-23 17:31:34,734] INFO: v2_osm_helsinki_disrupted_offset_n_1000m_200m_0496 OK 
[2026-07-23 17:31:34,734] INFO: v2_osm_helsinki_downtown_offset_e_1500m_500m_0497 OK 
[2026-07-23 17:31:34,734] INFO: v2_osm_kallio_community_offset_s_2500m_1000m_0498 OK 
[2026-07-23 17:31:34,734] INFO: v2_osm_kumpula_campus_offset_w_5000m_1500m_0499 OK 
[2026-07-23 17:31:34,735] INFO: v2_osm_lapland_rural_sparse_exact_500m_0m_0500 OK 
[2026-07-23 17:31:34,735] INFO: v2_osm_london_industrial_corridor_offset_n_1000m_500m_0501 OK 
[2026-07-23 17:31:34,735] INFO: v2_osm_manhattan_midtown_offset_e_1500m_1000m_0502 OK 
[2026-07-23 17:31:34,735] INFO: v2_osm_mit_campus_reality_offset_s_2500m_1500m_0503 OK 
[2026-07-23 17:31:34,736] INFO: v2_osm_nuuksio_sparse_trails_offset_w_5000m_200m_0504 OK 
[2026-07-23 17:31:34,736] INFO: v2_osm_rio_centro_buses_exact_500m_0m_0505 OK 
[2026-07-23 17:31:34,736] INFO: v2_osm_roma_centro_offset_n_1000m_1000m_0506 OK 
[2026-07-23 17:31:34,736] INFO: v2_osm_sf_cabspotting_downtown_offset_e_1500m_1500m_0507 OK 
[2026-07-23 17:31:34,736] INFO: v2_osm_sf_mission_corridor_offset_s_2500m_200m_0508 OK 
[2026-07-23 17:31:34,737] INFO: v2_osm_tampere_suburban_offset_w_5000m_500m_0509 OK 
[2026-07-23 17:31:34,737] INFO: v2_osm_cambridge_haggle_exact_500m_0m_0510 OK 
[2026-07-23 17:31:34,737] INFO: v2_osm_dieselnet_amherst_offset_n_1000m_1500m_0511 OK 
[2026-07-23 17:31:34,737] INFO: v2_osm_helsinki_archipelago_offset_e_1500m_200m_0512 OK 
[2026-07-23 17:31:34,737] INFO: v2_osm_helsinki_disrupted_offset_s_2500m_500m_0513 OK 
[2026-07-23 17:31:34,738] INFO: v2_osm_helsinki_downtown_offset_w_5000m_1000m_0514 OK 
[2026-07-23 17:31:34,738] INFO: v2_osm_kallio_community_exact_500m_0m_0515 OK 
[2026-07-23 17:31:34,738] INFO: v2_osm_kumpula_campus_offset_n_1000m_200m_0516 OK 
[2026-07-23 17:31:34,738] INFO: v2_osm_lapland_rural_sparse_offset_e_1500m_500m_0517 OK 
[2026-07-23 17:31:34,738] INFO: v2_osm_london_industrial_corridor_offset_s_2500m_1000m_0518 OK 
[2026-07-23 17:31:34,739] INFO: v2_osm_manhattan_midtown_offset_w_5000m_1500m_0519 OK 
[2026-07-23 17:31:34,739] INFO: v2_osm_mit_campus_reality_exact_500m_0m_0520 OK 
[2026-07-23 17:31:34,753] INFO: v2_osm_nuuksio_sparse_trails_offset_n_1000m_500m_0521 FAIL_BUILD_OSM too few segments (14 < 20)
[2026-07-23 17:31:34,753] INFO: v2_osm_rio_centro_buses_offset_e_1500m_1000m_0522 OK 
[2026-07-23 17:31:34,753] INFO: v2_osm_roma_centro_offset_s_2500m_1500m_0523 OK 
[2026-07-23 17:31:34,754] INFO: v2_osm_sf_cabspotting_downtown_offset_w_5000m_200m_0524 OK 
[2026-07-23 17:31:34,755] INFO: v2_osm_sf_mission_corridor_exact_500m_0m_0525 OK 
[2026-07-23 17:31:34,767] INFO: v2_osm_tampere_suburban_offset_n_1000m_1000m_0526 FAIL_BUILD_OSM too few segments (2 < 20)
[2026-07-23 17:31:34,767] INFO: v2_osm_cambridge_haggle_offset_e_1500m_1500m_0527 OK 
[2026-07-23 17:31:34,768] INFO: v2_osm_dieselnet_amherst_offset_s_2500m_200m_0528 OK 
[2026-07-23 17:31:34,768] INFO: v2_osm_helsinki_archipelago_offset_w_5000m_500m_0529 OK 
[2026-07-23 17:31:34,768] INFO: v2_osm_helsinki_disrupted_exact_500m_0m_0530 OK 
[2026-07-23 17:31:34,768] INFO: v2_osm_helsinki_downtown_offset_n_1000m_1500m_0531 OK 
[2026-07-23 17:31:34,768] INFO: v2_osm_kallio_community_offset_e_1500m_200m_0532 OK 
[2026-07-23 17:31:34,769] INFO: v2_osm_kumpula_campus_offset_s_2500m_500m_0533 OK 
[2026-07-23 17:31:34,769] INFO: v2_osm_lapland_rural_sparse_offset_w_5000m_1000m_0534 OK 
[2026-07-23 17:31:34,769] INFO: v2_osm_london_industrial_corridor_exact_500m_0m_0535 OK 
[2026-07-23 17:31:34,769] INFO: v2_osm_manhattan_midtown_offset_n_1000m_200m_0536 OK 
[2026-07-23 17:31:34,769] INFO: v2_osm_mit_campus_reality_offset_e_1500m_500m_0537 OK 
[2026-07-23 17:31:34,769] INFO: v2_osm_nuuksio_sparse_trails_offset_s_2500m_1000m_0538 OK 
[2026-07-23 17:31:34,770] INFO: v2_osm_rio_centro_buses_offset_w_5000m_1500m_0539 OK 
[2026-07-23 17:31:34,770] INFO: v2_osm_roma_centro_exact_500m_0m_0540 OK 
[2026-07-23 17:31:34,770] INFO: v2_osm_sf_cabspotting_downtown_offset_n_1000m_500m_0541 OK 
[2026-07-23 17:31:34,770] INFO: v2_osm_sf_mission_corridor_offset_e_1500m_1000m_0542 OK 
[2026-07-23 17:31:34,770] INFO: v2_osm_tampere_suburban_offset_s_2500m_1500m_0543 OK 
[2026-07-23 17:31:34,771] INFO: v2_osm_cambridge_haggle_offset_w_5000m_200m_0544 OK 
[2026-07-23 17:31:34,771] INFO: v2_osm_dieselnet_amherst_exact_500m_0m_0545 OK 
[2026-07-23 17:31:34,771] INFO: v2_osm_helsinki_archipelago_offset_n_1000m_1000m_0546 OK 
[2026-07-23 17:31:45,845] INFO: v2_osm_helsinki_disrupted_offset_e_1500m_1500m_0547 OK 
[2026-07-23 17:31:56,377] INFO: v2_osm_helsinki_downtown_offset_s_2500m_200m_0548 OK 
[2026-07-23 17:33:46,623] INFO: v2_osm_kallio_community_offset_w_5000m_500m_0549 OK 
[2026-07-23 17:33:56,170] INFO: v2_osm_kumpula_campus_exact_500m_0m_0550 OK 
[2026-07-23 17:34:04,462] INFO: v2_osm_lapland_rural_sparse_offset_n_1000m_1500m_0551 FAIL_BUILD_OSM too few segments (2 < 20)
[2026-07-23 17:34:13,614] INFO: v2_osm_london_industrial_corridor_offset_e_1500m_200m_0552 OK 
[2026-07-23 17:34:34,020] INFO: v2_osm_manhattan_midtown_offset_s_2500m_500m_0553 OK 
[2026-07-23 17:35:53,347] INFO: v2_osm_mit_campus_reality_offset_w_5000m_1000m_0554 OK 
[2026-07-23 17:36:01,548] INFO: v2_osm_nuuksio_sparse_trails_exact_500m_0m_0555 FAIL_BUILD_OSM too few segments (8 < 20)
[2026-07-23 17:36:09,976] INFO: v2_osm_rio_centro_buses_offset_n_1000m_200m_0556 OK 
[2026-07-23 17:36:18,931] INFO: v2_osm_roma_centro_offset_e_1500m_500m_0557 OK 
[2026-07-23 17:36:29,123] INFO: v2_osm_sf_cabspotting_downtown_offset_s_2500m_1000m_0558 OK 
[2026-07-23 17:36:53,167] INFO: v2_osm_sf_mission_corridor_offset_w_5000m_1500m_0559 OK 
[2026-07-23 17:37:01,347] INFO: v2_osm_tampere_suburban_exact_500m_0m_0560 FAIL_BUILD_OSM osm_process: Graph contains no edges.
[2026-07-23 17:37:13,340] INFO: v2_osm_cambridge_haggle_offset_n_1000m_500m_0561 OK 
[2026-07-23 17:37:22,259] INFO: v2_osm_dieselnet_amherst_offset_e_1500m_1000m_0562 OK 
[2026-07-23 17:37:35,245] INFO: v2_osm_helsinki_archipelago_offset_s_2500m_1500m_0563 OK 
[2026-07-23 17:39:00,581] INFO: v2_osm_helsinki_disrupted_offset_w_5000m_200m_0564 OK 
[2026-07-23 17:39:09,053] INFO: v2_osm_helsinki_downtown_exact_500m_0m_0565 OK 
[2026-07-23 17:39:23,321] INFO: v2_osm_kallio_community_offset_n_1000m_1000m_0566 OK 
[2026-07-23 17:39:41,354] INFO: v2_osm_kumpula_campus_offset_e_1500m_1500m_0567 OK 
[2026-07-23 17:39:50,599] INFO: v2_osm_lapland_rural_sparse_offset_s_2500m_200m_0568 OK 
[2026-07-23 17:40:09,485] INFO: v2_osm_london_industrial_corridor_offset_w_5000m_500m_0569 OK 
[2026-07-23 17:40:17,735] INFO: v2_osm_manhattan_midtown_exact_500m_0m_0570 FAIL_BUILD_OSM too few segments (14 < 20)
[2026-07-23 17:40:31,095] INFO: v2_osm_mit_campus_reality_offset_n_1000m_1500m_0571 OK 
[2026-07-23 17:40:31,096] INFO: v2_osm_nuuksio_sparse_trails_offset_e_1500m_200m_0572 FAIL_DOWNLOAD_SKIPPED max OSM downloads reached or disabled
[2026-07-23 17:40:31,096] INFO: v2_osm_rio_centro_buses_offset_s_2500m_500m_0573 FAIL_DOWNLOAD_SKIPPED max OSM downloads reached or disabled
[2026-07-23 17:40:31,096] INFO: v2_osm_roma_centro_offset_w_5000m_1000m_0574 FAIL_DOWNLOAD_SKIPPED max OSM downloads reached or disabled
[2026-07-23 17:40:31,096] INFO: v2_osm_sf_cabspotting_downtown_exact_500m_0m_0575 FAIL_DOWNLOAD_SKIPPED max OSM downloads reached or disabled
[2026-07-23 17:40:31,096] INFO: v2_osm_sf_mission_corridor_offset_n_1000m_200m_0576 FAIL_DOWNLOAD_SKIPPED max OSM downloads reached or disabled
[2026-07-23 17:40:31,096] INFO: v2_osm_tampere_suburban_offset_e_1500m_500m_0577 FAIL_DOWNLOAD_SKIPPED max OSM downloads reached or disabled
[2026-07-23 17:40:31,096] INFO: v2_osm_cambridge_haggle_offset_s_2500m_1000m_0578 FAIL_DOWNLOAD_SKIPPED max OSM downloads reached or disabled
[2026-07-23 17:40:31,096] INFO: v2_osm_dieselnet_amherst_offset_w_5000m_1500m_0579 FAIL_DOWNLOAD_SKIPPED max OSM downloads reached or disabled
[2026-07-23 17:40:31,096] INFO: v2_osm_helsinki_archipelago_exact_500m_0m_0580 FAIL_DOWNLOAD_SKIPPED max OSM downloads reached or disabled
[2026-07-23 17:40:31,096] INFO: v2_osm_helsinki_disrupted_offset_n_1000m_500m_0581 FAIL_DOWNLOAD_SKIPPED max OSM downloads reached or disabled
[2026-07-23 17:40:31,096] INFO: v2_osm_helsinki_downtown_offset_e_1500m_1000m_0582 FAIL_DOWNLOAD_SKIPPED max OSM downloads reached or disabled
[2026-07-23 17:40:31,096] INFO: v2_osm_kallio_community_offset_s_2500m_1500m_0583 FAIL_DOWNLOAD_SKIPPED max OSM downloads reached or disabled
[2026-07-23 17:40:31,097] INFO: v2_osm_kumpula_campus_offset_w_5000m_200m_0584 FAIL_DOWNLOAD_SKIPPED max OSM downloads reached or disabled
[2026-07-23 17:40:31,097] INFO: v2_osm_lapland_rural_sparse_exact_500m_0m_0585 FAIL_DOWNLOAD_SKIPPED max OSM downloads reached or disabled
[2026-07-23 17:40:31,097] INFO: v2_osm_london_industrial_corridor_offset_n_1000m_1000m_0586 FAIL_DOWNLOAD_SKIPPED max OSM downloads reached or disabled
[2026-07-23 17:40:31,097] INFO: v2_osm_manhattan_midtown_offset_e_1500m_1500m_0587 FAIL_DOWNLOAD_SKIPPED max OSM downloads reached or disabled
[2026-07-23 17:40:31,097] INFO: v2_osm_mit_campus_reality_offset_s_2500m_200m_0588 FAIL_DOWNLOAD_SKIPPED max OSM downloads reached or disabled
[2026-07-23 17:40:31,097] INFO: v2_osm_nuuksio_sparse_trails_offset_w_5000m_500m_0589 FAIL_DOWNLOAD_SKIPPED max OSM downloads reached or disabled
[2026-07-23 17:40:31,097] INFO: v2_osm_rio_centro_buses_exact_500m_0m_0590 FAIL_DOWNLOAD_SKIPPED max OSM downloads reached or disabled
[2026-07-23 17:40:31,097] INFO: v2_osm_roma_centro_offset_n_1000m_1500m_0591 FAIL_DOWNLOAD_SKIPPED max OSM downloads reached or disabled
[2026-07-23 17:40:31,097] INFO: v2_osm_sf_cabspotting_downtown_offset_e_1500m_200m_0592 FAIL_DOWNLOAD_SKIPPED max OSM downloads reached or disabled
[2026-07-23 17:40:31,097] INFO: v2_osm_sf_mission_corridor_offset_s_2500m_500m_0593 FAIL_DOWNLOAD_SKIPPED max OSM downloads reached or disabled
[2026-07-23 17:40:31,097] INFO: v2_osm_tampere_suburban_offset_w_5000m_1000m_0594 FAIL_DOWNLOAD_SKIPPED max OSM downloads reached or disabled
[2026-07-23 17:40:31,097] INFO: v2_osm_cambridge_haggle_exact_500m_0m_0595 FAIL_DOWNLOAD_SKIPPED max OSM downloads reached or disabled
[2026-07-23 17:40:31,097] INFO: v2_osm_dieselnet_amherst_offset_n_1000m_200m_0596 FAIL_DOWNLOAD_SKIPPED max OSM downloads reached or disabled
[2026-07-23 17:40:31,098] INFO: v2_osm_helsinki_archipelago_offset_e_1500m_500m_0597 FAIL_DOWNLOAD_SKIPPED max OSM downloads reached or disabled
[2026-07-23 17:40:31,098] INFO: v2_osm_helsinki_disrupted_offset_s_2500m_1000m_0598 FAIL_DOWNLOAD_SKIPPED max OSM downloads reached or disabled
[2026-07-23 17:40:31,098] INFO: v2_osm_helsinki_downtown_offset_w_5000m_1500m_0599 FAIL_DOWNLOAD_SKIPPED max OSM downloads reached or disabled
[2026-07-23 17:40:31,098] INFO: v2_osm_kallio_community_exact_500m_0m_0600 FAIL_DOWNLOAD_SKIPPED max OSM downloads reached or disabled
[2026-07-23 17:40:31,098] INFO: v2_osm_kumpula_campus_offset_n_1000m_500m_0601 FAIL_DOWNLOAD_SKIPPED max OSM downloads reached or disabled
[2026-07-23 17:40:31,098] INFO: v2_osm_lapland_rural_sparse_offset_e_1500m_1000m_0602 FAIL_DOWNLOAD_SKIPPED max OSM downloads reached or disabled
[2026-07-23 17:40:31,098] INFO: v2_osm_london_industrial_corridor_offset_s_2500m_1500m_0603 FAIL_DOWNLOAD_SKIPPED max OSM downloads reached or disabled
[2026-07-23 17:40:31,098] INFO: v2_osm_manhattan_midtown_offset_w_5000m_200m_0604 FAIL_DOWNLOAD_SKIPPED max OSM downloads reached or disabled
[2026-07-23 17:40:31,098] INFO: v2_osm_mit_campus_reality_exact_500m_0m_0605 FAIL_DOWNLOAD_SKIPPED max OSM downloads reached or disabled
[2026-07-23 17:40:31,098] INFO: v2_osm_nuuksio_sparse_trails_offset_n_1000m_1000m_0606 FAIL_DOWNLOAD_SKIPPED max OSM downloads reached or disabled
[2026-07-23 17:40:31,098] INFO: v2_osm_rio_centro_buses_offset_e_1500m_1500m_0607 FAIL_DOWNLOAD_SKIPPED max OSM downloads reached or disabled
[2026-07-23 17:40:31,098] INFO: v2_osm_roma_centro_offset_s_2500m_200m_0608 FAIL_DOWNLOAD_SKIPPED max OSM downloads reached or disabled
[2026-07-23 17:40:31,099] INFO: v2_osm_sf_cabspotting_downtown_offset_w_5000m_500m_0609 FAIL_DOWNLOAD_SKIPPED max OSM downloads reached or disabled
[2026-07-23 17:40:31,099] INFO: v2_osm_sf_mission_corridor_exact_500m_0m_0610 FAIL_DOWNLOAD_SKIPPED max OSM downloads reached or disabled
[2026-07-23 17:40:31,099] INFO: v2_osm_tampere_suburban_offset_n_1000m_1500m_0611 FAIL_DOWNLOAD_SKIPPED max OSM downloads reached or disabled
[2026-07-23 17:40:31,099] INFO: v2_osm_cambridge_haggle_offset_e_1500m_200m_0612 FAIL_DOWNLOAD_SKIPPED max OSM downloads reached or disabled
[2026-07-23 17:40:31,099] INFO: v2_osm_dieselnet_amherst_offset_s_2500m_500m_0613 FAIL_DOWNLOAD_SKIPPED max OSM downloads reached or disabled
[2026-07-23 17:40:31,099] INFO: v2_osm_helsinki_archipelago_offset_w_5000m_1000m_0614 FAIL_DOWNLOAD_SKIPPED max OSM downloads reached or disabled
[2026-07-23 17:40:31,099] INFO: v2_osm_helsinki_disrupted_exact_500m_0m_0615 FAIL_DOWNLOAD_SKIPPED max OSM downloads reached or disabled
[2026-07-23 17:40:31,099] INFO: v2_osm_helsinki_downtown_offset_n_1000m_200m_0616 FAIL_DOWNLOAD_SKIPPED max OSM downloads reached or disabled
[2026-07-23 17:40:31,099] INFO: v2_osm_kallio_community_offset_e_1500m_500m_0617 FAIL_DOWNLOAD_SKIPPED max OSM downloads reached or disabled
[2026-07-23 17:40:31,099] INFO: v2_osm_kumpula_campus_offset_s_2500m_1000m_0618 FAIL_DOWNLOAD_SKIPPED max OSM downloads reached or disabled
[2026-07-23 17:40:31,099] INFO: v2_osm_lapland_rural_sparse_offset_w_5000m_1500m_0619 FAIL_DOWNLOAD_SKIPPED max OSM downloads reached or disabled
[2026-07-23 17:40:31,099] INFO: v2_osm_london_industrial_corridor_exact_500m_0m_0620 FAIL_DOWNLOAD_SKIPPED max OSM downloads reached or disabled
[2026-07-23 17:40:31,099] INFO: v2_osm_manhattan_midtown_offset_n_1000m_500m_0621 FAIL_DOWNLOAD_SKIPPED max OSM downloads reached or disabled
[2026-07-23 17:40:31,099] INFO: v2_osm_mit_campus_reality_offset_e_1500m_1000m_0622 FAIL_DOWNLOAD_SKIPPED max OSM downloads reached or disabled
[2026-07-23 17:40:31,100] INFO: v2_osm_nuuksio_sparse_trails_offset_s_2500m_1500m_0623 FAIL_DOWNLOAD_SKIPPED max OSM downloads reached or disabled
[2026-07-23 17:40:31,100] INFO: v2_osm_rio_centro_buses_offset_w_5000m_200m_0624 FAIL_DOWNLOAD_SKIPPED max OSM downloads reached or disabled
[2026-07-23 17:40:31,100] INFO: v2_osm_roma_centro_exact_500m_0m_0625 FAIL_DOWNLOAD_SKIPPED max OSM downloads reached or disabled
[2026-07-23 17:40:31,100] INFO: v2_osm_sf_cabspotting_downtown_offset_n_1000m_1000m_0626 FAIL_DOWNLOAD_SKIPPED max OSM downloads reached or disabled
[2026-07-23 17:40:31,100] INFO: v2_osm_sf_mission_corridor_offset_e_1500m_1500m_0627 FAIL_DOWNLOAD_SKIPPED max OSM downloads reached or disabled
[2026-07-23 17:40:31,100] INFO: v2_osm_tampere_suburban_offset_s_2500m_200m_0628 FAIL_DOWNLOAD_SKIPPED max OSM downloads reached or disabled
[2026-07-23 17:40:31,100] INFO: v2_osm_cambridge_haggle_offset_w_5000m_500m_0629 FAIL_DOWNLOAD_SKIPPED max OSM downloads reached or disabled
[2026-07-23 17:40:31,100] INFO: v2_osm_dieselnet_amherst_exact_500m_0m_0630 FAIL_DOWNLOAD_SKIPPED max OSM downloads reached or disabled
[2026-07-23 17:40:31,100] INFO: v2_osm_helsinki_archipelago_offset_n_1000m_1500m_0631 FAIL_DOWNLOAD_SKIPPED max OSM downloads reached or disabled
[2026-07-23 17:40:31,100] INFO: v2_osm_helsinki_disrupted_offset_e_1500m_200m_0632 FAIL_DOWNLOAD_SKIPPED max OSM downloads reached or disabled
[2026-07-23 17:40:31,100] INFO: v2_osm_helsinki_downtown_offset_s_2500m_500m_0633 FAIL_DOWNLOAD_SKIPPED max OSM downloads reached or disabled
[2026-07-23 17:40:31,100] INFO: v2_osm_kallio_community_offset_w_5000m_1000m_0634 FAIL_DOWNLOAD_SKIPPED max OSM downloads reached or disabled
[2026-07-23 17:40:31,100] INFO: v2_osm_kumpula_campus_exact_500m_0m_0635 FAIL_DOWNLOAD_SKIPPED max OSM downloads reached or disabled
[2026-07-23 17:40:31,100] INFO: v2_osm_lapland_rural_sparse_offset_n_1000m_200m_0636 FAIL_DOWNLOAD_SKIPPED max OSM downloads reached or disabled
[2026-07-23 17:40:31,100] INFO: v2_osm_london_industrial_corridor_offset_e_1500m_500m_0637 FAIL_DOWNLOAD_SKIPPED max OSM downloads reached or disabled
[2026-07-23 17:40:31,100] INFO: v2_osm_manhattan_midtown_offset_s_2500m_1000m_0638 FAIL_DOWNLOAD_SKIPPED max OSM downloads reached or disabled
[2026-07-23 17:40:31,101] INFO: v2_osm_mit_campus_reality_offset_w_5000m_1500m_0639 FAIL_DOWNLOAD_SKIPPED max OSM downloads reached or disabled
[2026-07-23 17:40:31,101] INFO: v2_osm_nuuksio_sparse_trails_exact_500m_0m_0640 FAIL_DOWNLOAD_SKIPPED max OSM downloads reached or disabled
[2026-07-23 17:40:31,101] INFO: v2_osm_rio_centro_buses_offset_n_1000m_500m_0641 FAIL_DOWNLOAD_SKIPPED max OSM downloads reached or disabled
[2026-07-23 17:40:31,101] INFO: v2_osm_roma_centro_offset_e_1500m_1000m_0642 FAIL_DOWNLOAD_SKIPPED max OSM downloads reached or disabled
[2026-07-23 17:40:31,101] INFO: v2_osm_sf_cabspotting_downtown_offset_s_2500m_1500m_0643 FAIL_DOWNLOAD_SKIPPED max OSM downloads reached or disabled
[2026-07-23 17:40:31,101] INFO: v2_osm_sf_mission_corridor_offset_w_5000m_200m_0644 FAIL_DOWNLOAD_SKIPPED max OSM downloads reached or disabled
[2026-07-23 17:40:31,101] INFO: v2_osm_tampere_suburban_exact_500m_0m_0645 FAIL_DOWNLOAD_SKIPPED max OSM downloads reached or disabled
[2026-07-23 17:40:31,101] INFO: v2_osm_cambridge_haggle_offset_n_1000m_1000m_0646 FAIL_DOWNLOAD_SKIPPED max OSM downloads reached or disabled
[2026-07-23 17:40:31,101] INFO: v2_osm_dieselnet_amherst_offset_e_1500m_1500m_0647 FAIL_DOWNLOAD_SKIPPED max OSM downloads reached or disabled
[2026-07-23 17:40:31,101] INFO: v2_osm_helsinki_archipelago_offset_s_2500m_200m_0648 FAIL_DOWNLOAD_SKIPPED max OSM downloads reached or disabled
[2026-07-23 17:40:31,101] INFO: v2_osm_helsinki_disrupted_offset_w_5000m_500m_0649 FAIL_DOWNLOAD_SKIPPED max OSM downloads reached or disabled
[2026-07-23 17:40:31,101] INFO: v2_osm_helsinki_downtown_exact_500m_0m_0650 FAIL_DOWNLOAD_SKIPPED max OSM downloads reached or disabled
[2026-07-23 17:40:31,101] INFO: v2_osm_kallio_community_offset_n_1000m_1500m_0651 FAIL_DOWNLOAD_SKIPPED max OSM downloads reached or disabled
[2026-07-23 17:40:31,101] INFO: v2_osm_kumpula_campus_offset_e_1500m_200m_0652 FAIL_DOWNLOAD_SKIPPED max OSM downloads reached or disabled
[2026-07-23 17:40:31,101] INFO: v2_osm_lapland_rural_sparse_offset_s_2500m_500m_0653 FAIL_DOWNLOAD_SKIPPED max OSM downloads reached or disabled
[2026-07-23 17:40:31,101] INFO: v2_osm_london_industrial_corridor_offset_w_5000m_1000m_0654 FAIL_DOWNLOAD_SKIPPED max OSM downloads reached or disabled
[2026-07-23 17:40:31,102] INFO: v2_osm_manhattan_midtown_exact_500m_0m_0655 FAIL_DOWNLOAD_SKIPPED max OSM downloads reached or disabled
[2026-07-23 17:40:31,102] INFO: v2_osm_mit_campus_reality_offset_n_1000m_200m_0656 FAIL_DOWNLOAD_SKIPPED max OSM downloads reached or disabled
[2026-07-23 17:40:31,102] INFO: v2_osm_nuuksio_sparse_trails_offset_e_1500m_500m_0657 FAIL_DOWNLOAD_SKIPPED max OSM downloads reached or disabled
[2026-07-23 17:40:31,102] INFO: v2_osm_rio_centro_buses_offset_s_2500m_1000m_0658 FAIL_DOWNLOAD_SKIPPED max OSM downloads reached or disabled
[2026-07-23 17:40:31,102] INFO: v2_osm_roma_centro_offset_w_5000m_1500m_0659 FAIL_DOWNLOAD_SKIPPED max OSM downloads reached or disabled
[2026-07-23 17:40:31,102] INFO: v2_osm_sf_cabspotting_downtown_exact_500m_0m_0660 FAIL_DOWNLOAD_SKIPPED max OSM downloads reached or disabled
[2026-07-23 17:40:31,102] INFO: v2_osm_sf_mission_corridor_offset_n_1000m_500m_0661 FAIL_DOWNLOAD_SKIPPED max OSM downloads reached or disabled
[2026-07-23 17:40:31,102] INFO: v2_osm_tampere_suburban_offset_e_1500m_1000m_0662 FAIL_DOWNLOAD_SKIPPED max OSM downloads reached or disabled
[2026-07-23 17:40:31,102] INFO: v2_osm_cambridge_haggle_offset_s_2500m_1500m_0663 FAIL_DOWNLOAD_SKIPPED max OSM downloads reached or disabled
[2026-07-23 17:40:31,102] INFO: v2_osm_dieselnet_amherst_offset_w_5000m_200m_0664 FAIL_DOWNLOAD_SKIPPED max OSM downloads reached or disabled
[2026-07-23 17:40:31,102] INFO: v2_osm_helsinki_archipelago_exact_500m_0m_0665 FAIL_DOWNLOAD_SKIPPED max OSM downloads reached or disabled
[2026-07-23 17:40:31,102] INFO: v2_osm_helsinki_disrupted_offset_n_1000m_1000m_0666 FAIL_DOWNLOAD_SKIPPED max OSM downloads reached or disabled
[2026-07-23 17:40:31,102] INFO: v2_osm_helsinki_downtown_offset_e_1500m_1500m_0667 FAIL_DOWNLOAD_SKIPPED max OSM downloads reached or disabled
[2026-07-23 17:40:31,102] INFO: v2_osm_kallio_community_offset_s_2500m_200m_0668 FAIL_DOWNLOAD_SKIPPED max OSM downloads reached or disabled
[2026-07-23 17:40:31,102] INFO: v2_osm_kumpula_campus_offset_w_5000m_500m_0669 FAIL_DOWNLOAD_SKIPPED max OSM downloads reached or disabled
[2026-07-23 17:40:31,103] INFO: v2_osm_lapland_rural_sparse_exact_500m_0m_0670 FAIL_DOWNLOAD_SKIPPED max OSM downloads reached or disabled
[2026-07-23 17:40:31,103] INFO: v2_osm_london_industrial_corridor_offset_n_1000m_1500m_0671 FAIL_DOWNLOAD_SKIPPED max OSM downloads reached or disabled
[2026-07-23 17:40:31,103] INFO: v2_osm_manhattan_midtown_offset_e_1500m_200m_0672 FAIL_DOWNLOAD_SKIPPED max OSM downloads reached or disabled
[2026-07-23 17:40:31,103] INFO: v2_osm_mit_campus_reality_offset_s_2500m_500m_0673 FAIL_DOWNLOAD_SKIPPED max OSM downloads reached or disabled
[2026-07-23 17:40:31,103] INFO: v2_osm_nuuksio_sparse_trails_offset_w_5000m_1000m_0674 FAIL_DOWNLOAD_SKIPPED max OSM downloads reached or disabled
[2026-07-23 17:40:31,103] INFO: v2_osm_rio_centro_buses_exact_500m_0m_0675 FAIL_DOWNLOAD_SKIPPED max OSM downloads reached or disabled
[2026-07-23 17:40:31,103] INFO: v2_osm_roma_centro_offset_n_1000m_200m_0676 FAIL_DOWNLOAD_SKIPPED max OSM downloads reached or disabled
[2026-07-23 17:40:31,103] INFO: v2_osm_sf_cabspotting_downtown_offset_e_1500m_500m_0677 FAIL_DOWNLOAD_SKIPPED max OSM downloads reached or disabled
[2026-07-23 17:40:31,103] INFO: v2_osm_sf_mission_corridor_offset_s_2500m_1000m_0678 FAIL_DOWNLOAD_SKIPPED max OSM downloads reached or disabled
[2026-07-23 17:40:31,103] INFO: v2_osm_tampere_suburban_offset_w_5000m_1500m_0679 FAIL_DOWNLOAD_SKIPPED max OSM downloads reached or disabled
[2026-07-23 17:40:31,103] INFO: v2_osm_cambridge_haggle_exact_500m_0m_0680 FAIL_DOWNLOAD_SKIPPED max OSM downloads reached or disabled
[2026-07-23 17:40:31,103] INFO: v2_osm_dieselnet_amherst_offset_n_1000m_500m_0681 FAIL_DOWNLOAD_SKIPPED max OSM downloads reached or disabled
[2026-07-23 17:40:31,103] INFO: v2_osm_helsinki_archipelago_offset_e_1500m_1000m_0682 FAIL_DOWNLOAD_SKIPPED max OSM downloads reached or disabled
[2026-07-23 17:40:31,103] INFO: v2_osm_helsinki_disrupted_offset_s_2500m_1500m_0683 FAIL_DOWNLOAD_SKIPPED max OSM downloads reached or disabled
[2026-07-23 17:40:31,103] INFO: v2_osm_helsinki_downtown_offset_w_5000m_200m_0684 FAIL_DOWNLOAD_SKIPPED max OSM downloads reached or disabled
[2026-07-23 17:40:31,104] INFO: v2_osm_kallio_community_exact_500m_0m_0685 FAIL_DOWNLOAD_SKIPPED max OSM downloads reached or disabled
[2026-07-23 17:40:31,104] INFO: v2_osm_kumpula_campus_offset_n_1000m_1000m_0686 FAIL_DOWNLOAD_SKIPPED max OSM downloads reached or disabled
[2026-07-23 17:40:31,104] INFO: v2_osm_lapland_rural_sparse_offset_e_1500m_1500m_0687 FAIL_DOWNLOAD_SKIPPED max OSM downloads reached or disabled
[2026-07-23 17:40:31,104] INFO: v2_osm_london_industrial_corridor_offset_s_2500m_200m_0688 FAIL_DOWNLOAD_SKIPPED max OSM downloads reached or disabled
[2026-07-23 17:40:31,104] INFO: v2_osm_manhattan_midtown_offset_w_5000m_500m_0689 FAIL_DOWNLOAD_SKIPPED max OSM downloads reached or disabled
[2026-07-23 17:40:31,104] INFO: v2_osm_mit_campus_reality_exact_500m_0m_0690 FAIL_DOWNLOAD_SKIPPED max OSM downloads reached or disabled
[2026-07-23 17:40:31,104] INFO: v2_osm_nuuksio_sparse_trails_offset_n_1000m_1500m_0691 FAIL_DOWNLOAD_SKIPPED max OSM downloads reached or disabled
[2026-07-23 17:40:31,104] INFO: v2_osm_rio_centro_buses_offset_e_1500m_200m_0692 FAIL_DOWNLOAD_SKIPPED max OSM downloads reached or disabled
[2026-07-23 17:40:31,104] INFO: v2_osm_roma_centro_offset_s_2500m_500m_0693 FAIL_DOWNLOAD_SKIPPED max OSM downloads reached or disabled
[2026-07-23 17:40:31,104] INFO: v2_osm_sf_cabspotting_downtown_offset_w_5000m_1000m_0694 FAIL_DOWNLOAD_SKIPPED max OSM downloads reached or disabled
[2026-07-23 17:40:31,104] INFO: v2_osm_sf_mission_corridor_exact_500m_0m_0695 FAIL_DOWNLOAD_SKIPPED max OSM downloads reached or disabled
[2026-07-23 17:40:31,104] INFO: v2_osm_tampere_suburban_offset_n_1000m_200m_0696 FAIL_DOWNLOAD_SKIPPED max OSM downloads reached or disabled
[2026-07-23 17:40:31,104] INFO: v2_osm_cambridge_haggle_offset_e_1500m_500m_0697 FAIL_DOWNLOAD_SKIPPED max OSM downloads reached or disabled
[2026-07-23 17:40:31,104] INFO: v2_osm_dieselnet_amherst_offset_s_2500m_1000m_0698 FAIL_DOWNLOAD_SKIPPED max OSM downloads reached or disabled
[2026-07-23 17:40:31,105] INFO: v2_osm_helsinki_archipelago_offset_w_5000m_1500m_0699 FAIL_DOWNLOAD_SKIPPED max OSM downloads reached or disabled
[2026-07-23 17:40:31,105] INFO: v2_osm_helsinki_disrupted_exact_500m_0m_0700 FAIL_DOWNLOAD_SKIPPED max OSM downloads reached or disabled
[2026-07-23 17:40:31,105] INFO: v2_osm_helsinki_downtown_offset_n_1000m_500m_0701 FAIL_DOWNLOAD_SKIPPED max OSM downloads reached or disabled
[2026-07-23 17:40:31,126] INFO: Generation complete: 552/719 OK
--- Round 3 --- skip=130 osm_ok=552 osm_total=719
>> generate osm max-downloads=25 target=1600
[2026-07-23 17:40:46,883] INFO: v2_osm_cambridge_haggle_exact_500m_0m_seed OK 
[2026-07-23 17:40:46,883] INFO: v2_osm_dieselnet_amherst_exact_500m_0m_seed OK 
[2026-07-23 17:40:46,884] INFO: v2_osm_helsinki_archipelago_exact_500m_0m_seed OK 
[2026-07-23 17:40:46,884] INFO: v2_osm_helsinki_disrupted_exact_500m_0m_seed OK 
[2026-07-23 17:40:46,884] INFO: v2_osm_helsinki_downtown_exact_500m_0m_seed OK 
[2026-07-23 17:40:46,885] INFO: v2_osm_kallio_community_exact_500m_0m_seed OK 
[2026-07-23 17:40:46,885] INFO: v2_osm_kumpula_campus_exact_500m_0m_seed OK 
[2026-07-23 17:40:46,885] INFO: v2_osm_lapland_rural_sparse_exact_500m_0m_seed OK 
[2026-07-23 17:40:46,885] INFO: v2_osm_london_industrial_corridor_exact_500m_0m_seed OK 
[2026-07-23 17:40:47,731] INFO: v2_osm_manhattan_midtown_exact_500m_0m_seed FAIL_BUILD_OSM too few segments (14 < 20)
[2026-07-23 17:40:47,731] INFO: v2_osm_mit_campus_reality_exact_500m_0m_seed OK 
[2026-07-23 17:40:47,782] INFO: v2_osm_nuuksio_sparse_trails_exact_500m_0m_seed FAIL_BUILD_OSM too few segments (8 < 20)
[2026-07-23 17:40:47,782] INFO: v2_osm_rio_centro_buses_exact_500m_0m_seed OK 
[2026-07-23 17:40:47,783] INFO: v2_osm_roma_centro_exact_500m_0m_seed OK 
[2026-07-23 17:40:47,783] INFO: v2_osm_sf_cabspotting_downtown_exact_500m_0m_seed OK 
[2026-07-23 17:40:47,783] INFO: v2_osm_sf_mission_corridor_exact_500m_0m_seed OK 
[2026-07-23 17:40:47,785] INFO: v2_osm_tampere_suburban_exact_500m_0m_seed FAIL_BUILD_OSM osm_process: Graph contains no edges.
[2026-07-23 17:40:47,786] INFO: v2_osm_cambridge_haggle_exact_500m_0m_0000 OK 
[2026-07-23 17:40:47,786] INFO: v2_osm_dieselnet_amherst_offset_n_1000m_500m_0001 OK 
[2026-07-23 17:40:47,786] INFO: v2_osm_helsinki_archipelago_offset_e_1500m_1000m_0002 OK 
[2026-07-23 17:40:47,786] INFO: v2_osm_helsinki_disrupted_offset_s_2500m_1500m_0003 OK 
[2026-07-23 17:40:47,786] INFO: v2_osm_helsinki_downtown_offset_w_5000m_200m_0004 OK 
[2026-07-23 17:40:47,787] INFO: v2_osm_kallio_community_exact_500m_0m_0005 OK 
[2026-07-23 17:40:47,787] INFO: v2_osm_kumpula_campus_offset_n_1000m_1000m_0006 OK 
[2026-07-23 17:40:47,787] INFO: v2_osm_lapland_rural_sparse_offset_e_1500m_1500m_0007 OK 
[2026-07-23 17:40:47,787] INFO: v2_osm_london_industrial_corridor_offset_s_2500m_200m_0008 OK 
[2026-07-23 17:40:47,787] INFO: v2_osm_manhattan_midtown_offset_w_5000m_500m_0009 OK 
[2026-07-23 17:40:47,788] INFO: v2_osm_mit_campus_reality_exact_500m_0m_0010 OK 
[2026-07-23 17:40:47,789] INFO: v2_osm_nuuksio_sparse_trails_offset_n_1000m_1500m_0011 FAIL_BUILD_OSM osm_process: Graph contains no edges.
[2026-07-23 17:40:47,790] INFO: v2_osm_rio_centro_buses_offset_e_1500m_200m_0012 OK 
[2026-07-23 17:40:47,790] INFO: v2_osm_roma_centro_offset_s_2500m_500m_0013 OK 
[2026-07-23 17:40:47,790] INFO: v2_osm_sf_cabspotting_downtown_offset_w_5000m_1000m_0014 OK 
[2026-07-23 17:40:47,790] INFO: v2_osm_sf_mission_corridor_exact_500m_0m_0015 OK 
[2026-07-23 17:40:47,800] INFO: v2_osm_tampere_suburban_offset_n_1000m_200m_0016 FAIL_BUILD_OSM too few segments (10 < 20)
[2026-07-23 17:40:47,800] INFO: v2_osm_cambridge_haggle_offset_e_1500m_500m_0017 OK 
[2026-07-23 17:40:47,800] INFO: v2_osm_dieselnet_amherst_offset_s_2500m_1000m_0018 OK 
[2026-07-23 17:40:47,801] INFO: v2_osm_helsinki_archipelago_offset_w_5000m_1500m_0019 OK 
[2026-07-23 17:40:47,801] INFO: v2_osm_helsinki_disrupted_exact_500m_0m_0020 OK 
[2026-07-23 17:40:47,801] INFO: v2_osm_helsinki_downtown_offset_n_1000m_500m_0021 OK 
[2026-07-23 17:40:47,801] INFO: v2_osm_kallio_community_offset_e_1500m_1000m_0022 OK 
[2026-07-23 17:40:47,801] INFO: v2_osm_kumpula_campus_offset_s_2500m_1500m_0023 OK 
[2026-07-23 17:40:47,802] INFO: v2_osm_lapland_rural_sparse_offset_w_5000m_200m_0024 OK 
[2026-07-23 17:40:47,802] INFO: v2_osm_london_industrial_corridor_exact_500m_0m_0025 OK 
[2026-07-23 17:40:47,802] INFO: v2_osm_manhattan_midtown_offset_n_1000m_1000m_0026 OK 
[2026-07-23 17:40:47,802] INFO: v2_osm_mit_campus_reality_offset_e_1500m_1500m_0027 OK 
[2026-07-23 17:40:47,802] INFO: v2_osm_nuuksio_sparse_trails_offset_s_2500m_200m_0028 OK 
[2026-07-23 17:40:47,802] INFO: v2_osm_rio_centro_buses_offset_w_5000m_500m_0029 OK 
[2026-07-23 17:40:47,803] INFO: v2_osm_roma_centro_exact_500m_0m_0030 OK 
[2026-07-23 17:40:47,803] INFO: v2_osm_sf_cabspotting_downtown_offset_n_1000m_1500m_0031 OK 
[2026-07-23 17:40:47,803] INFO: v2_osm_sf_mission_corridor_offset_e_1500m_200m_0032 OK 
[2026-07-23 17:40:47,803] INFO: v2_osm_tampere_suburban_offset_s_2500m_500m_0033 OK 
[2026-07-23 17:40:47,803] INFO: v2_osm_cambridge_haggle_offset_w_5000m_1000m_0034 OK 
[2026-07-23 17:40:47,803] INFO: v2_osm_dieselnet_amherst_exact_500m_0m_0035 OK 
[2026-07-23 17:40:47,804] INFO: v2_osm_helsinki_archipelago_offset_n_1000m_200m_0036 OK 
[2026-07-23 17:40:47,804] INFO: v2_osm_helsinki_disrupted_offset_e_1500m_500m_0037 OK 
[2026-07-23 17:40:47,804] INFO: v2_osm_helsinki_downtown_offset_s_2500m_1000m_0038 OK 
[2026-07-23 17:40:47,805] INFO: v2_osm_kallio_community_offset_w_5000m_1500m_0039 OK 
[2026-07-23 17:40:47,805] INFO: v2_osm_kumpula_campus_exact_500m_0m_0040 OK 
[2026-07-23 17:40:47,805] INFO: v2_osm_lapland_rural_sparse_offset_n_1000m_500m_0041 OK 
[2026-07-23 17:40:47,806] INFO: v2_osm_london_industrial_corridor_offset_e_1500m_1000m_0042 OK 
[2026-07-23 17:40:47,806] INFO: v2_osm_manhattan_midtown_offset_s_2500m_1500m_0043 OK 
[2026-07-23 17:40:47,806] INFO: v2_osm_mit_campus_reality_offset_w_5000m_200m_0044 OK 
[2026-07-23 17:40:47,816] INFO: v2_osm_nuuksio_sparse_trails_exact_500m_0m_0045 FAIL_BUILD_OSM too few segments (8 < 20)
[2026-07-23 17:40:47,817] INFO: v2_osm_rio_centro_buses_offset_n_1000m_1000m_0046 OK 
[2026-07-23 17:40:47,817] INFO: v2_osm_roma_centro_offset_e_1500m_1500m_0047 OK 
[2026-07-23 17:40:47,817] INFO: v2_osm_sf_cabspotting_downtown_offset_s_2500m_200m_0048 OK 
[2026-07-23 17:40:47,817] INFO: v2_osm_sf_mission_corridor_offset_w_5000m_500m_0049 OK 
[2026-07-23 17:40:47,820] INFO: v2_osm_tampere_suburban_exact_500m_0m_0050 FAIL_BUILD_OSM osm_process: Graph contains no edges.
[2026-07-23 17:40:47,820] INFO: v2_osm_cambridge_haggle_offset_n_1000m_1500m_0051 OK 
[2026-07-23 17:40:47,820] INFO: v2_osm_dieselnet_amherst_offset_e_1500m_200m_0052 OK 
[2026-07-23 17:40:47,820] INFO: v2_osm_helsinki_archipelago_offset_s_2500m_500m_0053 OK 
[2026-07-23 17:40:47,820] INFO: v2_osm_helsinki_disrupted_offset_w_5000m_1000m_0054 OK 
[2026-07-23 17:40:47,821] INFO: v2_osm_helsinki_downtown_exact_500m_0m_0055 OK 
[2026-07-23 17:40:47,821] INFO: v2_osm_kallio_community_offset_n_1000m_200m_0056 OK 
[2026-07-23 17:40:47,821] INFO: v2_osm_kumpula_campus_offset_e_1500m_500m_0057 OK 
[2026-07-23 17:40:47,821] INFO: v2_osm_lapland_rural_sparse_offset_s_2500m_1000m_0058 OK 
[2026-07-23 17:40:47,821] INFO: v2_osm_london_industrial_corridor_offset_w_5000m_1500m_0059 OK 
[2026-07-23 17:40:47,832] INFO: v2_osm_manhattan_midtown_exact_500m_0m_0060 FAIL_BUILD_OSM too few segments (14 < 20)
[2026-07-23 17:40:47,832] INFO: v2_osm_mit_campus_reality_offset_n_1000m_500m_0061 OK 
[2026-07-23 17:40:47,832] INFO: v2_osm_nuuksio_sparse_trails_offset_e_1500m_1000m_0062 OK 
[2026-07-23 17:40:47,833] INFO: v2_osm_rio_centro_buses_offset_s_2500m_1500m_0063 OK 
[2026-07-23 17:40:47,833] INFO: v2_osm_roma_centro_offset_w_5000m_200m_0064 OK 
[2026-07-23 17:40:47,833] INFO: v2_osm_sf_cabspotting_downtown_exact_500m_0m_0065 OK 
[2026-07-23 17:40:47,833] INFO: v2_osm_sf_mission_corridor_offset_n_1000m_1000m_0066 OK 
[2026-07-23 17:40:47,833] INFO: v2_osm_tampere_suburban_offset_e_1500m_1500m_0067 OK 
[2026-07-23 17:40:47,834] INFO: v2_osm_cambridge_haggle_offset_s_2500m_200m_0068 OK 
[2026-07-23 17:40:47,834] INFO: v2_osm_dieselnet_amherst_offset_w_5000m_500m_0069 OK 
[2026-07-23 17:40:47,834] INFO: v2_osm_helsinki_archipelago_exact_500m_0m_0070 OK 
[2026-07-23 17:40:47,834] INFO: v2_osm_helsinki_disrupted_offset_n_1000m_1500m_0071 OK 
[2026-07-23 17:40:47,834] INFO: v2_osm_helsinki_downtown_offset_e_1500m_200m_0072 OK 
[2026-07-23 17:40:47,834] INFO: v2_osm_kallio_community_offset_s_2500m_500m_0073 OK 
[2026-07-23 17:40:47,835] INFO: v2_osm_kumpula_campus_offset_w_5000m_1000m_0074 OK 
[2026-07-23 17:40:47,835] INFO: v2_osm_lapland_rural_sparse_exact_500m_0m_0075 OK 
[2026-07-23 17:40:47,835] INFO: v2_osm_london_industrial_corridor_offset_n_1000m_200m_0076 OK 
[2026-07-23 17:40:47,835] INFO: v2_osm_manhattan_midtown_offset_e_1500m_500m_0077 OK 
[2026-07-23 17:40:47,835] INFO: v2_osm_mit_campus_reality_offset_s_2500m_1000m_0078 OK 
[2026-07-23 17:40:47,836] INFO: v2_osm_nuuksio_sparse_trails_offset_w_5000m_1500m_0079 OK 
[2026-07-23 17:40:47,836] INFO: v2_osm_rio_centro_buses_exact_500m_0m_0080 OK 
[2026-07-23 17:40:47,836] INFO: v2_osm_roma_centro_offset_n_1000m_500m_0081 OK 
[2026-07-23 17:40:47,836] INFO: v2_osm_sf_cabspotting_downtown_offset_e_1500m_1000m_0082 OK 
[2026-07-23 17:40:47,836] INFO: v2_osm_sf_mission_corridor_offset_s_2500m_1500m_0083 OK 
[2026-07-23 17:40:47,836] INFO: v2_osm_tampere_suburban_offset_w_5000m_200m_0084 OK 
[2026-07-23 17:40:47,837] INFO: v2_osm_cambridge_haggle_exact_500m_0m_0085 OK 
[2026-07-23 17:40:47,837] INFO: v2_osm_dieselnet_amherst_offset_n_1000m_1000m_0086 OK 
[2026-07-23 17:40:47,837] INFO: v2_osm_helsinki_archipelago_offset_e_1500m_1500m_0087 OK 
[2026-07-23 17:40:47,837] INFO: v2_osm_helsinki_disrupted_offset_s_2500m_200m_0088 OK 
[2026-07-23 17:40:47,837] INFO: v2_osm_helsinki_downtown_offset_w_5000m_500m_0089 OK 
[2026-07-23 17:40:47,837] INFO: v2_osm_kallio_community_exact_500m_0m_0090 OK 
[2026-07-23 17:40:47,838] INFO: v2_osm_kumpula_campus_offset_n_1000m_1500m_0091 OK 
[2026-07-23 17:40:47,838] INFO: v2_osm_lapland_rural_sparse_offset_e_1500m_200m_0092 OK 
[2026-07-23 17:40:47,838] INFO: v2_osm_london_industrial_corridor_offset_s_2500m_500m_0093 OK 
[2026-07-23 17:40:47,838] INFO: v2_osm_manhattan_midtown_offset_w_5000m_1000m_0094 OK 
[2026-07-23 17:40:47,838] INFO: v2_osm_mit_campus_reality_exact_500m_0m_0095 OK 
[2026-07-23 17:40:47,838] INFO: v2_osm_nuuksio_sparse_trails_offset_n_1000m_200m_0096 OK 
[2026-07-23 17:40:47,839] INFO: v2_osm_rio_centro_buses_offset_e_1500m_500m_0097 OK 
[2026-07-23 17:40:47,839] INFO: v2_osm_roma_centro_offset_s_2500m_1000m_0098 OK 
[2026-07-23 17:40:47,839] INFO: v2_osm_sf_cabspotting_downtown_offset_w_5000m_1500m_0099 OK 
[2026-07-23 17:40:47,839] INFO: v2_osm_sf_mission_corridor_exact_500m_0m_0100 OK 
[2026-07-23 17:40:47,850] INFO: v2_osm_tampere_suburban_offset_n_1000m_500m_0101 FAIL_BUILD_OSM too few segments (2 < 20)
[2026-07-23 17:40:47,851] INFO: v2_osm_cambridge_haggle_offset_e_1500m_1000m_0102 OK 
[2026-07-23 17:40:47,851] INFO: v2_osm_dieselnet_amherst_offset_s_2500m_1500m_0103 OK 
[2026-07-23 17:40:47,851] INFO: v2_osm_helsinki_archipelago_offset_w_5000m_200m_0104 OK 
[2026-07-23 17:40:47,851] INFO: v2_osm_helsinki_disrupted_exact_500m_0m_0105 OK 
[2026-07-23 17:40:47,852] INFO: v2_osm_helsinki_downtown_offset_n_1000m_1000m_0106 OK 
[2026-07-23 17:40:47,852] INFO: v2_osm_kallio_community_offset_e_1500m_1500m_0107 OK 
[2026-07-23 17:40:47,852] INFO: v2_osm_kumpula_campus_offset_s_2500m_200m_0108 OK 
[2026-07-23 17:40:47,852] INFO: v2_osm_lapland_rural_sparse_offset_w_5000m_500m_0109 OK 
[2026-07-23 17:40:47,852] INFO: v2_osm_london_industrial_corridor_exact_500m_0m_0110 OK 
[2026-07-23 17:40:47,853] INFO: v2_osm_manhattan_midtown_offset_n_1000m_1500m_0111 OK 
[2026-07-23 17:40:47,853] INFO: v2_osm_mit_campus_reality_offset_e_1500m_200m_0112 OK 
[2026-07-23 17:40:47,853] INFO: v2_osm_nuuksio_sparse_trails_offset_s_2500m_500m_0113 OK 
[2026-07-23 17:40:47,853] INFO: v2_osm_rio_centro_buses_offset_w_5000m_1000m_0114 OK 
[2026-07-23 17:40:47,853] INFO: v2_osm_roma_centro_exact_500m_0m_0115 OK 
[2026-07-23 17:40:47,853] INFO: v2_osm_sf_cabspotting_downtown_offset_n_1000m_200m_0116 OK 
[2026-07-23 17:40:47,854] INFO: v2_osm_sf_mission_corridor_offset_e_1500m_500m_0117 OK 
[2026-07-23 17:40:47,854] INFO: v2_osm_tampere_suburban_offset_s_2500m_1000m_0118 OK 
[2026-07-23 17:40:47,854] INFO: v2_osm_cambridge_haggle_offset_w_5000m_1500m_0119 OK 
[2026-07-23 17:40:47,854] INFO: v2_osm_dieselnet_amherst_exact_500m_0m_0120 OK 
[2026-07-23 17:40:47,855] INFO: v2_osm_helsinki_archipelago_offset_n_1000m_500m_0121 OK 
[2026-07-23 17:40:47,855] INFO: v2_osm_helsinki_disrupted_offset_e_1500m_1000m_0122 OK 
[2026-07-23 17:40:47,855] INFO: v2_osm_helsinki_downtown_offset_s_2500m_1500m_0123 OK 
[2026-07-23 17:40:47,855] INFO: v2_osm_kallio_community_offset_w_5000m_200m_0124 OK 
[2026-07-23 17:40:47,855] INFO: v2_osm_kumpula_campus_exact_500m_0m_0125 OK 
[2026-07-23 17:40:47,855] INFO: v2_osm_lapland_rural_sparse_offset_n_1000m_1000m_0126 OK 
[2026-07-23 17:40:47,856] INFO: v2_osm_london_industrial_corridor_offset_e_1500m_1500m_0127 OK 
[2026-07-23 17:40:47,856] INFO: v2_osm_manhattan_midtown_offset_s_2500m_200m_0128 OK 
[2026-07-23 17:40:47,856] INFO: v2_osm_mit_campus_reality_offset_w_5000m_500m_0129 OK 
[2026-07-23 17:40:47,866] INFO: v2_osm_nuuksio_sparse_trails_exact_500m_0m_0130 FAIL_BUILD_OSM too few segments (8 < 20)
[2026-07-23 17:40:47,866] INFO: v2_osm_rio_centro_buses_offset_n_1000m_1500m_0131 OK 
[2026-07-23 17:40:47,867] INFO: v2_osm_roma_centro_offset_e_1500m_200m_0132 OK 
[2026-07-23 17:40:47,867] INFO: v2_osm_sf_cabspotting_downtown_offset_s_2500m_500m_0133 OK 
[2026-07-23 17:40:47,867] INFO: v2_osm_sf_mission_corridor_offset_w_5000m_1000m_0134 OK 
[2026-07-23 17:40:47,869] INFO: v2_osm_tampere_suburban_exact_500m_0m_0135 FAIL_BUILD_OSM osm_process: Graph contains no edges.
[2026-07-23 17:40:47,870] INFO: v2_osm_cambridge_haggle_offset_n_1000m_200m_0136 OK 
[2026-07-23 17:40:47,870] INFO: v2_osm_dieselnet_amherst_offset_e_1500m_500m_0137 OK 
[2026-07-23 17:40:47,870] INFO: v2_osm_helsinki_archipelago_offset_s_2500m_1000m_0138 OK 
[2026-07-23 17:40:47,870] INFO: v2_osm_helsinki_disrupted_offset_w_5000m_1500m_0139 OK 
[2026-07-23 17:40:47,870] INFO: v2_osm_helsinki_downtown_exact_500m_0m_0140 OK 
[2026-07-23 17:40:47,870] INFO: v2_osm_kallio_community_offset_n_1000m_500m_0141 OK 
[2026-07-23 17:40:47,871] INFO: v2_osm_kumpula_campus_offset_e_1500m_1000m_0142 OK 
[2026-07-23 17:40:47,871] INFO: v2_osm_lapland_rural_sparse_offset_s_2500m_1500m_0143 OK 
[2026-07-23 17:40:47,871] INFO: v2_osm_london_industrial_corridor_offset_w_5000m_200m_0144 OK 
[2026-07-23 17:40:47,881] INFO: v2_osm_manhattan_midtown_exact_500m_0m_0145 FAIL_BUILD_OSM too few segments (14 < 20)
[2026-07-23 17:40:47,882] INFO: v2_osm_mit_campus_reality_offset_n_1000m_1000m_0146 OK 
[2026-07-23 17:40:47,882] INFO: v2_osm_nuuksio_sparse_trails_offset_e_1500m_1500m_0147 OK 
[2026-07-23 17:40:47,882] INFO: v2_osm_rio_centro_buses_offset_s_2500m_200m_0148 OK 
[2026-07-23 17:40:47,882] INFO: v2_osm_roma_centro_offset_w_5000m_500m_0149 OK 
[2026-07-23 17:40:47,882] INFO: v2_osm_sf_cabspotting_downtown_exact_500m_0m_0150 OK 
[2026-07-23 17:40:47,883] INFO: v2_osm_sf_mission_corridor_offset_n_1000m_1500m_0151 OK 
[2026-07-23 17:40:47,883] INFO: v2_osm_tampere_suburban_offset_e_1500m_200m_0152 OK 
[2026-07-23 17:40:47,883] INFO: v2_osm_cambridge_haggle_offset_s_2500m_500m_0153 OK 
[2026-07-23 17:40:47,883] INFO: v2_osm_dieselnet_amherst_offset_w_5000m_1000m_0154 OK 
[2026-07-23 17:40:47,883] INFO: v2_osm_helsinki_archipelago_exact_500m_0m_0155 OK 
[2026-07-23 17:40:47,884] INFO: v2_osm_helsinki_disrupted_offset_n_1000m_200m_0156 OK 
[2026-07-23 17:40:47,884] INFO: v2_osm_helsinki_downtown_offset_e_1500m_500m_0157 OK 
[2026-07-23 17:40:47,884] INFO: v2_osm_kallio_community_offset_s_2500m_1000m_0158 OK 
[2026-07-23 17:40:47,884] INFO: v2_osm_kumpula_campus_offset_w_5000m_1500m_0159 OK 
[2026-07-23 17:40:47,884] INFO: v2_osm_lapland_rural_sparse_exact_500m_0m_0160 OK 
[2026-07-23 17:40:47,884] INFO: v2_osm_london_industrial_corridor_offset_n_1000m_500m_0161 OK 
[2026-07-23 17:40:47,885] INFO: v2_osm_manhattan_midtown_offset_e_1500m_1000m_0162 OK 
[2026-07-23 17:40:47,885] INFO: v2_osm_mit_campus_reality_offset_s_2500m_1500m_0163 OK 
[2026-07-23 17:40:47,885] INFO: v2_osm_nuuksio_sparse_trails_offset_w_5000m_200m_0164 OK 
[2026-07-23 17:40:47,885] INFO: v2_osm_rio_centro_buses_exact_500m_0m_0165 OK 
[2026-07-23 17:40:47,886] INFO: v2_osm_roma_centro_offset_n_1000m_1000m_0166 OK 
[2026-07-23 17:40:47,886] INFO: v2_osm_sf_cabspotting_downtown_offset_e_1500m_1500m_0167 OK 
[2026-07-23 17:40:47,886] INFO: v2_osm_sf_mission_corridor_offset_s_2500m_200m_0168 OK 
[2026-07-23 17:40:47,886] INFO: v2_osm_tampere_suburban_offset_w_5000m_500m_0169 OK 
[2026-07-23 17:40:47,886] INFO: v2_osm_cambridge_haggle_exact_500m_0m_0170 OK 
[2026-07-23 17:40:47,886] INFO: v2_osm_dieselnet_amherst_offset_n_1000m_1500m_0171 OK 
[2026-07-23 17:40:47,887] INFO: v2_osm_helsinki_archipelago_offset_e_1500m_200m_0172 OK 
[2026-07-23 17:40:47,887] INFO: v2_osm_helsinki_disrupted_offset_s_2500m_500m_0173 OK 
[2026-07-23 17:40:47,887] INFO: v2_osm_helsinki_downtown_offset_w_5000m_1000m_0174 OK 
[2026-07-23 17:40:47,887] INFO: v2_osm_kallio_community_exact_500m_0m_0175 OK 
[2026-07-23 17:40:47,887] INFO: v2_osm_kumpula_campus_offset_n_1000m_200m_0176 OK 
[2026-07-23 17:40:47,888] INFO: v2_osm_lapland_rural_sparse_offset_e_1500m_500m_0177 OK 
[2026-07-23 17:40:47,888] INFO: v2_osm_london_industrial_corridor_offset_s_2500m_1000m_0178 OK 
[2026-07-23 17:40:47,888] INFO: v2_osm_manhattan_midtown_offset_w_5000m_1500m_0179 OK 
[2026-07-23 17:40:47,888] INFO: v2_osm_mit_campus_reality_exact_500m_0m_0180 OK 
[2026-07-23 17:40:47,900] INFO: v2_osm_nuuksio_sparse_trails_offset_n_1000m_500m_0181 FAIL_BUILD_OSM too few segments (14 < 20)
[2026-07-23 17:40:47,901] INFO: v2_osm_rio_centro_buses_offset_e_1500m_1000m_0182 OK 
[2026-07-23 17:40:47,901] INFO: v2_osm_roma_centro_offset_s_2500m_1500m_0183 OK 
[2026-07-23 17:40:47,901] INFO: v2_osm_sf_cabspotting_downtown_offset_w_5000m_200m_0184 OK 
[2026-07-23 17:40:47,901] INFO: v2_osm_sf_mission_corridor_exact_500m_0m_0185 OK 
[2026-07-23 17:40:47,910] INFO: v2_osm_tampere_suburban_offset_n_1000m_1000m_0186 FAIL_BUILD_OSM too few segments (2 < 20)
[2026-07-23 17:40:47,911] INFO: v2_osm_cambridge_haggle_offset_e_1500m_1500m_0187 OK 
[2026-07-23 17:40:47,911] INFO: v2_osm_dieselnet_amherst_offset_s_2500m_200m_0188 OK 
[2026-07-23 17:40:47,911] INFO: v2_osm_helsinki_archipelago_offset_w_5000m_500m_0189 OK 
[2026-07-23 17:40:47,911] INFO: v2_osm_helsinki_disrupted_exact_500m_0m_0190 OK 
[2026-07-23 17:40:47,912] INFO: v2_osm_helsinki_downtown_offset_n_1000m_1500m_0191 OK 
[2026-07-23 17:40:47,912] INFO: v2_osm_kallio_community_offset_e_1500m_200m_0192 OK 
[2026-07-23 17:40:47,912] INFO: v2_osm_kumpula_campus_offset_s_2500m_500m_0193 OK 
[2026-07-23 17:40:47,912] INFO: v2_osm_lapland_rural_sparse_offset_w_5000m_1000m_0194 OK 
[2026-07-23 17:40:47,912] INFO: v2_osm_london_industrial_corridor_exact_500m_0m_0195 OK 
[2026-07-23 17:40:47,913] INFO: v2_osm_manhattan_midtown_offset_n_1000m_200m_0196 OK 
[2026-07-23 17:40:47,913] INFO: v2_osm_mit_campus_reality_offset_e_1500m_500m_0197 OK 
[2026-07-23 17:40:47,913] INFO: v2_osm_nuuksio_sparse_trails_offset_s_2500m_1000m_0198 OK 
[2026-07-23 17:40:47,913] INFO: v2_osm_rio_centro_buses_offset_w_5000m_1500m_0199 OK 
[2026-07-23 17:40:47,913] INFO: v2_osm_roma_centro_exact_500m_0m_0200 OK 
[2026-07-23 17:40:47,913] INFO: v2_osm_sf_cabspotting_downtown_offset_n_1000m_500m_0201 OK 
[2026-07-23 17:40:47,914] INFO: v2_osm_sf_mission_corridor_offset_e_1500m_1000m_0202 OK 
[2026-07-23 17:40:47,914] INFO: v2_osm_tampere_suburban_offset_s_2500m_1500m_0203 OK 
[2026-07-23 17:40:47,914] INFO: v2_osm_cambridge_haggle_offset_w_5000m_200m_0204 OK 
[2026-07-23 17:40:47,914] INFO: v2_osm_dieselnet_amherst_exact_500m_0m_0205 OK 
[2026-07-23 17:40:47,914] INFO: v2_osm_helsinki_archipelago_offset_n_1000m_1000m_0206 OK 
[2026-07-23 17:40:47,914] INFO: v2_osm_helsinki_disrupted_offset_e_1500m_1500m_0207 OK 
[2026-07-23 17:40:47,915] INFO: v2_osm_helsinki_downtown_offset_s_2500m_200m_0208 OK 
[2026-07-23 17:40:47,915] INFO: v2_osm_kallio_community_offset_w_5000m_500m_0209 OK 
[2026-07-23 17:40:47,915] INFO: v2_osm_kumpula_campus_exact_500m_0m_0210 OK 
[2026-07-23 17:40:47,925] INFO: v2_osm_lapland_rural_sparse_offset_n_1000m_1500m_0211 FAIL_BUILD_OSM too few segments (2 < 20)
[2026-07-23 17:40:47,926] INFO: v2_osm_london_industrial_corridor_offset_e_1500m_200m_0212 OK 
[2026-07-23 17:40:47,926] INFO: v2_osm_manhattan_midtown_offset_s_2500m_500m_0213 OK 
[2026-07-23 17:40:47,926] INFO: v2_osm_mit_campus_reality_offset_w_5000m_1000m_0214 OK 
[2026-07-23 17:40:47,936] INFO: v2_osm_nuuksio_sparse_trails_exact_500m_0m_0215 FAIL_BUILD_OSM too few segments (8 < 20)
[2026-07-23 17:40:47,937] INFO: v2_osm_rio_centro_buses_offset_n_1000m_200m_0216 OK 
[2026-07-23 17:40:47,937] INFO: v2_osm_roma_centro_offset_e_1500m_500m_0217 OK 
[2026-07-23 17:40:47,937] INFO: v2_osm_sf_cabspotting_downtown_offset_s_2500m_1000m_0218 OK 
[2026-07-23 17:40:47,937] INFO: v2_osm_sf_mission_corridor_offset_w_5000m_1500m_0219 OK 
[2026-07-23 17:40:47,939] INFO: v2_osm_tampere_suburban_exact_500m_0m_0220 FAIL_BUILD_OSM osm_process: Graph contains no edges.
[2026-07-23 17:40:47,940] INFO: v2_osm_cambridge_haggle_offset_n_1000m_500m_0221 OK 
[2026-07-23 17:40:47,940] INFO: v2_osm_dieselnet_amherst_offset_e_1500m_1000m_0222 OK 
[2026-07-23 17:40:47,940] INFO: v2_osm_helsinki_archipelago_offset_s_2500m_1500m_0223 OK 
[2026-07-23 17:40:47,940] INFO: v2_osm_helsinki_disrupted_offset_w_5000m_200m_0224 OK 
[2026-07-23 17:40:47,940] INFO: v2_osm_helsinki_downtown_exact_500m_0m_0225 OK 
[2026-07-23 17:40:47,941] INFO: v2_osm_kallio_community_offset_n_1000m_1000m_0226 OK 
[2026-07-23 17:40:47,941] INFO: v2_osm_kumpula_campus_offset_e_1500m_1500m_0227 OK 
[2026-07-23 17:40:47,941] INFO: v2_osm_lapland_rural_sparse_offset_s_2500m_200m_0228 OK 
[2026-07-23 17:40:47,941] INFO: v2_osm_london_industrial_corridor_offset_w_5000m_500m_0229 OK 
[2026-07-23 17:40:47,952] INFO: v2_osm_manhattan_midtown_exact_500m_0m_0230 FAIL_BUILD_OSM too few segments (14 < 20)
[2026-07-23 17:40:47,952] INFO: v2_osm_mit_campus_reality_offset_n_1000m_1500m_0231 OK 
[2026-07-23 17:40:47,953] INFO: v2_osm_nuuksio_sparse_trails_offset_e_1500m_200m_0232 OK 
[2026-07-23 17:40:47,953] INFO: v2_osm_rio_centro_buses_offset_s_2500m_500m_0233 OK 
[2026-07-23 17:40:47,953] INFO: v2_osm_roma_centro_offset_w_5000m_1000m_0234 OK 
[2026-07-23 17:40:47,953] INFO: v2_osm_sf_cabspotting_downtown_exact_500m_0m_0235 OK 
[2026-07-23 17:40:47,953] INFO: v2_osm_sf_mission_corridor_offset_n_1000m_200m_0236 OK 
[2026-07-23 17:40:47,954] INFO: v2_osm_tampere_suburban_offset_e_1500m_500m_0237 OK 
[2026-07-23 17:40:47,954] INFO: v2_osm_cambridge_haggle_offset_s_2500m_1000m_0238 OK 
[2026-07-23 17:40:47,954] INFO: v2_osm_dieselnet_amherst_offset_w_5000m_1500m_0239 OK 
[2026-07-23 17:40:47,954] INFO: v2_osm_helsinki_archipelago_exact_500m_0m_0240 OK 
[2026-07-23 17:40:47,954] INFO: v2_osm_helsinki_disrupted_offset_n_1000m_500m_0241 OK 
[2026-07-23 17:40:47,954] INFO: v2_osm_helsinki_downtown_offset_e_1500m_1000m_0242 OK 
[2026-07-23 17:40:47,955] INFO: v2_osm_kallio_community_offset_s_2500m_1500m_0243 OK 
[2026-07-23 17:40:47,955] INFO: v2_osm_kumpula_campus_offset_w_5000m_200m_0244 OK 
[2026-07-23 17:40:47,955] INFO: v2_osm_lapland_rural_sparse_exact_500m_0m_0245 OK 
[2026-07-23 17:40:47,955] INFO: v2_osm_london_industrial_corridor_offset_n_1000m_1000m_0246 OK 
[2026-07-23 17:40:47,955] INFO: v2_osm_manhattan_midtown_offset_e_1500m_1500m_0247 OK 
[2026-07-23 17:40:47,956] INFO: v2_osm_mit_campus_reality_offset_s_2500m_200m_0248 OK 
[2026-07-23 17:40:47,956] INFO: v2_osm_nuuksio_sparse_trails_offset_w_5000m_500m_0249 OK 
[2026-07-23 17:40:47,956] INFO: v2_osm_rio_centro_buses_exact_500m_0m_0250 OK 
[2026-07-23 17:40:47,956] INFO: v2_osm_roma_centro_offset_n_1000m_1500m_0251 OK 
[2026-07-23 17:40:47,956] INFO: v2_osm_sf_cabspotting_downtown_offset_e_1500m_200m_0252 OK 
[2026-07-23 17:40:47,956] INFO: v2_osm_sf_mission_corridor_offset_s_2500m_500m_0253 OK 
[2026-07-23 17:40:47,957] INFO: v2_osm_tampere_suburban_offset_w_5000m_1000m_0254 OK 
[2026-07-23 17:40:47,957] INFO: v2_osm_cambridge_haggle_exact_500m_0m_0255 OK 
[2026-07-23 17:40:47,957] INFO: v2_osm_dieselnet_amherst_offset_n_1000m_200m_0256 OK 
[2026-07-23 17:40:47,957] INFO: v2_osm_helsinki_archipelago_offset_e_1500m_500m_0257 OK 
[2026-07-23 17:40:47,957] INFO: v2_osm_helsinki_disrupted_offset_s_2500m_1000m_0258 OK 
[2026-07-23 17:40:47,957] INFO: v2_osm_helsinki_downtown_offset_w_5000m_1500m_0259 OK 
[2026-07-23 17:40:47,958] INFO: v2_osm_kallio_community_exact_500m_0m_0260 OK 
[2026-07-23 17:40:47,958] INFO: v2_osm_kumpula_campus_offset_n_1000m_500m_0261 OK 
[2026-07-23 17:40:47,958] INFO: v2_osm_lapland_rural_sparse_offset_e_1500m_1000m_0262 OK 
[2026-07-23 17:40:47,958] INFO: v2_osm_london_industrial_corridor_offset_s_2500m_1500m_0263 OK 
[2026-07-23 17:40:47,958] INFO: v2_osm_manhattan_midtown_offset_w_5000m_200m_0264 OK 
[2026-07-23 17:40:47,958] INFO: v2_osm_mit_campus_reality_exact_500m_0m_0265 OK 
[2026-07-23 17:40:47,968] INFO: v2_osm_nuuksio_sparse_trails_offset_n_1000m_1000m_0266 FAIL_BUILD_OSM too few segments (2 < 20)
[2026-07-23 17:40:47,969] INFO: v2_osm_rio_centro_buses_offset_e_1500m_1500m_0267 OK 
[2026-07-23 17:40:47,969] INFO: v2_osm_roma_centro_offset_s_2500m_200m_0268 OK 
[2026-07-23 17:40:47,969] INFO: v2_osm_sf_cabspotting_downtown_offset_w_5000m_500m_0269 OK 
[2026-07-23 17:40:47,969] INFO: v2_osm_sf_mission_corridor_exact_500m_0m_0270 OK 
[2026-07-23 17:40:47,969] INFO: v2_osm_tampere_suburban_offset_n_1000m_1500m_0271 OK 
[2026-07-23 17:40:47,970] INFO: v2_osm_cambridge_haggle_offset_e_1500m_200m_0272 OK 
[2026-07-23 17:40:47,970] INFO: v2_osm_dieselnet_amherst_offset_s_2500m_500m_0273 OK 
[2026-07-23 17:40:47,970] INFO: v2_osm_helsinki_archipelago_offset_w_5000m_1000m_0274 OK 
[2026-07-23 17:40:47,970] INFO: v2_osm_helsinki_disrupted_exact_500m_0m_0275 OK 
[2026-07-23 17:40:47,970] INFO: v2_osm_helsinki_downtown_offset_n_1000m_200m_0276 OK 
[2026-07-23 17:40:47,971] INFO: v2_osm_kallio_community_offset_e_1500m_500m_0277 OK 
[2026-07-23 17:40:47,971] INFO: v2_osm_kumpula_campus_offset_s_2500m_1000m_0278 OK 
[2026-07-23 17:40:47,971] INFO: v2_osm_lapland_rural_sparse_offset_w_5000m_1500m_0279 OK 
[2026-07-23 17:40:47,971] INFO: v2_osm_london_industrial_corridor_exact_500m_0m_0280 OK 
[2026-07-23 17:40:47,971] INFO: v2_osm_manhattan_midtown_offset_n_1000m_500m_0281 OK 
[2026-07-23 17:40:47,971] INFO: v2_osm_mit_campus_reality_offset_e_1500m_1000m_0282 OK 
[2026-07-23 17:40:47,972] INFO: v2_osm_nuuksio_sparse_trails_offset_s_2500m_1500m_0283 OK 
[2026-07-23 17:40:47,972] INFO: v2_osm_rio_centro_buses_offset_w_5000m_200m_0284 OK 
[2026-07-23 17:40:47,972] INFO: v2_osm_roma_centro_exact_500m_0m_0285 OK 
[2026-07-23 17:40:47,972] INFO: v2_osm_sf_cabspotting_downtown_offset_n_1000m_1000m_0286 OK 
[2026-07-23 17:40:47,972] INFO: v2_osm_sf_mission_corridor_offset_e_1500m_1500m_0287 OK 
[2026-07-23 17:40:47,972] INFO: v2_osm_tampere_suburban_offset_s_2500m_200m_0288 OK 
[2026-07-23 17:40:47,973] INFO: v2_osm_cambridge_haggle_offset_w_5000m_500m_0289 OK 
[2026-07-23 17:40:47,973] INFO: v2_osm_dieselnet_amherst_exact_500m_0m_0290 OK 
[2026-07-23 17:40:47,973] INFO: v2_osm_helsinki_archipelago_offset_n_1000m_1500m_0291 OK 
[2026-07-23 17:40:47,973] INFO: v2_osm_helsinki_disrupted_offset_e_1500m_200m_0292 OK 
[2026-07-23 17:40:47,973] INFO: v2_osm_helsinki_downtown_offset_s_2500m_500m_0293 OK 
[2026-07-23 17:40:47,973] INFO: v2_osm_kallio_community_offset_w_5000m_1000m_0294 OK 
[2026-07-23 17:40:47,974] INFO: v2_osm_kumpula_campus_exact_500m_0m_0295 OK 
[2026-07-23 17:40:47,974] INFO: v2_osm_lapland_rural_sparse_offset_n_1000m_200m_0296 OK 
[2026-07-23 17:40:47,974] INFO: v2_osm_london_industrial_corridor_offset_e_1500m_500m_0297 OK 
[2026-07-23 17:40:47,974] INFO: v2_osm_manhattan_midtown_offset_s_2500m_1000m_0298 OK 
[2026-07-23 17:40:47,974] INFO: v2_osm_mit_campus_reality_offset_w_5000m_1500m_0299 OK 
[2026-07-23 17:40:47,985] INFO: v2_osm_nuuksio_sparse_trails_exact_500m_0m_0300 FAIL_BUILD_OSM too few segments (8 < 20)
[2026-07-23 17:40:47,985] INFO: v2_osm_rio_centro_buses_offset_n_1000m_500m_0301 OK 
[2026-07-23 17:40:47,986] INFO: v2_osm_roma_centro_offset_e_1500m_1000m_0302 OK 
[2026-07-23 17:40:47,986] INFO: v2_osm_sf_cabspotting_downtown_offset_s_2500m_1500m_0303 OK 
[2026-07-23 17:40:47,986] INFO: v2_osm_sf_mission_corridor_offset_w_5000m_200m_0304 OK 
[2026-07-23 17:40:47,989] INFO: v2_osm_tampere_suburban_exact_500m_0m_0305 FAIL_BUILD_OSM osm_process: Graph contains no edges.
[2026-07-23 17:40:47,989] INFO: v2_osm_cambridge_haggle_offset_n_1000m_1000m_0306 OK 
[2026-07-23 17:40:47,989] INFO: v2_osm_dieselnet_amherst_offset_e_1500m_1500m_0307 OK 
[2026-07-23 17:40:47,989] INFO: v2_osm_helsinki_archipelago_offset_s_2500m_200m_0308 OK 
[2026-07-23 17:40:47,989] INFO: v2_osm_helsinki_disrupted_offset_w_5000m_500m_0309 OK 
[2026-07-23 17:40:47,990] INFO: v2_osm_helsinki_downtown_exact_500m_0m_0310 OK 
[2026-07-23 17:40:47,990] INFO: v2_osm_kallio_community_offset_n_1000m_1500m_0311 OK 
[2026-07-23 17:40:47,990] INFO: v2_osm_kumpula_campus_offset_e_1500m_200m_0312 OK 
[2026-07-23 17:40:47,990] INFO: v2_osm_lapland_rural_sparse_offset_s_2500m_500m_0313 OK 
[2026-07-23 17:40:47,990] INFO: v2_osm_london_industrial_corridor_offset_w_5000m_1000m_0314 OK 
[2026-07-23 17:40:48,004] INFO: v2_osm_manhattan_midtown_exact_500m_0m_0315 FAIL_BUILD_OSM too few segments (14 < 20)
[2026-07-23 17:40:48,004] INFO: v2_osm_mit_campus_reality_offset_n_1000m_200m_0316 OK 
[2026-07-23 17:40:48,004] INFO: v2_osm_nuuksio_sparse_trails_offset_e_1500m_500m_0317 OK 
[2026-07-23 17:40:48,005] INFO: v2_osm_rio_centro_buses_offset_s_2500m_1000m_0318 OK 
[2026-07-23 17:40:48,005] INFO: v2_osm_roma_centro_offset_w_5000m_1500m_0319 OK 
[2026-07-23 17:40:48,005] INFO: v2_osm_sf_cabspotting_downtown_exact_500m_0m_0320 OK 
[2026-07-23 17:40:48,005] INFO: v2_osm_sf_mission_corridor_offset_n_1000m_500m_0321 OK 
[2026-07-23 17:40:48,006] INFO: v2_osm_tampere_suburban_offset_e_1500m_1000m_0322 OK 
[2026-07-23 17:40:48,006] INFO: v2_osm_cambridge_haggle_offset_s_2500m_1500m_0323 OK 
[2026-07-23 17:40:48,006] INFO: v2_osm_dieselnet_amherst_offset_w_5000m_200m_0324 OK 
[2026-07-23 17:40:48,006] INFO: v2_osm_helsinki_archipelago_exact_500m_0m_0325 OK 
[2026-07-23 17:40:48,007] INFO: v2_osm_helsinki_disrupted_offset_n_1000m_1000m_0326 OK 
[2026-07-23 17:40:48,007] INFO: v2_osm_helsinki_downtown_offset_e_1500m_1500m_0327 OK 
[2026-07-23 17:40:48,007] INFO: v2_osm_kallio_community_offset_s_2500m_200m_0328 OK 
[2026-07-23 17:40:48,007] INFO: v2_osm_kumpula_campus_offset_w_5000m_500m_0329 OK 
[2026-07-23 17:40:48,007] INFO: v2_osm_lapland_rural_sparse_exact_500m_0m_0330 OK 
[2026-07-23 17:40:48,008] INFO: v2_osm_london_industrial_corridor_offset_n_1000m_1500m_0331 OK 
[2026-07-23 17:40:48,008] INFO: v2_osm_manhattan_midtown_offset_e_1500m_200m_0332 OK 
[2026-07-23 17:40:48,008] INFO: v2_osm_mit_campus_reality_offset_s_2500m_500m_0333 OK 
[2026-07-23 17:40:48,009] INFO: v2_osm_nuuksio_sparse_trails_offset_w_5000m_1000m_0334 OK 
[2026-07-23 17:40:48,009] INFO: v2_osm_rio_centro_buses_exact_500m_0m_0335 OK 
[2026-07-23 17:40:48,009] INFO: v2_osm_roma_centro_offset_n_1000m_200m_0336 OK 
[2026-07-23 17:40:48,009] INFO: v2_osm_sf_cabspotting_downtown_offset_e_1500m_500m_0337 OK 
[2026-07-23 17:40:48,009] INFO: v2_osm_sf_mission_corridor_offset_s_2500m_1000m_0338 OK 
[2026-07-23 17:40:48,010] INFO: v2_osm_tampere_suburban_offset_w_5000m_1500m_0339 OK 
[2026-07-23 17:40:48,010] INFO: v2_osm_cambridge_haggle_exact_500m_0m_0340 OK 
[2026-07-23 17:40:48,010] INFO: v2_osm_dieselnet_amherst_offset_n_1000m_500m_0341 OK 
[2026-07-23 17:40:48,010] INFO: v2_osm_helsinki_archipelago_offset_e_1500m_1000m_0342 OK 
[2026-07-23 17:40:48,010] INFO: v2_osm_helsinki_disrupted_offset_s_2500m_1500m_0343 OK 
[2026-07-23 17:40:48,011] INFO: v2_osm_helsinki_downtown_offset_w_5000m_200m_0344 OK 
[2026-07-23 17:40:48,011] INFO: v2_osm_kallio_community_exact_500m_0m_0345 OK 
[2026-07-23 17:40:48,011] INFO: v2_osm_kumpula_campus_offset_n_1000m_1000m_0346 OK 
[2026-07-23 17:40:48,011] INFO: v2_osm_lapland_rural_sparse_offset_e_1500m_1500m_0347 OK 
[2026-07-23 17:40:48,011] INFO: v2_osm_london_industrial_corridor_offset_s_2500m_200m_0348 OK 
[2026-07-23 17:40:48,011] INFO: v2_osm_manhattan_midtown_offset_w_5000m_500m_0349 OK 
[2026-07-23 17:40:48,012] INFO: v2_osm_mit_campus_reality_exact_500m_0m_0350 OK 
[2026-07-23 17:40:48,015] INFO: v2_osm_nuuksio_sparse_trails_offset_n_1000m_1500m_0351 FAIL_BUILD_OSM osm_process: Graph contains no edges.
[2026-07-23 17:40:48,015] INFO: v2_osm_rio_centro_buses_offset_e_1500m_200m_0352 OK 
[2026-07-23 17:40:48,015] INFO: v2_osm_roma_centro_offset_s_2500m_500m_0353 OK 
[2026-07-23 17:40:48,015] INFO: v2_osm_sf_cabspotting_downtown_offset_w_5000m_1000m_0354 OK 
[2026-07-23 17:40:48,016] INFO: v2_osm_sf_mission_corridor_exact_500m_0m_0355 OK 
[2026-07-23 17:40:48,027] INFO: v2_osm_tampere_suburban_offset_n_1000m_200m_0356 FAIL_BUILD_OSM too few segments (10 < 20)
[2026-07-23 17:40:48,027] INFO: v2_osm_cambridge_haggle_offset_e_1500m_500m_0357 OK 
[2026-07-23 17:40:48,028] INFO: v2_osm_dieselnet_amherst_offset_s_2500m_1000m_0358 OK 
[2026-07-23 17:40:48,028] INFO: v2_osm_helsinki_archipelago_offset_w_5000m_1500m_0359 OK 
[2026-07-23 17:40:48,028] INFO: v2_osm_helsinki_disrupted_exact_500m_0m_0360 OK 
[2026-07-23 17:40:48,028] INFO: v2_osm_helsinki_downtown_offset_n_1000m_500m_0361 OK 
[2026-07-23 17:40:48,028] INFO: v2_osm_kallio_community_offset_e_1500m_1000m_0362 OK 
[2026-07-23 17:40:48,028] INFO: v2_osm_kumpula_campus_offset_s_2500m_1500m_0363 OK 
[2026-07-23 17:40:48,029] INFO: v2_osm_lapland_rural_sparse_offset_w_5000m_200m_0364 OK 
[2026-07-23 17:40:48,029] INFO: v2_osm_london_industrial_corridor_exact_500m_0m_0365 OK 
[2026-07-23 17:40:48,029] INFO: v2_osm_manhattan_midtown_offset_n_1000m_1000m_0366 OK 
[2026-07-23 17:40:48,029] INFO: v2_osm_mit_campus_reality_offset_e_1500m_1500m_0367 OK 
[2026-07-23 17:40:48,029] INFO: v2_osm_nuuksio_sparse_trails_offset_s_2500m_200m_0368 OK 
[2026-07-23 17:40:48,030] INFO: v2_osm_rio_centro_buses_offset_w_5000m_500m_0369 OK 
[2026-07-23 17:40:48,030] INFO: v2_osm_roma_centro_exact_500m_0m_0370 OK 
[2026-07-23 17:40:48,030] INFO: v2_osm_sf_cabspotting_downtown_offset_n_1000m_1500m_0371 OK 
[2026-07-23 17:40:48,030] INFO: v2_osm_sf_mission_corridor_offset_e_1500m_200m_0372 OK 
[2026-07-23 17:40:48,030] INFO: v2_osm_tampere_suburban_offset_s_2500m_500m_0373 OK 
[2026-07-23 17:40:48,030] INFO: v2_osm_cambridge_haggle_offset_w_5000m_1000m_0374 OK 
[2026-07-23 17:40:48,031] INFO: v2_osm_dieselnet_amherst_exact_500m_0m_0375 OK 
[2026-07-23 17:40:48,031] INFO: v2_osm_helsinki_archipelago_offset_n_1000m_200m_0376 OK 
[2026-07-23 17:40:48,031] INFO: v2_osm_helsinki_disrupted_offset_e_1500m_500m_0377 OK 
[2026-07-23 17:40:48,031] INFO: v2_osm_helsinki_downtown_offset_s_2500m_1000m_0378 OK 
[2026-07-23 17:40:48,031] INFO: v2_osm_kallio_community_offset_w_5000m_1500m_0379 OK 
[2026-07-23 17:40:48,032] INFO: v2_osm_kumpula_campus_exact_500m_0m_0380 OK 
[2026-07-23 17:40:48,032] INFO: v2_osm_lapland_rural_sparse_offset_n_1000m_500m_0381 OK 
[2026-07-23 17:40:48,032] INFO: v2_osm_london_industrial_corridor_offset_e_1500m_1000m_0382 OK 
[2026-07-23 17:40:48,032] INFO: v2_osm_manhattan_midtown_offset_s_2500m_1500m_0383 OK 
[2026-07-23 17:40:48,032] INFO: v2_osm_mit_campus_reality_offset_w_5000m_200m_0384 OK 
[2026-07-23 17:40:48,043] INFO: v2_osm_nuuksio_sparse_trails_exact_500m_0m_0385 FAIL_BUILD_OSM too few segments (8 < 20)
[2026-07-23 17:40:48,044] INFO: v2_osm_rio_centro_buses_offset_n_1000m_1000m_0386 OK 
[2026-07-23 17:40:48,044] INFO: v2_osm_roma_centro_offset_e_1500m_1500m_0387 OK 
[2026-07-23 17:40:48,044] INFO: v2_osm_sf_cabspotting_downtown_offset_s_2500m_200m_0388 OK 
[2026-07-23 17:40:48,044] INFO: v2_osm_sf_mission_corridor_offset_w_5000m_500m_0389 OK 
[2026-07-23 17:40:48,047] INFO: v2_osm_tampere_suburban_exact_500m_0m_0390 FAIL_BUILD_OSM osm_process: Graph contains no edges.
[2026-07-23 17:40:48,048] INFO: v2_osm_cambridge_haggle_offset_n_1000m_1500m_0391 OK 
[2026-07-23 17:40:48,048] INFO: v2_osm_dieselnet_amherst_offset_e_1500m_200m_0392 OK 
[2026-07-23 17:40:48,048] INFO: v2_osm_helsinki_archipelago_offset_s_2500m_500m_0393 OK 
[2026-07-23 17:40:48,049] INFO: v2_osm_helsinki_disrupted_offset_w_5000m_1000m_0394 OK 
[2026-07-23 17:40:48,049] INFO: v2_osm_helsinki_downtown_exact_500m_0m_0395 OK 
[2026-07-23 17:40:48,049] INFO: v2_osm_kallio_community_offset_n_1000m_200m_0396 OK 
[2026-07-23 17:40:48,049] INFO: v2_osm_kumpula_campus_offset_e_1500m_500m_0397 OK 
[2026-07-23 17:40:48,050] INFO: v2_osm_lapland_rural_sparse_offset_s_2500m_1000m_0398 OK 
[2026-07-23 17:40:48,050] INFO: v2_osm_london_industrial_corridor_offset_w_5000m_1500m_0399 OK 
[2026-07-23 17:40:48,064] INFO: v2_osm_manhattan_midtown_exact_500m_0m_0400 FAIL_BUILD_OSM too few segments (14 < 20)
[2026-07-23 17:40:48,064] INFO: v2_osm_mit_campus_reality_offset_n_1000m_500m_0401 OK 
[2026-07-23 17:40:48,064] INFO: v2_osm_nuuksio_sparse_trails_offset_e_1500m_1000m_0402 OK 
[2026-07-23 17:40:48,064] INFO: v2_osm_rio_centro_buses_offset_s_2500m_1500m_0403 OK 
[2026-07-23 17:40:48,065] INFO: v2_osm_roma_centro_offset_w_5000m_200m_0404 OK 
[2026-07-23 17:40:48,065] INFO: v2_osm_sf_cabspotting_downtown_exact_500m_0m_0405 OK 
[2026-07-23 17:40:48,065] INFO: v2_osm_sf_mission_corridor_offset_n_1000m_1000m_0406 OK 
[2026-07-23 17:40:48,065] INFO: v2_osm_tampere_suburban_offset_e_1500m_1500m_0407 OK 
[2026-07-23 17:40:48,065] INFO: v2_osm_cambridge_haggle_offset_s_2500m_200m_0408 OK 
[2026-07-23 17:40:48,066] INFO: v2_osm_dieselnet_amherst_offset_w_5000m_500m_0409 OK 
[2026-07-23 17:40:48,066] INFO: v2_osm_helsinki_archipelago_exact_500m_0m_0410 OK 
[2026-07-23 17:40:48,066] INFO: v2_osm_helsinki_disrupted_offset_n_1000m_1500m_0411 OK 
[2026-07-23 17:40:48,066] INFO: v2_osm_helsinki_downtown_offset_e_1500m_200m_0412 OK 
[2026-07-23 17:40:48,066] INFO: v2_osm_kallio_community_offset_s_2500m_500m_0413 OK 
[2026-07-23 17:40:48,067] INFO: v2_osm_kumpula_campus_offset_w_5000m_1000m_0414 OK 
[2026-07-23 17:40:48,067] INFO: v2_osm_lapland_rural_sparse_exact_500m_0m_0415 OK 
[2026-07-23 17:40:48,067] INFO: v2_osm_london_industrial_corridor_offset_n_1000m_200m_0416 OK 
[2026-07-23 17:40:48,067] INFO: v2_osm_manhattan_midtown_offset_e_1500m_500m_0417 OK 
[2026-07-23 17:40:48,067] INFO: v2_osm_mit_campus_reality_offset_s_2500m_1000m_0418 OK 
[2026-07-23 17:40:48,068] INFO: v2_osm_nuuksio_sparse_trails_offset_w_5000m_1500m_0419 OK 
[2026-07-23 17:40:48,068] INFO: v2_osm_rio_centro_buses_exact_500m_0m_0420 OK 
[2026-07-23 17:40:48,068] INFO: v2_osm_roma_centro_offset_n_1000m_500m_0421 OK 
[2026-07-23 17:40:48,068] INFO: v2_osm_sf_cabspotting_downtown_offset_e_1500m_1000m_0422 OK 
[2026-07-23 17:40:48,068] INFO: v2_osm_sf_mission_corridor_offset_s_2500m_1500m_0423 OK 
[2026-07-23 17:40:48,069] INFO: v2_osm_tampere_suburban_offset_w_5000m_200m_0424 OK 
[2026-07-23 17:40:48,069] INFO: v2_osm_cambridge_haggle_exact_500m_0m_0425 OK 
[2026-07-23 17:40:48,069] INFO: v2_osm_dieselnet_amherst_offset_n_1000m_1000m_0426 OK 
[2026-07-23 17:40:48,069] INFO: v2_osm_helsinki_archipelago_offset_e_1500m_1500m_0427 OK 
[2026-07-23 17:40:48,069] INFO: v2_osm_helsinki_disrupted_offset_s_2500m_200m_0428 OK 
[2026-07-23 17:40:48,069] INFO: v2_osm_helsinki_downtown_offset_w_5000m_500m_0429 OK 
[2026-07-23 17:40:48,070] INFO: v2_osm_kallio_community_exact_500m_0m_0430 OK 
[2026-07-23 17:40:48,070] INFO: v2_osm_kumpula_campus_offset_n_1000m_1500m_0431 OK 
[2026-07-23 17:40:48,070] INFO: v2_osm_lapland_rural_sparse_offset_e_1500m_200m_0432 OK 
[2026-07-23 17:40:48,070] INFO: v2_osm_london_industrial_corridor_offset_s_2500m_500m_0433 OK 
[2026-07-23 17:40:48,070] INFO: v2_osm_manhattan_midtown_offset_w_5000m_1000m_0434 OK 
[2026-07-23 17:40:48,070] INFO: v2_osm_mit_campus_reality_exact_500m_0m_0435 OK 
[2026-07-23 17:40:48,071] INFO: v2_osm_nuuksio_sparse_trails_offset_n_1000m_200m_0436 OK 
[2026-07-23 17:40:48,071] INFO: v2_osm_rio_centro_buses_offset_e_1500m_500m_0437 OK 
[2026-07-23 17:40:48,071] INFO: v2_osm_roma_centro_offset_s_2500m_1000m_0438 OK 
[2026-07-23 17:40:48,071] INFO: v2_osm_sf_cabspotting_downtown_offset_w_5000m_1500m_0439 OK 
[2026-07-23 17:40:48,071] INFO: v2_osm_sf_mission_corridor_exact_500m_0m_0440 OK 
[2026-07-23 17:40:48,082] INFO: v2_osm_tampere_suburban_offset_n_1000m_500m_0441 FAIL_BUILD_OSM too few segments (2 < 20)
[2026-07-23 17:40:48,082] INFO: v2_osm_cambridge_haggle_offset_e_1500m_1000m_0442 OK 
[2026-07-23 17:40:48,082] INFO: v2_osm_dieselnet_amherst_offset_s_2500m_1500m_0443 OK 
[2026-07-23 17:40:48,083] INFO: v2_osm_helsinki_archipelago_offset_w_5000m_200m_0444 OK 
[2026-07-23 17:40:48,083] INFO: v2_osm_helsinki_disrupted_exact_500m_0m_0445 OK 
[2026-07-23 17:40:48,083] INFO: v2_osm_helsinki_downtown_offset_n_1000m_1000m_0446 OK 
[2026-07-23 17:40:48,083] INFO: v2_osm_kallio_community_offset_e_1500m_1500m_0447 OK 
[2026-07-23 17:40:48,083] INFO: v2_osm_kumpula_campus_offset_s_2500m_200m_0448 OK 
[2026-07-23 17:40:48,084] INFO: v2_osm_lapland_rural_sparse_offset_w_5000m_500m_0449 OK 
[2026-07-23 17:40:48,084] INFO: v2_osm_london_industrial_corridor_exact_500m_0m_0450 OK 
[2026-07-23 17:40:48,084] INFO: v2_osm_manhattan_midtown_offset_n_1000m_1500m_0451 OK 
[2026-07-23 17:40:48,084] INFO: v2_osm_mit_campus_reality_offset_e_1500m_200m_0452 OK 
[2026-07-23 17:40:48,084] INFO: v2_osm_nuuksio_sparse_trails_offset_s_2500m_500m_0453 OK 
[2026-07-23 17:40:48,084] INFO: v2_osm_rio_centro_buses_offset_w_5000m_1000m_0454 OK 
[2026-07-23 17:40:48,085] INFO: v2_osm_roma_centro_exact_500m_0m_0455 OK 
[2026-07-23 17:40:48,085] INFO: v2_osm_sf_cabspotting_downtown_offset_n_1000m_200m_0456 OK 
[2026-07-23 17:40:48,085] INFO: v2_osm_sf_mission_corridor_offset_e_1500m_500m_0457 OK 
[2026-07-23 17:40:48,085] INFO: v2_osm_tampere_suburban_offset_s_2500m_1000m_0458 OK 
[2026-07-23 17:40:48,085] INFO: v2_osm_cambridge_haggle_offset_w_5000m_1500m_0459 OK 
[2026-07-23 17:40:48,086] INFO: v2_osm_dieselnet_amherst_exact_500m_0m_0460 OK 
[2026-07-23 17:40:48,086] INFO: v2_osm_helsinki_archipelago_offset_n_1000m_500m_0461 OK 
[2026-07-23 17:40:48,086] INFO: v2_osm_helsinki_disrupted_offset_e_1500m_1000m_0462 OK 
[2026-07-23 17:40:48,086] INFO: v2_osm_helsinki_downtown_offset_s_2500m_1500m_0463 OK 
[2026-07-23 17:40:48,086] INFO: v2_osm_kallio_community_offset_w_5000m_200m_0464 OK 
[2026-07-23 17:40:48,086] INFO: v2_osm_kumpula_campus_exact_500m_0m_0465 OK 
[2026-07-23 17:40:48,087] INFO: v2_osm_lapland_rural_sparse_offset_n_1000m_1000m_0466 OK 
[2026-07-23 17:40:48,087] INFO: v2_osm_london_industrial_corridor_offset_e_1500m_1500m_0467 OK 
[2026-07-23 17:40:48,087] INFO: v2_osm_manhattan_midtown_offset_s_2500m_200m_0468 OK 
[2026-07-23 17:40:48,087] INFO: v2_osm_mit_campus_reality_offset_w_5000m_500m_0469 OK 
[2026-07-23 17:40:48,098] INFO: v2_osm_nuuksio_sparse_trails_exact_500m_0m_0470 FAIL_BUILD_OSM too few segments (8 < 20)
[2026-07-23 17:40:48,098] INFO: v2_osm_rio_centro_buses_offset_n_1000m_1500m_0471 OK 
[2026-07-23 17:40:48,099] INFO: v2_osm_roma_centro_offset_e_1500m_200m_0472 OK 
[2026-07-23 17:40:48,099] INFO: v2_osm_sf_cabspotting_downtown_offset_s_2500m_500m_0473 OK 
[2026-07-23 17:40:48,099] INFO: v2_osm_sf_mission_corridor_offset_w_5000m_1000m_0474 OK 
[2026-07-23 17:40:48,101] INFO: v2_osm_tampere_suburban_exact_500m_0m_0475 FAIL_BUILD_OSM osm_process: Graph contains no edges.
[2026-07-23 17:40:48,102] INFO: v2_osm_cambridge_haggle_offset_n_1000m_200m_0476 OK 
[2026-07-23 17:40:48,102] INFO: v2_osm_dieselnet_amherst_offset_e_1500m_500m_0477 OK 
[2026-07-23 17:40:48,102] INFO: v2_osm_helsinki_archipelago_offset_s_2500m_1000m_0478 OK 
[2026-07-23 17:40:48,102] INFO: v2_osm_helsinki_disrupted_offset_w_5000m_1500m_0479 OK 
[2026-07-23 17:40:48,103] INFO: v2_osm_helsinki_downtown_exact_500m_0m_0480 OK 
[2026-07-23 17:40:48,103] INFO: v2_osm_kallio_community_offset_n_1000m_500m_0481 OK 
[2026-07-23 17:40:48,103] INFO: v2_osm_kumpula_campus_offset_e_1500m_1000m_0482 OK 
[2026-07-23 17:40:48,103] INFO: v2_osm_lapland_rural_sparse_offset_s_2500m_1500m_0483 OK 
[2026-07-23 17:40:48,103] INFO: v2_osm_london_industrial_corridor_offset_w_5000m_200m_0484 OK 
[2026-07-23 17:40:48,116] INFO: v2_osm_manhattan_midtown_exact_500m_0m_0485 FAIL_BUILD_OSM too few segments (14 < 20)
[2026-07-23 17:40:48,116] INFO: v2_osm_mit_campus_reality_offset_n_1000m_1000m_0486 OK 
[2026-07-23 17:40:48,116] INFO: v2_osm_nuuksio_sparse_trails_offset_e_1500m_1500m_0487 OK 
[2026-07-23 17:40:48,116] INFO: v2_osm_rio_centro_buses_offset_s_2500m_200m_0488 OK 
[2026-07-23 17:40:48,117] INFO: v2_osm_roma_centro_offset_w_5000m_500m_0489 OK 
[2026-07-23 17:40:48,117] INFO: v2_osm_sf_cabspotting_downtown_exact_500m_0m_0490 OK 
[2026-07-23 17:40:48,117] INFO: v2_osm_sf_mission_corridor_offset_n_1000m_1500m_0491 OK 
[2026-07-23 17:40:48,117] INFO: v2_osm_tampere_suburban_offset_e_1500m_200m_0492 OK 
[2026-07-23 17:40:48,117] INFO: v2_osm_cambridge_haggle_offset_s_2500m_500m_0493 OK 
[2026-07-23 17:40:48,117] INFO: v2_osm_dieselnet_amherst_offset_w_5000m_1000m_0494 OK 
[2026-07-23 17:40:48,118] INFO: v2_osm_helsinki_archipelago_exact_500m_0m_0495 OK 
[2026-07-23 17:40:48,118] INFO: v2_osm_helsinki_disrupted_offset_n_1000m_200m_0496 OK 
[2026-07-23 17:40:48,118] INFO: v2_osm_helsinki_downtown_offset_e_1500m_500m_0497 OK 
[2026-07-23 17:40:48,118] INFO: v2_osm_kallio_community_offset_s_2500m_1000m_0498 OK 
[2026-07-23 17:40:48,118] INFO: v2_osm_kumpula_campus_offset_w_5000m_1500m_0499 OK 
[2026-07-23 17:40:48,118] INFO: v2_osm_lapland_rural_sparse_exact_500m_0m_0500 OK 
[2026-07-23 17:40:48,119] INFO: v2_osm_london_industrial_corridor_offset_n_1000m_500m_0501 OK 
[2026-07-23 17:40:48,119] INFO: v2_osm_manhattan_midtown_offset_e_1500m_1000m_0502 OK 
[2026-07-23 17:40:48,119] INFO: v2_osm_mit_campus_reality_offset_s_2500m_1500m_0503 OK 
[2026-07-23 17:40:48,119] INFO: v2_osm_nuuksio_sparse_trails_offset_w_5000m_200m_0504 OK 
[2026-07-23 17:40:48,119] INFO: v2_osm_rio_centro_buses_exact_500m_0m_0505 OK 
[2026-07-23 17:40:48,120] INFO: v2_osm_roma_centro_offset_n_1000m_1000m_0506 OK 
[2026-07-23 17:40:48,120] INFO: v2_osm_sf_cabspotting_downtown_offset_e_1500m_1500m_0507 OK 
[2026-07-23 17:40:48,120] INFO: v2_osm_sf_mission_corridor_offset_s_2500m_200m_0508 OK 
[2026-07-23 17:40:48,120] INFO: v2_osm_tampere_suburban_offset_w_5000m_500m_0509 OK 
[2026-07-23 17:40:48,120] INFO: v2_osm_cambridge_haggle_exact_500m_0m_0510 OK 
[2026-07-23 17:40:48,121] INFO: v2_osm_dieselnet_amherst_offset_n_1000m_1500m_0511 OK 
[2026-07-23 17:40:48,121] INFO: v2_osm_helsinki_archipelago_offset_e_1500m_200m_0512 OK 
[2026-07-23 17:40:48,121] INFO: v2_osm_helsinki_disrupted_offset_s_2500m_500m_0513 OK 
[2026-07-23 17:40:48,121] INFO: v2_osm_helsinki_downtown_offset_w_5000m_1000m_0514 OK 
[2026-07-23 17:40:48,121] INFO: v2_osm_kallio_community_exact_500m_0m_0515 OK 
[2026-07-23 17:40:48,121] INFO: v2_osm_kumpula_campus_offset_n_1000m_200m_0516 OK 
[2026-07-23 17:40:48,122] INFO: v2_osm_lapland_rural_sparse_offset_e_1500m_500m_0517 OK 
[2026-07-23 17:40:48,122] INFO: v2_osm_london_industrial_corridor_offset_s_2500m_1000m_0518 OK 
[2026-07-23 17:40:48,122] INFO: v2_osm_manhattan_midtown_offset_w_5000m_1500m_0519 OK 
[2026-07-23 17:40:48,122] INFO: v2_osm_mit_campus_reality_exact_500m_0m_0520 OK 
[2026-07-23 17:40:48,140] INFO: v2_osm_nuuksio_sparse_trails_offset_n_1000m_500m_0521 FAIL_BUILD_OSM too few segments (14 < 20)
[2026-07-23 17:40:48,140] INFO: v2_osm_rio_centro_buses_offset_e_1500m_1000m_0522 OK 
[2026-07-23 17:40:48,141] INFO: v2_osm_roma_centro_offset_s_2500m_1500m_0523 OK 
[2026-07-23 17:40:48,141] INFO: v2_osm_sf_cabspotting_downtown_offset_w_5000m_200m_0524 OK 
[2026-07-23 17:40:48,141] INFO: v2_osm_sf_mission_corridor_exact_500m_0m_0525 OK 
[2026-07-23 17:40:48,153] INFO: v2_osm_tampere_suburban_offset_n_1000m_1000m_0526 FAIL_BUILD_OSM too few segments (2 < 20)
[2026-07-23 17:40:48,153] INFO: v2_osm_cambridge_haggle_offset_e_1500m_1500m_0527 OK 
[2026-07-23 17:40:48,154] INFO: v2_osm_dieselnet_amherst_offset_s_2500m_200m_0528 OK 
[2026-07-23 17:40:48,154] INFO: v2_osm_helsinki_archipelago_offset_w_5000m_500m_0529 OK 
[2026-07-23 17:40:48,154] INFO: v2_osm_helsinki_disrupted_exact_500m_0m_0530 OK 
[2026-07-23 17:40:48,154] INFO: v2_osm_helsinki_downtown_offset_n_1000m_1500m_0531 OK 
[2026-07-23 17:40:48,155] INFO: v2_osm_kallio_community_offset_e_1500m_200m_0532 OK 
[2026-07-23 17:40:48,155] INFO: v2_osm_kumpula_campus_offset_s_2500m_500m_0533 OK 
[2026-07-23 17:40:48,155] INFO: v2_osm_lapland_rural_sparse_offset_w_5000m_1000m_0534 OK 
[2026-07-23 17:40:48,155] INFO: v2_osm_london_industrial_corridor_exact_500m_0m_0535 OK 
[2026-07-23 17:40:48,155] INFO: v2_osm_manhattan_midtown_offset_n_1000m_200m_0536 OK 
[2026-07-23 17:40:48,155] INFO: v2_osm_mit_campus_reality_offset_e_1500m_500m_0537 OK 
[2026-07-23 17:40:48,156] INFO: v2_osm_nuuksio_sparse_trails_offset_s_2500m_1000m_0538 OK 
[2026-07-23 17:40:48,156] INFO: v2_osm_rio_centro_buses_offset_w_5000m_1500m_0539 OK 
[2026-07-23 17:40:48,156] INFO: v2_osm_roma_centro_exact_500m_0m_0540 OK 
[2026-07-23 17:40:48,156] INFO: v2_osm_sf_cabspotting_downtown_offset_n_1000m_500m_0541 OK 
[2026-07-23 17:40:48,156] INFO: v2_osm_sf_mission_corridor_offset_e_1500m_1000m_0542 OK 
[2026-07-23 17:40:48,157] INFO: v2_osm_tampere_suburban_offset_s_2500m_1500m_0543 OK 
[2026-07-23 17:40:48,157] INFO: v2_osm_cambridge_haggle_offset_w_5000m_200m_0544 OK 
[2026-07-23 17:40:48,157] INFO: v2_osm_dieselnet_amherst_exact_500m_0m_0545 OK 
[2026-07-23 17:40:48,157] INFO: v2_osm_helsinki_archipelago_offset_n_1000m_1000m_0546 OK 
[2026-07-23 17:40:48,157] INFO: v2_osm_helsinki_disrupted_offset_e_1500m_1500m_0547 OK 
[2026-07-23 17:40:48,158] INFO: v2_osm_helsinki_downtown_offset_s_2500m_200m_0548 OK 
[2026-07-23 17:40:48,158] INFO: v2_osm_kallio_community_offset_w_5000m_500m_0549 OK 
[2026-07-23 17:40:48,158] INFO: v2_osm_kumpula_campus_exact_500m_0m_0550 OK 
[2026-07-23 17:40:48,168] INFO: v2_osm_lapland_rural_sparse_offset_n_1000m_1500m_0551 FAIL_BUILD_OSM too few segments (2 < 20)
[2026-07-23 17:40:48,169] INFO: v2_osm_london_industrial_corridor_offset_e_1500m_200m_0552 OK 
[2026-07-23 17:40:48,169] INFO: v2_osm_manhattan_midtown_offset_s_2500m_500m_0553 OK 
[2026-07-23 17:40:48,169] INFO: v2_osm_mit_campus_reality_offset_w_5000m_1000m_0554 OK 
[2026-07-23 17:40:48,184] INFO: v2_osm_nuuksio_sparse_trails_exact_500m_0m_0555 FAIL_BUILD_OSM too few segments (8 < 20)
[2026-07-23 17:40:48,185] INFO: v2_osm_rio_centro_buses_offset_n_1000m_200m_0556 OK 
[2026-07-23 17:40:48,185] INFO: v2_osm_roma_centro_offset_e_1500m_500m_0557 OK 
[2026-07-23 17:40:48,185] INFO: v2_osm_sf_cabspotting_downtown_offset_s_2500m_1000m_0558 OK 
[2026-07-23 17:40:48,185] INFO: v2_osm_sf_mission_corridor_offset_w_5000m_1500m_0559 OK 
[2026-07-23 17:40:48,189] INFO: v2_osm_tampere_suburban_exact_500m_0m_0560 FAIL_BUILD_OSM osm_process: Graph contains no edges.
[2026-07-23 17:40:48,189] INFO: v2_osm_cambridge_haggle_offset_n_1000m_500m_0561 OK 
[2026-07-23 17:40:48,189] INFO: v2_osm_dieselnet_amherst_offset_e_1500m_1000m_0562 OK 
[2026-07-23 17:40:48,189] INFO: v2_osm_helsinki_archipelago_offset_s_2500m_1500m_0563 OK 
[2026-07-23 17:40:48,189] INFO: v2_osm_helsinki_disrupted_offset_w_5000m_200m_0564 OK 
[2026-07-23 17:40:48,190] INFO: v2_osm_helsinki_downtown_exact_500m_0m_0565 OK 
[2026-07-23 17:40:48,190] INFO: v2_osm_kallio_community_offset_n_1000m_1000m_0566 OK 
[2026-07-23 17:40:48,190] INFO: v2_osm_kumpula_campus_offset_e_1500m_1500m_0567 OK 
[2026-07-23 17:40:48,190] INFO: v2_osm_lapland_rural_sparse_offset_s_2500m_200m_0568 OK 
[2026-07-23 17:40:48,190] INFO: v2_osm_london_industrial_corridor_offset_w_5000m_500m_0569 OK 
[2026-07-23 17:40:48,203] INFO: v2_osm_manhattan_midtown_exact_500m_0m_0570 FAIL_BUILD_OSM too few segments (14 < 20)
[2026-07-23 17:40:48,204] INFO: v2_osm_mit_campus_reality_offset_n_1000m_1500m_0571 OK 
[2026-07-23 17:40:56,692] INFO: v2_osm_nuuksio_sparse_trails_offset_e_1500m_200m_0572 OK 
[2026-07-23 17:41:06,183] INFO: v2_osm_rio_centro_buses_offset_s_2500m_500m_0573 OK 
[2026-07-23 17:41:23,603] INFO: v2_osm_roma_centro_offset_w_5000m_1000m_0574 OK 
[2026-07-23 17:41:32,569] INFO: v2_osm_sf_cabspotting_downtown_exact_500m_0m_0575 OK 
[2026-07-23 17:41:41,410] INFO: v2_osm_sf_mission_corridor_offset_n_1000m_200m_0576 OK 
[2026-07-23 17:41:50,205] INFO: v2_osm_tampere_suburban_offset_e_1500m_500m_0577 OK 
[2026-07-23 17:42:09,563] INFO: v2_osm_cambridge_haggle_offset_s_2500m_1000m_0578 OK 
[2026-07-23 17:42:20,632] INFO: v2_osm_dieselnet_amherst_offset_w_5000m_1500m_0579 OK 
[2026-07-23 17:42:31,866] INFO: v2_osm_helsinki_archipelago_exact_500m_0m_0580 OK 
[2026-07-23 17:42:43,404] INFO: v2_osm_helsinki_disrupted_offset_n_1000m_500m_0581 OK 
[2026-07-23 17:42:52,826] INFO: v2_osm_helsinki_downtown_offset_e_1500m_1000m_0582 OK 
[2026-07-23 17:43:45,044] INFO: v2_osm_kallio_community_offset_s_2500m_1500m_0583 OK 
[2026-07-23 17:45:07,084] INFO: v2_osm_kumpula_campus_offset_w_5000m_200m_0584 OK 
[2026-07-23 17:45:15,518] INFO: v2_osm_lapland_rural_sparse_exact_500m_0m_0585 OK 
[2026-07-23 17:45:24,202] INFO: v2_osm_london_industrial_corridor_offset_n_1000m_1000m_0586 OK 
[2026-07-23 17:45:32,934] INFO: v2_osm_manhattan_midtown_offset_e_1500m_1500m_0587 OK 
[2026-07-23 17:46:09,870] INFO: v2_osm_mit_campus_reality_offset_s_2500m_200m_0588 OK 
[2026-07-23 17:46:21,979] INFO: v2_osm_nuuksio_sparse_trails_offset_w_5000m_500m_0589 OK 
[2026-07-23 17:46:30,392] INFO: v2_osm_rio_centro_buses_exact_500m_0m_0590 OK 
[2026-07-23 17:46:38,934] INFO: v2_osm_roma_centro_offset_n_1000m_1500m_0591 OK 
[2026-07-23 17:46:47,876] INFO: v2_osm_sf_cabspotting_downtown_offset_e_1500m_200m_0592 OK 
[2026-07-23 17:46:58,093] INFO: v2_osm_sf_mission_corridor_offset_s_2500m_500m_0593 OK 
[2026-07-23 17:47:08,887] INFO: v2_osm_tampere_suburban_offset_w_5000m_1000m_0594 OK 
[2026-07-23 17:47:18,210] INFO: v2_osm_cambridge_haggle_exact_500m_0m_0595 OK 
[2026-07-23 17:47:26,675] INFO: v2_osm_dieselnet_amherst_offset_n_1000m_200m_0596 OK 
[2026-07-23 17:47:26,676] INFO: v2_osm_helsinki_archipelago_offset_e_1500m_500m_0597 FAIL_DOWNLOAD_SKIPPED max OSM downloads reached or disabled
[2026-07-23 17:47:26,676] INFO: v2_osm_helsinki_disrupted_offset_s_2500m_1000m_0598 FAIL_DOWNLOAD_SKIPPED max OSM downloads reached or disabled
[2026-07-23 17:47:26,676] INFO: v2_osm_helsinki_downtown_offset_w_5000m_1500m_0599 FAIL_DOWNLOAD_SKIPPED max OSM downloads reached or disabled
[2026-07-23 17:47:26,676] INFO: v2_osm_kallio_community_exact_500m_0m_0600 FAIL_DOWNLOAD_SKIPPED max OSM downloads reached or disabled
[2026-07-23 17:47:26,676] INFO: v2_osm_kumpula_campus_offset_n_1000m_500m_0601 FAIL_DOWNLOAD_SKIPPED max OSM downloads reached or disabled
[2026-07-23 17:47:26,676] INFO: v2_osm_lapland_rural_sparse_offset_e_1500m_1000m_0602 FAIL_DOWNLOAD_SKIPPED max OSM downloads reached or disabled
[2026-07-23 17:47:26,676] INFO: v2_osm_london_industrial_corridor_offset_s_2500m_1500m_0603 FAIL_DOWNLOAD_SKIPPED max OSM downloads reached or disabled
[2026-07-23 17:47:26,676] INFO: v2_osm_manhattan_midtown_offset_w_5000m_200m_0604 FAIL_DOWNLOAD_SKIPPED max OSM downloads reached or disabled
[2026-07-23 17:47:26,676] INFO: v2_osm_mit_campus_reality_exact_500m_0m_0605 FAIL_DOWNLOAD_SKIPPED max OSM downloads reached or disabled
[2026-07-23 17:47:26,676] INFO: v2_osm_nuuksio_sparse_trails_offset_n_1000m_1000m_0606 FAIL_DOWNLOAD_SKIPPED max OSM downloads reached or disabled
[2026-07-23 17:47:26,676] INFO: v2_osm_rio_centro_buses_offset_e_1500m_1500m_0607 FAIL_DOWNLOAD_SKIPPED max OSM downloads reached or disabled
[2026-07-23 17:47:26,676] INFO: v2_osm_roma_centro_offset_s_2500m_200m_0608 FAIL_DOWNLOAD_SKIPPED max OSM downloads reached or disabled
[2026-07-23 17:47:26,676] INFO: v2_osm_sf_cabspotting_downtown_offset_w_5000m_500m_0609 FAIL_DOWNLOAD_SKIPPED max OSM downloads reached or disabled
[2026-07-23 17:47:26,677] INFO: v2_osm_sf_mission_corridor_exact_500m_0m_0610 FAIL_DOWNLOAD_SKIPPED max OSM downloads reached or disabled
[2026-07-23 17:47:26,677] INFO: v2_osm_tampere_suburban_offset_n_1000m_1500m_0611 FAIL_DOWNLOAD_SKIPPED max OSM downloads reached or disabled
[2026-07-23 17:47:26,677] INFO: v2_osm_cambridge_haggle_offset_e_1500m_200m_0612 FAIL_DOWNLOAD_SKIPPED max OSM downloads reached or disabled
[2026-07-23 17:47:26,677] INFO: v2_osm_dieselnet_amherst_offset_s_2500m_500m_0613 FAIL_DOWNLOAD_SKIPPED max OSM downloads reached or disabled
[2026-07-23 17:47:26,677] INFO: v2_osm_helsinki_archipelago_offset_w_5000m_1000m_0614 FAIL_DOWNLOAD_SKIPPED max OSM downloads reached or disabled
[2026-07-23 17:47:26,677] INFO: v2_osm_helsinki_disrupted_exact_500m_0m_0615 FAIL_DOWNLOAD_SKIPPED max OSM downloads reached or disabled
[2026-07-23 17:47:26,677] INFO: v2_osm_helsinki_downtown_offset_n_1000m_200m_0616 FAIL_DOWNLOAD_SKIPPED max OSM downloads reached or disabled
[2026-07-23 17:47:26,677] INFO: v2_osm_kallio_community_offset_e_1500m_500m_0617 FAIL_DOWNLOAD_SKIPPED max OSM downloads reached or disabled
[2026-07-23 17:47:26,677] INFO: v2_osm_kumpula_campus_offset_s_2500m_1000m_0618 FAIL_DOWNLOAD_SKIPPED max OSM downloads reached or disabled
[2026-07-23 17:47:26,677] INFO: v2_osm_lapland_rural_sparse_offset_w_5000m_1500m_0619 FAIL_DOWNLOAD_SKIPPED max OSM downloads reached or disabled
[2026-07-23 17:47:26,677] INFO: v2_osm_london_industrial_corridor_exact_500m_0m_0620 FAIL_DOWNLOAD_SKIPPED max OSM downloads reached or disabled
[2026-07-23 17:47:26,677] INFO: v2_osm_manhattan_midtown_offset_n_1000m_500m_0621 FAIL_DOWNLOAD_SKIPPED max OSM downloads reached or disabled
[2026-07-23 17:47:26,677] INFO: v2_osm_mit_campus_reality_offset_e_1500m_1000m_0622 FAIL_DOWNLOAD_SKIPPED max OSM downloads reached or disabled
[2026-07-23 17:47:26,677] INFO: v2_osm_nuuksio_sparse_trails_offset_s_2500m_1500m_0623 FAIL_DOWNLOAD_SKIPPED max OSM downloads reached or disabled
[2026-07-23 17:47:26,677] INFO: v2_osm_rio_centro_buses_offset_w_5000m_200m_0624 FAIL_DOWNLOAD_SKIPPED max OSM downloads reached or disabled
[2026-07-23 17:47:26,677] INFO: v2_osm_roma_centro_exact_500m_0m_0625 FAIL_DOWNLOAD_SKIPPED max OSM downloads reached or disabled
[2026-07-23 17:47:26,678] INFO: v2_osm_sf_cabspotting_downtown_offset_n_1000m_1000m_0626 FAIL_DOWNLOAD_SKIPPED max OSM downloads reached or disabled
[2026-07-23 17:47:26,678] INFO: v2_osm_sf_mission_corridor_offset_e_1500m_1500m_0627 FAIL_DOWNLOAD_SKIPPED max OSM downloads reached or disabled
[2026-07-23 17:47:26,678] INFO: v2_osm_tampere_suburban_offset_s_2500m_200m_0628 FAIL_DOWNLOAD_SKIPPED max OSM downloads reached or disabled
[2026-07-23 17:47:26,678] INFO: v2_osm_cambridge_haggle_offset_w_5000m_500m_0629 FAIL_DOWNLOAD_SKIPPED max OSM downloads reached or disabled
[2026-07-23 17:47:26,678] INFO: v2_osm_dieselnet_amherst_exact_500m_0m_0630 FAIL_DOWNLOAD_SKIPPED max OSM downloads reached or disabled
[2026-07-23 17:47:26,678] INFO: v2_osm_helsinki_archipelago_offset_n_1000m_1500m_0631 FAIL_DOWNLOAD_SKIPPED max OSM downloads reached or disabled
[2026-07-23 17:47:26,678] INFO: v2_osm_helsinki_disrupted_offset_e_1500m_200m_0632 FAIL_DOWNLOAD_SKIPPED max OSM downloads reached or disabled
[2026-07-23 17:47:26,678] INFO: v2_osm_helsinki_downtown_offset_s_2500m_500m_0633 FAIL_DOWNLOAD_SKIPPED max OSM downloads reached or disabled
[2026-07-23 17:47:26,678] INFO: v2_osm_kallio_community_offset_w_5000m_1000m_0634 FAIL_DOWNLOAD_SKIPPED max OSM downloads reached or disabled
[2026-07-23 17:47:26,678] INFO: v2_osm_kumpula_campus_exact_500m_0m_0635 FAIL_DOWNLOAD_SKIPPED max OSM downloads reached or disabled
[2026-07-23 17:47:26,678] INFO: v2_osm_lapland_rural_sparse_offset_n_1000m_200m_0636 FAIL_DOWNLOAD_SKIPPED max OSM downloads reached or disabled
[2026-07-23 17:47:26,678] INFO: v2_osm_london_industrial_corridor_offset_e_1500m_500m_0637 FAIL_DOWNLOAD_SKIPPED max OSM downloads reached or disabled
[2026-07-23 17:47:26,678] INFO: v2_osm_manhattan_midtown_offset_s_2500m_1000m_0638 FAIL_DOWNLOAD_SKIPPED max OSM downloads reached or disabled
[2026-07-23 17:47:26,678] INFO: v2_osm_mit_campus_reality_offset_w_5000m_1500m_0639 FAIL_DOWNLOAD_SKIPPED max OSM downloads reached or disabled
[2026-07-23 17:47:26,678] INFO: v2_osm_nuuksio_sparse_trails_exact_500m_0m_0640 FAIL_DOWNLOAD_SKIPPED max OSM downloads reached or disabled
[2026-07-23 17:47:26,678] INFO: v2_osm_rio_centro_buses_offset_n_1000m_500m_0641 FAIL_DOWNLOAD_SKIPPED max OSM downloads reached or disabled
[2026-07-23 17:47:26,678] INFO: v2_osm_roma_centro_offset_e_1500m_1000m_0642 FAIL_DOWNLOAD_SKIPPED max OSM downloads reached or disabled
[2026-07-23 17:47:26,678] INFO: v2_osm_sf_cabspotting_downtown_offset_s_2500m_1500m_0643 FAIL_DOWNLOAD_SKIPPED max OSM downloads reached or disabled
[2026-07-23 17:47:26,679] INFO: v2_osm_sf_mission_corridor_offset_w_5000m_200m_0644 FAIL_DOWNLOAD_SKIPPED max OSM downloads reached or disabled
[2026-07-23 17:47:26,679] INFO: v2_osm_tampere_suburban_exact_500m_0m_0645 FAIL_DOWNLOAD_SKIPPED max OSM downloads reached or disabled
[2026-07-23 17:47:26,679] INFO: v2_osm_cambridge_haggle_offset_n_1000m_1000m_0646 FAIL_DOWNLOAD_SKIPPED max OSM downloads reached or disabled
[2026-07-23 17:47:26,679] INFO: v2_osm_dieselnet_amherst_offset_e_1500m_1500m_0647 FAIL_DOWNLOAD_SKIPPED max OSM downloads reached or disabled
[2026-07-23 17:47:26,679] INFO: v2_osm_helsinki_archipelago_offset_s_2500m_200m_0648 FAIL_DOWNLOAD_SKIPPED max OSM downloads reached or disabled
[2026-07-23 17:47:26,679] INFO: v2_osm_helsinki_disrupted_offset_w_5000m_500m_0649 FAIL_DOWNLOAD_SKIPPED max OSM downloads reached or disabled
[2026-07-23 17:47:26,679] INFO: v2_osm_helsinki_downtown_exact_500m_0m_0650 FAIL_DOWNLOAD_SKIPPED max OSM downloads reached or disabled
[2026-07-23 17:47:26,679] INFO: v2_osm_kallio_community_offset_n_1000m_1500m_0651 FAIL_DOWNLOAD_SKIPPED max OSM downloads reached or disabled
[2026-07-23 17:47:26,679] INFO: v2_osm_kumpula_campus_offset_e_1500m_200m_0652 FAIL_DOWNLOAD_SKIPPED max OSM downloads reached or disabled
[2026-07-23 17:47:26,679] INFO: v2_osm_lapland_rural_sparse_offset_s_2500m_500m_0653 FAIL_DOWNLOAD_SKIPPED max OSM downloads reached or disabled
[2026-07-23 17:47:26,679] INFO: v2_osm_london_industrial_corridor_offset_w_5000m_1000m_0654 FAIL_DOWNLOAD_SKIPPED max OSM downloads reached or disabled
[2026-07-23 17:47:26,679] INFO: v2_osm_manhattan_midtown_exact_500m_0m_0655 FAIL_DOWNLOAD_SKIPPED max OSM downloads reached or disabled
[2026-07-23 17:47:26,679] INFO: v2_osm_mit_campus_reality_offset_n_1000m_200m_0656 FAIL_DOWNLOAD_SKIPPED max OSM downloads reached or disabled
[2026-07-23 17:47:26,679] INFO: v2_osm_nuuksio_sparse_trails_offset_e_1500m_500m_0657 FAIL_DOWNLOAD_SKIPPED max OSM downloads reached or disabled
[2026-07-23 17:47:26,679] INFO: v2_osm_rio_centro_buses_offset_s_2500m_1000m_0658 FAIL_DOWNLOAD_SKIPPED max OSM downloads reached or disabled
[2026-07-23 17:47:26,679] INFO: v2_osm_roma_centro_offset_w_5000m_1500m_0659 FAIL_DOWNLOAD_SKIPPED max OSM downloads reached or disabled
[2026-07-23 17:47:26,679] INFO: v2_osm_sf_cabspotting_downtown_exact_500m_0m_0660 FAIL_DOWNLOAD_SKIPPED max OSM downloads reached or disabled
[2026-07-23 17:47:26,680] INFO: v2_osm_sf_mission_corridor_offset_n_1000m_500m_0661 FAIL_DOWNLOAD_SKIPPED max OSM downloads reached or disabled
[2026-07-23 17:47:26,680] INFO: v2_osm_tampere_suburban_offset_e_1500m_1000m_0662 FAIL_DOWNLOAD_SKIPPED max OSM downloads reached or disabled
[2026-07-23 17:47:26,680] INFO: v2_osm_cambridge_haggle_offset_s_2500m_1500m_0663 FAIL_DOWNLOAD_SKIPPED max OSM downloads reached or disabled
[2026-07-23 17:47:26,680] INFO: v2_osm_dieselnet_amherst_offset_w_5000m_200m_0664 FAIL_DOWNLOAD_SKIPPED max OSM downloads reached or disabled
[2026-07-23 17:47:26,680] INFO: v2_osm_helsinki_archipelago_exact_500m_0m_0665 FAIL_DOWNLOAD_SKIPPED max OSM downloads reached or disabled
[2026-07-23 17:47:26,680] INFO: v2_osm_helsinki_disrupted_offset_n_1000m_1000m_0666 FAIL_DOWNLOAD_SKIPPED max OSM downloads reached or disabled
[2026-07-23 17:47:26,680] INFO: v2_osm_helsinki_downtown_offset_e_1500m_1500m_0667 FAIL_DOWNLOAD_SKIPPED max OSM downloads reached or disabled
[2026-07-23 17:47:26,680] INFO: v2_osm_kallio_community_offset_s_2500m_200m_0668 FAIL_DOWNLOAD_SKIPPED max OSM downloads reached or disabled
[2026-07-23 17:47:26,680] INFO: v2_osm_kumpula_campus_offset_w_5000m_500m_0669 FAIL_DOWNLOAD_SKIPPED max OSM downloads reached or disabled
[2026-07-23 17:47:26,680] INFO: v2_osm_lapland_rural_sparse_exact_500m_0m_0670 FAIL_DOWNLOAD_SKIPPED max OSM downloads reached or disabled
[2026-07-23 17:47:26,680] INFO: v2_osm_london_industrial_corridor_offset_n_1000m_1500m_0671 FAIL_DOWNLOAD_SKIPPED max OSM downloads reached or disabled
[2026-07-23 17:47:26,680] INFO: v2_osm_manhattan_midtown_offset_e_1500m_200m_0672 FAIL_DOWNLOAD_SKIPPED max OSM downloads reached or disabled
[2026-07-23 17:47:26,680] INFO: v2_osm_mit_campus_reality_offset_s_2500m_500m_0673 FAIL_DOWNLOAD_SKIPPED max OSM downloads reached or disabled
[2026-07-23 17:47:26,680] INFO: v2_osm_nuuksio_sparse_trails_offset_w_5000m_1000m_0674 FAIL_DOWNLOAD_SKIPPED max OSM downloads reached or disabled
[2026-07-23 17:47:26,680] INFO: v2_osm_rio_centro_buses_exact_500m_0m_0675 FAIL_DOWNLOAD_SKIPPED max OSM downloads reached or disabled
[2026-07-23 17:47:26,680] INFO: v2_osm_roma_centro_offset_n_1000m_200m_0676 FAIL_DOWNLOAD_SKIPPED max OSM downloads reached or disabled
[2026-07-23 17:47:26,680] INFO: v2_osm_sf_cabspotting_downtown_offset_e_1500m_500m_0677 FAIL_DOWNLOAD_SKIPPED max OSM downloads reached or disabled
[2026-07-23 17:47:26,680] INFO: v2_osm_sf_mission_corridor_offset_s_2500m_1000m_0678 FAIL_DOWNLOAD_SKIPPED max OSM downloads reached or disabled
[2026-07-23 17:47:26,680] INFO: v2_osm_tampere_suburban_offset_w_5000m_1500m_0679 FAIL_DOWNLOAD_SKIPPED max OSM downloads reached or disabled
[2026-07-23 17:47:26,681] INFO: v2_osm_cambridge_haggle_exact_500m_0m_0680 FAIL_DOWNLOAD_SKIPPED max OSM downloads reached or disabled
[2026-07-23 17:47:26,681] INFO: v2_osm_dieselnet_amherst_offset_n_1000m_500m_0681 FAIL_DOWNLOAD_SKIPPED max OSM downloads reached or disabled
[2026-07-23 17:47:26,681] INFO: v2_osm_helsinki_archipelago_offset_e_1500m_1000m_0682 FAIL_DOWNLOAD_SKIPPED max OSM downloads reached or disabled
[2026-07-23 17:47:26,681] INFO: v2_osm_helsinki_disrupted_offset_s_2500m_1500m_0683 FAIL_DOWNLOAD_SKIPPED max OSM downloads reached or disabled
[2026-07-23 17:47:26,681] INFO: v2_osm_helsinki_downtown_offset_w_5000m_200m_0684 FAIL_DOWNLOAD_SKIPPED max OSM downloads reached or disabled
[2026-07-23 17:47:26,681] INFO: v2_osm_kallio_community_exact_500m_0m_0685 FAIL_DOWNLOAD_SKIPPED max OSM downloads reached or disabled
[2026-07-23 17:47:26,681] INFO: v2_osm_kumpula_campus_offset_n_1000m_1000m_0686 FAIL_DOWNLOAD_SKIPPED max OSM downloads reached or disabled
[2026-07-23 17:47:26,681] INFO: v2_osm_lapland_rural_sparse_offset_e_1500m_1500m_0687 FAIL_DOWNLOAD_SKIPPED max OSM downloads reached or disabled
[2026-07-23 17:47:26,681] INFO: v2_osm_london_industrial_corridor_offset_s_2500m_200m_0688 FAIL_DOWNLOAD_SKIPPED max OSM downloads reached or disabled
[2026-07-23 17:47:26,681] INFO: v2_osm_manhattan_midtown_offset_w_5000m_500m_0689 FAIL_DOWNLOAD_SKIPPED max OSM downloads reached or disabled
[2026-07-23 17:47:26,681] INFO: v2_osm_mit_campus_reality_exact_500m_0m_0690 FAIL_DOWNLOAD_SKIPPED max OSM downloads reached or disabled
[2026-07-23 17:47:26,681] INFO: v2_osm_nuuksio_sparse_trails_offset_n_1000m_1500m_0691 FAIL_DOWNLOAD_SKIPPED max OSM downloads reached or disabled
[2026-07-23 17:47:26,681] INFO: v2_osm_rio_centro_buses_offset_e_1500m_200m_0692 FAIL_DOWNLOAD_SKIPPED max OSM downloads reached or disabled
[2026-07-23 17:47:26,681] INFO: v2_osm_roma_centro_offset_s_2500m_500m_0693 FAIL_DOWNLOAD_SKIPPED max OSM downloads reached or disabled
[2026-07-23 17:47:26,681] INFO: v2_osm_sf_cabspotting_downtown_offset_w_5000m_1000m_0694 FAIL_DOWNLOAD_SKIPPED max OSM downloads reached or disabled
[2026-07-23 17:47:26,681] INFO: v2_osm_sf_mission_corridor_exact_500m_0m_0695 FAIL_DOWNLOAD_SKIPPED max OSM downloads reached or disabled
[2026-07-23 17:47:26,681] INFO: v2_osm_tampere_suburban_offset_n_1000m_200m_0696 FAIL_DOWNLOAD_SKIPPED max OSM downloads reached or disabled
[2026-07-23 17:47:26,681] INFO: v2_osm_cambridge_haggle_offset_e_1500m_500m_0697 FAIL_DOWNLOAD_SKIPPED max OSM downloads reached or disabled
[2026-07-23 17:47:26,681] INFO: v2_osm_dieselnet_amherst_offset_s_2500m_1000m_0698 FAIL_DOWNLOAD_SKIPPED max OSM downloads reached or disabled
[2026-07-23 17:47:26,682] INFO: v2_osm_helsinki_archipelago_offset_w_5000m_1500m_0699 FAIL_DOWNLOAD_SKIPPED max OSM downloads reached or disabled
[2026-07-23 17:47:26,682] INFO: v2_osm_helsinki_disrupted_exact_500m_0m_0700 FAIL_DOWNLOAD_SKIPPED max OSM downloads reached or disabled
[2026-07-23 17:47:26,682] INFO: v2_osm_helsinki_downtown_offset_n_1000m_500m_0701 FAIL_DOWNLOAD_SKIPPED max OSM downloads reached or disabled
[2026-07-23 17:47:26,697] INFO: Generation complete: 577/719 OK
--- Round 4 --- skip=105 osm_ok=577 osm_total=719
>> generate osm max-downloads=25 target=1600
[2026-07-23 17:47:39,868] INFO: v2_osm_cambridge_haggle_exact_500m_0m_seed OK 
[2026-07-23 17:47:39,869] INFO: v2_osm_dieselnet_amherst_exact_500m_0m_seed OK 
[2026-07-23 17:47:39,869] INFO: v2_osm_helsinki_archipelago_exact_500m_0m_seed OK 
[2026-07-23 17:47:39,869] INFO: v2_osm_helsinki_disrupted_exact_500m_0m_seed OK 
[2026-07-23 17:47:39,869] INFO: v2_osm_helsinki_downtown_exact_500m_0m_seed OK 
[2026-07-23 17:47:39,870] INFO: v2_osm_kallio_community_exact_500m_0m_seed OK 
[2026-07-23 17:47:39,870] INFO: v2_osm_kumpula_campus_exact_500m_0m_seed OK 
[2026-07-23 17:47:39,870] INFO: v2_osm_lapland_rural_sparse_exact_500m_0m_seed OK 
[2026-07-23 17:47:39,871] INFO: v2_osm_london_industrial_corridor_exact_500m_0m_seed OK 
[2026-07-23 17:47:40,754] INFO: v2_osm_manhattan_midtown_exact_500m_0m_seed FAIL_BUILD_OSM too few segments (14 < 20)
[2026-07-23 17:47:40,754] INFO: v2_osm_mit_campus_reality_exact_500m_0m_seed OK 
[2026-07-23 17:47:40,801] INFO: v2_osm_nuuksio_sparse_trails_exact_500m_0m_seed FAIL_BUILD_OSM too few segments (8 < 20)
[2026-07-23 17:47:40,802] INFO: v2_osm_rio_centro_buses_exact_500m_0m_seed OK 
[2026-07-23 17:47:40,802] INFO: v2_osm_roma_centro_exact_500m_0m_seed OK 
[2026-07-23 17:47:40,802] INFO: v2_osm_sf_cabspotting_downtown_exact_500m_0m_seed OK 
[2026-07-23 17:47:40,802] INFO: v2_osm_sf_mission_corridor_exact_500m_0m_seed OK 
[2026-07-23 17:47:40,804] INFO: v2_osm_tampere_suburban_exact_500m_0m_seed FAIL_BUILD_OSM osm_process: Graph contains no edges.
[2026-07-23 17:47:40,804] INFO: v2_osm_cambridge_haggle_exact_500m_0m_0000 OK 
[2026-07-23 17:47:40,805] INFO: v2_osm_dieselnet_amherst_offset_n_1000m_500m_0001 OK 
[2026-07-23 17:47:40,805] INFO: v2_osm_helsinki_archipelago_offset_e_1500m_1000m_0002 OK 
[2026-07-23 17:47:40,805] INFO: v2_osm_helsinki_disrupted_offset_s_2500m_1500m_0003 OK 
[2026-07-23 17:47:40,805] INFO: v2_osm_helsinki_downtown_offset_w_5000m_200m_0004 OK 
[2026-07-23 17:47:40,806] INFO: v2_osm_kallio_community_exact_500m_0m_0005 OK 
[2026-07-23 17:47:40,806] INFO: v2_osm_kumpula_campus_offset_n_1000m_1000m_0006 OK 
[2026-07-23 17:47:40,806] INFO: v2_osm_lapland_rural_sparse_offset_e_1500m_1500m_0007 OK 
[2026-07-23 17:47:40,806] INFO: v2_osm_london_industrial_corridor_offset_s_2500m_200m_0008 OK 
[2026-07-23 17:47:40,806] INFO: v2_osm_manhattan_midtown_offset_w_5000m_500m_0009 OK 
[2026-07-23 17:47:40,807] INFO: v2_osm_mit_campus_reality_exact_500m_0m_0010 OK 
[2026-07-23 17:47:40,808] INFO: v2_osm_nuuksio_sparse_trails_offset_n_1000m_1500m_0011 FAIL_BUILD_OSM osm_process: Graph contains no edges.
[2026-07-23 17:47:40,809] INFO: v2_osm_rio_centro_buses_offset_e_1500m_200m_0012 OK 
[2026-07-23 17:47:40,809] INFO: v2_osm_roma_centro_offset_s_2500m_500m_0013 OK 
[2026-07-23 17:47:40,809] INFO: v2_osm_sf_cabspotting_downtown_offset_w_5000m_1000m_0014 OK 
[2026-07-23 17:47:40,809] INFO: v2_osm_sf_mission_corridor_exact_500m_0m_0015 OK 
[2026-07-23 17:47:40,821] INFO: v2_osm_tampere_suburban_offset_n_1000m_200m_0016 FAIL_BUILD_OSM too few segments (10 < 20)
[2026-07-23 17:47:40,821] INFO: v2_osm_cambridge_haggle_offset_e_1500m_500m_0017 OK 
[2026-07-23 17:47:40,822] INFO: v2_osm_dieselnet_amherst_offset_s_2500m_1000m_0018 OK 
[2026-07-23 17:47:40,822] INFO: v2_osm_helsinki_archipelago_offset_w_5000m_1500m_0019 OK 
[2026-07-23 17:47:40,822] INFO: v2_osm_helsinki_disrupted_exact_500m_0m_0020 OK 
[2026-07-23 17:47:40,822] INFO: v2_osm_helsinki_downtown_offset_n_1000m_500m_0021 OK 
[2026-07-23 17:47:40,823] INFO: v2_osm_kallio_community_offset_e_1500m_1000m_0022 OK 
[2026-07-23 17:47:40,823] INFO: v2_osm_kumpula_campus_offset_s_2500m_1500m_0023 OK 
[2026-07-23 17:47:40,823] INFO: v2_osm_lapland_rural_sparse_offset_w_5000m_200m_0024 OK 
[2026-07-23 17:47:40,823] INFO: v2_osm_london_industrial_corridor_exact_500m_0m_0025 OK 
[2026-07-23 17:47:40,823] INFO: v2_osm_manhattan_midtown_offset_n_1000m_1000m_0026 OK 
[2026-07-23 17:47:40,824] INFO: v2_osm_mit_campus_reality_offset_e_1500m_1500m_0027 OK 
[2026-07-23 17:47:40,824] INFO: v2_osm_nuuksio_sparse_trails_offset_s_2500m_200m_0028 OK 
[2026-07-23 17:47:40,824] INFO: v2_osm_rio_centro_buses_offset_w_5000m_500m_0029 OK 
[2026-07-23 17:47:40,824] INFO: v2_osm_roma_centro_exact_500m_0m_0030 OK 
[2026-07-23 17:47:40,824] INFO: v2_osm_sf_cabspotting_downtown_offset_n_1000m_1500m_0031 OK 
[2026-07-23 17:47:40,825] INFO: v2_osm_sf_mission_corridor_offset_e_1500m_200m_0032 OK 
[2026-07-23 17:47:40,825] INFO: v2_osm_tampere_suburban_offset_s_2500m_500m_0033 OK 
[2026-07-23 17:47:40,825] INFO: v2_osm_cambridge_haggle_offset_w_5000m_1000m_0034 OK 
[2026-07-23 17:47:40,825] INFO: v2_osm_dieselnet_amherst_exact_500m_0m_0035 OK 
[2026-07-23 17:47:40,826] INFO: v2_osm_helsinki_archipelago_offset_n_1000m_200m_0036 OK 
[2026-07-23 17:47:40,826] INFO: v2_osm_helsinki_disrupted_offset_e_1500m_500m_0037 OK 
[2026-07-23 17:47:40,826] INFO: v2_osm_helsinki_downtown_offset_s_2500m_1000m_0038 OK 
[2026-07-23 17:47:40,827] INFO: v2_osm_kallio_community_offset_w_5000m_1500m_0039 OK 
[2026-07-23 17:47:40,827] INFO: v2_osm_kumpula_campus_exact_500m_0m_0040 OK 
[2026-07-23 17:47:40,828] INFO: v2_osm_lapland_rural_sparse_offset_n_1000m_500m_0041 OK 
[2026-07-23 17:47:40,828] INFO: v2_osm_london_industrial_corridor_offset_e_1500m_1000m_0042 OK 
[2026-07-23 17:47:40,828] INFO: v2_osm_manhattan_midtown_offset_s_2500m_1500m_0043 OK 
[2026-07-23 17:47:40,828] INFO: v2_osm_mit_campus_reality_offset_w_5000m_200m_0044 OK 
[2026-07-23 17:47:40,839] INFO: v2_osm_nuuksio_sparse_trails_exact_500m_0m_0045 FAIL_BUILD_OSM too few segments (8 < 20)
[2026-07-23 17:47:40,839] INFO: v2_osm_rio_centro_buses_offset_n_1000m_1000m_0046 OK 
[2026-07-23 17:47:40,839] INFO: v2_osm_roma_centro_offset_e_1500m_1500m_0047 OK 
[2026-07-23 17:47:40,840] INFO: v2_osm_sf_cabspotting_downtown_offset_s_2500m_200m_0048 OK 
[2026-07-23 17:47:40,840] INFO: v2_osm_sf_mission_corridor_offset_w_5000m_500m_0049 OK 
[2026-07-23 17:47:40,843] INFO: v2_osm_tampere_suburban_exact_500m_0m_0050 FAIL_BUILD_OSM osm_process: Graph contains no edges.
[2026-07-23 17:47:40,843] INFO: v2_osm_cambridge_haggle_offset_n_1000m_1500m_0051 OK 
[2026-07-23 17:47:40,843] INFO: v2_osm_dieselnet_amherst_offset_e_1500m_200m_0052 OK 
[2026-07-23 17:47:40,843] INFO: v2_osm_helsinki_archipelago_offset_s_2500m_500m_0053 OK 
[2026-07-23 17:47:40,843] INFO: v2_osm_helsinki_disrupted_offset_w_5000m_1000m_0054 OK 
[2026-07-23 17:47:40,844] INFO: v2_osm_helsinki_downtown_exact_500m_0m_0055 OK 
[2026-07-23 17:47:40,844] INFO: v2_osm_kallio_community_offset_n_1000m_200m_0056 OK 
[2026-07-23 17:47:40,844] INFO: v2_osm_kumpula_campus_offset_e_1500m_500m_0057 OK 
[2026-07-23 17:47:40,844] INFO: v2_osm_lapland_rural_sparse_offset_s_2500m_1000m_0058 OK 
[2026-07-23 17:47:40,845] INFO: v2_osm_london_industrial_corridor_offset_w_5000m_1500m_0059 OK 
[2026-07-23 17:47:40,855] INFO: v2_osm_manhattan_midtown_exact_500m_0m_0060 FAIL_BUILD_OSM too few segments (14 < 20)
[2026-07-23 17:47:40,856] INFO: v2_osm_mit_campus_reality_offset_n_1000m_500m_0061 OK 
[2026-07-23 17:47:40,856] INFO: v2_osm_nuuksio_sparse_trails_offset_e_1500m_1000m_0062 OK 
[2026-07-23 17:47:40,856] INFO: v2_osm_rio_centro_buses_offset_s_2500m_1500m_0063 OK 
[2026-07-23 17:47:40,856] INFO: v2_osm_roma_centro_offset_w_5000m_200m_0064 OK 
[2026-07-23 17:47:40,857] INFO: v2_osm_sf_cabspotting_downtown_exact_500m_0m_0065 OK 
[2026-07-23 17:47:40,857] INFO: v2_osm_sf_mission_corridor_offset_n_1000m_1000m_0066 OK 
[2026-07-23 17:47:40,857] INFO: v2_osm_tampere_suburban_offset_e_1500m_1500m_0067 OK 
[2026-07-23 17:47:40,857] INFO: v2_osm_cambridge_haggle_offset_s_2500m_200m_0068 OK 
[2026-07-23 17:47:40,858] INFO: v2_osm_dieselnet_amherst_offset_w_5000m_500m_0069 OK 
[2026-07-23 17:47:40,858] INFO: v2_osm_helsinki_archipelago_exact_500m_0m_0070 OK 
[2026-07-23 17:47:40,858] INFO: v2_osm_helsinki_disrupted_offset_n_1000m_1500m_0071 OK 
[2026-07-23 17:47:40,858] INFO: v2_osm_helsinki_downtown_offset_e_1500m_200m_0072 OK 
[2026-07-23 17:47:40,859] INFO: v2_osm_kallio_community_offset_s_2500m_500m_0073 OK 
[2026-07-23 17:47:40,859] INFO: v2_osm_kumpula_campus_offset_w_5000m_1000m_0074 OK 
[2026-07-23 17:47:40,859] INFO: v2_osm_lapland_rural_sparse_exact_500m_0m_0075 OK 
[2026-07-23 17:47:40,859] INFO: v2_osm_london_industrial_corridor_offset_n_1000m_200m_0076 OK 
[2026-07-23 17:47:40,860] INFO: v2_osm_manhattan_midtown_offset_e_1500m_500m_0077 OK 
[2026-07-23 17:47:40,860] INFO: v2_osm_mit_campus_reality_offset_s_2500m_1000m_0078 OK 
[2026-07-23 17:47:40,860] INFO: v2_osm_nuuksio_sparse_trails_offset_w_5000m_1500m_0079 OK 
[2026-07-23 17:47:40,860] INFO: v2_osm_rio_centro_buses_exact_500m_0m_0080 OK 
[2026-07-23 17:47:40,860] INFO: v2_osm_roma_centro_offset_n_1000m_500m_0081 OK 
[2026-07-23 17:47:40,861] INFO: v2_osm_sf_cabspotting_downtown_offset_e_1500m_1000m_0082 OK 
[2026-07-23 17:47:40,861] INFO: v2_osm_sf_mission_corridor_offset_s_2500m_1500m_0083 OK 
[2026-07-23 17:47:40,861] INFO: v2_osm_tampere_suburban_offset_w_5000m_200m_0084 OK 
[2026-07-23 17:47:40,861] INFO: v2_osm_cambridge_haggle_exact_500m_0m_0085 OK 
[2026-07-23 17:47:40,861] INFO: v2_osm_dieselnet_amherst_offset_n_1000m_1000m_0086 OK 
[2026-07-23 17:47:40,862] INFO: v2_osm_helsinki_archipelago_offset_e_1500m_1500m_0087 OK 
[2026-07-23 17:47:40,862] INFO: v2_osm_helsinki_disrupted_offset_s_2500m_200m_0088 OK 
[2026-07-23 17:47:40,862] INFO: v2_osm_helsinki_downtown_offset_w_5000m_500m_0089 OK 
[2026-07-23 17:47:40,862] INFO: v2_osm_kallio_community_exact_500m_0m_0090 OK 
[2026-07-23 17:47:40,863] INFO: v2_osm_kumpula_campus_offset_n_1000m_1500m_0091 OK 
[2026-07-23 17:47:40,863] INFO: v2_osm_lapland_rural_sparse_offset_e_1500m_200m_0092 OK 
[2026-07-23 17:47:40,863] INFO: v2_osm_london_industrial_corridor_offset_s_2500m_500m_0093 OK 
[2026-07-23 17:47:40,863] INFO: v2_osm_manhattan_midtown_offset_w_5000m_1000m_0094 OK 
[2026-07-23 17:47:40,864] INFO: v2_osm_mit_campus_reality_exact_500m_0m_0095 OK 
[2026-07-23 17:47:40,864] INFO: v2_osm_nuuksio_sparse_trails_offset_n_1000m_200m_0096 OK 
[2026-07-23 17:47:40,864] INFO: v2_osm_rio_centro_buses_offset_e_1500m_500m_0097 OK 
[2026-07-23 17:47:40,865] INFO: v2_osm_roma_centro_offset_s_2500m_1000m_0098 OK 
[2026-07-23 17:47:40,865] INFO: v2_osm_sf_cabspotting_downtown_offset_w_5000m_1500m_0099 OK 
[2026-07-23 17:47:40,866] INFO: v2_osm_sf_mission_corridor_exact_500m_0m_0100 OK 
[2026-07-23 17:47:40,879] INFO: v2_osm_tampere_suburban_offset_n_1000m_500m_0101 FAIL_BUILD_OSM too few segments (2 < 20)
[2026-07-23 17:47:40,880] INFO: v2_osm_cambridge_haggle_offset_e_1500m_1000m_0102 OK 
[2026-07-23 17:47:40,880] INFO: v2_osm_dieselnet_amherst_offset_s_2500m_1500m_0103 OK 
[2026-07-23 17:47:40,880] INFO: v2_osm_helsinki_archipelago_offset_w_5000m_200m_0104 OK 
[2026-07-23 17:47:40,881] INFO: v2_osm_helsinki_disrupted_exact_500m_0m_0105 OK 
[2026-07-23 17:47:40,881] INFO: v2_osm_helsinki_downtown_offset_n_1000m_1000m_0106 OK 
[2026-07-23 17:47:40,881] INFO: v2_osm_kallio_community_offset_e_1500m_1500m_0107 OK 
[2026-07-23 17:47:40,881] INFO: v2_osm_kumpula_campus_offset_s_2500m_200m_0108 OK 
[2026-07-23 17:47:40,881] INFO: v2_osm_lapland_rural_sparse_offset_w_5000m_500m_0109 OK 
[2026-07-23 17:47:40,882] INFO: v2_osm_london_industrial_corridor_exact_500m_0m_0110 OK 
[2026-07-23 17:47:40,882] INFO: v2_osm_manhattan_midtown_offset_n_1000m_1500m_0111 OK 
[2026-07-23 17:47:40,882] INFO: v2_osm_mit_campus_reality_offset_e_1500m_200m_0112 OK 
[2026-07-23 17:47:40,882] INFO: v2_osm_nuuksio_sparse_trails_offset_s_2500m_500m_0113 OK 
[2026-07-23 17:47:40,883] INFO: v2_osm_rio_centro_buses_offset_w_5000m_1000m_0114 OK 
[2026-07-23 17:47:40,883] INFO: v2_osm_roma_centro_exact_500m_0m_0115 OK 
[2026-07-23 17:47:40,883] INFO: v2_osm_sf_cabspotting_downtown_offset_n_1000m_200m_0116 OK 
[2026-07-23 17:47:40,883] INFO: v2_osm_sf_mission_corridor_offset_e_1500m_500m_0117 OK 
[2026-07-23 17:47:40,883] INFO: v2_osm_tampere_suburban_offset_s_2500m_1000m_0118 OK 
[2026-07-23 17:47:40,884] INFO: v2_osm_cambridge_haggle_offset_w_5000m_1500m_0119 OK 
[2026-07-23 17:47:40,884] INFO: v2_osm_dieselnet_amherst_exact_500m_0m_0120 OK 
[2026-07-23 17:47:40,884] INFO: v2_osm_helsinki_archipelago_offset_n_1000m_500m_0121 OK 
[2026-07-23 17:47:40,884] INFO: v2_osm_helsinki_disrupted_offset_e_1500m_1000m_0122 OK 
[2026-07-23 17:47:40,885] INFO: v2_osm_helsinki_downtown_offset_s_2500m_1500m_0123 OK 
[2026-07-23 17:47:40,885] INFO: v2_osm_kallio_community_offset_w_5000m_200m_0124 OK 
[2026-07-23 17:47:40,885] INFO: v2_osm_kumpula_campus_exact_500m_0m_0125 OK 
[2026-07-23 17:47:40,885] INFO: v2_osm_lapland_rural_sparse_offset_n_1000m_1000m_0126 OK 
[2026-07-23 17:47:40,885] INFO: v2_osm_london_industrial_corridor_offset_e_1500m_1500m_0127 OK 
[2026-07-23 17:47:40,885] INFO: v2_osm_manhattan_midtown_offset_s_2500m_200m_0128 OK 
[2026-07-23 17:47:40,886] INFO: v2_osm_mit_campus_reality_offset_w_5000m_500m_0129 OK 
[2026-07-23 17:47:40,898] INFO: v2_osm_nuuksio_sparse_trails_exact_500m_0m_0130 FAIL_BUILD_OSM too few segments (8 < 20)
[2026-07-23 17:47:40,898] INFO: v2_osm_rio_centro_buses_offset_n_1000m_1500m_0131 OK 
[2026-07-23 17:47:40,899] INFO: v2_osm_roma_centro_offset_e_1500m_200m_0132 OK 
[2026-07-23 17:47:40,899] INFO: v2_osm_sf_cabspotting_downtown_offset_s_2500m_500m_0133 OK 
[2026-07-23 17:47:40,899] INFO: v2_osm_sf_mission_corridor_offset_w_5000m_1000m_0134 OK 
[2026-07-23 17:47:40,901] INFO: v2_osm_tampere_suburban_exact_500m_0m_0135 FAIL_BUILD_OSM osm_process: Graph contains no edges.
[2026-07-23 17:47:40,902] INFO: v2_osm_cambridge_haggle_offset_n_1000m_200m_0136 OK 
[2026-07-23 17:47:40,902] INFO: v2_osm_dieselnet_amherst_offset_e_1500m_500m_0137 OK 
[2026-07-23 17:47:40,902] INFO: v2_osm_helsinki_archipelago_offset_s_2500m_1000m_0138 OK 
[2026-07-23 17:47:40,902] INFO: v2_osm_helsinki_disrupted_offset_w_5000m_1500m_0139 OK 
[2026-07-23 17:47:40,903] INFO: v2_osm_helsinki_downtown_exact_500m_0m_0140 OK 
[2026-07-23 17:47:40,903] INFO: v2_osm_kallio_community_offset_n_1000m_500m_0141 OK 
[2026-07-23 17:47:40,903] INFO: v2_osm_kumpula_campus_offset_e_1500m_1000m_0142 OK 
[2026-07-23 17:47:40,904] INFO: v2_osm_lapland_rural_sparse_offset_s_2500m_1500m_0143 OK 
[2026-07-23 17:47:40,904] INFO: v2_osm_london_industrial_corridor_offset_w_5000m_200m_0144 OK 
[2026-07-23 17:47:40,918] INFO: v2_osm_manhattan_midtown_exact_500m_0m_0145 FAIL_BUILD_OSM too few segments (14 < 20)
[2026-07-23 17:47:40,919] INFO: v2_osm_mit_campus_reality_offset_n_1000m_1000m_0146 OK 
[2026-07-23 17:47:40,919] INFO: v2_osm_nuuksio_sparse_trails_offset_e_1500m_1500m_0147 OK 
[2026-07-23 17:47:40,919] INFO: v2_osm_rio_centro_buses_offset_s_2500m_200m_0148 OK 
[2026-07-23 17:47:40,920] INFO: v2_osm_roma_centro_offset_w_5000m_500m_0149 OK 
[2026-07-23 17:47:40,920] INFO: v2_osm_sf_cabspotting_downtown_exact_500m_0m_0150 OK 
[2026-07-23 17:47:40,920] INFO: v2_osm_sf_mission_corridor_offset_n_1000m_1500m_0151 OK 
[2026-07-23 17:47:40,920] INFO: v2_osm_tampere_suburban_offset_e_1500m_200m_0152 OK 
[2026-07-23 17:47:40,921] INFO: v2_osm_cambridge_haggle_offset_s_2500m_500m_0153 OK 
[2026-07-23 17:47:40,921] INFO: v2_osm_dieselnet_amherst_offset_w_5000m_1000m_0154 OK 
[2026-07-23 17:47:40,921] INFO: v2_osm_helsinki_archipelago_exact_500m_0m_0155 OK 
[2026-07-23 17:47:40,921] INFO: v2_osm_helsinki_disrupted_offset_n_1000m_200m_0156 OK 
[2026-07-23 17:47:40,921] INFO: v2_osm_helsinki_downtown_offset_e_1500m_500m_0157 OK 
[2026-07-23 17:47:40,922] INFO: v2_osm_kallio_community_offset_s_2500m_1000m_0158 OK 
[2026-07-23 17:47:40,922] INFO: v2_osm_kumpula_campus_offset_w_5000m_1500m_0159 OK 
[2026-07-23 17:47:40,922] INFO: v2_osm_lapland_rural_sparse_exact_500m_0m_0160 OK 
[2026-07-23 17:47:40,922] INFO: v2_osm_london_industrial_corridor_offset_n_1000m_500m_0161 OK 
[2026-07-23 17:47:40,923] INFO: v2_osm_manhattan_midtown_offset_e_1500m_1000m_0162 OK 
[2026-07-23 17:47:40,923] INFO: v2_osm_mit_campus_reality_offset_s_2500m_1500m_0163 OK 
[2026-07-23 17:47:40,923] INFO: v2_osm_nuuksio_sparse_trails_offset_w_5000m_200m_0164 OK 
[2026-07-23 17:47:40,923] INFO: v2_osm_rio_centro_buses_exact_500m_0m_0165 OK 
[2026-07-23 17:47:40,924] INFO: v2_osm_roma_centro_offset_n_1000m_1000m_0166 OK 
[2026-07-23 17:47:40,924] INFO: v2_osm_sf_cabspotting_downtown_offset_e_1500m_1500m_0167 OK 
[2026-07-23 17:47:40,924] INFO: v2_osm_sf_mission_corridor_offset_s_2500m_200m_0168 OK 
[2026-07-23 17:47:40,924] INFO: v2_osm_tampere_suburban_offset_w_5000m_500m_0169 OK 
[2026-07-23 17:47:40,925] INFO: v2_osm_cambridge_haggle_exact_500m_0m_0170 OK 
[2026-07-23 17:47:40,925] INFO: v2_osm_dieselnet_amherst_offset_n_1000m_1500m_0171 OK 
[2026-07-23 17:47:40,925] INFO: v2_osm_helsinki_archipelago_offset_e_1500m_200m_0172 OK 
[2026-07-23 17:47:40,925] INFO: v2_osm_helsinki_disrupted_offset_s_2500m_500m_0173 OK 
[2026-07-23 17:47:40,925] INFO: v2_osm_helsinki_downtown_offset_w_5000m_1000m_0174 OK 
[2026-07-23 17:47:40,926] INFO: v2_osm_kallio_community_exact_500m_0m_0175 OK 
[2026-07-23 17:47:40,926] INFO: v2_osm_kumpula_campus_offset_n_1000m_200m_0176 OK 
[2026-07-23 17:47:40,926] INFO: v2_osm_lapland_rural_sparse_offset_e_1500m_500m_0177 OK 
[2026-07-23 17:47:40,926] INFO: v2_osm_london_industrial_corridor_offset_s_2500m_1000m_0178 OK 
[2026-07-23 17:47:40,927] INFO: v2_osm_manhattan_midtown_offset_w_5000m_1500m_0179 OK 
[2026-07-23 17:47:40,927] INFO: v2_osm_mit_campus_reality_exact_500m_0m_0180 OK 
[2026-07-23 17:47:40,940] INFO: v2_osm_nuuksio_sparse_trails_offset_n_1000m_500m_0181 FAIL_BUILD_OSM too few segments (14 < 20)
[2026-07-23 17:47:40,941] INFO: v2_osm_rio_centro_buses_offset_e_1500m_1000m_0182 OK 
[2026-07-23 17:47:40,941] INFO: v2_osm_roma_centro_offset_s_2500m_1500m_0183 OK 
[2026-07-23 17:47:40,941] INFO: v2_osm_sf_cabspotting_downtown_offset_w_5000m_200m_0184 OK 
[2026-07-23 17:47:40,942] INFO: v2_osm_sf_mission_corridor_exact_500m_0m_0185 OK 
[2026-07-23 17:47:40,965] INFO: v2_osm_tampere_suburban_offset_n_1000m_1000m_0186 FAIL_BUILD_OSM too few segments (2 < 20)
[2026-07-23 17:47:40,965] INFO: v2_osm_cambridge_haggle_offset_e_1500m_1500m_0187 OK 
[2026-07-23 17:47:40,966] INFO: v2_osm_dieselnet_amherst_offset_s_2500m_200m_0188 OK 
[2026-07-23 17:47:40,966] INFO: v2_osm_helsinki_archipelago_offset_w_5000m_500m_0189 OK 
[2026-07-23 17:47:40,967] INFO: v2_osm_helsinki_disrupted_exact_500m_0m_0190 OK 
[2026-07-23 17:47:40,967] INFO: v2_osm_helsinki_downtown_offset_n_1000m_1500m_0191 OK 
[2026-07-23 17:47:40,968] INFO: v2_osm_kallio_community_offset_e_1500m_200m_0192 OK 
[2026-07-23 17:47:40,968] INFO: v2_osm_kumpula_campus_offset_s_2500m_500m_0193 OK 
[2026-07-23 17:47:40,968] INFO: v2_osm_lapland_rural_sparse_offset_w_5000m_1000m_0194 OK 
[2026-07-23 17:47:40,969] INFO: v2_osm_london_industrial_corridor_exact_500m_0m_0195 OK 
[2026-07-23 17:47:40,969] INFO: v2_osm_manhattan_midtown_offset_n_1000m_200m_0196 OK 
[2026-07-23 17:47:40,970] INFO: v2_osm_mit_campus_reality_offset_e_1500m_500m_0197 OK 
[2026-07-23 17:47:40,970] INFO: v2_osm_nuuksio_sparse_trails_offset_s_2500m_1000m_0198 OK 
[2026-07-23 17:47:40,970] INFO: v2_osm_rio_centro_buses_offset_w_5000m_1500m_0199 OK 
[2026-07-23 17:47:40,971] INFO: v2_osm_roma_centro_exact_500m_0m_0200 OK 
[2026-07-23 17:47:40,971] INFO: v2_osm_sf_cabspotting_downtown_offset_n_1000m_500m_0201 OK 
[2026-07-23 17:47:40,971] INFO: v2_osm_sf_mission_corridor_offset_e_1500m_1000m_0202 OK 
[2026-07-23 17:47:40,972] INFO: v2_osm_tampere_suburban_offset_s_2500m_1500m_0203 OK 
[2026-07-23 17:47:40,972] INFO: v2_osm_cambridge_haggle_offset_w_5000m_200m_0204 OK 
[2026-07-23 17:47:40,973] INFO: v2_osm_dieselnet_amherst_exact_500m_0m_0205 OK 
[2026-07-23 17:47:40,973] INFO: v2_osm_helsinki_archipelago_offset_n_1000m_1000m_0206 OK 
[2026-07-23 17:47:40,973] INFO: v2_osm_helsinki_disrupted_offset_e_1500m_1500m_0207 OK 
[2026-07-23 17:47:40,973] INFO: v2_osm_helsinki_downtown_offset_s_2500m_200m_0208 OK 
[2026-07-23 17:47:40,974] INFO: v2_osm_kallio_community_offset_w_5000m_500m_0209 OK 
[2026-07-23 17:47:40,974] INFO: v2_osm_kumpula_campus_exact_500m_0m_0210 OK 
[2026-07-23 17:47:40,991] INFO: v2_osm_lapland_rural_sparse_offset_n_1000m_1500m_0211 FAIL_BUILD_OSM too few segments (2 < 20)
[2026-07-23 17:47:40,992] INFO: v2_osm_london_industrial_corridor_offset_e_1500m_200m_0212 OK 
[2026-07-23 17:47:40,992] INFO: v2_osm_manhattan_midtown_offset_s_2500m_500m_0213 OK 
[2026-07-23 17:47:40,992] INFO: v2_osm_mit_campus_reality_offset_w_5000m_1000m_0214 OK 
[2026-07-23 17:47:41,014] INFO: v2_osm_nuuksio_sparse_trails_exact_500m_0m_0215 FAIL_BUILD_OSM too few segments (8 < 20)
[2026-07-23 17:47:41,015] INFO: v2_osm_rio_centro_buses_offset_n_1000m_200m_0216 OK 
[2026-07-23 17:47:41,015] INFO: v2_osm_roma_centro_offset_e_1500m_500m_0217 OK 
[2026-07-23 17:47:41,015] INFO: v2_osm_sf_cabspotting_downtown_offset_s_2500m_1000m_0218 OK 
[2026-07-23 17:47:41,016] INFO: v2_osm_sf_mission_corridor_offset_w_5000m_1500m_0219 OK 
[2026-07-23 17:47:41,020] INFO: v2_osm_tampere_suburban_exact_500m_0m_0220 FAIL_BUILD_OSM osm_process: Graph contains no edges.
[2026-07-23 17:47:41,021] INFO: v2_osm_cambridge_haggle_offset_n_1000m_500m_0221 OK 
[2026-07-23 17:47:41,021] INFO: v2_osm_dieselnet_amherst_offset_e_1500m_1000m_0222 OK 
[2026-07-23 17:47:41,022] INFO: v2_osm_helsinki_archipelago_offset_s_2500m_1500m_0223 OK 
[2026-07-23 17:47:41,022] INFO: v2_osm_helsinki_disrupted_offset_w_5000m_200m_0224 OK 
[2026-07-23 17:47:41,022] INFO: v2_osm_helsinki_downtown_exact_500m_0m_0225 OK 
[2026-07-23 17:47:41,023] INFO: v2_osm_kallio_community_offset_n_1000m_1000m_0226 OK 
[2026-07-23 17:47:41,023] INFO: v2_osm_kumpula_campus_offset_e_1500m_1500m_0227 OK 
[2026-07-23 17:47:41,023] INFO: v2_osm_lapland_rural_sparse_offset_s_2500m_200m_0228 OK 
[2026-07-23 17:47:41,024] INFO: v2_osm_london_industrial_corridor_offset_w_5000m_500m_0229 OK 
[2026-07-23 17:47:41,045] INFO: v2_osm_manhattan_midtown_exact_500m_0m_0230 FAIL_BUILD_OSM too few segments (14 < 20)
[2026-07-23 17:47:41,046] INFO: v2_osm_mit_campus_reality_offset_n_1000m_1500m_0231 OK 
[2026-07-23 17:47:41,046] INFO: v2_osm_nuuksio_sparse_trails_offset_e_1500m_200m_0232 OK 
[2026-07-23 17:47:41,047] INFO: v2_osm_rio_centro_buses_offset_s_2500m_500m_0233 OK 
[2026-07-23 17:47:41,047] INFO: v2_osm_roma_centro_offset_w_5000m_1000m_0234 OK 
[2026-07-23 17:47:41,047] INFO: v2_osm_sf_cabspotting_downtown_exact_500m_0m_0235 OK 
[2026-07-23 17:47:41,048] INFO: v2_osm_sf_mission_corridor_offset_n_1000m_200m_0236 OK 
[2026-07-23 17:47:41,048] INFO: v2_osm_tampere_suburban_offset_e_1500m_500m_0237 OK 
[2026-07-23 17:47:41,048] INFO: v2_osm_cambridge_haggle_offset_s_2500m_1000m_0238 OK 
[2026-07-23 17:47:41,049] INFO: v2_osm_dieselnet_amherst_offset_w_5000m_1500m_0239 OK 
[2026-07-23 17:47:41,049] INFO: v2_osm_helsinki_archipelago_exact_500m_0m_0240 OK 
[2026-07-23 17:47:41,049] INFO: v2_osm_helsinki_disrupted_offset_n_1000m_500m_0241 OK 
[2026-07-23 17:47:41,050] INFO: v2_osm_helsinki_downtown_offset_e_1500m_1000m_0242 OK 
[2026-07-23 17:47:41,050] INFO: v2_osm_kallio_community_offset_s_2500m_1500m_0243 OK 
[2026-07-23 17:47:41,050] INFO: v2_osm_kumpula_campus_offset_w_5000m_200m_0244 OK 
[2026-07-23 17:47:41,051] INFO: v2_osm_lapland_rural_sparse_exact_500m_0m_0245 OK 
[2026-07-23 17:47:41,051] INFO: v2_osm_london_industrial_corridor_offset_n_1000m_1000m_0246 OK 
[2026-07-23 17:47:41,051] INFO: v2_osm_manhattan_midtown_offset_e_1500m_1500m_0247 OK 
[2026-07-23 17:47:41,052] INFO: v2_osm_mit_campus_reality_offset_s_2500m_200m_0248 OK 
[2026-07-23 17:47:41,052] INFO: v2_osm_nuuksio_sparse_trails_offset_w_5000m_500m_0249 OK 
[2026-07-23 17:47:41,052] INFO: v2_osm_rio_centro_buses_exact_500m_0m_0250 OK 
[2026-07-23 17:47:41,053] INFO: v2_osm_roma_centro_offset_n_1000m_1500m_0251 OK 
[2026-07-23 17:47:41,053] INFO: v2_osm_sf_cabspotting_downtown_offset_e_1500m_200m_0252 OK 
[2026-07-23 17:47:41,054] INFO: v2_osm_sf_mission_corridor_offset_s_2500m_500m_0253 OK 
[2026-07-23 17:47:41,054] INFO: v2_osm_tampere_suburban_offset_w_5000m_1000m_0254 OK 
[2026-07-23 17:47:41,054] INFO: v2_osm_cambridge_haggle_exact_500m_0m_0255 OK 
[2026-07-23 17:47:41,055] INFO: v2_osm_dieselnet_amherst_offset_n_1000m_200m_0256 OK 
[2026-07-23 17:47:41,055] INFO: v2_osm_helsinki_archipelago_offset_e_1500m_500m_0257 OK 
[2026-07-23 17:47:41,055] INFO: v2_osm_helsinki_disrupted_offset_s_2500m_1000m_0258 OK 
[2026-07-23 17:47:41,056] INFO: v2_osm_helsinki_downtown_offset_w_5000m_1500m_0259 OK 
[2026-07-23 17:47:41,056] INFO: v2_osm_kallio_community_exact_500m_0m_0260 OK 
[2026-07-23 17:47:41,056] INFO: v2_osm_kumpula_campus_offset_n_1000m_500m_0261 OK 
[2026-07-23 17:47:41,057] INFO: v2_osm_lapland_rural_sparse_offset_e_1500m_1000m_0262 OK 
[2026-07-23 17:47:41,057] INFO: v2_osm_london_industrial_corridor_offset_s_2500m_1500m_0263 OK 
[2026-07-23 17:47:41,057] INFO: v2_osm_manhattan_midtown_offset_w_5000m_200m_0264 OK 
[2026-07-23 17:47:41,058] INFO: v2_osm_mit_campus_reality_exact_500m_0m_0265 OK 
[2026-07-23 17:47:41,080] INFO: v2_osm_nuuksio_sparse_trails_offset_n_1000m_1000m_0266 FAIL_BUILD_OSM too few segments (2 < 20)
[2026-07-23 17:47:41,080] INFO: v2_osm_rio_centro_buses_offset_e_1500m_1500m_0267 OK 
[2026-07-23 17:47:41,081] INFO: v2_osm_roma_centro_offset_s_2500m_200m_0268 OK 
[2026-07-23 17:47:41,081] INFO: v2_osm_sf_cabspotting_downtown_offset_w_5000m_500m_0269 OK 
[2026-07-23 17:47:41,082] INFO: v2_osm_sf_mission_corridor_exact_500m_0m_0270 OK 
[2026-07-23 17:47:41,082] INFO: v2_osm_tampere_suburban_offset_n_1000m_1500m_0271 OK 
[2026-07-23 17:47:41,082] INFO: v2_osm_cambridge_haggle_offset_e_1500m_200m_0272 OK 
[2026-07-23 17:47:41,083] INFO: v2_osm_dieselnet_amherst_offset_s_2500m_500m_0273 OK 
[2026-07-23 17:47:41,083] INFO: v2_osm_helsinki_archipelago_offset_w_5000m_1000m_0274 OK 
[2026-07-23 17:47:41,084] INFO: v2_osm_helsinki_disrupted_exact_500m_0m_0275 OK 
[2026-07-23 17:47:41,084] INFO: v2_osm_helsinki_downtown_offset_n_1000m_200m_0276 OK 
[2026-07-23 17:47:41,085] INFO: v2_osm_kallio_community_offset_e_1500m_500m_0277 OK 
[2026-07-23 17:47:41,085] INFO: v2_osm_kumpula_campus_offset_s_2500m_1000m_0278 OK 
[2026-07-23 17:47:41,085] INFO: v2_osm_lapland_rural_sparse_offset_w_5000m_1500m_0279 OK 
[2026-07-23 17:47:41,086] INFO: v2_osm_london_industrial_corridor_exact_500m_0m_0280 OK 
[2026-07-23 17:47:41,086] INFO: v2_osm_manhattan_midtown_offset_n_1000m_500m_0281 OK 
[2026-07-23 17:47:41,087] INFO: v2_osm_mit_campus_reality_offset_e_1500m_1000m_0282 OK 
[2026-07-23 17:47:41,087] INFO: v2_osm_nuuksio_sparse_trails_offset_s_2500m_1500m_0283 OK 
[2026-07-23 17:47:41,087] INFO: v2_osm_rio_centro_buses_offset_w_5000m_200m_0284 OK 
[2026-07-23 17:47:41,088] INFO: v2_osm_roma_centro_exact_500m_0m_0285 OK 
[2026-07-23 17:47:41,088] INFO: v2_osm_sf_cabspotting_downtown_offset_n_1000m_1000m_0286 OK 
[2026-07-23 17:47:41,088] INFO: v2_osm_sf_mission_corridor_offset_e_1500m_1500m_0287 OK 
[2026-07-23 17:47:41,089] INFO: v2_osm_tampere_suburban_offset_s_2500m_200m_0288 OK 
[2026-07-23 17:47:41,089] INFO: v2_osm_cambridge_haggle_offset_w_5000m_500m_0289 OK 
[2026-07-23 17:47:41,090] INFO: v2_osm_dieselnet_amherst_exact_500m_0m_0290 OK 
[2026-07-23 17:47:41,090] INFO: v2_osm_helsinki_archipelago_offset_n_1000m_1500m_0291 OK 
[2026-07-23 17:47:41,090] INFO: v2_osm_helsinki_disrupted_offset_e_1500m_200m_0292 OK 
[2026-07-23 17:47:41,091] INFO: v2_osm_helsinki_downtown_offset_s_2500m_500m_0293 OK 
[2026-07-23 17:47:41,091] INFO: v2_osm_kallio_community_offset_w_5000m_1000m_0294 OK 
[2026-07-23 17:47:41,091] INFO: v2_osm_kumpula_campus_exact_500m_0m_0295 OK 
[2026-07-23 17:47:41,091] INFO: v2_osm_lapland_rural_sparse_offset_n_1000m_200m_0296 OK 
[2026-07-23 17:47:41,092] INFO: v2_osm_london_industrial_corridor_offset_e_1500m_500m_0297 OK 
[2026-07-23 17:47:41,092] INFO: v2_osm_manhattan_midtown_offset_s_2500m_1000m_0298 OK 
[2026-07-23 17:47:41,092] INFO: v2_osm_mit_campus_reality_offset_w_5000m_1500m_0299 OK 
[2026-07-23 17:47:41,105] INFO: v2_osm_nuuksio_sparse_trails_exact_500m_0m_0300 FAIL_BUILD_OSM too few segments (8 < 20)
[2026-07-23 17:47:41,105] INFO: v2_osm_rio_centro_buses_offset_n_1000m_500m_0301 OK 
[2026-07-23 17:47:41,105] INFO: v2_osm_roma_centro_offset_e_1500m_1000m_0302 OK 
[2026-07-23 17:47:41,106] INFO: v2_osm_sf_cabspotting_downtown_offset_s_2500m_1500m_0303 OK 
[2026-07-23 17:47:41,106] INFO: v2_osm_sf_mission_corridor_offset_w_5000m_200m_0304 OK 
[2026-07-23 17:47:41,108] INFO: v2_osm_tampere_suburban_exact_500m_0m_0305 FAIL_BUILD_OSM osm_process: Graph contains no edges.
[2026-07-23 17:47:41,109] INFO: v2_osm_cambridge_haggle_offset_n_1000m_1000m_0306 OK 
[2026-07-23 17:47:41,109] INFO: v2_osm_dieselnet_amherst_offset_e_1500m_1500m_0307 OK 
[2026-07-23 17:47:41,109] INFO: v2_osm_helsinki_archipelago_offset_s_2500m_200m_0308 OK 
[2026-07-23 17:47:41,109] INFO: v2_osm_helsinki_disrupted_offset_w_5000m_500m_0309 OK 
[2026-07-23 17:47:41,110] INFO: v2_osm_helsinki_downtown_exact_500m_0m_0310 OK 
[2026-07-23 17:47:41,110] INFO: v2_osm_kallio_community_offset_n_1000m_1500m_0311 OK 
[2026-07-23 17:47:41,110] INFO: v2_osm_kumpula_campus_offset_e_1500m_200m_0312 OK 
[2026-07-23 17:47:41,110] INFO: v2_osm_lapland_rural_sparse_offset_s_2500m_500m_0313 OK 
[2026-07-23 17:47:41,111] INFO: v2_osm_london_industrial_corridor_offset_w_5000m_1000m_0314 OK 
[2026-07-23 17:47:41,124] INFO: v2_osm_manhattan_midtown_exact_500m_0m_0315 FAIL_BUILD_OSM too few segments (14 < 20)
[2026-07-23 17:47:41,125] INFO: v2_osm_mit_campus_reality_offset_n_1000m_200m_0316 OK 
[2026-07-23 17:47:41,125] INFO: v2_osm_nuuksio_sparse_trails_offset_e_1500m_500m_0317 OK 
[2026-07-23 17:47:41,125] INFO: v2_osm_rio_centro_buses_offset_s_2500m_1000m_0318 OK 
[2026-07-23 17:47:41,125] INFO: v2_osm_roma_centro_offset_w_5000m_1500m_0319 OK 
[2026-07-23 17:47:41,126] INFO: v2_osm_sf_cabspotting_downtown_exact_500m_0m_0320 OK 
[2026-07-23 17:47:41,126] INFO: v2_osm_sf_mission_corridor_offset_n_1000m_500m_0321 OK 
[2026-07-23 17:47:41,126] INFO: v2_osm_tampere_suburban_offset_e_1500m_1000m_0322 OK 
[2026-07-23 17:47:41,127] INFO: v2_osm_cambridge_haggle_offset_s_2500m_1500m_0323 OK 
[2026-07-23 17:47:41,127] INFO: v2_osm_dieselnet_amherst_offset_w_5000m_200m_0324 OK 
[2026-07-23 17:47:41,127] INFO: v2_osm_helsinki_archipelago_exact_500m_0m_0325 OK 
[2026-07-23 17:47:41,127] INFO: v2_osm_helsinki_disrupted_offset_n_1000m_1000m_0326 OK 
[2026-07-23 17:47:41,127] INFO: v2_osm_helsinki_downtown_offset_e_1500m_1500m_0327 OK 
[2026-07-23 17:47:41,128] INFO: v2_osm_kallio_community_offset_s_2500m_200m_0328 OK 
[2026-07-23 17:47:41,128] INFO: v2_osm_kumpula_campus_offset_w_5000m_500m_0329 OK 
[2026-07-23 17:47:41,128] INFO: v2_osm_lapland_rural_sparse_exact_500m_0m_0330 OK 
[2026-07-23 17:47:41,128] INFO: v2_osm_london_industrial_corridor_offset_n_1000m_1500m_0331 OK 
[2026-07-23 17:47:41,129] INFO: v2_osm_manhattan_midtown_offset_e_1500m_200m_0332 OK 
[2026-07-23 17:47:41,129] INFO: v2_osm_mit_campus_reality_offset_s_2500m_500m_0333 OK 
[2026-07-23 17:47:41,130] INFO: v2_osm_nuuksio_sparse_trails_offset_w_5000m_1000m_0334 OK 
[2026-07-23 17:47:41,130] INFO: v2_osm_rio_centro_buses_exact_500m_0m_0335 OK 
[2026-07-23 17:47:41,130] INFO: v2_osm_roma_centro_offset_n_1000m_200m_0336 OK 
[2026-07-23 17:47:41,130] INFO: v2_osm_sf_cabspotting_downtown_offset_e_1500m_500m_0337 OK 
[2026-07-23 17:47:41,131] INFO: v2_osm_sf_mission_corridor_offset_s_2500m_1000m_0338 OK 
[2026-07-23 17:47:41,131] INFO: v2_osm_tampere_suburban_offset_w_5000m_1500m_0339 OK 
[2026-07-23 17:47:41,131] INFO: v2_osm_cambridge_haggle_exact_500m_0m_0340 OK 
[2026-07-23 17:47:41,131] INFO: v2_osm_dieselnet_amherst_offset_n_1000m_500m_0341 OK 
[2026-07-23 17:47:41,132] INFO: v2_osm_helsinki_archipelago_offset_e_1500m_1000m_0342 OK 
[2026-07-23 17:47:41,132] INFO: v2_osm_helsinki_disrupted_offset_s_2500m_1500m_0343 OK 
[2026-07-23 17:47:41,132] INFO: v2_osm_helsinki_downtown_offset_w_5000m_200m_0344 OK 
[2026-07-23 17:47:41,132] INFO: v2_osm_kallio_community_exact_500m_0m_0345 OK 
[2026-07-23 17:47:41,133] INFO: v2_osm_kumpula_campus_offset_n_1000m_1000m_0346 OK 
[2026-07-23 17:47:41,133] INFO: v2_osm_lapland_rural_sparse_offset_e_1500m_1500m_0347 OK 
[2026-07-23 17:47:41,133] INFO: v2_osm_london_industrial_corridor_offset_s_2500m_200m_0348 OK 
[2026-07-23 17:47:41,133] INFO: v2_osm_manhattan_midtown_offset_w_5000m_500m_0349 OK 
[2026-07-23 17:47:41,134] INFO: v2_osm_mit_campus_reality_exact_500m_0m_0350 OK 
[2026-07-23 17:47:41,137] INFO: v2_osm_nuuksio_sparse_trails_offset_n_1000m_1500m_0351 FAIL_BUILD_OSM osm_process: Graph contains no edges.
[2026-07-23 17:47:41,138] INFO: v2_osm_rio_centro_buses_offset_e_1500m_200m_0352 OK 
[2026-07-23 17:47:41,138] INFO: v2_osm_roma_centro_offset_s_2500m_500m_0353 OK 
[2026-07-23 17:47:41,138] INFO: v2_osm_sf_cabspotting_downtown_offset_w_5000m_1000m_0354 OK 
[2026-07-23 17:47:41,138] INFO: v2_osm_sf_mission_corridor_exact_500m_0m_0355 OK 
[2026-07-23 17:47:41,168] INFO: v2_osm_tampere_suburban_offset_n_1000m_200m_0356 FAIL_BUILD_OSM too few segments (10 < 20)
[2026-07-23 17:47:41,169] INFO: v2_osm_cambridge_haggle_offset_e_1500m_500m_0357 OK 
[2026-07-23 17:47:41,169] INFO: v2_osm_dieselnet_amherst_offset_s_2500m_1000m_0358 OK 
[2026-07-23 17:47:41,170] INFO: v2_osm_helsinki_archipelago_offset_w_5000m_1500m_0359 OK 
[2026-07-23 17:47:41,170] INFO: v2_osm_helsinki_disrupted_exact_500m_0m_0360 OK 
[2026-07-23 17:47:41,171] INFO: v2_osm_helsinki_downtown_offset_n_1000m_500m_0361 OK 
[2026-07-23 17:47:41,171] INFO: v2_osm_kallio_community_offset_e_1500m_1000m_0362 OK 
[2026-07-23 17:47:41,171] INFO: v2_osm_kumpula_campus_offset_s_2500m_1500m_0363 OK 
[2026-07-23 17:47:41,172] INFO: v2_osm_lapland_rural_sparse_offset_w_5000m_200m_0364 OK 
[2026-07-23 17:47:41,172] INFO: v2_osm_london_industrial_corridor_exact_500m_0m_0365 OK 
[2026-07-23 17:47:41,172] INFO: v2_osm_manhattan_midtown_offset_n_1000m_1000m_0366 OK 
[2026-07-23 17:47:41,173] INFO: v2_osm_mit_campus_reality_offset_e_1500m_1500m_0367 OK 
[2026-07-23 17:47:41,173] INFO: v2_osm_nuuksio_sparse_trails_offset_s_2500m_200m_0368 OK 
[2026-07-23 17:47:41,174] INFO: v2_osm_rio_centro_buses_offset_w_5000m_500m_0369 OK 
[2026-07-23 17:47:41,174] INFO: v2_osm_roma_centro_exact_500m_0m_0370 OK 
[2026-07-23 17:47:41,174] INFO: v2_osm_sf_cabspotting_downtown_offset_n_1000m_1500m_0371 OK 
[2026-07-23 17:47:41,175] INFO: v2_osm_sf_mission_corridor_offset_e_1500m_200m_0372 OK 
[2026-07-23 17:47:41,175] INFO: v2_osm_tampere_suburban_offset_s_2500m_500m_0373 OK 
[2026-07-23 17:47:41,175] INFO: v2_osm_cambridge_haggle_offset_w_5000m_1000m_0374 OK 
[2026-07-23 17:47:41,175] INFO: v2_osm_dieselnet_amherst_exact_500m_0m_0375 OK 
[2026-07-23 17:47:41,176] INFO: v2_osm_helsinki_archipelago_offset_n_1000m_200m_0376 OK 
[2026-07-23 17:47:41,176] INFO: v2_osm_helsinki_disrupted_offset_e_1500m_500m_0377 OK 
[2026-07-23 17:47:41,176] INFO: v2_osm_helsinki_downtown_offset_s_2500m_1000m_0378 OK 
[2026-07-23 17:47:41,177] INFO: v2_osm_kallio_community_offset_w_5000m_1500m_0379 OK 
[2026-07-23 17:47:41,177] INFO: v2_osm_kumpula_campus_exact_500m_0m_0380 OK 
[2026-07-23 17:47:41,177] INFO: v2_osm_lapland_rural_sparse_offset_n_1000m_500m_0381 OK 
[2026-07-23 17:47:41,177] INFO: v2_osm_london_industrial_corridor_offset_e_1500m_1000m_0382 OK 
[2026-07-23 17:47:41,178] INFO: v2_osm_manhattan_midtown_offset_s_2500m_1500m_0383 OK 
[2026-07-23 17:47:41,178] INFO: v2_osm_mit_campus_reality_offset_w_5000m_200m_0384 OK 
[2026-07-23 17:47:41,193] INFO: v2_osm_nuuksio_sparse_trails_exact_500m_0m_0385 FAIL_BUILD_OSM too few segments (8 < 20)
[2026-07-23 17:47:41,194] INFO: v2_osm_rio_centro_buses_offset_n_1000m_1000m_0386 OK 
[2026-07-23 17:47:41,194] INFO: v2_osm_roma_centro_offset_e_1500m_1500m_0387 OK 
[2026-07-23 17:47:41,194] INFO: v2_osm_sf_cabspotting_downtown_offset_s_2500m_200m_0388 OK 
[2026-07-23 17:47:41,194] INFO: v2_osm_sf_mission_corridor_offset_w_5000m_500m_0389 OK 
[2026-07-23 17:47:41,197] INFO: v2_osm_tampere_suburban_exact_500m_0m_0390 FAIL_BUILD_OSM osm_process: Graph contains no edges.
[2026-07-23 17:47:41,197] INFO: v2_osm_cambridge_haggle_offset_n_1000m_1500m_0391 OK 
[2026-07-23 17:47:41,197] INFO: v2_osm_dieselnet_amherst_offset_e_1500m_200m_0392 OK 
[2026-07-23 17:47:41,198] INFO: v2_osm_helsinki_archipelago_offset_s_2500m_500m_0393 OK 
[2026-07-23 17:47:41,198] INFO: v2_osm_helsinki_disrupted_offset_w_5000m_1000m_0394 OK 
[2026-07-23 17:47:41,198] INFO: v2_osm_helsinki_downtown_exact_500m_0m_0395 OK 
[2026-07-23 17:47:41,198] INFO: v2_osm_kallio_community_offset_n_1000m_200m_0396 OK 
[2026-07-23 17:47:41,198] INFO: v2_osm_kumpula_campus_offset_e_1500m_500m_0397 OK 
[2026-07-23 17:47:41,199] INFO: v2_osm_lapland_rural_sparse_offset_s_2500m_1000m_0398 OK 
[2026-07-23 17:47:41,199] INFO: v2_osm_london_industrial_corridor_offset_w_5000m_1500m_0399 OK 
[2026-07-23 17:47:41,213] INFO: v2_osm_manhattan_midtown_exact_500m_0m_0400 FAIL_BUILD_OSM too few segments (14 < 20)
[2026-07-23 17:47:41,213] INFO: v2_osm_mit_campus_reality_offset_n_1000m_500m_0401 OK 
[2026-07-23 17:47:41,214] INFO: v2_osm_nuuksio_sparse_trails_offset_e_1500m_1000m_0402 OK 
[2026-07-23 17:47:41,214] INFO: v2_osm_rio_centro_buses_offset_s_2500m_1500m_0403 OK 
[2026-07-23 17:47:41,214] INFO: v2_osm_roma_centro_offset_w_5000m_200m_0404 OK 
[2026-07-23 17:47:41,215] INFO: v2_osm_sf_cabspotting_downtown_exact_500m_0m_0405 OK 
[2026-07-23 17:47:41,215] INFO: v2_osm_sf_mission_corridor_offset_n_1000m_1000m_0406 OK 
[2026-07-23 17:47:41,215] INFO: v2_osm_tampere_suburban_offset_e_1500m_1500m_0407 OK 
[2026-07-23 17:47:41,215] INFO: v2_osm_cambridge_haggle_offset_s_2500m_200m_0408 OK 
[2026-07-23 17:47:41,216] INFO: v2_osm_dieselnet_amherst_offset_w_5000m_500m_0409 OK 
[2026-07-23 17:47:41,216] INFO: v2_osm_helsinki_archipelago_exact_500m_0m_0410 OK 
[2026-07-23 17:47:41,216] INFO: v2_osm_helsinki_disrupted_offset_n_1000m_1500m_0411 OK 
[2026-07-23 17:47:41,216] INFO: v2_osm_helsinki_downtown_offset_e_1500m_200m_0412 OK 
[2026-07-23 17:47:41,216] INFO: v2_osm_kallio_community_offset_s_2500m_500m_0413 OK 
[2026-07-23 17:47:41,217] INFO: v2_osm_kumpula_campus_offset_w_5000m_1000m_0414 OK 
[2026-07-23 17:47:41,217] INFO: v2_osm_lapland_rural_sparse_exact_500m_0m_0415 OK 
[2026-07-23 17:47:41,217] INFO: v2_osm_london_industrial_corridor_offset_n_1000m_200m_0416 OK 
[2026-07-23 17:47:41,217] INFO: v2_osm_manhattan_midtown_offset_e_1500m_500m_0417 OK 
[2026-07-23 17:47:41,218] INFO: v2_osm_mit_campus_reality_offset_s_2500m_1000m_0418 OK 
[2026-07-23 17:47:41,218] INFO: v2_osm_nuuksio_sparse_trails_offset_w_5000m_1500m_0419 OK 
[2026-07-23 17:47:41,218] INFO: v2_osm_rio_centro_buses_exact_500m_0m_0420 OK 
[2026-07-23 17:47:41,218] INFO: v2_osm_roma_centro_offset_n_1000m_500m_0421 OK 
[2026-07-23 17:47:41,219] INFO: v2_osm_sf_cabspotting_downtown_offset_e_1500m_1000m_0422 OK 
[2026-07-23 17:47:41,219] INFO: v2_osm_sf_mission_corridor_offset_s_2500m_1500m_0423 OK 
[2026-07-23 17:47:41,219] INFO: v2_osm_tampere_suburban_offset_w_5000m_200m_0424 OK 
[2026-07-23 17:47:41,220] INFO: v2_osm_cambridge_haggle_exact_500m_0m_0425 OK 
[2026-07-23 17:47:41,220] INFO: v2_osm_dieselnet_amherst_offset_n_1000m_1000m_0426 OK 
[2026-07-23 17:47:41,221] INFO: v2_osm_helsinki_archipelago_offset_e_1500m_1500m_0427 OK 
[2026-07-23 17:47:41,221] INFO: v2_osm_helsinki_disrupted_offset_s_2500m_200m_0428 OK 
[2026-07-23 17:47:41,221] INFO: v2_osm_helsinki_downtown_offset_w_5000m_500m_0429 OK 
[2026-07-23 17:47:41,221] INFO: v2_osm_kallio_community_exact_500m_0m_0430 OK 
[2026-07-23 17:47:41,222] INFO: v2_osm_kumpula_campus_offset_n_1000m_1500m_0431 OK 
[2026-07-23 17:47:41,222] INFO: v2_osm_lapland_rural_sparse_offset_e_1500m_200m_0432 OK 
[2026-07-23 17:47:41,222] INFO: v2_osm_london_industrial_corridor_offset_s_2500m_500m_0433 OK 
[2026-07-23 17:47:41,222] INFO: v2_osm_manhattan_midtown_offset_w_5000m_1000m_0434 OK 
[2026-07-23 17:47:41,222] INFO: v2_osm_mit_campus_reality_exact_500m_0m_0435 OK 
[2026-07-23 17:47:41,223] INFO: v2_osm_nuuksio_sparse_trails_offset_n_1000m_200m_0436 OK 
[2026-07-23 17:47:41,223] INFO: v2_osm_rio_centro_buses_offset_e_1500m_500m_0437 OK 
[2026-07-23 17:47:41,223] INFO: v2_osm_roma_centro_offset_s_2500m_1000m_0438 OK 
[2026-07-23 17:47:41,224] INFO: v2_osm_sf_cabspotting_downtown_offset_w_5000m_1500m_0439 OK 
[2026-07-23 17:47:41,224] INFO: v2_osm_sf_mission_corridor_exact_500m_0m_0440 OK 
[2026-07-23 17:47:41,236] INFO: v2_osm_tampere_suburban_offset_n_1000m_500m_0441 FAIL_BUILD_OSM too few segments (2 < 20)
[2026-07-23 17:47:41,236] INFO: v2_osm_cambridge_haggle_offset_e_1500m_1000m_0442 OK 
[2026-07-23 17:47:41,236] INFO: v2_osm_dieselnet_amherst_offset_s_2500m_1500m_0443 OK 
[2026-07-23 17:47:41,237] INFO: v2_osm_helsinki_archipelago_offset_w_5000m_200m_0444 OK 
[2026-07-23 17:47:41,237] INFO: v2_osm_helsinki_disrupted_exact_500m_0m_0445 OK 
[2026-07-23 17:47:41,237] INFO: v2_osm_helsinki_downtown_offset_n_1000m_1000m_0446 OK 
[2026-07-23 17:47:41,237] INFO: v2_osm_kallio_community_offset_e_1500m_1500m_0447 OK 
[2026-07-23 17:47:41,238] INFO: v2_osm_kumpula_campus_offset_s_2500m_200m_0448 OK 
[2026-07-23 17:47:41,238] INFO: v2_osm_lapland_rural_sparse_offset_w_5000m_500m_0449 OK 
[2026-07-23 17:47:41,238] INFO: v2_osm_london_industrial_corridor_exact_500m_0m_0450 OK 
[2026-07-23 17:47:41,238] INFO: v2_osm_manhattan_midtown_offset_n_1000m_1500m_0451 OK 
[2026-07-23 17:47:41,239] INFO: v2_osm_mit_campus_reality_offset_e_1500m_200m_0452 OK 
[2026-07-23 17:47:41,239] INFO: v2_osm_nuuksio_sparse_trails_offset_s_2500m_500m_0453 OK 
[2026-07-23 17:47:41,239] INFO: v2_osm_rio_centro_buses_offset_w_5000m_1000m_0454 OK 
[2026-07-23 17:47:41,239] INFO: v2_osm_roma_centro_exact_500m_0m_0455 OK 
[2026-07-23 17:47:41,239] INFO: v2_osm_sf_cabspotting_downtown_offset_n_1000m_200m_0456 OK 
[2026-07-23 17:47:41,240] INFO: v2_osm_sf_mission_corridor_offset_e_1500m_500m_0457 OK 
[2026-07-23 17:47:41,240] INFO: v2_osm_tampere_suburban_offset_s_2500m_1000m_0458 OK 
[2026-07-23 17:47:41,240] INFO: v2_osm_cambridge_haggle_offset_w_5000m_1500m_0459 OK 
[2026-07-23 17:47:41,240] INFO: v2_osm_dieselnet_amherst_exact_500m_0m_0460 OK 
[2026-07-23 17:47:41,241] INFO: v2_osm_helsinki_archipelago_offset_n_1000m_500m_0461 OK 
[2026-07-23 17:47:41,241] INFO: v2_osm_helsinki_disrupted_offset_e_1500m_1000m_0462 OK 
[2026-07-23 17:47:41,241] INFO: v2_osm_helsinki_downtown_offset_s_2500m_1500m_0463 OK 
[2026-07-23 17:47:41,241] INFO: v2_osm_kallio_community_offset_w_5000m_200m_0464 OK 
[2026-07-23 17:47:41,242] INFO: v2_osm_kumpula_campus_exact_500m_0m_0465 OK 
[2026-07-23 17:47:41,242] INFO: v2_osm_lapland_rural_sparse_offset_n_1000m_1000m_0466 OK 
[2026-07-23 17:47:41,242] INFO: v2_osm_london_industrial_corridor_offset_e_1500m_1500m_0467 OK 
[2026-07-23 17:47:41,242] INFO: v2_osm_manhattan_midtown_offset_s_2500m_200m_0468 OK 
[2026-07-23 17:47:41,242] INFO: v2_osm_mit_campus_reality_offset_w_5000m_500m_0469 OK 
[2026-07-23 17:47:41,253] INFO: v2_osm_nuuksio_sparse_trails_exact_500m_0m_0470 FAIL_BUILD_OSM too few segments (8 < 20)
[2026-07-23 17:47:41,254] INFO: v2_osm_rio_centro_buses_offset_n_1000m_1500m_0471 OK 
[2026-07-23 17:47:41,254] INFO: v2_osm_roma_centro_offset_e_1500m_200m_0472 OK 
[2026-07-23 17:47:41,254] INFO: v2_osm_sf_cabspotting_downtown_offset_s_2500m_500m_0473 OK 
[2026-07-23 17:47:41,255] INFO: v2_osm_sf_mission_corridor_offset_w_5000m_1000m_0474 OK 
[2026-07-23 17:47:41,257] INFO: v2_osm_tampere_suburban_exact_500m_0m_0475 FAIL_BUILD_OSM osm_process: Graph contains no edges.
[2026-07-23 17:47:41,258] INFO: v2_osm_cambridge_haggle_offset_n_1000m_200m_0476 OK 
[2026-07-23 17:47:41,258] INFO: v2_osm_dieselnet_amherst_offset_e_1500m_500m_0477 OK 
[2026-07-23 17:47:41,258] INFO: v2_osm_helsinki_archipelago_offset_s_2500m_1000m_0478 OK 
[2026-07-23 17:47:41,259] INFO: v2_osm_helsinki_disrupted_offset_w_5000m_1500m_0479 OK 
[2026-07-23 17:47:41,259] INFO: v2_osm_helsinki_downtown_exact_500m_0m_0480 OK 
[2026-07-23 17:47:41,259] INFO: v2_osm_kallio_community_offset_n_1000m_500m_0481 OK 
[2026-07-23 17:47:41,260] INFO: v2_osm_kumpula_campus_offset_e_1500m_1000m_0482 OK 
[2026-07-23 17:47:41,260] INFO: v2_osm_lapland_rural_sparse_offset_s_2500m_1500m_0483 OK 
[2026-07-23 17:47:41,260] INFO: v2_osm_london_industrial_corridor_offset_w_5000m_200m_0484 OK 
[2026-07-23 17:47:41,273] INFO: v2_osm_manhattan_midtown_exact_500m_0m_0485 FAIL_BUILD_OSM too few segments (14 < 20)
[2026-07-23 17:47:41,274] INFO: v2_osm_mit_campus_reality_offset_n_1000m_1000m_0486 OK 
[2026-07-23 17:47:41,274] INFO: v2_osm_nuuksio_sparse_trails_offset_e_1500m_1500m_0487 OK 
[2026-07-23 17:47:41,274] INFO: v2_osm_rio_centro_buses_offset_s_2500m_200m_0488 OK 
[2026-07-23 17:47:41,274] INFO: v2_osm_roma_centro_offset_w_5000m_500m_0489 OK 
[2026-07-23 17:47:41,275] INFO: v2_osm_sf_cabspotting_downtown_exact_500m_0m_0490 OK 
[2026-07-23 17:47:41,275] INFO: v2_osm_sf_mission_corridor_offset_n_1000m_1500m_0491 OK 
[2026-07-23 17:47:41,275] INFO: v2_osm_tampere_suburban_offset_e_1500m_200m_0492 OK 
[2026-07-23 17:47:41,275] INFO: v2_osm_cambridge_haggle_offset_s_2500m_500m_0493 OK 
[2026-07-23 17:47:41,276] INFO: v2_osm_dieselnet_amherst_offset_w_5000m_1000m_0494 OK 
[2026-07-23 17:47:41,276] INFO: v2_osm_helsinki_archipelago_exact_500m_0m_0495 OK 
[2026-07-23 17:47:41,276] INFO: v2_osm_helsinki_disrupted_offset_n_1000m_200m_0496 OK 
[2026-07-23 17:47:41,276] INFO: v2_osm_helsinki_downtown_offset_e_1500m_500m_0497 OK 
[2026-07-23 17:47:41,277] INFO: v2_osm_kallio_community_offset_s_2500m_1000m_0498 OK 
[2026-07-23 17:47:41,277] INFO: v2_osm_kumpula_campus_offset_w_5000m_1500m_0499 OK 
[2026-07-23 17:47:41,277] INFO: v2_osm_lapland_rural_sparse_exact_500m_0m_0500 OK 
[2026-07-23 17:47:41,278] INFO: v2_osm_london_industrial_corridor_offset_n_1000m_500m_0501 OK 
[2026-07-23 17:47:41,278] INFO: v2_osm_manhattan_midtown_offset_e_1500m_1000m_0502 OK 
[2026-07-23 17:47:41,278] INFO: v2_osm_mit_campus_reality_offset_s_2500m_1500m_0503 OK 
[2026-07-23 17:47:41,279] INFO: v2_osm_nuuksio_sparse_trails_offset_w_5000m_200m_0504 OK 
[2026-07-23 17:47:41,279] INFO: v2_osm_rio_centro_buses_exact_500m_0m_0505 OK 
[2026-07-23 17:47:41,280] INFO: v2_osm_roma_centro_offset_n_1000m_1000m_0506 OK 
[2026-07-23 17:47:41,280] INFO: v2_osm_sf_cabspotting_downtown_offset_e_1500m_1500m_0507 OK 
[2026-07-23 17:47:41,280] INFO: v2_osm_sf_mission_corridor_offset_s_2500m_200m_0508 OK 
[2026-07-23 17:47:41,281] INFO: v2_osm_tampere_suburban_offset_w_5000m_500m_0509 OK 
[2026-07-23 17:47:41,281] INFO: v2_osm_cambridge_haggle_exact_500m_0m_0510 OK 
[2026-07-23 17:47:41,281] INFO: v2_osm_dieselnet_amherst_offset_n_1000m_1500m_0511 OK 
[2026-07-23 17:47:41,281] INFO: v2_osm_helsinki_archipelago_offset_e_1500m_200m_0512 OK 
[2026-07-23 17:47:41,281] INFO: v2_osm_helsinki_disrupted_offset_s_2500m_500m_0513 OK 
[2026-07-23 17:47:41,282] INFO: v2_osm_helsinki_downtown_offset_w_5000m_1000m_0514 OK 
[2026-07-23 17:47:41,282] INFO: v2_osm_kallio_community_exact_500m_0m_0515 OK 
[2026-07-23 17:47:41,282] INFO: v2_osm_kumpula_campus_offset_n_1000m_200m_0516 OK 
[2026-07-23 17:47:41,283] INFO: v2_osm_lapland_rural_sparse_offset_e_1500m_500m_0517 OK 
[2026-07-23 17:47:41,283] INFO: v2_osm_london_industrial_corridor_offset_s_2500m_1000m_0518 OK 
[2026-07-23 17:47:41,283] INFO: v2_osm_manhattan_midtown_offset_w_5000m_1500m_0519 OK 
[2026-07-23 17:47:41,284] INFO: v2_osm_mit_campus_reality_exact_500m_0m_0520 OK 
[2026-07-23 17:47:41,297] INFO: v2_osm_nuuksio_sparse_trails_offset_n_1000m_500m_0521 FAIL_BUILD_OSM too few segments (14 < 20)
[2026-07-23 17:47:41,297] INFO: v2_osm_rio_centro_buses_offset_e_1500m_1000m_0522 OK 
[2026-07-23 17:47:41,298] INFO: v2_osm_roma_centro_offset_s_2500m_1500m_0523 OK 
[2026-07-23 17:47:41,298] INFO: v2_osm_sf_cabspotting_downtown_offset_w_5000m_200m_0524 OK 
[2026-07-23 17:47:41,298] INFO: v2_osm_sf_mission_corridor_exact_500m_0m_0525 OK 
[2026-07-23 17:47:41,307] INFO: v2_osm_tampere_suburban_offset_n_1000m_1000m_0526 FAIL_BUILD_OSM too few segments (2 < 20)
[2026-07-23 17:47:41,307] INFO: v2_osm_cambridge_haggle_offset_e_1500m_1500m_0527 OK 
[2026-07-23 17:47:41,307] INFO: v2_osm_dieselnet_amherst_offset_s_2500m_200m_0528 OK 
[2026-07-23 17:47:41,307] INFO: v2_osm_helsinki_archipelago_offset_w_5000m_500m_0529 OK 
[2026-07-23 17:47:41,307] INFO: v2_osm_helsinki_disrupted_exact_500m_0m_0530 OK 
[2026-07-23 17:47:41,308] INFO: v2_osm_helsinki_downtown_offset_n_1000m_1500m_0531 OK 
[2026-07-23 17:47:41,308] INFO: v2_osm_kallio_community_offset_e_1500m_200m_0532 OK 
[2026-07-23 17:47:41,308] INFO: v2_osm_kumpula_campus_offset_s_2500m_500m_0533 OK 
[2026-07-23 17:47:41,308] INFO: v2_osm_lapland_rural_sparse_offset_w_5000m_1000m_0534 OK 
[2026-07-23 17:47:41,308] INFO: v2_osm_london_industrial_corridor_exact_500m_0m_0535 OK 
[2026-07-23 17:47:41,309] INFO: v2_osm_manhattan_midtown_offset_n_1000m_200m_0536 OK 
[2026-07-23 17:47:41,309] INFO: v2_osm_mit_campus_reality_offset_e_1500m_500m_0537 OK 
[2026-07-23 17:47:41,309] INFO: v2_osm_nuuksio_sparse_trails_offset_s_2500m_1000m_0538 OK 
[2026-07-23 17:47:41,309] INFO: v2_osm_rio_centro_buses_offset_w_5000m_1500m_0539 OK 
[2026-07-23 17:47:41,309] INFO: v2_osm_roma_centro_exact_500m_0m_0540 OK 
[2026-07-23 17:47:41,309] INFO: v2_osm_sf_cabspotting_downtown_offset_n_1000m_500m_0541 OK 
[2026-07-23 17:47:41,310] INFO: v2_osm_sf_mission_corridor_offset_e_1500m_1000m_0542 OK 
[2026-07-23 17:47:41,310] INFO: v2_osm_tampere_suburban_offset_s_2500m_1500m_0543 OK 
[2026-07-23 17:47:41,310] INFO: v2_osm_cambridge_haggle_offset_w_5000m_200m_0544 OK 
[2026-07-23 17:47:41,310] INFO: v2_osm_dieselnet_amherst_exact_500m_0m_0545 OK 
[2026-07-23 17:47:41,310] INFO: v2_osm_helsinki_archipelago_offset_n_1000m_1000m_0546 OK 
[2026-07-23 17:47:41,311] INFO: v2_osm_helsinki_disrupted_offset_e_1500m_1500m_0547 OK 
[2026-07-23 17:47:41,311] INFO: v2_osm_helsinki_downtown_offset_s_2500m_200m_0548 OK 
[2026-07-23 17:47:41,311] INFO: v2_osm_kallio_community_offset_w_5000m_500m_0549 OK 
[2026-07-23 17:47:41,311] INFO: v2_osm_kumpula_campus_exact_500m_0m_0550 OK 
[2026-07-23 17:47:41,319] INFO: v2_osm_lapland_rural_sparse_offset_n_1000m_1500m_0551 FAIL_BUILD_OSM too few segments (2 < 20)
[2026-07-23 17:47:41,319] INFO: v2_osm_london_industrial_corridor_offset_e_1500m_200m_0552 OK 
[2026-07-23 17:47:41,320] INFO: v2_osm_manhattan_midtown_offset_s_2500m_500m_0553 OK 
[2026-07-23 17:47:41,320] INFO: v2_osm_mit_campus_reality_offset_w_5000m_1000m_0554 OK 
[2026-07-23 17:47:41,328] INFO: v2_osm_nuuksio_sparse_trails_exact_500m_0m_0555 FAIL_BUILD_OSM too few segments (8 < 20)
[2026-07-23 17:47:41,329] INFO: v2_osm_rio_centro_buses_offset_n_1000m_200m_0556 OK 
[2026-07-23 17:47:41,329] INFO: v2_osm_roma_centro_offset_e_1500m_500m_0557 OK 
[2026-07-23 17:47:41,329] INFO: v2_osm_sf_cabspotting_downtown_offset_s_2500m_1000m_0558 OK 
[2026-07-23 17:47:41,329] INFO: v2_osm_sf_mission_corridor_offset_w_5000m_1500m_0559 OK 
[2026-07-23 17:47:41,331] INFO: v2_osm_tampere_suburban_exact_500m_0m_0560 FAIL_BUILD_OSM osm_process: Graph contains no edges.
[2026-07-23 17:47:41,331] INFO: v2_osm_cambridge_haggle_offset_n_1000m_500m_0561 OK 
[2026-07-23 17:47:41,332] INFO: v2_osm_dieselnet_amherst_offset_e_1500m_1000m_0562 OK 
[2026-07-23 17:47:41,332] INFO: v2_osm_helsinki_archipelago_offset_s_2500m_1500m_0563 OK 
[2026-07-23 17:47:41,332] INFO: v2_osm_helsinki_disrupted_offset_w_5000m_200m_0564 OK 
[2026-07-23 17:47:41,333] INFO: v2_osm_helsinki_downtown_exact_500m_0m_0565 OK 
[2026-07-23 17:47:41,333] INFO: v2_osm_kallio_community_offset_n_1000m_1000m_0566 OK 
[2026-07-23 17:47:41,333] INFO: v2_osm_kumpula_campus_offset_e_1500m_1500m_0567 OK 
[2026-07-23 17:47:41,333] INFO: v2_osm_lapland_rural_sparse_offset_s_2500m_200m_0568 OK 
[2026-07-23 17:47:41,334] INFO: v2_osm_london_industrial_corridor_offset_w_5000m_500m_0569 OK 
[2026-07-23 17:47:41,344] INFO: v2_osm_manhattan_midtown_exact_500m_0m_0570 FAIL_BUILD_OSM too few segments (14 < 20)
[2026-07-23 17:47:41,344] INFO: v2_osm_mit_campus_reality_offset_n_1000m_1500m_0571 OK 
[2026-07-23 17:47:41,345] INFO: v2_osm_nuuksio_sparse_trails_offset_e_1500m_200m_0572 OK 
[2026-07-23 17:47:41,345] INFO: v2_osm_rio_centro_buses_offset_s_2500m_500m_0573 OK 
[2026-07-23 17:47:41,345] INFO: v2_osm_roma_centro_offset_w_5000m_1000m_0574 OK 
[2026-07-23 17:47:41,345] INFO: v2_osm_sf_cabspotting_downtown_exact_500m_0m_0575 OK 
[2026-07-23 17:47:41,345] INFO: v2_osm_sf_mission_corridor_offset_n_1000m_200m_0576 OK 
[2026-07-23 17:47:41,346] INFO: v2_osm_tampere_suburban_offset_e_1500m_500m_0577 OK 
[2026-07-23 17:47:41,346] INFO: v2_osm_cambridge_haggle_offset_s_2500m_1000m_0578 OK 
[2026-07-23 17:47:41,346] INFO: v2_osm_dieselnet_amherst_offset_w_5000m_1500m_0579 OK 
[2026-07-23 17:47:41,346] INFO: v2_osm_helsinki_archipelago_exact_500m_0m_0580 OK 
[2026-07-23 17:47:41,346] INFO: v2_osm_helsinki_disrupted_offset_n_1000m_500m_0581 OK 
[2026-07-23 17:47:41,347] INFO: v2_osm_helsinki_downtown_offset_e_1500m_1000m_0582 OK 
[2026-07-23 17:47:41,347] INFO: v2_osm_kallio_community_offset_s_2500m_1500m_0583 OK 
[2026-07-23 17:47:41,347] INFO: v2_osm_kumpula_campus_offset_w_5000m_200m_0584 OK 
[2026-07-23 17:47:41,347] INFO: v2_osm_lapland_rural_sparse_exact_500m_0m_0585 OK 
[2026-07-23 17:47:41,347] INFO: v2_osm_london_industrial_corridor_offset_n_1000m_1000m_0586 OK 
[2026-07-23 17:47:41,347] INFO: v2_osm_manhattan_midtown_offset_e_1500m_1500m_0587 OK 
[2026-07-23 17:47:41,348] INFO: v2_osm_mit_campus_reality_offset_s_2500m_200m_0588 OK 
[2026-07-23 17:47:41,348] INFO: v2_osm_nuuksio_sparse_trails_offset_w_5000m_500m_0589 OK 
[2026-07-23 17:47:41,348] INFO: v2_osm_rio_centro_buses_exact_500m_0m_0590 OK 
[2026-07-23 17:47:41,348] INFO: v2_osm_roma_centro_offset_n_1000m_1500m_0591 OK 
[2026-07-23 17:47:41,348] INFO: v2_osm_sf_cabspotting_downtown_offset_e_1500m_200m_0592 OK 
[2026-07-23 17:47:41,349] INFO: v2_osm_sf_mission_corridor_offset_s_2500m_500m_0593 OK 
[2026-07-23 17:47:41,349] INFO: v2_osm_tampere_suburban_offset_w_5000m_1000m_0594 OK 
[2026-07-23 17:47:41,349] INFO: v2_osm_cambridge_haggle_exact_500m_0m_0595 OK 
[2026-07-23 17:47:41,350] INFO: v2_osm_dieselnet_amherst_offset_n_1000m_200m_0596 OK 
[2026-07-23 17:48:03,613] INFO: v2_osm_helsinki_archipelago_offset_e_1500m_500m_0597 OK 
[2026-07-23 17:48:28,409] INFO: v2_osm_helsinki_disrupted_offset_s_2500m_1000m_0598 OK 
[2026-07-23 17:48:42,955] INFO: v2_osm_helsinki_downtown_offset_w_5000m_1500m_0599 OK 
[2026-07-23 17:48:54,065] INFO: v2_osm_kallio_community_exact_500m_0m_0600 OK 
[2026-07-23 17:49:06,150] INFO: v2_osm_kumpula_campus_offset_n_1000m_500m_0601 OK 
[2026-07-23 17:49:14,490] INFO: v2_osm_lapland_rural_sparse_offset_e_1500m_1000m_0602 OK 
[2026-07-23 17:49:24,755] INFO: v2_osm_london_industrial_corridor_offset_s_2500m_1500m_0603 OK 
[2026-07-23 17:49:36,213] INFO: v2_osm_manhattan_midtown_offset_w_5000m_200m_0604 OK 
[2026-07-23 17:49:45,679] INFO: v2_osm_mit_campus_reality_exact_500m_0m_0605 OK 
[2026-07-23 17:49:53,855] INFO: v2_osm_nuuksio_sparse_trails_offset_n_1000m_1000m_0606 FAIL_BUILD_OSM too few segments (2 < 20)
[2026-07-23 17:50:02,506] INFO: v2_osm_rio_centro_buses_offset_e_1500m_1500m_0607 OK 
[2026-07-23 17:50:12,358] INFO: v2_osm_roma_centro_offset_s_2500m_200m_0608 OK 
[2026-07-23 17:50:27,162] INFO: v2_osm_sf_cabspotting_downtown_offset_w_5000m_500m_0609 OK 
[2026-07-23 17:50:35,409] INFO: v2_osm_sf_mission_corridor_exact_500m_0m_0610 OK 
[2026-07-23 17:50:43,657] INFO: v2_osm_tampere_suburban_offset_n_1000m_1500m_0611 OK 
[2026-07-23 17:50:56,483] INFO: v2_osm_cambridge_haggle_offset_e_1500m_200m_0612 OK 
[2026-07-23 17:51:05,562] INFO: v2_osm_dieselnet_amherst_offset_s_2500m_500m_0613 OK 
[2026-07-23 17:52:02,541] INFO: v2_osm_helsinki_archipelago_offset_w_5000m_1000m_0614 OK 
[2026-07-23 17:52:11,701] INFO: v2_osm_helsinki_disrupted_exact_500m_0m_0615 OK 
[2026-07-23 17:52:20,248] INFO: v2_osm_helsinki_downtown_offset_n_1000m_200m_0616 OK 
[2026-07-23 17:52:47,023] INFO: v2_osm_kallio_community_offset_e_1500m_500m_0617 OK 
[2026-07-23 17:53:16,220] INFO: v2_osm_kumpula_campus_offset_s_2500m_1000m_0618 OK 
[2026-07-23 17:53:27,887] INFO: v2_osm_lapland_rural_sparse_offset_w_5000m_1500m_0619 OK 
[2026-07-23 17:53:36,409] INFO: v2_osm_london_industrial_corridor_exact_500m_0m_0620 OK 
[2026-07-23 17:53:44,807] INFO: v2_osm_manhattan_midtown_offset_n_1000m_500m_0621 OK 
[2026-07-23 17:53:44,807] INFO: v2_osm_mit_campus_reality_offset_e_1500m_1000m_0622 FAIL_DOWNLOAD_SKIPPED max OSM downloads reached or disabled
[2026-07-23 17:53:44,807] INFO: v2_osm_nuuksio_sparse_trails_offset_s_2500m_1500m_0623 FAIL_DOWNLOAD_SKIPPED max OSM downloads reached or disabled
[2026-07-23 17:53:44,807] INFO: v2_osm_rio_centro_buses_offset_w_5000m_200m_0624 FAIL_DOWNLOAD_SKIPPED max OSM downloads reached or disabled
[2026-07-23 17:53:44,808] INFO: v2_osm_roma_centro_exact_500m_0m_0625 FAIL_DOWNLOAD_SKIPPED max OSM downloads reached or disabled
[2026-07-23 17:53:44,808] INFO: v2_osm_sf_cabspotting_downtown_offset_n_1000m_1000m_0626 FAIL_DOWNLOAD_SKIPPED max OSM downloads reached or disabled
[2026-07-23 17:53:44,808] INFO: v2_osm_sf_mission_corridor_offset_e_1500m_1500m_0627 FAIL_DOWNLOAD_SKIPPED max OSM downloads reached or disabled
[2026-07-23 17:53:44,808] INFO: v2_osm_tampere_suburban_offset_s_2500m_200m_0628 FAIL_DOWNLOAD_SKIPPED max OSM downloads reached or disabled
[2026-07-23 17:53:44,808] INFO: v2_osm_cambridge_haggle_offset_w_5000m_500m_0629 FAIL_DOWNLOAD_SKIPPED max OSM downloads reached or disabled
[2026-07-23 17:53:44,808] INFO: v2_osm_dieselnet_amherst_exact_500m_0m_0630 FAIL_DOWNLOAD_SKIPPED max OSM downloads reached or disabled
[2026-07-23 17:53:44,808] INFO: v2_osm_helsinki_archipelago_offset_n_1000m_1500m_0631 FAIL_DOWNLOAD_SKIPPED max OSM downloads reached or disabled
[2026-07-23 17:53:44,808] INFO: v2_osm_helsinki_disrupted_offset_e_1500m_200m_0632 FAIL_DOWNLOAD_SKIPPED max OSM downloads reached or disabled
[2026-07-23 17:53:44,808] INFO: v2_osm_helsinki_downtown_offset_s_2500m_500m_0633 FAIL_DOWNLOAD_SKIPPED max OSM downloads reached or disabled
[2026-07-23 17:53:44,808] INFO: v2_osm_kallio_community_offset_w_5000m_1000m_0634 FAIL_DOWNLOAD_SKIPPED max OSM downloads reached or disabled
[2026-07-23 17:53:44,808] INFO: v2_osm_kumpula_campus_exact_500m_0m_0635 FAIL_DOWNLOAD_SKIPPED max OSM downloads reached or disabled
[2026-07-23 17:53:44,808] INFO: v2_osm_lapland_rural_sparse_offset_n_1000m_200m_0636 FAIL_DOWNLOAD_SKIPPED max OSM downloads reached or disabled
[2026-07-23 17:53:44,808] INFO: v2_osm_london_industrial_corridor_offset_e_1500m_500m_0637 FAIL_DOWNLOAD_SKIPPED max OSM downloads reached or disabled
[2026-07-23 17:53:44,808] INFO: v2_osm_manhattan_midtown_offset_s_2500m_1000m_0638 FAIL_DOWNLOAD_SKIPPED max OSM downloads reached or disabled
[2026-07-23 17:53:44,808] INFO: v2_osm_mit_campus_reality_offset_w_5000m_1500m_0639 FAIL_DOWNLOAD_SKIPPED max OSM downloads reached or disabled
[2026-07-23 17:53:44,808] INFO: v2_osm_nuuksio_sparse_trails_exact_500m_0m_0640 FAIL_DOWNLOAD_SKIPPED max OSM downloads reached or disabled
[2026-07-23 17:53:44,808] INFO: v2_osm_rio_centro_buses_offset_n_1000m_500m_0641 FAIL_DOWNLOAD_SKIPPED max OSM downloads reached or disabled
[2026-07-23 17:53:44,808] INFO: v2_osm_roma_centro_offset_e_1500m_1000m_0642 FAIL_DOWNLOAD_SKIPPED max OSM downloads reached or disabled
[2026-07-23 17:53:44,808] INFO: v2_osm_sf_cabspotting_downtown_offset_s_2500m_1500m_0643 FAIL_DOWNLOAD_SKIPPED max OSM downloads reached or disabled
[2026-07-23 17:53:44,808] INFO: v2_osm_sf_mission_corridor_offset_w_5000m_200m_0644 FAIL_DOWNLOAD_SKIPPED max OSM downloads reached or disabled
[2026-07-23 17:53:44,808] INFO: v2_osm_tampere_suburban_exact_500m_0m_0645 FAIL_DOWNLOAD_SKIPPED max OSM downloads reached or disabled
[2026-07-23 17:53:44,809] INFO: v2_osm_cambridge_haggle_offset_n_1000m_1000m_0646 FAIL_DOWNLOAD_SKIPPED max OSM downloads reached or disabled
[2026-07-23 17:53:44,809] INFO: v2_osm_dieselnet_amherst_offset_e_1500m_1500m_0647 FAIL_DOWNLOAD_SKIPPED max OSM downloads reached or disabled
[2026-07-23 17:53:44,809] INFO: v2_osm_helsinki_archipelago_offset_s_2500m_200m_0648 FAIL_DOWNLOAD_SKIPPED max OSM downloads reached or disabled
[2026-07-23 17:53:44,809] INFO: v2_osm_helsinki_disrupted_offset_w_5000m_500m_0649 FAIL_DOWNLOAD_SKIPPED max OSM downloads reached or disabled
[2026-07-23 17:53:44,809] INFO: v2_osm_helsinki_downtown_exact_500m_0m_0650 FAIL_DOWNLOAD_SKIPPED max OSM downloads reached or disabled
[2026-07-23 17:53:44,809] INFO: v2_osm_kallio_community_offset_n_1000m_1500m_0651 FAIL_DOWNLOAD_SKIPPED max OSM downloads reached or disabled
[2026-07-23 17:53:44,809] INFO: v2_osm_kumpula_campus_offset_e_1500m_200m_0652 FAIL_DOWNLOAD_SKIPPED max OSM downloads reached or disabled
[2026-07-23 17:53:44,809] INFO: v2_osm_lapland_rural_sparse_offset_s_2500m_500m_0653 FAIL_DOWNLOAD_SKIPPED max OSM downloads reached or disabled
[2026-07-23 17:53:44,809] INFO: v2_osm_london_industrial_corridor_offset_w_5000m_1000m_0654 FAIL_DOWNLOAD_SKIPPED max OSM downloads reached or disabled
[2026-07-23 17:53:44,809] INFO: v2_osm_manhattan_midtown_exact_500m_0m_0655 FAIL_DOWNLOAD_SKIPPED max OSM downloads reached or disabled
[2026-07-23 17:53:44,809] INFO: v2_osm_mit_campus_reality_offset_n_1000m_200m_0656 FAIL_DOWNLOAD_SKIPPED max OSM downloads reached or disabled
[2026-07-23 17:53:44,809] INFO: v2_osm_nuuksio_sparse_trails_offset_e_1500m_500m_0657 FAIL_DOWNLOAD_SKIPPED max OSM downloads reached or disabled
[2026-07-23 17:53:44,809] INFO: v2_osm_rio_centro_buses_offset_s_2500m_1000m_0658 FAIL_DOWNLOAD_SKIPPED max OSM downloads reached or disabled
[2026-07-23 17:53:44,809] INFO: v2_osm_roma_centro_offset_w_5000m_1500m_0659 FAIL_DOWNLOAD_SKIPPED max OSM downloads reached or disabled
[2026-07-23 17:53:44,809] INFO: v2_osm_sf_cabspotting_downtown_exact_500m_0m_0660 FAIL_DOWNLOAD_SKIPPED max OSM downloads reached or disabled
[2026-07-23 17:53:44,809] INFO: v2_osm_sf_mission_corridor_offset_n_1000m_500m_0661 FAIL_DOWNLOAD_SKIPPED max OSM downloads reached or disabled
[2026-07-23 17:53:44,809] INFO: v2_osm_tampere_suburban_offset_e_1500m_1000m_0662 FAIL_DOWNLOAD_SKIPPED max OSM downloads reached or disabled
[2026-07-23 17:53:44,809] INFO: v2_osm_cambridge_haggle_offset_s_2500m_1500m_0663 FAIL_DOWNLOAD_SKIPPED max OSM downloads reached or disabled
[2026-07-23 17:53:44,809] INFO: v2_osm_dieselnet_amherst_offset_w_5000m_200m_0664 FAIL_DOWNLOAD_SKIPPED max OSM downloads reached or disabled
[2026-07-23 17:53:44,810] INFO: v2_osm_helsinki_archipelago_exact_500m_0m_0665 FAIL_DOWNLOAD_SKIPPED max OSM downloads reached or disabled
[2026-07-23 17:53:44,810] INFO: v2_osm_helsinki_disrupted_offset_n_1000m_1000m_0666 FAIL_DOWNLOAD_SKIPPED max OSM downloads reached or disabled
[2026-07-23 17:53:44,810] INFO: v2_osm_helsinki_downtown_offset_e_1500m_1500m_0667 FAIL_DOWNLOAD_SKIPPED max OSM downloads reached or disabled
[2026-07-23 17:53:44,810] INFO: v2_osm_kallio_community_offset_s_2500m_200m_0668 FAIL_DOWNLOAD_SKIPPED max OSM downloads reached or disabled
[2026-07-23 17:53:44,810] INFO: v2_osm_kumpula_campus_offset_w_5000m_500m_0669 FAIL_DOWNLOAD_SKIPPED max OSM downloads reached or disabled
[2026-07-23 17:53:44,810] INFO: v2_osm_lapland_rural_sparse_exact_500m_0m_0670 FAIL_DOWNLOAD_SKIPPED max OSM downloads reached or disabled
[2026-07-23 17:53:44,810] INFO: v2_osm_london_industrial_corridor_offset_n_1000m_1500m_0671 FAIL_DOWNLOAD_SKIPPED max OSM downloads reached or disabled
[2026-07-23 17:53:44,810] INFO: v2_osm_manhattan_midtown_offset_e_1500m_200m_0672 FAIL_DOWNLOAD_SKIPPED max OSM downloads reached or disabled
[2026-07-23 17:53:44,810] INFO: v2_osm_mit_campus_reality_offset_s_2500m_500m_0673 FAIL_DOWNLOAD_SKIPPED max OSM downloads reached or disabled
[2026-07-23 17:53:44,810] INFO: v2_osm_nuuksio_sparse_trails_offset_w_5000m_1000m_0674 FAIL_DOWNLOAD_SKIPPED max OSM downloads reached or disabled
[2026-07-23 17:53:44,810] INFO: v2_osm_rio_centro_buses_exact_500m_0m_0675 FAIL_DOWNLOAD_SKIPPED max OSM downloads reached or disabled
[2026-07-23 17:53:44,810] INFO: v2_osm_roma_centro_offset_n_1000m_200m_0676 FAIL_DOWNLOAD_SKIPPED max OSM downloads reached or disabled
[2026-07-23 17:53:44,810] INFO: v2_osm_sf_cabspotting_downtown_offset_e_1500m_500m_0677 FAIL_DOWNLOAD_SKIPPED max OSM downloads reached or disabled
[2026-07-23 17:53:44,810] INFO: v2_osm_sf_mission_corridor_offset_s_2500m_1000m_0678 FAIL_DOWNLOAD_SKIPPED max OSM downloads reached or disabled
[2026-07-23 17:53:44,810] INFO: v2_osm_tampere_suburban_offset_w_5000m_1500m_0679 FAIL_DOWNLOAD_SKIPPED max OSM downloads reached or disabled
[2026-07-23 17:53:44,810] INFO: v2_osm_cambridge_haggle_exact_500m_0m_0680 FAIL_DOWNLOAD_SKIPPED max OSM downloads reached or disabled
[2026-07-23 17:53:44,810] INFO: v2_osm_dieselnet_amherst_offset_n_1000m_500m_0681 FAIL_DOWNLOAD_SKIPPED max OSM downloads reached or disabled
[2026-07-23 17:53:44,810] INFO: v2_osm_helsinki_archipelago_offset_e_1500m_1000m_0682 FAIL_DOWNLOAD_SKIPPED max OSM downloads reached or disabled
[2026-07-23 17:53:44,810] INFO: v2_osm_helsinki_disrupted_offset_s_2500m_1500m_0683 FAIL_DOWNLOAD_SKIPPED max OSM downloads reached or disabled
[2026-07-23 17:53:44,810] INFO: v2_osm_helsinki_downtown_offset_w_5000m_200m_0684 FAIL_DOWNLOAD_SKIPPED max OSM downloads reached or disabled
[2026-07-23 17:53:44,811] INFO: v2_osm_kallio_community_exact_500m_0m_0685 FAIL_DOWNLOAD_SKIPPED max OSM downloads reached or disabled
[2026-07-23 17:53:44,811] INFO: v2_osm_kumpula_campus_offset_n_1000m_1000m_0686 FAIL_DOWNLOAD_SKIPPED max OSM downloads reached or disabled
[2026-07-23 17:53:44,811] INFO: v2_osm_lapland_rural_sparse_offset_e_1500m_1500m_0687 FAIL_DOWNLOAD_SKIPPED max OSM downloads reached or disabled
[2026-07-23 17:53:44,811] INFO: v2_osm_london_industrial_corridor_offset_s_2500m_200m_0688 FAIL_DOWNLOAD_SKIPPED max OSM downloads reached or disabled
[2026-07-23 17:53:44,811] INFO: v2_osm_manhattan_midtown_offset_w_5000m_500m_0689 FAIL_DOWNLOAD_SKIPPED max OSM downloads reached or disabled
[2026-07-23 17:53:44,811] INFO: v2_osm_mit_campus_reality_exact_500m_0m_0690 FAIL_DOWNLOAD_SKIPPED max OSM downloads reached or disabled
[2026-07-23 17:53:44,811] INFO: v2_osm_nuuksio_sparse_trails_offset_n_1000m_1500m_0691 FAIL_DOWNLOAD_SKIPPED max OSM downloads reached or disabled
[2026-07-23 17:53:44,811] INFO: v2_osm_rio_centro_buses_offset_e_1500m_200m_0692 FAIL_DOWNLOAD_SKIPPED max OSM downloads reached or disabled
[2026-07-23 17:53:44,811] INFO: v2_osm_roma_centro_offset_s_2500m_500m_0693 FAIL_DOWNLOAD_SKIPPED max OSM downloads reached or disabled
[2026-07-23 17:53:44,811] INFO: v2_osm_sf_cabspotting_downtown_offset_w_5000m_1000m_0694 FAIL_DOWNLOAD_SKIPPED max OSM downloads reached or disabled
[2026-07-23 17:53:44,811] INFO: v2_osm_sf_mission_corridor_exact_500m_0m_0695 FAIL_DOWNLOAD_SKIPPED max OSM downloads reached or disabled
[2026-07-23 17:53:44,811] INFO: v2_osm_tampere_suburban_offset_n_1000m_200m_0696 FAIL_DOWNLOAD_SKIPPED max OSM downloads reached or disabled
[2026-07-23 17:53:44,811] INFO: v2_osm_cambridge_haggle_offset_e_1500m_500m_0697 FAIL_DOWNLOAD_SKIPPED max OSM downloads reached or disabled
[2026-07-23 17:53:44,811] INFO: v2_osm_dieselnet_amherst_offset_s_2500m_1000m_0698 FAIL_DOWNLOAD_SKIPPED max OSM downloads reached or disabled
[2026-07-23 17:53:44,811] INFO: v2_osm_helsinki_archipelago_offset_w_5000m_1500m_0699 FAIL_DOWNLOAD_SKIPPED max OSM downloads reached or disabled
[2026-07-23 17:53:44,811] INFO: v2_osm_helsinki_disrupted_exact_500m_0m_0700 FAIL_DOWNLOAD_SKIPPED max OSM downloads reached or disabled
[2026-07-23 17:53:44,811] INFO: v2_osm_helsinki_downtown_offset_n_1000m_500m_0701 FAIL_DOWNLOAD_SKIPPED max OSM downloads reached or disabled
[2026-07-23 17:53:44,826] INFO: Generation complete: 601/719 OK
--- Round 5 --- skip=80 osm_ok=601 osm_total=719
>> generate osm max-downloads=25 target=1600
[2026-07-23 17:53:55,915] INFO: v2_osm_cambridge_haggle_exact_500m_0m_seed OK 
[2026-07-23 17:53:55,915] INFO: v2_osm_dieselnet_amherst_exact_500m_0m_seed OK 
[2026-07-23 17:53:55,915] INFO: v2_osm_helsinki_archipelago_exact_500m_0m_seed OK 
[2026-07-23 17:53:55,915] INFO: v2_osm_helsinki_disrupted_exact_500m_0m_seed OK 
[2026-07-23 17:53:55,916] INFO: v2_osm_helsinki_downtown_exact_500m_0m_seed OK 
[2026-07-23 17:53:55,916] INFO: v2_osm_kallio_community_exact_500m_0m_seed OK 
[2026-07-23 17:53:55,916] INFO: v2_osm_kumpula_campus_exact_500m_0m_seed OK 
[2026-07-23 17:53:55,916] INFO: v2_osm_lapland_rural_sparse_exact_500m_0m_seed OK 
[2026-07-23 17:53:55,916] INFO: v2_osm_london_industrial_corridor_exact_500m_0m_seed OK 
[2026-07-23 17:53:56,574] INFO: v2_osm_manhattan_midtown_exact_500m_0m_seed FAIL_BUILD_OSM too few segments (14 < 20)
[2026-07-23 17:53:56,575] INFO: v2_osm_mit_campus_reality_exact_500m_0m_seed OK 
[2026-07-23 17:53:56,609] INFO: v2_osm_nuuksio_sparse_trails_exact_500m_0m_seed FAIL_BUILD_OSM too few segments (8 < 20)
[2026-07-23 17:53:56,610] INFO: v2_osm_rio_centro_buses_exact_500m_0m_seed OK 
[2026-07-23 17:53:56,610] INFO: v2_osm_roma_centro_exact_500m_0m_seed OK 
[2026-07-23 17:53:56,610] INFO: v2_osm_sf_cabspotting_downtown_exact_500m_0m_seed OK 
[2026-07-23 17:53:56,610] INFO: v2_osm_sf_mission_corridor_exact_500m_0m_seed OK 
[2026-07-23 17:53:56,615] INFO: v2_osm_tampere_suburban_exact_500m_0m_seed FAIL_BUILD_OSM osm_process: Graph contains no edges.
[2026-07-23 17:53:56,615] INFO: v2_osm_cambridge_haggle_exact_500m_0m_0000 OK 
[2026-07-23 17:53:56,615] INFO: v2_osm_dieselnet_amherst_offset_n_1000m_500m_0001 OK 
[2026-07-23 17:53:56,615] INFO: v2_osm_helsinki_archipelago_offset_e_1500m_1000m_0002 OK 
[2026-07-23 17:53:56,616] INFO: v2_osm_helsinki_disrupted_offset_s_2500m_1500m_0003 OK 
[2026-07-23 17:53:56,616] INFO: v2_osm_helsinki_downtown_offset_w_5000m_200m_0004 OK 
[2026-07-23 17:53:56,616] INFO: v2_osm_kallio_community_exact_500m_0m_0005 OK 
[2026-07-23 17:53:56,616] INFO: v2_osm_kumpula_campus_offset_n_1000m_1000m_0006 OK 
[2026-07-23 17:53:56,616] INFO: v2_osm_lapland_rural_sparse_offset_e_1500m_1500m_0007 OK 
[2026-07-23 17:53:56,617] INFO: v2_osm_london_industrial_corridor_offset_s_2500m_200m_0008 OK 
[2026-07-23 17:53:56,617] INFO: v2_osm_manhattan_midtown_offset_w_5000m_500m_0009 OK 
[2026-07-23 17:53:56,617] INFO: v2_osm_mit_campus_reality_exact_500m_0m_0010 OK 
[2026-07-23 17:53:56,619] INFO: v2_osm_nuuksio_sparse_trails_offset_n_1000m_1500m_0011 FAIL_BUILD_OSM osm_process: Graph contains no edges.
[2026-07-23 17:53:56,619] INFO: v2_osm_rio_centro_buses_offset_e_1500m_200m_0012 OK 
[2026-07-23 17:53:56,619] INFO: v2_osm_roma_centro_offset_s_2500m_500m_0013 OK 
[2026-07-23 17:53:56,619] INFO: v2_osm_sf_cabspotting_downtown_offset_w_5000m_1000m_0014 OK 
[2026-07-23 17:53:56,619] INFO: v2_osm_sf_mission_corridor_exact_500m_0m_0015 OK 
[2026-07-23 17:53:56,628] INFO: v2_osm_tampere_suburban_offset_n_1000m_200m_0016 FAIL_BUILD_OSM too few segments (10 < 20)
[2026-07-23 17:53:56,628] INFO: v2_osm_cambridge_haggle_offset_e_1500m_500m_0017 OK 
[2026-07-23 17:53:56,628] INFO: v2_osm_dieselnet_amherst_offset_s_2500m_1000m_0018 OK 
[2026-07-23 17:53:56,628] INFO: v2_osm_helsinki_archipelago_offset_w_5000m_1500m_0019 OK 
[2026-07-23 17:53:56,628] INFO: v2_osm_helsinki_disrupted_exact_500m_0m_0020 OK 
[2026-07-23 17:53:56,628] INFO: v2_osm_helsinki_downtown_offset_n_1000m_500m_0021 OK 
[2026-07-23 17:53:56,629] INFO: v2_osm_kallio_community_offset_e_1500m_1000m_0022 OK 
[2026-07-23 17:53:56,629] INFO: v2_osm_kumpula_campus_offset_s_2500m_1500m_0023 OK 
[2026-07-23 17:53:56,629] INFO: v2_osm_lapland_rural_sparse_offset_w_5000m_200m_0024 OK 
[2026-07-23 17:53:56,629] INFO: v2_osm_london_industrial_corridor_exact_500m_0m_0025 OK 
[2026-07-23 17:53:56,629] INFO: v2_osm_manhattan_midtown_offset_n_1000m_1000m_0026 OK 
[2026-07-23 17:53:56,629] INFO: v2_osm_mit_campus_reality_offset_e_1500m_1500m_0027 OK 
[2026-07-23 17:53:56,629] INFO: v2_osm_nuuksio_sparse_trails_offset_s_2500m_200m_0028 OK 
[2026-07-23 17:53:56,630] INFO: v2_osm_rio_centro_buses_offset_w_5000m_500m_0029 OK 
[2026-07-23 17:53:56,630] INFO: v2_osm_roma_centro_exact_500m_0m_0030 OK 
[2026-07-23 17:53:56,630] INFO: v2_osm_sf_cabspotting_downtown_offset_n_1000m_1500m_0031 OK 
[2026-07-23 17:53:56,630] INFO: v2_osm_sf_mission_corridor_offset_e_1500m_200m_0032 OK 
[2026-07-23 17:53:56,630] INFO: v2_osm_tampere_suburban_offset_s_2500m_500m_0033 OK 
[2026-07-23 17:53:56,630] INFO: v2_osm_cambridge_haggle_offset_w_5000m_1000m_0034 OK 
[2026-07-23 17:53:56,631] INFO: v2_osm_dieselnet_amherst_exact_500m_0m_0035 OK 
[2026-07-23 17:53:56,631] INFO: v2_osm_helsinki_archipelago_offset_n_1000m_200m_0036 OK 
[2026-07-23 17:53:56,631] INFO: v2_osm_helsinki_disrupted_offset_e_1500m_500m_0037 OK 
[2026-07-23 17:53:56,631] INFO: v2_osm_helsinki_downtown_offset_s_2500m_1000m_0038 OK 
[2026-07-23 17:53:56,632] INFO: v2_osm_kallio_community_offset_w_5000m_1500m_0039 OK 
[2026-07-23 17:53:56,632] INFO: v2_osm_kumpula_campus_exact_500m_0m_0040 OK 
[2026-07-23 17:53:56,632] INFO: v2_osm_lapland_rural_sparse_offset_n_1000m_500m_0041 OK 
[2026-07-23 17:53:56,633] INFO: v2_osm_london_industrial_corridor_offset_e_1500m_1000m_0042 OK 
[2026-07-23 17:53:56,633] INFO: v2_osm_manhattan_midtown_offset_s_2500m_1500m_0043 OK 
[2026-07-23 17:53:56,633] INFO: v2_osm_mit_campus_reality_offset_w_5000m_200m_0044 OK 
[2026-07-23 17:53:56,640] INFO: v2_osm_nuuksio_sparse_trails_exact_500m_0m_0045 FAIL_BUILD_OSM too few segments (8 < 20)
[2026-07-23 17:53:56,641] INFO: v2_osm_rio_centro_buses_offset_n_1000m_1000m_0046 OK 
[2026-07-23 17:53:56,641] INFO: v2_osm_roma_centro_offset_e_1500m_1500m_0047 OK 
[2026-07-23 17:53:56,641] INFO: v2_osm_sf_cabspotting_downtown_offset_s_2500m_200m_0048 OK 
[2026-07-23 17:53:56,641] INFO: v2_osm_sf_mission_corridor_offset_w_5000m_500m_0049 OK 
[2026-07-23 17:53:56,643] INFO: v2_osm_tampere_suburban_exact_500m_0m_0050 FAIL_BUILD_OSM osm_process: Graph contains no edges.
[2026-07-23 17:53:56,643] INFO: v2_osm_cambridge_haggle_offset_n_1000m_1500m_0051 OK 
[2026-07-23 17:53:56,643] INFO: v2_osm_dieselnet_amherst_offset_e_1500m_200m_0052 OK 
[2026-07-23 17:53:56,643] INFO: v2_osm_helsinki_archipelago_offset_s_2500m_500m_0053 OK 
[2026-07-23 17:53:56,643] INFO: v2_osm_helsinki_disrupted_offset_w_5000m_1000m_0054 OK 
[2026-07-23 17:53:56,643] INFO: v2_osm_helsinki_downtown_exact_500m_0m_0055 OK 
[2026-07-23 17:53:56,644] INFO: v2_osm_kallio_community_offset_n_1000m_200m_0056 OK 
[2026-07-23 17:53:56,644] INFO: v2_osm_kumpula_campus_offset_e_1500m_500m_0057 OK 
[2026-07-23 17:53:56,644] INFO: v2_osm_lapland_rural_sparse_offset_s_2500m_1000m_0058 OK 
[2026-07-23 17:53:56,644] INFO: v2_osm_london_industrial_corridor_offset_w_5000m_1500m_0059 OK 
[2026-07-23 17:53:56,653] INFO: v2_osm_manhattan_midtown_exact_500m_0m_0060 FAIL_BUILD_OSM too few segments (14 < 20)
[2026-07-23 17:53:56,653] INFO: v2_osm_mit_campus_reality_offset_n_1000m_500m_0061 OK 
[2026-07-23 17:53:56,653] INFO: v2_osm_nuuksio_sparse_trails_offset_e_1500m_1000m_0062 OK 
[2026-07-23 17:53:56,653] INFO: v2_osm_rio_centro_buses_offset_s_2500m_1500m_0063 OK 
[2026-07-23 17:53:56,654] INFO: v2_osm_roma_centro_offset_w_5000m_200m_0064 OK 
[2026-07-23 17:53:56,654] INFO: v2_osm_sf_cabspotting_downtown_exact_500m_0m_0065 OK 
[2026-07-23 17:53:56,654] INFO: v2_osm_sf_mission_corridor_offset_n_1000m_1000m_0066 OK 
[2026-07-23 17:53:56,654] INFO: v2_osm_tampere_suburban_offset_e_1500m_1500m_0067 OK 
[2026-07-23 17:53:56,654] INFO: v2_osm_cambridge_haggle_offset_s_2500m_200m_0068 OK 
[2026-07-23 17:53:56,654] INFO: v2_osm_dieselnet_amherst_offset_w_5000m_500m_0069 OK 
[2026-07-23 17:53:56,655] INFO: v2_osm_helsinki_archipelago_exact_500m_0m_0070 OK 
[2026-07-23 17:53:56,655] INFO: v2_osm_helsinki_disrupted_offset_n_1000m_1500m_0071 OK 
[2026-07-23 17:53:56,655] INFO: v2_osm_helsinki_downtown_offset_e_1500m_200m_0072 OK 
[2026-07-23 17:53:56,655] INFO: v2_osm_kallio_community_offset_s_2500m_500m_0073 OK 
[2026-07-23 17:53:56,655] INFO: v2_osm_kumpula_campus_offset_w_5000m_1000m_0074 OK 
[2026-07-23 17:53:56,656] INFO: v2_osm_lapland_rural_sparse_exact_500m_0m_0075 OK 
[2026-07-23 17:53:56,656] INFO: v2_osm_london_industrial_corridor_offset_n_1000m_200m_0076 OK 
[2026-07-23 17:53:56,656] INFO: v2_osm_manhattan_midtown_offset_e_1500m_500m_0077 OK 
[2026-07-23 17:53:56,656] INFO: v2_osm_mit_campus_reality_offset_s_2500m_1000m_0078 OK 
[2026-07-23 17:53:56,656] INFO: v2_osm_nuuksio_sparse_trails_offset_w_5000m_1500m_0079 OK 
[2026-07-23 17:53:56,656] INFO: v2_osm_rio_centro_buses_exact_500m_0m_0080 OK 
[2026-07-23 17:53:56,657] INFO: v2_osm_roma_centro_offset_n_1000m_500m_0081 OK 
[2026-07-23 17:53:56,657] INFO: v2_osm_sf_cabspotting_downtown_offset_e_1500m_1000m_0082 OK 
[2026-07-23 17:53:56,657] INFO: v2_osm_sf_mission_corridor_offset_s_2500m_1500m_0083 OK 
[2026-07-23 17:53:56,657] INFO: v2_osm_tampere_suburban_offset_w_5000m_200m_0084 OK 
[2026-07-23 17:53:56,657] INFO: v2_osm_cambridge_haggle_exact_500m_0m_0085 OK 
[2026-07-23 17:53:56,657] INFO: v2_osm_dieselnet_amherst_offset_n_1000m_1000m_0086 OK 
[2026-07-23 17:53:56,657] INFO: v2_osm_helsinki_archipelago_offset_e_1500m_1500m_0087 OK 
[2026-07-23 17:53:56,658] INFO: v2_osm_helsinki_disrupted_offset_s_2500m_200m_0088 OK 
[2026-07-23 17:53:56,658] INFO: v2_osm_helsinki_downtown_offset_w_5000m_500m_0089 OK 
[2026-07-23 17:53:56,658] INFO: v2_osm_kallio_community_exact_500m_0m_0090 OK 
[2026-07-23 17:53:56,658] INFO: v2_osm_kumpula_campus_offset_n_1000m_1500m_0091 OK 
[2026-07-23 17:53:56,658] INFO: v2_osm_lapland_rural_sparse_offset_e_1500m_200m_0092 OK 
[2026-07-23 17:53:56,658] INFO: v2_osm_london_industrial_corridor_offset_s_2500m_500m_0093 OK 
[2026-07-23 17:53:56,659] INFO: v2_osm_manhattan_midtown_offset_w_5000m_1000m_0094 OK 
[2026-07-23 17:53:56,659] INFO: v2_osm_mit_campus_reality_exact_500m_0m_0095 OK 
[2026-07-23 17:53:56,659] INFO: v2_osm_nuuksio_sparse_trails_offset_n_1000m_200m_0096 OK 
[2026-07-23 17:53:56,659] INFO: v2_osm_rio_centro_buses_offset_e_1500m_500m_0097 OK 
[2026-07-23 17:53:56,659] INFO: v2_osm_roma_centro_offset_s_2500m_1000m_0098 OK 
[2026-07-23 17:53:56,659] INFO: v2_osm_sf_cabspotting_downtown_offset_w_5000m_1500m_0099 OK 
[2026-07-23 17:53:56,660] INFO: v2_osm_sf_mission_corridor_exact_500m_0m_0100 OK 
[2026-07-23 17:53:56,668] INFO: v2_osm_tampere_suburban_offset_n_1000m_500m_0101 FAIL_BUILD_OSM too few segments (2 < 20)
[2026-07-23 17:53:56,668] INFO: v2_osm_cambridge_haggle_offset_e_1500m_1000m_0102 OK 
[2026-07-23 17:53:56,668] INFO: v2_osm_dieselnet_amherst_offset_s_2500m_1500m_0103 OK 
[2026-07-23 17:53:56,668] INFO: v2_osm_helsinki_archipelago_offset_w_5000m_200m_0104 OK 
[2026-07-23 17:53:56,668] INFO: v2_osm_helsinki_disrupted_exact_500m_0m_0105 OK 
[2026-07-23 17:53:56,668] INFO: v2_osm_helsinki_downtown_offset_n_1000m_1000m_0106 OK 
[2026-07-23 17:53:56,669] INFO: v2_osm_kallio_community_offset_e_1500m_1500m_0107 OK 
[2026-07-23 17:53:56,669] INFO: v2_osm_kumpula_campus_offset_s_2500m_200m_0108 OK 
[2026-07-23 17:53:56,669] INFO: v2_osm_lapland_rural_sparse_offset_w_5000m_500m_0109 OK 
[2026-07-23 17:53:56,669] INFO: v2_osm_london_industrial_corridor_exact_500m_0m_0110 OK 
[2026-07-23 17:53:56,669] INFO: v2_osm_manhattan_midtown_offset_n_1000m_1500m_0111 OK 
[2026-07-23 17:53:56,669] INFO: v2_osm_mit_campus_reality_offset_e_1500m_200m_0112 OK 
[2026-07-23 17:53:56,669] INFO: v2_osm_nuuksio_sparse_trails_offset_s_2500m_500m_0113 OK 
[2026-07-23 17:53:56,670] INFO: v2_osm_rio_centro_buses_offset_w_5000m_1000m_0114 OK 
[2026-07-23 17:53:56,670] INFO: v2_osm_roma_centro_exact_500m_0m_0115 OK 
[2026-07-23 17:53:56,670] INFO: v2_osm_sf_cabspotting_downtown_offset_n_1000m_200m_0116 OK 
[2026-07-23 17:53:56,670] INFO: v2_osm_sf_mission_corridor_offset_e_1500m_500m_0117 OK 
[2026-07-23 17:53:56,670] INFO: v2_osm_tampere_suburban_offset_s_2500m_1000m_0118 OK 
[2026-07-23 17:53:56,670] INFO: v2_osm_cambridge_haggle_offset_w_5000m_1500m_0119 OK 
[2026-07-23 17:53:56,671] INFO: v2_osm_dieselnet_amherst_exact_500m_0m_0120 OK 
[2026-07-23 17:53:56,671] INFO: v2_osm_helsinki_archipelago_offset_n_1000m_500m_0121 OK 
[2026-07-23 17:53:56,671] INFO: v2_osm_helsinki_disrupted_offset_e_1500m_1000m_0122 OK 
[2026-07-23 17:53:56,671] INFO: v2_osm_helsinki_downtown_offset_s_2500m_1500m_0123 OK 
[2026-07-23 17:53:56,671] INFO: v2_osm_kallio_community_offset_w_5000m_200m_0124 OK 
[2026-07-23 17:53:56,671] INFO: v2_osm_kumpula_campus_exact_500m_0m_0125 OK 
[2026-07-23 17:53:56,671] INFO: v2_osm_lapland_rural_sparse_offset_n_1000m_1000m_0126 OK 
[2026-07-23 17:53:56,672] INFO: v2_osm_london_industrial_corridor_offset_e_1500m_1500m_0127 OK 
[2026-07-23 17:53:56,672] INFO: v2_osm_manhattan_midtown_offset_s_2500m_200m_0128 OK 
[2026-07-23 17:53:56,672] INFO: v2_osm_mit_campus_reality_offset_w_5000m_500m_0129 OK 
[2026-07-23 17:53:56,679] INFO: v2_osm_nuuksio_sparse_trails_exact_500m_0m_0130 FAIL_BUILD_OSM too few segments (8 < 20)
[2026-07-23 17:53:56,680] INFO: v2_osm_rio_centro_buses_offset_n_1000m_1500m_0131 OK 
[2026-07-23 17:53:56,680] INFO: v2_osm_roma_centro_offset_e_1500m_200m_0132 OK 
[2026-07-23 17:53:56,680] INFO: v2_osm_sf_cabspotting_downtown_offset_s_2500m_500m_0133 OK 
[2026-07-23 17:53:56,680] INFO: v2_osm_sf_mission_corridor_offset_w_5000m_1000m_0134 OK 
[2026-07-23 17:53:56,682] INFO: v2_osm_tampere_suburban_exact_500m_0m_0135 FAIL_BUILD_OSM osm_process: Graph contains no edges.
[2026-07-23 17:53:56,682] INFO: v2_osm_cambridge_haggle_offset_n_1000m_200m_0136 OK 
[2026-07-23 17:53:56,682] INFO: v2_osm_dieselnet_amherst_offset_e_1500m_500m_0137 OK 
[2026-07-23 17:53:56,682] INFO: v2_osm_helsinki_archipelago_offset_s_2500m_1000m_0138 OK 
[2026-07-23 17:53:56,682] INFO: v2_osm_helsinki_disrupted_offset_w_5000m_1500m_0139 OK 
[2026-07-23 17:53:56,683] INFO: v2_osm_helsinki_downtown_exact_500m_0m_0140 OK 
[2026-07-23 17:53:56,683] INFO: v2_osm_kallio_community_offset_n_1000m_500m_0141 OK 
[2026-07-23 17:53:56,683] INFO: v2_osm_kumpula_campus_offset_e_1500m_1000m_0142 OK 
[2026-07-23 17:53:56,683] INFO: v2_osm_lapland_rural_sparse_offset_s_2500m_1500m_0143 OK 
[2026-07-23 17:53:56,683] INFO: v2_osm_london_industrial_corridor_offset_w_5000m_200m_0144 OK 
[2026-07-23 17:53:56,692] INFO: v2_osm_manhattan_midtown_exact_500m_0m_0145 FAIL_BUILD_OSM too few segments (14 < 20)
[2026-07-23 17:53:56,692] INFO: v2_osm_mit_campus_reality_offset_n_1000m_1000m_0146 OK 
[2026-07-23 17:53:56,692] INFO: v2_osm_nuuksio_sparse_trails_offset_e_1500m_1500m_0147 OK 
[2026-07-23 17:53:56,692] INFO: v2_osm_rio_centro_buses_offset_s_2500m_200m_0148 OK 
[2026-07-23 17:53:56,692] INFO: v2_osm_roma_centro_offset_w_5000m_500m_0149 OK 
[2026-07-23 17:53:56,692] INFO: v2_osm_sf_cabspotting_downtown_exact_500m_0m_0150 OK 
[2026-07-23 17:53:56,693] INFO: v2_osm_sf_mission_corridor_offset_n_1000m_1500m_0151 OK 
[2026-07-23 17:53:56,693] INFO: v2_osm_tampere_suburban_offset_e_1500m_200m_0152 OK 
[2026-07-23 17:53:56,693] INFO: v2_osm_cambridge_haggle_offset_s_2500m_500m_0153 OK 
[2026-07-23 17:53:56,693] INFO: v2_osm_dieselnet_amherst_offset_w_5000m_1000m_0154 OK 
[2026-07-23 17:53:56,693] INFO: v2_osm_helsinki_archipelago_exact_500m_0m_0155 OK 
[2026-07-23 17:53:56,693] INFO: v2_osm_helsinki_disrupted_offset_n_1000m_200m_0156 OK 
[2026-07-23 17:53:56,694] INFO: v2_osm_helsinki_downtown_offset_e_1500m_500m_0157 OK 
[2026-07-23 17:53:56,694] INFO: v2_osm_kallio_community_offset_s_2500m_1000m_0158 OK 
[2026-07-23 17:53:56,694] INFO: v2_osm_kumpula_campus_offset_w_5000m_1500m_0159 OK 
[2026-07-23 17:53:56,694] INFO: v2_osm_lapland_rural_sparse_exact_500m_0m_0160 OK 
[2026-07-23 17:53:56,694] INFO: v2_osm_london_industrial_corridor_offset_n_1000m_500m_0161 OK 
[2026-07-23 17:53:56,694] INFO: v2_osm_manhattan_midtown_offset_e_1500m_1000m_0162 OK 
[2026-07-23 17:53:56,694] INFO: v2_osm_mit_campus_reality_offset_s_2500m_1500m_0163 OK 
[2026-07-23 17:53:56,695] INFO: v2_osm_nuuksio_sparse_trails_offset_w_5000m_200m_0164 OK 
[2026-07-23 17:53:56,695] INFO: v2_osm_rio_centro_buses_exact_500m_0m_0165 OK 
[2026-07-23 17:53:56,695] INFO: v2_osm_roma_centro_offset_n_1000m_1000m_0166 OK 
[2026-07-23 17:53:56,695] INFO: v2_osm_sf_cabspotting_downtown_offset_e_1500m_1500m_0167 OK 
[2026-07-23 17:53:56,695] INFO: v2_osm_sf_mission_corridor_offset_s_2500m_200m_0168 OK 
[2026-07-23 17:53:56,695] INFO: v2_osm_tampere_suburban_offset_w_5000m_500m_0169 OK 
[2026-07-23 17:53:56,695] INFO: v2_osm_cambridge_haggle_exact_500m_0m_0170 OK 
[2026-07-23 17:53:56,696] INFO: v2_osm_dieselnet_amherst_offset_n_1000m_1500m_0171 OK 
[2026-07-23 17:53:56,696] INFO: v2_osm_helsinki_archipelago_offset_e_1500m_200m_0172 OK 
[2026-07-23 17:53:56,696] INFO: v2_osm_helsinki_disrupted_offset_s_2500m_500m_0173 OK 
[2026-07-23 17:53:56,696] INFO: v2_osm_helsinki_downtown_offset_w_5000m_1000m_0174 OK 
[2026-07-23 17:53:56,696] INFO: v2_osm_kallio_community_exact_500m_0m_0175 OK 
[2026-07-23 17:53:56,696] INFO: v2_osm_kumpula_campus_offset_n_1000m_200m_0176 OK 
[2026-07-23 17:53:56,696] INFO: v2_osm_lapland_rural_sparse_offset_e_1500m_500m_0177 OK 
[2026-07-23 17:53:56,697] INFO: v2_osm_london_industrial_corridor_offset_s_2500m_1000m_0178 OK 
[2026-07-23 17:53:56,697] INFO: v2_osm_manhattan_midtown_offset_w_5000m_1500m_0179 OK 
[2026-07-23 17:53:56,697] INFO: v2_osm_mit_campus_reality_exact_500m_0m_0180 OK 
[2026-07-23 17:53:56,706] INFO: v2_osm_nuuksio_sparse_trails_offset_n_1000m_500m_0181 FAIL_BUILD_OSM too few segments (14 < 20)
[2026-07-23 17:53:56,706] INFO: v2_osm_rio_centro_buses_offset_e_1500m_1000m_0182 OK 
[2026-07-23 17:53:56,706] INFO: v2_osm_roma_centro_offset_s_2500m_1500m_0183 OK 
[2026-07-23 17:53:56,706] INFO: v2_osm_sf_cabspotting_downtown_offset_w_5000m_200m_0184 OK 
[2026-07-23 17:53:56,706] INFO: v2_osm_sf_mission_corridor_exact_500m_0m_0185 OK 
[2026-07-23 17:53:56,713] INFO: v2_osm_tampere_suburban_offset_n_1000m_1000m_0186 FAIL_BUILD_OSM too few segments (2 < 20)
[2026-07-23 17:53:56,714] INFO: v2_osm_cambridge_haggle_offset_e_1500m_1500m_0187 OK 
[2026-07-23 17:53:56,714] INFO: v2_osm_dieselnet_amherst_offset_s_2500m_200m_0188 OK 
[2026-07-23 17:53:56,714] INFO: v2_osm_helsinki_archipelago_offset_w_5000m_500m_0189 OK 
[2026-07-23 17:53:56,714] INFO: v2_osm_helsinki_disrupted_exact_500m_0m_0190 OK 
[2026-07-23 17:53:56,714] INFO: v2_osm_helsinki_downtown_offset_n_1000m_1500m_0191 OK 
[2026-07-23 17:53:56,714] INFO: v2_osm_kallio_community_offset_e_1500m_200m_0192 OK 
[2026-07-23 17:53:56,715] INFO: v2_osm_kumpula_campus_offset_s_2500m_500m_0193 OK 
[2026-07-23 17:53:56,715] INFO: v2_osm_lapland_rural_sparse_offset_w_5000m_1000m_0194 OK 
[2026-07-23 17:53:56,715] INFO: v2_osm_london_industrial_corridor_exact_500m_0m_0195 OK 
[2026-07-23 17:53:56,715] INFO: v2_osm_manhattan_midtown_offset_n_1000m_200m_0196 OK 
[2026-07-23 17:53:56,715] INFO: v2_osm_mit_campus_reality_offset_e_1500m_500m_0197 OK 
[2026-07-23 17:53:56,715] INFO: v2_osm_nuuksio_sparse_trails_offset_s_2500m_1000m_0198 OK 
[2026-07-23 17:53:56,715] INFO: v2_osm_rio_centro_buses_offset_w_5000m_1500m_0199 OK 
[2026-07-23 17:53:56,716] INFO: v2_osm_roma_centro_exact_500m_0m_0200 OK 
[2026-07-23 17:53:56,716] INFO: v2_osm_sf_cabspotting_downtown_offset_n_1000m_500m_0201 OK 
[2026-07-23 17:53:56,716] INFO: v2_osm_sf_mission_corridor_offset_e_1500m_1000m_0202 OK 
[2026-07-23 17:53:56,716] INFO: v2_osm_tampere_suburban_offset_s_2500m_1500m_0203 OK 
[2026-07-23 17:53:56,716] INFO: v2_osm_cambridge_haggle_offset_w_5000m_200m_0204 OK 
[2026-07-23 17:53:56,716] INFO: v2_osm_dieselnet_amherst_exact_500m_0m_0205 OK 
[2026-07-23 17:53:56,716] INFO: v2_osm_helsinki_archipelago_offset_n_1000m_1000m_0206 OK 
[2026-07-23 17:53:56,717] INFO: v2_osm_helsinki_disrupted_offset_e_1500m_1500m_0207 OK 
[2026-07-23 17:53:56,717] INFO: v2_osm_helsinki_downtown_offset_s_2500m_200m_0208 OK 
[2026-07-23 17:53:56,717] INFO: v2_osm_kallio_community_offset_w_5000m_500m_0209 OK 
[2026-07-23 17:53:56,717] INFO: v2_osm_kumpula_campus_exact_500m_0m_0210 OK 
[2026-07-23 17:53:56,724] INFO: v2_osm_lapland_rural_sparse_offset_n_1000m_1500m_0211 FAIL_BUILD_OSM too few segments (2 < 20)
[2026-07-23 17:53:56,724] INFO: v2_osm_london_industrial_corridor_offset_e_1500m_200m_0212 OK 
[2026-07-23 17:53:56,724] INFO: v2_osm_manhattan_midtown_offset_s_2500m_500m_0213 OK 
[2026-07-23 17:53:56,725] INFO: v2_osm_mit_campus_reality_offset_w_5000m_1000m_0214 OK 
[2026-07-23 17:53:56,732] INFO: v2_osm_nuuksio_sparse_trails_exact_500m_0m_0215 FAIL_BUILD_OSM too few segments (8 < 20)
[2026-07-23 17:53:56,732] INFO: v2_osm_rio_centro_buses_offset_n_1000m_200m_0216 OK 
[2026-07-23 17:53:56,732] INFO: v2_osm_roma_centro_offset_e_1500m_500m_0217 OK 
[2026-07-23 17:53:56,733] INFO: v2_osm_sf_cabspotting_downtown_offset_s_2500m_1000m_0218 OK 
[2026-07-23 17:53:56,733] INFO: v2_osm_sf_mission_corridor_offset_w_5000m_1500m_0219 OK 
[2026-07-23 17:53:56,734] INFO: v2_osm_tampere_suburban_exact_500m_0m_0220 FAIL_BUILD_OSM osm_process: Graph contains no edges.
[2026-07-23 17:53:56,734] INFO: v2_osm_cambridge_haggle_offset_n_1000m_500m_0221 OK 
[2026-07-23 17:53:56,735] INFO: v2_osm_dieselnet_amherst_offset_e_1500m_1000m_0222 OK 
[2026-07-23 17:53:56,735] INFO: v2_osm_helsinki_archipelago_offset_s_2500m_1500m_0223 OK 
[2026-07-23 17:53:56,735] INFO: v2_osm_helsinki_disrupted_offset_w_5000m_200m_0224 OK 
[2026-07-23 17:53:56,735] INFO: v2_osm_helsinki_downtown_exact_500m_0m_0225 OK 
[2026-07-23 17:53:56,735] INFO: v2_osm_kallio_community_offset_n_1000m_1000m_0226 OK 
[2026-07-23 17:53:56,735] INFO: v2_osm_kumpula_campus_offset_e_1500m_1500m_0227 OK 
[2026-07-23 17:53:56,736] INFO: v2_osm_lapland_rural_sparse_offset_s_2500m_200m_0228 OK 
[2026-07-23 17:53:56,736] INFO: v2_osm_london_industrial_corridor_offset_w_5000m_500m_0229 OK 
[2026-07-23 17:53:56,746] INFO: v2_osm_manhattan_midtown_exact_500m_0m_0230 FAIL_BUILD_OSM too few segments (14 < 20)
[2026-07-23 17:53:56,746] INFO: v2_osm_mit_campus_reality_offset_n_1000m_1500m_0231 OK 
[2026-07-23 17:53:56,746] INFO: v2_osm_nuuksio_sparse_trails_offset_e_1500m_200m_0232 OK 
[2026-07-23 17:53:56,746] INFO: v2_osm_rio_centro_buses_offset_s_2500m_500m_0233 OK 
[2026-07-23 17:53:56,747] INFO: v2_osm_roma_centro_offset_w_5000m_1000m_0234 OK 
[2026-07-23 17:53:56,747] INFO: v2_osm_sf_cabspotting_downtown_exact_500m_0m_0235 OK 
[2026-07-23 17:53:56,747] INFO: v2_osm_sf_mission_corridor_offset_n_1000m_200m_0236 OK 
[2026-07-23 17:53:56,747] INFO: v2_osm_tampere_suburban_offset_e_1500m_500m_0237 OK 
[2026-07-23 17:53:56,747] INFO: v2_osm_cambridge_haggle_offset_s_2500m_1000m_0238 OK 
[2026-07-23 17:53:56,747] INFO: v2_osm_dieselnet_amherst_offset_w_5000m_1500m_0239 OK 
[2026-07-23 17:53:56,748] INFO: v2_osm_helsinki_archipelago_exact_500m_0m_0240 OK 
[2026-07-23 17:53:56,748] INFO: v2_osm_helsinki_disrupted_offset_n_1000m_500m_0241 OK 
[2026-07-23 17:53:56,748] INFO: v2_osm_helsinki_downtown_offset_e_1500m_1000m_0242 OK 
[2026-07-23 17:53:56,748] INFO: v2_osm_kallio_community_offset_s_2500m_1500m_0243 OK 
[2026-07-23 17:53:56,748] INFO: v2_osm_kumpula_campus_offset_w_5000m_200m_0244 OK 
[2026-07-23 17:53:56,748] INFO: v2_osm_lapland_rural_sparse_exact_500m_0m_0245 OK 
[2026-07-23 17:53:56,748] INFO: v2_osm_london_industrial_corridor_offset_n_1000m_1000m_0246 OK 
[2026-07-23 17:53:56,749] INFO: v2_osm_manhattan_midtown_offset_e_1500m_1500m_0247 OK 
[2026-07-23 17:53:56,749] INFO: v2_osm_mit_campus_reality_offset_s_2500m_200m_0248 OK 
[2026-07-23 17:53:56,749] INFO: v2_osm_nuuksio_sparse_trails_offset_w_5000m_500m_0249 OK 
[2026-07-23 17:53:56,749] INFO: v2_osm_rio_centro_buses_exact_500m_0m_0250 OK 
[2026-07-23 17:53:56,749] INFO: v2_osm_roma_centro_offset_n_1000m_1500m_0251 OK 
[2026-07-23 17:53:56,750] INFO: v2_osm_sf_cabspotting_downtown_offset_e_1500m_200m_0252 OK 
[2026-07-23 17:53:56,750] INFO: v2_osm_sf_mission_corridor_offset_s_2500m_500m_0253 OK 
[2026-07-23 17:53:56,750] INFO: v2_osm_tampere_suburban_offset_w_5000m_1000m_0254 OK 
[2026-07-23 17:53:56,750] INFO: v2_osm_cambridge_haggle_exact_500m_0m_0255 OK 
[2026-07-23 17:53:56,750] INFO: v2_osm_dieselnet_amherst_offset_n_1000m_200m_0256 OK 
[2026-07-23 17:53:56,750] INFO: v2_osm_helsinki_archipelago_offset_e_1500m_500m_0257 OK 
[2026-07-23 17:53:56,750] INFO: v2_osm_helsinki_disrupted_offset_s_2500m_1000m_0258 OK 
[2026-07-23 17:53:56,751] INFO: v2_osm_helsinki_downtown_offset_w_5000m_1500m_0259 OK 
[2026-07-23 17:53:56,751] INFO: v2_osm_kallio_community_exact_500m_0m_0260 OK 
[2026-07-23 17:53:56,751] INFO: v2_osm_kumpula_campus_offset_n_1000m_500m_0261 OK 
[2026-07-23 17:53:56,751] INFO: v2_osm_lapland_rural_sparse_offset_e_1500m_1000m_0262 OK 
[2026-07-23 17:53:56,751] INFO: v2_osm_london_industrial_corridor_offset_s_2500m_1500m_0263 OK 
[2026-07-23 17:53:56,751] INFO: v2_osm_manhattan_midtown_offset_w_5000m_200m_0264 OK 
[2026-07-23 17:53:56,751] INFO: v2_osm_mit_campus_reality_exact_500m_0m_0265 OK 
[2026-07-23 17:53:56,759] INFO: v2_osm_nuuksio_sparse_trails_offset_n_1000m_1000m_0266 FAIL_BUILD_OSM too few segments (2 < 20)
[2026-07-23 17:53:56,759] INFO: v2_osm_rio_centro_buses_offset_e_1500m_1500m_0267 OK 
[2026-07-23 17:53:56,759] INFO: v2_osm_roma_centro_offset_s_2500m_200m_0268 OK 
[2026-07-23 17:53:56,759] INFO: v2_osm_sf_cabspotting_downtown_offset_w_5000m_500m_0269 OK 
[2026-07-23 17:53:56,760] INFO: v2_osm_sf_mission_corridor_exact_500m_0m_0270 OK 
[2026-07-23 17:53:56,760] INFO: v2_osm_tampere_suburban_offset_n_1000m_1500m_0271 OK 
[2026-07-23 17:53:56,760] INFO: v2_osm_cambridge_haggle_offset_e_1500m_200m_0272 OK 
[2026-07-23 17:53:56,760] INFO: v2_osm_dieselnet_amherst_offset_s_2500m_500m_0273 OK 
[2026-07-23 17:53:56,760] INFO: v2_osm_helsinki_archipelago_offset_w_5000m_1000m_0274 OK 
[2026-07-23 17:53:56,760] INFO: v2_osm_helsinki_disrupted_exact_500m_0m_0275 OK 
[2026-07-23 17:53:56,760] INFO: v2_osm_helsinki_downtown_offset_n_1000m_200m_0276 OK 
[2026-07-23 17:53:56,761] INFO: v2_osm_kallio_community_offset_e_1500m_500m_0277 OK 
[2026-07-23 17:53:56,761] INFO: v2_osm_kumpula_campus_offset_s_2500m_1000m_0278 OK 
[2026-07-23 17:53:56,761] INFO: v2_osm_lapland_rural_sparse_offset_w_5000m_1500m_0279 OK 
[2026-07-23 17:53:56,761] INFO: v2_osm_london_industrial_corridor_exact_500m_0m_0280 OK 
[2026-07-23 17:53:56,761] INFO: v2_osm_manhattan_midtown_offset_n_1000m_500m_0281 OK 
[2026-07-23 17:53:56,761] INFO: v2_osm_mit_campus_reality_offset_e_1500m_1000m_0282 OK 
[2026-07-23 17:53:56,761] INFO: v2_osm_nuuksio_sparse_trails_offset_s_2500m_1500m_0283 OK 
[2026-07-23 17:53:56,762] INFO: v2_osm_rio_centro_buses_offset_w_5000m_200m_0284 OK 
[2026-07-23 17:53:56,762] INFO: v2_osm_roma_centro_exact_500m_0m_0285 OK 
[2026-07-23 17:53:56,762] INFO: v2_osm_sf_cabspotting_downtown_offset_n_1000m_1000m_0286 OK 
[2026-07-23 17:53:56,762] INFO: v2_osm_sf_mission_corridor_offset_e_1500m_1500m_0287 OK 
[2026-07-23 17:53:56,762] INFO: v2_osm_tampere_suburban_offset_s_2500m_200m_0288 OK 
[2026-07-23 17:53:56,762] INFO: v2_osm_cambridge_haggle_offset_w_5000m_500m_0289 OK 
[2026-07-23 17:53:56,762] INFO: v2_osm_dieselnet_amherst_exact_500m_0m_0290 OK 
[2026-07-23 17:53:56,763] INFO: v2_osm_helsinki_archipelago_offset_n_1000m_1500m_0291 OK 
[2026-07-23 17:53:56,763] INFO: v2_osm_helsinki_disrupted_offset_e_1500m_200m_0292 OK 
[2026-07-23 17:53:56,763] INFO: v2_osm_helsinki_downtown_offset_s_2500m_500m_0293 OK 
[2026-07-23 17:53:56,763] INFO: v2_osm_kallio_community_offset_w_5000m_1000m_0294 OK 
[2026-07-23 17:53:56,763] INFO: v2_osm_kumpula_campus_exact_500m_0m_0295 OK 
[2026-07-23 17:53:56,763] INFO: v2_osm_lapland_rural_sparse_offset_n_1000m_200m_0296 OK 
[2026-07-23 17:53:56,763] INFO: v2_osm_london_industrial_corridor_offset_e_1500m_500m_0297 OK 
[2026-07-23 17:53:56,764] INFO: v2_osm_manhattan_midtown_offset_s_2500m_1000m_0298 OK 
[2026-07-23 17:53:56,764] INFO: v2_osm_mit_campus_reality_offset_w_5000m_1500m_0299 OK 
[2026-07-23 17:53:56,771] INFO: v2_osm_nuuksio_sparse_trails_exact_500m_0m_0300 FAIL_BUILD_OSM too few segments (8 < 20)
[2026-07-23 17:53:56,772] INFO: v2_osm_rio_centro_buses_offset_n_1000m_500m_0301 OK 
[2026-07-23 17:53:56,772] INFO: v2_osm_roma_centro_offset_e_1500m_1000m_0302 OK 
[2026-07-23 17:53:56,772] INFO: v2_osm_sf_cabspotting_downtown_offset_s_2500m_1500m_0303 OK 
[2026-07-23 17:53:56,772] INFO: v2_osm_sf_mission_corridor_offset_w_5000m_200m_0304 OK 
[2026-07-23 17:53:56,774] INFO: v2_osm_tampere_suburban_exact_500m_0m_0305 FAIL_BUILD_OSM osm_process: Graph contains no edges.
[2026-07-23 17:53:56,774] INFO: v2_osm_cambridge_haggle_offset_n_1000m_1000m_0306 OK 
[2026-07-23 17:53:56,774] INFO: v2_osm_dieselnet_amherst_offset_e_1500m_1500m_0307 OK 
[2026-07-23 17:53:56,774] INFO: v2_osm_helsinki_archipelago_offset_s_2500m_200m_0308 OK 
[2026-07-23 17:53:56,774] INFO: v2_osm_helsinki_disrupted_offset_w_5000m_500m_0309 OK 
[2026-07-23 17:53:56,774] INFO: v2_osm_helsinki_downtown_exact_500m_0m_0310 OK 
[2026-07-23 17:53:56,775] INFO: v2_osm_kallio_community_offset_n_1000m_1500m_0311 OK 
[2026-07-23 17:53:56,775] INFO: v2_osm_kumpula_campus_offset_e_1500m_200m_0312 OK 
[2026-07-23 17:53:56,775] INFO: v2_osm_lapland_rural_sparse_offset_s_2500m_500m_0313 OK 
[2026-07-23 17:53:56,775] INFO: v2_osm_london_industrial_corridor_offset_w_5000m_1000m_0314 OK 
[2026-07-23 17:53:56,783] INFO: v2_osm_manhattan_midtown_exact_500m_0m_0315 FAIL_BUILD_OSM too few segments (14 < 20)
[2026-07-23 17:53:56,784] INFO: v2_osm_mit_campus_reality_offset_n_1000m_200m_0316 OK 
[2026-07-23 17:53:56,784] INFO: v2_osm_nuuksio_sparse_trails_offset_e_1500m_500m_0317 OK 
[2026-07-23 17:53:56,784] INFO: v2_osm_rio_centro_buses_offset_s_2500m_1000m_0318 OK 
[2026-07-23 17:53:56,784] INFO: v2_osm_roma_centro_offset_w_5000m_1500m_0319 OK 
[2026-07-23 17:53:56,784] INFO: v2_osm_sf_cabspotting_downtown_exact_500m_0m_0320 OK 
[2026-07-23 17:53:56,785] INFO: v2_osm_sf_mission_corridor_offset_n_1000m_500m_0321 OK 
[2026-07-23 17:53:56,785] INFO: v2_osm_tampere_suburban_offset_e_1500m_1000m_0322 OK 
[2026-07-23 17:53:56,785] INFO: v2_osm_cambridge_haggle_offset_s_2500m_1500m_0323 OK 
[2026-07-23 17:53:56,785] INFO: v2_osm_dieselnet_amherst_offset_w_5000m_200m_0324 OK 
[2026-07-23 17:53:56,785] INFO: v2_osm_helsinki_archipelago_exact_500m_0m_0325 OK 
[2026-07-23 17:53:56,785] INFO: v2_osm_helsinki_disrupted_offset_n_1000m_1000m_0326 OK 
[2026-07-23 17:53:56,786] INFO: v2_osm_helsinki_downtown_offset_e_1500m_1500m_0327 OK 
[2026-07-23 17:53:56,786] INFO: v2_osm_kallio_community_offset_s_2500m_200m_0328 OK 
[2026-07-23 17:53:56,786] INFO: v2_osm_kumpula_campus_offset_w_5000m_500m_0329 OK 
[2026-07-23 17:53:56,786] INFO: v2_osm_lapland_rural_sparse_exact_500m_0m_0330 OK 
[2026-07-23 17:53:56,786] INFO: v2_osm_london_industrial_corridor_offset_n_1000m_1500m_0331 OK 
[2026-07-23 17:53:56,786] INFO: v2_osm_manhattan_midtown_offset_e_1500m_200m_0332 OK 
[2026-07-23 17:53:56,787] INFO: v2_osm_mit_campus_reality_offset_s_2500m_500m_0333 OK 
[2026-07-23 17:53:56,787] INFO: v2_osm_nuuksio_sparse_trails_offset_w_5000m_1000m_0334 OK 
[2026-07-23 17:53:56,787] INFO: v2_osm_rio_centro_buses_exact_500m_0m_0335 OK 
[2026-07-23 17:53:56,787] INFO: v2_osm_roma_centro_offset_n_1000m_200m_0336 OK 
[2026-07-23 17:53:56,787] INFO: v2_osm_sf_cabspotting_downtown_offset_e_1500m_500m_0337 OK 
[2026-07-23 17:53:56,787] INFO: v2_osm_sf_mission_corridor_offset_s_2500m_1000m_0338 OK 
[2026-07-23 17:53:56,787] INFO: v2_osm_tampere_suburban_offset_w_5000m_1500m_0339 OK 
[2026-07-23 17:53:56,788] INFO: v2_osm_cambridge_haggle_exact_500m_0m_0340 OK 
[2026-07-23 17:53:56,788] INFO: v2_osm_dieselnet_amherst_offset_n_1000m_500m_0341 OK 
[2026-07-23 17:53:56,788] INFO: v2_osm_helsinki_archipelago_offset_e_1500m_1000m_0342 OK 
[2026-07-23 17:53:56,788] INFO: v2_osm_helsinki_disrupted_offset_s_2500m_1500m_0343 OK 
[2026-07-23 17:53:56,788] INFO: v2_osm_helsinki_downtown_offset_w_5000m_200m_0344 OK 
[2026-07-23 17:53:56,788] INFO: v2_osm_kallio_community_exact_500m_0m_0345 OK 
[2026-07-23 17:53:56,788] INFO: v2_osm_kumpula_campus_offset_n_1000m_1000m_0346 OK 
[2026-07-23 17:53:56,789] INFO: v2_osm_lapland_rural_sparse_offset_e_1500m_1500m_0347 OK 
[2026-07-23 17:53:56,789] INFO: v2_osm_london_industrial_corridor_offset_s_2500m_200m_0348 OK 
[2026-07-23 17:53:56,789] INFO: v2_osm_manhattan_midtown_offset_w_5000m_500m_0349 OK 
[2026-07-23 17:53:56,789] INFO: v2_osm_mit_campus_reality_exact_500m_0m_0350 OK 
[2026-07-23 17:53:56,791] INFO: v2_osm_nuuksio_sparse_trails_offset_n_1000m_1500m_0351 FAIL_BUILD_OSM osm_process: Graph contains no edges.
[2026-07-23 17:53:56,791] INFO: v2_osm_rio_centro_buses_offset_e_1500m_200m_0352 OK 
[2026-07-23 17:53:56,791] INFO: v2_osm_roma_centro_offset_s_2500m_500m_0353 OK 
[2026-07-23 17:53:56,791] INFO: v2_osm_sf_cabspotting_downtown_offset_w_5000m_1000m_0354 OK 
[2026-07-23 17:53:56,791] INFO: v2_osm_sf_mission_corridor_exact_500m_0m_0355 OK 
[2026-07-23 17:53:56,799] INFO: v2_osm_tampere_suburban_offset_n_1000m_200m_0356 FAIL_BUILD_OSM too few segments (10 < 20)
[2026-07-23 17:53:56,800] INFO: v2_osm_cambridge_haggle_offset_e_1500m_500m_0357 OK 
[2026-07-23 17:53:56,800] INFO: v2_osm_dieselnet_amherst_offset_s_2500m_1000m_0358 OK 
[2026-07-23 17:53:56,800] INFO: v2_osm_helsinki_archipelago_offset_w_5000m_1500m_0359 OK 
[2026-07-23 17:53:56,800] INFO: v2_osm_helsinki_disrupted_exact_500m_0m_0360 OK 
[2026-07-23 17:53:56,800] INFO: v2_osm_helsinki_downtown_offset_n_1000m_500m_0361 OK 
[2026-07-23 17:53:56,800] INFO: v2_osm_kallio_community_offset_e_1500m_1000m_0362 OK 
[2026-07-23 17:53:56,801] INFO: v2_osm_kumpula_campus_offset_s_2500m_1500m_0363 OK 
[2026-07-23 17:53:56,801] INFO: v2_osm_lapland_rural_sparse_offset_w_5000m_200m_0364 OK 
[2026-07-23 17:53:56,801] INFO: v2_osm_london_industrial_corridor_exact_500m_0m_0365 OK 
[2026-07-23 17:53:56,801] INFO: v2_osm_manhattan_midtown_offset_n_1000m_1000m_0366 OK 
[2026-07-23 17:53:56,801] INFO: v2_osm_mit_campus_reality_offset_e_1500m_1500m_0367 OK 
[2026-07-23 17:53:56,801] INFO: v2_osm_nuuksio_sparse_trails_offset_s_2500m_200m_0368 OK 
[2026-07-23 17:53:56,802] INFO: v2_osm_rio_centro_buses_offset_w_5000m_500m_0369 OK 
[2026-07-23 17:53:56,802] INFO: v2_osm_roma_centro_exact_500m_0m_0370 OK 
[2026-07-23 17:53:56,802] INFO: v2_osm_sf_cabspotting_downtown_offset_n_1000m_1500m_0371 OK 
[2026-07-23 17:53:56,802] INFO: v2_osm_sf_mission_corridor_offset_e_1500m_200m_0372 OK 
[2026-07-23 17:53:56,802] INFO: v2_osm_tampere_suburban_offset_s_2500m_500m_0373 OK 
[2026-07-23 17:53:56,802] INFO: v2_osm_cambridge_haggle_offset_w_5000m_1000m_0374 OK 
[2026-07-23 17:53:56,802] INFO: v2_osm_dieselnet_amherst_exact_500m_0m_0375 OK 
[2026-07-23 17:53:56,803] INFO: v2_osm_helsinki_archipelago_offset_n_1000m_200m_0376 OK 
[2026-07-23 17:53:56,803] INFO: v2_osm_helsinki_disrupted_offset_e_1500m_500m_0377 OK 
[2026-07-23 17:53:56,803] INFO: v2_osm_helsinki_downtown_offset_s_2500m_1000m_0378 OK 
[2026-07-23 17:53:56,803] INFO: v2_osm_kallio_community_offset_w_5000m_1500m_0379 OK 
[2026-07-23 17:53:56,803] INFO: v2_osm_kumpula_campus_exact_500m_0m_0380 OK 
[2026-07-23 17:53:56,803] INFO: v2_osm_lapland_rural_sparse_offset_n_1000m_500m_0381 OK 
[2026-07-23 17:53:56,804] INFO: v2_osm_london_industrial_corridor_offset_e_1500m_1000m_0382 OK 
[2026-07-23 17:53:56,804] INFO: v2_osm_manhattan_midtown_offset_s_2500m_1500m_0383 OK 
[2026-07-23 17:53:56,804] INFO: v2_osm_mit_campus_reality_offset_w_5000m_200m_0384 OK 
[2026-07-23 17:53:56,811] INFO: v2_osm_nuuksio_sparse_trails_exact_500m_0m_0385 FAIL_BUILD_OSM too few segments (8 < 20)
[2026-07-23 17:53:56,812] INFO: v2_osm_rio_centro_buses_offset_n_1000m_1000m_0386 OK 
[2026-07-23 17:53:56,812] INFO: v2_osm_roma_centro_offset_e_1500m_1500m_0387 OK 
[2026-07-23 17:53:56,812] INFO: v2_osm_sf_cabspotting_downtown_offset_s_2500m_200m_0388 OK 
[2026-07-23 17:53:56,812] INFO: v2_osm_sf_mission_corridor_offset_w_5000m_500m_0389 OK 
[2026-07-23 17:53:56,814] INFO: v2_osm_tampere_suburban_exact_500m_0m_0390 FAIL_BUILD_OSM osm_process: Graph contains no edges.
[2026-07-23 17:53:56,814] INFO: v2_osm_cambridge_haggle_offset_n_1000m_1500m_0391 OK 
[2026-07-23 17:53:56,814] INFO: v2_osm_dieselnet_amherst_offset_e_1500m_200m_0392 OK 
[2026-07-23 17:53:56,814] INFO: v2_osm_helsinki_archipelago_offset_s_2500m_500m_0393 OK 
[2026-07-23 17:53:56,814] INFO: v2_osm_helsinki_disrupted_offset_w_5000m_1000m_0394 OK 
[2026-07-23 17:53:56,814] INFO: v2_osm_helsinki_downtown_exact_500m_0m_0395 OK 
[2026-07-23 17:53:56,815] INFO: v2_osm_kallio_community_offset_n_1000m_200m_0396 OK 
[2026-07-23 17:53:56,815] INFO: v2_osm_kumpula_campus_offset_e_1500m_500m_0397 OK 
[2026-07-23 17:53:56,815] INFO: v2_osm_lapland_rural_sparse_offset_s_2500m_1000m_0398 OK 
[2026-07-23 17:53:56,815] INFO: v2_osm_london_industrial_corridor_offset_w_5000m_1500m_0399 OK 
[2026-07-23 17:53:56,824] INFO: v2_osm_manhattan_midtown_exact_500m_0m_0400 FAIL_BUILD_OSM too few segments (14 < 20)
[2026-07-23 17:53:56,824] INFO: v2_osm_mit_campus_reality_offset_n_1000m_500m_0401 OK 
[2026-07-23 17:53:56,824] INFO: v2_osm_nuuksio_sparse_trails_offset_e_1500m_1000m_0402 OK 
[2026-07-23 17:53:56,824] INFO: v2_osm_rio_centro_buses_offset_s_2500m_1500m_0403 OK 
[2026-07-23 17:53:56,824] INFO: v2_osm_roma_centro_offset_w_5000m_200m_0404 OK 
[2026-07-23 17:53:56,825] INFO: v2_osm_sf_cabspotting_downtown_exact_500m_0m_0405 OK 
[2026-07-23 17:53:56,825] INFO: v2_osm_sf_mission_corridor_offset_n_1000m_1000m_0406 OK 
[2026-07-23 17:53:56,825] INFO: v2_osm_tampere_suburban_offset_e_1500m_1500m_0407 OK 
[2026-07-23 17:53:56,825] INFO: v2_osm_cambridge_haggle_offset_s_2500m_200m_0408 OK 
[2026-07-23 17:53:56,825] INFO: v2_osm_dieselnet_amherst_offset_w_5000m_500m_0409 OK 
[2026-07-23 17:53:56,825] INFO: v2_osm_helsinki_archipelago_exact_500m_0m_0410 OK 
[2026-07-23 17:53:56,826] INFO: v2_osm_helsinki_disrupted_offset_n_1000m_1500m_0411 OK 
[2026-07-23 17:53:56,826] INFO: v2_osm_helsinki_downtown_offset_e_1500m_200m_0412 OK 
[2026-07-23 17:53:56,826] INFO: v2_osm_kallio_community_offset_s_2500m_500m_0413 OK 
[2026-07-23 17:53:56,826] INFO: v2_osm_kumpula_campus_offset_w_5000m_1000m_0414 OK 
[2026-07-23 17:53:56,827] INFO: v2_osm_lapland_rural_sparse_exact_500m_0m_0415 OK 
[2026-07-23 17:53:56,827] INFO: v2_osm_london_industrial_corridor_offset_n_1000m_200m_0416 OK 
[2026-07-23 17:53:56,827] INFO: v2_osm_manhattan_midtown_offset_e_1500m_500m_0417 OK 
[2026-07-23 17:53:56,827] INFO: v2_osm_mit_campus_reality_offset_s_2500m_1000m_0418 OK 
[2026-07-23 17:53:56,828] INFO: v2_osm_nuuksio_sparse_trails_offset_w_5000m_1500m_0419 OK 
[2026-07-23 17:53:56,828] INFO: v2_osm_rio_centro_buses_exact_500m_0m_0420 OK 
[2026-07-23 17:53:56,830] INFO: v2_osm_roma_centro_offset_n_1000m_500m_0421 OK 
[2026-07-23 17:53:56,830] INFO: v2_osm_sf_cabspotting_downtown_offset_e_1500m_1000m_0422 OK 
[2026-07-23 17:53:56,830] INFO: v2_osm_sf_mission_corridor_offset_s_2500m_1500m_0423 OK 
[2026-07-23 17:53:56,830] INFO: v2_osm_tampere_suburban_offset_w_5000m_200m_0424 OK 
[2026-07-23 17:53:56,830] INFO: v2_osm_cambridge_haggle_exact_500m_0m_0425 OK 
[2026-07-23 17:53:56,830] INFO: v2_osm_dieselnet_amherst_offset_n_1000m_1000m_0426 OK 
[2026-07-23 17:53:56,830] INFO: v2_osm_helsinki_archipelago_offset_e_1500m_1500m_0427 OK 
[2026-07-23 17:53:56,831] INFO: v2_osm_helsinki_disrupted_offset_s_2500m_200m_0428 OK 
[2026-07-23 17:53:56,831] INFO: v2_osm_helsinki_downtown_offset_w_5000m_500m_0429 OK 
[2026-07-23 17:53:56,831] INFO: v2_osm_kallio_community_exact_500m_0m_0430 OK 
[2026-07-23 17:53:56,831] INFO: v2_osm_kumpula_campus_offset_n_1000m_1500m_0431 OK 
[2026-07-23 17:53:56,831] INFO: v2_osm_lapland_rural_sparse_offset_e_1500m_200m_0432 OK 
[2026-07-23 17:53:56,831] INFO: v2_osm_london_industrial_corridor_offset_s_2500m_500m_0433 OK 
[2026-07-23 17:53:56,832] INFO: v2_osm_manhattan_midtown_offset_w_5000m_1000m_0434 OK 
[2026-07-23 17:53:56,832] INFO: v2_osm_mit_campus_reality_exact_500m_0m_0435 OK 
[2026-07-23 17:53:56,832] INFO: v2_osm_nuuksio_sparse_trails_offset_n_1000m_200m_0436 OK 
[2026-07-23 17:53:56,832] INFO: v2_osm_rio_centro_buses_offset_e_1500m_500m_0437 OK 
[2026-07-23 17:53:56,832] INFO: v2_osm_roma_centro_offset_s_2500m_1000m_0438 OK 
[2026-07-23 17:53:56,832] INFO: v2_osm_sf_cabspotting_downtown_offset_w_5000m_1500m_0439 OK 
[2026-07-23 17:53:56,832] INFO: v2_osm_sf_mission_corridor_exact_500m_0m_0440 OK 
[2026-07-23 17:53:56,841] INFO: v2_osm_tampere_suburban_offset_n_1000m_500m_0441 FAIL_BUILD_OSM too few segments (2 < 20)
[2026-07-23 17:53:56,841] INFO: v2_osm_cambridge_haggle_offset_e_1500m_1000m_0442 OK 
[2026-07-23 17:53:56,841] INFO: v2_osm_dieselnet_amherst_offset_s_2500m_1500m_0443 OK 
[2026-07-23 17:53:56,841] INFO: v2_osm_helsinki_archipelago_offset_w_5000m_200m_0444 OK 
[2026-07-23 17:53:56,841] INFO: v2_osm_helsinki_disrupted_exact_500m_0m_0445 OK 
[2026-07-23 17:53:56,842] INFO: v2_osm_helsinki_downtown_offset_n_1000m_1000m_0446 OK 
[2026-07-23 17:53:56,842] INFO: v2_osm_kallio_community_offset_e_1500m_1500m_0447 OK 
[2026-07-23 17:53:56,842] INFO: v2_osm_kumpula_campus_offset_s_2500m_200m_0448 OK 
[2026-07-23 17:53:56,842] INFO: v2_osm_lapland_rural_sparse_offset_w_5000m_500m_0449 OK 
[2026-07-23 17:53:56,842] INFO: v2_osm_london_industrial_corridor_exact_500m_0m_0450 OK 
[2026-07-23 17:53:56,842] INFO: v2_osm_manhattan_midtown_offset_n_1000m_1500m_0451 OK 
[2026-07-23 17:53:56,842] INFO: v2_osm_mit_campus_reality_offset_e_1500m_200m_0452 OK 
[2026-07-23 17:53:56,843] INFO: v2_osm_nuuksio_sparse_trails_offset_s_2500m_500m_0453 OK 
[2026-07-23 17:53:56,843] INFO: v2_osm_rio_centro_buses_offset_w_5000m_1000m_0454 OK 
[2026-07-23 17:53:56,843] INFO: v2_osm_roma_centro_exact_500m_0m_0455 OK 
[2026-07-23 17:53:56,843] INFO: v2_osm_sf_cabspotting_downtown_offset_n_1000m_200m_0456 OK 
[2026-07-23 17:53:56,843] INFO: v2_osm_sf_mission_corridor_offset_e_1500m_500m_0457 OK 
[2026-07-23 17:53:56,843] INFO: v2_osm_tampere_suburban_offset_s_2500m_1000m_0458 OK 
[2026-07-23 17:53:56,843] INFO: v2_osm_cambridge_haggle_offset_w_5000m_1500m_0459 OK 
[2026-07-23 17:53:56,844] INFO: v2_osm_dieselnet_amherst_exact_500m_0m_0460 OK 
[2026-07-23 17:53:56,844] INFO: v2_osm_helsinki_archipelago_offset_n_1000m_500m_0461 OK 
[2026-07-23 17:53:56,844] INFO: v2_osm_helsinki_disrupted_offset_e_1500m_1000m_0462 OK 
[2026-07-23 17:53:56,844] INFO: v2_osm_helsinki_downtown_offset_s_2500m_1500m_0463 OK 
[2026-07-23 17:53:56,844] INFO: v2_osm_kallio_community_offset_w_5000m_200m_0464 OK 
[2026-07-23 17:53:56,844] INFO: v2_osm_kumpula_campus_exact_500m_0m_0465 OK 
[2026-07-23 17:53:56,845] INFO: v2_osm_lapland_rural_sparse_offset_n_1000m_1000m_0466 OK 
[2026-07-23 17:53:56,845] INFO: v2_osm_london_industrial_corridor_offset_e_1500m_1500m_0467 OK 
[2026-07-23 17:53:56,845] INFO: v2_osm_manhattan_midtown_offset_s_2500m_200m_0468 OK 
[2026-07-23 17:53:56,845] INFO: v2_osm_mit_campus_reality_offset_w_5000m_500m_0469 OK 
[2026-07-23 17:53:56,852] INFO: v2_osm_nuuksio_sparse_trails_exact_500m_0m_0470 FAIL_BUILD_OSM too few segments (8 < 20)
[2026-07-23 17:53:56,853] INFO: v2_osm_rio_centro_buses_offset_n_1000m_1500m_0471 OK 
[2026-07-23 17:53:56,853] INFO: v2_osm_roma_centro_offset_e_1500m_200m_0472 OK 
[2026-07-23 17:53:56,853] INFO: v2_osm_sf_cabspotting_downtown_offset_s_2500m_500m_0473 OK 
[2026-07-23 17:53:56,853] INFO: v2_osm_sf_mission_corridor_offset_w_5000m_1000m_0474 OK 
[2026-07-23 17:53:56,855] INFO: v2_osm_tampere_suburban_exact_500m_0m_0475 FAIL_BUILD_OSM osm_process: Graph contains no edges.
[2026-07-23 17:53:56,855] INFO: v2_osm_cambridge_haggle_offset_n_1000m_200m_0476 OK 
[2026-07-23 17:53:56,855] INFO: v2_osm_dieselnet_amherst_offset_e_1500m_500m_0477 OK 
[2026-07-23 17:53:56,855] INFO: v2_osm_helsinki_archipelago_offset_s_2500m_1000m_0478 OK 
[2026-07-23 17:53:56,855] INFO: v2_osm_helsinki_disrupted_offset_w_5000m_1500m_0479 OK 
[2026-07-23 17:53:56,856] INFO: v2_osm_helsinki_downtown_exact_500m_0m_0480 OK 
[2026-07-23 17:53:56,856] INFO: v2_osm_kallio_community_offset_n_1000m_500m_0481 OK 
[2026-07-23 17:53:56,856] INFO: v2_osm_kumpula_campus_offset_e_1500m_1000m_0482 OK 
[2026-07-23 17:53:56,856] INFO: v2_osm_lapland_rural_sparse_offset_s_2500m_1500m_0483 OK 
[2026-07-23 17:53:56,856] INFO: v2_osm_london_industrial_corridor_offset_w_5000m_200m_0484 OK 
[2026-07-23 17:53:56,865] INFO: v2_osm_manhattan_midtown_exact_500m_0m_0485 FAIL_BUILD_OSM too few segments (14 < 20)
[2026-07-23 17:53:56,865] INFO: v2_osm_mit_campus_reality_offset_n_1000m_1000m_0486 OK 
[2026-07-23 17:53:56,865] INFO: v2_osm_nuuksio_sparse_trails_offset_e_1500m_1500m_0487 OK 
[2026-07-23 17:53:56,865] INFO: v2_osm_rio_centro_buses_offset_s_2500m_200m_0488 OK 
[2026-07-23 17:53:56,865] INFO: v2_osm_roma_centro_offset_w_5000m_500m_0489 OK 
[2026-07-23 17:53:56,866] INFO: v2_osm_sf_cabspotting_downtown_exact_500m_0m_0490 OK 
[2026-07-23 17:53:56,866] INFO: v2_osm_sf_mission_corridor_offset_n_1000m_1500m_0491 OK 
[2026-07-23 17:53:56,866] INFO: v2_osm_tampere_suburban_offset_e_1500m_200m_0492 OK 
[2026-07-23 17:53:56,866] INFO: v2_osm_cambridge_haggle_offset_s_2500m_500m_0493 OK 
[2026-07-23 17:53:56,866] INFO: v2_osm_dieselnet_amherst_offset_w_5000m_1000m_0494 OK 
[2026-07-23 17:53:56,866] INFO: v2_osm_helsinki_archipelago_exact_500m_0m_0495 OK 
[2026-07-23 17:53:56,866] INFO: v2_osm_helsinki_disrupted_offset_n_1000m_200m_0496 OK 
[2026-07-23 17:53:56,867] INFO: v2_osm_helsinki_downtown_offset_e_1500m_500m_0497 OK 
[2026-07-23 17:53:56,867] INFO: v2_osm_kallio_community_offset_s_2500m_1000m_0498 OK 
[2026-07-23 17:53:56,867] INFO: v2_osm_kumpula_campus_offset_w_5000m_1500m_0499 OK 
[2026-07-23 17:53:56,867] INFO: v2_osm_lapland_rural_sparse_exact_500m_0m_0500 OK 
[2026-07-23 17:53:56,867] INFO: v2_osm_london_industrial_corridor_offset_n_1000m_500m_0501 OK 
[2026-07-23 17:53:56,867] INFO: v2_osm_manhattan_midtown_offset_e_1500m_1000m_0502 OK 
[2026-07-23 17:53:56,868] INFO: v2_osm_mit_campus_reality_offset_s_2500m_1500m_0503 OK 
[2026-07-23 17:53:56,868] INFO: v2_osm_nuuksio_sparse_trails_offset_w_5000m_200m_0504 OK 
[2026-07-23 17:53:56,868] INFO: v2_osm_rio_centro_buses_exact_500m_0m_0505 OK 
[2026-07-23 17:53:56,868] INFO: v2_osm_roma_centro_offset_n_1000m_1000m_0506 OK 
[2026-07-23 17:53:56,868] INFO: v2_osm_sf_cabspotting_downtown_offset_e_1500m_1500m_0507 OK 
[2026-07-23 17:53:56,868] INFO: v2_osm_sf_mission_corridor_offset_s_2500m_200m_0508 OK 
[2026-07-23 17:53:56,868] INFO: v2_osm_tampere_suburban_offset_w_5000m_500m_0509 OK 
[2026-07-23 17:53:56,869] INFO: v2_osm_cambridge_haggle_exact_500m_0m_0510 OK 
[2026-07-23 17:53:56,869] INFO: v2_osm_dieselnet_amherst_offset_n_1000m_1500m_0511 OK 
[2026-07-23 17:53:56,869] INFO: v2_osm_helsinki_archipelago_offset_e_1500m_200m_0512 OK 
[2026-07-23 17:53:56,869] INFO: v2_osm_helsinki_disrupted_offset_s_2500m_500m_0513 OK 
[2026-07-23 17:53:56,869] INFO: v2_osm_helsinki_downtown_offset_w_5000m_1000m_0514 OK 
[2026-07-23 17:53:56,869] INFO: v2_osm_kallio_community_exact_500m_0m_0515 OK 
[2026-07-23 17:53:56,869] INFO: v2_osm_kumpula_campus_offset_n_1000m_200m_0516 OK 
[2026-07-23 17:53:56,870] INFO: v2_osm_lapland_rural_sparse_offset_e_1500m_500m_0517 OK 
[2026-07-23 17:53:56,870] INFO: v2_osm_london_industrial_corridor_offset_s_2500m_1000m_0518 OK 
[2026-07-23 17:53:56,870] INFO: v2_osm_manhattan_midtown_offset_w_5000m_1500m_0519 OK 
[2026-07-23 17:53:56,870] INFO: v2_osm_mit_campus_reality_exact_500m_0m_0520 OK 
[2026-07-23 17:53:56,879] INFO: v2_osm_nuuksio_sparse_trails_offset_n_1000m_500m_0521 FAIL_BUILD_OSM too few segments (14 < 20)
[2026-07-23 17:53:56,879] INFO: v2_osm_rio_centro_buses_offset_e_1500m_1000m_0522 OK 
[2026-07-23 17:53:56,879] INFO: v2_osm_roma_centro_offset_s_2500m_1500m_0523 OK 
[2026-07-23 17:53:56,879] INFO: v2_osm_sf_cabspotting_downtown_offset_w_5000m_200m_0524 OK 
[2026-07-23 17:53:56,880] INFO: v2_osm_sf_mission_corridor_exact_500m_0m_0525 OK 
[2026-07-23 17:53:56,886] INFO: v2_osm_tampere_suburban_offset_n_1000m_1000m_0526 FAIL_BUILD_OSM too few segments (2 < 20)
[2026-07-23 17:53:56,887] INFO: v2_osm_cambridge_haggle_offset_e_1500m_1500m_0527 OK 
[2026-07-23 17:53:56,887] INFO: v2_osm_dieselnet_amherst_offset_s_2500m_200m_0528 OK 
[2026-07-23 17:53:56,887] INFO: v2_osm_helsinki_archipelago_offset_w_5000m_500m_0529 OK 
[2026-07-23 17:53:56,887] INFO: v2_osm_helsinki_disrupted_exact_500m_0m_0530 OK 
[2026-07-23 17:53:56,887] INFO: v2_osm_helsinki_downtown_offset_n_1000m_1500m_0531 OK 
[2026-07-23 17:53:56,887] INFO: v2_osm_kallio_community_offset_e_1500m_200m_0532 OK 
[2026-07-23 17:53:56,888] INFO: v2_osm_kumpula_campus_offset_s_2500m_500m_0533 OK 
[2026-07-23 17:53:56,888] INFO: v2_osm_lapland_rural_sparse_offset_w_5000m_1000m_0534 OK 
[2026-07-23 17:53:56,888] INFO: v2_osm_london_industrial_corridor_exact_500m_0m_0535 OK 
[2026-07-23 17:53:56,888] INFO: v2_osm_manhattan_midtown_offset_n_1000m_200m_0536 OK 
[2026-07-23 17:53:56,888] INFO: v2_osm_mit_campus_reality_offset_e_1500m_500m_0537 OK 
[2026-07-23 17:53:56,888] INFO: v2_osm_nuuksio_sparse_trails_offset_s_2500m_1000m_0538 OK 
[2026-07-23 17:53:56,888] INFO: v2_osm_rio_centro_buses_offset_w_5000m_1500m_0539 OK 
[2026-07-23 17:53:56,889] INFO: v2_osm_roma_centro_exact_500m_0m_0540 OK 
[2026-07-23 17:53:56,889] INFO: v2_osm_sf_cabspotting_downtown_offset_n_1000m_500m_0541 OK 
[2026-07-23 17:53:56,889] INFO: v2_osm_sf_mission_corridor_offset_e_1500m_1000m_0542 OK 
[2026-07-23 17:53:56,889] INFO: v2_osm_tampere_suburban_offset_s_2500m_1500m_0543 OK 
[2026-07-23 17:53:56,889] INFO: v2_osm_cambridge_haggle_offset_w_5000m_200m_0544 OK 
[2026-07-23 17:53:56,889] INFO: v2_osm_dieselnet_amherst_exact_500m_0m_0545 OK 
[2026-07-23 17:53:56,889] INFO: v2_osm_helsinki_archipelago_offset_n_1000m_1000m_0546 OK 
[2026-07-23 17:53:56,890] INFO: v2_osm_helsinki_disrupted_offset_e_1500m_1500m_0547 OK 
[2026-07-23 17:53:56,890] INFO: v2_osm_helsinki_downtown_offset_s_2500m_200m_0548 OK 
[2026-07-23 17:53:56,890] INFO: v2_osm_kallio_community_offset_w_5000m_500m_0549 OK 
[2026-07-23 17:53:56,890] INFO: v2_osm_kumpula_campus_exact_500m_0m_0550 OK 
[2026-07-23 17:53:56,897] INFO: v2_osm_lapland_rural_sparse_offset_n_1000m_1500m_0551 FAIL_BUILD_OSM too few segments (2 < 20)
[2026-07-23 17:53:56,897] INFO: v2_osm_london_industrial_corridor_offset_e_1500m_200m_0552 OK 
[2026-07-23 17:53:56,897] INFO: v2_osm_manhattan_midtown_offset_s_2500m_500m_0553 OK 
[2026-07-23 17:53:56,898] INFO: v2_osm_mit_campus_reality_offset_w_5000m_1000m_0554 OK 
[2026-07-23 17:53:56,905] INFO: v2_osm_nuuksio_sparse_trails_exact_500m_0m_0555 FAIL_BUILD_OSM too few segments (8 < 20)
[2026-07-23 17:53:56,905] INFO: v2_osm_rio_centro_buses_offset_n_1000m_200m_0556 OK 
[2026-07-23 17:53:56,905] INFO: v2_osm_roma_centro_offset_e_1500m_500m_0557 OK 
[2026-07-23 17:53:56,905] INFO: v2_osm_sf_cabspotting_downtown_offset_s_2500m_1000m_0558 OK 
[2026-07-23 17:53:56,906] INFO: v2_osm_sf_mission_corridor_offset_w_5000m_1500m_0559 OK 
[2026-07-23 17:53:56,907] INFO: v2_osm_tampere_suburban_exact_500m_0m_0560 FAIL_BUILD_OSM osm_process: Graph contains no edges.
[2026-07-23 17:53:56,907] INFO: v2_osm_cambridge_haggle_offset_n_1000m_500m_0561 OK 
[2026-07-23 17:53:56,908] INFO: v2_osm_dieselnet_amherst_offset_e_1500m_1000m_0562 OK 
[2026-07-23 17:53:56,908] INFO: v2_osm_helsinki_archipelago_offset_s_2500m_1500m_0563 OK 
[2026-07-23 17:53:56,908] INFO: v2_osm_helsinki_disrupted_offset_w_5000m_200m_0564 OK 
[2026-07-23 17:53:56,908] INFO: v2_osm_helsinki_downtown_exact_500m_0m_0565 OK 
[2026-07-23 17:53:56,908] INFO: v2_osm_kallio_community_offset_n_1000m_1000m_0566 OK 
[2026-07-23 17:53:56,908] INFO: v2_osm_kumpula_campus_offset_e_1500m_1500m_0567 OK 
[2026-07-23 17:53:56,909] INFO: v2_osm_lapland_rural_sparse_offset_s_2500m_200m_0568 OK 
[2026-07-23 17:53:56,909] INFO: v2_osm_london_industrial_corridor_offset_w_5000m_500m_0569 OK 
[2026-07-23 17:53:56,917] INFO: v2_osm_manhattan_midtown_exact_500m_0m_0570 FAIL_BUILD_OSM too few segments (14 < 20)
[2026-07-23 17:53:56,917] INFO: v2_osm_mit_campus_reality_offset_n_1000m_1500m_0571 OK 
[2026-07-23 17:53:56,918] INFO: v2_osm_nuuksio_sparse_trails_offset_e_1500m_200m_0572 OK 
[2026-07-23 17:53:56,918] INFO: v2_osm_rio_centro_buses_offset_s_2500m_500m_0573 OK 
[2026-07-23 17:53:56,918] INFO: v2_osm_roma_centro_offset_w_5000m_1000m_0574 OK 
[2026-07-23 17:53:56,918] INFO: v2_osm_sf_cabspotting_downtown_exact_500m_0m_0575 OK 
[2026-07-23 17:53:56,918] INFO: v2_osm_sf_mission_corridor_offset_n_1000m_200m_0576 OK 
[2026-07-23 17:53:56,918] INFO: v2_osm_tampere_suburban_offset_e_1500m_500m_0577 OK 
[2026-07-23 17:53:56,919] INFO: v2_osm_cambridge_haggle_offset_s_2500m_1000m_0578 OK 
[2026-07-23 17:53:56,919] INFO: v2_osm_dieselnet_amherst_offset_w_5000m_1500m_0579 OK 
[2026-07-23 17:53:56,919] INFO: v2_osm_helsinki_archipelago_exact_500m_0m_0580 OK 
[2026-07-23 17:53:56,919] INFO: v2_osm_helsinki_disrupted_offset_n_1000m_500m_0581 OK 
[2026-07-23 17:53:56,919] INFO: v2_osm_helsinki_downtown_offset_e_1500m_1000m_0582 OK 
[2026-07-23 17:53:56,919] INFO: v2_osm_kallio_community_offset_s_2500m_1500m_0583 OK 
[2026-07-23 17:53:56,919] INFO: v2_osm_kumpula_campus_offset_w_5000m_200m_0584 OK 
[2026-07-23 17:53:56,920] INFO: v2_osm_lapland_rural_sparse_exact_500m_0m_0585 OK 
[2026-07-23 17:53:56,920] INFO: v2_osm_london_industrial_corridor_offset_n_1000m_1000m_0586 OK 
[2026-07-23 17:53:56,920] INFO: v2_osm_manhattan_midtown_offset_e_1500m_1500m_0587 OK 
[2026-07-23 17:53:56,920] INFO: v2_osm_mit_campus_reality_offset_s_2500m_200m_0588 OK 
[2026-07-23 17:53:56,920] INFO: v2_osm_nuuksio_sparse_trails_offset_w_5000m_500m_0589 OK 
[2026-07-23 17:53:56,920] INFO: v2_osm_rio_centro_buses_exact_500m_0m_0590 OK 
[2026-07-23 17:53:56,921] INFO: v2_osm_roma_centro_offset_n_1000m_1500m_0591 OK 
[2026-07-23 17:53:56,921] INFO: v2_osm_sf_cabspotting_downtown_offset_e_1500m_200m_0592 OK 
[2026-07-23 17:53:56,921] INFO: v2_osm_sf_mission_corridor_offset_s_2500m_500m_0593 OK 
[2026-07-23 17:53:56,921] INFO: v2_osm_tampere_suburban_offset_w_5000m_1000m_0594 OK 
[2026-07-23 17:53:56,921] INFO: v2_osm_cambridge_haggle_exact_500m_0m_0595 OK 
[2026-07-23 17:53:56,921] INFO: v2_osm_dieselnet_amherst_offset_n_1000m_200m_0596 OK 
[2026-07-23 17:53:56,921] INFO: v2_osm_helsinki_archipelago_offset_e_1500m_500m_0597 OK 
[2026-07-23 17:53:56,922] INFO: v2_osm_helsinki_disrupted_offset_s_2500m_1000m_0598 OK 
[2026-07-23 17:53:56,922] INFO: v2_osm_helsinki_downtown_offset_w_5000m_1500m_0599 OK 
[2026-07-23 17:53:56,922] INFO: v2_osm_kallio_community_exact_500m_0m_0600 OK 
[2026-07-23 17:53:56,922] INFO: v2_osm_kumpula_campus_offset_n_1000m_500m_0601 OK 
[2026-07-23 17:53:56,922] INFO: v2_osm_lapland_rural_sparse_offset_e_1500m_1000m_0602 OK 
[2026-07-23 17:53:56,922] INFO: v2_osm_london_industrial_corridor_offset_s_2500m_1500m_0603 OK 
[2026-07-23 17:53:56,922] INFO: v2_osm_manhattan_midtown_offset_w_5000m_200m_0604 OK 
[2026-07-23 17:53:56,923] INFO: v2_osm_mit_campus_reality_exact_500m_0m_0605 OK 
[2026-07-23 17:53:56,930] INFO: v2_osm_nuuksio_sparse_trails_offset_n_1000m_1000m_0606 FAIL_BUILD_OSM too few segments (2 < 20)
[2026-07-23 17:53:56,930] INFO: v2_osm_rio_centro_buses_offset_e_1500m_1500m_0607 OK 
[2026-07-23 17:53:56,930] INFO: v2_osm_roma_centro_offset_s_2500m_200m_0608 OK 
[2026-07-23 17:53:56,930] INFO: v2_osm_sf_cabspotting_downtown_offset_w_5000m_500m_0609 OK 
[2026-07-23 17:53:56,930] INFO: v2_osm_sf_mission_corridor_exact_500m_0m_0610 OK 
[2026-07-23 17:53:56,930] INFO: v2_osm_tampere_suburban_offset_n_1000m_1500m_0611 OK 
[2026-07-23 17:53:56,931] INFO: v2_osm_cambridge_haggle_offset_e_1500m_200m_0612 OK 
[2026-07-23 17:53:56,931] INFO: v2_osm_dieselnet_amherst_offset_s_2500m_500m_0613 OK 
[2026-07-23 17:53:56,931] INFO: v2_osm_helsinki_archipelago_offset_w_5000m_1000m_0614 OK 
[2026-07-23 17:53:56,931] INFO: v2_osm_helsinki_disrupted_exact_500m_0m_0615 OK 
[2026-07-23 17:53:56,931] INFO: v2_osm_helsinki_downtown_offset_n_1000m_200m_0616 OK 
[2026-07-23 17:53:56,931] INFO: v2_osm_kallio_community_offset_e_1500m_500m_0617 OK 
[2026-07-23 17:53:56,931] INFO: v2_osm_kumpula_campus_offset_s_2500m_1000m_0618 OK 
[2026-07-23 17:53:56,932] INFO: v2_osm_lapland_rural_sparse_offset_w_5000m_1500m_0619 OK 
[2026-07-23 17:53:56,932] INFO: v2_osm_london_industrial_corridor_exact_500m_0m_0620 OK 
[2026-07-23 17:53:56,932] INFO: v2_osm_manhattan_midtown_offset_n_1000m_500m_0621 OK 
[2026-07-23 17:54:10,357] INFO: v2_osm_mit_campus_reality_offset_e_1500m_1000m_0622 OK 
[2026-07-23 17:54:19,333] INFO: v2_osm_nuuksio_sparse_trails_offset_s_2500m_1500m_0623 OK 
[2026-07-23 17:54:31,227] INFO: v2_osm_rio_centro_buses_offset_w_5000m_200m_0624 OK 
[2026-07-23 17:54:39,934] INFO: v2_osm_roma_centro_exact_500m_0m_0625 OK 
[2026-07-23 17:54:48,626] INFO: v2_osm_sf_cabspotting_downtown_offset_n_1000m_1000m_0626 OK 
[2026-07-23 17:54:57,428] INFO: v2_osm_sf_mission_corridor_offset_e_1500m_1500m_0627 OK 
[2026-07-23 17:55:06,203] INFO: v2_osm_tampere_suburban_offset_s_2500m_200m_0628 OK 
[2026-07-23 17:55:38,742] INFO: v2_osm_cambridge_haggle_offset_w_5000m_500m_0629 OK 
[2026-07-23 17:55:46,998] INFO: v2_osm_dieselnet_amherst_exact_500m_0m_0630 OK 
[2026-07-23 17:56:03,806] INFO: v2_osm_helsinki_archipelago_offset_n_1000m_1500m_0631 OK 
[2026-07-23 17:56:17,406] INFO: v2_osm_helsinki_disrupted_offset_e_1500m_200m_0632 OK 
[2026-07-23 17:56:27,732] INFO: v2_osm_helsinki_downtown_offset_s_2500m_500m_0633 OK 
[2026-07-23 17:57:57,626] INFO: v2_osm_kallio_community_offset_w_5000m_1000m_0634 OK 
[2026-07-23 17:58:06,782] INFO: v2_osm_kumpula_campus_exact_500m_0m_0635 OK 
[2026-07-23 17:58:15,164] INFO: v2_osm_lapland_rural_sparse_offset_n_1000m_200m_0636 OK 
[2026-07-23 17:58:23,956] INFO: v2_osm_london_industrial_corridor_offset_e_1500m_500m_0637 OK 
[2026-07-23 17:58:42,458] INFO: v2_osm_manhattan_midtown_offset_s_2500m_1000m_0638 OK 
[2026-07-23 17:59:53,624] INFO: v2_osm_mit_campus_reality_offset_w_5000m_1500m_0639 OK 
[2026-07-23 18:00:01,828] INFO: v2_osm_nuuksio_sparse_trails_exact_500m_0m_0640 FAIL_BUILD_OSM too few segments (8 < 20)
[2026-07-23 18:00:10,241] INFO: v2_osm_rio_centro_buses_offset_n_1000m_500m_0641 OK 
[2026-07-23 18:00:18,979] INFO: v2_osm_roma_centro_offset_e_1500m_1000m_0642 OK 
[2026-07-23 18:00:28,936] INFO: v2_osm_sf_cabspotting_downtown_offset_s_2500m_1500m_0643 OK 
[2026-07-23 18:00:51,955] INFO: v2_osm_sf_mission_corridor_offset_w_5000m_200m_0644 OK 
[2026-07-23 18:01:00,119] INFO: v2_osm_tampere_suburban_exact_500m_0m_0645 FAIL_BUILD_OSM osm_process: Graph contains no edges.
[2026-07-23 18:01:10,474] INFO: v2_osm_cambridge_haggle_offset_n_1000m_1000m_0646 OK 
[2026-07-23 18:01:10,474] INFO: v2_osm_dieselnet_amherst_offset_e_1500m_1500m_0647 FAIL_DOWNLOAD_SKIPPED max OSM downloads reached or disabled
[2026-07-23 18:01:10,474] INFO: v2_osm_helsinki_archipelago_offset_s_2500m_200m_0648 FAIL_DOWNLOAD_SKIPPED max OSM downloads reached or disabled
[2026-07-23 18:01:10,474] INFO: v2_osm_helsinki_disrupted_offset_w_5000m_500m_0649 FAIL_DOWNLOAD_SKIPPED max OSM downloads reached or disabled
[2026-07-23 18:01:10,474] INFO: v2_osm_helsinki_downtown_exact_500m_0m_0650 FAIL_DOWNLOAD_SKIPPED max OSM downloads reached or disabled
[2026-07-23 18:01:10,475] INFO: v2_osm_kallio_community_offset_n_1000m_1500m_0651 FAIL_DOWNLOAD_SKIPPED max OSM downloads reached or disabled
[2026-07-23 18:01:10,475] INFO: v2_osm_kumpula_campus_offset_e_1500m_200m_0652 FAIL_DOWNLOAD_SKIPPED max OSM downloads reached or disabled
[2026-07-23 18:01:10,475] INFO: v2_osm_lapland_rural_sparse_offset_s_2500m_500m_0653 FAIL_DOWNLOAD_SKIPPED max OSM downloads reached or disabled
[2026-07-23 18:01:10,475] INFO: v2_osm_london_industrial_corridor_offset_w_5000m_1000m_0654 FAIL_DOWNLOAD_SKIPPED max OSM downloads reached or disabled
[2026-07-23 18:01:10,475] INFO: v2_osm_manhattan_midtown_exact_500m_0m_0655 FAIL_DOWNLOAD_SKIPPED max OSM downloads reached or disabled
[2026-07-23 18:01:10,475] INFO: v2_osm_mit_campus_reality_offset_n_1000m_200m_0656 FAIL_DOWNLOAD_SKIPPED max OSM downloads reached or disabled
[2026-07-23 18:01:10,475] INFO: v2_osm_nuuksio_sparse_trails_offset_e_1500m_500m_0657 FAIL_DOWNLOAD_SKIPPED max OSM downloads reached or disabled
[2026-07-23 18:01:10,475] INFO: v2_osm_rio_centro_buses_offset_s_2500m_1000m_0658 FAIL_DOWNLOAD_SKIPPED max OSM downloads reached or disabled
[2026-07-23 18:01:10,475] INFO: v2_osm_roma_centro_offset_w_5000m_1500m_0659 FAIL_DOWNLOAD_SKIPPED max OSM downloads reached or disabled
[2026-07-23 18:01:10,475] INFO: v2_osm_sf_cabspotting_downtown_exact_500m_0m_0660 FAIL_DOWNLOAD_SKIPPED max OSM downloads reached or disabled
[2026-07-23 18:01:10,475] INFO: v2_osm_sf_mission_corridor_offset_n_1000m_500m_0661 FAIL_DOWNLOAD_SKIPPED max OSM downloads reached or disabled
[2026-07-23 18:01:10,475] INFO: v2_osm_tampere_suburban_offset_e_1500m_1000m_0662 FAIL_DOWNLOAD_SKIPPED max OSM downloads reached or disabled
[2026-07-23 18:01:10,475] INFO: v2_osm_cambridge_haggle_offset_s_2500m_1500m_0663 FAIL_DOWNLOAD_SKIPPED max OSM downloads reached or disabled
[2026-07-23 18:01:10,475] INFO: v2_osm_dieselnet_amherst_offset_w_5000m_200m_0664 FAIL_DOWNLOAD_SKIPPED max OSM downloads reached or disabled
[2026-07-23 18:01:10,475] INFO: v2_osm_helsinki_archipelago_exact_500m_0m_0665 FAIL_DOWNLOAD_SKIPPED max OSM downloads reached or disabled
[2026-07-23 18:01:10,475] INFO: v2_osm_helsinki_disrupted_offset_n_1000m_1000m_0666 FAIL_DOWNLOAD_SKIPPED max OSM downloads reached or disabled
[2026-07-23 18:01:10,475] INFO: v2_osm_helsinki_downtown_offset_e_1500m_1500m_0667 FAIL_DOWNLOAD_SKIPPED max OSM downloads reached or disabled
[2026-07-23 18:01:10,475] INFO: v2_osm_kallio_community_offset_s_2500m_200m_0668 FAIL_DOWNLOAD_SKIPPED max OSM downloads reached or disabled
[2026-07-23 18:01:10,475] INFO: v2_osm_kumpula_campus_offset_w_5000m_500m_0669 FAIL_DOWNLOAD_SKIPPED max OSM downloads reached or disabled
[2026-07-23 18:01:10,475] INFO: v2_osm_lapland_rural_sparse_exact_500m_0m_0670 FAIL_DOWNLOAD_SKIPPED max OSM downloads reached or disabled
[2026-07-23 18:01:10,475] INFO: v2_osm_london_industrial_corridor_offset_n_1000m_1500m_0671 FAIL_DOWNLOAD_SKIPPED max OSM downloads reached or disabled
[2026-07-23 18:01:10,475] INFO: v2_osm_manhattan_midtown_offset_e_1500m_200m_0672 FAIL_DOWNLOAD_SKIPPED max OSM downloads reached or disabled
[2026-07-23 18:01:10,475] INFO: v2_osm_mit_campus_reality_offset_s_2500m_500m_0673 FAIL_DOWNLOAD_SKIPPED max OSM downloads reached or disabled
[2026-07-23 18:01:10,475] INFO: v2_osm_nuuksio_sparse_trails_offset_w_5000m_1000m_0674 FAIL_DOWNLOAD_SKIPPED max OSM downloads reached or disabled
[2026-07-23 18:01:10,475] INFO: v2_osm_rio_centro_buses_exact_500m_0m_0675 FAIL_DOWNLOAD_SKIPPED max OSM downloads reached or disabled
[2026-07-23 18:01:10,476] INFO: v2_osm_roma_centro_offset_n_1000m_200m_0676 FAIL_DOWNLOAD_SKIPPED max OSM downloads reached or disabled
[2026-07-23 18:01:10,476] INFO: v2_osm_sf_cabspotting_downtown_offset_e_1500m_500m_0677 FAIL_DOWNLOAD_SKIPPED max OSM downloads reached or disabled
[2026-07-23 18:01:10,476] INFO: v2_osm_sf_mission_corridor_offset_s_2500m_1000m_0678 FAIL_DOWNLOAD_SKIPPED max OSM downloads reached or disabled
[2026-07-23 18:01:10,476] INFO: v2_osm_tampere_suburban_offset_w_5000m_1500m_0679 FAIL_DOWNLOAD_SKIPPED max OSM downloads reached or disabled
[2026-07-23 18:01:10,476] INFO: v2_osm_cambridge_haggle_exact_500m_0m_0680 FAIL_DOWNLOAD_SKIPPED max OSM downloads reached or disabled
[2026-07-23 18:01:10,476] INFO: v2_osm_dieselnet_amherst_offset_n_1000m_500m_0681 FAIL_DOWNLOAD_SKIPPED max OSM downloads reached or disabled
[2026-07-23 18:01:10,476] INFO: v2_osm_helsinki_archipelago_offset_e_1500m_1000m_0682 FAIL_DOWNLOAD_SKIPPED max OSM downloads reached or disabled
[2026-07-23 18:01:10,476] INFO: v2_osm_helsinki_disrupted_offset_s_2500m_1500m_0683 FAIL_DOWNLOAD_SKIPPED max OSM downloads reached or disabled
[2026-07-23 18:01:10,476] INFO: v2_osm_helsinki_downtown_offset_w_5000m_200m_0684 FAIL_DOWNLOAD_SKIPPED max OSM downloads reached or disabled
[2026-07-23 18:01:10,476] INFO: v2_osm_kallio_community_exact_500m_0m_0685 FAIL_DOWNLOAD_SKIPPED max OSM downloads reached or disabled
[2026-07-23 18:01:10,476] INFO: v2_osm_kumpula_campus_offset_n_1000m_1000m_0686 FAIL_DOWNLOAD_SKIPPED max OSM downloads reached or disabled
[2026-07-23 18:01:10,476] INFO: v2_osm_lapland_rural_sparse_offset_e_1500m_1500m_0687 FAIL_DOWNLOAD_SKIPPED max OSM downloads reached or disabled
[2026-07-23 18:01:10,476] INFO: v2_osm_london_industrial_corridor_offset_s_2500m_200m_0688 FAIL_DOWNLOAD_SKIPPED max OSM downloads reached or disabled
[2026-07-23 18:01:10,476] INFO: v2_osm_manhattan_midtown_offset_w_5000m_500m_0689 FAIL_DOWNLOAD_SKIPPED max OSM downloads reached or disabled
[2026-07-23 18:01:10,476] INFO: v2_osm_mit_campus_reality_exact_500m_0m_0690 FAIL_DOWNLOAD_SKIPPED max OSM downloads reached or disabled
[2026-07-23 18:01:10,476] INFO: v2_osm_nuuksio_sparse_trails_offset_n_1000m_1500m_0691 FAIL_DOWNLOAD_SKIPPED max OSM downloads reached or disabled
[2026-07-23 18:01:10,476] INFO: v2_osm_rio_centro_buses_offset_e_1500m_200m_0692 FAIL_DOWNLOAD_SKIPPED max OSM downloads reached or disabled
[2026-07-23 18:01:10,476] INFO: v2_osm_roma_centro_offset_s_2500m_500m_0693 FAIL_DOWNLOAD_SKIPPED max OSM downloads reached or disabled
[2026-07-23 18:01:10,476] INFO: v2_osm_sf_cabspotting_downtown_offset_w_5000m_1000m_0694 FAIL_DOWNLOAD_SKIPPED max OSM downloads reached or disabled
[2026-07-23 18:01:10,476] INFO: v2_osm_sf_mission_corridor_exact_500m_0m_0695 FAIL_DOWNLOAD_SKIPPED max OSM downloads reached or disabled
[2026-07-23 18:01:10,476] INFO: v2_osm_tampere_suburban_offset_n_1000m_200m_0696 FAIL_DOWNLOAD_SKIPPED max OSM downloads reached or disabled
[2026-07-23 18:01:10,476] INFO: v2_osm_cambridge_haggle_offset_e_1500m_500m_0697 FAIL_DOWNLOAD_SKIPPED max OSM downloads reached or disabled
[2026-07-23 18:01:10,476] INFO: v2_osm_dieselnet_amherst_offset_s_2500m_1000m_0698 FAIL_DOWNLOAD_SKIPPED max OSM downloads reached or disabled
[2026-07-23 18:01:10,476] INFO: v2_osm_helsinki_archipelago_offset_w_5000m_1500m_0699 FAIL_DOWNLOAD_SKIPPED max OSM downloads reached or disabled
[2026-07-23 18:01:10,476] INFO: v2_osm_helsinki_disrupted_exact_500m_0m_0700 FAIL_DOWNLOAD_SKIPPED max OSM downloads reached or disabled
[2026-07-23 18:01:10,477] INFO: v2_osm_helsinki_downtown_offset_n_1000m_500m_0701 FAIL_DOWNLOAD_SKIPPED max OSM downloads reached or disabled
[2026-07-23 18:01:10,490] INFO: Generation complete: 624/719 OK
--- Round 6 --- skip=55 osm_ok=624 osm_total=719
>> generate osm max-downloads=25 target=1600
[2026-07-23 18:01:21,589] INFO: v2_osm_cambridge_haggle_exact_500m_0m_seed OK 
[2026-07-23 18:01:21,590] INFO: v2_osm_dieselnet_amherst_exact_500m_0m_seed OK 
[2026-07-23 18:01:21,590] INFO: v2_osm_helsinki_archipelago_exact_500m_0m_seed OK 
[2026-07-23 18:01:21,590] INFO: v2_osm_helsinki_disrupted_exact_500m_0m_seed OK 
[2026-07-23 18:01:21,590] INFO: v2_osm_helsinki_downtown_exact_500m_0m_seed OK 
[2026-07-23 18:01:21,590] INFO: v2_osm_kallio_community_exact_500m_0m_seed OK 
[2026-07-23 18:01:21,591] INFO: v2_osm_kumpula_campus_exact_500m_0m_seed OK 
[2026-07-23 18:01:21,591] INFO: v2_osm_lapland_rural_sparse_exact_500m_0m_seed OK 
[2026-07-23 18:01:21,591] INFO: v2_osm_london_industrial_corridor_exact_500m_0m_seed OK 
[2026-07-23 18:01:22,123] INFO: v2_osm_manhattan_midtown_exact_500m_0m_seed FAIL_BUILD_OSM too few segments (14 < 20)
[2026-07-23 18:01:22,124] INFO: v2_osm_mit_campus_reality_exact_500m_0m_seed OK 
[2026-07-23 18:01:22,157] INFO: v2_osm_nuuksio_sparse_trails_exact_500m_0m_seed FAIL_BUILD_OSM too few segments (8 < 20)
[2026-07-23 18:01:22,157] INFO: v2_osm_rio_centro_buses_exact_500m_0m_seed OK 
[2026-07-23 18:01:22,157] INFO: v2_osm_roma_centro_exact_500m_0m_seed OK 
[2026-07-23 18:01:22,158] INFO: v2_osm_sf_cabspotting_downtown_exact_500m_0m_seed OK 
[2026-07-23 18:01:22,158] INFO: v2_osm_sf_mission_corridor_exact_500m_0m_seed OK 
[2026-07-23 18:01:22,159] INFO: v2_osm_tampere_suburban_exact_500m_0m_seed FAIL_BUILD_OSM osm_process: Graph contains no edges.
[2026-07-23 18:01:22,159] INFO: v2_osm_cambridge_haggle_exact_500m_0m_0000 OK 
[2026-07-23 18:01:22,160] INFO: v2_osm_dieselnet_amherst_offset_n_1000m_500m_0001 OK 
[2026-07-23 18:01:22,160] INFO: v2_osm_helsinki_archipelago_offset_e_1500m_1000m_0002 OK 
[2026-07-23 18:01:22,160] INFO: v2_osm_helsinki_disrupted_offset_s_2500m_1500m_0003 OK 
[2026-07-23 18:01:22,160] INFO: v2_osm_helsinki_downtown_offset_w_5000m_200m_0004 OK 
[2026-07-23 18:01:22,160] INFO: v2_osm_kallio_community_exact_500m_0m_0005 OK 
[2026-07-23 18:01:22,160] INFO: v2_osm_kumpula_campus_offset_n_1000m_1000m_0006 OK 
[2026-07-23 18:01:22,160] INFO: v2_osm_lapland_rural_sparse_offset_e_1500m_1500m_0007 OK 
[2026-07-23 18:01:22,161] INFO: v2_osm_london_industrial_corridor_offset_s_2500m_200m_0008 OK 
[2026-07-23 18:01:22,161] INFO: v2_osm_manhattan_midtown_offset_w_5000m_500m_0009 OK 
[2026-07-23 18:01:22,161] INFO: v2_osm_mit_campus_reality_exact_500m_0m_0010 OK 
[2026-07-23 18:01:22,162] INFO: v2_osm_nuuksio_sparse_trails_offset_n_1000m_1500m_0011 FAIL_BUILD_OSM osm_process: Graph contains no edges.
[2026-07-23 18:01:22,163] INFO: v2_osm_rio_centro_buses_offset_e_1500m_200m_0012 OK 
[2026-07-23 18:01:22,163] INFO: v2_osm_roma_centro_offset_s_2500m_500m_0013 OK 
[2026-07-23 18:01:22,163] INFO: v2_osm_sf_cabspotting_downtown_offset_w_5000m_1000m_0014 OK 
[2026-07-23 18:01:22,163] INFO: v2_osm_sf_mission_corridor_exact_500m_0m_0015 OK 
[2026-07-23 18:01:22,172] INFO: v2_osm_tampere_suburban_offset_n_1000m_200m_0016 FAIL_BUILD_OSM too few segments (10 < 20)
[2026-07-23 18:01:22,172] INFO: v2_osm_cambridge_haggle_offset_e_1500m_500m_0017 OK 
[2026-07-23 18:01:22,172] INFO: v2_osm_dieselnet_amherst_offset_s_2500m_1000m_0018 OK 
[2026-07-23 18:01:22,172] INFO: v2_osm_helsinki_archipelago_offset_w_5000m_1500m_0019 OK 
[2026-07-23 18:01:22,172] INFO: v2_osm_helsinki_disrupted_exact_500m_0m_0020 OK 
[2026-07-23 18:01:22,172] INFO: v2_osm_helsinki_downtown_offset_n_1000m_500m_0021 OK 
[2026-07-23 18:01:22,173] INFO: v2_osm_kallio_community_offset_e_1500m_1000m_0022 OK 
[2026-07-23 18:01:22,173] INFO: v2_osm_kumpula_campus_offset_s_2500m_1500m_0023 OK 
[2026-07-23 18:01:22,173] INFO: v2_osm_lapland_rural_sparse_offset_w_5000m_200m_0024 OK 
[2026-07-23 18:01:22,173] INFO: v2_osm_london_industrial_corridor_exact_500m_0m_0025 OK 
[2026-07-23 18:01:22,173] INFO: v2_osm_manhattan_midtown_offset_n_1000m_1000m_0026 OK 
[2026-07-23 18:01:22,173] INFO: v2_osm_mit_campus_reality_offset_e_1500m_1500m_0027 OK 
[2026-07-23 18:01:22,174] INFO: v2_osm_nuuksio_sparse_trails_offset_s_2500m_200m_0028 OK 
[2026-07-23 18:01:22,174] INFO: v2_osm_rio_centro_buses_offset_w_5000m_500m_0029 OK 
[2026-07-23 18:01:22,174] INFO: v2_osm_roma_centro_exact_500m_0m_0030 OK 
[2026-07-23 18:01:22,174] INFO: v2_osm_sf_cabspotting_downtown_offset_n_1000m_1500m_0031 OK 
[2026-07-23 18:01:22,174] INFO: v2_osm_sf_mission_corridor_offset_e_1500m_200m_0032 OK 
[2026-07-23 18:01:22,174] INFO: v2_osm_tampere_suburban_offset_s_2500m_500m_0033 OK 
[2026-07-23 18:01:22,174] INFO: v2_osm_cambridge_haggle_offset_w_5000m_1000m_0034 OK 
[2026-07-23 18:01:22,175] INFO: v2_osm_dieselnet_amherst_exact_500m_0m_0035 OK 
[2026-07-23 18:01:22,175] INFO: v2_osm_helsinki_archipelago_offset_n_1000m_200m_0036 OK 
[2026-07-23 18:01:22,175] INFO: v2_osm_helsinki_disrupted_offset_e_1500m_500m_0037 OK 
[2026-07-23 18:01:22,175] INFO: v2_osm_helsinki_downtown_offset_s_2500m_1000m_0038 OK 
[2026-07-23 18:01:22,177] INFO: v2_osm_kallio_community_offset_w_5000m_1500m_0039 OK 
[2026-07-23 18:01:22,177] INFO: v2_osm_kumpula_campus_exact_500m_0m_0040 OK 
[2026-07-23 18:01:22,177] INFO: v2_osm_lapland_rural_sparse_offset_n_1000m_500m_0041 OK 
[2026-07-23 18:01:22,177] INFO: v2_osm_london_industrial_corridor_offset_e_1500m_1000m_0042 OK 
[2026-07-23 18:01:22,177] INFO: v2_osm_manhattan_midtown_offset_s_2500m_1500m_0043 OK 
[2026-07-23 18:01:22,177] INFO: v2_osm_mit_campus_reality_offset_w_5000m_200m_0044 OK 
[2026-07-23 18:01:22,185] INFO: v2_osm_nuuksio_sparse_trails_exact_500m_0m_0045 FAIL_BUILD_OSM too few segments (8 < 20)
[2026-07-23 18:01:22,185] INFO: v2_osm_rio_centro_buses_offset_n_1000m_1000m_0046 OK 
[2026-07-23 18:01:22,185] INFO: v2_osm_roma_centro_offset_e_1500m_1500m_0047 OK 
[2026-07-23 18:01:22,185] INFO: v2_osm_sf_cabspotting_downtown_offset_s_2500m_200m_0048 OK 
[2026-07-23 18:01:22,185] INFO: v2_osm_sf_mission_corridor_offset_w_5000m_500m_0049 OK 
[2026-07-23 18:01:22,187] INFO: v2_osm_tampere_suburban_exact_500m_0m_0050 FAIL_BUILD_OSM osm_process: Graph contains no edges.
[2026-07-23 18:01:22,187] INFO: v2_osm_cambridge_haggle_offset_n_1000m_1500m_0051 OK 
[2026-07-23 18:01:22,187] INFO: v2_osm_dieselnet_amherst_offset_e_1500m_200m_0052 OK 
[2026-07-23 18:01:22,187] INFO: v2_osm_helsinki_archipelago_offset_s_2500m_500m_0053 OK 
[2026-07-23 18:01:22,187] INFO: v2_osm_helsinki_disrupted_offset_w_5000m_1000m_0054 OK 
[2026-07-23 18:01:22,188] INFO: v2_osm_helsinki_downtown_exact_500m_0m_0055 OK 
[2026-07-23 18:01:22,188] INFO: v2_osm_kallio_community_offset_n_1000m_200m_0056 OK 
[2026-07-23 18:01:22,188] INFO: v2_osm_kumpula_campus_offset_e_1500m_500m_0057 OK 
[2026-07-23 18:01:22,188] INFO: v2_osm_lapland_rural_sparse_offset_s_2500m_1000m_0058 OK 
[2026-07-23 18:01:22,188] INFO: v2_osm_london_industrial_corridor_offset_w_5000m_1500m_0059 OK 
[2026-07-23 18:01:22,197] INFO: v2_osm_manhattan_midtown_exact_500m_0m_0060 FAIL_BUILD_OSM too few segments (14 < 20)
[2026-07-23 18:01:22,197] INFO: v2_osm_mit_campus_reality_offset_n_1000m_500m_0061 OK 
[2026-07-23 18:01:22,197] INFO: v2_osm_nuuksio_sparse_trails_offset_e_1500m_1000m_0062 OK 
[2026-07-23 18:01:22,197] INFO: v2_osm_rio_centro_buses_offset_s_2500m_1500m_0063 OK 
[2026-07-23 18:01:22,197] INFO: v2_osm_roma_centro_offset_w_5000m_200m_0064 OK 
[2026-07-23 18:01:22,198] INFO: v2_osm_sf_cabspotting_downtown_exact_500m_0m_0065 OK 
[2026-07-23 18:01:22,198] INFO: v2_osm_sf_mission_corridor_offset_n_1000m_1000m_0066 OK 
[2026-07-23 18:01:22,198] INFO: v2_osm_tampere_suburban_offset_e_1500m_1500m_0067 OK 
[2026-07-23 18:01:22,198] INFO: v2_osm_cambridge_haggle_offset_s_2500m_200m_0068 OK 
[2026-07-23 18:01:22,198] INFO: v2_osm_dieselnet_amherst_offset_w_5000m_500m_0069 OK 
[2026-07-23 18:01:22,198] INFO: v2_osm_helsinki_archipelago_exact_500m_0m_0070 OK 
[2026-07-23 18:01:22,198] INFO: v2_osm_helsinki_disrupted_offset_n_1000m_1500m_0071 OK 
[2026-07-23 18:01:22,198] INFO: v2_osm_helsinki_downtown_offset_e_1500m_200m_0072 OK 
[2026-07-23 18:01:22,199] INFO: v2_osm_kallio_community_offset_s_2500m_500m_0073 OK 
[2026-07-23 18:01:22,199] INFO: v2_osm_kumpula_campus_offset_w_5000m_1000m_0074 OK 
[2026-07-23 18:01:22,199] INFO: v2_osm_lapland_rural_sparse_exact_500m_0m_0075 OK 
[2026-07-23 18:01:22,199] INFO: v2_osm_london_industrial_corridor_offset_n_1000m_200m_0076 OK 
[2026-07-23 18:01:22,199] INFO: v2_osm_manhattan_midtown_offset_e_1500m_500m_0077 OK 
[2026-07-23 18:01:22,199] INFO: v2_osm_mit_campus_reality_offset_s_2500m_1000m_0078 OK 
[2026-07-23 18:01:22,200] INFO: v2_osm_nuuksio_sparse_trails_offset_w_5000m_1500m_0079 OK 
[2026-07-23 18:01:22,200] INFO: v2_osm_rio_centro_buses_exact_500m_0m_0080 OK 
[2026-07-23 18:01:22,200] INFO: v2_osm_roma_centro_offset_n_1000m_500m_0081 OK 
[2026-07-23 18:01:22,200] INFO: v2_osm_sf_cabspotting_downtown_offset_e_1500m_1000m_0082 OK 
[2026-07-23 18:01:22,200] INFO: v2_osm_sf_mission_corridor_offset_s_2500m_1500m_0083 OK 
[2026-07-23 18:01:22,200] INFO: v2_osm_tampere_suburban_offset_w_5000m_200m_0084 OK 
[2026-07-23 18:01:22,200] INFO: v2_osm_cambridge_haggle_exact_500m_0m_0085 OK 
[2026-07-23 18:01:22,200] INFO: v2_osm_dieselnet_amherst_offset_n_1000m_1000m_0086 OK 
[2026-07-23 18:01:22,201] INFO: v2_osm_helsinki_archipelago_offset_e_1500m_1500m_0087 OK 
[2026-07-23 18:01:22,201] INFO: v2_osm_helsinki_disrupted_offset_s_2500m_200m_0088 OK 
[2026-07-23 18:01:22,201] INFO: v2_osm_helsinki_downtown_offset_w_5000m_500m_0089 OK 
[2026-07-23 18:01:22,201] INFO: v2_osm_kallio_community_exact_500m_0m_0090 OK 
[2026-07-23 18:01:22,201] INFO: v2_osm_kumpula_campus_offset_n_1000m_1500m_0091 OK 
[2026-07-23 18:01:22,201] INFO: v2_osm_lapland_rural_sparse_offset_e_1500m_200m_0092 OK 
[2026-07-23 18:01:22,201] INFO: v2_osm_london_industrial_corridor_offset_s_2500m_500m_0093 OK 
[2026-07-23 18:01:22,202] INFO: v2_osm_manhattan_midtown_offset_w_5000m_1000m_0094 OK 
[2026-07-23 18:01:22,202] INFO: v2_osm_mit_campus_reality_exact_500m_0m_0095 OK 
[2026-07-23 18:01:22,202] INFO: v2_osm_nuuksio_sparse_trails_offset_n_1000m_200m_0096 OK 
[2026-07-23 18:01:22,202] INFO: v2_osm_rio_centro_buses_offset_e_1500m_500m_0097 OK 
[2026-07-23 18:01:22,202] INFO: v2_osm_roma_centro_offset_s_2500m_1000m_0098 OK 
[2026-07-23 18:01:22,202] INFO: v2_osm_sf_cabspotting_downtown_offset_w_5000m_1500m_0099 OK 
[2026-07-23 18:01:22,202] INFO: v2_osm_sf_mission_corridor_exact_500m_0m_0100 OK 
[2026-07-23 18:01:22,210] INFO: v2_osm_tampere_suburban_offset_n_1000m_500m_0101 FAIL_BUILD_OSM too few segments (2 < 20)
[2026-07-23 18:01:22,210] INFO: v2_osm_cambridge_haggle_offset_e_1500m_1000m_0102 OK 
[2026-07-23 18:01:22,210] INFO: v2_osm_dieselnet_amherst_offset_s_2500m_1500m_0103 OK 
[2026-07-23 18:01:22,210] INFO: v2_osm_helsinki_archipelago_offset_w_5000m_200m_0104 OK 
[2026-07-23 18:01:22,210] INFO: v2_osm_helsinki_disrupted_exact_500m_0m_0105 OK 
[2026-07-23 18:01:22,210] INFO: v2_osm_helsinki_downtown_offset_n_1000m_1000m_0106 OK 
[2026-07-23 18:01:22,210] INFO: v2_osm_kallio_community_offset_e_1500m_1500m_0107 OK 
[2026-07-23 18:01:22,211] INFO: v2_osm_kumpula_campus_offset_s_2500m_200m_0108 OK 
[2026-07-23 18:01:22,211] INFO: v2_osm_lapland_rural_sparse_offset_w_5000m_500m_0109 OK 
[2026-07-23 18:01:22,211] INFO: v2_osm_london_industrial_corridor_exact_500m_0m_0110 OK 
[2026-07-23 18:01:22,211] INFO: v2_osm_manhattan_midtown_offset_n_1000m_1500m_0111 OK 
[2026-07-23 18:01:22,211] INFO: v2_osm_mit_campus_reality_offset_e_1500m_200m_0112 OK 
[2026-07-23 18:01:22,211] INFO: v2_osm_nuuksio_sparse_trails_offset_s_2500m_500m_0113 OK 
[2026-07-23 18:01:22,211] INFO: v2_osm_rio_centro_buses_offset_w_5000m_1000m_0114 OK 
[2026-07-23 18:01:22,212] INFO: v2_osm_roma_centro_exact_500m_0m_0115 OK 
[2026-07-23 18:01:22,212] INFO: v2_osm_sf_cabspotting_downtown_offset_n_1000m_200m_0116 OK 
[2026-07-23 18:01:22,212] INFO: v2_osm_sf_mission_corridor_offset_e_1500m_500m_0117 OK 
[2026-07-23 18:01:22,212] INFO: v2_osm_tampere_suburban_offset_s_2500m_1000m_0118 OK 
[2026-07-23 18:01:22,212] INFO: v2_osm_cambridge_haggle_offset_w_5000m_1500m_0119 OK 
[2026-07-23 18:01:22,212] INFO: v2_osm_dieselnet_amherst_exact_500m_0m_0120 OK 
[2026-07-23 18:01:22,213] INFO: v2_osm_helsinki_archipelago_offset_n_1000m_500m_0121 OK 
[2026-07-23 18:01:22,213] INFO: v2_osm_helsinki_disrupted_offset_e_1500m_1000m_0122 OK 
[2026-07-23 18:01:22,213] INFO: v2_osm_helsinki_downtown_offset_s_2500m_1500m_0123 OK 
[2026-07-23 18:01:22,213] INFO: v2_osm_kallio_community_offset_w_5000m_200m_0124 OK 
[2026-07-23 18:01:22,213] INFO: v2_osm_kumpula_campus_exact_500m_0m_0125 OK 
[2026-07-23 18:01:22,213] INFO: v2_osm_lapland_rural_sparse_offset_n_1000m_1000m_0126 OK 
[2026-07-23 18:01:22,213] INFO: v2_osm_london_industrial_corridor_offset_e_1500m_1500m_0127 OK 
[2026-07-23 18:01:22,213] INFO: v2_osm_manhattan_midtown_offset_s_2500m_200m_0128 OK 
[2026-07-23 18:01:22,214] INFO: v2_osm_mit_campus_reality_offset_w_5000m_500m_0129 OK 
[2026-07-23 18:01:22,221] INFO: v2_osm_nuuksio_sparse_trails_exact_500m_0m_0130 FAIL_BUILD_OSM too few segments (8 < 20)
[2026-07-23 18:01:22,221] INFO: v2_osm_rio_centro_buses_offset_n_1000m_1500m_0131 OK 
[2026-07-23 18:01:22,222] INFO: v2_osm_roma_centro_offset_e_1500m_200m_0132 OK 
[2026-07-23 18:01:22,222] INFO: v2_osm_sf_cabspotting_downtown_offset_s_2500m_500m_0133 OK 
[2026-07-23 18:01:22,222] INFO: v2_osm_sf_mission_corridor_offset_w_5000m_1000m_0134 OK 
[2026-07-23 18:01:22,223] INFO: v2_osm_tampere_suburban_exact_500m_0m_0135 FAIL_BUILD_OSM osm_process: Graph contains no edges.
[2026-07-23 18:01:22,223] INFO: v2_osm_cambridge_haggle_offset_n_1000m_200m_0136 OK 
[2026-07-23 18:01:22,224] INFO: v2_osm_dieselnet_amherst_offset_e_1500m_500m_0137 OK 
[2026-07-23 18:01:22,224] INFO: v2_osm_helsinki_archipelago_offset_s_2500m_1000m_0138 OK 
[2026-07-23 18:01:22,224] INFO: v2_osm_helsinki_disrupted_offset_w_5000m_1500m_0139 OK 
[2026-07-23 18:01:22,224] INFO: v2_osm_helsinki_downtown_exact_500m_0m_0140 OK 
[2026-07-23 18:01:22,224] INFO: v2_osm_kallio_community_offset_n_1000m_500m_0141 OK 
[2026-07-23 18:01:22,224] INFO: v2_osm_kumpula_campus_offset_e_1500m_1000m_0142 OK 
[2026-07-23 18:01:22,224] INFO: v2_osm_lapland_rural_sparse_offset_s_2500m_1500m_0143 OK 
[2026-07-23 18:01:22,225] INFO: v2_osm_london_industrial_corridor_offset_w_5000m_200m_0144 OK 
[2026-07-23 18:01:22,233] INFO: v2_osm_manhattan_midtown_exact_500m_0m_0145 FAIL_BUILD_OSM too few segments (14 < 20)
[2026-07-23 18:01:22,233] INFO: v2_osm_mit_campus_reality_offset_n_1000m_1000m_0146 OK 
[2026-07-23 18:01:22,233] INFO: v2_osm_nuuksio_sparse_trails_offset_e_1500m_1500m_0147 OK 
[2026-07-23 18:01:22,233] INFO: v2_osm_rio_centro_buses_offset_s_2500m_200m_0148 OK 
[2026-07-23 18:01:22,234] INFO: v2_osm_roma_centro_offset_w_5000m_500m_0149 OK 
[2026-07-23 18:01:22,234] INFO: v2_osm_sf_cabspotting_downtown_exact_500m_0m_0150 OK 
[2026-07-23 18:01:22,234] INFO: v2_osm_sf_mission_corridor_offset_n_1000m_1500m_0151 OK 
[2026-07-23 18:01:22,234] INFO: v2_osm_tampere_suburban_offset_e_1500m_200m_0152 OK 
[2026-07-23 18:01:22,234] INFO: v2_osm_cambridge_haggle_offset_s_2500m_500m_0153 OK 
[2026-07-23 18:01:22,234] INFO: v2_osm_dieselnet_amherst_offset_w_5000m_1000m_0154 OK 
[2026-07-23 18:01:22,234] INFO: v2_osm_helsinki_archipelago_exact_500m_0m_0155 OK 
[2026-07-23 18:01:22,235] INFO: v2_osm_helsinki_disrupted_offset_n_1000m_200m_0156 OK 
[2026-07-23 18:01:22,235] INFO: v2_osm_helsinki_downtown_offset_e_1500m_500m_0157 OK 
[2026-07-23 18:01:22,235] INFO: v2_osm_kallio_community_offset_s_2500m_1000m_0158 OK 
[2026-07-23 18:01:22,235] INFO: v2_osm_kumpula_campus_offset_w_5000m_1500m_0159 OK 
[2026-07-23 18:01:22,235] INFO: v2_osm_lapland_rural_sparse_exact_500m_0m_0160 OK 
[2026-07-23 18:01:22,235] INFO: v2_osm_london_industrial_corridor_offset_n_1000m_500m_0161 OK 
[2026-07-23 18:01:22,236] INFO: v2_osm_manhattan_midtown_offset_e_1500m_1000m_0162 OK 
[2026-07-23 18:01:22,236] INFO: v2_osm_mit_campus_reality_offset_s_2500m_1500m_0163 OK 
[2026-07-23 18:01:22,236] INFO: v2_osm_nuuksio_sparse_trails_offset_w_5000m_200m_0164 OK 
[2026-07-23 18:01:22,236] INFO: v2_osm_rio_centro_buses_exact_500m_0m_0165 OK 
[2026-07-23 18:01:22,236] INFO: v2_osm_roma_centro_offset_n_1000m_1000m_0166 OK 
[2026-07-23 18:01:22,236] INFO: v2_osm_sf_cabspotting_downtown_offset_e_1500m_1500m_0167 OK 
[2026-07-23 18:01:22,237] INFO: v2_osm_sf_mission_corridor_offset_s_2500m_200m_0168 OK 
[2026-07-23 18:01:22,237] INFO: v2_osm_tampere_suburban_offset_w_5000m_500m_0169 OK 
[2026-07-23 18:01:22,237] INFO: v2_osm_cambridge_haggle_exact_500m_0m_0170 OK 
[2026-07-23 18:01:22,237] INFO: v2_osm_dieselnet_amherst_offset_n_1000m_1500m_0171 OK 
[2026-07-23 18:01:22,237] INFO: v2_osm_helsinki_archipelago_offset_e_1500m_200m_0172 OK 
[2026-07-23 18:01:22,237] INFO: v2_osm_helsinki_disrupted_offset_s_2500m_500m_0173 OK 
[2026-07-23 18:01:22,237] INFO: v2_osm_helsinki_downtown_offset_w_5000m_1000m_0174 OK 
[2026-07-23 18:01:22,238] INFO: v2_osm_kallio_community_exact_500m_0m_0175 OK 
[2026-07-23 18:01:22,238] INFO: v2_osm_kumpula_campus_offset_n_1000m_200m_0176 OK 
[2026-07-23 18:01:22,238] INFO: v2_osm_lapland_rural_sparse_offset_e_1500m_500m_0177 OK 
[2026-07-23 18:01:22,238] INFO: v2_osm_london_industrial_corridor_offset_s_2500m_1000m_0178 OK 
[2026-07-23 18:01:22,238] INFO: v2_osm_manhattan_midtown_offset_w_5000m_1500m_0179 OK 
[2026-07-23 18:01:22,238] INFO: v2_osm_mit_campus_reality_exact_500m_0m_0180 OK 
[2026-07-23 18:01:22,248] INFO: v2_osm_nuuksio_sparse_trails_offset_n_1000m_500m_0181 FAIL_BUILD_OSM too few segments (14 < 20)
[2026-07-23 18:01:22,248] INFO: v2_osm_rio_centro_buses_offset_e_1500m_1000m_0182 OK 
[2026-07-23 18:01:22,248] INFO: v2_osm_roma_centro_offset_s_2500m_1500m_0183 OK 
[2026-07-23 18:01:22,248] INFO: v2_osm_sf_cabspotting_downtown_offset_w_5000m_200m_0184 OK 
[2026-07-23 18:01:22,249] INFO: v2_osm_sf_mission_corridor_exact_500m_0m_0185 OK 
[2026-07-23 18:01:22,255] INFO: v2_osm_tampere_suburban_offset_n_1000m_1000m_0186 FAIL_BUILD_OSM too few segments (2 < 20)
[2026-07-23 18:01:22,256] INFO: v2_osm_cambridge_haggle_offset_e_1500m_1500m_0187 OK 
[2026-07-23 18:01:22,256] INFO: v2_osm_dieselnet_amherst_offset_s_2500m_200m_0188 OK 
[2026-07-23 18:01:22,256] INFO: v2_osm_helsinki_archipelago_offset_w_5000m_500m_0189 OK 
[2026-07-23 18:01:22,256] INFO: v2_osm_helsinki_disrupted_exact_500m_0m_0190 OK 
[2026-07-23 18:01:22,256] INFO: v2_osm_helsinki_downtown_offset_n_1000m_1500m_0191 OK 
[2026-07-23 18:01:22,256] INFO: v2_osm_kallio_community_offset_e_1500m_200m_0192 OK 
[2026-07-23 18:01:22,257] INFO: v2_osm_kumpula_campus_offset_s_2500m_500m_0193 OK 
[2026-07-23 18:01:22,257] INFO: v2_osm_lapland_rural_sparse_offset_w_5000m_1000m_0194 OK 
[2026-07-23 18:01:22,257] INFO: v2_osm_london_industrial_corridor_exact_500m_0m_0195 OK 
[2026-07-23 18:01:22,257] INFO: v2_osm_manhattan_midtown_offset_n_1000m_200m_0196 OK 
[2026-07-23 18:01:22,257] INFO: v2_osm_mit_campus_reality_offset_e_1500m_500m_0197 OK 
[2026-07-23 18:01:22,257] INFO: v2_osm_nuuksio_sparse_trails_offset_s_2500m_1000m_0198 OK 
[2026-07-23 18:01:22,257] INFO: v2_osm_rio_centro_buses_offset_w_5000m_1500m_0199 OK 
[2026-07-23 18:01:22,258] INFO: v2_osm_roma_centro_exact_500m_0m_0200 OK 
[2026-07-23 18:01:22,258] INFO: v2_osm_sf_cabspotting_downtown_offset_n_1000m_500m_0201 OK 
[2026-07-23 18:01:22,258] INFO: v2_osm_sf_mission_corridor_offset_e_1500m_1000m_0202 OK 
[2026-07-23 18:01:22,258] INFO: v2_osm_tampere_suburban_offset_s_2500m_1500m_0203 OK 
[2026-07-23 18:01:22,258] INFO: v2_osm_cambridge_haggle_offset_w_5000m_200m_0204 OK 
[2026-07-23 18:01:22,258] INFO: v2_osm_dieselnet_amherst_exact_500m_0m_0205 OK 
[2026-07-23 18:01:22,258] INFO: v2_osm_helsinki_archipelago_offset_n_1000m_1000m_0206 OK 
[2026-07-23 18:01:22,259] INFO: v2_osm_helsinki_disrupted_offset_e_1500m_1500m_0207 OK 
[2026-07-23 18:01:22,259] INFO: v2_osm_helsinki_downtown_offset_s_2500m_200m_0208 OK 
[2026-07-23 18:01:22,259] INFO: v2_osm_kallio_community_offset_w_5000m_500m_0209 OK 
[2026-07-23 18:01:22,259] INFO: v2_osm_kumpula_campus_exact_500m_0m_0210 OK 
[2026-07-23 18:01:22,268] INFO: v2_osm_lapland_rural_sparse_offset_n_1000m_1500m_0211 FAIL_BUILD_OSM too few segments (2 < 20)
[2026-07-23 18:01:22,268] INFO: v2_osm_london_industrial_corridor_offset_e_1500m_200m_0212 OK 
[2026-07-23 18:01:22,268] INFO: v2_osm_manhattan_midtown_offset_s_2500m_500m_0213 OK 
[2026-07-23 18:01:22,269] INFO: v2_osm_mit_campus_reality_offset_w_5000m_1000m_0214 OK 
[2026-07-23 18:01:22,277] INFO: v2_osm_nuuksio_sparse_trails_exact_500m_0m_0215 FAIL_BUILD_OSM too few segments (8 < 20)
[2026-07-23 18:01:22,277] INFO: v2_osm_rio_centro_buses_offset_n_1000m_200m_0216 OK 
[2026-07-23 18:01:22,277] INFO: v2_osm_roma_centro_offset_e_1500m_500m_0217 OK 
[2026-07-23 18:01:22,277] INFO: v2_osm_sf_cabspotting_downtown_offset_s_2500m_1000m_0218 OK 
[2026-07-23 18:01:22,277] INFO: v2_osm_sf_mission_corridor_offset_w_5000m_1500m_0219 OK 
[2026-07-23 18:01:22,279] INFO: v2_osm_tampere_suburban_exact_500m_0m_0220 FAIL_BUILD_OSM osm_process: Graph contains no edges.
[2026-07-23 18:01:22,279] INFO: v2_osm_cambridge_haggle_offset_n_1000m_500m_0221 OK 
[2026-07-23 18:01:22,279] INFO: v2_osm_dieselnet_amherst_offset_e_1500m_1000m_0222 OK 
[2026-07-23 18:01:22,279] INFO: v2_osm_helsinki_archipelago_offset_s_2500m_1500m_0223 OK 
[2026-07-23 18:01:22,280] INFO: v2_osm_helsinki_disrupted_offset_w_5000m_200m_0224 OK 
[2026-07-23 18:01:22,280] INFO: v2_osm_helsinki_downtown_exact_500m_0m_0225 OK 
[2026-07-23 18:01:22,280] INFO: v2_osm_kallio_community_offset_n_1000m_1000m_0226 OK 
[2026-07-23 18:01:22,280] INFO: v2_osm_kumpula_campus_offset_e_1500m_1500m_0227 OK 
[2026-07-23 18:01:22,280] INFO: v2_osm_lapland_rural_sparse_offset_s_2500m_200m_0228 OK 
[2026-07-23 18:01:22,280] INFO: v2_osm_london_industrial_corridor_offset_w_5000m_500m_0229 OK 
[2026-07-23 18:01:22,289] INFO: v2_osm_manhattan_midtown_exact_500m_0m_0230 FAIL_BUILD_OSM too few segments (14 < 20)
[2026-07-23 18:01:22,289] INFO: v2_osm_mit_campus_reality_offset_n_1000m_1500m_0231 OK 
[2026-07-23 18:01:22,289] INFO: v2_osm_nuuksio_sparse_trails_offset_e_1500m_200m_0232 OK 
[2026-07-23 18:01:22,289] INFO: v2_osm_rio_centro_buses_offset_s_2500m_500m_0233 OK 
[2026-07-23 18:01:22,290] INFO: v2_osm_roma_centro_offset_w_5000m_1000m_0234 OK 
[2026-07-23 18:01:22,290] INFO: v2_osm_sf_cabspotting_downtown_exact_500m_0m_0235 OK 
[2026-07-23 18:01:22,290] INFO: v2_osm_sf_mission_corridor_offset_n_1000m_200m_0236 OK 
[2026-07-23 18:01:22,290] INFO: v2_osm_tampere_suburban_offset_e_1500m_500m_0237 OK 
[2026-07-23 18:01:22,290] INFO: v2_osm_cambridge_haggle_offset_s_2500m_1000m_0238 OK 
[2026-07-23 18:01:22,290] INFO: v2_osm_dieselnet_amherst_offset_w_5000m_1500m_0239 OK 
[2026-07-23 18:01:22,290] INFO: v2_osm_helsinki_archipelago_exact_500m_0m_0240 OK 
[2026-07-23 18:01:22,291] INFO: v2_osm_helsinki_disrupted_offset_n_1000m_500m_0241 OK 
[2026-07-23 18:01:22,291] INFO: v2_osm_helsinki_downtown_offset_e_1500m_1000m_0242 OK 
[2026-07-23 18:01:22,291] INFO: v2_osm_kallio_community_offset_s_2500m_1500m_0243 OK 
[2026-07-23 18:01:22,291] INFO: v2_osm_kumpula_campus_offset_w_5000m_200m_0244 OK 
[2026-07-23 18:01:22,291] INFO: v2_osm_lapland_rural_sparse_exact_500m_0m_0245 OK 
[2026-07-23 18:01:22,291] INFO: v2_osm_london_industrial_corridor_offset_n_1000m_1000m_0246 OK 
[2026-07-23 18:01:22,291] INFO: v2_osm_manhattan_midtown_offset_e_1500m_1500m_0247 OK 
[2026-07-23 18:01:22,292] INFO: v2_osm_mit_campus_reality_offset_s_2500m_200m_0248 OK 
[2026-07-23 18:01:22,292] INFO: v2_osm_nuuksio_sparse_trails_offset_w_5000m_500m_0249 OK 
[2026-07-23 18:01:22,292] INFO: v2_osm_rio_centro_buses_exact_500m_0m_0250 OK 
[2026-07-23 18:01:22,292] INFO: v2_osm_roma_centro_offset_n_1000m_1500m_0251 OK 
[2026-07-23 18:01:22,292] INFO: v2_osm_sf_cabspotting_downtown_offset_e_1500m_200m_0252 OK 
[2026-07-23 18:01:22,292] INFO: v2_osm_sf_mission_corridor_offset_s_2500m_500m_0253 OK 
[2026-07-23 18:01:22,292] INFO: v2_osm_tampere_suburban_offset_w_5000m_1000m_0254 OK 
[2026-07-23 18:01:22,293] INFO: v2_osm_cambridge_haggle_exact_500m_0m_0255 OK 
[2026-07-23 18:01:22,293] INFO: v2_osm_dieselnet_amherst_offset_n_1000m_200m_0256 OK 
[2026-07-23 18:01:22,293] INFO: v2_osm_helsinki_archipelago_offset_e_1500m_500m_0257 OK 
[2026-07-23 18:01:22,293] INFO: v2_osm_helsinki_disrupted_offset_s_2500m_1000m_0258 OK 
[2026-07-23 18:01:22,293] INFO: v2_osm_helsinki_downtown_offset_w_5000m_1500m_0259 OK 
[2026-07-23 18:01:22,293] INFO: v2_osm_kallio_community_exact_500m_0m_0260 OK 
[2026-07-23 18:01:22,293] INFO: v2_osm_kumpula_campus_offset_n_1000m_500m_0261 OK 
[2026-07-23 18:01:22,293] INFO: v2_osm_lapland_rural_sparse_offset_e_1500m_1000m_0262 OK 
[2026-07-23 18:01:22,294] INFO: v2_osm_london_industrial_corridor_offset_s_2500m_1500m_0263 OK 
[2026-07-23 18:01:22,294] INFO: v2_osm_manhattan_midtown_offset_w_5000m_200m_0264 OK 
[2026-07-23 18:01:22,294] INFO: v2_osm_mit_campus_reality_exact_500m_0m_0265 OK 
[2026-07-23 18:01:22,301] INFO: v2_osm_nuuksio_sparse_trails_offset_n_1000m_1000m_0266 FAIL_BUILD_OSM too few segments (2 < 20)
[2026-07-23 18:01:22,301] INFO: v2_osm_rio_centro_buses_offset_e_1500m_1500m_0267 OK 
[2026-07-23 18:01:22,301] INFO: v2_osm_roma_centro_offset_s_2500m_200m_0268 OK 
[2026-07-23 18:01:22,302] INFO: v2_osm_sf_cabspotting_downtown_offset_w_5000m_500m_0269 OK 
[2026-07-23 18:01:22,302] INFO: v2_osm_sf_mission_corridor_exact_500m_0m_0270 OK 
[2026-07-23 18:01:22,302] INFO: v2_osm_tampere_suburban_offset_n_1000m_1500m_0271 OK 
[2026-07-23 18:01:22,302] INFO: v2_osm_cambridge_haggle_offset_e_1500m_200m_0272 OK 
[2026-07-23 18:01:22,302] INFO: v2_osm_dieselnet_amherst_offset_s_2500m_500m_0273 OK 
[2026-07-23 18:01:22,302] INFO: v2_osm_helsinki_archipelago_offset_w_5000m_1000m_0274 OK 
[2026-07-23 18:01:22,303] INFO: v2_osm_helsinki_disrupted_exact_500m_0m_0275 OK 
[2026-07-23 18:01:22,303] INFO: v2_osm_helsinki_downtown_offset_n_1000m_200m_0276 OK 
[2026-07-23 18:01:22,303] INFO: v2_osm_kallio_community_offset_e_1500m_500m_0277 OK 
[2026-07-23 18:01:22,303] INFO: v2_osm_kumpula_campus_offset_s_2500m_1000m_0278 OK 
[2026-07-23 18:01:22,303] INFO: v2_osm_lapland_rural_sparse_offset_w_5000m_1500m_0279 OK 
[2026-07-23 18:01:22,303] INFO: v2_osm_london_industrial_corridor_exact_500m_0m_0280 OK 
[2026-07-23 18:01:22,303] INFO: v2_osm_manhattan_midtown_offset_n_1000m_500m_0281 OK 
[2026-07-23 18:01:22,304] INFO: v2_osm_mit_campus_reality_offset_e_1500m_1000m_0282 OK 
[2026-07-23 18:01:22,304] INFO: v2_osm_nuuksio_sparse_trails_offset_s_2500m_1500m_0283 OK 
[2026-07-23 18:01:22,304] INFO: v2_osm_rio_centro_buses_offset_w_5000m_200m_0284 OK 
[2026-07-23 18:01:22,304] INFO: v2_osm_roma_centro_exact_500m_0m_0285 OK 
[2026-07-23 18:01:22,304] INFO: v2_osm_sf_cabspotting_downtown_offset_n_1000m_1000m_0286 OK 
[2026-07-23 18:01:22,304] INFO: v2_osm_sf_mission_corridor_offset_e_1500m_1500m_0287 OK 
[2026-07-23 18:01:22,304] INFO: v2_osm_tampere_suburban_offset_s_2500m_200m_0288 OK 
[2026-07-23 18:01:22,304] INFO: v2_osm_cambridge_haggle_offset_w_5000m_500m_0289 OK 
[2026-07-23 18:01:22,305] INFO: v2_osm_dieselnet_amherst_exact_500m_0m_0290 OK 
[2026-07-23 18:01:22,305] INFO: v2_osm_helsinki_archipelago_offset_n_1000m_1500m_0291 OK 
[2026-07-23 18:01:22,305] INFO: v2_osm_helsinki_disrupted_offset_e_1500m_200m_0292 OK 
[2026-07-23 18:01:22,305] INFO: v2_osm_helsinki_downtown_offset_s_2500m_500m_0293 OK 
[2026-07-23 18:01:22,305] INFO: v2_osm_kallio_community_offset_w_5000m_1000m_0294 OK 
[2026-07-23 18:01:22,305] INFO: v2_osm_kumpula_campus_exact_500m_0m_0295 OK 
[2026-07-23 18:01:22,306] INFO: v2_osm_lapland_rural_sparse_offset_n_1000m_200m_0296 OK 
[2026-07-23 18:01:22,306] INFO: v2_osm_london_industrial_corridor_offset_e_1500m_500m_0297 OK 
[2026-07-23 18:01:22,306] INFO: v2_osm_manhattan_midtown_offset_s_2500m_1000m_0298 OK 
[2026-07-23 18:01:22,306] INFO: v2_osm_mit_campus_reality_offset_w_5000m_1500m_0299 OK 
[2026-07-23 18:01:22,314] INFO: v2_osm_nuuksio_sparse_trails_exact_500m_0m_0300 FAIL_BUILD_OSM too few segments (8 < 20)
[2026-07-23 18:01:22,314] INFO: v2_osm_rio_centro_buses_offset_n_1000m_500m_0301 OK 
[2026-07-23 18:01:22,314] INFO: v2_osm_roma_centro_offset_e_1500m_1000m_0302 OK 
[2026-07-23 18:01:22,314] INFO: v2_osm_sf_cabspotting_downtown_offset_s_2500m_1500m_0303 OK 
[2026-07-23 18:01:22,315] INFO: v2_osm_sf_mission_corridor_offset_w_5000m_200m_0304 OK 
[2026-07-23 18:01:22,316] INFO: v2_osm_tampere_suburban_exact_500m_0m_0305 FAIL_BUILD_OSM osm_process: Graph contains no edges.
[2026-07-23 18:01:22,316] INFO: v2_osm_cambridge_haggle_offset_n_1000m_1000m_0306 OK 
[2026-07-23 18:01:22,316] INFO: v2_osm_dieselnet_amherst_offset_e_1500m_1500m_0307 OK 
[2026-07-23 18:01:22,317] INFO: v2_osm_helsinki_archipelago_offset_s_2500m_200m_0308 OK 
[2026-07-23 18:01:22,317] INFO: v2_osm_helsinki_disrupted_offset_w_5000m_500m_0309 OK 
[2026-07-23 18:01:22,317] INFO: v2_osm_helsinki_downtown_exact_500m_0m_0310 OK 
[2026-07-23 18:01:22,317] INFO: v2_osm_kallio_community_offset_n_1000m_1500m_0311 OK 
[2026-07-23 18:01:22,317] INFO: v2_osm_kumpula_campus_offset_e_1500m_200m_0312 OK 
[2026-07-23 18:01:22,317] INFO: v2_osm_lapland_rural_sparse_offset_s_2500m_500m_0313 OK 
[2026-07-23 18:01:22,318] INFO: v2_osm_london_industrial_corridor_offset_w_5000m_1000m_0314 OK 
[2026-07-23 18:01:22,326] INFO: v2_osm_manhattan_midtown_exact_500m_0m_0315 FAIL_BUILD_OSM too few segments (14 < 20)
[2026-07-23 18:01:22,326] INFO: v2_osm_mit_campus_reality_offset_n_1000m_200m_0316 OK 
[2026-07-23 18:01:22,326] INFO: v2_osm_nuuksio_sparse_trails_offset_e_1500m_500m_0317 OK 
[2026-07-23 18:01:22,327] INFO: v2_osm_rio_centro_buses_offset_s_2500m_1000m_0318 OK 
[2026-07-23 18:01:22,327] INFO: v2_osm_roma_centro_offset_w_5000m_1500m_0319 OK 
[2026-07-23 18:01:22,327] INFO: v2_osm_sf_cabspotting_downtown_exact_500m_0m_0320 OK 
[2026-07-23 18:01:22,327] INFO: v2_osm_sf_mission_corridor_offset_n_1000m_500m_0321 OK 
[2026-07-23 18:01:22,327] INFO: v2_osm_tampere_suburban_offset_e_1500m_1000m_0322 OK 
[2026-07-23 18:01:22,327] INFO: v2_osm_cambridge_haggle_offset_s_2500m_1500m_0323 OK 
[2026-07-23 18:01:22,327] INFO: v2_osm_dieselnet_amherst_offset_w_5000m_200m_0324 OK 
[2026-07-23 18:01:22,328] INFO: v2_osm_helsinki_archipelago_exact_500m_0m_0325 OK 
[2026-07-23 18:01:22,328] INFO: v2_osm_helsinki_disrupted_offset_n_1000m_1000m_0326 OK 
[2026-07-23 18:01:22,328] INFO: v2_osm_helsinki_downtown_offset_e_1500m_1500m_0327 OK 
[2026-07-23 18:01:22,328] INFO: v2_osm_kallio_community_offset_s_2500m_200m_0328 OK 
[2026-07-23 18:01:22,328] INFO: v2_osm_kumpula_campus_offset_w_5000m_500m_0329 OK 
[2026-07-23 18:01:22,328] INFO: v2_osm_lapland_rural_sparse_exact_500m_0m_0330 OK 
[2026-07-23 18:01:22,328] INFO: v2_osm_london_industrial_corridor_offset_n_1000m_1500m_0331 OK 
[2026-07-23 18:01:22,328] INFO: v2_osm_manhattan_midtown_offset_e_1500m_200m_0332 OK 
[2026-07-23 18:01:22,329] INFO: v2_osm_mit_campus_reality_offset_s_2500m_500m_0333 OK 
[2026-07-23 18:01:22,329] INFO: v2_osm_nuuksio_sparse_trails_offset_w_5000m_1000m_0334 OK 
[2026-07-23 18:01:22,329] INFO: v2_osm_rio_centro_buses_exact_500m_0m_0335 OK 
[2026-07-23 18:01:22,329] INFO: v2_osm_roma_centro_offset_n_1000m_200m_0336 OK 
[2026-07-23 18:01:22,329] INFO: v2_osm_sf_cabspotting_downtown_offset_e_1500m_500m_0337 OK 
[2026-07-23 18:01:22,329] INFO: v2_osm_sf_mission_corridor_offset_s_2500m_1000m_0338 OK 
[2026-07-23 18:01:22,329] INFO: v2_osm_tampere_suburban_offset_w_5000m_1500m_0339 OK 
[2026-07-23 18:01:22,330] INFO: v2_osm_cambridge_haggle_exact_500m_0m_0340 OK 
[2026-07-23 18:01:22,330] INFO: v2_osm_dieselnet_amherst_offset_n_1000m_500m_0341 OK 
[2026-07-23 18:01:22,330] INFO: v2_osm_helsinki_archipelago_offset_e_1500m_1000m_0342 OK 
[2026-07-23 18:01:22,330] INFO: v2_osm_helsinki_disrupted_offset_s_2500m_1500m_0343 OK 
[2026-07-23 18:01:22,330] INFO: v2_osm_helsinki_downtown_offset_w_5000m_200m_0344 OK 
[2026-07-23 18:01:22,330] INFO: v2_osm_kallio_community_exact_500m_0m_0345 OK 
[2026-07-23 18:01:22,330] INFO: v2_osm_kumpula_campus_offset_n_1000m_1000m_0346 OK 
[2026-07-23 18:01:22,331] INFO: v2_osm_lapland_rural_sparse_offset_e_1500m_1500m_0347 OK 
[2026-07-23 18:01:22,331] INFO: v2_osm_london_industrial_corridor_offset_s_2500m_200m_0348 OK 
[2026-07-23 18:01:22,331] INFO: v2_osm_manhattan_midtown_offset_w_5000m_500m_0349 OK 
[2026-07-23 18:01:22,331] INFO: v2_osm_mit_campus_reality_exact_500m_0m_0350 OK 
[2026-07-23 18:01:22,333] INFO: v2_osm_nuuksio_sparse_trails_offset_n_1000m_1500m_0351 FAIL_BUILD_OSM osm_process: Graph contains no edges.
[2026-07-23 18:01:22,333] INFO: v2_osm_rio_centro_buses_offset_e_1500m_200m_0352 OK 
[2026-07-23 18:01:22,333] INFO: v2_osm_roma_centro_offset_s_2500m_500m_0353 OK 
[2026-07-23 18:01:22,333] INFO: v2_osm_sf_cabspotting_downtown_offset_w_5000m_1000m_0354 OK 
[2026-07-23 18:01:22,333] INFO: v2_osm_sf_mission_corridor_exact_500m_0m_0355 OK 
[2026-07-23 18:01:22,345] INFO: v2_osm_tampere_suburban_offset_n_1000m_200m_0356 FAIL_BUILD_OSM too few segments (10 < 20)
[2026-07-23 18:01:22,346] INFO: v2_osm_cambridge_haggle_offset_e_1500m_500m_0357 OK 
[2026-07-23 18:01:22,346] INFO: v2_osm_dieselnet_amherst_offset_s_2500m_1000m_0358 OK 
[2026-07-23 18:01:22,346] INFO: v2_osm_helsinki_archipelago_offset_w_5000m_1500m_0359 OK 
[2026-07-23 18:01:22,346] INFO: v2_osm_helsinki_disrupted_exact_500m_0m_0360 OK 
[2026-07-23 18:01:22,346] INFO: v2_osm_helsinki_downtown_offset_n_1000m_500m_0361 OK 
[2026-07-23 18:01:22,346] INFO: v2_osm_kallio_community_offset_e_1500m_1000m_0362 OK 
[2026-07-23 18:01:22,346] INFO: v2_osm_kumpula_campus_offset_s_2500m_1500m_0363 OK 
[2026-07-23 18:01:22,347] INFO: v2_osm_lapland_rural_sparse_offset_w_5000m_200m_0364 OK 
[2026-07-23 18:01:22,347] INFO: v2_osm_london_industrial_corridor_exact_500m_0m_0365 OK 
[2026-07-23 18:01:22,347] INFO: v2_osm_manhattan_midtown_offset_n_1000m_1000m_0366 OK 
[2026-07-23 18:01:22,347] INFO: v2_osm_mit_campus_reality_offset_e_1500m_1500m_0367 OK 
[2026-07-23 18:01:22,347] INFO: v2_osm_nuuksio_sparse_trails_offset_s_2500m_200m_0368 OK 
[2026-07-23 18:01:22,347] INFO: v2_osm_rio_centro_buses_offset_w_5000m_500m_0369 OK 
[2026-07-23 18:01:22,348] INFO: v2_osm_roma_centro_exact_500m_0m_0370 OK 
[2026-07-23 18:01:22,348] INFO: v2_osm_sf_cabspotting_downtown_offset_n_1000m_1500m_0371 OK 
[2026-07-23 18:01:22,348] INFO: v2_osm_sf_mission_corridor_offset_e_1500m_200m_0372 OK 
[2026-07-23 18:01:22,348] INFO: v2_osm_tampere_suburban_offset_s_2500m_500m_0373 OK 
[2026-07-23 18:01:22,348] INFO: v2_osm_cambridge_haggle_offset_w_5000m_1000m_0374 OK 
[2026-07-23 18:01:22,348] INFO: v2_osm_dieselnet_amherst_exact_500m_0m_0375 OK 
[2026-07-23 18:01:22,348] INFO: v2_osm_helsinki_archipelago_offset_n_1000m_200m_0376 OK 
[2026-07-23 18:01:22,349] INFO: v2_osm_helsinki_disrupted_offset_e_1500m_500m_0377 OK 
[2026-07-23 18:01:22,349] INFO: v2_osm_helsinki_downtown_offset_s_2500m_1000m_0378 OK 
[2026-07-23 18:01:22,349] INFO: v2_osm_kallio_community_offset_w_5000m_1500m_0379 OK 
[2026-07-23 18:01:22,349] INFO: v2_osm_kumpula_campus_exact_500m_0m_0380 OK 
[2026-07-23 18:01:22,349] INFO: v2_osm_lapland_rural_sparse_offset_n_1000m_500m_0381 OK 
[2026-07-23 18:01:22,349] INFO: v2_osm_london_industrial_corridor_offset_e_1500m_1000m_0382 OK 
[2026-07-23 18:01:22,349] INFO: v2_osm_manhattan_midtown_offset_s_2500m_1500m_0383 OK 
[2026-07-23 18:01:22,350] INFO: v2_osm_mit_campus_reality_offset_w_5000m_200m_0384 OK 
[2026-07-23 18:01:22,357] INFO: v2_osm_nuuksio_sparse_trails_exact_500m_0m_0385 FAIL_BUILD_OSM too few segments (8 < 20)
[2026-07-23 18:01:22,358] INFO: v2_osm_rio_centro_buses_offset_n_1000m_1000m_0386 OK 
[2026-07-23 18:01:22,358] INFO: v2_osm_roma_centro_offset_e_1500m_1500m_0387 OK 
[2026-07-23 18:01:22,358] INFO: v2_osm_sf_cabspotting_downtown_offset_s_2500m_200m_0388 OK 
[2026-07-23 18:01:22,358] INFO: v2_osm_sf_mission_corridor_offset_w_5000m_500m_0389 OK 
[2026-07-23 18:01:22,359] INFO: v2_osm_tampere_suburban_exact_500m_0m_0390 FAIL_BUILD_OSM osm_process: Graph contains no edges.
[2026-07-23 18:01:22,360] INFO: v2_osm_cambridge_haggle_offset_n_1000m_1500m_0391 OK 
[2026-07-23 18:01:22,360] INFO: v2_osm_dieselnet_amherst_offset_e_1500m_200m_0392 OK 
[2026-07-23 18:01:22,360] INFO: v2_osm_helsinki_archipelago_offset_s_2500m_500m_0393 OK 
[2026-07-23 18:01:22,360] INFO: v2_osm_helsinki_disrupted_offset_w_5000m_1000m_0394 OK 
[2026-07-23 18:01:22,360] INFO: v2_osm_helsinki_downtown_exact_500m_0m_0395 OK 
[2026-07-23 18:01:22,360] INFO: v2_osm_kallio_community_offset_n_1000m_200m_0396 OK 
[2026-07-23 18:01:22,360] INFO: v2_osm_kumpula_campus_offset_e_1500m_500m_0397 OK 
[2026-07-23 18:01:22,361] INFO: v2_osm_lapland_rural_sparse_offset_s_2500m_1000m_0398 OK 
[2026-07-23 18:01:22,361] INFO: v2_osm_london_industrial_corridor_offset_w_5000m_1500m_0399 OK 
[2026-07-23 18:01:22,369] INFO: v2_osm_manhattan_midtown_exact_500m_0m_0400 FAIL_BUILD_OSM too few segments (14 < 20)
[2026-07-23 18:01:22,369] INFO: v2_osm_mit_campus_reality_offset_n_1000m_500m_0401 OK 
[2026-07-23 18:01:22,370] INFO: v2_osm_nuuksio_sparse_trails_offset_e_1500m_1000m_0402 OK 
[2026-07-23 18:01:22,370] INFO: v2_osm_rio_centro_buses_offset_s_2500m_1500m_0403 OK 
[2026-07-23 18:01:22,370] INFO: v2_osm_roma_centro_offset_w_5000m_200m_0404 OK 
[2026-07-23 18:01:22,370] INFO: v2_osm_sf_cabspotting_downtown_exact_500m_0m_0405 OK 
[2026-07-23 18:01:22,370] INFO: v2_osm_sf_mission_corridor_offset_n_1000m_1000m_0406 OK 
[2026-07-23 18:01:22,370] INFO: v2_osm_tampere_suburban_offset_e_1500m_1500m_0407 OK 
[2026-07-23 18:01:22,371] INFO: v2_osm_cambridge_haggle_offset_s_2500m_200m_0408 OK 
[2026-07-23 18:01:22,371] INFO: v2_osm_dieselnet_amherst_offset_w_5000m_500m_0409 OK 
[2026-07-23 18:01:22,371] INFO: v2_osm_helsinki_archipelago_exact_500m_0m_0410 OK 
[2026-07-23 18:01:22,371] INFO: v2_osm_helsinki_disrupted_offset_n_1000m_1500m_0411 OK 
[2026-07-23 18:01:22,371] INFO: v2_osm_helsinki_downtown_offset_e_1500m_200m_0412 OK 
[2026-07-23 18:01:22,371] INFO: v2_osm_kallio_community_offset_s_2500m_500m_0413 OK 
[2026-07-23 18:01:22,371] INFO: v2_osm_kumpula_campus_offset_w_5000m_1000m_0414 OK 
[2026-07-23 18:01:22,371] INFO: v2_osm_lapland_rural_sparse_exact_500m_0m_0415 OK 
[2026-07-23 18:01:22,372] INFO: v2_osm_london_industrial_corridor_offset_n_1000m_200m_0416 OK 
[2026-07-23 18:01:22,372] INFO: v2_osm_manhattan_midtown_offset_e_1500m_500m_0417 OK 
[2026-07-23 18:01:22,372] INFO: v2_osm_mit_campus_reality_offset_s_2500m_1000m_0418 OK 
[2026-07-23 18:01:22,372] INFO: v2_osm_nuuksio_sparse_trails_offset_w_5000m_1500m_0419 OK 
[2026-07-23 18:01:22,372] INFO: v2_osm_rio_centro_buses_exact_500m_0m_0420 OK 
[2026-07-23 18:01:22,372] INFO: v2_osm_roma_centro_offset_n_1000m_500m_0421 OK 
[2026-07-23 18:01:22,373] INFO: v2_osm_sf_cabspotting_downtown_offset_e_1500m_1000m_0422 OK 
[2026-07-23 18:01:22,373] INFO: v2_osm_sf_mission_corridor_offset_s_2500m_1500m_0423 OK 
[2026-07-23 18:01:22,373] INFO: v2_osm_tampere_suburban_offset_w_5000m_200m_0424 OK 
[2026-07-23 18:01:22,373] INFO: v2_osm_cambridge_haggle_exact_500m_0m_0425 OK 
[2026-07-23 18:01:22,373] INFO: v2_osm_dieselnet_amherst_offset_n_1000m_1000m_0426 OK 
[2026-07-23 18:01:22,373] INFO: v2_osm_helsinki_archipelago_offset_e_1500m_1500m_0427 OK 
[2026-07-23 18:01:22,373] INFO: v2_osm_helsinki_disrupted_offset_s_2500m_200m_0428 OK 
[2026-07-23 18:01:22,374] INFO: v2_osm_helsinki_downtown_offset_w_5000m_500m_0429 OK 
[2026-07-23 18:01:22,374] INFO: v2_osm_kallio_community_exact_500m_0m_0430 OK 
[2026-07-23 18:01:22,374] INFO: v2_osm_kumpula_campus_offset_n_1000m_1500m_0431 OK 
[2026-07-23 18:01:22,374] INFO: v2_osm_lapland_rural_sparse_offset_e_1500m_200m_0432 OK 
[2026-07-23 18:01:22,374] INFO: v2_osm_london_industrial_corridor_offset_s_2500m_500m_0433 OK 
[2026-07-23 18:01:22,374] INFO: v2_osm_manhattan_midtown_offset_w_5000m_1000m_0434 OK 
[2026-07-23 18:01:22,374] INFO: v2_osm_mit_campus_reality_exact_500m_0m_0435 OK 
[2026-07-23 18:01:22,375] INFO: v2_osm_nuuksio_sparse_trails_offset_n_1000m_200m_0436 OK 
[2026-07-23 18:01:22,375] INFO: v2_osm_rio_centro_buses_offset_e_1500m_500m_0437 OK 
[2026-07-23 18:01:22,375] INFO: v2_osm_roma_centro_offset_s_2500m_1000m_0438 OK 
[2026-07-23 18:01:22,375] INFO: v2_osm_sf_cabspotting_downtown_offset_w_5000m_1500m_0439 OK 
[2026-07-23 18:01:22,375] INFO: v2_osm_sf_mission_corridor_exact_500m_0m_0440 OK 
[2026-07-23 18:01:22,382] INFO: v2_osm_tampere_suburban_offset_n_1000m_500m_0441 FAIL_BUILD_OSM too few segments (2 < 20)
[2026-07-23 18:01:22,382] INFO: v2_osm_cambridge_haggle_offset_e_1500m_1000m_0442 OK 
[2026-07-23 18:01:22,383] INFO: v2_osm_dieselnet_amherst_offset_s_2500m_1500m_0443 OK 
[2026-07-23 18:01:22,383] INFO: v2_osm_helsinki_archipelago_offset_w_5000m_200m_0444 OK 
[2026-07-23 18:01:22,383] INFO: v2_osm_helsinki_disrupted_exact_500m_0m_0445 OK 
[2026-07-23 18:01:22,383] INFO: v2_osm_helsinki_downtown_offset_n_1000m_1000m_0446 OK 
[2026-07-23 18:01:22,383] INFO: v2_osm_kallio_community_offset_e_1500m_1500m_0447 OK 
[2026-07-23 18:01:22,383] INFO: v2_osm_kumpula_campus_offset_s_2500m_200m_0448 OK 
[2026-07-23 18:01:22,384] INFO: v2_osm_lapland_rural_sparse_offset_w_5000m_500m_0449 OK 
[2026-07-23 18:01:22,384] INFO: v2_osm_london_industrial_corridor_exact_500m_0m_0450 OK 
[2026-07-23 18:01:22,384] INFO: v2_osm_manhattan_midtown_offset_n_1000m_1500m_0451 OK 
[2026-07-23 18:01:22,384] INFO: v2_osm_mit_campus_reality_offset_e_1500m_200m_0452 OK 
[2026-07-23 18:01:22,384] INFO: v2_osm_nuuksio_sparse_trails_offset_s_2500m_500m_0453 OK 
[2026-07-23 18:01:22,384] INFO: v2_osm_rio_centro_buses_offset_w_5000m_1000m_0454 OK 
[2026-07-23 18:01:22,384] INFO: v2_osm_roma_centro_exact_500m_0m_0455 OK 
[2026-07-23 18:01:22,385] INFO: v2_osm_sf_cabspotting_downtown_offset_n_1000m_200m_0456 OK 
[2026-07-23 18:01:22,385] INFO: v2_osm_sf_mission_corridor_offset_e_1500m_500m_0457 OK 
[2026-07-23 18:01:22,385] INFO: v2_osm_tampere_suburban_offset_s_2500m_1000m_0458 OK 
[2026-07-23 18:01:22,385] INFO: v2_osm_cambridge_haggle_offset_w_5000m_1500m_0459 OK 
[2026-07-23 18:01:22,385] INFO: v2_osm_dieselnet_amherst_exact_500m_0m_0460 OK 
[2026-07-23 18:01:22,385] INFO: v2_osm_helsinki_archipelago_offset_n_1000m_500m_0461 OK 
[2026-07-23 18:01:22,385] INFO: v2_osm_helsinki_disrupted_offset_e_1500m_1000m_0462 OK 
[2026-07-23 18:01:22,386] INFO: v2_osm_helsinki_downtown_offset_s_2500m_1500m_0463 OK 
[2026-07-23 18:01:22,386] INFO: v2_osm_kallio_community_offset_w_5000m_200m_0464 OK 
[2026-07-23 18:01:22,386] INFO: v2_osm_kumpula_campus_exact_500m_0m_0465 OK 
[2026-07-23 18:01:22,386] INFO: v2_osm_lapland_rural_sparse_offset_n_1000m_1000m_0466 OK 
[2026-07-23 18:01:22,386] INFO: v2_osm_london_industrial_corridor_offset_e_1500m_1500m_0467 OK 
[2026-07-23 18:01:22,386] INFO: v2_osm_manhattan_midtown_offset_s_2500m_200m_0468 OK 
[2026-07-23 18:01:22,387] INFO: v2_osm_mit_campus_reality_offset_w_5000m_500m_0469 OK 
[2026-07-23 18:01:22,394] INFO: v2_osm_nuuksio_sparse_trails_exact_500m_0m_0470 FAIL_BUILD_OSM too few segments (8 < 20)
[2026-07-23 18:01:22,394] INFO: v2_osm_rio_centro_buses_offset_n_1000m_1500m_0471 OK 
[2026-07-23 18:01:22,394] INFO: v2_osm_roma_centro_offset_e_1500m_200m_0472 OK 
[2026-07-23 18:01:22,394] INFO: v2_osm_sf_cabspotting_downtown_offset_s_2500m_500m_0473 OK 
[2026-07-23 18:01:22,395] INFO: v2_osm_sf_mission_corridor_offset_w_5000m_1000m_0474 OK 
[2026-07-23 18:01:22,396] INFO: v2_osm_tampere_suburban_exact_500m_0m_0475 FAIL_BUILD_OSM osm_process: Graph contains no edges.
[2026-07-23 18:01:22,396] INFO: v2_osm_cambridge_haggle_offset_n_1000m_200m_0476 OK 
[2026-07-23 18:01:22,396] INFO: v2_osm_dieselnet_amherst_offset_e_1500m_500m_0477 OK 
[2026-07-23 18:01:22,397] INFO: v2_osm_helsinki_archipelago_offset_s_2500m_1000m_0478 OK 
[2026-07-23 18:01:22,397] INFO: v2_osm_helsinki_disrupted_offset_w_5000m_1500m_0479 OK 
[2026-07-23 18:01:22,397] INFO: v2_osm_helsinki_downtown_exact_500m_0m_0480 OK 
[2026-07-23 18:01:22,397] INFO: v2_osm_kallio_community_offset_n_1000m_500m_0481 OK 
[2026-07-23 18:01:22,397] INFO: v2_osm_kumpula_campus_offset_e_1500m_1000m_0482 OK 
[2026-07-23 18:01:22,397] INFO: v2_osm_lapland_rural_sparse_offset_s_2500m_1500m_0483 OK 
[2026-07-23 18:01:22,398] INFO: v2_osm_london_industrial_corridor_offset_w_5000m_200m_0484 OK 
[2026-07-23 18:01:22,406] INFO: v2_osm_manhattan_midtown_exact_500m_0m_0485 FAIL_BUILD_OSM too few segments (14 < 20)
[2026-07-23 18:01:22,406] INFO: v2_osm_mit_campus_reality_offset_n_1000m_1000m_0486 OK 
[2026-07-23 18:01:22,406] INFO: v2_osm_nuuksio_sparse_trails_offset_e_1500m_1500m_0487 OK 
[2026-07-23 18:01:22,406] INFO: v2_osm_rio_centro_buses_offset_s_2500m_200m_0488 OK 
[2026-07-23 18:01:22,407] INFO: v2_osm_roma_centro_offset_w_5000m_500m_0489 OK 
[2026-07-23 18:01:22,407] INFO: v2_osm_sf_cabspotting_downtown_exact_500m_0m_0490 OK 
[2026-07-23 18:01:22,407] INFO: v2_osm_sf_mission_corridor_offset_n_1000m_1500m_0491 OK 
[2026-07-23 18:01:22,407] INFO: v2_osm_tampere_suburban_offset_e_1500m_200m_0492 OK 
[2026-07-23 18:01:22,407] INFO: v2_osm_cambridge_haggle_offset_s_2500m_500m_0493 OK 
[2026-07-23 18:01:22,407] INFO: v2_osm_dieselnet_amherst_offset_w_5000m_1000m_0494 OK 
[2026-07-23 18:01:22,408] INFO: v2_osm_helsinki_archipelago_exact_500m_0m_0495 OK 
[2026-07-23 18:01:22,408] INFO: v2_osm_helsinki_disrupted_offset_n_1000m_200m_0496 OK 
[2026-07-23 18:01:22,408] INFO: v2_osm_helsinki_downtown_offset_e_1500m_500m_0497 OK 
[2026-07-23 18:01:22,408] INFO: v2_osm_kallio_community_offset_s_2500m_1000m_0498 OK 
[2026-07-23 18:01:22,408] INFO: v2_osm_kumpula_campus_offset_w_5000m_1500m_0499 OK 
[2026-07-23 18:01:22,408] INFO: v2_osm_lapland_rural_sparse_exact_500m_0m_0500 OK 
[2026-07-23 18:01:22,408] INFO: v2_osm_london_industrial_corridor_offset_n_1000m_500m_0501 OK 
[2026-07-23 18:01:22,409] INFO: v2_osm_manhattan_midtown_offset_e_1500m_1000m_0502 OK 
[2026-07-23 18:01:22,409] INFO: v2_osm_mit_campus_reality_offset_s_2500m_1500m_0503 OK 
[2026-07-23 18:01:22,409] INFO: v2_osm_nuuksio_sparse_trails_offset_w_5000m_200m_0504 OK 
[2026-07-23 18:01:22,409] INFO: v2_osm_rio_centro_buses_exact_500m_0m_0505 OK 
[2026-07-23 18:01:22,409] INFO: v2_osm_roma_centro_offset_n_1000m_1000m_0506 OK 
[2026-07-23 18:01:22,409] INFO: v2_osm_sf_cabspotting_downtown_offset_e_1500m_1500m_0507 OK 
[2026-07-23 18:01:22,410] INFO: v2_osm_sf_mission_corridor_offset_s_2500m_200m_0508 OK 
[2026-07-23 18:01:22,410] INFO: v2_osm_tampere_suburban_offset_w_5000m_500m_0509 OK 
[2026-07-23 18:01:22,410] INFO: v2_osm_cambridge_haggle_exact_500m_0m_0510 OK 
[2026-07-23 18:01:22,410] INFO: v2_osm_dieselnet_amherst_offset_n_1000m_1500m_0511 OK 
[2026-07-23 18:01:22,410] INFO: v2_osm_helsinki_archipelago_offset_e_1500m_200m_0512 OK 
[2026-07-23 18:01:22,410] INFO: v2_osm_helsinki_disrupted_offset_s_2500m_500m_0513 OK 
[2026-07-23 18:01:22,410] INFO: v2_osm_helsinki_downtown_offset_w_5000m_1000m_0514 OK 
[2026-07-23 18:01:22,411] INFO: v2_osm_kallio_community_exact_500m_0m_0515 OK 
[2026-07-23 18:01:22,411] INFO: v2_osm_kumpula_campus_offset_n_1000m_200m_0516 OK 
[2026-07-23 18:01:22,411] INFO: v2_osm_lapland_rural_sparse_offset_e_1500m_500m_0517 OK 
[2026-07-23 18:01:22,411] INFO: v2_osm_london_industrial_corridor_offset_s_2500m_1000m_0518 OK 
[2026-07-23 18:01:22,411] INFO: v2_osm_manhattan_midtown_offset_w_5000m_1500m_0519 OK 
[2026-07-23 18:01:22,411] INFO: v2_osm_mit_campus_reality_exact_500m_0m_0520 OK 
[2026-07-23 18:01:22,420] INFO: v2_osm_nuuksio_sparse_trails_offset_n_1000m_500m_0521 FAIL_BUILD_OSM too few segments (14 < 20)
[2026-07-23 18:01:22,420] INFO: v2_osm_rio_centro_buses_offset_e_1500m_1000m_0522 OK 
[2026-07-23 18:01:22,420] INFO: v2_osm_roma_centro_offset_s_2500m_1500m_0523 OK 
[2026-07-23 18:01:22,420] INFO: v2_osm_sf_cabspotting_downtown_offset_w_5000m_200m_0524 OK 
[2026-07-23 18:01:22,420] INFO: v2_osm_sf_mission_corridor_exact_500m_0m_0525 OK 
[2026-07-23 18:01:22,427] INFO: v2_osm_tampere_suburban_offset_n_1000m_1000m_0526 FAIL_BUILD_OSM too few segments (2 < 20)
[2026-07-23 18:01:22,427] INFO: v2_osm_cambridge_haggle_offset_e_1500m_1500m_0527 OK 
[2026-07-23 18:01:22,427] INFO: v2_osm_dieselnet_amherst_offset_s_2500m_200m_0528 OK 
[2026-07-23 18:01:22,428] INFO: v2_osm_helsinki_archipelago_offset_w_5000m_500m_0529 OK 
[2026-07-23 18:01:22,428] INFO: v2_osm_helsinki_disrupted_exact_500m_0m_0530 OK 
[2026-07-23 18:01:22,428] INFO: v2_osm_helsinki_downtown_offset_n_1000m_1500m_0531 OK 
[2026-07-23 18:01:22,428] INFO: v2_osm_kallio_community_offset_e_1500m_200m_0532 OK 
[2026-07-23 18:01:22,428] INFO: v2_osm_kumpula_campus_offset_s_2500m_500m_0533 OK 
[2026-07-23 18:01:22,428] INFO: v2_osm_lapland_rural_sparse_offset_w_5000m_1000m_0534 OK 
[2026-07-23 18:01:22,429] INFO: v2_osm_london_industrial_corridor_exact_500m_0m_0535 OK 
[2026-07-23 18:01:22,429] INFO: v2_osm_manhattan_midtown_offset_n_1000m_200m_0536 OK 
[2026-07-23 18:01:22,429] INFO: v2_osm_mit_campus_reality_offset_e_1500m_500m_0537 OK 
[2026-07-23 18:01:22,429] INFO: v2_osm_nuuksio_sparse_trails_offset_s_2500m_1000m_0538 OK 
[2026-07-23 18:01:22,429] INFO: v2_osm_rio_centro_buses_offset_w_5000m_1500m_0539 OK 
[2026-07-23 18:01:22,429] INFO: v2_osm_roma_centro_exact_500m_0m_0540 OK 
[2026-07-23 18:01:22,429] INFO: v2_osm_sf_cabspotting_downtown_offset_n_1000m_500m_0541 OK 
[2026-07-23 18:01:22,430] INFO: v2_osm_sf_mission_corridor_offset_e_1500m_1000m_0542 OK 
[2026-07-23 18:01:22,430] INFO: v2_osm_tampere_suburban_offset_s_2500m_1500m_0543 OK 
[2026-07-23 18:01:22,430] INFO: v2_osm_cambridge_haggle_offset_w_5000m_200m_0544 OK 
[2026-07-23 18:01:22,430] INFO: v2_osm_dieselnet_amherst_exact_500m_0m_0545 OK 
[2026-07-23 18:01:22,430] INFO: v2_osm_helsinki_archipelago_offset_n_1000m_1000m_0546 OK 
[2026-07-23 18:01:22,430] INFO: v2_osm_helsinki_disrupted_offset_e_1500m_1500m_0547 OK 
[2026-07-23 18:01:22,430] INFO: v2_osm_helsinki_downtown_offset_s_2500m_200m_0548 OK 
[2026-07-23 18:01:22,431] INFO: v2_osm_kallio_community_offset_w_5000m_500m_0549 OK 
[2026-07-23 18:01:22,431] INFO: v2_osm_kumpula_campus_exact_500m_0m_0550 OK 
[2026-07-23 18:01:22,438] INFO: v2_osm_lapland_rural_sparse_offset_n_1000m_1500m_0551 FAIL_BUILD_OSM too few segments (2 < 20)
[2026-07-23 18:01:22,438] INFO: v2_osm_london_industrial_corridor_offset_e_1500m_200m_0552 OK 
[2026-07-23 18:01:22,438] INFO: v2_osm_manhattan_midtown_offset_s_2500m_500m_0553 OK 
[2026-07-23 18:01:22,438] INFO: v2_osm_mit_campus_reality_offset_w_5000m_1000m_0554 OK 
[2026-07-23 18:01:22,445] INFO: v2_osm_nuuksio_sparse_trails_exact_500m_0m_0555 FAIL_BUILD_OSM too few segments (8 < 20)
[2026-07-23 18:01:22,446] INFO: v2_osm_rio_centro_buses_offset_n_1000m_200m_0556 OK 
[2026-07-23 18:01:22,446] INFO: v2_osm_roma_centro_offset_e_1500m_500m_0557 OK 
[2026-07-23 18:01:22,446] INFO: v2_osm_sf_cabspotting_downtown_offset_s_2500m_1000m_0558 OK 
[2026-07-23 18:01:22,446] INFO: v2_osm_sf_mission_corridor_offset_w_5000m_1500m_0559 OK 
[2026-07-23 18:01:22,448] INFO: v2_osm_tampere_suburban_exact_500m_0m_0560 FAIL_BUILD_OSM osm_process: Graph contains no edges.
[2026-07-23 18:01:22,448] INFO: v2_osm_cambridge_haggle_offset_n_1000m_500m_0561 OK 
[2026-07-23 18:01:22,448] INFO: v2_osm_dieselnet_amherst_offset_e_1500m_1000m_0562 OK 
[2026-07-23 18:01:22,448] INFO: v2_osm_helsinki_archipelago_offset_s_2500m_1500m_0563 OK 
[2026-07-23 18:01:22,448] INFO: v2_osm_helsinki_disrupted_offset_w_5000m_200m_0564 OK 
[2026-07-23 18:01:22,448] INFO: v2_osm_helsinki_downtown_exact_500m_0m_0565 OK 
[2026-07-23 18:01:22,449] INFO: v2_osm_kallio_community_offset_n_1000m_1000m_0566 OK 
[2026-07-23 18:01:22,449] INFO: v2_osm_kumpula_campus_offset_e_1500m_1500m_0567 OK 
[2026-07-23 18:01:22,449] INFO: v2_osm_lapland_rural_sparse_offset_s_2500m_200m_0568 OK 
[2026-07-23 18:01:22,449] INFO: v2_osm_london_industrial_corridor_offset_w_5000m_500m_0569 OK 
[2026-07-23 18:01:22,457] INFO: v2_osm_manhattan_midtown_exact_500m_0m_0570 FAIL_BUILD_OSM too few segments (14 < 20)
[2026-07-23 18:01:22,457] INFO: v2_osm_mit_campus_reality_offset_n_1000m_1500m_0571 OK 
[2026-07-23 18:01:22,458] INFO: v2_osm_nuuksio_sparse_trails_offset_e_1500m_200m_0572 OK 
[2026-07-23 18:01:22,458] INFO: v2_osm_rio_centro_buses_offset_s_2500m_500m_0573 OK 
[2026-07-23 18:01:22,458] INFO: v2_osm_roma_centro_offset_w_5000m_1000m_0574 OK 
[2026-07-23 18:01:22,458] INFO: v2_osm_sf_cabspotting_downtown_exact_500m_0m_0575 OK 
[2026-07-23 18:01:22,458] INFO: v2_osm_sf_mission_corridor_offset_n_1000m_200m_0576 OK 
[2026-07-23 18:01:22,458] INFO: v2_osm_tampere_suburban_offset_e_1500m_500m_0577 OK 
[2026-07-23 18:01:22,459] INFO: v2_osm_cambridge_haggle_offset_s_2500m_1000m_0578 OK 
[2026-07-23 18:01:22,459] INFO: v2_osm_dieselnet_amherst_offset_w_5000m_1500m_0579 OK 
[2026-07-23 18:01:22,459] INFO: v2_osm_helsinki_archipelago_exact_500m_0m_0580 OK 
[2026-07-23 18:01:22,459] INFO: v2_osm_helsinki_disrupted_offset_n_1000m_500m_0581 OK 
[2026-07-23 18:01:22,459] INFO: v2_osm_helsinki_downtown_offset_e_1500m_1000m_0582 OK 
[2026-07-23 18:01:22,459] INFO: v2_osm_kallio_community_offset_s_2500m_1500m_0583 OK 
[2026-07-23 18:01:22,459] INFO: v2_osm_kumpula_campus_offset_w_5000m_200m_0584 OK 
[2026-07-23 18:01:22,460] INFO: v2_osm_lapland_rural_sparse_exact_500m_0m_0585 OK 
[2026-07-23 18:01:22,460] INFO: v2_osm_london_industrial_corridor_offset_n_1000m_1000m_0586 OK 
[2026-07-23 18:01:22,460] INFO: v2_osm_manhattan_midtown_offset_e_1500m_1500m_0587 OK 
[2026-07-23 18:01:22,460] INFO: v2_osm_mit_campus_reality_offset_s_2500m_200m_0588 OK 
[2026-07-23 18:01:22,460] INFO: v2_osm_nuuksio_sparse_trails_offset_w_5000m_500m_0589 OK 
[2026-07-23 18:01:22,460] INFO: v2_osm_rio_centro_buses_exact_500m_0m_0590 OK 
[2026-07-23 18:01:22,461] INFO: v2_osm_roma_centro_offset_n_1000m_1500m_0591 OK 
[2026-07-23 18:01:22,461] INFO: v2_osm_sf_cabspotting_downtown_offset_e_1500m_200m_0592 OK 
[2026-07-23 18:01:22,461] INFO: v2_osm_sf_mission_corridor_offset_s_2500m_500m_0593 OK 
[2026-07-23 18:01:22,461] INFO: v2_osm_tampere_suburban_offset_w_5000m_1000m_0594 OK 
[2026-07-23 18:01:22,461] INFO: v2_osm_cambridge_haggle_exact_500m_0m_0595 OK 
[2026-07-23 18:01:22,461] INFO: v2_osm_dieselnet_amherst_offset_n_1000m_200m_0596 OK 
[2026-07-23 18:01:22,461] INFO: v2_osm_helsinki_archipelago_offset_e_1500m_500m_0597 OK 
[2026-07-23 18:01:22,462] INFO: v2_osm_helsinki_disrupted_offset_s_2500m_1000m_0598 OK 
[2026-07-23 18:01:22,462] INFO: v2_osm_helsinki_downtown_offset_w_5000m_1500m_0599 OK 
[2026-07-23 18:01:22,462] INFO: v2_osm_kallio_community_exact_500m_0m_0600 OK 
[2026-07-23 18:01:22,462] INFO: v2_osm_kumpula_campus_offset_n_1000m_500m_0601 OK 
[2026-07-23 18:01:22,462] INFO: v2_osm_lapland_rural_sparse_offset_e_1500m_1000m_0602 OK 
[2026-07-23 18:01:22,462] INFO: v2_osm_london_industrial_corridor_offset_s_2500m_1500m_0603 OK 
[2026-07-23 18:01:22,462] INFO: v2_osm_manhattan_midtown_offset_w_5000m_200m_0604 OK 
[2026-07-23 18:01:22,463] INFO: v2_osm_mit_campus_reality_exact_500m_0m_0605 OK 
[2026-07-23 18:01:22,470] INFO: v2_osm_nuuksio_sparse_trails_offset_n_1000m_1000m_0606 FAIL_BUILD_OSM too few segments (2 < 20)
[2026-07-23 18:01:22,470] INFO: v2_osm_rio_centro_buses_offset_e_1500m_1500m_0607 OK 
[2026-07-23 18:01:22,470] INFO: v2_osm_roma_centro_offset_s_2500m_200m_0608 OK 
[2026-07-23 18:01:22,470] INFO: v2_osm_sf_cabspotting_downtown_offset_w_5000m_500m_0609 OK 
[2026-07-23 18:01:22,470] INFO: v2_osm_sf_mission_corridor_exact_500m_0m_0610 OK 
[2026-07-23 18:01:22,470] INFO: v2_osm_tampere_suburban_offset_n_1000m_1500m_0611 OK 
[2026-07-23 18:01:22,471] INFO: v2_osm_cambridge_haggle_offset_e_1500m_200m_0612 OK 
[2026-07-23 18:01:22,471] INFO: v2_osm_dieselnet_amherst_offset_s_2500m_500m_0613 OK 
[2026-07-23 18:01:22,471] INFO: v2_osm_helsinki_archipelago_offset_w_5000m_1000m_0614 OK 
[2026-07-23 18:01:22,471] INFO: v2_osm_helsinki_disrupted_exact_500m_0m_0615 OK 
[2026-07-23 18:01:22,471] INFO: v2_osm_helsinki_downtown_offset_n_1000m_200m_0616 OK 
[2026-07-23 18:01:22,471] INFO: v2_osm_kallio_community_offset_e_1500m_500m_0617 OK 
[2026-07-23 18:01:22,471] INFO: v2_osm_kumpula_campus_offset_s_2500m_1000m_0618 OK 
[2026-07-23 18:01:22,472] INFO: v2_osm_lapland_rural_sparse_offset_w_5000m_1500m_0619 OK 
[2026-07-23 18:01:22,472] INFO: v2_osm_london_industrial_corridor_exact_500m_0m_0620 OK 
[2026-07-23 18:01:22,472] INFO: v2_osm_manhattan_midtown_offset_n_1000m_500m_0621 OK 
[2026-07-23 18:01:22,472] INFO: v2_osm_mit_campus_reality_offset_e_1500m_1000m_0622 OK 
[2026-07-23 18:01:22,472] INFO: v2_osm_nuuksio_sparse_trails_offset_s_2500m_1500m_0623 OK 
[2026-07-23 18:01:22,472] INFO: v2_osm_rio_centro_buses_offset_w_5000m_200m_0624 OK 
[2026-07-23 18:01:22,472] INFO: v2_osm_roma_centro_exact_500m_0m_0625 OK 
[2026-07-23 18:01:22,472] INFO: v2_osm_sf_cabspotting_downtown_offset_n_1000m_1000m_0626 OK 
[2026-07-23 18:01:22,473] INFO: v2_osm_sf_mission_corridor_offset_e_1500m_1500m_0627 OK 
[2026-07-23 18:01:22,473] INFO: v2_osm_tampere_suburban_offset_s_2500m_200m_0628 OK 
[2026-07-23 18:01:22,473] INFO: v2_osm_cambridge_haggle_offset_w_5000m_500m_0629 OK 
[2026-07-23 18:01:22,473] INFO: v2_osm_dieselnet_amherst_exact_500m_0m_0630 OK 
[2026-07-23 18:01:22,473] INFO: v2_osm_helsinki_archipelago_offset_n_1000m_1500m_0631 OK 
[2026-07-23 18:01:22,474] INFO: v2_osm_helsinki_disrupted_offset_e_1500m_200m_0632 OK 
[2026-07-23 18:01:22,474] INFO: v2_osm_helsinki_downtown_offset_s_2500m_500m_0633 OK 
[2026-07-23 18:01:22,474] INFO: v2_osm_kallio_community_offset_w_5000m_1000m_0634 OK 
[2026-07-23 18:01:22,474] INFO: v2_osm_kumpula_campus_exact_500m_0m_0635 OK 
[2026-07-23 18:01:22,474] INFO: v2_osm_lapland_rural_sparse_offset_n_1000m_200m_0636 OK 
[2026-07-23 18:01:22,474] INFO: v2_osm_london_industrial_corridor_offset_e_1500m_500m_0637 OK 
[2026-07-23 18:01:22,474] INFO: v2_osm_manhattan_midtown_offset_s_2500m_1000m_0638 OK 
[2026-07-23 18:01:22,475] INFO: v2_osm_mit_campus_reality_offset_w_5000m_1500m_0639 OK 
[2026-07-23 18:01:22,482] INFO: v2_osm_nuuksio_sparse_trails_exact_500m_0m_0640 FAIL_BUILD_OSM too few segments (8 < 20)
[2026-07-23 18:01:22,482] INFO: v2_osm_rio_centro_buses_offset_n_1000m_500m_0641 OK 
[2026-07-23 18:01:22,483] INFO: v2_osm_roma_centro_offset_e_1500m_1000m_0642 OK 
[2026-07-23 18:01:22,483] INFO: v2_osm_sf_cabspotting_downtown_offset_s_2500m_1500m_0643 OK 
[2026-07-23 18:01:22,483] INFO: v2_osm_sf_mission_corridor_offset_w_5000m_200m_0644 OK 
[2026-07-23 18:01:22,484] INFO: v2_osm_tampere_suburban_exact_500m_0m_0645 FAIL_BUILD_OSM osm_process: Graph contains no edges.
[2026-07-23 18:01:22,484] INFO: v2_osm_cambridge_haggle_offset_n_1000m_1000m_0646 OK 
[2026-07-23 18:01:30,850] INFO: v2_osm_dieselnet_amherst_offset_e_1500m_1500m_0647 OK 
[2026-07-23 18:01:59,593] INFO: v2_osm_helsinki_archipelago_offset_s_2500m_200m_0648 OK 
[2026-07-23 18:03:11,055] INFO: v2_osm_helsinki_disrupted_offset_w_5000m_500m_0649 OK 
[2026-07-23 18:03:19,388] INFO: v2_osm_helsinki_downtown_exact_500m_0m_0650 OK 
[2026-07-23 18:03:38,783] INFO: v2_osm_kallio_community_offset_n_1000m_1500m_0651 OK 
[2026-07-23 18:03:53,399] INFO: v2_osm_kumpula_campus_offset_e_1500m_200m_0652 OK 
[2026-07-23 18:04:02,683] INFO: v2_osm_lapland_rural_sparse_offset_s_2500m_500m_0653 OK 
[2026-07-23 18:04:19,452] INFO: v2_osm_london_industrial_corridor_offset_w_5000m_1000m_0654 OK 
[2026-07-23 18:04:27,655] INFO: v2_osm_manhattan_midtown_exact_500m_0m_0655 FAIL_BUILD_OSM too few segments (14 < 20)
[2026-07-23 18:04:39,200] INFO: v2_osm_mit_campus_reality_offset_n_1000m_200m_0656 OK 
[2026-07-23 18:04:47,785] INFO: v2_osm_nuuksio_sparse_trails_offset_e_1500m_500m_0657 OK 
[2026-07-23 18:04:57,014] INFO: v2_osm_rio_centro_buses_offset_s_2500m_1000m_0658 OK 
[2026-07-23 18:05:12,379] INFO: v2_osm_roma_centro_offset_w_5000m_1500m_0659 OK 
[2026-07-23 18:05:21,190] INFO: v2_osm_sf_cabspotting_downtown_exact_500m_0m_0660 OK 
[2026-07-23 18:05:29,712] INFO: v2_osm_sf_mission_corridor_offset_n_1000m_500m_0661 OK 
[2026-07-23 18:05:38,325] INFO: v2_osm_tampere_suburban_offset_e_1500m_1000m_0662 OK 
[2026-07-23 18:05:52,067] INFO: v2_osm_cambridge_haggle_offset_s_2500m_1500m_0663 OK 
[2026-07-23 18:06:01,866] INFO: v2_osm_dieselnet_amherst_offset_w_5000m_200m_0664 OK 
[2026-07-23 18:06:12,340] INFO: v2_osm_helsinki_archipelago_exact_500m_0m_0665 OK 
[2026-07-23 18:06:21,961] INFO: v2_osm_helsinki_disrupted_offset_n_1000m_1000m_0666 OK 
[2026-07-23 18:06:30,623] INFO: v2_osm_helsinki_downtown_offset_e_1500m_1500m_0667 OK 
[2026-07-23 18:07:05,049] INFO: v2_osm_kallio_community_offset_s_2500m_200m_0668 OK 
[2026-07-23 18:08:11,375] INFO: v2_osm_kumpula_campus_offset_w_5000m_500m_0669 OK 
[2026-07-23 18:08:19,614] INFO: v2_osm_lapland_rural_sparse_exact_500m_0m_0670 OK 
[2026-07-23 18:08:28,109] INFO: v2_osm_london_industrial_corridor_offset_n_1000m_1500m_0671 OK 
[2026-07-23 18:08:28,109] INFO: v2_osm_manhattan_midtown_offset_e_1500m_200m_0672 FAIL_DOWNLOAD_SKIPPED max OSM downloads reached or disabled
[2026-07-23 18:08:28,109] INFO: v2_osm_mit_campus_reality_offset_s_2500m_500m_0673 FAIL_DOWNLOAD_SKIPPED max OSM downloads reached or disabled
[2026-07-23 18:08:28,109] INFO: v2_osm_nuuksio_sparse_trails_offset_w_5000m_1000m_0674 FAIL_DOWNLOAD_SKIPPED max OSM downloads reached or disabled
[2026-07-23 18:08:28,109] INFO: v2_osm_rio_centro_buses_exact_500m_0m_0675 FAIL_DOWNLOAD_SKIPPED max OSM downloads reached or disabled
[2026-07-23 18:08:28,109] INFO: v2_osm_roma_centro_offset_n_1000m_200m_0676 FAIL_DOWNLOAD_SKIPPED max OSM downloads reached or disabled
[2026-07-23 18:08:28,109] INFO: v2_osm_sf_cabspotting_downtown_offset_e_1500m_500m_0677 FAIL_DOWNLOAD_SKIPPED max OSM downloads reached or disabled
[2026-07-23 18:08:28,109] INFO: v2_osm_sf_mission_corridor_offset_s_2500m_1000m_0678 FAIL_DOWNLOAD_SKIPPED max OSM downloads reached or disabled
[2026-07-23 18:08:28,109] INFO: v2_osm_tampere_suburban_offset_w_5000m_1500m_0679 FAIL_DOWNLOAD_SKIPPED max OSM downloads reached or disabled
[2026-07-23 18:08:28,109] INFO: v2_osm_cambridge_haggle_exact_500m_0m_0680 FAIL_DOWNLOAD_SKIPPED max OSM downloads reached or disabled
[2026-07-23 18:08:28,109] INFO: v2_osm_dieselnet_amherst_offset_n_1000m_500m_0681 FAIL_DOWNLOAD_SKIPPED max OSM downloads reached or disabled
[2026-07-23 18:08:28,109] INFO: v2_osm_helsinki_archipelago_offset_e_1500m_1000m_0682 FAIL_DOWNLOAD_SKIPPED max OSM downloads reached or disabled
[2026-07-23 18:08:28,109] INFO: v2_osm_helsinki_disrupted_offset_s_2500m_1500m_0683 FAIL_DOWNLOAD_SKIPPED max OSM downloads reached or disabled
[2026-07-23 18:08:28,109] INFO: v2_osm_helsinki_downtown_offset_w_5000m_200m_0684 FAIL_DOWNLOAD_SKIPPED max OSM downloads reached or disabled
[2026-07-23 18:08:28,109] INFO: v2_osm_kallio_community_exact_500m_0m_0685 FAIL_DOWNLOAD_SKIPPED max OSM downloads reached or disabled
[2026-07-23 18:08:28,109] INFO: v2_osm_kumpula_campus_offset_n_1000m_1000m_0686 FAIL_DOWNLOAD_SKIPPED max OSM downloads reached or disabled
[2026-07-23 18:08:28,109] INFO: v2_osm_lapland_rural_sparse_offset_e_1500m_1500m_0687 FAIL_DOWNLOAD_SKIPPED max OSM downloads reached or disabled
[2026-07-23 18:08:28,109] INFO: v2_osm_london_industrial_corridor_offset_s_2500m_200m_0688 FAIL_DOWNLOAD_SKIPPED max OSM downloads reached or disabled
[2026-07-23 18:08:28,109] INFO: v2_osm_manhattan_midtown_offset_w_5000m_500m_0689 FAIL_DOWNLOAD_SKIPPED max OSM downloads reached or disabled
[2026-07-23 18:08:28,109] INFO: v2_osm_mit_campus_reality_exact_500m_0m_0690 FAIL_DOWNLOAD_SKIPPED max OSM downloads reached or disabled
[2026-07-23 18:08:28,110] INFO: v2_osm_nuuksio_sparse_trails_offset_n_1000m_1500m_0691 FAIL_DOWNLOAD_SKIPPED max OSM downloads reached or disabled
[2026-07-23 18:08:28,110] INFO: v2_osm_rio_centro_buses_offset_e_1500m_200m_0692 FAIL_DOWNLOAD_SKIPPED max OSM downloads reached or disabled
[2026-07-23 18:08:28,110] INFO: v2_osm_roma_centro_offset_s_2500m_500m_0693 FAIL_DOWNLOAD_SKIPPED max OSM downloads reached or disabled
[2026-07-23 18:08:28,110] INFO: v2_osm_sf_cabspotting_downtown_offset_w_5000m_1000m_0694 FAIL_DOWNLOAD_SKIPPED max OSM downloads reached or disabled
[2026-07-23 18:08:28,110] INFO: v2_osm_sf_mission_corridor_exact_500m_0m_0695 FAIL_DOWNLOAD_SKIPPED max OSM downloads reached or disabled
[2026-07-23 18:08:28,110] INFO: v2_osm_tampere_suburban_offset_n_1000m_200m_0696 FAIL_DOWNLOAD_SKIPPED max OSM downloads reached or disabled
[2026-07-23 18:08:28,110] INFO: v2_osm_cambridge_haggle_offset_e_1500m_500m_0697 FAIL_DOWNLOAD_SKIPPED max OSM downloads reached or disabled
[2026-07-23 18:08:28,110] INFO: v2_osm_dieselnet_amherst_offset_s_2500m_1000m_0698 FAIL_DOWNLOAD_SKIPPED max OSM downloads reached or disabled
[2026-07-23 18:08:28,110] INFO: v2_osm_helsinki_archipelago_offset_w_5000m_1500m_0699 FAIL_DOWNLOAD_SKIPPED max OSM downloads reached or disabled
[2026-07-23 18:08:28,110] INFO: v2_osm_helsinki_disrupted_exact_500m_0m_0700 FAIL_DOWNLOAD_SKIPPED max OSM downloads reached or disabled
[2026-07-23 18:08:28,110] INFO: v2_osm_helsinki_downtown_offset_n_1000m_500m_0701 FAIL_DOWNLOAD_SKIPPED max OSM downloads reached or disabled
[2026-07-23 18:08:28,125] INFO: Generation complete: 648/719 OK
--- Round 7 --- skip=30 osm_ok=648 osm_total=719
>> generate osm max-downloads=25 target=1600
[2026-07-23 18:08:45,105] INFO: v2_osm_cambridge_haggle_exact_500m_0m_seed OK 
[2026-07-23 18:08:45,105] INFO: v2_osm_dieselnet_amherst_exact_500m_0m_seed OK 
[2026-07-23 18:08:45,105] INFO: v2_osm_helsinki_archipelago_exact_500m_0m_seed OK 
[2026-07-23 18:08:45,106] INFO: v2_osm_helsinki_disrupted_exact_500m_0m_seed OK 
[2026-07-23 18:08:45,106] INFO: v2_osm_helsinki_downtown_exact_500m_0m_seed OK 
[2026-07-23 18:08:45,106] INFO: v2_osm_kallio_community_exact_500m_0m_seed OK 
[2026-07-23 18:08:45,106] INFO: v2_osm_kumpula_campus_exact_500m_0m_seed OK 
[2026-07-23 18:08:45,106] INFO: v2_osm_lapland_rural_sparse_exact_500m_0m_seed OK 
[2026-07-23 18:08:45,106] INFO: v2_osm_london_industrial_corridor_exact_500m_0m_seed OK 
[2026-07-23 18:08:45,642] INFO: v2_osm_manhattan_midtown_exact_500m_0m_seed FAIL_BUILD_OSM too few segments (14 < 20)
[2026-07-23 18:08:45,642] INFO: v2_osm_mit_campus_reality_exact_500m_0m_seed OK 
[2026-07-23 18:08:45,675] INFO: v2_osm_nuuksio_sparse_trails_exact_500m_0m_seed FAIL_BUILD_OSM too few segments (8 < 20)
[2026-07-23 18:08:45,675] INFO: v2_osm_rio_centro_buses_exact_500m_0m_seed OK 
[2026-07-23 18:08:45,675] INFO: v2_osm_roma_centro_exact_500m_0m_seed OK 
[2026-07-23 18:08:45,675] INFO: v2_osm_sf_cabspotting_downtown_exact_500m_0m_seed OK 
[2026-07-23 18:08:45,676] INFO: v2_osm_sf_mission_corridor_exact_500m_0m_seed OK 
[2026-07-23 18:08:45,677] INFO: v2_osm_tampere_suburban_exact_500m_0m_seed FAIL_BUILD_OSM osm_process: Graph contains no edges.
[2026-07-23 18:08:45,677] INFO: v2_osm_cambridge_haggle_exact_500m_0m_0000 OK 
[2026-07-23 18:08:45,678] INFO: v2_osm_dieselnet_amherst_offset_n_1000m_500m_0001 OK 
[2026-07-23 18:08:45,678] INFO: v2_osm_helsinki_archipelago_offset_e_1500m_1000m_0002 OK 
[2026-07-23 18:08:45,678] INFO: v2_osm_helsinki_disrupted_offset_s_2500m_1500m_0003 OK 
[2026-07-23 18:08:45,678] INFO: v2_osm_helsinki_downtown_offset_w_5000m_200m_0004 OK 
[2026-07-23 18:08:45,678] INFO: v2_osm_kallio_community_exact_500m_0m_0005 OK 
[2026-07-23 18:08:45,678] INFO: v2_osm_kumpula_campus_offset_n_1000m_1000m_0006 OK 
[2026-07-23 18:08:45,678] INFO: v2_osm_lapland_rural_sparse_offset_e_1500m_1500m_0007 OK 
[2026-07-23 18:08:45,679] INFO: v2_osm_london_industrial_corridor_offset_s_2500m_200m_0008 OK 
[2026-07-23 18:08:45,679] INFO: v2_osm_manhattan_midtown_offset_w_5000m_500m_0009 OK 
[2026-07-23 18:08:45,679] INFO: v2_osm_mit_campus_reality_exact_500m_0m_0010 OK 
[2026-07-23 18:08:45,681] INFO: v2_osm_nuuksio_sparse_trails_offset_n_1000m_1500m_0011 FAIL_BUILD_OSM osm_process: Graph contains no edges.
[2026-07-23 18:08:45,681] INFO: v2_osm_rio_centro_buses_offset_e_1500m_200m_0012 OK 
[2026-07-23 18:08:45,681] INFO: v2_osm_roma_centro_offset_s_2500m_500m_0013 OK 
[2026-07-23 18:08:45,681] INFO: v2_osm_sf_cabspotting_downtown_offset_w_5000m_1000m_0014 OK 
[2026-07-23 18:08:45,681] INFO: v2_osm_sf_mission_corridor_exact_500m_0m_0015 OK 
[2026-07-23 18:08:45,690] INFO: v2_osm_tampere_suburban_offset_n_1000m_200m_0016 FAIL_BUILD_OSM too few segments (10 < 20)
[2026-07-23 18:08:45,690] INFO: v2_osm_cambridge_haggle_offset_e_1500m_500m_0017 OK 
[2026-07-23 18:08:45,690] INFO: v2_osm_dieselnet_amherst_offset_s_2500m_1000m_0018 OK 
[2026-07-23 18:08:45,690] INFO: v2_osm_helsinki_archipelago_offset_w_5000m_1500m_0019 OK 
[2026-07-23 18:08:45,690] INFO: v2_osm_helsinki_disrupted_exact_500m_0m_0020 OK 
[2026-07-23 18:08:45,690] INFO: v2_osm_helsinki_downtown_offset_n_1000m_500m_0021 OK 
[2026-07-23 18:08:45,690] INFO: v2_osm_kallio_community_offset_e_1500m_1000m_0022 OK 
[2026-07-23 18:08:45,691] INFO: v2_osm_kumpula_campus_offset_s_2500m_1500m_0023 OK 
[2026-07-23 18:08:45,691] INFO: v2_osm_lapland_rural_sparse_offset_w_5000m_200m_0024 OK 
[2026-07-23 18:08:45,691] INFO: v2_osm_london_industrial_corridor_exact_500m_0m_0025 OK 
[2026-07-23 18:08:45,691] INFO: v2_osm_manhattan_midtown_offset_n_1000m_1000m_0026 OK 
[2026-07-23 18:08:45,691] INFO: v2_osm_mit_campus_reality_offset_e_1500m_1500m_0027 OK 
[2026-07-23 18:08:45,691] INFO: v2_osm_nuuksio_sparse_trails_offset_s_2500m_200m_0028 OK 
[2026-07-23 18:08:45,691] INFO: v2_osm_rio_centro_buses_offset_w_5000m_500m_0029 OK 
[2026-07-23 18:08:45,692] INFO: v2_osm_roma_centro_exact_500m_0m_0030 OK 
[2026-07-23 18:08:45,692] INFO: v2_osm_sf_cabspotting_downtown_offset_n_1000m_1500m_0031 OK 
[2026-07-23 18:08:45,692] INFO: v2_osm_sf_mission_corridor_offset_e_1500m_200m_0032 OK 
[2026-07-23 18:08:45,692] INFO: v2_osm_tampere_suburban_offset_s_2500m_500m_0033 OK 
[2026-07-23 18:08:45,692] INFO: v2_osm_cambridge_haggle_offset_w_5000m_1000m_0034 OK 
[2026-07-23 18:08:45,692] INFO: v2_osm_dieselnet_amherst_exact_500m_0m_0035 OK 
[2026-07-23 18:08:45,692] INFO: v2_osm_helsinki_archipelago_offset_n_1000m_200m_0036 OK 
[2026-07-23 18:08:45,693] INFO: v2_osm_helsinki_disrupted_offset_e_1500m_500m_0037 OK 
[2026-07-23 18:08:45,693] INFO: v2_osm_helsinki_downtown_offset_s_2500m_1000m_0038 OK 
[2026-07-23 18:08:45,694] INFO: v2_osm_kallio_community_offset_w_5000m_1500m_0039 OK 
[2026-07-23 18:08:45,694] INFO: v2_osm_kumpula_campus_exact_500m_0m_0040 OK 
[2026-07-23 18:08:45,694] INFO: v2_osm_lapland_rural_sparse_offset_n_1000m_500m_0041 OK 
[2026-07-23 18:08:45,694] INFO: v2_osm_london_industrial_corridor_offset_e_1500m_1000m_0042 OK 
[2026-07-23 18:08:45,694] INFO: v2_osm_manhattan_midtown_offset_s_2500m_1500m_0043 OK 
[2026-07-23 18:08:45,694] INFO: v2_osm_mit_campus_reality_offset_w_5000m_200m_0044 OK 
[2026-07-23 18:08:45,702] INFO: v2_osm_nuuksio_sparse_trails_exact_500m_0m_0045 FAIL_BUILD_OSM too few segments (8 < 20)
[2026-07-23 18:08:45,702] INFO: v2_osm_rio_centro_buses_offset_n_1000m_1000m_0046 OK 
[2026-07-23 18:08:45,702] INFO: v2_osm_roma_centro_offset_e_1500m_1500m_0047 OK 
[2026-07-23 18:08:45,702] INFO: v2_osm_sf_cabspotting_downtown_offset_s_2500m_200m_0048 OK 
[2026-07-23 18:08:45,702] INFO: v2_osm_sf_mission_corridor_offset_w_5000m_500m_0049 OK 
[2026-07-23 18:08:45,704] INFO: v2_osm_tampere_suburban_exact_500m_0m_0050 FAIL_BUILD_OSM osm_process: Graph contains no edges.
[2026-07-23 18:08:45,704] INFO: v2_osm_cambridge_haggle_offset_n_1000m_1500m_0051 OK 
[2026-07-23 18:08:45,704] INFO: v2_osm_dieselnet_amherst_offset_e_1500m_200m_0052 OK 
[2026-07-23 18:08:45,704] INFO: v2_osm_helsinki_archipelago_offset_s_2500m_500m_0053 OK 
[2026-07-23 18:08:45,704] INFO: v2_osm_helsinki_disrupted_offset_w_5000m_1000m_0054 OK 
[2026-07-23 18:08:45,705] INFO: v2_osm_helsinki_downtown_exact_500m_0m_0055 OK 
[2026-07-23 18:08:45,705] INFO: v2_osm_kallio_community_offset_n_1000m_200m_0056 OK 
[2026-07-23 18:08:45,705] INFO: v2_osm_kumpula_campus_offset_e_1500m_500m_0057 OK 
[2026-07-23 18:08:45,705] INFO: v2_osm_lapland_rural_sparse_offset_s_2500m_1000m_0058 OK 
[2026-07-23 18:08:45,705] INFO: v2_osm_london_industrial_corridor_offset_w_5000m_1500m_0059 OK 
[2026-07-23 18:08:45,713] INFO: v2_osm_manhattan_midtown_exact_500m_0m_0060 FAIL_BUILD_OSM too few segments (14 < 20)
[2026-07-23 18:08:45,714] INFO: v2_osm_mit_campus_reality_offset_n_1000m_500m_0061 OK 
[2026-07-23 18:08:45,714] INFO: v2_osm_nuuksio_sparse_trails_offset_e_1500m_1000m_0062 OK 
[2026-07-23 18:08:45,714] INFO: v2_osm_rio_centro_buses_offset_s_2500m_1500m_0063 OK 
[2026-07-23 18:08:45,714] INFO: v2_osm_roma_centro_offset_w_5000m_200m_0064 OK 
[2026-07-23 18:08:45,714] INFO: v2_osm_sf_cabspotting_downtown_exact_500m_0m_0065 OK 
[2026-07-23 18:08:45,714] INFO: v2_osm_sf_mission_corridor_offset_n_1000m_1000m_0066 OK 
[2026-07-23 18:08:45,715] INFO: v2_osm_tampere_suburban_offset_e_1500m_1500m_0067 OK 
[2026-07-23 18:08:45,715] INFO: v2_osm_cambridge_haggle_offset_s_2500m_200m_0068 OK 
[2026-07-23 18:08:45,715] INFO: v2_osm_dieselnet_amherst_offset_w_5000m_500m_0069 OK 
[2026-07-23 18:08:45,715] INFO: v2_osm_helsinki_archipelago_exact_500m_0m_0070 OK 
[2026-07-23 18:08:45,715] INFO: v2_osm_helsinki_disrupted_offset_n_1000m_1500m_0071 OK 
[2026-07-23 18:08:45,715] INFO: v2_osm_helsinki_downtown_offset_e_1500m_200m_0072 OK 
[2026-07-23 18:08:45,715] INFO: v2_osm_kallio_community_offset_s_2500m_500m_0073 OK 
[2026-07-23 18:08:45,716] INFO: v2_osm_kumpula_campus_offset_w_5000m_1000m_0074 OK 
[2026-07-23 18:08:45,716] INFO: v2_osm_lapland_rural_sparse_exact_500m_0m_0075 OK 
[2026-07-23 18:08:45,716] INFO: v2_osm_london_industrial_corridor_offset_n_1000m_200m_0076 OK 
[2026-07-23 18:08:45,716] INFO: v2_osm_manhattan_midtown_offset_e_1500m_500m_0077 OK 
[2026-07-23 18:08:45,716] INFO: v2_osm_mit_campus_reality_offset_s_2500m_1000m_0078 OK 
[2026-07-23 18:08:45,717] INFO: v2_osm_nuuksio_sparse_trails_offset_w_5000m_1500m_0079 OK 
[2026-07-23 18:08:45,717] INFO: v2_osm_rio_centro_buses_exact_500m_0m_0080 OK 
[2026-07-23 18:08:45,717] INFO: v2_osm_roma_centro_offset_n_1000m_500m_0081 OK 
[2026-07-23 18:08:45,717] INFO: v2_osm_sf_cabspotting_downtown_offset_e_1500m_1000m_0082 OK 
[2026-07-23 18:08:45,717] INFO: v2_osm_sf_mission_corridor_offset_s_2500m_1500m_0083 OK 
[2026-07-23 18:08:45,717] INFO: v2_osm_tampere_suburban_offset_w_5000m_200m_0084 OK 
[2026-07-23 18:08:45,717] INFO: v2_osm_cambridge_haggle_exact_500m_0m_0085 OK 
[2026-07-23 18:08:45,717] INFO: v2_osm_dieselnet_amherst_offset_n_1000m_1000m_0086 OK 
[2026-07-23 18:08:45,718] INFO: v2_osm_helsinki_archipelago_offset_e_1500m_1500m_0087 OK 
[2026-07-23 18:08:45,718] INFO: v2_osm_helsinki_disrupted_offset_s_2500m_200m_0088 OK 
[2026-07-23 18:08:45,718] INFO: v2_osm_helsinki_downtown_offset_w_5000m_500m_0089 OK 
[2026-07-23 18:08:45,718] INFO: v2_osm_kallio_community_exact_500m_0m_0090 OK 
[2026-07-23 18:08:45,718] INFO: v2_osm_kumpula_campus_offset_n_1000m_1500m_0091 OK 
[2026-07-23 18:08:45,718] INFO: v2_osm_lapland_rural_sparse_offset_e_1500m_200m_0092 OK 
[2026-07-23 18:08:45,718] INFO: v2_osm_london_industrial_corridor_offset_s_2500m_500m_0093 OK 
[2026-07-23 18:08:45,718] INFO: v2_osm_manhattan_midtown_offset_w_5000m_1000m_0094 OK 
[2026-07-23 18:08:45,719] INFO: v2_osm_mit_campus_reality_exact_500m_0m_0095 OK 
[2026-07-23 18:08:45,719] INFO: v2_osm_nuuksio_sparse_trails_offset_n_1000m_200m_0096 OK 
[2026-07-23 18:08:45,719] INFO: v2_osm_rio_centro_buses_offset_e_1500m_500m_0097 OK 
[2026-07-23 18:08:45,719] INFO: v2_osm_roma_centro_offset_s_2500m_1000m_0098 OK 
[2026-07-23 18:08:45,719] INFO: v2_osm_sf_cabspotting_downtown_offset_w_5000m_1500m_0099 OK 
[2026-07-23 18:08:45,719] INFO: v2_osm_sf_mission_corridor_exact_500m_0m_0100 OK 
[2026-07-23 18:08:45,726] INFO: v2_osm_tampere_suburban_offset_n_1000m_500m_0101 FAIL_BUILD_OSM too few segments (2 < 20)
[2026-07-23 18:08:45,726] INFO: v2_osm_cambridge_haggle_offset_e_1500m_1000m_0102 OK 
[2026-07-23 18:08:45,726] INFO: v2_osm_dieselnet_amherst_offset_s_2500m_1500m_0103 OK 
[2026-07-23 18:08:45,727] INFO: v2_osm_helsinki_archipelago_offset_w_5000m_200m_0104 OK 
[2026-07-23 18:08:45,727] INFO: v2_osm_helsinki_disrupted_exact_500m_0m_0105 OK 
[2026-07-23 18:08:45,727] INFO: v2_osm_helsinki_downtown_offset_n_1000m_1000m_0106 OK 
[2026-07-23 18:08:45,727] INFO: v2_osm_kallio_community_offset_e_1500m_1500m_0107 OK 
[2026-07-23 18:08:45,727] INFO: v2_osm_kumpula_campus_offset_s_2500m_200m_0108 OK 
[2026-07-23 18:08:45,727] INFO: v2_osm_lapland_rural_sparse_offset_w_5000m_500m_0109 OK 
[2026-07-23 18:08:45,727] INFO: v2_osm_london_industrial_corridor_exact_500m_0m_0110 OK 
[2026-07-23 18:08:45,728] INFO: v2_osm_manhattan_midtown_offset_n_1000m_1500m_0111 OK 
[2026-07-23 18:08:45,728] INFO: v2_osm_mit_campus_reality_offset_e_1500m_200m_0112 OK 
[2026-07-23 18:08:45,728] INFO: v2_osm_nuuksio_sparse_trails_offset_s_2500m_500m_0113 OK 
[2026-07-23 18:08:45,728] INFO: v2_osm_rio_centro_buses_offset_w_5000m_1000m_0114 OK 
[2026-07-23 18:08:45,728] INFO: v2_osm_roma_centro_exact_500m_0m_0115 OK 
[2026-07-23 18:08:45,728] INFO: v2_osm_sf_cabspotting_downtown_offset_n_1000m_200m_0116 OK 
[2026-07-23 18:08:45,728] INFO: v2_osm_sf_mission_corridor_offset_e_1500m_500m_0117 OK 
[2026-07-23 18:08:45,728] INFO: v2_osm_tampere_suburban_offset_s_2500m_1000m_0118 OK 
[2026-07-23 18:08:45,729] INFO: v2_osm_cambridge_haggle_offset_w_5000m_1500m_0119 OK 
[2026-07-23 18:08:45,729] INFO: v2_osm_dieselnet_amherst_exact_500m_0m_0120 OK 
[2026-07-23 18:08:45,729] INFO: v2_osm_helsinki_archipelago_offset_n_1000m_500m_0121 OK 
[2026-07-23 18:08:45,729] INFO: v2_osm_helsinki_disrupted_offset_e_1500m_1000m_0122 OK 
[2026-07-23 18:08:45,729] INFO: v2_osm_helsinki_downtown_offset_s_2500m_1500m_0123 OK 
[2026-07-23 18:08:45,729] INFO: v2_osm_kallio_community_offset_w_5000m_200m_0124 OK 
[2026-07-23 18:08:45,730] INFO: v2_osm_kumpula_campus_exact_500m_0m_0125 OK 
[2026-07-23 18:08:45,730] INFO: v2_osm_lapland_rural_sparse_offset_n_1000m_1000m_0126 OK 
[2026-07-23 18:08:45,730] INFO: v2_osm_london_industrial_corridor_offset_e_1500m_1500m_0127 OK 
[2026-07-23 18:08:45,730] INFO: v2_osm_manhattan_midtown_offset_s_2500m_200m_0128 OK 
[2026-07-23 18:08:45,730] INFO: v2_osm_mit_campus_reality_offset_w_5000m_500m_0129 OK 
[2026-07-23 18:08:45,738] INFO: v2_osm_nuuksio_sparse_trails_exact_500m_0m_0130 FAIL_BUILD_OSM too few segments (8 < 20)
[2026-07-23 18:08:45,738] INFO: v2_osm_rio_centro_buses_offset_n_1000m_1500m_0131 OK 
[2026-07-23 18:08:45,738] INFO: v2_osm_roma_centro_offset_e_1500m_200m_0132 OK 
[2026-07-23 18:08:45,738] INFO: v2_osm_sf_cabspotting_downtown_offset_s_2500m_500m_0133 OK 
[2026-07-23 18:08:45,738] INFO: v2_osm_sf_mission_corridor_offset_w_5000m_1000m_0134 OK 
[2026-07-23 18:08:45,740] INFO: v2_osm_tampere_suburban_exact_500m_0m_0135 FAIL_BUILD_OSM osm_process: Graph contains no edges.
[2026-07-23 18:08:45,740] INFO: v2_osm_cambridge_haggle_offset_n_1000m_200m_0136 OK 
[2026-07-23 18:08:45,740] INFO: v2_osm_dieselnet_amherst_offset_e_1500m_500m_0137 OK 
[2026-07-23 18:08:45,740] INFO: v2_osm_helsinki_archipelago_offset_s_2500m_1000m_0138 OK 
[2026-07-23 18:08:45,740] INFO: v2_osm_helsinki_disrupted_offset_w_5000m_1500m_0139 OK 
[2026-07-23 18:08:45,740] INFO: v2_osm_helsinki_downtown_exact_500m_0m_0140 OK 
[2026-07-23 18:08:45,740] INFO: v2_osm_kallio_community_offset_n_1000m_500m_0141 OK 
[2026-07-23 18:08:45,741] INFO: v2_osm_kumpula_campus_offset_e_1500m_1000m_0142 OK 
[2026-07-23 18:08:45,741] INFO: v2_osm_lapland_rural_sparse_offset_s_2500m_1500m_0143 OK 
[2026-07-23 18:08:45,741] INFO: v2_osm_london_industrial_corridor_offset_w_5000m_200m_0144 OK 
[2026-07-23 18:08:45,749] INFO: v2_osm_manhattan_midtown_exact_500m_0m_0145 FAIL_BUILD_OSM too few segments (14 < 20)
[2026-07-23 18:08:45,749] INFO: v2_osm_mit_campus_reality_offset_n_1000m_1000m_0146 OK 
[2026-07-23 18:08:45,749] INFO: v2_osm_nuuksio_sparse_trails_offset_e_1500m_1500m_0147 OK 
[2026-07-23 18:08:45,750] INFO: v2_osm_rio_centro_buses_offset_s_2500m_200m_0148 OK 
[2026-07-23 18:08:45,750] INFO: v2_osm_roma_centro_offset_w_5000m_500m_0149 OK 
[2026-07-23 18:08:45,750] INFO: v2_osm_sf_cabspotting_downtown_exact_500m_0m_0150 OK 
[2026-07-23 18:08:45,750] INFO: v2_osm_sf_mission_corridor_offset_n_1000m_1500m_0151 OK 
[2026-07-23 18:08:45,750] INFO: v2_osm_tampere_suburban_offset_e_1500m_200m_0152 OK 
[2026-07-23 18:08:45,750] INFO: v2_osm_cambridge_haggle_offset_s_2500m_500m_0153 OK 
[2026-07-23 18:08:45,750] INFO: v2_osm_dieselnet_amherst_offset_w_5000m_1000m_0154 OK 
[2026-07-23 18:08:45,751] INFO: v2_osm_helsinki_archipelago_exact_500m_0m_0155 OK 
[2026-07-23 18:08:45,751] INFO: v2_osm_helsinki_disrupted_offset_n_1000m_200m_0156 OK 
[2026-07-23 18:08:45,751] INFO: v2_osm_helsinki_downtown_offset_e_1500m_500m_0157 OK 
[2026-07-23 18:08:45,751] INFO: v2_osm_kallio_community_offset_s_2500m_1000m_0158 OK 
[2026-07-23 18:08:45,751] INFO: v2_osm_kumpula_campus_offset_w_5000m_1500m_0159 OK 
[2026-07-23 18:08:45,751] INFO: v2_osm_lapland_rural_sparse_exact_500m_0m_0160 OK 
[2026-07-23 18:08:45,751] INFO: v2_osm_london_industrial_corridor_offset_n_1000m_500m_0161 OK 
[2026-07-23 18:08:45,752] INFO: v2_osm_manhattan_midtown_offset_e_1500m_1000m_0162 OK 
[2026-07-23 18:08:45,752] INFO: v2_osm_mit_campus_reality_offset_s_2500m_1500m_0163 OK 
[2026-07-23 18:08:45,752] INFO: v2_osm_nuuksio_sparse_trails_offset_w_5000m_200m_0164 OK 
[2026-07-23 18:08:45,752] INFO: v2_osm_rio_centro_buses_exact_500m_0m_0165 OK 
[2026-07-23 18:08:45,752] INFO: v2_osm_roma_centro_offset_n_1000m_1000m_0166 OK 
[2026-07-23 18:08:45,752] INFO: v2_osm_sf_cabspotting_downtown_offset_e_1500m_1500m_0167 OK 
[2026-07-23 18:08:45,753] INFO: v2_osm_sf_mission_corridor_offset_s_2500m_200m_0168 OK 
[2026-07-23 18:08:45,753] INFO: v2_osm_tampere_suburban_offset_w_5000m_500m_0169 OK 
[2026-07-23 18:08:45,753] INFO: v2_osm_cambridge_haggle_exact_500m_0m_0170 OK 
[2026-07-23 18:08:45,753] INFO: v2_osm_dieselnet_amherst_offset_n_1000m_1500m_0171 OK 
[2026-07-23 18:08:45,753] INFO: v2_osm_helsinki_archipelago_offset_e_1500m_200m_0172 OK 
[2026-07-23 18:08:45,753] INFO: v2_osm_helsinki_disrupted_offset_s_2500m_500m_0173 OK 
[2026-07-23 18:08:45,753] INFO: v2_osm_helsinki_downtown_offset_w_5000m_1000m_0174 OK 
[2026-07-23 18:08:45,754] INFO: v2_osm_kallio_community_exact_500m_0m_0175 OK 
[2026-07-23 18:08:45,754] INFO: v2_osm_kumpula_campus_offset_n_1000m_200m_0176 OK 
[2026-07-23 18:08:45,754] INFO: v2_osm_lapland_rural_sparse_offset_e_1500m_500m_0177 OK 
[2026-07-23 18:08:45,754] INFO: v2_osm_london_industrial_corridor_offset_s_2500m_1000m_0178 OK 
[2026-07-23 18:08:45,754] INFO: v2_osm_manhattan_midtown_offset_w_5000m_1500m_0179 OK 
[2026-07-23 18:08:45,754] INFO: v2_osm_mit_campus_reality_exact_500m_0m_0180 OK 
[2026-07-23 18:08:45,763] INFO: v2_osm_nuuksio_sparse_trails_offset_n_1000m_500m_0181 FAIL_BUILD_OSM too few segments (14 < 20)
[2026-07-23 18:08:45,764] INFO: v2_osm_rio_centro_buses_offset_e_1500m_1000m_0182 OK 
[2026-07-23 18:08:45,764] INFO: v2_osm_roma_centro_offset_s_2500m_1500m_0183 OK 
[2026-07-23 18:08:45,764] INFO: v2_osm_sf_cabspotting_downtown_offset_w_5000m_200m_0184 OK 
[2026-07-23 18:08:45,764] INFO: v2_osm_sf_mission_corridor_exact_500m_0m_0185 OK 
[2026-07-23 18:08:45,771] INFO: v2_osm_tampere_suburban_offset_n_1000m_1000m_0186 FAIL_BUILD_OSM too few segments (2 < 20)
[2026-07-23 18:08:45,771] INFO: v2_osm_cambridge_haggle_offset_e_1500m_1500m_0187 OK 
[2026-07-23 18:08:45,771] INFO: v2_osm_dieselnet_amherst_offset_s_2500m_200m_0188 OK 
[2026-07-23 18:08:45,771] INFO: v2_osm_helsinki_archipelago_offset_w_5000m_500m_0189 OK 
[2026-07-23 18:08:45,771] INFO: v2_osm_helsinki_disrupted_exact_500m_0m_0190 OK 
[2026-07-23 18:08:45,772] INFO: v2_osm_helsinki_downtown_offset_n_1000m_1500m_0191 OK 
[2026-07-23 18:08:45,772] INFO: v2_osm_kallio_community_offset_e_1500m_200m_0192 OK 
[2026-07-23 18:08:45,772] INFO: v2_osm_kumpula_campus_offset_s_2500m_500m_0193 OK 
[2026-07-23 18:08:45,772] INFO: v2_osm_lapland_rural_sparse_offset_w_5000m_1000m_0194 OK 
[2026-07-23 18:08:45,772] INFO: v2_osm_london_industrial_corridor_exact_500m_0m_0195 OK 
[2026-07-23 18:08:45,772] INFO: v2_osm_manhattan_midtown_offset_n_1000m_200m_0196 OK 
[2026-07-23 18:08:45,772] INFO: v2_osm_mit_campus_reality_offset_e_1500m_500m_0197 OK 
[2026-07-23 18:08:45,773] INFO: v2_osm_nuuksio_sparse_trails_offset_s_2500m_1000m_0198 OK 
[2026-07-23 18:08:45,773] INFO: v2_osm_rio_centro_buses_offset_w_5000m_1500m_0199 OK 
[2026-07-23 18:08:45,773] INFO: v2_osm_roma_centro_exact_500m_0m_0200 OK 
[2026-07-23 18:08:45,773] INFO: v2_osm_sf_cabspotting_downtown_offset_n_1000m_500m_0201 OK 
[2026-07-23 18:08:45,773] INFO: v2_osm_sf_mission_corridor_offset_e_1500m_1000m_0202 OK 
[2026-07-23 18:08:45,773] INFO: v2_osm_tampere_suburban_offset_s_2500m_1500m_0203 OK 
[2026-07-23 18:08:45,773] INFO: v2_osm_cambridge_haggle_offset_w_5000m_200m_0204 OK 
[2026-07-23 18:08:45,774] INFO: v2_osm_dieselnet_amherst_exact_500m_0m_0205 OK 
[2026-07-23 18:08:45,774] INFO: v2_osm_helsinki_archipelago_offset_n_1000m_1000m_0206 OK 
[2026-07-23 18:08:45,774] INFO: v2_osm_helsinki_disrupted_offset_e_1500m_1500m_0207 OK 
[2026-07-23 18:08:45,774] INFO: v2_osm_helsinki_downtown_offset_s_2500m_200m_0208 OK 
[2026-07-23 18:08:45,774] INFO: v2_osm_kallio_community_offset_w_5000m_500m_0209 OK 
[2026-07-23 18:08:45,774] INFO: v2_osm_kumpula_campus_exact_500m_0m_0210 OK 
[2026-07-23 18:08:45,781] INFO: v2_osm_lapland_rural_sparse_offset_n_1000m_1500m_0211 FAIL_BUILD_OSM too few segments (2 < 20)
[2026-07-23 18:08:45,781] INFO: v2_osm_london_industrial_corridor_offset_e_1500m_200m_0212 OK 
[2026-07-23 18:08:45,781] INFO: v2_osm_manhattan_midtown_offset_s_2500m_500m_0213 OK 
[2026-07-23 18:08:45,782] INFO: v2_osm_mit_campus_reality_offset_w_5000m_1000m_0214 OK 
[2026-07-23 18:08:45,789] INFO: v2_osm_nuuksio_sparse_trails_exact_500m_0m_0215 FAIL_BUILD_OSM too few segments (8 < 20)
[2026-07-23 18:08:45,789] INFO: v2_osm_rio_centro_buses_offset_n_1000m_200m_0216 OK 
[2026-07-23 18:08:45,789] INFO: v2_osm_roma_centro_offset_e_1500m_500m_0217 OK 
[2026-07-23 18:08:45,789] INFO: v2_osm_sf_cabspotting_downtown_offset_s_2500m_1000m_0218 OK 
[2026-07-23 18:08:45,789] INFO: v2_osm_sf_mission_corridor_offset_w_5000m_1500m_0219 OK 
[2026-07-23 18:08:45,791] INFO: v2_osm_tampere_suburban_exact_500m_0m_0220 FAIL_BUILD_OSM osm_process: Graph contains no edges.
[2026-07-23 18:08:45,791] INFO: v2_osm_cambridge_haggle_offset_n_1000m_500m_0221 OK 
[2026-07-23 18:08:45,791] INFO: v2_osm_dieselnet_amherst_offset_e_1500m_1000m_0222 OK 
[2026-07-23 18:08:45,791] INFO: v2_osm_helsinki_archipelago_offset_s_2500m_1500m_0223 OK 
[2026-07-23 18:08:45,791] INFO: v2_osm_helsinki_disrupted_offset_w_5000m_200m_0224 OK 
[2026-07-23 18:08:45,792] INFO: v2_osm_helsinki_downtown_exact_500m_0m_0225 OK 
[2026-07-23 18:08:45,792] INFO: v2_osm_kallio_community_offset_n_1000m_1000m_0226 OK 
[2026-07-23 18:08:45,792] INFO: v2_osm_kumpula_campus_offset_e_1500m_1500m_0227 OK 
[2026-07-23 18:08:45,792] INFO: v2_osm_lapland_rural_sparse_offset_s_2500m_200m_0228 OK 
[2026-07-23 18:08:45,792] INFO: v2_osm_london_industrial_corridor_offset_w_5000m_500m_0229 OK 
[2026-07-23 18:08:45,800] INFO: v2_osm_manhattan_midtown_exact_500m_0m_0230 FAIL_BUILD_OSM too few segments (14 < 20)
[2026-07-23 18:08:45,801] INFO: v2_osm_mit_campus_reality_offset_n_1000m_1500m_0231 OK 
[2026-07-23 18:08:45,801] INFO: v2_osm_nuuksio_sparse_trails_offset_e_1500m_200m_0232 OK 
[2026-07-23 18:08:45,801] INFO: v2_osm_rio_centro_buses_offset_s_2500m_500m_0233 OK 
[2026-07-23 18:08:45,801] INFO: v2_osm_roma_centro_offset_w_5000m_1000m_0234 OK 
[2026-07-23 18:08:45,801] INFO: v2_osm_sf_cabspotting_downtown_exact_500m_0m_0235 OK 
[2026-07-23 18:08:45,801] INFO: v2_osm_sf_mission_corridor_offset_n_1000m_200m_0236 OK 
[2026-07-23 18:08:45,802] INFO: v2_osm_tampere_suburban_offset_e_1500m_500m_0237 OK 
[2026-07-23 18:08:45,802] INFO: v2_osm_cambridge_haggle_offset_s_2500m_1000m_0238 OK 
[2026-07-23 18:08:45,802] INFO: v2_osm_dieselnet_amherst_offset_w_5000m_1500m_0239 OK 
[2026-07-23 18:08:45,802] INFO: v2_osm_helsinki_archipelago_exact_500m_0m_0240 OK 
[2026-07-23 18:08:45,802] INFO: v2_osm_helsinki_disrupted_offset_n_1000m_500m_0241 OK 
[2026-07-23 18:08:45,802] INFO: v2_osm_helsinki_downtown_offset_e_1500m_1000m_0242 OK 
[2026-07-23 18:08:45,802] INFO: v2_osm_kallio_community_offset_s_2500m_1500m_0243 OK 
[2026-07-23 18:08:45,803] INFO: v2_osm_kumpula_campus_offset_w_5000m_200m_0244 OK 
[2026-07-23 18:08:45,803] INFO: v2_osm_lapland_rural_sparse_exact_500m_0m_0245 OK 
[2026-07-23 18:08:45,803] INFO: v2_osm_london_industrial_corridor_offset_n_1000m_1000m_0246 OK 
[2026-07-23 18:08:45,803] INFO: v2_osm_manhattan_midtown_offset_e_1500m_1500m_0247 OK 
[2026-07-23 18:08:45,803] INFO: v2_osm_mit_campus_reality_offset_s_2500m_200m_0248 OK 
[2026-07-23 18:08:45,803] INFO: v2_osm_nuuksio_sparse_trails_offset_w_5000m_500m_0249 OK 
[2026-07-23 18:08:45,803] INFO: v2_osm_rio_centro_buses_exact_500m_0m_0250 OK 
[2026-07-23 18:08:45,804] INFO: v2_osm_roma_centro_offset_n_1000m_1500m_0251 OK 
[2026-07-23 18:08:45,804] INFO: v2_osm_sf_cabspotting_downtown_offset_e_1500m_200m_0252 OK 
[2026-07-23 18:08:45,804] INFO: v2_osm_sf_mission_corridor_offset_s_2500m_500m_0253 OK 
[2026-07-23 18:08:45,804] INFO: v2_osm_tampere_suburban_offset_w_5000m_1000m_0254 OK 
[2026-07-23 18:08:45,804] INFO: v2_osm_cambridge_haggle_exact_500m_0m_0255 OK 
[2026-07-23 18:08:45,804] INFO: v2_osm_dieselnet_amherst_offset_n_1000m_200m_0256 OK 
[2026-07-23 18:08:45,804] INFO: v2_osm_helsinki_archipelago_offset_e_1500m_500m_0257 OK 
[2026-07-23 18:08:45,804] INFO: v2_osm_helsinki_disrupted_offset_s_2500m_1000m_0258 OK 
[2026-07-23 18:08:45,805] INFO: v2_osm_helsinki_downtown_offset_w_5000m_1500m_0259 OK 
[2026-07-23 18:08:45,805] INFO: v2_osm_kallio_community_exact_500m_0m_0260 OK 
[2026-07-23 18:08:45,805] INFO: v2_osm_kumpula_campus_offset_n_1000m_500m_0261 OK 
[2026-07-23 18:08:45,805] INFO: v2_osm_lapland_rural_sparse_offset_e_1500m_1000m_0262 OK 
[2026-07-23 18:08:45,805] INFO: v2_osm_london_industrial_corridor_offset_s_2500m_1500m_0263 OK 
[2026-07-23 18:08:45,805] INFO: v2_osm_manhattan_midtown_offset_w_5000m_200m_0264 OK 
[2026-07-23 18:08:45,805] INFO: v2_osm_mit_campus_reality_exact_500m_0m_0265 OK 
[2026-07-23 18:08:45,812] INFO: v2_osm_nuuksio_sparse_trails_offset_n_1000m_1000m_0266 FAIL_BUILD_OSM too few segments (2 < 20)
[2026-07-23 18:08:45,813] INFO: v2_osm_rio_centro_buses_offset_e_1500m_1500m_0267 OK 
[2026-07-23 18:08:45,813] INFO: v2_osm_roma_centro_offset_s_2500m_200m_0268 OK 
[2026-07-23 18:08:45,813] INFO: v2_osm_sf_cabspotting_downtown_offset_w_5000m_500m_0269 OK 
[2026-07-23 18:08:45,813] INFO: v2_osm_sf_mission_corridor_exact_500m_0m_0270 OK 
[2026-07-23 18:08:45,813] INFO: v2_osm_tampere_suburban_offset_n_1000m_1500m_0271 OK 
[2026-07-23 18:08:45,813] INFO: v2_osm_cambridge_haggle_offset_e_1500m_200m_0272 OK 
[2026-07-23 18:08:45,813] INFO: v2_osm_dieselnet_amherst_offset_s_2500m_500m_0273 OK 
[2026-07-23 18:08:45,814] INFO: v2_osm_helsinki_archipelago_offset_w_5000m_1000m_0274 OK 
[2026-07-23 18:08:45,814] INFO: v2_osm_helsinki_disrupted_exact_500m_0m_0275 OK 
[2026-07-23 18:08:45,814] INFO: v2_osm_helsinki_downtown_offset_n_1000m_200m_0276 OK 
[2026-07-23 18:08:45,814] INFO: v2_osm_kallio_community_offset_e_1500m_500m_0277 OK 
[2026-07-23 18:08:45,814] INFO: v2_osm_kumpula_campus_offset_s_2500m_1000m_0278 OK 
[2026-07-23 18:08:45,814] INFO: v2_osm_lapland_rural_sparse_offset_w_5000m_1500m_0279 OK 
[2026-07-23 18:08:45,814] INFO: v2_osm_london_industrial_corridor_exact_500m_0m_0280 OK 
[2026-07-23 18:08:45,814] INFO: v2_osm_manhattan_midtown_offset_n_1000m_500m_0281 OK 
[2026-07-23 18:08:45,815] INFO: v2_osm_mit_campus_reality_offset_e_1500m_1000m_0282 OK 
[2026-07-23 18:08:45,815] INFO: v2_osm_nuuksio_sparse_trails_offset_s_2500m_1500m_0283 OK 
[2026-07-23 18:08:45,815] INFO: v2_osm_rio_centro_buses_offset_w_5000m_200m_0284 OK 
[2026-07-23 18:08:45,815] INFO: v2_osm_roma_centro_exact_500m_0m_0285 OK 
[2026-07-23 18:08:45,815] INFO: v2_osm_sf_cabspotting_downtown_offset_n_1000m_1000m_0286 OK 
[2026-07-23 18:08:45,815] INFO: v2_osm_sf_mission_corridor_offset_e_1500m_1500m_0287 OK 
[2026-07-23 18:08:45,815] INFO: v2_osm_tampere_suburban_offset_s_2500m_200m_0288 OK 
[2026-07-23 18:08:45,816] INFO: v2_osm_cambridge_haggle_offset_w_5000m_500m_0289 OK 
[2026-07-23 18:08:45,816] INFO: v2_osm_dieselnet_amherst_exact_500m_0m_0290 OK 
[2026-07-23 18:08:45,816] INFO: v2_osm_helsinki_archipelago_offset_n_1000m_1500m_0291 OK 
[2026-07-23 18:08:45,816] INFO: v2_osm_helsinki_disrupted_offset_e_1500m_200m_0292 OK 
[2026-07-23 18:08:45,816] INFO: v2_osm_helsinki_downtown_offset_s_2500m_500m_0293 OK 
[2026-07-23 18:08:45,816] INFO: v2_osm_kallio_community_offset_w_5000m_1000m_0294 OK 
[2026-07-23 18:08:45,816] INFO: v2_osm_kumpula_campus_exact_500m_0m_0295 OK 
[2026-07-23 18:08:45,817] INFO: v2_osm_lapland_rural_sparse_offset_n_1000m_200m_0296 OK 
[2026-07-23 18:08:45,817] INFO: v2_osm_london_industrial_corridor_offset_e_1500m_500m_0297 OK 
[2026-07-23 18:08:45,817] INFO: v2_osm_manhattan_midtown_offset_s_2500m_1000m_0298 OK 
[2026-07-23 18:08:45,817] INFO: v2_osm_mit_campus_reality_offset_w_5000m_1500m_0299 OK 
[2026-07-23 18:08:45,824] INFO: v2_osm_nuuksio_sparse_trails_exact_500m_0m_0300 FAIL_BUILD_OSM too few segments (8 < 20)
[2026-07-23 18:08:45,824] INFO: v2_osm_rio_centro_buses_offset_n_1000m_500m_0301 OK 
[2026-07-23 18:08:45,825] INFO: v2_osm_roma_centro_offset_e_1500m_1000m_0302 OK 
[2026-07-23 18:08:45,825] INFO: v2_osm_sf_cabspotting_downtown_offset_s_2500m_1500m_0303 OK 
[2026-07-23 18:08:45,825] INFO: v2_osm_sf_mission_corridor_offset_w_5000m_200m_0304 OK 
[2026-07-23 18:08:45,826] INFO: v2_osm_tampere_suburban_exact_500m_0m_0305 FAIL_BUILD_OSM osm_process: Graph contains no edges.
[2026-07-23 18:08:45,826] INFO: v2_osm_cambridge_haggle_offset_n_1000m_1000m_0306 OK 
[2026-07-23 18:08:45,827] INFO: v2_osm_dieselnet_amherst_offset_e_1500m_1500m_0307 OK 
[2026-07-23 18:08:45,827] INFO: v2_osm_helsinki_archipelago_offset_s_2500m_200m_0308 OK 
[2026-07-23 18:08:45,827] INFO: v2_osm_helsinki_disrupted_offset_w_5000m_500m_0309 OK 
[2026-07-23 18:08:45,827] INFO: v2_osm_helsinki_downtown_exact_500m_0m_0310 OK 
[2026-07-23 18:08:45,827] INFO: v2_osm_kallio_community_offset_n_1000m_1500m_0311 OK 
[2026-07-23 18:08:45,827] INFO: v2_osm_kumpula_campus_offset_e_1500m_200m_0312 OK 
[2026-07-23 18:08:45,827] INFO: v2_osm_lapland_rural_sparse_offset_s_2500m_500m_0313 OK 
[2026-07-23 18:08:45,828] INFO: v2_osm_london_industrial_corridor_offset_w_5000m_1000m_0314 OK 
[2026-07-23 18:08:45,841] INFO: v2_osm_manhattan_midtown_exact_500m_0m_0315 FAIL_BUILD_OSM too few segments (14 < 20)
[2026-07-23 18:08:45,841] INFO: v2_osm_mit_campus_reality_offset_n_1000m_200m_0316 OK 
[2026-07-23 18:08:45,842] INFO: v2_osm_nuuksio_sparse_trails_offset_e_1500m_500m_0317 OK 
[2026-07-23 18:08:45,842] INFO: v2_osm_rio_centro_buses_offset_s_2500m_1000m_0318 OK 
[2026-07-23 18:08:45,842] INFO: v2_osm_roma_centro_offset_w_5000m_1500m_0319 OK 
[2026-07-23 18:08:45,842] INFO: v2_osm_sf_cabspotting_downtown_exact_500m_0m_0320 OK 
[2026-07-23 18:08:45,842] INFO: v2_osm_sf_mission_corridor_offset_n_1000m_500m_0321 OK 
[2026-07-23 18:08:45,842] INFO: v2_osm_tampere_suburban_offset_e_1500m_1000m_0322 OK 
[2026-07-23 18:08:45,842] INFO: v2_osm_cambridge_haggle_offset_s_2500m_1500m_0323 OK 
[2026-07-23 18:08:45,843] INFO: v2_osm_dieselnet_amherst_offset_w_5000m_200m_0324 OK 
[2026-07-23 18:08:45,843] INFO: v2_osm_helsinki_archipelago_exact_500m_0m_0325 OK 
[2026-07-23 18:08:45,843] INFO: v2_osm_helsinki_disrupted_offset_n_1000m_1000m_0326 OK 
[2026-07-23 18:08:45,843] INFO: v2_osm_helsinki_downtown_offset_e_1500m_1500m_0327 OK 
[2026-07-23 18:08:45,843] INFO: v2_osm_kallio_community_offset_s_2500m_200m_0328 OK 
[2026-07-23 18:08:45,843] INFO: v2_osm_kumpula_campus_offset_w_5000m_500m_0329 OK 
[2026-07-23 18:08:45,843] INFO: v2_osm_lapland_rural_sparse_exact_500m_0m_0330 OK 
[2026-07-23 18:08:45,844] INFO: v2_osm_london_industrial_corridor_offset_n_1000m_1500m_0331 OK 
[2026-07-23 18:08:45,844] INFO: v2_osm_manhattan_midtown_offset_e_1500m_200m_0332 OK 
[2026-07-23 18:08:45,844] INFO: v2_osm_mit_campus_reality_offset_s_2500m_500m_0333 OK 
[2026-07-23 18:08:45,844] INFO: v2_osm_nuuksio_sparse_trails_offset_w_5000m_1000m_0334 OK 
[2026-07-23 18:08:45,844] INFO: v2_osm_rio_centro_buses_exact_500m_0m_0335 OK 
[2026-07-23 18:08:45,844] INFO: v2_osm_roma_centro_offset_n_1000m_200m_0336 OK 
[2026-07-23 18:08:45,844] INFO: v2_osm_sf_cabspotting_downtown_offset_e_1500m_500m_0337 OK 
[2026-07-23 18:08:45,845] INFO: v2_osm_sf_mission_corridor_offset_s_2500m_1000m_0338 OK 
[2026-07-23 18:08:45,845] INFO: v2_osm_tampere_suburban_offset_w_5000m_1500m_0339 OK 
[2026-07-23 18:08:45,845] INFO: v2_osm_cambridge_haggle_exact_500m_0m_0340 OK 
[2026-07-23 18:08:45,845] INFO: v2_osm_dieselnet_amherst_offset_n_1000m_500m_0341 OK 
[2026-07-23 18:08:45,845] INFO: v2_osm_helsinki_archipelago_offset_e_1500m_1000m_0342 OK 
[2026-07-23 18:08:45,845] INFO: v2_osm_helsinki_disrupted_offset_s_2500m_1500m_0343 OK 
[2026-07-23 18:08:45,845] INFO: v2_osm_helsinki_downtown_offset_w_5000m_200m_0344 OK 
[2026-07-23 18:08:45,846] INFO: v2_osm_kallio_community_exact_500m_0m_0345 OK 
[2026-07-23 18:08:45,846] INFO: v2_osm_kumpula_campus_offset_n_1000m_1000m_0346 OK 
[2026-07-23 18:08:45,846] INFO: v2_osm_lapland_rural_sparse_offset_e_1500m_1500m_0347 OK 
[2026-07-23 18:08:45,846] INFO: v2_osm_london_industrial_corridor_offset_s_2500m_200m_0348 OK 
[2026-07-23 18:08:45,846] INFO: v2_osm_manhattan_midtown_offset_w_5000m_500m_0349 OK 
[2026-07-23 18:08:45,846] INFO: v2_osm_mit_campus_reality_exact_500m_0m_0350 OK 
[2026-07-23 18:08:45,848] INFO: v2_osm_nuuksio_sparse_trails_offset_n_1000m_1500m_0351 FAIL_BUILD_OSM osm_process: Graph contains no edges.
[2026-07-23 18:08:45,848] INFO: v2_osm_rio_centro_buses_offset_e_1500m_200m_0352 OK 
[2026-07-23 18:08:45,848] INFO: v2_osm_roma_centro_offset_s_2500m_500m_0353 OK 
[2026-07-23 18:08:45,848] INFO: v2_osm_sf_cabspotting_downtown_offset_w_5000m_1000m_0354 OK 
[2026-07-23 18:08:45,849] INFO: v2_osm_sf_mission_corridor_exact_500m_0m_0355 OK 
[2026-07-23 18:08:45,856] INFO: v2_osm_tampere_suburban_offset_n_1000m_200m_0356 FAIL_BUILD_OSM too few segments (10 < 20)
[2026-07-23 18:08:45,857] INFO: v2_osm_cambridge_haggle_offset_e_1500m_500m_0357 OK 
[2026-07-23 18:08:45,857] INFO: v2_osm_dieselnet_amherst_offset_s_2500m_1000m_0358 OK 
[2026-07-23 18:08:45,857] INFO: v2_osm_helsinki_archipelago_offset_w_5000m_1500m_0359 OK 
[2026-07-23 18:08:45,857] INFO: v2_osm_helsinki_disrupted_exact_500m_0m_0360 OK 
[2026-07-23 18:08:45,857] INFO: v2_osm_helsinki_downtown_offset_n_1000m_500m_0361 OK 
[2026-07-23 18:08:45,857] INFO: v2_osm_kallio_community_offset_e_1500m_1000m_0362 OK 
[2026-07-23 18:08:45,857] INFO: v2_osm_kumpula_campus_offset_s_2500m_1500m_0363 OK 
[2026-07-23 18:08:45,858] INFO: v2_osm_lapland_rural_sparse_offset_w_5000m_200m_0364 OK 
[2026-07-23 18:08:45,858] INFO: v2_osm_london_industrial_corridor_exact_500m_0m_0365 OK 
[2026-07-23 18:08:45,858] INFO: v2_osm_manhattan_midtown_offset_n_1000m_1000m_0366 OK 
[2026-07-23 18:08:45,858] INFO: v2_osm_mit_campus_reality_offset_e_1500m_1500m_0367 OK 
[2026-07-23 18:08:45,858] INFO: v2_osm_nuuksio_sparse_trails_offset_s_2500m_200m_0368 OK 
[2026-07-23 18:08:45,858] INFO: v2_osm_rio_centro_buses_offset_w_5000m_500m_0369 OK 
[2026-07-23 18:08:45,858] INFO: v2_osm_roma_centro_exact_500m_0m_0370 OK 
[2026-07-23 18:08:45,859] INFO: v2_osm_sf_cabspotting_downtown_offset_n_1000m_1500m_0371 OK 
[2026-07-23 18:08:45,859] INFO: v2_osm_sf_mission_corridor_offset_e_1500m_200m_0372 OK 
[2026-07-23 18:08:45,859] INFO: v2_osm_tampere_suburban_offset_s_2500m_500m_0373 OK 
[2026-07-23 18:08:45,859] INFO: v2_osm_cambridge_haggle_offset_w_5000m_1000m_0374 OK 
[2026-07-23 18:08:45,859] INFO: v2_osm_dieselnet_amherst_exact_500m_0m_0375 OK 
[2026-07-23 18:08:45,859] INFO: v2_osm_helsinki_archipelago_offset_n_1000m_200m_0376 OK 
[2026-07-23 18:08:45,860] INFO: v2_osm_helsinki_disrupted_offset_e_1500m_500m_0377 OK 
[2026-07-23 18:08:45,860] INFO: v2_osm_helsinki_downtown_offset_s_2500m_1000m_0378 OK 
[2026-07-23 18:08:45,860] INFO: v2_osm_kallio_community_offset_w_5000m_1500m_0379 OK 
[2026-07-23 18:08:45,860] INFO: v2_osm_kumpula_campus_exact_500m_0m_0380 OK 
[2026-07-23 18:08:45,860] INFO: v2_osm_lapland_rural_sparse_offset_n_1000m_500m_0381 OK 
[2026-07-23 18:08:45,860] INFO: v2_osm_london_industrial_corridor_offset_e_1500m_1000m_0382 OK 
[2026-07-23 18:08:45,860] INFO: v2_osm_manhattan_midtown_offset_s_2500m_1500m_0383 OK 
[2026-07-23 18:08:45,860] INFO: v2_osm_mit_campus_reality_offset_w_5000m_200m_0384 OK 
[2026-07-23 18:08:45,868] INFO: v2_osm_nuuksio_sparse_trails_exact_500m_0m_0385 FAIL_BUILD_OSM too few segments (8 < 20)
[2026-07-23 18:08:45,868] INFO: v2_osm_rio_centro_buses_offset_n_1000m_1000m_0386 OK 
[2026-07-23 18:08:45,868] INFO: v2_osm_roma_centro_offset_e_1500m_1500m_0387 OK 
[2026-07-23 18:08:45,869] INFO: v2_osm_sf_cabspotting_downtown_offset_s_2500m_200m_0388 OK 
[2026-07-23 18:08:45,869] INFO: v2_osm_sf_mission_corridor_offset_w_5000m_500m_0389 OK 
[2026-07-23 18:08:45,870] INFO: v2_osm_tampere_suburban_exact_500m_0m_0390 FAIL_BUILD_OSM osm_process: Graph contains no edges.
[2026-07-23 18:08:45,870] INFO: v2_osm_cambridge_haggle_offset_n_1000m_1500m_0391 OK 
[2026-07-23 18:08:45,870] INFO: v2_osm_dieselnet_amherst_offset_e_1500m_200m_0392 OK 
[2026-07-23 18:08:45,871] INFO: v2_osm_helsinki_archipelago_offset_s_2500m_500m_0393 OK 
[2026-07-23 18:08:45,871] INFO: v2_osm_helsinki_disrupted_offset_w_5000m_1000m_0394 OK 
[2026-07-23 18:08:45,871] INFO: v2_osm_helsinki_downtown_exact_500m_0m_0395 OK 
[2026-07-23 18:08:45,871] INFO: v2_osm_kallio_community_offset_n_1000m_200m_0396 OK 
[2026-07-23 18:08:45,871] INFO: v2_osm_kumpula_campus_offset_e_1500m_500m_0397 OK 
[2026-07-23 18:08:45,871] INFO: v2_osm_lapland_rural_sparse_offset_s_2500m_1000m_0398 OK 
[2026-07-23 18:08:45,871] INFO: v2_osm_london_industrial_corridor_offset_w_5000m_1500m_0399 OK 
[2026-07-23 18:08:45,880] INFO: v2_osm_manhattan_midtown_exact_500m_0m_0400 FAIL_BUILD_OSM too few segments (14 < 20)
[2026-07-23 18:08:45,880] INFO: v2_osm_mit_campus_reality_offset_n_1000m_500m_0401 OK 
[2026-07-23 18:08:45,880] INFO: v2_osm_nuuksio_sparse_trails_offset_e_1500m_1000m_0402 OK 
[2026-07-23 18:08:45,880] INFO: v2_osm_rio_centro_buses_offset_s_2500m_1500m_0403 OK 
[2026-07-23 18:08:45,880] INFO: v2_osm_roma_centro_offset_w_5000m_200m_0404 OK 
[2026-07-23 18:08:45,881] INFO: v2_osm_sf_cabspotting_downtown_exact_500m_0m_0405 OK 
[2026-07-23 18:08:45,881] INFO: v2_osm_sf_mission_corridor_offset_n_1000m_1000m_0406 OK 
[2026-07-23 18:08:45,881] INFO: v2_osm_tampere_suburban_offset_e_1500m_1500m_0407 OK 
[2026-07-23 18:08:45,881] INFO: v2_osm_cambridge_haggle_offset_s_2500m_200m_0408 OK 
[2026-07-23 18:08:45,881] INFO: v2_osm_dieselnet_amherst_offset_w_5000m_500m_0409 OK 
[2026-07-23 18:08:45,881] INFO: v2_osm_helsinki_archipelago_exact_500m_0m_0410 OK 
[2026-07-23 18:08:45,881] INFO: v2_osm_helsinki_disrupted_offset_n_1000m_1500m_0411 OK 
[2026-07-23 18:08:45,882] INFO: v2_osm_helsinki_downtown_offset_e_1500m_200m_0412 OK 
[2026-07-23 18:08:45,882] INFO: v2_osm_kallio_community_offset_s_2500m_500m_0413 OK 
[2026-07-23 18:08:45,882] INFO: v2_osm_kumpula_campus_offset_w_5000m_1000m_0414 OK 
[2026-07-23 18:08:45,882] INFO: v2_osm_lapland_rural_sparse_exact_500m_0m_0415 OK 
[2026-07-23 18:08:45,882] INFO: v2_osm_london_industrial_corridor_offset_n_1000m_200m_0416 OK 
[2026-07-23 18:08:45,882] INFO: v2_osm_manhattan_midtown_offset_e_1500m_500m_0417 OK 
[2026-07-23 18:08:45,882] INFO: v2_osm_mit_campus_reality_offset_s_2500m_1000m_0418 OK 
[2026-07-23 18:08:45,883] INFO: v2_osm_nuuksio_sparse_trails_offset_w_5000m_1500m_0419 OK 
[2026-07-23 18:08:45,883] INFO: v2_osm_rio_centro_buses_exact_500m_0m_0420 OK 
[2026-07-23 18:08:45,883] INFO: v2_osm_roma_centro_offset_n_1000m_500m_0421 OK 
[2026-07-23 18:08:45,883] INFO: v2_osm_sf_cabspotting_downtown_offset_e_1500m_1000m_0422 OK 
[2026-07-23 18:08:45,883] INFO: v2_osm_sf_mission_corridor_offset_s_2500m_1500m_0423 OK 
[2026-07-23 18:08:45,883] INFO: v2_osm_tampere_suburban_offset_w_5000m_200m_0424 OK 
[2026-07-23 18:08:45,884] INFO: v2_osm_cambridge_haggle_exact_500m_0m_0425 OK 
[2026-07-23 18:08:45,884] INFO: v2_osm_dieselnet_amherst_offset_n_1000m_1000m_0426 OK 
[2026-07-23 18:08:45,884] INFO: v2_osm_helsinki_archipelago_offset_e_1500m_1500m_0427 OK 
[2026-07-23 18:08:45,884] INFO: v2_osm_helsinki_disrupted_offset_s_2500m_200m_0428 OK 
[2026-07-23 18:08:45,884] INFO: v2_osm_helsinki_downtown_offset_w_5000m_500m_0429 OK 
[2026-07-23 18:08:45,884] INFO: v2_osm_kallio_community_exact_500m_0m_0430 OK 
[2026-07-23 18:08:45,884] INFO: v2_osm_kumpula_campus_offset_n_1000m_1500m_0431 OK 
[2026-07-23 18:08:45,885] INFO: v2_osm_lapland_rural_sparse_offset_e_1500m_200m_0432 OK 
[2026-07-23 18:08:45,885] INFO: v2_osm_london_industrial_corridor_offset_s_2500m_500m_0433 OK 
[2026-07-23 18:08:45,885] INFO: v2_osm_manhattan_midtown_offset_w_5000m_1000m_0434 OK 
[2026-07-23 18:08:45,885] INFO: v2_osm_mit_campus_reality_exact_500m_0m_0435 OK 
[2026-07-23 18:08:45,885] INFO: v2_osm_nuuksio_sparse_trails_offset_n_1000m_200m_0436 OK 
[2026-07-23 18:08:45,885] INFO: v2_osm_rio_centro_buses_offset_e_1500m_500m_0437 OK 
[2026-07-23 18:08:45,885] INFO: v2_osm_roma_centro_offset_s_2500m_1000m_0438 OK 
[2026-07-23 18:08:45,886] INFO: v2_osm_sf_cabspotting_downtown_offset_w_5000m_1500m_0439 OK 
[2026-07-23 18:08:45,886] INFO: v2_osm_sf_mission_corridor_exact_500m_0m_0440 OK 
[2026-07-23 18:08:45,893] INFO: v2_osm_tampere_suburban_offset_n_1000m_500m_0441 FAIL_BUILD_OSM too few segments (2 < 20)
[2026-07-23 18:08:45,893] INFO: v2_osm_cambridge_haggle_offset_e_1500m_1000m_0442 OK 
[2026-07-23 18:08:45,893] INFO: v2_osm_dieselnet_amherst_offset_s_2500m_1500m_0443 OK 
[2026-07-23 18:08:45,893] INFO: v2_osm_helsinki_archipelago_offset_w_5000m_200m_0444 OK 
[2026-07-23 18:08:45,893] INFO: v2_osm_helsinki_disrupted_exact_500m_0m_0445 OK 
[2026-07-23 18:08:45,894] INFO: v2_osm_helsinki_downtown_offset_n_1000m_1000m_0446 OK 
[2026-07-23 18:08:45,894] INFO: v2_osm_kallio_community_offset_e_1500m_1500m_0447 OK 
[2026-07-23 18:08:45,894] INFO: v2_osm_kumpula_campus_offset_s_2500m_200m_0448 OK 
[2026-07-23 18:08:45,894] INFO: v2_osm_lapland_rural_sparse_offset_w_5000m_500m_0449 OK 
[2026-07-23 18:08:45,894] INFO: v2_osm_london_industrial_corridor_exact_500m_0m_0450 OK 
[2026-07-23 18:08:45,894] INFO: v2_osm_manhattan_midtown_offset_n_1000m_1500m_0451 OK 
[2026-07-23 18:08:45,894] INFO: v2_osm_mit_campus_reality_offset_e_1500m_200m_0452 OK 
[2026-07-23 18:08:45,894] INFO: v2_osm_nuuksio_sparse_trails_offset_s_2500m_500m_0453 OK 
[2026-07-23 18:08:45,895] INFO: v2_osm_rio_centro_buses_offset_w_5000m_1000m_0454 OK 
[2026-07-23 18:08:45,895] INFO: v2_osm_roma_centro_exact_500m_0m_0455 OK 
[2026-07-23 18:08:45,895] INFO: v2_osm_sf_cabspotting_downtown_offset_n_1000m_200m_0456 OK 
[2026-07-23 18:08:45,895] INFO: v2_osm_sf_mission_corridor_offset_e_1500m_500m_0457 OK 
[2026-07-23 18:08:45,895] INFO: v2_osm_tampere_suburban_offset_s_2500m_1000m_0458 OK 
[2026-07-23 18:08:45,895] INFO: v2_osm_cambridge_haggle_offset_w_5000m_1500m_0459 OK 
[2026-07-23 18:08:45,895] INFO: v2_osm_dieselnet_amherst_exact_500m_0m_0460 OK 
[2026-07-23 18:08:45,896] INFO: v2_osm_helsinki_archipelago_offset_n_1000m_500m_0461 OK 
[2026-07-23 18:08:45,896] INFO: v2_osm_helsinki_disrupted_offset_e_1500m_1000m_0462 OK 
[2026-07-23 18:08:45,896] INFO: v2_osm_helsinki_downtown_offset_s_2500m_1500m_0463 OK 
[2026-07-23 18:08:45,896] INFO: v2_osm_kallio_community_offset_w_5000m_200m_0464 OK 
[2026-07-23 18:08:45,896] INFO: v2_osm_kumpula_campus_exact_500m_0m_0465 OK 
[2026-07-23 18:08:45,896] INFO: v2_osm_lapland_rural_sparse_offset_n_1000m_1000m_0466 OK 
[2026-07-23 18:08:45,896] INFO: v2_osm_london_industrial_corridor_offset_e_1500m_1500m_0467 OK 
[2026-07-23 18:08:45,897] INFO: v2_osm_manhattan_midtown_offset_s_2500m_200m_0468 OK 
[2026-07-23 18:08:45,897] INFO: v2_osm_mit_campus_reality_offset_w_5000m_500m_0469 OK 
[2026-07-23 18:08:45,904] INFO: v2_osm_nuuksio_sparse_trails_exact_500m_0m_0470 FAIL_BUILD_OSM too few segments (8 < 20)
[2026-07-23 18:08:45,904] INFO: v2_osm_rio_centro_buses_offset_n_1000m_1500m_0471 OK 
[2026-07-23 18:08:45,904] INFO: v2_osm_roma_centro_offset_e_1500m_200m_0472 OK 
[2026-07-23 18:08:45,904] INFO: v2_osm_sf_cabspotting_downtown_offset_s_2500m_500m_0473 OK 
[2026-07-23 18:08:45,905] INFO: v2_osm_sf_mission_corridor_offset_w_5000m_1000m_0474 OK 
[2026-07-23 18:08:45,906] INFO: v2_osm_tampere_suburban_exact_500m_0m_0475 FAIL_BUILD_OSM osm_process: Graph contains no edges.
[2026-07-23 18:08:45,906] INFO: v2_osm_cambridge_haggle_offset_n_1000m_200m_0476 OK 
[2026-07-23 18:08:45,906] INFO: v2_osm_dieselnet_amherst_offset_e_1500m_500m_0477 OK 
[2026-07-23 18:08:45,906] INFO: v2_osm_helsinki_archipelago_offset_s_2500m_1000m_0478 OK 
[2026-07-23 18:08:45,907] INFO: v2_osm_helsinki_disrupted_offset_w_5000m_1500m_0479 OK 
[2026-07-23 18:08:45,907] INFO: v2_osm_helsinki_downtown_exact_500m_0m_0480 OK 
[2026-07-23 18:08:45,907] INFO: v2_osm_kallio_community_offset_n_1000m_500m_0481 OK 
[2026-07-23 18:08:45,907] INFO: v2_osm_kumpula_campus_offset_e_1500m_1000m_0482 OK 
[2026-07-23 18:08:45,907] INFO: v2_osm_lapland_rural_sparse_offset_s_2500m_1500m_0483 OK 
[2026-07-23 18:08:45,907] INFO: v2_osm_london_industrial_corridor_offset_w_5000m_200m_0484 OK 
[2026-07-23 18:08:45,915] INFO: v2_osm_manhattan_midtown_exact_500m_0m_0485 FAIL_BUILD_OSM too few segments (14 < 20)
[2026-07-23 18:08:45,916] INFO: v2_osm_mit_campus_reality_offset_n_1000m_1000m_0486 OK 
[2026-07-23 18:08:45,916] INFO: v2_osm_nuuksio_sparse_trails_offset_e_1500m_1500m_0487 OK 
[2026-07-23 18:08:45,916] INFO: v2_osm_rio_centro_buses_offset_s_2500m_200m_0488 OK 
[2026-07-23 18:08:45,916] INFO: v2_osm_roma_centro_offset_w_5000m_500m_0489 OK 
[2026-07-23 18:08:45,916] INFO: v2_osm_sf_cabspotting_downtown_exact_500m_0m_0490 OK 
[2026-07-23 18:08:45,916] INFO: v2_osm_sf_mission_corridor_offset_n_1000m_1500m_0491 OK 
[2026-07-23 18:08:45,917] INFO: v2_osm_tampere_suburban_offset_e_1500m_200m_0492 OK 
[2026-07-23 18:08:45,917] INFO: v2_osm_cambridge_haggle_offset_s_2500m_500m_0493 OK 
[2026-07-23 18:08:45,917] INFO: v2_osm_dieselnet_amherst_offset_w_5000m_1000m_0494 OK 
[2026-07-23 18:08:45,917] INFO: v2_osm_helsinki_archipelago_exact_500m_0m_0495 OK 
[2026-07-23 18:08:45,917] INFO: v2_osm_helsinki_disrupted_offset_n_1000m_200m_0496 OK 
[2026-07-23 18:08:45,917] INFO: v2_osm_helsinki_downtown_offset_e_1500m_500m_0497 OK 
[2026-07-23 18:08:45,917] INFO: v2_osm_kallio_community_offset_s_2500m_1000m_0498 OK 
[2026-07-23 18:08:45,917] INFO: v2_osm_kumpula_campus_offset_w_5000m_1500m_0499 OK 
[2026-07-23 18:08:45,918] INFO: v2_osm_lapland_rural_sparse_exact_500m_0m_0500 OK 
[2026-07-23 18:08:45,918] INFO: v2_osm_london_industrial_corridor_offset_n_1000m_500m_0501 OK 
[2026-07-23 18:08:45,918] INFO: v2_osm_manhattan_midtown_offset_e_1500m_1000m_0502 OK 
[2026-07-23 18:08:45,918] INFO: v2_osm_mit_campus_reality_offset_s_2500m_1500m_0503 OK 
[2026-07-23 18:08:45,918] INFO: v2_osm_nuuksio_sparse_trails_offset_w_5000m_200m_0504 OK 
[2026-07-23 18:08:45,918] INFO: v2_osm_rio_centro_buses_exact_500m_0m_0505 OK 
[2026-07-23 18:08:45,918] INFO: v2_osm_roma_centro_offset_n_1000m_1000m_0506 OK 
[2026-07-23 18:08:45,919] INFO: v2_osm_sf_cabspotting_downtown_offset_e_1500m_1500m_0507 OK 
[2026-07-23 18:08:45,919] INFO: v2_osm_sf_mission_corridor_offset_s_2500m_200m_0508 OK 
[2026-07-23 18:08:45,919] INFO: v2_osm_tampere_suburban_offset_w_5000m_500m_0509 OK 
[2026-07-23 18:08:45,919] INFO: v2_osm_cambridge_haggle_exact_500m_0m_0510 OK 
[2026-07-23 18:08:45,919] INFO: v2_osm_dieselnet_amherst_offset_n_1000m_1500m_0511 OK 
[2026-07-23 18:08:45,919] INFO: v2_osm_helsinki_archipelago_offset_e_1500m_200m_0512 OK 
[2026-07-23 18:08:45,919] INFO: v2_osm_helsinki_disrupted_offset_s_2500m_500m_0513 OK 
[2026-07-23 18:08:45,920] INFO: v2_osm_helsinki_downtown_offset_w_5000m_1000m_0514 OK 
[2026-07-23 18:08:45,920] INFO: v2_osm_kallio_community_exact_500m_0m_0515 OK 
[2026-07-23 18:08:45,920] INFO: v2_osm_kumpula_campus_offset_n_1000m_200m_0516 OK 
[2026-07-23 18:08:45,920] INFO: v2_osm_lapland_rural_sparse_offset_e_1500m_500m_0517 OK 
[2026-07-23 18:08:45,920] INFO: v2_osm_london_industrial_corridor_offset_s_2500m_1000m_0518 OK 
[2026-07-23 18:08:45,920] INFO: v2_osm_manhattan_midtown_offset_w_5000m_1500m_0519 OK 
[2026-07-23 18:08:45,920] INFO: v2_osm_mit_campus_reality_exact_500m_0m_0520 OK 
[2026-07-23 18:08:45,928] INFO: v2_osm_nuuksio_sparse_trails_offset_n_1000m_500m_0521 FAIL_BUILD_OSM too few segments (14 < 20)
[2026-07-23 18:08:45,929] INFO: v2_osm_rio_centro_buses_offset_e_1500m_1000m_0522 OK 
[2026-07-23 18:08:45,929] INFO: v2_osm_roma_centro_offset_s_2500m_1500m_0523 OK 
[2026-07-23 18:08:45,929] INFO: v2_osm_sf_cabspotting_downtown_offset_w_5000m_200m_0524 OK 
[2026-07-23 18:08:45,929] INFO: v2_osm_sf_mission_corridor_exact_500m_0m_0525 OK 
[2026-07-23 18:08:45,936] INFO: v2_osm_tampere_suburban_offset_n_1000m_1000m_0526 FAIL_BUILD_OSM too few segments (2 < 20)
[2026-07-23 18:08:45,936] INFO: v2_osm_cambridge_haggle_offset_e_1500m_1500m_0527 OK 
[2026-07-23 18:08:45,936] INFO: v2_osm_dieselnet_amherst_offset_s_2500m_200m_0528 OK 
[2026-07-23 18:08:45,936] INFO: v2_osm_helsinki_archipelago_offset_w_5000m_500m_0529 OK 
[2026-07-23 18:08:45,936] INFO: v2_osm_helsinki_disrupted_exact_500m_0m_0530 OK 
[2026-07-23 18:08:45,937] INFO: v2_osm_helsinki_downtown_offset_n_1000m_1500m_0531 OK 
[2026-07-23 18:08:45,937] INFO: v2_osm_kallio_community_offset_e_1500m_200m_0532 OK 
[2026-07-23 18:08:45,937] INFO: v2_osm_kumpula_campus_offset_s_2500m_500m_0533 OK 
[2026-07-23 18:08:45,937] INFO: v2_osm_lapland_rural_sparse_offset_w_5000m_1000m_0534 OK 
[2026-07-23 18:08:45,937] INFO: v2_osm_london_industrial_corridor_exact_500m_0m_0535 OK 
[2026-07-23 18:08:45,937] INFO: v2_osm_manhattan_midtown_offset_n_1000m_200m_0536 OK 
[2026-07-23 18:08:45,937] INFO: v2_osm_mit_campus_reality_offset_e_1500m_500m_0537 OK 
[2026-07-23 18:08:45,938] INFO: v2_osm_nuuksio_sparse_trails_offset_s_2500m_1000m_0538 OK 
[2026-07-23 18:08:45,938] INFO: v2_osm_rio_centro_buses_offset_w_5000m_1500m_0539 OK 
[2026-07-23 18:08:45,938] INFO: v2_osm_roma_centro_exact_500m_0m_0540 OK 
[2026-07-23 18:08:45,938] INFO: v2_osm_sf_cabspotting_downtown_offset_n_1000m_500m_0541 OK 
[2026-07-23 18:08:45,938] INFO: v2_osm_sf_mission_corridor_offset_e_1500m_1000m_0542 OK 
[2026-07-23 18:08:45,938] INFO: v2_osm_tampere_suburban_offset_s_2500m_1500m_0543 OK 
[2026-07-23 18:08:45,938] INFO: v2_osm_cambridge_haggle_offset_w_5000m_200m_0544 OK 
[2026-07-23 18:08:45,939] INFO: v2_osm_dieselnet_amherst_exact_500m_0m_0545 OK 
[2026-07-23 18:08:45,939] INFO: v2_osm_helsinki_archipelago_offset_n_1000m_1000m_0546 OK 
[2026-07-23 18:08:45,939] INFO: v2_osm_helsinki_disrupted_offset_e_1500m_1500m_0547 OK 
[2026-07-23 18:08:45,939] INFO: v2_osm_helsinki_downtown_offset_s_2500m_200m_0548 OK 
[2026-07-23 18:08:45,939] INFO: v2_osm_kallio_community_offset_w_5000m_500m_0549 OK 
[2026-07-23 18:08:45,939] INFO: v2_osm_kumpula_campus_exact_500m_0m_0550 OK 
[2026-07-23 18:08:45,946] INFO: v2_osm_lapland_rural_sparse_offset_n_1000m_1500m_0551 FAIL_BUILD_OSM too few segments (2 < 20)
[2026-07-23 18:08:45,946] INFO: v2_osm_london_industrial_corridor_offset_e_1500m_200m_0552 OK 
[2026-07-23 18:08:45,946] INFO: v2_osm_manhattan_midtown_offset_s_2500m_500m_0553 OK 
[2026-07-23 18:08:45,947] INFO: v2_osm_mit_campus_reality_offset_w_5000m_1000m_0554 OK 
[2026-07-23 18:08:45,954] INFO: v2_osm_nuuksio_sparse_trails_exact_500m_0m_0555 FAIL_BUILD_OSM too few segments (8 < 20)
[2026-07-23 18:08:45,954] INFO: v2_osm_rio_centro_buses_offset_n_1000m_200m_0556 OK 
[2026-07-23 18:08:45,954] INFO: v2_osm_roma_centro_offset_e_1500m_500m_0557 OK 
[2026-07-23 18:08:45,954] INFO: v2_osm_sf_cabspotting_downtown_offset_s_2500m_1000m_0558 OK 
[2026-07-23 18:08:45,954] INFO: v2_osm_sf_mission_corridor_offset_w_5000m_1500m_0559 OK 
[2026-07-23 18:08:45,956] INFO: v2_osm_tampere_suburban_exact_500m_0m_0560 FAIL_BUILD_OSM osm_process: Graph contains no edges.
[2026-07-23 18:08:45,956] INFO: v2_osm_cambridge_haggle_offset_n_1000m_500m_0561 OK 
[2026-07-23 18:08:45,956] INFO: v2_osm_dieselnet_amherst_offset_e_1500m_1000m_0562 OK 
[2026-07-23 18:08:45,956] INFO: v2_osm_helsinki_archipelago_offset_s_2500m_1500m_0563 OK 
[2026-07-23 18:08:45,956] INFO: v2_osm_helsinki_disrupted_offset_w_5000m_200m_0564 OK 
[2026-07-23 18:08:45,957] INFO: v2_osm_helsinki_downtown_exact_500m_0m_0565 OK 
[2026-07-23 18:08:45,957] INFO: v2_osm_kallio_community_offset_n_1000m_1000m_0566 OK 
[2026-07-23 18:08:45,957] INFO: v2_osm_kumpula_campus_offset_e_1500m_1500m_0567 OK 
[2026-07-23 18:08:45,957] INFO: v2_osm_lapland_rural_sparse_offset_s_2500m_200m_0568 OK 
[2026-07-23 18:08:45,957] INFO: v2_osm_london_industrial_corridor_offset_w_5000m_500m_0569 OK 
[2026-07-23 18:08:45,965] INFO: v2_osm_manhattan_midtown_exact_500m_0m_0570 FAIL_BUILD_OSM too few segments (14 < 20)
[2026-07-23 18:08:45,965] INFO: v2_osm_mit_campus_reality_offset_n_1000m_1500m_0571 OK 
[2026-07-23 18:08:45,966] INFO: v2_osm_nuuksio_sparse_trails_offset_e_1500m_200m_0572 OK 
[2026-07-23 18:08:45,966] INFO: v2_osm_rio_centro_buses_offset_s_2500m_500m_0573 OK 
[2026-07-23 18:08:45,966] INFO: v2_osm_roma_centro_offset_w_5000m_1000m_0574 OK 
[2026-07-23 18:08:45,966] INFO: v2_osm_sf_cabspotting_downtown_exact_500m_0m_0575 OK 
[2026-07-23 18:08:45,966] INFO: v2_osm_sf_mission_corridor_offset_n_1000m_200m_0576 OK 
[2026-07-23 18:08:45,966] INFO: v2_osm_tampere_suburban_offset_e_1500m_500m_0577 OK 
[2026-07-23 18:08:45,966] INFO: v2_osm_cambridge_haggle_offset_s_2500m_1000m_0578 OK 
[2026-07-23 18:08:45,967] INFO: v2_osm_dieselnet_amherst_offset_w_5000m_1500m_0579 OK 
[2026-07-23 18:08:45,967] INFO: v2_osm_helsinki_archipelago_exact_500m_0m_0580 OK 
[2026-07-23 18:08:45,967] INFO: v2_osm_helsinki_disrupted_offset_n_1000m_500m_0581 OK 
[2026-07-23 18:08:45,967] INFO: v2_osm_helsinki_downtown_offset_e_1500m_1000m_0582 OK 
[2026-07-23 18:08:45,967] INFO: v2_osm_kallio_community_offset_s_2500m_1500m_0583 OK 
[2026-07-23 18:08:45,967] INFO: v2_osm_kumpula_campus_offset_w_5000m_200m_0584 OK 
[2026-07-23 18:08:45,967] INFO: v2_osm_lapland_rural_sparse_exact_500m_0m_0585 OK 
[2026-07-23 18:08:45,968] INFO: v2_osm_london_industrial_corridor_offset_n_1000m_1000m_0586 OK 
[2026-07-23 18:08:45,968] INFO: v2_osm_manhattan_midtown_offset_e_1500m_1500m_0587 OK 
[2026-07-23 18:08:45,968] INFO: v2_osm_mit_campus_reality_offset_s_2500m_200m_0588 OK 
[2026-07-23 18:08:45,968] INFO: v2_osm_nuuksio_sparse_trails_offset_w_5000m_500m_0589 OK 
[2026-07-23 18:08:45,968] INFO: v2_osm_rio_centro_buses_exact_500m_0m_0590 OK 
[2026-07-23 18:08:45,968] INFO: v2_osm_roma_centro_offset_n_1000m_1500m_0591 OK 
[2026-07-23 18:08:45,968] INFO: v2_osm_sf_cabspotting_downtown_offset_e_1500m_200m_0592 OK 
[2026-07-23 18:08:45,969] INFO: v2_osm_sf_mission_corridor_offset_s_2500m_500m_0593 OK 
[2026-07-23 18:08:45,969] INFO: v2_osm_tampere_suburban_offset_w_5000m_1000m_0594 OK 
[2026-07-23 18:08:45,969] INFO: v2_osm_cambridge_haggle_exact_500m_0m_0595 OK 
[2026-07-23 18:08:45,969] INFO: v2_osm_dieselnet_amherst_offset_n_1000m_200m_0596 OK 
[2026-07-23 18:08:45,969] INFO: v2_osm_helsinki_archipelago_offset_e_1500m_500m_0597 OK 
[2026-07-23 18:08:45,969] INFO: v2_osm_helsinki_disrupted_offset_s_2500m_1000m_0598 OK 
[2026-07-23 18:08:45,969] INFO: v2_osm_helsinki_downtown_offset_w_5000m_1500m_0599 OK 
[2026-07-23 18:08:45,970] INFO: v2_osm_kallio_community_exact_500m_0m_0600 OK 
[2026-07-23 18:08:45,970] INFO: v2_osm_kumpula_campus_offset_n_1000m_500m_0601 OK 
[2026-07-23 18:08:45,970] INFO: v2_osm_lapland_rural_sparse_offset_e_1500m_1000m_0602 OK 
[2026-07-23 18:08:45,970] INFO: v2_osm_london_industrial_corridor_offset_s_2500m_1500m_0603 OK 
[2026-07-23 18:08:45,970] INFO: v2_osm_manhattan_midtown_offset_w_5000m_200m_0604 OK 
[2026-07-23 18:08:45,970] INFO: v2_osm_mit_campus_reality_exact_500m_0m_0605 OK 
[2026-07-23 18:08:45,978] INFO: v2_osm_nuuksio_sparse_trails_offset_n_1000m_1000m_0606 FAIL_BUILD_OSM too few segments (2 < 20)
[2026-07-23 18:08:45,978] INFO: v2_osm_rio_centro_buses_offset_e_1500m_1500m_0607 OK 
[2026-07-23 18:08:45,978] INFO: v2_osm_roma_centro_offset_s_2500m_200m_0608 OK 
[2026-07-23 18:08:45,978] INFO: v2_osm_sf_cabspotting_downtown_offset_w_5000m_500m_0609 OK 
[2026-07-23 18:08:45,978] INFO: v2_osm_sf_mission_corridor_exact_500m_0m_0610 OK 
[2026-07-23 18:08:45,979] INFO: v2_osm_tampere_suburban_offset_n_1000m_1500m_0611 OK 
[2026-07-23 18:08:45,979] INFO: v2_osm_cambridge_haggle_offset_e_1500m_200m_0612 OK 
[2026-07-23 18:08:45,979] INFO: v2_osm_dieselnet_amherst_offset_s_2500m_500m_0613 OK 
[2026-07-23 18:08:45,979] INFO: v2_osm_helsinki_archipelago_offset_w_5000m_1000m_0614 OK 
[2026-07-23 18:08:45,979] INFO: v2_osm_helsinki_disrupted_exact_500m_0m_0615 OK 
[2026-07-23 18:08:45,979] INFO: v2_osm_helsinki_downtown_offset_n_1000m_200m_0616 OK 
[2026-07-23 18:08:45,979] INFO: v2_osm_kallio_community_offset_e_1500m_500m_0617 OK 
[2026-07-23 18:08:45,980] INFO: v2_osm_kumpula_campus_offset_s_2500m_1000m_0618 OK 
[2026-07-23 18:08:45,980] INFO: v2_osm_lapland_rural_sparse_offset_w_5000m_1500m_0619 OK 
[2026-07-23 18:08:45,980] INFO: v2_osm_london_industrial_corridor_exact_500m_0m_0620 OK 
[2026-07-23 18:08:45,980] INFO: v2_osm_manhattan_midtown_offset_n_1000m_500m_0621 OK 
[2026-07-23 18:08:45,980] INFO: v2_osm_mit_campus_reality_offset_e_1500m_1000m_0622 OK 
[2026-07-23 18:08:45,980] INFO: v2_osm_nuuksio_sparse_trails_offset_s_2500m_1500m_0623 OK 
[2026-07-23 18:08:45,981] INFO: v2_osm_rio_centro_buses_offset_w_5000m_200m_0624 OK 
[2026-07-23 18:08:45,981] INFO: v2_osm_roma_centro_exact_500m_0m_0625 OK 
[2026-07-23 18:08:45,981] INFO: v2_osm_sf_cabspotting_downtown_offset_n_1000m_1000m_0626 OK 
[2026-07-23 18:08:45,981] INFO: v2_osm_sf_mission_corridor_offset_e_1500m_1500m_0627 OK 
[2026-07-23 18:08:45,981] INFO: v2_osm_tampere_suburban_offset_s_2500m_200m_0628 OK 
[2026-07-23 18:08:45,981] INFO: v2_osm_cambridge_haggle_offset_w_5000m_500m_0629 OK 
[2026-07-23 18:08:45,982] INFO: v2_osm_dieselnet_amherst_exact_500m_0m_0630 OK 
[2026-07-23 18:08:45,982] INFO: v2_osm_helsinki_archipelago_offset_n_1000m_1500m_0631 OK 
[2026-07-23 18:08:45,982] INFO: v2_osm_helsinki_disrupted_offset_e_1500m_200m_0632 OK 
[2026-07-23 18:08:45,982] INFO: v2_osm_helsinki_downtown_offset_s_2500m_500m_0633 OK 
[2026-07-23 18:08:45,982] INFO: v2_osm_kallio_community_offset_w_5000m_1000m_0634 OK 
[2026-07-23 18:08:45,982] INFO: v2_osm_kumpula_campus_exact_500m_0m_0635 OK 
[2026-07-23 18:08:45,982] INFO: v2_osm_lapland_rural_sparse_offset_n_1000m_200m_0636 OK 
[2026-07-23 18:08:45,983] INFO: v2_osm_london_industrial_corridor_offset_e_1500m_500m_0637 OK 
[2026-07-23 18:08:45,983] INFO: v2_osm_manhattan_midtown_offset_s_2500m_1000m_0638 OK 
[2026-07-23 18:08:45,983] INFO: v2_osm_mit_campus_reality_offset_w_5000m_1500m_0639 OK 
[2026-07-23 18:08:45,990] INFO: v2_osm_nuuksio_sparse_trails_exact_500m_0m_0640 FAIL_BUILD_OSM too few segments (8 < 20)
[2026-07-23 18:08:45,991] INFO: v2_osm_rio_centro_buses_offset_n_1000m_500m_0641 OK 
[2026-07-23 18:08:45,991] INFO: v2_osm_roma_centro_offset_e_1500m_1000m_0642 OK 
[2026-07-23 18:08:45,991] INFO: v2_osm_sf_cabspotting_downtown_offset_s_2500m_1500m_0643 OK 
[2026-07-23 18:08:45,991] INFO: v2_osm_sf_mission_corridor_offset_w_5000m_200m_0644 OK 
[2026-07-23 18:08:45,992] INFO: v2_osm_tampere_suburban_exact_500m_0m_0645 FAIL_BUILD_OSM osm_process: Graph contains no edges.
[2026-07-23 18:08:45,993] INFO: v2_osm_cambridge_haggle_offset_n_1000m_1000m_0646 OK 
[2026-07-23 18:08:45,993] INFO: v2_osm_dieselnet_amherst_offset_e_1500m_1500m_0647 OK 
[2026-07-23 18:08:45,993] INFO: v2_osm_helsinki_archipelago_offset_s_2500m_200m_0648 OK 
[2026-07-23 18:08:45,993] INFO: v2_osm_helsinki_disrupted_offset_w_5000m_500m_0649 OK 
[2026-07-23 18:08:45,993] INFO: v2_osm_helsinki_downtown_exact_500m_0m_0650 OK 
[2026-07-23 18:08:45,993] INFO: v2_osm_kallio_community_offset_n_1000m_1500m_0651 OK 
[2026-07-23 18:08:45,994] INFO: v2_osm_kumpula_campus_offset_e_1500m_200m_0652 OK 
[2026-07-23 18:08:45,994] INFO: v2_osm_lapland_rural_sparse_offset_s_2500m_500m_0653 OK 
[2026-07-23 18:08:45,994] INFO: v2_osm_london_industrial_corridor_offset_w_5000m_1000m_0654 OK 
[2026-07-23 18:08:46,003] INFO: v2_osm_manhattan_midtown_exact_500m_0m_0655 FAIL_BUILD_OSM too few segments (14 < 20)
[2026-07-23 18:08:46,003] INFO: v2_osm_mit_campus_reality_offset_n_1000m_200m_0656 OK 
[2026-07-23 18:08:46,003] INFO: v2_osm_nuuksio_sparse_trails_offset_e_1500m_500m_0657 OK 
[2026-07-23 18:08:46,003] INFO: v2_osm_rio_centro_buses_offset_s_2500m_1000m_0658 OK 
[2026-07-23 18:08:46,004] INFO: v2_osm_roma_centro_offset_w_5000m_1500m_0659 OK 
[2026-07-23 18:08:46,004] INFO: v2_osm_sf_cabspotting_downtown_exact_500m_0m_0660 OK 
[2026-07-23 18:08:46,004] INFO: v2_osm_sf_mission_corridor_offset_n_1000m_500m_0661 OK 
[2026-07-23 18:08:46,004] INFO: v2_osm_tampere_suburban_offset_e_1500m_1000m_0662 OK 
[2026-07-23 18:08:46,004] INFO: v2_osm_cambridge_haggle_offset_s_2500m_1500m_0663 OK 
[2026-07-23 18:08:46,004] INFO: v2_osm_dieselnet_amherst_offset_w_5000m_200m_0664 OK 
[2026-07-23 18:08:46,005] INFO: v2_osm_helsinki_archipelago_exact_500m_0m_0665 OK 
[2026-07-23 18:08:46,005] INFO: v2_osm_helsinki_disrupted_offset_n_1000m_1000m_0666 OK 
[2026-07-23 18:08:46,005] INFO: v2_osm_helsinki_downtown_offset_e_1500m_1500m_0667 OK 
[2026-07-23 18:08:46,005] INFO: v2_osm_kallio_community_offset_s_2500m_200m_0668 OK 
[2026-07-23 18:08:46,005] INFO: v2_osm_kumpula_campus_offset_w_5000m_500m_0669 OK 
[2026-07-23 18:08:46,005] INFO: v2_osm_lapland_rural_sparse_exact_500m_0m_0670 OK 
[2026-07-23 18:08:46,006] INFO: v2_osm_london_industrial_corridor_offset_n_1000m_1500m_0671 OK 
[2026-07-23 18:08:54,594] INFO: v2_osm_manhattan_midtown_offset_e_1500m_200m_0672 OK 
[2026-07-23 18:09:17,912] INFO: v2_osm_mit_campus_reality_offset_s_2500m_500m_0673 OK 
[2026-07-23 18:09:28,858] INFO: v2_osm_nuuksio_sparse_trails_offset_w_5000m_1000m_0674 OK 
[2026-07-23 18:09:37,083] INFO: v2_osm_rio_centro_buses_exact_500m_0m_0675 OK 
[2026-07-23 18:09:45,713] INFO: v2_osm_roma_centro_offset_n_1000m_200m_0676 OK 
[2026-07-23 18:09:54,452] INFO: v2_osm_sf_cabspotting_downtown_offset_e_1500m_500m_0677 OK 
[2026-07-23 18:10:04,399] INFO: v2_osm_sf_mission_corridor_offset_s_2500m_1000m_0678 OK 
[2026-07-23 18:10:14,336] INFO: v2_osm_tampere_suburban_offset_w_5000m_1500m_0679 OK 
[2026-07-23 18:10:23,428] INFO: v2_osm_cambridge_haggle_exact_500m_0m_0680 OK 
[2026-07-23 18:10:31,821] INFO: v2_osm_dieselnet_amherst_offset_n_1000m_500m_0681 OK 
[2026-07-23 18:10:53,363] INFO: v2_osm_helsinki_archipelago_offset_e_1500m_1000m_0682 OK 
[2026-07-23 18:11:14,810] INFO: v2_osm_helsinki_disrupted_offset_s_2500m_1500m_0683 OK 
[2026-07-23 18:11:28,358] INFO: v2_osm_helsinki_downtown_offset_w_5000m_200m_0684 OK 
[2026-07-23 18:11:38,901] INFO: v2_osm_kallio_community_exact_500m_0m_0685 OK 
[2026-07-23 18:11:50,017] INFO: v2_osm_kumpula_campus_offset_n_1000m_1000m_0686 OK 
[2026-07-23 18:11:58,558] INFO: v2_osm_lapland_rural_sparse_offset_e_1500m_1500m_0687 OK 
[2026-07-23 18:12:08,956] INFO: v2_osm_london_industrial_corridor_offset_s_2500m_200m_0688 OK 
[2026-07-23 18:12:19,982] INFO: v2_osm_manhattan_midtown_offset_w_5000m_500m_0689 OK 
[2026-07-23 18:12:29,479] INFO: v2_osm_mit_campus_reality_exact_500m_0m_0690 OK 
[2026-07-23 18:12:37,647] INFO: v2_osm_nuuksio_sparse_trails_offset_n_1000m_1500m_0691 FAIL_BUILD_OSM osm_process: Graph contains no edges.
[2026-07-23 18:12:46,235] INFO: v2_osm_rio_centro_buses_offset_e_1500m_200m_0692 OK 
[2026-07-23 18:12:56,081] INFO: v2_osm_roma_centro_offset_s_2500m_500m_0693 OK 
[2026-07-23 18:13:11,069] INFO: v2_osm_sf_cabspotting_downtown_offset_w_5000m_1000m_0694 OK 
[2026-07-23 18:13:19,320] INFO: v2_osm_sf_mission_corridor_exact_500m_0m_0695 OK 
[2026-07-23 18:13:27,513] INFO: v2_osm_tampere_suburban_offset_n_1000m_200m_0696 FAIL_BUILD_OSM too few segments (10 < 20)
[2026-07-23 18:13:27,513] INFO: v2_osm_cambridge_haggle_offset_e_1500m_500m_0697 FAIL_DOWNLOAD_SKIPPED max OSM downloads reached or disabled
[2026-07-23 18:13:27,513] INFO: v2_osm_dieselnet_amherst_offset_s_2500m_1000m_0698 FAIL_DOWNLOAD_SKIPPED max OSM downloads reached or disabled
[2026-07-23 18:13:27,513] INFO: v2_osm_helsinki_archipelago_offset_w_5000m_1500m_0699 FAIL_DOWNLOAD_SKIPPED max OSM downloads reached or disabled
[2026-07-23 18:13:27,513] INFO: v2_osm_helsinki_disrupted_exact_500m_0m_0700 FAIL_DOWNLOAD_SKIPPED max OSM downloads reached or disabled
[2026-07-23 18:13:27,513] INFO: v2_osm_helsinki_downtown_offset_n_1000m_500m_0701 FAIL_DOWNLOAD_SKIPPED max OSM downloads reached or disabled
[2026-07-23 18:13:27,531] INFO: Generation complete: 671/719 OK
--- Round 8 --- skip=5 osm_ok=671 osm_total=719
>> generate osm max-downloads=25 target=1600
[2026-07-23 18:13:39,088] INFO: v2_osm_cambridge_haggle_exact_500m_0m_seed OK 
[2026-07-23 18:13:39,089] INFO: v2_osm_dieselnet_amherst_exact_500m_0m_seed OK 
[2026-07-23 18:13:39,089] INFO: v2_osm_helsinki_archipelago_exact_500m_0m_seed OK 
[2026-07-23 18:13:39,089] INFO: v2_osm_helsinki_disrupted_exact_500m_0m_seed OK 
[2026-07-23 18:13:39,089] INFO: v2_osm_helsinki_downtown_exact_500m_0m_seed OK 
[2026-07-23 18:13:39,089] INFO: v2_osm_kallio_community_exact_500m_0m_seed OK 
[2026-07-23 18:13:39,089] INFO: v2_osm_kumpula_campus_exact_500m_0m_seed OK 
[2026-07-23 18:13:39,090] INFO: v2_osm_lapland_rural_sparse_exact_500m_0m_seed OK 
[2026-07-23 18:13:39,090] INFO: v2_osm_london_industrial_corridor_exact_500m_0m_seed OK 
[2026-07-23 18:13:39,614] INFO: v2_osm_manhattan_midtown_exact_500m_0m_seed FAIL_BUILD_OSM too few segments (14 < 20)
[2026-07-23 18:13:39,615] INFO: v2_osm_mit_campus_reality_exact_500m_0m_seed OK 
[2026-07-23 18:13:39,647] INFO: v2_osm_nuuksio_sparse_trails_exact_500m_0m_seed FAIL_BUILD_OSM too few segments (8 < 20)
[2026-07-23 18:13:39,647] INFO: v2_osm_rio_centro_buses_exact_500m_0m_seed OK 
[2026-07-23 18:13:39,647] INFO: v2_osm_roma_centro_exact_500m_0m_seed OK 
[2026-07-23 18:13:39,647] INFO: v2_osm_sf_cabspotting_downtown_exact_500m_0m_seed OK 
[2026-07-23 18:13:39,647] INFO: v2_osm_sf_mission_corridor_exact_500m_0m_seed OK 
[2026-07-23 18:13:39,649] INFO: v2_osm_tampere_suburban_exact_500m_0m_seed FAIL_BUILD_OSM osm_process: Graph contains no edges.
[2026-07-23 18:13:39,649] INFO: v2_osm_cambridge_haggle_exact_500m_0m_0000 OK 
[2026-07-23 18:13:39,649] INFO: v2_osm_dieselnet_amherst_offset_n_1000m_500m_0001 OK 
[2026-07-23 18:13:39,649] INFO: v2_osm_helsinki_archipelago_offset_e_1500m_1000m_0002 OK 
[2026-07-23 18:13:39,650] INFO: v2_osm_helsinki_disrupted_offset_s_2500m_1500m_0003 OK 
[2026-07-23 18:13:39,650] INFO: v2_osm_helsinki_downtown_offset_w_5000m_200m_0004 OK 
[2026-07-23 18:13:39,650] INFO: v2_osm_kallio_community_exact_500m_0m_0005 OK 
[2026-07-23 18:13:39,650] INFO: v2_osm_kumpula_campus_offset_n_1000m_1000m_0006 OK 
[2026-07-23 18:13:39,650] INFO: v2_osm_lapland_rural_sparse_offset_e_1500m_1500m_0007 OK 
[2026-07-23 18:13:39,650] INFO: v2_osm_london_industrial_corridor_offset_s_2500m_200m_0008 OK 
[2026-07-23 18:13:39,650] INFO: v2_osm_manhattan_midtown_offset_w_5000m_500m_0009 OK 
[2026-07-23 18:13:39,651] INFO: v2_osm_mit_campus_reality_exact_500m_0m_0010 OK 
[2026-07-23 18:13:39,652] INFO: v2_osm_nuuksio_sparse_trails_offset_n_1000m_1500m_0011 FAIL_BUILD_OSM osm_process: Graph contains no edges.
[2026-07-23 18:13:39,652] INFO: v2_osm_rio_centro_buses_offset_e_1500m_200m_0012 OK 
[2026-07-23 18:13:39,652] INFO: v2_osm_roma_centro_offset_s_2500m_500m_0013 OK 
[2026-07-23 18:13:39,653] INFO: v2_osm_sf_cabspotting_downtown_offset_w_5000m_1000m_0014 OK 
[2026-07-23 18:13:39,653] INFO: v2_osm_sf_mission_corridor_exact_500m_0m_0015 OK 
[2026-07-23 18:13:39,661] INFO: v2_osm_tampere_suburban_offset_n_1000m_200m_0016 FAIL_BUILD_OSM too few segments (10 < 20)
[2026-07-23 18:13:39,661] INFO: v2_osm_cambridge_haggle_offset_e_1500m_500m_0017 OK 
[2026-07-23 18:13:39,661] INFO: v2_osm_dieselnet_amherst_offset_s_2500m_1000m_0018 OK 
[2026-07-23 18:13:39,661] INFO: v2_osm_helsinki_archipelago_offset_w_5000m_1500m_0019 OK 
[2026-07-23 18:13:39,661] INFO: v2_osm_helsinki_disrupted_exact_500m_0m_0020 OK 
[2026-07-23 18:13:39,661] INFO: v2_osm_helsinki_downtown_offset_n_1000m_500m_0021 OK 
[2026-07-23 18:13:39,662] INFO: v2_osm_kallio_community_offset_e_1500m_1000m_0022 OK 
[2026-07-23 18:13:39,662] INFO: v2_osm_kumpula_campus_offset_s_2500m_1500m_0023 OK 
[2026-07-23 18:13:39,662] INFO: v2_osm_lapland_rural_sparse_offset_w_5000m_200m_0024 OK 
[2026-07-23 18:13:39,662] INFO: v2_osm_london_industrial_corridor_exact_500m_0m_0025 OK 
[2026-07-23 18:13:39,662] INFO: v2_osm_manhattan_midtown_offset_n_1000m_1000m_0026 OK 
[2026-07-23 18:13:39,662] INFO: v2_osm_mit_campus_reality_offset_e_1500m_1500m_0027 OK 
[2026-07-23 18:13:39,663] INFO: v2_osm_nuuksio_sparse_trails_offset_s_2500m_200m_0028 OK 
[2026-07-23 18:13:39,663] INFO: v2_osm_rio_centro_buses_offset_w_5000m_500m_0029 OK 
[2026-07-23 18:13:39,663] INFO: v2_osm_roma_centro_exact_500m_0m_0030 OK 
[2026-07-23 18:13:39,663] INFO: v2_osm_sf_cabspotting_downtown_offset_n_1000m_1500m_0031 OK 
[2026-07-23 18:13:39,663] INFO: v2_osm_sf_mission_corridor_offset_e_1500m_200m_0032 OK 
[2026-07-23 18:13:39,663] INFO: v2_osm_tampere_suburban_offset_s_2500m_500m_0033 OK 
[2026-07-23 18:13:39,663] INFO: v2_osm_cambridge_haggle_offset_w_5000m_1000m_0034 OK 
[2026-07-23 18:13:39,664] INFO: v2_osm_dieselnet_amherst_exact_500m_0m_0035 OK 
[2026-07-23 18:13:39,664] INFO: v2_osm_helsinki_archipelago_offset_n_1000m_200m_0036 OK 
[2026-07-23 18:13:39,664] INFO: v2_osm_helsinki_disrupted_offset_e_1500m_500m_0037 OK 
[2026-07-23 18:13:39,664] INFO: v2_osm_helsinki_downtown_offset_s_2500m_1000m_0038 OK 
[2026-07-23 18:13:39,665] INFO: v2_osm_kallio_community_offset_w_5000m_1500m_0039 OK 
[2026-07-23 18:13:39,665] INFO: v2_osm_kumpula_campus_exact_500m_0m_0040 OK 
[2026-07-23 18:13:39,665] INFO: v2_osm_lapland_rural_sparse_offset_n_1000m_500m_0041 OK 
[2026-07-23 18:13:39,665] INFO: v2_osm_london_industrial_corridor_offset_e_1500m_1000m_0042 OK 
[2026-07-23 18:13:39,666] INFO: v2_osm_manhattan_midtown_offset_s_2500m_1500m_0043 OK 
[2026-07-23 18:13:39,666] INFO: v2_osm_mit_campus_reality_offset_w_5000m_200m_0044 OK 
[2026-07-23 18:13:39,673] INFO: v2_osm_nuuksio_sparse_trails_exact_500m_0m_0045 FAIL_BUILD_OSM too few segments (8 < 20)
[2026-07-23 18:13:39,673] INFO: v2_osm_rio_centro_buses_offset_n_1000m_1000m_0046 OK 
[2026-07-23 18:13:39,673] INFO: v2_osm_roma_centro_offset_e_1500m_1500m_0047 OK 
[2026-07-23 18:13:39,674] INFO: v2_osm_sf_cabspotting_downtown_offset_s_2500m_200m_0048 OK 
[2026-07-23 18:13:39,674] INFO: v2_osm_sf_mission_corridor_offset_w_5000m_500m_0049 OK 
[2026-07-23 18:13:39,675] INFO: v2_osm_tampere_suburban_exact_500m_0m_0050 FAIL_BUILD_OSM osm_process: Graph contains no edges.
[2026-07-23 18:13:39,675] INFO: v2_osm_cambridge_haggle_offset_n_1000m_1500m_0051 OK 
[2026-07-23 18:13:39,675] INFO: v2_osm_dieselnet_amherst_offset_e_1500m_200m_0052 OK 
[2026-07-23 18:13:39,676] INFO: v2_osm_helsinki_archipelago_offset_s_2500m_500m_0053 OK 
[2026-07-23 18:13:39,676] INFO: v2_osm_helsinki_disrupted_offset_w_5000m_1000m_0054 OK 
[2026-07-23 18:13:39,676] INFO: v2_osm_helsinki_downtown_exact_500m_0m_0055 OK 
[2026-07-23 18:13:39,676] INFO: v2_osm_kallio_community_offset_n_1000m_200m_0056 OK 
[2026-07-23 18:13:39,676] INFO: v2_osm_kumpula_campus_offset_e_1500m_500m_0057 OK 
[2026-07-23 18:13:39,676] INFO: v2_osm_lapland_rural_sparse_offset_s_2500m_1000m_0058 OK 
[2026-07-23 18:13:39,677] INFO: v2_osm_london_industrial_corridor_offset_w_5000m_1500m_0059 OK 
[2026-07-23 18:13:39,685] INFO: v2_osm_manhattan_midtown_exact_500m_0m_0060 FAIL_BUILD_OSM too few segments (14 < 20)
[2026-07-23 18:13:39,685] INFO: v2_osm_mit_campus_reality_offset_n_1000m_500m_0061 OK 
[2026-07-23 18:13:39,685] INFO: v2_osm_nuuksio_sparse_trails_offset_e_1500m_1000m_0062 OK 
[2026-07-23 18:13:39,685] INFO: v2_osm_rio_centro_buses_offset_s_2500m_1500m_0063 OK 
[2026-07-23 18:13:39,685] INFO: v2_osm_roma_centro_offset_w_5000m_200m_0064 OK 
[2026-07-23 18:13:39,685] INFO: v2_osm_sf_cabspotting_downtown_exact_500m_0m_0065 OK 
[2026-07-23 18:13:39,686] INFO: v2_osm_sf_mission_corridor_offset_n_1000m_1000m_0066 OK 
[2026-07-23 18:13:39,686] INFO: v2_osm_tampere_suburban_offset_e_1500m_1500m_0067 OK 
[2026-07-23 18:13:39,686] INFO: v2_osm_cambridge_haggle_offset_s_2500m_200m_0068 OK 
[2026-07-23 18:13:39,686] INFO: v2_osm_dieselnet_amherst_offset_w_5000m_500m_0069 OK 
[2026-07-23 18:13:39,686] INFO: v2_osm_helsinki_archipelago_exact_500m_0m_0070 OK 
[2026-07-23 18:13:39,686] INFO: v2_osm_helsinki_disrupted_offset_n_1000m_1500m_0071 OK 
[2026-07-23 18:13:39,686] INFO: v2_osm_helsinki_downtown_offset_e_1500m_200m_0072 OK 
[2026-07-23 18:13:39,687] INFO: v2_osm_kallio_community_offset_s_2500m_500m_0073 OK 
[2026-07-23 18:13:39,687] INFO: v2_osm_kumpula_campus_offset_w_5000m_1000m_0074 OK 
[2026-07-23 18:13:39,687] INFO: v2_osm_lapland_rural_sparse_exact_500m_0m_0075 OK 
[2026-07-23 18:13:39,687] INFO: v2_osm_london_industrial_corridor_offset_n_1000m_200m_0076 OK 
[2026-07-23 18:13:39,687] INFO: v2_osm_manhattan_midtown_offset_e_1500m_500m_0077 OK 
[2026-07-23 18:13:39,687] INFO: v2_osm_mit_campus_reality_offset_s_2500m_1000m_0078 OK 
[2026-07-23 18:13:39,687] INFO: v2_osm_nuuksio_sparse_trails_offset_w_5000m_1500m_0079 OK 
[2026-07-23 18:13:39,688] INFO: v2_osm_rio_centro_buses_exact_500m_0m_0080 OK 
[2026-07-23 18:13:39,688] INFO: v2_osm_roma_centro_offset_n_1000m_500m_0081 OK 
[2026-07-23 18:13:39,688] INFO: v2_osm_sf_cabspotting_downtown_offset_e_1500m_1000m_0082 OK 
[2026-07-23 18:13:39,688] INFO: v2_osm_sf_mission_corridor_offset_s_2500m_1500m_0083 OK 
[2026-07-23 18:13:39,688] INFO: v2_osm_tampere_suburban_offset_w_5000m_200m_0084 OK 
[2026-07-23 18:13:39,688] INFO: v2_osm_cambridge_haggle_exact_500m_0m_0085 OK 
[2026-07-23 18:13:39,688] INFO: v2_osm_dieselnet_amherst_offset_n_1000m_1000m_0086 OK 
[2026-07-23 18:13:39,688] INFO: v2_osm_helsinki_archipelago_offset_e_1500m_1500m_0087 OK 
[2026-07-23 18:13:39,689] INFO: v2_osm_helsinki_disrupted_offset_s_2500m_200m_0088 OK 
[2026-07-23 18:13:39,689] INFO: v2_osm_helsinki_downtown_offset_w_5000m_500m_0089 OK 
[2026-07-23 18:13:39,689] INFO: v2_osm_kallio_community_exact_500m_0m_0090 OK 
[2026-07-23 18:13:39,689] INFO: v2_osm_kumpula_campus_offset_n_1000m_1500m_0091 OK 
[2026-07-23 18:13:39,689] INFO: v2_osm_lapland_rural_sparse_offset_e_1500m_200m_0092 OK 
[2026-07-23 18:13:39,689] INFO: v2_osm_london_industrial_corridor_offset_s_2500m_500m_0093 OK 
[2026-07-23 18:13:39,689] INFO: v2_osm_manhattan_midtown_offset_w_5000m_1000m_0094 OK 
[2026-07-23 18:13:39,690] INFO: v2_osm_mit_campus_reality_exact_500m_0m_0095 OK 
[2026-07-23 18:13:39,690] INFO: v2_osm_nuuksio_sparse_trails_offset_n_1000m_200m_0096 OK 
[2026-07-23 18:13:39,690] INFO: v2_osm_rio_centro_buses_offset_e_1500m_500m_0097 OK 
[2026-07-23 18:13:39,690] INFO: v2_osm_roma_centro_offset_s_2500m_1000m_0098 OK 
[2026-07-23 18:13:39,690] INFO: v2_osm_sf_cabspotting_downtown_offset_w_5000m_1500m_0099 OK 
[2026-07-23 18:13:39,690] INFO: v2_osm_sf_mission_corridor_exact_500m_0m_0100 OK 
[2026-07-23 18:13:39,697] INFO: v2_osm_tampere_suburban_offset_n_1000m_500m_0101 FAIL_BUILD_OSM too few segments (2 < 20)
[2026-07-23 18:13:39,697] INFO: v2_osm_cambridge_haggle_offset_e_1500m_1000m_0102 OK 
[2026-07-23 18:13:39,697] INFO: v2_osm_dieselnet_amherst_offset_s_2500m_1500m_0103 OK 
[2026-07-23 18:13:39,698] INFO: v2_osm_helsinki_archipelago_offset_w_5000m_200m_0104 OK 
[2026-07-23 18:13:39,698] INFO: v2_osm_helsinki_disrupted_exact_500m_0m_0105 OK 
[2026-07-23 18:13:39,698] INFO: v2_osm_helsinki_downtown_offset_n_1000m_1000m_0106 OK 
[2026-07-23 18:13:39,698] INFO: v2_osm_kallio_community_offset_e_1500m_1500m_0107 OK 
[2026-07-23 18:13:39,698] INFO: v2_osm_kumpula_campus_offset_s_2500m_200m_0108 OK 
[2026-07-23 18:13:39,698] INFO: v2_osm_lapland_rural_sparse_offset_w_5000m_500m_0109 OK 
[2026-07-23 18:13:39,699] INFO: v2_osm_london_industrial_corridor_exact_500m_0m_0110 OK 
[2026-07-23 18:13:39,699] INFO: v2_osm_manhattan_midtown_offset_n_1000m_1500m_0111 OK 
[2026-07-23 18:13:39,699] INFO: v2_osm_mit_campus_reality_offset_e_1500m_200m_0112 OK 
[2026-07-23 18:13:39,699] INFO: v2_osm_nuuksio_sparse_trails_offset_s_2500m_500m_0113 OK 
[2026-07-23 18:13:39,699] INFO: v2_osm_rio_centro_buses_offset_w_5000m_1000m_0114 OK 
[2026-07-23 18:13:39,699] INFO: v2_osm_roma_centro_exact_500m_0m_0115 OK 
[2026-07-23 18:13:39,699] INFO: v2_osm_sf_cabspotting_downtown_offset_n_1000m_200m_0116 OK 
[2026-07-23 18:13:39,700] INFO: v2_osm_sf_mission_corridor_offset_e_1500m_500m_0117 OK 
[2026-07-23 18:13:39,700] INFO: v2_osm_tampere_suburban_offset_s_2500m_1000m_0118 OK 
[2026-07-23 18:13:39,700] INFO: v2_osm_cambridge_haggle_offset_w_5000m_1500m_0119 OK 
[2026-07-23 18:13:39,700] INFO: v2_osm_dieselnet_amherst_exact_500m_0m_0120 OK 
[2026-07-23 18:13:39,700] INFO: v2_osm_helsinki_archipelago_offset_n_1000m_500m_0121 OK 
[2026-07-23 18:13:39,700] INFO: v2_osm_helsinki_disrupted_offset_e_1500m_1000m_0122 OK 
[2026-07-23 18:13:39,700] INFO: v2_osm_helsinki_downtown_offset_s_2500m_1500m_0123 OK 
[2026-07-23 18:13:39,701] INFO: v2_osm_kallio_community_offset_w_5000m_200m_0124 OK 
[2026-07-23 18:13:39,701] INFO: v2_osm_kumpula_campus_exact_500m_0m_0125 OK 
[2026-07-23 18:13:39,701] INFO: v2_osm_lapland_rural_sparse_offset_n_1000m_1000m_0126 OK 
[2026-07-23 18:13:39,701] INFO: v2_osm_london_industrial_corridor_offset_e_1500m_1500m_0127 OK 
[2026-07-23 18:13:39,701] INFO: v2_osm_manhattan_midtown_offset_s_2500m_200m_0128 OK 
[2026-07-23 18:13:39,701] INFO: v2_osm_mit_campus_reality_offset_w_5000m_500m_0129 OK 
[2026-07-23 18:13:39,709] INFO: v2_osm_nuuksio_sparse_trails_exact_500m_0m_0130 FAIL_BUILD_OSM too few segments (8 < 20)
[2026-07-23 18:13:39,709] INFO: v2_osm_rio_centro_buses_offset_n_1000m_1500m_0131 OK 
[2026-07-23 18:13:39,709] INFO: v2_osm_roma_centro_offset_e_1500m_200m_0132 OK 
[2026-07-23 18:13:39,709] INFO: v2_osm_sf_cabspotting_downtown_offset_s_2500m_500m_0133 OK 
[2026-07-23 18:13:39,709] INFO: v2_osm_sf_mission_corridor_offset_w_5000m_1000m_0134 OK 
[2026-07-23 18:13:39,711] INFO: v2_osm_tampere_suburban_exact_500m_0m_0135 FAIL_BUILD_OSM osm_process: Graph contains no edges.
[2026-07-23 18:13:39,711] INFO: v2_osm_cambridge_haggle_offset_n_1000m_200m_0136 OK 
[2026-07-23 18:13:39,711] INFO: v2_osm_dieselnet_amherst_offset_e_1500m_500m_0137 OK 
[2026-07-23 18:13:39,711] INFO: v2_osm_helsinki_archipelago_offset_s_2500m_1000m_0138 OK 
[2026-07-23 18:13:39,711] INFO: v2_osm_helsinki_disrupted_offset_w_5000m_1500m_0139 OK 
[2026-07-23 18:13:39,712] INFO: v2_osm_helsinki_downtown_exact_500m_0m_0140 OK 
[2026-07-23 18:13:39,712] INFO: v2_osm_kallio_community_offset_n_1000m_500m_0141 OK 
[2026-07-23 18:13:39,712] INFO: v2_osm_kumpula_campus_offset_e_1500m_1000m_0142 OK 
[2026-07-23 18:13:39,712] INFO: v2_osm_lapland_rural_sparse_offset_s_2500m_1500m_0143 OK 
[2026-07-23 18:13:39,712] INFO: v2_osm_london_industrial_corridor_offset_w_5000m_200m_0144 OK 
[2026-07-23 18:13:39,724] INFO: v2_osm_manhattan_midtown_exact_500m_0m_0145 FAIL_BUILD_OSM too few segments (14 < 20)
[2026-07-23 18:13:39,724] INFO: v2_osm_mit_campus_reality_offset_n_1000m_1000m_0146 OK 
[2026-07-23 18:13:39,724] INFO: v2_osm_nuuksio_sparse_trails_offset_e_1500m_1500m_0147 OK 
[2026-07-23 18:13:39,724] INFO: v2_osm_rio_centro_buses_offset_s_2500m_200m_0148 OK 
[2026-07-23 18:13:39,725] INFO: v2_osm_roma_centro_offset_w_5000m_500m_0149 OK 
[2026-07-23 18:13:39,725] INFO: v2_osm_sf_cabspotting_downtown_exact_500m_0m_0150 OK 
[2026-07-23 18:13:39,725] INFO: v2_osm_sf_mission_corridor_offset_n_1000m_1500m_0151 OK 
[2026-07-23 18:13:39,725] INFO: v2_osm_tampere_suburban_offset_e_1500m_200m_0152 OK 
[2026-07-23 18:13:39,725] INFO: v2_osm_cambridge_haggle_offset_s_2500m_500m_0153 OK 
[2026-07-23 18:13:39,725] INFO: v2_osm_dieselnet_amherst_offset_w_5000m_1000m_0154 OK 
[2026-07-23 18:13:39,726] INFO: v2_osm_helsinki_archipelago_exact_500m_0m_0155 OK 
[2026-07-23 18:13:39,726] INFO: v2_osm_helsinki_disrupted_offset_n_1000m_200m_0156 OK 
[2026-07-23 18:13:39,726] INFO: v2_osm_helsinki_downtown_offset_e_1500m_500m_0157 OK 
[2026-07-23 18:13:39,726] INFO: v2_osm_kallio_community_offset_s_2500m_1000m_0158 OK 
[2026-07-23 18:13:39,726] INFO: v2_osm_kumpula_campus_offset_w_5000m_1500m_0159 OK 
[2026-07-23 18:13:39,726] INFO: v2_osm_lapland_rural_sparse_exact_500m_0m_0160 OK 
[2026-07-23 18:13:39,726] INFO: v2_osm_london_industrial_corridor_offset_n_1000m_500m_0161 OK 
[2026-07-23 18:13:39,727] INFO: v2_osm_manhattan_midtown_offset_e_1500m_1000m_0162 OK 
[2026-07-23 18:13:39,727] INFO: v2_osm_mit_campus_reality_offset_s_2500m_1500m_0163 OK 
[2026-07-23 18:13:39,727] INFO: v2_osm_nuuksio_sparse_trails_offset_w_5000m_200m_0164 OK 
[2026-07-23 18:13:39,727] INFO: v2_osm_rio_centro_buses_exact_500m_0m_0165 OK 
[2026-07-23 18:13:39,727] INFO: v2_osm_roma_centro_offset_n_1000m_1000m_0166 OK 
[2026-07-23 18:13:39,727] INFO: v2_osm_sf_cabspotting_downtown_offset_e_1500m_1500m_0167 OK 
[2026-07-23 18:13:39,728] INFO: v2_osm_sf_mission_corridor_offset_s_2500m_200m_0168 OK 
[2026-07-23 18:13:39,728] INFO: v2_osm_tampere_suburban_offset_w_5000m_500m_0169 OK 
[2026-07-23 18:13:39,728] INFO: v2_osm_cambridge_haggle_exact_500m_0m_0170 OK 
[2026-07-23 18:13:39,728] INFO: v2_osm_dieselnet_amherst_offset_n_1000m_1500m_0171 OK 
[2026-07-23 18:13:39,728] INFO: v2_osm_helsinki_archipelago_offset_e_1500m_200m_0172 OK 
[2026-07-23 18:13:39,728] INFO: v2_osm_helsinki_disrupted_offset_s_2500m_500m_0173 OK 
[2026-07-23 18:13:39,728] INFO: v2_osm_helsinki_downtown_offset_w_5000m_1000m_0174 OK 
[2026-07-23 18:13:39,729] INFO: v2_osm_kallio_community_exact_500m_0m_0175 OK 
[2026-07-23 18:13:39,729] INFO: v2_osm_kumpula_campus_offset_n_1000m_200m_0176 OK 
[2026-07-23 18:13:39,729] INFO: v2_osm_lapland_rural_sparse_offset_e_1500m_500m_0177 OK 
[2026-07-23 18:13:39,729] INFO: v2_osm_london_industrial_corridor_offset_s_2500m_1000m_0178 OK 
[2026-07-23 18:13:39,729] INFO: v2_osm_manhattan_midtown_offset_w_5000m_1500m_0179 OK 
[2026-07-23 18:13:39,729] INFO: v2_osm_mit_campus_reality_exact_500m_0m_0180 OK 
[2026-07-23 18:13:39,738] INFO: v2_osm_nuuksio_sparse_trails_offset_n_1000m_500m_0181 FAIL_BUILD_OSM too few segments (14 < 20)
[2026-07-23 18:13:39,738] INFO: v2_osm_rio_centro_buses_offset_e_1500m_1000m_0182 OK 
[2026-07-23 18:13:39,738] INFO: v2_osm_roma_centro_offset_s_2500m_1500m_0183 OK 
[2026-07-23 18:13:39,738] INFO: v2_osm_sf_cabspotting_downtown_offset_w_5000m_200m_0184 OK 
[2026-07-23 18:13:39,739] INFO: v2_osm_sf_mission_corridor_exact_500m_0m_0185 OK 
[2026-07-23 18:13:39,745] INFO: v2_osm_tampere_suburban_offset_n_1000m_1000m_0186 FAIL_BUILD_OSM too few segments (2 < 20)
[2026-07-23 18:13:39,746] INFO: v2_osm_cambridge_haggle_offset_e_1500m_1500m_0187 OK 
[2026-07-23 18:13:39,746] INFO: v2_osm_dieselnet_amherst_offset_s_2500m_200m_0188 OK 
[2026-07-23 18:13:39,746] INFO: v2_osm_helsinki_archipelago_offset_w_5000m_500m_0189 OK 
[2026-07-23 18:13:39,746] INFO: v2_osm_helsinki_disrupted_exact_500m_0m_0190 OK 
[2026-07-23 18:13:39,746] INFO: v2_osm_helsinki_downtown_offset_n_1000m_1500m_0191 OK 
[2026-07-23 18:13:39,746] INFO: v2_osm_kallio_community_offset_e_1500m_200m_0192 OK 
[2026-07-23 18:13:39,747] INFO: v2_osm_kumpula_campus_offset_s_2500m_500m_0193 OK 
[2026-07-23 18:13:39,747] INFO: v2_osm_lapland_rural_sparse_offset_w_5000m_1000m_0194 OK 
[2026-07-23 18:13:39,747] INFO: v2_osm_london_industrial_corridor_exact_500m_0m_0195 OK 
[2026-07-23 18:13:39,747] INFO: v2_osm_manhattan_midtown_offset_n_1000m_200m_0196 OK 
[2026-07-23 18:13:39,747] INFO: v2_osm_mit_campus_reality_offset_e_1500m_500m_0197 OK 
[2026-07-23 18:13:39,747] INFO: v2_osm_nuuksio_sparse_trails_offset_s_2500m_1000m_0198 OK 
[2026-07-23 18:13:39,747] INFO: v2_osm_rio_centro_buses_offset_w_5000m_1500m_0199 OK 
[2026-07-23 18:13:39,747] INFO: v2_osm_roma_centro_exact_500m_0m_0200 OK 
[2026-07-23 18:13:39,748] INFO: v2_osm_sf_cabspotting_downtown_offset_n_1000m_500m_0201 OK 
[2026-07-23 18:13:39,748] INFO: v2_osm_sf_mission_corridor_offset_e_1500m_1000m_0202 OK 
[2026-07-23 18:13:39,748] INFO: v2_osm_tampere_suburban_offset_s_2500m_1500m_0203 OK 
[2026-07-23 18:13:39,748] INFO: v2_osm_cambridge_haggle_offset_w_5000m_200m_0204 OK 
[2026-07-23 18:13:39,748] INFO: v2_osm_dieselnet_amherst_exact_500m_0m_0205 OK 
[2026-07-23 18:13:39,748] INFO: v2_osm_helsinki_archipelago_offset_n_1000m_1000m_0206 OK 
[2026-07-23 18:13:39,748] INFO: v2_osm_helsinki_disrupted_offset_e_1500m_1500m_0207 OK 
[2026-07-23 18:13:39,749] INFO: v2_osm_helsinki_downtown_offset_s_2500m_200m_0208 OK 
[2026-07-23 18:13:39,749] INFO: v2_osm_kallio_community_offset_w_5000m_500m_0209 OK 
[2026-07-23 18:13:39,749] INFO: v2_osm_kumpula_campus_exact_500m_0m_0210 OK 
[2026-07-23 18:13:39,756] INFO: v2_osm_lapland_rural_sparse_offset_n_1000m_1500m_0211 FAIL_BUILD_OSM too few segments (2 < 20)
[2026-07-23 18:13:39,756] INFO: v2_osm_london_industrial_corridor_offset_e_1500m_200m_0212 OK 
[2026-07-23 18:13:39,756] INFO: v2_osm_manhattan_midtown_offset_s_2500m_500m_0213 OK 
[2026-07-23 18:13:39,756] INFO: v2_osm_mit_campus_reality_offset_w_5000m_1000m_0214 OK 
[2026-07-23 18:13:39,764] INFO: v2_osm_nuuksio_sparse_trails_exact_500m_0m_0215 FAIL_BUILD_OSM too few segments (8 < 20)
[2026-07-23 18:13:39,764] INFO: v2_osm_rio_centro_buses_offset_n_1000m_200m_0216 OK 
[2026-07-23 18:13:39,764] INFO: v2_osm_roma_centro_offset_e_1500m_500m_0217 OK 
[2026-07-23 18:13:39,764] INFO: v2_osm_sf_cabspotting_downtown_offset_s_2500m_1000m_0218 OK 
[2026-07-23 18:13:39,764] INFO: v2_osm_sf_mission_corridor_offset_w_5000m_1500m_0219 OK 
[2026-07-23 18:13:39,766] INFO: v2_osm_tampere_suburban_exact_500m_0m_0220 FAIL_BUILD_OSM osm_process: Graph contains no edges.
[2026-07-23 18:13:39,766] INFO: v2_osm_cambridge_haggle_offset_n_1000m_500m_0221 OK 
[2026-07-23 18:13:39,766] INFO: v2_osm_dieselnet_amherst_offset_e_1500m_1000m_0222 OK 
[2026-07-23 18:13:39,767] INFO: v2_osm_helsinki_archipelago_offset_s_2500m_1500m_0223 OK 
[2026-07-23 18:13:39,767] INFO: v2_osm_helsinki_disrupted_offset_w_5000m_200m_0224 OK 
[2026-07-23 18:13:39,767] INFO: v2_osm_helsinki_downtown_exact_500m_0m_0225 OK 
[2026-07-23 18:13:39,767] INFO: v2_osm_kallio_community_offset_n_1000m_1000m_0226 OK 
[2026-07-23 18:13:39,767] INFO: v2_osm_kumpula_campus_offset_e_1500m_1500m_0227 OK 
[2026-07-23 18:13:39,767] INFO: v2_osm_lapland_rural_sparse_offset_s_2500m_200m_0228 OK 
[2026-07-23 18:13:39,768] INFO: v2_osm_london_industrial_corridor_offset_w_5000m_500m_0229 OK 
[2026-07-23 18:13:39,776] INFO: v2_osm_manhattan_midtown_exact_500m_0m_0230 FAIL_BUILD_OSM too few segments (14 < 20)
[2026-07-23 18:13:39,777] INFO: v2_osm_mit_campus_reality_offset_n_1000m_1500m_0231 OK 
[2026-07-23 18:13:39,777] INFO: v2_osm_nuuksio_sparse_trails_offset_e_1500m_200m_0232 OK 
[2026-07-23 18:13:39,777] INFO: v2_osm_rio_centro_buses_offset_s_2500m_500m_0233 OK 
[2026-07-23 18:13:39,777] INFO: v2_osm_roma_centro_offset_w_5000m_1000m_0234 OK 
[2026-07-23 18:13:39,777] INFO: v2_osm_sf_cabspotting_downtown_exact_500m_0m_0235 OK 
[2026-07-23 18:13:39,777] INFO: v2_osm_sf_mission_corridor_offset_n_1000m_200m_0236 OK 
[2026-07-23 18:13:39,777] INFO: v2_osm_tampere_suburban_offset_e_1500m_500m_0237 OK 
[2026-07-23 18:13:39,778] INFO: v2_osm_cambridge_haggle_offset_s_2500m_1000m_0238 OK 
[2026-07-23 18:13:39,778] INFO: v2_osm_dieselnet_amherst_offset_w_5000m_1500m_0239 OK 
[2026-07-23 18:13:39,778] INFO: v2_osm_helsinki_archipelago_exact_500m_0m_0240 OK 
[2026-07-23 18:13:39,778] INFO: v2_osm_helsinki_disrupted_offset_n_1000m_500m_0241 OK 
[2026-07-23 18:13:39,778] INFO: v2_osm_helsinki_downtown_offset_e_1500m_1000m_0242 OK 
[2026-07-23 18:13:39,778] INFO: v2_osm_kallio_community_offset_s_2500m_1500m_0243 OK 
[2026-07-23 18:13:39,778] INFO: v2_osm_kumpula_campus_offset_w_5000m_200m_0244 OK 
[2026-07-23 18:13:39,778] INFO: v2_osm_lapland_rural_sparse_exact_500m_0m_0245 OK 
[2026-07-23 18:13:39,779] INFO: v2_osm_london_industrial_corridor_offset_n_1000m_1000m_0246 OK 
[2026-07-23 18:13:39,779] INFO: v2_osm_manhattan_midtown_offset_e_1500m_1500m_0247 OK 
[2026-07-23 18:13:39,779] INFO: v2_osm_mit_campus_reality_offset_s_2500m_200m_0248 OK 
[2026-07-23 18:13:39,779] INFO: v2_osm_nuuksio_sparse_trails_offset_w_5000m_500m_0249 OK 
[2026-07-23 18:13:39,779] INFO: v2_osm_rio_centro_buses_exact_500m_0m_0250 OK 
[2026-07-23 18:13:39,779] INFO: v2_osm_roma_centro_offset_n_1000m_1500m_0251 OK 
[2026-07-23 18:13:39,780] INFO: v2_osm_sf_cabspotting_downtown_offset_e_1500m_200m_0252 OK 
[2026-07-23 18:13:39,780] INFO: v2_osm_sf_mission_corridor_offset_s_2500m_500m_0253 OK 
[2026-07-23 18:13:39,780] INFO: v2_osm_tampere_suburban_offset_w_5000m_1000m_0254 OK 
[2026-07-23 18:13:39,780] INFO: v2_osm_cambridge_haggle_exact_500m_0m_0255 OK 
[2026-07-23 18:13:39,780] INFO: v2_osm_dieselnet_amherst_offset_n_1000m_200m_0256 OK 
[2026-07-23 18:13:39,780] INFO: v2_osm_helsinki_archipelago_offset_e_1500m_500m_0257 OK 
[2026-07-23 18:13:39,780] INFO: v2_osm_helsinki_disrupted_offset_s_2500m_1000m_0258 OK 
[2026-07-23 18:13:39,781] INFO: v2_osm_helsinki_downtown_offset_w_5000m_1500m_0259 OK 
[2026-07-23 18:13:39,781] INFO: v2_osm_kallio_community_exact_500m_0m_0260 OK 
[2026-07-23 18:13:39,781] INFO: v2_osm_kumpula_campus_offset_n_1000m_500m_0261 OK 
[2026-07-23 18:13:39,781] INFO: v2_osm_lapland_rural_sparse_offset_e_1500m_1000m_0262 OK 
[2026-07-23 18:13:39,781] INFO: v2_osm_london_industrial_corridor_offset_s_2500m_1500m_0263 OK 
[2026-07-23 18:13:39,781] INFO: v2_osm_manhattan_midtown_offset_w_5000m_200m_0264 OK 
[2026-07-23 18:13:39,781] INFO: v2_osm_mit_campus_reality_exact_500m_0m_0265 OK 
[2026-07-23 18:13:39,788] INFO: v2_osm_nuuksio_sparse_trails_offset_n_1000m_1000m_0266 FAIL_BUILD_OSM too few segments (2 < 20)
[2026-07-23 18:13:39,788] INFO: v2_osm_rio_centro_buses_offset_e_1500m_1500m_0267 OK 
[2026-07-23 18:13:39,789] INFO: v2_osm_roma_centro_offset_s_2500m_200m_0268 OK 
[2026-07-23 18:13:39,789] INFO: v2_osm_sf_cabspotting_downtown_offset_w_5000m_500m_0269 OK 
[2026-07-23 18:13:39,789] INFO: v2_osm_sf_mission_corridor_exact_500m_0m_0270 OK 
[2026-07-23 18:13:39,789] INFO: v2_osm_tampere_suburban_offset_n_1000m_1500m_0271 OK 
[2026-07-23 18:13:39,789] INFO: v2_osm_cambridge_haggle_offset_e_1500m_200m_0272 OK 
[2026-07-23 18:13:39,789] INFO: v2_osm_dieselnet_amherst_offset_s_2500m_500m_0273 OK 
[2026-07-23 18:13:39,790] INFO: v2_osm_helsinki_archipelago_offset_w_5000m_1000m_0274 OK 
[2026-07-23 18:13:39,790] INFO: v2_osm_helsinki_disrupted_exact_500m_0m_0275 OK 
[2026-07-23 18:13:39,790] INFO: v2_osm_helsinki_downtown_offset_n_1000m_200m_0276 OK 
[2026-07-23 18:13:39,790] INFO: v2_osm_kallio_community_offset_e_1500m_500m_0277 OK 
[2026-07-23 18:13:39,790] INFO: v2_osm_kumpula_campus_offset_s_2500m_1000m_0278 OK 
[2026-07-23 18:13:39,790] INFO: v2_osm_lapland_rural_sparse_offset_w_5000m_1500m_0279 OK 
[2026-07-23 18:13:39,790] INFO: v2_osm_london_industrial_corridor_exact_500m_0m_0280 OK 
[2026-07-23 18:13:39,791] INFO: v2_osm_manhattan_midtown_offset_n_1000m_500m_0281 OK 
[2026-07-23 18:13:39,791] INFO: v2_osm_mit_campus_reality_offset_e_1500m_1000m_0282 OK 
[2026-07-23 18:13:39,791] INFO: v2_osm_nuuksio_sparse_trails_offset_s_2500m_1500m_0283 OK 
[2026-07-23 18:13:39,791] INFO: v2_osm_rio_centro_buses_offset_w_5000m_200m_0284 OK 
[2026-07-23 18:13:39,791] INFO: v2_osm_roma_centro_exact_500m_0m_0285 OK 
[2026-07-23 18:13:39,791] INFO: v2_osm_sf_cabspotting_downtown_offset_n_1000m_1000m_0286 OK 
[2026-07-23 18:13:39,791] INFO: v2_osm_sf_mission_corridor_offset_e_1500m_1500m_0287 OK 
[2026-07-23 18:13:39,791] INFO: v2_osm_tampere_suburban_offset_s_2500m_200m_0288 OK 
[2026-07-23 18:13:39,792] INFO: v2_osm_cambridge_haggle_offset_w_5000m_500m_0289 OK 
[2026-07-23 18:13:39,792] INFO: v2_osm_dieselnet_amherst_exact_500m_0m_0290 OK 
[2026-07-23 18:13:39,792] INFO: v2_osm_helsinki_archipelago_offset_n_1000m_1500m_0291 OK 
[2026-07-23 18:13:39,792] INFO: v2_osm_helsinki_disrupted_offset_e_1500m_200m_0292 OK 
[2026-07-23 18:13:39,792] INFO: v2_osm_helsinki_downtown_offset_s_2500m_500m_0293 OK 
[2026-07-23 18:13:39,792] INFO: v2_osm_kallio_community_offset_w_5000m_1000m_0294 OK 
[2026-07-23 18:13:39,793] INFO: v2_osm_kumpula_campus_exact_500m_0m_0295 OK 
[2026-07-23 18:13:39,793] INFO: v2_osm_lapland_rural_sparse_offset_n_1000m_200m_0296 OK 
[2026-07-23 18:13:39,793] INFO: v2_osm_london_industrial_corridor_offset_e_1500m_500m_0297 OK 
[2026-07-23 18:13:39,793] INFO: v2_osm_manhattan_midtown_offset_s_2500m_1000m_0298 OK 
[2026-07-23 18:13:39,793] INFO: v2_osm_mit_campus_reality_offset_w_5000m_1500m_0299 OK 
[2026-07-23 18:13:39,800] INFO: v2_osm_nuuksio_sparse_trails_exact_500m_0m_0300 FAIL_BUILD_OSM too few segments (8 < 20)
[2026-07-23 18:13:39,801] INFO: v2_osm_rio_centro_buses_offset_n_1000m_500m_0301 OK 
[2026-07-23 18:13:39,801] INFO: v2_osm_roma_centro_offset_e_1500m_1000m_0302 OK 
[2026-07-23 18:13:39,801] INFO: v2_osm_sf_cabspotting_downtown_offset_s_2500m_1500m_0303 OK 
[2026-07-23 18:13:39,801] INFO: v2_osm_sf_mission_corridor_offset_w_5000m_200m_0304 OK 
[2026-07-23 18:13:39,802] INFO: v2_osm_tampere_suburban_exact_500m_0m_0305 FAIL_BUILD_OSM osm_process: Graph contains no edges.
[2026-07-23 18:13:39,803] INFO: v2_osm_cambridge_haggle_offset_n_1000m_1000m_0306 OK 
[2026-07-23 18:13:39,803] INFO: v2_osm_dieselnet_amherst_offset_e_1500m_1500m_0307 OK 
[2026-07-23 18:13:39,803] INFO: v2_osm_helsinki_archipelago_offset_s_2500m_200m_0308 OK 
[2026-07-23 18:13:39,803] INFO: v2_osm_helsinki_disrupted_offset_w_5000m_500m_0309 OK 
[2026-07-23 18:13:39,803] INFO: v2_osm_helsinki_downtown_exact_500m_0m_0310 OK 
[2026-07-23 18:13:39,803] INFO: v2_osm_kallio_community_offset_n_1000m_1500m_0311 OK 
[2026-07-23 18:13:39,803] INFO: v2_osm_kumpula_campus_offset_e_1500m_200m_0312 OK 
[2026-07-23 18:13:39,804] INFO: v2_osm_lapland_rural_sparse_offset_s_2500m_500m_0313 OK 
[2026-07-23 18:13:39,804] INFO: v2_osm_london_industrial_corridor_offset_w_5000m_1000m_0314 OK 
[2026-07-23 18:13:39,812] INFO: v2_osm_manhattan_midtown_exact_500m_0m_0315 FAIL_BUILD_OSM too few segments (14 < 20)
[2026-07-23 18:13:39,812] INFO: v2_osm_mit_campus_reality_offset_n_1000m_200m_0316 OK 
[2026-07-23 18:13:39,812] INFO: v2_osm_nuuksio_sparse_trails_offset_e_1500m_500m_0317 OK 
[2026-07-23 18:13:39,812] INFO: v2_osm_rio_centro_buses_offset_s_2500m_1000m_0318 OK 
[2026-07-23 18:13:39,813] INFO: v2_osm_roma_centro_offset_w_5000m_1500m_0319 OK 
[2026-07-23 18:13:39,813] INFO: v2_osm_sf_cabspotting_downtown_exact_500m_0m_0320 OK 
[2026-07-23 18:13:39,813] INFO: v2_osm_sf_mission_corridor_offset_n_1000m_500m_0321 OK 
[2026-07-23 18:13:39,813] INFO: v2_osm_tampere_suburban_offset_e_1500m_1000m_0322 OK 
[2026-07-23 18:13:39,813] INFO: v2_osm_cambridge_haggle_offset_s_2500m_1500m_0323 OK 
[2026-07-23 18:13:39,813] INFO: v2_osm_dieselnet_amherst_offset_w_5000m_200m_0324 OK 
[2026-07-23 18:13:39,813] INFO: v2_osm_helsinki_archipelago_exact_500m_0m_0325 OK 
[2026-07-23 18:13:39,814] INFO: v2_osm_helsinki_disrupted_offset_n_1000m_1000m_0326 OK 
[2026-07-23 18:13:39,814] INFO: v2_osm_helsinki_downtown_offset_e_1500m_1500m_0327 OK 
[2026-07-23 18:13:39,814] INFO: v2_osm_kallio_community_offset_s_2500m_200m_0328 OK 
[2026-07-23 18:13:39,814] INFO: v2_osm_kumpula_campus_offset_w_5000m_500m_0329 OK 
[2026-07-23 18:13:39,814] INFO: v2_osm_lapland_rural_sparse_exact_500m_0m_0330 OK 
[2026-07-23 18:13:39,814] INFO: v2_osm_london_industrial_corridor_offset_n_1000m_1500m_0331 OK 
[2026-07-23 18:13:39,814] INFO: v2_osm_manhattan_midtown_offset_e_1500m_200m_0332 OK 
[2026-07-23 18:13:39,815] INFO: v2_osm_mit_campus_reality_offset_s_2500m_500m_0333 OK 
[2026-07-23 18:13:39,815] INFO: v2_osm_nuuksio_sparse_trails_offset_w_5000m_1000m_0334 OK 
[2026-07-23 18:13:39,815] INFO: v2_osm_rio_centro_buses_exact_500m_0m_0335 OK 
[2026-07-23 18:13:39,815] INFO: v2_osm_roma_centro_offset_n_1000m_200m_0336 OK 
[2026-07-23 18:13:39,815] INFO: v2_osm_sf_cabspotting_downtown_offset_e_1500m_500m_0337 OK 
[2026-07-23 18:13:39,815] INFO: v2_osm_sf_mission_corridor_offset_s_2500m_1000m_0338 OK 
[2026-07-23 18:13:39,815] INFO: v2_osm_tampere_suburban_offset_w_5000m_1500m_0339 OK 
[2026-07-23 18:13:39,816] INFO: v2_osm_cambridge_haggle_exact_500m_0m_0340 OK 
[2026-07-23 18:13:39,816] INFO: v2_osm_dieselnet_amherst_offset_n_1000m_500m_0341 OK 
[2026-07-23 18:13:39,816] INFO: v2_osm_helsinki_archipelago_offset_e_1500m_1000m_0342 OK 
[2026-07-23 18:13:39,816] INFO: v2_osm_helsinki_disrupted_offset_s_2500m_1500m_0343 OK 
[2026-07-23 18:13:39,816] INFO: v2_osm_helsinki_downtown_offset_w_5000m_200m_0344 OK 
[2026-07-23 18:13:39,816] INFO: v2_osm_kallio_community_exact_500m_0m_0345 OK 
[2026-07-23 18:13:39,816] INFO: v2_osm_kumpula_campus_offset_n_1000m_1000m_0346 OK 
[2026-07-23 18:13:39,816] INFO: v2_osm_lapland_rural_sparse_offset_e_1500m_1500m_0347 OK 
[2026-07-23 18:13:39,817] INFO: v2_osm_london_industrial_corridor_offset_s_2500m_200m_0348 OK 
[2026-07-23 18:13:39,817] INFO: v2_osm_manhattan_midtown_offset_w_5000m_500m_0349 OK 
[2026-07-23 18:13:39,817] INFO: v2_osm_mit_campus_reality_exact_500m_0m_0350 OK 
[2026-07-23 18:13:39,818] INFO: v2_osm_nuuksio_sparse_trails_offset_n_1000m_1500m_0351 FAIL_BUILD_OSM osm_process: Graph contains no edges.
[2026-07-23 18:13:39,819] INFO: v2_osm_rio_centro_buses_offset_e_1500m_200m_0352 OK 
[2026-07-23 18:13:39,819] INFO: v2_osm_roma_centro_offset_s_2500m_500m_0353 OK 
[2026-07-23 18:13:39,819] INFO: v2_osm_sf_cabspotting_downtown_offset_w_5000m_1000m_0354 OK 
[2026-07-23 18:13:39,819] INFO: v2_osm_sf_mission_corridor_exact_500m_0m_0355 OK 
[2026-07-23 18:13:39,827] INFO: v2_osm_tampere_suburban_offset_n_1000m_200m_0356 FAIL_BUILD_OSM too few segments (10 < 20)
[2026-07-23 18:13:39,827] INFO: v2_osm_cambridge_haggle_offset_e_1500m_500m_0357 OK 
[2026-07-23 18:13:39,827] INFO: v2_osm_dieselnet_amherst_offset_s_2500m_1000m_0358 OK 
[2026-07-23 18:13:39,827] INFO: v2_osm_helsinki_archipelago_offset_w_5000m_1500m_0359 OK 
[2026-07-23 18:13:39,827] INFO: v2_osm_helsinki_disrupted_exact_500m_0m_0360 OK 
[2026-07-23 18:13:39,828] INFO: v2_osm_helsinki_downtown_offset_n_1000m_500m_0361 OK 
[2026-07-23 18:13:39,828] INFO: v2_osm_kallio_community_offset_e_1500m_1000m_0362 OK 
[2026-07-23 18:13:39,828] INFO: v2_osm_kumpula_campus_offset_s_2500m_1500m_0363 OK 
[2026-07-23 18:13:39,828] INFO: v2_osm_lapland_rural_sparse_offset_w_5000m_200m_0364 OK 
[2026-07-23 18:13:39,828] INFO: v2_osm_london_industrial_corridor_exact_500m_0m_0365 OK 
[2026-07-23 18:13:39,828] INFO: v2_osm_manhattan_midtown_offset_n_1000m_1000m_0366 OK 
[2026-07-23 18:13:39,828] INFO: v2_osm_mit_campus_reality_offset_e_1500m_1500m_0367 OK 
[2026-07-23 18:13:39,829] INFO: v2_osm_nuuksio_sparse_trails_offset_s_2500m_200m_0368 OK 
[2026-07-23 18:13:39,829] INFO: v2_osm_rio_centro_buses_offset_w_5000m_500m_0369 OK 
[2026-07-23 18:13:39,829] INFO: v2_osm_roma_centro_exact_500m_0m_0370 OK 
[2026-07-23 18:13:39,829] INFO: v2_osm_sf_cabspotting_downtown_offset_n_1000m_1500m_0371 OK 
[2026-07-23 18:13:39,829] INFO: v2_osm_sf_mission_corridor_offset_e_1500m_200m_0372 OK 
[2026-07-23 18:13:39,829] INFO: v2_osm_tampere_suburban_offset_s_2500m_500m_0373 OK 
[2026-07-23 18:13:39,829] INFO: v2_osm_cambridge_haggle_offset_w_5000m_1000m_0374 OK 
[2026-07-23 18:13:39,829] INFO: v2_osm_dieselnet_amherst_exact_500m_0m_0375 OK 
[2026-07-23 18:13:39,830] INFO: v2_osm_helsinki_archipelago_offset_n_1000m_200m_0376 OK 
[2026-07-23 18:13:39,830] INFO: v2_osm_helsinki_disrupted_offset_e_1500m_500m_0377 OK 
[2026-07-23 18:13:39,830] INFO: v2_osm_helsinki_downtown_offset_s_2500m_1000m_0378 OK 
[2026-07-23 18:13:39,830] INFO: v2_osm_kallio_community_offset_w_5000m_1500m_0379 OK 
[2026-07-23 18:13:39,830] INFO: v2_osm_kumpula_campus_exact_500m_0m_0380 OK 
[2026-07-23 18:13:39,830] INFO: v2_osm_lapland_rural_sparse_offset_n_1000m_500m_0381 OK 
[2026-07-23 18:13:39,830] INFO: v2_osm_london_industrial_corridor_offset_e_1500m_1000m_0382 OK 
[2026-07-23 18:13:39,831] INFO: v2_osm_manhattan_midtown_offset_s_2500m_1500m_0383 OK 
[2026-07-23 18:13:39,831] INFO: v2_osm_mit_campus_reality_offset_w_5000m_200m_0384 OK 
[2026-07-23 18:13:39,838] INFO: v2_osm_nuuksio_sparse_trails_exact_500m_0m_0385 FAIL_BUILD_OSM too few segments (8 < 20)
[2026-07-23 18:13:39,838] INFO: v2_osm_rio_centro_buses_offset_n_1000m_1000m_0386 OK 
[2026-07-23 18:13:39,838] INFO: v2_osm_roma_centro_offset_e_1500m_1500m_0387 OK 
[2026-07-23 18:13:39,839] INFO: v2_osm_sf_cabspotting_downtown_offset_s_2500m_200m_0388 OK 
[2026-07-23 18:13:39,839] INFO: v2_osm_sf_mission_corridor_offset_w_5000m_500m_0389 OK 
[2026-07-23 18:13:39,840] INFO: v2_osm_tampere_suburban_exact_500m_0m_0390 FAIL_BUILD_OSM osm_process: Graph contains no edges.
[2026-07-23 18:13:39,840] INFO: v2_osm_cambridge_haggle_offset_n_1000m_1500m_0391 OK 
[2026-07-23 18:13:39,840] INFO: v2_osm_dieselnet_amherst_offset_e_1500m_200m_0392 OK 
[2026-07-23 18:13:39,841] INFO: v2_osm_helsinki_archipelago_offset_s_2500m_500m_0393 OK 
[2026-07-23 18:13:39,841] INFO: v2_osm_helsinki_disrupted_offset_w_5000m_1000m_0394 OK 
[2026-07-23 18:13:39,841] INFO: v2_osm_helsinki_downtown_exact_500m_0m_0395 OK 
[2026-07-23 18:13:39,841] INFO: v2_osm_kallio_community_offset_n_1000m_200m_0396 OK 
[2026-07-23 18:13:39,841] INFO: v2_osm_kumpula_campus_offset_e_1500m_500m_0397 OK 
[2026-07-23 18:13:39,841] INFO: v2_osm_lapland_rural_sparse_offset_s_2500m_1000m_0398 OK 
[2026-07-23 18:13:39,841] INFO: v2_osm_london_industrial_corridor_offset_w_5000m_1500m_0399 OK 
[2026-07-23 18:13:39,850] INFO: v2_osm_manhattan_midtown_exact_500m_0m_0400 FAIL_BUILD_OSM too few segments (14 < 20)
[2026-07-23 18:13:39,850] INFO: v2_osm_mit_campus_reality_offset_n_1000m_500m_0401 OK 
[2026-07-23 18:13:39,850] INFO: v2_osm_nuuksio_sparse_trails_offset_e_1500m_1000m_0402 OK 
[2026-07-23 18:13:39,850] INFO: v2_osm_rio_centro_buses_offset_s_2500m_1500m_0403 OK 
[2026-07-23 18:13:39,850] INFO: v2_osm_roma_centro_offset_w_5000m_200m_0404 OK 
[2026-07-23 18:13:39,850] INFO: v2_osm_sf_cabspotting_downtown_exact_500m_0m_0405 OK 
[2026-07-23 18:13:39,851] INFO: v2_osm_sf_mission_corridor_offset_n_1000m_1000m_0406 OK 
[2026-07-23 18:13:39,851] INFO: v2_osm_tampere_suburban_offset_e_1500m_1500m_0407 OK 
[2026-07-23 18:13:39,851] INFO: v2_osm_cambridge_haggle_offset_s_2500m_200m_0408 OK 
[2026-07-23 18:13:39,851] INFO: v2_osm_dieselnet_amherst_offset_w_5000m_500m_0409 OK 
[2026-07-23 18:13:39,851] INFO: v2_osm_helsinki_archipelago_exact_500m_0m_0410 OK 
[2026-07-23 18:13:39,851] INFO: v2_osm_helsinki_disrupted_offset_n_1000m_1500m_0411 OK 
[2026-07-23 18:13:39,851] INFO: v2_osm_helsinki_downtown_offset_e_1500m_200m_0412 OK 
[2026-07-23 18:13:39,852] INFO: v2_osm_kallio_community_offset_s_2500m_500m_0413 OK 
[2026-07-23 18:13:39,852] INFO: v2_osm_kumpula_campus_offset_w_5000m_1000m_0414 OK 
[2026-07-23 18:13:39,852] INFO: v2_osm_lapland_rural_sparse_exact_500m_0m_0415 OK 
[2026-07-23 18:13:39,852] INFO: v2_osm_london_industrial_corridor_offset_n_1000m_200m_0416 OK 
[2026-07-23 18:13:39,852] INFO: v2_osm_manhattan_midtown_offset_e_1500m_500m_0417 OK 
[2026-07-23 18:13:39,852] INFO: v2_osm_mit_campus_reality_offset_s_2500m_1000m_0418 OK 
[2026-07-23 18:13:39,852] INFO: v2_osm_nuuksio_sparse_trails_offset_w_5000m_1500m_0419 OK 
[2026-07-23 18:13:39,853] INFO: v2_osm_rio_centro_buses_exact_500m_0m_0420 OK 
[2026-07-23 18:13:39,853] INFO: v2_osm_roma_centro_offset_n_1000m_500m_0421 OK 
[2026-07-23 18:13:39,853] INFO: v2_osm_sf_cabspotting_downtown_offset_e_1500m_1000m_0422 OK 
[2026-07-23 18:13:39,853] INFO: v2_osm_sf_mission_corridor_offset_s_2500m_1500m_0423 OK 
[2026-07-23 18:13:39,853] INFO: v2_osm_tampere_suburban_offset_w_5000m_200m_0424 OK 
[2026-07-23 18:13:39,853] INFO: v2_osm_cambridge_haggle_exact_500m_0m_0425 OK 
[2026-07-23 18:13:39,853] INFO: v2_osm_dieselnet_amherst_offset_n_1000m_1000m_0426 OK 
[2026-07-23 18:13:39,854] INFO: v2_osm_helsinki_archipelago_offset_e_1500m_1500m_0427 OK 
[2026-07-23 18:13:39,854] INFO: v2_osm_helsinki_disrupted_offset_s_2500m_200m_0428 OK 
[2026-07-23 18:13:39,854] INFO: v2_osm_helsinki_downtown_offset_w_5000m_500m_0429 OK 
[2026-07-23 18:13:39,854] INFO: v2_osm_kallio_community_exact_500m_0m_0430 OK 
[2026-07-23 18:13:39,854] INFO: v2_osm_kumpula_campus_offset_n_1000m_1500m_0431 OK 
[2026-07-23 18:13:39,854] INFO: v2_osm_lapland_rural_sparse_offset_e_1500m_200m_0432 OK 
[2026-07-23 18:13:39,854] INFO: v2_osm_london_industrial_corridor_offset_s_2500m_500m_0433 OK 
[2026-07-23 18:13:39,855] INFO: v2_osm_manhattan_midtown_offset_w_5000m_1000m_0434 OK 
[2026-07-23 18:13:39,855] INFO: v2_osm_mit_campus_reality_exact_500m_0m_0435 OK 
[2026-07-23 18:13:39,855] INFO: v2_osm_nuuksio_sparse_trails_offset_n_1000m_200m_0436 OK 
[2026-07-23 18:13:39,855] INFO: v2_osm_rio_centro_buses_offset_e_1500m_500m_0437 OK 
[2026-07-23 18:13:39,855] INFO: v2_osm_roma_centro_offset_s_2500m_1000m_0438 OK 
[2026-07-23 18:13:39,855] INFO: v2_osm_sf_cabspotting_downtown_offset_w_5000m_1500m_0439 OK 
[2026-07-23 18:13:39,855] INFO: v2_osm_sf_mission_corridor_exact_500m_0m_0440 OK 
[2026-07-23 18:13:39,862] INFO: v2_osm_tampere_suburban_offset_n_1000m_500m_0441 FAIL_BUILD_OSM too few segments (2 < 20)
[2026-07-23 18:13:39,863] INFO: v2_osm_cambridge_haggle_offset_e_1500m_1000m_0442 OK 
[2026-07-23 18:13:39,863] INFO: v2_osm_dieselnet_amherst_offset_s_2500m_1500m_0443 OK 
[2026-07-23 18:13:39,863] INFO: v2_osm_helsinki_archipelago_offset_w_5000m_200m_0444 OK 
[2026-07-23 18:13:39,863] INFO: v2_osm_helsinki_disrupted_exact_500m_0m_0445 OK 
[2026-07-23 18:13:39,863] INFO: v2_osm_helsinki_downtown_offset_n_1000m_1000m_0446 OK 
[2026-07-23 18:13:39,863] INFO: v2_osm_kallio_community_offset_e_1500m_1500m_0447 OK 
[2026-07-23 18:13:39,863] INFO: v2_osm_kumpula_campus_offset_s_2500m_200m_0448 OK 
[2026-07-23 18:13:39,864] INFO: v2_osm_lapland_rural_sparse_offset_w_5000m_500m_0449 OK 
[2026-07-23 18:13:39,864] INFO: v2_osm_london_industrial_corridor_exact_500m_0m_0450 OK 
[2026-07-23 18:13:39,864] INFO: v2_osm_manhattan_midtown_offset_n_1000m_1500m_0451 OK 
[2026-07-23 18:13:39,864] INFO: v2_osm_mit_campus_reality_offset_e_1500m_200m_0452 OK 
[2026-07-23 18:13:39,864] INFO: v2_osm_nuuksio_sparse_trails_offset_s_2500m_500m_0453 OK 
[2026-07-23 18:13:39,864] INFO: v2_osm_rio_centro_buses_offset_w_5000m_1000m_0454 OK 
[2026-07-23 18:13:39,864] INFO: v2_osm_roma_centro_exact_500m_0m_0455 OK 
[2026-07-23 18:13:39,865] INFO: v2_osm_sf_cabspotting_downtown_offset_n_1000m_200m_0456 OK 
[2026-07-23 18:13:39,865] INFO: v2_osm_sf_mission_corridor_offset_e_1500m_500m_0457 OK 
[2026-07-23 18:13:39,865] INFO: v2_osm_tampere_suburban_offset_s_2500m_1000m_0458 OK 
[2026-07-23 18:13:39,865] INFO: v2_osm_cambridge_haggle_offset_w_5000m_1500m_0459 OK 
[2026-07-23 18:13:39,865] INFO: v2_osm_dieselnet_amherst_exact_500m_0m_0460 OK 
[2026-07-23 18:13:39,865] INFO: v2_osm_helsinki_archipelago_offset_n_1000m_500m_0461 OK 
[2026-07-23 18:13:39,865] INFO: v2_osm_helsinki_disrupted_offset_e_1500m_1000m_0462 OK 
[2026-07-23 18:13:39,866] INFO: v2_osm_helsinki_downtown_offset_s_2500m_1500m_0463 OK 
[2026-07-23 18:13:39,866] INFO: v2_osm_kallio_community_offset_w_5000m_200m_0464 OK 
[2026-07-23 18:13:39,866] INFO: v2_osm_kumpula_campus_exact_500m_0m_0465 OK 
[2026-07-23 18:13:39,866] INFO: v2_osm_lapland_rural_sparse_offset_n_1000m_1000m_0466 OK 
[2026-07-23 18:13:39,866] INFO: v2_osm_london_industrial_corridor_offset_e_1500m_1500m_0467 OK 
[2026-07-23 18:13:39,866] INFO: v2_osm_manhattan_midtown_offset_s_2500m_200m_0468 OK 
[2026-07-23 18:13:39,866] INFO: v2_osm_mit_campus_reality_offset_w_5000m_500m_0469 OK 
[2026-07-23 18:13:39,874] INFO: v2_osm_nuuksio_sparse_trails_exact_500m_0m_0470 FAIL_BUILD_OSM too few segments (8 < 20)
[2026-07-23 18:13:39,874] INFO: v2_osm_rio_centro_buses_offset_n_1000m_1500m_0471 OK 
[2026-07-23 18:13:39,874] INFO: v2_osm_roma_centro_offset_e_1500m_200m_0472 OK 
[2026-07-23 18:13:39,874] INFO: v2_osm_sf_cabspotting_downtown_offset_s_2500m_500m_0473 OK 
[2026-07-23 18:13:39,874] INFO: v2_osm_sf_mission_corridor_offset_w_5000m_1000m_0474 OK 
[2026-07-23 18:13:39,876] INFO: v2_osm_tampere_suburban_exact_500m_0m_0475 FAIL_BUILD_OSM osm_process: Graph contains no edges.
[2026-07-23 18:13:39,876] INFO: v2_osm_cambridge_haggle_offset_n_1000m_200m_0476 OK 
[2026-07-23 18:13:39,876] INFO: v2_osm_dieselnet_amherst_offset_e_1500m_500m_0477 OK 
[2026-07-23 18:13:39,876] INFO: v2_osm_helsinki_archipelago_offset_s_2500m_1000m_0478 OK 
[2026-07-23 18:13:39,876] INFO: v2_osm_helsinki_disrupted_offset_w_5000m_1500m_0479 OK 
[2026-07-23 18:13:39,876] INFO: v2_osm_helsinki_downtown_exact_500m_0m_0480 OK 
[2026-07-23 18:13:39,876] INFO: v2_osm_kallio_community_offset_n_1000m_500m_0481 OK 
[2026-07-23 18:13:39,877] INFO: v2_osm_kumpula_campus_offset_e_1500m_1000m_0482 OK 
[2026-07-23 18:13:39,877] INFO: v2_osm_lapland_rural_sparse_offset_s_2500m_1500m_0483 OK 
[2026-07-23 18:13:39,877] INFO: v2_osm_london_industrial_corridor_offset_w_5000m_200m_0484 OK 
[2026-07-23 18:13:39,885] INFO: v2_osm_manhattan_midtown_exact_500m_0m_0485 FAIL_BUILD_OSM too few segments (14 < 20)
[2026-07-23 18:13:39,885] INFO: v2_osm_mit_campus_reality_offset_n_1000m_1000m_0486 OK 
[2026-07-23 18:13:39,886] INFO: v2_osm_nuuksio_sparse_trails_offset_e_1500m_1500m_0487 OK 
[2026-07-23 18:13:39,886] INFO: v2_osm_rio_centro_buses_offset_s_2500m_200m_0488 OK 
[2026-07-23 18:13:39,886] INFO: v2_osm_roma_centro_offset_w_5000m_500m_0489 OK 
[2026-07-23 18:13:39,886] INFO: v2_osm_sf_cabspotting_downtown_exact_500m_0m_0490 OK 
[2026-07-23 18:13:39,886] INFO: v2_osm_sf_mission_corridor_offset_n_1000m_1500m_0491 OK 
[2026-07-23 18:13:39,886] INFO: v2_osm_tampere_suburban_offset_e_1500m_200m_0492 OK 
[2026-07-23 18:13:39,887] INFO: v2_osm_cambridge_haggle_offset_s_2500m_500m_0493 OK 
[2026-07-23 18:13:39,887] INFO: v2_osm_dieselnet_amherst_offset_w_5000m_1000m_0494 OK 
[2026-07-23 18:13:39,887] INFO: v2_osm_helsinki_archipelago_exact_500m_0m_0495 OK 
[2026-07-23 18:13:39,887] INFO: v2_osm_helsinki_disrupted_offset_n_1000m_200m_0496 OK 
[2026-07-23 18:13:39,887] INFO: v2_osm_helsinki_downtown_offset_e_1500m_500m_0497 OK 
[2026-07-23 18:13:39,887] INFO: v2_osm_kallio_community_offset_s_2500m_1000m_0498 OK 
[2026-07-23 18:13:39,887] INFO: v2_osm_kumpula_campus_offset_w_5000m_1500m_0499 OK 
[2026-07-23 18:13:39,888] INFO: v2_osm_lapland_rural_sparse_exact_500m_0m_0500 OK 
[2026-07-23 18:13:39,888] INFO: v2_osm_london_industrial_corridor_offset_n_1000m_500m_0501 OK 
[2026-07-23 18:13:39,888] INFO: v2_osm_manhattan_midtown_offset_e_1500m_1000m_0502 OK 
[2026-07-23 18:13:39,888] INFO: v2_osm_mit_campus_reality_offset_s_2500m_1500m_0503 OK 
[2026-07-23 18:13:39,888] INFO: v2_osm_nuuksio_sparse_trails_offset_w_5000m_200m_0504 OK 
[2026-07-23 18:13:39,888] INFO: v2_osm_rio_centro_buses_exact_500m_0m_0505 OK 
[2026-07-23 18:13:39,888] INFO: v2_osm_roma_centro_offset_n_1000m_1000m_0506 OK 
[2026-07-23 18:13:39,889] INFO: v2_osm_sf_cabspotting_downtown_offset_e_1500m_1500m_0507 OK 
[2026-07-23 18:13:39,889] INFO: v2_osm_sf_mission_corridor_offset_s_2500m_200m_0508 OK 
[2026-07-23 18:13:39,889] INFO: v2_osm_tampere_suburban_offset_w_5000m_500m_0509 OK 
[2026-07-23 18:13:39,889] INFO: v2_osm_cambridge_haggle_exact_500m_0m_0510 OK 
[2026-07-23 18:13:39,889] INFO: v2_osm_dieselnet_amherst_offset_n_1000m_1500m_0511 OK 
[2026-07-23 18:13:39,889] INFO: v2_osm_helsinki_archipelago_offset_e_1500m_200m_0512 OK 
[2026-07-23 18:13:39,889] INFO: v2_osm_helsinki_disrupted_offset_s_2500m_500m_0513 OK 
[2026-07-23 18:13:39,890] INFO: v2_osm_helsinki_downtown_offset_w_5000m_1000m_0514 OK 
[2026-07-23 18:13:39,890] INFO: v2_osm_kallio_community_exact_500m_0m_0515 OK 
[2026-07-23 18:13:39,890] INFO: v2_osm_kumpula_campus_offset_n_1000m_200m_0516 OK 
[2026-07-23 18:13:39,890] INFO: v2_osm_lapland_rural_sparse_offset_e_1500m_500m_0517 OK 
[2026-07-23 18:13:39,890] INFO: v2_osm_london_industrial_corridor_offset_s_2500m_1000m_0518 OK 
[2026-07-23 18:13:39,890] INFO: v2_osm_manhattan_midtown_offset_w_5000m_1500m_0519 OK 
[2026-07-23 18:13:39,890] INFO: v2_osm_mit_campus_reality_exact_500m_0m_0520 OK 
[2026-07-23 18:13:39,899] INFO: v2_osm_nuuksio_sparse_trails_offset_n_1000m_500m_0521 FAIL_BUILD_OSM too few segments (14 < 20)
[2026-07-23 18:13:39,899] INFO: v2_osm_rio_centro_buses_offset_e_1500m_1000m_0522 OK 
[2026-07-23 18:13:39,899] INFO: v2_osm_roma_centro_offset_s_2500m_1500m_0523 OK 
[2026-07-23 18:13:39,899] INFO: v2_osm_sf_cabspotting_downtown_offset_w_5000m_200m_0524 OK 
[2026-07-23 18:13:39,900] INFO: v2_osm_sf_mission_corridor_exact_500m_0m_0525 OK 
[2026-07-23 18:13:39,906] INFO: v2_osm_tampere_suburban_offset_n_1000m_1000m_0526 FAIL_BUILD_OSM too few segments (2 < 20)
[2026-07-23 18:13:39,907] INFO: v2_osm_cambridge_haggle_offset_e_1500m_1500m_0527 OK 
[2026-07-23 18:13:39,907] INFO: v2_osm_dieselnet_amherst_offset_s_2500m_200m_0528 OK 
[2026-07-23 18:13:39,907] INFO: v2_osm_helsinki_archipelago_offset_w_5000m_500m_0529 OK 
[2026-07-23 18:13:39,907] INFO: v2_osm_helsinki_disrupted_exact_500m_0m_0530 OK 
[2026-07-23 18:13:39,907] INFO: v2_osm_helsinki_downtown_offset_n_1000m_1500m_0531 OK 
[2026-07-23 18:13:39,907] INFO: v2_osm_kallio_community_offset_e_1500m_200m_0532 OK 
[2026-07-23 18:13:39,907] INFO: v2_osm_kumpula_campus_offset_s_2500m_500m_0533 OK 
[2026-07-23 18:13:39,908] INFO: v2_osm_lapland_rural_sparse_offset_w_5000m_1000m_0534 OK 
[2026-07-23 18:13:39,908] INFO: v2_osm_london_industrial_corridor_exact_500m_0m_0535 OK 
[2026-07-23 18:13:39,908] INFO: v2_osm_manhattan_midtown_offset_n_1000m_200m_0536 OK 
[2026-07-23 18:13:39,908] INFO: v2_osm_mit_campus_reality_offset_e_1500m_500m_0537 OK 
[2026-07-23 18:13:39,908] INFO: v2_osm_nuuksio_sparse_trails_offset_s_2500m_1000m_0538 OK 
[2026-07-23 18:13:39,908] INFO: v2_osm_rio_centro_buses_offset_w_5000m_1500m_0539 OK 
[2026-07-23 18:13:39,908] INFO: v2_osm_roma_centro_exact_500m_0m_0540 OK 
[2026-07-23 18:13:39,909] INFO: v2_osm_sf_cabspotting_downtown_offset_n_1000m_500m_0541 OK 
[2026-07-23 18:13:39,909] INFO: v2_osm_sf_mission_corridor_offset_e_1500m_1000m_0542 OK 
[2026-07-23 18:13:39,909] INFO: v2_osm_tampere_suburban_offset_s_2500m_1500m_0543 OK 
[2026-07-23 18:13:39,909] INFO: v2_osm_cambridge_haggle_offset_w_5000m_200m_0544 OK 
[2026-07-23 18:13:39,909] INFO: v2_osm_dieselnet_amherst_exact_500m_0m_0545 OK 
[2026-07-23 18:13:39,909] INFO: v2_osm_helsinki_archipelago_offset_n_1000m_1000m_0546 OK 
[2026-07-23 18:13:39,909] INFO: v2_osm_helsinki_disrupted_offset_e_1500m_1500m_0547 OK 
[2026-07-23 18:13:39,910] INFO: v2_osm_helsinki_downtown_offset_s_2500m_200m_0548 OK 
[2026-07-23 18:13:39,910] INFO: v2_osm_kallio_community_offset_w_5000m_500m_0549 OK 
[2026-07-23 18:13:39,910] INFO: v2_osm_kumpula_campus_exact_500m_0m_0550 OK 
[2026-07-23 18:13:39,917] INFO: v2_osm_lapland_rural_sparse_offset_n_1000m_1500m_0551 FAIL_BUILD_OSM too few segments (2 < 20)
[2026-07-23 18:13:39,917] INFO: v2_osm_london_industrial_corridor_offset_e_1500m_200m_0552 OK 
[2026-07-23 18:13:39,917] INFO: v2_osm_manhattan_midtown_offset_s_2500m_500m_0553 OK 
[2026-07-23 18:13:39,917] INFO: v2_osm_mit_campus_reality_offset_w_5000m_1000m_0554 OK 
[2026-07-23 18:13:39,924] INFO: v2_osm_nuuksio_sparse_trails_exact_500m_0m_0555 FAIL_BUILD_OSM too few segments (8 < 20)
[2026-07-23 18:13:39,925] INFO: v2_osm_rio_centro_buses_offset_n_1000m_200m_0556 OK 
[2026-07-23 18:13:39,925] INFO: v2_osm_roma_centro_offset_e_1500m_500m_0557 OK 
[2026-07-23 18:13:39,925] INFO: v2_osm_sf_cabspotting_downtown_offset_s_2500m_1000m_0558 OK 
[2026-07-23 18:13:39,925] INFO: v2_osm_sf_mission_corridor_offset_w_5000m_1500m_0559 OK 
[2026-07-23 18:13:39,926] INFO: v2_osm_tampere_suburban_exact_500m_0m_0560 FAIL_BUILD_OSM osm_process: Graph contains no edges.
[2026-07-23 18:13:39,927] INFO: v2_osm_cambridge_haggle_offset_n_1000m_500m_0561 OK 
[2026-07-23 18:13:39,927] INFO: v2_osm_dieselnet_amherst_offset_e_1500m_1000m_0562 OK 
[2026-07-23 18:13:39,927] INFO: v2_osm_helsinki_archipelago_offset_s_2500m_1500m_0563 OK 
[2026-07-23 18:13:39,927] INFO: v2_osm_helsinki_disrupted_offset_w_5000m_200m_0564 OK 
[2026-07-23 18:13:39,927] INFO: v2_osm_helsinki_downtown_exact_500m_0m_0565 OK 
[2026-07-23 18:13:39,927] INFO: v2_osm_kallio_community_offset_n_1000m_1000m_0566 OK 
[2026-07-23 18:13:39,928] INFO: v2_osm_kumpula_campus_offset_e_1500m_1500m_0567 OK 
[2026-07-23 18:13:39,928] INFO: v2_osm_lapland_rural_sparse_offset_s_2500m_200m_0568 OK 
[2026-07-23 18:13:39,928] INFO: v2_osm_london_industrial_corridor_offset_w_5000m_500m_0569 OK 
[2026-07-23 18:13:39,939] INFO: v2_osm_manhattan_midtown_exact_500m_0m_0570 FAIL_BUILD_OSM too few segments (14 < 20)
[2026-07-23 18:13:39,939] INFO: v2_osm_mit_campus_reality_offset_n_1000m_1500m_0571 OK 
[2026-07-23 18:13:39,940] INFO: v2_osm_nuuksio_sparse_trails_offset_e_1500m_200m_0572 OK 
[2026-07-23 18:13:39,940] INFO: v2_osm_rio_centro_buses_offset_s_2500m_500m_0573 OK 
[2026-07-23 18:13:39,940] INFO: v2_osm_roma_centro_offset_w_5000m_1000m_0574 OK 
[2026-07-23 18:13:39,940] INFO: v2_osm_sf_cabspotting_downtown_exact_500m_0m_0575 OK 
[2026-07-23 18:13:39,940] INFO: v2_osm_sf_mission_corridor_offset_n_1000m_200m_0576 OK 
[2026-07-23 18:13:39,940] INFO: v2_osm_tampere_suburban_offset_e_1500m_500m_0577 OK 
[2026-07-23 18:13:39,941] INFO: v2_osm_cambridge_haggle_offset_s_2500m_1000m_0578 OK 
[2026-07-23 18:13:39,941] INFO: v2_osm_dieselnet_amherst_offset_w_5000m_1500m_0579 OK 
[2026-07-23 18:13:39,941] INFO: v2_osm_helsinki_archipelago_exact_500m_0m_0580 OK 
[2026-07-23 18:13:39,941] INFO: v2_osm_helsinki_disrupted_offset_n_1000m_500m_0581 OK 
[2026-07-23 18:13:39,941] INFO: v2_osm_helsinki_downtown_offset_e_1500m_1000m_0582 OK 
[2026-07-23 18:13:39,941] INFO: v2_osm_kallio_community_offset_s_2500m_1500m_0583 OK 
[2026-07-23 18:13:39,942] INFO: v2_osm_kumpula_campus_offset_w_5000m_200m_0584 OK 
[2026-07-23 18:13:39,942] INFO: v2_osm_lapland_rural_sparse_exact_500m_0m_0585 OK 
[2026-07-23 18:13:39,942] INFO: v2_osm_london_industrial_corridor_offset_n_1000m_1000m_0586 OK 
[2026-07-23 18:13:39,942] INFO: v2_osm_manhattan_midtown_offset_e_1500m_1500m_0587 OK 
[2026-07-23 18:13:39,942] INFO: v2_osm_mit_campus_reality_offset_s_2500m_200m_0588 OK 
[2026-07-23 18:13:39,942] INFO: v2_osm_nuuksio_sparse_trails_offset_w_5000m_500m_0589 OK 
[2026-07-23 18:13:39,943] INFO: v2_osm_rio_centro_buses_exact_500m_0m_0590 OK 
[2026-07-23 18:13:39,943] INFO: v2_osm_roma_centro_offset_n_1000m_1500m_0591 OK 
[2026-07-23 18:13:39,943] INFO: v2_osm_sf_cabspotting_downtown_offset_e_1500m_200m_0592 OK 
[2026-07-23 18:13:39,943] INFO: v2_osm_sf_mission_corridor_offset_s_2500m_500m_0593 OK 
[2026-07-23 18:13:39,943] INFO: v2_osm_tampere_suburban_offset_w_5000m_1000m_0594 OK 
[2026-07-23 18:13:39,943] INFO: v2_osm_cambridge_haggle_exact_500m_0m_0595 OK 
[2026-07-23 18:13:39,943] INFO: v2_osm_dieselnet_amherst_offset_n_1000m_200m_0596 OK 
[2026-07-23 18:13:39,943] INFO: v2_osm_helsinki_archipelago_offset_e_1500m_500m_0597 OK 
[2026-07-23 18:13:39,944] INFO: v2_osm_helsinki_disrupted_offset_s_2500m_1000m_0598 OK 
[2026-07-23 18:13:39,944] INFO: v2_osm_helsinki_downtown_offset_w_5000m_1500m_0599 OK 
[2026-07-23 18:13:39,944] INFO: v2_osm_kallio_community_exact_500m_0m_0600 OK 
[2026-07-23 18:13:39,944] INFO: v2_osm_kumpula_campus_offset_n_1000m_500m_0601 OK 
[2026-07-23 18:13:39,944] INFO: v2_osm_lapland_rural_sparse_offset_e_1500m_1000m_0602 OK 
[2026-07-23 18:13:39,944] INFO: v2_osm_london_industrial_corridor_offset_s_2500m_1500m_0603 OK 
[2026-07-23 18:13:39,944] INFO: v2_osm_manhattan_midtown_offset_w_5000m_200m_0604 OK 
[2026-07-23 18:13:39,945] INFO: v2_osm_mit_campus_reality_exact_500m_0m_0605 OK 
[2026-07-23 18:13:39,952] INFO: v2_osm_nuuksio_sparse_trails_offset_n_1000m_1000m_0606 FAIL_BUILD_OSM too few segments (2 < 20)
[2026-07-23 18:13:39,953] INFO: v2_osm_rio_centro_buses_offset_e_1500m_1500m_0607 OK 
[2026-07-23 18:13:39,953] INFO: v2_osm_roma_centro_offset_s_2500m_200m_0608 OK 
[2026-07-23 18:13:39,953] INFO: v2_osm_sf_cabspotting_downtown_offset_w_5000m_500m_0609 OK 
[2026-07-23 18:13:39,953] INFO: v2_osm_sf_mission_corridor_exact_500m_0m_0610 OK 
[2026-07-23 18:13:39,953] INFO: v2_osm_tampere_suburban_offset_n_1000m_1500m_0611 OK 
[2026-07-23 18:13:39,953] INFO: v2_osm_cambridge_haggle_offset_e_1500m_200m_0612 OK 
[2026-07-23 18:13:39,954] INFO: v2_osm_dieselnet_amherst_offset_s_2500m_500m_0613 OK 
[2026-07-23 18:13:39,954] INFO: v2_osm_helsinki_archipelago_offset_w_5000m_1000m_0614 OK 
[2026-07-23 18:13:39,954] INFO: v2_osm_helsinki_disrupted_exact_500m_0m_0615 OK 
[2026-07-23 18:13:39,954] INFO: v2_osm_helsinki_downtown_offset_n_1000m_200m_0616 OK 
[2026-07-23 18:13:39,954] INFO: v2_osm_kallio_community_offset_e_1500m_500m_0617 OK 
[2026-07-23 18:13:39,954] INFO: v2_osm_kumpula_campus_offset_s_2500m_1000m_0618 OK 
[2026-07-23 18:13:39,954] INFO: v2_osm_lapland_rural_sparse_offset_w_5000m_1500m_0619 OK 
[2026-07-23 18:13:39,954] INFO: v2_osm_london_industrial_corridor_exact_500m_0m_0620 OK 
[2026-07-23 18:13:39,955] INFO: v2_osm_manhattan_midtown_offset_n_1000m_500m_0621 OK 
[2026-07-23 18:13:39,955] INFO: v2_osm_mit_campus_reality_offset_e_1500m_1000m_0622 OK 
[2026-07-23 18:13:39,955] INFO: v2_osm_nuuksio_sparse_trails_offset_s_2500m_1500m_0623 OK 
[2026-07-23 18:13:39,955] INFO: v2_osm_rio_centro_buses_offset_w_5000m_200m_0624 OK 
[2026-07-23 18:13:39,955] INFO: v2_osm_roma_centro_exact_500m_0m_0625 OK 
[2026-07-23 18:13:39,955] INFO: v2_osm_sf_cabspotting_downtown_offset_n_1000m_1000m_0626 OK 
[2026-07-23 18:13:39,955] INFO: v2_osm_sf_mission_corridor_offset_e_1500m_1500m_0627 OK 
[2026-07-23 18:13:39,956] INFO: v2_osm_tampere_suburban_offset_s_2500m_200m_0628 OK 
[2026-07-23 18:13:39,956] INFO: v2_osm_cambridge_haggle_offset_w_5000m_500m_0629 OK 
[2026-07-23 18:13:39,956] INFO: v2_osm_dieselnet_amherst_exact_500m_0m_0630 OK 
[2026-07-23 18:13:39,956] INFO: v2_osm_helsinki_archipelago_offset_n_1000m_1500m_0631 OK 
[2026-07-23 18:13:39,956] INFO: v2_osm_helsinki_disrupted_offset_e_1500m_200m_0632 OK 
[2026-07-23 18:13:39,956] INFO: v2_osm_helsinki_downtown_offset_s_2500m_500m_0633 OK 
[2026-07-23 18:13:39,957] INFO: v2_osm_kallio_community_offset_w_5000m_1000m_0634 OK 
[2026-07-23 18:13:39,957] INFO: v2_osm_kumpula_campus_exact_500m_0m_0635 OK 
[2026-07-23 18:13:39,957] INFO: v2_osm_lapland_rural_sparse_offset_n_1000m_200m_0636 OK 
[2026-07-23 18:13:39,957] INFO: v2_osm_london_industrial_corridor_offset_e_1500m_500m_0637 OK 
[2026-07-23 18:13:39,957] INFO: v2_osm_manhattan_midtown_offset_s_2500m_1000m_0638 OK 
[2026-07-23 18:13:39,957] INFO: v2_osm_mit_campus_reality_offset_w_5000m_1500m_0639 OK 
[2026-07-23 18:13:39,965] INFO: v2_osm_nuuksio_sparse_trails_exact_500m_0m_0640 FAIL_BUILD_OSM too few segments (8 < 20)
[2026-07-23 18:13:39,965] INFO: v2_osm_rio_centro_buses_offset_n_1000m_500m_0641 OK 
[2026-07-23 18:13:39,965] INFO: v2_osm_roma_centro_offset_e_1500m_1000m_0642 OK 
[2026-07-23 18:13:39,965] INFO: v2_osm_sf_cabspotting_downtown_offset_s_2500m_1500m_0643 OK 
[2026-07-23 18:13:39,966] INFO: v2_osm_sf_mission_corridor_offset_w_5000m_200m_0644 OK 
[2026-07-23 18:13:39,967] INFO: v2_osm_tampere_suburban_exact_500m_0m_0645 FAIL_BUILD_OSM osm_process: Graph contains no edges.
[2026-07-23 18:13:39,967] INFO: v2_osm_cambridge_haggle_offset_n_1000m_1000m_0646 OK 
[2026-07-23 18:13:39,967] INFO: v2_osm_dieselnet_amherst_offset_e_1500m_1500m_0647 OK 
[2026-07-23 18:13:39,968] INFO: v2_osm_helsinki_archipelago_offset_s_2500m_200m_0648 OK 
[2026-07-23 18:13:39,968] INFO: v2_osm_helsinki_disrupted_offset_w_5000m_500m_0649 OK 
[2026-07-23 18:13:39,968] INFO: v2_osm_helsinki_downtown_exact_500m_0m_0650 OK 
[2026-07-23 18:13:39,968] INFO: v2_osm_kallio_community_offset_n_1000m_1500m_0651 OK 
[2026-07-23 18:13:39,968] INFO: v2_osm_kumpula_campus_offset_e_1500m_200m_0652 OK 
[2026-07-23 18:13:39,968] INFO: v2_osm_lapland_rural_sparse_offset_s_2500m_500m_0653 OK 
[2026-07-23 18:13:39,968] INFO: v2_osm_london_industrial_corridor_offset_w_5000m_1000m_0654 OK 
[2026-07-23 18:13:39,977] INFO: v2_osm_manhattan_midtown_exact_500m_0m_0655 FAIL_BUILD_OSM too few segments (14 < 20)
[2026-07-23 18:13:39,977] INFO: v2_osm_mit_campus_reality_offset_n_1000m_200m_0656 OK 
[2026-07-23 18:13:39,977] INFO: v2_osm_nuuksio_sparse_trails_offset_e_1500m_500m_0657 OK 
[2026-07-23 18:13:39,977] INFO: v2_osm_rio_centro_buses_offset_s_2500m_1000m_0658 OK 
[2026-07-23 18:13:39,977] INFO: v2_osm_roma_centro_offset_w_5000m_1500m_0659 OK 
[2026-07-23 18:13:39,978] INFO: v2_osm_sf_cabspotting_downtown_exact_500m_0m_0660 OK 
[2026-07-23 18:13:39,978] INFO: v2_osm_sf_mission_corridor_offset_n_1000m_500m_0661 OK 
[2026-07-23 18:13:39,978] INFO: v2_osm_tampere_suburban_offset_e_1500m_1000m_0662 OK 
[2026-07-23 18:13:39,978] INFO: v2_osm_cambridge_haggle_offset_s_2500m_1500m_0663 OK 
[2026-07-23 18:13:39,978] INFO: v2_osm_dieselnet_amherst_offset_w_5000m_200m_0664 OK 
[2026-07-23 18:13:39,978] INFO: v2_osm_helsinki_archipelago_exact_500m_0m_0665 OK 
[2026-07-23 18:13:39,978] INFO: v2_osm_helsinki_disrupted_offset_n_1000m_1000m_0666 OK 
[2026-07-23 18:13:39,979] INFO: v2_osm_helsinki_downtown_offset_e_1500m_1500m_0667 OK 
[2026-07-23 18:13:39,979] INFO: v2_osm_kallio_community_offset_s_2500m_200m_0668 OK 
[2026-07-23 18:13:39,979] INFO: v2_osm_kumpula_campus_offset_w_5000m_500m_0669 OK 
[2026-07-23 18:13:39,979] INFO: v2_osm_lapland_rural_sparse_exact_500m_0m_0670 OK 
[2026-07-23 18:13:39,979] INFO: v2_osm_london_industrial_corridor_offset_n_1000m_1500m_0671 OK 
[2026-07-23 18:13:39,979] INFO: v2_osm_manhattan_midtown_offset_e_1500m_200m_0672 OK 
[2026-07-23 18:13:39,979] INFO: v2_osm_mit_campus_reality_offset_s_2500m_500m_0673 OK 
[2026-07-23 18:13:39,980] INFO: v2_osm_nuuksio_sparse_trails_offset_w_5000m_1000m_0674 OK 
[2026-07-23 18:13:39,980] INFO: v2_osm_rio_centro_buses_exact_500m_0m_0675 OK 
[2026-07-23 18:13:39,980] INFO: v2_osm_roma_centro_offset_n_1000m_200m_0676 OK 
[2026-07-23 18:13:39,980] INFO: v2_osm_sf_cabspotting_downtown_offset_e_1500m_500m_0677 OK 
[2026-07-23 18:13:39,980] INFO: v2_osm_sf_mission_corridor_offset_s_2500m_1000m_0678 OK 
[2026-07-23 18:13:39,980] INFO: v2_osm_tampere_suburban_offset_w_5000m_1500m_0679 OK 
[2026-07-23 18:13:39,980] INFO: v2_osm_cambridge_haggle_exact_500m_0m_0680 OK 
[2026-07-23 18:13:39,981] INFO: v2_osm_dieselnet_amherst_offset_n_1000m_500m_0681 OK 
[2026-07-23 18:13:39,981] INFO: v2_osm_helsinki_archipelago_offset_e_1500m_1000m_0682 OK 
[2026-07-23 18:13:39,981] INFO: v2_osm_helsinki_disrupted_offset_s_2500m_1500m_0683 OK 
[2026-07-23 18:13:39,981] INFO: v2_osm_helsinki_downtown_offset_w_5000m_200m_0684 OK 
[2026-07-23 18:13:39,981] INFO: v2_osm_kallio_community_exact_500m_0m_0685 OK 
[2026-07-23 18:13:39,981] INFO: v2_osm_kumpula_campus_offset_n_1000m_1000m_0686 OK 
[2026-07-23 18:13:39,981] INFO: v2_osm_lapland_rural_sparse_offset_e_1500m_1500m_0687 OK 
[2026-07-23 18:13:39,982] INFO: v2_osm_london_industrial_corridor_offset_s_2500m_200m_0688 OK 
[2026-07-23 18:13:39,982] INFO: v2_osm_manhattan_midtown_offset_w_5000m_500m_0689 OK 
[2026-07-23 18:13:39,982] INFO: v2_osm_mit_campus_reality_exact_500m_0m_0690 OK 
[2026-07-23 18:13:39,984] INFO: v2_osm_nuuksio_sparse_trails_offset_n_1000m_1500m_0691 FAIL_BUILD_OSM osm_process: Graph contains no edges.
[2026-07-23 18:13:39,984] INFO: v2_osm_rio_centro_buses_offset_e_1500m_200m_0692 OK 
[2026-07-23 18:13:39,984] INFO: v2_osm_roma_centro_offset_s_2500m_500m_0693 OK 
[2026-07-23 18:13:39,984] INFO: v2_osm_sf_cabspotting_downtown_offset_w_5000m_1000m_0694 OK 
[2026-07-23 18:13:39,984] INFO: v2_osm_sf_mission_corridor_exact_500m_0m_0695 OK 
[2026-07-23 18:13:39,992] INFO: v2_osm_tampere_suburban_offset_n_1000m_200m_0696 FAIL_BUILD_OSM too few segments (10 < 20)
[2026-07-23 18:13:52,440] INFO: v2_osm_cambridge_haggle_offset_e_1500m_500m_0697 OK 
[2026-07-23 18:14:01,542] INFO: v2_osm_dieselnet_amherst_offset_s_2500m_1000m_0698 OK 
[2026-07-23 18:14:52,382] INFO: v2_osm_helsinki_archipelago_offset_w_5000m_1500m_0699 OK 
[2026-07-23 18:15:01,513] INFO: v2_osm_helsinki_disrupted_exact_500m_0m_0700 OK 
[2026-07-23 18:15:09,946] INFO: v2_osm_helsinki_downtown_offset_n_1000m_500m_0701 OK 
[2026-07-23 18:15:09,959] INFO: Generation complete: 676/719 OK
--- Round 9 --- skip=0 osm_ok=676 osm_total=719
OSM expansion complete (no skips, osm_total=719).
=== Final skip=0 osm_ok=676 osm_total=719 ===
finished: 2026-07-23T18:15:15+02:00
