scenario,world_area,aspect_ratio,N,nrofHostGroups,speed_mean,wait_mean,mm_WDM,mm_RWP,mm_MapRoute,mm_Cluster,mm_Bus,mm_Linear,transmitRange,bufferSize,transmitSpeed,msgTtl,event_interval_mean,event_size_mean,nrof_event_generators,pattern_burst,pattern_hub_target,workDayLength,ownCarProb
SV1_C00000,0.0,0.9989994994993742,0.0,-1.81761495865627,-0.7673975625033981,1.1198362282447893,0.0,0.0,0.0,0.0,-0.7887520967514888,0.0,-0.8546399150512279,-1.066628483895483,0.0,0.0,0.0,0.0,0.0,0.0,0.0,0.0,0.0
SV1_C00001,0.0,0.9989994994993742,0.0,-1.81761495865627,-0.7673975625033981,1.1198362282447893,0.0,0.0,0.0,0.0,-0.7887520967514888,0.0,-0.8546399150512279,-0.6537400385165864,0.0,0.0,0.0,0.0,0.0,0.0,0.0,0.0,0.0
SV1_C00002,0.0,0.9989994994993742,0.0,-1.81761495865627,-0.7673975625033981,1.1198362282447893,0.0,0.0,0.0,0.0,-0.7887520967514888,0.0,-0.8546399150512279,0.17203685224120693,0.0,0.0,0.0,0.0,0.0,0.0,0.0,0.0,0.0
SV1_C00003,0.0,0.9989994994993742,0.0,-1.81761495865627,-0.7673975625033981,1.1198362282447893,0.0,0.0,0.0,0.0,-0.7887520967514888,0.0,-0.8546399150512279,1.5483316701708625,0.0,0.0,0.0,0.0,0.0,0.0,0.0,0.0,0.0
SV1_C00004,0.0,0.9989994994993742,0.0,-1.81761495865627,-0.7673975625033981,1.1198362282447893,0.0,0.0,0.0,0.0,-0.7887520967514888,0.0,-0.7810655421990217,-1.066628483895483,0.0,0.0,0.0,0.0,0.0,0.0,0.0,0.0,0.0
SV1_C00005,0.0,0.9989994994993742,0.0,-1.81761495865627,-0.7673975625033981,1.1198362282447893,0.0,0.0,0.0,0.0,-0.7887520967514888,0.0,-0.7810655421990217,-0.6537400385165864,0.0,0.0,0.0,0.0,0.0,0.0,0.0,0.0,0.0
SV1_C00006,0.0,0.9989994994993742,0.0,-1.81761495865627,-0.7673975625033981,1.1198362282447893,0.0,0.0,0.0,0.0,-0.7887520967514888,0.0,-0.7810655421990217,0.17203685224120693,0.0,0.0,0.0,0.0,0.0,0.0,0.0,0.0,0.0
SV1_C00007,0.0,0.9989994994993742,0.0,-1.81761495865627,-0.7673975625033981,1.1198362282447893,0.0,0.0,0.0,0.0,-0.7887520967514888,0.0,-0.7810655421990217,1.5483316701708625,0.0,0.0,0.0,0.0,0.0,0.0,0.0,0.0,0.0
SV1_C00008,0.0,0.9989994994993742,0.0,-1.81761495865627,-0.7673975625033981,1.1198362282447893,0.0,0.0,0.0,0.0,-0.7887520967514888,0.0,-0.6339167964946092,-1.066628483895483,0.0,0.0,0.0,0.0,0.0,0.0,0.0,0.0,0.0
SV1_C00009,0.0,0.9989994994993742,0.0,-1.81761495865627,-0.7673975625033981,1.1198362282447893,0.0,0.0,0.0,0.0,-0.7887520967514888,0.0,-0.6339167964946092,-0.6537400385165864,0.0,0.0,0.0,0.0,0.0,0.0,0.0,0.0,0.0
SV1_C00010,0.0,0.9989994994993742,0.0,-1.81761495865627,-0.7673975625033981,1.1198362282447893,0.0,0.0,0.0,0.0,-0.7887520967514888,0.0,-0.6339167964946092,0.17203685224120693,0.0,0.0,0.0,0.0,0.0,0.0,0.0,0.0,0.0
SV1_C00011,0.0,0.9989994994993742,0.0,-1.81761495865627,-0.7673975625033981,1.1198362282447893,0.0,0.0,0.0,0.0,-0.7887520967514888,0.0,-0.6339167964946092,1.5483316701708625,0.0,0.0,0.0,0.0,0.0,0.0,0.0,0.0,0.0
SV1_C00012,0.0,0.9989994994993742,0.0,-1.81761495865627,-0.7673975625033981,1.1198362282447893,0.0,0.0,0.0,0.0,-0.7887520967514888,0.0,-0.19247055938137156,-1.066628483895483,0.0,0.0,0.0,0.0,0.0,0.0,0.0,0.0,0.0
SV1_C00013,0.0,0.9989994994993742,0.0,-1.81761495865627,-0.7673975625033981,1.1198362282447893,0.0,0.0,0.0,0.0,-0.7887520967514888,0.0,-0.19247055938137156,-0.6537400385165864,0.0,0.0,0.0,0.0,0.0,0.0,0.0,0.0,0.0
SV1_C00014,0.0,0.9989994994993742,0.0,-1.81761495865627,-0.7673975625033981,1.1198362282447893,0.0,0.0,0.0,0.0,-0.7887520967514888,0.0,-0.19247055938137156,0.17203685224120693,0.0,0.0,0.0,0.0,0.0,0.0,0.0,0.0,0.0
SV1_C00015,0.0,0.9989994994993742,0.0,-1.81761495865627,-0.7673975625033981,1.1198362282447893,0.0,0.0,0.0,0.0,-0.7887520967514888,0.0,-0.19247055938137156,1.5483316701708625,0.0,0.0,0.0,0.0,0.0,0.0,0.0,0.0,0.0
SV1_C00016,0.0,0.9989994994993742,0.0,-1.81761495865627,-0.7673975625033981,1.1198362282447893,0.0,0.0,0.0,0.0,-0.7887520967514888,0.0,0.5432731691406911,-1.066628483895483,0.0,0.0,0.0,0.0,0.0,0.0,0.0,0.0,0.0
SV1_C00017,0.0,0.9989994994993742,0.0,-1.81761495865627,-0.7673975625033981,1.1198362282447893,0.0,0.0,0.0,0.0,-0.7887520967514888,0.0,0.5432731691406911,-0.6537400385165864,0.0,0.0,0.0,0.0,0.0,0.0,0.0,0.0,0.0
SV1_C00018,0.0,0.9989994994993742,0.0,-1.81761495865627,-0.7673975625033981,1.1198362282447893,0.0,0.0,0.0,0.0,-0.7887520967514888,0.0,0.5432731691406911,0.17203685224120693,0.0,0.0,0.0,0.0,0.0,0.0,0.0,0.0,0.0
SV1_C00019,0.0,0.9989994994993742,0.0,-1.81761495865627,-0.7673975625033981,1.1198362282447893,0.0,0.0,0.0,0.0,-0.7887520967514888,0.0,0.5432731691406911,1.5483316701708625,0.0,0.0,0.0,0.0,0.0,0.0,0.0,0.0,0.0
SV1_C00020,0.0,0.9989994994993742,0.0,-1.81761495865627,-0.7673975625033981,1.1198362282447893,0.0,0.0,0.0,0.0,-0.7887520967514888,0.0,2.0147606261848168,-1.066628483895483,0.0,0.0,0.0,0.0,0.0,0.0,0.0,0.0,0.0
SV1_C00021,0.0,0.9989994994993742,0.0,-1.81761495865627,-0.7673975625033981,1.1198362282447893,0.0,0.0,0.0,0.0,-0.7887520967514888,0.0,2.0147606261848168,-0.6537400385165864,0.0,0.0,0.0,0.0,0.0,0.0,0.0,0.0,0.0
SV1_C00022,0.0,0.9989994994993742,0.0,-1.81761495865627,-0.7673975625033981,1.1198362282447893,0.0,0.0,0.0,0.0,-0.7887520967514888,0.0,2.0147606261848168,0.17203685224120693,0.0,0.0,0.0,0.0,0.0,0.0,0.0,0.0,0.0
SV1_C00023,0.0,0.9989994994993742,0.0,-1.81761495865627,-0.7673975625033981,1.1198362282447893,0.0,0.0,0.0,0.0,-0.7887520967514888,0.0,2.0147606261848168,1.5483316701708625,0.0,0.0,0.0,0.0,0.0,0.0,0.0,0.0,0.0
SV1_C00024,0.0,0.9989994994993742,0.0,0.5490711854274148,1.2649053042958553,-1.0792957090528672,0.0,0.0,0.0,0.0,1.26528982187218,0.0,-0.8546399150512279,-1.066628483895483,0.0,0.0,0.0,0.0,0.0,0.0,0.0,0.0,0.0
SV1_C00025,0.0,0.9989994994993742,0.0,0.5490711854274148,1.2649053042958553,-1.0792957090528672,0.0,0.0,0.0,0.0,1.26528982187218,0.0,-0.8546399150512279,-0.6537400385165864,0.0,0.0,0.0,0.0,0.0,0.0,0.0,0.0,0.0
SV1_C00026,0.0,0.9989994994993742,0.0,0.5490711854274148,1.2649053042958553,-1.0792957090528672,0.0,0.0,0.0,0.0,1.26528982187218,0.0,-0.8546399150512279,0.17203685224120693,0.0,0.0,0.0,0.0,0.0,0.0,0.0,0.0,0.0
SV1_C00027,0.0,0.9989994994993742,0.0,0.5490711854274148,1.2649053042958553,-1.0792957090528672,0.0,0.0,0.0,0.0,1.26528982187218,0.0,-0.8546399150512279,1.5483316701708625,0.0,0.0,0.0,0.0,0.0,0.0,0.0,0.0,0.0
SV1_C00028,0.0,0.9989994994993742,0.0,0.5490711854274148,1.2649053042958553,-1.0792957090528672,0.0,0.0,0.0,0.0,1.26528982187218,0.0,-0.7810655421990217,-1.066628483895483,0.0,0.0,0.0,0.0,0.0,0.0,0.0,0.0,0.0
SV1_C00029,0.0,0.9989994994993742,0.0,0.5490711854274148,1.2649053042958553,-1.0792957090528672,0.0,0.0,0.0,0.0,1.26528982187218,0.0,-0.7810655421990217,-0.6537400385165864,0.0,0.0,0.0,0.0,0.0,0.0,0.0,0.0,0.0
SV1_C00030,0.0,0.9989994994993742,0.0,0.5490711854274148,1.2649053042958553,-1.0792957090528672,0.0,0.0,0.0,0.0,1.26528982187218,0.0,-0.7810655421990217,0.17203685224120693,0.0,0.0,0.0,0.0,0.0,0.0,0.0,0.0,0.0
SV1_C00031,0.0,0.9989994994993742,0.0,0.5490711854274148,1.2649053042958553,-1.0792957090528672,0.0,0.0,0.0,0.0,1.26528982187218,0.0,-0.7810655421990217,1.5483316701708625,0.0,0.0,0.0,0.0,0.0,0.0,0.0,0.0,0.0
SV1_C00032,0.0,0.9989994994993742,0.0,0.5490711854274148,1.2649053042958553,-1.0792957090528672,0.0,0.0,0.0,0.0,1.26528982187218,0.0,-0.6339167964946092,-1.066628483895483,0.0,0.0,0.0,0.0,0.0,0.0,0.0,0.0,0.0
SV1_C00033,0.0,0.9989994994993742,0.0,0.5490711854274148,1.2649053042958553,-1.0792957090528672,0.0,0.0,0.0,0.0,1.26528982187218,0.0,-0.6339167964946092,-0.6537400385165864,0.0,0.0,0.0,0.0,0.0,0.0,0.0,0.0,0.0
SV1_C00034,0.0,0.9989994994993742,0.0,0.5490711854274148,1.2649053042958553,-1.0792957090528672,0.0,0.0,0.0,0.0,1.26528982187218,0.0,-0.6339167964946092,0.17203685224120693,0.0,0.0,0.0,0.0,0.0,0.0,0.0,0.0,0.0
SV1_C00035,0.0,0.9989994994993742,0.0,0.5490711854274148,1.2649053042958553,-1.0792957090528672,0.0,0.0,0.0,0.0,1.26528982187218,0.0,-0.6339167964946092,1.5483316701708625,0.0,0.0,0.0,0.0,0.0,0.0,0.0,0.0,0.0
SV1_C00036,0.0,0.9989994994993742,0.0,0.5490711854274148,1.2649053042958553,-1.0792957090528672,0.0,0.0,0.0,0.0,1.26528982187218,0.0,-0.19247055938137156,-1.066628483895483,0.0,0.0,0.0,0.0,0.0,0.0,0.0,0.0,0.0
SV1_C00037,0.0,0.9989994994993742,0.0,0.5490711854274148,1.2649053042958553,-1.0792957090528672,0.0,0.0,0.0,0.0,1.26528982187218,0.0,-0.19247055938137156,-0.6537400385165864,0.0,0.0,0.0,0.0,0.0,0.0,0.0,0.0,0.0
SV1_C00038,0.0,0.9989994994993742,0.0,0.5490711854274148,1.2649053042958553,-1.0792957090528672,0.0,0.0,0.0,0.0,1.26528982187218,0.0,-0.19247055938137156,0.17203685224120693,0.0,0.0,0.0,0.0,0.0,0.0,0.0,0.0,0.0
SV1_C00039,0.0,0.9989994994993742,0.0,0.5490711854274148,1.2649053042958553,-1.0792957090528672,0.0,0.0,0.0,0.0,1.26528982187218,0.0,-0.19247055938137156,1.5483316701708625,0.0,0.0,0.0,0.0,0.0,0.0,0.0,0.0,0.0
SV1_C00040,0.0,0.9989994994993742,0.0,0.5490711854274148,1.2649053042958553,-1.0792957090528672,0.0,0.0,0.0,0.0,1.26528982187218,0.0,0.5432731691406911,-1.066628483895483,0.0,0.0,0.0,0.0,0.0,0.0,0.0,0.0,0.0
SV1_C00041,0.0,0.9989994994993742,0.0,0.5490711854274148,1.2649053042958553,-1.0792957090528672,0.0,0.0,0.0,0.0,1.26528982187218,0.0,0.5432731691406911,-0.6537400385165864,0.0,0.0,0.0,0.0,0.0,0.0,0.0,0.0,0.0
SV1_C00042,0.0,0.9989994994993742,0.0,0.5490711854274148,1.2649053042958553,-1.0792957090528672,0.0,0.0,0.0,0.0,1.26528982187218,0.0,0.5432731691406911,0.17203685224120693,0.0,0.0,0.0,0.0,0.0,0.0,0.0,0.0,0.0
SV1_C00043,0.0,0.9989994994993742,0.0,0.5490711854274148,1.2649053042958553,-1.0792957090528672,0.0,0.0,0.0,0.0,1.26528982187218,0.0,0.5432731691406911,1.5483316701708625,0.0,0.0,0.0,0.0,0.0,0.0,0.0,0.0,0.0
SV1_C00044,0.0,0.9989994994993742,0.0,0.5490711854274148,1.2649053042958553,-1.0792957090528672,0.0,0.0,0.0,0.0,1.26528982187218,0.0,2.0147606261848168,-1.066628483895483,0.0,0.0,0.0,0.0,0.0,0.0,0.0,0.0,0.0
SV1_C00045,0.0,0.9989994994993742,0.0,0.5490711854274148,1.2649053042958553,-1.0792957090528672,0.0,0.0,0.0,0.0,1.26528982187218,0.0,2.0147606261848168,-0.6537400385165864,0.0,0.0,0.0,0.0,0.0,0.0,0.0,0.0,0.0
SV1_C00046,0.0,0.9989994994993742,0.0,0.5490711854274148,1.2649053042958553,-1.0792957090528672,0.0,0.0,0.0,0.0,1.26528982187218,0.0,2.0147606261848168,0.17203685224120693,0.0,0.0,0.0,0.0,0.0,0.0,0.0,0.0,0.0
SV1_C00047,0.0,0.9989994994993742,0.0,0.5490711854274148,1.2649053042958553,-1.0792957090528672,0.0,0.0,0.0,0.0,1.26528982187218,0.0,2.0147606261848168,1.5483316701708625,0.0,0.0,0.0,0.0,0.0,0.0,0.0,0.0,0.0
SV1_C00048,0.0,0.9989994994993742,0.0,0.5490711854274148,1.2649053042958553,-1.0792957090528672,0.0,0.0,0.0,0.0,1.26528982187218,0.0,-0.8546399150512279,-1.066628483895483,0.0,0.0,0.0,0.0,0.0,0.0,0.0,0.0,0.0
SV1_C00049,0.0,0.9989994994993742,0.0,0.5490711854274148,1.2649053042958553,-1.0792957090528672,0.0,0.0,0.0,0.0,1.26528982187218,0.0,-0.8546399150512279,-0.6537400385165864,0.0,0.0,0.0,0.0,0.0,0.0,0.0,0.0,0.0
SV1_C00050,0.0,0.9989994994993742,0.0,0.5490711854274148,1.2649053042958553,-1.0792957090528672,0.0,0.0,0.0,0.0,1.26528982187218,0.0,-0.8546399150512279,0.17203685224120693,0.0,0.0,0.0,0.0,0.0,0.0,0.0,0.0,0.0
SV1_C00051,0.0,0.9989994994993742,0.0,0.5490711854274148,1.2649053042958553,-1.0792957090528672,0.0,0.0,0.0,0.0,1.26528982187218,0.0,-0.8546399150512279,1.5483316701708625,0.0,0.0,0.0,0.0,0.0,0.0,0.0,0.0,0.0
SV1_C00052,0.0,0.9989994994993742,0.0,0.5490711854274148,1.2649053042958553,-1.0792957090528672,0.0,0.0,0.0,0.0,1.26528982187218,0.0,-0.7810655421990217,-1.066628483895483,0.0,0.0,0.0,0.0,0.0,0.0,0.0,0.0,0.0
SV1_C00053,0.0,0.9989994994993742,0.0,0.5490711854274148,1.2649053042958553,-1.0792957090528672,0.0,0.0,0.0,0.0,1.26528982187218,0.0,-0.7810655421990217,-0.6537400385165864,0.0,0.0,0.0,0.0,0.0,0.0,0.0,0.0,0.0
SV1_C00054,0.0,0.9989994994993742,0.0,0.5490711854274148,1.2649053042958553,-1.0792957090528672,0.0,0.0,0.0,0.0,1.26528982187218,0.0,-0.7810655421990217,0.17203685224120693,0.0,0.0,0.0,0.0,0.0,0.0,0.0,0.0,0.0
SV1_C00055,0.0,0.9989994994993742,0.0,0.5490711854274148,1.2649053042958553,-1.0792957090528672,0.0,0.0,0.0,0.0,1.26528982187218,0.0,-0.7810655421990217,1.5483316701708625,0.0,0.0,0.0,0.0,0.0,0.0,0.0,0.0,0.0
SV1_C00056,0.0,0.9989994994993742,0.0,0.5490711854274148,1.2649053042958553,-1.0792957090528672,0.0,0.0,0.0,0.0,1.26528982187218,0.0,-0.6339167964946092,-1.066628483895483,0.0,0.0,0.0,0.0,0.0,0.0,0.0,0.0,0.0
SV1_C00057,0.0,0.9989994994993742,0.0,0.5490711854274148,1.2649053042958553,-1.0792957090528672,0.0,0.0,0.0,0.0,1.26528982187218,0.0,-0.6339167964946092,-0.6537400385165864,0.0,0.0,0.0,0.0,0.0,0.0,0.0,0.0,0.0
SV1_C00058,0.0,0.9989994994993742,0.0,0.5490711854274148,1.2649053042958553,-1.0792957090528672,0.0,0.0,0.0,0.0,1.26528982187218,0.0,-0.6339167964946092,0.17203685224120693,0.0,0.0,0.0,0.0,0.0,0.0,0.0,0.0,0.0
SV1_C00059,0.0,0.9989994994993742,0.0,0.5490711854274148,1.2649053042958553,-1.0792957090528672,0.0,0.0,0.0,0.0,1.26528982187218,0.0,-0.6339167964946092,1.5483316701708625,0.0,0.0,0.0,0.0,0.0,0.0,0.0,0.0,0.0
SV1_C00060,0.0,0.9989994994993742,0.0,0.5490711854274148,1.2649053042958553,-1.0792957090528672,0.0,0.0,0.0,0.0,1.26528982187218,0.0,-0.19247055938137156,-1.066628483895483,0.0,0.0,0.0,0.0,0.0,0.0,0.0,0.0,0.0
SV1_C00061,0.0,0.9989994994993742,0.0,0.5490711854274148,1.2649053042958553,-1.0792957090528672,0.0,0.0,0.0,0.0,1.26528982187218,0.0,-0.19247055938137156,-0.6537400385165864,0.0,0.0,0.0,0.0,0.0,0.0,0.0,0.0,0.0
SV1_C00062,0.0,0.9989994994993742,0.0,0.5490711854274148,1.2649053042958553,-1.0792957090528672,0.0,0.0,0.0,0.0,1.26528982187218,0.0,-0.19247055938137156,0.17203685224120693,0.0,0.0,0.0,0.0,0.0,0.0,0.0,0.0,0.0
SV1_C00063,0.0,0.9989994994993742,0.0,0.5490711854274148,1.2649053042958553,-1.0792957090528672,0.0,0.0,0.0,0.0,1.26528982187218,0.0,-0.19247055938137156,1.5483316701708625,0.0,0.0,0.0,0.0,0.0,0.0,0.0,0.0,0.0
SV1_C00064,0.0,0.9989994994993742,0.0,0.5490711854274148,1.2649053042958553,-1.0792957090528672,0.0,0.0,0.0,0.0,1.26528982187218,0.0,0.5432731691406911,-1.066628483895483,0.0,0.0,0.0,0.0,0.0,0.0,0.0,0.0,0.0
SV1_C00065,0.0,0.9989994994993742,0.0,0.5490711854274148,1.2649053042958553,-1.0792957090528672,0.0,0.0,0.0,0.0,1.26528982187218,0.0,0.5432731691406911,-0.6537400385165864,0.0,0.0,0.0,0.0,0.0,0.0,0.0,0.0,0.0
SV1_C00066,0.0,0.9989994994993742,0.0,0.5490711854274148,1.2649053042958553,-1.0792957090528672,0.0,0.0,0.0,0.0,1.26528982187218,0.0,0.5432731691406911,0.17203685224120693,0.0,0.0,0.0,0.0,0.0,0.0,0.0,0.0,0.0
SV1_C00067,0.0,0.9989994994993742,0.0,0.5490711854274148,1.2649053042958553,-1.0792957090528672,0.0,0.0,0.0,0.0,1.26528982187218,0.0,0.5432731691406911,1.5483316701708625,0.0,0.0,0.0,0.0,0.0,0.0,0.0,0.0,0.0
SV1_C00068,0.0,0.9989994994993742,0.0,0.5490711854274148,1.2649053042958553,-1.0792957090528672,0.0,0.0,0.0,0.0,1.26528982187218,0.0,2.0147606261848168,-1.066628483895483,0.0,0.0,0.0,0.0,0.0,0.0,0.0,0.0,0.0
SV1_C00069,0.0,0.9989994994993742,0.0,0.5490711854274148,1.2649053042958553,-1.0792957090528672,0.0,0.0,0.0,0.0,1.26528982187218,0.0,2.0147606261848168,-0.6537400385165864,0.0,0.0,0.0,0.0,0.0,0.0,0.0,0.0,0.0
SV1_C00070,0.0,0.9989994994993742,0.0,0.5490711854274148,1.2649053042958553,-1.0792957090528672,0.0,0.0,0.0,0.0,1.26528982187218,0.0,2.0147606261848168,0.17203685224120693,0.0,0.0,0.0,0.0,0.0,0.0,0.0,0.0,0.0
SV1_C00071,0.0,0.9989994994993742,0.0,0.5490711854274148,1.2649053042958553,-1.0792957090528672,0.0,0.0,0.0,0.0,1.26528982187218,0.0,2.0147606261848168,1.5483316701708625,0.0,0.0,0.0,0.0,0.0,0.0,0.0,0.0,0.0
SV1_C00072,0.0,0.9989994994993742,0.0,0.5490711854274148,-0.8351409913967065,-0.3143802526015084,0.0,0.0,0.0,0.0,-0.7887520967514888,0.0,-0.8546399150512279,-1.066628483895483,0.0,0.0,0.0,0.0,0.0,0.0,0.0,0.0,0.0
SV1_C00073,0.0,0.9989994994993742,0.0,0.5490711854274148,-0.8351409913967065,-0.3143802526015084,0.0,0.0,0.0,0.0,-0.7887520967514888,0.0,-0.8546399150512279,-0.6537400385165864,0.0,0.0,0.0,0.0,0.0,0.0,0.0,0.0,0.0
SV1_C00074,0.0,0.9989994994993742,0.0,0.5490711854274148,-0.8351409913967065,-0.3143802526015084,0.0,0.0,0.0,0.0,-0.7887520967514888,0.0,-0.8546399150512279,0.17203685224120693,0.0,0.0,0.0,0.0,0.0,0.0,0.0,0.0,0.0
SV1_C00075,0.0,0.9989994994993742,0.0,0.5490711854274148,-0.8351409913967065,-0.3143802526015084,0.0,0.0,0.0,0.0,-0.7887520967514888,0.0,-0.8546399150512279,1.5483316701708625,0.0,0.0,0.0,0.0,0.0,0.0,0.0,0.0,0.0
SV1_C00076,0.0,0.9989994994993742,0.0,0.5490711854274148,-0.8351409913967065,-0.3143802526015084,0.0,0.0,0.0,0.0,-0.7887520967514888,0.0,-0.7810655421990217,-1.066628483895483,0.0,0.0,0.0,0.0,0.0,0.0,0.0,0.0,0.0
SV1_C00077,0.0,0.9989994994993742,0.0,0.5490711854274148,-0.8351409913967065,-0.3143802526015084,0.0,0.0,0.0,0.0,-0.7887520967514888,0.0,-0.7810655421990217,-0.6537400385165864,0.0,0.0,0.0,0.0,0.0,0.0,0.0,0.0,0.0
SV1_C00078,0.0,0.9989994994993742,0.0,0.5490711854274148,-0.8351409913967065,-0.3143802526015084,0.0,0.0,0.0,0.0,-0.7887520967514888,0.0,-0.7810655421990217,0.17203685224120693,0.0,0.0,0.0,0.0,0.0,0.0,0.0,0.0,0.0
SV1_C00079,0.0,0.9989994994993742,0.0,0.5490711854274148,-0.8351409913967065,-0.3143802526015084,0.0,0.0,0.0,0.0,-0.7887520967514888,0.0,-0.7810655421990217,1.5483316701708625,0.0,0.0,0.0,0.0,0.0,0.0,0.0,0.0,0.0
SV1_C00080,0.0,0.9989994994993742,0.0,0.5490711854274148,-0.8351409913967065,-0.3143802526015084,0.0,0.0,0.0,0.0,-0.7887520967514888,0.0,-0.6339167964946092,-1.066628483895483,0.0,0.0,0.0,0.0,0.0,0.0,0.0,0.0,0.0
SV1_C00081,0.0,0.9989994994993742,0.0,0.5490711854274148,-0.8351409913967065,-0.3143802526015084,0.0,0.0,0.0,0.0,-0.7887520967514888,0.0,-0.6339167964946092,-0.6537400385165864,0.0,0.0,0.0,0.0,0.0,0.0,0.0,0.0,0.0
SV1_C00082,0.0,0.9989994994993742,0.0,0.5490711854274148,-0.8351409913967065,-0.3143802526015084,0.0,0.0,0.0,0.0,-0.7887520967514888,0.0,-0.6339167964946092,0.17203685224120693,0.0,0.0,0.0,0.0,0.0,0.0,0.0,0.0,0.0
SV1_C00083,0.0,0.9989994994993742,0.0,0.5490711854274148,-0.8351409913967065,-0.3143802526015084,0.0,0.0,0.0,0.0,-0.7887520967514888,0.0,-0.6339167964946092,1.5483316701708625,0.0,0.0,0.0,0.0,0.0,0.0,0.0,0.0,0.0
SV1_C00084,0.0,0.9989994994993742,0.0,0.5490711854274148,-0.8351409913967065,-0.3143802526015084,0.0,0.0,0.0,0.0,-0.7887520967514888,0.0,-0.19247055938137156,-1.066628483895483,0.0,0.0,0.0,0.0,0.0,0.0,0.0,0.0,0.0
SV1_C00085,0.0,0.9989994994993742,0.0,0.5490711854274148,-0.8351409913967065,-0.3143802526015084,0.0,0.0,0.0,0.0,-0.7887520967514888,0.0,-0.19247055938137156,-0.6537400385165864,0.0,0.0,0.0,0.0,0.0,0.0,0.0,0.0,0.0
SV1_C00086,0.0,0.9989994994993742,0.0,0.5490711854274148,-0.8351409913967065,-0.3143802526015084,0.0,0.0,0.0,0.0,-0.7887520967514888,0.0,-0.19247055938137156,0.17203685224120693,0.0,0.0,0.0,0.0,0.0,0.0,0.0,0.0,0.0
SV1_C00087,0.0,0.9989994994993742,0.0,0.5490711854274148,-0.8351409913967065,-0.3143802526015084,0.0,0.0,0.0,0.0,-0.7887520967514888,0.0,-0.19247055938137156,1.5483316701708625,0.0,0.0,0.0,0.0,0.0,0.0,0.0,0.0,0.0
SV1_C00088,0.0,0.9989994994993742,0.0,0.5490711854274148,-0.8351409913967065,-0.3143802526015084,0.0,0.0,0.0,0.0,-0.7887520967514888,0.0,0.5432731691406911,-1.066628483895483,0.0,0.0,0.0,0.0,0.0,0.0,0.0,0.0,0.0
SV1_C00089,0.0,0.9989994994993742,0.0,0.5490711854274148,-0.8351409913967065,-0.3143802526015084,0.0,0.0,0.0,0.0,-0.7887520967514888,0.0,0.5432731691406911,-0.6537400385165864,0.0,0.0,0.0,0.0,0.0,0.0,0.0,0.0,0.0
SV1_C00090,0.0,0.9989994994993742,0.0,0.5490711854274148,-0.8351409913967065,-0.3143802526015084,0.0,0.0,0.0,0.0,-0.7887520967514888,0.0,0.5432731691406911,0.17203685224120693,0.0,0.0,0.0,0.0,0.0,0.0,0.0,0.0,0.0
SV1_C00091,0.0,0.9989994994993742,0.0,0.5490711854274148,-0.8351409913967065,-0.3143802526015084,0.0,0.0,0.0,0.0,-0.7887520967514888,0.0,0.5432731691406911,1.5483316701708625,0.0,0.0,0.0,0.0,0.0,0.0,0.0,0.0,0.0
SV1_C00092,0.0,0.9989994994993742,0.0,0.5490711854274148,-0.8351409913967065,-0.3143802526015084,0.0,0.0,0.0,0.0,-0.7887520967514888,0.0,2.0147606261848168,-1.066628483895483,0.0,0.0,0.0,0.0,0.0,0.0,0.0,0.0,0.0
SV1_C00093,0.0,0.9989994994993742,0.0,0.5490711854274148,-0.8351409913967065,-0.3143802526015084,0.0,0.0,0.0,0.0,-0.7887520967514888,0.0,2.0147606261848168,-0.6537400385165864,0.0,0.0,0.0,0.0,0.0,0.0,0.0,0.0,0.0
SV1_C00094,0.0,0.9989994994993742,0.0,0.5490711854274148,-0.8351409913967065,-0.3143802526015084,0.0,0.0,0.0,0.0,-0.7887520967514888,0.0,2.0147606261848168,0.17203685224120693,0.0,0.0,0.0,0.0,0.0,0.0,0.0,0.0,0.0
SV1_C00095,0.0,0.9989994994993742,0.0,0.5490711854274148,-0.8351409913967065,-0.3143802526015084,0.0,0.0,0.0,0.0,-0.7887520967514888,0.0,2.0147606261848168,1.5483316701708625,0.0,0.0,0.0,0.0,0.0,0.0,0.0,0.0,0.0
SV1_C00096,0.0,0.9989994994993742,0.0,0.5490711854274148,-0.7673975625033981,1.1198362282447893,0.0,0.0,0.0,0.0,-0.7887520967514888,0.0,-0.8546399150512279,-1.066628483895483,0.0,0.0,0.0,0.0,0.0,0.0,0.0,0.0,0.0
SV1_C00097,0.0,0.9989994994993742,0.0,0.5490711854274148,-0.7673975625033981,1.1198362282447893,0.0,0.0,0.0,0.0,-0.7887520967514888,0.0,-0.8546399150512279,-0.6537400385165864,0.0,0.0,0.0,0.0,0.0,0.0,0.0,0.0,0.0
SV1_C00098,0.0,0.9989994994993742,0.0,0.5490711854274148,-0.7673975625033981,1.1198362282447893,0.0,0.0,0.0,0.0,-0.7887520967514888,0.0,-0.8546399150512279,0.17203685224120693,0.0,0.0,0.0,0.0,0.0,0.0,0.0,0.0,0.0
SV1_C00099,0.0,0.9989994994993742,0.0,0.5490711854274148,-0.7673975625033981,1.1198362282447893,0.0,0.0,0.0,0.0,-0.7887520967514888,0.0,-0.8546399150512279,1.5483316701708625,0.0,0.0,0.0,0.0,0.0,0.0,0.0,0.0,0.0
SV1_C00100,0.0,0.9989994994993742,0.0,0.5490711854274148,-0.7673975625033981,1.1198362282447893,0.0,0.0,0.0,0.0,-0.7887520967514888,0.0,-0.7810655421990217,-1.066628483895483,0.0,0.0,0.0,0.0,0.0,0.0,0.0,0.0,0.0
SV1_C00101,0.0,0.9989994994993742,0.0,0.5490711854274148,-0.7673975625033981,1.1198362282447893,0.0,0.0,0.0,0.0,-0.7887520967514888,0.0,-0.7810655421990217,-0.6537400385165864,0.0,0.0,0.0,0.0,0.0,0.0,0.0,0.0,0.0
SV1_C00102,0.0,0.9989994994993742,0.0,0.5490711854274148,-0.7673975625033981,1.1198362282447893,0.0,0.0,0.0,0.0,-0.7887520967514888,0.0,-0.7810655421990217,0.17203685224120693,0.0,0.0,0.0,0.0,0.0,0.0,0.0,0.0,0.0
SV1_C00103,0.0,0.9989994994993742,0.0,0.5490711854274148,-0.7673975625033981,1.1198362282447893,0.0,0.0,0.0,0.0,-0.7887520967514888,0.0,-0.7810655421990217,1.5483316701708625,0.0,0.0,0.0,0.0,0.0,0.0,0.0,0.0,0.0
SV1_C00104,0.0,0.9989994994993742,0.0,0.5490711854274148,-0.7673975625033981,1.1198362282447893,0.0,0.0,0.0,0.0,-0.7887520967514888,0.0,-0.6339167964946092,-1.066628483895483,0.0,0.0,0.0,0.0,0.0,0.0,0.0,0.0,0.0
SV1_C00105,0.0,0.9989994994993742,0.0,0.5490711854274148,-0.7673975625033981,1.1198362282447893,0.0,0.0,0.0,0.0,-0.7887520967514888,0.0,-0.6339167964946092,-0.6537400385165864,0.0,0.0,0.0,0.0,0.0,0.0,0.0,0.0,0.0
SV1_C00106,0.0,0.9989994994993742,0.0,0.5490711854274148,-0.7673975625033981,1.1198362282447893,0.0,0.0,0.0,0.0,-0.7887520967514888,0.0,-0.6339167964946092,0.17203685224120693,0.0,0.0,0.0,0.0,0.0,0.0,0.0,0.0,0.0
SV1_C00107,0.0,0.9989994994993742,0.0,0.5490711854274148,-0.7673975625033981,1.1198362282447893,0.0,0.0,0.0,0.0,-0.7887520967514888,0.0,-0.6339167964946092,1.5483316701708625,0.0,0.0,0.0,0.0,0.0,0.0,0.0,0.0,0.0
SV1_C00108,0.0,0.9989994994993742,0.0,0.5490711854274148,-0.7673975625033981,1.1198362282447893,0.0,0.0,0.0,0.0,-0.7887520967514888,0.0,-0.19247055938137156,-1.066628483895483,0.0,0.0,0.0,0.0,0.0,0.0,0.0,0.0,0.0
SV1_C00109,0.0,0.9989994994993742,0.0,0.5490711854274148,-0.7673975625033981,1.1198362282447893,0.0,0.0,0.0,0.0,-0.7887520967514888,0.0,-0.19247055938137156,-0.6537400385165864,0.0,0.0,0.0,0.0,0.0,0.0,0.0,0.0,0.0
SV1_C00110,0.0,0.9989994994993742,0.0,0.5490711854274148,-0.7673975625033981,1.1198362282447893,0.0,0.0,0.0,0.0,-0.7887520967514888,0.0,-0.19247055938137156,0.17203685224120693,0.0,0.0,0.0,0.0,0.0,0.0,0.0,0.0,0.0
SV1_C00111,0.0,0.9989994994993742,0.0,0.5490711854274148,-0.7673975625033981,1.1198362282447893,0.0,0.0,0.0,0.0,-0.7887520967514888,0.0,-0.19247055938137156,1.5483316701708625,0.0,0.0,0.0,0.0,0.0,0.0,0.0,0.0,0.0
SV1_C00112,0.0,0.9989994994993742,0.0,0.5490711854274148,-0.7673975625033981,1.1198362282447893,0.0,0.0,0.0,0.0,-0.7887520967514888,0.0,0.5432731691406911,-1.066628483895483,0.0,0.0,0.0,0.0,0.0,0.0,0.0,0.0,0.0
SV1_C00113,0.0,0.9989994994993742,0.0,0.5490711854274148,-0.7673975625033981,1.1198362282447893,0.0,0.0,0.0,0.0,-0.7887520967514888,0.0,0.5432731691406911,-0.6537400385165864,0.0,0.0,0.0,0.0,0.0,0.0,0.0,0.0,0.0
SV1_C00114,0.0,0.9989994994993742,0.0,0.5490711854274148,-0.7673975625033981,1.1198362282447893,0.0,0.0,0.0,0.0,-0.7887520967514888,0.0,0.5432731691406911,0.17203685224120693,0.0,0.0,0.0,0.0,0.0,0.0,0.0,0.0,0.0
SV1_C00115,0.0,0.9989994994993742,0.0,0.5490711854274148,-0.7673975625033981,1.1198362282447893,0.0,0.0,0.0,0.0,-0.7887520967514888,0.0,0.5432731691406911,1.5483316701708625,0.0,0.0,0.0,0.0,0.0,0.0,0.0,0.0,0.0
SV1_C00116,0.0,0.9989994994993742,0.0,0.5490711854274148,-0.7673975625033981,1.1198362282447893,0.0,0.0,0.0,0.0,-0.7887520967514888,0.0,2.0147606261848168,-1.066628483895483,0.0,0.0,0.0,0.0,0.0,0.0,0.0,0.0,0.0
SV1_C00117,0.0,0.9989994994993742,0.0,0.5490711854274148,-0.7673975625033981,1.1198362282447893,0.0,0.0,0.0,0.0,-0.7887520967514888,0.0,2.0147606261848168,-0.6537400385165864,0.0,0.0,0.0,0.0,0.0,0.0,0.0,0.0,0.0
SV1_C00118,0.0,0.9989994994993742,0.0,0.5490711854274148,-0.7673975625033981,1.1198362282447893,0.0,0.0,0.0,0.0,-0.7887520967514888,0.0,2.0147606261848168,0.17203685224120693,0.0,0.0,0.0,0.0,0.0,0.0,0.0,0.0,0.0
SV1_C00119,0.0,0.9989994994993742,0.0,0.5490711854274148,-0.7673975625033981,1.1198362282447893,0.0,0.0,0.0,0.0,-0.7887520967514888,0.0,2.0147606261848168,1.5483316701708625,0.0,0.0,0.0,0.0,0.0,0.0,0.0,0.0,0.0
SV1_C00120,0.0,0.9989994994993742,0.0,-1.81761495865627,-0.7673975625033981,1.1198362282447893,0.0,0.0,0.0,0.0,-0.7887520967514888,0.0,-0.8546399150512279,-1.066628483895483,0.0,0.0,0.0,0.0,0.0,0.0,0.0,0.0,0.0
SV1_C00121,0.0,0.9989994994993742,0.0,-1.81761495865627,-0.7673975625033981,1.1198362282447893,0.0,0.0,0.0,0.0,-0.7887520967514888,0.0,-0.8546399150512279,-0.6537400385165864,0.0,0.0,0.0,0.0,0.0,0.0,0.0,0.0,0.0
SV1_C00122,0.0,0.9989994994993742,0.0,-1.81761495865627,-0.7673975625033981,1.1198362282447893,0.0,0.0,0.0,0.0,-0.7887520967514888,0.0,-0.8546399150512279,0.17203685224120693,0.0,0.0,0.0,0.0,0.0,0.0,0.0,0.0,0.0
SV1_C00123,0.0,0.9989994994993742,0.0,-1.81761495865627,-0.7673975625033981,1.1198362282447893,0.0,0.0,0.0,0.0,-0.7887520967514888,0.0,-0.8546399150512279,1.5483316701708625,0.0,0.0,0.0,0.0,0.0,0.0,0.0,0.0,0.0
SV1_C00124,0.0,0.9989994994993742,0.0,-1.81761495865627,-0.7673975625033981,1.1198362282447893,0.0,0.0,0.0,0.0,-0.7887520967514888,0.0,-0.7810655421990217,-1.066628483895483,0.0,0.0,0.0,0.0,0.0,0.0,0.0,0.0,0.0
SV1_C00125,0.0,0.9989994994993742,0.0,-1.81761495865627,-0.7673975625033981,1.1198362282447893,0.0,0.0,0.0,0.0,-0.7887520967514888,0.0,-0.7810655421990217,-0.6537400385165864,0.0,0.0,0.0,0.0,0.0,0.0,0.0,0.0,0.0
SV1_C00126,0.0,0.9989994994993742,0.0,-1.81761495865627,-0.7673975625033981,1.1198362282447893,0.0,0.0,0.0,0.0,-0.7887520967514888,0.0,-0.7810655421990217,0.17203685224120693,0.0,0.0,0.0,0.0,0.0,0.0,0.0,0.0,0.0
SV1_C00127,0.0,0.9989994994993742,0.0,-1.81761495865627,-0.7673975625033981,1.1198362282447893,0.0,0.0,0.0,0.0,-0.7887520967514888,0.0,-0.7810655421990217,1.5483316701708625,0.0,0.0,0.0,0.0,0.0,0.0,0.0,0.0,0.0
SV1_C00128,0.0,0.9989994994993742,0.0,-1.81761495865627,-0.7673975625033981,1.1198362282447893,0.0,0.0,0.0,0.0,-0.7887520967514888,0.0,-0.6339167964946092,-1.066628483895483,0.0,0.0,0.0,0.0,0.0,0.0,0.0,0.0,0.0
SV1_C00129,0.0,0.9989994994993742,0.0,-1.81761495865627,-0.7673975625033981,1.1198362282447893,0.0,0.0,0.0,0.0,-0.7887520967514888,0.0,-0.6339167964946092,-0.6537400385165864,0.0,0.0,0.0,0.0,0.0,0.0,0.0,0.0,0.0
SV1_C00130,0.0,0.9989994994993742,0.0,-1.81761495865627,-0.7673975625033981,1.1198362282447893,0.0,0.0,0.0,0.0,-0.7887520967514888,0.0,-0.6339167964946092,0.17203685224120693,0.0,0.0,0.0,0.0,0.0,0.0,0.0,0.0,0.0
SV1_C00131,0.0,0.9989994994993742,0.0,-1.81761495865627,-0.7673975625033981,1.1198362282447893,0.0,0.0,0.0,0.0,-0.7887520967514888,0.0,-0.6339167964946092,1.5483316701708625,0.0,0.0,0.0,0.0,0.0,0.0,0.0,0.0,0.0
SV1_C00132,0.0,0.9989994994993742,0.0,-1.81761495865627,-0.7673975625033981,1.1198362282447893,0.0,0.0,0.0,0.0,-0.7887520967514888,0.0,-0.19247055938137156,-1.066628483895483,0.0,0.0,0.0,0.0,0.0,0.0,0.0,0.0,0.0
SV1_C00133,0.0,0.9989994994993742,0.0,-1.81761495865627,-0.7673975625033981,1.1198362282447893,0.0,0.0,0.0,0.0,-0.7887520967514888,0.0,-0.19247055938137156,-0.6537400385165864,0.0,0.0,0.0,0.0,0.0,0.0,0.0,0.0,0.0
SV1_C00134,0.0,0.9989994994993742,0.0,-1.81761495865627,-0.7673975625033981,1.1198362282447893,0.0,0.0,0.0,0.0,-0.7887520967514888,0.0,-0.19247055938137156,0.17203685224120693,0.0,0.0,0.0,0.0,0.0,0.0,0.0,0.0,0.0
SV1_C00135,0.0,0.9989994994993742,0.0,-1.81761495865627,-0.7673975625033981,1.1198362282447893,0.0,0.0,0.0,0.0,-0.7887520967514888,0.0,-0.19247055938137156,1.5483316701708625,0.0,0.0,0.0,0.0,0.0,0.0,0.0,0.0,0.0
SV1_C00136,0.0,0.9989994994993742,0.0,-1.81761495865627,-0.7673975625033981,1.1198362282447893,0.0,0.0,0.0,0.0,-0.7887520967514888,0.0,0.5432731691406911,-1.066628483895483,0.0,0.0,0.0,0.0,0.0,0.0,0.0,0.0,0.0
SV1_C00137,0.0,0.9989994994993742,0.0,-1.81761495865627,-0.7673975625033981,1.1198362282447893,0.0,0.0,0.0,0.0,-0.7887520967514888,0.0,0.5432731691406911,-0.6537400385165864,0.0,0.0,0.0,0.0,0.0,0.0,0.0,0.0,0.0
SV1_C00138,0.0,0.9989994994993742,0.0,-1.81761495865627,-0.7673975625033981,1.1198362282447893,0.0,0.0,0.0,0.0,-0.7887520967514888,0.0,0.5432731691406911,0.17203685224120693,0.0,0.0,0.0,0.0,0.0,0.0,0.0,0.0,0.0
SV1_C00139,0.0,0.9989994994993742,0.0,-1.81761495865627,-0.7673975625033981,1.1198362282447893,0.0,0.0,0.0,0.0,-0.7887520967514888,0.0,0.5432731691406911,1.5483316701708625,0.0,0.0,0.0,0.0,0.0,0.0,0.0,0.0,0.0
SV1_C00140,0.0,0.9989994994993742,0.0,-1.81761495865627,-0.7673975625033981,1.1198362282447893,0.0,0.0,0.0,0.0,-0.7887520967514888,0.0,2.0147606261848168,-1.066628483895483,0.0,0.0,0.0,0.0,0.0,0.0,0.0,0.0,0.0
SV1_C00141,0.0,0.9989994994993742,0.0,-1.81761495865627,-0.7673975625033981,1.1198362282447893,0.0,0.0,0.0,0.0,-0.7887520967514888,0.0,2.0147606261848168,-0.6537400385165864,0.0,0.0,0.0,0.0,0.0,0.0,0.0,0.0,0.0
SV1_C00142,0.0,0.9989994994993742,0.0,-1.81761495865627,-0.7673975625033981,1.1198362282447893,0.0,0.0,0.0,0.0,-0.7887520967514888,0.0,2.0147606261848168,0.17203685224120693,0.0,0.0,0.0,0.0,0.0,0.0,0.0,0.0,0.0
SV1_C00143,0.0,0.9989994994993742,0.0,-1.81761495865627,-0.7673975625033981,1.1198362282447893,0.0,0.0,0.0,0.0,-0.7887520967514888,0.0,2.0147606261848168,1.5483316701708625,0.0,0.0,0.0,0.0,0.0,0.0,0.0,0.0,0.0
SV1_C00144,0.0,0.9989994994993742,0.0,0.5490711854274148,1.2649053042958553,-1.0792957090528672,0.0,0.0,0.0,0.0,1.26528982187218,0.0,-0.8546399150512279,-1.066628483895483,0.0,0.0,0.0,0.0,0.0,0.0,0.0,0.0,0.0
SV1_C00145,0.0,0.9989994994993742,0.0,0.5490711854274148,1.2649053042958553,-1.0792957090528672,0.0,0.0,0.0,0.0,1.26528982187218,0.0,-0.8546399150512279,-0.6537400385165864,0.0,0.0,0.0,0.0,0.0,0.0,0.0,0.0,0.0
SV1_C00146,0.0,0.9989994994993742,0.0,0.5490711854274148,1.2649053042958553,-1.0792957090528672,0.0,0.0,0.0,0.0,1.26528982187218,0.0,-0.8546399150512279,0.17203685224120693,0.0,0.0,0.0,0.0,0.0,0.0,0.0,0.0,0.0
SV1_C00147,0.0,0.9989994994993742,0.0,0.5490711854274148,1.2649053042958553,-1.0792957090528672,0.0,0.0,0.0,0.0,1.26528982187218,0.0,-0.8546399150512279,1.5483316701708625,0.0,0.0,0.0,0.0,0.0,0.0,0.0,0.0,0.0
SV1_C00148,0.0,0.9989994994993742,0.0,0.5490711854274148,1.2649053042958553,-1.0792957090528672,0.0,0.0,0.0,0.0,1.26528982187218,0.0,-0.7810655421990217,-1.066628483895483,0.0,0.0,0.0,0.0,0.0,0.0,0.0,0.0,0.0
SV1_C00149,0.0,0.9989994994993742,0.0,0.5490711854274148,1.2649053042958553,-1.0792957090528672,0.0,0.0,0.0,0.0,1.26528982187218,0.0,-0.7810655421990217,-0.6537400385165864,0.0,0.0,0.0,0.0,0.0,0.0,0.0,0.0,0.0
SV1_C00150,0.0,0.9989994994993742,0.0,0.5490711854274148,1.2649053042958553,-1.0792957090528672,0.0,0.0,0.0,0.0,1.26528982187218,0.0,-0.7810655421990217,0.17203685224120693,0.0,0.0,0.0,0.0,0.0,0.0,0.0,0.0,0.0
SV1_C00151,0.0,0.9989994994993742,0.0,0.5490711854274148,1.2649053042958553,-1.0792957090528672,0.0,0.0,0.0,0.0,1.26528982187218,0.0,-0.7810655421990217,1.5483316701708625,0.0,0.0,0.0,0.0,0.0,0.0,0.0,0.0,0.0
SV1_C00152,0.0,0.9989994994993742,0.0,0.5490711854274148,1.2649053042958553,-1.0792957090528672,0.0,0.0,0.0,0.0,1.26528982187218,0.0,-0.6339167964946092,-1.066628483895483,0.0,0.0,0.0,0.0,0.0,0.0,0.0,0.0,0.0
SV1_C00153,0.0,0.9989994994993742,0.0,0.5490711854274148,1.2649053042958553,-1.0792957090528672,0.0,0.0,0.0,0.0,1.26528982187218,0.0,-0.6339167964946092,-0.6537400385165864,0.0,0.0,0.0,0.0,0.0,0.0,0.0,0.0,0.0
SV1_C00154,0.0,0.9989994994993742,0.0,0.5490711854274148,1.2649053042958553,-1.0792957090528672,0.0,0.0,0.0,0.0,1.26528982187218,0.0,-0.6339167964946092,0.17203685224120693,0.0,0.0,0.0,0.0,0.0,0.0,0.0,0.0,0.0
SV1_C00155,0.0,0.9989994994993742,0.0,0.5490711854274148,1.2649053042958553,-1.0792957090528672,0.0,0.0,0.0,0.0,1.26528982187218,0.0,-0.6339167964946092,1.5483316701708625,0.0,0.0,0.0,0.0,0.0,0.0,0.0,0.0,0.0
SV1_C00156,0.0,0.9989994994993742,0.0,0.5490711854274148,1.2649053042958553,-1.0792957090528672,0.0,0.0,0.0,0.0,1.26528982187218,0.0,-0.19247055938137156,-1.066628483895483,0.0,0.0,0.0,0.0,0.0,0.0,0.0,0.0,0.0
SV1_C00157,0.0,0.9989994994993742,0.0,0.5490711854274148,1.2649053042958553,-1.0792957090528672,0.0,0.0,0.0,0.0,1.26528982187218,0.0,-0.19247055938137156,-0.6537400385165864,0.0,0.0,0.0,0.0,0.0,0.0,0.0,0.0,0.0
SV1_C00158,0.0,0.9989994994993742,0.0,0.5490711854274148,1.2649053042958553,-1.0792957090528672,0.0,0.0,0.0,0.0,1.26528982187218,0.0,-0.19247055938137156,0.17203685224120693,0.0,0.0,0.0,0.0,0.0,0.0,0.0,0.0,0.0
SV1_C00159,0.0,0.9989994994993742,0.0,0.5490711854274148,1.2649053042958553,-1.0792957090528672,0.0,0.0,0.0,0.0,1.26528982187218,0.0,-0.19247055938137156,1.5483316701708625,0.0,0.0,0.0,0.0,0.0,0.0,0.0,0.0,0.0
SV1_C00160,0.0,0.9989994994993742,0.0,0.5490711854274148,1.2649053042958553,-1.0792957090528672,0.0,0.0,0.0,0.0,1.26528982187218,0.0,0.5432731691406911,-1.066628483895483,0.0,0.0,0.0,0.0,0.0,0.0,0.0,0.0,0.0
SV1_C00161,0.0,0.9989994994993742,0.0,0.5490711854274148,1.2649053042958553,-1.0792957090528672,0.0,0.0,0.0,0.0,1.26528982187218,0.0,0.5432731691406911,-0.6537400385165864,0.0,0.0,0.0,0.0,0.0,0.0,0.0,0.0,0.0
SV1_C00162,0.0,0.9989994994993742,0.0,0.5490711854274148,1.2649053042958553,-1.0792957090528672,0.0,0.0,0.0,0.0,1.26528982187218,0.0,0.5432731691406911,0.17203685224120693,0.0,0.0,0.0,0.0,0.0,0.0,0.0,0.0,0.0
SV1_C00163,0.0,0.9989994994993742,0.0,0.5490711854274148,1.2649053042958553,-1.0792957090528672,0.0,0.0,0.0,0.0,1.26528982187218,0.0,0.5432731691406911,1.5483316701708625,0.0,0.0,0.0,0.0,0.0,0.0,0.0,0.0,0.0
SV1_C00164,0.0,0.9989994994993742,0.0,0.5490711854274148,1.2649053042958553,-1.0792957090528672,0.0,0.0,0.0,0.0,1.26528982187218,0.0,2.0147606261848168,-1.066628483895483,0.0,0.0,0.0,0.0,0.0,0.0,0.0,0.0,0.0
SV1_C00165,0.0,0.9989994994993742,0.0,0.5490711854274148,1.2649053042958553,-1.0792957090528672,0.0,0.0,0.0,0.0,1.26528982187218,0.0,2.0147606261848168,-0.6537400385165864,0.0,0.0,0.0,0.0,0.0,0.0,0.0,0.0,0.0
SV1_C00166,0.0,0.9989994994993742,0.0,0.5490711854274148,1.2649053042958553,-1.0792957090528672,0.0,0.0,0.0,0.0,1.26528982187218,0.0,2.0147606261848168,0.17203685224120693,0.0,0.0,0.0,0.0,0.0,0.0,0.0,0.0,0.0
SV1_C00167,0.0,0.9989994994993742,0.0,0.5490711854274148,1.2649053042958553,-1.0792957090528672,0.0,0.0,0.0,0.0,1.26528982187218,0.0,2.0147606261848168,1.5483316701708625,0.0,0.0,0.0,0.0,0.0,0.0,0.0,0.0,0.0
SV1_C00168,0.0,0.9989994994993742,0.0,0.5490711854274148,1.2649053042958553,-1.0792957090528672,0.0,0.0,0.0,0.0,1.26528982187218,0.0,-0.8546399150512279,-1.066628483895483,0.0,0.0,0.0,0.0,0.0,0.0,0.0,0.0,0.0
SV1_C00169,0.0,0.9989994994993742,0.0,0.5490711854274148,1.2649053042958553,-1.0792957090528672,0.0,0.0,0.0,0.0,1.26528982187218,0.0,-0.8546399150512279,-0.6537400385165864,0.0,0.0,0.0,0.0,0.0,0.0,0.0,0.0,0.0
SV1_C00170,0.0,0.9989994994993742,0.0,0.5490711854274148,1.2649053042958553,-1.0792957090528672,0.0,0.0,0.0,0.0,1.26528982187218,0.0,-0.8546399150512279,0.17203685224120693,0.0,0.0,0.0,0.0,0.0,0.0,0.0,0.0,0.0
SV1_C00171,0.0,0.9989994994993742,0.0,0.5490711854274148,1.2649053042958553,-1.0792957090528672,0.0,0.0,0.0,0.0,1.26528982187218,0.0,-0.8546399150512279,1.5483316701708625,0.0,0.0,0.0,0.0,0.0,0.0,0.0,0.0,0.0
SV1_C00172,0.0,0.9989994994993742,0.0,0.5490711854274148,1.2649053042958553,-1.0792957090528672,0.0,0.0,0.0,0.0,1.26528982187218,0.0,-0.7810655421990217,-1.066628483895483,0.0,0.0,0.0,0.0,0.0,0.0,0.0,0.0,0.0
SV1_C00173,0.0,0.9989994994993742,0.0,0.5490711854274148,1.2649053042958553,-1.0792957090528672,0.0,0.0,0.0,0.0,1.26528982187218,0.0,-0.7810655421990217,-0.6537400385165864,0.0,0.0,0.0,0.0,0.0,0.0,0.0,0.0,0.0
SV1_C00174,0.0,0.9989994994993742,0.0,0.5490711854274148,1.2649053042958553,-1.0792957090528672,0.0,0.0,0.0,0.0,1.26528982187218,0.0,-0.7810655421990217,0.17203685224120693,0.0,0.0,0.0,0.0,0.0,0.0,0.0,0.0,0.0
SV1_C00175,0.0,0.9989994994993742,0.0,0.5490711854274148,1.2649053042958553,-1.0792957090528672,0.0,0.0,0.0,0.0,1.26528982187218,0.0,-0.7810655421990217,1.5483316701708625,0.0,0.0,0.0,0.0,0.0,0.0,0.0,0.0,0.0
SV1_C00176,0.0,0.9989994994993742,0.0,0.5490711854274148,1.2649053042958553,-1.0792957090528672,0.0,0.0,0.0,0.0,1.26528982187218,0.0,-0.6339167964946092,-1.066628483895483,0.0,0.0,0.0,0.0,0.0,0.0,0.0,0.0,0.0
SV1_C00177,0.0,0.9989994994993742,0.0,0.5490711854274148,1.2649053042958553,-1.0792957090528672,0.0,0.0,0.0,0.0,1.26528982187218,0.0,-0.6339167964946092,-0.6537400385165864,0.0,0.0,0.0,0.0,0.0,0.0,0.0,0.0,0.0
SV1_C00178,0.0,0.9989994994993742,0.0,0.5490711854274148,1.2649053042958553,-1.0792957090528672,0.0,0.0,0.0,0.0,1.26528982187218,0.0,-0.6339167964946092,0.17203685224120693,0.0,0.0,0.0,0.0,0.0,0.0,0.0,0.0,0.0
SV1_C00179,0.0,0.9989994994993742,0.0,0.5490711854274148,1.2649053042958553,-1.0792957090528672,0.0,0.0,0.0,0.0,1.26528982187218,0.0,-0.6339167964946092,1.5483316701708625,0.0,0.0,0.0,0.0,0.0,0.0,0.0,0.0,0.0
SV1_C00180,0.0,0.9989994994993742,0.0,0.5490711854274148,1.2649053042958553,-1.0792957090528672,0.0,0.0,0.0,0.0,1.26528982187218,0.0,-0.19247055938137156,-1.066628483895483,0.0,0.0,0.0,0.0,0.0,0.0,0.0,0.0,0.0
SV1_C00181,0.0,0.9989994994993742,0.0,0.5490711854274148,1.2649053042958553,-1.0792957090528672,0.0,0.0,0.0,0.0,1.26528982187218,0.0,-0.19247055938137156,-0.6537400385165864,0.0,0.0,0.0,0.0,0.0,0.0,0.0,0.0,0.0
SV1_C00182,0.0,0.9989994994993742,0.0,0.5490711854274148,1.2649053042958553,-1.0792957090528672,0.0,0.0,0.0,0.0,1.26528982187218,0.0,-0.19247055938137156,0.17203685224120693,0.0,0.0,0.0,0.0,0.0,0.0,0.0,0.0,0.0
SV1_C00183,0.0,0.9989994994993742,0.0,0.5490711854274148,1.2649053042958553,-1.0792957090528672,0.0,0.0,0.0,0.0,1.26528982187218,0.0,-0.19247055938137156,1.5483316701708625,0.0,0.0,0.0,0.0,0.0,0.0,0.0,0.0,0.0
SV1_C00184,0.0,0.9989994994993742,0.0,0.5490711854274148,1.2649053042958553,-1.0792957090528672,0.0,0.0,0.0,0.0,1.26528982187218,0.0,0.5432731691406911,-1.066628483895483,0.0,0.0,0.0,0.0,0.0,0.0,0.0,0.0,0.0
SV1_C00185,0.0,0.9989994994993742,0.0,0.5490711854274148,1.2649053042958553,-1.0792957090528672,0.0,0.0,0.0,0.0,1.26528982187218,0.0,0.5432731691406911,-0.6537400385165864,0.0,0.0,0.0,0.0,0.0,0.0,0.0,0.0,0.0
SV1_C00186,0.0,0.9989994994993742,0.0,0.5490711854274148,1.2649053042958553,-1.0792957090528672,0.0,0.0,0.0,0.0,1.26528982187218,0.0,0.5432731691406911,0.17203685224120693,0.0,0.0,0.0,0.0,0.0,0.0,0.0,0.0,0.0
SV1_C00187,0.0,0.9989994994993742,0.0,0.5490711854274148,1.2649053042958553,-1.0792957090528672,0.0,0.0,0.0,0.0,1.26528982187218,0.0,0.5432731691406911,1.5483316701708625,0.0,0.0,0.0,0.0,0.0,0.0,0.0,0.0,0.0
SV1_C00188,0.0,0.9989994994993742,0.0,0.5490711854274148,1.2649053042958553,-1.0792957090528672,0.0,0.0,0.0,0.0,1.26528982187218,0.0,2.0147606261848168,-1.066628483895483,0.0,0.0,0.0,0.0,0.0,0.0,0.0,0.0,0.0
SV1_C00189,0.0,0.9989994994993742,0.0,0.5490711854274148,1.2649053042958553,-1.0792957090528672,0.0,0.0,0.0,0.0,1.26528982187218,0.0,2.0147606261848168,-0.6537400385165864,0.0,0.0,0.0,0.0,0.0,0.0,0.0,0.0,0.0
SV1_C00190,0.0,0.9989994994993742,0.0,0.5490711854274148,1.2649053042958553,-1.0792957090528672,0.0,0.0,0.0,0.0,1.26528982187218,0.0,2.0147606261848168,0.17203685224120693,0.0,0.0,0.0,0.0,0.0,0.0,0.0,0.0,0.0
SV1_C00191,0.0,0.9989994994993742,0.0,0.5490711854274148,1.2649053042958553,-1.0792957090528672,0.0,0.0,0.0,0.0,1.26528982187218,0.0,2.0147606261848168,1.5483316701708625,0.0,0.0,0.0,0.0,0.0,0.0,0.0,0.0,0.0
SV1_C00192,0.0,0.9989994994993742,0.0,0.5490711854274148,-0.8351409913967065,-0.3143802526015084,0.0,0.0,0.0,0.0,-0.7887520967514888,0.0,-0.8546399150512279,-1.066628483895483,0.0,0.0,0.0,0.0,0.0,0.0,0.0,0.0,0.0
SV1_C00193,0.0,0.9989994994993742,0.0,0.5490711854274148,-0.8351409913967065,-0.3143802526015084,0.0,0.0,0.0,0.0,-0.7887520967514888,0.0,-0.8546399150512279,-0.6537400385165864,0.0,0.0,0.0,0.0,0.0,0.0,0.0,0.0,0.0
SV1_C00194,0.0,0.9989994994993742,0.0,0.5490711854274148,-0.8351409913967065,-0.3143802526015084,0.0,0.0,0.0,0.0,-0.7887520967514888,0.0,-0.8546399150512279,0.17203685224120693,0.0,0.0,0.0,0.0,0.0,0.0,0.0,0.0,0.0
SV1_C00195,0.0,0.9989994994993742,0.0,0.5490711854274148,-0.8351409913967065,-0.3143802526015084,0.0,0.0,0.0,0.0,-0.7887520967514888,0.0,-0.8546399150512279,1.5483316701708625,0.0,0.0,0.0,0.0,0.0,0.0,0.0,0.0,0.0
SV1_C00196,0.0,0.9989994994993742,0.0,0.5490711854274148,-0.8351409913967065,-0.3143802526015084,0.0,0.0,0.0,0.0,-0.7887520967514888,0.0,-0.7810655421990217,-1.066628483895483,0.0,0.0,0.0,0.0,0.0,0.0,0.0,0.0,0.0
SV1_C00197,0.0,0.9989994994993742,0.0,0.5490711854274148,-0.8351409913967065,-0.3143802526015084,0.0,0.0,0.0,0.0,-0.7887520967514888,0.0,-0.7810655421990217,-0.6537400385165864,0.0,0.0,0.0,0.0,0.0,0.0,0.0,0.0,0.0
SV1_C00198,0.0,0.9989994994993742,0.0,0.5490711854274148,-0.8351409913967065,-0.3143802526015084,0.0,0.0,0.0,0.0,-0.7887520967514888,0.0,-0.7810655421990217,0.17203685224120693,0.0,0.0,0.0,0.0,0.0,0.0,0.0,0.0,0.0
SV1_C00199,0.0,0.9989994994993742,0.0,0.5490711854274148,-0.8351409913967065,-0.3143802526015084,0.0,0.0,0.0,0.0,-0.7887520967514888,0.0,-0.7810655421990217,1.5483316701708625,0.0,0.0,0.0,0.0,0.0,0.0,0.0,0.0,0.0
SV1_C00200,0.0,0.9989994994993742,0.0,0.5490711854274148,-0.8351409913967065,-0.3143802526015084,0.0,0.0,0.0,0.0,-0.7887520967514888,0.0,-0.6339167964946092,-1.066628483895483,0.0,0.0,0.0,0.0,0.0,0.0,0.0,0.0,0.0
SV1_C00201,0.0,0.9989994994993742,0.0,0.5490711854274148,-0.8351409913967065,-0.3143802526015084,0.0,0.0,0.0,0.0,-0.7887520967514888,0.0,-0.6339167964946092,-0.6537400385165864,0.0,0.0,0.0,0.0,0.0,0.0,0.0,0.0,0.0
SV1_C00202,0.0,0.9989994994993742,0.0,0.5490711854274148,-0.8351409913967065,-0.3143802526015084,0.0,0.0,0.0,0.0,-0.7887520967514888,0.0,-0.6339167964946092,0.17203685224120693,0.0,0.0,0.0,0.0,0.0,0.0,0.0,0.0,0.0
SV1_C00203,0.0,0.9989994994993742,0.0,0.5490711854274148,-0.8351409913967065,-0.3143802526015084,0.0,0.0,0.0,0.0,-0.7887520967514888,0.0,-0.6339167964946092,1.5483316701708625,0.0,0.0,0.0,0.0,0.0,0.0,0.0,0.0,0.0
SV1_C00204,0.0,0.9989994994993742,0.0,0.5490711854274148,-0.8351409913967065,-0.3143802526015084,0.0,0.0,0.0,0.0,-0.7887520967514888,0.0,-0.19247055938137156,-1.066628483895483,0.0,0.0,0.0,0.0,0.0,0.0,0.0,0.0,0.0
SV1_C00205,0.0,0.9989994994993742,0.0,0.5490711854274148,-0.8351409913967065,-0.3143802526015084,0.0,0.0,0.0,0.0,-0.7887520967514888,0.0,-0.19247055938137156,-0.6537400385165864,0.0,0.0,0.0,0.0,0.0,0.0,0.0,0.0,0.0
SV1_C00206,0.0,0.9989994994993742,0.0,0.5490711854274148,-0.8351409913967065,-0.3143802526015084,0.0,0.0,0.0,0.0,-0.7887520967514888,0.0,-0.19247055938137156,0.17203685224120693,0.0,0.0,0.0,0.0,0.0,0.0,0.0,0.0,0.0
SV1_C00207,0.0,0.9989994994993742,0.0,0.5490711854274148,-0.8351409913967065,-0.3143802526015084,0.0,0.0,0.0,0.0,-0.7887520967514888,0.0,-0.19247055938137156,1.5483316701708625,0.0,0.0,0.0,0.0,0.0,0.0,0.0,0.0,0.0
SV1_C00208,0.0,0.9989994994993742,0.0,0.5490711854274148,-0.8351409913967065,-0.3143802526015084,0.0,0.0,0.0,0.0,-0.7887520967514888,0.0,0.5432731691406911,-1.066628483895483,0.0,0.0,0.0,0.0,0.0,0.0,0.0,0.0,0.0
SV1_C00209,0.0,0.9989994994993742,0.0,0.5490711854274148,-0.8351409913967065,-0.3143802526015084,0.0,0.0,0.0,0.0,-0.7887520967514888,0.0,0.5432731691406911,-0.6537400385165864,0.0,0.0,0.0,0.0,0.0,0.0,0.0,0.0,0.0
SV1_C00210,0.0,0.9989994994993742,0.0,0.5490711854274148,-0.8351409913967065,-0.3143802526015084,0.0,0.0,0.0,0.0,-0.7887520967514888,0.0,0.5432731691406911,0.17203685224120693,0.0,0.0,0.0,0.0,0.0,0.0,0.0,0.0,0.0
SV1_C00211,0.0,0.9989994994993742,0.0,0.5490711854274148,-0.8351409913967065,-0.3143802526015084,0.0,0.0,0.0,0.0,-0.7887520967514888,0.0,0.5432731691406911,1.5483316701708625,0.0,0.0,0.0,0.0,0.0,0.0,0.0,0.0,0.0
SV1_C00212,0.0,0.9989994994993742,0.0,0.5490711854274148,-0.8351409913967065,-0.3143802526015084,0.0,0.0,0.0,0.0,-0.7887520967514888,0.0,2.0147606261848168,-1.066628483895483,0.0,0.0,0.0,0.0,0.0,0.0,0.0,0.0,0.0
SV1_C00213,0.0,0.9989994994993742,0.0,0.5490711854274148,-0.8351409913967065,-0.3143802526015084,0.0,0.0,0.0,0.0,-0.7887520967514888,0.0,2.0147606261848168,-0.6537400385165864,0.0,0.0,0.0,0.0,0.0,0.0,0.0,0.0,0.0
SV1_C00214,0.0,0.9989994994993742,0.0,0.5490711854274148,-0.8351409913967065,-0.3143802526015084,0.0,0.0,0.0,0.0,-0.7887520967514888,0.0,2.0147606261848168,0.17203685224120693,0.0,0.0,0.0,0.0,0.0,0.0,0.0,0.0,0.0
SV1_C00215,0.0,0.9989994994993742,0.0,0.5490711854274148,-0.8351409913967065,-0.3143802526015084,0.0,0.0,0.0,0.0,-0.7887520967514888,0.0,2.0147606261848168,1.5483316701708625,0.0,0.0,0.0,0.0,0.0,0.0,0.0,0.0,0.0
SV1_C00216,0.0,0.9989994994993742,0.0,0.5490711854274148,-0.7673975625033981,1.1198362282447893,0.0,0.0,0.0,0.0,-0.7887520967514888,0.0,-0.8546399150512279,-1.066628483895483,0.0,0.0,0.0,0.0,0.0,0.0,0.0,0.0,0.0
SV1_C00217,0.0,0.9989994994993742,0.0,0.5490711854274148,-0.7673975625033981,1.1198362282447893,0.0,0.0,0.0,0.0,-0.7887520967514888,0.0,-0.8546399150512279,-0.6537400385165864,0.0,0.0,0.0,0.0,0.0,0.0,0.0,0.0,0.0
SV1_C00218,0.0,0.9989994994993742,0.0,0.5490711854274148,-0.7673975625033981,1.1198362282447893,0.0,0.0,0.0,0.0,-0.7887520967514888,0.0,-0.8546399150512279,0.17203685224120693,0.0,0.0,0.0,0.0,0.0,0.0,0.0,0.0,0.0
SV1_C00219,0.0,0.9989994994993742,0.0,0.5490711854274148,-0.7673975625033981,1.1198362282447893,0.0,0.0,0.0,0.0,-0.7887520967514888,0.0,-0.8546399150512279,1.5483316701708625,0.0,0.0,0.0,0.0,0.0,0.0,0.0,0.0,0.0
SV1_C00220,0.0,0.9989994994993742,0.0,0.5490711854274148,-0.7673975625033981,1.1198362282447893,0.0,0.0,0.0,0.0,-0.7887520967514888,0.0,-0.7810655421990217,-1.066628483895483,0.0,0.0,0.0,0.0,0.0,0.0,0.0,0.0,0.0
SV1_C00221,0.0,0.9989994994993742,0.0,0.5490711854274148,-0.7673975625033981,1.1198362282447893,0.0,0.0,0.0,0.0,-0.7887520967514888,0.0,-0.7810655421990217,-0.6537400385165864,0.0,0.0,0.0,0.0,0.0,0.0,0.0,0.0,0.0
SV1_C00222,0.0,0.9989994994993742,0.0,0.5490711854274148,-0.7673975625033981,1.1198362282447893,0.0,0.0,0.0,0.0,-0.7887520967514888,0.0,-0.7810655421990217,0.17203685224120693,0.0,0.0,0.0,0.0,0.0,0.0,0.0,0.0,0.0
SV1_C00223,0.0,0.9989994994993742,0.0,0.5490711854274148,-0.7673975625033981,1.1198362282447893,0.0,0.0,0.0,0.0,-0.7887520967514888,0.0,-0.7810655421990217,1.5483316701708625,0.0,0.0,0.0,0.0,0.0,0.0,0.0,0.0,0.0
SV1_C00224,0.0,0.9989994994993742,0.0,0.5490711854274148,-0.7673975625033981,1.1198362282447893,0.0,0.0,0.0,0.0,-0.7887520967514888,0.0,-0.6339167964946092,-1.066628483895483,0.0,0.0,0.0,0.0,0.0,0.0,0.0,0.0,0.0
SV1_C00225,0.0,0.9989994994993742,0.0,0.5490711854274148,-0.7673975625033981,1.1198362282447893,0.0,0.0,0.0,0.0,-0.7887520967514888,0.0,-0.6339167964946092,-0.6537400385165864,0.0,0.0,0.0,0.0,0.0,0.0,0.0,0.0,0.0
SV1_C00226,0.0,0.9989994994993742,0.0,0.5490711854274148,-0.7673975625033981,1.1198362282447893,0.0,0.0,0.0,0.0,-0.7887520967514888,0.0,-0.6339167964946092,0.17203685224120693,0.0,0.0,0.0,0.0,0.0,0.0,0.0,0.0,0.0
SV1_C00227,0.0,0.9989994994993742,0.0,0.5490711854274148,-0.7673975625033981,1.1198362282447893,0.0,0.0,0.0,0.0,-0.7887520967514888,0.0,-0.6339167964946092,1.5483316701708625,0.0,0.0,0.0,0.0,0.0,0.0,0.0,0.0,0.0
SV1_C00228,0.0,0.9989994994993742,0.0,0.5490711854274148,-0.7673975625033981,1.1198362282447893,0.0,0.0,0.0,0.0,-0.7887520967514888,0.0,-0.19247055938137156,-1.066628483895483,0.0,0.0,0.0,0.0,0.0,0.0,0.0,0.0,0.0
SV1_C00229,0.0,0.9989994994993742,0.0,0.5490711854274148,-0.7673975625033981,1.1198362282447893,0.0,0.0,0.0,0.0,-0.7887520967514888,0.0,-0.19247055938137156,-0.6537400385165864,0.0,0.0,0.0,0.0,0.0,0.0,0.0,0.0,0.0
SV1_C00230,0.0,0.9989994994993742,0.0,0.5490711854274148,-0.7673975625033981,1.1198362282447893,0.0,0.0,0.0,0.0,-0.7887520967514888,0.0,-0.19247055938137156,0.17203685224120693,0.0,0.0,0.0,0.0,0.0,0.0,0.0,0.0,0.0
SV1_C00231,0.0,0.9989994994993742,0.0,0.5490711854274148,-0.7673975625033981,1.1198362282447893,0.0,0.0,0.0,0.0,-0.7887520967514888,0.0,-0.19247055938137156,1.5483316701708625,0.0,0.0,0.0,0.0,0.0,0.0,0.0,0.0,0.0
SV1_C00232,0.0,0.9989994994993742,0.0,0.5490711854274148,-0.7673975625033981,1.1198362282447893,0.0,0.0,0.0,0.0,-0.7887520967514888,0.0,0.5432731691406911,-1.066628483895483,0.0,0.0,0.0,0.0,0.0,0.0,0.0,0.0,0.0
SV1_C00233,0.0,0.9989994994993742,0.0,0.5490711854274148,-0.7673975625033981,1.1198362282447893,0.0,0.0,0.0,0.0,-0.7887520967514888,0.0,0.5432731691406911,-0.6537400385165864,0.0,0.0,0.0,0.0,0.0,0.0,0.0,0.0,0.0
SV1_C00234,0.0,0.9989994994993742,0.0,0.5490711854274148,-0.7673975625033981,1.1198362282447893,0.0,0.0,0.0,0.0,-0.7887520967514888,0.0,0.5432731691406911,0.17203685224120693,0.0,0.0,0.0,0.0,0.0,0.0,0.0,0.0,0.0
SV1_C00235,0.0,0.9989994994993742,0.0,0.5490711854274148,-0.7673975625033981,1.1198362282447893,0.0,0.0,0.0,0.0,-0.7887520967514888,0.0,0.5432731691406911,1.5483316701708625,0.0,0.0,0.0,0.0,0.0,0.0,0.0,0.0,0.0
SV1_C00236,0.0,0.9989994994993742,0.0,0.5490711854274148,-0.7673975625033981,1.1198362282447893,0.0,0.0,0.0,0.0,-0.7887520967514888,0.0,2.0147606261848168,-1.066628483895483,0.0,0.0,0.0,0.0,0.0,0.0,0.0,0.0,0.0
SV1_C00237,0.0,0.9989994994993742,0.0,0.5490711854274148,-0.7673975625033981,1.1198362282447893,0.0,0.0,0.0,0.0,-0.7887520967514888,0.0,2.0147606261848168,-0.6537400385165864,0.0,0.0,0.0,0.0,0.0,0.0,0.0,0.0,0.0
SV1_C00238,0.0,0.9989994994993742,0.0,0.5490711854274148,-0.7673975625033981,1.1198362282447893,0.0,0.0,0.0,0.0,-0.7887520967514888,0.0,2.0147606261848168,0.17203685224120693,0.0,0.0,0.0,0.0,0.0,0.0,0.0,0.0,0.0
SV1_C00239,0.0,0.9989994994993742,0.0,0.5490711854274148,-0.7673975625033981,1.1198362282447893,0.0,0.0,0.0,0.0,-0.7887520967514888,0.0,2.0147606261848168,1.5483316701708625,0.0,0.0,0.0,0.0,0.0,0.0,0.0,0.0,0.0
SV1_C00240,0.0,0.9989994994993742,0.0,-1.81761495865627,-0.7673975625033981,1.1198362282447893,0.0,0.0,0.0,0.0,-0.7887520967514888,0.0,-0.8546399150512279,-1.066628483895483,0.0,0.0,0.0,0.0,0.0,0.0,0.0,0.0,0.0
SV1_C00241,0.0,0.9989994994993742,0.0,-1.81761495865627,-0.7673975625033981,1.1198362282447893,0.0,0.0,0.0,0.0,-0.7887520967514888,0.0,-0.8546399150512279,-0.6537400385165864,0.0,0.0,0.0,0.0,0.0,0.0,0.0,0.0,0.0
SV1_C00242,0.0,0.9989994994993742,0.0,-1.81761495865627,-0.7673975625033981,1.1198362282447893,0.0,0.0,0.0,0.0,-0.7887520967514888,0.0,-0.8546399150512279,0.17203685224120693,0.0,0.0,0.0,0.0,0.0,0.0,0.0,0.0,0.0
SV1_C00243,0.0,0.9989994994993742,0.0,-1.81761495865627,-0.7673975625033981,1.1198362282447893,0.0,0.0,0.0,0.0,-0.7887520967514888,0.0,-0.8546399150512279,1.5483316701708625,0.0,0.0,0.0,0.0,0.0,0.0,0.0,0.0,0.0
SV1_C00244,0.0,0.9989994994993742,0.0,-1.81761495865627,-0.7673975625033981,1.1198362282447893,0.0,0.0,0.0,0.0,-0.7887520967514888,0.0,-0.7810655421990217,-1.066628483895483,0.0,0.0,0.0,0.0,0.0,0.0,0.0,0.0,0.0
SV1_C00245,0.0,0.9989994994993742,0.0,-1.81761495865627,-0.7673975625033981,1.1198362282447893,0.0,0.0,0.0,0.0,-0.7887520967514888,0.0,-0.7810655421990217,-0.6537400385165864,0.0,0.0,0.0,0.0,0.0,0.0,0.0,0.0,0.0
SV1_C00246,0.0,0.9989994994993742,0.0,-1.81761495865627,-0.7673975625033981,1.1198362282447893,0.0,0.0,0.0,0.0,-0.7887520967514888,0.0,-0.7810655421990217,0.17203685224120693,0.0,0.0,0.0,0.0,0.0,0.0,0.0,0.0,0.0
SV1_C00247,0.0,0.9989994994993742,0.0,-1.81761495865627,-0.7673975625033981,1.1198362282447893,0.0,0.0,0.0,0.0,-0.7887520967514888,0.0,-0.7810655421990217,1.5483316701708625,0.0,0.0,0.0,0.0,0.0,0.0,0.0,0.0,0.0
SV1_C00248,0.0,0.9989994994993742,0.0,-1.81761495865627,-0.7673975625033981,1.1198362282447893,0.0,0.0,0.0,0.0,-0.7887520967514888,0.0,-0.6339167964946092,-1.066628483895483,0.0,0.0,0.0,0.0,0.0,0.0,0.0,0.0,0.0
SV1_C00249,0.0,0.9989994994993742,0.0,-1.81761495865627,-0.7673975625033981,1.1198362282447893,0.0,0.0,0.0,0.0,-0.7887520967514888,0.0,-0.6339167964946092,-0.6537400385165864,0.0,0.0,0.0,0.0,0.0,0.0,0.0,0.0,0.0
SV1_C00250,0.0,0.9989994994993742,0.0,-1.81761495865627,-0.7673975625033981,1.1198362282447893,0.0,0.0,0.0,0.0,-0.7887520967514888,0.0,-0.6339167964946092,0.17203685224120693,0.0,0.0,0.0,0.0,0.0,0.0,0.0,0.0,0.0
SV1_C00251,0.0,0.9989994994993742,0.0,-1.81761495865627,-0.7673975625033981,1.1198362282447893,0.0,0.0,0.0,0.0,-0.7887520967514888,0.0,-0.6339167964946092,1.5483316701708625,0.0,0.0,0.0,0.0,0.0,0.0,0.0,0.0,0.0
SV1_C00252,0.0,0.9989994994993742,0.0,-1.81761495865627,-0.7673975625033981,1.1198362282447893,0.0,0.0,0.0,0.0,-0.7887520967514888,0.0,-0.19247055938137156,-1.066628483895483,0.0,0.0,0.0,0.0,0.0,0.0,0.0,0.0,0.0
SV1_C00253,0.0,0.9989994994993742,0.0,-1.81761495865627,-0.7673975625033981,1.1198362282447893,0.0,0.0,0.0,0.0,-0.7887520967514888,0.0,-0.19247055938137156,-0.6537400385165864,0.0,0.0,0.0,0.0,0.0,0.0,0.0,0.0,0.0
SV1_C00254,0.0,0.9989994994993742,0.0,-1.81761495865627,-0.7673975625033981,1.1198362282447893,0.0,0.0,0.0,0.0,-0.7887520967514888,0.0,-0.19247055938137156,0.17203685224120693,0.0,0.0,0.0,0.0,0.0,0.0,0.0,0.0,0.0
SV1_C00255,0.0,0.9989994994993742,0.0,-1.81761495865627,-0.7673975625033981,1.1198362282447893,0.0,0.0,0.0,0.0,-0.7887520967514888,0.0,-0.19247055938137156,1.5483316701708625,0.0,0.0,0.0,0.0,0.0,0.0,0.0,0.0,0.0
SV1_C00256,0.0,0.9989994994993742,0.0,-1.81761495865627,-0.7673975625033981,1.1198362282447893,0.0,0.0,0.0,0.0,-0.7887520967514888,0.0,0.5432731691406911,-1.066628483895483,0.0,0.0,0.0,0.0,0.0,0.0,0.0,0.0,0.0
SV1_C00257,0.0,0.9989994994993742,0.0,-1.81761495865627,-0.7673975625033981,1.1198362282447893,0.0,0.0,0.0,0.0,-0.7887520967514888,0.0,0.5432731691406911,-0.6537400385165864,0.0,0.0,0.0,0.0,0.0,0.0,0.0,0.0,0.0
SV1_C00258,0.0,0.9989994994993742,0.0,-1.81761495865627,-0.7673975625033981,1.1198362282447893,0.0,0.0,0.0,0.0,-0.7887520967514888,0.0,0.5432731691406911,0.17203685224120693,0.0,0.0,0.0,0.0,0.0,0.0,0.0,0.0,0.0
SV1_C00259,0.0,0.9989994994993742,0.0,-1.81761495865627,-0.7673975625033981,1.1198362282447893,0.0,0.0,0.0,0.0,-0.7887520967514888,0.0,0.5432731691406911,1.5483316701708625,0.0,0.0,0.0,0.0,0.0,0.0,0.0,0.0,0.0
SV1_C00260,0.0,0.9989994994993742,0.0,-1.81761495865627,-0.7673975625033981,1.1198362282447893,0.0,0.0,0.0,0.0,-0.7887520967514888,0.0,2.0147606261848168,-1.066628483895483,0.0,0.0,0.0,0.0,0.0,0.0,0.0,0.0,0.0
SV1_C00261,0.0,0.9989994994993742,0.0,-1.81761495865627,-0.7673975625033981,1.1198362282447893,0.0,0.0,0.0,0.0,-0.7887520967514888,0.0,2.0147606261848168,-0.6537400385165864,0.0,0.0,0.0,0.0,0.0,0.0,0.0,0.0,0.0
SV1_C00262,0.0,0.9989994994993742,0.0,-1.81761495865627,-0.7673975625033981,1.1198362282447893,0.0,0.0,0.0,0.0,-0.7887520967514888,0.0,2.0147606261848168,0.17203685224120693,0.0,0.0,0.0,0.0,0.0,0.0,0.0,0.0,0.0
SV1_C00263,0.0,0.9989994994993742,0.0,-1.81761495865627,-0.7673975625033981,1.1198362282447893,0.0,0.0,0.0,0.0,-0.7887520967514888,0.0,2.0147606261848168,1.5483316701708625,0.0,0.0,0.0,0.0,0.0,0.0,0.0,0.0,0.0
SV1_C00264,0.0,0.9989994994993742,0.0,0.5490711854274148,1.2649053042958553,-1.0792957090528672,0.0,0.0,0.0,0.0,1.26528982187218,0.0,-0.8546399150512279,-1.066628483895483,0.0,0.0,0.0,0.0,0.0,0.0,0.0,0.0,0.0
SV1_C00265,0.0,0.9989994994993742,0.0,0.5490711854274148,1.2649053042958553,-1.0792957090528672,0.0,0.0,0.0,0.0,1.26528982187218,0.0,-0.8546399150512279,-0.6537400385165864,0.0,0.0,0.0,0.0,0.0,0.0,0.0,0.0,0.0
SV1_C00266,0.0,0.9989994994993742,0.0,0.5490711854274148,1.2649053042958553,-1.0792957090528672,0.0,0.0,0.0,0.0,1.26528982187218,0.0,-0.8546399150512279,0.17203685224120693,0.0,0.0,0.0,0.0,0.0,0.0,0.0,0.0,0.0
SV1_C00267,0.0,0.9989994994993742,0.0,0.5490711854274148,1.2649053042958553,-1.0792957090528672,0.0,0.0,0.0,0.0,1.26528982187218,0.0,-0.8546399150512279,1.5483316701708625,0.0,0.0,0.0,0.0,0.0,0.0,0.0,0.0,0.0
SV1_C00268,0.0,0.9989994994993742,0.0,0.5490711854274148,1.2649053042958553,-1.0792957090528672,0.0,0.0,0.0,0.0,1.26528982187218,0.0,-0.7810655421990217,-1.066628483895483,0.0,0.0,0.0,0.0,0.0,0.0,0.0,0.0,0.0
SV1_C00269,0.0,0.9989994994993742,0.0,0.5490711854274148,1.2649053042958553,-1.0792957090528672,0.0,0.0,0.0,0.0,1.26528982187218,0.0,-0.7810655421990217,-0.6537400385165864,0.0,0.0,0.0,0.0,0.0,0.0,0.0,0.0,0.0
SV1_C00270,0.0,0.9989994994993742,0.0,0.5490711854274148,1.2649053042958553,-1.0792957090528672,0.0,0.0,0.0,0.0,1.26528982187218,0.0,-0.7810655421990217,0.17203685224120693,0.0,0.0,0.0,0.0,0.0,0.0,0.0,0.0,0.0
SV1_C00271,0.0,0.9989994994993742,0.0,0.5490711854274148,1.2649053042958553,-1.0792957090528672,0.0,0.0,0.0,0.0,1.26528982187218,0.0,-0.7810655421990217,1.5483316701708625,0.0,0.0,0.0,0.0,0.0,0.0,0.0,0.0,0.0
SV1_C00272,0.0,0.9989994994993742,0.0,0.5490711854274148,1.2649053042958553,-1.0792957090528672,0.0,0.0,0.0,0.0,1.26528982187218,0.0,-0.6339167964946092,-1.066628483895483,0.0,0.0,0.0,0.0,0.0,0.0,0.0,0.0,0.0
SV1_C00273,0.0,0.9989994994993742,0.0,0.5490711854274148,1.2649053042958553,-1.0792957090528672,0.0,0.0,0.0,0.0,1.26528982187218,0.0,-0.6339167964946092,-0.6537400385165864,0.0,0.0,0.0,0.0,0.0,0.0,0.0,0.0,0.0
SV1_C00274,0.0,0.9989994994993742,0.0,0.5490711854274148,1.2649053042958553,-1.0792957090528672,0.0,0.0,0.0,0.0,1.26528982187218,0.0,-0.6339167964946092,0.17203685224120693,0.0,0.0,0.0,0.0,0.0,0.0,0.0,0.0,0.0
SV1_C00275,0.0,0.9989994994993742,0.0,0.5490711854274148,1.2649053042958553,-1.0792957090528672,0.0,0.0,0.0,0.0,1.26528982187218,0.0,-0.6339167964946092,1.5483316701708625,0.0,0.0,0.0,0.0,0.0,0.0,0.0,0.0,0.0
SV1_C00276,0.0,0.9989994994993742,0.0,0.5490711854274148,1.2649053042958553,-1.0792957090528672,0.0,0.0,0.0,0.0,1.26528982187218,0.0,-0.19247055938137156,-1.066628483895483,0.0,0.0,0.0,0.0,0.0,0.0,0.0,0.0,0.0
SV1_C00277,0.0,0.9989994994993742,0.0,0.5490711854274148,1.2649053042958553,-1.0792957090528672,0.0,0.0,0.0,0.0,1.26528982187218,0.0,-0.19247055938137156,-0.6537400385165864,0.0,0.0,0.0,0.0,0.0,0.0,0.0,0.0,0.0
SV1_C00278,0.0,0.9989994994993742,0.0,0.5490711854274148,1.2649053042958553,-1.0792957090528672,0.0,0.0,0.0,0.0,1.26528982187218,0.0,-0.19247055938137156,0.17203685224120693,0.0,0.0,0.0,0.0,0.0,0.0,0.0,0.0,0.0
SV1_C00279,0.0,0.9989994994993742,0.0,0.5490711854274148,1.2649053042958553,-1.0792957090528672,0.0,0.0,0.0,0.0,1.26528982187218,0.0,-0.19247055938137156,1.5483316701708625,0.0,0.0,0.0,0.0,0.0,0.0,0.0,0.0,0.0
SV1_C00280,0.0,0.9989994994993742,0.0,0.5490711854274148,1.2649053042958553,-1.0792957090528672,0.0,0.0,0.0,0.0,1.26528982187218,0.0,0.5432731691406911,-1.066628483895483,0.0,0.0,0.0,0.0,0.0,0.0,0.0,0.0,0.0
SV1_C00281,0.0,0.9989994994993742,0.0,0.5490711854274148,1.2649053042958553,-1.0792957090528672,0.0,0.0,0.0,0.0,1.26528982187218,0.0,0.5432731691406911,-0.6537400385165864,0.0,0.0,0.0,0.0,0.0,0.0,0.0,0.0,0.0
SV1_C00282,0.0,0.9989994994993742,0.0,0.5490711854274148,1.2649053042958553,-1.0792957090528672,0.0,0.0,0.0,0.0,1.26528982187218,0.0,0.5432731691406911,0.17203685224120693,0.0,0.0,0.0,0.0,0.0,0.0,0.0,0.0,0.0
SV1_C00283,0.0,0.9989994994993742,0.0,0.5490711854274148,1.2649053042958553,-1.0792957090528672,0.0,0.0,0.0,0.0,1.26528982187218,0.0,0.5432731691406911,1.5483316701708625,0.0,0.0,0.0,0.0,0.0,0.0,0.0,0.0,0.0
SV1_C00284,0.0,0.9989994994993742,0.0,0.5490711854274148,1.2649053042958553,-1.0792957090528672,0.0,0.0,0.0,0.0,1.26528982187218,0.0,2.0147606261848168,-1.066628483895483,0.0,0.0,0.0,0.0,0.0,0.0,0.0,0.0,0.0
SV1_C00285,0.0,0.9989994994993742,0.0,0.5490711854274148,1.2649053042958553,-1.0792957090528672,0.0,0.0,0.0,0.0,1.26528982187218,0.0,2.0147606261848168,-0.6537400385165864,0.0,0.0,0.0,0.0,0.0,0.0,0.0,0.0,0.0
SV1_C00286,0.0,0.9989994994993742,0.0,0.5490711854274148,1.2649053042958553,-1.0792957090528672,0.0,0.0,0.0,0.0,1.26528982187218,0.0,2.0147606261848168,0.17203685224120693,0.0,0.0,0.0,0.0,0.0,0.0,0.0,0.0,0.0
SV1_C00287,0.0,0.9989994994993742,0.0,0.5490711854274148,1.2649053042958553,-1.0792957090528672,0.0,0.0,0.0,0.0,1.26528982187218,0.0,2.0147606261848168,1.5483316701708625,0.0,0.0,0.0,0.0,0.0,0.0,0.0,0.0,0.0
SV1_C00288,0.0,0.9989994994993742,0.0,0.5490711854274148,1.2649053042958553,-1.0792957090528672,0.0,0.0,0.0,0.0,1.26528982187218,0.0,-0.8546399150512279,-1.066628483895483,0.0,0.0,0.0,0.0,0.0,0.0,0.0,0.0,0.0
SV1_C00289,0.0,0.9989994994993742,0.0,0.5490711854274148,1.2649053042958553,-1.0792957090528672,0.0,0.0,0.0,0.0,1.26528982187218,0.0,-0.8546399150512279,-0.6537400385165864,0.0,0.0,0.0,0.0,0.0,0.0,0.0,0.0,0.0
SV1_C00290,0.0,0.9989994994993742,0.0,0.5490711854274148,1.2649053042958553,-1.0792957090528672,0.0,0.0,0.0,0.0,1.26528982187218,0.0,-0.8546399150512279,0.17203685224120693,0.0,0.0,0.0,0.0,0.0,0.0,0.0,0.0,0.0
SV1_C00291,0.0,0.9989994994993742,0.0,0.5490711854274148,1.2649053042958553,-1.0792957090528672,0.0,0.0,0.0,0.0,1.26528982187218,0.0,-0.8546399150512279,1.5483316701708625,0.0,0.0,0.0,0.0,0.0,0.0,0.0,0.0,0.0
SV1_C00292,0.0,0.9989994994993742,0.0,0.5490711854274148,1.2649053042958553,-1.0792957090528672,0.0,0.0,0.0,0.0,1.26528982187218,0.0,-0.7810655421990217,-1.066628483895483,0.0,0.0,0.0,0.0,0.0,0.0,0.0,0.0,0.0
SV1_C00293,0.0,0.9989994994993742,0.0,0.5490711854274148,1.2649053042958553,-1.0792957090528672,0.0,0.0,0.0,0.0,1.26528982187218,0.0,-0.7810655421990217,-0.6537400385165864,0.0,0.0,0.0,0.0,0.0,0.0,0.0,0.0,0.0
SV1_C00294,0.0,0.9989994994993742,0.0,0.5490711854274148,1.2649053042958553,-1.0792957090528672,0.0,0.0,0.0,0.0,1.26528982187218,0.0,-0.7810655421990217,0.17203685224120693,0.0,0.0,0.0,0.0,0.0,0.0,0.0,0.0,0.0
SV1_C00295,0.0,0.9989994994993742,0.0,0.5490711854274148,1.2649053042958553,-1.0792957090528672,0.0,0.0,0.0,0.0,1.26528982187218,0.0,-0.7810655421990217,1.5483316701708625,0.0,0.0,0.0,0.0,0.0,0.0,0.0,0.0,0.0
SV1_C00296,0.0,0.9989994994993742,0.0,0.5490711854274148,1.2649053042958553,-1.0792957090528672,0.0,0.0,0.0,0.0,1.26528982187218,0.0,-0.6339167964946092,-1.066628483895483,0.0,0.0,0.0,0.0,0.0,0.0,0.0,0.0,0.0
SV1_C00297,0.0,0.9989994994993742,0.0,0.5490711854274148,1.2649053042958553,-1.0792957090528672,0.0,0.0,0.0,0.0,1.26528982187218,0.0,-0.6339167964946092,-0.6537400385165864,0.0,0.0,0.0,0.0,0.0,0.0,0.0,0.0,0.0
SV1_C00298,0.0,0.9989994994993742,0.0,0.5490711854274148,1.2649053042958553,-1.0792957090528672,0.0,0.0,0.0,0.0,1.26528982187218,0.0,-0.6339167964946092,0.17203685224120693,0.0,0.0,0.0,0.0,0.0,0.0,0.0,0.0,0.0
SV1_C00299,0.0,0.9989994994993742,0.0,0.5490711854274148,1.2649053042958553,-1.0792957090528672,0.0,0.0,0.0,0.0,1.26528982187218,0.0,-0.6339167964946092,1.5483316701708625,0.0,0.0,0.0,0.0,0.0,0.0,0.0,0.0,0.0
SV1_C00300,0.0,0.9989994994993742,0.0,0.5490711854274148,1.2649053042958553,-1.0792957090528672,0.0,0.0,0.0,0.0,1.26528982187218,0.0,-0.19247055938137156,-1.066628483895483,0.0,0.0,0.0,0.0,0.0,0.0,0.0,0.0,0.0
SV1_C00301,0.0,0.9989994994993742,0.0,0.5490711854274148,1.2649053042958553,-1.0792957090528672,0.0,0.0,0.0,0.0,1.26528982187218,0.0,-0.19247055938137156,-0.6537400385165864,0.0,0.0,0.0,0.0,0.0,0.0,0.0,0.0,0.0
SV1_C00302,0.0,0.9989994994993742,0.0,0.5490711854274148,1.2649053042958553,-1.0792957090528672,0.0,0.0,0.0,0.0,1.26528982187218,0.0,-0.19247055938137156,0.17203685224120693,0.0,0.0,0.0,0.0,0.0,0.0,0.0,0.0,0.0
SV1_C00303,0.0,0.9989994994993742,0.0,0.5490711854274148,1.2649053042958553,-1.0792957090528672,0.0,0.0,0.0,0.0,1.26528982187218,0.0,-0.19247055938137156,1.5483316701708625,0.0,0.0,0.0,0.0,0.0,0.0,0.0,0.0,0.0
SV1_C00304,0.0,0.9989994994993742,0.0,0.5490711854274148,1.2649053042958553,-1.0792957090528672,0.0,0.0,0.0,0.0,1.26528982187218,0.0,0.5432731691406911,-1.066628483895483,0.0,0.0,0.0,0.0,0.0,0.0,0.0,0.0,0.0
SV1_C00305,0.0,0.9989994994993742,0.0,0.5490711854274148,1.2649053042958553,-1.0792957090528672,0.0,0.0,0.0,0.0,1.26528982187218,0.0,0.5432731691406911,-0.6537400385165864,0.0,0.0,0.0,0.0,0.0,0.0,0.0,0.0,0.0
SV1_C00306,0.0,0.9989994994993742,0.0,0.5490711854274148,1.2649053042958553,-1.0792957090528672,0.0,0.0,0.0,0.0,1.26528982187218,0.0,0.5432731691406911,0.17203685224120693,0.0,0.0,0.0,0.0,0.0,0.0,0.0,0.0,0.0
SV1_C00307,0.0,0.9989994994993742,0.0,0.5490711854274148,1.2649053042958553,-1.0792957090528672,0.0,0.0,0.0,0.0,1.26528982187218,0.0,0.5432731691406911,1.5483316701708625,0.0,0.0,0.0,0.0,0.0,0.0,0.0,0.0,0.0
SV1_C00308,0.0,0.9989994994993742,0.0,0.5490711854274148,1.2649053042958553,-1.0792957090528672,0.0,0.0,0.0,0.0,1.26528982187218,0.0,2.0147606261848168,-1.066628483895483,0.0,0.0,0.0,0.0,0.0,0.0,0.0,0.0,0.0
SV1_C00309,0.0,0.9989994994993742,0.0,0.5490711854274148,1.2649053042958553,-1.0792957090528672,0.0,0.0,0.0,0.0,1.26528982187218,0.0,2.0147606261848168,-0.6537400385165864,0.0,0.0,0.0,0.0,0.0,0.0,0.0,0.0,0.0
SV1_C00310,0.0,0.9989994994993742,0.0,0.5490711854274148,1.2649053042958553,-1.0792957090528672,0.0,0.0,0.0,0.0,1.26528982187218,0.0,2.0147606261848168,0.17203685224120693,0.0,0.0,0.0,0.0,0.0,0.0,0.0,0.0,0.0
SV1_C00311,0.0,0.9989994994993742,0.0,0.5490711854274148,1.2649053042958553,-1.0792957090528672,0.0,0.0,0.0,0.0,1.26528982187218,0.0,2.0147606261848168,1.5483316701708625,0.0,0.0,0.0,0.0,0.0,0.0,0.0,0.0,0.0
SV1_C00312,0.0,0.9989994994993742,0.0,0.5490711854274148,-0.8351409913967065,-0.3143802526015084,0.0,0.0,0.0,0.0,-0.7887520967514888,0.0,-0.8546399150512279,-1.066628483895483,0.0,0.0,0.0,0.0,0.0,0.0,0.0,0.0,0.0
SV1_C00313,0.0,0.9989994994993742,0.0,0.5490711854274148,-0.8351409913967065,-0.3143802526015084,0.0,0.0,0.0,0.0,-0.7887520967514888,0.0,-0.8546399150512279,-0.6537400385165864,0.0,0.0,0.0,0.0,0.0,0.0,0.0,0.0,0.0
SV1_C00314,0.0,0.9989994994993742,0.0,0.5490711854274148,-0.8351409913967065,-0.3143802526015084,0.0,0.0,0.0,0.0,-0.7887520967514888,0.0,-0.8546399150512279,0.17203685224120693,0.0,0.0,0.0,0.0,0.0,0.0,0.0,0.0,0.0
SV1_C00315,0.0,0.9989994994993742,0.0,0.5490711854274148,-0.8351409913967065,-0.3143802526015084,0.0,0.0,0.0,0.0,-0.7887520967514888,0.0,-0.8546399150512279,1.5483316701708625,0.0,0.0,0.0,0.0,0.0,0.0,0.0,0.0,0.0
SV1_C00316,0.0,0.9989994994993742,0.0,0.5490711854274148,-0.8351409913967065,-0.3143802526015084,0.0,0.0,0.0,0.0,-0.7887520967514888,0.0,-0.7810655421990217,-1.066628483895483,0.0,0.0,0.0,0.0,0.0,0.0,0.0,0.0,0.0
SV1_C00317,0.0,0.9989994994993742,0.0,0.5490711854274148,-0.8351409913967065,-0.3143802526015084,0.0,0.0,0.0,0.0,-0.7887520967514888,0.0,-0.7810655421990217,-0.6537400385165864,0.0,0.0,0.0,0.0,0.0,0.0,0.0,0.0,0.0
SV1_C00318,0.0,0.9989994994993742,0.0,0.5490711854274148,-0.8351409913967065,-0.3143802526015084,0.0,0.0,0.0,0.0,-0.7887520967514888,0.0,-0.7810655421990217,0.17203685224120693,0.0,0.0,0.0,0.0,0.0,0.0,0.0,0.0,0.0
SV1_C00319,0.0,0.9989994994993742,0.0,0.5490711854274148,-0.8351409913967065,-0.3143802526015084,0.0,0.0,0.0,0.0,-0.7887520967514888,0.0,-0.7810655421990217,1.5483316701708625,0.0,0.0,0.0,0.0,0.0,0.0,0.0,0.0,0.0
SV1_C00320,0.0,0.9989994994993742,0.0,0.5490711854274148,-0.8351409913967065,-0.3143802526015084,0.0,0.0,0.0,0.0,-0.7887520967514888,0.0,-0.6339167964946092,-1.066628483895483,0.0,0.0,0.0,0.0,0.0,0.0,0.0,0.0,0.0
SV1_C00321,0.0,0.9989994994993742,0.0,0.5490711854274148,-0.8351409913967065,-0.3143802526015084,0.0,0.0,0.0,0.0,-0.7887520967514888,0.0,-0.6339167964946092,-0.6537400385165864,0.0,0.0,0.0,0.0,0.0,0.0,0.0,0.0,0.0
SV1_C00322,0.0,0.9989994994993742,0.0,0.5490711854274148,-0.8351409913967065,-0.3143802526015084,0.0,0.0,0.0,0.0,-0.7887520967514888,0.0,-0.6339167964946092,0.17203685224120693,0.0,0.0,0.0,0.0,0.0,0.0,0.0,0.0,0.0
SV1_C00323,0.0,0.9989994994993742,0.0,0.5490711854274148,-0.8351409913967065,-0.3143802526015084,0.0,0.0,0.0,0.0,-0.7887520967514888,0.0,-0.6339167964946092,1.5483316701708625,0.0,0.0,0.0,0.0,0.0,0.0,0.0,0.0,0.0
SV1_C00324,0.0,0.9989994994993742,0.0,0.5490711854274148,-0.8351409913967065,-0.3143802526015084,0.0,0.0,0.0,0.0,-0.7887520967514888,0.0,-0.19247055938137156,-1.066628483895483,0.0,0.0,0.0,0.0,0.0,0.0,0.0,0.0,0.0
SV1_C00325,0.0,0.9989994994993742,0.0,0.5490711854274148,-0.8351409913967065,-0.3143802526015084,0.0,0.0,0.0,0.0,-0.7887520967514888,0.0,-0.19247055938137156,-0.6537400385165864,0.0,0.0,0.0,0.0,0.0,0.0,0.0,0.0,0.0
SV1_C00326,0.0,0.9989994994993742,0.0,0.5490711854274148,-0.8351409913967065,-0.3143802526015084,0.0,0.0,0.0,0.0,-0.7887520967514888,0.0,-0.19247055938137156,0.17203685224120693,0.0,0.0,0.0,0.0,0.0,0.0,0.0,0.0,0.0
SV1_C00327,0.0,0.9989994994993742,0.0,0.5490711854274148,-0.8351409913967065,-0.3143802526015084,0.0,0.0,0.0,0.0,-0.7887520967514888,0.0,-0.19247055938137156,1.5483316701708625,0.0,0.0,0.0,0.0,0.0,0.0,0.0,0.0,0.0
SV1_C00328,0.0,0.9989994994993742,0.0,0.5490711854274148,-0.8351409913967065,-0.3143802526015084,0.0,0.0,0.0,0.0,-0.7887520967514888,0.0,0.5432731691406911,-1.066628483895483,0.0,0.0,0.0,0.0,0.0,0.0,0.0,0.0,0.0
SV1_C00329,0.0,0.9989994994993742,0.0,0.5490711854274148,-0.8351409913967065,-0.3143802526015084,0.0,0.0,0.0,0.0,-0.7887520967514888,0.0,0.5432731691406911,-0.6537400385165864,0.0,0.0,0.0,0.0,0.0,0.0,0.0,0.0,0.0
SV1_C00330,0.0,0.9989994994993742,0.0,0.5490711854274148,-0.8351409913967065,-0.3143802526015084,0.0,0.0,0.0,0.0,-0.7887520967514888,0.0,0.5432731691406911,0.17203685224120693,0.0,0.0,0.0,0.0,0.0,0.0,0.0,0.0,0.0
SV1_C00331,0.0,0.9989994994993742,0.0,0.5490711854274148,-0.8351409913967065,-0.3143802526015084,0.0,0.0,0.0,0.0,-0.7887520967514888,0.0,0.5432731691406911,1.5483316701708625,0.0,0.0,0.0,0.0,0.0,0.0,0.0,0.0,0.0
SV1_C00332,0.0,0.9989994994993742,0.0,0.5490711854274148,-0.8351409913967065,-0.3143802526015084,0.0,0.0,0.0,0.0,-0.7887520967514888,0.0,2.0147606261848168,-1.066628483895483,0.0,0.0,0.0,0.0,0.0,0.0,0.0,0.0,0.0
SV1_C00333,0.0,0.9989994994993742,0.0,0.5490711854274148,-0.8351409913967065,-0.3143802526015084,0.0,0.0,0.0,0.0,-0.7887520967514888,0.0,2.0147606261848168,-0.6537400385165864,0.0,0.0,0.0,0.0,0.0,0.0,0.0,0.0,0.0
SV1_C00334,0.0,0.9989994994993742,0.0,0.5490711854274148,-0.8351409913967065,-0.3143802526015084,0.0,0.0,0.0,0.0,-0.7887520967514888,0.0,2.0147606261848168,0.17203685224120693,0.0,0.0,0.0,0.0,0.0,0.0,0.0,0.0,0.0
SV1_C00335,0.0,0.9989994994993742,0.0,0.5490711854274148,-0.8351409913967065,-0.3143802526015084,0.0,0.0,0.0,0.0,-0.7887520967514888,0.0,2.0147606261848168,1.5483316701708625,0.0,0.0,0.0,0.0,0.0,0.0,0.0,0.0,0.0
SV1_C00336,0.0,0.9989994994993742,0.0,0.5490711854274148,-0.7673975625033981,1.1198362282447893,0.0,0.0,0.0,0.0,-0.7887520967514888,0.0,-0.8546399150512279,-1.066628483895483,0.0,0.0,0.0,0.0,0.0,0.0,0.0,0.0,0.0
SV1_C00337,0.0,0.9989994994993742,0.0,0.5490711854274148,-0.7673975625033981,1.1198362282447893,0.0,0.0,0.0,0.0,-0.7887520967514888,0.0,-0.8546399150512279,-0.6537400385165864,0.0,0.0,0.0,0.0,0.0,0.0,0.0,0.0,0.0
SV1_C00338,0.0,0.9989994994993742,0.0,0.5490711854274148,-0.7673975625033981,1.1198362282447893,0.0,0.0,0.0,0.0,-0.7887520967514888,0.0,-0.8546399150512279,0.17203685224120693,0.0,0.0,0.0,0.0,0.0,0.0,0.0,0.0,0.0
SV1_C00339,0.0,0.9989994994993742,0.0,0.5490711854274148,-0.7673975625033981,1.1198362282447893,0.0,0.0,0.0,0.0,-0.7887520967514888,0.0,-0.8546399150512279,1.5483316701708625,0.0,0.0,0.0,0.0,0.0,0.0,0.0,0.0,0.0
SV1_C00340,0.0,0.9989994994993742,0.0,0.5490711854274148,-0.7673975625033981,1.1198362282447893,0.0,0.0,0.0,0.0,-0.7887520967514888,0.0,-0.7810655421990217,-1.066628483895483,0.0,0.0,0.0,0.0,0.0,0.0,0.0,0.0,0.0
SV1_C00341,0.0,0.9989994994993742,0.0,0.5490711854274148,-0.7673975625033981,1.1198362282447893,0.0,0.0,0.0,0.0,-0.7887520967514888,0.0,-0.7810655421990217,-0.6537400385165864,0.0,0.0,0.0,0.0,0.0,0.0,0.0,0.0,0.0
SV1_C00342,0.0,0.9989994994993742,0.0,0.5490711854274148,-0.7673975625033981,1.1198362282447893,0.0,0.0,0.0,0.0,-0.7887520967514888,0.0,-0.7810655421990217,0.17203685224120693,0.0,0.0,0.0,0.0,0.0,0.0,0.0,0.0,0.0
SV1_C00343,0.0,0.9989994994993742,0.0,0.5490711854274148,-0.7673975625033981,1.1198362282447893,0.0,0.0,0.0,0.0,-0.7887520967514888,0.0,-0.7810655421990217,1.5483316701708625,0.0,0.0,0.0,0.0,0.0,0.0,0.0,0.0,0.0
SV1_C00344,0.0,0.9989994994993742,0.0,0.5490711854274148,-0.7673975625033981,1.1198362282447893,0.0,0.0,0.0,0.0,-0.7887520967514888,0.0,-0.6339167964946092,-1.066628483895483,0.0,0.0,0.0,0.0,0.0,0.0,0.0,0.0,0.0
SV1_C00345,0.0,0.9989994994993742,0.0,0.5490711854274148,-0.7673975625033981,1.1198362282447893,0.0,0.0,0.0,0.0,-0.7887520967514888,0.0,-0.6339167964946092,-0.6537400385165864,0.0,0.0,0.0,0.0,0.0,0.0,0.0,0.0,0.0
SV1_C00346,0.0,0.9989994994993742,0.0,0.5490711854274148,-0.7673975625033981,1.1198362282447893,0.0,0.0,0.0,0.0,-0.7887520967514888,0.0,-0.6339167964946092,0.17203685224120693,0.0,0.0,0.0,0.0,0.0,0.0,0.0,0.0,0.0
SV1_C00347,0.0,0.9989994994993742,0.0,0.5490711854274148,-0.7673975625033981,1.1198362282447893,0.0,0.0,0.0,0.0,-0.7887520967514888,0.0,-0.6339167964946092,1.5483316701708625,0.0,0.0,0.0,0.0,0.0,0.0,0.0,0.0,0.0
SV1_C00348,0.0,0.9989994994993742,0.0,0.5490711854274148,-0.7673975625033981,1.1198362282447893,0.0,0.0,0.0,0.0,-0.7887520967514888,0.0,-0.19247055938137156,-1.066628483895483,0.0,0.0,0.0,0.0,0.0,0.0,0.0,0.0,0.0
SV1_C00349,0.0,0.9989994994993742,0.0,0.5490711854274148,-0.7673975625033981,1.1198362282447893,0.0,0.0,0.0,0.0,-0.7887520967514888,0.0,-0.19247055938137156,-0.6537400385165864,0.0,0.0,0.0,0.0,0.0,0.0,0.0,0.0,0.0
SV1_C00350,0.0,0.9989994994993742,0.0,0.5490711854274148,-0.7673975625033981,1.1198362282447893,0.0,0.0,0.0,0.0,-0.7887520967514888,0.0,-0.19247055938137156,0.17203685224120693,0.0,0.0,0.0,0.0,0.0,0.0,0.0,0.0,0.0
SV1_C00351,0.0,0.9989994994993742,0.0,0.5490711854274148,-0.7673975625033981,1.1198362282447893,0.0,0.0,0.0,0.0,-0.7887520967514888,0.0,-0.19247055938137156,1.5483316701708625,0.0,0.0,0.0,0.0,0.0,0.0,0.0,0.0,0.0
SV1_C00352,0.0,0.9989994994993742,0.0,0.5490711854274148,-0.7673975625033981,1.1198362282447893,0.0,0.0,0.0,0.0,-0.7887520967514888,0.0,0.5432731691406911,-1.066628483895483,0.0,0.0,0.0,0.0,0.0,0.0,0.0,0.0,0.0
SV1_C00353,0.0,0.9989994994993742,0.0,0.5490711854274148,-0.7673975625033981,1.1198362282447893,0.0,0.0,0.0,0.0,-0.7887520967514888,0.0,0.5432731691406911,-0.6537400385165864,0.0,0.0,0.0,0.0,0.0,0.0,0.0,0.0,0.0
SV1_C00354,0.0,0.9989994994993742,0.0,0.5490711854274148,-0.7673975625033981,1.1198362282447893,0.0,0.0,0.0,0.0,-0.7887520967514888,0.0,0.5432731691406911,0.17203685224120693,0.0,0.0,0.0,0.0,0.0,0.0,0.0,0.0,0.0
SV1_C00355,0.0,0.9989994994993742,0.0,0.5490711854274148,-0.7673975625033981,1.1198362282447893,0.0,0.0,0.0,0.0,-0.7887520967514888,0.0,0.5432731691406911,1.5483316701708625,0.0,0.0,0.0,0.0,0.0,0.0,0.0,0.0,0.0
SV1_C00356,0.0,0.9989994994993742,0.0,0.5490711854274148,-0.7673975625033981,1.1198362282447893,0.0,0.0,0.0,0.0,-0.7887520967514888,0.0,2.0147606261848168,-1.066628483895483,0.0,0.0,0.0,0.0,0.0,0.0,0.0,0.0,0.0
SV1_C00357,0.0,0.9989994994993742,0.0,0.5490711854274148,-0.7673975625033981,1.1198362282447893,0.0,0.0,0.0,0.0,-0.7887520967514888,0.0,2.0147606261848168,-0.6537400385165864,0.0,0.0,0.0,0.0,0.0,0.0,0.0,0.0,0.0
SV1_C00358,0.0,0.9989994994993742,0.0,0.5490711854274148,-0.7673975625033981,1.1198362282447893,0.0,0.0,0.0,0.0,-0.7887520967514888,0.0,2.0147606261848168,0.17203685224120693,0.0,0.0,0.0,0.0,0.0,0.0,0.0,0.0,0.0
SV1_C00359,0.0,0.9989994994993742,0.0,0.5490711854274148,-0.7673975625033981,1.1198362282447893,0.0,0.0,0.0,0.0,-0.7887520967514888,0.0,2.0147606261848168,1.5483316701708625,0.0,0.0,0.0,0.0,0.0,0.0,0.0,0.0,0.0
SV1_C00360,0.0,0.9989994994993742,0.0,-1.81761495865627,-0.7673975625033981,1.1198362282447893,0.0,0.0,0.0,0.0,-0.7887520967514888,0.0,-0.8546399150512279,-1.066628483895483,0.0,0.0,0.0,0.0,0.0,0.0,0.0,0.0,0.0
SV1_C00361,0.0,0.9989994994993742,0.0,-1.81761495865627,-0.7673975625033981,1.1198362282447893,0.0,0.0,0.0,0.0,-0.7887520967514888,0.0,-0.8546399150512279,-0.6537400385165864,0.0,0.0,0.0,0.0,0.0,0.0,0.0,0.0,0.0
SV1_C00362,0.0,0.9989994994993742,0.0,-1.81761495865627,-0.7673975625033981,1.1198362282447893,0.0,0.0,0.0,0.0,-0.7887520967514888,0.0,-0.8546399150512279,0.17203685224120693,0.0,0.0,0.0,0.0,0.0,0.0,0.0,0.0,0.0
SV1_C00363,0.0,0.9989994994993742,0.0,-1.81761495865627,-0.7673975625033981,1.1198362282447893,0.0,0.0,0.0,0.0,-0.7887520967514888,0.0,-0.8546399150512279,1.5483316701708625,0.0,0.0,0.0,0.0,0.0,0.0,0.0,0.0,0.0
SV1_C00364,0.0,0.9989994994993742,0.0,-1.81761495865627,-0.7673975625033981,1.1198362282447893,0.0,0.0,0.0,0.0,-0.7887520967514888,0.0,-0.7810655421990217,-1.066628483895483,0.0,0.0,0.0,0.0,0.0,0.0,0.0,0.0,0.0
SV1_C00365,0.0,0.9989994994993742,0.0,-1.81761495865627,-0.7673975625033981,1.1198362282447893,0.0,0.0,0.0,0.0,-0.7887520967514888,0.0,-0.7810655421990217,-0.6537400385165864,0.0,0.0,0.0,0.0,0.0,0.0,0.0,0.0,0.0
SV1_C00366,0.0,0.9989994994993742,0.0,-1.81761495865627,-0.7673975625033981,1.1198362282447893,0.0,0.0,0.0,0.0,-0.7887520967514888,0.0,-0.7810655421990217,0.17203685224120693,0.0,0.0,0.0,0.0,0.0,0.0,0.0,0.0,0.0
SV1_C00367,0.0,0.9989994994993742,0.0,-1.81761495865627,-0.7673975625033981,1.1198362282447893,0.0,0.0,0.0,0.0,-0.7887520967514888,0.0,-0.7810655421990217,1.5483316701708625,0.0,0.0,0.0,0.0,0.0,0.0,0.0,0.0,0.0
SV1_C00368,0.0,0.9989994994993742,0.0,-1.81761495865627,-0.7673975625033981,1.1198362282447893,0.0,0.0,0.0,0.0,-0.7887520967514888,0.0,-0.6339167964946092,-1.066628483895483,0.0,0.0,0.0,0.0,0.0,0.0,0.0,0.0,0.0
SV1_C00369,0.0,0.9989994994993742,0.0,-1.81761495865627,-0.7673975625033981,1.1198362282447893,0.0,0.0,0.0,0.0,-0.7887520967514888,0.0,-0.6339167964946092,-0.6537400385165864,0.0,0.0,0.0,0.0,0.0,0.0,0.0,0.0,0.0
SV1_C00370,0.0,0.9989994994993742,0.0,-1.81761495865627,-0.7673975625033981,1.1198362282447893,0.0,0.0,0.0,0.0,-0.7887520967514888,0.0,-0.6339167964946092,0.17203685224120693,0.0,0.0,0.0,0.0,0.0,0.0,0.0,0.0,0.0
SV1_C00371,0.0,0.9989994994993742,0.0,-1.81761495865627,-0.7673975625033981,1.1198362282447893,0.0,0.0,0.0,0.0,-0.7887520967514888,0.0,-0.6339167964946092,1.5483316701708625,0.0,0.0,0.0,0.0,0.0,0.0,0.0,0.0,0.0
SV1_C00372,0.0,0.9989994994993742,0.0,-1.81761495865627,-0.7673975625033981,1.1198362282447893,0.0,0.0,0.0,0.0,-0.7887520967514888,0.0,-0.19247055938137156,-1.066628483895483,0.0,0.0,0.0,0.0,0.0,0.0,0.0,0.0,0.0
SV1_C00373,0.0,0.9989994994993742,0.0,-1.81761495865627,-0.7673975625033981,1.1198362282447893,0.0,0.0,0.0,0.0,-0.7887520967514888,0.0,-0.19247055938137156,-0.6537400385165864,0.0,0.0,0.0,0.0,0.0,0.0,0.0,0.0,0.0
SV1_C00374,0.0,0.9989994994993742,0.0,-1.81761495865627,-0.7673975625033981,1.1198362282447893,0.0,0.0,0.0,0.0,-0.7887520967514888,0.0,-0.19247055938137156,0.17203685224120693,0.0,0.0,0.0,0.0,0.0,0.0,0.0,0.0,0.0
SV1_C00375,0.0,0.9989994994993742,0.0,-1.81761495865627,-0.7673975625033981,1.1198362282447893,0.0,0.0,0.0,0.0,-0.7887520967514888,0.0,-0.19247055938137156,1.5483316701708625,0.0,0.0,0.0,0.0,0.0,0.0,0.0,0.0,0.0
SV1_C00376,0.0,0.9989994994993742,0.0,-1.81761495865627,-0.7673975625033981,1.1198362282447893,0.0,0.0,0.0,0.0,-0.7887520967514888,0.0,0.5432731691406911,-1.066628483895483,0.0,0.0,0.0,0.0,0.0,0.0,0.0,0.0,0.0
SV1_C00377,0.0,0.9989994994993742,0.0,-1.81761495865627,-0.7673975625033981,1.1198362282447893,0.0,0.0,0.0,0.0,-0.7887520967514888,0.0,0.5432731691406911,-0.6537400385165864,0.0,0.0,0.0,0.0,0.0,0.0,0.0,0.0,0.0
SV1_C00378,0.0,0.9989994994993742,0.0,-1.81761495865627,-0.7673975625033981,1.1198362282447893,0.0,0.0,0.0,0.0,-0.7887520967514888,0.0,0.5432731691406911,0.17203685224120693,0.0,0.0,0.0,0.0,0.0,0.0,0.0,0.0,0.0
SV1_C00379,0.0,0.9989994994993742,0.0,-1.81761495865627,-0.7673975625033981,1.1198362282447893,0.0,0.0,0.0,0.0,-0.7887520967514888,0.0,0.5432731691406911,1.5483316701708625,0.0,0.0,0.0,0.0,0.0,0.0,0.0,0.0,0.0
SV1_C00380,0.0,0.9989994994993742,0.0,-1.81761495865627,-0.7673975625033981,1.1198362282447893,0.0,0.0,0.0,0.0,-0.7887520967514888,0.0,2.0147606261848168,-1.066628483895483,0.0,0.0,0.0,0.0,0.0,0.0,0.0,0.0,0.0
SV1_C00381,0.0,0.9989994994993742,0.0,-1.81761495865627,-0.7673975625033981,1.1198362282447893,0.0,0.0,0.0,0.0,-0.7887520967514888,0.0,2.0147606261848168,-0.6537400385165864,0.0,0.0,0.0,0.0,0.0,0.0,0.0,0.0,0.0
SV1_C00382,0.0,0.9989994994993742,0.0,-1.81761495865627,-0.7673975625033981,1.1198362282447893,0.0,0.0,0.0,0.0,-0.7887520967514888,0.0,2.0147606261848168,0.17203685224120693,0.0,0.0,0.0,0.0,0.0,0.0,0.0,0.0,0.0
SV1_C00383,0.0,0.9989994994993742,0.0,-1.81761495865627,-0.7673975625033981,1.1198362282447893,0.0,0.0,0.0,0.0,-0.7887520967514888,0.0,2.0147606261848168,1.5483316701708625,0.0,0.0,0.0,0.0,0.0,0.0,0.0,0.0,0.0
SV1_C00384,0.0,0.9989994994993742,0.0,0.5490711854274148,1.2649053042958553,-1.0792957090528672,0.0,0.0,0.0,0.0,1.26528982187218,0.0,-0.8546399150512279,-1.066628483895483,0.0,0.0,0.0,0.0,0.0,0.0,0.0,0.0,0.0
SV1_C00385,0.0,0.9989994994993742,0.0,0.5490711854274148,1.2649053042958553,-1.0792957090528672,0.0,0.0,0.0,0.0,1.26528982187218,0.0,-0.8546399150512279,-0.6537400385165864,0.0,0.0,0.0,0.0,0.0,0.0,0.0,0.0,0.0
SV1_C00386,0.0,0.9989994994993742,0.0,0.5490711854274148,1.2649053042958553,-1.0792957090528672,0.0,0.0,0.0,0.0,1.26528982187218,0.0,-0.8546399150512279,0.17203685224120693,0.0,0.0,0.0,0.0,0.0,0.0,0.0,0.0,0.0
SV1_C00387,0.0,0.9989994994993742,0.0,0.5490711854274148,1.2649053042958553,-1.0792957090528672,0.0,0.0,0.0,0.0,1.26528982187218,0.0,-0.8546399150512279,1.5483316701708625,0.0,0.0,0.0,0.0,0.0,0.0,0.0,0.0,0.0
SV1_C00388,0.0,0.9989994994993742,0.0,0.5490711854274148,1.2649053042958553,-1.0792957090528672,0.0,0.0,0.0,0.0,1.26528982187218,0.0,-0.7810655421990217,-1.066628483895483,0.0,0.0,0.0,0.0,0.0,0.0,0.0,0.0,0.0
SV1_C00389,0.0,0.9989994994993742,0.0,0.5490711854274148,1.2649053042958553,-1.0792957090528672,0.0,0.0,0.0,0.0,1.26528982187218,0.0,-0.7810655421990217,-0.6537400385165864,0.0,0.0,0.0,0.0,0.0,0.0,0.0,0.0,0.0
SV1_C00390,0.0,0.9989994994993742,0.0,0.5490711854274148,1.2649053042958553,-1.0792957090528672,0.0,0.0,0.0,0.0,1.26528982187218,0.0,-0.7810655421990217,0.17203685224120693,0.0,0.0,0.0,0.0,0.0,0.0,0.0,0.0,0.0
SV1_C00391,0.0,0.9989994994993742,0.0,0.5490711854274148,1.2649053042958553,-1.0792957090528672,0.0,0.0,0.0,0.0,1.26528982187218,0.0,-0.7810655421990217,1.5483316701708625,0.0,0.0,0.0,0.0,0.0,0.0,0.0,0.0,0.0
SV1_C00392,0.0,0.9989994994993742,0.0,0.5490711854274148,1.2649053042958553,-1.0792957090528672,0.0,0.0,0.0,0.0,1.26528982187218,0.0,-0.6339167964946092,-1.066628483895483,0.0,0.0,0.0,0.0,0.0,0.0,0.0,0.0,0.0
SV1_C00393,0.0,0.9989994994993742,0.0,0.5490711854274148,1.2649053042958553,-1.0792957090528672,0.0,0.0,0.0,0.0,1.26528982187218,0.0,-0.6339167964946092,-0.6537400385165864,0.0,0.0,0.0,0.0,0.0,0.0,0.0,0.0,0.0
SV1_C00394,0.0,0.9989994994993742,0.0,0.5490711854274148,1.2649053042958553,-1.0792957090528672,0.0,0.0,0.0,0.0,1.26528982187218,0.0,-0.6339167964946092,0.17203685224120693,0.0,0.0,0.0,0.0,0.0,0.0,0.0,0.0,0.0
SV1_C00395,0.0,0.9989994994993742,0.0,0.5490711854274148,1.2649053042958553,-1.0792957090528672,0.0,0.0,0.0,0.0,1.26528982187218,0.0,-0.6339167964946092,1.5483316701708625,0.0,0.0,0.0,0.0,0.0,0.0,0.0,0.0,0.0
SV1_C00396,0.0,0.9989994994993742,0.0,0.5490711854274148,1.2649053042958553,-1.0792957090528672,0.0,0.0,0.0,0.0,1.26528982187218,0.0,-0.19247055938137156,-1.066628483895483,0.0,0.0,0.0,0.0,0.0,0.0,0.0,0.0,0.0
SV1_C00397,0.0,0.9989994994993742,0.0,0.5490711854274148,1.2649053042958553,-1.0792957090528672,0.0,0.0,0.0,0.0,1.26528982187218,0.0,-0.19247055938137156,-0.6537400385165864,0.0,0.0,0.0,0.0,0.0,0.0,0.0,0.0,0.0
SV1_C00398,0.0,0.9989994994993742,0.0,0.5490711854274148,1.2649053042958553,-1.0792957090528672,0.0,0.0,0.0,0.0,1.26528982187218,0.0,-0.19247055938137156,0.17203685224120693,0.0,0.0,0.0,0.0,0.0,0.0,0.0,0.0,0.0
SV1_C00399,0.0,0.9989994994993742,0.0,0.5490711854274148,1.2649053042958553,-1.0792957090528672,0.0,0.0,0.0,0.0,1.26528982187218,0.0,-0.19247055938137156,1.5483316701708625,0.0,0.0,0.0,0.0,0.0,0.0,0.0,0.0,0.0
SV1_C00400,0.0,0.9989994994993742,0.0,0.5490711854274148,1.2649053042958553,-1.0792957090528672,0.0,0.0,0.0,0.0,1.26528982187218,0.0,0.5432731691406911,-1.066628483895483,0.0,0.0,0.0,0.0,0.0,0.0,0.0,0.0,0.0
SV1_C00401,0.0,0.9989994994993742,0.0,0.5490711854274148,1.2649053042958553,-1.0792957090528672,0.0,0.0,0.0,0.0,1.26528982187218,0.0,0.5432731691406911,-0.6537400385165864,0.0,0.0,0.0,0.0,0.0,0.0,0.0,0.0,0.0
SV1_C00402,0.0,0.9989994994993742,0.0,0.5490711854274148,1.2649053042958553,-1.0792957090528672,0.0,0.0,0.0,0.0,1.26528982187218,0.0,0.5432731691406911,0.17203685224120693,0.0,0.0,0.0,0.0,0.0,0.0,0.0,0.0,0.0
SV1_C00403,0.0,0.9989994994993742,0.0,0.5490711854274148,1.2649053042958553,-1.0792957090528672,0.0,0.0,0.0,0.0,1.26528982187218,0.0,0.5432731691406911,1.5483316701708625,0.0,0.0,0.0,0.0,0.0,0.0,0.0,0.0,0.0
SV1_C00404,0.0,0.9989994994993742,0.0,0.5490711854274148,1.2649053042958553,-1.0792957090528672,0.0,0.0,0.0,0.0,1.26528982187218,0.0,2.0147606261848168,-1.066628483895483,0.0,0.0,0.0,0.0,0.0,0.0,0.0,0.0,0.0
SV1_C00405,0.0,0.9989994994993742,0.0,0.5490711854274148,1.2649053042958553,-1.0792957090528672,0.0,0.0,0.0,0.0,1.26528982187218,0.0,2.0147606261848168,-0.6537400385165864,0.0,0.0,0.0,0.0,0.0,0.0,0.0,0.0,0.0
SV1_C00406,0.0,0.9989994994993742,0.0,0.5490711854274148,1.2649053042958553,-1.0792957090528672,0.0,0.0,0.0,0.0,1.26528982187218,0.0,2.0147606261848168,0.17203685224120693,0.0,0.0,0.0,0.0,0.0,0.0,0.0,0.0,0.0
SV1_C00407,0.0,0.9989994994993742,0.0,0.5490711854274148,1.2649053042958553,-1.0792957090528672,0.0,0.0,0.0,0.0,1.26528982187218,0.0,2.0147606261848168,1.5483316701708625,0.0,0.0,0.0,0.0,0.0,0.0,0.0,0.0,0.0
SV1_C00408,0.0,0.9989994994993742,0.0,0.5490711854274148,1.2649053042958553,-1.0792957090528672,0.0,0.0,0.0,0.0,1.26528982187218,0.0,-0.8546399150512279,-1.066628483895483,0.0,0.0,0.0,0.0,0.0,0.0,0.0,0.0,0.0
SV1_C00409,0.0,0.9989994994993742,0.0,0.5490711854274148,1.2649053042958553,-1.0792957090528672,0.0,0.0,0.0,0.0,1.26528982187218,0.0,-0.8546399150512279,-0.6537400385165864,0.0,0.0,0.0,0.0,0.0,0.0,0.0,0.0,0.0
SV1_C00410,0.0,0.9989994994993742,0.0,0.5490711854274148,1.2649053042958553,-1.0792957090528672,0.0,0.0,0.0,0.0,1.26528982187218,0.0,-0.8546399150512279,0.17203685224120693,0.0,0.0,0.0,0.0,0.0,0.0,0.0,0.0,0.0
SV1_C00411,0.0,0.9989994994993742,0.0,0.5490711854274148,1.2649053042958553,-1.0792957090528672,0.0,0.0,0.0,0.0,1.26528982187218,0.0,-0.8546399150512279,1.5483316701708625,0.0,0.0,0.0,0.0,0.0,0.0,0.0,0.0,0.0
SV1_C00412,0.0,0.9989994994993742,0.0,0.5490711854274148,1.2649053042958553,-1.0792957090528672,0.0,0.0,0.0,0.0,1.26528982187218,0.0,-0.7810655421990217,-1.066628483895483,0.0,0.0,0.0,0.0,0.0,0.0,0.0,0.0,0.0
SV1_C00413,0.0,0.9989994994993742,0.0,0.5490711854274148,1.2649053042958553,-1.0792957090528672,0.0,0.0,0.0,0.0,1.26528982187218,0.0,-0.7810655421990217,-0.6537400385165864,0.0,0.0,0.0,0.0,0.0,0.0,0.0,0.0,0.0
SV1_C00414,0.0,0.9989994994993742,0.0,0.5490711854274148,1.2649053042958553,-1.0792957090528672,0.0,0.0,0.0,0.0,1.26528982187218,0.0,-0.7810655421990217,0.17203685224120693,0.0,0.0,0.0,0.0,0.0,0.0,0.0,0.0,0.0
SV1_C00415,0.0,0.9989994994993742,0.0,0.5490711854274148,1.2649053042958553,-1.0792957090528672,0.0,0.0,0.0,0.0,1.26528982187218,0.0,-0.7810655421990217,1.5483316701708625,0.0,0.0,0.0,0.0,0.0,0.0,0.0,0.0,0.0
SV1_C00416,0.0,0.9989994994993742,0.0,0.5490711854274148,1.2649053042958553,-1.0792957090528672,0.0,0.0,0.0,0.0,1.26528982187218,0.0,-0.6339167964946092,-1.066628483895483,0.0,0.0,0.0,0.0,0.0,0.0,0.0,0.0,0.0
SV1_C00417,0.0,0.9989994994993742,0.0,0.5490711854274148,1.2649053042958553,-1.0792957090528672,0.0,0.0,0.0,0.0,1.26528982187218,0.0,-0.6339167964946092,-0.6537400385165864,0.0,0.0,0.0,0.0,0.0,0.0,0.0,0.0,0.0
SV1_C00418,0.0,0.9989994994993742,0.0,0.5490711854274148,1.2649053042958553,-1.0792957090528672,0.0,0.0,0.0,0.0,1.26528982187218,0.0,-0.6339167964946092,0.17203685224120693,0.0,0.0,0.0,0.0,0.0,0.0,0.0,0.0,0.0
SV1_C00419,0.0,0.9989994994993742,0.0,0.5490711854274148,1.2649053042958553,-1.0792957090528672,0.0,0.0,0.0,0.0,1.26528982187218,0.0,-0.6339167964946092,1.5483316701708625,0.0,0.0,0.0,0.0,0.0,0.0,0.0,0.0,0.0
SV1_C00420,0.0,0.9989994994993742,0.0,0.5490711854274148,1.2649053042958553,-1.0792957090528672,0.0,0.0,0.0,0.0,1.26528982187218,0.0,-0.19247055938137156,-1.066628483895483,0.0,0.0,0.0,0.0,0.0,0.0,0.0,0.0,0.0
SV1_C00421,0.0,0.9989994994993742,0.0,0.5490711854274148,1.2649053042958553,-1.0792957090528672,0.0,0.0,0.0,0.0,1.26528982187218,0.0,-0.19247055938137156,-0.6537400385165864,0.0,0.0,0.0,0.0,0.0,0.0,0.0,0.0,0.0
SV1_C00422,0.0,0.9989994994993742,0.0,0.5490711854274148,1.2649053042958553,-1.0792957090528672,0.0,0.0,0.0,0.0,1.26528982187218,0.0,-0.19247055938137156,0.17203685224120693,0.0,0.0,0.0,0.0,0.0,0.0,0.0,0.0,0.0
SV1_C00423,0.0,0.9989994994993742,0.0,0.5490711854274148,1.2649053042958553,-1.0792957090528672,0.0,0.0,0.0,0.0,1.26528982187218,0.0,-0.19247055938137156,1.5483316701708625,0.0,0.0,0.0,0.0,0.0,0.0,0.0,0.0,0.0
SV1_C00424,0.0,0.9989994994993742,0.0,0.5490711854274148,1.2649053042958553,-1.0792957090528672,0.0,0.0,0.0,0.0,1.26528982187218,0.0,0.5432731691406911,-1.066628483895483,0.0,0.0,0.0,0.0,0.0,0.0,0.0,0.0,0.0
SV1_C00425,0.0,0.9989994994993742,0.0,0.5490711854274148,1.2649053042958553,-1.0792957090528672,0.0,0.0,0.0,0.0,1.26528982187218,0.0,0.5432731691406911,-0.6537400385165864,0.0,0.0,0.0,0.0,0.0,0.0,0.0,0.0,0.0
SV1_C00426,0.0,0.9989994994993742,0.0,0.5490711854274148,1.2649053042958553,-1.0792957090528672,0.0,0.0,0.0,0.0,1.26528982187218,0.0,0.5432731691406911,0.17203685224120693,0.0,0.0,0.0,0.0,0.0,0.0,0.0,0.0,0.0
SV1_C00427,0.0,0.9989994994993742,0.0,0.5490711854274148,1.2649053042958553,-1.0792957090528672,0.0,0.0,0.0,0.0,1.26528982187218,0.0,0.5432731691406911,1.5483316701708625,0.0,0.0,0.0,0.0,0.0,0.0,0.0,0.0,0.0
SV1_C00428,0.0,0.9989994994993742,0.0,0.5490711854274148,1.2649053042958553,-1.0792957090528672,0.0,0.0,0.0,0.0,1.26528982187218,0.0,2.0147606261848168,-1.066628483895483,0.0,0.0,0.0,0.0,0.0,0.0,0.0,0.0,0.0
SV1_C00429,0.0,0.9989994994993742,0.0,0.5490711854274148,1.2649053042958553,-1.0792957090528672,0.0,0.0,0.0,0.0,1.26528982187218,0.0,2.0147606261848168,-0.6537400385165864,0.0,0.0,0.0,0.0,0.0,0.0,0.0,0.0,0.0
SV1_C00430,0.0,0.9989994994993742,0.0,0.5490711854274148,1.2649053042958553,-1.0792957090528672,0.0,0.0,0.0,0.0,1.26528982187218,0.0,2.0147606261848168,0.17203685224120693,0.0,0.0,0.0,0.0,0.0,0.0,0.0,0.0,0.0
SV1_C00431,0.0,0.9989994994993742,0.0,0.5490711854274148,1.2649053042958553,-1.0792957090528672,0.0,0.0,0.0,0.0,1.26528982187218,0.0,2.0147606261848168,1.5483316701708625,0.0,0.0,0.0,0.0,0.0,0.0,0.0,0.0,0.0
SV1_C00432,0.0,0.9989994994993742,0.0,0.5490711854274148,-0.8351409913967065,-0.3143802526015084,0.0,0.0,0.0,0.0,-0.7887520967514888,0.0,-0.8546399150512279,-1.066628483895483,0.0,0.0,0.0,0.0,0.0,0.0,0.0,0.0,0.0
SV1_C00433,0.0,0.9989994994993742,0.0,0.5490711854274148,-0.8351409913967065,-0.3143802526015084,0.0,0.0,0.0,0.0,-0.7887520967514888,0.0,-0.8546399150512279,-0.6537400385165864,0.0,0.0,0.0,0.0,0.0,0.0,0.0,0.0,0.0
SV1_C00434,0.0,0.9989994994993742,0.0,0.5490711854274148,-0.8351409913967065,-0.3143802526015084,0.0,0.0,0.0,0.0,-0.7887520967514888,0.0,-0.8546399150512279,0.17203685224120693,0.0,0.0,0.0,0.0,0.0,0.0,0.0,0.0,0.0
SV1_C00435,0.0,0.9989994994993742,0.0,0.5490711854274148,-0.8351409913967065,-0.3143802526015084,0.0,0.0,0.0,0.0,-0.7887520967514888,0.0,-0.8546399150512279,1.5483316701708625,0.0,0.0,0.0,0.0,0.0,0.0,0.0,0.0,0.0
SV1_C00436,0.0,0.9989994994993742,0.0,0.5490711854274148,-0.8351409913967065,-0.3143802526015084,0.0,0.0,0.0,0.0,-0.7887520967514888,0.0,-0.7810655421990217,-1.066628483895483,0.0,0.0,0.0,0.0,0.0,0.0,0.0,0.0,0.0
SV1_C00437,0.0,0.9989994994993742,0.0,0.5490711854274148,-0.8351409913967065,-0.3143802526015084,0.0,0.0,0.0,0.0,-0.7887520967514888,0.0,-0.7810655421990217,-0.6537400385165864,0.0,0.0,0.0,0.0,0.0,0.0,0.0,0.0,0.0
SV1_C00438,0.0,0.9989994994993742,0.0,0.5490711854274148,-0.8351409913967065,-0.3143802526015084,0.0,0.0,0.0,0.0,-0.7887520967514888,0.0,-0.7810655421990217,0.17203685224120693,0.0,0.0,0.0,0.0,0.0,0.0,0.0,0.0,0.0
SV1_C00439,0.0,0.9989994994993742,0.0,0.5490711854274148,-0.8351409913967065,-0.3143802526015084,0.0,0.0,0.0,0.0,-0.7887520967514888,0.0,-0.7810655421990217,1.5483316701708625,0.0,0.0,0.0,0.0,0.0,0.0,0.0,0.0,0.0
SV1_C00440,0.0,0.9989994994993742,0.0,0.5490711854274148,-0.8351409913967065,-0.3143802526015084,0.0,0.0,0.0,0.0,-0.7887520967514888,0.0,-0.6339167964946092,-1.066628483895483,0.0,0.0,0.0,0.0,0.0,0.0,0.0,0.0,0.0
SV1_C00441,0.0,0.9989994994993742,0.0,0.5490711854274148,-0.8351409913967065,-0.3143802526015084,0.0,0.0,0.0,0.0,-0.7887520967514888,0.0,-0.6339167964946092,-0.6537400385165864,0.0,0.0,0.0,0.0,0.0,0.0,0.0,0.0,0.0
SV1_C00442,0.0,0.9989994994993742,0.0,0.5490711854274148,-0.8351409913967065,-0.3143802526015084,0.0,0.0,0.0,0.0,-0.7887520967514888,0.0,-0.6339167964946092,0.17203685224120693,0.0,0.0,0.0,0.0,0.0,0.0,0.0,0.0,0.0
SV1_C00443,0.0,0.9989994994993742,0.0,0.5490711854274148,-0.8351409913967065,-0.3143802526015084,0.0,0.0,0.0,0.0,-0.7887520967514888,0.0,-0.6339167964946092,1.5483316701708625,0.0,0.0,0.0,0.0,0.0,0.0,0.0,0.0,0.0
SV1_C00444,0.0,0.9989994994993742,0.0,0.5490711854274148,-0.8351409913967065,-0.3143802526015084,0.0,0.0,0.0,0.0,-0.7887520967514888,0.0,-0.19247055938137156,-1.066628483895483,0.0,0.0,0.0,0.0,0.0,0.0,0.0,0.0,0.0
SV1_C00445,0.0,0.9989994994993742,0.0,0.5490711854274148,-0.8351409913967065,-0.3143802526015084,0.0,0.0,0.0,0.0,-0.7887520967514888,0.0,-0.19247055938137156,-0.6537400385165864,0.0,0.0,0.0,0.0,0.0,0.0,0.0,0.0,0.0
SV1_C00446,0.0,0.9989994994993742,0.0,0.5490711854274148,-0.8351409913967065,-0.3143802526015084,0.0,0.0,0.0,0.0,-0.7887520967514888,0.0,-0.19247055938137156,0.17203685224120693,0.0,0.0,0.0,0.0,0.0,0.0,0.0,0.0,0.0
SV1_C00447,0.0,0.9989994994993742,0.0,0.5490711854274148,-0.8351409913967065,-0.3143802526015084,0.0,0.0,0.0,0.0,-0.7887520967514888,0.0,-0.19247055938137156,1.5483316701708625,0.0,0.0,0.0,0.0,0.0,0.0,0.0,0.0,0.0
SV1_C00448,0.0,0.9989994994993742,0.0,0.5490711854274148,-0.8351409913967065,-0.3143802526015084,0.0,0.0,0.0,0.0,-0.7887520967514888,0.0,0.5432731691406911,-1.066628483895483,0.0,0.0,0.0,0.0,0.0,0.0,0.0,0.0,0.0
SV1_C00449,0.0,0.9989994994993742,0.0,0.5490711854274148,-0.8351409913967065,-0.3143802526015084,0.0,0.0,0.0,0.0,-0.7887520967514888,0.0,0.5432731691406911,-0.6537400385165864,0.0,0.0,0.0,0.0,0.0,0.0,0.0,0.0,0.0
SV1_C00450,0.0,0.9989994994993742,0.0,0.5490711854274148,-0.8351409913967065,-0.3143802526015084,0.0,0.0,0.0,0.0,-0.7887520967514888,0.0,0.5432731691406911,0.17203685224120693,0.0,0.0,0.0,0.0,0.0,0.0,0.0,0.0,0.0
SV1_C00451,0.0,0.9989994994993742,0.0,0.5490711854274148,-0.8351409913967065,-0.3143802526015084,0.0,0.0,0.0,0.0,-0.7887520967514888,0.0,0.5432731691406911,1.5483316701708625,0.0,0.0,0.0,0.0,0.0,0.0,0.0,0.0,0.0
SV1_C00452,0.0,0.9989994994993742,0.0,0.5490711854274148,-0.8351409913967065,-0.3143802526015084,0.0,0.0,0.0,0.0,-0.7887520967514888,0.0,2.0147606261848168,-1.066628483895483,0.0,0.0,0.0,0.0,0.0,0.0,0.0,0.0,0.0
SV1_C00453,0.0,0.9989994994993742,0.0,0.5490711854274148,-0.8351409913967065,-0.3143802526015084,0.0,0.0,0.0,0.0,-0.7887520967514888,0.0,2.0147606261848168,-0.6537400385165864,0.0,0.0,0.0,0.0,0.0,0.0,0.0,0.0,0.0
SV1_C00454,0.0,0.9989994994993742,0.0,0.5490711854274148,-0.8351409913967065,-0.3143802526015084,0.0,0.0,0.0,0.0,-0.7887520967514888,0.0,2.0147606261848168,0.17203685224120693,0.0,0.0,0.0,0.0,0.0,0.0,0.0,0.0,0.0
SV1_C00455,0.0,0.9989994994993742,0.0,0.5490711854274148,-0.8351409913967065,-0.3143802526015084,0.0,0.0,0.0,0.0,-0.7887520967514888,0.0,2.0147606261848168,1.5483316701708625,0.0,0.0,0.0,0.0,0.0,0.0,0.0,0.0,0.0
SV1_C00456,0.0,0.9989994994993742,0.0,0.5490711854274148,-0.7673975625033981,1.1198362282447893,0.0,0.0,0.0,0.0,-0.7887520967514888,0.0,-0.8546399150512279,-1.066628483895483,0.0,0.0,0.0,0.0,0.0,0.0,0.0,0.0,0.0
SV1_C00457,0.0,0.9989994994993742,0.0,0.5490711854274148,-0.7673975625033981,1.1198362282447893,0.0,0.0,0.0,0.0,-0.7887520967514888,0.0,-0.8546399150512279,-0.6537400385165864,0.0,0.0,0.0,0.0,0.0,0.0,0.0,0.0,0.0
SV1_C00458,0.0,0.9989994994993742,0.0,0.5490711854274148,-0.7673975625033981,1.1198362282447893,0.0,0.0,0.0,0.0,-0.7887520967514888,0.0,-0.8546399150512279,0.17203685224120693,0.0,0.0,0.0,0.0,0.0,0.0,0.0,0.0,0.0
SV1_C00459,0.0,0.9989994994993742,0.0,0.5490711854274148,-0.7673975625033981,1.1198362282447893,0.0,0.0,0.0,0.0,-0.7887520967514888,0.0,-0.8546399150512279,1.5483316701708625,0.0,0.0,0.0,0.0,0.0,0.0,0.0,0.0,0.0
SV1_C00460,0.0,0.9989994994993742,0.0,0.5490711854274148,-0.7673975625033981,1.1198362282447893,0.0,0.0,0.0,0.0,-0.7887520967514888,0.0,-0.7810655421990217,-1.066628483895483,0.0,0.0,0.0,0.0,0.0,0.0,0.0,0.0,0.0
SV1_C00461,0.0,0.9989994994993742,0.0,0.5490711854274148,-0.7673975625033981,1.1198362282447893,0.0,0.0,0.0,0.0,-0.7887520967514888,0.0,-0.7810655421990217,-0.6537400385165864,0.0,0.0,0.0,0.0,0.0,0.0,0.0,0.0,0.0
SV1_C00462,0.0,0.9989994994993742,0.0,0.5490711854274148,-0.7673975625033981,1.1198362282447893,0.0,0.0,0.0,0.0,-0.7887520967514888,0.0,-0.7810655421990217,0.17203685224120693,0.0,0.0,0.0,0.0,0.0,0.0,0.0,0.0,0.0
SV1_C00463,0.0,0.9989994994993742,0.0,0.5490711854274148,-0.7673975625033981,1.1198362282447893,0.0,0.0,0.0,0.0,-0.7887520967514888,0.0,-0.7810655421990217,1.5483316701708625,0.0,0.0,0.0,0.0,0.0,0.0,0.0,0.0,0.0
SV1_C00464,0.0,0.9989994994993742,0.0,0.5490711854274148,-0.7673975625033981,1.1198362282447893,0.0,0.0,0.0,0.0,-0.7887520967514888,0.0,-0.6339167964946092,-1.066628483895483,0.0,0.0,0.0,0.0,0.0,0.0,0.0,0.0,0.0
SV1_C00465,0.0,0.9989994994993742,0.0,0.5490711854274148,-0.7673975625033981,1.1198362282447893,0.0,0.0,0.0,0.0,-0.7887520967514888,0.0,-0.6339167964946092,-0.6537400385165864,0.0,0.0,0.0,0.0,0.0,0.0,0.0,0.0,0.0
SV1_C00466,0.0,0.9989994994993742,0.0,0.5490711854274148,-0.7673975625033981,1.1198362282447893,0.0,0.0,0.0,0.0,-0.7887520967514888,0.0,-0.6339167964946092,0.17203685224120693,0.0,0.0,0.0,0.0,0.0,0.0,0.0,0.0,0.0
SV1_C00467,0.0,0.9989994994993742,0.0,0.5490711854274148,-0.7673975625033981,1.1198362282447893,0.0,0.0,0.0,0.0,-0.7887520967514888,0.0,-0.6339167964946092,1.5483316701708625,0.0,0.0,0.0,0.0,0.0,0.0,0.0,0.0,0.0
SV1_C00468,0.0,0.9989994994993742,0.0,0.5490711854274148,-0.7673975625033981,1.1198362282447893,0.0,0.0,0.0,0.0,-0.7887520967514888,0.0,-0.19247055938137156,-1.066628483895483,0.0,0.0,0.0,0.0,0.0,0.0,0.0,0.0,0.0
SV1_C00469,0.0,0.9989994994993742,0.0,0.5490711854274148,-0.7673975625033981,1.1198362282447893,0.0,0.0,0.0,0.0,-0.7887520967514888,0.0,-0.19247055938137156,-0.6537400385165864,0.0,0.0,0.0,0.0,0.0,0.0,0.0,0.0,0.0
SV1_C00470,0.0,0.9989994994993742,0.0,0.5490711854274148,-0.7673975625033981,1.1198362282447893,0.0,0.0,0.0,0.0,-0.7887520967514888,0.0,-0.19247055938137156,0.17203685224120693,0.0,0.0,0.0,0.0,0.0,0.0,0.0,0.0,0.0
SV1_C00471,0.0,0.9989994994993742,0.0,0.5490711854274148,-0.7673975625033981,1.1198362282447893,0.0,0.0,0.0,0.0,-0.7887520967514888,0.0,-0.19247055938137156,1.5483316701708625,0.0,0.0,0.0,0.0,0.0,0.0,0.0,0.0,0.0
SV1_C00472,0.0,0.9989994994993742,0.0,0.5490711854274148,-0.7673975625033981,1.1198362282447893,0.0,0.0,0.0,0.0,-0.7887520967514888,0.0,0.5432731691406911,-1.066628483895483,0.0,0.0,0.0,0.0,0.0,0.0,0.0,0.0,0.0
SV1_C00473,0.0,0.9989994994993742,0.0,0.5490711854274148,-0.7673975625033981,1.1198362282447893,0.0,0.0,0.0,0.0,-0.7887520967514888,0.0,0.5432731691406911,-0.6537400385165864,0.0,0.0,0.0,0.0,0.0,0.0,0.0,0.0,0.0
SV1_C00474,0.0,0.9989994994993742,0.0,0.5490711854274148,-0.7673975625033981,1.1198362282447893,0.0,0.0,0.0,0.0,-0.7887520967514888,0.0,0.5432731691406911,0.17203685224120693,0.0,0.0,0.0,0.0,0.0,0.0,0.0,0.0,0.0
SV1_C00475,0.0,0.9989994994993742,0.0,0.5490711854274148,-0.7673975625033981,1.1198362282447893,0.0,0.0,0.0,0.0,-0.7887520967514888,0.0,0.5432731691406911,1.5483316701708625,0.0,0.0,0.0,0.0,0.0,0.0,0.0,0.0,0.0
SV1_C00476,0.0,0.9989994994993742,0.0,0.5490711854274148,-0.7673975625033981,1.1198362282447893,0.0,0.0,0.0,0.0,-0.7887520967514888,0.0,2.0147606261848168,-1.066628483895483,0.0,0.0,0.0,0.0,0.0,0.0,0.0,0.0,0.0
SV1_C00477,0.0,0.9989994994993742,0.0,0.5490711854274148,-0.7673975625033981,1.1198362282447893,0.0,0.0,0.0,0.0,-0.7887520967514888,0.0,2.0147606261848168,-0.6537400385165864,0.0,0.0,0.0,0.0,0.0,0.0,0.0,0.0,0.0
SV1_C00478,0.0,0.9989994994993742,0.0,0.5490711854274148,-0.7673975625033981,1.1198362282447893,0.0,0.0,0.0,0.0,-0.7887520967514888,0.0,2.0147606261848168,0.17203685224120693,0.0,0.0,0.0,0.0,0.0,0.0,0.0,0.0,0.0
SV1_C00479,0.0,0.9989994994993742,0.0,0.5490711854274148,-0.7673975625033981,1.1198362282447893,0.0,0.0,0.0,0.0,-0.7887520967514888,0.0,2.0147606261848168,1.5483316701708625,0.0,0.0,0.0,0.0,0.0,0.0,0.0,0.0,0.0
SV1_C00480,0.0,0.9989994994993742,0.0,-1.81761495865627,-0.7673975625033981,1.1198362282447893,0.0,0.0,0.0,0.0,-0.7887520967514888,0.0,-0.8546399150512279,-1.066628483895483,0.0,0.0,0.0,0.0,0.0,0.0,0.0,0.0,0.0
SV1_C00481,0.0,0.9989994994993742,0.0,-1.81761495865627,-0.7673975625033981,1.1198362282447893,0.0,0.0,0.0,0.0,-0.7887520967514888,0.0,-0.8546399150512279,-0.6537400385165864,0.0,0.0,0.0,0.0,0.0,0.0,0.0,0.0,0.0
SV1_C00482,0.0,0.9989994994993742,0.0,-1.81761495865627,-0.7673975625033981,1.1198362282447893,0.0,0.0,0.0,0.0,-0.7887520967514888,0.0,-0.8546399150512279,0.17203685224120693,0.0,0.0,0.0,0.0,0.0,0.0,0.0,0.0,0.0
SV1_C00483,0.0,0.9989994994993742,0.0,-1.81761495865627,-0.7673975625033981,1.1198362282447893,0.0,0.0,0.0,0.0,-0.7887520967514888,0.0,-0.8546399150512279,1.5483316701708625,0.0,0.0,0.0,0.0,0.0,0.0,0.0,0.0,0.0
SV1_C00484,0.0,0.9989994994993742,0.0,-1.81761495865627,-0.7673975625033981,1.1198362282447893,0.0,0.0,0.0,0.0,-0.7887520967514888,0.0,-0.7810655421990217,-1.066628483895483,0.0,0.0,0.0,0.0,0.0,0.0,0.0,0.0,0.0
SV1_C00485,0.0,0.9989994994993742,0.0,-1.81761495865627,-0.7673975625033981,1.1198362282447893,0.0,0.0,0.0,0.0,-0.7887520967514888,0.0,-0.7810655421990217,-0.6537400385165864,0.0,0.0,0.0,0.0,0.0,0.0,0.0,0.0,0.0
SV1_C00486,0.0,0.9989994994993742,0.0,-1.81761495865627,-0.7673975625033981,1.1198362282447893,0.0,0.0,0.0,0.0,-0.7887520967514888,0.0,-0.7810655421990217,0.17203685224120693,0.0,0.0,0.0,0.0,0.0,0.0,0.0,0.0,0.0
SV1_C00487,0.0,0.9989994994993742,0.0,-1.81761495865627,-0.7673975625033981,1.1198362282447893,0.0,0.0,0.0,0.0,-0.7887520967514888,0.0,-0.7810655421990217,1.5483316701708625,0.0,0.0,0.0,0.0,0.0,0.0,0.0,0.0,0.0
SV1_C00488,0.0,0.9989994994993742,0.0,-1.81761495865627,-0.7673975625033981,1.1198362282447893,0.0,0.0,0.0,0.0,-0.7887520967514888,0.0,-0.6339167964946092,-1.066628483895483,0.0,0.0,0.0,0.0,0.0,0.0,0.0,0.0,0.0
SV1_C00489,0.0,0.9989994994993742,0.0,-1.81761495865627,-0.7673975625033981,1.1198362282447893,0.0,0.0,0.0,0.0,-0.7887520967514888,0.0,-0.6339167964946092,-0.6537400385165864,0.0,0.0,0.0,0.0,0.0,0.0,0.0,0.0,0.0
SV1_C00490,0.0,0.9989994994993742,0.0,-1.81761495865627,-0.7673975625033981,1.1198362282447893,0.0,0.0,0.0,0.0,-0.7887520967514888,0.0,-0.6339167964946092,0.17203685224120693,0.0,0.0,0.0,0.0,0.0,0.0,0.0,0.0,0.0
SV1_C00491,0.0,0.9989994994993742,0.0,-1.81761495865627,-0.7673975625033981,1.1198362282447893,0.0,0.0,0.0,0.0,-0.7887520967514888,0.0,-0.6339167964946092,1.5483316701708625,0.0,0.0,0.0,0.0,0.0,0.0,0.0,0.0,0.0
SV1_C00492,0.0,0.9989994994993742,0.0,-1.81761495865627,-0.7673975625033981,1.1198362282447893,0.0,0.0,0.0,0.0,-0.7887520967514888,0.0,-0.19247055938137156,-1.066628483895483,0.0,0.0,0.0,0.0,0.0,0.0,0.0,0.0,0.0
SV1_C00493,0.0,0.9989994994993742,0.0,-1.81761495865627,-0.7673975625033981,1.1198362282447893,0.0,0.0,0.0,0.0,-0.7887520967514888,0.0,-0.19247055938137156,-0.6537400385165864,0.0,0.0,0.0,0.0,0.0,0.0,0.0,0.0,0.0
SV1_C00494,0.0,0.9989994994993742,0.0,-1.81761495865627,-0.7673975625033981,1.1198362282447893,0.0,0.0,0.0,0.0,-0.7887520967514888,0.0,-0.19247055938137156,0.17203685224120693,0.0,0.0,0.0,0.0,0.0,0.0,0.0,0.0,0.0
SV1_C00495,0.0,0.9989994994993742,0.0,-1.81761495865627,-0.7673975625033981,1.1198362282447893,0.0,0.0,0.0,0.0,-0.7887520967514888,0.0,-0.19247055938137156,1.5483316701708625,0.0,0.0,0.0,0.0,0.0,0.0,0.0,0.0,0.0
SV1_C00496,0.0,0.9989994994993742,0.0,-1.81761495865627,-0.7673975625033981,1.1198362282447893,0.0,0.0,0.0,0.0,-0.7887520967514888,0.0,0.5432731691406911,-1.066628483895483,0.0,0.0,0.0,0.0,0.0,0.0,0.0,0.0,0.0
SV1_C00497,0.0,0.9989994994993742,0.0,-1.81761495865627,-0.7673975625033981,1.1198362282447893,0.0,0.0,0.0,0.0,-0.7887520967514888,0.0,0.5432731691406911,-0.6537400385165864,0.0,0.0,0.0,0.0,0.0,0.0,0.0,0.0,0.0
SV1_C00498,0.0,0.9989994994993742,0.0,-1.81761495865627,-0.7673975625033981,1.1198362282447893,0.0,0.0,0.0,0.0,-0.7887520967514888,0.0,0.5432731691406911,0.17203685224120693,0.0,0.0,0.0,0.0,0.0,0.0,0.0,0.0,0.0
SV1_C00499,0.0,0.9989994994993742,0.0,-1.81761495865627,-0.7673975625033981,1.1198362282447893,0.0,0.0,0.0,0.0,-0.7887520967514888,0.0,0.5432731691406911,1.5483316701708625,0.0,0.0,0.0,0.0,0.0,0.0,0.0,0.0,0.0
