LINESTRING (536598.586331 181204.043407, 536605.590986 181195.829875)

LINESTRING (536598.586331 181204.043407, 536596.051524 181202.250391, 536573.573453 181186.556321)

LINESTRING (536598.586331 181204.043407, 536569.208737 181238.641619, 536560.969835 181248.346597)

LINESTRING (536605.590986 181195.829875, 536598.586331 181204.043407)

LINESTRING (536605.590986 181195.829875, 536608.988880 181198.836820, 536612.897956 181202.458435, 536631.424775 181219.192657)

LINESTRING (536605.590986 181195.829875, 536619.092053 181179.455942, 536625.687159 181171.498503, 536646.139721 181146.831811, 536650.359578 181141.737261)

LINESTRING (536573.573453 181186.556321, 536596.051524 181202.250391, 536598.586331 181204.043407)

LINESTRING (536560.969835 181248.346597, 536563.675831 181250.745121, 536586.362273 181270.818163, 536631.424775 181219.192657)

LINESTRING (536560.969835 181248.346597, 536569.208737 181238.641619, 536598.586331 181204.043407)

LINESTRING (536560.969835 181248.346597, 536540.358258 181273.276405, 536528.918358 181286.089227)

LINESTRING (536786.645738 181372.487321, 536774.568681 181408.696336, 536765.127521 181437.008480, 536765.286553 181440.128676, 536766.912979 181442.386978, 536818.639072 181459.448115, 536830.478502 181463.528279, 536850.524493 181470.455763, 536857.700870 181473.141783, 536858.312677 181473.369698, 536858.786919 181473.549396, 536867.051084 181476.320369)

LINESTRING (536786.645738 181372.487321, 536818.515289 181381.012709, 536885.019330 181397.482012, 536886.348833 181397.873933, 536893.878755 181400.068751)

LINESTRING (536786.645738 181372.487321, 536789.434612 181362.257619, 536792.865291 181349.852926)

LINESTRING (536867.051084 181476.320369, 536885.472934 181424.202104, 536887.929827 181417.023781, 536889.459623 181412.558040, 536892.136107 181405.218710, 536893.878755 181400.068751)

LINESTRING (536867.051084 181476.320369, 536848.076773 181529.113764, 536829.386281 181581.436344, 536825.905359 181591.324670, 536821.058072 181604.770638, 536817.519178 181614.234534, 536813.344207 181625.662138)

LINESTRING (536867.051084 181476.320369, 536858.786919 181473.549396, 536858.312677 181473.369698, 536857.700870 181473.141783, 536850.524493 181470.455763, 536830.478502 181463.528279, 536818.639072 181459.448115, 536766.912979 181442.386978, 536765.286553 181440.128676, 536765.127521 181437.008480, 536774.568681 181408.696336, 536786.645738 181372.487321)

LINESTRING (536893.878755 181400.068751, 536886.348833 181397.873933, 536885.019330 181397.482012, 536818.515289 181381.012709, 536786.645738 181372.487321)

LINESTRING (536893.878755 181400.068751, 536903.312439 181389.072217, 536904.734034 181385.015311, 536906.373021 181380.363335, 536907.636032 181376.780673, 536905.007576 181369.966117)

LINESTRING (536893.878755 181400.068751, 536892.136107 181405.218710, 536889.459623 181412.558040, 536887.929827 181417.023781, 536885.472934 181424.202104, 536867.051084 181476.320369)

LINESTRING (536792.865291 181349.852926, 536788.756676 181348.751906, 536785.696103 181347.923924, 536777.393511 181345.797500, 536769.256535 181343.708932, 536755.694132 181340.428304, 536690.339497 181325.071104, 536688.330897 181324.627584)

LINESTRING (536792.865291 181349.852926, 536793.798285 181346.661973, 536801.612825 181319.719371, 536802.164217 181316.518145, 536802.961484 181311.921377, 536803.013087 181301.751528, 536802.465921 181299.121653, 536801.155387 181292.865669, 536799.514411 181287.535564, 536796.548309 181279.843978, 536792.619601 181272.315662, 536788.123531 181265.228335, 536782.296727 181259.340431)

LINESTRING (536792.865291 181349.852926, 536789.434612 181362.257619, 536786.645738 181372.487321)

LINESTRING (536813.344207 181625.662138, 536806.026365 181629.526918, 536804.747412 181634.221999, 536803.583907 181638.497315, 536802.705552 181641.723122, 536797.183447 181655.996689)

LINESTRING (536813.344207 181625.662138, 536817.519178 181614.234534, 536821.058072 181604.770638, 536825.905359 181591.324670, 536829.386281 181581.436344, 536848.076773 181529.113764, 536867.051084 181476.320369)

LINESTRING (536631.424775 181219.192657, 536586.362273 181270.818163, 536563.675831 181250.745121, 536560.969835 181248.346597)

LINESTRING (536631.424775 181219.192657, 536612.897956 181202.458435, 536608.988880 181198.836820, 536605.590986 181195.829875)

LINESTRING (536631.424775 181219.192657, 536636.014921 181221.241264, 536642.358831 181222.624825, 536645.243162 181222.780282, 536653.830481 181223.623258, 536659.050462 181224.197638, 536675.170435 181225.855285, 536701.225970 181231.408065)

LINESTRING (536528.918358 181286.089227, 536531.344353 181288.313288, 536559.871676 181314.530150, 536562.873959 181317.270486, 536566.932536 181319.460543, 536571.934239 181320.919231, 536628.156942 181334.015131, 536639.852887 181336.733325)

LINESTRING (536528.918358 181286.089227, 536540.358258 181273.276405, 536560.969835 181248.346597)

LINESTRING (536528.918358 181286.089227, 536517.855482 181299.602152, 536516.515681 181302.693194, 536515.109185 181305.682289, 536513.761552 181308.806506)

LINESTRING (536675.121613 181518.338003, 536589.260562 181512.223321)

LINESTRING (536675.121613 181518.338003, 536714.413651 181520.630295, 536740.079811 181522.533925, 536729.329481 181556.163588, 536724.477674 181571.334398, 536717.419318 181593.423262, 536709.777723 181617.321477, 536705.949114 181629.303762)

LINESTRING (536675.121613 181518.338003, 536675.884828 181514.485897, 536678.310032 181499.438953, 536688.387678 181461.640257, 536687.846054 181456.996330, 536687.481754 181454.794262, 536686.092809 181452.998634, 536668.341656 181449.026881, 536662.170956 181447.926140, 536622.944526 181439.815964, 536617.879139 181438.923048)

LINESTRING (536589.260562 181512.223321, 536675.121613 181518.338003)

LINESTRING (536705.949114 181629.303762, 536701.759851 181628.111607, 536691.673269 181625.213969, 536687.359645 181625.031152, 536683.094093 181626.674668, 536675.296425 181633.152995)

LINESTRING (536705.949114 181629.303762, 536709.777723 181617.321477, 536717.419318 181593.423262, 536724.477674 181571.334398, 536729.329481 181556.163588, 536740.079811 181522.533925, 536714.413651 181520.630295, 536675.121613 181518.338003)

LINESTRING (536705.949114 181629.303762, 536702.103863 181643.711564, 536701.106732 181646.967575, 536697.129658 181658.534126)

LINESTRING (536617.879139 181438.923048, 536569.056599 181427.728721, 536562.977185 181426.330093)

LINESTRING (536617.879139 181438.923048, 536619.299578 181432.317671, 536636.051581 181354.414060, 536639.852887 181336.733325)

LINESTRING (536617.879139 181438.923048, 536622.944526 181439.815964, 536662.170956 181447.926140, 536668.341656 181449.026881, 536686.092809 181452.998634, 536687.481754 181454.794262, 536687.846054 181456.996330, 536688.387678 181461.640257, 536678.310032 181499.438953, 536675.884828 181514.485897, 536675.121613 181518.338003)

LINESTRING (536682.800676 181659.261463, 536676.016371 181647.427668, 536672.272244 181643.109340, 536645.125109 181611.876614)

LINESTRING (536682.800676 181659.261463, 536689.502897 181658.918738, 536697.129658 181658.534126)

LINESTRING (536682.800676 181659.261463, 536669.890327 181659.904589, 536666.510179 181660.381210, 536638.825349 181665.668131, 536620.938396 181668.581252)

LINESTRING (536645.125109 181611.876614, 536672.272244 181643.109340, 536676.016371 181647.427668, 536682.800676 181659.261463)

LINESTRING (536645.125109 181611.876614, 536630.743403 181595.454037, 536625.395194 181589.334349, 536621.468138 181584.844220, 536589.309469 181548.113254, 536582.411306 181539.726300, 536578.150293 181534.225689)

LINESTRING (536645.125109 181611.876614, 536649.277922 181607.970997, 536652.006771 181605.896634)

LINESTRING (536697.129658 181658.534126, 536701.106732 181646.967575, 536702.103863 181643.711564, 536705.949114 181629.303762)

LINESTRING (536697.129658 181658.534126, 536709.831580 181657.896589, 536713.444988 181657.782378, 536732.289975 181657.198912, 536754.074204 181656.527702, 536772.105973 181655.978137)

LINESTRING (536697.129658 181658.534126, 536689.502897 181658.918738, 536682.800676 181659.261463)

LINESTRING (536620.938396 181668.581252, 536624.950191 181671.983093, 536626.056549 181672.925361)

LINESTRING (536620.938396 181668.581252, 536638.825349 181665.668131, 536666.510179 181660.381210, 536669.890327 181659.904589, 536682.800676 181659.261463)

LINESTRING (536620.938396 181668.581252, 536610.906068 181670.381356, 536606.824132 181671.395560, 536593.742096 181676.619103, 536536.142732 181704.816747, 536520.464062 181714.956150, 536509.755335 181722.814298, 536506.851666 181724.939677, 536499.681867 181730.544867, 536493.641620 181735.713025, 536493.051441 181736.231326, 536491.615648 181737.472503, 536489.497096 181739.318520, 536475.649483 181751.343404, 536465.710236 181759.767592, 536450.250760 181772.873200, 536448.247423 181774.566532, 536446.157112 181775.879169, 536437.887266 181781.087666, 536422.619375 181788.356170, 536416.104063 181789.761440, 536411.052649 181789.136169, 536407.627950 181788.432168)

LINESTRING (536464.584601 180759.453554, 536465.233035 180762.976356, 536471.056560 180807.812560, 536477.357954 180850.881096)

LINESTRING (536464.584601 180759.453554, 536483.103807 180752.762004, 536496.484477 180747.100977, 536506.134112 180742.808698, 536510.739306 180740.695615, 536538.052914 180728.208979)

LINESTRING (536477.357954 180850.881096, 536471.056560 180807.812560, 536465.233035 180762.976356, 536464.584601 180759.453554)

LINESTRING (536477.357954 180850.881096, 536523.582996 180845.245382, 536529.095372 180844.514333, 536558.977542 180840.565420, 536561.482336 180839.864876, 536563.532906 180838.495562, 536563.867274 180835.355255, 536564.581364 180822.476816, 536567.887917 180765.322014, 536567.197621 180764.135000, 536565.060530 180763.554548, 536535.514942 180758.576515, 536535.545549 180757.954156, 536537.466305 180733.501387, 536538.052914 180728.208979)

LINESTRING (536538.052914 180728.208979, 536549.159555 180723.967050)

LINESTRING (536538.052914 180728.208979, 536537.466305 180733.501387, 536535.545549 180757.954156, 536535.514942 180758.576515, 536565.060530 180763.554548, 536567.197621 180764.135000, 536567.887917 180765.322014, 536564.581364 180822.476816, 536563.867274 180835.355255, 536563.532906 180838.495562, 536561.482336 180839.864876, 536558.977542 180840.565420, 536529.095372 180844.514333, 536523.582996 180845.245382, 536477.357954 180850.881096)

LINESTRING (536538.052914 180728.208979, 536510.739306 180740.695615, 536506.134112 180742.808698, 536496.484477 180747.100977, 536483.103807 180752.762004, 536464.584601 180759.453554)

LINESTRING (536566.647164 180719.495982, 536549.159555 180723.967050)

LINESTRING (536566.647164 180719.495982, 536567.378673 180722.509133, 536569.091233 180729.844146, 536569.847141 180732.724415)

LINESTRING (536566.647164 180719.495982, 536598.768370 180710.555214, 536627.248286 180702.228965, 536640.669183 180698.182981, 536653.629186 180694.491872, 536661.633112 180693.304924, 536669.981138 180692.750422)

LINESTRING (536549.159555 180723.967050, 536566.647164 180719.495982)

LINESTRING (536549.159555 180723.967050, 536538.052914 180728.208979)

LINESTRING (536549.159555 180723.967050, 536550.853433 180727.862928, 536552.758762 180729.316277, 536569.847141 180732.724415)

LINESTRING (536569.847141 180732.724415, 536569.091233 180729.844146, 536567.378673 180722.509133, 536566.647164 180719.495982)

LINESTRING (536569.847141 180732.724415, 536573.653004 180733.483250, 536613.280960 180740.813481)

LINESTRING (536569.847141 180732.724415, 536552.758762 180729.316277, 536550.853433 180727.862928, 536549.159555 180723.967050)

LINESTRING (536669.981138 180692.750422, 536682.534234 180693.087997, 536693.697927 180694.478802, 536699.489267 180696.292673, 536715.608756 180701.644940, 536729.690285 180708.667312, 536759.094978 180723.791645, 536769.050333 180729.568023, 536782.895219 180738.153265, 536807.488733 180749.353674, 536812.027277 180751.011545, 536820.230567 180754.025569)

LINESTRING (536669.981138 180692.750422, 536661.633112 180693.304924, 536653.629186 180694.491872, 536640.669183 180698.182981, 536627.248286 180702.228965, 536598.768370 180710.555214, 536566.647164 180719.495982)

LINESTRING (536669.981138 180692.750422, 536669.893550 180699.881272, 536669.877165 180700.748834, 536669.783894 180708.090968, 536669.269584 180748.650722, 536668.989102 180770.443414, 536682.090198 180770.795732)

LINESTRING (536876.818645 181152.361123, 536870.008112 181153.090203, 536832.864765 181158.054678, 536831.019042 181157.749029, 536830.603767 181156.925484, 536826.784877 181115.659191, 536826.329306 181114.011069, 536825.904726 181106.054054)

LINESTRING (536825.904726 181106.054054, 536829.561699 181104.594561)

LINESTRING (536825.904726 181106.054054, 536826.329306 181114.011069, 536826.784877 181115.659191, 536830.603767 181156.925484, 536831.019042 181157.749029, 536832.864765 181158.054678, 536870.008112 181153.090203, 536876.818645 181152.361123)

LINESTRING (536825.904726 181106.054054, 536825.570108 181093.982002, 536822.593092 181058.580727, 536820.922904 181036.279227, 536819.447212 181016.553594, 536814.590075 180999.140633, 536808.353055 180987.844462, 536803.301487 180978.683453)

LINESTRING (536825.904726 181106.054054, 536816.736714 181109.234722, 536807.057242 181111.811839, 536794.139162 181113.979074, 536785.749680 181115.066383, 536777.480689 181115.288945, 536766.083035 181114.370132, 536752.406484 181110.663594, 536737.490826 181106.556520, 536729.918586 181104.883847, 536723.415912 181103.718476, 536717.509479 181103.103311, 536706.592956 181102.108551)

LINESTRING (537043.400086 181757.489407, 537027.754640 181801.113238, 537007.632259 181846.764139, 537003.826371 181853.505412, 536999.725868 181858.814320, 536992.431219 181865.172189)

LINESTRING (537043.400086 181757.489407, 537071.867453 181764.889814, 537086.052148 181768.989376)

LINESTRING (537043.400086 181757.489407, 537029.726848 181752.958630, 537022.804097 181750.668676, 537014.784624 181746.824579, 537007.946708 181743.190409, 536994.660615 181734.341262, 536984.380866 181728.577845, 536950.044376 181712.239518)

LINESTRING (536992.431219 181865.172189, 536999.725868 181858.814320, 537003.826371 181853.505412, 537007.632259 181846.764139, 537027.754640 181801.113238, 537043.400086 181757.489407)

LINESTRING (537086.052148 181768.989376, 537087.480407 181764.687873, 537097.250642 181735.294565, 537100.207435 181727.350842, 537116.750378 181682.916800, 537121.311049 181670.342482, 537129.158161 181648.676011, 537137.458033 181626.443097)

LINESTRING (537086.052148 181768.989376, 537081.081100 181785.714634, 537075.117568 181805.773868, 537067.375324 181817.650328, 537043.656340 181854.034347)

LINESTRING (537086.052148 181768.989376, 537090.848104 181770.075815, 537108.148098 181773.992421, 537132.316070 181779.652418)

LINESTRING (537086.052148 181768.989376, 537071.867453 181764.889814, 537043.400086 181757.489407)

LINESTRING (536950.044376 181712.239518, 536948.176997 181716.351165, 536947.726811 181717.340577, 536930.846356 181754.521488, 536911.533161 181795.420508)

LINESTRING (536950.044376 181712.239518, 536984.380866 181728.577845, 536994.660615 181734.341262, 537007.946708 181743.190409, 537014.784624 181746.824579, 537022.804097 181750.668676, 537029.726848 181752.958630, 537043.400086 181757.489407)

LINESTRING (536950.044376 181712.239518, 536933.640827 181704.675290, 536903.410978 181690.261883, 536895.799255 181686.996512, 536894.550041 181686.462081, 536877.667664 181679.141090)

LINESTRING (537426.109838 181952.112090, 537434.949217 181961.298393, 537442.048889 181968.067311, 537454.886637 181981.891061, 537464.759716 181992.897054, 537480.321881 182010.455820)

LINESTRING (537426.109838 181952.112090, 537420.888509 181946.996485, 537401.183319 181925.764801, 537390.627014 181914.083896, 537388.558756 181910.978800)

LINESTRING (537426.109838 181952.112090, 537399.841680 181975.372041, 537393.429480 181977.324138, 537387.849682 181978.018994, 537381.514129 181976.623549, 537377.218223 181975.539216)

LINESTRING (537480.321881 182010.455820, 537486.142094 182020.116937, 537491.722561 182030.940051, 537502.367687 182053.429222)

LINESTRING (537480.321881 182010.455820, 537464.759716 181992.897054, 537454.886637 181981.891061, 537442.048889 181968.067311, 537434.949217 181961.298393, 537426.109838 181952.112090)

LINESTRING (537480.321881 182010.455820, 537485.956797 182003.875661, 537488.951381 181999.171512, 537499.265783 181972.063792, 537507.798477 181948.969713, 537523.081167 181909.143264, 537525.302994 181903.494563, 537536.337803 181877.229904)

LINESTRING (537388.558756 181910.978800, 537390.627014 181914.083896, 537401.183319 181925.764801, 537420.888509 181946.996485, 537426.109838 181952.112090)

LINESTRING (537388.558756 181910.978800, 537349.221258 181868.617920, 537330.941828 181849.839930, 537323.732842 181841.966523)

LINESTRING (537388.558756 181910.978800, 537397.882614 181896.608312, 537424.057284 181856.797965, 537455.454411 181809.506113, 537485.895016 181762.689325)

LINESTRING (537377.218223 181975.539216, 537381.514129 181976.623549, 537387.849682 181978.018994, 537393.429480 181977.324138, 537399.841680 181975.372041, 537426.109838 181952.112090)

LINESTRING (537377.218223 181975.539216, 537366.452536 181973.144859, 537348.102796 181969.054286, 537329.297257 181964.873561, 537300.359641 181957.970839, 537291.471581 181955.972366, 537283.133867 181955.702543, 537278.699112 181956.929236, 537276.164094 181958.763681, 537274.002829 181960.897563, 537269.908364 181968.287423, 537266.416375 181979.588480, 537260.184005 182007.007214, 537253.467576 182037.183831, 537250.314995 182051.342917, 537250.722693 182056.038958, 537251.770842 182058.871614, 537253.963605 182061.223292, 537257.511258 182063.533679, 537292.933383 182071.946822, 537306.340870 182074.968850, 537330.861292 182080.372313)

LINESTRING (537377.218223 181975.539216, 537354.923275 181948.662390, 537347.941610 181940.861855, 537335.731184 181927.188892)

LINESTRING (537502.367687 182053.429222, 537506.583087 182061.845070)

LINESTRING (537502.367687 182053.429222, 537491.722561 182030.940051, 537486.142094 182020.116937, 537480.321881 182010.455820)

LINESTRING (537502.367687 182053.429222, 537496.780247 182056.460703, 537492.081897 182057.680074, 537489.129004 182058.023035, 537485.541133 182057.458545, 537474.180535 182054.736255, 537442.100049 182047.781032, 537424.809894 182043.028876, 537428.105685 182029.496937)

LINESTRING (537536.337803 181877.229904, 537554.598664 181831.274538)

LINESTRING (537536.337803 181877.229904, 537493.219065 181860.716814)

LINESTRING (537536.337803 181877.229904, 537525.302994 181903.494563, 537523.081167 181909.143264, 537507.798477 181948.969713, 537499.265783 181972.063792, 537488.951381 181999.171512, 537485.956797 182003.875661, 537480.321881 182010.455820)

LINESTRING (536791.091577 182095.232813, 536785.079813 182097.541420)

LINESTRING (536791.091577 182095.232813, 536793.052336 182065.728887, 536794.070300 182050.354752, 536794.202705 182048.789230, 536794.647435 182043.359474, 536797.457054 182003.473462, 536800.243854 181971.654844, 536803.285066 181938.897173)

LINESTRING (536791.091577 182095.232813, 536824.424408 182084.312217, 536831.930684 182081.676675, 536843.611171 182077.684648)

LINESTRING (536785.079813 182097.541420, 536740.657695 182112.425900)

LINESTRING (536785.079813 182097.541420, 536791.091577 182095.232813)

LINESTRING (536785.079813 182097.541420, 536787.072245 182104.761682)

LINESTRING (536803.285066 181938.897173, 536804.116217 181935.102553, 536828.415920 181914.713359)

LINESTRING (536803.285066 181938.897173, 536800.243854 181971.654844, 536797.457054 182003.473462, 536794.647435 182043.359474, 536794.202705 182048.789230, 536794.070300 182050.354752, 536793.052336 182065.728887, 536791.091577 182095.232813)

LINESTRING (536803.285066 181938.897173, 536747.218524 181934.449885, 536745.280936 181959.491997, 536742.196111 181998.268911, 536740.087965 182005.145085, 536738.795866 182009.817569, 536736.374530 182047.933520, 536736.264750 182049.432883, 536736.203126 182050.432769, 536734.892630 182073.844779, 536734.736405 182076.811825, 536733.498272 182095.729959, 536740.657695 182112.425900)

LINESTRING (536843.611171 182077.684648, 536893.443148 182062.245733)

LINESTRING (536843.611171 182077.684648, 536844.174162 182081.783895, 536854.007479 182149.452840, 536854.394686 182152.345499)

LINESTRING (536843.611171 182077.684648, 536831.930684 182081.676675, 536824.424408 182084.312217, 536791.091577 182095.232813)

LINESTRING (536717.877278 182364.536020, 536717.051008 182366.605899, 536714.415859 182373.723847, 536709.911860 182386.055177, 536703.909469 182402.474778, 536692.646605 182433.286360, 536687.119993 182448.539183, 536684.015174 182456.345587, 536673.073062 182486.854244, 536668.723199 182494.237666, 536653.163678 182542.082397, 536651.687761 182546.627541)

LINESTRING (536717.877278 182364.536020, 536752.910747 182256.332827, 536773.611051 182196.040664, 536777.912616 182183.503621, 536777.591198 182167.336698, 536777.485172 182161.992266)

LINESTRING (536717.877278 182364.536020, 536713.992665 182363.396540, 536673.995748 182351.681602)

LINESTRING (536651.687761 182546.627541, 536653.163678 182542.082397, 536668.723199 182494.237666, 536673.073062 182486.854244, 536684.015174 182456.345587, 536687.119993 182448.539183, 536692.646605 182433.286360, 536703.909469 182402.474778, 536709.911860 182386.055177, 536714.415859 182373.723847, 536717.051008 182366.605899, 536717.877278 182364.536020)

LINESTRING (536651.687761 182546.627541, 536636.877650 182583.397579, 536635.315955 182587.261595, 536634.981071 182588.098336, 536633.392999 182592.684981)

LINESTRING (536651.687761 182546.627541, 536613.343039 182531.863808, 536575.673720 182518.565210)

LINESTRING (536777.485172 182161.992266, 536782.752582 182161.800242, 536842.083687 182159.647870)

LINESTRING (536777.485172 182161.992266, 536734.277276 182163.511021, 536729.847518 182174.108325, 536703.117365 182174.201315, 536698.285169 182174.215952, 536672.957241 182174.313448, 536660.897344 182175.391167, 536608.789068 182178.741413, 536587.400567 182180.013586, 536583.228673 182180.257522)

LINESTRING (536777.485172 182161.992266, 536777.591198 182167.336698, 536777.912616 182183.503621, 536773.611051 182196.040664, 536752.910747 182256.332827, 536717.877278 182364.536020)

LINESTRING (536673.995748 182351.681602, 536675.519335 182346.915179, 536675.762562 182346.131615, 536676.557967 182343.660282, 536681.781882 182327.275346, 536705.064214 182253.286739, 536707.897750 182244.215547, 536716.671685 182215.618300)

LINESTRING (536673.995748 182351.681602, 536713.992665 182363.396540, 536717.877278 182364.536020)

LINESTRING (536673.995748 182351.681602, 536664.290898 182348.582785, 536629.263810 182338.949366, 536619.583727 182336.218536)

LINESTRING (536842.083687 182159.647870, 536782.752582 182161.800242, 536777.485172 182161.992266)

LINESTRING (536583.228673 182180.257522, 536586.314031 182150.194003)

LINESTRING (536583.228673 182180.257522, 536578.976227 182212.159212)

LINESTRING (536583.228673 182180.257522, 536587.400567 182180.013586, 536608.789068 182178.741413, 536660.897344 182175.391167, 536672.957241 182174.313448, 536698.285169 182174.215952, 536703.117365 182174.201315, 536729.847518 182174.108325, 536734.277276 182163.511021, 536777.485172 182161.992266)

LINESTRING (536905.007576 181369.966117, 536910.785275 181372.770317, 536911.889161 181373.289705, 536913.254653 181374.149990, 536920.150683 181378.998553, 536930.069474 181386.076341, 536935.917098 181390.407031, 536955.821760 181404.130498, 536973.442252 181416.813185)

LINESTRING (536905.007576 181369.966117, 536895.815919 181378.420793, 536895.225598 181380.229927, 536893.377717 181385.677514, 536892.091950 181390.105316, 536893.878755 181400.068751)

LINESTRING (536905.007576 181369.966117, 536907.400669 181363.353625, 536911.076103 181353.214635, 536922.360610 181322.237093, 536931.477621 181297.232692, 536938.267583 181278.709024, 536945.610368 181257.451576, 536948.968196 181248.539288, 536952.578491 181232.578476)

LINESTRING (536973.442252 181416.813185, 536951.951968 181474.546151)

LINESTRING (536973.442252 181416.813185, 537009.666920 181441.737889)

LINESTRING (536973.442252 181416.813185, 536955.821760 181404.130498, 536935.917098 181390.407031, 536930.069474 181386.076341, 536920.150683 181378.998553, 536913.254653 181374.149990, 536911.889161 181373.289705, 536910.785275 181372.770317, 536905.007576 181369.966117)

LINESTRING (536952.578491 181232.578476, 536953.339348 181225.988781, 536953.493548 181222.843633, 536953.537141 181221.999059, 536953.492085 181218.002791, 536953.520627 181207.153485, 536951.561276 181185.300375, 536950.451350 181173.151763, 536949.298960 181156.394900, 536948.539177 181145.424196, 536947.925237 181138.574887, 536947.724616 181135.197611, 536946.696173 181116.674694, 536944.978201 181093.848809)

LINESTRING (536952.578491 181232.578476, 536948.968196 181248.539288, 536945.610368 181257.451576, 536938.267583 181278.709024, 536931.477621 181297.232692, 536922.360610 181322.237093, 536911.076103 181353.214635, 536907.400669 181363.353625, 536905.007576 181369.966117)

LINESTRING (536952.578491 181232.578476, 536958.716470 181233.355958, 536960.166664 181233.650995, 536962.705575 181235.544463, 536969.294367 181240.462703, 537014.455436 181271.871232, 537034.496156 181285.709944, 537057.726743 181302.272183, 537059.425016 181303.408562, 537065.411065 181307.498312, 537083.416527 181319.813397, 537095.458824 181327.961474, 537096.952229 181328.969928, 537138.782953 181358.943257, 537143.112835 181361.619626, 537146.588185 181362.770614, 537150.838052 181362.751781, 537192.310400 181355.057709)

LINESTRING (536699.168843 181030.910570, 536686.411450 181087.766648)

LINESTRING (536699.168843 181030.910570, 536709.629651 180986.901512, 536710.637481 180982.477322, 536711.824533 180976.811588, 536715.746838 180957.231222)

LINESTRING (536699.168843 181030.910570, 536702.223104 181030.948215, 536736.068285 181031.424753)

LINESTRING (536686.411450 181087.766648, 536699.168843 181030.910570)

LINESTRING (536715.746838 180957.231222, 536711.824533 180976.811588, 536710.637481 180982.477322, 536709.629651 180986.901512, 536699.168843 181030.910570)

LINESTRING (536715.746838 180957.231222, 536717.348212 180949.328728, 536728.180092 180908.056106)

LINESTRING (536715.746838 180957.231222, 536721.132310 180957.342719, 536724.775824 180957.418484)

LINESTRING (536736.068285 181031.424753, 536702.223104 181030.948215, 536699.168843 181030.910570)

LINESTRING (536775.759390 180882.027645, 536778.022708 180877.915461, 536789.004815 180839.340027, 536790.889395 180834.594471)

LINESTRING (536775.759390 180882.027645, 536773.509397 180883.580689, 536733.683926 180888.284606, 536730.969684 180891.349748, 536728.180092 180908.056106)

LINESTRING (536790.889395 180834.594471, 536796.993162 180821.182284, 536812.127330 180787.537188, 536814.732811 180776.134090, 536817.298709 180764.396079, 536818.974679 180757.341366, 536820.230567 180754.025569)

LINESTRING (536790.889395 180834.594471, 536789.004815 180839.340027, 536778.022708 180877.915461, 536775.759390 180882.027645)

LINESTRING (536790.889395 180834.594471, 536797.065891 180836.797190, 536799.897242 180837.897201, 536808.903336 180841.522621, 536822.308000 180847.358585, 536857.786058 180864.605625, 536869.345533 180870.881674, 536870.971261 180871.882488, 536878.239254 180875.839587)

LINESTRING (536790.889395 180834.594471, 536787.874388 180833.867882, 536785.069347 180833.080177, 536780.896169 180832.556115, 536756.316603 180830.915365)

LINESTRING (536728.180092 180908.056106, 536726.085069 180907.721535, 536722.856245 180907.200668, 536707.521282 180904.718284)

LINESTRING (536728.180092 180908.056106, 536717.348212 180949.328728, 536715.746838 180957.231222)

LINESTRING (536728.180092 180908.056106, 536730.969684 180891.349748, 536733.683926 180888.284606, 536773.509397 180883.580689, 536775.759390 180882.027645)

LINESTRING (537324.574679 180974.803654, 537314.553393 180976.903201)

LINESTRING (537324.574679 180974.803654, 537326.131945 180982.702324, 537326.376145 180983.944166, 537326.461570 180984.380478, 537332.415289 181014.598943, 537333.429854 181020.223903, 537334.470938 181028.464734)

LINESTRING (537324.574679 180974.803654, 537386.876742 180960.896775, 537392.787959 180959.799082, 537403.497519 180958.185685, 537407.506930 180957.570749, 537410.967868 180956.952114, 537428.834391 180954.653151)

LINESTRING (537314.553393 180976.903201, 537324.574679 180974.803654)

LINESTRING (537314.553393 180976.903201, 537305.063161 180974.254199, 537300.804309 180975.107298, 537291.064495 180977.069828, 537285.847868 180981.246686)

LINESTRING (537334.470938 181028.464734, 537333.555188 181061.580110)

LINESTRING (537334.470938 181028.464734, 537333.429854 181020.223903, 537332.415289 181014.598943, 537326.461570 180984.380478, 537326.376145 180983.944166, 537326.131945 180982.702324, 537324.574679 180974.803654)

LINESTRING (537334.470938 181028.464734, 537339.623136 181028.470431, 537356.586653 181028.483769, 537383.214650 181028.035082, 537396.302991 181027.810254, 537410.421008 181027.769098, 537421.316090 181027.507287, 537422.181969 181000.622415)

LINESTRING (537428.834391 180954.653151, 537426.472425 180947.500538, 537424.443338 180938.309315, 537424.094223 180934.271422, 537423.427639 180919.118879)

LINESTRING (537428.834391 180954.653151, 537432.486283 180964.177598, 537433.894008 180968.099452, 537434.006857 180968.291685, 537434.871454 180971.241816, 537436.590251 180979.066997, 537439.222052 180988.051960, 537442.053026 180994.293615, 537453.308516 181017.422231, 537458.022227 181026.708341, 537477.377159 181064.867911, 537493.610476 181101.618839)

LINESTRING (537428.834391 180954.653151, 537440.571066 180954.603315, 537445.133881 180955.093951, 537446.775695 180955.238509, 537460.364260 180956.551948, 537472.398205 180957.834497, 537562.788709 180967.558365, 537564.976281 180967.806762)

LINESTRING (537428.834391 180954.653151, 537410.967868 180956.952114, 537407.506930 180957.570749, 537403.497519 180958.185685, 537392.787959 180959.799082, 537386.876742 180960.896775, 537324.574679 180974.803654)

LINESTRING (536999.904732 180632.949234, 537005.625704 180660.300953, 537009.429994 180674.514160, 537018.267675 180699.590723, 537026.387039 180705.974687)

LINESTRING (537026.387039 180705.974687, 537027.565189 180698.850968, 537020.721568 180673.995068)

LINESTRING (537026.387039 180705.974687, 537029.275791 180712.673898, 537037.680021 180732.185805)

LINESTRING (537037.546840 180417.485641, 537046.874429 180416.679940)

LINESTRING (537046.874429 180416.679940, 537052.156775 180417.289754, 537055.758614 180416.607894, 537058.768100 180415.487189, 537061.651689 180413.884574, 537064.557512 180411.715019, 537066.589928 180410.000429, 537069.421991 180406.960882, 537071.437663 180404.322195, 537073.576281 180400.729792, 537074.694427 180398.667830, 537076.535886 180395.278852)

LINESTRING (537046.874429 180416.679940, 537050.530924 180414.486104, 537053.904097 180412.240117, 537057.851634 180409.297411, 537062.465124 180404.836963, 537065.559652 180401.593054, 537068.318510 180397.405319, 537069.237888 180395.760870, 537072.426157 180390.071271, 537074.714286 180385.570382)

LINESTRING (536422.107386 182511.100011, 536434.609920 182517.545226)

LINESTRING (536422.107386 182511.100011, 536420.559194 182517.568461, 536418.351892 182525.833116, 536417.187075 182530.175238, 536416.632977 182532.196828, 536409.926620 182556.777095, 536408.944301 182562.337099, 536408.644304 182568.338301, 536408.963530 182574.545314)

LINESTRING (536434.609920 182517.545226, 536435.535753 182513.830999, 536437.484038 182505.648419)

LINESTRING (536434.609920 182517.545226, 536449.112393 182525.513127, 536456.067078 182528.648943, 536459.506830 182530.065614, 536461.965383 182531.055309, 536473.984549 182535.851785)

LINESTRING (536408.963530 182574.545314, 536414.690641 182570.659563, 536419.406527 182565.656090, 536421.834414 182561.325635, 536424.027278 182554.373728, 536428.512488 182539.092685, 536430.654057 182531.983607, 536431.645137 182528.682878, 536432.425795 182525.721472, 536434.609920 182517.545226)

LINESTRING (536445.808959 182449.763355, 536447.561951 182443.166873, 536449.869033 182433.257927, 536452.946679 182422.056546, 536453.593270 182418.401590, 536456.106057 182404.970513, 536457.202524 182398.523321, 536458.050922 182393.816602, 536459.392078 182386.530237, 536460.297999 182381.491215, 536462.456034 182368.862974, 536464.460596 182359.880680, 536467.934991 182341.923983, 536471.625385 182322.904779, 536472.306384 182319.261877, 536474.962772 182305.656614)

LINESTRING (536445.808959 182449.763355, 536441.960482 182455.290879, 536439.118317 182460.311279, 536437.560194 182463.530007, 536431.857113 182477.888073, 536429.302305 182484.874769, 536428.906878 182485.899077, 536428.175171 182488.071691, 536426.950664 182492.568003, 536425.129471 182498.862196)

LINESTRING (536474.962772 182305.656614, 536482.290103 182307.077584, 536486.213607 182307.806183, 536522.398458 182315.188416)

LINESTRING (536474.962772 182305.656614, 536476.600438 182297.154109, 536477.296876 182293.711932, 536480.605976 182277.776144, 536482.970539 182265.732128, 536484.924018 182256.069644, 536495.155573 182207.280058, 536497.578922 182198.475950, 536498.126675 182196.175991, 536503.040381 182178.658604, 536506.176173 182168.660663)

LINESTRING (536474.962772 182305.656614, 536472.306384 182319.261877, 536471.625385 182322.904779, 536467.934991 182341.923983, 536464.460596 182359.880680, 536462.456034 182368.862974, 536460.297999 182381.491215, 536459.392078 182386.530237, 536458.050922 182393.816602, 536457.202524 182398.523321, 536456.106057 182404.970513, 536453.593270 182418.401590, 536452.946679 182422.056546, 536449.869033 182433.257927, 536447.561951 182443.166873, 536445.808959 182449.763355)

LINESTRING (536425.129471 182498.862196, 536411.410646 182491.694392, 536407.284413 182490.248192, 536402.735768 182489.280296, 536388.446013 182487.861661)

LINESTRING (536425.129471 182498.862196, 536423.195839 182506.499889, 536422.107386 182511.100011)

LINESTRING (537669.313411 180979.456923, 537668.217481 180989.665314, 537667.600441 180995.012462, 537664.724797 181026.060549, 537663.123834 181043.121450)

LINESTRING (537669.313411 180979.456923, 537669.781964 180972.670196, 537669.683512 180970.152523, 537669.196264 180962.249326, 537669.121027 180959.387303, 537669.067654 180945.208344, 537668.854477 180889.505200)

LINESTRING (537669.313411 180979.456923, 537702.865387 180983.092393, 537721.708994 180984.971809, 537735.746659 180986.364930, 537763.003493 180989.373926)

LINESTRING (537669.313411 180979.456923, 537649.455469 180977.082839, 537618.467492 180973.383616, 537612.348875 180972.650385, 537606.583236 180971.960103)

LINESTRING (537663.123834 181043.121450, 537664.724797 181026.060549, 537667.600441 180995.012462, 537668.217481 180989.665314, 537669.313411 180979.456923)

LINESTRING (537663.123834 181043.121450, 537659.217136 181083.266856, 537657.322454 181102.712397, 537656.773623 181108.361860)

LINESTRING (537663.123834 181043.121450, 537658.940335 181042.729916, 537626.629600 181039.684752, 537615.499134 181038.637732)

LINESTRING (537668.854477 180889.505200, 537664.957179 180889.566553, 537614.203001 180889.816712, 537583.697731 180890.326180, 537569.607524 180892.916014, 537566.897435 180893.499226, 537564.822391 180893.710137)

LINESTRING (537668.854477 180889.505200, 537668.039917 180868.305894, 537667.530907 180824.546586, 537667.225647 180797.874807, 537667.316093 180789.408588, 537666.576661 180762.613766, 537666.506208 180759.061917, 537666.341642 180755.908138)

LINESTRING (537668.854477 180889.505200, 537669.067654 180945.208344, 537669.121027 180959.387303, 537669.196264 180962.249326, 537669.683512 180970.152523, 537669.781964 180972.670196, 537669.313411 180979.456923)

LINESTRING (537763.003493 180989.373926, 537763.945370 180989.466229)

LINESTRING (537763.003493 180989.373926, 537761.901028 180999.047967, 537758.133847 181026.588683, 537754.470761 181053.364367, 537751.531611 181074.183749, 537746.239133 181111.631878, 537745.514614 181116.842567)

LINESTRING (537763.003493 180989.373926, 537735.746659 180986.364930, 537721.708994 180984.971809, 537702.865387 180983.092393, 537669.313411 180979.456923)

LINESTRING (537606.583236 180971.960103, 537605.225623 180971.834316)

LINESTRING (537606.583236 180971.960103, 537605.272943 180982.396392, 537604.633876 180992.149772, 537601.752423 181037.275072, 537615.499134 181038.637732)

LINESTRING (537606.583236 180971.960103, 537612.348875 180972.650385, 537618.467492 180973.383616, 537649.455469 180977.082839, 537669.313411 180979.456923)

LINESTRING (538105.703927 181026.897105, 538103.417742 181026.701435)

LINESTRING (538105.703927 181026.897105, 538119.616041 181031.882354, 538134.399569 181033.675223, 538139.107108 181033.691901, 538151.317017 181033.856888)

LINESTRING (538103.417742 181026.701435, 538105.703927 181026.897105)

LINESTRING (538103.417742 181026.701435, 538082.274639 181023.845583, 538068.752114 181022.409850, 538057.391779 181021.133047, 538045.157449 181019.821401, 538020.714725 181017.009718)

LINESTRING (538151.317017 181033.856888, 538156.631012 181022.038327)

LINESTRING (538151.317017 181033.856888, 538165.903872 181034.965671, 538221.463518 181041.306255, 538249.770950 181044.480002)

LINESTRING (537032.562979 180896.724157, 537014.203106 180917.840265)

LINESTRING (537032.562979 180896.724157, 537022.962779 180898.401631, 537017.126503 180898.266534, 537009.506312 180898.105608, 537003.561031 180899.180571)

LINESTRING (537014.203106 180917.840265, 537002.456958 180933.181092, 536999.090831 180937.497149, 536969.514959 180975.170407, 536960.376396 180986.263829, 536930.194564 181023.253267)

LINESTRING (537003.561031 180899.180571, 537007.052811 180904.371457, 537009.437517 180908.642236, 537010.507160 180913.011103, 537014.203106 180917.840265)

LINESTRING (537003.561031 180899.180571, 536997.457989 180898.637688, 536963.717247 180898.629650, 536959.971654 180898.217116)

LINESTRING (538872.662392 181208.493030, 538877.203381 181204.944737, 538880.509105 181200.861906)

LINESTRING (538872.662392 181208.493030, 538873.438591 181214.646028, 538876.331255 181221.357650, 538880.377788 181228.278864)

LINESTRING (538880.509105 181200.861906, 538871.769656 181199.743914)

LINESTRING (538880.509105 181200.861906, 538886.025184 181191.108327, 538892.060058 181171.520237)

LINESTRING (536512.385005 182142.475787, 536521.066014 182145.457751)

LINESTRING (536512.385005 182142.475787, 536506.652720 182154.284630, 536503.414242 182161.386465, 536506.176173 182168.660663)

LINESTRING (536521.066014 182145.457751, 536512.385005 182142.475787)

LINESTRING (536521.066014 182145.457751, 536528.401730 182132.367752, 536530.211470 182128.833089, 536528.546809 182123.869660)

LINESTRING (536521.066014 182145.457751, 536526.719535 182146.655742, 536532.480274 182147.222310, 536535.187832 182146.961231, 536543.641106 182146.275915, 536567.407231 182144.366389, 536585.241538 182141.540762)

LINESTRING (536506.176173 182168.660663, 536511.826444 182166.620228, 536513.946223 182161.880911, 536515.740212 182158.156641, 536521.066014 182145.457751)

LINESTRING (536506.176173 182168.660663, 536503.040381 182178.658604, 536498.126675 182196.175991, 536497.578922 182198.475950, 536495.155573 182207.280058, 536484.924018 182256.069644, 536482.970539 182265.732128, 536480.605976 182277.776144, 536477.296876 182293.711932, 536476.600438 182297.154109, 536474.962772 182305.656614)

LINESTRING (536522.398458 182315.188416, 536564.876412 182324.498356)

LINESTRING (536522.398458 182315.188416, 536523.269357 182310.938568, 536527.262091 182291.526904, 536550.310593 182211.177161, 536552.775121 182208.850831, 536578.976227 182212.159212)

LINESTRING (536522.398458 182315.188416, 536486.213607 182307.806183, 536482.290103 182307.077584, 536474.962772 182305.656614)

LINESTRING (536405.705358 181654.196230, 536405.084540 181608.787480, 536404.655557 181577.438846)

LINESTRING (536405.705358 181654.196230, 536399.785402 181670.918840, 536395.480415 181683.088846, 536384.038813 181715.409702)

LINESTRING (536405.705358 181654.196230, 536430.611105 181654.141595, 536444.428329 181654.112012, 536447.724692 181652.876274, 536451.052276 181649.961012)

LINESTRING (536404.655557 181577.438846, 536405.084540 181608.787480, 536405.705358 181654.196230)

LINESTRING (536404.655557 181577.438846, 536406.995440 181573.039240, 536408.521916 181570.231392, 536409.626797 181568.903409, 536411.965254 181565.850283)

LINESTRING (536384.038813 181715.409702, 536395.480415 181683.088846, 536399.785402 181670.918840, 536405.705358 181654.196230)

LINESTRING (536451.052276 181649.961012, 536461.825611 181637.630920, 536461.648524 181617.339376, 536461.368784 181596.733484, 536460.974832 181568.746502, 536460.681059 181547.628337)

LINESTRING (536451.052276 181649.961012, 536447.724692 181652.876274, 536444.428329 181654.112012, 536430.611105 181654.141595, 536405.705358 181654.196230)

LINESTRING (536451.052276 181649.961012, 536454.123185 181652.725391, 536471.137608 181667.560056, 536479.303112 181658.231351, 536487.013430 181648.790277, 536492.920910 181640.814223, 536500.495534 181627.897508, 536504.397818 181620.390624, 536507.648771 181612.576909, 536511.274917 181602.169266, 536512.975694 181593.134311, 536514.229256 181583.430774, 536514.604676 181578.243969, 536513.743000 181574.136751, 536511.608209 181570.640767, 536509.964755 181569.272351, 536506.470467 181565.984666, 536502.085775 181560.692235, 536499.352199 181554.932265, 536497.130069 181547.450029)

LINESTRING (536513.761552 181308.806506, 536515.109185 181305.682289, 536516.515681 181302.693194, 536517.855482 181299.602152, 536528.918358 181286.089227)

LINESTRING (536513.761552 181308.806506, 536528.523414 181311.384241, 536536.932019 181313.446331, 536544.781786 181318.475788, 536553.244159 181326.804553, 536557.480883 181333.216996, 536566.527983 181346.914186, 536569.218232 181351.704867)

LINESTRING (536513.761552 181308.806506, 536501.078278 181306.651881, 536451.722706 181297.670079, 536430.456659 181293.471267)

LINESTRING (536569.218232 181351.704867, 536573.525279 181363.249338, 536573.969331 181366.877954, 536574.237150 181369.055161, 536574.110466 181376.351887, 536565.598677 181414.560091, 536562.977185 181426.330093)

LINESTRING (536569.218232 181351.704867, 536566.527983 181346.914186, 536557.480883 181333.216996, 536553.244159 181326.804553, 536544.781786 181318.475788, 536536.932019 181313.446331, 536528.523414 181311.384241, 536513.761552 181308.806506)

LINESTRING (536569.218232 181351.704867, 536565.924400 181353.096399, 536560.314385 181355.672049, 536554.076808 181357.830224, 536544.991445 181356.150534, 536540.776989 181355.369592, 536525.456010 181352.932588, 536517.667705 181352.077901)

LINESTRING (536430.456659 181293.471267, 536451.722706 181297.670079, 536501.078278 181306.651881, 536513.761552 181308.806506)

LINESTRING (536430.456659 181293.471267, 536423.812042 181293.203848, 536402.406354 181291.360592, 536397.984417 181291.063844)

LINESTRING (536430.456659 181293.471267, 536430.378225 181289.151407, 536429.776916 181255.427843, 536431.275304 181244.618045, 536434.642406 181220.326488, 536436.329286 181208.186364)

LINESTRING (537124.140300 180938.176651, 537149.997888 180923.061099, 537156.380570 180919.416346, 537175.033763 180907.522873)

LINESTRING (537124.140300 180938.176651, 537113.151174 180992.364277, 537112.840394 180994.103034)

LINESTRING (537124.140300 180938.176651, 537124.038510 180898.712977, 537121.030457 180863.243847, 537120.838263 180851.064311, 537121.110219 180845.874736, 537122.096528 180842.262396, 537123.586203 180839.553901, 537128.840104 180832.451142, 537137.070845 180823.114027, 537145.801867 180814.024119, 537152.162022 180810.189567)

LINESTRING (537175.033763 180907.522873, 537185.574482 180902.131965, 537182.304347 180890.537032, 537172.549265 180894.090728, 537175.033763 180907.522873)

LINESTRING (537175.033763 180907.522873, 537172.549265 180894.090728, 537182.304347 180890.537032, 537185.574482 180902.131965, 537175.033763 180907.522873)

LINESTRING (537175.033763 180907.522873, 537156.380570 180919.416346, 537149.997888 180923.061099, 537124.140300 180938.176651)

LINESTRING (537112.840394 180994.103034, 537113.151174 180992.364277, 537124.140300 180938.176651)

LINESTRING (537152.162022 180810.189567, 537149.557615 180807.114645, 537147.884732 180805.288974, 537146.299992 180803.799532, 537143.143188 180800.865503)

LINESTRING (537152.162022 180810.189567, 537156.677690 180809.087319, 537165.000861 180808.421682, 537188.516657 180807.542955, 537202.585980 180806.754284, 537212.302724 180806.170859)

LINESTRING (537152.162022 180810.189567, 537145.801867 180814.024119, 537137.070845 180823.114027, 537128.840104 180832.451142, 537123.586203 180839.553901, 537122.096528 180842.262396, 537121.110219 180845.874736, 537120.838263 180851.064311, 537121.030457 180863.243847, 537124.038510 180898.712977, 537124.140300 180938.176651)

LINESTRING (537070.566195 180338.519448, 537076.776377 180329.706398, 537077.361288 180328.876422, 537079.896105 180325.272449, 537082.651198 180321.741187, 537118.407777 180270.591878)

LINESTRING (537070.566195 180338.519448, 537066.130503 180340.247130, 537058.731511 180345.244523, 537055.003251 180346.234566, 537049.518342 180347.210634)

LINESTRING (537118.407777 180270.591878, 537125.527337 180260.512531, 537127.078901 180257.060107, 537130.252433 180252.694407, 537133.734764 180247.179699, 537141.367746 180231.972957)

LINESTRING (537118.407777 180270.591878, 537082.651198 180321.741187, 537079.896105 180325.272449, 537077.361288 180328.876422, 537076.776377 180329.706398, 537070.566195 180338.519448)

LINESTRING (537049.518342 180347.210634, 537040.437871 180345.285443, 537038.310072 180345.127923, 537029.094725 180346.660009, 537020.702829 180350.106116, 537014.565291 180354.425366, 537010.858023 180357.986637, 537008.520489 180360.972777, 537007.030201 180363.959497, 537004.140492 180370.169082, 537002.554342 180376.970216, 537002.118778 180381.020295, 537002.059248 180382.198287, 537002.370218 180386.635721, 537003.377896 180391.247729, 537004.384053 180394.112557, 537005.298402 180396.518653, 537007.410542 180400.348068, 537010.570357 180404.728752, 537014.278907 180408.590074)

LINESTRING (537126.320365 180167.267815, 537127.907745 180170.727018, 537130.080140 180173.868154, 537132.771448 180176.567031, 537135.892951 180178.765614, 537139.356830 180180.372509, 537142.202892 180180.938937, 537145.906089 180180.883051, 537149.506569 180180.000903, 537153.628030 180178.342707)

LINESTRING (537126.320365 180167.267815, 537126.213515 180182.299237, 537125.897272 180201.231037, 537126.205768 180213.480466)

LINESTRING (537153.628030 180178.342707, 537163.160526 180176.652465, 537165.064137 180176.369982)

LINESTRING (537126.205768 180213.480466, 537126.571696 180239.819847, 537123.181762 180255.296863, 537122.260129 180260.112803, 537118.407777 180270.591878)

LINESTRING (537126.205768 180213.480466, 537124.350675 180226.639691, 537122.702855 180233.917647, 537117.609460 180248.180246, 537115.173402 180252.755026, 537105.816220 180270.352390, 537093.419728 180285.797937, 537071.378455 180313.291293, 537058.821259 180324.659633, 537047.628923 180333.060168)

LINESTRING (537014.278907 180408.590074, 537016.353684 180412.774591, 537018.347145 180416.111168, 537019.487193 180418.645761, 537020.623868 180422.593555, 537020.811267 180426.204167, 537020.825940 180429.008888, 537022.229104 180433.375612)

LINESTRING (537014.278907 180408.590074, 537020.616869 180410.229855, 537026.749559 180413.043707, 537032.168660 180415.793816, 537037.546840 180417.485641)

LINESTRING (536670.909270 181110.885963, 536674.806232 181110.311947, 536678.654626 181109.736627, 536683.478921 181109.020636, 536689.117137 181108.248643, 536693.989231 181106.788354, 536697.711126 181104.462510, 536702.579520 181102.623768, 536706.592956 181102.108551)

LINESTRING (536706.592956 181102.108551, 536717.509479 181103.103311, 536723.415912 181103.718476, 536729.918586 181104.883847, 536737.490826 181106.556520, 536752.406484 181110.663594, 536766.083035 181114.370132, 536777.480689 181115.288945, 536785.749680 181115.066383, 536794.139162 181113.979074, 536807.057242 181111.811839, 536816.736714 181109.234722, 536825.904726 181106.054054)

LINESTRING (536706.592956 181102.108551, 536695.984375 181098.184238, 536690.502091 181097.547130, 536687.738756 181097.795521, 536685.871768 181098.279461, 536671.612639 181101.256684, 536669.017452 181101.965866, 536662.719584 181104.545175, 536657.523244 181108.767709, 536655.102786 181109.693034)

LINESTRING (536676.120426 181322.451852, 536673.906887 181328.078854, 536671.718476 181332.771759, 536669.701498 181335.221368, 536664.463507 181337.128090, 536657.350069 181339.062276, 536650.206785 181338.491812, 536639.852887 181336.733325)

LINESTRING (536676.120426 181322.451852, 536678.453481 181315.737495, 536698.914617 181239.636440, 536701.225970 181231.408065)

LINESTRING (536676.120426 181322.451852, 536683.219227 181323.644337, 536685.105031 181324.006654)

LINESTRING (536639.852887 181336.733325, 536650.206785 181338.491812, 536657.350069 181339.062276, 536664.463507 181337.128090, 536669.701498 181335.221368, 536671.718476 181332.771759, 536673.906887 181328.078854, 536676.120426 181322.451852)

LINESTRING (536639.852887 181336.733325, 536628.156942 181334.015131, 536571.934239 181320.919231, 536566.932536 181319.460543, 536562.873959 181317.270486, 536559.871676 181314.530150, 536531.344353 181288.313288, 536528.918358 181286.089227)

LINESTRING (536639.852887 181336.733325, 536636.051581 181354.414060, 536619.299578 181432.317671, 536617.879139 181438.923048)

LINESTRING (536701.225970 181231.408065, 536698.914617 181239.636440, 536678.453481 181315.737495, 536676.120426 181322.451852)

LINESTRING (536701.225970 181231.408065, 536675.170435 181225.855285, 536659.050462 181224.197638, 536653.830481 181223.623258, 536645.243162 181222.780282, 536642.358831 181222.624825, 536636.014921 181221.241264, 536631.424775 181219.192657)

LINESTRING (536701.225970 181231.408065, 536704.289916 181232.113673, 536741.962672 181241.250914, 536752.764018 181243.934160, 536758.947147 181245.614005, 536763.366343 181247.046075, 536763.882540 181247.215764)

LINESTRING (536685.105031 181324.006654, 536683.219227 181323.644337, 536676.120426 181322.451852)

LINESTRING (538267.480501 180753.163959, 538274.403499 180740.165152, 538275.660863 180738.107222, 538279.934965 180732.369970)

LINESTRING (538267.480501 180753.163959, 538257.405331 180753.635472, 538256.633265 180753.681239)

LINESTRING (538267.480501 180753.163959, 538270.414894 180753.021223, 538278.300325 180752.122921, 538280.359775 180751.978643, 538285.145405 180752.197880, 538292.050718 180753.632152)

LINESTRING (538279.934965 180732.369970, 538280.976183 180728.047095, 538281.308848 180721.690701)

LINESTRING (538256.633265 180753.681239, 538250.842862 180763.338971, 538247.123595 180769.870326, 538242.129166 180778.859758)

LINESTRING (538256.633265 180753.681239, 538257.405331 180753.635472, 538267.480501 180753.163959)

LINESTRING (538256.633265 180753.681239, 538251.492794 180753.997668, 538242.815450 180754.139997, 538240.129980 180754.066951, 538239.590537 180753.985507, 538235.763729 180753.747879, 538230.283290 180753.287223, 538228.677328 180753.098875)

LINESTRING (538292.050718 180753.632152, 538285.145405 180752.197880, 538280.359775 180751.978643, 538278.300325 180752.122921, 538270.414894 180753.021223, 538267.480501 180753.163959)

LINESTRING (538292.050718 180753.632152, 538286.968736 180746.694419, 538284.436807 180743.019925, 538281.955664 180737.989150, 538279.934965 180732.369970)

LINESTRING (538292.050718 180753.632152, 538292.818548 180753.742072, 538297.281342 180754.086077, 538335.073335 180759.666108, 538345.810528 180761.661020, 538362.776493 180765.962180, 538370.609755 180768.000501, 538384.021383 180771.492747)

LINESTRING (538287.726425 180710.425317, 538281.308848 180721.690701)

LINESTRING (538287.726425 180710.425317, 538297.416763 180701.641601, 538304.242462 180692.223528, 538317.324304 180673.394163, 538336.513026 180656.255634)

LINESTRING (538281.308848 180721.690701, 538287.726425 180710.425317)

LINESTRING (538281.308848 180721.690701, 538275.033364 180725.437158, 538268.917624 180731.480420, 538266.386281 180735.951941, 538264.299713 180739.645446, 538256.633265 180753.681239)

LINESTRING (538336.513026 180656.255634, 538343.600755 180653.544041, 538348.147763 180651.052635, 538357.602683 180645.567754)

LINESTRING (538287.111335 180646.509305, 538290.235063 180668.506119)

LINESTRING (538287.111335 180646.509305, 538298.762519 180654.226716, 538313.727025 180658.595645, 538325.820679 180660.004229, 538336.513026 180656.255634)

LINESTRING (538290.235063 180668.506119, 538290.047047 180676.947459, 538289.207868 180686.350381, 538288.111616 180696.013390, 538287.726425 180710.425317)

LINESTRING (536825.917903 180755.313761, 536820.230567 180754.025569)

LINESTRING (536825.917903 180755.313761, 536827.687187 180751.499887, 536828.089199 180750.753988, 536843.055679 180722.835511, 536844.282176 180718.806719, 536843.766967 180713.440153, 536840.732218 180708.028006, 536837.161677 180701.366199, 536834.833038 180693.714031, 536834.346150 180686.779144, 536847.365668 180657.673174, 536847.596955 180657.078475, 536849.463629 180652.744201)

LINESTRING (536825.917903 180755.313761, 536832.776811 180756.933965, 536843.134407 180759.371717, 536868.905681 180766.798279, 536887.847518 180770.735930, 536894.640042 180772.499099, 536898.691652 180772.897567)

LINESTRING (536820.230567 180754.025569, 536825.917903 180755.313761)

LINESTRING (536820.230567 180754.025569, 536818.974679 180757.341366, 536817.298709 180764.396079, 536814.732811 180776.134090, 536812.127330 180787.537188, 536796.993162 180821.182284, 536790.889395 180834.594471)

LINESTRING (536820.230567 180754.025569, 536812.027277 180751.011545, 536807.488733 180749.353674, 536782.895219 180738.153265, 536769.050333 180729.568023, 536759.094978 180723.791645, 536729.690285 180708.667312, 536715.608756 180701.644940, 536699.489267 180696.292673, 536693.697927 180694.478802, 536682.534234 180693.087997, 536669.981138 180692.750422)

LINESTRING (536849.463629 180652.744201, 536870.804737 180660.952854, 536874.900675 180662.287267, 536879.556042 180662.446026, 536900.864510 180661.551008, 536936.150181 180660.721051, 536942.633677 180661.329740, 536948.292390 180662.394729, 536953.147578 180664.673311, 536958.501776 180668.534431, 536963.601497 180673.334602, 536968.274044 180680.070715, 536970.870793 180686.528325, 536972.577630 180695.343404, 536973.349394 180705.357393, 536974.579441 180715.372606, 536976.932366 180723.403864, 536982.219732 180733.606329, 536987.720529 180744.649174, 536989.348128 180750.991648, 536989.934012 180759.398161, 536989.258867 180764.866204, 536988.507902 180769.798045)

LINESTRING (536849.463629 180652.744201, 536851.006112 180649.102279, 536851.501182 180647.479754, 536852.498561 180644.223773, 536853.530271 180639.177065, 536853.811704 180635.946319, 536853.396000 180631.784284, 536852.078129 180627.342008, 536850.956968 180624.362831, 536844.135680 180607.152930, 536841.123121 180601.429793, 536836.934721 180596.821212, 536833.129145 180593.469307)

LINESTRING (536849.463629 180652.744201, 536847.596955 180657.078475, 536847.365668 180657.673174, 536834.346150 180686.779144, 536834.833038 180693.714031, 536837.161677 180701.366199, 536840.732218 180708.028006, 536843.766967 180713.440153, 536844.282176 180718.806719, 536843.055679 180722.835511, 536828.089199 180750.753988, 536827.687187 180751.499887, 536825.917903 180755.313761)

LINESTRING (536849.463629 180652.744201, 536842.137886 180649.887303, 536830.913502 180644.299187, 536826.128343 180642.512253)

LINESTRING (536898.691652 180772.897567, 536898.067677 180778.789870, 536897.549037 180783.349618, 536893.126127 180812.720396, 536890.951104 180827.729487, 536889.309799 180842.775211, 536886.576631 180863.811921, 536884.204494 180871.960691, 536884.066414 180872.446616, 536883.421188 180874.487967, 536881.996301 180877.632274)

LINESTRING (536898.691652 180772.897567, 536904.181761 180773.256890, 536907.566466 180772.891807, 536927.408284 180770.744430, 536949.666145 180768.617720, 536957.900864 180769.173469, 536981.833731 180770.085543, 536988.507902 180769.798045)

LINESTRING (536898.691652 180772.897567, 536894.640042 180772.499099, 536887.847518 180770.735930, 536868.905681 180766.798279, 536843.134407 180759.371717, 536832.776811 180756.933965, 536825.917903 180755.313761)

LINESTRING (536988.507902 180769.798045, 536994.103358 180772.174523, 537011.650085 180778.144895, 537022.177240 180783.046939)

LINESTRING (536988.507902 180769.798045, 536981.833731 180770.085543, 536957.900864 180769.173469, 536949.666145 180768.617720, 536927.408284 180770.744430, 536907.566466 180772.891807, 536904.181761 180773.256890, 536898.691652 180772.897567)

LINESTRING (536988.507902 180769.798045, 536989.258867 180764.866204, 536989.934012 180759.398161, 536989.348128 180750.991648, 536987.720529 180744.649174, 536982.219732 180733.606329, 536976.932366 180723.403864, 536974.579441 180715.372606, 536973.349394 180705.357393, 536972.577630 180695.343404, 536970.870793 180686.528325, 536968.274044 180680.070715, 536963.601497 180673.334602, 536958.501776 180668.534431, 536953.147578 180664.673311, 536948.292390 180662.394729, 536942.633677 180661.329740, 536936.150181 180660.721051, 536900.864510 180661.551008, 536879.556042 180662.446026, 536874.900675 180662.287267, 536870.804737 180660.952854, 536849.463629 180652.744201)

LINESTRING (536833.129145 180593.469307, 536836.934721 180596.821212, 536841.123121 180601.429793, 536844.135680 180607.152930, 536850.956968 180624.362831, 536852.078129 180627.342008, 536853.396000 180631.784284, 536853.811704 180635.946319, 536853.530271 180639.177065, 536852.498561 180644.223773, 536851.501182 180647.479754, 536851.006112 180649.102279, 536849.463629 180652.744201)

LINESTRING (536826.128343 180642.512253, 536830.913502 180644.299187, 536842.137886 180649.887303, 536849.463629 180652.744201)

LINESTRING (537226.482110 180924.235489, 537228.413069 180937.074050, 537231.949769 180951.135573, 537235.414707 180953.710751, 537238.886957 180954.472215, 537249.005994 180952.352902, 537261.367447 180949.737758, 537263.825554 180946.654839, 537264.259394 180944.218329, 537264.211591 180940.589210, 537263.113692 180935.217969, 537259.404594 180917.000907, 537251.804258 180918.676323, 537249.219728 180919.240837, 537226.482110 180924.235489)

LINESTRING (537226.482110 180924.235489, 537249.219728 180919.240837, 537251.804258 180918.676323, 537259.404594 180917.000907, 537263.113692 180935.217969, 537264.211591 180940.589210, 537264.259394 180944.218329, 537263.825554 180946.654839, 537261.367447 180949.737758, 537249.005994 180952.352902, 537238.886957 180954.472215, 537235.414707 180953.710751, 537231.949769 180951.135573, 537228.413069 180937.074050, 537226.482110 180924.235489)

LINESTRING (537226.482110 180924.235489, 537223.130658 180908.198137, 537221.026860 180898.159245, 537243.248603 180892.471806, 537243.444396 180892.421452, 537263.297354 180887.282186)

LINESTRING (537263.297354 180887.282186, 537259.879579 180873.446419, 537255.692373 180856.473951, 537252.957630 180845.371944, 537248.200778 180826.091670, 537244.522666 180810.835594, 537242.954961 180803.059089)

LINESTRING (537263.297354 180887.282186, 537285.093817 180881.661337, 537306.718376 180878.806884, 537310.503081 180878.285954, 537315.427344 180878.252076)

LINESTRING (537263.297354 180887.282186, 537243.444396 180892.421452, 537243.248603 180892.471806, 537221.026860 180898.159245, 537223.130658 180908.198137, 537226.482110 180924.235489)

LINESTRING (537320.517579 180905.998953, 537287.714686 180913.169607)

LINESTRING (537320.517579 180905.998953, 537315.948679 180886.456599, 537315.759483 180883.435715, 537315.427344 180878.252076)

LINESTRING (537320.517579 180905.998953, 537327.342920 180935.061353, 537362.574423 180928.468502)

LINESTRING (537287.714686 180913.169607, 537320.517579 180905.998953)

LINESTRING (537315.427344 180878.252076, 537356.186782 180876.538062, 537376.499472 180878.033004, 537419.014758 180882.264966, 537420.643319 180882.386900, 537425.476520 180882.895954)

LINESTRING (537315.427344 180878.252076, 537310.503081 180878.285954, 537306.718376 180878.806884, 537285.093817 180881.661337, 537263.297354 180887.282186)

LINESTRING (537315.427344 180878.252076, 537315.759483 180883.435715, 537315.948679 180886.456599, 537320.517579 180905.998953)

LINESTRING (537362.574423 180928.468502, 537356.735743 180901.702890)

LINESTRING (537362.574423 180928.468502, 537327.342920 180935.061353, 537320.517579 180905.998953)

LINESTRING (537362.574423 180928.468502, 537372.550861 180926.234293, 537393.296733 180923.000356, 537412.926990 180919.936648, 537417.630952 180919.574193, 537423.427639 180919.118879)

LINESTRING (537215.225520 180805.682227, 537242.954961 180803.059089)

LINESTRING (537242.954961 180803.059089, 537215.225520 180805.682227)

LINESTRING (537242.954961 180803.059089, 537244.522666 180810.835594, 537248.200778 180826.091670, 537252.957630 180845.371944, 537255.692373 180856.473951, 537259.879579 180873.446419, 537263.297354 180887.282186)

LINESTRING (537242.954961 180803.059089, 537309.752561 180796.316806, 537347.485662 180794.320621, 537352.562342 180794.046072)

LINESTRING (537143.143188 180800.865503, 537146.299992 180803.799532, 537147.884732 180805.288974, 537149.557615 180807.114645, 537152.162022 180810.189567)

LINESTRING (537143.143188 180800.865503, 537155.320873 180787.573095, 537160.799278 180782.190181, 537167.760953 180775.367241, 537178.721643 180766.003713, 537187.177492 180759.911082, 537196.731021 180754.315484, 537201.930818 180751.796191, 537203.900806 180750.847826, 537208.721391 180748.485226, 537214.287141 180745.786644, 537222.850760 180741.878125)

LINESTRING (537212.302724 180806.170859, 537202.585980 180806.754284, 537188.516657 180807.542955, 537165.000861 180808.421682, 537156.677690 180809.087319, 537152.162022 180810.189567)

LINESTRING (536707.521282 180904.718284, 536722.856245 180907.200668, 536726.085069 180907.721535, 536728.180092 180908.056106)

LINESTRING (536707.521282 180904.718284, 536700.325107 180903.767993, 536695.616426 180903.018157, 536655.707383 180896.636692, 536656.324695 180885.558429, 536656.393952 180883.757515)

LINESTRING (536707.521282 180904.718284, 536707.588047 180902.494429, 536708.482437 180871.826767)

LINESTRING (537542.042727 181278.657058, 537546.229030 181278.681345, 537556.832811 181278.901610, 537580.054651 181279.574795, 537598.945080 181280.197568, 537604.772788 181280.377633, 537626.541473 181281.122965, 537630.943181 181281.397979, 537643.386278 181282.157890, 537659.695980 181285.003426)

LINESTRING (537542.042727 181278.657058, 537525.963878 181278.054948, 537486.418869 181277.340959)

LINESTRING (537542.042727 181278.657058, 537538.930264 181296.422671, 537526.519848 181358.594661, 537523.098221 181375.728727, 537523.235645 181378.347606, 537524.928140 181380.719236, 537528.291803 181382.145675, 537550.331166 181386.726175, 537564.749734 181389.653766, 537570.188209 181390.613373, 537576.765717 181390.535503, 537584.372988 181388.070673, 537590.602828 181384.934240, 537591.257427 181384.606987, 537613.109306 181360.727496, 537629.969438 181338.371012)

LINESTRING (537659.695980 181285.003426, 537672.546079 181287.399174, 537745.170193 181298.870921, 537758.350248 181300.875214)

LINESTRING (537659.695980 181285.003426, 537643.386278 181282.157890, 537630.943181 181281.397979, 537626.541473 181281.122965, 537604.772788 181280.377633, 537598.945080 181280.197568, 537580.054651 181279.574795, 537556.832811 181278.901610, 537546.229030 181278.681345, 537542.042727 181278.657058)

LINESTRING (537659.695980 181285.003426, 537651.798817 181308.159032, 537649.860727 181311.778887, 537648.514152 181313.812283, 537647.970877 181314.643321, 537629.969438 181338.371012)

LINESTRING (537486.418869 181277.340959, 537486.002304 181286.321383)

LINESTRING (537486.418869 181277.340959, 537525.963878 181278.054948, 537542.042727 181278.657058)

LINESTRING (537486.418869 181277.340959, 537488.045396 181246.737533, 537492.471514 181191.449312)

LINESTRING (537629.969438 181338.371012, 537647.970877 181314.643321, 537648.514152 181313.812283, 537649.860727 181311.778887, 537651.798817 181308.159032, 537659.695980 181285.003426)

LINESTRING (537629.969438 181338.371012, 537613.109306 181360.727496, 537591.257427 181384.606987, 537590.602828 181384.934240, 537584.372988 181388.070673, 537576.765717 181390.535503, 537570.188209 181390.613373, 537564.749734 181389.653766, 537550.331166 181386.726175, 537528.291803 181382.145675, 537524.928140 181380.719236, 537523.235645 181378.347606, 537523.098221 181375.728727, 537526.519848 181358.594661, 537538.930264 181296.422671, 537542.042727 181278.657058)

LINESTRING (537629.969438 181338.371012, 537647.120388 181350.653886, 537647.866217 181353.367150, 537638.015646 181407.373291, 537635.161394 181417.133441, 537621.546648 181429.907262)

LINESTRING (537496.539468 181445.530282, 537481.274137 181466.461381, 537458.329294 181495.620044, 537434.681009 181525.638912)

LINESTRING (537496.539468 181445.530282, 537505.055683 181431.794669, 537511.046226 181419.793509)

LINESTRING (537496.539468 181445.530282, 537503.179148 181451.619103, 537517.181686 181466.064270, 537523.976727 181473.080978, 537546.241436 181495.228106, 537562.191009 181511.094903, 537578.417416 181527.247459)

LINESTRING (537434.681009 181525.638912, 537425.709653 181535.934793, 537422.866500 181539.140755, 537381.288269 181582.629874, 537363.165543 181602.449101, 537355.725046 181609.548138, 537341.087133 181628.882971, 537336.584724 181635.427137, 537321.516479 181657.588112)

LINESTRING (537434.681009 181525.638912, 537458.329294 181495.620044, 537481.274137 181466.461381, 537496.539468 181445.530282)

LINESTRING (537434.681009 181525.638912, 537441.069594 181530.741569, 537458.062030 181544.510727, 537472.899639 181558.110362, 537482.561056 181566.962850, 537498.062563 181581.938185, 537509.808773 181593.284254)

LINESTRING (537511.046226 181419.793509, 537505.055683 181431.794669, 537496.539468 181445.530282)

LINESTRING (537511.046226 181419.793509, 537514.576594 181410.441089, 537515.868640 181406.058105)

LINESTRING (537511.046226 181419.793509, 537484.840071 181419.095504, 537464.608050 181418.292170, 537457.859517 181418.020578, 537438.090592 181417.808551, 537420.164200 181417.245811, 537404.703247 181412.554423, 537391.339497 181411.959371, 537387.200259 181410.712364, 537384.488363 181408.035012, 537382.741672 181404.070615, 537383.663695 181378.956652, 537385.606704 181375.403607, 537388.426233 181373.843977, 537392.604890 181373.634239, 537454.197404 181375.778510, 537466.857169 181376.477090, 537475.128279 181376.934552, 537482.295555 181376.872516, 537487.258796 181375.893972, 537496.267354 181370.139553)

LINESTRING (537578.417416 181527.247459, 537678.738419 181628.261601, 537683.520927 181632.664487)

LINESTRING (537578.417416 181527.247459, 537562.191009 181511.094903, 537546.241436 181495.228106, 537523.976727 181473.080978, 537517.181686 181466.064270, 537503.179148 181451.619103, 537496.539468 181445.530282)

LINESTRING (537578.417416 181527.247459, 537610.817932 181495.585557, 537576.678680 181462.733860, 537520.863786 181409.031019, 537515.868640 181406.058105)

LINESTRING (537495.652394 181120.080348, 537495.084476 181151.335598, 537492.471514 181191.449312)

LINESTRING (537495.652394 181120.080348, 537495.845728 181111.138399, 537493.610476 181101.618839)

LINESTRING (537495.652394 181120.080348, 537489.882740 181120.057783, 537472.997639 181119.979337, 537468.554176 181119.959288, 537431.583144 181119.793929, 537419.757851 181119.796860, 537382.088155 181119.791020)

LINESTRING (537492.471514 181191.449312, 537488.045396 181246.737533, 537486.418869 181277.340959)

LINESTRING (537492.471514 181191.449312, 537495.084476 181151.335598, 537495.652394 181120.080348)

LINESTRING (537492.471514 181191.449312, 537527.711057 181192.202591, 537542.374692 181192.510438, 537547.208476 181192.730301)

LINESTRING (537493.610476 181101.618839, 537500.411612 181101.758343, 537527.171760 181102.059600, 537552.739974 181102.529045)

LINESTRING (537493.610476 181101.618839, 537495.845728 181111.138399, 537495.652394 181120.080348)

LINESTRING (537493.610476 181101.618839, 537477.377159 181064.867911, 537458.022227 181026.708341, 537453.308516 181017.422231, 537442.053026 180994.293615, 537439.222052 180988.051960, 537436.590251 180979.066997, 537434.871454 180971.241816, 537434.006857 180968.291685, 537433.894008 180968.099452, 537432.486283 180964.177598, 537428.834391 180954.653151)

LINESTRING (537382.088155 181119.791020, 537382.169195 181140.937023, 537383.287232 181144.272361, 537383.357978 181197.389759)

LINESTRING (537382.088155 181119.791020, 537419.757851 181119.796860, 537431.583144 181119.793929, 537468.554176 181119.959288, 537472.997639 181119.979337, 537489.882740 181120.057783, 537495.652394 181120.080348)

LINESTRING (537382.088155 181119.791020, 537365.508394 181119.977138, 537346.974008 181119.776631, 537340.261301 181119.706491, 537332.299031 181119.624848)

LINESTRING (537425.476520 180882.895954, 537425.419767 180872.411541, 537424.768153 180859.529582, 537422.898985 180851.099414, 537420.812780 180844.788887, 537416.266799 180831.601320, 537413.935359 180819.464055, 537413.041929 180802.168748, 537413.222385 180799.347034, 537414.219853 180796.614181, 537416.469094 180794.070969)

LINESTRING (537425.476520 180882.895954, 537424.549321 180895.356859, 537424.058197 180902.476832, 537423.427639 180919.118879)

LINESTRING (537425.476520 180882.895954, 537420.643319 180882.386900, 537419.014758 180882.264966, 537376.499472 180878.033004, 537356.186782 180876.538062, 537315.427344 180878.252076)

LINESTRING (537416.469094 180794.070969, 537414.219853 180796.614181, 537413.222385 180799.347034, 537413.041929 180802.168748, 537413.935359 180819.464055, 537416.266799 180831.601320, 537420.812780 180844.788887, 537422.898985 180851.099414, 537424.768153 180859.529582, 537425.419767 180872.411541, 537425.476520 180882.895954)

LINESTRING (537416.469094 180794.070969, 537418.658709 180792.705749, 537421.500073 180792.148262, 537445.157597 180791.942248, 537464.093599 180789.149275)

LINESTRING (537416.469094 180794.070969, 537412.449069 180792.248515, 537409.611771 180791.114612, 537400.301547 180787.446508, 537390.502538 180783.620539, 537384.895812 180781.410236, 537380.752935 180776.168095, 537366.008548 180770.839716, 537353.081556 180770.979985)

LINESTRING (537423.427639 180919.118879, 537417.630952 180919.574193, 537412.926990 180919.936648, 537393.296733 180923.000356, 537372.550861 180926.234293, 537362.574423 180928.468502)

LINESTRING (537423.427639 180919.118879, 537424.058197 180902.476832, 537424.549321 180895.356859, 537425.476520 180882.895954)

LINESTRING (537423.427639 180919.118879, 537424.094223 180934.271422, 537424.443338 180938.309315, 537426.472425 180947.500538, 537428.834391 180954.653151)

LINESTRING (536881.996301 180877.632274, 536878.239254 180875.839587)

LINESTRING (536881.996301 180877.632274, 536884.881627 180878.789430, 536887.767551 180879.924347, 536905.790949 180885.718025)

LINESTRING (536959.971654 180898.217116, 536959.258281 180902.270840, 536953.772237 180933.460226, 536947.981863 180966.410811, 536947.826351 180967.285754, 536944.302719 180985.953077)

LINESTRING (536959.971654 180898.217116, 536960.612182 180895.062819, 536961.094127 180890.835933, 536962.146231 180861.329841, 536962.187347 180848.466661)

LINESTRING (536959.971654 180898.217116, 536963.717247 180898.629650, 536997.457989 180898.637688, 537003.561031 180899.180571)

LINESTRING (536944.302719 180985.953077, 536947.826351 180967.285754, 536947.981863 180966.410811, 536953.772237 180933.460226, 536959.258281 180902.270840, 536959.971654 180898.217116)

LINESTRING (536962.187347 180848.466661, 536961.218275 180845.001908, 536960.249201 180841.537156, 536957.282524 180834.379624, 536956.747983 180833.085468)

LINESTRING (536962.187347 180848.466661, 536962.146231 180861.329841, 536961.094127 180890.835933, 536960.612182 180895.062819, 536959.971654 180898.217116)

LINESTRING (536962.187347 180848.466661, 536958.198464 180850.896412, 536907.474542 180881.734944, 536906.782435 180883.196360, 536905.790949 180885.718025)

LINESTRING (536878.239254 180875.839587, 536881.996301 180877.632274)

LINESTRING (536878.239254 180875.839587, 536876.772138 180879.005015, 536876.441769 180881.989621, 536879.603124 180893.781705, 536879.722340 180897.090012, 536876.700218 180909.004891, 536870.353790 180931.680302, 536863.709296 180969.292957, 536862.857336 180975.401689)

LINESTRING (536905.790949 180885.718025, 536937.545778 180894.229807, 536950.718428 180896.554465, 536955.983451 180897.530967, 536959.971654 180898.217116)

LINESTRING (537066.322064 180791.003299, 537070.309922 180796.597096, 537074.145207 180800.895899)

LINESTRING (537066.322064 180791.003299, 537060.593756 180795.099818, 537059.358119 180795.856604, 537055.885039 180798.211165)

LINESTRING (537074.145207 180800.895899, 537079.273079 180805.930652)

LINESTRING (537055.885039 180798.211165, 537061.062032 180800.910283, 537062.906976 180801.249374, 537069.713504 180802.490130, 537074.145207 180800.895899)

LINESTRING (537055.885039 180798.211165, 537052.144475 180797.609521, 537046.016259 180795.162969, 537045.103852 180794.748876, 537031.815226 180787.702465, 537029.986765 180786.751775, 537022.177240 180783.046939)

LINESTRING (536401.488170 181098.962245, 536399.818986 181082.247358, 536398.566617 181071.475005, 536398.624711 181053.270786, 536441.474426 181043.448626, 536446.229580 181042.463474, 536483.097402 181034.840236, 536489.951230 181033.277178, 536492.083387 181032.744648, 536500.484408 181028.385460, 536501.780260 181027.708060, 536506.938171 181024.396852, 536516.020013 181024.162295, 536523.071358 181019.900426, 536529.657131 181010.740761, 536538.391666 180967.608683, 536545.458304 180959.163034, 536550.032413 180953.031864, 536556.723360 180941.771818, 536559.096433 180938.218906, 536562.359152 180933.343384)

LINESTRING (536401.488170 181098.962245, 536398.967915 181105.159791, 536398.253003 181106.442605, 536398.271422 181109.636900, 536398.696598 181116.302992)

LINESTRING (536562.359152 180933.343384, 536559.096433 180938.218906, 536556.723360 180941.771818, 536550.032413 180953.031864, 536545.458304 180959.163034, 536538.391666 180967.608683, 536529.657131 181010.740761, 536523.071358 181019.900426, 536516.020013 181024.162295, 536506.938171 181024.396852, 536501.780260 181027.708060, 536500.484408 181028.385460, 536492.083387 181032.744648, 536489.951230 181033.277178, 536483.097402 181034.840236, 536446.229580 181042.463474, 536441.474426 181043.448626, 536398.624711 181053.270786, 536398.566617 181071.475005, 536399.818986 181082.247358, 536401.488170 181098.962245)

LINESTRING (536398.696598 181116.302992, 536402.790992 181119.495410, 536403.056576 181125.122293)

LINESTRING (537673.590765 182303.947826, 537672.659163 182307.583813, 537671.545972 182310.235581, 537666.101271 182323.119348, 537658.316497 182339.868020, 537636.322989 182389.349726, 537635.005360 182392.630279, 537630.636919 182404.230092)

LINESTRING (537673.590765 182303.947826, 537680.632520 182305.652136, 537687.030623 182306.771463, 537692.147170 182307.533338, 537697.559896 182308.125192, 537708.341597 182308.361819, 537717.325994 182308.316048, 537736.752783 182308.731476)

LINESTRING (537673.590765 182303.947826, 537663.755440 182300.554205, 537654.436153 182296.818480, 537646.731679 182292.926217, 537638.940004 182288.152462, 537625.126767 182278.352482, 537622.069534 182275.632232, 537618.658799 182272.635326, 537615.388592 182269.063555, 537610.957128 182264.280722, 537608.713304 182260.747888, 537605.158288 182255.131918, 537601.338146 182249.564412, 537600.325278 182248.257214, 537593.155553 182238.971137, 537589.199342 182233.043848)

LINESTRING (537630.636919 182404.230092, 537680.386101 182402.339908, 537727.946586 182400.268454, 537736.765254 182402.232467)

LINESTRING (537630.636919 182404.230092, 537622.846638 182420.934147, 537616.186908 182440.751400, 537610.141441 182465.570811, 537608.969258 182470.146201)

LINESTRING (537630.636919 182404.230092, 537635.005360 182392.630279, 537636.322989 182389.349726, 537658.316497 182339.868020, 537666.101271 182323.119348, 537671.545972 182310.235581, 537672.659163 182307.583813, 537673.590765 182303.947826)

LINESTRING (537736.752783 182308.731476, 537736.680968 182304.979265, 537736.628765 182302.039957, 537736.325044 182267.411335, 537736.002431 182246.792830, 537736.213089 182228.525745, 537738.508212 182209.424908, 537740.288266 182199.335221, 537743.937076 182180.237705, 537752.308658 182158.508416, 537787.718810 182077.218872, 537801.983305 182045.311220, 537808.738578 182030.204067, 537811.599537 182023.526747, 537817.824898 182009.017290, 537819.410879 182005.321179, 537830.706154 181978.975136)

LINESTRING (537736.752783 182308.731476, 537717.325994 182308.316048, 537708.341597 182308.361819, 537697.559896 182308.125192, 537692.147170 182307.533338, 537687.030623 182306.771463, 537680.632520 182305.652136, 537673.590765 182303.947826)

LINESTRING (537736.752783 182308.731476, 537749.879819 182309.777387, 537761.957247 182311.640623, 537793.133579 182317.816705, 537796.996307 182318.733858, 537799.810636 182319.400006, 537814.664947 182322.796518)

LINESTRING (537589.199342 182233.043848, 537593.155553 182238.971137, 537600.325278 182248.257214, 537601.338146 182249.564412, 537605.158288 182255.131918, 537608.713304 182260.747888, 537610.957128 182264.280722, 537615.388592 182269.063555, 537618.658799 182272.635326, 537622.069534 182275.632232, 537625.126767 182278.352482, 537638.940004 182288.152462, 537646.731679 182292.926217, 537654.436153 182296.818480, 537663.755440 182300.554205, 537673.590765 182303.947826)

LINESTRING (537589.199342 182233.043848, 537574.085527 182207.172822, 537571.948504 182198.412570, 537571.539089 182195.586007)

LINESTRING (537589.199342 182233.043848, 537582.201404 182236.637958, 537578.188289 182241.014001, 537574.690637 182245.326107, 537572.375026 182249.826025, 537569.659420 182260.124116, 537568.012934 182267.858253, 537561.678387 182294.383652, 537556.777489 182314.882921, 537554.063758 182325.370252, 537546.158157 182349.671965)

LINESTRING (537830.706154 181978.975136, 537806.404347 181968.322596)

LINESTRING (537830.706154 181978.975136, 537846.727233 181985.719610)

LINESTRING (537830.706154 181978.975136, 537819.410879 182005.321179, 537817.824898 182009.017290, 537811.599537 182023.526747, 537808.738578 182030.204067, 537801.983305 182045.311220, 537787.718810 182077.218872, 537752.308658 182158.508416, 537743.937076 182180.237705, 537740.288266 182199.335221, 537738.508212 182209.424908, 537736.213089 182228.525745, 537736.002431 182246.792830, 537736.325044 182267.411335, 537736.628765 182302.039957, 537736.680968 182304.979265, 537736.752783 182308.731476)

LINESTRING (537814.664947 182322.796518, 537826.539335 182325.489032, 537831.762614 182326.665695, 537854.635171 182331.848998, 537886.270319 182339.017411, 537900.035117 182342.139780, 537912.444774 182345.058468, 537957.116130 182355.074036, 537975.483061 182359.234131, 537979.898877 182360.233219, 537984.314692 182361.232311, 538001.950189 182365.227966, 538009.201691 182366.871667, 538015.880440 182368.388534, 538035.999908 182372.941449, 538040.719117 182374.015606)

LINESTRING (537814.664947 182322.796518, 537819.204556 182314.629031, 537824.586001 182303.835832, 537849.228090 182251.744781, 537866.576585 182220.800137, 537867.489276 182220.936190, 537870.655642 182221.422747, 537875.080953 182222.077016, 537937.873395 182231.304455, 538032.161678 182245.172052, 538061.832604 182249.528326, 538082.617969 182252.586040, 538092.671631 182254.072328, 538095.389162 182254.468926)

LINESTRING (537814.664947 182322.796518, 537810.727924 182337.668517, 537810.288147 182342.107941, 537809.932827 182345.737284, 537808.059108 182364.649224)

LINESTRING (537814.664947 182322.796518, 537799.810636 182319.400006, 537796.996307 182318.733858, 537793.133579 182317.816705, 537761.957247 182311.640623, 537749.879819 182309.777387, 537736.752783 182308.731476)

LINESTRING (538040.719117 182374.015606, 538050.769495 182376.124923)

LINESTRING (538040.719117 182374.015606, 538035.999908 182372.941449, 538015.880440 182368.388534, 538009.201691 182366.871667, 538001.950189 182365.227966, 537984.314692 182361.232311, 537979.898877 182360.233219, 537975.483061 182359.234131, 537957.116130 182355.074036, 537912.444774 182345.058468, 537900.035117 182342.139780, 537886.270319 182339.017411, 537854.635171 182331.848998, 537831.762614 182326.665695, 537826.539335 182325.489032, 537814.664947 182322.796518)

LINESTRING (538040.719117 182374.015606, 538039.009085 182389.682452, 538038.138066 182400.787192, 538040.724719 182416.470645, 538044.119442 182424.898080, 538048.974914 182431.684825, 538059.047087 182440.905813, 538072.216379 182450.344547, 538099.923478 182469.437387, 538111.002370 182476.604841, 538119.647258 182480.100528, 538128.259712 182481.469820, 538137.444743 182480.929480, 538146.467300 182479.216255, 538155.235494 182475.114644, 538163.006126 182469.405677, 538169.083698 182462.137203, 538172.585327 182454.375785)

LINESTRING (538095.389162 182254.468926, 538092.671631 182254.072328, 538082.617969 182252.586040, 538061.832604 182249.528326, 538032.161678 182245.172052, 537937.873395 182231.304455, 537875.080953 182222.077016, 537870.655642 182221.422747, 537867.489276 182220.936190, 537866.576585 182220.800137, 537849.228090 182251.744781, 537824.586001 182303.835832, 537819.204556 182314.629031, 537814.664947 182322.796518)

LINESTRING (537808.059108 182364.649224, 537801.621806 182430.488185, 537800.628856 182441.756562, 537800.509708 182444.101420)

LINESTRING (537808.059108 182364.649224, 537809.932827 182345.737284, 537810.288147 182342.107941, 537810.727924 182337.668517, 537814.664947 182322.796518)

LINESTRING (537764.067594 182548.153772, 537752.503490 182571.154111)

LINESTRING (537764.067594 182548.153772, 537772.168827 182532.537805, 537786.107606 182505.940679, 537792.193952 182494.231790, 537794.303067 182490.182629, 537798.383524 182474.368599, 537800.340489 182447.268420)

LINESTRING (537764.067594 182548.153772, 537786.180966 182555.953648, 537792.291001 182558.211533, 537793.351715 182558.518517, 537817.102367 182566.351820, 537821.363605 182567.669307, 537856.355461 182580.526263, 537865.862897 182583.443996, 537874.095790 182586.004427, 537883.281484 182585.686224, 537892.002335 182588.682810, 537904.419219 182591.824271)

LINESTRING (537752.503490 182571.154111, 537764.067594 182548.153772)

LINESTRING (537752.503490 182571.154111, 537745.690430 182567.430519, 537721.102418 182554.633849, 537688.603037 182538.673822, 537677.729750 182533.126496)

LINESTRING (537800.340489 182447.268420, 537800.509708 182444.101420)

LINESTRING (537800.340489 182447.268420, 537795.520567 182447.349105, 537785.634011 182447.648466, 537764.991987 182447.778544, 537751.424974 182447.866870, 537747.870577 182446.846825, 537745.379926 182444.230885, 537742.421479 182440.433780, 537740.969221 182433.828654, 537740.508861 182414.708738, 537739.204363 182405.726147, 537738.306770 182403.498388, 537736.765254 182402.232467)

LINESTRING (537800.340489 182447.268420, 537798.383524 182474.368599, 537794.303067 182490.182629, 537792.193952 182494.231790, 537786.107606 182505.940679, 537772.168827 182532.537805, 537764.067594 182548.153772)

LINESTRING (537904.419219 182591.824271, 537917.203096 182596.021798, 537927.500322 182599.762338, 537965.767283 182613.677178)

LINESTRING (537904.419219 182591.824271, 537892.002335 182588.682810, 537883.281484 182585.686224, 537874.095790 182586.004427, 537865.862897 182583.443996, 537856.355461 182580.526263, 537821.363605 182567.669307, 537817.102367 182566.351820, 537793.351715 182558.518517, 537792.291001 182558.211533, 537786.180966 182555.953648, 537764.067594 182548.153772)

LINESTRING (537904.419219 182591.824271, 537902.556377 182598.562020, 537898.593429 182609.271234, 537886.929377 182640.792932)

LINESTRING (537321.516479 181657.588112, 537336.584724 181635.427137, 537341.087133 181628.882971, 537355.725046 181609.548138, 537363.165543 181602.449101, 537381.288269 181582.629874, 537422.866500 181539.140755, 537425.709653 181535.934793, 537434.681009 181525.638912)

LINESTRING (537321.516479 181657.588112, 537316.545076 181667.357962, 537310.458302 181681.148384, 537304.664701 181694.368062, 537303.103636 181696.896519, 537297.905535 181707.350215, 537294.533074 181715.505171, 537287.906888 181733.331750, 537286.719337 181736.426720, 537275.773293 181767.668630)

LINESTRING (537321.516479 181657.588112, 537318.591494 181655.606115, 537299.541630 181642.694346, 537270.526856 181623.415102, 537248.598506 181608.845547, 537245.953418 181607.038080)

LINESTRING (537275.773293 181767.668630, 537238.234467 181748.604368, 537237.893219 181739.903932, 537242.561651 181725.663373)

LINESTRING (537275.773293 181767.668630, 537267.630813 181790.484264, 537266.420425 181794.168423, 537265.239864 181797.519538, 537261.932188 181806.878121)

LINESTRING (537275.773293 181767.668630, 537286.719337 181736.426720, 537287.906888 181733.331750, 537294.533074 181715.505171, 537297.905535 181707.350215, 537303.103636 181696.896519, 537304.664701 181694.368062, 537310.458302 181681.148384, 537316.545076 181667.357962, 537321.516479 181657.588112)

LINESTRING (537245.953418 181607.038080, 537240.433384 181619.130127)

LINESTRING (537245.953418 181607.038080, 537213.680058 181585.000365, 537201.456352 181576.657890, 537165.003381 181551.514128)

LINESTRING (537245.953418 181607.038080, 537248.598506 181608.845547, 537270.526856 181623.415102, 537299.541630 181642.694346, 537318.591494 181655.606115, 537321.516479 181657.588112)

LINESTRING (537554.598664 181831.274538, 537536.337803 181877.229904)

LINESTRING (537554.598664 181831.274538, 537557.686738 181823.123166)

LINESTRING (537554.598664 181831.274538, 537592.489888 181850.083681, 537632.701003 181868.076824)

LINESTRING (537557.686738 181823.123166, 537554.598664 181831.274538)

LINESTRING (537632.701003 181868.076824, 537592.489888 181850.083681, 537554.598664 181831.274538)

LINESTRING (537632.701003 181868.076824, 537637.231676 181870.492006, 537683.997392 181890.755280, 537686.392406 181891.788354, 537689.754776 181893.248268)

LINESTRING (537632.701003 181868.076824, 537616.863110 181904.527180, 537604.730114 181934.156086, 537602.178839 181940.174197, 537583.919925 181985.027748, 537582.049298 181986.935680, 537576.182083 181989.013591, 537543.638033 181977.115326)

LINESTRING (537744.839891 181742.104736, 537751.546245 181689.371162, 537751.759188 181687.919119, 537752.937615 181679.793975)

LINESTRING (537744.839891 181742.104736, 537743.832812 181749.800521, 537742.654675 181755.610975, 537741.546514 181760.889164, 537738.620690 181768.677600, 537721.177425 181810.014017, 537718.534274 181816.853086, 537706.455418 181847.273361, 537704.947613 181851.416758, 537689.754776 181893.248268)

LINESTRING (537744.839891 181742.104736, 537741.451509 181741.857077, 537738.458282 181741.631261, 537733.012076 181741.227665, 537730.398009 181740.589254, 537728.433080 181739.823773, 537726.086559 181738.536044, 537701.436738 181713.263094)

LINESTRING (537752.937615 181679.793975, 537759.450524 181680.805186, 537782.273291 181684.350806, 537807.374986 181688.603787)

LINESTRING (537752.937615 181679.793975, 537754.823335 181666.068181, 537756.372780 181656.550922, 537757.744552 181646.672738, 537758.033802 181644.198954, 537758.485630 181640.850437, 537762.860375 181609.331100, 537763.607210 181604.833232, 537764.275925 181600.911921)

LINESTRING (537752.937615 181679.793975, 537751.759188 181687.919119, 537751.546245 181689.371162, 537744.839891 181742.104736)

LINESTRING (537689.754776 181893.248268, 537686.392406 181891.788354, 537683.997392 181890.755280, 537637.231676 181870.492006, 537632.701003 181868.076824)

LINESTRING (537689.754776 181893.248268, 537684.924073 181905.492094, 537675.440460 181932.644254, 537669.581057 181948.777400, 537654.419211 181990.509681, 537639.969404 182031.337637, 537637.546038 182038.015770)

LINESTRING (537689.754776 181893.248268, 537704.947613 181851.416758, 537706.455418 181847.273361, 537718.534274 181816.853086, 537721.177425 181810.014017, 537738.620690 181768.677600, 537741.546514 181760.889164, 537742.654675 181755.610975, 537743.832812 181749.800521, 537744.839891 181742.104736)

LINESTRING (537701.436738 181713.263094, 537666.635110 181751.057831, 537675.807162 181760.264696, 537689.014005 181771.227921, 537699.685717 181779.151199)

LINESTRING (537701.436738 181713.263094, 537726.086559 181738.536044, 537728.433080 181739.823773, 537730.398009 181740.589254, 537733.012076 181741.227665, 537738.458282 181741.631261, 537741.451509 181741.857077, 537744.839891 181742.104736)

LINESTRING (537701.436738 181713.263094, 537678.956225 181691.710290, 537663.256192 181676.662213, 537650.330729 181664.271135)

LINESTRING (538260.041103 181539.049997, 538277.009995 181500.796004, 538280.491165 181493.813069, 538286.661777 181485.467765, 538293.391405 181480.309280, 538297.177081 181478.976750, 538302.661457 181477.223066, 538308.004253 181476.589504, 538314.177447 181476.824311, 538341.337116 181481.770242, 538377.939055 181489.544124, 538389.441235 181491.181667, 538402.717145 181490.408167, 538410.950015 181488.440125, 538433.392046 181478.969142)

LINESTRING (538260.041103 181539.049997, 538279.061689 181471.840059, 538292.462335 181422.093505)

LINESTRING (538433.392046 181478.969142, 538436.891849 181487.366303, 538439.201089 181494.863011, 538440.096961 181503.011175, 538441.369189 181509.578228, 538448.070367 181526.364437)

LINESTRING (538433.392046 181478.969142, 538444.346548 181474.460121, 538454.268122 181470.401500, 538457.348586 181466.412433)

LINESTRING (538292.462335 181422.093505, 538296.101326 181408.549108, 538300.132649 181393.346129, 538308.315964 181363.611168, 538312.887242 181346.174954, 538315.731836 181328.146450, 538316.954339 181313.590373)

LINESTRING (538316.954339 181313.590373, 538325.674618 181276.380627, 538330.475724 181260.708971)

LINESTRING (538316.954339 181313.590373, 538316.731410 181300.352619, 538316.173479 181268.810631, 538315.489092 181230.944265, 538315.219571 181215.590846, 538315.497332 181199.773802)

LINESTRING (538330.475724 181260.708971, 538328.912286 181236.517749, 538327.538265 181225.518856, 538325.761397 181218.860209, 538321.234964 181206.328815)

LINESTRING (538330.475724 181260.708971, 538345.471023 181214.400105, 538351.231593 181192.311233, 538357.688330 181159.446757, 538363.632480 181127.558759, 538367.698311 181105.746482)

LINESTRING (538315.497332 181199.773802, 538315.545658 181172.232294, 538317.040424 181156.092267, 538318.535717 181147.586346, 538320.801134 181136.552981, 538326.108245 181117.601083, 538332.845909 181099.411478, 538337.495226 181089.066204, 538349.467325 181066.590004, 538362.075471 181044.220173, 538373.200149 181023.546009, 538380.189219 181007.099335, 538384.884886 180993.528119, 538389.888699 180976.036967, 538394.083717 180958.412509, 538400.934916 180928.674775, 538410.317687 180884.772749)

LINESTRING (538448.070367 181526.364437, 538461.953450 181520.633229, 538509.934187 181500.930464, 538512.876451 181499.719771, 538519.084080 181497.162530, 538529.895317 181492.816713)

LINESTRING (538448.070367 181526.364437, 538430.572063 181533.544037, 538397.021822 181547.319616, 538369.700059 181558.538558)

LINESTRING (538529.895317 181492.816713, 538519.084080 181497.162530, 538512.876451 181499.719771, 538509.934187 181500.930464, 538461.953450 181520.633229, 538448.070367 181526.364437)

LINESTRING (538529.895317 181492.816713, 538572.750704 181475.467557, 538584.033266 181470.901008, 538592.628479 181467.362898)

LINESTRING (538529.895317 181492.816713, 538513.474604 181452.306673, 538512.318107 181449.392882, 538510.547001 181445.082411)

LINESTRING (538369.700059 181558.538558, 538397.021822 181547.319616, 538430.572063 181533.544037, 538448.070367 181526.364437)

LINESTRING (538369.700059 181558.538558, 538367.036689 181561.748914, 538356.667954 181676.578998)

LINESTRING (538510.547001 181445.082411, 538512.318107 181449.392882, 538513.474604 181452.306673, 538529.895317 181492.816713)

LINESTRING (538510.547001 181445.082411, 538485.676549 181454.731705, 538477.613283 181457.861609, 538463.811183 181463.416934, 538457.348586 181466.412433)

LINESTRING (538510.547001 181445.082411, 538534.411535 181435.149854, 538537.136330 181434.022272, 538561.332870 181423.631495)

LINESTRING (538457.348586 181466.412433, 538452.568782 181466.003979, 538442.437904 181469.589507, 538431.594737 181473.834482)

LINESTRING (538457.348586 181466.412433, 538463.811183 181463.416934, 538477.613283 181457.861609, 538485.676549 181454.731705, 538510.547001 181445.082411)

LINESTRING (538561.332870 181423.631495, 538556.666689 181417.272327, 538556.331903 181416.818060, 538550.758717 181413.928496, 538517.851090 181402.815403, 538483.711670 181391.290592, 538465.677475 181385.501992, 538463.254572 181384.723749, 538459.737259 181383.592961)

LINESTRING (538561.332870 181423.631495, 538596.396758 181409.141499, 538596.508984 181409.100047, 538628.030574 181396.694818)

LINESTRING (538561.332870 181423.631495, 538537.136330 181434.022272, 538534.411535 181435.149854, 538510.547001 181445.082411)

LINESTRING (538309.666212 181144.863299, 538303.650923 181155.905893, 538298.910343 181162.465050, 538291.296706 181167.432560, 538285.321484 181169.095014, 538277.491659 181169.249187, 538270.209609 181166.625047, 538264.355198 181162.826764, 538260.148342 181157.938217, 538256.862282 181152.128811, 538253.587565 181143.860338, 538252.666902 181135.077235, 538253.989405 181124.240762, 538258.231511 181110.735006, 538262.957192 181101.660386, 538269.415011 181094.513601, 538276.177162 181088.432302, 538285.501523 181082.609917, 538289.290511 181081.166175, 538300.953672 181077.688787, 538313.455117 181075.558521)

LINESTRING (538309.666212 181144.863299, 538306.725978 181162.577605, 538305.395139 181177.798437, 538303.552305 181210.810795, 538303.267481 181235.307808, 538303.109142 181265.617297)

LINESTRING (538313.455117 181075.558521, 538338.817072 181080.811519)

LINESTRING (538303.109142 181265.617297, 538304.366613 181284.981577, 538305.243580 181295.110046, 538305.285843 181311.670277, 538304.051735 181328.184640, 538300.921429 181347.017747, 538298.053733 181357.478306, 538286.430366 181399.828309, 538267.080422 181469.944908, 538255.106579 181513.453915, 538198.436883 181719.145525, 538197.097871 181723.193231, 538189.080675 181735.884126)

LINESTRING (536772.708948 182644.887043, 536761.885387 182641.079061, 536757.373610 182639.522032, 536753.039189 182638.081065, 536748.381440 182636.531242, 536746.943368 182636.058522, 536720.006615 182627.154098)

LINESTRING (536720.006615 182627.154098, 536722.900364 182619.709267, 536723.282568 182618.662368, 536724.369197 182615.686980, 536734.707692 182590.069752, 536806.648259 182410.793740)

LINESTRING (536720.006615 182627.154098, 536746.943368 182636.058522, 536748.381440 182636.531242, 536753.039189 182638.081065, 536757.373610 182639.522032, 536761.885387 182641.079061, 536772.708948 182644.887043)

LINESTRING (536720.006615 182627.154098, 536698.152376 182619.232352, 536693.566953 182617.573245, 536643.787650 182599.541419)

LINESTRING (538249.508051 181102.385068, 538243.669996 181100.534730, 538234.901713 181098.170681, 538219.916978 181094.847445, 538206.193813 181092.370938, 538183.833181 181088.591265)

LINESTRING (538249.508051 181102.385068, 538246.664466 181113.235803, 538243.852560 181124.198685, 538243.282952 181136.713774, 538244.153014 181148.633708, 538249.750910 181161.861876, 538257.800408 181172.775273, 538271.592905 181191.579194, 538284.175520 181210.951166, 538293.976293 181237.113697, 538295.641055 181242.789980, 538303.109142 181265.617297)

LINESTRING (538183.833181 181088.591265, 538163.429533 181085.109722, 538115.080922 181078.409313, 538106.472009 181078.865305)

LINESTRING (538183.833181 181088.591265, 538206.193813 181092.370938, 538219.916978 181094.847445, 538234.901713 181098.170681, 538243.669996 181100.534730, 538249.508051 181102.385068)

LINESTRING (538183.833181 181088.591265, 538174.718404 181117.867065, 538157.842066 181167.775343)

LINESTRING (536490.537276 182531.066264, 536475.015139 182524.105773)

LINESTRING (536490.537276 182531.066264, 536493.486178 182524.657726, 536494.960419 182521.203067, 536501.262168 182506.271355, 536503.468817 182500.877805, 536512.765160 182477.324277, 536516.236203 182468.537206)

LINESTRING (536475.015139 182524.105773, 536466.478843 182521.962366, 536460.595729 182520.023791, 536454.839199 182517.765903, 536449.338527 182514.769302, 536443.447034 182510.816307, 536437.484038 182505.648419)

LINESTRING (536475.015139 182524.105773, 536473.164472 182521.418651, 536469.894757 182518.582123, 536462.988296 182514.167833, 536457.343877 182511.612492, 536452.484699 182509.801588, 536445.162237 182507.434877, 536437.484038 182505.648419)

LINESTRING (536516.236203 182468.537206, 536519.703356 182458.603822)

LINESTRING (536516.236203 182468.537206, 536512.765160 182477.324277, 536503.468817 182500.877805, 536501.262168 182506.271355, 536494.960419 182521.203067, 536493.486178 182524.657726, 536490.537276 182531.066264)

LINESTRING (536516.236203 182468.537206, 536513.834019 182467.515616, 536483.861309 182455.036639)

LINESTRING (536564.876412 182324.498356, 536619.583727 182336.218536)

LINESTRING (536564.876412 182324.498356, 536522.398458 182315.188416)

LINESTRING (536564.876412 182324.498356, 536563.863743 182327.564790, 536558.367640 182344.276361, 536545.055180 182384.736983, 536537.472010 182407.301581, 536526.409033 182439.754714)

LINESTRING (536564.876412 182324.498356, 536565.466162 182321.153474, 536569.385961 182298.779755, 536574.885730 182250.174679, 536576.988984 182231.591379)

LINESTRING (536619.583727 182336.218536, 536564.876412 182324.498356)

LINESTRING (536619.583727 182336.218536, 536616.191945 182348.501955, 536612.128709 182364.328366, 536608.337010 182376.512007, 536608.056717 182377.383603, 536598.800783 182406.123841)

LINESTRING (536619.583727 182336.218536, 536629.263810 182338.949366, 536664.290898 182348.582785, 536673.995748 182351.681602)

LINESTRING (536526.409033 182439.754714, 536525.998216 182440.834243)

LINESTRING (536526.409033 182439.754714, 536537.472010 182407.301581, 536545.055180 182384.736983, 536558.367640 182344.276361, 536563.863743 182327.564790, 536564.876412 182324.498356)

LINESTRING (536526.409033 182439.754714, 536530.333450 182440.961892, 536562.943152 182451.408796, 536570.896063 182454.081961, 536576.246398 182455.182845, 536580.251344 182453.910623, 536582.648081 182452.294698, 536584.399993 182450.650308, 536585.535844 182448.165860, 536595.104107 182416.841114)

LINESTRING (536576.988984 182231.591379, 536578.976227 182212.159212)

LINESTRING (536576.988984 182231.591379, 536579.644175 182231.985485, 536592.961452 182233.968278, 536611.725381 182237.866972, 536639.207001 182246.729732, 536650.436335 182253.552958)

LINESTRING (536576.988984 182231.591379, 536574.885730 182250.174679, 536569.385961 182298.779755, 536565.466162 182321.153474, 536564.876412 182324.498356)

LINESTRING (536585.241538 182141.540762, 536584.555156 182138.150443, 536592.265042 182071.387837, 536592.827729 182065.694166, 536591.827128 182063.920125, 536591.328231 182062.593576, 536589.826704 182061.117659, 536584.002811 182055.408074)

LINESTRING (536585.241538 182141.540762, 536567.407231 182144.366389, 536543.641106 182146.275915, 536535.187832 182146.961231, 536532.480274 182147.222310, 536526.719535 182146.655742, 536521.066014 182145.457751)

LINESTRING (536585.241538 182141.540762, 536630.364416 182134.385693, 536652.337137 182130.759085, 536657.823400 182129.916249)

LINESTRING (536584.002811 182055.408074, 536575.831850 182057.981596, 536571.299924 182062.834096, 536568.597782 182065.732701, 536566.253272 182068.240304, 536566.355044 182073.751530)

LINESTRING (536584.002811 182055.408074, 536595.778386 182043.483587, 536606.968701 182032.155442, 536609.759276 182029.326003, 536612.570964 182026.486005, 536613.552192 182025.366180, 536645.229125 181989.283376, 536659.998996 181970.840500)

LINESTRING (536584.002811 182055.408074, 536589.826704 182061.117659, 536591.328231 182062.593576, 536591.827128 182063.920125, 536592.827729 182065.694166, 536592.265042 182071.387837, 536584.555156 182138.150443, 536585.241538 182141.540762)

LINESTRING (536657.823400 182129.916249, 536688.402556 182124.818694)

LINESTRING (536657.823400 182129.916249, 536652.337137 182130.759085, 536630.364416 182134.385693, 536585.241538 182141.540762)

LINESTRING (536769.906817 181758.822094, 536772.969093 181760.351206, 536773.178178 181760.579400, 536774.723225 181762.245721, 536783.091315 181770.939619, 536787.010542 181775.451932, 536820.053963 181813.510124)

LINESTRING (536769.906817 181758.822094, 536770.925336 181755.288464, 536772.561109 181750.747649, 536779.585972 181731.195200, 536790.323957 181701.894201, 536791.008894 181699.920680, 536796.882411 181682.907885, 536797.219167 181682.004433, 536798.894071 181678.332684, 536800.361191 181674.900163, 536806.278828 181656.508659)

LINESTRING (536820.053963 181813.510124, 536822.952981 181807.178304, 536842.191894 181765.141894)

LINESTRING (536820.053963 181813.510124, 536853.741029 181852.398257, 536873.819785 181875.574090)

LINESTRING (536820.053963 181813.510124, 536787.010542 181775.451932, 536783.091315 181770.939619, 536774.723225 181762.245721, 536773.178178 181760.579400, 536772.969093 181760.351206, 536769.906817 181758.822094)

LINESTRING (536806.278828 181656.508659, 536797.183447 181655.996689)

LINESTRING (536806.278828 181656.508659, 536810.780854 181647.115204, 536814.803666 181635.149344, 536815.729748 181632.214159, 536813.344207 181625.662138)

LINESTRING (536806.278828 181656.508659, 536809.974051 181656.708311, 536817.003424 181657.109029, 536819.626713 181657.925263, 536823.449166 181659.330206, 536828.447221 181661.167428, 536836.326208 181664.050403, 536852.001799 181669.780787, 536872.997269 181677.512954, 536877.667664 181679.141090)

LINESTRING (536797.183447 181655.996689, 536806.278828 181656.508659)

LINESTRING (536797.183447 181655.996689, 536788.586997 181655.520425, 536784.766643 181655.584498, 536780.091727 181655.670082, 536772.105973 181655.978137)

LINESTRING (536797.183447 181655.996689, 536793.884161 181665.589461, 536789.501102 181678.302358)

LINESTRING (537261.932188 181806.878121, 537272.141806 181809.824760, 537275.047322 181810.982712, 537278.324170 181812.273110, 537289.500374 181816.703712, 537301.175731 181823.729601, 537313.636045 181832.023107, 537323.732842 181841.966523)

LINESTRING (537261.932188 181806.878121, 537265.239864 181797.519538, 537266.420425 181794.168423, 537267.630813 181790.484264, 537275.773293 181767.668630)

LINESTRING (537261.932188 181806.878121, 537244.955116 181802.580214, 537239.769473 181801.271662, 537235.442607 181800.041953, 537229.762549 181798.530874, 537207.784567 181794.565410, 537204.548510 181794.077399, 537170.254675 181789.056180, 537145.835823 181783.433739, 537132.316070 181779.652418)

LINESTRING (537261.932188 181806.878121, 537258.188516 181817.727252, 537256.824937 181821.685481, 537255.278248 181825.482968, 537246.955486 181844.955263)

LINESTRING (537323.732842 181841.966523, 537330.941828 181849.839930, 537349.221258 181868.617920, 537388.558756 181910.978800)

LINESTRING (537323.732842 181841.966523, 537313.636045 181832.023107, 537301.175731 181823.729601, 537289.500374 181816.703712, 537278.324170 181812.273110, 537275.047322 181810.982712, 537272.141806 181809.824760, 537261.932188 181806.878121)

LINESTRING (537323.732842 181841.966523, 537326.111355 181836.678086, 537335.899282 181814.897435, 537349.655417 181783.731607, 537363.335184 181753.598680, 537373.499209 181731.271842, 537375.698013 181725.700357, 537388.688107 181697.974818, 537424.229943 181721.303978)

LINESTRING (537132.316070 181779.652418, 537133.850834 181775.264776, 537134.257289 181774.096145, 537142.132510 181751.128441, 537162.386028 181697.591577, 537170.181116 181676.057298, 537180.630713 181649.297620, 537180.960115 181644.554724, 537178.312224 181642.079518, 537143.051822 181628.586048, 537141.251481 181627.892012, 537137.458033 181626.443097)

LINESTRING (537132.316070 181779.652418, 537145.835823 181783.433739, 537170.254675 181789.056180, 537204.548510 181794.077399, 537207.784567 181794.565410, 537229.762549 181798.530874, 537235.442607 181800.041953, 537239.769473 181801.271662, 537244.955116 181802.580214, 537261.932188 181806.878121)

LINESTRING (537132.316070 181779.652418, 537108.148098 181773.992421, 537090.848104 181770.075815, 537086.052148 181768.989376)

LINESTRING (537246.955486 181844.955263, 537244.080666 181851.142849, 537240.596239 181857.280584, 537236.334802 181863.397332, 537234.049627 181866.262354, 537227.511903 181873.630765, 537209.589034 181894.335013, 537192.561786 181911.958703)

LINESTRING (537246.955486 181844.955263, 537272.066375 181855.014851, 537286.073562 181870.294163, 537263.775253 181891.302875, 537238.506350 181915.113668, 537231.325827 181921.863779, 537221.231566 181931.361793, 537215.806412 181936.612500, 537192.561786 181911.958703)

LINESTRING (537246.955486 181844.955263, 537255.278248 181825.482968, 537256.824937 181821.685481, 537258.188516 181817.727252, 537261.932188 181806.878121)

LINESTRING (536724.775824 180957.418484, 536721.132310 180957.342719, 536715.746838 180957.231222)

LINESTRING (536930.194564 181023.253267, 536911.048526 181036.725663)

LINESTRING (536930.194564 181023.253267, 536925.996674 181030.095331, 536924.300476 181034.289502, 536923.680956 181036.665390, 536923.518435 181040.377855, 536924.452887 181044.353571, 536928.043734 181053.597766)

LINESTRING (536911.048526 181036.725663, 536906.002905 181041.786636, 536903.633026 181044.182140, 536898.794384 181049.293209, 536891.287061 181059.128680)

LINESTRING (536911.048526 181036.725663, 536908.226866 181031.920128, 536907.617469 181028.765538, 536908.126041 181012.465189, 536910.994816 180979.179909, 536913.999497 180962.501676, 536915.220083 180955.857596)

LINESTRING (536928.043734 181053.597766, 536929.558227 181058.724196)

LINESTRING (536928.043734 181053.597766, 536920.852878 181054.004944, 536914.317563 181054.307383, 536899.723544 181057.074646, 536891.287061 181059.128680)

LINESTRING (536784.442866 180947.172493, 536779.990278 180932.007245, 536777.608148 180906.993573, 536777.253303 180885.862587, 536776.974081 180885.142864, 536775.759390 180882.027645)

LINESTRING (536784.442866 180947.172493, 536786.843561 180946.469259, 536807.174725 180939.271256, 536811.755444 180938.582206, 536822.600597 180941.467060, 536824.406916 180941.949694, 536827.883784 180944.346854, 536827.054777 180950.378310, 536823.305401 180965.066829)

LINESTRING (536823.305401 180965.066829, 536819.401812 180969.234988, 536805.641355 180977.143971, 536803.301487 180978.683453)

LINESTRING (536823.305401 180965.066829, 536827.054777 180950.378310, 536827.883784 180944.346854, 536824.406916 180941.949694, 536822.600597 180941.467060, 536811.755444 180938.582206, 536807.174725 180939.271256, 536786.843561 180946.469259, 536784.442866 180947.172493)

LINESTRING (536823.305401 180965.066829, 536840.307642 180970.866177, 536857.207698 180974.270255, 536862.857336 180975.401689)

LINESTRING (537165.064137 180176.369982, 537186.958859 180173.132695, 537188.382115 180172.892899, 537218.140389 180169.333814)

LINESTRING (537165.064137 180176.369982, 537170.946161 180180.245550, 537187.524709 180177.899744, 537188.891544 180177.691810, 537194.078885 180176.941546, 537218.140389 180169.333814)

LINESTRING (537165.064137 180176.369982, 537163.160526 180176.652465, 537153.628030 180178.342707)

LINESTRING (537141.367746 180231.972957, 537142.562456 180227.075361, 537144.388904 180219.613048, 537145.831199 180213.776229, 537150.606780 180194.308172, 537151.889872 180187.165050, 537153.628030 180178.342707)

LINESTRING (536886.488632 181655.820154, 536900.052788 181617.514818, 536913.023479 181580.885018)

LINESTRING (536886.488632 181655.820154, 536883.536038 181663.619434, 536879.798052 181673.511930, 536877.667664 181679.141090)

LINESTRING (536886.488632 181655.820154, 536861.884061 181647.523329, 536855.878662 181643.388772, 536850.256388 181639.464850, 536849.762005 181636.424642, 536859.461004 181608.342151)

LINESTRING (536913.023479 181580.885018, 536919.669258 181562.802582, 536936.760878 181516.257296)

LINESTRING (536913.023479 181580.885018, 536900.052788 181617.514818, 536886.488632 181655.820154)

LINESTRING (536913.023479 181580.885018, 536918.224286 181582.672149, 536946.391824 181592.222608)

LINESTRING (536877.667664 181679.141090, 536879.798052 181673.511930, 536883.536038 181663.619434, 536886.488632 181655.820154)

LINESTRING (536877.667664 181679.141090, 536894.550041 181686.462081, 536895.799255 181686.996512, 536903.410978 181690.261883, 536933.640827 181704.675290, 536950.044376 181712.239518)

LINESTRING (536877.667664 181679.141090, 536872.997269 181677.512954, 536852.001799 181669.780787, 536836.326208 181664.050403, 536828.447221 181661.167428, 536823.449166 181659.330206, 536819.626713 181657.925263, 536817.003424 181657.109029, 536809.974051 181656.708311, 536806.278828 181656.508659)

LINESTRING (536859.461004 181608.342151, 536849.762005 181636.424642, 536850.256388 181639.464850, 536855.878662 181643.388772, 536861.884061 181647.523329, 536886.488632 181655.820154)

LINESTRING (537051.196726 181561.875006, 537071.912315 181502.263092)

LINESTRING (537051.196726 181561.875006, 537055.498262 181563.537867, 537097.600095 181578.250224, 537116.254025 181584.762870)

LINESTRING (537051.196726 181561.875006, 537040.818240 181557.444222, 537012.027007 181547.075185, 537005.267736 181544.633881, 536976.234045 181533.724358, 536971.276116 181528.850053)

LINESTRING (537071.912315 181502.263092, 537051.196726 181561.875006)

LINESTRING (537116.254025 181584.762870, 537132.761853 181590.527710)

LINESTRING (537116.254025 181584.762870, 537112.768038 181594.817813, 537096.477433 181641.729164, 537095.082892 181645.809008)

LINESTRING (537116.254025 181584.762870, 537097.600095 181578.250224, 537055.498262 181563.537867, 537051.196726 181561.875006)

LINESTRING (536971.276116 181528.850053, 536974.010960 181521.924082, 536999.852777 181449.585796)

LINESTRING (536971.276116 181528.850053, 536976.234045 181533.724358, 537005.267736 181544.633881, 537012.027007 181547.075185, 537040.818240 181557.444222, 537051.196726 181561.875006)

LINESTRING (536971.276116 181528.850053, 536967.296307 181531.992231, 536946.391824 181592.222608)

LINESTRING (536971.276116 181528.850053, 536941.986502 181518.156400, 536936.760878 181516.257296)

LINESTRING (536999.852777 181449.585796, 536974.010960 181521.924082, 536971.276116 181528.850053)

LINESTRING (536946.391824 181592.222608, 536944.861133 181598.524477, 536917.396314 181675.749089)

LINESTRING (536946.391824 181592.222608, 536967.296307 181531.992231, 536971.276116 181528.850053)

LINESTRING (536946.391824 181592.222608, 536918.224286 181582.672149, 536913.023479 181580.885018)

LINESTRING (536946.391824 181592.222608, 536958.218470 181596.247103, 536987.075896 181606.728910, 537009.979183 181615.036106, 537028.591785 181621.792140, 537039.613499 181625.795122, 537069.846198 181636.759640, 537084.312565 181642.012994)

LINESTRING (536936.760878 181516.257296, 536938.617640 181511.511045, 536945.971473 181491.121908, 536951.951968 181474.546151)

LINESTRING (536936.760878 181516.257296, 536919.669258 181562.802582, 536913.023479 181580.885018)

LINESTRING (536936.760878 181516.257296, 536941.986502 181518.156400, 536971.276116 181528.850053)

LINESTRING (536688.402556 182124.818694, 536657.823400 182129.916249)

LINESTRING (536688.402556 182124.818694, 536690.300831 182108.967466, 536692.711121 182074.345486)

LINESTRING (536688.402556 182124.818694, 536714.390787 182119.542128, 536727.718978 182116.228497, 536740.657695 182112.425900)

LINESTRING (536692.711121 182074.345486, 536690.300831 182108.967466, 536688.402556 182124.818694)

LINESTRING (536740.657695 182112.425900, 536785.079813 182097.541420)

LINESTRING (536740.657695 182112.425900, 536733.498272 182095.729959, 536734.736405 182076.811825, 536734.892630 182073.844779, 536736.203126 182050.432769, 536736.264750 182049.432883, 536736.374530 182047.933520, 536738.795866 182009.817569, 536740.087965 182005.145085, 536742.196111 181998.268911, 536745.280936 181959.491997, 536747.218524 181934.449885, 536803.285066 181938.897173)

LINESTRING (536740.657695 182112.425900, 536727.718978 182116.228497, 536714.390787 182119.542128, 536688.402556 182124.818694)

LINESTRING (536911.533161 181795.420508, 536883.944874 181783.738038)

LINESTRING (536911.533161 181795.420508, 536930.846356 181754.521488, 536947.726811 181717.340577, 536948.176997 181716.351165, 536950.044376 181712.239518)

LINESTRING (536911.533161 181795.420508, 536909.836768 181800.660732, 536911.181683 181806.917688, 536934.458247 181833.028780)

LINESTRING (537650.330729 181664.271135, 537663.256192 181676.662213, 537678.956225 181691.710290, 537701.436738 181713.263094)

LINESTRING (537650.330729 181664.271135, 537636.833648 181678.361227, 537631.429473 181682.554893, 537626.450558 181684.890520, 537618.095286 181686.789720, 537612.719299 181686.354773, 537607.753229 181685.396772, 537603.375932 181683.464299, 537598.566930 181680.551971, 537573.922625 181657.093753, 537545.150911 181628.360378, 537542.979794 181625.975779, 537536.589854 181619.648829, 537518.228722 181601.569057, 537509.808773 181593.284254)

LINESTRING (537650.330729 181664.271135, 537663.202017 181652.011428, 537683.520927 181632.664487)

LINESTRING (537509.808773 181593.284254, 537470.496749 181632.037681)

LINESTRING (537509.808773 181593.284254, 537498.062563 181581.938185, 537482.561056 181566.962850, 537472.899639 181558.110362, 537458.062030 181544.510727, 537441.069594 181530.741569, 537434.681009 181525.638912)

LINESTRING (537509.808773 181593.284254, 537518.228722 181601.569057, 537536.589854 181619.648829, 537542.979794 181625.975779, 537545.150911 181628.360378, 537573.922625 181657.093753, 537598.566930 181680.551971, 537603.375932 181683.464299, 537607.753229 181685.396772, 537612.719299 181686.354773, 537618.095286 181686.789720, 537626.450558 181684.890520, 537631.429473 181682.554893, 537636.833648 181678.361227, 537650.330729 181664.271135)

LINESTRING (537683.520927 181632.664487, 537678.738419 181628.261601, 537578.417416 181527.247459)

LINESTRING (537683.520927 181632.664487, 537689.858781 181638.600727, 537719.237461 181666.683710, 537740.236687 181660.920908)

LINESTRING (537683.520927 181632.664487, 537663.202017 181652.011428, 537650.330729 181664.271135)

LINESTRING (537683.520927 181632.664487, 537689.057896 181627.417276, 537760.635498 181552.082096)

LINESTRING (537730.248449 181450.524371, 537750.275552 181453.248420)

LINESTRING (537730.248449 181450.524371, 537724.470682 181475.918481, 537721.999902 181481.259895, 537698.249953 181506.000010, 537696.448569 181510.469307)

LINESTRING (537730.248449 181450.524371, 537734.759537 181423.192980, 537736.703817 181411.405106, 537742.153266 181405.298686)

LINESTRING (537750.275552 181453.248420, 537730.248449 181450.524371)

LINESTRING (537696.448569 181510.469307, 537698.249953 181506.000010, 537721.999902 181481.259895, 537724.470682 181475.918481, 537730.248449 181450.524371)

LINESTRING (537696.448569 181510.469307, 537697.015745 181512.599065, 537698.282174 181515.059368)

LINESTRING (537696.448569 181510.469307, 537693.318838 181509.638893, 537679.521231 181498.414860)

LINESTRING (537742.153266 181405.298686, 537766.655156 181409.190162)

LINESTRING (537742.153266 181405.298686, 537739.400979 181395.664815, 537744.837975 181369.015104)

LINESTRING (537742.153266 181405.298686, 537736.703817 181411.405106, 537734.759537 181423.192980, 537730.248449 181450.524371)

LINESTRING (537780.808027 181539.185998, 537775.501262 181537.984904)

LINESTRING (537780.808027 181539.185998, 537784.947590 181531.196798, 537788.458822 181524.359040, 537787.219275 181520.653064)

LINESTRING (537775.501262 181537.984904, 537780.808027 181539.185998)

LINESTRING (537775.501262 181537.984904, 537774.110665 181541.641816, 537772.457948 181546.771694, 537771.520735 181549.584015, 537769.200487 181557.055007, 537767.263973 181566.250174, 537765.467164 181577.975268, 537767.678933 181580.906358)

LINESTRING (537775.501262 181537.984904, 537772.003842 181537.400423, 537767.064502 181536.988287, 537763.561657 181536.859928, 537729.613757 181536.440384, 537722.307316 181536.264594, 537719.829788 181535.451841, 537717.181194 181533.521617, 537699.201359 181516.241628, 537698.282174 181515.059368)

LINESTRING (537787.219275 181520.653064, 537783.468176 181522.765890, 537780.146081 181528.774152, 537777.252947 181534.582608, 537775.501262 181537.984904)

LINESTRING (537787.219275 181520.653064, 537794.209204 181508.946393, 537796.444171 181505.902188)

LINESTRING (537843.320867 181423.132195, 537834.735831 181441.160967, 537822.928510 181462.285062, 537820.620509 181465.972721, 537796.444171 181505.902188)

LINESTRING (537843.320867 181423.132195, 537850.169874 181406.391744, 537855.756450 181389.605921, 537859.190648 181378.704260, 537863.531988 181363.542788, 537870.405003 181337.221481, 537876.873526 181313.526630)

LINESTRING (537843.320867 181423.132195, 537833.634127 181421.367094, 537795.556805 181414.447448, 537766.655156 181409.190162)

LINESTRING (537796.444171 181505.902188, 537803.140417 181508.609930, 537841.614592 181524.164922, 537857.333066 181530.600686)

LINESTRING (537796.444171 181505.902188, 537794.209204 181508.946393, 537787.219275 181520.653064)

LINESTRING (537796.444171 181505.902188, 537820.620509 181465.972721, 537822.928510 181462.285062, 537834.735831 181441.160967, 537843.320867 181423.132195)

LINESTRING (537876.873526 181313.526630, 537870.405003 181337.221481, 537863.531988 181363.542788, 537859.190648 181378.704260, 537855.756450 181389.605921, 537850.169874 181406.391744, 537843.320867 181423.132195)

LINESTRING (537876.873526 181313.526630, 537877.726366 181310.500597, 537878.694145 181307.077060, 537887.665471 181274.569690, 537898.945999 181232.710392)

LINESTRING (537876.873526 181313.526630, 537872.238357 181313.156040, 537868.476222 181312.853654, 537840.014493 181311.324786, 537834.184101 181310.732626, 537807.968287 181308.062996, 537799.560109 181307.278556, 537797.652037 181306.970860, 537771.094076 181302.834328, 537758.350248 181300.875214)

LINESTRING (537766.655156 181409.190162, 537742.153266 181405.298686)

LINESTRING (537766.655156 181409.190162, 537795.556805 181414.447448, 537833.634127 181421.367094, 537843.320867 181423.132195)

LINESTRING (537766.655156 181409.190162, 537778.154027 181341.819223, 537790.399696 181344.221147)

LINESTRING (537898.945999 181232.710392, 537903.200682 181216.144421, 537904.497033 181211.105063, 537908.858550 181193.673981, 537911.882085 181182.304940, 537918.477364 181157.534119, 537925.252791 181133.803134, 537929.604713 181121.079108, 537938.180794 181089.084115, 537945.227637 181062.778735)

LINESTRING (537898.945999 181232.710392, 537903.941431 181234.136848, 537905.643178 181234.628165, 537907.476153 181235.145301, 537918.965726 181238.294864, 537928.551420 181240.981026, 537951.908485 181248.191933, 537952.383620 181248.338373, 537957.896086 181250.157284)

LINESTRING (537898.945999 181232.710392, 537887.665471 181274.569690, 537878.694145 181307.077060, 537877.726366 181310.500597, 537876.873526 181313.526630)

LINESTRING (537758.350248 181300.875214, 537745.170193 181298.870921, 537672.546079 181287.399174, 537659.695980 181285.003426)

LINESTRING (537758.350248 181300.875214, 537771.094076 181302.834328, 537797.652037 181306.970860, 537799.560109 181307.278556, 537807.968287 181308.062996, 537834.184101 181310.732626, 537840.014493 181311.324786, 537868.476222 181312.853654, 537872.238357 181313.156040, 537876.873526 181313.526630)

LINESTRING (537744.837975 181369.015104, 537739.400979 181395.664815, 537742.153266 181405.298686)

LINESTRING (537957.896086 181250.157284, 537947.177921 181297.117408)

LINESTRING (537957.896086 181250.157284, 537952.383620 181248.338373, 537951.908485 181248.191933, 537928.551420 181240.981026, 537918.965726 181238.294864, 537907.476153 181235.145301, 537905.643178 181234.628165, 537903.941431 181234.136848, 537898.945999 181232.710392)

LINESTRING (537957.896086 181250.157284, 537961.402128 181251.198383, 537975.281780 181255.314365)

LINESTRING (537947.177921 181297.117408, 537957.896086 181250.157284)

LINESTRING (537947.177921 181297.117408, 537974.629247 181305.941914, 537991.803552 181311.460558, 538041.784436 181327.518693, 538055.833342 181332.040128, 538064.190083 181334.971377, 538142.086882 181363.418269, 538163.754021 181371.463391)

LINESTRING (537947.177921 181297.117408, 537922.967801 181401.923873, 537921.302780 181410.313990)

LINESTRING (537975.281780 181255.314365, 537978.701254 181243.177121)

LINESTRING (537975.281780 181255.314365, 537991.862581 181260.193696, 538003.666383 181263.785995)

LINESTRING (537975.281780 181255.314365, 537961.402128 181251.198383, 537957.896086 181250.157284)

LINESTRING (537975.022604 181504.972627, 537979.752866 181507.204343)

LINESTRING (537979.752866 181507.204343, 537975.022604 181504.972627)

LINESTRING (537979.752866 181507.204343, 537975.103174 181515.046005)

LINESTRING (537979.752866 181507.204343, 538052.071587 181541.285252, 538056.362555 181543.838958)

LINESTRING (538056.362555 181543.838958, 538072.860217 181530.788495, 538082.691020 181523.410437)

LINESTRING (538056.362555 181543.838958, 538052.071587 181541.285252, 537979.752866 181507.204343)

LINESTRING (538056.362555 181543.838958, 538043.486373 181556.743035, 538039.829745 181562.786565)

LINESTRING (538082.691020 181523.410437, 538087.442932 181519.733665, 538093.085020 181510.639302, 538095.222761 181507.091801, 538100.666100 181497.647064)

LINESTRING (538082.691020 181523.410437, 538072.860217 181530.788495, 538056.362555 181543.838958)

LINESTRING (538082.691020 181523.410437, 538088.640226 181531.629076, 538094.010001 181538.429796, 538089.312048 181584.829952, 538084.734574 181623.988798, 538082.081627 181646.240269)

LINESTRING (538039.829745 181562.786565, 538036.506545 181596.426444)

LINESTRING (538039.829745 181562.786565, 538043.486373 181556.743035, 538056.362555 181543.838958)

LINESTRING (538039.829745 181562.786565, 538032.349386 181575.147302, 538023.342593 181590.026114)

LINESTRING (538100.666100 181497.647064, 538105.752696 181486.256295)

LINESTRING (538100.666100 181497.647064, 538095.222761 181507.091801, 538093.085020 181510.639302, 538087.442932 181519.733665, 538082.691020 181523.410437)

LINESTRING (538100.666100 181497.647064, 538116.670658 181503.768692, 538121.906675 181507.316313, 538127.511255 181511.864387, 538133.410010 181520.404432, 538137.600256 181527.173134, 538138.210552 181531.540931, 538136.269157 181540.379745, 538136.539166 181545.005373, 538139.067310 181550.849747, 538144.410501 181556.837428, 538149.687720 181561.165190, 538156.871540 181563.296861, 538165.303370 181564.472051, 538174.347580 181565.341184, 538178.808399 181566.497437, 538182.473400 181568.322012, 538182.978174 181571.206869, 538181.740763 181580.198355, 538172.771895 181656.473381, 538170.241804 181671.895321, 538166.205540 181688.066421, 538160.159181 181712.284344, 538159.068285 181714.357949, 538156.970843 181715.658581, 538154.562457 181716.138384, 538135.768450 181713.813448)

LINESTRING (538105.752696 181486.256295, 538126.236085 181443.579240)

LINESTRING (538105.752696 181486.256295, 538100.666100 181497.647064)

LINESTRING (538105.752696 181486.256295, 538070.919451 181469.596350, 538055.066221 181462.243733)

LINESTRING (538135.768450 181713.813448, 538085.184884 181707.564196, 538075.192860 181706.324472, 538072.287104 181705.945039, 538026.354512 181699.978571, 537992.038261 181695.518741, 537967.152063 181692.283375, 537960.534074 181685.682591, 537956.025419 181682.199395)

LINESTRING (538135.768450 181713.813448, 538135.316088 181716.917103, 538132.398865 181731.516158)

LINESTRING (538135.768450 181713.813448, 538154.562457 181716.138384, 538156.970843 181715.658581, 538159.068285 181714.357949, 538160.159181 181712.284344, 538166.205540 181688.066421, 538170.241804 181671.895321, 538172.771895 181656.473381, 538181.740763 181580.198355, 538182.978174 181571.206869, 538182.473400 181568.322012, 538178.808399 181566.497437, 538174.347580 181565.341184, 538165.303370 181564.472051, 538156.871540 181563.296861, 538149.687720 181561.165190, 538144.410501 181556.837428, 538139.067310 181550.849747, 538136.539166 181545.005373, 538136.269157 181540.379745, 538138.210552 181531.540931, 538137.600256 181527.173134, 538133.410010 181520.404432, 538127.511255 181511.864387, 538121.906675 181507.316313, 538116.670658 181503.768692, 538100.666100 181497.647064)

LINESTRING (537301.369628 182192.116004, 537302.939712 182193.872204, 537313.809609 182206.006559, 537348.796177 182247.949187, 537374.591988 182277.780715, 537383.872255 182288.870697, 537390.922120 182296.695410, 537395.970792 182300.738011, 537401.761927 182303.509811, 537403.475137 182304.335135, 537475.680900 182326.887320)

LINESTRING (537301.369628 182192.116004, 537304.205966 182185.037146, 537309.442697 182163.122327, 537311.268793 182157.718801, 537313.107684 182153.639893)

LINESTRING (537301.369628 182192.116004, 537294.963134 182206.198252, 537291.182385 182212.517121, 537288.590132 182216.987424, 537285.640431 182221.069705, 537278.917899 182228.867049, 537274.074197 182234.189039, 537263.357774 182245.406159, 537258.104264 182251.251250, 537255.391865 182254.260510)

LINESTRING (537475.680900 182326.887320, 537540.779188 182347.834809, 537542.045058 182348.258577, 537546.158157 182349.671965)

LINESTRING (537475.680900 182326.887320, 537403.475137 182304.335135, 537401.761927 182303.509811, 537395.970792 182300.738011, 537390.922120 182296.695410, 537383.872255 182288.870697, 537374.591988 182277.780715, 537348.796177 182247.949187, 537313.809609 182206.006559, 537302.939712 182193.872204, 537301.369628 182192.116004)

LINESTRING (537475.680900 182326.887320, 537476.731822 182323.710796, 537483.385373 182303.592748, 537489.990802 182274.481695, 537500.198511 182229.754914, 537502.427209 182220.000030, 537506.825315 182202.424993, 537507.472371 182198.525326, 537506.734121 182195.022168, 537505.459667 182192.862155, 537502.959504 182191.870828, 537499.062235 182190.685889, 537469.215499 182183.312396, 537455.314632 182180.321084, 537436.418676 182177.717703)

LINESTRING (537475.680900 182326.887320, 537474.558473 182329.627904, 537444.862511 182402.404993, 537435.403450 182423.337442, 537434.006963 182426.972015, 537427.680758 182448.345348, 537423.421095 182464.154777, 537421.917438 182470.468386, 537419.171833 182490.614323, 537419.014985 182499.234553, 537421.460298 182507.379893, 537428.485531 182522.515339)

LINESTRING (537313.107684 182153.639893, 537315.082608 182146.326316, 537325.093934 182103.163037, 537330.861292 182080.372313)

LINESTRING (537313.107684 182153.639893, 537311.268793 182157.718801, 537309.442697 182163.122327, 537304.205966 182185.037146, 537301.369628 182192.116004)

LINESTRING (537313.107684 182153.639893, 537378.601072 182165.214658, 537393.601089 182167.868248, 537409.776589 182171.722154, 537416.822852 182173.782316, 537436.418676 182177.717703)

LINESTRING (537313.107684 182153.639893, 537298.761380 182146.575135, 537289.690305 182144.938938, 537279.686977 182143.889624, 537269.199918 182143.528343, 537258.907456 182143.673117, 537251.817641 182144.249417, 537244.724222 182144.959169, 537230.429128 182146.531575, 537219.079009 182150.364719, 537203.070456 182157.288156, 537187.715612 182164.685557)

LINESTRING (537255.391865 182254.260510, 537258.104264 182251.251250, 537263.357774 182245.406159, 537274.074197 182234.189039, 537278.917899 182228.867049, 537285.640431 182221.069705, 537288.590132 182216.987424, 537291.182385 182212.517121, 537294.963134 182206.198252, 537301.369628 182192.116004)

LINESTRING (537255.391865 182254.260510, 537264.218251 182262.889764, 537291.424044 182288.085050)

LINESTRING (537255.391865 182254.260510, 537246.262726 182246.557874, 537238.098833 182239.871753, 537229.559740 182233.453719, 537221.814035 182228.503814, 537208.273146 182221.438807, 537203.561043 182219.063614, 537187.424878 182210.927021)

LINESTRING (537424.229943 181721.303978, 537450.156410 181680.696903, 537453.829351 181677.613562, 537459.303683 181669.537821)

LINESTRING (537424.229943 181721.303978, 537435.319608 181728.937518, 537445.669749 181734.392179, 537485.895016 181762.689325)

LINESTRING (537424.229943 181721.303978, 537388.688107 181697.974818, 537375.698013 181725.700357, 537373.499209 181731.271842, 537363.335184 181753.598680, 537349.655417 181783.731607, 537335.899282 181814.897435, 537326.111355 181836.678086, 537323.732842 181841.966523)

LINESTRING (537137.458033 181626.443097, 537145.272011 181604.208209, 537148.332910 181595.499465, 537161.093789 181561.824686, 537162.670893 181557.671887, 537165.003381 181551.514128)

LINESTRING (537137.458033 181626.443097, 537129.158161 181648.676011, 537121.311049 181670.342482, 537116.750378 181682.916800, 537100.207435 181727.350842, 537097.250642 181735.294565, 537087.480407 181764.687873, 537086.052148 181768.989376)

LINESTRING (537137.458033 181626.443097, 537141.251481 181627.892012, 537143.051822 181628.586048, 537178.312224 181642.079518, 537180.960115 181644.554724, 537180.630713 181649.297620, 537170.181116 181676.057298, 537162.386028 181697.591577, 537142.132510 181751.128441, 537134.257289 181774.096145, 537133.850834 181775.264776, 537132.316070 181779.652418)

LINESTRING (537043.656340 181854.034347, 537067.375324 181817.650328, 537075.117568 181805.773868, 537081.081100 181785.714634, 537086.052148 181768.989376)

LINESTRING (537165.003381 181551.514128, 537162.670893 181557.671887, 537161.093789 181561.824686, 537148.332910 181595.499465, 537145.272011 181604.208209, 537137.458033 181626.443097)

LINESTRING (537165.003381 181551.514128, 537137.162458 181531.666454, 537119.335224 181518.955326, 537083.942939 181493.584857, 537075.586412 181487.550441, 537073.339114 181485.920726, 537066.333301 181481.291545, 537018.070927 181447.562032, 537009.666920 181441.737889)

LINESTRING (537165.003381 181551.514128, 537201.456352 181576.657890, 537213.680058 181585.000365, 537245.953418 181607.038080)

LINESTRING (537084.312565 181642.012994, 537068.303049 181688.041741)

LINESTRING (537084.312565 181642.012994, 537095.082892 181645.809008)

LINESTRING (537084.312565 181642.012994, 537069.846198 181636.759640, 537039.613499 181625.795122, 537028.591785 181621.792140, 537009.979183 181615.036106, 536987.075896 181606.728910, 536958.218470 181596.247103, 536946.391824 181592.222608)

LINESTRING (537068.303049 181688.041741, 537084.312565 181642.012994)

LINESTRING (537095.082892 181645.809008, 537111.755848 181651.622756)

LINESTRING (537095.082892 181645.809008, 537084.312565 181642.012994)

LINESTRING (537095.082892 181645.809008, 537096.477433 181641.729164, 537112.768038 181594.817813, 537116.254025 181584.762870)

LINESTRING (537179.943216 181278.962312, 537165.630102 181236.355151, 537163.836811 181233.079538, 537161.954358 181230.791937, 537158.939016 181227.772676, 537155.253335 181224.635169)

LINESTRING (537179.943216 181278.962312, 537227.446891 181280.133659, 537256.025490 181280.938899, 537336.624689 181283.038703, 537353.256766 181283.465987, 537411.290532 181284.244868, 537478.946197 181286.119347, 537486.002304 181286.321383)

LINESTRING (537179.943216 181278.962312, 537198.641581 181329.900618, 537204.352322 181352.667536, 537212.525405 181381.955374, 537236.165163 181453.514524, 537245.439108 181484.445774, 537289.342007 181515.767302, 537295.165941 181519.930861, 537295.513476 181520.173947, 537303.436480 181525.796404, 537316.329626 181535.058611)

LINESTRING (537155.253335 181224.635169, 537158.939016 181227.772676, 537161.954358 181230.791937, 537163.836811 181233.079538, 537165.630102 181236.355151, 537179.943216 181278.962312)

LINESTRING (537155.253335 181224.635169, 537150.963155 181228.458795, 537137.243972 181247.963680, 537120.140591 181272.718862, 537118.262026 181274.404185, 537115.873658 181274.139429, 537091.639096 181257.215989, 537066.951791 181239.824199, 537065.285750 181238.521763, 537023.966684 181210.120865, 537036.881918 181191.061398, 537052.612645 181167.248215, 537055.287940 181163.570134, 537059.580259 181161.983272, 537065.770342 181163.663678, 537113.084589 181196.856038, 537119.612613 181201.450117, 537151.952677 181222.153499, 537155.253335 181224.635169)

LINESTRING (537155.253335 181224.635169, 537151.952677 181222.153499, 537119.612613 181201.450117, 537113.084589 181196.856038, 537065.770342 181163.663678, 537059.580259 181161.983272, 537055.287940 181163.570134, 537052.612645 181167.248215, 537036.881918 181191.061398, 537023.966684 181210.120865, 537065.285750 181238.521763, 537066.951791 181239.824199, 537091.639096 181257.215989, 537115.873658 181274.139429, 537118.262026 181274.404185, 537120.140591 181272.718862, 537137.243972 181247.963680, 537150.963155 181228.458795, 537155.253335 181224.635169)

LINESTRING (537155.253335 181224.635169, 537159.774505 181222.286717, 537162.823418 181221.489877, 537167.647062 181220.540634, 537182.810465 181220.849808, 537202.906999 181222.327153, 537216.361118 181222.679303, 537237.923980 181223.339502, 537249.730061 181223.780773, 537285.789019 181224.777082, 537318.556432 181226.040806, 537329.689143 181226.219244)

LINESTRING (537486.002304 181286.321383, 537486.418869 181277.340959)

LINESTRING (537486.002304 181286.321383, 537485.828517 181290.178213, 537485.695360 181296.896125, 537485.565623 181343.008438, 537486.522761 181350.746272, 537488.658760 181357.770405, 537492.068647 181364.161308, 537496.267354 181370.139553)

LINESTRING (537486.002304 181286.321383, 537478.946197 181286.119347, 537411.290532 181284.244868, 537353.256766 181283.465987, 537336.624689 181283.038703, 537256.025490 181280.938899, 537227.446891 181280.133659, 537179.943216 181278.962312)

LINESTRING (537316.329626 181535.058611, 537303.436480 181525.796404, 537295.513476 181520.173947, 537295.165941 181519.930861, 537289.342007 181515.767302, 537245.439108 181484.445774, 537236.165163 181453.514524, 537212.525405 181381.955374, 537204.352322 181352.667536, 537198.641581 181329.900618, 537179.943216 181278.962312)

LINESTRING (537515.868640 181406.058105, 537514.576594 181410.441089, 537511.046226 181419.793509)

LINESTRING (537515.868640 181406.058105, 537515.496738 181397.479218, 537513.586516 181391.607400, 537511.314695 181387.294893, 537496.267354 181370.139553)

LINESTRING (537515.868640 181406.058105, 537520.863786 181409.031019, 537576.678680 181462.733860, 537610.817932 181495.585557, 537578.417416 181527.247459)

LINESTRING (537496.267354 181370.139553, 537511.314695 181387.294893, 537513.586516 181391.607400, 537515.496738 181397.479218, 537515.868640 181406.058105)

LINESTRING (537496.267354 181370.139553, 537492.068647 181364.161308, 537488.658760 181357.770405, 537486.522761 181350.746272, 537485.565623 181343.008438, 537485.695360 181296.896125, 537485.828517 181290.178213, 537486.002304 181286.321383)

LINESTRING (537496.267354 181370.139553, 537487.258796 181375.893972, 537482.295555 181376.872516, 537475.128279 181376.934552, 537466.857169 181376.477090, 537454.197404 181375.778510, 537392.604890 181373.634239, 537388.426233 181373.843977, 537385.606704 181375.403607, 537383.663695 181378.956652, 537382.741672 181404.070615, 537384.488363 181408.035012, 537387.200259 181410.712364, 537391.339497 181411.959371, 537404.703247 181412.554423, 537420.164200 181417.245811, 537438.090592 181417.808551, 537457.859517 181418.020578, 537464.608050 181418.292170, 537484.840071 181419.095504, 537511.046226 181419.793509)

LINESTRING (537698.282174 181515.059368, 537697.015745 181512.599065, 537696.448569 181510.469307)

LINESTRING (537679.521231 181498.414860, 537639.312576 181540.203066)

LINESTRING (537679.521231 181498.414860, 537674.080330 181492.936952)

LINESTRING (537679.521231 181498.414860, 537693.318838 181509.638893, 537696.448569 181510.469307)

LINESTRING (537493.219065 181860.716814, 537503.885721 181833.429448)

LINESTRING (537493.219065 181860.716814, 537486.214096 181878.922402)

LINESTRING (537493.219065 181860.716814, 537536.337803 181877.229904)

LINESTRING (537503.885721 181833.429448, 537493.219065 181860.716814)

LINESTRING (537486.214096 181878.922402, 537493.219065 181860.716814)

LINESTRING (537242.561651 181725.663373, 537256.681095 181731.664592)

LINESTRING (537242.561651 181725.663373, 537214.745036 181714.217749, 537218.761500 181699.436532)

LINESTRING (537242.561651 181725.663373, 537237.893219 181739.903932, 537238.234467 181748.604368, 537275.773293 181767.668630)

LINESTRING (537009.666920 181441.737889, 536973.442252 181416.813185)

LINESTRING (537009.666920 181441.737889, 537012.725246 181436.723597, 537021.372982 181423.725244, 537026.560596 181413.905313)

LINESTRING (537009.666920 181441.737889, 537018.070927 181447.562032, 537066.333301 181481.291545, 537073.339114 181485.920726, 537075.586412 181487.550441, 537083.942939 181493.584857, 537119.335224 181518.955326, 537137.162458 181531.666454, 537165.003381 181551.514128)

LINESTRING (537552.739974 181102.529045, 537569.581449 181103.452325, 537579.395187 181103.628977, 537609.113073 181104.711828)

LINESTRING (537552.739974 181102.529045, 537527.171760 181102.059600, 537500.411612 181101.758343, 537493.610476 181101.618839)

LINESTRING (537552.739974 181102.529045, 537553.107935 181096.117954, 537554.660243 181069.040213, 537556.177859 181051.709957, 537559.221521 181041.109140, 537562.199337 181004.210281, 537564.202158 180977.934850, 537564.976281 180967.806762)

LINESTRING (537609.113073 181104.711828, 537616.321183 181104.951535, 537640.610632 181107.000403, 537656.773623 181108.361860)

LINESTRING (537609.113073 181104.711828, 537579.395187 181103.628977, 537569.581449 181103.452325, 537552.739974 181102.529045)

LINESTRING (537609.113073 181104.711828, 537606.986922 181142.713190, 537605.500365 181169.147266, 537604.087063 181194.414851)

LINESTRING (537564.976281 180967.806762, 537571.714577 180968.478813)

LINESTRING (537564.976281 180967.806762, 537564.202158 180977.934850, 537562.199337 181004.210281, 537559.221521 181041.109140, 537556.177859 181051.709957, 537554.660243 181069.040213, 537553.107935 181096.117954, 537552.739974 181102.529045)

LINESTRING (537564.976281 180967.806762, 537562.788709 180967.558365, 537472.398205 180957.834497, 537460.364260 180956.551948, 537446.775695 180955.238509, 537445.133881 180955.093951, 537440.571066 180954.603315, 537428.834391 180954.653151)

LINESTRING (537745.514614 181116.842567, 537704.830557 181112.757553)

LINESTRING (537745.514614 181116.842567, 537761.641063 181118.526091, 537792.225937 181121.948220)

LINESTRING (537704.830557 181112.757553, 537745.514614 181116.842567)

LINESTRING (537704.830557 181112.757553, 537681.479680 181110.667034, 537659.159341 181108.726951, 537656.773623 181108.361860)

LINESTRING (537704.830557 181112.757553, 537706.081875 181101.173461, 537707.839597 181085.507858, 537711.516723 181052.823376, 537713.923219 181031.410870)

LINESTRING (537792.225937 181121.948220, 537761.641063 181118.526091, 537745.514614 181116.842567)

LINESTRING (537792.225937 181121.948220, 537785.496557 181157.576823, 537775.423385 181207.181021)

LINESTRING (537792.225937 181121.948220, 537793.796056 181112.186708, 537795.564686 181102.274782, 537799.323079 181081.210551, 537800.764418 181072.869978, 537807.124099 181036.541408, 537810.961930 181016.903768, 537811.920940 181012.011039, 537813.121311 181007.948354)

LINESTRING (537775.423385 181207.181021, 537729.338531 181202.559859, 537674.182149 181197.025637, 537662.306613 181196.581500, 537604.087063 181194.414851)

LINESTRING (537775.423385 181207.181021, 537774.975430 181209.361163, 537766.096954 181253.066351, 537762.030545 181278.584724)

LINESTRING (537775.423385 181207.181021, 537785.496557 181157.576823, 537792.225937 181121.948220)

LINESTRING (537813.121311 181007.948354, 537811.920940 181012.011039, 537810.961930 181016.903768, 537807.124099 181036.541408, 537800.764418 181072.869978, 537799.323079 181081.210551, 537795.564686 181102.274782, 537793.796056 181112.186708, 537792.225937 181121.948220)

LINESTRING (537945.227637 181062.778735, 537938.180794 181089.084115, 537929.604713 181121.079108, 537925.252791 181133.803134, 537918.477364 181157.534119, 537911.882085 181182.304940, 537908.858550 181193.673981, 537904.497033 181211.105063, 537903.200682 181216.144421, 537898.945999 181232.710392)

LINESTRING (537945.227637 181062.778735, 537950.733976 181064.575206, 537951.298427 181064.757454, 537959.867457 181067.560731, 537974.239988 181070.933337, 537985.701859 181073.581506, 538035.264138 181085.454955, 538044.848885 181087.673908, 538099.278525 181100.826440, 538104.125832 181084.710719, 538106.472009 181078.865305)

LINESTRING (537945.227637 181062.778735, 537948.587451 181047.468266, 537953.207826 181026.394134, 537953.706557 181023.881532, 537957.113744 181010.664488)

LINESTRING (538106.472009 181078.865305, 538115.080922 181078.409313, 538163.429533 181085.109722, 538183.833181 181088.591265)

LINESTRING (538106.472009 181078.865305, 538102.978535 181071.481269, 538104.228948 181040.544940)

LINESTRING (538106.472009 181078.865305, 538104.125832 181084.710719, 538099.278525 181100.826440, 538044.848885 181087.673908, 538035.264138 181085.454955, 537985.701859 181073.581506, 537974.239988 181070.933337, 537959.867457 181067.560731, 537951.298427 181064.757454, 537950.733976 181064.575206, 537945.227637 181062.778735)

LINESTRING (537957.113744 181010.664488, 537965.655751 181011.397159, 537972.853432 181012.026576, 537984.893812 181013.065700, 538020.714725 181017.009718)

LINESTRING (537957.113744 181010.664488, 537953.286906 181005.319139, 537949.133860 181004.828038, 537924.302754 181002.251106, 537914.132781 181005.469411)

LINESTRING (537957.113744 181010.664488, 537953.706557 181023.881532, 537953.207826 181026.394134, 537948.587451 181047.468266, 537945.227637 181062.778735)

LINESTRING (538074.938326 181188.301886, 538017.488489 181168.012148, 538002.602564 181162.333016)

LINESTRING (538074.938326 181188.301886, 538107.684698 181199.552291, 538117.064618 181202.656095, 538135.056907 181209.766550, 538137.455537 181209.909652, 538140.960797 181208.680661, 538145.225878 181204.022525, 538157.842066 181167.775343)

LINESTRING (538074.938326 181188.301886, 538074.155936 181191.541246, 538068.733552 181213.750851, 538064.434034 181228.879927, 538053.760917 181270.310284, 538052.893485 181273.358153, 538053.006827 181275.575782, 538055.084987 181277.290372, 538057.715838 181278.341146, 538085.018978 181287.251254, 538088.453471 181288.368397, 538100.311435 181292.262865)

LINESTRING (538002.602564 181162.333016, 537993.705231 181192.338342, 537989.620726 181207.228486, 537979.937620 181239.070934)

LINESTRING (538002.602564 181162.333016, 538017.488489 181168.012148, 538074.938326 181188.301886)

LINESTRING (538002.602564 181162.333016, 537971.570167 181152.387352, 537966.065440 181150.535256)

LINESTRING (538157.842066 181167.775343, 538199.710693 181182.156620)

LINESTRING (538157.842066 181167.775343, 538145.225878 181204.022525, 538140.960797 181208.680661, 538137.455537 181209.909652, 538135.056907 181209.766550, 538117.064618 181202.656095, 538107.684698 181199.552291, 538074.938326 181188.301886)

LINESTRING (538157.842066 181167.775343, 538174.718404 181117.867065, 538183.833181 181088.591265)

LINESTRING (538100.311435 181292.262865, 538088.453471 181288.368397, 538085.018978 181287.251254, 538057.715838 181278.341146, 538055.084987 181277.290372, 538053.006827 181275.575782, 538052.893485 181273.358153, 538053.760917 181270.310284, 538064.434034 181228.879927, 538068.733552 181213.750851, 538074.155936 181191.541246, 538074.938326 181188.301886)

LINESTRING (537571.714577 180968.478813, 537578.018732 180969.027836)

LINESTRING (537571.714577 180968.478813, 537564.976281 180967.806762)

LINESTRING (537571.714577 180968.478813, 537571.774732 180960.356755, 537571.681996 180958.395658, 537569.835076 180938.893329)

LINESTRING (537763.945370 180989.466229, 537763.003493 180989.373926)

LINESTRING (537763.945370 180989.466229, 537773.763061 180994.884810, 537775.811235 180995.151776, 537780.189362 180995.793505, 537807.284723 180998.609182, 537811.418775 180999.032881, 537814.844157 180999.214798, 537838.607001 180997.655851)

LINESTRING (537838.607001 180997.655851, 537815.844165 180991.018058, 537805.104600 180989.892200, 537784.948071 180987.776566, 537779.997030 180987.263969, 537777.047101 180986.961425, 537763.945370 180989.466229)

LINESTRING (537838.607001 180997.655851, 537848.268909 180998.574496, 537859.323111 180999.619955, 537888.417419 181002.468036)

LINESTRING (537888.417419 181002.468036, 537914.132781 181005.469411)

LINESTRING (537888.417419 181002.468036, 537890.353087 180993.829302, 537903.685091 180934.476233, 537906.186184 180924.450671)

LINESTRING (537888.417419 181002.468036, 537859.323111 180999.619955, 537848.268909 180998.574496, 537838.607001 180997.655851)

LINESTRING (537656.773623 181108.361860, 537659.159341 181108.726951, 537681.479680 181110.667034, 537704.830557 181112.757553)

LINESTRING (537656.773623 181108.361860, 537640.610632 181107.000403, 537616.321183 181104.951535, 537609.113073 181104.711828)

LINESTRING (537656.773623 181108.361860, 537657.322454 181102.712397, 537659.217136 181083.266856, 537663.123834 181043.121450)

LINESTRING (537604.087063 181194.414851, 537605.500365 181169.147266, 537606.986922 181142.713190, 537609.113073 181104.711828)

LINESTRING (537604.087063 181194.414851, 537593.416126 181194.103650, 537547.208476 181192.730301)

LINESTRING (537604.087063 181194.414851, 537662.306613 181196.581500, 537674.182149 181197.025637, 537729.338531 181202.559859, 537775.423385 181207.181021)

LINESTRING (538104.228948 181040.544940, 538102.978535 181071.481269, 538106.472009 181078.865305)

LINESTRING (537820.698540 180754.649813, 537820.424331 180757.591392, 537819.837558 180760.535623, 537818.262475 180768.427430, 537816.608962 180776.906913, 537813.865486 180791.010045, 537810.928647 180806.098360, 537799.788396 180863.274253, 537797.609724 180874.477077, 537786.816296 180927.834242, 537785.255153 180934.446674, 537784.939723 180942.239100, 537785.396980 180953.034876, 537784.479627 180958.184690, 537781.119057 180973.027834)

LINESTRING (537820.698540 180754.649813, 537837.045447 180754.136089, 537849.688040 180753.733381)

LINESTRING (537820.698540 180754.649813, 537810.780944 180755.204380, 537792.481101 180754.752715, 537773.293047 180754.532990, 537727.228928 180753.863157, 537672.519300 180755.496804, 537666.341642 180755.908138)

LINESTRING (537781.119057 180973.027834, 537784.479627 180958.184690, 537785.396980 180953.034876, 537784.939723 180942.239100, 537785.255153 180934.446674, 537786.816296 180927.834242, 537797.609724 180874.477077, 537799.788396 180863.274253, 537810.928647 180806.098360, 537813.865486 180791.010045, 537816.608962 180776.906913, 537818.262475 180768.427430, 537819.837558 180760.535623, 537820.424331 180757.591392, 537820.698540 180754.649813)

LINESTRING (537849.688040 180753.733381, 537858.420255 180753.614127, 537885.310822 180752.251472)

LINESTRING (537849.688040 180753.733381, 537837.045447 180754.136089, 537820.698540 180754.649813)

LINESTRING (537849.688040 180753.733381, 537849.728147 180751.230588, 537849.788458 180747.470839, 537850.787466 180682.474933, 537812.022238 180684.328158, 537786.706286 180686.768840)

LINESTRING (537666.341642 180755.908138, 537672.519300 180755.496804, 537727.228928 180753.863157, 537773.293047 180754.532990, 537792.481101 180754.752715, 537810.780944 180755.204380, 537820.698540 180754.649813)

LINESTRING (537666.341642 180755.908138, 537654.141123 180757.169028, 537642.404044 180758.754092, 537591.505451 180767.369131, 537587.657571 180767.910404, 537586.625758 180768.060524)

LINESTRING (537666.341642 180755.908138, 537666.506208 180759.061917, 537666.576661 180762.613766, 537667.316093 180789.408588, 537667.225647 180797.874807, 537667.530907 180824.546586, 537668.039917 180868.305894, 537668.854477 180889.505200)

LINESTRING (537541.823366 180778.254389, 537550.082021 180776.385772)

LINESTRING (537541.823366 180778.254389, 537542.674700 180781.693826, 537543.908941 180785.866967, 537551.192428 180810.535289, 537554.995321 180823.969959, 537561.219669 180857.234094, 537563.052812 180876.991993, 537564.822391 180893.710137)

LINESTRING (537541.823366 180778.254389, 537532.446931 180780.370978, 537501.642565 180783.699468, 537464.093599 180789.149275)

LINESTRING (537550.082021 180776.385772, 537541.823366 180778.254389)

LINESTRING (537550.082021 180776.385772, 537549.416879 180773.507789, 537549.090886 180771.184273, 537541.007017 180713.220593)

LINESTRING (537550.082021 180776.385772, 537556.391416 180774.954056, 537575.319022 180770.681197, 537583.808804 180768.740992, 537586.625758 180768.060524)

LINESTRING (537564.822391 180893.710137, 537564.956703 180894.648553)

LINESTRING (537564.822391 180893.710137, 537563.052812 180876.991993, 537561.219669 180857.234094, 537554.995321 180823.969959, 537551.192428 180810.535289, 537543.908941 180785.866967, 537542.674700 180781.693826, 537541.823366 180778.254389)

LINESTRING (537564.822391 180893.710137, 537566.897435 180893.499226, 537569.607524 180892.916014, 537583.697731 180890.326180, 537614.203001 180889.816712, 537664.957179 180889.566553, 537668.854477 180889.505200)

LINESTRING (537464.093599 180789.149275, 537463.492646 180785.950321, 537463.093894 180783.491304, 537460.720985 180768.782251, 537458.679571 180753.369953, 537456.690434 180739.105288)

LINESTRING (537464.093599 180789.149275, 537445.157597 180791.942248, 537421.500073 180792.148262, 537418.658709 180792.705749, 537416.469094 180794.070969)

LINESTRING (537464.093599 180789.149275, 537501.642565 180783.699468, 537532.446931 180780.370978, 537541.823366 180778.254389)

LINESTRING (537564.956703 180894.648553, 537564.822391 180893.710137)

LINESTRING (537564.956703 180894.648553, 537567.692190 180914.675705)

LINESTRING (537564.956703 180894.648553, 537562.285208 180894.832192, 537561.568385 180894.890688, 537523.087136 180897.866560, 537518.371069 180898.161821, 537497.934068 180899.211330, 537497.466600 180925.472667)

LINESTRING (537586.625758 180768.060524, 537587.657571 180767.910404, 537591.505451 180767.369131, 537642.404044 180758.754092, 537654.141123 180757.169028, 537666.341642 180755.908138)

LINESTRING (537586.625758 180768.060524, 537583.808804 180768.740992, 537575.319022 180770.681197, 537556.391416 180774.954056, 537550.082021 180776.385772)

LINESTRING (537586.625758 180768.060524, 537586.256942 180765.780360, 537586.092749 180764.663081, 537585.963267 180763.802694, 537580.973232 180745.995815, 537578.123556 180734.801469)

LINESTRING (538164.158745 180745.902735, 538176.465834 180747.116462, 538178.356610 180747.301409, 538188.828432 180748.331729, 538206.211651 180750.317869, 538215.068731 180751.482388, 538221.424099 180752.200519, 538225.517892 180752.834892, 538227.700413 180753.016663, 538228.677328 180753.098875)

LINESTRING (538164.158745 180745.902735, 538129.827676 180746.861383, 538070.338859 180751.087325, 538070.046506 180751.112767, 538053.772222 180752.273163, 538052.791077 180752.346667)

LINESTRING (538164.158745 180745.902735, 538164.004901 180751.050997, 538163.404007 180754.762673, 538162.920517 180757.731937, 538162.045891 180763.083173, 538161.560299 180765.874327, 538159.595760 180774.278498, 538156.134931 180791.233112, 538155.225701 180795.047690, 538152.993220 180804.368236, 538146.226456 180825.940298, 538143.656641 180836.431288, 538139.665265 180852.214136, 538134.868828 180871.046541)

LINESTRING (538228.677328 180753.098875, 538233.772688 180759.547261, 538237.153894 180763.912532, 538238.155381 180766.410277, 538239.214747 180769.588428, 538242.129166 180778.859758)

LINESTRING (538228.677328 180753.098875, 538230.283290 180753.287223, 538235.763729 180753.747879, 538239.590537 180753.985507, 538240.129980 180754.066951, 538242.815450 180754.139997, 538251.492794 180753.997668, 538256.633265 180753.681239)

LINESTRING (538228.677328 180753.098875, 538227.700413 180753.016663, 538225.517892 180752.834892, 538221.424099 180752.200519, 538215.068731 180751.482388, 538206.211651 180750.317869, 538188.828432 180748.331729, 538178.356610 180747.301409, 538176.465834 180747.116462, 538164.158745 180745.902735)

LINESTRING (538052.791077 180752.346667, 538049.507017 180752.580186, 538024.591918 180754.329474, 538020.368050 180754.648772, 538015.179333 180754.953001)

LINESTRING (538052.791077 180752.346667, 538053.772222 180752.273163, 538070.046506 180751.112767, 538070.338859 180751.087325, 538129.827676 180746.861383, 538164.158745 180745.902735)

LINESTRING (538052.791077 180752.346667, 538052.791869 180755.896642, 538052.887996 180759.515976, 538052.898846 180759.883507, 538053.201987 180771.476385, 538053.874746 180791.191892, 538055.987897 180853.234376)

LINESTRING (538134.868828 180871.046541, 538131.938779 180870.265814, 538129.587679 180869.645492, 538097.460558 180861.082684, 538060.423138 180854.078205, 538058.585504 180853.727818, 538055.987897 180853.234376)

LINESTRING (538134.868828 180871.046541, 538129.693322 180899.483575, 538119.108632 180950.141664, 538113.010053 180979.332611, 538112.347100 180982.263617, 538107.922506 181001.729338, 538105.207813 181016.790173, 538103.417742 181026.701435)

LINESTRING (537885.310822 180752.251472, 537915.067590 180753.003227, 537934.386001 180753.538618, 537955.532138 180753.767588, 537959.531222 180754.054195, 537963.523367 180754.340617, 537968.703023 180754.369941, 537973.875740 180754.399082, 537986.665572 180754.968880, 537997.292499 180754.890178, 538015.179333 180754.953001)

LINESTRING (537885.310822 180752.251472, 537858.420255 180753.614127, 537849.688040 180753.733381)

LINESTRING (537885.310822 180752.251472, 537885.089676 180755.539468, 537884.889952 180758.549836, 537884.318835 180767.058668, 537883.697641 180779.972973, 537883.217034 180785.145751, 537882.705956 180790.673811, 537881.136820 180802.950339, 537879.233704 180813.715477)

LINESTRING (538015.179333 180754.953001, 538020.368050 180754.648772, 538024.591918 180754.329474, 538049.507017 180752.580186, 538052.791077 180752.346667)

LINESTRING (538015.179333 180754.953001, 537997.292499 180754.890178, 537986.665572 180754.968880, 537973.875740 180754.399082, 537968.703023 180754.369941, 537963.523367 180754.340617, 537959.531222 180754.054195, 537955.532138 180753.767588, 537934.386001 180753.538618, 537915.067590 180753.003227, 537885.310822 180752.251472)

LINESTRING (538015.179333 180754.953001, 538015.338450 180750.116478, 538016.551610 180737.663385, 538017.358378 180725.087973, 538017.397931 180711.612585, 538017.435391 180697.191228, 538017.296311 180684.412077, 538016.947638 180680.118184, 538015.750529 180677.147786)

LINESTRING (537879.233704 180813.715477, 537924.641343 180824.996488, 537950.181364 180831.164832, 537951.754119 180831.552502, 537971.618836 180836.509714, 537972.434025 180836.665385, 537973.422997 180836.558693, 537973.944338 180836.283509, 537974.438531 180835.729379, 537974.875707 180834.973390, 537977.784903 180823.478863)

LINESTRING (537879.233704 180813.715477, 537865.415126 180870.017356, 537863.691251 180875.968780, 537857.890331 180899.103086, 537857.600419 180903.134817, 537858.379109 180906.939584, 537860.510899 180910.781056)

LINESTRING (537879.233704 180813.715477, 537881.136820 180802.950339, 537882.705956 180790.673811, 537883.217034 180785.145751, 537883.697641 180779.972973, 537884.318835 180767.058668, 537884.889952 180758.549836, 537885.089676 180755.539468, 537885.310822 180752.251472)

LINESTRING (536650.359578 181141.737261, 536656.835328 181133.832290, 536663.637209 181123.354343, 536666.529964 181119.325813, 536668.409439 181115.537111, 536670.909270 181110.885963)

LINESTRING (536650.359578 181141.737261, 536646.139721 181146.831811, 536625.687159 181171.498503, 536619.092053 181179.455942, 536605.590986 181195.829875)

LINESTRING (536636.880751 181109.759467, 536655.102786 181109.693034)

LINESTRING (536636.880751 181109.759467, 536637.890699 181119.457072, 536642.080672 181125.545604, 536645.690434 181133.844188, 536647.574537 181138.145843, 536648.332886 181139.123265, 536650.359578 181141.737261)

LINESTRING (536636.880751 181109.759467, 536613.358893 181110.150875, 536565.056343 181112.302345)

LINESTRING (536655.102786 181109.693034, 536636.880751 181109.759467)

LINESTRING (536655.102786 181109.693034, 536661.929190 181110.956049, 536670.909270 181110.885963)

LINESTRING (536565.056343 181112.302345, 536542.848515 181113.408214)

LINESTRING (536565.056343 181112.302345, 536613.358893 181110.150875, 536636.880751 181109.759467)

LINESTRING (536486.671775 181116.083323, 536486.315774 181107.104404, 536484.966950 181071.491209)

LINESTRING (536486.671775 181116.083323, 536501.701242 181115.440953, 536515.020816 181114.863976, 536522.327096 181114.548355)

LINESTRING (536486.671775 181116.083323, 536480.908573 181116.340283, 536472.300590 181116.776800)

LINESTRING (536484.966950 181071.491209, 536528.514073 181070.346282)

LINESTRING (536484.966950 181071.491209, 536485.364544 181060.306883, 536489.705310 181040.882286)

LINESTRING (536522.327096 181114.548355, 536542.848515 181113.408214)

LINESTRING (536522.327096 181114.548355, 536515.020816 181114.863976, 536501.701242 181115.440953, 536486.671775 181116.083323)

LINESTRING (536472.300590 181116.776800, 536480.908573 181116.340283, 536486.671775 181116.083323)

LINESTRING (536472.300590 181116.776800, 536462.094959 181115.167348, 536456.515165 181114.283052, 536450.547088 181114.412134, 536442.657003 181114.489618)

LINESTRING (536489.705310 181040.882286, 536485.364544 181060.306883, 536484.966950 181071.491209)

LINESTRING (536528.514073 181070.346282, 536522.401953 181105.558749, 536522.429217 181107.128563, 536522.327096 181114.548355)

LINESTRING (536528.514073 181070.346282, 536534.641481 181040.253222, 536537.641371 181021.638378, 536540.100486 181018.499516)

LINESTRING (536542.848515 181113.408214, 536565.056343 181112.302345)

LINESTRING (536542.848515 181113.408214, 536522.327096 181114.548355)

LINESTRING (536542.848515 181113.408214, 536542.495237 181106.399058, 536542.378075 181104.815699, 536556.218368 181033.955717)

LINESTRING (536556.218368 181033.955717, 536538.997065 181038.634239)

LINESTRING (536556.218368 181033.955717, 536542.378075 181104.815699, 536542.495237 181106.399058, 536542.848515 181113.408214)

LINESTRING (536556.218368 181033.955717, 536571.736443 181030.644767, 536575.219375 181031.784423)

LINESTRING (536538.997065 181038.634239, 536556.218368 181033.955717)

LINESTRING (536575.219375 181031.784423, 536576.456519 181035.100503, 536577.416735 181039.677760, 536573.198995 181060.196172, 536570.619216 181074.026017, 536565.148076 181102.945958, 536565.144257 181103.346472, 536565.137748 181103.847068, 536565.056343 181112.302345)

LINESTRING (536575.219375 181031.784423, 536571.736443 181030.644767, 536556.218368 181033.955717)

LINESTRING (536938.819158 181051.328611, 536928.043734 181053.597766)

LINESTRING (536938.819158 181051.328611, 536935.911466 181042.759384, 536935.540280 181037.207500, 536936.746089 181032.143240, 536938.860002 181025.590005, 536942.195917 181021.618076, 536970.110951 180989.642105, 536974.496642 180984.852739, 536983.314732 180974.830146, 536997.218940 180959.024426, 537000.456642 180955.350347, 537006.137260 180948.893287, 537023.036308 180930.185990, 537033.473587 180919.094305, 537049.233465 180901.179864, 537071.237488 180876.779159)

LINESTRING (537071.237488 180876.779159, 537072.615666 180875.113702)

LINESTRING (537071.237488 180876.779159, 537057.551256 180866.461358)

LINESTRING (536891.287061 181059.128680, 536884.533951 181064.165935, 536872.303648 181073.017339)

LINESTRING (536872.303648 181073.017339, 536870.042267 181070.096466, 536868.642388 181068.189214, 536863.039260 181059.146820, 536858.932341 181051.012733, 536856.580019 181042.959286, 536855.645640 181033.564120, 536860.101742 180995.213696, 536861.798715 180982.996044, 536862.857336 180975.401689)

LINESTRING (536872.303648 181073.017339, 536861.876952 181080.904672, 536846.690343 181090.210674, 536842.496482 181092.267753, 536833.988925 181097.480393, 536832.216120 181098.334048, 536829.561699 181104.594561)

LINESTRING (536915.220083 180955.857596, 536913.999497 180962.501676, 536910.994816 180979.179909, 536908.126041 181012.465189, 536907.617469 181028.765538, 536908.226866 181031.920128, 536911.048526 181036.725663)

LINESTRING (537072.615666 180875.113702, 537076.482792 180865.614293, 537101.748806 180833.823482, 537104.898292 180830.336265, 537106.837748 180825.369728, 537107.145754 180823.219149, 537106.457976 180819.884364, 537103.393035 180814.059484)

LINESTRING (537072.615666 180875.113702, 537080.892754 180869.973118, 537118.177229 180830.527588, 537121.282093 180827.150459, 537136.522834 180807.909121)

LINESTRING (537057.551256 180866.461358, 537043.480211 180883.030283)

LINESTRING (537057.551256 180866.461358, 537071.237488 180876.779159)

LINESTRING (536829.561699 181104.594561, 536825.904726 181106.054054)

LINESTRING (536829.561699 181104.594561, 536835.439769 181105.231349, 536836.314291 181104.987819, 536841.417065 181104.246090, 536865.868136 181094.366089)

LINESTRING (536865.868136 181094.366089, 536870.893797 181086.433447, 536878.981995 181080.808954, 536893.411713 181074.342622, 536910.708030 181066.117392, 536913.888130 181064.834291, 536929.558227 181058.724196)

LINESTRING (536865.868136 181094.366089, 536878.364892 181089.283204, 536914.436064 181074.909015, 536917.703919 181073.461356, 536932.643171 181068.188458)

LINESTRING (536656.393952 180883.757515, 536656.324695 180885.558429, 536655.707383 180896.636692, 536695.616426 180903.018157, 536700.325107 180903.767993, 536707.521282 180904.718284)

LINESTRING (536803.301487 180978.683453, 536801.494042 180975.663553, 536792.004994 180959.806304, 536784.442866 180947.172493)

LINESTRING (536803.301487 180978.683453, 536805.641355 180977.143971, 536819.401812 180969.234988, 536823.305401 180965.066829)

LINESTRING (536862.857336 180975.401689, 536863.709296 180969.292957, 536870.353790 180931.680302, 536876.700218 180909.004891, 536879.722340 180897.090012, 536879.603124 180893.781705, 536876.441769 180881.989621, 536876.772138 180879.005015, 536878.239254 180875.839587)

LINESTRING (536862.857336 180975.401689, 536861.798715 180982.996044, 536860.101742 180995.213696, 536855.645640 181033.564120, 536856.580019 181042.959286, 536858.932341 181051.012733, 536863.039260 181059.146820, 536868.642388 181068.189214, 536870.042267 181070.096466, 536872.303648 181073.017339)

LINESTRING (536862.857336 180975.401689, 536857.207698 180974.270255, 536840.307642 180970.866177, 536823.305401 180965.066829)

LINESTRING (537022.177240 180783.046939, 537011.650085 180778.144895, 536994.103358 180772.174523, 536988.507902 180769.798045)

LINESTRING (537022.177240 180783.046939, 537022.693318 180787.601191, 537022.758261 180789.828598, 537022.765974 180790.830352)

LINESTRING (537022.177240 180783.046939, 537023.114357 180779.711463, 537024.139589 180778.259043, 537027.904962 180773.820224)

LINESTRING (537022.177240 180783.046939, 537029.986765 180786.751775, 537031.815226 180787.702465, 537045.103852 180794.748876, 537046.016259 180795.162969, 537052.144475 180797.609521, 537055.885039 180798.211165)

LINESTRING (537022.765974 180790.830352, 537022.758261 180789.828598, 537022.693318 180787.601191, 537022.177240 180783.046939)

LINESTRING (537022.765974 180790.830352, 536977.670383 180819.694471, 536958.655693 180831.868254, 536956.747983 180833.085468)

LINESTRING (537022.765974 180790.830352, 537022.841791 180791.366553, 537023.008291 180792.917873, 537024.430542 180807.389599, 537024.525421 180808.249035, 537024.945088 180847.543184, 537024.958839 180848.578485)

LINESTRING (537027.904962 180773.820224, 537032.570120 180771.809377, 537033.891126 180769.174207, 537037.399251 180761.657052, 537039.192511 180757.732608, 537040.352638 180754.625714, 537040.891837 180753.171320, 537043.116059 180750.004093)

LINESTRING (537024.958839 180848.578485, 537029.323199 180854.115631, 537032.618554 180857.320403, 537037.584965 180862.161580, 537041.085051 180866.529220, 537042.573760 180871.065190, 537043.416885 180874.048049, 537043.480211 180883.030283)

LINESTRING (537024.958839 180848.578485, 537024.865343 180855.909502, 537025.731205 180882.774266)

LINESTRING (537024.958839 180848.578485, 537024.945088 180847.543184, 537024.525421 180808.249035, 537024.430542 180807.389599, 537023.008291 180792.917873, 537022.841791 180791.366553, 537022.765974 180790.830352)

LINESTRING (537043.480211 180883.030283, 537032.562979 180896.724157)

LINESTRING (537043.480211 180883.030283, 537043.416885 180874.048049, 537042.573760 180871.065190, 537041.085051 180866.529220, 537037.584965 180862.161580, 537032.618554 180857.320403, 537029.323199 180854.115631, 537024.958839 180848.578485)

LINESTRING (537025.731205 180882.774266, 537024.865343 180855.909502, 537024.958839 180848.578485)

LINESTRING (536956.747983 180833.085468, 536925.990778 180853.255761)

LINESTRING (536956.747983 180833.085468, 536958.655693 180831.868254, 536977.670383 180819.694471, 537022.765974 180790.830352)

LINESTRING (536956.747983 180833.085468, 536957.282524 180834.379624, 536960.249201 180841.537156, 536961.218275 180845.001908, 536962.187347 180848.466661)

LINESTRING (536925.990778 180853.255761, 536956.747983 180833.085468)

LINESTRING (536407.627950 181788.432168, 536411.052649 181789.136169, 536416.104063 181789.761440, 536422.619375 181788.356170, 536437.887266 181781.087666, 536446.157112 181775.879169, 536448.247423 181774.566532, 536450.250760 181772.873200, 536465.710236 181759.767592, 536475.649483 181751.343404, 536489.497096 181739.318520, 536491.615648 181737.472503, 536493.051441 181736.231326, 536493.641620 181735.713025, 536499.681867 181730.544867, 536506.851666 181724.939677, 536509.755335 181722.814298, 536520.464062 181714.956150, 536536.142732 181704.816747, 536593.742096 181676.619103, 536606.824132 181671.395560, 536610.906068 181670.381356, 536620.938396 181668.581252)

LINESTRING (536407.627950 181788.432168, 536406.034670 181792.696020, 536403.447591 181796.220985, 536401.685053 181800.324500, 536399.128648 181808.913639, 536369.131137 182073.950939, 536377.674189 182076.906688)

LINESTRING (536377.674189 182076.906688, 536369.131137 182073.950939, 536399.128648 181808.913639, 536401.685053 181800.324500, 536403.447591 181796.220985, 536406.034670 181792.696020, 536407.627950 181788.432168)

LINESTRING (536411.965254 181565.850283, 536415.032623 181565.387351, 536417.811069 181564.048661, 536419.854908 181562.400914, 536421.083640 181560.597745, 536422.052466 181558.131032, 536422.396357 181554.890819)

LINESTRING (536422.396357 181554.890819, 536425.629980 181552.373633, 536427.586687 181550.868217, 536433.501853 181547.777598)

LINESTRING (536422.396357 181554.890819, 536422.388099 181547.957705, 536422.463851 181540.481563)

LINESTRING (536422.463851 181540.481563, 536422.386751 181537.664049, 536421.533253 181535.059382, 536419.835027 181532.109317, 536417.594263 181530.747152, 536415.163924 181529.980824, 536411.994707 181529.840098)

LINESTRING (536411.994707 181529.840098, 536396.392938 181530.122341)

LINESTRING (536411.994707 181529.840098, 536409.866156 181527.401511, 536408.182681 181525.453387, 536406.390738 181522.890299, 536404.223548 181519.304469)

LINESTRING (536396.392938 181530.122341, 536392.998491 181530.353941, 536390.290537 181531.394075, 536388.269971 181533.209382, 536386.996705 181535.378595, 536386.538172 181538.493321, 536386.561652 181541.498575)

LINESTRING (536386.561652 181541.498575, 536386.610095 181548.488406, 536386.665249 181555.745496)

LINESTRING (536386.665249 181555.745496, 536387.051669 181558.938544, 536388.051548 181561.780826, 536389.768813 181563.763235, 536392.050002 181565.170986, 536394.252565 181565.886676, 536396.815761 181566.100150)

LINESTRING (536396.815761 181566.100150, 536411.965254 181565.850283)

LINESTRING (536396.815761 181566.100150, 536398.913121 181568.148407, 536400.806589 181570.291345, 536401.928070 181572.224380, 536402.845886 181573.985024, 536404.655557 181577.438846)

LINESTRING (536402.818763 181430.674879, 536408.902469 181431.138658, 536417.312357 181430.819148, 536432.911393 181429.357290, 536462.924879 181428.660933)

LINESTRING (536402.818763 181430.674879, 536402.749859 181427.034097, 536401.535111 181403.743480, 536401.162574 181388.910673, 536401.251545 181383.526996)

LINESTRING (536402.818763 181430.674879, 536402.898485 181434.171285, 536403.828344 181476.349999)

LINESTRING (536462.924879 181428.660933, 536432.911393 181429.357290, 536417.312357 181430.819148, 536408.902469 181431.138658, 536402.818763 181430.674879)

LINESTRING (536401.251545 181383.526996, 536400.730687 181378.616592, 536399.095429 181332.190224, 536398.087416 181309.472703, 536397.901577 181295.702093, 536397.931426 181294.590071, 536397.984417 181291.063844)

LINESTRING (536401.251545 181383.526996, 536404.959516 181382.224375, 536429.255376 181368.988600)

LINESTRING (536401.251545 181383.526996, 536401.162574 181388.910673, 536401.535111 181403.743480, 536402.749859 181427.034097, 536402.818763 181430.674879)

LINESTRING (536403.828344 181476.349999, 536433.649717 181476.850175, 536459.373509 181507.898783, 536460.049519 181510.131458, 536460.681059 181547.628337)

LINESTRING (536403.828344 181476.349999, 536402.898485 181434.171285, 536402.818763 181430.674879)

LINESTRING (536403.828344 181476.349999, 536403.952732 181489.562553, 536404.223548 181519.304469)

LINESTRING (538175.187211 180513.674874, 538168.814058 180512.577967, 538162.474276 180513.830063)

LINESTRING (538175.187211 180513.674874, 538176.183750 180508.694192, 538175.594542 180502.012270, 538175.251024 180499.320991, 538174.674967 180494.965260, 538173.040262 180483.057962, 538173.245206 180475.774441, 538171.578840 180463.243093, 538169.422013 180453.680822, 538163.647155 180433.125516, 538158.647051 180419.323950, 538149.463460 180399.744338, 538133.307171 180373.520793, 538113.253326 180346.067438, 538100.176380 180329.698401, 538089.463309 180316.298125, 538086.538147 180312.768863, 538080.394224 180305.780268, 538069.083302 180292.909091, 538068.201671 180291.872462, 538067.703528 180291.291384, 538065.536561 180288.739770, 538048.376899 180270.791045, 538046.505899 180268.848410, 538045.263090 180267.557152, 538043.816616 180266.093438, 538043.059585 180265.327279)

LINESTRING (538162.474276 180513.830063, 538158.142676 180516.316363, 538154.676960 180519.905654)

LINESTRING (538043.059585 180265.327279, 538039.013725 180261.634072, 538035.122947 180258.112006, 538030.249742 180253.428172, 538029.345464 180252.457706, 538027.994337 180250.551452, 538026.033732 180247.304373)

LINESTRING (538043.059585 180265.327279, 538035.452947 180262.583443, 538032.890357 180261.044911, 538027.481585 180255.879145, 538026.674169 180254.666485, 538026.214396 180251.137436, 538026.033732 180247.304373)

LINESTRING (538151.374997 180531.522964, 538152.217791 180535.774658, 538154.083421 180539.698046, 538156.846382 180543.056021, 538160.345870 180545.632775, 538164.363450 180547.288831, 538168.832750 180547.911101, 538173.305127 180547.398363, 538177.509339 180545.765500, 538181.164180 180543.138407, 538184.029477 180539.666350)

LINESTRING (538184.029477 180539.666350, 538185.743124 180536.151855, 538186.638228 180532.348026, 538186.668012 180528.442771)

LINESTRING (538184.029477 180539.666350, 538195.218846 180536.543026, 538204.415597 180534.934647, 538229.210109 180531.024002, 538245.914201 180529.920340, 538262.296558 180530.432725, 538270.026222 180531.188289, 538280.044901 180533.575243, 538286.667486 180539.286235, 538289.813998 180544.624448, 538292.668480 180549.465069, 538295.580195 180559.348413, 538295.688313 180565.839211, 538294.715067 180572.512026)

LINESTRING (538154.676960 180519.905654, 538146.230515 180516.393203, 538141.890073 180514.605976, 538132.739451 180509.917058, 538125.047593 180505.980016, 538118.264168 180502.857786, 538112.566658 180498.874803, 538106.123022 180493.981283, 538098.562085 180489.569319)

LINESTRING (538154.676960 180519.905654, 538151.999244 180525.419320, 538151.374997 180531.522964)

LINESTRING (538098.562085 180489.569319, 538100.588994 180498.805303, 538103.803649 180503.177074, 538109.072974 180508.350278, 538113.458936 180511.529760, 538128.998631 180519.285649, 538134.645784 180521.798337, 538151.374997 180531.522964)

LINESTRING (538098.562085 180489.569319, 538095.153881 180480.562889, 538094.545904 180472.522810, 538094.568023 180469.919371, 538098.170514 180446.981506, 538097.228130 180416.486405, 538096.666329 180407.768751, 538095.800550 180394.391177, 538095.526431 180390.166075, 538090.065926 180368.506574, 538087.789996 180359.486402, 538077.016570 180337.827258)

LINESTRING (538098.562085 180489.569319, 538091.067619 180490.634336, 538071.244656 180498.664664, 538063.797580 180499.775521, 538050.704411 180501.656689, 538047.773797 180502.166896, 538044.106083 180502.712728, 538039.977944 180503.335085, 538037.154144 180503.748043, 538019.770537 180506.347400, 538004.813683 180508.578699, 537998.754248 180509.482502, 537991.816209 180510.518256, 537988.594449 180511.009465)

LINESTRING (538055.987897 180853.234376, 538058.585504 180853.727818, 538060.423138 180854.078205, 538097.460558 180861.082684, 538129.587679 180869.645492, 538131.938779 180870.265814, 538134.868828 180871.046541)

LINESTRING (538055.987897 180853.234376, 538053.874746 180791.191892, 538053.201987 180771.476385, 538052.898846 180759.883507, 538052.887996 180759.515976, 538052.791869 180755.896642, 538052.791077 180752.346667)

LINESTRING (538055.987897 180853.234376, 538046.105109 180910.544167, 538034.844077 180958.012433, 538033.440421 180963.927992, 538028.515259 180985.216354, 538022.752275 181008.718771, 538020.714725 181017.009718)

LINESTRING (537222.850760 180741.878125, 537230.840007 180738.410372)

LINESTRING (538275.700274 180626.646245, 538282.127610 180639.273790, 538287.111335 180646.509305)

LINESTRING (538357.602683 180645.567754, 538367.701593 180635.560031, 538371.290349 180630.260455, 538373.947235 180623.733643, 538375.980053 180615.387040, 538376.389797 180608.754536, 538375.513656 180601.908968, 538372.473742 180593.680212)

LINESTRING (538357.602683 180645.567754, 538388.363733 180645.169980, 538417.961067 180647.979067, 538450.093490 180655.108439, 538477.308428 180663.283647, 538494.986690 180669.997255, 538534.998676 180688.926587, 538562.538247 180706.325452, 538577.864790 180712.685906)

LINESTRING (538372.473742 180593.680212, 538368.485443 180586.360426)

LINESTRING (538577.864790 180712.685906, 538620.091189 180759.630943, 538637.162593 180782.208797, 538659.498935 180816.192337)

LINESTRING (538368.485443 180586.360426, 538366.902649 180579.707063, 538366.083516 180572.807408, 538365.885928 180565.780005, 538366.364377 180559.939488)

LINESTRING (538368.485443 180586.360426, 538358.308824 180577.024866, 538347.800644 180570.429020, 538334.621566 180564.750930)

LINESTRING (538322.972718 180563.321056, 538315.245880 180558.125254, 538308.390717 180552.541434, 538298.679809 180538.845214, 538293.277114 180532.711132, 538279.043849 180524.678676, 538264.518399 180522.024456, 538245.727397 180521.468808, 538239.546069 180521.745820)

LINESTRING (538322.972718 180563.321056, 538307.099202 180566.060681, 538294.715067 180572.512026)

LINESTRING (538239.546069 180521.745820, 538232.449747 180520.172899, 538221.656903 180521.225918, 538215.621849 180522.508492)

LINESTRING (538239.546069 180521.745820, 538232.499876 180524.202740, 538216.628736 180526.597735)

LINESTRING (538294.715067 180572.512026, 538289.756340 180576.861850)

LINESTRING (537047.597343 180429.018433, 537054.607165 180426.859374, 537061.214023 180423.676785, 537067.276730 180419.555883, 537072.661035 180414.582073, 537077.245666 180408.874493)

LINESTRING (537077.245666 180408.874493, 537112.312071 180431.431415, 537113.629519 180432.279319, 537128.514629 180449.940843, 537135.347522 180466.695207, 537139.473838 180492.646417, 537140.473806 180501.142023)

LINESTRING (537077.245666 180408.874493, 537081.512888 180401.288805, 537084.380026 180393.086690, 537085.757500 180384.499424, 537085.602805 180375.815194, 537083.915977 180367.289953)

LINESTRING (537140.473806 180501.142023, 537113.115602 180504.877503)

LINESTRING (537140.473806 180501.142023, 537139.473838 180492.646417, 537135.347522 180466.695207, 537128.514629 180449.940843, 537113.629519 180432.279319, 537112.312071 180431.431415, 537077.245666 180408.874493)

LINESTRING (537140.473806 180501.142023, 537146.118009 180543.414883, 537152.413495 180581.621248, 537154.222734 180591.006705, 537156.638131 180598.516711, 537160.094388 180605.798856, 537164.811689 180612.413954, 537170.468644 180617.919331, 537177.095787 180622.727560, 537184.519334 180626.845084, 537192.626613 180629.300703, 537200.980118 180629.837787, 537208.311599 180629.390261, 537216.038786 180627.918496, 537228.848116 180625.204050, 537241.076657 180622.396054, 537245.404582 180621.567014, 537251.427180 180620.472149, 537311.245905 180611.237768, 537330.683314 180608.413307, 537382.211805 180600.936594, 537396.179739 180599.811843, 537407.458051 180600.049968, 537416.043352 180601.005418, 537422.597310 180602.862995, 537427.343440 180605.061189)

LINESTRING (537083.915977 180367.289953, 537079.594383 180350.881607, 537081.191007 180344.726214, 537082.957155 180334.602599, 537088.238174 180322.904536, 537097.353397 180311.955330, 537130.456428 180268.301760, 537132.452924 180264.060105, 537133.847755 180259.724320, 537136.754242 180251.356367, 537140.005518 180238.446250, 537141.367746 180231.972957)

LINESTRING (537083.915977 180367.289953, 537080.752267 180359.192271, 537076.209167 180351.769603, 537070.426113 180345.259406, 537063.592016 180339.867087, 537055.910574 180335.765067, 537047.628923 180333.060168)

LINESTRING (537047.628923 180333.060168, 537038.994202 180331.859208, 537030.290349 180332.192102, 537025.973361 180332.865832, 537021.774741 180334.043530, 537013.719535 180337.365185, 537006.377864 180342.041477, 536999.968759 180347.933640, 536994.705507 180354.858236, 536990.739834 180362.596786, 536988.203243 180370.908011, 536987.264033 180379.473722, 536987.674164 180388.220467, 536989.703584 180396.665877, 536992.981347 180404.143388, 536993.190229 180404.638661, 536998.023313 180411.868760)

LINESTRING (536998.023313 180411.868760, 537003.070937 180417.580073, 537006.449626 180424.403747, 537007.929086 180431.866183, 537007.405140 180439.452670, 537004.919344 180446.652428, 536991.524413 180496.335232, 536989.193316 180507.845808, 536986.141983 180532.423820, 536985.675988 180549.971675, 536985.873893 180559.892300, 536987.295900 180575.154103)

LINESTRING (536998.023313 180411.868760, 537005.856192 180419.624851, 537015.219943 180425.463645, 537025.657711 180429.072372, 537036.625476 180430.280574, 537047.597343 180429.018433)

LINESTRING (536987.295900 180575.154103, 536986.079474 180580.607556, 536985.057791 180583.473371, 536984.096420 180586.162760, 536982.463726 180588.767286, 536980.711173 180590.923451, 536976.957221 180593.904812, 536974.843338 180595.038568, 536969.081971 180597.264754, 536963.614778 180597.851890)

LINESTRING (536987.295900 180575.154103, 536991.701118 180591.553498, 536992.580593 180596.540413, 536994.167334 180598.474988, 537001.703028 180602.817825)

LINESTRING (537010.950720 180508.098406, 537012.328877 180500.768638, 537019.805442 180473.305293, 537025.255002 180453.799669, 537027.091290 180446.994155, 537030.459823 180440.797492, 537035.184463 180435.561039, 537041.007890 180431.556068, 537047.597343 180429.018433)

LINESTRING (537113.115602 180504.877503, 537140.473806 180501.142023)

LINESTRING (537113.115602 180504.877503, 537032.511244 180516.168967, 537025.372134 180516.688709, 537019.311334 180515.334594, 537015.139423 180511.405133, 537010.950720 180508.098406)

LINESTRING (537427.343440 180605.061189, 537422.597310 180602.862995, 537416.043352 180601.005418, 537407.458051 180600.049968, 537396.179739 180599.811843, 537382.211805 180600.936594, 537330.683314 180608.413307, 537311.245905 180611.237768, 537251.427180 180620.472149, 537245.404582 180621.567014, 537241.076657 180622.396054, 537228.848116 180625.204050, 537216.038786 180627.918496, 537208.311599 180629.390261, 537200.980118 180629.837787, 537192.626613 180629.300703, 537184.519334 180626.845084, 537177.095787 180622.727560, 537170.468644 180617.919331, 537164.811689 180612.413954, 537160.094388 180605.798856, 537156.638131 180598.516711, 537154.222734 180591.006705, 537152.413495 180581.621248, 537146.118009 180543.414883, 537140.473806 180501.142023)

LINESTRING (537427.343440 180605.061189, 537429.444901 180608.756970, 537430.645096 180611.883094, 537431.988368 180622.302136, 537432.022806 180635.924127, 537430.482194 180644.874149)

LINESTRING (537594.366678 180597.038419, 537568.606761 180606.122923, 537548.664419 180613.484303, 537544.307201 180614.879839, 537530.773087 180619.732783, 537518.010229 180625.341099, 537514.634508 180626.907884, 537508.135897 180629.937018, 537485.166418 180641.389861, 537484.765160 180641.590445, 537465.220308 180650.954863, 537449.182641 180657.487451, 537436.115431 180661.774592, 537393.066843 180674.376420, 537370.419223 180680.619285, 537333.828830 180691.693529, 537302.584952 180701.254345, 537276.026839 180712.166022, 537248.198003 180722.565000, 537231.290494 180727.127311, 537209.931316 180731.191131, 537185.623738 180733.862315, 537162.604978 180733.808580, 537135.067745 180730.583876, 537108.778414 180722.029152, 537088.597278 180713.316602, 537071.026305 180703.862164, 537047.612894 180688.051794, 537035.056197 180677.286022, 536991.392645 180639.841895, 536964.337733 180619.471348, 536950.988689 180610.264663, 536934.109252 180600.896130, 536916.503263 180593.232965, 536891.689984 180585.787489, 536868.660351 180582.763574, 536842.040210 180582.069056, 536816.236824 180584.312267, 536794.302092 180588.340093, 536766.239795 180598.401562, 536744.981290 180610.337723, 536717.792191 180628.735745, 536701.445538 180644.988427, 536696.993381 180649.409007, 536677.926406 180673.344983, 536664.260828 180695.267382, 536650.751333 180724.560907, 536634.918579 180759.945922, 536623.291167 180785.884865, 536570.528480 180888.259847)

LINESTRING (537594.366678 180597.038419, 537567.939677 180601.519996, 537538.071103 180610.259751, 537496.729283 180624.175547, 537485.593750 180627.902766, 537475.005002 180632.468294, 537467.533669 180635.003779, 537458.602354 180637.343992, 537450.848352 180640.061037)

LINESTRING (537450.848352 180640.061037, 537438.198844 180643.024073, 537430.482194 180644.874149)

LINESTRING (537450.848352 180640.061037, 537450.998987 180637.572367, 537450.686935 180633.190498, 537449.774001 180630.227933, 537443.213850 180616.017720, 537442.649241 180614.811721, 537442.032724 180613.470780, 537440.248080 180609.872587, 537438.132516 180606.955402, 537433.131835 180605.696221, 537427.343440 180605.061189)

LINESTRING (537121.809056 180788.315814, 537105.083903 180795.398444, 537100.725516 180797.105909, 537094.829268 180798.159838, 537088.983756 180797.590412)

LINESTRING (537121.809056 180788.315814, 537113.276933 180801.873574, 537110.141004 180805.372280, 537103.393035 180814.059484)

LINESTRING (537088.983756 180797.590412, 537081.319587 180793.132680, 537074.503573 180787.351313, 537069.916641 180780.539501, 537062.880712 180769.521927, 537059.594960 180764.414460, 537057.320729 180760.680796, 537055.227513 180756.929758, 537048.675591 180744.957098)

LINESTRING (537103.393035 180814.059484, 537093.549379 180824.755306, 537083.676427 180834.994096)

LINESTRING (537103.393035 180814.059484, 537101.001299 180809.020618, 537098.143494 180806.328378, 537088.983756 180797.590412)

LINESTRING (537103.393035 180814.059484, 537117.069392 180816.509438, 537124.976006 180814.552744, 537130.555555 180812.110398, 537136.522834 180807.909121)

LINESTRING (538624.264824 180737.732737, 538612.151269 180718.728836, 538597.876850 180703.583250, 538583.564035 180690.606704, 538571.606230 180680.398618, 538555.017387 180668.116838, 538532.331815 180655.557650, 538488.761835 180635.941597, 538472.194841 180630.237593, 538442.334490 180623.058691, 538413.354655 180616.950017, 538387.476390 180610.681136, 538382.700886 180607.279359, 538377.441648 180601.494066, 538372.473742 180593.680212)

LINESTRING (538624.264824 180737.732737, 538568.022850 180684.730034, 538516.123652 180659.878858, 538490.820060 180646.803375, 538477.922451 180641.766887, 538443.146569 180632.762532, 538418.900000 180627.272406, 538398.780879 180624.242882, 538257.937259 180600.823657, 538219.468551 180594.035115, 538133.863570 180578.943583, 538047.875249 180564.399522)

LINESTRING (538047.875249 180564.399522, 538021.776911 180561.865689, 537984.068543 180558.516012, 537948.005692 180555.689797, 537931.074005 180555.208027)

LINESTRING (538666.254801 180793.574491, 538624.264824 180737.732737)

LINESTRING (536460.681059 181547.628337, 536497.130069 181547.450029)

LINESTRING (536460.681059 181547.628337, 536433.501853 181547.777598)

LINESTRING (536460.681059 181547.628337, 536460.974832 181568.746502, 536461.368784 181596.733484, 536461.648524 181617.339376, 536461.825611 181637.630920, 536451.052276 181649.961012)

LINESTRING (536460.681059 181547.628337, 536460.049519 181510.131458, 536459.373509 181507.898783, 536433.649717 181476.850175, 536403.828344 181476.349999)

LINESTRING (536404.223548 181519.304469, 536402.020473 181523.262621, 536400.628581 181525.194953, 536399.526824 181526.923638, 536396.392938 181530.122341)

LINESTRING (536404.223548 181519.304469, 536403.952732 181489.562553, 536403.828344 181476.349999)

LINESTRING (536497.130069 181547.450029, 536460.681059 181547.628337)

LINESTRING (536497.130069 181547.450029, 536499.352199 181554.932265, 536502.085775 181560.692235, 536506.470467 181565.984666, 536509.964755 181569.272351, 536511.608209 181570.640767, 536513.743000 181574.136751, 536514.604676 181578.243969, 536514.229256 181583.430774, 536512.975694 181593.134311, 536511.274917 181602.169266, 536507.648771 181612.576909, 536504.397818 181620.390624, 536500.495534 181627.897508, 536492.920910 181640.814223, 536487.013430 181648.790277, 536479.303112 181658.231351, 536471.137608 181667.560056, 536454.123185 181652.725391, 536451.052276 181649.961012)

LINESTRING (536497.130069 181547.450029, 536497.524523 181541.295578, 536500.235038 181534.991909)

LINESTRING (536500.235038 181534.991909, 536497.524523 181541.295578, 536497.130069 181547.450029)

LINESTRING (536433.501853 181547.777598, 536460.681059 181547.628337)

LINESTRING (536433.501853 181547.777598, 536430.169222 181545.707287, 536427.618344 181544.258893, 536425.457490 181542.765331, 536422.463851 181540.481563)

LINESTRING (536562.977185 181426.330093, 536559.132601 181444.599507, 536558.601611 181449.114434, 536558.650484 181452.721301, 536562.072312 181465.165621, 536566.158093 181477.705688, 536568.397409 181486.612834, 536569.116072 181488.290259, 536571.693597 181496.238339, 536574.971187 181511.204908)

LINESTRING (536562.977185 181426.330093, 536565.598677 181414.560091, 536574.110466 181376.351887, 536574.237150 181369.055161, 536573.969331 181366.877954, 536573.525279 181363.249338, 536569.218232 181351.704867)

LINESTRING (536562.977185 181426.330093, 536569.056599 181427.728721, 536617.879139 181438.923048)

LINESTRING (536574.971187 181511.204908, 536581.238234 181511.818493)

LINESTRING (536574.971187 181511.204908, 536574.938065 181524.836127, 536578.150293 181534.225689)

LINESTRING (536574.971187 181511.204908, 536571.693597 181496.238339, 536569.116072 181488.290259, 536568.397409 181486.612834, 536566.158093 181477.705688, 536562.072312 181465.165621, 536558.650484 181452.721301, 536558.601611 181449.114434, 536559.132601 181444.599507, 536562.977185 181426.330093)

LINESTRING (536581.238234 181511.818493, 536574.971187 181511.204908)

LINESTRING (536578.150293 181534.225689, 536574.938065 181524.836127, 536574.971187 181511.204908)

LINESTRING (536578.150293 181534.225689, 536582.411306 181539.726300, 536589.309469 181548.113254, 536621.468138 181584.844220, 536625.395194 181589.334349, 536630.743403 181595.454037, 536645.125109 181611.876614)

LINESTRING (536578.150293 181534.225689, 536574.007155 181536.996542, 536569.855157 181542.938711, 536563.403519 181561.594310, 536562.719682 181564.046402, 536559.668603 181574.235776, 536554.872783 181586.826476, 536553.246856 181591.523413)

LINESTRING (536553.246856 181591.523413, 536554.872783 181586.826476, 536559.668603 181574.235776, 536562.719682 181564.046402, 536563.403519 181561.594310, 536569.855157 181542.938711, 536574.007155 181536.996542, 536578.150293 181534.225689)

LINESTRING (538413.166288 180765.898696, 538415.511513 180759.341160, 538416.873231 180755.238476, 538418.440035 180748.960208, 538419.856842 180740.285247, 538422.541937 180723.799296, 538422.966077 180721.485009)

LINESTRING (538413.166288 180765.898696, 538417.929716 180767.697689, 538420.264453 180769.174585, 538424.521072 180773.263363, 538428.454355 180779.279683, 538430.492904 180782.707118, 538433.889957 180786.739108, 538443.684516 180791.724356, 538449.607599 180794.033492, 538456.730355 180795.384889, 538479.059385 180798.074265, 538527.948698 180801.587786, 538544.490232 180803.362972)

LINESTRING (538413.166288 180765.898696, 538408.269739 180767.712816, 538402.780811 180770.879605, 538397.156868 180772.629414, 538392.490965 180773.114420, 538389.493266 180772.776840, 538384.021383 180771.492747)

LINESTRING (538422.966077 180721.485009, 538409.144687 180720.285088)

LINESTRING (538422.966077 180721.485009, 538422.541937 180723.799296, 538419.856842 180740.285247, 538418.440035 180748.960208, 538416.873231 180755.238476, 538415.511513 180759.341160, 538413.166288 180765.898696)

LINESTRING (538422.966077 180721.485009, 538427.561898 180690.684318, 538429.380818 180679.994939)

LINESTRING (538544.490232 180803.362972, 538544.894416 180801.782625, 538551.114985 180773.563584, 538555.675125 180753.779144)

LINESTRING (538544.490232 180803.362972, 538571.486553 180812.645611, 538578.132605 180815.942786, 538635.845330 180835.589361, 538640.322336 180837.191573, 538642.198507 180837.910461)

LINESTRING (538544.490232 180803.362972, 538527.948698 180801.587786, 538479.059385 180798.074265, 538456.730355 180795.384889, 538449.607599 180794.033492, 538443.684516 180791.724356, 538433.889957 180786.739108, 538430.492904 180782.707118, 538428.454355 180779.279683, 538424.521072 180773.263363, 538420.264453 180769.174585, 538417.929716 180767.697689, 538413.166288 180765.898696)

LINESTRING (538384.021383 180771.492747, 538384.191689 180776.204702, 538384.732731 180790.764269, 538385.367668 180844.465021, 538380.950372 180879.432629, 538374.905607 180909.904562, 538368.289523 180946.314646)

LINESTRING (538384.021383 180771.492747, 538389.493266 180772.776840, 538392.490965 180773.114420, 538397.156868 180772.629414, 538402.780811 180770.879605, 538408.269739 180767.712816, 538413.166288 180765.898696)

LINESTRING (538384.021383 180771.492747, 538370.609755 180768.000501, 538362.776493 180765.962180, 538345.810528 180761.661020, 538335.073335 180759.666108, 538297.281342 180754.086077, 538292.818548 180753.742072, 538292.050718 180753.632152)

LINESTRING (538368.289523 180946.314646, 538363.539753 180945.295053, 538305.402602 180932.840085, 538234.617442 180917.415444)

LINESTRING (538368.289523 180946.314646, 538374.905607 180909.904562, 538380.950372 180879.432629, 538385.367668 180844.465021, 538384.732731 180790.764269, 538384.191689 180776.204702, 538384.021383 180771.492747)

LINESTRING (538368.289523 180946.314646, 538366.071079 180956.637055, 538365.122340 180968.273801, 538359.260333 180994.844652, 538358.563852 180996.706391, 538355.694490 180996.505860, 538354.919153 180996.417981, 538353.299393 180996.229214, 538315.151181 180989.515302, 538286.147948 180984.085459, 538228.385975 180973.422112)

LINESTRING (538650.285804 180946.188241, 538704.401490 180963.990375, 538717.766998 180968.383680)

LINESTRING (538650.285804 180946.188241, 538627.116810 180938.422855, 538624.570667 180937.318458, 538621.686487 180937.150758, 538618.677635 180937.480439, 538614.817909 180938.454620, 538611.663119 180940.316049, 538609.205377 180943.353849, 538607.737251 180946.006889, 538605.411401 180950.828837, 538602.050890 180954.632137, 538599.687419 180956.759981, 538596.952085 180958.009665)

LINESTRING (538717.766998 180968.383680, 538733.989582 180974.190431, 538739.595309 180976.157404, 538753.414475 180980.718989, 538755.865899 180981.475885, 538801.129163 180996.411070, 538808.409752 180998.835619, 538821.149679 181003.245503, 538840.837685 181010.048675, 538852.442682 181015.584993)

LINESTRING (538717.766998 180968.383680, 538704.401490 180963.990375, 538650.285804 180946.188241)

LINESTRING (538717.766998 180968.383680, 538716.462411 180972.421082, 538713.921763 180980.275189, 538711.821215 180986.761381, 538685.861177 181062.193696, 538680.506042 181067.077611)

LINESTRING (538596.952085 180958.009665, 538598.578925 180961.503848, 538600.020048 180966.205966, 538598.636958 180971.342969, 538596.492836 180977.649959, 538592.235373 180992.445955, 538588.359358 181004.459118, 538586.104130 181011.530944, 538578.798519 181034.467740)

LINESTRING (538596.952085 180958.009665, 538593.642108 180958.687258, 538590.865324 180958.656046, 538582.541393 180955.780483, 538546.886740 180943.435075, 538509.776161 180931.762462, 538505.852503 180930.242215, 538500.767371 180928.278566, 538496.179385 180926.673451, 538492.361894 180925.334163, 538486.806816 180919.974680, 538484.636618 180913.227359, 538485.060111 180908.898814, 538497.196692 180874.564502, 538499.834523 180866.445868, 538502.113781 180864.605022, 538504.307953 180862.828630, 538511.415221 180861.686919, 538522.344444 180862.741534, 538529.027101 180864.949059)

LINESTRING (538852.442682 181015.584993, 538840.837685 181010.048675, 538821.149679 181003.245503, 538808.409752 180998.835619, 538801.129163 180996.411070, 538755.865899 180981.475885, 538753.414475 180980.718989, 538739.595309 180976.157404, 538733.989582 180974.190431, 538717.766998 180968.383680)

LINESTRING (538852.442682 181015.584993, 538849.602104 181024.243224, 538846.908310 181032.104216, 538842.803031 181044.099820, 538834.147898 181069.369790, 538830.556129 181079.854832)

LINESTRING (538830.556129 181079.854832, 538834.905582 181081.286816, 538839.918771 181082.570011, 538868.632092 181091.968003, 538874.919968 181094.376656, 538875.711491 181094.887939, 538881.136170 181097.629122, 538883.023098 181099.728329, 538885.442686 181102.409646, 538888.824010 181108.266605, 538890.752804 181113.660986, 538892.601705 181123.248616)

LINESTRING (538830.556129 181079.854832, 538827.568385 181088.564694, 538827.145486 181089.810657)

LINESTRING (537329.689143 181226.219244, 537356.324639 181226.738828)

LINESTRING (537329.689143 181226.219244, 537330.418654 181206.419423, 537331.763999 181170.255362, 537332.119240 181137.069190, 537332.299031 181119.624848)

LINESTRING (537329.689143 181226.219244, 537318.556432 181226.040806, 537285.789019 181224.777082, 537249.730061 181223.780773, 537237.923980 181223.339502, 537216.361118 181222.679303, 537202.906999 181222.327153, 537182.810465 181220.849808, 537167.647062 181220.540634, 537162.823418 181221.489877, 537159.774505 181222.286717, 537155.253335 181224.635169)

LINESTRING (538861.272589 182162.749080, 538858.917099 182154.694441, 538850.234678 182126.658168, 538839.991359 182096.542743, 538833.160296 182076.458329, 538822.390535 182042.734066, 538818.683030 182031.559919, 538811.687151 182012.672917, 538807.399833 182004.676811, 538801.467552 181997.425889, 538791.019717 181984.431729, 538772.565247 181965.142735, 538763.332608 181951.881365, 538742.686895 181928.927016)

LINESTRING (538861.272589 182162.749080, 538819.314253 182171.061541, 538777.607633 182179.314447)

LINESTRING (538742.686895 181928.927016, 538715.574339 181955.662847, 538667.529432 182003.016013, 538657.141009 182013.271123)

LINESTRING (538742.686895 181928.927016, 538763.332608 181951.881365, 538772.565247 181965.142735, 538791.019717 181984.431729, 538801.467552 181997.425889, 538807.399833 182004.676811, 538811.687151 182012.672917, 538818.683030 182031.559919, 538822.390535 182042.734066, 538833.160296 182076.458329, 538839.991359 182096.542743, 538850.234678 182126.658168, 538858.917099 182154.694441, 538861.272589 182162.749080)

LINESTRING (538742.686895 181928.927016, 538745.827816 181925.774409, 538750.417772 181921.170163, 538761.914541 181908.986889)

LINESTRING (538777.607633 182179.314447, 538741.446553 182182.288448)

LINESTRING (538777.607633 182179.314447, 538778.617603 182184.783864, 538779.010601 182186.408230, 538793.645223 182264.162118, 538800.819752 182300.381045, 538811.982795 182356.784766, 538820.035804 182390.568348)

LINESTRING (538777.607633 182179.314447, 538819.314253 182171.061541, 538861.272589 182162.749080)

LINESTRING (538741.446553 182182.288448, 538777.607633 182179.314447)

LINESTRING (538741.446553 182182.288448, 538741.400519 182176.856496, 538741.094245 182132.401006, 538740.862470 182113.687713, 538739.264800 182100.501354, 538735.747229 182090.756904, 538731.171562 182080.861149, 538725.813302 182073.436806, 538692.962130 182045.931670, 538664.379189 182020.757826, 538657.141009 182013.271123)

LINESTRING (538741.446553 182182.288448, 538690.285332 182183.395330, 538636.182111 182184.700646, 538624.428980 182185.704197, 538607.286882 182188.040818, 538592.536186 182197.130944, 538576.041417 182216.968138, 538570.578986 182223.540720, 538562.984641 182232.681471, 538557.507762 182239.275929)

LINESTRING (538820.035804 182390.568348, 538825.458273 182424.836482, 538836.447365 182472.087921, 538847.902438 182523.870302)

LINESTRING (538820.035804 182390.568348, 538811.982795 182356.784766, 538800.819752 182300.381045, 538793.645223 182264.162118, 538779.010601 182186.408230, 538778.617603 182184.783864, 538777.607633 182179.314447)

LINESTRING (538557.507762 182239.275929, 538552.887345 182236.868572, 538547.710466 182236.282239, 538542.669333 182237.591450, 538538.441709 182240.636635)

LINESTRING (538557.507762 182239.275929, 538562.984641 182232.681471, 538570.578986 182223.540720, 538576.041417 182216.968138, 538592.536186 182197.130944, 538607.286882 182188.040818, 538624.428980 182185.704197, 538636.182111 182184.700646, 538690.285332 182183.395330, 538741.446553 182182.288448)

LINESTRING (538538.441709 182240.636635, 538534.916864 182233.440552, 538528.844684 182221.133817, 538524.034063 182209.406785, 538517.569610 182193.661806, 538509.670882 182171.701439, 538496.990975 182139.472720, 538486.774917 182117.961132, 538480.504686 182105.014747, 538478.917623 182102.111474, 538475.972527 182095.543310)

LINESTRING (538538.441709 182240.636635, 538535.602245 182244.966067, 538534.513263 182250.022073, 538535.318126 182255.129727)

LINESTRING (538475.972527 182095.543310, 538480.096936 182093.485689, 538483.270495 182090.144637, 538485.100129 182085.932317, 538485.465231 182082.726148, 538484.623400 182078.207307, 538482.267327 182074.225868, 538478.702184 182071.302060, 538474.354153 182069.592173, 538470.363022 182069.561284, 538465.303902 182071.270713, 538462.041404 182074.308884, 538459.725293 182078.285384, 538458.914531 182082.814820, 538460.525592 182089.168558, 538462.774448 182091.989706, 538466.055219 182094.393844, 538467.332200 182095.174256, 538471.854658 182096.087644, 538475.972527 182095.543310)

LINESTRING (538475.972527 182095.543310, 538478.917623 182102.111474, 538480.504686 182105.014747, 538486.774917 182117.961132, 538496.990975 182139.472720, 538509.670882 182171.701439, 538517.569610 182193.661806, 538524.034063 182209.406785, 538528.844684 182221.133817, 538534.916864 182233.440552, 538538.441709 182240.636635)

LINESTRING (538535.318126 182255.129727, 538530.347074 182262.016217, 538529.453701 182263.972719, 538518.024846 182284.916412)

LINESTRING (538535.318126 182255.129727, 538539.654448 182261.335252, 538546.581504 182264.439829)

LINESTRING (538518.024846 182284.916412, 538533.182852 182270.295223, 538536.193910 182268.073748, 538537.572392 182267.421378, 538546.581504 182264.439829)

LINESTRING (538518.024846 182284.916412, 538507.347068 182306.069789, 538500.023038 182320.581911, 538495.436338 182329.671216, 538485.339464 182358.552489, 538483.268686 182364.483142, 538482.097529 182371.028130, 538480.281698 182378.557104, 538474.610426 182396.875730, 538473.292107 182401.179888, 538467.216474 182421.345950, 538466.255121 182424.524738, 538465.438033 182426.995238, 538464.633677 182428.998691, 538463.730992 182431.043977, 538462.497797 182432.735271)

LINESTRING (538546.581504 182264.439829, 538553.416222 182263.802736, 538559.155645 182260.053193)

LINESTRING (538559.155645 182260.053193, 538563.470186 182264.510978, 538577.995489 182279.452104, 538600.834580 182313.838963, 538605.027870 182327.062708, 538618.562303 182367.872868, 538639.023669 182423.728636, 538638.597460 182438.072729)

LINESTRING (538559.155645 182260.053193, 538561.719378 182256.161391, 538562.883707 182251.652739, 538562.517654 182247.002188, 538560.655822 182242.722589, 538557.507762 182239.275929)

LINESTRING (538638.597460 182438.072729, 538539.286038 182436.987915, 538519.384019 182438.737613, 538513.122081 182438.744910, 538477.247379 182438.167407, 538473.869714 182438.053071, 538471.490998 182437.710014, 538469.481488 182437.065427, 538467.659613 182436.158872, 538466.188220 182435.128330, 538462.497797 182432.735271)

LINESTRING (538638.597460 182438.072729, 538654.544748 182440.566776, 538664.161217 182445.336312, 538690.918630 182472.697259, 538693.206767 182475.085587, 538696.892268 182478.925386, 538703.762216 182485.378309)

LINESTRING (538638.597460 182438.072729, 538639.023669 182423.728636, 538618.562303 182367.872868, 538605.027870 182327.062708, 538600.834580 182313.838963, 538577.995489 182279.452104, 538563.470186 182264.510978, 538559.155645 182260.053193)

LINESTRING (538462.497797 182432.735271, 538466.188220 182435.128330, 538467.659613 182436.158872, 538469.481488 182437.065427, 538471.490998 182437.710014, 538473.869714 182438.053071, 538477.247379 182438.167407, 538513.122081 182438.744910, 538519.384019 182438.737613, 538539.286038 182436.987915, 538638.597460 182438.072729)

LINESTRING (538462.497797 182432.735271, 538461.219412 182434.046967, 538459.681367 182435.206916, 538457.750950 182436.244885, 538455.966849 182437.008632, 538454.086576 182437.480418, 538451.504499 182437.721636, 538448.719164 182437.779259, 538438.088192 182437.623055, 538434.007778 182437.567492, 538428.184080 182437.542323, 538356.798113 182436.554468, 538269.614971 182435.716262)

LINESTRING (538462.497797 182432.735271, 538463.730992 182431.043977, 538464.633677 182428.998691, 538465.438033 182426.995238, 538466.255121 182424.524738, 538467.216474 182421.345950, 538473.292107 182401.179888, 538474.610426 182396.875730, 538480.281698 182378.557104, 538482.097529 182371.028130, 538483.268686 182364.483142, 538485.339464 182358.552489, 538495.436338 182329.671216, 538500.023038 182320.581911, 538507.347068 182306.069789, 538518.024846 182284.916412)

LINESTRING (538269.614971 182435.716262, 538356.798113 182436.554468, 538428.184080 182437.542323, 538434.007778 182437.567492, 538438.088192 182437.623055, 538448.719164 182437.779259, 538451.504499 182437.721636, 538454.086576 182437.480418, 538455.966849 182437.008632, 538457.750950 182436.244885, 538459.681367 182435.206916, 538461.219412 182434.046967, 538462.497797 182432.735271)

LINESTRING (538269.614971 182435.716262, 538262.371074 182432.013627, 538257.265561 182431.362754, 538249.663691 182430.354603, 538242.332382 182429.097874, 538231.028781 182426.108305, 538224.297765 182427.026853)

LINESTRING (538224.297765 182427.026853, 538228.996036 182431.928799, 538241.013984 182436.473529, 538248.103932 182438.435907, 538249.292236 182438.646304, 538255.746830 182439.211476, 538262.424108 182438.736644, 538269.614971 182435.716262)

LINESTRING (538224.297765 182427.026853, 538219.018698 182424.334794, 538214.474548 182422.697680, 538210.487746 182421.242663, 538187.793758 182413.347245)

LINESTRING (538050.769495 182376.124923, 538040.719117 182374.015606)

LINESTRING (538050.769495 182376.124923, 538062.932893 182378.903754, 538073.702567 182381.366520)

LINESTRING (538172.585327 182454.375785, 538166.669242 182452.133845)

LINESTRING (538172.585327 182454.375785, 538177.401454 182441.675720, 538179.248571 182436.807203, 538185.059638 182421.474515, 538187.793758 182413.347245)

LINESTRING (538172.585327 182454.375785, 538175.988143 182456.627263, 538180.320736 182459.660769, 538185.509767 182467.703113)

LINESTRING (538073.702567 182381.366520, 538083.951579 182385.106051, 538089.314442 182390.337522, 538091.464405 182393.478540, 538092.398596 182401.249313, 538092.306178 182412.820353, 538090.514021 182427.416628)

LINESTRING (538073.702567 182381.366520, 538062.932893 182378.903754, 538050.769495 182376.124923)

LINESTRING (538090.514021 182427.416628, 538077.850417 182468.837323, 538065.850648 182508.061532, 538056.517373 182538.577918, 538047.259019 182568.640090, 538041.781016 182592.172477, 538039.588276 182611.042319, 538039.969628 182630.215813, 538040.135922 182638.911625)

LINESTRING (538166.669242 182452.133845, 538172.585327 182454.375785)

LINESTRING (538166.669242 182452.133845, 538162.954110 182459.577864, 538157.727798 182465.155722, 538150.746816 182470.162825, 538142.965521 182473.456652, 538134.474975 182475.262251, 538126.799499 182475.175940, 538119.361477 182473.760686, 538112.723677 182471.254360, 538101.820900 182464.247488, 538073.887280 182445.059455, 538063.770969 182438.229846, 538053.678966 182427.695158, 538046.750858 182415.432543, 538044.726624 182401.533788, 538046.250020 182390.691602, 538049.523267 182381.365922, 538050.769495 182376.124923)

LINESTRING (538187.793758 182413.347245, 538179.667169 182410.956131)

LINESTRING (538187.793758 182413.347245, 538210.487746 182421.242663, 538214.474548 182422.697680, 538219.018698 182424.334794, 538224.297765 182427.026853)

LINESTRING (538185.509767 182467.703113, 538180.896999 182475.734763, 538166.115243 182524.308867, 538190.097263 182531.282206, 538209.168713 182536.820018, 538216.409049 182504.677812)

LINESTRING (538185.509767 182467.703113, 538180.320736 182459.660769, 538175.988143 182456.627263, 538172.585327 182454.375785)

LINESTRING (538185.509767 182467.703113, 538198.093330 182470.337912, 538207.068471 182480.319480, 538221.154774 182484.108070, 538218.800762 182494.337811)

LINESTRING (537571.539089 182195.586007, 537571.948504 182198.412570, 537574.085527 182207.172822, 537589.199342 182233.043848)

LINESTRING (537571.539089 182195.586007, 537573.214249 182194.997056, 537574.658953 182193.945601, 537575.738686 182192.528155, 537576.366887 182190.864785, 537576.498319 182189.087807, 537576.114890 182187.352527, 537575.247673 182185.793327)

LINESTRING (537546.158157 182349.671965, 537542.045058 182348.258577, 537540.779188 182347.834809, 537475.680900 182326.887320)

LINESTRING (537546.158157 182349.671965, 537528.118270 182397.781075, 537526.617055 182401.435047, 537511.056168 182439.529030)

LINESTRING (537546.158157 182349.671965, 537554.063758 182325.370252, 537556.777489 182314.882921, 537561.678387 182294.383652, 537568.012934 182267.858253, 537569.659420 182260.124116, 537572.375026 182249.826025, 537574.690637 182245.326107, 537578.188289 182241.014001, 537582.201404 182236.637958, 537589.199342 182233.043848)

LINESTRING (537511.056168 182439.529030, 537507.028176 182449.591310, 537504.571339 182455.723299, 537499.069337 182469.462555, 537494.804619 182479.295867, 537486.238767 182499.540191, 537477.305503 182522.846010, 537468.678814 182542.265213)

LINESTRING (537511.056168 182439.529030, 537526.617055 182401.435047, 537528.118270 182397.781075, 537546.158157 182349.671965)

LINESTRING (537511.056168 182439.529030, 537507.114791 182438.954942, 537504.518278 182438.706600, 537478.240374 182436.237045)

LINESTRING (537468.678814 182542.265213, 537464.703974 182540.621927, 537434.452079 182527.773558, 537428.485531 182522.515339)

LINESTRING (537468.678814 182542.265213, 537458.375535 182565.411571, 537450.935584 182582.025184, 537449.162450 182585.983411, 537438.676609 182609.725793, 537432.382295 182622.742584, 537409.971422 182660.061687, 537407.901842 182663.433232)

LINESTRING (537468.678814 182542.265213, 537477.305503 182522.846010, 537486.238767 182499.540191, 537494.804619 182479.295867, 537499.069337 182469.462555, 537504.571339 182455.723299, 537507.028176 182449.591310, 537511.056168 182439.529030)

LINESTRING (537428.485531 182522.515339, 537434.452079 182527.773558, 537464.703974 182540.621927, 537468.678814 182542.265213)

LINESTRING (537428.485531 182522.515339, 537421.460298 182507.379893, 537419.014985 182499.234553, 537419.171833 182490.614323, 537421.917438 182470.468386, 537423.421095 182464.154777, 537427.680758 182448.345348, 537434.006963 182426.972015, 537435.403450 182423.337442, 537444.862511 182402.404993, 537474.558473 182329.627904, 537475.680900 182326.887320)

LINESTRING (537428.485531 182522.515339, 537421.586082 182525.567025, 537417.986044 182527.517246, 537399.171706 182543.244549, 537375.868820 182562.723184, 537373.445738 182565.818101, 537371.543191 182568.660018, 537371.066435 182573.454571, 537372.420944 182578.042699, 537374.577263 182580.961003, 537377.527650 182583.522421, 537383.609802 182586.302087, 537403.927927 182595.554053, 537409.851411 182598.296073)

LINESTRING (537407.901842 182663.433232, 537409.971422 182660.061687, 537432.382295 182622.742584, 537438.676609 182609.725793, 537449.162450 182585.983411, 537450.935584 182582.025184, 537458.375535 182565.411571, 537468.678814 182542.265213)

LINESTRING (537409.851411 182598.296073, 537403.927927 182595.554053, 537383.609802 182586.302087, 537377.527650 182583.522421, 537374.577263 182580.961003, 537372.420944 182578.042699, 537371.066435 182573.454571, 537371.543191 182568.660018, 537373.445738 182565.818101, 537375.868820 182562.723184, 537399.171706 182543.244549, 537417.986044 182527.517246, 537421.586082 182525.567025, 537428.485531 182522.515339)

LINESTRING (537436.418676 182177.717703, 537455.314632 182180.321084, 537469.215499 182183.312396, 537499.062235 182190.685889, 537502.959504 182191.870828, 537505.459667 182192.862155, 537506.734121 182195.022168, 537507.472371 182198.525326, 537506.825315 182202.424993, 537502.427209 182220.000030, 537500.198511 182229.754914, 537489.990802 182274.481695, 537483.385373 182303.592748, 537476.731822 182323.710796, 537475.680900 182326.887320)

LINESTRING (537436.418676 182177.717703, 537416.822852 182173.782316, 537409.776589 182171.722154, 537393.601089 182167.868248, 537378.601072 182165.214658, 537313.107684 182153.639893)

LINESTRING (537436.418676 182177.717703, 537430.742167 182202.780968, 537431.252761 182206.489393, 537426.228104 182227.475065, 537424.606481 182234.041434)

LINESTRING (537806.404347 181968.322596, 537830.706154 181978.975136)

LINESTRING (537846.727233 181985.719610, 537830.706154 181978.975136)

LINESTRING (537800.509708 182444.101420, 537800.340489 182447.268420)

LINESTRING (537800.509708 182444.101420, 537857.209647 182445.205904, 537867.650252 182445.467010, 537872.549489 182446.045121, 537874.432687 182446.741684, 537874.807623 182444.693107, 537878.395915 182425.282428, 537881.404446 182410.351885, 537881.515481 182408.307274, 537881.868201 182401.706581)

LINESTRING (537800.509708 182444.101420, 537800.628856 182441.756562, 537801.621806 182430.488185, 537808.059108 182364.649224)

LINESTRING (537741.606474 182376.790720, 537743.968958 182375.686302, 537753.893602 182363.747598, 537757.076161 182360.818114, 537760.655343 182359.390591, 537801.289516 182363.920285, 537804.334853 182364.258852, 537808.059108 182364.649224)

LINESTRING (537741.606474 182376.790720, 537739.422829 182375.652055, 537711.993432 182349.580174, 537684.551397 182324.220327)

LINESTRING (537741.606474 182376.790720, 537742.015851 182392.414940, 537736.765254 182402.232467)

LINESTRING (537684.551397 182324.220327, 537711.993432 182349.580174, 537739.422829 182375.652055, 537741.606474 182376.790720)

LINESTRING (537736.765254 182402.232467, 537727.946586 182400.268454, 537680.386101 182402.339908, 537630.636919 182404.230092)

LINESTRING (537736.765254 182402.232467, 537742.015851 182392.414940, 537741.606474 182376.790720)

LINESTRING (537736.765254 182402.232467, 537738.306770 182403.498388, 537739.204363 182405.726147, 537740.508861 182414.708738, 537740.969221 182433.828654, 537742.421479 182440.433780, 537745.379926 182444.230885, 537747.870577 182446.846825, 537751.424974 182447.866870, 537764.991987 182447.778544, 537785.634011 182447.648466, 537795.520567 182447.349105, 537800.340489 182447.268420)

LINESTRING (537608.969258 182470.146201, 537610.141441 182465.570811, 537616.186908 182440.751400, 537622.846638 182420.934147, 537630.636919 182404.230092)

LINESTRING (538006.044976 182684.134769, 538021.075325 182655.208680, 538025.695053 182644.862379, 538026.876625 182640.465379, 538026.225063 182637.109149, 538023.343190 182634.337760, 538001.238945 182626.225472, 537983.052270 182619.555116, 537976.634152 182617.399909, 537965.767283 182613.677178)

LINESTRING (537965.767283 182613.677178, 537976.634152 182617.399909, 537983.052270 182619.555116, 538001.238945 182626.225472, 538023.343190 182634.337760, 538026.225063 182637.109149, 538026.876625 182640.465379, 538025.695053 182644.862379, 538021.075325 182655.208680, 538006.044976 182684.134769)

LINESTRING (537965.767283 182613.677178, 537927.500322 182599.762338, 537917.203096 182596.021798, 537904.419219 182591.824271)

LINESTRING (537965.767283 182613.677178, 537968.862329 182604.257587, 537979.518228 182563.360804, 537978.207764 182556.915243, 537969.424586 182551.101329, 537954.222680 182548.006484)

LINESTRING (537677.729750 182533.126496, 537633.894038 182510.249321, 537627.480456 182507.404733, 537611.758258 182503.005939, 537606.490552 182503.987196, 537603.661285 182505.156928, 537599.952058 182509.596821, 537592.306493 182526.605301, 537588.560940 182535.206228, 537577.191359 182561.305888, 537574.153331 182568.134320)

LINESTRING (537677.729750 182533.126496, 537688.603037 182538.673822, 537721.102418 182554.633849, 537745.690430 182567.430519, 537752.503490 182571.154111)

LINESTRING (537677.729750 182533.126496, 537667.962849 182551.813401, 537663.588565 182555.689934, 537661.988396 182560.943673, 537645.917650 182592.724797, 537626.037547 182631.113157, 537612.169939 182659.482016)

LINESTRING (537574.153331 182568.134320, 537577.191359 182561.305888, 537588.560940 182535.206228, 537592.306493 182526.605301, 537599.952058 182509.596821, 537603.661285 182505.156928, 537606.490552 182503.987196, 537611.758258 182503.005939, 537627.480456 182507.404733, 537633.894038 182510.249321, 537677.729750 182533.126496)

LINESTRING (537574.153331 182568.134320, 537563.870539 182563.081753, 537559.331440 182561.000231, 537555.705617 182560.056283)

LINESTRING (537612.169939 182659.482016, 537626.037547 182631.113157, 537645.917650 182592.724797, 537661.988396 182560.943673, 537663.588565 182555.689934, 537667.962849 182551.813401, 537677.729750 182533.126496)

LINESTRING (537612.169939 182659.482016, 537606.725885 182657.754293, 537603.302821 182657.272064, 537600.711583 182658.114391, 537598.063147 182662.349323)

LINESTRING (537598.063147 182662.349323, 537600.711583 182658.114391, 537603.302821 182657.272064, 537606.725885 182657.754293, 537612.169939 182659.482016)

LINESTRING (536578.976227 182212.159212, 536583.228673 182180.257522)

LINESTRING (536578.976227 182212.159212, 536576.988984 182231.591379)

LINESTRING (536578.976227 182212.159212, 536552.775121 182208.850831, 536550.310593 182211.177161, 536527.262091 182291.526904, 536523.269357 182310.938568, 536522.398458 182315.188416)

LINESTRING (536650.436335 182253.552958, 536639.207001 182246.729732, 536611.725381 182237.866972, 536592.961452 182233.968278, 536579.644175 182231.985485, 536576.988984 182231.591379)

LINESTRING (537004.829752 182026.889155, 536998.886857 182031.013287, 536992.398916 182035.011445, 536988.643958 182036.779747, 536974.524736 182043.409873, 536953.600520 182051.381160, 536945.802416 182051.961053, 536937.118170 182052.706253, 536929.297761 182053.341211, 536920.175654 182054.619925)

LINESTRING (537004.829752 182026.889155, 537040.005112 182002.776939, 537047.106779 181997.649178, 537049.624216 181995.947688, 537053.343825 181993.432880, 537056.625215 181991.206715, 537063.603988 181987.032696, 537070.187674 181983.092848)

LINESTRING (537004.829752 182026.889155, 536992.038752 182012.066303, 536988.443900 182007.896409, 536983.740847 182003.629867, 536979.912030 182000.154755, 536968.479730 181987.204772)

LINESTRING (536920.175654 182054.619925, 536899.460491 182060.248993, 536893.443148 182062.245733)

LINESTRING (536920.175654 182054.619925, 536929.297761 182053.341211, 536937.118170 182052.706253, 536945.802416 182051.961053, 536953.600520 182051.381160, 536974.524736 182043.409873, 536988.643958 182036.779747, 536992.398916 182035.011445, 536998.886857 182031.013287, 537004.829752 182026.889155)

LINESTRING (536920.175654 182054.619925, 536922.009917 182021.852017, 536896.855259 181993.331132)

LINESTRING (537070.187674 181983.092848, 537030.742789 181935.634858)

LINESTRING (537070.187674 181983.092848, 537063.603988 181987.032696, 537056.625215 181991.206715, 537053.343825 181993.432880, 537049.624216 181995.947688, 537047.106779 181997.649178, 537040.005112 182002.776939, 537004.829752 182026.889155)

LINESTRING (537070.187674 181983.092848, 537073.150099 181981.881893, 537098.582765 181968.168121, 537105.107137 181964.627336, 537139.295249 181947.288527, 537145.460492 181944.194357, 537163.100211 181934.732984, 537168.552717 181931.552829, 537174.753190 181927.669534, 537180.359712 181923.414103, 537192.561786 181911.958703)

LINESTRING (536968.479730 181987.204772, 536953.348613 181969.559120)

LINESTRING (536968.479730 181987.204772, 536979.912030 182000.154755, 536983.740847 182003.629867, 536988.443900 182007.896409, 536992.038752 182012.066303, 537004.829752 182026.889155)

LINESTRING (537192.561786 181911.958703, 537215.806412 181936.612500, 537221.231566 181931.361793, 537231.325827 181921.863779, 537238.506350 181915.113668, 537263.775253 181891.302875, 537286.073562 181870.294163, 537272.066375 181855.014851, 537246.955486 181844.955263)

LINESTRING (537192.561786 181911.958703, 537209.589034 181894.335013, 537227.511903 181873.630765, 537234.049627 181866.262354, 537236.334802 181863.397332, 537240.596239 181857.280584, 537244.080666 181851.142849, 537246.955486 181844.955263)

LINESTRING (537192.561786 181911.958703, 537180.359712 181923.414103, 537174.753190 181927.669534, 537168.552717 181931.552829, 537163.100211 181934.732984, 537145.460492 181944.194357, 537139.295249 181947.288527, 537105.107137 181964.627336, 537098.582765 181968.168121, 537073.150099 181981.881893, 537070.187674 181983.092848)

LINESTRING (536590.927291 182465.292577, 536575.673720 182518.565210)

LINESTRING (536575.673720 182518.565210, 536590.927291 182465.292577)

LINESTRING (536575.673720 182518.565210, 536613.343039 182531.863808, 536651.687761 182546.627541)

LINESTRING (536575.673720 182518.565210, 536567.575642 182544.532301, 536564.821840 182552.459489, 536563.704499 182555.289414, 536563.280405 182556.346327, 536560.956805 182562.215224)

LINESTRING (536525.998216 182440.834243, 536526.409033 182439.754714)

LINESTRING (536525.998216 182440.834243, 536521.328260 182454.452137)

LINESTRING (536525.998216 182440.834243, 536522.459697 182440.249495, 536500.329470 182436.616743)

LINESTRING (536521.328260 182454.452137, 536525.998216 182440.834243)

LINESTRING (536500.329470 182436.616743, 536522.459697 182440.249495, 536525.998216 182440.834243)

LINESTRING (536519.703356 182458.603822, 536516.236203 182468.537206)

LINESTRING (536483.861309 182455.036639, 536513.834019 182467.515616, 536516.236203 182468.537206)

LINESTRING (536560.956805 182562.215224, 536541.964106 182553.959362, 536530.039938 182548.731272, 536520.325333 182543.940957, 536514.690600 182541.285656, 536509.614811 182539.012615, 536490.537276 182531.066264)

LINESTRING (536633.392999 182592.684981, 536634.981071 182588.098336, 536635.315955 182587.261595, 536636.877650 182583.397579, 536651.687761 182546.627541)

LINESTRING (536633.392999 182592.684981, 536590.858790 182574.971000, 536560.956805 182562.215224)

LINESTRING (536716.671685 182215.618300, 536707.897750 182244.215547, 536705.064214 182253.286739, 536681.781882 182327.275346, 536676.557967 182343.660282, 536675.762562 182346.131615, 536675.519335 182346.915179, 536673.995748 182351.681602)

LINESTRING (536586.314031 182150.194003, 536583.228673 182180.257522)

LINESTRING (536854.394686 182152.345499, 536854.007479 182149.452840, 536844.174162 182081.783895, 536843.611171 182077.684648)

LINESTRING (536854.394686 182152.345499, 536856.242187 182152.829273, 536899.022033 182151.745147, 536907.247222 182119.082692, 536894.301621 182065.941203, 536893.443148 182062.245733)

LINESTRING (536854.394686 182152.345499, 536850.638446 182156.228238, 536848.403280 182158.538352)

LINESTRING (536893.443148 182062.245733, 536843.611171 182077.684648)

LINESTRING (536893.443148 182062.245733, 536899.460491 182060.248993, 536920.175654 182054.619925)

LINESTRING (536893.443148 182062.245733, 536894.301621 182065.941203, 536907.247222 182119.082692, 536899.022033 182151.745147, 536856.242187 182152.829273, 536854.394686 182152.345499)

LINESTRING (536848.403280 182158.538352, 536850.638446 182156.228238, 536854.394686 182152.345499)

LINESTRING (538429.380818 180679.994939, 538429.842965 180677.815229, 538431.922477 180668.012093, 538432.257544 180666.418728)

LINESTRING (538429.380818 180679.994939, 538431.143980 180680.276659, 538450.141974 180683.665276, 538455.291949 180685.552730, 538473.196456 180692.116630)

LINESTRING (538429.380818 180679.994939, 538427.561898 180690.684318, 538422.966077 180721.485009)

LINESTRING (538432.257544 180666.418728, 538431.922477 180668.012093, 538429.842965 180677.815229, 538429.380818 180679.994939)

LINESTRING (538473.196456 180692.116630, 538455.291949 180685.552730, 538450.141974 180683.665276, 538431.143980 180680.276659, 538429.380818 180679.994939)

LINESTRING (538399.325401 180352.513123, 538388.946536 180352.375208)

LINESTRING (538399.325401 180352.513123, 538409.454688 180353.145042, 538410.826336 180353.271419, 538414.914127 180353.627557, 538429.694784 180355.087270, 538441.076367 180357.422619, 538458.504057 180361.903541, 538487.879865 180369.080394, 538497.829858 180375.271814, 538493.931893 180382.732927, 538486.978832 180404.700156, 538476.577029 180446.448782, 538474.384026 180455.314024)

LINESTRING (538399.325401 180352.513123, 538398.630354 180338.249841, 538398.107675 180332.704792, 538397.625653 180327.962096, 538395.620075 180308.265857)

LINESTRING (538388.946536 180352.375208, 538399.325401 180352.513123)

LINESTRING (538388.946536 180352.375208, 538388.873520 180358.883336, 538387.769170 180375.467977, 538386.698836 180383.150820, 538373.381703 180467.731376, 538370.082287 180488.674239, 538368.534979 180496.277330, 538367.371327 180502.032423, 538365.431453 180510.025450, 538362.327409 180526.344220)

LINESTRING (538474.384026 180455.314024, 538456.811963 180511.467822, 538454.564600 180524.115251, 538454.432527 180531.768002, 538452.411865 180535.073740, 538449.809443 180538.831025, 538447.648536 180541.676679, 538444.289993 180545.658196, 538440.490107 180549.015631)

LINESTRING (538474.384026 180455.314024, 538476.577029 180446.448782, 538486.978832 180404.700156, 538493.931893 180382.732927, 538497.829858 180375.271814, 538487.879865 180369.080394, 538458.504057 180361.903541, 538441.076367 180357.422619, 538429.694784 180355.087270, 538414.914127 180353.627557, 538410.826336 180353.271419, 538409.454688 180353.145042, 538399.325401 180352.513123)

LINESTRING (538474.384026 180455.314024, 538469.083485 180454.101293, 538428.157195 180444.695856)

LINESTRING (538395.620075 180308.265857, 538396.749089 180302.509827, 538393.388282 180287.439492, 538386.790100 180282.864134)

LINESTRING (538395.620075 180308.265857, 538392.928110 180304.086183, 538392.301014 180301.865686, 538387.987359 180296.284198)

LINESTRING (537992.788933 180225.013053, 537989.534072 180228.252075, 537986.064676 180231.974924, 537981.178650 180234.668896, 537940.144795 180241.167011, 537935.215659 180241.867881, 537925.865212 180243.238899, 537915.758013 180241.529105, 537907.625353 180237.947694, 537902.751117 180234.833059)

LINESTRING (537992.788933 180225.013053, 537990.963373 180229.837718, 537990.781985 180233.449512, 537992.667719 180242.013901)

LINESTRING (537902.751117 180234.833059, 537898.552155 180231.146945, 537892.386765 180225.448900, 537885.196084 180222.215803, 537880.323948 180220.815013, 537878.635431 180220.335208, 537874.647390 180220.138009, 537867.210809 180219.569073, 537863.144625 180219.948439, 537862.121139 180220.043093, 537859.189782 180220.319699, 537852.792402 180221.381450, 537835.558225 180223.818601)

LINESTRING (537992.667719 180242.013901, 537999.318537 180243.129238, 538002.554927 180244.151884, 538005.587035 180245.536222, 538009.790771 180247.252837, 538013.282409 180249.105919)

LINESTRING (536540.100486 181018.499516, 536537.641371 181021.638378, 536534.641481 181040.253222, 536528.514073 181070.346282)

LINESTRING (536397.984417 181291.063844, 536402.406354 181291.360592, 536423.812042 181293.203848, 536430.456659 181293.471267)

LINESTRING (536397.984417 181291.063844, 536397.931426 181294.590071, 536397.901577 181295.702093, 536398.087416 181309.472703, 536399.095429 181332.190224, 536400.730687 181378.616592, 536401.251545 181383.526996)

LINESTRING (536429.255376 181368.988600, 536404.959516 181382.224375, 536401.251545 181383.526996)

LINESTRING (536484.006436 181229.797959, 536471.932915 181217.599868, 536467.485924 181213.062532, 536462.613022 181210.939717, 536436.329286 181208.186364)

LINESTRING (536436.329286 181208.186364, 536462.613022 181210.939717, 536467.485924 181213.062532, 536471.932915 181217.599868, 536484.006436 181229.797959)

LINESTRING (536436.329286 181208.186364, 536439.961485 181185.660188, 536442.101793 181172.408288)

LINESTRING (538040.135922 182638.911625, 538040.648971 182654.260525, 538039.143011 182661.653379, 538036.373502 182667.008779, 538033.145968 182670.827140, 538028.580931 182673.796781, 538012.443830 182683.674316, 538006.044976 182684.134769)

LINESTRING (538085.116758 182665.017426, 538074.403618 182665.349378, 538070.501663 182664.864942, 538067.728334 182663.209319, 538059.314236 182653.276626)

LINESTRING (538085.116758 182665.017426, 538097.230262 182641.264859, 538098.417987 182640.473648, 538099.998006 182640.828203, 538108.625022 182645.736708, 538123.937986 182655.200511, 538139.686631 182665.488587, 538152.031937 182673.547486, 538165.441462 182682.291944, 538166.621219 182683.069641, 538170.210257 182685.359573)

LINESTRING (538059.314236 182653.276626, 538051.144969 182623.096885)

LINESTRING (538170.210257 182685.359573, 538166.621219 182683.069641, 538165.441462 182682.291944, 538152.031937 182673.547486, 538139.686631 182665.488587, 538123.937986 182655.200511, 538108.625022 182645.736708, 538099.998006 182640.828203, 538098.417987 182640.473648, 538097.230262 182641.264859, 538085.116758 182665.017426)

LINESTRING (538100.228117 182436.783764, 538108.290616 182423.148087, 538115.918023 182403.813970)

LINESTRING (538100.228117 182436.783764, 538106.132163 182416.490250, 538112.112763 182393.127381, 538116.914338 182371.001099, 538121.267409 182349.541459, 538133.348834 182291.512551, 538137.055050 182274.442185, 538139.149807 182256.638038, 538139.646074 182237.877893, 538135.674443 182188.882760, 538133.668773 182160.773487, 538132.333879 182128.164320, 538133.352521 182118.276601, 538151.341554 181959.184312, 538159.760865 181905.395950)

LINESTRING (538115.918023 182403.813970, 538119.089532 182397.723933, 538122.870026 182395.534274, 538127.373407 182394.332447, 538132.872899 182394.537636)

LINESTRING (538115.918023 182403.813970, 538119.200197 182393.653941, 538121.745395 182385.833098, 538124.157676 182376.773388)

LINESTRING (538159.760865 181905.395950, 538162.489364 181893.907730, 538175.546902 181843.940159, 538189.050211 181793.673144, 538192.545095 181780.814730, 538201.491679 181755.140007, 538203.108844 181750.565704, 538206.222487 181737.941753)

LINESTRING (538132.872899 182394.537636, 538128.818571 182391.990263, 538126.012305 182389.243134, 538124.473152 182385.595674, 538123.916948 182381.796888, 538124.157676 182376.773388)

LINESTRING (538132.872899 182394.537636, 538156.229970 182402.562119, 538179.667169 182410.956131)

LINESTRING (538124.157676 182376.773388, 538136.135830 182324.584097, 538143.152452 182296.063587, 538146.342823 182280.603947, 538149.150452 182261.094285, 538150.008687 182246.639552, 538149.951176 182241.096036, 538149.601875 182228.923176, 538146.860866 182197.989533, 538144.778758 182172.693663, 538144.718244 182171.089525, 538144.557109 182159.144353, 538149.469991 182115.320711, 538151.531981 182096.937000, 538156.587037 182052.738865, 538158.755924 182041.658305, 538165.780143 182017.978884, 538167.940264 182003.392638, 538167.282582 181992.602445, 538166.842239 181987.860893, 538164.082918 181958.106369, 538161.686263 181926.247314, 538159.760865 181905.395950)

LINESTRING (536631.270841 180789.727189, 536641.887719 180766.765720, 536656.867791 180734.685143, 536670.292780 180706.468800, 536685.753328 180678.741233, 536705.050755 180653.209016, 536724.538461 180635.583040, 536747.345453 180619.515368, 536770.977546 180607.887911, 536796.158087 180598.850606, 536816.925463 180594.847007, 536843.249850 180592.595573, 536868.734975 180593.660152, 536891.483140 180597.077106, 536911.620226 180601.781475, 536929.418299 180609.015796, 536946.658514 180618.138086, 536962.317223 180629.510242, 536988.116325 180649.579855, 537036.024501 180688.763130, 537059.900382 180705.965824, 537063.045383 180709.856510, 537080.650948 180720.602735, 537093.576254 180726.448741, 537103.338857 180730.862940, 537125.956078 180739.107122, 537143.338758 180741.634881, 537161.220671 180743.675401, 537183.237035 180743.045506, 537204.628708 180741.119088, 537238.068754 180735.589793, 537271.475871 180724.083927, 537304.647335 180711.025072, 537336.153893 180700.992852, 537362.638819 180692.282909, 537389.921582 180683.861747, 537411.812834 180677.598518, 537426.732748 180673.105461, 537439.492833 180669.388665, 537449.454317 180665.930064, 537457.723271 180662.915352, 537466.982987 180659.215239, 537483.410096 180651.636050, 537494.192171 180646.597253, 537508.715597 180639.311622, 537523.281963 180632.750535, 537532.428932 180628.858304, 537547.304728 180623.952648, 537556.524488 180620.707871, 537569.900844 180616.039907, 537583.383900 180614.101306)

LINESTRING (536631.270841 180789.727189, 536642.771411 180769.282205, 536679.962651 180706.339350, 536694.718808 180682.599034, 536703.370383 180671.792506, 536714.824935 180657.466963, 536731.602244 180643.017557, 536755.728726 180626.173057, 536780.722139 180613.246885, 536799.073557 180607.408806, 536820.799977 180603.119446, 536844.292426 180602.104920, 536876.902845 180603.928931, 536919.913009 180611.018763, 536931.393057 180612.529890, 536939.236817 180615.233949, 536972.703249 180619.563247, 536978.454682 180619.250861)

LINESTRING (537583.383900 180614.101306, 537623.537204 180603.570417, 537653.380160 180597.323209, 537692.509858 180589.469318, 537744.718058 180581.035366, 537763.158736 180578.363583)

LINESTRING (536978.454682 180619.250861, 536983.270800 180622.207242, 536985.924605 180623.714314, 536989.572625 180625.693316, 536994.521869 180629.120684, 536999.904732 180632.949234)

LINESTRING (536978.454682 180619.250861, 536982.843166 180618.234051, 536986.292233 180617.803981, 536989.526734 180617.089923, 536992.239886 180616.395199, 537002.768193 180613.796759)

LINESTRING (536806.648259 182410.793740, 536734.707692 182590.069752, 536724.369197 182615.686980, 536723.282568 182618.662368, 536722.900364 182619.709267, 536720.006615 182627.154098)

LINESTRING (536643.787650 182599.541419, 536637.533263 182594.120620, 536633.392999 182592.684981)

LINESTRING (536643.787650 182599.541419, 536693.566953 182617.573245, 536698.152376 182619.232352, 536720.006615 182627.154098)

LINESTRING (537256.681095 181731.664592, 537242.561651 181725.663373)

LINESTRING (537218.761500 181699.436532, 537214.745036 181714.217749, 537242.561651 181725.663373)

LINESTRING (537240.433384 181619.130127, 537245.953418 181607.038080)

LINESTRING (537240.433384 181619.130127, 537255.781174 181627.991101)

LINESTRING (537240.433384 181619.130127, 537231.249641 181637.310568, 537224.061201 181651.538718, 537219.487040 181662.031596)

LINESTRING (537219.487040 181662.031596, 537224.061201 181651.538718, 537231.249641 181637.310568, 537240.433384 181619.130127)

LINESTRING (537485.895016 181762.689325, 537493.249445 181768.519287)

LINESTRING (537485.895016 181762.689325, 537455.454411 181809.506113, 537424.057284 181856.797965, 537397.882614 181896.608312, 537388.558756 181910.978800)

LINESTRING (537485.895016 181762.689325, 537445.669749 181734.392179, 537435.319608 181728.937518, 537424.229943 181721.303978)

LINESTRING (537493.249445 181768.519287, 537485.895016 181762.689325)

LINESTRING (537459.303683 181669.537821, 537453.829351 181677.613562, 537450.156410 181680.696903, 537424.229943 181721.303978)

LINESTRING (537335.731184 181927.188892, 537347.941610 181940.861855, 537354.923275 181948.662390, 537377.218223 181975.539216)

LINESTRING (538270.371901 181401.550217, 538242.820736 181389.538625, 538203.478940 181370.651858, 538178.409952 181357.739970, 538173.803911 181355.533708)

LINESTRING (538173.803911 181355.533708, 538163.754021 181371.463391)

LINESTRING (538173.803911 181355.533708, 538178.409952 181357.739970, 538203.478940 181370.651858, 538242.820736 181389.538625, 538270.371901 181401.550217)

LINESTRING (538173.803911 181355.533708, 538184.384310 181324.183373, 538195.151042 181291.602871, 538197.185336 181285.481931, 538209.915835 181248.358831)

LINESTRING (538163.754021 181371.463391, 538173.803911 181355.533708)

LINESTRING (538163.754021 181371.463391, 538142.086882 181363.418269, 538064.190083 181334.971377, 538055.833342 181332.040128, 538041.784436 181327.518693, 537991.803552 181311.460558, 537974.629247 181305.941914, 537947.177921 181297.117408)

LINESTRING (538163.754021 181371.463391, 538154.087093 181390.931208, 538149.081271 181400.365534, 538130.950088 181434.659997, 538126.236085 181443.579240)

LINESTRING (538126.236085 181443.579240, 538105.752696 181486.256295)

LINESTRING (538126.236085 181443.579240, 538148.415294 181453.719243, 538172.585034 181464.703591, 538178.206675 181466.837320, 538237.035774 181492.686279, 538215.808526 181548.641139)

LINESTRING (538126.236085 181443.579240, 538130.950088 181434.659997, 538149.081271 181400.365534, 538154.087093 181390.931208, 538163.754021 181371.463391)

LINESTRING (537921.302780 181410.313990, 537922.967801 181401.923873, 537947.177921 181297.117408)

LINESTRING (538209.915835 181248.358831, 538243.545425 181260.045916)

LINESTRING (538209.915835 181248.358831, 538211.132837 181243.439792, 538211.031109 181240.031734, 538211.885084 181236.716439)

LINESTRING (538209.915835 181248.358831, 538197.185336 181285.481931, 538195.151042 181291.602871, 538184.384310 181324.183373, 538173.803911 181355.533708)

LINESTRING (538129.969219 182035.634039, 538122.741823 182041.513647, 538117.857308 182045.487231)

LINESTRING (538129.969219 182035.634039, 538125.928742 182080.060087, 538122.635181 182114.379591, 538121.712775 182124.303313, 538121.249788 182147.460082, 538122.797492 182178.372383, 538124.199899 182193.945781, 538126.943452 182225.046400, 538127.638785 182241.346179, 538126.830019 182261.132769, 538121.024780 182297.954649, 538116.833185 182317.304280)

LINESTRING (538117.857308 182045.487231, 538106.921545 182044.511096)

LINESTRING (538116.833185 182317.304280, 538106.541418 182347.816789, 538099.032855 182371.204895, 538097.276631 182375.285792, 538095.119943 182378.265217, 538091.521625 182380.393079, 538085.433574 182381.919097, 538073.702567 182381.366520)

LINESTRING (538116.833185 182317.304280, 538110.134691 182354.046241, 538105.797727 182374.404613, 538097.596596 182408.969077, 538090.514021 182427.416628)

LINESTRING (537947.646651 181930.691416, 537951.247249 181931.045136, 537979.134159 181933.672011)

LINESTRING (537947.646651 181930.691416, 537934.412626 181923.577158, 537921.476336 181913.933747, 537903.470461 181901.270508, 537898.280890 181897.045528)

LINESTRING (537947.646651 181930.691416, 537942.845429 181956.913084, 537940.413683 181967.463544, 537946.480206 181974.672537, 537956.033873 181981.809304, 537966.036631 181989.281010, 537982.725997 182002.598697, 537997.260782 182014.722820, 538004.520159 182020.695653, 538012.570109 182026.189197, 538021.761195 182029.543718, 538033.495339 182032.054824, 538041.068589 182032.861533)

LINESTRING (537979.134159 181933.672011, 538006.634626 181936.978504, 538051.116341 181942.604998)

LINESTRING (537979.134159 181933.672011, 537951.247249 181931.045136, 537947.646651 181930.691416)

LINESTRING (537979.134159 181933.672011, 537985.081597 181887.238949, 537985.914994 181879.304781)

LINESTRING (537898.280890 181897.045528, 537903.470461 181901.270508, 537921.476336 181913.933747, 537934.412626 181923.577158, 537947.646651 181930.691416)

LINESTRING (537898.280890 181897.045528, 537892.499235 181890.589934, 537887.452681 181882.373757, 537880.489629 181865.213994, 537879.722333 181859.973958, 537878.216686 181849.962064)

LINESTRING (537898.280890 181897.045528, 537892.475204 181902.730351, 537879.012316 181922.462828, 537875.762778 181924.522417, 537871.682877 181923.922047, 537829.165219 181893.489620)

LINESTRING (538041.068589 182032.861533, 538041.707940 182022.362564, 538051.116341 181942.604998)

LINESTRING (538041.068589 182032.861533, 538051.941555 182035.638620, 538069.802888 182039.284488, 538106.921545 182044.511096)

LINESTRING (537885.752806 181809.681526, 537889.521417 181795.661886)

LINESTRING (537885.752806 181809.681526, 537883.050539 181821.760383, 537878.952884 181834.858570, 537878.216686 181849.962064)

LINESTRING (537889.521417 181795.661886, 537885.752806 181809.681526)

LINESTRING (537889.521417 181795.661886, 537883.404738 181794.127090, 537837.829972 181782.674591)

LINESTRING (537889.521417 181795.661886, 537890.325342 181792.389703, 537890.137757 181789.836212, 537890.058733 181789.422317, 537890.046095 181787.329838, 537892.113044 181781.009371, 537894.417969 181776.409136, 537896.626662 181772.540763, 537898.510232 181765.814700, 537898.992644 181760.575196, 537904.176008 181748.151937, 537906.789870 181741.890834, 537910.530386 181735.560158)

LINESTRING (537878.216686 181849.962064, 537823.326290 181836.164735)

LINESTRING (537878.216686 181849.962064, 537879.722333 181859.973958, 537880.489629 181865.213994, 537887.452681 181882.373757, 537892.499235 181890.589934, 537898.280890 181897.045528)

LINESTRING (537878.216686 181849.962064, 537878.952884 181834.858570, 537883.050539 181821.760383, 537885.752806 181809.681526)

LINESTRING (537823.326290 181836.164735, 537878.216686 181849.962064)

LINESTRING (537910.530386 181735.560158, 537906.789870 181741.890834, 537904.176008 181748.151937, 537898.992644 181760.575196, 537898.510232 181765.814700, 537896.626662 181772.540763, 537894.417969 181776.409136, 537892.113044 181781.009371, 537890.046095 181787.329838, 537890.058733 181789.422317, 537890.137757 181789.836212, 537890.325342 181792.389703, 537889.521417 181795.661886)

LINESTRING (537910.530386 181735.560158, 537926.459872 181712.711986, 537934.894422 181704.060511)

LINESTRING (537910.530386 181735.560158, 537882.455590 181712.697212, 537867.591430 181701.410294, 537865.854549 181700.684332, 537863.384957 181700.862146, 537860.843554 181703.686566, 537855.674135 181716.366196)

LINESTRING (537934.894422 181704.060511, 537939.355889 181699.819307)

LINESTRING (537934.894422 181704.060511, 537926.459872 181712.711986, 537910.530386 181735.560158)

LINESTRING (537934.894422 181704.060511, 537939.191340 181706.391716, 537942.080503 181707.126730, 537968.054347 181711.470964, 538018.285302 181718.688766, 538065.659949 181723.703928, 538077.564073 181725.095754)

LINESTRING (537855.674135 181716.366196, 537860.843554 181703.686566, 537863.384957 181700.862146, 537865.854549 181700.684332, 537867.591430 181701.410294, 537882.455590 181712.697212, 537910.530386 181735.560158)

LINESTRING (537939.355889 181699.819307, 537934.894422 181704.060511)

LINESTRING (537939.355889 181699.819307, 537935.449607 181697.164855, 537915.592958 181683.850433, 537897.206726 181672.122846, 537877.679268 181660.230819, 537867.030449 181656.069181)

LINESTRING (537939.355889 181699.819307, 537947.993807 181690.583568, 537951.318969 181687.023739, 537956.025419 181682.199395)

LINESTRING (537867.030449 181656.069181, 537877.679268 181660.230819, 537897.206726 181672.122846, 537915.592958 181683.850433, 537935.449607 181697.164855, 537939.355889 181699.819307)

LINESTRING (537956.025419 181682.199395, 537960.534074 181685.682591, 537967.152063 181692.283375, 537992.038261 181695.518741, 538026.354512 181699.978571, 538072.287104 181705.945039, 538075.192860 181706.324472, 538085.184884 181707.564196, 538135.768450 181713.813448)

LINESTRING (537956.025419 181682.199395, 537964.705908 181673.699312, 537965.061878 181672.863220, 537968.166027 181666.704485, 537972.310243 181661.620063, 537977.237473 181659.149823, 537982.638016 181656.124893, 537984.663686 181653.375551, 537985.461886 181652.362288, 537986.415235 181648.192776, 537987.416808 181645.315466, 537988.937196 181643.275748, 538006.951168 181619.115623, 538008.876420 181616.230021, 538011.875054 181610.635991, 538019.773496 181595.916237, 538023.342593 181590.026114)

LINESTRING (537956.025419 181682.199395, 537951.318969 181687.023739, 537947.993807 181690.583568, 537939.355889 181699.819307)

LINESTRING (537837.829972 181782.674591, 537883.404738 181794.127090, 537889.521417 181795.661886)

LINESTRING (538077.564073 181725.095754, 538092.734387 181727.143930, 538110.606241 181729.165431, 538132.398865 181731.516158)

LINESTRING (538077.564073 181725.095754, 538065.659949 181723.703928, 538018.285302 181718.688766, 537968.054347 181711.470964, 537942.080503 181707.126730, 537939.191340 181706.391716, 537934.894422 181704.060511)

LINESTRING (538077.564073 181725.095754, 538072.983510 181756.453518, 538069.793436 181778.289776, 538066.851339 181806.075340, 538064.458491 181828.979335, 538062.892013 181842.424390, 538058.800065 181877.523457, 538058.163690 181882.035424, 538057.287735 181888.210140)

LINESTRING (538132.398865 181731.516158, 538155.343460 181733.887176, 538171.698357 181735.010757, 538175.688514 181735.341840, 538179.950154 181735.646925, 538189.080675 181735.884126)

LINESTRING (538132.398865 181731.516158, 538110.606241 181729.165431, 538092.734387 181727.143930, 538077.564073 181725.095754)

LINESTRING (538132.398865 181731.516158, 538135.316088 181716.917103, 538135.768450 181713.813448)

LINESTRING (538132.398865 181731.516158, 538131.802626 181734.549131, 538128.645442 181761.805791, 538129.835884 181764.241892, 538132.360868 181765.601435, 538141.374534 181766.814676, 538153.699884 181769.052769, 538157.205812 181770.338843, 538159.695759 181772.220483, 538161.072581 181774.950999, 538161.323965 181777.706552, 538160.627222 181781.371109, 538150.267072 181816.399835, 538140.601439 181851.169251, 538136.916971 181864.367520, 538130.809819 181886.235723, 538130.194577 181889.457363, 538123.711793 181923.356299, 538118.578752 181959.450848, 538114.007959 181996.317418, 538107.829832 182038.170337, 538106.921545 182044.511096)

LINESTRING (538057.287735 181888.210140, 538051.116341 181942.604998)

LINESTRING (538057.287735 181888.210140, 538023.565506 181883.654897, 537985.914994 181879.304781)

LINESTRING (538057.287735 181888.210140, 538058.163690 181882.035424, 538058.800065 181877.523457, 538062.892013 181842.424390, 538064.458491 181828.979335, 538066.851339 181806.075340, 538069.793436 181778.289776, 538072.983510 181756.453518, 538077.564073 181725.095754)

LINESTRING (537985.914994 181879.304781, 537992.919112 181825.922922, 537963.575926 181822.188127, 537939.892375 181819.174708, 537931.458219 181818.099968, 537885.752806 181809.681526)

LINESTRING (537985.914994 181879.304781, 538023.565506 181883.654897, 538057.287735 181888.210140)

LINESTRING (537985.914994 181879.304781, 537985.081597 181887.238949, 537979.134159 181933.672011)

LINESTRING (538051.116341 181942.604998, 538057.287735 181888.210140)

LINESTRING (538051.116341 181942.604998, 538006.634626 181936.978504, 537979.134159 181933.672011)

LINESTRING (538051.116341 181942.604998, 538041.707940 182022.362564, 538041.068589 182032.861533)

LINESTRING (538440.490107 180549.015631, 538444.289993 180545.658196, 538447.648536 180541.676679, 538449.809443 180538.831025, 538452.411865 180535.073740, 538454.432527 180531.768002, 538454.564600 180524.115251, 538456.811963 180511.467822, 538474.384026 180455.314024)

LINESTRING (538440.490107 180549.015631, 538436.899633 180546.469585, 538432.737944 180544.497789, 538422.023156 180540.388926, 538409.184561 180536.233379)

LINESTRING (538440.490107 180549.015631, 538438.635006 180558.991802, 538438.331514 180570.134205, 538439.688566 180585.072114, 538440.223605 180592.709650, 538442.791253 180597.876403, 538450.636562 180607.894238, 538461.324356 180614.517456, 538492.210921 180623.794318, 538528.209213 180638.652492, 538565.656784 180657.656833, 538583.214857 180669.030287, 538590.656180 180673.985034, 538609.161274 180687.042544, 538617.799488 180693.688111, 538631.928682 180707.282941, 538651.562590 180730.119917, 538665.752097 180746.587633, 538680.407028 180765.082341, 538695.971106 180780.285632)

LINESTRING (538409.184561 180536.233379, 538391.283110 180532.084681)

LINESTRING (538409.184561 180536.233379, 538422.023156 180540.388926, 538432.737944 180544.497789, 538436.899633 180546.469585, 538440.490107 180549.015631)

LINESTRING (538409.184561 180536.233379, 538410.354538 180531.012630, 538410.756602 180529.254162, 538428.157195 180444.695856)

LINESTRING (538695.971106 180780.285632, 538680.407028 180765.082341, 538665.752097 180746.587633, 538651.562590 180730.119917, 538631.928682 180707.282941, 538617.799488 180693.688111, 538609.161274 180687.042544, 538590.656180 180673.985034, 538583.214857 180669.030287, 538565.656784 180657.656833, 538528.209213 180638.652492, 538492.210921 180623.794318, 538461.324356 180614.517456, 538450.636562 180607.894238, 538442.791253 180597.876403, 538440.223605 180592.709650, 538439.688566 180585.072114, 538438.331514 180570.134205, 538438.635006 180558.991802, 538440.490107 180549.015631)

LINESTRING (538334.621566 180564.750930, 538322.972718 180563.321056)

LINESTRING (538366.364377 180559.939488, 538368.711224 180552.302521, 538371.448922 180546.634794, 538375.391302 180541.867882, 538378.412362 180539.056745, 538381.379072 180536.711523, 538384.882199 180534.814916, 538387.248084 180533.621821, 538391.283110 180532.084681)

LINESTRING (538366.364377 180559.939488, 538369.725417 180537.751919, 538370.320469 180533.750764, 538371.875296 180523.065310)

LINESTRING (538391.283110 180532.084681, 538409.184561 180536.233379)

LINESTRING (538391.283110 180532.084681, 538389.579844 180529.601184, 538387.363234 180528.372348, 538383.188493 180526.878761, 538375.054735 180523.875214, 538371.875296 180523.065310)

LINESTRING (538371.875296 180523.065310, 538368.281813 180523.178922, 538365.223187 180524.308653, 538362.327409 180526.344220)

LINESTRING (538371.875296 180523.065310, 538374.062348 180511.095044, 538378.004498 180489.501977, 538381.182317 180468.945301, 538385.431014 180441.451401, 538386.379964 180434.655525, 538395.712187 180384.720504, 538396.771514 180378.717751, 538397.694047 180373.913142, 538398.902805 180363.952746, 538399.483175 180359.216719, 538399.325401 180352.513123)

LINESTRING (538428.157195 180444.695856, 538396.059682 180436.744134)

LINESTRING (538428.157195 180444.695856, 538410.756602 180529.254162, 538410.354538 180531.012630, 538409.184561 180536.233379)

LINESTRING (538428.157195 180444.695856, 538469.083485 180454.101293, 538474.384026 180455.314024)

LINESTRING (537977.784903 180823.478863, 537974.875707 180834.973390, 537974.438531 180835.729379, 537973.944338 180836.283509, 537973.422997 180836.558693, 537972.434025 180836.665385, 537971.618836 180836.509714, 537951.754119 180831.552502, 537950.181364 180831.164832, 537924.641343 180824.996488, 537879.233704 180813.715477)

LINESTRING (537860.510899 180910.781056, 537863.670554 180913.593217, 537906.186184 180924.450671)

LINESTRING (537860.510899 180910.781056, 537858.379109 180906.939584, 537857.600419 180903.134817, 537857.890331 180899.103086, 537863.691251 180875.968780, 537865.415126 180870.017356, 537879.233704 180813.715477)

LINESTRING (537860.510899 180910.781056, 537858.038521 180913.095458, 537855.453336 180920.592620, 537849.912844 180942.576647, 537845.603580 180961.667315)

LINESTRING (537906.186184 180924.450671, 537927.956356 180930.572271)

LINESTRING (537906.186184 180924.450671, 537863.670554 180913.593217, 537860.510899 180910.781056)

LINESTRING (537906.186184 180924.450671, 537903.685091 180934.476233, 537890.353087 180993.829302, 537888.417419 181002.468036)

LINESTRING (537845.603580 180961.667315, 537849.912844 180942.576647, 537855.453336 180920.592620, 537858.038521 180913.095458, 537860.510899 180910.781056)

LINESTRING (537332.299031 181119.624848, 537332.393614 181115.354130, 537332.636492 181104.054324, 537333.555188 181061.580110)

LINESTRING (537332.299031 181119.624848, 537332.119240 181137.069190, 537331.763999 181170.255362, 537330.418654 181206.419423, 537329.689143 181226.219244)

LINESTRING (537332.299031 181119.624848, 537340.261301 181119.706491, 537346.974008 181119.776631, 537365.508394 181119.977138, 537382.088155 181119.791020)

LINESTRING (537332.299031 181119.624848, 537317.893761 181119.513780, 537305.224064 181119.416261, 537289.753701 181117.863199, 537258.592957 181114.161475, 537225.331995 181109.034448, 537191.443791 181103.990863, 537134.622413 181095.524261, 537117.402680 181093.178926, 537114.274785 181092.782938, 537112.512874 181090.142506, 537107.416966 181074.670226, 537103.968940 181064.005320, 537102.323570 181058.074062, 537101.734783 181056.733910, 537100.872714 181053.683757)

LINESTRING (537333.555188 181061.580110, 537334.470938 181028.464734)

LINESTRING (537333.555188 181061.580110, 537332.636492 181104.054324, 537332.393614 181115.354130, 537332.299031 181119.624848)

LINESTRING (537333.555188 181061.580110, 537338.628922 181061.661586, 537370.869970 181062.143522, 537396.254927 181062.462549, 537409.775258 181062.950523, 537447.899195 181063.892486)

LINESTRING (537100.872714 181053.683757, 537101.734783 181056.733910, 537102.323570 181058.074062, 537103.968940 181064.005320, 537107.416966 181074.670226, 537112.512874 181090.142506, 537114.274785 181092.782938, 537117.402680 181093.178926, 537134.622413 181095.524261, 537191.443791 181103.990863, 537225.331995 181109.034448, 537258.592957 181114.161475, 537289.753701 181117.863199, 537305.224064 181119.416261, 537317.893761 181119.513780, 537332.299031 181119.624848)

LINESTRING (537352.562342 180794.046072, 537347.485662 180794.320621, 537309.752561 180796.316806, 537242.954961 180803.059089)

LINESTRING (537353.081556 180770.979985, 537366.008548 180770.839716, 537380.752935 180776.168095, 537384.895812 180781.410236, 537390.502538 180783.620539, 537400.301547 180787.446508, 537409.611771 180791.114612, 537412.449069 180792.248515, 537416.469094 180794.070969)

LINESTRING (537353.081556 180770.979985, 537350.953585 180770.321546, 537322.236370 180761.688953, 537277.374260 180749.693672)

LINESTRING (537353.081556 180770.979985, 537352.345141 180762.769645, 537352.765837 180761.078383, 537353.864472 180756.656749, 537351.700692 180739.850163, 537383.645765 180734.915731)

LINESTRING (537277.374260 180749.693672, 537322.236370 180761.688953, 537350.953585 180770.321546, 537353.081556 180770.979985)

LINESTRING (537383.645765 180734.915731, 537351.700692 180739.850163, 537353.864472 180756.656749, 537352.765837 180761.078383, 537352.345141 180762.769645, 537353.081556 180770.979985)

LINESTRING (537567.692190 180914.675705, 537564.956703 180894.648553)

LINESTRING (537567.692190 180914.675705, 537569.835076 180938.893329)

LINESTRING (537567.692190 180914.675705, 537571.511028 180914.690052, 537640.958510 180914.945725, 537640.422573 180938.067035, 537573.113563 180938.859666, 537569.835076 180938.893329)

LINESTRING (537569.835076 180938.893329, 537567.692190 180914.675705)

LINESTRING (537569.835076 180938.893329, 537573.113563 180938.859666, 537640.422573 180938.067035, 537640.958510 180914.945725, 537571.511028 180914.690052, 537567.692190 180914.675705)

LINESTRING (537569.835076 180938.893329, 537571.681996 180958.395658, 537571.774732 180960.356755, 537571.714577 180968.478813)

LINESTRING (537762.030545 181278.584724, 537766.096954 181253.066351, 537774.975430 181209.361163, 537775.423385 181207.181021)

LINESTRING (537762.030545 181278.584724, 537760.036402 181290.415752, 537759.232775 181291.885166, 537758.844570 181294.423037, 537759.166493 181296.635180, 537758.350248 181300.875214)

LINESTRING (537713.923219 181031.410870, 537711.516723 181052.823376, 537707.839597 181085.507858, 537706.081875 181101.173461, 537704.830557 181112.757553)

LINESTRING (537979.937620 181239.070934, 537989.620726 181207.228486, 537993.705231 181192.338342, 538002.602564 181162.333016)

LINESTRING (537966.065440 181150.535256, 537971.570167 181152.387352, 538002.602564 181162.333016)

LINESTRING (537978.701254 181243.177121, 537975.281780 181255.314365)

LINESTRING (538003.666383 181263.785995, 537991.862581 181260.193696, 537975.281780 181255.314365)

LINESTRING (538215.808526 181548.641139, 538187.668984 181535.823692)

LINESTRING (538215.808526 181548.641139, 538237.035774 181492.686279, 538178.206675 181466.837320, 538172.585034 181464.703591, 538148.415294 181453.719243, 538126.236085 181443.579240)

LINESTRING (538215.808526 181548.641139, 538214.979707 181554.861632, 538206.202614 181576.334412)

LINESTRING (537470.496749 181632.037681, 537509.808773 181593.284254)

LINESTRING (537760.635498 181552.082096, 537689.057896 181627.417276, 537683.520927 181632.664487)

LINESTRING (537790.399696 181344.221147, 537778.154027 181341.819223, 537766.655156 181409.190162)

LINESTRING (537740.236687 181660.920908, 537719.237461 181666.683710, 537689.858781 181638.600727, 537683.520927 181632.664487)

LINESTRING (537621.546648 181429.907262, 537635.161394 181417.133441, 537638.015646 181407.373291, 537647.866217 181353.367150, 537647.120388 181350.653886, 537629.969438 181338.371012)

LINESTRING (537543.638033 181977.115326, 537551.074080 181957.864288)

LINESTRING (537543.638033 181977.115326, 537527.663515 182018.903835, 537518.727565 182042.276304, 537514.521363 182052.756639, 537511.946925 182057.071524, 537506.583087 182061.845070)

LINESTRING (537543.638033 181977.115326, 537576.182083 181989.013591, 537582.049298 181986.935680, 537583.919925 181985.027748, 537602.178839 181940.174197, 537604.730114 181934.156086, 537616.863110 181904.527180, 537632.701003 181868.076824)

LINESTRING (536883.944874 181783.738038, 536868.943346 181776.968509)

LINESTRING (536883.944874 181783.738038, 536911.533161 181795.420508)

LINESTRING (536883.944874 181783.738038, 536880.305602 181792.030718, 536869.931058 181815.042727, 536925.099266 181877.601303)

LINESTRING (536934.458247 181833.028780, 536911.181683 181806.917688, 536909.836768 181800.660732, 536911.533161 181795.420508)

LINESTRING (536842.191894 181765.141894, 536859.425931 181720.736859)

LINESTRING (536842.191894 181765.141894, 536864.320659 181775.119096)

LINESTRING (536842.191894 181765.141894, 536822.952981 181807.178304, 536820.053963 181813.510124)

LINESTRING (536859.425931 181720.736859, 536842.191894 181765.141894)

LINESTRING (536864.320659 181775.119096, 536842.191894 181765.141894)

LINESTRING (536873.819785 181875.574090, 536863.995017 181884.111886, 536831.720314 181911.630794)

LINESTRING (536873.819785 181875.574090, 536892.796888 181897.629754, 536910.864775 181918.381242)

LINESTRING (536873.819785 181875.574090, 536853.741029 181852.398257, 536820.053963 181813.510124)

LINESTRING (536913.897425 181922.035150, 536910.864775 181918.381242)

LINESTRING (536913.897425 181922.035150, 536903.607000 181930.849657, 536872.657230 181957.380204)

LINESTRING (536913.897425 181922.035150, 536934.597819 181946.596783, 536945.262677 181959.692918, 536953.348613 181969.559120)

LINESTRING (536910.864775 181918.381242, 536913.897425 181922.035150)

LINESTRING (536910.864775 181918.381242, 536933.035300 181900.505785, 536936.718940 181897.522533, 536942.755164 181895.348291)

LINESTRING (536910.864775 181918.381242, 536892.796888 181897.629754, 536873.819785 181875.574090)

LINESTRING (536872.657230 181957.380204, 536903.607000 181930.849657, 536913.897425 181922.035150)

LINESTRING (536953.348613 181969.559120, 536968.479730 181987.204772)

LINESTRING (536953.348613 181969.559120, 536943.183338 181978.109840, 536912.865650 182003.599992)

LINESTRING (536953.348613 181969.559120, 536945.262677 181959.692918, 536934.597819 181946.596783, 536913.897425 181922.035150)

LINESTRING (538511.776771 181226.241868, 538516.359658 181227.768971, 538530.466382 181232.460226, 538543.650896 181236.848166)

LINESTRING (538511.776771 181226.241868, 538506.534144 181224.463089, 538499.578661 181222.092337, 538486.423951 181217.627428)

LINESTRING (538511.776771 181226.241868, 538510.190378 181229.926651, 538509.611856 181231.535634, 538500.167110 181261.135788, 538491.817104 181287.004382, 538489.321894 181294.737409, 538477.230605 181330.753345)

LINESTRING (538543.650896 181236.848166, 538521.143110 181305.486812, 538509.077244 181341.581275)

LINESTRING (538543.650896 181236.848166, 538553.257364 181240.036866, 538573.667261 181246.825330)

LINESTRING (538543.650896 181236.848166, 538530.466382 181232.460226, 538516.359658 181227.768971, 538511.776771 181226.241868)

LINESTRING (538486.423951 181217.627428, 538453.268044 181322.354991)

LINESTRING (538486.423951 181217.627428, 538456.124628 181207.320361)

LINESTRING (538486.423951 181217.627428, 538499.578661 181222.092337, 538506.534144 181224.463089, 538511.776771 181226.241868)

LINESTRING (538477.230605 181330.753345, 538453.268044 181322.354991)

LINESTRING (538477.230605 181330.753345, 538509.077244 181341.581275)

LINESTRING (538477.230605 181330.753345, 538489.321894 181294.737409, 538491.817104 181287.004382, 538500.167110 181261.135788, 538509.611856 181231.535634, 538510.190378 181229.926651, 538511.776771 181226.241868)

LINESTRING (538477.230605 181330.753345, 538470.686718 181350.739734, 538465.758049 181365.473011, 538459.737259 181383.592961)

LINESTRING (538796.881543 181328.101208, 538798.735512 181331.913270, 538799.754470 181334.010997, 538809.802654 181355.841313, 538815.564705 181369.352880, 538817.890972 181375.192105)

LINESTRING (538796.881543 181328.101208, 538794.840090 181325.051891, 538793.712752 181323.362957, 538792.286244 181321.187329, 538790.081719 181319.023836, 538784.877914 181317.101152, 538778.754027 181315.053188, 538746.013869 181304.154641, 538728.776629 181298.420256, 538712.199981 181292.904276, 538684.523792 181283.702358, 538667.616736 181278.077354, 538662.201052 181276.282558, 538648.369974 181271.676348, 538643.910841 181270.197011, 538633.128007 181266.608803)

LINESTRING (538796.881543 181328.101208, 538781.876242 181333.700733, 538720.539988 181358.500493, 538713.729918 181361.241367, 538666.204737 181380.453949, 538655.396435 181384.933113, 538628.030574 181396.694818)

LINESTRING (538817.890972 181375.192105, 538810.131124 181378.385428, 538775.376199 181392.715496, 538742.241232 181406.466832, 538712.211776 181418.633884, 538668.414397 181436.623905, 538648.766244 181444.701158, 538642.006070 181447.654923)

LINESTRING (538817.890972 181375.192105, 538815.564705 181369.352880, 538809.802654 181355.841313, 538799.754470 181334.010997, 538798.735512 181331.913270, 538796.881543 181328.101208)

LINESTRING (538633.128007 181266.608803, 538598.520113 181371.006594)

LINESTRING (538633.128007 181266.608803, 538643.910841 181270.197011, 538648.369974 181271.676348, 538662.201052 181276.282558, 538667.616736 181278.077354, 538684.523792 181283.702358, 538712.199981 181292.904276, 538728.776629 181298.420256, 538746.013869 181304.154641, 538778.754027 181315.053188, 538784.877914 181317.101152, 538790.081719 181319.023836, 538792.286244 181321.187329, 538793.712752 181323.362957, 538794.840090 181325.051891, 538796.881543 181328.101208)

LINESTRING (538633.128007 181266.608803, 538622.579248 181263.093774, 538602.967671 181256.571708)

LINESTRING (538628.030574 181396.694818, 538596.508984 181409.100047, 538596.396758 181409.141499, 538561.332870 181423.631495)

LINESTRING (538628.030574 181396.694818, 538655.396435 181384.933113, 538666.204737 181380.453949, 538713.729918 181361.241367, 538720.539988 181358.500493, 538781.876242 181333.700733, 538796.881543 181328.101208)

LINESTRING (538628.030574 181396.694818, 538627.660621 181387.603912, 538627.212304 181383.930422, 538625.853730 181381.044475, 538614.307455 181376.433908, 538598.520113 181371.006594)

LINESTRING (538453.268044 181322.354991, 538486.423951 181217.627428)

LINESTRING (538453.268044 181322.354991, 538428.527727 181313.701868)

LINESTRING (538453.268044 181322.354991, 538477.230605 181330.753345)

LINESTRING (538509.077244 181341.581275, 538538.673734 181351.402144)

LINESTRING (538509.077244 181341.581275, 538477.230605 181330.753345)

LINESTRING (538509.077244 181341.581275, 538521.143110 181305.486812, 538543.650896 181236.848166)

LINESTRING (538459.737259 181383.592961, 538463.254572 181384.723749, 538465.677475 181385.501992, 538483.711670 181391.290592, 538517.851090 181402.815403, 538550.758717 181413.928496, 538556.331903 181416.818060, 538556.666689 181417.272327, 538561.332870 181423.631495)

LINESTRING (538459.737259 181383.592961, 538454.416312 181399.728868, 538448.042801 181419.074474, 538443.023993 181434.317221)

LINESTRING (538459.737259 181383.592961, 538465.758049 181365.473011, 538470.686718 181350.739734, 538477.230605 181330.753345)

LINESTRING (538443.023993 181434.317221, 538416.833093 181426.681808)

LINESTRING (538443.023993 181434.317221, 538448.042801 181419.074474, 538454.416312 181399.728868, 538459.737259 181383.592961)

LINESTRING (538443.023993 181434.317221, 538436.370031 181453.510528, 538432.812818 181463.785310)

LINESTRING (537356.735743 180901.702890, 537362.574423 180928.468502)

LINESTRING (537456.690434 180739.105288, 537454.850293 180724.466291)

LINESTRING (537456.690434 180739.105288, 537458.679571 180753.369953, 537460.720985 180768.782251, 537463.093894 180783.491304, 537463.492646 180785.950321, 537464.093599 180789.149275)

LINESTRING (537456.690434 180739.105288, 537451.944388 180739.733656, 537439.099809 180741.445032)

LINESTRING (537454.850293 180724.466291, 537456.690434 180739.105288)

LINESTRING (537454.850293 180724.466291, 537437.083710 180726.634360)

LINESTRING (537454.850293 180724.466291, 537463.895900 180723.286515, 537531.891675 180714.409475, 537541.007017 180713.220593)

LINESTRING (537437.083710 180726.634360, 537454.850293 180724.466291)

LINESTRING (537541.007017 180713.220593, 537538.395333 180689.891709)

LINESTRING (537541.007017 180713.220593, 537531.891675 180714.409475, 537463.895900 180723.286515, 537454.850293 180724.466291)

LINESTRING (537541.007017 180713.220593, 537549.090886 180771.184273, 537549.416879 180773.507789, 537550.082021 180776.385772)

LINESTRING (537439.099809 180741.445032, 537451.944388 180739.733656, 537456.690434 180739.105288)

LINESTRING (537538.395333 180689.891709, 537541.007017 180713.220593)

LINESTRING (537578.123556 180734.801469, 537580.973232 180745.995815, 537585.963267 180763.802694, 537586.092749 180764.663081, 537586.256942 180765.780360, 537586.625758 180768.060524)

LINESTRING (537786.706286 180686.768840, 537812.022238 180684.328158, 537850.787466 180682.474933, 537849.788458 180747.470839, 537849.728147 180751.230588, 537849.688040 180753.733381)

LINESTRING (537927.956356 180930.572271, 537957.775326 180938.459297)

LINESTRING (537927.956356 180930.572271, 537906.186184 180924.450671)

LINESTRING (537927.956356 180930.572271, 537934.503096 180904.275560, 537937.738019 180891.265268, 537967.181911 180898.652511)

LINESTRING (537957.775326 180938.459297, 537927.956356 180930.572271)

LINESTRING (537914.132781 181005.469411, 537888.417419 181002.468036)

LINESTRING (537914.132781 181005.469411, 537922.982466 181011.752288, 537937.110835 181013.126176, 537941.064158 181013.556205, 537950.191438 181014.215709, 537957.113744 181010.664488)

LINESTRING (537967.181911 180898.652511, 537937.738019 180891.265268, 537934.503096 180904.275560, 537927.956356 180930.572271)

LINESTRING (538020.714725 181017.009718, 538022.752275 181008.718771, 538028.515259 180985.216354, 538033.440421 180963.927992, 538034.844077 180958.012433, 538046.105109 180910.544167, 538055.987897 180853.234376)

LINESTRING (538020.714725 181017.009718, 538045.157449 181019.821401, 538057.391779 181021.133047, 538068.752114 181022.409850, 538082.274639 181023.845583, 538103.417742 181026.701435)

LINESTRING (538020.714725 181017.009718, 537984.893812 181013.065700, 537972.853432 181012.026576, 537965.655751 181011.397159, 537957.113744 181010.664488)

LINESTRING (538234.617442 180917.415444, 538216.015479 180913.537591, 538207.296606 180911.642342, 538197.362514 180909.491495, 538186.140212 180906.704706)

LINESTRING (538234.617442 180917.415444, 538305.402602 180932.840085, 538363.539753 180945.295053, 538368.289523 180946.314646)

LINESTRING (538234.617442 180917.415444, 538231.025990 180935.846542, 538228.385975 180973.422112)

LINESTRING (538186.140212 180906.704706, 538197.362514 180909.491495, 538207.296606 180911.642342, 538216.015479 180913.537591, 538234.617442 180917.415444)

LINESTRING (538228.385975 180973.422112, 538223.950207 181012.684873)

LINESTRING (538228.385975 180973.422112, 538231.025990 180935.846542, 538234.617442 180917.415444)

LINESTRING (538228.385975 180973.422112, 538286.147948 180984.085459, 538315.151181 180989.515302, 538353.299393 180996.229214, 538354.919153 180996.417981, 538355.694490 180996.505860, 538358.563852 180996.706391, 538359.260333 180994.844652, 538365.122340 180968.273801, 538366.071079 180956.637055, 538368.289523 180946.314646)

LINESTRING (538223.950207 181012.684873, 538228.385975 180973.422112)

LINESTRING (538201.778990 181022.865300, 538189.130950 181023.489524, 538175.300033 181023.436170, 538170.951821 181022.972965, 538156.631012 181022.038327)

LINESTRING (538201.778990 181022.865300, 538185.788946 181016.921921, 538181.900856 181015.625460, 538179.375816 181013.998827, 538173.795205 181008.294021, 538169.514824 181003.292276, 538166.422174 180998.534267, 538163.705758 180993.218941, 538162.520799 180986.487431, 538162.274243 180977.166262)

LINESTRING (538156.631012 181022.038327, 538145.808826 181022.167006)

LINESTRING (538156.631012 181022.038327, 538157.709727 181013.521046, 538162.274243 180977.166262)

LINESTRING (538162.274243 180977.166262, 538165.439845 180962.128838, 538167.097793 180954.272753, 538175.308126 180917.149085, 538176.424951 180912.850505, 538180.798070 180891.714173, 538180.271836 180877.611318)

LINESTRING (537356.324639 181226.738828, 537329.689143 181226.219244)

LINESTRING (537291.424044 182288.085050, 537268.022987 182312.713970)

LINESTRING (537291.424044 182288.085050, 537300.797532 182297.786352, 537309.435403 182307.990820, 537314.912397 182315.194235, 537319.545069 182321.273127, 537325.953813 182329.703604)

LINESTRING (537291.424044 182288.085050, 537264.218251 182262.889764, 537255.391865 182254.260510)

LINESTRING (537187.424878 182210.927021, 537203.561043 182219.063614, 537208.273146 182221.438807, 537221.814035 182228.503814, 537229.559740 182233.453719, 537238.098833 182239.871753, 537246.262726 182246.557874, 537255.391865 182254.260510)

LINESTRING (537330.861292 182080.372313, 537325.093934 182103.163037, 537315.082608 182146.326316, 537313.107684 182153.639893)

LINESTRING (537330.861292 182080.372313, 537306.340870 182074.968850, 537292.933383 182071.946822, 537257.511258 182063.533679, 537253.963605 182061.223292, 537251.770842 182058.871614, 537250.722693 182056.038958, 537250.314995 182051.342917, 537253.467576 182037.183831, 537260.184005 182007.007214, 537266.416375 181979.588480, 537269.908364 181968.287423, 537274.002829 181960.897563, 537276.164094 181958.763681, 537278.699112 181956.929236, 537283.133867 181955.702543, 537291.471581 181955.972366, 537300.359641 181957.970839, 537329.297257 181964.873561, 537348.102796 181969.054286, 537366.452536 181973.144859, 537377.218223 181975.539216)

LINESTRING (537330.861292 182080.372313, 537356.121279 182086.151999, 537380.518556 182091.741559, 537401.558253 182095.181682, 537409.228047 182096.780173, 537417.594898 182098.531072, 537482.988311 182113.821325, 537501.014705 182118.037202, 537513.037188 182120.410239, 537527.234678 182123.220551, 537532.051868 182122.994855, 537537.411374 182122.739333)

LINESTRING (537187.715612 182164.685557, 537203.070456 182157.288156, 537219.079009 182150.364719, 537230.429128 182146.531575, 537244.724222 182144.959169, 537251.817641 182144.249417, 537258.907456 182143.673117, 537269.199918 182143.528343, 537279.686977 182143.889624, 537289.690305 182144.938938, 537298.761380 182146.575135, 537313.107684 182153.639893)

LINESTRING (537187.715612 182164.685557, 537175.616386 182171.325159, 537170.239863 182174.785557, 537164.846833 182178.857572, 537156.011798 182185.707767, 537147.759578 182193.085614, 537144.048828 182195.789771, 537139.248245 182197.718912, 537132.132076 182199.018004, 537122.681978 182200.109438, 537113.749972 182200.524918, 537109.146076 182200.311630, 537103.435529 182199.946067)

LINESTRING (537187.715612 182164.685557, 537216.495295 182179.451146, 537247.445367 182195.332735)

LINESTRING (537103.435529 182199.946067, 537109.146076 182200.311630, 537113.749972 182200.524918, 537122.681978 182200.109438, 537132.132076 182199.018004, 537139.248245 182197.718912, 537144.048828 182195.789771, 537147.759578 182193.085614, 537156.011798 182185.707767, 537164.846833 182178.857572, 537170.239863 182174.785557, 537175.616386 182171.325159, 537187.715612 182164.685557)

LINESTRING (537537.411374 182122.739333, 537534.216091 182112.804231, 537530.235684 182103.148342)

LINESTRING (537537.411374 182122.739333, 537532.051868 182122.994855, 537527.234678 182123.220551, 537513.037188 182120.410239, 537501.014705 182118.037202, 537482.988311 182113.821325, 537417.594898 182098.531072, 537409.228047 182096.780173, 537401.558253 182095.181682, 537380.518556 182091.741559, 537356.121279 182086.151999, 537330.861292 182080.372313)

LINESTRING (537537.411374 182122.739333, 537542.431928 182142.438913, 537544.878863 182152.576328, 537547.927171 182161.784117, 537550.306963 182168.503312, 537552.656543 182174.286908, 537556.769379 182180.073736, 537560.392571 182183.432456, 537564.802073 182186.723445)

LINESTRING (537530.235684 182103.148342, 537534.216091 182112.804231, 537537.411374 182122.739333)

LINESTRING (537530.235684 182103.148342, 537518.779223 182082.428802, 537506.583087 182061.845070)

LINESTRING (537530.235684 182103.148342, 537536.351552 182100.342644, 537540.606597 182095.238645, 537547.118441 182078.577747, 537560.478205 182044.129981)

LINESTRING (537564.802073 182186.723445, 537564.125962 182189.387071, 537564.671103 182192.072639, 537566.333414 182194.265428, 537568.784715 182195.522545, 537571.539089 182195.586007)

LINESTRING (537564.802073 182186.723445, 537560.392571 182183.432456, 537556.769379 182180.073736, 537552.656543 182174.286908, 537550.306963 182168.503312, 537547.927171 182161.784117, 537544.878863 182152.576328, 537542.431928 182142.438913, 537537.411374 182122.739333)

LINESTRING (536675.296425 181633.152995, 536683.094093 181626.674668, 536687.359645 181625.031152, 536691.673269 181625.213969, 536701.759851 181628.111607, 536705.949114 181629.303762)

LINESTRING (536442.657003 181114.489618, 536429.585970 181114.862021, 536415.201516 181115.533046, 536406.316295 181115.951105)

LINESTRING (536442.101793 181172.408288, 536443.442540 181164.109240, 536444.376033 181159.082087, 536444.313318 181145.125600, 536443.804482 181133.560832, 536443.647476 181129.839787, 536443.104034 181122.925692)

LINESTRING (536442.101793 181172.408288, 536450.300442 181172.472631, 536501.496410 181169.596585, 536515.588049 181168.706507, 536534.076040 181166.743864, 536542.288149 181166.307946, 536573.573453 181186.556321)

LINESTRING (537132.761853 181590.527710, 537116.254025 181584.762870)

LINESTRING (537111.755848 181651.622756, 537095.082892 181645.809008)

LINESTRING (536868.943346 181776.968509, 536883.944874 181783.738038)

LINESTRING (536925.099266 181877.601303, 536869.931058 181815.042727, 536880.305602 181792.030718, 536883.944874 181783.738038)

LINESTRING (536831.720314 181911.630794, 536863.995017 181884.111886, 536873.819785 181875.574090)

LINESTRING (536896.855259 181993.331132, 536922.009917 182021.852017, 536920.175654 182054.619925)

LINESTRING (536885.467982 181978.702188, 536869.247529 181960.248468, 536846.378182 181935.784485, 536830.838574 181917.560679, 536828.415920 181914.713359)

LINESTRING (536828.415920 181914.713359, 536804.116217 181935.102553, 536803.285066 181938.897173)

LINESTRING (536828.415920 181914.713359, 536825.750398 181911.603550, 536795.117921 181875.824728, 536785.566281 181864.940048)

LINESTRING (536828.415920 181914.713359, 536830.838574 181917.560679, 536846.378182 181935.784485, 536869.247529 181960.248468, 536885.467982 181978.702188)

LINESTRING (536785.566281 181864.940048, 536795.117921 181875.824728, 536825.750398 181911.603550, 536828.415920 181914.713359)

LINESTRING (537192.310400 181355.057709, 537150.838052 181362.751781, 537146.588185 181362.770614, 537143.112835 181361.619626, 537138.782953 181358.943257, 537096.952229 181328.969928, 537095.458824 181327.961474, 537083.416527 181319.813397, 537065.411065 181307.498312, 537059.425016 181303.408562, 537057.726743 181302.272183, 537034.496156 181285.709944, 537014.455436 181271.871232, 536969.294367 181240.462703, 536962.705575 181235.544463, 536960.166664 181233.650995, 536958.716470 181233.355958, 536952.578491 181232.578476)

LINESTRING (536944.978201 181093.848809, 536949.011478 181087.703407, 536948.982270 181084.664599, 536948.491832 181080.188942, 536947.822209 181077.466725, 536943.823525 181064.806270)

LINESTRING (536944.978201 181093.848809, 536946.696173 181116.674694, 536947.724616 181135.197611, 536947.925237 181138.574887, 536948.539177 181145.424196, 536949.298960 181156.394900, 536950.451350 181173.151763, 536951.561276 181185.300375, 536953.520627 181207.153485, 536953.492085 181218.002791, 536953.537141 181221.999059, 536953.493548 181222.843633, 536953.339348 181225.988781, 536952.578491 181232.578476)

LINESTRING (538176.669669 180366.152789, 538173.276847 180351.983154)

LINESTRING (538176.669669 180366.152789, 538179.266112 180376.405843)

LINESTRING (538176.669669 180366.152789, 538231.228027 180352.379189, 538233.470807 180351.883762)

LINESTRING (538173.276847 180351.983154, 538176.669669 180366.152789)

LINESTRING (538179.266112 180376.405843, 538176.669669 180366.152789)

LINESTRING (538179.266112 180376.405843, 538182.652601 180389.785197, 538184.258356 180396.116388, 538186.409209 180404.621306, 538189.820391 180418.112622, 538193.401085 180432.265124, 538193.513905 180432.713327, 538196.760624 180445.866327, 538200.463421 180460.890171, 538203.760173 180474.244849, 538204.454573 180477.056955, 538207.105467 180487.856803, 538207.436979 180489.201224, 538214.152237 180516.537097, 538214.821587 180519.248369, 538215.090352 180520.346260, 538215.621849 180522.508492)

LINESTRING (538179.266112 180376.405843, 538233.880174 180362.878615, 538236.377317 180362.223181)

LINESTRING (538233.470807 180351.883762, 538231.228027 180352.379189, 538176.669669 180366.152789)

LINESTRING (538578.798519 181034.467740, 538581.576332 181035.478278, 538584.202702 181036.440174, 538645.297038 181057.013829, 538674.799370 181066.777212, 538680.506042 181067.077611)

LINESTRING (538578.798519 181034.467740, 538569.392572 181062.110242, 538568.131610 181065.826142, 538565.616362 181073.013298, 538562.172341 181085.995302)

LINESTRING (538680.506042 181067.077611, 538688.515204 181071.046471, 538690.317037 181071.941407)

LINESTRING (538680.506042 181067.077611, 538674.799370 181066.777212, 538645.297038 181057.013829, 538584.202702 181036.440174, 538581.576332 181035.478278, 538578.798519 181034.467740)

LINESTRING (538680.506042 181067.077611, 538685.861177 181062.193696, 538711.821215 180986.761381, 538713.921763 180980.275189, 538716.462411 180972.421082, 538717.766998 180968.383680)

LINESTRING (538562.172341 181085.995302, 538557.908149 181091.621307, 538555.656989 181093.707716, 538553.856546 181095.817543, 538549.542159 181097.936729, 538540.552147 181100.907750)

LINESTRING (538562.172341 181085.995302, 538565.616362 181073.013298, 538568.131610 181065.826142, 538569.392572 181062.110242, 538578.798519 181034.467740)

LINESTRING (538540.552147 181100.907750, 538514.549487 181092.420151, 538460.915218 181074.566349, 538433.696807 181066.090565, 538413.026215 181059.662842)

LINESTRING (537699.685717 181779.151199, 537689.014005 181771.227921, 537675.807162 181760.264696, 537666.635110 181751.057831, 537701.436738 181713.263094)

LINESTRING (537615.499134 181038.637732, 537601.752423 181037.275072, 537604.633876 180992.149772, 537605.272943 180982.396392, 537606.583236 180971.960103)

LINESTRING (537615.499134 181038.637732, 537626.629600 181039.684752, 537658.940335 181042.729916, 537663.123834 181043.121450)

LINESTRING (537615.499134 181038.637732, 537615.191257 181041.545020, 537612.115518 181070.506706)

LINESTRING (538082.081627 181646.240269, 538084.734574 181623.988798, 538089.312048 181584.829952, 538094.010001 181538.429796, 538088.640226 181531.629076, 538082.691020 181523.410437)

LINESTRING (538657.141009 182013.271123, 538637.033099 182033.187592)

LINESTRING (538657.141009 182013.271123, 538667.529432 182003.016013, 538715.574339 181955.662847, 538742.686895 181928.927016)

LINESTRING (538657.141009 182013.271123, 538664.379189 182020.757826, 538692.962130 182045.931670, 538725.813302 182073.436806, 538731.171562 182080.861149, 538735.747229 182090.756904, 538739.264800 182100.501354, 538740.862470 182113.687713, 538741.094245 182132.401006, 538741.400519 182176.856496, 538741.446553 182182.288448)

LINESTRING (538879.901000 181159.848010, 538871.945030 181171.983181, 538870.504525 181174.892858, 538866.349901 181180.310171, 538861.945140 181184.463134, 538857.947180 181187.959509, 538847.253721 181193.042364, 538839.065311 181195.645265)

LINESTRING (538879.901000 181159.848010, 538875.063603 181182.117413, 538873.833684 181187.993017, 538871.769656 181199.743914)

LINESTRING (538839.065311 181195.645265, 538820.200710 181190.500443, 538812.542988 181188.165717, 538590.681527 181116.641455, 538586.589385 181115.194441, 538571.827940 181111.074998)

LINESTRING (538871.769656 181199.743914, 538872.662392 181208.493030)

LINESTRING (538871.769656 181199.743914, 538861.313685 181198.423233, 538839.065311 181195.645265)

LINESTRING (536682.090198 180770.795732, 536668.989102 180770.443414, 536669.269584 180748.650722, 536669.783894 180708.090968, 536669.877165 180700.748834, 536669.893550 180699.881272, 536669.981138 180692.750422)

LINESTRING (538690.317037 181071.941407, 538688.515204 181071.046471, 538680.506042 181067.077611)

LINESTRING (537551.074080 181957.864288, 537543.638033 181977.115326)

LINESTRING (537506.583087 182061.845070, 537502.367687 182053.429222)

LINESTRING (537506.583087 182061.845070, 537518.779223 182082.428802, 537530.235684 182103.148342)

LINESTRING (537506.583087 182061.845070, 537511.946925 182057.071524, 537514.521363 182052.756639, 537518.727565 182042.276304, 537527.663515 182018.903835, 537543.638033 181977.115326)

LINESTRING (537543.760602 181241.612798, 537547.208476 181192.730301)

LINESTRING (537547.208476 181192.730301, 537543.760602 181241.612798)

LINESTRING (537547.208476 181192.730301, 537542.374692 181192.510438, 537527.711057 181192.202591, 537492.471514 181191.449312)

LINESTRING (537547.208476 181192.730301, 537593.416126 181194.103650, 537604.087063 181194.414851)

LINESTRING (538186.668012 180528.442771, 538185.969118 180525.029612, 538184.618803 180521.821310)

LINESTRING (538184.618803 180521.821310, 538182.857212 180519.180503, 538180.648452 180516.894777, 538178.060106 180515.032740, 538175.187211 180513.674874)

LINESTRING (538892.601705 181123.248616, 538879.901000 181159.848010)

LINESTRING (537136.522834 180807.909121, 537143.143188 180800.865503)

LINESTRING (536963.614778 180597.851890, 536943.370195 180590.952149, 536942.284857 180590.511160, 536941.831651 180590.320897, 536941.350687 180590.129886, 536916.029403 180579.888537, 536901.720990 180575.096325, 536889.986488 180573.489390, 536879.254106 180572.577166, 536837.291323 180572.226232, 536814.499241 180574.305705, 536791.326241 180579.702374, 536775.869902 180585.306800, 536762.138941 180590.278874, 536735.831472 180604.293742, 536711.391613 180621.686320, 536689.081529 180642.263324, 536668.653828 180668.510798, 536654.394185 180695.224649, 536644.740584 180722.385088, 536630.754907 180755.449459, 536615.811118 180786.963539, 536591.762196 180833.523140, 536583.080168 180854.266538, 536577.211727 180872.381398, 536570.528480 180888.259847)

LINESTRING (537001.703028 180602.817825, 537002.158843 180607.548500)

LINESTRING (537001.703028 180602.817825, 537002.323127 180594.755412, 537001.170293 180586.255720, 536999.248688 180582.832057)

LINESTRING (537001.703028 180602.817825, 537007.480486 180597.676500, 537009.068167 180594.681279, 537007.269728 180557.319693, 537007.214874 180540.547905, 537007.573216 180533.179519)

LINESTRING (537020.721568 180673.995068, 537023.789241 180673.543614, 537033.578720 180671.815586, 537042.360939 180670.872781, 537048.102768 180671.172272, 537054.784911 180672.654468)

LINESTRING (537020.721568 180673.995068, 537017.135666 180664.561771, 537012.305572 180638.168827, 537010.692617 180627.675894, 537010.239734 180624.124894, 537009.096830 180617.061014, 537002.768193 180613.796759)

LINESTRING (537054.784911 180672.654468, 537048.102768 180671.172272, 537042.360939 180670.872781, 537033.578720 180671.815586, 537023.789241 180673.543614, 537020.721568 180673.995068)

LINESTRING (537054.784911 180672.654468, 537075.582589 180679.113332, 537103.067848 180687.622234, 537155.799549 180703.189041, 537172.177007 180707.459166)

LINESTRING (537054.784911 180672.654468, 537054.025266 180676.617908, 537054.275373 180680.219087, 537055.651477 180685.842593, 537058.679015 180698.209859, 537068.846966 180717.980822, 537071.921454 180720.623245, 537075.956643 180721.889417, 537079.915295 180721.873775, 537082.508600 180720.986688)

LINESTRING (537002.768193 180613.796759, 537002.158843 180607.548500)

LINESTRING (537002.768193 180613.796759, 536997.449699 180619.173025, 536997.755485 180621.740770, 536999.904732 180632.949234)

LINESTRING (538242.644187 181741.558935, 538249.980477 181742.159178)

LINESTRING (538242.644187 181741.558935, 538249.628048 181668.101100, 538254.471018 181668.477705)

LINESTRING (538242.644187 181741.558935, 538227.262714 181740.639661, 538223.145261 181740.394101, 538218.451079 181739.910287, 538206.222487 181737.941753)

LINESTRING (538249.980477 181742.159178, 538242.644187 181741.558935)

LINESTRING (538254.471018 181668.477705, 538315.341561 181673.306016)

LINESTRING (538254.471018 181668.477705, 538249.628048 181668.101100, 538242.644187 181741.558935)

LINESTRING (538254.471018 181668.477705, 538259.053182 181632.001028, 538261.355038 181607.881617, 538265.177587 181593.963831, 538269.042508 181585.633667, 538276.800486 181568.451075, 538279.463306 181536.429188, 538286.881920 181516.922662, 538289.479389 181511.540431, 538296.493121 181496.707960, 538300.309356 181494.252295, 538304.634666 181493.246055, 538350.661173 181496.847170)

LINESTRING (538206.222487 181737.941753, 538189.080675 181735.884126)

LINESTRING (538206.222487 181737.941753, 538222.295714 181672.854898, 538240.155677 181607.950237, 538260.041103 181539.049997)

LINESTRING (538206.222487 181737.941753, 538218.451079 181739.910287, 538223.145261 181740.394101, 538227.262714 181740.639661, 538242.644187 181741.558935)

LINESTRING (538189.080675 181735.884126, 538206.222487 181737.941753)

LINESTRING (538189.080675 181735.884126, 538179.950154 181735.646925, 538175.688514 181735.341840, 538171.698357 181735.010757, 538155.343460 181733.887176, 538132.398865 181731.516158)

LINESTRING (538189.080675 181735.884126, 538185.380724 181760.366156, 538184.453143 181764.859062, 538180.075560 181783.368964, 538164.523577 181837.998266, 538158.700191 181858.872601, 538155.715355 181873.914944, 538146.447305 181913.469249, 538139.585869 181956.694611, 538129.969219 182035.634039)

LINESTRING (538568.405888 181361.082220, 538598.520113 181371.006594)

LINESTRING (538568.405888 181361.082220, 538602.967671 181256.571708)

LINESTRING (538568.405888 181361.082220, 538554.190329 181356.577058, 538538.673734 181351.402144)

LINESTRING (538598.520113 181371.006594, 538568.405888 181361.082220)

LINESTRING (538598.520113 181371.006594, 538633.128007 181266.608803)

LINESTRING (538598.520113 181371.006594, 538614.307455 181376.433908, 538625.853730 181381.044475, 538627.212304 181383.930422, 538627.660621 181387.603912, 538628.030574 181396.694818)

LINESTRING (538602.967671 181256.571708, 538568.405888 181361.082220)

LINESTRING (538602.967671 181256.571708, 538622.579248 181263.093774, 538633.128007 181266.608803)

LINESTRING (538602.967671 181256.571708, 538585.909011 181250.898335, 538573.667261 181246.825330)

LINESTRING (538538.673734 181351.402144, 538509.077244 181341.581275)

LINESTRING (538538.673734 181351.402144, 538573.667261 181246.825330)

LINESTRING (538538.673734 181351.402144, 538554.190329 181356.577058, 538568.405888 181361.082220)

LINESTRING (538573.667261 181246.825330, 538538.673734 181351.402144)

LINESTRING (538573.667261 181246.825330, 538585.909011 181250.898335, 538602.967671 181256.571708)

LINESTRING (538573.667261 181246.825330, 538553.257364 181240.036866, 538543.650896 181236.848166)

LINESTRING (538827.145486 181089.810657, 538827.568385 181088.564694, 538830.556129 181079.854832)

LINESTRING (538592.628479 181467.362898, 538642.006070 181447.654923)

LINESTRING (538592.628479 181467.362898, 538625.056358 181551.265733, 538671.981577 181532.348060, 538672.197882 181524.931284, 538642.006070 181447.654923)

LINESTRING (538592.628479 181467.362898, 538584.033266 181470.901008, 538572.750704 181475.467557, 538529.895317 181492.816713)

LINESTRING (538428.527727 181313.701868, 538453.268044 181322.354991)

LINESTRING (538428.527727 181313.701868, 538409.486609 181364.496353)

LINESTRING (538428.527727 181313.701868, 538374.877799 181295.737165, 538349.891005 181287.712045, 538345.331947 181286.330409, 538342.907393 181286.375684, 538341.520229 181287.083523, 538340.503506 181287.957245, 538339.548877 181289.355693, 538326.004642 181331.341732, 538325.633750 181336.038956, 538330.806530 181338.850593, 538358.034973 181348.183049, 538409.486609 181364.496353)

LINESTRING (538456.124628 181207.320361, 538486.423951 181217.627428)

LINESTRING (538456.124628 181207.320361, 538457.552702 181202.818873, 538472.208132 181156.289626, 538475.355319 181153.426352, 538486.140587 181149.803054)

LINESTRING (538456.124628 181207.320361, 538443.933069 181203.182275, 538432.656750 181199.347362, 538388.418009 181184.309780)

LINESTRING (538388.418009 181184.309780, 538386.223367 181183.560052)

LINESTRING (538388.418009 181184.309780, 538389.748806 181180.573488, 538390.237672 181179.195748, 538396.523529 181161.539207)

LINESTRING (538388.418009 181184.309780, 538432.656750 181199.347362, 538443.933069 181203.182275, 538456.124628 181207.320361)

LINESTRING (538386.223367 181183.560052, 538388.418009 181184.309780)

LINESTRING (538396.523529 181161.539207, 538440.093734 181175.634979)

LINESTRING (538396.523529 181161.539207, 538412.976190 181112.488093, 538418.067280 181110.912987, 538453.191629 181122.553123, 538455.372934 181126.596530, 538440.093734 181175.634979)

LINESTRING (538396.523529 181161.539207, 538390.237672 181179.195748, 538389.748806 181180.573488, 538388.418009 181184.309780)

LINESTRING (538440.093734 181175.634979, 538396.523529 181161.539207)

LINESTRING (538440.093734 181175.634979, 538455.372934 181126.596530, 538453.191629 181122.553123, 538418.067280 181110.912987, 538412.976190 181112.488093, 538396.523529 181161.539207)

LINESTRING (538440.093734 181175.634979, 538435.032769 181191.399624)

LINESTRING (538435.032769 181191.399624, 538440.093734 181175.634979)

LINESTRING (538486.140587 181149.803054, 538475.355319 181153.426352, 538472.208132 181156.289626, 538457.552702 181202.818873, 538456.124628 181207.320361)

LINESTRING (538416.833093 181426.681808, 538443.023993 181434.317221)

LINESTRING (538416.833093 181426.681808, 538409.389291 181423.129382, 538406.844075 181420.979037, 538406.492494 181416.807429, 538413.307545 181394.246561)

LINESTRING (538416.833093 181426.681808, 538415.686602 181430.790352, 538413.209538 181439.647875, 538398.225794 181442.956631, 538320.970143 181417.572334)

LINESTRING (538432.812818 181463.785310, 538436.370031 181453.510528, 538443.023993 181434.317221)

LINESTRING (538413.307545 181394.246561, 538326.219810 181365.778913)

LINESTRING (538413.307545 181394.246561, 538419.920831 181377.055235, 538419.015715 181370.008541, 538409.486609 181364.496353)

LINESTRING (538413.307545 181394.246561, 538406.492494 181416.807429, 538406.844075 181420.979037, 538409.389291 181423.129382, 538416.833093 181426.681808)

LINESTRING (538326.219810 181365.778913, 538413.307545 181394.246561)

LINESTRING (538409.486609 181364.496353, 538428.527727 181313.701868)

LINESTRING (538409.486609 181364.496353, 538358.034973 181348.183049, 538330.806530 181338.850593, 538325.633750 181336.038956, 538326.004642 181331.341732, 538339.548877 181289.355693, 538340.503506 181287.957245, 538341.520229 181287.083523, 538342.907393 181286.375684, 538345.331947 181286.330409, 538349.891005 181287.712045, 538374.877799 181295.737165, 538428.527727 181313.701868)

LINESTRING (538409.486609 181364.496353, 538419.015715 181370.008541, 538419.920831 181377.055235, 538413.307545 181394.246561)

LINESTRING (538320.970143 181417.572334, 538398.225794 181442.956631, 538413.209538 181439.647875, 538415.686602 181430.790352, 538416.833093 181426.681808)

LINESTRING (538409.144687 180720.285088, 538422.966077 180721.485009)

LINESTRING (536932.643171 181068.188458, 536943.823525 181064.806270)

LINESTRING (536932.643171 181068.188458, 536935.929185 181076.890289, 536940.062316 181088.942306, 536944.978201 181093.848809)

LINESTRING (536943.823525 181064.806270, 536938.819158 181051.328611)

LINESTRING (536943.823525 181064.806270, 536951.008606 181062.551674, 536962.025362 181058.541932, 536970.627375 181055.758010, 536977.704641 181049.260669)

LINESTRING (536929.558227 181058.724196, 536932.643171 181068.188458)

LINESTRING (536929.558227 181058.724196, 536938.819158 181051.328611)

LINESTRING (538051.144969 182623.096885, 538052.043026 182603.846877, 538055.003096 182584.586144, 538060.642026 182564.329896, 538066.359656 182545.010579, 538067.353020 182541.665671, 538092.554328 182461.402638, 538100.228117 182436.783764)

LINESTRING (538338.817072 181080.811519, 538344.446511 181084.203138, 538351.071719 181088.512146, 538353.242017 181091.943142, 538355.381226 181095.495706, 538356.278528 181100.795005, 538356.139562 181105.899164, 538346.348859 181173.994467, 538343.598427 181193.149491, 538341.237035 181201.075407, 538338.259061 181205.378931, 538333.736354 181208.015657, 538328.639453 181208.533485, 538324.919210 181207.964823, 538321.234964 181206.328815)

LINESTRING (538338.817072 181080.811519, 538350.993776 181080.152584, 538361.602097 181078.694244, 538367.468501 181077.462919)

LINESTRING (538383.322849 181073.076021, 538395.645812 181070.362417, 538404.346121 181070.632750, 538413.967304 181072.530672, 538433.962661 181079.017905, 538454.799740 181084.938346, 538478.707421 181092.589555, 538567.867906 181122.863314, 538573.046996 181124.428979, 538596.194718 181131.926493, 538622.353118 181139.784452, 538708.810794 181168.028423, 538805.346615 181199.954494, 538813.281210 181202.574984, 538819.984118 181204.783472, 538832.020426 181208.495350)

LINESTRING (538832.020426 181208.495350, 538846.647331 181208.627904, 538851.088488 181209.494861, 538859.705054 181211.043470, 538863.339355 181211.198425, 538866.954259 181210.284520, 538872.662392 181208.493030)

LINESTRING (538832.020426 181208.495350, 538844.451472 181216.057363, 538848.421003 181217.412213, 538880.377788 181228.278864)

LINESTRING (538264.523800 181079.045575, 538253.367172 181094.789200, 538249.508051 181102.385068)

LINESTRING (538321.234964 181206.328815, 538318.244667 181203.687884, 538315.497332 181199.773802)

LINESTRING (538367.468501 181077.462919, 538366.859907 181072.271635, 538363.865581 181063.910565, 538359.885868 181059.350844, 538353.625282 181055.930898, 538346.086389 181053.043709)

LINESTRING (538367.468501 181077.462919, 538374.852177 181075.338128, 538383.322849 181073.076021)

LINESTRING (538413.026215 181059.662842, 538406.401509 181053.550963, 538400.798145 181048.946988, 538397.800706 181044.781226, 538396.789117 181042.149627, 538396.679031 181041.857290, 538396.166600 181040.530182, 538393.475882 181034.280633, 538392.237387 181029.016549, 538391.880622 181024.778035, 538391.531098 181020.528590, 538392.738873 181010.601547, 538401.606165 180963.947880, 538407.863405 180933.837868, 538409.294373 180924.896207, 538410.005453 180916.380077, 538410.317687 180884.772749)

LINESTRING (538413.026215 181059.662842, 538402.252098 181059.302631, 538391.096809 181057.385211, 538375.463847 181055.679743, 538357.211319 181054.036543, 538346.086389 181053.043709)

LINESTRING (538346.086389 181053.043709, 538338.579570 181052.294059, 538332.368162 181051.913536)

LINESTRING (538257.245073 181031.117813, 538201.778990 181022.865300)

LINESTRING (538332.368162 181051.913536, 538301.294983 181058.768651, 538287.709027 181063.495740)

LINESTRING (538332.368162 181051.913536, 538320.405863 181049.540298, 538306.369177 181046.843550, 538291.227780 181043.148608, 538288.406150 181042.470891, 538257.245073 181031.117813)

LINESTRING (538287.709027 181063.495740, 538279.095431 181068.970226, 538272.438425 181072.717417, 538264.523800 181079.045575)

LINESTRING (538287.709027 181063.495740, 538302.661088 181072.104279, 538313.455117 181075.558521)

LINESTRING (538367.698311 181105.746482, 538366.394183 181092.946680, 538366.354039 181090.085584, 538366.814468 181086.436871, 538367.374513 181082.189937, 538367.468501 181077.462919)

LINESTRING (538367.698311 181105.746482, 538374.045139 181093.755940, 538374.677400 181091.447317, 538375.374358 181087.782789, 538377.314570 181081.047286, 538379.457769 181077.822762, 538383.322849 181073.076021)

LINESTRING (538180.271836 180877.611318, 538172.878344 180889.796201, 538170.832969 180898.109143, 538169.761696 180902.520247, 538158.652590 180952.785647, 538150.283704 180990.383547, 538147.398296 181002.268133, 538146.186771 181006.731069, 538145.885898 181013.967475, 538145.808826 181022.167006)

LINESTRING (538180.271836 180877.611318, 538186.275489 180854.482828, 538188.586565 180848.402794, 538192.222738 180841.858014, 538197.699495 180831.980254, 538211.453825 180815.973288, 538227.812853 180799.692217, 538234.837866 180792.638702, 538240.397117 180787.136687)

LINESTRING (538145.808826 181022.167006, 538151.317017 181033.856888)

LINESTRING (538145.808826 181022.167006, 538132.156480 181022.697300, 538123.084974 181023.307620, 538117.615907 181024.483255, 538105.703927 181026.897105)

LINESTRING (538240.397117 180787.136687, 538234.837866 180792.638702, 538227.812853 180799.692217, 538211.453825 180815.973288, 538197.699495 180831.980254, 538192.222738 180841.858014, 538188.586565 180848.402794, 538186.275489 180854.482828, 538180.271836 180877.611318)

LINESTRING (538240.397117 180787.136687, 538247.457569 180782.866251, 538253.452839 180776.908718, 538255.777490 180772.375927, 538258.086112 180768.432506, 538259.505805 180766.022879, 538267.480501 180753.163959)

LINESTRING (538249.770950 181044.480002, 538260.766124 181054.071351, 538265.735310 181060.549741, 538266.363755 181063.994389, 538267.023909 181070.867448, 538264.523800 181079.045575)

LINESTRING (538249.770950 181044.480002, 538262.265476 181046.689498, 538270.916081 181050.319026, 538276.941893 181055.223686, 538279.906384 181057.541161, 538287.709027 181063.495740)

LINESTRING (538289.756340 180576.861850, 538277.147262 180586.222756, 538268.636843 180589.663600, 538254.262875 180589.361614, 538239.008324 180587.221790, 538217.958845 180583.155006, 538144.608648 180570.444197, 538116.268622 180567.860076, 538089.603116 180564.731805, 538047.875249 180564.399522)

LINESTRING (538289.756340 180576.861850, 538285.033787 180582.230788, 538279.838643 180589.144848, 538276.275751 180596.559584, 538273.398435 180607.108925, 538273.705154 180617.021544, 538275.700274 180626.646245)

LINESTRING (538215.621849 180522.508492, 538216.628736 180526.597735)

LINESTRING (538215.621849 180522.508492, 538207.134414 180524.080497, 538194.458041 180523.657923, 538184.618803 180521.821310)

LINESTRING (538215.621849 180522.508492, 538215.090352 180520.346260, 538214.821587 180519.248369, 538214.152237 180516.537097, 538207.436979 180489.201224, 538207.105467 180487.856803, 538204.454573 180477.056955, 538203.760173 180474.244849, 538200.463421 180460.890171, 538196.760624 180445.866327, 538193.513905 180432.713327, 538193.401085 180432.265124, 538189.820391 180418.112622, 538186.409209 180404.621306, 538184.258356 180396.116388, 538182.652601 180389.785197, 538179.266112 180376.405843)

LINESTRING (538216.628736 180526.597735, 538215.621849 180522.508492)

LINESTRING (538216.628736 180526.597735, 538207.079850 180528.385700, 538197.042242 180529.247867, 538186.668012 180528.442771)

LINESTRING (537022.229104 180433.375612, 537026.180159 180430.043488, 537027.366898 180426.981820, 537029.684751 180423.694696, 537032.539746 180420.833800, 537037.546840 180417.485641)

LINESTRING (537022.229104 180433.375612, 537019.386382 180442.479805, 537018.777556 180444.455354, 537017.705891 180448.143309, 537016.218842 180452.298582, 537007.577729 180476.848319, 537001.997005 180496.328166, 536999.701989 180507.272168, 536997.035470 180522.724237, 536996.050687 180539.679439, 536996.270112 180560.395070, 536999.248688 180582.832057)

LINESTRING (536999.248688 180582.832057, 536997.084876 180586.590731, 536997.215545 180588.441547, 536997.944810 180595.394119, 537001.703028 180602.817825)

LINESTRING (536999.248688 180582.832057, 536996.270112 180560.395070, 536996.050687 180539.679439, 536997.035470 180522.724237, 536999.701989 180507.272168, 537001.997005 180496.328166, 537007.577729 180476.848319, 537016.218842 180452.298582, 537017.705891 180448.143309, 537018.777556 180444.455354, 537019.386382 180442.479805, 537022.229104 180433.375612)

LINESTRING (538187.668984 181535.823692, 538215.808526 181548.641139)

LINESTRING (538206.202614 181576.334412, 538214.979707 181554.861632, 538215.808526 181548.641139)

LINESTRING (538106.921545 182044.511096, 538117.857308 182045.487231)

LINESTRING (538106.921545 182044.511096, 538107.829832 182038.170337, 538114.007959 181996.317418, 538118.578752 181959.450848, 538123.711793 181923.356299, 538130.194577 181889.457363, 538130.809819 181886.235723, 538136.916971 181864.367520, 538140.601439 181851.169251, 538150.267072 181816.399835, 538160.627222 181781.371109, 538161.323965 181777.706552, 538161.072581 181774.950999, 538159.695759 181772.220483, 538157.205812 181770.338843, 538153.699884 181769.052769, 538141.374534 181766.814676, 538132.360868 181765.601435, 538129.835884 181764.241892, 538128.645442 181761.805791, 538131.802626 181734.549131, 538132.398865 181731.516158)

LINESTRING (538106.921545 182044.511096, 538069.802888 182039.284488, 538051.941555 182035.638620, 538041.068589 182032.861533)

LINESTRING (538386.790100 180282.864134, 538385.973784 180287.593738, 538387.987359 180296.284198)

LINESTRING (538387.987359 180296.284198, 538385.947771 180304.875439, 538388.075392 180326.722777, 538388.731983 180336.277695, 538389.235574 180342.779265, 538388.946536 180352.375208)

LINESTRING (538387.987359 180296.284198, 538385.973784 180287.593738, 538386.790100 180282.864134)

LINESTRING (538396.059682 180436.744134, 538428.157195 180444.695856)

LINESTRING (538646.250539 180826.580967, 538642.198507 180837.910461)

LINESTRING (538642.198507 180837.910461, 538646.250539 180826.580967)

LINESTRING (538642.198507 180837.910461, 538643.414896 180838.377653, 538653.775407 180841.698365)

LINESTRING (538642.198507 180837.910461, 538640.322336 180837.191573, 538635.845330 180835.589361, 538578.132605 180815.942786, 538571.486553 180812.645611, 538544.490232 180803.362972)

LINESTRING (538242.129166 180778.859758, 538241.622963 180782.407076, 538240.397117 180787.136687)

LINESTRING (538555.675125 180753.779144, 538502.807504 180744.103097)

LINESTRING (538555.675125 180753.779144, 538556.911311 180748.426687)

LINESTRING (538555.675125 180753.779144, 538551.114985 180773.563584, 538544.894416 180801.782625, 538544.490232 180803.362972)

LINESTRING (538502.807504 180744.103097, 538555.675125 180753.779144)

LINESTRING (538502.807504 180744.103097, 538504.431272 180734.209666)

LINESTRING (538502.807504 180744.103097, 538502.010697 180749.133687)

LINESTRING (538556.911311 180748.426687, 538555.675125 180753.779144)

LINESTRING (538504.431272 180734.209666, 538502.807504 180744.103097)

LINESTRING (538502.010697 180749.133687, 538502.807504 180744.103097)

LINESTRING (538571.827940 181111.074998, 538540.552147 181100.907750)

LINESTRING (538571.827940 181111.074998, 538566.455914 181101.814325, 538564.331172 181097.227116, 538563.860191 181095.400338, 538563.317536 181092.636818, 538562.172341 181085.995302)

LINESTRING (538431.594737 181473.834482, 538414.136459 181475.206196, 538397.942025 181475.043285, 538387.906197 181473.356634, 538352.217022 181465.206914, 538306.303968 181454.876193, 538301.738860 181451.936446, 538298.530338 181448.900086, 538296.289930 181444.988676, 538294.850724 181441.232614, 538293.375842 181434.960559, 538292.402979 181428.101234, 538292.462335 181422.093505)

LINESTRING (538431.594737 181473.834482, 538416.477679 181477.707099, 538406.790897 181481.304793, 538398.212707 181482.439933, 538390.756832 181482.392656, 538321.864846 181465.816129, 538314.134847 181464.615276, 538303.055728 181464.013237, 538291.908231 181465.668430, 538282.849126 181467.636435, 538271.879033 181472.724051, 538262.086535 181479.190271, 538255.310667 181485.794231, 538249.432399 181494.370094, 538245.316227 181501.981219, 538242.266667 181510.455998, 538222.065309 181586.636814, 538208.847093 181630.735248, 538203.513183 181652.234920, 538189.568910 181716.912335, 538188.642795 181721.861546, 538189.080675 181735.884126)

LINESTRING (538367.470662 181505.272845, 538378.240357 181501.426360)

LINESTRING (538367.470662 181505.272845, 538358.440094 181508.743828)

LINESTRING (538367.470662 181505.272845, 538364.676177 181498.508564, 538350.661173 181496.847170)

LINESTRING (538378.240357 181501.426360, 538367.470662 181505.272845)

LINESTRING (538358.440094 181508.743828, 538367.470662 181505.272845)

LINESTRING (538350.661173 181496.847170, 538347.374620 181532.379765)

LINESTRING (538350.661173 181496.847170, 538364.676177 181498.508564, 538367.470662 181505.272845)

LINESTRING (538350.661173 181496.847170, 538304.634666 181493.246055, 538300.309356 181494.252295, 538296.493121 181496.707960, 538289.479389 181511.540431, 538286.881920 181516.922662, 538279.463306 181536.429188, 538276.800486 181568.451075, 538269.042508 181585.633667, 538265.177587 181593.963831, 538261.355038 181607.881617, 538259.053182 181632.001028, 538254.471018 181668.477705)

LINESTRING (538356.667954 181676.578998, 538366.878428 181677.446858)

LINESTRING (538356.667954 181676.578998, 538315.341561 181673.306016)

LINESTRING (538366.878428 181677.446858, 538356.667954 181676.578998)

LINESTRING (538315.341561 181673.306016, 538356.667954 181676.578998)

LINESTRING (538315.341561 181673.306016, 538254.471018 181668.477705)

LINESTRING (538315.341561 181673.306016, 538316.599197 181660.264356, 538318.264298 181654.189053, 538322.920907 181647.894723, 538325.390011 181628.609615, 538328.696714 181622.679163, 538330.571596 181603.288852, 538331.838635 181590.158423, 538333.384994 181574.164466, 538335.154817 181555.828497)

LINESTRING (537447.899195 181063.892486, 537409.775258 181062.950523, 537396.254927 181062.462549, 537370.869970 181062.143522, 537338.628922 181061.661586, 537333.555188 181061.580110)

LINESTRING (537422.181969 181000.622415, 537421.316090 181027.507287, 537410.421008 181027.769098, 537396.302991 181027.810254, 537383.214650 181028.035082, 537356.586653 181028.483769, 537339.623136 181028.470431, 537334.470938 181028.464734)

LINESTRING (538055.066221 181462.243733, 538070.919451 181469.596350, 538105.752696 181486.256295)

LINESTRING (538036.506545 181596.426444, 538039.829745 181562.786565)

LINESTRING (538036.506545 181596.426444, 538034.066676 181621.065196, 538017.477962 181618.822884)

LINESTRING (538036.506545 181596.426444, 538034.941964 181593.957949, 538032.380678 181592.397162, 538029.059809 181591.194107, 538023.342593 181590.026114)

LINESTRING (538023.342593 181590.026114, 538032.349386 181575.147302, 538039.829745 181562.786565)

LINESTRING (538023.342593 181590.026114, 538019.773496 181595.916237, 538011.875054 181610.635991, 538008.876420 181616.230021, 538006.951168 181619.115623, 537988.937196 181643.275748, 537987.416808 181645.315466, 537986.415235 181648.192776, 537985.461886 181652.362288, 537984.663686 181653.375551, 537982.638016 181656.124893, 537977.237473 181659.149823, 537972.310243 181661.620063, 537968.166027 181666.704485, 537965.061878 181672.863220, 537964.705908 181673.699312, 537956.025419 181682.199395)

LINESTRING (538023.342593 181590.026114, 538029.059809 181591.194107, 538032.380678 181592.397162, 538034.941964 181593.957949, 538036.506545 181596.426444)

LINESTRING (537612.115518 181070.506706, 537615.191257 181041.545020, 537615.499134 181038.637732)

LINESTRING (537605.225623 180971.834316, 537606.583236 180971.960103)

LINESTRING (537605.225623 180971.834316, 537601.058143 180967.514962, 537595.276813 180966.891039, 537586.149115 180965.987343, 537578.018732 180969.027836)

LINESTRING (537090.823606 181027.995638, 537091.942383 181030.796764, 537093.166480 181033.812168, 537094.042579 181035.827767, 537096.298152 181038.960024, 537100.016720 181050.923104, 537100.872714 181053.683757)

LINESTRING (537090.823606 181027.995638, 537103.249929 181025.281717, 537110.647024 181023.667374, 537120.874743 181021.372693, 537131.893016 181013.713270)

LINESTRING (537131.893016 181013.713270, 537159.659469 181008.130600, 537171.824945 181005.565598, 537202.294805 180999.132479, 537223.811493 180994.594411, 537230.837015 180993.114874, 537239.595689 180991.225890, 537265.180301 180985.707277, 537285.847868 180981.246686)

LINESTRING (537131.893016 181013.713270, 537116.558828 181013.277255, 537108.625927 181014.932776, 537084.766688 181020.342909, 537075.467027 181026.846931)

LINESTRING (536708.482437 180871.826767, 536707.588047 180902.494429, 536707.521282 180904.718284)

LINESTRING (536756.316603 180830.915365, 536780.896169 180832.556115, 536785.069347 180833.080177, 536787.874388 180833.867882, 536790.889395 180834.594471)

LINESTRING (536688.330897 181324.627584, 536690.339497 181325.071104, 536755.694132 181340.428304, 536769.256535 181343.708932, 536777.393511 181345.797500, 536785.696103 181347.923924, 536788.756676 181348.751906, 536792.865291 181349.852926)

LINESTRING (536782.296727 181259.340431, 536785.789811 181255.194588, 536788.501130 181253.264484, 536792.245901 181252.408259, 536795.350151 181252.647620, 536798.910298 181253.233104, 536816.615889 181257.115033)

LINESTRING (536782.296727 181259.340431, 536771.139114 181250.805192, 536768.696194 181249.470818, 536768.258117 181249.236462)

LINESTRING (536782.296727 181259.340431, 536788.123531 181265.228335, 536792.619601 181272.315662, 536796.548309 181279.843978, 536799.514411 181287.535564, 536801.155387 181292.865669, 536802.465921 181299.121653, 536803.013087 181301.751528, 536802.961484 181311.921377, 536802.164217 181316.518145, 536801.612825 181319.719371, 536793.798285 181346.661973, 536792.865291 181349.852926)

LINESTRING (536517.667705 181352.077901, 536525.456010 181352.932588, 536540.776989 181355.369592, 536544.991445 181356.150534, 536554.076808 181357.830224, 536560.314385 181355.672049, 536565.924400 181353.096399, 536569.218232 181351.704867)

LINESTRING (536816.615889 181257.115033, 536798.910298 181253.233104, 536795.350151 181252.647620, 536792.245901 181252.408259, 536788.501130 181253.264484, 536785.789811 181255.194588, 536782.296727 181259.340431)

LINESTRING (536768.258117 181249.236462, 536768.696194 181249.470818, 536771.139114 181250.805192, 536782.296727 181259.340431)

LINESTRING (536917.396314 181675.749089, 536944.861133 181598.524477, 536946.391824 181592.222608)

LINESTRING (536951.951968 181474.546151, 536973.442252 181416.813185)

LINESTRING (536951.951968 181474.546151, 536927.732942 181465.825432)

LINESTRING (536951.951968 181474.546151, 536945.971473 181491.121908, 536938.617640 181511.511045, 536936.760878 181516.257296)

LINESTRING (536927.732942 181465.825432, 536951.951968 181474.546151)

LINESTRING (537026.560596 181413.905313, 537021.372982 181423.725244, 537012.725246 181436.723597, 537009.666920 181441.737889)

LINESTRING (537255.781174 181627.991101, 537240.433384 181619.130127)

LINESTRING (537428.105685 182029.496937, 537424.809894 182043.028876, 537442.100049 182047.781032, 537474.180535 182054.736255, 537485.541133 182057.458545, 537489.129004 182058.023035, 537492.081897 182057.680074, 537496.780247 182056.460703, 537502.367687 182053.429222)

LINESTRING (537560.478205 182044.129981, 537547.118441 182078.577747, 537540.606597 182095.238645, 537536.351552 182100.342644, 537530.235684 182103.148342)

LINESTRING (537424.606481 182234.041434, 537426.228104 182227.475065, 537431.252761 182206.489393, 537430.742167 182202.780968, 537436.418676 182177.717703)

LINESTRING (537247.445367 182195.332735, 537216.495295 182179.451146, 537187.715612 182164.685557)

LINESTRING (537268.022987 182312.713970, 537291.424044 182288.085050)

LINESTRING (537325.953813 182329.703604, 537323.760393 182331.747565, 537310.456360 182344.185518)

LINESTRING (537325.953813 182329.703604, 537336.104367 182342.497407, 537350.618683 182360.784213, 537335.931256 182374.063833, 537319.258295 182389.148251)

LINESTRING (537325.953813 182329.703604, 537319.545069 182321.273127, 537314.912397 182315.194235, 537309.435403 182307.990820, 537300.797532 182297.786352, 537291.424044 182288.085050)

LINESTRING (537319.258295 182389.148251, 537311.949460 182382.173517)

LINESTRING (537319.258295 182389.148251, 537345.067478 182420.259781)

LINESTRING (537319.258295 182389.148251, 537335.931256 182374.063833, 537350.618683 182360.784213, 537336.104367 182342.497407, 537325.953813 182329.703604)

LINESTRING (537311.949460 182382.173517, 537319.258295 182389.148251)

LINESTRING (537345.067478 182420.259781, 537319.258295 182389.148251)

LINESTRING (538216.409049 182504.677812, 538209.168713 182536.820018, 538190.097263 182531.282206, 538166.115243 182524.308867, 538180.896999 182475.734763, 538185.509767 182467.703113)

LINESTRING (538218.800762 182494.337811, 538221.154774 182484.108070, 538207.068471 182480.319480, 538198.093330 182470.337912, 538185.509767 182467.703113)

LINESTRING (537478.240374 182436.237045, 537504.518278 182438.706600, 537507.114791 182438.954942, 537511.056168 182439.529030)

LINESTRING (537310.456360 182344.185518, 537323.760393 182331.747565, 537325.953813 182329.703604)

LINESTRING (537555.705617 182560.056283, 537550.872496 182529.867681)

LINESTRING (537555.705617 182560.056283, 537559.331440 182561.000231, 537563.870539 182563.081753, 537574.153331 182568.134320)

LINESTRING (537550.872496 182529.867681, 537555.705617 182560.056283)

LINESTRING (537886.929377 182640.792932, 537917.459118 182644.626486)

LINESTRING (537886.929377 182640.792932, 537898.593429 182609.271234, 537902.556377 182598.562020, 537904.419219 182591.824271)

LINESTRING (537954.222680 182548.006484, 537969.424586 182551.101329, 537978.207764 182556.915243, 537979.518228 182563.360804, 537968.862329 182604.257587, 537965.767283 182613.677178)

LINESTRING (537917.459118 182644.626486, 537886.929377 182640.792932)

LINESTRING (538076.262756 182682.248345, 538080.590841 182673.441012, 538085.116758 182665.017426)

LINESTRING (538076.262756 182682.248345, 538071.878108 182674.751009, 538059.314236 182653.276626)

LINESTRING (537857.333066 181530.600686, 537841.614592 181524.164922, 537803.140417 181508.609930, 537796.444171 181505.902188)

LINESTRING (537823.433196 181609.805331, 537771.294506 181601.970239, 537764.275925 181600.911921)

LINESTRING (537764.275925 181600.911921, 537771.294506 181601.970239, 537823.433196 181609.805331)

LINESTRING (537764.275925 181600.911921, 537766.574650 181586.807836, 537767.678933 181580.906358)

LINESTRING (537764.275925 181600.911921, 537763.607210 181604.833232, 537762.860375 181609.331100, 537758.485630 181640.850437, 537758.033802 181644.198954, 537757.744552 181646.672738, 537756.372780 181656.550922, 537754.823335 181666.068181, 537752.937615 181679.793975)

LINESTRING (537767.678933 181580.906358, 537770.985941 181578.269576, 537774.254786 181561.676787, 537776.991591 181550.878581, 537777.829258 181547.896636, 537779.218036 181543.282636, 537780.808027 181539.185998)

LINESTRING (537767.678933 181580.906358, 537766.574650 181586.807836, 537764.275925 181600.911921)

LINESTRING (537807.374986 181688.603787, 537782.273291 181684.350806, 537759.450524 181680.805186, 537752.937615 181679.793975)

LINESTRING (538335.154817 181555.828497, 538333.384994 181574.164466, 538331.838635 181590.158423, 538330.571596 181603.288852, 538328.696714 181622.679163, 538325.390011 181628.609615, 538322.920907 181647.894723, 538318.264298 181654.189053, 538316.599197 181660.264356, 538315.341561 181673.306016)

LINESTRING (537702.771439 180636.464107, 537697.924471 180636.711152, 537682.603976 180638.032128, 537662.438129 180641.592246, 537632.163070 180647.905587, 537624.432452 180649.499042, 537597.044207 180655.122904, 537563.592977 180662.051745, 537531.650777 180670.190110, 537510.489113 180675.916153, 537496.034515 180678.607639)

LINESTRING (537496.034515 180678.607639, 537487.355753 180676.748125, 537485.053311 180675.350443, 537483.384261 180671.588434, 537483.504843 180666.617335, 537485.019426 180662.997088, 537494.575967 180654.486489)

LINESTRING (537496.034515 180678.607639, 537510.489113 180675.916153, 537531.650777 180670.190110, 537563.592977 180662.051745, 537597.044207 180655.122904, 537624.432452 180649.499042, 537632.163070 180647.905587, 537662.438129 180641.592246, 537682.603976 180638.032128, 537697.924471 180636.711152, 537702.771439 180636.464107)

LINESTRING (538015.750529 180677.147786, 538016.947638 180680.118184, 538017.296311 180684.412077, 538017.435391 180697.191228, 538017.397931 180711.612585, 538017.358378 180725.087973, 538016.551610 180737.663385, 538015.338450 180750.116478, 538015.179333 180754.953001)

LINESTRING (538642.006070 181447.654923, 538592.628479 181467.362898)

LINESTRING (538642.006070 181447.654923, 538672.197882 181524.931284, 538671.981577 181532.348060, 538625.056358 181551.265733, 538592.628479 181467.362898)

LINESTRING (538642.006070 181447.654923, 538648.766244 181444.701158, 538668.414397 181436.623905, 538712.211776 181418.633884, 538742.241232 181406.466832, 538775.376199 181392.715496, 538810.131124 181378.385428, 538817.890972 181375.192105)

LINESTRING (538637.033099 182033.187592, 538657.141009 182013.271123)

LINESTRING (538761.914541 181908.986889, 538750.417772 181921.170163, 538745.827816 181925.774409, 538742.686895 181928.927016)

LINESTRING (536659.998996 181970.840500, 536645.229125 181989.283376, 536613.552192 182025.366180, 536612.570964 182026.486005, 536609.759276 182029.326003, 536606.968701 182032.155442, 536595.778386 182043.483587, 536584.002811 182055.408074)

LINESTRING (536659.998996 181970.840500, 536667.312263 181976.156233, 536668.922645 181977.457049, 536670.094340 181979.580684, 536671.805049 181983.087598, 536671.639089 181988.224394, 536670.657570 181992.193039, 536669.099417 181995.144626, 536667.250491 181998.066136, 536666.320346 182002.447909, 536665.606705 182011.943383, 536664.083784 182032.166996)

LINESTRING (536659.998996 181970.840500, 536671.751177 181955.154190, 536695.662282 181922.089960, 536701.271218 181912.826360, 536709.176143 181897.704306, 536714.838173 181885.437514, 536717.974423 181877.765504, 536719.120323 181874.914118, 536723.157252 181865.764031, 536734.575441 181837.738734, 536743.926783 181814.799092, 536745.162002 181811.983500, 536746.106245 181809.660848)

LINESTRING (536664.083784 182032.166996, 536661.482906 182067.429291, 536659.259681 182100.008706, 536657.823400 182129.916249)

LINESTRING (536664.083784 182032.166996, 536665.606705 182011.943383, 536666.320346 182002.447909, 536667.250491 181998.066136, 536669.099417 181995.144626, 536670.657570 181992.193039, 536671.639089 181988.224394, 536671.805049 181983.087598, 536670.094340 181979.580684, 536668.922645 181977.457049, 536667.312263 181976.156233, 536659.998996 181970.840500)

LINESTRING (536746.106245 181809.660848, 536748.908534 181802.792230)

LINESTRING (536746.106245 181809.660848, 536738.255036 181803.173192, 536677.444582 181731.384336, 536674.813557 181728.275543, 536663.336902 181716.148613)

LINESTRING (536746.106245 181809.660848, 536745.162002 181811.983500, 536743.926783 181814.799092, 536734.575441 181837.738734, 536723.157252 181865.764031, 536719.120323 181874.914118, 536717.974423 181877.765504, 536714.838173 181885.437514, 536709.176143 181897.704306, 536701.271218 181912.826360, 536695.662282 181922.089960, 536671.751177 181955.154190, 536659.998996 181970.840500)

LINESTRING (538199.710693 181182.156620, 538157.842066 181167.775343)

LINESTRING (536622.924971 182595.007422, 536635.305151 182599.791747, 536643.787650 182599.541419)

LINESTRING (536473.984549 182535.851785, 536482.955764 182539.375668, 536490.232722 182542.141831, 536498.417078 182545.755881, 536514.085574 182553.465975, 536518.672727 182555.581221, 536521.421104 182556.634377, 536547.988451 182566.651741)

LINESTRING (536547.988451 182566.651741, 536622.924971 182595.007422)

LINESTRING (536437.484038 182505.648419, 536425.129471 182498.862196)

LINESTRING (536437.484038 182505.648419, 536440.574036 182493.468077, 536441.781031 182488.848886, 536442.076889 182487.654981, 536443.888148 182480.180931, 536446.083423 182467.197580, 536446.448350 182461.365047, 536446.586354 182456.227499, 536445.808959 182449.763355)

LINESTRING (537829.165219 181893.489620, 537871.682877 181923.922047, 537875.762778 181924.522417, 537879.012316 181922.462828, 537892.475204 181902.730351, 537898.280890 181897.045528)

LINESTRING (538703.762216 182485.378309, 538696.892268 182478.925386, 538693.206767 182475.085587, 538690.918630 182472.697259, 538664.161217 182445.336312, 538654.544748 182440.566776, 538638.597460 182438.072729)

LINESTRING (537270.562304 180332.866141, 537268.790827 180334.943806, 537266.709733 180336.657005, 537263.086783 180338.117130, 537260.594013 180338.873310, 537257.824221 180339.343802, 537253.024422 180339.893021, 537215.428328 180346.211526, 537201.088801 180348.472986)

LINESTRING (537270.562304 180332.866141, 537272.452572 180337.190455, 537273.414682 180341.166983, 537274.140773 180344.625236, 537274.484976 180348.852155, 537274.505186 180351.189644, 537274.693636 180357.326424)

LINESTRING (537201.088801 180348.472986, 537157.275278 180355.380821, 537148.045724 180356.923438, 537144.661959 180357.499837, 537110.771545 180363.162366, 537106.208981 180363.929558, 537101.116301 180364.782610, 537085.591018 180366.467122, 537080.926381 180366.641785, 537071.781569 180365.816500)

LINESTRING (537274.693636 180357.326424, 537276.374530 180361.945550, 537276.621647 180364.367064, 537276.494911 180369.059782, 537276.465673 180371.685271, 537277.154623 180374.975597, 537277.952709 180377.567788, 537279.059616 180379.010976, 537280.470904 180379.983869, 537282.882407 180380.950391, 537285.842981 180381.386458, 537289.897560 180381.429200, 537305.781893 180379.309877, 537317.977359 180377.235614, 537322.874890 180376.666842, 537338.461120 180374.272487, 537363.775458 180370.649872, 537369.641199 180369.717819, 537374.621393 180368.917635, 537428.552259 180361.038825, 537454.380609 180357.675376, 537466.543053 180356.056832, 537471.129242 180355.446396, 537482.842421 180353.748970, 537489.444422 180352.814711, 537495.382919 180351.762357, 537531.765355 180346.681698, 537549.920711 180344.312983, 537556.561069 180343.502259, 537558.325853 180343.216168, 537562.565682 180342.574184, 537578.072796 180340.033744, 537583.938004 180338.868226, 537587.924682 180338.085870, 537605.966881 180334.512430, 537635.189596 180329.939766, 537678.773974 180323.586219, 537712.012236 180318.711008, 537716.321207 180318.082151, 537726.317749 180316.694877)

LINESTRING (537071.781569 180365.816500, 537067.664013 180360.898049)

LINESTRING (537067.664013 180360.898049, 537067.666713 180357.192406, 537067.832238 180351.054061, 537068.913208 180346.765439, 537070.122179 180342.880887, 537070.566195 180338.519448)

LINESTRING (537067.664013 180360.898049, 537062.879938 180357.775539, 537059.139557 180354.836971, 537054.879892 180351.839891, 537049.518342 180347.210634)

LINESTRING (537075.210433 180384.426421, 537082.131912 180382.198245, 537086.805448 180381.178075, 537094.107968 180380.529278)

LINESTRING (537075.210433 180384.426421, 537075.203888 180379.518674, 537074.654075 180375.442026, 537073.488985 180371.003808, 537071.781569 180365.816500)

LINESTRING (537094.107968 180380.529278, 537102.861362 180379.129519, 537103.900474 180378.968366, 537108.329371 180378.264337, 537146.390361 180372.202421, 537165.675544 180369.128365, 537189.780400 180365.283069, 537204.460448 180362.496613)

LINESTRING (537002.158843 180607.548500, 537001.703028 180602.817825)

LINESTRING (537002.158843 180607.548500, 537002.768193 180613.796759)

LINESTRING (537002.158843 180607.548500, 536990.977282 180606.557159, 536989.435197 180606.315286, 536988.965118 180606.235847, 536988.252761 180606.127621, 536983.441240 180605.319116, 536973.451653 180603.903681, 536968.700503 180601.627885, 536963.614778 180597.851890)

LINESTRING (537076.535886 180395.278852, 537076.529424 180392.685789, 537075.987669 180388.052943, 537074.714286 180385.570382)

LINESTRING (537076.535886 180395.278852, 537081.648210 180389.318426, 537086.353238 180385.327855, 537090.391413 180382.888389, 537094.107968 180380.529278)

LINESTRING (537074.714286 180385.570382, 537075.210433 180384.426421)

LINESTRING (537007.573216 180533.179519, 537010.168412 180528.876062, 537012.284606 180513.231112, 537010.950720 180508.098406)

LINESTRING (537007.573216 180533.179519, 537005.880460 180528.994172, 537006.269555 180521.515331, 537007.405165 180514.423847, 537007.835652 180512.365592, 537010.950720 180508.098406)

LINESTRING (537204.460448 180362.496613, 537212.086375 180361.189017, 537251.071867 180355.364268, 537255.055767 180354.681734, 537263.153323 180353.398077, 537266.103006 180353.466603, 537269.263349 180353.963696, 537271.571371 180354.905161, 537274.693636 180357.326424)

LINESTRING (537204.460448 180362.496613, 537206.400135 180359.588846, 537206.882219 180356.908813, 537206.539113 180354.440200, 537204.626621 180351.194757, 537201.088801 180348.472986)

LINESTRING (537749.097357 180538.855208, 537747.525973 180547.125496, 537745.516423 180552.857774, 537744.171437 180554.824426, 537742.407389 180557.391781, 537739.435610 180560.961342, 537735.150153 180564.061301, 537730.230784 180566.721207, 537725.343671 180568.447211, 537718.965797 180570.344265)

LINESTRING (537749.097357 180538.855208, 537753.282383 180556.373365, 537755.963369 180564.814544)

LINESTRING (537718.965797 180570.344265, 537706.333397 180572.405716, 537686.874169 180575.506375, 537659.373815 180581.149140, 537633.945100 180586.970562, 537620.044148 180590.233117, 537612.663745 180591.969616, 537594.366678 180597.038419)

LINESTRING (537755.963369 180564.814544, 537759.204860 180570.767038, 537763.158736 180578.363583)

LINESTRING (537755.963369 180564.814544, 537734.465385 180567.804125, 537718.965797 180570.344265)

LINESTRING (538847.902438 182523.870302, 538851.934572 182543.466513)

LINESTRING (538847.902438 182523.870302, 538836.447365 182472.087921, 538825.458273 182424.836482, 538820.035804 182390.568348)

LINESTRING (538851.934572 182543.466513, 538847.902438 182523.870302)

LINESTRING (537083.676427 180834.994096, 537057.551256 180866.461358)

LINESTRING (537048.675591 180744.957098, 537044.157419 180736.622593, 537037.680021 180732.185805)

LINESTRING (537079.273079 180805.930652, 537087.258429 180811.610028, 537091.181856 180814.442290, 537095.323553 180814.331446, 537103.393035 180814.059484)

LINESTRING (537079.273079 180805.930652, 537080.244967 180812.377887, 537082.487241 180816.522448, 537083.410825 180820.898520, 537083.685775 180825.379508, 537083.676427 180834.994096)

LINESTRING (536535.557668 182111.761354, 536528.546809 182123.869660)

LINESTRING (536535.557668 182111.761354, 536536.695613 182093.185487, 536537.106748 182087.187277)

LINESTRING (536535.557668 182111.761354, 536547.289590 182094.994798, 536550.665808 182090.778909, 536555.093505 182085.411690, 536566.355044 182073.751530)

LINESTRING (536528.546809 182123.869660, 536535.557668 182111.761354)

LINESTRING (536528.546809 182123.869660, 536523.054889 182124.923920, 536522.091951 182126.656307, 536521.003608 182128.663531, 536512.385005 182142.475787)

LINESTRING (536537.106748 182087.187277, 536536.695613 182093.185487, 536535.557668 182111.761354)

LINESTRING (536566.355044 182073.751530, 536555.093505 182085.411690, 536550.665808 182090.778909, 536547.289590 182094.994798, 536535.557668 182111.761354)

LINESTRING (536566.355044 182073.751530, 536572.709961 182073.911239, 536576.395168 182070.082034, 536579.653675 182066.630848, 536581.465632 182064.565192, 536584.002811 182055.408074)

LINESTRING (537172.177007 180707.459166, 537155.799549 180703.189041, 537103.067848 180687.622234, 537075.582589 180679.113332, 537054.784911 180672.654468)

LINESTRING (538362.327409 180526.344220, 538360.841158 180536.297068, 538359.433731 180542.078911, 538357.729536 180546.517267, 538355.140723 180550.798003, 538351.594592 180554.785599, 538348.428713 180557.815377, 538344.595091 180561.394530, 538339.933367 180563.760407, 538334.621566 180564.750930)

LINESTRING (536912.865650 182003.599992, 536943.183338 181978.109840, 536953.348613 181969.559120)

LINESTRING (538179.667169 182410.956131, 538187.793758 182413.347245)

LINESTRING (538179.667169 182410.956131, 538156.229970 182402.562119, 538132.872899 182394.537636)

LINESTRING (538179.667169 182410.956131, 538176.197784 182422.379674, 538173.694742 182430.179383, 538172.345028 182434.371469, 538166.669242 182452.133845)

LINESTRING (538347.374620 181532.379765, 538350.661173 181496.847170)

LINESTRING (537082.508600 180720.986688, 537103.519141 180710.536422)

LINESTRING (537082.508600 180720.986688, 537079.915295 180721.873775, 537075.956643 180721.889417, 537071.921454 180720.623245, 537068.846966 180717.980822, 537058.679015 180698.209859, 537055.651477 180685.842593, 537054.275373 180680.219087, 537054.025266 180676.617908, 537054.784911 180672.654468)

LINESTRING (537082.508600 180720.986688, 537085.237505 180726.657820, 537095.923489 180747.555646)

LINESTRING (537103.519141 180710.536422, 537082.508600 180720.986688)

LINESTRING (537095.923489 180747.555646, 537085.237505 180726.657820, 537082.508600 180720.986688)

LINESTRING (536613.280960 180740.813481, 536573.653004 180733.483250, 536569.847141 180732.724415)

LINESTRING (537763.158736 180578.363583, 537771.531879 180577.410937, 537787.526005 180575.585449, 537817.860916 180572.724418, 537831.482410 180571.836285, 537886.675670 180569.605320, 537911.469998 180569.265343, 537934.352967 180569.496804, 537971.252397 180570.921205, 538001.283573 180572.604520, 538020.566747 180574.207577, 538046.312311 180576.943264, 538069.662247 180579.413694)

LINESTRING (538069.662247 180579.413694, 538138.786884 180599.909725, 538179.289764 180606.975524, 538223.348537 180614.027070)

LINESTRING (538069.662247 180579.413694, 538132.201595 180588.479953, 538255.951606 180610.506989, 538397.919240 180632.932965, 538419.735008 180637.410873, 538444.183650 180643.129078, 538476.387630 180652.475121, 538527.642986 180674.459454, 538561.475289 180697.427115, 538577.864790 180712.685906)

LINESTRING (537757.113568 180515.202164, 537753.609245 180509.465116, 537751.338904 180502.526268, 537750.564460 180494.971390, 537750.304983 180485.327211, 537750.315475 180483.146340, 537750.278872 180480.140695, 537750.124293 180467.394551)

LINESTRING (537757.113568 180515.202164, 537758.598437 180508.843609, 537758.556710 180505.771055, 537757.614702 180494.149787, 537756.085609 180484.716021, 537755.453436 180482.417577, 537754.029672 180474.221913, 537752.794024 180470.872178, 537750.124293 180467.394551)

LINESTRING (537750.124293 180467.394551, 537746.992945 180464.549859)

LINESTRING (537746.992945 180464.549859, 537744.523014 180472.406304, 537743.284112 180480.451908, 537742.955182 180487.976883, 537743.366187 180499.205392, 537745.473983 180517.780080)

LINESTRING (537746.992945 180464.549859, 537744.748135 180445.904690, 537744.441494 180443.125423, 537741.544082 180417.039967, 537740.701109 180409.449851, 537738.692391 180396.697979, 537738.319970 180394.039341, 537736.457930 180382.793772, 537728.498307 180331.565779, 537727.967444 180328.346434, 537726.317749 180316.694877)

LINESTRING (537745.473983 180517.780080, 537748.214972 180533.489688, 537749.097357 180538.855208)

LINESTRING (537726.317749 180316.694877, 537739.480630 180314.814748, 537825.565078 180301.913462, 537830.267238 180301.384389, 537835.342335 180300.676250)

LINESTRING (537726.317749 180316.694877, 537727.967444 180328.346434, 537728.498307 180331.565779, 537736.457930 180382.793772, 537738.319970 180394.039341, 537738.692391 180396.697979, 537740.701109 180409.449851, 537741.544082 180417.039967, 537744.441494 180443.125423, 537744.748135 180445.904690, 537746.992945 180464.549859)

LINESTRING (537931.074005 180555.208027, 537901.347153 180554.846535, 537872.940017 180555.756263, 537841.752595 180557.013625, 537817.267500 180558.241468, 537769.548942 180563.201928, 537755.963369 180564.814544)

LINESTRING (537931.074005 180555.208027, 537897.415789 180549.242462, 537875.848513 180548.123208, 537820.410968 180551.927902, 537770.653875 180553.694884, 537766.637707 180552.495445, 537763.451819 180549.871829, 537761.207565 180546.583779, 537759.819797 180540.392190, 537759.021322 180535.774541, 537758.471117 180529.683551, 537757.555421 180519.910301)

LINESTRING (537757.555421 180519.910301, 537757.113568 180515.202164)

LINESTRING (537757.555421 180519.910301, 537755.379369 180517.692425, 537753.907265 180516.918057, 537752.132551 180516.547236, 537745.473983 180517.780080)

LINESTRING (538223.348537 180614.027070, 538236.130840 180619.738594, 538250.186313 180625.874277, 538265.571075 180636.497522, 538273.264728 180644.697017, 538278.774563 180653.015163, 538282.548132 180660.061953, 538290.235063 180668.506119)

LINESTRING (538223.348537 180614.027070, 538236.895385 180615.118848, 538249.175257 180617.344681, 538260.907460 180620.301249, 538270.392691 180624.676792, 538275.700274 180626.646245)

LINESTRING (537230.840007 180738.410372, 537243.149150 180735.693595, 537276.206727 180730.187604, 537297.224631 180725.135550, 537308.263912 180721.872722, 537359.583201 180704.363570, 537394.800497 180693.219009)

LINESTRING (537230.840007 180738.410372, 537236.522352 180731.909082, 537241.096998 180728.883301, 537250.375513 180723.447297, 537251.921928 180722.498640, 537265.121984 180714.308592, 537273.253143 180708.674716, 537279.931832 180704.882303, 537292.499126 180697.754677, 537307.748858 180690.042979, 537320.345691 180684.652232, 537337.287687 180678.822513, 537374.199871 180668.435814, 537419.659823 180657.056368, 537433.939906 180652.857623, 537441.668204 180649.806009, 537446.403046 180647.797414, 537448.949252 180645.317886, 537450.128134 180643.068462, 537450.848352 180640.061037)

LINESTRING (537236.249517 180710.123632, 537226.781236 180717.958250, 537224.359648 180719.428572, 537215.151347 180724.065281, 537212.496705 180726.708916, 537211.782377 180729.761041, 537212.555912 180734.032934, 537214.430172 180736.887866, 537215.968175 180738.565250, 537218.123767 180740.259307, 537219.573259 180741.099680, 537222.850760 180741.878125)

LINESTRING (537236.249517 180710.123632, 537218.641622 180716.191651, 537211.465440 180719.636862, 537201.595525 180724.344759, 537197.570194 180726.573037, 537193.604318 180728.914207, 537190.185072 180730.813874, 537179.885784 180737.023669, 537169.978262 180744.156578, 537163.998241 180748.568913, 537149.684912 180759.166267, 537121.809056 180788.315814)

LINESTRING (537394.800497 180693.219009, 537405.664651 180693.356917, 537410.372705 180692.593938, 537435.219455 180689.515518, 537483.149840 180682.821699, 537488.529504 180681.876648, 537496.034515 180678.607639)

LINESTRING (537394.800497 180693.219009, 537410.445641 180688.611972, 537429.833212 180684.284229, 537447.947977 180677.206828, 537480.349169 180661.590999, 537494.575967 180654.486489)

LINESTRING (537494.575967 180654.486489, 537531.976002 180636.357668, 537540.742547 180632.922547, 537558.401504 180626.278323, 537570.104257 180621.609578, 537583.383900 180614.101306)

LINESTRING (538013.282409 180249.105919, 538016.672920 180253.404499, 538023.583722 180259.267611, 538026.673428 180261.599437, 538036.717925 180271.242280, 538037.651769 180272.146780, 538038.352979 180272.922551, 538040.598116 180275.409506, 538056.988072 180293.315042, 538061.737491 180298.462934, 538072.572018 180310.208317, 538075.570508 180313.850846, 538081.818810 180321.343048, 538102.251701 180345.846417, 538123.249698 180373.570207, 538133.348771 180388.600878, 538142.856341 180404.950903, 538151.916834 180424.716339, 538157.603269 180440.606432, 538162.757860 180459.965262, 538164.340021 180467.419773, 538165.164566 180474.642251, 538165.958842 180483.744604, 538166.090306 180491.426763, 538165.653909 180499.560878, 538165.423868 180502.147539, 538164.669264 180508.191996, 538162.474276 180513.830063)

LINESTRING (538013.282409 180249.105919, 538017.266519 180248.423980, 538019.683430 180247.399024, 538021.219277 180246.339018, 538022.196004 180245.664452, 538024.608724 180243.003514, 538026.830466 180239.447123)

LINESTRING (538026.830466 180239.447123, 538027.244167 180238.278750, 538027.734218 180236.600545, 538028.246926 180233.576423, 538028.211059 180231.572343, 538028.035780 180230.098639, 538027.392814 180228.456438, 538026.668370 180227.257160, 538025.474131 180225.711275, 538024.613600 180224.664099, 538021.199222 180221.244008, 538017.558214 180219.008501)

LINESTRING (538017.558214 180219.008501, 538014.085858 180217.723487, 538009.252964 180216.924570, 538005.768814 180217.097057, 537999.533403 180219.609710, 537994.613554 180223.037224, 537992.788933 180225.013053)

LINESTRING (537578.018732 180969.027836, 537571.714577 180968.478813)

LINESTRING (537578.018732 180969.027836, 537585.392668 180974.691481, 537589.110719 180975.092606, 537600.063340 180976.301672, 537605.225623 180971.834316)

LINESTRING (538026.033732 180247.304373, 538026.136990 180244.013180, 538026.830466 180239.447123)

LINESTRING (537637.546038 182038.015770, 537626.136151 182066.840715, 537615.006916 182096.329857, 537605.817988 182121.854238, 537595.841714 182150.050370, 537591.779289 182160.345358, 537588.278082 182167.862330, 537586.448275 182170.828558, 537580.875881 182178.690060, 537577.529904 182183.039659, 537575.247673 182185.793327)

LINESTRING (537637.546038 182038.015770, 537641.910014 182039.146685, 537668.149030 182045.944878, 537688.916743 182050.970177, 537695.000886 182052.670794, 537707.258742 182056.096734)

LINESTRING (537637.546038 182038.015770, 537639.969404 182031.337637, 537654.419211 181990.509681, 537669.581057 181948.777400, 537675.440460 181932.644254, 537684.924073 181905.492094, 537689.754776 181893.248268)

LINESTRING (538243.545425 181260.045916, 538209.915835 181248.358831)

LINESTRING (538211.885084 181236.716439, 538211.031109 181240.031734, 538211.132837 181243.439792, 538209.915835 181248.358831)

LINESTRING (537383.357978 181197.389759, 537383.287232 181144.272361, 537382.169195 181140.937023, 537382.088155 181119.791020)

LINESTRING (536443.104034 181122.925692, 536442.657003 181114.489618)

LINESTRING (536443.104034 181122.925692, 536450.430440 181122.376816, 536456.777006 181121.857281, 536472.300590 181116.776800)

LINESTRING (538400.008103 180848.981207, 538401.038382 180866.992783, 538400.573585 180883.550336, 538398.632173 180898.231488, 538394.534389 180920.443498, 538386.874330 180956.680466, 538382.514923 180974.222553, 538377.717333 180990.261504, 538372.439601 181005.063259, 538366.534573 181017.911595, 538353.568315 181042.719919, 538341.096884 181064.915437, 538328.831576 181087.450444, 538324.279883 181095.995580, 538320.863196 181103.915037, 538319.225315 181107.709758, 538316.010266 181117.916030, 538309.666212 181144.863299)

LINESTRING (538400.008103 180848.981207, 538394.485071 180877.119234, 538386.486871 180918.377038, 538383.003971 180934.841279, 538375.878860 180968.522163, 538371.476274 180983.826270, 538364.134943 181002.244223, 538356.540039 181016.459869, 538352.487876 181021.446362, 538347.758511 181025.546407, 538340.260890 181029.304014, 538332.036031 181031.717555, 538324.221547 181033.341034, 538314.323675 181034.206730, 538308.533372 181034.171550, 538298.370165 181033.305152, 538294.124840 181032.889155, 538257.245073 181031.117813)

LINESTRING (536772.105973 181655.978137, 536777.785707 181661.895478, 536781.987709 181663.644455, 536785.754027 181666.360994, 536787.139776 181667.755950, 536788.751143 181670.570272, 536789.409672 181673.703919, 536789.501102 181678.302358)

LINESTRING (536772.105973 181655.978137, 536780.091727 181655.670082, 536784.766643 181655.584498, 536788.586997 181655.520425, 536797.183447 181655.996689)

LINESTRING (536772.105973 181655.978137, 536754.074204 181656.527702, 536732.289975 181657.198912, 536713.444988 181657.782378, 536709.831580 181657.896589, 536697.129658 181658.534126)

LINESTRING (536598.800783 182406.123841, 536608.056717 182377.383603, 536608.337010 182376.512007, 536612.128709 182364.328366, 536616.191945 182348.501955, 536619.583727 182336.218536)

LINESTRING (537037.680021 180732.185805, 537037.714976 180735.525232, 537037.317473 180739.965827, 537043.116059 180750.004093)

LINESTRING (537037.680021 180732.185805, 537034.450085 180736.338592, 537033.785469 180740.126544, 537033.672388 180742.260125, 537033.434191 180746.716143, 537033.040034 180751.290368, 537032.442458 180757.227886, 537030.749610 180762.579459, 537029.266008 180767.124310, 537028.383540 180768.947812, 537027.904962 180773.820224)

LINESTRING (537037.680021 180732.185805, 537029.275791 180712.673898, 537026.387039 180705.974687)

LINESTRING (537043.116059 180750.004093, 537048.675591 180744.957098)

LINESTRING (537043.116059 180750.004093, 537049.113500 180760.392706, 537051.285448 180764.056838, 537056.499763 180773.356028, 537062.733201 180784.518876, 537066.322064 180791.003299)

LINESTRING (536595.104107 182416.841114, 536585.535844 182448.165860, 536584.399993 182450.650308, 536582.648081 182452.294698, 536580.251344 182453.910623, 536576.246398 182455.182845, 536570.896063 182454.081961, 536562.943152 182451.408796, 536530.333450 182440.961892, 536526.409033 182439.754714)

LINESTRING (536401.241916 182498.120529, 536407.926132 182501.249014, 536411.831250 182503.690819, 536416.558159 182507.067215, 536422.107386 182511.100011)

LINESTRING (536401.241916 182498.120529, 536403.133903 182502.889716, 536405.308252 182505.674528, 536408.631413 182508.590346, 536411.760299 182510.210072, 536415.074711 182510.866624, 536422.107386 182511.100011)

LINESTRING (536388.446013 182487.861661, 536397.475158 182495.437626, 536400.008159 182497.275036, 536401.241916 182498.120529)

LINESTRING (537881.868201 182401.706581, 537881.515481 182408.307274, 537881.404446 182410.351885, 537878.395915 182425.282428, 537874.807623 182444.693107, 537874.432687 182446.741684, 537872.549489 182446.045121, 537867.650252 182445.467010, 537857.209647 182445.205904, 537800.509708 182444.101420)

LINESTRING (536789.501102 181678.302358, 536787.358294 181684.654556, 536777.920549 181711.820550, 536771.636206 181729.912875, 536770.992255 181731.653808, 536769.779720 181734.915137, 536764.576877 181748.941378, 536763.342040 181752.257749, 536762.286283 181755.111553, 536757.981862 181766.713762, 536757.255319 181768.686167, 536750.221735 181790.630987, 536748.258744 181796.754344, 536748.908534 181802.792230)

LINESTRING (536748.908534 181802.792230, 536746.106245 181809.660848)

LINESTRING (536748.908534 181802.792230, 536754.838436 181798.378119, 536760.350416 181784.471475, 536762.186083 181781.015481, 536766.149954 181769.426364, 536769.906817 181758.822094)

LINESTRING (538077.016570 180337.827258, 538087.789996 180359.486402, 538090.065926 180368.506574, 538095.526431 180390.166075, 538095.800550 180394.391177, 538096.666329 180407.768751, 538097.228130 180416.486405, 538098.170514 180446.981506, 538094.568023 180469.919371, 538094.545904 180472.522810, 538095.153881 180480.562889, 538098.562085 180489.569319)

LINESTRING (536787.072245 182104.761682, 536785.079813 182097.541420)

LINESTRING (537906.142157 180271.882324, 537908.623577 180262.846651, 537909.557419 180255.816609, 537908.540248 180247.999164, 537907.204449 180242.198435, 537902.751117 180234.833059)

LINESTRING (537906.142157 180271.882324, 537908.632649 180269.167803, 537910.156694 180266.749785, 537915.465366 180258.202570, 537920.500690 180254.099287, 537926.309968 180251.163229, 537931.649150 180249.939317, 537936.359520 180249.366048, 537983.219805 180242.113536, 537989.450323 180242.082357, 537992.667719 180242.013901)

LINESTRING (537835.558225 180223.818601, 537834.008169 180221.562029, 537831.505276 180221.661087, 537830.391874 180221.742181, 537829.280281 180221.756554, 537827.181095 180221.054191, 537825.924658 180220.519349, 537824.814551 180219.454313, 537822.810030 180215.004267, 537821.775001 180211.426261, 537820.983219 180210.147291, 537819.921689 180209.083574, 537818.644724 180208.281096, 537817.227760 180207.775288, 537815.423360 180206.958512)

LINESTRING (537835.558225 180223.818601, 537834.213695 180223.971325, 537830.907592 180224.493738, 537829.957734 180224.690550, 537827.416831 180225.166943, 537820.183381 180227.352285)

LINESTRING (537815.423360 180206.958512, 537814.998864 180209.039132, 537814.663973 180210.632534, 537814.759056 180212.248722, 537815.207773 180213.885626, 537816.928977 180218.539426)

LINESTRING (537816.928977 180218.539426, 537820.183381 180227.352285)

LINESTRING (537816.928977 180218.539426, 537815.123807 180223.642909, 537809.581967 180229.268274)

LINESTRING (537835.342335 180300.676250, 537837.633976 180300.426798, 537841.137667 180300.043290, 537844.556573 180299.713126, 537863.426482 180296.875247, 537865.960112 180296.409804, 537870.360852 180295.727923, 537873.184143 180295.081158, 537879.362076 180293.657377, 537886.966893 180291.348656, 537892.357004 180288.245394, 537899.632020 180281.198194, 537903.295329 180276.467871, 537906.142157 180271.882324)

LINESTRING (537835.342335 180300.676250, 537836.987823 180309.656935, 537837.982728 180315.737736, 537843.879311 180347.735850, 537846.094468 180359.781157, 537847.082717 180366.362556, 537849.540500 180382.776760)

LINESTRING (537849.540500 180382.776760, 537847.082717 180366.362556, 537846.094468 180359.781157, 537843.879311 180347.735850, 537837.982728 180315.737736, 537836.987823 180309.656935, 537835.342335 180300.676250)

LINESTRING (537715.184845 180243.391348, 537705.434675 180244.651784, 537645.771876 180253.574373, 537615.494759 180258.085066, 537595.307233 180261.110765, 537586.870876 180262.329091, 537578.820679 180262.623104, 537571.613480 180262.305630, 537564.579777 180261.992861, 537559.777378 180261.606946, 537556.894912 180261.362017, 537551.434825 180262.182426, 537544.712609 180263.191256, 537530.684754 180266.751122, 537521.408165 180268.736933, 537515.277459 180270.985919, 537508.746290 180272.378327, 537486.816681 180275.112502, 537469.022893 180277.457844, 537446.465888 180281.822214, 537443.226565 180282.446836, 537437.174535 180283.329259, 537422.456048 180285.724529, 537402.331211 180288.496728, 537397.744373 180289.129467, 537352.907963 180295.306919, 537315.738528 180300.723711, 537309.832284 180301.610222, 537276.274915 180306.746510, 537272.164321 180308.004280, 537270.604535 180309.186269, 537269.816965 180311.090196, 537269.465636 180312.527386, 537269.289232 180315.716443, 537269.700705 180319.767126, 537271.364096 180326.578051, 537271.456774 180329.318114, 537271.225921 180331.437384, 537270.562304 180332.866141)

LINESTRING (536626.056549 181672.925361, 536624.950191 181671.983093, 536620.938396 181668.581252)

LINESTRING (537575.247673 182185.793327, 537577.529904 182183.039659, 537580.875881 182178.690060, 537586.448275 182170.828558, 537588.278082 182167.862330, 537591.779289 182160.345358, 537595.841714 182150.050370, 537605.817988 182121.854238, 537615.006916 182096.329857, 537626.136151 182066.840715, 537637.546038 182038.015770)

LINESTRING (537575.247673 182185.793327, 537573.737713 182184.383647, 537571.837482 182183.542072, 537569.773199 182183.374886, 537567.766555 182183.899220, 537566.041048 182185.065485, 537564.802073 182186.723445)

LINESTRING (537707.258742 182056.096734, 537704.911594 182062.009047)

LINESTRING (537707.258742 182056.096734, 537709.427664 182051.893360)

LINESTRING (537707.258742 182056.096734, 537695.000886 182052.670794, 537688.916743 182050.970177, 537668.149030 182045.944878, 537641.910014 182039.146685, 537637.546038 182038.015770)

LINESTRING (537704.911594 182062.009047, 537707.258742 182056.096734)

LINESTRING (537709.427664 182051.893360, 537707.258742 182056.096734)

LINESTRING (537048.832219 181919.274549, 537030.742789 181935.634858)

LINESTRING (537030.742789 181935.634858, 537026.357092 181929.896774)

LINESTRING (537030.742789 181935.634858, 537070.187674 181983.092848)

LINESTRING (537030.742789 181935.634858, 537048.832219 181919.274549)

LINESTRING (537026.357092 181929.896774, 537030.742789 181935.634858)

LINESTRING (536942.755164 181895.348291, 536936.718940 181897.522533, 536933.035300 181900.505785, 536910.864775 181918.381242)

LINESTRING (536942.755164 181895.348291, 536969.201547 181873.648822, 536972.961579 181872.726389, 536975.351209 181873.191433, 536983.702076 181881.217524, 536993.940482 181892.621887, 537004.202854 181905.195392, 537006.384868 181912.843736, 537002.558236 181921.643184, 536993.748524 181940.935791, 536987.612773 181954.268972, 536979.680899 181971.648946, 536973.201565 181982.535780, 536968.479730 181987.204772)

LINESTRING (536763.882540 181247.215764, 536763.366343 181247.046075, 536758.947147 181245.614005, 536752.764018 181243.934160, 536741.962672 181241.250914, 536704.289916 181232.113673, 536701.225970 181231.408065)

LINESTRING (537820.183381 180227.352285, 537809.581967 180229.268274)

LINESTRING (537820.183381 180227.352285, 537821.730775 180232.012503, 537823.579623 180237.849372, 537829.931310 180247.180224, 537834.049262 180257.696889, 537835.718948 180268.859384, 537834.865243 180280.109253, 537833.487705 180289.675664, 537834.302778 180295.217427, 537835.342335 180300.676250)

LINESTRING (537809.581967 180229.268274, 537802.236563 180230.460183, 537729.483328 180241.386155, 537727.720305 180241.605466, 537715.184845 180243.391348)

LINESTRING (537639.312576 181540.203066, 537679.521231 181498.414860)

LINESTRING (537674.080330 181492.936952, 537665.979639 181486.196252)

LINESTRING (537674.080330 181492.936952, 537679.521231 181498.414860)

LINESTRING (537674.080330 181492.936952, 537682.581741 181484.375903, 537688.395746 181477.878688, 537691.649718 181455.676763)

LINESTRING (537665.979639 181486.196252, 537674.080330 181492.936952)

LINESTRING (537691.649718 181455.676763, 537688.395746 181477.878688, 537682.581741 181484.375903, 537674.080330 181492.936952)

LINESTRING (536977.704641 181049.260669, 536969.185736 181046.126575, 536964.891073 181046.767549, 536960.121579 181047.507011, 536955.162941 181048.308150, 536946.913026 181049.621527, 536938.819158 181051.328611)

LINESTRING (536977.704641 181049.260669, 536979.071533 181049.041563, 536987.371141 181047.173163, 536991.781324 181046.368399, 537001.640280 181044.096927, 537029.466061 181038.103412, 537075.467027 181026.846931)

LINESTRING (537075.467027 181026.846931, 537029.466061 181038.103412, 537001.640280 181044.096927, 536991.781324 181046.368399, 536987.371141 181047.173163, 536979.071533 181049.041563, 536977.704641 181049.260669)

LINESTRING (537075.467027 181026.846931, 537085.196138 181029.134715, 537090.823606 181027.995638)

LINESTRING (537218.140389 180169.333814, 537193.832212 180167.553744, 537173.061998 180170.554269, 537169.156110 180171.172209, 537165.064137 180176.369982)

LINESTRING (538529.027101 180864.949059, 538522.344444 180862.741534, 538511.415221 180861.686919, 538504.307953 180862.828630, 538502.113781 180864.605022, 538499.834523 180866.445868, 538497.196692 180874.564502, 538485.060111 180908.898814, 538484.636618 180913.227359, 538486.806816 180919.974680, 538492.361894 180925.334163, 538496.179385 180926.673451, 538500.767371 180928.278566, 538505.852503 180930.242215, 538509.776161 180931.762462, 538546.886740 180943.435075, 538582.541393 180955.780483, 538590.865324 180958.656046, 538593.642108 180958.687258, 538596.952085 180958.009665)

LINESTRING (537497.466600 180925.472667, 537497.934068 180899.211330, 537518.371069 180898.161821, 537523.087136 180897.866560, 537561.568385 180894.890688, 537562.285208 180894.832192, 537564.956703 180894.648553)

LINESTRING (536652.006771 181605.896634, 536649.277922 181607.970997, 536645.125109 181611.876614)

LINESTRING (538653.775407 180841.698365, 538643.414896 180838.377653, 538642.198507 180837.910461)

LINESTRING (538236.377317 180362.223181, 538233.880174 180362.878615, 538179.266112 180376.405843)

LINESTRING (537988.594449 180511.009465, 537991.816209 180510.518256, 537998.754248 180509.482502, 538004.813683 180508.578699, 538019.770537 180506.347400, 538037.154144 180503.748043, 538039.977944 180503.335085, 538044.106083 180502.712728, 538047.773797 180502.166896, 538050.704411 180501.656689, 538063.797580 180499.775521, 538071.244656 180498.664664, 538091.067619 180490.634336, 538098.562085 180489.569319)

LINESTRING (536663.336902 181716.148613, 536674.813557 181728.275543, 536677.444582 181731.384336, 536738.255036 181803.173192, 536746.106245 181809.660848)

LINESTRING (538017.477962 181618.822884, 538034.066676 181621.065196, 538036.506545 181596.426444)

LINESTRING (537975.103174 181515.046005, 537979.752866 181507.204343)

LINESTRING (537285.847868 180981.246686, 537265.180301 180985.707277, 537239.595689 180991.225890, 537230.837015 180993.114874, 537223.811493 180994.594411, 537202.294805 180999.132479, 537171.824945 181005.565598, 537159.659469 181008.130600, 537131.893016 181013.713270)

LINESTRING (537285.847868 180981.246686, 537292.982508 180986.525066, 537297.101671 180985.701571, 537306.974210 180983.709255, 537314.553393 180976.903201)

LINESTRING (536403.056576 181125.122293, 536427.030368 181124.185638, 536443.104034 181122.925692)

LINESTRING (536406.316295 181115.951105, 536398.696598 181116.302992)

LINESTRING (536406.316295 181115.951105, 536405.935819 181109.430879, 536405.475047 181105.901990, 536404.899215 181105.107558, 536401.488170 181098.962245)

LINESTRING (537430.482194 180644.874149, 537402.849655 180652.094920, 537353.862461 180666.539632, 537328.035695 180674.788891, 537280.083852 180692.055475, 537236.249517 180710.123632)

