LINESTRING (113.861644 129.687784, 177.882687 113.288812)

LINESTRING (113.861644 129.687784, 119.931286 144.319812)

LINESTRING (113.861644 129.687784, 116.103138 171.394146)

LINESTRING (113.861644 129.687784, 166.080781 140.958297)

LINESTRING (113.861644 129.687784, 110.525733 164.544470)

LINESTRING (113.861644 129.687784, 173.565981 156.393913)

LINESTRING (113.861644 129.687784, 123.859348 163.000125)

LINESTRING (113.861644 129.687784, 163.186375 124.599093)

LINESTRING (113.861644 129.687784, 143.162918 114.450475)

LINESTRING (113.861644 129.687784, 121.436489 153.462241)

LINESTRING (113.861644 129.687784, 148.516092 103.514371)

LINESTRING (113.861644 129.687784, 106.677075 102.523059)

LINESTRING (113.861644 129.687784, 136.915337 128.696938)

LINESTRING (113.861644 129.687784, 113.859600 128.872957)

LINESTRING (113.861644 129.687784, 107.697715 105.604673)

LINESTRING (113.861644 129.687784, 122.775073 116.472700)

LINESTRING (113.861644 129.687784, 176.574464 118.877478)

LINESTRING (113.861644 129.687784, 122.037861 133.599090)

LINESTRING (113.861644 129.687784, 129.176313 119.127788)

LINESTRING (113.861644 129.687784, 113.571567 156.085711)

LINESTRING (113.861644 129.687784, 109.665399 162.795810)

LINESTRING (113.861644 129.687784, 118.484818 106.177039)

LINESTRING (113.861644 129.687784, 121.629037 131.780895)

LINESTRING (113.861644 129.687784, 153.306274 145.105698)

LINESTRING (113.861644 129.687784, 129.978354 104.282473)

LINESTRING (113.861644 129.687784, 145.893475 179.811212)

LINESTRING (113.861644 129.687784, 145.588961 154.052763)

LINESTRING (113.861644 129.687784, 111.250924 109.877807)

LINESTRING (113.861644 129.687784, 147.705630 104.286800)

LINESTRING (113.861644 129.687784, 171.055932 111.828317)

LINESTRING (113.861644 129.687784, 167.375508 141.205325)

LINESTRING (113.861644 129.687784, 157.798724 151.928602)

LINESTRING (113.861644 129.687784, 123.188294 141.072347)

LINESTRING (113.861644 129.687784, 146.942121 178.674505)

LINESTRING (113.861644 129.687784, 104.887962 125.568668)

LINESTRING (113.861644 129.687784, 156.718115 135.893353)

LINESTRING (113.861644 129.687784, 179.189970 108.873591)

LINESTRING (113.861644 129.687784, 136.766505 110.332741)

LINESTRING (173.812129 100.621595, 119.931286 144.319812)

LINESTRING (173.812129 100.621595, 166.080781 140.958297)

LINESTRING (173.812129 100.621595, 123.501912 117.768952)

LINESTRING (173.812129 100.621595, 110.525733 164.544470)

LINESTRING (173.812129 100.621595, 173.565981 156.393913)

LINESTRING (173.812129 100.621595, 123.859348 163.000125)

LINESTRING (173.812129 100.621595, 121.436489 153.462241)

LINESTRING (173.812129 100.621595, 168.699826 155.340579)

LINESTRING (173.812129 100.621595, 113.390699 107.710851)

LINESTRING (173.812129 100.621595, 163.852513 130.164133)

LINESTRING (173.812129 100.621595, 148.516092 103.514371)

LINESTRING (173.812129 100.621595, 106.677075 102.523059)

LINESTRING (173.812129 100.621595, 101.326424 152.267864)

LINESTRING (173.812129 100.621595, 113.859600 128.872957)

LINESTRING (173.812129 100.621595, 157.537209 107.227689)

LINESTRING (173.812129 100.621595, 175.094911 150.675191)

LINESTRING (173.812129 100.621595, 107.697715 105.604673)

LINESTRING (173.812129 100.621595, 122.775073 116.472700)

LINESTRING (173.812129 100.621595, 114.016746 110.982848)

LINESTRING (173.812129 100.621595, 176.574464 118.877478)

LINESTRING (173.812129 100.621595, 122.037861 133.599090)

LINESTRING (173.812129 100.621595, 129.176313 119.127788)

LINESTRING (173.812129 100.621595, 109.665399 162.795810)

LINESTRING (173.812129 100.621595, 121.629037 131.780895)

LINESTRING (173.812129 100.621595, 153.306274 145.105698)

LINESTRING (173.812129 100.621595, 129.978354 104.282473)

LINESTRING (173.812129 100.621595, 178.338805 109.711330)

LINESTRING (173.812129 100.621595, 145.893475 179.811212)

LINESTRING (173.812129 100.621595, 145.588961 154.052763)

LINESTRING (173.812129 100.621595, 147.705630 104.286800)

LINESTRING (173.812129 100.621595, 120.829486 134.505552)

LINESTRING (173.812129 100.621595, 129.224232 104.138479)

LINESTRING (173.812129 100.621595, 167.375508 141.205325)

LINESTRING (173.812129 100.621595, 157.798724 151.928602)

LINESTRING (173.812129 100.621595, 146.942121 178.674505)

LINESTRING (173.812129 100.621595, 156.718115 135.893353)

LINESTRING (173.812129 100.621595, 151.606578 151.426810)

LINESTRING (173.812129 100.621595, 123.843340 115.604395)

LINESTRING (173.812129 100.621595, 136.766505 110.332741)

LINESTRING (177.882687 113.288812, 116.103138 171.394146)

LINESTRING (177.882687 113.288812, 123.501912 117.768952)

LINESTRING (177.882687 113.288812, 123.859348 163.000125)

LINESTRING (177.882687 113.288812, 163.186375 124.599093)

LINESTRING (177.882687 113.288812, 115.486692 111.080207)

LINESTRING (177.882687 113.288812, 148.516092 103.514371)

LINESTRING (177.882687 113.288812, 101.326424 152.267864)

LINESTRING (177.882687 113.288812, 136.915337 128.696938)

LINESTRING (177.882687 113.288812, 175.094911 150.675191)

LINESTRING (177.882687 113.288812, 176.574464 118.877478)

LINESTRING (177.882687 113.288812, 122.037861 133.599090)

LINESTRING (177.882687 113.288812, 160.172063 168.561655)

LINESTRING (177.882687 113.288812, 129.675808 113.690128)

LINESTRING (177.882687 113.288812, 113.571567 156.085711)

LINESTRING (177.882687 113.288812, 121.629037 131.780895)

LINESTRING (177.882687 113.288812, 153.306274 145.105698)

LINESTRING (177.882687 113.288812, 107.415264 145.371754)

LINESTRING (177.882687 113.288812, 145.893475 179.811212)

LINESTRING (177.882687 113.288812, 111.250924 109.877807)

LINESTRING (177.882687 113.288812, 109.484541 120.535193)

LINESTRING (177.882687 113.288812, 171.055932 111.828317)

LINESTRING (177.882687 113.288812, 151.606578 151.426810)

LINESTRING (177.882687 113.288812, 179.189970 108.873591)

LINESTRING (177.882687 113.288812, 136.766505 110.332741)

LINESTRING (119.931286 144.319812, 166.080781 140.958297)

LINESTRING (119.931286 144.319812, 123.501912 117.768952)

LINESTRING (119.931286 144.319812, 110.525733 164.544470)

LINESTRING (119.931286 144.319812, 173.565981 156.393913)

LINESTRING (119.931286 144.319812, 123.859348 163.000125)

LINESTRING (119.931286 144.319812, 163.186375 124.599093)

LINESTRING (119.931286 144.319812, 143.162918 114.450475)

LINESTRING (119.931286 144.319812, 121.436489 153.462241)

LINESTRING (119.931286 144.319812, 168.699826 155.340579)

LINESTRING (119.931286 144.319812, 173.052577 127.512634)

LINESTRING (119.931286 144.319812, 113.390699 107.710851)

LINESTRING (119.931286 144.319812, 163.852513 130.164133)

LINESTRING (119.931286 144.319812, 115.486692 111.080207)

LINESTRING (119.931286 144.319812, 148.516092 103.514371)

LINESTRING (119.931286 144.319812, 106.677075 102.523059)

LINESTRING (119.931286 144.319812, 101.326424 152.267864)

LINESTRING (119.931286 144.319812, 122.775073 116.472700)

LINESTRING (119.931286 144.319812, 114.016746 110.982848)

LINESTRING (119.931286 144.319812, 176.574464 118.877478)

LINESTRING (119.931286 144.319812, 160.172063 168.561655)

LINESTRING (119.931286 144.319812, 129.675808 113.690128)

LINESTRING (119.931286 144.319812, 113.571567 156.085711)

LINESTRING (119.931286 144.319812, 118.484818 106.177039)

LINESTRING (119.931286 144.319812, 153.306274 145.105698)

LINESTRING (119.931286 144.319812, 178.338805 109.711330)

LINESTRING (119.931286 144.319812, 107.415264 145.371754)

LINESTRING (119.931286 144.319812, 145.893475 179.811212)

LINESTRING (119.931286 144.319812, 145.588961 154.052763)

LINESTRING (119.931286 144.319812, 111.250924 109.877807)

LINESTRING (119.931286 144.319812, 147.705630 104.286800)

LINESTRING (119.931286 144.319812, 109.484541 120.535193)

LINESTRING (119.931286 144.319812, 120.829486 134.505552)

LINESTRING (119.931286 144.319812, 129.224232 104.138479)

LINESTRING (119.931286 144.319812, 171.055932 111.828317)

LINESTRING (119.931286 144.319812, 167.375508 141.205325)

LINESTRING (119.931286 144.319812, 157.798724 151.928602)

LINESTRING (119.931286 144.319812, 123.188294 141.072347)

LINESTRING (119.931286 144.319812, 146.942121 178.674505)

LINESTRING (119.931286 144.319812, 156.718115 135.893353)

LINESTRING (119.931286 144.319812, 151.606578 151.426810)

LINESTRING (119.931286 144.319812, 123.843340 115.604395)

LINESTRING (119.931286 144.319812, 136.766505 110.332741)

LINESTRING (116.103138 171.394146, 166.080781 140.958297)

LINESTRING (116.103138 171.394146, 123.501912 117.768952)

LINESTRING (116.103138 171.394146, 110.525733 164.544470)

LINESTRING (116.103138 171.394146, 173.565981 156.393913)

LINESTRING (116.103138 171.394146, 123.859348 163.000125)

LINESTRING (116.103138 171.394146, 143.162918 114.450475)

LINESTRING (116.103138 171.394146, 121.436489 153.462241)

LINESTRING (116.103138 171.394146, 168.699826 155.340579)

LINESTRING (116.103138 171.394146, 173.052577 127.512634)

LINESTRING (116.103138 171.394146, 163.852513 130.164133)

LINESTRING (116.103138 171.394146, 106.677075 102.523059)

LINESTRING (116.103138 171.394146, 136.915337 128.696938)

LINESTRING (116.103138 171.394146, 113.859600 128.872957)

LINESTRING (116.103138 171.394146, 175.094911 150.675191)

LINESTRING (116.103138 171.394146, 107.697715 105.604673)

LINESTRING (116.103138 171.394146, 122.775073 116.472700)

LINESTRING (116.103138 171.394146, 114.016746 110.982848)

LINESTRING (116.103138 171.394146, 176.574464 118.877478)

LINESTRING (116.103138 171.394146, 129.675808 113.690128)

LINESTRING (116.103138 171.394146, 129.176313 119.127788)

LINESTRING (116.103138 171.394146, 113.571567 156.085711)

LINESTRING (116.103138 171.394146, 118.484818 106.177039)

LINESTRING (116.103138 171.394146, 121.629037 131.780895)

LINESTRING (116.103138 171.394146, 129.978354 104.282473)

LINESTRING (116.103138 171.394146, 107.415264 145.371754)

LINESTRING (116.103138 171.394146, 145.893475 179.811212)

LINESTRING (116.103138 171.394146, 111.250924 109.877807)

LINESTRING (116.103138 171.394146, 109.484541 120.535193)

LINESTRING (116.103138 171.394146, 120.829486 134.505552)

LINESTRING (116.103138 171.394146, 129.224232 104.138479)

LINESTRING (116.103138 171.394146, 167.375508 141.205325)

LINESTRING (116.103138 171.394146, 157.798724 151.928602)

LINESTRING (116.103138 171.394146, 146.942121 178.674505)

LINESTRING (116.103138 171.394146, 104.887962 125.568668)

LINESTRING (116.103138 171.394146, 164.615790 124.189145)

LINESTRING (166.080781 140.958297, 123.501912 117.768952)

LINESTRING (166.080781 140.958297, 110.525733 164.544470)

LINESTRING (166.080781 140.958297, 173.565981 156.393913)

LINESTRING (166.080781 140.958297, 163.186375 124.599093)

LINESTRING (166.080781 140.958297, 143.162918 114.450475)

LINESTRING (166.080781 140.958297, 121.436489 153.462241)

LINESTRING (166.080781 140.958297, 115.486692 111.080207)

LINESTRING (166.080781 140.958297, 148.516092 103.514371)

LINESTRING (166.080781 140.958297, 106.677075 102.523059)

LINESTRING (166.080781 140.958297, 113.859600 128.872957)

LINESTRING (166.080781 140.958297, 157.537209 107.227689)

LINESTRING (166.080781 140.958297, 175.094911 150.675191)

LINESTRING (166.080781 140.958297, 114.016746 110.982848)

LINESTRING (166.080781 140.958297, 129.675808 113.690128)

LINESTRING (166.080781 140.958297, 129.176313 119.127788)

LINESTRING (166.080781 140.958297, 113.571567 156.085711)

LINESTRING (166.080781 140.958297, 121.629037 131.780895)

LINESTRING (166.080781 140.958297, 153.306274 145.105698)

LINESTRING (166.080781 140.958297, 129.978354 104.282473)

LINESTRING (166.080781 140.958297, 107.415264 145.371754)

LINESTRING (166.080781 140.958297, 145.893475 179.811212)

LINESTRING (166.080781 140.958297, 145.588961 154.052763)

LINESTRING (166.080781 140.958297, 111.250924 109.877807)

LINESTRING (166.080781 140.958297, 147.705630 104.286800)

LINESTRING (166.080781 140.958297, 109.484541 120.535193)

LINESTRING (166.080781 140.958297, 120.829486 134.505552)

LINESTRING (166.080781 140.958297, 129.224232 104.138479)

LINESTRING (166.080781 140.958297, 146.942121 178.674505)

LINESTRING (166.080781 140.958297, 156.718115 135.893353)

LINESTRING (166.080781 140.958297, 151.606578 151.426810)

LINESTRING (166.080781 140.958297, 164.615790 124.189145)

LINESTRING (166.080781 140.958297, 123.843340 115.604395)

LINESTRING (166.080781 140.958297, 179.189970 108.873591)

LINESTRING (123.501912 117.768952, 110.525733 164.544470)

LINESTRING (123.501912 117.768952, 123.859348 163.000125)

LINESTRING (123.501912 117.768952, 143.162918 114.450475)

LINESTRING (123.501912 117.768952, 121.436489 153.462241)

LINESTRING (123.501912 117.768952, 173.052577 127.512634)

LINESTRING (123.501912 117.768952, 113.390699 107.710851)

LINESTRING (123.501912 117.768952, 115.486692 111.080207)

LINESTRING (123.501912 117.768952, 106.677075 102.523059)

LINESTRING (123.501912 117.768952, 101.326424 152.267864)

LINESTRING (123.501912 117.768952, 175.094911 150.675191)

LINESTRING (123.501912 117.768952, 122.775073 116.472700)

LINESTRING (123.501912 117.768952, 160.172063 168.561655)

LINESTRING (123.501912 117.768952, 113.571567 156.085711)

LINESTRING (123.501912 117.768952, 109.665399 162.795810)

LINESTRING (123.501912 117.768952, 121.629037 131.780895)

LINESTRING (123.501912 117.768952, 129.978354 104.282473)

LINESTRING (123.501912 117.768952, 178.338805 109.711330)

LINESTRING (123.501912 117.768952, 107.415264 145.371754)

LINESTRING (123.501912 117.768952, 145.588961 154.052763)

LINESTRING (123.501912 117.768952, 120.829486 134.505552)

LINESTRING (123.501912 117.768952, 129.224232 104.138479)

LINESTRING (123.501912 117.768952, 167.375508 141.205325)

LINESTRING (123.501912 117.768952, 157.798724 151.928602)

LINESTRING (123.501912 117.768952, 104.887962 125.568668)

LINESTRING (123.501912 117.768952, 164.615790 124.189145)

LINESTRING (110.525733 164.544470, 173.565981 156.393913)

LINESTRING (110.525733 164.544470, 123.859348 163.000125)

LINESTRING (110.525733 164.544470, 113.390699 107.710851)

LINESTRING (110.525733 164.544470, 115.486692 111.080207)

LINESTRING (110.525733 164.544470, 148.516092 103.514371)

LINESTRING (110.525733 164.544470, 106.677075 102.523059)

LINESTRING (110.525733 164.544470, 113.859600 128.872957)

LINESTRING (110.525733 164.544470, 107.697715 105.604673)

LINESTRING (110.525733 164.544470, 122.775073 116.472700)

LINESTRING (110.525733 164.544470, 114.016746 110.982848)

LINESTRING (110.525733 164.544470, 176.574464 118.877478)

LINESTRING (110.525733 164.544470, 129.675808 113.690128)

LINESTRING (110.525733 164.544470, 129.176313 119.127788)

LINESTRING (110.525733 164.544470, 113.571567 156.085711)

LINESTRING (110.525733 164.544470, 118.484818 106.177039)

LINESTRING (110.525733 164.544470, 121.629037 131.780895)

LINESTRING (110.525733 164.544470, 153.306274 145.105698)

LINESTRING (110.525733 164.544470, 129.978354 104.282473)

LINESTRING (110.525733 164.544470, 107.415264 145.371754)

LINESTRING (110.525733 164.544470, 145.893475 179.811212)

LINESTRING (110.525733 164.544470, 145.588961 154.052763)

LINESTRING (110.525733 164.544470, 109.484541 120.535193)

LINESTRING (110.525733 164.544470, 171.055932 111.828317)

LINESTRING (110.525733 164.544470, 167.375508 141.205325)

LINESTRING (110.525733 164.544470, 151.606578 151.426810)

LINESTRING (110.525733 164.544470, 164.615790 124.189145)

LINESTRING (110.525733 164.544470, 123.843340 115.604395)

LINESTRING (110.525733 164.544470, 179.189970 108.873591)

LINESTRING (110.525733 164.544470, 136.766505 110.332741)

LINESTRING (173.565981 156.393913, 123.859348 163.000125)

LINESTRING (173.565981 156.393913, 143.162918 114.450475)

LINESTRING (173.565981 156.393913, 168.699826 155.340579)

LINESTRING (173.565981 156.393913, 113.390699 107.710851)

LINESTRING (173.565981 156.393913, 136.915337 128.696938)

LINESTRING (173.565981 156.393913, 157.537209 107.227689)

LINESTRING (173.565981 156.393913, 122.775073 116.472700)

LINESTRING (173.565981 156.393913, 114.016746 110.982848)

LINESTRING (173.565981 156.393913, 176.574464 118.877478)

LINESTRING (173.565981 156.393913, 122.037861 133.599090)

LINESTRING (173.565981 156.393913, 160.172063 168.561655)

LINESTRING (173.565981 156.393913, 129.675808 113.690128)

LINESTRING (173.565981 156.393913, 129.176313 119.127788)

LINESTRING (173.565981 156.393913, 113.571567 156.085711)

LINESTRING (173.565981 156.393913, 109.665399 162.795810)

LINESTRING (173.565981 156.393913, 129.978354 104.282473)

LINESTRING (173.565981 156.393913, 145.893475 179.811212)

LINESTRING (173.565981 156.393913, 145.588961 154.052763)

LINESTRING (173.565981 156.393913, 111.250924 109.877807)

LINESTRING (173.565981 156.393913, 109.484541 120.535193)

LINESTRING (173.565981 156.393913, 120.829486 134.505552)

LINESTRING (173.565981 156.393913, 129.224232 104.138479)

LINESTRING (173.565981 156.393913, 171.055932 111.828317)

LINESTRING (173.565981 156.393913, 167.375508 141.205325)

LINESTRING (173.565981 156.393913, 157.798724 151.928602)

LINESTRING (173.565981 156.393913, 123.188294 141.072347)

LINESTRING (173.565981 156.393913, 146.942121 178.674505)

LINESTRING (173.565981 156.393913, 104.887962 125.568668)

LINESTRING (173.565981 156.393913, 179.189970 108.873591)

LINESTRING (173.565981 156.393913, 136.766505 110.332741)

LINESTRING (123.859348 163.000125, 143.162918 114.450475)

LINESTRING (123.859348 163.000125, 121.436489 153.462241)

LINESTRING (123.859348 163.000125, 173.052577 127.512634)

LINESTRING (123.859348 163.000125, 163.852513 130.164133)

LINESTRING (123.859348 163.000125, 115.486692 111.080207)

LINESTRING (123.859348 163.000125, 148.516092 103.514371)

LINESTRING (123.859348 163.000125, 101.326424 152.267864)

LINESTRING (123.859348 163.000125, 113.859600 128.872957)

LINESTRING (123.859348 163.000125, 175.094911 150.675191)

LINESTRING (123.859348 163.000125, 107.697715 105.604673)

LINESTRING (123.859348 163.000125, 122.775073 116.472700)

LINESTRING (123.859348 163.000125, 114.016746 110.982848)

LINESTRING (123.859348 163.000125, 122.037861 133.599090)

LINESTRING (123.859348 163.000125, 109.665399 162.795810)

LINESTRING (123.859348 163.000125, 118.484818 106.177039)

LINESTRING (123.859348 163.000125, 121.629037 131.780895)

LINESTRING (123.859348 163.000125, 129.978354 104.282473)

LINESTRING (123.859348 163.000125, 178.338805 109.711330)

LINESTRING (123.859348 163.000125, 107.415264 145.371754)

LINESTRING (123.859348 163.000125, 120.829486 134.505552)

LINESTRING (123.859348 163.000125, 171.055932 111.828317)

LINESTRING (123.859348 163.000125, 167.375508 141.205325)

LINESTRING (123.859348 163.000125, 157.798724 151.928602)

LINESTRING (123.859348 163.000125, 123.188294 141.072347)

LINESTRING (123.859348 163.000125, 146.942121 178.674505)

LINESTRING (123.859348 163.000125, 104.887962 125.568668)

LINESTRING (123.859348 163.000125, 123.843340 115.604395)

LINESTRING (123.859348 163.000125, 179.189970 108.873591)

LINESTRING (123.859348 163.000125, 136.766505 110.332741)

LINESTRING (163.186375 124.599093, 143.162918 114.450475)

LINESTRING (163.186375 124.599093, 121.436489 153.462241)

LINESTRING (163.186375 124.599093, 173.052577 127.512634)

LINESTRING (163.186375 124.599093, 113.390699 107.710851)

LINESTRING (163.186375 124.599093, 101.326424 152.267864)

LINESTRING (163.186375 124.599093, 113.859600 128.872957)

LINESTRING (163.186375 124.599093, 157.537209 107.227689)

LINESTRING (163.186375 124.599093, 175.094911 150.675191)

LINESTRING (163.186375 124.599093, 114.016746 110.982848)

LINESTRING (163.186375 124.599093, 160.172063 168.561655)

LINESTRING (163.186375 124.599093, 129.675808 113.690128)

LINESTRING (163.186375 124.599093, 129.176313 119.127788)

LINESTRING (163.186375 124.599093, 113.571567 156.085711)

LINESTRING (163.186375 124.599093, 118.484818 106.177039)

LINESTRING (163.186375 124.599093, 121.629037 131.780895)

LINESTRING (163.186375 124.599093, 153.306274 145.105698)

LINESTRING (163.186375 124.599093, 129.978354 104.282473)

LINESTRING (163.186375 124.599093, 145.893475 179.811212)

LINESTRING (163.186375 124.599093, 145.588961 154.052763)

LINESTRING (163.186375 124.599093, 120.829486 134.505552)

LINESTRING (163.186375 124.599093, 129.224232 104.138479)

LINESTRING (163.186375 124.599093, 171.055932 111.828317)

LINESTRING (163.186375 124.599093, 123.188294 141.072347)

LINESTRING (163.186375 124.599093, 146.942121 178.674505)

LINESTRING (163.186375 124.599093, 164.615790 124.189145)

LINESTRING (163.186375 124.599093, 123.843340 115.604395)

LINESTRING (163.186375 124.599093, 179.189970 108.873591)

LINESTRING (143.162918 114.450475, 113.390699 107.710851)

LINESTRING (143.162918 114.450475, 101.326424 152.267864)

LINESTRING (143.162918 114.450475, 122.775073 116.472700)

LINESTRING (143.162918 114.450475, 114.016746 110.982848)

LINESTRING (143.162918 114.450475, 176.574464 118.877478)

LINESTRING (143.162918 114.450475, 160.172063 168.561655)

LINESTRING (143.162918 114.450475, 118.484818 106.177039)

LINESTRING (143.162918 114.450475, 153.306274 145.105698)

LINESTRING (143.162918 114.450475, 129.978354 104.282473)

LINESTRING (143.162918 114.450475, 107.415264 145.371754)

LINESTRING (143.162918 114.450475, 145.893475 179.811212)

LINESTRING (143.162918 114.450475, 111.250924 109.877807)

LINESTRING (143.162918 114.450475, 147.705630 104.286800)

LINESTRING (143.162918 114.450475, 109.484541 120.535193)

LINESTRING (143.162918 114.450475, 129.224232 104.138479)

LINESTRING (143.162918 114.450475, 171.055932 111.828317)

LINESTRING (143.162918 114.450475, 123.188294 141.072347)

LINESTRING (143.162918 114.450475, 146.942121 178.674505)

LINESTRING (143.162918 114.450475, 104.887962 125.568668)

LINESTRING (143.162918 114.450475, 164.615790 124.189145)

LINESTRING (143.162918 114.450475, 179.189970 108.873591)

LINESTRING (121.436489 153.462241, 168.699826 155.340579)

LINESTRING (121.436489 153.462241, 173.052577 127.512634)

LINESTRING (121.436489 153.462241, 115.486692 111.080207)

LINESTRING (121.436489 153.462241, 106.677075 102.523059)

LINESTRING (121.436489 153.462241, 157.537209 107.227689)

LINESTRING (121.436489 153.462241, 175.094911 150.675191)

LINESTRING (121.436489 153.462241, 122.775073 116.472700)

LINESTRING (121.436489 153.462241, 114.016746 110.982848)

LINESTRING (121.436489 153.462241, 176.574464 118.877478)

LINESTRING (121.436489 153.462241, 160.172063 168.561655)

LINESTRING (121.436489 153.462241, 129.176313 119.127788)

LINESTRING (121.436489 153.462241, 113.571567 156.085711)

LINESTRING (121.436489 153.462241, 109.665399 162.795810)

LINESTRING (121.436489 153.462241, 118.484818 106.177039)

LINESTRING (121.436489 153.462241, 153.306274 145.105698)

LINESTRING (121.436489 153.462241, 129.978354 104.282473)

LINESTRING (121.436489 153.462241, 178.338805 109.711330)

LINESTRING (121.436489 153.462241, 107.415264 145.371754)

LINESTRING (121.436489 153.462241, 145.893475 179.811212)

LINESTRING (121.436489 153.462241, 145.588961 154.052763)

LINESTRING (121.436489 153.462241, 111.250924 109.877807)

LINESTRING (121.436489 153.462241, 147.705630 104.286800)

LINESTRING (121.436489 153.462241, 120.829486 134.505552)

LINESTRING (121.436489 153.462241, 129.224232 104.138479)

LINESTRING (121.436489 153.462241, 171.055932 111.828317)

LINESTRING (121.436489 153.462241, 167.375508 141.205325)

LINESTRING (121.436489 153.462241, 157.798724 151.928602)

LINESTRING (121.436489 153.462241, 146.942121 178.674505)

LINESTRING (121.436489 153.462241, 104.887962 125.568668)

LINESTRING (121.436489 153.462241, 164.615790 124.189145)

LINESTRING (121.436489 153.462241, 179.189970 108.873591)

LINESTRING (121.436489 153.462241, 136.766505 110.332741)

LINESTRING (168.699826 155.340579, 173.052577 127.512634)

LINESTRING (168.699826 155.340579, 163.852513 130.164133)

LINESTRING (168.699826 155.340579, 115.486692 111.080207)

LINESTRING (168.699826 155.340579, 106.677075 102.523059)

LINESTRING (168.699826 155.340579, 101.326424 152.267864)

LINESTRING (168.699826 155.340579, 136.915337 128.696938)

LINESTRING (168.699826 155.340579, 157.537209 107.227689)

LINESTRING (168.699826 155.340579, 175.094911 150.675191)

LINESTRING (168.699826 155.340579, 107.697715 105.604673)

LINESTRING (168.699826 155.340579, 122.775073 116.472700)

LINESTRING (168.699826 155.340579, 114.016746 110.982848)

LINESTRING (168.699826 155.340579, 176.574464 118.877478)

LINESTRING (168.699826 155.340579, 113.571567 156.085711)

LINESTRING (168.699826 155.340579, 121.629037 131.780895)

LINESTRING (168.699826 155.340579, 153.306274 145.105698)

LINESTRING (168.699826 155.340579, 129.978354 104.282473)

LINESTRING (168.699826 155.340579, 145.893475 179.811212)

LINESTRING (168.699826 155.340579, 147.705630 104.286800)

LINESTRING (168.699826 155.340579, 120.829486 134.505552)

LINESTRING (168.699826 155.340579, 123.188294 141.072347)

LINESTRING (168.699826 155.340579, 146.942121 178.674505)

LINESTRING (168.699826 155.340579, 104.887962 125.568668)

LINESTRING (168.699826 155.340579, 156.718115 135.893353)

LINESTRING (168.699826 155.340579, 151.606578 151.426810)

LINESTRING (168.699826 155.340579, 164.615790 124.189145)

LINESTRING (168.699826 155.340579, 123.843340 115.604395)

LINESTRING (168.699826 155.340579, 136.766505 110.332741)

LINESTRING (173.052577 127.512634, 106.677075 102.523059)

LINESTRING (173.052577 127.512634, 101.326424 152.267864)

LINESTRING (173.052577 127.512634, 113.859600 128.872957)

LINESTRING (173.052577 127.512634, 175.094911 150.675191)

LINESTRING (173.052577 127.512634, 107.697715 105.604673)

LINESTRING (173.052577 127.512634, 176.574464 118.877478)

LINESTRING (173.052577 127.512634, 129.675808 113.690128)

LINESTRING (173.052577 127.512634, 113.571567 156.085711)

LINESTRING (173.052577 127.512634, 109.665399 162.795810)

LINESTRING (173.052577 127.512634, 153.306274 145.105698)

LINESTRING (173.052577 127.512634, 129.978354 104.282473)

LINESTRING (173.052577 127.512634, 178.338805 109.711330)

LINESTRING (173.052577 127.512634, 145.588961 154.052763)

LINESTRING (173.052577 127.512634, 120.829486 134.505552)

LINESTRING (173.052577 127.512634, 171.055932 111.828317)

LINESTRING (173.052577 127.512634, 167.375508 141.205325)

LINESTRING (173.052577 127.512634, 157.798724 151.928602)

LINESTRING (173.052577 127.512634, 123.188294 141.072347)

LINESTRING (173.052577 127.512634, 146.942121 178.674505)

LINESTRING (173.052577 127.512634, 151.606578 151.426810)

LINESTRING (173.052577 127.512634, 164.615790 124.189145)

LINESTRING (173.052577 127.512634, 179.189970 108.873591)

LINESTRING (173.052577 127.512634, 136.766505 110.332741)

LINESTRING (113.390699 107.710851, 115.486692 111.080207)

LINESTRING (113.390699 107.710851, 148.516092 103.514371)

LINESTRING (113.390699 107.710851, 101.326424 152.267864)

LINESTRING (113.390699 107.710851, 136.915337 128.696938)

LINESTRING (113.390699 107.710851, 113.859600 128.872957)

LINESTRING (113.390699 107.710851, 157.537209 107.227689)

LINESTRING (113.390699 107.710851, 175.094911 150.675191)

LINESTRING (113.390699 107.710851, 107.697715 105.604673)

LINESTRING (113.390699 107.710851, 122.775073 116.472700)

LINESTRING (113.390699 107.710851, 114.016746 110.982848)

LINESTRING (113.390699 107.710851, 176.574464 118.877478)

LINESTRING (113.390699 107.710851, 122.037861 133.599090)

LINESTRING (113.390699 107.710851, 160.172063 168.561655)

LINESTRING (113.390699 107.710851, 129.176313 119.127788)

LINESTRING (113.390699 107.710851, 113.571567 156.085711)

LINESTRING (113.390699 107.710851, 109.665399 162.795810)

LINESTRING (113.390699 107.710851, 153.306274 145.105698)

LINESTRING (113.390699 107.710851, 145.893475 179.811212)

LINESTRING (113.390699 107.710851, 147.705630 104.286800)

LINESTRING (113.390699 107.710851, 109.484541 120.535193)

LINESTRING (113.390699 107.710851, 129.224232 104.138479)

LINESTRING (113.390699 107.710851, 167.375508 141.205325)

LINESTRING (113.390699 107.710851, 123.188294 141.072347)

LINESTRING (113.390699 107.710851, 146.942121 178.674505)

LINESTRING (113.390699 107.710851, 104.887962 125.568668)

LINESTRING (113.390699 107.710851, 156.718115 135.893353)

LINESTRING (113.390699 107.710851, 151.606578 151.426810)

LINESTRING (113.390699 107.710851, 164.615790 124.189145)

LINESTRING (113.390699 107.710851, 123.843340 115.604395)

LINESTRING (113.390699 107.710851, 136.766505 110.332741)

LINESTRING (163.852513 130.164133, 115.486692 111.080207)

LINESTRING (163.852513 130.164133, 113.859600 128.872957)

LINESTRING (163.852513 130.164133, 107.697715 105.604673)

LINESTRING (163.852513 130.164133, 122.775073 116.472700)

LINESTRING (163.852513 130.164133, 176.574464 118.877478)

LINESTRING (163.852513 130.164133, 122.037861 133.599090)

LINESTRING (163.852513 130.164133, 160.172063 168.561655)

LINESTRING (163.852513 130.164133, 129.176313 119.127788)

LINESTRING (163.852513 130.164133, 118.484818 106.177039)

LINESTRING (163.852513 130.164133, 121.629037 131.780895)

LINESTRING (163.852513 130.164133, 178.338805 109.711330)

LINESTRING (163.852513 130.164133, 145.588961 154.052763)

LINESTRING (163.852513 130.164133, 147.705630 104.286800)

LINESTRING (163.852513 130.164133, 109.484541 120.535193)

LINESTRING (163.852513 130.164133, 129.224232 104.138479)

LINESTRING (163.852513 130.164133, 167.375508 141.205325)

LINESTRING (163.852513 130.164133, 146.942121 178.674505)

LINESTRING (163.852513 130.164133, 104.887962 125.568668)

LINESTRING (163.852513 130.164133, 164.615790 124.189145)

LINESTRING (163.852513 130.164133, 123.843340 115.604395)

LINESTRING (163.852513 130.164133, 136.766505 110.332741)

LINESTRING (115.486692 111.080207, 148.516092 103.514371)

LINESTRING (115.486692 111.080207, 101.326424 152.267864)

LINESTRING (115.486692 111.080207, 136.915337 128.696938)

LINESTRING (115.486692 111.080207, 175.094911 150.675191)

LINESTRING (115.486692 111.080207, 107.697715 105.604673)

LINESTRING (115.486692 111.080207, 122.775073 116.472700)

LINESTRING (115.486692 111.080207, 122.037861 133.599090)

LINESTRING (115.486692 111.080207, 160.172063 168.561655)

LINESTRING (115.486692 111.080207, 129.675808 113.690128)

LINESTRING (115.486692 111.080207, 113.571567 156.085711)

LINESTRING (115.486692 111.080207, 118.484818 106.177039)

LINESTRING (115.486692 111.080207, 129.978354 104.282473)

LINESTRING (115.486692 111.080207, 145.893475 179.811212)

LINESTRING (115.486692 111.080207, 111.250924 109.877807)

LINESTRING (115.486692 111.080207, 120.829486 134.505552)

LINESTRING (115.486692 111.080207, 129.224232 104.138479)

LINESTRING (115.486692 111.080207, 157.798724 151.928602)

LINESTRING (115.486692 111.080207, 123.188294 141.072347)

LINESTRING (115.486692 111.080207, 104.887962 125.568668)

LINESTRING (115.486692 111.080207, 156.718115 135.893353)

LINESTRING (115.486692 111.080207, 151.606578 151.426810)

LINESTRING (115.486692 111.080207, 164.615790 124.189145)

LINESTRING (115.486692 111.080207, 179.189970 108.873591)

LINESTRING (115.486692 111.080207, 136.766505 110.332741)

LINESTRING (148.516092 103.514371, 101.326424 152.267864)

LINESTRING (148.516092 103.514371, 136.915337 128.696938)

LINESTRING (148.516092 103.514371, 113.859600 128.872957)

LINESTRING (148.516092 103.514371, 175.094911 150.675191)

LINESTRING (148.516092 103.514371, 107.697715 105.604673)

LINESTRING (148.516092 103.514371, 122.775073 116.472700)

LINESTRING (148.516092 103.514371, 114.016746 110.982848)

LINESTRING (148.516092 103.514371, 176.574464 118.877478)

LINESTRING (148.516092 103.514371, 122.037861 133.599090)

LINESTRING (148.516092 103.514371, 160.172063 168.561655)

LINESTRING (148.516092 103.514371, 129.176313 119.127788)

LINESTRING (148.516092 103.514371, 113.571567 156.085711)

LINESTRING (148.516092 103.514371, 109.665399 162.795810)

LINESTRING (148.516092 103.514371, 121.629037 131.780895)

LINESTRING (148.516092 103.514371, 153.306274 145.105698)

LINESTRING (148.516092 103.514371, 129.978354 104.282473)

LINESTRING (148.516092 103.514371, 178.338805 109.711330)

LINESTRING (148.516092 103.514371, 145.588961 154.052763)

LINESTRING (148.516092 103.514371, 147.705630 104.286800)

LINESTRING (148.516092 103.514371, 120.829486 134.505552)

LINESTRING (148.516092 103.514371, 171.055932 111.828317)

LINESTRING (148.516092 103.514371, 167.375508 141.205325)

LINESTRING (148.516092 103.514371, 104.887962 125.568668)

LINESTRING (148.516092 103.514371, 156.718115 135.893353)

LINESTRING (148.516092 103.514371, 151.606578 151.426810)

LINESTRING (148.516092 103.514371, 136.766505 110.332741)

LINESTRING (106.677075 102.523059, 101.326424 152.267864)

LINESTRING (106.677075 102.523059, 136.915337 128.696938)

LINESTRING (106.677075 102.523059, 113.859600 128.872957)

LINESTRING (106.677075 102.523059, 157.537209 107.227689)

LINESTRING (106.677075 102.523059, 176.574464 118.877478)

LINESTRING (106.677075 102.523059, 113.571567 156.085711)

LINESTRING (106.677075 102.523059, 121.629037 131.780895)

LINESTRING (106.677075 102.523059, 129.978354 104.282473)

LINESTRING (106.677075 102.523059, 178.338805 109.711330)

LINESTRING (106.677075 102.523059, 107.415264 145.371754)

LINESTRING (106.677075 102.523059, 129.224232 104.138479)

LINESTRING (106.677075 102.523059, 171.055932 111.828317)

LINESTRING (106.677075 102.523059, 167.375508 141.205325)

LINESTRING (106.677075 102.523059, 157.798724 151.928602)

LINESTRING (106.677075 102.523059, 123.188294 141.072347)

LINESTRING (106.677075 102.523059, 146.942121 178.674505)

LINESTRING (106.677075 102.523059, 151.606578 151.426810)

LINESTRING (106.677075 102.523059, 123.843340 115.604395)

LINESTRING (106.677075 102.523059, 179.189970 108.873591)

LINESTRING (106.677075 102.523059, 136.766505 110.332741)

LINESTRING (101.326424 152.267864, 136.915337 128.696938)

LINESTRING (101.326424 152.267864, 113.859600 128.872957)

LINESTRING (101.326424 152.267864, 175.094911 150.675191)

LINESTRING (101.326424 152.267864, 114.016746 110.982848)

LINESTRING (101.326424 152.267864, 176.574464 118.877478)

LINESTRING (101.326424 152.267864, 122.037861 133.599090)

LINESTRING (101.326424 152.267864, 129.675808 113.690128)

LINESTRING (101.326424 152.267864, 129.176313 119.127788)

LINESTRING (101.326424 152.267864, 113.571567 156.085711)

LINESTRING (101.326424 152.267864, 118.484818 106.177039)

LINESTRING (101.326424 152.267864, 121.629037 131.780895)

LINESTRING (101.326424 152.267864, 153.306274 145.105698)

LINESTRING (101.326424 152.267864, 129.978354 104.282473)

LINESTRING (101.326424 152.267864, 178.338805 109.711330)

LINESTRING (101.326424 152.267864, 107.415264 145.371754)

LINESTRING (101.326424 152.267864, 147.705630 104.286800)

LINESTRING (101.326424 152.267864, 109.484541 120.535193)

LINESTRING (101.326424 152.267864, 129.224232 104.138479)

LINESTRING (101.326424 152.267864, 171.055932 111.828317)

LINESTRING (101.326424 152.267864, 167.375508 141.205325)

LINESTRING (101.326424 152.267864, 157.798724 151.928602)

LINESTRING (101.326424 152.267864, 123.188294 141.072347)

LINESTRING (101.326424 152.267864, 146.942121 178.674505)

LINESTRING (101.326424 152.267864, 104.887962 125.568668)

LINESTRING (101.326424 152.267864, 156.718115 135.893353)

LINESTRING (101.326424 152.267864, 151.606578 151.426810)

LINESTRING (101.326424 152.267864, 123.843340 115.604395)

LINESTRING (101.326424 152.267864, 136.766505 110.332741)

LINESTRING (136.915337 128.696938, 114.016746 110.982848)

LINESTRING (136.915337 128.696938, 122.037861 133.599090)

LINESTRING (136.915337 128.696938, 160.172063 168.561655)

LINESTRING (136.915337 128.696938, 129.675808 113.690128)

LINESTRING (136.915337 128.696938, 113.571567 156.085711)

LINESTRING (136.915337 128.696938, 118.484818 106.177039)

LINESTRING (136.915337 128.696938, 129.978354 104.282473)

LINESTRING (136.915337 128.696938, 178.338805 109.711330)

LINESTRING (136.915337 128.696938, 107.415264 145.371754)

LINESTRING (136.915337 128.696938, 145.588961 154.052763)

LINESTRING (136.915337 128.696938, 129.224232 104.138479)

LINESTRING (136.915337 128.696938, 171.055932 111.828317)

LINESTRING (136.915337 128.696938, 167.375508 141.205325)

LINESTRING (136.915337 128.696938, 157.798724 151.928602)

LINESTRING (136.915337 128.696938, 123.188294 141.072347)

LINESTRING (136.915337 128.696938, 146.942121 178.674505)

LINESTRING (136.915337 128.696938, 104.887962 125.568668)

LINESTRING (136.915337 128.696938, 156.718115 135.893353)

LINESTRING (136.915337 128.696938, 164.615790 124.189145)

LINESTRING (136.915337 128.696938, 123.843340 115.604395)

LINESTRING (136.915337 128.696938, 136.766505 110.332741)

LINESTRING (113.859600 128.872957, 157.537209 107.227689)

LINESTRING (113.859600 128.872957, 175.094911 150.675191)

LINESTRING (113.859600 128.872957, 107.697715 105.604673)

LINESTRING (113.859600 128.872957, 176.574464 118.877478)

LINESTRING (113.859600 128.872957, 122.037861 133.599090)

LINESTRING (113.859600 128.872957, 160.172063 168.561655)

LINESTRING (113.859600 128.872957, 129.176313 119.127788)

LINESTRING (113.859600 128.872957, 109.665399 162.795810)

LINESTRING (113.859600 128.872957, 118.484818 106.177039)

LINESTRING (113.859600 128.872957, 121.629037 131.780895)

LINESTRING (113.859600 128.872957, 153.306274 145.105698)

LINESTRING (113.859600 128.872957, 129.978354 104.282473)

LINESTRING (113.859600 128.872957, 178.338805 109.711330)

LINESTRING (113.859600 128.872957, 145.893475 179.811212)

LINESTRING (113.859600 128.872957, 145.588961 154.052763)

LINESTRING (113.859600 128.872957, 120.829486 134.505552)

LINESTRING (113.859600 128.872957, 129.224232 104.138479)

LINESTRING (113.859600 128.872957, 171.055932 111.828317)

LINESTRING (113.859600 128.872957, 167.375508 141.205325)

LINESTRING (113.859600 128.872957, 157.798724 151.928602)

LINESTRING (113.859600 128.872957, 123.188294 141.072347)

LINESTRING (113.859600 128.872957, 146.942121 178.674505)

LINESTRING (113.859600 128.872957, 104.887962 125.568668)

LINESTRING (113.859600 128.872957, 156.718115 135.893353)

LINESTRING (113.859600 128.872957, 151.606578 151.426810)

LINESTRING (113.859600 128.872957, 164.615790 124.189145)

LINESTRING (113.859600 128.872957, 123.843340 115.604395)

LINESTRING (157.537209 107.227689, 107.697715 105.604673)

LINESTRING (157.537209 107.227689, 122.037861 133.599090)

LINESTRING (157.537209 107.227689, 160.172063 168.561655)

LINESTRING (157.537209 107.227689, 129.176313 119.127788)

LINESTRING (157.537209 107.227689, 118.484818 106.177039)

LINESTRING (157.537209 107.227689, 129.978354 104.282473)

LINESTRING (157.537209 107.227689, 178.338805 109.711330)

LINESTRING (157.537209 107.227689, 145.893475 179.811212)

LINESTRING (157.537209 107.227689, 111.250924 109.877807)

LINESTRING (157.537209 107.227689, 147.705630 104.286800)

LINESTRING (157.537209 107.227689, 109.484541 120.535193)

LINESTRING (157.537209 107.227689, 129.224232 104.138479)

LINESTRING (157.537209 107.227689, 171.055932 111.828317)

LINESTRING (157.537209 107.227689, 167.375508 141.205325)

LINESTRING (157.537209 107.227689, 157.798724 151.928602)

LINESTRING (157.537209 107.227689, 123.188294 141.072347)

LINESTRING (157.537209 107.227689, 146.942121 178.674505)

LINESTRING (157.537209 107.227689, 104.887962 125.568668)

LINESTRING (157.537209 107.227689, 156.718115 135.893353)

LINESTRING (157.537209 107.227689, 151.606578 151.426810)

LINESTRING (157.537209 107.227689, 123.843340 115.604395)

LINESTRING (157.537209 107.227689, 136.766505 110.332741)

LINESTRING (175.094911 150.675191, 107.697715 105.604673)

LINESTRING (175.094911 150.675191, 122.775073 116.472700)

LINESTRING (175.094911 150.675191, 176.574464 118.877478)

LINESTRING (175.094911 150.675191, 129.675808 113.690128)

LINESTRING (175.094911 150.675191, 129.176313 119.127788)

LINESTRING (175.094911 150.675191, 109.665399 162.795810)

LINESTRING (175.094911 150.675191, 121.629037 131.780895)

LINESTRING (175.094911 150.675191, 129.978354 104.282473)

LINESTRING (175.094911 150.675191, 145.893475 179.811212)

LINESTRING (175.094911 150.675191, 111.250924 109.877807)

LINESTRING (175.094911 150.675191, 109.484541 120.535193)

LINESTRING (175.094911 150.675191, 120.829486 134.505552)

LINESTRING (175.094911 150.675191, 129.224232 104.138479)

LINESTRING (175.094911 150.675191, 171.055932 111.828317)

LINESTRING (175.094911 150.675191, 157.798724 151.928602)

LINESTRING (175.094911 150.675191, 123.188294 141.072347)

LINESTRING (175.094911 150.675191, 156.718115 135.893353)

LINESTRING (175.094911 150.675191, 164.615790 124.189145)

LINESTRING (175.094911 150.675191, 123.843340 115.604395)

LINESTRING (107.697715 105.604673, 122.775073 116.472700)

LINESTRING (107.697715 105.604673, 114.016746 110.982848)

LINESTRING (107.697715 105.604673, 176.574464 118.877478)

LINESTRING (107.697715 105.604673, 160.172063 168.561655)

LINESTRING (107.697715 105.604673, 129.675808 113.690128)

LINESTRING (107.697715 105.604673, 129.176313 119.127788)

LINESTRING (107.697715 105.604673, 113.571567 156.085711)

LINESTRING (107.697715 105.604673, 121.629037 131.780895)

LINESTRING (107.697715 105.604673, 153.306274 145.105698)

LINESTRING (107.697715 105.604673, 129.978354 104.282473)

LINESTRING (107.697715 105.604673, 178.338805 109.711330)

LINESTRING (107.697715 105.604673, 109.484541 120.535193)

LINESTRING (107.697715 105.604673, 120.829486 134.505552)

LINESTRING (107.697715 105.604673, 129.224232 104.138479)

LINESTRING (107.697715 105.604673, 171.055932 111.828317)

LINESTRING (107.697715 105.604673, 167.375508 141.205325)

LINESTRING (107.697715 105.604673, 157.798724 151.928602)

LINESTRING (107.697715 105.604673, 104.887962 125.568668)

LINESTRING (107.697715 105.604673, 156.718115 135.893353)

LINESTRING (107.697715 105.604673, 164.615790 124.189145)

LINESTRING (107.697715 105.604673, 123.843340 115.604395)

LINESTRING (107.697715 105.604673, 179.189970 108.873591)

LINESTRING (122.775073 116.472700, 176.574464 118.877478)

LINESTRING (122.775073 116.472700, 122.037861 133.599090)

LINESTRING (122.775073 116.472700, 160.172063 168.561655)

LINESTRING (122.775073 116.472700, 113.571567 156.085711)

LINESTRING (122.775073 116.472700, 109.665399 162.795810)

LINESTRING (122.775073 116.472700, 121.629037 131.780895)

LINESTRING (122.775073 116.472700, 153.306274 145.105698)

LINESTRING (122.775073 116.472700, 129.978354 104.282473)

LINESTRING (122.775073 116.472700, 178.338805 109.711330)

LINESTRING (122.775073 116.472700, 107.415264 145.371754)

LINESTRING (122.775073 116.472700, 145.893475 179.811212)

LINESTRING (122.775073 116.472700, 120.829486 134.505552)

LINESTRING (122.775073 116.472700, 129.224232 104.138479)

LINESTRING (122.775073 116.472700, 171.055932 111.828317)

LINESTRING (122.775073 116.472700, 167.375508 141.205325)

LINESTRING (122.775073 116.472700, 157.798724 151.928602)

LINESTRING (122.775073 116.472700, 123.188294 141.072347)

LINESTRING (122.775073 116.472700, 156.718115 135.893353)

LINESTRING (122.775073 116.472700, 151.606578 151.426810)

LINESTRING (122.775073 116.472700, 123.843340 115.604395)

LINESTRING (122.775073 116.472700, 179.189970 108.873591)

LINESTRING (114.016746 110.982848, 176.574464 118.877478)

LINESTRING (114.016746 110.982848, 122.037861 133.599090)

LINESTRING (114.016746 110.982848, 160.172063 168.561655)

LINESTRING (114.016746 110.982848, 129.176313 119.127788)

LINESTRING (114.016746 110.982848, 113.571567 156.085711)

LINESTRING (114.016746 110.982848, 118.484818 106.177039)

LINESTRING (114.016746 110.982848, 121.629037 131.780895)

LINESTRING (114.016746 110.982848, 129.978354 104.282473)

LINESTRING (114.016746 110.982848, 178.338805 109.711330)

LINESTRING (114.016746 110.982848, 107.415264 145.371754)

LINESTRING (114.016746 110.982848, 145.893475 179.811212)

LINESTRING (114.016746 110.982848, 145.588961 154.052763)

LINESTRING (114.016746 110.982848, 111.250924 109.877807)

LINESTRING (114.016746 110.982848, 147.705630 104.286800)

LINESTRING (114.016746 110.982848, 109.484541 120.535193)

LINESTRING (114.016746 110.982848, 120.829486 134.505552)

LINESTRING (114.016746 110.982848, 167.375508 141.205325)

LINESTRING (114.016746 110.982848, 123.188294 141.072347)

LINESTRING (114.016746 110.982848, 151.606578 151.426810)

LINESTRING (114.016746 110.982848, 164.615790 124.189145)

LINESTRING (114.016746 110.982848, 123.843340 115.604395)

LINESTRING (114.016746 110.982848, 179.189970 108.873591)

LINESTRING (114.016746 110.982848, 136.766505 110.332741)

LINESTRING (176.574464 118.877478, 122.037861 133.599090)

LINESTRING (176.574464 118.877478, 160.172063 168.561655)

LINESTRING (176.574464 118.877478, 129.675808 113.690128)

LINESTRING (176.574464 118.877478, 129.176313 119.127788)

LINESTRING (176.574464 118.877478, 113.571567 156.085711)

LINESTRING (176.574464 118.877478, 109.665399 162.795810)

LINESTRING (176.574464 118.877478, 118.484818 106.177039)

LINESTRING (176.574464 118.877478, 153.306274 145.105698)

LINESTRING (176.574464 118.877478, 178.338805 109.711330)

LINESTRING (176.574464 118.877478, 145.893475 179.811212)

LINESTRING (176.574464 118.877478, 147.705630 104.286800)

LINESTRING (176.574464 118.877478, 120.829486 134.505552)

LINESTRING (176.574464 118.877478, 129.224232 104.138479)

LINESTRING (176.574464 118.877478, 171.055932 111.828317)

LINESTRING (176.574464 118.877478, 157.798724 151.928602)

LINESTRING (176.574464 118.877478, 123.188294 141.072347)

LINESTRING (176.574464 118.877478, 146.942121 178.674505)

LINESTRING (176.574464 118.877478, 156.718115 135.893353)

LINESTRING (176.574464 118.877478, 151.606578 151.426810)

LINESTRING (176.574464 118.877478, 136.766505 110.332741)

LINESTRING (122.037861 133.599090, 109.665399 162.795810)

LINESTRING (122.037861 133.599090, 118.484818 106.177039)

LINESTRING (122.037861 133.599090, 121.629037 131.780895)

LINESTRING (122.037861 133.599090, 178.338805 109.711330)

LINESTRING (122.037861 133.599090, 107.415264 145.371754)

LINESTRING (122.037861 133.599090, 145.588961 154.052763)

LINESTRING (122.037861 133.599090, 111.250924 109.877807)

LINESTRING (122.037861 133.599090, 147.705630 104.286800)

LINESTRING (122.037861 133.599090, 109.484541 120.535193)

LINESTRING (122.037861 133.599090, 129.224232 104.138479)

LINESTRING (122.037861 133.599090, 171.055932 111.828317)

LINESTRING (122.037861 133.599090, 146.942121 178.674505)

LINESTRING (122.037861 133.599090, 156.718115 135.893353)

LINESTRING (122.037861 133.599090, 151.606578 151.426810)

LINESTRING (122.037861 133.599090, 164.615790 124.189145)

LINESTRING (122.037861 133.599090, 123.843340 115.604395)

LINESTRING (122.037861 133.599090, 179.189970 108.873591)

LINESTRING (122.037861 133.599090, 136.766505 110.332741)

LINESTRING (160.172063 168.561655, 129.176313 119.127788)

LINESTRING (160.172063 168.561655, 113.571567 156.085711)

LINESTRING (160.172063 168.561655, 109.665399 162.795810)

LINESTRING (160.172063 168.561655, 118.484818 106.177039)

LINESTRING (160.172063 168.561655, 153.306274 145.105698)

LINESTRING (160.172063 168.561655, 129.978354 104.282473)

LINESTRING (160.172063 168.561655, 178.338805 109.711330)

LINESTRING (160.172063 168.561655, 107.415264 145.371754)

LINESTRING (160.172063 168.561655, 145.588961 154.052763)

LINESTRING (160.172063 168.561655, 147.705630 104.286800)

LINESTRING (160.172063 168.561655, 129.224232 104.138479)

LINESTRING (160.172063 168.561655, 171.055932 111.828317)

LINESTRING (160.172063 168.561655, 157.798724 151.928602)

LINESTRING (160.172063 168.561655, 146.942121 178.674505)

LINESTRING (160.172063 168.561655, 151.606578 151.426810)

LINESTRING (160.172063 168.561655, 164.615790 124.189145)

LINESTRING (160.172063 168.561655, 179.189970 108.873591)

LINESTRING (160.172063 168.561655, 136.766505 110.332741)

LINESTRING (129.675808 113.690128, 109.665399 162.795810)

LINESTRING (129.675808 113.690128, 118.484818 106.177039)

LINESTRING (129.675808 113.690128, 153.306274 145.105698)

LINESTRING (129.675808 113.690128, 107.415264 145.371754)

LINESTRING (129.675808 113.690128, 145.893475 179.811212)

LINESTRING (129.675808 113.690128, 111.250924 109.877807)

LINESTRING (129.675808 113.690128, 147.705630 104.286800)

LINESTRING (129.675808 113.690128, 120.829486 134.505552)

LINESTRING (129.675808 113.690128, 171.055932 111.828317)

LINESTRING (129.675808 113.690128, 167.375508 141.205325)

LINESTRING (129.675808 113.690128, 157.798724 151.928602)

LINESTRING (129.675808 113.690128, 146.942121 178.674505)

LINESTRING (129.675808 113.690128, 104.887962 125.568668)

LINESTRING (129.675808 113.690128, 136.766505 110.332741)

LINESTRING (129.176313 119.127788, 118.484818 106.177039)

LINESTRING (129.176313 119.127788, 153.306274 145.105698)

LINESTRING (129.176313 119.127788, 107.415264 145.371754)

LINESTRING (129.176313 119.127788, 145.588961 154.052763)

LINESTRING (129.176313 119.127788, 111.250924 109.877807)

LINESTRING (129.176313 119.127788, 147.705630 104.286800)

LINESTRING (129.176313 119.127788, 109.484541 120.535193)

LINESTRING (129.176313 119.127788, 120.829486 134.505552)

LINESTRING (129.176313 119.127788, 129.224232 104.138479)

LINESTRING (129.176313 119.127788, 171.055932 111.828317)

LINESTRING (129.176313 119.127788, 167.375508 141.205325)

LINESTRING (129.176313 119.127788, 157.798724 151.928602)

LINESTRING (129.176313 119.127788, 123.188294 141.072347)

LINESTRING (129.176313 119.127788, 164.615790 124.189145)

LINESTRING (129.176313 119.127788, 136.766505 110.332741)

LINESTRING (113.571567 156.085711, 118.484818 106.177039)

LINESTRING (113.571567 156.085711, 129.978354 104.282473)

LINESTRING (113.571567 156.085711, 178.338805 109.711330)

LINESTRING (113.571567 156.085711, 145.893475 179.811212)

LINESTRING (113.571567 156.085711, 145.588961 154.052763)

LINESTRING (113.571567 156.085711, 111.250924 109.877807)

LINESTRING (113.571567 156.085711, 147.705630 104.286800)

LINESTRING (113.571567 156.085711, 109.484541 120.535193)

LINESTRING (113.571567 156.085711, 120.829486 134.505552)

LINESTRING (113.571567 156.085711, 167.375508 141.205325)

LINESTRING (113.571567 156.085711, 151.606578 151.426810)

LINESTRING (113.571567 156.085711, 123.843340 115.604395)

LINESTRING (113.571567 156.085711, 136.766505 110.332741)

LINESTRING (109.665399 162.795810, 118.484818 106.177039)

LINESTRING (109.665399 162.795810, 153.306274 145.105698)

LINESTRING (109.665399 162.795810, 129.978354 104.282473)

LINESTRING (109.665399 162.795810, 145.893475 179.811212)

LINESTRING (109.665399 162.795810, 145.588961 154.052763)

LINESTRING (109.665399 162.795810, 111.250924 109.877807)

LINESTRING (109.665399 162.795810, 147.705630 104.286800)

LINESTRING (109.665399 162.795810, 120.829486 134.505552)

LINESTRING (109.665399 162.795810, 123.188294 141.072347)

LINESTRING (109.665399 162.795810, 104.887962 125.568668)

LINESTRING (109.665399 162.795810, 151.606578 151.426810)

LINESTRING (109.665399 162.795810, 164.615790 124.189145)

LINESTRING (109.665399 162.795810, 123.843340 115.604395)

LINESTRING (109.665399 162.795810, 179.189970 108.873591)

LINESTRING (118.484818 106.177039, 153.306274 145.105698)

LINESTRING (118.484818 106.177039, 129.978354 104.282473)

LINESTRING (118.484818 106.177039, 178.338805 109.711330)

LINESTRING (118.484818 106.177039, 107.415264 145.371754)

LINESTRING (118.484818 106.177039, 145.588961 154.052763)

LINESTRING (118.484818 106.177039, 171.055932 111.828317)

LINESTRING (118.484818 106.177039, 167.375508 141.205325)

LINESTRING (118.484818 106.177039, 157.798724 151.928602)

LINESTRING (118.484818 106.177039, 123.188294 141.072347)

LINESTRING (118.484818 106.177039, 151.606578 151.426810)

LINESTRING (118.484818 106.177039, 164.615790 124.189145)

LINESTRING (118.484818 106.177039, 179.189970 108.873591)

LINESTRING (118.484818 106.177039, 136.766505 110.332741)

LINESTRING (121.629037 131.780895, 129.978354 104.282473)

LINESTRING (121.629037 131.780895, 178.338805 109.711330)

LINESTRING (121.629037 131.780895, 145.893475 179.811212)

LINESTRING (121.629037 131.780895, 145.588961 154.052763)

LINESTRING (121.629037 131.780895, 111.250924 109.877807)

LINESTRING (121.629037 131.780895, 147.705630 104.286800)

LINESTRING (121.629037 131.780895, 129.224232 104.138479)

LINESTRING (121.629037 131.780895, 157.798724 151.928602)

LINESTRING (121.629037 131.780895, 146.942121 178.674505)

LINESTRING (121.629037 131.780895, 104.887962 125.568668)

LINESTRING (121.629037 131.780895, 151.606578 151.426810)

LINESTRING (121.629037 131.780895, 164.615790 124.189145)

LINESTRING (153.306274 145.105698, 129.978354 104.282473)

LINESTRING (153.306274 145.105698, 178.338805 109.711330)

LINESTRING (153.306274 145.105698, 145.893475 179.811212)

LINESTRING (153.306274 145.105698, 145.588961 154.052763)

LINESTRING (153.306274 145.105698, 111.250924 109.877807)

LINESTRING (153.306274 145.105698, 147.705630 104.286800)

LINESTRING (153.306274 145.105698, 109.484541 120.535193)

LINESTRING (153.306274 145.105698, 129.224232 104.138479)

LINESTRING (153.306274 145.105698, 167.375508 141.205325)

LINESTRING (153.306274 145.105698, 151.606578 151.426810)

LINESTRING (153.306274 145.105698, 164.615790 124.189145)

LINESTRING (153.306274 145.105698, 179.189970 108.873591)

LINESTRING (153.306274 145.105698, 136.766505 110.332741)

LINESTRING (129.978354 104.282473, 178.338805 109.711330)

LINESTRING (129.978354 104.282473, 145.893475 179.811212)

LINESTRING (129.978354 104.282473, 145.588961 154.052763)

LINESTRING (129.978354 104.282473, 111.250924 109.877807)

LINESTRING (129.978354 104.282473, 147.705630 104.286800)

LINESTRING (129.978354 104.282473, 109.484541 120.535193)

LINESTRING (129.978354 104.282473, 167.375508 141.205325)

LINESTRING (129.978354 104.282473, 123.188294 141.072347)

LINESTRING (129.978354 104.282473, 146.942121 178.674505)

LINESTRING (129.978354 104.282473, 104.887962 125.568668)

LINESTRING (129.978354 104.282473, 156.718115 135.893353)

LINESTRING (129.978354 104.282473, 151.606578 151.426810)

LINESTRING (129.978354 104.282473, 164.615790 124.189145)

LINESTRING (129.978354 104.282473, 123.843340 115.604395)

LINESTRING (129.978354 104.282473, 179.189970 108.873591)

LINESTRING (129.978354 104.282473, 136.766505 110.332741)

LINESTRING (178.338805 109.711330, 107.415264 145.371754)

LINESTRING (178.338805 109.711330, 147.705630 104.286800)

LINESTRING (178.338805 109.711330, 109.484541 120.535193)

LINESTRING (178.338805 109.711330, 120.829486 134.505552)

LINESTRING (178.338805 109.711330, 171.055932 111.828317)

LINESTRING (178.338805 109.711330, 157.798724 151.928602)

LINESTRING (178.338805 109.711330, 156.718115 135.893353)

LINESTRING (178.338805 109.711330, 151.606578 151.426810)

LINESTRING (178.338805 109.711330, 164.615790 124.189145)

LINESTRING (178.338805 109.711330, 123.843340 115.604395)

LINESTRING (178.338805 109.711330, 179.189970 108.873591)

LINESTRING (178.338805 109.711330, 136.766505 110.332741)

LINESTRING (107.415264 145.371754, 145.588961 154.052763)

LINESTRING (107.415264 145.371754, 111.250924 109.877807)

LINESTRING (107.415264 145.371754, 109.484541 120.535193)

LINESTRING (107.415264 145.371754, 120.829486 134.505552)

LINESTRING (107.415264 145.371754, 171.055932 111.828317)

LINESTRING (107.415264 145.371754, 167.375508 141.205325)

LINESTRING (107.415264 145.371754, 157.798724 151.928602)

LINESTRING (107.415264 145.371754, 123.188294 141.072347)

LINESTRING (107.415264 145.371754, 156.718115 135.893353)

LINESTRING (107.415264 145.371754, 151.606578 151.426810)

LINESTRING (107.415264 145.371754, 164.615790 124.189145)

LINESTRING (107.415264 145.371754, 179.189970 108.873591)

LINESTRING (145.893475 179.811212, 145.588961 154.052763)

LINESTRING (145.893475 179.811212, 147.705630 104.286800)

LINESTRING (145.893475 179.811212, 109.484541 120.535193)

LINESTRING (145.893475 179.811212, 129.224232 104.138479)

LINESTRING (145.893475 179.811212, 167.375508 141.205325)

LINESTRING (145.893475 179.811212, 157.798724 151.928602)

LINESTRING (145.893475 179.811212, 146.942121 178.674505)

LINESTRING (145.893475 179.811212, 156.718115 135.893353)

LINESTRING (145.893475 179.811212, 136.766505 110.332741)

LINESTRING (145.588961 154.052763, 111.250924 109.877807)

LINESTRING (145.588961 154.052763, 109.484541 120.535193)

LINESTRING (145.588961 154.052763, 120.829486 134.505552)

LINESTRING (145.588961 154.052763, 157.798724 151.928602)

LINESTRING (145.588961 154.052763, 123.188294 141.072347)

LINESTRING (145.588961 154.052763, 146.942121 178.674505)

LINESTRING (145.588961 154.052763, 104.887962 125.568668)

LINESTRING (145.588961 154.052763, 156.718115 135.893353)

LINESTRING (145.588961 154.052763, 179.189970 108.873591)

LINESTRING (145.588961 154.052763, 136.766505 110.332741)

LINESTRING (111.250924 109.877807, 109.484541 120.535193)

LINESTRING (111.250924 109.877807, 120.829486 134.505552)

LINESTRING (111.250924 109.877807, 129.224232 104.138479)

LINESTRING (111.250924 109.877807, 171.055932 111.828317)

LINESTRING (111.250924 109.877807, 157.798724 151.928602)

LINESTRING (111.250924 109.877807, 146.942121 178.674505)

LINESTRING (111.250924 109.877807, 104.887962 125.568668)

LINESTRING (111.250924 109.877807, 156.718115 135.893353)

LINESTRING (111.250924 109.877807, 164.615790 124.189145)

LINESTRING (111.250924 109.877807, 123.843340 115.604395)

LINESTRING (111.250924 109.877807, 179.189970 108.873591)

LINESTRING (147.705630 104.286800, 167.375508 141.205325)

LINESTRING (147.705630 104.286800, 157.798724 151.928602)

LINESTRING (147.705630 104.286800, 146.942121 178.674505)

LINESTRING (147.705630 104.286800, 151.606578 151.426810)

LINESTRING (147.705630 104.286800, 164.615790 124.189145)

LINESTRING (147.705630 104.286800, 123.843340 115.604395)

LINESTRING (147.705630 104.286800, 179.189970 108.873591)

LINESTRING (147.705630 104.286800, 136.766505 110.332741)

LINESTRING (109.484541 120.535193, 120.829486 134.505552)

LINESTRING (109.484541 120.535193, 129.224232 104.138479)

LINESTRING (109.484541 120.535193, 123.188294 141.072347)

LINESTRING (109.484541 120.535193, 146.942121 178.674505)

LINESTRING (109.484541 120.535193, 104.887962 125.568668)

LINESTRING (120.829486 134.505552, 129.224232 104.138479)

LINESTRING (120.829486 134.505552, 171.055932 111.828317)

LINESTRING (120.829486 134.505552, 167.375508 141.205325)

LINESTRING (120.829486 134.505552, 146.942121 178.674505)

LINESTRING (120.829486 134.505552, 156.718115 135.893353)

LINESTRING (120.829486 134.505552, 164.615790 124.189145)

LINESTRING (120.829486 134.505552, 123.843340 115.604395)

LINESTRING (120.829486 134.505552, 179.189970 108.873591)

LINESTRING (120.829486 134.505552, 136.766505 110.332741)

LINESTRING (129.224232 104.138479, 171.055932 111.828317)

LINESTRING (129.224232 104.138479, 146.942121 178.674505)

LINESTRING (129.224232 104.138479, 104.887962 125.568668)

LINESTRING (129.224232 104.138479, 151.606578 151.426810)

LINESTRING (129.224232 104.138479, 179.189970 108.873591)

LINESTRING (171.055932 111.828317, 167.375508 141.205325)

LINESTRING (171.055932 111.828317, 123.188294 141.072347)

LINESTRING (171.055932 111.828317, 146.942121 178.674505)

LINESTRING (171.055932 111.828317, 104.887962 125.568668)

LINESTRING (171.055932 111.828317, 151.606578 151.426810)

LINESTRING (171.055932 111.828317, 123.843340 115.604395)

LINESTRING (171.055932 111.828317, 179.189970 108.873591)

LINESTRING (171.055932 111.828317, 136.766505 110.332741)

LINESTRING (167.375508 141.205325, 146.942121 178.674505)

LINESTRING (167.375508 141.205325, 156.718115 135.893353)

LINESTRING (167.375508 141.205325, 164.615790 124.189145)

LINESTRING (167.375508 141.205325, 123.843340 115.604395)

LINESTRING (167.375508 141.205325, 136.766505 110.332741)

LINESTRING (157.798724 151.928602, 156.718115 135.893353)

LINESTRING (157.798724 151.928602, 151.606578 151.426810)

LINESTRING (157.798724 151.928602, 164.615790 124.189145)

LINESTRING (157.798724 151.928602, 123.843340 115.604395)

LINESTRING (157.798724 151.928602, 179.189970 108.873591)

LINESTRING (157.798724 151.928602, 136.766505 110.332741)

LINESTRING (123.188294 141.072347, 146.942121 178.674505)

LINESTRING (123.188294 141.072347, 104.887962 125.568668)

LINESTRING (123.188294 141.072347, 151.606578 151.426810)

LINESTRING (123.188294 141.072347, 179.189970 108.873591)

LINESTRING (123.188294 141.072347, 136.766505 110.332741)

LINESTRING (146.942121 178.674505, 156.718115 135.893353)

LINESTRING (146.942121 178.674505, 151.606578 151.426810)

LINESTRING (146.942121 178.674505, 164.615790 124.189145)

LINESTRING (146.942121 178.674505, 123.843340 115.604395)

LINESTRING (146.942121 178.674505, 136.766505 110.332741)

LINESTRING (104.887962 125.568668, 164.615790 124.189145)

LINESTRING (104.887962 125.568668, 179.189970 108.873591)

LINESTRING (156.718115 135.893353, 151.606578 151.426810)

LINESTRING (156.718115 135.893353, 164.615790 124.189145)

LINESTRING (156.718115 135.893353, 136.766505 110.332741)

LINESTRING (151.606578 151.426810, 164.615790 124.189145)

LINESTRING (151.606578 151.426810, 179.189970 108.873591)

LINESTRING (164.615790 124.189145, 136.766505 110.332741)

LINESTRING (123.843340 115.604395, 179.189970 108.873591)

LINESTRING (179.189970 108.873591, 136.766505 110.332741)

LINESTRING (467.798743 145.498095, 460.039860 158.506041)

LINESTRING (467.798743 145.498095, 512.586191 120.294544)

LINESTRING (467.798743 145.498095, 500.786931 107.645707)

LINESTRING (467.798743 145.498095, 476.766462 164.004060)

LINESTRING (467.798743 145.498095, 450.719303 114.353449)

LINESTRING (467.798743 145.498095, 500.131860 143.362050)

LINESTRING (467.798743 145.498095, 457.134950 147.083540)

LINESTRING (467.798743 145.498095, 522.070906 129.302248)

LINESTRING (467.798743 145.498095, 450.826728 115.940178)

LINESTRING (467.798743 145.498095, 516.425101 110.659550)

LINESTRING (467.798743 145.498095, 498.059015 116.457642)

LINESTRING (467.798743 145.498095, 457.463135 179.763747)

LINESTRING (467.798743 145.498095, 474.935792 124.062508)

LINESTRING (467.798743 145.498095, 497.277273 133.855604)

LINESTRING (467.798743 145.498095, 473.416045 121.230434)

LINESTRING (467.798743 145.498095, 452.380739 127.632918)

LINESTRING (467.798743 145.498095, 515.338356 176.855427)

LINESTRING (467.798743 145.498095, 455.870219 155.300204)

LINESTRING (467.798743 145.498095, 500.068215 146.820922)

LINESTRING (467.798743 145.498095, 500.858067 132.513711)

LINESTRING (467.798743 145.498095, 485.063318 178.019724)

LINESTRING (467.798743 145.498095, 455.969944 160.690753)

LINESTRING (467.798743 145.498095, 474.378063 131.823520)

LINESTRING (467.798743 145.498095, 524.448218 115.681660)

LINESTRING (467.798743 145.498095, 498.466580 107.055866)

LINESTRING (467.798743 145.498095, 471.896962 168.353005)

LINESTRING (467.798743 145.498095, 519.706519 107.696226)

LINESTRING (467.798743 145.498095, 485.241953 118.622891)

LINESTRING (467.798743 145.498095, 490.597436 102.010344)

LINESTRING (467.798743 145.498095, 491.565853 111.494914)

LINESTRING (467.798743 145.498095, 480.500833 125.109744)

LINESTRING (467.798743 145.498095, 512.522072 118.377062)

LINESTRING (467.798743 145.498095, 509.741598 141.451348)

LINESTRING (460.039860 158.506041, 474.147004 164.464890)

LINESTRING (460.039860 158.506041, 479.635924 161.776626)

LINESTRING (460.039860 158.506041, 461.703914 167.168608)

LINESTRING (460.039860 158.506041, 500.786931 107.645707)

LINESTRING (460.039860 158.506041, 476.766462 164.004060)

LINESTRING (460.039860 158.506041, 450.719303 114.353449)

LINESTRING (460.039860 158.506041, 463.731644 157.626609)

LINESTRING (460.039860 158.506041, 500.131860 143.362050)

LINESTRING (460.039860 158.506041, 457.134950 147.083540)

LINESTRING (460.039860 158.506041, 522.070906 129.302248)

LINESTRING (460.039860 158.506041, 494.365298 141.697573)

LINESTRING (460.039860 158.506041, 450.826728 115.940178)

LINESTRING (460.039860 158.506041, 485.482398 105.706815)

LINESTRING (460.039860 158.506041, 516.425101 110.659550)

LINESTRING (460.039860 158.506041, 457.463135 179.763747)

LINESTRING (460.039860 158.506041, 478.863205 150.776349)

LINESTRING (460.039860 158.506041, 474.935792 124.062508)

LINESTRING (460.039860 158.506041, 497.277273 133.855604)

LINESTRING (460.039860 158.506041, 473.416045 121.230434)

LINESTRING (460.039860 158.506041, 452.380739 127.632918)

LINESTRING (460.039860 158.506041, 515.338356 176.855427)

LINESTRING (460.039860 158.506041, 472.504310 145.652367)

LINESTRING (460.039860 158.506041, 455.870219 155.300204)

LINESTRING (460.039860 158.506041, 500.068215 146.820922)

LINESTRING (460.039860 158.506041, 500.858067 132.513711)

LINESTRING (460.039860 158.506041, 455.028331 155.984493)

LINESTRING (460.039860 158.506041, 455.969944 160.690753)

LINESTRING (460.039860 158.506041, 471.896962 168.353005)

LINESTRING (460.039860 158.506041, 485.241953 118.622891)

LINESTRING (460.039860 158.506041, 490.597436 102.010344)

LINESTRING (460.039860 158.506041, 464.933708 134.706383)

LINESTRING (460.039860 158.506041, 492.739099 131.446557)

LINESTRING (460.039860 158.506041, 491.565853 111.494914)

LINESTRING (460.039860 158.506041, 480.500833 125.109744)

LINESTRING (460.039860 158.506041, 516.960654 136.375306)

LINESTRING (460.039860 158.506041, 512.522072 118.377062)

LINESTRING (460.039860 158.506041, 502.984240 145.578726)

LINESTRING (460.039860 158.506041, 509.741598 141.451348)

LINESTRING (474.147004 164.464890, 512.586191 120.294544)

LINESTRING (474.147004 164.464890, 461.703914 167.168608)

LINESTRING (474.147004 164.464890, 450.719303 114.353449)

LINESTRING (474.147004 164.464890, 506.560965 132.761456)

LINESTRING (474.147004 164.464890, 522.070906 129.302248)

LINESTRING (474.147004 164.464890, 490.921451 177.287834)

LINESTRING (474.147004 164.464890, 516.425101 110.659550)

LINESTRING (474.147004 164.464890, 498.059015 116.457642)

LINESTRING (474.147004 164.464890, 457.463135 179.763747)

LINESTRING (474.147004 164.464890, 478.863205 150.776349)

LINESTRING (474.147004 164.464890, 512.624062 168.095859)

LINESTRING (474.147004 164.464890, 451.756533 146.311720)

LINESTRING (474.147004 164.464890, 455.140602 134.801247)

LINESTRING (474.147004 164.464890, 474.935792 124.062508)

LINESTRING (474.147004 164.464890, 473.416045 121.230434)

LINESTRING (474.147004 164.464890, 452.380739 127.632918)

LINESTRING (474.147004 164.464890, 515.338356 176.855427)

LINESTRING (474.147004 164.464890, 472.504310 145.652367)

LINESTRING (474.147004 164.464890, 517.177999 159.068100)

LINESTRING (474.147004 164.464890, 470.861002 137.934257)

LINESTRING (474.147004 164.464890, 500.858067 132.513711)

LINESTRING (474.147004 164.464890, 455.969944 160.690753)

LINESTRING (474.147004 164.464890, 474.378063 131.823520)

LINESTRING (474.147004 164.464890, 479.429475 146.263628)

LINESTRING (474.147004 164.464890, 475.019595 174.476444)

LINESTRING (474.147004 164.464890, 519.706519 107.696226)

LINESTRING (474.147004 164.464890, 485.241953 118.622891)

LINESTRING (474.147004 164.464890, 490.597436 102.010344)

LINESTRING (474.147004 164.464890, 464.933708 134.706383)

LINESTRING (474.147004 164.464890, 480.500833 125.109744)

LINESTRING (474.147004 164.464890, 516.960654 136.375306)

LINESTRING (474.147004 164.464890, 502.984240 145.578726)

LINESTRING (474.147004 164.464890, 509.741598 141.451348)

LINESTRING (504.139413 148.450076, 479.635924 161.776626)

LINESTRING (504.139413 148.450076, 512.586191 120.294544)

LINESTRING (504.139413 148.450076, 461.703914 167.168608)

LINESTRING (504.139413 148.450076, 476.766462 164.004060)

LINESTRING (504.139413 148.450076, 450.719303 114.353449)

LINESTRING (504.139413 148.450076, 463.731644 157.626609)

LINESTRING (504.139413 148.450076, 500.131860 143.362050)

LINESTRING (504.139413 148.450076, 506.560965 132.761456)

LINESTRING (504.139413 148.450076, 522.070906 129.302248)

LINESTRING (504.139413 148.450076, 490.921451 177.287834)

LINESTRING (504.139413 148.450076, 494.365298 141.697573)

LINESTRING (504.139413 148.450076, 450.826728 115.940178)

LINESTRING (504.139413 148.450076, 485.482398 105.706815)

LINESTRING (504.139413 148.450076, 516.425101 110.659550)

LINESTRING (504.139413 148.450076, 467.084610 131.696982)

LINESTRING (504.139413 148.450076, 457.463135 179.763747)

LINESTRING (504.139413 148.450076, 478.863205 150.776349)

LINESTRING (504.139413 148.450076, 512.624062 168.095859)

LINESTRING (504.139413 148.450076, 451.756533 146.311720)

LINESTRING (504.139413 148.450076, 515.338356 176.855427)

LINESTRING (504.139413 148.450076, 472.504310 145.652367)

LINESTRING (504.139413 148.450076, 455.870219 155.300204)

LINESTRING (504.139413 148.450076, 517.177999 159.068100)

LINESTRING (504.139413 148.450076, 470.861002 137.934257)

LINESTRING (504.139413 148.450076, 500.068215 146.820922)

LINESTRING (504.139413 148.450076, 500.858067 132.513711)

LINESTRING (504.139413 148.450076, 474.378063 131.823520)

LINESTRING (504.139413 148.450076, 479.429475 146.263628)

LINESTRING (504.139413 148.450076, 524.448218 115.681660)

LINESTRING (504.139413 148.450076, 498.466580 107.055866)

LINESTRING (504.139413 148.450076, 519.706519 107.696226)

LINESTRING (504.139413 148.450076, 485.241953 118.622891)

LINESTRING (504.139413 148.450076, 490.597436 102.010344)

LINESTRING (504.139413 148.450076, 464.933708 134.706383)

LINESTRING (504.139413 148.450076, 492.739099 131.446557)

LINESTRING (504.139413 148.450076, 491.565853 111.494914)

LINESTRING (504.139413 148.450076, 516.960654 136.375306)

LINESTRING (504.139413 148.450076, 512.522072 118.377062)

LINESTRING (504.139413 148.450076, 502.984240 145.578726)

LINESTRING (504.139413 148.450076, 509.741598 141.451348)

LINESTRING (479.635924 161.776626, 512.586191 120.294544)

LINESTRING (479.635924 161.776626, 461.703914 167.168608)

LINESTRING (479.635924 161.776626, 450.719303 114.353449)

LINESTRING (479.635924 161.776626, 463.731644 157.626609)

LINESTRING (479.635924 161.776626, 500.131860 143.362050)

LINESTRING (479.635924 161.776626, 457.134950 147.083540)

LINESTRING (479.635924 161.776626, 506.560965 132.761456)

LINESTRING (479.635924 161.776626, 494.365298 141.697573)

LINESTRING (479.635924 161.776626, 516.425101 110.659550)

LINESTRING (479.635924 161.776626, 498.059015 116.457642)

LINESTRING (479.635924 161.776626, 467.084610 131.696982)

LINESTRING (479.635924 161.776626, 457.463135 179.763747)

LINESTRING (479.635924 161.776626, 512.624062 168.095859)

LINESTRING (479.635924 161.776626, 451.756533 146.311720)

LINESTRING (479.635924 161.776626, 474.935792 124.062508)

LINESTRING (479.635924 161.776626, 515.338356 176.855427)

LINESTRING (479.635924 161.776626, 472.504310 145.652367)

LINESTRING (479.635924 161.776626, 455.870219 155.300204)

LINESTRING (479.635924 161.776626, 480.022465 126.430326)

LINESTRING (479.635924 161.776626, 500.068215 146.820922)

LINESTRING (479.635924 161.776626, 485.063318 178.019724)

LINESTRING (479.635924 161.776626, 455.028331 155.984493)

LINESTRING (479.635924 161.776626, 524.448218 115.681660)

LINESTRING (479.635924 161.776626, 498.466580 107.055866)

LINESTRING (479.635924 161.776626, 471.896962 168.353005)

LINESTRING (479.635924 161.776626, 475.019595 174.476444)

LINESTRING (479.635924 161.776626, 519.706519 107.696226)

LINESTRING (479.635924 161.776626, 485.241953 118.622891)

LINESTRING (479.635924 161.776626, 490.597436 102.010344)

LINESTRING (479.635924 161.776626, 492.739099 131.446557)

LINESTRING (479.635924 161.776626, 480.500833 125.109744)

LINESTRING (479.635924 161.776626, 516.960654 136.375306)

LINESTRING (479.635924 161.776626, 512.522072 118.377062)

LINESTRING (479.635924 161.776626, 502.984240 145.578726)

LINESTRING (479.635924 161.776626, 509.741598 141.451348)

LINESTRING (512.586191 120.294544, 461.703914 167.168608)

LINESTRING (512.586191 120.294544, 500.786931 107.645707)

LINESTRING (512.586191 120.294544, 476.766462 164.004060)

LINESTRING (512.586191 120.294544, 450.719303 114.353449)

LINESTRING (512.586191 120.294544, 500.131860 143.362050)

LINESTRING (512.586191 120.294544, 490.921451 177.287834)

LINESTRING (512.586191 120.294544, 494.365298 141.697573)

LINESTRING (512.586191 120.294544, 450.826728 115.940178)

LINESTRING (512.586191 120.294544, 516.425101 110.659550)

LINESTRING (512.586191 120.294544, 498.059015 116.457642)

LINESTRING (512.586191 120.294544, 467.084610 131.696982)

LINESTRING (512.586191 120.294544, 478.863205 150.776349)

LINESTRING (512.586191 120.294544, 455.140602 134.801247)

LINESTRING (512.586191 120.294544, 473.416045 121.230434)

LINESTRING (512.586191 120.294544, 452.380739 127.632918)

LINESTRING (512.586191 120.294544, 515.338356 176.855427)

LINESTRING (512.586191 120.294544, 472.504310 145.652367)

LINESTRING (512.586191 120.294544, 517.177999 159.068100)

LINESTRING (512.586191 120.294544, 470.861002 137.934257)

LINESTRING (512.586191 120.294544, 500.068215 146.820922)

LINESTRING (512.586191 120.294544, 500.858067 132.513711)

LINESTRING (512.586191 120.294544, 485.063318 178.019724)

LINESTRING (512.586191 120.294544, 474.378063 131.823520)

LINESTRING (512.586191 120.294544, 524.448218 115.681660)

LINESTRING (512.586191 120.294544, 498.466580 107.055866)

LINESTRING (512.586191 120.294544, 475.019595 174.476444)

LINESTRING (512.586191 120.294544, 519.706519 107.696226)

LINESTRING (512.586191 120.294544, 485.241953 118.622891)

LINESTRING (512.586191 120.294544, 490.597436 102.010344)

LINESTRING (512.586191 120.294544, 464.933708 134.706383)

LINESTRING (512.586191 120.294544, 492.739099 131.446557)

LINESTRING (512.586191 120.294544, 491.565853 111.494914)

LINESTRING (512.586191 120.294544, 516.960654 136.375306)

LINESTRING (512.586191 120.294544, 512.522072 118.377062)

LINESTRING (512.586191 120.294544, 502.984240 145.578726)

LINESTRING (512.586191 120.294544, 509.741598 141.451348)

LINESTRING (461.703914 167.168608, 500.786931 107.645707)

LINESTRING (461.703914 167.168608, 476.766462 164.004060)

LINESTRING (461.703914 167.168608, 450.719303 114.353449)

LINESTRING (461.703914 167.168608, 463.731644 157.626609)

LINESTRING (461.703914 167.168608, 457.134950 147.083540)

LINESTRING (461.703914 167.168608, 506.560965 132.761456)

LINESTRING (461.703914 167.168608, 490.921451 177.287834)

LINESTRING (461.703914 167.168608, 494.365298 141.697573)

LINESTRING (461.703914 167.168608, 450.826728 115.940178)

LINESTRING (461.703914 167.168608, 516.425101 110.659550)

LINESTRING (461.703914 167.168608, 498.059015 116.457642)

LINESTRING (461.703914 167.168608, 457.463135 179.763747)

LINESTRING (461.703914 167.168608, 478.863205 150.776349)

LINESTRING (461.703914 167.168608, 512.624062 168.095859)

LINESTRING (461.703914 167.168608, 451.756533 146.311720)

LINESTRING (461.703914 167.168608, 474.935792 124.062508)

LINESTRING (461.703914 167.168608, 452.380739 127.632918)

LINESTRING (461.703914 167.168608, 472.504310 145.652367)

LINESTRING (461.703914 167.168608, 455.870219 155.300204)

LINESTRING (461.703914 167.168608, 480.022465 126.430326)

LINESTRING (461.703914 167.168608, 470.861002 137.934257)

LINESTRING (461.703914 167.168608, 500.068215 146.820922)

LINESTRING (461.703914 167.168608, 500.858067 132.513711)

LINESTRING (461.703914 167.168608, 455.028331 155.984493)

LINESTRING (461.703914 167.168608, 455.969944 160.690753)

LINESTRING (461.703914 167.168608, 474.378063 131.823520)

LINESTRING (461.703914 167.168608, 524.448218 115.681660)

LINESTRING (461.703914 167.168608, 475.019595 174.476444)

LINESTRING (461.703914 167.168608, 519.706519 107.696226)

LINESTRING (461.703914 167.168608, 485.241953 118.622891)

LINESTRING (461.703914 167.168608, 491.565853 111.494914)

LINESTRING (461.703914 167.168608, 480.500833 125.109744)

LINESTRING (461.703914 167.168608, 512.522072 118.377062)

LINESTRING (461.703914 167.168608, 502.984240 145.578726)

LINESTRING (500.786931 107.645707, 476.766462 164.004060)

LINESTRING (500.786931 107.645707, 463.731644 157.626609)

LINESTRING (500.786931 107.645707, 500.131860 143.362050)

LINESTRING (500.786931 107.645707, 457.134950 147.083540)

LINESTRING (500.786931 107.645707, 494.365298 141.697573)

LINESTRING (500.786931 107.645707, 450.826728 115.940178)

LINESTRING (500.786931 107.645707, 516.425101 110.659550)

LINESTRING (500.786931 107.645707, 467.084610 131.696982)

LINESTRING (500.786931 107.645707, 478.863205 150.776349)

LINESTRING (500.786931 107.645707, 451.756533 146.311720)

LINESTRING (500.786931 107.645707, 455.140602 134.801247)

LINESTRING (500.786931 107.645707, 452.380739 127.632918)

LINESTRING (500.786931 107.645707, 472.504310 145.652367)

LINESTRING (500.786931 107.645707, 455.870219 155.300204)

LINESTRING (500.786931 107.645707, 480.022465 126.430326)

LINESTRING (500.786931 107.645707, 500.068215 146.820922)

LINESTRING (500.786931 107.645707, 500.858067 132.513711)

LINESTRING (500.786931 107.645707, 485.063318 178.019724)

LINESTRING (500.786931 107.645707, 474.378063 131.823520)

LINESTRING (500.786931 107.645707, 479.429475 146.263628)

LINESTRING (500.786931 107.645707, 524.448218 115.681660)

LINESTRING (500.786931 107.645707, 475.019595 174.476444)

LINESTRING (500.786931 107.645707, 490.597436 102.010344)

LINESTRING (500.786931 107.645707, 464.933708 134.706383)

LINESTRING (500.786931 107.645707, 492.739099 131.446557)

LINESTRING (500.786931 107.645707, 491.565853 111.494914)

LINESTRING (500.786931 107.645707, 480.500833 125.109744)

LINESTRING (500.786931 107.645707, 516.960654 136.375306)

LINESTRING (500.786931 107.645707, 512.522072 118.377062)

LINESTRING (500.786931 107.645707, 509.741598 141.451348)

LINESTRING (476.766462 164.004060, 463.731644 157.626609)

LINESTRING (476.766462 164.004060, 457.134950 147.083540)

LINESTRING (476.766462 164.004060, 506.560965 132.761456)

LINESTRING (476.766462 164.004060, 490.921451 177.287834)

LINESTRING (476.766462 164.004060, 498.059015 116.457642)

LINESTRING (476.766462 164.004060, 467.084610 131.696982)

LINESTRING (476.766462 164.004060, 457.463135 179.763747)

LINESTRING (476.766462 164.004060, 478.863205 150.776349)

LINESTRING (476.766462 164.004060, 512.624062 168.095859)

LINESTRING (476.766462 164.004060, 451.756533 146.311720)

LINESTRING (476.766462 164.004060, 452.380739 127.632918)

LINESTRING (476.766462 164.004060, 472.504310 145.652367)

LINESTRING (476.766462 164.004060, 480.022465 126.430326)

LINESTRING (476.766462 164.004060, 517.177999 159.068100)

LINESTRING (476.766462 164.004060, 500.858067 132.513711)

LINESTRING (476.766462 164.004060, 485.063318 178.019724)

LINESTRING (476.766462 164.004060, 455.028331 155.984493)

LINESTRING (476.766462 164.004060, 455.969944 160.690753)

LINESTRING (476.766462 164.004060, 474.378063 131.823520)

LINESTRING (476.766462 164.004060, 479.429475 146.263628)

LINESTRING (476.766462 164.004060, 524.448218 115.681660)

LINESTRING (476.766462 164.004060, 471.896962 168.353005)

LINESTRING (476.766462 164.004060, 485.241953 118.622891)

LINESTRING (476.766462 164.004060, 491.565853 111.494914)

LINESTRING (476.766462 164.004060, 480.500833 125.109744)

LINESTRING (476.766462 164.004060, 516.960654 136.375306)

LINESTRING (450.719303 114.353449, 463.731644 157.626609)

LINESTRING (450.719303 114.353449, 494.365298 141.697573)

LINESTRING (450.719303 114.353449, 450.826728 115.940178)

LINESTRING (450.719303 114.353449, 485.482398 105.706815)

LINESTRING (450.719303 114.353449, 516.425101 110.659550)

LINESTRING (450.719303 114.353449, 478.863205 150.776349)

LINESTRING (450.719303 114.353449, 451.756533 146.311720)

LINESTRING (450.719303 114.353449, 455.140602 134.801247)

LINESTRING (450.719303 114.353449, 474.935792 124.062508)

LINESTRING (450.719303 114.353449, 497.277273 133.855604)

LINESTRING (450.719303 114.353449, 452.380739 127.632918)

LINESTRING (450.719303 114.353449, 472.023581 162.453569)

LINESTRING (450.719303 114.353449, 470.861002 137.934257)

LINESTRING (450.719303 114.353449, 500.858067 132.513711)

LINESTRING (450.719303 114.353449, 485.063318 178.019724)

LINESTRING (450.719303 114.353449, 455.028331 155.984493)

LINESTRING (450.719303 114.353449, 455.969944 160.690753)

LINESTRING (450.719303 114.353449, 524.448218 115.681660)

LINESTRING (450.719303 114.353449, 498.466580 107.055866)

LINESTRING (450.719303 114.353449, 475.019595 174.476444)

LINESTRING (450.719303 114.353449, 519.706519 107.696226)

LINESTRING (450.719303 114.353449, 492.739099 131.446557)

LINESTRING (450.719303 114.353449, 491.565853 111.494914)

LINESTRING (450.719303 114.353449, 480.500833 125.109744)

LINESTRING (450.719303 114.353449, 516.960654 136.375306)

LINESTRING (450.719303 114.353449, 512.522072 118.377062)

LINESTRING (450.719303 114.353449, 509.741598 141.451348)

LINESTRING (463.731644 157.626609, 500.131860 143.362050)

LINESTRING (463.731644 157.626609, 506.560965 132.761456)

LINESTRING (463.731644 157.626609, 490.921451 177.287834)

LINESTRING (463.731644 157.626609, 494.365298 141.697573)

LINESTRING (463.731644 157.626609, 450.826728 115.940178)

LINESTRING (463.731644 157.626609, 485.482398 105.706815)

LINESTRING (463.731644 157.626609, 516.425101 110.659550)

LINESTRING (463.731644 157.626609, 467.084610 131.696982)

LINESTRING (463.731644 157.626609, 457.463135 179.763747)

LINESTRING (463.731644 157.626609, 451.756533 146.311720)

LINESTRING (463.731644 157.626609, 455.140602 134.801247)

LINESTRING (463.731644 157.626609, 497.277273 133.855604)

LINESTRING (463.731644 157.626609, 473.416045 121.230434)

LINESTRING (463.731644 157.626609, 452.380739 127.632918)

LINESTRING (463.731644 157.626609, 455.870219 155.300204)

LINESTRING (463.731644 157.626609, 480.022465 126.430326)

LINESTRING (463.731644 157.626609, 500.068215 146.820922)

LINESTRING (463.731644 157.626609, 485.063318 178.019724)

LINESTRING (463.731644 157.626609, 474.378063 131.823520)

LINESTRING (463.731644 157.626609, 479.429475 146.263628)

LINESTRING (463.731644 157.626609, 471.896962 168.353005)

LINESTRING (463.731644 157.626609, 475.019595 174.476444)

LINESTRING (463.731644 157.626609, 485.241953 118.622891)

LINESTRING (463.731644 157.626609, 490.597436 102.010344)

LINESTRING (463.731644 157.626609, 492.739099 131.446557)

LINESTRING (463.731644 157.626609, 491.565853 111.494914)

LINESTRING (463.731644 157.626609, 516.960654 136.375306)

LINESTRING (463.731644 157.626609, 512.522072 118.377062)

LINESTRING (463.731644 157.626609, 502.984240 145.578726)

LINESTRING (463.731644 157.626609, 509.741598 141.451348)

LINESTRING (500.131860 143.362050, 457.134950 147.083540)

LINESTRING (500.131860 143.362050, 522.070906 129.302248)

LINESTRING (500.131860 143.362050, 450.826728 115.940178)

LINESTRING (500.131860 143.362050, 467.084610 131.696982)

LINESTRING (500.131860 143.362050, 457.463135 179.763747)

LINESTRING (500.131860 143.362050, 512.624062 168.095859)

LINESTRING (500.131860 143.362050, 451.756533 146.311720)

LINESTRING (500.131860 143.362050, 474.935792 124.062508)

LINESTRING (500.131860 143.362050, 473.416045 121.230434)

LINESTRING (500.131860 143.362050, 452.380739 127.632918)

LINESTRING (500.131860 143.362050, 515.338356 176.855427)

LINESTRING (500.131860 143.362050, 517.177999 159.068100)

LINESTRING (500.131860 143.362050, 472.023581 162.453569)

LINESTRING (500.131860 143.362050, 500.068215 146.820922)

LINESTRING (500.131860 143.362050, 500.858067 132.513711)

LINESTRING (500.131860 143.362050, 455.969944 160.690753)

LINESTRING (500.131860 143.362050, 474.378063 131.823520)

LINESTRING (500.131860 143.362050, 479.429475 146.263628)

LINESTRING (500.131860 143.362050, 519.706519 107.696226)

LINESTRING (500.131860 143.362050, 485.241953 118.622891)

LINESTRING (500.131860 143.362050, 464.933708 134.706383)

LINESTRING (500.131860 143.362050, 492.739099 131.446557)

LINESTRING (500.131860 143.362050, 491.565853 111.494914)

LINESTRING (500.131860 143.362050, 502.984240 145.578726)

LINESTRING (457.134950 147.083540, 494.365298 141.697573)

LINESTRING (457.134950 147.083540, 450.826728 115.940178)

LINESTRING (457.134950 147.083540, 485.482398 105.706815)

LINESTRING (457.134950 147.083540, 516.425101 110.659550)

LINESTRING (457.134950 147.083540, 512.624062 168.095859)

LINESTRING (457.134950 147.083540, 474.935792 124.062508)

LINESTRING (457.134950 147.083540, 497.277273 133.855604)

LINESTRING (457.134950 147.083540, 473.416045 121.230434)

LINESTRING (457.134950 147.083540, 452.380739 127.632918)

LINESTRING (457.134950 147.083540, 515.338356 176.855427)

LINESTRING (457.134950 147.083540, 472.504310 145.652367)

LINESTRING (457.134950 147.083540, 480.022465 126.430326)

LINESTRING (457.134950 147.083540, 470.861002 137.934257)

LINESTRING (457.134950 147.083540, 485.063318 178.019724)

LINESTRING (457.134950 147.083540, 455.028331 155.984493)

LINESTRING (457.134950 147.083540, 455.969944 160.690753)

LINESTRING (457.134950 147.083540, 474.378063 131.823520)

LINESTRING (457.134950 147.083540, 524.448218 115.681660)

LINESTRING (457.134950 147.083540, 498.466580 107.055866)

LINESTRING (457.134950 147.083540, 471.896962 168.353005)

LINESTRING (457.134950 147.083540, 475.019595 174.476444)

LINESTRING (457.134950 147.083540, 485.241953 118.622891)

LINESTRING (457.134950 147.083540, 464.933708 134.706383)

LINESTRING (457.134950 147.083540, 492.739099 131.446557)

LINESTRING (457.134950 147.083540, 491.565853 111.494914)

LINESTRING (457.134950 147.083540, 480.500833 125.109744)

LINESTRING (457.134950 147.083540, 512.522072 118.377062)

LINESTRING (457.134950 147.083540, 509.741598 141.451348)

LINESTRING (506.560965 132.761456, 485.482398 105.706815)

LINESTRING (506.560965 132.761456, 498.059015 116.457642)

LINESTRING (506.560965 132.761456, 478.863205 150.776349)

LINESTRING (506.560965 132.761456, 512.624062 168.095859)

LINESTRING (506.560965 132.761456, 455.140602 134.801247)

LINESTRING (506.560965 132.761456, 497.277273 133.855604)

LINESTRING (506.560965 132.761456, 517.177999 159.068100)

LINESTRING (506.560965 132.761456, 472.023581 162.453569)

LINESTRING (506.560965 132.761456, 470.861002 137.934257)

LINESTRING (506.560965 132.761456, 485.063318 178.019724)

LINESTRING (506.560965 132.761456, 455.969944 160.690753)

LINESTRING (506.560965 132.761456, 474.378063 131.823520)

LINESTRING (506.560965 132.761456, 524.448218 115.681660)

LINESTRING (506.560965 132.761456, 471.896962 168.353005)

LINESTRING (506.560965 132.761456, 475.019595 174.476444)

LINESTRING (506.560965 132.761456, 464.933708 134.706383)

LINESTRING (506.560965 132.761456, 491.565853 111.494914)

LINESTRING (506.560965 132.761456, 480.500833 125.109744)

LINESTRING (506.560965 132.761456, 516.960654 136.375306)

LINESTRING (506.560965 132.761456, 512.522072 118.377062)

LINESTRING (522.070906 129.302248, 490.921451 177.287834)

LINESTRING (522.070906 129.302248, 494.365298 141.697573)

LINESTRING (522.070906 129.302248, 450.826728 115.940178)

LINESTRING (522.070906 129.302248, 467.084610 131.696982)

LINESTRING (522.070906 129.302248, 457.463135 179.763747)

LINESTRING (522.070906 129.302248, 478.863205 150.776349)

LINESTRING (522.070906 129.302248, 451.756533 146.311720)

LINESTRING (522.070906 129.302248, 455.140602 134.801247)

LINESTRING (522.070906 129.302248, 474.935792 124.062508)

LINESTRING (522.070906 129.302248, 452.380739 127.632918)

LINESTRING (522.070906 129.302248, 515.338356 176.855427)

LINESTRING (522.070906 129.302248, 472.504310 145.652367)

LINESTRING (522.070906 129.302248, 455.870219 155.300204)

LINESTRING (522.070906 129.302248, 472.023581 162.453569)

LINESTRING (522.070906 129.302248, 500.068215 146.820922)

LINESTRING (522.070906 129.302248, 500.858067 132.513711)

LINESTRING (522.070906 129.302248, 485.063318 178.019724)

LINESTRING (522.070906 129.302248, 455.028331 155.984493)

LINESTRING (522.070906 129.302248, 479.429475 146.263628)

LINESTRING (522.070906 129.302248, 498.466580 107.055866)

LINESTRING (522.070906 129.302248, 471.896962 168.353005)

LINESTRING (522.070906 129.302248, 485.241953 118.622891)

LINESTRING (522.070906 129.302248, 490.597436 102.010344)

LINESTRING (522.070906 129.302248, 464.933708 134.706383)

LINESTRING (522.070906 129.302248, 492.739099 131.446557)

LINESTRING (522.070906 129.302248, 512.522072 118.377062)

LINESTRING (522.070906 129.302248, 502.984240 145.578726)

LINESTRING (490.921451 177.287834, 494.365298 141.697573)

LINESTRING (490.921451 177.287834, 450.826728 115.940178)

LINESTRING (490.921451 177.287834, 498.059015 116.457642)

LINESTRING (490.921451 177.287834, 478.863205 150.776349)

LINESTRING (490.921451 177.287834, 512.624062 168.095859)

LINESTRING (490.921451 177.287834, 451.756533 146.311720)

LINESTRING (490.921451 177.287834, 455.140602 134.801247)

LINESTRING (490.921451 177.287834, 474.935792 124.062508)

LINESTRING (490.921451 177.287834, 497.277273 133.855604)

LINESTRING (490.921451 177.287834, 515.338356 176.855427)

LINESTRING (490.921451 177.287834, 455.870219 155.300204)

LINESTRING (490.921451 177.287834, 480.022465 126.430326)

LINESTRING (490.921451 177.287834, 470.861002 137.934257)

LINESTRING (490.921451 177.287834, 500.068215 146.820922)

LINESTRING (490.921451 177.287834, 500.858067 132.513711)

LINESTRING (490.921451 177.287834, 485.063318 178.019724)

LINESTRING (490.921451 177.287834, 455.028331 155.984493)

LINESTRING (490.921451 177.287834, 479.429475 146.263628)

LINESTRING (490.921451 177.287834, 498.466580 107.055866)

LINESTRING (490.921451 177.287834, 471.896962 168.353005)

LINESTRING (490.921451 177.287834, 475.019595 174.476444)

LINESTRING (490.921451 177.287834, 519.706519 107.696226)

LINESTRING (490.921451 177.287834, 512.522072 118.377062)

LINESTRING (490.921451 177.287834, 502.984240 145.578726)

LINESTRING (490.921451 177.287834, 509.741598 141.451348)

LINESTRING (494.365298 141.697573, 450.826728 115.940178)

LINESTRING (494.365298 141.697573, 485.482398 105.706815)

LINESTRING (494.365298 141.697573, 498.059015 116.457642)

LINESTRING (494.365298 141.697573, 467.084610 131.696982)

LINESTRING (494.365298 141.697573, 478.863205 150.776349)

LINESTRING (494.365298 141.697573, 473.416045 121.230434)

LINESTRING (494.365298 141.697573, 480.022465 126.430326)

LINESTRING (494.365298 141.697573, 500.068215 146.820922)

LINESTRING (494.365298 141.697573, 500.858067 132.513711)

LINESTRING (494.365298 141.697573, 485.063318 178.019724)

LINESTRING (494.365298 141.697573, 455.969944 160.690753)

LINESTRING (494.365298 141.697573, 474.378063 131.823520)

LINESTRING (494.365298 141.697573, 524.448218 115.681660)

LINESTRING (494.365298 141.697573, 475.019595 174.476444)

LINESTRING (494.365298 141.697573, 519.706519 107.696226)

LINESTRING (494.365298 141.697573, 490.597436 102.010344)

LINESTRING (494.365298 141.697573, 492.739099 131.446557)

LINESTRING (494.365298 141.697573, 491.565853 111.494914)

LINESTRING (494.365298 141.697573, 480.500833 125.109744)

LINESTRING (494.365298 141.697573, 516.960654 136.375306)

LINESTRING (494.365298 141.697573, 509.741598 141.451348)

LINESTRING (450.826728 115.940178, 485.482398 105.706815)

LINESTRING (450.826728 115.940178, 498.059015 116.457642)

LINESTRING (450.826728 115.940178, 467.084610 131.696982)

LINESTRING (450.826728 115.940178, 457.463135 179.763747)

LINESTRING (450.826728 115.940178, 478.863205 150.776349)

LINESTRING (450.826728 115.940178, 512.624062 168.095859)

LINESTRING (450.826728 115.940178, 497.277273 133.855604)

LINESTRING (450.826728 115.940178, 473.416045 121.230434)

LINESTRING (450.826728 115.940178, 452.380739 127.632918)

LINESTRING (450.826728 115.940178, 472.504310 145.652367)

LINESTRING (450.826728 115.940178, 455.870219 155.300204)

LINESTRING (450.826728 115.940178, 480.022465 126.430326)

LINESTRING (450.826728 115.940178, 517.177999 159.068100)

LINESTRING (450.826728 115.940178, 472.023581 162.453569)

LINESTRING (450.826728 115.940178, 500.068215 146.820922)

LINESTRING (450.826728 115.940178, 455.969944 160.690753)

LINESTRING (450.826728 115.940178, 474.378063 131.823520)

LINESTRING (450.826728 115.940178, 524.448218 115.681660)

LINESTRING (450.826728 115.940178, 471.896962 168.353005)

LINESTRING (450.826728 115.940178, 519.706519 107.696226)

LINESTRING (450.826728 115.940178, 485.241953 118.622891)

LINESTRING (450.826728 115.940178, 490.597436 102.010344)

LINESTRING (450.826728 115.940178, 464.933708 134.706383)

LINESTRING (450.826728 115.940178, 491.565853 111.494914)

LINESTRING (450.826728 115.940178, 480.500833 125.109744)

LINESTRING (450.826728 115.940178, 512.522072 118.377062)

LINESTRING (450.826728 115.940178, 509.741598 141.451348)

LINESTRING (485.482398 105.706815, 516.425101 110.659550)

LINESTRING (485.482398 105.706815, 498.059015 116.457642)

LINESTRING (485.482398 105.706815, 467.084610 131.696982)

LINESTRING (485.482398 105.706815, 457.463135 179.763747)

LINESTRING (485.482398 105.706815, 478.863205 150.776349)

LINESTRING (485.482398 105.706815, 512.624062 168.095859)

LINESTRING (485.482398 105.706815, 451.756533 146.311720)

LINESTRING (485.482398 105.706815, 474.935792 124.062508)

LINESTRING (485.482398 105.706815, 452.380739 127.632918)

LINESTRING (485.482398 105.706815, 515.338356 176.855427)

LINESTRING (485.482398 105.706815, 472.504310 145.652367)

LINESTRING (485.482398 105.706815, 455.870219 155.300204)

LINESTRING (485.482398 105.706815, 517.177999 159.068100)

LINESTRING (485.482398 105.706815, 472.023581 162.453569)

LINESTRING (485.482398 105.706815, 500.068215 146.820922)

LINESTRING (485.482398 105.706815, 500.858067 132.513711)

LINESTRING (485.482398 105.706815, 485.063318 178.019724)

LINESTRING (485.482398 105.706815, 479.429475 146.263628)

LINESTRING (485.482398 105.706815, 471.896962 168.353005)

LINESTRING (485.482398 105.706815, 475.019595 174.476444)

LINESTRING (485.482398 105.706815, 491.565853 111.494914)

LINESTRING (485.482398 105.706815, 516.960654 136.375306)

LINESTRING (485.482398 105.706815, 502.984240 145.578726)

LINESTRING (485.482398 105.706815, 509.741598 141.451348)

LINESTRING (516.425101 110.659550, 467.084610 131.696982)

LINESTRING (516.425101 110.659550, 512.624062 168.095859)

LINESTRING (516.425101 110.659550, 474.935792 124.062508)

LINESTRING (516.425101 110.659550, 473.416045 121.230434)

LINESTRING (516.425101 110.659550, 472.504310 145.652367)

LINESTRING (516.425101 110.659550, 455.870219 155.300204)

LINESTRING (516.425101 110.659550, 472.023581 162.453569)

LINESTRING (516.425101 110.659550, 500.068215 146.820922)

LINESTRING (516.425101 110.659550, 500.858067 132.513711)

LINESTRING (516.425101 110.659550, 455.028331 155.984493)

LINESTRING (516.425101 110.659550, 455.969944 160.690753)

LINESTRING (516.425101 110.659550, 474.378063 131.823520)

LINESTRING (516.425101 110.659550, 524.448218 115.681660)

LINESTRING (516.425101 110.659550, 498.466580 107.055866)

LINESTRING (516.425101 110.659550, 471.896962 168.353005)

LINESTRING (516.425101 110.659550, 519.706519 107.696226)

LINESTRING (516.425101 110.659550, 490.597436 102.010344)

LINESTRING (516.425101 110.659550, 464.933708 134.706383)

LINESTRING (516.425101 110.659550, 491.565853 111.494914)

LINESTRING (516.425101 110.659550, 480.500833 125.109744)

LINESTRING (516.425101 110.659550, 512.522072 118.377062)

LINESTRING (516.425101 110.659550, 502.984240 145.578726)

LINESTRING (498.059015 116.457642, 467.084610 131.696982)

LINESTRING (498.059015 116.457642, 457.463135 179.763747)

LINESTRING (498.059015 116.457642, 512.624062 168.095859)

LINESTRING (498.059015 116.457642, 455.140602 134.801247)

LINESTRING (498.059015 116.457642, 474.935792 124.062508)

LINESTRING (498.059015 116.457642, 473.416045 121.230434)

LINESTRING (498.059015 116.457642, 452.380739 127.632918)

LINESTRING (498.059015 116.457642, 455.870219 155.300204)

LINESTRING (498.059015 116.457642, 480.022465 126.430326)

LINESTRING (498.059015 116.457642, 517.177999 159.068100)

LINESTRING (498.059015 116.457642, 472.023581 162.453569)

LINESTRING (498.059015 116.457642, 500.068215 146.820922)

LINESTRING (498.059015 116.457642, 500.858067 132.513711)

LINESTRING (498.059015 116.457642, 485.063318 178.019724)

LINESTRING (498.059015 116.457642, 455.028331 155.984493)

LINESTRING (498.059015 116.457642, 455.969944 160.690753)

LINESTRING (498.059015 116.457642, 474.378063 131.823520)

LINESTRING (498.059015 116.457642, 479.429475 146.263628)

LINESTRING (498.059015 116.457642, 524.448218 115.681660)

LINESTRING (498.059015 116.457642, 498.466580 107.055866)

LINESTRING (498.059015 116.457642, 519.706519 107.696226)

LINESTRING (498.059015 116.457642, 485.241953 118.622891)

LINESTRING (498.059015 116.457642, 490.597436 102.010344)

LINESTRING (498.059015 116.457642, 512.522072 118.377062)

LINESTRING (498.059015 116.457642, 502.984240 145.578726)

LINESTRING (498.059015 116.457642, 509.741598 141.451348)

LINESTRING (467.084610 131.696982, 478.863205 150.776349)

LINESTRING (467.084610 131.696982, 497.277273 133.855604)

LINESTRING (467.084610 131.696982, 452.380739 127.632918)

LINESTRING (467.084610 131.696982, 455.870219 155.300204)

LINESTRING (467.084610 131.696982, 472.023581 162.453569)

LINESTRING (467.084610 131.696982, 500.858067 132.513711)

LINESTRING (467.084610 131.696982, 455.028331 155.984493)

LINESTRING (467.084610 131.696982, 474.378063 131.823520)

LINESTRING (467.084610 131.696982, 479.429475 146.263628)

LINESTRING (467.084610 131.696982, 498.466580 107.055866)

LINESTRING (467.084610 131.696982, 490.597436 102.010344)

LINESTRING (467.084610 131.696982, 491.565853 111.494914)

LINESTRING (467.084610 131.696982, 480.500833 125.109744)

LINESTRING (467.084610 131.696982, 512.522072 118.377062)

LINESTRING (467.084610 131.696982, 502.984240 145.578726)

LINESTRING (457.463135 179.763747, 451.756533 146.311720)

LINESTRING (457.463135 179.763747, 455.140602 134.801247)

LINESTRING (457.463135 179.763747, 497.277273 133.855604)

LINESTRING (457.463135 179.763747, 452.380739 127.632918)

LINESTRING (457.463135 179.763747, 480.022465 126.430326)

LINESTRING (457.463135 179.763747, 517.177999 159.068100)

LINESTRING (457.463135 179.763747, 472.023581 162.453569)

LINESTRING (457.463135 179.763747, 470.861002 137.934257)

LINESTRING (457.463135 179.763747, 455.028331 155.984493)

LINESTRING (457.463135 179.763747, 474.378063 131.823520)

LINESTRING (457.463135 179.763747, 479.429475 146.263628)

LINESTRING (457.463135 179.763747, 471.896962 168.353005)

LINESTRING (457.463135 179.763747, 485.241953 118.622891)

LINESTRING (457.463135 179.763747, 490.597436 102.010344)

LINESTRING (457.463135 179.763747, 491.565853 111.494914)

LINESTRING (457.463135 179.763747, 516.960654 136.375306)

LINESTRING (457.463135 179.763747, 502.984240 145.578726)

LINESTRING (478.863205 150.776349, 512.624062 168.095859)

LINESTRING (478.863205 150.776349, 455.140602 134.801247)

LINESTRING (478.863205 150.776349, 497.277273 133.855604)

LINESTRING (478.863205 150.776349, 473.416045 121.230434)

LINESTRING (478.863205 150.776349, 452.380739 127.632918)

LINESTRING (478.863205 150.776349, 472.504310 145.652367)

LINESTRING (478.863205 150.776349, 480.022465 126.430326)

LINESTRING (478.863205 150.776349, 472.023581 162.453569)

LINESTRING (478.863205 150.776349, 470.861002 137.934257)

LINESTRING (478.863205 150.776349, 500.068215 146.820922)

LINESTRING (478.863205 150.776349, 474.378063 131.823520)

LINESTRING (478.863205 150.776349, 479.429475 146.263628)

LINESTRING (478.863205 150.776349, 524.448218 115.681660)

LINESTRING (478.863205 150.776349, 471.896962 168.353005)

LINESTRING (478.863205 150.776349, 475.019595 174.476444)

LINESTRING (478.863205 150.776349, 490.597436 102.010344)

LINESTRING (478.863205 150.776349, 464.933708 134.706383)

LINESTRING (478.863205 150.776349, 492.739099 131.446557)

LINESTRING (478.863205 150.776349, 491.565853 111.494914)

LINESTRING (478.863205 150.776349, 480.500833 125.109744)

LINESTRING (478.863205 150.776349, 516.960654 136.375306)

LINESTRING (478.863205 150.776349, 509.741598 141.451348)

LINESTRING (512.624062 168.095859, 451.756533 146.311720)

LINESTRING (512.624062 168.095859, 455.140602 134.801247)

LINESTRING (512.624062 168.095859, 474.935792 124.062508)

LINESTRING (512.624062 168.095859, 497.277273 133.855604)

LINESTRING (512.624062 168.095859, 473.416045 121.230434)

LINESTRING (512.624062 168.095859, 452.380739 127.632918)

LINESTRING (512.624062 168.095859, 515.338356 176.855427)

LINESTRING (512.624062 168.095859, 455.870219 155.300204)

LINESTRING (512.624062 168.095859, 472.023581 162.453569)

LINESTRING (512.624062 168.095859, 470.861002 137.934257)

LINESTRING (512.624062 168.095859, 500.068215 146.820922)

LINESTRING (512.624062 168.095859, 485.063318 178.019724)

LINESTRING (512.624062 168.095859, 455.969944 160.690753)

LINESTRING (512.624062 168.095859, 479.429475 146.263628)

LINESTRING (512.624062 168.095859, 498.466580 107.055866)

LINESTRING (512.624062 168.095859, 475.019595 174.476444)

LINESTRING (512.624062 168.095859, 485.241953 118.622891)

LINESTRING (512.624062 168.095859, 491.565853 111.494914)

LINESTRING (512.624062 168.095859, 480.500833 125.109744)

LINESTRING (512.624062 168.095859, 516.960654 136.375306)

LINESTRING (512.624062 168.095859, 512.522072 118.377062)

LINESTRING (512.624062 168.095859, 502.984240 145.578726)

LINESTRING (512.624062 168.095859, 509.741598 141.451348)

LINESTRING (451.756533 146.311720, 455.140602 134.801247)

LINESTRING (451.756533 146.311720, 474.935792 124.062508)

LINESTRING (451.756533 146.311720, 497.277273 133.855604)

LINESTRING (451.756533 146.311720, 473.416045 121.230434)

LINESTRING (451.756533 146.311720, 452.380739 127.632918)

LINESTRING (451.756533 146.311720, 472.504310 145.652367)

LINESTRING (451.756533 146.311720, 470.861002 137.934257)

LINESTRING (451.756533 146.311720, 500.858067 132.513711)

LINESTRING (451.756533 146.311720, 485.063318 178.019724)

LINESTRING (451.756533 146.311720, 455.028331 155.984493)

LINESTRING (451.756533 146.311720, 479.429475 146.263628)

LINESTRING (451.756533 146.311720, 498.466580 107.055866)

LINESTRING (451.756533 146.311720, 471.896962 168.353005)

LINESTRING (451.756533 146.311720, 519.706519 107.696226)

LINESTRING (451.756533 146.311720, 485.241953 118.622891)

LINESTRING (451.756533 146.311720, 492.739099 131.446557)

LINESTRING (451.756533 146.311720, 491.565853 111.494914)

LINESTRING (451.756533 146.311720, 480.500833 125.109744)

LINESTRING (451.756533 146.311720, 516.960654 136.375306)

LINESTRING (451.756533 146.311720, 512.522072 118.377062)

LINESTRING (451.756533 146.311720, 502.984240 145.578726)

LINESTRING (451.756533 146.311720, 509.741598 141.451348)

LINESTRING (455.140602 134.801247, 474.935792 124.062508)

LINESTRING (455.140602 134.801247, 497.277273 133.855604)

LINESTRING (455.140602 134.801247, 480.022465 126.430326)

LINESTRING (455.140602 134.801247, 517.177999 159.068100)

LINESTRING (455.140602 134.801247, 472.023581 162.453569)

LINESTRING (455.140602 134.801247, 470.861002 137.934257)

LINESTRING (455.140602 134.801247, 500.068215 146.820922)

LINESTRING (455.140602 134.801247, 455.969944 160.690753)

LINESTRING (455.140602 134.801247, 479.429475 146.263628)

LINESTRING (455.140602 134.801247, 524.448218 115.681660)

LINESTRING (455.140602 134.801247, 498.466580 107.055866)

LINESTRING (455.140602 134.801247, 471.896962 168.353005)

LINESTRING (455.140602 134.801247, 519.706519 107.696226)

LINESTRING (455.140602 134.801247, 485.241953 118.622891)

LINESTRING (455.140602 134.801247, 490.597436 102.010344)

LINESTRING (455.140602 134.801247, 491.565853 111.494914)

LINESTRING (455.140602 134.801247, 480.500833 125.109744)

LINESTRING (455.140602 134.801247, 512.522072 118.377062)

LINESTRING (455.140602 134.801247, 502.984240 145.578726)

LINESTRING (455.140602 134.801247, 509.741598 141.451348)

LINESTRING (474.935792 124.062508, 497.277273 133.855604)

LINESTRING (474.935792 124.062508, 452.380739 127.632918)

LINESTRING (474.935792 124.062508, 515.338356 176.855427)

LINESTRING (474.935792 124.062508, 455.870219 155.300204)

LINESTRING (474.935792 124.062508, 480.022465 126.430326)

LINESTRING (474.935792 124.062508, 517.177999 159.068100)

LINESTRING (474.935792 124.062508, 500.858067 132.513711)

LINESTRING (474.935792 124.062508, 485.063318 178.019724)

LINESTRING (474.935792 124.062508, 455.028331 155.984493)

LINESTRING (474.935792 124.062508, 455.969944 160.690753)

LINESTRING (474.935792 124.062508, 474.378063 131.823520)

LINESTRING (474.935792 124.062508, 479.429475 146.263628)

LINESTRING (474.935792 124.062508, 524.448218 115.681660)

LINESTRING (474.935792 124.062508, 498.466580 107.055866)

LINESTRING (474.935792 124.062508, 475.019595 174.476444)

LINESTRING (474.935792 124.062508, 485.241953 118.622891)

LINESTRING (474.935792 124.062508, 490.597436 102.010344)

LINESTRING (474.935792 124.062508, 464.933708 134.706383)

LINESTRING (474.935792 124.062508, 491.565853 111.494914)

LINESTRING (474.935792 124.062508, 516.960654 136.375306)

LINESTRING (474.935792 124.062508, 512.522072 118.377062)

LINESTRING (474.935792 124.062508, 502.984240 145.578726)

LINESTRING (497.277273 133.855604, 452.380739 127.632918)

LINESTRING (497.277273 133.855604, 472.504310 145.652367)

LINESTRING (497.277273 133.855604, 470.861002 137.934257)

LINESTRING (497.277273 133.855604, 500.068215 146.820922)

LINESTRING (497.277273 133.855604, 500.858067 132.513711)

LINESTRING (497.277273 133.855604, 485.063318 178.019724)

LINESTRING (497.277273 133.855604, 455.028331 155.984493)

LINESTRING (497.277273 133.855604, 474.378063 131.823520)

LINESTRING (497.277273 133.855604, 479.429475 146.263628)

LINESTRING (497.277273 133.855604, 524.448218 115.681660)

LINESTRING (497.277273 133.855604, 471.896962 168.353005)

LINESTRING (497.277273 133.855604, 519.706519 107.696226)

LINESTRING (497.277273 133.855604, 464.933708 134.706383)

LINESTRING (497.277273 133.855604, 492.739099 131.446557)

LINESTRING (497.277273 133.855604, 491.565853 111.494914)

LINESTRING (497.277273 133.855604, 480.500833 125.109744)

LINESTRING (497.277273 133.855604, 516.960654 136.375306)

LINESTRING (497.277273 133.855604, 512.522072 118.377062)

LINESTRING (497.277273 133.855604, 509.741598 141.451348)

LINESTRING (473.416045 121.230434, 452.380739 127.632918)

LINESTRING (473.416045 121.230434, 515.338356 176.855427)

LINESTRING (473.416045 121.230434, 472.504310 145.652367)

LINESTRING (473.416045 121.230434, 480.022465 126.430326)

LINESTRING (473.416045 121.230434, 500.068215 146.820922)

LINESTRING (473.416045 121.230434, 455.028331 155.984493)

LINESTRING (473.416045 121.230434, 455.969944 160.690753)

LINESTRING (473.416045 121.230434, 474.378063 131.823520)

LINESTRING (473.416045 121.230434, 524.448218 115.681660)

LINESTRING (473.416045 121.230434, 498.466580 107.055866)

LINESTRING (473.416045 121.230434, 519.706519 107.696226)

LINESTRING (473.416045 121.230434, 485.241953 118.622891)

LINESTRING (473.416045 121.230434, 490.597436 102.010344)

LINESTRING (473.416045 121.230434, 464.933708 134.706383)

LINESTRING (473.416045 121.230434, 492.739099 131.446557)

LINESTRING (473.416045 121.230434, 491.565853 111.494914)

LINESTRING (473.416045 121.230434, 480.500833 125.109744)

LINESTRING (473.416045 121.230434, 516.960654 136.375306)

LINESTRING (473.416045 121.230434, 512.522072 118.377062)

LINESTRING (473.416045 121.230434, 502.984240 145.578726)

LINESTRING (473.416045 121.230434, 509.741598 141.451348)

LINESTRING (452.380739 127.632918, 515.338356 176.855427)

LINESTRING (452.380739 127.632918, 455.870219 155.300204)

LINESTRING (452.380739 127.632918, 480.022465 126.430326)

LINESTRING (452.380739 127.632918, 517.177999 159.068100)

LINESTRING (452.380739 127.632918, 472.023581 162.453569)

LINESTRING (452.380739 127.632918, 470.861002 137.934257)

LINESTRING (452.380739 127.632918, 500.858067 132.513711)

LINESTRING (452.380739 127.632918, 485.063318 178.019724)

LINESTRING (452.380739 127.632918, 455.028331 155.984493)

LINESTRING (452.380739 127.632918, 474.378063 131.823520)

LINESTRING (452.380739 127.632918, 479.429475 146.263628)

LINESTRING (452.380739 127.632918, 524.448218 115.681660)

LINESTRING (452.380739 127.632918, 471.896962 168.353005)

LINESTRING (452.380739 127.632918, 519.706519 107.696226)

LINESTRING (452.380739 127.632918, 485.241953 118.622891)

LINESTRING (452.380739 127.632918, 490.597436 102.010344)

LINESTRING (452.380739 127.632918, 492.739099 131.446557)

LINESTRING (452.380739 127.632918, 491.565853 111.494914)

LINESTRING (452.380739 127.632918, 480.500833 125.109744)

LINESTRING (452.380739 127.632918, 516.960654 136.375306)

LINESTRING (452.380739 127.632918, 512.522072 118.377062)

LINESTRING (452.380739 127.632918, 509.741598 141.451348)

LINESTRING (515.338356 176.855427, 472.023581 162.453569)

LINESTRING (515.338356 176.855427, 500.858067 132.513711)

LINESTRING (515.338356 176.855427, 485.063318 178.019724)

LINESTRING (515.338356 176.855427, 474.378063 131.823520)

LINESTRING (515.338356 176.855427, 498.466580 107.055866)

LINESTRING (515.338356 176.855427, 471.896962 168.353005)

LINESTRING (515.338356 176.855427, 475.019595 174.476444)

LINESTRING (515.338356 176.855427, 519.706519 107.696226)

LINESTRING (515.338356 176.855427, 485.241953 118.622891)

LINESTRING (515.338356 176.855427, 490.597436 102.010344)

LINESTRING (515.338356 176.855427, 492.739099 131.446557)

LINESTRING (515.338356 176.855427, 491.565853 111.494914)

LINESTRING (515.338356 176.855427, 480.500833 125.109744)

LINESTRING (515.338356 176.855427, 516.960654 136.375306)

LINESTRING (515.338356 176.855427, 512.522072 118.377062)

LINESTRING (515.338356 176.855427, 502.984240 145.578726)

LINESTRING (515.338356 176.855427, 509.741598 141.451348)

LINESTRING (472.504310 145.652367, 455.870219 155.300204)

LINESTRING (472.504310 145.652367, 480.022465 126.430326)

LINESTRING (472.504310 145.652367, 517.177999 159.068100)

LINESTRING (472.504310 145.652367, 472.023581 162.453569)

LINESTRING (472.504310 145.652367, 470.861002 137.934257)

LINESTRING (472.504310 145.652367, 500.068215 146.820922)

LINESTRING (472.504310 145.652367, 500.858067 132.513711)

LINESTRING (472.504310 145.652367, 485.063318 178.019724)

LINESTRING (472.504310 145.652367, 455.028331 155.984493)

LINESTRING (472.504310 145.652367, 455.969944 160.690753)

LINESTRING (472.504310 145.652367, 474.378063 131.823520)

LINESTRING (472.504310 145.652367, 479.429475 146.263628)

LINESTRING (472.504310 145.652367, 475.019595 174.476444)

LINESTRING (472.504310 145.652367, 519.706519 107.696226)

LINESTRING (472.504310 145.652367, 490.597436 102.010344)

LINESTRING (472.504310 145.652367, 464.933708 134.706383)

LINESTRING (472.504310 145.652367, 491.565853 111.494914)

LINESTRING (472.504310 145.652367, 516.960654 136.375306)

LINESTRING (472.504310 145.652367, 512.522072 118.377062)

LINESTRING (472.504310 145.652367, 502.984240 145.578726)

LINESTRING (455.870219 155.300204, 480.022465 126.430326)

LINESTRING (455.870219 155.300204, 517.177999 159.068100)

LINESTRING (455.870219 155.300204, 472.023581 162.453569)

LINESTRING (455.870219 155.300204, 470.861002 137.934257)

LINESTRING (455.870219 155.300204, 500.068215 146.820922)

LINESTRING (455.870219 155.300204, 485.063318 178.019724)

LINESTRING (455.870219 155.300204, 455.969944 160.690753)

LINESTRING (455.870219 155.300204, 479.429475 146.263628)

LINESTRING (455.870219 155.300204, 524.448218 115.681660)

LINESTRING (455.870219 155.300204, 498.466580 107.055866)

LINESTRING (455.870219 155.300204, 471.896962 168.353005)

LINESTRING (455.870219 155.300204, 485.241953 118.622891)

LINESTRING (455.870219 155.300204, 490.597436 102.010344)

LINESTRING (455.870219 155.300204, 464.933708 134.706383)

LINESTRING (455.870219 155.300204, 492.739099 131.446557)

LINESTRING (455.870219 155.300204, 480.500833 125.109744)

LINESTRING (455.870219 155.300204, 516.960654 136.375306)

LINESTRING (455.870219 155.300204, 512.522072 118.377062)

LINESTRING (480.022465 126.430326, 472.023581 162.453569)

LINESTRING (480.022465 126.430326, 500.068215 146.820922)

LINESTRING (480.022465 126.430326, 500.858067 132.513711)

LINESTRING (480.022465 126.430326, 485.063318 178.019724)

LINESTRING (480.022465 126.430326, 455.028331 155.984493)

LINESTRING (480.022465 126.430326, 479.429475 146.263628)

LINESTRING (480.022465 126.430326, 524.448218 115.681660)

LINESTRING (480.022465 126.430326, 475.019595 174.476444)

LINESTRING (480.022465 126.430326, 519.706519 107.696226)

LINESTRING (480.022465 126.430326, 485.241953 118.622891)

LINESTRING (480.022465 126.430326, 491.565853 111.494914)

LINESTRING (480.022465 126.430326, 480.500833 125.109744)

LINESTRING (480.022465 126.430326, 516.960654 136.375306)

LINESTRING (480.022465 126.430326, 509.741598 141.451348)

LINESTRING (517.177999 159.068100, 472.023581 162.453569)

LINESTRING (517.177999 159.068100, 470.861002 137.934257)

LINESTRING (517.177999 159.068100, 500.858067 132.513711)

LINESTRING (517.177999 159.068100, 455.969944 160.690753)

LINESTRING (517.177999 159.068100, 474.378063 131.823520)

LINESTRING (517.177999 159.068100, 479.429475 146.263628)

LINESTRING (517.177999 159.068100, 524.448218 115.681660)

LINESTRING (517.177999 159.068100, 471.896962 168.353005)

LINESTRING (517.177999 159.068100, 475.019595 174.476444)

LINESTRING (517.177999 159.068100, 519.706519 107.696226)

LINESTRING (517.177999 159.068100, 490.597436 102.010344)

LINESTRING (517.177999 159.068100, 491.565853 111.494914)

LINESTRING (517.177999 159.068100, 480.500833 125.109744)

LINESTRING (517.177999 159.068100, 516.960654 136.375306)

LINESTRING (472.023581 162.453569, 470.861002 137.934257)

LINESTRING (472.023581 162.453569, 500.068215 146.820922)

LINESTRING (472.023581 162.453569, 500.858067 132.513711)

LINESTRING (472.023581 162.453569, 455.028331 155.984493)

LINESTRING (472.023581 162.453569, 524.448218 115.681660)

LINESTRING (472.023581 162.453569, 498.466580 107.055866)

LINESTRING (472.023581 162.453569, 471.896962 168.353005)

LINESTRING (472.023581 162.453569, 475.019595 174.476444)

LINESTRING (472.023581 162.453569, 519.706519 107.696226)

LINESTRING (472.023581 162.453569, 485.241953 118.622891)

LINESTRING (472.023581 162.453569, 492.739099 131.446557)

LINESTRING (472.023581 162.453569, 512.522072 118.377062)

LINESTRING (470.861002 137.934257, 500.858067 132.513711)

LINESTRING (470.861002 137.934257, 485.063318 178.019724)

LINESTRING (470.861002 137.934257, 455.969944 160.690753)

LINESTRING (470.861002 137.934257, 474.378063 131.823520)

LINESTRING (470.861002 137.934257, 479.429475 146.263628)

LINESTRING (470.861002 137.934257, 524.448218 115.681660)

LINESTRING (470.861002 137.934257, 498.466580 107.055866)

LINESTRING (470.861002 137.934257, 471.896962 168.353005)

LINESTRING (470.861002 137.934257, 475.019595 174.476444)

LINESTRING (470.861002 137.934257, 519.706519 107.696226)

LINESTRING (470.861002 137.934257, 485.241953 118.622891)

LINESTRING (470.861002 137.934257, 490.597436 102.010344)

LINESTRING (470.861002 137.934257, 480.500833 125.109744)

LINESTRING (470.861002 137.934257, 516.960654 136.375306)

LINESTRING (470.861002 137.934257, 512.522072 118.377062)

LINESTRING (470.861002 137.934257, 509.741598 141.451348)

LINESTRING (500.068215 146.820922, 455.028331 155.984493)

LINESTRING (500.068215 146.820922, 524.448218 115.681660)

LINESTRING (500.068215 146.820922, 471.896962 168.353005)

LINESTRING (500.068215 146.820922, 485.241953 118.622891)

LINESTRING (500.068215 146.820922, 490.597436 102.010344)

LINESTRING (500.068215 146.820922, 516.960654 136.375306)

LINESTRING (500.068215 146.820922, 512.522072 118.377062)

LINESTRING (500.858067 132.513711, 485.063318 178.019724)

LINESTRING (500.858067 132.513711, 455.969944 160.690753)

LINESTRING (500.858067 132.513711, 479.429475 146.263628)

LINESTRING (500.858067 132.513711, 498.466580 107.055866)

LINESTRING (500.858067 132.513711, 519.706519 107.696226)

LINESTRING (500.858067 132.513711, 490.597436 102.010344)

LINESTRING (500.858067 132.513711, 464.933708 134.706383)

LINESTRING (500.858067 132.513711, 492.739099 131.446557)

LINESTRING (500.858067 132.513711, 491.565853 111.494914)

LINESTRING (500.858067 132.513711, 516.960654 136.375306)

LINESTRING (500.858067 132.513711, 502.984240 145.578726)

LINESTRING (500.858067 132.513711, 509.741598 141.451348)

LINESTRING (485.063318 178.019724, 455.969944 160.690753)

LINESTRING (485.063318 178.019724, 479.429475 146.263628)

LINESTRING (485.063318 178.019724, 498.466580 107.055866)

LINESTRING (485.063318 178.019724, 471.896962 168.353005)

LINESTRING (485.063318 178.019724, 519.706519 107.696226)

LINESTRING (485.063318 178.019724, 485.241953 118.622891)

LINESTRING (485.063318 178.019724, 464.933708 134.706383)

LINESTRING (485.063318 178.019724, 492.739099 131.446557)

LINESTRING (485.063318 178.019724, 516.960654 136.375306)

LINESTRING (485.063318 178.019724, 512.522072 118.377062)

LINESTRING (485.063318 178.019724, 509.741598 141.451348)

LINESTRING (455.028331 155.984493, 455.969944 160.690753)

LINESTRING (455.028331 155.984493, 474.378063 131.823520)

LINESTRING (455.028331 155.984493, 498.466580 107.055866)

LINESTRING (455.028331 155.984493, 471.896962 168.353005)

LINESTRING (455.028331 155.984493, 519.706519 107.696226)

LINESTRING (455.028331 155.984493, 492.739099 131.446557)

LINESTRING (455.028331 155.984493, 491.565853 111.494914)

LINESTRING (455.028331 155.984493, 516.960654 136.375306)

LINESTRING (455.028331 155.984493, 502.984240 145.578726)

LINESTRING (455.028331 155.984493, 509.741598 141.451348)

LINESTRING (455.969944 160.690753, 524.448218 115.681660)

LINESTRING (455.969944 160.690753, 498.466580 107.055866)

LINESTRING (455.969944 160.690753, 471.896962 168.353005)

LINESTRING (455.969944 160.690753, 485.241953 118.622891)

LINESTRING (455.969944 160.690753, 490.597436 102.010344)

LINESTRING (455.969944 160.690753, 464.933708 134.706383)

LINESTRING (455.969944 160.690753, 491.565853 111.494914)

LINESTRING (455.969944 160.690753, 502.984240 145.578726)

LINESTRING (474.378063 131.823520, 524.448218 115.681660)

LINESTRING (474.378063 131.823520, 498.466580 107.055866)

LINESTRING (474.378063 131.823520, 471.896962 168.353005)

LINESTRING (474.378063 131.823520, 519.706519 107.696226)

LINESTRING (474.378063 131.823520, 485.241953 118.622891)

LINESTRING (474.378063 131.823520, 464.933708 134.706383)

LINESTRING (474.378063 131.823520, 516.960654 136.375306)

LINESTRING (474.378063 131.823520, 512.522072 118.377062)

LINESTRING (474.378063 131.823520, 502.984240 145.578726)

LINESTRING (479.429475 146.263628, 524.448218 115.681660)

LINESTRING (479.429475 146.263628, 471.896962 168.353005)

LINESTRING (479.429475 146.263628, 475.019595 174.476444)

LINESTRING (479.429475 146.263628, 519.706519 107.696226)

LINESTRING (479.429475 146.263628, 485.241953 118.622891)

LINESTRING (479.429475 146.263628, 490.597436 102.010344)

LINESTRING (479.429475 146.263628, 464.933708 134.706383)

LINESTRING (479.429475 146.263628, 491.565853 111.494914)

LINESTRING (479.429475 146.263628, 512.522072 118.377062)

LINESTRING (479.429475 146.263628, 502.984240 145.578726)

LINESTRING (479.429475 146.263628, 509.741598 141.451348)

LINESTRING (524.448218 115.681660, 475.019595 174.476444)

LINESTRING (524.448218 115.681660, 519.706519 107.696226)

LINESTRING (524.448218 115.681660, 516.960654 136.375306)

LINESTRING (498.466580 107.055866, 471.896962 168.353005)

LINESTRING (498.466580 107.055866, 475.019595 174.476444)

LINESTRING (498.466580 107.055866, 490.597436 102.010344)

LINESTRING (498.466580 107.055866, 464.933708 134.706383)

LINESTRING (498.466580 107.055866, 491.565853 111.494914)

LINESTRING (498.466580 107.055866, 480.500833 125.109744)

LINESTRING (498.466580 107.055866, 516.960654 136.375306)

LINESTRING (498.466580 107.055866, 509.741598 141.451348)

LINESTRING (471.896962 168.353005, 519.706519 107.696226)

LINESTRING (471.896962 168.353005, 485.241953 118.622891)

LINESTRING (471.896962 168.353005, 464.933708 134.706383)

LINESTRING (471.896962 168.353005, 492.739099 131.446557)

LINESTRING (471.896962 168.353005, 480.500833 125.109744)

LINESTRING (471.896962 168.353005, 512.522072 118.377062)

LINESTRING (471.896962 168.353005, 502.984240 145.578726)

LINESTRING (475.019595 174.476444, 485.241953 118.622891)

LINESTRING (475.019595 174.476444, 490.597436 102.010344)

LINESTRING (475.019595 174.476444, 492.739099 131.446557)

LINESTRING (475.019595 174.476444, 480.500833 125.109744)

LINESTRING (475.019595 174.476444, 516.960654 136.375306)

LINESTRING (475.019595 174.476444, 512.522072 118.377062)

LINESTRING (475.019595 174.476444, 502.984240 145.578726)

LINESTRING (519.706519 107.696226, 491.565853 111.494914)

LINESTRING (519.706519 107.696226, 480.500833 125.109744)

LINESTRING (519.706519 107.696226, 516.960654 136.375306)

LINESTRING (519.706519 107.696226, 502.984240 145.578726)

LINESTRING (485.241953 118.622891, 464.933708 134.706383)

LINESTRING (485.241953 118.622891, 492.739099 131.446557)

LINESTRING (485.241953 118.622891, 491.565853 111.494914)

LINESTRING (485.241953 118.622891, 480.500833 125.109744)

LINESTRING (485.241953 118.622891, 512.522072 118.377062)

LINESTRING (490.597436 102.010344, 464.933708 134.706383)

LINESTRING (490.597436 102.010344, 492.739099 131.446557)

LINESTRING (490.597436 102.010344, 480.500833 125.109744)

LINESTRING (490.597436 102.010344, 512.522072 118.377062)

LINESTRING (490.597436 102.010344, 502.984240 145.578726)

LINESTRING (490.597436 102.010344, 509.741598 141.451348)

LINESTRING (464.933708 134.706383, 492.739099 131.446557)

LINESTRING (464.933708 134.706383, 480.500833 125.109744)

LINESTRING (464.933708 134.706383, 512.522072 118.377062)

LINESTRING (464.933708 134.706383, 509.741598 141.451348)

LINESTRING (492.739099 131.446557, 480.500833 125.109744)

LINESTRING (492.739099 131.446557, 512.522072 118.377062)

LINESTRING (492.739099 131.446557, 509.741598 141.451348)

LINESTRING (491.565853 111.494914, 516.960654 136.375306)

LINESTRING (491.565853 111.494914, 512.522072 118.377062)

LINESTRING (491.565853 111.494914, 509.741598 141.451348)

LINESTRING (480.500833 125.109744, 516.960654 136.375306)

LINESTRING (480.500833 125.109744, 512.522072 118.377062)

LINESTRING (480.500833 125.109744, 502.984240 145.578726)

LINESTRING (480.500833 125.109744, 509.741598 141.451348)

LINESTRING (512.522072 118.377062, 509.741598 141.451348)

LINESTRING (840.423528 134.532791, 822.601462 135.180867)

LINESTRING (840.423528 134.532791, 856.250849 176.745372)

LINESTRING (840.423528 134.532791, 859.136541 125.556033)

LINESTRING (840.423528 134.532791, 813.511819 161.471134)

LINESTRING (840.423528 134.532791, 849.624741 145.326636)

LINESTRING (840.423528 134.532791, 806.024076 177.617594)

LINESTRING (840.423528 134.532791, 838.229455 160.465123)

LINESTRING (840.423528 134.532791, 817.653418 151.528144)

LINESTRING (840.423528 134.532791, 868.595330 102.109359)

LINESTRING (840.423528 134.532791, 870.379838 158.907096)

LINESTRING (840.423528 134.532791, 848.523059 101.065840)

LINESTRING (840.423528 134.532791, 809.775474 120.321032)

LINESTRING (840.423528 134.532791, 863.778958 107.736734)

LINESTRING (840.423528 134.532791, 815.000294 108.517193)

LINESTRING (840.423528 134.532791, 802.737064 116.943172)

LINESTRING (840.423528 134.532791, 859.955977 161.089628)

LINESTRING (840.423528 134.532791, 827.167080 120.622781)

LINESTRING (840.423528 134.532791, 823.942613 103.136396)

LINESTRING (840.423528 134.532791, 876.194154 146.140941)

LINESTRING (840.423528 134.532791, 806.504503 139.855943)

LINESTRING (840.423528 134.532791, 864.059195 165.187075)

LINESTRING (840.423528 134.532791, 828.598602 179.042174)

LINESTRING (840.423528 134.532791, 841.407363 161.089100)

LINESTRING (840.423528 134.532791, 851.818792 168.865952)

LINESTRING (840.423528 134.532791, 869.008046 144.846231)

LINESTRING (840.423528 134.532791, 802.940891 160.230055)

LINESTRING (840.423528 134.532791, 842.437750 116.656216)

LINESTRING (840.423528 134.532791, 806.150472 138.016305)

LINESTRING (840.423528 134.532791, 854.263995 108.564677)

LINESTRING (840.423528 134.532791, 841.830500 167.891327)

LINESTRING (840.423528 134.532791, 833.700111 102.242586)

LINESTRING (840.423528 134.532791, 854.687543 168.636114)

LINESTRING (840.423528 134.532791, 843.668244 144.505975)

LINESTRING (840.423528 134.532791, 809.950113 178.110035)

LINESTRING (828.319636 154.395740, 822.601462 135.180867)

LINESTRING (828.319636 154.395740, 859.136541 125.556033)

LINESTRING (828.319636 154.395740, 801.263768 166.099388)

LINESTRING (828.319636 154.395740, 813.511819 161.471134)

LINESTRING (828.319636 154.395740, 872.455629 123.512058)

LINESTRING (828.319636 154.395740, 863.663749 158.371740)

LINESTRING (828.319636 154.395740, 823.711789 147.277513)

LINESTRING (828.319636 154.395740, 868.171040 147.682924)

LINESTRING (828.319636 154.395740, 868.595330 102.109359)

LINESTRING (828.319636 154.395740, 820.320707 109.129528)

LINESTRING (828.319636 154.395740, 863.778958 107.736734)

LINESTRING (828.319636 154.395740, 858.474448 137.885224)

LINESTRING (828.319636 154.395740, 846.691006 154.842991)

LINESTRING (828.319636 154.395740, 859.955977 161.089628)

LINESTRING (828.319636 154.395740, 866.510955 131.350186)

LINESTRING (828.319636 154.395740, 879.851433 160.491244)

LINESTRING (828.319636 154.395740, 809.072933 112.118056)

LINESTRING (828.319636 154.395740, 864.059195 165.187075)

LINESTRING (828.319636 154.395740, 828.598602 179.042174)

LINESTRING (828.319636 154.395740, 841.407363 161.089100)

LINESTRING (828.319636 154.395740, 856.545623 146.382164)

LINESTRING (828.319636 154.395740, 802.940891 160.230055)

LINESTRING (828.319636 154.395740, 806.150472 138.016305)

LINESTRING (828.319636 154.395740, 854.263995 108.564677)

LINESTRING (828.319636 154.395740, 841.830500 167.891327)

LINESTRING (828.319636 154.395740, 833.700111 102.242586)

LINESTRING (828.319636 154.395740, 854.687543 168.636114)

LINESTRING (828.319636 154.395740, 836.329448 155.928461)

LINESTRING (828.319636 154.395740, 809.950113 178.110035)

LINESTRING (822.601462 135.180867, 856.250849 176.745372)

LINESTRING (822.601462 135.180867, 859.136541 125.556033)

LINESTRING (822.601462 135.180867, 867.503019 102.796660)

LINESTRING (822.601462 135.180867, 801.263768 166.099388)

LINESTRING (822.601462 135.180867, 849.624741 145.326636)

LINESTRING (822.601462 135.180867, 806.024076 177.617594)

LINESTRING (822.601462 135.180867, 838.229455 160.465123)

LINESTRING (822.601462 135.180867, 872.455629 123.512058)

LINESTRING (822.601462 135.180867, 863.663749 158.371740)

LINESTRING (822.601462 135.180867, 868.171040 147.682924)

LINESTRING (822.601462 135.180867, 868.595330 102.109359)

LINESTRING (822.601462 135.180867, 820.320707 109.129528)

LINESTRING (822.601462 135.180867, 809.775474 120.321032)

LINESTRING (822.601462 135.180867, 822.637620 111.493068)

LINESTRING (822.601462 135.180867, 815.000294 108.517193)

LINESTRING (822.601462 135.180867, 860.714103 165.074179)

LINESTRING (822.601462 135.180867, 859.955977 161.089628)

LINESTRING (822.601462 135.180867, 859.293358 105.254813)

LINESTRING (822.601462 135.180867, 852.174508 163.410715)

LINESTRING (822.601462 135.180867, 827.167080 120.622781)

LINESTRING (822.601462 135.180867, 823.942613 103.136396)

LINESTRING (822.601462 135.180867, 876.194154 146.140941)

LINESTRING (822.601462 135.180867, 813.948445 119.149654)

LINESTRING (822.601462 135.180867, 809.072933 112.118056)

LINESTRING (822.601462 135.180867, 851.818792 168.865952)

LINESTRING (822.601462 135.180867, 852.615535 146.505287)

LINESTRING (822.601462 135.180867, 817.144674 141.234506)

LINESTRING (822.601462 135.180867, 802.940891 160.230055)

LINESTRING (822.601462 135.180867, 854.263995 108.564677)

LINESTRING (822.601462 135.180867, 833.700111 102.242586)

LINESTRING (822.601462 135.180867, 836.329448 155.928461)

LINESTRING (822.601462 135.180867, 843.668244 144.505975)

LINESTRING (822.601462 135.180867, 874.473623 167.036457)

LINESTRING (856.250849 176.745372, 867.503019 102.796660)

LINESTRING (856.250849 176.745372, 801.263768 166.099388)

LINESTRING (856.250849 176.745372, 813.511819 161.471134)

LINESTRING (856.250849 176.745372, 806.024076 177.617594)

LINESTRING (856.250849 176.745372, 817.653418 151.528144)

LINESTRING (856.250849 176.745372, 823.711789 147.277513)

LINESTRING (856.250849 176.745372, 868.595330 102.109359)

LINESTRING (856.250849 176.745372, 848.523059 101.065840)

LINESTRING (856.250849 176.745372, 820.320707 109.129528)

LINESTRING (856.250849 176.745372, 863.778958 107.736734)

LINESTRING (856.250849 176.745372, 858.474448 137.885224)

LINESTRING (856.250849 176.745372, 846.691006 154.842991)

LINESTRING (856.250849 176.745372, 859.955977 161.089628)

LINESTRING (856.250849 176.745372, 863.370535 114.017960)

LINESTRING (856.250849 176.745372, 859.293358 105.254813)

LINESTRING (856.250849 176.745372, 852.174508 163.410715)

LINESTRING (856.250849 176.745372, 823.942613 103.136396)

LINESTRING (856.250849 176.745372, 876.194154 146.140941)

LINESTRING (856.250849 176.745372, 879.851433 160.491244)

LINESTRING (856.250849 176.745372, 806.504503 139.855943)

LINESTRING (856.250849 176.745372, 809.072933 112.118056)

LINESTRING (856.250849 176.745372, 828.598602 179.042174)

LINESTRING (856.250849 176.745372, 841.407363 161.089100)

LINESTRING (856.250849 176.745372, 851.818792 168.865952)

LINESTRING (856.250849 176.745372, 869.008046 144.846231)

LINESTRING (856.250849 176.745372, 856.545623 146.382164)

LINESTRING (856.250849 176.745372, 802.940891 160.230055)

LINESTRING (856.250849 176.745372, 842.437750 116.656216)

LINESTRING (856.250849 176.745372, 854.263995 108.564677)

LINESTRING (856.250849 176.745372, 833.700111 102.242586)

LINESTRING (856.250849 176.745372, 854.687543 168.636114)

LINESTRING (856.250849 176.745372, 809.950113 178.110035)

LINESTRING (856.250849 176.745372, 874.473623 167.036457)

LINESTRING (859.136541 125.556033, 867.503019 102.796660)

LINESTRING (859.136541 125.556033, 801.263768 166.099388)

LINESTRING (859.136541 125.556033, 813.511819 161.471134)

LINESTRING (859.136541 125.556033, 806.024076 177.617594)

LINESTRING (859.136541 125.556033, 838.229455 160.465123)

LINESTRING (859.136541 125.556033, 872.455629 123.512058)

LINESTRING (859.136541 125.556033, 817.653418 151.528144)

LINESTRING (859.136541 125.556033, 863.663749 158.371740)

LINESTRING (859.136541 125.556033, 868.595330 102.109359)

LINESTRING (859.136541 125.556033, 848.523059 101.065840)

LINESTRING (859.136541 125.556033, 820.320707 109.129528)

LINESTRING (859.136541 125.556033, 858.474448 137.885224)

LINESTRING (859.136541 125.556033, 815.000294 108.517193)

LINESTRING (859.136541 125.556033, 802.737064 116.943172)

LINESTRING (859.136541 125.556033, 859.955977 161.089628)

LINESTRING (859.136541 125.556033, 863.370535 114.017960)

LINESTRING (859.136541 125.556033, 859.293358 105.254813)

LINESTRING (859.136541 125.556033, 852.174508 163.410715)

LINESTRING (859.136541 125.556033, 823.942613 103.136396)

LINESTRING (859.136541 125.556033, 876.194154 146.140941)

LINESTRING (859.136541 125.556033, 813.948445 119.149654)

LINESTRING (859.136541 125.556033, 866.510955 131.350186)

LINESTRING (859.136541 125.556033, 879.851433 160.491244)

LINESTRING (859.136541 125.556033, 806.504503 139.855943)

LINESTRING (859.136541 125.556033, 809.072933 112.118056)

LINESTRING (859.136541 125.556033, 828.598602 179.042174)

LINESTRING (859.136541 125.556033, 841.407363 161.089100)

LINESTRING (859.136541 125.556033, 851.818792 168.865952)

LINESTRING (859.136541 125.556033, 849.331545 109.192424)

LINESTRING (859.136541 125.556033, 869.008046 144.846231)

LINESTRING (859.136541 125.556033, 856.545623 146.382164)

LINESTRING (859.136541 125.556033, 802.940891 160.230055)

LINESTRING (859.136541 125.556033, 842.437750 116.656216)

LINESTRING (859.136541 125.556033, 806.150472 138.016305)

LINESTRING (859.136541 125.556033, 841.830500 167.891327)

LINESTRING (859.136541 125.556033, 833.700111 102.242586)

LINESTRING (859.136541 125.556033, 854.687543 168.636114)

LINESTRING (859.136541 125.556033, 836.329448 155.928461)

LINESTRING (859.136541 125.556033, 843.668244 144.505975)

LINESTRING (859.136541 125.556033, 874.473623 167.036457)

LINESTRING (867.503019 102.796660, 801.263768 166.099388)

LINESTRING (867.503019 102.796660, 813.511819 161.471134)

LINESTRING (867.503019 102.796660, 849.624741 145.326636)

LINESTRING (867.503019 102.796660, 806.024076 177.617594)

LINESTRING (867.503019 102.796660, 863.663749 158.371740)

LINESTRING (867.503019 102.796660, 868.595330 102.109359)

LINESTRING (867.503019 102.796660, 870.379838 158.907096)

LINESTRING (867.503019 102.796660, 848.523059 101.065840)

LINESTRING (867.503019 102.796660, 820.320707 109.129528)

LINESTRING (867.503019 102.796660, 809.775474 120.321032)

LINESTRING (867.503019 102.796660, 863.778958 107.736734)

LINESTRING (867.503019 102.796660, 858.474448 137.885224)

LINESTRING (867.503019 102.796660, 822.637620 111.493068)

LINESTRING (867.503019 102.796660, 815.000294 108.517193)

LINESTRING (867.503019 102.796660, 802.737064 116.943172)

LINESTRING (867.503019 102.796660, 860.714103 165.074179)

LINESTRING (867.503019 102.796660, 846.691006 154.842991)

LINESTRING (867.503019 102.796660, 859.293358 105.254813)

LINESTRING (867.503019 102.796660, 852.174508 163.410715)

LINESTRING (867.503019 102.796660, 827.167080 120.622781)

LINESTRING (867.503019 102.796660, 823.942613 103.136396)

LINESTRING (867.503019 102.796660, 866.510955 131.350186)

LINESTRING (867.503019 102.796660, 806.504503 139.855943)

LINESTRING (867.503019 102.796660, 809.072933 112.118056)

LINESTRING (867.503019 102.796660, 841.407363 161.089100)

LINESTRING (867.503019 102.796660, 852.615535 146.505287)

LINESTRING (867.503019 102.796660, 817.144674 141.234506)

LINESTRING (867.503019 102.796660, 849.331545 109.192424)

LINESTRING (867.503019 102.796660, 802.940891 160.230055)

LINESTRING (867.503019 102.796660, 842.437750 116.656216)

LINESTRING (867.503019 102.796660, 806.150472 138.016305)

LINESTRING (867.503019 102.796660, 854.687543 168.636114)

LINESTRING (867.503019 102.796660, 836.329448 155.928461)

LINESTRING (867.503019 102.796660, 874.473623 167.036457)

LINESTRING (801.263768 166.099388, 849.624741 145.326636)

LINESTRING (801.263768 166.099388, 838.229455 160.465123)

LINESTRING (801.263768 166.099388, 863.663749 158.371740)

LINESTRING (801.263768 166.099388, 868.171040 147.682924)

LINESTRING (801.263768 166.099388, 870.379838 158.907096)

LINESTRING (801.263768 166.099388, 863.778958 107.736734)

LINESTRING (801.263768 166.099388, 858.474448 137.885224)

LINESTRING (801.263768 166.099388, 822.637620 111.493068)

LINESTRING (801.263768 166.099388, 815.000294 108.517193)

LINESTRING (801.263768 166.099388, 802.737064 116.943172)

LINESTRING (801.263768 166.099388, 860.714103 165.074179)

LINESTRING (801.263768 166.099388, 846.691006 154.842991)

LINESTRING (801.263768 166.099388, 859.955977 161.089628)

LINESTRING (801.263768 166.099388, 859.293358 105.254813)

LINESTRING (801.263768 166.099388, 852.174508 163.410715)

LINESTRING (801.263768 166.099388, 827.167080 120.622781)

LINESTRING (801.263768 166.099388, 823.942613 103.136396)

LINESTRING (801.263768 166.099388, 876.194154 146.140941)

LINESTRING (801.263768 166.099388, 813.948445 119.149654)

LINESTRING (801.263768 166.099388, 879.851433 160.491244)

LINESTRING (801.263768 166.099388, 809.072933 112.118056)

LINESTRING (801.263768 166.099388, 828.598602 179.042174)

LINESTRING (801.263768 166.099388, 841.407363 161.089100)

LINESTRING (801.263768 166.099388, 851.818792 168.865952)

LINESTRING (801.263768 166.099388, 817.144674 141.234506)

LINESTRING (801.263768 166.099388, 869.008046 144.846231)

LINESTRING (801.263768 166.099388, 856.545623 146.382164)

LINESTRING (801.263768 166.099388, 802.940891 160.230055)

LINESTRING (801.263768 166.099388, 806.150472 138.016305)

LINESTRING (801.263768 166.099388, 854.263995 108.564677)

LINESTRING (801.263768 166.099388, 841.830500 167.891327)

LINESTRING (801.263768 166.099388, 833.700111 102.242586)

LINESTRING (801.263768 166.099388, 854.687543 168.636114)

LINESTRING (801.263768 166.099388, 809.950113 178.110035)

LINESTRING (813.511819 161.471134, 849.624741 145.326636)

LINESTRING (813.511819 161.471134, 838.229455 160.465123)

LINESTRING (813.511819 161.471134, 863.663749 158.371740)

LINESTRING (813.511819 161.471134, 823.711789 147.277513)

LINESTRING (813.511819 161.471134, 868.595330 102.109359)

LINESTRING (813.511819 161.471134, 863.778958 107.736734)

LINESTRING (813.511819 161.471134, 858.474448 137.885224)

LINESTRING (813.511819 161.471134, 822.637620 111.493068)

LINESTRING (813.511819 161.471134, 815.000294 108.517193)

LINESTRING (813.511819 161.471134, 860.714103 165.074179)

LINESTRING (813.511819 161.471134, 846.691006 154.842991)

LINESTRING (813.511819 161.471134, 859.955977 161.089628)

LINESTRING (813.511819 161.471134, 863.370535 114.017960)

LINESTRING (813.511819 161.471134, 823.942613 103.136396)

LINESTRING (813.511819 161.471134, 879.851433 160.491244)

LINESTRING (813.511819 161.471134, 806.504503 139.855943)

LINESTRING (813.511819 161.471134, 809.072933 112.118056)

LINESTRING (813.511819 161.471134, 864.059195 165.187075)

LINESTRING (813.511819 161.471134, 828.598602 179.042174)

LINESTRING (813.511819 161.471134, 851.818792 168.865952)

LINESTRING (813.511819 161.471134, 849.331545 109.192424)

LINESTRING (813.511819 161.471134, 856.545623 146.382164)

LINESTRING (813.511819 161.471134, 806.150472 138.016305)

LINESTRING (813.511819 161.471134, 854.263995 108.564677)

LINESTRING (813.511819 161.471134, 841.830500 167.891327)

LINESTRING (813.511819 161.471134, 809.950113 178.110035)

LINESTRING (813.511819 161.471134, 874.473623 167.036457)

LINESTRING (849.624741 145.326636, 806.024076 177.617594)

LINESTRING (849.624741 145.326636, 838.229455 160.465123)

LINESTRING (849.624741 145.326636, 872.455629 123.512058)

LINESTRING (849.624741 145.326636, 817.653418 151.528144)

LINESTRING (849.624741 145.326636, 863.663749 158.371740)

LINESTRING (849.624741 145.326636, 868.595330 102.109359)

LINESTRING (849.624741 145.326636, 870.379838 158.907096)

LINESTRING (849.624741 145.326636, 848.523059 101.065840)

LINESTRING (849.624741 145.326636, 809.775474 120.321032)

LINESTRING (849.624741 145.326636, 863.778958 107.736734)

LINESTRING (849.624741 145.326636, 858.474448 137.885224)

LINESTRING (849.624741 145.326636, 846.691006 154.842991)

LINESTRING (849.624741 145.326636, 859.955977 161.089628)

LINESTRING (849.624741 145.326636, 863.370535 114.017960)

LINESTRING (849.624741 145.326636, 852.174508 163.410715)

LINESTRING (849.624741 145.326636, 876.194154 146.140941)

LINESTRING (849.624741 145.326636, 813.948445 119.149654)

LINESTRING (849.624741 145.326636, 809.072933 112.118056)

LINESTRING (849.624741 145.326636, 851.818792 168.865952)

LINESTRING (849.624741 145.326636, 852.615535 146.505287)

LINESTRING (849.624741 145.326636, 849.331545 109.192424)

LINESTRING (849.624741 145.326636, 869.008046 144.846231)

LINESTRING (849.624741 145.326636, 842.437750 116.656216)

LINESTRING (849.624741 145.326636, 854.263995 108.564677)

LINESTRING (849.624741 145.326636, 841.830500 167.891327)

LINESTRING (849.624741 145.326636, 854.687543 168.636114)

LINESTRING (849.624741 145.326636, 836.329448 155.928461)

LINESTRING (806.024076 177.617594, 872.455629 123.512058)

LINESTRING (806.024076 177.617594, 817.653418 151.528144)

LINESTRING (806.024076 177.617594, 863.663749 158.371740)

LINESTRING (806.024076 177.617594, 823.711789 147.277513)

LINESTRING (806.024076 177.617594, 868.171040 147.682924)

LINESTRING (806.024076 177.617594, 848.523059 101.065840)

LINESTRING (806.024076 177.617594, 809.775474 120.321032)

LINESTRING (806.024076 177.617594, 822.637620 111.493068)

LINESTRING (806.024076 177.617594, 815.000294 108.517193)

LINESTRING (806.024076 177.617594, 802.737064 116.943172)

LINESTRING (806.024076 177.617594, 860.714103 165.074179)

LINESTRING (806.024076 177.617594, 863.370535 114.017960)

LINESTRING (806.024076 177.617594, 859.293358 105.254813)

LINESTRING (806.024076 177.617594, 852.174508 163.410715)

LINESTRING (806.024076 177.617594, 827.167080 120.622781)

LINESTRING (806.024076 177.617594, 876.194154 146.140941)

LINESTRING (806.024076 177.617594, 866.510955 131.350186)

LINESTRING (806.024076 177.617594, 806.504503 139.855943)

LINESTRING (806.024076 177.617594, 809.072933 112.118056)

LINESTRING (806.024076 177.617594, 828.598602 179.042174)

LINESTRING (806.024076 177.617594, 841.407363 161.089100)

LINESTRING (806.024076 177.617594, 851.818792 168.865952)

LINESTRING (806.024076 177.617594, 852.615535 146.505287)

LINESTRING (806.024076 177.617594, 817.144674 141.234506)

LINESTRING (806.024076 177.617594, 849.331545 109.192424)

LINESTRING (806.024076 177.617594, 856.545623 146.382164)

LINESTRING (806.024076 177.617594, 842.437750 116.656216)

LINESTRING (806.024076 177.617594, 806.150472 138.016305)

LINESTRING (806.024076 177.617594, 854.263995 108.564677)

LINESTRING (806.024076 177.617594, 841.830500 167.891327)

LINESTRING (806.024076 177.617594, 833.700111 102.242586)

LINESTRING (806.024076 177.617594, 854.687543 168.636114)

LINESTRING (806.024076 177.617594, 836.329448 155.928461)

LINESTRING (806.024076 177.617594, 809.950113 178.110035)

LINESTRING (806.024076 177.617594, 874.473623 167.036457)

LINESTRING (838.229455 160.465123, 817.653418 151.528144)

LINESTRING (838.229455 160.465123, 868.171040 147.682924)

LINESTRING (838.229455 160.465123, 870.379838 158.907096)

LINESTRING (838.229455 160.465123, 848.523059 101.065840)

LINESTRING (838.229455 160.465123, 809.775474 120.321032)

LINESTRING (838.229455 160.465123, 863.778958 107.736734)

LINESTRING (838.229455 160.465123, 858.474448 137.885224)

LINESTRING (838.229455 160.465123, 822.637620 111.493068)

LINESTRING (838.229455 160.465123, 815.000294 108.517193)

LINESTRING (838.229455 160.465123, 802.737064 116.943172)

LINESTRING (838.229455 160.465123, 860.714103 165.074179)

LINESTRING (838.229455 160.465123, 846.691006 154.842991)

LINESTRING (838.229455 160.465123, 859.955977 161.089628)

LINESTRING (838.229455 160.465123, 863.370535 114.017960)

LINESTRING (838.229455 160.465123, 859.293358 105.254813)

LINESTRING (838.229455 160.465123, 852.174508 163.410715)

LINESTRING (838.229455 160.465123, 813.948445 119.149654)

LINESTRING (838.229455 160.465123, 806.504503 139.855943)

LINESTRING (838.229455 160.465123, 828.598602 179.042174)

LINESTRING (838.229455 160.465123, 856.545623 146.382164)

LINESTRING (838.229455 160.465123, 802.940891 160.230055)

LINESTRING (838.229455 160.465123, 842.437750 116.656216)

LINESTRING (838.229455 160.465123, 806.150472 138.016305)

LINESTRING (838.229455 160.465123, 841.830500 167.891327)

LINESTRING (838.229455 160.465123, 836.329448 155.928461)

LINESTRING (838.229455 160.465123, 843.668244 144.505975)

LINESTRING (838.229455 160.465123, 874.473623 167.036457)

LINESTRING (872.455629 123.512058, 817.653418 151.528144)

LINESTRING (872.455629 123.512058, 863.663749 158.371740)

LINESTRING (872.455629 123.512058, 823.711789 147.277513)

LINESTRING (872.455629 123.512058, 868.171040 147.682924)

LINESTRING (872.455629 123.512058, 870.379838 158.907096)

LINESTRING (872.455629 123.512058, 820.320707 109.129528)

LINESTRING (872.455629 123.512058, 863.778958 107.736734)

LINESTRING (872.455629 123.512058, 822.637620 111.493068)

LINESTRING (872.455629 123.512058, 815.000294 108.517193)

LINESTRING (872.455629 123.512058, 802.737064 116.943172)

LINESTRING (872.455629 123.512058, 827.167080 120.622781)

LINESTRING (872.455629 123.512058, 823.942613 103.136396)

LINESTRING (872.455629 123.512058, 813.948445 119.149654)

LINESTRING (872.455629 123.512058, 809.072933 112.118056)

LINESTRING (872.455629 123.512058, 841.407363 161.089100)

LINESTRING (872.455629 123.512058, 851.818792 168.865952)

LINESTRING (872.455629 123.512058, 852.615535 146.505287)

LINESTRING (872.455629 123.512058, 849.331545 109.192424)

LINESTRING (872.455629 123.512058, 856.545623 146.382164)

LINESTRING (872.455629 123.512058, 806.150472 138.016305)

LINESTRING (872.455629 123.512058, 854.263995 108.564677)

LINESTRING (872.455629 123.512058, 841.830500 167.891327)

LINESTRING (872.455629 123.512058, 836.329448 155.928461)

LINESTRING (872.455629 123.512058, 843.668244 144.505975)

LINESTRING (872.455629 123.512058, 809.950113 178.110035)

LINESTRING (872.455629 123.512058, 874.473623 167.036457)

LINESTRING (817.653418 151.528144, 823.711789 147.277513)

LINESTRING (817.653418 151.528144, 868.595330 102.109359)

LINESTRING (817.653418 151.528144, 870.379838 158.907096)

LINESTRING (817.653418 151.528144, 809.775474 120.321032)

LINESTRING (817.653418 151.528144, 858.474448 137.885224)

LINESTRING (817.653418 151.528144, 822.637620 111.493068)

LINESTRING (817.653418 151.528144, 815.000294 108.517193)

LINESTRING (817.653418 151.528144, 846.691006 154.842991)

LINESTRING (817.653418 151.528144, 859.955977 161.089628)

LINESTRING (817.653418 151.528144, 859.293358 105.254813)

LINESTRING (817.653418 151.528144, 852.174508 163.410715)

LINESTRING (817.653418 151.528144, 827.167080 120.622781)

LINESTRING (817.653418 151.528144, 876.194154 146.140941)

LINESTRING (817.653418 151.528144, 813.948445 119.149654)

LINESTRING (817.653418 151.528144, 879.851433 160.491244)

LINESTRING (817.653418 151.528144, 809.072933 112.118056)

LINESTRING (817.653418 151.528144, 864.059195 165.187075)

LINESTRING (817.653418 151.528144, 828.598602 179.042174)

LINESTRING (817.653418 151.528144, 851.818792 168.865952)

LINESTRING (817.653418 151.528144, 852.615535 146.505287)

LINESTRING (817.653418 151.528144, 849.331545 109.192424)

LINESTRING (817.653418 151.528144, 869.008046 144.846231)

LINESTRING (817.653418 151.528144, 856.545623 146.382164)

LINESTRING (817.653418 151.528144, 802.940891 160.230055)

LINESTRING (817.653418 151.528144, 842.437750 116.656216)

LINESTRING (817.653418 151.528144, 854.263995 108.564677)

LINESTRING (817.653418 151.528144, 841.830500 167.891327)

LINESTRING (817.653418 151.528144, 833.700111 102.242586)

LINESTRING (817.653418 151.528144, 854.687543 168.636114)

LINESTRING (817.653418 151.528144, 836.329448 155.928461)

LINESTRING (817.653418 151.528144, 843.668244 144.505975)

LINESTRING (863.663749 158.371740, 823.711789 147.277513)

LINESTRING (863.663749 158.371740, 868.595330 102.109359)

LINESTRING (863.663749 158.371740, 870.379838 158.907096)

LINESTRING (863.663749 158.371740, 848.523059 101.065840)

LINESTRING (863.663749 158.371740, 820.320707 109.129528)

LINESTRING (863.663749 158.371740, 858.474448 137.885224)

LINESTRING (863.663749 158.371740, 815.000294 108.517193)

LINESTRING (863.663749 158.371740, 802.737064 116.943172)

LINESTRING (863.663749 158.371740, 860.714103 165.074179)

LINESTRING (863.663749 158.371740, 846.691006 154.842991)

LINESTRING (863.663749 158.371740, 863.370535 114.017960)

LINESTRING (863.663749 158.371740, 859.293358 105.254813)

LINESTRING (863.663749 158.371740, 852.174508 163.410715)

LINESTRING (863.663749 158.371740, 827.167080 120.622781)

LINESTRING (863.663749 158.371740, 813.948445 119.149654)

LINESTRING (863.663749 158.371740, 866.510955 131.350186)

LINESTRING (863.663749 158.371740, 879.851433 160.491244)

LINESTRING (863.663749 158.371740, 809.072933 112.118056)

LINESTRING (863.663749 158.371740, 864.059195 165.187075)

LINESTRING (863.663749 158.371740, 828.598602 179.042174)

LINESTRING (863.663749 158.371740, 817.144674 141.234506)

LINESTRING (863.663749 158.371740, 856.545623 146.382164)

LINESTRING (863.663749 158.371740, 806.150472 138.016305)

LINESTRING (863.663749 158.371740, 854.263995 108.564677)

LINESTRING (863.663749 158.371740, 841.830500 167.891327)

LINESTRING (863.663749 158.371740, 833.700111 102.242586)

LINESTRING (863.663749 158.371740, 854.687543 168.636114)

LINESTRING (863.663749 158.371740, 874.473623 167.036457)

LINESTRING (823.711789 147.277513, 868.171040 147.682924)

LINESTRING (823.711789 147.277513, 868.595330 102.109359)

LINESTRING (823.711789 147.277513, 870.379838 158.907096)

LINESTRING (823.711789 147.277513, 848.523059 101.065840)

LINESTRING (823.711789 147.277513, 863.778958 107.736734)

LINESTRING (823.711789 147.277513, 858.474448 137.885224)

LINESTRING (823.711789 147.277513, 815.000294 108.517193)

LINESTRING (823.711789 147.277513, 802.737064 116.943172)

LINESTRING (823.711789 147.277513, 860.714103 165.074179)

LINESTRING (823.711789 147.277513, 846.691006 154.842991)

LINESTRING (823.711789 147.277513, 859.955977 161.089628)

LINESTRING (823.711789 147.277513, 859.293358 105.254813)

LINESTRING (823.711789 147.277513, 827.167080 120.622781)

LINESTRING (823.711789 147.277513, 823.942613 103.136396)

LINESTRING (823.711789 147.277513, 813.948445 119.149654)

LINESTRING (823.711789 147.277513, 879.851433 160.491244)

LINESTRING (823.711789 147.277513, 806.504503 139.855943)

LINESTRING (823.711789 147.277513, 864.059195 165.187075)

LINESTRING (823.711789 147.277513, 852.615535 146.505287)

LINESTRING (823.711789 147.277513, 817.144674 141.234506)

LINESTRING (823.711789 147.277513, 849.331545 109.192424)

LINESTRING (823.711789 147.277513, 869.008046 144.846231)

LINESTRING (823.711789 147.277513, 842.437750 116.656216)

LINESTRING (823.711789 147.277513, 854.263995 108.564677)

LINESTRING (823.711789 147.277513, 841.830500 167.891327)

LINESTRING (823.711789 147.277513, 833.700111 102.242586)

LINESTRING (823.711789 147.277513, 836.329448 155.928461)

LINESTRING (823.711789 147.277513, 843.668244 144.505975)

LINESTRING (823.711789 147.277513, 809.950113 178.110035)

LINESTRING (823.711789 147.277513, 874.473623 167.036457)

LINESTRING (868.171040 147.682924, 868.595330 102.109359)

LINESTRING (868.171040 147.682924, 870.379838 158.907096)

LINESTRING (868.171040 147.682924, 848.523059 101.065840)

LINESTRING (868.171040 147.682924, 820.320707 109.129528)

LINESTRING (868.171040 147.682924, 809.775474 120.321032)

LINESTRING (868.171040 147.682924, 863.778958 107.736734)

LINESTRING (868.171040 147.682924, 858.474448 137.885224)

LINESTRING (868.171040 147.682924, 822.637620 111.493068)

LINESTRING (868.171040 147.682924, 815.000294 108.517193)

LINESTRING (868.171040 147.682924, 802.737064 116.943172)

LINESTRING (868.171040 147.682924, 860.714103 165.074179)

LINESTRING (868.171040 147.682924, 846.691006 154.842991)

LINESTRING (868.171040 147.682924, 859.955977 161.089628)

LINESTRING (868.171040 147.682924, 863.370535 114.017960)

LINESTRING (868.171040 147.682924, 859.293358 105.254813)

LINESTRING (868.171040 147.682924, 852.174508 163.410715)

LINESTRING (868.171040 147.682924, 823.942613 103.136396)

LINESTRING (868.171040 147.682924, 813.948445 119.149654)

LINESTRING (868.171040 147.682924, 866.510955 131.350186)

LINESTRING (868.171040 147.682924, 879.851433 160.491244)

LINESTRING (868.171040 147.682924, 806.504503 139.855943)

LINESTRING (868.171040 147.682924, 841.407363 161.089100)

LINESTRING (868.171040 147.682924, 851.818792 168.865952)

LINESTRING (868.171040 147.682924, 852.615535 146.505287)

LINESTRING (868.171040 147.682924, 817.144674 141.234506)

LINESTRING (868.171040 147.682924, 849.331545 109.192424)

LINESTRING (868.171040 147.682924, 856.545623 146.382164)

LINESTRING (868.171040 147.682924, 841.830500 167.891327)

LINESTRING (868.171040 147.682924, 843.668244 144.505975)

LINESTRING (868.171040 147.682924, 874.473623 167.036457)

LINESTRING (868.595330 102.109359, 870.379838 158.907096)

LINESTRING (868.595330 102.109359, 820.320707 109.129528)

LINESTRING (868.595330 102.109359, 863.778958 107.736734)

LINESTRING (868.595330 102.109359, 858.474448 137.885224)

LINESTRING (868.595330 102.109359, 815.000294 108.517193)

LINESTRING (868.595330 102.109359, 860.714103 165.074179)

LINESTRING (868.595330 102.109359, 859.955977 161.089628)

LINESTRING (868.595330 102.109359, 863.370535 114.017960)

LINESTRING (868.595330 102.109359, 859.293358 105.254813)

LINESTRING (868.595330 102.109359, 852.174508 163.410715)

LINESTRING (868.595330 102.109359, 827.167080 120.622781)

LINESTRING (868.595330 102.109359, 823.942613 103.136396)

LINESTRING (868.595330 102.109359, 879.851433 160.491244)

LINESTRING (868.595330 102.109359, 809.072933 112.118056)

LINESTRING (868.595330 102.109359, 864.059195 165.187075)

LINESTRING (868.595330 102.109359, 828.598602 179.042174)

LINESTRING (868.595330 102.109359, 851.818792 168.865952)

LINESTRING (868.595330 102.109359, 852.615535 146.505287)

LINESTRING (868.595330 102.109359, 817.144674 141.234506)

LINESTRING (868.595330 102.109359, 802.940891 160.230055)

LINESTRING (868.595330 102.109359, 842.437750 116.656216)

LINESTRING (868.595330 102.109359, 806.150472 138.016305)

LINESTRING (868.595330 102.109359, 854.263995 108.564677)

LINESTRING (868.595330 102.109359, 841.830500 167.891327)

LINESTRING (868.595330 102.109359, 836.329448 155.928461)

LINESTRING (868.595330 102.109359, 843.668244 144.505975)

LINESTRING (868.595330 102.109359, 809.950113 178.110035)

LINESTRING (868.595330 102.109359, 874.473623 167.036457)

LINESTRING (870.379838 158.907096, 848.523059 101.065840)

LINESTRING (870.379838 158.907096, 820.320707 109.129528)

LINESTRING (870.379838 158.907096, 863.778958 107.736734)

LINESTRING (870.379838 158.907096, 858.474448 137.885224)

LINESTRING (870.379838 158.907096, 822.637620 111.493068)

LINESTRING (870.379838 158.907096, 815.000294 108.517193)

LINESTRING (870.379838 158.907096, 802.737064 116.943172)

LINESTRING (870.379838 158.907096, 860.714103 165.074179)

LINESTRING (870.379838 158.907096, 846.691006 154.842991)

LINESTRING (870.379838 158.907096, 863.370535 114.017960)

LINESTRING (870.379838 158.907096, 859.293358 105.254813)

LINESTRING (870.379838 158.907096, 852.174508 163.410715)

LINESTRING (870.379838 158.907096, 823.942613 103.136396)

LINESTRING (870.379838 158.907096, 876.194154 146.140941)

LINESTRING (870.379838 158.907096, 879.851433 160.491244)

LINESTRING (870.379838 158.907096, 806.504503 139.855943)

LINESTRING (870.379838 158.907096, 864.059195 165.187075)

LINESTRING (870.379838 158.907096, 828.598602 179.042174)

LINESTRING (870.379838 158.907096, 851.818792 168.865952)

LINESTRING (870.379838 158.907096, 817.144674 141.234506)

LINESTRING (870.379838 158.907096, 849.331545 109.192424)

LINESTRING (870.379838 158.907096, 856.545623 146.382164)

LINESTRING (870.379838 158.907096, 802.940891 160.230055)

LINESTRING (870.379838 158.907096, 806.150472 138.016305)

LINESTRING (870.379838 158.907096, 854.263995 108.564677)

LINESTRING (870.379838 158.907096, 841.830500 167.891327)

LINESTRING (870.379838 158.907096, 833.700111 102.242586)

LINESTRING (870.379838 158.907096, 843.668244 144.505975)

LINESTRING (870.379838 158.907096, 874.473623 167.036457)

LINESTRING (848.523059 101.065840, 809.775474 120.321032)

LINESTRING (848.523059 101.065840, 863.778958 107.736734)

LINESTRING (848.523059 101.065840, 858.474448 137.885224)

LINESTRING (848.523059 101.065840, 815.000294 108.517193)

LINESTRING (848.523059 101.065840, 802.737064 116.943172)

LINESTRING (848.523059 101.065840, 860.714103 165.074179)

LINESTRING (848.523059 101.065840, 859.955977 161.089628)

LINESTRING (848.523059 101.065840, 859.293358 105.254813)

LINESTRING (848.523059 101.065840, 852.174508 163.410715)

LINESTRING (848.523059 101.065840, 827.167080 120.622781)

LINESTRING (848.523059 101.065840, 823.942613 103.136396)

LINESTRING (848.523059 101.065840, 876.194154 146.140941)

LINESTRING (848.523059 101.065840, 866.510955 131.350186)

LINESTRING (848.523059 101.065840, 879.851433 160.491244)

LINESTRING (848.523059 101.065840, 806.504503 139.855943)

LINESTRING (848.523059 101.065840, 809.072933 112.118056)

LINESTRING (848.523059 101.065840, 864.059195 165.187075)

LINESTRING (848.523059 101.065840, 852.615535 146.505287)

LINESTRING (848.523059 101.065840, 817.144674 141.234506)

LINESTRING (848.523059 101.065840, 849.331545 109.192424)

LINESTRING (848.523059 101.065840, 802.940891 160.230055)

LINESTRING (848.523059 101.065840, 842.437750 116.656216)

LINESTRING (848.523059 101.065840, 806.150472 138.016305)

LINESTRING (848.523059 101.065840, 854.263995 108.564677)

LINESTRING (848.523059 101.065840, 841.830500 167.891327)

LINESTRING (848.523059 101.065840, 854.687543 168.636114)

LINESTRING (848.523059 101.065840, 843.668244 144.505975)

LINESTRING (848.523059 101.065840, 809.950113 178.110035)

LINESTRING (848.523059 101.065840, 874.473623 167.036457)

LINESTRING (820.320707 109.129528, 822.637620 111.493068)

LINESTRING (820.320707 109.129528, 815.000294 108.517193)

LINESTRING (820.320707 109.129528, 802.737064 116.943172)

LINESTRING (820.320707 109.129528, 863.370535 114.017960)

LINESTRING (820.320707 109.129528, 859.293358 105.254813)

LINESTRING (820.320707 109.129528, 827.167080 120.622781)

LINESTRING (820.320707 109.129528, 813.948445 119.149654)

LINESTRING (820.320707 109.129528, 879.851433 160.491244)

LINESTRING (820.320707 109.129528, 809.072933 112.118056)

LINESTRING (820.320707 109.129528, 864.059195 165.187075)

LINESTRING (820.320707 109.129528, 828.598602 179.042174)

LINESTRING (820.320707 109.129528, 841.407363 161.089100)

LINESTRING (820.320707 109.129528, 851.818792 168.865952)

LINESTRING (820.320707 109.129528, 852.615535 146.505287)

LINESTRING (820.320707 109.129528, 849.331545 109.192424)

LINESTRING (820.320707 109.129528, 869.008046 144.846231)

LINESTRING (820.320707 109.129528, 856.545623 146.382164)

LINESTRING (820.320707 109.129528, 806.150472 138.016305)

LINESTRING (820.320707 109.129528, 854.263995 108.564677)

LINESTRING (820.320707 109.129528, 841.830500 167.891327)

LINESTRING (820.320707 109.129528, 809.950113 178.110035)

LINESTRING (820.320707 109.129528, 874.473623 167.036457)

LINESTRING (809.775474 120.321032, 863.778958 107.736734)

LINESTRING (809.775474 120.321032, 858.474448 137.885224)

LINESTRING (809.775474 120.321032, 822.637620 111.493068)

LINESTRING (809.775474 120.321032, 815.000294 108.517193)

LINESTRING (809.775474 120.321032, 802.737064 116.943172)

LINESTRING (809.775474 120.321032, 846.691006 154.842991)

LINESTRING (809.775474 120.321032, 859.293358 105.254813)

LINESTRING (809.775474 120.321032, 852.174508 163.410715)

LINESTRING (809.775474 120.321032, 827.167080 120.622781)

LINESTRING (809.775474 120.321032, 866.510955 131.350186)

LINESTRING (809.775474 120.321032, 879.851433 160.491244)

LINESTRING (809.775474 120.321032, 806.504503 139.855943)

LINESTRING (809.775474 120.321032, 809.072933 112.118056)

LINESTRING (809.775474 120.321032, 828.598602 179.042174)

LINESTRING (809.775474 120.321032, 841.407363 161.089100)

LINESTRING (809.775474 120.321032, 851.818792 168.865952)

LINESTRING (809.775474 120.321032, 852.615535 146.505287)

LINESTRING (809.775474 120.321032, 849.331545 109.192424)

LINESTRING (809.775474 120.321032, 869.008046 144.846231)

LINESTRING (809.775474 120.321032, 856.545623 146.382164)

LINESTRING (809.775474 120.321032, 802.940891 160.230055)

LINESTRING (809.775474 120.321032, 842.437750 116.656216)

LINESTRING (809.775474 120.321032, 833.700111 102.242586)

LINESTRING (809.775474 120.321032, 836.329448 155.928461)

LINESTRING (809.775474 120.321032, 843.668244 144.505975)

LINESTRING (809.775474 120.321032, 809.950113 178.110035)

LINESTRING (809.775474 120.321032, 874.473623 167.036457)

LINESTRING (863.778958 107.736734, 822.637620 111.493068)

LINESTRING (863.778958 107.736734, 815.000294 108.517193)

LINESTRING (863.778958 107.736734, 846.691006 154.842991)

LINESTRING (863.778958 107.736734, 863.370535 114.017960)

LINESTRING (863.778958 107.736734, 859.293358 105.254813)

LINESTRING (863.778958 107.736734, 852.174508 163.410715)

LINESTRING (863.778958 107.736734, 823.942613 103.136396)

LINESTRING (863.778958 107.736734, 876.194154 146.140941)

LINESTRING (863.778958 107.736734, 879.851433 160.491244)

LINESTRING (863.778958 107.736734, 809.072933 112.118056)

LINESTRING (863.778958 107.736734, 864.059195 165.187075)

LINESTRING (863.778958 107.736734, 828.598602 179.042174)

LINESTRING (863.778958 107.736734, 817.144674 141.234506)

LINESTRING (863.778958 107.736734, 849.331545 109.192424)

LINESTRING (863.778958 107.736734, 869.008046 144.846231)

LINESTRING (863.778958 107.736734, 856.545623 146.382164)

LINESTRING (863.778958 107.736734, 802.940891 160.230055)

LINESTRING (863.778958 107.736734, 841.830500 167.891327)

LINESTRING (863.778958 107.736734, 833.700111 102.242586)

LINESTRING (863.778958 107.736734, 836.329448 155.928461)

LINESTRING (863.778958 107.736734, 843.668244 144.505975)

LINESTRING (863.778958 107.736734, 809.950113 178.110035)

LINESTRING (863.778958 107.736734, 874.473623 167.036457)

LINESTRING (858.474448 137.885224, 822.637620 111.493068)

LINESTRING (858.474448 137.885224, 815.000294 108.517193)

LINESTRING (858.474448 137.885224, 802.737064 116.943172)

LINESTRING (858.474448 137.885224, 860.714103 165.074179)

LINESTRING (858.474448 137.885224, 846.691006 154.842991)

LINESTRING (858.474448 137.885224, 859.955977 161.089628)

LINESTRING (858.474448 137.885224, 863.370535 114.017960)

LINESTRING (858.474448 137.885224, 827.167080 120.622781)

LINESTRING (858.474448 137.885224, 813.948445 119.149654)

LINESTRING (858.474448 137.885224, 866.510955 131.350186)

LINESTRING (858.474448 137.885224, 864.059195 165.187075)

LINESTRING (858.474448 137.885224, 852.615535 146.505287)

LINESTRING (858.474448 137.885224, 817.144674 141.234506)

LINESTRING (858.474448 137.885224, 849.331545 109.192424)

LINESTRING (858.474448 137.885224, 856.545623 146.382164)

LINESTRING (858.474448 137.885224, 806.150472 138.016305)

LINESTRING (858.474448 137.885224, 854.263995 108.564677)

LINESTRING (858.474448 137.885224, 833.700111 102.242586)

LINESTRING (858.474448 137.885224, 843.668244 144.505975)

LINESTRING (858.474448 137.885224, 874.473623 167.036457)

LINESTRING (822.637620 111.493068, 815.000294 108.517193)

LINESTRING (822.637620 111.493068, 860.714103 165.074179)

LINESTRING (822.637620 111.493068, 859.955977 161.089628)

LINESTRING (822.637620 111.493068, 863.370535 114.017960)

LINESTRING (822.637620 111.493068, 852.174508 163.410715)

LINESTRING (822.637620 111.493068, 827.167080 120.622781)

LINESTRING (822.637620 111.493068, 876.194154 146.140941)

LINESTRING (822.637620 111.493068, 813.948445 119.149654)

LINESTRING (822.637620 111.493068, 809.072933 112.118056)

LINESTRING (822.637620 111.493068, 864.059195 165.187075)

LINESTRING (822.637620 111.493068, 852.615535 146.505287)

LINESTRING (822.637620 111.493068, 817.144674 141.234506)

LINESTRING (822.637620 111.493068, 849.331545 109.192424)

LINESTRING (822.637620 111.493068, 869.008046 144.846231)

LINESTRING (822.637620 111.493068, 856.545623 146.382164)

LINESTRING (822.637620 111.493068, 802.940891 160.230055)

LINESTRING (822.637620 111.493068, 842.437750 116.656216)

LINESTRING (822.637620 111.493068, 806.150472 138.016305)

LINESTRING (822.637620 111.493068, 854.263995 108.564677)

LINESTRING (822.637620 111.493068, 841.830500 167.891327)

LINESTRING (822.637620 111.493068, 843.668244 144.505975)

LINESTRING (822.637620 111.493068, 809.950113 178.110035)

LINESTRING (815.000294 108.517193, 802.737064 116.943172)

LINESTRING (815.000294 108.517193, 860.714103 165.074179)

LINESTRING (815.000294 108.517193, 846.691006 154.842991)

LINESTRING (815.000294 108.517193, 859.955977 161.089628)

LINESTRING (815.000294 108.517193, 852.174508 163.410715)

LINESTRING (815.000294 108.517193, 813.948445 119.149654)

LINESTRING (815.000294 108.517193, 866.510955 131.350186)

LINESTRING (815.000294 108.517193, 879.851433 160.491244)

LINESTRING (815.000294 108.517193, 806.504503 139.855943)

LINESTRING (815.000294 108.517193, 809.072933 112.118056)

LINESTRING (815.000294 108.517193, 864.059195 165.187075)

LINESTRING (815.000294 108.517193, 828.598602 179.042174)

LINESTRING (815.000294 108.517193, 852.615535 146.505287)

LINESTRING (815.000294 108.517193, 817.144674 141.234506)

LINESTRING (815.000294 108.517193, 802.940891 160.230055)

LINESTRING (815.000294 108.517193, 854.263995 108.564677)

LINESTRING (815.000294 108.517193, 841.830500 167.891327)

LINESTRING (815.000294 108.517193, 833.700111 102.242586)

LINESTRING (815.000294 108.517193, 854.687543 168.636114)

LINESTRING (815.000294 108.517193, 836.329448 155.928461)

LINESTRING (815.000294 108.517193, 843.668244 144.505975)

LINESTRING (815.000294 108.517193, 874.473623 167.036457)

LINESTRING (802.737064 116.943172, 846.691006 154.842991)

LINESTRING (802.737064 116.943172, 859.293358 105.254813)

LINESTRING (802.737064 116.943172, 852.174508 163.410715)

LINESTRING (802.737064 116.943172, 876.194154 146.140941)

LINESTRING (802.737064 116.943172, 813.948445 119.149654)

LINESTRING (802.737064 116.943172, 866.510955 131.350186)

LINESTRING (802.737064 116.943172, 879.851433 160.491244)

LINESTRING (802.737064 116.943172, 806.504503 139.855943)

LINESTRING (802.737064 116.943172, 809.072933 112.118056)

LINESTRING (802.737064 116.943172, 864.059195 165.187075)

LINESTRING (802.737064 116.943172, 828.598602 179.042174)

LINESTRING (802.737064 116.943172, 841.407363 161.089100)

LINESTRING (802.737064 116.943172, 851.818792 168.865952)

LINESTRING (802.737064 116.943172, 817.144674 141.234506)

LINESTRING (802.737064 116.943172, 849.331545 109.192424)

LINESTRING (802.737064 116.943172, 869.008046 144.846231)

LINESTRING (802.737064 116.943172, 802.940891 160.230055)

LINESTRING (802.737064 116.943172, 806.150472 138.016305)

LINESTRING (802.737064 116.943172, 854.263995 108.564677)

LINESTRING (802.737064 116.943172, 833.700111 102.242586)

LINESTRING (802.737064 116.943172, 854.687543 168.636114)

LINESTRING (802.737064 116.943172, 843.668244 144.505975)

LINESTRING (802.737064 116.943172, 809.950113 178.110035)

LINESTRING (860.714103 165.074179, 846.691006 154.842991)

LINESTRING (860.714103 165.074179, 859.955977 161.089628)

LINESTRING (860.714103 165.074179, 863.370535 114.017960)

LINESTRING (860.714103 165.074179, 859.293358 105.254813)

LINESTRING (860.714103 165.074179, 852.174508 163.410715)

LINESTRING (860.714103 165.074179, 827.167080 120.622781)

LINESTRING (860.714103 165.074179, 823.942613 103.136396)

LINESTRING (860.714103 165.074179, 813.948445 119.149654)

LINESTRING (860.714103 165.074179, 866.510955 131.350186)

LINESTRING (860.714103 165.074179, 879.851433 160.491244)

LINESTRING (860.714103 165.074179, 806.504503 139.855943)

LINESTRING (860.714103 165.074179, 809.072933 112.118056)

LINESTRING (860.714103 165.074179, 851.818792 168.865952)

LINESTRING (860.714103 165.074179, 852.615535 146.505287)

LINESTRING (860.714103 165.074179, 849.331545 109.192424)

LINESTRING (860.714103 165.074179, 802.940891 160.230055)

LINESTRING (860.714103 165.074179, 854.263995 108.564677)

LINESTRING (860.714103 165.074179, 836.329448 155.928461)

LINESTRING (860.714103 165.074179, 843.668244 144.505975)

LINESTRING (860.714103 165.074179, 809.950113 178.110035)

LINESTRING (860.714103 165.074179, 874.473623 167.036457)

LINESTRING (846.691006 154.842991, 859.955977 161.089628)

LINESTRING (846.691006 154.842991, 863.370535 114.017960)

LINESTRING (846.691006 154.842991, 859.293358 105.254813)

LINESTRING (846.691006 154.842991, 827.167080 120.622781)

LINESTRING (846.691006 154.842991, 876.194154 146.140941)

LINESTRING (846.691006 154.842991, 866.510955 131.350186)

LINESTRING (846.691006 154.842991, 879.851433 160.491244)

LINESTRING (846.691006 154.842991, 806.504503 139.855943)

LINESTRING (846.691006 154.842991, 864.059195 165.187075)

LINESTRING (846.691006 154.842991, 828.598602 179.042174)

LINESTRING (846.691006 154.842991, 841.407363 161.089100)

LINESTRING (846.691006 154.842991, 851.818792 168.865952)

LINESTRING (846.691006 154.842991, 852.615535 146.505287)

LINESTRING (846.691006 154.842991, 849.331545 109.192424)

LINESTRING (846.691006 154.842991, 802.940891 160.230055)

LINESTRING (846.691006 154.842991, 842.437750 116.656216)

LINESTRING (846.691006 154.842991, 841.830500 167.891327)

LINESTRING (846.691006 154.842991, 833.700111 102.242586)

LINESTRING (846.691006 154.842991, 836.329448 155.928461)

LINESTRING (846.691006 154.842991, 809.950113 178.110035)

LINESTRING (846.691006 154.842991, 874.473623 167.036457)

LINESTRING (859.955977 161.089628, 859.293358 105.254813)

LINESTRING (859.955977 161.089628, 852.174508 163.410715)

LINESTRING (859.955977 161.089628, 813.948445 119.149654)

LINESTRING (859.955977 161.089628, 866.510955 131.350186)

LINESTRING (859.955977 161.089628, 879.851433 160.491244)

LINESTRING (859.955977 161.089628, 806.504503 139.855943)

LINESTRING (859.955977 161.089628, 809.072933 112.118056)

LINESTRING (859.955977 161.089628, 864.059195 165.187075)

LINESTRING (859.955977 161.089628, 828.598602 179.042174)

LINESTRING (859.955977 161.089628, 851.818792 168.865952)

LINESTRING (859.955977 161.089628, 852.615535 146.505287)

LINESTRING (859.955977 161.089628, 817.144674 141.234506)

LINESTRING (859.955977 161.089628, 856.545623 146.382164)

LINESTRING (859.955977 161.089628, 802.940891 160.230055)

LINESTRING (859.955977 161.089628, 842.437750 116.656216)

LINESTRING (859.955977 161.089628, 833.700111 102.242586)

LINESTRING (859.955977 161.089628, 854.687543 168.636114)

LINESTRING (859.955977 161.089628, 843.668244 144.505975)

LINESTRING (859.955977 161.089628, 874.473623 167.036457)

LINESTRING (863.370535 114.017960, 859.293358 105.254813)

LINESTRING (863.370535 114.017960, 852.174508 163.410715)

LINESTRING (863.370535 114.017960, 827.167080 120.622781)

LINESTRING (863.370535 114.017960, 823.942613 103.136396)

LINESTRING (863.370535 114.017960, 876.194154 146.140941)

LINESTRING (863.370535 114.017960, 879.851433 160.491244)

LINESTRING (863.370535 114.017960, 806.504503 139.855943)

LINESTRING (863.370535 114.017960, 809.072933 112.118056)

LINESTRING (863.370535 114.017960, 864.059195 165.187075)

LINESTRING (863.370535 114.017960, 828.598602 179.042174)

LINESTRING (863.370535 114.017960, 841.407363 161.089100)

LINESTRING (863.370535 114.017960, 869.008046 144.846231)

LINESTRING (863.370535 114.017960, 856.545623 146.382164)

LINESTRING (863.370535 114.017960, 842.437750 116.656216)

LINESTRING (863.370535 114.017960, 841.830500 167.891327)

LINESTRING (863.370535 114.017960, 836.329448 155.928461)

LINESTRING (863.370535 114.017960, 843.668244 144.505975)

LINESTRING (863.370535 114.017960, 809.950113 178.110035)

LINESTRING (863.370535 114.017960, 874.473623 167.036457)

LINESTRING (859.293358 105.254813, 827.167080 120.622781)

LINESTRING (859.293358 105.254813, 823.942613 103.136396)

LINESTRING (859.293358 105.254813, 879.851433 160.491244)

LINESTRING (859.293358 105.254813, 806.504503 139.855943)

LINESTRING (859.293358 105.254813, 809.072933 112.118056)

LINESTRING (859.293358 105.254813, 864.059195 165.187075)

LINESTRING (859.293358 105.254813, 851.818792 168.865952)

LINESTRING (859.293358 105.254813, 817.144674 141.234506)

LINESTRING (859.293358 105.254813, 849.331545 109.192424)

LINESTRING (859.293358 105.254813, 856.545623 146.382164)

LINESTRING (859.293358 105.254813, 854.263995 108.564677)

LINESTRING (859.293358 105.254813, 841.830500 167.891327)

LINESTRING (859.293358 105.254813, 833.700111 102.242586)

LINESTRING (859.293358 105.254813, 854.687543 168.636114)

LINESTRING (859.293358 105.254813, 843.668244 144.505975)

LINESTRING (859.293358 105.254813, 809.950113 178.110035)

LINESTRING (852.174508 163.410715, 827.167080 120.622781)

LINESTRING (852.174508 163.410715, 823.942613 103.136396)

LINESTRING (852.174508 163.410715, 813.948445 119.149654)

LINESTRING (852.174508 163.410715, 866.510955 131.350186)

LINESTRING (852.174508 163.410715, 864.059195 165.187075)

LINESTRING (852.174508 163.410715, 828.598602 179.042174)

LINESTRING (852.174508 163.410715, 852.615535 146.505287)

LINESTRING (852.174508 163.410715, 856.545623 146.382164)

LINESTRING (852.174508 163.410715, 802.940891 160.230055)

LINESTRING (852.174508 163.410715, 806.150472 138.016305)

LINESTRING (852.174508 163.410715, 854.263995 108.564677)

LINESTRING (852.174508 163.410715, 854.687543 168.636114)

LINESTRING (852.174508 163.410715, 836.329448 155.928461)

LINESTRING (852.174508 163.410715, 843.668244 144.505975)

LINESTRING (852.174508 163.410715, 809.950113 178.110035)

LINESTRING (852.174508 163.410715, 874.473623 167.036457)

LINESTRING (827.167080 120.622781, 876.194154 146.140941)

LINESTRING (827.167080 120.622781, 813.948445 119.149654)

LINESTRING (827.167080 120.622781, 879.851433 160.491244)

LINESTRING (827.167080 120.622781, 809.072933 112.118056)

LINESTRING (827.167080 120.622781, 864.059195 165.187075)

LINESTRING (827.167080 120.622781, 841.407363 161.089100)

LINESTRING (827.167080 120.622781, 852.615535 146.505287)

LINESTRING (827.167080 120.622781, 817.144674 141.234506)

LINESTRING (827.167080 120.622781, 849.331545 109.192424)

LINESTRING (827.167080 120.622781, 802.940891 160.230055)

LINESTRING (827.167080 120.622781, 806.150472 138.016305)

LINESTRING (827.167080 120.622781, 854.263995 108.564677)

LINESTRING (827.167080 120.622781, 841.830500 167.891327)

LINESTRING (827.167080 120.622781, 854.687543 168.636114)

LINESTRING (827.167080 120.622781, 843.668244 144.505975)

LINESTRING (827.167080 120.622781, 809.950113 178.110035)

LINESTRING (827.167080 120.622781, 874.473623 167.036457)

LINESTRING (823.942613 103.136396, 806.504503 139.855943)

LINESTRING (823.942613 103.136396, 809.072933 112.118056)

LINESTRING (823.942613 103.136396, 864.059195 165.187075)

LINESTRING (823.942613 103.136396, 841.407363 161.089100)

LINESTRING (823.942613 103.136396, 851.818792 168.865952)

LINESTRING (823.942613 103.136396, 802.940891 160.230055)

LINESTRING (823.942613 103.136396, 842.437750 116.656216)

LINESTRING (823.942613 103.136396, 806.150472 138.016305)

LINESTRING (823.942613 103.136396, 841.830500 167.891327)

LINESTRING (823.942613 103.136396, 843.668244 144.505975)

LINESTRING (823.942613 103.136396, 874.473623 167.036457)

LINESTRING (876.194154 146.140941, 813.948445 119.149654)

LINESTRING (876.194154 146.140941, 866.510955 131.350186)

LINESTRING (876.194154 146.140941, 809.072933 112.118056)

LINESTRING (876.194154 146.140941, 828.598602 179.042174)

LINESTRING (876.194154 146.140941, 851.818792 168.865952)

LINESTRING (876.194154 146.140941, 852.615535 146.505287)

LINESTRING (876.194154 146.140941, 817.144674 141.234506)

LINESTRING (876.194154 146.140941, 869.008046 144.846231)

LINESTRING (876.194154 146.140941, 856.545623 146.382164)

LINESTRING (876.194154 146.140941, 842.437750 116.656216)

LINESTRING (876.194154 146.140941, 854.263995 108.564677)

LINESTRING (876.194154 146.140941, 833.700111 102.242586)

LINESTRING (876.194154 146.140941, 854.687543 168.636114)

LINESTRING (876.194154 146.140941, 809.950113 178.110035)

LINESTRING (876.194154 146.140941, 874.473623 167.036457)

LINESTRING (813.948445 119.149654, 879.851433 160.491244)

LINESTRING (813.948445 119.149654, 809.072933 112.118056)

LINESTRING (813.948445 119.149654, 864.059195 165.187075)

LINESTRING (813.948445 119.149654, 828.598602 179.042174)

LINESTRING (813.948445 119.149654, 852.615535 146.505287)

LINESTRING (813.948445 119.149654, 849.331545 109.192424)

LINESTRING (813.948445 119.149654, 869.008046 144.846231)

LINESTRING (813.948445 119.149654, 856.545623 146.382164)

LINESTRING (813.948445 119.149654, 806.150472 138.016305)

LINESTRING (813.948445 119.149654, 854.263995 108.564677)

LINESTRING (813.948445 119.149654, 833.700111 102.242586)

LINESTRING (813.948445 119.149654, 854.687543 168.636114)

LINESTRING (813.948445 119.149654, 874.473623 167.036457)

LINESTRING (866.510955 131.350186, 806.504503 139.855943)

LINESTRING (866.510955 131.350186, 809.072933 112.118056)

LINESTRING (866.510955 131.350186, 864.059195 165.187075)

LINESTRING (866.510955 131.350186, 828.598602 179.042174)

LINESTRING (866.510955 131.350186, 841.407363 161.089100)

LINESTRING (866.510955 131.350186, 817.144674 141.234506)

LINESTRING (866.510955 131.350186, 849.331545 109.192424)

LINESTRING (866.510955 131.350186, 869.008046 144.846231)

LINESTRING (866.510955 131.350186, 802.940891 160.230055)

LINESTRING (866.510955 131.350186, 841.830500 167.891327)

LINESTRING (866.510955 131.350186, 854.687543 168.636114)

LINESTRING (866.510955 131.350186, 836.329448 155.928461)

LINESTRING (866.510955 131.350186, 843.668244 144.505975)

LINESTRING (866.510955 131.350186, 809.950113 178.110035)

LINESTRING (879.851433 160.491244, 806.504503 139.855943)

LINESTRING (879.851433 160.491244, 809.072933 112.118056)

LINESTRING (879.851433 160.491244, 864.059195 165.187075)

LINESTRING (879.851433 160.491244, 828.598602 179.042174)

LINESTRING (879.851433 160.491244, 841.407363 161.089100)

LINESTRING (879.851433 160.491244, 817.144674 141.234506)

LINESTRING (879.851433 160.491244, 849.331545 109.192424)

LINESTRING (879.851433 160.491244, 802.940891 160.230055)

LINESTRING (879.851433 160.491244, 806.150472 138.016305)

LINESTRING (879.851433 160.491244, 833.700111 102.242586)

LINESTRING (879.851433 160.491244, 854.687543 168.636114)

LINESTRING (879.851433 160.491244, 843.668244 144.505975)

LINESTRING (806.504503 139.855943, 828.598602 179.042174)

LINESTRING (806.504503 139.855943, 841.407363 161.089100)

LINESTRING (806.504503 139.855943, 852.615535 146.505287)

LINESTRING (806.504503 139.855943, 817.144674 141.234506)

LINESTRING (806.504503 139.855943, 849.331545 109.192424)

LINESTRING (806.504503 139.855943, 869.008046 144.846231)

LINESTRING (806.504503 139.855943, 802.940891 160.230055)

LINESTRING (806.504503 139.855943, 842.437750 116.656216)

LINESTRING (806.504503 139.855943, 854.263995 108.564677)

LINESTRING (806.504503 139.855943, 833.700111 102.242586)

LINESTRING (806.504503 139.855943, 854.687543 168.636114)

LINESTRING (806.504503 139.855943, 843.668244 144.505975)

LINESTRING (809.072933 112.118056, 828.598602 179.042174)

LINESTRING (809.072933 112.118056, 849.331545 109.192424)

LINESTRING (809.072933 112.118056, 869.008046 144.846231)

LINESTRING (809.072933 112.118056, 856.545623 146.382164)

LINESTRING (809.072933 112.118056, 854.263995 108.564677)

LINESTRING (809.072933 112.118056, 836.329448 155.928461)

LINESTRING (809.072933 112.118056, 843.668244 144.505975)

LINESTRING (809.072933 112.118056, 809.950113 178.110035)

LINESTRING (809.072933 112.118056, 874.473623 167.036457)

LINESTRING (864.059195 165.187075, 828.598602 179.042174)

LINESTRING (864.059195 165.187075, 852.615535 146.505287)

LINESTRING (864.059195 165.187075, 856.545623 146.382164)

LINESTRING (864.059195 165.187075, 802.940891 160.230055)

LINESTRING (864.059195 165.187075, 806.150472 138.016305)

LINESTRING (864.059195 165.187075, 841.830500 167.891327)

LINESTRING (864.059195 165.187075, 836.329448 155.928461)

LINESTRING (864.059195 165.187075, 809.950113 178.110035)

LINESTRING (864.059195 165.187075, 874.473623 167.036457)

LINESTRING (828.598602 179.042174, 841.407363 161.089100)

LINESTRING (828.598602 179.042174, 852.615535 146.505287)

LINESTRING (828.598602 179.042174, 817.144674 141.234506)

LINESTRING (828.598602 179.042174, 849.331545 109.192424)

LINESTRING (828.598602 179.042174, 869.008046 144.846231)

LINESTRING (828.598602 179.042174, 856.545623 146.382164)

LINESTRING (828.598602 179.042174, 802.940891 160.230055)

LINESTRING (828.598602 179.042174, 841.830500 167.891327)

LINESTRING (828.598602 179.042174, 833.700111 102.242586)

LINESTRING (828.598602 179.042174, 836.329448 155.928461)

LINESTRING (828.598602 179.042174, 843.668244 144.505975)

LINESTRING (828.598602 179.042174, 809.950113 178.110035)

LINESTRING (828.598602 179.042174, 874.473623 167.036457)

LINESTRING (841.407363 161.089100, 851.818792 168.865952)

LINESTRING (841.407363 161.089100, 852.615535 146.505287)

LINESTRING (841.407363 161.089100, 817.144674 141.234506)

LINESTRING (841.407363 161.089100, 849.331545 109.192424)

LINESTRING (841.407363 161.089100, 869.008046 144.846231)

LINESTRING (841.407363 161.089100, 856.545623 146.382164)

LINESTRING (841.407363 161.089100, 802.940891 160.230055)

LINESTRING (841.407363 161.089100, 842.437750 116.656216)

LINESTRING (841.407363 161.089100, 854.263995 108.564677)

LINESTRING (841.407363 161.089100, 833.700111 102.242586)

LINESTRING (841.407363 161.089100, 854.687543 168.636114)

LINESTRING (841.407363 161.089100, 843.668244 144.505975)

LINESTRING (841.407363 161.089100, 809.950113 178.110035)

LINESTRING (851.818792 168.865952, 849.331545 109.192424)

LINESTRING (851.818792 168.865952, 869.008046 144.846231)

LINESTRING (851.818792 168.865952, 856.545623 146.382164)

LINESTRING (851.818792 168.865952, 802.940891 160.230055)

LINESTRING (851.818792 168.865952, 842.437750 116.656216)

LINESTRING (851.818792 168.865952, 854.263995 108.564677)

LINESTRING (851.818792 168.865952, 833.700111 102.242586)

LINESTRING (851.818792 168.865952, 843.668244 144.505975)

LINESTRING (851.818792 168.865952, 874.473623 167.036457)

LINESTRING (852.615535 146.505287, 817.144674 141.234506)

LINESTRING (852.615535 146.505287, 869.008046 144.846231)

LINESTRING (852.615535 146.505287, 856.545623 146.382164)

LINESTRING (852.615535 146.505287, 842.437750 116.656216)

LINESTRING (852.615535 146.505287, 806.150472 138.016305)

LINESTRING (852.615535 146.505287, 854.263995 108.564677)

LINESTRING (852.615535 146.505287, 833.700111 102.242586)

LINESTRING (852.615535 146.505287, 809.950113 178.110035)

LINESTRING (852.615535 146.505287, 874.473623 167.036457)

LINESTRING (817.144674 141.234506, 849.331545 109.192424)

LINESTRING (817.144674 141.234506, 869.008046 144.846231)

LINESTRING (817.144674 141.234506, 856.545623 146.382164)

LINESTRING (817.144674 141.234506, 854.263995 108.564677)

LINESTRING (817.144674 141.234506, 833.700111 102.242586)

LINESTRING (817.144674 141.234506, 854.687543 168.636114)

LINESTRING (817.144674 141.234506, 836.329448 155.928461)

LINESTRING (817.144674 141.234506, 809.950113 178.110035)

LINESTRING (817.144674 141.234506, 874.473623 167.036457)

LINESTRING (849.331545 109.192424, 802.940891 160.230055)

LINESTRING (849.331545 109.192424, 842.437750 116.656216)

LINESTRING (849.331545 109.192424, 854.263995 108.564677)

LINESTRING (849.331545 109.192424, 841.830500 167.891327)

LINESTRING (849.331545 109.192424, 833.700111 102.242586)

LINESTRING (849.331545 109.192424, 836.329448 155.928461)

LINESTRING (849.331545 109.192424, 843.668244 144.505975)

LINESTRING (849.331545 109.192424, 809.950113 178.110035)

LINESTRING (849.331545 109.192424, 874.473623 167.036457)

LINESTRING (869.008046 144.846231, 856.545623 146.382164)

LINESTRING (869.008046 144.846231, 842.437750 116.656216)

LINESTRING (869.008046 144.846231, 806.150472 138.016305)

LINESTRING (869.008046 144.846231, 854.263995 108.564677)

LINESTRING (869.008046 144.846231, 841.830500 167.891327)

LINESTRING (869.008046 144.846231, 854.687543 168.636114)

LINESTRING (869.008046 144.846231, 836.329448 155.928461)

LINESTRING (869.008046 144.846231, 843.668244 144.505975)

LINESTRING (856.545623 146.382164, 802.940891 160.230055)

LINESTRING (856.545623 146.382164, 806.150472 138.016305)

LINESTRING (856.545623 146.382164, 833.700111 102.242586)

LINESTRING (856.545623 146.382164, 809.950113 178.110035)

LINESTRING (856.545623 146.382164, 874.473623 167.036457)

LINESTRING (802.940891 160.230055, 842.437750 116.656216)

LINESTRING (802.940891 160.230055, 806.150472 138.016305)

LINESTRING (802.940891 160.230055, 833.700111 102.242586)

LINESTRING (802.940891 160.230055, 836.329448 155.928461)

LINESTRING (802.940891 160.230055, 843.668244 144.505975)

LINESTRING (802.940891 160.230055, 809.950113 178.110035)

LINESTRING (842.437750 116.656216, 806.150472 138.016305)

LINESTRING (842.437750 116.656216, 833.700111 102.242586)

LINESTRING (842.437750 116.656216, 854.687543 168.636114)

LINESTRING (842.437750 116.656216, 836.329448 155.928461)

LINESTRING (842.437750 116.656216, 843.668244 144.505975)

LINESTRING (806.150472 138.016305, 854.263995 108.564677)

LINESTRING (806.150472 138.016305, 833.700111 102.242586)

LINESTRING (806.150472 138.016305, 854.687543 168.636114)

LINESTRING (806.150472 138.016305, 836.329448 155.928461)

LINESTRING (806.150472 138.016305, 843.668244 144.505975)

LINESTRING (806.150472 138.016305, 874.473623 167.036457)

LINESTRING (854.263995 108.564677, 841.830500 167.891327)

LINESTRING (854.263995 108.564677, 833.700111 102.242586)

LINESTRING (854.263995 108.564677, 854.687543 168.636114)

LINESTRING (854.263995 108.564677, 836.329448 155.928461)

LINESTRING (854.263995 108.564677, 843.668244 144.505975)

LINESTRING (841.830500 167.891327, 833.700111 102.242586)

LINESTRING (841.830500 167.891327, 854.687543 168.636114)

LINESTRING (841.830500 167.891327, 836.329448 155.928461)

LINESTRING (833.700111 102.242586, 836.329448 155.928461)

LINESTRING (854.687543 168.636114, 843.668244 144.505975)

LINESTRING (854.687543 168.636114, 874.473623 167.036457)

LINESTRING (836.329448 155.928461, 843.668244 144.505975)

LINESTRING (843.668244 144.505975, 874.473623 167.036457)

LINESTRING (809.950113 178.110035, 874.473623 167.036457)

LINESTRING (143.162918 114.450475, 461.703914 167.168608)

LINESTRING (167.375508 141.205325, 467.084610 131.696982)

LINESTRING (113.861644 129.687784, 467.798743 145.498095)

LINESTRING (498.059015 116.457642, 806.024076 177.617594)

LINESTRING (476.766462 164.004060, 856.545623 146.382164)

LINESTRING (467.798743 145.498095, 840.423528 134.532791)

