LINESTRING (388966.730945 6673884.254402, 388964.486576 6673888.936050)

LINESTRING (388966.730945 6673884.254402, 388918.400072 6673869.673447)

LINESTRING (388966.730945 6673884.254402, 388995.537983 6673895.003837, 389024.692039 6673908.785253, 389052.575932 6673922.048195, 389076.381885 6673935.535203, 389097.002521 6673948.483660, 389130.665121 6673975.011618)

LINESTRING (388964.486576 6673888.936050, 388966.730945 6673884.254402)

LINESTRING (388964.486576 6673888.936050, 388964.171430 6673890.438891, 388963.357026 6673899.267271, 388961.826458 6673917.600830, 388958.868743 6673940.112068, 388957.719308 6673951.981754, 388957.969513 6673966.450086)

LINESTRING (388964.486576 6673888.936050, 388960.745385 6673887.266507, 388956.785980 6673885.904472, 388927.265077 6673876.692565, 388917.601547 6673874.266677)

LINESTRING (388964.486576 6673888.936050, 388969.743802 6673890.637622, 388979.241553 6673894.004759, 388994.085733 6673899.271410, 389023.482274 6673912.265390, 389050.655817 6673925.895312, 389074.398166 6673938.749033, 389095.147960 6673951.381537, 389110.158950 6673963.084750, 389124.026821 6673974.610912, 389125.232717 6673976.680580, 389127.888264 6673978.973792)

LINESTRING (388918.400072 6673869.673447, 388966.730945 6673884.254402)

LINESTRING (388918.400072 6673869.673447, 388917.601547 6673874.266677)

LINESTRING (388918.400072 6673869.673447, 388895.928969 6673862.900118, 388860.414888 6673854.450119)

LINESTRING (389130.665121 6673975.011618, 389127.888264 6673978.973792)

LINESTRING (389130.665121 6673975.011618, 389097.002521 6673948.483660, 389076.381885 6673935.535203, 389052.575932 6673922.048195, 389024.692039 6673908.785253, 388995.537983 6673895.003837, 388966.730945 6673884.254402)

LINESTRING (389130.665121 6673975.011618, 389142.555761 6673985.572495, 389149.803886 6673992.184192)

LINESTRING (389127.888264 6673978.973792, 389130.665121 6673975.011618)

LINESTRING (389127.888264 6673978.973792, 389127.161274 6673980.622818, 389125.099064 6673985.276557, 389118.036220 6674003.287266)

LINESTRING (389127.888264 6673978.973792, 389125.232717 6673976.680580, 389124.026821 6673974.610912, 389110.158950 6673963.084750, 389095.147960 6673951.381537, 389074.398166 6673938.749033, 389050.655817 6673925.895312, 389023.482274 6673912.265390, 388994.085733 6673899.271410, 388979.241553 6673894.004759, 388969.743802 6673890.637622, 388964.486576 6673888.936050)

LINESTRING (389127.888264 6673978.973792, 389131.386117 6673981.776401, 389133.451020 6673983.441162, 389150.518739 6674000.030120)

LINESTRING (389149.803886 6673992.184192, 389157.586533 6673999.771521)

LINESTRING (389149.803886 6673992.184192, 389142.555761 6673985.572495, 389130.665121 6673975.011618)

LINESTRING (389149.803886 6673992.184192, 389151.562636 6673990.336769, 389157.570690 6673984.036851)

LINESTRING (389283.077849 6674116.472283, 389263.780827 6674098.245181)

LINESTRING (389283.077849 6674116.472283, 389291.224728 6674121.808942)

LINESTRING (389283.077849 6674116.472283, 389280.335638 6674121.581110)

LINESTRING (389263.780827 6674098.245181, 389256.489068 6674091.277991)

LINESTRING (389263.780827 6674098.245181, 389283.077849 6674116.472283)

LINESTRING (389263.780827 6674098.245181, 389267.846487 6674093.776080)

LINESTRING (389291.224728 6674121.808942, 389283.077849 6674116.472283)

LINESTRING (389291.224728 6674121.808942, 389291.608410 6674128.806825)

LINESTRING (389291.224728 6674121.808942, 389300.723947 6674125.622587, 389314.462258 6674128.684011, 389318.439690 6674129.187796, 389328.622181 6674130.640641)

LINESTRING (389280.335638 6674121.581110, 389284.536529 6674124.518604)

LINESTRING (389280.335638 6674121.581110, 389283.077849 6674116.472283)

LINESTRING (389280.335638 6674121.581110, 389276.994123 6674118.985372, 389272.249469 6674114.949949, 389267.609237 6674109.964145, 389260.980152 6674103.255497, 389252.768146 6674095.402358)

LINESTRING (389280.335638 6674121.581110, 389278.442741 6674124.680641, 389255.217533 6674166.637838, 389238.934472 6674196.294030)

LINESTRING (389808.155388 6674188.295937, 389799.168613 6674187.284957)

LINESTRING (389808.155388 6674188.295937, 389817.580967 6674189.505462)

LINESTRING (389808.155388 6674188.295937, 389810.526928 6674179.331793, 389813.605648 6674167.682994, 389821.144788 6674144.934438, 389833.369391 6674108.048275, 389836.731043 6674100.079583)

LINESTRING (389799.168613 6674187.284957, 389777.750666 6674184.765018)

LINESTRING (389799.168613 6674187.284957, 389808.155388 6674188.295937)

LINESTRING (389799.168613 6674187.284957, 389800.476039 6674180.024413)

LINESTRING (389799.168613 6674187.284957, 389797.882726 6674194.154821)

LINESTRING (389817.580967 6674189.505462, 389832.827294 6674191.442460)

LINESTRING (389817.580967 6674189.505462, 389808.155388 6674188.295937)

LINESTRING (389817.580967 6674189.505462, 389831.470829 6674185.276194, 389864.413985 6674189.076633, 389895.732938 6674194.965536, 389911.086869 6674198.638051, 389924.311495 6674202.363519, 389943.790223 6674208.497482, 389963.936783 6674216.728786, 389978.194996 6674223.276179, 389994.400423 6674231.470101, 389997.595317 6674238.071491)

LINESTRING (389836.731043 6674100.079583, 389837.831406 6674093.126171)

LINESTRING (389836.731043 6674100.079583, 389833.369391 6674108.048275, 389821.144788 6674144.934438, 389813.605648 6674167.682994, 389810.526928 6674179.331793, 389808.155388 6674188.295937)

LINESTRING (390058.746209 6674217.390080, 390108.489404 6674249.405588, 390201.119648 6674308.239481)

LINESTRING (389396.361190 6673920.493002, 389393.789968 6673918.598231)

LINESTRING (389396.361190 6673920.493002, 389411.184632 6673903.240238, 389421.278086 6673895.847845, 389426.414667 6673893.564213)

LINESTRING (389396.361190 6673920.493002, 389401.058913 6673925.176350, 389415.830023 6673935.584198, 389431.076981 6673950.725005, 389433.981398 6673955.384553)

LINESTRING (389396.361190 6673920.493002, 389393.079568 6673922.820925, 389386.984051 6673931.017532)

LINESTRING (389393.789968 6673918.598231, 389382.437526 6673917.013379)

LINESTRING (389393.789968 6673918.598231, 389396.361190 6673920.493002)

LINESTRING (389393.789968 6673918.598231, 389398.226725 6673911.521563, 389403.671440 6673904.559317, 389408.256158 6673899.807255, 389413.995679 6673895.254334, 389419.257572 6673891.975104, 389424.863758 6673889.253819)

LINESTRING (389426.414667 6673893.564213, 389477.185871 6673871.058281)

LINESTRING (389426.414667 6673893.564213, 389424.863758 6673889.253819)

LINESTRING (389426.414667 6673893.564213, 389421.278086 6673895.847845, 389411.184632 6673903.240238, 389396.361190 6673920.493002)

LINESTRING (389433.981398 6673955.384553, 389444.284972 6673958.260490, 389461.813921 6673967.013943, 389478.479025 6673975.648687)

LINESTRING (389433.981398 6673955.384553, 389435.956887 6673961.442852, 389440.920225 6673977.863831, 389444.790743 6673985.113009, 389448.976735 6673990.313341)

LINESTRING (389433.981398 6673955.384553, 389431.076981 6673950.725005, 389415.830023 6673935.584198, 389401.058913 6673925.176350, 389396.361190 6673920.493002)

LINESTRING (389386.984051 6673931.017532, 389393.079568 6673922.820925, 389396.361190 6673920.493002)

LINESTRING (389484.644196 6673867.735123, 389477.185871 6673871.058281)

LINESTRING (389484.644196 6673867.735123, 389482.989849 6673863.672994)

LINESTRING (389484.644196 6673867.735123, 389487.239292 6673874.097913)

LINESTRING (389477.185871 6673871.058281, 389484.644196 6673867.735123)

LINESTRING (389477.185871 6673871.058281, 389426.414667 6673893.564213)

LINESTRING (389477.185871 6673871.058281, 389475.466153 6673866.485512)

LINESTRING (389477.185871 6673871.058281, 389478.938181 6673875.607779, 389481.485013 6673876.511544)

LINESTRING (389482.989849 6673863.672994, 389484.644196 6673867.735123)

LINESTRING (389482.989849 6673863.672994, 389481.748667 6673860.612481)

LINESTRING (389482.989849 6673863.672994, 389488.340741 6673862.051612)

LINESTRING (389487.239292 6673874.097913, 389484.644196 6673867.735123)

LINESTRING (389487.239292 6673874.097913, 389492.623938 6673871.940614)

LINESTRING (389487.239292 6673874.097913, 389481.485013 6673876.511544)

LINESTRING (389487.239292 6673874.097913, 389490.686245 6673882.574604, 389499.815764 6673903.728596)

LINESTRING (389953.200173 6674025.166839, 389965.985634 6674053.031958)

LINESTRING (389953.200173 6674025.166839, 389948.187547 6674009.426512)

LINESTRING (389953.200173 6674025.166839, 389958.411506 6674016.875215)

LINESTRING (389953.200173 6674025.166839, 389947.835673 6674033.162195, 389943.777324 6674035.134079)

LINESTRING (389965.985634 6674053.031958, 389953.200173 6674025.166839)

LINESTRING (389965.985634 6674053.031958, 389968.527285 6674058.572019, 389975.338411 6674073.411382)

LINESTRING (389965.985634 6674053.031958, 389970.448375 6674051.036799, 389972.622369 6674050.068806)

LINESTRING (389948.187547 6674009.426512, 389954.402743 6674007.022048)

LINESTRING (389948.187547 6674009.426512, 389941.693611 6674011.973093)

LINESTRING (389948.187547 6674009.426512, 389953.200173 6674025.166839)

LINESTRING (389948.187547 6674009.426512, 389945.191368 6673999.476049, 389943.464650 6673982.466840, 389943.255418 6673961.110509, 389943.489977 6673942.147892)

LINESTRING (389958.411506 6674016.875215, 389954.402743 6674007.022048)

LINESTRING (389958.411506 6674016.875215, 389953.200173 6674025.166839)

LINESTRING (389958.411506 6674016.875215, 389960.331379 6674015.391097, 389964.445759 6674011.589969, 389994.521353 6673983.818378, 390029.416663 6673950.397236, 390042.769980 6673932.333235)

LINESTRING (389958.411506 6674016.875215, 389969.250540 6674043.495037, 389972.622369 6674050.068806)

LINESTRING (389943.777324 6674035.134079, 389941.162205 6674029.551666)

LINESTRING (389943.777324 6674035.134079, 389940.276469 6674036.821754, 389931.023296 6674038.403805)

LINESTRING (389943.777324 6674035.134079, 389945.159206 6674038.090207, 389944.808300 6674038.969972, 389916.817875 6674052.459831)

LINESTRING (389944.902751 6673821.162019, 389941.943048 6673814.274996)

LINESTRING (389944.902751 6673821.162019, 389951.429937 6673820.263737)

LINESTRING (389944.902751 6673821.162019, 389946.111272 6673827.210188, 389946.816579 6673834.610738, 389945.442345 6673865.876909)

LINESTRING (389941.943048 6673814.274996, 389944.902751 6673821.162019)

LINESTRING (389941.943048 6673814.274996, 389935.750518 6673816.890518)

LINESTRING (389941.943048 6673814.274996, 389932.049784 6673791.449109, 389930.089844 6673786.805365)

LINESTRING (389951.429937 6673820.263737, 389944.902751 6673821.162019)

LINESTRING (389951.429937 6673820.263737, 389937.482954 6673784.064589)

LINESTRING (389951.429937 6673820.263737, 389963.976877 6673817.278933, 389993.164249 6673804.032144)

LINESTRING (389951.429937 6673820.263737, 389953.063573 6673831.592420, 389953.351568 6673842.649530, 389952.204144 6673865.216735)

LINESTRING (389945.442345 6673865.876909, 389952.204144 6673865.216735)

LINESTRING (389945.442345 6673865.876909, 389937.954307 6673867.116120)

LINESTRING (389945.442345 6673865.876909, 389946.816579 6673834.610738, 389946.111272 6673827.210188, 389944.902751 6673821.162019)

LINESTRING (389945.442345 6673865.876909, 389946.689201 6673868.770237, 389948.532690 6673873.049744, 389948.600405 6673880.101718)

LINESTRING (389777.750666 6674184.765018, 389776.857852 6674190.497530)

LINESTRING (389777.750666 6674184.765018, 389799.168613 6674187.284957)

LINESTRING (389777.750666 6674184.765018, 389761.033578 6674182.638523, 389729.662568 6674178.903081)

LINESTRING (389776.857852 6674190.497530, 389777.750666 6674184.765018)

LINESTRING (389776.857852 6674190.497530, 389784.455914 6674191.461120)

LINESTRING (389776.857852 6674190.497530, 389769.646354 6674189.656039)

LINESTRING (389776.857852 6674190.497530, 389776.332619 6674193.878775, 389775.148859 6674199.163153, 389772.561272 6674207.030595, 389753.667037 6674240.763604)

LINESTRING (389729.662568 6674178.903081, 389729.111512 6674185.293940)

LINESTRING (389729.662568 6674178.903081, 389680.181876 6674172.872008, 389657.605852 6674170.231655)

LINESTRING (389729.662568 6674178.903081, 389761.033578 6674182.638523, 389777.750666 6674184.765018)

LINESTRING (389155.610942 6673741.895297, 389148.988061 6673736.702199)

LINESTRING (389155.610942 6673741.895297, 389159.379351 6673737.680255)

LINESTRING (389148.988061 6673736.702199, 389153.367040 6673732.123203)

LINESTRING (389148.988061 6673736.702199, 389146.076268 6673739.331172)

LINESTRING (389148.988061 6673736.702199, 389145.422416 6673733.500439, 389143.977782 6673728.863759)

LINESTRING (389159.379351 6673737.680255, 389168.682810 6673727.291097)

LINESTRING (389159.379351 6673737.680255, 389164.780046 6673741.550821)

LINESTRING (389231.074348 6673663.621203, 389227.040651 6673659.073975)

LINESTRING (389231.074348 6673663.621203, 389233.774898 6673670.515550)

LINESTRING (389231.074348 6673663.621203, 389239.973656 6673656.554197, 389245.531172 6673653.499804)

LINESTRING (389231.074348 6673663.621203, 389227.589741 6673670.067493, 389226.833046 6673671.472228, 389224.615943 6673674.135833)

LINESTRING (389227.040651 6673659.073975, 389231.074348 6673663.621203)

LINESTRING (389227.040651 6673659.073975, 389223.571451 6673662.544393)

LINESTRING (389227.040651 6673659.073975, 389224.298563 6673656.493564, 389197.146297 6673632.419864)

LINESTRING (389227.040651 6673659.073975, 389231.825722 6673655.987214, 389272.051313 6673633.385297)

LINESTRING (389233.774898 6673670.515550, 389227.161925 6673676.655315)

LINESTRING (389233.774898 6673670.515550, 389231.074348 6673663.621203)

LINESTRING (389233.774898 6673670.515550, 389239.901986 6673664.825107, 389248.649573 6673657.695850, 389249.370391 6673657.306297)

LINESTRING (389233.774898 6673670.515550, 389234.616875 6673672.663127, 389256.631597 6673692.958710, 389213.044495 6673740.167906)

LINESTRING (389245.531172 6673653.499804, 389272.642089 6673638.605040)

LINESTRING (389245.531172 6673653.499804, 389249.370391 6673657.306297)

LINESTRING (389245.531172 6673653.499804, 389239.973656 6673656.554197, 389231.074348 6673663.621203)

LINESTRING (389224.615943 6673674.135833, 389221.305686 6673670.569669)

LINESTRING (389224.615943 6673674.135833, 389225.723170 6673675.328154, 389227.161925 6673676.655315)

LINESTRING (389224.615943 6673674.135833, 389222.697695 6673675.854312, 389216.177747 6673678.648126)

LINESTRING (389070.823522 6673661.619900, 389073.818418 6673658.252854)

LINESTRING (389070.823522 6673661.619900, 389058.434264 6673652.043837)

LINESTRING (389070.823522 6673661.619900, 389088.586406 6673676.917166, 389125.851175 6673711.069887)

LINESTRING (389073.818418 6673658.252854, 389070.823522 6673661.619900)

LINESTRING (389073.818418 6673658.252854, 389061.062559 6673649.033351)

LINESTRING (389073.818418 6673658.252854, 389075.538826 6673656.417707, 389111.023638 6673618.601372, 389131.932835 6673594.109088, 389135.087160 6673589.221703)

LINESTRING (389073.818418 6673658.252854, 389128.571717 6673707.989792, 389142.063681 6673720.820127, 389147.108386 6673724.846319)

LINESTRING (389058.434264 6673652.043837, 389044.532660 6673642.379923)

LINESTRING (389058.434264 6673652.043837, 389070.823522 6673661.619900)

LINESTRING (389058.434264 6673652.043837, 389056.324982 6673654.782288, 389055.011535 6673656.493674)

LINESTRING (389058.434264 6673652.043837, 389060.510322 6673649.674143, 389061.062559 6673649.033351)

LINESTRING (389125.851175 6673711.069887, 389122.886140 6673715.606092)

LINESTRING (389125.851175 6673711.069887, 389134.654117 6673719.707244)

LINESTRING (389125.851175 6673711.069887, 389088.586406 6673676.917166, 389070.823522 6673661.619900)

LINESTRING (388769.544515 6673827.466963, 388778.720257 6673832.826995)

LINESTRING (388769.544515 6673827.466963, 388763.875219 6673835.406538)

LINESTRING (388769.544515 6673827.466963, 388772.083450 6673823.901773)

LINESTRING (388778.720257 6673832.826995, 388769.544515 6673827.466963)

LINESTRING (388778.720257 6673832.826995, 388780.877642 6673830.220637, 388780.010911 6673825.622244)

LINESTRING (388778.720257 6673832.826995, 388785.005903 6673837.684223, 388790.280894 6673840.878289, 388794.775481 6673842.680791, 388804.293611 6673845.612254, 388813.526976 6673847.025674, 388819.439619 6673847.826759, 388844.960333 6673851.576180, 388857.901880 6673853.935788)

LINESTRING (388778.720257 6673832.826995, 388776.367046 6673835.015836, 388775.469220 6673835.422008, 388773.388421 6673836.165008, 388770.465905 6673836.420965)

LINESTRING (388763.875219 6673835.406538, 388769.544515 6673827.466963)

LINESTRING (388763.875219 6673835.406538, 388770.465905 6673836.420965)

LINESTRING (388763.875219 6673835.406538, 388763.128735 6673836.409886, 388762.036000 6673838.437852, 388759.941298 6673843.471692, 388757.970033 6673849.827908, 388757.474027 6673854.690586, 388758.532675 6673868.343149)

LINESTRING (388772.083450 6673823.901773, 388769.544515 6673827.466963)

LINESTRING (388795.534505 6673759.145242, 388795.988388 6673754.172413)

LINESTRING (388795.534505 6673759.145242, 388794.750527 6673766.223154)

LINESTRING (388795.534505 6673759.145242, 388805.910707 6673758.161427, 388810.013519 6673758.025667)

LINESTRING (388795.988388 6673754.172413, 388795.534505 6673759.145242)

LINESTRING (388795.988388 6673754.172413, 388802.648571 6673753.268039, 388810.026677 6673752.977075)

LINESTRING (388795.988388 6673754.172413, 388796.397860 6673750.660786, 388798.245564 6673742.425028, 388800.152396 6673736.683712, 388810.260492 6673724.129532)

LINESTRING (388795.988388 6673754.172413, 388790.816173 6673754.730712, 388776.072114 6673758.087199, 388762.276618 6673759.966213, 388750.076585 6673760.470669, 388748.845979 6673760.519210)

LINESTRING (388794.750527 6673766.223154, 388795.534505 6673759.145242)

LINESTRING (388794.750527 6673766.223154, 388793.542826 6673770.862277, 388791.384686 6673776.733816)

LINESTRING (388794.750527 6673766.223154, 388786.665904 6673767.371407, 388781.496342 6673767.651041, 388773.852617 6673765.409321)

LINESTRING (388810.013519 6673758.025667, 388809.809208 6673764.272463)

LINESTRING (388810.013519 6673758.025667, 388810.026677 6673752.977075)

LINESTRING (388810.013519 6673758.025667, 388815.767262 6673758.341246, 388822.277538 6673761.821017)

LINESTRING (390042.769980 6673932.333235, 390060.150093 6673949.485220)

LINESTRING (390042.769980 6673932.333235, 390029.416663 6673950.397236, 389994.521353 6673983.818378, 389964.445759 6674011.589969, 389960.331379 6674015.391097, 389958.411506 6674016.875215)

LINESTRING (390042.769980 6673932.333235, 390028.624952 6673914.437799, 390003.200351 6673887.587425, 389996.866582 6673882.729622, 389985.414081 6673878.359973, 389980.859096 6673877.293340, 389973.485732 6673876.623447, 389966.968583 6673877.298517, 389960.934162 6673879.262909, 389956.972030 6673880.195507, 389951.552618 6673880.280417)

LINESTRING (390060.150093 6673949.485220, 390042.769980 6673932.333235)

LINESTRING (390060.150093 6673949.485220, 390065.961236 6673944.708322)

LINESTRING (390060.150093 6673949.485220, 390079.611753 6673968.692090, 390086.425571 6673973.836493, 390093.886271 6673976.498716)

LINESTRING (389951.552618 6673880.280417, 389948.600405 6673880.101718)

LINESTRING (389951.552618 6673880.280417, 389952.204144 6673865.216735)

LINESTRING (389951.552618 6673880.280417, 389956.972030 6673880.195507, 389960.934162 6673879.262909, 389966.968583 6673877.298517, 389973.485732 6673876.623447, 389980.859096 6673877.293340, 389985.414081 6673878.359973, 389996.866582 6673882.729622, 390003.200351 6673887.587425, 390028.624952 6673914.437799, 390042.769980 6673932.333235)

LINESTRING (389951.552618 6673880.280417, 389948.604409 6673961.640607, 389950.841487 6673997.656901, 389954.402743 6674007.022048)

LINESTRING (389520.312302 6673951.228994, 389499.815764 6673903.728596)

LINESTRING (389520.312302 6673951.228994, 389515.864443 6673953.346839)

LINESTRING (389520.312302 6673951.228994, 389525.308374 6673963.046683, 389526.085606 6673964.895390)

LINESTRING (389499.815764 6673903.728596, 389520.312302 6673951.228994)

LINESTRING (389499.815764 6673903.728596, 389495.203704 6673905.739982)

LINESTRING (389499.815764 6673903.728596, 389490.686245 6673882.574604, 389487.239292 6673874.097913)

LINESTRING (389515.864443 6673953.346839, 389525.834404 6673978.086120)

LINESTRING (389515.864443 6673953.346839, 389520.312302 6673951.228994)

LINESTRING (389515.864443 6673953.346839, 389507.745911 6673934.424496, 389495.203704 6673905.739982)

LINESTRING (389515.864443 6673953.346839, 389510.275265 6673955.343125, 389481.324812 6673956.495667)

LINESTRING (389526.085606 6673964.895390, 389530.789134 6673976.030996)

LINESTRING (389526.085606 6673964.895390, 389531.395707 6673962.294639)

LINESTRING (389526.085606 6673964.895390, 389525.308374 6673963.046683, 389520.312302 6673951.228994)

LINESTRING (389862.106284 6674069.963233, 389870.803107 6674064.463986, 389876.504216 6674062.130569, 389902.909152 6674051.284583, 389931.023296 6674038.403805)

LINESTRING (389862.106284 6674069.963233, 389856.275058 6674067.787353, 389854.360004 6674065.003312)

LINESTRING (389862.106284 6674069.963233, 389859.233830 6674071.877245, 389856.834321 6674073.832746)

LINESTRING (389931.023296 6674038.403805, 389928.198813 6674032.872272)

LINESTRING (389931.023296 6674038.403805, 389902.909152 6674051.284583, 389876.504216 6674062.130569, 389870.803107 6674064.463986, 389862.106284 6674069.963233)

LINESTRING (389931.023296 6674038.403805, 389938.078031 6674031.070803, 389938.761704 6674030.738221, 389941.162205 6674029.551666)

LINESTRING (389854.360004 6674065.003312, 389848.355554 6674068.504846)

LINESTRING (389854.360004 6674065.003312, 389852.285416 6674061.343713, 389852.985432 6674056.575394)

LINESTRING (389854.360004 6674065.003312, 389856.834577 6674063.513589, 389858.573398 6674062.469471, 389860.791746 6674061.132330)

LINESTRING (389856.834321 6674073.832746, 389859.233830 6674071.877245, 389862.106284 6674069.963233)

LINESTRING (389856.834321 6674073.832746, 389854.296851 6674079.871028, 389850.460298 6674084.600006, 389846.769095 6674089.179745, 389844.463243 6674092.402829)

LINESTRING (389259.380024 6673796.290558, 389253.835462 6673806.186876)

LINESTRING (389259.380024 6673796.290558, 389265.872978 6673797.197390, 389270.237896 6673797.655984, 389280.766845 6673797.504682, 389316.851959 6673793.293201)

LINESTRING (389259.380024 6673796.290558, 389253.502973 6673794.462452, 389247.143808 6673791.924590, 389241.284516 6673789.583348, 389239.762016 6673788.971924)

LINESTRING (389253.835462 6673806.186876, 389259.380024 6673796.290558)

LINESTRING (389253.835462 6673806.186876, 389258.858241 6673810.046718)

LINESTRING (389253.835462 6673806.186876, 389247.487934 6673815.773181, 389229.170487 6673841.345371, 389227.399905 6673845.923356, 389227.225359 6673850.609060, 389227.926039 6673855.424293)

LINESTRING (389253.835462 6673806.186876, 389247.656183 6673802.440035, 389243.962743 6673798.127665, 389238.015281 6673793.972647, 389231.379176 6673791.086588)

LINESTRING (389316.851959 6673793.293201, 389315.918809 6673787.760633)

LINESTRING (389316.851959 6673793.293201, 389280.766845 6673797.504682, 389270.237896 6673797.655984, 389265.872978 6673797.197390, 389259.380024 6673796.290558)

LINESTRING (389316.851959 6673793.293201, 389337.925061 6673790.739379, 389345.362544 6673789.845929)

LINESTRING (389239.762016 6673788.971924, 389242.745365 6673783.387740)

LINESTRING (389239.762016 6673788.971924, 389236.141690 6673789.828101, 389232.674431 6673788.406301)

LINESTRING (389239.762016 6673788.971924, 389241.284516 6673789.583348, 389247.143808 6673791.924590, 389253.502973 6673794.462452, 389259.380024 6673796.290558)

LINESTRING (389435.984938 6673794.061568, 389434.780437 6673796.627598)

LINESTRING (389435.984938 6673794.061568, 389438.406215 6673789.152016)

LINESTRING (389435.984938 6673794.061568, 389427.540838 6673787.719457)

LINESTRING (389434.780437 6673796.627598, 389435.984938 6673794.061568)

LINESTRING (389434.780437 6673796.627598, 389428.363424 6673793.088228, 389414.969271 6673789.882210, 389404.973257 6673789.303819, 389359.706293 6673793.803064)

LINESTRING (389434.780437 6673796.627598, 389443.300937 6673802.009047, 389448.215815 6673806.162140, 389454.911430 6673814.150663, 389455.621840 6673815.254737)

LINESTRING (389438.406215 6673789.152016, 389435.984938 6673794.061568)

LINESTRING (389438.406215 6673789.152016, 389439.684663 6673787.196666)

LINESTRING (389438.406215 6673789.152016, 389452.929163 6673795.187998, 389462.676008 6673798.727158)

LINESTRING (389427.540838 6673787.719457, 389424.525818 6673786.751861)

LINESTRING (389427.540838 6673787.719457, 389438.406215 6673789.152016)

LINESTRING (388978.242990 6673593.707192, 388975.088860 6673597.313167)

LINESTRING (388978.242990 6673593.707192, 388975.143765 6673591.070925)

LINESTRING (388978.242990 6673593.707192, 388980.436636 6673591.189015, 388982.405158 6673588.933976)

LINESTRING (388978.242990 6673593.707192, 389011.405789 6673617.530253, 389044.532660 6673642.379923)

LINESTRING (388975.088860 6673597.313167, 388978.242990 6673593.707192)

LINESTRING (388975.088860 6673597.313167, 388969.298287 6673592.496314)

LINESTRING (388975.088860 6673597.313167, 389023.262180 6673634.053813)

LINESTRING (388975.088860 6673597.313167, 388972.094568 6673599.967068, 388964.554420 6673606.636912, 388934.757060 6673630.095996, 388912.835214 6673644.579543, 388911.013461 6673645.816075, 388897.206687 6673653.556595, 388877.427427 6673663.651509, 388864.072220 6673672.002512, 388850.950090 6673681.081987)

LINESTRING (388975.143765 6673591.070925, 388969.298287 6673592.496314)

LINESTRING (388975.143765 6673591.070925, 388978.242990 6673593.707192)

LINESTRING (388975.143765 6673591.070925, 388980.394096 6673589.786175, 388982.405158 6673588.933976)

LINESTRING (388975.143765 6673591.070925, 388970.016135 6673586.702009, 388937.254942 6673558.755023)

LINESTRING (388982.405158 6673588.933976, 388980.436636 6673591.189015, 388978.242990 6673593.707192)

LINESTRING (388982.405158 6673588.933976, 388986.231622 6673587.915290, 388998.555519 6673585.803169, 389020.911599 6673581.960552, 389044.706492 6673578.709668, 389078.244287 6673581.214866)

LINESTRING (388982.405158 6673588.933976, 388986.630624 6673594.667530, 388989.283542 6673598.509735, 389013.813720 6673616.588031, 389061.062559 6673649.033351)

LINESTRING (388982.405158 6673588.933976, 388946.618716 6673560.421158, 388924.557861 6673541.800324, 388917.050554 6673533.090693, 388909.267542 6673520.600519, 388860.072712 6673434.937130, 388846.827821 6673414.589267, 388843.343791 6673409.524270, 388839.478332 6673405.607534)

LINESTRING (388982.405158 6673588.933976, 388980.394096 6673589.786175, 388975.143765 6673591.070925)

LINESTRING (389044.532660 6673642.379923, 389042.257837 6673647.530477)

LINESTRING (389044.532660 6673642.379923, 389058.434264 6673652.043837)

LINESTRING (389044.532660 6673642.379923, 389011.405789 6673617.530253, 388978.242990 6673593.707192)

LINESTRING (389042.257837 6673647.530477, 389044.532660 6673642.379923)

LINESTRING (389042.257837 6673647.530477, 389040.740671 6673650.028114, 389039.313047 6673652.367023, 389032.438279 6673661.579654, 389030.774938 6673662.733316, 389027.188807 6673663.622091)

LINESTRING (389042.257837 6673647.530477, 389037.147430 6673643.907592, 389023.262180 6673634.053813)

LINESTRING (389042.257837 6673647.530477, 389046.970302 6673650.842257, 389049.096899 6673652.337951)

LINESTRING (389027.188807 6673663.622091, 389028.283311 6673669.885208)

LINESTRING (389027.188807 6673663.622091, 389030.774938 6673662.733316, 389032.438279 6673661.579654, 389039.313047 6673652.367023, 389040.740671 6673650.028114, 389042.257837 6673647.530477)

LINESTRING (389027.188807 6673663.622091, 388990.607541 6673668.531207, 388980.987308 6673671.575469, 388975.006937 6673675.868925, 388972.446136 6673682.566058, 388972.051106 6673690.768797, 388974.795538 6673706.231292)

LINESTRING (389027.188807 6673663.622091, 389026.146233 6673656.142716, 389023.262180 6673634.053813)

LINESTRING (389028.283311 6673669.885208, 389027.188807 6673663.622091)

LINESTRING (389028.283311 6673669.885208, 389030.297432 6673681.402650, 389039.996189 6673760.051941, 389045.497393 6673804.772764, 389048.318541 6673814.538452)

LINESTRING (389028.283311 6673669.885208, 389034.108732 6673666.153732, 389043.151869 6673655.237234, 389045.811678 6673653.083860, 389049.096899 6673652.337951)

LINESTRING (388974.795538 6673706.231292, 388945.296357 6673712.965440, 388940.289008 6673715.301546, 388935.835224 6673719.236731, 388924.423218 6673733.278815, 388924.492432 6673739.584161, 388926.176958 6673745.350164, 388935.098261 6673760.435784, 388937.062779 6673761.345702, 388941.763664 6673761.715708)

LINESTRING (388974.795538 6673706.231292, 388978.161816 6673719.323570, 388979.851748 6673728.198577, 388980.721676 6673738.034538)

LINESTRING (388974.795538 6673706.231292, 388972.051106 6673690.768797, 388972.446136 6673682.566058, 388975.006937 6673675.868925, 388980.987308 6673671.575469, 388990.607541 6673668.531207, 389027.188807 6673663.622091)

LINESTRING (389023.262180 6673634.053813, 388975.088860 6673597.313167)

LINESTRING (389023.262180 6673634.053813, 389037.147430 6673643.907592, 389042.257837 6673647.530477)

LINESTRING (389023.262180 6673634.053813, 389026.146233 6673656.142716, 389027.188807 6673663.622091)

LINESTRING (389808.654318 6673508.699077, 389816.039634 6673497.199296)

LINESTRING (389808.654318 6673508.699077, 389811.997087 6673511.885886)

LINESTRING (389808.654318 6673508.699077, 389805.802742 6673507.079903, 389802.035325 6673506.012056, 389796.161870 6673505.598226)

LINESTRING (389816.039634 6673497.199296, 389808.654318 6673508.699077)

LINESTRING (389816.039634 6673497.199296, 389810.003909 6673494.160394)

LINESTRING (389816.039634 6673497.199296, 389817.405136 6673494.806863, 389818.939039 6673492.108480, 389821.200654 6673488.140095, 389821.823107 6673485.770025)

LINESTRING (389816.039634 6673497.199296, 389820.112107 6673501.211080, 389818.886530 6673509.728383)

LINESTRING (389811.997087 6673511.885886, 389808.654318 6673508.699077)

LINESTRING (389811.997087 6673511.885886, 389818.886530 6673509.728383)

LINESTRING (389811.997087 6673511.885886, 389813.773739 6673515.409571, 389824.793799 6673540.775492)

LINESTRING (389796.161870 6673505.598226, 389794.175551 6673497.322463)

LINESTRING (389796.161870 6673505.598226, 389797.872451 6673511.720394)

LINESTRING (389796.161870 6673505.598226, 389783.797863 6673507.686555)

LINESTRING (389796.161870 6673505.598226, 389802.035325 6673506.012056, 389805.802742 6673507.079903, 389808.654318 6673508.699077)

LINESTRING (389837.614412 6673404.268416, 389845.652397 6673365.747697)

LINESTRING (389837.614412 6673404.268416, 389885.528736 6673412.700454)

LINESTRING (389837.614412 6673404.268416, 389831.180750 6673401.843211, 389806.535456 6673378.547731, 389792.424879 6673365.221007)

LINESTRING (389837.614412 6673404.268416, 389830.853237 6673438.917281, 389829.319484 6673446.786367, 389828.484635 6673450.767531)

LINESTRING (389845.652397 6673365.747697, 389847.580772 6673353.097213)

LINESTRING (389845.652397 6673365.747697, 389837.614412 6673404.268416)

LINESTRING (389845.652397 6673365.747697, 389887.109463 6673373.538269, 389896.767057 6673376.858417, 389898.614182 6673379.588814, 389900.936628 6673388.712587)

LINESTRING (389885.528736 6673412.700454, 389837.614412 6673404.268416)

LINESTRING (389792.424879 6673365.221007, 389780.507649 6673353.956769)

LINESTRING (389792.424879 6673365.221007, 389826.093179 6673332.927149)

LINESTRING (389792.424879 6673365.221007, 389806.535456 6673378.547731, 389831.180750 6673401.843211, 389837.614412 6673404.268416)

LINESTRING (389828.484635 6673450.767531, 389829.319484 6673446.786367, 389830.853237 6673438.917281, 389837.614412 6673404.268416)

LINESTRING (389828.484635 6673450.767531, 389825.262264 6673466.153767, 389822.481798 6673482.206480)

LINESTRING (389828.484635 6673450.767531, 389836.903299 6673452.575812, 389841.004961 6673453.867659, 389842.847662 6673455.528359, 389843.981689 6673457.801002, 389845.115322 6673465.779272)

LINESTRING (389754.130889 6673328.295538, 389720.407025 6673295.333705)

LINESTRING (389754.130889 6673328.295538, 389757.457042 6673331.661106)

LINESTRING (389720.407025 6673295.333705, 389695.066559 6673270.566591)

LINESTRING (389720.407025 6673295.333705, 389754.130889 6673328.295538)

LINESTRING (389720.407025 6673295.333705, 389730.920236 6673285.767726, 389733.797067 6673280.109193)

LINESTRING (389757.457042 6673331.661106, 389754.130889 6673328.295538)

LINESTRING (389757.457042 6673331.661106, 389780.507649 6673353.956769)

LINESTRING (389757.457042 6673331.661106, 389752.073466 6673335.912977, 389747.590662 6673339.480248)

LINESTRING (388759.282357 6673878.037866, 388762.392596 6673918.295487)

LINESTRING (388759.282357 6673878.037866, 388758.532675 6673868.343149)

LINESTRING (388759.282357 6673878.037866, 388808.313074 6673877.450908, 388807.513017 6673899.529015)

LINESTRING (388762.392596 6673918.295487, 388759.282357 6673878.037866)

LINESTRING (388762.392596 6673918.295487, 388789.971109 6673919.463452)

LINESTRING (388762.392596 6673918.295487, 388762.949371 6673925.477541, 388760.907657 6673932.983723)

LINESTRING (388758.532675 6673868.343149, 388783.516975 6673866.859655)

LINESTRING (388758.532675 6673868.343149, 388759.282357 6673878.037866)

LINESTRING (388758.532675 6673868.343149, 388757.474027 6673854.690586, 388757.970033 6673849.827908, 388759.941298 6673843.471692, 388762.036000 6673838.437852, 388763.128735 6673836.409886, 388763.875219 6673835.406538)

LINESTRING (388807.513017 6673899.529015, 388808.313074 6673877.450908, 388759.282357 6673878.037866)

LINESTRING (388760.907657 6673932.983723, 388762.949371 6673925.477541, 388762.392596 6673918.295487)

LINESTRING (388957.969513 6673966.450086, 388957.719308 6673951.981754, 388958.868743 6673940.112068, 388961.826458 6673917.600830, 388963.357026 6673899.267271, 388964.171430 6673890.438891, 388964.486576 6673888.936050)

LINESTRING (388957.969513 6673966.450086, 388958.808587 6673969.778946, 388959.092199 6673970.895877)

LINESTRING (388957.969513 6673966.450086, 388942.433801 6673967.467441, 388934.159135 6673968.008236)

LINESTRING (388959.092199 6673970.895877, 388960.222116 6673975.397168, 388963.612281 6673981.780079, 388968.396345 6673987.463224, 388972.806254 6673989.959424, 388976.691046 6673990.877980, 388985.220263 6673989.582918, 388992.118779 6673987.401240, 389001.362410 6673984.959018, 389013.705208 6673982.233407, 389019.606770 6673981.396989, 389029.170334 6673982.734061, 389040.735677 6673987.130768, 389060.040640 6674001.534167)

LINESTRING (388959.092199 6673970.895877, 388958.808587 6673969.778946, 388957.969513 6673966.450086)

LINESTRING (388959.092199 6673970.895877, 388956.326803 6673972.851939, 388949.882936 6673979.410587, 388938.948508 6673990.875077, 388936.252212 6673994.010313, 388933.809276 6673997.082144)

LINESTRING (388934.159135 6673968.008236, 388942.433801 6673967.467441, 388957.969513 6673966.450086)

LINESTRING (389060.040640 6674001.534167, 389103.342301 6674038.679603)

LINESTRING (389060.040640 6674001.534167, 389059.605756 6674013.003261, 389057.496545 6674018.483115, 389038.080713 6674036.667823)

LINESTRING (389060.040640 6674001.534167, 389040.735677 6673987.130768, 389029.170334 6673982.734061, 389019.606770 6673981.396989, 389013.705208 6673982.233407, 389001.362410 6673984.959018, 388992.118779 6673987.401240, 388985.220263 6673989.582918, 388976.691046 6673990.877980, 388972.806254 6673989.959424, 388968.396345 6673987.463224, 388963.612281 6673981.780079, 388960.222116 6673975.397168, 388959.092199 6673970.895877)

LINESTRING (389103.342301 6674038.679603, 389060.040640 6674001.534167)

LINESTRING (389103.342301 6674038.679603, 389109.159225 6674040.364408, 389119.209136 6674039.993104, 389147.125650 6674035.503532, 389155.684775 6674034.832016)

LINESTRING (389103.342301 6674038.679603, 389106.396323 6674033.427464, 389109.922431 6674026.355718, 389115.785311 6674009.038828)

LINESTRING (389103.342301 6674038.679603, 389073.375583 6674063.413216, 389089.009889 6674090.754597, 389100.244596 6674107.330614, 389101.838357 6674110.480621, 389101.859657 6674114.480630, 389099.649583 6674120.843883, 389095.535203 6674130.474274, 389094.352962 6674132.114814, 389091.211749 6674136.500387, 389079.420537 6674150.453223)

LINESTRING (389038.080713 6674036.667823, 389057.496545 6674018.483115, 389059.605756 6674013.003261, 389060.040640 6674001.534167)

LINESTRING (389155.684775 6674034.832016, 389147.125650 6674035.503532, 389119.209136 6674039.993104, 389109.159225 6674040.364408, 389103.342301 6674038.679603)

LINESTRING (389155.684775 6674034.832016, 389168.584285 6674033.817366, 389184.769609 6674030.987132)

LINESTRING (389155.684775 6674034.832016, 389154.330217 6674009.342418, 389151.993551 6674004.933339, 389150.544212 6674002.703878, 389149.353547 6674001.502965)

LINESTRING (389115.785311 6674009.038828, 389118.036220 6674003.287266)

LINESTRING (389115.785311 6674009.038828, 389129.040932 6674004.937545, 389134.535328 6674002.018595, 389139.100407 6674000.297906, 389143.978114 6673999.737861, 389149.353547 6674001.502965)

LINESTRING (389115.785311 6674009.038828, 389109.922431 6674026.355718, 389106.396323 6674033.427464, 389103.342301 6674038.679603)

LINESTRING (389079.420537 6674150.453223, 389091.211749 6674136.500387, 389094.352962 6674132.114814, 389095.535203 6674130.474274, 389099.649583 6674120.843883, 389101.859657 6674114.480630, 389101.838357 6674110.480621, 389100.244596 6674107.330614, 389089.009889 6674090.754597, 389073.375583 6674063.413216, 389103.342301 6674038.679603)

LINESTRING (389673.498837 6674272.409406, 389667.481727 6674273.081110)

LINESTRING (389673.498837 6674272.409406, 389673.931634 6674276.274408, 389676.592321 6674297.166871)

LINESTRING (389673.498837 6674272.409406, 389680.246080 6674271.659986, 389691.365428 6674273.286168, 389697.605932 6674273.766728)

LINESTRING (389667.481727 6674273.081110, 389663.090528 6674273.570084)

LINESTRING (389667.481727 6674273.081110, 389673.498837 6674272.409406)

LINESTRING (389667.481727 6674273.081110, 389667.946103 6674277.257187, 389669.231754 6674288.429112)

LINESTRING (389676.592321 6674297.166871, 389677.380343 6674303.428230, 389676.109864 6674305.461268)

LINESTRING (389676.592321 6674297.166871, 389673.931634 6674276.274408, 389673.498837 6674272.409406)

LINESTRING (389676.592321 6674297.166871, 389674.334745 6674297.379789, 389674.137926 6674295.268396, 389672.925475 6674295.360662)

LINESTRING (389697.605932 6674273.766728, 389698.451109 6674266.642649)

LINESTRING (389697.605932 6674273.766728, 389713.915627 6674271.592540)

LINESTRING (389697.605932 6674273.766728, 389692.497139 6674279.904918, 389688.390366 6674288.910308)

LINESTRING (389697.605932 6674273.766728, 389691.365428 6674273.286168, 389680.246080 6674271.659986, 389673.498837 6674272.409406)

LINESTRING (388835.537931 6673410.374178, 388839.790074 6673414.412896, 388844.010004 6673419.767576, 388855.657890 6673437.422509, 388904.938874 6673523.361826, 388912.687752 6673535.641293, 388921.135006 6673545.147045, 388937.254942 6673558.755023)

LINESTRING (388835.537931 6673410.374178, 388838.237449 6673407.149636, 388839.478332 6673405.607534)

LINESTRING (388937.254942 6673558.755023, 388933.357298 6673562.550748)

LINESTRING (388937.254942 6673558.755023, 388921.135006 6673545.147045, 388912.687752 6673535.641293, 388904.938874 6673523.361826, 388855.657890 6673437.422509, 388844.010004 6673419.767576, 388839.790074 6673414.412896, 388835.537931 6673410.374178)

LINESTRING (388937.254942 6673558.755023, 388970.016135 6673586.702009, 388975.143765 6673591.070925)

LINESTRING (388839.478332 6673405.607534, 388840.956925 6673403.668180, 388851.224666 6673391.399057, 388852.715238 6673389.671079)

LINESTRING (388839.478332 6673405.607534, 388838.237449 6673407.149636, 388835.537931 6673410.374178)

LINESTRING (388839.478332 6673405.607534, 388843.343791 6673409.524270, 388846.827821 6673414.589267, 388860.072712 6673434.937130, 388909.267542 6673520.600519, 388917.050554 6673533.090693, 388924.557861 6673541.800324, 388946.618716 6673560.421158, 388982.405158 6673588.933976)

LINESTRING (388839.478332 6673405.607534, 388829.369236 6673399.517869, 388822.120880 6673397.342023, 388812.101665 6673396.041553, 388752.413966 6673394.645203)

LINESTRING (388839.478332 6673405.607534, 388836.004384 6673397.767406, 388834.071412 6673391.139754, 388816.745625 6673375.328881, 388820.408106 6673368.720770, 388823.108997 6673365.540752, 388830.144832 6673362.908890)

LINESTRING (389272.642089 6673638.605040, 389272.051313 6673633.385297)

LINESTRING (389272.642089 6673638.605040, 389245.531172 6673653.499804)

LINESTRING (389272.642089 6673638.605040, 389287.732567 6673630.894011, 389302.743459 6673623.118590, 389313.453776 6673617.568296, 389317.727024 6673615.355203, 389343.545785 6673603.230294, 389349.876594 6673600.598447, 389358.202922 6673597.148522, 389370.776878 6673591.920972, 389385.927113 6673585.991571)

LINESTRING (389272.051313 6673633.385297, 389272.642089 6673638.605040)

LINESTRING (389272.051313 6673633.385297, 389271.313021 6673628.426325, 389261.981192 6673565.600941)

LINESTRING (389272.051313 6673633.385297, 389313.888334 6673611.381466, 389386.974459 6673580.243139, 389397.117302 6673577.028163)

LINESTRING (389272.051313 6673633.385297, 389231.825722 6673655.987214, 389227.040651 6673659.073975)

LINESTRING (389385.927113 6673585.991571, 389386.974798 6673592.011021)

LINESTRING (389385.927113 6673585.991571, 389390.582222 6673584.290790, 389399.039715 6673581.873375)

LINESTRING (389385.927113 6673585.991571, 389370.776878 6673591.920972, 389358.202922 6673597.148522, 389349.876594 6673600.598447, 389343.545785 6673603.230294, 389317.727024 6673615.355203, 389313.453776 6673617.568296, 389302.743459 6673623.118590, 389287.732567 6673630.894011, 389272.642089 6673638.605040)

LINESTRING (389261.981192 6673565.600941, 389271.313021 6673628.426325, 389272.051313 6673633.385297)

LINESTRING (389261.981192 6673565.600941, 389258.800143 6673560.069515, 389230.968427 6673521.807685)

LINESTRING (389261.981192 6673565.600941, 389289.629625 6673542.945100, 389305.728722 6673531.314461, 389336.518948 6673512.876674, 389378.346976 6673490.149576, 389389.341154 6673486.262524, 389394.611104 6673485.802430, 389402.159829 6673486.733349, 389408.108693 6673488.537252, 389414.010672 6673490.442875, 389422.570846 6673494.541564, 389432.224927 6673499.576750, 389440.737340 6673503.933230)

LINESTRING (389230.968427 6673521.807685, 389235.712775 6673517.552064)

LINESTRING (389230.968427 6673521.807685, 389223.705018 6673527.554801, 389205.710509 6673545.138271, 389182.320867 6673563.620632, 389167.902313 6673573.729969, 389153.609217 6673582.297715, 389139.083587 6673585.200331)

LINESTRING (389230.968427 6673521.807685, 389258.800143 6673560.069515, 389261.981192 6673565.600941)

LINESTRING (389230.968427 6673521.807685, 389206.030987 6673493.187047, 389202.932093 6673491.475522, 389198.641094 6673491.271065, 389187.857236 6673500.267364)

LINESTRING (389440.737340 6673503.933230, 389449.546814 6673507.835006)

LINESTRING (389440.737340 6673503.933230, 389432.224927 6673499.576750, 389422.570846 6673494.541564, 389414.010672 6673490.442875, 389408.108693 6673488.537252, 389402.159829 6673486.733349, 389394.611104 6673485.802430, 389389.341154 6673486.262524, 389378.346976 6673490.149576, 389336.518948 6673512.876674, 389305.728722 6673531.314461, 389289.629625 6673542.945100, 389261.981192 6673565.600941)

LINESTRING (389440.737340 6673503.933230, 389442.345906 6673500.775527, 389449.001510 6673488.672943)

LINESTRING (389235.712775 6673517.552064, 389262.579475 6673493.448691, 389293.305156 6673459.288531, 389302.358399 6673449.765402, 389312.158049 6673442.348207, 389320.143889 6673437.905558, 389327.994015 6673434.481118, 389344.231907 6673428.708139, 389360.803090 6673423.493497)

LINESTRING (389235.712775 6673517.552064, 389211.356571 6673486.495590, 389210.398124 6673484.719288, 389210.671695 6673482.571389, 389215.395578 6673478.372082)

LINESTRING (389139.083587 6673585.200331, 389135.087160 6673589.221703)

LINESTRING (389139.083587 6673585.200331, 389133.005697 6673530.199945)

LINESTRING (389139.083587 6673585.200331, 389153.609217 6673582.297715, 389167.902313 6673573.729969, 389182.320867 6673563.620632, 389205.710509 6673545.138271, 389223.705018 6673527.554801, 389230.968427 6673521.807685)

LINESTRING (389139.083587 6673585.200331, 389125.191618 6673584.651504, 389121.676016 6673584.390227)

LINESTRING (389139.083587 6673585.200331, 389154.218237 6673593.980335, 389174.902414 6673612.644167, 389195.201542 6673630.695706, 389197.146297 6673632.419864)

LINESTRING (389187.857236 6673500.267364, 389198.641094 6673491.271065, 389202.932093 6673491.475522, 389206.030987 6673493.187047, 389230.968427 6673521.807685)

LINESTRING (389440.727604 6673580.068174, 389462.303503 6673588.978081)

LINESTRING (389440.727604 6673580.068174, 389432.273043 6673578.540486)

LINESTRING (389440.727604 6673580.068174, 389439.149163 6673572.092282, 389439.338337 6673569.902378)

LINESTRING (389462.303503 6673588.978081, 389440.727604 6673580.068174)

LINESTRING (389462.303503 6673588.978081, 389461.420349 6673591.344950, 389460.850567 6673592.877714, 389460.393701 6673594.106186)

LINESTRING (389462.303503 6673588.978081, 389475.476870 6673593.673093, 389488.305737 6673596.885277, 389499.407390 6673598.589502, 389516.359375 6673599.392854, 389521.245218 6673598.899953)

LINESTRING (389462.303503 6673588.978081, 389463.535320 6673586.210651, 389463.919770 6673585.340969)

LINESTRING (389432.273043 6673578.540486, 389440.727604 6673580.068174)

LINESTRING (389432.273043 6673578.540486, 389425.913559 6673580.225827, 389422.594589 6673580.225776)

LINESTRING (389439.338337 6673569.902378, 389445.449688 6673570.475608)

LINESTRING (389439.338337 6673569.902378, 389439.640755 6673567.051569, 389443.170022 6673560.046960)

LINESTRING (389439.338337 6673569.902378, 389434.963269 6673569.666757, 389434.229302 6673569.622060)

LINESTRING (389454.522692 6673509.400911, 389449.546814 6673507.835006)

LINESTRING (389454.522692 6673509.400911, 389469.013563 6673476.100258, 389471.948805 6673468.901885, 389472.238497 6673467.834476)

LINESTRING (389454.522692 6673509.400911, 389469.556987 6673511.198048, 389489.536707 6673512.634236, 389519.032724 6673515.098322, 389535.831353 6673514.301697)

LINESTRING (389454.522692 6673509.400911, 389447.401420 6673530.343460, 389445.898305 6673540.485158, 389444.014983 6673554.026064, 389443.170022 6673560.046960)

LINESTRING (389449.546814 6673507.835006, 389440.737340 6673503.933230)

LINESTRING (389449.546814 6673507.835006, 389454.522692 6673509.400911)

LINESTRING (389449.546814 6673507.835006, 389447.921779 6673511.182649, 389448.373979 6673512.740274, 389448.288978 6673515.071901, 389443.504693 6673529.591910, 389442.605793 6673536.216202, 389440.404488 6673556.687030, 389438.627960 6673562.736060, 389436.659174 6673566.461836, 389434.229302 6673569.622060)

LINESTRING (389449.546814 6673507.835006, 389451.367609 6673504.169427, 389453.046438 6673502.603175, 389454.714175 6673500.669512, 389465.639720 6673476.124109, 389469.574086 6673464.516045, 389471.299621 6673452.729505, 389471.603078 6673446.602384, 389471.109007 6673434.281085, 389469.708216 6673428.327996, 389452.879493 6673390.088993, 389442.753997 6673387.096155, 389441.396879 6673385.164677)

LINESTRING (389472.238497 6673467.834476, 389497.682314 6673477.809092)

LINESTRING (389472.238497 6673467.834476, 389471.948805 6673468.901885, 389469.013563 6673476.100258, 389454.522692 6673509.400911)

LINESTRING (389472.238497 6673467.834476, 389474.784909 6673458.419079, 389476.094579 6673451.425796, 389476.246137 6673444.679207, 389475.475835 6673437.548126, 389473.834923 6673430.443326, 389471.728202 6673424.088081, 389463.792810 6673407.779066, 389451.155150 6673379.855305)

LINESTRING (389535.831353 6673514.301697, 389534.292299 6673477.272651)

LINESTRING (389535.831353 6673514.301697, 389539.661040 6673514.119287, 389553.283170 6673511.791585, 389569.696276 6673506.493502, 389579.903515 6673502.274162)

LINESTRING (389535.831353 6673514.301697, 389519.032724 6673515.098322, 389489.536707 6673512.634236, 389469.556987 6673511.198048, 389454.522692 6673509.400911)

LINESTRING (389443.170022 6673560.046960, 389444.014983 6673554.026064, 389445.898305 6673540.485158, 389447.401420 6673530.343460, 389454.522692 6673509.400911)

LINESTRING (389443.170022 6673560.046960, 389445.502242 6673567.253454, 389445.449688 6673570.475608)

LINESTRING (389451.155150 6673379.855305, 389453.324288 6673364.010154)

LINESTRING (389451.155150 6673379.855305, 389463.792810 6673407.779066, 389471.728202 6673424.088081, 389473.834923 6673430.443326, 389475.475835 6673437.548126, 389476.246137 6673444.679207, 389476.094579 6673451.425796, 389474.784909 6673458.419079, 389472.238497 6673467.834476)

LINESTRING (389451.155150 6673379.855305, 389460.857336 6673377.467335, 389468.098574 6673377.583038, 389487.405674 6673380.064780, 389496.060461 6673381.408267)

LINESTRING (389453.324288 6673364.010154, 389451.155150 6673379.855305)

LINESTRING (389453.324288 6673364.010154, 389453.207074 6673322.257781, 389455.991847 6673311.910241)

LINESTRING (389453.324288 6673364.010154, 389457.820917 6673362.748865, 389465.375407 6673360.370033, 389477.093992 6673356.561689)

LINESTRING (389496.060461 6673381.408267, 389507.472783 6673384.005815, 389536.052868 6673393.607474, 389542.442721 6673396.780126)

LINESTRING (389496.060461 6673381.408267, 389487.405674 6673380.064780, 389468.098574 6673377.583038, 389460.857336 6673377.467335, 389451.155150 6673379.855305)

LINESTRING (389496.060461 6673381.408267, 389494.669351 6673396.739575, 389495.323344 6673401.489392, 389497.317451 6673407.056837, 389500.104694 6673413.525282, 389504.639523 6673422.359196, 389516.517892 6673438.749894, 389522.065605 6673445.837114, 389527.924691 6673451.287950, 389532.717749 6673455.255399, 389540.311319 6673458.592314, 389572.228750 6673470.110573, 389594.906419 6673478.553432)

LINESTRING (389135.087160 6673589.221703, 389139.083587 6673585.200331)

LINESTRING (389135.087160 6673589.221703, 389131.932835 6673594.109088, 389111.023638 6673618.601372, 389075.538826 6673656.417707, 389073.818418 6673658.252854)

LINESTRING (389135.087160 6673589.221703, 389142.144868 6673591.169897, 389146.192960 6673593.253808, 389162.626540 6673606.808664, 389194.091284 6673635.822055)

LINESTRING (389135.087160 6673589.221703, 389132.685257 6673588.714957, 389124.698290 6673588.154475, 389121.676016 6673584.390227)

LINESTRING (389133.005697 6673530.199945, 389139.083587 6673585.200331)

LINESTRING (389133.005697 6673530.199945, 389128.344933 6673530.430237)

LINESTRING (389133.005697 6673530.199945, 389130.091579 6673503.799218, 389128.415406 6673484.738245, 389125.297514 6673471.404304)

LINESTRING (389121.676016 6673584.390227, 389125.191618 6673584.651504, 389139.083587 6673585.200331)

LINESTRING (389121.676016 6673584.390227, 389089.213888 6673582.030349, 389078.244287 6673581.214866)

LINESTRING (389121.676016 6673584.390227, 389124.698290 6673588.154475, 389132.685257 6673588.714957, 389135.087160 6673589.221703)

LINESTRING (389197.146297 6673632.419864, 389194.091284 6673635.822055)

LINESTRING (389197.146297 6673632.419864, 389195.201542 6673630.695706, 389174.902414 6673612.644167, 389154.218237 6673593.980335, 389139.083587 6673585.200331)

LINESTRING (389197.146297 6673632.419864, 389224.298563 6673656.493564, 389227.040651 6673659.073975)

LINESTRING (389591.876342 6673497.522423, 389605.608575 6673491.480710)

LINESTRING (389591.876342 6673497.522423, 389609.487184 6673542.068095, 389617.026411 6673559.626299)

LINESTRING (389591.876342 6673497.522423, 389584.409602 6673500.410971, 389579.903515 6673502.274162)

LINESTRING (389605.608575 6673491.480710, 389627.954673 6673482.304261)

LINESTRING (389605.608575 6673491.480710, 389591.876342 6673497.522423)

LINESTRING (389605.608575 6673491.480710, 389603.730355 6673488.829398, 389598.744944 6673481.791969, 389594.906419 6673478.553432)

LINESTRING (389617.026411 6673559.626299, 389619.904627 6673564.888549)

LINESTRING (389617.026411 6673559.626299, 389609.487184 6673542.068095, 389591.876342 6673497.522423)

LINESTRING (389617.026411 6673559.626299, 389637.751013 6673548.225445, 389653.054481 6673540.364676)

LINESTRING (389617.026411 6673559.626299, 389582.170561 6673579.098100, 389568.164143 6673584.869591, 389551.162114 6673589.951443, 389530.367515 6673593.130779, 389516.894756 6673593.960800, 389506.599814 6673593.424564, 389493.226868 6673592.045182, 389478.884027 6673589.424731, 389469.808288 6673586.990773, 389463.919770 6673585.340969)

LINESTRING (389579.903515 6673502.274162, 389584.409602 6673500.410971, 389591.876342 6673497.522423)

LINESTRING (389579.903515 6673502.274162, 389569.696276 6673506.493502, 389553.283170 6673511.791585, 389539.661040 6673514.119287, 389535.831353 6673514.301697)

LINESTRING (389579.903515 6673502.274162, 389575.703956 6673496.082280, 389574.004470 6673494.941150, 389571.851432 6673494.772069, 389562.152561 6673495.421220)

LINESTRING (389619.904627 6673564.888549, 389617.026411 6673559.626299)

LINESTRING (389619.904627 6673564.888549, 389598.176486 6673577.423010)

LINESTRING (389619.904627 6673564.888549, 389622.399741 6673569.594018)

LINESTRING (389619.904627 6673564.888549, 389624.917484 6673561.795452, 389636.921669 6673554.959017, 389645.292611 6673549.847987, 389655.136544 6673544.993465)

LINESTRING (389598.176486 6673577.423010, 389619.904627 6673564.888549)

LINESTRING (389598.176486 6673577.423010, 389600.867041 6673582.167146)

LINESTRING (389598.176486 6673577.423010, 389592.168421 6673580.457007, 389581.396961 6673585.283961, 389570.604371 6673589.409525, 389563.473413 6673591.463355)

LINESTRING (389622.399741 6673569.594018, 389600.867041 6673582.167146)

LINESTRING (389622.399741 6673569.594018, 389633.916688 6673590.966094)

LINESTRING (389622.399741 6673569.594018, 389619.904627 6673564.888549)

LINESTRING (389622.399741 6673569.594018, 389627.482827 6673566.621388, 389656.679419 6673548.858439)

LINESTRING (389655.136544 6673544.993465, 389656.679419 6673548.858439)

LINESTRING (389655.136544 6673544.993465, 389653.054481 6673540.364676)

LINESTRING (389655.136544 6673544.993465, 389671.110154 6673537.636335)

LINESTRING (389655.136544 6673544.993465, 389645.292611 6673549.847987, 389636.921669 6673554.959017, 389624.917484 6673561.795452, 389619.904627 6673564.888549)

LINESTRING (389794.175551 6673497.322463, 389796.161870 6673505.598226)

LINESTRING (389794.175551 6673497.322463, 389810.003909 6673494.160394)

LINESTRING (389794.175551 6673497.322463, 389783.353533 6673499.932711)

LINESTRING (389797.872451 6673511.720394, 389796.161870 6673505.598226)

LINESTRING (389797.872451 6673511.720394, 389790.879066 6673511.161983, 389784.913241 6673512.288794, 389722.831210 6673524.711404, 389701.721311 6673529.414801, 389688.437151 6673533.748795, 389672.584814 6673541.079906)

LINESTRING (389797.872451 6673511.720394, 389805.170778 6673514.665555, 389809.267102 6673518.732328, 389812.047273 6673522.036364, 389838.045215 6673581.831609)

LINESTRING (389783.797863 6673507.686555, 389796.161870 6673505.598226)

LINESTRING (389783.797863 6673507.686555, 389783.353533 6673499.932711)

LINESTRING (389783.797863 6673507.686555, 389768.120336 6673510.509887, 389727.431374 6673518.599771)

LINESTRING (389727.431374 6673518.599771, 389726.391904 6673513.571797)

LINESTRING (389727.431374 6673518.599771, 389768.120336 6673510.509887, 389783.797863 6673507.686555)

LINESTRING (389727.431374 6673518.599771, 389714.265854 6673521.715422, 389703.823888 6673524.225311, 389691.047312 6673529.012043, 389685.103998 6673531.252721, 389671.110154 6673537.636335)

LINESTRING (389726.391904 6673513.571797, 389727.431374 6673518.599771)

LINESTRING (389726.391904 6673513.571797, 389720.540136 6673497.110369, 389713.108209 6673479.047265, 389699.900581 6673447.239569)

LINESTRING (389726.391904 6673513.571797, 389778.322968 6673501.153959, 389783.353533 6673499.932711)

LINESTRING (389726.391904 6673513.571797, 389697.957143 6673521.270650, 389669.347041 6673532.908775)

LINESTRING (389671.110154 6673537.636335, 389672.584814 6673541.079906)

LINESTRING (389671.110154 6673537.636335, 389655.136544 6673544.993465)

LINESTRING (389671.110154 6673537.636335, 389685.103998 6673531.252721, 389691.047312 6673529.012043, 389703.823888 6673524.225311, 389714.265854 6673521.715422, 389727.431374 6673518.599771)

LINESTRING (389699.900581 6673447.239569, 389713.108209 6673479.047265, 389720.540136 6673497.110369, 389726.391904 6673513.571797)

LINESTRING (389699.900581 6673447.239569, 389695.821321 6673443.930175, 389667.631174 6673403.034903)

LINESTRING (389699.900581 6673447.239569, 389708.247491 6673439.477198, 389715.612719 6673432.290464, 389731.848228 6673415.364361, 389780.507649 6673353.956769)

LINESTRING (389699.900581 6673447.239569, 389678.980275 6673458.801949, 389645.248131 6673474.350049)

LINESTRING (389667.631174 6673403.034903, 389747.590662 6673339.480248)

LINESTRING (389667.631174 6673403.034903, 389659.926825 6673393.995437)

LINESTRING (389667.631174 6673403.034903, 389653.833111 6673409.668971, 389626.193017 6673420.921565)

LINESTRING (389667.631174 6673403.034903, 389695.821321 6673443.930175, 389699.900581 6673447.239569)

LINESTRING (389780.507649 6673353.956769, 389792.424879 6673365.221007)

LINESTRING (389780.507649 6673353.956769, 389757.457042 6673331.661106)

LINESTRING (389780.507649 6673353.956769, 389731.848228 6673415.364361, 389715.612719 6673432.290464, 389708.247491 6673439.477198, 389699.900581 6673447.239569)

LINESTRING (389645.248131 6673474.350049, 389627.954673 6673482.304261)

LINESTRING (389645.248131 6673474.350049, 389643.679666 6673470.742157, 389643.005402 6673469.180061, 389625.133882 6673424.820395)

LINESTRING (389645.248131 6673474.350049, 389648.741223 6673483.070656, 389651.273756 6673489.201423)

LINESTRING (389645.248131 6673474.350049, 389678.980275 6673458.801949, 389699.900581 6673447.239569)

LINESTRING (389455.991847 6673311.910241, 389526.527739 6673290.937146)

LINESTRING (389455.991847 6673311.910241, 389453.207074 6673322.257781, 389453.324288 6673364.010154)

LINESTRING (389526.527739 6673290.937146, 389530.728890 6673289.629147)

LINESTRING (389526.527739 6673290.937146, 389455.991847 6673311.910241)

LINESTRING (389526.527739 6673290.937146, 389528.151147 6673295.992032, 389528.512561 6673299.324272, 389526.207549 6673306.815600, 389523.873533 6673310.218024, 389521.109511 6673312.429893, 389514.933684 6673315.435631, 389479.353351 6673326.048567, 389475.201160 6673325.850734, 389471.528228 6673325.348698, 389467.201267 6673323.406569, 389462.463931 6673319.638103, 389455.991847 6673311.910241)

LINESTRING (388941.763664 6673761.715708, 388937.062779 6673761.345702, 388935.098261 6673760.435784, 388926.176958 6673745.350164, 388924.492432 6673739.584161, 388924.423218 6673733.278815, 388935.835224 6673719.236731, 388940.289008 6673715.301546, 388945.296357 6673712.965440, 388974.795538 6673706.231292)

LINESTRING (388980.721676 6673738.034538, 388979.851748 6673728.198577, 388978.161816 6673719.323570, 388974.795538 6673706.231292)

LINESTRING (389821.694623 6673772.692946, 389823.540924 6673768.023850)

LINESTRING (389821.694623 6673772.692946, 389830.863071 6673776.941395)

LINESTRING (389821.694623 6673772.692946, 389812.538857 6673769.235345, 389803.936547 6673767.755846, 389795.719720 6673767.836037, 389787.940690 6673768.816857, 389741.127377 6673783.899951, 389730.821531 6673787.219191, 389719.169810 6673791.180770)

LINESTRING (389823.540924 6673768.023850, 389821.694623 6673772.692946)

LINESTRING (389823.540924 6673768.023850, 389833.346325 6673772.598594)

LINESTRING (389823.540924 6673768.023850, 389824.922969 6673761.574578, 389825.487406 6673755.250207, 389825.276659 6673751.935701, 389824.944325 6673747.900508, 389823.777015 6673742.675771, 389821.710773 6673737.455801, 389801.650956 6673689.060338, 389790.390293 6673661.963302, 389789.999870 6673654.709305)

LINESTRING (389823.540924 6673768.023850, 389812.595070 6673764.096367, 389802.774697 6673763.266441, 389793.126790 6673763.556872, 389780.295321 6673766.495106, 389738.015533 6673779.714458, 389721.945047 6673785.112946, 389708.307957 6673789.490969, 389696.116406 6673790.270615, 389687.673787 6673790.591873)

LINESTRING (389830.863071 6673776.941395, 389821.694623 6673772.692946)

LINESTRING (389830.863071 6673776.941395, 389828.775575 6673780.603661)

LINESTRING (389830.863071 6673776.941395, 389833.346325 6673772.598594)

LINESTRING (389830.863071 6673776.941395, 389854.615424 6673788.908291, 389861.810310 6673792.124105, 389868.940579 6673794.483806)

LINESTRING (389719.169810 6673791.180770, 389719.807848 6673795.964527)

LINESTRING (389719.169810 6673791.180770, 389730.821531 6673787.219191, 389741.127377 6673783.899951, 389787.940690 6673768.816857, 389795.719720 6673767.836037, 389803.936547 6673767.755846, 389812.538857 6673769.235345, 389821.694623 6673772.692946)

LINESTRING (389719.169810 6673791.180770, 389713.083979 6673792.545352, 389705.018013 6673793.947316, 389693.851246 6673794.662664)

LINESTRING (389679.865235 6673795.563298, 389680.049930 6673801.876270)

LINESTRING (389679.865235 6673795.563298, 389669.663256 6673796.249645)

LINESTRING (389679.865235 6673795.563298, 389687.949288 6673795.130244)

LINESTRING (389680.049930 6673801.876270, 389680.390420 6673818.147110)

LINESTRING (389680.049930 6673801.876270, 389679.865235 6673795.563298)

LINESTRING (389680.049930 6673801.876270, 389686.144405 6673801.904346)

LINESTRING (389680.049930 6673801.876270, 389675.153114 6673801.812110, 389669.873585 6673800.834554)

LINESTRING (389669.663256 6673796.249645, 389679.865235 6673795.563298)

LINESTRING (389669.663256 6673796.249645, 389669.873585 6673800.834554)

LINESTRING (389669.663256 6673796.249645, 389669.412117 6673791.231356)

LINESTRING (389669.663256 6673796.249645, 389639.301170 6673797.376569, 389633.112586 6673797.540852)

LINESTRING (389687.949288 6673795.130244, 389693.851246 6673794.662664)

LINESTRING (389687.949288 6673795.130244, 389679.865235 6673795.563298)

LINESTRING (389687.949288 6673795.130244, 389688.202397 6673800.583081)

LINESTRING (389687.949288 6673795.130244, 389687.673787 6673790.591873)

LINESTRING (389684.114649 6673859.779579, 389681.912225 6673856.859410)

LINESTRING (389684.114649 6673859.779579, 389678.506085 6673861.876477, 389655.136973 6673863.182586, 389651.367943 6673864.076265, 389629.884178 6673876.190923, 389626.700465 6673879.563195, 389624.921034 6673883.494895, 389624.360562 6673887.913601, 389624.482507 6673894.718794, 389625.298607 6673898.962269)

LINESTRING (389684.114649 6673859.779579, 389686.750363 6673863.266170, 389691.514199 6673866.655204)

LINESTRING (389681.912225 6673856.859410, 389684.114649 6673859.779579)

LINESTRING (389681.912225 6673856.859410, 389670.977008 6673857.701582)

LINESTRING (389681.912225 6673856.859410, 389686.649055 6673856.036893)

LINESTRING (389681.912225 6673856.859410, 389681.364415 6673854.702876, 389680.390420 6673818.147110)

LINESTRING (389625.298607 6673898.962269, 389619.147826 6673899.270312)

LINESTRING (389625.298607 6673898.962269, 389624.482507 6673894.718794, 389624.360562 6673887.913601, 389624.921034 6673883.494895, 389626.700465 6673879.563195, 389629.884178 6673876.190923, 389651.367943 6673864.076265, 389655.136973 6673863.182586, 389678.506085 6673861.876477, 389684.114649 6673859.779579)

LINESTRING (389625.298607 6673898.962269, 389627.552796 6673902.126008, 389638.750709 6673909.633640, 389644.918623 6673913.760350, 389651.000670 6673917.800508)

LINESTRING (389691.514199 6673866.655204, 389678.506025 6673878.079575, 389673.373465 6673888.419699, 389667.540787 6673899.282405, 389662.927191 6673903.823267, 389655.854292 6673909.808956, 389652.942174 6673915.747239, 389651.000670 6673917.800508)

LINESTRING (389691.514199 6673866.655204, 389706.366273 6673877.930975, 389710.366911 6673881.777635, 389711.846133 6673885.009348, 389712.656273 6673888.874128, 389713.304981 6673907.643037, 389713.304013 6673916.268371, 389711.962353 6673920.365137)

LINESTRING (389691.514199 6673866.655204, 389686.750363 6673863.266170, 389684.114649 6673859.779579)

LINESTRING (389711.962353 6673920.365137, 389717.617637 6673925.900386)

LINESTRING (389711.962353 6673920.365137, 389705.397824 6673923.148284, 389667.168444 6673924.122036, 389662.586487 6673924.003834, 389658.577671 6673922.831987, 389651.000670 6673917.800508)

LINESTRING (389711.962353 6673920.365137, 389713.304013 6673916.268371, 389713.304981 6673907.643037, 389712.656273 6673888.874128, 389711.846133 6673885.009348, 389710.366911 6673881.777635, 389706.366273 6673877.930975, 389691.514199 6673866.655204)

LINESTRING (389717.617637 6673925.900386, 389718.032973 6673935.081511)

LINESTRING (389717.617637 6673925.900386, 389711.962353 6673920.365137)

LINESTRING (389717.617637 6673925.900386, 389715.738633 6673927.450264, 389659.875534 6673928.699085, 389620.001585 6673902.922028, 389619.147826 6673899.270312)

LINESTRING (389717.617637 6673925.900386, 389716.872684 6673888.646805, 389715.758642 6673884.089120, 389714.088264 6673880.038524, 389711.025140 6673876.731949, 389691.781581 6673861.899886, 389688.998815 6673859.242364, 389686.649055 6673856.036893)

LINESTRING (389651.000670 6673917.800508, 389652.942174 6673915.747239, 389655.854292 6673909.808956, 389662.927191 6673903.823267, 389667.540787 6673899.282405, 389673.373465 6673888.419699, 389678.506025 6673878.079575, 389691.514199 6673866.655204)

LINESTRING (389651.000670 6673917.800508, 389644.918623 6673913.760350, 389638.750709 6673909.633640, 389627.552796 6673902.126008, 389625.298607 6673898.962269)

LINESTRING (389651.000670 6673917.800508, 389658.577671 6673922.831987, 389662.586487 6673924.003834, 389667.168444 6673924.122036, 389705.397824 6673923.148284, 389711.962353 6673920.365137)

LINESTRING (389619.147826 6673899.270312, 389587.662718 6673900.855027)

LINESTRING (389619.147826 6673899.270312, 389625.298607 6673898.962269)

LINESTRING (389619.147826 6673899.270312, 389617.618503 6673894.379716)

LINESTRING (389619.147826 6673899.270312, 389620.001585 6673902.922028, 389659.875534 6673928.699085, 389715.738633 6673927.450264, 389717.617637 6673925.900386)

LINESTRING (389530.789134 6673976.030996, 389536.286723 6673973.758909)

LINESTRING (389530.789134 6673976.030996, 389532.192375 6673979.131208)

LINESTRING (389530.789134 6673976.030996, 389526.085606 6673964.895390)

LINESTRING (389530.789134 6673976.030996, 389525.834404 6673978.086120)

LINESTRING (389536.286723 6673973.758909, 389530.789134 6673976.030996)

LINESTRING (389536.286723 6673973.758909, 389538.290605 6673977.821655)

LINESTRING (389536.286723 6673973.758909, 389531.395707 6673962.294639)

LINESTRING (389532.192375 6673979.131208, 389538.290605 6673977.821655)

LINESTRING (389532.192375 6673979.131208, 389530.789134 6673976.030996)

LINESTRING (389532.192375 6673979.131208, 389540.759630 6673997.482866, 389543.578189 6674001.509887, 389545.677656 6674004.511088, 389552.478569 6674012.329435, 389561.823977 6674021.530864)

LINESTRING (389525.834404 6673978.086120, 389515.864443 6673953.346839)

LINESTRING (389525.834404 6673978.086120, 389530.789134 6673976.030996)

LINESTRING (389525.834404 6673978.086120, 389536.453449 6674000.799946, 389540.278734 6674006.189563, 389545.801088 6674013.567295, 389559.254867 6674025.954468)

LINESTRING (389525.834404 6673978.086120, 389518.050498 6673981.463604, 389509.651174 6673985.227427, 389501.262622 6673989.347548)

LINESTRING (389501.262622 6673989.347548, 389496.630648 6673986.835142)

LINESTRING (389501.262622 6673989.347548, 389493.457948 6673995.344514, 389491.634017 6673997.427754, 389489.841173 6673999.989242, 389488.835966 6674001.434856, 389486.590675 6674004.634059, 389485.510874 6674006.182220, 389484.287425 6674007.935308, 389482.976616 6674010.103356, 389479.282767 6674016.054251)

LINESTRING (389501.262622 6673989.347548, 389509.651174 6673985.227427, 389518.050498 6673981.463604, 389525.834404 6673978.086120)

LINESTRING (389496.630648 6673986.835142, 389501.262622 6673989.347548)

LINESTRING (389496.630648 6673986.835142, 389478.479025 6673975.648687)

LINESTRING (389496.630648 6673986.835142, 389454.312782 6673987.288225, 389448.976735 6673990.313341)

LINESTRING (389479.282767 6674016.054251, 389487.436951 6674021.636287, 389491.021834 6674023.288785, 389516.846253 6674030.555090, 389524.491272 6674032.140794, 389535.973160 6674031.961439, 389546.470509 6674030.786595, 389552.217008 6674029.409668, 389554.636211 6674028.478599, 389559.254867 6674025.954468)

LINESTRING (389479.282767 6674016.054251, 389474.840167 6674026.797320, 389474.275523 6674029.968074, 389473.020922 6674037.672915, 389471.637324 6674047.354111, 389464.722831 6674095.871438)

LINESTRING (389479.282767 6674016.054251, 389482.976616 6674010.103356, 389484.287425 6674007.935308, 389485.510874 6674006.182220, 389486.590675 6674004.634059, 389488.835966 6674001.434856, 389489.841173 6673999.989242, 389491.634017 6673997.427754, 389493.457948 6673995.344514, 389501.262622 6673989.347548)

LINESTRING (389479.282767 6674016.054251, 389471.685673 6674009.441322, 389454.195139 6673994.602135, 389452.707866 6673993.499235, 389448.976735 6673990.313341)

LINESTRING (390020.646276 6673737.892805, 390026.620022 6673750.896418)

LINESTRING (390020.646276 6673737.892805, 389938.404680 6673773.004541, 389936.258060 6673774.150025, 389934.586806 6673775.047199)

LINESTRING (390020.646276 6673737.892805, 390007.555281 6673705.601444, 390005.543631 6673701.081797)

LINESTRING (390026.620022 6673750.896418, 390020.646276 6673737.892805)

LINESTRING (390026.620022 6673750.896418, 390029.676278 6673756.198190, 390034.591449 6673762.045887, 390102.070502 6673829.500860, 390104.692517 6673832.174654)

LINESTRING (390026.620022 6673750.896418, 390030.692309 6673749.191673, 390060.321732 6673736.779099)

LINESTRING (389934.586806 6673775.047199, 389927.784790 6673779.174323)

LINESTRING (389934.586806 6673775.047199, 389937.482954 6673784.064589)

LINESTRING (389934.586806 6673775.047199, 389930.198998 6673765.517472)

LINESTRING (389934.586806 6673775.047199, 389936.258060 6673774.150025, 389938.404680 6673773.004541, 390020.646276 6673737.892805)

LINESTRING (390005.543631 6673701.081797, 390004.418376 6673698.541397)

LINESTRING (390005.543631 6673701.081797, 390007.555281 6673705.601444, 390020.646276 6673737.892805)

LINESTRING (390005.543631 6673701.081797, 390009.041783 6673699.661731, 390029.917265 6673691.612847, 390032.182639 6673691.277348, 390034.951012 6673691.428211, 390036.577420 6673691.992265, 390038.006640 6673693.197437, 390039.751528 6673694.749728)

LINESTRING (390104.692517 6673832.174654, 390106.447005 6673844.402403, 390107.423923 6673854.391312, 390103.527493 6673866.387527, 390094.652363 6673880.761973)

LINESTRING (390104.692517 6673832.174654, 390119.857469 6673846.150594, 390122.902517 6673852.934891, 390129.173002 6673855.688637, 390133.058644 6673860.341543, 390134.675328 6673865.207418, 390135.454188 6673871.558269, 390135.944500 6673881.238618, 390136.673618 6673895.547602, 390136.808675 6673899.677881)

LINESTRING (390104.692517 6673832.174654, 390102.070502 6673829.500860, 390034.591449 6673762.045887, 390029.676278 6673756.198190, 390026.620022 6673750.896418)

LINESTRING (390094.652363 6673880.761973, 390103.527493 6673866.387527, 390107.423923 6673854.391312, 390106.447005 6673844.402403, 390104.692517 6673832.174654)

LINESTRING (390094.652363 6673880.761973, 390099.984001 6673884.223624, 390103.508194 6673889.221664, 390105.483632 6673897.163577, 390103.577605 6673929.983443, 390100.210692 6673933.550233, 390092.094265 6673936.590999, 390088.043766 6673936.612322, 390083.773467 6673935.782180, 390065.875621 6673918.389327, 390063.889774 6673913.244829, 390063.674281 6673909.395559, 390064.223657 6673905.144431, 390089.316367 6673882.515738, 390094.652363 6673880.761973)

LINESTRING (390094.652363 6673880.761973, 390089.316367 6673882.515738, 390064.223657 6673905.144431, 390063.674281 6673909.395559, 390063.889774 6673913.244829, 390065.875621 6673918.389327, 390083.773467 6673935.782180, 390088.043766 6673936.612322, 390092.094265 6673936.590999, 390100.210692 6673933.550233, 390103.577605 6673929.983443, 390105.483632 6673897.163577, 390103.508194 6673889.221664, 390099.984001 6673884.223624, 390094.652363 6673880.761973)

LINESTRING (390136.808675 6673899.677881, 390137.718185 6673927.209086, 390133.625839 6673945.251064, 390126.343453 6673958.329533, 390117.689858 6673968.986410, 390109.579613 6673973.709662, 390101.278966 6673976.711367, 390093.886271 6673976.498716)

LINESTRING (390136.808675 6673899.677881, 390136.673618 6673895.547602, 390135.944500 6673881.238618, 390135.454188 6673871.558269, 390134.675328 6673865.207418, 390133.058644 6673860.341543, 390129.173002 6673855.688637, 390122.902517 6673852.934891, 390119.857469 6673846.150594, 390104.692517 6673832.174654)

LINESTRING (390136.808675 6673899.677881, 390140.680910 6673898.893044, 390141.610518 6673898.062796, 390144.271375 6673891.307836, 390148.635504 6673885.092383, 390152.439935 6673882.047413, 390155.041325 6673878.303059, 390155.832712 6673875.270500)

LINESTRING (390093.886271 6673976.498716, 390086.425571 6673973.836493, 390079.611753 6673968.692090, 390060.150093 6673949.485220)

LINESTRING (390093.886271 6673976.498716, 390101.278966 6673976.711367, 390109.579613 6673973.709662, 390117.689858 6673968.986410, 390126.343453 6673958.329533, 390133.625839 6673945.251064, 390137.718185 6673927.209086, 390136.808675 6673899.677881)

LINESTRING (390093.886271 6673976.498716, 390091.618248 6673978.773277, 390087.572047 6673982.817371, 390076.674721 6673993.040254, 390067.149867 6673999.254774)

LINESTRING (390067.149867 6673999.254774, 390059.475699 6674004.265928, 390049.005400 6674017.061428, 390043.901686 6674022.106847, 390037.200424 6674024.403178, 390018.307040 6674028.726245, 389998.062594 6674032.777986, 389983.920339 6674039.343226, 389972.622369 6674050.068806)

LINESTRING (390067.149867 6673999.254774, 390076.674721 6673993.040254, 390087.572047 6673982.817371, 390091.618248 6673978.773277, 390093.886271 6673976.498716)

LINESTRING (390067.149867 6673999.254774, 390074.964740 6674009.461791, 390077.028595 6674013.879606)

LINESTRING (389859.598732 6673620.843841, 389864.939783 6673618.510124)

LINESTRING (389859.598732 6673620.843841, 389874.574568 6673654.671595)

LINESTRING (389859.598732 6673620.843841, 389841.949069 6673580.243164)

LINESTRING (389864.939783 6673618.510124, 389859.598732 6673620.843841)

LINESTRING (389864.939783 6673618.510124, 389857.420288 6673601.563775)

LINESTRING (389864.939783 6673618.510124, 389868.035862 6673617.191169, 389876.753795 6673613.463209, 389883.800610 6673610.454160)

LINESTRING (389864.939783 6673618.510124, 389888.902326 6673673.419073, 389903.663238 6673707.866302, 389930.198998 6673765.517472)

LINESTRING (389874.574568 6673654.671595, 389882.801406 6673672.075879)

LINESTRING (389874.574568 6673654.671595, 389859.598732 6673620.843841)

LINESTRING (389874.574568 6673654.671595, 389870.275529 6673656.773365)

LINESTRING (389841.949069 6673580.243164, 389859.598732 6673620.843841)

LINESTRING (389841.949069 6673580.243164, 389824.793799 6673540.775492)

LINESTRING (389841.949069 6673580.243164, 389838.045215 6673581.831609)

LINESTRING (389910.642198 6673600.174711, 389921.469715 6673593.140587, 389936.923947 6673586.591451, 389967.693418 6673572.372039, 389976.000119 6673568.066063, 389980.845901 6673563.652378, 389987.547417 6673553.209878)

LINESTRING (389910.642198 6673600.174711, 389918.408166 6673605.022754, 389957.898657 6673631.126641, 389960.406951 6673632.778532)

LINESTRING (389910.642198 6673600.174711, 389908.332645 6673599.965567, 389883.800610 6673610.454160)

LINESTRING (389910.642198 6673600.174711, 389912.703848 6673578.850396, 389910.753060 6673571.008120, 389907.257678 6673563.479743)

LINESTRING (389987.547417 6673553.209878, 389980.845901 6673563.652378, 389976.000119 6673568.066063, 389967.693418 6673572.372039, 389936.923947 6673586.591451, 389921.469715 6673593.140587, 389910.642198 6673600.174711)

LINESTRING (389960.406951 6673632.778532, 389977.240463 6673643.873264)

LINESTRING (389960.406951 6673632.778532, 389950.817940 6673671.780223)

LINESTRING (389960.406951 6673632.778532, 389957.898657 6673631.126641, 389918.408166 6673605.022754, 389910.642198 6673600.174711)

LINESTRING (389883.800610 6673610.454160, 389898.183548 6673643.397190)

LINESTRING (389883.800610 6673610.454160, 389908.332645 6673599.965567, 389910.642198 6673600.174711)

LINESTRING (389883.800610 6673610.454160, 389876.753795 6673613.463209, 389868.035862 6673617.191169, 389864.939783 6673618.510124)

LINESTRING (389907.257678 6673563.479743, 389910.753060 6673571.008120, 389912.703848 6673578.850396, 389910.642198 6673600.174711)

LINESTRING (389984.746814 6673655.047758, 389991.372708 6673669.614140)

LINESTRING (389984.746814 6673655.047758, 389981.746825 6673648.852827, 389977.240463 6673643.873264)

LINESTRING (389984.746814 6673655.047758, 389994.492775 6673651.177748, 390030.410960 6673636.915581, 390037.177304 6673652.837359)

LINESTRING (389991.372708 6673669.614140, 389999.704347 6673687.940447)

LINESTRING (389991.372708 6673669.614140, 390000.980823 6673665.960020, 390004.197261 6673665.506778, 390006.652748 6673665.956759, 390008.016542 6673667.754505, 390008.382047 6673671.053222, 390006.641469 6673677.034000, 390003.177673 6673683.846618, 389999.704347 6673687.940447)

LINESTRING (389991.372708 6673669.614140, 389984.746814 6673655.047758)

LINESTRING (389977.240463 6673643.873264, 389960.406951 6673632.778532)

LINESTRING (389977.240463 6673643.873264, 389981.746825 6673648.852827, 389984.746814 6673655.047758)

LINESTRING (389977.240463 6673643.873264, 389988.686232 6673636.174419, 389992.444101 6673634.345359)

LINESTRING (390037.177304 6673652.837359, 390030.410960 6673636.915581, 389994.492775 6673651.177748, 389984.746814 6673655.047758)

LINESTRING (388839.135872 6673642.024699, 388848.541219 6673652.559863, 388858.444496 6673660.851151, 388860.528701 6673662.593191)

LINESTRING (388860.528701 6673662.593191, 388868.076962 6673658.942871, 388884.706887 6673645.109989)

LINESTRING (388860.528701 6673662.593191, 388856.010298 6673664.948000, 388854.931796 6673666.351443, 388851.535388 6673675.681711, 388850.950090 6673681.081987)

LINESTRING (388860.528701 6673662.593191, 388858.444496 6673660.851151, 388848.541219 6673652.559863, 388839.135872 6673642.024699)

LINESTRING (389423.315156 6673715.802191, 389418.451648 6673715.926808)

LINESTRING (389423.315156 6673715.802191, 389425.012353 6673706.211805)

LINESTRING (389423.315156 6673715.802191, 389424.194301 6673725.247897, 389425.264016 6673736.225697)

LINESTRING (389418.451648 6673715.926808, 389423.315156 6673715.802191)

LINESTRING (389418.451648 6673715.926808, 389418.162934 6673706.552419)

LINESTRING (389418.451648 6673715.926808, 389395.070182 6673716.488277, 389386.513479 6673717.081122, 389375.093421 6673721.727719)

LINESTRING (389425.012353 6673706.211805, 389418.162934 6673706.552419)

LINESTRING (389425.012353 6673706.211805, 389423.315156 6673715.802191)

LINESTRING (389425.012353 6673706.211805, 389428.370188 6673706.032378, 389429.038082 6673730.718089, 389429.832777 6673735.898257)

LINESTRING (389425.012353 6673706.211805, 389425.519768 6673705.004088, 389427.863627 6673699.550822, 389434.782255 6673697.458555, 389448.391065 6673696.735547, 389477.064986 6673695.546599, 389477.084382 6673706.667555)

LINESTRING (389425.264016 6673736.225697, 389429.832777 6673735.898257)

LINESTRING (389425.264016 6673736.225697, 389425.542415 6673743.237905, 389425.842766 6673770.820971, 389425.647671 6673777.591173)

LINESTRING (389425.264016 6673736.225697, 389424.194301 6673725.247897, 389423.315156 6673715.802191)

LINESTRING (389424.525818 6673786.751861, 389425.647671 6673777.591173)

LINESTRING (389424.525818 6673786.751861, 389427.540838 6673787.719457)

LINESTRING (389424.525818 6673786.751861, 389415.093317 6673784.986318, 389405.924976 6673784.616943, 389400.555143 6673784.879466, 389385.593072 6673785.621267, 389359.004069 6673788.196646)

LINESTRING (389425.647671 6673777.591173, 389424.525818 6673786.751861)

LINESTRING (389425.647671 6673777.591173, 389418.318829 6673777.121629)

LINESTRING (389425.647671 6673777.591173, 389431.902510 6673778.148889)

LINESTRING (389425.647671 6673777.591173, 389425.842766 6673770.820971, 389425.542415 6673743.237905, 389425.264016 6673736.225697)

LINESTRING (389359.004069 6673788.196646, 389345.362544 6673789.845929)

LINESTRING (389359.004069 6673788.196646, 389359.706293 6673793.803064)

LINESTRING (389359.004069 6673788.196646, 389358.368234 6673783.134270)

LINESTRING (389359.004069 6673788.196646, 389385.593072 6673785.621267, 389400.555143 6673784.879466, 389405.924976 6673784.616943, 389415.093317 6673784.986318, 389424.525818 6673786.751861)

LINESTRING (388791.384686 6673776.733816, 388793.542826 6673770.862277, 388794.750527 6673766.223154)

LINESTRING (390126.909050 6674351.152343, 390124.025832 6674348.452956, 390122.600629 6674344.784868, 390122.915399 6674340.852814, 390124.899633 6674337.450118)

LINESTRING (390124.899633 6674337.450118, 390123.535170 6674332.108642)

LINESTRING (390124.899633 6674337.450118, 390126.610395 6674336.028079, 390128.618270 6674335.076303, 390130.803294 6674334.665255, 390133.021328 6674334.799261)

LINESTRING (390137.044433 6674390.631326, 390136.315676 6674388.535886)

LINESTRING (390137.044433 6674390.631326, 390142.932406 6674402.300408)

LINESTRING (390137.044433 6674390.631326, 390130.717897 6674392.080482)

LINESTRING (390136.315676 6674388.535886, 390134.142898 6674373.456735)

LINESTRING (390136.315676 6674388.535886, 390137.044433 6674390.631326)

LINESTRING (390136.315676 6674388.535886, 390145.131971 6674385.552177, 390160.524627 6674366.145808, 390164.553884 6674361.734543)

LINESTRING (390142.932406 6674402.300408, 390137.424208 6674405.686292)

LINESTRING (390142.932406 6674402.300408, 390137.044433 6674390.631326)

LINESTRING (390142.932406 6674402.300408, 390147.413000 6674409.231067, 390153.687362 6674416.397631, 390168.398737 6674429.763246, 390177.929210 6674436.899000, 390190.218700 6674445.188954, 390205.698650 6674454.219016, 390207.843873 6674455.257893)

LINESTRING (390130.717897 6674392.080482, 390137.044433 6674390.631326)

LINESTRING (390130.717897 6674392.080482, 390126.811257 6674392.810664, 390115.500783 6674394.777213)

LINESTRING (390130.717897 6674392.080482, 390127.152528 6674396.600442, 390126.687514 6674401.996840)

LINESTRING (390130.717897 6674392.080482, 390129.346205 6674387.976179, 390128.379371 6674384.974099, 390127.281074 6674381.474497, 390125.498730 6674374.596582)

LINESTRING (390130.717897 6674392.080482, 390132.183082 6674395.602503, 390133.612328 6674399.036453, 390137.424208 6674405.686292)

LINESTRING (390131.336522 6674481.078295, 390143.995117 6674534.199516)

LINESTRING (390131.336522 6674481.078295, 390123.244804 6674443.131533, 390122.863574 6674441.337688, 390119.955680 6674430.236649)

LINESTRING (390131.336522 6674481.078295, 390100.626584 6674489.644955, 390094.795657 6674492.071094, 390089.516216 6674495.862508, 390086.400536 6674499.276921, 390079.942733 6674508.541898, 390077.150826 6674514.052769, 390074.839820 6674521.165044, 390073.257467 6674528.890631, 390072.114777 6674537.583664, 390071.861872 6674547.821244, 390072.446101 6674557.665935, 390073.489349 6674566.906218, 390076.374116 6674579.267165)

LINESTRING (390131.336522 6674481.078295, 390141.291577 6674477.960087, 390151.281146 6674476.545867, 390158.436240 6674476.085956, 390163.415217 6674476.516005, 390176.366707 6674478.578968, 390184.844627 6674480.597903, 390190.700847 6674482.896105, 390197.536157 6674485.833567, 390200.875792 6674486.736311, 390204.352677 6674486.665435, 390209.285275 6674486.105141, 390210.857606 6674485.433924)

LINESTRING (390143.995117 6674534.199516, 390131.336522 6674481.078295)

LINESTRING (390143.995117 6674534.199516, 390144.353683 6674535.793455, 390150.756251 6674560.362718)

LINESTRING (390119.955680 6674430.236649, 390116.898006 6674418.582920)

LINESTRING (390119.955680 6674430.236649, 390109.715882 6674432.561108)

LINESTRING (390119.955680 6674430.236649, 390122.863574 6674441.337688, 390123.244804 6674443.131533, 390131.336522 6674481.078295)

LINESTRING (390076.374116 6674579.267165, 390039.290125 6674588.950769)

LINESTRING (390076.374116 6674579.267165, 390080.506091 6674593.251076, 390083.345335 6674600.587553, 390086.122268 6674606.588651, 390096.370124 6674622.840530, 390100.884464 6674628.867468, 390105.990818 6674633.361082, 390110.777754 6674637.195667, 390117.707597 6674641.255654, 390124.048845 6674644.007216, 390129.994802 6674645.790005, 390137.171901 6674646.443756, 390143.293774 6674645.769656, 390170.776666 6674638.425668)

LINESTRING (390076.374116 6674579.267165, 390073.489349 6674566.906218, 390072.446101 6674557.665935, 390071.861872 6674547.821244, 390072.114777 6674537.583664, 390073.257467 6674528.890631, 390074.839820 6674521.165044, 390077.150826 6674514.052769, 390079.942733 6674508.541898, 390086.400536 6674499.276921, 390089.516216 6674495.862508, 390094.795657 6674492.071094, 390100.626584 6674489.644955, 390131.336522 6674481.078295)

LINESTRING (390076.374116 6674579.267165, 390134.756959 6674564.520420, 390150.756251 6674560.362718)

LINESTRING (390210.857606 6674485.433924, 390209.285275 6674486.105141, 390204.352677 6674486.665435, 390200.875792 6674486.736311, 390197.536157 6674485.833567, 390190.700847 6674482.896105, 390184.844627 6674480.597903, 390176.366707 6674478.578968, 390163.415217 6674476.516005, 390158.436240 6674476.085956, 390151.281146 6674476.545867, 390141.291577 6674477.960087, 390131.336522 6674481.078295)

LINESTRING (390150.756251 6674560.362718, 390157.240168 6674585.241573, 390157.488916 6674586.504497)

LINESTRING (390150.756251 6674560.362718, 390144.353683 6674535.793455, 390143.995117 6674534.199516)

LINESTRING (390150.756251 6674560.362718, 390134.756959 6674564.520420, 390076.374116 6674579.267165)

LINESTRING (390157.488916 6674586.504497, 390170.776666 6674638.425668)

LINESTRING (390157.488916 6674586.504497, 390157.240168 6674585.241573, 390150.756251 6674560.362718)

LINESTRING (390170.776666 6674638.425668, 390157.488916 6674586.504497)

LINESTRING (390170.776666 6674638.425668, 390183.131994 6674685.170720, 390183.576691 6674686.862371)

LINESTRING (390170.776666 6674638.425668, 390143.293774 6674645.769656, 390137.171901 6674646.443756, 390129.994802 6674645.790005, 390124.048845 6674644.007216, 390117.707597 6674641.255654, 390110.777754 6674637.195667, 390105.990818 6674633.361082, 390100.884464 6674628.867468, 390096.370124 6674622.840530, 390086.122268 6674606.588651, 390083.345335 6674600.587553, 390080.506091 6674593.251076, 390076.374116 6674579.267165)

LINESTRING (390183.576691 6674686.862371, 390189.636574 6674720.735868)

LINESTRING (390183.576691 6674686.862371, 390183.131994 6674685.170720, 390170.776666 6674638.425668)

LINESTRING (390183.576691 6674686.862371, 390180.852920 6674688.727109, 390162.485305 6674694.003296, 390148.239310 6674695.924163, 390132.613907 6674691.077654, 390124.389086 6674688.973252, 390114.689811 6674689.687939)

LINESTRING (390183.576691 6674686.862371, 390175.806932 6674713.417101, 390170.394228 6674727.364378)

LINESTRING (390183.576691 6674686.862371, 390170.289469 6674707.420184, 390166.783418 6674711.503732, 390160.229430 6674716.447684, 390154.344918 6674717.816693)

LINESTRING (390189.636574 6674720.735868, 390183.576691 6674686.862371)

LINESTRING (390189.636574 6674720.735868, 390187.596548 6674724.307368, 390185.073687 6674734.345596)

LINESTRING (390114.689811 6674689.687939, 390124.389086 6674688.973252, 390132.613907 6674691.077654, 390148.239310 6674695.924163, 390162.485305 6674694.003296, 390180.852920 6674688.727109, 390183.576691 6674686.862371)

LINESTRING (390114.689811 6674689.687939, 390119.608982 6674706.244747, 390134.895829 6674714.600505)

LINESTRING (390114.689811 6674689.687939, 390110.633102 6674690.768114, 390108.111960 6674691.434439, 390099.641518 6674677.825951, 390094.843991 6674675.484965)

LINESTRING (390170.394228 6674727.364378, 390175.806932 6674713.417101, 390183.576691 6674686.862371)

LINESTRING (390170.394228 6674727.364378, 390173.720323 6674729.671610, 390185.073687 6674734.345596)

LINESTRING (390170.394228 6674727.364378, 390165.937884 6674724.556170, 390158.054758 6674718.674847, 390154.344918 6674717.816693)

LINESTRING (390154.344918 6674717.816693, 390158.054758 6674718.674847, 390165.937884 6674724.556170, 390170.394228 6674727.364378)

LINESTRING (390154.344918 6674717.816693, 390160.229430 6674716.447684, 390166.783418 6674711.503732, 390170.289469 6674707.420184, 390183.576691 6674686.862371)

LINESTRING (390154.344918 6674717.816693, 390148.140995 6674717.601740, 390139.829107 6674716.291126, 390134.895829 6674714.600505)

LINESTRING (390039.290125 6674588.950769, 390076.374116 6674579.267165)

LINESTRING (390115.500783 6674394.777213, 390110.753495 6674395.599514)

LINESTRING (390115.500783 6674394.777213, 390126.811257 6674392.810664, 390130.717897 6674392.080482)

LINESTRING (390115.500783 6674394.777213, 390118.669292 6674391.639838, 390122.603452 6674385.726970, 390124.082294 6674379.352916, 390125.498730 6674374.596582)

LINESTRING (390110.753495 6674395.599514, 390115.500783 6674394.777213)

LINESTRING (390110.753495 6674395.599514, 390001.349346 6674422.800504)

LINESTRING (390110.753495 6674395.599514, 390103.236064 6674403.770734, 390083.967916 6674423.449763, 390080.764671 6674426.721938)

LINESTRING (390125.498730 6674374.596582, 390124.082294 6674379.352916, 390122.603452 6674385.726970, 390118.669292 6674391.639838, 390115.500783 6674394.777213)

LINESTRING (390125.498730 6674374.596582, 390124.194684 6674367.570584, 390123.891986 6674365.250625, 390123.827085 6674363.458427)

LINESTRING (390125.498730 6674374.596582, 390127.281074 6674381.474497, 390128.379371 6674384.974099, 390129.346205 6674387.976179, 390130.717897 6674392.080482)

LINESTRING (390001.349346 6674422.800504, 389960.091764 6674433.056042)

LINESTRING (390001.349346 6674422.800504, 390110.753495 6674395.599514)

LINESTRING (390001.349346 6674422.800504, 389986.740482 6674386.654567)

LINESTRING (390080.764671 6674426.721938, 390089.080720 6674434.061098, 390103.156506 6674433.460117, 390109.715882 6674432.561108)

LINESTRING (390080.764671 6674426.721938, 390079.714734 6674427.789842, 390065.987977 6674444.260303, 390058.173913 6674453.632918, 390050.631653 6674467.064863, 390046.764408 6674475.382862, 390043.651885 6674484.257667, 390037.558927 6674508.433277, 390030.464498 6674541.932905, 390029.233365 6674552.110736, 390028.879234 6674566.730870, 390029.502204 6674580.630730, 390030.350093 6674586.689755)

LINESTRING (390080.764671 6674426.721938, 390083.967916 6674423.449763, 390103.236064 6674403.770734, 390110.753495 6674395.599514)

LINESTRING (389960.091764 6674433.056042, 390001.349346 6674422.800504)

LINESTRING (389960.091764 6674433.056042, 389934.998500 6674442.224143, 389921.637748 6674449.256520, 389911.185235 6674457.048396, 389899.379704 6674481.652414)

LINESTRING (389960.091764 6674433.056042, 389929.096955 6674556.502883, 389926.959227 6674560.879825)

LINESTRING (389899.379704 6674481.652414, 389911.185235 6674457.048396, 389921.637748 6674449.256520, 389934.998500 6674442.224143, 389960.091764 6674433.056042)

LINESTRING (389899.379704 6674481.652414, 389898.136310 6674489.936226, 389892.398068 6674514.435759, 389887.158108 6674533.916749, 389888.711674 6674544.980371)

LINESTRING (389899.379704 6674481.652414, 389891.115176 6674480.831242, 389876.390128 6674477.552254, 389862.479849 6674479.776127)

LINESTRING (389926.959227 6674560.879825, 389929.096955 6674556.502883, 389960.091764 6674433.056042)

LINESTRING (389926.959227 6674560.879825, 389934.138773 6674566.035203, 389966.084355 6674573.499294, 390030.350093 6674586.689755)

LINESTRING (389926.959227 6674560.879825, 389922.206176 6674578.473960, 389918.327908 6674581.800025, 389907.794965 6674581.002482, 389898.654651 6674577.990033)

LINESTRING (389926.959227 6674560.879825, 389898.776779 6674552.355632, 389891.786509 6674548.699038, 389888.711674 6674544.980371)

LINESTRING (390030.350093 6674586.689755, 390030.800718 6674595.223493)

LINESTRING (390030.350093 6674586.689755, 389966.084355 6674573.499294, 389934.138773 6674566.035203, 389926.959227 6674560.879825)

LINESTRING (390030.350093 6674586.689755, 390029.502204 6674580.630730, 390028.879234 6674566.730870, 390029.233365 6674552.110736, 390030.464498 6674541.932905, 390037.558927 6674508.433277, 390043.651885 6674484.257667, 390046.764408 6674475.382862, 390050.631653 6674467.064863, 390058.173913 6674453.632918, 390065.987977 6674444.260303, 390079.714734 6674427.789842, 390080.764671 6674426.721938)

LINESTRING (389898.654651 6674577.990033, 389907.794965 6674581.002482, 389918.327908 6674581.800025, 389922.206176 6674578.473960, 389926.959227 6674560.879825)

LINESTRING (389898.654651 6674577.990033, 389893.747980 6674574.059022, 389889.608245 6674567.218699, 389888.656933 6674559.758690, 389888.711674 6674544.980371)

LINESTRING (389898.654651 6674577.990033, 389893.428163 6674603.633132, 389885.031542 6674614.271782, 389873.635727 6674611.717296, 389869.206724 6674610.936783, 389863.757624 6674609.262039, 389858.506950 6674604.962538, 389851.551048 6674598.574758, 389845.008193 6674590.057235)

LINESTRING (389888.711674 6674544.980371, 389884.891686 6674550.243738, 389880.585669 6674556.134642, 389870.504736 6674562.801090, 389861.133353 6674570.181705, 389853.407012 6674578.571496)

LINESTRING (389888.711674 6674544.980371, 389888.656933 6674559.758690, 389889.608245 6674567.218699, 389893.747980 6674574.059022, 389898.654651 6674577.990033)

LINESTRING (389888.711674 6674544.980371, 389891.786509 6674548.699038, 389898.776779 6674552.355632, 389926.959227 6674560.879825)

LINESTRING (389888.711674 6674544.980371, 389887.158108 6674533.916749, 389892.398068 6674514.435759, 389898.136310 6674489.936226, 389899.379704 6674481.652414)

LINESTRING (389853.407012 6674578.571496, 389850.053113 6674585.860191, 389845.008193 6674590.057235)

LINESTRING (389853.407012 6674578.571496, 389861.133353 6674570.181705, 389870.504736 6674562.801090, 389880.585669 6674556.134642, 389884.891686 6674550.243738, 389888.711674 6674544.980371)

LINESTRING (389853.407012 6674578.571496, 389846.098544 6674581.856010, 389838.609132 6674581.156505)

LINESTRING (390006.585949 6674136.916714, 390012.033993 6674134.657975)

LINESTRING (390006.585949 6674136.916714, 390010.153021 6674143.529220, 390021.732096 6674165.067663, 390036.767994 6674194.358644, 390042.911481 6674201.952434, 390058.746209 6674217.390080)

LINESTRING (390006.585949 6674136.916714, 389997.508281 6674124.942503, 389995.941024 6674121.724477)

LINESTRING (390012.033993 6674134.657975, 390006.585949 6674136.916714)

LINESTRING (390012.033993 6674134.657975, 390003.985362 6674117.593554)

LINESTRING (390012.033993 6674134.657975, 390020.712651 6674130.953778, 390023.989287 6674129.562652)

LINESTRING (390012.033993 6674134.657975, 390041.496427 6674191.976695, 390043.047807 6674194.114269)

LINESTRING (389995.941024 6674121.724477, 390000.695578 6674119.285975)

LINESTRING (389995.941024 6674121.724477, 389993.006604 6674123.239070, 389990.669144 6674124.490560, 389971.975114 6674134.134623, 389965.057120 6674137.150813, 389960.262301 6674138.063876, 389955.899493 6674138.395625, 389951.459821 6674138.016488, 389944.494874 6674135.963710, 389911.424539 6674120.565681, 389872.938762 6674102.801226, 389860.767168 6674098.676497, 389852.809516 6674096.464313, 389850.045519 6674095.711704)

LINESTRING (389995.941024 6674121.724477, 389994.244430 6674118.265177, 389994.475072 6674113.198972)

LINESTRING (390030.146685 6674125.978806, 390023.989287 6674129.562652)

LINESTRING (390030.146685 6674125.978806, 390046.405009 6674159.200283)

LINESTRING (390030.146685 6674125.978806, 390036.293676 6674122.417572, 390043.379365 6674119.808801, 390054.774008 6674118.953912)

LINESTRING (390023.989287 6674129.562652, 390030.146685 6674125.978806)

LINESTRING (390023.989287 6674129.562652, 390036.941624 6674154.514450)

LINESTRING (390023.989287 6674129.562652, 390020.712651 6674130.953778, 390012.033993 6674134.657975)

LINESTRING (390046.405009 6674159.200283, 390030.146685 6674125.978806)

LINESTRING (390046.405009 6674159.200283, 390059.593994 6674143.080262)

LINESTRING (390046.405009 6674159.200283, 390047.462967 6674161.352682, 390051.485879 6674165.778496, 390056.884859 6674171.678534, 390069.763966 6674183.672434, 390083.796245 6674193.971326, 390099.008768 6674183.886319, 390111.718556 6674171.023713, 390113.856637 6674172.742526, 390146.633719 6674139.218896, 390125.272109 6674118.976658)

LINESTRING (390054.774008 6674118.953912, 390058.523000 6674119.431926)

LINESTRING (390054.774008 6674118.953912, 390043.379365 6674119.808801, 390036.293676 6674122.417572, 390030.146685 6674125.978806)

LINESTRING (390054.774008 6674118.953912, 390054.155451 6674122.193040, 390053.843535 6674126.403609, 390054.415439 6674131.033382, 390056.075203 6674135.485610, 390055.220500 6674138.252649, 390056.306091 6674139.847031, 390057.388530 6674141.151771, 390059.593994 6674143.080262)

LINESTRING (390054.774008 6674118.953912, 390057.969001 6674112.996325, 390062.771236 6674108.818046, 390066.868811 6674106.120770, 390071.259741 6674104.506777, 390072.594896 6674102.215640, 390075.403548 6674101.685541, 390080.314562 6674101.682931)

LINESTRING (390058.523000 6674119.431926, 390054.774008 6674118.953912)

LINESTRING (390059.593994 6674143.080262, 390046.405009 6674159.200283)

LINESTRING (390059.593994 6674143.080262, 390065.995795 6674135.254505)

LINESTRING (390059.593994 6674143.080262, 390057.388530 6674141.151771, 390056.306091 6674139.847031, 390055.220500 6674138.252649, 390056.075203 6674135.485610, 390054.415439 6674131.033382, 390053.843535 6674126.403609, 390054.155451 6674122.193040, 390054.774008 6674118.953912)

LINESTRING (390080.314562 6674101.682931, 390079.496113 6674108.984387, 390078.827883 6674111.678957)

LINESTRING (390080.314562 6674101.682931, 390080.856890 6674094.980387, 390085.329052 6674095.146975, 390088.485912 6674096.233421, 390109.010517 6674115.386210, 390102.387212 6674122.861936)

LINESTRING (390080.314562 6674101.682931, 390075.403548 6674101.685541, 390072.594896 6674102.215640, 390071.259741 6674104.506777, 390066.868811 6674106.120770, 390062.771236 6674108.818046, 390057.969001 6674112.996325, 390054.774008 6674118.953912)

LINESTRING (389157.570690 6673984.036851, 389160.226271 6673969.837154)

LINESTRING (389157.570690 6673984.036851, 389157.512389 6673987.426354, 389158.078250 6673990.718950, 389161.935103 6673995.115434)

LINESTRING (389157.570690 6673984.036851, 389151.562636 6673990.336769, 389149.803886 6673992.184192)

LINESTRING (389160.226271 6673969.837154, 389157.570690 6673984.036851)

LINESTRING (389160.226271 6673969.837154, 389166.377842 6673928.318273, 389167.093678 6673923.917058)

LINESTRING (389160.226271 6673969.837154, 389174.052272 6673979.436876, 389181.010833 6673978.501855)

LINESTRING (389161.935103 6673995.115434, 389167.175391 6673999.748631, 389267.846487 6674093.776080)

LINESTRING (389161.935103 6673995.115434, 389158.078250 6673990.718950, 389157.512389 6673987.426354, 389157.570690 6673984.036851)

LINESTRING (389161.935103 6673995.115434, 389159.303287 6673998.003381, 389157.586533 6673999.771521)

LINESTRING (389458.877821 6674139.185750, 389457.871622 6674147.027969)

LINESTRING (389458.877821 6674139.185750, 389460.097841 6674128.317094)

LINESTRING (389458.877821 6674139.185750, 389597.201855 6674155.482216)

LINESTRING (389458.877821 6674139.185750, 389416.129404 6674133.779541)

LINESTRING (389457.871622 6674147.027969, 389458.877821 6674139.185750)

LINESTRING (389457.871622 6674147.027969, 389449.951456 6674146.063632)

LINESTRING (389457.871622 6674147.027969, 389457.285559 6674152.428142)

LINESTRING (389457.871622 6674147.027969, 389477.883532 6674149.276484, 389481.931978 6674149.744868, 389497.189957 6674151.501830)

LINESTRING (389460.097841 6674128.317094, 389458.877821 6674139.185750)

LINESTRING (389460.097841 6674128.317094, 389462.547904 6674111.137312)

LINESTRING (389460.097841 6674128.317094, 389448.365544 6674126.810399)

LINESTRING (389597.201855 6674155.482216, 389600.725426 6674155.843980)

LINESTRING (389597.201855 6674155.482216, 389458.877821 6674139.185750)

LINESTRING (389597.201855 6674155.482216, 389596.354805 6674163.275010)

LINESTRING (389597.201855 6674155.482216, 389595.449119 6674151.645889, 389589.611417 6674130.860441, 389590.113626 6674128.560809, 389590.726867 6674127.550511, 389591.999688 6674127.434112, 389605.425057 6674129.882002, 389605.868983 6674127.305534, 389607.460704 6674118.075020, 389593.788483 6674116.091464)

LINESTRING (389416.129404 6674133.779541, 389414.856162 6674141.596411)

LINESTRING (389416.129404 6674133.779541, 389458.877821 6674139.185750)

LINESTRING (389416.129404 6674133.779541, 389417.209822 6674127.294614, 389418.132765 6674124.413907)

LINESTRING (389416.129404 6674133.779541, 389379.039365 6674129.417496, 389328.877008 6674123.835184)

LINESTRING (389797.882726 6674194.154821, 389784.455914 6674191.461120)

LINESTRING (389797.882726 6674194.154821, 389799.168613 6674187.284957)

LINESTRING (389797.882726 6674194.154821, 389805.675153 6674195.123747, 389816.454485 6674196.325945)

LINESTRING (389784.455914 6674191.461120, 389797.882726 6674194.154821)

LINESTRING (389784.455914 6674191.461120, 389776.857852 6674190.497530)

LINESTRING (389784.455914 6674191.461120, 389780.917862 6674200.014659, 389776.403143 6674209.856863, 389758.618592 6674242.664925, 389758.182580 6674243.480412)

LINESTRING (389816.454485 6674196.325945, 389830.501946 6674197.886701)

LINESTRING (389816.454485 6674196.325945, 389805.675153 6674195.123747, 389797.882726 6674194.154821)

LINESTRING (389816.454485 6674196.325945, 389812.660610 6674205.600354, 389784.950051 6674253.205189, 389780.545585 6674258.229948)

LINESTRING (389839.867023 6674198.930946, 389832.827294 6674191.442460)

LINESTRING (389839.867023 6674198.930946, 389830.501946 6674197.886701)

LINESTRING (389832.827294 6674191.442460, 389817.580967 6674189.505462)

LINESTRING (389832.827294 6674191.442460, 389840.910019 6674192.469586, 389842.911417 6674192.777098, 389866.391118 6674195.770280, 389900.534270 6674202.019997, 389910.043679 6674204.174457, 389922.825615 6674207.757221, 389941.543961 6674213.702307, 389963.981163 6674222.265911, 389981.964600 6674230.350608, 389997.595317 6674238.071491)

LINESTRING (389830.501946 6674197.886701, 389831.502764 6674203.851939)

LINESTRING (389830.501946 6674197.886701, 389816.454485 6674196.325945)

LINESTRING (389830.501946 6674197.886701, 389839.867023 6674198.930946)

LINESTRING (390123.827085 6674363.458427, 390123.577234 6674356.244770)

LINESTRING (390123.827085 6674363.458427, 390129.512667 6674362.652553)

LINESTRING (390123.827085 6674363.458427, 390123.891986 6674365.250625, 390124.194684 6674367.570584, 390125.498730 6674374.596582)

LINESTRING (389039.276961 6673829.154678, 389038.479650 6673823.540040)

LINESTRING (389039.276961 6673829.154678, 389039.575787 6673832.421923, 389040.000738 6673836.554567, 389040.253656 6673842.152275)

LINESTRING (389039.276961 6673829.154678, 389050.894298 6673826.462348, 389059.395533 6673823.864490)

LINESTRING (389038.479650 6673823.540040, 389039.276961 6673829.154678)

LINESTRING (389038.479650 6673823.540040, 389048.416570 6673821.801293, 389057.618572 6673818.703005)

LINESTRING (389038.479650 6673823.540040, 389025.397740 6673824.237475, 389006.030650 6673823.743677)

LINESTRING (389040.253656 6673842.152275, 389040.203602 6673844.895188)

LINESTRING (389040.253656 6673842.152275, 389035.095572 6673843.356150, 389028.349691 6673840.696660, 389017.329285 6673836.350317, 389007.728535 6673832.518157, 389006.655738 6673828.984640, 389006.030650 6673823.743677)

LINESTRING (389040.253656 6673842.152275, 389040.000738 6673836.554567, 389039.575787 6673832.421923, 389039.276961 6673829.154678)

LINESTRING (389059.395533 6673823.864490, 389057.618572 6673818.703005)

LINESTRING (389059.395533 6673823.864490, 389065.013924 6673825.945290)

LINESTRING (389059.395533 6673823.864490, 389085.025376 6673813.637847)

LINESTRING (389059.395533 6673823.864490, 389050.894298 6673826.462348, 389039.276961 6673829.154678)

LINESTRING (389055.782841 6673812.518064, 389057.618572 6673818.703005)

LINESTRING (389055.782841 6673812.518064, 389048.318541 6673814.538452)

LINESTRING (389055.782841 6673812.518064, 389056.631176 6673806.998421, 389054.429762 6673796.255571)

LINESTRING (389055.782841 6673812.518064, 389065.387949 6673809.351861, 389078.789598 6673803.819582, 389100.416006 6673790.772378, 389112.120575 6673782.160209, 389123.224408 6673770.936320, 389143.861530 6673747.934441)

LINESTRING (389057.618572 6673818.703005, 389059.395533 6673823.864490)

LINESTRING (389057.618572 6673818.703005, 389055.782841 6673812.518064)

LINESTRING (389057.618572 6673818.703005, 389067.414840 6673815.252415, 389082.065209 6673808.255892)

LINESTRING (389057.618572 6673818.703005, 389048.416570 6673821.801293, 389038.479650 6673823.540040)

LINESTRING (389048.318541 6673814.538452, 389055.782841 6673812.518064)

LINESTRING (389048.318541 6673814.538452, 389045.497393 6673804.772764, 389039.996189 6673760.051941, 389030.297432 6673681.402650, 389028.283311 6673669.885208)

LINESTRING (389048.318541 6673814.538452, 389037.143684 6673816.816196, 389016.556345 6673818.543530, 388984.746810 6673814.214692, 388964.144554 6673809.412451, 388945.762493 6673802.425631, 388933.882401 6673796.824062, 388872.823092 6673768.488237, 388857.139204 6673760.082674, 388833.970632 6673753.029984, 388810.026677 6673752.977075)

LINESTRING (389054.429762 6673796.255571, 389048.593066 6673753.829402, 389045.026042 6673711.947364, 389045.820214 6673690.905933, 389046.770922 6673681.438253, 389047.873635 6673675.520863, 389049.516853 6673670.590043)

LINESTRING (389054.429762 6673796.255571, 389056.631176 6673806.998421, 389055.782841 6673812.518064)

LINESTRING (389054.429762 6673796.255571, 389057.944539 6673791.368327, 389060.512152 6673784.893928, 389065.568578 6673771.724645, 389072.394447 6673759.437841, 389076.981603 6673754.406685, 389088.602769 6673749.084415, 389098.241772 6673743.733079, 389108.043347 6673735.869473, 389120.098024 6673719.936352)

LINESTRING (389143.861530 6673747.934441, 389147.330879 6673751.072252)

LINESTRING (389143.861530 6673747.934441, 389145.562975 6673744.740348, 389146.172316 6673742.136519, 389146.076268 6673739.331172)

LINESTRING (389143.861530 6673747.934441, 389123.224408 6673770.936320, 389112.120575 6673782.160209, 389100.416006 6673790.772378, 389078.789598 6673803.819582, 389065.387949 6673809.351861, 389055.782841 6673812.518064)

LINESTRING (389065.013924 6673825.945290, 389059.395533 6673823.864490)

LINESTRING (389065.013924 6673825.945290, 389054.223116 6673843.823926, 389047.082788 6673845.544759, 389040.203602 6673844.895188)

LINESTRING (389065.013924 6673825.945290, 389069.209847 6673826.687363, 389074.845010 6673828.589368, 389086.531170 6673835.311645)

LINESTRING (389085.025376 6673813.637847, 389082.065209 6673808.255892)

LINESTRING (389085.025376 6673813.637847, 389059.395533 6673823.864490)

LINESTRING (389085.025376 6673813.637847, 389089.911253 6673820.666475, 389093.370023 6673824.005144)

LINESTRING (389085.025376 6673813.637847, 389107.142053 6673802.303127, 389120.150596 6673796.615754)

LINESTRING (388810.026677 6673752.977075, 388810.013519 6673758.025667)

LINESTRING (388810.026677 6673752.977075, 388802.648571 6673753.268039, 388795.988388 6673754.172413)

LINESTRING (388810.026677 6673752.977075, 388833.970632 6673753.029984, 388857.139204 6673760.082674, 388872.823092 6673768.488237, 388933.882401 6673796.824062, 388945.762493 6673802.425631, 388964.144554 6673809.412451, 388984.746810 6673814.214692, 389016.556345 6673818.543530, 389037.143684 6673816.816196, 389048.318541 6673814.538452)

LINESTRING (388809.781914 6673768.307388, 388809.809208 6673764.272463)

LINESTRING (388809.781914 6673768.307388, 388805.694465 6673768.765855, 388802.226963 6673770.631917, 388800.227012 6673773.489789, 388799.131059 6673775.595847, 388798.186168 6673777.741892)

LINESTRING (388809.781914 6673768.307388, 388835.026153 6673770.427005, 388841.654322 6673771.941901)

LINESTRING (388809.809208 6673764.272463, 388810.013519 6673758.025667)

LINESTRING (388809.809208 6673764.272463, 388809.781914 6673768.307388)

LINESTRING (388809.809208 6673764.272463, 388805.189386 6673764.379351, 388794.750527 6673766.223154)

LINESTRING (388798.186168 6673777.741892, 388799.131059 6673775.595847, 388800.227012 6673773.489789, 388802.226963 6673770.631917, 388805.694465 6673768.765855, 388809.781914 6673768.307388)

LINESTRING (388841.654322 6673771.941901, 388835.026153 6673770.427005, 388809.781914 6673768.307388)

LINESTRING (389006.030650 6673823.743677, 389025.397740 6673824.237475, 389038.479650 6673823.540040)

LINESTRING (389006.030650 6673823.743677, 388984.501817 6673821.142478, 388971.358315 6673817.796741, 388959.134535 6673814.400865, 388943.145810 6673808.556148, 388894.955161 6673786.928260, 388871.522281 6673776.462184, 388840.132974 6673765.156880, 388828.185920 6673762.477381, 388822.277538 6673761.821017)

LINESTRING (389006.030650 6673823.743677, 389006.655738 6673828.984640, 389007.728535 6673832.518157, 389017.329285 6673836.350317, 389028.349691 6673840.696660, 389035.095572 6673843.356150, 389040.253656 6673842.152275)

LINESTRING (388822.277538 6673761.821017, 388815.547049 6673764.064760, 388809.809208 6673764.272463)

LINESTRING (388822.277538 6673761.821017, 388828.185920 6673762.477381, 388840.132974 6673765.156880, 388871.522281 6673776.462184, 388894.955161 6673786.928260, 388943.145810 6673808.556148, 388959.134535 6673814.400865, 388971.358315 6673817.796741, 388984.501817 6673821.142478, 389006.030650 6673823.743677)

LINESTRING (388780.010911 6673825.622244, 388780.877642 6673830.220637, 388778.720257 6673832.826995)

LINESTRING (388857.901880 6673853.935788, 388860.414888 6673854.450119)

LINESTRING (388857.901880 6673853.935788, 388855.558156 6673859.545468)

LINESTRING (388857.901880 6673853.935788, 388844.960333 6673851.576180, 388819.439619 6673847.826759, 388813.526976 6673847.025674, 388804.293611 6673845.612254, 388794.775481 6673842.680791, 388790.280894 6673840.878289, 388785.005903 6673837.684223, 388778.720257 6673832.826995)

LINESTRING (388770.465905 6673836.420965, 388763.875219 6673835.406538)

LINESTRING (388770.465905 6673836.420965, 388773.388421 6673836.165008, 388775.469220 6673835.422008, 388776.367046 6673835.015836, 388778.720257 6673832.826995)

LINESTRING (388770.465905 6673836.420965, 388787.408139 6673845.512279, 388795.668306 6673848.504224, 388806.113187 6673851.251524, 388818.724654 6673852.974673, 388844.686199 6673857.535352, 388855.558156 6673859.545468)

LINESTRING (388855.558156 6673859.545468, 388858.959857 6673860.266838)

LINESTRING (388855.558156 6673859.545468, 388843.578390 6673877.527732)

LINESTRING (388855.558156 6673859.545468, 388857.901880 6673853.935788)

LINESTRING (388855.558156 6673859.545468, 388844.686199 6673857.535352, 388818.724654 6673852.974673, 388806.113187 6673851.251524, 388795.668306 6673848.504224, 388787.408139 6673845.512279, 388770.465905 6673836.420965)

LINESTRING (388933.357298 6673562.550748, 388937.254942 6673558.755023)

LINESTRING (388933.357298 6673562.550748, 388931.573101 6673563.563250, 388924.535121 6673567.576839, 388920.983087 6673567.762615)

LINESTRING (388933.357298 6673562.550748, 388930.407395 6673559.898843, 388916.518097 6673547.371033, 388907.473593 6673537.571386, 388904.635810 6673533.311377)

LINESTRING (388933.357298 6673562.550748, 388935.219180 6673564.098985, 388969.298287 6673592.496314)

LINESTRING (389579.583438 6673901.254736, 389587.662718 6673900.855027)

LINESTRING (389579.583438 6673901.254736, 389571.257773 6673917.586417)

LINESTRING (389579.583438 6673901.254736, 389573.269695 6673900.943719, 389564.472309 6673901.454275)

LINESTRING (389579.583438 6673901.254736, 389576.078819 6673898.217895, 389571.250634 6673889.938812, 389563.840365 6673878.851381)

LINESTRING (389587.662718 6673900.855027, 389579.583438 6673901.254736)

LINESTRING (389587.662718 6673900.855027, 389619.147826 6673899.270312)

LINESTRING (389587.662718 6673900.855027, 389590.490226 6673895.242411, 389615.249106 6673894.941491, 389617.618503 6673894.379716)

LINESTRING (389571.257773 6673917.586417, 389579.583438 6673901.254736)

LINESTRING (389571.257773 6673917.586417, 389564.833876 6673914.359057, 389564.472309 6673901.454275)

LINESTRING (389571.257773 6673917.586417, 389564.676738 6673930.488909, 389560.486901 6673932.699207, 389542.006007 6673932.855640)

LINESTRING (389564.472309 6673901.454275, 389563.840365 6673878.851381)

LINESTRING (389564.472309 6673901.454275, 389573.269695 6673900.943719, 389579.583438 6673901.254736)

LINESTRING (389564.472309 6673901.454275, 389564.833876 6673914.359057, 389571.257773 6673917.586417)

LINESTRING (389563.840365 6673878.851381, 389564.472309 6673901.454275)

LINESTRING (389563.840365 6673878.851381, 389571.250634 6673889.938812, 389576.078819 6673898.217895, 389579.583438 6673901.254736)

LINESTRING (389563.840365 6673878.851381, 389562.042152 6673872.408782, 389555.607320 6673863.119525, 389553.889186 6673860.619426)

LINESTRING (389851.772736 6674121.390742, 389866.154187 6674122.239536, 389919.721706 6674139.606034, 389936.319543 6674145.146840, 389940.307182 6674146.364190, 389951.408431 6674149.596420, 389956.820288 6674150.380936, 389967.926980 6674151.395440, 389974.464621 6674150.864606, 389983.920975 6674147.928150, 389990.570117 6674145.198670, 390006.585949 6674136.916714)

LINESTRING (389851.772736 6674121.390742, 389881.989311 6674132.672886, 389916.178526 6674147.078634, 389960.015075 6674167.680329, 389991.761016 6674182.238218, 390023.928760 6674199.023598, 390058.746209 6674217.390080)

LINESTRING (390137.424208 6674405.686292, 390142.932406 6674402.300408)

LINESTRING (390137.424208 6674405.686292, 390133.612328 6674399.036453, 390132.183082 6674395.602503, 390130.717897 6674392.080482)

LINESTRING (390137.424208 6674405.686292, 390144.712908 6674416.143236, 390152.591770 6674424.264577, 390160.840679 6674431.405322, 390173.315125 6674441.049209, 390185.743007 6674449.513295, 390200.018893 6674457.988841, 390203.240135 6674459.753210)

LINESTRING (390137.424208 6674405.686292, 390132.485832 6674409.199949, 390129.623137 6674410.879442)

LINESTRING (390207.843873 6674455.257893, 390203.240135 6674459.753210)

LINESTRING (390207.843873 6674455.257893, 390205.698650 6674454.219016, 390190.218700 6674445.188954, 390177.929210 6674436.899000, 390168.398737 6674429.763246, 390153.687362 6674416.397631, 390147.413000 6674409.231067, 390142.932406 6674402.300408)

LINESTRING (389927.784790 6673779.174323, 389934.586806 6673775.047199)

LINESTRING (389927.784790 6673779.174323, 389919.945670 6673782.586012)

LINESTRING (389927.784790 6673779.174323, 389924.067906 6673767.964007)

LINESTRING (389927.784790 6673779.174323, 389930.089844 6673786.805365)

LINESTRING (389919.945670 6673782.586012, 389927.784790 6673779.174323)

LINESTRING (389919.945670 6673782.586012, 389917.925847 6673776.874272)

LINESTRING (389919.945670 6673782.586012, 389922.484706 6673789.507956)

LINESTRING (389919.945670 6673782.586012, 389917.335018 6673783.433436, 389911.069927 6673785.482848, 389887.981877 6673793.565560, 389882.571934 6673795.076686, 389879.565986 6673795.512564, 389875.786493 6673795.693120, 389868.940579 6673794.483806)

LINESTRING (389924.067906 6673767.964007, 389927.784790 6673779.174323)

LINESTRING (389924.067906 6673767.964007, 389930.198998 6673765.517472)

LINESTRING (389924.067906 6673767.964007, 389919.774230 6673769.686674)

LINESTRING (389924.067906 6673767.964007, 389923.091023 6673765.006848, 389906.108559 6673724.218691, 389898.083490 6673705.950222)

LINESTRING (389930.089844 6673786.805365, 389937.482954 6673784.064589)

LINESTRING (389930.089844 6673786.805365, 389922.484706 6673789.507956)

LINESTRING (389930.089844 6673786.805365, 389927.784790 6673779.174323)

LINESTRING (389930.089844 6673786.805365, 389932.049784 6673791.449109, 389941.943048 6673814.274996)

LINESTRING (389504.972694 6673714.941362, 389505.458772 6673747.778690, 389500.912376 6673753.811000)

LINESTRING (389504.972694 6673714.941362, 389504.011255 6673706.991401, 389496.531045 6673689.375915, 389484.346948 6673658.975599, 389477.190220 6673648.036678, 389474.591112 6673642.097477)

LINESTRING (389504.972694 6673714.941362, 389507.588687 6673715.375021, 389509.179383 6673717.511201, 389512.885958 6673744.333959)

LINESTRING (389500.912376 6673753.811000, 389494.747910 6673754.041649)

LINESTRING (389500.912376 6673753.811000, 389505.458772 6673747.778690, 389504.972694 6673714.941362)

LINESTRING (389500.912376 6673753.811000, 389497.376487 6673758.018658, 389492.174186 6673772.840971, 389489.052170 6673777.704775, 389485.612763 6673781.798095, 389479.100104 6673791.266375, 389478.336313 6673796.114713)

LINESTRING (389474.591112 6673642.097477, 389463.450797 6673644.439710)

LINESTRING (389474.591112 6673642.097477, 389477.190220 6673648.036678, 389484.346948 6673658.975599, 389496.531045 6673689.375915, 389504.011255 6673706.991401, 389504.972694 6673714.941362)

LINESTRING (389474.591112 6673642.097477, 389463.211915 6673612.999036, 389461.580129 6673608.401328, 389460.349917 6673602.030770, 389460.393701 6673594.106186)

LINESTRING (389512.885958 6673744.333959, 389509.179383 6673717.511201, 389507.588687 6673715.375021, 389504.972694 6673714.941362)

LINESTRING (389672.584814 6673541.079906, 389683.322016 6673566.052786)

LINESTRING (389672.584814 6673541.079906, 389671.110154 6673537.636335)

LINESTRING (389672.584814 6673541.079906, 389656.679419 6673548.858439)

LINESTRING (389672.584814 6673541.079906, 389688.437151 6673533.748795, 389701.721311 6673529.414801, 389722.831210 6673524.711404, 389784.913241 6673512.288794, 389790.879066 6673511.161983, 389797.872451 6673511.720394)

LINESTRING (389697.113162 6673598.076857, 389689.452621 6673601.528226)

LINESTRING (389697.113162 6673598.076857, 389695.274804 6673593.797306, 389683.322016 6673566.052786)

LINESTRING (389697.113162 6673598.076857, 389697.200042 6673600.960484, 389696.802452 6673604.527335, 389702.054544 6673620.059569, 389699.958093 6673625.081722)

LINESTRING (389689.452621 6673601.528226, 389697.113162 6673598.076857)

LINESTRING (389689.452621 6673601.528226, 389681.224135 6673605.286465, 389662.614372 6673562.731905)

LINESTRING (389689.452621 6673601.528226, 389694.800830 6673614.539056, 389696.371521 6673618.592651)

LINESTRING (389683.322016 6673566.052786, 389672.584814 6673541.079906)

LINESTRING (389683.322016 6673566.052786, 389695.274804 6673593.797306, 389697.113162 6673598.076857)

LINESTRING (389683.322016 6673566.052786, 389679.218781 6673567.101364, 389677.242722 6673567.094047, 389675.963068 6673565.516756, 389675.335719 6673563.852947, 389674.501505 6673562.507398, 389672.999251 6673559.989593, 389671.711663 6673559.070028, 389670.210463 6673558.981542, 389666.528297 6673560.374045, 389662.614372 6673562.731905)

LINESTRING (389699.958093 6673625.081722, 389699.171828 6673626.063778)

LINESTRING (389699.958093 6673625.081722, 389696.985079 6673620.167729, 389696.371521 6673618.592651)

LINESTRING (389699.958093 6673625.081722, 389702.054544 6673620.059569, 389696.802452 6673604.527335, 389697.200042 6673600.960484, 389697.113162 6673598.076857)

LINESTRING (389656.679419 6673548.858439, 389655.136544 6673544.993465)

LINESTRING (389656.679419 6673548.858439, 389662.614372 6673562.731905)

LINESTRING (389656.679419 6673548.858439, 389672.584814 6673541.079906)

LINESTRING (389656.679419 6673548.858439, 389627.482827 6673566.621388, 389622.399741 6673569.594018)

LINESTRING (389653.054481 6673540.364676, 389650.662271 6673534.653144)

LINESTRING (389653.054481 6673540.364676, 389655.136544 6673544.993465)

LINESTRING (389653.054481 6673540.364676, 389669.347041 6673532.908775)

LINESTRING (389653.054481 6673540.364676, 389637.751013 6673548.225445, 389617.026411 6673559.626299)

LINESTRING (389422.442427 6673575.371660, 389422.495559 6673577.130781, 389422.533723 6673578.210580, 389422.594589 6673580.225776)

LINESTRING (389422.442427 6673575.371660, 389422.380889 6673573.334198, 389422.358358 6673572.588241)

LINESTRING (389422.442427 6673575.371660, 389425.891457 6673575.267489, 389432.273043 6673578.540486)

LINESTRING (389422.594589 6673580.225776, 389422.656292 6673582.084932, 389422.690256 6673583.209434)

LINESTRING (389422.594589 6673580.225776, 389422.533723 6673578.210580, 389422.495559 6673577.130781, 389422.442427 6673575.371660)

LINESTRING (389422.594589 6673580.225776, 389419.525146 6673580.218191, 389412.378372 6673578.807062)

LINESTRING (389422.358358 6673572.588241, 389422.380889 6673573.334198, 389422.442427 6673575.371660)

LINESTRING (389422.358358 6673572.588241, 389428.422303 6673571.959340, 389434.229302 6673569.622060)

LINESTRING (389422.358358 6673572.588241, 389408.111929 6673574.266671, 389397.117302 6673577.028163)

LINESTRING (389460.393701 6673594.106186, 389456.400750 6673592.187428)

LINESTRING (389460.393701 6673594.106186, 389460.349917 6673602.030770, 389461.580129 6673608.401328, 389463.211915 6673612.999036, 389474.591112 6673642.097477)

LINESTRING (389460.393701 6673594.106186, 389460.850567 6673592.877714, 389461.420349 6673591.344950, 389462.303503 6673588.978081)

LINESTRING (389460.393701 6673594.106186, 389474.561968 6673599.216907, 389486.799012 6673602.680973, 389498.980079 6673604.475195, 389513.298153 6673605.358032, 389521.460419 6673605.111712)

LINESTRING (389521.245218 6673598.899953, 389521.460419 6673605.111712)

LINESTRING (389521.245218 6673598.899953, 389536.594203 6673597.344708, 389554.036894 6673594.177373, 389563.473413 6673591.463355)

LINESTRING (389521.245218 6673598.899953, 389516.359375 6673599.392854, 389499.407390 6673598.589502, 389488.305737 6673596.885277, 389475.476870 6673593.673093, 389462.303503 6673588.978081)

LINESTRING (389463.919770 6673585.340969, 389463.535320 6673586.210651, 389462.303503 6673588.978081)

LINESTRING (389463.919770 6673585.340969, 389469.808288 6673586.990773, 389478.884027 6673589.424731, 389493.226868 6673592.045182, 389506.599814 6673593.424564, 389516.894756 6673593.960800, 389530.367515 6673593.130779, 389551.162114 6673589.951443, 389568.164143 6673584.869591, 389582.170561 6673579.098100, 389617.026411 6673559.626299)

LINESTRING (389463.919770 6673585.340969, 389457.448164 6673582.393807, 389451.783420 6673577.862157, 389449.577967 6673575.220802, 389448.427732 6673570.764571, 389447.681667 6673570.686805, 389445.449688 6673570.475608)

LINESTRING (388810.260492 6673724.129532, 388822.860600 6673708.468559, 388833.052971 6673698.318974, 388841.546829 6673689.257375, 388850.950090 6673681.081987)

LINESTRING (388810.260492 6673724.129532, 388800.152396 6673736.683712, 388798.245564 6673742.425028, 388796.397860 6673750.660786, 388795.988388 6673754.172413)

LINESTRING (388810.260492 6673724.129532, 388839.204270 6673745.538371, 388865.940288 6673724.946208)

LINESTRING (388748.845979 6673760.519210, 388749.107328 6673766.562416)

LINESTRING (388748.845979 6673760.519210, 388748.283767 6673756.446478, 388747.262764 6673752.800012, 388745.455881 6673749.043703, 388743.563496 6673747.039589, 388739.936444 6673744.386128, 388731.534384 6673740.752263)

LINESTRING (388748.845979 6673760.519210, 388750.076585 6673760.470669, 388762.276618 6673759.966213, 388776.072114 6673758.087199, 388790.816173 6673754.730712, 388795.988388 6673754.172413)

LINESTRING (389800.476039 6674180.024413, 389799.168613 6674187.284957)

LINESTRING (389800.476039 6674180.024413, 389801.550215 6674178.287072, 389804.145770 6674172.893338, 389806.779790 6674165.459133, 389813.791174 6674145.088933)

LINESTRING (389800.476039 6674180.024413, 389762.028089 6674175.677125, 389600.725426 6674155.843980)

LINESTRING (389082.065209 6673808.255892, 389085.025376 6673813.637847)

LINESTRING (389082.065209 6673808.255892, 389091.694301 6673802.949407)

LINESTRING (389082.065209 6673808.255892, 389067.414840 6673815.252415, 389057.618572 6673818.703005)

LINESTRING (390203.240135 6674459.753210, 390207.843873 6674455.257893)

LINESTRING (390203.240135 6674459.753210, 390200.018893 6674457.988841, 390185.743007 6674449.513295, 390173.315125 6674441.049209, 390160.840679 6674431.405322, 390152.591770 6674424.264577, 390144.712908 6674416.143236, 390137.424208 6674405.686292)

LINESTRING (390203.240135 6674459.753210, 390200.479570 6674460.582659, 390191.622268 6674462.564534, 390183.964014 6674464.008983, 390176.659475 6674463.927283)

LINESTRING (390129.623137 6674410.879442, 390116.898006 6674418.582920)

LINESTRING (390129.623137 6674410.879442, 390133.352562 6674416.261364, 390136.804725 6674436.807129)

LINESTRING (390129.623137 6674410.879442, 390132.485832 6674409.199949, 390137.424208 6674405.686292)

LINESTRING (389258.858241 6673810.046718, 389253.835462 6673806.186876)

LINESTRING (389258.858241 6673810.046718, 389264.103710 6673812.462274, 389271.179478 6673813.006025, 389273.524420 6673813.470002, 389276.072361 6673814.407027)

LINESTRING (389258.858241 6673810.046718, 389254.371970 6673813.648174, 389232.625389 6673842.176914, 389230.673766 6673845.723996, 389227.926039 6673855.424293)

LINESTRING (389258.858241 6673810.046718, 389261.668432 6673807.911239, 389264.616931 6673806.128182, 389268.981382 6673804.736908)

LINESTRING (389227.926039 6673855.424293, 389229.910548 6673862.318013, 389233.247967 6673869.538544, 389236.955475 6673873.950770)

LINESTRING (389227.926039 6673855.424293, 389227.225359 6673850.609060, 389227.399905 6673845.923356, 389229.170487 6673841.345371, 389247.487934 6673815.773181, 389253.835462 6673806.186876)

LINESTRING (389227.926039 6673855.424293, 389230.673766 6673845.723996, 389232.625389 6673842.176914, 389254.371970 6673813.648174, 389258.858241 6673810.046718)

LINESTRING (389231.379176 6673791.086588, 389232.674431 6673788.406301)

LINESTRING (389231.379176 6673791.086588, 389238.015281 6673793.972647, 389243.962743 6673798.127665, 389247.656183 6673802.440035, 389253.835462 6673806.186876)

LINESTRING (389231.379176 6673791.086588, 389218.455088 6673785.448839, 389197.184989 6673774.892983, 389178.079513 6673761.597189, 389167.829375 6673754.463395, 389166.322320 6673753.996404)

LINESTRING (389276.072361 6673814.407027, 389268.981382 6673804.736908)

LINESTRING (389276.072361 6673814.407027, 389278.515177 6673816.272173, 389281.753131 6673821.857607)

LINESTRING (389276.072361 6673814.407027, 389273.524420 6673813.470002, 389271.179478 6673813.006025, 389264.103710 6673812.462274, 389258.858241 6673810.046718)

LINESTRING (389268.981382 6673804.736908, 389276.072361 6673814.407027)

LINESTRING (389268.981382 6673804.736908, 389264.616931 6673806.128182, 389261.668432 6673807.911239, 389258.858241 6673810.046718)

LINESTRING (389268.981382 6673804.736908, 389273.878129 6673803.329539, 389288.757402 6673801.687130, 389306.485151 6673799.724628)

LINESTRING (389281.753131 6673821.857607, 389287.142637 6673833.807977, 389293.094486 6673840.314291, 389299.406423 6673847.534075)

LINESTRING (389281.753131 6673821.857607, 389278.515177 6673816.272173, 389276.072361 6673814.407027)

LINESTRING (389281.753131 6673821.857607, 389285.421182 6673818.726685, 389294.620910 6673810.959794, 389306.485151 6673799.724628)

LINESTRING (389478.479025 6673975.648687, 389496.630648 6673986.835142)

LINESTRING (389478.479025 6673975.648687, 389461.813921 6673967.013943, 389444.284972 6673958.260490, 389433.981398 6673955.384553)

LINESTRING (389478.479025 6673975.648687, 389478.954603 6673969.527507, 389479.649780 6673963.511136, 389481.324812 6673956.495667)

LINESTRING (389448.976735 6673990.313341, 389454.312782 6673987.288225, 389496.630648 6673986.835142)

LINESTRING (389448.976735 6673990.313341, 389452.707866 6673993.499235, 389454.195139 6673994.602135, 389471.685673 6674009.441322, 389479.282767 6674016.054251)

LINESTRING (389448.976735 6673990.313341, 389444.790743 6673985.113009, 389440.920225 6673977.863831, 389435.956887 6673961.442852, 389433.981398 6673955.384553)

LINESTRING (389559.254867 6674025.954468, 389561.823977 6674021.530864)

LINESTRING (389559.254867 6674025.954468, 389554.636211 6674028.478599, 389552.217008 6674029.409668, 389546.470509 6674030.786595, 389535.973160 6674031.961439, 389524.491272 6674032.140794, 389516.846253 6674030.555090, 389491.021834 6674023.288785, 389487.436951 6674021.636287, 389479.282767 6674016.054251)

LINESTRING (389559.254867 6674025.954468, 389545.801088 6674013.567295, 389540.278734 6674006.189563, 389536.453449 6674000.799946, 389525.834404 6673978.086120)

LINESTRING (389559.254867 6674025.954468, 389569.562626 6674032.474650, 389570.725590 6674033.130483)

LINESTRING (389464.722831 6674095.871438, 389463.541880 6674104.175828, 389463.179868 6674106.705268, 389462.547904 6674111.137312)

LINESTRING (389464.722831 6674095.871438, 389471.637324 6674047.354111, 389473.020922 6674037.672915, 389474.275523 6674029.968074, 389474.840167 6674026.797320, 389479.282767 6674016.054251)

LINESTRING (389464.722831 6674095.871438, 389466.691727 6674096.202017, 389474.808568 6674097.427907)

LINESTRING (389561.823977 6674021.530864, 389559.254867 6674025.954468)

LINESTRING (389561.823977 6674021.530864, 389564.383282 6674023.036073)

LINESTRING (389561.823977 6674021.530864, 389552.478569 6674012.329435, 389545.677656 6674004.511088, 389543.578189 6674001.509887, 389540.759630 6673997.482866, 389532.192375 6673979.131208)

LINESTRING (389564.383282 6674023.036073, 389561.823977 6674021.530864)

LINESTRING (389564.383282 6674023.036073, 389568.303220 6674018.137111)

LINESTRING (389564.383282 6674023.036073, 389571.721803 6674027.339072, 389573.249520 6674028.128771)

LINESTRING (389918.135524 6674698.069006, 389917.340595 6674703.921123, 389914.816113 6674710.193012, 389911.792008 6674713.504539, 389902.938440 6674719.643667, 389892.113963 6674722.420971, 389865.470771 6674727.212183, 389843.670264 6674734.732920, 389839.559863 6674736.606228)

LINESTRING (389918.135524 6674698.069006, 389917.814129 6674670.230333, 389918.701844 6674662.113236, 389919.847850 6674656.495724, 389922.864067 6674648.492906, 389933.957126 6674633.237723, 389939.116448 6674627.677819, 389946.048764 6674622.956109, 389951.906139 6674620.127750)

LINESTRING (389918.135524 6674698.069006, 389932.099136 6674700.412662, 389940.418407 6674701.410561, 389949.591643 6674704.422111, 389957.800346 6674710.415792, 389983.029118 6674719.842678, 390012.905478 6674728.472564, 390022.207605 6674731.346692, 390033.182894 6674735.987002)

LINESTRING (389839.559863 6674736.606228, 389834.188929 6674729.412998)

LINESTRING (389839.559863 6674736.606228, 389831.956158 6674741.314935, 389830.269399 6674742.602676, 389827.639226 6674744.620881)

LINESTRING (389839.559863 6674736.606228, 389843.670264 6674734.732920, 389865.470771 6674727.212183, 389892.113963 6674722.420971, 389902.938440 6674719.643667, 389911.792008 6674713.504539, 389914.816113 6674710.193012, 389917.340595 6674703.921123, 389918.135524 6674698.069006)

LINESTRING (389839.559863 6674736.606228, 389857.380980 6674739.368380, 389871.589975 6674742.863371, 389883.441004 6674746.730250, 389892.582389 6674748.316207, 389897.382503 6674748.528386, 389907.967690 6674745.914307, 389922.401827 6674742.694154)

LINESTRING (389951.906139 6674620.127750, 389946.048764 6674622.956109, 389939.116448 6674627.677819, 389933.957126 6674633.237723, 389922.864067 6674648.492906, 389919.847850 6674656.495724, 389918.701844 6674662.113236, 389917.814129 6674670.230333, 389918.135524 6674698.069006)

LINESTRING (389951.906139 6674620.127750, 389953.984202 6674619.118040, 389961.495033 6674616.473997, 389975.812038 6674614.137959, 389992.241900 6674612.317942, 390008.558240 6674611.704940, 390020.178094 6674609.717591, 390025.415244 6674606.373089, 390029.165119 6674602.649823, 390030.800718 6674595.223493)

LINESTRING (389951.906139 6674620.127750, 389960.149796 6674621.373137, 389967.177445 6674623.880920, 390001.107344 6674627.050996, 390019.327935 6674632.755047)

LINESTRING (390033.182894 6674735.987002, 390036.393828 6674730.396633, 390041.216729 6674724.534956, 390048.752960 6674719.048658, 390055.799199 6674714.981214, 390061.723319 6674708.651876, 390070.388405 6674694.751594, 390072.917684 6674691.031603, 390094.843991 6674675.484965)

LINESTRING (390033.182894 6674735.987002, 390022.207605 6674731.346692, 390012.905478 6674728.472564, 389983.029118 6674719.842678, 389957.800346 6674710.415792, 389949.591643 6674704.422111, 389940.418407 6674701.410561, 389932.099136 6674700.412662, 389918.135524 6674698.069006)

LINESTRING (390094.843991 6674675.484965, 390064.218736 6674639.530074, 390053.324433 6674624.111197, 390041.048088 6674608.310410, 390030.800718 6674595.223493)

LINESTRING (390094.843991 6674675.484965, 390072.917684 6674691.031603, 390070.388405 6674694.751594, 390061.723319 6674708.651876, 390055.799199 6674714.981214, 390048.752960 6674719.048658, 390041.216729 6674724.534956, 390036.393828 6674730.396633, 390033.182894 6674735.987002)

LINESTRING (390094.843991 6674675.484965, 390099.641518 6674677.825951, 390108.111960 6674691.434439, 390110.633102 6674690.768114, 390114.689811 6674689.687939)

LINESTRING (390030.800718 6674595.223493, 390030.350093 6674586.689755)

LINESTRING (390030.800718 6674595.223493, 390041.048088 6674608.310410, 390053.324433 6674624.111197, 390064.218736 6674639.530074, 390094.843991 6674675.484965)

LINESTRING (390030.800718 6674595.223493, 390029.165119 6674602.649823, 390025.415244 6674606.373089, 390020.178094 6674609.717591, 390008.558240 6674611.704940, 389992.241900 6674612.317942, 389975.812038 6674614.137959, 389961.495033 6674616.473997, 389953.984202 6674619.118040, 389951.906139 6674620.127750)

LINESTRING (390134.895829 6674714.600505, 390119.608982 6674706.244747, 390114.689811 6674689.687939)

LINESTRING (390134.895829 6674714.600505, 390139.829107 6674716.291126, 390148.140995 6674717.601740, 390154.344918 6674717.816693)

LINESTRING (390185.073687 6674734.345596, 390187.596548 6674724.307368, 390189.636574 6674720.735868)

LINESTRING (390185.073687 6674734.345596, 390173.720323 6674729.671610, 390170.394228 6674727.364378)

LINESTRING (389834.188929 6674729.412998, 389839.559863 6674736.606228)

LINESTRING (389834.188929 6674729.412998, 389826.537538 6674731.248049, 389812.723987 6674733.703260)

LINESTRING (389834.188929 6674729.412998, 389814.921213 6674712.330144, 389778.089723 6674687.596781, 389774.101374 6674687.260011)

LINESTRING (389827.639226 6674744.620881, 389830.269399 6674742.602676, 389831.956158 6674741.314935, 389839.559863 6674736.606228)

LINESTRING (389922.401827 6674742.694154, 389907.967690 6674745.914307, 389897.382503 6674748.528386, 389892.582389 6674748.316207, 389883.441004 6674746.730250, 389871.589975 6674742.863371, 389857.380980 6674739.368380, 389839.559863 6674736.606228)

LINESTRING (389774.101374 6674687.260011, 389764.118410 6674691.082152, 389757.883506 6674700.341033)

LINESTRING (389774.101374 6674687.260011, 389778.089723 6674687.596781, 389814.921213 6674712.330144, 389834.188929 6674729.412998)

LINESTRING (389774.101374 6674687.260011, 389763.565622 6674680.835352, 389749.885091 6674656.586208, 389748.669554 6674650.125984, 389748.443429 6674643.725103, 389750.908635 6674635.861311, 389756.742914 6674625.087790, 389760.903217 6674621.552462)

LINESTRING (389757.883506 6674700.341033, 389753.092545 6674713.880225)

LINESTRING (389757.883506 6674700.341033, 389812.723987 6674733.703260)

LINESTRING (389757.883506 6674700.341033, 389764.118410 6674691.082152, 389774.101374 6674687.260011)

LINESTRING (389760.903217 6674621.552462, 389735.921928 6674615.964217)

LINESTRING (389760.903217 6674621.552462, 389766.097613 6674618.454031, 389768.139824 6674617.913334, 389776.341262 6674615.727289, 389788.704080 6674612.435286)

LINESTRING (389760.903217 6674621.552462, 389756.742914 6674625.087790, 389750.908635 6674635.861311, 389748.443429 6674643.725103, 389748.669554 6674650.125984, 389749.885091 6674656.586208, 389763.565622 6674680.835352, 389774.101374 6674687.260011)

LINESTRING (389566.588721 6674755.408981, 389563.763320 6674751.872497, 389559.918959 6674749.135691, 389551.598647 6674747.737509)

LINESTRING (389566.588721 6674755.408981, 389568.933862 6674754.981609, 389576.947926 6674756.712241, 389586.782528 6674757.730475, 389590.760912 6674758.657964, 389607.449632 6674763.971575, 389613.370861 6674761.987660, 389618.944703 6674761.362635, 389638.663188 6674765.771502, 389651.831581 6674767.135125, 389658.345406 6674767.139302, 389667.338037 6674768.573171, 389671.214258 6674769.425819, 389687.544959 6674770.783382, 389702.028376 6674772.887611, 389709.534778 6674744.890972, 389717.796580 6674737.353930, 389723.813534 6674730.073998, 389742.891649 6674717.463830, 389753.092545 6674713.880225)

LINESTRING (389551.598647 6674747.737509, 389544.350575 6674751.165697)

LINESTRING (389551.598647 6674747.737509, 389559.918959 6674749.135691, 389563.763320 6674751.872497, 389566.588721 6674755.408981)

LINESTRING (389551.598647 6674747.737509, 389548.021687 6674743.933980, 389544.303285 6674740.591620, 389540.958817 6674739.344163, 389534.471753 6674733.979197, 389532.747253 6674731.624182, 389527.367842 6674728.031095, 389522.030264 6674725.640287, 389514.226879 6674721.518628, 389498.879485 6674716.722119, 389486.641605 6674715.130347, 389474.212484 6674717.311012, 389471.280631 6674719.806632, 389465.097094 6674724.495512, 389460.435144 6674729.595340, 389456.840851 6674733.671122)

LINESTRING (389753.092545 6674713.880225, 389757.883506 6674700.341033)

LINESTRING (389753.092545 6674713.880225, 389758.705493 6674718.971015, 389792.253223 6674740.237047, 389798.964632 6674740.168663, 389804.795693 6674737.028821, 389812.723987 6674733.703260)

LINESTRING (389753.092545 6674713.880225, 389742.891649 6674717.463830, 389723.813534 6674730.073998, 389717.796580 6674737.353930, 389709.534778 6674744.890972, 389702.028376 6674772.887611, 389687.544959 6674770.783382, 389671.214258 6674769.425819, 389667.338037 6674768.573171, 389658.345406 6674767.139302, 389651.831581 6674767.135125, 389638.663188 6674765.771502, 389618.944703 6674761.362635, 389613.370861 6674761.987660, 389607.449632 6674763.971575, 389590.760912 6674758.657964, 389586.782528 6674757.730475, 389576.947926 6674756.712241, 389568.933862 6674754.981609, 389566.588721 6674755.408981)

LINESTRING (389916.817875 6674052.459831, 389923.565306 6674055.577763)

LINESTRING (389916.817875 6674052.459831, 389944.808300 6674038.969972, 389945.159206 6674038.090207, 389943.777324 6674035.134079)

LINESTRING (389916.817875 6674052.459831, 389911.002976 6674054.885755, 389897.434696 6674059.862803, 389878.762790 6674067.110757, 389873.456859 6674069.298555, 389875.792198 6674074.432444)

LINESTRING (389923.565306 6674055.577763, 389916.817875 6674052.459831)

LINESTRING (389923.565306 6674055.577763, 389921.867005 6674059.261708)

LINESTRING (389923.565306 6674055.577763, 389969.533584 6674074.510802, 389975.338411 6674073.411382)

LINESTRING (389875.792198 6674074.432444, 389873.456859 6674069.298555, 389878.762790 6674067.110757, 389897.434696 6674059.862803, 389911.002976 6674054.885755, 389916.817875 6674052.459831)

LINESTRING (389975.338411 6674073.411382, 389981.497446 6674070.618616)

LINESTRING (389975.338411 6674073.411382, 389983.180784 6674090.437372)

LINESTRING (389975.338411 6674073.411382, 389969.533584 6674074.510802, 389923.565306 6674055.577763)

LINESTRING (389975.338411 6674073.411382, 389968.527285 6674058.572019, 389965.985634 6674053.031958)

LINESTRING (389981.497446 6674070.618616, 389975.338411 6674073.411382)

LINESTRING (389981.497446 6674070.618616, 390003.985362 6674117.593554)

LINESTRING (389981.497446 6674070.618616, 389972.622369 6674050.068806)

LINESTRING (389983.180784 6674090.437372, 389975.338411 6674073.411382)

LINESTRING (389983.180784 6674090.437372, 389992.124345 6674109.023841)

LINESTRING (389983.180784 6674090.437372, 389975.999249 6674093.550609, 389947.361267 6674105.978765)

LINESTRING (390003.985362 6674117.593554, 389981.497446 6674070.618616)

LINESTRING (390003.985362 6674117.593554, 390000.695578 6674119.285975)

LINESTRING (390003.985362 6674117.593554, 390012.033993 6674134.657975)

LINESTRING (390043.047807 6674194.114269, 390047.800199 6674200.657768, 390052.165712 6674204.482670, 390062.520372 6674211.504247, 390112.627567 6674243.074272, 390171.616364 6674280.329199, 390189.464326 6674292.987890, 390205.508507 6674302.123628)

LINESTRING (390043.047807 6674194.114269, 390041.496427 6674191.976695, 390012.033993 6674134.657975)

LINESTRING (390043.047807 6674194.114269, 390047.780875 6674192.255946, 390049.515799 6674192.560431, 390053.324402 6674193.917004, 390055.203858 6674193.860549, 390058.556112 6674192.032574, 390060.455281 6674190.415402)

LINESTRING (389954.402743 6674007.022048, 389948.187547 6674009.426512)

LINESTRING (389954.402743 6674007.022048, 389958.411506 6674016.875215)

LINESTRING (389954.402743 6674007.022048, 389950.841487 6673997.656901, 389948.604409 6673961.640607, 389951.552618 6673880.280417)

LINESTRING (389972.622369 6674050.068806, 389981.497446 6674070.618616)

LINESTRING (389972.622369 6674050.068806, 389969.250540 6674043.495037, 389958.411506 6674016.875215)

LINESTRING (389972.622369 6674050.068806, 389983.920339 6674039.343226, 389998.062594 6674032.777986, 390018.307040 6674028.726245, 390037.200424 6674024.403178, 390043.901686 6674022.106847, 390049.005400 6674017.061428, 390059.475699 6674004.265928, 390067.149867 6673999.254774)

LINESTRING (389972.622369 6674050.068806, 389970.448375 6674051.036799, 389965.985634 6674053.031958)

LINESTRING (389835.111090 6674088.293630, 389839.581635 6674090.064673)

LINESTRING (389835.111090 6674088.293630, 389831.872255 6674087.989932, 389823.398789 6674085.603891, 389817.529182 6674084.365307, 389802.271622 6674082.807582, 389795.042022 6674083.214683, 389788.107842 6674085.139604, 389784.318877 6674085.732873, 389780.618207 6674085.019662, 389767.849211 6674082.807669, 389751.708353 6674076.429200, 389746.664290 6674075.333020, 389735.255698 6674074.439707)

LINESTRING (389835.111090 6674088.293630, 389838.503710 6674083.934597, 389843.931190 6674078.411094, 389846.032280 6674074.837571, 389847.989588 6674070.911774, 389848.355554 6674068.504846)

LINESTRING (389835.111090 6674088.293630, 389829.858317 6674098.514569, 389827.037912 6674105.475179, 389814.456954 6674143.241309, 389813.791174 6674145.088933)

LINESTRING (389839.581635 6674090.064673, 389835.111090 6674088.293630)

LINESTRING (389839.581635 6674090.064673, 389844.463243 6674092.402829)

LINESTRING (389839.581635 6674090.064673, 389842.971244 6674085.605441, 389850.460275 6674077.222817, 389856.834321 6674073.832746)

LINESTRING (389735.255698 6674074.439707, 389729.295653 6674073.148268, 389720.876650 6674068.153169, 389716.345243 6674065.470308)

LINESTRING (389735.255698 6674074.439707, 389746.664290 6674075.333020, 389751.708353 6674076.429200, 389767.849211 6674082.807669, 389780.618207 6674085.019662, 389784.318877 6674085.732873, 389788.107842 6674085.139604, 389795.042022 6674083.214683, 389802.271622 6674082.807582, 389817.529182 6674084.365307, 389823.398789 6674085.603891, 389831.872255 6674087.989932, 389835.111090 6674088.293630)

LINESTRING (389735.255698 6674074.439707, 389736.630319 6674077.886310, 389737.636321 6674078.491203, 389742.956613 6674079.177873, 389744.465959 6674079.912476, 389744.485166 6674081.839775, 389743.239513 6674082.490205, 389732.545683 6674081.007038)

LINESTRING (389848.355554 6674068.504846, 389854.360004 6674065.003312)

LINESTRING (389848.355554 6674068.504846, 389848.252329 6674065.443410, 389847.136288 6674063.025360, 389844.983002 6674060.070192, 389840.201764 6674056.458621, 389833.417793 6674053.419946)

LINESTRING (389848.355554 6674068.504846, 389847.989588 6674070.911774, 389846.032280 6674074.837571, 389843.931190 6674078.411094, 389838.503710 6674083.934597, 389835.111090 6674088.293630)

LINESTRING (389813.791174 6674145.088933, 389736.792457 6674128.217994)

LINESTRING (389813.791174 6674145.088933, 389814.456954 6674143.241309, 389827.037912 6674105.475179, 389829.858317 6674098.514569, 389835.111090 6674088.293630)

LINESTRING (389813.791174 6674145.088933, 389806.779790 6674165.459133, 389804.145770 6674172.893338, 389801.550215 6674178.287072, 389800.476039 6674180.024413)

LINESTRING (389860.791746 6674061.132330, 389863.630642 6674058.840441, 389867.114578 6674056.038820)

LINESTRING (389860.791746 6674061.132330, 389862.512411 6674063.911080, 389862.106284 6674069.963233)

LINESTRING (389860.791746 6674061.132330, 389858.573398 6674062.469471, 389856.834577 6674063.513589, 389854.360004 6674065.003312)

LINESTRING (389867.114578 6674056.038820, 389870.373639 6674055.907334, 389874.185158 6674055.324622, 389882.465182 6674053.493105, 389887.572812 6674052.091351, 389917.558667 6674037.972923, 389928.198813 6674032.872272)

LINESTRING (389867.114578 6674056.038820, 389861.942255 6674053.999119, 389858.121773 6674051.517571)

LINESTRING (389867.114578 6674056.038820, 389863.630642 6674058.840441, 389860.791746 6674061.132330)

LINESTRING (389716.345243 6674065.470308, 389708.471823 6674051.878066, 389706.639463 6674045.949052, 389706.325471 6674042.158475)

LINESTRING (389716.345243 6674065.470308, 389720.876650 6674068.153169, 389729.295653 6674073.148268, 389735.255698 6674074.439707)

LINESTRING (389716.345243 6674065.470308, 389708.211508 6674059.998602, 389692.353820 6674054.737379, 389667.847345 6674047.173825, 389662.578998 6674043.978338)

LINESTRING (389732.545683 6674081.007038, 389743.239513 6674082.490205, 389744.485166 6674081.839775, 389744.465959 6674079.912476, 389742.956613 6674079.177873, 389737.636321 6674078.491203, 389736.630319 6674077.886310, 389735.255698 6674074.439707)

LINESTRING (389706.325471 6674042.158475, 389704.878647 6674037.053630)

LINESTRING (389706.325471 6674042.158475, 389662.578998 6674043.978338)

LINESTRING (389706.325471 6674042.158475, 389706.639463 6674045.949052, 389708.471823 6674051.878066, 389716.345243 6674065.470308)

LINESTRING (389706.325471 6674042.158475, 389736.076472 6674041.262165, 389736.991291 6674041.234608)

LINESTRING (389662.578998 6674043.978338, 389706.325471 6674042.158475)

LINESTRING (389662.578998 6674043.978338, 389614.703687 6674045.978951, 389603.660883 6674045.075012, 389591.568880 6674042.319447, 389579.521234 6674038.091599, 389570.725590 6674033.130483)

LINESTRING (389662.578998 6674043.978338, 389667.847345 6674047.173825, 389692.353820 6674054.737379, 389708.211508 6674059.998602, 389716.345243 6674065.470308)

LINESTRING (389704.878647 6674037.053630, 389703.492296 6674032.114121)

LINESTRING (389704.878647 6674037.053630, 389706.325471 6674042.158475)

LINESTRING (389704.878647 6674037.053630, 389711.597742 6674036.828893)

LINESTRING (389704.878647 6674037.053630, 389684.277145 6674037.719017, 389618.009601 6674040.407644, 389609.042550 6674039.697402, 389595.909188 6674037.742151, 389584.652185 6674033.969623, 389573.249520 6674028.128771)

LINESTRING (389703.492296 6674032.114121, 389704.878647 6674037.053630)

LINESTRING (389703.492296 6674032.114121, 389710.441402 6674031.971602)

LINESTRING (389703.492296 6674032.114121, 389679.784913 6674032.839687)

LINESTRING (389711.597742 6674036.828893, 389718.372616 6674036.613631)

LINESTRING (389711.597742 6674036.828893, 389704.878647 6674037.053630)

LINESTRING (389711.597742 6674036.828893, 389710.441402 6674031.971602)

LINESTRING (389573.249520 6674028.128771, 389575.914759 6674022.844204)

LINESTRING (389573.249520 6674028.128771, 389570.725590 6674033.130483)

LINESTRING (389573.249520 6674028.128771, 389584.652185 6674033.969623, 389595.909188 6674037.742151, 389609.042550 6674039.697402, 389618.009601 6674040.407644, 389684.277145 6674037.719017, 389704.878647 6674037.053630)

LINESTRING (389573.249520 6674028.128771, 389571.721803 6674027.339072, 389564.383282 6674023.036073)

LINESTRING (388917.601547 6673874.266677, 388918.400072 6673869.673447)

LINESTRING (388917.601547 6673874.266677, 388914.122387 6673873.369302, 388904.094305 6673871.366836, 388894.253991 6673868.968662, 388858.959857 6673860.266838)

LINESTRING (388917.601547 6673874.266677, 388927.265077 6673876.692565, 388956.785980 6673885.904472, 388960.745385 6673887.266507, 388964.486576 6673888.936050)

LINESTRING (388917.601547 6673874.266677, 388916.721605 6673879.285846, 388913.121625 6673881.356416, 388887.640331 6673879.444079)

LINESTRING (389992.444101 6673634.345359, 389998.811128 6673611.665929)

LINESTRING (389992.444101 6673634.345359, 390001.188382 6673632.600496)

LINESTRING (389992.444101 6673634.345359, 389988.686232 6673636.174419, 389977.240463 6673643.873264)

LINESTRING (389882.801406 6673672.075879, 389898.083490 6673705.950222)

LINESTRING (389882.801406 6673672.075879, 389874.574568 6673654.671595)

LINESTRING (389882.801406 6673672.075879, 389878.259412 6673674.218380)

LINESTRING (389898.083490 6673705.950222, 389882.801406 6673672.075879)

LINESTRING (389898.083490 6673705.950222, 389893.316910 6673707.820866)

LINESTRING (389898.083490 6673705.950222, 389906.108559 6673724.218691, 389923.091023 6673765.006848, 389924.067906 6673767.964007)

LINESTRING (389878.259412 6673674.218380, 389870.275529 6673656.773365)

LINESTRING (389878.259412 6673674.218380, 389893.316910 6673707.820866)

LINESTRING (389878.259412 6673674.218380, 389865.854232 6673680.085435)

LINESTRING (389878.259412 6673674.218380, 389882.801406 6673672.075879)

LINESTRING (389118.036220 6674003.287266, 389115.785311 6674009.038828)

LINESTRING (389118.036220 6674003.287266, 389104.365528 6673985.993770)

LINESTRING (389118.036220 6674003.287266, 389125.099064 6673985.276557, 389127.161274 6673980.622818, 389127.888264 6673978.973792)

LINESTRING (389150.518739 6674000.030120, 389149.353547 6674001.502965)

LINESTRING (389150.518739 6674000.030120, 389154.175357 6674003.128826)

LINESTRING (389150.518739 6674000.030120, 389133.451020 6673983.441162, 389131.386117 6673981.776401, 389127.888264 6673978.973792)

LINESTRING (390000.695578 6674119.285975, 389995.941024 6674121.724477)

LINESTRING (390000.695578 6674119.285975, 390003.985362 6674117.593554)

LINESTRING (390000.695578 6674119.285975, 390002.282811 6674122.614840, 390006.585949 6674136.916714)

LINESTRING (389844.463243 6674092.402829, 389842.423551 6674095.250160)

LINESTRING (389844.463243 6674092.402829, 389839.581635 6674090.064673)

LINESTRING (389844.463243 6674092.402829, 389847.159308 6674093.848394, 389850.045519 6674095.711704)

LINESTRING (390120.220560 6674320.585205, 390127.463430 6674324.702696, 390130.051285 6674329.762286)

LINESTRING (390120.220560 6674320.585205, 390112.246330 6674313.547731, 390103.438307 6674305.354069)

LINESTRING (390130.051285 6674329.762286, 390133.021328 6674334.799261)

LINESTRING (390130.051285 6674329.762286, 390136.061297 6674330.150211, 390140.814863 6674331.567654)

LINESTRING (390103.438307 6674305.354069, 390091.692165 6674295.777677, 390082.058647 6674288.923816, 390058.182890 6674273.270713, 390034.759524 6674258.829982, 390011.566146 6674245.586010, 389997.595317 6674238.071491)

LINESTRING (390103.438307 6674305.354069, 390113.088503 6674307.036776, 390127.500891 6674318.371915, 390136.798306 6674326.974404, 390140.814863 6674331.567654)

LINESTRING (390103.438307 6674305.354069, 390112.246330 6674313.547731, 390120.220560 6674320.585205)

LINESTRING (390123.535170 6674332.108642, 390120.220560 6674320.585205)

LINESTRING (390123.535170 6674332.108642, 390126.206564 6674330.524039, 390130.051285 6674329.762286)

LINESTRING (389831.502764 6674203.851939, 389830.501946 6674197.886701)

LINESTRING (389831.502764 6674203.851939, 389832.355476 6674210.980590, 389833.554761 6674222.433747, 389833.248675 6674245.265454, 389830.704985 6674259.940390, 389827.853834 6674266.612193, 389823.498958 6674272.916943, 389809.667497 6674282.760973, 389799.248154 6674290.373857, 389790.775717 6674299.064817, 389782.157035 6674312.295730, 389770.821565 6674320.070014, 389747.144845 6674328.750974, 389731.864008 6674334.861224, 389718.964534 6674338.236415, 389701.290922 6674342.279281, 389679.271123 6674345.907186)

LINESTRING (389831.502764 6674203.851939, 389840.627175 6674209.806699, 389855.747978 6674214.767534, 389869.847374 6674224.328116, 389879.392322 6674235.964792, 389888.518509 6674248.070983)

LINESTRING (389679.271123 6674345.907186, 389654.177027 6674349.527615, 389643.144334 6674350.584602, 389636.399011 6674347.712296, 389622.712653 6674332.167059, 389616.092489 6674326.638785, 389607.634514 6674324.754263, 389599.978225 6674322.221525, 389588.616736 6674319.187662, 389584.047222 6674316.338964, 389575.304470 6674311.822019, 389565.559239 6674308.839758, 389552.273250 6674306.577278, 389538.966750 6674306.209916, 389530.757995 6674305.231841, 389525.229485 6674303.704844, 389503.069605 6674288.727825)

LINESTRING (389679.271123 6674345.907186, 389701.290922 6674342.279281, 389718.964534 6674338.236415, 389731.864008 6674334.861224, 389747.144845 6674328.750974, 389770.821565 6674320.070014, 389782.157035 6674312.295730, 389790.775717 6674299.064817, 389799.248154 6674290.373857, 389809.667497 6674282.760973, 389823.498958 6674272.916943, 389827.853834 6674266.612193, 389830.704985 6674259.940390, 389833.248675 6674245.265454, 389833.554761 6674222.433747, 389832.355476 6674210.980590, 389831.502764 6674203.851939)

LINESTRING (389679.271123 6674345.907186, 389681.901861 6674334.695219, 389681.101422 6674323.787262, 389680.993115 6674313.382202)

LINESTRING (389888.518509 6674248.070983, 389879.392322 6674235.964792, 389869.847374 6674224.328116, 389855.747978 6674214.767534, 389840.627175 6674209.806699, 389831.502764 6674203.851939)

LINESTRING (389503.069605 6674288.727825, 389525.229485 6674303.704844, 389530.757995 6674305.231841, 389538.966750 6674306.209916, 389552.273250 6674306.577278, 389565.559239 6674308.839758, 389575.304470 6674311.822019, 389584.047222 6674316.338964, 389588.616736 6674319.187662, 389599.978225 6674322.221525, 389607.634514 6674324.754263, 389616.092489 6674326.638785, 389622.712653 6674332.167059, 389636.399011 6674347.712296, 389643.144334 6674350.584602, 389654.177027 6674349.527615, 389679.271123 6674345.907186)

LINESTRING (389503.069605 6674288.727825, 389512.999387 6674288.996401, 389525.154320 6674289.264703)

LINESTRING (389503.069605 6674288.727825, 389497.697970 6674287.251851, 389492.362429 6674284.214657)

LINESTRING (389525.154320 6674289.264703, 389512.999387 6674288.996401, 389503.069605 6674288.727825)

LINESTRING (389525.154320 6674289.264703, 389541.932257 6674287.532507, 389556.443727 6674285.166715, 389571.279277 6674283.794149, 389621.661803 6674278.184641)

LINESTRING (389525.154320 6674289.264703, 389515.046837 6674271.527925, 389511.047510 6674261.652630)

LINESTRING (389492.362429 6674284.214657, 389496.572777 6674279.206539, 389505.547892 6674267.334849, 389511.047510 6674261.652630)

LINESTRING (389492.362429 6674284.214657, 389483.831480 6674278.632864, 389476.025927 6674272.817451, 389459.445993 6674258.507980, 389452.319895 6674251.490848, 389449.949964 6674247.249760, 389448.921163 6674235.234339, 389450.083284 6674230.351668, 389447.185943 6674224.633236, 389436.445867 6674218.304769)

LINESTRING (389492.362429 6674284.214657, 389487.800789 6674288.063284, 389471.411013 6674293.093729, 389460.256549 6674294.166082, 389450.189498 6674293.210877)

LINESTRING (389492.362429 6674284.214657, 389497.697970 6674287.251851, 389503.069605 6674288.727825)

LINESTRING (389226.546631 6674223.547925, 389238.934472 6674196.294030)

LINESTRING (389226.546631 6674223.547925, 389219.870151 6674234.704413)

LINESTRING (389226.546631 6674223.547925, 389230.779865 6674228.289683)

LINESTRING (389238.934472 6674196.294030, 389226.546631 6674223.547925)

LINESTRING (389238.934472 6674196.294030, 389255.217533 6674166.637838, 389278.442741 6674124.680641, 389280.335638 6674121.581110)

LINESTRING (389238.934472 6674196.294030, 389242.461907 6674198.616652, 389284.536529 6674124.518604)

LINESTRING (389219.870151 6674234.704413, 389226.546631 6674223.547925)

LINESTRING (389219.870151 6674234.704413, 389192.967363 6674283.994607, 389177.251981 6674318.069196)

LINESTRING (389219.870151 6674234.704413, 389226.583643 6674230.088256, 389230.779865 6674228.289683)

LINESTRING (389230.779865 6674228.289683, 389226.546631 6674223.547925)

LINESTRING (389230.779865 6674228.289683, 389226.583643 6674230.088256, 389219.870151 6674234.704413)

LINESTRING (389230.779865 6674228.289683, 389239.083046 6674234.212115, 389252.636327 6674247.308373, 389267.295296 6674262.655719, 389275.962872 6674268.154883, 389285.423503 6674270.520939, 389293.159916 6674270.186637, 389323.051829 6674268.134818, 389336.053401 6674267.953429, 389347.774737 6674269.660670, 389358.929795 6674272.644321, 389366.805511 6674273.063745)

LINESTRING (389943.649396 6673929.361187, 389936.688679 6673929.492461)

LINESTRING (389943.649396 6673929.361187, 389943.489977 6673942.147892)

LINESTRING (389943.649396 6673929.361187, 389943.574146 6673917.629052, 389944.221513 6673898.921476)

LINESTRING (389936.688679 6673929.492461, 389943.649396 6673929.361187)

LINESTRING (389936.688679 6673929.492461, 389937.866970 6673879.900658)

LINESTRING (389936.688679 6673929.492461, 389936.825152 6673942.337133)

LINESTRING (389936.688679 6673929.492461, 389912.331863 6673924.697562, 389902.135076 6673922.407729, 389891.265638 6673920.817927, 389876.011517 6673912.016307, 389869.448846 6673909.884689, 389864.123767 6673909.599147)

LINESTRING (389943.489977 6673942.147892, 389943.649396 6673929.361187)

LINESTRING (389943.489977 6673942.147892, 389936.825152 6673942.337133)

LINESTRING (389943.489977 6673942.147892, 389943.255418 6673961.110509, 389943.464650 6673982.466840, 389945.191368 6673999.476049, 389948.187547 6674009.426512)

LINESTRING (389944.221513 6673898.921476, 389943.574146 6673917.629052, 389943.649396 6673929.361187)

LINESTRING (389944.221513 6673898.921476, 389941.722361 6673889.446397, 389940.870220 6673886.206890, 389941.017304 6673879.839372)

LINESTRING (389868.940579 6673794.483806, 389865.524783 6673798.821206)

LINESTRING (389868.940579 6673794.483806, 389875.786493 6673795.693120, 389879.565986 6673795.512564, 389882.571934 6673795.076686, 389887.981877 6673793.565560, 389911.069927 6673785.482848, 389917.335018 6673783.433436, 389919.945670 6673782.586012)

LINESTRING (389868.940579 6673794.483806, 389861.810310 6673792.124105, 389854.615424 6673788.908291, 389830.863071 6673776.941395)

LINESTRING (389865.524783 6673798.821206, 389868.940579 6673794.483806)

LINESTRING (389865.524783 6673798.821206, 389873.662052 6673800.526567, 389880.120085 6673800.833768, 389885.814287 6673799.548107, 389890.780499 6673797.860888, 389916.623965 6673789.316445, 389922.484706 6673789.507956)

LINESTRING (389865.524783 6673798.821206, 389858.607194 6673796.889721, 389828.775575 6673780.603661)

LINESTRING (389865.524783 6673798.821206, 389861.023571 6673803.235841, 389853.215068 6673805.632672)

LINESTRING (389242.745365 6673783.387740, 389239.762016 6673788.971924)

LINESTRING (389242.745365 6673783.387740, 389236.143679 6673780.355759)

LINESTRING (389242.745365 6673783.387740, 389247.342662 6673774.099544, 389247.505818 6673769.403044, 389272.231021 6673769.424031)

LINESTRING (389242.745365 6673783.387740, 389255.461233 6673788.931577, 389263.579377 6673790.725326, 389271.448626 6673791.813414, 389279.286396 6673792.044394, 389315.918809 6673787.760633)

LINESTRING (389232.674431 6673788.406301, 389231.379176 6673791.086588)

LINESTRING (389232.674431 6673788.406301, 389235.001495 6673783.142852)

LINESTRING (389232.674431 6673788.406301, 389228.800354 6673786.562204, 389225.956389 6673782.079277)

LINESTRING (390036.941624 6674154.514450, 390023.989287 6674129.562652)

LINESTRING (389864.123767 6673909.599147, 389850.503031 6673913.218384, 389844.392271 6673913.379976)

LINESTRING (389864.123767 6673909.599147, 389869.448846 6673909.884689, 389876.011517 6673912.016307, 389891.265638 6673920.817927, 389902.135076 6673922.407729, 389912.331863 6673924.697562, 389936.688679 6673929.492461)

LINESTRING (389864.123767 6673909.599147, 389869.067690 6673895.186359, 389873.504734 6673886.059839)

LINESTRING (389844.392271 6673913.379976, 389840.610556 6673913.482634, 389830.072143 6673912.752265, 389820.189323 6673912.046770, 389810.626865 6673911.844272)

LINESTRING (389844.392271 6673913.379976, 389850.503031 6673913.218384, 389864.123767 6673909.599147)

LINESTRING (389844.392271 6673913.379976, 389838.007369 6673924.348160, 389832.694502 6673930.737428, 389828.233069 6673938.126307)

LINESTRING (389873.504734 6673886.059839, 389864.151685 6673886.363513)

LINESTRING (389873.504734 6673886.059839, 389872.249032 6673880.291704, 389870.381518 6673873.371878, 389867.176078 6673868.097009, 389862.717676 6673859.728435)

LINESTRING (389873.504734 6673886.059839, 389869.067690 6673895.186359, 389864.123767 6673909.599147)

LINESTRING (389873.504734 6673886.059839, 389890.233499 6673884.843412, 389926.643076 6673879.814670, 389937.866970 6673879.900658)

LINESTRING (388916.283354 6673303.092896, 388912.186479 6673324.479736, 388910.799640 6673329.079664, 388907.683699 6673334.133237, 388898.161414 6673345.554918)

LINESTRING (388916.283354 6673303.092896, 388913.106889 6673304.871995, 388905.010853 6673306.410326)

LINESTRING (388898.161414 6673345.554918, 388907.683699 6673334.133237, 388910.799640 6673329.079664, 388912.186479 6673324.479736, 388916.283354 6673303.092896)

LINESTRING (388898.161414 6673345.554918, 388892.671613 6673349.933897, 388882.013426 6673358.124933, 388864.556886 6673376.039238, 388860.175356 6673381.086695)

LINESTRING (388898.161414 6673345.554918, 388903.522733 6673343.709509, 388912.910683 6673338.287332, 388926.858001 6673331.478748, 388940.786942 6673330.833346, 388958.867564 6673332.380013)

LINESTRING (388905.010853 6673306.410326, 388897.696259 6673308.092122, 388877.092169 6673312.105132, 388864.561249 6673311.449079, 388857.020896 6673311.544232, 388849.840635 6673313.444925)

LINESTRING (388905.010853 6673306.410326, 388913.106889 6673304.871995, 388916.283354 6673303.092896)

LINESTRING (389948.600405 6673880.101718, 389941.017304 6673879.839372)

LINESTRING (389948.600405 6673880.101718, 389951.552618 6673880.280417)

LINESTRING (389948.600405 6673880.101718, 389948.060354 6673886.135593, 389944.221513 6673898.921476)

LINESTRING (389941.017304 6673879.839372, 389937.866970 6673879.900658)

LINESTRING (389941.017304 6673879.839372, 389948.600405 6673880.101718)

LINESTRING (389941.017304 6673879.839372, 389941.299323 6673873.345215, 389943.157488 6673869.990792, 389945.442345 6673865.876909)

LINESTRING (389621.661803 6674278.184641, 389629.664158 6674277.285838)

LINESTRING (389621.661803 6674278.184641, 389622.125895 6674282.349579, 389623.196142 6674293.550276)

LINESTRING (389621.661803 6674278.184641, 389571.279277 6674283.794149, 389556.443727 6674285.166715, 389541.932257 6674287.532507, 389525.154320 6674289.264703)

LINESTRING (389511.047510 6674261.652630, 389515.046837 6674271.527925, 389525.154320 6674289.264703)

LINESTRING (389511.047510 6674261.652630, 389512.070604 6674257.676828, 389516.337947 6674222.567518)

LINESTRING (389511.047510 6674261.652630, 389505.547892 6674267.334849, 389496.572777 6674279.206539, 389492.362429 6674284.214657)

LINESTRING (389189.457407 6674028.371280, 389157.586533 6673999.771521)

LINESTRING (389189.457407 6674028.371280, 389186.215613 6674030.174430, 389184.769609 6674030.987132)

LINESTRING (389189.457407 6674028.371280, 389200.895582 6674038.845737, 389223.911080 6674060.548322)

LINESTRING (389157.586533 6673999.771521, 389189.457407 6674028.371280)

LINESTRING (389157.586533 6673999.771521, 389149.803886 6673992.184192)

LINESTRING (389157.586533 6673999.771521, 389154.175357 6674003.128826)

LINESTRING (389157.586533 6673999.771521, 389159.303287 6673998.003381, 389161.935103 6673995.115434)

LINESTRING (389184.769609 6674030.987132, 389154.175357 6674003.128826)

LINESTRING (389184.769609 6674030.987132, 389168.584285 6674033.817366, 389155.684775 6674034.832016)

LINESTRING (389184.769609 6674030.987132, 389186.215613 6674030.174430, 389189.457407 6674028.371280)

LINESTRING (389184.769609 6674030.987132, 389218.262723 6674062.413130, 389220.399986 6674064.454639)

LINESTRING (389223.911080 6674060.548322, 389256.489068 6674091.277991)

LINESTRING (389223.911080 6674060.548322, 389220.399986 6674064.454639)

LINESTRING (389223.911080 6674060.548322, 389200.895582 6674038.845737, 389189.457407 6674028.371280)

LINESTRING (388749.107328 6673766.562416, 388748.845979 6673760.519210)

LINESTRING (388749.107328 6673766.562416, 388756.704567 6673766.543282, 388763.204540 6673766.212043, 388773.852617 6673765.409321)

LINESTRING (388773.852617 6673765.409321, 388763.204540 6673766.212043, 388756.704567 6673766.543282, 388749.107328 6673766.562416)

LINESTRING (388773.852617 6673765.409321, 388781.471032 6673761.154908, 388795.534505 6673759.145242)

LINESTRING (388731.534384 6673740.752263, 388739.936444 6673744.386128, 388743.563496 6673747.039589, 388745.455881 6673749.043703, 388747.262764 6673752.800012, 388748.283767 6673756.446478, 388748.845979 6673760.519210)

LINESTRING (389167.093678 6673923.917058, 389179.890528 6673925.914417)

LINESTRING (389167.093678 6673923.917058, 389166.377842 6673928.318273, 389160.226271 6673969.837154)

LINESTRING (389167.093678 6673923.917058, 389172.755857 6673900.688961, 389172.998953 6673896.803535, 389172.158969 6673894.355026, 389169.610275 6673892.292567, 389134.750070 6673870.213480, 389128.747018 6673861.658492, 389122.411274 6673856.412176, 389110.090946 6673849.452691)

LINESTRING (389181.010833 6673978.501855, 389174.052272 6673979.436876, 389160.226271 6673969.837154)

LINESTRING (389736.792457 6674128.217994, 389813.791174 6674145.088933)

LINESTRING (389154.175357 6674003.128826, 389157.586533 6673999.771521)

LINESTRING (389154.175357 6674003.128826, 389150.518739 6674000.030120)

LINESTRING (389154.175357 6674003.128826, 389184.769609 6674030.987132)

LINESTRING (389220.399986 6674064.454639, 389252.768146 6674095.402358)

LINESTRING (389220.399986 6674064.454639, 389223.911080 6674060.548322)

LINESTRING (389220.399986 6674064.454639, 389200.658388 6674086.559822)

LINESTRING (389220.399986 6674064.454639, 389218.262723 6674062.413130, 389184.769609 6674030.987132)

LINESTRING (389462.547904 6674111.137312, 389460.097841 6674128.317094)

LINESTRING (389462.547904 6674111.137312, 389463.179868 6674106.705268, 389463.541880 6674104.175828, 389464.722831 6674095.871438)

LINESTRING (389462.547904 6674111.137312, 389456.081774 6674110.363071, 389454.544499 6674110.175477, 389451.801931 6674109.767976)

LINESTRING (389474.808568 6674097.427907, 389476.675110 6674095.287650, 389482.769292 6674096.240316, 389490.320946 6674097.494449, 389492.055154 6674100.161188)

LINESTRING (389474.808568 6674097.427907, 389481.101668 6674098.352276, 389492.055154 6674100.161188)

LINESTRING (389474.808568 6674097.427907, 389466.691727 6674096.202017, 389464.722831 6674095.871438)

LINESTRING (389497.650675 6674101.140077, 389495.295197 6674100.687426, 389492.055154 6674100.161188)

LINESTRING (389492.055154 6674100.161188, 389481.101668 6674098.352276, 389474.808568 6674097.427907)

LINESTRING (389492.055154 6674100.161188, 389490.320946 6674097.494449, 389482.769292 6674096.240316, 389476.675110 6674095.287650, 389474.808568 6674097.427907)

LINESTRING (389492.055154 6674100.161188, 389495.295197 6674100.687426, 389497.650675 6674101.140077)

LINESTRING (389151.181687 6674367.323400, 389159.293689 6674350.997108)

LINESTRING (389151.181687 6674367.323400, 389144.502446 6674380.753484)

LINESTRING (389151.181687 6674367.323400, 389157.281346 6674370.849581, 389163.905228 6674375.195688, 389169.888968 6674380.575284, 389175.417983 6674384.865413)

LINESTRING (389151.181687 6674367.323400, 389143.301528 6674363.271675, 389133.770937 6674360.607225, 389125.893780 6674359.586581)

LINESTRING (389159.293689 6674350.997108, 389151.181687 6674367.323400)

LINESTRING (389159.293689 6674350.997108, 389176.158357 6674361.853174, 389187.588586 6674374.478564)

LINESTRING (389159.293689 6674350.997108, 389150.190585 6674346.324913, 389139.598440 6674342.689648, 389132.296234 6674341.049805, 389126.306451 6674341.153240, 389125.893780 6674359.586581)

LINESTRING (389159.293689 6674350.997108, 389169.547068 6674331.351980, 389173.274609 6674326.358090, 389177.251981 6674318.069196)

LINESTRING (389144.502446 6674380.753484, 389151.181687 6674367.323400)

LINESTRING (389144.502446 6674380.753484, 389135.888266 6674396.983588)

LINESTRING (389144.502446 6674380.753484, 389139.718195 6674378.703049, 389133.425378 6674377.043777, 389127.036075 6674376.412675)

LINESTRING (389144.502446 6674380.753484, 389150.853924 6674384.350034, 389154.614473 6674388.693694, 389157.459945 6674393.053927)

LINESTRING (389175.417983 6674384.865413, 389157.459945 6674393.053927)

LINESTRING (389175.417983 6674384.865413, 389187.588586 6674374.478564)

LINESTRING (389175.417983 6674384.865413, 389201.312240 6674420.889652)

LINESTRING (389175.417983 6674384.865413, 389169.888968 6674380.575284, 389163.905228 6674375.195688, 389157.281346 6674370.849581, 389151.181687 6674367.323400)

LINESTRING (389125.893780 6674359.586581, 389127.036075 6674376.412675)

LINESTRING (389125.893780 6674359.586581, 389126.306451 6674341.153240, 389132.296234 6674341.049805, 389139.598440 6674342.689648, 389150.190585 6674346.324913, 389159.293689 6674350.997108)

LINESTRING (389125.893780 6674359.586581, 389133.770937 6674360.607225, 389143.301528 6674363.271675, 389151.181687 6674367.323400)

LINESTRING (389201.312240 6674420.889652, 389175.417983 6674384.865413)

LINESTRING (389201.312240 6674420.889652, 389194.017786 6674427.930538, 389173.764051 6674430.482817)

LINESTRING (389201.312240 6674420.889652, 389209.324342 6674409.692679, 389187.588586 6674374.478564)

LINESTRING (389173.764051 6674430.482817, 389161.479153 6674428.659490, 389133.730540 6674417.709709)

LINESTRING (389173.764051 6674430.482817, 389194.017786 6674427.930538, 389201.312240 6674420.889652)

LINESTRING (389173.764051 6674430.482817, 389169.773171 6674414.133012, 389157.459945 6674393.053927)

LINESTRING (389187.588586 6674374.478564, 389175.417983 6674384.865413)

LINESTRING (389187.588586 6674374.478564, 389209.324342 6674409.692679, 389201.312240 6674420.889652)

LINESTRING (389187.588586 6674374.478564, 389176.158357 6674361.853174, 389159.293689 6674350.997108)

LINESTRING (389177.251981 6674318.069196, 389173.274609 6674326.358090, 389169.547068 6674331.351980, 389159.293689 6674350.997108)

LINESTRING (389177.251981 6674318.069196, 389192.967363 6674283.994607, 389219.870151 6674234.704413)

LINESTRING (389177.251981 6674318.069196, 389165.907309 6674315.972206, 389157.477566 6674320.161272, 389147.045567 6674322.182224, 389121.794328 6674326.290260, 389102.219386 6674331.117990, 389084.766005 6674349.555086, 389075.601169 6674371.229101, 389061.848984 6674383.982203, 389058.542818 6674397.744830, 389073.703861 6674411.705496, 389095.472432 6674427.828497, 389120.726811 6674440.881740, 389143.639205 6674448.066396, 389158.584869 6674457.498357, 389182.674220 6674461.594184, 389205.863811 6674455.765922, 389217.784206 6674439.135026, 389228.068395 6674419.957173, 389229.120934 6674395.698538, 389219.693365 6674376.816416, 389192.084314 6674344.822324, 389186.646020 6674332.349816, 389183.669371 6674324.940110, 389177.251981 6674318.069196)

LINESTRING (389177.251981 6674318.069196, 389183.669371 6674324.940110, 389186.646020 6674332.349816, 389192.084314 6674344.822324, 389219.693365 6674376.816416, 389229.120934 6674395.698538, 389228.068395 6674419.957173, 389217.784206 6674439.135026, 389205.863811 6674455.765922, 389182.674220 6674461.594184, 389158.584869 6674457.498357, 389143.639205 6674448.066396, 389120.726811 6674440.881740, 389095.472432 6674427.828497, 389073.703861 6674411.705496, 389058.542818 6674397.744830, 389061.848984 6674383.982203, 389075.601169 6674371.229101, 389084.766005 6674349.555086, 389102.219386 6674331.117990, 389121.794328 6674326.290260, 389147.045567 6674322.182224, 389157.477566 6674320.161272, 389165.907309 6674315.972206, 389177.251981 6674318.069196)

LINESTRING (389127.036075 6674376.412675, 389125.893780 6674359.586581)

LINESTRING (389127.036075 6674376.412675, 389128.830872 6674397.743420)

LINESTRING (389127.036075 6674376.412675, 389133.425378 6674377.043777, 389139.718195 6674378.703049, 389144.502446 6674380.753484)

LINESTRING (388860.175356 6673381.086695, 388852.715238 6673389.671079)

LINESTRING (388860.175356 6673381.086695, 388864.556886 6673376.039238, 388882.013426 6673358.124933, 388892.671613 6673349.933897, 388898.161414 6673345.554918)

LINESTRING (388860.175356 6673381.086695, 388856.696636 6673377.659678, 388855.211955 6673373.548072, 388852.282329 6673371.753687, 388849.036213 6673369.590019, 388846.554205 6673367.548028, 388842.190734 6673367.156735)

LINESTRING (388958.867564 6673332.380013, 388963.271737 6673330.452282, 388979.769679 6673319.343023)

LINESTRING (388958.867564 6673332.380013, 388940.786942 6673330.833346, 388926.858001 6673331.478748, 388912.910683 6673338.287332, 388903.522733 6673343.709509, 388898.161414 6673345.554918)

LINESTRING (388958.867564 6673332.380013, 388966.388098 6673338.771409, 388968.913140 6673351.019973, 388977.011017 6673357.416169, 388990.386914 6673358.671037, 389008.543536 6673352.660088, 389038.415532 6673332.486906, 389043.876227 6673316.151658, 389053.917504 6673305.171550, 389054.482386 6673301.465811)

LINESTRING (388979.769679 6673319.343023, 388963.271737 6673330.452282, 388958.867564 6673332.380013)

LINESTRING (389054.482386 6673301.465811, 389053.917504 6673305.171550, 389043.876227 6673316.151658, 389038.415532 6673332.486906, 389008.543536 6673352.660088, 388990.386914 6673358.671037, 388977.011017 6673357.416169, 388968.913140 6673351.019973, 388966.388098 6673338.771409, 388958.867564 6673332.380013)

LINESTRING (389054.482386 6673301.465811, 389068.691080 6673305.470562, 389082.769300 6673323.308861)

LINESTRING (390126.687514 6674401.996840, 390127.152528 6674396.600442, 390130.717897 6674392.080482)

LINESTRING (389049.516853 6673670.590043, 389052.762115 6673661.933193)

LINESTRING (389049.516853 6673670.590043, 389047.873635 6673675.520863, 389046.770922 6673681.438253, 389045.820214 6673690.905933, 389045.026042 6673711.947364, 389048.593066 6673753.829402, 389054.429762 6673796.255571)

LINESTRING (389049.516853 6673670.590043, 389056.084092 6673677.601110, 389063.317898 6673684.814866, 389065.794310 6673687.782103, 389067.396753 6673690.296638, 389069.010516 6673693.368025, 389070.400059 6673697.281997)

LINESTRING (389120.098024 6673719.936352, 389122.886140 6673715.606092)

LINESTRING (389120.098024 6673719.936352, 389108.043347 6673735.869473, 389098.241772 6673743.733079, 389088.602769 6673749.084415, 389076.981603 6673754.406685, 389072.394447 6673759.437841, 389065.568578 6673771.724645, 389060.512152 6673784.893928, 389057.944539 6673791.368327, 389054.429762 6673796.255571)

LINESTRING (389120.098024 6673719.936352, 389108.123660 6673713.969327, 389105.197642 6673717.044518)

LINESTRING (389055.011535 6673656.493674, 389052.762115 6673661.933193)

LINESTRING (389055.011535 6673656.493674, 389049.096899 6673652.337951)

LINESTRING (389055.011535 6673656.493674, 389056.324982 6673654.782288, 389058.434264 6673652.043837)

LINESTRING (389061.062559 6673649.033351, 389073.818418 6673658.252854)

LINESTRING (389061.062559 6673649.033351, 389013.813720 6673616.588031, 388989.283542 6673598.509735, 388986.630624 6673594.667530, 388982.405158 6673588.933976)

LINESTRING (389061.062559 6673649.033351, 389060.510322 6673649.674143, 389058.434264 6673652.043837)

LINESTRING (389122.886140 6673715.606092, 389125.851175 6673711.069887)

LINESTRING (389122.886140 6673715.606092, 389120.098024 6673719.936352)

LINESTRING (389122.886140 6673715.606092, 389130.952553 6673723.563684)

LINESTRING (389122.886140 6673715.606092, 389118.222941 6673711.167197, 389085.753729 6673679.410063, 389077.583584 6673672.614669, 389071.422476 6673671.129767, 389056.513782 6673665.407828, 389052.762115 6673661.933193)

LINESTRING (389130.952553 6673723.563684, 389122.886140 6673715.606092)

LINESTRING (389130.952553 6673723.563684, 389134.654117 6673719.707244)

LINESTRING (389130.952553 6673723.563684, 389144.482479 6673736.916638, 389146.076268 6673739.331172)

LINESTRING (389130.952553 6673723.563684, 389126.492778 6673728.223162, 389124.619152 6673731.779083, 389125.061355 6673734.651953, 389129.170748 6673739.497664)

LINESTRING (389052.762115 6673661.933193, 389055.011535 6673656.493674)

LINESTRING (389052.762115 6673661.933193, 389049.516853 6673670.590043)

LINESTRING (389052.762115 6673661.933193, 389056.513782 6673665.407828, 389071.422476 6673671.129767, 389077.583584 6673672.614669, 389085.753729 6673679.410063, 389118.222941 6673711.167197, 389122.886140 6673715.606092)

LINESTRING (389146.076268 6673739.331172, 389148.988061 6673736.702199)

LINESTRING (389146.076268 6673739.331172, 389144.482479 6673736.916638, 389130.952553 6673723.563684)

LINESTRING (389146.076268 6673739.331172, 389146.172316 6673742.136519, 389145.562975 6673744.740348, 389143.861530 6673747.934441)

LINESTRING (389284.536529 6674124.518604, 389280.335638 6674121.581110)

LINESTRING (389284.536529 6674124.518604, 389242.461907 6674198.616652, 389238.934472 6674196.294030)

LINESTRING (389284.536529 6674124.518604, 389289.125690 6674127.633805, 389291.608410 6674128.806825)

LINESTRING (389291.608410 6674128.806825, 389291.224728 6674121.808942)

LINESTRING (389291.608410 6674128.806825, 389293.820629 6674129.843159, 389299.023923 6674131.613678, 389308.757403 6674134.183289, 389328.174098 6674136.560432)

LINESTRING (389291.608410 6674128.806825, 389289.125690 6674127.633805, 389284.536529 6674124.518604)

LINESTRING (389291.608410 6674128.806825, 389293.889722 6674153.778080, 389273.970038 6674193.473275)

LINESTRING (389698.451109 6674266.642649, 389713.477291 6674264.964036)

LINESTRING (389698.451109 6674266.642649, 389697.574236 6674252.828459)

LINESTRING (389698.451109 6674266.642649, 389697.605932 6674273.766728)

LINESTRING (389698.451109 6674266.642649, 389638.956496 6674273.528771, 389636.218018 6674276.564456)

LINESTRING (389713.915627 6674271.592540, 389697.605932 6674273.766728)

LINESTRING (389713.915627 6674271.592540, 389713.477291 6674264.964036)

LINESTRING (389713.915627 6674271.592540, 389730.871975 6674269.332080, 389736.801045 6674265.921756, 389742.139995 6674261.526276, 389743.948536 6674258.195517, 389744.251643 6674257.573477, 389753.667037 6674240.763604)

LINESTRING (389688.390366 6674288.910308, 389685.735752 6674294.729381, 389680.993115 6674313.382202)

LINESTRING (389688.390366 6674288.910308, 389692.497139 6674279.904918, 389697.605932 6674273.766728)

LINESTRING (389688.390366 6674288.910308, 389695.434256 6674288.430570, 389733.423779 6674284.410783, 389736.424594 6674284.186655, 389758.182580 6674243.480412)

LINESTRING (389676.109864 6674305.461268, 389680.993115 6674313.382202)

LINESTRING (389676.109864 6674305.461268, 389621.413800 6674311.177835, 389617.635246 6674308.060079, 389617.093914 6674301.702137, 389618.240507 6674301.634127)

LINESTRING (389676.109864 6674305.461268, 389677.380343 6674303.428230, 389676.592321 6674297.166871)

LINESTRING (389680.993115 6674313.382202, 389676.109864 6674305.461268)

LINESTRING (389680.993115 6674313.382202, 389681.101422 6674323.787262, 389681.901861 6674334.695219, 389679.271123 6674345.907186)

LINESTRING (389680.993115 6674313.382202, 389685.735752 6674294.729381, 389688.390366 6674288.910308)

LINESTRING (389618.240507 6674301.634127, 389617.093914 6674301.702137, 389617.635246 6674308.060079, 389621.413800 6674311.177835, 389676.109864 6674305.461268)

LINESTRING (389627.954673 6673482.304261, 389645.248131 6673474.350049)

LINESTRING (389627.954673 6673482.304261, 389605.608575 6673491.480710)

LINESTRING (389627.954673 6673482.304261, 389626.529858 6673478.859203, 389620.010458 6673463.097815)

LINESTRING (389627.954673 6673482.304261, 389630.143482 6673487.342140, 389634.795965 6673498.067101)

LINESTRING (389625.133882 6673424.820395, 389643.005402 6673469.180061, 389643.679666 6673470.742157, 389645.248131 6673474.350049)

LINESTRING (389651.273756 6673489.201423, 389659.846976 6673509.949104)

LINESTRING (389651.273756 6673489.201423, 389646.743764 6673494.876431, 389644.484926 6673497.273572)

LINESTRING (389651.273756 6673489.201423, 389648.741223 6673483.070656, 389645.248131 6673474.350049)

LINESTRING (389667.132614 6673527.570765, 389669.347041 6673532.908775)

LINESTRING (389667.132614 6673527.570765, 389650.662271 6673534.653144)

LINESTRING (389667.132614 6673527.570765, 389659.846976 6673509.949104)

LINESTRING (389669.347041 6673532.908775, 389667.132614 6673527.570765)

LINESTRING (389669.347041 6673532.908775, 389653.054481 6673540.364676)

LINESTRING (389669.347041 6673532.908775, 389697.957143 6673521.270650, 389726.391904 6673513.571797)

LINESTRING (389650.662271 6673534.653144, 389643.158610 6673517.350112)

LINESTRING (389650.662271 6673534.653144, 389653.054481 6673540.364676)

LINESTRING (389650.662271 6673534.653144, 389667.132614 6673527.570765)

LINESTRING (389659.846976 6673509.949104, 389651.178946 6673512.572838)

LINESTRING (389659.846976 6673509.949104, 389667.132614 6673527.570765)

LINESTRING (389659.846976 6673509.949104, 389651.273756 6673489.201423)

LINESTRING (389162.234565 6673673.605721, 389179.711744 6673652.895091)

LINESTRING (389162.234565 6673673.605721, 389169.863317 6673680.306248)

LINESTRING (389162.234565 6673673.605721, 389158.341987 6673678.671451, 389155.860268 6673682.858677, 389155.052510 6673687.708429)

LINESTRING (389179.711744 6673652.895091, 389162.234565 6673673.605721)

LINESTRING (389179.711744 6673652.895091, 389185.434235 6673657.859193)

LINESTRING (389179.711744 6673652.895091, 389180.570626 6673651.933008, 389182.495883 6673649.712820, 389189.296721 6673641.895708, 389194.091284 6673635.822055)

LINESTRING (389169.863317 6673680.306248, 389162.234565 6673673.605721)

LINESTRING (389155.052510 6673687.708429, 389155.860268 6673682.858677, 389158.341987 6673678.671451, 389162.234565 6673673.605721)

LINESTRING (389155.052510 6673687.708429, 389154.029792 6673695.540103, 389152.957736 6673709.257233, 389152.171414 6673714.997847, 389150.076510 6673720.778084, 389147.108386 6673724.846319)

LINESTRING (389155.052510 6673687.708429, 389156.360123 6673693.318779, 389159.532079 6673699.831055, 389161.998526 6673705.038573, 389164.583904 6673711.791489, 389167.342917 6673719.330365, 389168.714937 6673722.119370)

LINESTRING (389194.091284 6673635.822055, 389197.146297 6673632.419864)

LINESTRING (389194.091284 6673635.822055, 389189.296721 6673641.895708, 389182.495883 6673649.712820, 389180.570626 6673651.933008, 389179.711744 6673652.895091)

LINESTRING (389194.091284 6673635.822055, 389222.782247 6673660.673817, 389223.571451 6673662.544393)

LINESTRING (389194.091284 6673635.822055, 389162.626540 6673606.808664, 389146.192960 6673593.253808, 389142.144868 6673591.169897, 389135.087160 6673589.221703)

LINESTRING (389449.001510 6673488.672943, 389442.345906 6673500.775527, 389440.737340 6673503.933230)

LINESTRING (389789.257900 6673916.165018, 389783.121344 6673910.677585)

LINESTRING (389789.257900 6673916.165018, 389778.902439 6673922.617037)

LINESTRING (389789.257900 6673916.165018, 389800.097107 6673914.167128, 389805.631991 6673912.941849)

LINESTRING (389783.121344 6673910.677585, 389789.257900 6673916.165018)

LINESTRING (389783.121344 6673910.677585, 389778.902439 6673922.617037)

LINESTRING (389783.121344 6673910.677585, 389779.390285 6673904.906000, 389772.456336 6673893.948701)

LINESTRING (389778.902439 6673922.617037, 389789.257900 6673916.165018)

LINESTRING (389778.902439 6673922.617037, 389783.121344 6673910.677585)

LINESTRING (389778.902439 6673922.617037, 389775.650350 6673924.642836, 389756.881875 6673949.523790, 389741.081239 6673966.804534, 389723.221032 6673978.898666, 389708.050245 6673982.632009, 389695.833417 6673980.893942)

LINESTRING (389805.631991 6673912.941849, 389810.626865 6673911.844272)

LINESTRING (389805.631991 6673912.941849, 389800.097107 6673914.167128, 389789.257900 6673916.165018)

LINESTRING (389805.631991 6673912.941849, 389808.895120 6673916.075322, 389813.131590 6673922.968389, 389814.611128 6673923.079867, 389823.117318 6673932.440931, 389828.233069 6673938.126307)

LINESTRING (389727.163400 6673817.406499, 389715.372065 6673811.019708)

LINESTRING (389727.163400 6673817.406499, 389724.155384 6673807.824291, 389721.181542 6673799.745469)

LINESTRING (389727.163400 6673817.406499, 389735.094296 6673825.893201, 389737.812302 6673829.533362)

LINESTRING (389715.372065 6673811.019708, 389727.163400 6673817.406499)

LINESTRING (389715.372065 6673811.019708, 389697.071284 6673799.858946)

LINESTRING (389715.372065 6673811.019708, 389721.181542 6673799.745469)

LINESTRING (389715.372065 6673811.019708, 389715.239552 6673816.016123, 389715.159988 6673817.612084)

LINESTRING (389721.181542 6673799.745469, 389719.807848 6673795.964527)

LINESTRING (389721.181542 6673799.745469, 389715.372065 6673811.019708)

LINESTRING (389721.181542 6673799.745469, 389724.155384 6673807.824291, 389727.163400 6673817.406499)

LINESTRING (389737.812302 6673829.533362, 389801.116172 6673844.966927)

LINESTRING (389737.812302 6673829.533362, 389735.094296 6673825.893201, 389727.163400 6673817.406499)

LINESTRING (389737.812302 6673829.533362, 389740.842580 6673839.672099, 389742.992102 6673846.917690, 389744.537328 6673850.314583)

LINESTRING (389719.807848 6673795.964527, 389719.169810 6673791.180770)

LINESTRING (389719.807848 6673795.964527, 389721.181542 6673799.745469)

LINESTRING (389719.807848 6673795.964527, 389788.595149 6673773.042939, 389796.154361 6673772.503345, 389804.342267 6673772.568895, 389812.563196 6673773.547259, 389820.631725 6673776.469248, 389828.775575 6673780.603661)

LINESTRING (389719.807848 6673795.964527, 389707.550510 6673798.796577, 389697.071284 6673799.858946)

LINESTRING (389693.851246 6673794.662664, 389697.071284 6673799.858946)

LINESTRING (389693.851246 6673794.662664, 389687.949288 6673795.130244)

LINESTRING (389693.851246 6673794.662664, 389705.018013 6673793.947316, 389713.083979 6673792.545352, 389719.169810 6673791.180770)

LINESTRING (389449.951456 6674146.063632, 389450.503309 6674151.474016)

LINESTRING (389449.951456 6674146.063632, 389429.081152 6674143.506883)

LINESTRING (389449.951456 6674146.063632, 389457.871622 6674147.027969)

LINESTRING (389457.285559 6674152.428142, 389450.503309 6674151.474016)

LINESTRING (389457.285559 6674152.428142, 389457.871622 6674147.027969)

LINESTRING (389457.285559 6674152.428142, 389470.872561 6674154.346898, 389485.941358 6674156.454984)

LINESTRING (389497.189957 6674151.501830, 389497.022685 6674157.725140)

LINESTRING (389497.189957 6674151.501830, 389536.058766 6674155.978531)

LINESTRING (389497.189957 6674151.501830, 389481.931978 6674149.744868, 389477.883532 6674149.276484, 389457.871622 6674147.027969)

LINESTRING (389662.614372 6673562.731905, 389656.679419 6673548.858439)

LINESTRING (389662.614372 6673562.731905, 389681.224135 6673605.286465, 389689.452621 6673601.528226)

LINESTRING (389662.614372 6673562.731905, 389666.528297 6673560.374045, 389670.210463 6673558.981542, 389671.711663 6673559.070028, 389672.999251 6673559.989593, 389674.501505 6673562.507398, 389675.335719 6673563.852947, 389675.963068 6673565.516756, 389677.242722 6673567.094047, 389679.218781 6673567.101364, 389683.322016 6673566.052786)

LINESTRING (389696.371521 6673618.592651, 389693.511072 6673619.993804, 389691.765367 6673620.815325, 389685.537360 6673623.733214, 389683.320492 6673624.758381, 389680.177594 6673626.179199)

LINESTRING (389696.371521 6673618.592651, 389696.985079 6673620.167729, 389699.958093 6673625.081722)

LINESTRING (389696.371521 6673618.592651, 389694.800830 6673614.539056, 389689.452621 6673601.528226)

LINESTRING (389680.177594 6673626.179199, 389684.219024 6673636.343148)

LINESTRING (389680.177594 6673626.179199, 389676.929345 6673627.603195, 389674.039508 6673628.949530)

LINESTRING (389680.177594 6673626.179199, 389683.320492 6673624.758381, 389685.537360 6673623.733214, 389691.765367 6673620.815325, 389693.511072 6673619.993804, 389696.371521 6673618.592651)

LINESTRING (389699.171828 6673626.063778, 389699.958093 6673625.081722)

LINESTRING (389699.171828 6673626.063778, 389701.322371 6673627.258235, 389706.958103 6673632.682634, 389710.144251 6673633.065832, 389715.581923 6673631.731924, 389721.678646 6673629.798694, 389726.186135 6673628.169652, 389732.668541 6673630.749205, 389735.665894 6673635.183309, 389736.423769 6673639.339407, 389736.476655 6673642.569515, 389735.891177 6673646.164308)

LINESTRING (389699.171828 6673626.063778, 389693.615812 6673631.390757, 389684.219024 6673636.343148)

LINESTRING (388933.809276 6673997.082144, 388936.252212 6673994.010313, 388938.948508 6673990.875077, 388949.882936 6673979.410587, 388956.326803 6673972.851939, 388959.092199 6673970.895877)

LINESTRING (389542.442721 6673396.780126, 389551.197795 6673405.130175, 389559.748044 6673410.923345, 389567.616056 6673415.444429, 389577.477056 6673417.587508, 389588.593664 6673418.667518, 389598.230028 6673419.067848)

LINESTRING (389542.442721 6673396.780126, 389536.052868 6673393.607474, 389507.472783 6673384.005815, 389496.060461 6673381.408267)

LINESTRING (389542.442721 6673396.780126, 389536.779064 6673387.690485, 389533.538704 6673378.527738, 389531.839943 6673369.318481, 389530.951688 6673356.986789, 389531.328637 6673343.725418, 389531.626920 6673332.271720, 389534.187811 6673317.072300, 389535.721604 6673303.887468, 389536.030414 6673297.381307, 389535.813361 6673293.866410, 389532.847727 6673292.340030, 389530.728890 6673289.629147)

LINESTRING (389598.230028 6673419.067848, 389588.593664 6673418.667518, 389577.477056 6673417.587508, 389567.616056 6673415.444429, 389559.748044 6673410.923345, 389551.197795 6673405.130175, 389542.442721 6673396.780126)

LINESTRING (389530.728890 6673289.629147, 389526.527739 6673290.937146)

LINESTRING (389530.728890 6673289.629147, 389532.847727 6673292.340030, 389535.813361 6673293.866410, 389536.030414 6673297.381307, 389535.721604 6673303.887468, 389534.187811 6673317.072300, 389531.626920 6673332.271720, 389531.328637 6673343.725418, 389530.951688 6673356.986789, 389531.839943 6673369.318481, 389533.538704 6673378.527738, 389536.779064 6673387.690485, 389542.442721 6673396.780126)

LINESTRING (389594.906419 6673478.553432, 389596.337250 6673472.994099)

LINESTRING (389594.906419 6673478.553432, 389598.744944 6673481.791969, 389603.730355 6673488.829398, 389605.608575 6673491.480710)

LINESTRING (389594.906419 6673478.553432, 389572.228750 6673470.110573, 389540.311319 6673458.592314, 389532.717749 6673455.255399, 389527.924691 6673451.287950, 389522.065605 6673445.837114, 389516.517892 6673438.749894, 389504.639523 6673422.359196, 389500.104694 6673413.525282, 389497.317451 6673407.056837, 389495.323344 6673401.489392, 389494.669351 6673396.739575, 389496.060461 6673381.408267)

LINESTRING (389626.193017 6673420.921565, 389653.833111 6673409.668971, 389667.631174 6673403.034903)

LINESTRING (389622.971192 6673412.549400, 389644.730448 6673405.062337, 389651.026519 6673402.365218, 389655.075222 6673399.869565, 389657.854527 6673397.980508, 389659.926825 6673393.995437)

LINESTRING (389659.926825 6673393.995437, 389667.631174 6673403.034903)

LINESTRING (389659.926825 6673393.995437, 389657.854527 6673397.980508, 389655.075222 6673399.869565, 389651.026519 6673402.365218, 389644.730448 6673405.062337, 389622.971192 6673412.549400)

LINESTRING (389747.590662 6673339.480248, 389667.631174 6673403.034903)

LINESTRING (389747.590662 6673339.480248, 389752.073466 6673335.912977, 389757.457042 6673331.661106)

LINESTRING (389620.010458 6673463.097815, 389606.347087 6673431.114717)

LINESTRING (389620.010458 6673463.097815, 389610.271737 6673466.846015)

LINESTRING (389620.010458 6673463.097815, 389626.529858 6673478.859203, 389627.954673 6673482.304261)

LINESTRING (389634.795965 6673498.067101, 389643.158610 6673517.350112)

LINESTRING (389634.795965 6673498.067101, 389630.143482 6673487.342140, 389627.954673 6673482.304261)

LINESTRING (389634.795965 6673498.067101, 389639.500786 6673498.192730, 389644.484926 6673497.273572)

LINESTRING (389643.158610 6673517.350112, 389650.662271 6673534.653144)

LINESTRING (389643.158610 6673517.350112, 389634.795965 6673498.067101)

LINESTRING (389643.158610 6673517.350112, 389651.178946 6673512.572838)

LINESTRING (389644.484926 6673497.273572, 389651.178946 6673512.572838)

LINESTRING (389644.484926 6673497.273572, 389646.743764 6673494.876431, 389651.273756 6673489.201423)

LINESTRING (389644.484926 6673497.273572, 389639.500786 6673498.192730, 389634.795965 6673498.067101)

LINESTRING (389651.178946 6673512.572838, 389659.846976 6673509.949104)

LINESTRING (389651.178946 6673512.572838, 389643.158610 6673517.350112)

LINESTRING (389651.178946 6673512.572838, 389644.484926 6673497.273572)

LINESTRING (389606.347087 6673431.114717, 389620.010458 6673463.097815)

LINESTRING (389610.271737 6673466.846015, 389620.010458 6673463.097815)

LINESTRING (389596.337250 6673472.994099, 389594.906419 6673478.553432)

LINESTRING (389548.017731 6674157.278073, 389546.017771 6674163.824133)

LINESTRING (389548.017731 6674157.278073, 389536.058766 6674155.978531)

LINESTRING (389548.017731 6674157.278073, 389552.745570 6674157.826328, 389596.354805 6674163.275010)

LINESTRING (389546.017771 6674163.824133, 389548.017731 6674157.278073)

LINESTRING (389546.017771 6674163.824133, 389595.317098 6674169.714008)

LINESTRING (389546.017771 6674163.824133, 389533.021226 6674161.976432)

LINESTRING (389546.017771 6674163.824133, 389543.781772 6674170.455323, 389534.199952 6674187.426800, 389524.111194 6674205.249395, 389523.852974 6674205.702942)

LINESTRING (389536.058766 6674155.978531, 389533.021226 6674161.976432)

LINESTRING (389536.058766 6674155.978531, 389497.189957 6674151.501830)

LINESTRING (389536.058766 6674155.978531, 389548.017731 6674157.278073)

LINESTRING (389596.354805 6674163.275010, 389595.317098 6674169.714008)

LINESTRING (389596.354805 6674163.275010, 389657.605852 6674170.231655)

LINESTRING (389596.354805 6674163.275010, 389597.201855 6674155.482216)

LINESTRING (389596.354805 6674163.275010, 389552.745570 6674157.826328, 389548.017731 6674157.278073)

LINESTRING (389516.337947 6674222.567518, 389512.070604 6674257.676828, 389511.047510 6674261.652630)

LINESTRING (389516.337947 6674222.567518, 389519.246699 6674213.776385, 389523.852974 6674205.702942)

LINESTRING (389516.337947 6674222.567518, 389508.690427 6674217.025860, 389502.523350 6674213.835448)

LINESTRING (389523.852974 6674205.702942, 389519.246699 6674213.776385, 389516.337947 6674222.567518)

LINESTRING (389523.852974 6674205.702942, 389524.111194 6674205.249395, 389534.199952 6674187.426800, 389543.781772 6674170.455323, 389546.017771 6674163.824133)

LINESTRING (389523.852974 6674205.702942, 389526.760464 6674214.519110, 389563.708019 6674233.875356, 389570.230464 6674221.810389, 389590.815872 6674183.300377, 389595.317098 6674169.714008)

LINESTRING (389502.523350 6674213.835448, 389499.989010 6674212.418683)

LINESTRING (389502.523350 6674213.835448, 389525.013624 6674175.947310, 389533.021226 6674161.976432)

LINESTRING (389502.523350 6674213.835448, 389508.690427 6674217.025860, 389516.337947 6674222.567518)

LINESTRING (389436.445867 6674218.304769, 389442.712147 6674202.915289)

LINESTRING (389436.445867 6674218.304769, 389447.185943 6674224.633236, 389450.083284 6674230.351668, 389448.921163 6674235.234339, 389449.949964 6674247.249760, 389452.319895 6674251.490848, 389459.445993 6674258.507980, 389476.025927 6674272.817451, 389483.831480 6674278.632864, 389492.362429 6674284.214657)

LINESTRING (389436.445867 6674218.304769, 389395.507899 6674195.838635, 389393.131195 6674197.069415, 389388.224591 6674204.193737)

LINESTRING (389450.189498 6674293.210877, 389441.018171 6674290.679649, 389430.536712 6674286.293567, 389418.662639 6674280.812916, 389395.890318 6674274.602948, 389376.110680 6674272.125008, 389366.805511 6674273.063745)

LINESTRING (389450.189498 6674293.210877, 389447.328037 6674296.027547, 389441.855412 6674300.394079, 389433.568140 6674304.533618, 389428.918961 6674305.298121, 389424.402305 6674305.122543, 389421.549970 6674303.648577, 389417.903812 6674301.429672, 389405.340202 6674297.920071, 389393.105870 6674295.024617, 389380.914025 6674288.394729, 389375.135419 6674282.819151, 389370.020621 6674278.460485, 389366.805511 6674273.063745)

LINESTRING (389450.189498 6674293.210877, 389460.256549 6674294.166082, 389471.411013 6674293.093729, 389487.800789 6674288.063284, 389492.362429 6674284.214657)

LINESTRING (389252.768146 6674095.402358, 389220.399986 6674064.454639)

LINESTRING (389252.768146 6674095.402358, 389231.499603 6674118.578810)

LINESTRING (389252.768146 6674095.402358, 389256.489068 6674091.277991)

LINESTRING (389252.768146 6674095.402358, 389260.980152 6674103.255497, 389267.609237 6674109.964145, 389272.249469 6674114.949949, 389276.994123 6674118.985372, 389280.335638 6674121.581110)

LINESTRING (389595.317098 6674169.714008, 389656.768811 6674176.519713)

LINESTRING (389595.317098 6674169.714008, 389546.017771 6674163.824133)

LINESTRING (389595.317098 6674169.714008, 389596.354805 6674163.275010)

LINESTRING (389595.317098 6674169.714008, 389590.815872 6674183.300377, 389570.230464 6674221.810389, 389563.708019 6674233.875356, 389526.760464 6674214.519110, 389523.852974 6674205.702942)

LINESTRING (389533.021226 6674161.976432, 389546.017771 6674163.824133)

LINESTRING (389533.021226 6674161.976432, 389497.022685 6674157.725140)

LINESTRING (389533.021226 6674161.976432, 389536.058766 6674155.978531)

LINESTRING (389533.021226 6674161.976432, 389525.013624 6674175.947310, 389502.523350 6674213.835448)

LINESTRING (389769.646354 6674189.656039, 389776.857852 6674190.497530)

LINESTRING (389769.646354 6674189.656039, 389759.924882 6674188.756431, 389729.111512 6674185.293940)

LINESTRING (389769.646354 6674189.656039, 389770.823188 6674195.381944, 389770.786264 6674200.052309, 389770.275862 6674202.820200, 389766.271393 6674210.072832, 389763.130903 6674215.795035)

LINESTRING (389753.667037 6674240.763604, 389758.182580 6674243.480412)

LINESTRING (389753.667037 6674240.763604, 389744.251643 6674257.573477, 389743.948536 6674258.195517, 389742.139995 6674261.526276, 389736.801045 6674265.921756, 389730.871975 6674269.332080, 389713.915627 6674271.592540)

LINESTRING (389753.667037 6674240.763604, 389772.561272 6674207.030595, 389775.148859 6674199.163153, 389776.332619 6674193.878775, 389776.857852 6674190.497530)

LINESTRING (389758.182580 6674243.480412, 389780.545585 6674258.229948)

LINESTRING (389758.182580 6674243.480412, 389753.667037 6674240.763604)

LINESTRING (389758.182580 6674243.480412, 389736.424594 6674284.186655, 389733.423779 6674284.410783, 389695.434256 6674288.430570, 389688.390366 6674288.910308)

LINESTRING (389758.182580 6674243.480412, 389758.618592 6674242.664925, 389776.403143 6674209.856863, 389780.917862 6674200.014659, 389784.455914 6674191.461120)

LINESTRING (389179.890528 6673925.914417, 389167.093678 6673923.917058)

LINESTRING (389179.890528 6673925.914417, 389185.661817 6673926.820659, 389189.831308 6673926.694443, 389201.023667 6673923.904006, 389206.998077 6673922.720231, 389212.040700 6673921.921269)

LINESTRING (389179.890528 6673925.914417, 389184.903964 6673931.301149, 389191.588275 6673936.336423)

LINESTRING (389110.090946 6673849.452691, 389086.531170 6673835.311645)

LINESTRING (389110.090946 6673849.452691, 389112.418735 6673845.136362, 389115.702713 6673839.041483)

LINESTRING (389110.090946 6673849.452691, 389122.411274 6673856.412176, 389128.747018 6673861.658492, 389134.750070 6673870.213480, 389169.610275 6673892.292567, 389172.158969 6673894.355026, 389172.998953 6673896.803535, 389172.755857 6673900.688961, 389167.093678 6673923.917058)

LINESTRING (389212.040700 6673921.921269, 389212.097311 6673915.723567)

LINESTRING (389212.040700 6673921.921269, 389217.096589 6673921.010474, 389223.236032 6673918.127864)

LINESTRING (389212.040700 6673921.921269, 389206.998077 6673922.720231, 389201.023667 6673923.904006, 389189.831308 6673926.694443, 389185.661817 6673926.820659, 389179.890528 6673925.914417)

LINESTRING (389212.097311 6673915.723567, 389204.665490 6673910.744310)

LINESTRING (389212.097311 6673915.723567, 389212.040700 6673921.921269)

LINESTRING (389212.097311 6673915.723567, 389236.955475 6673873.950770)

LINESTRING (389212.097311 6673915.723567, 389217.478653 6673914.747204, 389220.439226 6673916.117455, 389223.236032 6673918.127864)

LINESTRING (389223.236032 6673918.127864, 389226.310674 6673912.997795, 389230.382952 6673907.090902)

LINESTRING (389223.236032 6673918.127864, 389217.096589 6673921.010474, 389212.040700 6673921.921269)

LINESTRING (389223.236032 6673918.127864, 389220.439226 6673916.117455, 389217.478653 6673914.747204, 389212.097311 6673915.723567)

LINESTRING (389230.382952 6673907.090902, 389236.283857 6673913.197486, 389247.310793 6673924.197155, 389251.078496 6673927.849790, 389253.292301 6673932.786407, 389257.593871 6673937.760159)

LINESTRING (389230.382952 6673907.090902, 389226.310674 6673912.997795, 389223.236032 6673918.127864)

LINESTRING (389230.382952 6673907.090902, 389242.445569 6673886.288070, 389242.547903 6673884.167640, 389236.955475 6673873.950770)

LINESTRING (389257.593871 6673937.760159, 389253.292301 6673932.786407, 389251.078496 6673927.849790, 389247.310793 6673924.197155, 389236.283857 6673913.197486, 389230.382952 6673907.090902)

LINESTRING (389236.955475 6673873.950770, 389212.097311 6673915.723567)

LINESTRING (389236.955475 6673873.950770, 389233.247967 6673869.538544, 389229.910548 6673862.318013, 389227.926039 6673855.424293)

LINESTRING (389236.955475 6673873.950770, 389242.547903 6673884.167640, 389242.445569 6673886.288070, 389230.382952 6673907.090902)

LINESTRING (389236.955475 6673873.950770, 389248.616763 6673875.280671, 389253.159200 6673875.923316, 389261.208176 6673883.692253)

LINESTRING (389328.622181 6674130.640641, 389328.174098 6674136.560432)

LINESTRING (389328.622181 6674130.640641, 389318.439690 6674129.187796, 389314.462258 6674128.684011, 389300.723947 6674125.622587, 389291.224728 6674121.808942)

LINESTRING (389328.622181 6674130.640641, 389330.729006 6674130.944688, 389343.847923 6674132.609678)

LINESTRING (389600.725426 6674155.843980, 389597.201855 6674155.482216)

LINESTRING (389600.725426 6674155.843980, 389603.270526 6674139.218642, 389603.046886 6674131.803602)

LINESTRING (389600.725426 6674155.843980, 389762.028089 6674175.677125, 389800.476039 6674180.024413)

LINESTRING (389629.664158 6674277.285838, 389621.661803 6674278.184641)

LINESTRING (389629.664158 6674277.285838, 389636.218018 6674276.564456)

LINESTRING (389629.664158 6674277.285838, 389630.128577 6674281.461911, 389631.148904 6674292.664115)

LINESTRING (389623.196142 6674293.550276, 389622.125895 6674282.349579, 389621.661803 6674278.184641)

LINESTRING (389414.856162 6674141.596411, 389416.129404 6674133.779541)

LINESTRING (389414.856162 6674141.596411, 389429.081152 6674143.506883)

LINESTRING (389414.856162 6674141.596411, 389389.566026 6674138.404493, 389343.847923 6674132.609678)

LINESTRING (389429.081152 6674143.506883, 389414.856162 6674141.596411)

LINESTRING (389429.081152 6674143.506883, 389428.543010 6674148.838753)

LINESTRING (389429.081152 6674143.506883, 389449.951456 6674146.063632)

LINESTRING (389343.847923 6674132.609678, 389343.101261 6674138.382479)

LINESTRING (389343.847923 6674132.609678, 389330.729006 6674130.944688, 389328.622181 6674130.640641)

LINESTRING (389343.847923 6674132.609678, 389389.566026 6674138.404493, 389414.856162 6674141.596411)

LINESTRING (389418.132765 6674124.413907, 389435.780145 6674127.190531)

LINESTRING (389418.132765 6674124.413907, 389417.209822 6674127.294614, 389416.129404 6674133.779541)

LINESTRING (389418.132765 6674124.413907, 389421.005985 6674106.184929, 389421.266186 6674104.694937)

LINESTRING (389418.132765 6674124.413907, 389400.903527 6674121.702740, 389403.776666 6674103.473747, 389403.965282 6674101.818759, 389421.266186 6674104.694937)

LINESTRING (389435.780145 6674127.190531, 389438.658994 6674108.961399)

LINESTRING (389435.780145 6674127.190531, 389418.132765 6674124.413907)

LINESTRING (389435.780145 6674127.190531, 389448.365544 6674126.810399)

LINESTRING (389421.266186 6674104.694937, 389451.801931 6674109.767976)

LINESTRING (389421.266186 6674104.694937, 389421.005985 6674106.184929, 389418.132765 6674124.413907)

LINESTRING (389421.266186 6674104.694937, 389403.965282 6674101.818759, 389403.776666 6674103.473747, 389400.903527 6674121.702740, 389418.132765 6674124.413907)

LINESTRING (389442.712147 6674202.915289, 389406.491866 6674182.501873)

LINESTRING (389442.712147 6674202.915289, 389436.445867 6674218.304769)

LINESTRING (389442.712147 6674202.915289, 389456.557036 6674174.058050, 389450.889303 6674155.251264, 389450.503309 6674151.474016)

LINESTRING (389406.491866 6674182.501873, 389442.712147 6674202.915289)

LINESTRING (389450.503309 6674151.474016, 389457.285559 6674152.428142)

LINESTRING (389450.503309 6674151.474016, 389428.543010 6674148.838753)

LINESTRING (389450.503309 6674151.474016, 389449.951456 6674146.063632)

LINESTRING (389450.503309 6674151.474016, 389450.889303 6674155.251264, 389456.557036 6674174.058050, 389442.712147 6674202.915289)

LINESTRING (389388.224591 6674204.193737, 389393.131195 6674197.069415, 389395.507899 6674195.838635, 389436.445867 6674218.304769)

LINESTRING (389718.032973 6673935.081511, 389717.617637 6673925.900386)

LINESTRING (389718.032973 6673935.081511, 389717.419217 6673953.576429, 389714.953421 6673960.147556, 389696.650093 6673974.662232, 389692.828926 6673978.978593)

LINESTRING (389718.032973 6673935.081511, 389721.944055 6673940.747319, 389726.666937 6673944.070765, 389745.907365 6673943.524639, 389745.522873 6673925.784145, 389743.902851 6673877.524564, 389741.798010 6673873.420179, 389715.994499 6673848.444132, 389715.159988 6673817.612084)

LINESTRING (389686.649055 6673856.036893, 389681.912225 6673856.859410)

LINESTRING (389686.649055 6673856.036893, 389688.998815 6673859.242364, 389691.781581 6673861.899886, 389711.025140 6673876.731949, 389714.088264 6673880.038524, 389715.758642 6673884.089120, 389716.872684 6673888.646805, 389717.617637 6673925.900386)

LINESTRING (389686.649055 6673856.036893, 389685.853946 6673853.408627, 389685.094333 6673818.072220)

LINESTRING (389692.828926 6673978.978593, 389695.833417 6673980.893942)

LINESTRING (389692.828926 6673978.978593, 389684.664642 6673975.446874, 389676.542445 6673973.496326, 389663.663093 6673971.689182, 389649.353215 6673971.028444, 389600.479693 6673977.316237, 389575.974716 6673978.657138, 389556.397613 6673977.420167, 389541.434982 6673977.749058, 389538.290605 6673977.821655)

LINESTRING (389692.828926 6673978.978593, 389696.650093 6673974.662232, 389714.953421 6673960.147556, 389717.419217 6673953.576429, 389718.032973 6673935.081511)

LINESTRING (389695.833417 6673980.893942, 389692.828926 6673978.978593)

LINESTRING (389695.833417 6673980.893942, 389701.116737 6673988.267956, 389706.387988 6673998.004827, 389709.426588 6674006.025964, 389717.585746 6674031.678344)

LINESTRING (389695.833417 6673980.893942, 389708.050245 6673982.632009, 389723.221032 6673978.898666, 389741.081239 6673966.804534, 389756.881875 6673949.523790, 389775.650350 6673924.642836, 389778.902439 6673922.617037)

LINESTRING (389538.290605 6673977.821655, 389532.192375 6673979.131208)

LINESTRING (389538.290605 6673977.821655, 389539.320733 6673970.948260)

LINESTRING (389538.290605 6673977.821655, 389536.286723 6673973.758909)

LINESTRING (389538.290605 6673977.821655, 389543.235852 6673989.061419, 389544.975771 6673993.020695, 389550.558608 6674001.667005, 389562.163108 6674013.641948, 389568.303220 6674018.137111)

LINESTRING (389538.290605 6673977.821655, 389541.434982 6673977.749058, 389556.397613 6673977.420167, 389575.974716 6673978.657138, 389600.479693 6673977.316237, 389649.353215 6673971.028444, 389663.663093 6673971.689182, 389676.542445 6673973.496326, 389684.664642 6673975.446874, 389692.828926 6673978.978593)

LINESTRING (389555.924994 6673799.701594, 389566.619592 6673799.156082)

LINESTRING (389555.924994 6673799.701594, 389550.703880 6673799.925979)

LINESTRING (389555.924994 6673799.701594, 389555.817711 6673793.386284)

LINESTRING (389555.924994 6673799.701594, 389555.883592 6673804.951583)

LINESTRING (389566.619592 6673799.156082, 389555.924994 6673799.701594)

LINESTRING (389566.619592 6673799.156082, 389567.050654 6673804.246948)

LINESTRING (389566.619592 6673799.156082, 389571.299338 6673799.014913, 389575.087056 6673798.922945)

LINESTRING (389550.703880 6673799.925979, 389555.924994 6673799.701594)

LINESTRING (389550.703880 6673799.925979, 389550.848932 6673810.251926)

LINESTRING (389550.703880 6673799.925979, 389525.101378 6673800.798815, 389507.299294 6673801.402952, 389494.021032 6673801.848327, 389487.206907 6673802.065171)

LINESTRING (389555.817711 6673793.386284, 389555.924994 6673799.701594)

LINESTRING (389555.817711 6673793.386284, 389621.268391 6673792.170035)

LINESTRING (389555.817711 6673793.386284, 389527.521431 6673794.373803, 389524.899109 6673794.464083, 389510.379811 6673794.980281, 389478.336313 6673796.114713)

LINESTRING (389555.883592 6673804.951583, 389567.050654 6673804.246948)

LINESTRING (389555.883592 6673804.951583, 389555.924994 6673799.701594)

LINESTRING (389555.883592 6673804.951583, 389555.858518 6673807.983458, 389550.848932 6673810.251926)

LINESTRING (389418.162934 6673706.552419, 389425.012353 6673706.211805)

LINESTRING (389418.162934 6673706.552419, 389418.451648 6673715.926808)

LINESTRING (389418.162934 6673706.552419, 389418.118378 6673705.261080, 389418.018659 6673701.776071)

LINESTRING (389375.093421 6673721.727719, 389372.677888 6673721.867575, 389354.328495 6673722.555843, 389338.879908 6673723.368249, 389335.370514 6673712.107609, 389323.813433 6673707.263951, 389283.998984 6673709.125322, 389281.537398 6673711.963443, 389282.087601 6673730.155859, 389291.496687 6673730.038465, 389322.874259 6673729.802917, 389323.903944 6673744.035913, 389331.493620 6673743.951338)

LINESTRING (389375.093421 6673721.727719, 389386.513479 6673717.081122, 389395.070182 6673716.488277, 389418.451648 6673715.926808)

LINESTRING (389375.093421 6673721.727719, 389373.705548 6673736.590968, 389372.966322 6673738.942369, 389371.343116 6673741.242477)

LINESTRING (389429.832777 6673735.898257, 389425.264016 6673736.225697)

LINESTRING (389429.832777 6673735.898257, 389430.698615 6673769.526490, 389430.955290 6673774.533463, 389431.902510 6673778.148889)

LINESTRING (389429.832777 6673735.898257, 389429.038082 6673730.718089, 389428.370188 6673706.032378, 389425.012353 6673706.211805)

LINESTRING (389429.832777 6673735.898257, 389430.692560 6673735.883433, 389439.051461 6673735.541828, 389455.206097 6673725.949470, 389464.718588 6673716.390574, 389477.084382 6673706.667555)

LINESTRING (389477.084382 6673706.667555, 389478.047054 6673739.289912, 389479.621463 6673741.805462, 389482.164688 6673742.586758, 389493.265566 6673742.073349, 389495.785951 6673749.084743, 389494.747910 6673754.041649)

LINESTRING (389477.084382 6673706.667555, 389477.064986 6673695.546599, 389448.391065 6673696.735547, 389434.782255 6673697.458555, 389427.863627 6673699.550822, 389425.519768 6673705.004088, 389425.012353 6673706.211805)

LINESTRING (389477.084382 6673706.667555, 389464.718588 6673716.390574, 389455.206097 6673725.949470, 389439.051461 6673735.541828, 389430.692560 6673735.883433, 389429.832777 6673735.898257)

LINESTRING (389494.747910 6673754.041649, 389500.912376 6673753.811000)

LINESTRING (389494.747910 6673754.041649, 389491.427594 6673756.014040, 389488.218176 6673757.615340, 389483.406658 6673760.011645, 389477.358663 6673762.813032, 389474.556554 6673765.404992, 389472.466856 6673766.593611)

LINESTRING (389494.747910 6673754.041649, 389495.785951 6673749.084743, 389493.265566 6673742.073349, 389482.164688 6673742.586758, 389479.621463 6673741.805462, 389478.047054 6673739.289912, 389477.084382 6673706.667555)

LINESTRING (389333.945041 6673698.733508, 389362.211652 6673697.656268, 389364.096455 6673698.869705, 389369.196071 6673703.618885, 389418.018659 6673701.776071)

LINESTRING (389418.018659 6673701.776071, 389416.888520 6673664.912967)

LINESTRING (389418.018659 6673701.776071, 389418.118378 6673705.261080, 389418.162934 6673706.552419)

LINESTRING (389418.018659 6673701.776071, 389369.196071 6673703.618885, 389364.096455 6673698.869705, 389362.211652 6673697.656268, 389333.945041 6673698.733508)

LINESTRING (389416.888520 6673664.912967, 389418.018659 6673701.776071)

LINESTRING (389416.888520 6673664.912967, 389416.426610 6673649.804735, 389432.417059 6673648.363393)

LINESTRING (389416.888520 6673664.912967, 389425.082755 6673656.541606, 389440.906645 6673654.180392, 389444.091749 6673650.852494, 389443.871771 6673648.897823, 389446.988536 6673648.636545)

LINESTRING (389272.231021 6673769.424031, 389247.505818 6673769.403044, 389247.342662 6673774.099544, 389242.745365 6673783.387740)

LINESTRING (389236.143679 6673780.355759, 389242.745365 6673783.387740)

LINESTRING (389236.143679 6673780.355759, 389235.001495 6673783.142852)

LINESTRING (389236.143679 6673780.355759, 389214.549835 6673769.921038, 389199.890957 6673762.162797, 389175.071662 6673742.353636)

LINESTRING (389315.918809 6673787.760633, 389334.024350 6673785.809133)

LINESTRING (389315.918809 6673787.760633, 389316.851959 6673793.293201)

LINESTRING (389315.918809 6673787.760633, 389279.286396 6673792.044394, 389271.448626 6673791.813414, 389263.579377 6673790.725326, 389255.461233 6673788.931577, 389242.745365 6673783.387740)

LINESTRING (389315.918809 6673787.760633, 389315.299967 6673781.059602, 389278.373948 6673782.610859)

LINESTRING (389278.373948 6673782.610859, 389315.299967 6673781.059602, 389315.918809 6673787.760633)

LINESTRING (389334.024350 6673785.809133, 389315.918809 6673787.760633)

LINESTRING (389334.024350 6673785.809133, 389331.493620 6673743.951338)

LINESTRING (389334.024350 6673785.809133, 389336.934156 6673785.498294, 389358.368234 6673783.134270)

LINESTRING (389345.362544 6673789.845929, 389359.004069 6673788.196646)

LINESTRING (389345.362544 6673789.845929, 389345.767553 6673795.349891)

LINESTRING (389345.362544 6673789.845929, 389337.925061 6673790.739379, 389316.851959 6673793.293201)

LINESTRING (389091.694301 6673802.949407, 389082.065209 6673808.255892)

LINESTRING (389091.694301 6673802.949407, 389100.056574 6673795.029083, 389114.617300 6673784.335645, 389122.161068 6673778.156324, 389127.186676 6673773.490845, 389147.330879 6673751.072252)

LINESTRING (389845.008193 6674590.057235, 389839.568839 6674589.998083)

LINESTRING (389845.008193 6674590.057235, 389850.053113 6674585.860191, 389853.407012 6674578.571496)

LINESTRING (389845.008193 6674590.057235, 389851.551048 6674598.574758, 389858.506950 6674604.962538, 389863.757624 6674609.262039, 389869.206724 6674610.936783, 389873.635727 6674611.717296, 389885.031542 6674614.271782, 389893.428163 6674603.633132, 389898.654651 6674577.990033)

LINESTRING (389839.568839 6674589.998083, 389845.008193 6674590.057235)

LINESTRING (389839.568839 6674589.998083, 389830.294335 6674595.247400, 389811.835753 6674606.166850, 389791.296287 6674611.733170)

LINESTRING (389839.568839 6674589.998083, 389837.810659 6674586.150675, 389838.609132 6674581.156505)

LINESTRING (389862.479849 6674479.776127, 389851.120192 6674492.264734, 389825.121792 6674515.212309, 389821.232116 6674518.527676)

LINESTRING (389862.479849 6674479.776127, 389857.597958 6674472.802156, 389876.590166 6674451.191159)

LINESTRING (389862.479849 6674479.776127, 389876.390128 6674477.552254, 389891.115176 6674480.831242, 389899.379704 6674481.652414)

LINESTRING (389821.232116 6674518.527676, 389818.224605 6674521.103286, 389800.166875 6674538.897584, 389792.437746 6674552.536322)

LINESTRING (389821.232116 6674518.527676, 389825.121792 6674515.212309, 389851.120192 6674492.264734, 389862.479849 6674479.776127)

LINESTRING (389821.232116 6674518.527676, 389815.083559 6674513.898660, 389811.334435 6674513.220325)

LINESTRING (389876.590166 6674451.191159, 389857.597958 6674472.802156, 389862.479849 6674479.776127)

LINESTRING (389786.652993 6674562.751095, 389792.437746 6674552.536322)

LINESTRING (389792.437746 6674552.536322, 389786.652993 6674562.751095)

LINESTRING (389792.437746 6674552.536322, 389800.166875 6674538.897584, 389818.224605 6674521.103286, 389821.232116 6674518.527676)

LINESTRING (389792.437746 6674552.536322, 389794.883454 6674565.946681, 389793.095740 6674579.361939, 389791.343647 6674595.617797, 389791.195575 6674602.308541, 389788.704080 6674612.435286)

LINESTRING (389147.330879 6673751.072252, 389152.683270 6673755.913780)

LINESTRING (389147.330879 6673751.072252, 389143.861530 6673747.934441)

LINESTRING (389147.330879 6673751.072252, 389155.610942 6673741.895297)

LINESTRING (389152.683270 6673755.913780, 389155.485322 6673758.458890)

LINESTRING (389152.683270 6673755.913780, 389147.330879 6673751.072252)

LINESTRING (389152.683270 6673755.913780, 389137.391525 6673772.713749, 389121.985347 6673786.463832, 389109.733866 6673795.159400, 389103.238012 6673798.922214, 389091.694301 6673802.949407)

LINESTRING (389539.320733 6673970.948260, 389538.290605 6673977.821655)

LINESTRING (389568.303220 6674018.137111, 389564.383282 6674023.036073)

LINESTRING (389568.303220 6674018.137111, 389570.578918 6674019.806894, 389575.914759 6674022.844204)

LINESTRING (389568.303220 6674018.137111, 389562.163108 6674013.641948, 389550.558608 6674001.667005, 389544.975771 6673993.020695, 389543.235852 6673989.061419, 389538.290605 6673977.821655)

LINESTRING (389568.303220 6674018.137111, 389569.603147 6674016.526616, 389577.160823 6674016.688656)

LINESTRING (389382.437526 6673917.013379, 389393.789968 6673918.598231)

LINESTRING (389382.437526 6673917.013379, 389367.752618 6673906.892794, 389361.086191 6673898.769819, 389349.567785 6673888.575887, 389336.013134 6673879.134464, 389304.430885 6673853.288380, 389299.406423 6673847.534075)

LINESTRING (389382.437526 6673917.013379, 389369.568837 6673918.327209, 389357.821898 6673921.133887, 389341.643596 6673928.621250, 389324.792878 6673944.152589, 389299.894753 6673971.405538)

LINESTRING (389299.406423 6673847.534075, 389304.430885 6673853.288380, 389336.013134 6673879.134464, 389349.567785 6673888.575887, 389361.086191 6673898.769819, 389367.752618 6673906.892794, 389382.437526 6673917.013379)

LINESTRING (389299.406423 6673847.534075, 389293.094486 6673840.314291, 389287.142637 6673833.807977, 389281.753131 6673821.857607)

LINESTRING (389299.406423 6673847.534075, 389282.331092 6673864.454230, 389272.744743 6673874.662214)

LINESTRING (389299.894753 6673971.405538, 389294.067859 6673977.097965, 389287.253220 6673974.718691, 389264.567509 6673951.813336)

LINESTRING (389299.894753 6673971.405538, 389324.792878 6673944.152589, 389341.643596 6673928.621250, 389357.821898 6673921.133887, 389369.568837 6673918.327209, 389382.437526 6673917.013379)

LINESTRING (389299.894753 6673971.405538, 389307.947470 6673979.308180, 389316.155962 6673982.269400, 389319.897819 6673988.742277, 389326.765512 6673997.650303, 389334.217205 6674003.665571, 389349.483193 6674010.804183, 389368.822262 6674018.488383, 389379.382430 6674021.044351, 389387.946388 6674022.367983)

LINESTRING (389833.417793 6674053.419946, 389835.925425 6674048.418919)

LINESTRING (389833.417793 6674053.419946, 389832.337867 6674052.939833, 389813.032399 6674046.143725)

LINESTRING (389833.417793 6674053.419946, 389840.201764 6674056.458621, 389844.983002 6674060.070192, 389847.136288 6674063.025360, 389848.252329 6674065.443410, 389848.355554 6674068.504846)

LINESTRING (389833.417793 6674053.419946, 389825.728246 6674068.784654, 389821.384657 6674073.629218, 389770.231179 6674065.897655, 389734.654708 6674060.015441)

LINESTRING (389485.572218 6673827.700754, 389485.242649 6673815.497066)

LINESTRING (389485.572218 6673827.700754, 389489.716448 6673827.653653)

LINESTRING (389485.572218 6673827.700754, 389485.652050 6673830.896623, 389485.597143 6673836.247320, 389485.565745 6673839.435403, 389480.058562 6673841.028075)

LINESTRING (389485.242649 6673815.497066, 389485.572218 6673827.700754)

LINESTRING (389485.242649 6673815.497066, 389485.209877 6673814.227658, 389485.088551 6673812.047130)

LINESTRING (389485.242649 6673815.497066, 389485.641195 6673815.462746, 389485.647236 6673814.192167)

LINESTRING (389489.716448 6673827.653653, 389490.014609 6673844.148664)

LINESTRING (389489.716448 6673827.653653, 389485.572218 6673827.700754)

LINESTRING (389489.716448 6673827.653653, 389490.206397 6673827.705725, 389518.540895 6673827.441102)

LINESTRING (389480.058562 6673841.028075, 389481.711237 6673844.666788)

LINESTRING (389480.058562 6673841.028075, 389474.868478 6673829.595186)

LINESTRING (389480.058562 6673841.028075, 389485.565745 6673839.435403, 389485.597143 6673836.247320, 389485.652050 6673830.896623, 389485.572218 6673827.700754)

LINESTRING (389490.014609 6673844.148664, 389494.363972 6673844.095375)

LINESTRING (389490.014609 6673844.148664, 389489.716448 6673827.653653)

LINESTRING (389490.014609 6673844.148664, 389490.071419 6673847.501242, 389490.058853 6673853.519290, 389490.080375 6673856.070577, 389486.418399 6673857.016915)

LINESTRING (389518.540895 6673827.441102, 389490.206397 6673827.705725, 389489.716448 6673827.653653)

LINESTRING (389494.363972 6673844.095375, 389490.014609 6673844.148664)

LINESTRING (389494.363972 6673844.095375, 389494.539798 6673860.582935)

LINESTRING (389494.363972 6673844.095375, 389494.707405 6673844.073864, 389518.853880 6673843.879944)

LINESTRING (389486.418399 6673857.016915, 389487.346554 6673859.451681)

LINESTRING (389486.418399 6673857.016915, 389481.711237 6673844.666788)

LINESTRING (389486.418399 6673857.016915, 389490.080375 6673856.070577, 389490.058853 6673853.519290, 389490.071419 6673847.501242, 389490.014609 6673844.148664)

LINESTRING (389494.539798 6673860.582935, 389494.363972 6673844.095375)

LINESTRING (389494.539798 6673860.582935, 389498.628544 6673860.537518)

LINESTRING (389494.539798 6673860.582935, 389494.572074 6673863.858247, 389494.781120 6673870.047906, 389492.623938 6673871.940614)

LINESTRING (389518.853880 6673843.879944, 389494.707405 6673844.073864, 389494.363972 6673844.095375)

LINESTRING (389498.628544 6673860.537518, 389498.815769 6673874.093907)

LINESTRING (389498.628544 6673860.537518, 389494.539798 6673860.582935)

LINESTRING (389498.628544 6673860.537518, 389499.211067 6673860.531078, 389519.166868 6673860.318786)

LINESTRING (389492.623938 6673871.940614, 389487.239292 6673874.097913)

LINESTRING (389492.623938 6673871.940614, 389504.091953 6673898.495644)

LINESTRING (389492.623938 6673871.940614, 389488.340741 6673862.051612)

LINESTRING (389492.623938 6673871.940614, 389494.781120 6673870.047906, 389494.572074 6673863.858247, 389494.539798 6673860.582935)

LINESTRING (389498.815769 6673874.093907, 389498.628544 6673860.537518)

LINESTRING (389519.166868 6673860.318786, 389499.211067 6673860.531078, 389498.628544 6673860.537518)

LINESTRING (389478.969493 6673805.322689, 389478.523858 6673800.120830)

LINESTRING (389478.969493 6673805.322689, 389468.973242 6673808.410453)

LINESTRING (389478.969493 6673805.322689, 389479.543685 6673813.128323)

LINESTRING (389478.523858 6673800.120830, 389478.969493 6673805.322689)

LINESTRING (389478.523858 6673800.120830, 389478.336313 6673796.114713)

LINESTRING (389478.523858 6673800.120830, 389487.206907 6673802.065171)

LINESTRING (389468.973242 6673808.410453, 389468.257820 6673809.713595)

LINESTRING (389479.543685 6673813.128323, 389478.969493 6673805.322689)

LINESTRING (389479.543685 6673813.128323, 389481.941006 6673812.019571, 389485.088551 6673812.047130)

LINESTRING (389479.543685 6673813.128323, 389476.171021 6673816.305844, 389474.647099 6673819.505558)

LINESTRING (389485.088551 6673812.047130, 389485.599000 6673812.042864)

LINESTRING (389485.088551 6673812.047130, 389485.209877 6673814.227658, 389485.242649 6673815.497066)

LINESTRING (389485.088551 6673812.047130, 389481.941006 6673812.019571, 389479.543685 6673813.128323)

LINESTRING (389474.647099 6673819.505558, 389468.509293 6673819.880321)

LINESTRING (389474.647099 6673819.505558, 389474.070500 6673824.671417, 389474.868478 6673829.595186)

LINESTRING (389474.647099 6673819.505558, 389476.171021 6673816.305844, 389479.543685 6673813.128323)

LINESTRING (389468.509293 6673819.880321, 389462.930498 6673820.572529)

LINESTRING (389468.509293 6673819.880321, 389474.647099 6673819.505558)

LINESTRING (389468.509293 6673819.880321, 389468.245762 6673828.246152)

LINESTRING (389474.868478 6673829.595186, 389469.472012 6673831.362832)

LINESTRING (389474.868478 6673829.595186, 389480.058562 6673841.028075)

LINESTRING (389474.868478 6673829.595186, 389481.563581 6673827.643472, 389481.189327 6673818.371960)

LINESTRING (389474.868478 6673829.595186, 389474.070500 6673824.671417, 389474.647099 6673819.505558)

LINESTRING (389469.472012 6673831.362832, 389476.006306 6673846.510601)

LINESTRING (389469.472012 6673831.362832, 389468.245762 6673828.246152)

LINESTRING (389469.472012 6673831.362832, 389474.868478 6673829.595186)

LINESTRING (389481.189327 6673818.371960, 389481.563581 6673827.643472, 389474.868478 6673829.595186)

LINESTRING (389481.711237 6673844.666788, 389488.353229 6673844.265681)

LINESTRING (389481.711237 6673844.666788, 389476.006306 6673846.510601)

LINESTRING (389481.711237 6673844.666788, 389486.418399 6673857.016915)

LINESTRING (389481.711237 6673844.666788, 389480.058562 6673841.028075)

LINESTRING (389488.353229 6673844.265681, 389481.711237 6673844.666788)

LINESTRING (389476.006306 6673846.510601, 389481.748667 6673860.612481)

LINESTRING (389476.006306 6673846.510601, 389469.472012 6673831.362832)

LINESTRING (389476.006306 6673846.510601, 389481.711237 6673844.666788)

LINESTRING (389488.340741 6673862.051612, 389493.257819 6673861.869744)

LINESTRING (389488.340741 6673862.051612, 389482.989849 6673863.672994)

LINESTRING (389488.340741 6673862.051612, 389492.623938 6673871.940614)

LINESTRING (389488.340741 6673862.051612, 389487.346554 6673859.451681)

LINESTRING (389493.257819 6673861.869744, 389488.340741 6673862.051612)

LINESTRING (389487.346554 6673859.451681, 389481.748667 6673860.612481)

LINESTRING (389487.346554 6673859.451681, 389488.340741 6673862.051612)

LINESTRING (389487.346554 6673859.451681, 389486.418399 6673857.016915)

LINESTRING (389531.395707 6673962.294639, 389536.286723 6673973.758909)

LINESTRING (389531.395707 6673962.294639, 389526.085606 6673964.895390)

LINESTRING (389531.395707 6673962.294639, 389509.817334 6673911.673136, 389504.091953 6673898.495644)

LINESTRING (389531.395707 6673962.294639, 389542.881206 6673957.078196, 389610.368958 6673950.818881)

LINESTRING (389485.599000 6673812.042864, 389485.088551 6673812.047130)

LINESTRING (389485.599000 6673812.042864, 389495.903248 6673811.988113, 389521.772657 6673811.686494)

LINESTRING (389485.599000 6673812.042864, 389485.618836 6673813.435244, 389485.647236 6673814.192167)

LINESTRING (389550.848932 6673810.251926, 389527.631562 6673811.632265)

LINESTRING (389550.848932 6673810.251926, 389551.944725 6673843.260298)

LINESTRING (389550.848932 6673810.251926, 389550.703880 6673799.925979)

LINESTRING (389550.848932 6673810.251926, 389555.858518 6673807.983458, 389555.883592 6673804.951583)

LINESTRING (389527.631562 6673811.632265, 389550.848932 6673810.251926)

LINESTRING (389527.631562 6673811.632265, 389521.772657 6673811.686494)

LINESTRING (389527.631562 6673811.632265, 389527.619115 6673814.162288)

LINESTRING (389551.944725 6673843.260298, 389550.848932 6673810.251926)

LINESTRING (389418.318829 6673777.121629, 389425.647671 6673777.591173)

LINESTRING (389418.318829 6673777.121629, 389415.088598 6673777.664959, 389400.620479 6673778.224619, 389397.366217 6673778.523527)

LINESTRING (389418.318829 6673777.121629, 389419.921212 6673774.866747, 389421.276748 6673771.605232)

LINESTRING (389431.902510 6673778.148889, 389425.647671 6673777.591173)

LINESTRING (389431.902510 6673778.148889, 389433.714366 6673781.359309, 389436.481769 6673784.786035, 389439.684663 6673787.196666)

LINESTRING (389431.902510 6673778.148889, 389430.955290 6673774.533463, 389430.698615 6673769.526490, 389429.832777 6673735.898257)

LINESTRING (389462.930498 6673820.572529, 389459.316367 6673820.715092)

LINESTRING (389462.930498 6673820.572529, 389468.509293 6673819.880321)

LINESTRING (389462.930498 6673820.572529, 389459.321109 6673811.131252)

LINESTRING (389468.245762 6673828.246152, 389469.472012 6673831.362832)

LINESTRING (389468.245762 6673828.246152, 389462.930498 6673820.572529)

LINESTRING (389439.684663 6673787.196666, 389438.406215 6673789.152016)

LINESTRING (389439.684663 6673787.196666, 389461.616730 6673793.421247, 389465.611641 6673794.493012, 389478.336313 6673796.114713)

LINESTRING (389439.684663 6673787.196666, 389436.481769 6673784.786035, 389433.714366 6673781.359309, 389431.902510 6673778.148889)

LINESTRING (389478.336313 6673796.114713, 389478.523858 6673800.120830)

LINESTRING (389478.336313 6673796.114713, 389479.100104 6673791.266375, 389485.612763 6673781.798095, 389489.052170 6673777.704775, 389492.174186 6673772.840971, 389497.376487 6673758.018658, 389500.912376 6673753.811000)

LINESTRING (389478.336313 6673796.114713, 389510.379811 6673794.980281, 389524.899109 6673794.464083, 389527.521431 6673794.373803, 389555.817711 6673793.386284)

LINESTRING (389478.336313 6673796.114713, 389465.611641 6673794.493012, 389461.616730 6673793.421247, 389439.684663 6673787.196666)

LINESTRING (389459.316367 6673820.715092, 389462.930498 6673820.572529)

LINESTRING (389459.316367 6673820.715092, 389455.621840 6673815.254737)

LINESTRING (389459.316367 6673820.715092, 389472.473262 6673853.749324, 389475.188205 6673862.058659)

LINESTRING (389455.621840 6673815.254737, 389458.776715 6673810.746513)

LINESTRING (389455.621840 6673815.254737, 389459.316367 6673820.715092)

LINESTRING (389455.621840 6673815.254737, 389445.927439 6673820.617938, 389437.610286 6673823.621651, 389409.074426 6673829.164018, 389405.522683 6673830.820312, 389393.103174 6673833.234861)

LINESTRING (389455.621840 6673815.254737, 389454.911430 6673814.150663, 389448.215815 6673806.162140, 389443.300937 6673802.009047, 389434.780437 6673796.627598)

LINESTRING (389475.188205 6673862.058659, 389481.748667 6673860.612481)

LINESTRING (389475.188205 6673862.058659, 389459.905029 6673862.999310, 389428.629326 6673865.281119, 389422.991886 6673876.338933, 389423.227485 6673884.689695, 389424.863758 6673889.253819)

LINESTRING (389475.188205 6673862.058659, 389472.473262 6673853.749324, 389459.316367 6673820.715092)

LINESTRING (389475.188205 6673862.058659, 389475.359272 6673864.415987, 389475.466153 6673866.485512)

LINESTRING (389358.368234 6673783.134270, 389359.004069 6673788.196646)

LINESTRING (389358.368234 6673783.134270, 389373.488218 6673781.373495, 389397.366217 6673778.523527)

LINESTRING (389358.368234 6673783.134270, 389336.934156 6673785.498294, 389334.024350 6673785.809133)

LINESTRING (389397.366217 6673778.523527, 389400.620479 6673778.224619, 389415.088598 6673777.664959, 389418.318829 6673777.121629)

LINESTRING (389397.366217 6673778.523527, 389373.488218 6673781.373495, 389358.368234 6673783.134270)

LINESTRING (389397.366217 6673778.523527, 389401.967407 6673762.370818, 389403.664182 6673758.831536)

LINESTRING (389421.276748 6673771.605232, 389414.372884 6673753.236999)

LINESTRING (389421.276748 6673771.605232, 389419.921212 6673774.866747, 389418.318829 6673777.121629)

LINESTRING (389421.276748 6673771.605232, 389411.354088 6673763.535947, 389403.664182 6673758.831536)

LINESTRING (389621.268391 6673792.170035, 389555.817711 6673793.386284)

LINESTRING (389621.268391 6673792.170035, 389626.122047 6673792.090555)

LINESTRING (389621.268391 6673792.170035, 389618.953164 6673723.482518, 389613.585398 6673719.030830, 389612.918596 6673688.450026, 389613.064057 6673684.623313, 389620.904864 6673684.765789)

LINESTRING (389521.674685 6673816.347569, 389521.654195 6673813.829683, 389521.772657 6673811.686494)

LINESTRING (389521.772657 6673811.686494, 389527.631562 6673811.632265)

LINESTRING (389521.772657 6673811.686494, 389495.903248 6673811.988113, 389485.599000 6673812.042864)

LINESTRING (389521.772657 6673811.686494, 389521.654195 6673813.829683, 389521.674685 6673816.347569)

LINESTRING (389527.619115 6673814.162288, 389527.631562 6673811.632265)

LINESTRING (389527.619115 6673814.162288, 389527.627506 6673816.279362)

LINESTRING (389527.619115 6673814.162288, 389523.247875 6673814.227341, 389523.216783 6673816.323318)

LINESTRING (389527.627506 6673816.279362, 389527.619115 6673814.162288)

LINESTRING (389523.216783 6673816.323318, 389523.247875 6673814.227341, 389527.619115 6673814.162288)

LINESTRING (389497.022685 6674157.725140, 389533.021226 6674161.976432)

LINESTRING (389497.022685 6674157.725140, 389485.941358 6674156.454984)

LINESTRING (389497.022685 6674157.725140, 389497.189957 6674151.501830)

LINESTRING (389499.989010 6674212.418683, 389490.292478 6674207.016927)

LINESTRING (389499.989010 6674212.418683, 389502.523350 6674213.835448)

LINESTRING (389499.989010 6674212.418683, 389492.905481 6674224.823895)

LINESTRING (389485.941358 6674156.454984, 389497.022685 6674157.725140)

LINESTRING (389485.941358 6674156.454984, 389470.872561 6674154.346898, 389457.285559 6674152.428142)

LINESTRING (389485.941358 6674156.454984, 389468.577093 6674182.342674, 389470.511674 6674192.380573, 389477.970838 6674200.134323)

LINESTRING (389477.970838 6674200.134323, 389490.292478 6674207.016927)

LINESTRING (389477.970838 6674200.134323, 389470.909709 6674213.096095)

LINESTRING (389477.970838 6674200.134323, 389470.511674 6674192.380573, 389468.577093 6674182.342674, 389485.941358 6674156.454984)

LINESTRING (389672.925475 6674295.360662, 389674.137926 6674295.268396, 389674.334745 6674297.379789, 389676.592321 6674297.166871)

LINESTRING (389663.090528 6674273.570084, 389656.592100 6674274.289747)

LINESTRING (389663.090528 6674273.570084, 389667.481727 6674273.081110)

LINESTRING (389663.090528 6674273.570084, 389663.554909 6674277.746160, 389664.801765 6674288.919254)

LINESTRING (389669.231754 6674288.429112, 389667.946103 6674277.257187, 389667.481727 6674273.081110)

LINESTRING (389664.801765 6674288.919254, 389663.554909 6674277.746160, 389663.090528 6674273.570084)

LINESTRING (389658.364348 6674289.637076, 389657.078664 6674278.465154, 389656.592100 6674274.289747)

LINESTRING (389656.592100 6674274.289747, 389649.546496 6674275.081638)

LINESTRING (389656.592100 6674274.289747, 389663.090528 6674273.570084)

LINESTRING (389656.592100 6674274.289747, 389657.078664 6674278.465154, 389658.364348 6674289.637076)

LINESTRING (389651.296262 6674290.418498, 389650.010557 6674279.246579, 389649.546496 6674275.081638)

LINESTRING (389649.546496 6674275.081638, 389642.577840 6674275.848935)

LINESTRING (389649.546496 6674275.081638, 389656.592100 6674274.289747)

LINESTRING (389649.546496 6674275.081638, 389650.010557 6674279.246579, 389651.296262 6674290.418498)

LINESTRING (389644.327970 6674291.196926, 389643.042244 6674280.025009, 389642.577840 6674275.848935)

LINESTRING (389642.577840 6674275.848935, 389636.218018 6674276.564456)

LINESTRING (389642.577840 6674275.848935, 389649.546496 6674275.081638)

LINESTRING (389642.577840 6674275.848935, 389643.042244 6674280.025009, 389644.327970 6674291.196926)

LINESTRING (389637.973719 6674291.912277, 389636.682094 6674280.729395, 389636.218018 6674276.564456)

LINESTRING (389636.218018 6674276.564456, 389629.664158 6674277.285838)

LINESTRING (389636.218018 6674276.564456, 389642.577840 6674275.848935)

LINESTRING (389636.218018 6674276.564456, 389638.956496 6674273.528771, 389698.451109 6674266.642649)

LINESTRING (389636.218018 6674276.564456, 389636.682094 6674280.729395, 389637.973719 6674291.912277)

LINESTRING (389631.148904 6674292.664115, 389630.128577 6674281.461911, 389629.664158 6674277.285838)

LINESTRING (389153.367040 6673732.123203, 389159.379351 6673737.680255)

LINESTRING (389153.367040 6673732.123203, 389156.577824 6673728.370797)

LINESTRING (389153.367040 6673732.123203, 389148.988061 6673736.702199)

LINESTRING (389143.977782 6673728.863759, 389134.654117 6673719.707244)

LINESTRING (389143.977782 6673728.863759, 389148.770313 6673729.877601, 389151.282042 6673730.715344, 389153.367040 6673732.123203)

LINESTRING (389168.651758 6673751.563380, 389161.082554 6673745.908581)

LINESTRING (389168.651758 6673751.563380, 389166.322320 6673753.996404)

LINESTRING (389168.651758 6673751.563380, 389171.942089 6673746.772199)

LINESTRING (389161.082554 6673745.908581, 389152.683270 6673755.913780)

LINESTRING (389161.082554 6673745.908581, 389155.610942 6673741.895297)

LINESTRING (389166.322320 6673753.996404, 389168.651758 6673751.563380)

LINESTRING (389166.322320 6673753.996404, 389167.829375 6673754.463395, 389178.079513 6673761.597189, 389197.184989 6673774.892983, 389218.455088 6673785.448839, 389231.379176 6673791.086588)

LINESTRING (389166.322320 6673753.996404, 389161.032349 6673755.248663, 389157.428371 6673756.828773, 389155.485322 6673758.458890)

LINESTRING (389171.942089 6673746.772199, 389168.651758 6673751.563380)

LINESTRING (389171.942089 6673746.772199, 389175.071662 6673742.353636)

LINESTRING (389171.942089 6673746.772199, 389175.330198 6673749.243863, 389179.053339 6673755.449727)

LINESTRING (389156.577824 6673728.370797, 389153.367040 6673732.123203)

LINESTRING (389156.577824 6673728.370797, 389153.136619 6673727.995804, 389150.366117 6673727.043313, 389147.108386 6673724.846319)

LINESTRING (389156.577824 6673728.370797, 389159.835608 6673727.636959, 389162.679368 6673726.793077, 389166.182375 6673724.993153)

LINESTRING (389147.108386 6673724.846319, 389150.076510 6673720.778084, 389152.171414 6673714.997847, 389152.957736 6673709.257233, 389154.029792 6673695.540103, 389155.052510 6673687.708429)

LINESTRING (389147.108386 6673724.846319, 389150.366117 6673727.043313, 389153.136619 6673727.995804, 389156.577824 6673728.370797)

LINESTRING (389147.108386 6673724.846319, 389142.063681 6673720.820127, 389128.571717 6673707.989792, 389073.818418 6673658.252854)

LINESTRING (389166.182375 6673724.993153, 389168.682810 6673727.291097)

LINESTRING (389166.182375 6673724.993153, 389168.714937 6673722.119370)

LINESTRING (389166.182375 6673724.993153, 389162.679368 6673726.793077, 389159.835608 6673727.636959, 389156.577824 6673728.370797)

LINESTRING (389155.485322 6673758.458890, 389152.683270 6673755.913780)

LINESTRING (389155.485322 6673758.458890, 389135.698827 6673780.777454, 389124.471058 6673792.673691, 389120.150596 6673796.615754)

LINESTRING (389155.485322 6673758.458890, 389157.428371 6673756.828773, 389161.032349 6673755.248663, 389166.322320 6673753.996404)

LINESTRING (389120.150596 6673796.615754, 389120.615302 6673805.728512)

LINESTRING (389120.150596 6673796.615754, 389107.142053 6673802.303127, 389085.025376 6673813.637847)

LINESTRING (389120.150596 6673796.615754, 389124.471058 6673792.673691, 389135.698827 6673780.777454, 389155.485322 6673758.458890)

LINESTRING (389093.370023 6673824.005144, 389120.656650 6673812.224138)

LINESTRING (389093.370023 6673824.005144, 389097.665508 6673827.117878, 389115.702713 6673839.041483)

LINESTRING (389093.370023 6673824.005144, 389089.911253 6673820.666475, 389085.025376 6673813.637847)

LINESTRING (389093.370023 6673824.005144, 389089.168432 6673830.952492, 389086.531170 6673835.311645)

LINESTRING (389783.353533 6673499.932711, 389794.175551 6673497.322463)

LINESTRING (389783.353533 6673499.932711, 389783.797863 6673507.686555)

LINESTRING (389783.353533 6673499.932711, 389778.322968 6673501.153959, 389726.391904 6673513.571797)

LINESTRING (389783.353533 6673499.932711, 389781.097144 6673491.720804, 389779.357344 6673487.025927, 389761.827569 6673493.036449)

LINESTRING (389810.003909 6673494.160394, 389816.039634 6673497.199296)

LINESTRING (389810.003909 6673494.160394, 389794.175551 6673497.322463)

LINESTRING (389810.003909 6673494.160394, 389814.414451 6673490.963112, 389817.474537 6673487.338439, 389821.823107 6673485.770025)

LINESTRING (389838.045215 6673581.831609, 389801.660817 6673596.644603)

LINESTRING (389838.045215 6673581.831609, 389841.949069 6673580.243164)

LINESTRING (389838.045215 6673581.831609, 389812.047273 6673522.036364, 389809.267102 6673518.732328, 389805.170778 6673514.665555, 389797.872451 6673511.720394)

LINESTRING (389838.045215 6673581.831609, 389855.951103 6673623.015180, 389870.275529 6673656.773365)

LINESTRING (389821.823107 6673485.770025, 389822.481798 6673482.206480)

LINESTRING (389821.823107 6673485.770025, 389821.200654 6673488.140095, 389818.939039 6673492.108480, 389817.405136 6673494.806863, 389816.039634 6673497.199296)

LINESTRING (389821.823107 6673485.770025, 389817.474537 6673487.338439, 389814.414451 6673490.963112, 389810.003909 6673494.160394)

LINESTRING (389818.886530 6673509.728383, 389811.997087 6673511.885886)

LINESTRING (389818.886530 6673509.728383, 389819.704417 6673512.746022, 389821.590374 6673520.824228, 389829.568645 6673538.804224)

LINESTRING (389818.886530 6673509.728383, 389820.112107 6673501.211080, 389816.039634 6673497.199296)

LINESTRING (389818.886530 6673509.728383, 389822.039078 6673509.176614, 389827.844141 6673507.686957, 389831.198616 6673505.914448, 389833.221769 6673503.981414, 389833.545492 6673501.274878, 389832.190333 6673488.333149, 389830.591550 6673485.740182, 389828.295861 6673483.781094, 389825.212683 6673482.581195, 389822.481798 6673482.206480)

LINESTRING (389857.420288 6673601.563775, 389864.939783 6673618.510124)

LINESTRING (389857.420288 6673601.563775, 389850.769929 6673586.574883)

LINESTRING (389857.420288 6673601.563775, 389862.016102 6673599.731658)

LINESTRING (389930.198998 6673765.517472, 389924.067906 6673767.964007)

LINESTRING (389930.198998 6673765.517472, 389934.586806 6673775.047199)

LINESTRING (389930.198998 6673765.517472, 389903.663238 6673707.866302, 389888.902326 6673673.419073, 389864.939783 6673618.510124)

LINESTRING (389870.275529 6673656.773365, 389878.259412 6673674.218380)

LINESTRING (389870.275529 6673656.773365, 389874.574568 6673654.671595)

LINESTRING (389870.275529 6673656.773365, 389855.951103 6673623.015180, 389838.045215 6673581.831609)

LINESTRING (389870.275529 6673656.773365, 389867.466183 6673657.660230, 389864.227570 6673658.114259, 389861.652337 6673656.821047, 389850.064751 6673639.874521, 389841.631075 6673643.270826)

LINESTRING (389841.631075 6673643.270826, 389850.064751 6673639.874521, 389861.652337 6673656.821047, 389864.227570 6673658.114259, 389867.466183 6673657.660230, 389870.275529 6673656.773365)

LINESTRING (389893.316910 6673707.820866, 389878.259412 6673674.218380)

LINESTRING (389893.316910 6673707.820866, 389898.083490 6673705.950222)

LINESTRING (389893.316910 6673707.820866, 389906.011798 6673737.794722, 389919.774230 6673769.686674)

LINESTRING (389893.316910 6673707.820866, 389881.895651 6673711.708116, 389874.240751 6673693.573429)

LINESTRING (389919.774230 6673769.686674, 389924.067906 6673767.964007)

LINESTRING (389919.774230 6673769.686674, 389906.011798 6673737.794722, 389893.316910 6673707.820866)

LINESTRING (389919.774230 6673769.686674, 389919.383255 6673774.033360, 389917.925847 6673776.874272)

LINESTRING (389874.240751 6673693.573429, 389881.895651 6673711.708116, 389893.316910 6673707.820866)

LINESTRING (389917.925847 6673776.874272, 389919.945670 6673782.586012)

LINESTRING (389917.925847 6673776.874272, 389914.299881 6673780.315298, 389879.321349 6673792.176789, 389872.625883 6673791.910163, 389865.034878 6673789.731473, 389833.346325 6673772.598594)

LINESTRING (389917.925847 6673776.874272, 389919.383255 6673774.033360, 389919.774230 6673769.686674)

LINESTRING (389922.484706 6673789.507956, 389930.089844 6673786.805365)

LINESTRING (389922.484706 6673789.507956, 389919.945670 6673782.586012)

LINESTRING (389922.484706 6673789.507956, 389916.623965 6673789.316445, 389890.780499 6673797.860888, 389885.814287 6673799.548107, 389880.120085 6673800.833768, 389873.662052 6673800.526567, 389865.524783 6673798.821206)

LINESTRING (389922.484706 6673789.507956, 389925.726177 6673792.475027, 389935.750518 6673816.890518)

LINESTRING (389937.482954 6673784.064589, 389930.089844 6673786.805365)

LINESTRING (389937.482954 6673784.064589, 389951.429937 6673820.263737)

LINESTRING (389937.482954 6673784.064589, 389934.586806 6673775.047199)

LINESTRING (389993.164249 6673804.032144, 389963.976877 6673817.278933, 389951.429937 6673820.263737)

LINESTRING (389952.204144 6673865.216735, 390023.792051 6673858.306971)

LINESTRING (389952.204144 6673865.216735, 389945.442345 6673865.876909)

LINESTRING (389952.204144 6673865.216735, 389951.552618 6673880.280417)

LINESTRING (389952.204144 6673865.216735, 389953.351568 6673842.649530, 389953.063573 6673831.592420, 389951.429937 6673820.263737)

LINESTRING (389937.866970 6673879.900658, 389941.017304 6673879.839372)

LINESTRING (389937.866970 6673879.900658, 389937.954307 6673867.116120)

LINESTRING (389937.866970 6673879.900658, 389936.688679 6673929.492461)

LINESTRING (389937.866970 6673879.900658, 389926.643076 6673879.814670, 389890.233499 6673884.843412, 389873.504734 6673886.059839)

LINESTRING (389937.954307 6673867.116120, 389923.370237 6673869.527082)

LINESTRING (389937.954307 6673867.116120, 389945.442345 6673865.876909)

LINESTRING (389937.954307 6673867.116120, 389939.139021 6673840.992921)

LINESTRING (389937.954307 6673867.116120, 389937.866970 6673879.900658)

LINESTRING (389928.198813 6674032.872272, 389931.023296 6674038.403805)

LINESTRING (389928.198813 6674032.872272, 389934.302629 6674029.902788, 389936.588748 6674028.418788, 389939.383068 6674025.749412)

LINESTRING (389928.198813 6674032.872272, 389917.558667 6674037.972923, 389887.572812 6674052.091351, 389882.465182 6674053.493105, 389874.185158 6674055.324622, 389870.373639 6674055.907334, 389867.114578 6674056.038820)

LINESTRING (389928.198813 6674032.872272, 389923.846257 6674024.322152, 389920.144356 6674025.414128)

LINESTRING (389858.121773 6674051.517571, 389852.985432 6674056.575394)

LINESTRING (389858.121773 6674051.517571, 389861.942255 6674053.999119, 389867.114578 6674056.038820)

LINESTRING (389858.121773 6674051.517571, 389851.733435 6674048.901565, 389836.122504 6674042.428772)

LINESTRING (389858.121773 6674051.517571, 389865.736074 6674041.392783, 389880.274577 6674037.121921)

LINESTRING (389936.825152 6673942.337133, 389936.688679 6673929.492461)

LINESTRING (389936.825152 6673942.337133, 389943.489977 6673942.147892)

LINESTRING (389936.825152 6673942.337133, 389933.505503 6673943.963645)

LINESTRING (389936.825152 6673942.337133, 389937.021234 6673961.409386, 389939.159046 6673999.657418, 389941.693611 6674011.973093)

LINESTRING (389941.162205 6674029.551666, 389939.383068 6674025.749412)

LINESTRING (389941.162205 6674029.551666, 389943.777324 6674035.134079)

LINESTRING (389941.162205 6674029.551666, 389945.094043 6674027.617015, 389953.200173 6674025.166839)

LINESTRING (389939.383068 6674025.749412, 389941.162205 6674029.551666)

LINESTRING (389939.383068 6674025.749412, 389936.588748 6674028.418788, 389934.302629 6674029.902788, 389928.198813 6674032.872272)

LINESTRING (389939.383068 6674025.749412, 389941.612639 6674020.723394, 389942.128352 6674017.019298, 389941.693611 6674011.973093)

LINESTRING (389941.693611 6674011.973093, 389948.187547 6674009.426512)

LINESTRING (389941.693611 6674011.973093, 389939.159046 6673999.657418, 389937.021234 6673961.409386, 389936.825152 6673942.337133)

LINESTRING (389941.693611 6674011.973093, 389942.128352 6674017.019298, 389941.612639 6674020.723394, 389939.383068 6674025.749412)

LINESTRING (389035.533633 6673855.244541, 389038.761102 6673853.698005, 389040.203602 6673844.895188)

LINESTRING (389040.203602 6673844.895188, 389040.253656 6673842.152275)

LINESTRING (389040.203602 6673844.895188, 389047.082788 6673845.544759, 389054.223116 6673843.823926, 389065.013924 6673825.945290)

LINESTRING (389040.203602 6673844.895188, 389038.761102 6673853.698005, 389035.533633 6673855.244541)

LINESTRING (389086.531170 6673835.311645, 389110.090946 6673849.452691)

LINESTRING (389086.531170 6673835.311645, 389089.168432 6673830.952492, 389093.370023 6673824.005144)

LINESTRING (389086.531170 6673835.311645, 389074.845010 6673828.589368, 389069.209847 6673826.687363, 389065.013924 6673825.945290)

LINESTRING (388852.715238 6673389.671079, 388860.175356 6673381.086695)

LINESTRING (388852.715238 6673389.671079, 388851.224666 6673391.399057, 388840.956925 6673403.668180, 388839.478332 6673405.607534)

LINESTRING (388852.715238 6673389.671079, 388849.108425 6673386.961166, 388845.024569 6673384.444042, 388842.330834 6673375.610702, 388842.386581 6673373.424805)

LINESTRING (388752.413966 6673394.645203, 388812.101665 6673396.041553, 388822.120880 6673397.342023, 388829.369236 6673399.517869, 388839.478332 6673405.607534)

LINESTRING (388752.413966 6673394.645203, 388744.285791 6673383.792846, 388734.491587 6673372.913127, 388731.977354 6673368.899717)

LINESTRING (388830.144832 6673362.908890, 388831.906009 6673366.254306, 388836.931339 6673367.238405, 388839.510959 6673367.193518)

LINESTRING (388830.144832 6673362.908890, 388823.108997 6673365.540752, 388820.408106 6673368.720770, 388816.745625 6673375.328881, 388834.071412 6673391.139754, 388836.004384 6673397.767406, 388839.478332 6673405.607534)

LINESTRING (388830.144832 6673362.908890, 388831.328375 6673362.037162, 388832.252781 6673360.125775, 388837.369932 6673356.638384, 388840.048308 6673355.275518)

LINESTRING (388920.983087 6673567.762615, 388912.139553 6673568.242676, 388902.704942 6673568.083205, 388879.168937 6673566.880739, 388879.759119 6673553.044391, 388883.170363 6673549.865140, 388900.851278 6673549.796602, 388902.535042 6673540.718951, 388903.969769 6673536.786195, 388904.635810 6673533.311377)

LINESTRING (388920.983087 6673567.762615, 388924.535121 6673567.576839, 388931.573101 6673563.563250, 388933.357298 6673562.550748)

LINESTRING (388920.983087 6673567.762615, 388923.558400 6673583.129917, 388926.862956 6673590.886104)

LINESTRING (388904.635810 6673533.311377, 388899.692363 6673525.872393, 388851.243074 6673439.907895, 388840.578044 6673422.267710, 388836.302859 6673417.104157, 388830.992164 6673413.665923, 388826.756097 6673411.253737)

LINESTRING (388904.635810 6673533.311377, 388907.473593 6673537.571386, 388916.518097 6673547.371033, 388930.407395 6673559.898843, 388933.357298 6673562.550748)

LINESTRING (388904.635810 6673533.311377, 388903.969769 6673536.786195, 388902.535042 6673540.718951, 388900.851278 6673549.796602, 388883.170363 6673549.865140, 388879.759119 6673553.044391, 388879.168937 6673566.880739, 388902.704942 6673568.083205, 388912.139553 6673568.242676, 388920.983087 6673567.762615)

LINESTRING (388969.298287 6673592.496314, 388975.088860 6673597.313167)

LINESTRING (388969.298287 6673592.496314, 388975.143765 6673591.070925)

LINESTRING (388969.298287 6673592.496314, 388935.219180 6673564.098985, 388933.357298 6673562.550748)

LINESTRING (389078.244287 6673581.214866, 389089.213888 6673582.030349, 389121.676016 6673584.390227)

LINESTRING (389078.244287 6673581.214866, 389044.706492 6673578.709668, 389020.911599 6673581.960552, 388998.555519 6673585.803169, 388986.231622 6673587.915290, 388982.405158 6673588.933976)

LINESTRING (389078.244287 6673581.214866, 389075.565629 6673598.502168, 389074.315655 6673600.111327, 389072.048054 6673601.472723, 389067.831027 6673602.057399, 389061.607731 6673601.454759, 389055.522251 6673599.722421)

LINESTRING (388850.950090 6673681.081987, 388864.072220 6673672.002512, 388877.427427 6673663.651509, 388897.206687 6673653.556595, 388911.013461 6673645.816075, 388912.835214 6673644.579543, 388934.757060 6673630.095996, 388964.554420 6673606.636912, 388972.094568 6673599.967068, 388975.088860 6673597.313167)

LINESTRING (388850.950090 6673681.081987, 388841.546829 6673689.257375, 388833.052971 6673698.318974, 388822.860600 6673708.468559, 388810.260492 6673724.129532)

LINESTRING (388850.950090 6673681.081987, 388851.535388 6673675.681711, 388854.931796 6673666.351443, 388856.010298 6673664.948000, 388860.528701 6673662.593191)

LINESTRING (389049.096899 6673652.337951, 389055.011535 6673656.493674)

LINESTRING (389049.096899 6673652.337951, 389046.970302 6673650.842257, 389042.257837 6673647.530477)

LINESTRING (389049.096899 6673652.337951, 389045.811678 6673653.083860, 389043.151869 6673655.237234, 389034.108732 6673666.153732, 389028.283311 6673669.885208)

LINESTRING (389134.654117 6673719.707244, 389125.851175 6673711.069887)

LINESTRING (389134.654117 6673719.707244, 389143.977782 6673728.863759)

LINESTRING (389134.654117 6673719.707244, 389130.952553 6673723.563684)

LINESTRING (389168.682810 6673727.291097, 389173.318355 6673731.552588)

LINESTRING (389168.682810 6673727.291097, 389166.182375 6673724.993153)

LINESTRING (389168.682810 6673727.291097, 389171.241293 6673724.906861, 389178.607095 6673721.641602)

LINESTRING (389168.714937 6673722.119370, 389166.182375 6673724.993153)

LINESTRING (389168.714937 6673722.119370, 389178.037969 6673709.991203, 389189.175590 6673697.852713)

LINESTRING (389168.714937 6673722.119370, 389167.342917 6673719.330365, 389164.583904 6673711.791489, 389161.998526 6673705.038573, 389159.532079 6673699.831055, 389156.360123 6673693.318779, 389155.052510 6673687.708429)

LINESTRING (389176.161583 6673734.174475, 389173.318355 6673731.552588)

LINESTRING (389176.161583 6673734.174475, 389227.161925 6673676.655315)

LINESTRING (389176.161583 6673734.174475, 389174.244969 6673738.511741, 389175.071662 6673742.353636)

LINESTRING (389173.318355 6673731.552588, 389176.161583 6673734.174475)

LINESTRING (389173.318355 6673731.552588, 389168.682810 6673727.291097)

LINESTRING (389173.318355 6673731.552588, 389164.780046 6673741.550821)

LINESTRING (389227.161925 6673676.655315, 389233.774898 6673670.515550)

LINESTRING (389227.161925 6673676.655315, 389176.161583 6673734.174475)

LINESTRING (389227.161925 6673676.655315, 389225.723170 6673675.328154, 389224.615943 6673674.135833)

LINESTRING (389175.071662 6673742.353636, 389171.942089 6673746.772199)

LINESTRING (389175.071662 6673742.353636, 389199.890957 6673762.162797, 389214.549835 6673769.921038, 389236.143679 6673780.355759)

LINESTRING (389175.071662 6673742.353636, 389174.244969 6673738.511741, 389176.161583 6673734.174475)

LINESTRING (389178.607095 6673721.641602, 389216.177747 6673678.648126)

LINESTRING (389178.607095 6673721.641602, 389175.787228 6673728.591587, 389173.318355 6673731.552588)

LINESTRING (389223.571451 6673662.544393, 389227.040651 6673659.073975)

LINESTRING (389223.571451 6673662.544393, 389222.782247 6673660.673817, 389194.091284 6673635.822055)

LINESTRING (389223.571451 6673662.544393, 389222.289290 6673665.658895, 389219.555863 6673668.683586)

LINESTRING (389328.877008 6674123.835184, 389323.458176 6674110.347804)

LINESTRING (389328.877008 6674123.835184, 389319.316148 6674122.753576, 389316.530878 6674122.035439, 389302.603141 6674118.032508, 389291.397167 6674112.465173, 389285.742458 6674108.981019, 389269.188800 6674095.039305, 389267.846487 6674093.776080)

LINESTRING (389328.877008 6674123.835184, 389379.039365 6674129.417496, 389416.129404 6674133.779541)

LINESTRING (389603.046886 6674131.803602, 389603.270526 6674139.218642, 389600.725426 6674155.843980)

LINESTRING (389642.420562 6674024.181705, 389642.795071 6674034.210991)

LINESTRING (389642.795071 6674034.210991, 389661.631137 6674033.520581)

LINESTRING (389642.795071 6674034.210991, 389642.420562 6674024.181705)

LINESTRING (389642.795071 6674034.210991, 389618.917157 6674035.354415, 389608.442362 6674034.700784, 389600.740605 6674033.072042, 389590.239308 6674029.332423, 389579.257489 6674024.749255, 389575.914759 6674022.844204)

LINESTRING (389660.924688 6674023.523588, 389661.631137 6674033.520581)

LINESTRING (389661.631137 6674033.520581, 389679.784913 6674032.839687)

LINESTRING (389661.631137 6674033.520581, 389642.795071 6674034.210991)

LINESTRING (389661.631137 6674033.520581, 389660.924688 6674023.523588)

LINESTRING (389679.423272 6674022.865732, 389679.784913 6674032.839687)

LINESTRING (389679.784913 6674032.839687, 389703.492296 6674032.114121)

LINESTRING (389679.784913 6674032.839687, 389661.631137 6674033.520581)

LINESTRING (389679.784913 6674032.839687, 389679.423272 6674022.865732)

LINESTRING (389728.907208 6674006.832043, 389730.932909 6674013.100701)

LINESTRING (389730.932909 6674013.100701, 389753.199757 6674006.367773)

LINESTRING (389730.932909 6674013.100701, 389728.907208 6674006.832043)

LINESTRING (389730.932909 6674013.100701, 389728.606747 6674013.805972, 389726.777823 6674015.911529)

LINESTRING (389751.161818 6674000.244342, 389753.199757 6674006.367773)

LINESTRING (389753.199757 6674006.367773, 389766.414671 6674002.370344)

LINESTRING (389753.199757 6674006.367773, 389730.932909 6674013.100701)

LINESTRING (389753.199757 6674006.367773, 389751.161818 6674000.244342)

LINESTRING (389773.416503 6673993.656777, 389775.312780 6673999.684191)

LINESTRING (389775.312780 6673999.684191, 389766.414671 6674002.370344)

LINESTRING (389775.312780 6673999.684191, 389773.416503 6673993.656777)

LINESTRING (389775.312780 6673999.684191, 389778.700315 6673998.657252, 389784.364782 6673994.920680, 389792.713787 6673986.344891)

LINESTRING (389801.327897 6674022.704068, 389802.184958 6674026.656602)

LINESTRING (389802.184958 6674026.656602, 389818.444620 6674021.676196)

LINESTRING (389802.184958 6674026.656602, 389801.327897 6674022.704068)

LINESTRING (389802.184958 6674026.656602, 389797.450469 6674028.102960, 389796.970780 6674030.602468)

LINESTRING (389817.582549 6674017.556653, 389818.444620 6674021.676196)

LINESTRING (389818.444620 6674021.676196, 389834.742465 6674016.672427)

LINESTRING (389818.444620 6674021.676196, 389802.184958 6674026.656602)

LINESTRING (389818.444620 6674021.676196, 389817.582549 6674017.556653)

LINESTRING (389833.831700 6674012.409478, 389834.742465 6674016.672427)

LINESTRING (389834.742465 6674016.672427, 389842.078036 6674014.434639)

LINESTRING (389834.742465 6674016.672427, 389818.444620 6674021.676196)

LINESTRING (389834.742465 6674016.672427, 389833.831700 6674012.409478)

LINESTRING (389850.086774 6674007.273342, 389851.024388 6674011.691500)

LINESTRING (389851.024388 6674011.691500, 389842.078036 6674014.434639)

LINESTRING (389851.024388 6674011.691500, 389850.086774 6674007.273342)

LINESTRING (389851.024388 6674011.691500, 389855.555450 6674010.307053, 389857.139373 6674007.618315, 389862.001854 6674003.415670, 389867.935297 6673996.996627, 389910.242235 6673938.991014, 389916.194529 6673935.591455)

LINESTRING (389879.017624 6674032.601926, 389880.274577 6674037.121921)

LINESTRING (389880.274577 6674037.121921, 389900.192971 6674031.274037)

LINESTRING (389880.274577 6674037.121921, 389879.017624 6674032.601926)

LINESTRING (389880.274577 6674037.121921, 389865.736074 6674041.392783, 389858.121773 6674051.517571)

LINESTRING (389899.025383 6674027.141381, 389900.192971 6674031.274037)

LINESTRING (389900.192971 6674031.274037, 389920.144356 6674025.414128)

LINESTRING (389900.192971 6674031.274037, 389880.274577 6674037.121921)

LINESTRING (389900.192971 6674031.274037, 389899.025383 6674027.141381)

LINESTRING (389919.027654 6674021.681112, 389920.144356 6674025.414128)

LINESTRING (389920.144356 6674025.414128, 389900.192971 6674031.274037)

LINESTRING (389920.144356 6674025.414128, 389919.027654 6674021.681112)

LINESTRING (389920.144356 6674025.414128, 389923.846257 6674024.322152, 389928.198813 6674032.872272)

LINESTRING (389577.372627 6674009.360775, 389577.160823 6674016.688656)

LINESTRING (389577.160823 6674016.688656, 389591.893271 6674017.013189)

LINESTRING (389577.160823 6674016.688656, 389577.372627 6674009.360775)

LINESTRING (389577.160823 6674016.688656, 389569.603147 6674016.526616, 389568.303220 6674018.137111)

LINESTRING (389592.020088 6674009.810455, 389591.893271 6674017.013189)

LINESTRING (389591.893271 6674017.013189, 389577.160823 6674016.688656)

LINESTRING (389591.893271 6674017.013189, 389592.020088 6674009.810455)

LINESTRING (389591.893271 6674017.013189, 389604.715422 6674017.295097, 389609.319687 6674014.292281, 389609.487311 6674009.361658)

LINESTRING (389767.395293 6674046.358823, 389767.676612 6674040.221261)

LINESTRING (389767.676612 6674040.221261, 389767.395293 6674046.358823)

LINESTRING (389767.676612 6674040.221261, 389754.993810 6674040.692368, 389736.991291 6674041.234608)

LINESTRING (389767.676612 6674040.221261, 389770.143179 6674040.124695, 389787.137092 6674040.181320, 389791.034050 6674040.777191)

LINESTRING (389789.568827 6674050.170953, 389791.034050 6674040.777191)

LINESTRING (389791.034050 6674040.777191, 389789.568827 6674050.170953)

LINESTRING (389791.034050 6674040.777191, 389787.137092 6674040.181320, 389770.143179 6674040.124695, 389767.676612 6674040.221261)

LINESTRING (389791.034050 6674040.777191, 389798.248667 6674041.897237, 389809.403313 6674044.859995, 389813.032399 6674046.143725)

LINESTRING (389811.742310 6674053.983216, 389813.032399 6674046.143725)

LINESTRING (389813.032399 6674046.143725, 389811.742310 6674053.983216)

LINESTRING (389813.032399 6674046.143725, 389809.403313 6674044.859995, 389798.248667 6674041.897237, 389791.034050 6674040.777191)

LINESTRING (389813.032399 6674046.143725, 389832.337867 6674052.939833, 389833.417793 6674053.419946)

LINESTRING (390060.321732 6673736.779099, 390030.692309 6673749.191673, 390026.620022 6673750.896418)

LINESTRING (389847.580772 6673353.097213, 389845.652397 6673365.747697)

LINESTRING (389847.580772 6673353.097213, 389850.136652 6673338.611416, 389852.645810 6673324.416766)

LINESTRING (389847.580772 6673353.097213, 389841.670603 6673349.441565, 389826.093179 6673332.927149)

LINESTRING (389900.936628 6673388.712587, 389898.614182 6673379.588814, 389896.767057 6673376.858417, 389887.109463 6673373.538269, 389845.652397 6673365.747697)

LINESTRING (389902.079724 6673319.854284, 389852.645810 6673324.416766)

LINESTRING (389902.079724 6673319.854284, 389918.048751 6673287.558677)

LINESTRING (389902.079724 6673319.854284, 389908.114594 6673318.981908, 389916.663075 6673306.823337, 389926.170827 6673299.984958, 389938.600235 6673297.092823)

LINESTRING (389852.645810 6673324.416766, 389902.079724 6673319.854284)

LINESTRING (389852.645810 6673324.416766, 389850.136652 6673338.611416, 389847.580772 6673353.097213)

LINESTRING (389918.048751 6673287.558677, 389902.079724 6673319.854284)

LINESTRING (389938.600235 6673297.092823, 389926.170827 6673299.984958, 389916.663075 6673306.823337, 389908.114594 6673318.981908, 389902.079724 6673319.854284)

LINESTRING (389639.735459 6673817.489199, 389633.514648 6673817.687886)

LINESTRING (389633.514648 6673817.687886, 389633.142011 6673801.830332)

LINESTRING (389633.514648 6673817.687886, 389639.735459 6673817.489199)

LINESTRING (389633.514648 6673817.687886, 389634.098171 6673842.933317, 389640.605409 6673842.848576)

LINESTRING (389640.605409 6673842.848576, 389634.098171 6673842.933317, 389633.514648 6673817.687886)

LINESTRING (389994.475072 6674113.198972, 389992.124345 6674109.023841)

LINESTRING (389994.475072 6674113.198972, 389998.855316 6674116.031578, 390000.695578 6674119.285975)

LINESTRING (389992.124345 6674109.023841, 389994.475072 6674113.198972)

LINESTRING (389992.124345 6674109.023841, 389983.180784 6674090.437372)

LINESTRING (389992.124345 6674109.023841, 389984.225580 6674112.459501, 389955.587390 6674124.876460)

LINESTRING (389149.353547 6674001.502965, 389150.518739 6674000.030120)

LINESTRING (389149.353547 6674001.502965, 389143.978114 6673999.737861, 389139.100407 6674000.297906, 389134.535328 6674002.018595, 389129.040932 6674004.937545, 389115.785311 6674009.038828)

LINESTRING (389149.353547 6674001.502965, 389150.544212 6674002.703878, 389151.993551 6674004.933339, 389154.330217 6674009.342418, 389155.684775 6674034.832016)

LINESTRING (389169.228160 6673959.223080, 389176.070223 6673948.206375)

LINESTRING (389176.070223 6673948.206375, 389169.228160 6673959.223080)

LINESTRING (389176.070223 6673948.206375, 389238.222828 6673984.247805, 389295.601719 6674010.750599, 389333.180672 6674025.182256, 389362.449454 6674035.129316, 389395.042973 6674044.184928, 389428.046574 6674052.125196, 389469.782181 6674060.348122, 389533.441489 6674068.701036, 389589.476421 6674074.688502, 389618.353100 6674077.194175, 389658.151621 6674080.462916, 389690.161333 6674084.000233, 389723.535814 6674088.633378, 389743.704179 6674091.837004, 389783.916988 6674100.399070, 389816.000353 6674109.529441, 389851.772736 6674121.390742)

LINESTRING (389261.208176 6673883.692253, 389253.159200 6673875.923316, 389248.616763 6673875.280671, 389236.955475 6673873.950770)

LINESTRING (389264.567509 6673951.813336, 389287.253220 6673974.718691, 389294.067859 6673977.097965, 389299.894753 6673971.405538)

LINESTRING (389811.334435 6674513.220325, 389815.083559 6674513.898660, 389821.232116 6674518.527676)

LINESTRING (389718.372616 6674036.613631, 389717.585746 6674031.678344)

LINESTRING (389718.372616 6674036.613631, 389728.756534 6674036.278514)

LINESTRING (389718.372616 6674036.613631, 389711.597742 6674036.828893)

LINESTRING (389717.585746 6674031.678344, 389723.710596 6674031.438101)

LINESTRING (389717.585746 6674031.678344, 389710.441402 6674031.971602)

LINESTRING (389717.585746 6674031.678344, 389718.372616 6674036.613631)

LINESTRING (389717.585746 6674031.678344, 389709.426588 6674006.025964, 389706.387988 6673998.004827, 389701.116737 6673988.267956, 389695.833417 6673980.893942)

LINESTRING (389728.756534 6674036.278514, 389718.372616 6674036.613631)

LINESTRING (389728.756534 6674036.278514, 389728.732118 6674031.231106)

LINESTRING (389728.756534 6674036.278514, 389732.365579 6674036.158650, 389736.585687 6674035.875513)

LINESTRING (389456.551393 6673807.626573, 389456.247230 6673804.537772, 389457.369576 6673801.639916, 389459.676321 6673799.553227, 389462.676008 6673798.727158)

LINESTRING (389456.551393 6673807.626573, 389447.087963 6673800.791440, 389435.984938 6673794.061568)

LINESTRING (389462.676008 6673798.727158, 389463.926597 6673798.789691)

LINESTRING (389459.321109 6673811.131252, 389458.776715 6673810.746513)

LINESTRING (389458.776715 6673810.746513, 389455.621840 6673815.254737)

LINESTRING (389458.776715 6673810.746513, 389457.435883 6673809.349446, 389456.551393 6673807.626573)

LINESTRING (389463.926597 6673798.789691, 389478.523858 6673800.120830)

LINESTRING (389463.926597 6673798.789691, 389466.299246 6673799.620701, 389468.202617 6673801.268237, 389469.374257 6673803.495059, 389469.643958 6673805.994278, 389468.973242 6673808.410453)

LINESTRING (389468.257820 6673809.713595, 389466.633740 6673811.066461, 389464.265657 6673812.040614, 389461.707867 6673812.062127, 389459.321109 6673811.131252)

LINESTRING (389468.257820 6673809.713595, 389468.651912 6673817.067769, 389468.509293 6673819.880321)

LINESTRING (389828.775575 6673780.603661, 389830.863071 6673776.941395)

LINESTRING (389828.775575 6673780.603661, 389858.607194 6673796.889721, 389865.524783 6673798.821206)

LINESTRING (389828.775575 6673780.603661, 389820.631725 6673776.469248, 389812.563196 6673773.547259, 389804.342267 6673772.568895, 389796.154361 6673772.503345, 389788.595149 6673773.042939, 389719.807848 6673795.964527)

LINESTRING (389697.071284 6673799.858946, 389715.372065 6673811.019708)

LINESTRING (389697.071284 6673799.858946, 389693.851246 6673794.662664)

LINESTRING (389697.071284 6673799.858946, 389688.202397 6673800.583081)

LINESTRING (389697.071284 6673799.858946, 389707.550510 6673798.796577, 389719.807848 6673795.964527)

LINESTRING (389715.159988 6673817.612084, 389685.094333 6673818.072220)

LINESTRING (389715.159988 6673817.612084, 389715.994499 6673848.444132, 389741.798010 6673873.420179, 389743.902851 6673877.524564, 389745.522873 6673925.784145, 389745.907365 6673943.524639, 389726.666937 6673944.070765, 389721.944055 6673940.747319, 389718.032973 6673935.081511)

LINESTRING (389715.159988 6673817.612084, 389715.239552 6673816.016123, 389715.372065 6673811.019708)

LINESTRING (389685.094333 6673818.072220, 389715.159988 6673817.612084)

LINESTRING (389685.094333 6673818.072220, 389680.390420 6673818.147110)

LINESTRING (389685.094333 6673818.072220, 389685.853946 6673853.408627, 389686.649055 6673856.036893)

LINESTRING (389685.094333 6673818.072220, 389684.833644 6673805.922184, 389686.144405 6673801.904346)

LINESTRING (389868.419557 6673828.632889, 389870.168154 6673833.628418)

LINESTRING (389870.168154 6673833.628418, 389886.842091 6673828.736186)

LINESTRING (389870.168154 6673833.628418, 389868.419557 6673828.632889)

LINESTRING (389870.168154 6673833.628418, 389860.464072 6673836.472296, 389854.448830 6673837.968247)

LINESTRING (389916.328275 6673814.733150, 389917.725822 6673819.683536)

LINESTRING (389917.725822 6673819.683536, 389904.550433 6673823.545472)

LINESTRING (389917.725822 6673819.683536, 389916.328275 6673814.733150)

LINESTRING (389917.725822 6673819.683536, 389919.629218 6673819.124830, 389935.750518 6673816.890518)

LINESTRING (389902.597326 6673817.653433, 389904.550433 6673823.545472)

LINESTRING (389904.550433 6673823.545472, 389886.842091 6673828.736186)

LINESTRING (389904.550433 6673823.545472, 389917.725822 6673819.683536)

LINESTRING (389904.550433 6673823.545472, 389902.597326 6673817.653433)

LINESTRING (389885.244784 6673823.234629, 389886.842091 6673828.736186)

LINESTRING (389886.842091 6673828.736186, 389870.168154 6673833.628418)

LINESTRING (389886.842091 6673828.736186, 389904.550433 6673823.545472)

LINESTRING (389886.842091 6673828.736186, 389885.244784 6673823.234629)

LINESTRING (389680.390420 6673818.147110, 389680.049930 6673801.876270)

LINESTRING (389680.390420 6673818.147110, 389685.094333 6673818.072220)

LINESTRING (389680.390420 6673818.147110, 389681.364415 6673854.702876, 389681.912225 6673856.859410)

LINESTRING (389801.116172 6673844.966927, 389737.812302 6673829.533362)

LINESTRING (389801.116172 6673844.966927, 389821.445940 6673843.719799, 389843.688811 6673849.614103, 389858.770782 6673852.313986)

LINESTRING (389801.116172 6673844.966927, 389799.526511 6673853.918671, 389796.795304 6673856.842559, 389793.271231 6673866.242574)

LINESTRING (389744.537328 6673850.314583, 389742.992102 6673846.917690, 389740.842580 6673839.672099, 389737.812302 6673829.533362)

LINESTRING (389744.537328 6673850.314583, 389745.767559 6673853.018905, 389748.517189 6673858.262828, 389752.935252 6673863.255917, 389760.402438 6673871.645195, 389764.982968 6673878.717295, 389772.456336 6673893.948701)

LINESTRING (389744.537328 6673850.314583, 389786.288567 6673861.594103, 389793.271231 6673866.242574)

LINESTRING (389772.456336 6673893.948701, 389764.982968 6673878.717295, 389760.402438 6673871.645195, 389752.935252 6673863.255917, 389748.517189 6673858.262828, 389745.767559 6673853.018905, 389744.537328 6673850.314583)

LINESTRING (389772.456336 6673893.948701, 389779.390285 6673904.906000, 389783.121344 6673910.677585)

LINESTRING (389772.456336 6673893.948701, 389782.137020 6673891.071854, 389787.559169 6673887.944354, 389790.322250 6673874.098580, 389793.271231 6673866.242574)

LINESTRING (389793.271231 6673866.242574, 389796.795304 6673856.842559, 389799.526511 6673853.918671, 389801.116172 6673844.966927)

LINESTRING (389793.271231 6673866.242574, 389790.322250 6673874.098580, 389787.559169 6673887.944354, 389782.137020 6673891.071854, 389772.456336 6673893.948701)

LINESTRING (389793.271231 6673866.242574, 389786.288567 6673861.594103, 389744.537328 6673850.314583)

LINESTRING (389793.271231 6673866.242574, 389805.349876 6673874.994583, 389817.872792 6673878.595971)

LINESTRING (389858.770782 6673852.313986, 389862.717676 6673859.728435)

LINESTRING (389858.770782 6673852.313986, 389854.448830 6673837.968247)

LINESTRING (389858.770782 6673852.313986, 389843.688811 6673849.614103, 389821.445940 6673843.719799, 389801.116172 6673844.966927)

LINESTRING (389817.872792 6673878.595971, 389813.169669 6673884.409722, 389811.190839 6673889.651149, 389810.896746 6673896.658303, 389810.626865 6673911.844272)

LINESTRING (389817.872792 6673878.595971, 389822.648104 6673871.676818, 389828.707744 6673865.019901, 389832.347098 6673862.213577, 389835.887281 6673861.828443, 389842.606313 6673863.988731, 389850.541870 6673865.265499, 389854.975938 6673866.369042)

LINESTRING (389817.872792 6673878.595971, 389829.904394 6673886.157087, 389832.876859 6673889.221323, 389836.501959 6673893.502880, 389840.761273 6673896.361239, 389846.721555 6673897.652862, 389852.292357 6673897.251215, 389856.690713 6673895.324723, 389861.643740 6673891.175078, 389864.151685 6673886.363513)

LINESTRING (389817.872792 6673878.595971, 389805.349876 6673874.994583, 389793.271231 6673866.242574)

LINESTRING (389810.626865 6673911.844272, 389805.631991 6673912.941849)

LINESTRING (389810.626865 6673911.844272, 389820.189323 6673912.046770, 389830.072143 6673912.752265, 389840.610556 6673913.482634, 389844.392271 6673913.379976)

LINESTRING (389810.626865 6673911.844272, 389810.896746 6673896.658303, 389811.190839 6673889.651149, 389813.169669 6673884.409722, 389817.872792 6673878.595971)

LINESTRING (389854.975938 6673866.369042, 389862.717676 6673859.728435)

LINESTRING (389854.975938 6673866.369042, 389850.541870 6673865.265499, 389842.606313 6673863.988731, 389835.887281 6673861.828443, 389832.347098 6673862.213577, 389828.707744 6673865.019901, 389822.648104 6673871.676818, 389817.872792 6673878.595971)

LINESTRING (389854.975938 6673866.369042, 389857.734305 6673868.035622, 389860.591997 6673871.159051, 389862.731196 6673874.749851, 389864.245201 6673880.064461, 389864.151685 6673886.363513)

LINESTRING (389864.151685 6673886.363513, 389873.504734 6673886.059839)

LINESTRING (389864.151685 6673886.363513, 389861.643740 6673891.175078, 389856.690713 6673895.324723, 389852.292357 6673897.251215, 389846.721555 6673897.652862, 389840.761273 6673896.361239, 389836.501959 6673893.502880, 389832.876859 6673889.221323, 389829.904394 6673886.157087, 389817.872792 6673878.595971)

LINESTRING (389864.151685 6673886.363513, 389864.245201 6673880.064461, 389862.731196 6673874.749851, 389860.591997 6673871.159051, 389857.734305 6673868.035622, 389854.975938 6673866.369042)

LINESTRING (389862.717676 6673859.728435, 389858.770782 6673852.313986)

LINESTRING (389862.717676 6673859.728435, 389854.975938 6673866.369042)

LINESTRING (389862.717676 6673859.728435, 389867.176078 6673868.097009, 389870.381518 6673873.371878, 389872.249032 6673880.291704, 389873.504734 6673886.059839)

LINESTRING (389854.448830 6673837.968247, 389858.770782 6673852.313986)

LINESTRING (389854.448830 6673837.968247, 389860.464072 6673836.472296, 389870.168154 6673833.628418)

LINESTRING (389854.448830 6673837.968247, 389847.251011 6673814.548854, 389853.215068 6673805.632672)

LINESTRING (389893.997716 6673870.689024, 389895.007088 6673873.065721, 389895.460961 6673874.133016)

LINESTRING (389895.460961 6673874.133016, 389886.824364 6673875.562892)

LINESTRING (389895.460961 6673874.133016, 389923.370237 6673869.527082)

LINESTRING (389895.460961 6673874.133016, 389895.007088 6673873.065721, 389893.997716 6673870.689024)

LINESTRING (389920.591196 6673862.188892, 389923.370237 6673869.527082)

LINESTRING (389923.370237 6673869.527082, 389895.460961 6673874.133016)

LINESTRING (389923.370237 6673869.527082, 389937.954307 6673867.116120)

LINESTRING (389923.370237 6673869.527082, 389920.591196 6673862.188892)

LINESTRING (389829.124156 6674576.650188, 389838.609132 6674581.156505)

LINESTRING (389838.609132 6674581.156505, 389829.124156 6674576.650188)

LINESTRING (389838.609132 6674581.156505, 389837.810659 6674586.150675, 389839.568839 6674589.998083)

LINESTRING (389838.609132 6674581.156505, 389846.098544 6674581.856010, 389853.407012 6674578.571496)

LINESTRING (389366.805511 6674273.063745, 389358.929795 6674272.644321, 389347.774737 6674269.660670, 389336.053401 6674267.953429, 389323.051829 6674268.134818, 389293.159916 6674270.186637, 389285.423503 6674270.520939, 389275.962872 6674268.154883, 389267.295296 6674262.655719, 389252.636327 6674247.308373, 389239.083046 6674234.212115, 389230.779865 6674228.289683)

LINESTRING (389366.805511 6674273.063745, 389376.110680 6674272.125008, 389395.890318 6674274.602948, 389418.662639 6674280.812916, 389430.536712 6674286.293567, 389441.018171 6674290.679649, 389450.189498 6674293.210877)

LINESTRING (389366.805511 6674273.063745, 389370.020621 6674278.460485, 389375.135419 6674282.819151, 389380.914025 6674288.394729, 389393.105870 6674295.024617, 389405.340202 6674297.920071, 389417.903812 6674301.429672, 389421.549970 6674303.648577, 389424.402305 6674305.122543, 389428.918961 6674305.298121, 389433.568140 6674304.533618, 389441.855412 6674300.394079, 389447.328037 6674296.027547, 389450.189498 6674293.210877)

LINESTRING (389743.293596 6674226.321671, 389754.072920 6674232.315518)

LINESTRING (389754.072920 6674232.315518, 389745.414905 6674248.110776)

LINESTRING (389754.072920 6674232.315518, 389763.130903 6674215.795035)

LINESTRING (389754.072920 6674232.315518, 389743.293596 6674226.321671)

LINESTRING (389752.479398 6674209.808454, 389763.130903 6674215.795035)

LINESTRING (389763.130903 6674215.795035, 389754.072920 6674232.315518)

LINESTRING (389763.130903 6674215.795035, 389752.479398 6674209.808454)

LINESTRING (389763.130903 6674215.795035, 389766.271393 6674210.072832, 389770.275862 6674202.820200, 389770.786264 6674200.052309, 389770.823188 6674195.381944, 389769.646354 6674189.656039)

LINESTRING (389734.439537 6674242.423743, 389745.414905 6674248.110776)

LINESTRING (389745.414905 6674248.110776, 389754.072920 6674232.315518)

LINESTRING (389745.414905 6674248.110776, 389734.439537 6674242.423743)

LINESTRING (389745.414905 6674248.110776, 389740.223326 6674257.583387, 389734.393106 6674262.617723, 389713.477291 6674264.964036)

LINESTRING (389801.379353 6673962.659751, 389807.532183 6673967.032341)

LINESTRING (389807.532183 6673967.032341, 389820.726904 6673949.451442)

LINESTRING (389807.532183 6673967.032341, 389801.379353 6673962.659751)

LINESTRING (389807.532183 6673967.032341, 389794.151247 6673984.875208, 389792.713787 6673986.344891)

LINESTRING (389815.483662 6673943.402169, 389818.943860 6673946.262266, 389820.726904 6673949.451442)

LINESTRING (389820.726904 6673949.451442, 389807.532183 6673967.032341)

LINESTRING (389820.726904 6673949.451442, 389828.233069 6673938.126307)

LINESTRING (389820.726904 6673949.451442, 389818.943860 6673946.262266, 389815.483662 6673943.402169)

LINESTRING (389864.050981 6673954.399358, 389868.373353 6673957.512155)

LINESTRING (389868.373353 6673957.512155, 389858.501836 6673970.457361)

LINESTRING (389868.373353 6673957.512155, 389878.466238 6673944.359731)

LINESTRING (389868.373353 6673957.512155, 389864.050981 6673954.399358)

LINESTRING (389873.550598 6673941.264770, 389878.466238 6673944.359731)

LINESTRING (389878.466238 6673944.359731, 389868.373353 6673957.512155)

LINESTRING (389878.466238 6673944.359731, 389873.550598 6673941.264770)

LINESTRING (389878.466238 6673944.359731, 389883.331061 6673938.017442, 389912.156303 6673935.467734, 389916.194529 6673935.591455)

LINESTRING (389854.556644 6673967.522671, 389858.501836 6673970.457361)

LINESTRING (389858.501836 6673970.457361, 389856.670772 6673972.863795)

LINESTRING (389858.501836 6673970.457361, 389868.373353 6673957.512155)

LINESTRING (389858.501836 6673970.457361, 389854.556644 6673967.522671)

LINESTRING (389918.508923 6673955.714385, 389923.119411 6673958.629136)

LINESTRING (389923.119411 6673958.629136, 389933.505503 6673943.963645)

LINESTRING (389923.119411 6673958.629136, 389915.538813 6673969.332254)

LINESTRING (389923.119411 6673958.629136, 389918.508923 6673955.714385)

LINESTRING (389903.273029 6673977.033755, 389907.889196 6673980.137760)

LINESTRING (389907.889196 6673980.137760, 389915.538813 6673969.332254)

LINESTRING (389907.889196 6673980.137760, 389903.364278 6673986.525513)

LINESTRING (389907.889196 6673980.137760, 389903.273029 6673977.033755)

LINESTRING (389910.893725 6673966.373978, 389915.538813 6673969.332254)

LINESTRING (389915.538813 6673969.332254, 389923.119411 6673958.629136)

LINESTRING (389915.538813 6673969.332254, 389907.889196 6673980.137760)

LINESTRING (389915.538813 6673969.332254, 389910.893725 6673966.373978)

LINESTRING (388849.840635 6673313.444925, 388843.433608 6673317.595513)

LINESTRING (388849.840635 6673313.444925, 388847.094449 6673310.564015, 388845.618048 6673306.909061, 388845.057761 6673300.886078)

LINESTRING (388849.840635 6673313.444925, 388857.020896 6673311.544232, 388864.561249 6673311.449079, 388877.092169 6673312.105132, 388897.696259 6673308.092122, 388905.010853 6673306.410326)

LINESTRING (388843.433608 6673317.595513, 388849.840635 6673313.444925)

LINESTRING (388843.433608 6673317.595513, 388843.499803 6673324.346706, 388842.368414 6673334.432851, 388843.158433 6673340.526868, 388840.803849 6673347.619009, 388840.236351 6673351.414020, 388840.048308 6673355.275518)

LINESTRING (388843.433608 6673317.595513, 388841.561249 6673319.546819, 388825.088135 6673348.096169, 388811.525305 6673357.322846, 388796.502883 6673363.629628, 388766.064393 6673368.944936, 388745.108258 6673370.673758, 388733.331386 6673369.438052, 388731.977354 6673368.899717)

LINESTRING (388845.057761 6673300.886078, 388845.618048 6673306.909061, 388847.094449 6673310.564015, 388849.840635 6673313.444925)

LINESTRING (389082.769300 6673323.308861, 389068.691080 6673305.470562, 389054.482386 6673301.465811)

LINESTRING (389311.828473 6674160.501362, 389320.690571 6674165.638152)

LINESTRING (389320.690571 6674165.638152, 389311.550718 6674181.961688)

LINESTRING (389320.690571 6674165.638152, 389327.214410 6674154.007295)

LINESTRING (389320.690571 6674165.638152, 389311.828473 6674160.501362)

LINESTRING (389303.134714 6674177.078882, 389311.550718 6674181.961688)

LINESTRING (389311.550718 6674181.961688, 389320.690571 6674165.638152)

LINESTRING (389311.550718 6674181.961688, 389303.134714 6674177.078882)

LINESTRING (389311.550718 6674181.961688, 389302.737178 6674197.695901, 389294.097639 6674193.677955)

LINESTRING (389294.097639 6674193.677955, 389302.737178 6674197.695901, 389311.550718 6674181.961688)

LINESTRING (389120.656650 6673812.224138, 389093.370023 6673824.005144)

LINESTRING (389120.615302 6673805.728512, 389120.150596 6673796.615754)

LINESTRING (389115.702713 6673839.041483, 389097.665508 6673827.117878, 389093.370023 6673824.005144)

LINESTRING (389115.702713 6673839.041483, 389112.418735 6673845.136362, 389110.090946 6673849.452691)

LINESTRING (389115.702713 6673839.041483, 389118.724889 6673845.190512, 389122.152287 6673847.861524, 389130.243860 6673851.527951)

LINESTRING (389130.243860 6673851.527951, 389122.152287 6673847.861524, 389118.724889 6673845.190512, 389115.702713 6673839.041483)

LINESTRING (389509.033474 6674751.284621, 389506.794537 6674753.759292, 389503.037261 6674756.848146, 389496.580755 6674760.029653, 389495.197668 6674761.999303, 389491.888217 6674764.116275)

LINESTRING (389509.033474 6674751.284621, 389512.968862 6674750.786912, 389517.612298 6674751.504798, 389526.838497 6674750.747082, 389529.864475 6674752.104435, 389533.614251 6674751.890947, 389540.340430 6674751.208731, 389544.350575 6674751.165697)

LINESTRING (389509.033474 6674751.284621, 389504.369529 6674749.887591, 389499.414811 6674748.599641, 389494.653768 6674747.294705, 389491.400711 6674747.972418, 389487.153872 6674747.710630)

LINESTRING (389491.888217 6674764.116275, 389495.197668 6674761.999303, 389496.580755 6674760.029653, 389503.037261 6674756.848146, 389506.794537 6674753.759292, 389509.033474 6674751.284621)

LINESTRING (389544.350575 6674751.165697, 389551.598647 6674747.737509)

LINESTRING (389544.350575 6674751.165697, 389540.340430 6674751.208731, 389533.614251 6674751.890947, 389529.864475 6674752.104435, 389526.838497 6674750.747082, 389517.612298 6674751.504798, 389512.968862 6674750.786912, 389509.033474 6674751.284621)

LINESTRING (389487.153872 6674747.710630, 389491.400711 6674747.972418, 389494.653768 6674747.294705, 389499.414811 6674748.599641, 389504.369529 6674749.887591, 389509.033474 6674751.284621)

LINESTRING (389456.840851 6674733.671122, 389460.435144 6674729.595340, 389465.097094 6674724.495512, 389471.280631 6674719.806632, 389474.212484 6674717.311012, 389486.641605 6674715.130347, 389498.879485 6674716.722119, 389514.226879 6674721.518628, 389522.030264 6674725.640287, 389527.367842 6674728.031095, 389532.747253 6674731.624182, 389534.471753 6674733.979197, 389540.958817 6674739.344163, 389544.303285 6674740.591620, 389548.021687 6674743.933980, 389551.598647 6674747.737509)

LINESTRING (389456.840851 6674733.671122, 389452.621136 6674731.369229, 389449.607692 6674729.510086, 389446.921849 6674728.944879, 389442.048700 6674722.461506, 389439.781145 6674717.927600, 389433.503269 6674710.127125, 389429.090405 6674705.290295, 389427.985040 6674703.964142, 389428.351005 6674702.303794)

LINESTRING (389729.111512 6674185.293940, 389714.324403 6674183.499547)

LINESTRING (389729.111512 6674185.293940, 389729.662568 6674178.903081)

LINESTRING (389729.111512 6674185.293940, 389759.924882 6674188.756431, 389769.646354 6674189.656039)

LINESTRING (389729.111512 6674185.293940, 389725.347947 6674193.910050, 389713.441797 6674216.456098)

LINESTRING (389657.605852 6674170.231655, 389656.768811 6674176.519713)

LINESTRING (389657.605852 6674170.231655, 389596.354805 6674163.275010)

LINESTRING (389657.605852 6674170.231655, 389680.181876 6674172.872008, 389729.662568 6674178.903081)

LINESTRING (389714.324403 6674183.499547, 389729.111512 6674185.293940)

LINESTRING (389714.324403 6674183.499547, 389656.768811 6674176.519713)

LINESTRING (389714.324403 6674183.499547, 389713.581151 6674187.009954, 389711.679318 6674191.112461, 389707.067392 6674199.564710, 389706.205126 6674201.150826, 389701.451253 6674209.863668)

LINESTRING (389713.441797 6674216.456098, 389703.037526 6674236.170981)

LINESTRING (389713.441797 6674216.456098, 389725.347947 6674193.910050, 389729.111512 6674185.293940)

LINESTRING (389713.441797 6674216.456098, 389705.147053 6674211.891911, 389703.160974 6674210.803946, 389701.451253 6674209.863668)

LINESTRING (389703.037526 6674236.170981, 389675.299792 6674222.620273)

LINESTRING (389703.037526 6674236.170981, 389713.441797 6674216.456098)

LINESTRING (389703.037526 6674236.170981, 389699.371398 6674247.648147, 389697.574236 6674252.828459)

LINESTRING (389675.299792 6674222.620273, 389703.037526 6674236.170981)

LINESTRING (389697.574236 6674252.828459, 389689.773765 6674253.431286)

LINESTRING (389697.574236 6674252.828459, 389698.451109 6674266.642649)

LINESTRING (389697.574236 6674252.828459, 389699.371398 6674247.648147, 389703.037526 6674236.170981)

LINESTRING (389689.773765 6674253.431286, 389697.574236 6674252.828459)

LINESTRING (389656.768811 6674176.519713, 389714.324403 6674183.499547)

LINESTRING (389656.768811 6674176.519713, 389595.317098 6674169.714008)

LINESTRING (389656.768811 6674176.519713, 389657.605852 6674170.231655)

LINESTRING (389656.768811 6674176.519713, 389654.887814 6674187.385920, 389651.597514 6674196.233010, 389646.686035 6674203.947735, 389635.908641 6674216.062841)

LINESTRING (389635.908641 6674216.062841, 389646.686035 6674203.947735, 389651.597514 6674196.233010, 389654.887814 6674187.385920, 389656.768811 6674176.519713)

LINESTRING (389133.730540 6674417.709709, 389138.445748 6674402.277473)

LINESTRING (389133.730540 6674417.709709, 389161.479153 6674428.659490, 389173.764051 6674430.482817)

LINESTRING (389133.730540 6674417.709709, 389128.946059 6674420.596038, 389121.280929 6674417.228770, 389120.164654 6674413.351084, 389128.830872 6674397.743420)

LINESTRING (389157.459945 6674393.053927, 389138.445748 6674402.277473)

LINESTRING (389157.459945 6674393.053927, 389175.417983 6674384.865413)

LINESTRING (389157.459945 6674393.053927, 389154.614473 6674388.693694, 389150.853924 6674384.350034, 389144.502446 6674380.753484)

LINESTRING (389157.459945 6674393.053927, 389169.773171 6674414.133012, 389173.764051 6674430.482817)

LINESTRING (389138.445748 6674402.277473, 389157.459945 6674393.053927)

LINESTRING (389138.445748 6674402.277473, 389133.730540 6674417.709709)

LINESTRING (389138.445748 6674402.277473, 389135.888266 6674396.983588)

LINESTRING (389135.888266 6674396.983588, 389144.502446 6674380.753484)

LINESTRING (389135.888266 6674396.983588, 389138.445748 6674402.277473)

LINESTRING (389135.888266 6674396.983588, 389128.830872 6674397.743420)

LINESTRING (389128.830872 6674397.743420, 389127.036075 6674376.412675)

LINESTRING (389128.830872 6674397.743420, 389135.888266 6674396.983588)

LINESTRING (389128.830872 6674397.743420, 389120.164654 6674413.351084, 389121.280929 6674417.228770, 389128.946059 6674420.596038, 389133.730540 6674417.709709)

LINESTRING (389428.543010 6674148.838753, 389450.503309 6674151.474016)

LINESTRING (389428.543010 6674148.838753, 389399.986383 6674145.344263)

LINESTRING (389428.543010 6674148.838753, 389429.081152 6674143.506883)

LINESTRING (389399.986383 6674145.344263, 389428.543010 6674148.838753)

LINESTRING (389399.986383 6674145.344263, 389343.101261 6674138.382479)

LINESTRING (389399.986383 6674145.344263, 389386.965238 6674175.190924, 389375.431501 6674193.837692, 389362.459913 6674186.941678)

LINESTRING (389164.780046 6673741.550821, 389171.942089 6673746.772199)

LINESTRING (389164.780046 6673741.550821, 389161.082554 6673745.908581)

LINESTRING (389397.117302 6673577.028163, 389391.839724 6673564.004446)

LINESTRING (389397.117302 6673577.028163, 389408.111929 6673574.266671, 389422.358358 6673572.588241)

LINESTRING (389397.117302 6673577.028163, 389386.974459 6673580.243139, 389313.888334 6673611.381466, 389272.051313 6673633.385297)

LINESTRING (389397.117302 6673577.028163, 389397.484141 6673577.964307, 389399.039715 6673581.873375)

LINESTRING (389179.053339 6673755.449727, 389171.508391 6673753.895116, 389170.984787 6673753.465213, 389168.651758 6673751.563380)

LINESTRING (389179.053339 6673755.449727, 389185.427542 6673759.580592, 389193.709414 6673764.946415, 389202.902473 6673770.529843, 389209.772406 6673773.988257, 389225.956389 6673782.079277)

LINESTRING (389225.956389 6673782.079277, 389209.772406 6673773.988257, 389202.902473 6673770.529843, 389193.709414 6673764.946415, 389185.427542 6673759.580592, 389179.053339 6673755.449727)

LINESTRING (389225.956389 6673782.079277, 389231.497256 6673781.599590, 389235.001495 6673783.142852)

LINESTRING (389935.750518 6673816.890518, 389941.943048 6673814.274996)

LINESTRING (389935.750518 6673816.890518, 389919.629218 6673819.124830, 389917.725822 6673819.683536)

LINESTRING (389935.750518 6673816.890518, 389925.726177 6673792.475027, 389922.484706 6673789.507956)

LINESTRING (389935.750518 6673816.890518, 389937.723071 6673822.692838, 389938.742502 6673827.988913, 389939.329549 6673833.855177, 389939.168169 6673840.301131, 389939.139021 6673840.992921)

LINESTRING (389445.449688 6673570.475608, 389439.338337 6673569.902378)

LINESTRING (389445.449688 6673570.475608, 389447.681667 6673570.686805, 389448.427732 6673570.764571, 389449.577967 6673575.220802, 389451.783420 6673577.862157, 389457.448164 6673582.393807, 389463.919770 6673585.340969)

LINESTRING (389445.449688 6673570.475608, 389445.111808 6673573.071180, 389440.727604 6673580.068174)

LINESTRING (389434.229302 6673569.622060, 389434.963269 6673569.666757, 389439.338337 6673569.902378)

LINESTRING (389434.229302 6673569.622060, 389436.659174 6673566.461836, 389438.627960 6673562.736060, 389440.404488 6673556.687030, 389442.605793 6673536.216202, 389443.504693 6673529.591910, 389448.288978 6673515.071901, 389448.373979 6673512.740274, 389447.921779 6673511.182649, 389449.546814 6673507.835006)

LINESTRING (389434.229302 6673569.622060, 389428.422303 6673571.959340, 389422.358358 6673572.588241)

LINESTRING (389221.305686 6673670.569669, 389224.615943 6673674.135833)

LINESTRING (389221.305686 6673670.569669, 389219.997646 6673669.160548, 389219.555863 6673668.683586)

LINESTRING (389221.305686 6673670.569669, 389223.762231 6673667.932248, 389231.074348 6673663.621203)

LINESTRING (389219.555863 6673668.683586, 389210.601896 6673678.527120)

LINESTRING (389219.555863 6673668.683586, 389219.997646 6673669.160548, 389221.305686 6673670.569669)

LINESTRING (389219.555863 6673668.683586, 389222.289290 6673665.658895, 389223.571451 6673662.544393)

LINESTRING (389829.568645 6673538.804224, 389850.769929 6673586.574883)

LINESTRING (389829.568645 6673538.804224, 389824.793799 6673540.775492)

LINESTRING (389829.568645 6673538.804224, 389821.590374 6673520.824228, 389819.704417 6673512.746022, 389818.886530 6673509.728383)

LINESTRING (389829.568645 6673538.804224, 389864.478023 6673522.720942, 389872.107957 6673519.348879, 389879.863572 6673517.756057, 389885.535506 6673518.298663)

LINESTRING (389822.481798 6673482.206480, 389821.823107 6673485.770025)

LINESTRING (389822.481798 6673482.206480, 389825.262264 6673466.153767, 389828.484635 6673450.767531)

LINESTRING (389822.481798 6673482.206480, 389825.212683 6673482.581195, 389828.295861 6673483.781094, 389830.591550 6673485.740182, 389832.190333 6673488.333149, 389833.545492 6673501.274878, 389833.221769 6673503.981414, 389831.198616 6673505.914448, 389827.844141 6673507.686957, 389822.039078 6673509.176614, 389818.886530 6673509.728383)

LINESTRING (389448.297046 6673588.308906, 389456.400750 6673592.187428)

LINESTRING (389448.297046 6673588.308906, 389443.830064 6673586.315325, 389438.645258 6673585.179214, 389422.690256 6673583.209434)

LINESTRING (389448.297046 6673588.308906, 389444.586798 6673592.811614, 389441.111254 6673594.242685, 389437.354415 6673594.813036, 389434.031240 6673593.754437, 389429.193741 6673591.437749, 389426.113507 6673588.867403, 389422.690256 6673583.209434)

LINESTRING (389456.400750 6673592.187428, 389460.393701 6673594.106186)

LINESTRING (389456.400750 6673592.187428, 389448.297046 6673588.308906)

LINESTRING (389456.400750 6673592.187428, 389450.825793 6673605.884374, 389447.392052 6673629.468114, 389447.426009 6673630.592615, 389448.161868 6673634.927632, 389448.354953 6673636.359356, 389449.227076 6673640.244505)

LINESTRING (389422.690256 6673583.209434, 389438.645258 6673585.179214, 389443.830064 6673586.315325, 389448.297046 6673588.308906)

LINESTRING (389422.690256 6673583.209434, 389426.113507 6673588.867403, 389429.193741 6673591.437749, 389434.031240 6673593.754437, 389437.354415 6673594.813036, 389441.111254 6673594.242685, 389444.586798 6673592.811614, 389448.297046 6673588.308906)

LINESTRING (389422.690256 6673583.209434, 389410.216775 6673584.968034, 389391.674913 6673589.595675, 389386.974798 6673592.011021)

LINESTRING (389422.690256 6673583.209434, 389422.656292 6673582.084932, 389422.594589 6673580.225776)

LINESTRING (389210.601896 6673678.527120, 389219.555863 6673668.683586)

LINESTRING (389210.601896 6673678.527120, 389202.965309 6673686.235762, 389196.987751 6673690.629056, 389191.679822 6673695.325264, 389189.175590 6673697.852713)

LINESTRING (389210.601896 6673678.527120, 389208.723373 6673676.789808, 389207.468787 6673675.679958, 389201.418162 6673670.324576)

LINESTRING (389189.175590 6673697.852713, 389183.699987 6673692.791983, 389180.360848 6673689.739346)

LINESTRING (389189.175590 6673697.852713, 389191.679822 6673695.325264, 389196.987751 6673690.629056, 389202.965309 6673686.235762, 389210.601896 6673678.527120)

LINESTRING (389189.175590 6673697.852713, 389178.037969 6673709.991203, 389168.714937 6673722.119370)

LINESTRING (389180.360848 6673689.739346, 389183.699987 6673692.791983, 389189.175590 6673697.852713)

LINESTRING (389306.485151 6673799.724628, 389345.767553 6673795.349891)

LINESTRING (389306.485151 6673799.724628, 389294.620910 6673810.959794, 389285.421182 6673818.726685, 389281.753131 6673821.857607)

LINESTRING (389306.485151 6673799.724628, 389288.757402 6673801.687130, 389273.878129 6673803.329539, 389268.981382 6673804.736908)

LINESTRING (389391.839724 6673564.004446, 389397.117302 6673577.028163)

LINESTRING (389399.039715 6673581.873375, 389407.436559 6673579.468955, 389412.378372 6673578.807062)

LINESTRING (389399.039715 6673581.873375, 389390.582222 6673584.290790, 389385.927113 6673585.991571)

LINESTRING (389399.039715 6673581.873375, 389397.484141 6673577.964307, 389397.117302 6673577.028163)

LINESTRING (389521.460419 6673605.111712, 389521.245218 6673598.899953)

LINESTRING (389521.460419 6673605.111712, 389513.298153 6673605.358032, 389498.980079 6673604.475195, 389486.799012 6673602.680973, 389474.561968 6673599.216907, 389460.393701 6673594.106186)

LINESTRING (389521.460419 6673605.111712, 389524.205203 6673605.028884, 389540.613433 6673603.263390, 389557.087233 6673599.991576, 389564.838550 6673597.528987)

LINESTRING (389521.460419 6673605.111712, 389521.694436 6673611.946957, 389519.873306 6673614.130383, 389512.750637 6673619.950676)

LINESTRING (389386.974798 6673592.011021, 389393.631480 6673632.496057)

LINESTRING (389386.974798 6673592.011021, 389385.927113 6673585.991571)

LINESTRING (389386.974798 6673592.011021, 389391.674913 6673589.595675, 389410.216775 6673584.968034, 389422.690256 6673583.209434)

LINESTRING (389386.974798 6673592.011021, 389375.414079 6673598.077118, 389362.604731 6673603.412061, 389358.748800 6673604.743268, 389349.851953 6673606.393990, 389343.795186 6673608.360067, 389296.938625 6673631.395692, 389249.370391 6673657.306297)

LINESTRING (389833.346325 6673772.598594, 389823.540924 6673768.023850)

LINESTRING (389833.346325 6673772.598594, 389830.863071 6673776.941395)

LINESTRING (389833.346325 6673772.598594, 389865.034878 6673789.731473, 389872.625883 6673791.910163, 389879.321349 6673792.176789, 389914.299881 6673780.315298, 389917.925847 6673776.874272)

LINESTRING (389833.346325 6673772.598594, 389831.704116 6673770.218669, 389830.562976 6673767.522782, 389830.002426 6673764.018215, 389830.130142 6673758.119308, 389829.833321 6673751.575693, 389829.190699 6673747.003792, 389828.129903 6673741.998725, 389826.615771 6673737.051875, 389815.315745 6673712.140142, 389807.842853 6673693.610070, 389795.625408 6673663.488421, 389795.171998 6673660.225795, 389795.799637 6673657.476673, 389797.171822 6673654.571413)

LINESTRING (389216.177747 6673678.648126, 389178.607095 6673721.641602)

LINESTRING (389216.177747 6673678.648126, 389218.442456 6673674.623524, 389219.917545 6673672.015800, 389221.305686 6673670.569669)

LINESTRING (389487.206907 6673802.065171, 389478.969493 6673805.322689)

LINESTRING (389487.206907 6673802.065171, 389494.021032 6673801.848327, 389507.299294 6673801.402952, 389525.101378 6673800.798815, 389550.703880 6673799.925979)

LINESTRING (389999.704347 6673687.940447, 390004.418376 6673698.541397)

LINESTRING (389999.704347 6673687.940447, 389991.372708 6673669.614140)

LINESTRING (389999.704347 6673687.940447, 390003.177673 6673683.846618, 390006.641469 6673677.034000, 390008.382047 6673671.053222, 390008.016542 6673667.754505, 390006.652748 6673665.956759, 390004.197261 6673665.506778, 390000.980823 6673665.960020, 389991.372708 6673669.614140)

LINESTRING (390004.418376 6673698.541397, 390005.543631 6673701.081797)

LINESTRING (390004.418376 6673698.541397, 389999.704347 6673687.940447)

LINESTRING (390004.418376 6673698.541397, 389999.886380 6673702.310435, 389996.368185 6673707.865451, 389992.969080 6673711.288432, 389987.489086 6673715.275418, 389973.173504 6673722.024157)

LINESTRING (389105.197642 6673717.044518, 389108.123660 6673713.969327, 389120.098024 6673719.936352)

LINESTRING (389481.748667 6673860.612481, 389482.989849 6673863.672994)

LINESTRING (389481.748667 6673860.612481, 389476.006306 6673846.510601)

LINESTRING (389481.748667 6673860.612481, 389475.188205 6673862.058659)

LINESTRING (389481.748667 6673860.612481, 389487.346554 6673859.451681)

LINESTRING (389475.466153 6673866.485512, 389477.185871 6673871.058281)

LINESTRING (389475.466153 6673866.485512, 389475.359272 6673864.415987, 389475.188205 6673862.058659)

LINESTRING (389475.466153 6673866.485512, 389472.546344 6673868.668710, 389469.551429 6673870.386136, 389458.821817 6673874.911346, 389424.863758 6673889.253819)

LINESTRING (389481.485013 6673876.511544, 389487.239292 6673874.097913)

LINESTRING (389481.485013 6673876.511544, 389478.938181 6673875.607779, 389477.185871 6673871.058281)

LINESTRING (389481.485013 6673876.511544, 389482.851515 6673877.473234, 389495.203704 6673905.739982)

LINESTRING (389504.091953 6673898.495644, 389492.623938 6673871.940614)

LINESTRING (389504.091953 6673898.495644, 389510.423518 6673895.719164, 389518.604462 6673892.251681, 389524.655967 6673887.734099, 389529.333267 6673883.101984, 389533.200062 6673878.093155, 389540.838064 6673870.240298, 389553.889186 6673860.619426)

LINESTRING (389504.091953 6673898.495644, 389509.817334 6673911.673136, 389531.395707 6673962.294639)

LINESTRING (389495.203704 6673905.739982, 389499.815764 6673903.728596)

LINESTRING (389495.203704 6673905.739982, 389482.851515 6673877.473234, 389481.485013 6673876.511544)

LINESTRING (389495.203704 6673905.739982, 389507.745911 6673934.424496, 389515.864443 6673953.346839)

LINESTRING (389495.203704 6673905.739982, 389486.321007 6673909.674458, 389458.242592 6673914.355725, 389436.952824 6673913.204526)

LINESTRING (389684.219024 6673636.343148, 389680.177594 6673626.179199)

LINESTRING (389684.219024 6673636.343148, 389674.218916 6673657.739713, 389665.947264 6673671.662444, 389661.598524 6673683.527937, 389635.140962 6673684.414598, 389630.295394 6673684.582966)

LINESTRING (389684.219024 6673636.343148, 389693.615812 6673631.390757, 389699.171828 6673626.063778)

LINESTRING (389674.039508 6673628.949530, 389676.929345 6673627.603195, 389680.177594 6673626.179199)

LINESTRING (389630.295394 6673684.582966, 389620.904864 6673684.765789)

LINESTRING (389630.295394 6673684.582966, 389630.577220 6673688.040195, 389630.207945 6673691.439046, 389629.801199 6673694.883602)

LINESTRING (389630.295394 6673684.582966, 389635.140962 6673684.414598, 389661.598524 6673683.527937, 389665.947264 6673671.662444, 389674.218916 6673657.739713, 389684.219024 6673636.343148)

LINESTRING (389713.477291 6674264.964036, 389698.451109 6674266.642649)

LINESTRING (389713.477291 6674264.964036, 389713.915627 6674271.592540)

LINESTRING (389713.477291 6674264.964036, 389734.393106 6674262.617723, 389740.223326 6674257.583387, 389745.414905 6674248.110776)

LINESTRING (389713.477291 6674264.964036, 389712.987007 6674255.506570, 389714.268750 6674243.532928, 389738.739957 6674197.841547)

LINESTRING (390238.519018 6674236.800687, 390229.223870 6674254.731137)

LINESTRING (390229.223870 6674254.731137, 390238.519018 6674236.800687)

LINESTRING (390229.223870 6674254.731137, 390217.871723 6674252.363681)

LINESTRING (390229.223870 6674254.731137, 390225.179641 6674260.870053, 390223.552223 6674264.518293, 390223.092525 6674267.507462, 390215.848897 6674275.759367, 390211.161218 6674276.724612, 390207.632368 6674281.544271, 390205.677616 6674285.748383, 390205.218673 6674291.166870, 390205.508507 6674302.123628)

LINESTRING (390217.871723 6674252.363681, 390229.223870 6674254.731137)

LINESTRING (390205.508507 6674302.123628, 390189.464326 6674292.987890, 390171.616364 6674280.329199, 390112.627567 6674243.074272, 390062.520372 6674211.504247, 390052.165712 6674204.482670, 390047.800199 6674200.657768, 390043.047807 6674194.114269)

LINESTRING (390205.508507 6674302.123628, 390205.218673 6674291.166870, 390205.677616 6674285.748383, 390207.632368 6674281.544271, 390211.161218 6674276.724612, 390215.848897 6674275.759367, 390223.092525 6674267.507462, 390223.552223 6674264.518293, 390225.179641 6674260.870053, 390229.223870 6674254.731137)

LINESTRING (390118.011598 6674338.682130, 390114.308494 6674331.962179, 390107.989545 6674321.654471, 390102.593836 6674314.929631, 390090.416904 6674303.572032, 390078.308918 6674294.697460, 390031.296164 6674264.160465, 390002.300340 6674247.469162, 389974.537024 6674233.760994, 389953.749184 6674225.236889, 389934.083000 6674218.217012, 389920.202455 6674213.898330, 389905.071068 6674209.873628, 389884.897931 6674205.376609, 389861.319890 6674202.063101, 389855.698595 6674201.140161, 389839.867023 6674198.930946)

LINESTRING (390118.011598 6674338.682130, 390119.635222 6674335.836301, 390123.535170 6674332.108642)

LINESTRING (389788.704080 6674612.435286, 389791.296287 6674611.733170)

LINESTRING (389788.704080 6674612.435286, 389776.341262 6674615.727289, 389768.139824 6674617.913334, 389766.097613 6674618.454031, 389760.903217 6674621.552462)

LINESTRING (389788.704080 6674612.435286, 389791.195575 6674602.308541, 389791.343647 6674595.617797, 389793.095740 6674579.361939, 389794.883454 6674565.946681, 389792.437746 6674552.536322)

LINESTRING (389791.296287 6674611.733170, 389788.704080 6674612.435286)

LINESTRING (389791.296287 6674611.733170, 389811.835753 6674606.166850, 389830.294335 6674595.247400, 389839.568839 6674589.998083)

LINESTRING (389791.296287 6674611.733170, 389804.520396 6674631.516395, 389843.557633 6674652.283310)

LINESTRING (389735.921928 6674615.964217, 389760.903217 6674621.552462)

LINESTRING (389812.723987 6674733.703260, 389757.883506 6674700.341033)

LINESTRING (389812.723987 6674733.703260, 389804.795693 6674737.028821, 389798.964632 6674740.168663, 389792.253223 6674740.237047, 389758.705493 6674718.971015, 389753.092545 6674713.880225)

LINESTRING (389812.723987 6674733.703260, 389826.537538 6674731.248049, 389834.188929 6674729.412998)

LINESTRING (389428.351005 6674702.303794, 389427.985040 6674703.964142, 389429.090405 6674705.290295, 389433.503269 6674710.127125, 389439.781145 6674717.927600, 389442.048700 6674722.461506, 389446.921849 6674728.944879, 389449.607692 6674729.510086, 389452.621136 6674731.369229, 389456.840851 6674733.671122)

LINESTRING (389997.595317 6674238.071491, 389981.964600 6674230.350608, 389963.981163 6674222.265911, 389941.543961 6674213.702307, 389922.825615 6674207.757221, 389910.043679 6674204.174457, 389900.534270 6674202.019997, 389866.391118 6674195.770280, 389842.911417 6674192.777098, 389840.910019 6674192.469586, 389832.827294 6674191.442460)

LINESTRING (389997.595317 6674238.071491, 390011.566146 6674245.586010, 390034.759524 6674258.829982, 390058.182890 6674273.270713, 390082.058647 6674288.923816, 390091.692165 6674295.777677, 390103.438307 6674305.354069)

LINESTRING (390140.814863 6674331.567654, 390144.333445 6674335.284353, 390145.796931 6674336.900847)

LINESTRING (390134.142898 6674373.456735, 390136.315676 6674388.535886)

LINESTRING (390134.142898 6674373.456735, 390130.077753 6674366.134731, 390129.512667 6674362.652553)

LINESTRING (390129.512667 6674362.652553, 390128.741491 6674357.850454)

LINESTRING (390129.512667 6674362.652553, 390123.827085 6674363.458427)

LINESTRING (390129.512667 6674362.652553, 390135.938455 6674361.735318)

LINESTRING (388783.516975 6673866.859655, 388758.532675 6673868.343149)

LINESTRING (388789.971109 6673919.463452, 388762.392596 6673918.295487)

LINESTRING (388926.862956 6673590.886104, 388923.558400 6673583.129917, 388920.983087 6673567.762615)

LINESTRING (389432.417059 6673648.363393, 389416.426610 6673649.804735, 389416.888520 6673664.912967)

LINESTRING (389331.493620 6673743.951338, 389334.024350 6673785.809133)

LINESTRING (389331.493620 6673743.951338, 389369.102876 6673742.223972, 389371.343116 6673741.242477)

LINESTRING (389331.493620 6673743.951338, 389323.903944 6673744.035913, 389322.874259 6673729.802917, 389291.496687 6673730.038465, 389282.087601 6673730.155859, 389281.537398 6673711.963443, 389283.998984 6673709.125322, 389323.813433 6673707.263951, 389335.370514 6673712.107609, 389338.879908 6673723.368249, 389354.328495 6673722.555843, 389372.677888 6673721.867575, 389375.093421 6673721.727719)

LINESTRING (389371.343116 6673741.242477, 389372.966322 6673738.942369, 389373.705548 6673736.590968, 389375.093421 6673721.727719)

LINESTRING (389371.343116 6673741.242477, 389373.015198 6673743.130977, 389375.886828 6673745.596141, 389378.616444 6673747.218666, 389394.051710 6673753.683754, 389401.832017 6673757.705640, 389403.664182 6673758.831536)

LINESTRING (389371.343116 6673741.242477, 389369.102876 6673742.223972, 389331.493620 6673743.951338)

LINESTRING (389235.001495 6673783.142852, 389232.674431 6673788.406301)

LINESTRING (389235.001495 6673783.142852, 389236.143679 6673780.355759)

LINESTRING (389235.001495 6673783.142852, 389238.432302 6673784.643763, 389239.762016 6673788.971924)

LINESTRING (389359.706293 6673793.803064, 389359.004069 6673788.196646)

LINESTRING (389359.706293 6673793.803064, 389345.767553 6673795.349891)

LINESTRING (389359.706293 6673793.803064, 389404.973257 6673789.303819, 389414.969271 6673789.882210, 389428.363424 6673793.088228, 389434.780437 6673796.627598)

LINESTRING (389345.767553 6673795.349891, 389345.362544 6673789.845929)

LINESTRING (389345.767553 6673795.349891, 389306.485151 6673799.724628)

LINESTRING (389345.767553 6673795.349891, 389359.706293 6673793.803064)

LINESTRING (389345.767553 6673795.349891, 389346.513180 6673805.512829, 389348.454890 6673818.158123, 389344.453753 6673820.920157, 389329.301526 6673839.966143)

LINESTRING (389570.725590 6674033.130483, 389573.249520 6674028.128771)

LINESTRING (389570.725590 6674033.130483, 389569.562626 6674032.474650, 389559.254867 6674025.954468)

LINESTRING (389570.725590 6674033.130483, 389579.521234 6674038.091599, 389591.568880 6674042.319447, 389603.660883 6674045.075012, 389614.703687 6674045.978951, 389662.578998 6674043.978338)

LINESTRING (389789.999870 6673654.709305, 389789.760448 6673650.258996)

LINESTRING (389789.999870 6673654.709305, 389790.390293 6673661.963302, 389801.650956 6673689.060338, 389821.710773 6673737.455801, 389823.777015 6673742.675771, 389824.944325 6673747.900508, 389825.276659 6673751.935701, 389825.487406 6673755.250207, 389824.922969 6673761.574578, 389823.540924 6673768.023850)

LINESTRING (389789.999870 6673654.709305, 389778.291305 6673655.139805, 389771.087942 6673655.156097, 389765.755287 6673654.447447, 389760.905533 6673651.528936, 389754.643021 6673648.140359, 389751.380217 6673646.132439, 389747.788454 6673645.917434, 389741.695581 6673645.766615, 389735.891177 6673646.164308)

LINESTRING (389687.673787 6673790.591873, 389687.949288 6673795.130244)

LINESTRING (389687.673787 6673790.591873, 389683.778188 6673790.787270, 389669.412117 6673791.231356)

LINESTRING (389687.673787 6673790.591873, 389696.116406 6673790.270615, 389708.307957 6673789.490969, 389721.945047 6673785.112946, 389738.015533 6673779.714458, 389780.295321 6673766.495106, 389793.126790 6673763.556872, 389802.774697 6673763.266441, 389812.595070 6673764.096367, 389823.540924 6673768.023850)

LINESTRING (389797.171822 6673654.571413, 389789.760448 6673650.258996)

LINESTRING (389797.171822 6673654.571413, 389800.226107 6673652.050128, 389801.709715 6673651.002529)

LINESTRING (389797.171822 6673654.571413, 389795.799637 6673657.476673, 389795.171998 6673660.225795, 389795.625408 6673663.488421, 389807.842853 6673693.610070, 389815.315745 6673712.140142, 389826.615771 6673737.051875, 389828.129903 6673741.998725, 389829.190699 6673747.003792, 389829.833321 6673751.575693, 389830.130142 6673758.119308, 389830.002426 6673764.018215, 389830.562976 6673767.522782, 389831.704116 6673770.218669, 389833.346325 6673772.598594)

LINESTRING (389669.412117 6673791.231356, 389669.663256 6673796.249645)

LINESTRING (389669.412117 6673791.231356, 389639.433771 6673791.834097, 389633.598697 6673791.943147)

LINESTRING (389669.412117 6673791.231356, 389683.778188 6673790.787270, 389687.673787 6673790.591873)

LINESTRING (389633.598697 6673791.943147, 389631.075172 6673791.996940)

LINESTRING (389633.598697 6673791.943147, 389644.694472 6673780.219671)

LINESTRING (389633.598697 6673791.943147, 389639.433771 6673791.834097, 389669.412117 6673791.231356)

LINESTRING (389669.873585 6673800.834554, 389670.977008 6673857.701582)

LINESTRING (389669.873585 6673800.834554, 389669.663256 6673796.249645)

LINESTRING (389669.873585 6673800.834554, 389633.142011 6673801.830332)

LINESTRING (389669.873585 6673800.834554, 389675.153114 6673801.812110, 389680.049930 6673801.876270)

LINESTRING (389633.112586 6673797.540852, 389626.286023 6673797.713237)

LINESTRING (389633.112586 6673797.540852, 389633.142011 6673801.830332)

LINESTRING (389633.112586 6673797.540852, 389639.301170 6673797.376569, 389669.663256 6673796.249645)

LINESTRING (389688.202397 6673800.583081, 389697.071284 6673799.858946)

LINESTRING (389688.202397 6673800.583081, 389686.144405 6673801.904346)

LINESTRING (389688.202397 6673800.583081, 389687.949288 6673795.130244)

LINESTRING (389567.050654 6673804.246948, 389567.321119 6673807.325627)

LINESTRING (389567.050654 6673804.246948, 389566.619592 6673799.156082)

LINESTRING (389567.050654 6673804.246948, 389576.090898 6673803.684507)

LINESTRING (389567.050654 6673804.246948, 389555.883592 6673804.951583)

LINESTRING (389576.090898 6673803.684507, 389575.087056 6673798.922945)

LINESTRING (389576.090898 6673803.684507, 389633.142011 6673801.830332)

LINESTRING (389576.090898 6673803.684507, 389567.050654 6673804.246948)

LINESTRING (389576.090898 6673803.684507, 389580.332348 6673816.795426, 389586.762067 6673829.962930, 389590.309640 6673838.102357, 389591.507182 6673842.846936, 389580.630403 6673843.787909, 389573.025480 6673844.463059, 389562.698078 6673849.265563, 389553.889186 6673860.619426)

LINESTRING (389575.087056 6673798.922945, 389626.286023 6673797.713237)

LINESTRING (389575.087056 6673798.922945, 389576.090898 6673803.684507)

LINESTRING (389575.087056 6673798.922945, 389571.299338 6673799.014913, 389566.619592 6673799.156082)

LINESTRING (389633.142011 6673801.830332, 389633.514648 6673817.687886)

LINESTRING (389633.142011 6673801.830332, 389633.112586 6673797.540852)

LINESTRING (389633.142011 6673801.830332, 389669.873585 6673800.834554)

LINESTRING (389633.142011 6673801.830332, 389576.090898 6673803.684507)

LINESTRING (389553.889186 6673860.619426, 389562.698078 6673849.265563, 389573.025480 6673844.463059, 389580.630403 6673843.787909, 389591.507182 6673842.846936, 389590.309640 6673838.102357, 389586.762067 6673829.962930, 389580.332348 6673816.795426, 389576.090898 6673803.684507)

LINESTRING (389553.889186 6673860.619426, 389540.838064 6673870.240298, 389533.200062 6673878.093155, 389529.333267 6673883.101984, 389524.655967 6673887.734099, 389518.604462 6673892.251681, 389510.423518 6673895.719164, 389504.091953 6673898.495644)

LINESTRING (389553.889186 6673860.619426, 389555.607320 6673863.119525, 389562.042152 6673872.408782, 389563.840365 6673878.851381)

LINESTRING (389553.889186 6673860.619426, 389550.549319 6673859.182346, 389533.211756 6673859.906079, 389531.588523 6673859.999638)

LINESTRING (389670.977008 6673857.701582, 389669.873585 6673800.834554)

LINESTRING (389670.977008 6673857.701582, 389681.912225 6673856.859410)

LINESTRING (389670.977008 6673857.701582, 389652.344839 6673858.742364, 389646.488943 6673861.470820, 389626.183319 6673873.639134, 389622.898971 6673876.802712, 389620.129671 6673883.427633, 389619.946985 6673890.988648, 389619.487057 6673893.220135, 389617.618503 6673894.379716)

LINESTRING (389686.144405 6673801.904346, 389688.202397 6673800.583081)

LINESTRING (389686.144405 6673801.904346, 389680.049930 6673801.876270)

LINESTRING (389686.144405 6673801.904346, 389684.833644 6673805.922184, 389685.094333 6673818.072220)

LINESTRING (389853.215068 6673805.632672, 389834.545575 6673811.342885)

LINESTRING (389853.215068 6673805.632672, 389861.023571 6673803.235841, 389865.524783 6673798.821206)

LINESTRING (389853.215068 6673805.632672, 389847.251011 6673814.548854, 389854.448830 6673837.968247)

LINESTRING (389617.618503 6673894.379716, 389619.147826 6673899.270312)

LINESTRING (389617.618503 6673894.379716, 389615.249106 6673894.941491, 389590.490226 6673895.242411, 389587.662718 6673900.855027)

LINESTRING (389617.618503 6673894.379716, 389619.487057 6673893.220135, 389619.946985 6673890.988648, 389620.129671 6673883.427633, 389622.898971 6673876.802712, 389626.183319 6673873.639134, 389646.488943 6673861.470820, 389652.344839 6673858.742364, 389670.977008 6673857.701582)

LINESTRING (389710.441402 6674031.971602, 389717.585746 6674031.678344)

LINESTRING (389710.441402 6674031.971602, 389703.492296 6674032.114121)

LINESTRING (389710.441402 6674031.971602, 389707.414349 6674025.253941)

LINESTRING (389710.441402 6674031.971602, 389711.597742 6674036.828893)

LINESTRING (389723.710596 6674031.438101, 389728.732118 6674031.231106)

LINESTRING (389723.710596 6674031.438101, 389717.585746 6674031.678344)

LINESTRING (389723.710596 6674031.438101, 389722.761506 6674025.170444, 389721.145825 6674017.407311, 389726.777823 6674015.911529)

LINESTRING (389939.139021 6673840.992921, 389937.954307 6673867.116120)

LINESTRING (389939.139021 6673840.992921, 389878.732757 6673860.795620)

LINESTRING (389939.139021 6673840.992921, 389939.168169 6673840.301131, 389939.329549 6673833.855177, 389938.742502 6673827.988913, 389937.723071 6673822.692838, 389935.750518 6673816.890518)

LINESTRING (390008.955556 6673846.962619, 390023.792051 6673858.306971)

LINESTRING (390023.792051 6673858.306971, 390060.956973 6673886.732748)

LINESTRING (390023.792051 6673858.306971, 390008.955556 6673846.962619)

LINESTRING (390023.792051 6673858.306971, 389952.204144 6673865.216735)

LINESTRING (390060.956973 6673886.732748, 390023.792051 6673858.306971)

LINESTRING (389886.824364 6673875.562892, 389895.460961 6673874.133016)

LINESTRING (389481.324812 6673956.495667, 389464.590997 6673953.490619)

LINESTRING (389481.324812 6673956.495667, 389479.649780 6673963.511136, 389478.954603 6673969.527507, 389478.479025 6673975.648687)

LINESTRING (389481.324812 6673956.495667, 389510.275265 6673955.343125, 389515.864443 6673953.346839)

LINESTRING (389736.991291 6674041.234608, 389736.585687 6674035.875513)

LINESTRING (389736.991291 6674041.234608, 389736.076472 6674041.262165, 389706.325471 6674042.158475)

LINESTRING (389736.991291 6674041.234608, 389754.993810 6674040.692368, 389767.676612 6674040.221261)

LINESTRING (389736.991291 6674041.234608, 389737.241266 6674044.559076, 389734.654708 6674060.015441)

LINESTRING (389837.831406 6674093.126171, 389839.581635 6674090.064673)

LINESTRING (389837.831406 6674093.126171, 389842.423551 6674095.250160)

LINESTRING (389814.775851 6673305.631136, 389827.493556 6673323.390511, 389827.394653 6673327.850999, 389826.093179 6673332.927149)

LINESTRING (389826.093179 6673332.927149, 389792.424879 6673365.221007)

LINESTRING (389826.093179 6673332.927149, 389841.670603 6673349.441565, 389847.580772 6673353.097213)

LINESTRING (389826.093179 6673332.927149, 389827.394653 6673327.850999, 389827.493556 6673323.390511, 389814.775851 6673305.631136)

LINESTRING (390157.705474 6674297.908031, 390101.608155 6674260.109619, 390051.964494 6674228.080074, 390021.780629 6674210.822534, 389992.040544 6674195.970093, 389960.955580 6674181.982955, 389912.011081 6674164.053375, 389875.396422 6674152.395151, 389844.402843 6674144.423869, 389775.888952 6674127.363641, 389711.918327 6674113.221178, 389694.713181 6674110.195884, 389616.475471 6674096.451597, 389531.631170 6674082.819182, 389528.831805 6674082.368762, 389476.446822 6674073.942952, 389467.914945 6674072.573576, 389426.525583 6674064.785970, 389391.951859 6674056.670288, 389359.025779 6674047.624759, 389329.867971 6674037.674374, 389293.699155 6674024.359069, 389232.480996 6673995.498549, 389189.028770 6673970.581004, 389169.228160 6673959.223080)

LINESTRING (388743.426686 6673421.095340, 388806.181803 6673422.075194, 388816.781112 6673422.923417, 388821.739419 6673424.444436)

LINESTRING (388743.426686 6673421.095340, 388743.227017 6673426.762515, 388735.725301 6673443.828935)

LINESTRING (388821.739419 6673424.444436, 388823.112218 6673424.870794, 388828.257358 6673428.158028, 388831.413017 6673431.182503, 388840.264421 6673442.102233, 388842.344696 6673443.710660, 388844.001709 6673444.540720, 388845.998948 6673445.059567, 388847.805354 6673444.960151, 388849.405508 6673444.465816)

LINESTRING (388821.739419 6673424.444436, 388816.781112 6673422.923417, 388806.181803 6673422.075194, 388743.426686 6673421.095340)

LINESTRING (388821.739419 6673424.444436, 388823.452530 6673420.358323, 388826.136161 6673412.955290, 388826.756097 6673411.253737)

LINESTRING (388735.725301 6673443.828935, 388743.227017 6673426.762515, 388743.426686 6673421.095340)

LINESTRING (388849.405508 6673444.465816, 388847.805354 6673444.960151, 388845.998948 6673445.059567, 388844.001709 6673444.540720, 388842.344696 6673443.710660, 388840.264421 6673442.102233, 388831.413017 6673431.182503, 388828.257358 6673428.158028, 388823.112218 6673424.870794, 388821.739419 6673424.444436)

LINESTRING (389852.985432 6674056.575394, 389858.121773 6674051.517571)

LINESTRING (389852.985432 6674056.575394, 389850.623073 6674054.417723, 389845.997433 6674052.473031, 389835.925425 6674048.418919)

LINESTRING (389852.985432 6674056.575394, 389858.192278 6674057.733684, 389859.018283 6674058.812065, 389860.791746 6674061.132330)

LINESTRING (389836.122504 6674042.428772, 389851.733435 6674048.901565, 389858.121773 6674051.517571)

LINESTRING (389836.122504 6674042.428772, 389816.963490 6674035.706240, 389804.215301 6674031.977933, 389796.970780 6674030.602468)

LINESTRING (389836.122504 6674042.428772, 389840.906936 6674026.783771, 389842.558602 6674021.552203, 389843.046924 6674016.756822, 389842.078036 6674014.434639)

LINESTRING (389835.925425 6674048.418919, 389833.417793 6674053.419946)

LINESTRING (389835.925425 6674048.418919, 389845.997433 6674052.473031, 389850.623073 6674054.417723, 389852.985432 6674056.575394)

LINESTRING (389835.925425 6674048.418919, 389831.920370 6674046.812169, 389801.522542 6674037.095993, 389796.028164 6674036.158170)

LINESTRING (389406.152134 6673753.373900, 389403.664182 6673758.831536)

LINESTRING (389403.664182 6673758.831536, 389406.152134 6673753.373900)

LINESTRING (389403.664182 6673758.831536, 389411.354088 6673763.535947, 389421.276748 6673771.605232)

LINESTRING (389403.664182 6673758.831536, 389401.832017 6673757.705640, 389394.051710 6673753.683754, 389378.616444 6673747.218666, 389375.886828 6673745.596141, 389373.015198 6673743.130977, 389371.343116 6673741.242477)

LINESTRING (389403.664182 6673758.831536, 389401.967407 6673762.370818, 389397.366217 6673778.523527)

LINESTRING (389414.372884 6673753.236999, 389421.276748 6673771.605232)

LINESTRING (389424.863758 6673889.253819, 389426.414667 6673893.564213)

LINESTRING (389424.863758 6673889.253819, 389423.227485 6673884.689695, 389422.991886 6673876.338933, 389428.629326 6673865.281119, 389459.905029 6673862.999310, 389475.188205 6673862.058659)

LINESTRING (389424.863758 6673889.253819, 389458.821817 6673874.911346, 389469.551429 6673870.386136, 389472.546344 6673868.668710, 389475.466153 6673866.485512)

LINESTRING (389424.863758 6673889.253819, 389419.257572 6673891.975104, 389413.995679 6673895.254334, 389408.256158 6673899.807255, 389403.671440 6673904.559317, 389398.226725 6673911.521563, 389393.789968 6673918.598231)

LINESTRING (389947.361267 6674105.978765, 389955.587390 6674124.876460)

LINESTRING (389947.361267 6674105.978765, 389936.000082 6674110.900462)

LINESTRING (389947.361267 6674105.978765, 389975.999249 6674093.550609, 389983.180784 6674090.437372)

LINESTRING (389955.587390 6674124.876460, 389948.712740 6674127.857947)

LINESTRING (389955.587390 6674124.876460, 389947.361267 6674105.978765)

LINESTRING (389955.587390 6674124.876460, 389984.225580 6674112.459501, 389992.124345 6674109.023841)

LINESTRING (389936.000082 6674110.900462, 389947.361267 6674105.978765)

LINESTRING (389948.712740 6674127.857947, 389955.587390 6674124.876460)

LINESTRING (389353.280812 6674166.357849, 389352.500681 6674168.086442)

LINESTRING (389352.500681 6674168.086442, 389353.280812 6674166.357849)

LINESTRING (389352.500681 6674168.086442, 389342.370862 6674162.865320)

LINESTRING (389352.500681 6674168.086442, 389349.853716 6674173.961262, 389347.565073 6674179.022894)

LINESTRING (389363.423675 6674185.229825, 389362.459913 6674186.941678)

LINESTRING (389362.459913 6674186.941678, 389347.565073 6674179.022894)

LINESTRING (389362.459913 6674186.941678, 389363.423675 6674185.229825)

LINESTRING (389362.459913 6674186.941678, 389375.431501 6674193.837692, 389386.965238 6674175.190924, 389399.986383 6674145.344263)

LINESTRING (389701.451253 6674209.863668, 389700.598996 6674209.387878)

LINESTRING (389701.451253 6674209.863668, 389706.205126 6674201.150826, 389707.067392 6674199.564710, 389711.679318 6674191.112461, 389713.581151 6674187.009954, 389714.324403 6674183.499547)

LINESTRING (389701.451253 6674209.863668, 389703.160974 6674210.803946, 389705.147053 6674211.891911, 389713.441797 6674216.456098)

LINESTRING (389700.598996 6674209.387878, 389701.451253 6674209.863668)

LINESTRING (389789.760448 6673650.258996, 389789.999870 6673654.709305)

LINESTRING (389789.760448 6673650.258996, 389797.171822 6673654.571413)

LINESTRING (389789.760448 6673650.258996, 389789.736957 6673649.847383, 389788.383233 6673642.488659, 389786.037634 6673637.210253, 389778.616190 6673627.772016, 389772.669777 6673623.638401)

LINESTRING (389772.669777 6673623.638401, 389778.616190 6673627.772016, 389786.037634 6673637.210253, 389788.383233 6673642.488659, 389789.736957 6673649.847383, 389789.760448 6673650.258996)

LINESTRING (389801.709715 6673651.002529, 389800.226107 6673652.050128, 389797.171822 6673654.571413)

LINESTRING (389252.020446 6674056.566328, 389277.673755 6674080.362480, 389279.032358 6674083.998859)

LINESTRING (389279.032358 6674083.998859, 389275.155830 6674085.731979, 389267.846487 6674093.776080)

LINESTRING (389279.032358 6674083.998859, 389277.673755 6674080.362480, 389252.020446 6674056.566328)

LINESTRING (389279.032358 6674083.998859, 389279.969075 6674087.447409, 389296.458236 6674101.825732, 389323.458176 6674110.347804)

LINESTRING (389279.032358 6674083.998859, 389281.626883 6674083.363187, 389290.536046 6674075.003275, 389306.968091 6674086.575122, 389322.394250 6674093.697622, 389325.072037 6674103.891290, 389323.458176 6674110.347804)

LINESTRING (389267.846487 6674093.776080, 389263.780827 6674098.245181)

LINESTRING (389267.846487 6674093.776080, 389269.188800 6674095.039305, 389285.742458 6674108.981019, 389291.397167 6674112.465173, 389302.603141 6674118.032508, 389316.530878 6674122.035439, 389319.316148 6674122.753576, 389328.877008 6674123.835184)

LINESTRING (389267.846487 6674093.776080, 389167.175391 6673999.748631, 389161.935103 6673995.115434)

LINESTRING (389267.846487 6674093.776080, 389275.155830 6674085.731979, 389279.032358 6674083.998859)

LINESTRING (389323.458176 6674110.347804, 389328.877008 6674123.835184)

LINESTRING (389323.458176 6674110.347804, 389296.458236 6674101.825732, 389279.969075 6674087.447409, 389279.032358 6674083.998859)

LINESTRING (389323.458176 6674110.347804, 389325.072037 6674103.891290, 389322.394250 6674093.697622, 389306.968091 6674086.575122, 389290.536046 6674075.003275, 389281.626883 6674083.363187, 389279.032358 6674083.998859)

LINESTRING (389256.489068 6674091.277991, 389223.911080 6674060.548322)

LINESTRING (389256.489068 6674091.277991, 389263.780827 6674098.245181)

LINESTRING (389256.489068 6674091.277991, 389252.768146 6674095.402358)

LINESTRING (389191.588275 6673936.336423, 389184.903964 6673931.301149, 389179.890528 6673925.914417)

LINESTRING (389593.788483 6674116.091464, 389607.460704 6674118.075020, 389605.868983 6674127.305534, 389605.425057 6674129.882002, 389591.999688 6674127.434112, 389590.726867 6674127.550511, 389590.113626 6674128.560809, 389589.611417 6674130.860441, 389595.449119 6674151.645889, 389597.201855 6674155.482216)

LINESTRING (390060.455281 6674190.415402, 390058.556112 6674192.032574, 390055.203858 6674193.860549, 390053.324402 6674193.917004, 390049.515799 6674192.560431, 390047.780875 6674192.255946, 390043.047807 6674194.114269)

LINESTRING (389438.658994 6674108.961399, 389435.780145 6674127.190531)

LINESTRING (389448.365544 6674126.810399, 389435.780145 6674127.190531)

LINESTRING (389448.365544 6674126.810399, 389460.097841 6674128.317094)

LINESTRING (389448.365544 6674126.810399, 389447.342497 6674131.889457)

LINESTRING (389448.365544 6674126.810399, 389451.801931 6674109.767976)

LINESTRING (389441.396879 6673385.164677, 389451.155150 6673379.855305)

LINESTRING (389441.396879 6673385.164677, 389442.753997 6673387.096155, 389452.879493 6673390.088993, 389469.708216 6673428.327996, 389471.109007 6673434.281085, 389471.603078 6673446.602384, 389471.299621 6673452.729505, 389469.574086 6673464.516045, 389465.639720 6673476.124109, 389454.714175 6673500.669512, 389453.046438 6673502.603175, 389451.367609 6673504.169427, 389449.546814 6673507.835006)

LINESTRING (390065.961236 6673944.708322, 390060.150093 6673949.485220)

LINESTRING (390155.832712 6673875.270500, 390155.041325 6673878.303059, 390152.439935 6673882.047413, 390148.635504 6673885.092383, 390144.271375 6673891.307836, 390141.610518 6673898.062796, 390140.680910 6673898.893044, 390136.808675 6673899.677881)

LINESTRING (389472.466856 6673766.593611, 389474.556554 6673765.404992, 389477.358663 6673762.813032, 389483.406658 6673760.011645, 389488.218176 6673757.615340, 389491.427594 6673756.014040, 389494.747910 6673754.041649)

LINESTRING (389329.301526 6673839.966143, 389344.453753 6673820.920157, 389348.454890 6673818.158123, 389346.513180 6673805.512829, 389345.767553 6673795.349891)

LINESTRING (389626.286023 6673797.713237, 389633.112586 6673797.540852)

LINESTRING (389626.286023 6673797.713237, 389575.087056 6673798.922945)

LINESTRING (389626.286023 6673797.713237, 389626.122047 6673792.090555)

LINESTRING (389393.103174 6673833.234861, 389405.522683 6673830.820312, 389409.074426 6673829.164018, 389437.610286 6673823.621651, 389445.927439 6673820.617938, 389455.621840 6673815.254737)

LINESTRING (389393.103174 6673833.234861, 389379.812983 6673830.527308, 389373.016097 6673832.047676, 389370.161668 6673834.006103)

LINESTRING (389393.103174 6673833.234861, 389387.003010 6673837.977010, 389381.458284 6673841.264831, 389370.161668 6673834.006103)

LINESTRING (389370.161668 6673834.006103, 389373.016097 6673832.047676, 389379.812983 6673830.527308, 389393.103174 6673833.234861)

LINESTRING (389370.161668 6673834.006103, 389381.458284 6673841.264831, 389387.003010 6673837.977010, 389393.103174 6673833.234861)

LINESTRING (389370.161668 6673834.006103, 389367.367561 6673835.940422, 389347.903931 6673859.418155)

LINESTRING (389347.903931 6673859.418155, 389367.367561 6673835.940422, 389370.161668 6673834.006103)

LINESTRING (389531.588523 6673859.999638, 389533.211756 6673859.906079, 389550.549319 6673859.182346, 389553.889186 6673860.619426)

LINESTRING (389436.952824 6673913.204526, 389458.242592 6673914.355725, 389486.321007 6673909.674458, 389495.203704 6673905.739982)

LINESTRING (389542.006007 6673932.855640, 389560.486901 6673932.699207, 389564.676738 6673930.488909, 389571.257773 6673917.586417)

LINESTRING (389464.590997 6673953.490619, 389481.324812 6673956.495667)

LINESTRING (389070.400059 6673697.281997, 389069.010516 6673693.368025, 389067.396753 6673690.296638, 389065.794310 6673687.782103, 389063.317898 6673684.814866, 389056.084092 6673677.601110, 389049.516853 6673670.590043)

LINESTRING (388826.756097 6673411.253737, 388830.992164 6673413.665923, 388836.302859 6673417.104157, 388840.578044 6673422.267710, 388851.243074 6673439.907895, 388899.692363 6673525.872393, 388904.635810 6673533.311377)

LINESTRING (388826.756097 6673411.253737, 388826.136161 6673412.955290, 388823.452530 6673420.358323, 388821.739419 6673424.444436)

LINESTRING (389843.557633 6674652.283310, 389804.520396 6674631.516395, 389791.296287 6674611.733170)

LINESTRING (390077.028595 6674013.879606, 390074.964740 6674009.461791, 390067.149867 6673999.254774)

LINESTRING (389933.505503 6673943.963645, 389936.825152 6673942.337133)

LINESTRING (389933.505503 6673943.963645, 389923.119411 6673958.629136)

LINESTRING (389933.505503 6673943.963645, 389920.993357 6673935.725739, 389916.194529 6673935.591455)

LINESTRING (389916.194529 6673935.591455, 389912.156303 6673935.467734, 389883.331061 6673938.017442, 389878.466238 6673944.359731)

LINESTRING (389916.194529 6673935.591455, 389920.993357 6673935.725739, 389933.505503 6673943.963645)

LINESTRING (389916.194529 6673935.591455, 389910.242235 6673938.991014, 389867.935297 6673996.996627, 389862.001854 6674003.415670, 389857.139373 6674007.618315, 389855.555450 6674010.307053, 389851.024388 6674011.691500)

LINESTRING (389903.364278 6673986.525513, 389907.889196 6673980.137760)

LINESTRING (390116.898006 6674418.582920, 390119.955680 6674430.236649)

LINESTRING (390116.898006 6674418.582920, 390129.623137 6674410.879442)

LINESTRING (390116.898006 6674418.582920, 390110.149525 6674426.675323, 390109.715882 6674432.561108)

LINESTRING (390136.804725 6674436.807129, 390133.352562 6674416.261364, 390129.623137 6674410.879442)

LINESTRING (390109.715882 6674432.561108, 390119.955680 6674430.236649)

LINESTRING (390109.715882 6674432.561108, 390103.156506 6674433.460117, 390089.080720 6674434.061098, 390080.764671 6674426.721938)

LINESTRING (390109.715882 6674432.561108, 390110.149525 6674426.675323, 390116.898006 6674418.582920)

LINESTRING (390176.659475 6674463.927283, 390183.964014 6674464.008983, 390191.622268 6674462.564534, 390200.479570 6674460.582659, 390203.240135 6674459.753210)

LINESTRING (390019.327935 6674632.755047, 390001.107344 6674627.050996, 389967.177445 6674623.880920, 389960.149796 6674621.373137, 389951.906139 6674620.127750)

LINESTRING (389387.946388 6674022.367983, 389379.382430 6674021.044351, 389368.822262 6674018.488383, 389349.483193 6674010.804183, 389334.217205 6674003.665571, 389326.765512 6673997.650303, 389319.897819 6673988.742277, 389316.155962 6673982.269400, 389307.947470 6673979.308180, 389299.894753 6673971.405538)

LINESTRING (389842.423551 6674095.250160, 389836.731043 6674100.079583)

LINESTRING (389842.423551 6674095.250160, 389837.831406 6674093.126171)

LINESTRING (389842.423551 6674095.250160, 389845.654761 6674096.222724, 389850.045519 6674095.711704)

LINESTRING (389850.045519 6674095.711704, 389852.809516 6674096.464313, 389860.767168 6674098.676497, 389872.938762 6674102.801226, 389911.424539 6674120.565681, 389944.494874 6674135.963710, 389951.459821 6674138.016488, 389955.899493 6674138.395625, 389960.262301 6674138.063876, 389965.057120 6674137.150813, 389971.975114 6674134.134623, 389990.669144 6674124.490560, 389993.006604 6674123.239070, 389995.941024 6674121.724477)

LINESTRING (389850.045519 6674095.711704, 389847.159308 6674093.848394, 389844.463243 6674092.402829)

LINESTRING (389850.045519 6674095.711704, 389845.654761 6674096.222724, 389842.423551 6674095.250160)

LINESTRING (389412.378372 6673578.807062, 389407.436559 6673579.468955, 389399.039715 6673581.873375)

LINESTRING (389412.378372 6673578.807062, 389419.320728 6673575.655393, 389422.442427 6673575.371660)

LINESTRING (389451.801931 6674109.767976, 389448.365544 6674126.810399)

LINESTRING (389451.801931 6674109.767976, 389421.266186 6674104.694937)

LINESTRING (389451.801931 6674109.767976, 389454.544499 6674110.175477, 389456.081774 6674110.363071, 389462.547904 6674111.137312)

LINESTRING (389447.342497 6674131.889457, 389448.365544 6674126.810399)

LINESTRING (389626.122047 6673792.090555, 389626.286023 6673797.713237)

LINESTRING (389626.122047 6673792.090555, 389621.268391 6673792.170035)

LINESTRING (389626.122047 6673792.090555, 389631.075172 6673791.996940)

LINESTRING (389626.122047 6673792.090555, 389624.130016 6673723.627315, 389623.883302 6673715.076306, 389623.302599 6673695.079529)

LINESTRING (389631.075172 6673791.996940, 389626.122047 6673792.090555)

LINESTRING (389631.075172 6673791.996940, 389633.598697 6673791.943147)

LINESTRING (389631.075172 6673791.996940, 389630.690549 6673762.856324)

LINESTRING (389623.302599 6673695.079529, 389629.801199 6673694.883602)

LINESTRING (389623.302599 6673695.079529, 389623.248219 6673693.275871, 389620.904864 6673684.765789)

LINESTRING (389623.302599 6673695.079529, 389623.883302 6673715.076306, 389624.130016 6673723.627315, 389626.122047 6673792.090555)

LINESTRING (388840.048308 6673355.275518, 388838.526656 6673360.002154, 388841.423417 6673363.090220, 388842.190734 6673367.156735)

LINESTRING (388840.048308 6673355.275518, 388840.236351 6673351.414020, 388840.803849 6673347.619009, 388843.158433 6673340.526868, 388842.368414 6673334.432851, 388843.499803 6673324.346706, 388843.433608 6673317.595513)

LINESTRING (388840.048308 6673355.275518, 388837.369932 6673356.638384, 388832.252781 6673360.125775, 388831.328375 6673362.037162, 388830.144832 6673362.908890)

LINESTRING (388731.977354 6673368.899717, 388734.491587 6673372.913127, 388744.285791 6673383.792846, 388752.413966 6673394.645203)

LINESTRING (388731.977354 6673368.899717, 388733.331386 6673369.438052, 388745.108258 6673370.673758, 388766.064393 6673368.944936, 388796.502883 6673363.629628, 388811.525305 6673357.322846, 388825.088135 6673348.096169, 388841.561249 6673319.546819, 388843.433608 6673317.595513)

LINESTRING (388842.190734 6673367.156735, 388839.510959 6673367.193518)

LINESTRING (388842.190734 6673367.156735, 388846.554205 6673367.548028, 388849.036213 6673369.590019, 388852.282329 6673371.753687, 388855.211955 6673373.548072, 388856.696636 6673377.659678, 388860.175356 6673381.086695)

LINESTRING (388842.190734 6673367.156735, 388842.506939 6673368.796433, 388842.386581 6673373.424805)

LINESTRING (388842.190734 6673367.156735, 388841.423417 6673363.090220, 388838.526656 6673360.002154, 388840.048308 6673355.275518)

LINESTRING (388839.510959 6673367.193518, 388842.190734 6673367.156735)

LINESTRING (388839.510959 6673367.193518, 388836.931339 6673367.238405, 388831.906009 6673366.254306, 388830.144832 6673362.908890)

LINESTRING (388839.510959 6673367.193518, 388839.504509 6673369.723379, 388839.876096 6673371.907446, 388842.386581 6673373.424805)

LINESTRING (388842.386581 6673373.424805, 388842.330834 6673375.610702, 388845.024569 6673384.444042, 388849.108425 6673386.961166, 388852.715238 6673389.671079)

LINESTRING (388842.386581 6673373.424805, 388842.506939 6673368.796433, 388842.190734 6673367.156735)

LINESTRING (388842.386581 6673373.424805, 388839.876096 6673371.907446, 388839.504509 6673369.723379, 388839.510959 6673367.193518)

LINESTRING (389575.914759 6674022.844204, 389573.249520 6674028.128771)

LINESTRING (389575.914759 6674022.844204, 389579.257489 6674024.749255, 389590.239308 6674029.332423, 389600.740605 6674033.072042, 389608.442362 6674034.700784, 389618.917157 6674035.354415, 389642.795071 6674034.210991)

LINESTRING (389575.914759 6674022.844204, 389570.578918 6674019.806894, 389568.303220 6674018.137111)

LINESTRING (388858.959857 6673860.266838, 388855.558156 6673859.545468)

LINESTRING (388858.959857 6673860.266838, 388856.152529 6673870.348156)

LINESTRING (388858.959857 6673860.266838, 388860.414888 6673854.450119)

LINESTRING (388858.959857 6673860.266838, 388894.253991 6673868.968662, 388904.094305 6673871.366836, 388914.122387 6673873.369302, 388917.601547 6673874.266677)

LINESTRING (388856.152529 6673870.348156, 388862.451895 6673871.092992)

LINESTRING (388856.152529 6673870.348156, 388850.898496 6673878.442143)

LINESTRING (388856.152529 6673870.348156, 388858.959857 6673860.266838)

LINESTRING (388860.414888 6673854.450119, 388857.901880 6673853.935788)

LINESTRING (388860.414888 6673854.450119, 388858.959857 6673860.266838)

LINESTRING (388860.414888 6673854.450119, 388895.928969 6673862.900118, 388918.400072 6673869.673447)

LINESTRING (389463.450797 6673644.439710, 389474.591112 6673642.097477)

LINESTRING (389463.450797 6673644.439710, 389463.413856 6673647.260214, 389446.988536 6673648.636545)

LINESTRING (389463.450797 6673644.439710, 389459.646223 6673638.648353, 389457.616764 6673638.709632, 389451.711221 6673640.169493, 389450.580048 6673640.203650, 389449.227076 6673640.244505)

LINESTRING (389446.988536 6673648.636545, 389446.994066 6673647.533139)

LINESTRING (389446.988536 6673648.636545, 389443.871771 6673648.897823, 389444.091749 6673650.852494, 389440.906645 6673654.180392, 389425.082755 6673656.541606, 389416.888520 6673664.912967)

LINESTRING (389446.988536 6673648.636545, 389463.413856 6673647.260214, 389463.450797 6673644.439710)

LINESTRING (389449.227076 6673640.244505, 389449.403521 6673641.308985)

LINESTRING (389449.227076 6673640.244505, 389450.580048 6673640.203650, 389451.711221 6673640.169493, 389457.616764 6673638.709632, 389459.646223 6673638.648353, 389463.450797 6673644.439710)

LINESTRING (389449.227076 6673640.244505, 389448.354953 6673636.359356, 389448.161868 6673634.927632, 389447.426009 6673630.592615, 389447.392052 6673629.468114, 389450.825793 6673605.884374, 389456.400750 6673592.187428)

LINESTRING (390112.675438 6674128.960721, 390117.722756 6674123.148169, 390120.060904 6674124.136637, 390125.272109 6674118.976658)

LINESTRING (390125.272109 6674118.976658, 390120.060904 6674124.136637, 390117.722756 6674123.148169, 390112.675438 6674128.960721)

LINESTRING (390125.272109 6674118.976658, 390108.182386 6674102.774048, 390108.152200 6674091.787207, 390069.137907 6674091.320565)

LINESTRING (390125.272109 6674118.976658, 390146.633719 6674139.218896, 390113.856637 6674172.742526, 390111.718556 6674171.023713, 390099.008768 6674183.886319, 390083.796245 6674193.971326, 390069.763966 6674183.672434, 390056.884859 6674171.678534, 390051.485879 6674165.778496, 390047.462967 6674161.352682, 390046.405009 6674159.200283)

LINESTRING (390065.995795 6674135.254505, 390059.593994 6674143.080262)

LINESTRING (390078.827883 6674111.678957, 390079.496113 6674108.984387, 390080.314562 6674101.682931)

LINESTRING (390102.387212 6674122.861936, 390109.010517 6674115.386210, 390088.485912 6674096.233421, 390085.329052 6674095.146975, 390080.856890 6674094.980387, 390080.314562 6674101.682931)

LINESTRING (390069.137907 6674091.320565, 390108.152200 6674091.787207, 390108.182386 6674102.774048, 390125.272109 6674118.976658)

LINESTRING (389204.665490 6673910.744310, 389212.097311 6673915.723567)

LINESTRING (389620.904864 6673684.765789, 389630.295394 6673684.582966)

LINESTRING (389620.904864 6673684.765789, 389623.248219 6673693.275871, 389623.302599 6673695.079529)

LINESTRING (389620.904864 6673684.765789, 389613.064057 6673684.623313, 389612.918596 6673688.450026, 389613.585398 6673719.030830, 389618.953164 6673723.482518, 389621.268391 6673792.170035)

LINESTRING (389446.994066 6673647.533139, 389446.988536 6673648.636545)

LINESTRING (389449.403521 6673641.308985, 389449.227076 6673640.244505)

LINESTRING (389485.945811 6673814.339167, 389485.647236 6673814.192167)

LINESTRING (389485.647236 6673814.192167, 389485.945811 6673814.339167)

LINESTRING (389485.647236 6673814.192167, 389485.618836 6673813.435244, 389485.599000 6673812.042864)

LINESTRING (389485.647236 6673814.192167, 389485.641195 6673815.462746, 389485.242649 6673815.497066)

LINESTRING (389824.793799 6673540.775492, 389841.949069 6673580.243164)

LINESTRING (389824.793799 6673540.775492, 389829.568645 6673538.804224)

LINESTRING (389824.793799 6673540.775492, 389813.773739 6673515.409571, 389811.997087 6673511.885886)

LINESTRING (389761.827569 6673493.036449, 389779.357344 6673487.025927, 389781.097144 6673491.720804, 389783.353533 6673499.932711)

LINESTRING (389733.797067 6673280.109193, 389730.920236 6673285.767726, 389720.407025 6673295.333705)

LINESTRING (389695.066559 6673270.566591, 389720.407025 6673295.333705)

LINESTRING (389830.617055 6673832.756890, 389834.545575 6673811.342885)

LINESTRING (389834.545575 6673811.342885, 389830.617055 6673832.756890)

LINESTRING (389834.545575 6673811.342885, 389800.908681 6673821.482059)

LINESTRING (389834.545575 6673811.342885, 389853.215068 6673805.632672)

LINESTRING (389800.908681 6673821.482059, 389834.545575 6673811.342885)

LINESTRING (389801.660817 6673596.644603, 389838.045215 6673581.831609)

LINESTRING (389129.170748 6673739.497664, 389125.061355 6673734.651953, 389124.619152 6673731.779083, 389126.492778 6673728.223162, 389130.952553 6673723.563684)

LINESTRING (388884.706887 6673645.109989, 388868.076962 6673658.942871, 388860.528701 6673662.593191)

LINESTRING (389898.183548 6673643.397190, 389883.800610 6673610.454160)

LINESTRING (389480.719025 6673336.538255, 389477.093992 6673356.561689)

LINESTRING (389477.093992 6673356.561689, 389480.719025 6673336.538255)

LINESTRING (389477.093992 6673356.561689, 389465.375407 6673360.370033, 389457.820917 6673362.748865, 389453.324288 6673364.010154)

LINESTRING (389477.093992 6673356.561689, 389485.377807 6673355.174972, 389493.487025 6673355.175377, 389497.981491 6673354.025641, 389504.362074 6673352.105786, 389508.313286 6673348.587681)

LINESTRING (389508.313286 6673348.587681, 389504.362074 6673352.105786, 389497.981491 6673354.025641, 389493.487025 6673355.175377, 389485.377807 6673355.174972, 389477.093992 6673356.561689)

LINESTRING (389865.854232 6673680.085435, 389878.259412 6673674.218380)

LINESTRING (389856.670772 6673972.863795, 389858.501836 6673970.457361)

LINESTRING (389728.732118 6674031.231106, 389773.604587 6674029.389277)

LINESTRING (389728.732118 6674031.231106, 389723.710596 6674031.438101)

LINESTRING (389728.732118 6674031.231106, 389728.756534 6674036.278514)

LINESTRING (389728.732118 6674031.231106, 389728.706066 6674025.392537, 389726.777823 6674015.911529)

LINESTRING (389736.585687 6674035.875513, 389736.991291 6674041.234608)

LINESTRING (389736.585687 6674035.875513, 389749.672931 6674035.013272, 389778.221531 6674034.175811, 389789.919880 6674035.105113, 389796.028164 6674036.158170)

LINESTRING (389736.585687 6674035.875513, 389732.365579 6674036.158650, 389728.756534 6674036.278514)

LINESTRING (389726.777823 6674015.911529, 389728.606747 6674013.805972, 389730.932909 6674013.100701)

LINESTRING (389726.777823 6674015.911529, 389728.706066 6674025.392537, 389728.732118 6674031.231106)

LINESTRING (389726.777823 6674015.911529, 389721.145825 6674017.407311, 389722.761506 6674025.170444, 389723.710596 6674031.438101)

LINESTRING (389828.233069 6673938.126307, 389820.726904 6673949.451442)

LINESTRING (389828.233069 6673938.126307, 389823.117318 6673932.440931, 389814.611128 6673923.079867, 389813.131590 6673922.968389, 389808.895120 6673916.075322, 389805.631991 6673912.941849)

LINESTRING (389828.233069 6673938.126307, 389832.694502 6673930.737428, 389838.007369 6673924.348160, 389844.392271 6673913.379976)

LINESTRING (389773.604587 6674029.389277, 389728.732118 6674031.231106)

LINESTRING (389773.604587 6674029.389277, 389766.414671 6674002.370344)

LINESTRING (389773.604587 6674029.389277, 389780.978421 6674029.345540, 389792.172608 6674029.933429, 389796.970780 6674030.602468)

LINESTRING (389796.028164 6674036.158170, 389796.970780 6674030.602468)

LINESTRING (389796.028164 6674036.158170, 389801.522542 6674037.095993, 389831.920370 6674046.812169, 389835.925425 6674048.418919)

LINESTRING (389796.028164 6674036.158170, 389789.919880 6674035.105113, 389778.221531 6674034.175811, 389749.672931 6674035.013272, 389736.585687 6674035.875513)

LINESTRING (389796.970780 6674030.602468, 389796.028164 6674036.158170)

LINESTRING (389796.970780 6674030.602468, 389804.215301 6674031.977933, 389816.963490 6674035.706240, 389836.122504 6674042.428772)

LINESTRING (389796.970780 6674030.602468, 389792.172608 6674029.933429, 389780.978421 6674029.345540, 389773.604587 6674029.389277)

LINESTRING (389796.970780 6674030.602468, 389797.450469 6674028.102960, 389802.184958 6674026.656602)

LINESTRING (389766.414671 6674002.370344, 389775.312780 6673999.684191)

LINESTRING (389766.414671 6674002.370344, 389753.199757 6674006.367773)

LINESTRING (389766.414671 6674002.370344, 389773.604587 6674029.389277)

LINESTRING (389792.713787 6673986.344891, 389783.761929 6673981.165098)

LINESTRING (389792.713787 6673986.344891, 389794.151247 6673984.875208, 389807.532183 6673967.032341)

LINESTRING (389792.713787 6673986.344891, 389784.364782 6673994.920680, 389778.700315 6673998.657252, 389775.312780 6673999.684191)

LINESTRING (389783.761929 6673981.165098, 389792.713787 6673986.344891)

LINESTRING (389842.078036 6674014.434639, 389851.024388 6674011.691500)

LINESTRING (389842.078036 6674014.434639, 389834.742465 6674016.672427)

LINESTRING (389842.078036 6674014.434639, 389843.046924 6674016.756822, 389842.558602 6674021.552203, 389840.906936 6674026.783771, 389836.122504 6674042.428772)

LINESTRING (389609.487311 6674009.361658, 389609.319687 6674014.292281, 389604.715422 6674017.295097, 389591.893271 6674017.013189)

LINESTRING (389726.366870 6674058.638114, 389734.654708 6674060.015441)

LINESTRING (389734.654708 6674060.015441, 389726.366870 6674058.638114)

LINESTRING (389734.654708 6674060.015441, 389770.231179 6674065.897655, 389821.384657 6674073.629218, 389825.728246 6674068.784654, 389833.417793 6674053.419946)

LINESTRING (389734.654708 6674060.015441, 389737.241266 6674044.559076, 389736.991291 6674041.234608)

LINESTRING (389201.418162 6673670.324576, 389204.952130 6673666.060962, 389205.820670 6673663.950774, 389206.155249 6673660.151736, 389205.682654 6673656.822880, 389204.640519 6673654.480776, 389203.680481 6673653.384301, 389201.611575 6673651.775336, 389198.435269 6673651.169404, 389195.123277 6673651.581673, 389191.914649 6673652.291700, 389189.008054 6673653.995537, 389185.434235 6673657.859193)

LINESTRING (389201.418162 6673670.324576, 389207.468787 6673675.679958, 389208.723373 6673676.789808, 389210.601896 6673678.527120)

LINESTRING (389201.418162 6673670.324576, 389199.741453 6673668.837469, 389198.870840 6673668.128323, 389193.570717 6673664.098646)

LINESTRING (389185.434235 6673657.859193, 389179.711744 6673652.895091)

LINESTRING (389185.434235 6673657.859193, 389189.008054 6673653.995537, 389191.914649 6673652.291700, 389195.123277 6673651.581673, 389198.435269 6673651.169404, 389201.611575 6673651.775336, 389203.680481 6673653.384301, 389204.640519 6673654.480776, 389205.682654 6673656.822880, 389206.155249 6673660.151736, 389205.820670 6673663.950774, 389204.952130 6673666.060962, 389201.418162 6673670.324576)

LINESTRING (389185.434235 6673657.859193, 389187.642320 6673660.032274, 389193.570717 6673664.098646)

LINESTRING (389193.570717 6673664.098646, 389198.870840 6673668.128323, 389199.741453 6673668.837469, 389201.418162 6673670.324576)

LINESTRING (389193.570717 6673664.098646, 389187.642320 6673660.032274, 389185.434235 6673657.859193)

LINESTRING (389193.570717 6673664.098646, 389194.586543 6673663.187535, 389197.571836 6673660.233209)

LINESTRING (389644.694472 6673780.219671, 389633.598697 6673791.943147)

LINESTRING (389644.148779 6673747.941360, 389630.690549 6673762.856324)

LINESTRING (389630.690549 6673762.856324, 389630.237401 6673728.313027)

LINESTRING (389630.690549 6673762.856324, 389631.075172 6673791.996940)

LINESTRING (389630.690549 6673762.856324, 389644.148779 6673747.941360)

LINESTRING (389642.585747 6673714.501331, 389630.237401 6673728.313027)

LINESTRING (389630.237401 6673728.313027, 389630.045360 6673713.475261)

LINESTRING (389630.237401 6673728.313027, 389630.690549 6673762.856324)

LINESTRING (389630.237401 6673728.313027, 389642.585747 6673714.501331)

LINESTRING (389629.801199 6673694.883602, 389630.045360 6673713.475261)

LINESTRING (389629.801199 6673694.883602, 389634.885183 6673694.708045, 389647.226745 6673694.291432, 389647.864406 6673694.272211, 389630.045360 6673713.475261)

LINESTRING (389629.801199 6673694.883602, 389623.302599 6673695.079529)

LINESTRING (389629.801199 6673694.883602, 389630.207945 6673691.439046, 389630.577220 6673688.040195, 389630.295394 6673684.582966)

LINESTRING (388887.640331 6673879.444079, 388913.121625 6673881.356416, 388916.721605 6673879.285846, 388917.601547 6673874.266677)

LINESTRING (388862.451895 6673871.092992, 388856.152529 6673870.348156)

LINESTRING (388850.898496 6673878.442143, 388856.152529 6673870.348156)

LINESTRING (388843.578390 6673877.527732, 388855.558156 6673859.545468)

LINESTRING (389125.297514 6673471.404304, 389128.415406 6673484.738245, 389130.091579 6673503.799218, 389133.005697 6673530.199945)

LINESTRING (389735.891177 6673646.164308, 389735.760398 6673646.981744, 389734.636069 6673652.955251, 389733.224125 6673658.224218, 389731.040990 6673665.343998, 389726.705226 6673675.804896)

LINESTRING (389735.891177 6673646.164308, 389736.476655 6673642.569515, 389736.423769 6673639.339407, 389735.665894 6673635.183309, 389732.668541 6673630.749205, 389726.186135 6673628.169652, 389721.678646 6673629.798694, 389715.581923 6673631.731924, 389710.144251 6673633.065832, 389706.958103 6673632.682634, 389701.322371 6673627.258235, 389699.171828 6673626.063778)

LINESTRING (389735.891177 6673646.164308, 389741.695581 6673645.766615, 389747.788454 6673645.917434, 389751.380217 6673646.132439, 389754.643021 6673648.140359, 389760.905533 6673651.528936, 389765.755287 6673654.447447, 389771.087942 6673655.156097, 389778.291305 6673655.139805, 389789.999870 6673654.709305)

LINESTRING (389726.705226 6673675.804896, 389731.040990 6673665.343998, 389733.224125 6673658.224218, 389734.636069 6673652.955251, 389735.760398 6673646.981744, 389735.891177 6673646.164308)

LINESTRING (390145.796931 6674336.900847, 390150.647466 6674342.104270, 390156.409067 6674348.082706, 390160.849783 6674352.574096)

LINESTRING (390145.796931 6674336.900847, 390145.871398 6674343.818887, 390144.759201 6674350.393657)

LINESTRING (390160.849783 6674352.574096, 390167.390166 6674358.618327)

LINESTRING (390160.849783 6674352.574096, 390152.394582 6674349.473578, 390148.441598 6674349.770519, 390144.759201 6674350.393657)

LINESTRING (390167.390166 6674358.618327, 390164.553884 6674361.734543)

LINESTRING (390167.390166 6674358.618327, 390160.849783 6674352.574096)

LINESTRING (390144.759201 6674350.393657, 390142.329502 6674353.375106, 390139.649114 6674355.584018, 390135.780062 6674357.382862)

LINESTRING (389972.160086 6673719.881580, 389973.173504 6673722.024157)

LINESTRING (389973.173504 6673722.024157, 389977.298531 6673729.645102)

LINESTRING (389973.173504 6673722.024157, 389972.160086 6673719.881580)

LINESTRING (389973.173504 6673722.024157, 389968.784773 6673724.095077)

LINESTRING (389973.173504 6673722.024157, 389987.489086 6673715.275418, 389992.969080 6673711.288432, 389996.368185 6673707.865451, 389999.886380 6673702.310435, 390004.418376 6673698.541397)

LINESTRING (389977.298531 6673729.645102, 389973.173504 6673722.024157)

LINESTRING (389968.784773 6673724.095077, 389973.173504 6673722.024157)

LINESTRING (389998.811128 6673611.665929, 389992.444101 6673634.345359)

LINESTRING (390001.188382 6673632.600496, 389992.444101 6673634.345359)

LINESTRING (390039.751528 6673694.749728, 390038.006640 6673693.197437, 390036.577420 6673691.992265, 390034.951012 6673691.428211, 390032.182639 6673691.277348, 390029.917265 6673691.612847, 390009.041783 6673699.661731, 390005.543631 6673701.081797)

LINESTRING (389630.045360 6673713.475261, 389629.801199 6673694.883602)

LINESTRING (389630.045360 6673713.475261, 389647.864406 6673694.272211, 389647.226745 6673694.291432, 389634.885183 6673694.708045, 389629.801199 6673694.883602)

LINESTRING (389630.045360 6673713.475261, 389630.237401 6673728.313027)

LINESTRING (389921.867005 6674059.261708, 389923.565306 6674055.577763)

LINESTRING (389878.732757 6673860.795620, 389939.139021 6673840.992921)

LINESTRING (389197.571836 6673660.233209, 389197.324979 6673659.962083, 389197.175910 6673659.621135, 389197.142610 6673659.254396, 389197.226091 6673658.895265, 389197.422156 6673658.588447, 389197.730804 6673658.333941, 389198.049041 6673658.212870, 389198.420552 6673658.201626, 389198.789888 6673658.301887, 389199.107481 6673658.526296, 389199.328298 6673658.853929, 389199.433681 6673659.218487, 389199.406661 6673659.609339, 389199.251095 6673659.970651, 389198.987480 6673660.246082, 389198.643541 6673660.434794, 389198.256406 6673660.479942, 389197.893626 6673660.412915, 389197.571836 6673660.233209)

LINESTRING (389197.571836 6673660.233209, 389197.893626 6673660.412915, 389198.256406 6673660.479942, 389198.643541 6673660.434794, 389198.987480 6673660.246082, 389199.251095 6673659.970651, 389199.406661 6673659.609339, 389199.433681 6673659.218487, 389199.328298 6673658.853929, 389199.107481 6673658.526296, 389198.789888 6673658.301887, 389198.420552 6673658.201626, 389198.049041 6673658.212870, 389197.730804 6673658.333941, 389197.422156 6673658.588447, 389197.226091 6673658.895265, 389197.142610 6673659.254396, 389197.175910 6673659.621135, 389197.324979 6673659.962083, 389197.571836 6673660.233209)

LINESTRING (389197.571836 6673660.233209, 389194.586543 6673663.187535, 389193.570717 6673664.098646)

LINESTRING (389231.499603 6674118.578810, 389252.768146 6674095.402358)

LINESTRING (389200.658388 6674086.559822, 389220.399986 6674064.454639)

LINESTRING (389328.174098 6674136.560432, 389343.101261 6674138.382479)

LINESTRING (389328.174098 6674136.560432, 389327.214410 6674154.007295)

LINESTRING (389328.174098 6674136.560432, 389328.622181 6674130.640641)

LINESTRING (389328.174098 6674136.560432, 389308.757403 6674134.183289, 389299.023923 6674131.613678, 389293.820629 6674129.843159, 389291.608410 6674128.806825)

LINESTRING (389273.970038 6674193.473275, 389293.889722 6674153.778080, 389291.608410 6674128.806825)

LINESTRING (389343.101261 6674138.382479, 389399.986383 6674145.344263)

LINESTRING (389343.101261 6674138.382479, 389328.174098 6674136.560432)

LINESTRING (389343.101261 6674138.382479, 389342.370862 6674162.865320)

LINESTRING (389343.101261 6674138.382479, 389343.847923 6674132.609678)

LINESTRING (389327.214410 6674154.007295, 389328.174098 6674136.560432)

LINESTRING (389327.214410 6674154.007295, 389320.690571 6674165.638152)

LINESTRING (389327.214410 6674154.007295, 389325.487411 6674185.351461, 389325.024428 6674188.942638)

LINESTRING (389325.024428 6674188.942638, 389317.084734 6674203.480288)

LINESTRING (389325.024428 6674188.942638, 389378.382137 6674216.738279)

LINESTRING (389325.024428 6674188.942638, 389325.487411 6674185.351461, 389327.214410 6674154.007295)

LINESTRING (389317.084734 6674203.480288, 389325.024428 6674188.942638)

LINESTRING (389378.382137 6674216.738279, 389325.024428 6674188.942638)

LINESTRING (389347.565073 6674179.022894, 389362.459913 6674186.941678)

LINESTRING (389347.565073 6674179.022894, 389349.853716 6674173.961262, 389352.500681 6674168.086442)

LINESTRING (389347.565073 6674179.022894, 389341.973562 6674176.339107, 389342.355436 6674163.456410, 389342.370862 6674162.865320)

LINESTRING (389342.370862 6674162.865320, 389343.101261 6674138.382479)

LINESTRING (389342.370862 6674162.865320, 389352.500681 6674168.086442)

LINESTRING (389342.370862 6674162.865320, 389342.355436 6674163.456410, 389341.973562 6674176.339107, 389347.565073 6674179.022894)

LINESTRING (389738.739957 6674197.841547, 389714.268750 6674243.532928, 389712.987007 6674255.506570, 389713.477291 6674264.964036)

LINESTRING (389490.292478 6674207.016927, 389477.970838 6674200.134323)

LINESTRING (389490.292478 6674207.016927, 389499.989010 6674212.418683)

LINESTRING (389490.292478 6674207.016927, 389483.234342 6674219.711131)

LINESTRING (389470.909709 6674213.096095, 389483.234342 6674219.711131)

LINESTRING (389470.909709 6674213.096095, 389477.970838 6674200.134323)

LINESTRING (389470.909709 6674213.096095, 389459.692015 6674206.937997)

LINESTRING (389483.234342 6674219.711131, 389487.753315 6674222.349504)

LINESTRING (389483.234342 6674219.711131, 389470.909709 6674213.096095)

LINESTRING (389483.234342 6674219.711131, 389490.292478 6674207.016927)

LINESTRING (389459.692015 6674206.937997, 389470.909709 6674213.096095)

LINESTRING (389487.753315 6674222.349504, 389483.234342 6674219.711131)

LINESTRING (389492.905481 6674224.823895, 389489.794556 6674223.056799)

LINESTRING (389492.905481 6674224.823895, 389499.989010 6674212.418683)

LINESTRING (389492.905481 6674224.823895, 389505.180809 6674231.462779)

LINESTRING (389489.794556 6674223.056799, 389492.905481 6674224.823895)

LINESTRING (389505.180809 6674231.462779, 389492.905481 6674224.823895)

LINESTRING (389780.545585 6674258.229948, 389758.182580 6674243.480412)

LINESTRING (389780.545585 6674258.229948, 389784.950051 6674253.205189, 389812.660610 6674205.600354, 389816.454485 6674196.325945)

LINESTRING (389780.545585 6674258.229948, 389774.318872 6674262.629817, 389770.466578 6674266.088972, 389757.767076 6674289.561419)

LINESTRING (389757.767076 6674289.561419, 389770.466578 6674266.088972, 389774.318872 6674262.629817, 389780.545585 6674258.229948)

LINESTRING (389104.365528 6673985.993770, 389118.036220 6674003.287266)

LINESTRING (389850.769929 6673586.574883, 389857.420288 6673601.563775)

LINESTRING (389850.769929 6673586.574883, 389829.568645 6673538.804224)

LINESTRING (389850.769929 6673586.574883, 389855.609294 6673584.167098)

LINESTRING (389885.535506 6673518.298663, 389889.121741 6673520.909884, 389891.318177 6673524.922448, 389896.543581 6673548.635264)

LINESTRING (389885.535506 6673518.298663, 389879.863572 6673517.756057, 389872.107957 6673519.348879, 389864.478023 6673522.720942, 389829.568645 6673538.804224)

LINESTRING (389885.535506 6673518.298663, 389889.181292 6673515.692806, 389891.460914 6673510.475822, 389891.871006 6673505.103333, 389887.671740 6673479.710381)

LINESTRING (389896.543581 6673548.635264, 389891.318177 6673524.922448, 389889.121741 6673520.909884, 389885.535506 6673518.298663)

LINESTRING (389887.671740 6673479.710381, 389891.871006 6673505.103333, 389891.460914 6673510.475822, 389889.181292 6673515.692806, 389885.535506 6673518.298663)

LINESTRING (389845.115322 6673465.779272, 389843.981689 6673457.801002, 389842.847662 6673455.528359, 389841.004961 6673453.867659, 389836.903299 6673452.575812, 389828.484635 6673450.767531)

LINESTRING (389610.368958 6673950.818881, 389542.881206 6673957.078196, 389531.395707 6673962.294639)

LINESTRING (390133.021328 6674334.799261, 390136.483160 6674336.255473, 390139.029537 6674339.009555, 390140.201574 6674342.562666, 390139.797612 6674346.296808, 390137.885637 6674349.519026, 390134.809628 6674351.672955)

LINESTRING (390134.809628 6674351.672955, 390135.780062 6674357.382862)

LINESTRING (390134.809628 6674351.672955, 390132.839960 6674352.233549, 390130.795606 6674352.339492, 390128.781231 6674351.965354, 390126.909050 6674351.152343)

LINESTRING (390135.780062 6674357.382862, 390135.938455 6674361.735318)

LINESTRING (390135.780062 6674357.382862, 390131.154883 6674358.023169, 390128.741491 6674357.850454)

LINESTRING (389128.344933 6673530.430237, 389133.005697 6673530.199945)

LINESTRING (389128.344933 6673530.430237, 389115.337916 6673531.069321, 389107.864456 6673530.058707, 389101.477048 6673527.889680)

LINESTRING (389128.344933 6673530.430237, 389127.096578 6673526.779421, 389125.523671 6673525.790675, 389122.936075 6673525.568154, 389118.528210 6673525.902238, 389109.907231 6673523.288224)

LINESTRING (389101.477048 6673527.889680, 389107.864456 6673530.058707, 389115.337916 6673531.069321, 389128.344933 6673530.430237)

LINESTRING (389360.803090 6673423.493497, 389350.375649 6673397.286279)

LINESTRING (389360.803090 6673423.493497, 389364.376916 6673422.371414, 389396.264124 6673409.706969, 389441.396879 6673385.164677)

LINESTRING (389215.395578 6673478.372082, 389210.671695 6673482.571389, 389210.398124 6673484.719288, 389211.356571 6673486.495590, 389235.712775 6673517.552064)

LINESTRING (389350.375649 6673397.286279, 389360.803090 6673423.493497)

LINESTRING (389862.016102 6673599.731658, 389857.420288 6673601.563775)

LINESTRING (389855.609294 6673584.167098, 389850.769929 6673586.574883)

LINESTRING (390135.938455 6674361.735318, 390129.512667 6674362.652553)

LINESTRING (390135.938455 6674361.735318, 390136.104534 6674366.343850, 390134.142898 6674373.456735)

LINESTRING (390135.938455 6674361.735318, 390138.488022 6674361.268757, 390141.321234 6674359.344994, 390144.503713 6674357.410750, 390147.618743 6674356.002291, 390152.284936 6674355.249336, 390156.612648 6674356.345266, 390159.697208 6674358.358865, 390164.553884 6674361.734543)

LINESTRING (390128.741491 6674357.850454, 390126.909050 6674351.152343)

LINESTRING (390128.741491 6674357.850454, 390126.635075 6674357.367643, 390123.577234 6674356.244770)

LINESTRING (390164.553884 6674361.734543, 390167.390166 6674358.618327)

LINESTRING (390164.553884 6674361.734543, 390160.524627 6674366.145808, 390145.131971 6674385.552177, 390136.315676 6674388.535886)

LINESTRING (390164.553884 6674361.734543, 390159.697208 6674358.358865, 390156.612648 6674356.345266, 390152.284936 6674355.249336, 390147.618743 6674356.002291, 390144.503713 6674357.410750, 390141.321234 6674359.344994, 390138.488022 6674361.268757, 390135.938455 6674361.735318)

LINESTRING (389567.321119 6673807.325627, 389567.050654 6673804.246948)

LINESTRING (389707.414349 6674025.253941, 389710.441402 6674031.971602)

LINESTRING (390123.577234 6674356.244770, 390123.827085 6674363.458427)

LINESTRING (390123.577234 6674356.244770, 390120.195656 6674353.025447, 390117.747988 6674347.460186, 390118.011598 6674338.682130)

LINESTRING (389055.522251 6673599.722421, 389061.607731 6673601.454759, 389067.831027 6673602.057399, 389072.048054 6673601.472723, 389074.315655 6673600.111327, 389075.565629 6673598.502168, 389078.244287 6673581.214866)

LINESTRING (389272.744743 6673874.662214, 389282.331092 6673864.454230, 389299.406423 6673847.534075)

LINESTRING (389562.152561 6673495.421220, 389571.851432 6673494.772069, 389574.004470 6673494.941150, 389575.703956 6673496.082280, 389579.903515 6673502.274162)

LINESTRING (389534.292299 6673477.272651, 389535.831353 6673514.301697)

LINESTRING (389497.682314 6673477.809092, 389472.238497 6673467.834476)

LINESTRING (389109.907231 6673523.288224, 389118.528210 6673525.902238, 389122.936075 6673525.568154, 389125.523671 6673525.790675, 389127.096578 6673526.779421, 389128.344933 6673530.430237)

LINESTRING (388865.940288 6673724.946208, 388839.204270 6673745.538371, 388810.260492 6673724.129532)

LINESTRING (389633.916688 6673590.966094, 389622.399741 6673569.594018)

LINESTRING (389600.867041 6673582.167146, 389622.399741 6673569.594018)

LINESTRING (389600.867041 6673582.167146, 389598.176486 6673577.423010)

LINESTRING (389600.867041 6673582.167146, 389598.434573 6673583.588899, 389579.247488 6673592.960016, 389564.838550 6673597.528987)

LINESTRING (389600.867041 6673582.167146, 389613.217501 6673603.937491, 389613.544573 6673606.501850, 389611.993727 6673609.367995, 389606.820596 6673614.137518)

LINESTRING (389563.473413 6673591.463355, 389564.838550 6673597.528987)

LINESTRING (389563.473413 6673591.463355, 389570.604371 6673589.409525, 389581.396961 6673585.283961, 389592.168421 6673580.457007, 389598.176486 6673577.423010)

LINESTRING (389563.473413 6673591.463355, 389554.036894 6673594.177373, 389536.594203 6673597.344708, 389521.245218 6673598.899953)

LINESTRING (389606.820596 6673614.137518, 389611.993727 6673609.367995, 389613.544573 6673606.501850, 389613.217501 6673603.937491, 389600.867041 6673582.167146)

LINESTRING (389564.838550 6673597.528987, 389570.767651 6673623.894710)

LINESTRING (389564.838550 6673597.528987, 389563.473413 6673591.463355)

LINESTRING (389564.838550 6673597.528987, 389557.087233 6673599.991576, 389540.613433 6673603.263390, 389524.205203 6673605.028884, 389521.460419 6673605.111712)

LINESTRING (389564.838550 6673597.528987, 389579.247488 6673592.960016, 389598.434573 6673583.588899, 389600.867041 6673582.167146)

LINESTRING (389570.767651 6673623.894710, 389564.838550 6673597.528987)

LINESTRING (389512.750637 6673619.950676, 389519.873306 6673614.130383, 389521.694436 6673611.946957, 389521.460419 6673605.111712)

LINESTRING (389393.631480 6673632.496057, 389386.974798 6673592.011021)

LINESTRING (389249.370391 6673657.306297, 389245.531172 6673653.499804)

LINESTRING (389249.370391 6673657.306297, 389296.938625 6673631.395692, 389343.795186 6673608.360067, 389349.851953 6673606.393990, 389358.748800 6673604.743268, 389362.604731 6673603.412061, 389375.414079 6673598.077118, 389386.974798 6673592.011021)

LINESTRING (389249.370391 6673657.306297, 389248.649573 6673657.695850, 389239.901986 6673664.825107, 389233.774898 6673670.515550)

LINESTRING (389249.370391 6673657.306297, 389251.264371 6673659.188032, 389258.639875 6673662.475236, 389277.626449 6673665.411270, 389282.922015 6673665.072812, 389287.830722 6673669.560206)

LINESTRING (389287.830722 6673669.560206, 389282.922015 6673665.072812, 389277.626449 6673665.411270, 389258.639875 6673662.475236, 389251.264371 6673659.188032, 389249.370391 6673657.306297)

LINESTRING (389213.044495 6673740.167906, 389256.631597 6673692.958710, 389234.616875 6673672.663127, 389233.774898 6673670.515550)

LINESTRING (389950.817940 6673671.780223, 389960.406951 6673632.778532)

LINESTRING (389986.740482 6674386.654567, 390001.349346 6674422.800504)

