LINESTRING (545209.643973 258271.686157, 545210.875615 258269.329150)

LINESTRING (545210.875615 258269.329150, 545252.680002 258200.753705)

LINESTRING (545210.875615 258269.329150, 545216.147582 258272.388699, 545221.980139 258276.154779)

LINESTRING (545177.445880 258325.194114, 545167.410797 258343.733251)

LINESTRING (545177.445880 258325.194114, 545192.751053 258299.507662, 545199.879150 258287.762151, 545209.643973 258271.686157)

LINESTRING (545167.410797 258343.733251, 545164.456255 258349.111867)

LINESTRING (545167.410797 258343.733251, 545171.971012 258339.804127, 545175.636379 258338.408845, 545180.367000 258337.534515, 545184.788144 258338.120371, 545194.223138 258342.637520)

LINESTRING (545088.698497 258462.151466, 545083.980610 258468.903227, 545082.677355 258480.017978, 545077.779688 258521.881648, 545075.946450 258553.672746)

LINESTRING (545088.698497 258462.151466, 545081.278846 258465.184422, 545075.518246 258467.375499)

LINESTRING (545075.946450 258553.672746, 545066.489713 258591.729865)

LINESTRING (545075.946450 258553.672746, 545081.658451 258552.904974, 545084.982319 258552.423480, 545087.410814 258551.225677, 545098.403887 258541.752531)

LINESTRING (545075.518246 258467.375499, 545072.122334 258449.522733)

LINESTRING (545075.518246 258467.375499, 545061.230807 258473.045778)

LINESTRING (545075.518246 258467.375499, 545081.278846 258465.184422, 545088.698497 258462.151466)

LINESTRING (545061.230807 258473.045778, 544990.330475 258445.893894)

LINESTRING (545061.230807 258473.045778, 545075.518246 258467.375499)

LINESTRING (545061.230807 258473.045778, 545047.756783 258481.767434, 545036.365738 258496.193309, 545023.383041 258522.716157)

LINESTRING (544990.330475 258445.893894, 545061.230807 258473.045778)

LINESTRING (544990.330475 258445.893894, 544936.949939 258432.300434)

LINESTRING (544990.330475 258445.893894, 544991.805020 258443.176633, 545013.209205 258397.376963, 545021.106882 258390.161641)

LINESTRING (545023.383041 258522.716157, 545012.777875 258545.346091)

LINESTRING (545023.383041 258522.716157, 544974.646946 258504.906071)

LINESTRING (545023.383041 258522.716157, 545036.365738 258496.193309, 545047.756783 258481.767434, 545061.230807 258473.045778)

LINESTRING (545003.961300 258556.396861, 545005.206115 258559.427421, 545003.108525 258569.650756)

LINESTRING (545003.108525 258569.650756, 544994.318047 258594.070193)

LINESTRING (545003.108525 258569.650756, 545027.234663 258578.982911, 545052.574293 258588.206004, 545066.489713 258591.729865)

LINESTRING (544962.970081 258647.648761, 544898.389283 258606.502523)

LINESTRING (544962.970081 258647.648761, 544926.413336 258705.393863)

LINESTRING (544898.389283 258606.502523, 544887.144562 258599.339584)

LINESTRING (544898.389283 258606.502523, 544896.966244 258609.566363, 544891.273403 258619.272793)

LINESTRING (544926.413336 258705.393863, 544914.015361 258731.132648)

LINESTRING (544926.413336 258705.393863, 544898.590531 258684.990431, 544900.954130 258681.564520)

LINESTRING (544854.194877 258802.512017, 544848.382764 258794.316960, 544844.654833 258788.275382)

LINESTRING (544854.194877 258802.512017, 544852.588396 258804.602140, 544851.415636 258808.229837)

LINESTRING (544844.654833 258788.275382, 544832.719498 258793.759008)

LINESTRING (544844.654833 258788.275382, 544848.382764 258794.316960, 544854.194877 258802.512017)

LINESTRING (544844.654833 258788.275382, 544842.215955 258784.219340, 544838.617149 258777.502573, 544830.597669 258763.410586, 544825.492546 258748.335239, 544820.984357 258732.019583, 544819.910846 258726.166901)

LINESTRING (544851.415636 258808.229837, 544854.760540 258811.232697, 544861.171805 258815.538427, 544869.037372 258821.790015)

LINESTRING (544851.415636 258808.229837, 544850.123756 258810.084283, 544839.640003 258822.522433, 544827.387184 258837.468947)

LINESTRING (544851.415636 258808.229837, 544852.588396 258804.602140, 544854.194877 258802.512017)

LINESTRING (544818.926492 258720.773179, 544818.929124 258702.430001)

LINESTRING (544818.926492 258720.773179, 544820.528480 258720.241199, 544847.789993 258711.421039, 544860.095692 258702.397597)

LINESTRING (544818.929124 258702.430001, 544819.568935 258698.085495)

LINESTRING (544818.929124 258702.430001, 544810.962970 258701.952356, 544799.356170 258701.334962, 544758.180767 258721.102183)

LINESTRING (544860.095692 258702.397597, 544877.081550 258721.582424, 544900.391003 258740.351145, 544901.670931 258741.479369)

LINESTRING (544860.095692 258702.397597, 544847.789993 258711.421039, 544820.528480 258720.241199, 544818.926492 258720.773179)

LINESTRING (544860.095692 258702.397597, 544852.996682 258693.307870, 544847.496219 258688.950864, 544824.058831 258681.331552, 544822.751564 258680.903780)

LINESTRING (544840.301166 258584.168437, 544836.711268 258566.376979)

LINESTRING (544836.711268 258566.376979, 544835.492958 258561.032073)

LINESTRING (544836.711268 258566.376979, 544857.002717 258563.964735, 544863.757770 258563.772600, 544871.519466 258563.064497, 544876.132658 258561.284878, 544879.933038 258556.431712, 544884.437374 258546.211908, 544901.984672 258501.768314)

LINESTRING (544818.661896 258481.056547, 544818.046030 258490.900274)

LINESTRING (544818.661896 258481.056547, 544828.031866 258477.267661)

LINESTRING (544818.661896 258481.056547, 544816.582873 258473.571683, 544816.437692 258471.753152, 544816.582633 258467.260620, 544817.278389 258445.086511)

LINESTRING (544818.661896 258481.056547, 544823.567985 258488.679670, 544825.063776 258491.550553)

LINESTRING (544818.046030 258490.900274, 544818.661896 258481.056547)

LINESTRING (544818.046030 258490.900274, 544825.063776 258491.550553)

LINESTRING (544818.046030 258490.900274, 544817.830390 258492.897483, 544816.552739 258494.028866)

LINESTRING (544818.046030 258490.900274, 544809.921113 258491.163759, 544772.814807 258488.154165)

LINESTRING (544828.031866 258477.267661, 544858.096401 258479.515322)

LINESTRING (544828.031866 258477.267661, 544818.661896 258481.056547)

LINESTRING (544817.278389 258445.086511, 544815.555753 258432.658940)

LINESTRING (544817.278389 258445.086511, 544816.582633 258467.260620, 544816.437692 258471.753152, 544816.582873 258473.571683, 544818.661896 258481.056547)

LINESTRING (544817.278389 258445.086511, 544811.322238 258444.378217, 544808.734924 258443.990968)

LINESTRING (544825.063776 258491.550553, 544818.046030 258490.900274)

LINESTRING (544825.063776 258491.550553, 544825.169590 258493.546024)

LINESTRING (544825.063776 258491.550553, 544823.567985 258488.679670, 544818.661896 258481.056547)

LINESTRING (545199.271244 258695.538025, 545186.372175 258694.214025)

LINESTRING (545199.271244 258695.538025, 545215.979725 258698.943804)

LINESTRING (545199.271244 258695.538025, 545199.429491 258700.173014, 545201.277097 258716.466772)

LINESTRING (545186.372175 258694.214025, 545199.271244 258695.538025)

LINESTRING (545186.372175 258694.214025, 545179.110081 258693.511538)

LINESTRING (545186.372175 258694.214025, 545186.272491 258705.553241)

LINESTRING (545215.979725 258698.943804, 545199.271244 258695.538025)

LINESTRING (545215.979725 258698.943804, 545227.305702 258700.511183, 545234.196265 258700.590666, 545245.662576 258699.936068, 545264.288890 258698.567510)

LINESTRING (545215.979725 258698.943804, 545215.716917 258704.412387, 545216.459154 258708.953182, 545217.306490 258713.174268, 545217.930022 258716.631912)

LINESTRING (545201.277097 258716.466772, 545203.781023 258730.197449)

LINESTRING (545201.277097 258716.466772, 545199.429491 258700.173014, 545199.271244 258695.538025)

LINESTRING (545201.277097 258716.466772, 545190.345632 258718.940307, 545131.992358 258726.758968, 545126.413960 258726.706918)

LINESTRING (544809.814787 258860.596877, 544818.460258 258849.051054)

LINESTRING (544809.814787 258860.596877, 544806.603532 258864.955291, 544801.840150 258870.715334, 544797.798653 258875.171931, 544785.729828 258888.276231)

LINESTRING (544809.814787 258860.596877, 544839.667081 258884.298172, 544845.313984 258898.843981, 544845.746702 258899.713686, 544861.947755 258930.518192)

LINESTRING (544818.460258 258849.051054, 544827.387184 258837.468947)

LINESTRING (544818.460258 258849.051054, 544809.814787 258860.596877)

LINESTRING (544818.460258 258849.051054, 544823.141318 258852.193114, 544829.620888 258856.968287, 544841.710671 258865.847676, 544861.254850 258874.922730, 544867.952329 258879.726587)

LINESTRING (544785.729828 258888.276231, 544797.798653 258875.171931, 544801.840150 258870.715334, 544806.603532 258864.955291, 544809.814787 258860.596877)

LINESTRING (544785.729828 258888.276231, 544737.997537 258934.999551, 544735.719013 258937.159126)

LINESTRING (544785.729828 258888.276231, 544789.974688 258893.943297, 544808.927487 258946.187671, 544820.252817 258986.132505, 544820.426561 258986.738636, 544822.254528 258996.019342)

LINESTRING (544785.729828 258888.276231, 544778.790537 258882.853239, 544769.678062 258879.258977, 544762.558019 258877.681922, 544757.106723 258878.435396)

LINESTRING (544861.947755 258930.518192, 544870.833908 258947.462766)

LINESTRING (544861.947755 258930.518192, 544845.746702 258899.713686, 544845.313984 258898.843981, 544839.667081 258884.298172, 544809.814787 258860.596877)

LINESTRING (544861.947755 258930.518192, 544870.231937 258925.951930, 544871.005560 258924.983920, 544878.723684 258920.601474)

LINESTRING (544735.719013 258937.159126, 544725.101727 258948.803322)

LINESTRING (544735.719013 258937.159126, 544737.997537 258934.999551, 544785.729828 258888.276231)

LINESTRING (544735.719013 258937.159126, 544745.397041 258945.500359, 544749.996097 258949.341186, 544751.951074 258950.767355, 544754.089499 258951.297304, 544755.969263 258951.318821, 544757.903988 258950.863328, 544764.751783 258948.414276, 544767.157906 258947.738814, 544769.355516 258947.647184, 544771.812759 258948.030626, 544774.250509 258949.081336, 544775.660222 258950.447064, 544776.664269 258952.357471)

LINESTRING (544822.254528 258996.019342, 544810.139378 258998.548131)

LINESTRING (544822.254528 258996.019342, 544823.341717 259005.378576, 544824.953259 259012.237614, 544828.028740 259018.137682, 544832.453322 259023.264645)

LINESTRING (544822.254528 258996.019342, 544820.426561 258986.738636, 544820.252817 258986.132505, 544808.927487 258946.187671, 544789.974688 258893.943297, 544785.729828 258888.276231)

LINESTRING (544757.106723 258878.435396, 544762.558019 258877.681922, 544769.678062 258879.258977, 544778.790537 258882.853239, 544785.729828 258888.276231)

LINESTRING (544832.453322 259023.264645, 544854.930163 259009.418413)

LINESTRING (544832.453322 259023.264645, 544806.471532 259036.552197)

LINESTRING (544832.453322 259023.264645, 544845.188961 259040.210383)

LINESTRING (544832.453322 259023.264645, 544828.028740 259018.137682, 544824.953259 259012.237614, 544823.341717 259005.378576, 544822.254528 258996.019342)

LINESTRING (544854.930163 259009.418413, 544865.548076 259002.905723)

LINESTRING (544854.930163 259009.418413, 544832.453322 259023.264645)

LINESTRING (544854.930163 259009.418413, 544877.713402 259040.994200)

LINESTRING (544806.471532 259036.552197, 544832.453322 259023.264645)

LINESTRING (544806.471532 259036.552197, 544817.173455 259059.215225)

LINESTRING (544806.471532 259036.552197, 544800.851175 259035.608821, 544795.911495 259037.579302, 544785.401019 259041.590883, 544783.390210 259042.311277, 544783.050901 259042.457192, 544782.176767 259042.888008)

LINESTRING (544845.188961 259040.210383, 544832.144667 259051.137838)

LINESTRING (544845.188961 259040.210383, 544832.453322 259023.264645)

LINESTRING (544845.188961 259040.210383, 544875.302413 259078.790113)

LINESTRING (544891.468014 258985.899028, 544916.299134 259022.732879)

LINESTRING (544891.468014 258985.899028, 544893.259914 258984.949664)

LINESTRING (544891.468014 258985.899028, 544865.548076 259002.905723)

LINESTRING (544916.299134 259022.732879, 544935.394679 259051.095664)

LINESTRING (544916.299134 259022.732879, 544891.468014 258985.899028)

LINESTRING (544916.299134 259022.732879, 544890.953819 259040.201467)

LINESTRING (544893.259914 258984.949664, 544891.468014 258985.899028)

LINESTRING (544893.259914 258984.949664, 544897.503479 258982.702917, 544900.927213 258980.198459, 544923.850334 258950.637988)

LINESTRING (544893.259914 258984.949664, 544890.001660 258979.689786, 544874.957963 258955.385899, 544871.767974 258949.426802)

LINESTRING (544865.548076 259002.905723, 544891.468014 258985.899028)

LINESTRING (544865.548076 259002.905723, 544854.930163 259009.418413)

LINESTRING (544865.548076 259002.905723, 544862.983759 258998.935042, 544856.239147 258988.497708, 544852.942147 258983.392553, 544852.837508 258974.340296)

LINESTRING (545134.722123 258238.626573, 545136.200630 258239.282050)

LINESTRING (545134.722123 258238.626573, 545193.813465 258164.713270)

LINESTRING (545136.200630 258239.282050, 545122.618214 258261.490695, 545099.031826 258288.571127, 545091.066184 258296.930802)

LINESTRING (545136.200630 258239.282050, 545196.866335 258264.778154, 545200.277198 258266.703496, 545209.643973 258271.686157)

LINESTRING (545193.813465 258164.713270, 545239.596595 258119.316943)

LINESTRING (545193.813465 258164.713270, 545134.722123 258238.626573)

LINESTRING (545193.813465 258164.713270, 545207.610409 258173.487668, 545214.619653 258177.944911, 545219.963869 258183.210444, 545232.339209 258189.850705, 545252.680002 258200.753705)

LINESTRING (545015.280330 258186.100320, 545061.740853 258206.526542, 545066.034240 258208.210479)

LINESTRING (545015.280330 258186.100320, 545033.053058 258149.455139, 545046.803908 258117.979373)

LINESTRING (545066.034240 258208.210479, 545078.251906 258213.699279, 545079.413508 258214.200764, 545083.148857 258215.790469)

LINESTRING (545066.034240 258208.210479, 545067.253789 258205.563688, 545068.831268 258201.903355, 545072.115082 258194.619853, 545076.082540 258186.644001)

LINESTRING (545046.803908 258117.979373, 545048.541166 258112.130975)

LINESTRING (545046.803908 258117.979373, 545033.053058 258149.455139, 545015.280330 258186.100320)

LINESTRING (545046.803908 258117.979373, 545049.188338 258118.995248, 545063.058557 258124.810622, 545076.929070 258130.614914, 545080.324531 258124.659228, 545132.575549 258149.373915)

LINESTRING (544844.163869 258079.652805, 544852.138982 258066.517986)

LINESTRING (544844.163869 258079.652805, 544896.732165 258108.069562, 544924.097009 258129.049344)

LINESTRING (544844.163869 258079.652805, 544833.784871 258101.799971, 544828.556495 258116.194911)

LINESTRING (544844.163869 258079.652805, 544828.245536 258071.830366, 544825.636847 258070.763525)

LINESTRING (544852.138982 258066.517986, 544844.163869 258079.652805)

LINESTRING (544852.138982 258066.517986, 544855.486063 258061.039360)

LINESTRING (544852.138982 258066.517986, 544857.617356 258069.783515, 544863.452023 258073.026071, 544865.386502 258074.229057)

LINESTRING (544924.097009 258129.049344, 544936.164832 258142.013171)

LINESTRING (544924.097009 258129.049344, 544926.962616 258126.005423, 544933.115880 258120.686807)

LINESTRING (544828.556495 258116.194911, 544825.465014 258132.121528)

LINESTRING (544828.556495 258116.194911, 544833.784871 258101.799971, 544844.163869 258079.652805)

LINESTRING (544828.556495 258116.194911, 544900.019715 258138.785977, 544925.464756 258151.506393)

LINESTRING (544825.636847 258070.763525, 544823.890972 258074.574837, 544822.523483 258077.373189, 544821.474535 258079.802406)

LINESTRING (544825.636847 258070.763525, 544805.043505 258061.201773, 544798.751659 258058.858643, 544794.087767 258057.208648, 544784.448895 258053.788279)

LINESTRING (544825.636847 258070.763525, 544828.245536 258071.830366, 544844.163869 258079.652805)

LINESTRING (544825.465014 258132.121528, 544828.556495 258116.194911)

LINESTRING (544825.465014 258132.121528, 544822.180273 258148.109283, 544818.940418 258163.263557, 544815.216033 258177.212701, 544813.027542 258185.407673)

LINESTRING (544825.465014 258132.121528, 544816.657734 258130.205755, 544800.974304 258126.052228)

LINESTRING (544813.027542 258185.407673, 544810.847475 258192.612268)

LINESTRING (544813.027542 258185.407673, 544818.809626 258186.700790)

LINESTRING (544813.027542 258185.407673, 544815.216033 258177.212701, 544818.940418 258163.263557, 544822.180273 258148.109283, 544825.465014 258132.121528)

LINESTRING (544800.974304 258126.052228, 544804.067103 258119.208210, 544808.078030 258109.730800)

LINESTRING (544800.974304 258126.052228, 544778.267258 258119.089046, 544753.884778 258112.822795, 544734.807444 258108.258718)

LINESTRING (544800.974304 258126.052228, 544816.657734 258130.205755, 544825.465014 258132.121528)

LINESTRING (544610.266544 259055.699571, 544605.736834 259052.528732)

LINESTRING (544610.266544 259055.699571, 544615.889062 259050.242697)

LINESTRING (544610.266544 259055.699571, 544619.699342 259065.647342)

LINESTRING (544610.266544 259055.699571, 544582.775489 259082.779550)

LINESTRING (544605.736834 259052.528732, 544610.266544 259055.699571)

LINESTRING (544605.736834 259052.528732, 544600.752849 259056.724230)

LINESTRING (544605.736834 259052.528732, 544598.881906 259047.731764, 544579.463335 259039.752196)

LINESTRING (544605.736834 259052.528732, 544609.169062 259048.788832, 544611.755936 259047.306039)

LINESTRING (544615.889062 259050.242697, 544610.266544 259055.699571)

LINESTRING (544615.889062 259050.242697, 544628.437899 259037.296727)

LINESTRING (544615.889062 259050.242697, 544611.755936 259047.306039)

LINESTRING (544615.889062 259050.242697, 544622.371807 259055.140133)

LINESTRING (544619.699342 259065.647342, 544610.266544 259055.699571)

LINESTRING (544619.699342 259065.647342, 544624.208014 259061.104072)

LINESTRING (544619.699342 259065.647342, 544614.761622 259070.834800)

LINESTRING (544619.699342 259065.647342, 544622.664225 259068.783655, 544638.938144 259093.367522, 544657.079581 259123.771622, 544663.976936 259133.667735, 544676.535907 259145.899624, 544696.152417 259161.365152, 544715.105765 259175.887556)

LINESTRING (544582.775489 259082.779550, 544610.266544 259055.699571)

LINESTRING (544582.775489 259082.779550, 544580.499391 259080.876592)

LINESTRING (544582.775489 259082.779550, 544588.271402 259086.112127)

LINESTRING (544582.775489 259082.779550, 544574.958009 259091.288986, 544566.474056 259100.847528)

LINESTRING (544293.340643 259023.376362, 544301.558182 259019.664294)

LINESTRING (544293.340643 259023.376362, 544319.016524 259080.645092)

LINESTRING (544293.340643 259023.376362, 544291.305817 259023.984947)

LINESTRING (544301.558182 259019.664294, 544293.340643 259023.376362)

LINESTRING (544301.558182 259019.664294, 544299.296473 259014.444981)

LINESTRING (544301.558182 259019.664294, 544336.659752 259003.801479, 544378.842111 258980.776753, 544383.641941 258977.499510, 544388.821718 258973.854902)

LINESTRING (544319.016524 259080.645092, 544293.340643 259023.376362)

LINESTRING (544319.016524 259080.645092, 544334.066089 259105.526150)

LINESTRING (544319.016524 259080.645092, 544314.848332 259084.308096, 544305.262233 259092.755299)

LINESTRING (544291.305817 259023.984947, 544287.718305 259015.688392)

LINESTRING (544291.305817 259023.984947, 544293.340643 259023.376362)

LINESTRING (544291.305817 259023.984947, 544256.601322 259034.439044, 544215.242219 259043.074647)

LINESTRING (544367.815163 258492.201937, 544362.478235 258491.835006)

LINESTRING (544367.815163 258492.201937, 544379.356314 258492.037244)

LINESTRING (544367.815163 258492.201937, 544369.405301 258477.756259)

LINESTRING (544367.815163 258492.201937, 544352.532787 258605.321964, 544349.445947 258613.635635)

LINESTRING (544362.478235 258491.835006, 544367.815163 258492.201937)

LINESTRING (544362.478235 258491.835006, 544364.316824 258474.024003)

LINESTRING (544362.478235 258491.835006, 544349.088625 258605.477654, 544345.733383 258613.850293)

LINESTRING (544379.356314 258492.037244, 544376.201758 258516.287899)

LINESTRING (544379.356314 258492.037244, 544388.247233 258414.771854)

LINESTRING (544379.356314 258492.037244, 544397.006038 258491.338183)

LINESTRING (544379.356314 258492.037244, 544367.815163 258492.201937)

LINESTRING (544379.356314 258492.037244, 544382.587587 258503.417767, 544383.685182 258507.289786)

LINESTRING (544369.405301 258477.756259, 544364.316824 258474.024003)

LINESTRING (544369.405301 258477.756259, 544374.172642 258425.369991)

LINESTRING (544369.405301 258477.756259, 544367.815163 258492.201937)

LINESTRING (544349.445947 258613.635635, 544363.641914 258612.702318)

LINESTRING (544349.445947 258613.635635, 544345.733383 258613.850293)

LINESTRING (544349.445947 258613.635635, 544343.520700 258629.012463, 544331.130737 258661.152876, 544324.416834 258690.230741)

LINESTRING (544349.445947 258613.635635, 544352.532787 258605.321964, 544367.815163 258492.201937)

LINESTRING (544428.936350 258189.461434, 544422.939717 258187.784086)

LINESTRING (544428.936350 258189.461434, 544421.657118 258214.905293)

LINESTRING (544428.936350 258189.461434, 544441.712697 258142.473162, 544449.558633 258114.485811)

LINESTRING (544422.939717 258187.784086, 544418.449719 258205.751564)

LINESTRING (544422.939717 258187.784086, 544428.936350 258189.461434)

LINESTRING (544422.939717 258187.784086, 544391.798768 258179.230163, 544364.840807 258175.450838)

LINESTRING (544421.657118 258214.905293, 544431.841780 258214.845867)

LINESTRING (544421.657118 258214.905293, 544428.936350 258189.461434)

LINESTRING (544421.657118 258214.905293, 544419.283739 258225.009479)

LINESTRING (544449.558633 258114.485811, 544461.785449 258067.826612)

LINESTRING (544449.558633 258114.485811, 544441.712697 258142.473162, 544428.936350 258189.461434)

LINESTRING (544449.558633 258114.485811, 544442.486522 258112.866147, 544428.846670 258109.919811, 544421.531572 258114.292471, 544385.206416 258108.080818)

LINESTRING (544506.658793 257926.262566, 544512.512541 257900.710466)

LINESTRING (544506.658793 257926.262566, 544545.802816 257955.230220)

LINESTRING (544506.658793 257926.262566, 544470.671686 257911.456276)

LINESTRING (544506.658793 257926.262566, 544477.472846 258016.949637, 544468.612405 258047.823596)

LINESTRING (544512.512541 257900.710466, 544506.658793 257926.262566)

LINESTRING (544512.512541 257900.710466, 544519.359514 257903.024878, 544520.110564 257903.302777, 544520.874309 257903.614437)

LINESTRING (544545.802816 257955.230220, 544506.658793 257926.262566)

LINESTRING (544545.802816 257955.230220, 544562.413548 257971.230616, 544569.148160 257977.159262, 544585.079504 257984.558253)

LINESTRING (544470.671686 257911.456276, 544506.658793 257926.262566)

LINESTRING (544470.671686 257911.456276, 544469.066006 257915.627966, 544468.346775 257917.543723, 544461.704486 257918.062510, 544453.327421 257920.612168, 544441.477049 257920.311388, 544427.850472 257918.534176, 544415.331602 257917.234493)

LINESTRING (544470.671686 257911.456276, 544459.142257 257906.712584, 544417.510256 257902.783715)

LINESTRING (544468.612405 258047.823596, 544461.785449 258067.826612)

LINESTRING (544468.612405 258047.823596, 544477.472846 258016.949637, 544506.658793 257926.262566)

LINESTRING (544468.612405 258047.823596, 544460.466308 258045.271035, 544423.629277 258037.363491)

LINESTRING (544585.079504 257984.558253, 544572.716993 257972.744330, 544565.274353 257967.173470, 544545.802816 257955.230220)

LINESTRING (544585.079504 257984.558253, 544589.549424 257987.938758, 544601.513028 257997.247841)

LINESTRING (545615.043029 257973.155450, 545624.561009 257986.268728)

LINESTRING (545615.043029 257973.155450, 545590.775423 257944.348816)

LINESTRING (545615.043029 257973.155450, 545658.005254 257939.467274)

LINESTRING (545624.561009 257986.268728, 545649.398081 258024.775980)

LINESTRING (545624.561009 257986.268728, 545615.043029 257973.155450)

LINESTRING (545590.775423 257944.348816, 545615.043029 257973.155450)

LINESTRING (545590.775423 257944.348816, 545588.799201 257942.008986)

LINESTRING (545590.775423 257944.348816, 545589.355586 257945.420184, 545588.367610 257945.992225)

LINESTRING (545590.775423 257944.348816, 545594.754139 257940.914983, 545597.084881 257938.868608, 545623.126417 257915.669171, 545623.507016 257911.094509)

LINESTRING (545658.005254 257939.467274, 545673.695846 257930.812301)

LINESTRING (545658.005254 257939.467274, 545615.043029 257973.155450)

LINESTRING (545658.005254 257939.467274, 545666.673663 257954.492411)

LINESTRING (544991.831215 257894.949678, 544974.543914 257913.811359)

LINESTRING (544974.543914 257913.811359, 544991.831215 257894.949678)

LINESTRING (544974.543914 257913.811359, 544947.683048 257941.754004, 544936.307753 257954.911711)

LINESTRING (544974.543914 257913.811359, 544968.309820 257908.553487, 544962.700167 257903.926068)

LINESTRING (544974.543914 257913.811359, 544978.579887 257916.589609, 544986.758883 257922.694652)

LINESTRING (545018.231650 258282.043627, 544993.643814 258313.692179)

LINESTRING (545018.231650 258282.043627, 545025.938183 258276.458916, 545036.769994 258265.033037, 545043.081028 258259.930657)

LINESTRING (545018.231650 258282.043627, 545020.734765 258289.752473, 545033.264949 258296.708426, 545051.437619 258272.329844, 545043.081028 258259.930657)

LINESTRING (544993.643814 258313.692179, 544986.835058 258315.708005, 544969.058503 258339.185678, 544970.515216 258341.754936)

LINESTRING (544993.643814 258313.692179, 544991.235090 258316.782816, 544988.769102 258319.960824)

LINESTRING (545043.081028 258259.930657, 545093.795563 258220.509837)

LINESTRING (545043.081028 258259.930657, 545040.664129 258258.858177)

LINESTRING (545083.148857 258215.790469, 545093.795563 258220.509837)

LINESTRING (545083.148857 258215.790469, 545083.343695 258221.283575, 545081.026278 258226.625233, 545076.456604 258230.643211)

LINESTRING (545093.795563 258220.509837, 545099.223843 258222.905994)

LINESTRING (545076.456604 258230.643211, 545040.664129 258258.858177)

LINESTRING (545076.456604 258230.643211, 545060.068185 258235.873589, 545057.605068 258235.679069, 545043.788119 258249.321596)

LINESTRING (544334.066089 259105.526150, 544319.016524 259080.645092)

LINESTRING (544334.066089 259105.526150, 544338.351760 259112.618719)

LINESTRING (544334.066089 259105.526150, 544339.867860 259103.057195, 544359.918574 259094.503069)

LINESTRING (544305.262233 259092.755299, 544295.704465 259101.169952)

LINESTRING (544305.262233 259092.755299, 544314.848332 259084.308096, 544319.016524 259080.645092)

LINESTRING (544305.262233 259092.755299, 544303.448579 259087.882947, 544302.444649 259085.494031)

LINESTRING (544406.911836 259189.335791, 544424.286710 259175.461451)

LINESTRING (544406.911836 259189.335791, 544405.834775 259186.877937, 544385.970236 259168.167367)

LINESTRING (544424.286710 259175.461451, 544446.717492 259200.658206)

LINESTRING (544424.286710 259175.461451, 544406.911836 259189.335791)

LINESTRING (544424.286710 259175.461451, 544429.108484 259171.895502)

LINESTRING (544385.970236 259168.167367, 544362.434912 259143.317171)

LINESTRING (544385.970236 259168.167367, 544369.862279 259185.262095)

LINESTRING (544360.605881 259285.189891, 544380.171891 259299.817888)

LINESTRING (544360.605881 259285.189891, 544383.313188 259240.583418)

LINESTRING (544380.171891 259299.817888, 544360.605881 259285.189891)

LINESTRING (544380.171891 259299.817888, 544371.709283 259310.546065, 544360.060854 259320.090642, 544345.655868 259329.911119)

LINESTRING (544380.171891 259299.817888, 544389.809032 259290.314921, 544402.675054 259276.298006)

LINESTRING (544383.313188 259240.583418, 544385.486687 259235.682511)

LINESTRING (544383.313188 259240.583418, 544379.584028 259236.690362)

LINESTRING (544508.441930 259027.985860, 544501.322859 259024.739613, 544485.746334 259011.852563)

LINESTRING (544508.441930 259027.985860, 544512.592904 259029.609539, 544517.332711 259031.205872, 544539.922765 259032.666122, 544553.745954 259034.160130, 544561.318269 259034.759465, 544575.327351 259038.084374, 544579.463335 259039.752196)

LINESTRING (544508.441930 259027.985860, 544513.010941 259018.791666, 544526.979892 259005.207896)

LINESTRING (544508.441930 259027.985860, 544506.012773 259032.033342, 544504.278609 259033.585577)

LINESTRING (544485.746334 259011.852563, 544482.220861 259009.412350)

LINESTRING (544485.746334 259011.852563, 544501.322859 259024.739613, 544508.441930 259027.985860)

LINESTRING (544485.746334 259011.852563, 544481.073737 259019.207213, 544464.801956 259035.796013, 544427.061617 259071.337806)

LINESTRING (544579.463335 259039.752196, 544575.327351 259038.084374, 544561.318269 259034.759465, 544553.745954 259034.160130, 544539.922765 259032.666122, 544517.332711 259031.205872, 544512.592904 259029.609539, 544508.441930 259027.985860)

LINESTRING (544579.463335 259039.752196, 544598.881906 259047.731764, 544605.736834 259052.528732)

LINESTRING (544579.463335 259039.752196, 544581.844512 259032.898437, 544583.697479 259027.509637, 544590.443243 259016.364380)

LINESTRING (544526.979892 259005.207896, 544527.796068 259004.419166, 544531.289732 259000.447263, 544538.886890 258975.346747, 544541.303307 258970.096804, 544542.054699 258968.716266)

LINESTRING (544526.979892 259005.207896, 544513.010941 259018.791666, 544508.441930 259027.985860)

LINESTRING (544526.979892 259005.207896, 544518.411714 258997.489388, 544516.106257 258995.418648)

LINESTRING (544504.278609 259033.585577, 544478.402235 259056.661664)

LINESTRING (544504.278609 259033.585577, 544506.012773 259032.033342, 544508.441930 259027.985860)

LINESTRING (544504.278609 259033.585577, 544500.178138 259029.292036, 544492.361448 259021.361743)

LINESTRING (544504.278609 259033.585577, 544508.269007 259036.729461, 544525.240292 259041.175756, 544540.982859 259042.503096, 544551.529986 259043.790238)

LINESTRING (544981.486552 259340.671958, 544977.201899 259346.434704)

LINESTRING (544981.486552 259340.671958, 544974.755668 259336.801906)

LINESTRING (544981.486552 259340.671958, 544996.573845 259348.237046, 545029.829268 259362.990053)

LINESTRING (544977.201899 259346.434704, 544981.486552 259340.671958)

LINESTRING (544977.201899 259346.434704, 544971.477193 259342.293568)

LINESTRING (544977.201899 259346.434704, 545026.542591 259369.694682)

LINESTRING (544974.755668 259336.801906, 544977.783982 259332.148856)

LINESTRING (544974.755668 259336.801906, 544981.486552 259340.671958)

LINESTRING (544974.755668 259336.801906, 544971.477193 259342.293568)

LINESTRING (544974.755668 259336.801906, 544938.339553 259316.024199)

LINESTRING (545029.829268 259362.990053, 545026.542591 259369.694682)

LINESTRING (545029.829268 259362.990053, 544996.573845 259348.237046, 544981.486552 259340.671958)

LINESTRING (544351.033308 259133.579685, 544345.847338 259125.002773)

LINESTRING (544351.033308 259133.579685, 544350.594352 259138.085912, 544349.994801 259140.828830, 544348.186098 259144.004009, 544330.357216 259160.558986, 544304.262323 259185.555142)

LINESTRING (544345.847338 259125.002773, 544338.351760 259112.618719)

LINESTRING (544345.847338 259125.002773, 544351.033308 259133.579685)

LINESTRING (544345.847338 259125.002773, 544340.163053 259127.664362, 544336.915309 259129.539874)

LINESTRING (544304.262323 259185.555142, 544303.416295 259186.432081)

LINESTRING (544304.262323 259185.555142, 544301.417579 259181.576600, 544297.882448 259177.121601)

LINESTRING (544360.438188 259141.210974, 544351.033308 259133.579685)

LINESTRING (544360.438188 259141.210974, 544371.283364 259136.251039, 544381.164131 259129.660224, 544422.494876 259096.649220)

LINESTRING (544422.494876 259096.649220, 544432.451588 259117.720214)

LINESTRING (544422.494876 259096.649220, 544422.176373 259093.501113)

LINESTRING (544422.494876 259096.649220, 544381.164131 259129.660224, 544371.283364 259136.251039, 544360.438188 259141.210974)

LINESTRING (544388.821718 258973.854902, 544383.641941 258977.499510, 544378.842111 258980.776753, 544336.659752 259003.801479, 544301.558182 259019.664294)

LINESTRING (544388.821718 258973.854902, 544368.828562 258946.147200, 544361.319129 258934.230207, 544354.619900 258921.023419, 544350.299055 258909.733595, 544348.934394 258897.661698, 544348.895553 258883.736223, 544348.656778 258855.546664, 544347.063221 258824.334654)

LINESTRING (544388.821718 258973.854902, 544399.231352 258974.703613, 544423.968962 258983.193642, 544451.152229 258994.103641)

LINESTRING (544388.821718 258973.854902, 544392.814182 258985.380072, 544394.362700 258990.667694, 544396.140286 258996.307040)

LINESTRING (544388.821718 258973.854902, 544377.109748 258972.645484, 544372.290918 258972.115523)

LINESTRING (544347.063221 258824.334654, 544345.331129 258824.406640)

LINESTRING (544347.063221 258824.334654, 544346.270243 258818.223136, 544343.607260 258799.780135)

LINESTRING (544347.063221 258824.334654, 544348.656778 258855.546664, 544348.895553 258883.736223, 544348.934394 258897.661698, 544350.299055 258909.733595, 544354.619900 258921.023419, 544361.319129 258934.230207, 544368.828562 258946.147200, 544388.821718 258973.854902)

LINESTRING (544347.063221 258824.334654, 544357.024285 258825.804638, 544371.267218 258822.769061)

LINESTRING (544451.152229 258994.103641, 544423.968962 258983.193642, 544399.231352 258974.703613, 544388.821718 258973.854902)

LINESTRING (544451.152229 258994.103641, 544459.587012 258997.488342, 544482.220861 259009.412350)

LINESTRING (544451.152229 258994.103641, 544468.456719 258971.411948, 544469.245238 258970.633533)

LINESTRING (544396.140286 258996.307040, 544394.362700 258990.667694, 544392.814182 258985.380072, 544388.821718 258973.854902)

LINESTRING (544396.140286 258996.307040, 544394.437957 258997.236928, 544393.325195 258998.818438, 544393.015032 259000.545771)

LINESTRING (544396.140286 258996.307040, 544398.077924 258996.218802, 544399.860155 258997.005352, 544401.109255 258998.488725, 544401.574035 259000.372206)

LINESTRING (544372.290918 258972.115523, 544372.337221 258970.291458, 544371.963904 258966.206792, 544365.601183 258956.003913, 544352.698060 258933.244459, 544345.512467 258909.972612, 544344.046154 258881.435643, 544345.222150 258852.563806, 544345.331129 258824.406640)

LINESTRING (544372.290918 258972.115523, 544372.030289 258974.489873, 544370.108941 258977.539329, 544363.517852 258983.391217, 544345.694307 258992.700316, 544299.296473 259014.444981)

LINESTRING (544372.290918 258972.115523, 544377.109748 258972.645484, 544388.821718 258973.854902)

LINESTRING (545676.555255 258771.709324, 545677.852466 258764.334404)

LINESTRING (545676.555255 258771.709324, 545700.781414 258776.640042)

LINESTRING (545676.555255 258771.709324, 545630.483780 258763.665730)

LINESTRING (545677.852466 258764.334404, 545676.555255 258771.709324)

LINESTRING (545677.852466 258764.334404, 545684.363636 258727.304717, 545615.926622 258719.171542)

LINESTRING (545677.852466 258764.334404, 545660.947170 258761.822846, 545635.721937 258758.076215, 545586.485301 258752.789487)

LINESTRING (545700.781414 258776.640042, 545676.555255 258771.709324)

LINESTRING (545700.781414 258776.640042, 545689.098917 258824.425782)

LINESTRING (545630.483780 258763.665730, 545676.555255 258771.709324)

LINESTRING (545630.483780 258763.665730, 545597.700211 258761.622806, 545594.672220 258761.578371)

LINESTRING (545630.483780 258763.665730, 545630.036543 258770.275356, 545618.909401 258861.086584, 545622.772388 258871.807655)

LINESTRING (545522.462854 258756.641463, 545483.100322 258761.841423)

LINESTRING (545522.462854 258756.641463, 545531.758331 258756.558237, 545575.460004 258760.546502)

LINESTRING (545522.462854 258756.641463, 545510.659455 258748.982026, 545465.493782 258746.409488, 545462.769184 258747.910074)

LINESTRING (545483.100322 258761.841423, 545522.462854 258756.641463)

LINESTRING (545483.100322 258761.841423, 545460.691257 258764.188929)

LINESTRING (545483.100322 258761.841423, 545482.169209 258751.863256, 545468.580764 258752.132224, 545463.769800 258749.464347, 545462.769184 258747.910074)

LINESTRING (545483.100322 258761.841423, 545484.158631 258771.912370, 545484.755107 258773.955666, 545492.707858 258783.271774)

LINESTRING (545575.460004 258760.546502, 545587.526019 258761.357304)

LINESTRING (545575.460004 258760.546502, 545531.758331 258756.558237, 545522.462854 258756.641463)

LINESTRING (545462.769184 258747.910074, 545455.311392 258753.412355)

LINESTRING (545462.769184 258747.910074, 545463.769800 258749.464347, 545468.580764 258752.132224, 545482.169209 258751.863256, 545483.100322 258761.841423)

LINESTRING (545462.769184 258747.910074, 545461.493667 258746.169641, 545450.708380 258739.697826, 545448.149934 258738.799069)

LINESTRING (545103.880888 258693.356422, 545105.744182 258692.542786, 545125.860534 258692.130049)

LINESTRING (545103.880888 258693.356422, 545101.712382 258695.719413, 545100.278487 258699.383936, 545099.156485 258708.277864, 545099.396525 258725.537393)

LINESTRING (545103.880888 258693.356422, 545100.656424 258690.212219, 545098.087804 258689.658399, 545095.231528 258691.222111)

LINESTRING (545125.860534 258692.130049, 545153.007988 258692.602287, 545159.248185 258692.707140, 545171.667412 258692.903949, 545176.265235 258693.283505, 545179.110081 258693.511538)

LINESTRING (545125.860534 258692.130049, 545105.744182 258692.542786, 545103.880888 258693.356422)

LINESTRING (545125.860534 258692.130049, 545125.868211 258685.095704, 545125.677519 258674.560528, 545124.684606 258672.505675)

LINESTRING (545099.396525 258725.537393, 545099.314175 258727.182317)

LINESTRING (545099.396525 258725.537393, 545096.331818 258722.776311, 545096.265489 258706.122924, 545096.115011 258698.883599, 545091.920784 258690.791266)

LINESTRING (545095.231528 258691.222111, 545103.880888 258693.356422)

LINESTRING (545095.231528 258691.222111, 545098.087804 258689.658399, 545100.656424 258690.212219, 545103.880888 258693.356422)

LINESTRING (545414.061981 258724.108029, 545426.588072 258729.284030)

LINESTRING (545414.061981 258724.108029, 545380.007090 258708.516619, 545361.983017 258700.775254, 545349.933305 258697.305257)

LINESTRING (545414.061981 258724.108029, 545409.662412 258703.687716, 545391.442974 258702.140297)

LINESTRING (545426.588072 258729.284030, 545414.061981 258724.108029)

LINESTRING (545426.588072 258729.284030, 545440.225756 258735.494446)

LINESTRING (545426.588072 258729.284030, 545432.648466 258738.544505, 545435.681947 258746.324824)

LINESTRING (545349.933305 258697.305257, 545346.883219 258696.381004)

LINESTRING (545349.933305 258697.305257, 545348.309104 258702.555822, 545348.044556 258712.042526, 545350.986156 258723.660174)

LINESTRING (545349.933305 258697.305257, 545361.983017 258700.775254, 545380.007090 258708.516619, 545414.061981 258724.108029)

LINESTRING (545391.442974 258702.140297, 545409.662412 258703.687716, 545414.061981 258724.108029)

LINESTRING (545377.212343 258762.062231, 545383.913483 258762.069587, 545390.412228 258762.449456, 545395.787203 258763.141416)

LINESTRING (545377.212343 258762.062231, 545370.313975 258762.950684, 545359.826948 258765.192006)

LINESTRING (545395.787203 258763.141416, 545390.412228 258762.449456, 545383.913483 258762.069587, 545377.212343 258762.062231)

LINESTRING (545395.787203 258763.141416, 545414.970637 258769.581255, 545420.288739 258773.143288, 545427.184581 258778.632711)

LINESTRING (545359.826948 258765.192006, 545330.352526 258771.328781)

LINESTRING (545359.826948 258765.192006, 545352.251399 258728.550255, 545350.986156 258723.660174)

LINESTRING (545359.826948 258765.192006, 545370.313975 258762.950684, 545377.212343 258762.062231)

LINESTRING (545215.614882 258799.376176, 545181.137602 258809.641401)

LINESTRING (545215.614882 258799.376176, 545265.148164 258784.499158, 545300.095415 258777.342605, 545330.352526 258771.328781)

LINESTRING (545215.614882 258799.376176, 545209.133862 258761.052638, 545207.931380 258754.016222)

LINESTRING (545181.137602 258809.641401, 545215.614882 258799.376176)

LINESTRING (545181.137602 258809.641401, 545172.977287 258812.062578)

LINESTRING (545181.137602 258809.641401, 545182.391243 258815.165540, 545195.083345 258876.989740)

LINESTRING (545330.352526 258771.328781, 545359.826948 258765.192006)

LINESTRING (545330.352526 258771.328781, 545300.095415 258777.342605, 545265.148164 258784.499158, 545215.614882 258799.376176)

LINESTRING (545330.352526 258771.328781, 545331.975604 258781.505289, 545332.614599 258785.831598)

LINESTRING (545207.931380 258754.016222, 545301.552037 258735.823398)

LINESTRING (545207.931380 258754.016222, 545209.133862 258761.052638, 545215.614882 258799.376176)

LINESTRING (545207.931380 258754.016222, 545207.389173 258750.816967, 545207.271112 258749.945316)

LINESTRING (545090.554246 258829.728500, 545110.389683 258826.046222, 545113.567625 258825.404653, 545133.521534 258821.414277)

LINESTRING (545090.554246 258829.728500, 545076.394763 258831.295229, 545054.944754 258832.670862, 545043.567309 258831.703414, 545030.930812 258829.129725, 545017.683667 258823.121093, 545005.725825 258815.580804, 544986.120160 258799.958568)

LINESTRING (545133.521534 258821.414277, 545130.697197 258801.808404)

LINESTRING (545133.521534 258821.414277, 545167.495883 258813.371258, 545172.977287 258812.062578)

LINESTRING (545133.521534 258821.414277, 545113.567625 258825.404653, 545110.389683 258826.046222, 545090.554246 258829.728500)

LINESTRING (544986.120160 258799.958568, 544963.181731 258835.851675, 544950.454234 258854.857827, 544945.929807 258862.962163, 544941.732361 258871.576944)

LINESTRING (544986.120160 258799.958568, 544973.104846 258788.358136, 544956.802182 258772.721343, 544934.508122 258749.641088, 544927.440243 258742.065919, 544920.687936 258735.156696, 544917.278926 258732.474707, 544914.015361 258731.132648)

LINESTRING (544986.120160 258799.958568, 545005.725825 258815.580804, 545017.683667 258823.121093, 545030.930812 258829.129725, 545043.567309 258831.703414, 545054.944754 258832.670862, 545076.394763 258831.295229, 545090.554246 258829.728500)

LINESTRING (544941.732361 258871.576944, 544934.112797 258890.354086)

LINESTRING (544941.732361 258871.576944, 544945.929807 258862.962163, 544950.454234 258854.857827, 544963.181731 258835.851675, 544986.120160 258799.958568)

LINESTRING (544914.015361 258731.132648, 544917.278926 258732.474707, 544920.687936 258735.156696, 544927.440243 258742.065919, 544934.508122 258749.641088, 544956.802182 258772.721343, 544973.104846 258788.358136, 544986.120160 258799.958568)

LINESTRING (544914.015361 258731.132648, 544910.832502 258731.239932, 544908.113942 258733.241870, 544901.670931 258741.479369)

LINESTRING (544934.112797 258890.354086, 544933.471898 258891.927023)

LINESTRING (544934.112797 258890.354086, 544941.732361 258871.576944)

LINESTRING (544901.670931 258741.479369, 544869.745137 258784.712337)

LINESTRING (544901.670931 258741.479369, 544900.391003 258740.351145, 544877.081550 258721.582424, 544860.095692 258702.397597)

LINESTRING (545269.842884 258437.916668, 545265.263754 258442.724470)

LINESTRING (545269.842884 258437.916668, 545266.051265 258434.054508)

LINESTRING (545269.842884 258437.916668, 545273.885814 258439.270668, 545279.172717 258438.780053, 545315.726890 258424.480194, 545332.040192 258419.003597, 545344.629511 258416.222776)

LINESTRING (545265.263754 258442.724470, 545269.842884 258437.916668)

LINESTRING (545265.263754 258442.724470, 545272.397534 258452.483661)

LINESTRING (545265.263754 258442.724470, 545260.223946 258446.917720, 545214.491527 258477.834257)

LINESTRING (545265.263754 258442.724470, 545262.310647 258438.018697, 545266.051265 258434.054508)

LINESTRING (545266.051265 258434.054508, 545248.529568 258408.196500, 545238.739539 258394.563961, 545230.099241 258382.534553, 545218.563548 258367.559755)

LINESTRING (545266.051265 258434.054508, 545262.310647 258438.018697, 545265.263754 258442.724470)

LINESTRING (545344.629511 258416.222776, 545353.930714 258426.924971, 545373.874562 258464.842153)

LINESTRING (545344.629511 258416.222776, 545332.040192 258419.003597, 545315.726890 258424.480194, 545279.172717 258438.780053, 545273.885814 258439.270668, 545269.842884 258437.916668)

LINESTRING (545344.629511 258416.222776, 545354.757352 258405.266675, 545414.625606 258376.491314)

LINESTRING (545469.923156 258343.397362, 545518.393689 258317.616770)

LINESTRING (545469.923156 258343.397362, 545473.315840 258336.150688)

LINESTRING (545469.923156 258343.397362, 545469.307036 258349.011402, 545499.146719 258408.100713)

LINESTRING (545469.923156 258343.397362, 545419.937240 258373.063073, 545414.625606 258376.491314)

LINESTRING (545518.393689 258317.616770, 545469.923156 258343.397362)

LINESTRING (545518.393689 258317.616770, 545535.863725 258348.694551)

LINESTRING (545518.393689 258317.616770, 545527.240249 258311.888192, 545542.080582 258303.029807)

LINESTRING (545473.315840 258336.150688, 545469.923156 258343.397362)

LINESTRING (545473.315840 258336.150688, 545476.696763 258336.528184, 545535.525144 258303.861347, 545545.000349 258298.385001)

LINESTRING (545473.315840 258336.150688, 545470.165724 258330.938123, 545413.757401 258222.628849, 545406.773012 258206.841023)

LINESTRING (545499.146719 258408.100713, 545524.312462 258457.491749)

LINESTRING (545499.146719 258408.100713, 545421.102817 258442.652847)

LINESTRING (545499.146719 258408.100713, 545469.307036 258349.011402, 545469.923156 258343.397362)

LINESTRING (545414.625606 258376.491314, 545411.722211 258373.823819, 545409.778972 258371.295801, 545408.377823 258368.472028, 545406.785681 258365.631521, 545405.256318 258362.982079)

LINESTRING (545414.625606 258376.491314, 545354.757352 258405.266675, 545344.629511 258416.222776)

LINESTRING (545414.625606 258376.491314, 545419.937240 258373.063073, 545469.923156 258343.397362)

LINESTRING (545629.340912 258244.919404, 545672.541690 258308.921446)

LINESTRING (545629.340912 258244.919404, 545616.991414 258253.249659, 545608.249070 258259.148108, 545575.931610 258280.938848)

LINESTRING (545629.340912 258244.919404, 545685.164277 258207.068103, 545709.840991 258190.485201)

LINESTRING (545672.541690 258308.921446, 545629.340912 258244.919404)

LINESTRING (545672.541690 258308.921446, 545689.304954 258333.768108, 545704.695956 258356.203657)

LINESTRING (545672.541690 258308.921446, 545685.573558 258299.943545, 545690.031877 258295.076902, 545710.795224 258280.627401)

LINESTRING (545575.931610 258280.938848, 545550.591379 258297.558546)

LINESTRING (545575.931610 258280.938848, 545583.548081 258294.975731, 545583.402205 258298.778142, 545595.565390 258324.257373, 545606.491029 258347.162488, 545621.478651 258376.820864, 545632.439656 258398.513843)

LINESTRING (545575.931610 258280.938848, 545608.249070 258259.148108, 545616.991414 258253.249659, 545629.340912 258244.919404)

LINESTRING (545709.840991 258190.485201, 545713.860184 258187.765022)

LINESTRING (545709.840991 258190.485201, 545705.526978 258186.251161, 545704.762427 258185.505192)

LINESTRING (545709.840991 258190.485201, 545685.164277 258207.068103, 545629.340912 258244.919404)

LINESTRING (545540.789385 258493.026089, 545524.312462 258457.491749)

LINESTRING (545540.789385 258493.026089, 545550.567259 258510.298653)

LINESTRING (545540.789385 258493.026089, 545506.631566 258517.234175, 545485.614322 258528.972253, 545417.363262 258561.018031)

LINESTRING (545540.789385 258493.026089, 545544.173717 258490.954985, 545558.760817 258481.621747, 545582.373621 258469.303489, 545615.945338 258451.801614, 545617.917837 258450.768757)

LINESTRING (545524.312462 258457.491749, 545499.146719 258408.100713)

LINESTRING (545524.312462 258457.491749, 545540.789385 258493.026089)

LINESTRING (545524.312462 258457.491749, 545422.088838 258502.742897)

LINESTRING (545550.567259 258510.298653, 545570.608595 258552.983517)

LINESTRING (545550.567259 258510.298653, 545540.789385 258493.026089)

LINESTRING (545550.567259 258510.298653, 545596.694855 258477.871831)

LINESTRING (545550.567259 258510.298653, 545518.994713 258532.400959, 545510.372403 258537.958028, 545500.642308 258543.048493, 545424.616191 258575.789765)

LINESTRING (545417.363262 258561.018031, 545396.210870 258514.205164)

LINESTRING (545417.363262 258561.018031, 545424.616191 258575.789765)

LINESTRING (545417.363262 258561.018031, 545485.614322 258528.972253, 545506.631566 258517.234175, 545540.789385 258493.026089)

LINESTRING (545617.917837 258450.768757, 545622.585651 258460.411512)

LINESTRING (545617.917837 258450.768757, 545617.236702 258449.279493)

LINESTRING (545617.917837 258450.768757, 545615.945338 258451.801614, 545582.373621 258469.303489, 545558.760817 258481.621747, 545544.173717 258490.954985, 545540.789385 258493.026089)

LINESTRING (545396.210870 258514.205164, 545373.874562 258464.842153)

LINESTRING (545396.210870 258514.205164, 545417.363262 258561.018031)

LINESTRING (545396.210870 258514.205164, 545422.088838 258502.742897)

LINESTRING (545424.616191 258575.789765, 545417.363262 258561.018031)

LINESTRING (545424.616191 258575.789765, 545427.788819 258582.561264)

LINESTRING (545424.616191 258575.789765, 545500.642308 258543.048493, 545510.372403 258537.958028, 545518.994713 258532.400959, 545550.567259 258510.298653)

LINESTRING (545588.799201 257942.008986, 545590.775423 257944.348816)

LINESTRING (545588.799201 257942.008986, 545569.058936 257919.256959, 545559.888610 257908.502584)

LINESTRING (545588.799201 257942.008986, 545592.872932 257938.600203, 545594.941366 257936.868913, 545623.507016 257911.094509)

LINESTRING (545588.799201 257942.008986, 545587.656945 257942.943808, 545586.981395 257943.124320, 545586.554134 257943.234210, 545585.774175 257943.010951, 545584.959094 257942.586309, 545584.376374 257941.934747, 545580.524813 257937.079965, 545573.033731 257928.300485, 545554.441067 257908.387154, 545550.051611 257906.243621, 545545.748234 257905.594130)

LINESTRING (545559.888610 257908.502584, 545569.058936 257919.256959, 545588.799201 257942.008986)

LINESTRING (545559.888610 257908.502584, 545573.196769 257894.334440, 545580.504584 257901.205189)

LINESTRING (545623.507016 257911.094509, 545630.886801 257919.470094)

LINESTRING (545623.507016 257911.094509, 545594.941366 257936.868913, 545592.872932 257938.600203, 545588.799201 257942.008986)

LINESTRING (545623.507016 257911.094509, 545623.126417 257915.669171, 545597.084881 257938.868608, 545594.754139 257940.914983, 545590.775423 257944.348816)

LINESTRING (545545.748234 257905.594130, 545525.380430 257904.673382)

LINESTRING (545545.748234 257905.594130, 545546.279491 257906.834102)

LINESTRING (545545.748234 257905.594130, 545550.051611 257906.243621, 545554.441067 257908.387154, 545573.033731 257928.300485, 545580.524813 257937.079965, 545584.376374 257941.934747, 545584.959094 257942.586309, 545585.774175 257943.010951, 545586.554134 257943.234210, 545586.981395 257943.124320, 545587.656945 257942.943808, 545588.799201 257942.008986)

LINESTRING (545630.886801 257919.470094, 545623.507016 257911.094509)

LINESTRING (545630.886801 257919.470094, 545628.571006 257927.059974, 545622.282547 257944.628685, 545629.604263 257953.815104)

LINESTRING (545630.886801 257919.470094, 545650.742323 257912.684921, 545660.441478 257924.056070)

LINESTRING (545302.976404 258121.085350, 545300.545554 258124.920955)

LINESTRING (545302.976404 258121.085350, 545307.454782 258113.892656)

LINESTRING (545302.976404 258121.085350, 545306.334284 258123.187299, 545308.337288 258124.615085)

LINESTRING (545300.545554 258124.920955, 545302.976404 258121.085350)

LINESTRING (545300.545554 258124.920955, 545291.647671 258134.499640, 545284.975357 258146.080304, 545277.468634 258160.697451)

LINESTRING (545307.454782 258113.892656, 545319.412695 258092.783298)

LINESTRING (545307.454782 258113.892656, 545302.976404 258121.085350)

LINESTRING (545307.454782 258113.892656, 545313.859668 258114.703729)

LINESTRING (545308.337288 258124.615085, 545342.661291 258152.168008)

LINESTRING (545308.337288 258124.615085, 545306.475565 258127.933099, 545305.531202 258129.586146)

LINESTRING (545308.337288 258124.615085, 545310.754178 258120.322718, 545311.369212 258119.405773, 545313.468836 258115.438026, 545313.859668 258114.703729)

LINESTRING (545373.874562 258464.842153, 545396.210870 258514.205164)

LINESTRING (545373.874562 258464.842153, 545353.930714 258426.924971, 545344.629511 258416.222776)

LINESTRING (545373.874562 258464.842153, 545408.367496 258448.545778, 545421.102817 258442.652847)

LINESTRING (545456.396010 258675.217748, 545456.484360 258666.382579)

LINESTRING (545456.396010 258675.217748, 545456.038917 258680.627910)

LINESTRING (545456.396010 258675.217748, 545437.642592 258673.454139)

LINESTRING (545456.484360 258666.382579, 545456.396010 258675.217748)

LINESTRING (545456.484360 258666.382579, 545536.851123 258643.441877)

LINESTRING (545456.484360 258666.382579, 545452.869903 258646.708761, 545439.702315 258609.323953, 545434.626512 258597.498923)

LINESTRING (545456.038917 258680.627910, 545456.396010 258675.217748)

LINESTRING (545456.038917 258680.627910, 545453.636876 258701.193697)

LINESTRING (545456.038917 258680.627910, 545473.535456 258682.577310, 545580.775720 258693.651334, 545591.363471 258694.741505)

LINESTRING (545437.642592 258673.454139, 545374.321481 258604.879101)

LINESTRING (545437.642592 258673.454139, 545456.396010 258675.217748)

LINESTRING (545437.642592 258673.454139, 545378.368206 258668.342463, 545346.979898 258668.601685)

LINESTRING (545536.851123 258643.441877, 545571.668766 258633.066598, 545585.843211 258632.648151, 545594.055229 258634.770473)

LINESTRING (545536.851123 258643.441877, 545541.611344 258637.827097, 545549.089549 258615.106355)

LINESTRING (545434.626512 258597.498923, 545427.788819 258582.561264)

LINESTRING (545434.626512 258597.498923, 545440.589486 258595.636991, 545486.776800 258608.646416, 545500.502718 258604.174117)

LINESTRING (545434.626512 258597.498923, 545439.702315 258609.323953, 545452.869903 258646.708761, 545456.484360 258666.382579)

LINESTRING (545434.626512 258597.498923, 545428.851976 258598.765334, 545419.496839 258596.910279)

LINESTRING (545406.773012 258206.841023, 545407.899939 258222.045181)

LINESTRING (545406.773012 258206.841023, 545404.661603 258198.386562, 545403.626393 258187.748669, 545404.846965 258174.116015, 545402.374122 258164.459973, 545401.296707 258156.659164, 545341.900995 258092.730257, 545338.956132 258088.904011)

LINESTRING (545406.773012 258206.841023, 545413.757401 258222.628849, 545470.165724 258330.938123, 545473.315840 258336.150688)

LINESTRING (545407.899939 258222.045181, 545406.773012 258206.841023)

LINESTRING (545407.899939 258222.045181, 545410.611599 258227.055615, 545442.278665 258288.012412, 545467.529719 258336.170093, 545468.818256 258339.101886, 545469.923156 258343.397362)

LINESTRING (545338.956132 258088.904011, 545336.204365 258088.055315)

LINESTRING (545338.956132 258088.904011, 545346.521678 258090.250036)

LINESTRING (545338.956132 258088.904011, 545341.900995 258092.730257, 545401.296707 258156.659164, 545402.374122 258164.459973, 545404.846965 258174.116015, 545403.626393 258187.748669, 545404.661603 258198.386562, 545406.773012 258206.841023)

LINESTRING (545338.956132 258088.904011, 545338.235786 258087.814348, 545338.002523 258087.139669, 545337.996725 258086.171132)

LINESTRING (545338.956132 258088.904011, 545342.046085 258088.015112, 545343.658757 258087.361165, 545345.190408 258086.671452, 545346.403540 258085.415866, 545347.364778 258084.820734, 545348.289539 258084.769935)

LINESTRING (545587.526019 258761.357304, 545587.478477 258764.372327)

LINESTRING (545587.526019 258761.357304, 545591.603235 258761.532734)

LINESTRING (545587.526019 258761.357304, 545575.460004 258760.546502)

LINESTRING (545587.526019 258761.357304, 545587.586359 258757.441071)

LINESTRING (544713.568817 258573.331707, 544712.304324 258536.775281)

LINESTRING (544713.568817 258573.331707, 544732.901533 258574.708763)

LINESTRING (544713.568817 258573.331707, 544710.830954 258573.418726, 544698.966531 258573.417373)

LINESTRING (544712.304324 258536.775281, 544713.568817 258573.331707)

LINESTRING (544712.304324 258536.775281, 544711.266200 258516.119967, 544710.475948 258500.324832)

LINESTRING (544712.304324 258536.775281, 544616.236053 258547.661860, 544608.064976 258546.933700, 544598.663704 258541.962301)

LINESTRING (544732.901533 258574.708763, 544713.568817 258573.331707)

LINESTRING (544732.901533 258574.708763, 544749.535051 258575.316965, 544775.478536 258573.948784, 544786.759201 258572.163499, 544835.492958 258561.032073)

LINESTRING (544732.901533 258574.708763, 544733.015561 258577.594920, 544733.143252 258586.569916, 544733.164736 258586.770894, 544733.469748 258589.673758)

LINESTRING (544698.966531 258573.417373, 544696.066961 258573.421764)

LINESTRING (544698.966531 258573.417373, 544710.830954 258573.418726, 544713.568817 258573.331707)

LINESTRING (544698.966531 258573.417373, 544698.582232 258561.752414, 544698.548564 258559.158001)

LINESTRING (544710.475948 258500.324832, 544709.557760 258483.524209)

LINESTRING (544710.475948 258500.324832, 544705.033993 258500.744737)

LINESTRING (544710.475948 258500.324832, 544711.266200 258516.119967, 544712.304324 258536.775281)

LINESTRING (544598.663704 258541.962301, 544593.656112 258537.809195)

LINESTRING (544598.663704 258541.962301, 544608.064976 258546.933700, 544616.236053 258547.661860, 544712.304324 258536.775281)

LINESTRING (544598.663704 258541.962301, 544596.869707 258546.262022, 544597.681029 258560.877895, 544598.636291 258569.153532)

LINESTRING (545124.693233 258420.218731, 545118.109211 258430.210493)

LINESTRING (545124.693233 258420.218731, 545132.050596 258426.789757, 545165.498793 258462.252028, 545197.530779 258499.587532)

LINESTRING (545124.693233 258420.218731, 545115.213066 258417.715033, 545110.323500 258415.145399, 545089.734746 258404.792226)

LINESTRING (545118.109211 258430.210493, 545096.017338 258456.722482)

LINESTRING (545118.109211 258430.210493, 545102.862030 258422.874233, 545070.983366 258412.969776)

LINESTRING (545197.530779 258499.587532, 545203.498870 258508.288453)

LINESTRING (545197.530779 258499.587532, 545208.017366 258503.445430)

LINESTRING (545197.530779 258499.587532, 545165.498793 258462.252028, 545132.050596 258426.789757, 545124.693233 258420.218731)

LINESTRING (545197.530779 258499.587532, 545211.181534 258495.112229, 545218.267961 258494.351486, 545268.615846 258464.149057, 545272.397534 258452.483661)

LINESTRING (545089.734746 258404.792226, 545066.446342 258392.979930)

LINESTRING (545089.734746 258404.792226, 545100.506465 258381.866781)

LINESTRING (545089.734746 258404.792226, 545110.323500 258415.145399, 545115.213066 258417.715033, 545124.693233 258420.218731)

LINESTRING (544899.813551 258340.244084, 544894.906100 258332.197886, 544871.577502 258318.693515)

LINESTRING (544899.813551 258340.244084, 544894.827868 258353.121158, 544890.032226 258366.048314, 544888.065971 258377.165975)

LINESTRING (544871.577502 258318.693515, 544865.323072 258315.082486)

LINESTRING (544871.577502 258318.693515, 544873.392023 258315.808068)

LINESTRING (544888.065971 258377.165975, 544847.890940 258374.767384)

LINESTRING (544888.065971 258377.165975, 544887.862980 258378.729459)

LINESTRING (544888.065971 258377.165975, 544890.032226 258366.048314, 544894.827868 258353.121158, 544899.813551 258340.244084)

LINESTRING (544852.195964 258307.486207, 544844.139241 258303.299398)

LINESTRING (544852.195964 258307.486207, 544864.929930 258291.095656, 544870.831700 258284.311514, 544874.507850 258264.294811, 544879.297347 258251.345199)

LINESTRING (544844.139241 258303.299398, 544831.807653 258296.794961)

LINESTRING (544844.139241 258303.299398, 544846.391664 258299.235763, 544847.465683 258298.053912, 544848.544205 258295.313907)

LINESTRING (544844.139241 258303.299398, 544842.604239 258306.449027, 544838.425402 258313.717641, 544837.590648 258317.945141, 544838.241004 258325.176781, 544837.928044 258326.525570)

LINESTRING (544879.297347 258251.345199, 544881.667093 258252.160215)

LINESTRING (544879.297347 258251.345199, 544874.507850 258264.294811, 544870.831700 258284.311514, 544864.929930 258291.095656, 544852.195964 258307.486207)

LINESTRING (544879.297347 258251.345199, 544883.659985 258238.961906, 544903.494637 258208.943643, 544910.678308 258191.767629, 544916.055961 258166.190862, 544918.971943 258161.656908, 544920.946300 258158.453360, 544924.220197 258153.139598, 544925.464756 258151.506393)

LINESTRING (544936.164832 258142.013171, 544945.465179 258153.727391)

LINESTRING (544936.164832 258142.013171, 544928.482338 258150.047464, 544925.464756 258151.506393)

LINESTRING (544945.465179 258153.727391, 544947.213167 258155.225485)

LINESTRING (544945.465179 258153.727391, 544949.763413 258148.232116)

LINESTRING (544945.465179 258153.727391, 544942.722250 258157.019762, 544935.866605 258167.181907, 544935.629408 258167.575674)

LINESTRING (544925.464756 258151.506393, 544928.482338 258150.047464, 544936.164832 258142.013171)

LINESTRING (544925.464756 258151.506393, 544900.019715 258138.785977, 544828.556495 258116.194911)

LINESTRING (544925.464756 258151.506393, 544924.220197 258153.139598, 544920.946300 258158.453360, 544918.971943 258161.656908, 544916.055961 258166.190862, 544910.678308 258191.767629, 544903.494637 258208.943643, 544883.659985 258238.961906, 544879.297347 258251.345199)

LINESTRING (544391.951249 259223.838723, 544394.995082 259216.993068, 544406.571322 259196.093262, 544406.911836 259189.335791)

LINESTRING (544391.951249 259223.838723, 544396.953727 259228.147334, 544402.234217 259231.362124, 544410.183649 259235.433842)

LINESTRING (544410.183649 259235.433842, 544419.052463 259234.000469)

LINESTRING (544410.183649 259235.433842, 544407.808267 259238.815097)

LINESTRING (544410.183649 259235.433842, 544402.234217 259231.362124, 544396.953727 259228.147334, 544391.951249 259223.838723)

LINESTRING (544448.620054 259156.970461, 544441.730718 259162.268148)

LINESTRING (544448.620054 259156.970461, 544485.583862 259133.037674, 544508.665400 259117.159541, 544521.449036 259112.089496)

LINESTRING (544448.620054 259156.970461, 544440.526082 259137.211478, 544432.451588 259117.720214)

LINESTRING (544441.730718 259162.268148, 544461.942176 259180.799843)

LINESTRING (544441.730718 259162.268148, 544448.620054 259156.970461)

LINESTRING (544441.730718 259162.268148, 544429.108484 259171.895502)

LINESTRING (544521.449036 259112.089496, 544480.570114 259059.229252, 544478.402235 259056.661664)

LINESTRING (544521.449036 259112.089496, 544537.559022 259109.954806, 544547.045027 259113.860077)

LINESTRING (544521.449036 259112.089496, 544508.665400 259117.159541, 544485.583862 259133.037674, 544448.620054 259156.970461)

LINESTRING (544432.451588 259117.720214, 544476.818893 259086.812786)

LINESTRING (544432.451588 259117.720214, 544422.494876 259096.649220)

LINESTRING (544432.451588 259117.720214, 544440.526082 259137.211478, 544448.620054 259156.970461)

LINESTRING (544478.402235 259056.661664, 544453.470283 259074.322550)

LINESTRING (544478.402235 259056.661664, 544504.278609 259033.585577)

LINESTRING (544478.402235 259056.661664, 544480.570114 259059.229252, 544521.449036 259112.089496)

LINESTRING (544547.045027 259113.860077, 544551.881435 259116.360843)

LINESTRING (544547.045027 259113.860077, 544537.559022 259109.954806, 544521.449036 259112.089496)

LINESTRING (544547.045027 259113.860077, 544543.119155 259118.821112, 544532.910673 259130.778135, 544524.987166 259141.521800, 544512.781556 259156.080825, 544508.547310 259160.598799, 544496.267681 259175.823537)

LINESTRING (544547.045027 259113.860077, 544555.369633 259105.777225, 544563.038204 259099.088834, 544573.232023 259089.279645)

LINESTRING (545439.294217 259098.550065, 545449.648320 259068.667537)

LINESTRING (545439.294217 259098.550065, 545375.499254 259224.625309)

LINESTRING (545439.294217 259098.550065, 545442.667042 259099.884565)

LINESTRING (545449.648320 259068.667537, 545456.076616 259070.036076)

LINESTRING (545449.648320 259068.667537, 545452.759047 259049.346920)

LINESTRING (545449.648320 259068.667537, 545439.294217 259098.550065)

LINESTRING (545449.648320 259068.667537, 545442.561577 259067.134982, 545437.439964 259077.391858, 545430.617142 259078.516169, 545428.025167 259079.697868, 545251.461886 259160.203237)

LINESTRING (545375.499254 259224.625309, 545439.294217 259098.550065)

LINESTRING (545375.499254 259224.625309, 545367.947091 259239.663916)

LINESTRING (545375.499254 259224.625309, 545380.298056 259227.459726)

LINESTRING (545375.499254 259224.625309, 545365.283241 259218.593298, 545350.540489 259211.871990)

LINESTRING (545442.667042 259099.884565, 545439.294217 259098.550065)

LINESTRING (545442.667042 259099.884565, 545444.829707 259100.749450)

LINESTRING (545442.667042 259099.884565, 545441.019218 259103.843249, 545442.685121 259104.626769, 545448.157135 259107.124824)

LINESTRING (545456.076616 259070.036076, 545444.829707 259100.749450)

LINESTRING (545456.076616 259070.036076, 545449.648320 259068.667537)

LINESTRING (545456.076616 259070.036076, 545456.394751 259067.118042, 545458.509362 259047.723667)

LINESTRING (545452.759047 259049.346920, 545449.019060 258929.359637)

LINESTRING (545452.759047 259049.346920, 545449.648320 259068.667537)

LINESTRING (545452.759047 259049.346920, 545454.449590 259047.893898, 545458.509362 259047.723667)

LINESTRING (545251.461886 259160.203237, 545350.540489 259211.871990)

LINESTRING (545251.461886 259160.203237, 544996.448766 259274.938077)

LINESTRING (545251.461886 259160.203237, 545428.025167 259079.697868, 545430.617142 259078.516169, 545437.439964 259077.391858, 545442.561577 259067.134982, 545449.648320 259068.667537)

LINESTRING (545251.461886 259160.203237, 545192.236355 259131.687163, 545096.825760 259095.456039, 545078.863397 259081.907260, 545054.108861 259048.580916, 545021.370191 259008.387191, 545020.715639 259007.622283)

LINESTRING (545449.019060 258929.359637, 545446.250526 258863.863341)

LINESTRING (545449.019060 258929.359637, 545452.759047 259049.346920)

LINESTRING (545449.019060 258929.359637, 545431.495913 258929.045712, 545332.084228 258927.264635)

LINESTRING (545458.509362 259047.723667, 545459.624006 259040.499175)

LINESTRING (545458.509362 259047.723667, 545456.394751 259067.118042, 545456.076616 259070.036076)

LINESTRING (545458.509362 259047.723667, 545454.449590 259047.893898, 545452.759047 259049.346920)

LINESTRING (545277.468634 258160.697451, 545288.096351 258148.097384, 545295.044251 258136.914374, 545300.545554 258124.920955)

LINESTRING (545324.034372 258084.203486, 545325.724625 258081.136455)

LINESTRING (545324.034372 258084.203486, 545322.564412 258087.221322, 545322.214575 258087.956820)

LINESTRING (545325.724625 258081.136455, 545324.034372 258084.203486)

LINESTRING (545325.724625 258081.136455, 545327.903013 258077.282329, 545329.488817 258074.279022, 545340.773298 258053.984764)

LINESTRING (545325.724625 258081.136455, 545322.204669 258079.196703, 545320.671157 258078.316946)

LINESTRING (545325.724625 258081.136455, 545329.478849 258083.250039, 545331.426886 258084.453610)

LINESTRING (545322.214575 258087.956820, 545322.564412 258087.221322, 545324.034372 258084.203486)

LINESTRING (545322.214575 258087.956820, 545320.951283 258090.223830, 545319.412695 258092.783298)

LINESTRING (545649.398081 258024.775980, 545684.937852 258085.859303)

LINESTRING (545649.398081 258024.775980, 545624.561009 257986.268728)

LINESTRING (545684.937852 258085.859303, 545700.180003 258111.061960)

LINESTRING (545684.937852 258085.859303, 545649.398081 258024.775980)

LINESTRING (545684.937852 258085.859303, 545690.204174 258081.895725, 545691.988637 258071.908286)

LINESTRING (545700.180003 258111.061960, 545684.937852 258085.859303)

LINESTRING (545700.180003 258111.061960, 545695.756264 258114.048529, 545695.220275 258114.600440)

LINESTRING (545700.180003 258111.061960, 545705.710126 258107.662687, 545707.569555 258106.526360, 545712.577103 258115.088365)

LINESTRING (545691.988637 258071.908286, 545677.697855 258045.976735)

LINESTRING (545550.591379 258297.558546, 545542.080582 258303.029807)

LINESTRING (545550.591379 258297.558546, 545575.931610 258280.938848)

LINESTRING (545550.591379 258297.558546, 545551.867194 258300.456596, 545554.111416 258305.542437, 545601.944111 258414.180380)

LINESTRING (545632.439656 258398.513843, 545635.540533 258397.714499, 545639.294117 258396.811898)

LINESTRING (545632.439656 258398.513843, 545621.478651 258376.820864, 545606.491029 258347.162488, 545595.565390 258324.257373, 545583.402205 258298.778142, 545583.548081 258294.975731, 545575.931610 258280.938848)

LINESTRING (545632.439656 258398.513843, 545629.071271 258402.366270, 545601.944111 258414.180380)

LINESTRING (545427.788819 258582.561264, 545424.616191 258575.789765)

LINESTRING (545427.788819 258582.561264, 545434.626512 258597.498923)

LINESTRING (545427.788819 258582.561264, 545433.404676 258580.410870, 545436.761325 258581.143817, 545482.733089 258597.307986, 545502.144966 258589.696785)

LINESTRING (545500.502718 258604.174117, 545501.099498 258603.412489, 545502.132856 258603.153428)

LINESTRING (545500.502718 258604.174117, 545486.776800 258608.646416, 545440.589486 258595.636991, 545434.626512 258597.498923)

LINESTRING (545500.502718 258604.174117, 545501.074638 258604.725180, 545502.178557 258604.857764, 545503.098678 258604.728948, 545503.825905 258604.182633)

LINESTRING (545419.496839 258596.910279, 545409.679821 258589.587659)

LINESTRING (545419.496839 258596.910279, 545413.173694 258598.928629, 545396.901316 258599.063413, 545374.321481 258604.879101)

LINESTRING (545419.496839 258596.910279, 545428.851976 258598.765334, 545434.626512 258597.498923)

LINESTRING (545502.144966 258589.696785, 545561.938746 258564.349322)

LINESTRING (545502.144966 258589.696785, 545502.087337 258593.290304, 545502.132856 258603.153428)

LINESTRING (545713.860184 258187.765022, 545722.591763 258181.543642)

LINESTRING (545713.860184 258187.765022, 545709.840991 258190.485201)

LINESTRING (545704.762427 258185.505192, 545716.892310 258176.979464)

LINESTRING (545704.762427 258185.505192, 545696.506174 258189.981924)

LINESTRING (545704.762427 258185.505192, 545702.199142 258182.435688, 545683.868888 258160.626158)

LINESTRING (545704.762427 258185.505192, 545705.526978 258186.251161, 545709.840991 258190.485201)

LINESTRING (545683.868888 258160.626158, 545627.645587 258148.989826)

LINESTRING (545683.868888 258160.626158, 545702.199142 258182.435688, 545704.762427 258185.505192)

LINESTRING (545683.868888 258160.626158, 545699.517901 258146.849950, 545709.227285 258140.868768)

LINESTRING (545627.645587 258148.989826, 545536.027158 258130.471201)

LINESTRING (545627.645587 258148.989826, 545683.868888 258160.626158)

LINESTRING (545627.645587 258148.989826, 545664.511186 258136.538111, 545695.220275 258114.600440)

LINESTRING (545709.227285 258140.868768, 545695.220275 258114.600440)

LINESTRING (545709.227285 258140.868768, 545699.517901 258146.849950, 545683.868888 258160.626158)

LINESTRING (545709.227285 258140.868768, 545712.063849 258144.413798, 545717.269965 258154.361854, 545721.944648 258162.379813, 545722.705539 258166.041921, 545722.403511 258168.871370, 545721.149334 258172.218233, 545719.714752 258174.257500, 545716.892310 258176.979464)

LINESTRING (545536.027158 258130.471201, 545627.645587 258148.989826)

LINESTRING (545536.027158 258130.471201, 545545.000349 258298.385001)

LINESTRING (545536.027158 258130.471201, 545525.380430 257904.673382)

LINESTRING (545536.027158 258130.471201, 545448.821635 258112.573533, 545391.641091 258100.199479, 545355.284283 258092.287883, 545346.521678 258090.250036)

LINESTRING (545695.220275 258114.600440, 545709.227285 258140.868768)

LINESTRING (545695.220275 258114.600440, 545695.756264 258114.048529, 545700.180003 258111.061960)

LINESTRING (545695.220275 258114.600440, 545664.511186 258136.538111, 545627.645587 258148.989826)

LINESTRING (545695.220275 258114.600440, 545693.337830 258110.237532, 545680.739719 258087.917539, 545657.290078 258046.668194, 545631.118993 258003.290983, 545612.178342 257974.985780, 545592.313345 257949.502967, 545590.601994 257947.226569, 545589.610579 257946.518480, 545588.367610 257945.992225)

LINESTRING (545334.485993 258087.882496, 545331.452775 258086.836329)

LINESTRING (545334.485993 258087.882496, 545334.977329 258087.919163, 545336.204365 258088.055315)

LINESTRING (545331.452775 258086.836329, 545324.034372 258084.203486)

LINESTRING (545331.452775 258086.836329, 545331.292268 258088.345393)

LINESTRING (545331.452775 258086.836329, 545331.502293 258085.847153, 545331.426886 258084.453610)

LINESTRING (545336.204365 258088.055315, 545338.956132 258088.904011)

LINESTRING (545336.204365 258088.055315, 545336.978172 258087.554862, 545337.628670 258086.828180, 545337.996725 258086.171132)

LINESTRING (545336.204365 258088.055315, 545334.977329 258087.919163, 545334.485993 258087.882496)

LINESTRING (545336.204365 258088.055315, 545333.905287 258085.995520, 545331.426886 258084.453610)

LINESTRING (545319.412695 258092.783298, 545323.971568 258089.844887)

LINESTRING (545319.412695 258092.783298, 545307.454782 258113.892656)

LINESTRING (545319.412695 258092.783298, 545320.951283 258090.223830, 545322.214575 258087.956820)

LINESTRING (545323.971568 258089.844887, 545326.395767 258089.036636, 545328.787728 258088.628145, 545331.292268 258088.345393)

LINESTRING (545323.971568 258089.844887, 545323.095021 258088.950999, 545322.214575 258087.956820)

LINESTRING (545499.231027 257905.697850, 545510.450484 257906.528041)

LINESTRING (545499.231027 257905.697850, 545498.260269 257906.615465)

LINESTRING (545510.450484 257906.528041, 545525.380430 257904.673382)

LINESTRING (545510.450484 257906.528041, 545499.231027 257905.697850)

LINESTRING (545510.450484 257906.528041, 545480.230972 257937.408033, 545399.390364 258018.104387, 545364.667360 258065.471007, 545346.521678 258090.250036)

LINESTRING (545498.260269 257906.615465, 545499.231027 257905.697850)

LINESTRING (545498.260269 257906.615465, 545427.311328 257978.118411, 545398.227268 258006.460990, 545384.029560 258021.605239, 545339.367090 258083.751435, 545337.996725 258086.171132)

LINESTRING (545525.380430 257904.673382, 545510.450484 257906.528041)

LINESTRING (545525.380430 257904.673382, 545545.748234 257905.594130)

LINESTRING (545525.380430 257904.673382, 545536.027158 258130.471201)

LINESTRING (545525.380430 257904.673382, 545528.212620 257905.813939, 545533.668584 257906.341422, 545546.279491 257906.834102)

LINESTRING (545546.279491 257906.834102, 545545.748234 257905.594130)

LINESTRING (545546.279491 257906.834102, 545549.812300 257907.639059, 545553.216157 257909.341818, 545555.513930 257911.446199, 545579.866346 257938.774752, 545580.715494 257940.135371, 545581.125999 257941.527631, 545581.303591 257942.234080, 545581.514998 257943.186396, 545581.986073 257944.146338, 545583.387114 257945.345075, 545585.182908 257946.143569, 545586.269388 257946.409222, 545587.332807 257946.295754, 545588.367610 257945.992225)

LINESTRING (545546.279491 257906.834102, 545533.668584 257906.341422, 545528.212620 257905.813939, 545525.380430 257904.673382)

LINESTRING (545629.604263 257953.815104, 545622.282547 257944.628685, 545628.571006 257927.059974, 545630.886801 257919.470094)

LINESTRING (545660.441478 257924.056070, 545650.742323 257912.684921, 545630.886801 257919.470094)

LINESTRING (545677.697855 258045.976735, 545675.249453 258042.020171)

LINESTRING (545677.697855 258045.976735, 545684.677096 258041.907660)

LINESTRING (545665.902876 258026.340630, 545649.398081 258024.775980)

LINESTRING (545665.902876 258026.340630, 545657.576982 258010.835801, 545660.241028 258005.359867, 545664.521605 258002.825414, 545669.368309 258000.808483, 545673.144032 258002.188336, 545675.998474 258006.757888, 545676.687832 258007.969130, 545679.866648 258007.784281)

LINESTRING (545679.866648 258007.784281, 545692.811213 258000.406621)

LINESTRING (545346.521678 258090.250036, 545338.956132 258088.904011)

LINESTRING (545346.521678 258090.250036, 545355.284283 258092.287883, 545391.641091 258100.199479, 545448.821635 258112.573533, 545536.027158 258130.471201)

LINESTRING (545346.521678 258090.250036, 545364.667360 258065.471007, 545399.390364 258018.104387, 545480.230972 257937.408033, 545510.450484 257906.528041)

LINESTRING (545337.996725 258086.171132, 545337.628670 258086.828180, 545336.978172 258087.554862, 545336.204365 258088.055315)

LINESTRING (545337.996725 258086.171132, 545339.367090 258083.751435, 545384.029560 258021.605239, 545398.227268 258006.460990, 545427.311328 257978.118411, 545498.260269 257906.615465)

LINESTRING (545337.996725 258086.171132, 545338.002523 258087.139669, 545338.235786 258087.814348, 545338.956132 258088.904011)

LINESTRING (545348.289539 258084.769935, 545347.364778 258084.820734, 545346.403540 258085.415866, 545345.190408 258086.671452, 545343.658757 258087.361165, 545342.046085 258088.015112, 545338.956132 258088.904011)

LINESTRING (545460.691257 258764.188929, 545483.100322 258761.841423)

LINESTRING (545460.691257 258764.188929, 545459.374716 258759.419747, 545457.910925 258756.638635, 545456.530663 258754.739300, 545455.311392 258753.412355)

LINESTRING (545455.311392 258753.412355, 545452.721840 258751.243784)

LINESTRING (545492.707858 258783.271774, 545559.529669 258861.501488)

LINESTRING (545492.707858 258783.271774, 545484.755107 258773.955666, 545484.158631 258771.912370, 545483.100322 258761.841423)

LINESTRING (545492.707858 258783.271774, 545480.288842 258799.146869, 545472.055411 258818.495189, 545467.335534 258843.011116)

LINESTRING (545427.184581 258778.632711, 545429.587353 258781.107447, 545432.172370 258782.964214, 545437.612575 258785.160777, 545442.254538 258785.664317)

LINESTRING (545448.149934 258738.799069, 545440.225756 258735.494446)

LINESTRING (545448.149934 258738.799069, 545450.708380 258739.697826, 545461.493667 258746.169641, 545462.769184 258747.910074)

LINESTRING (545448.149934 258738.799069, 545447.735124 258735.225077, 545448.140144 258721.657531)

LINESTRING (545440.225756 258735.494446, 545435.681947 258746.324824)

LINESTRING (545440.225756 258735.494446, 545448.149934 258738.799069)

LINESTRING (545440.225756 258735.494446, 545426.588072 258729.284030)

LINESTRING (545448.140144 258721.657531, 545453.636876 258701.193697)

LINESTRING (545448.140144 258721.657531, 545441.903186 258732.627435, 545440.225756 258735.494446)

LINESTRING (545435.681947 258746.324824, 545434.047435 258749.593801)

LINESTRING (545214.491527 258477.834257, 545260.223946 258446.917720, 545265.263754 258442.724470)

LINESTRING (545208.017366 258503.445430, 545308.813278 258534.103752)

LINESTRING (545208.017366 258503.445430, 545197.530779 258499.587532)

LINESTRING (545208.017366 258503.445430, 545245.822449 258536.976775, 545282.175226 258571.278400)

LINESTRING (545308.813278 258534.103752, 545208.017366 258503.445430)

LINESTRING (545308.813278 258534.103752, 545272.397534 258452.483661)

LINESTRING (545308.813278 258534.103752, 545313.282912 258547.023929)

LINESTRING (545308.813278 258534.103752, 545301.194005 258550.008705, 545295.752499 258558.809364, 545293.970238 258563.387472, 545291.912397 258568.035416, 545289.361753 258570.832356)

LINESTRING (545308.813278 258534.103752, 545345.187092 258545.755565, 545365.363017 258558.257095, 545409.679821 258589.587659)

LINESTRING (545282.175226 258571.278400, 545285.871418 258574.659163)

LINESTRING (545282.175226 258571.278400, 545245.822449 258536.976775, 545208.017366 258503.445430)

LINESTRING (545282.175226 258571.278400, 545280.092811 258573.499144, 545279.956314 258576.522682, 545282.378468 258578.808685)

LINESTRING (545282.175226 258571.278400, 545284.426513 258568.895647, 545287.193677 258568.976763, 545289.361753 258570.832356)

LINESTRING (545203.498870 258508.288453, 545197.530779 258499.587532)

LINESTRING (545203.498870 258508.288453, 545225.099664 258572.065539, 545246.446815 258633.976499)

LINESTRING (545203.498870 258508.288453, 545201.465310 258509.542294, 545197.352944 258512.660838)

LINESTRING (545246.446815 258633.976499, 545257.649367 258615.961491)

LINESTRING (545246.446815 258633.976499, 545248.922683 258641.662430, 545253.592447 258654.521634, 545263.172134 258677.876268)

LINESTRING (545246.446815 258633.976499, 545225.099664 258572.065539, 545203.498870 258508.288453)

LINESTRING (545197.352944 258512.660838, 545193.164122 258515.821668)

LINESTRING (545197.352944 258512.660838, 545201.465310 258509.542294, 545203.498870 258508.288453)

LINESTRING (545197.352944 258512.660838, 545201.246991 258517.694666, 545203.902400 258522.291505, 545203.157653 258530.205842)

LINESTRING (545263.172134 258677.876268, 545266.588075 258676.351315, 545272.128641 258679.096032, 545346.979898 258668.601685)

LINESTRING (545263.172134 258677.876268, 545253.592447 258654.521634, 545248.922683 258641.662430, 545246.446815 258633.976499)

LINESTRING (545263.172134 258677.876268, 545266.411163 258686.586339, 545267.960446 258692.987359, 545268.088666 258698.178006)

LINESTRING (545346.979898 258668.601685, 545345.513436 258647.254575)

LINESTRING (545346.979898 258668.601685, 545272.128641 258679.096032, 545266.588075 258676.351315, 545263.172134 258677.876268)

LINESTRING (545346.979898 258668.601685, 545346.971576 258671.217148, 545346.937406 258689.403663, 545346.883219 258696.381004)

LINESTRING (545346.979898 258668.601685, 545378.368206 258668.342463, 545437.642592 258673.454139)

LINESTRING (545268.088666 258698.178006, 545294.172426 258695.280641)

LINESTRING (545268.088666 258698.178006, 545264.288890 258698.567510)

LINESTRING (545268.088666 258698.178006, 545267.960446 258692.987359, 545266.411163 258686.586339, 545263.172134 258677.876268)

LINESTRING (545345.513436 258647.254575, 545346.979898 258668.601685)

LINESTRING (545345.513436 258647.254575, 545336.497040 258622.191032)

LINESTRING (545345.513436 258647.254575, 545356.968873 258628.323346, 545367.211312 258607.152690)

LINESTRING (545346.883219 258696.381004, 545349.933305 258697.305257)

LINESTRING (545346.883219 258696.381004, 545346.937406 258689.403663, 545346.971576 258671.217148, 545346.979898 258668.601685)

LINESTRING (545346.883219 258696.381004, 545320.391782 258694.056987, 545316.442058 258693.729692, 545312.590891 258693.772602, 545304.763277 258694.166416, 545294.172426 258695.280641)

LINESTRING (545294.172426 258695.280641, 545268.088666 258698.178006)

LINESTRING (545294.172426 258695.280641, 545304.763277 258694.166416, 545312.590891 258693.772602, 545316.442058 258693.729692, 545320.391782 258694.056987, 545346.883219 258696.381004)

LINESTRING (545294.172426 258695.280641, 545295.954141 258709.379776, 545295.692825 258710.362744, 545291.086771 258711.897309, 545282.003336 258712.443563)

LINESTRING (545264.288890 258698.567510, 545268.088666 258698.178006)

LINESTRING (545264.288890 258698.567510, 545245.662576 258699.936068, 545234.196265 258700.590666, 545227.305702 258700.511183, 545215.979725 258698.943804)

LINESTRING (545264.288890 258698.567510, 545265.068818 258703.220726, 545265.467530 258706.182039, 545266.176198 258710.933342, 545266.470508 258713.257147)

LINESTRING (545573.201232 258559.938435, 545570.608595 258552.983517)

LINESTRING (545573.201232 258559.938435, 545595.793104 258620.073355, 545594.055229 258634.770473)

LINESTRING (545570.608595 258552.983517, 545604.585399 258541.225797)

LINESTRING (545570.608595 258552.983517, 545573.201232 258559.938435)

LINESTRING (545570.608595 258552.983517, 545550.567259 258510.298653)

LINESTRING (545594.055229 258634.770473, 545595.793104 258620.073355, 545573.201232 258559.938435)

LINESTRING (545594.055229 258634.770473, 545606.722468 258633.050040, 545663.220395 258637.248031)

LINESTRING (545594.055229 258634.770473, 545597.700316 258638.951390, 545599.091001 258643.288694, 545595.615573 258667.317945, 545594.523855 258673.986553)

LINESTRING (545594.055229 258634.770473, 545577.825716 258622.506325, 545570.217513 258620.546465, 545549.089549 258615.106355)

LINESTRING (545594.672220 258761.578371, 545594.968601 258764.291838)

LINESTRING (545594.672220 258761.578371, 545591.603235 258761.532734)

LINESTRING (545594.672220 258761.578371, 545597.700211 258761.622806, 545630.483780 258763.665730)

LINESTRING (545594.968601 258764.291838, 545594.672220 258761.578371)

LINESTRING (545594.968601 258764.291838, 545591.680333 258764.262020)

LINESTRING (545594.968601 258764.291838, 545595.173991 258766.145568, 545596.259202 258788.327541)

LINESTRING (545591.603235 258761.532734, 545594.672220 258761.578371)

LINESTRING (545591.603235 258761.532734, 545587.526019 258761.357304)

LINESTRING (545591.603235 258761.532734, 545591.680333 258764.262020)

LINESTRING (545591.603235 258761.532734, 545591.348315 258757.640632, 545587.586359 258757.441071)

LINESTRING (545594.523855 258673.986553, 545591.363471 258694.741505)

LINESTRING (545594.523855 258673.986553, 545610.735960 258675.431216, 545619.847956 258676.478088)

LINESTRING (545591.363471 258694.741505, 545590.832680 258698.610526)

LINESTRING (545591.363471 258694.741505, 545580.775720 258693.651334, 545473.535456 258682.577310, 545456.038917 258680.627910)

LINESTRING (545619.847956 258676.478088, 545617.919990 258699.039022)

LINESTRING (545619.847956 258676.478088, 545610.735960 258675.431216, 545594.523855 258673.986553)

LINESTRING (545617.919990 258699.039022, 545619.847956 258676.478088)

LINESTRING (545617.919990 258699.039022, 545617.722863 258701.326154)

LINESTRING (545617.919990 258699.039022, 545619.876295 258699.252333, 545622.359995 258699.436618)

LINESTRING (545590.832680 258698.610526, 545589.009561 258716.210254)

LINESTRING (545590.832680 258698.610526, 545613.536636 258700.902627)

LINESTRING (545624.378599 258534.383145, 545606.236675 258540.650989)

LINESTRING (545624.378599 258534.383145, 545596.694855 258477.871831)

LINESTRING (545624.378599 258534.383145, 545633.570193 258551.115523, 545644.666843 258574.226141, 545647.518970 258581.422473, 545650.740936 258594.183895, 545654.414976 258603.196430, 545660.806717 258624.209823, 545663.220395 258637.248031)

LINESTRING (545606.236675 258540.650989, 545624.378599 258534.383145)

LINESTRING (545606.236675 258540.650989, 545604.585399 258541.225797)

LINESTRING (545606.236675 258540.650989, 545607.287323 258542.830080, 545613.457520 258558.126841, 545622.728867 258579.592089)

LINESTRING (545596.694855 258477.871831, 545624.378599 258534.383145)

LINESTRING (545596.694855 258477.871831, 545622.585651 258460.411512)

LINESTRING (545596.694855 258477.871831, 545550.567259 258510.298653)

LINESTRING (545663.220395 258637.248031, 545696.158692 258639.173461)

LINESTRING (545663.220395 258637.248031, 545606.722468 258633.050040, 545594.055229 258634.770473)

LINESTRING (545663.220395 258637.248031, 545660.806717 258624.209823, 545654.414976 258603.196430, 545650.740936 258594.183895, 545647.518970 258581.422473, 545644.666843 258574.226141, 545633.570193 258551.115523, 545624.378599 258534.383145)

LINESTRING (545712.469268 258506.551980, 545695.428510 258463.487210)

LINESTRING (545695.428510 258463.487210, 545683.649205 258444.986791)

LINESTRING (545695.428510 258463.487210, 545712.469268 258506.551980)

LINESTRING (545683.649205 258444.986791, 545695.428510 258463.487210)

LINESTRING (545683.649205 258444.986791, 545680.441124 258439.894812, 545668.798030 258421.409568, 545667.099313 258418.710537)

LINESTRING (545667.099313 258418.710537, 545654.974838 258425.678220)

LINESTRING (545667.099313 258418.710537, 545668.798030 258421.409568, 545680.441124 258439.894812, 545683.649205 258444.986791)

LINESTRING (545502.132856 258603.153428, 545501.099498 258603.412489, 545500.502718 258604.174117)

LINESTRING (545502.132856 258603.153428, 545502.087337 258593.290304, 545502.144966 258589.696785)

LINESTRING (545502.132856 258603.153428, 545503.095883 258603.426575, 545503.825905 258604.182633)

LINESTRING (545503.825905 258604.182633, 545549.089549 258615.106355)

LINESTRING (545503.825905 258604.182633, 545503.095883 258603.426575, 545502.132856 258603.153428)

LINESTRING (545503.825905 258604.182633, 545503.098678 258604.728948, 545502.178557 258604.857764, 545501.074638 258604.725180, 545500.502718 258604.174117)

LINESTRING (545585.676253 258749.370857, 545586.485301 258752.789487)

LINESTRING (545585.676253 258749.370857, 545584.531590 258755.514769, 545580.658131 258757.248679, 545575.460004 258760.546502)

LINESTRING (545586.485301 258752.789487, 545587.586359 258757.441071)

LINESTRING (545586.485301 258752.789487, 545585.676253 258749.370857)

LINESTRING (545586.485301 258752.789487, 545635.721937 258758.076215, 545660.947170 258761.822846, 545677.852466 258764.334404)

LINESTRING (545549.089549 258615.106355, 545503.825905 258604.182633)

LINESTRING (545549.089549 258615.106355, 545541.611344 258637.827097, 545536.851123 258643.441877)

LINESTRING (545549.089549 258615.106355, 545562.749977 258569.092561, 545561.938746 258564.349322)

LINESTRING (545549.089549 258615.106355, 545570.217513 258620.546465, 545577.825716 258622.506325, 545594.055229 258634.770473)

LINESTRING (545561.938746 258564.349322, 545573.201232 258559.938435)

LINESTRING (545561.938746 258564.349322, 545562.749977 258569.092561, 545549.089549 258615.106355)

LINESTRING (545604.585399 258541.225797, 545606.236675 258540.650989)

LINESTRING (545604.585399 258541.225797, 545570.608595 258552.983517)

LINESTRING (545604.585399 258541.225797, 545593.101151 258516.634645)

LINESTRING (545602.380088 258908.162405, 545599.696724 258900.347728, 545597.134933 258893.282382, 545596.341337 258888.873570, 545595.245042 258880.337505, 545594.183765 258872.704057)

LINESTRING (545602.380088 258908.162405, 545592.535781 258899.936989, 545559.529669 258861.501488)

LINESTRING (545602.380088 258908.162405, 545604.260237 258905.379317, 545604.544985 258904.764364)

LINESTRING (545594.183765 258872.704057, 545599.923434 258872.382936)

LINESTRING (545594.183765 258872.704057, 545591.829708 258837.851460)

LINESTRING (545594.183765 258872.704057, 545595.245042 258880.337505, 545596.341337 258888.873570, 545597.134933 258893.282382, 545599.696724 258900.347728, 545602.380088 258908.162405)

LINESTRING (545559.529669 258861.501488, 545492.707858 258783.271774)

LINESTRING (545559.529669 258861.501488, 545536.882281 258957.428518)

LINESTRING (545559.529669 258861.501488, 545517.944394 258936.135899)

LINESTRING (545559.529669 258861.501488, 545579.843587 258818.265497, 545582.320510 258812.160721, 545590.533949 258792.344487)

LINESTRING (545559.529669 258861.501488, 545592.535781 258899.936989, 545602.380088 258908.162405)

LINESTRING (545604.544985 258904.764364, 545604.260237 258905.379317, 545602.380088 258908.162405)

LINESTRING (545604.544985 258904.764364, 545677.574900 258928.237065, 545678.611371 258928.568063)

LINESTRING (545604.544985 258904.764364, 545603.549170 258904.445707, 545599.923434 258872.382936)

LINESTRING (545671.706629 259093.901037, 545536.882281 258957.428518)

LINESTRING (545671.706629 259093.901037, 545673.633543 259096.039125)

LINESTRING (545671.706629 259093.901037, 545635.749802 259120.103261, 545582.591998 259161.828564)

LINESTRING (545536.882281 258957.428518, 545559.529669 258861.501488)

LINESTRING (545536.882281 258957.428518, 545671.706629 259093.901037)

LINESTRING (545536.882281 258957.428518, 545517.944394 258936.135899)

LINESTRING (545536.882281 258957.428518, 545533.948387 259020.308707, 545525.020958 259075.399489, 545513.995380 259121.613157, 545502.085084 259156.280594)

LINESTRING (545673.633543 259096.039125, 545671.706629 259093.901037)

LINESTRING (545582.591998 259161.828564, 545569.148033 259173.276675)

LINESTRING (545582.591998 259161.828564, 545564.347364 259167.481252, 545550.971649 259182.660201)

LINESTRING (545582.591998 259161.828564, 545635.749802 259120.103261, 545671.706629 259093.901037)

LINESTRING (545569.148033 259173.276675, 545550.971649 259182.660201)

LINESTRING (545569.148033 259173.276675, 545582.591998 259161.828564)

LINESTRING (545569.148033 259173.276675, 545554.758886 259199.678983, 545543.105717 259215.810134, 545527.283167 259239.343211, 545504.961951 259257.398415, 545465.909293 259286.182241, 545443.386422 259295.282706, 545415.672933 259308.382684, 545379.890204 259322.693043, 545350.801893 259336.754794, 545342.055325 259341.006154)

LINESTRING (545550.971649 259182.660201, 545569.148033 259173.276675)

LINESTRING (545550.971649 259182.660201, 545541.171320 259191.811178)

LINESTRING (545550.971649 259182.660201, 545564.347364 259167.481252, 545582.591998 259161.828564)

LINESTRING (545541.171320 259191.811178, 545502.085084 259156.280594)

LINESTRING (545541.171320 259191.811178, 545550.971649 259182.660201)

LINESTRING (545541.171320 259191.811178, 545479.032545 259239.061706)

LINESTRING (545342.055325 259341.006154, 545347.520267 259327.887552)

LINESTRING (545342.055325 259341.006154, 545338.505819 259341.970585, 545321.088864 259346.245937, 545296.678429 259346.988198)

LINESTRING (545342.055325 259341.006154, 545350.801893 259336.754794, 545379.890204 259322.693043, 545415.672933 259308.382684, 545443.386422 259295.282706, 545465.909293 259286.182241, 545504.961951 259257.398415, 545527.283167 259239.343211, 545543.105717 259215.810134, 545554.758886 259199.678983, 545569.148033 259173.276675)

LINESTRING (545347.520267 259327.887552, 545447.626820 259260.300967)

LINESTRING (545347.520267 259327.887552, 545342.055325 259341.006154)

LINESTRING (545347.520267 259327.887552, 545339.357065 259330.898262, 545332.783699 259333.321168)

LINESTRING (545296.678429 259346.988198, 545314.069019 259338.248585, 545322.986369 259333.768441, 545332.783699 259333.321168)

LINESTRING (545296.678429 259346.988198, 545285.699360 259346.465914, 545268.092716 259347.418946)

LINESTRING (545296.678429 259346.988198, 545321.088864 259346.245937, 545338.505819 259341.970585, 545342.055325 259341.006154)

LINESTRING (545332.783699 259333.321168, 545322.986369 259333.768441, 545314.069019 259338.248585, 545296.678429 259346.988198)

LINESTRING (545332.783699 259333.321168, 545339.357065 259330.898262, 545347.520267 259327.887552)

LINESTRING (545332.783699 259333.321168, 545333.544518 259317.871834, 545335.394491 259306.316794, 545338.046702 259298.647631, 545342.901753 259289.072953, 545345.061196 259284.684021, 545354.331191 259265.855690, 545367.947091 259239.663916)

LINESTRING (545268.092716 259347.418946, 545263.511243 259340.205520)

LINESTRING (545268.092716 259347.418946, 545256.758991 259348.032788, 545245.463592 259349.671801, 545220.126165 259348.918016, 545201.297141 259348.188120, 545164.000797 259340.216570, 545161.938377 259339.666399)

LINESTRING (545268.092716 259347.418946, 545285.699360 259346.465914, 545296.678429 259346.988198)

LINESTRING (545447.626820 259260.300967, 545468.794154 259246.140776)

LINESTRING (545447.626820 259260.300967, 545347.520267 259327.887552)

LINESTRING (545447.626820 259260.300967, 545460.909629 259263.874255)

LINESTRING (545447.626820 259260.300967, 545387.254044 259244.626980, 545375.874171 259241.677388, 545367.947091 259239.663916)

LINESTRING (545468.794154 259246.140776, 545447.626820 259260.300967)

LINESTRING (545468.794154 259246.140776, 545386.635960 259229.805032)

LINESTRING (545468.794154 259246.140776, 545471.779749 259244.358469)

LINESTRING (545460.909629 259263.874255, 545447.626820 259260.300967)

LINESTRING (545367.947091 259239.663916, 545375.499254 259224.625309)

LINESTRING (545367.947091 259239.663916, 545375.874171 259241.677388, 545387.254044 259244.626980, 545447.626820 259260.300967)

LINESTRING (545367.947091 259239.663916, 545354.331191 259265.855690, 545345.061196 259284.684021, 545342.901753 259289.072953, 545338.046702 259298.647631, 545335.394491 259306.316794, 545333.544518 259317.871834, 545332.783699 259333.321168)

LINESTRING (545367.947091 259239.663916, 545360.318514 259227.474639, 545350.540489 259211.871990)

LINESTRING (545380.298056 259227.459726, 545375.499254 259224.625309)

LINESTRING (545380.298056 259227.459726, 545383.221509 259229.192840, 545386.635960 259229.805032)

LINESTRING (545380.298056 259227.459726, 545380.630928 259226.601298, 545382.046965 259227.277293, 545386.635960 259229.805032)

LINESTRING (545350.540489 259211.871990, 545251.461886 259160.203237)

LINESTRING (545350.540489 259211.871990, 545365.283241 259218.593298, 545375.499254 259224.625309)

LINESTRING (545350.540489 259211.871990, 545360.318514 259227.474639, 545367.947091 259239.663916)

LINESTRING (545449.566510 259112.920759, 545476.109876 259230.316218)

LINESTRING (545449.566510 259112.920759, 545502.085084 259156.280594)

LINESTRING (545449.566510 259112.920759, 545466.634446 259082.367138, 545473.045427 259049.619620, 545476.304327 259014.074816)

LINESTRING (545449.566510 259112.920759, 545449.318093 259108.338754, 545448.157135 259107.124824)

LINESTRING (545476.109876 259230.316218, 545449.566510 259112.920759)

LINESTRING (545476.109876 259230.316218, 545479.032545 259239.061706)

LINESTRING (545476.109876 259230.316218, 545502.085084 259156.280594)

LINESTRING (545502.085084 259156.280594, 545541.171320 259191.811178)

LINESTRING (545502.085084 259156.280594, 545449.566510 259112.920759)

LINESTRING (545502.085084 259156.280594, 545476.109876 259230.316218)

LINESTRING (545502.085084 259156.280594, 545513.995380 259121.613157, 545525.020958 259075.399489, 545533.948387 259020.308707, 545536.882281 258957.428518)

LINESTRING (545476.304327 259014.074816, 545472.296672 259019.689473)

LINESTRING (545476.304327 259014.074816, 545517.944394 258936.135899)

LINESTRING (545476.304327 259014.074816, 545473.045427 259049.619620, 545466.634446 259082.367138, 545449.566510 259112.920759)

LINESTRING (545448.157135 259107.124824, 545446.113804 259103.592074, 545444.829707 259100.749450)

LINESTRING (545448.157135 259107.124824, 545449.318093 259108.338754, 545449.566510 259112.920759)

LINESTRING (545448.157135 259107.124824, 545442.685121 259104.626769, 545441.019218 259103.843249, 545442.667042 259099.884565)

LINESTRING (545479.032545 259239.061706, 545476.109876 259230.316218)

LINESTRING (545479.032545 259239.061706, 545541.171320 259191.811178)

LINESTRING (545479.032545 259239.061706, 545471.779749 259244.358469)

LINESTRING (545471.779749 259244.358469, 545479.032545 259239.061706)

LINESTRING (545471.779749 259244.358469, 545468.794154 259246.140776)

LINESTRING (545471.779749 259244.358469, 545473.569323 259247.215942, 545479.257159 259243.754323, 545490.800077 259236.724708, 545499.247919 259247.780665, 545528.273583 259287.801982)

LINESTRING (545535.458243 259321.839205, 545535.708844 259310.048020)

LINESTRING (545535.458243 259321.839205, 545535.756803 259346.825274)

LINESTRING (545535.458243 259321.839205, 545542.681479 259321.272218, 545615.393132 259315.583612, 545621.554243 259315.096833)

LINESTRING (545535.708844 259310.048020, 545535.458243 259321.839205)

LINESTRING (545535.708844 259310.048020, 545532.891200 259308.440357, 545530.424845 259307.210325)

LINESTRING (545535.708844 259310.048020, 545534.761814 259305.044780, 545533.684740 259299.347618, 545528.273583 259287.801982)

LINESTRING (545535.708844 259310.048020, 545537.800363 259303.787212, 545538.408017 259287.754585)

LINESTRING (545535.756803 259346.825274, 545535.458243 259321.839205)

LINESTRING (545535.756803 259346.825274, 545484.551523 259346.145224)

LINESTRING (545621.554243 259315.096833, 545612.183315 259233.322378)

LINESTRING (545621.554243 259315.096833, 545628.281747 259314.415224, 545664.382268 259310.723537)

LINESTRING (545621.554243 259315.096833, 545615.393132 259315.583612, 545542.681479 259321.272218, 545535.458243 259321.839205)

LINESTRING (545472.296672 259019.689473, 545467.633070 259026.219855)

LINESTRING (545472.296672 259019.689473, 545476.304327 259014.074816)

LINESTRING (545472.296672 259019.689473, 545473.052445 258974.843845, 545470.254929 258926.421140, 545471.944958 258901.460093, 545477.363230 258893.916710)

LINESTRING (545517.944394 258936.135899, 545477.363230 258893.916710)

LINESTRING (545517.944394 258936.135899, 545476.304327 259014.074816)

LINESTRING (545517.944394 258936.135899, 545559.529669 258861.501488)

LINESTRING (545517.944394 258936.135899, 545536.882281 258957.428518)

LINESTRING (545477.363230 258893.916710, 545476.738107 258863.266705)

LINESTRING (545477.363230 258893.916710, 545517.944394 258936.135899)

LINESTRING (545477.363230 258893.916710, 545457.894968 258874.834914)

LINESTRING (545477.363230 258893.916710, 545471.944958 258901.460093, 545470.254929 258926.421140, 545473.052445 258974.843845, 545472.296672 259019.689473)

LINESTRING (545446.250526 258863.863341, 545454.797086 258871.582872)

LINESTRING (545446.250526 258863.863341, 545445.261340 258841.417111)

LINESTRING (545446.250526 258863.863341, 545449.019060 258929.359637)

LINESTRING (545454.797086 258871.582872, 545446.250526 258863.863341)

LINESTRING (545454.797086 258871.582872, 545457.420790 258869.789926)

LINESTRING (545454.797086 258871.582872, 545456.187106 258873.148575, 545457.894968 258874.834914)

LINESTRING (545454.797086 258871.582872, 545456.135781 258872.334528, 545457.894968 258874.834914)

LINESTRING (545445.261340 258841.417111, 545446.250526 258863.863341)

LINESTRING (545445.261340 258841.417111, 545454.247831 258842.070434, 545467.335534 258843.011116)

LINESTRING (545445.261340 258841.417111, 545444.464997 258826.612190, 545442.718650 258794.315348, 545442.254538 258785.664317)

LINESTRING (545476.738107 258863.266705, 545477.363230 258893.916710)

LINESTRING (545476.738107 258863.266705, 545476.383757 258854.140269, 545467.335534 258843.011116)

LINESTRING (545476.738107 258863.266705, 545471.257689 258864.074199, 545468.255832 258863.607639)

LINESTRING (545457.894968 258874.834914, 545477.363230 258893.916710)

LINESTRING (545457.894968 258874.834914, 545456.187106 258873.148575, 545454.797086 258871.582872)

LINESTRING (545457.894968 258874.834914, 545456.135781 258872.334528, 545454.797086 258871.582872)

LINESTRING (545467.335534 258843.011116, 545476.383757 258854.140269, 545476.738107 258863.266705)

LINESTRING (545467.335534 258843.011116, 545454.247831 258842.070434, 545445.261340 258841.417111)

LINESTRING (545467.335534 258843.011116, 545472.055411 258818.495189, 545480.288842 258799.146869, 545492.707858 258783.271774)

LINESTRING (545442.254538 258785.664317, 545448.055845 258784.643592, 545451.437943 258783.106642, 545455.997997 258779.411523, 545459.263964 258774.376136, 545460.779975 258768.621546, 545460.691257 258764.188929)

LINESTRING (545442.254538 258785.664317, 545442.718650 258794.315348, 545444.464997 258826.612190, 545445.261340 258841.417111)

LINESTRING (545590.533949 258792.344487, 545590.073384 258788.702349)

LINESTRING (545590.533949 258792.344487, 545591.829708 258837.851460)

LINESTRING (545590.533949 258792.344487, 545582.320510 258812.160721, 545579.843587 258818.265497, 545559.529669 258861.501488)

LINESTRING (545590.073384 258788.702349, 545590.533949 258792.344487)

LINESTRING (545590.073384 258788.702349, 545588.711496 258778.032523)

LINESTRING (545590.073384 258788.702349, 545596.259202 258788.327541)

LINESTRING (545591.829708 258837.851460, 545590.533949 258792.344487)

LINESTRING (545591.829708 258837.851460, 545594.183765 258872.704057)

LINESTRING (545591.829708 258837.851460, 545598.415592 258837.822332)

LINESTRING (545587.478477 258764.372327, 545587.526019 258761.357304)

LINESTRING (545587.478477 258764.372327, 545591.680333 258764.262020)

LINESTRING (545587.478477 258764.372327, 545587.450622 258766.018852, 545588.134566 258773.463120, 545588.711496 258778.032523)

LINESTRING (545587.586359 258757.441071, 545587.526019 258761.357304)

LINESTRING (545587.586359 258757.441071, 545586.485301 258752.789487)

LINESTRING (545587.586359 258757.441071, 545591.348315 258757.640632, 545591.603235 258761.532734)

LINESTRING (545459.624006 259040.499175, 545458.509362 259047.723667)

LINESTRING (545459.624006 259040.499175, 545459.764934 259039.891124)

LINESTRING (545459.624006 259040.499175, 545460.636194 259039.560516, 545461.854062 259037.904401)

LINESTRING (545444.829707 259100.749450, 545456.076616 259070.036076)

LINESTRING (545444.829707 259100.749450, 545442.667042 259099.884565)

LINESTRING (545444.829707 259100.749450, 545446.113804 259103.592074, 545448.157135 259107.124824)

LINESTRING (545678.611371 258928.568063, 545684.674075 258905.394058, 545685.276579 258903.274673)

LINESTRING (545678.611371 258928.568063, 545677.574900 258928.237065, 545604.544985 258904.764364)

LINESTRING (545685.276579 258903.274673, 545684.674075 258905.394058, 545678.611371 258928.568063)

LINESTRING (545685.276579 258903.274673, 545686.902140 258897.523361, 545684.055602 258894.100466, 545676.163426 258892.744262, 545674.654788 258888.470245)

LINESTRING (544698.796346 258971.298134, 544692.278967 258976.250177)

LINESTRING (544698.796346 258971.298134, 544701.063724 258974.202645)

LINESTRING (544698.796346 258971.298134, 544709.002816 258963.181424, 544720.657576 258952.769600, 544721.713885 258951.954522, 544723.062322 258950.736142)

LINESTRING (544692.278967 258976.250177, 544698.796346 258971.298134)

LINESTRING (544692.278967 258976.250177, 544690.358104 258974.123799)

LINESTRING (544692.278967 258976.250177, 544640.784442 259024.255836, 544628.437899 259037.296727)

LINESTRING (544701.063724 258974.202645, 544698.796346 258971.298134)

LINESTRING (544701.063724 258974.202645, 544702.487463 258976.025116, 544718.689295 258997.690919)

LINESTRING (544701.063724 258974.202645, 544690.387823 258982.005137, 544680.138239 258991.600995, 544661.434587 259009.487248, 544645.352434 259025.646927, 544636.628118 259034.764250, 544631.684200 259040.396736)

LINESTRING (544701.063724 258974.202645, 544712.050946 258965.340727, 544722.849521 258956.618021, 544724.763038 258955.015442, 544728.432961 258952.273184)

LINESTRING (544723.062322 258950.736142, 544725.101727 258948.803322)

LINESTRING (544723.062322 258950.736142, 544721.713885 258951.954522, 544720.657576 258952.769600, 544709.002816 258963.181424, 544698.796346 258971.298134)

LINESTRING (544723.062322 258950.736142, 544719.986233 258949.065763, 544718.155361 258950.882238, 544707.780700 258959.839946, 544699.489029 258966.309586, 544690.358104 258974.123799)

LINESTRING (544869.745137 258784.712337, 544862.984104 258794.476611)

LINESTRING (544869.745137 258784.712337, 544892.398685 258800.412071, 544900.334812 258804.951655, 544911.419701 258818.732700, 544893.586865 258821.049598, 544887.183536 258821.853013, 544879.699213 258828.056579, 544877.124196 258830.296471)

LINESTRING (544810.139378 258998.548131, 544822.254528 258996.019342)

LINESTRING (544810.139378 258998.548131, 544807.760925 258999.213249, 544786.021097 259005.389966)

LINESTRING (544810.139378 258998.548131, 544806.295388 258981.038644, 544799.467682 258980.460695, 544790.581517 258977.084480, 544784.868136 258978.620535, 544773.160627 258981.706725, 544754.131024 258986.393345)

LINESTRING (544786.021097 259005.389966, 544807.760925 258999.213249, 544810.139378 258998.548131)

LINESTRING (544754.131024 258986.393345, 544754.982474 258987.909719, 544756.831884 258993.651486, 544755.896258 258994.080511, 544755.378343 258994.254602, 544756.662169 258996.184309, 544762.151482 259005.360460, 544772.804740 259024.315461, 544782.176767 259042.888008)

LINESTRING (544754.131024 258986.393345, 544751.414968 258981.527844, 544739.496143 258965.863987, 544732.706396 258956.727800, 544728.432961 258952.273184)

LINESTRING (544754.131024 258986.393345, 544773.160627 258981.706725, 544784.868136 258978.620535, 544790.581517 258977.084480, 544799.467682 258980.460695, 544806.295388 258981.038644, 544810.139378 258998.548131)

LINESTRING (544996.448766 259274.938077, 545251.461886 259160.203237)

LINESTRING (544996.448766 259274.938077, 544984.711931 259269.229675)

LINESTRING (544996.448766 259274.938077, 544993.668257 259249.857284, 544940.022778 259056.740692, 544935.394679 259051.095664)

LINESTRING (544996.448766 259274.938077, 544997.870790 259266.531528, 545016.021193 259003.778400)

LINESTRING (544996.448766 259274.938077, 544997.392144 259277.047113, 545005.570396 259281.460427, 545004.262939 259284.316134, 545000.138036 259281.813467, 544998.807526 259281.017649, 544973.959689 259330.122491)

LINESTRING (544996.448766 259274.938077, 545022.233649 259288.682132, 545080.894828 259312.148646, 545088.749288 259315.940437)

LINESTRING (545020.715639 259007.622283, 545016.021193 259003.778400)

LINESTRING (545020.715639 259007.622283, 545026.535469 259005.021070, 545031.913500 259003.030251, 545044.596424 259003.768766, 545073.313920 259014.549060, 545106.401217 259032.313962, 545113.310088 259035.488157, 545120.807201 259036.787378, 545127.135498 259035.503460)

LINESTRING (545020.715639 259007.622283, 545021.370191 259008.387191, 545054.108861 259048.580916, 545078.863397 259081.907260, 545096.825760 259095.456039, 545192.236355 259131.687163, 545251.461886 259160.203237)

LINESTRING (544984.711931 259269.229675, 544996.448766 259274.938077)

LINESTRING (544984.711931 259269.229675, 544963.489984 259258.902852, 544925.459352 259237.899949, 544905.556264 259223.148575, 544866.062279 259188.802256, 544861.134206 259178.451399, 544858.086467 259169.268578)

LINESTRING (544984.711931 259269.229675, 544982.802977 259273.013892, 544982.345257 259273.935474)

LINESTRING (544935.394679 259051.095664, 544998.775965 258987.668616)

LINESTRING (544935.394679 259051.095664, 544890.832615 259097.197884)

LINESTRING (544935.394679 259051.095664, 544916.299134 259022.732879)

LINESTRING (544935.394679 259051.095664, 544940.022778 259056.740692, 544993.668257 259249.857284, 544996.448766 259274.938077)

LINESTRING (545016.021193 259003.778400, 545020.715639 259007.622283)

LINESTRING (545016.021193 259003.778400, 544998.775965 258987.668616)

LINESTRING (545016.021193 259003.778400, 544997.870790 259266.531528, 544996.448766 259274.938077)

LINESTRING (544973.959689 259330.122491, 544998.807526 259281.017649, 545000.138036 259281.813467, 545004.262939 259284.316134, 545005.570396 259281.460427, 544997.392144 259277.047113, 544996.448766 259274.938077)

LINESTRING (544973.959689 259330.122491, 544972.639283 259327.813208, 544969.745689 259325.758424)

LINESTRING (544973.959689 259330.122491, 544975.204310 259330.581871, 544977.783982 259332.148856)

LINESTRING (545088.749288 259315.940437, 545080.894828 259312.148646, 545022.233649 259288.682132, 544996.448766 259274.938077)

LINESTRING (545088.749288 259315.940437, 545103.278626 259322.944113, 545121.786785 259329.262957)

LINESTRING (545088.749288 259315.940437, 545088.362091 259307.681283, 545089.615086 259299.915382, 545094.778472 259286.798832)

LINESTRING (544858.086467 259169.268578, 544857.992692 259147.917290, 544858.361350 259134.838447)

LINESTRING (544858.086467 259169.268578, 544861.134206 259178.451399, 544866.062279 259188.802256, 544905.556264 259223.148575, 544925.459352 259237.899949, 544963.489984 259258.902852, 544984.711931 259269.229675)

LINESTRING (544858.086467 259169.268578, 544853.096770 259170.146734, 544844.759577 259171.628273, 544831.555107 259164.185500, 544830.574899 259163.099441, 544820.834035 259143.124673, 544815.161732 259129.924939, 544798.989349 259085.987262, 544790.063682 259063.376172, 544782.176767 259042.888008)

LINESTRING (544858.361350 259134.838447, 544854.338094 259133.296117, 544841.299985 259107.058557)

LINESTRING (544858.361350 259134.838447, 544857.992692 259147.917290, 544858.086467 259169.268578)

LINESTRING (544858.361350 259134.838447, 544862.830560 259133.288372, 544890.832615 259097.197884)

LINESTRING (544782.176767 259042.888008, 544790.063682 259063.376172, 544798.989349 259085.987262, 544815.161732 259129.924939, 544820.834035 259143.124673, 544830.574899 259163.099441, 544831.555107 259164.185500, 544844.759577 259171.628273, 544853.096770 259170.146734, 544858.086467 259169.268578)

LINESTRING (544782.176767 259042.888008, 544783.050901 259042.457192, 544783.390210 259042.311277, 544785.401019 259041.590883, 544795.911495 259037.579302, 544800.851175 259035.608821, 544806.471532 259036.552197)

LINESTRING (544782.176767 259042.888008, 544772.804740 259024.315461, 544762.151482 259005.360460, 544756.662169 258996.184309, 544755.378343 258994.254602, 544755.896258 258994.080511, 544756.831884 258993.651486, 544754.982474 258987.909719, 544754.131024 258986.393345)

LINESTRING (544890.832615 259097.197884, 544935.394679 259051.095664)

LINESTRING (544890.832615 259097.197884, 544875.302413 259078.790113)

LINESTRING (544890.832615 259097.197884, 544862.830560 259133.288372, 544858.361350 259134.838447)

LINESTRING (544875.302413 259078.790113, 544858.853019 259090.886838)

LINESTRING (544875.302413 259078.790113, 544845.188961 259040.210383)

LINESTRING (544875.302413 259078.790113, 544890.832615 259097.197884)

LINESTRING (544875.302413 259078.790113, 544876.068447 259072.701793, 544900.850053 259052.523042, 544890.953819 259040.201467)

LINESTRING (544998.775965 258987.668616, 544935.394679 259051.095664)

LINESTRING (544998.775965 258987.668616, 545016.021193 259003.778400)

LINESTRING (544998.775965 258987.668616, 544996.284928 258985.870480)

LINESTRING (544817.173455 259059.215225, 544832.144667 259051.137838)

LINESTRING (544817.173455 259059.215225, 544841.299985 259107.058557)

LINESTRING (544817.173455 259059.215225, 544806.471532 259036.552197)

LINESTRING (544996.284928 258985.870480, 544998.775965 258987.668616)

LINESTRING (544996.284928 258985.870480, 544987.129852 258980.237648, 544966.662046 258972.838035)

LINESTRING (544996.284928 258985.870480, 545000.271555 258980.254848, 545000.683754 258979.487764, 545003.643968 258974.598985, 545015.914966 258955.301345)

LINESTRING (544923.850334 258950.637988, 544922.603962 258947.896795)

LINESTRING (544923.850334 258950.637988, 544900.927213 258980.198459, 544897.503479 258982.702917, 544893.259914 258984.949664)

LINESTRING (544923.850334 258950.637988, 544934.058966 258957.659447, 544944.463093 258964.541947, 544955.781039 258969.403164, 544966.662046 258972.838035)

LINESTRING (544922.603962 258947.896795, 544923.850334 258950.637988)

LINESTRING (544922.603962 258947.896795, 544922.315378 258946.307806, 544922.055738 258943.729037, 544921.972093 258940.042352)

LINESTRING (544922.603962 258947.896795, 544916.023814 258949.140220, 544871.767974 258949.426802)

LINESTRING (544966.662046 258972.838035, 544987.129852 258980.237648, 544996.284928 258985.870480)

LINESTRING (544966.662046 258972.838035, 544955.781039 258969.403164, 544944.463093 258964.541947, 544934.058966 258957.659447, 544923.850334 258950.637988)

LINESTRING (544966.662046 258972.838035, 544942.454660 258997.441012, 544928.741992 258988.658588)

LINESTRING (544923.498802 258932.028422, 544921.972093 258940.042352)

LINESTRING (544923.498802 258932.028422, 544924.633169 258924.570681)

LINESTRING (544923.498802 258932.028422, 544920.101023 258931.773229, 544918.312342 258931.676400)

LINESTRING (544921.972093 258940.042352, 544923.498802 258932.028422)

LINESTRING (544921.972093 258940.042352, 544907.647372 258939.089192)

LINESTRING (544921.972093 258940.042352, 544922.055738 258943.729037, 544922.315378 258946.307806, 544922.603962 258947.896795)

LINESTRING (544924.633169 258924.570681, 544923.498802 258932.028422)

LINESTRING (544924.633169 258924.570681, 544926.580529 258915.033026, 544929.835390 258902.639646, 544933.471898 258891.927023)

LINESTRING (544924.633169 258924.570681, 544905.596427 258910.545939, 544903.590069 258909.006899, 544900.308059 258906.428805)

LINESTRING (544918.312342 258931.676400, 544912.214842 258922.259671)

LINESTRING (544918.312342 258931.676400, 544914.854692 258930.662577, 544910.357577 258927.548064)

LINESTRING (544918.312342 258931.676400, 544920.101023 258931.773229, 544923.498802 258932.028422)

LINESTRING (544933.471898 258891.927023, 544934.112797 258890.354086)

LINESTRING (544933.471898 258891.927023, 544929.835390 258902.639646, 544926.580529 258915.033026, 544924.633169 258924.570681)

LINESTRING (544933.471898 258891.927023, 544947.084295 258897.834811, 544954.579705 258900.836705, 544955.816305 258901.340363, 544972.562600 258907.640419)

LINESTRING (544923.019950 258870.773688, 544934.112797 258890.354086)

LINESTRING (544923.019950 258870.773688, 544927.357362 258872.803868, 544931.796261 258873.234210, 544941.732361 258871.576944)

LINESTRING (544977.783982 259332.148856, 544974.755668 259336.801906)

LINESTRING (544977.783982 259332.148856, 544975.204310 259330.581871, 544973.959689 259330.122491)

LINESTRING (544971.477193 259342.293568, 544974.755668 259336.801906)

LINESTRING (544971.477193 259342.293568, 544977.201899 259346.434704)

LINESTRING (544971.477193 259342.293568, 544965.959363 259339.961656, 544941.467711 259325.253958, 544934.623895 259321.503096)

LINESTRING (544938.339553 259316.024199, 544934.623895 259321.503096)

LINESTRING (544938.339553 259316.024199, 544974.755668 259336.801906)

LINESTRING (544938.339553 259316.024199, 544926.663585 259308.470027, 544848.745386 259253.510386)

LINESTRING (544709.557760 258483.524209, 544761.214314 258487.069583)

LINESTRING (544709.557760 258483.524209, 544710.475948 258500.324832)

LINESTRING (544709.557760 258483.524209, 544703.398954 258477.578745, 544697.249461 258469.908319)

LINESTRING (544761.214314 258487.069583, 544767.904429 258487.699081)

LINESTRING (544761.214314 258487.069583, 544709.557760 258483.524209)

LINESTRING (544761.214314 258487.069583, 544759.287020 258490.074209, 544759.794952 258490.946101, 544760.341931 258491.885916, 544759.764615 258495.965118)

LINESTRING (544761.214314 258487.069583, 544761.700289 258484.712958, 544761.900338 258483.717046)

LINESTRING (544697.249461 258469.908319, 544705.004547 258471.069699)

LINESTRING (544697.249461 258469.908319, 544694.340817 258461.085885, 544695.290146 258444.261874)

LINESTRING (544697.249461 258469.908319, 544703.398954 258477.578745, 544709.557760 258483.524209)

LINESTRING (545050.910576 258659.771842, 545035.172219 258639.331753, 545011.699784 258607.668357, 545007.767889 258602.288526, 544999.320057 258596.297959, 544994.318047 258594.070193)

LINESTRING (545050.910576 258659.771842, 545048.676238 258672.796081, 545051.655745 258676.834661, 545062.276062 258682.655171, 545068.911843 258685.832415)

LINESTRING (544994.318047 258594.070193, 544993.725901 258595.377415)

LINESTRING (544994.318047 258594.070193, 544999.320057 258596.297959, 545007.767889 258602.288526, 545011.699784 258607.668357, 545035.172219 258639.331753, 545050.910576 258659.771842)

LINESTRING (545068.911843 258685.832415, 545066.373689 258692.414245)

LINESTRING (545068.911843 258685.832415, 545077.413502 258688.574540, 545091.920784 258690.791266)

LINESTRING (544822.751564 258680.903780, 544825.113238 258670.053657, 544826.021801 258665.872835)

LINESTRING (544822.751564 258680.903780, 544824.058831 258681.331552, 544847.496219 258688.950864, 544852.996682 258693.307870, 544860.095692 258702.397597)

LINESTRING (544825.169590 258493.546024, 544825.063776 258491.550553)

LINESTRING (544901.984672 258501.768314, 544911.077005 258508.178247)

LINESTRING (544901.984672 258501.768314, 544884.437374 258546.211908, 544879.933038 258556.431712, 544876.132658 258561.284878, 544871.519466 258563.064497, 544863.757770 258563.772600, 544857.002717 258563.964735, 544836.711268 258566.376979)

LINESTRING (544911.077005 258508.178247, 544915.025630 258510.887132)

LINESTRING (544911.077005 258508.178247, 544918.967510 258499.793851, 544927.621233 258443.325233, 544926.608288 258438.208920)

LINESTRING (544915.025630 258510.887132, 544936.150179 258525.362454, 544964.098350 258539.169261)

LINESTRING (544915.025630 258510.887132, 544917.795364 258507.372924, 544919.706801 258503.978320, 544920.823710 258500.627269, 544929.678198 258443.841736, 544929.940372 258439.319238, 544930.203868 258436.154716)

LINESTRING (544926.608288 258438.208920, 544930.203868 258436.154716)

LINESTRING (544926.608288 258438.208920, 544922.697044 258436.558531, 544892.273025 258433.031090, 544885.662589 258433.650386)

LINESTRING (544876.558592 258485.419903, 544889.038001 258491.761840, 544901.984672 258501.768314)

LINESTRING (544854.097138 258493.278315, 544858.096401 258479.515322)

LINESTRING (544858.096401 258479.515322, 544854.097138 258493.278315)

LINESTRING (544858.096401 258479.515322, 544867.820571 258481.858701, 544872.348361 258483.705159)

LINESTRING (544993.725901 258595.377415, 544986.533955 258612.608718, 544962.970081 258647.648761)

LINESTRING (544993.725901 258595.377415, 544988.535833 258593.967820, 544948.061447 258573.806225, 544959.263599 258548.989765, 544961.263218 258544.918786, 544964.098350 258539.169261)

LINESTRING (544964.098350 258539.169261, 544981.702897 258547.965390, 544993.225790 258551.229830)

LINESTRING (544964.098350 258539.169261, 544961.263218 258544.918786, 544959.263599 258548.989765, 544948.061447 258573.806225, 544988.535833 258593.967820, 544993.725901 258595.377415)

LINESTRING (544993.225790 258551.229830, 545006.000329 258548.175326, 545009.532095 258547.132202, 545012.777875 258545.346091)

LINESTRING (544993.225790 258551.229830, 545000.103859 258553.612654, 545003.961300 258556.396861)

LINESTRING (545012.777875 258545.346091, 545003.961300 258556.396861)

LINESTRING (545012.777875 258545.346091, 545023.383041 258522.716157)

LINESTRING (544930.203868 258436.154716, 544936.949939 258432.300434)

LINESTRING (544930.203868 258436.154716, 544926.608288 258438.208920)

LINESTRING (544930.203868 258436.154716, 544930.183344 258434.517914, 544929.674451 258433.211882, 544928.834338 258432.007470, 544927.583292 258431.058178)

LINESTRING (544930.203868 258436.154716, 544929.940372 258439.319238, 544929.678198 258443.841736, 544920.823710 258500.627269, 544919.706801 258503.978320, 544917.795364 258507.372924, 544915.025630 258510.887132)

LINESTRING (544885.662589 258433.650386, 544884.467646 258425.634803)

LINESTRING (544885.662589 258433.650386, 544882.828711 258435.849324, 544880.320589 258440.473129)

LINESTRING (544884.467646 258425.634803, 544885.662589 258433.650386)

LINESTRING (544884.467646 258425.634803, 544883.995405 258420.267172, 544885.192648 258403.172149)

LINESTRING (544884.467646 258425.634803, 544887.664364 258425.527898, 544908.059669 258428.472699)

LINESTRING (544884.467646 258425.634803, 544883.360786 258427.004905, 544882.224344 258429.387030, 544880.486036 258434.111252, 544878.493335 258440.286150)

LINESTRING (544880.320589 258440.473129, 544878.493335 258440.286150)

LINESTRING (544880.320589 258440.473129, 544875.352987 258480.108750, 544876.558592 258485.419903)

LINESTRING (544878.493335 258440.286150, 544880.320589 258440.473129)

LINESTRING (544878.493335 258440.286150, 544840.019423 258435.622155)

LINESTRING (544878.493335 258440.286150, 544880.486036 258434.111252, 544882.224344 258429.387030, 544883.360786 258427.004905, 544884.467646 258425.634803)

LINESTRING (544878.493335 258440.286150, 544873.666319 258480.493542, 544872.348361 258483.705159)

LINESTRING (544815.555753 258432.658940, 544808.093361 258373.493208)

LINESTRING (544815.555753 258432.658940, 544817.278389 258445.086511)

LINESTRING (544815.555753 258432.658940, 544840.019423 258435.622155)

LINESTRING (544808.093361 258373.493208, 544815.555753 258432.658940)

LINESTRING (544808.093361 258373.493208, 544826.329656 258373.569671, 544847.890940 258374.767384)

LINESTRING (544808.093361 258373.493208, 544806.867893 258354.813637, 544806.571307 258350.686647)

LINESTRING (544840.019423 258435.622155, 544878.493335 258440.286150)

LINESTRING (544840.019423 258435.622155, 544815.555753 258432.658940)

LINESTRING (544840.019423 258435.622155, 544839.883245 258440.048160, 544839.570456 258446.305554)

LINESTRING (544847.890940 258374.767384, 544888.065971 258377.165975)

LINESTRING (544847.890940 258374.767384, 544826.329656 258373.569671, 544808.093361 258373.493208)

LINESTRING (544847.890940 258374.767384, 544849.469558 258392.355363, 544850.329674 258397.556234, 544885.192648 258403.172149)

LINESTRING (544806.571307 258350.686647, 544806.867893 258354.813637, 544808.093361 258373.493208)

LINESTRING (544806.571307 258350.686647, 544805.721914 258338.796605, 544805.068891 258323.461812, 544804.815530 258303.107661, 544804.050861 258287.146294)

LINESTRING (544806.571307 258350.686647, 544801.080981 258350.181201, 544784.581021 258348.252221)

LINESTRING (544885.192648 258403.172149, 544887.862980 258378.729459)

LINESTRING (544885.192648 258403.172149, 544850.329674 258397.556234, 544849.469558 258392.355363, 544847.890940 258374.767384)

LINESTRING (544885.192648 258403.172149, 544883.995405 258420.267172, 544884.467646 258425.634803)

LINESTRING (544887.862980 258378.729459, 544888.065971 258377.165975)

LINESTRING (544887.862980 258378.729459, 544885.192648 258403.172149)

LINESTRING (544887.862980 258378.729459, 544897.041662 258379.621090)

LINESTRING (544936.949939 258432.300434, 544930.203868 258436.154716)

LINESTRING (544936.949939 258432.300434, 544990.330475 258445.893894)

LINESTRING (544936.949939 258432.300434, 544927.583292 258431.058178)

LINESTRING (544936.949939 258432.300434, 544941.695508 258416.411110, 544943.545501 258413.248460)

LINESTRING (544927.583292 258431.058178, 544936.949939 258432.300434)

LINESTRING (544927.583292 258431.058178, 544908.059669 258428.472699)

LINESTRING (544927.583292 258431.058178, 544928.834338 258432.007470, 544929.674451 258433.211882, 544930.183344 258434.517914, 544930.203868 258436.154716)

LINESTRING (544943.545501 258413.248460, 544955.179036 258387.721106)

LINESTRING (544943.545501 258413.248460, 544940.734314 258412.097712)

LINESTRING (544943.545501 258413.248460, 544941.695508 258416.411110, 544936.949939 258432.300434)

LINESTRING (545070.983366 258412.969776, 545069.269284 258416.859853, 545067.848365 258420.313284, 545068.057878 258422.267278)

LINESTRING (545070.983366 258412.969776, 545068.550277 258412.219594, 545053.138012 258404.912053, 545024.500148 258391.752430)

LINESTRING (545070.983366 258412.969776, 545102.862030 258422.874233, 545118.109211 258430.210493)

LINESTRING (545068.057878 258422.267278, 545069.545933 258436.379956)

LINESTRING (545068.057878 258422.267278, 545075.187605 258424.935830)

LINESTRING (545068.057878 258422.267278, 545067.848365 258420.313284, 545069.269284 258416.859853, 545070.983366 258412.969776)

LINESTRING (545024.500148 258391.752430, 545021.106882 258390.161641)

LINESTRING (545024.500148 258391.752430, 545026.347598 258389.613751, 545036.575672 258367.729683)

LINESTRING (545024.500148 258391.752430, 545023.768710 258395.482051, 545019.632287 258404.098569)

LINESTRING (545024.500148 258391.752430, 545053.138012 258404.912053, 545068.550277 258412.219594, 545070.983366 258412.969776)

LINESTRING (545024.500148 258391.752430, 545021.823335 258394.423374, 545017.468267 258403.033497)

LINESTRING (545021.106882 258390.161641, 545024.500148 258391.752430)

LINESTRING (545021.106882 258390.161641, 545013.209205 258397.376963, 544991.805020 258443.176633, 544990.330475 258445.893894)

LINESTRING (545021.106882 258390.161641, 545015.096349 258384.765519, 545002.051313 258377.649841, 545003.483909 258374.263517, 545001.020857 258373.134052, 544997.645790 258370.920498)

LINESTRING (545239.596595 258119.316943, 545193.813465 258164.713270)

LINESTRING (544955.179036 258387.721106, 544943.545501 258413.248460)

LINESTRING (544955.179036 258387.721106, 544963.821787 258385.892447, 544984.075203 258360.962316)

LINESTRING (544955.179036 258387.721106, 544954.870850 258382.358263, 544952.280527 258377.396165, 544947.181576 258370.757897)

LINESTRING (544984.075203 258360.962316, 544975.150567 258354.891084)

LINESTRING (544984.075203 258360.962316, 544992.805248 258367.606667)

LINESTRING (544984.075203 258360.962316, 544963.821787 258385.892447, 544955.179036 258387.721106)

LINESTRING (544947.181576 258370.757897, 544941.473881 258366.695269, 544931.167642 258358.057065)

LINESTRING (544947.181576 258370.757897, 544952.280527 258377.396165, 544954.870850 258382.358263, 544955.179036 258387.721106)

LINESTRING (544975.150567 258354.891084, 544984.075203 258360.962316)

LINESTRING (544975.150567 258354.891084, 544968.181082 258350.479861, 544971.632562 258344.002611, 544970.515216 258341.754936)

LINESTRING (544975.150567 258354.891084, 544983.957674 258349.549987, 544987.012230 258344.252113, 544989.917107 258336.356426, 544994.997444 258330.772766, 544997.834356 258327.772571, 545040.481866 258272.332038)

LINESTRING (544992.805248 258367.606667, 544984.075203 258360.962316)

LINESTRING (544992.805248 258367.606667, 544992.166225 258368.645383, 544994.982637 258371.020681, 544992.933474 258375.145853, 544994.912376 258375.994016, 544997.645790 258370.920498)

LINESTRING (544992.805248 258367.606667, 544993.819755 258368.460010, 544995.386091 258369.618894, 544997.645790 258370.920498)

LINESTRING (544804.050861 258287.146294, 544802.247675 258258.510221)

LINESTRING (544804.050861 258287.146294, 544804.815530 258303.107661, 544805.068891 258323.461812, 544805.721914 258338.796605, 544806.571307 258350.686647)

LINESTRING (544802.247675 258258.510221, 544804.050861 258287.146294)

LINESTRING (544802.247675 258258.510221, 544802.879218 258236.189546, 544803.799545 258225.052435)

LINESTRING (544802.247675 258258.510221, 544793.679486 258257.547564, 544786.376685 258256.577362, 544780.312926 258255.799190)

LINESTRING (545099.223843 258222.905994, 545124.156186 258233.954001)

LINESTRING (545099.223843 258222.905994, 545099.107587 258229.213661)

LINESTRING (545124.156186 258233.954001, 545134.722123 258238.626573)

LINESTRING (545124.156186 258233.954001, 545119.554921 258237.881970, 545116.703947 258238.087899, 545114.790077 258237.586642, 545101.939647 258231.990179, 545100.885750 258231.547494, 545099.626549 258230.408700, 545099.107587 258229.213661)

LINESTRING (545099.107587 258229.213661, 545099.223843 258222.905994)

LINESTRING (545099.107587 258229.213661, 545093.998507 258227.127375, 545092.061174 258228.829306, 545045.052123 258268.525529, 545040.481866 258272.332038)

LINESTRING (545099.107587 258229.213661, 545099.626549 258230.408700, 545100.885750 258231.547494, 545101.939647 258231.990179, 545114.790077 258237.586642, 545116.703947 258238.087899, 545119.554921 258237.881970, 545124.156186 258233.954001)

LINESTRING (544931.167642 258358.057065, 544951.254002 258327.612261)

LINESTRING (544931.167642 258358.057065, 544916.332194 258349.019326, 544899.813551 258340.244084)

LINESTRING (544951.254002 258327.612261, 544953.308051 258325.423944)

LINESTRING (544951.254002 258327.612261, 544931.167642 258358.057065)

LINESTRING (544951.254002 258327.612261, 544946.733232 258324.586096, 544942.423625 258321.588371, 544945.219149 258316.026894, 544955.280504 258302.875334, 544959.416889 258294.726250)

LINESTRING (544953.308051 258325.423944, 544951.254002 258327.612261)

LINESTRING (544959.416889 258294.726250, 544961.556833 258290.770679)

LINESTRING (544959.416889 258294.726250, 544963.077061 258297.482383)

LINESTRING (544959.416889 258294.726250, 544955.280504 258302.875334, 544945.219149 258316.026894, 544942.423625 258321.588371, 544946.733232 258324.586096, 544951.254002 258327.612261)

LINESTRING (544734.807444 258108.258718, 544721.934295 258104.821947)

LINESTRING (544734.807444 258108.258718, 544733.069770 258111.792033)

LINESTRING (544734.807444 258108.258718, 544753.884778 258112.822795, 544778.267258 258119.089046, 544800.974304 258126.052228)

LINESTRING (544721.934295 258104.821947, 544734.807444 258108.258718)

LINESTRING (544721.934295 258104.821947, 544723.076478 258100.837150, 544725.024444 258093.614614, 544727.850811 258083.946734, 544726.477913 258077.328469, 544733.632064 258048.030144, 544735.625974 258041.343222)

LINESTRING (544721.934295 258104.821947, 544705.070534 258100.567487, 544698.020884 258098.413844, 544689.432117 258095.803453)

LINESTRING (544733.069770 258111.792033, 544734.807444 258108.258718)

LINESTRING (544733.069770 258111.792033, 544729.541714 258124.177549, 544728.210280 258130.193719)

LINESTRING (544733.069770 258111.792033, 544718.617484 258107.630197, 544691.729316 258100.044478, 544684.151463 258096.539766, 544667.107548 258081.349943, 544653.840599 258069.843317, 544639.027646 258058.113531, 544633.956026 258052.856614)

LINESTRING (544689.432117 258095.803453, 544690.785128 258091.858195)

LINESTRING (544689.432117 258095.803453, 544698.020884 258098.413844, 544705.070534 258100.567487, 544721.934295 258104.821947)

LINESTRING (544689.432117 258095.803453, 544685.336937 258093.179538, 544668.098148 258078.573945, 544661.867862 258073.183006, 544656.566262 258068.308922, 544643.994727 258058.280727, 544637.202562 258050.346784)

LINESTRING (544690.785128 258091.858195, 544689.432117 258095.803453)

LINESTRING (544690.785128 258091.858195, 544673.418160 258077.426931)

LINESTRING (544690.785128 258091.858195, 544691.577937 258089.532782, 544706.858718 258044.465854, 544707.249756 258043.252904, 544708.237139 258040.588125, 544709.272340 258037.691000)

LINESTRING (544637.202562 258050.346784, 544633.956026 258052.856614)

LINESTRING (544637.202562 258050.346784, 544641.319133 258047.083201)

LINESTRING (544637.202562 258050.346784, 544643.994727 258058.280727, 544656.566262 258068.308922, 544661.867862 258073.183006, 544668.098148 258078.573945, 544685.336937 258093.179538, 544689.432117 258095.803453)

LINESTRING (544637.202562 258050.346784, 544629.990644 258038.749773, 544620.376595 258018.768148, 544612.878889 258007.118307, 544607.182764 258001.932247, 544601.513028 257997.247841)

LINESTRING (544601.513028 257997.247841, 544594.704599 258005.575264)

LINESTRING (544601.513028 257997.247841, 544590.890214 258004.106073)

LINESTRING (544601.513028 257997.247841, 544607.182764 258001.932247, 544612.878889 258007.118307, 544620.376595 258018.768148, 544629.990644 258038.749773, 544637.202562 258050.346784)

LINESTRING (544601.513028 257997.247841, 544589.549424 257987.938758, 544585.079504 257984.558253)

LINESTRING (544704.949093 258026.478727, 544726.137422 257977.254500)

LINESTRING (544704.949093 258026.478727, 544704.347973 258029.499831, 544704.693720 258032.181265)

LINESTRING (544704.949093 258026.478727, 544702.615602 258024.885719, 544700.628672 258023.603354)

LINESTRING (544726.137422 257977.254500, 544704.949093 258026.478727)

LINESTRING (544726.137422 257977.254500, 544730.824126 257967.585280, 544733.639026 257966.042399)

LINESTRING (544726.137422 257977.254500, 544727.537630 257977.785126, 544749.475930 257986.272745, 544752.203118 257987.265089, 544750.785233 257990.384774)

LINESTRING (544704.693720 258032.181265, 544699.030479 258035.010079, 544694.875584 258044.739369, 544687.316676 258061.904714, 544686.254010 258062.697360)

LINESTRING (544704.693720 258032.181265, 544704.347973 258029.499831, 544704.949093 258026.478727)

LINESTRING (544704.693720 258032.181265, 544705.635564 258034.590706, 544707.015026 258036.534306, 544709.272340 258037.691000)

LINESTRING (544700.628672 258023.603354, 544696.701377 258021.551993, 544688.588671 258016.451124, 544686.022465 258014.161235)

LINESTRING (544700.628672 258023.603354, 544702.615602 258024.885719, 544704.949093 258026.478727)

LINESTRING (544700.628672 258023.603354, 544703.940063 258016.999401, 544712.123664 257992.261251, 544712.912598 257985.149574, 544713.345614 257978.984737, 544715.182812 257959.626621)

LINESTRING (544709.272340 258037.691000, 544735.625974 258041.343222)

LINESTRING (544709.272340 258037.691000, 544708.237139 258040.588125, 544707.249756 258043.252904, 544706.858718 258044.465854, 544691.577937 258089.532782, 544690.785128 258091.858195)

LINESTRING (544709.272340 258037.691000, 544707.015026 258036.534306, 544705.635564 258034.590706, 544704.693720 258032.181265)

LINESTRING (544735.625974 258041.343222, 544709.272340 258037.691000)

LINESTRING (544735.625974 258041.343222, 544748.266844 258042.903297)

LINESTRING (544735.625974 258041.343222, 544733.632064 258048.030144, 544726.477913 258077.328469, 544727.850811 258083.946734, 544725.024444 258093.614614, 544723.076478 258100.837150, 544721.934295 258104.821947)

LINESTRING (544748.266844 258042.903297, 544735.625974 258041.343222)

LINESTRING (544748.266844 258042.903297, 544748.630181 258040.765702)

LINESTRING (544748.266844 258042.903297, 544768.291017 258048.073858, 544784.448895 258053.788279)

LINESTRING (544748.630181 258040.765702, 544748.266844 258042.903297)

LINESTRING (544784.448895 258053.788279, 544768.291017 258048.073858, 544748.266844 258042.903297)

LINESTRING (544784.448895 258053.788279, 544794.087767 258057.208648, 544798.751659 258058.858643, 544805.043505 258061.201773, 544825.636847 258070.763525)

LINESTRING (544784.448895 258053.788279, 544784.050668 258054.778401, 544782.848830 258057.759691)

LINESTRING (544686.022465 258014.161235, 544677.334665 258007.674538)

LINESTRING (544686.022465 258014.161235, 544694.316138 257987.289200, 544694.895491 257966.269298, 544693.814599 257935.116625, 544693.689002 257926.063792, 544693.385394 257916.783151)

LINESTRING (544686.022465 258014.161235, 544688.588671 258016.451124, 544696.701377 258021.551993, 544700.628672 258023.603354)

LINESTRING (544677.334665 258007.674538, 544686.022465 258014.161235)

LINESTRING (544693.385394 257916.783151, 544689.937842 257868.064124)

LINESTRING (544693.385394 257916.783151, 544695.452956 257916.476190)

LINESTRING (544693.385394 257916.783151, 544681.001779 257922.332053)

LINESTRING (544693.385394 257916.783151, 544693.689002 257926.063792, 544693.814599 257935.116625, 544694.895491 257966.269298, 544694.316138 257987.289200, 544686.022465 258014.161235)

LINESTRING (544877.457497 258025.084021, 544875.466392 258024.179902)

LINESTRING (544877.457497 258025.084021, 544855.486063 258061.039360)

LINESTRING (544877.457497 258025.084021, 544902.623121 257994.041689, 544914.145310 257980.532028)

LINESTRING (544877.457497 258025.084021, 544882.478704 258027.612725, 544892.149841 258032.970954)

LINESTRING (544875.466392 258024.179902, 544877.457497 258025.084021)

LINESTRING (544875.466392 258024.179902, 544841.982923 258008.943127)

LINESTRING (544875.466392 258024.179902, 544875.598375 258020.365961, 544872.201117 258015.625211, 544849.664714 258006.551895, 544844.398789 258004.439038)

LINESTRING (544855.486063 258061.039360, 544852.138982 258066.517986)

LINESTRING (544855.486063 258061.039360, 544877.457497 258025.084021)

LINESTRING (544855.486063 258061.039360, 544860.057877 258063.499258)

LINESTRING (544855.486063 258061.039360, 544851.265995 258058.712182)

LINESTRING (544914.145310 257980.532028, 544917.217277 257976.982122)

LINESTRING (544914.145310 257980.532028, 544902.623121 257994.041689, 544877.457497 258025.084021)

LINESTRING (544914.145310 257980.532028, 544909.837996 257978.380342, 544905.678735 257976.310901)

LINESTRING (544892.149841 258032.970954, 544909.355931 258009.142390)

LINESTRING (544892.149841 258032.970954, 544901.934860 258038.877932, 544906.771176 258039.776188, 544910.101605 258041.654444)

LINESTRING (544892.149841 258032.970954, 544882.478704 258027.612725, 544877.457497 258025.084021)

LINESTRING (544689.937842 257868.064124, 544693.385394 257916.783151)

LINESTRING (545100.861982 257967.183125, 545062.427519 257942.350031)

LINESTRING (545100.861982 257967.183125, 545091.488096 257986.020044)

LINESTRING (545100.861982 257967.183125, 545103.000474 257968.425568, 545157.081844 258005.894068)

LINESTRING (545100.861982 257967.183125, 545102.255018 257966.088577, 545103.386123 257963.895559, 545103.568041 257962.119983)

LINESTRING (545062.427519 257942.350031, 545100.861982 257967.183125)

LINESTRING (545062.427519 257942.350031, 545018.209650 257913.908703, 544996.700897 257900.089757)

LINESTRING (545062.427519 257942.350031, 545064.319721 257939.155260, 545071.752861 257926.572562, 545059.746622 257919.442668)

LINESTRING (545091.488096 257986.020044, 545080.639568 258007.807959)

LINESTRING (545091.488096 257986.020044, 545100.861982 257967.183125)

LINESTRING (545091.488096 257986.020044, 545064.258741 257972.790229, 545047.819731 257964.762630)

LINESTRING (545157.081844 258005.894068, 545156.308029 258007.095779, 545146.425711 258026.707989)

LINESTRING (545157.081844 258005.894068, 545185.489826 258025.570182, 545189.077204 258028.246431, 545186.906352 258033.481034, 545132.575549 258149.373915)

LINESTRING (545157.081844 258005.894068, 545103.000474 257968.425568, 545100.861982 257967.183125)

LINESTRING (545103.568041 257962.119983, 545102.678069 257963.084559, 545101.035430 257966.164184, 545100.861982 257967.183125)

LINESTRING (545066.808557 258033.827295, 545080.639568 258007.807959)

LINESTRING (545066.808557 258033.827295, 545064.531115 258038.034809, 545059.436367 258057.887456, 545057.146867 258070.453721)

LINESTRING (545066.808557 258033.827295, 545006.244765 258007.300788, 545000.872820 258004.839612)

LINESTRING (545080.639568 258007.807959, 545091.488096 257986.020044)

LINESTRING (545080.639568 258007.807959, 545066.808557 258033.827295)

LINESTRING (545080.639568 258007.807959, 545083.787743 258009.135598, 545086.613453 258010.264580)

LINESTRING (545057.146867 258070.453721, 545049.656605 258108.368070)

LINESTRING (545057.146867 258070.453721, 545059.436367 258057.887456, 545064.531115 258038.034809, 545066.808557 258033.827295)

LINESTRING (545057.146867 258070.453721, 545058.442241 258071.059290, 545061.314450 258072.234142)

LINESTRING (545000.872820 258004.839612, 545006.244765 258007.300788, 545066.808557 258033.827295)

LINESTRING (545350.986156 258723.660174, 545352.251399 258728.550255, 545359.826948 258765.192006)

LINESTRING (545350.986156 258723.660174, 545348.044556 258712.042526, 545348.309104 258702.555822, 545349.933305 258697.305257)

LINESTRING (545350.986156 258723.660174, 545341.336578 258724.857555, 545308.877684 258728.758725)

LINESTRING (545412.948112 257932.450915, 545431.753021 257944.444888)

LINESTRING (545412.948112 257932.450915, 545403.653222 257948.317732, 545386.097282 257976.987408, 545379.108906 257988.836960)

LINESTRING (545431.753021 257944.444888, 545432.485134 257944.900462)

LINESTRING (545431.753021 257944.444888, 545412.948112 257932.450915)

LINESTRING (545431.753021 257944.444888, 545438.114012 257935.103657)

LINESTRING (545379.108906 257988.836960, 545340.773298 258053.984764)

LINESTRING (545379.108906 257988.836960, 545386.097282 257976.987408, 545403.653222 257948.317732, 545412.948112 257932.450915)

LINESTRING (545379.108906 257988.836960, 545370.617016 257984.324881, 545362.175272 257979.035142, 545348.124514 257970.508893)

LINESTRING (545432.485134 257944.900462, 545431.753021 257944.444888)

LINESTRING (544263.040912 259238.349269, 544270.217080 259256.066585, 544283.532092 259286.028202)

LINESTRING (544263.040912 259238.349269, 544253.419009 259239.349164, 544249.960658 259239.537881, 544246.223574 259240.141448)

LINESTRING (544283.532092 259286.028202, 544294.802543 259304.721837)

LINESTRING (544283.532092 259286.028202, 544280.018074 259288.129734, 544268.335599 259295.091236)

LINESTRING (544246.223574 259240.141448, 544238.884489 259241.875659, 544229.135013 259244.675039)

LINESTRING (544246.223574 259240.141448, 544249.960658 259239.537881, 544253.419009 259239.349164, 544263.040912 259238.349269)

LINESTRING (544246.223574 259240.141448, 544241.077374 259239.357201, 544238.357021 259238.621311, 544235.507739 259237.147052, 544228.010564 259229.983356, 544221.831332 259221.466711, 544204.395689 259187.411760, 544207.155419 259185.855880)

LINESTRING (544482.220861 259009.412350, 544485.746334 259011.852563)

LINESTRING (544482.220861 259009.412350, 544459.587012 258997.488342, 544451.152229 258994.103641)

LINESTRING (544482.220861 259009.412350, 544495.273706 258993.241749, 544499.180788 258988.691958, 544491.444366 258980.585921)

LINESTRING (544427.061617 259071.337806, 544464.801956 259035.796013, 544481.073737 259019.207213, 544485.746334 259011.852563)

LINESTRING (544427.061617 259071.337806, 544423.064583 259079.213071, 544421.553053 259087.439041, 544422.176373 259093.501113)

LINESTRING (544427.061617 259071.337806, 544410.018065 259080.869750, 544422.176373 259093.501113)

LINESTRING (544797.437808 259217.939981, 544793.267800 259223.995625)

LINESTRING (544797.437808 259217.939981, 544794.340127 259216.547180)

LINESTRING (544797.437808 259217.939981, 544814.058056 259228.754897, 544830.405626 259239.773385, 544848.745386 259253.510386)

LINESTRING (544793.267800 259223.995625, 544797.437808 259217.939981)

LINESTRING (544793.267800 259223.995625, 544784.970290 259231.845137, 544752.146616 259266.626590)

LINESTRING (544793.267800 259223.995625, 544797.765973 259226.130579, 544813.432353 259236.127347, 544827.051143 259245.530050, 544838.765456 259252.484040, 544845.820589 259257.431915)

LINESTRING (544793.267800 259223.995625, 544786.599747 259220.773256, 544779.325640 259217.933890, 544771.795823 259214.953497)

LINESTRING (544794.340127 259216.547180, 544797.437808 259217.939981)

LINESTRING (544794.340127 259216.547180, 544787.579890 259209.927276, 544770.731614 259202.934726)

LINESTRING (544848.745386 259253.510386, 544845.820589 259257.431915)

LINESTRING (544848.745386 259253.510386, 544926.663585 259308.470027, 544938.339553 259316.024199)

LINESTRING (544848.745386 259253.510386, 544830.405626 259239.773385, 544814.058056 259228.754897, 544797.437808 259217.939981)

LINESTRING (544845.820589 259257.431915, 544848.745386 259253.510386)

LINESTRING (544845.820589 259257.431915, 544816.079384 259297.389763, 544810.231800 259303.529931, 544805.614799 259307.101501)

LINESTRING (544845.820589 259257.431915, 544849.532793 259261.425020, 544868.529206 259274.212932, 544887.219426 259288.817392, 544907.968415 259303.626833, 544929.108950 259317.668676, 544934.623895 259321.503096)

LINESTRING (544845.820589 259257.431915, 544838.765456 259252.484040, 544827.051143 259245.530050, 544813.432353 259236.127347, 544797.765973 259226.130579, 544793.267800 259223.995625)

LINESTRING (544461.942176 259180.799843, 544441.730718 259162.268148)

LINESTRING (544461.942176 259180.799843, 544475.457260 259189.564074, 544482.519960 259194.266759)

LINESTRING (544461.942176 259180.799843, 544470.086430 259173.969358, 544473.624750 259169.163928, 544496.267681 259175.823537)

LINESTRING (544429.108484 259171.895502, 544441.730718 259162.268148)

LINESTRING (544429.108484 259171.895502, 544424.286710 259175.461451)

LINESTRING (544429.108484 259171.895502, 544423.344143 259165.104797, 544408.424195 259147.528875)

LINESTRING (544487.315716 259197.456376, 544482.519960 259194.266759)

LINESTRING (544487.315716 259197.456376, 544491.469619 259200.616152)

LINESTRING (544487.315716 259197.456376, 544481.931905 259209.275911, 544475.855019 259222.589002)

LINESTRING (544487.315716 259197.456376, 544491.597453 259189.901120, 544496.088108 259182.919618, 544500.364202 259177.434494, 544511.392797 259163.609127)

LINESTRING (544482.519960 259194.266759, 544487.315716 259197.456376)

LINESTRING (544482.519960 259194.266759, 544496.267681 259175.823537)

LINESTRING (544482.519960 259194.266759, 544475.457260 259189.564074, 544461.942176 259180.799843)

LINESTRING (544482.519960 259194.266759, 544473.562602 259206.238110, 544467.677526 259221.415612)

LINESTRING (544491.469619 259200.616152, 544487.315716 259197.456376)

LINESTRING (544491.469619 259200.616152, 544498.085012 259205.650865, 544512.247526 259212.842409, 544517.940434 259215.746565)

LINESTRING (544491.469619 259200.616152, 544493.352725 259195.595513, 544502.903359 259181.804947, 544508.680249 259173.859212, 544514.928582 259166.394716)

LINESTRING (544491.469619 259200.616152, 544490.987645 259202.138119, 544486.423361 259214.693904, 544480.170431 259230.995986, 544474.396843 259245.163847, 544472.774880 259248.967741)

LINESTRING (544475.855019 259222.589002, 544467.677526 259221.415612)

LINESTRING (544475.855019 259222.589002, 544465.983797 259246.677193)

LINESTRING (544475.855019 259222.589002, 544481.931905 259209.275911, 544487.315716 259197.456376)

LINESTRING (544511.392797 259163.609127, 544514.928582 259166.394716)

LINESTRING (544511.392797 259163.609127, 544518.543777 259154.735113, 544533.552741 259137.130171)

LINESTRING (544511.392797 259163.609127, 544500.364202 259177.434494, 544496.088108 259182.919618, 544491.597453 259189.901120, 544487.315716 259197.456376)

LINESTRING (544442.543728 259284.027078, 544437.200950 259278.495262)

LINESTRING (544442.543728 259284.027078, 544454.553943 259269.117157, 544459.177152 259261.571831, 544465.983797 259246.677193)

LINESTRING (544442.543728 259284.027078, 544432.193619 259295.701891, 544420.246788 259308.910728, 544403.049466 259327.030991, 544380.252718 259347.258786)

LINESTRING (544437.200950 259278.495262, 544442.543728 259284.027078)

LINESTRING (544437.200950 259278.495262, 544435.434665 259276.696275, 544418.859523 259261.264779, 544420.793546 259258.716590, 544426.658203 259252.209172, 544421.473942 259248.039928, 544423.822627 259244.401898, 544425.868831 259241.289321)

LINESTRING (544437.200950 259278.495262, 544447.522387 259265.929175, 544454.636133 259254.805615, 544461.601728 259238.680110)

LINESTRING (544465.983797 259246.677193, 544472.774880 259248.967741)

LINESTRING (544465.983797 259246.677193, 544475.855019 259222.589002)

LINESTRING (544465.983797 259246.677193, 544459.177152 259261.571831, 544454.553943 259269.117157, 544442.543728 259284.027078)

LINESTRING (544380.252718 259347.258786, 544377.550014 259349.439542)

LINESTRING (544380.252718 259347.258786, 544387.602833 259351.947457)

LINESTRING (544380.252718 259347.258786, 544403.049466 259327.030991, 544420.246788 259308.910728, 544432.193619 259295.701891, 544442.543728 259284.027078)

LINESTRING (544377.550014 259349.439542, 544380.252718 259347.258786)

LINESTRING (544387.602833 259351.947457, 544391.351589 259348.595085, 544395.543368 259344.821533, 544397.616169 259341.498241, 544410.322002 259330.159152, 544423.598574 259316.599481, 544430.268913 259309.659198, 544433.741109 259305.241389, 544440.027593 259298.100709, 544442.800589 259295.621508, 544445.850206 259294.207777, 544449.038468 259290.149010)

LINESTRING (544345.655868 259329.911119, 544360.060854 259320.090642, 544371.709283 259310.546065, 544380.171891 259299.817888)

LINESTRING (544402.675054 259276.298006, 544392.109421 259268.154180)

LINESTRING (544402.675054 259276.298006, 544411.444453 259264.666109, 544403.786149 259256.940909)

LINESTRING (544402.675054 259276.298006, 544389.809032 259290.314921, 544380.171891 259299.817888)

LINESTRING (544294.802543 259304.721837, 544297.639654 259303.090349)

LINESTRING (544294.802543 259304.721837, 544298.747027 259310.847215)

LINESTRING (544297.639654 259303.090349, 544294.802543 259304.721837)

LINESTRING (544297.639654 259303.090349, 544303.458964 259299.775948, 544321.187025 259280.090270)

LINESTRING (544297.639654 259303.090349, 544294.353097 259295.737507, 544277.758818 259242.205999, 544297.953591 259203.558780, 544309.481561 259192.285306)

LINESTRING (544298.747027 259310.847215, 544317.475831 259338.963100)

LINESTRING (544298.747027 259310.847215, 544266.866385 259330.054104, 544262.759448 259323.167144)

LINESTRING (544467.677526 259221.415612, 544475.855019 259222.589002)

LINESTRING (544467.677526 259221.415612, 544466.840159 259221.291023, 544464.692426 259221.083710, 544457.705130 259215.437147)

LINESTRING (544467.677526 259221.415612, 544462.622599 259235.793658, 544461.601728 259238.680110)

LINESTRING (544467.677526 259221.415612, 544473.562602 259206.238110, 544482.519960 259194.266759)

LINESTRING (544518.852213 259267.708515, 544497.905366 259258.705164)

LINESTRING (544518.852213 259267.708515, 544510.114917 259288.546172, 544497.968222 259317.509926, 544490.198680 259329.081787)

LINESTRING (544518.852213 259267.708515, 544529.994409 259271.784509, 544548.192426 259278.448301)

LINESTRING (544518.852213 259267.708515, 544521.391437 259262.228407, 544536.001847 259231.789411)

LINESTRING (544497.905366 259258.705164, 544518.852213 259267.708515)

LINESTRING (544497.905366 259258.705164, 544472.774880 259248.967741)

LINESTRING (544490.198680 259329.081787, 544483.357110 259321.257832)

LINESTRING (544490.198680 259329.081787, 544500.048436 259341.835287)

LINESTRING (544490.198680 259329.081787, 544497.968222 259317.509926, 544510.114917 259288.546172, 544518.852213 259267.708515)

LINESTRING (544548.192426 259278.448301, 544575.097194 259288.293541)

LINESTRING (544548.192426 259278.448301, 544550.888350 259271.347710)

LINESTRING (544548.192426 259278.448301, 544529.994409 259271.784509, 544518.852213 259267.708515)

LINESTRING (544548.192426 259278.448301, 544546.410426 259283.048908, 544545.697505 259284.987096)

LINESTRING (544536.001847 259231.789411, 544535.207297 259226.212067, 544534.074838 259225.655897)

LINESTRING (544536.001847 259231.789411, 544534.245822 259227.998309, 544519.394164 259218.415784, 544516.117009 259218.954649)

LINESTRING (544575.097194 259288.293541, 544591.856265 259295.060213)

LINESTRING (544575.097194 259288.293541, 544586.849813 259263.948786, 544602.901754 259271.051037, 544591.856265 259295.060213)

LINESTRING (544575.097194 259288.293541, 544548.192426 259278.448301)

LINESTRING (544591.856265 259295.060213, 544575.097194 259288.293541)

LINESTRING (544591.856265 259295.060213, 544602.901754 259271.051037, 544586.849813 259263.948786, 544575.097194 259288.293541)

LINESTRING (544591.856265 259295.060213, 544575.983316 259332.207363)

LINESTRING (544575.983316 259332.207363, 544591.856265 259295.060213)

LINESTRING (544483.357110 259321.257832, 544490.198680 259329.081787)

LINESTRING (544483.357110 259321.257832, 544492.189399 259305.832374)

LINESTRING (544483.357110 259321.257832, 544477.666575 259314.758598, 544476.792084 259314.031872, 544468.881955 259307.445671)

LINESTRING (544500.048436 259341.835287, 544492.667505 259348.053529)

LINESTRING (544500.048436 259341.835287, 544490.198680 259329.081787)

LINESTRING (544500.048436 259341.835287, 544512.669401 259320.520960)

LINESTRING (544468.881955 259307.445671, 544476.792084 259314.031872, 544477.666575 259314.758598, 544483.357110 259321.257832)

LINESTRING (544468.881955 259307.445671, 544464.116944 259301.563360, 544449.038468 259290.149010)

LINESTRING (544449.038468 259290.149010, 544442.543728 259284.027078)

LINESTRING (544449.038468 259290.149010, 544453.293236 259284.218005, 544456.881121 259278.178517, 544462.638477 259268.551446, 544467.726801 259260.062457, 544471.364328 259252.321445, 544472.774880 259248.967741)

LINESTRING (544449.038468 259290.149010, 544445.850206 259294.207777, 544442.800589 259295.621508, 544440.027593 259298.100709, 544433.741109 259305.241389, 544430.268913 259309.659198, 544423.598574 259316.599481, 544410.322002 259330.159152, 544397.616169 259341.498241, 544395.543368 259344.821533, 544391.351589 259348.595085, 544387.602833 259351.947457)

LINESTRING (544422.176373 259093.501113, 544422.494876 259096.649220)

LINESTRING (544422.176373 259093.501113, 544421.553053 259087.439041, 544423.064583 259079.213071, 544427.061617 259071.337806)

LINESTRING (544422.176373 259093.501113, 544410.018065 259080.869750, 544427.061617 259071.337806)

LINESTRING (544422.176373 259093.501113, 544430.542335 259090.561595, 544441.524687 259082.778635)

LINESTRING (544446.717492 259200.658206, 544457.705130 259215.437147)

LINESTRING (544446.717492 259200.658206, 544424.286710 259175.461451)

LINESTRING (544446.717492 259200.658206, 544430.575165 259213.766991, 544426.020553 259220.835727, 544419.630180 259230.600217, 544419.052463 259234.000469)

LINESTRING (544472.774880 259248.967741, 544497.905366 259258.705164)

LINESTRING (544472.774880 259248.967741, 544465.983797 259246.677193)

LINESTRING (544472.774880 259248.967741, 544474.396843 259245.163847, 544480.170431 259230.995986, 544486.423361 259214.693904, 544490.987645 259202.138119, 544491.469619 259200.616152)

LINESTRING (544472.774880 259248.967741, 544471.364328 259252.321445, 544467.726801 259260.062457, 544462.638477 259268.551446, 544456.881121 259278.178517, 544453.293236 259284.218005, 544449.038468 259290.149010)

LINESTRING (544204.590950 259181.406939, 544221.860627 259166.193186)

LINESTRING (544221.860627 259166.193186, 544204.590950 259181.406939)

LINESTRING (544221.860627 259166.193186, 544215.901449 259159.274628)

LINESTRING (544221.860627 259166.193186, 544229.277519 259159.675067, 544235.600527 259154.093477, 544242.926376 259147.650641, 544247.431772 259143.674611, 544262.807355 259130.587444)

LINESTRING (544752.146616 259266.626590, 544805.614799 259307.101501)

LINESTRING (544752.146616 259266.626590, 544716.523701 259299.412020, 544671.794203 259336.172555, 544659.414053 259347.809905)

LINESTRING (544752.146616 259266.626590, 544784.970290 259231.845137, 544793.267800 259223.995625)

LINESTRING (544805.614799 259307.101501, 544752.146616 259266.626590)

LINESTRING (544805.614799 259307.101501, 544810.231800 259303.529931, 544816.079384 259297.389763, 544845.820589 259257.431915)

LINESTRING (544659.414053 259347.809905, 544671.794203 259336.172555, 544716.523701 259299.412020, 544752.146616 259266.626590)

LINESTRING (544659.414053 259347.809905, 544641.893520 259327.085240, 544639.289329 259325.183802, 544635.768467 259324.001358)

LINESTRING (544635.768467 259324.001358, 544639.289329 259325.183802, 544641.893520 259327.085240, 544659.414053 259347.809905)

LINESTRING (544635.768467 259324.001358, 544640.819488 259318.438796, 544659.747718 259300.080452, 544698.747397 259263.096822, 544704.774853 259258.520066)

LINESTRING (544704.774853 259258.520066, 544714.723378 259255.705162)

LINESTRING (544704.774853 259258.520066, 544671.483008 259219.904226)

LINESTRING (544704.774853 259258.520066, 544698.747397 259263.096822, 544659.747718 259300.080452, 544640.819488 259318.438796, 544635.768467 259324.001358)

LINESTRING (545414.739917 259376.519657, 545414.496280 259352.670565)

LINESTRING (545414.739917 259376.519657, 545422.627093 259374.992483, 545444.066944 259365.971458)

LINESTRING (545414.496280 259352.670565, 545414.739917 259376.519657)

LINESTRING (545414.496280 259352.670565, 545414.266710 259344.883474)

LINESTRING (545444.066944 259365.971458, 545422.627093 259374.992483, 545414.739917 259376.519657)

LINESTRING (545414.266710 259344.883474, 545414.496280 259352.670565)

LINESTRING (545414.266710 259344.883474, 545365.450928 259365.768137, 545354.336609 259368.692243)

LINESTRING (545414.266710 259344.883474, 545427.607492 259339.019557, 545451.717030 259326.403784, 545461.862340 259321.091735, 545481.458046 259311.549232, 545483.976078 259310.320871)

LINESTRING (545696.409554 259150.236344, 545672.570124 259167.567226)

LINESTRING (545672.570124 259167.567226, 545696.409554 259150.236344)

LINESTRING (545672.570124 259167.567226, 545656.362724 259178.811434, 545648.676959 259186.499458, 545640.568146 259195.321522)

LINESTRING (545672.570124 259167.567226, 545679.537107 259176.888100, 545681.975188 259178.150764, 545691.417700 259175.133687)

LINESTRING (545612.183315 259233.322378, 545610.038727 259224.399312)

LINESTRING (545612.183315 259233.322378, 545621.554243 259315.096833)

LINESTRING (545612.183315 259233.322378, 545596.267448 259234.424129, 545585.703034 259240.491622, 545560.827373 259270.548348)

LINESTRING (545664.382268 259310.723537, 545628.281747 259314.415224, 545621.554243 259315.096833)

LINESTRING (545664.382268 259310.723537, 545663.357257 259303.725576, 545640.568146 259195.321522)

LINESTRING (545610.038727 259224.399312, 545612.183315 259233.322378)

LINESTRING (545610.038727 259224.399312, 545590.656653 259199.887646)

LINESTRING (545610.038727 259224.399312, 545619.655404 259217.079638, 545634.757728 259201.784653)

LINESTRING (545590.656653 259199.887646, 545610.038727 259224.399312)

LINESTRING (545590.656653 259199.887646, 545594.490349 259193.678045, 545603.494446 259184.169851, 545615.185291 259175.375075)

LINESTRING (545590.656653 259199.887646, 545581.735568 259209.364908, 545582.291837 259214.634945, 545566.378550 259233.802004, 545562.983612 259236.017459, 545559.782873 259238.372189, 545554.232422 259245.766893, 545525.213916 259277.672229)

LINESTRING (545634.757728 259201.784653, 545640.568146 259195.321522)

LINESTRING (545634.757728 259201.784653, 545619.655404 259217.079638, 545610.038727 259224.399312)

LINESTRING (545634.757728 259201.784653, 545630.066174 259195.769753, 545615.185291 259175.375075)

LINESTRING (545560.827373 259270.548348, 545585.703034 259240.491622, 545596.267448 259234.424129, 545612.183315 259233.322378)

LINESTRING (545484.551523 259346.145224, 545483.976078 259310.320871)

LINESTRING (545484.551523 259346.145224, 545535.756803 259346.825274)

LINESTRING (544607.382529 259138.360303, 544610.865300 259141.789990)

LINESTRING (544610.865300 259141.789990, 544607.382529 259138.360303)

LINESTRING (544610.865300 259141.789990, 544621.958128 259153.422419)

LINESTRING (544610.865300 259141.789990, 544609.130180 259143.609296)

LINESTRING (544417.510256 257902.783715, 544399.340475 257901.542064)

LINESTRING (544417.510256 257902.783715, 544416.502692 257909.432697, 544415.331602 257917.234493)

LINESTRING (544417.510256 257902.783715, 544459.142257 257906.712584, 544470.671686 257911.456276)

LINESTRING (544399.340475 257901.542064, 544417.510256 257902.783715)

LINESTRING (544399.340475 257901.542064, 544347.492887 257898.006326)

LINESTRING (544415.331602 257917.234493, 544412.752091 257934.411712)

LINESTRING (544415.331602 257917.234493, 544416.502692 257909.432697, 544417.510256 257902.783715)

LINESTRING (544415.331602 257917.234493, 544427.850472 257918.534176, 544441.477049 257920.311388, 544453.327421 257920.612168, 544461.704486 257918.062510, 544468.346775 257917.543723, 544469.066006 257915.627966, 544470.671686 257911.456276)

LINESTRING (544271.091228 257894.045877, 544276.328892 257894.320746)

LINESTRING (544271.091228 257894.045877, 544270.264515 257901.067451, 544267.698415 257917.566149, 544265.658054 257931.275252, 544272.758993 257932.149741, 544312.486923 257936.166668, 544317.297485 257937.720292, 544320.792941 257940.281906, 544322.147000 257943.103964, 544321.991026 257946.817026, 544319.502300 257963.941269)

LINESTRING (544276.328892 257894.320746, 544312.897515 257896.219956)

LINESTRING (544276.328892 257894.320746, 544271.091228 257894.045877)

LINESTRING (544276.328892 257894.320746, 544271.727324 257926.944013, 544313.670194 257932.639339, 544323.140273 257935.296975, 544345.816320 257936.324516)

LINESTRING (544319.502300 257963.941269, 544316.304409 257984.517599)

LINESTRING (544319.502300 257963.941269, 544372.600804 257966.066206)

LINESTRING (544319.502300 257963.941269, 544321.991026 257946.817026, 544322.147000 257943.103964, 544320.792941 257940.281906, 544317.297485 257937.720292, 544312.486923 257936.166668, 544272.758993 257932.149741, 544265.658054 257931.275252, 544267.698415 257917.566149, 544270.264515 257901.067451, 544271.091228 257894.045877)

LINESTRING (544835.492958 258561.032073, 544786.759201 258572.163499, 544775.478536 258573.948784, 544749.535051 258575.316965, 544732.901533 258574.708763)

LINESTRING (544835.492958 258561.032073, 544833.598038 258550.057565, 544829.263287 258521.481047)

LINESTRING (544829.263287 258521.481047, 544825.169590 258493.546024)

LINESTRING (544829.263287 258521.481047, 544825.602670 258521.552170)

LINESTRING (544829.263287 258521.481047, 544835.004562 258520.880805)

LINESTRING (545726.336792 258012.277894, 545701.787984 258026.805333)

LINESTRING (545701.787984 258026.805333, 545726.336792 258012.277894)

LINESTRING (545701.787984 258026.805333, 545703.370311 258029.745823)

LINESTRING (545701.787984 258026.805333, 545682.460046 258037.991283, 545675.249453 258042.020171)

LINESTRING (545675.249453 258042.020171, 545665.902876 258026.340630)

LINESTRING (545675.249453 258042.020171, 545682.460046 258037.991283, 545701.787984 258026.805333)

LINESTRING (544819.568935 258698.085495, 544820.835918 258690.765181, 544822.751564 258680.903780)

LINESTRING (544819.568935 258698.085495, 544823.757801 258698.419382, 544827.140128 258698.740833)

LINESTRING (544758.180767 258721.102183, 544799.356170 258701.334962, 544810.962970 258701.952356, 544818.929124 258702.430001)

LINESTRING (544837.303545 258631.519520, 544840.196311 258622.855394, 544842.210215 258611.271625, 544842.210873 258600.953563, 544841.924076 258595.791706, 544841.154780 258590.760446, 544840.301166 258584.168437)

LINESTRING (544837.303545 258631.519520, 544842.036177 258633.371944, 544850.425798 258636.444314, 544872.833355 258646.081672)

LINESTRING (544872.833355 258646.081672, 544850.425798 258636.444314, 544842.036177 258633.371944, 544837.303545 258631.519520)

LINESTRING (544363.641914 258612.702318, 544349.445947 258613.635635)

LINESTRING (544363.641914 258612.702318, 544376.201758 258516.287899)

LINESTRING (544363.641914 258612.702318, 544365.964907 258612.536241, 544409.295941 258609.580117, 544412.278740 258609.299720)

LINESTRING (544363.641914 258612.702318, 544355.773354 258636.103319, 544349.626558 258651.573862, 544341.577972 258663.315936, 544333.584746 258682.550505)

LINESTRING (544345.733383 258613.850293, 544349.445947 258613.635635)

LINESTRING (544345.733383 258613.850293, 544328.122999 258657.125066, 544320.194955 258688.916827, 544322.930699 258717.312649, 544339.149835 258782.609412, 544341.718020 258799.847546)

LINESTRING (544345.733383 258613.850293, 544349.088625 258605.477654, 544362.478235 258491.835006)

LINESTRING (544345.733383 258613.850293, 544342.980921 258613.970480, 544323.140544 258615.707846)

LINESTRING (544324.416834 258690.230741, 544333.584746 258682.550505)

LINESTRING (544324.416834 258690.230741, 544331.130737 258661.152876, 544343.520700 258629.012463, 544349.445947 258613.635635)

LINESTRING (544324.416834 258690.230741, 544326.212196 258717.808910, 544341.593852 258785.563411, 544343.607260 258799.780135)

LINESTRING (544333.584746 258682.550505, 544324.416834 258690.230741)

LINESTRING (544333.584746 258682.550505, 544350.195419 258672.894334, 544369.030708 258659.173578, 544384.632482 258643.076920, 544402.408829 258630.972757, 544413.682371 258618.156032)

LINESTRING (544333.584746 258682.550505, 544341.577972 258663.315936, 544349.626558 258651.573862, 544355.773354 258636.103319, 544363.641914 258612.702318)

LINESTRING (544343.607260 258799.780135, 544341.718020 258799.847546)

LINESTRING (544343.607260 258799.780135, 544341.593852 258785.563411, 544326.212196 258717.808910, 544324.416834 258690.230741)

LINESTRING (544343.607260 258799.780135, 544346.270243 258818.223136, 544347.063221 258824.334654)

LINESTRING (545197.309869 258929.124200, 545189.808024 258928.448049)

LINESTRING (545189.808024 258928.448049, 545197.309869 258929.124200)

LINESTRING (545189.808024 258928.448049, 545190.023602 258931.125724)

LINESTRING (545189.808024 258928.448049, 545161.386425 258931.132725)

LINESTRING (545189.808024 258928.448049, 545189.527772 258924.243580, 545188.225812 258908.700428)

LINESTRING (545099.314175 258727.182317, 545099.028714 258732.961896, 545090.554246 258829.728500)

LINESTRING (545099.314175 258727.182317, 545094.024017 258728.029194, 545078.734935 258731.265848)

LINESTRING (545091.920784 258690.791266, 545095.231528 258691.222111)

LINESTRING (544695.290146 258444.261874, 544696.029980 258433.208528)

LINESTRING (544695.290146 258444.261874, 544694.340817 258461.085885, 544697.249461 258469.908319)

LINESTRING (544695.290146 258444.261874, 544700.915402 258444.826800, 544709.064196 258445.621237)

LINESTRING (544696.029980 258433.208528, 544695.290146 258444.261874)

LINESTRING (544696.029980 258433.208528, 544691.347619 258432.671134, 544670.087401 258429.368065)

LINESTRING (544696.029980 258433.208528, 544698.200887 258423.966725, 544696.998424 258415.027142, 544695.987626 258411.702977)

LINESTRING (544709.064196 258445.621237, 544700.915402 258444.826800, 544695.290146 258444.261874)

LINESTRING (544793.052655 257990.795516, 544813.228765 257998.731077, 544840.410269 258008.229340, 544841.982923 258008.943127)

LINESTRING (544793.052655 257990.795516, 544763.290089 257978.105580, 544761.484757 257977.396155, 544759.909160 257976.782483, 544733.639026 257966.042399)

LINESTRING (544793.052655 257990.795516, 544793.816927 257989.215034, 544806.851593 257962.314681)

LINESTRING (544841.982923 258008.943127, 544875.466392 258024.179902)

LINESTRING (544841.982923 258008.943127, 544840.410269 258008.229340, 544813.228765 257998.731077, 544793.052655 257990.795516)

LINESTRING (544841.982923 258008.943127, 544842.549685 258007.100876, 544844.398789 258004.439038)

LINESTRING (544733.639026 257966.042399, 544730.824126 257967.585280, 544726.137422 257977.254500)

LINESTRING (544733.639026 257966.042399, 544759.909160 257976.782483, 544761.484757 257977.396155, 544763.290089 257978.105580, 544793.052655 257990.795516)

LINESTRING (544733.639026 257966.042399, 544741.640699 257958.551396, 544754.844204 257945.769440, 544764.919160 257934.498959)

LINESTRING (544806.851593 257962.314681, 544793.816927 257989.215034, 544793.052655 257990.795516)

LINESTRING (545422.088838 258502.742897, 545524.312462 258457.491749)

LINESTRING (545422.088838 258502.742897, 545396.210870 258514.205164)

LINESTRING (545422.088838 258502.742897, 545412.701066 258480.083676, 545419.592198 258477.124746)

LINESTRING (545421.102817 258442.652847, 545499.146719 258408.100713)

LINESTRING (545421.102817 258442.652847, 545415.568019 258430.614031, 545404.414080 258406.378118)

LINESTRING (545421.102817 258442.652847, 545408.367496 258448.545778, 545373.874562 258464.842153)

LINESTRING (544229.135013 259244.675039, 544226.501798 259250.341767, 544225.899291 259254.598367, 544226.470885 259261.504824)

LINESTRING (544229.135013 259244.675039, 544238.884489 259241.875659, 544246.223574 259240.141448)

LINESTRING (544229.135013 259244.675039, 544213.260014 259250.034277, 544208.031612 259252.074835, 544203.514875 259255.505167, 544202.320635 259259.655504, 544202.180899 259262.812518, 544201.971230 259266.023149, 544203.253490 259269.655636)

LINESTRING (544226.470885 259261.504824, 544203.253490 259269.655636)

LINESTRING (544226.470885 259261.504824, 544227.809264 259264.148332, 544230.959901 259266.544065, 544233.348219 259268.116210, 544234.684616 259270.592704, 544236.001208 259275.628653, 544235.516368 259283.828898, 544246.293516 259302.563707)

LINESTRING (544226.470885 259261.504824, 544225.899291 259254.598367, 544226.501798 259250.341767, 544229.135013 259244.675039)

LINESTRING (544203.253490 259269.655636, 544226.470885 259261.504824)

LINESTRING (544203.253490 259269.655636, 544191.978542 259273.423573)

LINESTRING (544268.335599 259295.091236, 544254.152712 259303.393553)

LINESTRING (544268.335599 259295.091236, 544280.018074 259288.129734, 544283.532092 259286.028202)

LINESTRING (544268.335599 259295.091236, 544270.969169 259299.041353, 544273.102577 259304.201271)

LINESTRING (544254.152712 259303.393553, 544268.335599 259295.091236)

LINESTRING (544254.152712 259303.393553, 544226.419648 259318.937053)

LINESTRING (544254.152712 259303.393553, 544248.629360 259303.588935, 544246.293516 259302.563707)

LINESTRING (544226.419648 259318.937053, 544254.152712 259303.393553)

LINESTRING (544226.419648 259318.937053, 544221.385192 259303.040766)

LINESTRING (544246.293516 259302.563707, 544235.006850 259306.030678)

LINESTRING (544246.293516 259302.563707, 544248.629360 259303.588935, 544254.152712 259303.393553)

LINESTRING (544246.293516 259302.563707, 544235.516368 259283.828898, 544236.001208 259275.628653, 544234.684616 259270.592704, 544233.348219 259268.116210, 544230.959901 259266.544065, 544227.809264 259264.148332, 544226.470885 259261.504824)

LINESTRING (544413.682371 258618.156032, 544402.408829 258630.972757, 544384.632482 258643.076920, 544369.030708 258659.173578, 544350.195419 258672.894334, 544333.584746 258682.550505)

LINESTRING (544413.682371 258618.156032, 544413.165883 258614.056062, 544412.278740 258609.299720)

LINESTRING (544413.682371 258618.156032, 544418.935341 258642.050609, 544427.658378 258668.417129, 544443.356267 258717.070011, 544447.368791 258720.403696, 544456.081635 258721.303222, 544476.513874 258720.362799)

LINESTRING (544412.278740 258609.299720, 544416.650141 258609.004133, 544422.620305 258608.521397)

LINESTRING (544412.278740 258609.299720, 544409.295941 258609.580117, 544365.964907 258612.536241, 544363.641914 258612.702318)

LINESTRING (544412.278740 258609.299720, 544411.499052 258605.314518, 544383.685182 258507.289786)

LINESTRING (544412.278740 258609.299720, 544413.165883 258614.056062, 544413.682371 258618.156032)

LINESTRING (544476.513874 258720.362799, 544485.144434 258792.807360)

LINESTRING (544476.513874 258720.362799, 544456.081635 258721.303222, 544447.368791 258720.403696, 544443.356267 258717.070011, 544427.658378 258668.417129, 544418.935341 258642.050609, 544413.682371 258618.156032)

LINESTRING (544476.513874 258720.362799, 544496.645693 258714.716595, 544526.250010 258705.495515, 544556.933158 258694.692139)

LINESTRING (544485.539268 258798.027984, 544485.144434 258792.807360)

LINESTRING (544485.539268 258798.027984, 544488.649155 258797.606645)

LINESTRING (544485.539268 258798.027984, 544481.560447 258798.935999, 544474.883642 258800.444329, 544457.908777 258804.301557)

LINESTRING (544485.144434 258792.807360, 544476.513874 258720.362799)

LINESTRING (544485.144434 258792.807360, 544485.539268 258798.027984)

LINESTRING (544485.144434 258792.807360, 544644.095057 258756.205148)

LINESTRING (544488.649155 258797.606645, 544485.539268 258798.027984)

LINESTRING (544488.649155 258797.606645, 544644.110372 258761.303409)

LINESTRING (544488.649155 258797.606645, 544492.357002 258803.647351)

LINESTRING (544457.908777 258804.301557, 544461.344394 258820.151475)

LINESTRING (544457.908777 258804.301557, 544371.267218 258822.769061)

LINESTRING (544457.908777 258804.301557, 544414.409915 258657.724155, 544338.102567 258695.304139, 544341.782958 258720.844671, 544353.564269 258776.506737, 544371.267218 258822.769061)

LINESTRING (544457.908777 258804.301557, 544474.883642 258800.444329, 544481.560447 258798.935999, 544485.539268 258798.027984)

LINESTRING (544376.201758 258516.287899, 544379.356314 258492.037244)

LINESTRING (544376.201758 258516.287899, 544363.641914 258612.702318)

LINESTRING (544376.201758 258516.287899, 544383.685182 258507.289786)

LINESTRING (544388.247233 258414.771854, 544379.356314 258492.037244)

LINESTRING (544388.247233 258414.771854, 544392.415886 258391.864154, 544419.193566 258256.740092, 544426.712244 258236.924144)

LINESTRING (544388.247233 258414.771854, 544422.860748 258399.852466, 544426.009574 258399.276383)

LINESTRING (544388.247233 258414.771854, 544383.040721 258417.202476, 544374.172642 258425.369991)

LINESTRING (544397.006038 258491.338183, 544401.045365 258491.177601)

LINESTRING (544397.006038 258491.338183, 544379.356314 258492.037244)

LINESTRING (544397.006038 258491.338183, 544383.685182 258507.289786)

LINESTRING (544383.685182 258507.289786, 544376.201758 258516.287899)

LINESTRING (544383.685182 258507.289786, 544397.006038 258491.338183)

LINESTRING (544383.685182 258507.289786, 544382.587587 258503.417767, 544379.356314 258492.037244)

LINESTRING (544383.685182 258507.289786, 544411.499052 258605.314518, 544412.278740 258609.299720)

LINESTRING (544422.620305 258608.521397, 544527.353767 258599.642453)

LINESTRING (544422.620305 258608.521397, 544420.969503 258603.219662, 544418.454564 258592.371985, 544399.080124 258509.341085, 544400.133885 258506.032615, 544402.681940 258504.715531, 544534.979385 258505.577659, 544536.125031 258506.156467, 544536.931103 258507.827300, 544533.494285 258534.930220, 544527.431092 258581.279245, 544526.113254 258593.406544, 544526.520312 258597.269596, 544527.353767 258599.642453)

LINESTRING (544422.620305 258608.521397, 544416.650141 258609.004133, 544412.278740 258609.299720)

LINESTRING (544422.620305 258608.521397, 544425.295259 258619.039823, 544448.944039 258698.733852, 544449.945946 258700.254551, 544451.337842 258700.829387, 544548.155070 258681.257493, 544550.165618 258680.080637)

LINESTRING (544401.045365 258491.177601, 544397.006038 258491.338183)

LINESTRING (544401.045365 258491.177601, 544414.352480 258457.394468, 544416.889202 258450.834562, 544426.009574 258399.276383)

LINESTRING (544401.045365 258491.177601, 544530.236062 258496.345653, 544538.326517 258500.310328, 544563.254774 258516.642437, 544581.348090 258529.335940, 544593.656112 258537.809195)

LINESTRING (544426.009574 258399.276383, 544416.889202 258450.834562, 544414.352480 258457.394468, 544401.045365 258491.177601)

LINESTRING (544426.009574 258399.276383, 544427.989473 258251.531269, 544426.712244 258236.924144)

LINESTRING (544426.009574 258399.276383, 544439.449796 258399.189418, 544542.437995 258412.320542)

LINESTRING (544426.009574 258399.276383, 544422.860748 258399.852466, 544388.247233 258414.771854)

LINESTRING (544593.656112 258537.809195, 544598.663704 258541.962301)

LINESTRING (544593.656112 258537.809195, 544597.073332 258533.657005)

LINESTRING (544593.656112 258537.809195, 544581.348090 258529.335940, 544563.254774 258516.642437, 544538.326517 258500.310328, 544530.236062 258496.345653, 544401.045365 258491.177601)

LINESTRING (544426.712244 258236.924144, 544431.841780 258214.845867)

LINESTRING (544426.712244 258236.924144, 544416.636545 258236.296658)

LINESTRING (544426.712244 258236.924144, 544427.989473 258251.531269, 544426.009574 258399.276383)

LINESTRING (544426.712244 258236.924144, 544419.193566 258256.740092, 544392.415886 258391.864154, 544388.247233 258414.771854)

LINESTRING (544426.712244 258236.924144, 544437.306514 258236.887796, 544439.827869 258236.961268, 544443.700202 258237.140892, 544478.358819 258246.999796, 544517.935410 258266.908546, 544534.795808 258271.262467)

LINESTRING (544431.841780 258214.845867, 544426.712244 258236.924144)

LINESTRING (544431.841780 258214.845867, 544421.657118 258214.905293)

LINESTRING (544431.841780 258214.845867, 544439.645466 258204.966704, 544460.005758 258162.451347, 544482.648101 258112.277962, 544495.024545 258077.154462, 544506.937338 258046.914922, 544513.221825 258036.846874, 544519.781305 258030.014716)

LINESTRING (544416.636545 258236.296658, 544426.712244 258236.924144)

LINESTRING (544416.636545 258236.296658, 544419.283739 258225.009479)

LINESTRING (544416.636545 258236.296658, 544416.081743 258238.673565, 544378.633000 258383.994044, 544377.329138 258390.723446, 544376.997993 258393.874881)

LINESTRING (544534.795808 258271.262467, 544549.346942 258275.070488)

LINESTRING (544534.795808 258271.262467, 544536.315035 258265.129297)

LINESTRING (544534.795808 258271.262467, 544517.935410 258266.908546, 544478.358819 258246.999796, 544443.700202 258237.140892, 544439.827869 258236.961268, 544437.306514 258236.887796, 544426.712244 258236.924144)

LINESTRING (544542.437995 258412.320542, 544543.320287 258404.343383)

LINESTRING (544542.437995 258412.320542, 544439.449796 258399.189418, 544426.009574 258399.276383)

LINESTRING (544542.437995 258412.320542, 544547.713208 258412.930736, 544570.045922 258415.808201, 544572.828472 258416.067452)

LINESTRING (544644.110372 258761.303409, 544488.649155 258797.606645)

LINESTRING (544644.110372 258761.303409, 544646.125521 258760.905869)

LINESTRING (544644.110372 258761.303409, 544645.002322 258764.011916, 544646.863828 258776.844175, 544646.496494 258786.149766, 544645.064079 258791.884739, 544639.013378 258796.538823, 544606.346796 258804.089317)

LINESTRING (544492.357002 258803.647351, 544488.649155 258797.606645)

LINESTRING (544492.357002 258803.647351, 544504.065748 258811.312669, 544520.870348 258816.577714, 544539.555974 258817.601271, 544554.059801 258816.176627)

LINESTRING (544492.357002 258803.647351, 544517.422655 258843.825026, 544547.021190 258869.943558, 544553.861322 258873.148333, 544562.037092 258874.165960, 544567.881674 258873.290178, 544566.764743 258868.682922, 544554.059801 258816.176627)

LINESTRING (544554.059801 258816.176627, 544606.346796 258804.089317)

LINESTRING (544554.059801 258816.176627, 544539.555974 258817.601271, 544520.870348 258816.577714, 544504.065748 258811.312669, 544492.357002 258803.647351)

LINESTRING (544554.059801 258816.176627, 544566.764743 258868.682922, 544567.881674 258873.290178, 544562.037092 258874.165960, 544553.861322 258873.148333, 544547.021190 258869.943558, 544517.422655 258843.825026, 544492.357002 258803.647351)

LINESTRING (544606.346796 258804.089317, 544554.059801 258816.176627)

LINESTRING (544606.346796 258804.089317, 544639.013378 258796.538823, 544645.064079 258791.884739, 544646.496494 258786.149766, 544646.863828 258776.844175, 544645.002322 258764.011916, 544644.110372 258761.303409)

LINESTRING (544606.346796 258804.089317, 544607.613404 258809.190697, 544608.486287 258813.490316)

LINESTRING (544461.344394 258820.151475, 544457.908777 258804.301557)

LINESTRING (544461.344394 258820.151475, 544468.530199 258852.316846)

LINESTRING (544461.344394 258820.151475, 544411.020996 258831.518367)

LINESTRING (544371.267218 258822.769061, 544375.820078 258839.475118)

LINESTRING (544371.267218 258822.769061, 544457.908777 258804.301557)

LINESTRING (544371.267218 258822.769061, 544353.564269 258776.506737, 544341.782958 258720.844671, 544338.102567 258695.304139, 544414.409915 258657.724155, 544457.908777 258804.301557)

LINESTRING (544371.267218 258822.769061, 544357.024285 258825.804638, 544347.063221 258824.334654)

LINESTRING (544375.820078 258839.475118, 544371.267218 258822.769061)

LINESTRING (544375.820078 258839.475118, 544411.020996 258831.518367)

LINESTRING (544375.820078 258839.475118, 544383.737990 258870.938184, 544418.081751 258862.822953)

LINESTRING (544468.530199 258852.316846, 544461.344394 258820.151475)

LINESTRING (544468.530199 258852.316846, 544418.081751 258862.822953)

LINESTRING (544468.530199 258852.316846, 544469.607444 258859.226950, 544473.341216 258861.328172, 544505.067404 258872.170528, 544518.507736 258880.008818)

LINESTRING (544418.081751 258862.822953, 544468.530199 258852.316846)

LINESTRING (544418.081751 258862.822953, 544411.020996 258831.518367)

LINESTRING (544418.081751 258862.822953, 544383.737990 258870.938184, 544375.820078 258839.475118)

LINESTRING (544518.507736 258880.008818, 544505.067404 258872.170528, 544473.341216 258861.328172, 544469.607444 258859.226950, 544468.530199 258852.316846)

LINESTRING (544768.857704 258346.190152, 544775.447153 258346.994800)

LINESTRING (544768.857704 258346.190152, 544763.633136 258383.180382, 544702.868859 258376.041082, 544697.712697 258375.334024)

LINESTRING (544768.857704 258346.190152, 544769.433086 258342.177678, 544772.203652 258322.947003, 544774.279171 258309.016457)

LINESTRING (544775.447153 258346.994800, 544768.857704 258346.190152)

LINESTRING (544775.447153 258346.994800, 544776.330858 258346.942698, 544777.003709 258346.617302, 544777.389572 258346.049782, 544777.547678 258345.553522, 544777.789738 258345.226675, 544778.218569 258345.061111, 544782.080747 258345.585756, 544782.413616 258345.896006, 544782.527186 258346.222111, 544782.642402 258346.960096, 544782.966500 258347.570616, 544783.623119 258348.035020, 544784.581021 258348.252221)

LINESTRING (544775.447153 258346.994800, 544780.874376 258347.787770, 544784.581021 258348.252221)

LINESTRING (544697.712697 258375.334024, 544698.104319 258378.551069)

LINESTRING (544697.712697 258375.334024, 544682.659378 258373.280654, 544678.687011 258374.188716, 544676.996138 258375.185637)

LINESTRING (544697.712697 258375.334024, 544702.868859 258376.041082, 544763.633136 258383.180382, 544768.857704 258346.190152)

LINESTRING (544697.712697 258375.334024, 544697.375441 258372.597182, 544697.708489 258370.558875, 544707.191733 258303.161702, 544707.763821 258299.260434)

LINESTRING (544774.279171 258309.016457, 544754.347638 258306.330650)

LINESTRING (544774.279171 258309.016457, 544775.151819 258302.319061)

LINESTRING (544774.279171 258309.016457, 544772.203652 258322.947003, 544769.433086 258342.177678, 544768.857704 258346.190152)

LINESTRING (544754.347638 258306.330650, 544774.279171 258309.016457)

LINESTRING (544754.347638 258306.330650, 544754.723896 258302.579495)

LINESTRING (544754.347638 258306.330650, 544714.859028 258301.014734, 544707.763821 258299.260434)

LINESTRING (544775.151819 258302.319061, 544774.279171 258309.016457)

LINESTRING (544519.781305 258030.014716, 544508.358319 258037.818148, 544472.344823 258061.021921, 544461.785449 258067.826612)

LINESTRING (544519.781305 258030.014716, 544532.132902 258021.325676, 544558.909364 258007.903845, 544576.507834 258003.864674, 544590.890214 258004.106073)

LINESTRING (544519.781305 258030.014716, 544513.221825 258036.846874, 544506.937338 258046.914922, 544495.024545 258077.154462, 544482.648101 258112.277962, 544460.005758 258162.451347, 544439.645466 258204.966704, 544431.841780 258214.845867)

LINESTRING (544461.785449 258067.826612, 544468.612405 258047.823596)

LINESTRING (544461.785449 258067.826612, 544449.558633 258114.485811)

LINESTRING (544461.785449 258067.826612, 544472.344823 258061.021921, 544508.358319 258037.818148, 544519.781305 258030.014716)

LINESTRING (544590.890214 258004.106073, 544601.513028 257997.247841)

LINESTRING (544590.890214 258004.106073, 544594.704599 258005.575264)

LINESTRING (544590.890214 258004.106073, 544576.507834 258003.864674, 544558.909364 258007.903845, 544532.132902 258021.325676, 544519.781305 258030.014716)

LINESTRING (545622.585651 258460.411512, 545617.917837 258450.768757)

LINESTRING (545622.585651 258460.411512, 545596.694855 258477.871831)

LINESTRING (545622.585651 258460.411512, 545657.283480 258530.953435, 545671.854427 258560.098887, 545688.836931 258606.534480, 545695.849417 258631.317221, 545696.158692 258639.173461)

LINESTRING (545617.236702 258449.279493, 545617.917837 258450.768757)

LINESTRING (545617.236702 258449.279493, 545654.974838 258425.678220)

LINESTRING (545617.236702 258449.279493, 545616.704877 258448.061754, 545601.944111 258414.180380)

LINESTRING (545617.236702 258449.279493, 545609.911080 258451.891471, 545604.147673 258453.469675, 545599.354127 258455.554996)

LINESTRING (545504.275720 259296.135360, 545519.460163 259282.912771)

LINESTRING (545504.275720 259296.135360, 545498.872429 259300.851942, 545483.976078 259310.320871)

LINESTRING (545504.275720 259296.135360, 545514.656943 259299.790555, 545522.882909 259303.961271, 545530.424845 259307.210325)

LINESTRING (545519.460163 259282.912771, 545525.213916 259277.672229)

LINESTRING (545519.460163 259282.912771, 545504.275720 259296.135360)

LINESTRING (545519.460163 259282.912771, 545521.566014 259284.777789, 545524.641882 259289.932593, 545528.561607 259297.783550, 545530.424845 259307.210325)

LINESTRING (545483.976078 259310.320871, 545484.551523 259346.145224)

LINESTRING (545483.976078 259310.320871, 545498.872429 259300.851942, 545504.275720 259296.135360)

LINESTRING (545483.976078 259310.320871, 545481.458046 259311.549232, 545461.862340 259321.091735, 545451.717030 259326.403784, 545427.607492 259339.019557, 545414.266710 259344.883474)

LINESTRING (545530.424845 259307.210325, 545532.891200 259308.440357, 545535.708844 259310.048020)

LINESTRING (545530.424845 259307.210325, 545528.561607 259297.783550, 545524.641882 259289.932593, 545521.566014 259284.777789, 545519.460163 259282.912771)

LINESTRING (545530.424845 259307.210325, 545522.882909 259303.961271, 545514.656943 259299.790555, 545504.275720 259296.135360)

LINESTRING (545354.336609 259368.692243, 545365.450928 259365.768137, 545414.266710 259344.883474)

LINESTRING (545164.456255 258349.111867, 545152.325138 258370.806400, 545124.693233 258420.218731)

LINESTRING (545164.456255 258349.111867, 545156.294764 258344.309281, 545102.615001 258318.717611, 545085.315370 258306.958130)

LINESTRING (545085.315370 258306.958130, 545075.582986 258316.568399)

LINESTRING (545085.315370 258306.958130, 545102.615001 258318.717611, 545156.294764 258344.309281, 545164.456255 258349.111867)

LINESTRING (545085.315370 258306.958130, 545078.236919 258301.363715, 545074.483102 258298.537970)

LINESTRING (544832.144667 259051.137838, 544845.188961 259040.210383)

LINESTRING (544832.144667 259051.137838, 544817.173455 259059.215225)

LINESTRING (544832.144667 259051.137838, 544858.853019 259090.886838)

LINESTRING (544832.144667 259051.137838, 544827.343622 259042.749728)

LINESTRING (544841.299985 259107.058557, 544817.173455 259059.215225)

LINESTRING (544841.299985 259107.058557, 544861.585164 259095.430088, 544858.853019 259090.886838)

LINESTRING (544841.299985 259107.058557, 544854.338094 259133.296117, 544858.361350 259134.838447)

LINESTRING (544827.343622 259042.749728, 544832.144667 259051.137838)

LINESTRING (544858.853019 259090.886838, 544832.144667 259051.137838)

LINESTRING (544858.853019 259090.886838, 544875.302413 259078.790113)

LINESTRING (544858.853019 259090.886838, 544861.585164 259095.430088, 544841.299985 259107.058557)

LINESTRING (544848.343161 258964.347194, 544852.055437 258961.327997, 544861.196395 258952.712957, 544870.833908 258947.462766)

LINESTRING (544870.833908 258947.462766, 544861.947755 258930.518192)

LINESTRING (544870.833908 258947.462766, 544871.767974 258949.426802)

LINESTRING (544870.833908 258947.462766, 544861.196395 258952.712957, 544852.055437 258961.327997, 544848.343161 258964.347194)

LINESTRING (545525.213916 259277.672229, 545519.460163 259282.912771)

LINESTRING (545525.213916 259277.672229, 545554.232422 259245.766893, 545559.782873 259238.372189, 545562.983612 259236.017459, 545566.378550 259233.802004, 545582.291837 259214.634945, 545581.735568 259209.364908, 545590.656653 259199.887646)

LINESTRING (545525.213916 259277.672229, 545530.633889 259286.357528, 545528.273583 259287.801982)

LINESTRING (545528.273583 259287.801982, 545499.247919 259247.780665, 545490.800077 259236.724708, 545479.257159 259243.754323, 545473.569323 259247.215942, 545471.779749 259244.358469)

LINESTRING (545528.273583 259287.801982, 545533.684740 259299.347618, 545534.761814 259305.044780, 545535.708844 259310.048020)

LINESTRING (545528.273583 259287.801982, 545530.633889 259286.357528, 545525.213916 259277.672229)

LINESTRING (544997.645790 258370.920498, 544995.386091 258369.618894, 544993.819755 258368.460010, 544992.805248 258367.606667)

LINESTRING (544997.645790 258370.920498, 544994.912376 258375.994016, 544992.933474 258375.145853, 544994.982637 258371.020681, 544992.166225 258368.645383, 544992.805248 258367.606667)

LINESTRING (544997.645790 258370.920498, 545001.020857 258373.134052, 545003.483909 258374.263517, 545002.051313 258377.649841, 545015.096349 258384.765519, 545021.106882 258390.161641)

LINESTRING (544997.645790 258370.920498, 545000.155683 258367.176117, 545005.243803 258356.183209, 545005.904304 258354.877988, 545030.049731 258364.756070, 545036.575672 258367.729683)

LINESTRING (545048.541166 258112.130975, 545049.656605 258108.368070)

LINESTRING (545048.541166 258112.130975, 545046.803908 258117.979373)

LINESTRING (545048.541166 258112.130975, 545045.690453 258111.157109, 545044.670048 258106.997788)

LINESTRING (545132.575549 258149.373915, 545119.832006 258176.560270)

LINESTRING (545132.575549 258149.373915, 545080.324531 258124.659228, 545076.929070 258130.614914, 545063.058557 258124.810622, 545049.188338 258118.995248, 545046.803908 258117.979373)

LINESTRING (545132.575549 258149.373915, 545186.906352 258033.481034, 545189.077204 258028.246431, 545185.489826 258025.570182, 545157.081844 258005.894068)

LINESTRING (545328.556645 258614.300290, 545336.497040 258622.191032)

LINESTRING (545328.556645 258614.300290, 545289.890987 258578.438982)

LINESTRING (545328.556645 258614.300290, 545334.707878 258613.245162)

LINESTRING (545328.556645 258614.300290, 545317.558590 258615.536101, 545303.058053 258617.515179, 545296.172771 258619.583978, 545284.149982 258624.518592, 545274.307311 258625.532361, 545257.649367 258615.961491)

LINESTRING (545336.497040 258622.191032, 545328.556645 258614.300290)

LINESTRING (545336.497040 258622.191032, 545345.513436 258647.254575)

LINESTRING (545336.497040 258622.191032, 545334.707878 258613.245162)

LINESTRING (545289.890987 258578.438982, 545328.556645 258614.300290)

LINESTRING (545289.890987 258578.438982, 545285.871418 258574.659163)

LINESTRING (545289.890987 258578.438982, 545291.759316 258576.289881, 545291.540218 258573.033304, 545289.361753 258570.832356)

LINESTRING (545289.890987 258578.438982, 545287.921477 258580.540595, 545284.395914 258580.437247, 545282.378468 258578.808685)

LINESTRING (545334.707878 258613.245162, 545367.211312 258607.152690)

LINESTRING (545334.707878 258613.245162, 545328.556645 258614.300290)

LINESTRING (545334.707878 258613.245162, 545336.497040 258622.191032)

LINESTRING (545334.707878 258613.245162, 545316.689627 258559.111538, 545313.282912 258547.023929)

LINESTRING (545257.649367 258615.961491, 545246.446815 258633.976499)

LINESTRING (545257.649367 258615.961491, 545274.307311 258625.532361, 545284.149982 258624.518592, 545296.172771 258619.583978, 545303.058053 258617.515179, 545317.558590 258615.536101, 545328.556645 258614.300290)

LINESTRING (545257.649367 258615.961491, 545273.967895 258592.085904, 545278.977020 258581.703126, 545282.378468 258578.808685)

LINESTRING (544585.253013 258282.239548, 544582.346078 258281.787445, 544556.561978 258276.939358, 544551.525705 258275.634903)

LINESTRING (544585.253013 258282.239548, 544590.214375 258282.829495, 544595.176059 258283.408327)

LINESTRING (544585.253013 258282.239548, 544579.983882 258381.993969, 544582.248621 258387.814543, 544586.992322 258389.767205, 544667.171789 258400.866557, 544670.844498 258400.383834, 544672.688944 258399.513831, 544674.447780 258398.062539)

LINESTRING (544551.525705 258275.634903, 544549.346942 258275.070488)

LINESTRING (544551.525705 258275.634903, 544556.561978 258276.939358, 544582.346078 258281.787445, 544585.253013 258282.239548)

LINESTRING (544551.525705 258275.634903, 544551.289804 258279.033981, 544551.759740 258280.038307, 544552.858949 258281.038724, 544554.014096 258281.762507, 544554.618418 258282.848667, 544555.671181 258284.738177, 544556.121137 258287.834470, 544555.798570 258293.501658)

LINESTRING (544595.176059 258283.408327, 544632.298412 258288.264660)

LINESTRING (544595.176059 258283.408327, 544597.878790 258262.494889)

LINESTRING (544595.176059 258283.408327, 544590.214375 258282.829495, 544585.253013 258282.239548)

LINESTRING (544674.447780 258398.062539, 544678.592184 258401.099727, 544686.977676 258403.158791, 544690.337546 258405.193595, 544694.037854 258408.919061, 544695.987626 258411.702977)

LINESTRING (544674.447780 258398.062539, 544673.506312 258395.408238, 544676.033852 258377.461581, 544676.996138 258375.185637)

LINESTRING (544674.447780 258398.062539, 544672.688944 258399.513831, 544670.844498 258400.383834, 544667.171789 258400.866557, 544586.992322 258389.767205, 544582.248621 258387.814543, 544579.983882 258381.993969, 544585.253013 258282.239548)

LINESTRING (544707.763821 258299.260434, 544707.191733 258303.161702, 544697.708489 258370.558875, 544697.375441 258372.597182, 544697.712697 258375.334024)

LINESTRING (544707.763821 258299.260434, 544703.101803 258298.256144, 544685.293892 258295.209653)

LINESTRING (544707.763821 258299.260434, 544714.859028 258301.014734, 544754.347638 258306.330650)

LINESTRING (544685.293892 258295.209653, 544648.974659 258290.487661)

LINESTRING (544685.293892 258295.209653, 544684.600501 258299.752956, 544674.215994 258367.580206, 544673.945083 258369.364324, 544674.397488 258371.436689, 544675.419267 258373.214017, 544676.996138 258375.185637)

LINESTRING (544685.293892 258295.209653, 544686.248127 258293.912966, 544685.667564 258292.482434, 544684.830786 258293.738027, 544685.293892 258295.209653)

LINESTRING (544685.293892 258295.209653, 544684.830786 258293.738027, 544685.667564 258292.482434, 544686.248127 258293.912966, 544685.293892 258295.209653)

LINESTRING (544685.293892 258295.209653, 544703.101803 258298.256144, 544707.763821 258299.260434)

LINESTRING (544648.974659 258290.487661, 544632.298412 258288.264660)

LINESTRING (544648.974659 258290.487661, 544685.293892 258295.209653)

LINESTRING (544648.974659 258290.487661, 544649.888390 258282.845350)

LINESTRING (544676.996138 258375.185637, 544676.033852 258377.461581, 544673.506312 258395.408238, 544674.447780 258398.062539)

LINESTRING (544676.996138 258375.185637, 544678.687011 258374.188716, 544682.659378 258373.280654, 544697.712697 258375.334024)

LINESTRING (544676.996138 258375.185637, 544675.419267 258373.214017, 544674.397488 258371.436689, 544673.945083 258369.364324, 544674.215994 258367.580206, 544684.600501 258299.752956, 544685.293892 258295.209653)

LINESTRING (544670.087401 258429.368065, 544691.347619 258432.671134, 544696.029980 258433.208528)

LINESTRING (544695.987626 258411.702977, 544697.295315 258402.046403)

LINESTRING (544695.987626 258411.702977, 544696.998424 258415.027142, 544698.200887 258423.966725, 544696.029980 258433.208528)

LINESTRING (544695.987626 258411.702977, 544694.037854 258408.919061, 544690.337546 258405.193595, 544686.977676 258403.158791, 544678.592184 258401.099727, 544674.447780 258398.062539)

LINESTRING (544738.649099 258659.825393, 544736.053174 258616.651875)

LINESTRING (544738.649099 258659.825393, 544739.970814 258682.002770)

LINESTRING (544738.649099 258659.825393, 544711.590444 258660.994224)

LINESTRING (544738.649099 258659.825393, 544784.600210 258658.473967)

LINESTRING (544736.053174 258616.651875, 544708.858950 258618.005994)

LINESTRING (544736.053174 258616.651875, 544783.316823 258615.093876)

LINESTRING (544736.053174 258616.651875, 544733.469748 258589.673758)

LINESTRING (544736.053174 258616.651875, 544738.649099 258659.825393)

LINESTRING (544739.970814 258682.002770, 544738.649099 258659.825393)

LINESTRING (544739.970814 258682.002770, 544714.701297 258687.709465, 544711.590444 258660.994224)

LINESTRING (544739.970814 258682.002770, 544747.730675 258681.350083, 544755.973047 258681.034289)

LINESTRING (544711.590444 258660.994224, 544711.185587 258653.079674)

LINESTRING (544711.590444 258660.994224, 544707.844700 258661.174250)

LINESTRING (544711.590444 258660.994224, 544738.649099 258659.825393)

LINESTRING (544711.590444 258660.994224, 544714.701297 258687.709465, 544739.970814 258682.002770)

LINESTRING (544784.600210 258658.473967, 544788.157265 258658.433185)

LINESTRING (544784.600210 258658.473967, 544783.316823 258615.093876)

LINESTRING (544784.600210 258658.473967, 544738.649099 258659.825393)

LINESTRING (544784.600210 258658.473967, 544784.601922 258660.522050, 544785.367012 258680.913420, 544755.973047 258681.034289)

LINESTRING (544708.858950 258618.005994, 544736.053174 258616.651875)

LINESTRING (544708.858950 258618.005994, 544708.421538 258621.276750, 544709.445985 258636.778200, 544711.185587 258653.079674)

LINESTRING (544708.858950 258618.005994, 544708.038734 258617.993176, 544700.314513 258617.656346, 544699.325774 258617.794438)

LINESTRING (544708.858950 258618.005994, 544708.310801 258613.593401, 544707.172394 258596.841997, 544699.581123 258589.608079)

LINESTRING (544783.316823 258615.093876, 544736.053174 258616.651875)

LINESTRING (544783.316823 258615.093876, 544784.600210 258658.473967)

LINESTRING (544783.316823 258615.093876, 544782.841282 258602.814052)

LINESTRING (544733.469748 258589.673758, 544736.053174 258616.651875)

LINESTRING (544733.469748 258589.673758, 544699.581123 258589.608079)

LINESTRING (544733.469748 258589.673758, 544733.164736 258586.770894, 544733.143252 258586.569916, 544733.015561 258577.594920, 544732.901533 258574.708763)

LINESTRING (544733.469748 258589.673758, 544782.313271 258588.584838, 544782.841282 258602.814052)

LINESTRING (544292.717825 258122.384048, 544295.881039 258123.433355)

LINESTRING (544295.881039 258123.433355, 544292.717825 258122.384048)

LINESTRING (544295.881039 258123.433355, 544296.070041 258127.512638, 544294.728675 258133.183563, 544293.600802 258136.923987)

LINESTRING (544295.881039 258123.433355, 544298.234295 258121.765492, 544300.105143 258118.814705, 544301.581954 258113.659729, 544302.150335 258106.586115, 544301.830653 258101.122839)

LINESTRING (544271.322320 258131.667475, 544268.300623 258132.570148, 544265.190853 258134.149223, 544264.290293 258139.009324, 544265.340250 258144.994724, 544267.276703 258152.007675, 544268.382037 258156.325105, 544267.377145 258164.064981)

LINESTRING (544267.377145 258164.064981, 544248.458835 258162.022916)

LINESTRING (544267.377145 258164.064981, 544268.382037 258156.325105, 544267.276703 258152.007675, 544265.340250 258144.994724, 544264.290293 258139.009324, 544265.190853 258134.149223, 544268.300623 258132.570148, 544271.322320 258131.667475)

LINESTRING (544267.377145 258164.064981, 544277.405559 258165.147132, 544300.523287 258167.645472)

LINESTRING (544550.165618 258680.080637, 544548.155070 258681.257493, 544451.337842 258700.829387, 544449.945946 258700.254551, 544448.944039 258698.733852, 544425.295259 258619.039823, 544422.620305 258608.521397)

LINESTRING (544550.165618 258680.080637, 544550.590396 258678.646050, 544550.620175 258676.921678, 544526.464141 258608.810372, 544526.029909 258606.582724, 544526.291893 258603.930154, 544527.353767 258599.642453)

LINESTRING (544550.165618 258680.080637, 544551.626501 258680.868996, 544552.850991 258683.197611, 544554.202519 258687.266304, 544555.439820 258691.031140, 544556.933158 258694.692139)

LINESTRING (544527.353767 258599.642453, 544422.620305 258608.521397)

LINESTRING (544527.353767 258599.642453, 544526.520312 258597.269596, 544526.113254 258593.406544, 544527.431092 258581.279245, 544533.494285 258534.930220, 544536.931103 258507.827300, 544536.125031 258506.156467, 544534.979385 258505.577659, 544402.681940 258504.715531, 544400.133885 258506.032615, 544399.080124 258509.341085, 544418.454564 258592.371985, 544420.969503 258603.219662, 544422.620305 258608.521397)

LINESTRING (544527.353767 258599.642453, 544530.631025 258599.348452, 544550.955751 258598.126912, 544556.857623 258597.642344)

LINESTRING (544527.353767 258599.642453, 544526.291893 258603.930154, 544526.029909 258606.582724, 544526.464141 258608.810372, 544550.620175 258676.921678, 544550.590396 258678.646050, 544550.165618 258680.080637)

LINESTRING (544556.933158 258694.692139, 544571.655639 258693.051295, 544591.573606 258695.446647, 544607.167335 258701.678395, 544618.905822 258709.968161, 544634.391401 258733.727534, 544644.095057 258756.205148)

LINESTRING (544556.933158 258694.692139, 544526.250010 258705.495515, 544496.645693 258714.716595, 544476.513874 258720.362799)

LINESTRING (544556.933158 258694.692139, 544555.439820 258691.031140, 544554.202519 258687.266304, 544552.850991 258683.197611, 544551.626501 258680.868996, 544550.165618 258680.080637)

LINESTRING (544556.857623 258597.642344, 544558.441108 258597.510440)

LINESTRING (544556.857623 258597.642344, 544560.868485 258615.100785, 544566.286159 258632.856270, 544575.282704 258655.212920, 544581.782543 258663.060379, 544587.471603 258667.055271, 544593.064890 258669.644920, 544601.480541 258671.827177, 544605.327096 258671.238181, 544608.878888 258670.673979)

LINESTRING (544556.857623 258597.642344, 544550.955751 258598.126912, 544530.631025 258599.348452, 544527.353767 258599.642453)

LINESTRING (545009.946008 258183.996404, 545015.280330 258186.100320)

LINESTRING (545009.946008 258183.996404, 545007.437987 258190.245229, 545002.466213 258202.399128)

LINESTRING (545002.466213 258202.399128, 545007.437987 258190.245229, 545009.946008 258183.996404)

LINESTRING (545247.732445 258951.750074, 545248.133960 258898.390302)

LINESTRING (545247.732445 258951.750074, 545238.614503 258954.888821)

LINESTRING (545247.732445 258951.750074, 545251.842127 258950.345629, 545295.210232 258951.194000)

LINESTRING (545248.133960 258898.390302, 545266.613384 258898.275248)

LINESTRING (545248.133960 258898.390302, 545247.732445 258951.750074)

LINESTRING (545248.133960 258898.390302, 545239.427011 258898.001546)

LINESTRING (545238.614503 258954.888821, 545247.732445 258951.750074)

LINESTRING (545295.210232 258951.194000, 545251.842127 258950.345629, 545247.732445 258951.750074)

LINESTRING (545295.210232 258951.194000, 545299.737099 258948.388230, 545300.056730 258926.525833)

LINESTRING (545295.210232 258951.194000, 545295.104104 258952.248302, 545295.133409 258961.743624, 545295.155445 258967.988576)

LINESTRING (545266.613384 258898.275248, 545295.077711 258898.107948)

LINESTRING (545266.613384 258898.275248, 545248.133960 258898.390302)

LINESTRING (545266.613384 258898.275248, 545266.634111 258866.776069)

LINESTRING (545239.427011 258898.001546, 545248.133960 258898.390302)

LINESTRING (545295.077711 258898.107948, 545266.613384 258898.275248)

LINESTRING (545295.077711 258898.107948, 545295.376228 258900.287181, 545297.280662 258901.567391, 545300.060326 258901.682281, 545300.056730 258926.525833)

LINESTRING (545295.077711 258898.107948, 545295.493177 258887.902174, 545298.234633 258885.355713, 545298.374545 258880.117269)

LINESTRING (545300.056730 258926.525833, 545305.143005 258926.563659)

LINESTRING (545300.056730 258926.525833, 545299.737099 258948.388230, 545295.210232 258951.194000)

LINESTRING (545300.056730 258926.525833, 545300.060326 258901.682281, 545297.280662 258901.567391, 545295.376228 258900.287181, 545295.077711 258898.107948)

LINESTRING (545298.374545 258880.117269, 545300.219857 258880.149112)

LINESTRING (545298.374545 258880.117269, 545298.234633 258885.355713, 545295.493177 258887.902174, 545295.077711 258898.107948)

LINESTRING (545298.374545 258880.117269, 545298.177466 258853.954418, 545267.038624 258853.676002, 545266.634111 258866.776069)

LINESTRING (545295.155445 258967.988576, 545264.692109 258966.850624, 545260.194306 258968.432903, 545254.018984 258971.958405, 545246.641325 258979.878679, 545234.072903 258996.462320, 545222.854815 259010.369678, 545218.152664 259013.793695, 545211.202912 259015.515646)

LINESTRING (545295.155445 258967.988576, 545316.272047 258968.407398, 545322.716928 258967.583500, 545328.147882 258964.960097, 545331.034537 258960.726051, 545331.942329 258954.719848, 545332.131254 258947.112007, 545332.084228 258927.264635)

LINESTRING (545295.155445 258967.988576, 545295.133409 258961.743624, 545295.104104 258952.248302, 545295.210232 258951.194000)

LINESTRING (545316.008510 258926.793215, 545332.084228 258927.264635)

LINESTRING (545332.084228 258927.264635, 545316.008510 258926.793215)

LINESTRING (545332.084228 258927.264635, 545332.326131 258888.937688)

LINESTRING (545332.084228 258927.264635, 545431.495913 258929.045712, 545449.019060 258929.359637)

LINESTRING (545332.084228 258927.264635, 545332.131254 258947.112007, 545331.942329 258954.719848, 545331.034537 258960.726051, 545328.147882 258964.960097, 545322.716928 258967.583500, 545316.272047 258968.407398, 545295.155445 258967.988576)

LINESTRING (545266.634111 258866.776069, 545266.613384 258898.275248)

LINESTRING (545266.634111 258866.776069, 545267.038624 258853.676002, 545298.177466 258853.954418, 545298.374545 258880.117269)

LINESTRING (545266.634111 258866.776069, 545256.525536 258866.613337, 545247.946698 258866.517721, 545248.150283 258844.173314, 545248.256152 258841.727671, 545256.994128 258841.761166, 545260.015557 258841.794074, 545260.682077 258809.256416)

LINESTRING (545332.326131 258888.937688, 545323.057924 258889.033207)

LINESTRING (545332.326131 258888.937688, 545332.084228 258927.264635)

LINESTRING (545332.326131 258888.937688, 545332.444194 258884.911847, 545333.108822 258880.902034, 545334.716982 258876.196398, 545337.435873 258871.156025, 545338.415625 258868.992016, 545338.852741 258866.444780, 545336.272292 258810.571040)

LINESTRING (544821.474535 258079.802406, 544822.523483 258077.373189, 544823.890972 258074.574837, 544825.636847 258070.763525)

LINESTRING (544808.078030 258109.730800, 544804.067103 258119.208210, 544800.974304 258126.052228)

LINESTRING (545217.001887 257913.361368, 545211.887948 257921.470500)

LINESTRING (545217.001887 257913.361368, 545224.829825 257901.324716)

LINESTRING (545217.001887 257913.361368, 545215.493682 257912.549173)

LINESTRING (545217.001887 257913.361368, 545287.461284 257959.058038)

LINESTRING (545211.887948 257921.470500, 545205.045417 257932.322794)

LINESTRING (545211.887948 257921.470500, 545217.001887 257913.361368)

LINESTRING (545211.887948 257921.470500, 545209.240546 257919.856923)

LINESTRING (545224.829825 257901.324716, 545217.001887 257913.361368)

LINESTRING (545224.829825 257901.324716, 545230.222680 257893.034546)

LINESTRING (545224.829825 257901.324716, 545222.049005 257899.595917)

LINESTRING (545215.493682 257912.549173, 545217.001887 257913.361368)

LINESTRING (545287.461284 257959.058038, 545293.169235 257949.586189)

LINESTRING (545287.461284 257959.058038, 545281.419183 257968.264094)

LINESTRING (545287.461284 257959.058038, 545288.190799 257959.602559)

LINESTRING (545287.461284 257959.058038, 545217.001887 257913.361368)

LINESTRING (545303.171896 257919.826613, 545309.206266 257923.253642)

LINESTRING (545303.171896 257919.826613, 545307.405045 257913.305695)

LINESTRING (545309.206266 257923.253642, 545303.171896 257919.826613)

LINESTRING (545309.206266 257923.253642, 545299.186037 257939.611388)

LINESTRING (545309.206266 257923.253642, 545310.692661 257923.876006)

LINESTRING (545307.405045 257913.305695, 545303.171896 257919.826613)

LINESTRING (545307.405045 257913.305695, 545313.130627 257916.534456)

LINESTRING (545299.186037 257939.611388, 545309.206266 257923.253642)

LINESTRING (545299.186037 257939.611388, 545293.169235 257949.586189)

LINESTRING (545299.186037 257939.611388, 545300.445623 257940.271624)

LINESTRING (545310.692661 257923.876006, 545309.206266 257923.253642)

LINESTRING (545293.169235 257949.586189, 545299.186037 257939.611388)

LINESTRING (545293.169235 257949.586189, 545287.461284 257959.058038)

LINESTRING (545293.169235 257949.586189, 545295.478513 257951.067465)

LINESTRING (545281.419183 257968.264094, 545287.461284 257959.058038)

LINESTRING (545281.419183 257968.264094, 545274.560299 257978.737376)

LINESTRING (545281.419183 257968.264094, 545283.576504 257969.562822)

LINESTRING (545288.190799 257959.602559, 545287.461284 257959.058038)

LINESTRING (545190.700501 257955.076622, 545199.687780 257940.814371)

LINESTRING (545190.700501 257955.076622, 545194.096938 257957.268661)

LINESTRING (545190.700501 257955.076622, 545187.052531 257952.832696)

LINESTRING (545199.687780 257940.814371, 545190.700501 257955.076622)

LINESTRING (545199.687780 257940.814371, 545205.045417 257932.322794)

LINESTRING (545199.687780 257940.814371, 545198.179249 257940.247046)

LINESTRING (545194.096938 257957.268661, 545226.596560 257978.289219)

LINESTRING (545194.096938 257957.268661, 545190.700501 257955.076622)

LINESTRING (545194.096938 257957.268661, 545185.695772 257970.435023)

LINESTRING (545187.052531 257952.832696, 545190.700501 257955.076622)

LINESTRING (545187.052531 257952.832696, 545176.337027 257946.241191)

LINESTRING (545187.052531 257952.832696, 545177.759093 257967.742709)

LINESTRING (545226.596560 257978.289219, 545258.907491 257999.671785)

LINESTRING (545226.596560 257978.289219, 545194.096938 257957.268661)

LINESTRING (545226.596560 257978.289219, 545212.139729 258000.895008)

LINESTRING (545258.907491 257999.671785, 545260.249381 258000.557036)

LINESTRING (545258.907491 257999.671785, 545226.596560 257978.289219)

LINESTRING (545258.907491 257999.671785, 545251.899656 258010.329951)

LINESTRING (545212.139729 258000.895008, 545226.596560 257978.289219)

LINESTRING (545212.139729 258000.895008, 545211.564716 258002.080273)

LINESTRING (545212.139729 258000.895008, 545205.961912 257996.996407, 545204.778070 257998.653587, 545199.371415 257995.278462)

LINESTRING (545212.139729 258000.895008, 545218.108637 258004.687322, 545217.086185 258006.438272, 545222.698458 258010.030923)

LINESTRING (545211.564716 258002.080273, 545212.139729 258000.895008)

LINESTRING (545199.371415 257995.278462, 545178.269577 257982.071661)

LINESTRING (545199.371415 257995.278462, 545198.115008 257997.078217)

LINESTRING (545199.371415 257995.278462, 545204.778070 257998.653587, 545205.961912 257996.996407, 545212.139729 258000.895008)

LINESTRING (545222.698458 258010.030923, 545243.200691 258023.153573)

LINESTRING (545222.698458 258010.030923, 545221.547476 258011.733585)

LINESTRING (545222.698458 258010.030923, 545217.086185 258006.438272, 545218.108637 258004.687322, 545212.139729 258000.895008)

LINESTRING (545260.249381 258000.557036, 545268.661429 257987.725031)

LINESTRING (545260.249381 258000.557036, 545278.320313 258011.694117)

LINESTRING (545260.249381 258000.557036, 545258.907491 257999.671785)

LINESTRING (545268.661429 257987.725031, 545274.560299 257978.737376)

LINESTRING (545268.661429 257987.725031, 545260.249381 258000.557036)

LINESTRING (545268.661429 257987.725031, 545270.011458 257988.566001)

LINESTRING (545278.320313 258011.694117, 545282.747170 258014.428429)

LINESTRING (545278.320313 258011.694117, 545260.249381 258000.557036)

LINESTRING (545278.320313 258011.694117, 545254.995336 258050.557778)

LINESTRING (545538.408017 259287.754585, 545537.800363 259303.787212, 545535.708844 259310.048020)

LINESTRING (545071.017702 258099.153704, 545060.947295 258094.595962)

LINESTRING (545060.947295 258094.595962, 545062.232267 258092.051260)

LINESTRING (545060.947295 258094.595962, 545057.234948 258092.917907)

LINESTRING (545060.947295 258094.595962, 545071.017702 258099.153704)

LINESTRING (545057.234948 258092.917907, 545060.947295 258094.595962)

LINESTRING (545057.234948 258092.917907, 545058.133353 258091.430432, 545058.695979 258085.291658, 545061.314450 258072.234142)

LINESTRING (545057.234948 258092.917907, 545054.370528 258099.423417, 545053.711577 258109.555268)

LINESTRING (545061.314450 258072.234142, 545065.451769 258074.113857)

LINESTRING (545061.314450 258072.234142, 545058.695979 258085.291658, 545058.133353 258091.430432, 545057.234948 258092.917907)

LINESTRING (545061.314450 258072.234142, 545071.611890 258049.873534, 545074.136636 258044.927509, 545074.538518 258041.711388, 545074.264236 258038.464348, 545074.037456 258035.931058, 545082.423938 258018.578979, 545086.613453 258010.264580)

LINESTRING (545061.314450 258072.234142, 545058.442241 258071.059290, 545057.146867 258070.453721)

LINESTRING (545053.711577 258109.555268, 545052.418801 258112.834365, 545052.350452 258117.273486)

LINESTRING (545053.711577 258109.555268, 545051.763161 258108.830415, 545049.656605 258108.368070)

LINESTRING (545053.711577 258109.555268, 545054.370528 258099.423417, 545057.234948 258092.917907)

LINESTRING (545052.350452 258117.273486, 545052.418801 258112.834365, 545053.711577 258109.555268)

LINESTRING (545049.656605 258108.368070, 545057.146867 258070.453721)

LINESTRING (545049.656605 258108.368070, 545048.541166 258112.130975)

LINESTRING (545049.656605 258108.368070, 545047.043096 258107.701671, 545044.670048 258106.997788)

LINESTRING (545049.656605 258108.368070, 545051.763161 258108.830415, 545053.711577 258109.555268)

LINESTRING (545102.739714 257978.268544, 545086.613453 258010.264580)

LINESTRING (545086.613453 258010.264580, 545102.739714 257978.268544)

LINESTRING (545086.613453 258010.264580, 545082.423938 258018.578979, 545074.037456 258035.931058, 545074.264236 258038.464348, 545074.538518 258041.711388, 545074.136636 258044.927509, 545071.611890 258049.873534, 545061.314450 258072.234142)

LINESTRING (545086.613453 258010.264580, 545089.073421 258011.271553, 545091.370366 258012.240363)

LINESTRING (545086.613453 258010.264580, 545083.787743 258009.135598, 545080.639568 258007.807959)

LINESTRING (545076.082540 258186.644001, 545080.789172 258188.696225)

LINESTRING (545076.082540 258186.644001, 545069.979694 258183.927603, 545054.410185 258177.060717, 545066.443033 258151.712227)

LINESTRING (545076.082540 258186.644001, 545072.115082 258194.619853, 545068.831268 258201.903355, 545067.253789 258205.563688, 545066.034240 258208.210479)

LINESTRING (545066.443033 258151.712227, 545078.216695 258156.954283)

LINESTRING (545066.443033 258151.712227, 545054.410185 258177.060717, 545069.979694 258183.927603, 545076.082540 258186.644001)

LINESTRING (545066.443033 258151.712227, 545068.074213 258148.086857, 545080.053849 258153.535296)

LINESTRING (545078.216695 258156.954283, 545092.960746 258163.518814)

LINESTRING (545078.216695 258156.954283, 545066.443033 258151.712227)

LINESTRING (545078.216695 258156.954283, 545080.053849 258153.535296)

LINESTRING (545080.053849 258153.535296, 545078.216695 258156.954283)

LINESTRING (545080.053849 258153.535296, 545080.701703 258152.196321)

LINESTRING (545080.053849 258153.535296, 545068.074213 258148.086857, 545066.443033 258151.712227)

LINESTRING (545092.960746 258163.518814, 545078.216695 258156.954283)

LINESTRING (545092.960746 258163.518814, 545086.051380 258177.842050)

LINESTRING (545092.960746 258163.518814, 545113.531999 258173.103423, 545115.350224 258174.069365, 545119.832006 258176.560270)

LINESTRING (545086.051380 258177.842050, 545082.786087 258184.725384)

LINESTRING (545086.051380 258177.842050, 545092.960746 258163.518814)

LINESTRING (545086.051380 258177.842050, 545088.488810 258178.915151)

LINESTRING (545119.832006 258176.560270, 545132.575549 258149.373915)

LINESTRING (545119.832006 258176.560270, 545115.350224 258174.069365, 545113.531999 258173.103423, 545092.960746 258163.518814)

LINESTRING (545119.832006 258176.560270, 545112.917037 258191.306272, 545107.914129 258201.010425, 545080.789172 258188.696225)

LINESTRING (545340.773298 258053.984764, 545379.108906 257988.836960)

LINESTRING (545340.773298 258053.984764, 545333.066987 258049.506909, 545312.649956 258037.454912)

LINESTRING (545340.773298 258053.984764, 545329.488817 258074.279022, 545327.903013 258077.282329, 545325.724625 258081.136455)

LINESTRING (545312.649956 258037.454912, 545304.974036 258047.804025, 545298.053749 258057.340498, 545293.913524 258062.561857, 545289.266116 258065.954057, 545283.326404 258066.536853, 545277.117401 258064.407016, 545254.995336 258050.557778)

LINESTRING (545312.649956 258037.454912, 545333.066987 258049.506909, 545340.773298 258053.984764)

LINESTRING (545312.649956 258037.454912, 545313.646721 258035.881317, 545313.527100 258033.662810, 545312.589732 258032.043648, 545310.618887 258030.917332)

LINESTRING (545254.995336 258050.557778, 545250.753964 258048.029276)

LINESTRING (545254.995336 258050.557778, 545278.320313 258011.694117)

LINESTRING (545254.995336 258050.557778, 545277.117401 258064.407016, 545283.326404 258066.536853, 545289.266116 258065.954057, 545293.913524 258062.561857, 545298.053749 258057.340498, 545304.974036 258047.804025, 545312.649956 258037.454912)

LINESTRING (545310.618887 258030.917332, 545308.861164 258029.986485, 545294.563812 258021.709161)

LINESTRING (545310.618887 258030.917332, 545312.589732 258032.043648, 545313.527100 258033.662810, 545313.646721 258035.881317, 545312.649956 258037.454912)

LINESTRING (545310.618887 258030.917332, 545332.608526 257999.594736, 545343.152192 257980.080167, 545348.124514 257970.508893)

LINESTRING (545250.753964 258048.029276, 545242.154725 258042.746257)

LINESTRING (545250.753964 258048.029276, 545254.995336 258050.557778)

LINESTRING (545250.753964 258048.029276, 545249.492335 258050.006955, 545243.148086 258059.961082)

LINESTRING (545294.563812 258021.709161, 545282.747170 258014.428429)

LINESTRING (545294.563812 258021.709161, 545293.250089 258023.830002)

LINESTRING (545294.563812 258021.709161, 545308.861164 258029.986485, 545310.618887 258030.917332)

LINESTRING (545282.747170 258014.428429, 545294.563812 258021.709161)

LINESTRING (545282.747170 258014.428429, 545278.320313 258011.694117)

LINESTRING (545282.747170 258014.428429, 545286.098973 258009.506741, 545309.447339 257973.126030)

LINESTRING (545293.250089 258023.830002, 545294.563812 258021.709161)

LINESTRING (544775.398706 258520.964757, 544777.249029 258521.063328)

LINESTRING (544775.398706 258520.964757, 544757.862109 258519.896007)

LINESTRING (544775.398706 258520.964757, 544775.345702 258521.608784, 544777.237670 258521.686310)

LINESTRING (544775.398706 258520.964757, 544775.961124 258496.794375, 544759.764615 258495.965118)

LINESTRING (544777.249029 258521.063328, 544775.398706 258520.964757)

LINESTRING (544757.862109 258519.896007, 544759.764615 258495.965118)

LINESTRING (544757.862109 258519.896007, 544757.314214 258526.714196)

LINESTRING (544757.862109 258519.896007, 544775.398706 258520.964757)

LINESTRING (544777.237670 258521.686310, 544775.345702 258521.608784, 544775.398706 258520.964757)

LINESTRING (544759.764615 258495.965118, 544750.387691 258495.546557)

LINESTRING (544759.764615 258495.965118, 544757.862109 258519.896007)

LINESTRING (544759.764615 258495.965118, 544775.961124 258496.794375, 544775.398706 258520.964757)

LINESTRING (544759.764615 258495.965118, 544760.341931 258491.885916, 544759.794952 258490.946101, 544759.287020 258490.074209, 544761.214314 258487.069583)

LINESTRING (544757.314214 258526.714196, 544757.862109 258519.896007)

LINESTRING (544825.602670 258521.552170, 544829.263287 258521.481047)

LINESTRING (544835.004562 258520.880805, 544829.263287 258521.481047)

LINESTRING (544835.004562 258520.880805, 544836.794993 258520.220767, 544839.391366 258520.296641, 544841.307468 258522.122404)

LINESTRING (544835.004562 258520.880805, 544836.037006 258523.226143, 544837.915974 258523.748538, 544839.289317 258523.788672)

LINESTRING (544816.552739 258494.028866, 544817.830390 258492.897483, 544818.046030 258490.900274)

LINESTRING (545146.425711 258026.707989, 545135.884380 258021.646562)

LINESTRING (545146.425711 258026.707989, 545150.083742 258028.373389)

LINESTRING (545146.425711 258026.707989, 545156.308029 258007.095779, 545157.081844 258005.894068)

LINESTRING (545135.884380 258021.646562, 545146.425711 258026.707989)

LINESTRING (545150.083742 258028.373389, 545167.529800 258036.330661)

LINESTRING (545150.083742 258028.373389, 545146.425711 258026.707989)

LINESTRING (545150.083742 258028.373389, 545149.675680 258029.229630, 545153.184033 258030.634645, 545152.596022 258031.797274)

LINESTRING (545066.489713 258591.729865, 545052.574293 258588.206004, 545027.234663 258578.982911, 545003.108525 258569.650756)

LINESTRING (545066.489713 258591.729865, 545064.856341 258598.004260, 545060.828568 258613.191000)

LINESTRING (545060.828568 258613.191000, 545050.910576 258659.771842)

LINESTRING (545060.828568 258613.191000, 545070.308734 258613.579789, 545084.124887 258614.418313)

LINESTRING (544969.745689 259325.758424, 544970.398913 259324.464120, 544973.829972 259318.197776)

LINESTRING (544969.745689 259325.758424, 544972.639283 259327.813208, 544973.959689 259330.122491)

LINESTRING (544969.745689 259325.758424, 544963.631556 259322.307136, 544953.804361 259315.831004, 544937.137532 259305.693197, 544921.152156 259294.929802, 544907.569782 259285.227363, 544887.897174 259271.250806, 544874.646164 259261.669459, 544857.127615 259249.314301, 544837.132324 259234.671820, 544819.022814 259222.177096, 544805.246484 259212.547202, 544790.356622 259205.222243, 544772.261112 259199.261785)

LINESTRING (544750.277598 259198.363555, 544733.866357 259189.046472, 544715.105765 259175.887556)

LINESTRING (544750.277598 259198.363555, 544759.052918 259205.520889, 544766.205077 259208.790755, 544773.271316 259211.256717)

LINESTRING (544715.105765 259175.887556, 544712.423974 259178.280233)

LINESTRING (544715.105765 259175.887556, 544733.866357 259189.046472, 544750.277598 259198.363555)

LINESTRING (544715.105765 259175.887556, 544696.152417 259161.365152, 544676.535907 259145.899624, 544663.976936 259133.667735, 544657.079581 259123.771622, 544638.938144 259093.367522, 544622.664225 259068.783655, 544619.699342 259065.647342)

LINESTRING (544773.271316 259211.256717, 544771.795823 259214.953497)

LINESTRING (544773.271316 259211.256717, 544774.658025 259208.258572, 544769.376474 259206.256582, 544770.731614 259202.934726)

LINESTRING (544773.271316 259211.256717, 544784.588800 259215.182578, 544794.340127 259216.547180)

LINESTRING (544750.387691 258495.546557, 544759.764615 258495.965118)

LINESTRING (545044.670048 258106.997788, 545042.737899 258106.418112)

LINESTRING (545044.670048 258106.997788, 545047.043096 258107.701671, 545049.656605 258108.368070)

LINESTRING (545044.670048 258106.997788, 545045.690453 258111.157109, 545048.541166 258112.130975)

LINESTRING (544947.795852 258056.480555, 544950.120042 258052.307751)

LINESTRING (544947.795852 258056.480555, 544950.016086 258061.943826, 544948.437998 258064.925208)

LINESTRING (544947.795852 258056.480555, 544919.342385 258041.379188, 544916.082247 258039.669941)

LINESTRING (544950.120042 258052.307751, 544947.795852 258056.480555)

LINESTRING (544948.437998 258064.925208, 544941.931085 258077.190103)

LINESTRING (544948.437998 258064.925208, 544952.027731 258066.822206, 544955.757055 258068.856857)

LINESTRING (544948.437998 258064.925208, 544950.016086 258061.943826, 544947.795852 258056.480555)

LINESTRING (544916.082247 258039.669941, 544911.112433 258048.017312, 544905.174434 258050.181156)

LINESTRING (544916.082247 258039.669941, 544911.716172 258040.699887, 544910.101605 258041.654444)

LINESTRING (544916.082247 258039.669941, 544919.342385 258041.379188, 544947.795852 258056.480555)

LINESTRING (545030.045184 258100.793079, 545009.616878 258141.011433)

LINESTRING (545030.045184 258100.793079, 545037.029630 258104.002703)

LINESTRING (545030.045184 258100.793079, 545027.973114 258099.853136, 545019.817259 258096.008201)

LINESTRING (545009.616878 258141.011433, 545030.045184 258100.793079)

LINESTRING (545009.616878 258141.011433, 545000.850005 258137.015084)

LINESTRING (545009.616878 258141.011433, 545012.316277 258142.247987, 545014.142666 258143.169606, 545018.689274 258145.317262, 545008.545488 258165.011109)

LINESTRING (545037.029630 258104.002703, 545043.009298 258092.234504)

LINESTRING (545037.029630 258104.002703, 545030.045184 258100.793079)

LINESTRING (545037.029630 258104.002703, 545042.737899 258106.418112)

LINESTRING (545019.817259 258096.008201, 545038.561911 258052.100903)

LINESTRING (545019.817259 258096.008201, 544988.811890 258082.356653)

LINESTRING (545019.817259 258096.008201, 545027.973114 258099.853136, 545030.045184 258100.793079)

LINESTRING (544978.671569 258151.036523, 544976.877066 258150.193764)

LINESTRING (544978.671569 258151.036523, 545008.545488 258165.011109)

LINESTRING (544978.671569 258151.036523, 544984.070886 258139.229026, 544987.980317 258131.128975)

LINESTRING (544976.877066 258150.193764, 544978.671569 258151.036523)

LINESTRING (545008.545488 258165.011109, 544978.671569 258151.036523)

LINESTRING (545008.545488 258165.011109, 545007.301232 258167.334402, 545003.471188 258175.759549, 545001.450585 258180.308519)

LINESTRING (545008.545488 258165.011109, 545018.689274 258145.317262, 545014.142666 258143.169606, 545012.316277 258142.247987, 545009.616878 258141.011433)

LINESTRING (544987.980317 258131.128975, 544994.465925 258134.090206)

LINESTRING (544987.980317 258131.128975, 544984.070886 258139.229026, 544978.671569 258151.036523)

LINESTRING (544987.980317 258131.128975, 544988.977281 258129.076710, 544964.466460 258116.917557)

LINESTRING (545001.450585 258180.308519, 545009.946008 258183.996404)

LINESTRING (545001.450585 258180.308519, 545003.471188 258175.759549, 545007.301232 258167.334402, 545008.545488 258165.011109)

LINESTRING (545000.850005 258137.015084, 544994.465925 258134.090206)

LINESTRING (545000.850005 258137.015084, 545009.616878 258141.011433)

LINESTRING (545000.850005 258137.015084, 545002.251747 258133.984036)

LINESTRING (544918.029048 258093.554501, 544931.025174 258100.034039)

LINESTRING (544918.029048 258093.554501, 544924.218987 258082.771814, 544925.140777 258081.184824)

LINESTRING (544918.029048 258093.554501, 544913.763085 258101.688703, 544912.988049 258103.168678)

LINESTRING (544918.029048 258093.554501, 544905.227523 258089.073068, 544900.056443 258088.632511)

LINESTRING (544931.025174 258100.034039, 544936.437089 258087.091540)

LINESTRING (544931.025174 258100.034039, 544924.678093 258111.513353)

LINESTRING (544931.025174 258100.034039, 544918.029048 258093.554501)

LINESTRING (544931.025174 258100.034039, 544933.340328 258101.081224, 544937.022780 258103.314842)

LINESTRING (544925.140777 258081.184824, 544924.218987 258082.771814, 544918.029048 258093.554501)

LINESTRING (544925.140777 258081.184824, 544927.479371 258082.366258, 544933.794909 258085.767657, 544936.437089 258087.091540)

LINESTRING (544925.140777 258081.184824, 544911.258538 258073.900257, 544909.897441 258074.138733, 544907.830932 258075.580955, 544901.696669 258086.565641)

LINESTRING (544912.988049 258103.168678, 544913.763085 258101.688703, 544918.029048 258093.554501)

LINESTRING (544912.988049 258103.168678, 544900.476343 258094.154438, 544897.824711 258092.451858)

LINESTRING (544912.988049 258103.168678, 544921.924627 258109.551778, 544924.678093 258111.513353)

LINESTRING (544900.056443 258088.632511, 544901.696669 258086.565641)

LINESTRING (544900.056443 258088.632511, 544897.824711 258092.451858)

LINESTRING (544900.056443 258088.632511, 544905.227523 258089.073068, 544918.029048 258093.554501)

LINESTRING (544865.386502 258074.229057, 544882.074804 258045.409895, 544901.781421 258056.059111)

LINESTRING (544865.386502 258074.229057, 544864.860380 258075.148653, 544875.368342 258080.653746)

LINESTRING (544865.386502 258074.229057, 544863.452023 258073.026071, 544857.617356 258069.783515, 544852.138982 258066.517986)

LINESTRING (544901.781421 258056.059111, 544884.500844 258085.484215)

LINESTRING (544901.781421 258056.059111, 544905.174434 258050.181156)

LINESTRING (544901.781421 258056.059111, 544882.074804 258045.409895, 544865.386502 258074.229057)

LINESTRING (544901.781421 258056.059111, 544905.773716 258059.158817, 544907.282246 258059.959797, 544937.251314 258075.851164, 544941.931085 258077.190103)

LINESTRING (544901.781421 258056.059111, 544901.243708 258061.820180, 544899.946441 258064.086296)

LINESTRING (544875.368342 258080.653746, 544874.108182 258082.820777)

LINESTRING (544875.368342 258080.653746, 544884.500844 258085.484215)

LINESTRING (544875.368342 258080.653746, 544864.860380 258075.148653, 544865.386502 258074.229057)

LINESTRING (544910.101605 258041.654444, 544905.174434 258050.181156)

LINESTRING (544910.101605 258041.654444, 544911.716172 258040.699887, 544916.082247 258039.669941)

LINESTRING (544910.101605 258041.654444, 544906.771176 258039.776188, 544901.934860 258038.877932, 544892.149841 258032.970954)

LINESTRING (544905.174434 258050.181156, 544910.101605 258041.654444)

LINESTRING (544905.174434 258050.181156, 544901.781421 258056.059111)

LINESTRING (544905.174434 258050.181156, 544911.112433 258048.017312, 544916.082247 258039.669941)

LINESTRING (544884.500844 258085.484215, 544901.781421 258056.059111)

LINESTRING (544884.500844 258085.484215, 544886.122282 258086.399794)

LINESTRING (544884.500844 258085.484215, 544875.368342 258080.653746)

LINESTRING (544941.931085 258077.190103, 544948.437998 258064.925208)

LINESTRING (544941.931085 258077.190103, 544936.437089 258087.091540)

LINESTRING (544941.931085 258077.190103, 544937.251314 258075.851164, 544907.282246 258059.959797, 544905.773716 258059.158817, 544901.781421 258056.059111)

LINESTRING (544941.931085 258077.190103, 544945.439138 258079.073578, 544948.340004 258080.438423)

LINESTRING (544899.946441 258064.086296, 544901.243708 258061.820180, 544901.781421 258056.059111)

LINESTRING (544897.824711 258092.451858, 544896.415763 258091.753967)

LINESTRING (544897.824711 258092.451858, 544900.056443 258088.632511)

LINESTRING (544897.824711 258092.451858, 544900.476343 258094.154438, 544912.988049 258103.168678)

LINESTRING (544896.415763 258091.753967, 544897.824711 258092.451858)

LINESTRING (544896.415763 258091.753967, 544895.106060 258091.170284, 544888.996482 258087.975306, 544887.049005 258086.983412, 544886.122282 258086.399794)

LINESTRING (544896.415763 258091.753967, 544899.590444 258087.027211, 544901.696669 258086.565641)

LINESTRING (544936.437089 258087.091540, 544941.931085 258077.190103)

LINESTRING (544936.437089 258087.091540, 544931.025174 258100.034039)

LINESTRING (544936.437089 258087.091540, 544933.794909 258085.767657, 544927.479371 258082.366258, 544925.140777 258081.184824)

LINESTRING (544924.678093 258111.513353, 544931.025174 258100.034039)

LINESTRING (544924.678093 258111.513353, 544920.570840 258116.090392)

LINESTRING (544924.678093 258111.513353, 544921.924627 258109.551778, 544912.988049 258103.168678)

LINESTRING (544937.022780 258103.314842, 544964.466460 258116.917557)

LINESTRING (544937.022780 258103.314842, 544942.781230 258089.514293, 544948.340004 258080.438423)

LINESTRING (544937.022780 258103.314842, 544933.340328 258101.081224, 544931.025174 258100.034039)

LINESTRING (544964.466460 258116.917557, 544965.909502 258113.409091)

LINESTRING (544964.466460 258116.917557, 544937.022780 258103.314842)

LINESTRING (544964.466460 258116.917557, 544988.977281 258129.076710, 544987.980317 258131.128975)

LINESTRING (544965.909502 258113.409091, 544964.466460 258116.917557)

LINESTRING (544965.909502 258113.409091, 544962.040630 258111.704269)

LINESTRING (544965.909502 258113.409091, 544973.485583 258094.986871, 544984.605572 258080.730989)

LINESTRING (544948.340004 258080.438423, 544955.757055 258068.856857)

LINESTRING (544948.340004 258080.438423, 544942.781230 258089.514293, 544937.022780 258103.314842)

LINESTRING (544948.340004 258080.438423, 544945.439138 258079.073578, 544941.931085 258077.190103)

LINESTRING (544955.757055 258068.856857, 544948.340004 258080.438423)

LINESTRING (544955.757055 258068.856857, 544961.568214 258070.562818)

LINESTRING (544955.757055 258068.856857, 544952.027731 258066.822206, 544948.437998 258064.925208)

LINESTRING (544961.568214 258070.562818, 544984.605572 258080.730989)

LINESTRING (544961.568214 258070.562818, 544955.757055 258068.856857)

LINESTRING (544961.568214 258070.562818, 544970.573627 258065.472350, 544977.964111 258057.373921, 544986.216197 258043.902351)

LINESTRING (544909.355931 258009.142390, 544892.149841 258032.970954)

LINESTRING (544534.074838 259225.655897, 544535.576540 259222.460695, 544537.195068 259219.714126, 544544.698328 259210.716859, 544551.768409 259207.194350, 544556.547788 259205.552879, 544559.226733 259205.363898, 544566.440170 259208.646388, 544570.614475 259211.339342, 544574.469515 259212.320003, 544578.345539 259211.175335, 544582.522325 259207.924631, 544583.919249 259203.869330, 544584.179855 259199.858786, 544583.060474 259195.807978)

LINESTRING (544534.074838 259225.655897, 544524.387446 259219.051163, 544517.940434 259215.746565)

LINESTRING (544534.074838 259225.655897, 544535.207297 259226.212067, 544536.001847 259231.789411)

LINESTRING (544583.060474 259195.807978, 544584.179855 259199.858786, 544583.919249 259203.869330, 544582.522325 259207.924631, 544578.345539 259211.175335, 544574.469515 259212.320003, 544570.614475 259211.339342, 544566.440170 259208.646388, 544559.226733 259205.363898, 544556.547788 259205.552879, 544551.768409 259207.194350, 544544.698328 259210.716859, 544537.195068 259219.714126, 544535.576540 259222.460695, 544534.074838 259225.655897)

LINESTRING (544517.940434 259215.746565, 544516.117009 259218.954649)

LINESTRING (544517.940434 259215.746565, 544524.387446 259219.051163, 544534.074838 259225.655897)

LINESTRING (544517.940434 259215.746565, 544512.247526 259212.842409, 544498.085012 259205.650865, 544491.469619 259200.616152)

LINESTRING (544496.267681 259175.823537, 544482.519960 259194.266759)

LINESTRING (544496.267681 259175.823537, 544473.624750 259169.163928, 544470.086430 259173.969358, 544461.942176 259180.799843)

LINESTRING (544496.267681 259175.823537, 544508.547310 259160.598799, 544512.781556 259156.080825, 544524.987166 259141.521800, 544532.910673 259130.778135, 544543.119155 259118.821112, 544547.045027 259113.860077)

LINESTRING (544920.570840 258116.090392, 544924.678093 258111.513353)

LINESTRING (544901.696669 258086.565641, 544900.056443 258088.632511)

LINESTRING (544901.696669 258086.565641, 544899.590444 258087.027211, 544896.415763 258091.753967)

LINESTRING (544901.696669 258086.565641, 544907.830932 258075.580955, 544909.897441 258074.138733, 544911.258538 258073.900257, 544925.140777 258081.184824)

LINESTRING (544984.605572 258080.730989, 544988.811890 258082.356653)

LINESTRING (544984.605572 258080.730989, 544961.568214 258070.562818)

LINESTRING (544984.605572 258080.730989, 544973.485583 258094.986871, 544965.909502 258113.409091)

LINESTRING (544988.811890 258082.356653, 545002.975305 258065.763352)

LINESTRING (544988.811890 258082.356653, 545019.817259 258096.008201)

LINESTRING (544988.811890 258082.356653, 544984.605572 258080.730989)

LINESTRING (545022.028768 258042.623642, 545021.000212 258044.352190)

LINESTRING (545021.000212 258044.352190, 545028.947252 258047.857094)

LINESTRING (545021.000212 258044.352190, 545022.028768 258042.623642)

LINESTRING (545021.000212 258044.352190, 545002.975305 258065.763352)

LINESTRING (545043.009298 258092.234504, 545037.029630 258104.002703)

LINESTRING (545002.975305 258065.763352, 544988.811890 258082.356653)

LINESTRING (545002.975305 258065.763352, 545008.557949 258053.304532)

LINESTRING (545002.975305 258065.763352, 545021.000212 258044.352190)

LINESTRING (545038.561911 258052.100903, 545019.817259 258096.008201)

LINESTRING (545038.561911 258052.100903, 545028.947252 258047.857094)

LINESTRING (545038.561911 258052.100903, 545039.005745 258050.956304)

LINESTRING (545028.947252 258047.857094, 545038.561911 258052.100903)

LINESTRING (545028.947252 258047.857094, 545021.000212 258044.352190)

LINESTRING (545028.947252 258047.857094, 545030.532883 258047.424868, 545039.005745 258050.956304)

LINESTRING (545039.005745 258050.956304, 545038.561911 258052.100903)

LINESTRING (545039.005745 258050.956304, 545039.483094 258050.302433)

LINESTRING (545039.005745 258050.956304, 545030.532883 258047.424868, 545028.947252 258047.857094)

LINESTRING (545042.737899 258106.418112, 545027.325960 258141.139955)

LINESTRING (545042.737899 258106.418112, 545037.029630 258104.002703)

LINESTRING (545042.737899 258106.418112, 545044.670048 258106.997788)

LINESTRING (545027.325960 258141.139955, 545042.737899 258106.418112)

LINESTRING (544401.574035 259000.372206, 544401.109255 258998.488725, 544399.860155 258997.005352, 544398.077924 258996.218802, 544396.140286 258996.307040)

LINESTRING (544401.574035 259000.372206, 544401.149699 259002.263170, 544399.929571 259003.774767, 544398.162164 259004.591451)

LINESTRING (544401.574035 259000.372206, 544429.588446 258993.085547, 544438.135095 259002.016500, 544446.375028 259030.617402)

LINESTRING (544398.162164 259004.591451, 544404.796810 259024.229903)

LINESTRING (544398.162164 259004.591451, 544399.929571 259003.774767, 544401.149699 259002.263170, 544401.574035 259000.372206)

LINESTRING (544398.162164 259004.591451, 544396.221586 259004.546036, 544394.497253 259003.649868, 544393.430346 259002.249720, 544393.015032 259000.545771)

LINESTRING (544446.375028 259030.617402, 544438.135095 259002.016500, 544429.588446 258993.085547, 544401.574035 259000.372206)

LINESTRING (544788.157265 258658.433185, 544784.600210 258658.473967)

LINESTRING (544788.157265 258658.433185, 544788.140265 258656.440309)

LINESTRING (544788.157265 258658.433185, 544788.173290 258660.459424, 544794.550485 258660.556689, 544820.138314 258660.580828, 544826.734904 258663.934685)

LINESTRING (544755.973047 258681.034289, 544756.188620 258685.125519)

LINESTRING (544755.973047 258681.034289, 544747.730675 258681.350083, 544739.970814 258682.002770)

LINESTRING (544755.973047 258681.034289, 544785.367012 258680.913420, 544784.601922 258660.522050, 544784.600210 258658.473967)

LINESTRING (544782.841282 258602.814052, 544783.316823 258615.093876)

LINESTRING (544782.841282 258602.814052, 544782.313271 258588.584838, 544733.469748 258589.673758)

LINESTRING (544782.841282 258602.814052, 544787.959748 258602.696444, 544794.583300 258602.556028, 544794.503462 258599.437125, 544794.478359 258598.189763, 544794.600122 258592.149398, 544803.756898 258591.904913, 544808.152435 258591.721681)

LINESTRING (544711.185587 258653.079674, 544711.590444 258660.994224)

LINESTRING (544711.185587 258653.079674, 544705.174452 258653.794609)

LINESTRING (544711.185587 258653.079674, 544709.445985 258636.778200, 544708.421538 258621.276750, 544708.858950 258618.005994)

LINESTRING (544707.844700 258661.174250, 544711.590444 258660.994224)

LINESTRING (544699.581123 258589.608079, 544733.469748 258589.673758)

LINESTRING (544699.581123 258589.608079, 544697.370554 258587.796036, 544696.066961 258573.421764)

LINESTRING (544699.581123 258589.608079, 544707.172394 258596.841997, 544708.310801 258613.593401, 544708.858950 258618.005994)

LINESTRING (544699.325774 258617.794438, 544700.314513 258617.656346, 544708.038734 258617.993176, 544708.858950 258618.005994)

LINESTRING (544699.325774 258617.794438, 544693.332174 258618.610076, 544686.404822 258619.554291, 544684.570827 258619.834668)

LINESTRING (544699.325774 258617.794438, 544699.156828 258616.320266, 544696.684818 258616.671057, 544696.013322 258611.798510)

LINESTRING (544696.066961 258573.421764, 544698.966531 258573.417373)

LINESTRING (544696.066961 258573.421764, 544692.716123 258573.424113, 544685.733060 258574.166354)

LINESTRING (544696.066961 258573.421764, 544697.370554 258587.796036, 544699.581123 258589.608079)

LINESTRING (544725.101727 258948.803322, 544728.432961 258952.273184)

LINESTRING (544725.101727 258948.803322, 544723.062322 258950.736142)

LINESTRING (544725.101727 258948.803322, 544735.719013 258937.159126)

LINESTRING (544690.358104 258974.123799, 544692.278967 258976.250177)

LINESTRING (544690.358104 258974.123799, 544688.410561 258971.974382, 544684.741601 258968.127376, 544683.297046 258966.549177)

LINESTRING (544690.358104 258974.123799, 544680.028795 258983.639415, 544644.802628 259015.435245, 544624.853264 259034.309282, 544611.755936 259047.306039)

LINESTRING (544690.358104 258974.123799, 544699.489029 258966.309586, 544707.780700 258959.839946, 544718.155361 258950.882238, 544719.986233 258949.065763, 544723.062322 258950.736142)

LINESTRING (544767.904429 258487.699081, 544772.814807 258488.154165)

LINESTRING (544767.904429 258487.699081, 544761.214314 258487.069583)

LINESTRING (544767.904429 258487.699081, 544768.044598 258486.412024, 544770.192971 258486.608343)

LINESTRING (544761.900338 258483.717046, 544761.700289 258484.712958, 544761.214314 258487.069583)

LINESTRING (545075.582986 258316.568399, 545085.315370 258306.958130)

LINESTRING (545075.582986 258316.568399, 545073.660984 258318.215131)

LINESTRING (545075.582986 258316.568399, 545079.864520 258321.223885, 545088.369984 258329.698388, 545089.545861 258331.113007)

LINESTRING (545074.483102 258298.537970, 545054.638261 258284.945468, 545040.481866 258272.332038)

LINESTRING (545074.483102 258298.537970, 545078.236919 258301.363715, 545085.315370 258306.958130)

LINESTRING (545074.483102 258298.537970, 545076.720090 258295.475735, 545074.884953 258297.425537)

LINESTRING (545040.481866 258272.332038, 545054.638261 258284.945468, 545074.483102 258298.537970)

LINESTRING (545040.481866 258272.332038, 544997.834356 258327.772571, 544994.997444 258330.772766, 544989.917107 258336.356426, 544987.012230 258344.252113, 544983.957674 258349.549987, 544975.150567 258354.891084)

LINESTRING (545040.481866 258272.332038, 545045.052123 258268.525529, 545092.061174 258228.829306, 545093.998507 258227.127375, 545099.107587 258229.213661)

LINESTRING (545040.664129 258258.858177, 545038.767174 258260.349828)

LINESTRING (545234.553664 258283.958451, 545232.438450 258282.627580)

LINESTRING (545234.553664 258283.958451, 545242.336559 258271.809218)

LINESTRING (545234.553664 258283.958451, 545227.219830 258295.953893, 545253.866635 258312.885280)

LINESTRING (545232.438450 258282.627580, 545234.553664 258283.958451)

LINESTRING (545242.336559 258271.809218, 545234.553664 258283.958451)

LINESTRING (545242.336559 258271.809218, 545255.257545 258280.124005)

LINESTRING (545242.336559 258271.809218, 545243.455296 258269.805090)

LINESTRING (545253.866635 258312.885280, 545255.001182 258313.608628)

LINESTRING (545253.866635 258312.885280, 545245.760648 258325.559298)

LINESTRING (545253.866635 258312.885280, 545227.219830 258295.953893, 545234.553664 258283.958451)

LINESTRING (545255.001182 258313.608628, 545270.668836 258290.036713)

LINESTRING (545255.001182 258313.608628, 545253.866635 258312.885280)

LINESTRING (545255.001182 258313.608628, 545258.425969 258315.757034)

LINESTRING (545270.668836 258290.036713, 545269.098297 258289.022316)

LINESTRING (545270.668836 258290.036713, 545255.001182 258313.608628)

LINESTRING (545270.668836 258290.036713, 545274.243620 258292.434399, 545278.621636 258297.059501, 545279.212825 258297.421879)

LINESTRING (545258.425969 258315.757034, 545255.001182 258313.608628)

LINESTRING (545269.098297 258289.022316, 545255.257545 258280.124005)

LINESTRING (545269.098297 258289.022316, 545270.668836 258290.036713)

LINESTRING (545269.098297 258289.022316, 545270.534288 258286.927317)

LINESTRING (545279.212825 258297.421879, 545285.010602 258299.105585)

LINESTRING (545279.212825 258297.421879, 545278.621636 258297.059501, 545274.243620 258292.434399, 545270.668836 258290.036713)

LINESTRING (545279.212825 258297.421879, 545299.329703 258270.685780, 545315.616865 258253.053662)

LINESTRING (545255.257545 258280.124005, 545242.336559 258271.809218)

LINESTRING (545255.257545 258280.124005, 545269.098297 258289.022316)

LINESTRING (545255.257545 258280.124005, 545256.689295 258278.173575)

LINESTRING (545243.455296 258269.805090, 545242.336559 258271.809218)

LINESTRING (545252.680002 258200.753705, 545277.468634 258160.697451)

LINESTRING (545252.680002 258200.753705, 545232.339209 258189.850705, 545219.963869 258183.210444, 545214.619653 258177.944911, 545207.610409 258173.487668, 545193.813465 258164.713270)

LINESTRING (545221.980139 258276.154779, 545216.147582 258272.388699, 545210.875615 258269.329150)

LINESTRING (545367.235998 258362.890881, 545367.859522 258365.881056, 545367.727685 258371.308955, 545363.641968 258380.972984, 545348.328554 258388.493455, 545346.593313 258389.132671)

LINESTRING (545367.235998 258362.890881, 545360.064179 258357.927754, 545337.511074 258317.084701, 545328.120581 258309.652347, 545316.845081 258303.533819, 545306.142674 258300.726794, 545292.498078 258300.304555, 545285.010602 258299.105585)

LINESTRING (545367.235998 258362.890881, 545380.907564 258370.315316, 545381.815532 258372.234161, 545382.382565 258373.419513, 545382.968122 258374.905937)

LINESTRING (545346.593313 258389.132671, 545343.369449 258390.629819)

LINESTRING (545346.593313 258389.132671, 545348.328554 258388.493455, 545363.641968 258380.972984, 545367.727685 258371.308955, 545367.859522 258365.881056, 545367.235998 258362.890881)

LINESTRING (545346.593313 258389.132671, 545347.571901 258390.975666, 545348.214752 258392.140976)

LINESTRING (545285.010602 258299.105585, 545279.212825 258297.421879)

LINESTRING (545285.010602 258299.105585, 545293.467279 258307.835028, 545299.912951 258319.377245, 545305.935528 258326.688550, 545315.179311 258333.526635, 545318.622714 258339.237442, 545320.163777 258348.253936, 545320.040993 258355.474136, 545315.559570 258362.076798, 545311.852671 258366.520561)

LINESTRING (545285.010602 258299.105585, 545292.498078 258300.304555, 545306.142674 258300.726794, 545316.845081 258303.533819, 545328.120581 258309.652347, 545337.511074 258317.084701, 545360.064179 258357.927754, 545367.235998 258362.890881)

LINESTRING (545382.968122 258374.905937, 545382.382565 258373.419513, 545381.815532 258372.234161, 545380.907564 258370.315316, 545367.235998 258362.890881)

LINESTRING (545311.852671 258366.520561, 545316.623455 258368.708471, 545324.699108 258374.799970, 545335.022279 258387.735958, 545333.680124 258397.825507, 545327.984503 258408.522031, 545324.281922 258411.886237, 545318.350961 258414.283527, 545311.659066 258415.111353, 545304.915301 258412.809951, 545301.267851 258414.060963, 545296.776204 258418.682082, 545294.667111 258419.711060, 545290.371527 258421.143433)

LINESTRING (545311.852671 258366.520561, 545311.167394 258367.268486, 545303.061677 258368.500104, 545292.801805 258361.799213, 545279.131012 258361.576586, 545263.551587 258367.909669, 545255.515232 258374.942468, 545251.466580 258383.116158, 545251.147092 258389.351093, 545252.739805 258395.441714, 545257.760543 258402.634557, 545260.565548 258402.594326)

LINESTRING (545311.852671 258366.520561, 545315.559570 258362.076798, 545320.040993 258355.474136, 545320.163777 258348.253936, 545318.622714 258339.237442, 545315.179311 258333.526635, 545305.935528 258326.688550, 545299.912951 258319.377245, 545293.467279 258307.835028, 545285.010602 258299.105585)

LINESTRING (545091.066184 258296.930802, 545099.031826 258288.571127, 545122.618214 258261.490695, 545136.200630 258239.282050)

LINESTRING (545036.575672 258367.729683, 545043.594952 258356.414879, 545055.536203 258340.023857, 545073.660984 258318.215131)

LINESTRING (545036.575672 258367.729683, 545026.347598 258389.613751, 545024.500148 258391.752430)

LINESTRING (545036.575672 258367.729683, 545030.049731 258364.756070, 545005.904304 258354.877988, 545005.243803 258356.183209, 545000.155683 258367.176117, 544997.645790 258370.920498)

LINESTRING (545073.660984 258318.215131, 545075.582986 258316.568399)

LINESTRING (545073.660984 258318.215131, 545055.536203 258340.023857, 545043.594952 258356.414879, 545036.575672 258367.729683)

LINESTRING (545073.660984 258318.215131, 545078.220061 258322.967785, 545086.629543 258331.216862, 545087.875702 258332.566754)

LINESTRING (545722.591763 258181.543642, 545713.860184 258187.765022)

LINESTRING (545722.591763 258181.543642, 545718.085446 258177.337329, 545716.892310 258176.979464)

LINESTRING (545425.691224 258757.051022, 545419.839332 258759.561802, 545416.816135 258760.519378, 545405.561623 258762.348511, 545395.787203 258763.141416)

LINESTRING (545425.691224 258757.051022, 545423.779759 258761.369290, 545423.034444 258768.126005, 545424.376957 258773.875438, 545427.184581 258778.632711)

LINESTRING (545588.367610 257945.992225, 545587.332807 257946.295754, 545586.269388 257946.409222, 545585.182908 257946.143569, 545583.387114 257945.345075, 545581.986073 257944.146338, 545581.514998 257943.186396, 545581.303591 257942.234080, 545581.125999 257941.527631, 545580.715494 257940.135371, 545579.866346 257938.774752, 545555.513930 257911.446199, 545553.216157 257909.341818, 545549.812300 257907.639059, 545546.279491 257906.834102)

LINESTRING (545588.367610 257945.992225, 545589.610579 257946.518480, 545590.601994 257947.226569, 545592.313345 257949.502967, 545612.178342 257974.985780, 545631.118993 258003.290983, 545657.290078 258046.668194, 545680.739719 258087.917539, 545693.337830 258110.237532, 545695.220275 258114.600440)

LINESTRING (545588.367610 257945.992225, 545589.355586 257945.420184, 545590.775423 257944.348816)

LINESTRING (545172.977287 258812.062578, 545181.137602 258809.641401)

LINESTRING (545172.977287 258812.062578, 545167.495883 258813.371258, 545133.521534 258821.414277)

LINESTRING (545172.977287 258812.062578, 545174.403043 258817.547234, 545185.470535 258878.578059)

LINESTRING (545185.470535 258878.578059, 545186.147077 258882.326650, 545186.867656 258890.873845, 545186.939511 258891.922232)

LINESTRING (545185.470535 258878.578059, 545174.403043 258817.547234, 545172.977287 258812.062578)

LINESTRING (545185.470535 258878.578059, 545189.091238 258877.994034, 545192.669647 258877.453295, 545195.083345 258876.989740)

LINESTRING (545072.122334 258449.522733, 545069.545933 258436.379956)

LINESTRING (545072.122334 258449.522733, 545075.518246 258467.375499)

LINESTRING (545072.122334 258449.522733, 545052.133607 258441.802974)

LINESTRING (545160.954794 258502.289449, 545167.015691 258510.391986)

LINESTRING (545160.954794 258502.289449, 545150.607388 258488.774327)

LINESTRING (545160.954794 258502.289449, 545162.979371 258516.985547, 545159.638351 258533.928717, 545157.555808 258541.525610)

LINESTRING (545167.015691 258510.391986, 545178.666295 258526.805897)

LINESTRING (545167.015691 258510.391986, 545160.954794 258502.289449)

LINESTRING (545167.015691 258510.391986, 545180.614866 258499.971324)

LINESTRING (545150.607388 258488.774327, 545160.954794 258502.289449)

LINESTRING (545150.607388 258488.774327, 545149.021924 258487.804052)

LINESTRING (545150.607388 258488.774327, 545162.079007 258479.081583)

LINESTRING (545157.555808 258541.525610, 545178.666295 258526.805897)

LINESTRING (545157.555808 258541.525610, 545155.182202 258545.051292, 545148.091992 258555.517935, 545145.103431 258560.428074)

LINESTRING (545157.555808 258541.525610, 545159.638351 258533.928717, 545162.979371 258516.985547, 545160.954794 258502.289449)

LINESTRING (545145.103431 258560.428074, 545148.091992 258555.517935, 545155.182202 258545.051292, 545157.555808 258541.525610)

LINESTRING (545145.103431 258560.428074, 545149.709732 258564.258348, 545151.957082 258581.854936, 545152.166086 258588.261180, 545151.564726 258591.515979, 545150.749346 258592.738732)

LINESTRING (545145.103431 258560.428074, 545142.843845 258559.593887, 545137.707111 258558.931451, 545125.673066 258560.048307, 545115.608700 258563.026027, 545112.149412 258566.731423)

LINESTRING (545150.749346 258592.738732, 545149.683431 258594.343720, 545147.036293 258595.768832, 545143.438149 258596.976875, 545116.976874 258601.544726)

LINESTRING (545150.749346 258592.738732, 545151.564726 258591.515979, 545152.166086 258588.261180, 545151.957082 258581.854936, 545149.709732 258564.258348, 545145.103431 258560.428074)

LINESTRING (545150.749346 258592.738732, 545154.939861 258594.887239, 545157.117665 258608.786419, 545154.963801 258609.246477, 545155.622170 258613.851587)

LINESTRING (545112.149412 258566.731423, 545115.608700 258563.026027, 545125.673066 258560.048307, 545137.707111 258558.931451, 545142.843845 258559.593887, 545145.103431 258560.428074)

LINESTRING (545112.149412 258566.731423, 545111.938838 258569.719401, 545112.135939 258572.563486, 545112.935763 258582.381871, 545114.589697 258589.887829, 545116.976874 258601.544726)

LINESTRING (545112.149412 258566.731423, 545106.558386 258555.659697, 545101.176010 258554.511490, 545090.368799 258560.673138, 545090.174333 258572.922282, 545093.966688 258573.255915)

LINESTRING (545116.976874 258601.544726, 545100.929389 258601.241840)

LINESTRING (545116.976874 258601.544726, 545114.589697 258589.887829, 545112.935763 258582.381871, 545112.135939 258572.563486, 545111.938838 258569.719401, 545112.149412 258566.731423)

LINESTRING (545116.976874 258601.544726, 545143.438149 258596.976875, 545147.036293 258595.768832, 545149.683431 258594.343720, 545150.749346 258592.738732)

LINESTRING (545100.929389 258601.241840, 545116.976874 258601.544726)

LINESTRING (545134.836721 258476.903585, 545134.306491 258472.591629, 545132.604616 258468.590416, 545129.858955 258465.204217, 545126.293675 258462.717864, 545122.170366 258461.305978, 545117.814068 258461.078253, 545113.572596 258462.067133, 545109.763513 258464.170609, 545106.684855 258467.252708)

LINESTRING (545134.836721 258476.903585, 545133.991628 258481.709538, 545131.690875 258486.016510, 545128.172317 258489.408503, 545123.774015 258491.550368, 545118.932932 258492.232289, 545114.116287 258491.378902, 545109.792921 258489.092978, 545106.387423 258485.587298, 545104.238490 258481.205695, 545103.552396 258476.377172, 545104.397786 258471.560093, 545106.684855 258467.252708)

LINESTRING (545134.836721 258476.903585, 545141.775355 258479.321769, 545142.858133 258480.410888)

LINESTRING (545106.684855 258467.252708, 545104.045884 258464.426180)

LINESTRING (545106.684855 258467.252708, 545104.397786 258471.560093, 545103.552396 258476.377172, 545104.238490 258481.205695, 545106.387423 258485.587298, 545109.792921 258489.092978, 545114.116287 258491.378902, 545118.932932 258492.232289, 545123.774015 258491.550368, 545128.172317 258489.408503, 545131.690875 258486.016510, 545133.991628 258481.709538, 545134.836721 258476.903585)

LINESTRING (545106.684855 258467.252708, 545109.763513 258464.170609, 545113.572596 258462.067133, 545117.814068 258461.078253, 545122.170366 258461.305978, 545126.293675 258462.717864, 545129.858955 258465.204217, 545132.604616 258468.590416, 545134.306491 258472.591629, 545134.836721 258476.903585)

LINESTRING (545142.858133 258480.410888, 545141.983213 258481.097628, 545143.978272 258483.493487, 545146.112255 258486.049245, 545148.166850 258488.513634, 545149.021924 258487.804052)

LINESTRING (545142.858133 258480.410888, 545143.586312 258479.831157, 545146.871719 258483.700658, 545149.799559 258487.170117, 545149.021924 258487.804052)

LINESTRING (545142.858133 258480.410888, 545141.775355 258479.321769, 545134.836721 258476.903585)

LINESTRING (545599.923434 258872.382936, 545598.415592 258837.822332)

LINESTRING (545599.923434 258872.382936, 545594.183765 258872.704057)

LINESTRING (545599.923434 258872.382936, 545622.772388 258871.807655)

LINESTRING (545599.923434 258872.382936, 545603.549170 258904.445707, 545604.544985 258904.764364)

LINESTRING (545272.397534 258452.483661, 545308.813278 258534.103752)

LINESTRING (545272.397534 258452.483661, 545265.263754 258442.724470)

LINESTRING (545272.397534 258452.483661, 545294.829749 258471.083827, 545342.920227 258513.922163, 545364.305848 258532.747985, 545375.042929 258543.214080, 545383.878582 258557.653728, 545409.679821 258589.587659)

LINESTRING (545272.397534 258452.483661, 545268.615846 258464.149057, 545218.267961 258494.351486, 545211.181534 258495.112229, 545197.530779 258499.587532)

LINESTRING (544862.984104 258794.476611, 544857.967785 258799.527983, 544854.194877 258802.512017)

LINESTRING (544862.984104 258794.476611, 544866.758459 258797.291680, 544871.652980 258801.085601, 544871.167988 258805.278799, 544871.238668 258808.942841, 544872.441509 258811.538046, 544873.581219 258813.485830, 544870.655244 258819.778144, 544869.037372 258821.790015)

LINESTRING (544869.037372 258821.790015, 544877.124196 258830.296471)

LINESTRING (544869.037372 258821.790015, 544870.655244 258819.778144, 544873.581219 258813.485830, 544872.441509 258811.538046, 544871.238668 258808.942841, 544871.167988 258805.278799, 544871.652980 258801.085601, 544866.758459 258797.291680, 544862.984104 258794.476611)

LINESTRING (544364.316824 258474.024003, 544362.478235 258491.835006)

LINESTRING (544364.316824 258474.024003, 544368.522536 258421.665896)

LINESTRING (544364.316824 258474.024003, 544369.405301 258477.756259)

LINESTRING (544364.316824 258474.024003, 544362.431317 258473.724212, 544335.566238 258471.272213, 544307.712352 258468.724788)

LINESTRING (544341.718020 258799.847546, 544343.607260 258799.780135)

LINESTRING (544341.718020 258799.847546, 544344.491974 258818.471867, 544345.331129 258824.406640)

LINESTRING (544341.718020 258799.847546, 544339.149835 258782.609412, 544322.930699 258717.312649, 544320.194955 258688.916827, 544328.122999 258657.125066, 544345.733383 258613.850293)

LINESTRING (544341.718020 258799.847546, 544334.901528 258800.049718, 544325.902662 258800.288518)

LINESTRING (544323.140544 258615.707846, 544323.678171 258604.759898)

LINESTRING (544323.140544 258615.707846, 544321.335636 258621.565616, 544316.186779 258625.077640, 544309.631817 258626.623140, 544300.826538 258626.778592, 544297.051558 258627.258603, 544293.201362 258629.617491, 544290.344200 258632.394862, 544287.825978 258636.918469, 544285.326016 258639.405716, 544278.501674 258640.809847, 544253.831480 258643.798205, 544249.934437 258643.773822, 544246.274917 258641.697203, 544242.962496 258632.863312, 544238.707725 258627.508123, 544231.637849 258625.365657, 544228.975587 258623.796687)

LINESTRING (544323.140544 258615.707846, 544319.431902 258616.022813, 544232.019529 258623.529092, 544228.975587 258623.796687)

LINESTRING (544323.140544 258615.707846, 544342.980921 258613.970480, 544345.733383 258613.850293)

LINESTRING (544418.449719 258205.751564, 544413.944140 258223.785375)

LINESTRING (544418.449719 258205.751564, 544422.939717 258187.784086)

LINESTRING (544418.449719 258205.751564, 544413.820406 258204.559286, 544404.609928 258202.165015)

LINESTRING (544364.840807 258175.450838, 544308.871411 258168.656511)

LINESTRING (544364.840807 258175.450838, 544366.577309 258167.721153, 544367.576140 258159.725111)

LINESTRING (544364.840807 258175.450838, 544391.798768 258179.230163, 544422.939717 258187.784086)

LINESTRING (544345.331129 258824.406640, 544347.063221 258824.334654)

LINESTRING (544345.331129 258824.406640, 544339.999666 258828.325145, 544330.145852 258825.990134, 544318.026709 258823.722741, 544289.325747 258816.987828, 544264.112636 258809.998436, 544241.367014 258810.794468)

LINESTRING (544345.331129 258824.406640, 544345.222150 258852.563806, 544344.046154 258881.435643, 544345.512467 258909.972612, 544352.698060 258933.244459, 544365.601183 258956.003913, 544371.963904 258966.206792, 544372.337221 258970.291458, 544372.290918 258972.115523)

LINESTRING (544345.331129 258824.406640, 544344.491974 258818.471867, 544341.718020 258799.847546)

LINESTRING (544241.367014 258810.794468, 544220.846058 258811.510647)

LINESTRING (544241.367014 258810.794468, 544219.832100 258805.938124)

LINESTRING (544241.367014 258810.794468, 544264.112636 258809.998436, 544289.325747 258816.987828, 544318.026709 258823.722741, 544330.145852 258825.990134, 544339.999666 258828.325145, 544345.331129 258824.406640)

LINESTRING (545320.671157 258078.316946, 545322.204669 258079.196703, 545325.724625 258081.136455)

LINESTRING (545331.426886 258084.453610, 545329.478849 258083.250039, 545325.724625 258081.136455)

LINESTRING (545331.426886 258084.453610, 545333.905287 258085.995520, 545336.204365 258088.055315)

LINESTRING (545331.426886 258084.453610, 545331.502293 258085.847153, 545331.452775 258086.836329)

LINESTRING (545331.426886 258084.453610, 545331.275960 258083.536471, 545331.326796 258082.269066, 545331.456356 258081.349020, 545331.637648 258080.530667, 545341.299578 258062.626454)

LINESTRING (545331.292268 258088.345393, 545334.485993 258087.882496)

LINESTRING (545331.292268 258088.345393, 545331.452775 258086.836329)

LINESTRING (545331.292268 258088.345393, 545331.032212 258089.517618, 545330.701882 258090.520823, 545327.803136 258093.519029)

LINESTRING (545260.682077 258809.256416, 545257.374002 258809.203976)

LINESTRING (545260.682077 258809.256416, 545311.295165 258810.027836)

LINESTRING (545260.682077 258809.256416, 545260.015557 258841.794074, 545256.994128 258841.761166, 545248.256152 258841.727671, 545248.150283 258844.173314, 545247.946698 258866.517721, 545256.525536 258866.613337, 545266.634111 258866.776069)

LINESTRING (545257.374002 258809.203976, 545260.682077 258809.256416)

LINESTRING (545311.295165 258810.027836, 545311.400556 258795.705754)

LINESTRING (545311.295165 258810.027836, 545336.272292 258810.571040)

LINESTRING (545311.295165 258810.027836, 545260.682077 258809.256416)

LINESTRING (545311.400556 258795.705754, 545311.295165 258810.027836)

LINESTRING (545311.400556 258795.705754, 545311.448444 258789.874688, 545332.614599 258785.831598)

LINESTRING (545311.400556 258795.705754, 545302.867150 258795.455552, 545263.006805 258795.032783, 545255.997956 258794.793957, 545255.830087 258800.521329, 545248.546002 258800.341229)

LINESTRING (545336.272292 258810.571040, 545311.295165 258810.027836)

LINESTRING (545336.272292 258810.571040, 545332.614599 258785.831598)

LINESTRING (545336.272292 258810.571040, 545338.852741 258866.444780, 545338.415625 258868.992016, 545337.435873 258871.156025, 545334.716982 258876.196398, 545333.108822 258880.902034, 545332.444194 258884.911847, 545332.326131 258888.937688)

LINESTRING (545305.143005 258926.563659, 545300.056730 258926.525833)

LINESTRING (545211.202912 259015.515646, 545127.135498 259035.503460)

LINESTRING (545211.202912 259015.515646, 545218.152664 259013.793695, 545222.854815 259010.369678, 545234.072903 258996.462320, 545246.641325 258979.878679, 545254.018984 258971.958405, 545260.194306 258968.432903, 545264.692109 258966.850624, 545295.155445 258967.988576)

LINESTRING (545211.202912 259015.515646, 545210.524414 259012.768751, 545205.225865 258991.042268)

LINESTRING (545211.202912 259015.515646, 545211.527758 259018.664012, 545212.372883 259026.691724, 545215.701040 259044.720752, 545220.082502 259057.838635, 545225.844792 259067.702314, 545242.127128 259087.936454, 545249.584037 259096.202495, 545253.372939 259098.506297, 545254.687968 259097.264817)

LINESTRING (545132.564469 258989.982248, 545157.245825 258984.483114)

LINESTRING (545132.564469 258989.982248, 545130.231534 258979.985381, 545114.943173 258983.689398)

LINESTRING (545132.564469 258989.982248, 545138.587708 259015.458634, 545163.384773 259009.740311, 545161.490718 259001.336835)

LINESTRING (545132.564469 258989.982248, 545142.564432 258981.470778, 545150.380471 258973.284931, 545153.450855 258966.974737, 545154.865324 258960.237599, 545156.235565 258953.142984, 545159.011340 258943.585143, 545161.470482 258936.433380)

LINESTRING (545157.245825 258984.483114, 545132.564469 258989.982248)

LINESTRING (545157.245825 258984.483114, 545171.659053 258981.477082)

LINESTRING (545157.245825 258984.483114, 545161.490718 259001.336835)

LINESTRING (545114.943173 258983.689398, 545127.135498 259035.503460)

LINESTRING (545114.943173 258983.689398, 545130.231534 258979.985381, 545132.564469 258989.982248)

LINESTRING (545114.943173 258983.689398, 545089.996455 258987.043887, 545077.291986 258987.740480, 545072.568575 258985.353810, 545053.004787 258971.134951, 545044.497804 258965.320631, 545030.017381 258960.344392, 545015.914966 258955.301345)

LINESTRING (545161.490718 259001.336835, 545157.245825 258984.483114)

LINESTRING (545161.490718 259001.336835, 545175.467973 258998.039779)

LINESTRING (545161.490718 259001.336835, 545163.384773 259009.740311, 545138.587708 259015.458634, 545132.564469 258989.982248)

LINESTRING (545161.470482 258936.433380, 545163.042490 258944.860812)

LINESTRING (545161.470482 258936.433380, 545161.386425 258931.132725)

LINESTRING (545161.470482 258936.433380, 545159.011340 258943.585143, 545156.235565 258953.142984, 545154.865324 258960.237599, 545153.450855 258966.974737, 545150.380471 258973.284931, 545142.564432 258981.470778, 545132.564469 258989.982248)

LINESTRING (545127.135498 259035.503460, 545211.202912 259015.515646)

LINESTRING (545127.135498 259035.503460, 545114.943173 258983.689398)

LINESTRING (545127.135498 259035.503460, 545120.807201 259036.787378, 545113.310088 259035.488157, 545106.401217 259032.313962, 545073.313920 259014.549060, 545044.596424 259003.768766, 545031.913500 259003.030251, 545026.535469 259005.021070, 545020.715639 259007.622283)

LINESTRING (545015.914966 258955.301345, 545011.699006 258953.797776, 544996.234392 258948.570227, 544964.624797 258935.657767, 544970.359111 258914.243210, 544972.562600 258907.640419)

LINESTRING (545015.914966 258955.301345, 545030.017381 258960.344392, 545044.497804 258965.320631, 545053.004787 258971.134951, 545072.568575 258985.353810, 545077.291986 258987.740480, 545089.996455 258987.043887, 545114.943173 258983.689398)

LINESTRING (545015.914966 258955.301345, 545003.643968 258974.598985, 545000.683754 258979.487764, 545000.271555 258980.254848, 544996.284928 258985.870480)

LINESTRING (545190.023602 258931.125724, 545189.808024 258928.448049)

LINESTRING (545161.386425 258931.132725, 545161.470482 258936.433380)

LINESTRING (545161.386425 258931.132725, 545159.857774 258894.379045)

LINESTRING (545161.386425 258931.132725, 545189.808024 258928.448049)

LINESTRING (545188.225812 258908.700428, 545186.939511 258891.922232)

LINESTRING (545188.225812 258908.700428, 545189.527772 258924.243580, 545189.808024 258928.448049)

LINESTRING (545188.225812 258908.700428, 545196.598352 258907.899446, 545197.362562 258907.955229)

LINESTRING (545208.845157 258930.764478, 545227.630561 258943.770172)

LINESTRING (545208.845157 258930.764478, 545208.750902 258928.847243)

LINESTRING (545208.845157 258930.764478, 545209.466418 258940.132438)

LINESTRING (545227.630561 258943.770172, 545208.845157 258930.764478)

LINESTRING (545227.630561 258943.770172, 545227.371577 258925.307942)

LINESTRING (545227.630561 258943.770172, 545227.619898 258954.867131)

LINESTRING (545208.750902 258928.847243, 545208.845157 258930.764478)

LINESTRING (545208.750902 258928.847243, 545200.909054 258928.806691)

LINESTRING (545208.750902 258928.847243, 545208.723989 258926.965372, 545227.371577 258925.307942)

LINESTRING (545209.466418 258940.132438, 545163.042490 258944.860812)

LINESTRING (545209.466418 258940.132438, 545208.845157 258930.764478)

LINESTRING (545209.466418 258940.132438, 545213.138482 258972.563482)

LINESTRING (545227.371577 258925.307942, 545227.630561 258943.770172)

LINESTRING (545227.371577 258925.307942, 545228.089217 258919.952863, 545228.138091 258918.518440)

LINESTRING (545227.371577 258925.307942, 545208.723989 258926.965372, 545208.750902 258928.847243)

LINESTRING (545228.138091 258918.518440, 545228.089217 258919.952863, 545227.371577 258925.307942)

LINESTRING (545227.619898 258954.867131, 545227.630561 258943.770172)

LINESTRING (545227.619898 258954.867131, 545229.201341 258954.802170)

LINESTRING (545227.619898 258954.867131, 545227.538224 258961.387307, 545227.773851 258965.946654)

LINESTRING (545229.201341 258954.802170, 545227.619898 258954.867131)

LINESTRING (545227.773851 258965.946654, 545232.454717 258966.050441)

LINESTRING (545227.773851 258965.946654, 545227.538224 258961.387307, 545227.619898 258954.867131)

LINESTRING (545227.773851 258965.946654, 545227.441085 258971.235098, 545224.238495 258971.786823)

LINESTRING (545232.454717 258966.050441, 545227.773851 258965.946654)

LINESTRING (545224.238495 258971.786823, 545222.121872 258972.147760)

LINESTRING (545224.238495 258971.786823, 545226.074932 258979.120095)

LINESTRING (545224.238495 258971.786823, 545227.441085 258971.235098, 545227.773851 258965.946654)

LINESTRING (545300.219857 258880.149112, 545298.374545 258880.117269)

LINESTRING (545186.939511 258891.922232, 545159.857774 258894.379045)

LINESTRING (545186.939511 258891.922232, 545188.225812 258908.700428)

LINESTRING (545186.939511 258891.922232, 545186.867656 258890.873845, 545186.147077 258882.326650, 545185.470535 258878.578059)

LINESTRING (545159.857774 258894.379045, 545186.939511 258891.922232)

LINESTRING (545159.857774 258894.379045, 545161.386425 258931.132725)

LINESTRING (545159.857774 258894.379045, 545159.706562 258892.538057)

LINESTRING (545159.857774 258894.379045, 545123.937640 258897.901717, 545114.991029 258904.997090, 545094.036504 258905.340768, 545084.763176 258904.212209)

LINESTRING (545159.706562 258892.538057, 545159.857774 258894.379045)

LINESTRING (545084.763176 258904.212209, 545084.542355 258886.062789)

LINESTRING (545084.763176 258904.212209, 545051.973619 258904.276375, 545051.440891 258893.508580, 545017.840663 258879.446725, 545014.097331 258880.483642, 545005.343195 258877.266737, 545004.490497 258875.794803, 545003.657643 258874.345712, 544981.740032 258866.469542, 544979.812726 258873.915208, 544978.935938 258880.278542, 544976.758454 258891.835225, 544976.153652 258896.848579, 544972.562600 258907.640419)

LINESTRING (545084.763176 258904.212209, 545094.036504 258905.340768, 545114.991029 258904.997090, 545123.937640 258897.901717, 545159.857774 258894.379045)

LINESTRING (545084.542355 258886.062789, 545084.763176 258904.212209)

LINESTRING (544972.562600 258907.640419, 544970.359111 258914.243210, 544964.624797 258935.657767, 544996.234392 258948.570227, 545011.699006 258953.797776, 545015.914966 258955.301345)

LINESTRING (544972.562600 258907.640419, 544976.153652 258896.848579, 544976.758454 258891.835225, 544978.935938 258880.278542, 544979.812726 258873.915208, 544981.740032 258866.469542, 545003.657643 258874.345712, 545004.490497 258875.794803, 545005.343195 258877.266737, 545014.097331 258880.483642, 545017.840663 258879.446725, 545051.440891 258893.508580, 545051.973619 258904.276375, 545084.763176 258904.212209)

LINESTRING (544972.562600 258907.640419, 544955.816305 258901.340363, 544954.579705 258900.836705, 544947.084295 258897.834811, 544933.471898 258891.927023)

LINESTRING (545163.042490 258944.860812, 545171.659053 258981.477082)

LINESTRING (545163.042490 258944.860812, 545161.470482 258936.433380)

LINESTRING (545163.042490 258944.860812, 545209.466418 258940.132438)

LINESTRING (545171.659053 258981.477082, 545157.245825 258984.483114)

LINESTRING (545171.659053 258981.477082, 545163.042490 258944.860812)

LINESTRING (545171.659053 258981.477082, 545201.436207 258974.992118)

LINESTRING (545171.659053 258981.477082, 545175.467973 258998.039779)

LINESTRING (545201.436207 258974.992118, 545213.138482 258972.563482)

LINESTRING (545201.436207 258974.992118, 545171.659053 258981.477082)

LINESTRING (545201.436207 258974.992118, 545203.106765 258982.153560)

LINESTRING (545175.467973 258998.039779, 545161.490718 259001.336835)

LINESTRING (545175.467973 258998.039779, 545171.659053 258981.477082)

LINESTRING (545175.467973 258998.039779, 545205.225865 258991.042268)

LINESTRING (545197.362562 258907.955229, 545196.598352 258907.899446, 545188.225812 258908.700428)

LINESTRING (544369.862279 259185.262095, 544385.970236 259168.167367)

LINESTRING (544369.862279 259185.262095, 544375.736728 259195.784688)

LINESTRING (544369.862279 259185.262095, 544352.027162 259200.859580, 544354.447368 259202.510627, 544385.486687 259235.682511)

LINESTRING (544375.736728 259195.784688, 544369.862279 259185.262095)

LINESTRING (544385.486687 259235.682511, 544391.951249 259223.838723)

LINESTRING (544385.486687 259235.682511, 544354.447368 259202.510627, 544352.027162 259200.859580, 544369.862279 259185.262095)

LINESTRING (544362.434912 259143.317171, 544360.438188 259141.210974)

LINESTRING (544362.434912 259143.317171, 544327.026840 259175.132081, 544309.481561 259192.285306)

LINESTRING (544457.705130 259215.437147, 544446.717492 259200.658206)

LINESTRING (544457.705130 259215.437147, 544464.692426 259221.083710, 544466.840159 259221.291023, 544467.677526 259221.415612)

LINESTRING (544457.705130 259215.437147, 544453.059698 259219.052730, 544446.560787 259224.094655, 544444.231733 259225.885570, 544445.880624 259227.959403)

LINESTRING (544419.052463 259234.000469, 544410.183649 259235.433842)

LINESTRING (544419.052463 259234.000469, 544419.630180 259230.600217, 544426.020553 259220.835727, 544430.575165 259213.766991, 544446.717492 259200.658206)

LINESTRING (544419.052463 259234.000469, 544421.213603 259237.970291, 544425.868831 259241.289321)

LINESTRING (545213.138482 258972.563482, 545222.121872 258972.147760)

LINESTRING (545213.138482 258972.563482, 545201.436207 258974.992118)

LINESTRING (545213.138482 258972.563482, 545209.466418 258940.132438)

LINESTRING (545205.225865 258991.042268, 545175.467973 258998.039779)

LINESTRING (545205.225865 258991.042268, 545205.178053 258990.807123)

LINESTRING (545205.225865 258991.042268, 545210.524414 259012.768751, 545211.202912 259015.515646)

LINESTRING (545254.687968 259097.264817, 545253.372939 259098.506297, 545249.584037 259096.202495, 545242.127128 259087.936454, 545225.844792 259067.702314, 545220.082502 259057.838635, 545215.701040 259044.720752, 545212.372883 259026.691724, 545211.527758 259018.664012, 545211.202912 259015.515646)

LINESTRING (545203.106765 258982.153560, 545201.436207 258974.992118)

LINESTRING (545205.178053 258990.807123, 545205.225865 258991.042268)

LINESTRING (545222.121872 258972.147760, 545224.238495 258971.786823)

LINESTRING (545222.121872 258972.147760, 545213.138482 258972.563482)

LINESTRING (545222.121872 258972.147760, 545223.439073 258979.699559)

LINESTRING (545149.021924 258487.804052, 545150.607388 258488.774327)

LINESTRING (545149.021924 258487.804052, 545149.799559 258487.170117, 545146.871719 258483.700658, 545143.586312 258479.831157, 545142.858133 258480.410888)

LINESTRING (545149.021924 258487.804052, 545148.166850 258488.513634, 545146.112255 258486.049245, 545143.978272 258483.493487, 545141.983213 258481.097628, 545142.858133 258480.410888)

LINESTRING (545247.215362 258255.378639, 545244.914124 258258.995452)

LINESTRING (545247.215362 258255.378639, 545247.668190 258243.192714, 545254.794862 258231.502886, 545263.010405 258224.197061, 545270.386295 258220.806893)

LINESTRING (545247.215362 258255.378639, 545249.741800 258258.079506, 545257.684298 258264.523161, 545270.180488 258269.831392, 545282.924699 258266.910240, 545291.884592 258261.507363, 545299.154423 258251.469127, 545301.999992 258249.114928)

LINESTRING (545244.914124 258258.995452, 545247.215362 258255.378639)

LINESTRING (545270.386295 258220.806893, 545272.038317 258219.508501)

LINESTRING (545270.386295 258220.806893, 545274.157658 258223.265991)

LINESTRING (545270.386295 258220.806893, 545263.010405 258224.197061, 545254.794862 258231.502886, 545247.668190 258243.192714, 545247.215362 258255.378639)

LINESTRING (545301.999992 258249.114928, 545307.896466 258244.167678, 545308.815927 258245.229784, 545315.616865 258253.053662)

LINESTRING (545301.999992 258249.114928, 545299.154423 258251.469127, 545291.884592 258261.507363, 545282.924699 258266.910240, 545270.180488 258269.831392, 545257.684298 258264.523161, 545249.741800 258258.079506, 545247.215362 258255.378639)

LINESTRING (545301.999992 258249.114928, 545299.672044 258246.642465, 545298.540135 258245.128907)

LINESTRING (544881.667093 258252.160215, 544879.297347 258251.345199)

LINESTRING (544953.150691 258284.970662, 544959.804978 258287.769830, 544962.561896 258288.907867, 544961.556833 258290.770679)

LINESTRING (544961.556833 258290.770679, 544959.416889 258294.726250)

LINESTRING (544961.556833 258290.770679, 544962.561896 258288.907867, 544959.804978 258287.769830, 544953.150691 258284.970662)

LINESTRING (544961.556833 258290.770679, 544961.848400 258293.428294, 544965.309756 258295.032160)

LINESTRING (545290.371527 258421.143433, 545294.667111 258419.711060, 545296.776204 258418.682082, 545301.267851 258414.060963, 545304.915301 258412.809951, 545311.659066 258415.111353, 545318.350961 258414.283527, 545324.281922 258411.886237, 545327.984503 258408.522031, 545333.680124 258397.825507, 545335.022279 258387.735958, 545324.699108 258374.799970, 545316.623455 258368.708471, 545311.852671 258366.520561)

LINESTRING (545260.565548 258402.594326, 545257.760543 258402.634557, 545252.739805 258395.441714, 545251.147092 258389.351093, 545251.466580 258383.116158, 545255.515232 258374.942468, 545263.551587 258367.909669, 545279.131012 258361.576586, 545292.801805 258361.799213, 545303.061677 258368.500104, 545311.167394 258367.268486, 545311.852671 258366.520561)

LINESTRING (544763.254395 258461.706865, 544765.181485 258440.915527, 544765.392881 258439.062890, 544808.734924 258443.990968)

LINESTRING (544808.734924 258443.990968, 544806.692650 258469.186654)

LINESTRING (544808.734924 258443.990968, 544765.392881 258439.062890, 544765.181485 258440.915527, 544763.254395 258461.706865)

LINESTRING (544808.734924 258443.990968, 544811.322238 258444.378217, 544817.278389 258445.086511)

LINESTRING (544806.692650 258469.186654, 544808.734924 258443.990968)

LINESTRING (544865.853872 258521.303776, 544870.608162 258526.395865)

LINESTRING (544865.853872 258521.303776, 544858.019867 258521.442115)

LINESTRING (544865.853872 258521.303776, 544875.124010 258520.929163, 544875.861548 258518.858165)

LINESTRING (544870.608162 258526.395865, 544869.428697 258537.269395)

LINESTRING (544870.608162 258526.395865, 544865.853872 258521.303776)

LINESTRING (544870.608162 258526.395865, 544874.577260 258527.936601)

LINESTRING (544858.019867 258521.442115, 544865.853872 258521.303776)

LINESTRING (544858.019867 258521.442115, 544854.671270 258521.600251)

LINESTRING (544858.019867 258521.442115, 544859.219913 258514.309072, 544859.859480 258511.144409)

LINESTRING (544875.861548 258518.858165, 544877.859605 258519.751366)

LINESTRING (544875.861548 258518.858165, 544878.323382 258512.307409, 544875.233399 258510.870281, 544873.804374 258509.225702, 544874.644744 258507.847808, 544875.322500 258508.991811)

LINESTRING (544875.861548 258518.858165, 544875.124010 258520.929163, 544865.853872 258521.303776)

LINESTRING (544374.172642 258425.369991, 544368.522536 258421.665896)

LINESTRING (544374.172642 258425.369991, 544376.997993 258393.874881)

LINESTRING (544374.172642 258425.369991, 544369.405301 258477.756259)

LINESTRING (544374.172642 258425.369991, 544383.040721 258417.202476, 544388.247233 258414.771854)

LINESTRING (544854.671270 258521.600251, 544854.578795 258519.148813)

LINESTRING (544854.671270 258521.600251, 544858.019867 258521.442115)

LINESTRING (544854.671270 258521.600251, 544852.623460 258521.707361, 544848.747132 258521.905730, 544841.307468 258522.122404)

LINESTRING (544859.859480 258511.144409, 544859.219913 258514.309072, 544858.019867 258521.442115)

LINESTRING (544874.577260 258527.936601, 544870.608162 258526.395865)

LINESTRING (544869.428697 258537.269395, 544870.635786 258537.616335)

LINESTRING (544869.428697 258537.269395, 544870.608162 258526.395865)

LINESTRING (544869.428697 258537.269395, 544866.673773 258545.191785)

LINESTRING (544870.635786 258537.616335, 544869.428697 258537.269395)

LINESTRING (544866.673773 258545.191785, 544867.648555 258545.531934)

LINESTRING (544866.673773 258545.191785, 544869.428697 258537.269395)

LINESTRING (544866.673773 258545.191785, 544865.666217 258548.078557, 544864.123081 258549.402519, 544862.854514 258549.521269)

LINESTRING (544368.522536 258421.665896, 544364.316824 258474.024003)

LINESTRING (544368.522536 258421.665896, 544369.734355 258390.157178)

LINESTRING (544368.522536 258421.665896, 544362.888811 258421.390499)

LINESTRING (544368.522536 258421.665896, 544374.172642 258425.369991)

LINESTRING (544376.997993 258393.874881, 544369.734355 258390.157178)

LINESTRING (544376.997993 258393.874881, 544374.172642 258425.369991)

LINESTRING (544376.997993 258393.874881, 544377.329138 258390.723446, 544378.633000 258383.994044, 544416.081743 258238.673565, 544416.636545 258236.296658)

LINESTRING (544877.859605 258519.751366, 544875.861548 258518.858165)

LINESTRING (545359.088356 258278.103400, 545351.070436 258282.632198, 545315.616865 258253.053662)

LINESTRING (545359.088356 258278.103400, 545362.970457 258277.716368, 545365.509672 258278.113625, 545368.794798 258281.059420, 545398.432439 258335.901331, 545392.216275 258338.924620, 545399.819757 258353.650923, 545402.721375 258358.477707, 545405.256318 258362.982079)

LINESTRING (545359.088356 258278.103400, 545361.793006 258271.693540, 545363.935376 258270.465211, 545365.768946 258269.506094)

LINESTRING (545315.616865 258253.053662, 545308.815927 258245.229784, 545307.896466 258244.167678, 545301.999992 258249.114928)

LINESTRING (545315.616865 258253.053662, 545351.070436 258282.632198, 545359.088356 258278.103400)

LINESTRING (545315.616865 258253.053662, 545320.250730 258250.584941, 545326.378040 258243.596439)

LINESTRING (545315.616865 258253.053662, 545299.329703 258270.685780, 545279.212825 258297.421879)

LINESTRING (545405.256318 258362.982079, 545402.721375 258358.477707, 545399.819757 258353.650923, 545392.216275 258338.924620, 545398.432439 258335.901331, 545368.794798 258281.059420, 545365.509672 258278.113625, 545362.970457 258277.716368, 545359.088356 258278.103400)

LINESTRING (545405.256318 258362.982079, 545406.785681 258365.631521, 545408.377823 258368.472028, 545409.778972 258371.295801, 545411.722211 258373.823819, 545414.625606 258376.491314)

LINESTRING (545405.256318 258362.982079, 545406.163485 258362.596857, 545412.409570 258359.485418)

LINESTRING (545365.768946 258269.506094, 545369.371440 258275.388561)

LINESTRING (545365.768946 258269.506094, 545352.717193 258248.164302)

LINESTRING (545365.768946 258269.506094, 545363.935376 258270.465211, 545361.793006 258271.693540, 545359.088356 258278.103400)

LINESTRING (545343.369449 258390.629819, 545346.593313 258389.132671)

LINESTRING (545326.378040 258243.596439, 545327.566734 258242.239958)

LINESTRING (545326.378040 258243.596439, 545320.250730 258250.584941, 545315.616865 258253.053662)

LINESTRING (545326.378040 258243.596439, 545319.056072 258237.449130, 545335.805903 258222.936090, 545351.505584 258236.775497)

LINESTRING (544949.115529 258186.057274, 544947.464513 258184.283749, 544945.793960 258181.775032, 544942.165574 258178.864018, 544941.087161 258173.411874, 544936.016009 258170.024583, 544935.629408 258167.575674)

LINESTRING (544935.629408 258167.575674, 544941.810451 258171.362728)

LINESTRING (544935.629408 258167.575674, 544935.866605 258167.181907, 544942.722250 258157.019762, 544945.465179 258153.727391)

LINESTRING (544935.629408 258167.575674, 544936.016009 258170.024583, 544941.087161 258173.411874, 544942.165574 258178.864018, 544945.793960 258181.775032, 544947.464513 258184.283749, 544949.115529 258186.057274)

LINESTRING (544633.956026 258052.856614, 544637.202562 258050.346784)

LINESTRING (544633.956026 258052.856614, 544628.733625 258046.203980, 544623.525978 258037.169838, 544617.705293 258024.533771, 544615.084863 258020.116397, 544612.110802 258016.568024, 544601.339256 258008.128478, 544594.704599 258005.575264)

LINESTRING (544633.956026 258052.856614, 544639.027646 258058.113531, 544653.840599 258069.843317, 544667.107548 258081.349943, 544684.151463 258096.539766, 544691.729316 258100.044478, 544718.617484 258107.630197, 544733.069770 258111.792033)

LINESTRING (544594.704599 258005.575264, 544601.513028 257997.247841)

LINESTRING (544594.704599 258005.575264, 544590.890214 258004.106073)

LINESTRING (544594.704599 258005.575264, 544592.721585 258008.377981, 544588.861559 258016.680107, 544583.405276 258015.463557, 544571.884484 258015.828771, 544556.973703 258018.933450, 544528.878889 258033.006947, 544525.847714 258037.749239, 544525.992391 258042.873520)

LINESTRING (544594.704599 258005.575264, 544601.339256 258008.128478, 544612.110802 258016.568024, 544615.084863 258020.116397, 544617.705293 258024.533771, 544623.525978 258037.169838, 544628.733625 258046.203980, 544633.956026 258052.856614)

LINESTRING (544641.319133 258047.083201, 544637.202562 258050.346784)

LINESTRING (544641.319133 258047.083201, 544644.864909 258051.193675, 544658.617229 258064.584375, 544671.488166 258075.834582, 544673.418160 258077.426931)

LINESTRING (544641.319133 258047.083201, 544637.569578 258041.987293, 544634.842993 258036.286793, 544642.967478 258029.734195)

LINESTRING (544973.829972 259318.197776, 544982.826649 259322.212036, 544988.840924 259323.233946, 545049.038649 259343.016288, 545094.690629 259360.314252)

LINESTRING (544973.829972 259318.197776, 544970.398913 259324.464120, 544969.745689 259325.758424)

LINESTRING (544973.829972 259318.197776, 544960.563965 259307.502681, 544943.372722 259296.125142, 544923.338835 259282.583095, 544904.378706 259270.897959, 544883.366363 259254.333330, 544859.065636 259238.685551, 544851.955911 259237.709697, 544847.113045 259240.818273)

LINESTRING (545094.690629 259360.314252, 545049.038649 259343.016288, 544988.840924 259323.233946, 544982.826649 259322.212036, 544973.829972 259318.197776)

LINESTRING (544847.113045 259240.818273, 544851.955911 259237.709697, 544859.065636 259238.685551, 544883.366363 259254.333330, 544904.378706 259270.897959, 544923.338835 259282.583095, 544943.372722 259296.125142, 544960.563965 259307.502681, 544973.829972 259318.197776)

LINESTRING (545026.542591 259369.694682, 545029.829268 259362.990053)

LINESTRING (545026.542591 259369.694682, 544977.201899 259346.434704)

LINESTRING (544300.523287 258167.645472, 544297.171133 258180.370283)

LINESTRING (544300.523287 258167.645472, 544308.871411 258168.656511)

LINESTRING (544300.523287 258167.645472, 544277.405559 258165.147132, 544267.377145 258164.064981)

LINESTRING (544297.171133 258180.370283, 544300.523287 258167.645472)

LINESTRING (544308.871411 258168.656511, 544300.523287 258167.645472)

LINESTRING (544308.871411 258168.656511, 544364.840807 258175.450838)

LINESTRING (544308.871411 258168.656511, 544309.545145 258161.018306, 544310.894621 258150.606005)

LINESTRING (544369.734355 258390.157178, 544368.522536 258421.665896)

LINESTRING (544369.734355 258390.157178, 544376.997993 258393.874881)

LINESTRING (544369.734355 258390.157178, 544374.645237 258380.972809, 544413.944140 258223.785375)

LINESTRING (544369.734355 258390.157178, 544367.561224 258390.105012, 544360.013591 258389.328651, 544356.461127 258388.501699, 544353.115402 258386.211537, 544350.531128 258382.196055, 544347.708257 258377.450139, 544344.956978 258372.828747, 544339.147953 258368.708231, 544332.962593 258367.882539, 544312.217662 258367.067017)

LINESTRING (544413.944140 258223.785375, 544418.449719 258205.751564)

LINESTRING (544413.944140 258223.785375, 544419.283739 258225.009479)

LINESTRING (544413.944140 258223.785375, 544374.645237 258380.972809, 544369.734355 258390.157178)

LINESTRING (544413.944140 258223.785375, 544408.998583 258222.650670, 544401.761627 258218.243614, 544396.379105 258217.318804)

LINESTRING (544312.217662 258367.067017, 544265.426830 258365.003678)

LINESTRING (544312.217662 258367.067017, 544310.245262 258412.967658)

LINESTRING (544312.217662 258367.067017, 544332.962593 258367.882539, 544339.147953 258368.708231, 544344.956978 258372.828747, 544347.708257 258377.450139, 544350.531128 258382.196055, 544353.115402 258386.211537, 544356.461127 258388.501699, 544360.013591 258389.328651, 544367.561224 258390.105012, 544369.734355 258390.157178)

LINESTRING (544227.149648 258381.988002, 544227.496260 258376.421683, 544228.605883 258373.070285, 544230.381529 258371.741766)

LINESTRING (544230.381529 258371.741766, 544233.941788 258372.301720, 544240.678878 258372.497772)

LINESTRING (544230.381529 258371.741766, 544228.327525 258369.945632, 544228.009964 258365.818089, 544228.558905 258361.994023, 544230.266763 258359.940046, 544233.512790 258358.843534, 544247.525537 258359.529581, 544252.341234 258361.127834, 544253.802328 258364.498391)

LINESTRING (544230.381529 258371.741766, 544228.605883 258373.070285, 544227.496260 258376.421683, 544227.149648 258381.988002)

LINESTRING (544253.802328 258364.498391, 544264.333912 258364.960737, 544265.426830 258365.003678)

LINESTRING (544253.802328 258364.498391, 544252.341234 258361.127834, 544247.525537 258359.529581, 544233.512790 258358.843534, 544230.266763 258359.940046, 544228.558905 258361.994023, 544228.009964 258365.818089, 544228.327525 258369.945632, 544230.381529 258371.741766)

LINESTRING (544253.802328 258364.498391, 544253.440622 258367.292763, 544252.536826 258369.915530, 544251.026716 258371.518902, 544247.320309 258372.691049, 544240.678878 258372.497772)

LINESTRING (544265.426830 258365.003678, 544312.217662 258367.067017)

LINESTRING (544265.426830 258365.003678, 544264.333912 258364.960737, 544253.802328 258364.498391)

LINESTRING (544265.426830 258365.003678, 544265.836911 258350.679464, 544264.793114 258350.593431)

LINESTRING (544240.678878 258372.497772, 544240.050655 258389.620535)

LINESTRING (544240.678878 258372.497772, 544247.320309 258372.691049, 544251.026716 258371.518902, 544252.536826 258369.915530, 544253.440622 258367.292763, 544253.802328 258364.498391)

LINESTRING (544240.678878 258372.497772, 544233.941788 258372.301720, 544230.381529 258371.741766)

LINESTRING (544310.245262 258412.967658, 544312.217662 258367.067017)

LINESTRING (544362.888811 258421.390499, 544368.522536 258421.665896)

LINESTRING (545165.924719 258754.488599, 545162.982928 258755.003486)

LINESTRING (545165.924719 258754.488599, 545168.113429 258768.944645)

LINESTRING (545165.924719 258754.488599, 545163.998458 258742.511247, 545176.105321 258740.294702)

LINESTRING (545162.982928 258755.003486, 545165.924719 258754.488599)

LINESTRING (545168.113429 258768.944645, 545180.976338 258766.594432)

LINESTRING (545168.113429 258768.944645, 545154.604396 258771.409534)

LINESTRING (545168.113429 258768.944645, 545165.924719 258754.488599)

LINESTRING (545176.105321 258740.294702, 545204.576304 258734.561706)

LINESTRING (545176.105321 258740.294702, 545176.549310 258743.112633, 545177.221957 258747.462161)

LINESTRING (545176.105321 258740.294702, 545163.998458 258742.511247, 545165.924719 258754.488599)

LINESTRING (545130.697197 258801.808404, 545128.852821 258802.210749)

LINESTRING (545130.697197 258801.808404, 545133.521534 258821.414277)

LINESTRING (545130.697197 258801.808404, 545136.218640 258799.833016)

LINESTRING (545128.852821 258802.210749, 545130.697197 258801.808404)

LINESTRING (545128.852821 258802.210749, 545126.159627 258802.643891)

LINESTRING (545128.852821 258802.210749, 545128.554887 258799.541799, 545128.348675 258797.710333, 545126.991382 258785.449132)

LINESTRING (545136.218640 258799.833016, 545130.697197 258801.808404)

LINESTRING (545136.218640 258799.833016, 545143.018372 258797.405323)

LINESTRING (545136.218640 258799.833016, 545137.069946 258803.453148)

LINESTRING (545188.103712 258765.356245, 545180.976338 258766.594432)

LINESTRING (545180.976338 258766.594432, 545168.113429 258768.944645)

LINESTRING (545180.976338 258766.594432, 545188.103712 258765.356245)

LINESTRING (545180.976338 258766.594432, 545177.959694 258751.223672, 545177.221957 258747.462161)

LINESTRING (545151.870754 258755.245676, 545153.217085 258763.210133)

LINESTRING (545151.870754 258755.245676, 545143.407174 258756.812093)

LINESTRING (545151.870754 258755.245676, 545151.284284 258751.455209, 545153.490464 258751.074599)

LINESTRING (545153.217085 258763.210133, 545153.712158 258766.151995)

LINESTRING (545153.217085 258763.210133, 545151.870754 258755.245676)

LINESTRING (545153.217085 258763.210133, 545155.527047 258762.788041)

LINESTRING (545143.407174 258756.812093, 545151.870754 258755.245676)

LINESTRING (545143.407174 258756.812093, 545124.211391 258760.357155)

LINESTRING (545143.407174 258756.812093, 545142.774212 258751.807024)

LINESTRING (545153.490464 258751.074599, 545151.284284 258751.455209, 545151.870754 258755.245676)

LINESTRING (545126.159627 258802.643891, 545128.852821 258802.210749)

LINESTRING (545126.991382 258785.449132, 545126.134752 258785.513092)

LINESTRING (545126.991382 258785.449132, 545124.541531 258763.327575, 545124.211391 258760.357155)

LINESTRING (545126.991382 258785.449132, 545128.348675 258797.710333, 545128.554887 258799.541799, 545128.852821 258802.210749)

LINESTRING (545177.221957 258747.462161, 545182.705697 258746.543130)

LINESTRING (545177.221957 258747.462161, 545177.959694 258751.223672, 545180.976338 258766.594432)

LINESTRING (545177.221957 258747.462161, 545176.549310 258743.112633, 545176.105321 258740.294702)

LINESTRING (545182.705697 258746.543130, 545177.221957 258747.462161)

LINESTRING (545154.604396 258771.409534, 545168.113429 258768.944645)

LINESTRING (545154.604396 258771.409534, 545153.712158 258766.151995)

LINESTRING (545154.604396 258771.409534, 545146.934675 258773.188417)

LINESTRING (545154.604396 258771.409534, 545155.414914 258778.289756, 545155.516322 258781.131043, 545154.809925 258783.303091, 545153.694526 258786.832231, 545152.969239 258789.649304, 545153.309082 258793.688554, 545148.576909 258795.564603, 545143.951139 258797.076460, 545143.018372 258797.405323)

LINESTRING (545153.712158 258766.151995, 545154.604396 258771.409534)

LINESTRING (545153.712158 258766.151995, 545153.217085 258763.210133)

LINESTRING (545153.712158 258766.151995, 545150.780116 258767.268229, 545149.078512 258768.865729, 545148.188942 258771.221634, 545146.934675 258773.188417)

LINESTRING (545146.934675 258773.188417, 545154.604396 258771.409534)

LINESTRING (545146.934675 258773.188417, 545144.873572 258774.686343, 545142.825823 258775.728305, 545140.601749 258776.486837)

LINESTRING (545146.934675 258773.188417, 545148.188942 258771.221634, 545149.078512 258768.865729, 545150.780116 258767.268229, 545153.712158 258766.151995)

LINESTRING (545143.018372 258797.405323, 545136.218640 258799.833016)

LINESTRING (545143.018372 258797.405323, 545143.951139 258797.076460, 545148.576909 258795.564603, 545153.309082 258793.688554, 545152.969239 258789.649304, 545153.694526 258786.832231, 545154.809925 258783.303091, 545155.516322 258781.131043, 545155.414914 258778.289756, 545154.604396 258771.409534)

LINESTRING (545143.018372 258797.405323, 545143.810092 258802.359389, 545145.309930 258802.047135)

LINESTRING (545137.069946 258803.453148, 545136.218640 258799.833016)

LINESTRING (545124.211391 258760.357155, 545143.407174 258756.812093)

LINESTRING (545124.211391 258760.357155, 545123.900763 258757.654442)

LINESTRING (545124.211391 258760.357155, 545124.541531 258763.327575, 545126.991382 258785.449132)

LINESTRING (545123.900763 258757.654442, 545124.211391 258760.357155)

LINESTRING (545453.636876 258701.193697, 545456.038917 258680.627910)

LINESTRING (545453.636876 258701.193697, 545448.140144 258721.657531)

LINESTRING (545453.636876 258701.193697, 545458.125951 258702.249296, 545465.291335 258703.450235, 545469.843878 258704.207179, 545487.452164 258707.005845, 545581.084468 258715.498829, 545584.521743 258715.811283, 545589.009561 258716.210254)

LINESTRING (545332.614599 258785.831598, 545336.272292 258810.571040)

LINESTRING (545332.614599 258785.831598, 545311.448444 258789.874688, 545311.400556 258795.705754)

LINESTRING (545332.614599 258785.831598, 545331.975604 258781.505289, 545330.352526 258771.328781)

LINESTRING (545374.321481 258604.879101, 545367.211312 258607.152690)

LINESTRING (545374.321481 258604.879101, 545437.642592 258673.454139)

LINESTRING (545374.321481 258604.879101, 545313.282912 258547.023929)

LINESTRING (545374.321481 258604.879101, 545396.901316 258599.063413, 545413.173694 258598.928629, 545419.496839 258596.910279)

LINESTRING (545542.080582 258303.029807, 545550.591379 258297.558546)

LINESTRING (545542.080582 258303.029807, 545545.000349 258298.385001)

LINESTRING (545542.080582 258303.029807, 545527.240249 258311.888192, 545518.393689 258317.616770)

LINESTRING (545601.944111 258414.180380, 545616.704877 258448.061754, 545617.236702 258449.279493)

LINESTRING (545601.944111 258414.180380, 545554.111416 258305.542437, 545551.867194 258300.456596, 545550.591379 258297.558546)

LINESTRING (545601.944111 258414.180380, 545629.071271 258402.366270, 545632.439656 258398.513843)

LINESTRING (545069.545933 258436.379956, 545068.057878 258422.267278)

LINESTRING (545069.545933 258436.379956, 545072.122334 258449.522733)

LINESTRING (545069.545933 258436.379956, 545065.026303 258434.021546, 545054.483832 258429.961976, 545044.657478 258425.734164)

LINESTRING (545044.657478 258425.734164, 545054.483832 258429.961976, 545065.026303 258434.021546, 545069.545933 258436.379956)

LINESTRING (545104.045884 258464.426180, 545106.684855 258467.252708)

LINESTRING (545104.045884 258464.426180, 545102.793204 258465.869882, 545101.512267 258464.774970, 545099.017741 258462.620512, 545097.917051 258461.675577, 545099.085785 258460.296201)

LINESTRING (545104.045884 258464.426180, 545105.249434 258463.025563, 545100.268511 258458.906103, 545099.085785 258460.296201)

LINESTRING (545096.017338 258456.722482, 545099.085785 258460.296201)

LINESTRING (545096.017338 258456.722482, 545088.698497 258462.151466)

LINESTRING (545099.085785 258460.296201, 545096.017338 258456.722482)

LINESTRING (545099.085785 258460.296201, 545100.268511 258458.906103, 545105.249434 258463.025563, 545104.045884 258464.426180)

LINESTRING (545099.085785 258460.296201, 545097.917051 258461.675577, 545099.017741 258462.620512, 545101.512267 258464.774970, 545102.793204 258465.869882, 545104.045884 258464.426180)

LINESTRING (544827.387184 258837.468947, 544818.460258 258849.051054)

LINESTRING (544827.387184 258837.468947, 544839.640003 258822.522433, 544850.123756 258810.084283, 544851.415636 258808.229837)

LINESTRING (544827.387184 258837.468947, 544832.599890 258841.839790, 544839.076540 258846.715065, 544839.571715 258847.085718)

LINESTRING (545712.577103 258115.088365, 545707.569555 258106.526360, 545705.710126 258107.662687, 545700.180003 258111.061960)

LINESTRING (545301.552037 258735.823398, 545207.931380 258754.016222)

LINESTRING (545207.271112 258749.945316, 545207.389173 258750.816967, 545207.931380 258754.016222)

LINESTRING (545207.271112 258749.945316, 545205.136090 258737.627908, 545204.576304 258734.561706)

LINESTRING (545207.271112 258749.945316, 545215.608467 258748.954103, 545216.683445 258748.206455, 545216.766160 258746.550411, 545213.165640 258730.572593, 545220.442745 258729.127354)

LINESTRING (544705.033993 258500.744737, 544710.475948 258500.324832)

LINESTRING (544764.919160 257934.498959, 544769.264398 257926.455997)

LINESTRING (544764.919160 257934.498959, 544754.844204 257945.769440, 544741.640699 257958.551396, 544733.639026 257966.042399)

LINESTRING (544764.919160 257934.498959, 544770.809533 257934.904720, 544774.808026 257934.988102, 544790.446420 257924.314244, 544812.811039 257910.019120, 544818.000026 257906.575521)

LINESTRING (544769.264398 257926.455997, 544764.919160 257934.498959)

LINESTRING (544769.264398 257926.455997, 544774.489439 257922.712881, 544776.625600 257921.228114)

LINESTRING (544818.000026 257906.575521, 544822.750937 257901.037706, 544828.927305 257899.849083, 544836.674833 257901.533545, 544842.995225 257905.012869, 544848.791156 257910.758651, 544855.977474 257915.732535, 544863.295853 257919.697404)

LINESTRING (544818.000026 257906.575521, 544815.254703 257915.099276, 544816.730771 257916.311109, 544817.146395 257918.237714)

LINESTRING (544818.000026 257906.575521, 544812.811039 257910.019120, 544790.446420 257924.314244, 544774.808026 257934.988102, 544770.809533 257934.904720, 544764.919160 257934.498959)

LINESTRING (545367.211312 258607.152690, 545374.321481 258604.879101)

LINESTRING (545367.211312 258607.152690, 545334.707878 258613.245162)

LINESTRING (545367.211312 258607.152690, 545356.968873 258628.323346, 545345.513436 258647.254575)

LINESTRING (545386.635960 259229.805032, 545468.794154 259246.140776)

LINESTRING (545386.635960 259229.805032, 545383.221509 259229.192840, 545380.298056 259227.459726)

LINESTRING (545386.635960 259229.805032, 545382.046965 259227.277293, 545380.630928 259226.601298, 545380.298056 259227.459726)

LINESTRING (544863.295853 257919.697404, 544857.169044 257931.595073)

LINESTRING (544863.295853 257919.697404, 544866.114843 257921.293545)

LINESTRING (544863.295853 257919.697404, 544855.977474 257915.732535, 544848.791156 257910.758651, 544842.995225 257905.012869, 544836.674833 257901.533545, 544828.927305 257899.849083, 544822.750937 257901.037706, 544818.000026 257906.575521)

LINESTRING (544817.146395 257918.237714, 544836.358668 257927.336173)

LINESTRING (544817.146395 257918.237714, 544816.730771 257916.311109, 544815.254703 257915.099276, 544818.000026 257906.575521)

LINESTRING (544817.146395 257918.237714, 544813.485059 257926.278355, 544814.098774 257926.574548, 544811.965682 257931.231610, 544811.425185 257931.004339, 544810.848963 257932.234134, 544807.182706 257939.039139)

LINESTRING (544807.182706 257939.039139, 544804.277599 257939.922640, 544800.763222 257938.250569, 544796.198033 257947.500316, 544802.300014 257950.260853)

LINESTRING (544807.182706 257939.039139, 544810.848963 257932.234134, 544811.425185 257931.004339, 544811.965682 257931.231610, 544814.098774 257926.574548, 544813.485059 257926.278355, 544817.146395 257918.237714)

LINESTRING (544807.182706 257939.039139, 544813.177913 257940.772554, 544826.841009 257947.616325)

LINESTRING (544802.300014 257950.260853, 544796.198033 257947.500316, 544800.763222 257938.250569, 544804.277599 257939.922640, 544807.182706 257939.039139)

LINESTRING (544826.841009 257947.616325, 544829.654460 257949.167761)

LINESTRING (544826.841009 257947.616325, 544825.778044 257950.056264)

LINESTRING (544826.841009 257947.616325, 544836.358668 257927.336173)

LINESTRING (544826.841009 257947.616325, 544813.177913 257940.772554, 544807.182706 257939.039139)

LINESTRING (544878.282009 257984.470268, 544886.755425 257988.691547)

LINESTRING (544886.755425 257988.691547, 544895.701631 257993.115882)

LINESTRING (544886.755425 257988.691547, 544878.282009 257984.470268)

LINESTRING (544886.755425 257988.691547, 544884.877370 257992.576892, 544884.550045 257993.246292)

LINESTRING (544836.358668 257927.336173, 544826.841009 257947.616325)

LINESTRING (544836.358668 257927.336173, 544837.934776 257924.421482)

LINESTRING (544836.358668 257927.336173, 544817.146395 257918.237714)

LINESTRING (544857.169044 257931.595073, 544863.295853 257919.697404)

LINESTRING (544866.114843 257921.293545, 544863.295853 257919.697404)

LINESTRING (544866.114843 257921.293545, 544864.736219 257923.768775, 544857.976298 257938.608682)

LINESTRING (544905.678735 257976.310901, 544886.620031 257967.116471)

LINESTRING (544905.678735 257976.310901, 544895.701631 257993.115882)

LINESTRING (544905.678735 257976.310901, 544909.837996 257978.380342, 544914.145310 257980.532028)

LINESTRING (544886.620031 257967.116471, 544905.678735 257976.310901)

LINESTRING (544895.701631 257993.115882, 544905.678735 257976.310901)

LINESTRING (544895.701631 257993.115882, 544897.115492 257993.880698)

LINESTRING (544895.701631 257993.115882, 544886.755425 257988.691547)

LINESTRING (544897.115492 257993.880698, 544895.701631 257993.115882)

LINESTRING (544829.654460 257949.167761, 544826.841009 257947.616325)

LINESTRING (544825.778044 257950.056264, 544826.841009 257947.616325)

LINESTRING (544837.934776 257924.421482, 544836.358668 257927.336173)

LINESTRING (544917.217277 257976.982122, 544914.145310 257980.532028)

LINESTRING (544917.217277 257976.982122, 544930.864656 257961.197196)

LINESTRING (544917.217277 257976.982122, 544922.320214 257980.459357, 544923.340669 257981.112504, 544933.107222 257987.419702)

LINESTRING (545545.000349 258298.385001, 545536.027158 258130.471201)

LINESTRING (545545.000349 258298.385001, 545542.080582 258303.029807)

LINESTRING (545545.000349 258298.385001, 545535.525144 258303.861347, 545476.696763 258336.528184, 545473.315840 258336.150688)

LINESTRING (544372.600804 257966.066206, 544319.502300 257963.941269)

LINESTRING (544316.304409 257984.517599, 544308.023211 258037.814457)

LINESTRING (544316.304409 257984.517599, 544319.502300 257963.941269)

LINESTRING (544316.304409 257984.517599, 544313.633855 257984.161589)

LINESTRING (544681.001779 257922.332053, 544693.385394 257916.783151)

LINESTRING (544347.492887 257898.006326, 544399.340475 257901.542064)

LINESTRING (544347.492887 257898.006326, 544312.897515 257896.219956)

LINESTRING (544347.492887 257898.006326, 544347.149974 257905.320244, 544345.816320 257936.324516)

LINESTRING (544312.897515 257896.219956, 544347.492887 257898.006326)

LINESTRING (544312.897515 257896.219956, 544276.328892 257894.320746)

LINESTRING (544312.897515 257896.219956, 544313.236017 257890.230445, 544313.271028 257887.148303)

LINESTRING (544345.816320 257936.324516, 544373.320303 257937.604072)

LINESTRING (544345.816320 257936.324516, 544347.149974 257905.320244, 544347.492887 257898.006326)

LINESTRING (544345.816320 257936.324516, 544323.140273 257935.296975, 544313.670194 257932.639339, 544271.727324 257926.944013, 544276.328892 257894.320746)

LINESTRING (544373.320303 257937.604072, 544345.816320 257936.324516)

LINESTRING (544602.406187 258593.695168, 544558.441108 258597.510440)

LINESTRING (544602.406187 258593.695168, 544599.928290 258597.763453, 544597.968058 258602.136238, 544597.020634 258606.249176, 544597.027442 258610.000384)

LINESTRING (544602.406187 258593.695168, 544606.220281 258593.283312, 544619.571076 258591.791795)

LINESTRING (544602.406187 258593.695168, 544601.668384 258590.857602, 544598.636291 258569.153532)

LINESTRING (544558.441108 258597.510440, 544602.406187 258593.695168)

LINESTRING (544558.441108 258597.510440, 544556.857623 258597.642344)

LINESTRING (544558.441108 258597.510440, 544560.348744 258568.915952)

LINESTRING (544597.027442 258610.000384, 544607.444785 258608.267425)

LINESTRING (544597.027442 258610.000384, 544597.020634 258606.249176, 544597.968058 258602.136238, 544599.928290 258597.763453, 544602.406187 258593.695168)

LINESTRING (544597.027442 258610.000384, 544597.346444 258611.957544, 544608.428440 258668.534893)

LINESTRING (544619.571076 258591.791795, 544606.220281 258593.283312, 544602.406187 258593.695168)

LINESTRING (544619.571076 258591.791795, 544614.965606 258561.204112, 544655.018627 258556.952356, 544657.936559 258577.873997)

LINESTRING (544619.571076 258591.791795, 544620.974707 258601.104537, 544639.603637 258598.709687)

LINESTRING (544598.636291 258569.153532, 544560.348744 258568.915952)

LINESTRING (544598.636291 258569.153532, 544597.681029 258560.877895, 544596.869707 258546.262022, 544598.663704 258541.962301)

LINESTRING (544598.636291 258569.153532, 544601.668384 258590.857602, 544602.406187 258593.695168)

LINESTRING (544947.213167 258155.225485, 544951.613901 258149.966952)

LINESTRING (544947.213167 258155.225485, 544956.100490 258162.820450, 544970.203654 258168.620116, 545001.450585 258180.308519)

LINESTRING (544949.763413 258148.232116, 544945.465179 258153.727391)

LINESTRING (544974.646946 258504.906071, 545023.383041 258522.716157)

LINESTRING (544928.741992 258988.658588, 544942.454660 258997.441012, 544966.662046 258972.838035)

LINESTRING (544476.228071 258963.780316, 544469.245238 258970.633533)

LINESTRING (544469.245238 258970.633533, 544476.228071 258963.780316)

LINESTRING (544469.245238 258970.633533, 544462.349005 258965.134335)

LINESTRING (544469.245238 258970.633533, 544468.456719 258971.411948, 544451.152229 258994.103641)

LINESTRING (544890.953819 259040.201467, 544916.299134 259022.732879)

LINESTRING (544890.953819 259040.201467, 544887.467932 259038.752739, 544879.877887 259027.066280)

LINESTRING (544890.953819 259040.201467, 544900.850053 259052.523042, 544876.068447 259072.701793, 544875.302413 259078.790113)

LINESTRING (544712.713619 259003.059456, 544718.689295 258997.690919)

LINESTRING (544718.689295 258997.690919, 544712.713619 259003.059456)

LINESTRING (544718.689295 258997.690919, 544722.158126 258994.809218, 544732.330601 258997.221123, 544738.393728 259004.076576, 544746.252760 259013.589057, 544756.399840 259032.317755, 544745.267510 259039.594787)

LINESTRING (544718.689295 258997.690919, 544702.487463 258976.025116, 544701.063724 258974.202645)

LINESTRING (544852.837508 258974.340296, 544852.942147 258983.392553, 544856.239147 258988.497708, 544862.983759 258998.935042, 544865.548076 259002.905723)

LINESTRING (544542.054699 258968.716266, 544579.287149 258933.060287, 544587.763296 258924.013535)

LINESTRING (544542.054699 258968.716266, 544541.303307 258970.096804, 544538.886890 258975.346747, 544531.289732 259000.447263, 544527.796068 259004.419166, 544526.979892 259005.207896)

LINESTRING (544542.054699 258968.716266, 544539.716335 258966.132548, 544529.409318 258955.903447, 544558.772456 258930.057611)

LINESTRING (544587.763296 258924.013535, 544579.287149 258933.060287, 544542.054699 258968.716266)

LINESTRING (544558.772456 258930.057611, 544529.409318 258955.903447, 544539.716335 258966.132548, 544542.054699 258968.716266)

LINESTRING (544934.623895 259321.503096, 544938.339553 259316.024199)

LINESTRING (544934.623895 259321.503096, 544929.386463 259329.219266, 544916.321266 259351.398943)

LINESTRING (544934.623895 259321.503096, 544941.467711 259325.253958, 544965.959363 259339.961656, 544971.477193 259342.293568)

LINESTRING (544934.623895 259321.503096, 544929.108950 259317.668676, 544907.968415 259303.626833, 544887.219426 259288.817392, 544868.529206 259274.212932, 544849.532793 259261.425020, 544845.820589 259257.431915)

LINESTRING (544745.267510 259039.594787, 544729.849476 259021.068346)

LINESTRING (544745.267510 259039.594787, 544755.569915 259055.345018, 544754.654815 259056.242128, 544753.458647 259057.398162, 544753.828578 259058.310548)

LINESTRING (544745.267510 259039.594787, 544756.399840 259032.317755, 544746.252760 259013.589057, 544738.393728 259004.076576, 544732.330601 258997.221123, 544722.158126 258994.809218, 544718.689295 258997.690919)

LINESTRING (544745.267510 259039.594787, 544742.919064 259041.340481, 544730.761806 259051.403652)

LINESTRING (544941.810451 258171.362728, 544935.629408 258167.575674)

LINESTRING (544965.309756 258295.032160, 544961.848400 258293.428294, 544961.556833 258290.770679)

LINESTRING (544963.077061 258297.482383, 544959.416889 258294.726250)

LINESTRING (545091.370366 258012.240363, 545089.073421 258011.271553, 545086.613453 258010.264580)

LINESTRING (545167.529800 258036.330661, 545150.083742 258028.373389)

LINESTRING (545167.529800 258036.330661, 545156.065670 258059.747730, 545152.289547 258058.145650, 545151.398636 258057.741121)

LINESTRING (545167.529800 258036.330661, 545174.624569 258039.510317, 545175.234387 258038.303806, 545181.218602 258040.872154)

LINESTRING (545152.596022 258031.797274, 545153.184033 258030.634645, 545149.675680 258029.229630, 545150.083742 258028.373389)

LINESTRING (545151.398636 258057.741121, 545150.612780 258059.354313)

LINESTRING (545151.398636 258057.741121, 545150.399696 258057.288906, 545148.367324 258056.394597)

LINESTRING (545151.398636 258057.741121, 545152.289547 258058.145650, 545156.065670 258059.747730, 545167.529800 258036.330661)

LINESTRING (545181.218602 258040.872154, 545175.234387 258038.303806, 545174.624569 258039.510317, 545167.529800 258036.330661)

LINESTRING (545148.367324 258056.394597, 545150.399696 258057.288906, 545151.398636 258057.741121)

LINESTRING (545150.612780 258059.354313, 545151.398636 258057.741121)

LINESTRING (545150.612780 258059.354313, 545147.631255 258057.942464)

LINESTRING (545150.612780 258059.354313, 545155.179268 258061.291194)

LINESTRING (545147.631255 258057.942464, 545150.612780 258059.354313)

LINESTRING (545155.179268 258061.291194, 545150.612780 258059.354313)

LINESTRING (545065.451769 258074.113857, 545061.314450 258072.234142)

LINESTRING (545062.232267 258092.051260, 545060.947295 258094.595962)

LINESTRING (545080.701703 258152.196321, 545080.053849 258153.535296)

LINESTRING (545082.786087 258184.725384, 545086.051380 258177.842050)

LINESTRING (545082.786087 258184.725384, 545081.649500 258187.107464, 545080.789172 258188.696225)

LINESTRING (545082.786087 258184.725384, 545085.087504 258185.772241, 545088.488810 258178.915151)

LINESTRING (545088.488810 258178.915151, 545086.051380 258177.842050)

LINESTRING (545088.488810 258178.915151, 545089.216687 258179.281506)

LINESTRING (545088.488810 258178.915151, 545085.087504 258185.772241, 545082.786087 258184.725384)

LINESTRING (545089.216687 258179.281506, 545088.488810 258178.915151)

LINESTRING (545043.788119 258249.321596, 545049.749119 258235.616133, 545047.759431 258234.667459)

LINESTRING (545043.788119 258249.321596, 545040.481937 258253.866324, 545038.767174 258260.349828)

LINESTRING (545043.788119 258249.321596, 545057.605068 258235.679069, 545060.068185 258235.873589, 545076.456604 258230.643211)

LINESTRING (545047.759431 258234.667459, 545049.749119 258235.616133, 545043.788119 258249.321596)

LINESTRING (545038.767174 258260.349828, 545027.676677 258270.332283, 545018.231650 258282.043627)

LINESTRING (545038.767174 258260.349828, 545040.481937 258253.866324, 545043.788119 258249.321596)

LINESTRING (544873.392023 258315.808068, 544871.577502 258318.693515)

LINESTRING (544865.323072 258315.082486, 544852.195964 258307.486207)

LINESTRING (544865.323072 258315.082486, 544863.431126 258318.277331, 544858.443217 258330.297315, 544856.996094 258334.417871)

LINESTRING (544285.596777 257980.529422, 544297.230126 257981.936573, 544308.286236 257983.438254)

LINESTRING (544308.286236 257983.438254, 544297.230126 257981.936573, 544285.596777 257980.529422)

LINESTRING (544308.286236 257983.438254, 544309.505834 257983.596193, 544313.633855 257984.161589)

LINESTRING (544308.286236 257983.438254, 544308.759192 257980.112857, 544307.002030 257979.861355, 544307.168122 257978.619569, 544307.271812 257977.876840, 544310.984303 257978.385615, 544311.790094 257972.554404)

LINESTRING (544313.633855 257984.161589, 544316.304409 257984.517599)

LINESTRING (544313.633855 257984.161589, 544309.505834 257983.596193, 544308.286236 257983.438254)

LINESTRING (544313.633855 257984.161589, 544309.257775 258013.730498, 544307.863759 258013.456174)

LINESTRING (544307.863759 258013.456174, 544309.257775 258013.730498, 544313.633855 257984.161589)

LINESTRING (544308.023211 258037.814457, 544316.304409 257984.517599)

LINESTRING (544308.023211 258037.814457, 544303.108973 258069.426855, 544302.226567 258074.131651, 544301.717409 258076.821553, 544266.329562 258076.459351, 544264.468902 258082.115170, 544258.691775 258086.989178)

LINESTRING (544308.023211 258037.814457, 544304.154573 258037.267746, 544232.868880 258027.257006, 544230.023270 258026.806903)

LINESTRING (545083.980038 257884.556101, 545082.897085 257886.739401, 545079.146785 257894.064904)

LINESTRING (545079.146785 257894.064904, 545068.649906 257914.349374)

LINESTRING (545079.146785 257894.064904, 545082.897085 257886.739401, 545083.980038 257884.556101)

LINESTRING (545068.649906 257914.349374, 545086.120562 257924.054562)

LINESTRING (545068.649906 257914.349374, 545079.146785 257894.064904)

LINESTRING (545068.649906 257914.349374, 545068.275367 257914.995120, 545063.631917 257912.410500, 545059.746622 257919.442668)

LINESTRING (544996.700897 257900.089757, 544991.831215 257894.949678)

LINESTRING (544996.700897 257900.089757, 545018.209650 257913.908703, 545062.427519 257942.350031)

LINESTRING (545034.627674 257902.557166, 545052.331744 257915.040584, 545059.746622 257919.442668)

LINESTRING (545059.746622 257919.442668, 545063.631917 257912.410500, 545068.275367 257914.995120, 545068.649906 257914.349374)

LINESTRING (545059.746622 257919.442668, 545052.331744 257915.040584, 545034.627674 257902.557166)

LINESTRING (545059.746622 257919.442668, 545071.752861 257926.572562, 545064.319721 257939.155260, 545062.427519 257942.350031)

LINESTRING (545086.120562 257924.054562, 545068.649906 257914.349374)

LINESTRING (545092.835456 257929.471359, 545088.560949 257936.948471, 545093.163364 257939.531915)

LINESTRING (545093.163364 257939.531915, 545089.603445 257946.195143)

LINESTRING (545093.163364 257939.531915, 545088.560949 257936.948471, 545092.835456 257929.471359)

LINESTRING (545093.163364 257939.531915, 545096.568625 257942.826076, 545107.747935 257948.763142, 545110.130485 257949.845772)

LINESTRING (545089.603445 257946.195143, 545093.163364 257939.531915)

LINESTRING (545110.130485 257949.845772, 545108.336198 257953.199222, 545106.274106 257957.056842)

LINESTRING (545110.130485 257949.845772, 545107.747935 257948.763142, 545096.568625 257942.826076, 545093.163364 257939.531915)

LINESTRING (544856.996094 258334.417871, 544858.443217 258330.297315, 544863.431126 258318.277331, 544865.323072 258315.082486)

LINESTRING (544831.807653 258296.794961, 544825.214458 258293.307654, 544804.050861 258287.146294)

LINESTRING (544831.807653 258296.794961, 544832.941092 258292.409228, 544836.152201 258274.493731, 544839.313660 258259.682225)

LINESTRING (544848.544205 258295.313907, 544849.493894 258293.004232)

LINESTRING (544848.544205 258295.313907, 544847.465683 258298.053912, 544846.391664 258299.235763, 544844.139241 258303.299398)

LINESTRING (544848.544205 258295.313907, 544846.464396 258294.874689, 544844.908970 258291.000305, 544841.981208 258289.857343, 544840.035703 258287.396280, 544839.223430 258283.599268, 544841.508041 258269.775026)

LINESTRING (544837.928044 258326.525570, 544844.863134 258329.544271)

LINESTRING (544837.928044 258326.525570, 544834.254088 258339.452159, 544833.168869 258345.464370, 544833.683330 258346.815076, 544832.929286 258351.323200, 544832.030232 258358.687655)

LINESTRING (544837.928044 258326.525570, 544838.241004 258325.176781, 544837.590648 258317.945141, 544838.425402 258313.717641, 544842.604239 258306.449027, 544844.139241 258303.299398)

LINESTRING (544849.493894 258293.004232, 544848.544205 258295.313907)

LINESTRING (545696.158692 258639.173461, 545663.220395 258637.248031)

LINESTRING (545696.158692 258639.173461, 545695.849417 258631.317221, 545688.836931 258606.534480, 545671.854427 258560.098887, 545657.283480 258530.953435, 545622.585651 258460.411512)

LINESTRING (544215.242219 259043.074647, 544206.869926 259044.589630)

LINESTRING (544215.242219 259043.074647, 544256.601322 259034.439044, 544291.305817 259023.984947)

LINESTRING (544206.869926 259044.589630, 544215.242219 259043.074647)

LINESTRING (544206.869926 259044.589630, 544204.911579 259034.581922)

LINESTRING (544299.296473 259014.444981, 544301.558182 259019.664294)

LINESTRING (544299.296473 259014.444981, 544287.718305 259015.688392)

LINESTRING (544299.296473 259014.444981, 544345.694307 258992.700316, 544363.517852 258983.391217, 544370.108941 258977.539329, 544372.030289 258974.489873, 544372.290918 258972.115523)

LINESTRING (544287.718305 259015.688392, 544291.305817 259023.984947)

LINESTRING (544287.718305 259015.688392, 544299.296473 259014.444981)

LINESTRING (544287.718305 259015.688392, 544283.693171 259016.550685, 544255.637338 259022.690499, 544204.911579 259034.581922)

LINESTRING (544204.911579 259034.581922, 544206.869926 259044.589630)

LINESTRING (544204.911579 259034.581922, 544255.637338 259022.690499, 544283.693171 259016.550685, 544287.718305 259015.688392)

LINESTRING (544204.911579 259034.581922, 544204.506885 259032.510993, 544198.663352 259002.577839)

LINESTRING (545228.373133 257891.967473, 545230.222680 257893.034546)

LINESTRING (545230.222680 257893.034546, 545224.829825 257901.324716)

LINESTRING (545230.222680 257893.034546, 545236.066585 257884.056365)

LINESTRING (545230.222680 257893.034546, 545228.373133 257891.967473)

LINESTRING (545222.049005 257899.595917, 545224.829825 257901.324716)

LINESTRING (545209.240546 257919.856923, 545211.887948 257921.470500)

LINESTRING (545203.635816 257931.413315, 545205.045417 257932.322794)

LINESTRING (545205.045417 257932.322794, 545199.687780 257940.814371)

LINESTRING (545205.045417 257932.322794, 545211.887948 257921.470500)

LINESTRING (545205.045417 257932.322794, 545203.635816 257931.413315)

LINESTRING (545198.179249 257940.247046, 545199.687780 257940.814371)

LINESTRING (545176.886061 257967.427744, 545177.759093 257967.742709)

LINESTRING (545177.759093 257967.742709, 545185.695772 257970.435023)

LINESTRING (545177.759093 257967.742709, 545187.052531 257952.832696)

LINESTRING (545177.759093 257967.742709, 545171.458172 257977.854022)

LINESTRING (545177.759093 257967.742709, 545176.886061 257967.427744)

LINESTRING (545175.882371 257985.819557, 545178.269577 257982.071661)

LINESTRING (545178.269577 257982.071661, 545185.695772 257970.435023)

LINESTRING (545178.269577 257982.071661, 545171.458172 257977.854022)

LINESTRING (545178.269577 257982.071661, 545199.371415 257995.278462)

LINESTRING (545178.269577 257982.071661, 545175.882371 257985.819557)

LINESTRING (545198.115008 257997.078217, 545199.371415 257995.278462)

LINESTRING (545143.069494 257935.549990, 545144.178156 257934.124338, 545151.053104 257938.043268)

LINESTRING (545151.053104 257938.043268, 545154.220002 257932.659725)

LINESTRING (545151.053104 257938.043268, 545144.178156 257934.124338, 545143.069494 257935.549990)

LINESTRING (545151.053104 257938.043268, 545138.529083 257959.347917, 545130.177530 257972.693908)

LINESTRING (545221.547476 258011.733585, 545222.698458 258010.030923)

LINESTRING (545240.823218 258026.801550, 545241.835564 258025.629101)

LINESTRING (545241.835564 258025.629101, 545243.200691 258023.153573)

LINESTRING (545241.835564 258025.629101, 545240.823218 258026.801550)

LINESTRING (545241.835564 258025.629101, 545248.844673 258030.097510, 545249.690663 258030.868052, 545249.105571 258031.696837, 545242.154725 258042.746257)

LINESTRING (545313.130627 257916.534456, 545307.405045 257913.305695)

LINESTRING (545257.596415 258015.939766, 545256.838605 258015.194068, 545251.899656 258010.329951)

LINESTRING (545251.899656 258010.329951, 545243.200691 258023.153573)

LINESTRING (545251.899656 258010.329951, 545258.907491 257999.671785)

LINESTRING (545251.899656 258010.329951, 545256.838605 258015.194068, 545257.596415 258015.939766)

LINESTRING (545270.011458 257988.566001, 545268.661429 257987.725031)

LINESTRING (545275.737553 257979.406324, 545274.560299 257978.737376)

LINESTRING (545274.560299 257978.737376, 545281.419183 257968.264094)

LINESTRING (545274.560299 257978.737376, 545268.661429 257987.725031)

LINESTRING (545274.560299 257978.737376, 545275.737553 257979.406324)

LINESTRING (545283.576504 257969.562822, 545281.419183 257968.264094)

LINESTRING (545295.478513 257951.067465, 545293.169235 257949.586189)

LINESTRING (545300.445623 257940.271624, 545299.186037 257939.611388)

LINESTRING (545215.404515 257883.606894, 545209.898115 257891.804708)

LINESTRING (545209.898115 257891.804708, 545204.292852 257888.201153)

LINESTRING (545209.898115 257891.804708, 545215.404515 257883.606894)

LINESTRING (545209.898115 257891.804708, 545207.750683 257895.069867, 545209.074710 257896.099277)

LINESTRING (545204.292852 257888.201153, 545209.898115 257891.804708)

LINESTRING (545204.292852 257888.201153, 545200.339031 257894.296241)

LINESTRING (545200.339031 257894.296241, 545204.292852 257888.201153)

LINESTRING (545200.339031 257894.296241, 545196.577199 257900.608436)

LINESTRING (545209.074710 257896.099277, 545207.750683 257895.069867, 545209.898115 257891.804708)

LINESTRING (545196.577199 257900.608436, 545203.583939 257904.698258)

LINESTRING (545196.577199 257900.608436, 545200.339031 257894.296241)

LINESTRING (545196.577199 257900.608436, 545191.081882 257909.830612)

LINESTRING (545203.583939 257904.698258, 545196.577199 257900.608436)

LINESTRING (545191.081882 257909.830612, 545197.856284 257913.679879)

LINESTRING (545191.081882 257909.830612, 545196.577199 257900.608436)

LINESTRING (545191.081882 257909.830612, 545181.181122 257926.325646)

LINESTRING (545197.856284 257913.679879, 545191.081882 257909.830612)

LINESTRING (545181.181122 257926.325646, 545191.081882 257909.830612)

LINESTRING (545181.181122 257926.325646, 545171.244297 257943.120168)

LINESTRING (545181.181122 257926.325646, 545188.741326 257930.899145, 545198.079436 257916.101764)

LINESTRING (545198.079436 257916.101764, 545188.741326 257930.899145, 545181.181122 257926.325646)

LINESTRING (545127.930621 257916.518605, 545110.130485 257949.845772)

LINESTRING (545127.930621 257916.518605, 545129.550121 257917.500990, 545154.220002 257932.659725)

LINESTRING (545154.220002 257932.659725, 545171.244297 257943.120168)

LINESTRING (545154.220002 257932.659725, 545151.053104 257938.043268)

LINESTRING (545154.220002 257932.659725, 545129.550121 257917.500990, 545127.930621 257916.518605)

LINESTRING (545171.244297 257943.120168, 545176.337027 257946.241191)

LINESTRING (545171.244297 257943.120168, 545154.220002 257932.659725)

LINESTRING (545171.244297 257943.120168, 545181.181122 257926.325646)

LINESTRING (545130.177530 257972.693908, 545150.872776 257986.244772)

LINESTRING (545130.177530 257972.693908, 545108.096640 257958.345692, 545106.274106 257957.056842)

LINESTRING (545130.177530 257972.693908, 545138.529083 257959.347917, 545151.053104 257938.043268)

LINESTRING (545176.337027 257946.241191, 545187.052531 257952.832696)

LINESTRING (545176.337027 257946.241191, 545171.244297 257943.120168)

LINESTRING (545176.337027 257946.241191, 545159.826356 257972.660438, 545150.872776 257986.244772)

LINESTRING (545150.872776 257986.244772, 545160.878861 257992.770928)

LINESTRING (545150.872776 257986.244772, 545130.177530 257972.693908)

LINESTRING (545150.872776 257986.244772, 545159.826356 257972.660438, 545176.337027 257946.241191)

LINESTRING (545185.695772 257970.435023, 545177.759093 257967.742709)

LINESTRING (545185.695772 257970.435023, 545178.269577 257982.071661)

LINESTRING (545185.695772 257970.435023, 545194.096938 257957.268661)

LINESTRING (545314.927939 257962.311862, 545316.092177 257962.958176, 545313.238534 257967.215479, 545309.447339 257973.126030)

LINESTRING (545309.447339 257973.126030, 545301.837515 257968.617668)

LINESTRING (545309.447339 257973.126030, 545286.098973 258009.506741, 545282.747170 258014.428429)

LINESTRING (545309.447339 257973.126030, 545313.238534 257967.215479, 545316.092177 257962.958176, 545314.927939 257962.311862)

LINESTRING (545106.274106 257957.056842, 545103.568041 257962.119983)

LINESTRING (545106.274106 257957.056842, 545108.096640 257958.345692, 545130.177530 257972.693908)

LINESTRING (545301.837515 257968.617668, 545309.447339 257973.126030)

LINESTRING (545171.458172 257977.854022, 545178.269577 257982.071661)

LINESTRING (545171.458172 257977.854022, 545177.759093 257967.742709)

LINESTRING (545171.458172 257977.854022, 545169.592274 257980.849174, 545168.805804 257980.380917, 545168.220750 257980.040995, 545167.951634 257980.589646, 545160.878861 257992.770928)

LINESTRING (545160.878861 257992.770928, 545150.872776 257986.244772)

LINESTRING (545160.878861 257992.770928, 545172.864588 258000.590581, 545187.109125 258009.745316, 545188.487212 258019.202200, 545192.544345 258025.687758, 545196.577184 258028.332537, 545201.218837 258030.739148, 545207.496601 258031.924796, 545213.327010 258031.338706, 545219.514678 258031.397535, 545225.177781 258032.320325, 545231.291441 258036.072375)

LINESTRING (545160.878861 257992.770928, 545167.951634 257980.589646, 545168.220750 257980.040995, 545168.805804 257980.380917, 545169.592274 257980.849174, 545171.458172 257977.854022)

LINESTRING (545231.291441 258036.072375, 545242.154725 258042.746257)

LINESTRING (545231.291441 258036.072375, 545225.177781 258032.320325, 545219.514678 258031.397535, 545213.327010 258031.338706, 545207.496601 258031.924796, 545201.218837 258030.739148, 545196.577184 258028.332537, 545192.544345 258025.687758, 545188.487212 258019.202200, 545187.109125 258009.745316, 545172.864588 258000.590581, 545160.878861 257992.770928)

LINESTRING (545231.291441 258036.072375, 545226.215050 258043.136309, 545224.407741 258045.298359)

LINESTRING (545243.200691 258023.153573, 545241.835564 258025.629101)

LINESTRING (545243.200691 258023.153573, 545251.899656 258010.329951)

LINESTRING (545243.200691 258023.153573, 545222.698458 258010.030923)

LINESTRING (545242.154725 258042.746257, 545231.291441 258036.072375)

LINESTRING (545242.154725 258042.746257, 545250.753964 258048.029276)

LINESTRING (545242.154725 258042.746257, 545249.105571 258031.696837, 545249.690663 258030.868052, 545248.844673 258030.097510, 545241.835564 258025.629101)

LINESTRING (545348.124514 257970.508893, 545361.546918 257948.685674)

LINESTRING (545348.124514 257970.508893, 545343.152192 257980.080167, 545332.608526 257999.594736, 545310.618887 258030.917332)

LINESTRING (545348.124514 257970.508893, 545362.175272 257979.035142, 545370.617016 257984.324881, 545379.108906 257988.836960)

LINESTRING (545243.148086 258059.961082, 545249.492335 258050.006955, 545250.753964 258048.029276)

LINESTRING (545236.066585 257884.056365, 545230.222680 257893.034546)

LINESTRING (545178.666295 258526.805897, 545157.555808 258541.525610)

LINESTRING (545178.666295 258526.805897, 545167.015691 258510.391986)

LINESTRING (545178.666295 258526.805897, 545179.659572 258528.148409, 545184.682544 258535.263332, 545187.223785 258539.088803)

LINESTRING (545178.666295 258526.805897, 545184.764693 258522.187223, 545193.164122 258515.821668)

LINESTRING (545093.966688 258573.255915, 545093.494016 258569.546704, 545093.142994 258567.521782)

LINESTRING (545093.966688 258573.255915, 545095.160420 258573.357646, 545094.175052 258582.956804)

LINESTRING (545093.966688 258573.255915, 545090.174333 258572.922282, 545090.368799 258560.673138, 545101.176010 258554.511490, 545106.558386 258555.659697, 545112.149412 258566.731423)

LINESTRING (545084.124887 258614.418313, 545089.600905 258615.402287, 545096.616163 258616.832032, 545095.553961 258596.821431, 545093.219305 258592.011429, 545086.493207 258593.083419, 545085.931139 258602.939844, 545084.124887 258614.418313)

LINESTRING (545084.124887 258614.418313, 545085.931139 258602.939844, 545086.493207 258593.083419, 545093.219305 258592.011429, 545095.553961 258596.821431, 545096.616163 258616.832032, 545089.600905 258615.402287, 545084.124887 258614.418313)

LINESTRING (545084.124887 258614.418313, 545070.308734 258613.579789, 545060.828568 258613.191000)

LINESTRING (545155.622170 258613.851587, 545155.918184 258615.652291)

LINESTRING (545155.622170 258613.851587, 545165.272901 258611.919248)

LINESTRING (545155.622170 258613.851587, 545154.963801 258609.246477, 545157.117665 258608.786419, 545154.939861 258594.887239, 545150.749346 258592.738732)

LINESTRING (545155.918184 258615.652291, 545152.199363 258616.311390)

LINESTRING (545155.918184 258615.652291, 545155.622170 258613.851587)

LINESTRING (545155.918184 258615.652291, 545156.334242 258617.790431, 545156.480942 258618.852139)

LINESTRING (545152.199363 258616.311390, 545155.918184 258615.652291)

LINESTRING (545152.199363 258616.311390, 545153.174199 258624.120265)

LINESTRING (545152.199363 258616.311390, 545145.991576 258617.198127, 545141.002604 258616.862801, 545124.037642 258617.534727)

LINESTRING (545156.480942 258618.852139, 545157.873789 258618.692582)

LINESTRING (545156.480942 258618.852139, 545156.605524 258619.735109, 545158.533229 258639.837870)

LINESTRING (545156.480942 258618.852139, 545156.334242 258617.790431, 545155.918184 258615.652291)

LINESTRING (545124.037642 258617.534727, 545113.566775 258617.350571)

LINESTRING (545124.037642 258617.534727, 545141.002604 258616.862801, 545145.991576 258617.198127, 545152.199363 258616.311390)

LINESTRING (545124.037642 258617.534727, 545123.574200 258635.230015, 545123.274760 258639.617852)

LINESTRING (545113.566775 258617.350571, 545103.786309 258617.175519)

LINESTRING (545113.566775 258617.350571, 545124.037642 258617.534727)

LINESTRING (545113.566775 258617.350571, 545111.937729 258644.495040)

LINESTRING (545123.274760 258639.617852, 545122.938866 258644.550024)

LINESTRING (545123.274760 258639.617852, 545123.574200 258635.230015, 545124.037642 258617.534727)

LINESTRING (545123.274760 258639.617852, 545128.688952 258639.676216, 545132.868760 258639.620524, 545150.780096 258639.087655)

LINESTRING (545103.786309 258617.175519, 545113.566775 258617.350571)

LINESTRING (545122.938866 258644.550024, 545123.274760 258639.617852)

LINESTRING (545122.938866 258644.550024, 545111.937729 258644.495040)

LINESTRING (545122.938866 258644.550024, 545122.484374 258668.244993, 545124.684606 258672.505675)

LINESTRING (545111.937729 258644.495040, 545122.938866 258644.550024)

LINESTRING (545111.937729 258644.495040, 545106.287990 258644.307360)

LINESTRING (545111.937729 258644.495040, 545113.566775 258617.350571)

LINESTRING (545124.684606 258672.505675, 545125.677519 258674.560528, 545125.868211 258685.095704, 545125.860534 258692.130049)

LINESTRING (545124.684606 258672.505675, 545122.484374 258668.244993, 545122.938866 258644.550024)

LINESTRING (545124.684606 258672.505675, 545104.675897 258671.574764, 545106.287990 258644.307360)

LINESTRING (545179.110081 258693.511538, 545186.372175 258694.214025)

LINESTRING (545179.110081 258693.511538, 545176.265235 258693.283505, 545171.667412 258692.903949, 545159.248185 258692.707140, 545153.007988 258692.602287, 545125.860534 258692.130049)

LINESTRING (545179.110081 258693.511538, 545181.944576 258683.821857, 545183.900456 258678.681138)

LINESTRING (544808.742201 258632.387912, 544806.945604 258632.324288)

LINESTRING (544808.742201 258632.387912, 544808.492180 258645.859780)

LINESTRING (544808.742201 258632.387912, 544808.823418 258629.140146)

LINESTRING (544806.945604 258632.324288, 544808.742201 258632.387912)

LINESTRING (544808.492180 258645.859780, 544808.742201 258632.387912)

LINESTRING (544808.823418 258629.140146, 544808.742201 258632.387912)

LINESTRING (544808.823418 258629.140146, 544809.758808 258629.189738, 544812.212301 258629.472907)

LINESTRING (544808.823418 258629.140146, 544808.823554 258615.327059, 544808.848337 258608.159668)

LINESTRING (544705.004547 258471.069699, 544697.249461 258469.908319)

LINESTRING (544770.352675 258485.588992, 544770.192971 258486.608343)

LINESTRING (544770.192971 258486.608343, 544770.352675 258485.588992)

LINESTRING (544770.192971 258486.608343, 544768.044598 258486.412024, 544767.904429 258487.699081)

LINESTRING (544770.192971 258486.608343, 544772.921464 258486.843869, 544772.814807 258488.154165)

LINESTRING (544772.814807 258488.154165, 544767.904429 258487.699081)

LINESTRING (544772.814807 258488.154165, 544809.921113 258491.163759, 544818.046030 258490.900274)

LINESTRING (544772.814807 258488.154165, 544772.921464 258486.843869, 544770.192971 258486.608343)

LINESTRING (545342.661291 258152.168008, 545366.995516 258171.948406, 545369.086317 258173.645930)

LINESTRING (545342.661291 258152.168008, 545339.955825 258155.572577, 545335.152792 258161.241955, 545325.285131 258172.873580, 545321.716240 258174.238195, 545312.441279 258172.419125, 545298.494790 258164.319014, 545293.895011 258160.956294)

LINESTRING (545369.086317 258173.645930, 545374.790951 258178.276629, 545392.037708 258194.398798, 545393.079125 258196.199121)

LINESTRING (545369.086317 258173.645930, 545369.978902 258172.826177, 545373.080633 258170.368220, 545377.588364 258167.773411, 545382.913080 258166.003976)

LINESTRING (545293.895011 258160.956294, 545298.494790 258164.319014, 545312.441279 258172.419125, 545321.716240 258174.238195, 545325.285131 258172.873580, 545335.152792 258161.241955, 545339.955825 258155.572577, 545342.661291 258152.168008)

LINESTRING (544403.786149 259256.940909, 544411.444453 259264.666109, 544402.675054 259276.298006)

LINESTRING (544440.715122 259251.528110, 544425.868831 259241.289321)

LINESTRING (544425.868831 259241.289321, 544440.715122 259251.528110)

LINESTRING (544425.868831 259241.289321, 544421.213603 259237.970291, 544419.052463 259234.000469)

LINESTRING (544425.868831 259241.289321, 544423.822627 259244.401898, 544421.473942 259248.039928, 544426.658203 259252.209172, 544420.793546 259258.716590, 544418.859523 259261.264779, 544435.434665 259276.696275, 544437.200950 259278.495262)

LINESTRING (544317.475831 259338.963100, 544360.605881 259285.189891)

LINESTRING (544317.475831 259338.963100, 544321.664246 259345.162388)

LINESTRING (544262.759448 259323.167144, 544266.866385 259330.054104, 544298.747027 259310.847215)

LINESTRING (544392.109421 259268.154180, 544402.675054 259276.298006)

LINESTRING (544301.270121 259228.198272, 544310.208837 259236.806517, 544316.678045 259255.315851, 544323.446435 259268.246362, 544324.606842 259276.294174, 544321.187025 259280.090270)

LINESTRING (544321.187025 259280.090270, 544324.606842 259276.294174, 544323.446435 259268.246362, 544316.678045 259255.315851, 544310.208837 259236.806517, 544301.270121 259228.198272)

LINESTRING (544321.187025 259280.090270, 544303.458964 259299.775948, 544297.639654 259303.090349)

LINESTRING (544321.187025 259280.090270, 544312.420790 259253.355317, 544307.453633 259238.206644)

LINESTRING (544191.978542 259273.423573, 544203.253490 259269.655636)

LINESTRING (544191.978542 259273.423573, 544190.804889 259273.812382)

LINESTRING (544191.978542 259273.423573, 544193.344868 259277.926688)

LINESTRING (544871.767974 258949.426802, 544870.833908 258947.462766)

LINESTRING (544871.767974 258949.426802, 544874.957963 258955.385899, 544890.001660 258979.689786, 544893.259914 258984.949664)

LINESTRING (544871.767974 258949.426802, 544916.023814 258949.140220, 544922.603962 258947.896795)

LINESTRING (544750.785233 257990.384774, 544752.203118 257987.265089, 544749.475930 257986.272745, 544727.537630 257977.785126, 544726.137422 257977.254500)

LINESTRING (544782.848830 258057.759691, 544784.050668 258054.778401, 544784.448895 258053.788279)

LINESTRING (544673.418160 258077.426931, 544690.785128 258091.858195)

LINESTRING (544673.418160 258077.426931, 544676.704933 258073.304366, 544678.792777 258070.894312)

LINESTRING (544673.418160 258077.426931, 544671.488166 258075.834582, 544658.617229 258064.584375, 544644.864909 258051.193675, 544641.319133 258047.083201)

LINESTRING (544678.792777 258070.894312, 544676.704933 258073.304366, 544673.418160 258077.426931)

LINESTRING (544962.700167 257903.926068, 544968.309820 257908.553487, 544974.543914 257913.811359)

LINESTRING (544936.307753 257954.911711, 544930.864656 257961.197196)

LINESTRING (544936.307753 257954.911711, 544951.787384 257963.946025)

LINESTRING (544936.307753 257954.911711, 544947.683048 257941.754004, 544974.543914 257913.811359)

LINESTRING (544986.758883 257922.694652, 544978.579887 257916.589609, 544974.543914 257913.811359)

LINESTRING (545203.781023 258730.197449, 545204.576304 258734.561706)

LINESTRING (545203.781023 258730.197449, 545201.277097 258716.466772)

LINESTRING (545203.781023 258730.197449, 545195.350890 258731.787022)

LINESTRING (545126.413960 258726.706918, 545131.992358 258726.758968, 545190.345632 258718.940307, 545201.277097 258716.466772)

LINESTRING (545186.272491 258705.553241, 545186.372175 258694.214025)

LINESTRING (545282.003336 258712.443563, 545282.390016 258715.115128)

LINESTRING (545282.003336 258712.443563, 545269.919856 258713.157901)

LINESTRING (545282.003336 258712.443563, 545269.353034 258714.298875, 545269.919856 258713.157901)

LINESTRING (545282.003336 258712.443563, 545291.086771 258711.897309, 545295.692825 258710.362744, 545295.954141 258709.379776, 545294.172426 258695.280641)

LINESTRING (544411.020996 258831.518367, 544418.081751 258862.822953)

LINESTRING (544411.020996 258831.518367, 544461.344394 258820.151475)

LINESTRING (544411.020996 258831.518367, 544375.820078 258839.475118)

LINESTRING (544644.095057 258756.205148, 544646.125521 258760.905869)

LINESTRING (544644.095057 258756.205148, 544485.144434 258792.807360)

LINESTRING (544644.095057 258756.205148, 544634.391401 258733.727534, 544618.905822 258709.968161, 544607.167335 258701.678395, 544591.573606 258695.446647, 544571.655639 258693.051295, 544556.933158 258694.692139)

LINESTRING (544491.444366 258980.585921, 544499.180788 258988.691958, 544495.273706 258993.241749, 544482.220861 259009.412350)

LINESTRING (545039.483094 258050.302433, 545039.005745 258050.956304)

LINESTRING (544884.869277 258088.555901, 544886.122282 258086.399794)

LINESTRING (544886.122282 258086.399794, 544884.869277 258088.555901)

LINESTRING (544886.122282 258086.399794, 544884.500844 258085.484215)

LINESTRING (544886.122282 258086.399794, 544887.049005 258086.983412, 544888.996482 258087.975306, 544895.106060 258091.170284, 544896.415763 258091.753967)

LINESTRING (545014.687596 258039.681874, 545014.100595 258040.811156)

LINESTRING (545014.100595 258040.811156, 545014.687596 258039.681874)

LINESTRING (545014.100595 258040.811156, 545008.557949 258053.304532)

LINESTRING (545014.100595 258040.811156, 544993.851399 258032.115735, 544986.216197 258043.902351)

LINESTRING (545008.557949 258053.304532, 545014.100595 258040.811156)

LINESTRING (545008.557949 258053.304532, 545002.975305 258065.763352)

LINESTRING (545008.557949 258053.304532, 544986.216197 258043.902351)

LINESTRING (544986.216197 258043.902351, 545008.557949 258053.304532)

LINESTRING (544986.216197 258043.902351, 544993.851399 258032.115735, 545014.100595 258040.811156)

LINESTRING (544986.216197 258043.902351, 544977.964111 258057.373921, 544970.573627 258065.472350, 544961.568214 258070.562818)

LINESTRING (544874.108182 258082.820777, 544875.368342 258080.653746)

LINESTRING (544933.115880 258120.686807, 544926.962616 258126.005423, 544924.097009 258129.049344)

LINESTRING (544951.613901 258149.966952, 544947.213167 258155.225485)

LINESTRING (544761.967529 259200.074118, 544763.143744 259196.791556)

LINESTRING (544761.967529 259200.074118, 544750.277598 259198.363555)

LINESTRING (544763.143744 259196.791556, 544761.967529 259200.074118)

LINESTRING (544763.143744 259196.791556, 544764.209355 259193.550285, 544769.033706 259182.649652, 544772.582692 259176.787326, 544776.891983 259171.815404, 544790.778051 259159.443176, 544791.816412 259157.837315)

LINESTRING (544763.143744 259196.791556, 544764.973969 259196.867286, 544772.261112 259199.261785)

LINESTRING (544763.143744 259196.791556, 544759.775068 259195.780433, 544744.506114 259188.789591, 544729.541819 259179.091827, 544711.012201 259166.919169, 544698.229065 259157.919649, 544686.607932 259149.165574, 544673.158288 259137.230442, 544669.003707 259132.690296, 544659.906661 259119.212688, 544651.631516 259103.577492, 544645.669320 259092.562243, 544639.878614 259082.698461, 544631.707994 259070.505713, 544624.208014 259061.104072)

LINESTRING (544891.676579 259329.997507, 544882.594817 259343.155497, 544896.598662 259352.469496)

LINESTRING (544896.598662 259352.469496, 544904.398541 259357.661856)

LINESTRING (544896.598662 259352.469496, 544905.911735 259338.650457)

LINESTRING (544896.598662 259352.469496, 544882.594817 259343.155497, 544891.676579 259329.997507)

LINESTRING (544904.398541 259357.661856, 544896.598662 259352.469496)

LINESTRING (544904.398541 259357.661856, 544910.702314 259360.239297, 544916.321266 259351.398943)

LINESTRING (544904.398541 259357.661856, 544893.102811 259375.452210, 544887.824779 259377.546260, 544881.894152 259376.003777, 544854.162599 259352.375187, 544865.045464 259337.711518)

LINESTRING (544905.911735 259338.650457, 544896.598662 259352.469496)

LINESTRING (544850.806557 258550.883258, 544850.778230 258550.214593, 544862.854514 258549.521269)

LINESTRING (544862.854514 258549.521269, 544862.869180 258550.423278)

LINESTRING (544862.854514 258549.521269, 544850.778230 258550.214593, 544850.806557 258550.883258)

LINESTRING (544862.854514 258549.521269, 544864.123081 258549.402519, 544865.666217 258548.078557, 544866.673773 258545.191785)

LINESTRING (544862.869180 258550.423278, 544862.854514 258549.521269)

LINESTRING (544867.648555 258545.531934, 544866.673773 258545.191785)

LINESTRING (544875.322500 258508.991811, 544874.644744 258507.847808, 544873.804374 258509.225702, 544875.233399 258510.870281, 544878.323382 258512.307409, 544875.861548 258518.858165)

LINESTRING (544854.578795 258519.148813, 544854.671270 258521.600251)

LINESTRING (544841.307468 258522.122404, 544839.289317 258523.788672)

LINESTRING (544841.307468 258522.122404, 544839.391366 258520.296641, 544836.794993 258520.220767, 544835.004562 258520.880805)

LINESTRING (544841.307468 258522.122404, 544848.747132 258521.905730, 544852.623460 258521.707361, 544854.671270 258521.600251)

LINESTRING (544839.289317 258523.788672, 544841.307468 258522.122404)

LINESTRING (544839.289317 258523.788672, 544839.456277 258525.329575)

LINESTRING (544839.289317 258523.788672, 544837.915974 258523.748538, 544836.037006 258523.226143, 544835.004562 258520.880805)

LINESTRING (544839.456277 258525.329575, 544839.289317 258523.788672)

LINESTRING (544402.519268 257971.556819, 544407.910086 257941.216127, 544412.752091 257934.411712)

LINESTRING (544412.752091 257934.411712, 544415.331602 257917.234493)

LINESTRING (544412.752091 257934.411712, 544411.726658 257941.204872, 544410.547091 257946.246044, 544403.959475 257981.749841, 544398.491424 257980.700113)

LINESTRING (544412.752091 257934.411712, 544407.910086 257941.216127, 544402.519268 257971.556819)

LINESTRING (544398.491424 257980.700113, 544403.959475 257981.749841, 544410.547091 257946.246044, 544411.726658 257941.204872, 544412.752091 257934.411712)

LINESTRING (544398.491424 257980.700113, 544394.401626 258003.710280, 544391.720481 258021.797253, 544389.493974 258035.311679, 544393.752444 258048.536389, 544391.056210 258068.081025, 544389.457647 258086.099358, 544387.493633 258096.237742, 544385.206416 258108.080818)

LINESTRING (544398.491424 257980.700113, 544373.996804 257976.135493, 544346.154899 257974.489906, 544342.277349 258003.372086, 544325.350514 258001.499050, 544320.666494 258037.414530, 544315.198416 258067.140863, 544312.814405 258079.025669, 544313.958028 258082.732045, 544317.203209 258085.664814, 544320.383305 258090.832931, 544320.053876 258094.396247, 544317.049929 258112.540633)

LINESTRING (544385.206416 258108.080818, 544379.510419 258107.113509, 544377.793841 258108.287873, 544367.576140 258159.725111)

LINESTRING (544385.206416 258108.080818, 544421.531572 258114.292471, 544428.846670 258109.919811, 544442.486522 258112.866147, 544449.558633 258114.485811)

LINESTRING (544385.206416 258108.080818, 544387.493633 258096.237742, 544389.457647 258086.099358, 544391.056210 258068.081025, 544393.752444 258048.536389, 544389.493974 258035.311679, 544391.720481 258021.797253, 544394.401626 258003.710280, 544398.491424 257980.700113)

LINESTRING (544317.049929 258112.540633, 544312.283293 258141.196596)

LINESTRING (544317.049929 258112.540633, 544320.053876 258094.396247, 544320.383305 258090.832931, 544317.203209 258085.664814, 544313.958028 258082.732045, 544312.814405 258079.025669, 544315.198416 258067.140863, 544320.666494 258037.414530, 544325.350514 258001.499050, 544342.277349 258003.372086, 544346.154899 257974.489906, 544373.996804 257976.135493, 544398.491424 257980.700113)

LINESTRING (544317.049929 258112.540633, 544311.112180 258111.655409, 544308.590335 258106.428547, 544307.169062 258104.272366, 544304.753459 258102.443417)

LINESTRING (544423.629277 258037.363491, 544460.466308 258045.271035, 544468.612405 258047.823596)

LINESTRING (544299.006526 258100.406186, 544301.830653 258101.122839)

LINESTRING (544301.830653 258101.122839, 544299.006526 258100.406186)

LINESTRING (544301.830653 258101.122839, 544304.753459 258102.443417)

LINESTRING (544301.830653 258101.122839, 544302.150335 258106.586115, 544301.581954 258113.659729, 544300.105143 258118.814705, 544298.234295 258121.765492, 544295.881039 258123.433355)

LINESTRING (544304.753459 258102.443417, 544301.830653 258101.122839)

LINESTRING (544304.753459 258102.443417, 544303.597283 258104.101603, 544305.404381 258105.690226, 544306.622926 258107.762590, 544308.055445 258111.176851)

LINESTRING (544304.753459 258102.443417, 544307.169062 258104.272366, 544308.590335 258106.428547, 544311.112180 258111.655409, 544317.049929 258112.540633)

LINESTRING (544308.055445 258111.176851, 544306.622926 258107.762590, 544305.404381 258105.690226, 544303.597283 258104.101603, 544304.753459 258102.443417)

LINESTRING (544367.576140 258159.725111, 544310.894621 258150.606005)

LINESTRING (544367.576140 258159.725111, 544366.577309 258167.721153, 544364.840807 258175.450838)

LINESTRING (544367.576140 258159.725111, 544377.793841 258108.287873, 544379.510419 258107.113509, 544385.206416 258108.080818)

LINESTRING (544312.283293 258141.196596, 544317.049929 258112.540633)

LINESTRING (544312.283293 258141.196596, 544305.163148 258138.173280, 544298.908806 258137.123026, 544293.600802 258136.923987)

LINESTRING (544312.283293 258141.196596, 544311.703637 258144.663583, 544310.894621 258150.606005)

LINESTRING (544293.600802 258136.923987, 544292.172887 258140.399675, 544288.714110 258145.040608, 544284.394382 258147.541678)

LINESTRING (544293.600802 258136.923987, 544294.728675 258133.183563, 544296.070041 258127.512638, 544295.881039 258123.433355)

LINESTRING (544293.600802 258136.923987, 544298.908806 258137.123026, 544305.163148 258138.173280, 544312.283293 258141.196596)

LINESTRING (544284.394382 258147.541678, 544288.714110 258145.040608, 544292.172887 258140.399675, 544293.600802 258136.923987)

LINESTRING (544310.894621 258150.606005, 544367.576140 258159.725111)

LINESTRING (544310.894621 258150.606005, 544311.703637 258144.663583, 544312.283293 258141.196596)

LINESTRING (544310.894621 258150.606005, 544309.545145 258161.018306, 544308.871411 258168.656511)

LINESTRING (544248.458835 258162.022916, 544267.377145 258164.064981)

LINESTRING (544248.458835 258162.022916, 544248.883624 258158.940986, 544249.942828 258151.213820, 544255.974773 258111.731224)

LINESTRING (545673.695846 257930.812301, 545658.005254 257939.467274)

LINESTRING (545666.673663 257954.492411, 545658.005254 257939.467274)

LINESTRING (545187.223785 258539.088803, 545178.234532 258545.281260)

LINESTRING (545187.223785 258539.088803, 545184.682544 258535.263332, 545179.659572 258528.148409, 545178.666295 258526.805897)

LINESTRING (545187.223785 258539.088803, 545199.831139 258531.009969, 545203.157653 258530.205842)

LINESTRING (545178.234532 258545.281260, 545169.720010 258551.142587)

LINESTRING (545178.234532 258545.281260, 545187.223785 258539.088803)

LINESTRING (545178.234532 258545.281260, 545178.943025 258549.108695, 545178.956504 258554.251451, 545173.778345 258565.742434, 545171.568969 258571.365482, 545171.596527 258574.160082, 545173.747594 258579.632585, 545176.162250 258583.576781, 545173.750844 258588.859990, 545168.019411 258597.062361, 545168.158765 258603.511089, 545169.996431 258611.044713)

LINESTRING (545203.157653 258530.205842, 545203.902400 258522.291505, 545201.246991 258517.694666, 545197.352944 258512.660838)

LINESTRING (545203.157653 258530.205842, 545205.601982 258532.670544, 545220.311345 258572.815688, 545228.679242 258620.733483, 545233.445769 258632.393389, 545225.188842 258641.601364)

LINESTRING (545203.157653 258530.205842, 545199.831139 258531.009969, 545187.223785 258539.088803)

LINESTRING (545169.720010 258551.142587, 545178.234532 258545.281260)

LINESTRING (545193.164122 258515.821668, 545197.352944 258512.660838)

LINESTRING (545193.164122 258515.821668, 545185.745587 258506.443825)

LINESTRING (545193.164122 258515.821668, 545184.764693 258522.187223, 545178.666295 258526.805897)

LINESTRING (544753.828578 259058.310548, 544730.072410 259078.753697)

LINESTRING (544753.828578 259058.310548, 544753.458647 259057.398162, 544754.654815 259056.242128, 544755.569915 259055.345018, 544745.267510 259039.594787)

LINESTRING (544753.828578 259058.310548, 544764.424558 259079.222853, 544767.237710 259081.464376, 544771.089923 259083.246509, 544773.393321 259086.319070, 544775.587632 259095.465763, 544781.211527 259115.475969, 544785.143675 259134.412737, 544788.373469 259144.858585, 544793.169992 259155.739787, 544791.816412 259157.837315)

LINESTRING (544730.072410 259078.753697, 544753.828578 259058.310548)

LINESTRING (544730.072410 259078.753697, 544716.362880 259096.551861, 544692.959596 259121.313026, 544700.858874 259131.316364, 544706.770142 259142.196633, 544710.904648 259149.530009, 544721.597563 259157.288671, 544728.185470 259162.322896, 544732.746928 259166.507669)

LINESTRING (544730.072410 259078.753697, 544720.275402 259067.003039, 544719.095381 259065.499337, 544717.189518 259063.095119, 544730.761806 259051.403652)

LINESTRING (544791.816412 259157.837315, 544794.692269 259159.334936, 544796.288008 259161.117942, 544800.654276 259167.066845, 544804.108327 259172.410303, 544808.630993 259176.282358, 544812.501785 259182.572973)

LINESTRING (544791.816412 259157.837315, 544793.169992 259155.739787, 544788.373469 259144.858585, 544785.143675 259134.412737, 544781.211527 259115.475969, 544775.587632 259095.465763, 544773.393321 259086.319070, 544771.089923 259083.246509, 544767.237710 259081.464376, 544764.424558 259079.222853, 544753.828578 259058.310548)

LINESTRING (544791.816412 259157.837315, 544790.778051 259159.443176, 544776.891983 259171.815404, 544772.582692 259176.787326, 544769.033706 259182.649652, 544764.209355 259193.550285, 544763.143744 259196.791556)

LINESTRING (544770.731614 259202.934726, 544761.967529 259200.074118)

LINESTRING (544770.731614 259202.934726, 544772.261112 259199.261785)

LINESTRING (544770.731614 259202.934726, 544769.376474 259206.256582, 544774.658025 259208.258572, 544773.271316 259211.256717)

LINESTRING (544772.261112 259199.261785, 544770.731614 259202.934726)

LINESTRING (544772.261112 259199.261785, 544790.356622 259205.222243, 544805.246484 259212.547202, 544819.022814 259222.177096, 544837.132324 259234.671820, 544857.127615 259249.314301, 544874.646164 259261.669459, 544887.897174 259271.250806, 544907.569782 259285.227363, 544921.152156 259294.929802, 544937.137532 259305.693197, 544953.804361 259315.831004, 544963.631556 259322.307136, 544969.745689 259325.758424)

LINESTRING (544772.261112 259199.261785, 544764.973969 259196.867286, 544763.143744 259196.791556)

LINESTRING (544671.483008 259219.904226, 544704.774853 259258.520066)

LINESTRING (544714.723378 259255.705162, 544704.774853 259258.520066)

LINESTRING (544729.849476 259021.068346, 544745.267510 259039.594787)

LINESTRING (544726.164882 259022.207365, 544724.141487 259024.997708, 544715.405582 259033.101675)

LINESTRING (544715.405582 259033.101675, 544730.761806 259051.403652)

LINESTRING (544715.405582 259033.101675, 544713.971461 259031.401333)

LINESTRING (544715.405582 259033.101675, 544724.141487 259024.997708, 544726.164882 259022.207365)

LINESTRING (544715.405582 259033.101675, 544713.449122 259034.068557, 544701.802986 259043.957503)

LINESTRING (544713.971461 259031.401333, 544715.405582 259033.101675)

LINESTRING (544730.761806 259051.403652, 544715.405582 259033.101675)

LINESTRING (544730.761806 259051.403652, 544742.919064 259041.340481, 544745.267510 259039.594787)

LINESTRING (544730.761806 259051.403652, 544717.189518 259063.095119, 544719.095381 259065.499337, 544720.275402 259067.003039, 544730.072410 259078.753697)

LINESTRING (544701.802986 259043.957503, 544713.449122 259034.068557, 544715.405582 259033.101675)

LINESTRING (544628.437899 259037.296727, 544615.889062 259050.242697)

LINESTRING (544628.437899 259037.296727, 544631.684200 259040.396736)

LINESTRING (544628.437899 259037.296727, 544640.784442 259024.255836, 544692.278967 258976.250177)

LINESTRING (544631.684200 259040.396736, 544628.437899 259037.296727)

LINESTRING (544631.684200 259040.396736, 544633.433907 259042.061741, 544642.804024 259053.922192, 544642.646440 259077.358646, 544645.403191 259087.156131, 544651.363880 259094.709716, 544657.682851 259098.890064)

LINESTRING (544631.684200 259040.396736, 544628.095156 259044.354656, 544623.648990 259049.801326, 544622.371807 259055.140133)

LINESTRING (544631.684200 259040.396736, 544636.628118 259034.764250, 544645.352434 259025.646927, 544661.434587 259009.487248, 544680.138239 258991.600995, 544690.387823 258982.005137, 544701.063724 258974.202645)

LINESTRING (544732.746928 259166.507669, 544728.185470 259162.322896, 544721.597563 259157.288671, 544710.904648 259149.530009, 544706.770142 259142.196633, 544700.858874 259131.316364, 544692.959596 259121.313026, 544716.362880 259096.551861, 544730.072410 259078.753697)

LINESTRING (544657.682851 259098.890064, 544651.363880 259094.709716, 544645.403191 259087.156131, 544642.646440 259077.358646, 544642.804024 259053.922192, 544633.433907 259042.061741, 544631.684200 259040.396736)

LINESTRING (544812.501785 259182.572973, 544817.598787 259192.761755, 544822.627270 259195.936247, 544816.048328 259204.637343, 544814.861628 259206.405823)

LINESTRING (544812.501785 259182.572973, 544808.630993 259176.282358, 544804.108327 259172.410303, 544800.654276 259167.066845, 544796.288008 259161.117942, 544794.692269 259159.334936, 544791.816412 259157.837315)

LINESTRING (544812.501785 259182.572973, 544801.222153 259195.132611, 544799.621348 259197.501178)

LINESTRING (544814.861628 259206.405823, 544816.048328 259204.637343, 544822.627270 259195.936247, 544817.598787 259192.761755, 544812.501785 259182.572973)

LINESTRING (544799.621348 259197.501178, 544801.222153 259195.132611, 544812.501785 259182.572973)

LINESTRING (544610.104902 259070.142374, 544614.761622 259070.834800)

LINESTRING (544610.104902 259070.142374, 544609.752426 259072.614212, 544608.261843 259082.454688, 544599.647424 259092.966601, 544596.751593 259095.431008)

LINESTRING (544610.104902 259070.142374, 544607.484106 259070.210592, 544602.533785 259071.847032, 544588.271402 259086.112127)

LINESTRING (544614.761622 259070.834800, 544610.104902 259070.142374)

LINESTRING (544614.761622 259070.834800, 544619.699342 259065.647342)

LINESTRING (544614.761622 259070.834800, 544618.690032 259072.819386, 544625.728640 259081.395019, 544636.151858 259099.808730, 544643.395378 259114.011329, 544647.276210 259120.669406, 544655.129097 259131.328019, 544665.335583 259141.231691, 544672.959168 259148.266193)

LINESTRING (544596.751593 259095.431008, 544599.647424 259092.966601, 544608.261843 259082.454688, 544609.752426 259072.614212, 544610.104902 259070.142374)

LINESTRING (544588.271402 259086.112127, 544582.775489 259082.779550)

LINESTRING (544588.271402 259086.112127, 544602.533785 259071.847032, 544607.484106 259070.210592, 544610.104902 259070.142374)

LINESTRING (544588.271402 259086.112127, 544574.859733 259099.344672, 544570.533976 259103.948973)

LINESTRING (544591.018462 259091.089745, 544579.409117 259104.886876, 544574.681387 259106.863754, 544570.533976 259103.948973)

LINESTRING (544570.533976 259103.948973, 544566.474056 259100.847528)

LINESTRING (544570.533976 259103.948973, 544574.681387 259106.863754, 544579.409117 259104.886876, 544591.018462 259091.089745)

LINESTRING (544570.533976 259103.948973, 544574.859733 259099.344672, 544588.271402 259086.112127)

LINESTRING (544570.533976 259103.948973, 544568.131331 259106.149519, 544561.698926 259112.183868, 544556.240229 259118.357935)

LINESTRING (544566.474056 259100.847528, 544570.533976 259103.948973)

LINESTRING (544566.474056 259100.847528, 544551.881435 259116.360843)

LINESTRING (544566.474056 259100.847528, 544574.958009 259091.288986, 544582.775489 259082.779550)

LINESTRING (544551.881435 259116.360843, 544566.474056 259100.847528)

LINESTRING (544551.881435 259116.360843, 544547.045027 259113.860077)

LINESTRING (544551.881435 259116.360843, 544539.034135 259130.645086, 544533.552741 259137.130171)

LINESTRING (544556.240229 259118.357935, 544558.230358 259120.219148, 544568.855752 259130.301791)

LINESTRING (544556.240229 259118.357935, 544561.698926 259112.183868, 544568.131331 259106.149519, 544570.533976 259103.948973)

LINESTRING (544556.240229 259118.357935, 544546.741771 259128.944319, 544538.179483 259137.910697, 544536.582969 259139.667286)

LINESTRING (544313.271028 257887.148303, 544313.236017 257890.230445, 544312.897515 257896.219956)

LINESTRING (544628.611362 259126.235313, 544626.981287 259127.734891)

LINESTRING (544626.981287 259127.734891, 544628.611362 259126.235313)

LINESTRING (544626.981287 259127.734891, 544624.519428 259130.089511, 544622.937814 259136.254228, 544623.613135 259140.525828, 544627.602258 259146.519214)

LINESTRING (544626.981287 259127.734891, 544628.218878 259128.906333, 544629.030924 259129.664654, 544627.096390 259131.756399, 544627.435549 259134.426512, 544632.130934 259140.351470)

LINESTRING (544627.602258 259146.519214, 544623.740099 259151.637877)

LINESTRING (544627.602258 259146.519214, 544630.835305 259142.105681, 544632.130934 259140.351470)

LINESTRING (544627.602258 259146.519214, 544623.613135 259140.525828, 544622.937814 259136.254228, 544624.519428 259130.089511, 544626.981287 259127.734891)

LINESTRING (544627.602258 259146.519214, 544639.878480 259157.195601, 544642.059010 259156.046013, 544646.804428 259156.273576)

LINESTRING (544632.130934 259140.351470, 544636.208568 259136.752864)

LINESTRING (544632.130934 259140.351470, 544630.835305 259142.105681, 544627.602258 259146.519214)

LINESTRING (544632.130934 259140.351470, 544627.435549 259134.426512, 544627.096390 259131.756399, 544629.030924 259129.664654, 544628.218878 259128.906333, 544626.981287 259127.734891)

LINESTRING (544632.130934 259140.351470, 544635.516715 259143.355381, 544638.867610 259145.211824, 544646.804428 259156.273576)

LINESTRING (544590.760948 259128.269567, 544588.249031 259130.934400)

LINESTRING (544590.760948 259128.269567, 544588.440605 259126.009134, 544579.480448 259118.846728, 544570.156589 259128.837111, 544568.855752 259130.301791)

LINESTRING (544590.760948 259128.269567, 544591.722528 259127.418307, 544609.130180 259143.609296)

LINESTRING (544588.249031 259130.934400, 544590.760948 259128.269567)

LINESTRING (544568.855752 259130.301791, 544571.111659 259132.193024)

LINESTRING (544568.855752 259130.301791, 544570.156589 259128.837111, 544579.480448 259118.846728, 544588.440605 259126.009134, 544590.760948 259128.269567)

LINESTRING (544568.855752 259130.301791, 544567.977473 259131.344705, 544564.275018 259135.444056)

LINESTRING (544568.855752 259130.301791, 544558.230358 259120.219148, 544556.240229 259118.357935)

LINESTRING (544609.130180 259143.609296, 544610.865300 259141.789990)

LINESTRING (544609.130180 259143.609296, 544605.765987 259147.128566, 544600.225272 259153.066450, 544596.732589 259156.537454)

LINESTRING (544609.130180 259143.609296, 544591.722528 259127.418307, 544590.760948 259128.269567)

LINESTRING (544571.111659 259132.193024, 544568.855752 259130.301791)

LINESTRING (544564.275018 259135.444056, 544561.163756 259132.403682)

LINESTRING (544564.275018 259135.444056, 544555.004919 259145.703167)

LINESTRING (544564.275018 259135.444056, 544567.977473 259131.344705, 544568.855752 259130.301791)

LINESTRING (544561.163756 259132.403682, 544564.275018 259135.444056)

LINESTRING (544636.208568 259136.752864, 544632.130934 259140.351470)

LINESTRING (544555.004919 259145.703167, 544551.644454 259142.533093)

LINESTRING (544555.004919 259145.703167, 544564.275018 259135.444056)

LINESTRING (544555.004919 259145.703167, 544553.471833 259147.394818, 544553.137974 259150.401471)

LINESTRING (544646.804428 259156.273576, 544652.808315 259164.218000)

LINESTRING (544646.804428 259156.273576, 544642.059010 259156.046013, 544639.878480 259157.195601, 544627.602258 259146.519214)

LINESTRING (544646.804428 259156.273576, 544638.867610 259145.211824, 544635.516715 259143.355381, 544632.130934 259140.351470)

LINESTRING (544621.958128 259153.422419, 544610.865300 259141.789990)

LINESTRING (544596.732589 259156.537454, 544600.225272 259153.066450, 544605.765987 259147.128566, 544609.130180 259143.609296)

LINESTRING (544551.644454 259142.533093, 544555.004919 259145.703167)

LINESTRING (544623.740099 259151.637877, 544627.602258 259146.519214)

LINESTRING (544553.137974 259150.401471, 544553.471833 259147.394818, 544555.004919 259145.703167)

LINESTRING (544652.808315 259164.218000, 544650.787215 259165.761809)

LINESTRING (544652.808315 259164.218000, 544646.804428 259156.273576)

LINESTRING (544652.808315 259164.218000, 544671.094886 259150.293188, 544672.959168 259148.266193)

LINESTRING (544677.786561 259159.971838, 544680.773471 259157.198480, 544682.065880 259155.789236)

LINESTRING (544682.065880 259155.789236, 544680.773471 259157.198480, 544677.786561 259159.971838)

LINESTRING (544682.065880 259155.789236, 544685.157821 259158.083375, 544693.269611 259164.319631)

LINESTRING (544682.065880 259155.789236, 544676.814709 259151.806987, 544672.959168 259148.266193)

LINESTRING (544650.787215 259165.761809, 544652.808315 259164.218000)

LINESTRING (544672.959168 259148.266193, 544671.094886 259150.293188, 544652.808315 259164.218000)

LINESTRING (544672.959168 259148.266193, 544676.814709 259151.806987, 544682.065880 259155.789236)

LINESTRING (544672.959168 259148.266193, 544665.335583 259141.231691, 544655.129097 259131.328019, 544647.276210 259120.669406, 544643.395378 259114.011329, 544636.151858 259099.808730, 544625.728640 259081.395019, 544618.690032 259072.819386, 544614.761622 259070.834800)

LINESTRING (544690.590134 259167.335701, 544688.133820 259170.202461)

LINESTRING (544690.590134 259167.335701, 544692.083897 259165.587290, 544693.269611 259164.319631)

LINESTRING (544690.590134 259167.335701, 544690.849560 259170.159321, 544690.564365 259172.199026, 544686.386852 259175.939369)

LINESTRING (544688.133820 259170.202461, 544690.590134 259167.335701)

LINESTRING (544693.269611 259164.319631, 544692.083897 259165.587290, 544690.590134 259167.335701)

LINESTRING (544693.269611 259164.319631, 544701.929884 259170.972620, 544709.922536 259176.604373, 544712.423974 259178.280233)

LINESTRING (544693.269611 259164.319631, 544685.157821 259158.083375, 544682.065880 259155.789236)

LINESTRING (544686.386852 259175.939369, 544681.696996 259180.132242)

LINESTRING (544686.386852 259175.939369, 544686.103482 259175.574916)

LINESTRING (544686.386852 259175.939369, 544690.564365 259172.199026, 544690.849560 259170.159321, 544690.590134 259167.335701)

LINESTRING (544671.811285 259168.379084, 544666.489420 259173.844669)

LINESTRING (544666.489420 259173.844669, 544671.811285 259168.379084)

LINESTRING (544666.489420 259173.844669, 544674.677079 259181.463306)

LINESTRING (544666.489420 259173.844669, 544663.170047 259170.909457, 544660.435409 259170.428922, 544652.046204 259171.352734)

LINESTRING (544652.046204 259171.352734, 544660.435409 259170.428922, 544663.170047 259170.909457, 544666.489420 259173.844669)

LINESTRING (544674.677079 259181.463306, 544679.921201 259176.084504)

LINESTRING (544674.677079 259181.463306, 544666.489420 259173.844669)

LINESTRING (544674.677079 259181.463306, 544676.552625 259183.265571, 544677.364979 259184.012779)

LINESTRING (544712.423974 259178.280233, 544715.105765 259175.887556)

LINESTRING (544712.423974 259178.280233, 544709.952655 259180.489837, 544706.518807 259184.285273, 544704.421424 259189.377498, 544701.202289 259193.079032, 544674.187723 259209.231023)

LINESTRING (544712.423974 259178.280233, 544719.346914 259182.845616, 544727.221095 259188.084367, 544737.010499 259195.872332, 544745.892854 259202.643196, 544751.978357 259206.850247, 544760.917502 259210.973712, 544769.260941 259213.955597, 544771.795823 259214.953497)

LINESTRING (544712.423974 259178.280233, 544709.922536 259176.604373, 544701.929884 259170.972620, 544693.269611 259164.319631)

LINESTRING (544679.921201 259176.084504, 544674.677079 259181.463306)

LINESTRING (544681.696996 259180.132242, 544683.966565 259183.192643)

LINESTRING (544681.696996 259180.132242, 544686.386852 259175.939369)

LINESTRING (544681.696996 259180.132242, 544677.364979 259184.012779)

LINESTRING (544683.966565 259183.192643, 544681.696996 259180.132242)

LINESTRING (544683.966565 259183.192643, 544688.387450 259180.249678, 544695.022168 259190.939578)

LINESTRING (544683.966565 259183.192643, 544673.779682 259189.952022, 544672.380093 259188.475311)

LINESTRING (544677.364979 259184.012779, 544681.696996 259180.132242)

LINESTRING (544677.364979 259184.012779, 544672.380093 259188.475311)

LINESTRING (544677.364979 259184.012779, 544676.552625 259183.265571, 544674.677079 259181.463306)

LINESTRING (544695.022168 259190.939578, 544688.387450 259180.249678, 544683.966565 259183.192643)

LINESTRING (544672.380093 259188.475311, 544677.364979 259184.012779)

LINESTRING (544672.380093 259188.475311, 544669.862362 259186.420556)

LINESTRING (544672.380093 259188.475311, 544673.779682 259189.952022, 544683.966565 259183.192643)

LINESTRING (544659.466533 259185.582787, 544667.370723 259185.579800, 544669.862362 259186.420556)

LINESTRING (544669.862362 259186.420556, 544672.380093 259188.475311)

LINESTRING (544669.862362 259186.420556, 544669.233062 259201.183633, 544674.187723 259209.231023)

LINESTRING (544669.862362 259186.420556, 544667.370723 259185.579800, 544659.466533 259185.582787)

LINESTRING (544674.187723 259209.231023, 544669.233062 259201.183633, 544669.862362 259186.420556)

LINESTRING (544674.187723 259209.231023, 544667.113693 259213.588042, 544628.671450 259255.129483, 544614.022501 259242.358094)

LINESTRING (544674.187723 259209.231023, 544701.202289 259193.079032, 544704.421424 259189.377498, 544706.518807 259184.285273, 544709.952655 259180.489837, 544712.423974 259178.280233)

LINESTRING (544614.022501 259242.358094, 544628.671450 259255.129483, 544667.113693 259213.588042, 544674.187723 259209.231023)

LINESTRING (544245.387266 258463.315387, 544245.558767 258459.302249)

LINESTRING (544245.558767 258459.302249, 544245.387266 258463.315387)

LINESTRING (544245.558767 258459.302249, 544246.295945 258441.726302, 544237.879735 258441.425720)

LINESTRING (544245.558767 258459.302249, 544248.873239 258459.376449, 544248.491323 258466.154971)

LINESTRING (544245.558767 258459.302249, 544229.442861 258458.755342, 544230.094613 258442.468053)

LINESTRING (544264.793114 258350.593431, 544265.836911 258350.679464, 544265.426830 258365.003678)

LINESTRING (544240.050655 258389.620535, 544240.678878 258372.497772)

LINESTRING (544310.020717 258424.202983, 544307.712352 258468.724788)

LINESTRING (544307.712352 258468.724788, 544310.020717 258424.202983)

LINESTRING (544307.712352 258468.724788, 544335.566238 258471.272213, 544362.431317 258473.724212, 544364.316824 258474.024003)

LINESTRING (544307.712352 258468.724788, 544251.127096 258466.287335, 544248.491323 258466.154971)

LINESTRING (544237.958847 258439.647135, 544237.879735 258441.425720)

LINESTRING (544237.879735 258441.425720, 544237.958847 258439.647135)

LINESTRING (544237.879735 258441.425720, 544246.295945 258441.726302, 544245.558767 258459.302249)

LINESTRING (544237.879735 258441.425720, 544230.145818 258441.178400, 544230.094613 258442.468053)

LINESTRING (544230.094613 258442.468053, 544220.733880 258442.195669, 544220.653368 258443.317511)

LINESTRING (544230.094613 258442.468053, 544229.442861 258458.755342, 544245.558767 258459.302249)

LINESTRING (544230.094613 258442.468053, 544230.145818 258441.178400, 544237.879735 258441.425720)

LINESTRING (544220.653368 258443.317511, 544220.733880 258442.195669, 544230.094613 258442.468053)

LINESTRING (544248.491323 258466.154971, 544248.288534 258469.833282)

LINESTRING (544248.491323 258466.154971, 544251.127096 258466.287335, 544307.712352 258468.724788)

LINESTRING (544248.491323 258466.154971, 544248.873239 258459.376449, 544245.558767 258459.302249)

LINESTRING (544248.288534 258469.833282, 544248.491323 258466.154971)

LINESTRING (544606.451118 258420.131462, 544572.828472 258416.067452)

LINESTRING (544572.828472 258416.067452, 544606.451118 258420.131462)

LINESTRING (544572.828472 258416.067452, 544570.045922 258415.808201, 544547.713208 258412.930736, 544542.437995 258412.320542)

LINESTRING (544572.828472 258416.067452, 544573.056057 258414.126239, 544574.195302 258404.609427)

LINESTRING (544994.465925 258134.090206, 544987.980317 258131.128975)

LINESTRING (544994.465925 258134.090206, 545000.850005 258137.015084)

LINESTRING (544994.465925 258134.090206, 544995.942828 258131.061355)

LINESTRING (544995.942828 258131.061355, 544994.465925 258134.090206)

LINESTRING (544995.942828 258131.061355, 545002.251747 258133.984036)

LINESTRING (544995.942828 258131.061355, 544992.056082 258129.266941)

LINESTRING (545002.251747 258133.984036, 545000.850005 258137.015084)

LINESTRING (545002.251747 258133.984036, 545007.197618 258136.276928)

LINESTRING (545002.251747 258133.984036, 544995.942828 258131.061355)

LINESTRING (544321.664246 259345.162388, 544317.475831 259338.963100)

LINESTRING (544520.874309 257903.614437, 544520.110564 257903.302777, 544519.359514 257903.024878, 544512.512541 257900.710466)

LINESTRING (544642.967478 258029.734195, 544634.842993 258036.286793, 544637.569578 258041.987293, 544641.319133 258047.083201)

LINESTRING (544686.254010 258062.697360, 544687.316676 258061.904714, 544694.875584 258044.739369, 544699.030479 258035.010079, 544704.693720 258032.181265)

LINESTRING (544776.625600 257921.228114, 544779.411233 257919.283701)

LINESTRING (544776.625600 257921.228114, 544774.489439 257922.712881, 544769.264398 257926.455997)

LINESTRING (545622.772388 258871.807655, 545599.923434 258872.382936)

LINESTRING (545622.772388 258871.807655, 545625.668950 258873.762729, 545633.176298 258877.511775, 545649.997004 258881.957513)

LINESTRING (545622.772388 258871.807655, 545618.909401 258861.086584, 545630.036543 258770.275356, 545630.483780 258763.665730)

LINESTRING (545689.098917 258824.425782, 545674.654788 258888.470245)

LINESTRING (545689.098917 258824.425782, 545700.781414 258776.640042)

LINESTRING (545689.098917 258824.425782, 545665.703568 258819.619706)

LINESTRING (545656.558757 258817.837146, 545665.703568 258819.619706)

LINESTRING (545665.703568 258819.619706, 545649.997004 258881.957513)

LINESTRING (545665.703568 258819.619706, 545689.098917 258824.425782)

LINESTRING (545665.703568 258819.619706, 545656.558757 258817.837146)

LINESTRING (545649.997004 258881.957513, 545665.703568 258819.619706)

LINESTRING (545649.997004 258881.957513, 545669.683133 258887.322340, 545674.654788 258888.470245)

LINESTRING (545649.997004 258881.957513, 545633.176298 258877.511775, 545625.668950 258873.762729, 545622.772388 258871.807655)

LINESTRING (545674.654788 258888.470245, 545689.098917 258824.425782)

LINESTRING (545674.654788 258888.470245, 545676.163426 258892.744262, 545684.055602 258894.100466, 545686.902140 258897.523361, 545685.276579 258903.274673)

LINESTRING (545674.654788 258888.470245, 545669.683133 258887.322340, 545649.997004 258881.957513)

LINESTRING (545598.415592 258837.822332, 545599.923434 258872.382936)

LINESTRING (545598.415592 258837.822332, 545596.259202 258788.327541)

LINESTRING (545598.415592 258837.822332, 545591.829708 258837.851460)

LINESTRING (545404.414080 258406.378118, 545415.568019 258430.614031, 545421.102817 258442.652847)

LINESTRING (544476.818893 259086.812786, 544432.451588 259117.720214)

LINESTRING (544551.529986 259043.790238, 544551.500087 259048.096906, 544546.971744 259054.019859, 544538.831007 259059.781796)

LINESTRING (544551.529986 259043.790238, 544540.982859 259042.503096, 544525.240292 259041.175756, 544508.269007 259036.729461, 544504.278609 259033.585577)

LINESTRING (544551.529986 259043.790238, 544556.634298 259043.438257, 544564.772611 259043.386273, 544577.771800 259045.935979, 544586.899639 259048.762334, 544593.786308 259051.534442, 544598.471843 259054.520595, 544600.752849 259056.724230)

LINESTRING (544538.831007 259059.781796, 544544.065714 259066.679624)

LINESTRING (544538.831007 259059.781796, 544536.258615 259062.878985, 544532.949792 259063.327876, 544531.571086 259063.476884, 544530.018949 259063.242394, 544522.701131 259059.545093, 544520.421536 259058.933212, 544518.662257 259059.705568, 544517.897826 259060.595983)

LINESTRING (544538.831007 259059.781796, 544546.971744 259054.019859, 544551.500087 259048.096906, 544551.529986 259043.790238)

LINESTRING (544600.752849 259056.724230, 544605.736834 259052.528732)

LINESTRING (544600.752849 259056.724230, 544594.582037 259064.569331, 544580.499391 259080.876592)

LINESTRING (544600.752849 259056.724230, 544598.471843 259054.520595, 544593.786308 259051.534442, 544586.899639 259048.762334, 544577.771800 259045.935979, 544564.772611 259043.386273, 544556.634298 259043.438257, 544551.529986 259043.790238)

LINESTRING (544443.611611 259085.777940, 544441.524687 259082.778635)

LINESTRING (544441.524687 259082.778635, 544453.470283 259074.322550)

LINESTRING (544441.524687 259082.778635, 544443.611611 259085.777940)

LINESTRING (544441.524687 259082.778635, 544430.542335 259090.561595, 544422.176373 259093.501113)

LINESTRING (544544.065714 259066.679624, 544538.831007 259059.781796)

LINESTRING (544517.897826 259060.595983, 544518.662257 259059.705568, 544520.421536 259058.933212, 544522.701131 259059.545093, 544530.018949 259063.242394, 544531.571086 259063.476884, 544532.949792 259063.327876, 544536.258615 259062.878985, 544538.831007 259059.781796)

LINESTRING (544455.549724 259077.343903, 544453.470283 259074.322550)

LINESTRING (544453.470283 259074.322550, 544441.524687 259082.778635)

LINESTRING (544453.470283 259074.322550, 544478.402235 259056.661664)

LINESTRING (544453.470283 259074.322550, 544455.549724 259077.343903)

LINESTRING (544566.877842 259085.131774, 544573.232023 259089.279645)

LINESTRING (544566.877842 259085.131774, 544563.792569 259086.121434, 544558.709425 259086.218019, 544539.796654 259083.874307, 544535.049479 259086.752234)

LINESTRING (544566.877842 259085.131774, 544551.286451 259073.000946, 544548.923243 259072.208523, 544546.250391 259072.186210, 544545.823478 259071.116350)

LINESTRING (544573.232023 259089.279645, 544566.877842 259085.131774)

LINESTRING (544573.232023 259089.279645, 544580.499391 259080.876592)

LINESTRING (544573.232023 259089.279645, 544563.038204 259099.088834, 544555.369633 259105.777225, 544547.045027 259113.860077)

LINESTRING (544535.049479 259086.752234, 544539.796654 259083.874307, 544558.709425 259086.218019, 544563.792569 259086.121434, 544566.877842 259085.131774)

LINESTRING (544545.823478 259071.116350, 544546.250391 259072.186210, 544548.923243 259072.208523, 544551.286451 259073.000946, 544566.877842 259085.131774)

LINESTRING (544207.155419 259185.855880, 544204.395689 259187.411760, 544221.831332 259221.466711, 544228.010564 259229.983356, 544235.507739 259237.147052, 544238.357021 259238.621311, 544241.077374 259239.357201, 544246.223574 259240.141448)

LINESTRING (544190.804889 259273.812382, 544191.978542 259273.423573)

LINESTRING (544193.344868 259277.926688, 544191.978542 259273.423573)

LINESTRING (544217.015960 259284.959996, 544217.220036 259285.700553)

LINESTRING (544217.220036 259285.700553, 544213.987261 259286.597085)

LINESTRING (544217.220036 259285.700553, 544218.361117 259289.484765)

LINESTRING (544217.220036 259285.700553, 544217.015960 259284.959996)

LINESTRING (544213.987261 259286.597085, 544217.220036 259285.700553)

LINESTRING (544213.987261 259286.597085, 544215.208704 259290.439287, 544218.361117 259289.484765)

LINESTRING (544218.361117 259289.484765, 544217.220036 259285.700553)

LINESTRING (544218.361117 259289.484765, 544220.506252 259296.592848, 544221.228786 259299.018080, 544222.364971 259302.735367)

LINESTRING (544218.361117 259289.484765, 544215.208704 259290.439287, 544213.987261 259286.597085)

LINESTRING (544222.364971 259302.735367, 544221.385192 259303.040766)

LINESTRING (544222.364971 259302.735367, 544224.005266 259307.925431, 544224.542976 259307.774123)

LINESTRING (544222.364971 259302.735367, 544221.228786 259299.018080, 544220.506252 259296.592848, 544218.361117 259289.484765)

LINESTRING (544273.102577 259304.201271, 544270.969169 259299.041353, 544268.335599 259295.091236)

LINESTRING (544214.425717 259299.487909, 544216.087487 259304.645204, 544221.385192 259303.040766)

LINESTRING (544221.385192 259303.040766, 544222.364971 259302.735367)

LINESTRING (544221.385192 259303.040766, 544226.419648 259318.937053)

LINESTRING (544221.385192 259303.040766, 544216.087487 259304.645204, 544214.425717 259299.487909)

LINESTRING (544235.006850 259306.030678, 544246.293516 259302.563707)

LINESTRING (544224.542976 259307.774123, 544224.005266 259307.925431, 544222.364971 259302.735367)

LINESTRING (545066.373689 258692.414245, 545068.911843 258685.832415)

LINESTRING (545308.877684 258728.758725, 545341.336578 258724.857555, 545350.986156 258723.660174)

LINESTRING (545078.734935 258731.265848, 545094.024017 258728.029194, 545099.314175 258727.182317)

LINESTRING (545181.391527 258499.370757, 545180.614866 258499.971324)

LINESTRING (545180.614866 258499.971324, 545181.391527 258499.370757)

LINESTRING (545180.614866 258499.971324, 545167.015691 258510.391986)

LINESTRING (545180.614866 258499.971324, 545185.745587 258506.443825)

LINESTRING (545180.614866 258499.971324, 545162.079007 258479.081583)

LINESTRING (545285.871418 258574.659163, 545289.890987 258578.438982)

LINESTRING (545285.871418 258574.659163, 545282.175226 258571.278400)

LINESTRING (545285.871418 258574.659163, 545282.378468 258578.808685)

LINESTRING (545285.871418 258574.659163, 545289.361753 258570.832356)

LINESTRING (545282.378468 258578.808685, 545285.871418 258574.659163)

LINESTRING (545282.378468 258578.808685, 545278.977020 258581.703126, 545273.967895 258592.085904, 545257.649367 258615.961491)

LINESTRING (545282.378468 258578.808685, 545284.395914 258580.437247, 545287.921477 258580.540595, 545289.890987 258578.438982)

LINESTRING (545282.378468 258578.808685, 545279.956314 258576.522682, 545280.092811 258573.499144, 545282.175226 258571.278400)

LINESTRING (545289.361753 258570.832356, 545285.871418 258574.659163)

LINESTRING (545289.361753 258570.832356, 545291.912397 258568.035416, 545293.970238 258563.387472, 545295.752499 258558.809364, 545301.194005 258550.008705, 545308.813278 258534.103752)

LINESTRING (545289.361753 258570.832356, 545287.193677 258568.976763, 545284.426513 258568.895647, 545282.175226 258571.278400)

LINESTRING (545289.361753 258570.832356, 545291.540218 258573.033304, 545291.759316 258576.289881, 545289.890987 258578.438982)

LINESTRING (545154.876246 258650.293749, 545154.026730 258630.968321)

LINESTRING (545154.026730 258630.968321, 545154.876246 258650.293749)

LINESTRING (545154.026730 258630.968321, 545153.174199 258624.120265)

LINESTRING (545154.026730 258630.968321, 545150.102956 258631.387675, 545150.780096 258639.087655)

LINESTRING (545162.695913 258478.565380, 545162.079007 258479.081583)

LINESTRING (545162.079007 258479.081583, 545162.695913 258478.565380)

LINESTRING (545162.079007 258479.081583, 545150.607388 258488.774327)

LINESTRING (545162.079007 258479.081583, 545180.614866 258499.971324)

LINESTRING (545194.083902 258499.364118, 545189.272944 258503.452832, 545185.745587 258506.443825)

LINESTRING (545185.745587 258506.443825, 545193.164122 258515.821668)

LINESTRING (545185.745587 258506.443825, 545180.614866 258499.971324)

LINESTRING (545185.745587 258506.443825, 545189.272944 258503.452832, 545194.083902 258499.364118)

LINESTRING (545225.188842 258641.601364, 545216.829608 258647.533940, 545200.360056 258644.836398, 545182.494894 258637.723682)

LINESTRING (545225.188842 258641.601364, 545228.734076 258651.299876, 545234.384996 258667.081783, 545234.464427 258672.771877, 545225.606995 258674.471318, 545206.643319 258673.581747, 545192.626351 258670.733473, 545184.096556 258647.476530, 545182.494894 258637.723682)

LINESTRING (545225.188842 258641.601364, 545233.445769 258632.393389, 545228.679242 258620.733483, 545220.311345 258572.815688, 545205.601982 258532.670544, 545203.157653 258530.205842)

LINESTRING (545313.282912 258547.023929, 545374.321481 258604.879101)

LINESTRING (545313.282912 258547.023929, 545308.813278 258534.103752)

LINESTRING (545313.282912 258547.023929, 545316.689627 258559.111538, 545334.707878 258613.245162)

LINESTRING (545409.679821 258589.587659, 545419.496839 258596.910279)

LINESTRING (545409.679821 258589.587659, 545383.878582 258557.653728, 545375.042929 258543.214080, 545364.305848 258532.747985, 545342.920227 258513.922163, 545294.829749 258471.083827, 545272.397534 258452.483661)

LINESTRING (545409.679821 258589.587659, 545365.363017 258558.257095, 545345.187092 258545.755565, 545308.813278 258534.103752)

LINESTRING (545098.403887 258541.752531, 545087.410814 258551.225677, 545084.982319 258552.423480, 545081.658451 258552.904974, 545075.946450 258553.672746)

LINESTRING (545093.142994 258567.521782, 545093.494016 258569.546704, 545093.966688 258573.255915)

LINESTRING (545094.175052 258582.956804, 545095.160420 258573.357646, 545093.966688 258573.255915)

LINESTRING (545165.272901 258611.919248, 545167.970851 258618.097868)

LINESTRING (545165.272901 258611.919248, 545155.622170 258613.851587)

LINESTRING (545165.272901 258611.919248, 545166.421736 258611.685762, 545169.996431 258611.044713)

LINESTRING (545167.970851 258618.097868, 545165.272901 258611.919248)

LINESTRING (545169.996431 258611.044713, 545166.421736 258611.685762, 545165.272901 258611.919248)

LINESTRING (545169.996431 258611.044713, 545175.702644 258624.947080, 545182.494894 258637.723682)

LINESTRING (545169.996431 258611.044713, 545168.158765 258603.511089, 545168.019411 258597.062361, 545173.750844 258588.859990, 545176.162250 258583.576781, 545173.747594 258579.632585, 545171.596527 258574.160082, 545171.568969 258571.365482, 545173.778345 258565.742434, 545178.956504 258554.251451, 545178.943025 258549.108695, 545178.234532 258545.281260)

LINESTRING (545153.174199 258624.120265, 545154.026730 258630.968321)

LINESTRING (545153.174199 258624.120265, 545152.199363 258616.311390)

LINESTRING (545153.174199 258624.120265, 545150.781867 258624.317335, 545145.880704 258625.420429, 545143.963300 258628.547641, 545140.258391 258632.234693, 545137.796090 258633.186604, 545131.611475 258632.348786)

LINESTRING (545157.873789 258618.692582, 545156.480942 258618.852139)

LINESTRING (545158.533229 258639.837870, 545156.605524 258619.735109, 545156.480942 258618.852139)

LINESTRING (545131.611475 258632.348786, 545137.796090 258633.186604, 545140.258391 258632.234693, 545143.963300 258628.547641, 545145.880704 258625.420429, 545150.781867 258624.317335, 545153.174199 258624.120265)

LINESTRING (545150.780096 258639.087655, 545132.868760 258639.620524, 545128.688952 258639.676216, 545123.274760 258639.617852)

LINESTRING (545150.780096 258639.087655, 545150.102956 258631.387675, 545154.026730 258630.968321)

LINESTRING (545150.780096 258639.087655, 545151.553135 258639.076903, 545152.128126 258646.295273)

LINESTRING (545182.494894 258637.723682, 545200.360056 258644.836398, 545216.829608 258647.533940, 545225.188842 258641.601364)

LINESTRING (545182.494894 258637.723682, 545184.096556 258647.476530, 545192.626351 258670.733473, 545206.643319 258673.581747, 545225.606995 258674.471318, 545234.464427 258672.771877, 545234.384996 258667.081783, 545228.734076 258651.299876, 545225.188842 258641.601364)

LINESTRING (545182.494894 258637.723682, 545175.702644 258624.947080, 545169.996431 258611.044713)

LINESTRING (545152.128126 258646.295273, 545151.553135 258639.076903, 545150.780096 258639.087655)

LINESTRING (545183.900456 258678.681138, 545181.944576 258683.821857, 545179.110081 258693.511538)

LINESTRING (544872.348361 258483.705159, 544876.558592 258485.419903)

LINESTRING (544872.348361 258483.705159, 544873.666319 258480.493542, 544878.493335 258440.286150)

LINESTRING (545704.695956 258356.203657, 545639.294117 258396.811898)

LINESTRING (545704.695956 258356.203657, 545689.304954 258333.768108, 545672.541690 258308.921446)

LINESTRING (545639.294117 258396.811898, 545704.695956 258356.203657)

LINESTRING (545639.294117 258396.811898, 545635.540533 258397.714499, 545632.439656 258398.513843)

LINESTRING (545639.294117 258396.811898, 545641.453890 258402.206964, 545654.974838 258425.678220)

LINESTRING (545654.974838 258425.678220, 545667.099313 258418.710537)

LINESTRING (545654.974838 258425.678220, 545617.236702 258449.279493)

LINESTRING (545654.974838 258425.678220, 545641.453890 258402.206964, 545639.294117 258396.811898)

LINESTRING (545599.354127 258455.554996, 545577.401871 258465.117016, 545574.240462 258457.967304, 545596.116956 258448.191559, 545599.354127 258455.554996)

LINESTRING (545599.354127 258455.554996, 545596.116956 258448.191559, 545574.240462 258457.967304, 545577.401871 258465.117016, 545599.354127 258455.554996)

LINESTRING (545599.354127 258455.554996, 545604.147673 258453.469675, 545609.911080 258451.891471, 545617.236702 258449.279493)

LINESTRING (545589.009561 258716.210254, 545588.948610 258717.121181)

LINESTRING (545589.009561 258716.210254, 545584.521743 258715.811283, 545581.084468 258715.498829, 545487.452164 258707.005845, 545469.843878 258704.207179, 545465.291335 258703.450235, 545458.125951 258702.249296, 545453.636876 258701.193697)

LINESTRING (545613.536636 258700.902627, 545617.722863 258701.326154)

LINESTRING (545613.536636 258700.902627, 545590.832680 258698.610526)

LINESTRING (545613.536636 258700.902627, 545613.379018 258702.077850)

LINESTRING (545617.722863 258701.326154, 545613.536636 258700.902627)

LINESTRING (545617.722863 258701.326154, 545617.919990 258699.039022)

LINESTRING (545617.722863 258701.326154, 545615.926622 258719.171542)

LINESTRING (545615.926622 258719.171542, 545588.948610 258717.121181)

LINESTRING (545615.926622 258719.171542, 545617.722863 258701.326154)

LINESTRING (545615.926622 258719.171542, 545684.363636 258727.304717, 545677.852466 258764.334404)

LINESTRING (545588.948610 258717.121181, 545615.926622 258719.171542)

LINESTRING (545588.948610 258717.121181, 545587.864862 258727.941774, 545585.676253 258749.370857)

LINESTRING (544408.424195 259147.528875, 544423.344143 259165.104797, 544429.108484 259171.895502)

LINESTRING (544407.808267 259238.815097, 544410.183649 259235.433842)

LINESTRING (544516.117009 259218.954649, 544517.940434 259215.746565)

LINESTRING (544516.117009 259218.954649, 544504.721064 259249.131262, 544503.190463 259252.615024, 544501.519319 259255.994513, 544497.905366 259258.705164)

LINESTRING (544359.918574 259094.503069, 544339.867860 259103.057195, 544334.066089 259105.526150)

LINESTRING (544338.351760 259112.618719, 544334.066089 259105.526150)

LINESTRING (544338.351760 259112.618719, 544345.847338 259125.002773)

LINESTRING (544338.351760 259112.618719, 544332.927454 259115.744244, 544330.338760 259117.293908)

LINESTRING (544525.992391 258042.873520, 544525.847714 258037.749239, 544528.878889 258033.006947, 544556.973703 258018.933450, 544571.884484 258015.828771, 544583.405276 258015.463557, 544588.861559 258016.680107, 544592.721585 258008.377981, 544594.704599 258005.575264)

LINESTRING (544525.992391 258042.873520, 544528.431211 258046.250406, 544533.607198 258049.573533)

LINESTRING (544525.992391 258042.873520, 544511.405789 258067.236043, 544511.370972 258070.307065)

LINESTRING (544533.607198 258049.573533, 544528.431211 258046.250406, 544525.992391 258042.873520)

LINESTRING (544511.370972 258070.307065, 544509.780261 258074.434656)

LINESTRING (544511.370972 258070.307065, 544516.327260 258073.189678)

LINESTRING (544511.370972 258070.307065, 544511.405789 258067.236043, 544525.992391 258042.873520)

LINESTRING (544509.780261 258074.434656, 544508.146285 258078.638900)

LINESTRING (544509.780261 258074.434656, 544511.370972 258070.307065)

LINESTRING (544509.780261 258074.434656, 544514.123807 258076.987748)

LINESTRING (544516.327260 258073.189678, 544511.370972 258070.307065)

LINESTRING (544508.146285 258078.638900, 544509.780261 258074.434656)

LINESTRING (544508.146285 258078.638900, 544511.963301 258080.720287)

LINESTRING (544508.146285 258078.638900, 544501.832605 258092.056403, 544501.410498 258094.336995, 544502.815082 258096.359182)

LINESTRING (544514.123807 258076.987748, 544509.780261 258074.434656)

LINESTRING (544511.963301 258080.720287, 544508.146285 258078.638900)

LINESTRING (544502.815082 258096.359182, 544509.034879 258099.768367)

LINESTRING (544502.815082 258096.359182, 544506.905059 258104.325465, 544527.717978 258116.452396)

LINESTRING (544502.815082 258096.359182, 544501.410498 258094.336995, 544501.832605 258092.056403, 544508.146285 258078.638900)

LINESTRING (544618.445971 258095.023094, 544620.680505 258096.256998)

LINESTRING (544620.680505 258096.256998, 544628.557836 258100.749840)

LINESTRING (544620.680505 258096.256998, 544618.445971 258095.023094)

LINESTRING (544620.680505 258096.256998, 544617.622935 258101.198817, 544593.592701 258140.289630)

LINESTRING (544628.557836 258100.749840, 544620.680505 258096.256998)

LINESTRING (544628.557836 258100.749840, 544631.448365 258102.236631, 544642.969611 258110.052557)

LINESTRING (544628.557836 258100.749840, 544625.998085 258105.505829, 544589.033808 258173.960223, 544568.448224 258234.010323, 544559.542517 258264.081418)

LINESTRING (544593.592701 258140.289630, 544617.622935 258101.198817, 544620.680505 258096.256998)

LINESTRING (544593.592701 258140.289630, 544587.008866 258151.005552, 544527.717978 258116.452396)

LINESTRING (544593.592701 258140.289630, 544591.637040 258139.108395, 544536.718029 258105.662154, 544534.936111 258104.619576)

LINESTRING (544539.970962 258096.362800, 544534.936111 258104.619576)

LINESTRING (544534.936111 258104.619576, 544539.970962 258096.362800)

LINESTRING (544534.936111 258104.619576, 544527.717978 258116.452396)

LINESTRING (544534.936111 258104.619576, 544536.718029 258105.662154, 544591.637040 258139.108395, 544593.592701 258140.289630)

LINESTRING (544509.034879 258099.768367, 544502.815082 258096.359182)

LINESTRING (544527.717978 258116.452396, 544534.936111 258104.619576)

LINESTRING (544527.717978 258116.452396, 544587.008866 258151.005552, 544593.592701 258140.289630)

LINESTRING (544527.717978 258116.452396, 544506.905059 258104.325465, 544502.815082 258096.359182)

LINESTRING (544642.969611 258110.052557, 544631.448365 258102.236631, 544628.557836 258100.749840)

LINESTRING (544559.542517 258264.081418, 544568.448224 258234.010323, 544589.033808 258173.960223, 544625.998085 258105.505829, 544628.557836 258100.749840)

LINESTRING (544723.888459 258129.243872, 544728.210280 258130.193719)

LINESTRING (544728.210280 258130.193719, 544723.888459 258129.243872)

LINESTRING (544728.210280 258130.193719, 544725.823594 258140.965234, 544724.218606 258148.387003)

LINESTRING (544728.210280 258130.193719, 544729.541714 258124.177549, 544733.069770 258111.792033)

LINESTRING (544724.218606 258148.387003, 544716.546021 258183.970118, 544716.174365 258188.033065, 544715.268463 258197.745888)

LINESTRING (544724.218606 258148.387003, 544725.823594 258140.965234, 544728.210280 258130.193719)

LINESTRING (544724.218606 258148.387003, 544727.404793 258148.880731, 544730.271124 258149.320600)

LINESTRING (544670.259634 258139.955439, 544672.318504 258146.738405)

LINESTRING (544672.318504 258146.738405, 544670.259634 258139.955439)

LINESTRING (544672.318504 258146.738405, 544662.479723 258171.027599)

LINESTRING (544672.318504 258146.738405, 544693.692711 258152.738355)

LINESTRING (544662.479723 258171.027599, 544672.318504 258146.738405)

LINESTRING (544662.479723 258171.027599, 544674.388865 258173.278504)

LINESTRING (544662.479723 258171.027599, 544658.742423 258180.279355, 544661.392255 258183.684734, 544660.634270 258185.755163)

LINESTRING (544693.692711 258152.738355, 544694.153013 258151.026550)

LINESTRING (544693.692711 258152.738355, 544672.318504 258146.738405)

LINESTRING (544693.692711 258152.738355, 544702.925956 258155.289658, 544705.211334 258158.528593, 544700.669222 258176.839390, 544697.533295 258178.372914, 544674.388865 258173.278504)

LINESTRING (544694.153013 258151.026550, 544693.692711 258152.738355)

LINESTRING (544674.388865 258173.278504, 544670.854325 258188.001290)

LINESTRING (544674.388865 258173.278504, 544662.479723 258171.027599)

LINESTRING (544674.388865 258173.278504, 544697.533295 258178.372914, 544700.669222 258176.839390, 544705.211334 258158.528593, 544702.925956 258155.289658, 544693.692711 258152.738355)

LINESTRING (544660.634270 258185.755163, 544670.854325 258188.001290)

LINESTRING (544660.634270 258185.755163, 544659.724488 258185.528262)

LINESTRING (544660.634270 258185.755163, 544654.534473 258204.721763)

LINESTRING (544660.634270 258185.755163, 544661.392255 258183.684734, 544658.742423 258180.279355, 544662.479723 258171.027599)

LINESTRING (544670.854325 258188.001290, 544674.388865 258173.278504)

LINESTRING (544670.854325 258188.001290, 544697.858409 258193.942973)

LINESTRING (544670.854325 258188.001290, 544660.634270 258185.755163)

LINESTRING (544659.724488 258185.528262, 544660.634270 258185.755163)

LINESTRING (544654.534473 258204.721763, 544649.050054 258202.836473)

LINESTRING (544654.534473 258204.721763, 544695.744762 258218.791540)

LINESTRING (544654.534473 258204.721763, 544660.634270 258185.755163)

LINESTRING (544697.858409 258193.942973, 544695.744762 258218.791540)

LINESTRING (544697.858409 258193.942973, 544670.854325 258188.001290)

LINESTRING (544697.858409 258193.942973, 544710.579341 258196.729673, 544715.268463 258197.745888)

LINESTRING (544695.744762 258218.791540, 544654.534473 258204.721763)

LINESTRING (544695.744762 258218.791540, 544697.858409 258193.942973)

LINESTRING (544695.744762 258218.791540, 544694.739947 258227.911556, 544696.953176 258227.998425)

LINESTRING (544715.268463 258197.745888, 544711.354188 258239.760913, 544713.056561 258244.930688)

LINESTRING (544715.268463 258197.745888, 544716.174365 258188.033065, 544716.546021 258183.970118, 544724.218606 258148.387003)

LINESTRING (544715.268463 258197.745888, 544710.579341 258196.729673, 544697.858409 258193.942973)

LINESTRING (544713.056561 258244.930688, 544712.684482 258247.368556)

LINESTRING (544713.056561 258244.930688, 544732.252147 258249.642857, 544737.504748 258250.330500, 544765.275865 258253.879628, 544780.312926 258255.799190)

LINESTRING (544713.056561 258244.930688, 544711.354188 258239.760913, 544715.268463 258197.745888)

LINESTRING (544649.050054 258202.836473, 544654.534473 258204.721763)

LINESTRING (544696.953176 258227.998425, 544694.739947 258227.911556, 544695.744762 258218.791540)

LINESTRING (544419.283739 258225.009479, 544413.944140 258223.785375)

LINESTRING (544419.283739 258225.009479, 544421.657118 258214.905293)

LINESTRING (544419.283739 258225.009479, 544416.636545 258236.296658)

LINESTRING (544803.799545 258225.052435, 544807.981090 258205.050460)

LINESTRING (544803.799545 258225.052435, 544811.008008 258225.507897)

LINESTRING (544803.799545 258225.052435, 544802.879218 258236.189546, 544802.247675 258258.510221)

LINESTRING (544807.981090 258205.050460, 544803.799545 258225.052435)

LINESTRING (544807.981090 258205.050460, 544809.480164 258198.683025, 544810.847475 258192.612268)

LINESTRING (544807.981090 258205.050460, 544801.730462 258203.409749, 544785.322634 258199.246230, 544779.668750 258197.778806)

LINESTRING (544811.008008 258225.507897, 544803.799545 258225.052435)

LINESTRING (544712.684482 258247.368556, 544713.056561 258244.930688)

LINESTRING (544780.312926 258255.799190, 544786.376685 258256.577362, 544793.679486 258257.547564, 544802.247675 258258.510221)

LINESTRING (544780.312926 258255.799190, 544765.275865 258253.879628, 544737.504748 258250.330500, 544732.252147 258249.642857, 544713.056561 258244.930688)

LINESTRING (544780.312926 258255.799190, 544780.657718 258253.594271, 544781.660183 258246.433183)

LINESTRING (544236.482235 258103.328094, 544240.205028 258103.714684)

LINESTRING (544240.205028 258103.714684, 544236.482235 258103.328094)

LINESTRING (544240.205028 258103.714684, 544243.672030 258081.398654)

LINESTRING (544240.205028 258103.714684, 544239.389474 258108.944569)

LINESTRING (544239.831327 258080.363060, 544243.672030 258081.398654)

LINESTRING (544243.672030 258081.398654, 544240.205028 258103.714684)

LINESTRING (544243.672030 258081.398654, 544239.831327 258080.363060)

LINESTRING (544243.672030 258081.398654, 544255.581033 258084.605758, 544258.691775 258086.989178)

LINESTRING (544258.691775 258086.989178, 544264.468902 258082.115170, 544266.329562 258076.459351, 544301.717409 258076.821553, 544302.226567 258074.131651, 544303.108973 258069.426855, 544308.023211 258037.814457)

LINESTRING (544258.691775 258086.989178, 544258.509206 258095.142554, 544255.974773 258111.731224)

LINESTRING (544258.691775 258086.989178, 544255.581033 258084.605758, 544243.672030 258081.398654)

LINESTRING (544255.974773 258111.731224, 544239.389474 258108.944569)

LINESTRING (544255.974773 258111.731224, 544249.942828 258151.213820, 544248.883624 258158.940986, 544248.458835 258162.022916)

LINESTRING (544255.974773 258111.731224, 544258.509206 258095.142554, 544258.691775 258086.989178)

LINESTRING (544239.389474 258108.944569, 544255.974773 258111.731224)

LINESTRING (544239.389474 258108.944569, 544240.205028 258103.714684)

LINESTRING (544239.389474 258108.944569, 544239.027046 258111.293698)

LINESTRING (544239.027046 258111.293698, 544239.389474 258108.944569)

LINESTRING (544839.571715 258847.085718, 544849.416962 258854.385761, 544861.820350 258863.530370, 544866.785082 258867.493301, 544872.167869 258871.657680, 544872.529673 258873.081846, 544873.053180 258875.056140, 544877.501897 258878.425205)

LINESTRING (544839.571715 258847.085718, 544839.076540 258846.715065, 544832.599890 258841.839790, 544827.387184 258837.468947)

LINESTRING (544839.571715 258847.085718, 544839.422390 258847.281704, 544839.293887 258847.467169, 544842.265585 258849.668840, 544841.980925 258850.050092, 544838.473709 258847.454329)

LINESTRING (544896.730136 258850.826881, 544903.657646 258856.650399, 544923.019950 258870.773688)

LINESTRING (544896.730136 258850.826881, 544890.479219 258858.346514, 544877.886022 258873.472176)

LINESTRING (544877.886022 258873.472176, 544890.479219 258858.346514, 544896.730136 258850.826881)

LINESTRING (544810.847475 258192.612268, 544813.027542 258185.407673)

LINESTRING (544810.847475 258192.612268, 544809.480164 258198.683025, 544807.981090 258205.050460)

LINESTRING (544810.847475 258192.612268, 544803.957788 258191.075322, 544793.725096 258188.795158, 544794.076427 258187.069046)

LINESTRING (544818.809626 258186.700790, 544813.027542 258185.407673)

LINESTRING (544839.313660 258259.682225, 544836.152201 258274.493731, 544832.941092 258292.409228, 544831.807653 258296.794961)

LINESTRING (544841.508041 258269.775026, 544838.883556 258269.720597)

LINESTRING (544841.508041 258269.775026, 544846.135542 258269.854597, 544846.163232 258270.779247)

LINESTRING (544841.508041 258269.775026, 544839.223430 258283.599268, 544840.035703 258287.396280, 544841.981208 258289.857343, 544844.908970 258291.000305, 544846.464396 258294.874689, 544848.544205 258295.313907)

LINESTRING (544838.883556 258269.720597, 544841.508041 258269.775026)

LINESTRING (544846.163232 258270.779247, 544846.135542 258269.854597, 544841.508041 258269.775026)

LINESTRING (544844.863134 258329.544271, 544837.928044 258326.525570)

LINESTRING (544832.030232 258358.687655, 544832.929286 258351.323200, 544833.683330 258346.815076, 544833.168869 258345.464370, 544834.254088 258339.452159, 544837.928044 258326.525570)

LINESTRING (544597.073332 258533.657005, 544593.656112 258537.809195)

LINESTRING (544223.351681 259074.554142, 544225.267687 259078.026989)

LINESTRING (544225.267687 259078.026989, 544223.351681 259074.554142)

LINESTRING (544225.267687 259078.026989, 544227.961417 259078.506089, 544231.158020 259076.272841, 544230.148550 259074.073000, 544232.444078 259072.258748, 544234.963336 259069.805436)

LINESTRING (544286.985017 259082.673056, 544290.822950 259090.821078)

LINESTRING (544290.822950 259090.821078, 544286.985017 259082.673056)

LINESTRING (544290.822950 259090.821078, 544302.444649 259085.494031)

LINESTRING (544290.822950 259090.821078, 544293.914048 259097.377946, 544295.704465 259101.169952)

LINESTRING (544290.822950 259090.821078, 544283.696252 259093.941608, 544280.643096 259098.527550)

LINESTRING (544301.887528 259084.197792, 544302.444649 259085.494031)

LINESTRING (544302.444649 259085.494031, 544301.887528 259084.197792)

LINESTRING (544302.444649 259085.494031, 544290.822950 259090.821078)

LINESTRING (544302.444649 259085.494031, 544303.448579 259087.882947, 544305.262233 259092.755299)

LINESTRING (544295.704465 259101.169952, 544290.076447 259106.126134)

LINESTRING (544295.704465 259101.169952, 544305.262233 259092.755299)

LINESTRING (544295.704465 259101.169952, 544293.914048 259097.377946, 544290.822950 259090.821078)

LINESTRING (544280.643096 259098.527550, 544279.431998 259099.026555)

LINESTRING (544280.643096 259098.527550, 544283.696252 259093.941608, 544290.822950 259090.821078)

LINESTRING (544280.643096 259098.527550, 544283.101617 259099.100008, 544287.039965 259101.685667, 544290.076447 259106.126134)

LINESTRING (544278.405621 259096.703775, 544279.431998 259099.026555)

LINESTRING (544279.431998 259099.026555, 544278.405621 259096.703775)

LINESTRING (544279.431998 259099.026555, 544280.643096 259098.527550)

LINESTRING (544279.431998 259099.026555, 544274.277265 259101.113718, 544271.801260 259101.141806, 544269.684326 259100.579298, 544265.727127 259100.519743)

LINESTRING (544290.076447 259106.126134, 544262.807355 259130.587444)

LINESTRING (544290.076447 259106.126134, 544295.704465 259101.169952)

LINESTRING (544290.076447 259106.126134, 544287.039965 259101.685667, 544283.101617 259099.100008, 544280.643096 259098.527550)

LINESTRING (544265.727127 259100.519743, 544263.423138 259095.343738, 544259.364282 259087.267222, 544252.256190 259074.716504, 544249.349782 259070.268718, 544245.939825 259066.206977, 544239.569920 259067.757929, 544234.963336 259069.805436)

LINESTRING (544265.727127 259100.519743, 544263.338348 259100.839769, 544259.858790 259101.283869, 544249.526924 259107.872921)

LINESTRING (544265.727127 259100.519743, 544269.684326 259100.579298, 544271.801260 259101.141806, 544274.277265 259101.113718, 544279.431998 259099.026555)

LINESTRING (544234.963336 259069.805436, 544239.569920 259067.757929, 544245.939825 259066.206977, 544249.349782 259070.268718, 544252.256190 259074.716504, 544259.364282 259087.267222, 544263.423138 259095.343738, 544265.727127 259100.519743)

LINESTRING (544234.963336 259069.805436, 544232.444078 259072.258748, 544230.148550 259074.073000, 544231.158020 259076.272841, 544227.961417 259078.506089, 544225.267687 259078.026989)

LINESTRING (544249.526924 259107.872921, 544247.923064 259103.073482)

LINESTRING (544249.526924 259107.872921, 544257.900076 259124.645558)

LINESTRING (544249.526924 259107.872921, 544235.910031 259114.566724)

LINESTRING (544249.526924 259107.872921, 544259.858790 259101.283869, 544263.338348 259100.839769, 544265.727127 259100.519743)

LINESTRING (544262.807355 259130.587444, 544290.076447 259106.126134)

LINESTRING (544262.807355 259130.587444, 544257.900076 259124.645558)

LINESTRING (544262.807355 259130.587444, 544247.431772 259143.674611, 544242.926376 259147.650641, 544235.600527 259154.093477, 544229.277519 259159.675067, 544221.860627 259166.193186)

LINESTRING (544247.923064 259103.073482, 544249.526924 259107.872921)

LINESTRING (544257.900076 259124.645558, 544249.526924 259107.872921)

LINESTRING (544257.900076 259124.645558, 544262.807355 259130.587444)

LINESTRING (544257.900076 259124.645558, 544263.348185 259122.344309)

LINESTRING (544257.900076 259124.645558, 544251.542325 259128.834790)

LINESTRING (544235.910031 259114.566724, 544235.222003 259114.713656)

LINESTRING (544235.910031 259114.566724, 544249.526924 259107.872921)

LINESTRING (544235.910031 259114.566724, 544230.626410 259104.874043)

LINESTRING (544330.338760 259117.293908, 544332.927454 259115.744244, 544338.351760 259112.618719)

LINESTRING (544235.222003 259114.713656, 544233.624418 259119.564603)

LINESTRING (544235.222003 259114.713656, 544235.910031 259114.566724)

LINESTRING (544235.222003 259114.713656, 544227.771623 259112.983047)

LINESTRING (544233.624418 259119.564603, 544235.222003 259114.713656)

LINESTRING (544233.624418 259119.564603, 544238.371446 259128.429137, 544241.260836 259134.635052)

LINESTRING (544233.624418 259119.564603, 544230.401124 259117.077713, 544227.771623 259112.983047)

LINESTRING (544227.771623 259112.983047, 544235.222003 259114.713656)

LINESTRING (544227.771623 259112.983047, 544230.401124 259117.077713, 544233.624418 259119.564603)

LINESTRING (544227.771623 259112.983047, 544225.521526 259109.478214, 544225.252361 259108.624457, 544223.714065 259109.559175)

LINESTRING (544241.260836 259134.635052, 544249.045392 259130.286991)

LINESTRING (544241.260836 259134.635052, 544241.141628 259135.911597)

LINESTRING (544241.260836 259134.635052, 544239.817217 259135.605912, 544237.314140 259137.269421)

LINESTRING (544241.260836 259134.635052, 544238.371446 259128.429137, 544233.624418 259119.564603)

LINESTRING (544203.437638 259122.826627, 544198.895915 259123.117423, 544191.524571 259125.485215, 544186.322084 259127.571077, 544185.333216 259130.302682, 544185.077283 259132.988830, 544185.581433 259138.691215, 544186.944430 259142.370567, 544189.618568 259146.811557, 544192.719465 259150.919920, 544195.965262 259153.808141)

LINESTRING (544203.437638 259122.826627, 544205.888645 259121.072541, 544208.181006 259122.185525, 544211.328152 259124.469833, 544213.766600 259125.731768, 544215.244445 259125.229380, 544215.548496 259124.414567)

LINESTRING (544203.437638 259122.826627, 544204.908069 259124.928571, 544215.127340 259131.837525, 544215.566466 259133.664587)

LINESTRING (544195.965262 259153.808141, 544207.841893 259166.731292, 544215.901449 259159.274628)

LINESTRING (544195.965262 259153.808141, 544192.719465 259150.919920, 544189.618568 259146.811557, 544186.944430 259142.370567, 544185.581433 259138.691215, 544185.077283 259132.988830, 544185.333216 259130.302682, 544186.322084 259127.571077, 544191.524571 259125.485215, 544198.895915 259123.117423, 544203.437638 259122.826627)

LINESTRING (544195.965262 259153.808141, 544214.948332 259135.638968, 544215.566466 259133.664587)

LINESTRING (544215.548496 259124.414567, 544215.244445 259125.229380, 544213.766600 259125.731768, 544211.328152 259124.469833, 544208.181006 259122.185525, 544205.888645 259121.072541, 544203.437638 259122.826627)

LINESTRING (544215.566466 259133.664587, 544222.976896 259142.640012)

LINESTRING (544215.566466 259133.664587, 544215.127340 259131.837525, 544204.908069 259124.928571, 544203.437638 259122.826627)

LINESTRING (544215.566466 259133.664587, 544214.948332 259135.638968, 544195.965262 259153.808141)

LINESTRING (544263.348185 259122.344309, 544257.900076 259124.645558)

LINESTRING (544336.915309 259129.539874, 544340.163053 259127.664362, 544345.847338 259125.002773)

LINESTRING (544251.542325 259128.834790, 544257.900076 259124.645558)

LINESTRING (544249.045392 259130.286991, 544241.260836 259134.635052)

LINESTRING (544222.976896 259142.640012, 544215.566466 259133.664587)

LINESTRING (544241.141628 259135.911597, 544241.260836 259134.635052)

LINESTRING (544237.314140 259137.269421, 544239.817217 259135.605912, 544241.260836 259134.635052)

LINESTRING (544226.646078 259148.835222, 544221.654141 259153.553987)

LINESTRING (544221.654141 259153.553987, 544226.646078 259148.835222)

LINESTRING (544221.654141 259153.553987, 544215.901449 259159.274628)

LINESTRING (544221.654141 259153.553987, 544219.402292 259151.284597)

LINESTRING (544219.402292 259151.284597, 544221.654141 259153.553987)

LINESTRING (544215.901449 259159.274628, 544221.654141 259153.553987)

LINESTRING (544215.901449 259159.274628, 544215.403963 259158.748144)

LINESTRING (544215.901449 259159.274628, 544221.860627 259166.193186)

LINESTRING (544215.901449 259159.274628, 544207.841893 259166.731292, 544195.965262 259153.808141)

LINESTRING (544215.403963 259158.748144, 544215.901449 259159.274628)

LINESTRING (544297.882448 259177.121601, 544301.417579 259181.576600, 544304.262323 259185.555142)

LINESTRING (544303.416295 259186.432081, 544280.287427 259210.546369)

LINESTRING (544303.416295 259186.432081, 544309.481561 259192.285306)

LINESTRING (544273.079337 259202.378140, 544276.812941 259207.061511, 544280.287427 259210.546369)

LINESTRING (544280.287427 259210.546369, 544265.742009 259229.178406, 544264.042662 259232.123054)

LINESTRING (544280.287427 259210.546369, 544276.812941 259207.061511, 544273.079337 259202.378140)

LINESTRING (544264.042662 259232.123054, 544263.182337 259235.370394, 544263.040912 259238.349269)

LINESTRING (544264.042662 259232.123054, 544255.472578 259229.168825, 544251.475413 259219.446781)

LINESTRING (544251.475413 259219.446781, 544255.472578 259229.168825, 544264.042662 259232.123054)

LINESTRING (544230.626410 259104.874043, 544235.910031 259114.566724)

LINESTRING (544223.714065 259109.559175, 544225.252361 259108.624457, 544225.521526 259109.478214, 544227.771623 259112.983047)

LINESTRING (544884.353845 257993.641259, 544884.550045 257993.246292)

LINESTRING (544884.550045 257993.246292, 544884.199264 257993.080211)

LINESTRING (544884.550045 257993.246292, 544884.353845 257993.641259)

LINESTRING (544884.550045 257993.246292, 544884.887484 257993.400852)

LINESTRING (544884.550045 257993.246292, 544884.877370 257992.576892, 544886.755425 257988.691547)

LINESTRING (544857.976298 257938.608682, 544864.736219 257923.768775, 544866.114843 257921.293545)

LINESTRING (545058.272502 257945.278237, 545053.918012 257953.387481, 545047.819731 257964.762630)

LINESTRING (545047.819731 257964.762630, 545053.918012 257953.387481, 545058.272502 257945.278237)

LINESTRING (545047.819731 257964.762630, 545064.258741 257972.790229, 545091.488096 257986.020044)

LINESTRING (545047.819731 257964.762630, 544991.476358 257937.246779, 544969.149507 257981.806368, 544968.547872 257983.202362)

LINESTRING (544930.864656 257961.197196, 544917.217277 257976.982122)

LINESTRING (544930.864656 257961.197196, 544936.307753 257954.911711)

LINESTRING (544930.864656 257961.197196, 544936.256898 257965.539959, 544938.051811 257966.839067, 544946.312431 257972.490077, 544960.398939 257979.580352, 544968.547872 257983.202362)

LINESTRING (544968.547872 257983.202362, 544967.169871 257986.356551, 544969.065310 257987.257908, 545005.955471 258004.565323)

LINESTRING (544968.547872 257983.202362, 544969.149507 257981.806368, 544991.476358 257937.246779, 545047.819731 257964.762630)

LINESTRING (544968.547872 257983.202362, 544960.398939 257979.580352, 544946.312431 257972.490077, 544938.051811 257966.839067, 544936.256898 257965.539959, 544930.864656 257961.197196)

LINESTRING (545025.150006 257967.260460, 545010.886432 257994.981403)

LINESTRING (545025.150006 257967.260460, 544996.765873 257953.986115, 544983.152569 257981.692760, 545010.886432 257994.981403)

LINESTRING (545025.150006 257967.260460, 545035.513891 257971.848962)

LINESTRING (545010.886432 257994.981403, 545025.150006 257967.260460)

LINESTRING (545010.886432 257994.981403, 544983.152569 257981.692760, 544996.765873 257953.986115, 545025.150006 257967.260460)

LINESTRING (545010.886432 257994.981403, 545005.955471 258004.565323)

LINESTRING (545035.513891 257971.848962, 545025.150006 257967.260460)

LINESTRING (544933.107222 257987.419702, 544923.340669 257981.112504, 544922.320214 257980.459357, 544917.217277 257976.982122)

LINESTRING (545005.955471 258004.565323, 545010.886432 257994.981403)

LINESTRING (545005.955471 258004.565323, 545005.646027 258005.324284)

LINESTRING (545005.955471 258004.565323, 544969.065310 257987.257908, 544967.169871 257986.356551, 544968.547872 257983.202362)

LINESTRING (544883.991636 257992.228216, 544884.199264 257993.080211)

LINESTRING (544884.199264 257993.080211, 544883.565386 257992.772289)

LINESTRING (544884.199264 257993.080211, 544884.550045 257993.246292)

LINESTRING (544884.199264 257993.080211, 544883.991636 257992.228216)

LINESTRING (544883.565386 257992.772289, 544884.199264 257993.080211)

LINESTRING (544885.774496 257993.003814, 544884.887484 257993.400852)

LINESTRING (544884.887484 257993.400852, 544885.556178 257993.687531)

LINESTRING (544884.887484 257993.400852, 544884.550045 257993.246292)

LINESTRING (544884.887484 257993.400852, 544885.774496 257993.003814)

LINESTRING (544885.556178 257993.687531, 544884.887484 257993.400852)

LINESTRING (545005.646027 258005.324284, 545005.955471 258004.565323)

LINESTRING (544769.883209 258178.081231, 544769.051675 258180.795073)

LINESTRING (544769.051675 258180.795073, 544769.883209 258178.081231)

LINESTRING (544769.051675 258180.795073, 544783.299657 258184.216481)

LINESTRING (544769.051675 258180.795073, 544759.781756 258178.565360)

LINESTRING (544760.351019 258175.699159, 544759.781756 258178.565360)

LINESTRING (544759.781756 258178.565360, 544760.351019 258175.699159)

LINESTRING (544759.781756 258178.565360, 544769.051675 258180.795073)

LINESTRING (544759.781756 258178.565360, 544738.170250 258173.437503)

LINESTRING (544730.048087 258173.823659, 544737.925358 258175.500643)

LINESTRING (544737.925358 258175.500643, 544730.048087 258173.823659)

LINESTRING (544737.925358 258175.500643, 544738.170250 258173.437503)

LINESTRING (544737.925358 258175.500643, 544735.631913 258195.023527)

LINESTRING (544752.938011 258208.240027, 544753.816689 258205.082335)

LINESTRING (544753.816689 258205.082335, 544752.938011 258208.240027)

LINESTRING (544753.816689 258205.082335, 544735.095627 258199.571412)

LINESTRING (544753.816689 258205.082335, 544775.969217 258211.584003)

LINESTRING (544727.776159 258193.547524, 544735.631913 258195.023527)

LINESTRING (544735.631913 258195.023527, 544727.776159 258193.547524)

LINESTRING (544735.631913 258195.023527, 544737.925358 258175.500643)

LINESTRING (544735.631913 258195.023527, 544735.095627 258199.571412)

LINESTRING (544730.876586 258202.364438, 544731.374959 258200.520180, 544731.952731 258198.767285, 544735.095627 258199.571412)

LINESTRING (544735.095627 258199.571412, 544735.631913 258195.023527)

LINESTRING (544735.095627 258199.571412, 544753.816689 258205.082335)

LINESTRING (544735.095627 258199.571412, 544731.952731 258198.767285, 544731.374959 258200.520180, 544730.876586 258202.364438)

LINESTRING (544796.207738 258153.672712, 544793.500485 258166.048775, 544793.145569 258167.663476, 544793.026192 258168.472523, 544786.004353 258166.775915)

LINESTRING (544786.004353 258166.775915, 544786.085849 258169.839211)

LINESTRING (544786.004353 258166.775915, 544793.026192 258168.472523, 544793.145569 258167.663476, 544793.500485 258166.048775, 544796.207738 258153.672712)

LINESTRING (544786.004353 258166.775915, 544784.250129 258165.021694, 544773.347664 258161.319555)

LINESTRING (544784.197812 258246.652003, 544781.660183 258246.433183)

LINESTRING (544781.660183 258246.433183, 544784.197812 258246.652003)

LINESTRING (544781.660183 258246.433183, 544782.440815 258240.779377)

LINESTRING (544781.660183 258246.433183, 544780.657718 258253.594271, 544780.312926 258255.799190)

LINESTRING (544779.404873 258139.613708, 544780.892885 258140.180308)

LINESTRING (544780.892885 258140.180308, 544777.488550 258149.731106)

LINESTRING (544780.892885 258140.180308, 544779.404873 258139.613708)

LINESTRING (544780.892885 258140.180308, 544781.741694 258137.812021, 544782.325661 258135.847830)

LINESTRING (544776.040240 258149.210189, 544777.488550 258149.731106)

LINESTRING (544777.488550 258149.731106, 544774.256328 258158.774925)

LINESTRING (544777.488550 258149.731106, 544780.892885 258140.180308)

LINESTRING (544777.488550 258149.731106, 544776.040240 258149.210189)

LINESTRING (544772.810956 258158.387662, 544773.449041 258158.550997, 544774.256328 258158.774925)

LINESTRING (544774.256328 258158.774925, 544773.347664 258161.319555)

LINESTRING (544774.256328 258158.774925, 544777.488550 258149.731106)

LINESTRING (544774.256328 258158.774925, 544773.449041 258158.550997, 544772.810956 258158.387662)

LINESTRING (544782.325661 258135.847830, 544781.741694 258137.812021, 544780.892885 258140.180308)

LINESTRING (544737.241333 258168.713267, 544737.141179 258169.801142, 544737.034517 258170.877695, 544736.827701 258173.042122, 544738.170250 258173.437503)

LINESTRING (544738.170250 258173.437503, 544759.781756 258178.565360)

LINESTRING (544738.170250 258173.437503, 544737.925358 258175.500643)

LINESTRING (544738.170250 258173.437503, 544736.827701 258173.042122, 544737.034517 258170.877695, 544737.141179 258169.801142, 544737.241333 258168.713267)

LINESTRING (544794.076427 258187.069046, 544793.725096 258188.795158, 544803.957788 258191.075322, 544810.847475 258192.612268)

LINESTRING (544743.755190 258146.586625, 544744.032343 258145.292438, 544729.672326 258142.424408)

LINESTRING (544729.672326 258142.424408, 544728.454400 258142.210758)

LINESTRING (544729.672326 258142.424408, 544729.546776 258143.211015, 544729.293712 258144.617211, 544728.731961 258147.695115, 544730.486776 258148.024617, 544730.271124 258149.320600)

LINESTRING (544729.672326 258142.424408, 544744.032343 258145.292438, 544743.755190 258146.586625)

LINESTRING (544728.454400 258142.210758, 544729.672326 258142.424408)

LINESTRING (544730.271124 258149.320600, 544731.455857 258149.499889)

LINESTRING (544730.271124 258149.320600, 544727.404793 258148.880731, 544724.218606 258148.387003)

LINESTRING (544730.271124 258149.320600, 544730.486776 258148.024617, 544728.731961 258147.695115, 544729.293712 258144.617211, 544729.546776 258143.211015, 544729.672326 258142.424408)

LINESTRING (544731.455857 258149.499889, 544730.271124 258149.320600)

LINESTRING (544773.347664 258161.319555, 544774.256328 258158.774925)

LINESTRING (544773.347664 258161.319555, 544771.724238 258165.857948, 544760.936006 258162.693442)

LINESTRING (544773.347664 258161.319555, 544784.250129 258165.021694, 544786.004353 258166.775915)

LINESTRING (544760.936006 258162.693442, 544771.724238 258165.857948, 544773.347664 258161.319555)

LINESTRING (544772.976334 258166.306349, 544786.085849 258169.839211)

LINESTRING (544786.085849 258169.839211, 544772.976334 258166.306349)

LINESTRING (544786.085849 258169.839211, 544786.004353 258166.775915)

LINESTRING (544786.085849 258169.839211, 544786.205162 258174.417373, 544785.721407 258176.228662)

LINESTRING (544785.721407 258176.228662, 544786.205162 258174.417373, 544786.085849 258169.839211)

LINESTRING (544785.721407 258176.228662, 544786.610687 258176.454988, 544786.026420 258178.897785, 544785.434671 258181.362624, 544784.151350 258181.046875)

LINESTRING (544785.721407 258176.228662, 544784.329731 258175.876355, 544783.653712 258178.416648, 544783.024214 258180.769079, 544784.151350 258181.046875)

LINESTRING (544784.151350 258181.046875, 544783.636367 258182.990819)

LINESTRING (544784.151350 258181.046875, 544783.024214 258180.769079, 544783.653712 258178.416648, 544784.329731 258175.876355, 544785.721407 258176.228662)

LINESTRING (544784.151350 258181.046875, 544785.434671 258181.362624, 544786.026420 258178.897785, 544786.610687 258176.454988, 544785.721407 258176.228662)

LINESTRING (544783.636367 258182.990819, 544788.344040 258184.074428)

LINESTRING (544783.636367 258182.990819, 544783.299657 258184.216481)

LINESTRING (544783.636367 258182.990819, 544784.151350 258181.046875)

LINESTRING (544783.299657 258184.216481, 544779.668750 258197.778806)

LINESTRING (544783.299657 258184.216481, 544783.636367 258182.990819)

LINESTRING (544783.299657 258184.216481, 544769.051675 258180.795073)

LINESTRING (544788.344040 258184.074428, 544783.636367 258182.990819)

LINESTRING (544779.668750 258197.778806, 544775.969217 258211.584003)

LINESTRING (544779.668750 258197.778806, 544783.299657 258184.216481)

LINESTRING (544779.668750 258197.778806, 544785.322634 258199.246230, 544801.730462 258203.409749, 544807.981090 258205.050460)

LINESTRING (544775.969217 258211.584003, 544774.871917 258215.670276)

LINESTRING (544775.969217 258211.584003, 544779.668750 258197.778806)

LINESTRING (544775.969217 258211.584003, 544753.816689 258205.082335)

LINESTRING (544774.871917 258215.670276, 544775.969217 258211.584003)

LINESTRING (544782.440815 258240.779377, 544781.660183 258246.433183)

LINESTRING (544811.249612 258729.820662, 544819.910846 258726.166901)

LINESTRING (544819.910846 258726.166901, 544818.926492 258720.773179)

LINESTRING (544819.910846 258726.166901, 544811.249612 258729.820662)

LINESTRING (544646.125521 258760.905869, 544644.110372 258761.303409)

LINESTRING (544646.125521 258760.905869, 544644.095057 258756.205148)

LINESTRING (544646.125521 258760.905869, 544650.304783 258759.458435, 544668.069198 258754.567491, 544676.245907 258752.045795, 544678.338827 258762.335916, 544680.084547 258766.482941, 544682.149796 258771.396176, 544683.234635 258773.820927)

LINESTRING (544683.234635 258773.820927, 544682.149796 258771.396176, 544680.084547 258766.482941, 544678.338827 258762.335916, 544676.245907 258752.045795, 544668.069198 258754.567491, 544650.304783 258759.458435, 544646.125521 258760.905869)

LINESTRING (544683.234635 258773.820927, 544692.948784 258769.463071, 544699.680272 258783.417036)

LINESTRING (544683.234635 258773.820927, 544679.391154 258775.712230, 544684.151457 258790.198549)

LINESTRING (544699.680272 258783.417036, 544684.151457 258790.198549)

LINESTRING (544699.680272 258783.417036, 544706.878008 258798.731431, 544689.575221 258806.785668, 544684.151457 258790.198549)

LINESTRING (544699.680272 258783.417036, 544703.974680 258781.538916)

LINESTRING (544699.680272 258783.417036, 544692.948784 258769.463071, 544683.234635 258773.820927)

LINESTRING (544684.151457 258790.198549, 544699.680272 258783.417036)

LINESTRING (544684.151457 258790.198549, 544689.575221 258806.785668, 544706.878008 258798.731431, 544699.680272 258783.417036)

LINESTRING (544684.151457 258790.198549, 544681.720244 258791.262893, 544675.325214 258794.593471, 544658.587674 258798.980088, 544645.220275 258801.995883, 544645.879907 258804.463867, 544641.415663 258805.602460)

LINESTRING (544684.151457 258790.198549, 544679.391154 258775.712230, 544683.234635 258773.820927)

LINESTRING (544703.974680 258781.538916, 544699.680272 258783.417036)

LINESTRING (544832.719498 258793.759008, 544844.654833 258788.275382)

LINESTRING (544641.415663 258805.602460, 544608.486287 258813.490316)

LINESTRING (544641.415663 258805.602460, 544642.003729 258808.179661, 544647.406543 258830.876817)

LINESTRING (544641.415663 258805.602460, 544645.879907 258804.463867, 544645.220275 258801.995883, 544658.587674 258798.980088, 544675.325214 258794.593471, 544681.720244 258791.262893, 544684.151457 258790.198549)

LINESTRING (544485.066219 258929.644483, 544490.385591 258935.053212)

LINESTRING (544490.385591 258935.053212, 544462.349005 258965.134335)

LINESTRING (544490.385591 258935.053212, 544491.495402 258936.154107)

LINESTRING (544490.385591 258935.053212, 544485.066219 258929.644483)

LINESTRING (544650.443005 258832.033983, 544650.058010 258830.230719, 544647.406543 258830.876817)

LINESTRING (544647.406543 258830.876817, 544642.003729 258808.179661, 544641.415663 258805.602460)

LINESTRING (544647.406543 258830.876817, 544650.058010 258830.230719, 544650.443005 258832.033983)

LINESTRING (544647.406543 258830.876817, 544628.839458 258835.399348, 544625.223720 258831.832213, 544623.819913 258827.684055, 544612.138083 258829.179710)

LINESTRING (544608.486287 258813.490316, 544641.415663 258805.602460)

LINESTRING (544608.486287 258813.490316, 544575.443130 258821.063409, 544576.046189 258823.596516, 544581.559298 258846.975772, 544600.106152 258842.908832, 544600.996314 258839.117011, 544599.984374 258833.021310, 544612.138083 258829.179710)

LINESTRING (544608.486287 258813.490316, 544609.323368 258817.610801, 544612.138083 258829.179710)

LINESTRING (544608.486287 258813.490316, 544607.613404 258809.190697, 544606.346796 258804.089317)

LINESTRING (544612.138083 258829.179710, 544612.803295 258832.159860, 544615.274661 258842.371950, 544615.628735 258843.829260, 544616.568592 258847.707873, 544617.202865 258850.342073, 544620.128882 258863.016166)

LINESTRING (544612.138083 258829.179710, 544609.323368 258817.610801, 544608.486287 258813.490316)

LINESTRING (544612.138083 258829.179710, 544599.984374 258833.021310, 544600.996314 258839.117011, 544600.106152 258842.908832, 544581.559298 258846.975772, 544576.046189 258823.596516, 544575.443130 258821.063409, 544608.486287 258813.490316)

LINESTRING (544612.138083 258829.179710, 544623.819913 258827.684055, 544625.223720 258831.832213, 544628.839458 258835.399348, 544647.406543 258830.876817)

LINESTRING (544620.128882 258863.016166, 544581.124950 258871.238926)

LINESTRING (544620.128882 258863.016166, 544629.791229 258860.893935)

LINESTRING (544620.128882 258863.016166, 544617.202865 258850.342073, 544616.568592 258847.707873, 544615.628735 258843.829260, 544615.274661 258842.371950, 544612.803295 258832.159860, 544612.138083 258829.179710)

LINESTRING (544627.144817 258849.886454, 544629.791229 258860.893935)

LINESTRING (544629.791229 258860.893935, 544620.128882 258863.016166)

LINESTRING (544629.791229 258860.893935, 544633.449063 258876.138303)

LINESTRING (544629.791229 258860.893935, 544627.144817 258849.886454)

LINESTRING (544633.449063 258876.138303, 544629.791229 258860.893935)

LINESTRING (544581.124950 258871.238926, 544620.128882 258863.016166)

LINESTRING (544581.124950 258871.238926, 544578.582611 258865.098582)

LINESTRING (544581.124950 258871.238926, 544582.382133 258876.429069)

LINESTRING (544578.582611 258865.098582, 544581.124950 258871.238926)

LINESTRING (544582.382133 258876.429069, 544581.124950 258871.238926)

LINESTRING (544550.633186 258920.993632, 544513.432739 258952.977658)

LINESTRING (544513.432739 258952.977658, 544550.633186 258920.993632)

LINESTRING (544513.432739 258952.977658, 544510.457833 258955.573378, 544508.135208 258954.559549, 544504.761827 258957.689051)

LINESTRING (544513.432739 258952.977658, 544494.808273 258932.989439, 544491.495402 258936.154107)

LINESTRING (544462.349005 258965.134335, 544490.385591 258935.053212)

LINESTRING (544462.349005 258965.134335, 544469.245238 258970.633533)

LINESTRING (544462.349005 258965.134335, 544446.373413 258953.026062, 544430.570127 258979.579371)

LINESTRING (544491.495402 258936.154107, 544490.385591 258935.053212)

LINESTRING (544491.495402 258936.154107, 544488.870574 258938.938136)

LINESTRING (544491.495402 258936.154107, 544494.808273 258932.989439, 544513.432739 258952.977658)

LINESTRING (544488.870574 258938.938136, 544491.495402 258936.154107)

LINESTRING (544504.761827 258957.689051, 544502.831502 258959.636269)

LINESTRING (544504.761827 258957.689051, 544508.135208 258954.559549, 544510.457833 258955.573378, 544513.432739 258952.977658)

LINESTRING (544504.761827 258957.689051, 544503.989102 258956.987553, 544502.072441 258958.935169)

LINESTRING (544502.831502 258959.636269, 544504.761827 258957.689051)

LINESTRING (544430.570127 258979.579371, 544446.373413 258953.026062, 544462.349005 258965.134335)

LINESTRING (545223.439073 258979.699559, 545222.121872 258972.147760)

LINESTRING (545248.546002 258800.341229, 545248.579125 258795.478100)

LINESTRING (545248.546002 258800.341229, 545255.830087 258800.521329, 545255.997956 258794.793957, 545263.006805 258795.032783, 545302.867150 258795.455552, 545311.400556 258795.705754)

LINESTRING (545248.546002 258800.341229, 545248.491868 258808.721032, 545251.348693 258808.771370)

LINESTRING (545248.579125 258795.478100, 545248.546002 258800.341229)

LINESTRING (545251.348693 258808.771370, 545248.491868 258808.721032, 545248.546002 258800.341229)

LINESTRING (545195.083345 258876.989740, 545197.479659 258879.686785)

LINESTRING (545195.083345 258876.989740, 545192.669647 258877.453295, 545189.091238 258877.994034, 545185.470535 258878.578059)

LINESTRING (545195.083345 258876.989740, 545182.391243 258815.165540, 545181.137602 258809.641401)

LINESTRING (545197.479659 258879.686785, 545195.083345 258876.989740)

LINESTRING (545200.909054 258928.806691, 545208.750902 258928.847243)

LINESTRING (545256.689295 258278.173575, 545255.257545 258280.124005)

LINESTRING (545270.534288 258286.927317, 545269.098297 258289.022316)

LINESTRING (545348.214752 258392.140976, 545347.571901 258390.975666, 545346.593313 258389.132671)

LINESTRING (545327.566734 258242.239958, 545326.378040 258243.596439)

LINESTRING (545212.248858 258332.168502, 545215.128113 258331.462580)

LINESTRING (545215.128113 258331.462580, 545210.249257 258328.525852)

LINESTRING (545215.128113 258331.462580, 545212.248858 258332.168502)

LINESTRING (545215.128113 258331.462580, 545221.026338 258334.852144, 545222.512606 258335.708227)

LINESTRING (545215.128113 258331.462580, 545220.960148 258330.342291, 545227.431866 258329.329797)

LINESTRING (545221.062341 258337.591339, 545222.512606 258335.708227)

LINESTRING (545222.512606 258335.708227, 545221.062341 258337.591339)

LINESTRING (545222.512606 258335.708227, 545227.431866 258329.329797)

LINESTRING (545222.512606 258335.708227, 545223.622427 258336.341799, 545230.358440 258340.546197)

LINESTRING (545222.512606 258335.708227, 545221.026338 258334.852144, 545215.128113 258331.462580)

LINESTRING (545229.768436 258342.944261, 545230.358440 258340.546197)

LINESTRING (545230.358440 258340.546197, 545229.768436 258342.944261)

LINESTRING (545230.358440 258340.546197, 545228.762744 258334.555675, 545227.431866 258329.329797)

LINESTRING (545230.358440 258340.546197, 545233.775071 258342.972614, 545234.806122 258344.193805)

LINESTRING (545230.358440 258340.546197, 545223.622427 258336.341799, 545222.512606 258335.708227)

LINESTRING (545390.096736 258204.147983, 545378.740463 258210.337469, 545373.020588 258214.855723, 545373.077665 258217.573279, 545375.854756 258222.685787, 545363.728946 258229.932410, 545351.505584 258236.775497)

LINESTRING (545351.505584 258236.775497, 545348.440615 258225.154255)

LINESTRING (545351.505584 258236.775497, 545363.728946 258229.932410, 545375.854756 258222.685787, 545373.077665 258217.573279, 545373.020588 258214.855723, 545378.740463 258210.337469, 545390.096736 258204.147983)

LINESTRING (545351.505584 258236.775497, 545335.805903 258222.936090, 545319.056072 258237.449130, 545326.378040 258243.596439)

LINESTRING (545351.505584 258236.775497, 545351.623719 258246.273416, 545352.717193 258248.164302)

LINESTRING (545279.736101 258201.869411, 545281.503146 258203.880197)

LINESTRING (545281.503146 258203.880197, 545279.736101 258201.869411)

LINESTRING (545281.503146 258203.880197, 545283.085711 258205.651833, 545283.873740 258206.531991, 545286.561527 258203.961675, 545288.010850 258202.579432, 545293.873018 258206.969779, 545308.488688 258220.933095, 545330.774849 258202.096682, 545333.264115 258205.831654)

LINESTRING (545281.503146 258203.880197, 545275.712617 258211.045584, 545275.744988 258214.374598, 545274.365874 258217.328325, 545272.038317 258219.508501)

LINESTRING (545333.264115 258205.831654, 545336.919761 258211.303817)

LINESTRING (545333.264115 258205.831654, 545345.214768 258195.229491)

LINESTRING (545333.264115 258205.831654, 545330.774849 258202.096682, 545308.488688 258220.933095, 545293.873018 258206.969779, 545288.010850 258202.579432, 545286.561527 258203.961675, 545283.873740 258206.531991, 545283.085711 258205.651833, 545281.503146 258203.880197)

LINESTRING (545272.038317 258219.508501, 545270.386295 258220.806893)

LINESTRING (545272.038317 258219.508501, 545275.237677 258221.650308)

LINESTRING (545272.038317 258219.508501, 545274.365874 258217.328325, 545275.744988 258214.374598, 545275.712617 258211.045584, 545281.503146 258203.880197)

LINESTRING (545404.560688 258216.047971, 545407.529707 258221.377611, 545407.899939 258222.045181)

LINESTRING (545275.237677 258221.650308, 545272.038317 258219.508501)

LINESTRING (545274.157658 258223.265991, 545270.386295 258220.806893)

LINESTRING (545348.440615 258225.154255, 545351.505584 258236.775497)

LINESTRING (545348.440615 258225.154255, 545336.919761 258211.303817)

LINESTRING (545352.717193 258248.164302, 545404.560688 258216.047971)

LINESTRING (545352.717193 258248.164302, 545365.768946 258269.506094)

LINESTRING (545352.717193 258248.164302, 545351.623719 258246.273416, 545351.505584 258236.775497)

LINESTRING (545298.540135 258245.128907, 545299.672044 258246.642465, 545301.999992 258249.114928)

LINESTRING (545369.371440 258275.388561, 545365.768946 258269.506094)

LINESTRING (545220.291689 258309.975878, 545220.996758 258310.419500)

LINESTRING (545220.996758 258310.419500, 545220.291689 258309.975878)

LINESTRING (545220.996758 258310.419500, 545227.431866 258329.329797)

LINESTRING (545220.996758 258310.419500, 545210.249257 258328.525852)

LINESTRING (545220.996758 258310.419500, 545242.274345 258323.876586, 545245.760648 258325.559298)

LINESTRING (545245.760648 258325.559298, 545253.866635 258312.885280)

LINESTRING (545245.760648 258325.559298, 545242.274345 258323.876586, 545220.996758 258310.419500)

LINESTRING (545245.760648 258325.559298, 545228.729146 258328.933712, 545227.431866 258329.329797)

LINESTRING (545245.760648 258325.559298, 545245.945374 258327.423530, 545235.843479 258342.632518)

LINESTRING (545227.431866 258329.329797, 545220.996758 258310.419500)

LINESTRING (545227.431866 258329.329797, 545222.512606 258335.708227)

LINESTRING (545227.431866 258329.329797, 545235.843479 258342.632518)

LINESTRING (545227.431866 258329.329797, 545228.762744 258334.555675, 545230.358440 258340.546197)

LINESTRING (545227.431866 258329.329797, 545220.960148 258330.342291, 545215.128113 258331.462580)

LINESTRING (545227.431866 258329.329797, 545228.729146 258328.933712, 545245.760648 258325.559298)

LINESTRING (545235.843479 258342.632518, 545234.806122 258344.193805)

LINESTRING (545235.843479 258342.632518, 545227.431866 258329.329797)

LINESTRING (545235.843479 258342.632518, 545245.945374 258327.423530, 545245.760648 258325.559298)

LINESTRING (545235.843479 258342.632518, 545237.679772 258345.079415, 545228.616905 258358.905268, 545226.102780 258366.055397, 545217.136416 258376.823167, 545219.343292 258379.459005, 545217.983860 258380.343020, 545211.803923 258384.937011, 545213.570905 258387.415260)

LINESTRING (545209.267954 258327.940571, 545210.249257 258328.525852)

LINESTRING (545210.249257 258328.525852, 545215.128113 258331.462580)

LINESTRING (545210.249257 258328.525852, 545209.267954 258327.940571)

LINESTRING (545210.249257 258328.525852, 545220.996758 258310.419500)

LINESTRING (545234.806122 258344.193805, 545235.645865 258345.175647)

LINESTRING (545234.806122 258344.193805, 545235.843479 258342.632518)

LINESTRING (545234.806122 258344.193805, 545233.775071 258342.972614, 545230.358440 258340.546197)

LINESTRING (545235.645865 258345.175647, 545234.806122 258344.193805)

LINESTRING (545412.409570 258359.485418, 545406.163485 258362.596857, 545405.256318 258362.982079)

LINESTRING (545213.570905 258387.415260, 545211.822968 258388.721990, 545210.070954 258386.199657, 545209.017379 258386.914544, 545209.472223 258387.495532, 545211.784819 258390.724389, 545212.803252 258390.041865, 545214.059108 258391.759387, 545216.560947 258389.929344, 545215.330468 258388.279349, 545220.863879 258384.044862, 545220.455563 258383.509758, 545219.917434 258382.737108, 545215.329251 258386.220143, 545213.570905 258387.415260)

LINESTRING (545213.570905 258387.415260, 545215.329251 258386.220143, 545219.917434 258382.737108, 545220.455563 258383.509758, 545220.863879 258384.044862, 545215.330468 258388.279349, 545216.560947 258389.929344, 545214.059108 258391.759387, 545212.803252 258390.041865, 545211.784819 258390.724389, 545209.472223 258387.495532, 545209.017379 258386.914544, 545210.070954 258386.199657, 545211.822968 258388.721990, 545213.570905 258387.415260)

LINESTRING (545213.570905 258387.415260, 545211.803923 258384.937011, 545217.983860 258380.343020, 545219.343292 258379.459005, 545217.136416 258376.823167, 545226.102780 258366.055397, 545228.616905 258358.905268, 545237.679772 258345.079415, 545235.843479 258342.632518)

LINESTRING (545323.057924 258889.033207, 545332.326131 258888.937688)

LINESTRING (545434.047435 258749.593801, 545431.970323 258750.701570)

LINESTRING (545431.970323 258750.701570, 545390.327688 258757.872268, 545377.212343 258762.062231)

LINESTRING (545431.970323 258750.701570, 545429.552516 258752.467182, 545425.691224 258757.051022)

LINESTRING (544404.796810 259024.229903, 544398.162164 259004.591451)

LINESTRING (544784.581021 258348.252221, 544801.080981 258350.181201, 544806.571307 258350.686647)

LINESTRING (544784.581021 258348.252221, 544783.623119 258348.035020, 544782.966500 258347.570616, 544782.642402 258346.960096, 544782.527186 258346.222111, 544782.413616 258345.896006, 544782.080747 258345.585756, 544778.218569 258345.061111, 544777.789738 258345.226675, 544777.547678 258345.553522, 544777.389572 258346.049782, 544777.003709 258346.617302, 544776.330858 258346.942698, 544775.447153 258346.994800)

LINESTRING (544784.581021 258348.252221, 544780.874376 258347.787770, 544775.447153 258346.994800)

LINESTRING (544754.723896 258302.579495, 544754.347638 258306.330650)

LINESTRING (544617.662353 258239.319387, 544616.806117 258241.242258)

LINESTRING (544616.806117 258241.242258, 544617.662353 258239.319387)

LINESTRING (544616.806117 258241.242258, 544613.551021 258264.677347)

LINESTRING (544616.806117 258241.242258, 544614.484958 258238.291715, 544601.691220 258235.658963)

LINESTRING (544612.413118 258271.801115, 544613.551021 258264.677347)

LINESTRING (544613.551021 258264.677347, 544615.253731 258264.916244)

LINESTRING (544613.551021 258264.677347, 544616.806117 258241.242258)

LINESTRING (544613.551021 258264.677347, 544612.413118 258271.801115)

LINESTRING (544613.551021 258264.677347, 544605.800156 258263.594164, 544597.878790 258262.494889)

LINESTRING (544601.922428 258234.062904, 544601.691220 258235.658963)

LINESTRING (544601.691220 258235.658963, 544601.922428 258234.062904)

LINESTRING (544601.691220 258235.658963, 544597.878790 258262.494889)

LINESTRING (544601.691220 258235.658963, 544587.512997 258233.130556, 544583.379601 258250.106562)

LINESTRING (544601.691220 258235.658963, 544614.484958 258238.291715, 544616.806117 258241.242258)

LINESTRING (544597.878790 258262.494889, 544601.691220 258235.658963)

LINESTRING (544597.878790 258262.494889, 544595.176059 258283.408327)

LINESTRING (544597.878790 258262.494889, 544605.800156 258263.594164, 544613.551021 258264.677347)

LINESTRING (544583.379601 258250.106562, 544587.512997 258233.130556, 544601.691220 258235.658963)

LINESTRING (544615.253731 258264.916244, 544613.551021 258264.677347)

LINESTRING (544634.155433 258277.121475, 544632.298412 258288.264660)

LINESTRING (544632.298412 258288.264660, 544595.176059 258283.408327)

LINESTRING (544632.298412 258288.264660, 544648.974659 258290.487661)

LINESTRING (544632.298412 258288.264660, 544634.155433 258277.121475)

LINESTRING (544649.888390 258282.845350, 544648.974659 258290.487661)

LINESTRING (544698.104319 258378.551069, 544697.712697 258375.334024)

LINESTRING (544697.295315 258402.046403, 544695.987626 258411.702977)

LINESTRING (544211.728730 258578.472089, 544214.934392 258563.717211, 544215.797960 258558.010106, 544212.148218 258527.862555, 544220.392194 258513.866462, 544230.154856 258507.372043, 544258.440294 258499.079312, 544289.867822 258497.489761, 544329.765009 258502.113020, 544335.990590 258508.126728, 544339.384865 258518.844132, 544339.378208 258547.015392, 544332.324168 258585.889369, 544332.818284 258597.334847, 544329.970139 258602.149352, 544323.678171 258604.759898)

LINESTRING (544211.728730 258578.472089, 544216.815458 258587.669238, 544231.771695 258602.908096, 544240.939984 258606.258078, 544258.009128 258603.170837, 544271.677226 258598.994031, 544282.593290 258593.279041, 544293.063046 258590.211284, 544304.705537 258588.201706)

LINESTRING (544323.678171 258604.759898, 544323.140544 258615.707846)

LINESTRING (544323.678171 258604.759898, 544322.608485 258595.701863, 544319.488888 258590.112524, 544314.709770 258587.736121, 544304.705537 258588.201706)

LINESTRING (544323.678171 258604.759898, 544329.970139 258602.149352, 544332.818284 258597.334847, 544332.324168 258585.889369, 544339.378208 258547.015392, 544339.384865 258518.844132, 544335.990590 258508.126728, 544329.765009 258502.113020, 544289.867822 258497.489761, 544258.440294 258499.079312, 544230.154856 258507.372043, 544220.392194 258513.866462, 544212.148218 258527.862555, 544215.797960 258558.010106, 544214.934392 258563.717211, 544211.728730 258578.472089)

LINESTRING (544304.705537 258588.201706, 544306.996030 258595.258388)

LINESTRING (544304.705537 258588.201706, 544293.063046 258590.211284, 544282.593290 258593.279041, 544271.677226 258598.994031, 544258.009128 258603.170837, 544240.939984 258606.258078, 544231.771695 258602.908096, 544216.815458 258587.669238, 544211.728730 258578.472089)

LINESTRING (544304.705537 258588.201706, 544314.709770 258587.736121, 544319.488888 258590.112524, 544322.608485 258595.701863, 544323.678171 258604.759898)

LINESTRING (544306.996030 258595.258388, 544304.705537 258588.201706)

LINESTRING (544228.975587 258623.796687, 544231.637849 258625.365657, 544238.707725 258627.508123, 544242.962496 258632.863312, 544246.274917 258641.697203, 544249.934437 258643.773822, 544253.831480 258643.798205, 544278.501674 258640.809847, 544285.326016 258639.405716, 544287.825978 258636.918469, 544290.344200 258632.394862, 544293.201362 258629.617491, 544297.051558 258627.258603, 544300.826538 258626.778592, 544309.631817 258626.623140, 544316.186779 258625.077640, 544321.335636 258621.565616, 544323.140544 258615.707846)

LINESTRING (544228.975587 258623.796687, 544232.019529 258623.529092, 544319.431902 258616.022813, 544323.140544 258615.707846)

LINESTRING (544887.144562 258599.339584, 544899.293455 258573.938496)

LINESTRING (544887.144562 258599.339584, 544876.430145 258592.514961, 544868.542801 258589.101052, 544858.768086 258586.622616, 544840.301166 258584.168437)

LINESTRING (544891.273403 258619.272793, 544886.816218 258626.477570)

LINESTRING (544891.273403 258619.272793, 544891.992768 258619.694526, 544885.864303 258629.566316)

LINESTRING (544891.273403 258619.272793, 544896.966244 258609.566363, 544898.389283 258606.502523)

LINESTRING (544886.816218 258626.477570, 544891.273403 258619.272793)

LINESTRING (544885.864303 258629.566316, 544891.992768 258619.694526, 544891.273403 258619.272793)

LINESTRING (544826.021801 258665.872835, 544826.734904 258663.934685)

LINESTRING (544826.021801 258665.872835, 544832.026521 258667.717901)

LINESTRING (544826.734904 258663.934685, 544828.772072 258658.573605, 544837.303545 258631.519520)

LINESTRING (544826.734904 258663.934685, 544820.138314 258660.580828, 544794.550485 258660.556689, 544788.173290 258660.459424, 544788.157265 258658.433185)

LINESTRING (544832.026521 258667.717901, 544826.021801 258665.872835)

LINESTRING (544900.954130 258681.564520, 544898.590531 258684.990431, 544926.413336 258705.393863)

LINESTRING (544815.140121 258628.734790, 544814.953405 258629.742220)

LINESTRING (544814.953405 258629.742220, 544823.081711 258630.525131)

LINESTRING (544814.953405 258629.742220, 544815.140121 258628.734790)

LINESTRING (544814.953405 258629.742220, 544812.600774 258629.517649, 544812.212301 258629.472907)

LINESTRING (544822.489513 258610.072018, 544821.230062 258609.879387)

LINESTRING (544821.230062 258609.879387, 544822.489513 258610.072018)

LINESTRING (544821.230062 258609.879387, 544820.964263 258591.828895)

LINESTRING (544821.230062 258609.879387, 544813.071450 258608.728285, 544808.848337 258608.159668)

LINESTRING (544822.604703 258591.854568, 544820.964263 258591.828895)

LINESTRING (544820.964263 258591.828895, 544822.604703 258591.854568)

LINESTRING (544820.964263 258591.828895, 544821.230062 258609.879387)

LINESTRING (544820.964263 258591.828895, 544817.100564 258588.788647)

LINESTRING (544816.575484 258581.015267, 544816.913601 258583.017526, 544817.100564 258588.788647)

LINESTRING (544817.100564 258588.788647, 544820.964263 258591.828895)

LINESTRING (544817.100564 258588.788647, 544816.913601 258583.017526, 544816.575484 258581.015267)

LINESTRING (544817.100564 258588.788647, 544808.132815 258589.116545, 544808.152435 258591.721681)

LINESTRING (544698.548564 258559.158001, 544698.582232 258561.752414, 544698.966531 258573.417373)

LINESTRING (544683.100985 258559.619739, 544682.955362 258556.643618, 544684.708379 258556.561225)

LINESTRING (544684.708379 258556.561225, 544682.955362 258556.643618, 544683.100985 258559.619739)

LINESTRING (544684.708379 258556.561225, 544684.464385 258551.801337, 544684.397653 258551.276250, 544685.982132 258551.111024)

LINESTRING (544684.708379 258556.561225, 544685.535613 258569.686089, 544685.733060 258574.166354)

LINESTRING (544683.139023 258548.946605, 544685.835255 258548.880616, 544685.982132 258551.111024)

LINESTRING (544685.982132 258551.111024, 544702.716833 258550.364085)

LINESTRING (544685.982132 258551.111024, 544685.835255 258548.880616, 544683.139023 258548.946605)

LINESTRING (544685.982132 258551.111024, 544684.397653 258551.276250, 544684.464385 258551.801337, 544684.708379 258556.561225)

LINESTRING (544700.065959 258547.236907, 544702.438128 258547.027899, 544702.716833 258550.364085)

LINESTRING (544702.716833 258550.364085, 544685.982132 258551.111024)

LINESTRING (544702.716833 258550.364085, 544702.438128 258547.027899, 544700.065959 258547.236907)

LINESTRING (544702.716833 258550.364085, 544708.489306 258550.098528, 544708.204042 258545.816049)

LINESTRING (544756.188620 258685.125519, 544755.973047 258681.034289)

LINESTRING (544821.749765 258631.877537, 544823.081711 258630.525131)

LINESTRING (544823.081711 258630.525131, 544821.749765 258631.877537)

LINESTRING (544823.081711 258630.525131, 544814.953405 258629.742220)

LINESTRING (544823.081711 258630.525131, 544824.694214 258632.208451, 544832.690145 258634.479012)

LINESTRING (544708.204042 258545.816049, 544708.489306 258550.098528, 544702.716833 258550.364085)

LINESTRING (544685.733060 258574.166354, 544671.903638 258576.356084, 544657.936559 258577.873997)

LINESTRING (544685.733060 258574.166354, 544692.716123 258573.424113, 544696.066961 258573.421764)

LINESTRING (544685.733060 258574.166354, 544685.535613 258569.686089, 544684.708379 258556.561225)

LINESTRING (544657.936559 258577.873997, 544660.290375 258595.161733, 544639.603637 258598.709687)

LINESTRING (544657.936559 258577.873997, 544655.018627 258556.952356, 544614.965606 258561.204112, 544619.571076 258591.791795)

LINESTRING (544657.936559 258577.873997, 544671.903638 258576.356084, 544685.733060 258574.166354)

LINESTRING (544808.152435 258591.721681, 544808.848337 258608.159668)

LINESTRING (544808.152435 258591.721681, 544803.756898 258591.904913, 544794.600122 258592.149398, 544794.478359 258598.189763, 544794.503462 258599.437125, 544794.583300 258602.556028, 544787.959748 258602.696444, 544782.841282 258602.814052)

LINESTRING (544808.152435 258591.721681, 544808.132815 258589.116545, 544817.100564 258588.788647)

LINESTRING (544808.848337 258608.159668, 544808.152435 258591.721681)

LINESTRING (544808.848337 258608.159668, 544808.823554 258615.327059, 544808.823418 258629.140146)

LINESTRING (544808.848337 258608.159668, 544813.071450 258608.728285, 544821.230062 258609.879387)

LINESTRING (544608.878888 258670.673979, 544608.428440 258668.534893)

LINESTRING (544608.878888 258670.673979, 544610.139047 258675.997780, 544611.348892 258678.593119, 544613.151796 258680.549057, 544617.444281 258682.722339)

LINESTRING (544608.878888 258670.673979, 544605.327096 258671.238181, 544601.480541 258671.827177, 544593.064890 258669.644920, 544587.471603 258667.055271, 544581.782543 258663.060379, 544575.282704 258655.212920, 544566.286159 258632.856270, 544560.868485 258615.100785, 544556.857623 258597.642344)

LINESTRING (544812.212301 258629.472907, 544812.914475 258622.291916)

LINESTRING (544812.212301 258629.472907, 544812.600774 258629.517649, 544814.953405 258629.742220)

LINESTRING (544812.212301 258629.472907, 544809.758808 258629.189738, 544808.823418 258629.140146)

LINESTRING (544675.241429 258616.156361, 544677.359017 258629.352283)

LINESTRING (544675.241429 258616.156361, 544677.755082 258615.784514, 544680.296389 258615.402345, 544681.719156 258615.388225, 544682.729071 258615.695972, 544682.986755 258615.770278, 544683.806365 258616.506563, 544684.270733 258617.933706, 544684.300025 258618.101520, 544684.570827 258619.834668)

LINESTRING (544675.241429 258616.156361, 544675.158436 258615.719845, 544674.359421 258611.466893, 544674.157958 258610.403605, 544646.734191 258613.999745, 544642.071606 258614.665072)

LINESTRING (544677.359017 258629.352283, 544685.877625 258628.009287)

LINESTRING (544677.359017 258629.352283, 544675.241429 258616.156361)

LINESTRING (544677.359017 258629.352283, 544679.377587 258641.020425)

LINESTRING (544684.570827 258619.834668, 544686.404822 258619.554291, 544693.332174 258618.610076, 544699.325774 258617.794438)

LINESTRING (544684.570827 258619.834668, 544684.807776 258621.321956, 544685.877625 258628.009287)

LINESTRING (544684.570827 258619.834668, 544684.300025 258618.101520, 544684.270733 258617.933706, 544683.806365 258616.506563, 544682.986755 258615.770278, 544682.729071 258615.695972, 544681.719156 258615.388225, 544680.296389 258615.402345, 544677.755082 258615.784514, 544675.241429 258616.156361)

LINESTRING (544642.071606 258614.665072, 544639.603637 258598.709687)

LINESTRING (544642.071606 258614.665072, 544614.612776 258618.527498, 544613.586633 258618.775821, 544624.158281 258666.589676, 544681.926533 258653.728066, 544681.385316 258651.185621, 544681.097294 258649.808149, 544679.377587 258641.020425)

LINESTRING (544642.071606 258614.665072, 544646.734191 258613.999745, 544674.157958 258610.403605, 544674.359421 258611.466893, 544675.158436 258615.719845, 544675.241429 258616.156361)

LINESTRING (544685.877625 258628.009287, 544677.359017 258629.352283)

LINESTRING (544685.877625 258628.009287, 544686.860568 258634.159813, 544687.109558 258635.703105, 544687.234885 258636.797562, 544687.123366 258638.040934, 544686.779178 258638.587416, 544686.392048 258639.199428, 544685.499970 258639.774437, 544684.490753 258640.145677, 544684.298472 258640.173455, 544679.377587 258641.020425)

LINESTRING (544685.877625 258628.009287, 544684.807776 258621.321956, 544684.570827 258619.834668)

LINESTRING (544832.690145 258634.479012, 544824.694214 258632.208451, 544823.081711 258630.525131)

LINESTRING (544679.377587 258641.020425, 544677.359017 258629.352283)

LINESTRING (544679.377587 258641.020425, 544684.298472 258640.173455, 544684.490753 258640.145677, 544685.499970 258639.774437, 544686.392048 258639.199428, 544686.779178 258638.587416, 544687.123366 258638.040934, 544687.234885 258636.797562, 544687.109558 258635.703105, 544686.860568 258634.159813, 544685.877625 258628.009287)

LINESTRING (544679.377587 258641.020425, 544681.097294 258649.808149, 544681.385316 258651.185621, 544681.926533 258653.728066, 544624.158281 258666.589676, 544613.586633 258618.775821, 544614.612776 258618.527498, 544642.071606 258614.665072)

LINESTRING (544608.428440 258668.534893, 544608.878888 258670.673979)

LINESTRING (544608.428440 258668.534893, 544597.346444 258611.957544, 544597.027442 258610.000384)

LINESTRING (544608.428440 258668.534893, 544616.586790 258667.114486, 544619.068197 258666.674886, 544619.807002 258670.180320)

LINESTRING (544617.444281 258682.722339, 544613.151796 258680.549057, 544611.348892 258678.593119, 544610.139047 258675.997780, 544608.878888 258670.673979)

LINESTRING (545535.863725 258348.694551, 545518.393689 258317.616770)

LINESTRING (545593.101151 258516.634645, 545604.585399 258541.225797)

LINESTRING (544877.124196 258830.296471, 544880.514307 258834.090945, 544896.730136 258850.826881)

LINESTRING (544877.124196 258830.296471, 544879.699213 258828.056579, 544887.183536 258821.853013, 544893.586865 258821.049598, 544911.419701 258818.732700, 544900.334812 258804.951655, 544892.398685 258800.412071, 544869.745137 258784.712337)

LINESTRING (544992.056082 258129.266941, 544995.942828 258131.061355)

LINESTRING (545007.197618 258136.276928, 545002.251747 258133.984036)

LINESTRING (545087.875702 258332.566754, 545089.545861 258331.113007)

LINESTRING (545087.875702 258332.566754, 545086.629543 258331.216862, 545078.220061 258322.967785, 545073.660984 258318.215131)

LINESTRING (545087.875702 258332.566754, 545084.177794 258336.009185, 545078.690454 258330.728475, 545075.878222 258333.584651)

LINESTRING (544878.723684 258920.601474, 544871.005560 258924.983920, 544870.231937 258925.951930, 544861.947755 258930.518192)

LINESTRING (544590.443243 259016.364380, 544583.697479 259027.509637, 544581.844512 259032.898437, 544579.463335 259039.752196)

LINESTRING (544553.588885 259166.821125, 544542.239257 259178.755967, 544530.532879 259179.950534, 544514.928582 259166.394716)

LINESTRING (544514.928582 259166.394716, 544511.392797 259163.609127)

LINESTRING (544514.928582 259166.394716, 544530.532879 259179.950534, 544542.239257 259178.755967, 544553.588885 259166.821125)

LINESTRING (544514.928582 259166.394716, 544518.053546 259162.400926, 544524.835001 259153.772147, 544534.262395 259142.571469, 544536.582969 259139.667286)

LINESTRING (544514.928582 259166.394716, 544508.680249 259173.859212, 544502.903359 259181.804947, 544493.352725 259195.595513, 544491.469619 259200.616152)

LINESTRING (544583.493926 259153.769215, 544561.824143 259161.095368, 544540.323424 259142.937479, 544536.582969 259139.667286)

LINESTRING (544536.582969 259139.667286, 544533.552741 259137.130171)

LINESTRING (544536.582969 259139.667286, 544540.323424 259142.937479, 544561.824143 259161.095368, 544583.493926 259153.769215)

LINESTRING (544536.582969 259139.667286, 544538.179483 259137.910697, 544546.741771 259128.944319, 544556.240229 259118.357935)

LINESTRING (544536.582969 259139.667286, 544534.262395 259142.571469, 544524.835001 259153.772147, 544518.053546 259162.400926, 544514.928582 259166.394716)

LINESTRING (544533.552741 259137.130171, 544536.582969 259139.667286)

LINESTRING (544533.552741 259137.130171, 544539.034135 259130.645086, 544551.881435 259116.360843)

LINESTRING (544533.552741 259137.130171, 544518.543777 259154.735113, 544511.392797 259163.609127)

LINESTRING (544867.952329 258879.726587, 544861.254850 258874.922730, 544841.710671 258865.847676, 544829.620888 258856.968287, 544823.141318 258852.193114, 544818.460258 258849.051054)

LINESTRING (544562.284280 258535.614040, 544560.348744 258568.915952)

LINESTRING (544560.348744 258568.915952, 544598.636291 258569.153532)

LINESTRING (544560.348744 258568.915952, 544562.284280 258535.614040)

LINESTRING (544560.348744 258568.915952, 544558.441108 258597.510440)

LINESTRING (545692.811213 258000.406621, 545714.513186 257988.500209)

LINESTRING (545714.513186 257988.500209, 545708.460607 257977.792660)

LINESTRING (545714.513186 257988.500209, 545722.186639 258000.835973, 545720.515264 258001.855387)

LINESTRING (545708.460607 257977.792660, 545700.982071 257964.872723, 545692.692877 257969.760344)

LINESTRING (545720.515264 258001.855387, 545726.336792 258012.277894)

LINESTRING (545720.515264 258001.855387, 545722.186639 258000.835973, 545714.513186 257988.500209)

LINESTRING (545720.515264 258001.855387, 545684.965187 258023.494829, 545678.967678 258012.076571, 545679.866648 258007.784281)

LINESTRING (545666.767775 257985.037790, 545679.866648 258007.784281)

LINESTRING (545666.767775 257985.037790, 545663.166505 257988.427004, 545655.186935 257992.555765, 545624.561009 257986.268728)

LINESTRING (545692.692877 257969.760344, 545681.703342 257976.238223)

LINESTRING (545692.692877 257969.760344, 545700.015566 257982.631165)

LINESTRING (544897.041662 258379.621090, 544887.862980 258378.729459)

LINESTRING (544916.321266 259351.398943, 544910.702314 259360.239297, 544904.398541 259357.661856)

LINESTRING (544916.321266 259351.398943, 544929.386463 259329.219266, 544934.623895 259321.503096)

LINESTRING (544865.045464 259337.711518, 544854.162599 259352.375187, 544881.894152 259376.003777, 544887.824779 259377.546260, 544893.102811 259375.452210, 544904.398541 259357.661856)

LINESTRING (545224.407741 258045.298359, 545226.215050 258043.136309, 545231.291441 258036.072375)

LINESTRING (545361.546918 257948.685674, 545348.124514 257970.508893)

LINESTRING (544309.481561 259192.285306, 544303.416295 259186.432081)

LINESTRING (544309.481561 259192.285306, 544297.953591 259203.558780, 544277.758818 259242.205999, 544294.353097 259295.737507, 544297.639654 259303.090349)

LINESTRING (544309.481561 259192.285306, 544327.026840 259175.132081, 544362.434912 259143.317171)

LINESTRING (545066.446342 258392.979930, 545089.734746 258404.792226)

LINESTRING (545100.506465 258381.866781, 545089.734746 258404.792226)

LINESTRING (545622.728867 258579.592089, 545613.457520 258558.126841, 545607.287323 258542.830080, 545606.236675 258540.650989)

LINESTRING (545615.185291 259175.375075, 545630.066174 259195.769753, 545634.757728 259201.784653)

LINESTRING (545615.185291 259175.375075, 545603.494446 259184.169851, 545594.490349 259193.678045, 545590.656653 259199.887646)

LINESTRING (545198.252924 259341.943653, 545196.722720 259341.197580)

LINESTRING (545196.722720 259341.197580, 545197.941880 259336.691993)

LINESTRING (545196.722720 259341.197580, 545198.252924 259341.943653)

LINESTRING (545196.722720 259341.197580, 545195.026919 259340.736054, 545166.514403 259334.001385, 545167.104306 259331.369569, 545167.410167 259329.797975)

LINESTRING (545640.568146 259195.321522, 545634.757728 259201.784653)

LINESTRING (545640.568146 259195.321522, 545648.676959 259186.499458, 545656.362724 259178.811434, 545672.570124 259167.567226)

LINESTRING (545640.568146 259195.321522, 545663.357257 259303.725576, 545664.382268 259310.723537)

LINESTRING (545691.417700 259175.133687, 545689.625588 259170.272527)

LINESTRING (545691.417700 259175.133687, 545681.975188 259178.150764, 545679.537107 259176.888100, 545672.570124 259167.567226)

LINESTRING (545204.576304 258734.561706, 545203.781023 258730.197449)

LINESTRING (545204.576304 258734.561706, 545176.105321 258740.294702)

LINESTRING (545204.576304 258734.561706, 545205.136090 258737.627908, 545207.271112 258749.945316)

LINESTRING (545195.350890 258731.787022, 545203.781023 258730.197449)

LINESTRING (545142.774212 258751.807024, 545143.407174 258756.812093)

LINESTRING (545155.527047 258762.788041, 545153.217085 258763.210133)

LINESTRING (545126.134752 258785.513092, 545126.991382 258785.449132)

LINESTRING (545145.309930 258802.047135, 545143.810092 258802.359389, 545143.018372 258797.405323)

LINESTRING (545140.601749 258776.486837, 545142.825823 258775.728305, 545144.873572 258774.686343, 545146.934675 258773.188417)

LINESTRING (544219.832100 258805.938124, 544241.367014 258810.794468)

LINESTRING (544219.832100 258805.938124, 544220.846058 258811.510647)

LINESTRING (544220.846058 258811.510647, 544241.367014 258810.794468)

LINESTRING (544220.846058 258811.510647, 544219.832100 258805.938124)

LINESTRING (544879.877887 259027.066280, 544887.467932 259038.752739, 544890.953819 259040.201467)

LINESTRING (544877.713402 259040.994200, 544854.930163 259009.418413)

LINESTRING (544844.398789 258004.439038, 544845.556742 258001.322912)

LINESTRING (544844.398789 258004.439038, 544849.664714 258006.551895, 544872.201117 258015.625211, 544875.598375 258020.365961, 544875.466392 258024.179902)

LINESTRING (544844.398789 258004.439038, 544835.705099 258000.734534, 544828.356577 257997.102738, 544828.874711 257992.008929)

LINESTRING (544844.398789 258004.439038, 544842.549685 258007.100876, 544841.982923 258008.943127)

LINESTRING (544779.411233 257919.283701, 544776.625600 257921.228114)

LINESTRING (544845.556742 258001.322912, 544844.398789 258004.439038)

LINESTRING (544828.874711 257992.008929, 544832.785852 257989.696728)

LINESTRING (544828.874711 257992.008929, 544828.356577 257997.102738, 544835.705099 258000.734534, 544844.398789 258004.439038)

LINESTRING (544828.874711 257992.008929, 544826.712569 257994.383362, 544824.263825 257990.883595, 544823.055885 257989.156454)

LINESTRING (544828.874711 257992.008929, 544830.176340 257985.613470, 544827.763172 257977.150492, 544821.116166 257973.617118, 544817.037956 257972.985970)

LINESTRING (544575.478908 258393.894724, 544574.195302 258404.609427)

LINESTRING (544574.195302 258404.609427, 544575.478908 258393.894724)

LINESTRING (544574.195302 258404.609427, 544578.269261 258405.140093, 544605.438297 258408.670799)

LINESTRING (544574.195302 258404.609427, 544573.056057 258414.126239, 544572.828472 258416.067452)

LINESTRING (544605.438297 258408.670799, 544578.269261 258405.140093, 544574.195302 258404.609427)

LINESTRING (544970.515216 258341.754936, 544947.181576 258370.757897)

LINESTRING (544970.515216 258341.754936, 544971.632562 258344.002611, 544968.181082 258350.479861, 544975.150567 258354.891084)

LINESTRING (544970.515216 258341.754936, 544969.058503 258339.185678, 544986.835058 258315.708005, 544993.643814 258313.692179)

LINESTRING (544492.667505 259348.053529, 544500.048436 259341.835287)

LINESTRING (544512.669401 259320.520960, 544500.048436 259341.835287)

LINESTRING (544492.189399 259305.832374, 544483.357110 259321.257832)

LINESTRING (544379.584028 259236.690362, 544383.313188 259240.583418)

LINESTRING (545226.074932 258979.120095, 545224.238495 258971.786823)

LINESTRING (544580.499391 259080.876592, 544582.775489 259082.779550)

LINESTRING (544580.499391 259080.876592, 544573.232023 259089.279645)

LINESTRING (544580.499391 259080.876592, 544594.582037 259064.569331, 544600.752849 259056.724230)

LINESTRING (545452.721840 258751.243784, 545448.149934 258738.799069)

LINESTRING (545452.721840 258751.243784, 545449.478631 258749.445605, 545442.761019 258747.901644, 545434.047435 258749.593801)

LINESTRING (545218.563548 258367.559755, 545194.223138 258342.637520)

LINESTRING (545218.563548 258367.559755, 545211.292875 258374.136438, 545206.330835 258377.775489, 545203.949060 258379.475486, 545200.612981 258381.069614, 545198.742417 258381.426650, 545195.875590 258381.242493, 545194.192159 258380.347249, 545190.357761 258377.942014, 545185.588272 258374.774768)

LINESTRING (545716.892310 258176.979464, 545704.762427 258185.505192)

LINESTRING (545716.892310 258176.979464, 545718.085446 258177.337329, 545722.591763 258181.543642)

LINESTRING (545716.892310 258176.979464, 545719.714752 258174.257500, 545721.149334 258172.218233, 545722.403511 258168.871370, 545722.705539 258166.041921, 545721.944648 258162.379813, 545717.269965 258154.361854, 545712.063849 258144.413798, 545709.227285 258140.868768)

LINESTRING (544686.103482 259175.574916, 544686.386852 259175.939369)

LINESTRING (544988.769102 258319.960824, 544995.138954 258324.532624)

LINESTRING (544988.769102 258319.960824, 544984.630713 258324.904207, 544976.176956 258334.997285, 544970.515216 258341.754936)

LINESTRING (544995.138954 258324.532624, 544988.769102 258319.960824)

LINESTRING (544827.140128 258698.740833, 544823.757801 258698.419382, 544819.568935 258698.085495)

LINESTRING (545148.640295 259336.382862, 545161.938377 259339.666399)

LINESTRING (545148.640295 259336.382862, 545126.362827 259330.832837, 545121.786785 259329.262957)

LINESTRING (545148.640295 259336.382862, 545149.796003 259331.240958, 545151.089982 259325.813708)

LINESTRING (545161.938377 259339.666399, 545148.640295 259336.382862)

LINESTRING (545161.938377 259339.666399, 545164.000797 259340.216570, 545201.297141 259348.188120, 545220.126165 259348.918016, 545245.463592 259349.671801, 545256.758991 259348.032788, 545268.092716 259347.418946)

LINESTRING (545161.938377 259339.666399, 545163.038123 259335.034869, 545164.380608 259329.119294)

LINESTRING (545121.786785 259329.262957, 545120.546917 259332.610364)

LINESTRING (545121.786785 259329.262957, 545103.278626 259322.944113, 545088.749288 259315.940437)

LINESTRING (545121.786785 259329.262957, 545126.362827 259330.832837, 545148.640295 259336.382862)

LINESTRING (545151.089982 259325.813708, 545157.002061 259327.289187)

LINESTRING (545151.089982 259325.813708, 545146.728946 259324.840028)

LINESTRING (545151.089982 259325.813708, 545149.796003 259331.240958, 545148.640295 259336.382862)

LINESTRING (545157.002061 259327.289187, 545164.380608 259329.119294)

LINESTRING (545157.002061 259327.289187, 545151.089982 259325.813708)

LINESTRING (545157.002061 259327.289187, 545156.731338 259328.828418)

LINESTRING (545146.728946 259324.840028, 545151.089982 259325.813708)

LINESTRING (545146.728946 259324.840028, 545123.901015 259318.939973)

LINESTRING (545146.728946 259324.840028, 545146.123446 259327.304429, 545145.616538 259329.204054, 545123.760956 259323.722054, 545122.858887 259323.473021)

LINESTRING (545115.223819 259316.860412, 545123.901015 259318.939973)

LINESTRING (545115.223819 259316.860412, 545114.439780 259318.184260)

LINESTRING (545115.223819 259316.860412, 545118.622866 259301.421558, 545211.859910 259323.253305, 545208.524319 259339.083541, 545197.941880 259336.691993)

LINESTRING (545123.901015 259318.939973, 545146.728946 259324.840028)

LINESTRING (545123.901015 259318.939973, 545115.223819 259316.860412)

LINESTRING (545123.901015 259318.939973, 545122.858887 259323.473021)

LINESTRING (545114.439780 259318.184260, 545115.223819 259316.860412)

LINESTRING (545197.941880 259336.691993, 545167.410167 259329.797975)

LINESTRING (545197.941880 259336.691993, 545196.722720 259341.197580)

LINESTRING (545197.941880 259336.691993, 545208.524319 259339.083541, 545211.859910 259323.253305, 545118.622866 259301.421558, 545115.223819 259316.860412)

LINESTRING (545263.511243 259340.205520, 545268.092716 259347.418946)

LINESTRING (544230.023270 258026.806903, 544232.868880 258027.257006, 544304.154573 258037.267746, 544308.023211 258037.814457)

LINESTRING (545696.506174 258189.981924, 545704.762427 258185.505192)

LINESTRING (544705.174452 258653.794609, 544711.185587 258653.079674)

LINESTRING (544639.603637 258598.709687, 544642.071606 258614.665072)

LINESTRING (544639.603637 258598.709687, 544620.974707 258601.104537, 544619.571076 258591.791795)

LINESTRING (544639.603637 258598.709687, 544660.290375 258595.161733, 544657.936559 258577.873997)

LINESTRING (544619.807002 258670.180320, 544619.068197 258666.674886, 544616.586790 258667.114486, 544608.428440 258668.534893)

LINESTRING (544812.914475 258622.291916, 544812.212301 258629.472907)

LINESTRING (544696.013322 258611.798510, 544695.286162 258606.490245)

LINESTRING (544696.013322 258611.798510, 544694.207302 258612.057440)

LINESTRING (544696.013322 258611.798510, 544696.684818 258616.671057, 544699.156828 258616.320266, 544699.325774 258617.794438)

LINESTRING (544694.207302 258612.057440, 544696.013322 258611.798510)

LINESTRING (544695.286162 258606.490245, 544696.013322 258611.798510)

LINESTRING (544788.140265 258656.440309, 544788.157265 258658.433185)

LINESTRING (545710.795224 258280.627401, 545690.031877 258295.076902, 545685.573558 258299.943545, 545672.541690 258308.921446)

LINESTRING (545580.504584 257901.205189, 545573.196769 257894.334440, 545559.888610 257908.502584)

LINESTRING (545080.789172 258188.696225, 545076.082540 258186.644001)

LINESTRING (545080.789172 258188.696225, 545081.649500 258187.107464, 545082.786087 258184.725384)

LINESTRING (545080.789172 258188.696225, 545107.914129 258201.010425, 545112.917037 258191.306272, 545119.832006 258176.560270)

LINESTRING (544543.320287 258404.343383, 544542.437995 258412.320542)

LINESTRING (544396.379105 258217.318804, 544401.761627 258218.243614, 544408.998583 258222.650670, 544413.944140 258223.785375)

LINESTRING (544396.379105 258217.318804, 544394.898632 258232.691505, 544394.057810 258250.286692, 544384.726144 258281.636787, 544375.428270 258311.830302, 544371.985241 258322.270658)

LINESTRING (544396.379105 258217.318804, 544396.556526 258215.454038, 544398.473612 258204.813415)

LINESTRING (544389.320755 258197.623580, 544395.239218 258198.697560)

LINESTRING (544389.320755 258197.623580, 544382.900088 258202.990704, 544380.486648 258207.194540)

LINESTRING (544389.320755 258197.623580, 544367.321613 258193.354245, 544346.592954 258190.780459, 544330.805641 258189.252213, 544321.980381 258189.362560, 544314.727607 258193.481180)

LINESTRING (544395.239218 258198.697560, 544389.320755 258197.623580)

LINESTRING (544395.239218 258198.697560, 544395.051666 258200.205853, 544395.322572 258201.705240, 544396.035649 258203.050549, 544397.119296 258204.117259, 544398.473612 258204.813415)

LINESTRING (544395.239218 258198.697560, 544395.938921 258197.215317, 544397.088011 258196.035560, 544398.559608 258195.288159, 544400.186804 258195.068428, 544401.805606 258195.371590, 544403.231522 258196.192269, 544404.323976 258197.426196, 544404.949871 258198.947055, 544405.045738 258200.586041, 544404.609928 258202.165015)

LINESTRING (544380.486648 258207.194540, 544382.900088 258202.990704, 544389.320755 258197.623580)

LINESTRING (544314.727607 258193.481180, 544303.211417 258188.771601)

LINESTRING (544314.727607 258193.481180, 544321.980381 258189.362560, 544330.805641 258189.252213, 544346.592954 258190.780459, 544367.321613 258193.354245, 544389.320755 258197.623580)

LINESTRING (544314.727607 258193.481180, 544308.339837 258200.774940, 544302.295506 258211.306566, 544301.640495 258213.368910)

LINESTRING (544398.473612 258204.813415, 544396.556526 258215.454038, 544396.379105 258217.318804)

LINESTRING (544398.473612 258204.813415, 544399.909216 258205.066717, 544401.357131 258204.897417, 544402.693715 258204.324173, 544403.815180 258203.388485, 544404.609928 258202.165015)

LINESTRING (544398.473612 258204.813415, 544397.119296 258204.117259, 544396.035649 258203.050549, 544395.322572 258201.705240, 544395.051666 258200.205853, 544395.239218 258198.697560)

LINESTRING (544404.609928 258202.165015, 544413.820406 258204.559286, 544418.449719 258205.751564)

LINESTRING (544404.609928 258202.165015, 544405.045738 258200.586041, 544404.949871 258198.947055, 544404.323976 258197.426196, 544403.231522 258196.192269, 544401.805606 258195.371590, 544400.186804 258195.068428, 544398.559608 258195.288159, 544397.088011 258196.035560, 544395.938921 258197.215317, 544395.239218 258198.697560)

LINESTRING (544404.609928 258202.165015, 544403.815180 258203.388485, 544402.693715 258204.324173, 544401.357131 258204.897417, 544399.909216 258205.066717, 544398.473612 258204.813415)

LINESTRING (544371.985241 258322.270658, 544375.428270 258311.830302, 544384.726144 258281.636787, 544394.057810 258250.286692, 544394.898632 258232.691505, 544396.379105 258217.318804)

LINESTRING (544607.444785 258608.267425, 544597.027442 258610.000384)

LINESTRING (544549.346942 258275.070488, 544551.525705 258275.634903)

LINESTRING (544549.346942 258275.070488, 544534.795808 258271.262467)

LINESTRING (544549.346942 258275.070488, 544545.282534 258266.704203, 544543.622238 258264.307234, 544540.108367 258262.857967)

LINESTRING (544555.798570 258293.501658, 544556.121137 258287.834470, 544555.671181 258284.738177, 544554.618418 258282.848667, 544554.014096 258281.762507, 544552.858949 258281.038724, 544551.759740 258280.038307, 544551.289804 258279.033981, 544551.525705 258275.634903)

LINESTRING (544540.108367 258262.857967, 544543.622238 258264.307234, 544545.282534 258266.704203, 544549.346942 258275.070488)

LINESTRING (544540.108367 258262.857967, 544539.721999 258261.332942, 544538.378419 258260.269750, 544536.507498 258260.170671, 544535.067513 258261.475482, 544534.779417 258263.381541, 544536.315035 258265.129297)

LINESTRING (544540.108367 258262.857967, 544539.348754 258264.282792, 544537.941591 258265.165597, 544536.315035 258265.129297)

LINESTRING (544536.315035 258265.129297, 544534.795808 258271.262467)

LINESTRING (544536.315035 258265.129297, 544537.941591 258265.165597, 544539.348754 258264.282792, 544540.108367 258262.857967)

LINESTRING (544536.315035 258265.129297, 544534.779417 258263.381541, 544535.067513 258261.475482, 544536.507498 258260.170671, 544538.378419 258260.269750, 544539.721999 258261.332942, 544540.108367 258262.857967)

LINESTRING (544962.040630 258111.704269, 544965.909502 258113.409091)

LINESTRING (545313.859668 258114.703729, 545316.486198 258114.691682, 545317.956326 258114.233900, 545319.036341 258113.319456, 545329.284322 258098.749341, 545329.718467 258097.470913, 545329.768311 258096.470615, 545329.027493 258094.912865, 545327.803136 258093.519029)

LINESTRING (545313.859668 258114.703729, 545314.191923 258114.101283, 545325.671379 258095.782839, 545326.526231 258094.850664, 545327.246036 258094.092621, 545327.803136 258093.519029)

LINESTRING (545313.859668 258114.703729, 545313.468836 258115.438026, 545311.369212 258119.405773, 545310.754178 258120.322718, 545308.337288 258124.615085)

LINESTRING (545220.442745 258729.127354, 545266.716846 258718.150728)

LINESTRING (545220.442745 258729.127354, 545218.811191 258720.865121, 545217.930022 258716.631912)

LINESTRING (545220.442745 258729.127354, 545213.165640 258730.572593, 545216.766160 258746.550411, 545216.683445 258748.206455, 545215.608467 258748.954103, 545207.271112 258749.945316)

LINESTRING (545266.470508 258713.257147, 545266.716846 258718.150728)

LINESTRING (545266.470508 258713.257147, 545217.930022 258716.631912)

LINESTRING (545266.470508 258713.257147, 545269.919856 258713.157901)

LINESTRING (545266.470508 258713.257147, 545266.176198 258710.933342, 545265.467530 258706.182039, 545265.068818 258703.220726, 545264.288890 258698.567510)

LINESTRING (545217.930022 258716.631912, 545266.470508 258713.257147)

LINESTRING (545217.930022 258716.631912, 545217.306490 258713.174268, 545216.459154 258708.953182, 545215.716917 258704.412387, 545215.979725 258698.943804)

LINESTRING (545217.930022 258716.631912, 545218.811191 258720.865121, 545220.442745 258729.127354)

LINESTRING (545266.716846 258718.150728, 545266.470508 258713.257147)

LINESTRING (545266.716846 258718.150728, 545220.442745 258729.127354)

LINESTRING (545266.716846 258718.150728, 545282.390016 258715.115128)

LINESTRING (545269.919856 258713.157901, 545266.470508 258713.257147)

LINESTRING (545269.919856 258713.157901, 545282.003336 258712.443563)

LINESTRING (545269.919856 258713.157901, 545269.353034 258714.298875, 545282.003336 258712.443563)

LINESTRING (545282.390016 258715.115128, 545282.003336 258712.443563)

LINESTRING (545282.390016 258715.115128, 545266.716846 258718.150728)

LINESTRING (545282.390016 258715.115128, 545292.960055 258713.076425)

LINESTRING (545292.960055 258713.076425, 545282.390016 258715.115128)

LINESTRING (545689.625588 259170.272527, 545691.417700 259175.133687)

LINESTRING (545419.592198 258477.124746, 545412.701066 258480.083676, 545422.088838 258502.742897)

LINESTRING (544353.325872 259019.435641, 544361.844478 259016.422536, 544365.930651 259014.404504, 544369.532976 259011.626631, 544372.652297 259009.702873, 544375.829868 259007.892120, 544379.966469 259005.786523, 544393.015032 259000.545771)

LINESTRING (544393.015032 259000.545771, 544379.966469 259005.786523, 544375.829868 259007.892120, 544372.652297 259009.702873, 544369.532976 259011.626631, 544365.930651 259014.404504, 544361.844478 259016.422536, 544353.325872 259019.435641)

LINESTRING (544393.015032 259000.545771, 544393.430346 259002.249720, 544394.497253 259003.649868, 544396.221586 259004.546036, 544398.162164 259004.591451)

LINESTRING (544393.015032 259000.545771, 544393.325195 258998.818438, 544394.437957 258997.236928, 544396.140286 258996.307040)

LINESTRING (545194.223138 258342.637520, 545177.445880 258325.194114)

LINESTRING (545185.588272 258374.774768, 545190.357761 258377.942014, 545194.192159 258380.347249, 545195.875590 258381.242493, 545198.742417 258381.426650, 545200.612981 258381.069614, 545203.949060 258379.475486, 545206.330835 258377.775489, 545211.292875 258374.136438, 545218.563548 258367.559755)

LINESTRING (545164.380608 259329.119294, 545167.410167 259329.797975)

LINESTRING (545164.380608 259329.119294, 545157.002061 259327.289187)

LINESTRING (545164.380608 259329.119294, 545163.038123 259335.034869, 545161.938377 259339.666399)

LINESTRING (545167.410167 259329.797975, 545197.941880 259336.691993)

LINESTRING (545167.410167 259329.797975, 545164.380608 259329.119294)

LINESTRING (545167.410167 259329.797975, 545167.104306 259331.369569, 545166.514403 259334.001385, 545195.026919 259340.736054, 545196.722720 259341.197580)

LINESTRING (545156.731338 259328.828418, 545157.002061 259327.289187)

LINESTRING (545122.858887 259323.473021, 545123.901015 259318.939973)

LINESTRING (545122.858887 259323.473021, 545121.748291 259323.340318)

LINESTRING (545122.858887 259323.473021, 545123.760956 259323.722054, 545145.616538 259329.204054, 545146.123446 259327.304429, 545146.728946 259324.840028)

LINESTRING (545121.748291 259323.340318, 545122.858887 259323.473021)

LINESTRING (545684.677096 258041.907660, 545677.697855 258045.976735)

LINESTRING (545703.370311 258029.745823, 545701.787984 258026.805333)

LINESTRING (544776.664269 258952.357471, 544775.660222 258950.447064, 544774.250509 258949.081336, 544771.812759 258948.030626, 544769.355516 258947.647184, 544767.157906 258947.738814, 544764.751783 258948.414276, 544757.903988 258950.863328, 544755.969263 258951.318821, 544754.089499 258951.297304, 544751.951074 258950.767355, 544749.996097 258949.341186, 544745.397041 258945.500359, 544735.719013 258937.159126)

LINESTRING (545060.050211 258287.897638, 545073.051149 258296.525936)

LINESTRING (545073.051149 258296.525936, 545060.050211 258287.897638)

LINESTRING (545073.051149 258296.525936, 545074.884953 258297.425537)

LINESTRING (545073.051149 258296.525936, 545070.454951 258299.477483, 545056.449074 258314.906472, 545046.429108 258328.504275, 545036.373727 258342.846812)

LINESTRING (545074.884953 258297.425537, 545073.051149 258296.525936)

LINESTRING (545074.884953 258297.425537, 545089.992006 258304.891156, 545102.388255 258316.418062, 545096.099945 258324.949268, 545089.545861 258331.113007)

LINESTRING (545074.884953 258297.425537, 545076.720090 258295.475735, 545074.483102 258298.537970)

LINESTRING (545036.373727 258342.846812, 545046.429108 258328.504275, 545056.449074 258314.906472, 545070.454951 258299.477483, 545073.051149 258296.525936)

LINESTRING (545083.286853 258341.214505, 545082.163683 258340.101957, 545077.582504 258335.170562, 545075.878222 258333.584651)

LINESTRING (545075.878222 258333.584651, 545074.789514 258334.565673)

LINESTRING (545075.878222 258333.584651, 545077.582504 258335.170562, 545082.163683 258340.101957, 545083.286853 258341.214505)

LINESTRING (545075.878222 258333.584651, 545078.690454 258330.728475, 545084.177794 258336.009185, 545087.875702 258332.566754)

LINESTRING (545082.339355 258342.277573, 545081.257508 258341.155105, 545076.466139 258336.161905, 545074.789514 258334.565673)

LINESTRING (545074.789514 258334.565673, 545075.878222 258333.584651)

LINESTRING (545074.789514 258334.565673, 545076.466139 258336.161905, 545081.257508 258341.155105, 545082.339355 258342.277573)

LINESTRING (545074.789514 258334.565673, 545069.644985 258340.470165, 545060.880008 258351.611408, 545054.158089 258360.475022)

LINESTRING (545054.158089 258360.475022, 545060.880008 258351.611408, 545069.644985 258340.470165, 545074.789514 258334.565673)

LINESTRING (545089.545861 258331.113007, 545087.875702 258332.566754)

LINESTRING (545089.545861 258331.113007, 545088.369984 258329.698388, 545079.864520 258321.223885, 545075.582986 258316.568399)

LINESTRING (545089.545861 258331.113007, 545096.099945 258324.949268, 545102.388255 258316.418062, 545089.992006 258304.891156, 545074.884953 258297.425537)

LINESTRING (545120.546917 259332.610364, 545121.786785 259329.262957)

LINESTRING (544982.345257 259273.935474, 544982.802977 259273.013892, 544984.711931 259269.229675)

LINESTRING (544545.697505 259284.987096, 544546.410426 259283.048908, 544548.192426 259278.448301)

LINESTRING (544550.888350 259271.347710, 544548.192426 259278.448301)

LINESTRING (544683.297046 258966.549177, 544684.741601 258968.127376, 544688.410561 258971.974382, 544690.358104 258974.123799)

LINESTRING (544311.790094 257972.554404, 544310.984303 257978.385615, 544307.271812 257977.876840, 544307.168122 257978.619569, 544307.002030 257979.861355, 544308.759192 257980.112857, 544308.286236 257983.438254)

LINESTRING (545591.680333 258764.262020, 545591.603235 258761.532734)

LINESTRING (545591.680333 258764.262020, 545587.478477 258764.372327)

LINESTRING (545591.680333 258764.262020, 545594.968601 258764.291838)

LINESTRING (545591.680333 258764.262020, 545591.772843 258766.001127, 545589.790167 258774.135075, 545588.711496 258778.032523)

LINESTRING (545596.259202 258788.327541, 545598.415592 258837.822332)

LINESTRING (545596.259202 258788.327541, 545590.073384 258788.702349)

LINESTRING (545596.259202 258788.327541, 545595.173991 258766.145568, 545594.968601 258764.291838)

LINESTRING (545588.711496 258778.032523, 545590.073384 258788.702349)

LINESTRING (545588.711496 258778.032523, 545588.134566 258773.463120, 545587.450622 258766.018852, 545587.478477 258764.372327)

LINESTRING (545588.711496 258778.032523, 545589.790167 258774.135075, 545591.772843 258766.001127, 545591.680333 258764.262020)

LINESTRING (544445.880624 259227.959403, 544447.463139 259226.680994)

LINESTRING (544445.880624 259227.959403, 544444.231733 259225.885570, 544446.560787 259224.094655, 544453.059698 259219.052730, 544457.705130 259215.437147)

LINESTRING (544445.880624 259227.959403, 544446.526777 259228.779641, 544451.993684 259235.684145, 544457.349119 259237.264984, 544461.601728 259238.680110)

LINESTRING (544447.463139 259226.680994, 544445.880624 259227.959403)

LINESTRING (544447.463139 259226.680994, 544450.717010 259230.927558)

LINESTRING (544447.463139 259226.680994, 544446.455189 259225.371594)

LINESTRING (544461.601728 259238.680110, 544457.349119 259237.264984, 544451.993684 259235.684145, 544446.526777 259228.779641, 544445.880624 259227.959403)

LINESTRING (544461.601728 259238.680110, 544454.636133 259254.805615, 544447.522387 259265.929175, 544437.200950 259278.495262)

LINESTRING (544461.601728 259238.680110, 544462.622599 259235.793658, 544467.677526 259221.415612)

LINESTRING (544450.717010 259230.927558, 544447.463139 259226.680994)

LINESTRING (544446.455189 259225.371594, 544447.463139 259226.680994)

LINESTRING (545461.854062 259037.904401, 545461.126573 259038.461842, 545460.657063 259039.082509, 545459.764934 259039.891124)

LINESTRING (545461.854062 259037.904401, 545465.307658 259032.295734, 545467.633070 259026.219855)

LINESTRING (545461.854062 259037.904401, 545460.636194 259039.560516, 545459.624006 259040.499175)

LINESTRING (545459.764934 259039.891124, 545459.624006 259040.499175)

LINESTRING (545459.764934 259039.891124, 545460.000390 259037.460414, 545461.227398 259035.492907, 545467.633070 259026.219855)

LINESTRING (545459.764934 259039.891124, 545460.657063 259039.082509, 545461.126573 259038.461842, 545461.854062 259037.904401)

LINESTRING (545467.633070 259026.219855, 545472.296672 259019.689473)

LINESTRING (545467.633070 259026.219855, 545461.227398 259035.492907, 545460.000390 259037.460414, 545459.764934 259039.891124)

LINESTRING (545467.633070 259026.219855, 545465.307658 259032.295734, 545461.854062 259037.904401)

LINESTRING (545468.255832 258863.607639, 545471.257689 258864.074199, 545476.738107 258863.266705)

LINESTRING (545468.255832 258863.607639, 545464.888536 258860.681604, 545460.125253 258860.586314, 545457.847142 258864.815892, 545457.420790 258869.789926)

LINESTRING (545468.255832 258863.607639, 545469.182643 258864.413993, 545468.861396 258869.068321, 545468.128591 258873.766222, 545465.510108 258875.381225, 545460.247301 258873.434708, 545457.420790 258869.789926)

LINESTRING (545457.420790 258869.789926, 545454.797086 258871.582872)

LINESTRING (545457.420790 258869.789926, 545460.247301 258873.434708, 545465.510108 258875.381225, 545468.128591 258873.766222, 545468.861396 258869.068321, 545469.182643 258864.413993, 545468.255832 258863.607639)

LINESTRING (545457.420790 258869.789926, 545457.847142 258864.815892, 545460.125253 258860.586314, 545464.888536 258860.681604, 545468.255832 258863.607639)

LINESTRING (544325.902662 258800.288518, 544334.901528 258800.049718, 544341.718020 258799.847546)

LINESTRING (544817.037956 257972.985970, 544812.164733 257977.796725)

LINESTRING (544817.037956 257972.985970, 544817.656271 257981.552335)

LINESTRING (544817.037956 257972.985970, 544821.116166 257973.617118, 544827.763172 257977.150492, 544830.176340 257985.613470, 544828.874711 257992.008929)

LINESTRING (544817.037956 257972.985970, 544815.918192 257971.283667, 544812.672973 257970.231633, 544808.407437 257971.798878, 544805.049311 257977.655653, 544807.414082 257980.284770)

LINESTRING (544812.164733 257977.796725, 544817.037956 257972.985970)

LINESTRING (544812.164733 257977.796725, 544807.414082 257980.284770)

LINESTRING (544812.164733 257977.796725, 544815.597338 257978.052830, 544817.656271 257981.552335)

LINESTRING (544817.656271 257981.552335, 544817.037956 257972.985970)

LINESTRING (544817.656271 257981.552335, 544822.085454 257986.790676, 544823.055885 257989.156454)

LINESTRING (544817.656271 257981.552335, 544814.600301 257984.557366, 544813.028101 257986.871125)

LINESTRING (544817.656271 257981.552335, 544815.597338 257978.052830, 544812.164733 257977.796725)

LINESTRING (544807.414082 257980.284770, 544812.164733 257977.796725)

LINESTRING (544807.414082 257980.284770, 544802.879167 257982.645553, 544805.511130 257986.195183, 544810.888013 257987.554357, 544811.056235 257987.414574)

LINESTRING (544807.414082 257980.284770, 544807.291260 257984.021064, 544811.056235 257987.414574)

LINESTRING (544807.414082 257980.284770, 544805.049311 257977.655653, 544808.407437 257971.798878, 544812.672973 257970.231633, 544815.918192 257971.283667, 544817.037956 257972.985970)

LINESTRING (544832.785852 257989.696728, 544828.874711 257992.008929)

LINESTRING (544823.055885 257989.156454, 544820.488684 257992.754552, 544814.286606 257991.315608, 544813.028101 257986.871125)

LINESTRING (544823.055885 257989.156454, 544822.085454 257986.790676, 544817.656271 257981.552335)

LINESTRING (544823.055885 257989.156454, 544824.263825 257990.883595, 544826.712569 257994.383362, 544828.874711 257992.008929)

LINESTRING (544811.056235 257987.414574, 544813.028101 257986.871125)

LINESTRING (544811.056235 257987.414574, 544810.888013 257987.554357, 544805.511130 257986.195183, 544802.879167 257982.645553, 544807.414082 257980.284770)

LINESTRING (544811.056235 257987.414574, 544807.291260 257984.021064, 544807.414082 257980.284770)

LINESTRING (544813.028101 257986.871125, 544811.056235 257987.414574)

LINESTRING (544813.028101 257986.871125, 544814.286606 257991.315608, 544820.488684 257992.754552, 544823.055885 257989.156454)

LINESTRING (544813.028101 257986.871125, 544814.600301 257984.557366, 544817.656271 257981.552335)

LINESTRING (544908.059669 258428.472699, 544927.583292 258431.058178)

LINESTRING (544908.059669 258428.472699, 544913.629235 258426.030970)

LINESTRING (544908.059669 258428.472699, 544887.664364 258425.527898, 544884.467646 258425.634803)

LINESTRING (544913.629235 258426.030970, 544908.059669 258428.472699)

LINESTRING (544940.734314 258412.097712, 544943.545501 258413.248460)

LINESTRING (544839.570456 258446.305554, 544839.883245 258440.048160, 544840.019423 258435.622155)

LINESTRING (545075.187605 258424.935830, 545068.057878 258422.267278)

LINESTRING (545336.919761 258211.303817, 545348.440615 258225.154255)

LINESTRING (545336.919761 258211.303817, 545333.264115 258205.831654)

LINESTRING (545336.919761 258211.303817, 545351.893476 258201.625109, 545355.071260 258200.070957, 545361.868689 258192.389783)

LINESTRING (545393.079125 258196.199121, 545404.560688 258216.047971)

LINESTRING (545393.079125 258196.199121, 545384.085781 258202.034941, 545348.440615 258225.154255)

LINESTRING (545361.868689 258192.389783, 545368.080764 258184.847279)

LINESTRING (545361.868689 258192.389783, 545354.420379 258187.051257)

LINESTRING (545361.868689 258192.389783, 545355.071260 258200.070957, 545351.893476 258201.625109, 545336.919761 258211.303817)

LINESTRING (545368.080764 258184.847279, 545361.868689 258192.389783)

LINESTRING (545354.420379 258187.051257, 545361.868689 258192.389783)

LINESTRING (545354.420379 258187.051257, 545345.214768 258195.229491)

LINESTRING (545354.420379 258187.051257, 545343.401192 258178.246579, 545335.622014 258187.223541, 545345.214768 258195.229491)

LINESTRING (545345.214768 258195.229491, 545354.420379 258187.051257)

LINESTRING (545345.214768 258195.229491, 545335.622014 258187.223541, 545343.401192 258178.246579, 545354.420379 258187.051257)

LINESTRING (545345.214768 258195.229491, 545333.264115 258205.831654)

LINESTRING (544899.293455 258573.938496, 544887.144562 258599.339584)

LINESTRING (544695.452956 257916.476190, 544693.385394 257916.783151)

LINESTRING (545622.269629 258701.348443, 545622.273283 258700.758623, 545622.359995 258699.436618)

LINESTRING (545622.359995 258699.436618, 545640.304514 258700.798717, 545641.301999 258688.728957, 545642.256567 258688.823793, 545642.275721 258696.549063)

LINESTRING (545622.359995 258699.436618, 545619.876295 258699.252333, 545617.919990 258699.039022)

LINESTRING (545622.359995 258699.436618, 545622.273283 258700.758623, 545622.269629 258701.348443)

LINESTRING (545642.275721 258696.549063, 545642.256567 258688.823793, 545641.301999 258688.728957, 545640.304514 258700.798717, 545622.359995 258699.436618)

LINESTRING (545438.114012 257935.103657, 545431.753021 257944.444888)

LINESTRING (544303.211417 258188.771601, 544314.727607 258193.481180)

LINESTRING (544301.640495 258213.368910, 544306.825134 258213.809242)

LINESTRING (544301.640495 258213.368910, 544296.478876 258212.372727)

LINESTRING (544301.640495 258213.368910, 544298.891345 258222.059753, 544296.435049 258230.792514, 544298.452765 258242.293460, 544299.732124 258248.853208, 544301.974611 258257.800672, 544301.602137 258262.843100, 544295.321985 258262.215052)

LINESTRING (544301.640495 258213.368910, 544302.295506 258211.306566, 544308.339837 258200.774940, 544314.727607 258193.481180)

LINESTRING (544295.321985 258262.215052, 544301.602137 258262.843100, 544301.974611 258257.800672, 544299.732124 258248.853208, 544298.452765 258242.293460, 544296.435049 258230.792514, 544298.891345 258222.059753, 544301.640495 258213.368910)

LINESTRING (544306.825134 258213.809242, 544301.640495 258213.368910)

LINESTRING (544296.478876 258212.372727, 544301.640495 258213.368910)

LINESTRING (544910.357577 258927.548064, 544914.854692 258930.662577, 544918.312342 258931.676400)

LINESTRING (544912.214842 258922.259671, 544918.312342 258931.676400)

LINESTRING (544851.265995 258058.712182, 544855.486063 258061.039360)

LINESTRING (544860.057877 258063.499258, 544855.486063 258061.039360)

LINESTRING (544906.382492 258940.020570, 544907.647372 258939.089192)

LINESTRING (544907.647372 258939.089192, 544921.972093 258940.042352)

LINESTRING (544907.647372 258939.089192, 544906.382492 258940.020570)

LINESTRING (544907.647372 258939.089192, 544903.798027 258938.141837, 544901.867818 258937.272862)

LINESTRING (544901.867818 258937.272862, 544903.798027 258938.141837, 544907.647372 258939.089192)

LINESTRING (545613.379018 258702.077850, 545613.536636 258700.902627)

LINESTRING (544877.501897 258878.425205, 544875.887295 258880.559606)

LINESTRING (544877.501897 258878.425205, 544880.712361 258880.878755, 544881.829581 258881.723952)

LINESTRING (544877.501897 258878.425205, 544873.053180 258875.056140, 544872.529673 258873.081846, 544872.167869 258871.657680, 544866.785082 258867.493301, 544861.820350 258863.530370, 544849.416962 258854.385761, 544839.571715 258847.085718)

LINESTRING (544875.887295 258880.559606, 544877.501897 258878.425205)

LINESTRING (544881.829581 258881.723952, 544885.826250 258876.932191, 544893.950981 258883.436276, 544895.288454 258884.466007)

LINESTRING (544881.829581 258881.723952, 544884.223763 258883.563717, 544885.501049 258884.547163, 544890.182368 258888.145654, 544891.526998 258889.164462)

LINESTRING (544881.829581 258881.723952, 544880.712361 258880.878755, 544877.501897 258878.425205)

LINESTRING (544838.473709 258847.454329, 544841.980925 258850.050092, 544842.265585 258849.668840, 544839.293887 258847.467169, 544839.422390 258847.281704, 544839.571715 258847.085718)

LINESTRING (544715.182812 257959.626621, 544713.345614 257978.984737, 544712.912598 257985.149574, 544712.123664 257992.261251, 544703.940063 258016.999401, 544700.628672 258023.603354)

LINESTRING (544891.526998 258889.164462, 544895.288454 258884.466007)

LINESTRING (544891.526998 258889.164462, 544887.273974 258894.304903, 544894.599669 258901.943215, 544900.308059 258906.428805)

LINESTRING (544891.526998 258889.164462, 544890.182368 258888.145654, 544885.501049 258884.547163, 544884.223763 258883.563717, 544881.829581 258881.723952)

LINESTRING (544895.288454 258884.466007, 544891.526998 258889.164462)

LINESTRING (544895.288454 258884.466007, 544896.552074 258885.449056)

LINESTRING (544895.288454 258884.466007, 544893.950981 258883.436276, 544885.826250 258876.932191, 544881.829581 258881.723952)

LINESTRING (544900.308059 258906.428805, 544901.730656 258900.103681)

LINESTRING (544900.308059 258906.428805, 544903.590069 258909.006899, 544905.596427 258910.545939, 544924.633169 258924.570681)

LINESTRING (544900.308059 258906.428805, 544894.599669 258901.943215, 544887.273974 258894.304903, 544891.526998 258889.164462)

LINESTRING (545382.913080 258166.003976, 545377.588364 258167.773411, 545373.080633 258170.368220, 545369.978902 258172.826177, 545369.086317 258173.645930)

LINESTRING (545017.468267 258403.033497, 545021.823335 258394.423374, 545024.500148 258391.752430)

LINESTRING (545019.632287 258404.098569, 545023.768710 258395.482051, 545024.500148 258391.752430)

LINESTRING (544901.730656 258900.103681, 544900.308059 258906.428805)

LINESTRING (544896.552074 258885.449056, 544895.288454 258884.466007)

LINESTRING (544728.432961 258952.273184, 544725.101727 258948.803322)

LINESTRING (544728.432961 258952.273184, 544732.706396 258956.727800, 544739.496143 258965.863987, 544751.414968 258981.527844, 544754.131024 258986.393345)

LINESTRING (544728.432961 258952.273184, 544724.763038 258955.015442, 544722.849521 258956.618021, 544712.050946 258965.340727, 544701.063724 258974.202645)

LINESTRING (545700.015566 257982.631165, 545708.460607 257977.792660)

LINESTRING (545681.218892 257993.420906, 545688.954477 257988.984486)

LINESTRING (545681.218892 257993.420906, 545692.811213 258000.406621)

LINESTRING (545688.954477 257988.984486, 545700.015566 257982.631165)

LINESTRING (545688.954477 257988.984486, 545681.703342 257976.238223)

LINESTRING (545681.703342 257976.238223, 545674.235552 257980.638001)

LINESTRING (545674.235552 257980.638001, 545666.767775 257985.037790)

LINESTRING (545674.235552 257980.638001, 545681.218892 257993.420906)

LINESTRING (544611.755936 259047.306039, 544615.889062 259050.242697)

LINESTRING (544611.755936 259047.306039, 544609.169062 259048.788832, 544605.736834 259052.528732)

LINESTRING (544611.755936 259047.306039, 544624.853264 259034.309282, 544644.802628 259015.435245, 544680.028795 258983.639415, 544690.358104 258974.123799)

LINESTRING (544622.371807 259055.140133, 544615.889062 259050.242697)

LINESTRING (544622.371807 259055.140133, 544623.051593 259057.853578, 544624.208014 259061.104072)

LINESTRING (544622.371807 259055.140133, 544623.648990 259049.801326, 544628.095156 259044.354656, 544631.684200 259040.396736)

LINESTRING (544624.208014 259061.104072, 544619.699342 259065.647342)

LINESTRING (544624.208014 259061.104072, 544631.707994 259070.505713, 544639.878614 259082.698461, 544645.669320 259092.562243, 544651.631516 259103.577492, 544659.906661 259119.212688, 544669.003707 259132.690296, 544673.158288 259137.230442, 544686.607932 259149.165574, 544698.229065 259157.919649, 544711.012201 259166.919169, 544729.541819 259179.091827, 544744.506114 259188.789591, 544759.775068 259195.780433, 544763.143744 259196.791556)

LINESTRING (544624.208014 259061.104072, 544623.051593 259057.853578, 544622.371807 259055.140133)

LINESTRING (544771.795823 259214.953497, 544773.271316 259211.256717)

LINESTRING (544771.795823 259214.953497, 544779.325640 259217.933890, 544786.599747 259220.773256, 544793.267800 259223.995625)

LINESTRING (544771.795823 259214.953497, 544769.260941 259213.955597, 544760.917502 259210.973712, 544751.978357 259206.850247, 544745.892854 259202.643196, 544737.010499 259195.872332, 544727.221095 259188.084367, 544719.346914 259182.845616, 544712.423974 259178.280233)

LINESTRING (545052.133607 258441.802974, 545072.122334 258449.522733)

LINESTRING (544198.663352 259002.577839, 544204.506885 259032.510993, 544204.911579 259034.581922)

LINESTRING (544510.391133 259001.473983, 544516.106257 258995.418648)

LINESTRING (544516.106257 258995.418648, 544510.391133 259001.473983)

LINESTRING (544516.106257 258995.418648, 544490.784776 258972.252141)

LINESTRING (544516.106257 258995.418648, 544518.411714 258997.489388, 544526.979892 259005.207896)

LINESTRING (544490.784776 258972.252141, 544516.106257 258995.418648)

LINESTRING (544502.072441 258958.935169, 544503.989102 258956.987553, 544504.761827 258957.689051)

LINESTRING (544951.787384 257963.946025, 544936.307753 257954.911711)

LINESTRING (545341.299578 258062.626454, 545331.637648 258080.530667, 545331.456356 258081.349020, 545331.326796 258082.269066, 545331.275960 258083.536471, 545331.426886 258084.453610)

LINESTRING (545327.803136 258093.519029, 545323.971568 258089.844887)

LINESTRING (545327.803136 258093.519029, 545327.246036 258094.092621, 545326.526231 258094.850664, 545325.671379 258095.782839, 545314.191923 258114.101283, 545313.859668 258114.703729)

LINESTRING (545327.803136 258093.519029, 545330.701882 258090.520823, 545331.032212 258089.517618, 545331.292268 258088.345393)

LINESTRING (545305.531202 258129.586146, 545306.475565 258127.933099, 545308.337288 258124.615085)

LINESTRING (544307.453633 259238.206644, 544312.420790 259253.355317, 544321.187025 259280.090270)

LINESTRING (545106.287990 258644.307360, 545105.762872 258644.258594)

LINESTRING (545106.287990 258644.307360, 545111.937729 258644.495040)

LINESTRING (545106.287990 258644.307360, 545104.675897 258671.574764, 545124.684606 258672.505675)

LINESTRING (545105.762872 258644.258594, 545106.287990 258644.307360)

LINESTRING (544492.361448 259021.361743, 544500.178138 259029.292036, 544504.278609 259033.585577)

LINESTRING (545094.778472 259286.798832, 545089.615086 259299.915382, 545088.362091 259307.681283, 545088.749288 259315.940437)

