scenario_name,candidate_id,max_abs_r_vs_selected
SV1_C22845,C22845,0.8761123873240787
SV1_C61815,C61815,0.9222802598564259
SV1_C63103,C63103,0.8895134865092251
SV1_C60696,C60696,0.912339447251402
SV1_C30011,C30011,0.8895684097850348
SV1_C84016,C84016,0.8995159596199083
SV1_C57626,C57626,0.8523191410225437
SV1_C75625,C75625,0.9347618351136041
SV1_C60099,C60099,0.9001078442448334
SV1_C48028,C48028,0.9477292410471736
SV1_C75063,C75063,0.9669244583442584
SV1_C48704,C48704,0.8946035000993771
SV1_C51036,C51036,0.8705951584185107
SV1_C10867,C10867,0.9470748910010947
SV1_C33097,C33097,0.8560195992533968
SV1_C86441,C86441,0.9293342667051205
SV1_C03107,C03107,0.8887388742704257
SV1_C69711,C69711,0.9195144863830975
SV1_C73237,C73237,0.9367960693755288
SV1_C52830,C52830,0.8986472864239938
SV1_C89402,C89402,0.9203813846926503
SV1_C53514,C53514,0.9215150248088365
SV1_C45092,C45092,0.9072056004268952
SV1_C53425,C53425,0.9583511274934032
SV1_C00626,C00626,0.9187783795023642
SV1_C73230,C73230,0.9162872150400163
SV1_C06037,C06037,0.9417348488622378
SV1_C58209,C58209,0.9747713151889145
SV1_C53493,C53493,0.967916604491945
SV1_C52833,C52833,0.9428666110413362
SV1_C55220,C55220,0.8783037925953836
SV1_C68439,C68439,0.8993837359845493
SV1_C90628,C90628,0.9755399831235365
SV1_C49267,C49267,0.8982951366216119
SV1_C48106,C48106,0.9344517388679959
SV1_C43828,C43828,0.9892766566930254
SV1_C52847,C52847,0.8622187138676056
SV1_C83487,C83487,0.9485338738579617
SV1_C53494,C53494,0.9974437873365292
SV1_C48074,C48074,0.9079623027087926
SV1_C43276,C43276,0.9881835151476287
SV1_C49261,C49261,0.9636731639603575
SV1_C17418,C17418,0.931040539069257
SV1_C06096,C06096,0.8960198855068731
SV1_C83498,C83498,0.9086281941128738
SV1_C23446,C23446,0.8984915321381914
SV1_C44425,C44425,0.995966489202833
SV1_C58815,C58815,0.9508091052861586
SV1_C57028,C57028,0.8701691155782553
SV1_C05424,C05424,0.9018807162120169
SV1_C34214,C34214,0.950445077641338
SV1_C28305,C28305,0.9557860470292189
SV1_C00710,C00710,0.9738697738498278
SV1_C78026,C78026,0.9413589101408696
SV1_C00083,C00083,0.8702488287633071
SV1_C62499,C62499,0.9149775266529931
SV1_C53412,C53412,0.8605963209007178
SV1_C88816,C88816,0.9283514860133285
SV1_C82813,C82813,0.9378511594679811
SV1_C48619,C48619,0.8710146235442225
SV1_C31887,C31887,0.8511510215834132
SV1_C81622,C81622,0.9490540760412436
SV1_C89505,C89505,0.9452512870916052
SV1_C07287,C07287,0.9425515698550633
SV1_C90603,C90603,0.880315930091239
SV1_C58309,C58309,0.9640314842502297
SV1_C36021,C36021,0.995630550384598
SV1_C07266,C07266,0.8614992732444703
SV1_C79806,C79806,0.8863775582703408
SV1_C93709,C93709,0.9540375580324627
SV1_C24708,C24708,0.9528839067811097
SV1_C21645,C21645,0.8741163572530543
SV1_C43214,C43214,0.9253098439823259
SV1_C18623,C18623,0.8587703381684588
SV1_C54035,C54035,0.9315296089418114
SV1_C11515,C11515,0.96473142074424
SV1_C53435,C53435,0.9021743373911596
SV1_C35401,C35401,0.914657415476551
SV1_C04835,C04835,0.8954181911131023
SV1_C12034,C12034,0.8773681297416676
SV1_C21634,C21634,0.8885276449849066
SV1_C91317,C91317,0.904415191425744
SV1_C09049,C09049,0.9534552782295587
SV1_C51103,C51103,0.9388465433920208
SV1_C79803,C79803,0.8734741780019686
SV1_C36003,C36003,0.8937946395645381
SV1_C27692,C27692,0.9116104207236647
SV1_C61285,C61285,0.8901254931085767
SV1_C88842,C88842,0.9100220643543995
SV1_C41401,C41401,0.9266192934595117
SV1_C60706,C60706,0.9843914900915024
SV1_C16842,C16842,0.92930440273025
SV1_C71508,C71508,0.919080374791863
SV1_C90626,C90626,0.9514886804453625
SV1_C43201,C43201,0.8623846950250754
SV1_C13282,C13282,0.933403780880767
SV1_C91209,C91209,0.9379354001069692
SV1_C22887,C22887,0.9720918604159069
SV1_C91800,C91800,0.9628160164377557
SV1_C69116,C69116,0.9976407448436719
SV1_C28902,C28902,0.9261864153328917
SV1_C74512,C74512,0.9291549652758427
SV1_C43264,C43264,0.9262426845489776
SV1_C72656,C72656,0.983494437394189
SV1_C51012,C51012,0.8718697085411224
SV1_C61916,C61916,0.8979024044752881
SV1_C05436,C05436,0.8729060931615383
SV1_C20417,C20417,0.8975084439970037
SV1_C48611,C48611,0.9199392951948177
SV1_C64222,C64222,0.9596697232700392
SV1_C07254,C07254,0.9859769872316096
SV1_C66718,C66718,0.922336652856142
SV1_C43861,C43861,0.9881175340458248
SV1_C81022,C81022,0.950259643302659
SV1_C75637,C75637,0.9173726743926709
SV1_C15030,C15030,0.9667012609925959
SV1_C03633,C03633,0.9774930546977834
SV1_C34899,C34899,0.9221791439662755
SV1_C78008,C78008,0.9434312965172867
SV1_C92484,C92484,0.8774695089156689
SV1_C30019,C30019,0.8857117836645989
SV1_C81106,C81106,0.9558905902171636
SV1_C82896,C82896,0.9121566264002107
SV1_C72707,C72707,0.87809699347813
SV1_C72686,C72686,0.8885200656647328
SV1_C22286,C22286,0.8713922245440152
SV1_C61229,C61229,0.9308864077500886
SV1_C48642,C48642,0.8962203177974181
SV1_C32473,C32473,0.9842867085014477
SV1_C55238,C55238,0.9392898104412638
SV1_C51705,C51705,0.9994102322784653
SV1_C52293,C52293,0.9617573909549941
SV1_C55273,C55273,0.8612254484530175
SV1_C45030,C45030,0.9649567653907252
SV1_C99698,C99698,0.9301531375966718
SV1_C26417,C26417,0.9871844715959841
SV1_C87063,C87063,0.9881812163967814
SV1_C98480,C98480,0.9305087301551443
SV1_C51611,C51611,0.8781889327759971
SV1_C06702,C06702,0.8993785545042015
SV1_C67907,C67907,0.9197822555563814
SV1_C50509,C50509,0.985713010724105
SV1_C24638,C24638,0.8815663510488011
SV1_C25909,C25909,0.972462530191417
SV1_C90609,C90609,0.9355616217863715
SV1_C04900,C04900,0.9426806570960747
SV1_C49243,C49243,0.8798088132353497
SV1_C94274,C94274,0.9993469926210108
SV1_C79279,C79279,0.9760912493562043
SV1_C10876,C10876,0.9600967303230995
SV1_C03672,C03672,0.9963482345244563
SV1_C54102,C54102,0.9593695650469081
SV1_C11449,C11449,0.9225086759731397
SV1_C72692,C72692,0.8969133419367208
SV1_C06118,C06118,0.9111316769815043
SV1_C72089,C72089,0.9026977970509572
SV1_C88265,C88265,0.882112776927275
SV1_C25298,C25298,0.9127614028696754
SV1_C06628,C06628,0.9236477647315171
SV1_C93066,C93066,0.9633171609835051
SV1_C52872,C52872,0.9856879477688638
SV1_C93062,C93062,0.9404227305438513
SV1_C43846,C43846,0.8514249945799716
SV1_C61308,C61308,0.9546634223140169
SV1_C25893,C25893,0.9928077792380791
SV1_C19209,C19209,0.9267842492671827
SV1_C69002,C69002,0.9604937686831044
SV1_C09611,C09611,0.8863550076342427
SV1_C30116,C30116,0.948304080316449
SV1_C70281,C70281,0.9358318970244867
SV1_C85886,C85886,0.9436109551627714
SV1_C06615,C06615,0.9856212729689502
SV1_C46829,C46829,0.9926619266063809
SV1_C73319,C73319,0.9983380725264773
SV1_C49809,C49809,0.9602088358517019
SV1_C77476,C77476,0.9076001334210761
SV1_C75645,C75645,0.91655985845229
SV1_C75031,C75031,0.917575459102414
SV1_C27630,C27630,0.9553995897663755
SV1_C10237,C10237,0.9714502281153148
SV1_C72008,C72008,0.9381177201823243
SV1_C61806,C61806,0.9546244900142449
SV1_C12074,C12074,0.9315383953515405
SV1_C13808,C13808,0.8672253283412197
SV1_C60079,C60079,0.9990991031892527
SV1_C74458,C74458,0.9520301558137108
SV1_C29473,C29473,0.9370989964492813
SV1_C83401,C83401,0.9487070854713185
SV1_C39023,C39023,0.9038781231212458
SV1_C64277,C64277,0.931792700591119
SV1_C82801,C82801,0.94814740969946
SV1_C79800,C79800,0.9340678228699281
SV1_C01307,C01307,0.9151759427278038
SV1_C02436,C02436,0.9901999526081541
SV1_C77403,C77403,0.9632403873919985
SV1_C10857,C10857,0.9371181117460965
SV1_C98411,C98411,0.8655941485265485
SV1_C31212,C31212,0.9747104644047324
SV1_C61845,C61845,0.8655589658138282
SV1_C52812,C52812,0.8643710564822885
SV1_C96026,C96026,0.8960271620782944
SV1_C48044,C48044,0.8511209606709428
SV1_C72660,C72660,0.9928475042182549
SV1_C21609,C21609,0.8800601187190045
SV1_C10912,C10912,0.8600801728166725
SV1_C18036,C18036,0.8897986949866452
SV1_C88850,C88850,0.9247963101867247
SV1_C79212,C79212,0.91559662386602
SV1_C72671,C72671,0.9144385833742822
SV1_C74400,C74400,0.9269665320146456
SV1_C12100,C12100,0.9411504565921816
SV1_C25237,C25237,0.9484701868389552
SV1_C73827,C73827,0.8951511326272881
SV1_C45118,C45118,0.9463120377829483
SV1_C27087,C27087,0.8888157211338739
SV1_C84007,C84007,0.9614365854854227
SV1_C63109,C63109,0.9534668069021618
SV1_C42000,C42000,0.8718277140685169
SV1_C93008,C93008,0.994683928398563
SV1_C11468,C11468,0.9974425787162301
SV1_C21045,C21045,0.9465210704101243
SV1_C47494,C47494,0.9123749346883251
SV1_C74445,C74445,0.953760405478407
SV1_C24632,C24632,0.9644979406728134
SV1_C81607,C81607,0.9063712838652029
SV1_C78718,C78718,0.9026567649364672
SV1_C91878,C91878,0.9124431742223088
SV1_C29492,C29492,0.9055855224145493
SV1_C72625,C72625,0.9566194405725201
SV1_C90024,C90024,0.9853323206995399
SV1_C62517,C62517,0.9121137198848608
SV1_C15632,C15632,0.9362614616246139
SV1_C30608,C30608,0.9640543497091849
SV1_C88225,C88225,0.9977805061417457
SV1_C86451,C86451,0.9994679825133892
SV1_C45629,C45629,0.9990626784632575
SV1_C48076,C48076,0.9335070481293699
SV1_C09063,C09063,0.9382502888384459
SV1_C57088,C57088,0.9004322427073663
SV1_C07855,C07855,0.8927959903240117
SV1_C12630,C12630,0.9057021106709577
SV1_C00078,C00078,0.9462586203333063
SV1_C59506,C59506,0.9688840912813325
SV1_C24025,C24025,0.9458385953728766
SV1_C54084,C54084,0.9378547628958765
SV1_C11467,C11467,0.9293306860158121
SV1_C52282,C52282,0.9025383656017325
SV1_C18685,C18685,0.948055927074194
SV1_C80504,C80504,0.8692843757058588
SV1_C01878,C01878,0.9412952206823437
SV1_C41405,C41405,0.9267740642658148
SV1_C08419,C08419,0.8564370652045097
SV1_C30093,C30093,0.9064373759049382
SV1_C83413,C83413,0.9388351565980875
SV1_C14437,C14437,0.9309033880404034
SV1_C22916,C22916,0.973492518884551
SV1_C15085,C15085,0.8741019048849087
SV1_C58301,C58301,0.9202882787076573
SV1_C76305,C76305,0.9953957634314844
SV1_C19831,C19831,0.9987076317607837
SV1_C11485,C11485,0.9505680875094449
SV1_C60627,C60627,0.8575389348194818
SV1_C96085,C96085,0.9275214742990384
SV1_C14418,C14418,0.9388211450645889
SV1_C15614,C15614,0.9505365192028437
SV1_C75712,C75712,0.949719255257349
SV1_C84079,C84079,0.8694413456269061
SV1_C94317,C94317,0.8584484953596302
SV1_C49858,C49858,0.9933966399223092
SV1_C14405,C14405,0.9166246333657427
SV1_C85888,C85888,0.8920890562551158
SV1_C90009,C90009,0.9297966298262853
SV1_C60617,C60617,0.9527023026416355
SV1_C72679,C72679,0.999255695511847
SV1_C49235,C49235,0.9459189734102756
SV1_C28898,C28898,0.9254060944957193
SV1_C72029,C72029,0.9546996187267706
SV1_C75662,C75662,0.9242808436395403
SV1_C05490,C05490,0.9010084372348435
SV1_C21701,C21701,0.9032092954087747
SV1_C61877,C61877,0.9231237874814069
SV1_C33079,C33079,0.8540575093308832
SV1_C89400,C89400,0.8846399947051775
SV1_C27013,C27013,0.9525442186170778
SV1_C84699,C84699,0.8659935927633489
SV1_C82822,C82822,0.9414214145355737
SV1_C24704,C24704,0.9684596984773971
SV1_C73875,C73875,0.9942300513380531
SV1_C28285,C28285,0.9932270501411684
SV1_C79299,C79299,0.8885632490817735
SV1_C75057,C75057,0.9751143782979426
SV1_C75096,C75096,0.991061117080195
SV1_C45602,C45602,0.9437492311263442
SV1_C100236,C100236,0.9752820077731683
SV1_C86405,C86405,0.9144651803924956
SV1_C74491,C74491,0.9380964740526072
SV1_C87095,C87095,0.9729308912626837
SV1_C94300,C94300,0.943471204874002
SV1_C91270,C91270,0.8538653572872341
SV1_C27605,C27605,0.9743003834078331
SV1_C61301,C61301,0.9602957444152345
SV1_C49912,C49912,0.8515491801659677
SV1_C22318,C22318,0.9429382497483874
SV1_C60645,C60645,0.8869822858322916
SV1_C69614,C69614,0.9254092659433795
SV1_C46894,C46894,0.8933833521138353
SV1_C54609,C54609,0.8560866521910366
SV1_C81683,C81683,0.9815381102643909
SV1_C67276,C67276,0.9876670124751215
SV1_C91912,C91912,0.9179919473426426
SV1_C73313,C73313,0.9640512922239812
SV1_C58215,C58215,0.9521316540548657
SV1_C72112,C72112,0.970088588866388
SV1_C43267,C43267,0.9479504158528153
SV1_C94829,C94829,0.8866674341672075
SV1_C55272,C55272,0.8723658229821865
SV1_C11422,C11422,0.9621447791494459
SV1_C99680,C99680,0.8785032163129459
SV1_C30602,C30602,0.9224017733304293
SV1_C91810,C91810,0.9466254840494212
SV1_C72037,C72037,0.9326891007712331
SV1_C13266,C13266,0.8638161846113024
SV1_C69618,C69618,0.854587045951175
SV1_C86487,C86487,0.9108229028626984
SV1_C10240,C10240,0.8971423201450764
SV1_C57620,C57620,0.9635500453920931
SV1_C12639,C12639,0.9562889139929341
SV1_C60017,C60017,0.9565600152643553
SV1_C46251,C46251,0.9892178660496386
SV1_C01816,C01816,0.9332098888895258
SV1_C07218,C07218,0.9321206258745974
SV1_C73236,C73236,0.925314494827788
SV1_C03684,C03684,0.9674799535465282
SV1_C16800,C16800,0.8929000307289199
SV1_C85286,C85286,0.9269248222549615
SV1_C54105,C54105,0.9900100822351946
SV1_C84022,C84022,0.9152593699503452
SV1_C08460,C08460,0.9553208552392697
SV1_C38404,C38404,0.9946694352453758
SV1_C30712,C30712,0.9139726642790562
SV1_C67838,C67838,0.9053914900674446
SV1_C99704,C99704,0.9048550575736607
SV1_C25889,C25889,0.9037255942956626
SV1_C07248,C07248,0.9310326384335991
SV1_C06015,C06015,0.9779237766981842
SV1_C58872,C58872,0.9732570517673707
SV1_C22242,C22242,0.8754094746460307
SV1_C87671,C87671,0.8755319410422813
SV1_C35488,C35488,0.9337824367749886
SV1_C07837,C07837,0.9761859936213013
SV1_C10875,C10875,0.9278631567541907
SV1_C69035,C69035,0.903745952607192
SV1_C07255,C07255,0.8900272411270794
SV1_C79289,C79289,0.8500188198315616
SV1_C49218,C49218,0.8986794090735221
SV1_C73263,C73263,0.9713144194375984
SV1_C43303,C43303,0.999391985248095
SV1_C07898,C07898,0.908323855876932
SV1_C92470,C92470,0.9381839956963998
SV1_C03700,C03700,0.9425689901597253
SV1_C43315,C43315,0.9400511857015702
SV1_C10873,C10873,0.9728272963415657
SV1_C48049,C48049,0.9431841221380232
SV1_C20476,C20476,0.9469271846389891
SV1_C76307,C76307,0.935442501059594
SV1_C88206,C88206,0.9337080633036245
SV1_C57606,C57606,0.9903035332057546
SV1_C01318,C01318,0.9235335868321563
SV1_C32488,C32488,0.9544754739911023
SV1_C81620,C81620,0.9820955596964476
SV1_C19222,C19222,0.9244521778398028
SV1_C95476,C95476,0.9147622144905018
SV1_C88281,C88281,0.9741764834788504
SV1_C94883,C94883,0.9143884724501071
SV1_C55807,C55807,0.901888369102622
SV1_C57116,C57116,0.8720451068255289
SV1_C06609,C06609,0.9531419063064266
SV1_C81691,C81691,0.9590306871552535
SV1_C85885,C85885,0.9777057796971189
SV1_C05504,C05504,0.9033082488645175
SV1_C26482,C26482,0.9853984532667052
SV1_C75650,C75650,0.9450257734322136
SV1_C56403,C56403,0.898884717173082
SV1_C88274,C88274,0.9017192874982901
SV1_C64847,C64847,0.861320199749925
SV1_C46228,C46228,0.9913051610873294
SV1_C53432,C53432,0.9492956088926389
SV1_C22307,C22307,0.9980131638528958
SV1_C54674,C54674,0.8544575400600042
SV1_C21073,C21073,0.9646263009529301
SV1_C65431,C65431,0.8607118325916226
SV1_C25293,C25293,0.9898437292494929
SV1_C96033,C96033,0.881467796275585
SV1_C57008,C57008,0.9960735951913026
SV1_C32401,C32401,0.9730776912862491
SV1_C52815,C52815,0.8997788075252884
SV1_C63096,C63096,0.9303679599502582
SV1_C10202,C10202,0.954676931467008
SV1_C86454,C86454,0.931055187710147
SV1_C25314,C25314,0.8918442967005249
SV1_C66712,C66712,0.9008675647862799
SV1_C33713,C33713,0.9218541394746929
SV1_C10232,C10232,0.978139573470696
SV1_C80401,C80401,0.9327688999744643
SV1_C32479,C32479,0.8717201554928335
SV1_C30681,C30681,0.9604715261683308
SV1_C55208,C55208,0.9296445611213672
SV1_C17480,C17480,0.9923936557118339
SV1_C45614,C45614,0.9284487117911394
SV1_C78100,C78100,0.9510921823470302
SV1_C73259,C73259,0.9295613256541725
SV1_C57103,C57103,0.9094556803141262
SV1_C34891,C34891,0.898848979406475
SV1_C30610,C30610,0.9286428389899666
SV1_C01310,C01310,0.9737027589560266
SV1_C72609,C72609,0.969928136561873
SV1_C89433,C89433,0.9993944256073479
SV1_C64885,C64885,0.970488706293266
SV1_C16246,C16246,0.9966558936917849
SV1_C04891,C04891,0.964832281569692
SV1_C27674,C27674,0.8972484077721565
SV1_C83492,C83492,0.9765762041444325
SV1_C99685,C99685,0.897095685948582
SV1_C54693,C54693,0.9659678256512949
SV1_C09035,C09035,0.9311136931274974
SV1_C98504,C98504,0.889519853713413
SV1_C06633,C06633,0.9539697462766692
SV1_C16217,C16217,0.9442374402970437
SV1_C09040,C09040,0.8883287657078788
SV1_C09093,C09093,0.9673979477526428
SV1_C94221,C94221,0.9085892015674366
SV1_C90653,C90653,0.8657041301785887
SV1_C82283,C82283,0.9759163678387515
SV1_C81689,C81689,0.8796240402581855
SV1_C16215,C16215,0.9247631216046059
SV1_C24642,C24642,0.8553268984656441
SV1_C08422,C08422,0.9982534617085619
SV1_C00676,C00676,0.9434883048942294
SV1_C93047,C93047,0.9345714659630964
SV1_C74453,C74453,0.966416274938238
SV1_C55304,C55304,0.9414742798070568
SV1_C91871,C91871,0.9606353301610308
SV1_C77498,C77498,0.9037291885399379
SV1_C86413,C86413,0.9068643727552672
SV1_C29503,C29503,0.999234428370215
SV1_C32483,C32483,0.8671150417620107
SV1_C03115,C03115,0.9128061458866544
SV1_C02439,C02439,0.9938104407705433
SV1_C66604,C66604,0.9806261568349992
SV1_C46250,C46250,0.962903812845613
SV1_C84003,C84003,0.9591181737526465
SV1_C90112,C90112,0.9957064300587419
SV1_C91819,C91819,0.9374864844543565
SV1_C56423,C56423,0.8733209014396238
SV1_C13216,C13216,0.9110389110913253
SV1_C30083,C30083,0.8851081806743825
SV1_C77417,C77417,0.9345690942933109
SV1_C60103,C60103,0.9099725495766512
SV1_C12016,C12016,0.9944749255129328
SV1_C96086,C96086,0.9689296139032413
SV1_C17487,C17487,0.9379880565721483
SV1_C08421,C08421,0.9755426464821016
SV1_C47472,C47472,0.9634830419905261
SV1_C31882,C31882,0.9913024885778422
SV1_C51109,C51109,0.9887985517633378
SV1_C04204,C04204,0.9513782114286803
SV1_C67278,C67278,0.9551921401396756
SV1_C94821,C94821,0.9081245282470486
SV1_C91831,C91831,0.8683431240291084
SV1_C79907,C79907,0.8831288651669884
SV1_C19844,C19844,0.9563549645979701
SV1_C65512,C65512,0.8887717609515755
SV1_C78645,C78645,0.8505222920012446
SV1_C89405,C89405,0.9107972903070745
SV1_C79317,C79317,0.9231862807734916
SV1_C06607,C06607,0.954237963167724
SV1_C90692,C90692,0.9838221855961029
SV1_C98425,C98425,0.9332539903639195
SV1_C98402,C98402,0.96199933870433
SV1_C83497,C83497,0.9067329887186812
SV1_C01906,C01906,0.9946688869918975
SV1_C25200,C25200,0.9125209561668697
SV1_C04274,C04274,0.8974015064685849
SV1_C00612,C00612,0.9842487649917944
SV1_C13291,C13291,0.8788238963972446
SV1_C82207,C82207,0.9156068933227749
SV1_C52824,C52824,0.9418410314108818
SV1_C52226,C52226,0.9086317637153082
SV1_C99031,C99031,0.9594724377128024
SV1_C36618,C36618,0.9458311269498024
SV1_C70232,C70232,0.8955434609097834
SV1_C63017,C63017,0.9160028747135274
SV1_C45013,C45013,0.8893891272889123
SV1_C89404,C89404,0.889684272482177
SV1_C67214,C67214,0.9312626499958738
SV1_C12044,C12044,0.9833441216563836
SV1_C55313,C55313,0.8934306925548748
SV1_C09074,C09074,0.9479554011736329
SV1_C87079,C87079,0.9378279998072141
SV1_C28203,C28203,0.9434960058206809
SV1_C49210,C49210,0.944737285598699
SV1_C11440,C11440,0.8951191873041248
SV1_C43807,C43807,0.9982136809160952
SV1_C91816,C91816,0.9417293305423252
SV1_C70221,C70221,0.9890521983764017
SV1_C25233,C25233,0.9318559852702305
SV1_C97228,C97228,0.8963345385515749
SV1_C75686,C75686,0.8808630085175839
SV1_C43893,C43893,0.8695333231475648
SV1_C27015,C27015,0.9123961682206115
SV1_C10893,C10893,0.9535074830421171
SV1_C31808,C31808,0.9763033242836446
SV1_C99076,C99076,0.8972325231501429
SV1_C25916,C25916,0.994536613955457
SV1_C48088,C48088,0.9222547434764715
SV1_C49253,C49253,0.953579240385261
SV1_C92487,C92487,0.9362607594597279
SV1_C98414,C98414,0.9561488644199297
SV1_C21637,C21637,0.989877455430878
SV1_C70246,C70246,0.9097686859763873
SV1_C86473,C86473,0.9475696346967823
SV1_C97204,C97204,0.9986974442414592
SV1_C87624,C87624,0.9919642567405685
SV1_C07857,C07857,0.9447184956672698
SV1_C51686,C51686,0.8900218703088849
SV1_C99605,C99605,0.9455180233509896
SV1_C98485,C98485,0.9620359625903552
SV1_C30003,C30003,0.8839479277631398
SV1_C81686,C81686,0.8795566713450518
SV1_C99090,C99090,0.9044121239111946
SV1_C96024,C96024,0.9085091719985704
SV1_C40806,C40806,0.9529194549739155
SV1_C30606,C30606,0.9247442685004585
SV1_C96005,C96005,0.987367193583255
SV1_C45024,C45024,0.991877324915974
SV1_C98476,C98476,0.912973733598472
SV1_C09055,C09055,0.8950048720469601
SV1_C80502,C80502,0.9601423619026737
SV1_C08502,C08502,0.9135831231166046
SV1_C95517,C95517,0.9943911604489588
SV1_C28247,C28247,0.8734476144779654
SV1_C00637,C00637,0.9924191531198326
SV1_C07229,C07229,0.9968375376049193
SV1_C43898,C43898,0.9707806803334608
SV1_C18077,C18077,0.973389669363834
SV1_C70203,C70203,0.983835365491269
SV1_C56407,C56407,0.9005081112524882
SV1_C00707,C00707,0.9146150805564264
SV1_C55303,C55303,0.8784235900506313
SV1_C27077,C27077,0.9259323545243003
SV1_C49901,C49901,0.8615117953184108
SV1_C77435,C77435,0.944373342301669
SV1_C41413,C41413,0.9200173846291195
SV1_C47434,C47434,0.9516889169680371
SV1_C18024,C18024,0.9311476850173152
SV1_C92464,C92464,0.9941316757549381
SV1_C40201,C40201,0.9836428561869164
SV1_C96018,C96018,0.9256619352584745
SV1_C66709,C66709,0.931957730957817
SV1_C91203,C91203,0.8845099551420913
SV1_C43298,C43298,0.9684351884749867
SV1_C73251,C73251,0.9261079504379783
SV1_C60007,C60007,0.9356319776389479
SV1_C66025,C66025,0.981147002419117
SV1_C95478,C95478,0.9938873448654496
SV1_C69014,C69014,0.9393765832035047
SV1_C77510,C77510,0.921534236533192
SV1_C57691,C57691,0.8705736308274661
SV1_C72698,C72698,0.9419705725295107
SV1_C60090,C60090,0.8950845601149994
SV1_C94311,C94311,0.9185461628040468
SV1_C81697,C81697,0.9080230970830602
SV1_C54691,C54691,0.9006900313124361
SV1_C70828,C70828,0.8988768277126313
SV1_C34203,C34203,0.9418477367048463
SV1_C58300,C58300,0.9182777474824847
SV1_C18634,C18634,0.8698738038456849
SV1_C86515,C86515,0.8707419300858613
SV1_C45655,C45655,0.9942196516724302
SV1_C63031,C63031,0.9122609899936119
SV1_C22296,C22296,0.9287833918241353
SV1_C89426,C89426,0.9661254339169197
SV1_C25235,C25235,0.9823534192087737
SV1_C45684,C45684,0.9808731132425097
SV1_C06108,C06108,0.9157178871331386
SV1_C07244,C07244,0.9711268892348358
SV1_C08469,C08469,0.9753317576812296
SV1_C25833,C25833,0.9015594537663408
SV1_C54696,C54696,0.967620567737563
SV1_C17426,C17426,0.9254409988166759
SV1_C04916,C04916,0.900043859920799
SV1_C76237,C76237,0.9088932506268085
SV1_C66101,C66101,0.9563963791277854
SV1_C70294,C70294,0.9078517166720651
SV1_C55315,C55315,0.9464630900103882
SV1_C90712,C90712,0.9878888614625612
SV1_C51075,C51075,0.9973812618765225
SV1_C15014,C15014,0.9513421813518591
SV1_C73814,C73814,0.9820712826207445
SV1_C34208,C34208,0.9853922798644849
SV1_C18038,C18038,0.943548381304262
SV1_C80491,C80491,0.9631686910158263
SV1_C72080,C72080,0.9417330646385365
SV1_C28816,C28816,0.9284793863743341
SV1_C63717,C63717,0.9185275322405112
SV1_C97242,C97242,0.9012256777120554
SV1_C35503,C35503,0.9367538105517932
SV1_C54601,C54601,0.9015564006447601
SV1_C13250,C13250,0.9593694972823993
SV1_C02423,C02423,0.8578684349730684
SV1_C50514,C50514,0.9266835861278988
SV1_C82900,C82900,0.9115404778553903
SV1_C45705,C45705,0.9994989217984287
SV1_C59407,C59407,0.9385005799263894
SV1_C70885,C70885,0.8849746759212919
SV1_C39013,C39013,0.9898267226316986
SV1_C14403,C14403,0.8937392853086478
SV1_C77489,C77489,0.8892172321049889
SV1_C18624,C18624,0.9094183305150295
SV1_C00016,C00016,0.9375981446891517
SV1_C66642,C66642,0.8797548102913292
SV1_C73285,C73285,0.9319731802706411
SV1_C32495,C32495,0.9861220759013366
SV1_C93067,C93067,0.939545218004789
SV1_C16229,C16229,0.9261749672508852
SV1_C28820,C28820,0.9529794450425595
SV1_C73898,C73898,0.9549014931769668
SV1_C27026,C27026,0.907412801123468
SV1_C25304,C25304,0.9833565671919398
SV1_C43844,C43844,0.9426446840147488
SV1_C12119,C12119,0.9042087773801392
SV1_C10303,C10303,0.8802708693144611
SV1_C69632,C69632,0.9231781214945337
SV1_C62479,C62479,0.9555574111429684
SV1_C34294,C34294,0.9055978507289717
SV1_C06036,C06036,0.8991948408130018
SV1_C87697,C87697,0.9278107299980544
SV1_C51684,C51684,0.976650419141969
SV1_C53509,C53509,0.9896665169723631
SV1_C21602,C21602,0.9052504802506628
SV1_C33015,C33015,0.9257888297700464
SV1_C21623,C21623,0.8516310815854272
SV1_C46898,C46898,0.965040787885134
SV1_C73852,C73852,0.9802051398284339
SV1_C82218,C82218,0.8972791332618583
SV1_C93632,C93632,0.898312941979935
SV1_C82211,C82211,0.9189735867940492
SV1_C71486,C71486,0.8963262958073505
SV1_C31288,C31288,0.9807984807901885
SV1_C75112,C75112,0.961726331798445
SV1_C13290,C13290,0.8775434114667572
SV1_C97272,C97272,0.8883057469132165
SV1_C33620,C33620,0.912713360630813
SV1_C33675,C33675,0.8587087381759059
SV1_C13881,C13881,0.8617795991583359
SV1_C33016,C33016,0.9814324454208347
SV1_C09081,C09081,0.9977664928061807
SV1_C72019,C72019,0.8759371118897761
SV1_C18625,C18625,0.8928466539467409
SV1_C44410,C44410,0.9422477363118621
SV1_C77461,C77461,0.9493665469638755
SV1_C26418,C26418,0.9263498861763488
SV1_C45047,C45047,0.9322864939079145
SV1_C92401,C92401,0.9925450343480291
SV1_C46839,C46839,0.9691915408277216
SV1_C57019,C57019,0.8851678845762811
SV1_C86438,C86438,0.9498126038690087
SV1_C52296,C52296,0.9919908405839931
SV1_C27010,C27010,0.9881138013616848
SV1_C25227,C25227,0.9700434339939628
SV1_C91822,C91822,0.936867532367311
SV1_C30113,C30113,0.9053223803621677
SV1_C58233,C58233,0.9858984211568158
SV1_C49277,C49277,0.9726336254788471
SV1_C99622,C99622,0.851775470844451
SV1_C67296,C67296,0.9174381170424866
SV1_C33609,C33609,0.9895504476107527
SV1_C43879,C43879,0.9995040460633674
SV1_C08464,C08464,0.917345656503925
SV1_C12048,C12048,0.9532048800976174
SV1_C91207,C91207,0.8898833140156521
SV1_C25312,C25312,0.9182467585825709
SV1_C48707,C48707,0.8854746559550306
SV1_C03021,C03021,0.9890470586963648
SV1_C48647,C48647,0.8878233958488692
SV1_C19881,C19881,0.9179930724273675
SV1_C33104,C33104,0.9750576149472675
SV1_C72688,C72688,0.9099109668436622
SV1_C85910,C85910,0.8799184600065342
SV1_C50428,C50428,0.8838623461744451
SV1_C34918,C34918,0.9685399805830572
SV1_C01317,C01317,0.8914349841155986
SV1_C45712,C45712,0.9436828406527734
SV1_C04234,C04234,0.9131146079870833
SV1_C82202,C82202,0.903824653856916
SV1_C28823,C28823,0.999733198482731
SV1_C44426,C44426,0.9618113473778989
SV1_C21604,C21604,0.8791848861035155
SV1_C80494,C80494,0.9510883556299783
SV1_C96043,C96043,0.8917143703245771
SV1_C35408,C35408,0.9258595525755522
SV1_C53472,C53472,0.9776613829666715
SV1_C19838,C19838,0.8763841239747322
SV1_C01886,C01886,0.945772839011709
SV1_C73917,C73917,0.8963929074032834
SV1_C28800,C28800,0.9350938837958
SV1_C59483,C59483,0.9947657267475332
SV1_C70805,C70805,0.8553627023965849
SV1_C26403,C26403,0.9483149076943054
SV1_C97206,C97206,0.9623767523667267
SV1_C48034,C48034,0.9254290101592176
SV1_C76811,C76811,0.9082842086692573
SV1_C28309,C28309,0.982475851282122
SV1_C68509,C68509,0.9290745173430807
SV1_C31903,C31903,0.9903681220904111
SV1_C72643,C72643,0.8776175233796006
SV1_C69708,C69708,0.9447527786804625
SV1_C82906,C82906,0.9304218141336432
SV1_C66077,C66077,0.9838788836411152
SV1_C15646,C15646,0.9926507497654876
SV1_C37809,C37809,0.9992635449630483
SV1_C59422,C59422,0.9204092430502425
SV1_C52243,C52243,0.919979372097849
SV1_C83502,C83502,0.9086529281990782
SV1_C07308,C07308,0.9762896447230537
SV1_C52839,C52839,0.9805837377858503
SV1_C43810,C43810,0.9411379223499681
SV1_C08410,C08410,0.967747087055124
SV1_C23509,C23509,0.923214664311987
SV1_C64844,C64844,0.862146447994909
SV1_C99614,C99614,0.9110492775991638
SV1_C90677,C90677,0.974371609849538
SV1_C00098,C00098,0.9992495134704453
SV1_C90104,C90104,0.9486235299154967
SV1_C57621,C57621,0.9573360053013447
SV1_C93604,C93604,0.9744501484067352
SV1_C03075,C03075,0.9674547885441451
SV1_C52234,C52234,0.9076439772044969
SV1_C84002,C84002,0.9048164872288806
SV1_C29403,C29403,0.8858693351210267
SV1_C61876,C61876,0.925988149373058
SV1_C09633,C09633,0.9956797383796291
SV1_C47422,C47422,0.9964202905482854
SV1_C98500,C98500,0.891640873465668
SV1_C58905,C58905,0.9258095917051985
SV1_C33008,C33008,0.9915837433248684
SV1_C82280,C82280,0.9179436969916066
SV1_C42010,C42010,0.9492259071715008
SV1_C32415,C32415,0.9136656769420125
SV1_C46816,C46816,0.8956582245482247
SV1_C61824,C61824,0.9252521432260412
SV1_C98423,C98423,0.9734097178470591
SV1_C52896,C52896,0.9908358300979057
SV1_C13296,C13296,0.9789847629684083
SV1_C04291,C04291,0.9704418245341259
SV1_C11505,C11505,0.9599760508365925
SV1_C70291,C70291,0.8990998704882781
SV1_C96077,C96077,0.9511348353606539
SV1_C56479,C56479,0.8711801861182055
SV1_C36009,C36009,0.9981681151489794
SV1_C87012,C87012,0.8944870498669614
SV1_C72701,C72701,0.9767650965224409
SV1_C23444,C23444,0.8801126028676879
SV1_C90706,C90706,0.8950060710896025
SV1_C46216,C46216,0.8828676648331005
SV1_C13315,C13315,0.9285941590119148
SV1_C70240,C70240,0.8987148882809337
SV1_C43911,C43911,0.9869555791598632
SV1_C65436,C65436,0.953879418462235
SV1_C63025,C63025,0.9969916500718928
SV1_C09005,C09005,0.9389498345752714
SV1_C09078,C09078,0.9485729217644695
SV1_C93683,C93683,0.9189983045529144
SV1_C61832,C61832,0.9257195470151535
SV1_C07210,C07210,0.9708206643694015
SV1_C04908,C04908,0.9176157326537885
SV1_C00686,C00686,0.9282234205927995
SV1_C55205,C55205,0.9335404889876867
SV1_C12642,C12642,0.946918200011145
SV1_C54047,C54047,0.8733408418308256
SV1_C10295,C10295,0.9181468577046231
SV1_C33709,C33709,0.9241034841674781
SV1_C45617,C45617,0.9002110448310596
SV1_C28910,C28910,0.9162669091085854
SV1_C96610,C96610,0.9574678323617735
SV1_C35498,C35498,0.886251780020827
SV1_C75678,C75678,0.8995831313880688
SV1_C31208,C31208,0.9705485839213881
SV1_C67226,C67226,0.8713828818830158
SV1_C58307,C58307,0.9163916326009909
SV1_C91224,C91224,0.9499549861835014
SV1_C88839,C88839,0.9994501376142485
SV1_C60002,C60002,0.9800424849462586
SV1_C09103,C09103,0.8698145038429945
SV1_C11477,C11477,0.9475123388593056
SV1_C63002,C63002,0.9030854524655884
SV1_C78116,C78116,0.9446610551370404
SV1_C64903,C64903,0.9222229601209501
SV1_C51113,C51113,0.9383589218828198
SV1_C75118,C75118,0.9230639200740957
SV1_C24109,C24109,0.9343672805138297
SV1_C38415,C38415,0.9419979728833693
SV1_C24105,C24105,0.9497544422054595
SV1_C90673,C90673,0.970414410130971
SV1_C36621,C36621,0.9975171868743495
SV1_C06092,C06092,0.9908426692491062
SV1_C96111,C96111,0.919027271756036
SV1_C74506,C74506,0.957440229642812
SV1_C69111,C69111,0.9243945665360845
SV1_C52300,C52300,0.99278394095501
SV1_C91811,C91811,0.8986828782509563
SV1_C60004,C60004,0.938953885199251
SV1_C51606,C51606,0.9044980105715641
SV1_C23510,C23510,0.916581675042535
SV1_C87694,C87694,0.949854696277006
SV1_C13206,C13206,0.9289405383194603
SV1_C03001,C03001,0.9877503418788277
SV1_C45612,C45612,0.9097891595498991
SV1_C50435,C50435,0.9983577599339961
SV1_C26489,C26489,0.9053807804264707
SV1_C24006,C24006,0.9146274629056117
SV1_C08449,C08449,0.952309346587133
SV1_C04294,C04294,0.9084802377781592
SV1_C60083,C60083,0.9976098177763734
SV1_C48084,C48084,0.9248540763648697
SV1_C50407,C50407,0.8768355959221977
SV1_C25839,C25839,0.9808668012700104
SV1_C09691,C09691,0.9793717497404502
SV1_C58274,C58274,0.9254246058815916
SV1_C12058,C12058,0.931946288359225
SV1_C47402,C47402,0.9258935726111853
SV1_C72615,C72615,0.9211254872256125
SV1_C88894,C88894,0.9506875256104999
SV1_C18089,C18089,0.9356127047265219
SV1_C24091,C24091,0.9992869745399989
SV1_C69635,C69635,0.9231916620094871
SV1_C08445,C08445,0.9744178306557377
SV1_C23426,C23426,0.8732174639984458
SV1_C55285,C55285,0.9241575443757178
SV1_C08403,C08403,0.8966868613529634
SV1_C99043,C99043,0.9173646007451463
SV1_C75106,C75106,0.9614235004045087
SV1_C82205,C82205,0.9443487591782753
SV1_C51624,C51624,0.9156193625324247
SV1_C22815,C22815,0.9979150696983436
SV1_C72642,C72642,0.9519205210949885
SV1_C19225,C19225,0.9955381805454887
SV1_C10207,C10207,0.8823979337069464
SV1_C96074,C96074,0.9888934415475957
SV1_C55897,C55897,0.8795098209832432
SV1_C15005,C15005,0.9159066405403906
SV1_C46865,C46865,0.9273199830049844
SV1_C07870,C07870,0.9032389099789964
SV1_C89517,C89517,0.9312493669430287
SV1_C69016,C69016,0.8939052642904152
SV1_C51702,C51702,0.967914276877998
SV1_C95500,C95500,0.9428609076161294
SV1_C24682,C24682,0.9326129201052368
SV1_C07881,C07881,0.9972914362792166
SV1_C47496,C47496,0.9729621951977371
SV1_C28917,C28917,0.9771057211555395
SV1_C49916,C49916,0.8555329470173819
SV1_C46223,C46223,0.9318322765390684
SV1_C76902,C76902,0.951674199090481
SV1_C44431,C44431,0.9434477904548993
SV1_C46863,C46863,0.9747416570048917
SV1_C26513,C26513,0.9187854016645756
SV1_C04281,C04281,0.9876712404073824
SV1_C73919,C73919,0.996190522494365
SV1_C66677,C66677,0.9811477873677732
SV1_C85218,C85218,0.9042771858647053
SV1_C96621,C96621,0.9037001955848052
SV1_C06035,C06035,0.9087427459682361
SV1_C87048,C87048,0.9013612774664505
SV1_C46294,C46294,0.8707978475740553
SV1_C06686,C06686,0.8745901502600992
SV1_C65419,C65419,0.8640556192746784
SV1_C82816,C82816,0.914526015593849
SV1_C87073,C87073,0.9542038365060279
SV1_C88902,C88902,0.8936324586258363
SV1_C06636,C06636,0.9780752443608658
SV1_C52205,C52205,0.8807448083806875
SV1_C94234,C94234,0.8672165468576353
SV1_C34210,C34210,0.9437119343066227
SV1_C34887,C34887,0.8856773008451571
SV1_C69011,C69011,0.9943845820626773
SV1_C100277,C100277,0.9280729520181422
SV1_C53426,C53426,0.9118488303300749
SV1_C64900,C64900,0.9085325149563415
SV1_C39012,C39012,0.9849520965773411
SV1_C73878,C73878,0.9100464942086687
SV1_C68475,C68475,0.9768064791952423
SV1_C62501,C62501,0.954916549440889
SV1_C18675,C18675,0.9366400474167675
SV1_C09707,C09707,0.886030303967321
SV1_C16281,C16281,0.9421736771193622
SV1_C45078,C45078,0.9645187387411849
SV1_C26479,C26479,0.873485939259144
SV1_C75608,C75608,0.9061352476159547
SV1_C88238,C88238,0.9608375418069032
SV1_C37823,C37823,0.9038996728152568
SV1_C99638,C99638,0.9620473734507928
SV1_C33078,C33078,0.953050591696595
SV1_C88214,C88214,0.9478522167309423
SV1_C81679,C81679,0.9711424533754593
SV1_C72676,C72676,0.9455764154088947
SV1_C58844,C58844,0.865788490085581
SV1_C63030,C63030,0.9503374519595138
SV1_C19822,C19822,0.9294226902331996
SV1_C03089,C03089,0.9480950700161757
SV1_C07884,C07884,0.9613223753471397
SV1_C21026,C21026,0.8760817577631683
SV1_C84104,C84104,0.913111287679846
SV1_C10843,C10843,0.8810125168926327
SV1_C07880,C07880,0.9863017617499318
SV1_C04918,C04918,0.8875195576542563
SV1_C15083,C15083,0.9406464605982131
SV1_C25815,C25815,0.9864080167570074
SV1_C71502,C71502,0.9118596965228102
SV1_C90682,C90682,0.9199763421666063
SV1_C74439,C74439,0.911123978277344
SV1_C85289,C85289,0.8710982841041097
SV1_C58821,C58821,0.9562130546944412
SV1_C67908,C67908,0.8855793134903532
SV1_C71512,C71512,0.8524322370995292
SV1_C43235,C43235,0.9180183372510401
SV1_C48063,C48063,0.9273174052682613
SV1_C18082,C18082,0.9280741610230516
SV1_C58878,C58878,0.9250462542562329
SV1_C09077,C09077,0.999011408994416
SV1_C75028,C75028,0.93843844531144
SV1_C58317,C58317,0.9176070014716029
SV1_C28807,C28807,0.8892272179083995
SV1_C24033,C24033,0.9626170613991081
SV1_C82275,C82275,0.9590904868569131
SV1_C63609,C63609,0.928208000662931
SV1_C12632,C12632,0.9460857718030359
SV1_C17428,C17428,0.9420080043302006
SV1_C81081,C81081,0.8676381741309326
SV1_C31219,C31219,0.9556199489649706
SV1_C43905,C43905,0.9980786966809753
SV1_C76839,C76839,0.9389502023901058
SV1_C18681,C18681,0.970883548975789
SV1_C05516,C05516,0.9239386482273927
SV1_C04240,C04240,0.9303271547095072
SV1_C49842,C49842,0.9323236294734123
SV1_C86408,C86408,0.8866215548900789
SV1_C24706,C24706,0.923179138926469
SV1_C91217,C91217,0.9781563820695152
SV1_C28229,C28229,0.9991698727521411
SV1_C00028,C00028,0.9685896509975996
SV1_C55310,C55310,0.9617155217692587
SV1_C58288,C58288,0.8578188642636762
SV1_C12010,C12010,0.8761607718460477
SV1_C45605,C45605,0.9157357095848982
SV1_C51697,C51697,0.997658816279833
SV1_C73257,C73257,0.9727706746234085
SV1_C28312,C28312,0.9948533574250839
SV1_C16812,C16812,0.9064459979111912
SV1_C54005,C54005,0.8764733333241702
SV1_C34872,C34872,0.8880623811561223
SV1_C74402,C74402,0.9905001142438074
SV1_C28227,C28227,0.8734107888403438
SV1_C12013,C12013,0.9613910466726592
SV1_C12672,C12672,0.8682932622271874
SV1_C33698,C33698,0.8828671668508918
SV1_C06644,C06644,0.928839593840874
SV1_C68474,C68474,0.9552034948248829
SV1_C69019,C69019,0.9328405013938139
SV1_C23505,C23505,0.9389547629997804
SV1_C21612,C21612,0.9281540954477232
SV1_C07231,C07231,0.8917131419439588
SV1_C52227,C52227,0.9972096907665008
SV1_C48071,C48071,0.910779561687545
SV1_C75677,C75677,0.9303466385170912
SV1_C76883,C76883,0.9206746041700086
SV1_C88290,C88290,0.8990523626007498
SV1_C77508,C77508,0.9431164912219273
SV1_C83400,C83400,0.9537948833092995
SV1_C89424,C89424,0.9913081193844927
SV1_C85801,C85801,0.9052328213762361
SV1_C93021,C93021,0.8634542565324985
SV1_C78629,C78629,0.9405169015088226
SV1_C92411,C92411,0.9337162716433738
SV1_C25876,C25876,0.9819443484112653
SV1_C72001,C72001,0.9727338727971226
SV1_C60701,C60701,0.952248725933642
SV1_C75634,C75634,0.8965645322068281
SV1_C83510,C83510,0.8867229420354529
SV1_C90629,C90629,0.9827940070130246
SV1_C88222,C88222,0.9079014430513681
SV1_C51638,C51638,0.8918276417760288
SV1_C37806,C37806,0.9841413359294385
SV1_C76835,C76835,0.9593008634373625
SV1_C85283,C85283,0.9469467745303748
SV1_C47508,C47508,0.9674844671707447
SV1_C58213,C58213,0.9794318959538992
SV1_C59426,C59426,0.9074214616278834
SV1_C83418,C83418,0.8819893599384719
SV1_C72079,C72079,0.9997638912427281
SV1_C64301,C64301,0.9882704982511148
SV1_C36020,C36020,0.9931289232786344
SV1_C30703,C30703,0.9969436751662204
SV1_C70313,C70313,0.8923818827460044
SV1_C67211,C67211,0.9605753147355695
SV1_C82301,C82301,0.9007462602376559
SV1_C22892,C22892,0.9706158650466068
SV1_C72066,C72066,0.8869672875742671
SV1_C86443,C86443,0.9729584515433152
SV1_C70207,C70207,0.9847891487753602
SV1_C11405,C11405,0.9133999262428497
SV1_C65440,C65440,0.8604624247295234
SV1_C84684,C84684,0.8961309473313319
SV1_C83518,C83518,0.8653307621173152
SV1_C78003,C78003,0.991765632069306
SV1_C51023,C51023,0.999743262981054
SV1_C22804,C22804,0.896513373348616
SV1_C15074,C15074,0.994266581262703
SV1_C81681,C81681,0.8793713579200494
SV1_C53417,C53417,0.9116676004019342
SV1_C34212,C34212,0.9909070318820944
SV1_C03114,C03114,0.9333869795724486
SV1_C15023,C15023,0.9565877431895263
SV1_C96701,C96701,0.9700622208599258
SV1_C95485,C95485,0.9330386217755703
SV1_C09705,C09705,0.959303650066932
SV1_C72067,C72067,0.9941417246354085
SV1_C66630,C66630,0.8888730581383268
SV1_C84094,C84094,0.9336834885271937
SV1_C57024,C57024,0.8714533452395608
SV1_C46211,C46211,0.997235461747051
SV1_C93602,C93602,0.9359017147474128
SV1_C10292,C10292,0.9244843818906913
SV1_C03701,C03701,0.9306121587687406
SV1_C54038,C54038,0.9113979454008657
SV1_C69694,C69694,0.8937764720617151
SV1_C16274,C16274,0.9851020901837572
SV1_C45011,C45011,0.9986645115184714
SV1_C79897,C79897,0.9186357933960269
SV1_C16231,C16231,0.8637478298969078
SV1_C64297,C64297,0.985253162557772
SV1_C49221,C49221,0.9455059104717014
SV1_C70804,C70804,0.9372368521962406
SV1_C52203,C52203,0.8699990992287342
SV1_C48081,C48081,0.9422778779163282
SV1_C91250,C91250,0.8569646863164809
SV1_C52295,C52295,0.9193554413113237
SV1_C85819,C85819,0.9491896826453574
SV1_C10890,C10890,0.9440240057074343
SV1_C07914,C07914,0.9294984991087012
SV1_C57006,C57006,0.9860570734201117
SV1_C43913,C43913,0.9482770974298649
SV1_C23497,C23497,0.940754839328522
SV1_C34812,C34812,0.9663471965568518
SV1_C12664,C12664,0.9676383422397643
SV1_C24089,C24089,0.8909896262263113
SV1_C05433,C05433,0.9420886436457832
SV1_C93077,C93077,0.8777668971364022
SV1_C54624,C54624,0.9841457382984048
SV1_C22903,C22903,0.9988653214942961
SV1_C07810,C07810,0.9698763383496366
SV1_C00101,C00101,0.958913153415819
SV1_C42016,C42016,0.8503414354860623
SV1_C64201,C64201,0.9350531374989475
SV1_C56504,C56504,0.8789831380453962
SV1_C00679,C00679,0.9402066898471437
SV1_C08414,C08414,0.9526684107228439
SV1_C34275,C34275,0.9014960733837443
SV1_C99639,C99639,0.8799022027358323
SV1_C29404,C29404,0.9455677286282954
SV1_C99684,C99684,0.9102885914303801
SV1_C91919,C91919,0.8732645393225692
SV1_C09709,C09709,0.9614575873334673
SV1_C57031,C57031,0.9535683591027476
SV1_C76867,C76867,0.9356384364239981
SV1_C25283,C25283,0.9138156745143566
SV1_C07236,C07236,0.9634757152758568
SV1_C01875,C01875,0.9543631447298094
SV1_C44448,C44448,0.9917859945728714
SV1_C72623,C72623,0.931152474216763
SV1_C15625,C15625,0.9235991142608438
SV1_C43228,C43228,0.9860733962064914
SV1_C29513,C29513,0.9044870279862437
SV1_C48021,C48021,0.9813000712993866
SV1_C64820,C64820,0.9878433571202705
SV1_C16882,C16882,0.9834743227740117
SV1_C34916,C34916,0.9854948095384003
SV1_C75667,C75667,0.987839276085064
SV1_C66102,C66102,0.9928930144351443
SV1_C96684,C96684,0.9389217887396706
SV1_C14417,C14417,0.9451419037623836
SV1_C67882,C67882,0.9747946047397202
SV1_C51608,C51608,0.8649638118995758
SV1_C64880,C64880,0.999032414382459
SV1_C56474,C56474,0.9280327338098652
SV1_C95514,C95514,0.9302303544125959
SV1_C45600,C45600,0.9241759887538976
SV1_C19284,C19284,0.9307290235152876
SV1_C16218,C16218,0.9366466025911414
SV1_C61908,C61908,0.9366717025945261
SV1_C13849,C13849,0.9457003797573531
SV1_C79274,C79274,0.9242401239423946
SV1_C05499,C05499,0.9015605451079968
SV1_C30612,C30612,0.9680506849006721
SV1_C64241,C64241,0.8999077406090138
SV1_C72061,C72061,0.9740395712782652
SV1_C63624,C63624,0.9765298537777847
SV1_C72651,C72651,0.926742382968655
SV1_C03087,C03087,0.9873543198566987
SV1_C78617,C78617,0.8928780889209096
SV1_C11459,C11459,0.9501792975579912
SV1_C05431,C05431,0.8784041541954603
SV1_C72637,C72637,0.9354500482801495
SV1_C72041,C72041,0.9040890091922612
SV1_C49307,C49307,0.9338706137378564
SV1_C29512,C29512,0.9115566697042684
SV1_C46245,C46245,0.9744999152017755
SV1_C33109,C33109,0.9531958617801899
SV1_C33686,C33686,0.9398708348468978
SV1_C06047,C06047,0.9135550266355982
SV1_C38422,C38422,0.9860241156553802
SV1_C98407,C98407,0.9972520424270459
SV1_C73303,C73303,0.9093508424814457
SV1_C19229,C19229,0.9979703264455997
SV1_C61237,C61237,0.9601695366846358
SV1_C87692,C87692,0.999579654398476
SV1_C22245,C22245,0.8755891814464809
SV1_C09618,C09618,0.9237940923702065
SV1_C63640,C63640,0.8960949712920441
SV1_C27003,C27003,0.9159013317824638
SV1_C06603,C06603,0.9492194636720415
SV1_C03101,C03101,0.9410799544816942
SV1_C86478,C86478,0.8876977170887865
SV1_C77410,C77410,0.9139112885210452
SV1_C78675,C78675,0.885935748972308
SV1_C74476,C74476,0.9397307956022842
SV1_C07835,C07835,0.9019950549035358
SV1_C57625,C57625,0.969820447104975
SV1_C23417,C23417,0.9679311711194143
SV1_C34308,C34308,0.8618715936369546
SV1_C92433,C92433,0.9084134240813218
SV1_C13223,C13223,0.9484527336183219
SV1_C04816,C04816,0.9547258921206133
SV1_C55275,C55275,0.9258593773437833
SV1_C54677,C54677,0.9445806246383648
SV1_C51685,C51685,0.9688330023002798
SV1_C09682,C09682,0.945071198184079
SV1_C87067,C87067,0.938359910796141
SV1_C60693,C60693,0.9558259819603965
SV1_C00004,C00004,0.9926610353456696
SV1_C42018,C42018,0.9170577559578348
SV1_C57708,C57708,0.9725923847668718
SV1_C23413,C23413,0.9441144469531758
SV1_C52218,C52218,0.9237608589947757
SV1_C54089,C54089,0.871447781898138
SV1_C52901,C52901,0.9983872831283896
SV1_C91222,C91222,0.9423025048373258
SV1_C24100,C24100,0.9610755020509909
SV1_C100224,C100224,0.9852909432196066
SV1_C78054,C78054,0.9883257676653225
SV1_C98412,C98412,0.9897081779038467
SV1_C09657,C09657,0.9491171753149412
SV1_C67244,C67244,0.8693416792290702
SV1_C75708,C75708,0.970221611365285
SV1_C24616,C24616,0.9898371746535714
SV1_C56426,C56426,0.8960204755649466
SV1_C99007,C99007,0.9808875626793443
SV1_C40822,C40822,0.9685500823067458
SV1_C61834,C61834,0.8777472714434824
SV1_C34803,C34803,0.9360717318058286
SV1_C11462,C11462,0.9513794262965454
SV1_C28906,C28906,0.9264499234124453
SV1_C89448,C89448,0.8983078862474323
SV1_C03617,C03617,0.9224072021047152
SV1_C75668,C75668,0.9702130665698631
SV1_C87702,C87702,0.9161621522949698
SV1_C89432,C89432,0.9923092176009146
SV1_C67235,C67235,0.8855356831413523
SV1_C14472,C14472,0.9182826438442652
SV1_C19221,C19221,0.9555952925092698
SV1_C50436,C50436,0.8542551691530118
SV1_C67215,C67215,0.9499118704068571
SV1_C55884,C55884,0.8538680947588042
SV1_C54104,C54104,0.9820536764372302
SV1_C28301,C28301,0.9445341577004442
SV1_C46856,C46856,0.9809850013096969
SV1_C22900,C22900,0.9400813259055272
SV1_C09688,C09688,0.9809724175124
SV1_C21005,C21005,0.916765065498375
SV1_C55887,C55887,0.8765150108768514
SV1_C75041,C75041,0.8796189259747665
SV1_C86417,C86417,0.9198000580952314
SV1_C73894,C73894,0.9677821067537634
SV1_C43238,C43238,0.9466532123346582
SV1_C13814,C13814,0.9156635952251432
SV1_C03094,C03094,0.9313403435312466
SV1_C50487,C50487,0.9874193148834266
SV1_C31872,C31872,0.9947128169741104
SV1_C52312,C52312,0.933828812424907
SV1_C63007,C63007,0.9540150878876296
SV1_C12688,C12688,0.9004087048521165
SV1_C55223,C55223,0.9609469120491745
SV1_C17407,C17407,0.9379670899115813
SV1_C76275,C76275,0.9434551246459031
SV1_C75690,C75690,0.8995124250555394
SV1_C57616,C57616,0.94021638499489
SV1_C76877,C76877,0.9316615311623749
SV1_C88208,C88208,0.8878394467088769
SV1_C82821,C82821,0.9711375740206737
SV1_C55893,C55893,0.9881968898860825
SV1_C74428,C74428,0.9433072818202451
SV1_C06016,C06016,0.9653101834417108
SV1_C80405,C80405,0.9326497535810221
SV1_C90071,C90071,0.8597845962811341
SV1_C77501,C77501,0.9350755929759571
SV1_C52311,C52311,0.9795675401468831
SV1_C12067,C12067,0.8907467310809499
SV1_C56421,C56421,0.9902321065402896
SV1_C51037,C51037,0.8728638276872799
SV1_C66636,C66636,0.9637492317184764
SV1_C92491,C92491,0.8851125402092431
SV1_C75685,C75685,0.9094079964037994
SV1_C75089,C75089,0.9441262506815962
SV1_C46269,C46269,0.9666170051215949
SV1_C13317,C13317,0.8558985720233329
SV1_C49805,C49805,0.9609219775401199
SV1_C95484,C95484,0.916920427944705
SV1_C33707,C33707,0.9337436156138328
SV1_C96113,C96113,0.929300186863527
SV1_C90118,C90118,0.883748131041553
SV1_C43312,C43312,0.9411404684948892
SV1_C04814,C04814,0.9541695971133604
SV1_C25246,C25246,0.9045206028849486
SV1_C73825,C73825,0.9560095046624592
SV1_C57623,C57623,0.9569912182391773
SV1_C67230,C67230,0.879407119252521
SV1_C44414,C44414,0.9286304266137455
SV1_C06082,C06082,0.8854298254217211
SV1_C10221,C10221,0.9646493435457104
SV1_C59413,C59413,0.975464058922084
SV1_C29495,C29495,0.9348872937380668
SV1_C00646,C00646,0.9241140273292877
SV1_C90077,C90077,0.9770521164067844
SV1_C00713,C00713,0.9104694033450498
SV1_C87096,C87096,0.9370799961409721
SV1_C16244,C16244,0.9130855371462913
SV1_C62473,C62473,0.955341435945528
SV1_C81105,C81105,0.90883650861994
SV1_C04845,C04845,0.9519223561273187
SV1_C24045,C24045,0.8971414952135688
SV1_C13908,C13908,0.9854080567111001
SV1_C90003,C90003,0.8788145747403179
SV1_C48045,C48045,0.9445282686915253
SV1_C80499,C80499,0.8852031060486252
SV1_C58276,C58276,0.9808077673842688
SV1_C48627,C48627,0.9856445863138468
SV1_C90062,C90062,0.8945757095795425
SV1_C68502,C68502,0.9965331144616164
SV1_C45628,C45628,0.992533408162806
SV1_C70820,C70820,0.9948816998983482
SV1_C88868,C88868,0.8559409276468651
SV1_C99097,C99097,0.8995043598943419
SV1_C93681,C93681,0.9624647217333063
SV1_C30697,C30697,0.9924571019435819
SV1_C81693,C81693,0.9991911302331419
SV1_C87715,C87715,0.9114846025218253
SV1_C28306,C28306,0.9294331822673411
SV1_C24640,C24640,0.947457122180189
SV1_C80510,C80510,0.9369339015329398
SV1_C61307,C61307,0.9095467458214569
SV1_C13221,C13221,0.9799840525772011
SV1_C89420,C89420,0.8823345204337857
SV1_C48066,C48066,0.8589904530648591
SV1_C47460,C47460,0.9585111001299234
SV1_C61891,C61891,0.8782863337431009
SV1_C46315,C46315,0.9346148347119312
SV1_C58826,C58826,0.9117233476830914
SV1_C76208,C76208,0.9085432372662915
SV1_C54604,C54604,0.8991966283087819
SV1_C88836,C88836,0.9836566521656926
SV1_C66029,C66029,0.9809567586683341
SV1_C84677,C84677,0.9420421137030688
SV1_C79304,C79304,0.8700797096623987
SV1_C31891,C31891,0.8919297079308457
SV1_C81009,C81009,0.936286703623352
SV1_C16213,C16213,0.9236747178628748
SV1_C79890,C79890,0.8603767918297881
SV1_C84019,C84019,0.9578397847018595
SV1_C100229,C100229,0.9889741961817815
SV1_C88908,C88908,0.982068245577232
SV1_C25277,C25277,0.9822088382930156
SV1_C76848,C76848,0.9151793727333358
SV1_C25919,C25919,0.9729918719106543
SV1_C37206,C37206,0.9842809456192619
SV1_C60692,C60692,0.9127629149659895
SV1_C58285,C58285,0.9797700415632609
SV1_C37803,C37803,0.9401396021632615
SV1_C91243,C91243,0.9308002773585499
SV1_C53446,C53446,0.9678207704278609
SV1_C19218,C19218,0.9217006561466144
SV1_C85892,C85892,0.8563476210054174
SV1_C88217,C88217,0.9448408345734225
SV1_C34914,C34914,0.8838504425192614
SV1_C51632,C51632,0.9105338362403971
SV1_C73895,C73895,0.9175965262757464
SV1_C18604,C18604,0.9203119932083363
SV1_C67912,C67912,0.9082625429534938
SV1_C95515,C95515,0.9354317140002851
SV1_C49240,C49240,0.9691683308459075
SV1_C80475,C80475,0.9713472278987848
SV1_C68507,C68507,0.9035451162731011
SV1_C09027,C09027,0.9369463880050554
SV1_C22884,C22884,0.9765076436604819
SV1_C05493,C05493,0.9535357463209783
SV1_C59414,C59414,0.9963350931340255
SV1_C03085,C03085,0.9442058128600073
SV1_C73275,C73275,0.9974893442924436
SV1_C84109,C84109,0.9082578892562181
SV1_C99004,C99004,0.9798925687063055
SV1_C88802,C88802,0.9299048573071493
SV1_C74519,C74519,0.9931086954344649
SV1_C02516,C02516,0.9637197645259814
SV1_C11496,C11496,0.9582549580545393
SV1_C04306,C04306,0.9416002035979365
SV1_C95406,C95406,0.9507828120645413
SV1_C48117,C48117,0.9853993863187284
SV1_C77504,C77504,0.9356352732849477
SV1_C21678,C21678,0.8607536199565928
SV1_C30096,C30096,0.9993827484676319
SV1_C19202,C19202,0.9317549397700361
SV1_C08439,C08439,0.8897588607352881
SV1_C91271,C91271,0.906595207677275
SV1_C27710,C27710,0.9458650526233462
SV1_C70834,C70834,0.8651508470401137
SV1_C13269,C13269,0.9667151888373553
SV1_C34879,C34879,0.9116620103295676
SV1_C09082,C09082,0.9476410433227859
SV1_C97208,C97208,0.9981407814933917
SV1_C28277,C28277,0.9782096914769984
SV1_C67277,C67277,0.9759274163674192
SV1_C52838,C52838,0.8861377537892232
SV1_C80473,C80473,0.8699723540737897
SV1_C04826,C04826,0.9198927885048865
SV1_C52837,C52837,0.9200376873695529
SV1_C89401,C89401,0.9054284085117612
SV1_C09695,C09695,0.9205145707583635
SV1_C55215,C55215,0.8954861886636004
SV1_C20472,C20472,0.9474696255625618
SV1_C89507,C89507,0.9907249765297381
SV1_C28209,C28209,0.9668919389242611
SV1_C87659,C87659,0.9989703545905039
SV1_C43811,C43811,0.9968764695242782
SV1_C67285,C67285,0.9681404216085192
SV1_C46887,C46887,0.9625740594286922
SV1_C91223,C91223,0.9031064804314967
SV1_C68438,C68438,0.8743729386079526
SV1_C17486,C17486,0.945797712176822
SV1_C10827,C10827,0.9796788571330356
SV1_C01822,C01822,0.9525373712260393
SV1_C86465,C86465,0.8770939956480318
SV1_C91894,C91894,0.9181332287672311
SV1_C35482,C35482,0.9434957203027428
SV1_C49863,C49863,0.9382804311756915
SV1_C01220,C01220,0.9995925209613559
SV1_C79873,C79873,0.872122080020127
SV1_C23415,C23415,0.9994731367662056
SV1_C27621,C27621,0.9748826147218446
SV1_C22279,C22279,0.9120015778587113
SV1_C90053,C90053,0.8771851677705792
SV1_C72091,C72091,0.9070909677385556
SV1_C66613,C66613,0.9625504912713467
SV1_C91200,C91200,0.9173678135051417
SV1_C43244,C43244,0.9399687081669718
SV1_C77436,C77436,0.9610316230507503
SV1_C22219,C22219,0.9756475555554815
SV1_C46285,C46285,0.9882432635215972
SV1_C74444,C74444,0.9621086396754809
SV1_C93605,C93605,0.9690724840674576
SV1_C09621,C09621,0.9692071330366562
SV1_C99011,C99011,0.9805343803334817
SV1_C81007,C81007,0.9460695777007601
SV1_C16203,C16203,0.9170396581863078
SV1_C52845,C52845,0.9977791846531228
SV1_C46842,C46842,0.9123935103018984
SV1_C87109,C87109,0.9712066617734314
SV1_C22826,C22826,0.9034365242585031
SV1_C33674,C33674,0.9754152373759203
SV1_C58291,C58291,0.8771435329045388
SV1_C04827,C04827,0.883324338811924
SV1_C55300,C55300,0.9408742921259386
SV1_C88825,C88825,0.9980877205770325
SV1_C42008,C42008,0.8709285796158269
SV1_C81092,C81092,0.9891609545775767
SV1_C52310,C52310,0.9625842489796576
SV1_C03042,C03042,0.9191141305034418
SV1_C54027,C54027,0.9765290040450606
SV1_C86460,C86460,0.9132058806993841
SV1_C49201,C49201,0.9851506937953188
SV1_C48118,C48118,0.945706881575919
SV1_C06704,C06704,0.9493937271904314
SV1_C09672,C09672,0.9833245436860794
SV1_C09686,C09686,0.9234664287566139
SV1_C18601,C18601,0.9130109069018746
SV1_C01225,C01225,0.972715610396229
SV1_C49815,C49815,0.8764290620164783
SV1_C69017,C69017,0.9022548532070652
SV1_C58202,C58202,0.9870451893925083
SV1_C90048,C90048,0.8909072276098534
SV1_C04807,C04807,0.9447777736597361
SV1_C69001,C69001,0.9969113991589624
SV1_C07892,C07892,0.9307870937255611
SV1_C45691,C45691,0.9272786833328639
SV1_C12654,C12654,0.9152608524095538
SV1_C75618,C75618,0.9229564054779074
SV1_C28286,C28286,0.9356102345194212
SV1_C72700,C72700,0.9728501237635593
SV1_C61234,C61234,0.8892337924344693
SV1_C70204,C70204,0.9218592664579003
SV1_C65509,C65509,0.9245459672084902
SV1_C44412,C44412,0.8843592279325568
SV1_C12054,C12054,0.933273314318442
SV1_C16275,C16275,0.921884831927283
SV1_C97213,C97213,0.9870861490708277
SV1_C96683,C96683,0.899224272798168
SV1_C08478,C08478,0.9493698090653689
SV1_C75710,C75710,0.9482082914964123
SV1_C50490,C50490,0.8683695200705728
SV1_C63104,C63104,0.9392376341784829
SV1_C69710,C69710,0.9367474047567279
SV1_C28899,C28899,0.9979956849634066
SV1_C58800,C58800,0.9431637295774917
SV1_C92417,C92417,0.9423875564760658
SV1_C72114,C72114,0.9033312394109372
SV1_C47463,C47463,0.9592838503860113
SV1_C99046,C99046,0.925863431726221
SV1_C82294,C82294,0.9591900628498993
SV1_C46217,C46217,0.9060698133919846
SV1_C59502,C59502,0.9720487426039015
SV1_C72102,C72102,0.9332360274816224
SV1_C73857,C73857,0.9752080595400439
SV1_C34911,C34911,0.9088447916733425
SV1_C99615,C99615,0.9449938696293941
SV1_C13889,C13889,0.8929808422908875
SV1_C88892,C88892,0.9995688097888465
SV1_C46859,C46859,0.9806701419697114
SV1_C93628,C93628,0.9039458983426661
SV1_C15094,C15094,0.9088506584818792
SV1_C43278,C43278,0.9586363274931072
SV1_C75060,C75060,0.9991351769038417
SV1_C52902,C52902,0.9681472814177718
SV1_C73231,C73231,0.8993249423291138
SV1_C30621,C30621,0.9431214697073824
SV1_C81615,C81615,0.9387340497417672
SV1_C99042,C99042,0.8860187923123823
SV1_C82290,C82290,0.8785995170594898
SV1_C00697,C00697,0.9595000193523073
SV1_C06613,C06613,0.959582880101805
SV1_C78066,C78066,0.8926486015773292
SV1_C01275,C01275,0.9460395686400161
SV1_C45680,C45680,0.9911205985653831
SV1_C09698,C09698,0.9240495826845492
SV1_C76226,C76226,0.890495329279343
SV1_C88287,C88287,0.9379307285910393
SV1_C30107,C30107,0.9994895207294325
SV1_C43834,C43834,0.9605423313928274
SV1_C59436,C59436,0.9824949395755478
SV1_C51647,C51647,0.8507640147603412
SV1_C19885,C19885,0.8879294246848075
SV1_C23416,C23416,0.9773561740813083
SV1_C86479,C86479,0.9299287562775674
SV1_C96636,C96636,0.8724238556617749
SV1_C10852,C10852,0.927698244906145
SV1_C66698,C66698,0.9967701444261298
SV1_C69682,C69682,0.96607635659631
SV1_C97246,C97246,0.9946996422686893
SV1_C47407,C47407,0.9851779885815318
SV1_C70896,C70896,0.9792765841926397
SV1_C46897,C46897,0.9896087587191474
SV1_C99695,C99695,0.8803244229527118
SV1_C46883,C46883,0.9734367051387147
SV1_C31297,C31297,0.9921267652394162
SV1_C88304,C88304,0.9553778625535114
SV1_C29417,C29417,0.930739833933819
SV1_C48047,C48047,0.9088039068144681
SV1_C80421,C80421,0.9811542790430247
SV1_C55276,C55276,0.8984714317724952
SV1_C67836,C67836,0.965395915563924
SV1_C87601,C87601,0.9102259128620775
SV1_C68426,C68426,0.8622035175437406
SV1_C46222,C46222,0.9806381014874889
SV1_C16247,C16247,0.9016715178605835
SV1_C74474,C74474,0.9068179273458009
SV1_C59424,C59424,0.9542614207767057
SV1_C76808,C76808,0.9041539678165808
SV1_C04218,C04218,0.9058642082866077
SV1_C52823,C52823,0.9957898791117644
SV1_C66701,C66701,0.9589048159328571
SV1_C76812,C76812,0.9405134380323318
SV1_C35410,C35410,0.8887671767132096
SV1_C88241,C88241,0.9379850710524423
SV1_C58874,C58874,0.9238777847503801
SV1_C73892,C73892,0.9355262533134492
SV1_C21007,C21007,0.9620939724765739
SV1_C13227,C13227,0.9310712702840844
SV1_C62435,C62435,0.8831720894161504
SV1_C48684,C48684,0.9042640091940958
SV1_C76897,C76897,0.9829781479943326
SV1_C54028,C54028,0.9711361945907766
SV1_C96675,C96675,0.9021951202783888
SV1_C01842,C01842,0.9181373560981281
SV1_C49300,C49300,0.9436657798339461
SV1_C25213,C25213,0.964899421962458
SV1_C16223,C16223,0.9563853152484549
SV1_C04292,C04292,0.9710582582786798
SV1_C14488,C14488,0.9834864348773518
SV1_C87656,C87656,0.910001608882937
SV1_C91855,C91855,0.8683825597330358
SV1_C05503,C05503,0.9024531752185057
SV1_C11504,C11504,0.9538898046259345
SV1_C03607,C03607,0.9787759525306916
SV1_C73909,C73909,0.9669872767194322
SV1_C15035,C15035,0.8735841486293379
SV1_C95510,C95510,0.9865304357553639
SV1_C31917,C31917,0.9673403328750847
SV1_C13835,C13835,0.8586818563969595
SV1_C02489,C02489,0.9443407793514903
SV1_C09658,C09658,0.9985714722431364
SV1_C14475,C14475,0.9260200517847719
SV1_C05487,C05487,0.9518424848554424
SV1_C01821,C01821,0.9938044096324422
SV1_C21015,C21015,0.9698778222013864
SV1_C100208,C100208,0.9090289278663616
SV1_C48683,C48683,0.9072666447755101
SV1_C46823,C46823,0.9408669034519151
SV1_C75107,C75107,0.9222574543448021
SV1_C10816,C10816,0.9975066076566167
SV1_C71440,C71440,0.8808972671423929
SV1_C54077,C54077,0.9482840740260627
SV1_C93085,C93085,0.8614720547969139
SV1_C20405,C20405,0.9100907165205498
SV1_C57026,C57026,0.8543149795978401
SV1_C40821,C40821,0.9813044838085742
SV1_C65408,C65408,0.9639734693859072
SV1_C29407,C29407,0.8879257309443475
SV1_C13201,C13201,0.8682956597224056
SV1_C91293,C91293,0.9589665928323196
SV1_C64276,C64276,0.949183512959401
SV1_C06116,C06116,0.9603829438094647
SV1_C78082,C78082,0.9823886583271065
SV1_C45641,C45641,0.934992448525743
SV1_C91281,C91281,0.9680451510405856
SV1_C61810,C61810,0.9592611717643753
SV1_C56475,C56475,0.8721627378370013
SV1_C57677,C57677,0.997971422533222
SV1_C78706,C78706,0.9303762495273246
SV1_C21037,C21037,0.9018761299536481
SV1_C25316,C25316,0.9929926064873944
SV1_C79887,C79887,0.9990974193278102
SV1_C58810,C58810,0.99252566474743
SV1_C03713,C03713,0.9280715237422901
SV1_C52892,C52892,0.9309984799886035
SV1_C11444,C11444,0.9973490328534167
SV1_C39010,C39010,0.981819383984728
SV1_C13264,C13264,0.9567035871922153
SV1_C07296,C07296,0.9408966286985274
SV1_C26491,C26491,0.9396072082914099
SV1_C09603,C09603,0.8883019910928066
SV1_C14436,C14436,0.8872013229344667
SV1_C25805,C25805,0.9111158720170663
SV1_C76818,C76818,0.9323916841852784
SV1_C54614,C54614,0.8866875404846521
SV1_C87664,C87664,0.9089224709087954
SV1_C02427,C02427,0.9705868561639226
SV1_C25801,C25801,0.9021785572362069
SV1_C70815,C70815,0.9393699297655635
SV1_C63691,C63691,0.9898095983313319
SV1_C68420,C68420,0.9885446508331491
SV1_C71513,C71513,0.9563868916876245
SV1_C69027,C69027,0.9057011569212293
SV1_C95421,C95421,0.907161408532572
SV1_C21694,C21694,0.878566371139026
SV1_C64219,C64219,0.9226500018977456
SV1_C74495,C74495,0.9225494474815732
SV1_C76255,C76255,0.911211587520003
SV1_C99016,C99016,0.9435531764516514
SV1_C81604,C81604,0.9470060228284044
SV1_C86466,C86466,0.8667283283314124
SV1_C100317,C100317,0.9142573592218834
SV1_C81702,C81702,0.9539267106183639
SV1_C28240,C28240,0.937341568149769
SV1_C51680,C51680,0.9957818726350127
SV1_C53506,C53506,0.9679427267332344
SV1_C75073,C75073,0.9452601590905793
SV1_C49872,C49872,0.9376044401349677
SV1_C73266,C73266,0.8977563623445448
SV1_C97319,C97319,0.9806842837685543
SV1_C26402,C26402,0.945035656832249
SV1_C84612,C84612,0.9152251097636495
SV1_C16828,C16828,0.9441352190661066
SV1_C82213,C82213,0.933549015275452
SV1_C89454,C89454,0.9205962986873486
SV1_C66673,C66673,0.9780882899774598
SV1_C27702,C27702,0.9386078414274976
SV1_C69692,C69692,0.9251937357255589
SV1_C99096,C99096,0.8973623823624092
SV1_C04200,C04200,0.9503373415298707
SV1_C22902,C22902,0.9260626024131793
SV1_C45645,C45645,0.9746521313370021
SV1_C28245,C28245,0.9572982471819363
SV1_C73309,C73309,0.9607729224331096
SV1_C74452,C74452,0.9801246512955676
SV1_C52813,C52813,0.8874024204628235
SV1_C43822,C43822,0.95336682877358
SV1_C19213,C19213,0.9351854136008304
SV1_C06627,C06627,0.9184842119185944
SV1_C64284,C64284,0.9366804587039141
SV1_C46919,C46919,0.9127039305918013
SV1_C08448,C08448,0.9362768252679002
SV1_C72654,C72654,0.946136275641242
SV1_C61246,C61246,0.9164276028161158
SV1_C67809,C67809,0.9940622630650299
SV1_C07204,C07204,0.9154794793164669
SV1_C36610,C36610,0.9834726284606421
SV1_C57034,C57034,0.8502874051779833
SV1_C71410,C71410,0.9887134162124728
SV1_C09042,C09042,0.9963366041954385
SV1_C03681,C03681,0.982820208862975
SV1_C91280,C91280,0.9761025682734689
SV1_C51609,C51609,0.8870077686972652
SV1_C94913,C94913,0.9271360947377865
SV1_C46259,C46259,0.9916038341598052
SV1_C88244,C88244,0.9945885341036919
SV1_C13224,C13224,0.9374551328604424
SV1_C72040,C72040,0.8562237953367945
SV1_C73269,C73269,0.9449218727661908
SV1_C04225,C04225,0.9457877551844485
SV1_C16836,C16836,0.9163523926611518
SV1_C64912,C64912,0.8812249865099862
SV1_C49856,C49856,0.9451958680603897
SV1_C43845,C43845,0.9695186779568448
SV1_C44442,C44442,0.9108610307542852
SV1_C28310,C28310,0.9575179152732016
SV1_C60000,C60000,0.9366606892157218
SV1_C21021,C21021,0.9431953731543729
SV1_C35517,C35517,0.9638381774469407
SV1_C34298,C34298,0.8514865741045893
SV1_C30609,C30609,0.9573294573397746
SV1_C68511,C68511,0.9458106542547369
SV1_C31218,C31218,0.9214192477897478
SV1_C87039,C87039,0.9979353498967745
SV1_C67819,C67819,0.906424037885391
SV1_C98426,C98426,0.90104305685717
SV1_C66114,C66114,0.90228619525585
SV1_C06614,C06614,0.9361405970741634
SV1_C73834,C73834,0.9153621956311668
SV1_C12042,C12042,0.9211102190068405
SV1_C60041,C60041,0.9513667906865978
SV1_C76810,C76810,0.9137880283956054
SV1_C98511,C98511,0.8785176293290505
SV1_C25319,C25319,0.9850300200137103
SV1_C12111,C12111,0.9480895345006684
SV1_C31292,C31292,0.896297107387816
SV1_C62407,C62407,0.9455872568619792
SV1_C87006,C87006,0.9390020761855119
SV1_C45108,C45108,0.9865554837096694
SV1_C04874,C04874,0.8921481538501922
SV1_C00043,C00043,0.9722043586212679
SV1_C61825,C61825,0.9328154247834427
SV1_C59429,C59429,0.9690255026166379
SV1_C98513,C98513,0.9197689729379542
SV1_C55232,C55232,0.9888985756748164
SV1_C43313,C43313,0.9458903706166468
SV1_C96672,C96672,0.901952954387924
SV1_C78009,C78009,0.9487112798500563
SV1_C11410,C11410,0.9167860150770162
SV1_C99113,C99113,0.9611793820986939
SV1_C00689,C00689,0.9234266154005878
SV1_C64204,C64204,0.9331073323394254
SV1_C43287,C43287,0.9872926917263032
SV1_C55239,C55239,0.9670027717375185
SV1_C97877,C97877,0.9001802242595586
SV1_C25315,C25315,0.941128878025217
SV1_C53414,C53414,0.9071686687035926
SV1_C37810,C37810,0.983946425461892
SV1_C66090,C66090,0.9048529878324384
SV1_C10854,C10854,0.9908080384399565
SV1_C30015,C30015,0.9015289845327409
SV1_C12017,C12017,0.9874668764993152
SV1_C87691,C87691,0.909465932446864
SV1_C47445,C47445,0.9636656306826985
SV1_C64239,C64239,0.8610030024032783
SV1_C07897,C07897,0.948743583688488
SV1_C47473,C47473,0.9713886128729571
SV1_C94841,C94841,0.8794484732333206
SV1_C45036,C45036,0.9821559593334029
SV1_C27682,C27682,0.9092781826607934
SV1_C92447,C92447,0.9113400386959457
SV1_C94302,C94302,0.9979266632194593
SV1_C76247,C76247,0.929732104029258
SV1_C48087,C48087,0.9096938728619848
SV1_C73229,C73229,0.9573050050564158
SV1_C74480,C74480,0.9376224653526568
SV1_C72097,C72097,0.9700814816749127
SV1_C48714,C48714,0.967092259487262
SV1_C77491,C77491,0.9175506722568196
SV1_C97893,C97893,0.9122893803133209
SV1_C94813,C94813,0.9708636800153484
SV1_C78060,C78060,0.9510193316835643
SV1_C70898,C70898,0.9488361482378547
SV1_C97224,C97224,0.8981518764555905
SV1_C66083,C66083,0.9987431923767214
SV1_C29400,C29400,0.9434806254187122
SV1_C72681,C72681,0.9523684260367599
SV1_C16884,C16884,0.9548268913243529
SV1_C97809,C97809,0.995866282456522
SV1_C60040,C60040,0.9390478061008596
SV1_C92483,C92483,0.9501860172804082
SV1_C92429,C92429,0.9128069859350172
SV1_C85306,C85306,0.9663138845583212
SV1_C26498,C26498,0.9317014265920636
SV1_C70897,C70897,0.9845088456650282
SV1_C71429,C71429,0.8807176777169711
SV1_C94890,C94890,0.899693019863238
SV1_C36006,C36006,0.9826989411425546
SV1_C15019,C15019,0.908288823685146
SV1_C22873,C22873,0.9742162971121303
SV1_C88210,C88210,0.9326204699115404
SV1_C49289,C49289,0.9050920425596642
SV1_C06687,C06687,0.9065691060048097
SV1_C99017,C99017,0.9404815478934746
SV1_C19821,C19821,0.9143963069881007
SV1_C52247,C52247,0.8568629026008349
SV1_C57074,C57074,0.9726422580327215
SV1_C15636,C15636,0.8987693425726023
SV1_C45107,C45107,0.9972367602296172
SV1_C88204,C88204,0.8796311492028945
SV1_C23403,C23403,0.9840988474061136
SV1_C47447,C47447,0.9249251363080578
SV1_C85285,C85285,0.9664470536384511
SV1_C28913,C28913,0.9045027538107281
SV1_C76251,C76251,0.9113495623971178
SV1_C24087,C24087,0.9711225453820448
SV1_C46882,C46882,0.9557444026147283
SV1_C78643,C78643,0.9208309718048266
SV1_C87062,C87062,0.9156235145280884
SV1_C47501,C47501,0.9800885536410341
SV1_C10244,C10244,0.997439354637685
SV1_C50489,C50489,0.8868108092473679
SV1_C33077,C33077,0.9806107607892212
SV1_C96641,C96641,0.8776804544874948
SV1_C19237,C19237,0.9790865014691432
SV1_C09714,C09714,0.9253532218822255
SV1_C60115,C60115,0.87594177193761
SV1_C62418,C62418,0.9279624886694736
SV1_C15047,C15047,0.8949612083363271
SV1_C38416,C38416,0.9548844812403183
SV1_C27012,C27012,0.935738038065219
SV1_C16208,C16208,0.892639452449305
SV1_C66622,C66622,0.9732406684242223
SV1_C04843,C04843,0.8825963067728367
SV1_C06018,C06018,0.9467851079935057
SV1_C97218,C97218,0.9246419046621913
SV1_C70230,C70230,0.8594608154499699
SV1_C16240,C16240,0.9526437099498115
SV1_C15679,C15679,0.9306434050370089
SV1_C87676,C87676,0.9742369415341954
SV1_C11476,C11476,0.9346070274055495
SV1_C48717,C48717,0.9546028152237441
SV1_C90028,C90028,0.986158035279533
SV1_C45005,C45005,0.9033017644402287
SV1_C02474,C02474,0.9366641341960134
SV1_C06008,C06008,0.9768078521187503
SV1_C63695,C63695,0.908029268759487
SV1_C46252,C46252,0.9888753682271478
SV1_C48603,C48603,0.9212130270825778
SV1_C79221,C79221,0.9805519510372103
SV1_C74505,C74505,0.9912699986711111
SV1_C87709,C87709,0.973371557730447
SV1_C01913,C01913,0.9135327395974633
SV1_C95408,C95408,0.9876473547149065
SV1_C37219,C37219,0.8973509502722629
SV1_C26419,C26419,0.9486519071474798
SV1_C21679,C21679,0.9103464842511424
SV1_C46312,C46312,0.9420779570388255
SV1_C65505,C65505,0.9489396824099231
SV1_C83516,C83516,0.922506823046429
SV1_C01903,C01903,0.9120947277249435
SV1_C28231,C28231,0.8720400289110218
SV1_C73290,C73290,0.8713498107988562
SV1_C49893,C49893,0.9569633217690754
SV1_C73218,C73218,0.9278128501993772
SV1_C58235,C58235,0.8673068775497177
SV1_C79314,C79314,0.8576185301641648
SV1_C73818,C73818,0.9250706924357187
SV1_C92471,C92471,0.9909598060524862
SV1_C37212,C37212,0.9878956352096867
SV1_C16212,C16212,0.898864358877272
SV1_C24098,C24098,0.9240919521251882
SV1_C88266,C88266,0.8838899674039482
SV1_C73207,C73207,0.9317132708353181
SV1_C12015,C12015,0.8778225595169936
SV1_C21095,C21095,0.8940105477680493
SV1_C19228,C19228,0.9853837838358901
SV1_C88810,C88810,0.9305692155231362
SV1_C55814,C55814,0.948026731070829
SV1_C97823,C97823,0.9870598645860068
SV1_C67247,C67247,0.8716346834910822
SV1_C12116,C12116,0.8670408096883934
SV1_C66040,C66040,0.8759530510948188
SV1_C30000,C30000,0.951227170796845
SV1_C45100,C45100,0.9940349529485647
SV1_C78065,C78065,0.9218571445527044
SV1_C45662,C45662,0.9602334655995552
SV1_C89411,C89411,0.8885355580465568
SV1_C11406,C11406,0.9178384780786902
SV1_C30717,C30717,0.9740565511398237
SV1_C43871,C43871,0.9404800205722879
SV1_C76271,C76271,0.8844953575029418
SV1_C70881,C70881,0.9209760685752346
SV1_C69109,C69109,0.9212057821707063
SV1_C50425,C50425,0.8852585983740634
SV1_C63618,C63618,0.9127367039451205
SV1_C04905,C04905,0.9297370153636532
SV1_C94280,C94280,0.9196708102656117
SV1_C76285,C76285,0.9042082276898404
SV1_C30099,C30099,0.9975990576000167
SV1_C92458,C92458,0.9316195815835994
SV1_C56430,C56430,0.9719640806297872
SV1_C55218,C55218,0.9140521965711382
SV1_C11412,C11412,0.976591494800628
SV1_C72682,C72682,0.9088180846374287
SV1_C04811,C04811,0.9501768204094756
SV1_C06002,C06002,0.9453370809993562
SV1_C10907,C10907,0.9048379550891634
SV1_C08451,C08451,0.8956439943713264
SV1_C39616,C39616,0.9496039012158739
SV1_C88284,C88284,0.9906097991604765
SV1_C55213,C55213,0.924065935325848
SV1_C64813,C64813,0.9377381649084421
SV1_C07848,C07848,0.9343212155271713
SV1_C79283,C79283,0.9850187729290224
SV1_C57108,C57108,0.8908187178313028
SV1_C16243,C16243,0.9835393365038717
SV1_C69643,C69643,0.9238130938132827
SV1_C92435,C92435,0.8515230313820853
SV1_C57100,C57100,0.8810904947414375
SV1_C55805,C55805,0.972451100284047
SV1_C97905,C97905,0.9486748347167558
SV1_C97300,C97300,0.9301016651978379
SV1_C65421,C65421,0.9954845038264628
SV1_C13292,C13292,0.9938355226411394
SV1_C78613,C78613,0.9370843081681879
SV1_C80518,C80518,0.8893644462392574
SV1_C56498,C56498,0.9085224004068395
SV1_C21714,C21714,0.8840891362545078
SV1_C61290,C61290,0.9255229491160148
SV1_C58908,C58908,0.9743286180513032
SV1_C69031,C69031,0.9056670664630497
SV1_C85276,C85276,0.9760386544085669
SV1_C97290,C97290,0.8946243522791472
SV1_C73871,C73871,0.9131769162125141
SV1_C91849,C91849,0.9125946798479913
SV1_C61304,C61304,0.9135419048254029
SV1_C27618,C27618,0.9493738087036883
SV1_C34301,C34301,0.9689676449820321
SV1_C91299,C91299,0.9958144255367442
SV1_C09693,C09693,0.9659085760740651
SV1_C93035,C93035,0.8510361727092368
SV1_C85809,C85809,0.9050215032459937
SV1_C68482,C68482,0.9789366597403899
SV1_C72602,C72602,0.9991831495155128
SV1_C34919,C34919,0.89116879978407
SV1_C15076,C15076,0.9381332256386716
SV1_C75713,C75713,0.945047951349377
SV1_C84615,C84615,0.9824205103961309
SV1_C03029,C03029,0.9769026561212188
SV1_C85201,C85201,0.8955327600691257
SV1_C67913,C67913,0.8999050142303845
SV1_C49852,C49852,0.941684392645707
SV1_C31896,C31896,0.9974495030045373
SV1_C86512,C86512,0.9930681558802229
SV1_C82278,C82278,0.9182045318903517
SV1_C01900,C01900,0.9143272064107693
SV1_C72612,C72612,0.9210035673446348
SV1_C55883,C55883,0.8956767417427787
SV1_C34908,C34908,0.913613216459564
SV1_C97308,C97308,0.9128056730075491
SV1_C21614,C21614,0.9184864822540142
SV1_C45034,C45034,0.9661333881770543
SV1_C56441,C56441,0.9282877028925646
SV1_C27074,C27074,0.9474525495135583
SV1_C94223,C94223,0.9997495893584958
SV1_C23429,C23429,0.9585099305756276
SV1_C30677,C30677,0.9625504401119482
SV1_C04842,C04842,0.8792097484363226
SV1_C78683,C78683,0.8839583282818821
SV1_C93630,C93630,0.8620155354699626
SV1_C48651,C48651,0.8595956607188067
SV1_C66009,C66009,0.9778181838875438
SV1_C60616,C60616,0.9276910845610407
SV1_C95475,C95475,0.9495396341423692
SV1_C11473,C11473,0.9468497459968885
SV1_C90027,C90027,0.9720703527784565
SV1_C50481,C50481,0.9890962604289357
SV1_C03033,C03033,0.9861839655636946
SV1_C96643,C96643,0.8976478143612618
SV1_C20416,C20416,0.9004139553206818
SV1_C10916,C10916,0.9038447434013348
SV1_C83505,C83505,0.9045867725161407
SV1_C12615,C12615,0.9318395627941651
SV1_C01236,C01236,0.9887601331499407
SV1_C14410,C14410,0.943896288267105
SV1_C34285,C34285,0.9130987546794479
SV1_C15675,C15675,0.9250681328922906
SV1_C73816,C73816,0.9482599727049296
SV1_C39016,C39016,0.9533259468163298
SV1_C54672,C54672,0.9272097197187334
SV1_C19811,C19811,0.9950351166994654
SV1_C54708,C54708,0.9609591441436718
SV1_C52889,C52889,0.8735955734293279
SV1_C27608,C27608,0.9440938860054453
SV1_C37207,C37207,0.9318152908561911
SV1_C63600,C63600,0.9275444992471658
SV1_C59447,C59447,0.9795264951780476
SV1_C31875,C31875,0.8850088852826775
SV1_C56510,C56510,0.9627376872933312
SV1_C37801,C37801,0.9995353783910775
SV1_C04201,C04201,0.9577198583736356
SV1_C10218,C10218,0.9187099232124745
SV1_C09632,C09632,0.9831947147782931
SV1_C04844,C04844,0.9164924801882592
SV1_C79208,C79208,0.9265898720884386
SV1_C50484,C50484,0.9792479203145361
SV1_C73226,C73226,0.9157896388387
SV1_C97227,C97227,0.9974462664241545
SV1_C78649,C78649,0.9713440334200041
SV1_C07882,C07882,0.9468114738999915
SV1_C04884,C04884,0.9651681480710089
SV1_C60643,C60643,0.9014441219342032
SV1_C97294,C97294,0.8881046160045523
SV1_C72617,C72617,0.9223584697475238
SV1_C74507,C74507,0.9179427340162921
SV1_C09676,C09676,0.9833149477720364
SV1_C73869,C73869,0.9508505540652353
SV1_C67234,C67234,0.8935607429893426
SV1_C78033,C78033,0.978550595979312
SV1_C86500,C86500,0.9410385725567354
SV1_C32406,C32406,0.9348590965915384
SV1_C07225,C07225,0.996888057962481
SV1_C69080,C69080,0.9241709341937526
SV1_C85906,C85906,0.9569754428180517
SV1_C04273,C04273,0.989501402925108
SV1_C93060,C93060,0.9671694835170561
SV1_C87035,C87035,0.991617074516713
SV1_C19883,C19883,0.9969473775735882
SV1_C93112,C93112,0.9474292379260365
SV1_C66026,C66026,0.8884342964895099
SV1_C23440,C23440,0.9610934053140153
SV1_C95434,C95434,0.8843035381497165
SV1_C52803,C52803,0.8673317708955339
SV1_C17491,C17491,0.8934733965745468
SV1_C52883,C52883,0.9972512008634987
SV1_C73317,C73317,0.8985776766351106
SV1_C35421,C35421,0.9875454197429864
SV1_C79292,C79292,0.9761590381916531
SV1_C64897,C64897,0.9488696405835427
SV1_C47431,C47431,0.9946402151797243
SV1_C52237,C52237,0.9054429839201243
SV1_C75717,C75717,0.8782147740750723
SV1_C47510,C47510,0.9528358529582056
SV1_C24676,C24676,0.9985537629007971
SV1_C26415,C26415,0.9654229665863905
SV1_C72608,C72608,0.9363662356156687
SV1_C98424,C98424,0.9281375865262822
SV1_C19212,C19212,0.93804868885197
SV1_C48033,C48033,0.9561316939950093
SV1_C73246,C73246,0.8876349337087689
SV1_C20408,C20408,0.9056213871539521
SV1_C85216,C85216,0.8523038733067083
SV1_C46292,C46292,0.9313412791724446
SV1_C63690,C63690,0.9231821634231858
SV1_C50414,C50414,0.9171682801553731
SV1_C71515,C71515,0.9180472675892468
SV1_C85814,C85814,0.8956255172884772
SV1_C04830,C04830,0.9200742283333612
SV1_C99025,C99025,0.982766596580919
SV1_C79211,C79211,0.9308891834161194
SV1_C90055,C90055,0.9820998888425967
SV1_C83473,C83473,0.9100681064936483
SV1_C09609,C09609,0.9318330117933971
SV1_C92513,C92513,0.9378813079895602
SV1_C94230,C94230,0.8716510450364348
SV1_C99700,C99700,0.9262969083361405
SV1_C31203,C31203,0.886888754263444
SV1_C70231,C70231,0.9532735185655502
SV1_C02443,C02443,0.9668004855973312
SV1_C49801,C49801,0.9608985438834864
SV1_C96047,C96047,0.928147110961595
SV1_C91227,C91227,0.9318763965111103
SV1_C73804,C73804,0.9316124326764582
SV1_C59410,C59410,0.9903018834866845
SV1_C28882,C28882,0.9841310950175021
SV1_C14412,C14412,0.9011955737995937
SV1_C19238,C19238,0.9032454180034645
SV1_C44515,C44515,0.9403765975639212
SV1_C12624,C12624,0.9525601427093824
SV1_C27680,C27680,0.9813120703368917
SV1_C51674,C51674,0.9024056757381486
SV1_C91818,C91818,0.9887846629640692
SV1_C88831,C88831,0.9858811084400706
SV1_C78013,C78013,0.9362811593115742
SV1_C61202,C61202,0.9655968139765424
SV1_C68481,C68481,0.9483938355665756
SV1_C12090,C12090,0.9187602230760212
SV1_C16232,C16232,0.9389348257429679
SV1_C70840,C70840,0.9032414138405217
SV1_C03604,C03604,0.9687584864499165
SV1_C18040,C18040,0.9944016609039283
SV1_C51085,C51085,0.9704277570481955
SV1_C04276,C04276,0.9996819495762956
SV1_C01801,C01801,0.9953209152518471
SV1_C95426,C95426,0.889453530377539
SV1_C97837,C97837,0.9438795143254107
SV1_C69089,C69089,0.8537636334011088
SV1_C78110,C78110,0.9436250599277184
SV1_C17439,C17439,0.9549619946265291
SV1_C51017,C51017,0.8842904914739205
SV1_C97225,C97225,0.8835472804570648
SV1_C86428,C86428,0.9877102786217379
SV1_C90613,C90613,0.9598792044703645
SV1_C08499,C08499,0.8716715631081269
SV1_C76313,C76313,0.9276611305978093
SV1_C61225,C61225,0.9240003331985203
SV1_C49204,C49204,0.9907504274801594
SV1_C64822,C64822,0.965090212114783
SV1_C22280,C22280,0.9847592314946236
SV1_C00108,C00108,0.8814256680477159
SV1_C91916,C91916,0.9657017219817491
SV1_C03695,C03695,0.954533929334862
SV1_C66645,C66645,0.9123407570738369
SV1_C32513,C32513,0.8982136775483427
SV1_C06709,C06709,0.9393218947679672
SV1_C05416,C05416,0.9720559462516665
SV1_C70878,C70878,0.9782281187705865
SV1_C37819,C37819,0.9061087541447682
SV1_C55290,C55290,0.8796402879765888
SV1_C15092,C15092,0.9457826342032007
SV1_C24634,C24634,0.9479466653881031
SV1_C68414,C68414,0.9408147545524115
SV1_C49224,C49224,0.9744915586948295
SV1_C61918,C61918,0.8909079095521699
SV1_C92410,C92410,0.9740441260547026
SV1_C88866,C88866,0.8877715170066516
SV1_C09031,C09031,0.9355173300007806
SV1_C75688,C75688,0.9394121700895319
SV1_C71416,C71416,0.9103948297133232
SV1_C09098,C09098,0.91989991643724
SV1_C39618,C39618,0.9403250901301856
SV1_C05481,C05481,0.9324819426546861
SV1_C24095,C24095,0.9212547805577331
SV1_C58314,C58314,0.9231056831564111
SV1_C49251,C49251,0.9022838598201958
SV1_C81021,C81021,0.9804954120116042
SV1_C50498,C50498,0.9623062353019456
SV1_C99608,C99608,0.9490615483670624
SV1_C93631,C93631,0.9518575574186469
SV1_C85823,C85823,0.8807838278798087
SV1_C82893,C82893,0.9966536149907027
SV1_C58219,C58219,0.9423258267798339
SV1_C33619,C33619,0.922727902753821
SV1_C52818,C52818,0.9211438569926923
SV1_C13886,C13886,0.8763973087131585
SV1_C51090,C51090,0.8780539255437741
SV1_C00627,C00627,0.9797775220114628
SV1_C73865,C73865,0.9553514952392462
SV1_C59415,C59415,0.9488103588933835
SV1_C97293,C97293,0.9194987444569016
SV1_C46212,C46212,0.9213769005515036
SV1_C16214,C16214,0.9488736852979386
SV1_C07289,C07289,0.950747933730712
SV1_C92412,C92412,0.9764258314807884
SV1_C19291,C19291,0.8856045313558014
SV1_C01202,C01202,0.9678093483187118
SV1_C76308,C76308,0.9676054857033802
SV1_C34915,C34915,0.880378099886034
SV1_C75623,C75623,0.9112538468390085
SV1_C43273,C43273,0.9927833039781215
SV1_C96100,C96100,0.941155712974913
SV1_C04875,C04875,0.9698158505434976
SV1_C80483,C80483,0.9868496286793667
SV1_C45634,C45634,0.9671312483604122
SV1_C99015,C99015,0.9742738638131164
SV1_C100237,C100237,0.9802203066424131
SV1_C72035,C72035,0.9020242995727168
SV1_C24624,C24624,0.9491331580775523
SV1_C25914,C25914,0.89383191664049
SV1_C07312,C07312,0.9994406907634324
SV1_C31221,C31221,0.940890671719187
SV1_C69695,C69695,0.9834001662653034
SV1_C29509,C29509,0.9700490852393602
SV1_C56490,C56490,0.890967450263499
SV1_C34903,C34903,0.9277155963675799
SV1_C91892,C91892,0.9639721456173826
SV1_C04227,C04227,0.9269001519323007
SV1_C31300,C31300,0.9991929387375011
SV1_C76887,C76887,0.9175035906567119
SV1_C52210,C52210,0.9064926931753406
SV1_C81698,C81698,0.9539523587953608
SV1_C67833,C67833,0.9860823867438094
SV1_C69045,C69045,0.8975393012472251
SV1_C32404,C32404,0.9816695905781035
SV1_C93009,C93009,0.9988914927105697
SV1_C22808,C22808,0.9116530259161644
SV1_C09683,C09683,0.9511027465390904
SV1_C02476,C02476,0.9767607195684962
SV1_C44504,C44504,0.9942147531543333
SV1_C27043,C27043,0.8559382953046945
SV1_C10286,C10286,0.9190105851130405
SV1_C21630,C21630,0.8792115422609263
SV1_C50413,C50413,0.8952875862398885
SV1_C72113,C72113,0.9628563708637522
SV1_C57632,C57632,0.9779873972744851
SV1_C88310,C88310,0.9240688842960239
SV1_C27640,C27640,0.9155238709065138
SV1_C77409,C77409,0.9279418051246093
SV1_C03103,C03103,0.9229435011930077
SV1_C97205,C97205,0.9946230824919723
SV1_C33012,C33012,0.9964751552800308
SV1_C66110,C66110,0.9697879411356276
SV1_C76310,C76310,0.9470905672551216
SV1_C58218,C58218,0.9847093721181917
SV1_C39619,C39619,0.9362285723130641
SV1_C73247,C73247,0.9716723004455728
SV1_C88918,C88918,0.8876515076696108
SV1_C93005,C93005,0.9998783394792533
SV1_C79892,C79892,0.9817243460327938
SV1_C08415,C08415,0.8810658436214439
SV1_C73225,C73225,0.9570648318978864
SV1_C77433,C77433,0.9972865981810262
SV1_C66606,C66606,0.9487300065707448
SV1_C63632,C63632,0.9767051888595853
SV1_C56404,C56404,0.9900541838587587
SV1_C55847,C55847,0.8504103732593561
SV1_C87619,C87619,0.9002449151387149
SV1_C64817,C64817,0.9110373268691825
SV1_C78673,C78673,0.9098244795789504
SV1_C80479,C80479,0.9770954716689322
SV1_C88871,C88871,0.8716184935567479
SV1_C79893,C79893,0.9877400919809135
SV1_C06688,C06688,0.9338090303004778
SV1_C18607,C18607,0.967790523334226
SV1_C57710,C57710,0.9125172096063574
SV1_C93609,C93609,0.9682341795304197
SV1_C94826,C94826,0.8818051766832767
SV1_C62500,C62500,0.9124145208714699
SV1_C64244,C64244,0.9492905387555669
SV1_C92511,C92511,0.9116784272730901
SV1_C24605,C24605,0.9023019863440769
SV1_C85301,C85301,0.9997718580214695
SV1_C07275,C07275,0.9674350608053099
SV1_C79207,C79207,0.9322764422045471
SV1_C52800,C52800,0.8534218672786714
SV1_C01277,C01277,0.9410784849694055
SV1_C31811,C31811,0.8982768575697376
SV1_C70827,C70827,0.9434968664867945
SV1_C89425,C89425,0.997239419675373
SV1_C94216,C94216,0.9383887289867576
SV1_C46857,C46857,0.9894247289346352
SV1_C34874,C34874,0.9837574823747842
SV1_C97912,C97912,0.9212622254382272
SV1_C62508,C62508,0.899605852278897
SV1_C73252,C73252,0.9787936091697534
SV1_C24075,C24075,0.8999844130022729
SV1_C22885,C22885,0.963576466674413
SV1_C69022,C69022,0.9618836865045765
SV1_C06074,C06074,0.8899703872833428
SV1_C94292,C94292,0.9163264424441357
SV1_C66717,C66717,0.982606901383634
SV1_C69696,C69696,0.9728373991827596
SV1_C04805,C04805,0.972209607890373
SV1_C55837,C55837,0.9606509284067971
SV1_C06714,C06714,0.9023847902135025
SV1_C78636,C78636,0.9100005560531753
SV1_C28297,C28297,0.9385163379615261
SV1_C67319,C67319,0.9095131763608597
SV1_C44462,C44462,0.9590162270363813
SV1_C18608,C18608,0.9251448547796985
SV1_C69629,C69629,0.9301924162816132
SV1_C13316,C13316,0.8646410128635199
SV1_C09643,C09643,0.9041082659070385
SV1_C68411,C68411,0.98439450440049
SV1_C71488,C71488,0.8721578665827793
SV1_C93690,C93690,0.9028488511906896
SV1_C59517,C59517,0.9159215640371885
SV1_C12692,C12692,0.9795614537773943
SV1_C61909,C61909,0.935829039363064
SV1_C77413,C77413,0.9143683418132432
SV1_C21002,C21002,0.9032311020450485
SV1_C34201,C34201,0.9736959915709461
SV1_C64226,C64226,0.9065523328424182
SV1_C84023,C84023,0.9291838563636677
SV1_C03073,C03073,0.9729797330049442
SV1_C08405,C08405,0.9429935587721383
SV1_C90648,C90648,0.8794036422813816
SV1_C58916,C58916,0.9279114870773595
SV1_C19201,C19201,0.9185115290861283
SV1_C00017,C00017,0.9425702448296724
SV1_C22821,C22821,0.8959800453386443
SV1_C32512,C32512,0.9049978026494431
SV1_C65519,C65519,0.9192590796046891
SV1_C09037,C09037,0.9775826363897433
SV1_C54705,C54705,0.97730192504239
SV1_C25241,C25241,0.9182373504008775
SV1_C85282,C85282,0.9472062176510129
SV1_C100278,C100278,0.935555086173355
SV1_C74454,C74454,0.9535250219629052
SV1_C11400,C11400,0.9167876141364041
SV1_C13253,C13253,0.9518177166337783
SV1_C85918,C85918,0.9131850304459224
SV1_C52882,C52882,0.9327280735947018
SV1_C15011,C15011,0.9002100211581456
SV1_C82318,C82318,0.8842396271311674
SV1_C37808,C37808,0.9951585068002332
SV1_C52241,C52241,0.9134176077641633
SV1_C44510,C44510,0.968001174080922
SV1_C96716,C96716,0.9995822598223113
SV1_C07251,C07251,0.8913915568007376
SV1_C96014,C96014,0.9471274429586704
SV1_C06009,C06009,0.9810054217377893
SV1_C55307,C55307,0.8914999896939934
SV1_C97212,C97212,0.9906250474436566
SV1_C52877,C52877,0.9778524875968119
SV1_C76314,C76314,0.9033901342010854
SV1_C72104,C72104,0.9623500417961572
SV1_C48107,C48107,0.9453100465704896
SV1_C43206,C43206,0.9411360081329851
SV1_C66038,C66038,0.9290911705717549
SV1_C81080,C81080,0.968021115738015
SV1_C31803,C31803,0.8948434146928305
SV1_C66031,C66031,0.8711982690564072
SV1_C52801,C52801,0.8753283025808696
SV1_C78638,C78638,0.893370418945561
SV1_C03077,C03077,0.9726699886585689
SV1_C92437,C92437,0.8857594997252609
SV1_C30108,C30108,0.9795333329629915
SV1_C82881,C82881,0.8983647701880754
SV1_C05507,C05507,0.9030028347808416
SV1_C73902,C73902,0.9544757640396418
SV1_C30620,C30620,0.9495472039744646
SV1_C56417,C56417,0.9555108523559769
SV1_C08430,C08430,0.9543722982644587
SV1_C35420,C35420,0.9724472832278064
SV1_C52875,C52875,0.9945910610174555
SV1_C78118,C78118,0.8971925581157622
SV1_C70208,C70208,0.9188416968334128
SV1_C64877,C64877,0.982683988563421
SV1_C78713,C78713,0.9483061905284513
SV1_C14492,C14492,0.9406067744370298
SV1_C87011,C87011,0.9018747523333697
SV1_C06033,C06033,0.9621218198808821
SV1_C93635,C93635,0.9483154435537854
SV1_C59400,C59400,0.9402988336036491
SV1_C58808,C58808,0.9490630662771539
SV1_C43814,C43814,0.9273890534151399
SV1_C64845,C64845,0.9014169892452142
SV1_C07910,C07910,0.9004407350851986
SV1_C94316,C94316,0.9964220928143434
SV1_C75022,C75022,0.9685533146135248
SV1_C56494,C56494,0.9751454687536926
SV1_C43837,C43837,0.9843965482024556
SV1_C64894,C64894,0.9152944000646849
SV1_C75660,C75660,0.9919967882405409
SV1_C55302,C55302,0.9197136347184477
SV1_C65507,C65507,0.9363647513399137
SV1_C28274,C28274,0.9158918286388423
SV1_C39002,C39002,0.9815985260925006
SV1_C30688,C30688,0.9850060516450291
SV1_C45650,C45650,0.9647538226005232
SV1_C40816,C40816,0.9303430907147019
SV1_C61209,C61209,0.9519430569638583
SV1_C05440,C05440,0.9445260037504734
SV1_C48630,C48630,0.8984601158923138
SV1_C91825,C91825,0.9101580122284587
SV1_C57110,C57110,0.9304917674586402
SV1_C28238,C28238,0.9647724973842695
SV1_C29474,C29474,0.9952791452943575
SV1_C73267,C73267,0.9993133523323872
SV1_C29506,C29506,0.9267772618120323
SV1_C97233,C97233,0.9115446693277803
SV1_C35515,C35515,0.8828870442801362
SV1_C76815,C76815,0.8947558298243382
SV1_C02429,C02429,0.9787810482486381
SV1_C00094,C00094,0.9324502264975635
SV1_C91277,C91277,0.9612998008137761
SV1_C31874,C31874,0.9949009694830747
SV1_C41416,C41416,0.8962913014746912
SV1_C12622,C12622,0.9898889577385481
SV1_C30714,C30714,0.925849121908782
SV1_C85880,C85880,0.9887050982330314
SV1_C87107,C87107,0.9696031299997777
SV1_C64294,C64294,0.8871209732783085
SV1_C19241,C19241,0.9719473269154084
SV1_C76229,C76229,0.940709925801526
SV1_C43234,C43234,0.9561204605437772
SV1_C82815,C82815,0.9452487575874675
SV1_C54080,C54080,0.9561154511335338
SV1_C69087,C69087,0.9359655877303394
SV1_C55216,C55216,0.9527438954680569
SV1_C67824,C67824,0.9989088938884162
SV1_C48041,C48041,0.894168653104278
SV1_C25226,C25226,0.9747577239634206
SV1_C69092,C69092,0.8766902631972199
SV1_C16273,C16273,0.9369626042295917
SV1_C21625,C21625,0.9616377540969163
SV1_C94222,C94222,0.9644421349358061
SV1_C01890,C01890,0.9838904522284302
SV1_C47443,C47443,0.9190133423633321
SV1_C58242,C58242,0.9129850163899802
SV1_C13215,C13215,0.9602723726873403
SV1_C70801,C70801,0.9712321881703772
SV1_C99613,C99613,0.9390809132970922
SV1_C86437,C86437,0.9812315862806937
SV1_C66714,C66714,0.8994650111635788
SV1_C67831,C67831,0.8953559946917966
SV1_C89462,C89462,0.9064354693902619
SV1_C71404,C71404,0.9338515565668917
SV1_C88300,C88300,0.9442005899406438
SV1_C09087,C09087,0.9414696205159682
SV1_C93000,C93000,0.9961683355644949
SV1_C53479,C53479,0.9923562578537372
SV1_C08409,C08409,0.9410165592362302
SV1_C21041,C21041,0.8515570535953451
SV1_C48036,C48036,0.9389180151005382
SV1_C67881,C67881,0.9722669718236101
SV1_C15602,C15602,0.9345882754608428
SV1_C88841,C88841,0.9387948292720932
SV1_C24027,C24027,0.978502604680397
SV1_C02432,C02432,0.980939338305413
SV1_C52211,C52211,0.8761585485397734
SV1_C03696,C03696,0.9431993345459141
SV1_C98501,C98501,0.9234327435014329
SV1_C51626,C51626,0.911191073487935
SV1_C59511,C59511,0.9066341051427348
SV1_C97891,C97891,0.930937359800507
SV1_C34213,C34213,0.9864193938315621
SV1_C90606,C90606,0.9418971504204549
SV1_C27090,C27090,0.9436521096354149
SV1_C88913,C88913,0.9945289150847144
SV1_C09713,C09713,0.9886654715940058
SV1_C68432,C68432,0.9872296727044991
SV1_C64228,C64228,0.9443834312365608
SV1_C12663,C12663,0.98269661746654
SV1_C30075,C30075,0.8916887740018424
SV1_C68435,C68435,0.9017243013714664
SV1_C96689,C96689,0.9527005004927502
SV1_C79303,C79303,0.8874749624919668
SV1_C25843,C25843,0.9548078561570047
SV1_C09661,C09661,0.9428859029751956
SV1_C52802,C52802,0.8969665151712489
SV1_C81115,C81115,0.8854647854252378
SV1_C21643,C21643,0.9618759586584683
SV1_C40800,C40800,0.9624469845781093
SV1_C100274,C100274,0.9286383243763305
SV1_C52280,C52280,0.9916510581595271
SV1_C36015,C36015,0.9061489984697422
SV1_C86480,C86480,0.9672804431619579
SV1_C68447,C68447,0.867919090326123
SV1_C99035,C99035,0.9574687277657371
SV1_C12069,C12069,0.977252751524265
SV1_C40811,C40811,0.99230823556484
SV1_C09000,C09000,0.9059406343272566
SV1_C91309,C91309,0.9418356827485105
SV1_C67219,C67219,0.8971594506558273
SV1_C54694,C54694,0.9973984848752993
SV1_C44458,C44458,0.9670421326579793
SV1_C01231,C01231,0.9822338005737433
SV1_C13828,C13828,0.8993540839317854
SV1_C89478,C89478,0.9121930327072465
SV1_C45672,C45672,0.9896315636183023
SV1_C81682,C81682,0.9058287262893467
SV1_C95407,C95407,0.9891935766407334
SV1_C25872,C25872,0.9800533125942257
SV1_C21043,C21043,0.9673986789262872
SV1_C24035,C24035,0.9901994055712983
SV1_C51612,C51612,0.8700012984469364
SV1_C13310,C13310,0.9698212374264494
SV1_C56476,C56476,0.9811712917850679
SV1_C18679,C18679,0.9359579119769078
SV1_C49215,C49215,0.8581849468010693
SV1_C63029,C63029,0.9986439463333748
SV1_C44419,C44419,0.9441849652156158
SV1_C86424,C86424,0.9874196246036344
SV1_C23405,C23405,0.8905702213183804
SV1_C62431,C62431,0.8861519370481047
SV1_C51043,C51043,0.9223253278132137
SV1_C13867,C13867,0.870939210633709
SV1_C76212,C76212,0.9447988099585932
SV1_C09635,C09635,0.9441913165845639
SV1_C39621,C39621,0.9974053355202037
SV1_C84110,C84110,0.8697489716278155
SV1_C82219,C82219,0.9241483602017362
SV1_C88807,C88807,0.8940686622376324
SV1_C98482,C98482,0.9116465680034802
SV1_C66699,C66699,0.9055712494126122
SV1_C01282,C01282,0.9412309149110448
SV1_C65497,C65497,0.9536731582527175
SV1_C61281,C61281,0.9273050648289146
SV1_C30683,C30683,0.8844695202583274
SV1_C26511,C26511,0.949907738377834
SV1_C27601,C27601,0.9736586579413398
SV1_C49906,C49906,0.9851724796756237
SV1_C72666,C72666,0.8899170141053881
SV1_C28311,C28311,0.9878026057117419
SV1_C24705,C24705,0.9594708820914563
SV1_C11433,C11433,0.952671035844944
SV1_C63009,C63009,0.9206237723676683
SV1_C45615,C45615,0.9875017993740943
SV1_C07262,C07262,0.9582637818229586
SV1_C78616,C78616,0.888824287500928
SV1_C27111,C27111,0.947184321722151
SV1_C96606,C96606,0.9578302930462348
SV1_C97919,C97919,0.9674506409325585
SV1_C81003,C81003,0.9462654634355612
SV1_C15683,C15683,0.9399190128070047
SV1_C91302,C91302,0.9297522488271631
SV1_C33691,C33691,0.9189824283064072
SV1_C10874,C10874,0.923559271157465
SV1_C91901,C91901,0.9614048597005819
SV1_C50501,C50501,0.994450784406064
SV1_C76291,C76291,0.9603867737421452
SV1_C49802,C49802,0.9234414135598418
SV1_C69704,C69704,0.9686383926791647
SV1_C28278,C28278,0.9196368479294441
SV1_C42004,C42004,0.8717141014560372
SV1_C97821,C97821,0.8904975044185932
SV1_C10285,C10285,0.9670855788785665
SV1_C78719,C78719,0.8685921322700658
SV1_C20432,C20432,0.896082972873281
SV1_C69705,C69705,0.9779320096347496
SV1_C14441,C14441,0.8766216397615257
SV1_C02401,C02401,0.9921555881087206
SV1_C46880,C46880,0.9797134651148917
SV1_C51080,C51080,0.9981132194432718
SV1_C79205,C79205,0.9212396158199493
SV1_C84686,C84686,0.9276734943804648
SV1_C86497,C86497,0.9245779801419617
SV1_C51603,C51603,0.8721067052403133
SV1_C63043,C63043,0.8586131262131351
SV1_C07819,C07819,0.8586042746288967
SV1_C75053,C75053,0.9652106541786024
SV1_C13897,C13897,0.9751437715038058
SV1_C61204,C61204,0.9234389664549568
SV1_C58290,C58290,0.9088493575163269
SV1_C58917,C58917,0.9172184389065434
SV1_C23502,C23502,0.92608931332553
SV1_C66708,C66708,0.8860651955401524
SV1_C74500,C74500,0.9875811351491919
SV1_C48652,C48652,0.8850871236460602
SV1_C16807,C16807,0.9287609409355482
SV1_C00717,C00717,0.9582694823255938
SV1_C31278,C31278,0.9984138888286138
SV1_C93108,C93108,0.9827201377483539
SV1_C90708,C90708,0.9682160175799577
SV1_C32407,C32407,0.9104242591977951
SV1_C81694,C81694,0.9579978859906979
SV1_C48679,C48679,0.9087818552020774
SV1_C75616,C75616,0.9683120954198012
SV1_C48709,C48709,0.96449146317289
SV1_C90686,C90686,0.9302967832490836
SV1_C60629,C60629,0.9543487787453814
SV1_C75065,C75065,0.9567579113910406
SV1_C25245,C25245,0.9388945184896055
SV1_C74423,C74423,0.9246292148007091
SV1_C69672,C69672,0.853106364270045
SV1_C81101,C81101,0.9121566772068465
SV1_C94877,C94877,0.9610881951126826
SV1_C89456,C89456,0.9069726096638293
SV1_C57615,C57615,0.9527933200693873
SV1_C06026,C06026,0.9997459098199785
SV1_C78069,C78069,0.9895238978837093
SV1_C90662,C90662,0.8775734044703178
SV1_C60104,C60104,0.9297345064439241
SV1_C75711,C75711,0.9613252300183743
SV1_C94816,C94816,0.9431978503785591
SV1_C52220,C52220,0.9436321133656624
SV1_C19286,C19286,0.8944015075800574
SV1_C83513,C83513,0.9824218059564325
SV1_C75020,C75020,0.9151006913752712
SV1_C64915,C64915,0.9994224499255528
SV1_C64203,C64203,0.9275781728937492
SV1_C48687,C48687,0.8937554435659132
SV1_C60038,C60038,0.9382723825225093
SV1_C01222,C01222,0.9534980620603636
SV1_C43897,C43897,0.9968417286605219
SV1_C87086,C87086,0.9074048488978137
SV1_C63089,C63089,0.8826598234235453
SV1_C05485,C05485,0.9098726003957479
SV1_C76267,C76267,0.9719403592094235
SV1_C60644,C60644,0.8553266765077613
SV1_C60015,C60015,0.946123995630833
SV1_C17417,C17417,0.9394975939347187
SV1_C48002,C48002,0.9374182289969479
SV1_C28304,C28304,0.9533216385187537
SV1_C91891,C91891,0.9169189682520329
SV1_C43250,C43250,0.960071690577057
SV1_C10255,C10255,0.8922435110452308
SV1_C01895,C01895,0.9267288482863771
SV1_C80503,C80503,0.884248621195597
SV1_C41408,C41408,0.922364078755432
SV1_C22310,C22310,0.9146161144146505
SV1_C81111,C81111,0.8921716293660326
SV1_C89508,C89508,0.9812238000195472
SV1_C24636,C24636,0.9783319075485594
SV1_C05514,C05514,0.8522144787618623
SV1_C97915,C97915,0.9009968418546092
SV1_C36617,C36617,0.9599843865458189
SV1_C11414,C11414,0.9024395371108296
SV1_C52204,C52204,0.8588179243537865
SV1_C07318,C07318,0.9195791949452171
SV1_C46298,C46298,0.9709827508030705
SV1_C80492,C80492,0.9860909884120129
SV1_C34917,C34917,0.9898731210513682
SV1_C45115,C45115,0.9393251241514599
SV1_C72619,C72619,0.9705187889969239
SV1_C61230,C61230,0.8769112228994159
SV1_C66113,C66113,0.8845986082903365
SV1_C57716,C57716,0.9282748603398989
SV1_C76211,C76211,0.9072395791405169
SV1_C72033,C72033,0.9528419248605452
SV1_C94897,C94897,0.9740311763673293
SV1_C55287,C55287,0.9203646311782209
SV1_C00045,C00045,0.9825231664592935
SV1_C46208,C46208,0.9336730367454242
SV1_C74419,C74419,0.9754146572594372
SV1_C72683,C72683,0.9975016094420338
SV1_C75088,C75088,0.9358253297512482
SV1_C89498,C89498,0.930618644186625
SV1_C74475,C74475,0.9895419209297371
SV1_C76898,C76898,0.9515739989582378
SV1_C96025,C96025,0.8933915210741012
SV1_C19295,C19295,0.9120512367531552
SV1_C12086,C12086,0.9139531579025081
SV1_C93698,C93698,0.9954896010400105
SV1_C09006,C09006,0.9655635716543483
SV1_C88285,C88285,0.9819504816834934
SV1_C55311,C55311,0.923253023971098
SV1_C59435,C59435,0.8708008131639202
SV1_C88865,C88865,0.9197725954911297
SV1_C12011,C12011,0.9112810806209165
SV1_C54681,C54681,0.9414903189136816
SV1_C73227,C73227,0.8958018344138741
SV1_C06700,C06700,0.9530224230818015
SV1_C51616,C51616,0.8928188295749614
SV1_C08437,C08437,0.9777492736289162
SV1_C55298,C55298,0.91833227873859
SV1_C22240,C22240,0.9679448331889342
SV1_C43813,C43813,0.8616476280023444
SV1_C61813,C61813,0.9434729886571074
SV1_C67317,C67317,0.9869814383453245
SV1_C36604,C36604,0.9961829665167399
SV1_C35402,C35402,0.8829754853640974
SV1_C29422,C29422,0.9625078857012148
SV1_C93716,C93716,0.9937345974641221
SV1_C18010,C18010,0.9246245113966068
SV1_C33704,C33704,0.9461540554274781
SV1_C91888,C91888,0.9229280861846009
SV1_C99012,C99012,0.9728957904784861
SV1_C73866,C73866,0.9154518289661138
SV1_C68430,C68430,0.8624968674895744
SV1_C35504,C35504,0.9186859690452168
SV1_C33601,C33601,0.9827632736256886
SV1_C84020,C84020,0.9468081385896073
SV1_C34304,C34304,0.9329309539116923
SV1_C08443,C08443,0.9116964668600941
SV1_C87717,C87717,0.9309255855825409
SV1_C16877,C16877,0.9538203869786359
SV1_C38418,C38418,0.9459814197177455
SV1_C13242,C13242,0.9262466986889984
SV1_C34876,C34876,0.8861639269708291
SV1_C53405,C53405,0.8738107788476093
SV1_C15638,C15638,0.998702132206651
SV1_C69615,C69615,0.991691847922883
SV1_C15623,C15623,0.9567770947162497
SV1_C73310,C73310,0.9267868778452404
SV1_C09073,C09073,0.9985113108841519
SV1_C39014,C39014,0.975545131745748
SV1_C04812,C04812,0.97894573844293
SV1_C61220,C61220,0.9481088121517743
SV1_C63074,C63074,0.9178544516240769
SV1_C57035,C57035,0.9516109765962668
SV1_C72680,C72680,0.9429986477621369
SV1_C22890,C22890,0.8980061294779235
SV1_C44447,C44447,0.9305249261594755
SV1_C28282,C28282,0.9260341023576688
SV1_C58297,C58297,0.9217779291722582
SV1_C28813,C28813,0.9369275260505526
SV1_C53418,C53418,0.9178369622504152
SV1_C60682,C60682,0.974364490373478
SV1_C12036,C12036,0.8939631012889164
SV1_C19810,C19810,0.9445907050520204
SV1_C95446,C95446,0.9994462603212765
SV1_C43221,C43221,0.9304034577503694
SV1_C12060,C12060,0.9780844304038387
SV1_C78011,C78011,0.9907190290170509
SV1_C98512,C98512,0.9188783907000646
SV1_C49873,C49873,0.9653664624635527
SV1_C91228,C91228,0.9507573114393993
SV1_C30709,C30709,0.9740450419024969
SV1_C65479,C65479,0.9992097826274612
SV1_C66685,C66685,0.9724408063079701
SV1_C66022,C66022,0.9714526263085003
SV1_C52219,C52219,0.9572511326819735
SV1_C45032,C45032,0.9926872716557197
SV1_C13847,C13847,0.9762496700510163
SV1_C80511,C80511,0.8831151371532452
SV1_C81672,C81672,0.9342276553353314
SV1_C69082,C69082,0.9709504278854135
SV1_C46858,C46858,0.9585841614570803
SV1_C25910,C25910,0.9105543317734187
SV1_C21620,C21620,0.8923181658168508
SV1_C91917,C91917,0.9615448378863201
SV1_C86508,C86508,0.9767023896293074
SV1_C55842,C55842,0.91205656644766
SV1_C13812,C13812,0.8528579482279638
SV1_C21628,C21628,0.9799907375042228
SV1_C82823,C82823,0.9530014897676202
SV1_C48114,C48114,0.925808278365279
SV1_C73212,C73212,0.9183338463994061
SV1_C98519,C98519,0.9410155797371536
SV1_C13915,C13915,0.9233045011531683
SV1_C71491,C71491,0.9150624463821666
SV1_C74412,C74412,0.9293249281826491
SV1_C29510,C29510,0.916821417916868
SV1_C98509,C98509,0.90824053403774
SV1_C99609,C99609,0.9451820347205548
SV1_C61844,C61844,0.8584253151342159
SV1_C16236,C16236,0.9031166898890471
SV1_C06610,C06610,0.9288249330862505
SV1_C88854,C88854,0.9248947678077674
SV1_C47503,C47503,0.9719362211170613
SV1_C94839,C94839,0.9467005586463987
SV1_C94842,C94842,0.9165017931672235
SV1_C94218,C94218,0.9278672136477965
SV1_C22220,C22220,0.899903602889486
SV1_C87600,C87600,0.8840183476004181
SV1_C87670,C87670,0.9620983704429887
SV1_C38420,C38420,0.9967286322886205
SV1_C56428,C56428,0.9285891576786708
SV1_C45663,C45663,0.9889250668551227
SV1_C46808,C46808,0.953887502203169
SV1_C59513,C59513,0.9918072054335609
SV1_C30680,C30680,0.9775092855727494
SV1_C24672,C24672,0.9967825184104523
SV1_C03119,C03119,0.9730838978191111
SV1_C63119,C63119,0.9325990155555779
SV1_C36017,C36017,0.9589203932772782
SV1_C11401,C11401,0.9048049956246997
SV1_C33100,C33100,0.9765972141064758
SV1_C24699,C24699,0.9958976030317427
SV1_C17436,C17436,0.9274795034065174
SV1_C61911,C61911,0.8942755624079957
SV1_C33107,C33107,0.9650772547317099
SV1_C91312,C91312,0.9686257986949292
SV1_C50483,C50483,0.9974367433271647
SV1_C11426,C11426,0.9084677010116927
SV1_C35404,C35404,0.9224754986553333
SV1_C85907,C85907,0.8689090831046511
SV1_C57107,C57107,0.9086469155625536
SV1_C08489,C08489,0.9735895856683947
SV1_C52299,C52299,0.9298474391288739
SV1_C26413,C26413,0.9606181331146069
SV1_C15031,C15031,0.8516577221266575
SV1_C01246,C01246,0.9294766392834172
SV1_C30016,C30016,0.9450507272557218
SV1_C85905,C85905,0.9863025357760611
SV1_C09026,C09026,0.9531591820603782
SV1_C75640,C75640,0.9919718535645353
SV1_C68404,C68404,0.9909514047465889
SV1_C31319,C31319,0.9381733460569609
SV1_C97820,C97820,0.882151431554433
SV1_C61899,C61899,0.9175207021350225
SV1_C91282,C91282,0.9236662947829609
SV1_C88808,C88808,0.8937952486241424
SV1_C48083,C48083,0.9205099521659494
SV1_C15685,C15685,0.9308416844073987
SV1_C77477,C77477,0.9558339871422712
SV1_C79802,C79802,0.9033102457299271
SV1_C04308,C04308,0.9290554257438389
SV1_C84074,C84074,0.9994714949325376
SV1_C63629,C63629,0.9826271084176638
SV1_C10809,C10809,0.9276499263118436
SV1_C66672,C66672,0.9912088057546142
SV1_C90664,C90664,0.9143772697611272
SV1_C61805,C61805,0.9335355019232057
SV1_C75664,C75664,0.9599451540899614
SV1_C55833,C55833,0.9791597770925129
SV1_C23418,C23418,0.9034936877114645
SV1_C69115,C69115,0.9551362106278214
SV1_C75099,C75099,0.9251461468968075
SV1_C25207,C25207,0.9817449780511239
SV1_C76234,C76234,0.8866605213976761
SV1_C46311,C46311,0.9813145250219958
SV1_C55841,C55841,0.8827175533415274
SV1_C00706,C00706,0.9972503508290237
SV1_C88884,C88884,0.9946557231093158
SV1_C15684,C15684,0.9282946012778942
SV1_C20440,C20440,0.8764945541649374
SV1_C48617,C48617,0.9422705270939965
SV1_C75612,C75612,0.9419634498360131
SV1_C09606,C09606,0.9608419500279225
SV1_C85212,C85212,0.8836395355488547
SV1_C71402,C71402,0.9901786522898746
SV1_C12049,C12049,0.9381343984557534
SV1_C43317,C43317,0.9744389942601944
SV1_C04277,C04277,0.989592752961328
SV1_C15681,C15681,0.9243761363815509
SV1_C31810,C31810,0.9290535086696916
SV1_C39623,C39623,0.9018824628549689
SV1_C03024,C03024,0.9661931281985846
SV1_C09080,C09080,0.9847954321517355
SV1_C72621,C72621,0.9543315067393865
SV1_C06629,C06629,0.9570898883726059
SV1_C68517,C68517,0.9933843791608122
SV1_C90092,C90092,0.992899348581624
SV1_C55305,C55305,0.9489220030167063
SV1_C18084,C18084,0.9739158493250658
SV1_C99635,C99635,0.8978244463608299
SV1_C81678,C81678,0.9054016916559628
SV1_C58892,C58892,0.9231757922739882
SV1_C73276,C73276,0.9452017177796675
SV1_C76272,C76272,0.8961975245497281
SV1_C74516,C74516,0.9023902285682656
SV1_C43299,C43299,0.9996045743968434
SV1_C78640,C78640,0.8933035064057488
SV1_C07821,C07821,0.9773618687068887
SV1_C30001,C30001,0.9439457690526065
SV1_C74477,C74477,0.9505193842407836
SV1_C19846,C19846,0.8871737602851826
SV1_C26408,C26408,0.9318222331095692
SV1_C24097,C24097,0.9512381082410907
SV1_C76889,C76889,0.927309938453239
SV1_C29406,C29406,0.9293043164289596
SV1_C55227,C55227,0.9836702213960464
SV1_C94836,C94836,0.9720871064978512
SV1_C57102,C57102,0.8885450236496694
SV1_C60046,C60046,0.91584558365951
SV1_C63602,C63602,0.9099636925762781
SV1_C91316,C91316,0.9189114587739216
SV1_C60092,C60092,0.917548158163337
SV1_C22847,C22847,0.892484191578855
SV1_C03634,C03634,0.9288986428336461
SV1_C02495,C02495,0.935046602300238
SV1_C84687,C84687,0.9533981004587916
SV1_C22819,C22819,0.9781855213312646
SV1_C20443,C20443,0.9536545250116114
SV1_C57704,C57704,0.9340858541744683
SV1_C81094,C81094,0.9552643808399179
SV1_C99690,C99690,0.9891651608425841
SV1_C87654,C87654,0.9300802584071965
SV1_C25274,C25274,0.941920113063256
SV1_C58305,C58305,0.9226113518553339
SV1_C93634,C93634,0.857315437051317
SV1_C80410,C80410,0.9060501696550061
SV1_C07814,C07814,0.9546451712008617
SV1_C17430,C17430,0.9348316599702571
SV1_C91232,C91232,0.9512054909179929
SV1_C22226,C22226,0.8849599641917923
SV1_C79296,C79296,0.8763238266874193
SV1_C91308,C91308,0.9481659047359432
SV1_C06672,C06672,0.9194987386255039
SV1_C76847,C76847,0.8925371452082359
SV1_C62421,C62421,0.9247113439177865
SV1_C49832,C49832,0.9938146371712983
SV1_C78708,C78708,0.9604846806832732
SV1_C15687,C15687,0.9504296171925186
SV1_C79896,C79896,0.874448187333694
SV1_C94245,C94245,0.970496714073076
SV1_C12687,C12687,0.9845410439985751
SV1_C79819,C79819,0.9283234534142007
SV1_C77437,C77437,0.9734859763424768
SV1_C55845,C55845,0.8696916225393377
SV1_C20491,C20491,0.9620565764172306
SV1_C09112,C09112,0.9976166187730876
SV1_C24018,C24018,0.9108408586693333
SV1_C46844,C46844,0.9411740473934589
SV1_C64209,C64209,0.9338060029602324
SV1_C28805,C28805,0.9294739262323489
SV1_C18641,C18641,0.9848050696224676
SV1_C07217,C07217,0.9411647419827638
SV1_C49913,C49913,0.9516125695286785
SV1_C15077,C15077,0.908390702088346
SV1_C04238,C04238,0.9299880849623964
SV1_C57105,C57105,0.8880087888713102
SV1_C75007,C75007,0.9195951037952308
SV1_C82309,C82309,0.9162903239766879
SV1_C83514,C83514,0.8981281968466922
SV1_C10913,C10913,0.9719162524833558
SV1_C57686,C57686,0.915459715044684
SV1_C49274,C49274,0.9997976544091453
SV1_C46864,C46864,0.9188233136546722
SV1_C39017,C39017,0.9581500011990217
SV1_C33673,C33673,0.9545352964463798
SV1_C25231,C25231,0.9746058114644869
SV1_C96087,C96087,0.9487378620547249
SV1_C60688,C60688,0.984731702282445
SV1_C99686,C99686,0.9688445457575593
SV1_C19287,C19287,0.9446011409327523
SV1_C100287,C100287,0.9126304574815073
SV1_C96631,C96631,0.9894369953214547
SV1_C91857,C91857,0.9335329129314038
SV1_C05405,C05405,0.9864257377652442
SV1_C44416,C44416,0.8642936219616273
SV1_C97226,C97226,0.9083814515712092
SV1_C23412,C23412,0.9549312130224564
SV1_C65486,C65486,0.9482455776130421
SV1_C90714,C90714,0.9363223670236384
SV1_C87718,C87718,0.8864860050816494
SV1_C72087,C72087,0.9794971889513279
SV1_C78710,C78710,0.9392959841212668
SV1_C66678,C66678,0.9472863118115254
SV1_C61892,C61892,0.880361012625183
SV1_C65445,C65445,0.9061773463656336
SV1_C02428,C02428,0.973319456972789
SV1_C75630,C75630,0.8962179600350332
SV1_C57639,C57639,0.8713146651921183
SV1_C61895,C61895,0.9077422854879529
SV1_C51605,C51605,0.883229902633495
SV1_C12050,C12050,0.9329307683015233
SV1_C47483,C47483,0.9556202623354155
SV1_C46827,C46827,0.9852865678730598
SV1_C11513,C11513,0.9532855509916204
SV1_C24643,C24643,0.9717955045504134
SV1_C48056,C48056,0.937857037321552
SV1_C78090,C78090,0.8994767246939992
SV1_C29504,C29504,0.9950917405116562
SV1_C27042,C27042,0.8727756143981416
SV1_C100212,C100212,0.9026662980565623
SV1_C25296,C25296,0.9846499099394689
SV1_C24679,C24679,0.9062251695585133
SV1_C23408,C23408,0.9190382451878945
SV1_C75675,C75675,0.9664651470645794
SV1_C19278,C19278,0.9188649499179148
SV1_C45077,C45077,0.9989980980289034
SV1_C27603,C27603,0.9388358149171511
SV1_C99091,C99091,0.9276054726418794
SV1_C26496,C26496,0.9997865333397498
SV1_C04243,C04243,0.9478495556527328
SV1_C66629,C66629,0.9854187109272953
SV1_C71445,C71445,0.9798059659832139
SV1_C03706,C03706,0.9671945600384009
SV1_C96710,C96710,0.985023935997875
SV1_C89519,C89519,0.9306902896974453
SV1_C93603,C93603,0.9763712758002578
SV1_C95516,C95516,0.9995915586278342
SV1_C93096,C93096,0.9957358532499028
SV1_C58907,C58907,0.9155936741884987
SV1_C97826,C97826,0.9097850386235308
SV1_C72031,C72031,0.8968662323687322
SV1_C10909,C10909,0.9429997532271618
SV1_C49847,C49847,0.9446879432989501
SV1_C07853,C07853,0.9485970160911761
SV1_C22312,C22312,0.8900012247158293
SV1_C06635,C06635,0.914792321700122
SV1_C47409,C47409,0.9644138251459242
SV1_C49250,C49250,0.9727627588354102
SV1_C69625,C69625,0.92850999097111
SV1_C72021,C72021,0.9551922141175762
SV1_C73860,C73860,0.999167284064185
SV1_C47420,C47420,0.956435973405129
SV1_C64800,C64800,0.9606487047460971
SV1_C58230,C58230,0.9204693860155454
SV1_C23427,C23427,0.9785626216342558
SV1_C66099,C66099,0.9095390535570029
SV1_C06683,C06683,0.9163960051649426
SV1_C63674,C63674,0.8707128872904009
SV1_C78653,C78653,0.9705713426016639
SV1_C83406,C83406,0.9201982321370371
SV1_C71517,C71517,0.8910937711305709
SV1_C82915,C82915,0.8961480575839095
SV1_C88869,C88869,0.9956924222173852
SV1_C19880,C19880,0.8987750710422014
SV1_C10847,C10847,0.9725935094785045
SV1_C58831,C58831,0.8664159667426703
SV1_C97280,C97280,0.9147402824306672
SV1_C58283,C58283,0.9841234994256369
SV1_C86463,C86463,0.9873177574379203
SV1_C44467,C44467,0.9480817932449607
SV1_C18678,C18678,0.9081515661403151
SV1_C98489,C98489,0.9916450446471671
SV1_C90094,C90094,0.9450390364680882
SV1_C31279,C31279,0.8871302465121715
SV1_C07233,C07233,0.9949044977923553
SV1_C45618,C45618,0.915862114453491
SV1_C59500,C59500,0.9156504793574497
SV1_C03641,C03641,0.9563856696848725
SV1_C12046,C12046,0.911148410125599
SV1_C96718,C96718,0.9526509562221296
SV1_C13837,C13837,0.8644465818531317
SV1_C24693,C24693,0.9817622576668863
SV1_C36001,C36001,0.9987196388980126
SV1_C50439,C50439,0.9838860059091221
SV1_C42006,C42006,0.949210353356667
SV1_C47469,C47469,0.9406508818798082
SV1_C73206,C73206,0.9978043217089101
SV1_C24083,C24083,0.9277980961351427
SV1_C03095,C03095,0.9424906022127639
SV1_C70883,C70883,0.9721084082158079
SV1_C30715,C30715,0.9471814759399715
SV1_C79219,C79219,0.9277190094164743
SV1_C76807,C76807,0.9099790663668427
SV1_C83486,C83486,0.9423929694309886
SV1_C67845,C67845,0.9133486660727296
SV1_C48601,C48601,0.994547193692544
SV1_C79904,C79904,0.8683701528362325
SV1_C85890,C85890,0.9207869817607538
SV1_C80501,C80501,0.9155996234067663
SV1_C74434,C74434,0.9134964087501865
SV1_C76203,C76203,0.8900464604729479
SV1_C70234,C70234,0.9301481018422264
SV1_C01892,C01892,0.9994424487543021
SV1_C33718,C33718,0.9633056172394303
SV1_C57011,C57011,0.9060500496499819
SV1_C60620,C60620,0.955606757502453
SV1_C91261,C91261,0.9230798149389557
SV1_C89458,C89458,0.9196797545642336
SV1_C86427,C86427,0.9820740175066155
SV1_C72020,C72020,0.9294821722524516
SV1_C17474,C17474,0.9606363131534414
SV1_C64317,C64317,0.9180161226573165
SV1_C71425,C71425,0.9633894302428518
SV1_C57009,C57009,0.9995757956029713
SV1_C45623,C45623,0.9263996669984864
SV1_C03699,C03699,0.9270304016627028
SV1_C75037,C75037,0.9517778478824889
SV1_C63622,C63622,0.952258553620602
SV1_C03710,C03710,0.9449947191197487
SV1_C49822,C49822,0.925813131914976
SV1_C73234,C73234,0.9155396438081167
SV1_C43874,C43874,0.9606080738664537
SV1_C01244,C01244,0.9977860063207723
SV1_C29486,C29486,0.9548131975485823
SV1_C52810,C52810,0.9036776542874566
SV1_C44512,C44512,0.9441302380896665
SV1_C39612,C39612,0.9797321361494502
SV1_C96647,C96647,0.9271152419261476
SV1_C49855,C49855,0.9283794701598314
SV1_C65513,C65513,0.8771102174196825
SV1_C69633,C69633,0.9311542367837666
SV1_C99034,C99034,0.9516608273983396
SV1_C77419,C77419,0.9016394451606468
SV1_C88278,C88278,0.9052729433426574
SV1_C73254,C73254,0.9501142010808771
SV1_C76287,C76287,0.925250678510363
SV1_C03647,C03647,0.9804966165191437
SV1_C59505,C59505,0.9346406182533196
SV1_C67915,C67915,0.9895149673304064
SV1_C96680,C96680,0.8990001672183152
SV1_C76873,C76873,0.9309590062315196
SV1_C10891,C10891,0.9965982808407803
SV1_C24074,C24074,0.9019994142793272
SV1_C01297,C01297,0.9575171517568434
SV1_C43891,C43891,0.9347708197537881
SV1_C55882,C55882,0.9768403625755784
SV1_C27011,C27011,0.9168686496965952
SV1_C54020,C54020,0.9711824802512685
SV1_C99108,C99108,0.9151483979580373
SV1_C48650,C48650,0.9341919871541667
SV1_C01299,C01299,0.9111007571258153
SV1_C03111,C03111,0.9388213305118697
SV1_C93101,C93101,0.9998635537966863
SV1_C94200,C94200,0.9797804671902809
SV1_C45699,C45699,0.9962222432189984
SV1_C27617,C27617,0.9281187102558265
SV1_C96089,C96089,0.941281672413158
SV1_C77475,C77475,0.9244598756416541
SV1_C68512,C68512,0.9102399683464322
SV1_C55202,C55202,0.9149386032820621
SV1_C90013,C90013,0.9536831545319134
SV1_C90116,C90116,0.9349026870777923
SV1_C57672,C57672,0.9820212398820221
SV1_C89441,C89441,0.9384445683404683
SV1_C91285,C91285,0.9781329024458656
SV1_C24088,C24088,0.9049106992491693
SV1_C27709,C27709,0.9732469197217051
SV1_C24042,C24042,0.8629493857825021
SV1_C16846,C16846,0.9991459029729692
SV1_C89415,C89415,0.9030987749838462
SV1_C94307,C94307,0.931310090163847
SV1_C90632,C90632,0.9760786143652178
SV1_C02488,C02488,0.9120303808587629
SV1_C98493,C98493,0.90866003929367
SV1_C76228,C76228,0.9336678244275025
SV1_C15006,C15006,0.9386910459522346
SV1_C64801,C64801,0.9649463897738457
SV1_C31301,C31301,0.9921688839496114
SV1_C22880,C22880,0.9912664875135869
SV1_C67209,C67209,0.9900578268073393
SV1_C78689,C78689,0.8921610132249025
SV1_C11423,C11423,0.9261236138792384
SV1_C76874,C76874,0.9731294338762295
SV1_C71507,C71507,0.9875219677814433
SV1_C78690,C78690,0.8688699275578355
SV1_C46284,C46284,0.9786343703619605
SV1_C87081,C87081,0.9629185637751057
SV1_C72077,C72077,0.9521673963825167
SV1_C52231,C52231,0.9976010874048217
SV1_C47490,C47490,0.8806994950190806
SV1_C75704,C75704,0.9896101743470865
SV1_C04309,C04309,0.9128887259618408
SV1_C39601,C39601,0.9916115735045116
SV1_C50429,C50429,0.8839937045608689
SV1_C13875,C13875,0.9736174360780416
SV1_C70816,C70816,0.9245658024005052
SV1_C22872,C22872,0.9890530718385517
SV1_C07252,C07252,0.9350222587604721
SV1_C80477,C80477,0.9424150604888317
SV1_C23511,C23511,0.9928502891995196
SV1_C78660,C78660,0.9201779520333448
SV1_C14406,C14406,0.9390058875087997
SV1_C99119,C99119,0.8809585344051946
SV1_C57093,C57093,0.991042582577026
SV1_C67877,C67877,0.9680607928595573
SV1_C73298,C73298,0.9489430024921329
SV1_C21698,C21698,0.9222269829378021
SV1_C78712,C78712,0.9431709216473196
SV1_C10820,C10820,0.9287939756523429
SV1_C17415,C17415,0.9445098668332702
SV1_C83420,C83420,0.964932289898668
SV1_C22281,C22281,0.9701136396574652
SV1_C90037,C90037,0.9869313266861535
SV1_C27095,C27095,0.882812017084958
SV1_C34315,C34315,0.8756272644134094
SV1_C63001,C63001,0.9139090858946142
SV1_C13205,C13205,0.8676468286573159
SV1_C51646,C51646,0.9720052665787434
SV1_C48626,C48626,0.8987436537741953
SV1_C08413,C08413,0.9374489969328278
SV1_C51116,C51116,0.9918580888859898
SV1_C43318,C43318,0.9323871700252769
SV1_C24719,C24719,0.9934775157850426
SV1_C75045,C75045,0.957773255233051
SV1_C34316,C34316,0.9947536545959307
SV1_C51018,C51018,0.9269644091854637
SV1_C64806,C64806,0.9246550562238242
SV1_C85221,C85221,0.8989232735841848
SV1_C12661,C12661,0.9901104917566819
SV1_C18027,C18027,0.8985490944450084
SV1_C48101,C48101,0.9564277992257418
SV1_C50417,C50417,0.8852040829506242
SV1_C63638,C63638,0.9283109445696036
SV1_C18620,C18620,0.978263396201806
SV1_C10910,C10910,0.905230704805868
SV1_C78705,C78705,0.9576332465207787
SV1_C76817,C76817,0.9618754460413643
SV1_C97273,C97273,0.9255055936254203
SV1_C30012,C30012,0.9606737478186902
SV1_C00030,C00030,0.9193424240136224
SV1_C42602,C42602,0.9278564122888547
SV1_C47499,C47499,0.9718490335381657
SV1_C96676,C96676,0.9009479818501068
SV1_C68498,C68498,0.996051252265323
SV1_C49258,C49258,0.9819126102782543
SV1_C90113,C90113,0.9910330203707983
SV1_C19828,C19828,0.9601753364890927
SV1_C22309,C22309,0.8980267637358804
SV1_C08426,C08426,0.9538364285765277
SV1_C56442,C56442,0.9612022983143331
SV1_C18617,C18617,0.9197492169954434
SV1_C60606,C60606,0.9787705163863781
SV1_C62447,C62447,0.9946655649888123
SV1_C27622,C27622,0.9923530787665126
SV1_C55880,C55880,0.9389677639860585
SV1_C01233,C01233,0.9859014841580013
SV1_C64234,C64234,0.906364612616494
SV1_C44463,C44463,0.9926112283075165
SV1_C77487,C77487,0.9463286647031501
SV1_C97906,C97906,0.9790063667030167
SV1_C24082,C24082,0.9167930968344847
SV1_C30087,C30087,0.857144884724905
SV1_C59406,C59406,0.9858550706940976
SV1_C02440,C02440,0.9553648159815611
SV1_C45023,C45023,0.9203884957048868
SV1_C52879,C52879,0.9959736474867932
SV1_C91205,C91205,0.9274677680897528
SV1_C73315,C73315,0.938433834575925
SV1_C43215,C43215,0.9834345995227595
SV1_C07253,C07253,0.9443080540611122
SV1_C92425,C92425,0.9144502156338354
SV1_C51041,C51041,0.9130503696555449
SV1_C10904,C10904,0.9581822025736427
SV1_C16819,C16819,0.9185158999294453
SV1_C78676,C78676,0.8747312511362182
SV1_C55243,C55243,0.8983241413151298
SV1_C50431,C50431,0.9994365001812128
SV1_C09694,C09694,0.9993309956520783
SV1_C62519,C62519,0.9446703177392141
SV1_C55293,C55293,0.9517957389941878
SV1_C29476,C29476,0.9567747157230032
SV1_C09097,C09097,0.9597335657815388
SV1_C93086,C93086,0.894507713619124
SV1_C08411,C08411,0.9490625129867802
SV1_C63681,C63681,0.9682540629326422
SV1_C74407,C74407,0.9245765045573885
SV1_C78034,C78034,0.9379423642168836
SV1_C09616,C09616,0.984618845556382
SV1_C07305,C07305,0.9363152794905889
SV1_C93014,C93014,0.9742935668513478
SV1_C06099,C06099,0.971235748145276
SV1_C58901,C58901,0.9300635486584227
SV1_C88223,C88223,0.8690512019878966
SV1_C99679,C99679,0.9455956542203389
SV1_C00075,C00075,0.9263180708428951
SV1_C21087,C21087,0.9229715314228608
SV1_C06094,C06094,0.9391928214645041
SV1_C75631,C75631,0.9373150065455869
SV1_C93627,C93627,0.9530359987432758
SV1_C51631,C51631,0.9994116794627346
SV1_C66679,C66679,0.9991675772775837
SV1_C47519,C47519,0.9344602796061607
SV1_C97214,C97214,0.9554848424756583
SV1_C01219,C01219,0.9807121605979081
SV1_C22303,C22303,0.997520740859731
SV1_C07804,C07804,0.9131700479437715
SV1_C52805,C52805,0.8776066428623553
SV1_C90683,C90683,0.9931748273488612
SV1_C100298,C100298,0.9250172304683261
SV1_C19877,C19877,0.9193525074389565
SV1_C12606,C12606,0.9044681741693865
SV1_C70219,C70219,0.9302471465047067
SV1_C100203,C100203,0.9128490724740839
SV1_C58247,C58247,0.9645798835485259
SV1_C15000,C15000,0.8880642064158412
SV1_C63112,C63112,0.9185402595462427
SV1_C72009,C72009,0.9710458288644237
SV1_C86494,C86494,0.9457022822417889
SV1_C06703,C06703,0.9613861886358088
SV1_C38403,C38403,0.9480603428824806
SV1_C55881,C55881,0.950014196816488
SV1_C97304,C97304,0.928048576408087
SV1_C76850,C76850,0.8937765046351333
SV1_C93622,C93622,0.9639191880656629
SV1_C10226,C10226,0.9463451852556362
SV1_C43304,C43304,0.9913363267107602
SV1_C88872,C88872,0.9788480591205013
SV1_C33013,C33013,0.9914729130225244
SV1_C94288,C94288,0.9150236201100462
SV1_C85872,C85872,0.9920483997008549
SV1_C87617,C87617,0.9371436857737758
SV1_C58899,C58899,0.9139876676390422
SV1_C06699,C06699,0.961185217560453
SV1_C51097,C51097,0.9961700644289705
SV1_C48623,C48623,0.946681198717734
SV1_C61828,C61828,0.926072416175988
SV1_C75663,C75663,0.9563772578753099
SV1_C87037,C87037,0.985403709422171
SV1_C46214,C46214,0.9269663614064365
SV1_C52277,C52277,0.9836841937275136
SV1_C53431,C53431,0.9900802098217778
SV1_C16242,C16242,0.9371718236509539
SV1_C18033,C18033,0.9604720974958058
SV1_C67906,C67906,0.9987908885412141
SV1_C29482,C29482,0.9902376739284212
SV1_C32493,C32493,0.8797506579881875
SV1_C02481,C02481,0.9607910498539283
SV1_C91318,C91318,0.8719020797285449
SV1_C33613,C33613,0.9953421911224724
SV1_C77497,C77497,0.9344608399329138
SV1_C45014,C45014,0.9289946934273531
SV1_C13811,C13811,0.9797409274356266
SV1_C49296,C49296,0.9415726484886562
SV1_C10823,C10823,0.9332208151297893
SV1_C100244,C100244,0.9346350661272209
SV1_C97814,C97814,0.9577679651509725
SV1_C82303,C82303,0.8902866815401053
SV1_C36615,C36615,0.9157767076695408
SV1_C12032,C12032,0.9258225804668601
SV1_C05486,C05486,0.854833929668486
SV1_C07806,C07806,0.9712547320972769
SV1_C25803,C25803,0.9693319674779618
SV1_C88272,C88272,0.975475102887231
SV1_C95499,C95499,0.933734152933615
SV1_C91824,C91824,0.909868432895138
SV1_C72070,C72070,0.8683529424151676
SV1_C60085,C60085,0.9594731382567325
SV1_C54636,C54636,0.9599480850862895
SV1_C29498,C29498,0.9259430421751023
SV1_C90696,C90696,0.9234387398045646
SV1_C46318,C46318,0.9520140601285404
SV1_C35474,C35474,0.9488034216216474
SV1_C88864,C88864,0.9155847984942581
SV1_C45071,C45071,0.9376569075522954
SV1_C06719,C06719,0.8988400186855835
SV1_C48104,C48104,0.95098455087594
SV1_C13302,C13302,0.9538913661502996
SV1_C81012,C81012,0.9315379818305441
SV1_C54103,C54103,0.9206505811181797
SV1_C84096,C84096,0.9251209473539271
SV1_C75025,C75025,0.9489550600766735
SV1_C97887,C97887,0.9850241549089028
SV1_C69112,C69112,0.906320492320064
SV1_C25911,C25911,0.9743893324695613
SV1_C88874,C88874,0.9055843654927942
SV1_C78113,C78113,0.9511591088422934
SV1_C78642,C78642,0.9297920144064132
SV1_C01911,C01911,0.9239801646928685
SV1_C93004,C93004,0.9959125450193973
SV1_C54602,C54602,0.8820624624615069
SV1_C28287,C28287,0.9731665472524234
SV1_C90684,C90684,0.9975460466252817
SV1_C62410,C62410,0.9328659353198291
SV1_C09085,C09085,0.9744483784443364
SV1_C54112,C54112,0.9237226702161181
SV1_C24694,C24694,0.9189549526389064
SV1_C51619,C51619,0.958852142969139
SV1_C68402,C68402,0.9626619416113753
SV1_C66100,C66100,0.9146259170597507
SV1_C85305,C85305,0.9978986496750119
SV1_C10915,C10915,0.9557405518779786
SV1_C73890,C73890,0.8802084799259459
SV1_C98418,C98418,0.9262367390961849
SV1_C03034,C03034,0.9369264615230393
SV1_C88307,C88307,0.9816579535898211
SV1_C81612,C81612,0.935432944828213
SV1_C30086,C30086,0.9589117787784301
SV1_C10855,C10855,0.924755137150209
SV1_C75091,C75091,0.9454056861088593
SV1_C11461,C11461,0.9288085688685646
SV1_C03084,C03084,0.9552770596433221
SV1_C72099,C72099,0.8961388465408009
SV1_C75620,C75620,0.9128236386346303
SV1_C10914,C10914,0.9087514661960523
SV1_C08458,C08458,0.9942514840743093
SV1_C15090,C15090,0.9159640701216316
SV1_C48103,C48103,0.9461849805732945
SV1_C26483,C26483,0.9389472605243465
SV1_C69008,C69008,0.9848728105060588
SV1_C04242,C04242,0.8983299034973425
SV1_C22213,C22213,0.9263471045614473
SV1_C17427,C17427,0.8573122045025712
SV1_C83484,C83484,0.9012132920099327
SV1_C03080,C03080,0.9816005333965531
SV1_C07906,C07906,0.9034745281249069
SV1_C08513,C08513,0.992715483927258
SV1_C45094,C45094,0.9012969566656848
SV1_C79297,C79297,0.9194267490030512
SV1_C96078,C96078,0.988975716965131
SV1_C07223,C07223,0.9461786568551048
SV1_C76821,C76821,0.909942883171631
SV1_C67828,C67828,0.9986746992575641
SV1_C88221,C88221,0.8908645337543917
SV1_C45088,C45088,0.9257453619374688
SV1_C35406,C35406,0.8850960252251425
SV1_C19893,C19893,0.9604091148443458
SV1_C30689,C30689,0.9988464618090718
SV1_C79308,C79308,0.8639264612150769
SV1_C36605,C36605,0.9996884010417265
SV1_C50411,C50411,0.8805773132353072
SV1_C35492,C35492,0.8746098636154341
SV1_C76217,C76217,0.9649593881680143
SV1_C64215,C64215,0.9341370022644365
SV1_C87068,C87068,0.98077706739322
SV1_C20407,C20407,0.9832076669973439
SV1_C34219,C34219,0.9330263360464673
SV1_C75696,C75696,0.9928142089220515
SV1_C13860,C13860,0.9452573256664537
SV1_C51628,C51628,0.914429001835335
SV1_C68413,C68413,0.9765385486254323
SV1_C94914,C94914,0.9295354646906531
SV1_C78048,C78048,0.9293506294920456
SV1_C97813,C97813,0.9889539276339187
SV1_C75085,C75085,0.9243440030906263
SV1_C75092,C75092,0.9329370194295518
SV1_C55318,C55318,0.9482115169800363
SV1_C21082,C21082,0.9194750502768733
SV1_C51110,C51110,0.9591640586165634
SV1_C74401,C74401,0.9609803090411738
SV1_C79901,C79901,0.9176258752909425
SV1_C66611,C66611,0.9504998387771506
SV1_C89459,C89459,0.9920034385310834
SV1_C88312,C88312,0.9995450819734728
SV1_C99611,C99611,0.9511795499753571
SV1_C72655,C72655,0.9268933439974268
SV1_C76864,C76864,0.9127936387066206
SV1_C93093,C93093,0.9957760797462543
SV1_C86450,C86450,0.9312538698256195
SV1_C10290,C10290,0.9384146461272154
SV1_C46287,C46287,0.9754636968528122
SV1_C85206,C85206,0.9088948881636221
SV1_C83493,C83493,0.9864799674990238
SV1_C21718,C21718,0.9429252258281545
SV1_C13230,C13230,0.8899876353549114
SV1_C21008,C21008,0.9127833109405523
SV1_C23499,C23499,0.998314817423079
SV1_C99102,C99102,0.9219196468170168
SV1_C69640,C69640,0.929642182471948
SV1_C52886,C52886,0.9062666418518192
SV1_C74405,C74405,0.9610127298781811
SV1_C69096,C69096,0.943336341886097
SV1_C57114,C57114,0.9544791159149527
SV1_C25902,C25902,0.9244157718937835
SV1_C10252,C10252,0.9379072674408974
SV1_C25208,C25208,0.9369804653480162
SV1_C65424,C65424,0.9910936966603281
SV1_C59408,C59408,0.9462844977227919
SV1_C04233,C04233,0.9611938893587494
SV1_C07216,C07216,0.9522071968114414
SV1_C57032,C57032,0.935762243838448
SV1_C43821,C43821,0.9383289550547663
SV1_C16224,C16224,0.945176348679228
SV1_C87024,C87024,0.990151215356165
SV1_C60603,C60603,0.9296734382817792
SV1_C58803,C58803,0.9383597331470809
SV1_C26474,C26474,0.9681772082619955
SV1_C20426,C20426,0.946174242603078
SV1_C16286,C16286,0.9681852888968085
SV1_C12098,C12098,0.910332300197391
SV1_C00037,C00037,0.986914022792976
SV1_C30020,C30020,0.9512683814453362
SV1_C83417,C83417,0.9003187094409154
SV1_C21672,C21672,0.9753507672406363
SV1_C20424,C20424,0.8997382107061298
SV1_C07214,C07214,0.9554352722584017
SV1_C49254,C49254,0.9761716956801122
SV1_C78010,C78010,0.9407393665199535
SV1_C52212,C52212,0.8675045564012185
SV1_C10283,C10283,0.944118370753107
SV1_C49840,C49840,0.982103999134989
SV1_C51629,C51629,0.9168804169077291
SV1_C75062,C75062,0.9305650807094706
SV1_C52239,C52239,0.9833294812806581
SV1_C23493,C23493,0.9688674580878652
SV1_C59412,C59412,0.9505970389454552
SV1_C24697,C24697,0.9606577860874095
SV1_C19236,C19236,0.9608660362861093
SV1_C04888,C04888,0.914961605250859
SV1_C10208,C10208,0.9327043265894942
SV1_C62422,C62422,0.8946232904467765
SV1_C10900,C10900,0.9616719502511698
SV1_C94820,C94820,0.8995405258232614
SV1_C72081,C72081,0.9501044953693139
SV1_C14474,C14474,0.9939920675666607
SV1_C08473,C08473,0.999642284960223
SV1_C01283,C01283,0.9559307337081041
SV1_C87616,C87616,0.9147182651569867
SV1_C64247,C64247,0.939563019925936
SV1_C03625,C03625,0.9622073472379155
SV1_C43854,C43854,0.964033900264626
SV1_C67811,C67811,0.9696268689184361
SV1_C28806,C28806,0.9304883393200403
SV1_C49808,C49808,0.966068680663268
SV1_C03086,C03086,0.9565666290979203
SV1_C32403,C32403,0.9089855946017689
SV1_C56410,C56410,0.9780912340417899
SV1_C25212,C25212,0.9742376959157488
SV1_C04315,C04315,0.9274493580017648
SV1_C75702,C75702,0.9669104781678786
SV1_C97914,C97914,0.9111870906945368
SV1_C24647,C24647,0.9072623747524867
SV1_C03098,C03098,0.9865003835749262
SV1_C78648,C78648,0.9386394252275404
SV1_C00602,C00602,0.9684077882541425
SV1_C53505,C53505,0.9975456002078757
SV1_C57098,C57098,0.8821243156688895
SV1_C25218,C25218,0.9259354046471793
SV1_C61314,C61314,0.9085511705105868
SV1_C78619,C78619,0.9476073314359186
SV1_C53518,C53518,0.9768663397912936
SV1_C35491,C35491,0.9293495340517763
SV1_C27632,C27632,0.980415631965772
SV1_C81017,C81017,0.922538405357456
SV1_C19832,C19832,0.9589194132615594
SV1_C75716,C75716,0.9126387033987083
SV1_C60628,C60628,0.9445611503587918
SV1_C76856,C76856,0.9289821195166267
SV1_C93091,C93091,0.8616267176151315
SV1_C43884,C43884,0.9797583088296492
SV1_C43269,C43269,0.9769674011743686
SV1_C19813,C19813,0.9285062981449305
SV1_C48003,C48003,0.9666665929075798
SV1_C45717,C45717,0.9909235127964099
SV1_C81703,C81703,0.884184103209995
SV1_C47464,C47464,0.9061290362896137
SV1_C67816,C67816,0.9121184721146637
SV1_C78089,C78089,0.9036605983393434
SV1_C90061,C90061,0.8927610740963777
SV1_C00606,C00606,0.9696123025732208
SV1_C87030,C87030,0.9622529233251286
SV1_C99647,C99647,0.9879285017035512
SV1_C55907,C55907,0.8694032173643191
SV1_C05473,C05473,0.9354301668815056
SV1_C66635,C66635,0.8770828401903402
SV1_C46302,C46302,0.9721706845274263
SV1_C69630,C69630,0.8601037527735549
SV1_C30082,C30082,0.9942065860807655
SV1_C55874,C55874,0.9786362009912186
SV1_C09021,C09021,0.9728324448144807
SV1_C25802,C25802,0.9043743130450331
SV1_C08404,C08404,0.9097906869578022
SV1_C09610,C09610,0.959730532568183
SV1_C75658,C75658,0.9445492446315804
SV1_C95498,C95498,0.9998048177330163
SV1_C82313,C82313,0.9468411110633881
SV1_C21092,C21092,0.8815769468193401
SV1_C11431,C11431,0.9921689485037443
SV1_C30704,C30704,0.9978954052032948
SV1_C78655,C78655,0.9259992396412147
SV1_C48628,C48628,0.9416996802783216
SV1_C96633,C96633,0.9188227965436843
SV1_C51614,C51614,0.9152087483991082
SV1_C13868,C13868,0.9735925037760282
SV1_C34284,C34284,0.8702833635937506
SV1_C71441,C71441,0.8821129929870992
SV1_C84101,C84101,0.9322444237206774
SV1_C51682,C51682,0.903573360326211
SV1_C67897,C67897,0.9602887938470802
SV1_C50418,C50418,0.9275806104555737
SV1_C76315,C76315,0.9940564780565034
SV1_C94819,C94819,0.9606068140907154
SV1_C10841,C10841,0.9318566509925807
SV1_C07293,C07293,0.9646410723460015
SV1_C03018,C03018,0.9091540704070914
SV1_C56418,C56418,0.941994150028961
SV1_C22829,C22829,0.963146943939022
SV1_C13857,C13857,0.9408760201375279
SV1_C73802,C73802,0.994580229745797
SV1_C19816,C19816,0.9215907816689508
SV1_C13820,C13820,0.9513281727894664
SV1_C97314,C97314,0.9221863793136261
SV1_C94895,C94895,0.9303401635746575
SV1_C58236,C58236,0.9885366790465143
SV1_C56431,C56431,0.9866221214521773
SV1_C54695,C54695,0.9260489058158737
SV1_C88862,C88862,0.910482295742132
SV1_C38411,C38411,0.9479757645779707
SV1_C87683,C87683,0.9451662912357789
SV1_C81086,C81086,0.8919514194372291
SV1_C95430,C95430,0.8882161353266071
SV1_C29421,C29421,0.9457960379220958
SV1_C50497,C50497,0.9936244714637333
SV1_C91220,C91220,0.9008767466582821
SV1_C98484,C98484,0.9725090429943718
SV1_C07895,C07895,0.9215485567629981
SV1_C03646,C03646,0.9291756304180468
SV1_C88907,C88907,0.9865890339858944
SV1_C07915,C07915,0.9109967604599668
SV1_C00693,C00693,0.9923170177479922
SV1_C88231,C88231,0.9871103600453126
SV1_C76202,C76202,0.9515416720485815
SV1_C10231,C10231,0.9598062526945729
SV1_C88811,C88811,0.8929302344332992
SV1_C96691,C96691,0.9039285368222301
SV1_C26505,C26505,0.9924936917913206
SV1_C48119,C48119,0.9615991986406517
SV1_C21610,C21610,0.9135354154623077
SV1_C06098,C06098,0.9309061931104563
SV1_C50488,C50488,0.8979022159900741
SV1_C73255,C73255,0.9263654443733714
SV1_C13308,C13308,0.9934470019408848
SV1_C13318,C13318,0.9638730825347773
SV1_C57688,C57688,0.9593477068676526
SV1_C77499,C77499,0.9595262625194922
SV1_C09645,C09645,0.9853747494983207
SV1_C07272,C07272,0.9878083205797183
SV1_C78081,C78081,0.9418950322885696
SV1_C89461,C89461,0.8991526827554294
SV1_C63688,C63688,0.8996328806222121
SV1_C05512,C05512,0.9385130614899277
SV1_C45657,C45657,0.9993606097134157
SV1_C78703,C78703,0.9690006543191241
SV1_C52232,C52232,0.9246390505797917
SV1_C09051,C09051,0.8960753620647426
SV1_C00015,C00015,0.9957058165176944
SV1_C74504,C74504,0.9846165881263753
SV1_C14495,C14495,0.9706474709002949
SV1_C25800,C25800,0.9140012302563835
SV1_C50475,C50475,0.9957608657635088
SV1_C79312,C79312,0.8904653600884608
SV1_C78020,C78020,0.9340920712580454
SV1_C89500,C89500,0.9422956692919809
SV1_C74418,C74418,0.9211879853975058
SV1_C94211,C94211,0.9801601744196391
SV1_C49864,C49864,0.9277712236233014
SV1_C94299,C94299,0.9332619790499693
SV1_C90652,C90652,0.8827303053221026
SV1_C91290,C91290,0.9000587174381683
SV1_C64217,C64217,0.9048817766364814
SV1_C99080,C99080,0.913847176408354
SV1_C34290,C34290,0.9467904158589028
SV1_C25813,C25813,0.9672135391433213
SV1_C26481,C26481,0.9390089673777863
SV1_C06119,C06119,0.9501958180330974
SV1_C43801,C43801,0.8767396580979555
SV1_C98435,C98435,0.9923714120381292
SV1_C10881,C10881,0.9728268545274382
SV1_C11517,C11517,0.9655841186369483
SV1_C43820,C43820,0.9188706303490094
SV1_C18615,C18615,0.975496391731307
SV1_C54622,C54622,0.9477008232190276
SV1_C23430,C23430,0.9199456721430822
SV1_C08467,C08467,0.9635562924084925
SV1_C54039,C54039,0.9638518930135338
SV1_C53507,C53507,0.9436224346908165
SV1_C63073,C63073,0.9821579110572191
SV1_C85292,C85292,0.8757859031119499
SV1_C70808,C70808,0.9348562971045201
SV1_C62490,C62490,0.8679867825276243
SV1_C80484,C80484,0.9951124326902401
SV1_C90718,C90718,0.8771083153443592
SV1_C01242,C01242,0.9152103157350892
SV1_C94204,C94204,0.9796644179415692
SV1_C24116,C24116,0.9838350895188619
SV1_C81601,C81601,0.9412401628777556
SV1_C43200,C43200,0.8723342022871382
SV1_C78085,C78085,0.9287510684202116
SV1_C30021,C30021,0.9447537141561198
SV1_C00628,C00628,0.9717719650779884
SV1_C76831,C76831,0.961262624750754
SV1_C09638,C09638,0.9494049593520002
SV1_C75649,C75649,0.9515138456849483
SV1_C98406,C98406,0.9623143605561666
SV1_C100243,C100243,0.9208371562863384
SV1_C75622,C75622,0.9580508421498041
SV1_C70238,C70238,0.9202343184988497
SV1_C16292,C16292,0.9522198234807302
SV1_C95411,C95411,0.9884427104945374
SV1_C22906,C22906,0.926255849152589
SV1_C03043,C03043,0.9619123057638285
SV1_C03020,C03020,0.9932915929946937
SV1_C62492,C62492,0.8561138631095362
SV1_C73221,C73221,0.9526633159952999
SV1_C84610,C84610,0.9204312134885649
SV1_C04286,C04286,0.953767286403149
SV1_C04247,C04247,0.9644711868632624
SV1_C25292,C25292,0.9975267233487908
SV1_C91255,C91255,0.9501799094463257
SV1_C61302,C61302,0.9965201913685364
SV1_C94824,C94824,0.9094817614732215
SV1_C49234,C49234,0.924245580007641
SV1_C51713,C51713,0.9400765366278812
SV1_C32516,C32516,0.9480826440911008
SV1_C07243,C07243,0.9138416891524833
SV1_C23506,C23506,0.9264223027280268
SV1_C40220,C40220,0.9889180283779937
SV1_C27031,C27031,0.8946977410196496
SV1_C27628,C27628,0.9796363074758146
SV1_C51637,C51637,0.8896644394682672
SV1_C36622,C36622,0.9829822235284954
SV1_C25886,C25886,0.9898101325903685
SV1_C08472,C08472,0.9891042377888362
SV1_C88269,C88269,0.9924400168988212
SV1_C07317,C07317,0.9182688723111861
SV1_C46313,C46313,0.9488293377264325
SV1_C69601,C69601,0.9809838734727534
SV1_C97898,C97898,0.9789301888916306
SV1_C10307,C10307,0.8932800780841749
SV1_C50491,C50491,0.9312280202389808
SV1_C70813,C70813,0.9535209906011527
SV1_C14402,C14402,0.9361329432338995
SV1_C19226,C19226,0.9178189537242257
SV1_C31210,C31210,0.9252922821613632
SV1_C53504,C53504,0.9899862988515565
SV1_C23515,C23515,0.9487087857324258
SV1_C36612,C36612,0.9876211861216725
SV1_C57096,C57096,0.8786837155418886
SV1_C78038,C78038,0.9385694621665936
SV1_C66027,C66027,0.8722899727236828
SV1_C71485,C71485,0.8503205337966494
SV1_C51013,C51013,0.8942992183100379
SV1_C45012,C45012,0.8974315120536949
SV1_C84683,C84683,0.953930255267579
SV1_C10206,C10206,0.9548291682000126
SV1_C33010,C33010,0.9460224646514692
SV1_C81074,C81074,0.9100573396623531
SV1_C47509,C47509,0.9752836830270798
SV1_C19802,C19802,0.9386215865855011
SV1_C03606,C03606,0.948516728905684
SV1_C72053,C72053,0.9555729839910758
SV1_C90617,C90617,0.9747732323235262
SV1_C63097,C63097,0.9359224461436438
SV1_C98433,C98433,0.9348508984564247
SV1_C67823,C67823,0.8723363384133684
SV1_C03686,C03686,0.9594478588767638
SV1_C76216,C76216,0.9717471634197784
SV1_C00704,C00704,0.9068603572791274
SV1_C48639,C48639,0.9720594452101541
SV1_C49845,C49845,0.9797052459431594
SV1_C65428,C65428,0.9901151274341529
SV1_C94219,C94219,0.9605090837465046
SV1_C55292,C55292,0.9424961222722322
SV1_C01904,C01904,0.9105108730190495
SV1_C22882,C22882,0.8802871419792525
SV1_C63099,C63099,0.9590175357604646
SV1_C67807,C67807,0.969525681237217
SV1_C12627,C12627,0.9808111519716751
SV1_C23513,C23513,0.9072510003279759
SV1_C99682,C99682,0.9343396461038472
SV1_C52908,C52908,0.9830776227201876
SV1_C59403,C59403,0.9361306598539539
SV1_C57087,C57087,0.8620806445899757
SV1_C84010,C84010,0.912548875000744
SV1_C79218,C79218,0.9020218177167424
SV1_C90622,C90622,0.9370359608579782
SV1_C09670,C09670,0.9210746863838553
SV1_C88873,C88873,0.9685108981067111
SV1_C73896,C73896,0.9846231876850139
SV1_C42610,C42610,0.927881562435616
SV1_C58316,C58316,0.9285165658412553
SV1_C79875,C79875,0.9718644091620154
SV1_C96719,C96719,0.990379838917383
SV1_C19830,C19830,0.8960380996623133
SV1_C15026,C15026,0.9586070969969822
SV1_C62401,C62401,0.9213972689660119
SV1_C16879,C16879,0.9226431691510565
SV1_C55838,C55838,0.9440575984147079
SV1_C98440,C98440,0.9538405231500922
SV1_C60680,C60680,0.9442958467006112
SV1_C49821,C49821,0.9081956926293068
SV1_C70882,C70882,0.973451864751315
SV1_C12666,C12666,0.918518950687224
SV1_C22317,C22317,0.9697673462271661
SV1_C26473,C26473,0.934708772083856
SV1_C13267,C13267,0.9008869043477363
SV1_C65438,C65438,0.9317659905481758
SV1_C07215,C07215,0.9735730642496885
SV1_C100216,C100216,0.8774793906682021
SV1_C68513,C68513,0.9030179117891891
SV1_C89455,C89455,0.9922475549741385
SV1_C13263,C13263,0.967484323752158
SV1_C95490,C95490,0.8961375583934325
SV1_C58832,C58832,0.9743636030430615
SV1_C79223,C79223,0.960969363649523
SV1_C07311,C07311,0.8756564988592052
SV1_C11409,C11409,0.9295107431051275
SV1_C78022,C78022,0.9799705992054963
SV1_C63612,C63612,0.9164592806040852
SV1_C26487,C26487,0.9198264133925725
SV1_C04285,C04285,0.9635782887141977
SV1_C28296,C28296,0.9369647853971903
SV1_C47414,C47414,0.9114349128854524
SV1_C96011,C96011,0.9917660055531321
SV1_C70292,C70292,0.9762968935835846
SV1_C64211,C64211,0.9314972372742986
SV1_C60614,C60614,0.9896671459234418
SV1_C87056,C87056,0.9091062086686972
SV1_C25228,C25228,0.9323656423543878
SV1_C71424,C71424,0.9244130856135346
SV1_C69093,C69093,0.9668794668522182
SV1_C57013,C57013,0.993098932598167
SV1_C49880,C49880,0.9345150778415033
SV1_C58900,C58900,0.9175766194748738
SV1_C63072,C63072,0.99649360865474
SV1_C98475,C98475,0.9980273741239152
SV1_C12052,C12052,0.9583446609878169
SV1_C27046,C27046,0.9711272024978997
SV1_C13313,C13313,0.9769949341063099
SV1_C79812,C79812,0.9215864639356355
SV1_C44486,C44486,0.9563483176420465
SV1_C43848,C43848,0.9907802904636294
SV1_C97881,C97881,0.9111258001907973
SV1_C73283,C73283,0.9958636183448647
SV1_C39605,C39605,0.9918440935936553
SV1_C87643,C87643,0.9772256419429899
SV1_C07297,C07297,0.9417393870216378
SV1_C57118,C57118,0.9103528862695969
SV1_C83496,C83496,0.9179784126166847
SV1_C10217,C10217,0.9816132746498729
SV1_C88301,C88301,0.9345503629699871
SV1_C00011,C00011,0.9898477288941231
SV1_C73291,C73291,0.9198541653123306
SV1_C07309,C07309,0.9667352417447876
SV1_C79900,C79900,0.8728916160895435
SV1_C66612,C66612,0.954599158738822
SV1_C48631,C48631,0.9857663194738757
SV1_C90005,C90005,0.9195751935191586
SV1_C63085,C63085,0.9731765290335511
SV1_C98401,C98401,0.9932165978916299
SV1_C33115,C33115,0.9161984808497807
SV1_C88890,C88890,0.9038273623725269
SV1_C75629,C75629,0.9354817395812719
SV1_C48020,C48020,0.9590881213482342
SV1_C75047,C75047,0.9611750060273959
SV1_C96109,C96109,0.9563966826228222
SV1_C45054,C45054,0.9666524188358205
SV1_C76269,C76269,0.9624717119388376
SV1_C77401,C77401,0.9294108264774709
SV1_C65504,C65504,0.9074439070642275
SV1_C23492,C23492,0.97820292961675
SV1_C61280,C61280,0.9084123834032123
SV1_C46237,C46237,0.9906348588097919
SV1_C66004,C66004,0.9747223784418074
SV1_C88262,C88262,0.9133255747326331
SV1_C10315,C10315,0.9421198085311757
SV1_C31886,C31886,0.9566711344481234
SV1_C54623,C54623,0.9781444725513588
SV1_C46262,C46262,0.9588675753903213
SV1_C37220,C37220,0.9959690577318976
SV1_C67804,C67804,0.9885613835600119
SV1_C17411,C17411,0.9412026799079527
SV1_C10822,C10822,0.9773812441084804
SV1_C10838,C10838,0.917686979204037
SV1_C61295,C61295,0.9036368671334286
SV1_C90117,C90117,0.9276461631249248
SV1_C01305,C01305,0.9530730548131748
SV1_C93030,C93030,0.8614227364746142
SV1_C75641,C75641,0.9839602420854157
SV1_C51623,C51623,0.9989638071519523
SV1_C65494,C65494,0.9153965980296014
SV1_C77411,C77411,0.9619822394522577
SV1_C34811,C34811,0.9399869993900793
SV1_C12000,C12000,0.9102920024131435
SV1_C06025,C06025,0.9651724075633048
SV1_C04207,C04207,0.9680741100069639
SV1_C28819,C28819,0.9586779852747976
SV1_C05434,C05434,0.9817283875056412
SV1_C09036,C09036,0.9642577605392254
SV1_C34303,C34303,0.9271583918466975
SV1_C10833,C10833,0.9762449767454482
SV1_C53516,C53516,0.994039405067663
SV1_C28314,C28314,0.9772246949910314
SV1_C91310,C91310,0.9129608576013146
SV1_C73256,C73256,0.9866519785819423
SV1_C57711,C57711,0.9084463458657112
SV1_C98430,C98430,0.900451423263323
SV1_C97217,C97217,0.9551530388093842
SV1_C82902,C82902,0.9320000785070537
SV1_C97916,C97916,0.9892362363381569
SV1_C15017,C15017,0.9456384504489522
SV1_C66111,C66111,0.9730703525791993
SV1_C21042,C21042,0.8756527564226952
SV1_C57705,C57705,0.9214634364455017
SV1_C73208,C73208,0.9335925560102958
SV1_C04825,C04825,0.9081751723940579
SV1_C03679,C03679,0.9797053339226303
SV1_C46278,C46278,0.9620396754298238
SV1_C75064,C75064,0.9665696283969013
SV1_C89471,C89471,0.8684923014888621
SV1_C06073,C06073,0.9320257555101302
SV1_C31281,C31281,0.9702888429608795
SV1_C48065,C48065,0.8861916243213771
SV1_C78630,C78630,0.9006616227496135
SV1_C12022,C12022,0.9567076423167217
SV1_C88294,C88294,0.950708125420274
SV1_C16820,C16820,0.9970095476775199
SV1_C97220,C97220,0.8896322384006418
SV1_C62482,C62482,0.9865705669627121
SV1_C27018,C27018,0.930971849870588
SV1_C52315,C52315,0.9995030911396128
SV1_C24118,C24118,0.9619518127583854
SV1_C89480,C89480,0.9902976930699301
SV1_C12071,C12071,0.9853578674531819
SV1_C67216,C67216,0.9133503450715256
SV1_C16893,C16893,0.9594671005046818
SV1_C72673,C72673,0.9541502377393954
SV1_C68421,C68421,0.9951822503501402
SV1_C73872,C73872,0.9435111253146851
SV1_C66615,C66615,0.9394617203896014
SV1_C52826,C52826,0.9045593235483007
SV1_C74461,C74461,0.9899695302156996
SV1_C17476,C17476,0.9904911831533627
SV1_C22806,C22806,0.9138164648994299
SV1_C70873,C70873,0.9298230825663489
SV1_C62428,C62428,0.9644080909772167
SV1_C66094,C66094,0.9178926581443215
SV1_C04911,C04911,0.9475270001209054
SV1_C37811,C37811,0.9399103200792562
SV1_C47429,C47429,0.9815895114042975
SV1_C73201,C73201,0.9690939917972038
SV1_C87700,C87700,0.9439146877423913
SV1_C67222,C67222,0.974031859387431
SV1_C94891,C94891,0.8954203986855992
SV1_C71489,C71489,0.8755662993539426
SV1_C33702,C33702,0.9829809087714959
SV1_C47507,C47507,0.971139825911286
SV1_C01214,C01214,0.9635573428392017
SV1_C02441,C02441,0.9644758738929843
SV1_C27106,C27106,0.920572814602004
SV1_C75079,C75079,0.9835318178876948
SV1_C100205,C100205,0.9050462128112507
SV1_C78039,C78039,0.9806381811805552
SV1_C54625,C54625,0.9920810653047838
SV1_C48655,C48655,0.860321870029089
SV1_C11408,C11408,0.9403158834619256
SV1_C17481,C17481,0.9681018526851899
SV1_C06637,C06637,0.9694288928034318
SV1_C97235,C97235,0.9950432896954255
SV1_C05478,C05478,0.8726848931643111
SV1_C25247,C25247,0.9126373065319294
SV1_C00115,C00115,0.8681131794501377
SV1_C58890,C58890,0.9175071991770873
SV1_C75692,C75692,0.92575013323534
SV1_C66028,C66028,0.9951691333622302
SV1_C97282,C97282,0.9633243187123345
SV1_C22896,C22896,0.9405375132196538
SV1_C76838,C76838,0.9311593690333737
SV1_C46226,C46226,0.9638413591489797
SV1_C15039,C15039,0.9275424485032832
SV1_C44402,C44402,0.9444152770828502
SV1_C82304,C82304,0.896789228987784
SV1_C81716,C81716,0.9427015157961071
SV1_C85874,C85874,0.9643195371415453
SV1_C23400,C23400,0.895438109366237
SV1_C03718,C03718,0.910557180911272
SV1_C90105,C90105,0.9404108458037533
SV1_C54032,C54032,0.968468333981009
SV1_C97286,C97286,0.945089974841799
SV1_C48706,C48706,0.9815192676582788
SV1_C91902,C91902,0.9393035544792983
SV1_C28903,C28903,0.9988676412616467
SV1_C81084,C81084,0.9886216785603918
SV1_C88261,C88261,0.9010131549128431
SV1_C65409,C65409,0.9697664047099123
SV1_C00631,C00631,0.9838416350415549
SV1_C97211,C97211,0.9982525774886545
SV1_C88882,C88882,0.9155098426586524
SV1_C21077,C21077,0.9639437250480234
SV1_C61233,C61233,0.9427452554435167
SV1_C57638,C57638,0.9462537063775631
SV1_C74435,C74435,0.9034867274967341
SV1_C20427,C20427,0.9807669264739423
SV1_C21603,C21603,0.9779927353061204
SV1_C88308,C88308,0.9819991190460351
SV1_C16233,C16233,0.9221030498218646
SV1_C20494,C20494,0.9841296159602146
SV1_C25306,C25306,0.9149159308806165
SV1_C84622,C84622,0.8751779167737614
SV1_C92434,C92434,0.8721968376640041
SV1_C60047,C60047,0.9856199469699211
SV1_C27699,C27699,0.9913092534225789
SV1_C40215,C40215,0.975115033614603
SV1_C88852,C88852,0.9036477007857479
SV1_C03687,C03687,0.9967898381003053
SV1_C69610,C69610,0.9442109299416599
SV1_C58234,C58234,0.9313051236016416
SV1_C96080,C96080,0.905065756645126
SV1_C55308,C55308,0.9332775968688476
SV1_C58232,C58232,0.9770550261514327
SV1_C06097,C06097,0.9682931686495632
SV1_C85901,C85901,0.988721788979343
SV1_C12610,C12610,0.9022844372945168
SV1_C43252,C43252,0.9892804549266128
SV1_C88824,C88824,0.992594835271364
SV1_C64910,C64910,0.9564432476841096
SV1_C27024,C27024,0.936013695493371
SV1_C09068,C09068,0.9902854181514604
SV1_C30719,C30719,0.9406452357255385
SV1_C94812,C94812,0.9753405422075725
SV1_C00114,C00114,0.894940480633602
SV1_C58876,C58876,0.9753358121838164
SV1_C53515,C53515,0.9954026172844392
SV1_C00034,C00034,0.927225961919601
SV1_C21680,C21680,0.9766815494194991
SV1_C87040,C87040,0.9281107234885873
SV1_C87687,C87687,0.928028779138776
SV1_C30600,C30600,0.9583000123789883
SV1_C78621,C78621,0.9541923253305954
SV1_C33105,C33105,0.9690245119173468
SV1_C96117,C96117,0.9950873596418545
SV1_C51015,C51015,0.9057045788558014
SV1_C04910,C04910,0.8825080275359992
SV1_C82273,C82273,0.9013781132226624
SV1_C45103,C45103,0.9982943799853612
SV1_C61841,C61841,0.9437773688413518
SV1_C94215,C94215,0.9723189840938237
SV1_C26426,C26426,0.9996614516728439
SV1_C78076,C78076,0.9387392410402213
SV1_C50427,C50427,0.9993187536449888
SV1_C91258,C91258,0.8835226605365583
SV1_C46836,C46836,0.9760566662051077
SV1_C44406,C44406,0.9440263092838417
SV1_C09062,C09062,0.9738090095418308
SV1_C67909,C67909,0.9337278300608974
SV1_C69043,C69043,0.9443267277479518
SV1_C93624,C93624,0.9061760572741907
SV1_C63682,C63682,0.8728204925792168
SV1_C92516,C92516,0.9920600291169485
SV1_C91899,C91899,0.970725662284838
SV1_C11495,C11495,0.909866484219916
SV1_C52911,C52911,0.9776464233962293
SV1_C68494,C68494,0.9092925595293417
SV1_C69609,C69609,0.9786751529237413
SV1_C07208,C07208,0.912806171301945
SV1_C84614,C84614,0.9252759979351034
SV1_C55200,C55200,0.9308066743245542
SV1_C18622,C18622,0.9433240186788182
SV1_C84009,C84009,0.9430637514384811
SV1_C49308,C49308,0.9500239580838016
SV1_C73838,C73838,0.9015817200945508
SV1_C20421,C20421,0.9354722074134426
SV1_C89442,C89442,0.9101440576938054
SV1_C52319,C52319,0.9361681301686307
SV1_C54011,C54011,0.8655442586334982
SV1_C19207,C19207,0.9822771122263632
SV1_C31201,C31201,0.9578335691255654
SV1_C27637,C27637,0.9812739154674607
SV1_C86418,C86418,0.9361816803012373
SV1_C72600,C72600,0.938776822927322
SV1_C00093,C00093,0.990290408179365
SV1_C47436,C47436,0.9651270196131678
SV1_C24686,C24686,0.944050885428607
SV1_C28894,C28894,0.8929838137181264
SV1_C21615,C21615,0.9918728575479137
SV1_C73318,C73318,0.9346403991219253
SV1_C47470,C47470,0.9675960218316253
SV1_C16808,C16808,0.9000062146855495
SV1_C38402,C38402,0.9830686082231297
SV1_C54099,C54099,0.9136316346742241
SV1_C43248,C43248,0.988723661600935
SV1_C15629,C15629,0.9226725579374714
SV1_C16284,C16284,0.9415446318315914
SV1_C43285,C43285,0.983861597336633
SV1_C07802,C07802,0.9712820991598486
SV1_C12709,C12709,0.9856010999893074
SV1_C86401,C86401,0.9149404731572156
SV1_C94207,C94207,0.9810463387421888
SV1_C94838,C94838,0.8850644501457223
SV1_C00695,C00695,0.9077302683039681
SV1_C70894,C70894,0.9677801294368118
SV1_C22881,C22881,0.9774390271978147
SV1_C87097,C87097,0.926571057341544
SV1_C89518,C89518,0.8871323136775571
SV1_C45048,C45048,0.9916818775773698
SV1_C49220,C49220,0.9251767701268061
SV1_C65481,C65481,0.987039976291464
SV1_C74518,C74518,0.9279567671806743
SV1_C71431,C71431,0.9211943496538174
SV1_C78618,C78618,0.8977710705138442
SV1_C00113,C00113,0.9069059958585097
SV1_C81708,C81708,0.920629182657103
SV1_C94900,C94900,0.9436202674477424
SV1_C23439,C23439,0.9992809326039589
SV1_C14426,C14426,0.9605608020368801
SV1_C60114,C60114,0.9221171251757262
SV1_C10304,C10304,0.9573204302562842
SV1_C09718,C09718,0.9075587525391925
SV1_C88277,C88277,0.9682628747794612
SV1_C01832,C01832,0.9815909261857095
SV1_C16201,C16201,0.9092868229995084
SV1_C14419,C14419,0.907589535886172
SV1_C12075,C12075,0.9109890784419984
SV1_C91843,C91843,0.8620357519071374
SV1_C23516,C23516,0.9790627502750451
SV1_C49302,C49302,0.9887913568152255
SV1_C96002,C96002,0.9544753042005122
SV1_C82880,C82880,0.9258913177308994
SV1_C51695,C51695,0.9150672587125215
SV1_C46907,C46907,0.9836478898152193
SV1_C90100,C90100,0.9369206186840044
SV1_C07228,C07228,0.989360672266025
SV1_C60681,C60681,0.963928035343984
SV1_C51079,C51079,0.9985146451626747
SV1_C58220,C58220,0.9631698735039652
SV1_C24716,C24716,0.9877694357881438
SV1_C67305,C67305,0.957017953776661
SV1_C30690,C30690,0.9416097337047109
SV1_C60032,C60032,0.9632545986974824
SV1_C93705,C93705,0.9692130489994784
SV1_C73854,C73854,0.9526223360571693
SV1_C46873,C46873,0.9858190804143782
SV1_C25882,C25882,0.9758760304558248
SV1_C15087,C15087,0.9503922203446572
SV1_C33003,C33003,0.9206561592935192
SV1_C24080,C24080,0.99900095802706
SV1_C87046,C87046,0.9695696248238693
SV1_C69042,C69042,0.9933690271713532
SV1_C00643,C00643,0.9727904883754342
SV1_C07291,C07291,0.9377409272941183
SV1_C83504,C83504,0.9168588211047601
SV1_C90097,C90097,0.9277334213190082
SV1_C60091,C60091,0.8890897369849234
SV1_C71407,C71407,0.9349400798195152
SV1_C70282,C70282,0.9962294330744862
SV1_C24610,C24610,0.9190537975316991
SV1_C87663,C87663,0.9881166316920537
SV1_C14414,C14414,0.9513181023395298
SV1_C50506,C50506,0.9639825385814362
SV1_C69717,C69717,0.9791641608289272
SV1_C57106,C57106,0.9006713240960945
SV1_C43863,C43863,0.992847045128241
SV1_C89511,C89511,0.9774391932044121
SV1_C22212,C22212,0.9381167472440216
SV1_C96038,C96038,0.8875827311700658
SV1_C73843,C73843,0.8797994183551306
SV1_C56402,C56402,0.9780881423557083
SV1_C96601,C96601,0.9903175428930838
SV1_C72003,C72003,0.9353840087497989
SV1_C10210,C10210,0.953771917437189
SV1_C28907,C28907,0.99950599921866
SV1_C24044,C24044,0.8951517044769817
SV1_C43211,C43211,0.9948439202275894
SV1_C70916,C70916,0.8775362653009045
SV1_C48698,C48698,0.9733734171841695
SV1_C65489,C65489,0.8799559157650859
SV1_C11455,C11455,0.9520277776821695
SV1_C59439,C59439,0.8799545628799171
SV1_C48701,C48701,0.9558126028255529
SV1_C93079,C93079,0.9027263087637873
SV1_C87629,C87629,0.9972212816279639
SV1_C85204,C85204,0.8915961887041474
SV1_C70227,C70227,0.9517654341029513
SV1_C02509,C02509,0.9189263301894658
SV1_C90109,C90109,0.9703518778116903
SV1_C20434,C20434,0.9492237984855559
SV1_C90002,C90002,0.9298021329437857
SV1_C88889,C88889,0.963664549026956
SV1_C55274,C55274,0.9996574227862177
SV1_C60609,C60609,0.9628719259736102
SV1_C54042,C54042,0.8601559627928042
SV1_C70908,C70908,0.9533534985772137
SV1_C78084,C78084,0.9315897601014747
SV1_C46824,C46824,0.9842086559742663
SV1_C90056,C90056,0.8998271728103162
SV1_C47425,C47425,0.9802182430130638
SV1_C19812,C19812,0.9313065816426674
SV1_C33610,C33610,0.9506467897607133
SV1_C30603,C30603,0.8814281631333688
SV1_C61831,C61831,0.852974288482723
SV1_C76862,C76862,0.9585498860217305
SV1_C65422,C65422,0.9687172645912664
SV1_C28207,C28207,0.9439989740141547
SV1_C87630,C87630,0.96521096034727
SV1_C21084,C21084,0.9299608446538034
SV1_C30078,C30078,0.998184760460668
SV1_C90036,C90036,0.9775608014604151
SV1_C07234,C07234,0.9489786534674878
SV1_C49868,C49868,0.8686565508326063
SV1_C09601,C09601,0.9339471237096454
SV1_C64245,C64245,0.9765515085260059
SV1_C90650,C90650,0.8912030730247495
SV1_C66117,C66117,0.9772252960186806
SV1_C89437,C89437,0.9913846094405502
SV1_C81079,C81079,0.9750470450982605
SV1_C24713,C24713,0.9179013483911094
SV1_C59519,C59519,0.9120483324336204
SV1_C35473,C35473,0.9062001939047833
SV1_C12051,C12051,0.9815163362079533
SV1_C48712,C48712,0.9136051577567473
SV1_C61303,C61303,0.912746846329299
SV1_C69029,C69029,0.9611635152165139
SV1_C81704,C81704,0.8888053271401716
SV1_C81075,C81075,0.9691131628844681
SV1_C10885,C10885,0.9566270297729973
SV1_C27088,C27088,0.9170527022582197
SV1_C03692,C03692,0.985412014658708
SV1_C69673,C69673,0.9112456319303617
SV1_C72054,C72054,0.9408341354739836
SV1_C46867,C46867,0.9302573745707774
SV1_C55890,C55890,0.8848092989743798
SV1_C04889,C04889,0.921590358433024
SV1_C03100,C03100,0.9313590196101509
SV1_C75013,C75013,0.9401275121711069
SV1_C44503,C44503,0.9994938203340156
SV1_C95507,C95507,0.9321138066220369
SV1_C88819,C88819,0.9144979238499025
SV1_C61315,C61315,0.8609149478155936
SV1_C25887,C25887,0.9421978482192968
SV1_C90612,C90612,0.9354909659484797
SV1_C49225,C49225,0.9676042963585892
SV1_C18035,C18035,0.8986080433933067
SV1_C90656,C90656,0.8884136789288491
SV1_C03037,C03037,0.999072178305263
SV1_C13911,C13911,0.9743740516419317
SV1_C76892,C76892,0.9001887570556916
SV1_C70276,C70276,0.8791451488209955
SV1_C91239,C91239,0.9509092241195073
SV1_C93118,C93118,0.9621472343445797
SV1_C17429,C17429,0.9260054376333084
SV1_C94242,C94242,0.9126509048732113
SV1_C66715,C66715,0.9974957162595024
SV1_C10215,C10215,0.97923463848928
SV1_C31315,C31315,0.9447104629454012
SV1_C16234,C16234,0.9719212875835749
SV1_C64282,C64282,0.8714551646382559
SV1_C22234,C22234,0.8870959413873842
SV1_C54718,C54718,0.9663879621697873
SV1_C05415,C05415,0.9500829819565328
SV1_C46290,C46290,0.900543215494395
SV1_C48068,C48068,0.98830507094292
SV1_C91289,C91289,0.9576467762613289
SV1_C31809,C31809,0.9700204489805107
SV1_C66084,C66084,0.984129699812167
SV1_C78016,C78016,0.895048297060219
SV1_C02478,C02478,0.9361074025421906
SV1_C28217,C28217,0.9298361883191938
SV1_C48718,C48718,0.9408954829407383
SV1_C67917,C67917,0.9902769825712435
SV1_C51687,C51687,0.9905505300921548
SV1_C72718,C72718,0.9365151410338026
SV1_C57039,C57039,0.9372568666821378
SV1_C96639,C96639,0.9683785449216699
SV1_C13861,C13861,0.9297733370314751
SV1_C84085,C84085,0.8776680953077729
SV1_C44500,C44500,0.9940333656638434
SV1_C75116,C75116,0.8982032491127697
SV1_C28803,C28803,0.8872027346981184
SV1_C93615,C93615,0.967265271458257
SV1_C30682,C30682,0.995820001365586
SV1_C84072,C84072,0.8955607192803184
SV1_C08438,C08438,0.9593271839743273
SV1_C84604,C84604,0.924909724844316
SV1_C39000,C39000,0.992836097009109
SV1_C64918,C64918,0.9029477009288295
SV1_C46281,C46281,0.9972126233235797
SV1_C81016,C81016,0.9265585584456624
SV1_C58829,C58829,0.973198690102213
SV1_C09696,C09696,0.9600812808757664
SV1_C67228,C67228,0.9996208944631594
SV1_C63093,C63093,0.8883305446505911
SV1_C50519,C50519,0.9374549252943628
SV1_C56519,C56519,0.8859544587472472
SV1_C06003,C06003,0.9388954658976815
SV1_C84605,C84605,0.9199647095513949
SV1_C60622,C60622,0.9157701159514063
SV1_C47451,C47451,0.9625004026009701
SV1_C71444,C71444,0.9890299073748261
SV1_C48098,C48098,0.9355661690355317
SV1_C46845,C46845,0.971171707655367
SV1_C51703,C51703,0.9381941383581577
SV1_C86420,C86420,0.8517837008868366
SV1_C25310,C25310,0.9058599857540209
SV1_C04209,C04209,0.9603695523218536
SV1_C00032,C00032,0.9749529858828891
SV1_C09613,C09613,0.9522653806498376
SV1_C81099,C81099,0.8818972881693438
SV1_C54690,C54690,0.900288094933825
SV1_C04879,C04879,0.9743560076976827
SV1_C43291,C43291,0.9352598582593705
SV1_C22912,C22912,0.8971594466922556
SV1_C97274,C97274,0.9645134448991309
SV1_C55916,C55916,0.9161265212715224
SV1_C34221,C34221,0.962752173402072
SV1_C18621,C18621,0.9750468764716931
SV1_C21024,C21024,0.8947033447305065
SV1_C82296,C82296,0.9007498235488063
SV1_C46904,C46904,0.985059629534875
SV1_C56513,C56513,0.9590229127861233
SV1_C54616,C54616,0.9416911167582769
SV1_C71430,C71430,0.9989292389034797
SV1_C61222,C61222,0.9086588780852508
SV1_C16822,C16822,0.960972346592597
SV1_C87004,C87004,0.8864272342122629
SV1_C57685,C57685,0.9807452486211333
SV1_C80506,C80506,0.9580197889986642
SV1_C18644,C18644,0.892495800779976
SV1_C83517,C83517,0.9172969589651078
SV1_C61313,C61313,0.9761530621427184
SV1_C44478,C44478,0.9637710931270945
SV1_C03602,C03602,0.9470527522832612
SV1_C51099,C51099,0.9322697605682659
SV1_C70300,C70300,0.9913064797854555
SV1_C48640,C48640,0.9303691796562253
SV1_C94294,C94294,0.8842611651074137
SV1_C29489,C29489,0.9989003774441119
SV1_C46911,C46911,0.9728622536531393
SV1_C21075,C21075,0.9457108928880319
SV1_C30103,C30103,0.9986077397886777
SV1_C58833,C58833,0.9840958742727426
SV1_C31812,C31812,0.9806257260885058
SV1_C39005,C39005,0.9970974394233266
SV1_C16283,C16283,0.9372595329749236
SV1_C93713,C93713,0.9212871753833993
SV1_C12695,C12695,0.9375188324783006
SV1_C25282,C25282,0.9584898688089682
SV1_C26407,C26407,0.9516349044940037
SV1_C44417,C44417,0.8861147794970584
SV1_C53433,C53433,0.9555970508035722
SV1_C33020,C33020,0.9268165204874138
SV1_C92519,C92519,0.8528525975776035
SV1_C25874,C25874,0.9586722498543325
SV1_C64290,C64290,0.924175362891868
SV1_C88288,C88288,0.9675365251978294
SV1_C56495,C56495,0.9915049984719654
SV1_C92450,C92450,0.9332266009232392
SV1_C22305,C22305,0.9144507785054967
SV1_C97231,C97231,0.9970950177272858
SV1_C69613,C69613,0.9587602592826413
SV1_C18002,C18002,0.9161148844958162
SV1_C85899,C85899,0.9887629917300252
SV1_C43226,C43226,0.9547657022327303
SV1_C73888,C73888,0.9257018590577764
SV1_C99694,C99694,0.907175918089886
SV1_C55824,C55824,0.9737315987994287
SV1_C75059,C75059,0.9225319116397802
SV1_C33615,C33615,0.9390304390093283
SV1_C70278,C70278,0.9995979277339009
SV1_C14421,C14421,0.9955394780188622
SV1_C76857,C76857,0.9163244755167498
SV1_C64279,C64279,0.9340615566553964
SV1_C90025,C90025,0.99189056469375
SV1_C72025,C72025,0.954798979833479
SV1_C75009,C75009,0.9540903604919398
SV1_C22914,C22914,0.8835135639744539
SV1_C61826,C61826,0.8752180950824721
SV1_C68409,C68409,0.9975013527687091
SV1_C28243,C28243,0.904057660626251
SV1_C10313,C10313,0.9845529835197544
SV1_C82208,C82208,0.9488742891918307
SV1_C88804,C88804,0.8845433890521113
SV1_C06622,C06622,0.8908540419537434
SV1_C29401,C29401,0.9359649350435768
SV1_C63037,C63037,0.9868097379220192
SV1_C23519,C23519,0.9984092173068161
SV1_C66711,C66711,0.9704547812287645
SV1_C42001,C42001,0.8856618325451888
SV1_C49905,C49905,0.9654584395116799
SV1_C18029,C18029,0.959802923339276
SV1_C94303,C94303,0.932923344671317
SV1_C82905,C82905,0.8975190466088354
SV1_C29414,C29414,0.9378917741193605
SV1_C68480,C68480,0.958227342903376
SV1_C03002,C03002,0.9590018068782962
SV1_C24079,C24079,0.9096445807380665
SV1_C58243,C58243,0.8856192177948081
SV1_C99716,C99716,0.8874094213405649
SV1_C61212,C61212,0.9321031460822887
SV1_C61298,C61298,0.9969001563520618
SV1_C48058,C48058,0.9160538711208808
SV1_C81675,C81675,0.9650553154937186
SV1_C27706,C27706,0.9370646321045466
SV1_C96699,C96699,0.9307932839526812
SV1_C90011,C90011,0.8891258610171338
SV1_C45029,C45029,0.9985947184240798
SV1_C34888,C34888,0.9140757679646799
SV1_C94878,C94878,0.9972721791394688
SV1_C28291,C28291,0.9189105142286903
SV1_C28896,C28896,0.9946112083078138
SV1_C13898,C13898,0.9447718019106227
SV1_C81677,C81677,0.9247747047321883
SV1_C60096,C60096,0.9070270689381328
SV1_C45678,C45678,0.9639597326299536
SV1_C99703,C99703,0.9323036370151433
SV1_C18026,C18026,0.8911147063518182
SV1_C65516,C65516,0.9806520014235679
SV1_C91262,C91262,0.8870784366197616
SV1_C100286,C100286,0.9795197239978163
SV1_C46908,C46908,0.9779509806554518
SV1_C33005,C33005,0.9818326664861091
SV1_C04810,C04810,0.9456315203176525
SV1_C98405,C98405,0.9934679300007458
SV1_C34912,C34912,0.9070387110495959
SV1_C46256,C46256,0.9894215433582197
SV1_C52318,C52318,0.976337929687069
SV1_C72670,C72670,0.8761800789847103
SV1_C07295,C07295,0.9200276989492228
SV1_C52222,C52222,0.9607545750332672
SV1_C100200,C100200,0.9097690506943041
SV1_C78656,C78656,0.9338655464041496
SV1_C69079,C69079,0.9550578803477091
SV1_C46841,C46841,0.9297449454738321
SV1_C01304,C01304,0.9039863438694812
SV1_C54715,C54715,0.9740344646946482
SV1_C40213,C40213,0.9770740695966555
SV1_C84081,C84081,0.9174433435257198
SV1_C04821,C04821,0.9439052758183694
SV1_C14484,C14484,0.9349042249331347
SV1_C63615,C63615,0.9528191499559002
SV1_C54004,C54004,0.8748338314924771
SV1_C58820,C58820,0.9621961026137931
SV1_C46270,C46270,0.9922205556270619
SV1_C13855,C13855,0.9492776873744547
SV1_C45674,C45674,0.9624992102131348
SV1_C19247,C19247,0.9260363895910004
SV1_C73908,C73908,0.9601779427365863
SV1_C57678,C57678,0.930218251785858
SV1_C22810,C22810,0.919285844880389
SV1_C40223,C40223,0.8978567635322193
SV1_C10845,C10845,0.9925910598280335
SV1_C76905,C76905,0.9811211926011236
SV1_C17483,C17483,0.9256580664746212
SV1_C63611,C63611,0.9500581085560784
SV1_C24673,C24673,0.9836953287471775
SV1_C27690,C27690,0.9319934905364611
SV1_C97918,C97918,0.9435600724493541
SV1_C27634,C27634,0.9572746754739523
SV1_C30004,C30004,0.9533661211870156
SV1_C10239,C10239,0.9307431645136666
SV1_C09719,C09719,0.9690811272351806
SV1_C94209,C94209,0.9737435642268673
SV1_C43266,C43266,0.9243295458248101
SV1_C95509,C95509,0.9573233562447346
SV1_C56440,C56440,0.9331179133857088
SV1_C58304,C58304,0.9348549022300596
SV1_C54717,C54717,0.9880866189465499
SV1_C84708,C84708,0.953087025132248
SV1_C72044,C72044,0.938523356968406
SV1_C52913,C52913,0.9402712666762013
SV1_C69675,C69675,0.9493433357811608
SV1_C22233,C22233,0.9758132981462722
SV1_C71428,C71428,0.9242860186276991
SV1_C53486,C53486,0.9219220638709477
SV1_C52816,C52816,0.9098636267619596
SV1_C70899,C70899,0.9997985342634017
SV1_C48014,C48014,0.9276411443498842
SV1_C47466,C47466,0.8870299487203752
SV1_C76214,C76214,0.9399588543323474
SV1_C66073,C66073,0.9810508388014555
SV1_C13879,C13879,0.9767775706938903
SV1_C19879,C19879,0.9996703262254237
SV1_C18635,C18635,0.9355454150563333
SV1_C01884,C01884,0.9362506957251447
SV1_C25913,C25913,0.9252050797192612
SV1_C33699,C33699,0.9315264916756408
SV1_C94314,C94314,0.9278653592780705
SV1_C28895,C28895,0.9233224254737453
SV1_C86498,C86498,0.9043740518242487
SV1_C94808,C94808,0.9834889431192856
SV1_C23401,C23401,0.8820003893272486
SV1_C28298,C28298,0.9444177960560077
SV1_C76886,C76886,0.9617259853313008
SV1_C28872,C28872,0.9429448043682906
SV1_C76225,C76225,0.9415471615166751
SV1_C13272,C13272,0.8598437124473495
SV1_C78043,C78043,0.9248290956159002
SV1_C34309,C34309,0.9582469650152068
SV1_C75029,C75029,0.9495684630806746
SV1_C63076,C63076,0.9984226039872585
SV1_C22316,C22316,0.9671692785394181
SV1_C93706,C93706,0.9941557955453679
SV1_C97900,C97900,0.9176717023238635
SV1_C28897,C28897,0.9858978218493706
SV1_C46229,C46229,0.9982598129202777
SV1_C26435,C26435,0.9399218906325146
SV1_C74403,C74403,0.9245585914131489
SV1_C27020,C27020,0.9257197101419409
SV1_C24609,C24609,0.9186842072548113
SV1_C76252,C76252,0.9551185260785444
SV1_C60640,C60640,0.9311704776122506
SV1_C01823,C01823,0.8588790806355903
SV1_C78041,C78041,0.9357213846657958
SV1_C75610,C75610,0.9710680946852835
SV1_C25901,C25901,0.986835276320441
SV1_C12009,C12009,0.923080113026266
SV1_C61235,C61235,0.8618339894393077
SV1_C21683,C21683,0.9272988420026218
SV1_C44474,C44474,0.9624880793392326
SV1_C64838,C64838,0.9322906722722965
SV1_C94805,C94805,0.9793829953190749
SV1_C27704,C27704,0.9477642228783083
SV1_C39006,C39006,0.9819119191428963
SV1_C06022,C06022,0.8738167599682095
SV1_C83512,C83512,0.9925778985903984
SV1_C29410,C29410,0.933078797250949
SV1_C58296,C58296,0.9094229186549083
SV1_C30090,C30090,0.9426888768516458
SV1_C04834,C04834,0.9185914049962022
SV1_C33616,C33616,0.9857948820140223
SV1_C58882,C58882,0.9261222670099544
SV1_C63100,C63100,0.9337248168351451
SV1_C97833,C97833,0.8985408220821935
SV1_C87104,C87104,0.9536384304823528
SV1_C92442,C92442,0.9648771710289176
SV1_C73842,C73842,0.9480205071179654
SV1_C87628,C87628,0.992455683142364
SV1_C54617,C54617,0.936689235259011
SV1_C82818,C82818,0.8899351998740624
SV1_C87673,C87673,0.95995118220526
SV1_C11499,C11499,0.9085311527019296
SV1_C55892,C55892,0.9817537814235047
SV1_C29409,C29409,0.9417501471611188
SV1_C88228,C88228,0.9933779098959152
SV1_C01919,C01919,0.9563335937577704
SV1_C52238,C52238,0.8897772041881206
SV1_C22227,C22227,0.9748610882016032
SV1_C16816,C16816,0.9466947564807924
SV1_C50510,C50510,0.955825243772468
SV1_C58887,C58887,0.9685958365780305
SV1_C92492,C92492,0.9918059436332148
SV1_C68499,C68499,0.8993811739549463
SV1_C87707,C87707,0.975979068987443
SV1_C89469,C89469,0.9980632623805374
SV1_C73823,C73823,0.9275439910868207
SV1_C69039,C69039,0.8946691403532738
SV1_C47475,C47475,0.9553848068391342
SV1_C20446,C20446,0.9296520381965679
SV1_C73826,C73826,0.9151184490572863
SV1_C66106,C66106,0.9908504303978046
SV1_C82210,C82210,0.9163245719288635
SV1_C70316,C70316,0.942012883659239
SV1_C94287,C94287,0.9160279975188362
SV1_C34289,C34289,0.9120011514155462
SV1_C10289,C10289,0.9955373055865643
SV1_C10261,C10261,0.9415926971088557
SV1_C87716,C87716,0.9391910105844741
SV1_C34296,C34296,0.9332878393240757
SV1_C71487,C71487,0.9401047643994197
SV1_C81617,C81617,0.92082673524861
SV1_C69691,C69691,0.9353132074857009
SV1_C99707,C99707,0.9320695642186704
SV1_C91806,C91806,0.9474605842886819
SV1_C57086,C57086,0.9568817941286939
SV1_C37204,C37204,0.9962933832213592
SV1_C57687,C57687,0.9544270480767595
SV1_C12065,C12065,0.9300327172810947
SV1_C67203,C67203,0.9600942585393912
SV1_C12043,C12043,0.8853977680385497
SV1_C12646,C12646,0.8912722242488815
SV1_C95508,C95508,0.9248811791474332
SV1_C09102,C09102,0.9189710394406029
SV1_C12608,C12608,0.901737109193677
SV1_C69085,C69085,0.9130396677822422
SV1_C08454,C08454,0.9962916691857757
SV1_C49264,C49264,0.9126943874949345
SV1_C67879,C67879,0.9921793846349237
SV1_C51032,C51032,0.8954148383259122
SV1_C61221,C61221,0.9424992569794106
SV1_C67297,C67297,0.9607211258083733
SV1_C78091,C78091,0.9470059339548582
SV1_C55836,C55836,0.9514823896918675
SV1_C92475,C92475,0.9526142616645863
SV1_C33076,C33076,0.9950392784749893
SV1_C10886,C10886,0.9031128169015042
SV1_C81719,C81719,0.9356109923650322
SV1_C09652,C09652,0.9404373723956649
SV1_C75104,C75104,0.9874988733538437
SV1_C51690,C51690,0.8864957928751199
SV1_C53416,C53416,0.9175080298864633
SV1_C94312,C94312,0.9317298605213813
SV1_C16293,C16293,0.9577499788629472
SV1_C84690,C84690,0.9096811912659235
SV1_C49850,C49850,0.9854810087518326
SV1_C60111,C60111,0.9039151155473747
SV1_C99110,C99110,0.967065075422426
SV1_C46817,C46817,0.9152272954304616
SV1_C62496,C62496,0.9137049798378561
SV1_C54620,C54620,0.9816356610185357
SV1_C26504,C26504,0.9991225429263139
SV1_C61917,C61917,0.8918133060414662
SV1_C89446,C89446,0.974913024653788
SV1_C67299,C67299,0.9041190808077528
SV1_C93102,C93102,0.9810279979614194
SV1_C69709,C69709,0.9554768023795397
SV1_C01819,C01819,0.9812770643305306
SV1_C33092,C33092,0.9865143439089405
SV1_C52288,C52288,0.8892780278287346
SV1_C97838,C97838,0.8843844546760039
SV1_C46204,C46204,0.9351126766742062
SV1_C32474,C32474,0.9792713431556708
SV1_C47497,C47497,0.978990201292374
SV1_C92481,C92481,0.9866455725976947
SV1_C93637,C93637,0.9531537325337798
SV1_C15093,C15093,0.9497368127620579
SV1_C95402,C95402,0.950685405654851
SV1_C04832,C04832,0.915973622357014
SV1_C48705,C48705,0.9600531719483825
SV1_C51615,C51615,0.9043168049519967
SV1_C84715,C84715,0.923022455150965
SV1_C51716,C51716,0.9936557241904281
SV1_C06689,C06689,0.9278044507116198
SV1_C01902,C01902,0.9967028750376011
SV1_C64227,C64227,0.909974864484732
SV1_C78609,C78609,0.9487749335169106
SV1_C61823,C61823,0.9391197151964544
SV1_C06102,C06102,0.9303601771995256
SV1_C58224,C58224,0.9624227445474731
SV1_C45642,C45642,0.9152753331518745
SV1_C14409,C14409,0.9210855022750724
SV1_C62426,C62426,0.9184493682997785
SV1_C01802,C01802,0.966065932708444
SV1_C08486,C08486,0.9258933400809051
SV1_C61901,C61901,0.9625098127925013
SV1_C11478,C11478,0.8992340024639535
SV1_C45017,C45017,0.8935452571384751
SV1_C11506,C11506,0.9227252810326523
SV1_C10848,C10848,0.9227848713565628
SV1_C55224,C55224,0.9911718877150044
SV1_C64316,C64316,0.926622913524893
SV1_C98495,C98495,0.8548001768572031
SV1_C75069,C75069,0.9595404133288145
SV1_C13280,C13280,0.8558745337016989
SV1_C19823,C19823,0.8910065836294301
SV1_C64829,C64829,0.9665135904978052
SV1_C54692,C54692,0.9299820001528177
SV1_C20482,C20482,0.9072160009406296
SV1_C50508,C50508,0.9795647089246562
SV1_C93611,C93611,0.9752447236931187
SV1_C59430,C59430,0.9141493887773038
SV1_C52834,C52834,0.9037883755171555
SV1_C86504,C86504,0.9516123233840307
SV1_C70800,C70800,0.9378480459021586
SV1_C93010,C93010,0.9827786412474007
SV1_C09640,C09640,0.9566021493767276
SV1_C19827,C19827,0.9971415792688715
SV1_C75680,C75680,0.9168180328169259
SV1_C59440,C59440,0.9450001897199074
SV1_C86502,C86502,0.9032404347065368
SV1_C58287,C58287,0.9622226018371594
SV1_C67207,C67207,0.9606618430668795
SV1_C45630,C45630,0.9657609345469028
SV1_C84618,C84618,0.910358990216551
SV1_C64305,C64305,0.9933240780675066
SV1_C00718,C00718,0.9229511050770286
SV1_C31818,C31818,0.9215027326283638
SV1_C87058,C87058,0.9296868418607539
SV1_C96096,C96096,0.9417235394522164
SV1_C92438,C92438,0.9882410165811207
SV1_C48659,C48659,0.8634104230167711
SV1_C45613,C45613,0.9022024140943316
SV1_C49841,C49841,0.9770365808522158
SV1_C26519,C26519,0.9483149934250759
SV1_C25810,C25810,0.9053570143308901
SV1_C88813,C88813,0.9380757675919481
SV1_C39606,C39606,0.9770039011397974
SV1_C64872,C64872,0.9961656530211666
SV1_C72695,C72695,0.9051457868316638
SV1_C51675,C51675,0.9977711426097241
SV1_C28276,C28276,0.9866104498137533
SV1_C26440,C26440,0.8937088679620019
SV1_C23433,C23433,0.9688965677785067
SV1_C46811,C46811,0.9924454415322812
SV1_C03040,C03040,0.9537245194462005
SV1_C46855,C46855,0.979348561531116
SV1_C69105,C69105,0.9454960440206651
SV1_C91821,C91821,0.9163929416464812
SV1_C09019,C09019,0.9994891690582193
SV1_C66039,C66039,0.8790641653160932
SV1_C69602,C69602,0.9460325343983991
SV1_C88838,C88838,0.9623001220884053
SV1_C15644,C15644,0.9117114658650117
SV1_C43840,C43840,0.9238399485175636
SV1_C54626,C54626,0.9480748970087582
SV1_C87077,C87077,0.957471958725485
SV1_C63621,C63621,0.9392481758848079
SV1_C94296,C94296,0.9441856067869061
SV1_C05402,C05402,0.9528404916757309
SV1_C27076,C27076,0.9336872827400816
SV1_C70239,C70239,0.9430930676876791
SV1_C14479,C14479,0.9311450539564722
SV1_C45621,C45621,0.9585180220677559
SV1_C43254,C43254,0.9610611007104819
SV1_C53447,C53447,0.8667800982512807
SV1_C71417,C71417,0.9136577747903291
SV1_C78002,C78002,0.9424551508259825
SV1_C70244,C70244,0.985147162370562
SV1_C12083,C12083,0.9221762211339097
SV1_C96084,C96084,0.9285202882699448
SV1_C03698,C03698,0.9687051156893272
SV1_C73859,C73859,0.9285426581465783
SV1_C08444,C08444,0.984700471389503
SV1_C31823,C31823,0.9955738175821516
SV1_C55908,C55908,0.9168825585255856
SV1_C96709,C96709,0.9543793308582158
SV1_C37209,C37209,0.9995257263361081
SV1_C17479,C17479,0.9155569627939298
SV1_C86488,C86488,0.9495448702109599
SV1_C98445,C98445,0.9301627202059559
SV1_C20442,C20442,0.8674138139282247
SV1_C91897,C91897,0.9614955202115832
SV1_C27679,C27679,0.9997945187878811
SV1_C14444,C14444,0.907977126922406
SV1_C50419,C50419,0.9602549367875582
SV1_C82918,C82918,0.8768563040896094
SV1_C73887,C73887,0.9752066461496621
SV1_C67287,C67287,0.9764054374710206
SV1_C56496,C56496,0.8607949366321563
SV1_C86457,C86457,0.8893469129743113
SV1_C16207,C16207,0.9189138607415137
SV1_C21089,C21089,0.8546733023528524
SV1_C68416,C68416,0.9056867189900157
SV1_C87000,C87000,0.8870748512587726
SV1_C62497,C62497,0.9557267515525468
SV1_C84119,C84119,0.9735641267580044
SV1_C49866,C49866,0.9808928208028189
SV1_C01899,C01899,0.9102241723512354
SV1_C15012,C15012,0.9004029034328289
SV1_C05438,C05438,0.9637577944751622
SV1_C83421,C83421,0.9623547177140886
SV1_C51627,C51627,0.9991011973914804
SV1_C73821,C73821,0.9501582225270013
SV1_C87088,C87088,0.9564206429290625
SV1_C73880,C73880,0.9410433544957318
SV1_C71422,C71422,0.9703204509950845
SV1_C91307,C91307,0.9945622550482719
SV1_C01808,C01808,0.9900516056734034
SV1_C49244,C49244,0.9429711746364915
SV1_C12659,C12659,0.998983286363476
SV1_C29485,C29485,0.9538678264288157
SV1_C73264,C73264,0.9642121648066841
SV1_C19895,C19895,0.9087672367595018
SV1_C49290,C49290,0.9287672484729196
SV1_C88896,C88896,0.9376174541817769
SV1_C25238,C25238,0.9476419195551781
SV1_C97223,C97223,0.9934546324013529
SV1_C07292,C07292,0.9296460937307262
SV1_C44443,C44443,0.8642322548505389
SV1_C90635,C90635,0.9693135838943758
SV1_C25900,C25900,0.9944934123652871
SV1_C03047,C03047,0.9915974013286213
SV1_C31817,C31817,0.9596308045604037
SV1_C83509,C83509,0.9501469774515582
SV1_C61309,C61309,0.946156413532171
SV1_C66705,C66705,0.9556880122671844
SV1_C03014,C03014,0.9557704561947762
SV1_C64825,C64825,0.9672932602584909
SV1_C66044,C66044,0.8679117503915609
SV1_C72690,C72690,0.8612044508159757
SV1_C61283,C61283,0.9952036347817723
SV1_C01298,C01298,0.9992083612389363
SV1_C51620,C51620,0.9354648864004553
SV1_C94894,C94894,0.8872199976203533
SV1_C22299,C22299,0.9967369704117287
SV1_C46288,C46288,0.9225019039148367
SV1_C86477,C86477,0.9506985478844682
SV1_C09624,C09624,0.9852282094337513
SV1_C48697,C48697,0.9532185040526435
SV1_C54030,C54030,0.9332345134690622
SV1_C33094,C33094,0.9588136730402326
SV1_C98441,C98441,0.9466529606972905
SV1_C93629,C93629,0.8980902156827334
SV1_C29508,C29508,0.9773552207775512
SV1_C25300,C25300,0.984655942976043
SV1_C58814,C58814,0.9983861939627747
SV1_C48622,C48622,0.9904785077289069
SV1_C32411,C32411,0.9126299539657118
SV1_C03615,C03615,0.9917786415846578
SV1_C81606,C81606,0.9151117733572076
SV1_C04210,C04210,0.9333702243322667
SV1_C87606,C87606,0.9367587512539286
SV1_C34875,C34875,0.9129845686871428
SV1_C26432,C26432,0.8955023422851339
SV1_C48656,C48656,0.8891491253787908
SV1_C79872,C79872,0.9586299568025376
SV1_C86426,C86426,0.9575408315078526
SV1_C48082,C48082,0.9398335349433613
SV1_C88812,C88812,0.9153488223376881
SV1_C47514,C47514,0.9119275331237291
SV1_C87627,C87627,0.9841919982453996
SV1_C66644,C66644,0.8692083892804563
SV1_C05495,C05495,0.951630359932609
SV1_C79214,C79214,0.8835299124300311
SV1_C49216,C49216,0.9419235674697198
SV1_C14486,C14486,0.9716764346739938
SV1_C46299,C46299,0.9932030969212221
SV1_C63713,C63713,0.9671809846019773
SV1_C49232,C49232,0.9829645349136091
SV1_C91854,C91854,0.923391843515695
SV1_C61817,C61817,0.9293099776343738
SV1_C93103,C93103,0.8682180779581607
SV1_C25204,C25204,0.9210599779290887
SV1_C18083,C18083,0.905221451879511
SV1_C93057,C93057,0.9411311508232033
SV1_C100282,C100282,0.9485302134907482
SV1_C55312,C55312,0.9209594165030958
SV1_C29487,C29487,0.8563432684915641
SV1_C40207,C40207,0.9800296217630916
SV1_C55277,C55277,0.9526523636621651
SV1_C45632,C45632,0.9927895465473515
SV1_C73292,C73292,0.935187538218249
SV1_C43246,C43246,0.9877253028479442
SV1_C49233,C49233,0.9770589775165457
SV1_C91263,C91263,0.9360604515234031
SV1_C90674,C90674,0.9230615168674928
SV1_C03703,C03703,0.931254952770975
SV1_C22272,C22272,0.9829727104767686
SV1_C48023,C48023,0.9520447892125946
SV1_C46893,C46893,0.9445929856562383
SV1_C12024,C12024,0.9327641457867832
SV1_C90697,C90697,0.9259366049242387
SV1_C66007,C66007,0.9399737168129989
SV1_C72018,C72018,0.9300577002663474
SV1_C67827,C67827,0.8958620481269542
SV1_C48635,C48635,0.984852183974226
SV1_C79809,C79809,0.9260954104024347
SV1_C53480,C53480,0.9777286803697796
SV1_C49271,C49271,0.9914888612196262
SV1_C50440,C50440,0.9045586878333582
SV1_C63088,C63088,0.8977543563118842
SV1_C58240,C58240,0.9514387294086164
SV1_C60675,C60675,0.9996785073506207
SV1_C93684,C93684,0.9143395958872844
SV1_C52808,C52808,0.8590939519422883
SV1_C75086,C75086,0.8831460816006153
SV1_C07200,C07200,0.9162263954579174
SV1_C45640,C45640,0.9276866497401484
SV1_C58840,C58840,0.9490983719166266
SV1_C84000,C84000,0.9483725560367958
SV1_C60625,C60625,0.9475146621559908
SV1_C11460,C11460,0.9417055851384168
SV1_C93042,C93042,0.9793262549276469
SV1_C51107,C51107,0.9511542475952369
SV1_C01245,C01245,0.9900014956787321
SV1_C28874,C28874,0.9896655884890108
SV1_C43290,C43290,0.8962389301919118
SV1_C53476,C53476,0.9783399846097512
SV1_C33102,C33102,0.9566780915061441
SV1_C09626,C09626,0.9507026789727471
SV1_C22802,C22802,0.9104537715796319
SV1_C13234,C13234,0.8859530343741094
SV1_C24032,C24032,0.9728897669319929
SV1_C91279,C91279,0.9998158053739955
SV1_C28221,C28221,0.9829335834757433
SV1_C07212,C07212,0.9309333942402036
SV1_C14493,C14493,0.9436726678608307
SV1_C99677,C99677,0.8982805719665733
SV1_C76258,C76258,0.9296886909951312
SV1_C43835,C43835,0.9298803283992981
SV1_C36601,C36601,0.9996049952324754
SV1_C49205,C49205,0.9853526744054237
SV1_C09625,C09625,0.9958726117811193
SV1_C96102,C96102,0.9994552596211623
SV1_C01908,C01908,0.8852194530917418
SV1_C34909,C34909,0.9472593775164949
SV1_C00616,C00616,0.9381184343301917
SV1_C94278,C94278,0.9991986563996388
SV1_C67310,C67310,0.9776697003677872
SV1_C59444,C59444,0.9088384475730026
SV1_C75611,C75611,0.9158841012682475
SV1_C66016,C66016,0.9120326982789989
SV1_C27691,C27691,0.9206819839716551
SV1_C76277,C76277,0.9072668770059249
SV1_C64225,C64225,0.9456103622792932
SV1_C10260,C10260,0.9550425656649832
SV1_C43247,C43247,0.924788264584736
SV1_C97222,C97222,0.9562417737267759
SV1_C26508,C26508,0.9854314782989636
SV1_C18677,C18677,0.9659422587161437
SV1_C93069,C93069,0.9397180980911176
SV1_C74404,C74404,0.92664366299121
SV1_C53511,C53511,0.974666178501261
SV1_C78055,C78055,0.9563204631343208
SV1_C79874,C79874,0.9220437904077692
SV1_C11484,C11484,0.9408752761456974
SV1_C66641,C66641,0.9143181064021118
SV1_C89501,C89501,0.9330838886091124
SV1_C73904,C73904,0.9805894927626866
SV1_C85209,C85209,0.8953799539908819
SV1_C10249,C10249,0.9506106549038357
SV1_C54033,C54033,0.9765185896539238
SV1_C78040,C78040,0.8911743339771611
SV1_C48099,C48099,0.9461507596222555
SV1_C19246,C19246,0.9547296479585639
SV1_C57016,C57016,0.9611258493353366
SV1_C52283,C52283,0.9993228008595041
SV1_C66633,C66633,0.9830427623085645
SV1_C46886,C46886,0.9484423808794807
SV1_C70817,C70817,0.9301704022151193
SV1_C66091,C66091,0.9062038982452479
SV1_C74466,C74466,0.9319728347416718
SV1_C57090,C57090,0.8988699376236878
SV1_C29411,C29411,0.8914073811019526
SV1_C00072,C00072,0.9313109377055503
SV1_C95494,C95494,0.889311669928233
SV1_C31885,C31885,0.9487436963455812
SV1_C12025,C12025,0.9379522587274511
SV1_C60113,C60113,0.9901376377282707
SV1_C45067,C45067,0.9466793260382559
SV1_C68427,C68427,0.9041980082682277
SV1_C43900,C43900,0.9931378338060838
SV1_C00674,C00674,0.9471024503084476
SV1_C60621,C60621,0.9498873197680725
SV1_C71493,C71493,0.9890014441534605
SV1_C03025,C03025,0.971468043797363
SV1_C49246,C49246,0.9902508306315503
SV1_C11472,C11472,0.934605596361854
SV1_C07270,C07270,0.8954104280568377
SV1_C72110,C72110,0.9103160735161004
SV1_C45606,C45606,0.9434399112545465
SV1_C63702,C63702,0.9474210510670573
SV1_C48625,C48625,0.9308646356616478
SV1_C46206,C46206,0.9417724035313604
SV1_C24626,C24626,0.951111463338367
SV1_C10872,C10872,0.9600102505139864
SV1_C88220,C88220,0.8716532151392818
SV1_C48015,C48015,0.9556034444858411
SV1_C06115,C06115,0.9081548034856395
SV1_C34913,C34913,0.9112786431735282
SV1_C05477,C05477,0.9350261085461554
SV1_C99712,C99712,0.9462713794035122
SV1_C94899,C94899,0.9339066510732382
SV1_C93084,C93084,0.9942544837575874
SV1_C87082,C87082,0.8999596751425398
SV1_C28888,C28888,0.9849009936661628
SV1_C60101,C60101,0.9461334518593473
SV1_C90072,C90072,0.982594212077577
SV1_C25811,C25811,0.9784069418232546
SV1_C33682,C33682,0.972005234568739
SV1_C82201,C82201,0.9443370424286841
SV1_C40210,C40210,0.9694040853747484
SV1_C44440,C44440,0.9261710750015631
SV1_C01834,C01834,0.9376855083926194
SV1_C94228,C94228,0.9165966713353262
SV1_C33007,C33007,0.9221547513845797
SV1_C72677,C72677,0.9541731311404466
SV1_C09702,C09702,0.9232286815230826
SV1_C45025,C45025,0.9975396986482918
SV1_C84001,C84001,0.9434785413375174
SV1_C65427,C65427,0.8620171227431035
SV1_C93052,C93052,0.9300478639582122
SV1_C78088,C78088,0.907136078975034
SV1_C12678,C12678,0.953399840697888
SV1_C11497,C11497,0.9633963398199304
SV1_C12651,C12651,0.9997559576598453
SV1_C33108,C33108,0.9586421520697225
SV1_C54000,C54000,0.8751868264736843
SV1_C51604,C51604,0.8614864919234818
SV1_C01915,C01915,0.8979277077503677
SV1_C92402,C92402,0.9746447437128217
SV1_C78005,C78005,0.9499849528320266
SV1_C12647,C12647,0.9265825955340774
SV1_C69617,C69617,0.8900237299924271
SV1_C51704,C51704,0.9930065717195948
SV1_C57640,C57640,0.9521379037036786
SV1_C90689,C90689,0.9692338352320142
SV1_C78671,C78671,0.9406782288556953
SV1_C72015,C72015,0.9458189930844046
SV1_C35514,C35514,0.9059975334678846
SV1_C33095,C33095,0.9950175828882745
SV1_C81097,C81097,0.9130109603332386
SV1_C05412,C05412,0.9934550263626128
SV1_C79300,C79300,0.8747030699466929
SV1_C54025,C54025,0.978451179652164
SV1_C24639,C24639,0.9992593188254756
SV1_C07873,C07873,0.9988662477972774
SV1_C72705,C72705,0.9737712400360952
SV1_C91254,C91254,0.8853980391937202
SV1_C76868,C76868,0.9570631462730136
SV1_C52878,C52878,0.9357480257069657
SV1_C02408,C02408,0.9867516531934531
SV1_C08420,C08420,0.9489597062281211
SV1_C79203,C79203,0.9326051273482044
SV1_C36619,C36619,0.8881604160575076
SV1_C84111,C84111,0.928896353062499
SV1_C97210,C97210,0.9621278429639964
SV1_C17472,C17472,0.9877175408415739
SV1_C73861,C73861,0.9883724457606611
SV1_C57695,C57695,0.9216166166272334
SV1_C97835,C97835,0.9979831062207214
SV1_C85317,C85317,0.9361881478107448
SV1_C61914,C61914,0.8946042807807238
SV1_C31913,C31913,0.90478506548638
SV1_C69703,C69703,0.9372826031229169
SV1_C21633,C21633,0.9766526634200252
SV1_C76901,C76901,0.9828323889381442
SV1_C80476,C80476,0.9613193325395067
SV1_C56486,C56486,0.9421277374836224
SV1_C32505,C32505,0.9819585343959828
SV1_C03642,C03642,0.9127312735779897
SV1_C67900,C67900,0.9148607710934417
SV1_C60001,C60001,0.9604815550529028
SV1_C87051,C87051,0.9998286295464317
SV1_C88230,C88230,0.9671290930228467
SV1_C04815,C04815,0.9580815508677332
SV1_C03006,C03006,0.9604262044412245
SV1_C40820,C40820,0.9774278500686285
SV1_C49305,C49305,0.9724173861278329
SV1_C87018,C87018,0.9457692191990437
SV1_C24630,C24630,0.9507399499725891
SV1_C57602,C57602,0.9877710380233969
SV1_C97910,C97910,0.9673711652977666
SV1_C29408,C29408,0.9489564936413954
SV1_C28318,C28318,0.9507861681338343
SV1_C72649,C72649,0.9554210405879511
SV1_C00082,C00082,0.9424420759898757
SV1_C98503,C98503,0.8912843082570714
SV1_C03017,C03017,0.933941130053231
SV1_C58835,C58835,0.8696605125335678
SV1_C82914,C82914,0.8998613330982416
SV1_C24685,C24685,0.9754920940172301
SV1_C10812,C10812,0.9747509664242
SV1_C81717,C81717,0.9374400642173546
SV1_C66088,C66088,0.8925040995752639
SV1_C88880,C88880,0.987717679116032
SV1_C99696,C99696,0.92736893975247
SV1_C75694,C75694,0.9580523724226166
SV1_C25294,C25294,0.9276011333204087
SV1_C10846,C10846,0.9257849790777766
SV1_C78602,C78602,0.9476183531438063
SV1_C57673,C57673,0.9954965850160734
SV1_C43886,C43886,0.9538497053339848
SV1_C24604,C24604,0.9147130262267807
SV1_C07268,C07268,0.9716628360206596
SV1_C68412,C68412,0.9663636406718964
SV1_C79301,C79301,0.9183218468225569
SV1_C25824,C25824,0.8973453554938382
SV1_C34906,C34906,0.9871171450122008
SV1_C59508,C59508,0.973240378028414
SV1_C73248,C73248,0.974124189976201
SV1_C02409,C02409,0.9945953265181438
SV1_C75671,C75671,0.9075287429913866
SV1_C13813,C13813,0.8546002157823319
SV1_C42609,C42609,0.9962299879501133
SV1_C94231,C94231,0.9611618635031451
SV1_C94298,C94298,0.9978982928859729
SV1_C67308,C67308,0.8864958730548839
SV1_C03609,C03609,0.9778539536311764
SV1_C63107,C63107,0.9587699659810816
SV1_C70283,C70283,0.9878931763274245
SV1_C100219,C100219,0.8810761419415525
SV1_C84702,C84702,0.9496574205501106
SV1_C52278,C52278,0.9193362751005545
SV1_C25272,C25272,0.9923460712473788
SV1_C95511,C95511,0.9197381242025083
SV1_C22877,C22877,0.9759932220689325
SV1_C26431,C26431,0.9323385614096604
SV1_C97309,C97309,0.9469445338658982
SV1_C01216,C01216,0.9376362152544118
SV1_C17404,C17404,0.9020678209676273
SV1_C71483,C71483,0.9336707284457049
SV1_C96613,C96613,0.9825245265947743
SV1_C75039,C75039,0.908809240977016
SV1_C81610,C81610,0.9136537008503949
SV1_C90093,C90093,0.9886084998326459
SV1_C03026,C03026,0.9211532003024335
SV1_C50437,C50437,0.8686881567342776
SV1_C72715,C72715,0.9300930995219644
SV1_C21033,C21033,0.9303027401879865
SV1_C87031,C87031,0.986583808557601
SV1_C85300,C85300,0.992361187915364
SV1_C13232,C13232,0.9302704188478942
SV1_C16895,C16895,0.9582959175156855
SV1_C22218,C22218,0.895317474104335
SV1_C27009,C27009,0.9622783063462774
SV1_C52821,C52821,0.9462369918440303
SV1_C60087,C60087,0.9765395298623196
SV1_C20415,C20415,0.9917182702701866
SV1_C05482,C05482,0.8692545309519378
SV1_C75076,C75076,0.9344818333535729
SV1_C82222,C82222,0.9471847137230587
SV1_C16278,C16278,0.9889962792217597
SV1_C26512,C26512,0.9258208625436758
SV1_C97808,C97808,0.9995241654329486
SV1_C76906,C76906,0.9504404554723591
SV1_C12021,C12021,0.9376281349422089
SV1_C99616,C99616,0.961311055727658
SV1_C55886,C55886,0.9556884851915796
SV1_C73244,C73244,0.9521633768747377
SV1_C30009,C30009,0.9498850206266882
SV1_C57693,C57693,0.9636074415054363
SV1_C06713,C06713,0.9226534060571548
SV1_C10308,C10308,0.9644302553145644
SV1_C58279,C58279,0.9862399822075996
SV1_C28202,C28202,0.9901860026220728
SV1_C43887,C43887,0.9871141741020554
SV1_C88832,C88832,0.9934013855144909
SV1_C12070,C12070,0.9147208601559665
SV1_C90070,C90070,0.9756979497060061
SV1_C45051,C45051,0.9958748551751518
SV1_C78632,C78632,0.9347302399375199
SV1_C87665,C87665,0.9118861903769101
SV1_C45035,C45035,0.9514617647895615
SV1_C94889,C94889,0.9149035429953702
SV1_C62491,C62491,0.8709365547214529
SV1_C81674,C81674,0.9037006584406615
SV1_C23436,C23436,0.9924801109031587
SV1_C61243,C61243,0.9090193604513668
SV1_C63625,C63625,0.9816532111695214
SV1_C08500,C08500,0.9511211465344943
SV1_C53440,C53440,0.8982608137119473
SV1_C84606,C84606,0.9166140473574141
SV1_C96640,C96640,0.9993175370253728
SV1_C75657,C75657,0.9677602853348977
SV1_C93040,C93040,0.9238658044572172
SV1_C63106,C63106,0.9516907917733265
SV1_C95473,C95473,0.9573904055932505
SV1_C87080,C87080,0.9737863326512239
SV1_C66042,C66042,0.9650986287523594
SV1_C33672,C33672,0.9701214133224999
SV1_C05517,C05517,0.9253490508408511
SV1_C96035,C96035,0.9812668014637214
SV1_C58906,C58906,0.9591660916331431
SV1_C100315,C100315,0.9337632426910066
SV1_C21011,C21011,0.965328161165475
SV1_C73828,C73828,0.9465905289889773
SV1_C01810,C01810,0.9687977981859758
SV1_C00074,C00074,0.9472312893374835
SV1_C12078,C12078,0.9326898597312456
SV1_C76200,C76200,0.885798100739369
SV1_C21675,C21675,0.9013095199562771
SV1_C57117,C57117,0.8872779175480635
SV1_C66674,C66674,0.9398974974485347
SV1_C23419,C23419,0.9797890458622652
SV1_C78014,C78014,0.9274647838964843
SV1_C37213,C37213,0.9922436610218812
SV1_C64911,C64911,0.9745647575162427
SV1_C00635,C00635,0.9907228869030286
SV1_C31821,C31821,0.9380559091394922
SV1_C87640,C87640,0.9302749550716516
SV1_C78692,C78692,0.963508735505602
SV1_C88219,C88219,0.9076728739431797
SV1_C28904,C28904,0.9919273884173527
SV1_C45711,C45711,0.9840937427444928
SV1_C67311,C67311,0.9664833540174714
SV1_C75626,C75626,0.8951274647112069
SV1_C34215,C34215,0.9480050223280174
SV1_C56506,C56506,0.9294975397250246
SV1_C91305,C91305,0.9127434131286488
SV1_C87003,C87003,0.9034141258237671
SV1_C21606,C21606,0.9084174240679758
SV1_C60612,C60612,0.9429442489110368
SV1_C56509,C56509,0.9371239010390955
SV1_C02422,C02422,0.950718095776906
SV1_C84603,C84603,0.9703157514582007
SV1_C27002,C27002,0.9861172704364278
SV1_C66105,C66105,0.9529591243514888
SV1_C85879,C85879,0.9213811869518476
SV1_C05488,C05488,0.9061555961824941
SV1_C28242,C28242,0.9180459071396088
SV1_C72702,C72702,0.9412715579688398
SV1_C75646,C75646,0.8985467356119721
SV1_C32475,C32475,0.8732053777408122
SV1_C16803,C16803,0.9268229879532233
SV1_C52209,C52209,0.8845757952878168
SV1_C05480,C05480,0.9441700272518468
SV1_C33696,C33696,0.9479212279719949
SV1_C76833,C76833,0.97470613037656
SV1_C87110,C87110,0.9203893552221649
SV1_C11456,C11456,0.9320889692075115
SV1_C99600,C99600,0.9494907958412493
SV1_C00678,C00678,0.9462587991999593
SV1_C74471,C74471,0.9110863555060223
SV1_C04839,C04839,0.9517073641681543
SV1_C75087,C75087,0.9650192624395273
SV1_C43231,C43231,0.9208684861606327
SV1_C88255,C88255,0.998122218313252
SV1_C27089,C27089,0.9114125676457899
SV1_C10866,C10866,0.9237206161452097
SV1_C46872,C46872,0.9778981272451066
SV1_C09602,C09602,0.9607179928229396
SV1_C08509,C08509,0.9666587743581456
SV1_C12088,C12088,0.9604992829893562
SV1_C20478,C20478,0.9090871397044141
SV1_C20493,C20493,0.947386115070717
SV1_C70918,C70918,0.9076876910236682
SV1_C13805,C13805,0.8709396462677238
SV1_C88279,C88279,0.9573396371695544
SV1_C90091,C90091,0.9294272580259938
SV1_C99039,C99039,0.9405697851932644
SV1_C48602,C48602,0.9513503406988817
SV1_C27689,C27689,0.9573444364590783
SV1_C03711,C03711,0.9485195052748662
SV1_C99082,C99082,0.8987287474651022
SV1_C63623,C63623,0.916814010089323
SV1_C66607,C66607,0.9507865869654916
SV1_C94837,C94837,0.9606740503825036
SV1_C18673,C18673,0.9615201095858686
SV1_C22216,C22216,0.9604230175956116
SV1_C13833,C13833,0.8916486320906196
SV1_C84609,C84609,0.919360379330345
SV1_C14483,C14483,0.9395948329041357
SV1_C26493,C26493,0.9875688043708452
SV1_C37214,C37214,0.9773884495149886
SV1_C54034,C54034,0.9316575524901798
SV1_C22215,C22215,0.9953658262806455
SV1_C59431,C59431,0.863895448025569
SV1_C32497,C32497,0.9829780013421778
SV1_C05432,C05432,0.8970390973557395
SV1_C87612,C87612,0.9020938138267204
SV1_C10314,C10314,0.9212793685347792
SV1_C25879,C25879,0.8956835394299265
SV1_C00012,C00012,0.9839359722474638
SV1_C16840,C16840,0.9664152516707559
SV1_C14422,C14422,0.9626834129574896
SV1_C44436,C44436,0.9806068107595003
SV1_C14413,C14413,0.9273819929904435
SV1_C10222,C10222,0.9886672704540033
SV1_C09106,C09106,0.9157108932261155
SV1_C49896,C49896,0.9378766436035005
SV1_C73273,C73273,0.9544865995348236
SV1_C60703,C60703,0.9059007940391064
SV1_C09115,C09115,0.9243916943384552
SV1_C20437,C20437,0.8936640735702911
SV1_C25842,C25842,0.9958064000042415
SV1_C13202,C13202,0.9294213368866032
SV1_C53442,C53442,0.9849966041494664
SV1_C07315,C07315,0.9122475751731548
SV1_C96036,C96036,0.973551459174168
SV1_C93696,C93696,0.9432314352814548
SV1_C46878,C46878,0.9539767387552707
SV1_C49283,C49283,0.9317104077715321
SV1_C47400,C47400,0.9715378337719067
SV1_C92415,C92415,0.9237704795482624
SV1_C55898,C55898,0.9178519711288599
SV1_C34305,C34305,0.969039901551679
SV1_C98517,C98517,0.9680657367834931
SV1_C76832,C76832,0.9639452098415733
SV1_C26438,C26438,0.9760220702849038
SV1_C98410,C98410,0.9622389055959871
SV1_C07310,C07310,0.9000440555135609
SV1_C80488,C80488,0.9467904865475127
SV1_C97315,C97315,0.916534870634145
SV1_C11427,C11427,0.9926272013254092
SV1_C63676,C63676,0.9829418517795997
SV1_C18004,C18004,0.9127964055026927
SV1_C09105,C09105,0.9552190750168343
SV1_C03099,C03099,0.9189370812344989
SV1_C44485,C44485,0.9895763301713736
SV1_C01806,C01806,0.9674014078301916
SV1_C61800,C61800,0.9234847792266249
SV1_C09114,C09114,0.9280333325516111
SV1_C55810,C55810,0.9551260712310123
SV1_C92508,C92508,0.9727244230720443
SV1_C44501,C44501,0.9989024124764264
SV1_C69612,C69612,0.9485110131985732
SV1_C09104,C09104,0.9515761362252858
SV1_C72042,C72042,0.9514303955029509
SV1_C93032,C93032,0.9447040170362516
SV1_C67842,C67842,0.9938397546576107
SV1_C00634,C00634,0.9320724450371061
SV1_C78684,C78684,0.9292304116646378
SV1_C45065,C45065,0.9369279716027101
SV1_C31878,C31878,0.9946604308027336
SV1_C06717,C06717,0.9689869867447253
SV1_C31816,C31816,0.965001457727253
SV1_C06690,C06690,0.8750414109533153
SV1_C42023,C42023,0.860850687239569
SV1_C10265,C10265,0.9025181204594998
SV1_C14490,C14490,0.915348595138836
SV1_C67894,C67894,0.9172818736682264
SV1_C97846,C97846,0.9849715830543965
SV1_C26503,C26503,0.9548927577883337
SV1_C13807,C13807,0.9813574351133393
SV1_C87053,C87053,0.8861478433749189
SV1_C63607,C63607,0.9473927490222935
SV1_C66112,C66112,0.8953559423410731
SV1_C42007,C42007,0.9925252159574226
SV1_C48632,C48632,0.9472113224997134
SV1_C96615,C96615,0.9872176773090284
SV1_C67231,C67231,0.8886684637652028
SV1_C96603,C96603,0.995135992785353
SV1_C94279,C94279,0.9272341792226318
SV1_C35496,C35496,0.9127424988896732
SV1_C94214,C94214,0.9332440313513464
SV1_C69021,C69021,0.9864955615144966
SV1_C75635,C75635,0.9343942183030463
SV1_C100289,C100289,0.9744663772657688
SV1_C45698,C45698,0.972396605510885
SV1_C04847,C04847,0.9312553273621691
SV1_C24645,C24645,0.9856167972584556
SV1_C64300,C64300,0.984178480071424
SV1_C12698,C12698,0.9313455347425
SV1_C93034,C93034,0.9931278855786042
SV1_C97803,C97803,0.9998906443694386
SV1_C04901,C04901,0.9317807147533809
SV1_C100284,C100284,0.9277556113735623
SV1_C00709,C00709,0.9286606479748037
SV1_C18092,C18092,0.9470690270305597
SV1_C87019,C87019,0.892253776962531
SV1_C86472,C86472,0.9596654794361645
SV1_C10871,C10871,0.9409333343472723
SV1_C88229,C88229,0.998734532353493
SV1_C07858,C07858,0.9894895298366675
SV1_C49831,C49831,0.8937669815484979
SV1_C86442,C86442,0.898510718289948
SV1_C10837,C10837,0.9568142792950611
SV1_C06631,C06631,0.9176055463099322
SV1_C82812,C82812,0.9424920896141666
SV1_C76805,C76805,0.8822176987599553
SV1_C78105,C78105,0.961733188303644
SV1_C60691,C60691,0.8901507067278452
SV1_C71504,C71504,0.9403423712756358
SV1_C11465,C11465,0.8980701936168827
SV1_C72052,C72052,0.9719023355869636
SV1_C98473,C98473,0.8886034250629941
SV1_C57027,C57027,0.9540477876234513
SV1_C14494,C14494,0.9058687039265536
SV1_C72645,C72645,0.9352592597204243
SV1_C84083,C84083,0.9214770213538326
SV1_C30076,C30076,0.9694813553147695
SV1_C94909,C94909,0.9572033576074107
SV1_C45715,C45715,0.9374147225770888
SV1_C09650,C09650,0.999659838506528
SV1_C47428,C47428,0.9738854949159658
SV1_C52207,C52207,0.8722461200356708
SV1_C48663,C48663,0.8690664074594595
SV1_C70235,C70235,0.9546036965407663
SV1_C09630,C09630,0.9515750919385833
SV1_C96027,C96027,0.9845341342461356
SV1_C27079,C27079,0.9868213852853256
SV1_C00081,C00081,0.9087355325788639
SV1_C76231,C76231,0.9515195325370851
SV1_C91276,C91276,0.9700116651975091
SV1_C70298,C70298,0.9622957151455934
SV1_C62412,C62412,0.9393788929692751
SV1_C04304,C04304,0.9446945729361933
SV1_C49825,C49825,0.9789521468011065
SV1_C79804,C79804,0.9338048278822253
SV1_C66686,C66686,0.975367912867466
SV1_C84005,C84005,0.9436325105312574
SV1_C99075,C99075,0.9833802156531087
SV1_C78044,C78044,0.9625302073728178
SV1_C04895,C04895,0.9663309266168384
SV1_C07256,C07256,0.9415126391264629
SV1_C00608,C00608,0.9931411832141802
SV1_C69118,C69118,0.9329075370246557
SV1_C69020,C69020,0.979693940208716
SV1_C91245,C91245,0.9664105588781102
SV1_C30111,C30111,0.992525538790539
SV1_C10300,C10300,0.9610105713953936
SV1_C62506,C62506,0.9907804429084994
SV1_C57112,C57112,0.902702734916536
SV1_C56427,C56427,0.9866797553203
SV1_C73847,C73847,0.9693311314510273
SV1_C25898,C25898,0.9240623705131498
SV1_C21028,C21028,0.8941404040715936
SV1_C94276,C94276,0.9233242825126767
SV1_C06076,C06076,0.927967967458701
SV1_C99628,C99628,0.9932131606499437
SV1_C58913,C58913,0.9920583946528413
SV1_C75080,C75080,0.9324709760447932
SV1_C68483,C68483,0.9771141489632545
SV1_C67288,C67288,0.8936094781807274
SV1_C93700,C93700,0.9424571014492745
SV1_C64272,C64272,0.948686468053515
SV1_C74455,C74455,0.9216061401567508
SV1_C77513,C77513,0.9285650396922576
SV1_C48633,C48633,0.940773955442156
SV1_C23431,C23431,0.9828071790663815
SV1_C57099,C57099,0.9094686785663352
SV1_C64292,C64292,0.874055189997731
SV1_C88805,C88805,0.905274491212691
SV1_C51104,C51104,0.9917815381904328
SV1_C75110,C75110,0.94351158864596
SV1_C27719,C27719,0.9919176537319451
SV1_C90700,C90700,0.927965212726105
SV1_C45696,C45696,0.9924058549665506
SV1_C92482,C92482,0.9404662742345219
SV1_C27715,C27715,0.9411876816468095
SV1_C66704,C66704,0.9116173453283773
SV1_C87644,C87644,0.9937081486552888
SV1_C09033,C09033,0.9981120615829175
SV1_C93056,C93056,0.9409200263159923
SV1_C25216,C25216,0.9974535807166485
SV1_C00116,C00116,0.9638349761024506
SV1_C96637,C96637,0.9624428443874584
SV1_C74422,C74422,0.9723931495204747
SV1_C88885,C88885,0.9864918526926485
SV1_C12099,C12099,0.9470914535992654
SV1_C46279,C46279,0.9868348034123555
SV1_C27035,C27035,0.8916731077375263
SV1_C09108,C09108,0.9729530574075586
SV1_C47417,C47417,0.920810247422142
SV1_C48676,C48676,0.9238986647238479
SV1_C50517,C50517,0.9930254914193147
SV1_C37820,C37820,0.9966164799437441
SV1_C59438,C59438,0.943388600735019
SV1_C00014,C00014,0.9628002847385064
SV1_C92403,C92403,0.935337358244276
SV1_C31822,C31822,0.9568072333648151
SV1_C72663,C72663,0.9700482806015049
SV1_C68496,C68496,0.9164539522627371
SV1_C85287,C85287,0.9703968596945386
SV1_C21605,C21605,0.8648688025619983
SV1_C13902,C13902,0.9479097122510463
SV1_C06715,C06715,0.9029643800111206
SV1_C34884,C34884,0.893733101497361
SV1_C96619,C96619,0.9574889661503503
SV1_C15610,C15610,0.942662199260008
SV1_C79220,C79220,0.9840842368197318
SV1_C24005,C24005,0.8970183520775025
SV1_C68514,C68514,0.8875684529758794
SV1_C85911,C85911,0.9812633489203075
SV1_C22883,C22883,0.9301111023851439
SV1_C13248,C13248,0.962862005050103
SV1_C30675,C30675,0.8908958862730784
SV1_C54638,C54638,0.9637227914416489
SV1_C87105,C87105,0.9440198018353769
SV1_C68489,C68489,0.8753464550936867
SV1_C76910,C76910,0.9340864808253231
SV1_C87633,C87633,0.9977017127678836
SV1_C11500,C11500,0.957261299201498
SV1_C55203,C55203,0.8881073215743123
SV1_C87022,C87022,0.8933377413471963
SV1_C99607,C99607,0.9516532271344673
SV1_C39021,C39021,0.9997149670428043
SV1_C71432,C71432,0.9227214990242847
SV1_C96072,C96072,0.909546983005262
SV1_C98413,C98413,0.9866491883166608
SV1_C64823,C64823,0.9983345095935791
SV1_C43804,C43804,0.8857278894247155
SV1_C25847,C25847,0.914120391232804
SV1_C96696,C96696,0.9390073546112837
SV1_C08453,C08453,0.9514507052525997
SV1_C54111,C54111,0.9654331356814236
SV1_C12634,C12634,0.9020447177957427
SV1_C75655,C75655,0.9043069059132172
SV1_C81006,C81006,0.9117539061304336
SV1_C13229,C13229,0.9375918969935088
SV1_C45648,C45648,0.9904176490036757
SV1_C37208,C37208,0.9956081643494976
SV1_C97836,C97836,0.9530647926698383
SV1_C84681,C84681,0.9413129355889815
SV1_C56433,C56433,0.9505538077841591
SV1_C07219,C07219,0.992173560580729
SV1_C02438,C02438,0.9525571309278267
SV1_C49820,C49820,0.8898464158096814
SV1_C40218,C40218,0.9331989358503043
SV1_C65510,C65510,0.9637216498374749
SV1_C76218,C76218,0.9303304591979011
SV1_C93094,C93094,0.959406057951846
SV1_C60021,C60021,0.9526270632480687
SV1_C28878,C28878,0.9886901242090775
SV1_C70296,C70296,0.99206320959817
SV1_C96604,C96604,0.9948126186694344
SV1_C90661,C90661,0.8820487775635941
SV1_C59443,C59443,0.8950873613873409
SV1_C24001,C24001,0.8883356890039804
SV1_C25877,C25877,0.9699743362783544
SV1_C69114,C69114,0.8776297497858979
SV1_C11441,C11441,0.9147661364207956
SV1_C37216,C37216,0.9561569650475594
SV1_C63024,C63024,0.9883222442169434
SV1_C54092,C54092,0.9337115288266886
SV1_C44511,C44511,0.9868801543617087
SV1_C88240,C88240,0.9314805525411969
SV1_C13824,C13824,0.9016858655907198
SV1_C03626,C03626,0.912444396133407
SV1_C47477,C47477,0.9728304071031083
SV1_C90702,C90702,0.9357157788447569
SV1_C87119,C87119,0.9423784582954523
SV1_C71484,C71484,0.8969369968380644
SV1_C38400,C38400,0.9946176177586472
SV1_C77434,C77434,0.9548265572990698
SV1_C18647,C18647,0.9297224092169586
SV1_C74425,C74425,0.953339033537786
SV1_C13834,C13834,0.8946208947050919
SV1_C84673,C84673,0.941156158605049
SV1_C33019,C33019,0.9371901432160691
SV1_C69699,C69699,0.9372802489979181
SV1_C95417,C95417,0.9432089747553772
SV1_C21020,C21020,0.9258852902011211
SV1_C51089,C51089,0.9276276992836756
SV1_C20425,C20425,0.9114552079765268
SV1_C08490,C08490,0.9152042150510942
SV1_C78031,C78031,0.9862712198775481
SV1_C90705,C90705,0.9316953013733887
SV1_C26433,C26433,0.950008831364171
SV1_C16239,C16239,0.9445064474670052
SV1_C43885,C43885,0.9873275102798859
SV1_C60072,C60072,0.9540193019580807
SV1_C14446,C14446,0.9806358749528518
SV1_C88305,C88305,0.9463661333260337
SV1_C44473,C44473,0.9973440065053625
SV1_C57706,C57706,0.9363515480415744
SV1_C79891,C79891,0.9626120834368934
SV1_C81088,C81088,0.9399309408315674
SV1_C11509,C11509,0.9389559614537668
SV1_C44422,C44422,0.9611551377739604
SV1_C58809,C58809,0.973031345521098
SV1_C09016,C09016,0.9780265825179867
SV1_C75627,C75627,0.9379891820932037
SV1_C63013,C63013,0.926978924007252
SV1_C75638,C75638,0.88051931722407
SV1_C16230,C16230,0.9564387966675221
SV1_C27602,C27602,0.9982801936832604
SV1_C97298,C97298,0.99056097995586
SV1_C02416,C02416,0.9335031346358017
SV1_C25894,C25894,0.9313512535916462
SV1_C11508,C11508,0.9320015847719142
SV1_C16220,C16220,0.9986807422185746
SV1_C77458,C77458,0.9416595209432808
SV1_C27612,C27612,0.9346447768023041
SV1_C73905,C73905,0.9865472013533104
SV1_C46818,C46818,0.9321245550173385
SV1_C65401,C65401,0.9738099047655663
SV1_C24606,C24606,0.9132009646688883
SV1_C85897,C85897,0.9893419165500741
SV1_C33600,C33600,0.9883670789359847
SV1_C86503,C86503,0.9650367869842761
SV1_C77453,C77453,0.925357355021485
SV1_C76875,C76875,0.9227323210103954
SV1_C97247,C97247,0.9460665195129092
SV1_C13840,C13840,0.9255154632069
SV1_C77492,C77492,0.9476304631725345
SV1_C48094,C48094,0.9364361560363125
SV1_C61890,C61890,0.9099716475481735
SV1_C99087,C99087,0.9769630680171477
SV1_C94828,C94828,0.9179280121219167
SV1_C10862,C10862,0.9678862450137631
SV1_C66047,C66047,0.868420119352768
SV1_C96075,C96075,0.9594215057463393
SV1_C03038,C03038,0.9521062508370475
SV1_C32417,C32417,0.9697532715799486
SV1_C00675,C00675,0.9366567784717812
SV1_C91291,C91291,0.9265495238477478
SV1_C77463,C77463,0.9501181621763446
SV1_C63045,C63045,0.9268480246869568
SV1_C62444,C62444,0.8831993383158252
SV1_C93117,C93117,0.9960976154366148
SV1_C81616,C81616,0.9247054113638383
SV1_C12638,C12638,0.9113299580782832
SV1_C78622,C78622,0.9750279304640008
SV1_C21708,C21708,0.8959861789592686
SV1_C01204,C01204,0.991611211181557
SV1_C83410,C83410,0.9190204868545361
SV1_C73846,C73846,0.889425826913584
SV1_C27604,C27604,0.9443898386335164
SV1_C99085,C99085,0.9430074100645849
SV1_C31306,C31306,0.9274172844995756
SV1_C97892,C97892,0.9124885578210657
SV1_C67312,C67312,0.9052018656346971
SV1_C95443,C95443,0.8847847832919105
SV1_C79911,C79911,0.8731550267453838
SV1_C02410,C02410,0.9660143276469721
SV1_C76265,C76265,0.9421103518236874
SV1_C27620,C27620,0.9527966643684698
SV1_C64299,C64299,0.9998485324159615
SV1_C97292,C97292,0.9169401573277143
SV1_C45651,C45651,0.9930908089225634
SV1_C59405,C59405,0.9664106852317896
SV1_C48645,C48645,0.9351734112439085
SV1_C45607,C45607,0.9994878253810515
SV1_C39603,C39603,0.9686957835294692
SV1_C79905,C79905,0.9140441624555716
SV1_C79287,C79287,0.9964994129455726
SV1_C13236,C13236,0.9018585322740797
SV1_C08482,C08482,0.9481705389010916
SV1_C12714,C12714,0.9280261593833335
SV1_C13217,C13217,0.91610478239857
SV1_C88253,C88253,0.8871858254810276
SV1_C87611,C87611,0.8995854443675156
SV1_C44404,C44404,0.8991242722543215
SV1_C41420,C41420,0.9475463044909993
SV1_C17432,C17432,0.9375063178753598
SV1_C75653,C75653,0.9574629496449113
SV1_C94845,C94845,0.9721573659130396
SV1_C47426,C47426,0.9481849758641682
SV1_C92467,C92467,0.9398720658116307
SV1_C10250,C10250,0.9985352279224761
SV1_C82805,C82805,0.9482254108629229
SV1_C61319,C61319,0.9350108802784252
SV1_C94903,C94903,0.9336303397334167
SV1_C10819,C10819,0.9952266862556794
SV1_C57015,C57015,0.9005005883187853
SV1_C60089,C60089,0.998583858160735
SV1_C49857,C49857,0.9714720428408904
SV1_C74478,C74478,0.9073665966171564
SV1_C10229,C10229,0.9918848156888708
SV1_C46257,C46257,0.9974089844528704
SV1_C31307,C31307,0.9952797059056567
SV1_C51086,C51086,0.889065922594465
SV1_C06093,C06093,0.9864779918044514
SV1_C24111,C24111,0.9925619434807863
SV1_C27606,C27606,0.9992302202989979
SV1_C09038,C09038,0.9554037709037386
SV1_C61300,C61300,0.9178092764989078
SV1_C87706,C87706,0.9132752746896244
SV1_C62488,C62488,0.9180015805126954
SV1_C97236,C97236,0.9656011743266277
SV1_C27717,C27717,0.9239868994021833
SV1_C86489,C86489,0.9393832731993279
SV1_C09641,C09641,0.941923792671705
SV1_C32400,C32400,0.9793319825328871
SV1_C19200,C19200,0.9225976346688378
SV1_C50409,C50409,0.8899305682227128
SV1_C45649,C45649,0.9970735088621803
SV1_C49826,C49826,0.9298139529351719
SV1_C32416,C32416,0.9747230667224179
SV1_C79817,C79817,0.9236557204357302
SV1_C90049,C90049,0.8735994214604839
SV1_C03697,C03697,0.9309181025720009
SV1_C50518,C50518,0.9690241882518591
SV1_C80400,C80400,0.939131581218694
SV1_C68424,C68424,0.9898737554237539
SV1_C63098,C63098,0.9546886165610712
SV1_C94247,C94247,0.9259250552814944
SV1_C10254,C10254,0.9990091846134165
SV1_C34272,C34272,0.8971486879139436
SV1_C46901,C46901,0.990683243212645
SV1_C86501,C86501,0.9305204915064108
SV1_C06023,C06023,0.9339388410517607
SV1_C87719,C87719,0.9405495148966444
SV1_C51115,C51115,0.9995193151865654
SV1_C92512,C92512,0.9423849123778212
SV1_C35485,C35485,0.9472469742000676
SV1_C10803,C10803,0.9225206023149228
SV1_C54684,C54684,0.9650914668323354
SV1_C43919,C43919,0.8735653593414074
SV1_C75033,C75033,0.9489820358529949
SV1_C39018,C39018,0.944759250570176
SV1_C96694,C96694,0.890698452833658
SV1_C99078,C99078,0.904472021532761
SV1_C44508,C44508,0.9862476354567654
SV1_C100227,C100227,0.8650899243170496
SV1_C11421,C11421,0.9370119608088817
SV1_C81087,C81087,0.9990464272774092
SV1_C28292,C28292,0.9526079350234415
SV1_C98404,C98404,0.9970869457008897
SV1_C94318,C94318,0.9476516343161739
SV1_C47413,C47413,0.95347740508856
SV1_C56483,C56483,0.98944937185514
SV1_C25224,C25224,0.9266602359131577
SV1_C62432,C62432,0.9646725784680095
SV1_C52225,C52225,0.9325171754198449
SV1_C04312,C04312,0.9550692711227212
SV1_C66608,C66608,0.9772983375668266
SV1_C44408,C44408,0.8973075388395446
SV1_C08493,C08493,0.9676395866538329
SV1_C10203,C10203,0.9283040282015796
SV1_C27713,C27713,0.9903759514325953
SV1_C74408,C74408,0.9248401942207038
SV1_C68484,C68484,0.9449537525830469
SV1_C49807,C49807,0.8912580331997548
SV1_C57699,C57699,0.9149831736147299
SV1_C18021,C18021,0.9845588070013523
SV1_C82300,C82300,0.8999365698002874
SV1_C10256,C10256,0.9458717588920108
SV1_C90052,C90052,0.8942072077621911
SV1_C90101,C90101,0.92799507120134
SV1_C01280,C01280,0.951916666994262
SV1_C87057,C87057,0.8914270368584827
SV1_C07879,C07879,0.9655351663013979
SV1_C97287,C97287,0.9741532750188617
SV1_C97201,C97201,0.9944514263335101
SV1_C06697,C06697,0.9563660144024047
SV1_C17435,C17435,0.8945571141895626
SV1_C46862,C46862,0.951926310611115
SV1_C27037,C27037,0.9390243961715693
SV1_C32515,C32515,0.9308656349958863
SV1_C93039,C93039,0.9317680357874679
SV1_C94285,C94285,0.9396821768225538
SV1_C24692,C24692,0.9901749879919184
SV1_C85202,C85202,0.9067533631056589
SV1_C75068,C75068,0.96705044851238
SV1_C48110,C48110,0.9488507067758911
SV1_C79912,C79912,0.9063359735452264
SV1_C60636,C60636,0.9682904190866077
SV1_C08474,C08474,0.9489060735951584
SV1_C26405,C26405,0.9215578344901206
SV1_C44439,C44439,0.9761168026651785
SV1_C63686,C63686,0.9074025200221211
SV1_C28211,C28211,0.9442301645341568
SV1_C76256,C76256,0.9642048998569309
SV1_C76842,C76842,0.971567385765534
SV1_C18031,C18031,0.8991987417244564
SV1_C28210,C28210,0.9913050240479485
SV1_C29483,C29483,0.9253388574259067
SV1_C94881,C94881,0.9583309294483069
SV1_C81102,C81102,0.9578317269945319
SV1_C44461,C44461,0.9902427583394551
SV1_C99673,C99673,0.8910502375563991
SV1_C34813,C34813,0.9616321048682294
SV1_C09100,C09100,0.9555322384061264
SV1_C40813,C40813,0.9603445350588193
SV1_C56512,C56512,0.9283116549900596
SV1_C84073,C84073,0.9241137011132817
SV1_C72616,C72616,0.9323332657974737
SV1_C63116,C63116,0.9214715738535537
SV1_C86474,C86474,0.88455851841418
SV1_C22907,C22907,0.9994953631878117
SV1_C79914,C79914,0.8673580189578338
SV1_C00636,C00636,0.9858145513633297
SV1_C48691,C48691,0.9133843852788144
SV1_C57635,C57635,0.938129181010706
SV1_C68504,C68504,0.9104901458495276
SV1_C58281,C58281,0.9987062727706079
SV1_C52275,C52275,0.9968604501019508
SV1_C75656,C75656,0.9792013325211074
SV1_C03019,C03019,0.9795373222178009
SV1_C73897,C73897,0.9897087520792508
SV1_C100233,C100233,0.9890965575908007
SV1_C100312,C100312,0.9416268331060322
SV1_C73287,C73287,0.9780215165368971
SV1_C87084,C87084,0.9794591359194147
SV1_C13285,C13285,0.8777491585854812
SV1_C51020,C51020,0.9268313286908709
SV1_C52316,C52316,0.9946399456187744
SV1_C42616,C42616,0.9635537594628519
SV1_C45700,C45700,0.9931070188711802
SV1_C30708,C30708,0.9804991680566818
SV1_C60074,C60074,0.9578064853698985
SV1_C91265,C91265,0.942297050748856
SV1_C13210,C13210,0.9269008806779971
SV1_C56414,C56414,0.9716944596339312
SV1_C45106,C45106,0.9749471889927264
SV1_C76809,C76809,0.8940264143539378
SV1_C36608,C36608,0.9954434543553121
SV1_C34282,C34282,0.9966214748777986
SV1_C15605,C15605,0.9143967751581005
SV1_C48690,C48690,0.9082476078987908
SV1_C00006,C00006,0.9690361686644182
SV1_C03707,C03707,0.9384410059131382
SV1_C88828,C88828,0.9932548313502404
SV1_C19847,C19847,0.8938252931024092
SV1_C55894,C55894,0.9607728930029846
SV1_C43826,C43826,0.9588053734828551
SV1_C57083,C57083,0.9984525076672996
SV1_C86455,C86455,0.9995565983806495
SV1_C14407,C14407,0.8962886974289392
SV1_C45119,C45119,0.8665318509522846
SV1_C46803,C46803,0.9934623219936083
SV1_C90075,C90075,0.9867104824244771
SV1_C06626,C06626,0.9881986571203403
SV1_C06674,C06674,0.8818165575434417
SV1_C52286,C52286,0.8892852117349113
SV1_C83499,C83499,0.8987608055396646
SV1_C10233,C10233,0.9912812606690165
SV1_C98422,C98422,0.942308641828947
SV1_C55231,C55231,0.9838208939665629
SV1_C47438,C47438,0.9451341431298333
SV1_C33676,C33676,0.9704364282419966
SV1_C97310,C97310,0.978708189971407
SV1_C62402,C62402,0.9256005338226257
SV1_C78050,C78050,0.9880787303779744
SV1_C72674,C72674,0.9101749759060656
SV1_C65496,C65496,0.9137501174016686
SV1_C76201,C76201,0.9201515255691065
SV1_C78664,C78664,0.9191822320287263
SV1_C16290,C16290,0.927604924079505
SV1_C01300,C01300,0.9086060005587231
SV1_C76806,C76806,0.9142917868195597
SV1_C32510,C32510,0.9203620178616313
SV1_C30104,C30104,0.9971025451475224
SV1_C79286,C79286,0.9027455356287759
SV1_C99044,C99044,0.9005258144426577
SV1_C26446,C26446,0.9537077174217496
SV1_C22209,C22209,0.8899062345094437
SV1_C70812,C70812,0.9180226483061686
SV1_C18085,C18085,0.9541723518047369
SV1_C44476,C44476,0.9918023820244174
SV1_C33088,C33088,0.925816437349301
SV1_C30085,C30085,0.9545273938747718
SV1_C55800,C55800,0.9689182128780268
SV1_C09607,C09607,0.9366372652782643
SV1_C01877,C01877,0.9531734356345768
SV1_C80493,C80493,0.9929636076345038
SV1_C09029,C09029,0.9991386776709514
SV1_C49281,C49281,0.9710083557715626
SV1_C77421,C77421,0.9445756487559932
SV1_C12014,C12014,0.8973334588456522
SV1_C14481,C14481,0.9098207616272297
SV1_C22904,C22904,0.9379575304439678
SV1_C75661,C75661,0.9834134653040698
SV1_C69018,C69018,0.8691195202188258
SV1_C51040,C51040,0.905882374612098
SV1_C36011,C36011,0.912930937375105
SV1_C94892,C94892,0.9186634098475193
SV1_C82206,C82206,0.9177122693791702
SV1_C13281,C13281,0.8971535677384757
SV1_C77500,C77500,0.929960947512617
SV1_C48680,C48680,0.9215665310166429
SV1_C03645,C03645,0.988875936118613
SV1_C04297,C04297,0.9364346209808757
SV1_C51634,C51634,0.9099383459198648
SV1_C11448,C11448,0.9190940972504856
SV1_C45075,C45075,0.9950136960021231
SV1_C80411,C80411,0.9408559991510004
SV1_C64883,C64883,0.995095387175413
SV1_C90044,C90044,0.9890015881167168
SV1_C32484,C32484,0.9696815239319512
SV1_C92489,C92489,0.9413358507108338
SV1_C07864,C07864,0.9145486631780234
SV1_C27635,C27635,0.8889198389156018
SV1_C21018,C21018,0.9137621262223619
SV1_C75659,C75659,0.9108435500080632
SV1_C24617,C24617,0.9812521982838361
SV1_C89463,C89463,0.9817997000489113
SV1_C69645,C69645,0.9260349403399728
SV1_C18022,C18022,0.9524923081097428
SV1_C84692,C84692,0.8798675601831518
SV1_C51008,C51008,0.8669645802838399
SV1_C67834,C67834,0.9757399178805881
SV1_C54600,C54600,0.8994580184741292
SV1_C87054,C87054,0.9310648117745581
SV1_C06000,C06000,0.9690831651897132
SV1_C09628,C09628,0.9851607965570852
SV1_C08498,C08498,0.9146290281417683
SV1_C82802,C82802,0.9207532875857309
SV1_C38407,C38407,0.94823989779698
SV1_C61912,C61912,0.9659870218862103
SV1_C29515,C29515,0.9490745027892014
SV1_C59476,C59476,0.9671961420082529
SV1_C34808,C34808,0.9608249967340053
SV1_C65403,C65403,0.9280890633319435
SV1_C25885,C25885,0.9611196547761651
SV1_C67800,C67800,0.9893014327930904
SV1_C45639,C45639,0.96862299173329
SV1_C17442,C17442,0.9183170434732622
SV1_C04809,C04809,0.9781759116751955
SV1_C01876,C01876,0.9670800922180703
SV1_C67891,C67891,0.8913823403375915
SV1_C77512,C77512,0.9202412636599485
SV1_C51091,C51091,0.9329220399432208
SV1_C100305,C100305,0.9349031999503654
SV1_C74457,C74457,0.9760266961097693
SV1_C84607,C84607,0.9726532453625283
SV1_C78667,C78667,0.8858867540145283
SV1_C83403,C83403,0.9557564829642705
SV1_C94308,C94308,0.9250162524790168
SV1_C88875,C88875,0.9665988579526418
SV1_C99709,C99709,0.9572801664248634
SV1_C66628,C66628,0.9983990037401372
SV1_C16294,C16294,0.9106203998355983
SV1_C95439,C95439,0.9549526681218042
SV1_C73906,C73906,0.9522391073690576
SV1_C26501,C26501,0.9929339436003591
SV1_C24687,C24687,0.9684273859897661
SV1_C19276,C19276,0.953026989922802
SV1_C03030,C03030,0.9269229327170817
SV1_C85908,C85908,0.9633795359686599
SV1_C02515,C02515,0.9059327235690705
SV1_C73835,C73835,0.9049729096771982
SV1_C63083,C63083,0.8970487915719214
SV1_C16813,C16813,0.9207560105817761
SV1_C76899,C76899,0.9240239892213569
SV1_C49887,C49887,0.9235719605738177
SV1_C93013,C93013,0.9897387619659735
SV1_C91284,C91284,0.9846984893771091
SV1_C01227,C01227,0.9780146082512282
SV1_C27681,C27681,0.9744600331162023
SV1_C13312,C13312,0.970223783236087
SV1_C00700,C00700,0.9115809929407551
SV1_C31815,C31815,0.8990090416010189
SV1_C45044,C45044,0.9456498648010295
SV1_C43881,C43881,0.9973719513121919
SV1_C26447,C26447,0.9088543443480704
SV1_C83489,C83489,0.8994494043163319
SV1_C97888,C97888,0.9933869058451982
SV1_C63026,C63026,0.9485134124214865
SV1_C83422,C83422,0.9329451233692787
SV1_C47480,C47480,0.9653229686982439
SV1_C93053,C93053,0.9295530308985609
SV1_C67275,C67275,0.9960313595465312
SV1_C88904,C88904,0.9550133240566433
SV1_C51607,C51607,0.8743273026468615
SV1_C11442,C11442,0.9318213497185575
SV1_C44481,C44481,0.9993313510729851
SV1_C01234,C01234,0.9356081202525173
SV1_C67281,C67281,0.9798847721689018
SV1_C79903,C79903,0.88638814012296
SV1_C99631,C99631,0.900701878193926
SV1_C33703,C33703,0.9326271313942389
SV1_C93082,C93082,0.9523381886651384
SV1_C22879,C22879,0.912481276396345
SV1_C43894,C43894,0.8837526120972267
SV1_C48715,C48715,0.936075373855619
SV1_C70236,C70236,0.8854909173165574
SV1_C00024,C00024,0.9647133775755028
SV1_C13258,C13258,0.9568731127357873
SV1_C69603,C69603,0.9980577320658821
SV1_C95477,C95477,0.9568373067178039
SV1_C09685,C09685,0.9718914491303223
SV1_C69047,C69047,0.88785050408055
SV1_C88867,C88867,0.9346681681180663
SV1_C72011,C72011,0.9340000367937374
SV1_C00087,C00087,0.9406470050091787
SV1_C87116,C87116,0.9379484303133642
SV1_C87044,C87044,0.9920004952187638
SV1_C64287,C64287,0.9793087288824207
SV1_C24644,C24644,0.9910604794225877
SV1_C12115,C12115,0.9688575091245467
SV1_C02414,C02414,0.9596119932993588
SV1_C35415,C35415,0.9248476724918252
SV1_C02513,C02513,0.9128049964301762
SV1_C13865,C13865,0.908379536543866
SV1_C93026,C93026,0.9850050067734214
SV1_C11502,C11502,0.9251829832212018
SV1_C43242,C43242,0.9227256017412924
SV1_C41422,C41422,0.9387147696714988
SV1_C86444,C86444,0.9895151234895926
SV1_C99601,C99601,0.9453781157876778
SV1_C76890,C76890,0.8801620352163095
SV1_C92509,C92509,0.9794252795447911
SV1_C84086,C84086,0.9601625908930672
SV1_C31801,C31801,0.9636819206371613
SV1_C76853,C76853,0.9063602733938727
SV1_C69033,C69033,0.960049123391224
SV1_C69679,C69679,0.9547509604419773
SV1_C84015,C84015,0.970748350105648
SV1_C94301,C94301,0.9729288811988284
SV1_C76908,C76908,0.9537345844684499
SV1_C70216,C70216,0.9186441212949535
SV1_C55818,C55818,0.921098696433362
SV1_C71419,C71419,0.922026274021582
SV1_C64807,C64807,0.9158601637603183
SV1_C55247,C55247,0.8734780306324852
SV1_C85299,C85299,0.9981873366403847
SV1_C25812,C25812,0.9761201556247415
SV1_C67885,C67885,0.9609885878853633
SV1_C55802,C55802,0.9552881271855639
SV1_C23494,C23494,0.9057486123249949
SV1_C61919,C61919,0.9415303081376459
SV1_C46265,C46265,0.9346711253079356
SV1_C11435,C11435,0.9895466615387053
SV1_C21004,C21004,0.9135520115266974
SV1_C46814,C46814,0.9211276339771236
SV1_C65482,C65482,0.936266399295374
SV1_C30622,C30622,0.9608746376826104
SV1_C87113,C87113,0.989366106054379
SV1_C61210,C61210,0.9729575020829883
SV1_C57025,C57025,0.9585938684232121
SV1_C46847,C46847,0.9309894223485643
SV1_C49837,C49837,0.9945204105327369
SV1_C76851,C76851,0.9424667020812537
SV1_C90701,C90701,0.9250592302646253
SV1_C100220,C100220,0.9944786336475021
SV1_C64293,C64293,0.8747028410462172
SV1_C61201,C61201,0.9451870257312835
SV1_C69030,C69030,0.9980013151372757
SV1_C78678,C78678,0.943533779767293
SV1_C17494,C17494,0.9115322560348271
SV1_C89485,C89485,0.989882145777301
SV1_C60708,C60708,0.9668581915404033
SV1_C73801,C73801,0.9656141086974834
SV1_C34217,C34217,0.9745447088843999
SV1_C22811,C22811,0.9913145916447541
SV1_C08424,C08424,0.9906513355076729
SV1_C08452,C08452,0.9406471380728626
SV1_C58225,C58225,0.9692086488076234
SV1_C27631,C27631,0.8923532962973789
SV1_C00683,C00683,0.9460323751993387
SV1_C07298,C07298,0.901077370336375
SV1_C97318,C97318,0.9499695805709528
SV1_C04284,C04284,0.9722178320683125
SV1_C93078,C93078,0.9512050139953907
SV1_C81619,C81619,0.9262174551377598
SV1_C73868,C73868,0.9594530319901571
SV1_C05439,C05439,0.9705512269115677
SV1_C16827,C16827,0.8667437205466973
SV1_C28289,C28289,0.9723113208186496
SV1_C77441,C77441,0.9506934017905275
SV1_C17409,C17409,0.9097658613838293
SV1_C58282,C58282,0.9304743237036855
SV1_C87005,C87005,0.9125156850852002
SV1_C87661,C87661,0.9003554758618799
SV1_C48032,C48032,0.9482221392126169
SV1_C91230,C91230,0.9282655339768074
SV1_C25230,C25230,0.9747349306824121
SV1_C46866,C46866,0.9030805200104601
SV1_C73849,C73849,0.960529766191744
SV1_C75669,C75669,0.9635465464995576
SV1_C88903,C88903,0.9884330800245306
SV1_C47449,C47449,0.9731570369634739
SV1_C22204,C22204,0.8883243105942465
SV1_C84695,C84695,0.8846046759532273
SV1_C85895,C85895,0.9257290933208053
SV1_C09113,C09113,0.991365492744044
SV1_C61211,C61211,0.9271628171123851
SV1_C01287,C01287,0.9627724597011383
SV1_C75034,C75034,0.909810208429139
SV1_C52907,C52907,0.9469772595627326
SV1_C24646,C24646,0.9296817697514999
SV1_C47406,C47406,0.9256732472338869
SV1_C89430,C89430,0.9675450954381395
SV1_C58897,C58897,0.9314389204441321
SV1_C16815,C16815,0.9349641472096085
SV1_C70245,C70245,0.9787891213724205
SV1_C78115,C78115,0.9410399384915448
SV1_C98481,C98481,0.9171335511731055
SV1_C81098,C81098,0.9579425213120262
SV1_C67904,C67904,0.9107602883060694
SV1_C11419,C11419,0.9866170701224604
SV1_C52246,C52246,0.9717594138799782
SV1_C72714,C72714,0.9044722034475109
SV1_C34896,C34896,0.9254557894508942
SV1_C76825,C76825,0.9777654124217572
SV1_C81082,C81082,0.9139159734059448
SV1_C01804,C01804,0.9894026895074122
SV1_C37211,C37211,0.9313612142097841
SV1_C29505,C29505,0.9873191884058206
SV1_C61206,C61206,0.9683379399678878
SV1_C10806,C10806,0.9388937032195795
SV1_C84704,C84704,0.9733993624782116
SV1_C11458,C11458,0.9731628337649667
SV1_C78107,C78107,0.9743828142023472
SV1_C16285,C16285,0.924629836400923
SV1_C24106,C24106,0.9254125673156344
SV1_C99024,C99024,0.9761485631209308
SV1_C19203,C19203,0.9800124863569557
SV1_C22208,C22208,0.9032208115567685
SV1_C20474,C20474,0.9089361923695989
SV1_C99037,C99037,0.976384405141787
SV1_C11430,C11430,0.9095454401287248
SV1_C95486,C95486,0.973557267360385
SV1_C75095,C75095,0.9265734915289999
SV1_C18081,C18081,0.9782156133188684
SV1_C44407,C44407,0.9994202740734015
SV1_C66024,C66024,0.9959274948103218
SV1_C15694,C15694,0.9104728436519572
SV1_C80415,C80415,0.9309772183991656
SV1_C33090,C33090,0.8862109389104823
SV1_C93011,C93011,0.9516325647660562
SV1_C99706,C99706,0.9494455881942263
SV1_C60108,C60108,0.9707648611332584
SV1_C66078,C66078,0.9372883539716087
SV1_C80481,C80481,0.9585414036332727
SV1_C80482,C80482,0.9206840955038652
SV1_C56472,C56472,0.981404345621521
SV1_C60712,C60712,0.9939269695589386
SV1_C13241,C13241,0.9188452797424351
SV1_C56500,C56500,0.8671132963708716
SV1_C55314,C55314,0.9841983558250634
SV1_C74442,C74442,0.9432830838559698
SV1_C12641,C12641,0.9064331547907326
SV1_C78056,C78056,0.9405148182085048
SV1_C19272,C19272,0.9504785584166552
SV1_C64892,C64892,0.9942491895618356
SV1_C76881,C76881,0.9311634530071102
SV1_C45710,C45710,0.969058185417291
SV1_C76912,C76912,0.8968800789090998
SV1_C25201,C25201,0.9003100296765025
SV1_C81114,C81114,0.8836649198460533
SV1_C97229,C97229,0.8932178803752844
SV1_C24021,C24021,0.9726968916055494
SV1_C49891,C49891,0.8796105799203425
SV1_C44495,C44495,0.9553272255397937
SV1_C81004,C81004,0.9433248318973926
SV1_C19211,C19211,0.9860199847530625
SV1_C65433,C65433,0.9712215875292214
SV1_C11420,C11420,0.9318256198768717
SV1_C89421,C89421,0.9022782421051465
SV1_C84011,C84011,0.9653344468942712
SV1_C96614,C96614,0.950553963323253
SV1_C10302,C10302,0.9262753736582112
SV1_C07891,C07891,0.94978134144471
SV1_C49877,C49877,0.9649195911619132
SV1_C85914,C85914,0.8979051766385817
SV1_C24090,C24090,0.8973232216598692
SV1_C12012,C12012,0.9699793366402836
SV1_C24619,C24619,0.9800463003516523
SV1_C86518,C86518,0.882618192336299
SV1_C29412,C29412,0.9526115327479681
SV1_C82314,C82314,0.8948200587084542
SV1_C05497,C05497,0.9555154453797037
SV1_C45056,C45056,0.9928200599840497
SV1_C27611,C27611,0.9398402902632734
SV1_C67844,C67844,0.8682436686529746
SV1_C73311,C73311,0.9187495791101205
SV1_C45695,C45695,0.9709152670474401
SV1_C18016,C18016,0.9354631754440886
SV1_C97873,C97873,0.9007257900874205
SV1_C25311,C25311,0.9850832170784949
SV1_C74517,C74517,0.8932930013319109
SV1_C90621,C90621,0.9176772607101156
SV1_C35409,C35409,0.9202822780643385
SV1_C48674,C48674,0.9864081715964916
SV1_C70836,C70836,0.8853504688605222
SV1_C00026,C00026,0.9146915448245536
SV1_C87043,C87043,0.9755477766710942
SV1_C22894,C22894,0.8975926809624212
SV1_C80404,C80404,0.9389146829587778
SV1_C12657,C12657,0.9763011968511771
SV1_C48073,C48073,0.9397179976445267
SV1_C28293,C28293,0.9782386134276467
SV1_C90119,C90119,0.920249182597009
SV1_C72017,C72017,0.9125973280461004
SV1_C99103,C99103,0.9067709194526359
SV1_C70919,C70919,0.9455008785621497
SV1_C38401,C38401,0.9985452106541948
SV1_C29516,C29516,0.9497555462029132
SV1_C10288,C10288,0.9853425870833827
SV1_C08441,C08441,0.9501424060978366
SV1_C93106,C93106,0.9802626149279744
SV1_C34273,C34273,0.9501323875420765
SV1_C21023,C21023,0.9284284622378914
SV1_C91226,C91226,0.9266968809925473
SV1_C81076,C81076,0.9534608392590268
SV1_C49295,C49295,0.9582299166909996
SV1_C75058,C75058,0.9514369577011451
SV1_C19805,C19805,0.9148502740429313
SV1_C07861,C07861,0.9359447213300488
SV1_C93694,C93694,0.8804908484083658
SV1_C45091,C45091,0.9308249001432463
SV1_C82891,C82891,0.9381303193363301
SV1_C22824,C22824,0.9696123182275438
SV1_C31912,C31912,0.9118734394589477
SV1_C43319,C43319,0.8760919847429964
SV1_C31877,C31877,0.979058827724723
SV1_C79215,C79215,0.9207258542613466
SV1_C70876,C70876,0.8753985862654876
SV1_C81613,C81613,0.9301865076686265
SV1_C31298,C31298,0.9287663363221098
SV1_C63678,C63678,0.871973344036609
SV1_C72610,C72610,0.9987521657866357
SV1_C07860,C07860,0.9521782523124056
SV1_C30691,C30691,0.9970222855909591
SV1_C79305,C79305,0.9145831379394503
SV1_C81002,C81002,0.9120914789511441
SV1_C14491,C14491,0.905596997690321
SV1_C58875,C58875,0.9921189325729942
SV1_C25229,C25229,0.9301670537242452
SV1_C59501,C59501,0.9387104578070427
SV1_C88837,C88837,0.9916541150579512
SV1_C20477,C20477,0.9589590766432279
SV1_C88258,C88258,0.9269308293171536
SV1_C16883,C16883,0.932538610320038
SV1_C33111,C33111,0.9591186353161888
SV1_C31310,C31310,0.9114605776615586
SV1_C46306,C46306,0.9734655336814121
SV1_C74443,C74443,0.8789861241015576
SV1_C97303,C97303,0.9241425495926676
SV1_C58222,C58222,0.9226205884224147
SV1_C74490,C74490,0.985677240629532
SV1_C88844,C88844,0.9945959261126532
SV1_C51613,C51613,0.8926644511113861
SV1_C75067,C75067,0.9970627767738234
SV1_C53408,C53408,0.8552138365751137
SV1_C14430,C14430,0.9681936905883085
SV1_C60102,C60102,0.9802810496763735
SV1_C34806,C34806,0.9174689958075751
SV1_C54716,C54716,0.9820024308845531
SV1_C74489,C74489,0.9388685627892129
SV1_C67812,C67812,0.9632856109451045
SV1_C03691,C03691,0.9665782439978271
SV1_C48061,C48061,0.9380175185472471
SV1_C33708,C33708,0.9300874340703469
SV1_C57111,C57111,0.8996207884744243
SV1_C58873,C58873,0.9889676696296085
SV1_C25225,C25225,0.9309674945678562
SV1_C30706,C30706,0.9275029285027415
SV1_C77468,C77468,0.9451916897884733
SV1_C52881,C52881,0.977808087798042
SV1_C42620,C42620,0.8567040784948486
SV1_C62400,C62400,0.9273605736678151
SV1_C69646,C69646,0.917319715986737
SV1_C72635,C72635,0.9041443961148888
SV1_C64281,C64281,0.9317561963837511
SV1_C33606,C33606,0.9462597605759537
SV1_C03027,C03027,0.9647916728604268
SV1_C25302,C25302,0.914228585130302
SV1_C84674,C84674,0.9678544300846456
SV1_C55825,C55825,0.9806343094266737
SV1_C80489,C80489,0.9312733027523737
SV1_C02473,C02473,0.964224569882313
SV1_C08433,C08433,0.998698036389413
SV1_C33715,C33715,0.886382683573783
SV1_C32486,C32486,0.941808359716859
SV1_C24101,C24101,0.9511813957064184
SV1_C24019,C24019,0.980419595388007
SV1_C94293,C94293,0.9170144884902931
SV1_C29514,C29514,0.9279555126584381
SV1_C49823,C49823,0.9524463907474466
SV1_C87695,C87695,0.9789996748082213
SV1_C97896,C97896,0.9181545817172351
SV1_C58299,C58299,0.9149677275306901
SV1_C51021,C51021,0.9210861970457042
SV1_C64887,C64887,0.9741554102314735
SV1_C87686,C87686,0.9140956809882008
SV1_C61888,C61888,0.960874584854504
SV1_C85302,C85302,0.9677765647358837
SV1_C71408,C71408,0.9313329385551856
SV1_C67899,C67899,0.9037551087033998
SV1_C48059,C48059,0.9332084875339317
SV1_C73809,C73809,0.9643589921214372
SV1_C69678,C69678,0.9694617318840988
SV1_C91292,C91292,0.9632935950571021
SV1_C03628,C03628,0.9610880627642197
SV1_C07264,C07264,0.9104572497123802
SV1_C97812,C97812,0.9922390741628379
SV1_C72604,C72604,0.9383511836214212
SV1_C77464,C77464,0.9326294090393183
SV1_C09015,C09015,0.9799343319604366
SV1_C73279,C73279,0.9974530895275157
SV1_C45021,C45021,0.9524217926978554
SV1_C98438,C98438,0.887464413726548
SV1_C43864,C43864,0.9284272320314554
SV1_C76820,C76820,0.9159065856850095
SV1_C27615,C27615,0.9336007834651153
SV1_C93701,C93701,0.9712163480090035
SV1_C01313,C01313,0.9127183207361242
SV1_C49829,C49829,0.9819928164551743
SV1_C43839,C43839,0.9781931468490342
SV1_C73891,C73891,0.9295418798456155
SV1_C07832,C07832,0.9880319656749555
SV1_C18072,C18072,0.9942233103084813
SV1_C51676,C51676,0.9967029604784847
SV1_C97801,C97801,0.9959489026788693
SV1_C76297,C76297,0.9972790684404932
SV1_C77518,C77518,0.9518546167848055
SV1_C73204,C73204,0.9355061157312341
SV1_C99115,C99115,0.9125011599763124
SV1_C87076,C87076,0.9688305709044892
SV1_C73240,C73240,0.9967885033576914
SV1_C02493,C02493,0.9916827638558195
SV1_C45704,C45704,0.9934826606817019
SV1_C12110,C12110,0.8995470376482668
SV1_C61247,C61247,0.9976426060640068
SV1_C01200,C01200,0.9907089993931096
SV1_C95437,C95437,0.962627743585096
SV1_C45116,C45116,0.9936608857280101
SV1_C32472,C32472,0.9995578816567291
SV1_C14404,C14404,0.891603469212985
SV1_C09046,C09046,0.9148684466797219
SV1_C42011,C42011,0.9929181984232754
SV1_C70314,C70314,0.9813607851699557
SV1_C23424,C23424,0.9645242971117051
SV1_C63716,C63716,0.9146567706862863
SV1_C84116,C84116,0.9124628455689577
SV1_C58838,C58838,0.9463166580247384
SV1_C13887,C13887,0.9890512759920413
SV1_C70218,C70218,0.9025751068245128
SV1_C87115,C87115,0.9049625885445797
SV1_C49859,C49859,0.9325523217474442
SV1_C30685,C30685,0.9527452272202558
SV1_C73215,C73215,0.9510121215897203
SV1_C60022,C60022,0.9183972437199506
SV1_C98507,C98507,0.8901444770683262
SV1_C92423,C92423,0.8840682208000589
SV1_C46305,C46305,0.9979729566717922
SV1_C08471,C08471,0.8762708936857118
SV1_C07862,C07862,0.9650044752657222
SV1_C76209,C76209,0.9190759105279726
SV1_C31295,C31295,0.96476922746566
SV1_C21081,C21081,0.9609026030225454
SV1_C70212,C70212,0.8987550562201713
SV1_C47448,C47448,0.9657213409439355
SV1_C51083,C51083,0.9993461220431297
SV1_C93054,C93054,0.929045012402093
SV1_C00021,C00021,0.994399804743859
SV1_C92459,C92459,0.9993232770752489
SV1_C52910,C52910,0.962525981059415
SV1_C10298,C10298,0.926999692647431
SV1_C13891,C13891,0.9681545115511325
SV1_C66082,C66082,0.9489799001095198
SV1_C35481,C35481,0.9118481091583439
SV1_C06086,C06086,0.8624788549446402
SV1_C99612,C99612,0.9426369278130927
SV1_C88901,C88901,0.9342568486320287
SV1_C72630,C72630,0.9152697102592627
SV1_C38406,C38406,0.9833564986704553
SV1_C95423,C95423,0.9997450828095237
SV1_C83480,C83480,0.922673823629448
SV1_C58244,C58244,0.911664022745859
SV1_C11510,C11510,0.9025249628089186
SV1_C91830,C91830,0.9319630290154578
SV1_C11411,C11411,0.9331877760480592
SV1_C57033,C57033,0.9663912391076045
SV1_C51098,C51098,0.9650469418533081
SV1_C73850,C73850,0.9525804655640968
SV1_C13809,C13809,0.8686185534685541
SV1_C03117,C03117,0.9553009411434856
SV1_C40203,C40203,0.9796349085173073
SV1_C49287,C49287,0.9193013232928312
SV1_C89449,C89449,0.880812267807439
SV1_C04317,C04317,0.9334284674364115
SV1_C76911,C76911,0.9755565323671608
SV1_C58802,C58802,0.9855264590362175
SV1_C65429,C65429,0.9745733665868977
SV1_C63697,C63697,0.973348948747484
SV1_C86429,C86429,0.9911492962716515
SV1_C76840,C76840,0.9406343714272606
SV1_C00013,C00013,0.9910604517959634
SV1_C83472,C83472,0.919686319272952
SV1_C58881,C58881,0.994649953467551
SV1_C30023,C30023,0.9997286600979053
SV1_C74446,C74446,0.8900840277211632
SV1_C13245,C13245,0.9853129216519052
SV1_C97275,C97275,0.982793962104195
SV1_C93006,C93006,0.9835221402043863
SV1_C07265,C07265,0.8928286720282799
SV1_C00690,C00690,0.9653400736153039
SV1_C99089,C99089,0.9741694143689725
SV1_C96101,C96101,0.9723271657308431
SV1_C08504,C08504,0.9470141285980219
SV1_C87089,C87089,0.9468448143021133
SV1_C60611,C60611,0.9362200019105459
SV1_C28818,C28818,0.9255398395841071
SV1_C16834,C16834,0.9632279276727761
SV1_C08512,C08512,0.999415688119115
SV1_C82298,C82298,0.9483142942813056
SV1_C99702,C99702,0.9368511304070346
SV1_C18042,C18042,0.9193440098070237
SV1_C55843,C55843,0.9201030749633287
SV1_C34278,C34278,0.9996336189890007
SV1_C61830,C61830,0.882229232426944
SV1_C57712,C57712,0.9975088466658913
SV1_C04283,C04283,0.9896704566072062
SV1_C48702,C48702,0.9764178294040553
SV1_C63646,C63646,0.9897468905927851
SV1_C93679,C93679,0.9217290122467219
SV1_C12092,C12092,0.9356276217938057
SV1_C34220,C34220,0.9465986168180486
SV1_C64814,C64814,0.8995840466191537
SV1_C12629,C12629,0.9565363418039051
SV1_C12059,C12059,0.9804612495324908
SV1_C17447,C17447,0.915815948539357
SV1_C58911,C58911,0.9082651681389075
SV1_C84108,C84108,0.9692017335802338
SV1_C21690,C21690,0.8921091490608379
SV1_C49256,C49256,0.9289870102017502
SV1_C22825,C22825,0.9572212844022457
SV1_C67202,C67202,0.9546881277922654
SV1_C08484,C08484,0.9616916835385838
SV1_C09620,C09620,0.9419879923495182
SV1_C31296,C31296,0.9993680753855991
SV1_C60084,C60084,0.9384656058160556
SV1_C81687,C81687,0.9960944064852921
SV1_C00672,C00672,0.9447583597607296
SV1_C50492,C50492,0.913086069898596
SV1_C57603,C57603,0.9408659559083936
SV1_C77446,C77446,0.88656798081443
SV1_C45038,C45038,0.9579551787313786
SV1_C73242,C73242,0.9508432706426747
SV1_C100232,C100232,0.9851931914222846
SV1_C11452,C11452,0.9239577053950967
SV1_C28237,C28237,0.992146816718536
SV1_C52272,C52272,0.9918527073582927
SV1_C46238,C46238,0.9593906082516939
SV1_C16845,C16845,0.9586117727772575
SV1_C39015,C39015,0.9497490568351661
SV1_C49865,C49865,0.9556274616135975
SV1_C06081,C06081,0.9272187115612999
SV1_C29472,C29472,0.9571986222143349
SV1_C49895,C49895,0.9140340042055154
SV1_C75619,C75619,0.9716366946709628
SV1_C46242,C46242,0.9156493767306713
SV1_C50406,C50406,0.9069296963241688
SV1_C78687,C78687,0.9634350985501732
SV1_C31294,C31294,0.9185261286647886
SV1_C72118,C72118,0.9374781324310772
SV1_C66694,C66694,0.9191042617254308
SV1_C78094,C78094,0.9483591038663461
SV1_C72078,C72078,0.9081756901126916
SV1_C77488,C77488,0.8913311300981369
SV1_C47421,C47421,0.9783958332372713
SV1_C69072,C69072,0.9193174971288521
SV1_C48027,C48027,0.9997996432175053
SV1_C24700,C24700,0.9700535723047499
SV1_C22893,C22893,0.9607653935352823
SV1_C86403,C86403,0.9051252975161068
SV1_C66015,C66015,0.9280630773439197
SV1_C66019,C66019,0.9317787828488092
SV1_C81711,C81711,0.9002238267301867
SV1_C11428,C11428,0.940962697983098
SV1_C13277,C13277,0.8993033882265776
SV1_C43240,C43240,0.9205515719405272
SV1_C97234,C97234,0.9045665415272859
SV1_C86421,C86421,0.8697008456452955
SV1_C46255,C46255,0.9903934597353721
SV1_C25905,C25905,0.9861871332159836
SV1_C01276,C01276,0.9559423243686942
SV1_C67814,C67814,0.9359465885026383
SV1_C80516,C80516,0.9443292620556086
SV1_C65425,C65425,0.9750531140276242
SV1_C36008,C36008,0.9946824249273236
SV1_C78092,C78092,0.9665730113743055
SV1_C13275,C13275,0.9809692990124328
SV1_C45101,C45101,0.9992698030176923
SV1_C58806,C58806,0.9881484935794216
SV1_C34910,C34910,0.9787215887575216
SV1_C70811,C70811,0.9474452954133719
SV1_C87029,C87029,0.994668208170649
SV1_C15016,C15016,0.9505358364775075
SV1_C85293,C85293,0.9144886310408762
SV1_C71510,C71510,0.958957790639005
SV1_C28810,C28810,0.9341895997712492
SV1_C38412,C38412,0.9865755394268457
SV1_C21719,C21719,0.9996199876438515
SV1_C91893,C91893,0.9596517882486632
SV1_C61887,C61887,0.9644156843815326
SV1_C45074,C45074,0.9631402624498103
SV1_C21093,C21093,0.9146917500199288
SV1_C87065,C87065,0.9065491518018292
SV1_C89451,C89451,0.9918226802156315
SV1_C60110,C60110,0.9547079113281313
SV1_C25878,C25878,0.9650702872429257
SV1_C61896,C61896,0.9208816004935229
SV1_C96679,C96679,0.968947987851994
SV1_C27712,C27712,0.983721042167606
SV1_C70308,C70308,0.9661109599453908
SV1_C63016,C63016,0.9204686562801246
SV1_C100215,C100215,0.905817103118329
SV1_C03643,C03643,0.9473788461086489
SV1_C27038,C27038,0.9549057253082239
SV1_C24601,C24601,0.8935256295960433
SV1_C64833,C64833,0.9626476277398562
SV1_C15600,C15600,0.8862122139385122
SV1_C43223,C43223,0.8991696889750225
SV1_C50500,C50500,0.9895559459763016
SV1_C52806,C52806,0.8994352534039887
SV1_C93640,C93640,0.9901087826787743
SV1_C77471,C77471,0.9723163065881536
SV1_C75647,C75647,0.9480545329160752
SV1_C73811,C73811,0.9275934871767332
SV1_C94232,C94232,0.9321545185237371
SV1_C13303,C13303,0.9998227067647127
SV1_C26506,C26506,0.931776049190429
SV1_C00096,C00096,0.9148312654016942
SV1_C56413,C56413,0.9862463427387704
SV1_C73209,C73209,0.9677144388302892
SV1_C59428,C59428,0.9600435253877145
SV1_C27103,C27103,0.9609558962757091
SV1_C62487,C62487,0.9350792731769858
SV1_C99077,C99077,0.8824861431170441
SV1_C63012,C63012,0.9318112747620182
SV1_C02502,C02502,0.99258449204046
SV1_C97810,C97810,0.964165243421986
SV1_C18609,C18609,0.9211620827083082
SV1_C84617,C84617,0.9254091540254207
SV1_C58286,C58286,0.913981949712278
SV1_C99093,C99093,0.9043093001013472
SV1_C69025,C69025,0.9604104248600044
SV1_C63095,C63095,0.902950471741952
SV1_C31285,C31285,0.948362374944606
SV1_C86449,C86449,0.8812796086564835
SV1_C18627,C18627,0.9340526460143281
SV1_C08417,C08417,0.9604442926748351
SV1_C57618,C57618,0.9850579006507477
SV1_C67916,C67916,0.9977190405848697
SV1_C09704,C09704,0.9550331824078689
SV1_C17422,C17422,0.9588481314938829
SV1_C11494,C11494,0.9745599439913013
SV1_C49314,C49314,0.9813864028516189
SV1_C74451,C74451,0.9211738566035979
SV1_C70224,C70224,0.9086674739924457
SV1_C05483,C05483,0.9420502475622767
SV1_C81685,C81685,0.9678842429639054
SV1_C76207,C76207,0.894003962613718
SV1_C78077,C78077,0.9430018809536613
SV1_C70810,C70810,0.9991182403443073
SV1_C73296,C73296,0.9797857863327815
SV1_C54714,C54714,0.9586533887227601
SV1_C48643,C48643,0.9153513384190379
SV1_C63077,C63077,0.9845815765801753
SV1_C93619,C93619,0.9598689412832285
SV1_C24014,C24014,0.9265822885583429
SV1_C79202,C79202,0.8979103668882173
SV1_C65416,C65416,0.9095992784373375
SV1_C09681,C09681,0.9949196297029987
SV1_C86490,C86490,0.9145476834015146
SV1_C57612,C57612,0.9561556189848092
SV1_C91839,C91839,0.8812231234918664
SV1_C82916,C82916,0.9323890784896656
SV1_C72628,C72628,0.9487283247130928
SV1_C82216,C82216,0.9220863633289403
SV1_C26497,C26497,0.9924726694509063
SV1_C27033,C27033,0.9485272524906623
SV1_C100319,C100319,0.8932943301535717
SV1_C20402,C20402,0.9274317749467437
SV1_C00622,C00622,0.9536267681499477
SV1_C48700,C48700,0.9297320685787156
SV1_C94275,C94275,0.9270832131686298
SV1_C76223,C76223,0.9123697189396883
SV1_C87681,C87681,0.9690390318702735
SV1_C63680,C63680,0.9835321134552447
SV1_C69687,C69687,0.9758119629887607
SV1_C31206,C31206,0.9213440968281686
SV1_C77470,C77470,0.9237794188276991
SV1_C72026,C72026,0.9127852489730358
SV1_C06706,C06706,0.9183328111060749
SV1_C48062,C48062,0.9096088466323669
SV1_C35419,C35419,0.921219557906496
SV1_C08491,C08491,0.9608218418792946
SV1_C47419,C47419,0.9338954935671949
SV1_C93707,C93707,0.9297047941288454
SV1_C55237,C55237,0.9795097896040555
SV1_C76295,C76295,0.9324549797484091
SV1_C57698,C57698,0.941387354841463
SV1_C86492,C86492,0.996328900829886
SV1_C68485,C68485,0.9375984430086649
SV1_C53482,C53482,0.9478667198439162
SV1_C66624,C66624,0.998955155744863
SV1_C77486,C77486,0.987153486933243
SV1_C29502,C29502,0.9263645961960038
SV1_C93012,C93012,0.9850503605102678
SV1_C46832,C46832,0.985671891977319
SV1_C92506,C92506,0.9706532149617954
SV1_C39020,C39020,0.9962931746012516
SV1_C24707,C24707,0.997901187326567
SV1_C18612,C18612,0.9324731982160223
SV1_C73245,C73245,0.9424123126293448
SV1_C28219,C28219,0.9072500026922304
SV1_C63047,C63047,0.9634708949908208
SV1_C92460,C92460,0.9751504717286585
SV1_C63035,C63035,0.9505308937909807
SV1_C61231,C61231,0.9957650677789889
SV1_C61294,C61294,0.9812721985985381
SV1_C93044,C93044,0.986876571112492
SV1_C21639,C21639,0.9891536247775649
SV1_C60699,C60699,0.9056727255970757
SV1_C87017,C87017,0.928780415561191
SV1_C57683,C57683,0.9765715470127094
SV1_C46860,C46860,0.9718562240953709
SV1_C11487,C11487,0.9678516230654987
SV1_C40807,C40807,0.9920043699078308
SV1_C79278,C79278,0.9257386837325026
SV1_C61812,C61812,0.9350900257088874
SV1_C34894,C34894,0.9176681939356556
SV1_C82890,C82890,0.901445772146003
SV1_C47450,C47450,0.9422297984140188
SV1_C70301,C70301,0.9997410111458734
SV1_C62443,C62443,0.9316296844910142
SV1_C13259,C13259,0.9836114579646948
SV1_C79885,C79885,0.9847634447226706
SV1_C56488,C56488,0.9170379843568285
SV1_C14487,C14487,0.9485314348737903
SV1_C00092,C00092,0.9978806651296055
SV1_C45016,C45016,0.8712190736631216
SV1_C76270,C76270,0.9025454134991232
SV1_C61897,C61897,0.9633439795243363
SV1_C87045,C87045,0.9958591323878152
SV1_C92496,C92496,0.986094437105538
SV1_C96706,C96706,0.9972225292240905
SV1_C18034,C18034,0.9188718433993281
SV1_C59478,C59478,0.9434901378321928
SV1_C27625,C27625,0.9865976559789693
SV1_C28891,C28891,0.9992990955796505
SV1_C45616,C45616,0.8774228527528121
SV1_C52236,C52236,0.900594005086537
SV1_C31312,C31312,0.9135083641248877
SV1_C55281,C55281,0.9498249882355457
SV1_C62516,C62516,0.9076399939295067
SV1_C52208,C52208,0.8623427530469301
SV1_C21642,C21642,0.9546595910864576
SV1_C06091,C06091,0.8711497837312502
SV1_C06080,C06080,0.9238008989501665
SV1_C49285,C49285,0.9561375134353628
SV1_C78083,C78083,0.9584283487000735
SV1_C82806,C82806,0.9205608588600225
SV1_C14438,C14438,0.9988255934758458
SV1_C06641,C06641,0.9934002817898135
SV1_C03708,C03708,0.9177686062812787
SV1_C43843,C43843,0.9995029180633833
SV1_C94212,C94212,0.9704780349837383
SV1_C87008,C87008,0.884345082355065
SV1_C86422,C86422,0.8852931506870564
SV1_C57109,C57109,0.907323110674188
SV1_C21012,C21012,0.9050674860959562
SV1_C87049,C87049,0.8830261809861965
SV1_C96042,C96042,0.9205222557234257
SV1_C52294,C52294,0.9899780276376672
SV1_C86419,C86419,0.8837413068110209
SV1_C71405,C71405,0.9632869576896436
SV1_C97219,C97219,0.9610245282496918
SV1_C60676,C60676,0.9425440154572735
SV1_C12064,C12064,0.9411454118238227
SV1_C78657,C78657,0.967785602651634
SV1_C77427,C77427,0.9469025274011078
SV1_C07916,C07916,0.9281456761923406
SV1_C91870,C91870,0.9276199328149889
SV1_C77503,C77503,0.959552826478491
SV1_C43275,C43275,0.9998124824953298
SV1_C33023,C33023,0.9820445345107853
SV1_C31200,C31200,0.9646695943129314
SV1_C88877,C88877,0.9721424840938152
SV1_C18642,C18642,0.90887702121714
SV1_C63679,C63679,0.9192695209031492
SV1_C04806,C04806,0.9393564846056378
SV1_C10919,C10919,0.95215414690614
SV1_C07213,C07213,0.9283922946489105
SV1_C64913,C64913,0.8686404143683616
SV1_C22298,C22298,0.9242999027772663
SV1_C26488,C26488,0.8995440610021808
SV1_C69099,C69099,0.891919058637101
SV1_C69113,C69113,0.8997001309870646
SV1_C07260,C07260,0.9476318468350504
SV1_C80472,C80472,0.9530712583336447
SV1_C21674,C21674,0.8596279613434262
SV1_C09089,C09089,0.9827373876680812
SV1_C77509,C77509,0.9511940941325322
SV1_C66706,C66706,0.9950315004817607
SV1_C65499,C65499,0.9123645336257895
SV1_C04244,C04244,0.9848869452634844
SV1_C55912,C55912,0.9369012615355683
SV1_C94225,C94225,0.8921294677977427
SV1_C87099,C87099,0.9725958086520531
SV1_C18045,C18045,0.9527212439361109
SV1_C13279,C13279,0.9848148030192007
SV1_C12652,C12652,0.9803977906679481
SV1_C44513,C44513,0.9498121304967607
SV1_C52841,C52841,0.9375873886841237
SV1_C34898,C34898,0.9857563650967855
SV1_C02497,C02497,0.9487272606482824
SV1_C93109,C93109,0.9882747220456002
SV1_C86425,C86425,0.9905477737636417
SV1_C06639,C06639,0.915881151705904
SV1_C03079,C03079,0.9716556985056414
SV1_C91911,C91911,0.9574183361693046
SV1_C33116,C33116,0.9649304336565001
SV1_C94273,C94273,0.9646215815919469
SV1_C64812,C64812,0.9323014733423635
SV1_C45702,C45702,0.9735291089626902
SV1_C100202,C100202,0.8777169939904673
SV1_C23422,C23422,0.9982029781089428
SV1_C65406,C65406,0.9337989881845005
SV1_C87118,C87118,0.8848705975499972
SV1_C86431,C86431,0.9849459271125678
SV1_C64842,C64842,0.9368605374168274
SV1_C77515,C77515,0.9840448351864192
SV1_C85887,C85887,0.9590841785093936
SV1_C03093,C03093,0.9890440064942084
SV1_C10301,C10301,0.965300765008295
SV1_C12686,C12686,0.936385665131392
SV1_C87641,C87641,0.9360858839281543
SV1_C28224,C28224,0.9924847034893964
SV1_C75011,C75011,0.9206851648026446
SV1_C12091,C12091,0.9923442119581144
SV1_C93028,C93028,0.9415325135037178
SV1_C45089,C45089,0.933230712591966
SV1_C27025,C27025,0.9451417747116866
SV1_C13842,C13842,0.8811215360130521
SV1_C52897,C52897,0.9972337190674961
SV1_C97890,C97890,0.9085200304485728
SV1_C03635,C03635,0.961568789715555
SV1_C44517,C44517,0.9840913656586345
SV1_C68429,C68429,0.9798338175316501
SV1_C29478,C29478,0.9944967368811856
SV1_C45689,C45689,0.9326505184780945
SV1_C63008,C63008,0.9260132921604917
SV1_C09612,C09612,0.9626617655719258
SV1_C21009,C21009,0.9161794634625814
SV1_C00621,C00621,0.9950379840654776
SV1_C76904,C76904,0.9724035604563918
SV1_C24038,C24038,0.9531268400426826
SV1_C90646,C90646,0.9637011114289158
SV1_C19889,C19889,0.9386104526057061
SV1_C00047,C00047,0.9995263950150942
SV1_C45713,C45713,0.9501300637679122
SV1_C46205,C46205,0.9273826159174703
SV1_C12718,C12718,0.974318370290682
SV1_C08506,C08506,0.9101179526148417
SV1_C64917,C64917,0.9637560559542865
SV1_C87642,C87642,0.9062962128593712
SV1_C01844,C01844,0.9994367195330734
SV1_C92477,C92477,0.9853254921892772
SV1_C24675,C24675,0.8964689543123661
SV1_C75008,C75008,0.9188158317238723
SV1_C76894,C76894,0.9152619037350918
SV1_C58315,C58315,0.8814568771667123
SV1_C34292,C34292,0.9778778083157554
SV1_C46853,C46853,0.9880800146341877
SV1_C47498,C47498,0.9548601308100862
SV1_C06089,C06089,0.9290796840852089
SV1_C64905,C64905,0.9437463904785213
SV1_C91836,C91836,0.8858434673809888
SV1_C00714,C00714,0.9052117048247953
SV1_C19890,C19890,0.8921315985398287
SV1_C42020,C42020,0.9661953736134742
SV1_C30614,C30614,0.9337609848435128
SV1_C15091,C15091,0.9312383609314488
SV1_C24107,C24107,0.9994813055829275
SV1_C55284,C55284,0.9552608203974745
SV1_C09636,C09636,0.9612364063109955
SV1_C06693,C06693,0.9949248054301322
SV1_C48699,C48699,0.9081323629671971
SV1_C96044,C96044,0.9414000097335631
SV1_C69634,C69634,0.9859137182779307
SV1_C16809,C16809,0.9137026414333884
SV1_C49879,C49879,0.936881904731462
SV1_C69677,C69677,0.9094542264315663
SV1_C63639,C63639,0.9750591514713759
SV1_C03620,C03620,0.9847127822963031
SV1_C36005,C36005,0.9987670482386428
SV1_C72650,C72650,0.9464486860584368
SV1_C91865,C91865,0.9866074889717742
SV1_C97880,C97880,0.9251787715924159
SV1_C55288,C55288,0.9919294794739221
SV1_C15043,C15043,0.964912111951695
SV1_C46806,C46806,0.9356111289363179
SV1_C19235,C19235,0.9756746257069477
SV1_C97909,C97909,0.9348743904349052
SV1_C81108,C81108,0.9080015260645713
SV1_C47441,C47441,0.9195442478321597
SV1_C47515,C47515,0.9141432171555941
SV1_C01897,C01897,0.9539529558380587
SV1_C23483,C23483,0.929628600351437
SV1_C57119,C57119,0.8765923778371102
SV1_C33711,C33711,0.9278284284411914
SV1_C58294,C58294,0.999309608780851
SV1_C73265,C73265,0.952214020122432
SV1_C04237,C04237,0.9755005964414069
SV1_C01803,C01803,0.9851036819965652
SV1_C99074,C99074,0.9066091148636496
SV1_C05404,C05404,0.9815769590364647
SV1_C37807,C37807,0.9402679254667877
SV1_C100206,C100206,0.8777603046642642
SV1_C46266,C46266,0.9155882522629186
SV1_C66074,C66074,0.9303625655004821
SV1_C47416,C47416,0.9129770656035385
SV1_C71481,C71481,0.8958478072813074
SV1_C91266,C91266,0.909398176044046
SV1_C70275,C70275,0.9738112169174786
SV1_C43823,C43823,0.9067425949420203
SV1_C12094,C12094,0.9423646944799711
SV1_C88803,C88803,0.894264669657569
SV1_C75051,C75051,0.9167455693774729
SV1_C58896,C58896,0.9085802267523063
SV1_C54076,C54076,0.9566945736303688
SV1_C19239,C19239,0.9612182193419193
SV1_C71406,C71406,0.9900549843557237
SV1_C52893,C52893,0.9654034548713992
SV1_C08459,C08459,0.8995223142500145
SV1_C45086,C45086,0.9575760510380015
SV1_C13836,C13836,0.86597866704781
SV1_C43895,C43895,0.9465040107789267
SV1_C98516,C98516,0.9721976956956633
SV1_C73831,C73831,0.8988339983805382
SV1_C76273,C76273,0.9068166469891609
SV1_C97882,C97882,0.9390072042946582
SV1_C61208,C61208,0.9272960968235243
SV1_C83508,C83508,0.9629354926078437
SV1_C51698,C51698,0.9667554365923383
SV1_C57715,C57715,0.8813506495662297
SV1_C91249,C91249,0.8701274093394573
SV1_C09012,C09012,0.9562806109498551
SV1_C76264,C76264,0.946270503829312
SV1_C72629,C72629,0.9566958023484718
SV1_C90611,C90611,0.8956174762566991
SV1_C53427,C53427,0.9895675097144303
SV1_C94893,C94893,0.9197712925353441
SV1_C16810,C16810,0.9380671558591546
SV1_C28239,C28239,0.8806321033227168
SV1_C51000,C51000,0.8615080303422207
SV1_C49854,C49854,0.9884341205213665
SV1_C93099,C93099,0.8690763951485468
SV1_C23441,C23441,0.9521887819231732
SV1_C00097,C00097,0.9599984538040421
SV1_C79807,C79807,0.9374759302072134
SV1_C07900,C07900,0.9456868417072266
SV1_C77505,C77505,0.9416578824205751
SV1_C69631,C69631,0.9221191299723057
SV1_C30109,C30109,0.9726765681414357
SV1_C27112,C27112,0.9487980843002634
SV1_C04229,C04229,0.9514445777412887
SV1_C66095,C66095,0.9977689388373776
SV1_C13830,C13830,0.8956552685006127
SV1_C90080,C90080,0.992083928775424
SV1_C26425,C26425,0.9534413046972977
SV1_C58206,C58206,0.9896250492333705
SV1_C46200,C46200,0.9353491118529834
SV1_C03028,C03028,0.9708599954395719
SV1_C67903,C67903,0.9029369258306177
SV1_C96688,C96688,0.9642029734797877
SV1_C72626,C72626,0.9149651406396583
SV1_C82800,C82800,0.9534910082735251
SV1_C15613,C15613,0.925738942812856
SV1_C70202,C70202,0.9857481169715385
SV1_C02496,C02496,0.9244808939620047
SV1_C72047,C72047,0.9732026128710701
SV1_C87684,C87684,0.9855220341801768
SV1_C44480,C44480,0.9920842119319903
SV1_C100231,C100231,0.864845432462688
SV1_C73268,C73268,0.9541376052262892
SV1_C29416,C29416,0.9370705149903702
SV1_C83415,C83415,0.9547039965690504
SV1_C86517,C86517,0.9272347492973363
SV1_C43314,C43314,0.9220824169844222
SV1_C90057,C90057,0.8833497343181255
SV1_C97830,C97830,0.9091578902528302
SV1_C70222,C70222,0.9644768553684385
SV1_C88205,C88205,0.9063334556335725
SV1_C04280,C04280,0.9970657498326824
SV1_C64821,C64821,0.9920981882445258
SV1_C55282,C55282,0.998574700453017
SV1_C73864,C73864,0.9665216114275544
SV1_C92420,C92420,0.8757213995418559
SV1_C09061,C09061,0.9422858650284898
SV1_C54002,C54002,0.8842623595684334
SV1_C58883,C58883,0.9902320221940913
SV1_C13231,C13231,0.9596470352597251
SV1_C60687,C60687,0.9778873203826725
SV1_C78059,C78059,0.9550668229533839
SV1_C00645,C00645,0.9867546175627963
SV1_C04239,C04239,0.9520182564594862
SV1_C91808,C91808,0.9611452031030003
SV1_C87090,C87090,0.9110514259270753
SV1_C05406,C05406,0.9564815104845047
SV1_C70819,C70819,0.9360490007362615
SV1_C93608,C93608,0.9734709727367117
SV1_C98508,C98508,0.8865124755115529
SV1_C96082,C96082,0.987497626092805
SV1_C53474,C53474,0.9508500245269579
SV1_C07239,C07239,0.8578613568158366
SV1_C61316,C61316,0.9111947352888148
SV1_C63610,C63610,0.9089517251925293
SV1_C07830,C07830,0.953210371572745
SV1_C19232,C19232,0.985137786338508
SV1_C72634,C72634,0.9141761120124697
SV1_C74438,C74438,0.8965054397277228
SV1_C44428,C44428,0.9914644422202438
SV1_C88227,C88227,0.9838601100800033
SV1_C66103,C66103,0.9180296532648693
SV1_C94202,C94202,0.9413739044623629
SV1_C49273,C49273,0.9728537891544441
SV1_C90059,C90059,0.9819765090931685
SV1_C77455,C77455,0.9656860811238155
SV1_C29500,C29500,0.9971999281316029
SV1_C22287,C22287,0.9705006561438408
SV1_C92498,C92498,0.9710372139289929
SV1_C52899,C52899,0.927250781166186
SV1_C48665,C48665,0.923244405712526
SV1_C07280,C07280,0.9844590698058263
SV1_C70200,C70200,0.9227101053910715
SV1_C64834,C64834,0.915233258253538
SV1_C10268,C10268,0.9975112633868514
SV1_C16887,C16887,0.9443620202695596
SV1_C94873,C94873,0.9616983300236938
SV1_C34216,C34216,0.9786589127414504
SV1_C61872,C61872,0.9239643795329427
SV1_C72086,C72086,0.9643954574112027
SV1_C99104,C99104,0.8928172458047637
SV1_C46915,C46915,0.9262564175094035
SV1_C87092,C87092,0.9983427901528646
SV1_C48029,C48029,0.9548932881746942
SV1_C04800,C04800,0.9641444275414859
SV1_C76257,C76257,0.9527568180449819
SV1_C23479,C23479,0.9117151427293967
SV1_C36616,C36616,0.9558995721414839
SV1_C18047,C18047,0.9253461181245759
SV1_C52306,C52306,0.9698320123040408
SV1_C74494,C74494,0.9673154827133729
SV1_C74498,C74498,0.9597558903128722
SV1_C87621,C87621,0.8843174730879574
SV1_C75054,C75054,0.9527020421049425
SV1_C60601,C60601,0.956197454078285
SV1_C65418,C65418,0.8797545457550479
SV1_C79913,C79913,0.888783027503913
SV1_C25912,C25912,0.9189580456449925
SV1_C45611,C45611,0.9983632338278561
SV1_C46303,C46303,0.9932325930783015
SV1_C60646,C60646,0.914236281605451
SV1_C60702,C60702,0.9871542031091579
SV1_C52915,C52915,0.9979832618162715
SV1_C87014,C87014,0.9311081156437344
SV1_C33717,C33717,0.9882018042459806
SV1_C100245,C100245,0.923540077961023
SV1_C78646,C78646,0.9293014959950864
SV1_C17444,C17444,0.9119219798797167
SV1_C02400,C02400,0.985034626693526
SV1_C07846,C07846,0.9206697931604503
SV1_C95438,C95438,0.8869684245658941
SV1_C94210,C94210,0.9407411911918238
SV1_C99697,C99697,0.9296836064172248
SV1_C64236,C64236,0.9294455238177336
SV1_C07314,C07314,0.9284529455664803
SV1_C04314,C04314,0.9346954297937631
SV1_C67300,C67300,0.9160719619985217
SV1_C94888,C94888,0.9288680230503507
SV1_C09071,C09071,0.8870845155429544
SV1_C45601,C45601,0.9159281424892141
SV1_C57607,C57607,0.9431347202965609
SV1_C64206,C64206,0.9173193041558203
SV1_C21608,C21608,0.8938159767720927
SV1_C76859,C76859,0.9416058642275544
SV1_C54015,C54015,0.8884643241956229
SV1_C90685,C90685,0.9909518219268656
SV1_C00600,C00600,0.9918388444890979
SV1_C01831,C01831,0.9793319739244009
SV1_C67286,C67286,0.985736934930951
SV1_C19825,C19825,0.9659345240089792
SV1_C87713,C87713,0.9919732587899783
SV1_C70213,C70213,0.937238470527192
SV1_C44471,C44471,0.9394656937517879
SV1_C66620,C66620,0.9939184745000644
SV1_C43868,C43868,0.9495771561078555
SV1_C13270,C13270,0.9367966372196146
SV1_C47462,C47462,0.939219202104209
SV1_C96698,C96698,0.9974667239127896
SV1_C44518,C44518,0.9423453579708662
SV1_C00106,C00106,0.9961133156315571
SV1_C06618,C06618,0.9473831801452015
SV1_C73299,C73299,0.9102186200341283
SV1_C73877,C73877,0.953467216096621
SV1_C74433,C74433,0.9530829739051097
SV1_C34222,C34222,0.9747505418144212
SV1_C57676,C57676,0.9837716269983883
SV1_C84087,C84087,0.8992867527223043
SV1_C48673,C48673,0.9586756192827467
SV1_C78102,C78102,0.9261040975321214
SV1_C94918,C94918,0.9501055227161971
SV1_C69076,C69076,0.921692127249894
SV1_C15029,C15029,0.9171047647638415
SV1_C13903,C13903,0.9898957229665014
SV1_C79916,C79916,0.9436834545296249
SV1_C07883,C07883,0.9628569023849278
SV1_C18611,C18611,0.9713764479352736
SV1_C91914,C91914,0.8786647799423948
SV1_C85817,C85817,0.9102819371119104
SV1_C23501,C23501,0.9405837635368309
SV1_C61273,C61273,0.9209897546050634
SV1_C70901,C70901,0.9838502945806701
SV1_C11479,C11479,0.9024724028244905
SV1_C46213,C46213,0.914228948297719
SV1_C48606,C48606,0.9516986578752343
SV1_C36002,C36002,0.9825484117695934
SV1_C84714,C84714,0.9150390147109707
SV1_C94239,C94239,0.9375489736093987
SV1_C66695,C66695,0.9948701307478236
SV1_C16825,C16825,0.9278048074902839
SV1_C61305,C61305,0.9568319395077244
SV1_C37202,C37202,0.9840553302588698
SV1_C97818,C97818,0.9272133447055088
SV1_C81709,C81709,0.9039583602085922
SV1_C00605,C00605,0.9991226275481953
SV1_C03638,C03638,0.9452548393663514
SV1_C27032,C27032,0.9380714736807165
SV1_C12704,C12704,0.9713022372995108
SV1_C91260,C91260,0.9197267435366717
SV1_C16291,C16291,0.9596919117254817
SV1_C24627,C24627,0.9770882858786827
SV1_C94229,C94229,0.9009016622122719
SV1_C42614,C42614,0.9637843892008503
SV1_C21618,C21618,0.9322171849145392
SV1_C09039,C09039,0.9044885301892442
SV1_C23409,C23409,0.9065650209775951
SV1_C87711,C87711,0.9618177966224639
SV1_C24007,C24007,0.9874529029407958
SV1_C48039,C48039,0.9859739034835212
SV1_C55245,C55245,0.9409234544177678
SV1_C31819,C31819,0.9532472414733618
SV1_C96628,C96628,0.9151482806727115
SV1_C06681,C06681,0.9141959159535468
SV1_C17421,C17421,0.9912131729098992
SV1_C99640,C99640,0.9312470845608427
SV1_C73262,C73262,0.9258650117959975
SV1_C69702,C69702,0.956259115013257
SV1_C13804,C13804,0.86976151441355
SV1_C02445,C02445,0.9932226442942891
SV1_C12701,C12701,0.9706824963999384
SV1_C16237,C16237,0.9170287014568053
SV1_C02491,C02491,0.9499513415649216
SV1_C00088,C00088,0.9111577188464487
SV1_C01887,C01887,0.972228888858403
SV1_C23517,C23517,0.9826139667873397
SV1_C45656,C45656,0.9917364211649939
SV1_C63644,C63644,0.9339018337925873
SV1_C96023,C96023,0.9989723243848744
SV1_C24030,C24030,0.9361152045413285
SV1_C03046,C03046,0.9329720697729694
SV1_C31900,C31900,0.9973193743184401
SV1_C72007,C72007,0.9352431573914795
SV1_C12106,C12106,0.9073630336431304
SV1_C57674,C57674,0.9278577486702514
SV1_C86506,C86506,0.9000345366437923
SV1_C66640,C66640,0.8992077620927932
SV1_C61833,C61833,0.9350615989016166
SV1_C54082,C54082,0.9726335312342524
SV1_C12055,C12055,0.9816956060987033
SV1_C54646,C54646,0.945141099659606
SV1_C47456,C47456,0.9674236184944305
SV1_C100297,C100297,0.9386371386085034
SV1_C02510,C02510,0.9680892503442482
SV1_C66631,C66631,0.8805678248032262
SV1_C98432,C98432,0.9284344817623805
SV1_C55919,C55919,0.8799399356407502
SV1_C28808,C28808,0.9404182068873119
SV1_C43909,C43909,0.9906847208857518
SV1_C31284,C31284,0.956634734958146
SV1_C23485,C23485,0.9695368641014975
SV1_C27036,C27036,0.9271668871558812
SV1_C54079,C54079,0.9807681952962601
SV1_C24119,C24119,0.9963740605402663
SV1_C61881,C61881,0.9230602172776229
SV1_C79216,C79216,0.9276763842386552
SV1_C58801,C58801,0.9666006504408856
SV1_C22288,C22288,0.8919746969974343
SV1_C19824,C19824,0.9597012329469727
SV1_C21627,C21627,0.971249127899703
SV1_C21709,C21709,0.8841896687327999
SV1_C66081,C66081,0.9870764637272798
SV1_C84672,C84672,0.9247310064805724
SV1_C57647,C57647,0.955870405347054
SV1_C75666,C75666,0.9724146031947858
SV1_C67826,C67826,0.9742434280849074
SV1_C55877,C55877,0.9513900731275738
SV1_C70833,C70833,0.9433782863617761
SV1_C82203,C82203,0.9521976977438821
SV1_C07284,C07284,0.9592764744392526
SV1_C56419,C56419,0.8966319703702743
SV1_C90081,C90081,0.9836384400679102
SV1_C44464,C44464,0.929619535575933
SV1_C45055,C45055,0.9969458090087105
SV1_C87668,C87668,0.9851105023708417
SV1_C35405,C35405,0.9167293519006636
SV1_C61875,C61875,0.9847694581398279
SV1_C18030,C18030,0.9197988046693413
SV1_C76206,C76206,0.9520278561360591
SV1_C22247,C22247,0.8859568116386559
SV1_C09675,C09675,0.9537869770873802
SV1_C77408,C77408,0.9222159165391679
SV1_C16831,C16831,0.8683633253900209
SV1_C66072,C66072,0.9949188583609642
SV1_C87714,C87714,0.9436170842978473
SV1_C76259,C76259,0.9094792076375382
SV1_C73881,C73881,0.9521121574439474
SV1_C18614,C18614,0.9264977999466658
SV1_C24008,C24008,0.9253112994489473
SV1_C35501,C35501,0.9290970716580395
SV1_C80495,C80495,0.9977247761395645
SV1_C13918,C13918,0.9345509286040415
SV1_C23428,C23428,0.9700536474785137
SV1_C25896,C25896,0.9943682901807026
SV1_C80409,C80409,0.9315496190768922
SV1_C80419,C80419,0.9282886682550772
SV1_C37815,C37815,0.933732635789077
SV1_C61297,C61297,0.961221632557897
SV1_C11415,C11415,0.9649464483741407
SV1_C43865,C43865,0.9344787111809886
SV1_C72043,C72043,0.8755737772170085
SV1_C13841,C13841,0.9188975981283192
SV1_C63696,C63696,0.9681236957295517
SV1_C20429,C20429,0.9121225741449391
SV1_C60600,C60600,0.9322463553306282
SV1_C45001,C45001,0.9035731075523071
SV1_C73813,C73813,0.9501545708986867
SV1_C93647,C93647,0.9235756849481519
SV1_C00118,C00118,0.9213743670712631
SV1_C67821,C67821,0.9994729437852682
SV1_C61839,C61839,0.9888062187253513
SV1_C62437,C62437,0.9610814059975973
SV1_C48711,C48711,0.9202056789188068
SV1_C09058,C09058,0.9973332515470642
SV1_C88237,C88237,0.9906976896951687
SV1_C65410,C65410,0.9308219968674725
SV1_C51621,C51621,0.9299499033983332
SV1_C75016,C75016,0.9603936340077867
SV1_C88823,C88823,0.8750892367227894
SV1_C64231,C64231,0.9172418931635974
SV1_C96713,C96713,0.9288680326929292
SV1_C33714,C33714,0.9156995546215352
SV1_C95506,C95506,0.9991951756049506
SV1_C83482,C83482,0.9824236142636777
SV1_C52303,C52303,0.9366280456507659
SV1_C13257,C13257,0.9596502785273856
SV1_C13892,C13892,0.9860760506343539
SV1_C28886,C28886,0.94863653537211
SV1_C85319,C85319,0.9295831778662983
SV1_C76844,C76844,0.9548821713910626
SV1_C98429,C98429,0.9342602597901114
SV1_C68423,C68423,0.9886412611309402
SV1_C26492,C26492,0.9945179608273701
SV1_C31910,C31910,0.9102638146169478
SV1_C67205,C67205,0.9926965864157289
SV1_C76300,C76300,0.9890553388168852
SV1_C58205,C58205,0.9708424993502688
SV1_C02517,C02517,0.957737926214981
SV1_C43288,C43288,0.9219846178462298
SV1_C59490,C59490,0.9240875670749245
SV1_C85312,C85312,0.933046517621097
SV1_C52890,C52890,0.8990594803540408
SV1_C00702,C00702,0.9997021633971019
SV1_C21013,C21013,0.908829711815904
SV1_C68495,C68495,0.9700550202297191
SV1_C34207,C34207,0.9434247971027784
SV1_C01218,C01218,0.9169560532023104
SV1_C66010,C66010,0.9391015632292355
SV1_C12625,C12625,0.9575923587192539
SV1_C90079,C90079,0.9862921796098421
SV1_C21716,C21716,0.9601418030473264
SV1_C91846,C91846,0.9627523326326733
SV1_C90645,C90645,0.9871116066804067
SV1_C67289,C67289,0.8970545848375099
SV1_C15004,C15004,0.8905424542434988
SV1_C10287,C10287,0.9564424960020373
SV1_C57023,C57023,0.8578237685796566
SV1_C45622,C45622,0.9748262922481044
SV1_C21014,C21014,0.9116571161840341
SV1_C71413,C71413,0.946444601551444
SV1_C83404,C83404,0.9538032331381935
SV1_C44418,C44418,0.9008312671177886
SV1_C80422,C80422,0.9508145882519455
SV1_C48051,C48051,0.9308960287846136
SV1_C12033,C12033,0.9325961622552743
SV1_C96092,C96092,0.9207571014391416
SV1_C10230,C10230,0.9473414079980815
SV1_C00089,C00089,0.9137222985441427
SV1_C22276,C22276,0.984223239581151
SV1_C63042,C63042,0.9308731405843444
SV1_C81100,C81100,0.8831834354147531
SV1_C44453,C44453,0.9986120539611227
SV1_C82284,C82284,0.9665453957649793
SV1_C65511,C65511,0.9744107252171312
SV1_C09056,C09056,0.9488125995666211
SV1_C100246,C100246,0.8774303229066466
SV1_C91864,C91864,0.9799130491231632
SV1_C15606,C15606,0.9375699291574934
SV1_C52233,C52233,0.9287907143254175
SV1_C27118,C27118,0.9469606009992473
SV1_C12708,C12708,0.9777887423891156
SV1_C83411,C83411,0.9549237754594442
SV1_C76304,C76304,0.9866104239856963
SV1_C43224,C43224,0.9856660212539733
SV1_C44509,C44509,0.9923697854672971
SV1_C95518,C95518,0.9517844704609324
SV1_C78610,C78610,0.9456271488984365
SV1_C33678,C33678,0.9751595583796326
SV1_C53402,C53402,0.893403598729405
SV1_C47459,C47459,0.9650725987536924
SV1_C55294,C55294,0.9838572935539905
SV1_C27085,C27085,0.945187712545859
SV1_C52223,C52223,0.9976493509975505
SV1_C76240,C76240,0.9771528107271226
SV1_C22816,C22816,0.9694133606650692
SV1_C67886,C67886,0.9935007229833259
SV1_C51029,C51029,0.9008851609915125
SV1_C87026,C87026,0.9613128529214053
SV1_C66675,C66675,0.9987248053736211
SV1_C92424,C92424,0.9206361946487237
SV1_C08442,C08442,0.9991155851751494
SV1_C71439,C71439,0.9744252366494676
SV1_C06095,C06095,0.9150726842913601
SV1_C43230,C43230,0.9556368429574977
SV1_C05505,C05505,0.9523423726403539
SV1_C67217,C67217,0.9207163777062971
SV1_C78045,C78045,0.9591638021791677
SV1_C02492,C02492,0.9977385303394667
SV1_C01229,C01229,0.9776220676178421
SV1_C97815,C97815,0.9927275413756287
SV1_C58226,C58226,0.914165128796182
SV1_C90713,C90713,0.9834540441939593
SV1_C70317,C70317,0.9344876266561317
SV1_C07211,C07211,0.9449051725567912
SV1_C70215,C70215,0.9776714334561816
SV1_C28881,C28881,0.9239183089765416
SV1_C00080,C00080,0.9252790017840514
SV1_C66684,C66684,0.9813717980495142
SV1_C10821,C10821,0.9527041141251217
SV1_C32500,C32500,0.9895989560588724
SV1_C47486,C47486,0.9349834155681428
SV1_C69086,C69086,0.993147062661629
SV1_C59495,C59495,0.9202539290209204
SV1_C29488,C29488,0.9869313154707658
SV1_C08463,C08463,0.9391873653825559
SV1_C36607,C36607,0.9229106917782598
SV1_C85210,C85210,0.9124729246317921
SV1_C60683,C60683,0.9986709733140966
SV1_C01308,C01308,0.8847045768654788
SV1_C76268,C76268,0.9686138488193421
SV1_C01891,C01891,0.9418043171474755
SV1_C78611,C78611,0.9987589321684571
SV1_C52918,C52918,0.9770629282791112
SV1_C35489,C35489,0.9695433170301496
SV1_C40222,C40222,0.9795928369526344
SV1_C12084,C12084,0.916159342275127
SV1_C22274,C22274,0.8672529084636563
SV1_C03619,C03619,0.9738136076324209
SV1_C85803,C85803,0.9470190444964409
SV1_C78052,C78052,0.9334624362809014
SV1_C10251,C10251,0.8931724403523733
SV1_C31308,C31308,0.9801960303985809
SV1_C64840,C64840,0.8849102919349578
SV1_C27040,C27040,0.9030930562867677
SV1_C07259,C07259,0.8995099231402943
SV1_C76852,C76852,0.920255348984604
SV1_C13261,C13261,0.9709809548821752
SV1_C22836,C22836,0.9967307938139532
SV1_C88826,C88826,0.9666114076605655
SV1_C02504,C02504,0.9199439404515626
SV1_C72095,C72095,0.8983042030522416
SV1_C13273,C13273,0.9844510947916967
SV1_C69706,C69706,0.9553281387105814
SV1_C94800,C94800,0.9844082840013654
SV1_C10277,C10277,0.9907447161952424
SV1_C00019,C00019,0.976895635118841
SV1_C16235,C16235,0.887057385566919
SV1_C05494,C05494,0.9020380282450821
SV1_C48719,C48719,0.9907815187305365
SV1_C78015,C78015,0.9798282809768857
SV1_C21076,C21076,0.9575834677039999
SV1_C19283,C19283,0.9733791416660105
SV1_C34804,C34804,0.9571038386413294
SV1_C25804,C25804,0.9225707831421079
SV1_C70319,C70319,0.9854247041009595
SV1_C31909,C31909,0.9727553196734325
SV1_C24602,C24602,0.9096329994176174
SV1_C90672,C90672,0.9795012782151743
SV1_C90668,C90668,0.9922204261882599
SV1_C58229,C58229,0.9754013757603357
SV1_C16891,C16891,0.9715460911802033
SV1_C07303,C07303,0.8718482079659461
SV1_C68505,C68505,0.9517359478244367
SV1_C50478,C50478,0.9042002312340158
SV1_C78604,C78604,0.9465026073350132
SV1_C61236,C61236,0.9454400134429454
SV1_C37215,C37215,0.9249819718278988
SV1_C82214,C82214,0.9049337534499471
SV1_C65502,C65502,0.9876771252448052
SV1_C13832,C13832,0.8935044004760329
SV1_C89483,C89483,0.9713880198204227
SV1_C85272,C85272,0.9762153500367341
SV1_C06107,C06107,0.9717491967087077
SV1_C91295,C91295,0.9958856420764092
SV1_C14447,C14447,0.8910058294501567
SV1_C61883,C61883,0.9841862704284102
SV1_C24614,C24614,0.9255215401037384
SV1_C01836,C01836,0.9902602810851547
SV1_C98416,C98416,0.9587557286944661
SV1_C61219,C61219,0.9250509354100086
SV1_C24117,C24117,0.9878161689230276
SV1_C82911,C82911,0.9174541831700193
SV1_C45690,C45690,0.9021267754824055
SV1_C27641,C27641,0.9244967984305469
SV1_C94806,C94806,0.946367170587313
SV1_C60637,C60637,0.982866353250917
SV1_C11493,C11493,0.9384446116953838
SV1_C07889,C07889,0.9628590467955097
SV1_C76205,C76205,0.9201994816894328
SV1_C90675,C90675,0.9951942304472079
SV1_C91815,C91815,0.9176093930894267
SV1_C00685,C00685,0.8961648541671796
SV1_C55875,C55875,0.9561612575654136
SV1_C78109,C78109,0.9708049339252749
SV1_C85912,C85912,0.9018615990846709
SV1_C24709,C24709,0.9444369031988791
SV1_C75709,C75709,0.9795598461992445
SV1_C34288,C34288,0.8640660228793806
SV1_C32509,C32509,0.9658304254106388
SV1_C22899,C22899,0.9980049172221862
SV1_C91827,C91827,0.8652640826167529
SV1_C97285,C97285,0.9436267941705617
SV1_C47474,C47474,0.9386122896218122
SV1_C11450,C11450,0.9733624113186152
SV1_C13904,C13904,0.9803117926520297
SV1_C73222,C73222,0.9773285190678063
SV1_C81107,C81107,0.8833028685234559
SV1_C64810,C64810,0.9214532177055835
SV1_C13200,C13200,0.8663387783669622
SV1_C11404,C11404,0.9249828579367053
SV1_C88211,C88211,0.8966094427918768
SV1_C75679,C75679,0.9666607722385876
SV1_C60077,C60077,0.9741571980360882
SV1_C90103,C90103,0.9979212414644105
SV1_C42003,C42003,0.9920263262694317
SV1_C24631,C24631,0.9815339886260256
SV1_C88246,C88246,0.9741139327005285
SV1_C70904,C70904,0.9748536615455956
SV1_C01873,C01873,0.9538231066199674
SV1_C07867,C07867,0.9625496743292167
SV1_C55817,C55817,0.9535294637787802
SV1_C24043,C24043,0.9724039750899175
SV1_C57641,C57641,0.9610612826007638
SV1_C59477,C59477,0.9845592448070339
SV1_C12673,C12673,0.9440578294497205
SV1_C74411,C74411,0.9236153773800934
SV1_C35487,C35487,0.9017328773875315
SV1_C50486,C50486,0.8865491025652474
SV1_C51010,C51010,0.9101010549121245
SV1_C54702,C54702,0.9471867564284918
SV1_C10241,C10241,0.9405580832733061
SV1_C25234,C25234,0.9725713877587512
SV1_C60647,C60647,0.9907064789529224
SV1_C07276,C07276,0.9873416371774117
SV1_C88900,C88900,0.9436707865793116
SV1_C09009,C09009,0.9370441133581928
SV1_C84707,C84707,0.9860622950695617
SV1_C75066,C75066,0.9471072059535358
SV1_C91869,C91869,0.9503713136420792
SV1_C75643,C75643,0.8677725843081721
SV1_C31283,C31283,0.9148749978542557
SV1_C30105,C30105,0.9897518810485493
SV1_C33603,C33603,0.933358008759298
SV1_C07839,C07839,0.8741657309541158
SV1_C12649,C12649,0.9612809163628742
SV1_C81011,C81011,0.9449170031952097
SV1_C62513,C62513,0.9230639260323635
SV1_C31205,C31205,0.9601821265610386
SV1_C63672,C63672,0.9817597267672953
SV1_C46275,C46275,0.9863830608482532
SV1_C04906,C04906,0.9011139942975641
SV1_C83488,C83488,0.9036087982511671
SV1_C54675,C54675,0.961913155781475
SV1_C86467,C86467,0.9377503841561613
SV1_C65474,C65474,0.9190491398611235
SV1_C67315,C67315,0.9942300715332957
SV1_C76284,C76284,0.9100700146516766
SV1_C74436,C74436,0.9661579681880632
SV1_C15690,C15690,0.9138591217519481
SV1_C62413,C62413,0.9343722780910214
SV1_C06712,C06712,0.9138082553823863
SV1_C90665,C90665,0.9203949445067865
SV1_C77467,C77467,0.8808252809626189
SV1_C96103,C96103,0.9325373890068901
SV1_C59504,C59504,0.9327353936496003
SV1_C23410,C23410,0.9204397462397667
SV1_C03003,C03003,0.9823012696243232
SV1_C43850,C43850,0.9629263272218985
SV1_C58877,C58877,0.9918831894810416
SV1_C27705,C27705,0.9441432495808326
SV1_C80413,C80413,0.9211576498656876
SV1_C78627,C78627,0.9982459624987607
SV1_C92510,C92510,0.9607574383833639
SV1_C33705,C33705,0.9532617083298086
SV1_C78634,C78634,0.9181080563935002
SV1_C23447,C23447,0.8982463818800278
SV1_C49231,C49231,0.9474065485774956
SV1_C84092,C84092,0.9496678108134256
SV1_C07808,C07808,0.9105693845213322
SV1_C95483,C95483,0.9495668561145401
SV1_C78694,C78694,0.9447824648825413
SV1_C71420,C71420,0.9876351289508337
SV1_C72662,C72662,0.9210858115974224
SV1_C99112,C99112,0.9307770132667278
SV1_C30088,C30088,0.9870135311207158
SV1_C93672,C93672,0.9269370336060145
SV1_C22840,C22840,0.9653324788504065
SV1_C72111,C72111,0.8957606423113417
SV1_C35513,C35513,0.9071038104221824
SV1_C15645,C15645,0.9548557230041677
SV1_C49247,C49247,0.9268978081343776
SV1_C28887,C28887,0.9706182437282479
SV1_C23474,C23474,0.8852481599223316
SV1_C83479,C83479,0.9218036955759866
SV1_C47430,C47430,0.9498094847490484
SV1_C95415,C95415,0.9808761990507924
SV1_C54615,C54615,0.8807200541900903
SV1_C06606,C06606,0.9240509033204041
SV1_C02475,C02475,0.9615307145165184
SV1_C01315,C01315,0.8888871134018882
SV1_C56422,C56422,0.9638908452825553
SV1_C87688,C87688,0.9624413001245747
SV1_C13319,C13319,0.8904095137242066
SV1_C35510,C35510,0.9474937087708416
SV1_C21034,C21034,0.9618754595748708
SV1_C79275,C79275,0.9707898643177055
SV1_C84698,C84698,0.9494644355447762
SV1_C92431,C92431,0.9006383028399925
SV1_C45097,C45097,0.9983710331048234
SV1_C68440,C68440,0.930039256624852
SV1_C70889,C70889,0.9430788403741572
SV1_C12085,C12085,0.9245933989593965
SV1_C63677,C63677,0.9671327585777604
SV1_C32514,C32514,0.906204461336356
SV1_C06616,C06616,0.942019270029222
SV1_C87020,C87020,0.8588814051292021
SV1_C32502,C32502,0.9321379226974665
SV1_C51111,C51111,0.9803806665166293
SV1_C68403,C68403,0.9831168554179539
SV1_C88271,C88271,0.8739555697659656
SV1_C52309,C52309,0.9916518767512568
SV1_C76283,C76283,0.9423581299114618
SV1_C06638,C06638,0.9683160380423317
SV1_C65506,C65506,0.9853100754815572
SV1_C46821,C46821,0.972650158334364
SV1_C66085,C66085,0.9740968721804667
SV1_C76822,C76822,0.9309570792854425
SV1_C12707,C12707,0.9861664217570177
SV1_C03676,C03676,0.9959053025099822
SV1_C75674,C75674,0.8987764534010717
SV1_C70279,C70279,0.9790173009545821
SV1_C21622,C21622,0.9995674877458066
SV1_C03007,C03007,0.9854608320097877
SV1_C08435,C08435,0.9170008363674309
SV1_C43310,C43310,0.9631288452663599
SV1_C07226,C07226,0.9504269775668962
SV1_C59473,C59473,0.9814862573280454
SV1_C87102,C87102,0.9100396616932812
SV1_C74430,C74430,0.913647077071722
SV1_C00699,C00699,0.9108420118599894
SV1_C72100,C72100,0.9660064180577147
SV1_C19205,C19205,0.9215541807602503
SV1_C98417,C98417,0.9557039965314886
SV1_C57004,C57004,0.9966650575204727
SV1_C87064,C87064,0.9042631349674156
SV1_C97842,C97842,0.9048393396289813
SV1_C90644,C90644,0.9803311720854382
SV1_C79311,C79311,0.8637797345634114
SV1_C10211,C10211,0.9483172717541879
SV1_C13810,C13810,0.9297977719091275
SV1_C01829,C01829,0.9789873888828718
SV1_C21699,C21699,0.9945598478157794
SV1_C40803,C40803,0.991523474595942
SV1_C73910,C73910,0.933531458640814
SV1_C31291,C31291,0.99319273706372
SV1_C89479,C89479,0.973650728415174
SV1_C73253,C73253,0.963898942150388
SV1_C48060,C48060,0.9290111510634969
SV1_C46307,C46307,0.9923182306114416
SV1_C22844,C22844,0.9994636806236342
SV1_C03639,C03639,0.9737482639342854
SV1_C88820,C88820,0.8772685186953806
SV1_C13870,C13870,0.9488407417750393
SV1_C00641,C00641,0.957329562216093
SV1_C26424,C26424,0.900938477660776
SV1_C85804,C85804,0.9016778190448405
SV1_C04205,C04205,0.9590310639129858
SV1_C17416,C17416,0.9437824883961702
SV1_C66627,C66627,0.8814518318734015
SV1_C27000,C27000,0.9291791341969184
SV1_C75018,C75018,0.9161317614737897
SV1_C79306,C79306,0.9578129454174963
SV1_C51635,C51635,0.998671815727888
SV1_C64212,C64212,0.9231561738368321
SV1_C82811,C82811,0.9544292261981271
SV1_C01907,C01907,0.9160531200866584
SV1_C15634,C15634,0.9776391495483765
SV1_C82220,C82220,0.97999025394511
SV1_C99692,C99692,0.8918707894928488
SV1_C60118,C60118,0.9192288093339592
SV1_C65472,C65472,0.9965146044068572
SV1_C48618,C48618,0.9417577625174296
SV1_C13831,C13831,0.9725781439935529
SV1_C09070,C09070,0.9161630558828328
SV1_C88906,C88906,0.9235575329948514
SV1_C76248,C76248,0.9498211920864946
SV1_C88215,C88215,0.8906072282422121
SV1_C27684,C27684,0.9899647094720564
SV1_C91303,C91303,0.9957230559150875
SV1_C91915,C91915,0.9160719443132697
SV1_C63687,C63687,0.9700650914706606
SV1_C01847,C01847,0.9979762398317833
SV1_C54613,C54613,0.8911155149612122
SV1_C57043,C57043,0.9112025499178225
SV1_C77483,C77483,0.9358915269871904
SV1_C07868,C07868,0.978808649691168
SV1_C28215,C28215,0.9384741898983957
SV1_C45008,C45008,0.9101698652918871
SV1_C58223,C58223,0.9572178130842767
SV1_C81073,C81073,0.9254749449074576
SV1_C14425,C14425,0.9112376543732978
SV1_C94880,C94880,0.9161073740862873
SV1_C52807,C52807,0.8696013342871389
SV1_C43880,C43880,0.9907009853614348
SV1_C71501,C71501,0.9461258152164376
SV1_C34886,C34886,0.9672671707360232
SV1_C28213,C28213,0.9589891492050504
SV1_C58824,C58824,0.9592428109081932
SV1_C01239,C01239,0.9993451738617907
SV1_C94827,C94827,0.9705659571038818
SV1_C72038,C72038,0.9088695228165723
SV1_C10264,C10264,0.9167973867239713
SV1_C71475,C71475,0.925091653990944
SV1_C17440,C17440,0.978126492035459
SV1_C17445,C17445,0.9582626800307188
SV1_C94875,C94875,0.938732790275853
SV1_C44454,C44454,0.9659228389952078
SV1_C64202,C64202,0.9174392679686129
SV1_C09034,C09034,0.9533617415518748
SV1_C49238,C49238,0.9337958729328877
SV1_C46254,C46254,0.9643772365403877
SV1_C45659,C45659,0.9953421955099077
SV1_C68417,C68417,0.9139723982000965
SV1_C24696,C24696,0.9702088907001574
SV1_C06643,C06643,0.943306768908221
SV1_C66107,C66107,0.9340784564171909
SV1_C92449,C92449,0.9284302757802686
SV1_C75609,C75609,0.9389757116655052
SV1_C62429,C62429,0.9745243174603775
SV1_C63092,C63092,0.8742776949923696
SV1_C03683,C03683,0.9871451864703258
SV1_C88259,C88259,0.9976781310643094
SV1_C97239,C97239,0.9771312151580185
SV1_C87710,C87710,0.9226531920562289
SV1_C94915,C94915,0.9377335895266237
SV1_C43202,C43202,0.9416232871168498
SV1_C88822,C88822,0.9143484876578826
SV1_C94297,C94297,0.973311177152028
SV1_C88919,C88919,0.9347310699440061
SV1_C43258,C43258,0.9617744132140096
SV1_C01888,C01888,0.9140543536230182
SV1_C49894,C49894,0.9156226535093385
SV1_C94872,C94872,0.9207682668995347
SV1_C69004,C69004,0.98757285362895
SV1_C91842,C91842,0.9195699318313296
SV1_C70902,C70902,0.9483929532199029
SV1_C52292,C52292,0.9279640746674747
SV1_C85820,C85820,0.9529050754346079
SV1_C04319,C04319,0.9949630523735511
SV1_C49297,C49297,0.9659589297580087
SV1_C87674,C87674,0.8968814529160283
SV1_C12062,C12062,0.9102570865133002
SV1_C12037,C12037,0.9019376829878225
SV1_C09651,C09651,0.8952730394751967
SV1_C11471,C11471,0.9621191075775241
SV1_C06011,C06011,0.9544212206653044
SV1_C91210,C91210,0.9560702928827335
SV1_C12670,C12670,0.9192445790300461
SV1_C52811,C52811,0.8735578619465251
SV1_C08431,C08431,0.9217635804615578
SV1_C28893,C28893,0.9084430096328792
SV1_C04224,C04224,0.9398671168594409
SV1_C32506,C32506,0.9322142662999012
SV1_C72601,C72601,0.9714530331654999
SV1_C66638,C66638,0.9239784440461742
SV1_C09615,C09615,0.9801051259016794
SV1_C87632,C87632,0.9922949675409574
SV1_C23508,C23508,0.9329291974840445
SV1_C09066,C09066,0.8727947330585661
SV1_C89403,C89403,0.8898251866654489
SV1_C04801,C04801,0.9686176790992482
SV1_C56443,C56443,0.9122433822303384
SV1_C99100,C99100,0.8961804892422309
SV1_C62518,C62518,0.8865698489888455
SV1_C90040,C90040,0.9255442553646045
SV1_C09674,C09674,0.9450357942358444
SV1_C54012,C54012,0.8732922356366785
SV1_C88879,C88879,0.9659266251317832
SV1_C53484,C53484,0.959153968324471
SV1_C26514,C26514,0.8874261096512591
SV1_C01910,C01910,0.971816894675389
SV1_C82908,C82908,0.9505585720267761
SV1_C21613,C21613,0.9158817313698122
SV1_C33608,C33608,0.9947851092762765
SV1_C09003,C09003,0.9302111804988296
SV1_C17485,C17485,0.9421839581663236
SV1_C86496,C86496,0.9353841467086417
SV1_C98515,C98515,0.8701518816964869
SV1_C52904,C52904,0.9921510979489935
SV1_C57036,C57036,0.9393828804797649
SV1_C52314,C52314,0.9269959601460107
SV1_C19837,C19837,0.9464813957322347
SV1_C27073,C27073,0.920884216932179
SV1_C76311,C76311,0.9707660635890142
SV1_C08407,C08407,0.9364940337072425
SV1_C99032,C99032,0.977262113645351
SV1_C88905,C88905,0.9462602725778742
SV1_C68408,C68408,0.9881218930636569
SV1_C55909,C55909,0.9494505222194815
SV1_C60042,C60042,0.9708196538411223
SV1_C66005,C66005,0.9808273242241742
SV1_C46219,C46219,0.9436156050137465
SV1_C66035,C66035,0.8673455089955057
SV1_C08425,C08425,0.999689037835179
SV1_C64879,C64879,0.9969294054854941
SV1_C82310,C82310,0.926252659612187
SV1_C97875,C97875,0.9925891148990675
SV1_C62476,C62476,0.9721752544960148
SV1_C67829,C67829,0.9876716283254412
SV1_C57697,C57697,0.9110963168671831
SV1_C43263,C43263,0.9920854812251246
SV1_C31209,C31209,0.9640506537766454
SV1_C55834,C55834,0.9406428000610199
SV1_C26401,C26401,0.9209177652275378
SV1_C04215,C04215,0.9813609068768833
SV1_C71496,C71496,0.9457956944595574
SV1_C97241,C97241,0.9869839528441784
SV1_C55244,C55244,0.9336756271638856
SV1_C38410,C38410,0.9832159776900357
SV1_C11507,C11507,0.9121371598570476
SV1_C13276,C13276,0.9897208471977126
SV1_C87638,C87638,0.958206961321838
SV1_C70201,C70201,0.9562081416116985
SV1_C46870,C46870,0.9820828754010958
SV1_C60076,C60076,0.9562808033951805
SV1_C27708,C27708,0.9678402332454681
SV1_C86462,C86462,0.915209955096538
SV1_C70814,C70814,0.9852951768154321
SV1_C09710,C09710,0.898675572044477
SV1_C54107,C54107,0.9338305389950026
SV1_C27687,C27687,0.9823890780804492
SV1_C84700,C84700,0.9758675154355846
SV1_C97822,C97822,0.9489903351211988
SV1_C72689,C72689,0.9535381823256892
SV1_C23435,C23435,0.9899423536850691
SV1_C48607,C48607,0.9458442766211217
SV1_C07817,C07817,0.9512667323571969
SV1_C63606,C63606,0.9098642300219595
SV1_C54116,C54116,0.989857600843589
SV1_C25814,C25814,0.9081604354559301
SV1_C55240,C55240,0.8970802703921715
SV1_C12689,C12689,0.9112442035974307
SV1_C33706,C33706,0.9838180285500174
SV1_C15612,C15612,0.8988413473199132
SV1_C75055,C75055,0.9172412084575579
SV1_C93064,C93064,0.985970482885537
SV1_C82817,C82817,0.9109184072999574
SV1_C09022,C09022,0.9960156629571276
SV1_C67875,C67875,0.9915234899931061
SV1_C55904,C55904,0.8864543785617552
SV1_C99033,C99033,0.9852094242799956
SV1_C36016,C36016,0.9550703334725329
SV1_C11512,C11512,0.9587272031255135
SV1_C73271,C73271,0.914276950080587
SV1_C19224,C19224,0.9842221277961551
SV1_C25206,C25206,0.9065788993471128
SV1_C53517,C53517,0.9995357940398039
SV1_C85812,C85812,0.8943231068894937
SV1_C48694,C48694,0.9482670803518309
SV1_C08468,C08468,0.9850425756368449
SV1_C86499,C86499,0.965824846942196
SV1_C12719,C12719,0.8801197795798916
SV1_C00110,C00110,0.9724571374284936
SV1_C78019,C78019,0.9349760077848528
SV1_C21688,C21688,0.8848430139384257
SV1_C24698,C24698,0.9217027948854145
SV1_C00008,C00008,0.9930065681582497
SV1_C51602,C51602,0.9020863322803867
SV1_C96030,C96030,0.8949280364342372
SV1_C34880,C34880,0.8808173200998246
SV1_C81712,C81712,0.9483984833371647
SV1_C24037,C24037,0.9782914833413717
SV1_C99083,C99083,0.9850733266407694
SV1_C43914,C43914,0.9247670806208466
SV1_C34318,C34318,0.9770699079737531
SV1_C49835,C49835,0.8915146990331899
SV1_C22843,C22843,0.9695760766821053
SV1_C57713,C57713,0.9885997300569374
SV1_C75098,C75098,0.9634235689969095
SV1_C77484,C77484,0.9069691327707098
SV1_C30091,C30091,0.9992689034493053
SV1_C85213,C85213,0.8884031349489123
SV1_C75615,C75615,0.9478007922698887
SV1_C78087,C78087,0.9682214374291337
SV1_C81112,C81112,0.935438686921769
SV1_C69015,C69015,0.985392299278253
SV1_C10897,C10897,0.9674755316240208
SV1_C45033,C45033,0.9993624523498985
SV1_C98431,C98431,0.9940176557107884
SV1_C58280,C58280,0.9819160266090298
SV1_C49834,C49834,0.9383945969149701
SV1_C18094,C18094,0.9116185113940232
SV1_C67901,C67901,0.9596992819733052
SV1_C69005,C69005,0.9967077911920919
SV1_C100304,C100304,0.9330124435367122
SV1_C72668,C72668,0.9479040334589031
SV1_C28281,C28281,0.9844857564224129
SV1_C23480,C23480,0.9960560940767983
SV1_C54712,C54712,0.9118688634448363
SV1_C43805,C43805,0.8763027232514649
SV1_C64298,C64298,0.9588280071862745
SV1_C88264,C88264,0.9127168493541092
SV1_C28300,C28300,0.9426699441849721
SV1_C65446,C65446,0.9448164471391243
SV1_C10898,C10898,0.9290459424376108
SV1_C40809,C40809,0.9667988657546304
SV1_C60717,C60717,0.9104790393074452
SV1_C23481,C23481,0.9829769267955524
SV1_C53497,C53497,0.9952273227372377
SV1_C73883,C73883,0.9928291127750468
SV1_C59489,C59489,0.994439495504997
SV1_C17477,C17477,0.964251260771139
SV1_C90660,C90660,0.8967974630224151
SV1_C33614,C33614,0.9571501674446962
SV1_C58880,C58880,0.9766953432703943
SV1_C04824,C04824,0.9035512469230188
SV1_C13895,C13895,0.9789658258306057
SV1_C45010,C45010,0.9424799829827419
SV1_C05425,C05425,0.9448069190996864
SV1_C34801,C34801,0.9493855535151238
SV1_C58318,C58318,0.9241704976588685
SV1_C79879,C79879,0.9773999745068844
SV1_C00619,C00619,0.9792374034686354
SV1_C48005,C48005,0.983512518268144
SV1_C38409,C38409,0.9983504175489865
SV1_C03689,C03689,0.9501025719000346
SV1_C94833,C94833,0.9196233621242608
SV1_C49876,C49876,0.9368866067636714
SV1_C42012,C42012,0.9854230418572905
SV1_C63692,C63692,0.8802223085128608
SV1_C27639,C27639,0.8802971420440618
SV1_C64816,C64816,0.9060783478267372
SV1_C76861,C76861,0.9319876804131946
SV1_C07278,C07278,0.9455598737662193
SV1_C64836,C64836,0.9464066919169062
SV1_C93693,C93693,0.9134278407042259
SV1_C46843,C46843,0.972753141352271
SV1_C87651,C87651,0.9992911612052403
SV1_C25807,C25807,0.9727091674277548
SV1_C34873,C34873,0.9370139224913093
SV1_C13294,C13294,0.9722128664188702
SV1_C61214,C61214,0.9795477953138543
SV1_C90679,C90679,0.9949019160089991
SV1_C100242,C100242,0.9050907288068012
SV1_C72101,C72101,0.9691182977039468
SV1_C78661,C78661,0.9488072404756762
SV1_C11463,C11463,0.9308151374740765
SV1_C65473,C65473,0.9817551682238689
SV1_C22308,C22308,0.9091192249017548
SV1_C49897,C49897,0.959867163621142
SV1_C79302,C79302,0.9603658843461981
SV1_C07805,C07805,0.9458458852066117
SV1_C70824,C70824,0.8980595754586198
SV1_C45664,C45664,0.928785939575517
SV1_C57605,C57605,0.9718630874817811
SV1_C63038,C63038,0.9403039020761793
SV1_C22306,C22306,0.9249715664054858
SV1_C69024,C69024,0.9713894209006139
SV1_C26507,C26507,0.9559678855958939
SV1_C61276,C61276,0.9067730126927842
SV1_C01880,C01880,0.9633269610964702
SV1_C26477,C26477,0.9368109368900636
SV1_C34814,C34814,0.9281375831688645
SV1_C51636,C51636,0.8860886359984722
SV1_C69108,C69108,0.9127513466880304
SV1_C93702,C93702,0.9954242527562774
SV1_C60623,C60623,0.9526855151063011
SV1_C49892,C49892,0.9638890049278507
SV1_C18028,C18028,0.9507296168808268
SV1_C10274,C10274,0.9400391813736898
SV1_C98498,C98498,0.9527559368332174
SV1_C09684,C09684,0.9568569035179811
SV1_C48030,C48030,0.923692336281306
SV1_C01814,C01814,0.9621965149920904
SV1_C07319,C07319,0.9785581232679836
SV1_C97305,C97305,0.960905403675348
SV1_C56480,C56480,0.9792793137733717
SV1_C70830,C70830,0.9839007182172534
SV1_C07904,C07904,0.9414208262931372
SV1_C88212,C88212,0.9090611259361177
SV1_C51076,C51076,0.9991933006360498
SV1_C72684,C72684,0.9205923517635616
SV1_C26518,C26518,0.9722023804724337
SV1_C07277,C07277,0.9963476263807111
SV1_C94313,C94313,0.9246427614675695
SV1_C09716,C09716,0.9201780783767974
SV1_C64288,C64288,0.9230240497959984
SV1_C96624,C96624,0.9062871652120685
SV1_C54605,C54605,0.9013930704127406
SV1_C61207,C61207,0.9229755271543201
SV1_C48116,C48116,0.9896548914910744
SV1_C00691,C00691,0.9221920528501294
SV1_C07273,C07273,0.9963336019736402
SV1_C46277,C46277,0.9959608108989468
SV1_C51019,C51019,0.9598484816305565
SV1_C72023,C72023,0.9318934706602797
SV1_C100272,C100272,0.9263411406254949
SV1_C16288,C16288,0.972463007345364
SV1_C06677,C06677,0.9182213290970306
SV1_C98400,C98400,0.9969346873849727
SV1_C85822,C85822,0.9203929723427857
SV1_C66108,C66108,0.8843669981695769
SV1_C59514,C59514,0.923773125606523
SV1_C44457,C44457,0.9993804069500662
SV1_C69012,C69012,0.9635611515497293
SV1_C99107,C99107,0.9064105509814311
SV1_C76879,C76879,0.9225433171883918
SV1_C68433,C68433,0.9786994929003444
SV1_C15044,C15044,0.9097691013818912
SV1_C84018,C84018,0.898588640887667
SV1_C18041,C18041,0.9774128907670292
SV1_C15018,C15018,0.9388975373279036
SV1_C49268,C49268,0.989756833428489
SV1_C31907,C31907,0.9915137539156276
SV1_C59494,C59494,0.9992845604180748
SV1_C43309,C43309,0.9880946671171079
SV1_C60009,C60009,0.9670902738079903
SV1_C64285,C64285,0.9200916102127036
SV1_C45673,C45673,0.9968663048946552
SV1_C12066,C12066,0.9467940554501612
SV1_C09663,C09663,0.9358924246900874
SV1_C59437,C59437,0.9959084881556847
SV1_C72030,C72030,0.912885212111471
SV1_C01879,C01879,0.9582668241919492
SV1_C00638,C00638,0.9435766261975125
SV1_C97313,C97313,0.9247780234640185
SV1_C28308,C28308,0.9784951818236561
SV1_C72108,C72108,0.9436669851955078
SV1_C44456,C44456,0.9927162127042075
SV1_C100213,C100213,0.8984043640364807
SV1_C74488,C74488,0.931533174970349
SV1_C76301,C76301,0.9971354015586934
SV1_C28228,C28228,0.9932256174773353
SV1_C96108,C96108,0.9233867341338925
SV1_C06647,C06647,0.8900666248937558
SV1_C19208,C19208,0.9303854063537839
SV1_C91812,C91812,0.9499854437102726
SV1_C37812,C37812,0.9875524463916773
SV1_C48090,C48090,0.8708358987753705
SV1_C78079,C78079,0.9518159073124565
SV1_C62420,C62420,0.9304156702867709
SV1_C44470,C44470,0.9995355369464648
SV1_C91866,C91866,0.9572722590350765
SV1_C23421,C23421,0.9753845143024173
SV1_C44432,C44432,0.9914260211960388
SV1_C79898,C79898,0.9612857408610391
SV1_C13220,C13220,0.9563738900601998
SV1_C30072,C30072,0.9697058940311902
SV1_C31881,C31881,0.9775966076519327
SV1_C83511,C83511,0.9224673915718347
SV1_C93113,C93113,0.9459326860817066
SV1_C91204,C91204,0.916890106465035
SV1_C47427,C47427,0.9945667050703687
SV1_C30604,C30604,0.9604872674247402
SV1_C100275,C100275,0.8924580675227237
SV1_C54628,C54628,0.9838260853776257
SV1_C88800,C88800,0.8795656746718687
SV1_C87098,C87098,0.91108183284702
SV1_C28288,C28288,0.9788673529007574
SV1_C44493,C44493,0.8838463964002125
SV1_C90068,C90068,0.9946699503686011
SV1_C25205,C25205,0.9092111615623523
SV1_C66647,C66647,0.8705525603212455
SV1_C02483,C02483,0.9723548599051608
SV1_C67200,C67200,0.9860777849247551
SV1_C28875,C28875,0.8969345278579519
SV1_C24046,C24046,0.9333601506364317
SV1_C58292,C58292,0.9240920840854672
SV1_C96602,C96602,0.9576596153382647
SV1_C96692,C96692,0.9204391573442152
SV1_C22292,C22292,0.9620505034445876
SV1_C94290,C94290,0.9019030330619
SV1_C78651,C78651,0.926744084181298
SV1_C22302,C22302,0.9249330917662454
SV1_C64876,C64876,0.9978522582363945
SV1_C69684,C69684,0.9521769979217557
SV1_C51622,C51622,0.9623876225028009
SV1_C06112,C06112,0.8948115312174756
SV1_C44433,C44433,0.9974944847624121
SV1_C88309,C88309,0.974671620215181
SV1_C54009,C54009,0.8752329898817034
SV1_C45627,C45627,0.9633601920512769
SV1_C08515,C08515,0.9141870289897437
SV1_C91838,C91838,0.9460787756254325
SV1_C25287,C25287,0.9584115838811171
SV1_C89487,C89487,0.9552469749280824
SV1_C30611,C30611,0.8871211749319485
SV1_C96704,C96704,0.9363369885505552
SV1_C08400,C08400,0.9104558410725884
SV1_C75699,C75699,0.9302650145205906
SV1_C78691,C78691,0.9456258945659474
SV1_C09667,C09667,0.9615114058540222
SV1_C46309,C46309,0.991496371496762
SV1_C17402,C17402,0.9260649832263288
SV1_C15637,C15637,0.9242093621922001
SV1_C89417,C89417,0.958056704540225
SV1_C60697,C60697,0.9533223727188548
SV1_C72057,C72057,0.9635649362178509
SV1_C32421,C32421,0.9305697413489723
SV1_C82308,C82308,0.9320061510101745
SV1_C57089,C57089,0.9233443160835475
SV1_C50513,C50513,0.9356434043377263
SV1_C05401,C05401,0.9829309943795923
SV1_C99701,C99701,0.9288044780720724
SV1_C94295,C94295,0.9329256977587064
SV1_C57037,C57037,0.9717811885414581
SV1_C90601,C90601,0.9196085246537518
SV1_C85808,C85808,0.9011319170708861
SV1_C51078,C51078,0.903394237009012
SV1_C10257,C10257,0.9470610234856828
SV1_C86469,C86469,0.9778862700102883
SV1_C52229,C52229,0.931829441984181
SV1_C89450,C89450,0.9204507350505101
SV1_C93636,C93636,0.9658819474827889
SV1_C85223,C85223,0.8831289277491136
SV1_C29479,C29479,0.906088937838476
SV1_C61902,C61902,0.9997285487831735
SV1_C58298,C58298,0.9529459680884456
SV1_C11492,C11492,0.8991029266438303
SV1_C34211,C34211,0.9459273786313549
SV1_C53421,C53421,0.9536106914721862
SV1_C99645,C99645,0.9174397677557647
SV1_C52279,C52279,0.9981730323572376
SV1_C00603,C00603,0.9841252709834615
SV1_C45111,C45111,0.9859385514595559
SV1_C03083,C03083,0.9786801039835983
SV1_C13850,C13850,0.9704089699568597
SV1_C93712,C93712,0.9288255314203524
SV1_C55219,C55219,0.9148307248963341
SV1_C59419,C59419,0.9392343066364126
SV1_C07301,C07301,0.9403714662263174
SV1_C74510,C74510,0.9391393342652523
SV1_C07828,C07828,0.9905900469598558
SV1_C05420,C05420,0.9910401055720442
SV1_C70228,C70228,0.9088859490058068
SV1_C58888,C58888,0.9760291782779256
SV1_C91835,C91835,0.8736096344665792
SV1_C26444,C26444,0.978875791880117
SV1_C25819,C25819,0.9682091726887286
SV1_C95445,C95445,0.9728697543084228
SV1_C15078,C15078,0.9973951680126618
SV1_C55301,C55301,0.947758063162233
SV1_C84678,C84678,0.9673322505618933
SV1_C49207,C49207,0.9552295707643099
SV1_C02411,C02411,0.9925187404772213
SV1_C13284,C13284,0.9714622530751067
SV1_C03714,C03714,0.9377777500744088
SV1_C10892,C10892,0.9142347385967067
SV1_C30699,C30699,0.9958781181202521
SV1_C52873,C52873,0.9768369415579029
SV1_C73202,C73202,0.9974611684492131
SV1_C92409,C92409,0.9915439844120336
SV1_C25240,C25240,0.926720322687686
SV1_C66034,C66034,0.931240392288023
SV1_C82899,C82899,0.894923254218892
SV1_C87093,C87093,0.9925712775813662
SV1_C97889,C97889,0.9842722711417574
SV1_C82887,C82887,0.9742512928738244
SV1_C01893,C01893,0.9930748510806001
SV1_C91861,C91861,0.9662087624642163
SV1_C60704,C60704,0.9253872571665546
SV1_C02494,C02494,0.9338804379239276
SV1_C04915,C04915,0.9237774011949852
SV1_C34313,C34313,0.9294123931156065
SV1_C09072,C09072,0.9871516269061361
SV1_C33018,C33018,0.9396035489159131
SV1_C22837,C22837,0.9878397974184441
SV1_C43237,C43237,0.9799173572301523
SV1_C07286,C07286,0.9225172933902241
SV1_C88899,C88899,0.9888835741689401
SV1_C51108,C51108,0.982052692731579
SV1_C86404,C86404,0.8887492689297977
SV1_C40814,C40814,0.9471720629283392
SV1_C51692,C51692,0.9239308103341768
SV1_C98446,C98446,0.9608754622942595
SV1_C54023,C54023,0.9868785979985607
SV1_C40208,C40208,0.9789504398695449
SV1_C79919,C79919,0.9406301480113909
SV1_C10824,C10824,0.9640848371741445
SV1_C06646,C06646,0.9483726415556011
SV1_C88818,C88818,0.9705457364402744
SV1_C60029,C60029,0.9627691343545778
SV1_C45072,C45072,0.9909310416586192
SV1_C33687,C33687,0.8679541120313021
SV1_C93051,C93051,0.990622888261511
SV1_C89429,C89429,0.9983763382849927
SV1_C19231,C19231,0.9744244427690764
SV1_C01316,C01316,0.9658128779151307
SV1_C14408,C14408,0.8956732896524701
SV1_C33017,C33017,0.9767929588893332
SV1_C70307,C70307,0.9848634143306548
SV1_C64873,C64873,0.9804135880935502
SV1_C11518,C11518,0.9361470703436935
SV1_C03031,C03031,0.9693614425737688
SV1_C73911,C73911,0.9291404758041272
SV1_C74416,C74416,0.9548304792870288
SV1_C62415,C62415,0.9505558815322637
SV1_C04803,C04803,0.941599486934698
SV1_C20447,C20447,0.9267861463559194
SV1_C91903,C91903,0.9705459152361984
SV1_C31217,C31217,0.9534511056602412
SV1_C53429,C53429,0.9580147627175524
SV1_C63084,C63084,0.9850012037531645
SV1_C76900,C76900,0.9748194335086411
SV1_C91826,C91826,0.9283718858449926
SV1_C46202,C46202,0.9420504673875274
SV1_C46236,C46236,0.9816643607745879
SV1_C61903,C61903,0.9166112480726197
SV1_C15693,C15693,0.9544701426497196
SV1_C05421,C05421,0.9865001315256886
SV1_C78693,C78693,0.9681695181090054
SV1_C19843,C19843,0.9050723802300057
SV1_C94244,C94244,0.9414383251293844
SV1_C93098,C93098,0.9809829453144777
SV1_C89434,C89434,0.9691176391077934
SV1_C95442,C95442,0.9191622021145166
SV1_C97216,C97216,0.9586912385524408
SV1_C06679,C06679,0.9302412474828621
SV1_C95444,C95444,0.9423253860952797
SV1_C56511,C56511,0.8992878273492333
SV1_C54608,C54608,0.8979593162214617
SV1_C22831,C22831,0.9814428683044841
SV1_C04293,C04293,0.9655379617448181
SV1_C30672,C30672,0.9802484405845353
SV1_C09660,C09660,0.9568658098054711
SV1_C35516,C35516,0.9609356064282651
SV1_C85318,C85318,0.8937576353029989
SV1_C10311,C10311,0.9240739177560074
SV1_C57642,C57642,0.9134203645453367
SV1_C57104,C57104,0.8851485594421619
SV1_C79810,C79810,0.9011775066594424
SV1_C13301,C13301,0.9861838369167297
SV1_C88891,C88891,0.9201795290711303
SV1_C82307,C82307,0.8970855550337865
SV1_C85802,C85802,0.8913982319081225
SV1_C76836,C76836,0.9362858149193114
SV1_C56416,C56416,0.9513111628353009
SV1_C88202,C88202,0.9338091596905063
SV1_C08517,C08517,0.916072542112832
SV1_C90719,C90719,0.9065924829234178
SV1_C87704,C87704,0.9549073057602371
SV1_C67302,C67302,0.9991747701090924
SV1_C59442,C59442,0.9587232367360522
SV1_C60093,C60093,0.9602064433347852
SV1_C16880,C16880,0.9831390412197228
SV1_C10267,C10267,0.9582815396138255
SV1_C86491,C86491,0.895649955633073
SV1_C02435,C02435,0.9827251944516414
SV1_C10266,C10266,0.900192524053549
SV1_C06045,C06045,0.9559459504940282
SV1_C39602,C39602,0.976652146194647
SV1_C82272,C82272,0.9207185575435186
SV1_C51696,C51696,0.9920366708852592
SV1_C48624,C48624,0.9384041472431216
SV1_C30112,C30112,0.9133054496716687
SV1_C03096,C03096,0.9321905287129002
SV1_C41414,C41414,0.9528072182571004
SV1_C65443,C65443,0.9127500209916696
SV1_C36019,C36019,0.8785689717551837
SV1_C04212,C04212,0.9559331780288421
SV1_C28317,C28317,0.9422006950234837
SV1_C76219,C76219,0.9639869764608212
SV1_C80515,C80515,0.8880635036751976
SV1_C00090,C00090,0.9540255750102804
SV1_C28230,C28230,0.9703899454542702
SV1_C46314,C46314,0.9265108028372877
SV1_C60694,C60694,0.9933819629308841
SV1_C82809,C82809,0.94748504048491
SV1_C15604,C15604,0.8887304845823712
SV1_C25291,C25291,0.9882004134540829
SV1_C22229,C22229,0.9660096384085971
SV1_C17423,C17423,0.9538039539429011
SV1_C01295,C01295,0.9176007874037284
SV1_C45660,C45660,0.98205945252078
SV1_C99625,C99625,0.9980755825121692
SV1_C21025,C21025,0.9317022070842592
SV1_C60112,C60112,0.997333805517055
SV1_C39609,C39609,0.9915884204980727
SV1_C93708,C93708,0.9237470974555231
SV1_C100222,C100222,0.967323275675659
SV1_C28214,C28214,0.9846413844899822
SV1_C58830,C58830,0.9182560092593037
SV1_C69075,C69075,0.9543558188555228
SV1_C77431,C77431,0.9465578922499829
SV1_C04231,C04231,0.9315713798505477
SV1_C97885,C97885,0.9557515616234992
SV1_C51038,C51038,0.9122191609283606
SV1_C40217,C40217,0.9472449997462632
SV1_C57012,C57012,0.9892449511064925
SV1_C94289,C94289,0.9001883822981707
SV1_C96016,C96016,0.9511635989709125
SV1_C67272,C67272,0.9852406421185982
SV1_C78631,C78631,0.9992102895731384
SV1_C63711,C63711,0.9804392769501111
SV1_C07283,C07283,0.9639399053704792
SV1_C95497,C95497,0.9737830994855166
SV1_C04300,C04300,0.9474445280572996
SV1_C09060,C09060,0.9569240951138216
SV1_C79201,C79201,0.9214616308423645
SV1_C55902,C55902,0.9257737419731011
SV1_C00039,C00039,0.9993806551986926
SV1_C33622,C33622,0.9397836386784438
SV1_C48067,C48067,0.8843365164289752
SV1_C99040,C99040,0.9093072258831414
SV1_C65405,C65405,0.9729782909248323
SV1_C51016,C51016,0.883478252259488
SV1_C48007,C48007,0.9666389305667096
SV1_C79909,C79909,0.8899939912380007
SV1_C81095,C81095,0.994778977888911
SV1_C45669,C45669,0.9705866400060816
SV1_C61838,C61838,0.954060207746377
SV1_C16241,C16241,0.9284338723692056
SV1_C93618,C93618,0.9274075916429595
SV1_C55233,C55233,0.9987899356279156
SV1_C19840,C19840,0.9207797556043685
SV1_C75651,C75651,0.9037431878789088
SV1_C78625,C78625,0.9420592014647617
SV1_C08485,C08485,0.9748822300984392
SV1_C75701,C75701,0.9997671470328996
SV1_C00705,C00705,0.9548030052974915
SV1_C82879,C82879,0.947562420582606
SV1_C03677,C03677,0.9850319942650422
SV1_C45694,C45694,0.9089206877852564
SV1_C17482,C17482,0.9695952264993484
SV1_C43915,C43915,0.940605119014619
SV1_C10888,C10888,0.9882959780118211
SV1_C44403,C44403,0.999606582892071
SV1_C35478,C35478,0.9474851426394977
SV1_C99619,C99619,0.9185247225502675
SV1_C05498,C05498,0.9139976776577639
SV1_C34291,C34291,0.896050525603914
SV1_C24703,C24703,0.996939044168703
SV1_C49908,C49908,0.9451837684149932
SV1_C24003,C24003,0.9842068253775422
SV1_C91886,C91886,0.8987756557767292
SV1_C97800,C97800,0.9998827399868457
SV1_C34893,C34893,0.9452466298649417
SV1_C85877,C85877,0.9997430243683795
SV1_C99708,C99708,0.9300868076730735
SV1_C91246,C91246,0.9433074125946576
SV1_C47511,C47511,0.9604785998347023
SV1_C12068,C12068,0.9840101329586133
SV1_C43907,C43907,0.998602904464519
SV1_C81103,C81103,0.8809964811287484
SV1_C84613,C84613,0.9108432591138265
SV1_C76213,C76213,0.9363591738372182
SV1_C69106,C69106,0.9851517609300869
SV1_C69084,C69084,0.9422725626413244
SV1_C50432,C50432,0.8794172279437356
SV1_C04213,C04213,0.9616431771386594
SV1_C88251,C88251,0.9978059993342786
SV1_C45028,C45028,0.9925698202712002
SV1_C03709,C03709,0.9048613776223668
SV1_C28200,C28200,0.9401479535818523
SV1_C47415,C47415,0.9739383151935839
SV1_C01240,C01240,0.954059859925874
SV1_C53475,C53475,0.9909190075605265
SV1_C53483,C53483,0.9937365746267389
SV1_C48115,C48115,0.9070238886180564
SV1_C94310,C94310,0.9836211264980018
SV1_C10842,C10842,0.9630692211529166
SV1_C81707,C81707,0.8907233413866091
SV1_C96687,C96687,0.9583436622329444
SV1_C96088,C96088,0.9535644215841005
SV1_C94282,C94282,0.9973186094545514
SV1_C58289,C58289,0.9788046026909206
SV1_C72603,C72603,0.9340059206837767
SV1_C81600,C81600,0.9471392632289813
SV1_C44449,C44449,0.9975610754007035
SV1_C64240,C64240,0.8731392567553851
SV1_C13893,C13893,0.9901002763806348
SV1_C45102,C45102,0.9738756519259888
SV1_C24073,C24073,0.9824894882191026
SV1_C42615,C42615,0.9696425076717348
SV1_C68497,C68497,0.9548021183705667
SV1_C48695,C48695,0.9888550123684279
SV1_C43817,C43817,0.8779669670333473
SV1_C13240,C13240,0.9227309657796098
SV1_C51601,C51601,0.8810022613745977
SV1_C96076,C96076,0.9085265233831805
SV1_C35502,C35502,0.9559731487654799
SV1_C19214,C19214,0.9413541984064043
SV1_C75114,C75114,0.897338152598337
SV1_C22311,C22311,0.9903566441591761
SV1_C43229,C43229,0.9902189349483439
SV1_C80478,C80478,0.9194411574551696
SV1_C01872,C01872,0.9680217309171609
SV1_C58278,C58278,0.9280110583251672
SV1_C69628,C69628,0.9263692387322965
SV1_C07886,C07886,0.9241719796664069
SV1_C03015,C03015,0.9979729328971647
SV1_C55236,C55236,0.9683354123858362
SV1_C33098,C33098,0.9557263317307797
SV1_C91841,C91841,0.9161577005243383
SV1_C51082,C51082,0.902924569124132
SV1_C07887,C07887,0.9416413370159954
SV1_C22297,C22297,0.9169230798193915
SV1_C87666,C87666,0.8790347943865232
SV1_C07316,C07316,0.9290756809578063
SV1_C74426,C74426,0.9128209543230311
SV1_C86430,C86430,0.9583371821865608
SV1_C31873,C31873,0.9783577173922269
SV1_C17413,C17413,0.9169713585593715
SV1_C28889,C28889,0.995724364773722
SV1_C31211,C31211,0.8902043381848403
SV1_C26495,C26495,0.873957814094873
SV1_C21611,C21611,0.9858593617501086
SV1_C71478,C71478,0.9338852186924557
SV1_C64875,C64875,0.996959955156329
SV1_C71411,C71411,0.9332909074537685
SV1_C61226,C61226,0.8791453653096252
SV1_C82886,C82886,0.9120335903580571
SV1_C87016,C87016,0.9069337668216377
SV1_C53490,C53490,0.9029204402988046
SV1_C08483,C08483,0.9604101301244367
SV1_C12087,C12087,0.9588266050356824
SV1_C01306,C01306,0.9968115275864028
SV1_C75005,C75005,0.9552282834565102
SV1_C86436,C86436,0.9761636441642975
SV1_C00701,C00701,0.9585219136410705
SV1_C94238,C94238,0.8819735168673121
SV1_C96013,C96013,0.979262021837002
SV1_C10234,C10234,0.9473364268484005
SV1_C94887,C94887,0.9265204638803762
SV1_C10269,C10269,0.9894649965129132
SV1_C46268,C46268,0.9377620986874232
SV1_C82285,C82285,0.9555383615926687
SV1_C87010,C87010,0.9377945361903967
SV1_C90041,C90041,0.9340297640559827
SV1_C46227,C46227,0.9716666314547587
SV1_C61840,C61840,0.8821771750258363
SV1_C89453,C89453,0.8842985081523319
SV1_C02403,C02403,0.984188261620175
SV1_C15079,C15079,0.9317637568701168
SV1_C46861,C46861,0.9815103130455256
SV1_C67905,C67905,0.9568527483708444
SV1_C78605,C78605,0.9502033266527856
SV1_C16210,C16210,0.9407951689084003
SV1_C63614,C63614,0.9003588418737172
SV1_C56485,C56485,0.9719975838638674
SV1_C84084,C84084,0.8833446478607212
SV1_C46804,C46804,0.9551016492175107
SV1_C77474,C77474,0.9971181205791186
SV1_C67813,C67813,0.9725565555794574
SV1_C06114,C06114,0.8839387610041768
SV1_C10804,C10804,0.9236639430611566
SV1_C76318,C76318,0.909181748964113
SV1_C57718,C57718,0.9239716457950783
SV1_C22277,C22277,0.968987569685724
SV1_C11490,C11490,0.9406685282751798
SV1_C72653,C72653,0.9603982696904652
SV1_C83476,C83476,0.9215911605549314
SV1_C03109,C03109,0.9121952616152783
SV1_C66096,C66096,0.9161607053095153
SV1_C09697,C09697,0.9635510375530959
SV1_C14489,C14489,0.9986049785439458
SV1_C00644,C00644,0.9951120444732116
SV1_C47513,C47513,0.9332888532123702
SV1_C100238,C100238,0.9519069098252083
SV1_C73272,C73272,0.9455230566866974
SV1_C24615,C24615,0.9994641564806998
SV1_C68472,C68472,0.9529157022202519
SV1_C68437,C68437,0.9506016873024645
SV1_C05489,C05489,0.90269512999004
SV1_C96031,C96031,0.9838780575844536
SV1_C14482,C14482,0.9984751819314825
SV1_C91852,C91852,0.9186557040071373
SV1_C31906,C31906,0.9260325340331251
SV1_C47423,C47423,0.9473369153176708
SV1_C67896,C67896,0.916160987067322
SV1_C55846,C55846,0.9048631765697793
SV1_C81699,C81699,0.880356464098195
SV1_C73307,C73307,0.9065218122545475
SV1_C21700,C21700,0.9155519438213063
SV1_C97284,C97284,0.9557748426164779
SV1_C73863,C73863,0.9712781494674986
SV1_C68415,C68415,0.974794238191382
SV1_C100235,C100235,0.864074871431586
SV1_C01241,C01241,0.9612022706632036
SV1_C92488,C92488,0.9450990066937796
SV1_C66676,C66676,0.9934986379469061
SV1_C82306,C82306,0.9466751558237262
SV1_C13863,C13863,0.9303949730590929
SV1_C25838,C25838,0.9654150967732199
SV1_C69032,C69032,0.9687259348427575
SV1_C45653,C45653,0.9982909770521562
SV1_C07890,C07890,0.9524311655026302
SV1_C03039,C03039,0.9887555256358708
SV1_C07294,C07294,0.9944330616203496
SV1_C81603,C81603,0.9495650545324587
SV1_C67801,C67801,0.9969486492451025
SV1_C45679,C45679,0.9916807442091786
SV1_C74432,C74432,0.9414122141968921
SV1_C20433,C20433,0.9116224738319666
SV1_C49848,C49848,0.9395034581685877
SV1_C28880,C28880,0.9386719594303732
SV1_C19818,C19818,0.9308632063294605
SV1_C28302,C28302,0.9440286943784636
SV1_C47461,C47461,0.9682410407962765
SV1_C82807,C82807,0.955332179488292
SV1_C51112,C51112,0.932429090626644
SV1_C91837,C91837,0.9184893536696133
SV1_C93600,C93600,0.9746059909068202
SV1_C64916,C64916,0.9741419650191528
SV1_C00031,C00031,0.984238980468617
SV1_C15647,C15647,0.8979656381625609
SV1_C27101,C27101,0.9785591445719134
SV1_C45654,C45654,0.9661558430765945
SV1_C45110,C45110,0.9690332633909469
SV1_C69117,C69117,0.991542728924012
SV1_C12706,C12706,0.9425287624369606
SV1_C45052,C45052,0.9924876496836145
SV1_C61317,C61317,0.9011106836687359
SV1_C89444,C89444,0.9936894491592061
SV1_C75024,C75024,0.9384873841911818
SV1_C33681,C33681,0.9541420199619054
SV1_C07206,C07206,0.9723155557218603
SV1_C20481,C20481,0.9568035402964541
SV1_C22273,C22273,0.9673975916575757
SV1_C54108,C54108,0.9734960995297514
SV1_C97895,C97895,0.9689465098236526
SV1_C16844,C16844,0.9131796689741725
SV1_C22231,C22231,0.9788366248125963
SV1_C24711,C24711,0.9911915547285246
SV1_C89489,C89489,0.9671699910737764
SV1_C34281,C34281,0.944665719358541
SV1_C88814,C88814,0.9551411184199876
SV1_C62441,C62441,0.9323363619363984
SV1_C33683,C33683,0.8525635784263262
SV1_C65430,C65430,0.9160417623555833
SV1_C70917,C70917,0.8801193997069202
SV1_C78101,C78101,0.9556170029850058
SV1_C96034,C96034,0.8912614186363339
SV1_C34200,C34200,0.9790850210124277
SV1_C67303,C67303,0.9091973849256715
SV1_C69680,C69680,0.8802902139938253
SV1_C82810,C82810,0.9192936290493479
SV1_C52874,C52874,0.9362372811000375
SV1_C13885,C13885,0.976955366907592
SV1_C52832,C52832,0.9376001913960031
SV1_C82288,C82288,0.9183219959285955
SV1_C76918,C76918,0.9335039670374503
SV1_C43209,C43209,0.8599319198557221
SV1_C13228,C13228,0.9355497532829373
SV1_C34277,C34277,0.9490427806646435
SV1_C55214,C55214,0.9063612314411024
SV1_C44424,C44424,0.9908587423407073
SV1_C01805,C01805,0.9965273633916656
SV1_C32503,C32503,0.9793324758272238
SV1_C00104,C00104,0.908355393839021
SV1_C13876,C13876,0.9997948010361746
SV1_C85821,C85821,0.9485923581813337
SV1_C87033,C87033,0.9949341117721235
SV1_C47478,C47478,0.9402274566152459
SV1_C33602,C33602,0.943670484389548
SV1_C03022,C03022,0.9480197108692922
SV1_C48013,C48013,0.9727196521050154
SV1_C67309,C67309,0.9336029565602523
SV1_C60080,C60080,0.9579715814511023
SV1_C90034,C90034,0.9648436241890166
SV1_C06005,C06005,0.9757192337175542
SV1_C22891,C22891,0.9993100621513258
SV1_C08465,C08465,0.901279794811017
SV1_C76800,C76800,0.8813114780670209
SV1_C67820,C67820,0.9932567357332197
SV1_C05419,C05419,0.9632246768525572
SV1_C55878,C55878,0.9786478565481948
SV1_C24603,C24603,0.9833007956696473
SV1_C91221,C91221,0.9222239944470593
SV1_C73870,C73870,0.8893024262183353
SV1_C62480,C62480,0.9740653691494713
SV1_C10219,C10219,0.9994778921339615
SV1_C96028,C96028,0.9172622071468071
SV1_C63082,C63082,0.9193181028388661
SV1_C93031,C93031,0.9294180335554658
SV1_C18688,C18688,0.9852297423103665
SV1_C95481,C95481,0.9541775432547468
SV1_C04829,C04829,0.9135689248943312
SV1_C13246,C13246,0.9332098205548114
SV1_C54119,C54119,0.9236064430718566
SV1_C86509,C86509,0.9682295996252337
SV1_C28812,C28812,0.9438999155279294
SV1_C07201,C07201,0.9479934994436299
SV1_C87667,C87667,0.9380863614147943
SV1_C99681,C99681,0.9117885765417123
SV1_C88245,C88245,0.9995227912807692
SV1_C05400,C05400,0.9783769803415192
SV1_C52213,C52213,0.8903689675919841
SV1_C87608,C87608,0.8813520827124495
SV1_C03000,C03000,0.9804407861686962
SV1_C22917,C22917,0.9765808582126304
SV1_C54644,C54644,0.9634850428077556
SV1_C76220,C76220,0.9165034707280191
SV1_C31901,C31901,0.9905473516289213
SV1_C90032,C90032,0.9866156710347823
SV1_C26516,C26516,0.9898206983585983
SV1_C79902,C79902,0.9609516268289604
SV1_C10807,C10807,0.9295833017092191
SV1_C79273,C79273,0.9404448191364001
SV1_C63040,C63040,0.8976263118152298
SV1_C66030,C66030,0.9334403877068557
SV1_C48085,C48085,0.9340899239918597
SV1_C47439,C47439,0.9796021744991537
SV1_C62494,C62494,0.9246576650313616
SV1_C12676,C12676,0.9491620419459844
SV1_C54700,C54700,0.9685854315297957
SV1_C07834,C07834,0.9520156710148374
SV1_C32420,C32420,0.9367486244973238
SV1_C53500,C53500,0.9894340358703322
SV1_C99072,C99072,0.8884261600686155
SV1_C33692,C33692,0.9923598875297176
SV1_C63701,C63701,0.9768412563262947
SV1_C08428,C08428,0.9903746819384961
SV1_C26420,C26420,0.9322584288861737
SV1_C56487,C56487,0.9756462988394907
SV1_C27607,C27607,0.939464382409527
SV1_C67223,C67223,0.9982360000683776
SV1_C00610,C00610,0.9707740138557771
SV1_C30022,C30022,0.9619906428837581
SV1_C04295,C04295,0.9624907191225757
SV1_C49202,C49202,0.944840737207822
SV1_C82889,C82889,0.8841065974101726
SV1_C72641,C72641,0.9799926000752752
SV1_C91252,C91252,0.8775445739317514
SV1_C88236,C88236,0.9833408871651725
SV1_C64919,C64919,0.9226758191264234
SV1_C84705,C84705,0.9832840715787248
SV1_C10911,C10911,0.936832007390576
SV1_C90082,C90082,0.9214922873738552
SV1_C90047,C90047,0.9924471578920208
SV1_C84115,C84115,0.9000413952250121
SV1_C100234,C100234,0.959768978528184
SV1_C22300,C22300,0.9282169049079021
SV1_C04838,C04838,0.8973710151280385
SV1_C45609,C45609,0.9143736972979234
SV1_C70839,C70839,0.9599272664569376
SV1_C72060,C72060,0.9876141733232103
SV1_C19244,C19244,0.9079242351423003
SV1_C92436,C92436,0.9291434745342806
SV1_C24628,C24628,0.9548144197030309
SV1_C51642,C51642,0.9562956166225719
SV1_C59418,C59418,0.9816661732265034
SV1_C27627,C27627,0.893497040493218
SV1_C67889,C67889,0.9170047412167779
SV1_C97844,C97844,0.9217533113040801
SV1_C58284,C58284,0.9616547959648611
SV1_C49814,C49814,0.9251080691011313
SV1_C61293,C61293,0.9426129294430503
SV1_C54088,C54088,0.9962996750685236
SV1_C74429,C74429,0.9538523799813478
SV1_C49282,C49282,0.9991672245501572
SV1_C57018,C57018,0.9527606717820202
SV1_C61803,C61803,0.9308237276921941
SV1_C61837,C61837,0.9278725144544506
SV1_C73803,C73803,0.9286217182585023
SV1_C96008,C96008,0.9912088685448036
SV1_C100276,C100276,0.9252340222852281
SV1_C33009,C33009,0.9860086046871417
SV1_C100310,C100310,0.9698754469222532
SV1_C90033,C90033,0.9944032806630082
SV1_C63710,C63710,0.9624557994296091
SV1_C24010,C24010,0.9203749159371992
SV1_C57021,C57021,0.9725140841344283
SV1_C84113,C84113,0.9908044120848968
SV1_C62478,C62478,0.9846316693569881
SV1_C01247,C01247,0.9995044530479134
SV1_C73304,C73304,0.9754849579372968
SV1_C07856,C07856,0.9453605714427399
SV1_C100301,C100301,0.9376834530093862
SV1_C06621,C06621,0.9878334432067575
SV1_C67314,C67314,0.8950721658785189
SV1_C45084,C45084,0.9817729359037423
SV1_C90639,C90639,0.9786765565303359
SV1_C58203,C58203,0.9399337565263282
SV1_C96009,C96009,0.9868137661376132
SV1_C16818,C16818,0.9342712846475127
SV1_C97288,C97288,0.9816023731506022
SV1_C13906,C13906,0.9532478271500402
SV1_C06110,C06110,0.9077997788615544
SV1_C09010,C09010,0.9643792324488952
SV1_C00684,C00684,0.9114362897358889
SV1_C68490,C68490,0.938906630820607
SV1_C31223,C31223,0.9975242402432767
SV1_C45109,C45109,0.9930968379037344
SV1_C85281,C85281,0.9881459568710368
SV1_C62423,C62423,0.9230879498790223
SV1_C16806,C16806,0.9328183849555277
SV1_C24076,C24076,0.9977348532113367
SV1_C22834,C22834,0.898481400600091
SV1_C06111,C06111,0.9613142506461129
SV1_C57644,C57644,0.9115030028847656
SV1_C33617,C33617,0.9815020727886622
SV1_C75044,C75044,0.965499414306862
SV1_C25286,C25286,0.9713750028346136
SV1_C97883,C97883,0.9942428747792533
SV1_C96617,C96617,0.9504132057551488
SV1_C81091,C81091,0.9620178485288271
SV1_C57709,C57709,0.9620600008304725
SV1_C93717,C93717,0.9875078731287957
SV1_C45610,C45610,0.9418034623502217
SV1_C92448,C92448,0.9279961096596655
SV1_C34816,C34816,0.9563990033721679
SV1_C66076,C66076,0.9970350317272229
SV1_C61886,C61886,0.9783576717964042
SV1_C73260,C73260,0.9967426583824057
SV1_C04913,C04913,0.947555798233036
SV1_C12601,C12601,0.8674253481933635
SV1_C72013,C72013,0.9564231004011268
SV1_C85311,C85311,0.9921279556362999
SV1_C76246,C76246,0.898131630768529
SV1_C46203,C46203,0.9983843784305827
SV1_C06019,C06019,0.9917868121779447
SV1_C20409,C20409,0.9095195586471052
SV1_C43210,C43210,0.9391878848329852
SV1_C84685,C84685,0.9166401631248569
SV1_C93022,C93022,0.8820646868448369
SV1_C22822,C22822,0.9995558372990717
SV1_C21685,C21685,0.9464928337323133
SV1_C52200,C52200,0.8567318186131542
SV1_C73836,C73836,0.9661298289179473
SV1_C68431,C68431,0.9275034236408177
SV1_C73832,C73832,0.9445350302026281
SV1_C51639,C51639,0.9847459903654677
SV1_C18672,C18672,0.9864663099143852
SV1_C06716,C06716,0.9736933653547408
SV1_C84008,C84008,0.9476330899862323
SV1_C88243,C88243,0.9779168432237031
SV1_C69644,C69644,0.9346688812516146
SV1_C31893,C31893,0.9658962591213909
SV1_C63635,C63635,0.9374859384176727
SV1_C94803,C94803,0.9854741296786822
SV1_C52898,C52898,0.966829023956447
SV1_C15689,C15689,0.9984691782670025
SV1_C76230,C76230,0.8898672185025599
SV1_C90000,C90000,0.892679909738254
SV1_C10220,C10220,0.9372027958807975
SV1_C47408,C47408,0.9705104880784614
SV1_C10860,C10860,0.9458110581931063
SV1_C99604,C99604,0.9495483509667297
SV1_C01905,C01905,0.9497232861565712
SV1_C62414,C62414,0.9397744391175031
SV1_C78063,C78063,0.9403407445830259
SV1_C69690,C69690,0.9026027628621345
SV1_C94226,C94226,0.8731861038818144
SV1_C47412,C47412,0.9591284473220609
SV1_C76846,C76846,0.8868128278133671
SV1_C00624,C00624,0.9677021623313097
SV1_C64898,C64898,0.9818011821265253
SV1_C15672,C15672,0.9535539787464078
SV1_C19219,C19219,0.9751970449722034
SV1_C31905,C31905,0.9892412888009613
SV1_C06006,C06006,0.9486167770090799
SV1_C31918,C31918,0.9923120028336813
SV1_C21712,C21712,0.882015286737792
SV1_C05442,C05442,0.8925990826203697
SV1_C57604,C57604,0.9487789574625048
SV1_C99001,C99001,0.9760252933617458
SV1_C43862,C43862,0.9565771011094276
SV1_C79884,C79884,0.9988229455938513
SV1_C06040,C06040,0.9883242629846258
SV1_C70906,C70906,0.9460792417717483
SV1_C34819,C34819,0.928899110211328
SV1_C88213,C88213,0.9313057130166522
SV1_C45104,C45104,0.9943193114479133
SV1_C43873,C43873,0.9956585486513392
SV1_C01833,C01833,0.9876475457463882
SV1_C43222,C43222,0.9449957959630518
SV1_C32413,C32413,0.9848050179878988
SV1_C45681,C45681,0.9993113198260034
SV1_C72028,C72028,0.9477807871142974
SV1_C76242,C76242,0.9256394314300544
SV1_C24110,C24110,0.9158062299332096
SV1_C95440,C95440,0.9993406133783691
SV1_C97894,C97894,0.9052714221233403
SV1_C79877,C79877,0.9469655990657054
SV1_C91859,C91859,0.987619598513117
SV1_C78012,C78012,0.9304016478557567
SV1_C69107,C69107,0.8892166438216739
SV1_C46807,C46807,0.9934261224645321
SV1_C45638,C45638,0.9593399302229793
SV1_C92495,C92495,0.9277743899582916
SV1_C68508,C68508,0.8838189659983491
SV1_C13247,C13247,0.9647222337864502
SV1_C24677,C24677,0.9859040917618848
SV1_C93017,C93017,0.9535402431236186
SV1_C12097,C12097,0.9471152195481604
SV1_C93025,C93025,0.9644914211190926
SV1_C90630,C90630,0.9531255123212797
SV1_C92422,C92422,0.9155003219058366
SV1_C09092,C09092,0.9299127915642951
SV1_C13856,C13856,0.9382792562750009
SV1_C80420,C80420,0.9843499650778564
SV1_C20484,C20484,0.9625405696689258
SV1_C55230,C55230,0.9581796853550706
SV1_C96006,C96006,0.9546108067640139
SV1_C66008,C66008,0.9712335808939634
SV1_C67840,C67840,0.913971358387459
SV1_C58891,C58891,0.8824933366755485
SV1_C15609,C15609,0.9190379795282507
SV1_C62485,C62485,0.9448727292626836
SV1_C03118,C03118,0.9186986261244579
SV1_C91876,C91876,0.9580989777100657
SV1_C43251,C43251,0.9980718019595671
SV1_C99717,C99717,0.9105423262565191
SV1_C78080,C78080,0.9538326630621641
SV1_C62405,C62405,0.9239528129347603
SV1_C90099,C90099,0.9981729431827528
SV1_C81623,C81623,0.9599723403734226
SV1_C94904,C94904,0.9412576527177096
SV1_C08446,C08446,0.91838351374308
SV1_C11429,C11429,0.953154641686909
SV1_C47418,C47418,0.9383883216549542
SV1_C09110,C09110,0.8976698524121134
SV1_C19220,C19220,0.9588753376039048
SV1_C39007,C39007,0.9557043163070003
SV1_C65444,C65444,0.8655294795018519
SV1_C57020,C57020,0.9761129737716902
SV1_C11447,C11447,0.9534664291609402
SV1_C70289,C70289,0.9555277670846839
SV1_C72704,C72704,0.9693781568372823
SV1_C57042,C57042,0.9774318920503039
SV1_C66716,C66716,0.9911164559606407
SV1_C76863,C76863,0.9252599457230045
SV1_C22301,C22301,0.9165066258664192
SV1_C49276,C49276,0.940720770228494
SV1_C31220,C31220,0.947237639454922
SV1_C79307,C79307,0.8840966009550012
SV1_C93074,C93074,0.9501830267399236
SV1_C36013,C36013,0.9906392384371673
SV1_C43883,C43883,0.9988569333634157
SV1_C84619,C84619,0.9708097577675298
SV1_C45062,C45062,0.960260900777765
SV1_C07801,C07801,0.9462320504258641
SV1_C30700,C30700,0.9997697204606387
SV1_C21039,C21039,0.9456175701014838
SV1_C64313,C64313,0.9811824287309877
SV1_C87708,C87708,0.9810530305761507
SV1_C52835,C52835,0.9940346183340999
SV1_C61238,C61238,0.9505100967223797
SV1_C73916,C73916,0.9056736037736204
SV1_C82912,C82912,0.9794193974015176
SV1_C100299,C100299,0.9377951736971563
SV1_C48102,C48102,0.9384732829865003
SV1_C92444,C92444,0.9949261843640317
SV1_C17425,C17425,0.9262715871324704
SV1_C03640,C03640,0.9454700293670198
SV1_C91247,C91247,0.9599033377475872
SV1_C55210,C55210,0.914353125740992
SV1_C87652,C87652,0.9049749708425614
SV1_C70875,C70875,0.9605211146579253
SV1_C88863,C88863,0.9849752865098533
SV1_C64832,C64832,0.9788581734654195
SV1_C87021,C87021,0.8772516807655615
SV1_C15692,C15692,0.9496880690426405
SV1_C09023,C09023,0.9412242612355843
SV1_C75605,C75605,0.9400689070522104
SV1_C87604,C87604,0.8833938436953076
SV1_C85816,C85816,0.9154697840222977
SV1_C95409,C95409,0.9830581838430209
SV1_C11498,C11498,0.925674716728944
SV1_C77404,C77404,0.923960859529674
SV1_C54115,C54115,0.9869512775838614
SV1_C51118,C51118,0.9722741276961259
SV1_C40805,C40805,0.9670075217319799
SV1_C57696,C57696,0.9091161744687883
SV1_C74441,C74441,0.9901078042792318
SV1_C04836,C04836,0.926481112368222
SV1_C04282,C04282,0.8950197665181655
SV1_C64901,C64901,0.9476660972188787
SV1_C67887,C67887,0.9724562878164168
SV1_C78620,C78620,0.9322706885799339
SV1_C07205,C07205,0.9475509152823245
SV1_C90064,C90064,0.9181142049793778
SV1_C10214,C10214,0.9391036441430713
SV1_C15628,C15628,0.941586008574516
SV1_C93065,C93065,0.9896225303667375
SV1_C47471,C47471,0.9087979327498048
SV1_C31299,C31299,0.993092764656432
SV1_C85904,C85904,0.9813770833829698
SV1_C95400,C95400,0.9884658998996743
SV1_C78658,C78658,0.9980486880669498
SV1_C78715,C78715,0.9059321684053273
SV1_C96673,C96673,0.9444245507206606
SV1_C45718,C45718,0.9495474947489653
SV1_C21710,C21710,0.9120112951881593
SV1_C93686,C93686,0.9783321769548426
SV1_C78704,C78704,0.9543655494116761
SV1_C06103,C06103,0.9718025750460829
SV1_C45719,C45719,0.8753268100521409
SV1_C09715,C09715,0.933730823033073
SV1_C17484,C17484,0.9648601929317832
SV1_C16894,C16894,0.9111654150944025
SV1_C13912,C13912,0.9654822602064054
SV1_C82882,C82882,0.9543321312235656
SV1_C08503,C08503,0.8714092879053991
SV1_C30701,C30701,0.9924358458035951
SV1_C77479,C77479,0.9286778733637059
SV1_C55241,C55241,0.9459931986457606
SV1_C51610,C51610,0.9086300863278661
SV1_C60034,C60034,0.9199671003980515
SV1_C04236,C04236,0.9637558235335054
SV1_C06109,C06109,0.9439563574775583
SV1_C53406,C53406,0.8958933101641244
SV1_C22800,C22800,0.8883882264341936
SV1_C21003,C21003,0.9601708320557616
SV1_C94283,C94283,0.926387276769454
SV1_C57609,C57609,0.9757120913437064
SV1_C25908,C25908,0.9790191189252314
SV1_C75636,C75636,0.9558220972482045
SV1_C75081,C75081,0.9446744961670447
SV1_C27701,C27701,0.9403563705425285
SV1_C49209,C49209,0.984874648170846
SV1_C70220,C70220,0.9834008247105125
SV1_C00688,C00688,0.913519012146874
SV1_C50403,C50403,0.8746785300959905
SV1_C66625,C66625,0.9853393547174824
SV1_C49293,C49293,0.98402993184525
SV1_C31318,C31318,0.9957233903496007
SV1_C04903,C04903,0.9287970786381675
SV1_C26421,C26421,0.9233128281606713
SV1_C87001,C87001,0.9129581314768139
SV1_C19210,C19210,0.9377455377099974
SV1_C01203,C01203,0.985072083076055
SV1_C04206,C04206,0.9317195271158443
SV1_C54044,C54044,0.9778018564764512
SV1_C78701,C78701,0.9524742795890809
SV1_C01901,C01901,0.9531498995081739
SV1_C70302,C70302,0.9623168690195191
SV1_C22908,C22908,0.9214638945568703
SV1_C71495,C71495,0.9512949681634228
SV1_C97237,C97237,0.956307657367495
SV1_C23489,C23489,0.8876255870652492
SV1_C72699,C72699,0.903546339601327
SV1_C91216,C91216,0.9525769456281843
SV1_C49849,C49849,0.9647622810048291
SV1_C83506,C83506,0.9069802547285395
SV1_C73914,C73914,0.90340754816829
SV1_C76236,C76236,0.9396326765971356
SV1_C03012,C03012,0.9740403183525708
SV1_C94804,C94804,0.9843302979756083
SV1_C91237,C91237,0.9517051373914172
SV1_C68406,C68406,0.962530970611162
SV1_C21016,C21016,0.8801881649833971
SV1_C60013,C60013,0.9722298044440004
SV1_C48079,C48079,0.9209183789354927
SV1_C45000,C45000,0.9122346349033498
SV1_C62425,C62425,0.97270963566142
SV1_C61843,C61843,0.9197690271439865
SV1_C93711,C93711,0.9167353236786954
SV1_C49910,C49910,0.9906097595519086
SV1_C37816,C37816,0.9558238870628791
SV1_C54087,C54087,0.9739277730453025
SV1_C93029,C93029,0.9669420417551782
SV1_C10861,C10861,0.9329467401071683
SV1_C99636,C99636,0.9835541887044396
SV1_C46917,C46917,0.9952621081395865
SV1_C58889,C58889,0.9877652751834691
SV1_C98492,C98492,0.9211554343232466
SV1_C91881,C91881,0.9542274098471627
SV1_C66681,C66681,0.984763018836947
SV1_C33690,C33690,0.8582966034584841
SV1_C96645,C96645,0.9712327983022623
SV1_C32412,C32412,0.9901384600741014
SV1_C27678,C27678,0.9195828142015533
SV1_C13878,C13878,0.9354211287915001
SV1_C99005,C99005,0.9762605833391611
SV1_C47500,C47500,0.9737819448673938
SV1_C81618,C81618,0.899757324981392
SV1_C49918,C49918,0.9390409215430413
SV1_C34892,C34892,0.9407262826346947
SV1_C78688,C78688,0.9002574271948699
SV1_C72059,C72059,0.9280186592716673
SV1_C10901,C10901,0.9667570493103343
SV1_C06027,C06027,0.9118854940560804
SV1_C70277,C70277,0.9416786237676571
SV1_C76849,C76849,0.9006359930472426
SV1_C22224,C22224,0.9730381483020453
SV1_C95418,C95418,0.9270114664199746
SV1_C90096,C90096,0.9306854723905593
SV1_C97240,C97240,0.9936924866072742
SV1_C24688,C24688,0.9060368975520693
SV1_C06680,C06680,0.913562276226445
SV1_C51033,C51033,0.8971849327562206
SV1_C64846,C64846,0.9384661674052599
SV1_C06075,C06075,0.9405022314244319
SV1_C88275,C88275,0.9581093345996468
SV1_C45670,C45670,0.9956843757777275
SV1_C76303,C76303,0.9307783955570414
SV1_C62442,C62442,0.9892857421923918
SV1_C05444,C05444,0.9333863932759114
SV1_C56405,C56405,0.9937106212118556
SV1_C03616,C03616,0.9190314017642323
SV1_C70803,C70803,0.9466534150578637
SV1_C30074,C30074,0.9987906196635757
SV1_C73278,C73278,0.9109929266053842
SV1_C31302,C31302,0.9287845278810111
SV1_C54085,C54085,0.9485781570564689
SV1_C89419,C89419,0.920683080740135
SV1_C51679,C51679,0.9990000355000953
SV1_C00036,C00036,0.9815491761786925
SV1_C70886,C70886,0.9558902572777689
SV1_C78626,C78626,0.9175513660464869
SV1_C87634,C87634,0.9661477711073941
SV1_C42608,C42608,0.9991235411811696
SV1_C56401,C56401,0.9935772660227579
SV1_C67273,C67273,0.972681669247917
SV1_C60024,C60024,0.9473966568703334
SV1_C00715,C00715,0.8789135000595798
SV1_C87645,C87645,0.9981245868739023
SV1_C04817,C04817,0.9611563788070471
SV1_C49875,C49875,0.9372181524709455
SV1_C72624,C72624,0.94916732042794
SV1_C43295,C43295,0.9370646294822511
SV1_C97279,C97279,0.9836345946966858
SV1_C52827,C52827,0.9940477286180259
SV1_C77480,C77480,0.91604134798981
SV1_C30676,C30676,0.9802080890930841
SV1_C92518,C92518,0.9527969514983183
SV1_C07903,C07903,0.8720703670227286
SV1_C06100,C06100,0.9625167806419116
SV1_C47424,C47424,0.9729383166644343
SV1_C21000,C21000,0.9136069855339128
SV1_C88861,C88861,0.9006295256242671
SV1_C55903,C55903,0.8565205590525148
SV1_C09111,C09111,0.9072244150841782
SV1_C48004,C48004,0.9891464478921461
SV1_C50507,C50507,0.9507060707978287
SV1_C84710,C84710,0.9305024652698475
SV1_C04802,C04802,0.9356309486401805
SV1_C76865,C76865,0.9501426255140412
SV1_C09668,C09668,0.9944636329150437
SV1_C12690,C12690,0.8705937142473312
SV1_C86495,C86495,0.9662257860226464
SV1_C88860,C88860,0.9163521883771752
SV1_C18044,C18044,0.9051390905647498
SV1_C51093,C51093,0.9512902476484876
SV1_C44429,C44429,0.9969164404611904
SV1_C61203,C61203,0.9205350903786184
SV1_C49284,C49284,0.9225717295845516
SV1_C48605,C48605,0.9948466235265321
SV1_C92440,C92440,0.9200173325441253
SV1_C99711,C99711,0.92387963918216
SV1_C82317,C82317,0.9353435560538316
SV1_C46888,C46888,0.9142914193830703
SV1_C61228,C61228,0.9211161018119867
SV1_C91909,C91909,0.9483362868800069
SV1_C67841,C67841,0.9252210812950366
SV1_C90681,C90681,0.9811206232474798
SV1_C03010,C03010,0.9619902175782419
SV1_C52836,C52836,0.9139736090149081
SV1_C49843,C49843,0.8648656173892812
SV1_C11434,C11434,0.9097219796731523
SV1_C45046,C45046,0.9979278509051932
SV1_C16830,C16830,0.9471568700135442
SV1_C01838,C01838,0.951184651855941
SV1_C69674,C69674,0.9697180173630051
SV1_C05491,C05491,0.9275742398576003
SV1_C46918,C46918,0.9545133708786284
SV1_C43876,C43876,0.9905659580968319
SV1_C96115,C96115,0.9321908547819711
SV1_C59493,C59493,0.9631261603306489
SV1_C19242,C19242,0.8686666174843369
SV1_C91847,C91847,0.9021438247429788
SV1_C07257,C07257,0.9401635516751474
SV1_C20473,C20473,0.9589121505243331
SV1_C08447,C08447,0.9979684743494681
SV1_C12605,C12605,0.8754463620159226
SV1_C28279,C28279,0.990027992595133
SV1_C91256,C91256,0.890084918097258
SV1_C41400,C41400,0.9738402422828538
SV1_C12645,C12645,0.9479964868962847
SV1_C88280,C88280,0.9840689011206322
SV1_C63087,C63087,0.9322181701262354
SV1_C69701,C69701,0.9803335539302807
SV1_C49316,C49316,0.9128160192842943
SV1_C30006,C30006,0.9273944659712396
SV1_C09689,C09689,0.9901108969940914
SV1_C86432,C86432,0.9871888642995507
SV1_C93081,C93081,0.9950327678878516
SV1_C18619,C18619,0.9594856128534098
SV1_C98479,C98479,0.999113750406212
SV1_C79801,C79801,0.9274524960786241
SV1_C93036,C93036,0.9469160585546117
SV1_C62486,C62486,0.9662390861133672
SV1_C48105,C48105,0.9574782126106897
SV1_C12675,C12675,0.9635500866192427
SV1_C63703,C63703,0.9910672742929268
SV1_C54629,C54629,0.9922445528609529
SV1_C24689,C24689,0.8926025332173255
SV1_C64809,C64809,0.9605682656483783
SV1_C93027,C93027,0.9291643513463712
SV1_C79294,C79294,0.9388698374200785
SV1_C44498,C44498,0.9722549777584459
SV1_C92426,C92426,0.9705181480347311
SV1_C07203,C07203,0.9262539748252702
SV1_C51014,C51014,0.9165189248704592
SV1_C22211,C22211,0.9890524724416355
SV1_C04885,C04885,0.9566069284954383
SV1_C37804,C37804,0.9957937461371362
SV1_C69104,C69104,0.9382221073328156
SV1_C22828,C22828,0.9750233589216936
SV1_C75038,C75038,0.8932358075251718
SV1_C90710,C90710,0.9184185122127096
SV1_C55917,C55917,0.9207960539745825
SV1_C97306,C97306,0.9905527329734434
SV1_C88297,C88297,0.9282546302275915
SV1_C69044,C69044,0.8860968912594175
SV1_C35472,C35472,0.8656754905696029
SV1_C87703,C87703,0.9781168787444526
SV1_C12057,C12057,0.9539056829531085
SV1_C82874,C82874,0.958118003541482
SV1_C73305,C73305,0.9806847839340961
SV1_C97832,C97832,0.9111962451333716
SV1_C69074,C69074,0.9467498509512947
SV1_C92451,C92451,0.9998361621922804
SV1_C70237,C70237,0.8990851726620197
SV1_C76869,C76869,0.9510228323245634
SV1_C31806,C31806,0.924980614483075
SV1_C70318,C70318,0.8982428426918152
SV1_C12681,C12681,0.944227371025181
SV1_C35403,C35403,0.9191002230334516
SV1_C46232,C46232,0.9916799916304937
SV1_C60713,C60713,0.9869942321466705
SV1_C18692,C18692,0.9348187398053006
SV1_C54607,C54607,0.875491353248415
SV1_C34314,C34314,0.9375338135385904
SV1_C96093,C96093,0.9225919866323252
SV1_C24621,C24621,0.9690847518804475
SV1_C48638,C48638,0.892794804303223
SV1_C56477,C56477,0.9901779350050494
SV1_C08501,C08501,0.9536317343888678
SV1_C52844,C52844,0.9906923145781947
SV1_C88209,C88209,0.9087247952899468
SV1_C99718,C99718,0.9321237618483315
SV1_C48043,C48043,0.926369289006491
SV1_C64214,C64214,0.908548358127621
SV1_C43257,C43257,0.994632344942667
SV1_C00719,C00719,0.9363495312843302
SV1_C46240,C46240,0.9267521913559291
SV1_C95480,C95480,0.9112533699229896
SV1_C70288,C70288,0.9727661056791013
SV1_C07833,C07833,0.9975776227485654
SV1_C15095,C15095,0.9694183666117965
SV1_C85806,C85806,0.8916418883050444
SV1_C47403,C47403,0.9851927073444073
SV1_C73800,C73800,0.9319621202476477
SV1_C02506,C02506,0.9907111390998309
SV1_C08481,C08481,0.9985095055402757
SV1_C75600,C75600,0.9054693991217233
SV1_C49888,C49888,0.8788156486119104
SV1_C49279,C49279,0.9330985742196144
SV1_C78702,C78702,0.9247265824797936
SV1_C93718,C93718,0.9456397920794223
SV1_C35476,C35476,0.8644678839773047
SV1_C64896,C64896,0.9102698508237449
SV1_C97913,C97913,0.9162403294651004
SV1_C70305,C70305,0.9976000109698948
SV1_C21031,C21031,0.9413583204344699
SV1_C92419,C92419,0.9142274375981779
SV1_C06077,C06077,0.9309145772354634
SV1_C73841,C73841,0.9883464821010215
SV1_C90658,C90658,0.890558419605109
SV1_C13802,C13802,0.93254686638047
SV1_C91844,C91844,0.9825631187470749
SV1_C19223,C19223,0.9254096789106002
SV1_C63708,C63708,0.9826506012683431
SV1_C96715,C96715,0.9279773106164089
SV1_C46310,C46310,0.9680313016474779
SV1_C49242,C49242,0.927739412715375
SV1_C96004,C96004,0.9919241517566006
SV1_C30711,C30711,0.9911685269030988
SV1_C15046,C15046,0.9872637559222456
SV1_C25232,C25232,0.9421294837617471
SV1_C08480,C08480,0.986457942778242
SV1_C43842,C43842,0.9216661876660002
SV1_C33621,C33621,0.9285554909003216
SV1_C78112,C78112,0.943642762657602
SV1_C18079,C18079,0.8979379398852934
SV1_C24608,C24608,0.9304180607660373
SV1_C19891,C19891,0.9468650215540071
SV1_C03074,C03074,0.9295115025877398
SV1_C19882,C19882,0.8703469689641349
SV1_C96682,C96682,0.9810873766239918
SV1_C98506,C98506,0.952655818150214
SV1_C66621,C66621,0.9994842734469035
SV1_C24695,C24695,0.9188011761629533
SV1_C79805,C79805,0.9272831374871083
SV1_C78042,C78042,0.9784257805922922
SV1_C48629,C48629,0.9345422918063543
SV1_C32408,C32408,0.9855147858203974
SV1_C05500,C05500,0.9481743554925374
SV1_C46297,C46297,0.9960375883648233
SV1_C34900,C34900,0.925574713345274
SV1_C12002,C12002,0.8774496545930064
SV1_C46881,C46881,0.9886561985171823
SV1_C63637,C63637,0.9700911359505568
SV1_C61804,C61804,0.9258822992804744
SV1_C83405,C83405,0.9488314679355793
SV1_C76232,C76232,0.928986047746698
SV1_C26406,C26406,0.9460234799121587
SV1_C71423,C71423,0.9917154521734367
SV1_C23473,C23473,0.9792928749947587
SV1_C09025,C09025,0.9986723383470617
SV1_C100218,C100218,0.9215198841636781
SV1_C53419,C53419,0.9521912595573112
SV1_C19240,C19240,0.9875745288004656
SV1_C78078,C78078,0.9821681916001281
SV1_C03008,C03008,0.9822494398105258
SV1_C78686,C78686,0.9286528838178186
SV1_C12621,C12621,0.969770602825844
SV1_C00623,C00623,0.9526549534827365
SV1_C10297,C10297,0.966151677656924
SV1_C12617,C12617,0.9551629831909192
SV1_C45677,C45677,0.9981726489207832
SV1_C23495,C23495,0.9227414687390404
SV1_C78654,C78654,0.9997884131305561
SV1_C81710,C81710,0.9315291033011099
SV1_C73249,C73249,0.9586926325459023
SV1_C60632,C60632,0.954677325269884
SV1_C73918,C73918,0.9318027676534383
SV1_C33697,C33697,0.9526420874492227
SV1_C88313,C88313,0.9937113414060972
SV1_C01273,C01273,0.9419193361217142
SV1_C84616,C84616,0.9301907440375529
SV1_C16824,C16824,0.945209456670725
SV1_C53508,C53508,0.9811048483207698
SV1_C16295,C16295,0.9633009102011026
SV1_C55910,C55910,0.9763804884427604
SV1_C03704,C03704,0.93957025845514
SV1_C94227,C94227,0.9622035223024201
SV1_C49248,C49248,0.9225395457915103
SV1_C10213,C10213,0.9579306222290561
SV1_C44451,C44451,0.9976039047634867
SV1_C52285,C52285,0.9653412642395638
SV1_C27614,C27614,0.9928177247553571
SV1_C90651,C90651,0.967045327472618
SV1_C12691,C12691,0.9550364581587415
SV1_C54641,C54641,0.9555577659857684
SV1_C43910,C43910,0.9660137962886045
SV1_C94243,C94243,0.8682903137730664
SV1_C48641,C48641,0.9257402471248292
SV1_C86445,C86445,0.9927840008200477
SV1_C03078,C03078,0.9290040094676754
SV1_C69037,C69037,0.9322230891422727
SV1_C92472,C92472,0.9891036360172826
SV1_C97316,C97316,0.9961733691858752
SV1_C64311,C64311,0.9897532582134828
SV1_C32487,C32487,0.9391257151580641
SV1_C87635,C87635,0.9925983401389286
SV1_C72646,C72646,0.8852912575141464
SV1_C01813,C01813,0.9898648684739543
SV1_C06630,C06630,0.9878273793571483
SV1_C73876,C73876,0.9432820033542134
SV1_C46286,C46286,0.9559215915540396
SV1_C66036,C66036,0.9597365950131553
SV1_C64318,C64318,0.8744585337268527
SV1_C46218,C46218,0.9511640422141988
SV1_C63110,C63110,0.9320061281210222
SV1_C70838,C70838,0.9773622790442784
SV1_C05426,C05426,0.9817356752610342
SV1_C25846,C25846,0.9279292592415733
SV1_C54678,C54678,0.9910074683022361
SV1_C71516,C71516,0.8649696452776799
SV1_C96618,C96618,0.9236804969279214
SV1_C20414,C20414,0.93691429312262
SV1_C03632,C03632,0.9692169935248428
SV1_C27113,C27113,0.955712168203674
SV1_C16211,C16211,0.9219252722941887
SV1_C63620,C63620,0.9286180312314679
SV1_C07909,C07909,0.9672984869732362
SV1_C57631,C57631,0.9390512344435772
SV1_C47482,C47482,0.9420286050540765
SV1_C44420,C44420,0.9257910005056336
SV1_C26423,C26423,0.8971849841921552
SV1_C76803,C76803,0.9103251905112282
SV1_C03716,C03716,0.9522503891692742
SV1_C64909,C64909,0.9190247882377951
SV1_C69119,C69119,0.9946358434413439
SV1_C07893,C07893,0.9666965215096129
SV1_C66601,C66601,0.9880310375142362
SV1_C78607,C78607,0.9998640281179747
SV1_C13252,C13252,0.9670013975660017
SV1_C78677,C78677,0.9671856859777781
SV1_C57714,C57714,0.9209378142231616
SV1_C69081,C69081,0.9130040297738253
SV1_C82819,C82819,0.9265417376878069
SV1_C49213,C49213,0.9760986341407505
SV1_C27093,C27093,0.9555046806783288
SV1_C03605,C03605,0.9765157099165638
SV1_C15086,C15086,0.9738843178186944
SV1_C69616,C69616,0.8835307501814168
SV1_C90716,C90716,0.9279034504931515
SV1_C19290,C19290,0.98172646900834
SV1_C16881,C16881,0.9569199474672222
SV1_C02420,C02420,0.9962576388342634
SV1_C19206,C19206,0.9340461352953741
SV1_C53434,C53434,0.9094450353716612
SV1_C75100,C75100,0.9903197180619044
SV1_C89503,C89503,0.9924349597231377
SV1_C67911,C67911,0.9610865048472286
SV1_C40204,C40204,0.9794001351820918
SV1_C01289,C01289,0.9318677540708866
SV1_C31311,C31311,0.9887080611136281
SV1_C30686,C30686,0.9607069768683674
SV1_C21706,C21706,0.9226366848961316
SV1_C30117,C30117,0.9759812493529794
SV1_C89504,C89504,0.9537820772173647
SV1_C76813,C76813,0.9323470023416212
SV1_C57637,C57637,0.9990650158858291
SV1_C19888,C19888,0.968260251706654
SV1_C51105,C51105,0.9976796307439391
SV1_C60613,C60613,0.9681507143036103
SV1_C46241,C46241,0.9345429066459496
SV1_C76891,C76891,0.9552986433822795
SV1_C100313,C100313,0.9670476560590195
SV1_C03674,C03674,0.9093905396671269
SV1_C22909,C22909,0.9110688861492446
SV1_C93692,C93692,0.913188741389063
SV1_C99106,C99106,0.9352452276055842
SV1_C10305,C10305,0.9621438199887496
SV1_C48682,C48682,0.9860442950456509
SV1_C30101,C30101,0.991393848876304
SV1_C57601,C57601,0.9695148637437286
SV1_C21085,C21085,0.9609387368081844
SV1_C74406,C74406,0.9909454933730184
SV1_C72667,C72667,0.9973237520212552
SV1_C93068,C93068,0.937272614941437
SV1_C66634,C66634,0.9479811576511209
SV1_C30616,C30616,0.9523857505101984
SV1_C78699,C78699,0.9692846033801464
SV1_C90020,C90020,0.890728247842323
SV1_C70900,C70900,0.9782423252615808
SV1_C24023,C24023,0.9425834572047407
SV1_C02430,C02430,0.9284942549986512
SV1_C25279,C25279,0.8952445337000752
SV1_C93003,C93003,0.9531966997978302
SV1_C97209,C97209,0.9942397388799903
SV1_C88296,C88296,0.9382322723746735
SV1_C66003,C66003,0.9396363539558354
SV1_C31892,C31892,0.9603034807847243
SV1_C87699,C87699,0.9787291038572626
SV1_C91248,C91248,0.8708502633360132
SV1_C57091,C57091,0.9403045808409815
SV1_C25209,C25209,0.9258352187386459
SV1_C57014,C57014,0.979929805423418
SV1_C86414,C86414,0.9281797158058879
SV1_C14411,C14411,0.9006988600051005
SV1_C10291,C10291,0.9866326386406258
SV1_C36000,C36000,0.9955424436103739
SV1_C28916,C28916,0.9503729312627001
SV1_C72098,C72098,0.9340793818606861
SV1_C06695,C06695,0.8645996792790372
SV1_C75673,C75673,0.9298284000772946
SV1_C94309,C94309,0.9560886315596095
SV1_C68501,C68501,0.9543425386418014
SV1_C09604,C09604,0.913136468908001
SV1_C63719,C63719,0.902143601623993
SV1_C06039,C06039,0.9543756806203627
SV1_C45608,C45608,0.9796525171321814
SV1_C43902,C43902,0.9716931068449942
SV1_C52840,C52840,0.9022514113941003
SV1_C70915,C70915,0.9242532636343301
SV1_C77439,C77439,0.9347843931694776
SV1_C59427,C59427,0.970321696072243
SV1_C63105,C63105,0.9459169917541824
SV1_C72004,C72004,0.9401829487110889
SV1_C82209,C82209,0.9434833205692436
SV1_C33688,C33688,0.8907254974848502
SV1_C01274,C01274,0.9453734844804504
SV1_C76855,C76855,0.9426733957725232
SV1_C15621,C15621,0.9958627879142585
SV1_C46291,C46291,0.9226378425244559
SV1_C86434,C86434,0.9587626123857211
SV1_C97817,C97817,0.9573267766459119
SV1_C09095,C09095,0.9218427450010475
SV1_C30118,C30118,0.9995372239388473
SV1_C91848,C91848,0.9119013331025251
SV1_C24717,C24717,0.99214198287351
SV1_C03610,C03610,0.9501679030093269
SV1_C45707,C45707,0.9952364333611203
SV1_C34286,C34286,0.9681781071177065
SV1_C12109,C12109,0.9364770798259604
SV1_C48011,C48011,0.9657072522777144
SV1_C03678,C03678,0.9088939165570443
SV1_C68519,C68519,0.9852798693903729
SV1_C68446,C68446,0.9548803804508099
SV1_C93697,C93697,0.9716740376799158
SV1_C91887,C91887,0.9716913675029039
SV1_C43306,C43306,0.9698939485926171
SV1_C74473,C74473,0.9501359581647625
SV1_C75105,C75105,0.9947728450433998
SV1_C63715,C63715,0.9331393624576221
SV1_C38405,C38405,0.9987192350009063
SV1_C69103,C69103,0.891464489408231
SV1_C93616,C93616,0.9330607046430562
SV1_C96107,C96107,0.9312273015867365
SV1_C38423,C38423,0.9041307283996267
SV1_C48644,C48644,0.9089225780730062
SV1_C10840,C10840,0.9451950414438987
SV1_C70832,C70832,0.8989561198504447
SV1_C32517,C32517,0.9566995821870183
SV1_C30710,C30710,0.9143089608448286
SV1_C58818,C58818,0.9835856889484462
SV1_C72051,C72051,0.9262569449599757
SV1_C59507,C59507,0.9137644132303552
SV1_C87639,C87639,0.9994721310253092
SV1_C48075,C48075,0.920560988147131
SV1_C95433,C95433,0.9206259643809943
SV1_C19826,C19826,0.8945485897500092
SV1_C91823,C91823,0.9007254539310594
SV1_C55801,C55801,0.97235908824242
SV1_C63027,C63027,0.9489118068040541
SV1_C33096,C33096,0.9766634629753715
SV1_C05501,C05501,0.9550153029283045
SV1_C54631,C54631,0.9585559411578223
SV1_C18683,C18683,0.9322953320429257
SV1_C24681,C24681,0.9881148881026998
SV1_C22284,C22284,0.9696574450002712
SV1_C24002,C24002,0.9111143152915417
SV1_C91908,C91908,0.9417699761104795
SV1_C86400,C86400,0.8894234092654121
SV1_C45626,C45626,0.9643996987109461
SV1_C91219,C91219,0.9437933134125598
SV1_C73862,C73862,0.929143107893889
SV1_C09648,C09648,0.9357649669214606
SV1_C65492,C65492,0.9973857539266162
SV1_C99014,C99014,0.9405284345240805
SV1_C81089,C81089,0.9251000102882215
SV1_C01312,C01312,0.918065415900927
SV1_C21090,C21090,0.9156367587149135
SV1_C05407,C05407,0.9153460512052685
SV1_C79310,C79310,0.9361742042308906
SV1_C50401,C50401,0.8841196018768009
SV1_C89460,C89460,0.9146433853884998
SV1_C96020,C96020,0.9140604132298185
SV1_C21046,C21046,0.9407336120319051
SV1_C96629,C96629,0.9008891815385077
SV1_C00038,C00038,0.9376736017303294
SV1_C43841,C43841,0.9292431952671388
SV1_C45093,C45093,0.8975273066481733
SV1_C34204,C34204,0.9814405839337695
SV1_C45085,C45085,0.9905243884355802
SV1_C48636,C48636,0.9541221478765866
SV1_C72046,C72046,0.8863956408675265
SV1_C54612,C54612,0.8884098058428909
SV1_C51643,C51643,0.9217341954595251
SV1_C68422,C68422,0.9700473809822419
SV1_C56445,C56445,0.9866682813754281
SV1_C77460,C77460,0.9593529687913758
SV1_C15635,C15635,0.9967656365084754
SV1_C86511,C86511,0.9478179565195178
SV1_C24629,C24629,0.9436112019161407
SV1_C96620,C96620,0.9232886127682343
SV1_C55226,C55226,0.9576931079283921
SV1_C18695,C18695,0.9126924041691719
SV1_C25220,C25220,0.9313674263381504
SV1_C17493,C17493,0.959530227270189
SV1_C88201,C88201,0.9067225254104291
SV1_C09712,C09712,0.9945407297153921
SV1_C17437,C17437,0.9022365732471298
SV1_C80423,C80423,0.9616150428811507
SV1_C80498,C80498,0.9603571254016094
SV1_C27623,C27623,0.9413610178879112
SV1_C99028,C99028,0.9769536720689224
SV1_C74482,C74482,0.9065590898197547
SV1_C57082,C57082,0.9712327696891121
SV1_C86471,C86471,0.8765367477634812
SV1_C90038,C90038,0.9588899736438543
SV1_C51693,C51693,0.9570320654780197
SV1_C91211,C91211,0.8999944628812354
SV1_C73295,C73295,0.911773890860798
SV1_C60016,C60016,0.9316974227648256
SV1_C91883,C91883,0.9854803070814996
SV1_C86447,C86447,0.9962451823376182
SV1_C33689,C33689,0.9032730836410024
SV1_C92418,C92418,0.9580778849854423
SV1_C86439,C86439,0.9954630688189857
SV1_C23486,C23486,0.9090085570446127
SV1_C31314,C31314,0.9229238769584092
SV1_C62504,C62504,0.9084170996111224
SV1_C66637,C66637,0.9529296070709535
SV1_C59417,C59417,0.9596158762260303
SV1_C43819,C43819,0.9428741886914622
SV1_C74508,C74508,0.9644802824781306
SV1_C20485,C20485,0.9554322435629138
SV1_C36014,C36014,0.9754001549693216
SV1_C34885,C34885,0.936206552767729
SV1_C69077,C69077,0.9089742199863158
SV1_C43212,C43212,0.9945794276629285
SV1_C91273,C91273,0.9573605008072699
SV1_C07852,C07852,0.9385089533935655
SV1_C74468,C74468,0.9637789558509495
SV1_C60014,C60014,0.9934318875433227
SV1_C90017,C90017,0.96811127833548
SV1_C85891,C85891,0.9882979109096812
SV1_C07869,C07869,0.968462186266977
SV1_C12093,C12093,0.9417224400423431
SV1_C03116,C03116,0.9610354313837408
SV1_C45068,C45068,0.9454401943564804
SV1_C18018,C18018,0.9219855748018253
SV1_C09004,C09004,0.9074580980269669
SV1_C00682,C00682,0.9426537471292512
SV1_C59404,C59404,0.9425676673627016
SV1_C24620,C24620,0.9416232189071705
SV1_C87106,C87106,0.9069949878192576
SV1_C53501,C53501,0.9964362892310831
SV1_C39608,C39608,0.9869638189796426
SV1_C51712,C51712,0.9336332854720565
SV1_C07209,C07209,0.9453955979862723
SV1_C90066,C90066,0.8928707392000838
SV1_C33701,C33701,0.9533137972604153
SV1_C00091,C00091,0.9109515600808059
SV1_C58217,C58217,0.9633574105379513
SV1_C90618,C90618,0.995783431090198
SV1_C14433,C14433,0.9196274009887554
SV1_C67830,C67830,0.9756346520595204
SV1_C88298,C88298,0.9224179946941414
SV1_C58816,C58816,0.9374396808487633
SV1_C75030,C75030,0.909731842680077
SV1_C13243,C13243,0.8939099531125507
SV1_C53496,C53496,0.9885374455749459
SV1_C43851,C43851,0.9983199459920065
SV1_C01885,C01885,0.9232015730629273
SV1_C87074,C87074,0.8911372850962963
SV1_C61905,C61905,0.9592313312653901
SV1_C10818,C10818,0.9270012266295495
SV1_C24104,C24104,0.9593143070920341
SV1_C63014,C63014,0.9090359960969338
SV1_C21027,C21027,0.9413774594597865
SV1_C86409,C86409,0.9126864254122002
SV1_C00000,C00000,0.9918807929694266
SV1_C77494,C77494,0.9278240039141405
SV1_C20479,C20479,0.9823756793963803
SV1_C43296,C43296,0.9909265997627091
SV1_C99038,C99038,0.94431800680582
SV1_C69038,C69038,0.9789292330375267
SV1_C31282,C31282,0.9948963809082959
SV1_C77440,C77440,0.8987882912803942
SV1_C61241,C61241,0.9407238086514242
SV1_C20428,C20428,0.8990917690994477
SV1_C30007,C30007,0.8860327817817877
SV1_C25290,C25290,0.9280060243411611
SV1_C90663,C90663,0.9576449515415689
SV1_C44400,C44400,0.9787663050327211
SV1_C43293,C43293,0.8546601526169298
SV1_C75606,C75606,0.9713460593231645
SV1_C45703,C45703,0.9962163003404709
SV1_C47506,C47506,0.9576650460595999
SV1_C84675,C84675,0.9570465075004091
SV1_C51022,C51022,0.9634466324596977
SV1_C68428,C68428,0.9898088619022962
SV1_C46833,C46833,0.9939530787360799
SV1_C10879,C10879,0.9275509246409488
SV1_C00042,C00042,0.905252038410284
SV1_C10278,C10278,0.9408764445554394
SV1_C49280,C49280,0.9384802310441038
SV1_C46230,C46230,0.965293073188922
SV1_C79288,C79288,0.9534142344125458
SV1_C12633,C12633,0.9525611111466431
SV1_C51114,C51114,0.9278484958637481
SV1_C59492,C59492,0.9210092113872105
SV1_C42623,C42623,0.966423411833129
SV1_C79204,C79204,0.9280286222794843
SV1_C75001,C75001,0.9551703454659176
SV1_C18025,C18025,0.9580339185301565
SV1_C51701,C51701,0.9986670524394536
SV1_C11464,C11464,0.9033897621653839
SV1_C10917,C10917,0.9462555860356342
SV1_C18686,C18686,0.9168595123811559
SV1_C58841,C58841,0.9600051002707831
SV1_C40823,C40823,0.8986734164872855
SV1_C24024,C24024,0.9577110430257066
SV1_C04872,C04872,0.9919976893394553
SV1_C57610,C57610,0.994514459049487
SV1_C89457,C89457,0.8902664850539163
SV1_C48670,C48670,0.9483226521765611
SV1_C76876,C76876,0.8809276015096462
SV1_C76893,C76893,0.906244575644303
SV1_C57702,C57702,0.9401996676444698
SV1_C49227,C49227,0.9476393731577593
SV1_C74499,C74499,0.9210823035550622
SV1_C49884,C49884,0.9196255065045376
SV1_C95414,C95414,0.9430847198903359
SV1_C71418,C71418,0.9223398339653183
SV1_C25305,C25305,0.9753655573687663
SV1_C67294,C67294,0.9189302161912822
SV1_C42605,C42605,0.9968513980732732
SV1_C04223,C04223,0.9963592585046166
SV1_C01206,C01206,0.9690840261275141
SV1_C31919,C31919,0.9348865114706724
SV1_C67220,C67220,0.9940827325885825
SV1_C64278,C64278,0.9997558137349877
SV1_C34800,C34800,0.9549050699210867
SV1_C78061,C78061,0.9390258165197495
SV1_C61242,C61242,0.9951695505783426
SV1_C73915,C73915,0.9493702781759698
SV1_C46304,C46304,0.9916743628701876
SV1_C34889,C34889,0.956429280796341
SV1_C07919,C07919,0.9774934266944921
SV1_C50412,C50412,0.873121929837885
SV1_C45045,C45045,0.9738426446771641
SV1_C73810,C73810,0.9944870017822605
SV1_C97301,C97301,0.962248884921351
SV1_C61846,C61846,0.9177499083441508
SV1_C28241,C28241,0.9439774320731316
SV1_C49298,C49298,0.9859311953113139
SV1_C03013,C03013,0.9829033951491203
SV1_C92432,C92432,0.9265049434234127
SV1_C96019,C96019,0.9591098444182383
SV1_C46835,C46835,0.983829183951357
SV1_C46263,C46263,0.985382661432415
SV1_C06684,C06684,0.8940006370325493
SV1_C60097,C60097,0.9472987863866636
SV1_C21086,C21086,0.8996262992147694
SV1_C07271,C07271,0.8773691744749735
SV1_C22818,C22818,0.9324270574660275
SV1_C31805,C31805,0.9660733395915926
SV1_C43255,C43255,0.9989143803065111
SV1_C72703,C72703,0.9025713745996145
SV1_C13274,C13274,0.9340521625103482
SV1_C10227,C10227,0.9608508863267469
SV1_C77485,C77485,0.9388891836160034
SV1_C03016,C03016,0.9297948700082281
SV1_C60641,C60641,0.943909072887552
SV1_C22315,C22315,0.9464981819705692
SV1_C87615,C87615,0.889774329674614
SV1_C25289,C25289,0.9019120199256782
SV1_C65441,C65441,0.8957939223583377
SV1_C10246,C10246,0.9217067512651995
SV1_C75036,C75036,0.9645079475530611
SV1_C57077,C57077,0.9997982221019167
SV1_C40802,C40802,0.9525529090383584
SV1_C34904,C34904,0.924768761028037
SV1_C08475,C08475,0.9634308805979656
SV1_C31800,C31800,0.9703107889997474
SV1_C84114,C84114,0.9072630952699927
SV1_C45049,C45049,0.997930840525224
SV1_C50499,C50499,0.9321677777372511
SV1_C79282,C79282,0.9260473968376931
SV1_C18639,C18639,0.9514838543441654
SV1_C52884,C52884,0.9668940851599329
SV1_C45096,C45096,0.9933835538437727
SV1_C74497,C74497,0.9941292810472074
SV1_C09687,C09687,0.949654477806628
SV1_C82295,C82295,0.9849913933221254
SV1_C85915,C85915,0.9367042363325124
SV1_C88827,C88827,0.9825264986225161
SV1_C01314,C01314,0.9143466504533855
SV1_C12063,C12063,0.9627111834534029
SV1_C88840,C88840,0.9316633257581737
SV1_C56518,C56518,0.927012894426663
SV1_C64273,C64273,0.9672833631305465
SV1_C46813,C46813,0.9762979780233103
SV1_C07302,C07302,0.8997797556536877
SV1_C18037,C18037,0.9354488546206571
SV1_C17489,C17489,0.9726867575294168
SV1_C85896,C85896,0.9851087988119115
SV1_C75109,C75109,0.9758891793415296
SV1_C75117,C75117,0.8924499100610571
SV1_C03104,C03104,0.9279944075574978
SV1_C95429,C95429,0.903298868951214
SV1_C30094,C30094,0.8939474824592787
SV1_C88248,C88248,0.9017101199349062
SV1_C17405,C17405,0.9049347038025388
SV1_C13218,C13218,0.9359362702712982
SV1_C07917,C07917,0.9176040167089781
SV1_C28307,C28307,0.9986926874649209
SV1_C10850,C10850,0.990169711971673
SV1_C75101,C75101,0.9969717067874965
SV1_C85274,C85274,0.9473872939483919
SV1_C70911,C70911,0.9857365386417396
SV1_C76221,C76221,0.9166551661766673
SV1_C16872,C16872,0.9793245020005453
SV1_C87009,C87009,0.910793839872399
SV1_C91314,C91314,0.917253034401388
SV1_C21707,C21707,0.9956055921341591
SV1_C61227,C61227,0.9944853569933312
SV1_C88887,C88887,0.947026329885014
SV1_C19281,C19281,0.9300964811907734
SV1_C46828,C46828,0.9851293749709202
SV1_C33604,C33604,0.9907782655830519
SV1_C86519,C86519,0.9435270997123784
SV1_C71500,C71500,0.9443428139606781
SV1_C40801,C40801,0.9667618864650471
SV1_C64314,C64314,0.958097745268619
SV1_C26443,C26443,0.9268035777403651
SV1_C53519,C53519,0.93150707153349
SV1_C54096,C54096,0.9804285771681958
SV1_C04214,C04214,0.9286593744948429
SV1_C07840,C07840,0.9527662411206288
SV1_C67847,C67847,0.8715956295242161
SV1_C11425,C11425,0.9524063277250456
SV1_C75078,C75078,0.9028559805181751
SV1_C48634,C48634,0.8966223037288621
SV1_C58902,C58902,0.9625520857900586
SV1_C73224,C73224,0.9486831688923664
SV1_C81611,C81611,0.9483261254192658
SV1_C07812,C07812,0.9403416526874783
SV1_C59409,C59409,0.9704748774746993
SV1_C44469,C44469,0.9756107029377599
SV1_C18073,C18073,0.9689731340509677
SV1_C26485,C26485,0.9466180899612442
SV1_C59498,C59498,0.9728330354041882
SV1_C07827,C07827,0.9089517203497343
SV1_C54635,C54635,0.958278360271465
SV1_C25275,C25275,0.8853825902908448
SV1_C31286,C31286,0.9600079701683748
SV1_C02434,C02434,0.9381661944587538
SV1_C28236,C28236,0.9847796970656206
SV1_C88318,C88318,0.8874251225895234
SV1_C74414,C74414,0.9782835018224942
SV1_C21019,C21019,0.9595538366600357
SV1_C56437,C56437,0.9570399271139478
SV1_C03636,C03636,0.9797583489144992
SV1_C56473,C56473,0.9900928331456684
SV1_C62498,C62498,0.9931518493400098
SV1_C21032,C21032,0.894808739732456
SV1_C46890,C46890,0.8933540203980299
SV1_C50512,C50512,0.9302707930980108
SV1_C22239,C22239,0.9937667067614041
SV1_C06604,C06604,0.9464945691071086
SV1_C75621,C75621,0.9313811346268831
SV1_C88856,C88856,0.9089773027110385
SV1_C19807,C19807,0.9912488302585665
SV1_C72074,C72074,0.90819202060348
SV1_C63023,C63023,0.8927949803638702
SV1_C04902,C04902,0.9020690238189494
SV1_C99641,C99641,0.938404645512682
SV1_C95482,C95482,0.9922997771723678
SV1_C64280,C64280,0.9488468554525884
SV1_C16226,C16226,0.947552994913426
SV1_C83490,C83490,0.9121231360447486
SV1_C22827,C22827,0.9773255366250366
SV1_C01211,C01211,0.9930535226826823
SV1_C49318,C49318,0.9485925111521573
SV1_C83402,C83402,0.9203465704372094
SV1_C87693,C87693,0.9941422111792707
SV1_C63019,C63019,0.9444174877026991
SV1_C63684,C63684,0.9702021709663564
SV1_C62505,C62505,0.9517378448490887
SV1_C56409,C56409,0.993279480147196
SV1_C13874,C13874,0.9353850390121522
SV1_C76289,C76289,0.9463391333225282
SV1_C51024,C51024,0.9009376767173946
SV1_C46289,C46289,0.930772914062344
SV1_C55804,C55804,0.9689018556614041
SV1_C46805,C46805,0.963227960600265
SV1_C43917,C43917,0.9795971063849478
SV1_C68491,C68491,0.8723033157824962
SV1_C72691,C72691,0.9091526812229371
SV1_C35486,C35486,0.9758729241815625
SV1_C33118,C33118,0.9683215394823453
SV1_C27019,C27019,0.8985810911221249
SV1_C82814,C82814,0.9081894456232422
SV1_C16216,C16216,0.9487817705205694
SV1_C36007,C36007,0.9135842922562165
SV1_C15601,C15601,0.9116490187599221
SV1_C03081,C03081,0.969992431733038
SV1_C05515,C05515,0.894311419173683
SV1_C63631,C63631,0.9218700221390175
SV1_C95435,C95435,0.9744268404962292
SV1_C79316,C79316,0.9421323468782286
SV1_C52221,C52221,0.9383421366247814
SV1_C85878,C85878,0.9642265976878478
SV1_C84713,C84713,0.970820358185264
SV1_C33103,C33103,0.9638303002664006
SV1_C74496,C74496,0.9884025302208579
SV1_C79908,C79908,0.8795129799787743
SV1_C24099,C24099,0.9976240911085237
SV1_C07836,C07836,0.9652501325931563
SV1_C61239,C61239,0.9847927382254741
SV1_C79285,C79285,0.9845799540759491
SV1_C97238,C97238,0.8819847926099732
SV1_C01917,C01917,0.959013170344768
SV1_C33087,C33087,0.9151298760301395
SV1_C15603,C15603,0.9066555292831917
SV1_C46207,C46207,0.9983034627492553
SV1_C61215,C61215,0.9338888243179218
SV1_C02425,C02425,0.9734943910438508
SV1_C43833,C43833,0.9944704288722521
SV1_C12072,C12072,0.883273077868389
SV1_C69088,C69088,0.9885625726881705
SV1_C12693,C12693,0.9867594747960684
SV1_C21702,C21702,0.9227649838398664
SV1_C49885,C49885,0.948967264466537
SV1_C01898,C01898,0.9967578788532122
SV1_C90715,C90715,0.9359454493574949
SV1_C00001,C00001,0.9976763876824758
SV1_C13239,C13239,0.949455739423384
SV1_C96015,C96015,0.984333892393477
SV1_C68518,C68518,0.9341880853488032
SV1_C43889,C43889,0.9307225107116316
SV1_C28802,C28802,0.9282506708178739
SV1_C88849,C88849,0.8828412548441464
SV1_C73232,C73232,0.9461212506005502
SV1_C43831,C43831,0.9329256100367627
SV1_C69102,C69102,0.9858528413830356
SV1_C67204,C67204,0.985262049634459
SV1_C100209,C100209,0.9044994655612193
SV1_C04808,C04808,0.9728095399842445
SV1_C06117,C06117,0.9562582965489344
SV1_C96625,C96625,0.8914117929321501
SV1_C70226,C70226,0.9236301054620587
SV1_C55246,C55246,0.9150777708747818
SV1_C44460,C44460,0.9825664501735091
SV1_C27005,C27005,0.9620296731449647
SV1_C99101,C99101,0.903098802754823
SV1_C54045,C54045,0.9856011647589658
SV1_C51711,C51711,0.9804646594506115
SV1_C10903,C10903,0.8913572581828756
SV1_C99644,C99644,0.9282072129185126
SV1_C81072,C81072,0.9449834543800365
SV1_C18008,C18008,0.917514546294816
SV1_C06085,C06085,0.9036323006732946
SV1_C86448,C86448,0.8998888768524321
SV1_C49291,C49291,0.8751397913556066
SV1_C71480,C71480,0.8600723248069853
SV1_C31916,C31916,0.9386830713394757
SV1_C38408,C38408,0.9940793775818626
SV1_C12081,C12081,0.8923482093172886
SV1_C25823,C25823,0.9198532921102712
SV1_C50503,C50503,0.9386258571496559
SV1_C82299,C82299,0.8863208811253527
SV1_C78612,C78612,0.9326080220117042
SV1_C63039,C63039,0.9603082854117797
SV1_C74427,C74427,0.9071023191330464
SV1_C16801,C16801,0.9061032012002971
SV1_C93621,C93621,0.9085680471216868
SV1_C27683,C27683,0.9981173150748742
SV1_C42019,C42019,0.9650772233415604
SV1_C03041,C03041,0.9636156990828499
SV1_C21681,C21681,0.9611724183011309
SV1_C90045,C90045,0.995451515336304
SV1_C68515,C68515,0.9754958674272264
SV1_C93041,C93041,0.9526078674820345
SV1_C13286,C13286,0.9166098133867744
SV1_C60020,C60020,0.9584219665877475
SV1_C22835,C22835,0.9883418713539278
SV1_C75628,C75628,0.9237283754032467
SV1_C74483,C74483,0.9883246042665992
SV1_C10259,C10259,0.890008640680292
SV1_C48008,C48008,0.9883469917431771
SV1_C73210,C73210,0.9972110306552374
SV1_C12108,C12108,0.9300463525578493
SV1_C98472,C98472,0.9036533155660794
SV1_C91910,C91910,0.927574643242946
SV1_C81692,C81692,0.9908469555770479
SV1_C56503,C56503,0.8890252153390769
SV1_C60105,C60105,0.9422380028334431
SV1_C52307,C52307,0.9493299111886044
SV1_C11501,C11501,0.9627483247983254
SV1_C32478,C32478,0.9790870432017397
SV1_C49903,C49903,0.9309669295073452
SV1_C06083,C06083,0.9398737063498409
SV1_C08408,C08408,0.9150930760309572
SV1_C99030,C99030,0.9499115601162839
SV1_C33000,C33000,0.985264228139842
SV1_C40815,C40815,0.9877116576663112
SV1_C49890,C49890,0.9258671158559266
SV1_C84611,C84611,0.9766136402210572
SV1_C73219,C73219,0.9730522890698751
SV1_C64902,C64902,0.9812535521979742
SV1_C15040,C15040,0.92003632826624
SV1_C46209,C46209,0.9806575360731244
SV1_C68407,C68407,0.9839662285373698
SV1_C04303,C04303,0.934324672093052
SV1_C31804,C31804,0.9725824583059453
SV1_C64275,C64275,0.9268793425460381
SV1_C52302,C52302,0.9686120835369172
SV1_C75682,C75682,0.8992545548696537
SV1_C76827,C76827,0.9614411083863579
SV1_C27022,C27022,0.9658500129163429
SV1_C65478,C65478,0.9254851796507266
SV1_C59516,C59516,0.9264247364054525
SV1_C82883,C82883,0.9584132774648235
SV1_C12694,C12694,0.9563356384472655
SV1_C52909,C52909,0.9912901035797879
SV1_C00630,C00630,0.9236939966909131
SV1_C59488,C59488,0.9812950652216081
SV1_C51001,C51001,0.8828748526312056
SV1_C90704,C90704,0.9397805071072517
SV1_C10869,C10869,0.9927542187247067
SV1_C47432,C47432,0.9744910204238233
SV1_C99029,C99029,0.9840433545669424
SV1_C81001,C81001,0.9373752522857746
SV1_C95472,C95472,0.9158104064640196
SV1_C70912,C70912,0.9245209837630805
SV1_C60714,C60714,0.9190525706287177
SV1_C80513,C80513,0.9049202047159106
SV1_C70214,C70214,0.9704635838393711
SV1_C43860,C43860,0.9810742619020159
SV1_C15045,C15045,0.9509539392271654
SV1_C02508,C02508,0.8950039165304348
SV1_C50505,C50505,0.9948726802054654
SV1_C91253,C91253,0.8773357747638056
SV1_C33623,C33623,0.9660002645782728
SV1_C76296,C76296,0.9895978482337576
SV1_C70802,C70802,0.9997859590080448
SV1_C22919,C22919,0.9996078692528741
SV1_C51618,C51618,0.925696739188667
SV1_C00694,C00694,0.9344267899315738
SV1_C65501,C65501,0.952613146472908
SV1_C01846,C01846,0.9317859779867395
SV1_C45701,C45701,0.9986617059442604
SV1_C61284,C61284,0.9216986498664173
SV1_C59482,C59482,0.9435780605536288
SV1_C64205,C64205,0.9348541858448302
SV1_C58918,C58918,0.9234734461692646
SV1_C19829,C19829,0.9673223631658829
SV1_C72694,C72694,0.965137973152766
SV1_C52276,C52276,0.9924381185497952
SV1_C58216,C58216,0.939191618139822
SV1_C31316,C31316,0.9427878768405874
SV1_C16821,C16821,0.9934668477096537
SV1_C47493,C47493,0.9627418772004362
SV1_C23445,C23445,0.9919165551589711
SV1_C58277,C58277,0.9962832127347533
SV1_C82909,C82909,0.9365215132637273
SV1_C43878,C43878,0.9617842574869572
SV1_C97879,C97879,0.9935729279589856
SV1_C99683,C99683,0.945713003129611
SV1_C98403,C98403,0.9971057748081389
SV1_C93033,C93033,0.9709531413428654
SV1_C09671,C09671,0.9017858565889082
SV1_C46273,C46273,0.9945937157531651
SV1_C66719,C66719,0.9543604125534751
SV1_C67242,C67242,0.9865388720832453
SV1_C90671,C90671,0.8634619710373403
SV1_C49304,C49304,0.9470293371618873
SV1_C57613,C57613,0.9801972755308257
SV1_C64890,C64890,0.8774691786546238
SV1_C12006,C12006,0.877433828786677
SV1_C67232,C67232,0.9964676553167328
SV1_C27685,C27685,0.9846120931863681
SV1_C43316,C43316,0.9812566571998603
SV1_C54706,C54706,0.9488606137541065
SV1_C60109,C60109,0.961821057765498
SV1_C82917,C82917,0.9277223303153063
SV1_C84620,C84620,0.9590595593323692
SV1_C27686,C27686,0.9201931356431106
SV1_C89515,C89515,0.9268871989721986
SV1_C20412,C20412,0.9079833474988773
SV1_C04313,C04313,0.941295313916134
SV1_C35480,C35480,0.8785628911494358
SV1_C93050,C93050,0.9298975558872963
SV1_C01843,C01843,0.9701862728637897
SV1_C90717,C90717,0.9208100318470843
SV1_C73900,C73900,0.9837124797531267
SV1_C75607,C75607,0.9067514557977361
SV1_C04307,C04307,0.941771281519915
SV1_C32482,C32482,0.975870002276739
SV1_C58306,C58306,0.9482822623775129
SV1_C43901,C43901,0.9976008193061897
SV1_C63689,C63689,0.8835210999785019
SV1_C56439,C56439,0.9711677233302214
SV1_C94284,C94284,0.9095116431067899
SV1_C27041,C27041,0.9115483056317116
SV1_C54022,C54022,0.9483190369281137
SV1_C86470,C86470,0.9508228326916036
SV1_C13854,C13854,0.969707567009676
SV1_C12047,C12047,0.9150989378018533
SV1_C20438,C20438,0.9354028494561883
SV1_C45688,C45688,0.924731068082128
SV1_C70829,C70829,0.9427579857798479
SV1_C94235,C94235,0.9578608467069303
SV1_C29481,C29481,0.9341610870738646
SV1_C22237,C22237,0.9897365047849355
SV1_C15088,C15088,0.9825956686670917
SV1_C88250,C88250,0.9280024233390873
SV1_C25308,C25308,0.968388663612053
SV1_C45668,C45668,0.9420555931204264
SV1_C30702,C30702,0.928983766492689
SV1_C88817,C88817,0.9518258781224327
SV1_C01841,C01841,0.9636301986313582
SV1_C73261,C73261,0.9850844283360223
SV1_C43875,C43875,0.9992471752294504
SV1_C84689,C84689,0.8950552614681193
SV1_C64888,C64888,0.8926570695944992
SV1_C58846,C58846,0.915354203742845
SV1_C70209,C70209,0.9543954663596455
SV1_C19884,C19884,0.9173539140106685
SV1_C77448,C77448,0.9342238680282606
SV1_C76829,C76829,0.9774000155560534
SV1_C51681,C51681,0.9872308253753086
SV1_C35483,C35483,0.8984601553617051
SV1_C54701,C54701,0.9760116776541581
SV1_C92454,C92454,0.9330509954350058
SV1_C52297,C52297,0.9980305218839056
SV1_C43311,C43311,0.9862067487626109
SV1_C89473,C89473,0.9712026354144133
SV1_C61814,C61814,0.9660332537135715
SV1_C46271,C46271,0.9315384086742347
SV1_C66639,C66639,0.9309127676415435
SV1_C43302,C43302,0.9692602774351957
SV1_C60036,C60036,0.9764566475393497
SV1_C73293,C73293,0.9330444365845985
SV1_C98408,C98408,0.9966899628030763
SV1_C91257,C91257,0.890874312368578
SV1_C20486,C20486,0.8849943113601372
SV1_C64210,C64210,0.9164387519022378
SV1_C46293,C46293,0.9227168430569334
SV1_C48648,C48648,0.8825405510380544
SV1_C43890,C43890,0.8994049106915322
SV1_C74503,C74503,0.920414003716743
SV1_C73839,C73839,0.9119809828869421
SV1_C80406,C80406,0.9076654358376451
SV1_C87083,C87083,0.9348576266414351
SV1_C05418,C05418,0.9523636661290961
SV1_C30615,C30615,0.9000955754847653
SV1_C82217,C82217,0.9183246816021156
SV1_C83423,C83423,0.9452878890913025
SV1_C66021,C66021,0.9979638799551556
SV1_C05511,C05511,0.9481838693912021
SV1_C73282,C73282,0.9097507217870028
SV1_C66033,C66033,0.9781073097672792
SV1_C84082,C84082,0.997734258930866
SV1_C06028,C06028,0.925125157014435
SV1_C84118,C84118,0.8875468806276201
SV1_C52287,C52287,0.9901416612035727
SV1_C43297,C43297,0.9947324463380466
SV1_C54074,C54074,0.9747168007402693
SV1_C33081,C33081,0.979711533546006
SV1_C22206,C22206,0.9116623035746289
SV1_C30092,C30092,0.9278688069916595
SV1_C03688,C03688,0.9000461943201412
SV1_C67914,C67914,0.8904861112135745
SV1_C98443,C98443,0.9063142997310479
SV1_C47401,C47401,0.965054056887585
SV1_C09673,C09673,0.9953451390402267
SV1_C43207,C43207,0.9962633505969744
SV1_C91269,C91269,0.9873925710676221
SV1_C91306,C91306,0.9278094858824583
SV1_C94810,C94810,0.9457974052940461
SV1_C87066,C87066,0.8732862765536373
SV1_C10858,C10858,0.9899308252053591
SV1_C63114,C63114,0.8972991636676704
SV1_C10877,C10877,0.9735867646233293
SV1_C05417,C05417,0.9786058137245888
SV1_C62427,C62427,0.9899068241888096
SV1_C52245,C52245,0.9994533524965545
SV1_C60088,C60088,0.9842462762235967
SV1_C86452,C86452,0.902681353020181
SV1_C43277,C43277,0.9937185637899932
SV1_C51694,C51694,0.9845375008720063
SV1_C63712,C63712,0.9596675987773615
SV1_C19820,C19820,0.9184020910760207
SV1_C70247,C70247,0.9193287070936284
SV1_C93613,C93613,0.9601257073940018
SV1_C31304,C31304,0.9974169060896638
SV1_C57684,C57684,0.9641134304786139
SV1_C24702,C24702,0.9226232008587362
SV1_C37217,C37217,0.9604585917564685
SV1_C21001,C21001,0.9167183731259653
SV1_C46895,C46895,0.9884548806223822
SV1_C91907,C91907,0.9692593437512678
SV1_C77426,C77426,0.9565497211221738
SV1_C18637,C18637,0.9630202063977304
SV1_C73817,C73817,0.9393136698936208
SV1_C99088,C99088,0.9832353005794412
SV1_C31204,C31204,0.9669012108661557
SV1_C87623,C87623,0.8625252387139056
SV1_C81676,C81676,0.9428717222641579
SV1_C33119,C33119,0.9281972803357524
SV1_C76896,C76896,0.9753628353181114
SV1_C16875,C16875,0.9167394170213533
SV1_C84089,C84089,0.9093987185923176
SV1_C00614,C00614,0.9637399488793543
SV1_C19234,C19234,0.9228066705983963
SV1_C70879,C70879,0.9648240506025074
SV1_C46846,C46846,0.9978174186367119
SV1_C49211,C49211,0.9643717122709957
SV1_C01889,C01889,0.9388881461555859
SV1_C82820,C82820,0.9737887944804279
SV1_C23500,C23500,0.9510606485882135
SV1_C22812,C22812,0.9470692404651714
SV1_C48000,C48000,0.9890442593496025
SV1_C25891,C25891,0.9731500329774906
SV1_C50445,C50445,0.9979313951513409
SV1_C18632,C18632,0.9718432009764361
SV1_C97828,C97828,0.8940184852576256
SV1_C13806,C13806,0.9319392283415355
SV1_C70874,C70874,0.9795884109012467
SV1_C95489,C95489,0.928643257969693
SV1_C28919,C28919,0.9433856150948143
SV1_C54014,C54014,0.898314595578615
SV1_C63709,C63709,0.9901818079629989
SV1_C46840,C46840,0.921276642237485
SV1_C27001,C27001,0.9612792821371935
SV1_C94815,C94815,0.9768639551292364
SV1_C43283,C43283,0.9992315766137301
SV1_C09649,C09649,0.9529224936363412
SV1_C34882,C34882,0.9793940957064244
SV1_C32491,C32491,0.9718352537334009
SV1_C34276,C34276,0.8968004496740793
SV1_C32496,C32496,0.9896729448793561
SV1_C27698,C27698,0.9388267800878837
SV1_C11514,C11514,0.8902359755275694
SV1_C71447,C71447,0.9176081519938809
SV1_C57076,C57076,0.9932609221705253
SV1_C13866,C13866,0.8761399299806334
SV1_C75084,C75084,0.913160730465656
SV1_C64295,C64295,0.9362718270444382
SV1_C78021,C78021,0.9580124493053991
SV1_C21647,C21647,0.8787226480619764
SV1_C11516,C11516,0.9615182907144297
SV1_C12614,C12614,0.8856976849693324
SV1_C09047,C09047,0.995325810937637
SV1_C81118,C81118,0.8871349190657636
SV1_C53409,C53409,0.8777248034424926
SV1_C46317,C46317,0.9931877498419014
SV1_C92452,C92452,0.9343941146789093
SV1_C11432,C11432,0.9391624128920079
SV1_C11503,C11503,0.9078337382040075
SV1_C02446,C02446,0.9329758801567919
SV1_C89445,C89445,0.9995075332396204
SV1_C68479,C68479,0.977555545507382
SV1_C54606,C54606,0.8819828527167528
SV1_C55896,C55896,0.8751331830266815
SV1_C09614,C09614,0.9449368683755998
SV1_C72093,C72093,0.9301861418912718
SV1_C99624,C99624,0.9925492751593373
SV1_C74410,C74410,0.990536367368216
SV1_C46868,C46868,0.9524987008312711
SV1_C34817,C34817,0.9520612441569576
SV1_C51002,C51002,0.9036597887367205
SV1_C52313,C52313,0.9407325886403956
SV1_C23423,C23423,0.9448221405667727
SV1_C32409,C32409,0.9796191433457606
SV1_C24635,C24635,0.9890493893790716
SV1_C15080,C15080,0.9373944667522619
SV1_C65414,C65414,0.9092279048737966
SV1_C15073,C15073,0.9069410229267219
SV1_C90107,C90107,0.996444789121732
SV1_C98487,C98487,0.9915010091509006
SV1_C87646,C87646,0.9722797888973819
SV1_C21091,C21091,0.9493994684423429
SV1_C40819,C40819,0.9611138536516629
SV1_C63117,C63117,0.9262209252493215
SV1_C27645,C27645,0.9877532712769445
SV1_C22246,C22246,0.9373381175507924
SV1_C99603,C99603,0.9516026283408578
SV1_C72613,C72613,0.9554481955949774
SV1_C13826,C13826,0.8955551236392284
SV1_C30692,C30692,0.9397733577628095
SV1_C14432,C14432,0.9251860014976016
SV1_C74420,C74420,0.919583088243736
SV1_C89409,C89409,0.9207850133367987
SV1_C66080,C66080,0.9989656245725421
SV1_C75718,C75718,0.9100263684293772
SV1_C91231,C91231,0.9354460972804692
SV1_C93606,C93606,0.9359493799541987
SV1_C58227,C58227,0.9503591149357772
SV1_C19808,C19808,0.9234665451918709
SV1_C79876,C79876,0.9665963372066507
SV1_C75006,C75006,0.9856713243225083
SV1_C70892,C70892,0.9930570243984409
SV1_C04211,C04211,0.973552571921456
SV1_C93682,C93682,0.9976947689466522
SV1_C12677,C12677,0.9447394554565772
SV1_C45665,C45665,0.9364166556929264
SV1_C02442,C02442,0.9194864888157185
SV1_C88316,C88316,0.9397693750970784
SV1_C63081,C63081,0.9870200818985441
SV1_C04290,C04290,0.9956936941568472
SV1_C60106,C60106,0.9773255599995999
SV1_C67298,C67298,0.999021815570479
SV1_C21686,C21686,0.867942277820025
SV1_C46215,C46215,0.9865012428869099
SV1_C17400,C17400,0.899372619920127
SV1_C73812,C73812,0.9230128792746736
SV1_C90605,C90605,0.9251811348235025
SV1_C15084,C15084,0.933075271107406
SV1_C49812,C49812,0.9572783517538344
SV1_C12716,C12716,0.9943833396497773
SV1_C43866,C43866,0.9249357012266473
SV1_C45082,C45082,0.9658516683137974
SV1_C90043,C90043,0.9694931407592734
SV1_C57022,C57022,0.9475368167815653
SV1_C08423,C08423,0.9436218262503475
SV1_C25818,C25818,0.9298349702115658
SV1_C100309,C100309,0.9494565899124451
SV1_C93046,C93046,0.9668762253919384
SV1_C46905,C46905,0.9917444033236075
SV1_C91287,C91287,0.9840218076184907
SV1_C73270,C73270,0.8831938014201225
SV1_C11469,C11469,0.9906685046437981
SV1_C90654,C90654,0.8913883075486322
SV1_C90110,C90110,0.9202977001397727
SV1_C68487,C68487,0.9583956626859489
SV1_C22805,C22805,0.8830152017145217
SV1_C27028,C27028,0.9372187105108777
SV1_C00633,C00633,0.9826650642589051
SV1_C32410,C32410,0.9390694442694772
SV1_C79818,C79818,0.9025602200609568
SV1_C93076,C93076,0.9993911423640204
SV1_C90607,C90607,0.8856292752314089
SV1_C15028,C15028,0.9372746750608755
SV1_C58813,C58813,0.9778604092964268
SV1_C13846,C13846,0.9459187286992371
SV1_C49263,C49263,0.9157260423012714
SV1_C64208,C64208,0.9319110713041802
SV1_C10270,C10270,0.9248401214751587
SV1_C28232,C28232,0.9935548195415488
SV1_C28235,C28235,0.8683425118494909
SV1_C78682,C78682,0.9424899219080073
SV1_C90615,C90615,0.9198599808341157
SV1_C47453,C47453,0.9745306176915657
SV1_C04876,C04876,0.9916856401446407
SV1_C43280,C43280,0.9881596477495375
SV1_C83483,C83483,0.9325535345927164
SV1_C44472,C44472,0.9909785829135993
SV1_C95401,C95401,0.9836333792701082
SV1_C50420,C50420,0.9178558717572808
SV1_C67872,C67872,0.9769052155064255
SV1_C27693,C27693,0.9675999793133376
SV1_C45692,C45692,0.9196487368400404
SV1_C60045,C60045,0.8988015589325696
SV1_C01281,C01281,0.9374793563663293
SV1_C45716,C45716,0.9963999297372735
SV1_C32414,C32414,0.9449760768348396
SV1_C87636,C87636,0.9819416002964415
SV1_C30077,C30077,0.9507879061969332
SV1_C49239,C49239,0.9326616067585065
SV1_C12003,C12003,0.8960322033973613
SV1_C41407,C41407,0.9995631249358814
SV1_C77506,C77506,0.9101218057853915
SV1_C32519,C32519,0.9258211015420675
SV1_C90051,C90051,0.9816117827427249
SV1_C60078,C60078,0.959651248675044
SV1_C12035,C12035,0.9974909396565109
SV1_C72103,C72103,0.8950538348744422
SV1_C26510,C26510,0.9193072049161506
SV1_C90108,C90108,0.9766801930923883
SV1_C91856,C91856,0.9313210518986443
SV1_C33080,C33080,0.9933592829345825
SV1_C65447,C65447,0.8653151700182897
SV1_C69007,C69007,0.9937089262086255
SV1_C15003,C15003,0.8957097077812539
SV1_C25806,C25806,0.9051463323131258
SV1_C10849,C10849,0.9403754834588685
SV1_C77422,C77422,0.9666852063774534
SV1_C34280,C34280,0.8941875811048675
SV1_C99010,C99010,0.9462973452006679
SV1_C41423,C41423,0.9345380814481564
SV1_C34205,C34205,0.9761725456949363
SV1_C67307,C67307,0.9258474053320231
SV1_C50426,C50426,0.9121100321971094
SV1_C90114,C90114,0.9435830881277832
SV1_C69693,C69693,0.9326627158627703
SV1_C70880,C70880,0.8676090686005201
SV1_C98510,C98510,0.9410255139803506
SV1_C68441,C68441,0.9265856758419814
SV1_C45041,C45041,0.9342125095290504
SV1_C82894,C82894,0.9566491824341856
SV1_C61809,C61809,0.9377701029194424
SV1_C73805,C73805,0.9656108808410717
SV1_C06078,C06078,0.8889407565352141
SV1_C60037,C60037,0.9905660024075906
SV1_C75083,C75083,0.9822914131917696
SV1_C72606,C72606,0.9994606675701371
SV1_C17420,C17420,0.9946493445032323
SV1_C100318,C100318,0.9345971613103518
SV1_C04819,C04819,0.9419880202042327
SV1_C33089,C33089,0.9400053686311821
SV1_C25288,C25288,0.9095376524445699
SV1_C78670,C78670,0.9760157213636305
SV1_C75046,C75046,0.8935904629113943
SV1_C49861,C49861,0.9761057209295307
SV1_C39019,C39019,0.9222056411892903
SV1_C64207,C64207,0.9290701786256731
SV1_C07227,C07227,0.8937503875113998
SV1_C11407,C11407,0.919895646324082
SV1_C49844,C49844,0.9562667662639747
SV1_C51027,C51027,0.9997814066408294
SV1_C63630,C63630,0.9394111097850473
SV1_C04890,C04890,0.9733315501186589
SV1_C12031,C12031,0.9997300691216329
SV1_C91809,C91809,0.9659391146723075
SV1_C82286,C82286,0.8715670298635644
SV1_C82897,C82897,0.9001184788291022
SV1_C51100,C51100,0.9916698477670315
SV1_C85203,C85203,0.9651303837628827
SV1_C65514,C65514,0.9036493460132048
SV1_C93695,C93695,0.9346840413124825
SV1_C10282,C10282,0.9403377781229145
SV1_C27616,C27616,0.9121990366776054
SV1_C73833,C73833,0.9554002959016206
SV1_C43270,C43270,0.9995523907421852
SV1_C49881,C49881,0.9630247472543565
SV1_C91267,C91267,0.8810883313354926
SV1_C60023,C60023,0.9546551579970418
SV1_C87698,C87698,0.9171154449018916
SV1_C15631,C15631,0.9990356651343838
SV1_C72094,C72094,0.9621802044361898
SV1_C87111,C87111,0.9551393029653948
SV1_C44502,C44502,0.9732485715665616
SV1_C90090,C90090,0.9115466692450553
SV1_C38419,C38419,0.9144032847043286
SV1_C69000,C69000,0.9881382807014075
SV1_C87108,C87108,0.9792719823727524
SV1_C52825,C52825,0.9460928621295305
SV1_C72627,C72627,0.8952893005203917
SV1_C16876,C16876,0.9817873420189546
SV1_C01837,C01837,0.9991118837790909
SV1_C78001,C78001,0.9501090939904533
SV1_C58807,C58807,0.9407001022040173
SV1_C13304,C13304,0.9872341170034582
SV1_C43802,C43802,0.9608339768821037
SV1_C96707,C96707,0.9294339598976971
SV1_C50416,C50416,0.8736365108028116
SV1_C00112,C00112,0.9137194972387499
SV1_C99632,C99632,0.9933603955506888
SV1_C44484,C44484,0.981381235274309
SV1_C84093,C84093,0.958768763824678
SV1_C10204,C10204,0.9177565949861266
SV1_C03627,C03627,0.9488165526702406
SV1_C60043,C60043,0.897971634754962
SV1_C06014,C06014,0.9625581844620381
SV1_C15624,C15624,0.9430147432811283
SV1_C09631,C09631,0.9482421788238284
SV1_C52906,C52906,0.9695026737809215
SV1_C18093,C18093,0.9544432779758268
SV1_C56415,C56415,0.9067018900167588
SV1_C34901,C34901,0.957619598893056
SV1_C25217,C25217,0.989530611042931
SV1_C60719,C60719,0.9251004196396108
SV1_C76215,C76215,0.9394765990672995
SV1_C73820,C73820,0.9232456492718816
SV1_C23484,C23484,0.9816494068961573
SV1_C77406,C77406,0.9155370213484116
SV1_C48097,C48097,0.9553801854029415
SV1_C19878,C19878,0.9619035242851359
SV1_C49260,C49260,0.9325457573226604
SV1_C42619,C42619,0.9472333982258048
SV1_C13803,C13803,0.9817461247895239
SV1_C04220,C04220,0.9726183266118309
SV1_C64884,C64884,0.9831703228453339
SV1_C45636,C45636,0.9825279449046168
SV1_C64818,C64818,0.8753577135751591
SV1_C71519,C71519,0.8889255516906502
SV1_C16205,C16205,0.9120739560440089
SV1_C50433,C50433,0.8799629876066518
SV1_C13211,C13211,0.9728778171505951
SV1_C47491,C47491,0.9273100255807863
SV1_C97825,C97825,0.8859713445585428
SV1_C11457,C11457,0.9192097967789361
SV1_C69046,C69046,0.9451576832794225
SV1_C44489,C44489,0.9325663809303502
SV1_C92414,C92414,0.9650678938420827
SV1_C01272,C01272,0.9570444497864977
SV1_C20441,C20441,0.8655028021203062
SV1_C10817,C10817,0.9897620177569231
SV1_C75015,C75015,0.9520361330605434
SV1_C21684,C21684,0.9612539373377361
SV1_C11482,C11482,0.8987035532109241
SV1_C91298,C91298,0.9302001000506691
SV1_C25841,C25841,0.9456016500989358
SV1_C71442,C71442,0.9222294969964168
SV1_C83507,C83507,0.9106093044309741
SV1_C08427,C08427,0.923394719116481
SV1_C73200,C73200,0.935890324384181
SV1_C97245,C97245,0.9652266155486307
SV1_C63675,C63675,0.9110935345964074
SV1_C98427,C98427,0.9941666978190631
SV1_C10316,C10316,0.9214746995172245
SV1_C61286,C61286,0.9706938878396365
SV1_C31895,C31895,0.9729065200870529
SV1_C73874,C73874,0.9096096588248487
SV1_C74424,C74424,0.9434256726436249
SV1_C46910,C46910,0.9626875526628554
SV1_C79814,C79814,0.8892067612570109
SV1_C24012,C24012,0.9616317520475443
SV1_C39611,C39611,0.9690057453225417
SV1_C73238,C73238,0.9056938782761191
SV1_C63028,C63028,0.9893838545830903
SV1_C63036,C63036,0.9748624720677629
SV1_C24622,C24622,0.9926754722305576
SV1_C75604,C75604,0.9051748159688451
SV1_C94802,C94802,0.9463104608541112
SV1_C49838,C49838,0.9466529860625381
SV1_C93058,C93058,0.9263842106654527
SV1_C91828,C91828,0.9080115110460313
SV1_C70311,C70311,0.9707793168874598
SV1_C30623,C30623,0.9989067354320912
SV1_C76210,C76210,0.9517263273577672
SV1_C30119,C30119,0.9423211061409763
SV1_C87036,C87036,0.9795251929151839
SV1_C12061,C12061,0.9677642791813833
SV1_C00604,C00604,0.9926835713316313
SV1_C25808,C25808,0.9385634524868126
SV1_C81696,C81696,0.8930935177496724
SV1_C87662,C87662,0.9150185292137033
SV1_C71421,C71421,0.9913686001878088
SV1_C96029,C96029,0.9027281202039995
SV1_C97311,C97311,0.9112347808974647
SV1_C12028,C12028,0.9310669597724816
SV1_C93111,C93111,0.8629583041040951
SV1_C54673,C54673,0.9450848944167234
SV1_C31911,C31911,0.9851121660633572
SV1_C13295,C13295,0.9698946814622902
SV1_C43830,C43830,0.9598134928712462
SV1_C66119,C66119,0.9444787962692934
SV1_C84679,C84679,0.9566162423936525
SV1_C45675,C45675,0.9912631469068256
SV1_C92505,C92505,0.9902869041924449
SV1_C99013,C99013,0.9698006293386707
SV1_C24623,C24623,0.9395813182390114
SV1_C60035,C60035,0.9796515284088981
SV1_C12023,C12023,0.9095646789390681
SV1_C43849,C43849,0.9960238615315065
SV1_C75094,C75094,0.9655695312358135
SV1_C07877,C07877,0.9990601235946154
SV1_C87655,C87655,0.9995388419547957
SV1_C62439,C62439,0.9819497617699096
SV1_C33605,C33605,0.985302422295755
SV1_C28225,C28225,0.9981488823471457
SV1_C73879,C73879,0.9942752617899001
SV1_C87038,C87038,0.954499925300001
SV1_C87653,C87653,0.8871335287034644
SV1_C18693,C18693,0.9422564357008745
SV1_C73855,C73855,0.9246271866323915
SV1_C30684,C30684,0.9474979425521471
SV1_C84623,C84623,0.8912057697465319
SV1_C40212,C40212,0.9718637604819711
SV1_C07246,C07246,0.9218084456853644
SV1_C81602,C81602,0.9154068069974243
SV1_C55235,C55235,0.9827024548590922
SV1_C18015,C18015,0.9614975326258312
SV1_C97244,C97244,0.9327010613940105
SV1_C16280,C16280,0.9706221466441948
SV1_C79206,C79206,0.8974267289805657
SV1_C70877,C70877,0.9275090827404902
SV1_C33099,C33099,0.9626386756232673
SV1_C17478,C17478,0.9649208729033556
SV1_C60677,C60677,0.9605957204259937
SV1_C54633,C54633,0.9907514610178647
SV1_C27100,C27100,0.985931807358927
SV1_C43888,C43888,0.9243131945093243
SV1_C07269,C07269,0.9606589694316802
SV1_C92466,C92466,0.9727329450648676
SV1_C91832,C91832,0.9031541756132913
SV1_C76317,C76317,0.9361235730218485
SV1_C67293,C67293,0.99159608449994
SV1_C12008,C12008,0.9336649394193403
SV1_C02418,C02418,0.9128951546114078
SV1_C67236,C67236,0.9657003717008077
SV1_C87680,C87680,0.9794047969434757
SV1_C74415,C74415,0.9526508047459283
SV1_C07874,C07874,0.9480233136046156
SV1_C32480,C32480,0.9981677729635079
SV1_C94822,C94822,0.964446549388463
SV1_C06088,C06088,0.9332098457234453
SV1_C92456,C92456,0.9464039678247724
SV1_C64914,C64914,0.9036777269572888
SV1_C61822,C61822,0.8990892529183003
SV1_C07224,C07224,0.9899100802947959
SV1_C76312,C76312,0.9324284794976653
SV1_C14401,C14401,0.9139739989510567
SV1_C31207,C31207,0.8882112368295063
SV1_C91244,C91244,0.9597624465108183
SV1_C70905,C70905,0.981123977503264
SV1_C30017,C30017,0.9389748099109667
SV1_C79878,C79878,0.9238309116167248
SV1_C64803,C64803,0.9157720364227965
SV1_C45682,C45682,0.9654419547728363
SV1_C64220,C64220,0.9314135529068996
SV1_C73848,C73848,0.9753635649391535
SV1_C48052,C48052,0.9372869686547658
SV1_C34209,C34209,0.9803527559217542
SV1_C88270,C88270,0.9665952292863305
SV1_C21607,C21607,0.9809558573536595
SV1_C60710,C60710,0.9621057416698083
SV1_C94814,C94814,0.9384483973935901
SV1_C88317,C88317,0.9317619275598984
SV1_C10835,C10835,0.9758672202989683
SV1_C64843,C64843,0.9021496085447199
SV1_C100273,C100273,0.9290022112243715
SV1_C78062,C78062,0.9701546014438103
SV1_C45620,C45620,0.9378521655593396
SV1_C94286,C94286,0.9781716508562492
SV1_C69636,C69636,0.8980580278472436
SV1_C60010,C60010,0.9872379727901068
SV1_C55891,C55891,0.9123521029894366
SV1_C75624,C75624,0.9237119982805957
SV1_C18631,C18631,0.940267879574447
SV1_C30619,C30619,0.9573391687076435
SV1_C74464,C74464,0.9673410662462538
SV1_C53410,C53410,0.9001779818408057
SV1_C89464,C89464,0.9174708402045554
SV1_C61821,C61821,0.9325901446106964
SV1_C65404,C65404,0.9676318340154042
SV1_C12039,C12039,0.9755981983927644
SV1_C85220,C85220,0.9623090636905646
SV1_C80408,C80408,0.9376393458737585
SV1_C43916,C43916,0.9860528794408585
SV1_C72050,C72050,0.9413401413025289
SV1_C19243,C19243,0.9715949294422972
SV1_C41419,C41419,0.9705132335600081
SV1_C74472,C74472,0.9398855366034723
SV1_C49252,C49252,0.9250093483744085
SV1_C88282,C88282,0.91130674960715
SV1_C13907,C13907,0.9880548746325576
SV1_C95496,C95496,0.943471114795932
SV1_C20435,C20435,0.9817297061591722
SV1_C58903,C58903,0.9148926872834225
SV1_C04217,C04217,0.9363109696071834
SV1_C07871,C07871,0.8772574176801003
SV1_C08497,C08497,0.9547708313364566
SV1_C12001,C12001,0.8985415315783197
SV1_C63645,C63645,0.9644595112381246
SV1_C18011,C18011,0.957758531633555
SV1_C24684,C24684,0.9862908431234491
SV1_C76826,C76826,0.9301613563073842
SV1_C24077,C24077,0.9845803383005737
SV1_C21040,C21040,0.852455429812364
SV1_C60642,C60642,0.9810479409321958
SV1_C93710,C93710,0.9806705613508383
SV1_C67888,C67888,0.9383749896346263
SV1_C37210,C37210,0.9840258151581318
SV1_C35497,C35497,0.9289723438949284
SV1_C21078,C21078,0.9222696352468523
SV1_C21624,C21624,0.9748848971431294
SV1_C12600,C12600,0.8796245010269167
SV1_C74515,C74515,0.9594497979844702
SV1_C14435,C14435,0.9959000082192955
SV1_C01302,C01302,0.9990406878881233
SV1_C23488,C23488,0.9021274408342556
SV1_C42617,C42617,0.9610341379161536
SV1_C04275,C04275,0.9774368935735354
SV1_C78007,C78007,0.9917280038328288
SV1_C01215,C01215,0.9995091896246717
SV1_C94916,C94916,0.9983872984453418
SV1_C46831,C46831,0.9852061922755957
SV1_C01825,C01825,0.9738783391120995
SV1_C45683,C45683,0.9913217103762826
SV1_C45069,C45069,0.9735752087795931
SV1_C54029,C54029,0.9784064799919686
SV1_C39620,C39620,0.9937425693893839
SV1_C50493,C50493,0.9446020766609347
SV1_C07274,C07274,0.9454627229311405
SV1_C26404,C26404,0.915990744344565
SV1_C51035,C51035,0.9990978323590213
SV1_C49899,C49899,0.9288027814378772
SV1_C93715,C93715,0.9396854330195801
SV1_C31889,C31889,0.989252295098251
SV1_C23414,C23414,0.9263608188336969
SV1_C71506,C71506,0.921405458812439
SV1_C47454,C47454,0.9438135054335345
SV1_C63010,C63010,0.9074177730173477
SV1_C60678,C60678,0.9732262793197088
SV1_C61274,C61274,0.9891573740200632
SV1_C50516,C50516,0.9892852826786803
SV1_C49208,C49208,0.990050997282243
SV1_C65402,C65402,0.9345357605354196
SV1_C48669,C48669,0.9946600366916836
SV1_C13306,C13306,0.9603401678214075
SV1_C78681,C78681,0.9661782694094718
SV1_C28272,C28272,0.9831632020007062
SV1_C27102,C27102,0.9210625393183715
SV1_C07304,C07304,0.9410451018609447
SV1_C37813,C37813,0.9920991621575633
SV1_C25318,C25318,0.9731661076097594
SV1_C25880,C25880,0.983675619000618
SV1_C17403,C17403,0.9359695204739721
SV1_C77438,C77438,0.9584462828007129
SV1_C76843,C76843,0.8528138072141205
SV1_C77469,C77469,0.9522165623853548
SV1_C48012,C48012,0.9776130990410461
SV1_C30694,C30694,0.9067632128486962
SV1_C51088,C51088,0.9437836562450818
SV1_C55901,C55901,0.9026778496239074
SV1_C60686,C60686,0.9500858183539849
SV1_C38417,C38417,0.9595576173507997
SV1_C63020,C63020,0.9362173019418419
SV1_C44413,C44413,0.9981548889336944
SV1_C91201,C91201,0.9218557405951445
SV1_C82876,C82876,0.9250115224338971
SV1_C84076,C84076,0.8971687064436168
SV1_C73907,C73907,0.912675566453917
SV1_C91274,C91274,0.926437751336609
SV1_C78086,C78086,0.969272242798375
SV1_C90098,C90098,0.9353093483930128
SV1_C04208,C04208,0.9522381896823576
SV1_C01201,C01201,0.9972703361888715
SV1_C02512,C02512,0.9169831101234562
SV1_C96017,C96017,0.9471105596595045
SV1_C63628,C63628,0.9770896869248319
SV1_C72034,C72034,0.9114278667810439
SV1_C78665,C78665,0.9245282908971894
SV1_C73308,C73308,0.954794410113532
SV1_C96607,C96607,0.9951484564902521
SV1_C40808,C40808,0.9621218892450539
SV1_C92441,C92441,0.9353728260922528
SV1_C22291,C22291,0.997293015590614
SV1_C52228,C52228,0.9282621174035339
SV1_C57701,C57701,0.9094889990189664
SV1_C55913,C55913,0.9706302968737461
SV1_C100302,C100302,0.9310430508799724
SV1_C46879,C46879,0.9736606207193165
SV1_C12113,C12113,0.9145009163105509
SV1_C78672,C78672,0.9732623711220181
SV1_C53430,C53430,0.9116175867598298
SV1_C63617,C63617,0.9005836833894969
SV1_C77451,C77451,0.9653569049559176
SV1_C67835,C67835,0.9433541717558995
SV1_C03702,C03702,0.9688535819347336
SV1_C44499,C44499,0.9995916710289641
SV1_C78614,C78614,0.9331395138381479
SV1_C13800,C13800,0.8706193855889597
SV1_C76824,C76824,0.9689103608852392
SV1_C49317,C49317,0.9067330596769989
SV1_C98478,C98478,0.9112288482822066
SV1_C54711,C54711,0.9517806042577858
SV1_C59475,C59475,0.9963183952681298
SV1_C56481,C56481,0.9888353338563974
SV1_C68400,C68400,0.9915765346148627
SV1_C65503,C65503,0.9206733189749355
SV1_C69101,C69101,0.9485987046829868
SV1_C96612,C96612,0.9863920572434682
SV1_C96644,C96644,0.9395075209682329
SV1_C90625,C90625,0.9814814898232286
SV1_C13233,C13233,0.932934513952932
SV1_C13265,C13265,0.9442801512829765
SV1_C66710,C66710,0.974487072833737
SV1_C88835,C88835,0.9915742307028462
SV1_C11511,C11511,0.9450102244471709
SV1_C82808,C82808,0.9525126894247025
SV1_C19215,C19215,0.9905926832654172
SV1_C77400,C77400,0.9242967781326596
SV1_C87690,C87690,0.9064514917495055
SV1_C07313,C07313,0.9916728767232744
SV1_C15041,C15041,0.8915626972525276
SV1_C60630,C60630,0.8998126953916671
SV1_C36602,C36602,0.9836036934173261
SV1_C51003,C51003,0.8736628288251854
SV1_C23404,C23404,0.9036808782343808
SV1_C87660,C87660,0.9166760529559804
SV1_C62430,C62430,0.9203942779413604
SV1_C79313,C79313,0.8718243122213292
SV1_C03693,C03693,0.9799012242775462
SV1_C45076,C45076,0.9918289520542825
SV1_C76282,C76282,0.9362674758192399
SV1_C78711,C78711,0.9549682622474179
SV1_C58231,C58231,0.9507978683854522
SV1_C78072,C78072,0.9548082853280728
SV1_C27039,C27039,0.8762519863621296
SV1_C44441,C44441,0.932270557994832
SV1_C89488,C89488,0.974697475808645
SV1_C63604,C63604,0.9272681040417777
SV1_C67239,C67239,0.9273061770549942
SV1_C92478,C92478,0.9389500665538603
SV1_C54090,C54090,0.9053126332063733
SV1_C19216,C19216,0.9264816926825968
SV1_C46830,C46830,0.9603323761530389
SV1_C07851,C07851,0.8940546634503337
SV1_C64310,C64310,0.9752052492458394
SV1_C78053,C78053,0.9554723512186218
SV1_C28883,C28883,0.9259059015849161
SV1_C61232,C61232,0.9313249756230496
SV1_C88276,C88276,0.97870392166229
SV1_C26472,C26472,0.9480146818574858
SV1_C00009,C00009,0.9994327663783271
SV1_C63601,C63601,0.9294832879904859
SV1_C23411,C23411,0.9926015274558654
SV1_C05410,C05410,0.962658925782998
SV1_C77428,C77428,0.990204945631744
SV1_C66687,C66687,0.9784184383059712
SV1_C92416,C92416,0.9372202092309093
SV1_C65488,C65488,0.8924944830782187
SV1_C90655,C90655,0.9675444613516644
SV1_C14439,C14439,0.9709162491023563
SV1_C91212,C91212,0.9379002767001482
SV1_C66089,C66089,0.8845867486536465
SV1_C43308,C43308,0.9829359819290919
SV1_C11424,C11424,0.9409537517539398
SV1_C06041,C06041,0.9838157404183671
SV1_C33075,C33075,0.8555674481320007
SV1_C76290,C76290,0.9202441260452452
SV1_C96638,C96638,0.8868149426879648
SV1_C13901,C13901,0.978067781640721
SV1_C75040,C75040,0.9991386472780751
SV1_C43904,C43904,0.9932061291053232
SV1_C06673,C06673,0.9196386672760162
SV1_C89476,C89476,0.9845943796581419
SV1_C98474,C98474,0.910272120553472
SV1_C33712,C33712,0.91568152064325
SV1_C74514,C74514,0.9010346157079466
SV1_C33684,C33684,0.9425157695390531
SV1_C78628,C78628,0.9395661488810338
SV1_C90631,C90631,0.9630653371146854
SV1_C27624,C27624,0.9785575649811183
SV1_C45625,C45625,0.9979146867554638
SV1_C51677,C51677,0.987565864838217
SV1_C31287,C31287,0.9625475661258645
SV1_C25903,C25903,0.9793796326949591
SV1_C08511,C08511,0.8974557863333549
SV1_C90623,C90623,0.8970897989126911
SV1_C09706,C09706,0.9201597369309521
SV1_C45083,C45083,0.994946399004819
SV1_C99602,C99602,0.9167424312438961
SV1_C82885,C82885,0.9199370903090532
SV1_C16837,C16837,0.9069543244745516
SV1_C55840,C55840,0.9050617643579765
SV1_C93633,C93633,0.9142107942458587
SV1_C15013,C15013,0.9269666955470204
SV1_C71494,C71494,0.9586791394058212
SV1_C28914,C28914,0.9272572729047309
SV1_C69638,C69638,0.9654759383362644
SV1_C77495,C77495,0.9565998101998581
SV1_C18600,C18600,0.9174724253815136
SV1_C87085,C87085,0.9696957468751831
SV1_C02498,C02498,0.9925482509639061
SV1_C61878,C61878,0.9977860827952278
SV1_C94902,C94902,0.9994722539367317
SV1_C17443,C17443,0.9956996017390138
SV1_C85295,C85295,0.9141190419934474
SV1_C12668,C12668,0.9383448995437341
SV1_C90670,C90670,0.9743296932526114
SV1_C44455,C44455,0.998606995563219
SV1_C18075,C18075,0.899059889196034
SV1_C71438,C71438,0.9894369989927608
SV1_C48054,C48054,0.914413736774361
SV1_C28804,C28804,0.9371260243381474
SV1_C79200,C79200,0.9283399477204703
SV1_C23478,C23478,0.890531265906612
SV1_C58825,C58825,0.9667905406266663
SV1_C07908,C07908,0.976355862938071
SV1_C46282,C46282,0.9636459861159491
SV1_C09679,C09679,0.9534269707152607
SV1_C20475,C20475,0.9832301459394395
SV1_C42618,C42618,0.9603407850774087
SV1_C89423,C89423,0.880611978427803
SV1_C35484,C35484,0.9118745581519265
SV1_C88293,C88293,0.9948678845732712
SV1_C90063,C90063,0.9720521588179167
SV1_C22207,C22207,0.9839995444337342
SV1_C83478,C83478,0.985088974888634
SV1_C18019,C18019,0.9452192620718567
SV1_C58208,C58208,0.9510642989164942
SV1_C06072,C06072,0.9293580619353268
SV1_C55826,C55826,0.9415556379548288
SV1_C35417,C35417,0.9494699519783386
SV1_C67218,C67218,0.8859766565492924
SV1_C31313,C31313,0.906174240118925
SV1_C80509,C80509,0.8882486827611883
SV1_C54078,C54078,0.9747406953827733
SV1_C00029,C00029,0.9706511098684295
SV1_C55900,C55900,0.875682620702328
SV1_C33084,C33084,0.9658133935960718
SV1_C76249,C76249,0.9363758739389955
SV1_C73912,C73912,0.9685948025419203
SV1_C31807,C31807,0.8962078066066252
SV1_C81684,C81684,0.9791471520137247
SV1_C09007,C09007,0.9370335545639321
SV1_C96106,C96106,0.9987775171488738
SV1_C06032,C06032,0.9292261534974033
SV1_C67884,C67884,0.9684630474191127
SV1_C44506,C44506,0.9741856933312989
SV1_C33021,C33021,0.9206881362320373
SV1_C69091,C69091,0.8939300917175627
SV1_C73807,C73807,0.9286095842941934
SV1_C75703,C75703,0.929834964443297
SV1_C78004,C78004,0.9450507988239152
SV1_C82274,C82274,0.9191360303885079
SV1_C33085,C33085,0.9527687988798683
SV1_C06084,C06084,0.8996514497614914
SV1_C20444,C20444,0.9697876486802214
SV1_C37200,C37200,0.9962932327089086
SV1_C99022,C99022,0.9640261101185013
SV1_C73889,C73889,0.9435157548686729
SV1_C04909,C04909,0.9178611092647079
SV1_C07237,C07237,0.9730628041869821
SV1_C00099,C00099,0.9108984178793553
SV1_C93614,C93614,0.9274997402907585
SV1_C81117,C81117,0.9384386904515128
SV1_C89502,C89502,0.9299047574940965
SV1_C91801,C91801,0.9671516387930903
SV1_C28915,C28915,0.948581351219559
SV1_C98494,C98494,0.924242330961745
SV1_C56515,C56515,0.9249586693934235
SV1_C03032,C03032,0.9787009645854338
SV1_C85208,C85208,0.8910399592975254
SV1_C16287,C16287,0.948469746903277
SV1_C17441,C17441,0.9579511426504954
SV1_C19230,C19230,0.9203909539206093
SV1_C55812,C55812,0.960000703195108
SV1_C70837,C70837,0.9292844183503167
SV1_C05447,C05447,0.9171123809057824
SV1_C16804,C16804,0.8955432183449568
SV1_C24013,C24013,0.9512488161158721
SV1_C27108,C27108,0.9720352754946366
SV1_C70312,C70312,0.8993487811499637
SV1_C78633,C78633,0.9361547621159716
SV1_C72056,C72056,0.9790301556835755
SV1_C73228,C73228,0.9483664301545329
SV1_C84088,C84088,0.9321264841087032
SV1_C02424,C02424,0.9687680346106132
SV1_C91872,C91872,0.9571409122253516
SV1_C09662,C09662,0.9754994541820153
SV1_C72636,C72636,0.9615051518967593
SV1_C51117,C51117,0.9960174562301995
SV1_C00095,C00095,0.8971881332758552
SV1_C49816,C49816,0.9222897537190775
SV1_C33086,C33086,0.916245997390507
SV1_C57017,C57017,0.9650084667282309
SV1_C13815,C13815,0.9679008759778127
SV1_C82892,C82892,0.9869522517896837
SV1_C99691,C99691,0.9199617313078706
SV1_C22241,C22241,0.9581123078823208
SV1_C76238,C76238,0.8872069812866886
SV1_C60073,C60073,0.9709809215381316
SV1_C47484,C47484,0.9558866962407576
SV1_C60631,C60631,0.9863451810431911
SV1_C09002,C09002,0.9654797240024195
SV1_C70890,C70890,0.986786990766141
SV1_C25899,C25899,0.9782453654200454
SV1_C73281,C73281,0.9530823563641856
SV1_C73856,C73856,0.988385089665054
SV1_C66014,C66014,0.9177997332975665
SV1_C60119,C60119,0.9189478523680438
SV1_C76263,C76263,0.9393175087973784
SV1_C99630,C99630,0.96772382225116
SV1_C99027,C99027,0.9598513266776364
SV1_C100292,C100292,0.8875432828826525
SV1_C15081,C15081,0.9078353345301287
SV1_C55823,C55823,0.9222502181053183
SV1_C63118,C63118,0.9027007540363915
SV1_C23472,C23472,0.9934552422635503
SV1_C60018,C60018,0.978935331513665
SV1_C03685,C03685,0.957932235252445
SV1_C54017,C54017,0.9255249688847732
SV1_C12679,C12679,0.9678395439690962
SV1_C78023,C78023,0.9338386392817876
SV1_C34802,C34802,0.9151113264701005
SV1_C84608,C84608,0.9241146464438231
SV1_C96634,C96634,0.8970192503309613
SV1_C34299,C34299,0.9265856542795764
SV1_C91805,C91805,0.9670387111825312
SV1_C93645,C93645,0.9679488277338738
SV1_C91875,C91875,0.9872403737702914
SV1_C27718,C27718,0.9445753044014256
SV1_C31899,C31899,0.9892167954312473
SV1_C01807,C01807,0.988160402906366
SV1_C43294,C43294,0.8739557643341455
SV1_C46247,C46247,0.9333776459385261
SV1_C65420,C65420,0.9907562077471105
SV1_C93625,C93625,0.8895425023313347
SV1_C04881,C04881,0.9798271123557378
SV1_C53411,C53411,0.8703810531845199
SV1_C62404,C62404,0.9297865417397513
SV1_C79888,C79888,0.9512193934869967
SV1_C100228,C100228,0.9855966253758707
SV1_C54719,C54719,0.9123973178075607
SV1_C92476,C92476,0.9900518960533121
SV1_C88830,C88830,0.9679303350368353
SV1_C48621,C48621,0.9713613868572144
SV1_C47481,C47481,0.9742559097565945
SV1_C91817,C91817,0.966626510952881
SV1_C14473,C14473,0.9097831747063881
SV1_C44466,C44466,0.924433751154985
SV1_C76262,C76262,0.9501445414366281
SV1_C66097,C66097,0.957320017434267
SV1_C91918,C91918,0.9234320424516641
SV1_C64904,C64904,0.9036845404730316
SV1_C10310,C10310,0.902204513081522
SV1_C63046,C63046,0.9524437882384862
SV1_C73840,C73840,0.9991763061919058
SV1_C91251,C91251,0.9502165864550981
SV1_C91241,C91241,0.9000015923876401
SV1_C03082,C03082,0.9259695349294073
SV1_C23475,C23475,0.9021774115667299
SV1_C05428,C05428,0.9007653535635549
SV1_C42022,C42022,0.9938851660454789
SV1_C100314,C100314,0.9898003496044067
SV1_C18613,C18613,0.9292170614291918
SV1_C67208,C67208,0.9820834711846851
SV1_C28303,C28303,0.9998569695618948
SV1_C04899,C04899,0.9244197871328174
SV1_C11439,C11439,0.9665120274408446
SV1_C15010,C15010,0.9436875072060711
SV1_C11413,C11413,0.967793145863588
SV1_C48675,C48675,0.9090107027179984
SV1_C74487,C74487,0.9708946531774103
SV1_C12020,C12020,0.9299572003312041
SV1_C71497,C71497,0.9473362947139956
SV1_C22888,C22888,0.8977783469445914
SV1_C43261,C43261,0.9848635254835656
SV1_C61819,C61819,0.9199678570276458
SV1_C66118,C66118,0.916739237720976
SV1_C77473,C77473,0.9551507162196626
SV1_C45643,C45643,0.9915297721471956
SV1_C46225,C46225,0.9970329042452623
SV1_C94817,C94817,0.9387296080966524
SV1_C13213,C13213,0.87269508380283
SV1_C46234,C46234,0.9668311699934158
SV1_C24112,C24112,0.9087102477072784
SV1_C57719,C57719,0.8873300832005648
SV1_C00716,C00716,0.9653067106689759
SV1_C59491,C59491,0.8865091396160188
SV1_C63700,C63700,0.9712766153971183
SV1_C99021,C99021,0.9905235607941214
SV1_C65491,C65491,0.9078246329424042
SV1_C75714,C75714,0.8934393746491608
SV1_C91896,C91896,0.9565043662586081
SV1_C17433,C17433,0.9235927003747189
SV1_C20411,C20411,0.9867977838235296
SV1_C09013,C09013,0.945414882741723
SV1_C20492,C20492,0.9079241585903189
SV1_C40818,C40818,0.9179614627246353
SV1_C43219,C43219,0.9408607893742368
SV1_C03673,C03673,0.9850863135222576
SV1_C63627,C63627,0.9135772660917004
SV1_C03113,C03113,0.91044438614094
SV1_C07822,C07822,0.9995698874097292
SV1_C96079,C96079,0.9599543470217253
SV1_C16802,C16802,0.9297549834949226
SV1_C60094,C60094,0.9970956037310948
SV1_C88302,C88302,0.9215498370366018
SV1_C59499,C59499,0.911998384142264
SV1_C12612,C12612,0.9367205314158686
SV1_C26490,C26490,0.9598797914099569
SV1_C09600,C09600,0.9052303645742006
SV1_C79281,C79281,0.963665198444429
SV1_C61288,C61288,0.9779582403917044
SV1_C68418,C68418,0.8801814376316368
SV1_C49266,C49266,0.9670925256396786
SV1_C78070,C78070,0.9639792246131834
SV1_C65435,C65435,0.9557251698341992
SV1_C49803,C49803,0.9447352100276476
SV1_C02412,C02412,0.978381475449126
SV1_C51047,C51047,0.9995554054449975
SV1_C69683,C69683,0.9639279131201025
SV1_C100306,C100306,0.9423846380547146
SV1_C23518,C23518,0.9564169107826831
SV1_C48108,C48108,0.9441784892213136
SV1_C07299,C07299,0.8722482121055009
SV1_C84711,C84711,0.9777437477782356
SV1_C49275,C49275,0.933304729237359
SV1_C97203,C97203,0.9987118749842873
SV1_C55206,C55206,0.9149894560777088
SV1_C72648,C72648,0.9715103443722387
SV1_C45671,C45671,0.9350229971255493
SV1_C88303,C88303,0.9836452261693377
SV1_C38413,C38413,0.991298392206972
SV1_C62445,C62445,0.8884354968419771
SV1_C91238,C91238,0.9245622795471323
SV1_C14476,C14476,0.9190593687566225
SV1_C75050,C75050,0.9523827074878952
SV1_C59474,C59474,0.9419690832790929
SV1_C58201,C58201,0.968450988423274
SV1_C90102,C90102,0.9347207819877201
SV1_C94846,C94846,0.9978272886905608
SV1_C09653,C09653,0.9523133042487384
SV1_C55895,C55895,0.9619778328776629
SV1_C82292,C82292,0.9910755202114971
SV1_C93623,C93623,0.9990082992354404
SV1_C06696,C06696,0.9542731174366581
SV1_C09680,C09680,0.981203343293891
SV1_C54001,C54001,0.8767344667298022
SV1_C02501,C02501,0.9479858648706211
SV1_C93061,C93061,0.9692239080168037
SV1_C66690,C66690,0.9162067290934621
SV1_C97276,C97276,0.8974911254530878
SV1_C56434,C56434,0.9789706640192561
SV1_C13311,C13311,0.9845652429035457
SV1_C75042,C75042,0.9364785867825327
SV1_C78674,C78674,0.9434348386404289
SV1_C70907,C70907,0.999162118650339
SV1_C100300,C100300,0.9360686730713998
SV1_C54072,C54072,0.9560152243344224
SV1_C28892,C28892,0.906399180018885
SV1_C91214,C91214,0.9825782234799529
SV1_C39003,C39003,0.9554758230308034
SV1_C45053,C45053,0.9990710998191548
SV1_C73213,C73213,0.9533749793013615
SV1_C49915,C49915,0.9311236151882617
SV1_C90054,C90054,0.9084195660531488
SV1_C58211,C58211,0.9461614516721587
SV1_C98437,C98437,0.9239887157590311
SV1_C78098,C78098,0.9222284303855589
SV1_C85876,C85876,0.9914321070983317
SV1_C64811,C64811,0.9149267519714915
SV1_C09659,C09659,0.8945452038019
SV1_C69606,C69606,0.9459523238975793
SV1_C37822,C37822,0.9855590547724354
SV1_C24683,C24683,0.9245706703020293
SV1_C67880,C67880,0.9820884204829956
SV1_C45708,C45708,0.9859091512290982
SV1_C65423,C65423,0.9995768635971815
SV1_C78666,C78666,0.9137626491828212
SV1_C81104,C81104,0.8796026477240934
SV1_C18694,C18694,0.9441344650242984
SV1_C93063,C93063,0.9785996001712828
SV1_C72027,C72027,0.8937039699762386
SV1_C61884,C61884,0.9074333972308956
SV1_C80418,C80418,0.9023789579501863
SV1_C78641,C78641,0.895918799971526
SV1_C89413,C89413,0.9440853210047667
SV1_C72063,C72063,0.967584443560271
SV1_C85211,C85211,0.9711275049678989
SV1_C57113,C57113,0.9293151757422492
SV1_C78639,C78639,0.9922715880993623
SV1_C67206,C67206,0.9543104814986132
SV1_C67313,C67313,0.896117278118692
SV1_C91215,C91215,0.9246209022008177
SV1_C05475,C05475,0.9310529027768324
SV1_C44465,C44465,0.9362601969149101
SV1_C03618,C03618,0.8981567925201419
SV1_C21010,C21010,0.9080811136102497
SV1_C73223,C73223,0.9297111982035952
SV1_C29475,C29475,0.8958196416318377
SV1_C44482,C44482,0.9649329213334046
SV1_C81023,C81023,0.9610873608702382
SV1_C07844,C07844,0.9783661756962093
SV1_C90624,C90624,0.9746758859253178
SV1_C13894,C13894,0.9641850755761903
SV1_C73274,C73274,0.9106906876955353
SV1_C31222,C31222,0.9591492813821079
SV1_C09634,C09634,0.9513425687227196
SV1_C51007,C51007,0.8758533550187527
SV1_C64874,C64874,0.9062367604238902
SV1_C85313,C85313,0.9196502845452705
SV1_C53438,C53438,0.9509802016621346
SV1_C60615,C60615,0.9427427699644961
SV1_C42611,C42611,0.9735897307218095
SV1_C79822,C79822,0.9507356519572817
SV1_C49839,C49839,0.8774504913769902
SV1_C84703,C84703,0.985011067075205
SV1_C09627,C09627,0.9494744802758688
SV1_C64306,C64306,0.9674158336819463
SV1_C97902,C97902,0.9793621338553369
SV1_C33091,C33091,0.949409262104479
SV1_C92428,C92428,0.9228996296000672
SV1_C87050,C87050,0.9311761956399898
SV1_C85917,C85917,0.9525051344110479
SV1_C46802,C46802,0.9369956521789105
SV1_C43265,C43265,0.9316570023313308
SV1_C89506,C89506,0.9274492180764965
SV1_C51074,C51074,0.9028220448889694
SV1_C84117,C84117,0.8974285846892629
SV1_C72618,C72618,0.929457802177673
SV1_C13845,C13845,0.9945137179769397
SV1_C22813,C22813,0.9357875575523068
SV1_C06675,C06675,0.9303813890687872
SV1_C72706,C72706,0.9385499709105047
SV1_C80497,C80497,0.9165251025520497
SV1_C45686,C45686,0.9574551983022702
SV1_C60095,C60095,0.9177414690146465
SV1_C51706,C51706,0.9689803300506917
SV1_C77502,C77502,0.9034529743005959
SV1_C91240,C91240,0.8915583160765684
SV1_C62511,C62511,0.8924704747160978
SV1_C25875,C25875,0.8963034347405097
SV1_C21036,C21036,0.8885979036997805
SV1_C01226,C01226,0.9215940358596398
SV1_C20403,C20403,0.9810664118959898
SV1_C48610,C48610,0.9514426132564798
SV1_C44483,C44483,0.9974447105519424
SV1_C54707,C54707,0.9650254862611654
SV1_C26429,C26429,0.9529572652376873
SV1_C34302,C34302,0.9990745685413159
SV1_C07885,C07885,0.9733494481538827
SV1_C74459,C74459,0.9262221604551328
SV1_C64315,C64315,0.9473150795045469
SV1_C91278,C91278,0.9259384618836466
SV1_C02484,C02484,0.9465595657976626
SV1_C16805,C16805,0.9089229224395204
SV1_C07279,C07279,0.9667755290223752
SV1_C75027,C75027,0.9185978794593928
SV1_C99099,C99099,0.9064900295626216
SV1_C88256,C88256,0.9099740121544692
SV1_C73241,C73241,0.9849192988996284
SV1_C07866,C07866,0.8666334799276159
SV1_C55839,C55839,0.9846686816801004
SV1_C58311,C58311,0.9088519602026676
SV1_C56501,C56501,0.8935819768018538
SV1_C04818,C04818,0.932268594596542
SV1_C79816,C79816,0.9280238289151317
SV1_C82289,C82289,0.904055771656132
SV1_C19803,C19803,0.9889780536065526
SV1_C90076,C90076,0.9861331957192893
SV1_C95519,C95519,0.9966347583875163
SV1_C35507,C35507,0.9353968174592884
SV1_C59512,C59512,0.9993428771112525
SV1_C90111,C90111,0.9836764417109258
SV1_C96608,C96608,0.9941547159198503
SV1_C60634,C60634,0.9119696577439881
SV1_C98442,C98442,0.87615015221341
SV1_C03036,C03036,0.9884792088214921
SV1_C43205,C43205,0.9888692931885263
SV1_C44468,C44468,0.947937961638115
SV1_C37221,C37221,0.9988861478767093
SV1_C00073,C00073,0.9142520562477604
SV1_C88801,C88801,0.9024316143467912
SV1_C91867,C91867,0.9240411533476136
SV1_C92407,C92407,0.9350356317621147
SV1_C94205,C94205,0.9745060681691232
SV1_C04820,C04820,0.9616794405450467
SV1_C61292,C61292,0.89918175780584
SV1_C65477,C65477,0.984316777958149
SV1_C84077,C84077,0.922919569134193
SV1_C67229,C67229,0.9877265145599866
SV1_C34818,C34818,0.9586486466954368
SV1_C69712,C69712,0.889129525859444
SV1_C04228,C04228,0.9446943917672909
SV1_C71400,C71400,0.9346219688575702
SV1_C96627,C96627,0.9899797496026448
SV1_C52895,C52895,0.9227941073004803
SV1_C97243,C97243,0.9062113549286459
SV1_C56425,C56425,0.9412674321011223
SV1_C24114,C24114,0.8798304565479897
SV1_C54037,C54037,0.955245732832521
SV1_C20420,C20420,0.9171742629607081
SV1_C76916,C76916,0.9528208682781762
SV1_C89407,C89407,0.8896446546012831
SV1_C75111,C75111,0.94727095150894
SV1_C87685,C87685,0.9763263442382591
SV1_C94917,C94917,0.99286883705728
SV1_C90634,C90634,0.9551200201030191
SV1_C01817,C01817,0.940760966226473
SV1_C57092,C57092,0.9869948227397781
SV1_C61907,C61907,0.9135783151910132
SV1_C09030,C09030,0.9538760971707605
SV1_C10225,C10225,0.9911842508999693
SV1_C25244,C25244,0.9795022319862182
SV1_C43815,C43815,0.9856067046248214
SV1_C57645,C57645,0.9032617621481223
SV1_C46869,C46869,0.955661672250204
SV1_C50474,C50474,0.9037495542195664
SV1_C63101,C63101,0.9396754130570021
SV1_C72640,C72640,0.9929703666473492
SV1_C93002,C93002,0.983520220405016
SV1_C70310,C70310,0.95150104269766
SV1_C87675,C87675,0.9488229379304483
SV1_C75707,C75707,0.9278007174158882
SV1_C10262,C10262,0.9751595310470016
SV1_C90031,C90031,0.9756473171616449
SV1_C70845,C70845,0.9929146759813293
SV1_C75023,C75023,0.9221070823711872
SV1_C09669,C09669,0.9859140763217732
SV1_C01228,C01228,0.9736889581710405
SV1_C07263,C07263,0.9371712049513706
SV1_C47458,C47458,0.9456306948783233
SV1_C78668,C78668,0.9947495028021199
SV1_C22905,C22905,0.9271563058169086
SV1_C44519,C44519,0.870385992589684
SV1_C97904,C97904,0.9156403415941697
SV1_C63006,C63006,0.9047803493511193
SV1_C10808,C10808,0.9388752711892876
SV1_C22230,C22230,0.8837007254278629
SV1_C99678,C99678,0.9197428610372453
SV1_C97874,C97874,0.9403459491730713
SV1_C29405,C29405,0.9381587491942031
SV1_C21676,C21676,0.9764309706754045
SV1_C81705,C81705,0.9039992308107943
SV1_C89477,C89477,0.9749313205647677
SV1_C09711,C09711,0.916124193185524
SV1_C10247,C10247,0.9864823304316902
SV1_C12669,C12669,0.9308130477005141
SV1_C16874,C16874,0.9749182112978355
SV1_C19280,C19280,0.9548803122418486
SV1_C30115,C30115,0.9486232152206806
SV1_C09045,C09045,0.9804558473992948
SV1_C78096,C78096,0.9479368159040827
SV1_C52887,C52887,0.9883202749909028
SV1_C16245,C16245,0.9574443675937578
SV1_C100230,C100230,0.9592506317582358
SV1_C18610,C18610,0.9233650745184844
SV1_C55813,C55813,0.964132729939675
SV1_C19819,C19819,0.9860798722764571
SV1_C77420,C77420,0.9196141648899977
SV1_C67280,C67280,0.9901557795575274
SV1_C58919,C58919,0.9044462744533629
SV1_C38414,C38414,0.976828127050393
SV1_C01296,C01296,0.9101098930999596
SV1_C37223,C37223,0.9031974310434263
SV1_C69620,C69620,0.9588388549001131
SV1_C89516,C89516,0.9388181712669956
SV1_C85277,C85277,0.9893843308355893
SV1_C71473,C71473,0.8942163516877563
SV1_C28817,C28817,0.9218878054584482
SV1_C40211,C40211,0.9801658304526651
SV1_C52317,C52317,0.9995456186093378
SV1_C02503,C02503,0.9169471320383601
SV1_C64830,C64830,0.9035278181414647
SV1_C72016,C72016,0.9231112389989014
SV1_C49228,C49228,0.9776515985970496
SV1_C55806,C55806,0.9554780933093417
SV1_C58893,C58893,0.9646258692776105
SV1_C63003,C63003,0.952283074497543
SV1_C13884,C13884,0.9824091690742867
SV1_C93083,C93083,0.9002181121382636
SV1_C25202,C25202,0.9029470221003305
SV1_C92502,C92502,0.9712250016658877
SV1_C85884,C85884,0.9678908053481806
SV1_C76227,C76227,0.9519203842769421
SV1_C67919,C67919,0.9716882551666187
SV1_C01285,C01285,0.9103477646084115
SV1_C25834,C25834,0.9892612827375761
SV1_C52919,C52919,0.9342345288859503
SV1_C73243,C73243,0.8793067564744347
SV1_C90039,C90039,0.9907532775421234
SV1_C27081,C27081,0.9344076999097249
SV1_C10805,C10805,0.9116783317121373
SV1_C33110,C33110,0.9461335713513015
SV1_C78095,C78095,0.9903262344115156
SV1_C45697,C45697,0.9977046582321245
SV1_C07238,C07238,0.9616300454801695
SV1_C65437,C65437,0.9398356151212827
SV1_C49806,C49806,0.92350883423971
SV1_C75633,C75633,0.9350982920727297
SV1_C91882,C91882,0.9113367197137843
SV1_C99019,C99019,0.9462080368222296
SV1_C47467,C47467,0.9152389943294361
SV1_C56447,C56447,0.9907080594530824
SV1_C73286,C73286,0.9593020761714446
SV1_C56436,C56436,0.9196157307890291
SV1_C00618,C00618,0.9173480271497967
SV1_C30106,C30106,0.9263391940910187
SV1_C70286,C70286,0.9627260848459015
SV1_C24108,C24108,0.943428960782633
SV1_C18636,C18636,0.9465260233361413
SV1_C07902,C07902,0.9071542572137901
SV1_C13859,C13859,0.9468848622726002
SV1_C25836,C25836,0.9269180624268838
SV1_C73217,C73217,0.9312897992196608
SV1_C88232,C88232,0.9933789923497753
SV1_C99003,C99003,0.9807508363502433
SV1_C17424,C17424,0.9429542161104992
SV1_C22823,C22823,0.9463109042530818
SV1_C48077,C48077,0.9410320199432323
SV1_C58295,C58295,0.9221495540188115
SV1_C54021,C54021,0.966711834034491
SV1_C42021,C42021,0.9814939361932317
SV1_C43855,C43855,0.9992464680594936
SV1_C45090,C45090,0.9024238413441843
SV1_C95513,C95513,0.9287068693945139
SV1_C27697,C27697,0.9403439707753968
SV1_C05429,C05429,0.9444553961599949
SV1_C08457,C08457,0.9478240325469807
SV1_C52905,C52905,0.9993933931715041
SV1_C18017,C18017,0.9313288009803191
SV1_C81688,C81688,0.9304793658665653
SV1_C34202,C34202,0.9368625653502937
SV1_C55209,C55209,0.9327107856395968
SV1_C94905,C94905,0.9719689987310737
SV1_C79882,C79882,0.9246322636722787
SV1_C42606,C42606,0.9706932979111319
SV1_C20430,C20430,0.9478407638748342
SV1_C52880,C52880,0.9856482995525093
SV1_C18630,C18630,0.9226906145944236
SV1_C49869,C49869,0.9560192380835558
SV1_C53492,C53492,0.9329894382684684
SV1_C46233,C46233,0.9993430100411628
SV1_C72022,C72022,0.9787870524762051
SV1_C18086,C18086,0.9101276358496352
SV1_C89467,C89467,0.9314266175436061
SV1_C76278,C76278,0.9357452592863349
SV1_C10895,C10895,0.9101775485385989
SV1_C45058,C45058,0.9679503397473214
SV1_C09054,C09054,0.9990497027071347
SV1_C51600,C51600,0.859424947306844
SV1_C07825,C07825,0.9990479062992507
SV1_C95474,C95474,0.9938666382688823
SV1_C75103,C75103,0.9245669257823343
SV1_C06632,C06632,0.9452227344407153
SV1_C100303,C100303,0.9379707274844111
SV1_C01238,C01238,0.9481369997697684
SV1_C11437,C11437,0.933242024814831
SV1_C12619,C12619,0.9119531520589222
SV1_C00102,C00102,0.9988080720462026
SV1_C70205,C70205,0.9560787237371887
SV1_C27098,C27098,0.920703486817644
SV1_C52817,C52817,0.9037793405651803
SV1_C48017,C48017,0.9271062294139589
SV1_C53413,C53413,0.8837587065969881
SV1_C93646,C93646,0.9916709750913745
SV1_C27096,C27096,0.9858027107075298
SV1_C16889,C16889,0.985113614374656
SV1_C04877,C04877,0.9816820137677166
SV1_C58884,C58884,0.9566732603564811
SV1_C71414,C71414,0.9754549452424939
SV1_C54698,C54698,0.945710230503684
SV1_C96712,C96712,0.934490658371356
SV1_C56412,C56412,0.9820220211490229
SV1_C62409,C62409,0.9282559724636106
SV1_C55279,C55279,0.9271844924496108
SV1_C17488,C17488,0.9495905486118645
SV1_C75601,C75601,0.9399929285932083
SV1_C48658,C48658,0.9438013599356483
SV1_C27711,C27711,0.9788016527512702
SV1_C24016,C24016,0.9841833900620894
SV1_C100288,C100288,0.944923362412213
SV1_C04831,C04831,0.8902143905305078
SV1_C27110,C27110,0.9087824074898797
SV1_C63694,C63694,0.9109059420963077
SV1_C96001,C96001,0.9872865621906587
SV1_C97884,C97884,0.9669290460273774
SV1_C89492,C89492,0.9982563436931172
SV1_C93689,C93689,0.8846277056403674
SV1_C95412,C95412,0.9796283415397299
SV1_C60690,C60690,0.930100777096619
SV1_C10279,C10279,0.9463776623228032
SV1_C55816,C55816,0.9577280290581488
SV1_C43256,C43256,0.9891721190097365
SV1_C48064,C48064,0.921049227700958
SV1_C07875,C07875,0.9661010072531269
SV1_C70913,C70913,0.9640610190027579
SV1_C84719,C84719,0.9630521378323973
SV1_C98514,C98514,0.943780633910464
SV1_C02479,C02479,0.9655914913828341
SV1_C22895,C22895,0.9232902659502112
SV1_C70891,C70891,0.9516699598064924
SV1_C70309,C70309,0.9768577062869405
SV1_C94912,C94912,0.9337985393400569
SV1_C59433,C59433,0.9802668954448749
SV1_C44405,C44405,0.9862953208511526
SV1_C73882,C73882,0.9090401230220382
SV1_C54686,C54686,0.9654580510666175
SV1_C15630,C15630,0.9628730249457406
SV1_C66643,C66643,0.9305216366461783
SV1_C63113,C63113,0.9264487304009396
SV1_C65485,C65485,0.9733558169503054
SV1_C18616,C18616,0.9238505069019746
SV1_C54647,C54647,0.9596812454780392
SV1_C08436,C08436,0.9655554578808342
SV1_C27619,C27619,0.8985528979404
SV1_C25821,C25821,0.9453580962643324
SV1_C79309,C79309,0.890390438518916
SV1_C61312,C61312,0.9828173454127542
SV1_C47442,C47442,0.9035222138551663
SV1_C02505,C02505,0.9446651967586063
SV1_C85916,C85916,0.9563731716971509
SV1_C65476,C65476,0.9984272246391491
SV1_C03680,C03680,0.9930381553260594
SV1_C80496,C80496,0.8742937396232641
SV1_C12705,C12705,0.9771503881420391
SV1_C06034,C06034,0.998936710291603
SV1_C06611,C06611,0.9635899196586554
SV1_C46889,C46889,0.9229865239841212
SV1_C45676,C45676,0.9905924629919368
SV1_C55225,C55225,0.999709421439778
SV1_C34300,C34300,0.9335678451250475
SV1_C85919,C85919,0.880760118174047
SV1_C13256,C13256,0.9740014613445201
SV1_C68493,C68493,0.9816775791573792
SV1_C73903,C73903,0.9153210042842391
SV1_C81609,C81609,0.9402738968664512
SV1_C76895,C76895,0.9254534734928374
SV1_C64312,C64312,0.9753403986355488
SV1_C01824,C01824,0.9698249442962852
SV1_C22200,C22200,0.8803312970501376
SV1_C41412,C41412,0.964497897833373
SV1_C74469,C74469,0.9557487016185728
SV1_C70303,C70303,0.9855337104183202
SV1_C31290,C31290,0.9382907049666872
SV1_C74486,C74486,0.9464941191459484
SV1_C90703,C90703,0.9998412330733348
SV1_C78114,C78114,0.9256704827642348
SV1_C15015,C15015,0.90777118755748
SV1_C94896,C94896,0.9442796390503871
SV1_C07863,C07863,0.9387942040427147
SV1_C13843,C13843,0.9088373606970184
SV1_C100307,C100307,0.9375364409951905
SV1_C51044,C51044,0.9937263314214715
SV1_C22817,C22817,0.9595180102870143
SV1_C63603,C63603,0.9457467291117949
SV1_C75052,C75052,0.9784681020361725
SV1_C51718,C51718,0.9747276453446805
SV1_C75672,C75672,0.9188111078190183
SV1_C61275,C61275,0.9958768368954678
SV1_C94240,C94240,0.9943063599256831
SV1_C55905,C55905,0.9165165945148858
SV1_C46244,C46244,0.9452459308158683
SV1_C10870,C10870,0.9286521559323908
SV1_C19279,C19279,0.976252782906797
SV1_C89412,C89412,0.9209205718292838
SV1_C49301,C49301,0.9684038059110635
SV1_C10299,C10299,0.8733316414820957
SV1_C89418,C89418,0.9773068589870881
SV1_C72669,C72669,0.938045109924
SV1_C19872,C19872,0.9019312986769121
SV1_C64878,C64878,0.9121697888747219
SV1_C12602,C12602,0.9049635134663926
SV1_C93055,C93055,0.9905295157299039
SV1_C47485,C47485,0.9659539638557398
SV1_C77466,C77466,0.9746262514417623
SV1_C22910,C22910,0.916163744351141
SV1_C72716,C72716,0.9096450661957265
SV1_C86516,C86516,0.9360742763838138
SV1_C53422,C53422,0.9557277232128136
SV1_C56444,C56444,0.9908794092144229
SV1_C57617,C57617,0.9640742709525357
SV1_C43271,C43271,0.9407349035678811
SV1_C22832,C22832,0.9841812763171729
SV1_C95479,C95479,0.9499510778543213
SV1_C30605,C30605,0.9535469005813162
SV1_C00703,C00703,0.9125095110511248
SV1_C77412,C77412,0.9126219229235253
SV1_C85875,C85875,0.9226789753303498
SV1_C94901,C94901,0.9737185721075858
SV1_C28218,C28218,0.9470890376661956
SV1_C70280,C70280,0.8714172280251973
SV1_C57679,C57679,0.978928126978036
SV1_C79813,C79813,0.9155549187668923
SV1_C46819,C46819,0.9392812874916724
SV1_C57097,C57097,0.8809083324697868
SV1_C60117,C60117,0.9136835664017162
SV1_C96010,C96010,0.9541836386695448
SV1_C09701,C09701,0.9626141506836002
SV1_C75684,C75684,0.9152172578091391
SV1_C50400,C50400,0.8629914292517491
SV1_C82907,C82907,0.9063424705690901
SV1_C78074,C78074,0.9812768723386235
SV1_C39011,C39011,0.9555299997544189
SV1_C72068,C72068,0.9408283141472302
SV1_C63041,C63041,0.9064237885681014
SV1_C61808,C61808,0.9298710146916205
SV1_C11466,C11466,0.9394294320931943
SV1_C94208,C94208,0.9787553604982304
SV1_C13297,C13297,0.98268063337882
SV1_C13254,C13254,0.9590685587801746
SV1_C30097,C30097,0.9914887855929548
SV1_C87712,C87712,0.998207627633029
SV1_C54113,C54113,0.9317784071125109
SV1_C34809,C34809,0.9556136406866581
SV1_C70315,C70315,0.9038410363299555
SV1_C85280,C85280,0.9737912566355278
SV1_C70217,C70217,0.9257239316613585
SV1_C24047,C24047,0.903188896357648
SV1_C81093,C81093,0.9968156319903662
SV1_C87069,C87069,0.9834836456823711
SV1_C84090,C84090,0.9042426718514094
SV1_C75113,C75113,0.9567249051197027
SV1_C76244,C76244,0.9670982559032629
SV1_C15674,C15674,0.9914372756001628
SV1_C32485,C32485,0.956227583607919
SV1_C91873,C91873,0.9517004104399159
SV1_C53481,C53481,0.9700590330125781
SV1_C24028,C24028,0.9633313836723553
SV1_C64841,C64841,0.8843432752359307
SV1_C65493,C65493,0.9879537419732073
SV1_C67898,C67898,0.9997118603523015
SV1_C79883,C79883,0.9867588722204009
SV1_C59486,C59486,0.9179136972985971
SV1_C97834,C97834,0.9063620461314612
SV1_C21677,C21677,0.9603846018241688
SV1_C14423,C14423,0.9558343472974873
SV1_C52304,C52304,0.9931454600648437
SV1_C10863,C10863,0.9196091927420542
SV1_C93687,C93687,0.9166753172707809
SV1_C08479,C08479,0.9629478185584076
SV1_C16277,C16277,0.9399464975343154
SV1_C79276,C79276,0.9694834545309519
SV1_C00613,C00613,0.9918349203673975
SV1_C07907,C07907,0.8703793451913778
SV1_C85813,C85813,0.898597897458482
SV1_C91300,C91300,0.9126097242744432
SV1_C21689,C21689,0.8682296494974457
SV1_C59432,C59432,0.9697949601929167
SV1_C49878,C49878,0.9902864334753922
SV1_C65484,C65484,0.9846588272600185
SV1_C90089,C90089,0.9706692272352194
SV1_C15677,C15677,0.9230964170160343
SV1_C64304,C64304,0.9887418885467548
SV1_C83419,C83419,0.9412239720425907
SV1_C91319,C91319,0.8800989459525355
SV1_C98497,C98497,0.9235797720633351
SV1_C90067,C90067,0.9216930653011064
SV1_C45004,C45004,0.9786670096606634
SV1_C68443,C68443,0.9474485308490441
SV1_C66618,C66618,0.8851511693519818
SV1_C89447,C89447,0.9981660630391379
SV1_C48666,C48666,0.9256116146731294
SV1_C90694,C90694,0.9373160054543488
SV1_C31897,C31897,0.9904535340408835
SV1_C96717,C96717,0.9949226316855179
SV1_C69689,C69689,0.9862039988706529
SV1_C52914,C52914,0.9248582080463973
SV1_C92490,C92490,0.8968165768435703
SV1_C70290,C70290,0.9303443032061034
SV1_C27006,C27006,0.9872095963095634
SV1_C04804,C04804,0.967421166163479
SV1_C25845,C25845,0.9611605505248079
SV1_C19204,C19204,0.9254717005484906
SV1_C66688,C66688,0.9008504525199204
SV1_C06031,C06031,0.9112439787344144
SV1_C99672,C99672,0.8831678928282496
SV1_C49904,C49904,0.9426393293894111
SV1_C22838,C22838,0.9388595016707834
SV1_C15619,C15619,0.9083415715667361
SV1_C22289,C22289,0.8761062082396563
SV1_C83407,C83407,0.9557396184150418
SV1_C70299,C70299,0.9851890629724006
SV1_C24009,C24009,0.9132238421536213
SV1_C62408,C62408,0.9338454315372609
SV1_C79318,C79318,0.8921521409067978
SV1_C28208,C28208,0.9399102099654671
SV1_C53424,C53424,0.9531446668892763
SV1_C60031,C60031,0.9794050787502211
SV1_C23504,C23504,0.9491219519411607
SV1_C95432,C95432,0.9343911443003395
SV1_C72708,C72708,0.9484103630995319
SV1_C05479,C05479,0.9351235871357209
SV1_C39604,C39604,0.987451290030284
SV1_C84712,C84712,0.9811386726858878
SV1_C15608,C15608,0.8929589683633672
SV1_C86484,C86484,0.972493746583857
SV1_C63021,C63021,0.9308977943990012
SV1_C34823,C34823,0.9573574679860684
SV1_C95403,C95403,0.98924704397431
SV1_C70818,C70818,0.9246298645036315
SV1_C01223,C01223,0.9605514313478238
SV1_C46903,C46903,0.984472703552346
SV1_C27007,C27007,0.9165431648329913
SV1_C59487,C59487,0.9734087969821688
SV1_C61287,C61287,0.9749649256615871
SV1_C34295,C34295,0.9871665817404285
SV1_C60707,C60707,0.9068621234244367
SV1_C24607,C24607,0.986595023488536
SV1_C52846,C52846,0.9703814324271273
SV1_C48006,C48006,0.9377064557054092
SV1_C56517,C56517,0.9022660619112234
SV1_C27109,C27109,0.9657112217231961
SV1_C47516,C47516,0.9983505984936433
SV1_C31820,C31820,0.9443350649480919
SV1_C76276,C76276,0.8960715713053536
SV1_C22913,C22913,0.9003695357978504
SV1_C15680,C15680,0.9552286361813394
SV1_C64815,C64815,0.9027773144486088
SV1_C66092,C66092,0.9993326195039931
SV1_C57643,C57643,0.8792417685362983
SV1_C61827,C61827,0.9974346176771198
SV1_C22294,C22294,0.8885037618418019
SV1_C27034,C27034,0.9763775969554899
SV1_C22876,C22876,0.9904616844980826
SV1_C90707,C90707,0.9985416464743465
SV1_C69009,C69009,0.9946270419604227
SV1_C36023,C36023,0.9004384217476158
SV1_C87658,C87658,0.9288437267467812
SV1_C94319,C94319,0.9996381983669103
SV1_C13839,C13839,0.9617362879960353
SV1_C89468,C89468,0.993424229367117
SV1_C30013,C30013,0.9542234562404496
SV1_C50472,C50472,0.9996937883061491
SV1_C78099,C78099,0.9755049848628063
SV1_C72045,C72045,0.9272487769334167
SV1_C10834,C10834,0.9329450635937586
SV1_C43305,C43305,0.9957487390447435
SV1_C51717,C51717,0.9982052870688279
SV1_C77415,C77415,0.9500408715419194
SV1_C77443,C77443,0.8768055672237655
SV1_C31813,C31813,0.9748884469589206
SV1_C06090,C06090,0.8706062615143327
SV1_C43204,C43204,0.9846582125088706
SV1_C36606,C36606,0.9837931886946154
SV1_C46837,C46837,0.9857326746288084
SV1_C98505,C98505,0.922022692841936
SV1_C75061,C75061,0.9897436534924766
SV1_C31894,C31894,0.9291454636321448
SV1_C80512,C80512,0.9213729611487685
SV1_C72084,C72084,0.9191238595988678
SV1_C96690,C96690,0.8847293967179982
SV1_C65407,C65407,0.9283033694226912
SV1_C44477,C44477,0.9984868352500808
SV1_C27707,C27707,0.9902605534240919
SV1_C96094,C96094,0.8904857649314047
SV1_C88843,C88843,0.9775502581689949
SV1_C31213,C31213,0.9687478573257664
SV1_C49860,C49860,0.9483990583045966
SV1_C25884,C25884,0.9711092633009055
SV1_C53513,C53513,0.9386463655088645
SV1_C27676,C27676,0.9744587793486913
SV1_C67874,C67874,0.9525633093618362
SV1_C00642,C00642,0.910861219222975
SV1_C09107,C09107,0.8778846136519034
SV1_C06711,C06711,0.9503034035423336
SV1_C72631,C72631,0.898637692781536
SV1_C60028,C60028,0.9532893504597878
SV1_C25223,C25223,0.9312586134999612
SV1_C10236,C10236,0.9563895253442913
SV1_C66109,C66109,0.9288991072993744
SV1_C26442,C26442,0.9741094146064413
SV1_C70835,C70835,0.9447188094762196
SV1_C75004,C75004,0.9205832068785079
SV1_C97843,C97843,0.9099461509047521
SV1_C90698,C90698,0.9362158834088019
SV1_C60081,C60081,0.9773926635113311
SV1_C28273,C28273,0.9744934345109536
SV1_C01909,C01909,0.9238608571279007
SV1_C76261,C76261,0.9688742244245199
SV1_C49813,C49813,0.951771017559146
SV1_C96045,C96045,0.9725779897471388
SV1_C72055,C72055,0.9262920092086745
SV1_C91283,C91283,0.9983079950312235
SV1_C01224,C01224,0.9694396377437537
SV1_C84097,C84097,0.9325704691910148
SV1_C96632,C96632,0.9318818593454862
SV1_C82312,C82312,0.9601243877266693
SV1_C46885,C46885,0.980088622680136
SV1_C48677,C48677,0.9585392925302229
SV1_C66006,C66006,0.9418599326972447
SV1_C90693,C90693,0.9796727732768963
SV1_C30102,C30102,0.927949151182597
SV1_C59503,C59503,0.9129603432396387
SV1_C96611,C96611,0.9945186883077639
SV1_C09647,C09647,0.9915147618921399
SV1_C31802,C31802,0.9225481939055116
SV1_C72002,C72002,0.9997960281647954
SV1_C07918,C07918,0.9179951831131465
SV1_C65518,C65518,0.9102471645037147
SV1_C72073,C72073,0.9522969215438593
SV1_C41406,C41406,0.9582172631425636
SV1_C12711,C12711,0.9715661976453488
SV1_C14428,C14428,0.9312213904678348
SV1_C04878,C04878,0.8920264121689699
SV1_C00018,C00018,0.9167119727654899
SV1_C72072,C72072,0.9450556247002392
SV1_C03631,C03631,0.9534961108963589
SV1_C68473,C68473,0.9405806260726395
SV1_C28877,C28877,0.9299377082466808
SV1_C74481,C74481,0.9493408683884038
SV1_C34310,C34310,0.9912172965238498
SV1_C75691,C75691,0.9558955800118233
SV1_C13237,C13237,0.9052815358823815
SV1_C30018,C30018,0.9249058126475607
SV1_C88848,C88848,0.9004963674638109
SV1_C43827,C43827,0.9332669098057937
SV1_C75017,C75017,0.9523576894671942
SV1_C27700,C27700,0.9491010569868769
SV1_C41417,C41417,0.9292978955906529
SV1_C48069,C48069,0.9823785770109883
SV1_C23512,C23512,0.9034179151656174
SV1_C55889,C55889,0.9351198381910234
SV1_C47495,C47495,0.9958273777134369
SV1_C23420,C23420,0.94839726627225
SV1_C25317,C25317,0.9980134638763513
SV1_C55289,C55289,0.9813393222911129
SV1_C56484,C56484,0.9616350073387353
SV1_C25214,C25214,0.9194613623520482
SV1_C45706,C45706,0.9747205761822056
SV1_C80417,C80417,0.9234746520133534
SV1_C13852,C13852,0.9328957042082566
SV1_C46899,C46899,0.9843966276781414
SV1_C91236,C91236,0.9424056573056061
SV1_C71446,C71446,0.9199975295397643
SV1_C70884,C70884,0.8675692834145766
SV1_C52894,C52894,0.9943007481402778
SV1_C67892,C67892,0.9971886552582886
SV1_C65483,C65483,0.9976742522879601
SV1_C46912,C46912,0.9378036945316595
SV1_C73316,C73316,0.908080781777867
SV1_C24081,C24081,0.9865764646312917
SV1_C44491,C44491,0.9333086317561302
SV1_C06617,C06617,0.9455639561070539
SV1_C35400,C35400,0.9204921019929806
SV1_C45007,C45007,0.9998533907582814
SV1_C98436,C98436,0.9235048056983065
SV1_C57694,C57694,0.997294823915225
SV1_C76279,C76279,0.9435998113184676
SV1_C60005,C60005,0.9629719324505103
SV1_C85205,C85205,0.8957212832889544
SV1_C91829,C91829,0.9093197478465798
SV1_C01883,C01883,0.9647399050843274
SV1_C84105,C84105,0.9299122563748845
SV1_C18009,C18009,0.9131409011181059
SV1_C43803,C43803,0.9984436109064537
SV1_C09717,C09717,0.9103375672766664
SV1_C60044,C60044,0.9057530660799102
SV1_C66617,C66617,0.9201726247691533
SV1_C29519,C29519,0.9432250277713424
SV1_C89486,C89486,0.9281160031527519
SV1_C67806,C67806,0.9585150286244833
SV1_C78623,C78623,0.9359761750201169
SV1_C96105,C96105,0.9707871649930006
SV1_C69715,C69715,0.9128690155849293
SV1_C18606,C18606,0.9198206820350983
SV1_C61910,C61910,0.9764615548621768
SV1_C61217,C61217,0.9425807583986996
SV1_C28890,C28890,0.9387270598836988
SV1_C13871,C13871,0.9550490916559097
SV1_C56491,C56491,0.9381729269153638
SV1_C02431,C02431,0.9750619230011991
SV1_C92474,C92474,0.937675878073042
SV1_C91264,C91264,0.9371290384420863
SV1_C13883,C13883,0.9820830165816662
SV1_C30014,C30014,0.9362047482813769
SV1_C27703,C27703,0.9912889538177878
SV1_C74431,C74431,0.9058866232420264
SV1_C00629,C00629,0.9748010230155919
SV1_C85314,C85314,0.9189470939535602
SV1_C72611,C72611,0.9327552103408228
SV1_C48091,C48091,0.9301229799185575
SV1_C45661,C45661,0.9907962214751572
SV1_C03601,C03601,0.9751902024327542
SV1_C22898,C22898,0.9253419281248485
SV1_C10894,C10894,0.9888681749443747
SV1_C64826,C64826,0.8982600070388268
SV1_C02519,C02519,0.9651466961344369
SV1_C58310,C58310,0.9247230547496855
SV1_C69083,C69083,0.9545535806499286
SV1_C84080,C84080,0.8978536632540352
SV1_C87034,C87034,0.9629397761891706
SV1_C03091,C03091,0.9568539069408507
SV1_C00003,C00003,0.982301449759353
SV1_C87669,C87669,0.9883532209584737
SV1_C54083,C54083,0.9822694580296258
SV1_C46834,C46834,0.9621129606499685
SV1_C06701,C06701,0.9553301284748508
SV1_C70825,C70825,0.9415676469385909
SV1_C04311,C04311,0.9525480022025777
SV1_C57003,C57003,0.9064012953121909
SV1_C85898,C85898,0.9595504878958904
SV1_C75639,C75639,0.9116316099105215
SV1_C95422,C95422,0.9639172252378724
SV1_C57085,C57085,0.9828425214831459
SV1_C00022,C00022,0.9529554695735687
SV1_C16835,C16835,0.9905471218979809
SV1_C32518,C32518,0.9823900254605319
SV1_C33618,C33618,0.9453000739665787
SV1_C53445,C53445,0.9949331057662956
SV1_C47405,C47405,0.9651857599838749
SV1_C28234,C28234,0.9715635389906686
SV1_C88216,C88216,0.921871073203717
SV1_C73312,C73312,0.9702068559817821
SV1_C06645,C06645,0.9232022276565257
SV1_C43262,C43262,0.9530298538884122
SV1_C24020,C24020,0.9454439114933757
SV1_C22878,C22878,0.8749760213677737
SV1_C99713,C99713,0.9749302974630575
SV1_C56516,C56516,0.8773642051291481
SV1_C10205,C10205,0.9271695264130323
SV1_C68436,C68436,0.9574250346488096
SV1_C89495,C89495,0.9929141690608096
SV1_C46276,C46276,0.9880522074056884
SV1_C07901,C07901,0.9474923599265873
SV1_C80505,C80505,0.9121590092859947
SV1_C04219,C04219,0.9640372510147411
SV1_C98421,C98421,0.970148984712306
SV1_C61807,C61807,0.932477390257643
SV1_C55827,C55827,0.9997807469172825
SV1_C73901,C73901,0.9891158448614842
SV1_C90687,C90687,0.9782298240929299
SV1_C06044,C06044,0.9240742742511527
SV1_C32418,C32418,0.9320341451502916
SV1_C57689,C57689,0.9678309114795882
SV1_C81680,C81680,0.9577622367565156
SV1_C99715,C99715,0.9335173315067912
SV1_C89509,C89509,0.9744902652422778
SV1_C43307,C43307,0.9980417083820146
SV1_C64805,C64805,0.9639893008580261
SV1_C23498,C23498,0.9252905523812228
SV1_C50434,C50434,0.9102188722257216
SV1_C73250,C73250,0.9502423629751788
SV1_C78600,C78600,0.9469291324105006
SV1_C21038,C21038,0.9476694999076015
SV1_C61894,C61894,0.9629509557390112
SV1_C02447,C02447,0.995357446712004
SV1_C93612,C93612,0.9650661270431873
SV1_C90060,C90060,0.9079562484749445
SV1_C04299,C04299,0.9299677541993112
SV1_C09008,C09008,0.9220143647247513
SV1_C84098,C84098,0.8925539944884493
SV1_C75617,C75617,0.9610107245895212
SV1_C43274,C43274,0.9575761950289929
SV1_C45043,C45043,0.9953278311949615
SV1_C05409,C05409,0.9922786984024724
SV1_C96646,C96646,0.9994270790266374
SV1_C91851,C91851,0.9880446259819248
SV1_C00117,C00117,0.9563673004634993
SV1_C58228,C58228,0.9678903706649421
SV1_C48046,C48046,0.9724926398153314
SV1_C82904,C82904,0.9087517500313526
SV1_C54640,C54640,0.906304502658905
SV1_C19834,C19834,0.8966771842712545
SV1_C82873,C82873,0.8936995340006686
SV1_C58805,C58805,0.9690305508665428
SV1_C43824,C43824,0.9887665622103353
SV1_C45064,C45064,0.9297572901784461
SV1_C62489,C62489,0.9309309495413621
SV1_C07876,C07876,0.9889551210804297
SV1_C10273,C10273,0.9900447620720639
SV1_C96090,C96090,0.8911676064531143
SV1_C88306,C88306,0.9188151992008615
SV1_C69098,C69098,0.9853000451953018
SV1_C58843,C58843,0.8909367963145147
SV1_C12603,C12603,0.9476870966652101
SV1_C22915,C22915,0.94806854552402
SV1_C27600,C27600,0.944021573774819
SV1_C51030,C51030,0.9123270114930817
SV1_C54704,C54704,0.9692902316201664
SV1_C09623,C09623,0.938051383955742
SV1_C18680,C18680,0.9923686458510896
SV1_C52244,C52244,0.9927536607058377
SV1_C87023,C87023,0.8555406058010507
SV1_C13858,C13858,0.9669827354417078
SV1_C57636,C57636,0.9887841209582326
SV1_C83503,C83503,0.9030974472883708
SV1_C69010,C69010,0.9586931597271968
SV1_C09644,C09644,0.994314758992984
SV1_C97911,C97911,0.9011118150635973
SV1_C51119,C51119,0.9377490459139347
SV1_C40216,C40216,0.9437827337349852
SV1_C62507,C62507,0.9112199426624711
SV1_C53485,C53485,0.9523057136068036
SV1_C06024,C06024,0.926268111951411
SV1_C48649,C48649,0.9120686781988514
SV1_C96021,C96021,0.9085869667169296
SV1_C78117,C78117,0.9664443407858718
SV1_C89497,C89497,0.9266081409548473
SV1_C21687,C21687,0.9676383025292977
SV1_C52240,C52240,0.9048092106253254
SV1_C83501,C83501,0.9065699857841013
SV1_C78104,C78104,0.9564221420373007
SV1_C96711,C96711,0.9173926410682504
SV1_C79881,C79881,0.9624087521138017
SV1_C32402,C32402,0.9323533103133465
SV1_C96041,C96041,0.9920656014511556
SV1_C42005,C42005,0.9908326460959708
SV1_C22217,C22217,0.9500338293156816
SV1_C62433,C62433,0.9759924267018029
SV1_C12073,C12073,0.8936360243722214
SV1_C99676,C99676,0.8819840551563223
SV1_C21035,C21035,0.9400672130803311
SV1_C10831,C10831,0.9789671750108672
SV1_C93089,C93089,0.9540759722428055
SV1_C34877,C34877,0.9355873964506614
SV1_C88311,C88311,0.9677964850512032
SV1_C27119,C27119,0.9646401521730145
SV1_C03045,C03045,0.9930542905689267
SV1_C04289,C04289,0.944397327246894
SV1_C52822,C52822,0.9585370966901821
SV1_C78709,C78709,0.9651618159239361
SV1_C07854,C07854,0.991878841873576
SV1_C21029,C21029,0.931725496634117
SV1_C80514,C80514,0.8760876523911176
SV1_C43800,C43800,0.980806654426407
SV1_C10906,C10906,0.9258525275579923
SV1_C22841,C22841,0.9560101899554962
SV1_C70284,C70284,0.9229233670660365
SV1_C72107,C72107,0.8918409898011899
SV1_C25303,C25303,0.9903515341790293
SV1_C26475,C26475,0.9413505473852904
SV1_C46221,C46221,0.9639386686686932
SV1_C58915,C58915,0.8806220906969555
SV1_C61223,C61223,0.9470394768345236
SV1_C04241,C04241,0.9414294238708556
SV1_C71426,C71426,0.9976262610471184
SV1_C50405,C50405,0.8862796204431236
SV1_C02413,C02413,0.9870245375927661
SV1_C62514,C62514,0.8908415091064352
SV1_C42603,C42603,0.9729933273839552
SV1_C34218,C34218,0.9414010399678446
SV1_C11475,C11475,0.9028578436358922
SV1_C81701,C81701,0.9072241941274101
SV1_C13314,C13314,0.9485253641134879
SV1_C52819,C52819,0.9550336774638493
SV1_C74409,C74409,0.9598258742310216
SV1_C46854,C46854,0.956817089449559
SV1_C33082,C33082,0.9497212480587625
SV1_C43892,C43892,0.8803119362682285
SV1_C90058,C90058,0.907601643183507
SV1_C35416,C35416,0.9336761904875398
SV1_C04221,C04221,0.9685800050526338
SV1_C08412,C08412,0.9488168982098321
SV1_C13914,C13914,0.9427921239736323
SV1_C76253,C76253,0.9423610316415929
SV1_C48010,C48010,0.9372838325480394
SV1_C21017,C21017,0.8983884159202429
SV1_C27643,C27643,0.9288226423886122
SV1_C69627,C69627,0.9206914132111464
SV1_C100211,C100211,0.912082556917991
SV1_C09605,C09605,0.9336818737389299
SV1_C67295,C67295,0.9906953700619208
SV1_C00681,C00681,0.9236971736058286
SV1_C28206,C28206,0.990876549486016
SV1_C46308,C46308,0.9842752593647256
SV1_C25211,C25211,0.9873906917766146
SV1_C72675,C72675,0.9993865550820541
SV1_C99098,C99098,0.9148265468657185
SV1_C82221,C82221,0.9771792621515163
SV1_C57680,C57680,0.984586931918931
SV1_C34821,C34821,0.9817522813336095
SV1_C76204,C76204,0.8935773329060553
SV1_C96623,C96623,0.9976713313108978
SV1_C24022,C24022,0.9959157346362768
SV1_C10312,C10312,0.9901371987145192
SV1_C58839,C58839,0.9470302093853736
SV1_C07285,C07285,0.9700283073369006
SV1_C78029,C78029,0.9818120096568389
SV1_C90006,C90006,0.9356304618015495
SV1_C94832,C94832,0.9338330926265698
SV1_C36611,C36611,0.9223578105053759
SV1_C86461,C86461,0.8961612983454292
SV1_C54093,C54093,0.9693844363538244
SV1_C90643,C90643,0.9578825846254975
SV1_C14434,C14434,0.981275068900756
SV1_C35505,C35505,0.9284171226176519
SV1_C99018,C99018,0.9226806178282821
SV1_C64232,C64232,0.9431638597511661
SV1_C94277,C94277,0.9639424114779857
SV1_C91272,C91272,0.9664196731881106
SV1_C67290,C67290,0.9255792979934204
SV1_C75072,C75072,0.9345827542150507
SV1_C92421,C92421,0.990045960839701
SV1_C89440,C89440,0.9307658233978799
SV1_C90688,C90688,0.9755999848641221
SV1_C58212,C58212,0.955076421431131
SV1_C06678,C06678,0.8804638171893562
SV1_C93676,C93676,0.9257445875101603
SV1_C78000,C78000,0.9453709905723862
SV1_C22293,C22293,0.9516603880993018
SV1_C54024,C54024,0.9716324696346655
SV1_C76814,C76814,0.9177642683862354
SV1_C69604,C69604,0.971928729676957
SV1_C46231,C46231,0.9713867219867921
SV1_C67803,C67803,0.9688541838254898
SV1_C89484,C89484,0.9976007609985654
SV1_C82901,C82901,0.8998001687575203
SV1_C17490,C17490,0.9663510126153602
SV1_C64828,C64828,0.9834356514423147
SV1_C19817,C19817,0.9191716516129854
SV1_C91268,C91268,0.9814481614730883
SV1_C63011,C63011,0.9567975868372878
SV1_C74449,C74449,0.9608182921442238
SV1_C47452,C47452,0.9667165783725826
SV1_C64221,C64221,0.9466735370421973
SV1_C25837,C25837,0.9182218138136169
SV1_C100293,C100293,0.9113666397144792
SV1_C55876,C55876,0.9410214398240169
SV1_C30084,C30084,0.9425315208020725
SV1_C95441,C95441,0.9908061627668701
SV1_C99627,C99627,0.901602338355316
SV1_C70243,C70243,0.9349399229172559
SV1_C21626,C21626,0.8737961959575324
SV1_C01210,C01210,0.9703704345908198
SV1_C28226,C28226,0.9692039367243094
SV1_C13249,C13249,0.9472387983302982
SV1_C19292,C19292,0.904870147218658
SV1_C43225,C43225,0.9895070693780544
SV1_C64235,C64235,0.9309453425270641
SV1_C65432,C65432,0.9859271850097288
SV1_C52308,C52308,0.983864280765974
SV1_C97215,C97215,0.991200060327551
SV1_C72069,C72069,0.9303071197925117
SV1_C50415,C50415,0.9065212945174704
SV1_C16200,C16200,0.8856950662259184
SV1_C79918,C79918,0.8912495440542914
SV1_C90669,C90669,0.9979999078226498
SV1_C49269,C49269,0.9838586017152817
SV1_C92462,C92462,0.9490295855810886
SV1_C83409,C83409,0.9481852202537809
SV1_C33101,C33101,0.970162863347495
SV1_C06676,C06676,0.9178974207577162
SV1_C77405,C77405,0.9292972579899342
SV1_C48100,C48100,0.9504289220386375
SV1_C21635,C21635,0.981427830569317
SV1_C39004,C39004,0.9929090110504141
SV1_C29477,C29477,0.9369824193129932
SV1_C10801,C10801,0.9106373531456845
SV1_C55829,C55829,0.9806784986847453
SV1_C39622,C39622,0.9839522042246371
SV1_C51709,C51709,0.9908012558125381
SV1_C30008,C30008,0.956846766304932
SV1_C10317,C10317,0.9231514784879415
SV1_C68425,C68425,0.9790729572002136
SV1_C58313,C58313,0.9909616625174933
SV1_C56435,C56435,0.9853172514613555
SV1_C51025,C51025,0.9019556853607956
SV1_C34890,C34890,0.9896008139380313
SV1_C84100,C84100,0.9243451943324941
SV1_C09666,C09666,0.8858974561484819
SV1_C88881,C88881,0.9782616089236184
SV1_C11480,C11480,0.9325768276699857
SV1_C60008,C60008,0.9427192943516669
SV1_C54689,C54689,0.9893240941803797
SV1_C79213,C79213,0.9092765195504235
SV1_C75035,C75035,0.9140119666292796
SV1_C35493,C35493,0.9025364755586253
SV1_C80500,C80500,0.8730990436409546
SV1_C68476,C68476,0.9554700986878946
SV1_C56497,C56497,0.8867890150624002
SV1_C21617,C21617,0.9395629865527146
SV1_C07811,C07811,0.9474214090679381
SV1_C79915,C79915,0.8895153298315011
SV1_C75119,C75119,0.9890569130661325
SV1_C48001,C48001,0.9832636404050896
SV1_C87013,C87013,0.915653071722058
SV1_C99637,C99637,0.991599281341151
SV1_C55207,C55207,0.8897588578510504
SV1_C73239,C73239,0.9114800422770519
SV1_C21632,C21632,0.9885862540323553
SV1_C20483,C20483,0.9789783186750979
SV1_C48664,C48664,0.9295238474084226
SV1_C82200,C82200,0.9500301845456932
SV1_C67301,C67301,0.9600359310572215
SV1_C51034,C51034,0.9107619128106723
SV1_C44494,C44494,0.8928875329049927
SV1_C52215,C52215,0.902344900925743
SV1_C51689,C51689,0.9411029130194465
SV1_C16276,C16276,0.9699144043087292
SV1_C13238,C13238,0.891530620753031
SV1_C86507,C86507,0.9625833666223805
SV1_C35499,C35499,0.937018381220569
SV1_C27082,C27082,0.9626558076527156
SV1_C72109,C72109,0.9452931568295398
SV1_C97816,C97816,0.9606102121038624
SV1_C66702,C66702,0.9967676361128267
SV1_C46248,C46248,0.987953234813249
SV1_C12637,C12637,0.9241344240246288
SV1_C43239,C43239,0.9792323062723078
SV1_C45099,C45099,0.9983430184898968
SV1_C75074,C75074,0.9022226372968155
SV1_C77418,C77418,0.9131475922265668
SV1_C53404,C53404,0.8516148640867021
SV1_C43877,C43877,0.9967021308818552
SV1_C83515,C83515,0.9017440481295844
SV1_C82875,C82875,0.941254206798151
SV1_C15640,C15640,0.9370881773321071
SV1_C16838,C16838,0.9872434800744952
SV1_C70826,C70826,0.9815801254654669
SV1_C90106,C90106,0.9324964227202401
SV1_C00696,C00696,0.9131481097875909
SV1_C74437,C74437,0.9527704651020582
SV1_C12102,C12102,0.909821371137234
SV1_C55297,C55297,0.9465573086902329
SV1_C63608,C63608,0.9260079565361724
SV1_C57624,C57624,0.963905868581069
SV1_C51707,C51707,0.9507099344461614
SV1_C34283,C34283,0.8961554196066704
SV1_C67304,C67304,0.9118553639010473
SV1_C06608,C06608,0.950654548145686
SV1_C44444,C44444,0.9445535528482201
SV1_C67291,C67291,0.8980898546619497
SV1_C72647,C72647,0.9729393583344076
SV1_C58273,C58273,0.9935704027823526
SV1_C01217,C01217,0.94244877647567
SV1_C91259,C91259,0.9490158750796578
SV1_C94246,C94246,0.9952111960202751
SV1_C00617,C00617,0.9430359361664084
SV1_C26515,C26515,0.9075668948312551
SV1_C45042,C45042,0.9159934487742892
SV1_C57115,C57115,0.9054187606244831
SV1_C23402,C23402,0.911376548551525
SV1_C09677,C09677,0.9959609007326846
SV1_C16225,C16225,0.926844062209983
SV1_C11488,C11488,0.9831472100787766
SV1_C85913,C85913,0.9063507107080546
SV1_C10832,C10832,0.9624353550630839
SV1_C86411,C86411,0.9034977127647263
SV1_C13917,C13917,0.9586338908038302
SV1_C45635,C45635,0.9610160841831515
SV1_C09086,C09086,0.9257141832372545
SV1_C91845,C91845,0.9880287548622639
SV1_C13821,C13821,0.9728270841828989
SV1_C72661,C72661,0.9802538991490689
SV1_C63078,C63078,0.9468232831769818
SV1_C57703,C57703,0.9157502592199015
SV1_C10294,C10294,0.9972833115336706
SV1_C10802,C10802,0.9387235339879003
SV1_C23503,C23503,0.9992444504341093
SV1_C66713,C66713,0.8909760839091735
SV1_C55822,C55822,0.9689139671200648
SV1_C16829,C16829,0.9273596134066953
SV1_C27716,C27716,0.9207367101493108
SV1_C72717,C72717,0.8998861017715418
SV1_C88286,C88286,0.9198299197056726
SV1_C47488,C47488,0.9028203228019804
SV1_C32489,C32489,0.9695401328692218
SV1_C82223,C82223,0.9582582454712876
SV1_C63641,C63641,0.9015935135952596
SV1_C75687,C75687,0.9484072996264533
SV1_C45644,C45644,0.9458925591984509
SV1_C06004,C06004,0.9719769779480014
SV1_C39008,C39008,0.9923588940617784
SV1_C28280,C28280,0.9923836274529494
SV1_C21644,C21644,0.9994820856037332
SV1_C65439,C65439,0.9329309789199589
SV1_C91229,C91229,0.9576075678609546
SV1_C13909,C13909,0.9893791310174678
SV1_C91868,C91868,0.9455013439547754
SV1_C43227,C43227,0.9280031561597127
SV1_C13816,C13816,0.8797559097578048
SV1_C86440,C86440,0.9250570263489448
SV1_C45060,C45060,0.9829145225296706
SV1_C64802,C64802,0.9255254085294587
SV1_C73294,C73294,0.967032050340304
SV1_C73873,C73873,0.9531836506987155
SV1_C49811,C49811,0.9577956207618766
SV1_C78659,C78659,0.9234508810462925
SV1_C07818,C07818,0.9317508007409325
SV1_C63075,C63075,0.9048715962877586
SV1_C96032,C96032,0.9337601766331077
SV1_C10209,C10209,0.9253615375554463
SV1_C07800,C07800,0.9138730136288583
SV1_C04893,C04893,0.9345603963224667
SV1_C34807,C34807,0.9375770321453809
SV1_C26476,C26476,0.9497037332441739
SV1_C58207,C58207,0.9422403023284153
SV1_C47468,C47468,0.9696516897139289
SV1_C28275,C28275,0.9904948219746945
SV1_C16878,C16878,0.9790661692995889
SV1_C09017,C09017,0.9686120551060665
SV1_C48019,C48019,0.9616854092105173
SV1_C96022,C96022,0.962841215273032
SV1_C20436,C20436,0.8723642937793568
SV1_C49229,C49229,0.971104491279576
SV1_C58272,C58272,0.9788784166279403
SV1_C92503,C92503,0.9259039724249737
SV1_C84099,C84099,0.9376137019521031
SV1_C52891,C52891,0.9308421862167156
SV1_C28801,C28801,0.9273389460764044
SV1_C88314,C88314,0.9455298199107902
SV1_C06012,C06012,0.9831195487755372
SV1_C76845,C76845,0.9489497183122847
SV1_C53441,C53441,0.9443868497998232
SV1_C62446,C62446,0.9096699212824687
SV1_C02421,C02421,0.9918764975964041
SV1_C76266,C76266,0.989977168797908
SV1_C76884,C76884,0.8890353654550257
SV1_C10242,C10242,0.9844017301625975
SV1_C94907,C94907,0.9321280176562413
SV1_C96626,C96626,0.9014289683846519
SV1_C67805,C67805,0.9965411424211192
SV1_C24085,C24085,0.9735534965691295
SV1_C31289,C31289,0.995297012912234
SV1_C64223,C64223,0.9284713728833557
SV1_C30613,C30613,0.9618496899773176
SV1_C20490,C20490,0.9354100985761712
SV1_C71499,C71499,0.9892188537508759
SV1_C51072,C51072,0.9987789826092826
SV1_C21601,C21601,0.8567346433923179
SV1_C87689,C87689,0.9534311162892258
SV1_C12710,C12710,0.9527122173546282
SV1_C11402,C11402,0.9177042311528418
SV1_C69073,C69073,0.9057410404521664
SV1_C27107,C27107,0.9597613129202798
SV1_C65413,C65413,0.9471745208614282
SV1_C29418,C29418,0.9255708744455889
SV1_C29402,C29402,0.9270271118422555
SV1_C69716,C69716,0.9851531402166064
SV1_C91242,C91242,0.8732911445554364
SV1_C61240,C61240,0.9095134162866203
SV1_C99111,C99111,0.8973828595852406
SV1_C68434,C68434,0.9937372641921232
SV1_C45098,C45098,0.9728083004268607
SV1_C54610,C54610,0.8811012677936119
SV1_C89514,C89514,0.9465676550097943
SV1_C21079,C21079,0.9442940438815689
SV1_C67292,C67292,0.9993078435640915
SV1_C77447,C77447,0.9491753308783344
SV1_C61885,C61885,0.9160853633011783
SV1_C96714,C96714,0.9284635242108951
SV1_C69097,C69097,0.9492986761119367
SV1_C52888,C52888,0.9771998508121146
SV1_C94233,C94233,0.9174553927085904
SV1_C81005,C81005,0.9373033499437838
SV1_C77511,C77511,0.9586486981054811
SV1_C52216,C52216,0.9016244084323785
SV1_C37802,C37802,0.983882808629845
SV1_C99084,C99084,0.9541798580659828
SV1_C67212,C67212,0.9596150183961448
SV1_C76281,C76281,0.9062541601813041
SV1_C98420,C98420,0.9739357914115315
SV1_C57700,C57700,0.9178118142296909
SV1_C78051,C78051,0.9563208397681783
SV1_C06601,C06601,0.9459534548488637
SV1_C22820,C22820,0.9504949355424488
SV1_C57000,C57000,0.9966523194688119
SV1_C56499,C56499,0.989228353081521
SV1_C27017,C27017,0.9552275726010189
SV1_C10318,C10318,0.9020515768371326
SV1_C56406,C56406,0.9783198061675774
SV1_C35495,C35495,0.9060557322970109
SV1_C07807,C07807,0.9350551089242183
SV1_C42002,C42002,0.9629560697138205
SV1_C63034,C63034,0.9520887514970234
SV1_C85215,C85215,0.9768613989328384
SV1_C55809,C55809,0.9718945093139021
SV1_C92500,C92500,0.9858369825880834
SV1_C78058,C78058,0.9872548524313735
SV1_C54036,C54036,0.9461251737558876
SV1_C76837,C76837,0.9488858165908676
SV1_C51011,C51011,0.8796579222243087
SV1_C90019,C90019,0.9310031480564808
SV1_C18005,C18005,0.9081195868806671
SV1_C73211,C73211,0.9306309686834977
SV1_C88910,C88910,0.9245843239097244
SV1_C12640,C12640,0.8897922959360689
SV1_C73203,C73203,0.9317623722565036
SV1_C08519,C08519,0.9755855482945931
SV1_C97907,C97907,0.912747554157705
SV1_C57079,C57079,0.9998306706160934
SV1_C28220,C28220,0.9625033675630339
SV1_C21044,C21044,0.9585019272030658
SV1_C67210,C67210,0.9519533259295857
SV1_C25820,C25820,0.9334310742767215
SV1_C61311,C61311,0.8898135396917168
SV1_C61816,C61816,0.921072173740173
SV1_C49914,C49914,0.9743050376220381
SV1_C64819,C64819,0.9298951236798497
SV1_C95404,C95404,0.9884239488015192
SV1_C90637,C90637,0.9769986831020985
SV1_C24041,C24041,0.9465548469145378
SV1_C34905,C34905,0.9573983389752859
SV1_C10276,C10276,0.9775995533475376
SV1_C39600,C39600,0.9873467097439057
SV1_C00111,C00111,0.9081741466379383
SV1_C28811,C28811,0.8926491625823625
SV1_C87650,C87650,0.9301118864767487
SV1_C34897,C34897,0.9571685214502992
SV1_C24034,C24034,0.9329601014583491
SV1_C95492,C95492,0.9201538002231412
SV1_C10306,C10306,0.9233795571007691
SV1_C06600,C06600,0.9440119507613172
SV1_C51101,C51101,0.9970911540397815
SV1_C82315,C82315,0.885488540876246
SV1_C76828,C76828,0.9678568720255223
SV1_C14427,C14427,0.9992313656248989
SV1_C70210,C70210,0.9854168570510587
SV1_C24103,C24103,0.9986144171855
SV1_C68492,C68492,0.9884775651298792
SV1_C92486,C92486,0.9360354559744835
SV1_C75093,C75093,0.9290549248378549
SV1_C91208,C91208,0.915093418645394
SV1_C06001,C06001,0.9725791593715282
SV1_C54019,C54019,0.9446148813048322
SV1_C63090,C63090,0.8923222520640736
SV1_C100295,C100295,0.9618668834007047
SV1_C58885,C58885,0.9760533743072318
SV1_C87060,C87060,0.9153871131634044
SV1_C01874,C01874,0.9419268340075697
SV1_C07878,C07878,0.9483116164644569
SV1_C52291,C52291,0.9327962782381066
SV1_C00077,C00077,0.9130088423441421
SV1_C66646,C66646,0.9539976368632753
SV1_C12648,C12648,0.9754782414261078
SV1_C49917,C49917,0.8638906150636259
SV1_C26484,C26484,0.9390885101512638
SV1_C09101,C09101,0.9586999442135955
SV1_C70304,C70304,0.9882834443277733
SV1_C68500,C68500,0.9149779388355669
SV1_C50421,C50421,0.9121450463533873
SV1_C76888,C76888,0.9175497875054498
SV1_C79272,C79272,0.9618401611441723
SV1_C89482,C89482,0.9186437684967895
SV1_C05506,C05506,0.9112794439079184
SV1_C21703,C21703,0.9952607624446985
SV1_C51005,C51005,0.885070647694944
SV1_C35477,C35477,0.9044589241477811
SV1_C11438,C11438,0.8918666253661736
SV1_C63647,C63647,0.9265412122310497
SV1_C24674,C24674,0.9171332471646109
SV1_C61811,C61811,0.9350746129726522
SV1_C04882,C04882,0.8898783262186207
SV1_C13208,C13208,0.862972287144694
SV1_C00607,C00607,0.9870436162799043
SV1_C04897,C04897,0.9319059766392134
SV1_C67201,C67201,0.9931939355745422
SV1_C25835,C25835,0.9696899642123186
SV1_C12685,C12685,0.9262075537368893
SV1_C66697,C66697,0.9597024351316948
SV1_C72010,C72010,0.9991640137638531
SV1_C07258,C07258,0.9832232201326931
SV1_C46301,C46301,0.9970438922453378
SV1_C08495,C08495,0.9221715155404185
SV1_C62510,C62510,0.9704479972062588
SV1_C69698,C69698,0.9558530406640247
SV1_C19804,C19804,0.9186547875661482
SV1_C03112,C03112,0.9247359191377125
SV1_C99674,C99674,0.9119541765985248
SV1_C99009,C99009,0.9760519991761412
SV1_C71436,C71436,0.9066897983524945
SV1_C43259,C43259,0.999517424310477
SV1_C27008,C27008,0.9292982140971224
SV1_C86486,C86486,0.8998425615954684
SV1_C54081,C54081,0.9483655686189091
SV1_C54713,C54713,0.9313809529983589
SV1_C28879,C28879,0.907015699479543
SV1_C48615,C48615,0.9775378774674506
SV1_C12026,C12026,0.8846880627719869
SV1_C46838,C46838,0.9552323405214025
SV1_C79910,C79910,0.9372646054666153
SV1_C13825,C13825,0.8992811923107686
SV1_C75681,C75681,0.9294266691406584
SV1_C100226,C100226,0.9584532234635996
SV1_C68410,C68410,0.9606234338380583
SV1_C77472,C77472,0.9131292404213264
SV1_C05509,C05509,0.92986862715256
SV1_C34878,C34878,0.9829000956672561
SV1_C12005,C12005,0.9070685269514729
SV1_C07913,C07913,0.9927899692940081
SV1_C78606,C78606,0.9472571112611551
SV1_C02404,C02404,0.9860268728402296
SV1_C59421,C59421,0.9547334168143452
SV1_C32508,C32508,0.971308048790442
SV1_C11481,C11481,0.9466206801920617
SV1_C45061,C45061,0.9911592306365167
SV1_C52289,C52289,0.9532007846798198
SV1_C19806,C19806,0.9408900752395304
SV1_C95405,C95405,0.9836776715258166
SV1_C33004,C33004,0.987647351319124
SV1_C55319,C55319,0.8894796755372586
SV1_C86406,C86406,0.940463937852311
SV1_C22830,C22830,0.9024106308057667
SV1_C62419,C62419,0.9341424634094533
SV1_C12019,C12019,0.9656819225251112
SV1_C49886,C49886,0.9764810645549051
SV1_C55844,C55844,0.9589086170768325
SV1_C84017,C84017,0.9078732075067621
SV1_C28290,C28290,0.9307138922418945
SV1_C61277,C61277,0.9240945466529816
SV1_C18006,C18006,0.919241865040604
SV1_C44415,C44415,0.9870293959993324
SV1_C25915,C25915,0.9309085464481093
SV1_C10224,C10224,0.9799723960197597
SV1_C33002,C33002,0.9391547837561338
SV1_C97802,C97802,0.9640478829520013
SV1_C81010,C81010,0.9102196955097636
SV1_C99710,C99710,0.9797276636147465
SV1_C21080,C21080,0.9539769409066536
SV1_C85316,C85316,0.9395337923378086
SV1_C70241,C70241,0.8951106640772308
SV1_C05502,C05502,0.913643810773057
SV1_C80507,C80507,0.8810964017916324
SV1_C57080,C57080,0.9912191365884495
SV1_C72005,C72005,0.9725724154339593
SV1_C17401,C17401,0.9020895913717196
SV1_C86416,C86416,0.8985612133590664
SV1_C61244,C61244,0.8894318824587452
SV1_C53487,C53487,0.9850322113530633
SV1_C02511,C02511,0.9320012757642712
SV1_C76294,C76294,0.9450084537094445
SV1_C07242,C07242,0.9991802205870183
SV1_C12105,C12105,0.9436718091643262
SV1_C00041,C00041,0.9521580400605021
SV1_C17434,C17434,0.951331138507043
SV1_C27083,C27083,0.9852039482674304
SV1_C09099,C09099,0.8700185241632432
SV1_C66000,C66000,0.9757184696440091
SV1_C90659,C90659,0.9674496378323695
SV1_C66632,C66632,0.9949357535905503
SV1_C08514,C08514,0.9293883176383902
SV1_C71503,C71503,0.9890103486441194
SV1_C18682,C18682,0.9037537941794204
SV1_C37201,C37201,0.999883278254426
SV1_C05496,C05496,0.9490792132991693
SV1_C27694,C27694,0.9906225311706393
SV1_C91906,C91906,0.938533327952162
SV1_C01800,C01800,0.9884510026656527
SV1_C21074,C21074,0.9228492548726811
SV1_C59472,C59472,0.9650046129341836
SV1_C88226,C88226,0.9659252942286374
SV1_C61291,C61291,0.8874817385163101
SV1_C81113,C81113,0.92007857091485
SV1_C57030,C57030,0.9863909877605314
SV1_C12653,C12653,0.9668078018235162
SV1_C47455,C47455,0.9637342686418263
SV1_C15008,C15008,0.8946958582940169
SV1_C00107,C00107,0.9129623270082515
SV1_C87605,C87605,0.909812368849201
SV1_C09664,C09664,0.9185739082695183
SV1_C58312,C58312,0.9993648750973801
SV1_C01303,C01303,0.9128757007273942
SV1_C22846,C22846,0.9371410950099764
SV1_C34293,C34293,0.9845625200523879
SV1_C33011,C33011,0.9244737656366161
SV1_C48653,C48653,0.9151187897206556
SV1_C10896,C10896,0.962723907963222
SV1_C43858,C43858,0.964957055595437
SV1_C07202,C07202,0.9724113915211782
SV1_C12715,C12715,0.9510360194767457
SV1_C01809,C01809,0.9976258743210259
SV1_C25897,C25897,0.9864690453429512
SV1_C25829,C25829,0.944966932935625
SV1_C95503,C95503,0.9335144913620577
SV1_C20488,C20488,0.9890626432297426
SV1_C21047,C21047,0.9164372938838428
SV1_C65434,C65434,0.9131583114932798
SV1_C18603,C18603,0.9656049067119703
SV1_C87100,C87100,0.9428477230388623
SV1_C32498,C32498,0.9313923557052124
SV1_C84012,C84012,0.9382577480644325
SV1_C76233,C76233,0.9370985551425608
SV1_C04828,C04828,0.9081550534085127
SV1_C72697,C72697,0.9775995538848142
SV1_C25309,C25309,0.9610170251413451
SV1_C85894,C85894,0.9240134089997083
SV1_C87042,C87042,0.902864755675887
SV1_C48009,C48009,0.9829745592907554
SV1_C99621,C99621,0.996983254142611
SV1_C90602,C90602,0.9359742147925226
SV1_C90078,C90078,0.9147320107824184
SV1_C46319,C46319,0.888358701293923
SV1_C87075,C87075,0.938804266772939
SV1_C01207,C01207,0.9880636308003629
SV1_C01288,C01288,0.9145199870507915
SV1_C43808,C43808,0.9880892712203667
SV1_C47476,C47476,0.9645546013805556
SV1_C75082,C75082,0.9022023174968258
SV1_C46261,C46261,0.9890946261458525
SV1_C70229,C70229,0.9139577654688615
SV1_C09690,C09690,0.9351111468259968
SV1_C28295,C28295,0.9448477853330037
SV1_C79906,C79906,0.9586230164144256
SV1_C86402,C86402,0.9406727638901553
SV1_C15037,C15037,0.9287421404626306
SV1_C79820,C79820,0.9845238563514597
SV1_C75698,C75698,0.9669208972174717
SV1_C93048,C93048,0.9242629380781715
SV1_C87025,C87025,0.993941469013278
SV1_C11519,C11519,0.9359077502497121
SV1_C12683,C12683,0.9750741127579495
SV1_C58827,C58827,0.9609100789218754
SV1_C97207,C97207,0.9987791585799954
SV1_C12699,C12699,0.9876921616035144
SV1_C49830,C49830,0.9329735303589825
SV1_C24718,C24718,0.9666162010519276
SV1_C31273,C31273,0.9715010975556615
SV1_C91313,C91313,0.9640508390204068
SV1_C50443,C50443,0.9262228393661999
SV1_C51640,C51640,0.9059945998514759
SV1_C55212,C55212,0.9206362308077127
SV1_C06017,C06017,0.9706594357850452
SV1_C27023,C27023,0.9095969610231959
SV1_C01221,C01221,0.9948498123398606
SV1_C64296,C64296,0.9814256646762227
SV1_C07235,C07235,0.8862384963109117
SV1_C42607,C42607,0.9733754282131255
SV1_C04230,C04230,0.9025332178675931
SV1_C74501,C74501,0.9936448786689258
SV1_C96600,C96600,0.9947897070609142
SV1_C92406,C92406,0.9747201173799593
SV1_C89472,C89472,0.9811844321158535
SV1_C52829,C52829,0.9455865524475253
SV1_C30713,C30713,0.9063379394896843
SV1_C78028,C78028,0.9760726608813931
SV1_C36623,C36623,0.9020383449227503
SV1_C48681,C48681,0.9569329014812605
SV1_C33680,C33680,0.9686256342898018
SV1_C73819,C73819,0.9746989788222277
SV1_C49200,C49200,0.9906714243885649
SV1_C33719,C33719,0.9309852722214291
SV1_C64827,C64827,0.958068000465708
SV1_C50430,C50430,0.9119950378884693
SV1_C47492,C47492,0.9695853614697222
SV1_C09116,C09116,0.9237317998349344
SV1_C99646,C99646,0.9110265641240763
SV1_C90087,C90087,0.968817863544129
SV1_C12104,C12104,0.9377860190691242
SV1_C60012,C60012,0.947170455129305
SV1_C26400,C26400,0.9075251586870658
SV1_C86415,C86415,0.8934947837868462
SV1_C76919,C76919,0.9321287263003638
SV1_C06043,C06043,0.9834426136955661
SV1_C76871,C76871,0.9544231194745653
SV1_C69094,C69094,0.8948108195168646
SV1_C16227,C16227,0.9966431682287868
SV1_C62493,C62493,0.8916470581342125
SV1_C24072,C24072,0.9960623391397554
SV1_C59425,C59425,0.9624347838630055
SV1_C37805,C37805,0.9996824082714169
SV1_C58817,C58817,0.9618773400241529
SV1_C53415,C53415,0.8966116996618909
SV1_C98477,C98477,0.8984889266699512
SV1_C10281,C10281,0.9898566104458765
SV1_C46820,C46820,0.9510843191794569
SV1_C57608,C57608,0.952302803214067
SV1_C49292,C49292,0.9899178168215721
SV1_C30110,C30110,0.9161911217379005
SV1_C97901,C97901,0.9499830812925631
SV1_C94206,C94206,0.9413876570547872
SV1_C60685,C60685,0.9463112919278608
SV1_C90610,C90610,0.9529591326443201
SV1_C09088,C09088,0.9748146913136916
SV1_C49818,C49818,0.9381461884863087
SV1_C50480,C50480,0.9987409150077676
SV1_C54109,C54109,0.9825009818356363
SV1_C52814,C52814,0.9105439434294855
SV1_C12713,C12713,0.9590729842387229
SV1_C07859,C07859,0.9000989154774227
SV1_C13203,C13203,0.9747394298495906
SV1_C72605,C72605,0.9713517894897078
SV1_C43232,C43232,0.9856836775948282
SV1_C31293,C31293,0.9556027117977698
SV1_C12082,C12082,0.9328449268323986
SV1_C67227,C67227,0.9508231849589714
SV1_C24040,C24040,0.9551525903378142
SV1_C07905,C07905,0.9436349516163965
SV1_C93675,C93675,0.9225213284529727
SV1_C20404,C20404,0.9064030273425767
SV1_C54110,C54110,0.9546614558462958
SV1_C60618,C60618,0.9753832716732974
SV1_C10864,C10864,0.9080915768547999
SV1_C13289,C13289,0.9141293699193574
SV1_C21715,C21715,0.9440511530639726
SV1_C50441,C50441,0.9108936343101207
SV1_C43286,C43286,0.9501686106826305
SV1_C82910,C82910,0.910209952484519
SV1_C84706,C84706,0.9484308059889491
SV1_C49909,C49909,0.9692013601638201
SV1_C46300,C46300,0.9912205725011611
SV1_C85222,C85222,0.9284009209213286
SV1_C100280,C100280,0.9220340216287094
SV1_C59485,C59485,0.9693501142245976
SV1_C11453,C11453,0.9220693598447655
SV1_C99002,C99002,0.9460719498886901
SV1_C96609,C96609,0.9899399644308549
SV1_C89474,C89474,0.9084173308010387
SV1_C46906,C46906,0.9677513561285096
SV1_C73302,C73302,0.9483840191496439
SV1_C69647,C69647,0.9097439443833578
SV1_C28814,C28814,0.938838562433963
SV1_C47487,C47487,0.9448633290073378
SV1_C26478,C26478,0.9745606985123292
SV1_C96678,C96678,0.9824857608076338
SV1_C18007,C18007,0.954329387727923
SV1_C53502,C53502,0.9664730282444557
SV1_C10853,C10853,0.9399597801846257
SV1_C21072,C21072,0.9586007414020074
SV1_C86407,C86407,0.9048243788275229
SV1_C62481,C62481,0.961274009516312
SV1_C99626,C99626,0.9663981009146636
SV1_C76834,C76834,0.9280161076923708
SV1_C33001,C33001,0.9793224672128902
SV1_C96097,C96097,0.972522358985929
SV1_C35518,C35518,0.9437396503872867
SV1_C56482,C56482,0.9578026568707952
SV1_C49212,C49212,0.9808439157774046
SV1_C46801,C46801,0.9600603554642375
SV1_C61272,C61272,0.9045947047403043
SV1_C88254,C88254,0.9280412975197668
SV1_C01301,C01301,0.9566341880002487
SV1_C75056,C75056,0.9871680143965437
SV1_C52224,C52224,0.9292946570609951
SV1_C02499,C02499,0.9130772138941805
SV1_C34881,C34881,0.9310163154028601
SV1_C24712,C24712,0.9129774336172354
SV1_C33022,C33022,0.9412468829596412
SV1_C21629,C21629,0.9672020342384811
SV1_C26437,C26437,0.9241216903347604
SV1_C98447,C98447,0.9864797762467398
SV1_C72115,C72115,0.9306613423965582
SV1_C66013,C66013,0.9554833067979457
SV1_C48612,C48612,0.9895243581509269
SV1_C88915,C88915,0.9224993548619944
SV1_C97312,C97312,0.9299706820465562
SV1_C18088,C18088,0.958141863686275
SV1_C40221,C40221,0.9927352970930842
SV1_C86459,C86459,0.9987023961137966
SV1_C44427,C44427,0.9440858317440988
SV1_C12089,C12089,0.9717267344238417
SV1_C57045,C57045,0.9950995704233472
SV1_C95447,C95447,0.9282621538068787
SV1_C84021,C84021,0.9441747082864255
SV1_C05408,C05408,0.9868873930956016
SV1_C46900,C46900,0.9844938650158439
SV1_C77416,C77416,0.9417014212043497
SV1_C72117,C72117,0.9003621584472041
SV1_C77454,C77454,0.9427284466783546
SV1_C19282,C19282,0.9337959974439859
SV1_C92461,C92461,0.9792059798044019
SV1_C88895,C88895,0.9890357479767312
SV1_C03092,C03092,0.9948489000550735
SV1_C79899,C79899,0.8874056876612667
SV1_C67808,C67808,0.9855173251011606
SV1_C46891,C46891,0.9198625029610225
SV1_C39617,C39617,0.9533653200543227
SV1_C49312,C49312,0.9297841825544892
SV1_C54680,C54680,0.9270950072300171
SV1_C76306,C76306,0.9637985142627945
SV1_C48609,C48609,0.9944627224517582
SV1_C63086,C63086,0.9214555645009312
SV1_C79823,C79823,0.9615699797084781
SV1_C09699,C09699,0.8673962947236238
SV1_C58210,C58210,0.9939233159963607
SV1_C10918,C10918,0.9156242886616994
SV1_C52809,C52809,0.881483162230418
SV1_C13801,C13801,0.8716739223494839
SV1_C24691,C24691,0.9971094004529657
SV1_C45117,C45117,0.9878797663501718
SV1_C55295,C55295,0.9163577615835987
SV1_C88235,C88235,0.9926041255069877
SV1_C53491,C53491,0.9275576624002176
SV1_C28244,C28244,0.9545796785575114
SV1_C87679,C87679,0.947951466218851
SV1_C53437,C53437,0.9332943547753444
SV1_C07865,C07865,0.8977224407585668
SV1_C81718,C81718,0.8862292681524734
SV1_C85902,C85902,0.9590869748128952
SV1_C96112,C96112,0.9352231601446758
SV1_C93107,C93107,0.8664797045716351
SV1_C85298,C85298,0.9677965114328305
SV1_C93685,C93685,0.9409494784891667
SV1_C27696,C27696,0.9492535525171076
SV1_C04318,C04318,0.919074192812051
SV1_C44446,C44446,0.9954144096299936
SV1_C20495,C20495,0.9113682382138335
SV1_C57717,C57717,0.9171264937013204
SV1_C79880,C79880,0.9801913517098237
SV1_C78036,C78036,0.9470620381505722
SV1_C45624,C45624,0.9917645708507936
SV1_C25817,C25817,0.9925231433275933
SV1_C72657,C72657,0.9688430859560291
SV1_C92453,C92453,0.935282833652987
SV1_C55228,C55228,0.9909696612463053
SV1_C62416,C62416,0.9261573421100114
SV1_C46220,C46220,0.9429346768933252
SV1_C30705,C30705,0.9909220363647575
SV1_C71427,C71427,0.9129991186383348
SV1_C48040,C48040,0.8860053006786974
SV1_C29493,C29493,0.9178801310640529
SV1_C87071,C87071,0.8763802784180117
SV1_C92485,C92485,0.9815483011914858
SV1_C03076,C03076,0.9848584005433487
SV1_C90676,C90676,0.9831093292352542
SV1_C78046,C78046,0.9193558717141155
SV1_C45002,C45002,0.956646832893129
SV1_C56424,C56424,0.9294036709120481
SV1_C18001,C18001,0.9051771742797651
SV1_C85315,C85315,0.9423706679584645
SV1_C96091,C96091,0.8944799256940027
SV1_C61889,C61889,0.9766679516123898
SV1_C14445,C14445,0.9458560115316986
SV1_C34805,C34805,0.951690708534404
SV1_C43847,C43847,0.9305477301059403
SV1_C05472,C05472,0.9478989794215844
SV1_C93045,C93045,0.9902046573255041
SV1_C04904,C04904,0.9400522986617268
SV1_C49311,C49311,0.9394229929630604
SV1_C22285,C22285,0.9558344406739298
SV1_C75012,C75012,0.9346174588605584
SV1_C97296,C97296,0.930590910596832
SV1_C73824,C73824,0.9467992614044428
SV1_C10271,C10271,0.9157175169020507
SV1_C12076,C12076,0.8829395319682595
SV1_C86513,C86513,0.9859455720849778
SV1_C85278,C85278,0.9479990626654972
SV1_C82311,C82311,0.9071770410685329
SV1_C83481,C83481,0.9028040464920827
SV1_C13225,C13225,0.9391331223148572
SV1_C28316,C28316,0.9396455496741536
SV1_C64908,C64908,0.8775393793481068
SV1_C34311,C34311,0.9189592656470199
SV1_C33700,C33700,0.9477773029935781
SV1_C71492,C71492,0.9849761565185168
SV1_C61306,C61306,0.9940786355608444
SV1_C30718,C30718,0.9981229795594866
SV1_C13283,C13283,0.9913049904837101
SV1_C94910,C94910,0.9855974311481295
SV1_C97829,C97829,0.8865439898837415
SV1_C97291,C97291,0.9197091320083993
SV1_C52281,C52281,0.9835122153119247
SV1_C35414,C35414,0.9082470168727782
SV1_C93691,C93691,0.8976966199770359
SV1_C00079,C00079,0.9296771088570419
SV1_C22221,C22221,0.9780530813472788
SV1_C01230,C01230,0.9267595439770135
SV1_C26412,C26412,0.9693102464783708
SV1_C02405,C02405,0.9934091672632602
SV1_C84716,C84716,0.907015044781576
SV1_C81700,C81700,0.8921621637309857
SV1_C30687,C30687,0.9669570292643738
SV1_C34312,C34312,0.9234685648884569
SV1_C16890,C16890,0.9484484849393453
SV1_C24026,C24026,0.9366921923206991
SV1_C87117,C87117,0.9294043408381726
SV1_C73277,C73277,0.9546486089696686
SV1_C12611,C12611,0.9456006845212483
SV1_C93607,C93607,0.9762025905504893
SV1_C100221,C100221,0.9913164160652155
SV1_C22203,C22203,0.9809539103950555
SV1_C35511,C35511,0.9244128416469267
SV1_C43220,C43220,0.9114007569220144
SV1_C72719,C72719,0.9995926213662805
SV1_C07831,C07831,0.9071167576678398
SV1_C03088,C03088,0.9083750545926176
SV1_C24678,C24678,0.9229315579334433
SV1_C70206,C70206,0.9861336737894527
SV1_C81020,C81020,0.9835452427279913
SV1_C81706,C81706,0.9521361723237974
SV1_C32419,C32419,0.9465270482834289
SV1_C76872,C76872,0.8811039464860695
SV1_C10908,C10908,0.9504709869160074
SV1_C21022,C21022,0.9591964834523471
SV1_C45647,C45647,0.9332505905824457
SV1_C46201,C46201,0.9722414459867208
SV1_C65426,C65426,0.9163666472823114
SV1_C30678,C30678,0.9995474225635863
SV1_C15622,C15622,0.9631543896080099
SV1_C24690,C24690,0.9011778554167312
SV1_C31888,C31888,0.9743186402771791
SV1_C01912,C01912,0.9182483909245964
SV1_C66689,C66689,0.8873313118962075
SV1_C59441,C59441,0.9566995967796352
SV1_C02406,C02406,0.9645247827502553
SV1_C94886,C94886,0.9766113231625595
SV1_C35519,C35519,0.9001320481958781
SV1_C66691,C66691,0.9029977852780728
SV1_C45113,C45113,0.9504448357965447
SV1_C90680,C90680,0.9892015485170447
SV1_C44492,C44492,0.8940720811724511
SV1_C03108,C03108,0.9034142185444676
SV1_C48685,C48685,0.9407992823868919
SV1_C49817,C49817,0.9166987972242631
SV1_C13919,C13919,0.8826489479990305
SV1_C64907,C64907,0.9375271827401902
SV1_C48025,C48025,0.9536137134917996
SV1_C24017,C24017,0.9751975725939854
SV1_C01827,C01827,0.9749747526048295
SV1_C99687,C99687,0.937204424078365
SV1_C86514,C86514,0.937283755260037
SV1_C84004,C84004,0.948410366367386
SV1_C49265,C49265,0.9397678108589157
SV1_C52230,C52230,0.9088476389862953
SV1_C45112,C45112,0.9443561429497802
SV1_C97819,C97819,0.9628131253272547
SV1_C96700,C96700,0.9384742835990889
SV1_C79293,C79293,0.9812611764351798
SV1_C85303,C85303,0.9991850967300185
SV1_C04296,C04296,0.947947906733097
SV1_C15611,C15611,0.9113524585701067
SV1_C55835,C55835,0.999091367537052
SV1_C32477,C32477,0.985201682364304
SV1_C96697,C96697,0.9702119729502932
SV1_C11418,C11418,0.9307827981477328
SV1_C89422,C89422,0.9201947636066584
SV1_C91213,C91213,0.9625772867275988
SV1_C31914,C31914,0.9186902183355307
SV1_C90018,C90018,0.9883225343060302
SV1_C67802,C67802,0.9587950450198455
SV1_C25313,C25313,0.9239941207216498
SV1_C14400,C14400,0.8891704379361403
SV1_C78018,C78018,0.9075548939443823
SV1_C87061,C87061,0.8987162454786153
SV1_C54007,C54007,0.8630993955717355
SV1_C27104,C27104,0.9849920651810111
SV1_C43908,C43908,0.9850258093103571
SV1_C26494,C26494,0.9276216985863919
SV1_C20401,C20401,0.9099956971203137
SV1_C55299,C55299,0.9874904434465838
SV1_C94304,C94304,0.9410129366598257
SV1_C06104,C06104,0.9591542345734961
SV1_C48112,C48112,0.9237406023269472
SV1_C90709,C90709,0.9620694963791399
SV1_C43903,C43903,0.999847220185616
SV1_C14429,C14429,0.9097405085074343
SV1_C06708,C06708,0.9307225719564209
SV1_C13882,C13882,0.9342118575552194
SV1_C03611,C03611,0.9842077365075118
SV1_C46810,C46810,0.9459704068599276
SV1_C25822,C25822,0.9700869133943473
SV1_C07849,C07849,0.9496044959612419
SV1_C12700,C12700,0.9657253946018689
SV1_C49902,C49902,0.9810265852808492
SV1_C55803,C55803,0.9002045776009224
SV1_C12030,C12030,0.8839579147819225
SV1_C05474,C05474,0.8735533420731747
SV1_C64230,C64230,0.9068998062321626
SV1_C92493,C92493,0.9879962667008602
SV1_C19289,C19289,0.9816983604498963
SV1_C33072,C33072,0.9945524573546927
SV1_C56420,C56420,0.9935713695757289
SV1_C88916,C88916,0.9396538228576565
SV1_C15643,C15643,0.9749373865681884
SV1_C01284,C01284,0.9244912025872621
SV1_C61904,C61904,0.9154530480486912
SV1_C07220,C07220,0.9525861209921036
SV1_C72116,C72116,0.9104047410034283
SV1_C99688,C99688,0.9401496369764117
SV1_C76830,C76830,0.9301074425573845
SV1_C93114,C93114,0.9287366682504611
SV1_C92439,C92439,0.9085600078781872
SV1_C76819,C76819,0.9448524454144622
SV1_C69607,C69607,0.9991281065532723
SV1_C23425,C23425,0.9524423777166034
SV1_C90012,C90012,0.9297940065859384
SV1_C46283,C46283,0.9865399181635878
SV1_C96605,C96605,0.990431691144084
SV1_C11489,C11489,0.9954095625875339
SV1_C52843,C52843,0.9174982070631201
SV1_C92427,C92427,0.9003073598459249
SV1_C15627,C15627,0.9991833342115497
SV1_C08476,C08476,0.9889018056710692
SV1_C32405,C32405,0.9755395464946596
SV1_C81695,C81695,0.9905494267478544
SV1_C43241,C43241,0.9252137703948571
SV1_C21704,C21704,0.9130456161560896
SV1_C75613,C75613,0.9330457775761449
SV1_C25273,C25273,0.9798600199677645
SV1_C22807,C22807,0.9861240376302643
SV1_C88252,C88252,0.9047864598036406
SV1_C00084,C00084,0.8972499798871852
SV1_C12118,C12118,0.9589347872931963
SV1_C13880,C13880,0.9981198025374327
SV1_C29484,C29484,0.9429365175497983
SV1_C80485,C80485,0.9822508678109529
SV1_C69100,C69100,0.9421580351138964
SV1_C17492,C17492,0.9528174094598519
SV1_C01278,C01278,0.9446449047612265
SV1_C91802,C91802,0.9474406585212567
SV1_C63005,C63005,0.916397922874138
SV1_C00708,C00708,0.8837075975784332
SV1_C00712,C00712,0.9165223664961741
SV1_C72659,C72659,0.9293574168095649
SV1_C77424,C77424,0.9911352525450654
SV1_C97317,C97317,0.9918996536051284
SV1_C45652,C45652,0.9912874746306726
SV1_C78680,C78680,0.9717265779908938
SV1_C11417,C11417,0.9927500906668806
SV1_C48671,C48671,0.96270517040452
SV1_C88857,C88857,0.8920836294518095
SV1_C57692,C57692,0.9238148642706003
SV1_C88268,C88268,0.9886921143035657
SV1_C04907,C04907,0.9363126379318871
SV1_C49230,C49230,0.917993115792782
SV1_C99719,C99719,0.8846975428386519
SV1_C57101,C57101,0.8835367575988606
SV1_C74511,C74511,0.9386761554654877
SV1_C55286,C55286,0.9760209493759548
SV1_C46825,C46825,0.9913261265118227
SV1_C92430,C92430,0.9740166182221612
SV1_C78697,C78697,0.9494464328435911
SV1_C99008,C99008,0.9795118910880126
SV1_C07841,C07841,0.9530483351728595
SV1_C86476,C86476,0.9625488960124099
SV1_C77450,C77450,0.9423907418525466
SV1_C26480,C26480,0.9511749253834774
SV1_C92514,C92514,0.9152371956433432
SV1_C81605,C81605,0.9412120362634666
SV1_C73235,C73235,0.9051608307253539
SV1_C01286,C01286,0.9377563500555756
SV1_C97806,C97806,0.9643246733652358
SV1_C25239,C25239,0.9931927165160739
SV1_C18013,C18013,0.9208636867824403
SV1_C05414,C05414,0.9715525441213083
SV1_C22911,C22911,0.992098586435845
SV1_C60082,C60082,0.9602938945836713
SV1_C22875,C22875,0.9030900287330241
SV1_C36603,C36603,0.9228902656133969
SV1_C75014,C75014,0.9732189214968892
SV1_C31305,C31305,0.9907678530361883
SV1_C09646,C09646,0.917739507677051
SV1_C92400,C92400,0.988109842358486
SV1_C29419,C29419,0.9588544393528178
SV1_C15024,C15024,0.9389142377679986
SV1_C18602,C18602,0.917605738519002
SV1_C18078,C18078,0.9235760042936851
SV1_C78103,C78103,0.9754854174083876
SV1_C91860,C91860,0.9614157753259938
SV1_C68445,C68445,0.9085430765154661
SV1_C54091,C54091,0.9168777420768519
SV1_C49286,C49286,0.9861251857820985
SV1_C32481,C32481,0.9841480180392409
SV1_C85807,C85807,0.9490262873883344
SV1_C05445,C05445,0.9685218704586595
SV1_C05513,C05513,0.924403634686123
SV1_C55830,C55830,0.9417836182621117
SV1_C36010,C36010,0.9823083965197955
SV1_C96693,C96693,0.9225692894832164
SV1_C22201,C22201,0.8661284486255901
SV1_C49907,C49907,0.9346079427238866
SV1_C46280,C46280,0.9886748255064235
SV1_C96681,C96681,0.9414094272580069
SV1_C12007,C12007,0.8981140752370939
SV1_C43818,C43818,0.9612167809836257
SV1_C89431,C89431,0.9835876983201167
SV1_C51028,C51028,0.8995855804846322
SV1_C00692,C00692,0.9994602963490555
SV1_C45006,C45006,0.9598393577645602
SV1_C58834,C58834,0.9295196920431179
SV1_C13851,C13851,0.9499293536040534
SV1_C09076,C09076,0.9870564786692138
SV1_C19294,C19294,0.9790292970071799
SV1_C78637,C78637,0.9120798908902548
SV1_C75043,C75043,0.8767662891644719
SV1_C33106,C33106,0.9571368709726591
SV1_C05492,C05492,0.9582855956915738
SV1_C94908,C94908,0.9254103223150442
SV1_C73830,C73830,0.9157918214477802
SV1_C48600,C48600,0.9998430936161824
SV1_C27116,C27116,0.9642435848274915
SV1_C60639,C60639,0.9741148519439778
SV1_C45080,C45080,0.9922426982039405
SV1_C44423,C44423,0.9138261760975657
SV1_C45022,C45022,0.9683206988922634
SV1_C72652,C72652,0.9759892046328037
SV1_C30002,C30002,0.9250821971161722
SV1_C73837,C73837,0.951954864424265
SV1_C88207,C88207,0.8977849596757738
SV1_C97299,C97299,0.9242104045238769
SV1_C09656,C09656,0.9481881353075424
SV1_C59481,C59481,0.9876019883392974
SV1_C04886,C04886,0.9293955147819392
SV1_C50404,C50404,0.8649925661554897
SV1_C47411,C47411,0.9842467761973832
SV1_C25215,C25215,0.9951263502379081
SV1_C08470,C08470,0.9101878878183809
SV1_C74470,C74470,0.8944177342383139
SV1_C66609,C66609,0.9846148237828072
SV1_C23443,C23443,0.9716409593894137
SV1_C27626,C27626,0.9537421257300845
SV1_C65411,C65411,0.9275902794324373
SV1_C26414,C26414,0.9371346297644391
SV1_C45026,C45026,0.963701179119775
SV1_C63707,C63707,0.9906385292263885
SV1_C27638,C27638,0.9503036056164553
SV1_C49819,C49819,0.9925351589247784
SV1_C49259,C49259,0.9095709568038797
SV1_C99617,C99617,0.957469114293046
SV1_C53478,C53478,0.9505523237402234
SV1_C84694,C84694,0.9612101016078685
SV1_C66683,C66683,0.9981614769314879
SV1_C43857,C43857,0.9975665274559802
SV1_C02415,C02415,0.9994978782623299
SV1_C31876,C31876,0.9949733028203533
SV1_C76907,C76907,0.9394570309520791
SV1_C72083,C72083,0.9978283795583561
SV1_C04278,C04278,0.8972641613859011
SV1_C53489,C53489,0.9726370678202225
SV1_C15678,C15678,0.9949832969143566
SV1_C81673,C81673,0.9149405899622951
SV1_C94305,C94305,0.9710568707838201
SV1_C55832,C55832,0.9711074575104793
SV1_C60624,C60624,0.938594227403934
SV1_C84621,C84621,0.9548589710852277
SV1_C18629,C18629,0.984206845488401
SV1_C20423,C20423,0.9164499589436833
SV1_C80486,C80486,0.8983103777865303
SV1_C90073,C90073,0.9731748842246731
SV1_C61279,C61279,0.996311908604814
SV1_C93678,C93678,0.9997490928320301
SV1_C09090,C09090,0.9429727209270649
SV1_C49237,C49237,0.9855679128202641
SV1_C54046,C54046,0.9590036784887394
SV1_C74492,C74492,0.9347908207295955
SV1_C18000,C18000,0.9100155707642802
SV1_C71474,C71474,0.9361393453176745
SV1_C22889,C22889,0.8826205684874577
SV1_C90015,C90015,0.9129183475700833
SV1_C41409,C41409,0.9695601529346826
SV1_C55906,C55906,0.9406675871267091
SV1_C88249,C88249,0.8838581470659098
SV1_C75706,C75706,0.9654316932480194
SV1_C08466,C08466,0.8704527897482062
SV1_C55821,C55821,0.9966526051632145
SV1_C12656,C12656,0.9887407056212946
SV1_C72672,C72672,0.9460047643126255
SV1_C67237,C67237,0.9562821762597633
SV1_C48620,C48620,0.9496256250874281
SV1_C65475,C65475,0.9990681110322687
SV1_C97283,C97283,0.984032248541392
SV1_C28873,C28873,0.9316726969183785
SV1_C11436,C11436,0.9176457216808156
SV1_C35479,C35479,0.9023973733975087
SV1_C76804,C76804,0.8892285595607151
SV1_C90029,C90029,0.9931508931368598
SV1_C63699,C63699,0.9907559939061752
SV1_C46850,C46850,0.9552512657900841
SV1_C26416,C26416,0.9944261730431286
SV1_C85275,C85275,0.9509176368886536
SV1_C19839,C19839,0.987083754191808
SV1_C43829,C43829,0.994098385641993
SV1_C41421,C41421,0.9620813282395958
SV1_C73205,C73205,0.9690458671194393
SV1_C25281,C25281,0.9846959544457526
SV1_C19274,C19274,0.9190612941356713
SV1_C16826,C16826,0.9379744988524271
SV1_C00680,C00680,0.9391817008213581
SV1_C62436,C62436,0.9479828290501515
SV1_C16847,C16847,0.9092793819262993
SV1_C59416,C59416,0.9349451442093816
SV1_C97307,C97307,0.9230222151954075
SV1_C69718,C69718,0.9212591062220287
SV1_C07261,C07261,0.9305156897548534
SV1_C27044,C27044,0.9935523568967871
SV1_C62417,C62417,0.9215066171391958
SV1_C72632,C72632,0.9462704513640369
SV1_C72039,C72039,0.906849126185278
SV1_C43812,C43812,0.9938058989553601
SV1_C98439,C98439,0.9756049372293546
SV1_C92469,C92469,0.9306934749844913
SV1_C87610,C87610,0.9356152491012866
SV1_C99689,C99689,0.9612731537953474
SV1_C01812,C01812,0.9815121048834038
SV1_C04822,C04822,0.9448977230919156
SV1_C94807,C94807,0.9853841530648711
SV1_C66605,C66605,0.9874315995670837
SV1_C21711,C21711,0.9876807053786141
SV1_C17438,C17438,0.9764360574429909
SV1_C87648,C87648,0.9019843570736688
SV1_C27080,C27080,0.9412776118781427
SV1_C01290,C01290,0.9753561312930243
SV1_C85893,C85893,0.891402651608517
SV1_C85214,C85214,0.9172213960309358
SV1_C34297,C34297,0.9682829540251433
SV1_C54026,C54026,0.933138914388655
SV1_C76243,C76243,0.852339127518557
SV1_C10826,C10826,0.9315718262553511
SV1_C67876,C67876,0.9794244701759592
SV1_C94809,C94809,0.9786936260839446
SV1_C44479,C44479,0.9979817591827493
SV1_C58804,C58804,0.9454030852183148
SV1_C50495,C50495,0.9041358336030523
SV1_C11445,C11445,0.9905046742774639
SV1_C43882,C43882,0.9627568608239412
SV1_C03622,C03622,0.9399373374800067
SV1_C60019,C60019,0.9366984991313155
SV1_C79277,C79277,0.9489825735753681
SV1_C13910,C13910,0.9609197128197188
SV1_C05476,C05476,0.9472045691709062
SV1_C03097,C03097,0.9417806101753003
SV1_C99116,C99116,0.927422473048658
SV1_C75077,C75077,0.945717970716827
SV1_C76309,C76309,0.9775561999297756
SV1_C75683,C75683,0.9654944789264328
SV1_C88851,C88851,0.9953290074873937
SV1_C00046,C00046,0.9241928876956391
SV1_C19801,C19801,0.9118967840140283
SV1_C17410,C17410,0.9344653943029749
SV1_C43268,C43268,0.9503914503350217
SV1_C89466,C89466,0.8906049094927738
SV1_C60025,C60025,0.9560346790638607
SV1_C65487,C65487,0.9771450342891952
SV1_C25830,C25830,0.9909680965951874
SV1_C90046,C90046,0.9715423108868806
SV1_C64238,C64238,0.894185675148425
SV1_C91234,C91234,0.9301578677076818
SV1_C26441,C26441,0.9234303311522719
SV1_C82888,C82888,0.8901716593945468
SV1_C73280,C73280,0.9428047953019858
SV1_C27099,C27099,0.9610243585794934
SV1_C12038,C12038,0.8867385542323004
SV1_C91233,C91233,0.958868111990436
SV1_C30679,C30679,0.900048764292307
SV1_C08416,C08416,0.9703794916790058
SV1_C61906,C61906,0.9975024830674396
SV1_C06021,C06021,0.9955593446586606
SV1_C75693,C75693,0.9205886998560043
SV1_C90074,C90074,0.9149081931557922
SV1_C78696,C78696,0.947109722787798
SV1_C06046,C06046,0.9851724401271348
SV1_C10800,C10800,0.9155264530031894
SV1_C30601,C30601,0.9512458408501704
SV1_C77402,C77402,0.9157792929733055
SV1_C47489,C47489,0.9097594015601925
SV1_C58204,C58204,0.9474688619554156
SV1_C60626,C60626,0.8928192100087122
SV1_C57675,C57675,0.9792079362772835
SV1_C76917,C76917,0.9586767606461316
SV1_C65442,C65442,0.9516579296921067
SV1_C81690,C81690,0.8632222473395087
SV1_C58914,C58914,0.9240785976321221
SV1_C07803,C07803,0.9284332940767481
SV1_C22202,C22202,0.9083925870577709
SV1_C93688,C93688,0.9003339516533806
SV1_C61913,C61913,0.9592184826408868
SV1_C87072,C87072,0.9658242180209332
SV1_C14478,C14478,0.9966587709224353
SV1_C70233,C70233,0.9138931142864479
SV1_C33607,C33607,0.9349167017697528
SV1_C50402,C50402,0.950983055025851
SV1_C10228,C10228,0.9799766225103215
SV1_C31275,C31275,0.8886834191199756
SV1_C60711,C60711,0.9000742441714835
SV1_C15682,C15682,0.9983125949438698
SV1_C94874,C94874,0.9973291362317269
SV1_C62411,C62411,0.9483126059455791
SV1_C10200,C10200,0.9097551818172198
SV1_C01830,C01830,0.9284021377270762
SV1_C96081,C96081,0.9485508405078096
SV1_C30673,C30673,0.9622091553293913
SV1_C20400,C20400,0.9064256524064501
SV1_C93037,C93037,0.9750892069086069
SV1_C49217,C49217,0.9370020247227736
SV1_C96674,C96674,0.9823601305455748
SV1_C64286,C64286,0.9791270576895845
SV1_C79315,C79315,0.8898925937619029
SV1_C54016,C54016,0.951361991715239
SV1_C12684,C12684,0.9288078511174092
SV1_C41410,C41410,0.9582912044726
SV1_C81014,C81014,0.8985359892417155
SV1_C43852,C43852,0.9914280692514595
SV1_C64307,C64307,0.9993802897587194
SV1_C57094,C57094,0.9682489081439892
SV1_C43832,C43832,0.9890681617171112
SV1_C03705,C03705,0.9281610330317733
SV1_C10880,C10880,0.9581789069921225
SV1_C15615,C15615,0.9139461027143386
SV1_C79280,C79280,0.9824827823660096
SV1_C51617,C51617,0.9442102314078292
SV1_C75000,C75000,0.9208876321089607
SV1_C87087,C87087,0.9173930767490261
SV1_C44437,C44437,0.9877931717416241
SV1_C45646,C45646,0.999474018858384
SV1_C73214,C73214,0.9846182373115909
SV1_C87002,C87002,0.9391703325161247
SV1_C18091,C18091,0.9953090759034308
SV1_C50477,C50477,0.9898399650708366
SV1_C50494,C50494,0.9705944429039335
SV1_C98428,C98428,0.9286804255521431
SV1_C27644,C27644,0.9828029066331572
SV1_C81110,C81110,0.9350588060147125
SV1_C89513,C89513,0.9943799973169724
SV1_C82281,C82281,0.9287819134926488
SV1_C77517,C77517,0.9749169682194792
SV1_C49241,C49241,0.965076181577405
SV1_C29501,C29501,0.9891020116076213
SV1_C43806,C43806,0.9639116880438281
SV1_C30080,C30080,0.9664821173243398
SV1_C70909,C70909,0.9606886065495717
SV1_C84091,C84091,0.9416209267178914
SV1_C37821,C37821,0.9997191369487338
SV1_C54699,C54699,0.9674230026397344
SV1_C05430,C05430,0.9823276993425806
SV1_C86510,C86510,0.9173336809484884
SV1_C59480,C59480,0.9687533771528083
SV1_C03090,C03090,0.9958319042717065
SV1_C94818,C94818,0.9277413656376883
SV1_C57002,C57002,0.9858593708856873
SV1_C72622,C72622,0.9784758324345313
SV1_C54117,C54117,0.9957549715182733
SV1_C35512,C35512,0.9043395319367546
SV1_C66086,C66086,0.9627477911686049
SV1_C58879,C58879,0.9921202498051331
SV1_C43301,C43301,0.995412276704417
SV1_C22314,C22314,0.8843211498210642
SV1_C22290,C22290,0.8958130953398967
SV1_C77493,C77493,0.9550615592575648
SV1_C93049,C93049,0.9234043182089403
SV1_C63705,C63705,0.9826812186704155
SV1_C10814,C10814,0.9234155311376978
SV1_C71514,C71514,0.9870141171348632
SV1_C45658,C45658,0.9676111544483302
SV1_C95428,C95428,0.9181709639691348
SV1_C61218,C61218,0.965805732595948
SV1_C81614,C81614,0.9021164738827594
SV1_C09622,C09622,0.9928275784073747
SV1_C59401,C59401,0.9639477081786706
SV1_C26499,C26499,0.9538160336970055
SV1_C28908,C28908,0.9740323872476568
SV1_C46874,C46874,0.9523678047338654
SV1_C91833,C91833,0.9139826080339293
SV1_C60718,C60718,0.9156174219029275
SV1_C18684,C18684,0.9673903662514705
SV1_C91235,C91235,0.9415947016985904
SV1_C29499,C29499,0.9982906420980441
SV1_C92507,C92507,0.9241296095893152
SV1_C61802,C61802,0.9518830686270199
SV1_C76288,C76288,0.9359505977150347
SV1_C60003,C60003,0.9332370588088538
SV1_C12650,C12650,0.9154817762978426
SV1_C03624,C03624,0.9562767322491508
SV1_C71498,C71498,0.9129407108680847
SV1_C91286,C91286,0.9185093830081299
SV1_C91311,C91311,0.9826530948155737
SV1_C43856,C43856,0.9914791937677943
SV1_C70895,C70895,0.9860358140607541
SV1_C46272,C46272,0.9870407622688616
SV1_C53420,C53420,0.958472056804726
SV1_C21600,C21600,0.8713367557812575
SV1_C96003,C96003,0.9924735357762887
SV1_C15072,C15072,0.9369028452603603
SV1_C53499,C53499,0.9266506019708304
SV1_C25890,C25890,0.9470025779098046
SV1_C58819,C58819,0.9411062009982065
SV1_C00010,C00010,0.9700607499212953
SV1_C40202,C40202,0.9690058889610974
SV1_C23482,C23482,0.8992832114466157
SV1_C99006,C99006,0.9463696864982977
SV1_C47446,C47446,0.9911248051667514
SV1_C04202,C04202,0.9302688836331248
SV1_C16221,C16221,0.9950129072776789
SV1_C100311,C100311,0.9295359679428731
SV1_C06113,C06113,0.9062994670846553
SV1_C48080,C48080,0.9341285331643872
SV1_C43249,C43249,0.9933879439007687
SV1_C99109,C99109,0.9440705086399453
SV1_C35494,C35494,0.9303751463117592
SV1_C55811,C55811,0.9046683006843984
SV1_C98419,C98419,0.960980489751673
SV1_C63613,C63613,0.9189852342912772
SV1_C47437,C47437,0.9750349308779666
SV1_C27642,C27642,0.8952571855952692
SV1_C15641,C15641,0.9107388077222688
SV1_C40214,C40214,0.9634846574810112
SV1_C94272,C94272,0.9244598905509485
SV1_C91813,C91813,0.9553279792145442
SV1_C09043,C09043,0.9086325810375862
SV1_C10887,C10887,0.9654325241160899
SV1_C59515,C59515,0.8787974926447999
SV1_C46892,C46892,0.9522580373941888
SV1_C56429,C56429,0.9447678677457831
SV1_C93639,C93639,0.9275967373213253
SV1_C82212,C82212,0.9385703023574015
SV1_C60619,C60619,0.933491038636741
SV1_C96686,C96686,0.9626661391696283
SV1_C06718,C06718,0.9272781077838129
SV1_C10238,C10238,0.9411869341292353
SV1_C72105,C72105,0.9659007521701563
SV1_C67316,C67316,0.9949319823312469
SV1_C19293,C19293,0.9393717913707479
SV1_C09075,C09075,0.9593474777304625
SV1_C33112,C33112,0.8968376728885142
SV1_C24637,C24637,0.9704589287309201
SV1_C01914,C01914,0.922186766672873
SV1_C22223,C22223,0.9470680747432559
SV1_C85903,C85903,0.9893536173109039
SV1_C13899,C13899,0.9903372134042169
SV1_C92501,C92501,0.9912555877178071
SV1_C89414,C89414,0.961645376301674
SV1_C96104,C96104,0.9389551724221563
SV1_C08510,C08510,0.8996774778547484
SV1_C89410,C89410,0.9366811191076663
SV1_C25907,C25907,0.9805321911601899
SV1_C91820,C91820,0.9712235596061043
SV1_C90021,C90021,0.9112718022033327
SV1_C58828,C58828,0.9648817534788892
SV1_C71437,C71437,0.9495966587496231
SV1_C84006,C84006,0.9136562850099568
SV1_C64886,C64886,0.9322265675451675
SV1_C03630,C03630,0.9184418407121532
SV1_C56507,C56507,0.987332527854406
SV1_C12696,C12696,0.9623621659785193
SV1_C12029,C12029,0.9368378935225035
SV1_C45666,C45666,0.9198192374464292
SV1_C67306,C67306,0.9977191191185977
SV1_C85815,C85815,0.9577609751670396
SV1_C51039,C51039,0.984904585757685
SV1_C29497,C29497,0.9892793964112933
SV1_C34822,C34822,0.9941593544345019
SV1_C76816,C76816,0.968358045423638
SV1_C93677,C93677,0.9654687481085075
SV1_C94882,C94882,0.9955492064361391
SV1_C89439,C89439,0.9977601436674012
SV1_C91814,C91814,0.9704033846575149
SV1_C27636,C27636,0.9709448419622674
SV1_C07249,C07249,0.9454746365699449
SV1_C67240,C67240,0.9029422380941611
SV1_C48660,C48660,0.8922990839477724
SV1_C65508,C65508,0.8814921369126347
SV1_C06694,C06694,0.9513339552745652
SV1_C22236,C22236,0.9992023785636485
SV1_C93110,C93110,0.9706384372617551
SV1_C44459,C44459,0.9994988746439535
SV1_C84693,C84693,0.9193621496543763
SV1_C09096,C09096,0.9568440867207576
SV1_C62477,C62477,0.9582692160865929
SV1_C54709,C54709,0.9700367496693694
SV1_C18090,C18090,0.9914048396118468
SV1_C43816,C43816,0.976303350224366
SV1_C30114,C30114,0.9275080218404201
SV1_C51096,C51096,0.9910171214623243
SV1_C48086,C48086,0.9238504714177098
SV1_C87682,C87682,0.9060993253626882
SV1_C49214,C49214,0.9364968741953158
SV1_C16206,C16206,0.9356184578594955
SV1_C87677,C87677,0.9633507159278435
SV1_C04887,C04887,0.9928022213657227
SV1_C45095,C45095,0.963481116425096
SV1_C73885,C73885,0.9312895620939804
SV1_C45631,C45631,0.9629670813515516
SV1_C07850,C07850,0.9920852237289479
SV1_C47502,C47502,0.9561550806836983
SV1_C69040,C69040,0.9370771511252186
SV1_C91840,C91840,0.9105418912477388
SV1_C80519,C80519,0.9391596749388773
SV1_C72696,C72696,0.9739606985395367
SV1_C98434,C98434,0.8977535143621634
SV1_C93644,C93644,0.9397217864016231
SV1_C27115,C27115,0.9157931307252728
SV1_C88829,C88829,0.9991397372174977
SV1_C66700,C66700,0.9159707785764682
SV1_C19876,C19876,0.9017430749918943
SV1_C59402,C59402,0.9831965087236811
SV1_C28885,C28885,0.9509673359745016
SV1_C82297,C82297,0.9015079136273464
SV1_C72644,C72644,0.9457636168495778
SV1_C19845,C19845,0.9466223644269801
SV1_C42621,C42621,0.9877248134275387
SV1_C19833,C19833,0.9676894557538125
SV1_C58275,C58275,0.9863745860199217
SV1_C47479,C47479,0.955855701808885
SV1_C78037,C78037,0.954858855783512
SV1_C94843,C94843,0.8769463263152054
SV1_C45114,C45114,0.9275404806005131
SV1_C100241,C100241,0.9328453275410137
SV1_C01243,C01243,0.9721517273167994
SV1_C00611,C00611,0.9918985834256651
SV1_C73220,C73220,0.92610245750903
SV1_C59510,C59510,0.945939196556758
SV1_C44409,C44409,0.9913401203845472
SV1_C62475,C62475,0.9552488141808092
SV1_C61900,C61900,0.9195597017529633
SV1_C13848,C13848,0.9296854681031744
SV1_C66001,C66001,0.9815389459849456
SV1_C91863,C91863,0.9763006731188875
SV1_C86483,C86483,0.9272285973049346
SV1_C74485,C74485,0.9287817167618663
SV1_C73851,C73851,0.9242750785656239
SV1_C54100,C54100,0.9813839836854151
SV1_C12107,C12107,0.9447594723395952
SV1_C52284,C52284,0.9727092836482206
SV1_C42015,C42015,0.9890343938716963
SV1_C00040,C00040,0.9473427741882322
SV1_C89494,C89494,0.9497553348262318
SV1_C51045,C51045,0.9994724618242758
SV1_C35423,C35423,0.967546110695539
SV1_C08488,C08488,0.9670069533387468
SV1_C60709,C60709,0.9581459755099799
SV1_C67318,C67318,0.9269552531496674
SV1_C35509,C35509,0.9251916352801947
SV1_C46260,C46260,0.9799529399580195
SV1_C94811,C94811,0.9845671627443104
SV1_C17431,C17431,0.9861165331612701
SV1_C25278,C25278,0.9481018764841898
SV1_C86482,C86482,0.8929652359312034
SV1_C16202,C16202,0.932592276885589
SV1_C27609,C27609,0.9744814624840812
SV1_C24000,C24000,0.9014203412935783
SV1_C69078,C69078,0.9555767389964889
SV1_C13864,C13864,0.9236096848189725
SV1_C07816,C07816,0.9617474627445214
SV1_C48713,C48713,0.9420813014661757
SV1_C06007,C06007,0.9443255667360715
SV1_C03623,C03623,0.9898994820773915
SV1_C98499,C98499,0.8913761832468723
SV1_C11451,C11451,0.9521645633486219
SV1_C93704,C93704,0.9398957018901333
SV1_C32423,C32423,0.9899537097067318
SV1_C07813,C07813,0.9284474323478307
SV1_C82282,C82282,0.913087308683645
SV1_C01882,C01882,0.9380446010974487
SV1_C10810,C10810,0.9378826879046629
SV1_C72000,C72000,0.9406560455444094
SV1_C51073,C51073,0.9888437389523804
SV1_C27084,C27084,0.9502383823488803
SV1_C75090,C75090,0.9770530413553292
SV1_C80403,C80403,0.9423212154696193
SV1_C06642,C06642,0.934224025861532
SV1_C08487,C08487,0.9393608408745423
SV1_C21682,C21682,0.8612268829253829
SV1_C62472,C62472,0.9698937832557103
SV1_C52206,C52206,0.9589451665492983
SV1_C44475,C44475,0.9976626451346363
SV1_C26502,C26502,0.9321638472183902
SV1_C24633,C24633,0.9543646755402739
SV1_C54075,C54075,0.9792727566512064
SV1_C33113,C33113,0.9021468851434951
SV1_C85273,C85273,0.9889768073905543
SV1_C09639,C09639,0.9182006235661042
SV1_C66046,C66046,0.9500375844274809
SV1_C67233,C67233,0.9857768660048744
SV1_C67815,C67815,0.9593314909031954
SV1_C46267,C46267,0.9406975987924668
SV1_C23490,C23490,0.8985496517866037
SV1_C100283,C100283,0.8919038116953976
SV1_C56492,C56492,0.9943303837176701
SV1_C93072,C93072,0.9986408618856166
SV1_C79319,C79319,0.941221451262407
SV1_C78025,C78025,0.9826534492309466
SV1_C58246,C58246,0.9133812724463123
SV1_C53488,C53488,0.9852987533739799
SV1_C13829,C13829,0.897156112834438
SV1_C85810,C85810,0.8914840034678302
SV1_C22214,C22214,0.9222521157019482
SV1_C63115,C63115,0.8957603577305223
SV1_C63111,C63111,0.947445238463753
SV1_C33694,C33694,0.9666989219331504
SV1_C04245,C04245,0.9793460940236468
SV1_C76293,C76293,0.9087374976055413
SV1_C70831,C70831,0.9443906610130768
SV1_C61874,C61874,0.9951057463950711
SV1_C84103,C84103,0.9385402157097509
SV1_C92446,C92446,0.9762999341856009
SV1_C97886,C97886,0.9207910486167007
SV1_C54685,C54685,0.9520463498441544
SV1_C16282,C16282,0.992941932191533
SV1_C95512,C95512,0.9349788000474517
SV1_C58241,C58241,0.9614096823087599
SV1_C32511,C32511,0.9744394962933689
SV1_C44401,C44401,0.9832849647051363
SV1_C64242,C64242,0.9238644872282381
SV1_C54118,C54118,0.9735974002700023
SV1_C67918,C67918,0.9305161056544379
SV1_C94237,C94237,0.9574812514706952
SV1_C56489,C56489,0.9238477157355919
SV1_C51006,C51006,0.95418255279727
SV1_C00615,C00615,0.9980630384759931
SV1_C01894,C01894,0.9352063232931533
SV1_C78067,C78067,0.8883777688338725
SV1_C13913,C13913,0.9697779521309282
SV1_C64835,C64835,0.9548109621796785
SV1_C19273,C19273,0.9229140588423204
SV1_C67839,C67839,0.9217957291265502
SV1_C09678,C09678,0.945779616941459
SV1_C06634,C06634,0.9857824288567552
SV1_C44434,C44434,0.9639097404861051
SV1_C28884,C28884,0.9412450133194178
SV1_C34279,C34279,0.9002000938107284
SV1_C36022,C36022,0.980907754044585
SV1_C95501,C95501,0.9735332567479938
SV1_C43289,C43289,0.9277738942528011
SV1_C55291,C55291,0.8666432376362438
SV1_C25895,C25895,0.8990348134639288
SV1_C93641,C93641,0.9794221890849542
SV1_C72096,C72096,0.9672241101067857
SV1_C94203,C94203,0.9811748183291069
SV1_C45066,C45066,0.9227498843788441
SV1_C79811,C79811,0.9361700389746044
SV1_C99699,C99699,0.9319848164456529
SV1_C66603,C66603,0.9503309168958067
SV1_C86458,C86458,0.9295235271803511
SV1_C61801,C61801,0.9310012995304802
SV1_C15691,C15691,0.9461841612617404
SV1_C12079,C12079,0.9151798640191228
SV1_C43208,C43208,0.9890946591066235
SV1_C16839,C16839,0.9669273886917206
SV1_C91895,C91895,0.9712629234348376
SV1_C27688,C27688,0.9628048496689755
SV1_C49245,C49245,0.9685844481289868
SV1_C64808,C64808,0.9556121875705247
SV1_C03603,C03603,0.9755548143589942
SV1_C26422,C26422,0.9434191753346165
SV1_C10856,C10856,0.9359239318911488
SV1_C57682,C57682,0.932301941083913
SV1_C93703,C93703,0.9314364929716925
SV1_C13818,C13818,0.921120717704345
SV1_C19814,C19814,0.9486001244246414
SV1_C69637,C69637,0.911310059413222
SV1_C36012,C36012,0.9867481451592057
SV1_C67837,C67837,0.9571512544386226
SV1_C81608,C81608,0.9458795637500013
SV1_C13212,C13212,0.8836321156733109
SV1_C34287,C34287,0.8719209166022884
SV1_C46914,C46914,0.9213636320747259
SV1_C18645,C18645,0.9404531652311654
SV1_C73288,C73288,0.918450321877538
SV1_C06620,C06620,0.9926982848370864
SV1_C22814,C22814,0.9248990413529365
SV1_C14431,C14431,0.9987484270260474
SV1_C48038,C48038,0.9188599325886592
SV1_C87027,C87027,0.9835768181739496
SV1_C54095,C54095,0.9276333620805917
SV1_C76239,C76239,0.9275219555976268
SV1_C67245,C67245,0.9135355131072829
SV1_C62512,C62512,0.9306720088582775
SV1_C16222,C16222,0.9624036183382174
SV1_C43906,C43906,0.9724835214444126
SV1_C58302,C58302,0.9518974843510158
SV1_C06698,C06698,0.9223061419515954
SV1_C31317,C31317,0.9711833575668821
SV1_C11446,C11446,0.9242991543115016
SV1_C29415,C29415,0.9023485159623353
SV1_C70807,C70807,0.9472553669451795
SV1_C75049,C75049,0.9594598519800781
SV1_C78032,C78032,0.9720037469719662
SV1_C90095,C90095,0.9982004705453076
SV1_C05423,C05423,0.9903110209041042
SV1_C66619,C66619,0.9311866044743141
SV1_C20410,C20410,0.9329624345236482
SV1_C90026,C90026,0.9614178186082006
SV1_C69041,C69041,0.9188076900486007
SV1_C11486,C11486,0.8892097499173728
SV1_C67822,C67822,0.9737840834805627
SV1_C78106,C78106,0.9328298331581946
SV1_C34810,C34810,0.9215236208483703
SV1_C81008,C81008,0.9421261405334683
SV1_C04917,C04917,0.9092253151457957
SV1_C49800,C49800,0.9670312571406712
SV1_C83474,C83474,0.9846935177467206
SV1_C43869,C43869,0.9767279028929668
SV1_C21717,C21717,0.9622279177204844
SV1_C12080,C12080,0.8804001005290052
SV1_C90647,C90647,0.9826014723451305
SV1_C03712,C03712,0.9430707755890381
SV1_C58842,C58842,0.9449724260508661
SV1_C10293,C10293,0.9631199146242976
SV1_C84701,C84701,0.9849682152335635
SV1_C58909,C58909,0.9647021700945778
SV1_C17406,C17406,0.9291578267545252
SV1_C73815,C73815,0.9522976254199551
SV1_C79821,C79821,0.981166774321711
SV1_C96007,C96007,0.9924543035589457
SV1_C85284,C85284,0.9507339072637585
SV1_C67878,C67878,0.9607393562868356
SV1_C31309,C31309,0.974088649534305
SV1_C48654,C48654,0.9377823157564606
SV1_C87609,C87609,0.9081413332154586
SV1_C78024,C78024,0.9773724686913368
SV1_C16238,C16238,0.9945652935809356
SV1_C20439,C20439,0.9681506635471896
SV1_C24102,C24102,0.9249577827987352
SV1_C78662,C78662,0.9813895417097147
SV1_C48696,C48696,0.9275305857132408
SV1_C76274,C76274,0.934481212285796
SV1_C24600,C24600,0.906284828010116
SV1_C66610,C66610,0.946179704482923
SV1_C91804,C91804,0.9625384887772246
SV1_C64881,C64881,0.9848945705719677
SV1_C13823,C13823,0.9483414679871564
SV1_C47433,C47433,0.9829612722175572
SV1_C100239,C100239,0.8950289298221659
SV1_C51094,C51094,0.9780502202949611
SV1_C65498,C65498,0.9880341739793722
SV1_C68405,C68405,0.9997280941646987
SV1_C17495,C17495,0.951935824737611
SV1_C49900,C49900,0.9397075192498312
SV1_C48661,C48661,0.9251781693619299
SV1_C75108,C75108,0.9676284406351386
SV1_C82319,C82319,0.9437724338697641
SV1_C07829,C07829,0.9991848546401866
SV1_C88855,C88855,0.9957046982340478
SV1_C76292,C76292,0.9138385179223956
SV1_C66116,C66116,0.9863340127971679
SV1_C29413,C29413,0.9459033207550219
SV1_C12018,C12018,0.9270277955079264
SV1_C43272,C43272,0.9875352503811852
SV1_C83416,C83416,0.9038855229684108
SV1_C45015,C45015,0.9876703411274649
SV1_C24715,C24715,0.9470153596843612
SV1_C19836,C19836,0.9353396808691962
SV1_C72032,C72032,0.9450934316092618
SV1_C16841,C16841,0.944289357565945
SV1_C37818,C37818,0.9465560363075678
SV1_C27105,C27105,0.978009462891746
SV1_C85310,C85310,0.9495175066118863
SV1_C94835,C94835,0.9665952842923199
SV1_C79894,C79894,0.9455826263922821
SV1_C13877,C13877,0.9932960871989895
SV1_C66707,C66707,0.9305945143698285
SV1_C78006,C78006,0.9422311440902529
SV1_C03009,C03009,0.9902961119114113
SV1_C86475,C86475,0.9307844478117694
SV1_C34815,C34815,0.9422156307761148
SV1_C59497,C59497,0.939977030226369
SV1_C07282,C07282,0.9437358484882085
SV1_C30693,C30693,0.9441087353981049
SV1_C75652,C75652,0.970187575902421
SV1_C26434,C26434,0.9985861422093036
SV1_C46851,C46851,0.9781167625516409
SV1_C97297,C97297,0.962339101690832
SV1_C66012,C66012,0.9483142581654427
SV1_C94879,C94879,0.9390163397716808
SV1_C13251,C13251,0.9853045776892881
SV1_C17419,C17419,0.9280870888176168
SV1_C77429,C77429,0.9997086972673951
SV1_C93018,C93018,0.9388296903473575
SV1_C36600,C36600,0.9962128773408152
SV1_C02500,C02500,0.9235260405099924
SV1_C13262,C13262,0.9363088491596712
SV1_C48096,C48096,0.9496543409539051
SV1_C78698,C78698,0.9214544679992467
SV1_C19887,C19887,0.9708016085503379
SV1_C54645,C54645,0.9713326325050344
SV1_C67225,C67225,0.9874075574159386
SV1_C56432,C56432,0.9257047662477034
SV1_C49255,C49255,0.9049988797816138
SV1_C49833,C49833,0.9871536343214482
SV1_C84075,C84075,0.9250550314913503
SV1_C49804,C49804,0.9669575484275127
SV1_C85288,C85288,0.9411636073576284
SV1_C76858,C76858,0.8979559909391459
SV1_C58904,C58904,0.9344255270915973
SV1_C24031,C24031,0.9828573683648099
SV1_C53407,C53407,0.8663875087340412
SV1_C74509,C74509,0.9720552747674701
SV1_C79209,C79209,0.9199610989949271
SV1_C74502,C74502,0.9594540994578806
SV1_C61200,C61200,0.9211056516105819
SV1_C07232,C07232,0.9865592899726021
SV1_C93104,C93104,0.9939235709462534
SV1_C12702,C12702,0.9354721029957805
SV1_C97917,C97917,0.9851672440385132
SV1_C88853,C88853,0.8862549297098851
SV1_C77516,C77516,0.968491571523828
SV1_C99623,C99623,0.8966723316006318
SV1_C84676,C84676,0.9247700633835915
SV1_C10216,C10216,0.9900949995583589
SV1_C82803,C82803,0.9553928902106312
SV1_C46258,C46258,0.9659652010776308
SV1_C28905,C28905,0.9836973093099315
SV1_C91803,C91803,0.9006722831868694
SV1_C53473,C53473,0.9689561258135153
SV1_C78017,C78017,0.9183514700846429
SV1_C12096,C12096,0.9421597860369199
SV1_C03612,C03612,0.9616948369013101
SV1_C88878,C88878,0.9092557639550688
SV1_C48716,C48716,0.9593871186572235
SV1_C81621,C81621,0.9791744399760541
SV1_C00020,C00020,0.9996025585975283
SV1_C92494,C92494,0.9493015790909431
SV1_C18095,C18095,0.9350661530414716
SV1_C87622,C87622,0.9008861790184619
SV1_C88273,C88273,0.9647415805982462
SV1_C46296,C46296,0.9904775336137773
SV1_C87007,C87007,0.9031451186766185
SV1_C100240,C100240,0.9284624872645357
SV1_C69036,C69036,0.9391452469202569
SV1_C78624,C78624,0.9413831667512096
SV1_C78057,C78057,0.9530264238550652
SV1_C46809,C46809,0.9685876715625302
SV1_C62502,C62502,0.9929059089192757
SV1_C57619,C57619,0.9429084618976473
SV1_C57629,C57629,0.9757712442372333
SV1_C95493,C95493,0.9216460184446865
SV1_C50424,C50424,0.885377372389313
SV1_C20406,C20406,0.9295259286253215
SV1_C67883,C67883,0.991557769007499
SV1_C96635,C96635,0.9870317959861395
SV1_C35506,C35506,0.9558905954039716
SV1_C35508,C35508,0.9225949927995235
SV1_C90633,C90633,0.984154254031434
SV1_C31202,C31202,0.9189765344164498
SV1_C16832,C16832,0.9394101934167098
SV1_C87678,C87678,0.900305834125231
SV1_C95416,C95416,0.9474635231352369
SV1_C51026,C51026,0.9123188038857344
SV1_C48070,C48070,0.937892480343728
SV1_C51625,C51625,0.9177574187656921
SV1_C48608,C48608,0.9993607357014113
SV1_C61820,C61820,0.9381476464871173
SV1_C72711,C72711,0.9075926875738398
SV1_C00044,C00044,0.9914849187580792
SV1_C52214,C52214,0.9491898345682981
SV1_C88870,C88870,0.9702539253962736
SV1_C83519,C83519,0.9670474281989982
SV1_C00025,C00025,0.9662053149341318
SV1_C06605,C06605,0.9486270357774463
SV1_C25828,C25828,0.9029407492569366
SV1_C94825,C94825,0.8936845260972403
SV1_C21641,C21641,0.9586077623281258
SV1_C14485,C14485,0.9328171842839399
SV1_C86456,C86456,0.9073398615488067
SV1_C02407,C02407,0.9873012482144223
SV1_C85882,C85882,0.9624667243855056
SV1_C48055,C48055,0.9320286948030365
SV1_C67243,C67243,0.9373314634632948
SV1_C54634,C54634,0.9472803593962335
SV1_C92457,C92457,0.9481747291811011
SV1_C97289,C97289,0.9714652533206597
SV1_C77519,C77519,0.9147519222031618
SV1_C99643,C99643,0.8993832368862423
SV1_C18674,C18674,0.9083353901048447
SV1_C58308,C58308,0.9740886552137777
SV1_C95505,C95505,0.9718950658882914
SV1_C97824,C97824,0.8849925960731422
SV1_C19227,C19227,0.9728102372412013
SV1_C27629,C27629,0.9880638334592509
SV1_C88914,C88914,0.946530333849276
SV1_C09024,C09024,0.9887611195600194
SV1_C77514,C77514,0.9006803919962839
SV1_C05411,C05411,0.9258498137048508
SV1_C92499,C92499,0.9263745318827191
SV1_C93007,C93007,0.9528959489312806
SV1_C12636,C12636,0.9164674932719682
SV1_C43284,C43284,0.9769752082992815
SV1_C49249,C49249,0.9506650135855809
SV1_C08434,C08434,0.9535333366074865
SV1_C12040,C12040,0.8888157694772312
SV1_C22803,C22803,0.9830031025626788
SV1_C42612,C42612,0.9919311662031501
SV1_C77496,C77496,0.928924042287954
SV1_C15025,C15025,0.9183109255929154
SV1_C92473,C92473,0.9841403735332249
SV1_C88815,C88815,0.8971714334871717
SV1_C43216,C43216,0.9770422829180445
SV1_C04279,C04279,0.9819821309720754
SV1_C69619,C69619,0.9404038923569435
SV1_C03614,C03614,0.944251808440618
SV1_C81085,C81085,0.976717841568271
SV1_C11470,C11470,0.9271715524431835
SV1_C70293,C70293,0.9847621867331839
SV1_C78644,C78644,0.9767800547680818
SV1_C54697,C54697,0.9747194818763858
SV1_C51719,C51719,0.9373305400142797
SV1_C60075,C60075,0.9988667389232564
SV1_C96685,C96685,0.9254674756391752
SV1_C19245,C19245,0.9096288096488859
SV1_C71472,C71472,0.8532020360676282
SV1_C84102,C84102,0.8924067074852974
SV1_C61278,C61278,0.9916896886226143
SV1_C82884,C82884,0.9317724054896152
SV1_C00640,C00640,0.9513197468822848
SV1_C62403,C62403,0.9438697149949535
SV1_C08508,C08508,0.9752665259282616
SV1_C97831,C97831,0.9997816775746368
SV1_C16892,C16892,0.9532875581910824
SV1_C30010,C30010,0.9312349377342038
SV1_C27633,C27633,0.9895332415696967
SV1_C66075,C66075,0.9996990291528908
SV1_C77444,C77444,0.9215623455158208
SV1_C21697,C21697,0.9037532101496683
SV1_C88289,C88289,0.9590625062254311
SV1_C22295,C22295,0.9229373864923485
SV1_C10836,C10836,0.9409369415313211
SV1_C33014,C33014,0.9522085272382288
SV1_C45079,C45079,0.9953867547769911
SV1_C09655,C09655,0.894280305368485
SV1_C39022,C39022,0.9859192208038055
SV1_C45685,C45685,0.9900994296469318
SV1_C15695,C15695,0.9669907578252768
SV1_C63633,C63633,0.9829735886951412
SV1_C27030,C27030,0.9782332006552236
SV1_C69639,C69639,0.9099161171796508
SV1_C40817,C40817,0.9338118539873285
SV1_C59423,C59423,0.9560614694110604
SV1_C76854,C76854,0.8940352621936176
SV1_C55808,C55808,0.9681503151785787
SV1_C10859,C10859,0.9223213473530846
SV1_C63108,C63108,0.9452727698883145
SV1_C13838,C13838,0.8806662612283981
SV1_C10319,C10319,0.9644182033656696
SV1_C57611,C57611,0.9469854565383351
SV1_C100214,C100214,0.8715750471997791
SV1_C12112,C12112,0.9209933074373697
SV1_C100201,C100201,0.9050495070815309
SV1_C46295,C46295,0.97758289826023
SV1_C64200,C64200,0.9333884216894418
SV1_C74413,C74413,0.9457479617243417
SV1_C66614,C66614,0.925181221726112
SV1_C51678,C51678,0.9027812557402696
SV1_C05435,C05435,0.9274477187998643
SV1_C91889,C91889,0.915302169786023
SV1_C48688,C48688,0.9300432334889235
SV1_C55872,C55872,0.9412317959277173
SV1_C24611,C24611,0.9921108161789746
SV1_C48026,C48026,0.9221632772989133
SV1_C94217,C94217,0.9336964323995064
SV1_C55204,C55204,0.9825515427883593
SV1_C04222,C04222,0.9424246178719764
SV1_C48693,C48693,0.9945976875915327
SV1_C70843,C70843,0.986661577865395
SV1_C26410,C26410,0.9466489193726761
SV1_C09041,C09041,0.9454694458607993
SV1_C60098,C60098,0.9809452858454549
SV1_C54639,C54639,0.9453851383913308
SV1_C09069,C09069,0.9811773322388965
SV1_C91853,C91853,0.919865372211204
SV1_C20431,C20431,0.9816087220704948
SV1_C87657,C87657,0.8926148335705157
SV1_C94213,C94213,0.9657738633693785
SV1_C12662,C12662,0.8998828298690387
SV1_C48113,C48113,0.9183953073878732
SV1_C28911,C28911,0.9921024732568536
SV1_C90007,C90007,0.8793061185320717
SV1_C76316,C76316,0.9315250786626883
SV1_C95491,C95491,0.8927263460062225
SV1_C91315,C91315,0.9330210996379777
SV1_C03110,C03110,0.9624192096981703
SV1_C04914,C04914,0.9158604541534551
SV1_C13896,C13896,0.9733684533101207
SV1_C15002,C15002,0.9357606758101148
SV1_C91898,C91898,0.9391896045050149
SV1_C61296,C61296,0.9192101709635189
SV1_C27004,C27004,0.9296071982938496
SV1_C10309,C10309,0.9567677657723709
SV1_C08518,C08518,0.9154938248566722
SV1_C60633,C60633,0.9660675402692794
SV1_C55280,C55280,0.9012416595262029
SV1_C45050,C45050,0.9653364656710016
SV1_C09065,C09065,0.903353089479683
SV1_C04305,C04305,0.9341149125392484
SV1_C65417,C65417,0.915251025606648
SV1_C72607,C72607,0.9339136526165581
SV1_C93100,C93100,0.9953993201077781
SV1_C43217,C43217,0.9826099952069067
SV1_C55221,C55221,0.9892004429061176
SV1_C52804,C52804,0.9994898944694013
SV1_C09091,C09091,0.9707282701383548
SV1_C21083,C21083,0.9401465835291053
SV1_C92463,C92463,0.9886037097012538
SV1_C59445,C59445,0.9016393903568802
SV1_C82316,C82316,0.9403431297470123
SV1_C04880,C04880,0.9891538376288493
SV1_C75705,C75705,0.9978527276030321
SV1_C19874,C19874,0.9526484075047095
SV1_C29494,C29494,0.8933085470981201
SV1_C100316,C100316,0.8929264933148111
SV1_C07888,C07888,0.9577046837968269
SV1_C80517,C80517,0.9383853442837031
SV1_C72614,C72614,0.9859720537429706
SV1_C75614,C75614,0.9591828737062015
SV1_C32501,C32501,0.9831359092082236
SV1_C82877,C82877,0.8962391340056057
SV1_C53401,C53401,0.9957607906589998
SV1_C97878,C97878,0.9404356082028021
SV1_C30073,C30073,0.9506668544160825
SV1_C93043,C93043,0.9139366070450173
SV1_C78707,C78707,0.9674975507045392
SV1_C63091,C63091,0.9507410308991254
SV1_C12620,C12620,0.9449577796697564
SV1_C85219,C85219,0.9667714681552319
SV1_C27092,C27092,0.9632326245557008
SV1_C67282,C67282,0.968548719648305
SV1_C50502,C50502,0.9632675365974981
SV1_C09018,C09018,0.9276379512689203
SV1_C64882,C64882,0.9220230152325573
SV1_C89510,C89510,0.9241528823239006
SV1_C74450,C74450,0.953332347147567
SV1_C99094,C99094,0.9342120348138432
SV1_C72088,C72088,0.9065596058802339
SV1_C84696,C84696,0.9763508797438409
SV1_C73853,C73853,0.9659446594059089
SV1_C09059,C09059,0.8976958780889935
SV1_C08462,C08462,0.9702502742267051
SV1_C78047,C78047,0.9886918942062506
SV1_C72712,C72712,0.9706819126663212
SV1_C61205,C61205,0.9477228777776042
SV1_C30617,C30617,0.9465561991649236
SV1_C05519,C05519,0.9865829686538079
SV1_C72076,C72076,0.944508668200817
SV1_C100207,C100207,0.9127638302311439
SV1_C87094,C87094,0.9481702627433608
SV1_C04216,C04216,0.93078285969279
SV1_C16888,C16888,0.9627087547968083
SV1_C54086,C54086,0.9477517888392045
SV1_C04226,C04226,0.8964862968627385
SV1_C87705,C87705,0.9456053410414904
SV1_C45031,C45031,0.9536293960086307
SV1_C91807,C91807,0.9002565732753319
SV1_C25295,C25295,0.9109183588057745
SV1_C55879,C55879,0.9561786053138931
SV1_C25873,C25873,0.9676246945525842
SV1_C88821,C88821,0.8968611884663981
SV1_C46852,C46852,0.9803101636436418
SV1_C25918,C25918,0.9758063349717566
SV1_C01818,C01818,0.9154855537098816
SV1_C01291,C01291,0.9325145919574526
SV1_C24086,C24086,0.9273984431708783
SV1_C24084,C24084,0.9849470880596763
SV1_C77449,C77449,0.9200063096984642
SV1_C03105,C03105,0.9378318683963278
SV1_C78071,C78071,0.9629303242909301
SV1_C73808,C73808,0.9297598327143974
SV1_C69621,C69621,0.9653858015454078
SV1_C52298,C52298,0.9673679438847747
SV1_C77462,C77462,0.9320836880849369
SV1_C85304,C85304,0.9898578649336143
SV1_C89416,C89416,0.9341224319078677
SV1_C13822,C13822,0.9918564110344235
SV1_C06707,C06707,0.9607767919374756
SV1_C71518,C71518,0.9163347794094653
SV1_C51077,C51077,0.9895815510424381
SV1_C99117,C99117,0.9222463441024382
SV1_C70809,C70809,0.9692752379758978
SV1_C46243,C46243,0.9865244800691171
SV1_C01205,C01205,0.9984194658559801
SV1_C58303,C58303,0.9158073865923394
SV1_C50442,C50442,0.9308930323014167
SV1_C97847,C97847,0.9652745709010719
SV1_C01916,C01916,0.9652995006998298
SV1_C01208,C01208,0.9921705368650799
SV1_C30095,C30095,0.9456965405768636
SV1_C54630,C54630,0.9484082262341563
SV1_C57627,C57627,0.9387892191480924
SV1_C74493,C74493,0.9315640508525328
SV1_C28216,C28216,0.9075455396671187
SV1_C51081,C51081,0.9890538272269249
SV1_C87607,C87607,0.9008051754156097
SV1_C09032,C09032,0.986465304848148
SV1_C29511,C29511,0.9928204091075326
SV1_C26428,C26428,0.8997135522469022
SV1_C22809,C22809,0.8987684146707878
SV1_C88203,C88203,0.898001108073257
SV1_C34319,C34319,0.9196303389624905
SV1_C21692,C21692,0.9525824924394786
SV1_C88242,C88242,0.908711789170526
SV1_C22283,C22283,0.9293092420669039
SV1_C54621,C54621,0.9775079763313191
SV1_C80508,C80508,0.8942510016227759
SV1_C60608,C60608,0.9383637672922418
SV1_C97811,C97811,0.999555634576228
SV1_C98491,C98491,0.9386395401211196
SV1_C96037,C96037,0.9632457984687364
SV1_C94220,C94220,0.9000488500869928
SV1_C63642,C63642,0.9244696993677043
SV1_C82302,C82302,0.9483517792702603
SV1_C10811,C10811,0.9428086353075918
SV1_C62406,C62406,0.9282913249779787
SV1_C08461,C08461,0.9399222919422864
SV1_C78064,C78064,0.9286679873574055
SV1_C93073,C93073,0.9931379263597273
SV1_C13235,C13235,0.9599880301273229
SV1_C59518,C59518,0.9218381329699943
SV1_C51691,C51691,0.9334689370331324
SV1_C28909,C28909,0.9662398620100161
SV1_C71401,C71401,0.9637714821864073
SV1_C85818,C85818,0.884677098079809
SV1_C53436,C53436,0.926097752500771
SV1_C71482,C71482,0.92781916066063
SV1_C31303,C31303,0.9942061677784905
SV1_C10296,C10296,0.9621715723828963
SV1_C65517,C65517,0.9709144260931157
SV1_C79298,C79298,0.9608312097735555
SV1_C23438,C23438,0.9468400504613623
SV1_C76885,C76885,0.9127890834125688
SV1_C66037,C66037,0.9473536193650608
SV1_C20489,C20489,0.9840218044077577
SV1_C40812,C40812,0.955187559913543
SV1_C52828,C52828,0.9409595699791571
SV1_C25827,C25827,0.9572944216386001
SV1_C69642,C69642,0.9584043444842933
SV1_C95420,C95420,0.904393309732529
SV1_C81090,C81090,0.8506801323893384
SV1_C89438,C89438,0.9625104355397455
SV1_C12674,C12674,0.9523941804847827
SV1_C43838,C43838,0.9515174250289491
SV1_C90691,C90691,0.930544222841682
SV1_C100308,C100308,0.9253806465987718
SV1_C82204,C82204,0.9499336548329748
SV1_C15617,C15617,0.945345707808927
SV1_C08450,C08450,0.9962973375629277
SV1_C63673,C63673,0.9656479413275444
SV1_C87112,C87112,0.9960323486992085
SV1_C97202,C97202,0.962145633348077
SV1_C60086,C60086,0.9353075981379937
SV1_C88319,C88319,0.938009561894679
SV1_C23432,C23432,0.9794351097935017
SV1_C49882,C49882,0.9890369326085614
SV1_C08505,C08505,0.9499673216379673
SV1_C88897,C88897,0.9278647092119553
SV1_C55918,C55918,0.9268439229613055
SV1_C59509,C59509,0.9639886497556408
SV1_C64804,C64804,0.9594455227306621
SV1_C25284,C25284,0.9828386238657771
SV1_C63079,C63079,0.9028000570566003
SV1_C25307,C25307,0.991449378440443
SV1_C80407,C80407,0.9420834190679596
SV1_C58811,C58811,0.9446850735322965
SV1_C72687,C72687,0.9794206531966115
SV1_C94315,C94315,0.9391364513321777
SV1_C93016,C93016,0.9557660348035854
SV1_C48708,C48708,0.9361214233403682
SV1_C03044,C03044,0.9994193358708262
SV1_C63634,C63634,0.9400831666213356
SV1_C32422,C32422,0.950260888876934
SV1_C77456,C77456,0.9471899038151063
SV1_C77481,C77481,0.9554516851481154
SV1_C69608,C69608,0.9692520669107749
SV1_C66032,C66032,0.9913566951112144
SV1_C88883,C88883,0.9634976106439702
SV1_C18046,C18046,0.9964093179278378
SV1_C89465,C89465,0.9221837975984902
SV1_C87613,C87613,0.9238163770686125
SV1_C03637,C03637,0.991368096319416
SV1_C75644,C75644,0.9687867370729366
SV1_C14420,C14420,0.9996792995121944
SV1_C10235,C10235,0.9560949384506915
SV1_C88909,C88909,0.975058688287984
SV1_C53444,C53444,0.9875294995415997
SV1_C54006,C54006,0.960208917954626
SV1_C61299,C61299,0.9137426864419153
SV1_C00023,C00023,0.9441719249407448
SV1_C02426,C02426,0.9228960293665721
SV1_C79210,C79210,0.8956382170226247
SV1_C42604,C42604,0.9999035722215288
SV1_C09692,C09692,0.9277889627105247
SV1_C08406,C08406,0.9690211599700291
SV1_C78030,C78030,0.9407543774239429
SV1_C71479,C71479,0.9283095186878401
SV1_C27078,C27078,0.9530746169922919
SV1_C57633,C57633,0.9858238688341414
SV1_C16811,C16811,0.9318878340203357
SV1_C90604,C90604,0.90300669233068
SV1_C41415,C41415,0.9959187994327912
SV1_C39613,C39613,0.9848311135984602
SV1_C49299,C49299,0.9273909814469279
SV1_C85294,C85294,0.9534740765381535
SV1_C07872,C07872,0.989282744871793
SV1_C10905,C10905,0.9638435517078451
SV1_C25236,C25236,0.9564201956529571
SV1_C93601,C93601,0.969151065833374
SV1_C98496,C98496,0.8921866539987121
SV1_C60700,C60700,0.9108166420474609
SV1_C27014,C27014,0.9800262423629763
SV1_C36004,C36004,0.9954800289128164
SV1_C69095,C69095,0.956860721585087
SV1_C22874,C22874,0.8734812613710233
SV1_C27613,C27613,0.9658310347436362
SV1_C25904,C25904,0.9934216446090797
SV1_C58239,C58239,0.9355164525593623
SV1_C03675,C03675,0.9752851213070155
SV1_C15620,C15620,0.9996729441904129
SV1_C48689,C48689,0.9238032697680918
SV1_C81019,C81019,0.9275927730552113
SV1_C43203,C43203,0.9965402935764383
SV1_C88283,C88283,0.9547356891615366
SV1_C83412,C83412,0.9432012341294929
SV1_C46875,C46875,0.973174885895659
SV1_C27117,C27117,0.9692319367588028
SV1_C64899,C64899,0.914112346538488
SV1_C58845,C58845,0.9032916966185869
SV1_C56446,C56446,0.9410962373270308
SV1_C93610,C93610,0.9351446656481839
SV1_C49288,C49288,0.912470206044869
SV1_C02485,C02485,0.9345436402498055
SV1_C76802,C76802,0.9139401616477743
SV1_C07240,C07240,0.9486484219001657
SV1_C82277,C82277,0.9113470698564543
SV1_C49226,C49226,0.9143590831462011
SV1_C88898,C88898,0.9269356284398412
SV1_C75719,C75719,0.9779347064414469
SV1_C67832,C67832,0.9957795977745292
SV1_C43896,C43896,0.992606401010585
SV1_C50482,C50482,0.903312963218863
SV1_C31215,C31215,0.8980378626830572
SV1_C34206,C34206,0.9393923571760238
SV1_C72014,C72014,0.9861903753383724
SV1_C90023,C90023,0.8900138693932983
SV1_C24096,C24096,0.9613246246752495
SV1_C33677,C33677,0.9552651048724177
SV1_C82913,C82913,0.9679227671797641
SV1_C89408,C89408,0.8990619727274908
SV1_C13204,C13204,0.8655332503444038
SV1_C99118,C99118,0.910195291082266
SV1_C25883,C25883,0.8973368317894326
SV1_C90008,C90008,0.9074165637426462
SV1_C91874,C91874,0.9124151936011141
SV1_C47404,C47404,0.9715301388842628
SV1_C44487,C44487,0.9858900262662847
SV1_C07896,C07896,0.9471793245098984
SV1_C63714,C63714,0.9414726512764641
SV1_C08432,C08432,0.9880414735669489
SV1_C07847,C07847,0.9995039987103191
SV1_C66600,C66600,0.9815278078525352
SV1_C02507,C02507,0.9234642332710385
SV1_C16204,C16204,0.8945820432861995
SV1_C59484,C59484,0.9489868658779644
SV1_C70910,C70910,0.9703785115911518
SV1_C07245,C07245,0.9593676533493127
SV1_C88917,C88917,0.9318798142044573
SV1_C80474,C80474,0.917399031950394
SV1_C73300,C73300,0.9787781120938198
SV1_C79808,C79808,0.9324492041448549
SV1_C49810,C49810,0.9229021347000564
SV1_C00100,C00100,0.9131910752927737
SV1_C84095,C84095,0.9223805010493292
SV1_C59496,C59496,0.9065324867870745
SV1_C73884,C73884,0.9190425530298624
SV1_C81077,C81077,0.935084935912945
SV1_C00086,C00086,0.9173613073092406
SV1_C00033,C00033,0.9780742159696284
SV1_C54010,C54010,0.9595510458250481
SV1_C65490,C65490,0.891835793448911
SV1_C72678,C72678,0.9103245704878534
SV1_C07845,C07845,0.9673553864487225
SV1_C22313,C22313,0.8925499227461232
SV1_C07823,C07823,0.9452648924615774
SV1_C72620,C72620,0.9281731109141192
SV1_C26509,C26509,0.9795215473945236
SV1_C80402,C80402,0.9080489667130454
SV1_C07207,C07207,0.9327594500768875
SV1_C00002,C00002,0.9679098881913687
SV1_C22235,C22235,0.9854746695519598
SV1_C33117,C33117,0.9691926161689857
SV1_C06624,C06624,0.925036625273573
SV1_C71412,C71412,0.9156545047892122
SV1_C11483,C11483,0.9194139852673158
SV1_C66115,C66115,0.9993896299655386
SV1_C54703,C54703,0.9669961259464038
SV1_C93643,C93643,0.8589099095685684
SV1_C43836,C43836,0.9779485379015034
SV1_C46274,C46274,0.9605123882030443
SV1_C02514,C02514,0.9285801179320028
SV1_C54073,C54073,0.9472196041768757
SV1_C49874,C49874,0.9903890451818078
SV1_C97872,C97872,0.8983363824610867
SV1_C45604,C45604,0.9748576405015084
SV1_C80412,C80412,0.9269120497855984
SV1_C80490,C80490,0.8567785690681171
SV1_C33093,C33093,0.9937852812974631
SV1_C19285,C19285,0.913768900243048
SV1_C75695,C75695,0.9316324179807243
SV1_C69006,C69006,0.9604402562037481
SV1_C52842,C52842,0.9768892579229963
SV1_C91900,C91900,0.9561615405528155
SV1_C49206,C49206,0.9450923317031399
SV1_C64824,C64824,0.984645480905185
SV1_C25825,C25825,0.9455634033625951
SV1_C05484,C05484,0.921037334220608
SV1_C90608,C90608,0.912731161652503
SV1_C90085,C90085,0.9929879743761837
SV1_C81015,C81015,0.9351819537412
SV1_C85800,C85800,0.9016369820377191
SV1_C90690,C90690,0.9106976693843427
SV1_C43292,C43292,0.8659913490944315
SV1_C18074,C18074,0.9194313328696261
SV1_C84697,C84697,0.9850049836844115
SV1_C28912,C28912,0.9087854417599768
SV1_C96695,C96695,0.9305664947642948
SV1_C97230,C97230,0.9076196540178694
SV1_C60607,C60607,0.932088563839047
SV1_C08440,C08440,0.955554550095709
SV1_C93673,C93673,0.9662269260603531
SV1_C67825,C67825,0.9871531846875178
SV1_C70872,C70872,0.8784487979982601
SV1_C85309,C85309,0.9800614801879454
SV1_C65495,C65495,0.999455010488992
SV1_C49867,C49867,0.9423599137109099
SV1_C81119,C81119,0.9367634706215017
SV1_C89512,C89512,0.9995328855345624
SV1_C73233,C73233,0.9560454761708347
SV1_C90642,C90642,0.8974634674223594
SV1_C90657,C90657,0.871943287247856
SV1_C49853,C49853,0.9673011048774945
SV1_C94224,C94224,0.908330140596345
SV1_C52831,C52831,0.9945071263478027
SV1_C12635,C12635,0.9777976014225986
SV1_C21691,C21691,0.9940361696826768
SV1_C12613,C12613,0.9273429555232893
SV1_C88888,C88888,0.9716412872779383
SV1_C03629,C03629,0.9678326861425289
SV1_C94241,C94241,0.9843793387218102
SV1_C45009,C45009,0.9887571152791688
SV1_C100296,C100296,0.9371793153101392
SV1_C60695,C60695,0.9141447026285527
SV1_C42009,C42009,0.9902188918290674
SV1_C10245,C10245,0.9890868798692443
SV1_C51673,C51673,0.9867146122657146
SV1_C28283,C28283,0.9880331476169151
SV1_C12703,C12703,0.9875822721527449
SV1_C16272,C16272,0.9678238736461521
SV1_C65415,C65415,0.9158041670459997
SV1_C22275,C22275,0.9027782056918492
SV1_C61836,C61836,0.9140899995865391
SV1_C78119,C78119,0.9406931314469293
SV1_C57707,C57707,0.9162062699874506
SV1_C31272,C31272,0.988635351240348
SV1_C88315,C88315,0.9173481641062318
SV1_C28315,C28315,0.9453297577661819
SV1_C57046,C57046,0.9527438277856106
SV1_C09117,C09117,0.9136313135246034
SV1_C61915,C61915,0.8528073674449826
SV1_C76260,C76260,0.9773863835021781
SV1_C46224,C46224,0.9904719682939879
SV1_C94919,C94919,0.9985280248314731
SV1_C31908,C31908,0.9785800601734704
SV1_C75070,C75070,0.898457305192078
SV1_C29490,C29490,0.9416705540443685
SV1_C65500,C65500,0.9121171377185732
SV1_C54682,C54682,0.989316447175477
SV1_C15673,C15673,0.920662452882615
SV1_C37203,C37203,0.9317401327788961
SV1_C08496,C08496,0.9525204081224549
SV1_C60027,C60027,0.9784805998875684
SV1_C20413,C20413,0.904679625743888
SV1_C69090,C69090,0.9333732811807564
SV1_C78685,C78685,0.952637206002685
SV1_C82305,C82305,0.8975870840769682
SV1_C49883,C49883,0.9353524289877169
SV1_C24092,C24092,0.9847427797645419
SV1_C52876,C52876,0.9863308244360824
SV1_C17408,C17408,0.9066260491934675
SV1_C60116,C60116,0.9240275660230632
SV1_C60100,C60100,0.9124533542326742
SV1_C73289,C73289,0.9494182321539473
SV1_C72106,C72106,0.9302613706483154
SV1_C84601,C84601,0.9198624234558292
SV1_C62495,C62495,0.9137433242374396
SV1_C09011,C09011,0.9497833970327553
SV1_C04302,C04302,0.9433770876474296
SV1_C46884,C46884,0.9700258696357834
SV1_C61289,C61289,0.9941588688227514
SV1_C70841,C70841,0.8958523127874318
SV1_C10899,C10899,0.8841737404753665
SV1_C99618,C99618,0.9285822632215701
SV1_C63636,C63636,0.962632144920582
SV1_C10248,C10248,0.9331230799735629
SV1_C61893,C61893,0.9235482432508596
SV1_C54101,C54101,0.9887612735145732
SV1_C79290,C79290,0.8617366683724161
SV1_C10280,C10280,0.9755980046041628
SV1_C16873,C16873,0.9503390247982503
SV1_C90065,C90065,0.9236545429629832
SV1_C17473,C17473,0.9603506534136427
SV1_C39001,C39001,0.9969000123319863
SV1_C34307,C34307,0.9272803570980401
SV1_C13869,C13869,0.9766498403783082
SV1_C96114,C96114,0.9298904449541407
SV1_C22210,C22210,0.916963797877183
SV1_C73297,C73297,0.9841713774941556
SV1_C91297,C91297,0.9162954819973894
SV1_C47517,C47517,0.9939277170329002
SV1_C56408,C56408,0.9894365676414425
SV1_C78035,C78035,0.9878057156821963
SV1_C67846,C67846,0.9576396960908181
SV1_C69623,C69623,0.956935584136285
SV1_C93070,C93070,0.9460162849607775
SV1_C91862,C91862,0.9337242113176824
SV1_C87602,C87602,0.936890902452553
SV1_C81109,C81109,0.8903268464833728
SV1_C86412,C86412,0.8862841207831914
SV1_C50485,C50485,0.9702483985726607
SV1_C73886,C73886,0.9539295526868036
SV1_C72085,C72085,0.9283995230533914
SV1_C47435,C47435,0.9935539713342572
SV1_C28204,C28204,0.9403603686066724
SV1_C31883,C31883,0.9082841853798265
SV1_C91885,C91885,0.9483260230713522
SV1_C35475,C35475,0.903850777926044
SV1_C49851,C49851,0.925903904261539
SV1_C31915,C31915,0.9411797485911328
SV1_C45637,C45637,0.9909888572361941
SV1_C82895,C82895,0.9697799011727385
SV1_C04873,C04873,0.981596592896817
SV1_C77478,C77478,0.9986988706186947
SV1_C48053,C48053,0.9444459733040911
SV1_C06623,C06623,0.9512524717029824
SV1_C97839,C97839,0.9806726515543762
SV1_C78027,C78027,0.9848533155771444
SV1_C75026,C75026,0.9087817996353086
SV1_C77465,C77465,0.9270408046745862
SV1_C63000,C63000,0.91965203236006
SV1_C25888,C25888,0.9107460797967778
SV1_C15033,C15033,0.9162459043481516
SV1_C63706,C63706,0.9536576854583781
SV1_C97278,C97278,0.9646646435110375
SV1_C97295,C97295,0.9514889870640383
SV1_C63619,C63619,0.9395212439009086
SV1_C05441,C05441,0.9399805835612507
SV1_C78075,C78075,0.9479540888754872
SV1_C73899,C73899,0.9160860236868026
SV1_C78714,C78714,0.9239147610941422
SV1_C95425,C95425,0.8941288651364964
SV1_C21695,C21695,0.92172520776003
SV1_C47512,C47512,0.9350928986612124
SV1_C87631,C87631,0.9873257392993705
SV1_C74462,C74462,0.9307586528519077
SV1_C63605,C63605,0.9293005329342419
SV1_C04840,C04840,0.8949634341897197
SV1_C97281,C97281,0.9225142800883053
SV1_C10815,C10815,0.9742708316006354
SV1_C63693,C63693,0.8839299262410879
SV1_C26445,C26445,0.9851977534205362
SV1_C23442,C23442,0.9841824222854456
SV1_C87041,C87041,0.9331748327183778
SV1_C48109,C48109,0.9516466353180804
SV1_C54106,C54106,0.9609951445466988
SV1_C23496,C23496,0.951410547534286
SV1_C93087,C93087,0.8858725681395377
SV1_C69026,C69026,0.9956175002418757
SV1_C31898,C31898,0.9272337894702699
SV1_C75010,C75010,0.9853269146848171
SV1_C31277,C31277,0.9720379587399608
SV1_C72058,C72058,0.9381084738345582
SV1_C00601,C00601,0.9980399074319964
SV1_C57072,C57072,0.9936918338387474
SV1_C71433,C71433,0.963497266361534
SV1_C90678,C90678,0.922461098592047
SV1_C28205,C28205,0.9669614938814092
SV1_C51708,C51708,0.9835056692537166
SV1_C86433,C86433,0.9911892875016933
SV1_C41403,C41403,0.9990230007618017
SV1_C78073,C78073,0.9497723915973556
SV1_C75019,C75019,0.9751615973584105
SV1_C03004,C03004,0.9814639090099528
SV1_C22901,C22901,0.9289959857069723
SV1_C48614,C48614,0.942685721939509
SV1_C51004,C51004,0.9941782951888101
SV1_C90620,C90620,0.8998429590012264
SV1_C21640,C21640,0.9690236711640308
SV1_C57690,C57690,0.8983766070398232
SV1_C18689,C18689,0.9658537065212677
SV1_C12609,C12609,0.8905656292497875
SV1_C09608,C09608,0.9279032652163224
SV1_C29496,C29496,0.9975662550284206
SV1_C24641,C24641,0.9489883526535631
SV1_C25299,C25299,0.9892401147666735
SV1_C07843,C07843,0.9133973963849378
SV1_C71435,C71435,0.9366934114867956
SV1_C90627,C90627,0.9594304541687447
SV1_C43867,C43867,0.9484872214017334
SV1_C55888,C55888,0.947706194817911
SV1_C22918,C22918,0.9500609626162572
SV1_C95419,C95419,0.960145216822145
SV1_C43236,C43236,0.974256716875101
SV1_C60672,C60672,0.9402599944674263
SV1_C74463,C74463,0.969843052394227
SV1_C12004,C12004,0.9184235906599003
SV1_C19892,C19892,0.9154933609521203
SV1_C93105,C93105,0.9987506637935158
SV1_C69028,C69028,0.9713068222709488
SV1_C16843,C16843,0.9905218863488737
SV1_C43918,C43918,0.9376889158339271
SV1_C58837,C58837,0.9990047415822663
SV1_C09708,C09708,0.96935661522559
SV1_C18618,C18618,0.9094976489032268
SV1_C00085,C00085,0.8808429961416987
SV1_C48072,C48072,0.9325443286691787
SV1_C62484,C62484,0.9563734901796912
SV1_C91225,C91225,0.9563624360460816
SV1_C87625,C87625,0.9963763611835831
SV1_C85296,C85296,0.9929475189737326
SV1_C78652,C78652,0.9374285223061861
SV1_C54018,C54018,0.9158381392312108
SV1_C00632,C00632,0.9784916795028916
SV1_C46812,C46812,0.9695121200547023
SV1_C18605,C18605,0.9160169510049263
SV1_C76319,C76319,0.9626863086260841
SV1_C10882,C10882,0.9240760891919235
SV1_C88234,C88234,0.9682999000733072
SV1_C75603,C75603,0.9066907222803376
SV1_C92504,C92504,0.9844370266833187
SV1_C13890,C13890,0.8615905968847367
SV1_C73301,C73301,0.9834610608666486
SV1_C13905,C13905,0.9829718724888097
SV1_C44430,C44430,0.9629484238545057
SV1_C97302,C97302,0.9909670241640111
SV1_C59479,C59479,0.9964430827211012
SV1_C79889,C79889,0.9348202074471231
SV1_C96642,C96642,0.9204814866503145
SV1_C56438,C56438,0.9884375428141553
SV1_C11403,C11403,0.9128061507821096
SV1_C97908,C97908,0.9005251322317661
SV1_C07820,C07820,0.9511791854535555
SV1_C84107,C84107,0.9390624056466621
SV1_C32507,C32507,0.9805678346479991
SV1_C10883,C10883,0.9253223370091704
SV1_C49203,C49203,0.9503240696183932
SV1_C66002,C66002,0.9424683928293952
SV1_C82215,C82215,0.9416088760322052
SV1_C87647,C87647,0.999565303393078
SV1_C57007,C57007,0.9064591929773109
SV1_C58812,C58812,0.9532288522993079
SV1_C72665,C72665,0.9476358172933494
SV1_C90001,C90001,0.9140839540799885
SV1_C85909,C85909,0.9690257924190637
SV1_C33710,C33710,0.9739005605473067
SV1_C70272,C70272,0.9412290688523228
SV1_C13853,C13853,0.9445099241774623
SV1_C01237,C01237,0.9965366883363017
SV1_C16833,C16833,0.9236768689913011
SV1_C01918,C01918,0.9230562807906093
SV1_C72092,C72092,0.9315069136576185
SV1_C24115,C24115,0.9483712447779346
SV1_C61818,C61818,0.9529756454230836
SV1_C61873,C61873,0.9216479003936969
SV1_C87047,C87047,0.9982956965713357
SV1_C64218,C64218,0.9170325252365831
SV1_C94236,C94236,0.9695336314554726
SV1_C82919,C82919,0.9573847394433078
SV1_C76909,C76909,0.9636306150306899
SV1_C45687,C45687,0.980103920090858
SV1_C76299,C76299,0.9311065928829099
SV1_C87091,C87091,0.9029137065732575
SV1_C25276,C25276,0.9942347962244351
SV1_C18687,C18687,0.9554447018341767
SV1_C52242,C52242,0.9672728742961494
SV1_C25221,C25221,0.9590645724667187
SV1_C90035,C90035,0.9817733311439659
SV1_C15676,C15676,0.9552278254530019
SV1_C51102,C51102,0.9661109341865878
SV1_C93626,C93626,0.8637042481993743
SV1_C12697,C12697,0.9668424179091519
SV1_C44411,C44411,0.9981602255568907
SV1_C48686,C48686,0.9719720687684434
SV1_C36620,C36620,0.9948009805656399
SV1_C54619,C54619,0.9345252167561745
SV1_C33716,C33716,0.9831773115755019
SV1_C58836,C58836,0.9864849364473285
SV1_C48024,C48024,0.9468617985144518
SV1_C27672,C27672,0.9703542962072701
SV1_C93015,C93015,0.9423221535034001
SV1_C58898,C58898,0.9634652851357443
SV1_C98518,C98518,0.926865109849967
SV1_C70306,C70306,0.9607167994350034
SV1_C77407,C77407,0.9631537565177718
SV1_C60039,C60039,0.9664560759042751
SV1_C01820,C01820,0.9983524940632978
SV1_C12056,C12056,0.9670147496783578
SV1_C25285,C25285,0.9727796514229605
SV1_C27029,C27029,0.9468259345014473
SV1_C12680,C12680,0.9478826537226751
SV1_C91850,C91850,0.923471313636211
SV1_C70223,C70223,0.9898601322494017
SV1_C73306,C73306,0.9459099158455682
SV1_C10902,C10902,0.9284720511719322
SV1_C97840,C97840,0.9821588778929116
SV1_C94840,C94840,0.997414399795858
SV1_C90083,C90083,0.9843272045715701
SV1_C86410,C86410,0.9391852802716687
SV1_C74484,C74484,0.9158079950146851
SV1_C15032,C15032,0.931601788416388
SV1_C72062,C72062,0.9149750870914624
SV1_C68419,C68419,0.9218677113823566
SV1_C10212,C10212,0.9678987463531487
SV1_C64319,C64319,0.8591346060262213
SV1_C47457,C47457,0.975916198149688
SV1_C74421,C74421,0.9467921584517668
SV1_C46815,C46815,0.9819432039648679
SV1_C09048,C09048,0.9367900671245311
SV1_C69686,C69686,0.9577463671826643
SV1_C40219,C40219,0.9479923305035743
SV1_C34883,C34883,0.9077632193156688
SV1_C26411,C26411,0.9572624832352838
SV1_C85811,C85811,0.9524526099663978
SV1_C70847,C70847,0.8993442461945939
SV1_C39615,C39615,0.9636039161203263
SV1_C81096,C81096,0.8842427850312988
SV1_C07290,C07290,0.9543163036722645
SV1_C00035,C00035,0.9908033687809802
SV1_C54683,C54683,0.9648940509149152
SV1_C45619,C45619,0.9445798695426969
SV1_C27021,C27021,0.9486431459772943
SV1_C04288,C04288,0.911107607905665
SV1_C07250,C07250,0.9863950738786416
SV1_C15009,C15009,0.9204624231948073
SV1_C49828,C49828,0.9891594199865724
SV1_C48050,C48050,0.9129472891778196
SV1_C24078,C24078,0.9075537668182132
SV1_C60006,C60006,0.9827315229855342
SV1_C37222,C37222,0.9845392288579331
SV1_C15616,C15616,0.9500560374573851
SV1_C63102,C63102,0.9541697646962033
SV1_C20419,C20419,0.979582133484317
SV1_C47518,C47518,0.9536122418316174
SV1_C19275,C19275,0.976541395526926
SV1_C97899,C97899,0.9138690452862841
SV1_C27673,C27673,0.9624250477276193
SV1_C76914,C76914,0.9076500646673028
SV1_C09665,C09665,0.9038057283643061
SV1_C71403,C71403,0.935320491773774
SV1_C77423,C77423,0.9152271985204228
SV1_C30716,C30716,0.9459892997549038
SV1_C05510,C05510,0.8897019649108331
SV1_C34907,C34907,0.9277114135174652
SV1_C30695,C30695,0.955679241594092
SV1_C74456,C74456,0.9885874005550249
SV1_C92404,C92404,0.9878953103021522
SV1_C34223,C34223,0.9348308986363016
SV1_C66018,C66018,0.8830496980845095
SV1_C68510,C68510,0.976825606467262
SV1_C13219,C13219,0.9126944034996783
SV1_C18023,C18023,0.9487660766098368
SV1_C62440,C62440,0.8779392066466257
SV1_C97277,C97277,0.9250274973299811
SV1_C06010,C06010,0.954205332191741
SV1_C29517,C29517,0.9769859982206064
SV1_C54627,C54627,0.9580030942557015
SV1_C67817,C67817,0.9198929969969627
SV1_C46826,C46826,0.9587533861699347
SV1_C82804,C82804,0.953455845224602
SV1_C66017,C66017,0.9183252347516484
SV1_C03102,C03102,0.9866028495087423
SV1_C37814,C37814,0.9774371294938934
SV1_C25203,C25203,0.9783865790234614
SV1_C95487,C95487,0.938100944874772
SV1_C60638,C60638,0.9375052758436966
SV1_C54114,C54114,0.935108374820027
SV1_C76241,C76241,0.9693524853204136
SV1_C100204,C100204,0.9096987293211476
SV1_C07809,C07809,0.9437850170207096
SV1_C46800,C46800,0.9552133013264659
SV1_C20422,C20422,0.9517269091015044
SV1_C85308,C85308,0.9710011352653347
SV1_C54003,C54003,0.8615802476656845
SV1_C81000,C81000,0.9434983313733372
SV1_C76903,C76903,0.9246020914433166
SV1_C69003,C69003,0.9927298229472684
SV1_C96110,C96110,0.9863574495654125
SV1_C09079,C09079,0.9589338063471945
SV1_C05427,C05427,0.9006424614696288
SV1_C60026,C60026,0.9011475514427262
SV1_C60030,C60030,0.9080310435881783
SV1_C00007,C00007,0.9851395113971272
SV1_C94281,C94281,0.9610692134311184
SV1_C42613,C42613,0.9893768151454843
SV1_C86493,C86493,0.9901996369488468
SV1_C93115,C93115,0.9446782834586185
SV1_C09050,C09050,0.9988712739539913
SV1_C69110,C69110,0.9666988972839087
SV1_C91202,C91202,0.9389261580822504
SV1_C45059,C45059,0.9979614687804788
SV1_C62424,C62424,0.9632785434770249
SV1_C25219,C25219,0.9762080911483046
SV1_C79895,C79895,0.9994431554816443
SV1_C49827,C49827,0.8944631691868188
SV1_C78717,C78717,0.9429963365567976
SV1_C52274,C52274,0.9200317165042022
SV1_C52201,C52201,0.9940528062260171
SV1_C28201,C28201,0.9665325010732565
SV1_C99114,C99114,0.9869228387613176
SV1_C76280,C76280,0.900922922158969
SV1_C18014,C18014,0.9333253189898078
SV1_C23514,C23514,0.8816046095729696
SV1_C42013,C42013,0.982956364671945
SV1_C04235,C04235,0.9396513721290303
SV1_C51710,C51710,0.9614417471643768
SV1_C18039,C18039,0.9575798964741588
SV1_C76882,C76882,0.97612164418479
SV1_C01840,C01840,0.9554446332582203
SV1_C27097,C27097,0.9782096528875648
SV1_C54687,C54687,0.9567704196757666
SV1_C32492,C32492,0.976004339910505
SV1_C44514,C44514,0.926604913472458
SV1_C43260,C43260,0.9785057787774883
SV1_C97845,C97845,0.9546406222601426
SV1_C19873,C19873,0.9185900116510612
SV1_C74417,C74417,0.946357924989694
SV1_C53439,C53439,0.9764494258838876
SV1_C46871,C46871,0.921944678610157
SV1_C86505,C86505,0.9416558534721307
SV1_C83414,C83414,0.9081856244489278
SV1_C57081,C57081,0.9981550006879008
SV1_C60684,C60684,0.930431773310891
SV1_C45039,C45039,0.9729440755790181
SV1_C74448,C74448,0.9751331933568116
SV1_C03719,C03719,0.9860933049696033
SV1_C58822,C58822,0.9218134589139387
SV1_C13260,C13260,0.9834503514763167
SV1_C24618,C24618,0.923853110026129
SV1_C91877,C91877,0.9529202881988168
SV1_C24004,C24004,0.9097646011003583
SV1_C64229,C64229,0.945855088821539
SV1_C43282,C43282,0.9594054033006723
SV1_C02487,C02487,0.9804582374640229
SV1_C33685,C33685,0.9285924109603777
SV1_C06101,C06101,0.9676081421252318
SV1_C75642,C75642,0.9161923662792744
SV1_C46316,C46316,0.9983863918893049
SV1_C01209,C01209,0.9994143995331985
SV1_C42601,C42601,0.9968611217312603
SV1_C74447,C74447,0.9658511137055016
SV1_C72064,C72064,0.9555917667673652
SV1_C97200,C97200,0.998620935160434
SV1_C22304,C22304,0.9259030381003149
SV1_C09119,C09119,0.9727934864422212
SV1_C91206,C91206,0.9448997305342319
SV1_C14442,C14442,0.9447830657653489
SV1_C87103,C87103,0.9718969292964489
SV1_C95427,C95427,0.9780370844514823
SV1_C91904,C91904,0.9545443559451856
SV1_C01232,C01232,0.9807415038876481
SV1_C71505,C71505,0.94254702426235
SV1_C16885,C16885,0.9299365411117744
SV1_C73216,C73216,0.9407394516775417
SV1_C06691,C06691,0.8669002524331374
SV1_C06013,C06013,0.9883126210019989
SV1_C00027,C00027,0.9803438116254766
SV1_C93059,C93059,0.9894530285054968
SV1_C50444,C50444,0.992734241161409
SV1_C40810,C40810,0.9529506447047369
SV1_C90711,C90711,0.9862029381429411
SV1_C51644,C51644,0.9937500620499661
SV1_C90030,C90030,0.9629868429395313
SV1_C24710,C24710,0.9137847557322767
SV1_C58200,C58200,0.9452637876079115
SV1_C77432,C77432,0.9866462509384923
SV1_C44435,C44435,0.9435051683424265
SV1_C02419,C02419,0.9808953554737773
SV1_C74479,C74479,0.9896530641200748
SV1_C60673,C60673,0.9573773596804204
SV1_C07306,C07306,0.8958800998445856
SV1_C51095,C51095,0.9099767616774921
SV1_C94898,C94898,0.9993565331684519
SV1_C66087,C66087,0.9786176763412171
SV1_C24036,C24036,0.9863664636200112
SV1_C79291,C79291,0.9604927521454751
SV1_C21673,C21673,0.9589950508891164
SV1_C12618,C12618,0.9311209623688478
SV1_C01896,C01896,0.9154170779778248
SV1_C53477,C53477,0.970016355771063
SV1_C90614,C90614,0.9790888201544058
SV1_C67843,C67843,0.9425245411411639
SV1_C87114,C87114,0.9408483521408121
SV1_C60715,C60715,0.8720224860004944
SV1_C75654,C75654,0.9455084454450616
SV1_C28876,C28876,0.9423121304239027
SV1_C86485,C86485,0.9621409366900021
SV1_C67895,C67895,0.9851920764928155
SV1_C01839,C01839,0.9973132575014095
SV1_C04232,C04232,0.9528794945417568
SV1_C55815,C55815,0.9080768741411858
SV1_C10865,C10865,0.8973536963055498
SV1_C96616,C96616,0.9542786479117423
SV1_C15034,C15034,0.980656436554881
SV1_C72082,C72082,0.910369695222672
SV1_C31214,C31214,0.9305489987841293
SV1_C22886,C22886,0.8891045489432546
SV1_C04898,C04898,0.9016588055651684
SV1_C48042,C48042,0.8796049990266638
SV1_C60107,C60107,0.910864010480687
SV1_C15688,C15688,0.9790148074388285
SV1_C00103,C00103,0.9110672507192169
SV1_C36018,C36018,0.9445735987155814
SV1_C88911,C88911,0.97302072219084
SV1_C100210,C100210,0.877314713158923
SV1_C50422,C50422,0.9639447240578874
SV1_C91913,C91913,0.9123034227342368
SV1_C20445,C20445,0.9595225581643669
SV1_C53510,C53510,0.9612119719699633
SV1_C84709,C84709,0.9641917656905966
SV1_C91880,C91880,0.9589303807959513
SV1_C95413,C95413,0.9753679145834347
SV1_C19217,C19217,0.923973396849611
SV1_C10851,C10851,0.9252062917750866
SV1_C24011,C24011,0.9928764326896414
SV1_C07838,C07838,0.9613421502530254
SV1_C64308,C64308,0.994338440628741
SV1_C22842,C22842,0.9757669539942758
SV1_C53512,C53512,0.931014270311189
SV1_C28918,C28918,0.9995516428909035
SV1_C37800,C37800,0.9957662637970942
SV1_C25832,C25832,0.9125490619510505
SV1_C63094,C63094,0.9163988795671077
SV1_C77490,C77490,0.9069483118426541
SV1_C13278,C13278,0.9343668622128767
SV1_C99105,C99105,0.9152832358449353
SV1_C04883,C04883,0.9820718135697999
SV1_C21705,C21705,0.9009348619616667
SV1_C93019,C93019,0.907992653550584
SV1_C25297,C25297,0.9760360067315162
SV1_C89496,C89496,0.9361689218164675
SV1_C96703,C96703,0.9306661458358658
SV1_C31890,C31890,0.9326283798194065
SV1_C99634,C99634,0.9691141280607274
SV1_C01811,C01811,0.9932716730311452
SV1_C89470,C89470,0.9730213002394105
SV1_C72693,C72693,0.9321249468339164
SV1_C67890,C67890,0.9326642423214462
SV1_C05518,C05518,0.9058072570598343
SV1_C69023,C69023,0.9774461429901597
SV1_C94906,C94906,0.998524801628512
SV1_C48646,C48646,0.9565487392173915
SV1_C100247,C100247,0.9564879792227258
SV1_C75676,C75676,0.9187478090925462
SV1_C55222,C55222,0.9601186657407684
SV1_C100223,C100223,0.878200361038937
SV1_C06710,C06710,0.9172792821984285
SV1_C47465,C47465,0.9147075813245036
SV1_C36614,C36614,0.9767018458828672
SV1_C63044,C63044,0.9012508765641164
SV1_C93617,C93617,0.9281358798413696
SV1_C18087,C18087,0.9519618339984247
SV1_C13214,C13214,0.9117480046412944
SV1_C85900,C85900,0.984237327879112
SV1_C99642,C99642,0.9094346190285424
SV1_C46849,C46849,0.9867186933267866
SV1_C82279,C82279,0.9652936398701742
SV1_C59420,C59420,0.960616497330543
SV1_C51699,C51699,0.9315093857754185
SV1_C04912,C04912,0.9605103836839131
SV1_C86468,C86468,0.9757401424703765
SV1_C70211,C70211,0.9855253455074157
SV1_C91905,C91905,0.9602421473854919
SV1_C37218,C37218,0.9464994189056455
SV1_C35411,C35411,0.9226782680388603
SV1_C76298,C76298,0.9649746470718031
SV1_C00625,C00625,0.9701172711372406
SV1_C90600,C90600,0.897782612594129
SV1_C07894,C07894,0.9974705095792861
SV1_C43218,C43218,0.9614581191579249
SV1_C40205,C40205,0.9838937114350529
SV1_C46253,C46253,0.9962214498299796
SV1_C66680,C66680,0.9957389360931415
SV1_C78097,C78097,0.9520438111880543
SV1_C89428,C89428,0.9920363715846107
SV1_C08455,C08455,0.894484063353681
SV1_C55296,C55296,0.9399884518747104
SV1_C72664,C72664,0.9605274700854425
SV1_C83495,C83495,0.9490815131144781
SV1_C31902,C31902,0.9273042732883732
SV1_C90022,C90022,0.9375519457878292
SV1_C99079,C99079,0.9843416371559615
SV1_C01294,C01294,0.9353683113465517
SV1_C31904,C31904,0.9956264649369256
SV1_C24113,C24113,0.9131178394499756
SV1_C23437,C23437,0.9840597390774874
SV1_C63616,C63616,0.8999173651403231
SV1_C66043,C66043,0.9222677832177895
SV1_C27677,C27677,0.9669062723280337
SV1_C97841,C97841,0.9756647413502948
SV1_C67279,C67279,0.9965938757339012
SV1_C64831,C64831,0.9575510813303533
SV1_C62515,C62515,0.8545647199820444
SV1_C86464,C86464,0.8988047698951697
SV1_C57646,C57646,0.9103575555342615
SV1_C08402,C08402,0.9689881726249473
SV1_C93680,C93680,0.9219995030725566
SV1_C69707,C69707,0.9359048758102545
SV1_C09053,C09053,0.952730850651226
SV1_C83477,C83477,0.908721137571577
SV1_C04846,C04846,0.9824411130592985
SV1_C08494,C08494,0.9993545227106473
SV1_C28809,C28809,0.9329617342128232
SV1_C45667,C45667,0.944231433450427
SV1_C13817,C13817,0.9026869814947138
SV1_C69685,C69685,0.9337091683452836
SV1_C55283,C55283,0.92845625263523
SV1_C90088,C90088,0.9774755759695146
SV1_C48672,C48672,0.9244511614179298
SV1_C64213,C64213,0.9253503127310057
SV1_C96039,C96039,0.9622090822781865
SV1_C93714,C93714,0.9252852984439643
SV1_C21094,C21094,0.9473295202811145
SV1_C88267,C88267,0.9368730089665327
SV1_C94911,C94911,0.9195631912501837
SV1_C73844,C73844,0.9576384845218876
SV1_C10253,C10253,0.9500936201104029
SV1_C53428,C53428,0.9524047110562313
SV1_C44516,C44516,0.9902002704845763
SV1_C77430,C77430,0.9565972374900762
SV1_C04310,C04310,0.9193796640977315
SV1_C27072,C27072,0.9291168046344486
SV1_C09067,C09067,0.9632420017248602
SV1_C75115,C75115,0.9685820121273596
SV1_C49223,C49223,0.9518702228356399
SV1_C72713,C72713,0.9640105161527819
SV1_C43300,C43300,0.9913896053474065
SV1_C03682,C03682,0.9058914424606122
SV1_C52235,C52235,0.997005620655341
SV1_C35407,C35407,0.9204714533948453
SV1_C48657,C48657,0.920104410489404
SV1_C52916,C52916,0.9947772033243281
SV1_C50473,C50473,0.9892316492681045
SV1_C44421,C44421,0.9456807258307096
SV1_C76302,C76302,0.9650706664047461
SV1_C91879,C91879,0.9870117676603553
SV1_C75689,C75689,0.9491513872363349
SV1_C22232,C22232,0.9872005782806913
SV1_C12626,C12626,0.9065949053045347
SV1_C88299,C88299,0.9841743195369942
SV1_C99041,C99041,0.9175839474237536
SV1_C61310,C61310,0.9724439585042018
SV1_C22228,C22228,0.9783068208596895
SV1_C01828,C01828,0.9742360309437256
SV1_C62509,C62509,0.9290579401918359
SV1_C46877,C46877,0.987258734208622
SV1_C28223,C28223,0.956357473759133
SV1_C26517,C26517,0.995521366175313
SV1_C07241,C07241,0.9543334954933925
SV1_C51700,C51700,0.992763617601154
SV1_C18012,C18012,0.9245310561007397
SV1_C77459,C77459,0.9649291964460422
SV1_C67213,C67213,0.9682718638481463
SV1_C94830,C94830,0.8804214893064276
SV1_C86481,C86481,0.9558904249003286
SV1_C99020,C99020,0.9937244316940825
SV1_C52912,C52912,0.9329685515458768
SV1_C50511,C50511,0.9793649640917017
SV1_C93024,C93024,0.93953048741694
SV1_C25840,C25840,0.89900528473354
SV1_C13226,C13226,0.8914266914934745
SV1_C33074,C33074,0.9533458766726538
SV1_C27091,C27091,0.8993797696003453
SV1_C82276,C82276,0.9294580050860389
SV1_C16817,C16817,0.9422929428539595
SV1_C43853,C43853,0.9969752846917427
SV1_C23407,C23407,0.9872868964280009
SV1_C31274,C31274,0.9987428487586908
SV1_C42014,C42014,0.95576764897901
SV1_C72024,C72024,0.9483528478045791
SV1_C68444,C68444,0.8621458309047982
SV1_C72710,C72710,0.9190116794442862
SV1_C19809,C19809,0.919960758922279
SV1_C56508,C56508,0.9075997796853276
SV1_C09642,C09642,0.9914846079307
SV1_C58214,C58214,0.9996007480130297
SV1_C64216,C64216,0.8917250884653818
SV1_C13888,C13888,0.9207446133818056
SV1_C54679,C54679,0.9633939160364758
SV1_C48092,C48092,0.9883310628939451
SV1_C13916,C13916,0.9563289667420168
SV1_C99036,C99036,0.9667941154971664
SV1_C32504,C32504,0.9880204697650801
SV1_C27016,C27016,0.9630780087619067
SV1_C69713,C69713,0.8822607491950637
SV1_C70888,C70888,0.9089928971847187
SV1_C57010,C57010,0.9858226672913997
SV1_C48016,C48016,0.9323593288413301
SV1_C100291,C100291,0.9348819411913538
SV1_C87620,C87620,0.8655146998504153
SV1_C08418,C08418,0.9302750608616944
SV1_C72633,C72633,0.9551464103095797
SV1_C07826,C07826,0.9528748133609324
SV1_C76801,C76801,0.8822949189992837
SV1_C11474,C11474,0.8984226441626185
SV1_C48037,C48037,0.9482337759144341
SV1_C13298,C13298,0.9501224140938637
SV1_C88263,C88263,0.9870656185183467
SV1_C57040,C57040,0.9353298734108825
SV1_C03613,C03613,0.9707696983246468
SV1_C94291,C94291,0.897058815178435
SV1_C06042,C06042,0.9193427203765377
SV1_C94834,C94834,0.8762511577414993
SV1_C92480,C92480,0.9909397343411559
SV1_C31880,C31880,0.9927899220441885
SV1_C44505,C44505,0.999512194584808
SV1_C90086,C90086,0.9317239770346366
SV1_C96118,C96118,0.9526456734514268
SV1_C01212,C01212,0.9834560539330941
SV1_C08492,C08492,0.9308955158242461
SV1_C03694,C03694,0.9224775265066565
SV1_C99026,C99026,0.9483396237623722
SV1_C81116,C81116,0.9440173467070633
SV1_C09084,C09084,0.9602432751459288
SV1_C21696,C21696,0.9162312473875466
SV1_C10243,C10243,0.8980387890686458
SV1_C77452,C77452,0.9389932390203134
SV1_C18076,C18076,0.9973778090260158
SV1_C26436,C26436,0.8700918002674347
SV1_C46909,C46909,0.9856022651246443
SV1_C54676,C54676,0.9277938824723786
SV1_C73284,C73284,0.9206039682956382
SV1_C90014,C90014,0.9721420956560297
SV1_C56478,C56478,0.9588052155743635
SV1_C99092,C99092,0.9165730602210794
SV1_C56502,C56502,0.9157954149981383
SV1_C14416,C14416,0.9502447370265811
SV1_C82287,C82287,0.9910273789243131
SV1_C55217,C55217,0.9481890477415751
SV1_C12644,C12644,0.9527941035516182
SV1_C18638,C18638,0.8953673306119746
SV1_C85883,C85883,0.9203913879696304
SV1_C96677,C96677,0.9439422932282358
SV1_C46239,C46239,0.9631104957337674
SV1_C57634,C57634,0.9312944343863186
SV1_C17412,C17412,0.9132705546745251
SV1_C15626,C15626,0.9543556723814366
SV1_C95436,C95436,0.9734533871609252
SV1_C13305,C13305,0.9920915394444493
SV1_C06612,C06612,0.9562959332965927
SV1_C81715,C81715,0.881655029900607
SV1_C79886,C79886,0.9018013319653666
SV1_C80414,C80414,0.8942214491226321
SV1_C15007,C15007,0.8974461228717322
SV1_C96000,C96000,0.9919323813966223
SV1_C70225,C70225,0.9129369919359331
SV1_C67283,C67283,0.9958021553920693
SV1_C02433,C02433,0.9877781295344539
SV1_C86453,C86453,0.8842845872252316
SV1_C73806,C73806,0.9949797537424588
SV1_C90636,C90636,0.967274956571307
SV1_C69624,C69624,0.9268313847579293
SV1_C92517,C92517,0.9885035389971946
SV1_C10830,C10830,0.9326989975101665
SV1_C60605,C60605,0.9587092533793755
SV1_C67873,C67873,0.9646835128052227
SV1_C24701,C24701,0.9607075372633409
SV1_C12095,C12095,0.9063833751627219
SV1_C24094,C24094,0.9128929234287676
SV1_C98415,C98415,0.9903383788488411
SV1_C51688,C51688,0.9563113246864293
SV1_C49222,C49222,0.9641930201372689
SV1_C64233,C64233,0.9450928037305281
SV1_C75048,C75048,0.9733526697545473
SV1_C84688,C84688,0.9197107721982298
SV1_C55819,C55819,0.8967432987861724
SV1_C10884,C10884,0.9473480063311553
SV1_C75670,C75670,0.903022954035892
SV1_C89475,C89475,0.9742310908689947
SV1_C50408,C50408,0.9897528867215193
SV1_C55211,C55211,0.8924576366964903
SV1_C02402,C02402,0.9631390597018837
SV1_C87078,C87078,0.8944228463301794
SV1_C15618,C15618,0.9381816100840564
SV1_C25906,C25906,0.9237973300902673
SV1_C99086,C99086,0.9291430216845527
SV1_C84718,C84718,0.8735156845264967
SV1_C69013,C69013,0.9741497256974149
SV1_C73258,C73258,0.9480481179212207
SV1_C49294,C49294,0.9402666586739955
SV1_C57628,C57628,0.969178813371966
SV1_C17414,C17414,0.9428975808932328
SV1_C13862,C13862,0.9474400811478793
SV1_C18020,C18020,0.9878423315241727
SV1_C87032,C87032,0.9902095945464816
SV1_C88876,C88876,0.9821733330636958
SV1_C10201,C10201,0.9274140159099463
SV1_C66104,C66104,0.9101188992960575
SV1_C54013,C54013,0.9847153715570307
SV1_C83494,C83494,0.9472734376915469
SV1_C47440,C47440,0.9108423245858795
SV1_C54643,C54643,0.8965121407988648
SV1_C67910,C67910,0.9791975704319122
SV1_C48678,C48678,0.9867511190056615
SV1_C51633,C51633,0.9135128218259965
SV1_C55201,C55201,0.9788381688537395
SV1_C63704,C63704,0.9764900206353321
SV1_C16279,C16279,0.9276426199734247
SV1_C43245,C43245,0.9661075196547185
SV1_C64891,C64891,0.9079895273209839
SV1_C77507,C77507,0.958457309306905
SV1_C00109,C00109,0.9287358397144898
SV1_C89427,C89427,0.9801427259462981
SV1_C92468,C92468,0.9289152769334685
SV1_C51042,C51042,0.9441150621469687
SV1_C00687,C00687,0.9522046081395371
SV1_C61880,C61880,0.9273058542505392
SV1_C49313,C49313,0.9568348247618246
SV1_C18626,C18626,0.9214033209134895
SV1_C71477,C71477,0.9923743776403045
SV1_C45019,C45019,0.9447623823351967
SV1_C71509,C71509,0.9318334619630121
SV1_C06029,C06029,0.9646452433357684
SV1_C88200,C88200,0.8802363429712526
SV1_C100281,C100281,0.9275873650185966
SV1_C46848,C46848,0.9793228966851414
SV1_C87696,C87696,0.9380419435384664
SV1_C90042,C90042,0.9065395282830339
SV1_C35418,C35418,0.9609945435141503
SV1_C67238,C67238,0.9364754991372415
SV1_C41404,C41404,0.9737084429306032
SV1_C10825,C10825,0.9758495886772101
SV1_C04833,C04833,0.9228801877830844
SV1_C03644,C03644,0.9946486349271406
SV1_C05437,C05437,0.9202764135419359
SV1_C90666,C90666,0.8902861629339481
SV1_C34820,C34820,0.9658913413238156
SV1_C92405,C92405,0.9924858686528767
SV1_C69681,C69681,0.903211271648265
SV1_C61282,C61282,0.9935702148370172
SV1_C04301,C04301,0.9362770357534087
SV1_C64224,C64224,0.9443983113334304
SV1_C85805,C85805,0.9053782581883953
SV1_C55828,C55828,0.9733576432325795
SV1_C25826,C25826,0.9907510617806445
SV1_C44496,C44496,0.9934388313460434
SV1_C09044,C09044,0.9900437294231832
SV1_C26427,C26427,0.9279025435428577
SV1_C74465,C74465,0.9569080943350177
SV1_C32494,C32494,0.9466493097100966
SV1_C27047,C27047,0.9888076186468596
SV1_C24625,C24625,0.937358091646035
SV1_C69600,C69600,0.9725126670360241
SV1_C48111,C48111,0.9346396922769131
SV1_C06106,C06106,0.9278278481280708
SV1_C94847,C94847,0.9275049644970748
SV1_C49309,C49309,0.97684031767668
SV1_C00711,C00711,0.9102138232738732
SV1_C15036,C15036,0.8938450254796522
SV1_C72048,C72048,0.9676285032686294
SV1_C02518,C02518,0.9214609710595013
SV1_C08456,C08456,0.9478342642236086
SV1_C76841,C76841,0.9313555283087023
SV1_C60698,C60698,0.9877096182521131
SV1_C60033,C60033,0.9742876873116678
SV1_C100285,C100285,0.9561974959745195
SV1_C57084,C57084,0.9752746599126382
SV1_C51672,C51672,0.996194605396305
SV1_C81083,C81083,0.9851501152092266
SV1_C58823,C58823,0.9569122081479521
SV1_C69622,C69622,0.9414486873773827
SV1_C80416,C80416,0.9276587210574866
SV1_C66098,C66098,0.9930669652750765
SV1_C11454,C11454,0.9740054304389388
SV1_C59434,C59434,0.9257839542259522
SV1_C49870,C49870,0.9482111516411731
SV1_C78068,C78068,0.9825609794723442
SV1_C30100,C30100,0.9990883148437261
SV1_C07281,C07281,0.9942776318134277
SV1_C03600,C03600,0.9677048523940452
SV1_C04298,C04298,0.943308241987232
SV1_C91884,C91884,0.9521026457392423
SV1_C31879,C31879,0.8880675770813471
SV1_C03621,C03621,0.9806420256582223
SV1_C74467,C74467,0.9992805503920066
SV1_C09064,C09064,0.9187247324746861
SV1_C100294,C100294,0.9339766017735308
SV1_C31280,C31280,0.9863343818719773
SV1_C48662,C48662,0.9514120163093868
SV1_C51046,C51046,0.9711784077058173
SV1_C66045,C66045,0.9098544950379204
SV1_C12041,C12041,0.8808056331959084
SV1_C60604,C60604,0.9345585393370585
SV1_C03608,C03608,0.9696160248358584
SV1_C60610,C60610,0.9833259600935138
SV1_C48057,C48057,0.9456680235820021
SV1_C45070,C45070,0.9981110248724923
SV1_C33114,C33114,0.8883725125206234
SV1_C91288,C91288,0.963941462244196
SV1_C28901,C28901,0.9856308628064416
SV1_C43253,C43253,0.9942314131280571
SV1_C09057,C09057,0.9493342249458804
SV1_C54603,C54603,0.8739077494517921
SV1_C88218,C88218,0.9630036999935141
SV1_C21631,C21631,0.9750708555047534
SV1_C78111,C78111,0.961855561608152
SV1_C94201,C94201,0.9745417076461732
SV1_C99705,C99705,0.9297795127792186
SV1_C19800,C19800,0.915860078540054
SV1_C23434,C23434,0.9164089347863534
SV1_C58847,C58847,0.972489909183798
SV1_C48616,C48616,0.9469667428167835
SV1_C61245,C61245,0.8828225190353695
SV1_C61879,C61879,0.9852233630852154
SV1_C20418,C20418,0.9215648313395131
SV1_C81013,C81013,0.9260462616416765
SV1_C10275,C10275,0.9467018116165679
SV1_C75632,C75632,0.9220829348478963
SV1_C22897,C22897,0.9292875714558276
SV1_C67284,C67284,0.9761992334286299
SV1_C46876,C46876,0.9789692168332385
SV1_C12604,C12604,0.8872977968863058
SV1_C26409,C26409,0.9215133147860155
SV1_C29480,C29480,0.953458620815122
SV1_C43281,C43281,0.9941998468665555
SV1_C76870,C76870,0.8919590096323936
SV1_C06079,C06079,0.9406891798220456
SV1_C97805,C97805,0.9961639421199766
SV1_C46210,C46210,0.9575842068347465
SV1_C46249,C46249,0.994940493696333
SV1_C91304,C91304,0.9196432716641104
SV1_C68478,C68478,0.9638871181456908
SV1_C50438,C50438,0.8994849704265766
SV1_C28815,C28815,0.9025680105917457
SV1_C58319,C58319,0.8961898456181755
SV1_C88846,C88846,0.9750105497474217
SV1_C66011,C66011,0.9394771388454342
SV1_C01213,C01213,0.991454196142253
SV1_C63683,C63683,0.9345239247189665
SV1_C21006,C21006,0.9050644957799457
SV1_C41402,C41402,0.9578394376878125
SV1_C85279,C85279,0.9501063244161944
SV1_C19277,C19277,0.9264745659490854
SV1_C21616,C21616,0.9504616261571239
SV1_C90619,C90619,0.938414392154256
SV1_C22833,C22833,0.9732653669517803
SV1_C85290,C85290,0.9311557901932038
SV1_C48048,C48048,0.9363882614264339
SV1_C82291,C82291,0.9541004927972431
SV1_C68488,C68488,0.9681526082909742
SV1_C12682,C12682,0.9534718102308227
SV1_C45027,C45027,0.9541424553516709
SV1_C64243,C64243,0.9890439441845124
SV1_C58238,C58238,0.947212140111498
SV1_C91296,C91296,0.9136754431606096
SV1_C44438,C44438,0.9553173731190446
SV1_C66616,C66616,0.9133044459119048
SV1_C33679,C33679,0.8571775144483458
SV1_C49315,C49315,0.9426808434144326
SV1_C64893,C64893,0.9841336271448954
SV1_C46902,C46902,0.9663065763130843
SV1_C21638,C21638,0.9185044654307459
SV1_C16289,C16289,0.9936209468668089
SV1_C51087,C51087,0.98961597067691
SV1_C01881,C01881,0.9499012522342688
SV1_C76224,C76224,0.9351182211104324
SV1_C10878,C10878,0.9244678821304988
SV1_C72709,C72709,0.9535079058492296
SV1_C30707,C30707,0.9979287182231101
SV1_C00673,C00673,0.928672669370602
SV1_C46235,C46235,0.9696417500507759
SV1_C96630,C96630,0.9004571025382714
SV1_C84680,C84680,0.9225809235669838
SV1_C03106,C03106,0.9848490568730736
SV1_C06682,C06682,0.8765818352306604
SV1_C69676,C69676,0.8548471914995349
SV1_C37817,C37817,0.960322279264013
SV1_C43809,C43809,0.9929732519628333
SV1_C14440,C14440,0.9017749691924662
SV1_C69700,C69700,0.9719702210868513
SV1_C13300,C13300,0.9820833388994921
SV1_C68506,C68506,0.9956854898081049
SV1_C89490,C89490,0.9075418674932231
SV1_C88260,C88260,0.9170149882405708
SV1_C27027,C27027,0.8955591824850537
SV1_C87672,C87672,0.97111493483642
SV1_C62438,C62438,0.9413437822862237
SV1_C69626,C69626,0.9817646488958499
SV1_C96705,C96705,0.9686052165820214
SV1_C55306,C55306,0.9254004327517084
SV1_C60674,C60674,0.9710984151154334
SV1_C91301,C91301,0.9154436833237736
SV1_C78108,C78108,0.9636910931455178
SV1_C03715,C03715,0.9228239583934108
SV1_C54618,C54618,0.9128761414445618
SV1_C01319,C01319,0.9467110516590073
SV1_C99606,C99606,0.9169384619686772
SV1_C85217,C85217,0.9248440551329804
SV1_C12103,C12103,0.9467199745055354
SV1_C57600,C57600,0.946612608396314
SV1_C48035,C48035,0.9991698208273257
SV1_C98409,C98409,0.9932516288536344
SV1_C45693,C45693,0.9105062278017547
SV1_C87015,C87015,0.8919703964499565
SV1_C56514,C56514,0.9869093254863893
SV1_C28246,C28246,0.9319886386629457
SV1_C23476,C23476,0.9950057642774001
SV1_C49306,C49306,0.9935986806747221
SV1_C67810,C67810,0.956331879117454
SV1_C64837,C64837,0.9306637203651026
SV1_C90667,C90667,0.9074897720967632
SV1_C01293,C01293,0.993267150933099
SV1_C84014,C84014,0.9151121483375229
SV1_C88224,C88224,0.9927973673331406
SV1_C57630,C57630,0.9209309996383328
SV1_C04316,C04316,0.938853181288112
SV1_C47505,C47505,0.981205596526987
SV1_C72639,C72639,0.9097308450409799
SV1_C59411,C59411,0.9425422080048593
SV1_C51106,C51106,0.9670076580810918
SV1_C75003,C75003,0.9195546997391463
SV1_C81714,C81714,0.8899519203769448
SV1_C23477,C23477,0.9812383427714751
SV1_C73829,C73829,0.9563969164149622
SV1_C15021,C15021,0.9960319347529012
SV1_C95495,C95495,0.9268938814569342
SV1_C03023,C03023,0.980322718036417
SV1_C07307,C07307,0.8700313960926732
SV1_C06087,C06087,0.9272110927637642
SV1_C46264,C46264,0.9266604151399783
SV1_C50410,C50410,0.9497918010171063
SV1_C45603,C45603,0.9995991533280774
SV1_C01826,C01826,0.9230071853928092
SV1_C35413,C35413,0.926009176753486
SV1_C05422,C05422,0.9465501043407264
SV1_C73893,C73893,0.9328773042386785
SV1_C22282,C22282,0.869365989635391
SV1_C16823,C16823,0.9553980538209262
SV1_C12114,C12114,0.8807492091426599
SV1_C09028,C09028,0.9885989121676986
SV1_C43825,C43825,0.9932635243523981
SV1_C27646,C27646,0.9609065289420606
SV1_C67893,C67893,0.9898886362630623
SV1_C64237,C64237,0.9321336462076925
SV1_C64889,C64889,0.8758539166768984
SV1_C09700,C09700,0.9588493809758784
SV1_C86435,C86435,0.9897253117281656
SV1_C10284,C10284,0.9514396940213262
SV1_C93620,C93620,0.9000879322663521
SV1_C97221,C97221,0.935582861306345
SV1_C76913,C76913,0.8918008101341864
SV1_C79917,C79917,0.9373339832932492
SV1_C53503,C53503,0.9306242043435676
SV1_C55309,C55309,0.9417589465569395
SV1_C85200,C85200,0.8915271954079838
SV1_C14415,C14415,0.9081053298253124
SV1_C60635,C60635,0.9868392021260282
SV1_C73913,C73913,0.9628975972520797
SV1_C13255,C13255,0.9851785969798841
SV1_C75097,C75097,0.9973586350991349
SV1_C54008,C54008,0.9975077580275284
SV1_C76250,C76250,0.930082780071905
SV1_C96098,C96098,0.9991899889549886
SV1_C73314,C73314,0.9045267533965344
SV1_C58910,C58910,0.9359052520519013
SV1_C75648,C75648,0.9649142419614521
SV1_C98490,C98490,0.9179281265665449
SV1_C94306,C94306,0.9968237479680312
SV1_C51714,C51714,0.927974057641823
SV1_C12616,C12616,0.9629660784806318
SV1_C25222,C25222,0.983300005273192
SV1_C64283,C64283,0.9474944178891586
SV1_C77445,C77445,0.9195586540892676
SV1_C94801,C94801,0.979377566108181
SV1_C78049,C78049,0.9559612128166676
SV1_C88233,C88233,0.9994143458294202
SV1_C04837,C04837,0.9366905522987049
SV1_C82903,C82903,0.8991146571961544
SV1_C30618,C30618,0.9235264953052547
SV1_C54611,C54611,0.878057377171624
SV1_C58895,C58895,0.921710654088982
SV1_C57078,C57078,0.9725800594776481
SV1_C52217,C52217,0.9463064300493086
SV1_C40209,C40209,0.9836789903547146
SV1_C91890,C91890,0.8605350434696345
SV1_C18633,C18633,0.9858430220361913
SV1_C23406,C23406,0.9148208609606406
SV1_C12631,C12631,0.9803290691724613
SV1_C99081,C99081,0.9000793231956825
SV1_C90641,C90641,0.9243971073974966
SV1_C81078,C81078,0.912307143667899
SV1_C10813,C10813,0.965487193258329
SV1_C21646,C21646,0.9364847357732969
SV1_C45037,C45037,0.990017836150313
SV1_C63718,C63718,0.8966250864842671
SV1_C64302,C64302,0.9620125717875757
SV1_C88886,C88886,0.9245275785979175
SV1_C24613,C24613,0.9571237266076796
SV1_C02486,C02486,0.9520959664666135
SV1_C89436,C89436,0.9828299127703124
SV1_C04813,C04813,0.9855135456355811
SV1_C72658,C72658,0.9437470063356765
SV1_C13271,C13271,0.9873292713645332
SV1_C88291,C88291,0.9152417346106537
SV1_C93699,C93699,0.9318421430664033
SV1_C78601,C78601,0.9504737369722382
SV1_C15022,C15022,0.9632410137727792
SV1_C84013,C84013,0.9340894435708451
SV1_C44507,C44507,0.9983475635068466
SV1_C62434,C62434,0.9221999793348151
SV1_C83408,C83408,0.9529489471655778
SV1_C70822,C70822,0.9774528579233678
SV1_C49911,C49911,0.9395733415798402
SV1_C12607,C12607,0.947332017294625
SV1_C22225,C22225,0.9602532463079702
SV1_C82872,C82872,0.9231885247835728
SV1_C99610,C99610,0.9167241898205195
SV1_C72049,C72049,0.9508403402624592
SV1_C01309,C01309,0.9270734646743104
SV1_C76222,C76222,0.94376925474941
SV1_C66693,C66693,0.9917856332610835
SV1_C51630,C51630,0.9113106614319446
SV1_C15607,C15607,0.9084623706236171
SV1_C58293,C58293,0.9647626378546869
SV1_C68477,C68477,0.9440269964946981
SV1_C72065,C72065,0.9417657453405665
SV1_C86446,C86446,0.966048396465976
SV1_C40200,C40200,0.9792789036080565
SV1_C55915,C55915,0.9313432134312496
SV1_C52820,C52820,0.9513086095156956
SV1_C76878,C76878,0.9748007960789253
SV1_C87618,C87618,0.9547278670190841
SV1_C34902,C34902,0.9865996119933603
SV1_C49824,C49824,0.9863866256263769
SV1_C12658,C12658,0.9130163860920699
SV1_C09637,C09637,0.975528734841034
SV1_C48710,C48710,0.9880935082041954
SV1_C14477,C14477,0.9109069721589989
SV1_C10223,C10223,0.9371295915311103
SV1_C62483,C62483,0.9543476210617023
SV1_C03035,C03035,0.9772095447980049
SV1_C48018,C48018,0.9406460542029565
SV1_C79222,C79222,0.9500428110924977
SV1_C06105,C06105,0.964789824633515
SV1_C10258,C10258,0.9978225414399621
SV1_C45018,C45018,0.9580661047206191
SV1_C77414,C77414,0.8993768376968648
SV1_C88295,C88295,0.9843833484088529
SV1_C58886,C58886,0.9099841453485705
SV1_C78663,C78663,0.9080262479290626
SV1_C64839,C64839,0.9316388300348072
SV1_C50496,C50496,0.9889842442112983
SV1_C69697,C69697,0.9806727047999162
SV1_C87603,C87603,0.901045786025947
SV1_C67274,C67274,0.9473816080864467
SV1_C03005,C03005,0.9890399279845353
SV1_C25210,C25210,0.9125660071897612
SV1_C99629,C99629,0.9991342417466498
SV1_C13819,C13819,0.9247319937722301
SV1_C45714,C45714,0.9275236252448458
SV1_C67818,C67818,0.8854565710287979
SV1_C49919,C49919,0.9921357435506404
SV1_C87626,C87626,0.9641342669760103
SV1_C12643,C12643,0.8712143868485508
SV1_C95431,C95431,0.9772586738871857
SV1_C89406,C89406,0.9260702603029001
SV1_C31814,C31814,0.9346351449152783
SV1_C33073,C33073,0.9796517303553859
SV1_C17475,C17475,0.9095491594192283
SV1_C75032,C75032,0.9366686064572707
SV1_C44445,C44445,0.9721150386331462
SV1_C83491,C83491,0.9476755672590954
SV1_C90010,C90010,0.9465079531402186
SV1_C22243,C22243,0.9662908566367722
SV1_C82878,C82878,0.9579928569361934
SV1_C04892,C04892,0.9406730966731904
SV1_C87614,C87614,0.9398245589104496
SV1_C14424,C14424,0.9330837137165178
SV1_C96012,C96012,0.983318752530008
SV1_C48613,C48613,0.9851086653771796
SV1_C93075,C93075,0.9035753094838032
SV1_C88834,C88834,0.9693145731256871
SV1_C45040,C45040,0.9274745557467291
SV1_C88257,C88257,0.8928513283819681
SV1_C94876,C94876,0.91968124142858
SV1_C76254,C76254,0.9305876282527757
SV1_C78716,C78716,0.948458505466024
SV1_C52903,C52903,0.934113827546202
SV1_C69641,C69641,0.9115535099216058
SV1_C33611,C33611,0.9373563635618699
SV1_C53403,C53403,0.8640994862358834
SV1_C00076,C00076,0.929869020892344
SV1_C90640,C90640,0.9155542157435234
SV1_C22801,C22801,0.874575675382265
SV1_C90004,C90004,0.8978323353173707
SV1_C74513,C74513,0.9604763334444613
SV1_C98444,C98444,0.8976157737792503
SV1_C48637,C48637,0.949316022732807
SV1_C89435,C89435,0.9894548224566646
SV1_C49270,C49270,0.9414471871047306
SV1_C23487,C23487,0.9723241935090867
SV1_C68503,C68503,0.8986742071202097
SV1_C78615,C78615,0.9884633026486787
SV1_C16886,C16886,0.9592784549914682
SV1_C43233,C43233,0.9903724972253485
SV1_C97903,C97903,0.9138222004841975
SV1_C72638,C72638,0.9080683320259388
SV1_C84600,C84600,0.9249134196460613
SV1_C13873,C13873,0.9932701416372459
SV1_C54031,C54031,0.9770983092293315
SV1_C47410,C47410,0.9304582324879245
SV1_C15042,C15042,0.9446076922892946
SV1_C07221,C07221,0.9783202918740858
SV1_C33083,C33083,0.8662492623108227
SV1_C12665,C12665,0.9573902170128771
SV1_C92443,C92443,0.8885791374315851
SV1_C61318,C61318,0.9053202944527402
SV1_C30698,C30698,0.9290295184507262
SV1_C35412,C35412,0.9311613425882026
SV1_C52885,C52885,0.9598545719114103
SV1_C51641,C51641,0.9198640889888667
SV1_C01235,C01235,0.9894078231880692
SV1_C01279,C01279,0.949771992098004
SV1_C55242,C55242,0.9913681964636066
SV1_C72012,C72012,0.9226513316957972
SV1_C15633,C15633,0.918160065591395
SV1_C07300,C07300,0.939306786350012
SV1_C18643,C18643,0.9954710344735935
SV1_C55234,C55234,0.9573803322773398
SV1_C66703,C66703,0.9142242048979402
SV1_C10272,C10272,0.9775487048840356
SV1_C27094,C27094,0.9567264210312917
SV1_C63022,C63022,0.9312285129395679
SV1_C24029,C24029,0.9520164923416438
SV1_C19842,C19842,0.9304353390669445
SV1_C15686,C15686,0.9728955284937588
SV1_C25881,C25881,0.9725108682884144
SV1_C30005,C30005,0.9461951000453334
SV1_C10839,C10839,0.9517498109478691
SV1_C22205,C22205,0.8744220743883647
SV1_C51092,C51092,0.918951562182671
SV1_C54098,C54098,0.9579100166364948
SV1_C48093,C48093,0.9823913091475969
SV1_C88806,C88806,0.92982922629086
SV1_C92497,C92497,0.9912749076070678
SV1_C13900,C13900,0.9759843728145258
SV1_C12045,C12045,0.9765292375266579
SV1_C75075,C75075,0.9833724569533103
SV1_C59446,C59446,0.9161987214324661
SV1_C24612,C24612,0.9671114086685696
SV1_C49236,C49236,0.98999691025706
SV1_C99675,C99675,0.9450204972442824
SV1_C96073,C96073,0.9516447679960764
SV1_C54637,C54637,0.970407355206815
SV1_C67241,C67241,0.9208521612451109
SV1_C75665,C75665,0.9509384318328696
SV1_C73858,C73858,0.9508574404011246
SV1_C73822,C73822,0.9753106301307155
SV1_C96095,C96095,0.9225586404095577
SV1_C14480,C14480,0.9195903154686819
SV1_C09617,C09617,0.9756915440402841
SV1_C51009,C51009,0.9882649448529667
SV1_C90649,C90649,0.8620862194849006
SV1_C29420,C29420,0.9524089034786828
SV1_C31216,C31216,0.9590448788297576
SV1_C46822,C46822,0.990065454302908
SV1_C07899,C07899,0.8723984151727734
SV1_C09001,C09001,0.9392462289478671
SV1_C04841,C04841,0.9046703870099239
SV1_C92408,C92408,0.9866745786463389
SV1_C20480,C20480,0.9437746538970904
SV1_C05403,C05403,0.9096869464303458
SV1_C76860,C76860,0.9418421777145976
SV1_C89443,C89443,0.9760607080062721
SV1_C12117,C12117,0.9867108967503907
SV1_C99000,C99000,0.979751464255724
SV1_C43912,C43912,0.943043731161615
SV1_C14443,C14443,0.9536629012445347
SV1_C91834,C91834,0.9380453674667292
SV1_C69714,C69714,0.9166778702103837
SV1_C05508,C05508,0.9213938644181262
SV1_C21621,C21621,0.9780841803652403
SV1_C27695,C27695,0.924562365108023
SV1_C12101,C12101,0.9464458704911345
SV1_C46913,C46913,0.9431559951066109
SV1_C04894,C04894,0.8910553245214995
SV1_C19841,C19841,0.8983180442064678
SV1_C24714,C24714,0.8849813688805003
SV1_C02417,C02417,0.9379342183807594
SV1_C54041,C54041,0.9533222023260977
SV1_C45020,C45020,0.9321284236857568
SV1_C21713,C21713,0.8838743525926097
SV1_C10829,C10829,0.9766521341214994
SV1_C00677,C00677,0.9276325096398682
SV1_C98486,C98486,0.8997988806665245
SV1_C70887,C70887,0.9817684107504216
SV1_C18646,C18646,0.9853475904008444
SV1_C34895,C34895,0.9531598429911244
SV1_C69605,C69605,0.980750436292152
SV1_C28212,C28212,0.9313355973635999
SV1_C67246,C67246,0.9565703956870792
SV1_C75002,C75002,0.9851917051114522
SV1_C96622,C96622,0.9612080446404416
SV1_C80480,C80480,0.9754413943745868
SV1_C16209,C16209,0.9167901021755256
SV1_C76286,C76286,0.9197121877050412
SV1_C54097,C54097,0.9874816437706423
SV1_C87637,C87637,0.9885875606049331
SV1_C25301,C25301,0.976268524777754
SV1_C56400,C56400,0.9900239380060496
SV1_C52202,C52202,0.9589842597145231
SV1_C92413,C92413,0.9818347769894344
SV1_C15639,C15639,0.9725142979120125
SV1_C53443,C53443,0.91272653924483
SV1_C53423,C53423,0.9933778128663662
SV1_C07230,C07230,0.9505490587261354
SV1_C54040,C54040,0.9049946831902398
SV1_C48703,C48703,0.9106163215304051
SV1_C00119,C00119,0.9253220788034919
SV1_C16814,C16814,0.9463322865968035
SV1_C13244,C13244,0.9896301625811884
SV1_C72071,C72071,0.913719146619765
SV1_C88847,C88847,0.9995490427648679
SV1_C89493,C89493,0.9936293677160962
SV1_C06685,C06685,0.900508801253677
SV1_C88858,C88858,0.9238919255608723
SV1_C47444,C47444,0.9332877897987027
SV1_C18032,C18032,0.9493610990173894
SV1_C07815,C07815,0.9766210754036018
SV1_C13307,C13307,0.9983701685455231
SV1_C64289,C64289,0.9073476190512663
SV1_C63032,C63032,0.9896967195247781
SV1_C94884,C94884,0.9042261620917817
SV1_C12667,C12667,0.9109054112358169
SV1_C62503,C62503,0.9141225905928975
SV1_C75700,C75700,0.9921988437004239
SV1_C16228,C16228,0.9439387182626181
SV1_C39610,C39610,0.9769861469644138
SV1_C50446,C50446,0.9693452975275871
SV1_C87052,C87052,0.9042567971129375
SV1_C61224,C61224,0.9151203320385565
SV1_C44497,C44497,0.9980699769481098
SV1_C95424,C95424,0.9095625954522947
SV1_C79217,C79217,0.923106635923567
SV1_C66093,C66093,0.9905396123307161
SV1_C90050,C90050,0.9082225465488752
SV1_C44450,C44450,0.9647057160874858
SV1_C75071,C75071,0.9079598176200068
SV1_C70846,C70846,0.928927888709285
SV1_C75021,C75021,0.9425470782453302
SV1_C32490,C32490,0.9140997099262701
SV1_C97876,C97876,0.9076598866427966
SV1_C92479,C92479,0.952122965487813
SV1_C56411,C56411,0.9032062677637569
SV1_C79815,C79815,0.9261480714397087
SV1_C52900,C52900,0.9916858329512279
SV1_C81713,C81713,0.9341022177070837
SV1_C13288,C13288,0.9065073218491108
SV1_C07288,C07288,0.9470750076593971
SV1_C12623,C12623,0.9321203304846208
SV1_C09118,C09118,0.912028498285046
SV1_C78093,C78093,0.9732275806531946
SV1_C50504,C50504,0.9895259102442852
SV1_C96083,C96083,0.9597883037086531
SV1_C63018,C63018,0.8934626923094031
SV1_C48089,C48089,0.9157553859455649
SV1_C96099,C96099,0.9327070269744503
SV1_C63685,C63685,0.9557226676354088
SV1_C87101,C87101,0.9326406336780249
SV1_C45709,C45709,0.9928189146644458
SV1_C71415,C71415,0.9208886819449471
SV1_C84602,C84602,0.9143174744474682
SV1_C25243,C25243,0.9662605898381333
SV1_C25844,C25844,0.9631265462556029
SV1_C66602,C66602,0.949217926781376
SV1_C66041,C66041,0.9058755352781971
SV1_C95410,C95410,0.9502863491856257
SV1_C76245,C76245,0.9610334062979013
SV1_C39614,C39614,0.97091109036854
SV1_C09083,C09083,0.9565155255736387
SV1_C100217,C100217,0.9488757379891261
SV1_C71511,C71511,0.9737784666234935
SV1_C100225,C100225,0.9883789718993362
SV1_C52273,C52273,0.9827392443079485
SV1_C99073,C99073,0.8731825483377806
SV1_C63004,C63004,0.9220185446000654
SV1_C75102,C75102,0.963233878300275
SV1_C47504,C47504,0.974394686759466
SV1_C39009,C39009,0.9967727934578712
SV1_C84691,C84691,0.9824729346975161
SV1_C01835,C01835,0.9867686580947189
SV1_C57029,C57029,0.961540354634426
SV1_C87070,C87070,0.9568207560975676
SV1_C65400,C65400,0.9687290613249544
SV1_C33006,C33006,0.9417116554836698
SV1_C89491,C89491,0.9242224078680462
SV1_C55316,C55316,0.9634236732035513
SV1_C04896,C04896,0.9431483411738495
SV1_C48667,C48667,0.91074692035173
SV1_C36613,C36613,0.9917499608029431
SV1_C52301,C52301,0.999116735306612
SV1_C28900,C28900,0.9941666176777665
SV1_C93088,C93088,0.9584879479988833
SV1_C52290,C52290,0.8935440514140063
SV1_C83500,C83500,0.9174945956205222
SV1_C15075,C15075,0.9264015220998582
SV1_C21693,C21693,0.9416365985096052
SV1_C25280,C25280,0.9959157903204299
SV1_C02480,C02480,0.9732655412848109
SV1_C55317,C55317,0.9693651044949079
SV1_C85881,C85881,0.9976360408504747
SV1_C75715,C75715,0.983671077549696
SV1_C08401,C08401,0.9433306058859097
SV1_C60602,C60602,0.9760573939855764
SV1_C10828,C10828,0.9641513281104805
SV1_C95488,C95488,0.941751815560951
SV1_C72036,C72036,0.9571719934227787
SV1_C00105,C00105,0.9550187620186663
SV1_C95504,C95504,0.9405847516652452
SV1_C87028,C87028,0.9905454696733743
SV1_C02472,C02472,0.9775528859641797
SV1_C64906,C64906,0.9785516026325698
SV1_C13207,C13207,0.9744348263852101
SV1_C49257,C49257,0.9583743198520511
SV1_C02490,C02490,0.9907685987101807
SV1_C18628,C18628,0.9724716144995585
SV1_C41418,C41418,0.937726550459315
SV1_C21030,C21030,0.9620134765871419
SV1_C09052,C09052,0.9413232763579439
SV1_C76235,C76235,0.9491142928294996
SV1_C60705,C60705,0.9485144798498621
SV1_C93642,C93642,0.9077251374894658
SV1_C63626,C63626,0.9382908550489452
SV1_C49272,C49272,0.941291859487313
SV1_C65412,C65412,0.9408489633195636
SV1_C40206,C40206,0.9693778319907119
SV1_C28821,C28821,0.9462601112276969
SV1_C15642,C15642,0.9421748582973956
SV1_C90016,C90016,0.9434097452694378
SV1_C57041,C57041,0.9477555627954095
SV1_C70842,C70842,0.97569877665734
SV1_C89499,C89499,0.9928123879432931
SV1_C55885,C55885,0.930955261022889
SV1_C84106,C84106,0.8904398817841652
SV1_C62474,C62474,0.9822027977162439
SV1_C45063,C45063,0.9913206741735975
SV1_C93095,C93095,0.9445278118931436
SV1_C83475,C83475,0.9155733006558913
SV1_C87649,C87649,0.8839037356905073
SV1_C51084,C51084,0.9787960602980278
SV1_C21619,C21619,0.9722203304048223
SV1_C84717,C84717,0.8955558513179678
SV1_C70285,C70285,0.9240712699560124
SV1_C78700,C78700,0.9498144722842846
SV1_C50479,C50479,0.9967889131746119
SV1_C60716,C60716,0.9206981996487597
SV1_C90115,C90115,0.9331898025151597
SV1_C00005,C00005,0.9986848200925816
SV1_C09109,C09109,0.9647353399139347
SV1_C76880,C76880,0.8798406952407907
SV1_C02482,C02482,0.9329854180795365
SV1_C89481,C89481,0.9812329753081345
SV1_C61829,C61829,0.9342843811648741
SV1_C55873,C55873,0.9512038768753851
SV1_C36609,C36609,0.9991539077747027
SV1_C35500,C35500,0.9150027772943713
SV1_C54710,C54710,0.9427723095636077
SV1_C07911,C07911,0.8869038391955767
SV1_C90616,C90616,0.9495327988668737
SV1_C89452,C89452,0.9015222125481437
SV1_C76823,C76823,0.8969765445600614
SV1_C49262,C49262,0.9895480715637689
SV1_C75602,C75602,0.9708361694667745
SV1_C63698,C63698,0.9437420476009779
SV1_C87059,C87059,0.9992939932368928
SV1_C50515,C50515,0.9981125384623435
SV1_C58245,C58245,0.9038116536203469
SV1_C22839,C22839,0.9971745505924609
SV1_C66626,C66626,0.9488140078702271
SV1_C09703,C09703,0.8733025849636464
SV1_C91858,C91858,0.9220502571026256
SV1_C11443,C11443,0.8749177027601807
SV1_C25831,C25831,0.9618785357277395
SV1_C09020,C09020,0.945902500655347
SV1_C04246,C04246,0.9545260201843644
SV1_C66623,C66623,0.9995645061243522
SV1_C88893,C88893,0.9947083827984665
SV1_C06038,C06038,0.9817539402035679
SV1_C44488,C44488,0.9255879674052211
SV1_C48078,C48078,0.9410105307754205
SV1_C08507,C08507,0.8698341391204014
SV1_C08516,C08516,0.9263769393979544
SV1_C71409,C71409,0.9612693526843501
SV1_C01311,C01311,0.9148567266519214
SV1_C58221,C58221,0.9570761194914754
SV1_C49303,C49303,0.9298044553266911
SV1_C83485,C83485,0.8800821445099852
SV1_C93023,C93023,0.8589184643433982
SV1_C55911,C55911,0.9849505830475731
SV1_C100279,C100279,0.8925582922312476
SV1_C88859,C88859,0.9953694940722883
SV1_C57001,C57001,0.9998952750206037
SV1_C56505,C56505,0.906350062931983
SV1_C53495,C53495,0.9253418173138408
SV1_C78679,C78679,0.9498605084035918
SV1_C99693,C99693,0.8835705290701986
SV1_C27714,C27714,0.9655110508326349
SV1_C30081,C30081,0.9483475925033423
SV1_C09629,C09629,0.9964704775539641
SV1_C70273,C70273,0.9434157950196129
SV1_C54632,C54632,0.9814934671122391
SV1_C28822,C28822,0.9624399920562858
SV1_C12053,C12053,0.9439521689594057
SV1_C53498,C53498,0.9650933342669812
SV1_C13268,C13268,0.962145930799248
SV1_C49898,C49898,0.9785512130701336
SV1_C96708,C96708,0.92089213483373
SV1_C73845,C73845,0.948610682551134
SV1_C03717,C03717,0.9468149360045783
SV1_C45087,C45087,0.9835679462003966
SV1_C30607,C30607,0.883537765107434
SV1_C99023,C99023,0.940457927852554
SV1_C66020,C66020,0.9927964480620145
SV1_C49889,C49889,0.8977044001760442
SV1_C81018,C81018,0.9014518326818792
SV1_C66682,C66682,0.9598454874312268
SV1_C77457,C77457,0.9346636605445315
SV1_C26439,C26439,0.9510144162352853
SV1_C97897,C97897,0.9500599439498393
SV1_C18676,C18676,0.989631663611667
SV1_C13209,C13209,0.865356645447507
SV1_C12712,C12712,0.9512414052896875
SV1_C09014,C09014,0.9494476112151217
SV1_C84682,C84682,0.9635565544768089
SV1_C78608,C78608,0.9447975066154005
SV1_C24093,C24093,0.9758892383627701
SV1_C96119,C96119,0.993927493214878
SV1_C85889,C85889,0.957440510639345
SV1_C82898,C82898,0.9319127855180858
SV1_C15001,C15001,0.9132045654750462
SV1_C92515,C92515,0.9386718193286675
SV1_C16219,C16219,0.9083202504468971
SV1_C98502,C98502,0.9531164441878053
SV1_C12628,C12628,0.9509756437842722
SV1_C18003,C18003,0.9522269022105249
SV1_C60011,C60011,0.9397225785976636
SV1_C06602,C06602,0.9212559572978897
SV1_C97232,C97232,0.9242132706570696
SV1_C94885,C94885,0.9370710615917627
SV1_C06625,C06625,0.9580386756907328
SV1_C10263,C10263,0.932036587331166
SV1_C85207,C85207,0.9673494836910875
SV1_C44452,C44452,0.9925172719292622
SV1_C07824,C07824,0.9909970411775944
SV1_C63015,C63015,0.959445192277259
SV1_C46896,C46896,0.983693389753625
SV1_C39607,C39607,0.9690139079560929
SV1_C31276,C31276,0.9887583745668601
SV1_C72685,C72685,0.9309613522972723
SV1_C88809,C88809,0.9151200862895708
SV1_C91294,C91294,0.9313997091418313
SV1_C94831,C94831,0.9696583179446947
SV1_C13827,C13827,0.9721386386213418
SV1_C87701,C87701,0.9339985014281473
SV1_C03072,C03072,0.9855155766411643
SV1_C94844,C94844,0.9423229994821324
SV1_C61216,C61216,0.9174078048304646
SV1_C96702,C96702,0.997791311458943
SV1_C32499,C32499,0.9781378818287503
SV1_C07267,C07267,0.9603264514268306
SV1_C93090,C93090,0.9128624650852482
SV1_C27086,C27086,0.9761587358221961
SV1_C27114,C27114,0.9279302313177894
SV1_C44490,C44490,0.9014930880504065
SV1_C01845,C01845,0.9921826118974456
SV1_C57622,C57622,0.922844454486896
SV1_C45073,C45073,0.9977670641600811
SV1_C22238,C22238,0.9293540876721215
SV1_C93638,C93638,0.8778050141529666
SV1_C30079,C30079,0.9037889118769296
SV1_C54043,C54043,0.9001829713686093
SV1_C25809,C25809,0.9278229278480276
SV1_C22278,C22278,0.8685690186440149
SV1_C27075,C27075,0.9869119854963981
SV1_C04203,C04203,0.9648361551410916
SV1_C43872,C43872,0.9898259053701458
SV1_C20487,C20487,0.95433334455166
SV1_C06705,C06705,0.9520711113967302
SV1_C61213,C61213,0.9574623758357801
SV1_C31884,C31884,0.9634549306513392
SV1_C02477,C02477,0.963753420757935
SV1_C03011,C03011,0.990767940173178
SV1_C90638,C90638,0.949549266131179
SV1_C12077,C12077,0.8938861643984742
SV1_C30098,C30098,0.9280690579284896
SV1_C40804,C40804,0.9625639550292195
SV1_C42017,C42017,0.9524820085908473
SV1_C99045,C99045,0.8889779693247238
SV1_C66696,C66696,0.9174158568540172
