LINESTRING (387413.756650 6674053.169704, 387403.173903 6674040.913540, 387395.202071 6674030.727894, 387379.350490 6674005.416984, 387354.309110 6673961.555400, 387324.710361 6673911.370664, 387320.374046 6673903.736702)

LINESTRING (387320.374046 6673903.736702, 387315.209168 6673896.050242)

LINESTRING (387320.374046 6673903.736702, 387313.371750 6673908.476753, 387312.670549 6673908.955246)

LINESTRING (387320.374046 6673903.736702, 387327.343778 6673899.019957, 387329.137860 6673897.805751, 387333.002977 6673895.179368)

LINESTRING (387378.797695 6673973.740195, 387398.564600 6673998.596342, 387412.267003 6674010.511375, 387426.136617 6674017.941389, 387439.524544 6674023.424907, 387445.585156 6674025.422789)

LINESTRING (387378.797695 6673973.740195, 387385.987337 6673991.327262, 387391.615127 6674001.261821, 387396.497136 6674008.422163, 387402.007471 6674014.359621, 387416.542970 6674025.937006, 387426.144502 6674034.077785, 387434.376625 6674044.790405, 387436.399634 6674050.300238, 387438.396315 6674058.563470, 387439.401138 6674064.349784, 387440.652763 6674074.552711)

LINESTRING (387440.652763 6674074.552711, 387443.465385 6674095.093926)

LINESTRING (387440.652763 6674074.552711, 387432.198329 6674069.240654, 387425.164384 6674063.561750, 387413.756650 6674053.169704)

LINESTRING (386958.528471 6674373.842069, 386952.876262 6674377.872521)

LINESTRING (386958.528471 6674373.842069, 386968.159538 6674370.892316)

LINESTRING (386958.528471 6674373.842069, 386944.253493 6674321.303683, 386942.905229 6674315.561514)

LINESTRING (386958.528471 6674373.842069, 386961.676744 6674380.910524, 386965.027115 6674386.078235)

LINESTRING (386952.876262 6674377.872521, 386942.583599 6674336.767627)

LINESTRING (386952.876262 6674377.872521, 386949.949663 6674379.957719)

LINESTRING (386952.876262 6674377.872521, 386958.528471 6674373.842069)

LINESTRING (386952.876262 6674377.872521, 386955.039184 6674383.221773, 386958.693703 6674388.714408)

LINESTRING (386968.159538 6674370.892316, 386958.528471 6674373.842069)

LINESTRING (386942.905229 6674315.561514, 386941.920126 6674311.156571)

LINESTRING (386942.905229 6674315.561514, 386944.253493 6674321.303683, 386958.528471 6674373.842069)

LINESTRING (386942.905229 6674315.561514, 386951.745632 6674313.059624, 386955.926393 6674311.871803, 386960.061689 6674311.008571)

LINESTRING (386942.905229 6674315.561514, 386939.428259 6674316.538160, 386935.991129 6674317.547010, 386934.784826 6674318.197203)

LINESTRING (386965.027115 6674386.078235, 386962.629597 6674389.662687, 386961.404325 6674391.494738)

LINESTRING (386965.027115 6674386.078235, 386961.676744 6674380.910524, 386958.528471 6674373.842069)

LINESTRING (386965.027115 6674386.078235, 386971.387281 6674391.855079, 386978.111990 6674395.960198, 386982.187927 6674398.029732)

LINESTRING (387168.024907 6674216.107366, 387208.650316 6674204.346356, 387238.915656 6674195.122631, 387263.661649 6674190.114465)

LINESTRING (387168.024907 6674216.107366, 387207.542240 6674200.803240, 387228.296223 6674191.950545, 387275.714786 6674169.204658, 387285.933603 6674162.069776)

LINESTRING (387263.661649 6674190.114465, 387240.255077 6674200.051642)

LINESTRING (387285.933603 6674162.069776, 387300.137815 6674156.584126)

LINESTRING (386717.239927 6674376.042257, 386712.299037 6674367.368995)

LINESTRING (386717.239927 6674376.042257, 386725.415716 6674372.156212)

LINESTRING (386712.299037 6674367.368995, 386710.160125 6674363.345285, 386710.009259 6674355.961362)

LINESTRING (386712.299037 6674367.368995, 386714.789152 6674366.066060, 386716.907796 6674364.952932, 386720.304420 6674363.176176)

LINESTRING (386712.299037 6674367.368995, 386708.176110 6674369.524853, 386706.486449 6674370.513266)

LINESTRING (386725.415716 6674372.156212, 386735.321315 6674367.681734)

LINESTRING (386725.415716 6674372.156212, 386726.827537 6674384.961758)

LINESTRING (387240.919797 6674236.940468, 387223.670332 6674242.096716)

LINESTRING (387240.919797 6674236.940468, 387231.413947 6674235.505986, 387229.573530 6674234.849465, 387227.577701 6674233.651672, 387225.026931 6674230.832793, 387218.371301 6674224.106225, 387212.329809 6674219.121514, 387209.093509 6674217.828225, 387204.600585 6674217.175445, 387199.846867 6674217.243932, 387177.308611 6674222.574533)

LINESTRING (387223.670332 6674242.096716, 387215.010781 6674244.714948)

LINESTRING (387223.670332 6674242.096716, 387222.149438 6674237.942245)

LINESTRING (387223.670332 6674242.096716, 387225.114070 6674246.989076)

LINESTRING (387177.308611 6674222.574533, 387089.825406 6674249.833819, 387056.286728 6674260.497112)

LINESTRING (387465.703726 6674163.548066, 387474.327141 6674159.382525)

LINESTRING (387465.703726 6674163.548066, 387459.180339 6674166.345201)

LINESTRING (387465.703726 6674163.548066, 387441.567290 6674118.008813, 387434.839451 6674104.775935)

LINESTRING (387474.327141 6674159.382525, 387465.703726 6674163.548066)

LINESTRING (387474.327141 6674159.382525, 387479.989507 6674170.096225)

LINESTRING (387459.180339 6674166.345201, 387465.703726 6674163.548066)

LINESTRING (387459.180339 6674166.345201, 387462.422856 6674173.979503)

LINESTRING (387459.180339 6674166.345201, 387456.126795 6674167.564640, 387431.553929 6674175.686510)

LINESTRING (387459.180339 6674166.345201, 387454.281237 6674156.633318, 387447.502990 6674143.201376, 387440.820911 6674133.800648)

LINESTRING (387434.839451 6674104.775935, 387430.218876 6674095.824455)

LINESTRING (387434.839451 6674104.775935, 387447.417699 6674107.219745)

LINESTRING (387105.691204 6674218.174291, 387113.949757 6674215.869059)

LINESTRING (387105.691204 6674218.174291, 387114.781538 6674228.804028)

LINESTRING (387105.691204 6674218.174291, 387100.719741 6674218.739964, 387097.700204 6674219.078273, 387092.640037 6674219.646694)

LINESTRING (387105.691204 6674218.174291, 387109.607798 6674230.367756, 387115.117879 6674250.145807, 387117.077980 6674257.741373, 387121.563635 6674275.433641)

LINESTRING (387113.949757 6674215.869059, 387105.691204 6674218.174291)

LINESTRING (387113.949757 6674215.869059, 387112.039331 6674208.985187)

LINESTRING (387113.949757 6674215.869059, 387117.182580 6674214.888971, 387124.686801 6674212.595883, 387140.591413 6674207.736951)

LINESTRING (387113.949757 6674215.869059, 387115.377605 6674221.140773, 387114.781538 6674228.804028)

LINESTRING (387114.781538 6674228.804028, 387120.329029 6674248.536356, 387125.505712 6674267.043127)

LINESTRING (387114.781538 6674228.804028, 387115.377605 6674221.140773, 387113.949757 6674215.869059)

LINESTRING (387092.640037 6674219.646694, 387090.240854 6674212.031251)

LINESTRING (387092.640037 6674219.646694, 387084.388373 6674222.174645)

LINESTRING (387092.640037 6674219.646694, 387097.700204 6674219.078273, 387100.719741 6674218.739964, 387105.691204 6674218.174291)

LINESTRING (387121.563635 6674275.433641, 387127.756497 6674289.284262)

LINESTRING (387121.563635 6674275.433641, 387117.948010 6674280.013944, 387115.523387 6674283.086493, 387110.877272 6674288.980160)

LINESTRING (387121.563635 6674275.433641, 387116.579987 6674275.241871, 387113.036959 6674274.259018, 387111.190699 6674273.413287, 387109.760585 6674272.565865, 387108.326007 6674271.573708, 387107.159701 6674270.283529, 387106.211036 6674268.852908)

LINESTRING (387090.240854 6674212.031251, 387089.057940 6674208.044709)

LINESTRING (387090.240854 6674212.031251, 387083.979320 6674213.951750)

LINESTRING (387090.240854 6674212.031251, 387095.084026 6674210.544558, 387097.871208 6674209.689640, 387102.637455 6674208.227619)

LINESTRING (387084.388373 6674222.174645, 387082.567730 6674216.224123)

LINESTRING (387084.388373 6674222.174645, 387086.351687 6674228.432802)

LINESTRING (387084.388373 6674222.174645, 387092.640037 6674219.646694)

LINESTRING (387084.388373 6674222.174645, 387079.925360 6674223.571615, 387039.783657 6674236.244114, 387027.604988 6674239.372590, 387016.248898 6674241.283292, 387000.980201 6674242.824478)

LINESTRING (387065.217277 6674132.130864, 387061.993384 6674119.013391, 387058.879911 6674112.712724, 387056.225735 6674108.348110)

LINESTRING (387065.217277 6674132.130864, 387057.103741 6674121.515673, 387053.255773 6674116.051195, 387050.393172 6674112.305944)

LINESTRING (387056.225735 6674108.348110, 387053.071145 6674104.132668)

LINESTRING (387056.225735 6674108.348110, 387050.393172 6674112.305944)

LINESTRING (387050.393172 6674112.305944, 387047.184415 6674108.493367)

LINESTRING (387364.024183 6674131.905979, 387369.352497 6674129.947822, 387392.590671 6674121.186813, 387421.158543 6674109.966349, 387428.131371 6674107.344776)

LINESTRING (387428.131371 6674107.344776, 387434.839451 6674104.775935)

LINESTRING (387428.131371 6674107.344776, 387422.232627 6674097.073036)

LINESTRING (387428.131371 6674107.344776, 387430.852322 6674112.632547, 387436.693876 6674123.753009, 387440.023269 6674131.863817, 387440.820911 6674133.800648)

LINESTRING (387244.969949 6673939.290240, 387255.327389 6673951.051433)

LINESTRING (387244.969949 6673939.290240, 387256.017922 6673932.207770)

LINESTRING (387244.969949 6673939.290240, 387235.873580 6673945.588258, 387223.745137 6673953.985652, 387216.058877 6673962.457958)

LINESTRING (387255.327389 6673951.051433, 387244.969949 6673939.290240)

LINESTRING (387255.327389 6673951.051433, 387261.755926 6673946.607539)

LINESTRING (387255.327389 6673951.051433, 387256.827371 6673953.624100, 387320.673846 6674063.478134)

LINESTRING (387255.327389 6673951.051433, 387251.713663 6673953.547575, 387250.938512 6673954.507555, 387244.997358 6673953.152665, 387243.612714 6673952.883281, 387242.566622 6673958.019505)

LINESTRING (387256.017922 6673932.207770, 387263.788269 6673944.661594)

LINESTRING (387256.017922 6673932.207770, 387244.969949 6673939.290240)

LINESTRING (387256.017922 6673932.207770, 387250.539247 6673923.706397, 387249.536886 6673922.154808)

LINESTRING (387256.017922 6673932.207770, 387260.549845 6673929.070429, 387267.359005 6673924.369654, 387277.836033 6673917.126530)

LINESTRING (387216.058877 6673962.457958, 387208.292707 6673952.845850)

LINESTRING (387216.058877 6673962.457958, 387205.534167 6673972.288172, 387196.645385 6673979.014519, 387186.044657 6673986.194836, 387177.555598 6673992.563445)

LINESTRING (387216.058877 6673962.457958, 387223.745137 6673953.985652, 387235.873580 6673945.588258, 387244.969949 6673939.290240)

LINESTRING (387265.363895 6674165.923895, 387285.933603 6674162.069776)

LINESTRING (387265.363895 6674165.923895, 387263.083066 6674161.959976)

LINESTRING (387263.083066 6674161.959976, 387265.363895 6674165.923895)

LINESTRING (387263.083066 6674161.959976, 387269.182903 6674160.189644)

LINESTRING (387263.083066 6674161.959976, 387261.147801 6674158.765502, 387251.045667 6674142.483083, 387240.744136 6674125.315303)

LINESTRING (387263.083066 6674161.959976, 387256.722600 6674163.916652, 387228.206977 6674172.662833)

LINESTRING (387315.209168 6673896.050242, 387310.245345 6673889.126542)

LINESTRING (387315.209168 6673896.050242, 387307.628610 6673901.476750)

LINESTRING (387310.245345 6673889.126542, 387304.705852 6673881.351331)

LINESTRING (387310.245345 6673889.126542, 387316.655993 6673884.817032, 387322.142230 6673881.126623)

LINESTRING (387307.628610 6673901.476750, 387312.670549 6673908.955246)

LINESTRING (387307.628610 6673901.476750, 387302.741436 6673894.338962)

LINESTRING (387307.628610 6673901.476750, 387294.054255 6673910.509047, 387288.549519 6673913.776594, 387277.836033 6673917.126530)

LINESTRING (386967.023871 6674046.231515, 386964.969231 6674043.854394, 386964.617271 6674043.419497)

LINESTRING (386967.023871 6674046.231515, 386971.262241 6674044.562748, 386975.141429 6674043.662878, 386979.608834 6674043.480363, 386984.054228 6674044.022903)

LINESTRING (386964.617271 6674043.419497, 386960.955274 6674038.952338, 386958.157506 6674035.873799, 386955.524176 6674032.010094, 386953.041613 6674027.996861)

LINESTRING (386964.617271 6674043.419497, 386965.143345 6674043.202657, 386968.930172 6674041.648128, 386972.135827 6674040.323287, 386976.267832 6674038.624378)

LINESTRING (386984.054228 6674044.022903, 386987.369716 6674045.536441)

LINESTRING (387220.425562 6674091.216224, 387212.700867 6674093.928228)

LINESTRING (387220.425562 6674091.216224, 387224.054731 6674097.512274)

LINESTRING (387220.425562 6674091.216224, 387215.977925 6674083.752976)

LINESTRING (387220.425562 6674091.216224, 387226.661814 6674087.926023)

LINESTRING (387212.700867 6674093.928228, 387220.425562 6674091.216224)

LINESTRING (387212.700867 6674093.928228, 387211.475806 6674094.333732, 387205.685965 6674096.261766, 387201.351646 6674097.699191)

LINESTRING (387212.700867 6674093.928228, 387209.943406 6674089.087496, 387209.485906 6674088.288073)

LINESTRING (387212.700867 6674093.928228, 387215.831681 6674099.359241, 387216.711353 6674100.892313)

LINESTRING (387224.054731 6674097.512274, 387220.425562 6674091.216224)

LINESTRING (387224.054731 6674097.512274, 387224.984299 6674099.043810, 387240.744136 6674125.315303)

LINESTRING (387224.054731 6674097.512274, 387219.485609 6674099.614414, 387216.711353 6674100.892313)

LINESTRING (387224.054731 6674097.512274, 387229.519574 6674094.401862, 387230.310465 6674093.954020)

LINESTRING (387215.977925 6674083.752976, 387220.425562 6674091.216224)

LINESTRING (387215.977925 6674083.752976, 387213.844924 6674079.907114)

LINESTRING (387215.977925 6674083.752976, 387221.400774 6674080.900161, 387222.159773 6674080.497876)

LINESTRING (387215.977925 6674083.752976, 387211.210965 6674085.738636, 387208.794735 6674086.749194)

LINESTRING (387226.661814 6674087.926023, 387230.310465 6674093.954020)

LINESTRING (387226.661814 6674087.926023, 387222.159773 6674080.497876)

LINESTRING (387226.661814 6674087.926023, 387220.425562 6674091.216224)

LINESTRING (387226.661814 6674087.926023, 387228.384664 6674086.925695, 387242.927872 6674078.565352)

LINESTRING (387201.351646 6674097.699191, 387203.863475 6674104.653724)

LINESTRING (387201.351646 6674097.699191, 387196.472219 6674099.276005, 387163.128765 6674109.664773)

LINESTRING (387201.351646 6674097.699191, 387205.685965 6674096.261766, 387211.475806 6674094.333732, 387212.700867 6674093.928228)

LINESTRING (387203.863475 6674104.653724, 387204.357795 6674106.287821, 387207.467349 6674116.611749, 387210.916472 6674128.050771)

LINESTRING (387203.863475 6674104.653724, 387199.613759 6674105.954815, 387197.981171 6674106.462035)

LINESTRING (387203.863475 6674104.653724, 387206.008597 6674104.030417, 387207.955497 6674103.457795)

LINESTRING (387163.128765 6674109.664773, 387159.946078 6674110.654415)

LINESTRING (387163.128765 6674109.664773, 387161.164954 6674103.027694)

LINESTRING (387163.128765 6674109.664773, 387196.472219 6674099.276005, 387201.351646 6674097.699191)

LINESTRING (387404.472593 6674310.438040, 387410.367688 6674307.069484)

LINESTRING (387404.472593 6674310.438040, 387398.048989 6674298.611175)

LINESTRING (387410.367688 6674307.069484, 387404.472593 6674310.438040)

LINESTRING (387410.367688 6674307.069484, 387407.443073 6674301.832573, 387406.456883 6674300.079855)

LINESTRING (387410.367688 6674307.069484, 387413.391338 6674312.459369, 387414.758770 6674314.880151)

LINESTRING (387410.367688 6674307.069484, 387414.855389 6674304.490884, 387432.756912 6674294.556954)

LINESTRING (387398.048989 6674298.611175, 387404.472593 6674310.438040)

LINESTRING (387398.048989 6674298.611175, 387402.006331 6674296.650656, 387403.820910 6674295.747883)

LINESTRING (387398.048989 6674298.611175, 387395.753391 6674299.751632, 387389.713595 6674302.745764)

LINESTRING (387398.048989 6674298.611175, 387396.472771 6674295.717626, 387392.366708 6674288.154524)

LINESTRING (387247.475919 6674342.217540, 387227.575361 6674348.124108)

LINESTRING (387247.475919 6674342.217540, 387248.727155 6674346.447191)

LINESTRING (387247.475919 6674342.217540, 387254.536880 6674317.795011, 387258.231564 6674316.678233, 387276.228238 6674311.109078)

LINESTRING (387227.575361 6674348.124108, 387200.526757 6674254.611498)

LINESTRING (387227.575361 6674348.124108, 387247.475919 6674342.217540)

LINESTRING (387227.575361 6674348.124108, 387212.495367 6674352.533795, 387207.219233 6674354.011393)

LINESTRING (387248.727155 6674346.447191, 387247.475919 6674342.217540)

LINESTRING (387248.727155 6674346.447191, 387208.001790 6674357.976872)

LINESTRING (387248.727155 6674346.447191, 387262.608580 6674342.397752, 387264.149854 6674347.576867)

LINESTRING (387276.228238 6674311.109078, 387258.231564 6674316.678233, 387254.536880 6674317.795011, 387247.475919 6674342.217540)

LINESTRING (387276.228238 6674311.109078, 387292.365292 6674309.843184, 387304.122581 6674310.874169, 387308.966579 6674311.939732)

LINESTRING (387276.228238 6674311.109078, 387273.748268 6674303.919497, 387272.239399 6674299.252009)

LINESTRING (387207.219233 6674354.011393, 387208.001790 6674357.976872)

LINESTRING (387207.219233 6674354.011393, 387178.590279 6674362.449485)

LINESTRING (387207.219233 6674354.011393, 387212.495367 6674352.533795, 387227.575361 6674348.124108)

LINESTRING (387208.001790 6674357.976872, 387240.888500 6674478.367562)

LINESTRING (387208.001790 6674357.976872, 387207.219233 6674354.011393)

LINESTRING (387208.001790 6674357.976872, 387248.727155 6674346.447191)

LINESTRING (387208.001790 6674357.976872, 387179.692353 6674366.338245)

LINESTRING (387178.590279 6674362.449485, 387207.219233 6674354.011393)

LINESTRING (387178.590279 6674362.449485, 387179.692353 6674366.338245)

LINESTRING (387178.590279 6674362.449485, 387149.351964 6674370.917738, 387145.333809 6674371.799434)

LINESTRING (387240.888500 6674478.367562, 387208.001790 6674357.976872)

LINESTRING (387240.888500 6674478.367562, 387235.165606 6674484.249674, 387237.100805 6674498.432234, 387235.593552 6674508.764696, 387231.156976 6674524.336001, 387231.285497 6674527.786718, 387233.167637 6674535.384736, 387271.188329 6674525.643610)

LINESTRING (387240.888500 6674478.367562, 387246.817148 6674478.262918, 387259.215832 6674475.273240)

LINESTRING (387240.888500 6674478.367562, 387231.472927 6674480.563307, 387216.604706 6674484.264395, 387213.526460 6674484.671292, 387202.555469 6674483.750114)

LINESTRING (387271.188329 6674525.643610, 387276.136379 6674545.049127)

LINESTRING (387271.188329 6674525.643610, 387265.700254 6674502.398868)

LINESTRING (387271.188329 6674525.643610, 387292.024612 6674520.421648)

LINESTRING (387271.188329 6674525.643610, 387233.167637 6674535.384736, 387231.285497 6674527.786718, 387231.156976 6674524.336001, 387235.593552 6674508.764696, 387237.100805 6674498.432234, 387235.165606 6674484.249674, 387240.888500 6674478.367562)

LINESTRING (387259.215832 6674475.273240, 387263.827313 6674494.377077)

LINESTRING (387259.215832 6674475.273240, 387298.636363 6674464.296888)

LINESTRING (387259.215832 6674475.273240, 387246.817148 6674478.262918, 387240.888500 6674478.367562)

LINESTRING (387202.555469 6674483.750114, 387197.083928 6674481.221873, 387192.291146 6674477.491441, 387184.330185 6674471.250946, 387179.306756 6674467.059587, 387171.667497 6674460.095977, 387165.957039 6674456.839633, 387162.058847 6674456.569770, 387155.860026 6674457.451825)

LINESTRING (387202.555469 6674483.750114, 387213.526460 6674484.671292, 387216.604706 6674484.264395, 387231.472927 6674480.563307, 387240.888500 6674478.367562)

LINESTRING (387202.555469 6674483.750114, 387201.051459 6674497.425731, 387199.376059 6674510.761164, 387193.258307 6674518.951206, 387182.228275 6674529.432355)

LINESTRING (387227.247260 6674585.816004, 387223.095598 6674583.258204)

LINESTRING (387223.095598 6674583.258204, 387227.247260 6674585.816004)

LINESTRING (387223.095598 6674583.258204, 387200.431608 6674569.313293)

LINESTRING (387281.210286 6674564.038441, 387294.923865 6674555.826363)

LINESTRING (387281.210286 6674564.038441, 387276.125384 6674568.652703)

LINESTRING (387281.210286 6674564.038441, 387279.753632 6674561.063250)

LINESTRING (387294.923865 6674555.826363, 387281.210286 6674564.038441)

LINESTRING (387294.923865 6674555.826363, 387296.280567 6674555.015639, 387323.164913 6674539.878795)

LINESTRING (387276.125384 6674568.652703, 387281.210286 6674564.038441)

LINESTRING (387276.125384 6674568.652703, 387274.072590 6674565.238967)

LINESTRING (387279.753632 6674561.063250, 387281.210286 6674564.038441)

LINESTRING (387279.753632 6674561.063250, 387276.136379 6674545.049127)

LINESTRING (387279.753632 6674561.063250, 387274.072590 6674565.238967)

LINESTRING (387279.753632 6674561.063250, 387299.369530 6674549.192442, 387320.596247 6674536.469773)

LINESTRING (387323.164913 6674539.878795, 387330.766982 6674549.975342)

LINESTRING (387323.164913 6674539.878795, 387296.280567 6674555.015639, 387294.923865 6674555.826363)

LINESTRING (387323.164913 6674539.878795, 387354.043917 6674522.914156, 387356.980085 6674521.497637)

LINESTRING (387323.164913 6674539.878795, 387321.648038 6674537.830404, 387320.596247 6674536.469773)

LINESTRING (387330.766982 6674549.975342, 387323.164913 6674539.878795)

LINESTRING (387330.766982 6674549.975342, 387342.420808 6674543.164153)

LINESTRING (387330.766982 6674549.975342, 387330.650374 6674555.740436, 387330.530116 6674561.026446, 387330.863241 6674565.719004, 387333.527460 6674571.331625, 387340.136583 6674576.934248, 387347.786161 6674579.384506)

LINESTRING (387356.980085 6674521.497637, 387360.662313 6674519.801844, 387368.459061 6674516.753576, 387397.130259 6674509.898097)

LINESTRING (387356.980085 6674521.497637, 387354.043917 6674522.914156, 387323.164913 6674539.878795)

LINESTRING (387356.980085 6674521.497637, 387356.219583 6674518.422983, 387355.978768 6674517.449713)

LINESTRING (387320.596247 6674536.469773, 387319.175101 6674534.106400)

LINESTRING (387320.596247 6674536.469773, 387299.369530 6674549.192442, 387279.753632 6674561.063250)

LINESTRING (387320.596247 6674536.469773, 387353.023164 6674518.955984, 387355.978768 6674517.449713)

LINESTRING (387320.596247 6674536.469773, 387321.648038 6674537.830404, 387323.164913 6674539.878795)

LINESTRING (387366.547988 6674355.300921, 387372.644925 6674364.986973)

LINESTRING (387366.547988 6674355.300921, 387356.325995 6674359.794541, 387337.221143 6674368.116581, 387331.718519 6674371.250297)

LINESTRING (387366.547988 6674355.300921, 387364.746583 6674352.302873, 387360.367114 6674345.773478, 387355.873176 6674340.573758, 387351.854547 6674336.574122)

LINESTRING (387372.644925 6674364.986973, 387383.642262 6674382.445704)

LINESTRING (387372.644925 6674364.986973, 387366.547988 6674355.300921)

LINESTRING (387372.644925 6674364.986973, 387374.758023 6674362.425671, 387375.038801 6674361.090883, 387374.821157 6674359.247660, 387373.830822 6674356.458677, 387372.456368 6674353.269182, 387371.151740 6674350.545592, 387368.877606 6674345.890475, 387365.397128 6674338.820780, 387361.716707 6674329.762448, 387361.392939 6674327.175836, 387361.462450 6674324.565978, 387361.718648 6674321.170287, 387362.340030 6674316.838397)

LINESTRING (387331.718519 6674371.250297, 387314.691141 6674313.669125)

LINESTRING (387331.718519 6674371.250297, 387340.609928 6674401.411149)

LINESTRING (387331.718519 6674371.250297, 387337.221143 6674368.116581, 387356.325995 6674359.794541, 387366.547988 6674355.300921)

LINESTRING (387351.854547 6674336.574122, 387341.844484 6674328.122955)

LINESTRING (387351.854547 6674336.574122, 387355.873176 6674340.573758, 387360.367114 6674345.773478, 387364.746583 6674352.302873, 387366.547988 6674355.300921)

LINESTRING (387351.854547 6674336.574122, 387335.400104 6674341.226192, 387336.874284 6674346.752866)

LINESTRING (387426.501487 6674450.209446, 387421.629632 6674442.458135)

LINESTRING (387426.501487 6674450.209446, 387399.003170 6674458.410457)

LINESTRING (387426.501487 6674450.209446, 387432.332299 6674460.093221, 387441.173740 6674477.295235)

LINESTRING (387426.501487 6674450.209446, 387416.993716 6674461.679430, 387388.383932 6674481.905767, 387384.676863 6674483.156531, 387380.927314 6674483.026736, 387377.867397 6674481.505000, 387369.014738 6674466.833184)

LINESTRING (387421.629632 6674442.458135, 387426.501487 6674450.209446)

LINESTRING (387421.629632 6674442.458135, 387402.900734 6674412.666612)

LINESTRING (387421.629632 6674442.458135, 387410.956966 6674448.169037, 387408.579954 6674449.546020, 387399.706753 6674453.864307, 387399.003170 6674458.410457)

LINESTRING (387399.003170 6674458.410457, 387426.501487 6674450.209446)

LINESTRING (387399.003170 6674458.410457, 387378.094862 6674465.093884, 387370.378437 6674466.969523, 387369.014738 6674466.833184)

LINESTRING (387399.003170 6674458.410457, 387399.706753 6674453.864307, 387408.579954 6674449.546020, 387410.956966 6674448.169037, 387421.629632 6674442.458135)

LINESTRING (387441.173740 6674477.295235, 387455.137566 6674504.447437)

LINESTRING (387441.173740 6674477.295235, 387436.339519 6674500.534476)

LINESTRING (387441.173740 6674477.295235, 387432.332299 6674460.093221, 387426.501487 6674450.209446)

LINESTRING (387369.014738 6674466.833184, 387370.378437 6674466.969523, 387378.094862 6674465.093884, 387399.003170 6674458.410457)

LINESTRING (387369.014738 6674466.833184, 387367.047544 6674465.478422, 387366.016838 6674464.262003, 387365.231954 6674462.558822, 387363.675529 6674455.619369)

LINESTRING (387369.014738 6674466.833184, 387377.867397 6674481.505000, 387380.927314 6674483.026736, 387384.676863 6674483.156531, 387388.383932 6674481.905767, 387416.993716 6674461.679430, 387426.501487 6674450.209446)

LINESTRING (387435.330529 6674505.435479, 387447.647129 6674507.174061, 387457.834338 6674509.680241)

LINESTRING (387435.330529 6674505.435479, 387430.018844 6674505.030503, 387423.094844 6674505.065172, 387416.567742 6674505.555698, 387410.912522 6674506.610050, 387397.130259 6674509.898097)

LINESTRING (387435.330529 6674505.435479, 387435.965860 6674501.916692, 387436.339519 6674500.534476)

LINESTRING (387457.834338 6674509.680241, 387455.137566 6674504.447437)

LINESTRING (387457.834338 6674509.680241, 387447.647129 6674507.174061, 387435.330529 6674505.435479)

LINESTRING (387457.834338 6674509.680241, 387465.523598 6674512.697875, 387471.866550 6674515.422597, 387474.283266 6674517.142490, 387476.253272 6674519.132433, 387479.731325 6674525.232758, 387493.026611 6674555.381113)

LINESTRING (387397.130259 6674509.898097, 387399.130215 6674518.450953)

LINESTRING (387397.130259 6674509.898097, 387410.912522 6674506.610050, 387416.567742 6674505.555698, 387423.094844 6674505.065172, 387430.018844 6674505.030503, 387435.330529 6674505.435479)

LINESTRING (387397.130259 6674509.898097, 387368.459061 6674516.753576, 387360.662313 6674519.801844, 387356.980085 6674521.497637)

LINESTRING (387436.339519 6674500.534476, 387441.173740 6674477.295235)

LINESTRING (387436.339519 6674500.534476, 387455.137566 6674504.447437)

LINESTRING (387436.339519 6674500.534476, 387435.965860 6674501.916692, 387435.330529 6674505.435479)

LINESTRING (387436.339519 6674500.534476, 387422.196744 6674501.303805, 387411.229976 6674502.499256, 387364.567358 6674513.987023, 387360.288988 6674515.244251, 387355.978768 6674517.449713)

LINESTRING (387455.137566 6674504.447437, 387457.834338 6674509.680241)

LINESTRING (387455.137566 6674504.447437, 387441.173740 6674477.295235)

LINESTRING (387455.137566 6674504.447437, 387436.339519 6674500.534476)

LINESTRING (387493.026611 6674555.381113, 387479.731325 6674525.232758, 387476.253272 6674519.132433, 387474.283266 6674517.142490, 387471.866550 6674515.422597, 387465.523598 6674512.697875, 387457.834338 6674509.680241)

LINESTRING (387493.026611 6674555.381113, 387489.579861 6674556.434320, 387488.772537 6674564.828350, 387488.496778 6674572.102774, 387488.212149 6674573.493391, 387486.897985 6674574.425320, 387485.601405 6674574.665775, 387484.196066 6674573.895462, 387481.383859 6674569.958905, 387476.466698 6674563.613080, 387473.855083 6674560.606464, 387468.158280 6674558.140476, 387459.824582 6674557.260035)

LINESTRING (386489.365399 6673991.606398, 386489.603906 6673984.801039)

LINESTRING (386489.365399 6673991.606398, 386504.455446 6673993.579079)

LINESTRING (386489.365399 6673991.606398, 386489.351234 6673997.234660, 386489.345685 6674000.277199, 386489.333045 6674004.701840)

LINESTRING (386489.603906 6673984.801039, 386489.365399 6673991.606398)

LINESTRING (386489.603906 6673984.801039, 386497.855685 6673985.849040)

LINESTRING (386489.603906 6673984.801039, 386481.313981 6673983.954835)

LINESTRING (386489.603906 6673984.801039, 386489.663686 6673980.285783, 386489.794337 6673971.254928, 386489.893869 6673964.621041, 386490.244364 6673945.497867)

LINESTRING (386504.455446 6673993.579079, 386505.336408 6673987.088129)

LINESTRING (386504.455446 6673993.579079, 386504.114475 6673996.364557, 386503.783559 6673999.116290, 386503.416227 6674002.125470, 386502.880666 6674006.510602)

LINESTRING (386504.455446 6673993.579079, 386541.520126 6673998.871418, 386547.925178 6674000.143933, 386561.076761 6674004.038004, 386566.753402 6674005.266259, 386594.668732 6674009.026158, 386606.392171 6674010.713508, 386612.228937 6674011.557970)

LINESTRING (386489.333045 6674004.701840, 386489.217376 6674010.099221)

LINESTRING (386489.333045 6674004.701840, 386489.345685 6674000.277199, 386489.351234 6673997.234660, 386489.365399 6673991.606398)

LINESTRING (386489.217376 6674010.099221, 386489.333045 6674004.701840)

LINESTRING (386489.217376 6674010.099221, 386489.195699 6674014.769314, 386488.707663 6674043.057292, 386488.246274 6674059.676463, 386488.137011 6674063.669476)

LINESTRING (386489.217376 6674010.099221, 386495.883448 6674010.661465, 386499.431488 6674011.075228)

LINESTRING (386489.217376 6674010.099221, 386484.117923 6674009.767010, 386480.793709 6674009.591493)

LINESTRING (386486.023643 6674146.202131, 386485.852523 6674155.000217)

LINESTRING (386486.023643 6674146.202131, 386486.156852 6674138.686805)

LINESTRING (386486.023643 6674146.202131, 386487.450241 6674146.213611, 386499.378286 6674146.278348)

LINESTRING (386485.852523 6674155.000217, 386486.023643 6674146.202131)

LINESTRING (386485.852523 6674155.000217, 386485.854483 6674159.179233, 386485.771499 6674173.145497)

LINESTRING (386485.852523 6674155.000217, 386487.433320 6674154.973482, 386494.010179 6674154.635798)

LINESTRING (386486.156852 6674138.686805, 386486.023643 6674146.202131)

LINESTRING (386486.156852 6674138.686805, 386486.357270 6674134.412359, 386486.678547 6674118.466182, 386487.692615 6674083.341634, 386487.896554 6674075.601232)

LINESTRING (386486.156852 6674138.686805, 386487.465642 6674138.657362, 386494.316575 6674138.745805)

LINESTRING (386499.378286 6674146.278348, 386499.184653 6674154.709371)

LINESTRING (386499.378286 6674146.278348, 386499.320859 6674142.457667, 386499.258579 6674138.659425)

LINESTRING (386499.378286 6674146.278348, 386502.402661 6674146.273723, 386525.201631 6674145.600290)

LINESTRING (386499.378286 6674146.278348, 386487.450241 6674146.213611, 386486.023643 6674146.202131)

LINESTRING (386878.024354 6674045.715608, 386886.631379 6674046.775784)

LINESTRING (386878.024354 6674045.715608, 386875.741791 6674037.940663)

LINESTRING (386878.024354 6674045.715608, 386879.079410 6674049.327142, 386879.972762 6674052.375321, 386881.678785 6674058.195570)

LINESTRING (386886.631379 6674046.775784, 386892.567236 6674047.060418)

LINESTRING (386886.631379 6674046.775784, 386886.930726 6674039.221942)

LINESTRING (386886.631379 6674046.775784, 386886.506623 6674049.922291, 386886.384316 6674052.968424, 386886.277001 6674055.601761)

LINESTRING (386875.741791 6674037.940663, 386884.853376 6674038.985243)

LINESTRING (386875.741791 6674037.940663, 386867.332581 6674036.996984)

LINESTRING (386875.741791 6674037.940663, 386878.024354 6674045.715608)

LINESTRING (386875.741791 6674037.940663, 386874.823503 6674034.804102, 386865.870746 6674009.270927)

LINESTRING (386881.678785 6674058.195570, 386870.870324 6674057.192299)

LINESTRING (386881.678785 6674058.195570, 386881.910453 6674065.153507)

LINESTRING (386881.678785 6674058.195570, 386879.972762 6674052.375321, 386879.079410 6674049.327142, 386878.024354 6674045.715608)

LINESTRING (387461.118830 6673739.835051, 387459.069973 6673741.792529, 387431.039475 6673769.143818, 387429.222674 6673775.217488)

LINESTRING (387429.222674 6673775.217488, 387433.416775 6673771.912459)

LINESTRING (387429.222674 6673775.217488, 387431.039475 6673769.143818, 387459.069973 6673741.792529, 387461.118830 6673739.835051)

LINESTRING (387429.222674 6673775.217488, 387425.909651 6673778.116530, 387423.117292 6673780.620665, 387417.315929 6673785.802765)

LINESTRING (386488.008922 6674068.666052, 386487.896554 6674075.601232)

LINESTRING (386488.008922 6674068.666052, 386488.137011 6674063.669476)

LINESTRING (386488.008922 6674068.666052, 386486.441614 6674068.592069, 386479.723979 6674068.332338)

LINESTRING (386487.896554 6674075.601232, 386488.008922 6674068.666052)

LINESTRING (386487.896554 6674075.601232, 386489.112148 6674075.608112, 386494.931259 6674075.706270)

LINESTRING (386487.896554 6674075.601232, 386487.692615 6674083.341634, 386486.678547 6674118.466182, 386486.357270 6674134.412359, 386486.156852 6674138.686805)

LINESTRING (386488.137011 6674063.669476, 386488.008922 6674068.666052)

LINESTRING (386488.137011 6674063.669476, 386489.368897 6674063.664708, 386491.051258 6674063.690548, 386492.499719 6674063.690209, 386495.404278 6674063.577854)

LINESTRING (386488.137011 6674063.669476, 386486.571773 6674063.662294, 386480.971634 6674063.646512, 386479.911624 6674063.645953)

LINESTRING (386488.137011 6674063.669476, 386488.246274 6674059.676463, 386488.707663 6674043.057292, 386489.195699 6674014.769314, 386489.217376 6674010.099221)

LINESTRING (386479.723979 6674068.332338, 386479.911624 6674063.645953)

LINESTRING (386479.723979 6674068.332338, 386479.515233 6674072.696196)

LINESTRING (386494.931259 6674075.706270, 386494.316575 6674138.745805)

LINESTRING (386494.931259 6674075.706270, 386495.404278 6674063.577854)

LINESTRING (386494.931259 6674075.706270, 386516.562795 6674075.849097)

LINESTRING (386494.931259 6674075.706270, 386489.112148 6674075.608112, 386487.896554 6674075.601232)

LINESTRING (386695.833048 6674333.621475, 386687.541950 6674338.803879)

LINESTRING (386695.833048 6674333.621475, 386690.469623 6674325.284500)

LINESTRING (386695.833048 6674333.621475, 386710.009259 6674355.961362)

LINESTRING (386687.541950 6674338.803879, 386695.833048 6674333.621475)

LINESTRING (386687.541950 6674338.803879, 386684.478650 6674334.140150)

LINESTRING (386687.541950 6674338.803879, 386690.820680 6674343.973573)

LINESTRING (386687.541950 6674338.803879, 386685.081240 6674340.339949, 386665.374829 6674352.673791, 386653.502116 6674360.106867, 386642.238989 6674367.153345)

LINESTRING (386690.469623 6674325.284500, 386695.833048 6674333.621475)

LINESTRING (386690.469623 6674325.284500, 386685.374640 6674317.373845)

LINESTRING (386690.469623 6674325.284500, 386695.071215 6674322.456299, 386696.603853 6674321.951942)

LINESTRING (386690.469623 6674325.284500, 386687.420464 6674327.351418, 386684.756313 6674329.127814)

LINESTRING (386710.009259 6674355.961362, 386695.833048 6674333.621475)

LINESTRING (386710.009259 6674355.961362, 386717.377965 6674358.987387, 386718.138018 6674359.877685, 386720.304420 6674363.176176)

LINESTRING (386767.796542 6674139.547505, 386771.263932 6674147.764939)

LINESTRING (386767.796542 6674139.547505, 386764.807053 6674132.786321)

LINESTRING (386767.796542 6674139.547505, 386778.267909 6674139.167870)

LINESTRING (386767.796542 6674139.547505, 386755.157374 6674139.994238)

LINESTRING (386771.263932 6674147.764939, 386767.796542 6674139.547505)

LINESTRING (386771.263932 6674147.764939, 386804.178973 6674222.438077)

LINESTRING (386771.263932 6674147.764939, 386764.671078 6674148.303213, 386763.329373 6674148.344720)

LINESTRING (386771.263932 6674147.764939, 386776.538327 6674147.122586, 386780.474460 6674146.633076)

LINESTRING (386764.807053 6674132.786321, 386767.796542 6674139.547505)

LINESTRING (386764.807053 6674132.786321, 386753.601419 6674060.283540)

LINESTRING (386764.807053 6674132.786321, 386769.645815 6674132.592057, 386771.840654 6674132.501874)

LINESTRING (386764.807053 6674132.786321, 386759.447476 6674133.007847, 386758.095020 6674133.060832)

LINESTRING (386778.267909 6674139.167870, 386767.796542 6674139.547505)

LINESTRING (386778.267909 6674139.167870, 386806.894278 6674134.738668)

LINESTRING (386778.267909 6674139.167870, 386778.918932 6674141.376566, 386780.474460 6674146.633076)

LINESTRING (386778.267909 6674139.167870, 386777.630693 6674135.431995, 386777.094891 6674132.283624)

LINESTRING (386755.157374 6674139.994238, 386767.796542 6674139.547505)

LINESTRING (386755.157374 6674139.994238, 386751.676274 6674140.124227, 386706.235640 6674141.352101)

LINESTRING (386755.157374 6674139.994238, 386755.044328 6674136.699061, 386754.924737 6674133.192346)

LINESTRING (386755.157374 6674139.994238, 386755.308673 6674142.552717, 386755.452390 6674148.632989)

LINESTRING (386818.713809 6674258.898083, 386817.249772 6674252.290287)

LINESTRING (386818.713809 6674258.898083, 386802.683876 6674259.148628)

LINESTRING (386818.713809 6674258.898083, 386818.945020 6674261.888714, 386819.176231 6674264.879346)

LINESTRING (386817.249772 6674252.290287, 386818.713809 6674258.898083)

LINESTRING (386817.249772 6674252.290287, 386814.208526 6674245.285497)

LINESTRING (386817.249772 6674252.290287, 386830.740582 6674251.940006)

LINESTRING (386817.249772 6674252.290287, 386802.559032 6674252.599718)

LINESTRING (386802.683876 6674259.148628, 386802.559032 6674252.599718)

LINESTRING (386802.683876 6674259.148628, 386802.783825 6674265.430848)

LINESTRING (386802.683876 6674259.148628, 386799.882744 6674259.190682, 386754.821659 6674260.261400)

LINESTRING (386819.176231 6674264.879346, 386835.171188 6674264.395926)

LINESTRING (386819.176231 6674264.879346, 386813.848390 6674265.044098, 386810.872607 6674265.180698)

LINESTRING (386819.176231 6674264.879346, 386818.945020 6674261.888714, 386818.713809 6674258.898083)

LINESTRING (386886.164790 6674058.435844, 386886.074189 6674065.381452)

LINESTRING (386886.164790 6674058.435844, 386886.277001 6674055.601761)

LINESTRING (386886.164790 6674058.435844, 386881.678785 6674058.195570)

LINESTRING (386886.074189 6674065.381452, 386886.164790 6674058.435844)

LINESTRING (386886.074189 6674065.381452, 386901.244655 6674066.205412)

LINESTRING (386886.074189 6674065.381452, 386881.910453 6674065.153507)

LINESTRING (386886.277001 6674055.601761, 386886.164790 6674058.435844)

LINESTRING (386886.277001 6674055.601761, 386893.961001 6674056.066403)

LINESTRING (386886.277001 6674055.601761, 386886.384316 6674052.968424, 386886.506623 6674049.922291, 386886.631379 6674046.775784)

LINESTRING (386968.029571 6674183.752646, 386962.080238 6674190.032218)

LINESTRING (386968.029571 6674183.752646, 386973.122452 6674178.491359)

LINESTRING (386968.029571 6674183.752646, 386964.117358 6674179.984152)

LINESTRING (386968.029571 6674183.752646, 386993.261840 6674207.981003, 386997.583338 6674214.043727, 386999.553456 6674221.416048, 387000.085358 6674229.657438, 387000.336133 6674234.185362)

LINESTRING (386962.080238 6674190.032218, 386968.029571 6674183.752646)

LINESTRING (386962.080238 6674190.032218, 386954.493775 6674182.833366)

LINESTRING (386962.080238 6674190.032218, 386992.383208 6674218.706508, 386991.773219 6674231.841999, 386990.931615 6674234.419993)

LINESTRING (386973.122452 6674178.491359, 386968.029571 6674183.752646)

LINESTRING (386973.122452 6674178.491359, 386976.729127 6674181.890395)

LINESTRING (386973.122452 6674178.491359, 386972.667920 6674176.711187)

LINESTRING (386973.122452 6674178.491359, 386968.227105 6674179.366896, 386964.117358 6674179.984152)

LINESTRING (386964.117358 6674179.984152, 386968.029571 6674183.752646)

LINESTRING (386964.117358 6674179.984152, 386963.722775 6674179.606292)

LINESTRING (386964.117358 6674179.984152, 386968.227105 6674179.366896, 386973.122452 6674178.491359)

LINESTRING (387000.336133 6674234.185362, 387000.980201 6674242.824478)

LINESTRING (387000.336133 6674234.185362, 387000.085358 6674229.657438, 386999.553456 6674221.416048, 386997.583338 6674214.043727, 386993.261840 6674207.981003, 386968.029571 6674183.752646)

LINESTRING (387000.336133 6674234.185362, 387006.712630 6674233.654186, 387024.264806 6674232.198562, 387038.744461 6674229.723431, 387049.959526 6674226.658162, 387060.496166 6674223.546996, 387082.567730 6674216.224123)

LINESTRING (387000.336133 6674234.185362, 386994.013449 6674234.302555, 386990.931615 6674234.419993)

LINESTRING (387000.980201 6674242.824478, 387000.336133 6674234.185362)

LINESTRING (387000.980201 6674242.824478, 387016.248898 6674241.283292, 387027.604988 6674239.372590, 387039.783657 6674236.244114, 387079.925360 6674223.571615, 387084.388373 6674222.174645)

LINESTRING (387000.980201 6674242.824478, 386992.289523 6674248.564564, 386988.709201 6674249.611215)

LINESTRING (386988.709201 6674249.611215, 386987.991924 6674246.869614, 386987.622549 6674244.072694, 386987.944642 6674240.485479)

LINESTRING (386988.709201 6674249.611215, 386989.625289 6674252.681003, 386990.192794 6674254.346247)

LINESTRING (386988.709201 6674249.611215, 386986.041336 6674250.195075, 386957.388861 6674255.370371)

LINESTRING (386815.784973 6674279.037007, 386818.267159 6674278.012996)

LINESTRING (386815.784973 6674279.037007, 386810.872607 6674265.180698)

LINESTRING (386815.784973 6674279.037007, 386825.749638 6674308.227489)

LINESTRING (386815.784973 6674279.037007, 386812.466637 6674280.298616, 386792.345991 6674287.874848)

LINESTRING (386818.267159 6674278.012996, 386815.784973 6674279.037007)

LINESTRING (386810.872607 6674265.180698, 386802.783825 6674265.430848)

LINESTRING (386810.872607 6674265.180698, 386815.784973 6674279.037007)

LINESTRING (386810.872607 6674265.180698, 386813.848390 6674265.044098, 386819.176231 6674264.879346)

LINESTRING (386825.749638 6674308.227489, 386815.784973 6674279.037007)

LINESTRING (386825.749638 6674308.227489, 386826.853968 6674311.458583)

LINESTRING (386825.749638 6674308.227489, 386839.994947 6674299.261753, 386848.225170 6674294.973123, 386876.625901 6674285.436224, 386911.302644 6674274.089732)

LINESTRING (386825.749638 6674308.227489, 386796.513478 6674326.627961, 386781.914037 6674333.108535, 386772.952239 6674337.063340)

LINESTRING (386792.345991 6674287.874848, 386766.864033 6674297.400120)

LINESTRING (386792.345991 6674287.874848, 386796.513494 6674265.624774)

LINESTRING (386792.345991 6674287.874848, 386812.466637 6674280.298616, 386815.784973 6674279.037007)

LINESTRING (386792.345991 6674287.874848, 386790.849833 6674293.147740, 386781.228715 6674316.335466, 386772.952239 6674337.063340)

LINESTRING (386802.559032 6674252.599718, 386802.683876 6674259.148628)

LINESTRING (386802.559032 6674252.599718, 386817.249772 6674252.290287)

LINESTRING (386802.559032 6674252.599718, 386661.616630 6674256.036334)

LINESTRING (386802.559032 6674252.599718, 386802.460661 6674248.880608, 386802.184464 6674245.512467)

LINESTRING (386802.783825 6674265.430848, 386802.683876 6674259.148628)

LINESTRING (386802.783825 6674265.430848, 386796.513494 6674265.624774)

LINESTRING (386802.783825 6674265.430848, 386810.872607 6674265.180698)

LINESTRING (386754.821659 6674260.261400, 386721.008393 6674261.307729)

LINESTRING (386754.821659 6674260.261400, 386753.989879 6674266.917919)

LINESTRING (386826.853968 6674311.458583, 386825.749638 6674308.227489)

LINESTRING (386826.853968 6674311.458583, 386843.898249 6674300.946432, 386850.959877 6674297.630045, 386885.112620 6674285.853731, 386912.395250 6674276.764004)

LINESTRING (386826.853968 6674311.458583, 386798.623490 6674329.181581, 386791.985719 6674332.562973, 386781.823628 6674336.644034, 386734.322373 6674357.816616)

LINESTRING (386912.395250 6674276.764004, 386916.723365 6674275.315271)

LINESTRING (386912.395250 6674276.764004, 386885.112620 6674285.853731, 386850.959877 6674297.630045, 386843.898249 6674300.946432, 386826.853968 6674311.458583)

LINESTRING (386912.395250 6674276.764004, 386911.755295 6674275.089865, 386911.302644 6674274.089732)

LINESTRING (386912.395250 6674276.764004, 386913.225342 6674278.844602, 386917.159306 6674288.886527, 386918.675070 6674292.684430)

LINESTRING (386734.322373 6674357.816616, 386731.400510 6674359.155187)

LINESTRING (386734.322373 6674357.816616, 386781.823628 6674336.644034, 386791.985719 6674332.562973, 386798.623490 6674329.181581, 386826.853968 6674311.458583)

LINESTRING (386734.322373 6674357.816616, 386735.066355 6674359.442931, 386736.196155 6674362.060283, 386738.231396 6674366.321243)

LINESTRING (386734.322373 6674357.816616, 386733.464787 6674355.926357, 386732.741914 6674354.444263)

LINESTRING (387056.286728 6674260.497112, 387057.868553 6674265.541172, 387059.334779 6674270.076169)

LINESTRING (387056.286728 6674260.497112, 387047.593326 6674263.272809, 387034.451861 6674267.567680, 386985.893513 6674283.509492)

LINESTRING (387059.334779 6674270.076169, 387060.864686 6674274.876661)

LINESTRING (387059.334779 6674270.076169, 387047.355951 6674273.922786, 387003.971178 6674287.219562, 386972.919491 6674296.636729, 386969.497763 6674298.324864)

LINESTRING (387059.334779 6674270.076169, 387061.767479 6674269.064997, 387065.449643 6674266.822852, 387087.863797 6674258.921080)

LINESTRING (387059.334779 6674270.076169, 387057.868553 6674265.541172, 387056.286728 6674260.497112)

LINESTRING (386985.893513 6674283.509492, 386974.172108 6674280.773358, 386970.434441 6674280.677040, 386967.331887 6674279.223815, 386963.967295 6674275.215530)

LINESTRING (386985.893513 6674283.509492, 386961.520564 6674291.583839, 386947.174136 6674296.027687, 386938.194282 6674299.046525)

LINESTRING (386938.194282 6674299.046525, 386927.701454 6674302.847640)

LINESTRING (386938.194282 6674299.046525, 386941.920126 6674311.156571)

LINESTRING (386938.194282 6674299.046525, 386937.750008 6674291.849982, 386939.220528 6674284.482850)

LINESTRING (386927.701454 6674302.847640, 386923.366065 6674304.419172)

LINESTRING (386927.701454 6674302.847640, 386922.934272 6674290.981517)

LINESTRING (386927.701454 6674302.847640, 386930.598599 6674310.046417, 386932.275806 6674313.861626)

LINESTRING (386941.920126 6674311.156571, 386938.194282 6674299.046525)

LINESTRING (386941.920126 6674311.156571, 386942.905229 6674315.561514)

LINESTRING (386941.920126 6674311.156571, 386937.094889 6674312.319739, 386932.275806 6674313.861626)

LINESTRING (386941.920126 6674311.156571, 386950.777087 6674309.010780, 386956.660244 6674307.603216, 386961.061699 6674306.553459)

LINESTRING (386939.220528 6674284.482850, 386963.967295 6674275.215530)

LINESTRING (386939.220528 6674284.482850, 386937.750008 6674291.849982, 386938.194282 6674299.046525)

LINESTRING (386961.404325 6674391.494738, 386958.693703 6674388.714408)

LINESTRING (386961.404325 6674391.494738, 386959.721629 6674395.045971, 386956.913676 6674400.972232, 386949.557927 6674416.500352, 386938.216571 6674441.323249, 386914.994903 6674489.314199)

LINESTRING (386961.404325 6674391.494738, 386962.629597 6674389.662687, 386965.027115 6674386.078235)

LINESTRING (386961.404325 6674391.494738, 386968.625590 6674396.944090, 386979.517034 6674403.004489)

LINESTRING (386982.187927 6674398.029732, 386979.517034 6674403.004489)

LINESTRING (386982.187927 6674398.029732, 386978.111990 6674395.960198, 386971.387281 6674391.855079, 386965.027115 6674386.078235)

LINESTRING (386982.187927 6674398.029732, 386994.294477 6674404.086085, 386997.701054 6674405.864267)

LINESTRING (387065.820935 6674538.360622, 387066.310701 6674546.859633)

LINESTRING (387065.820935 6674538.360622, 387059.442608 6674538.635458)

LINESTRING (387065.820935 6674538.360622, 387111.741867 6674536.319816, 387125.030032 6674535.731657, 387128.032970 6674535.583322)

LINESTRING (387066.310701 6674546.859633, 387067.304741 6674566.665530)

LINESTRING (387066.310701 6674546.859633, 387065.820935 6674538.360622)

LINESTRING (387066.310701 6674546.859633, 387062.431879 6674547.035047)

LINESTRING (387066.310701 6674546.859633, 387069.838557 6674546.639331, 387071.774488 6674544.640514, 387128.652753 6674542.005516)

LINESTRING (387059.442608 6674538.635458, 387059.743200 6674545.858730)

LINESTRING (387059.442608 6674538.635458, 387059.172000 6674532.024188)

LINESTRING (387059.442608 6674538.635458, 387065.820935 6674538.360622)

LINESTRING (387059.442608 6674538.635458, 387056.239758 6674538.778875, 387007.419148 6674541.077063, 386996.979059 6674541.533134, 386990.804435 6674541.935530, 386982.283305 6674541.641451, 386979.872981 6674541.214398)

LINESTRING (387128.032970 6674535.583322, 387135.315260 6674535.291872)

LINESTRING (387128.032970 6674535.583322, 387127.532842 6674528.722816)

LINESTRING (387128.032970 6674535.583322, 387128.652753 6674542.005516)

LINESTRING (387128.032970 6674535.583322, 387125.030032 6674535.731657, 387111.741867 6674536.319816, 387065.820935 6674538.360622)

LINESTRING (387225.934186 6674178.327202, 387265.363895 6674165.923895)

LINESTRING (387225.934186 6674178.327202, 387219.774074 6674183.542997, 387195.639295 6674190.917464)

LINESTRING (387195.639295 6674190.917464, 387166.468721 6674199.829198)

LINESTRING (387195.639295 6674190.917464, 387193.410757 6674183.430433)

LINESTRING (387195.639295 6674190.917464, 387219.774074 6674183.542997, 387225.934186 6674178.327202)

LINESTRING (387430.218876 6674095.824455, 387443.465385 6674095.093926)

LINESTRING (387430.218876 6674095.824455, 387422.169046 6674075.878936, 387413.756650 6674053.169704)

LINESTRING (387430.218876 6674095.824455, 387425.056034 6674096.128107, 387422.232627 6674097.073036)

LINESTRING (387447.417699 6674107.219745, 387467.632821 6674145.970257, 387474.327141 6674159.382525)

LINESTRING (386963.967295 6674275.215530, 386969.565789 6674273.393304, 386977.642608 6674270.959638, 387010.630944 6674262.251682, 387025.812529 6674258.250368, 387049.108590 6674252.672550, 387077.164079 6674243.972560, 387123.584938 6674229.591225, 387168.024907 6674216.107366)

LINESTRING (386963.967295 6674275.215530, 386960.576040 6674266.750412, 386958.925357 6674260.738974)

LINESTRING (386958.925357 6674260.738974, 386957.388861 6674255.370371)

LINESTRING (386958.925357 6674260.738974, 386960.576040 6674266.750412, 386963.967295 6674275.215530)

LINESTRING (386958.925357 6674260.738974, 386952.575003 6674262.294690, 386946.591199 6674262.602095, 386945.642477 6674262.609110)

LINESTRING (386958.925357 6674260.738974, 386964.669306 6674259.313438, 386966.483333 6674258.934237)

LINESTRING (387240.255077 6674200.051642, 387202.767223 6674211.526155, 387177.308611 6674222.574533)

LINESTRING (387240.255077 6674200.051642, 387234.852068 6674204.263407, 387233.860016 6674205.386094, 387232.770745 6674207.135846, 387231.787046 6674209.250102, 387231.337930 6674211.604203, 387231.276274 6674213.745772, 387231.542008 6674216.066705, 387232.119529 6674218.600914, 387232.687956 6674220.299595, 387233.613096 6674222.589069, 387234.798004 6674224.123884, 387236.702903 6674225.792536, 387238.844651 6674226.863254, 387241.830874 6674227.785372, 387246.830519 6674227.954534, 387252.733965 6674226.658272, 387254.988703 6674226.533099, 387266.076638 6674227.083106)

LINESTRING (387266.076638 6674227.083106, 387288.777876 6674220.555617)

LINESTRING (387266.076638 6674227.083106, 387255.954868 6674232.677177, 387240.919797 6674236.940468)

LINESTRING (387288.777876 6674220.555617, 387266.076638 6674227.083106)

LINESTRING (387288.777876 6674220.555617, 387290.972094 6674226.394428)

LINESTRING (387288.777876 6674220.555617, 387346.602141 6674202.337920, 387361.542028 6674197.498509)

LINESTRING (387472.761329 6674173.795385, 387465.703726 6674163.548066)

LINESTRING (387472.761329 6674173.795385, 387469.339682 6674175.315876, 387466.930362 6674176.370627)

LINESTRING (387472.761329 6674173.795385, 387475.796323 6674172.153055, 387477.966905 6674171.094505, 387479.989507 6674170.096225)

LINESTRING (387466.930362 6674176.370627, 387462.422856 6674173.979503)

LINESTRING (387466.930362 6674176.370627, 387469.339682 6674175.315876, 387472.761329 6674173.795385)

LINESTRING (387479.989507 6674170.096225, 387477.966905 6674171.094505, 387475.796323 6674172.153055, 387472.761329 6674173.795385)

LINESTRING (387225.114070 6674246.989076, 387290.972094 6674226.394428)

LINESTRING (387225.114070 6674246.989076, 387200.526757 6674254.611498)

LINESTRING (387225.114070 6674246.989076, 387223.670332 6674242.096716)

LINESTRING (387290.972094 6674226.394428, 387225.114070 6674246.989076)

LINESTRING (387290.972094 6674226.394428, 387339.008841 6674212.378439)

LINESTRING (387290.972094 6674226.394428, 387288.777876 6674220.555617)

LINESTRING (387290.972094 6674226.394428, 387291.594728 6674228.592932, 387291.799625 6674229.299846, 387297.645125 6674238.737216)

LINESTRING (387200.526757 6674254.611498, 387227.575361 6674348.124108)

LINESTRING (387200.526757 6674254.611498, 387194.970770 6674256.376335)

LINESTRING (387200.526757 6674254.611498, 387225.114070 6674246.989076)

LINESTRING (387215.010781 6674244.714948, 387213.660771 6674240.343477)

LINESTRING (387215.010781 6674244.714948, 387193.540592 6674251.204964)

LINESTRING (387222.149438 6674237.942245, 387213.660771 6674240.343477)

LINESTRING (387222.149438 6674237.942245, 387223.670332 6674242.096716)

LINESTRING (387222.149438 6674237.942245, 387219.236452 6674233.273463, 387215.761800 6674229.647248, 387209.783714 6674225.819577, 387202.637897 6674224.256723, 387198.442086 6674224.241154, 387189.455115 6674226.680086, 387172.144625 6674232.016764)

LINESTRING (386750.494862 6674393.033260, 386747.853379 6674394.106827, 386723.908810 6674404.509830, 386723.462754 6674409.282200)

LINESTRING (386750.494862 6674393.033260, 386801.777461 6674371.231288, 386841.451702 6674358.046763, 386873.200986 6674347.525901, 386916.124816 6674334.252913, 386921.764412 6674332.507348)

LINESTRING (386750.494862 6674393.033260, 386746.610511 6674384.427562, 386745.943776 6674382.966017)

LINESTRING (386723.462754 6674409.282200, 386713.063913 6674413.593676)

LINESTRING (386723.462754 6674409.282200, 386723.908810 6674404.509830, 386747.853379 6674394.106827, 386750.494862 6674393.033260)

LINESTRING (386723.462754 6674409.282200, 386723.342116 6674411.659645, 386723.184494 6674415.531554)

LINESTRING (386921.764412 6674332.507348, 386928.041368 6674317.982045)

LINESTRING (386921.764412 6674332.507348, 386916.124816 6674334.252913, 386873.200986 6674347.525901, 386841.451702 6674358.046763, 386801.777461 6674371.231288, 386750.494862 6674393.033260)

LINESTRING (386921.764412 6674332.507348, 386936.352194 6674327.977928, 386937.739643 6674327.623033)

LINESTRING (386921.764412 6674332.507348, 386917.205812 6674362.235922, 386903.630577 6674373.309190)

LINESTRING (386745.943776 6674382.966017, 386742.985879 6674384.394848)

LINESTRING (386745.943776 6674382.966017, 386748.831673 6674381.606220, 386809.622503 6674352.879388, 386847.688453 6674338.463099, 386857.588551 6674334.880665, 386914.168496 6674318.889845)

LINESTRING (386745.943776 6674382.966017, 386746.610511 6674384.427562, 386750.494862 6674393.033260)

LINESTRING (386745.943776 6674382.966017, 386745.017608 6674381.011013, 386743.326697 6674377.296604)

LINESTRING (386932.275806 6674313.861626, 386927.208663 6674315.277452)

LINESTRING (386932.275806 6674313.861626, 386934.784826 6674318.197203)

LINESTRING (386932.275806 6674313.861626, 386930.598599 6674310.046417, 386927.701454 6674302.847640)

LINESTRING (386932.275806 6674313.861626, 386937.094889 6674312.319739, 386941.920126 6674311.156571)

LINESTRING (386961.061699 6674306.553459, 386966.815206 6674306.877260)

LINESTRING (386961.061699 6674306.553459, 386956.660244 6674307.603216, 386950.777087 6674309.010780, 386941.920126 6674311.156571)

LINESTRING (386961.061699 6674306.553459, 386966.223149 6674300.643676, 386969.497763 6674298.324864)

LINESTRING (386961.061699 6674306.553459, 386960.382543 6674308.101183, 386960.061689 6674311.008571)

LINESTRING (386824.700212 6674455.362959, 386891.457089 6674481.449410)

LINESTRING (386824.700212 6674455.362959, 386822.231041 6674461.290002)

LINESTRING (386824.700212 6674455.362959, 386773.308891 6674435.589099, 386735.076813 6674424.513472, 386727.909743 6674422.439577, 386718.961332 6674418.570895)

LINESTRING (386891.457089 6674481.449410, 386910.972238 6674487.889457)

LINESTRING (386891.457089 6674481.449410, 386824.700212 6674455.362959)

LINESTRING (386891.457089 6674481.449410, 386889.404874 6674486.327112)

LINESTRING (386822.231041 6674461.290002, 386889.404874 6674486.327112)

LINESTRING (386822.231041 6674461.290002, 386819.325433 6674468.356106)

LINESTRING (386822.231041 6674461.290002, 386824.700212 6674455.362959)

LINESTRING (386822.231041 6674461.290002, 386750.473506 6674435.025184, 386736.611738 6674430.539549)

LINESTRING (386718.961332 6674418.570895, 386723.184494 6674415.531554)

LINESTRING (386718.961332 6674418.570895, 386727.909743 6674422.439577, 386735.076813 6674424.513472, 386773.308891 6674435.589099, 386824.700212 6674455.362959)

LINESTRING (386718.961332 6674418.570895, 386714.760565 6674416.238053, 386713.063913 6674413.593676)

LINESTRING (386718.961332 6674418.570895, 386715.607553 6674421.371593, 386713.627793 6674423.026490)

LINESTRING (386910.972238 6674487.889457, 386891.457089 6674481.449410)

LINESTRING (386910.972238 6674487.889457, 386956.305998 6674393.334969, 386958.693703 6674388.714408)

LINESTRING (386910.972238 6674487.889457, 386910.243857 6674489.817616, 386908.237122 6674494.192414)

LINESTRING (386910.972238 6674487.889457, 386911.982148 6674488.248297, 386914.994903 6674489.314199)

LINESTRING (386958.693703 6674388.714408, 386961.404325 6674391.494738)

LINESTRING (386958.693703 6674388.714408, 386955.039184 6674383.221773, 386952.876262 6674377.872521)

LINESTRING (386958.693703 6674388.714408, 386956.305998 6674393.334969, 386910.972238 6674487.889457)

LINESTRING (386908.237122 6674494.192414, 386912.066096 6674495.634281)

LINESTRING (386908.237122 6674494.192414, 386898.243047 6674490.411341)

LINESTRING (386908.237122 6674494.192414, 386910.243857 6674489.817616, 386910.972238 6674487.889457)

LINESTRING (386914.994903 6674489.314199, 386912.066096 6674495.634281)

LINESTRING (386914.994903 6674489.314199, 386911.982148 6674488.248297, 386910.972238 6674487.889457)

LINESTRING (386914.994903 6674489.314199, 386938.216571 6674441.323249, 386949.557927 6674416.500352, 386956.913676 6674400.972232, 386959.721629 6674395.045971, 386961.404325 6674391.494738)

LINESTRING (386927.208663 6674315.277452, 386932.275806 6674313.861626)

LINESTRING (386927.208663 6674315.277452, 386914.168496 6674318.889845)

LINESTRING (386927.208663 6674315.277452, 386927.665007 6674316.756671, 386928.041368 6674317.982045)

LINESTRING (386927.208663 6674315.277452, 386926.819838 6674314.007886, 386926.078628 6674311.211314, 386923.366065 6674304.419172)

LINESTRING (386934.784826 6674318.197203, 386932.275806 6674313.861626)

LINESTRING (386934.784826 6674318.197203, 386940.100435 6674328.597658, 386942.583599 6674336.767627)

LINESTRING (386934.784826 6674318.197203, 386935.991129 6674317.547010, 386939.428259 6674316.538160, 386942.905229 6674315.561514)

LINESTRING (386934.784826 6674318.197203, 386933.796843 6674318.729210, 386932.659517 6674319.276975)

LINESTRING (387376.385779 6674020.530436, 387372.248004 6674023.310040)

LINESTRING (387372.248004 6674023.310040, 387376.385779 6674020.530436)

LINESTRING (387372.248004 6674023.310040, 387373.911684 6674026.156316)

LINESTRING (387372.248004 6674023.310040, 387362.711557 6674028.651749, 387370.515762 6674042.765206, 387368.861100 6674043.819088, 387340.329861 6674060.209677, 387332.871626 6674064.551403, 387330.216075 6674066.081874)

LINESTRING (387218.042429 6673705.826026, 387206.707172 6673707.568262)

LINESTRING (387218.042429 6673705.826026, 387224.606437 6673715.675798)

LINESTRING (387218.042429 6673705.826026, 387213.327764 6673698.716460)

LINESTRING (387218.042429 6673705.826026, 387223.874750 6673705.256310, 387264.424927 6673702.034866)

LINESTRING (387206.707172 6673707.568262, 387218.042429 6673705.826026)

LINESTRING (387206.707172 6673707.568262, 387201.392483 6673709.626510)

LINESTRING (387206.707172 6673707.568262, 387216.568762 6673721.406310, 387222.506809 6673731.475956, 387225.804167 6673737.080161)

LINESTRING (387224.606437 6673715.675798, 387218.042429 6673705.826026)

LINESTRING (387224.606437 6673715.675798, 387228.297884 6673725.424617, 387236.422032 6673740.519798)

LINESTRING (387224.606437 6673715.675798, 387233.617859 6673712.367013, 387264.891860 6673709.988519)

LINESTRING (387213.327764 6673698.716460, 387218.042429 6673705.826026)

LINESTRING (387213.327764 6673698.716460, 387217.409962 6673699.348496, 387222.838430 6673699.181265, 387267.195973 6673695.775703, 387278.046660 6673693.435651, 387284.209160 6673691.150820)

LINESTRING (387213.327764 6673698.716460, 387211.820286 6673696.444928, 387183.870109 6673669.445865, 387161.933269 6673649.561046, 387157.102540 6673645.174287, 387153.082870 6673641.531477, 387150.536991 6673639.425706)

LINESTRING (387264.424927 6673702.034866, 387274.651283 6673701.229626)

LINESTRING (387264.424927 6673702.034866, 387223.874750 6673705.256310, 387218.042429 6673705.826026)

LINESTRING (387167.771022 6673606.844049, 387160.252768 6673613.405622)

LINESTRING (387167.771022 6673606.844049, 387162.670928 6673601.462612)

LINESTRING (387160.252768 6673613.405622, 387167.771022 6673606.844049)

LINESTRING (387160.252768 6673613.405622, 387149.383792 6673622.901100)

LINESTRING (387160.252768 6673613.405622, 387155.135404 6673607.824134)

LINESTRING (387162.670928 6673601.462612, 387155.135404 6673607.824134)

LINESTRING (387162.670928 6673601.462612, 387167.771022 6673606.844049)

LINESTRING (386658.460550 6674511.079674, 386659.100265 6674505.755228)

LINESTRING (386658.460550 6674511.079674, 386678.395555 6674506.695629, 386689.684415 6674505.331984, 386715.208425 6674505.823424, 386733.147842 6674509.213225, 386745.983868 6674513.017349)

LINESTRING (386658.460550 6674511.079674, 386661.988564 6674525.914778, 386668.263574 6674546.493230, 386675.508352 6674560.043110, 386678.844829 6674564.932395)

LINESTRING (386659.100265 6674505.755228, 386652.376688 6674506.710115)

LINESTRING (386659.100265 6674505.755228, 386658.460550 6674511.079674)

LINESTRING (386659.100265 6674505.755228, 386658.935854 6674500.087926)

LINESTRING (386659.100265 6674505.755228, 386677.839044 6674502.700952, 386689.680217 6674501.253342, 386715.499480 6674501.601914, 386734.400044 6674505.028836, 386747.069647 6674509.551342)

LINESTRING (386745.983868 6674513.017349, 386747.069647 6674509.551342)

LINESTRING (386745.983868 6674513.017349, 386791.831389 6674530.833732, 386822.795298 6674543.237929)

LINESTRING (386745.983868 6674513.017349, 386733.147842 6674509.213225, 386715.208425 6674505.823424, 386689.684415 6674505.331984, 386678.395555 6674506.695629, 386658.460550 6674511.079674)

LINESTRING (386745.983868 6674513.017349, 386745.345312 6674514.976196, 386755.116930 6674521.427198, 386762.721006 6674527.588675, 386763.580233 6674529.712916, 386762.963934 6674533.108671, 386760.994922 6674536.902894)

LINESTRING (386678.844829 6674564.932395, 386674.906964 6674568.397586)

LINESTRING (386678.844829 6674564.932395, 386679.344676 6674565.663579, 386689.717776 6674580.788249, 386703.744486 6674597.070274)

LINESTRING (386678.844829 6674564.932395, 386675.508352 6674560.043110, 386668.263574 6674546.493230, 386661.988564 6674525.914778, 386658.460550 6674511.079674)

LINESTRING (386678.844829 6674564.932395, 386691.305814 6674558.060658, 386702.192680 6674554.112896, 386705.556684 6674553.618711)

LINESTRING (386800.585972 6674047.574637, 386790.898174 6674046.202618)

LINESTRING (386790.898174 6674046.202618, 386752.124378 6674040.704352)

LINESTRING (386790.898174 6674046.202618, 386790.018489 6674052.570855)

LINESTRING (386790.898174 6674046.202618, 386791.328479 6674043.068944, 386791.732405 6674040.158968, 386792.138433 6674037.137486)

LINESTRING (387416.778718 6674134.283732, 387429.128577 6674130.025760, 387431.869529 6674137.408004)

LINESTRING (387431.869529 6674137.408004, 387440.820911 6674133.800648)

LINESTRING (387431.869529 6674137.408004, 387429.128577 6674130.025760, 387416.778718 6674134.283732)

LINESTRING (387431.869529 6674137.408004, 387434.604927 6674144.790422, 387421.897135 6674149.137395)

LINESTRING (387421.897135 6674149.137395, 387434.604927 6674144.790422, 387431.869529 6674137.408004)

LINESTRING (387440.820911 6674133.800648, 387431.869529 6674137.408004)

LINESTRING (387440.820911 6674133.800648, 387440.023269 6674131.863817, 387436.693876 6674123.753009, 387430.852322 6674112.632547, 387428.131371 6674107.344776)

LINESTRING (387440.820911 6674133.800648, 387447.502990 6674143.201376, 387454.281237 6674156.633318, 387459.180339 6674166.345201)

LINESTRING (387188.707639 6674079.444741, 387199.381388 6674073.922642, 387200.910818 6674073.128856)

LINESTRING (387200.910818 6674073.128856, 387167.310732 6674015.067158)

LINESTRING (387200.910818 6674073.128856, 387208.794735 6674086.749194)

LINESTRING (387200.910818 6674073.128856, 387207.803653 6674068.993726)

LINESTRING (387200.910818 6674073.128856, 387199.381388 6674073.922642, 387188.707639 6674079.444741)

LINESTRING (387087.863797 6674258.921080, 387065.449643 6674266.822852, 387061.767479 6674269.064997, 387059.334779 6674270.076169)

LINESTRING (387087.863797 6674258.921080, 387090.078085 6674257.125432, 387172.144625 6674232.016764)

LINESTRING (387087.863797 6674258.921080, 387089.355500 6674263.923355, 387087.047261 6674264.652065, 387067.806876 6674270.739721, 387069.085964 6674275.325073)

LINESTRING (387172.144625 6674232.016764, 387090.078085 6674257.125432, 387087.863797 6674258.921080)

LINESTRING (387172.144625 6674232.016764, 387189.455115 6674226.680086, 387198.442086 6674224.241154, 387202.637897 6674224.256723, 387209.783714 6674225.819577, 387215.761800 6674229.647248, 387219.236452 6674233.273463, 387222.149438 6674237.942245)

LINESTRING (387172.144625 6674232.016764, 387172.861871 6674234.401785, 387173.919627 6674238.291911)

LINESTRING (387069.085964 6674275.325073, 387057.926087 6674278.555748)

LINESTRING (387069.085964 6674275.325073, 387067.806876 6674270.739721, 387087.047261 6674264.652065, 387089.355500 6674263.923355, 387087.863797 6674258.921080)

LINESTRING (387069.085964 6674275.325073, 387086.842338 6674270.241598, 387090.523291 6674269.938595)

LINESTRING (387111.896572 6674206.515593, 387110.800448 6674206.961732)

LINESTRING (387110.800448 6674206.961732, 387112.039331 6674208.985187)

LINESTRING (387110.800448 6674206.961732, 387110.157971 6674205.922855)

LINESTRING (387110.800448 6674206.961732, 387111.896572 6674206.515593)

LINESTRING (386895.081272 6674020.838553, 386893.571031 6674036.620762, 386893.364719 6674038.744526)

LINESTRING (386893.364719 6674038.744526, 386899.439886 6674039.047155)

LINESTRING (386893.364719 6674038.744526, 386892.567236 6674047.060418)

LINESTRING (386893.364719 6674038.744526, 386891.496984 6674038.646220, 386886.930726 6674039.221942)

LINESTRING (386893.364719 6674038.744526, 386893.571031 6674036.620762, 386895.081272 6674020.838553)

LINESTRING (386706.073377 6673668.610122, 386704.256567 6673669.446439)

LINESTRING (386704.256567 6673669.446439, 386707.441141 6673672.992031)

LINESTRING (386704.256567 6673669.446439, 386706.073377 6673668.610122)

LINESTRING (386704.256567 6673669.446439, 386702.583720 6673667.581411, 386701.219947 6673666.018856)

LINESTRING (387127.756497 6674289.284262, 387132.240284 6674284.064271)

LINESTRING (387127.756497 6674289.284262, 387137.075209 6674348.718285, 387137.953145 6674355.054511)

LINESTRING (387127.756497 6674289.284262, 387124.569051 6674292.993257, 387122.345884 6674295.580391, 387119.795867 6674298.545363, 387118.210468 6674300.399607, 387114.342647 6674304.898540)

LINESTRING (387110.877272 6674288.980160, 387100.798575 6674301.895043)

LINESTRING (387110.877272 6674288.980160, 387108.796137 6674280.519088, 387107.469956 6674274.765044, 387106.211036 6674268.852908)

LINESTRING (387106.211036 6674268.852908, 387103.260610 6674253.799037, 387097.297569 6674234.090694, 387096.867240 6674232.733240, 387092.640037 6674219.646694)

LINESTRING (386666.616495 6674451.551158, 386661.171634 6674450.616492)

LINESTRING (386666.616495 6674451.551158, 386658.323174 6674493.921874, 386658.935854 6674500.087926)

LINESTRING (386666.616495 6674451.551158, 386668.072527 6674446.424320, 386669.063513 6674446.170750)

LINESTRING (386661.171634 6674450.616492, 386655.103824 6674449.455955)

LINESTRING (386661.171634 6674450.616492, 386666.616495 6674451.551158)

LINESTRING (386661.171634 6674450.616492, 386653.401389 6674494.107731, 386652.942844 6674499.727461)

LINESTRING (386661.171634 6674450.616492, 386662.139378 6674446.028550, 386662.912652 6674444.299543, 386664.333462 6674442.873666, 386666.084349 6674442.251094, 386670.040577 6674441.883415)

LINESTRING (386658.935854 6674500.087926, 386659.100265 6674505.755228)

LINESTRING (386658.935854 6674500.087926, 386652.942844 6674499.727461)

LINESTRING (386658.935854 6674500.087926, 386662.118205 6674500.535440, 386666.746219 6674500.002077, 386677.246483 6674498.796546, 386689.675676 6674497.163565, 386715.784993 6674497.380575, 386735.365546 6674501.800575, 386748.160972 6674506.085164)

LINESTRING (386658.935854 6674500.087926, 386658.323174 6674493.921874, 386666.616495 6674451.551158)

LINESTRING (386669.063513 6674446.170750, 386670.040577 6674441.883415)

LINESTRING (386669.063513 6674446.170750, 386668.072527 6674446.424320, 386666.616495 6674451.551158)

LINESTRING (386669.063513 6674446.170750, 386698.046741 6674449.764500, 386729.650929 6674456.107982, 386768.489630 6674467.788846, 386811.978742 6674485.589312)

LINESTRING (386883.481565 6674506.892854, 386813.852320 6674481.218574)

LINESTRING (386883.481565 6674506.892854, 386891.007604 6674509.279130)

LINESTRING (386883.481565 6674506.892854, 386881.944059 6674511.007994)

LINESTRING (386883.481565 6674506.892854, 386884.478852 6674503.073015, 386886.809266 6674494.988336)

LINESTRING (386813.852320 6674481.218574, 386811.978742 6674485.589312)

LINESTRING (386813.852320 6674481.218574, 386883.481565 6674506.892854)

LINESTRING (386813.852320 6674481.218574, 386815.451366 6674477.480402, 386819.325433 6674468.356106)

LINESTRING (386813.852320 6674481.218574, 386761.476843 6674461.909951, 386749.309076 6674457.828772, 386732.800567 6674453.525353)

LINESTRING (386891.007604 6674509.279130, 386898.243047 6674490.411341)

LINESTRING (386891.007604 6674509.279130, 386883.481565 6674506.892854)

LINESTRING (386891.007604 6674509.279130, 386904.211157 6674514.209147)

LINESTRING (386881.944059 6674511.007994, 386811.978742 6674485.589312)

LINESTRING (386881.944059 6674511.007994, 386883.481565 6674506.892854)

LINESTRING (386881.944059 6674511.007994, 386898.319098 6674516.753789, 386910.516763 6674521.815210, 386937.552709 6674532.458378)

LINESTRING (386886.809266 6674494.988336, 386819.325433 6674468.356106)

LINESTRING (386886.809266 6674494.988336, 386884.478852 6674503.073015, 386883.481565 6674506.892854)

LINESTRING (386886.809266 6674494.988336, 386888.218096 6674489.941066, 386889.404874 6674486.327112)

LINESTRING (386912.066096 6674495.634281, 386908.237122 6674494.192414)

LINESTRING (386912.066096 6674495.634281, 386904.211157 6674514.209147)

LINESTRING (386912.066096 6674495.634281, 386914.994903 6674489.314199)

LINESTRING (386904.211157 6674514.209147, 386912.066096 6674495.634281)

LINESTRING (386904.211157 6674514.209147, 386891.007604 6674509.279130)

LINESTRING (386904.211157 6674514.209147, 386915.413182 6674518.654990, 386925.598360 6674522.697661)

LINESTRING (386708.010506 6674421.183267, 386713.627793 6674423.026490)

LINESTRING (386708.010506 6674421.183267, 386703.989116 6674419.446670, 386701.862876 6674418.520657)

LINESTRING (386713.627793 6674423.026490, 386708.010506 6674421.183267)

LINESTRING (386713.627793 6674423.026490, 386734.773384 6674429.950078, 386736.611738 6674430.539549)

LINESTRING (386713.627793 6674423.026490, 386715.607553 6674421.371593, 386718.961332 6674418.570895)

LINESTRING (386701.862876 6674418.520657, 386706.322508 6674416.488096)

LINESTRING (386701.862876 6674418.520657, 386697.679447 6674416.031278)

LINESTRING (386701.862876 6674418.520657, 386697.443463 6674420.418248, 386694.672700 6674419.824229)

LINESTRING (386706.322508 6674416.488096, 386701.862876 6674418.520657)

LINESTRING (386706.322508 6674416.488096, 386707.376543 6674418.450278, 386708.010506 6674421.183267)

LINESTRING (386706.322508 6674416.488096, 386709.367315 6674415.179131, 386713.063913 6674413.593676)

LINESTRING (386713.063913 6674413.593676, 386723.462754 6674409.282200)

LINESTRING (386713.063913 6674413.593676, 386714.760565 6674416.238053, 386718.961332 6674418.570895)

LINESTRING (386713.063913 6674413.593676, 386709.367315 6674415.179131, 386706.322508 6674416.488096)

LINESTRING (386695.236436 6674400.750221, 386703.001723 6674410.495023)

LINESTRING (386695.236436 6674400.750221, 386687.188537 6674405.000136)

LINESTRING (386703.001723 6674410.495023, 386697.679447 6674416.031278)

LINESTRING (386703.001723 6674410.495023, 386703.794571 6674412.086387, 386706.322508 6674416.488096)

LINESTRING (386703.001723 6674410.495023, 386711.234821 6674401.113087, 386713.658536 6674398.920671, 386740.812865 6674385.364769, 386742.985879 6674384.394848)

LINESTRING (386687.188537 6674405.000136, 386682.540771 6674393.966414)

LINESTRING (386687.188537 6674405.000136, 386662.746562 6674418.149274, 386654.303348 6674422.712399, 386616.259939 6674445.688809)

LINESTRING (386910.693590 6674309.156920, 386914.168496 6674318.889845)

LINESTRING (386910.693590 6674309.156920, 386879.548622 6674320.750889, 386846.543790 6674332.670089, 386841.879961 6674334.385603, 386802.597593 6674349.842548, 386746.384736 6674375.875819, 386743.326697 6674377.296604)

LINESTRING (386914.168496 6674318.889845, 386927.208663 6674315.277452)

LINESTRING (386914.168496 6674318.889845, 386914.739853 6674320.499239)

LINESTRING (386914.168496 6674318.889845, 386910.693590 6674309.156920)

LINESTRING (386914.168496 6674318.889845, 386857.588551 6674334.880665, 386847.688453 6674338.463099, 386809.622503 6674352.879388, 386748.831673 6674381.606220, 386745.943776 6674382.966017)

LINESTRING (386743.326697 6674377.296604, 386740.361529 6674378.669940)

LINESTRING (386743.326697 6674377.296604, 386738.231396 6674366.321243)

LINESTRING (386743.326697 6674377.296604, 386745.017608 6674381.011013, 386745.943776 6674382.966017)

LINESTRING (386557.013476 6674494.787290, 386565.639130 6674494.687099)

LINESTRING (386557.013476 6674494.787290, 386552.267645 6674495.458174, 386542.421109 6674503.252313)

LINESTRING (386557.013476 6674494.787290, 386553.484746 6674501.783787, 386539.762287 6674514.322926, 386522.470470 6674530.215755)

LINESTRING (386565.639130 6674494.687099, 386557.013476 6674494.787290)

LINESTRING (386565.639130 6674494.687099, 386560.134732 6674501.856266, 386553.226509 6674508.311152, 386524.908602 6674533.505710)

LINESTRING (386565.639130 6674494.687099, 386575.106786 6674486.124673, 386593.501721 6674474.120687, 386608.051028 6674465.512337, 386622.909180 6674456.482144)

LINESTRING (386542.421109 6674503.252313, 386517.598415 6674523.056221)

LINESTRING (386542.421109 6674503.252313, 386540.333890 6674500.542111, 386538.639862 6674498.343499)

LINESTRING (386542.421109 6674503.252313, 386552.267645 6674495.458174, 386557.013476 6674494.787290)

LINESTRING (386522.470470 6674530.215755, 386524.908602 6674533.505710)

LINESTRING (386522.470470 6674530.215755, 386517.598415 6674523.056221)

LINESTRING (386524.908602 6674533.505710, 386525.783280 6674535.049924)

LINESTRING (386524.908602 6674533.505710, 386522.470470 6674530.215755)

LINESTRING (386524.908602 6674533.505710, 386553.226509 6674508.311152, 386560.134732 6674501.856266, 386565.639130 6674494.687099)

LINESTRING (386622.909180 6674456.482144, 386616.259939 6674445.688809)

LINESTRING (386622.909180 6674456.482144, 386632.553183 6674451.993189)

LINESTRING (386622.909180 6674456.482144, 386608.051028 6674465.512337, 386593.501721 6674474.120687, 386575.106786 6674486.124673, 386565.639130 6674494.687099)

LINESTRING (386517.598415 6674523.056221, 386522.470470 6674530.215755)

LINESTRING (386517.598415 6674523.056221, 386514.950580 6674517.298759)

LINESTRING (386517.598415 6674523.056221, 386542.421109 6674503.252313)

LINESTRING (386538.639862 6674498.343499, 386514.950580 6674517.298759)

LINESTRING (386538.639862 6674498.343499, 386536.063474 6674495.068965, 386534.405465 6674492.958391, 386531.869601 6674489.738325)

LINESTRING (386538.639862 6674498.343499, 386540.333890 6674500.542111, 386542.421109 6674503.252313)

LINESTRING (386645.483691 6674249.916280, 386647.816709 6674256.619695)

LINESTRING (386645.483691 6674249.916280, 386645.217496 6674243.650346)

LINESTRING (386645.483691 6674249.916280, 386660.955882 6674249.214264)

LINESTRING (386647.816709 6674256.619695, 386645.483691 6674249.916280)

LINESTRING (386647.816709 6674256.619695, 386650.803864 6674263.659467)

LINESTRING (386647.816709 6674256.619695, 386661.616630 6674256.036334)

LINESTRING (386647.816709 6674256.619695, 386637.417086 6674256.796900)

LINESTRING (386645.217496 6674243.650346, 386652.085912 6674243.593660)

LINESTRING (386645.217496 6674243.650346, 386637.489373 6674243.900835)

LINESTRING (386645.217496 6674243.650346, 386645.483691 6674249.916280)

LINESTRING (386645.217496 6674243.650346, 386645.166602 6674241.111048, 386642.572505 6674167.561740)

LINESTRING (386660.955882 6674249.214264, 386661.616630 6674256.036334)

LINESTRING (386660.955882 6674249.214264, 386660.659784 6674243.773926)

LINESTRING (386660.955882 6674249.214264, 386677.689657 6674248.751858)

LINESTRING (386814.208526 6674245.285497, 386827.802598 6674245.043455)

LINESTRING (386814.208526 6674245.285497, 386817.249772 6674252.290287)

LINESTRING (386814.208526 6674245.285497, 386811.532279 6674239.316974)

LINESTRING (386827.802598 6674245.043455, 386830.740582 6674251.940006)

LINESTRING (386827.802598 6674245.043455, 386825.255789 6674238.235108)

LINESTRING (386827.802598 6674245.043455, 386831.180325 6674244.983595, 386840.684616 6674244.745468)

LINESTRING (386811.532279 6674239.316974, 386819.152696 6674238.813868)

LINESTRING (386811.532279 6674239.316974, 386801.790884 6674239.963699)

LINESTRING (386811.532279 6674239.316974, 386814.208526 6674245.285497)

LINESTRING (386811.532279 6674239.316974, 386810.129261 6674235.939102, 386804.178973 6674222.438077)

LINESTRING (386954.165126 6674241.729199, 386957.388861 6674255.370371)

LINESTRING (386954.165126 6674241.729199, 386980.082773 6674240.717084, 386987.944642 6674240.485479)

LINESTRING (386957.388861 6674255.370371, 386945.931202 6674256.326035)

LINESTRING (386957.388861 6674255.370371, 386954.165126 6674241.729199)

LINESTRING (386957.388861 6674255.370371, 386958.925357 6674260.738974)

LINESTRING (386987.944642 6674240.485479, 387000.980201 6674242.824478)

LINESTRING (386987.944642 6674240.485479, 386988.428598 6674235.310797, 386988.499817 6674234.561940)

LINESTRING (386987.944642 6674240.485479, 386987.622549 6674244.072694, 386987.991924 6674246.869614, 386988.709201 6674249.611215)

LINESTRING (386650.803864 6674263.659467, 386647.816709 6674256.619695)

LINESTRING (386650.803864 6674263.659467, 386637.548724 6674263.913960)

LINESTRING (386650.803864 6674263.659467, 386655.205460 6674270.499422)

LINESTRING (386661.616630 6674256.036334, 386660.955882 6674249.214264)

LINESTRING (386661.616630 6674256.036334, 386802.559032 6674252.599718)

LINESTRING (386661.616630 6674256.036334, 386647.816709 6674256.619695)

LINESTRING (386661.616630 6674256.036334, 386664.243268 6674259.498852, 386664.853558 6674263.257834)

LINESTRING (386637.417086 6674256.796900, 386647.816709 6674256.619695)

LINESTRING (386637.417086 6674256.796900, 386637.341758 6674253.110507, 386637.280196 6674250.047761)

LINESTRING (386637.417086 6674256.796900, 386637.459683 6674259.247303, 386637.548724 6674263.913960)

LINESTRING (386637.417086 6674256.796900, 386612.440687 6674257.559404, 386591.338168 6674258.514084, 386571.056060 6674260.334997, 386536.221042 6674266.195560, 386495.096960 6674276.475136)

LINESTRING (386830.740582 6674251.940006, 386833.024392 6674258.678479)

LINESTRING (386830.740582 6674251.940006, 386827.802598 6674245.043455)

LINESTRING (386830.740582 6674251.940006, 386817.249772 6674252.290287)

LINESTRING (386830.740582 6674251.940006, 386934.064417 6674249.426602, 386942.472038 6674249.077742)

LINESTRING (386802.184464 6674245.512467, 386801.790884 6674239.963699)

LINESTRING (386802.184464 6674245.512467, 386814.208526 6674245.285497)

LINESTRING (386802.184464 6674245.512467, 386802.460661 6674248.880608, 386802.559032 6674252.599718)

LINESTRING (386801.790884 6674239.963699, 386811.532279 6674239.316974)

LINESTRING (386801.790884 6674239.963699, 386802.184464 6674245.512467)

LINESTRING (386801.790884 6674239.963699, 386773.683000 6674240.855378, 386759.112081 6674241.272716)

LINESTRING (386801.790884 6674239.963699, 386800.372581 6674231.426553, 386780.108261 6674186.105907, 386763.329373 6674148.344720)

LINESTRING (386649.492344 6674526.992723, 386636.308068 6674532.549701)

LINESTRING (386649.492344 6674526.992723, 386649.930452 6674528.238448, 386654.271339 6674540.652368, 386660.961229 6674555.813026)

LINESTRING (386649.492344 6674526.992723, 386648.211145 6674521.816921, 386645.783804 6674511.884616, 386645.076464 6674508.396103)

LINESTRING (386636.308068 6674532.549701, 386623.729705 6674541.364352)

LINESTRING (386636.308068 6674532.549701, 386649.492344 6674526.992723)

LINESTRING (386636.308068 6674532.549701, 386638.304300 6674536.087443)

LINESTRING (386660.961229 6674555.813026, 386665.027057 6674565.259976)

LINESTRING (386660.961229 6674555.813026, 386638.147863 6674580.301309)

LINESTRING (386660.961229 6674555.813026, 386654.271339 6674540.652368, 386649.930452 6674528.238448, 386649.492344 6674526.992723)

LINESTRING (386645.076464 6674508.396103, 386652.376688 6674506.710115)

LINESTRING (386645.076464 6674508.396103, 386645.653347 6674499.072835)

LINESTRING (386645.076464 6674508.396103, 386641.162402 6674507.614654, 386632.291853 6674488.342500, 386620.297288 6674493.795813, 386598.913237 6674506.215464)

LINESTRING (386645.076464 6674508.396103, 386645.783804 6674511.884616, 386648.211145 6674521.816921, 386649.492344 6674526.992723)

LINESTRING (387110.592236 6673654.743374, 387119.587366 6673646.943734)

LINESTRING (387110.592236 6673654.743374, 387117.513262 6673662.119110)

LINESTRING (387110.592236 6673654.743374, 387107.507039 6673650.447726, 387097.618777 6673638.104083)

LINESTRING (387119.587366 6673646.943734, 387133.438560 6673637.868849)

LINESTRING (387119.587366 6673646.943734, 387113.358891 6673640.248718, 387104.678902 6673630.910143)

LINESTRING (387117.513262 6673662.119110, 387110.592236 6673654.743374)

LINESTRING (387117.513262 6673662.119110, 387114.020180 6673664.934838, 387103.501538 6673664.724277)

LINESTRING (387117.513262 6673662.119110, 387121.652138 6673665.847359, 387123.302004 6673667.334377)

LINESTRING (387097.618777 6673638.104083, 387088.548238 6673646.697336)

LINESTRING (387097.618777 6673638.104083, 387104.678902 6673630.910143)

LINESTRING (387097.618777 6673638.104083, 387107.507039 6673650.447726, 387110.592236 6673654.743374)

LINESTRING (387088.548238 6673646.697336, 387086.716954 6673648.146832)

LINESTRING (387088.548238 6673646.697336, 387097.618777 6673638.104083)

LINESTRING (387088.548238 6673646.697336, 387092.669380 6673652.008567, 387103.501538 6673664.724277)

LINESTRING (387088.548238 6673646.697336, 387083.410111 6673639.545264, 387067.768201 6673620.792984)

LINESTRING (387104.678902 6673630.910143, 387097.618777 6673638.104083)

LINESTRING (387104.678902 6673630.910143, 387109.541018 6673626.592313, 387112.306603 6673624.122194, 387115.764104 6673621.051248)

LINESTRING (387201.349772 6673748.409325, 387210.539726 6673744.593494)

LINESTRING (387201.349772 6673748.409325, 387197.012228 6673741.109855)

LINESTRING (387201.349772 6673748.409325, 387204.822245 6673754.832781)

LINESTRING (387201.349772 6673748.409325, 387197.395745 6673750.314217, 387192.881184 6673752.760158)

LINESTRING (387210.539726 6673744.593494, 387201.528434 6673733.493002)

LINESTRING (387210.539726 6673744.593494, 387225.804167 6673737.080161)

LINESTRING (387210.539726 6673744.593494, 387201.349772 6673748.409325)

LINESTRING (387197.012228 6673741.109855, 387201.349772 6673748.409325)

LINESTRING (387197.012228 6673741.109855, 387194.183528 6673744.952582, 387190.630166 6673747.792384)

LINESTRING (387197.012228 6673741.109855, 387194.747217 6673737.669253, 387184.429540 6673724.881719, 387147.816508 6673687.652139, 387140.024111 6673679.913168, 387135.573776 6673675.982763, 387128.846541 6673670.930141, 387123.302004 6673667.334377)

LINESTRING (387204.822245 6673754.832781, 387206.600890 6673757.619727)

LINESTRING (387204.822245 6673754.832781, 387201.349772 6673748.409325)

LINESTRING (387204.822245 6673754.832781, 387199.373411 6673757.218348, 387179.017637 6673768.087059)

LINESTRING (387192.881184 6673752.760158, 387190.630166 6673747.792384)

LINESTRING (387192.881184 6673752.760158, 387179.550010 6673759.968883, 387175.663175 6673762.072321)

LINESTRING (387192.881184 6673752.760158, 387197.395745 6673750.314217, 387201.349772 6673748.409325)

LINESTRING (387312.670549 6673908.955246, 387307.628610 6673901.476750)

LINESTRING (387312.670549 6673908.955246, 387297.495103 6673920.421657, 387288.340755 6673926.643315)

LINESTRING (387312.670549 6673908.955246, 387313.371750 6673908.476753, 387320.374046 6673903.736702)

LINESTRING (387312.670549 6673908.955246, 387321.832712 6673921.555792, 387368.992364 6674002.994233, 387377.643542 6674017.939741)

LINESTRING (387302.741436 6673894.338962, 387310.245345 6673889.126542)

LINESTRING (387302.741436 6673894.338962, 387297.584391 6673886.908598)

LINESTRING (387302.741436 6673894.338962, 387307.628610 6673901.476750)

LINESTRING (387277.836033 6673917.126530, 387284.744084 6673906.984422, 387296.448972 6673898.700580, 387302.741436 6673894.338962)

LINESTRING (387277.836033 6673917.126530, 387267.359005 6673924.369654, 387260.549845 6673929.070429, 387256.017922 6673932.207770)

LINESTRING (387297.584391 6673886.908598, 387304.705852 6673881.351331)

LINESTRING (387297.584391 6673886.908598, 387302.741436 6673894.338962)

LINESTRING (387297.584391 6673886.908598, 387256.925256 6673831.203090)

LINESTRING (387297.584391 6673886.908598, 387296.863715 6673889.638802, 387295.434940 6673891.722161, 387249.536886 6673922.154808)

LINESTRING (387304.705852 6673881.351331, 387297.584391 6673886.908598)

LINESTRING (387304.705852 6673881.351331, 387316.422985 6673873.100613)

LINESTRING (387304.705852 6673881.351331, 387287.390081 6673858.816154, 387263.695790 6673826.503505)

LINESTRING (387256.925256 6673831.203090, 387263.695790 6673826.503505)

LINESTRING (387256.925256 6673831.203090, 387253.735764 6673826.754526)

LINESTRING (387256.925256 6673831.203090, 387297.584391 6673886.908598)

LINESTRING (387256.925256 6673831.203090, 387254.475625 6673833.117311, 387249.845829 6673837.405511)

LINESTRING (387249.536886 6673922.154808, 387215.174565 6673945.824758, 387213.565803 6673947.467933)

LINESTRING (387249.536886 6673922.154808, 387295.434940 6673891.722161, 387296.863715 6673889.638802, 387297.584391 6673886.908598)

LINESTRING (387249.536886 6673922.154808, 387250.539247 6673923.706397, 387256.017922 6673932.207770)

LINESTRING (387422.232627 6674097.073036, 387428.131371 6674107.344776)

LINESTRING (387422.232627 6674097.073036, 387416.712512 6674087.023685)

LINESTRING (387422.232627 6674097.073036, 387425.056034 6674096.128107, 387430.218876 6674095.824455)

LINESTRING (387422.232627 6674097.073036, 387417.615716 6674104.480981, 387370.651939 6674122.040106, 387366.491991 6674123.193367, 387364.080235 6674123.267580)

LINESTRING (387416.712512 6674087.023685, 387422.232627 6674097.073036)

LINESTRING (387416.712512 6674087.023685, 387415.010080 6674087.967574, 387411.913987 6674089.790137, 387373.911684 6674026.156316)

LINESTRING (387416.712512 6674087.023685, 387400.097581 6674056.910786, 387377.643542 6674017.939741)

LINESTRING (387364.080235 6674123.267580, 387330.216075 6674066.081874)

LINESTRING (387364.080235 6674123.267580, 387359.331041 6674124.929321)

LINESTRING (387364.080235 6674123.267580, 387366.491991 6674123.193367, 387370.651939 6674122.040106, 387417.615716 6674104.480981, 387422.232627 6674097.073036)

LINESTRING (387443.465385 6674095.093926, 387447.417699 6674107.219745)

LINESTRING (387443.465385 6674095.093926, 387430.218876 6674095.824455)

LINESTRING (387300.137815 6674156.584126, 387304.075372 6674155.058735)

LINESTRING (387300.137815 6674156.584126, 387297.302295 6674149.383187)

LINESTRING (387247.464858 6673775.417326, 387252.330251 6673770.486656)

LINESTRING (387247.464858 6673775.417326, 387260.073169 6673797.718409, 387278.660712 6673824.772250, 387312.210604 6673867.691665, 387316.422985 6673873.100613)

LINESTRING (387252.330251 6673770.486656, 387247.464858 6673775.417326)

LINESTRING (387252.330251 6673770.486656, 387236.422032 6673740.519798)

LINESTRING (387252.330251 6673770.486656, 387261.182968 6673786.718434, 387266.474932 6673795.459603, 387272.939703 6673801.735251, 387283.696819 6673816.013938, 387315.752123 6673858.879108)

LINESTRING (387252.330251 6673770.486656, 387255.314293 6673767.541864, 387260.523828 6673762.611751)

LINESTRING (387316.422985 6673873.100613, 387322.142230 6673881.126623)

LINESTRING (387316.422985 6673873.100613, 387304.705852 6673881.351331)

LINESTRING (387316.422985 6673873.100613, 387323.194537 6673868.434539)

LINESTRING (387322.142230 6673881.126623, 387327.299197 6673887.654351)

LINESTRING (387322.142230 6673881.126623, 387329.729892 6673875.387896)

LINESTRING (387327.299197 6673887.654351, 387315.209168 6673896.050242)

LINESTRING (387327.299197 6673887.654351, 387333.002977 6673895.179368)

LINESTRING (387329.729892 6673875.387896, 387334.915479 6673882.304796)

LINESTRING (387329.729892 6673875.387896, 387334.083149 6673872.211574)

LINESTRING (387329.729892 6673875.387896, 387325.931888 6673870.278213, 387323.194537 6673868.434539)

LINESTRING (387201.528434 6673733.493002, 387178.875395 6673709.083370)

LINESTRING (387201.528434 6673733.493002, 387198.598694 6673715.864140, 387199.314595 6673712.799740, 387201.392483 6673709.626510)

LINESTRING (387178.875395 6673709.083370, 387177.803502 6673707.979704, 387162.169887 6673691.812229, 387150.367990 6673679.137393, 387134.931299 6673663.064252, 387126.763403 6673654.489930)

LINESTRING (387201.392483 6673709.626510, 387206.707172 6673707.568262)

LINESTRING (387201.392483 6673709.626510, 387194.296845 6673709.544254, 387178.875395 6673709.083370)

LINESTRING (387215.437096 6673752.410648, 387206.600890 6673757.619727)

LINESTRING (387215.437096 6673752.410648, 387210.539726 6673744.593494)

LINESTRING (387215.437096 6673752.410648, 387222.076085 6673748.662293, 387225.605974 6673746.681342, 387229.910202 6673744.253065)

LINESTRING (387206.600890 6673757.619727, 387215.437096 6673752.410648)

LINESTRING (387206.600890 6673757.619727, 387204.822245 6673754.832781)

LINESTRING (387206.600890 6673757.619727, 387218.898428 6673779.551355, 387253.735764 6673826.754526)

LINESTRING (387229.910202 6673744.253065, 387247.464858 6673775.417326)

LINESTRING (387229.910202 6673744.253065, 387225.605974 6673746.681342, 387222.076085 6673748.662293, 387215.437096 6673752.410648)

LINESTRING (387229.910202 6673744.253065, 387234.796760 6673741.450245, 387236.422032 6673740.519798)

LINESTRING (387253.735764 6673826.754526, 387260.492411 6673822.144516)

LINESTRING (387253.735764 6673826.754526, 387256.925256 6673831.203090)

LINESTRING (387253.735764 6673826.754526, 387251.346379 6673828.822911, 387235.353922 6673840.437320, 387227.276278 6673848.464738, 387210.615824 6673870.096108)

LINESTRING (387253.735764 6673826.754526, 387218.898428 6673779.551355, 387206.600890 6673757.619727)

LINESTRING (387236.422032 6673740.519798, 387252.330251 6673770.486656)

LINESTRING (387236.422032 6673740.519798, 387234.796760 6673741.450245, 387229.910202 6673744.253065)

LINESTRING (387236.422032 6673740.519798, 387228.297884 6673725.424617, 387224.606437 6673715.675798)

LINESTRING (386497.855685 6673985.849040, 386505.336408 6673987.088129)

LINESTRING (386497.855685 6673985.849040, 386500.975542 6673847.151893)

LINESTRING (386497.855685 6673985.849040, 386489.603906 6673984.801039)

LINESTRING (386481.313981 6673983.954835, 386482.333735 6673945.252827)

LINESTRING (386481.313981 6673983.954835, 386489.603906 6673984.801039)

LINESTRING (386490.244364 6673945.497867, 386490.307759 6673942.709851)

LINESTRING (386490.244364 6673945.497867, 386482.333735 6673945.252827)

LINESTRING (386490.244364 6673945.497867, 386489.893869 6673964.621041, 386489.794337 6673971.254928, 386489.663686 6673980.285783, 386489.603906 6673984.801039)

LINESTRING (386726.611867 6674018.090982, 386732.528651 6674018.832860)

LINESTRING (386726.611867 6674018.090982, 386720.184929 6674017.721514)

LINESTRING (386726.611867 6674018.090982, 386727.020634 6674014.980252, 386729.408775 6673998.357257, 386732.554975 6673996.008780, 386741.446008 6673989.381500)

LINESTRING (386732.528651 6674018.832860, 386736.119936 6674019.390387)

LINESTRING (386732.528651 6674018.832860, 386726.611867 6674018.090982)

LINESTRING (386732.528651 6674018.832860, 386733.350641 6674012.934446)

LINESTRING (386720.184929 6674017.721514, 386726.611867 6674018.090982)

LINESTRING (386720.184929 6674017.721514, 386667.649078 6674010.309759)

LINESTRING (386720.184929 6674017.721514, 386723.133961 6673993.937740, 386731.263849 6673988.180946, 386731.679235 6673984.925138)

LINESTRING (386741.446008 6673989.381500, 386745.035471 6673986.829869)

LINESTRING (386741.446008 6673989.381500, 386735.569886 6673982.063286)

LINESTRING (386803.416329 6674028.731481, 386801.971548 6674038.003528)

LINESTRING (386803.416329 6674028.731481, 386812.417384 6674029.968751)

LINESTRING (386803.416329 6674028.731481, 386797.804867 6674027.991192)

LINESTRING (386801.971548 6674038.003528, 386808.924194 6674037.966835, 386814.964768 6674038.047511, 386821.017389 6674038.517869, 386834.958668 6674040.326820, 386863.655517 6674043.897422, 386868.659501 6674044.556288)

LINESTRING (386801.971548 6674038.003528, 386801.500630 6674041.439349, 386801.055820 6674044.283723, 386800.585972 6674047.574637)

LINESTRING (386812.417384 6674029.968751, 386814.461250 6674016.019926)

LINESTRING (386812.417384 6674029.968751, 386803.416329 6674028.731481)

LINESTRING (386812.417384 6674029.968751, 386833.229038 6674032.668533, 386858.754969 6674035.991663)

LINESTRING (386797.804867 6674027.991192, 386798.649682 6674022.827606)

LINESTRING (386797.804867 6674027.991192, 386803.416329 6674028.731481)

LINESTRING (386797.804867 6674027.991192, 386793.603646 6674027.809082)

LINESTRING (386884.853376 6674038.985243, 386875.015003 6674013.345685)

LINESTRING (386884.853376 6674038.985243, 386875.741791 6674037.940663)

LINESTRING (386884.853376 6674038.985243, 386886.474021 6674039.169189)

LINESTRING (386867.332581 6674036.996984, 386875.741791 6674037.940663)

LINESTRING (386867.332581 6674036.996984, 386858.754969 6674035.991663)

LINESTRING (386867.332581 6674036.996984, 386868.659501 6674044.556288)

LINESTRING (386867.332581 6674036.996984, 386866.840899 6674033.657789, 386861.408555 6674018.781076)

LINESTRING (386865.870746 6674009.270927, 386872.367970 6674006.707565)

LINESTRING (386865.870746 6674009.270927, 386865.791137 6674008.849909, 386861.155704 6673995.876505)

LINESTRING (386865.870746 6674009.270927, 386874.823503 6674034.804102, 386875.741791 6674037.940663)

LINESTRING (386505.336408 6673987.088129, 386606.702861 6674002.290022)

LINESTRING (386505.336408 6673987.088129, 386497.855685 6673985.849040)

LINESTRING (386505.336408 6673987.088129, 386504.455446 6673993.579079)

LINESTRING (386606.702861 6674002.290022, 386613.450283 6674003.329160)

LINESTRING (386606.702861 6674002.290022, 386505.336408 6673987.088129)

LINESTRING (386606.702861 6674002.290022, 386606.940712 6673999.039695, 386607.756091 6673996.696446, 386608.734888 6673995.328824, 386610.355810 6673993.907878)

LINESTRING (386937.812656 6674040.915221, 386951.114696 6674040.537814)

LINESTRING (386937.812656 6674040.915221, 386930.081484 6674040.541096)

LINESTRING (386937.812656 6674040.915221, 386937.668598 6674043.438248, 386941.164274 6674043.597737, 386947.695140 6674043.741497, 386958.763971 6674051.378865)

LINESTRING (386951.114696 6674040.537814, 386937.812656 6674040.915221)

LINESTRING (386951.114696 6674040.537814, 386950.653229 6674050.214040)

LINESTRING (386951.114696 6674040.537814, 386950.654423 6674035.158262, 386950.462603 6674034.517826)

LINESTRING (386930.081484 6674040.541096, 386937.812656 6674040.915221)

LINESTRING (386930.081484 6674040.541096, 386917.675778 6674039.932492)

LINESTRING (386930.081484 6674040.541096, 386930.054265 6674038.402260)

LINESTRING (386958.763971 6674051.378865, 386939.649694 6674072.541292)

LINESTRING (386958.763971 6674051.378865, 386947.695140 6674043.741497, 386941.164274 6674043.597737, 386937.668598 6674043.438248, 386937.812656 6674040.915221)

LINESTRING (386958.763971 6674051.378865, 386983.365606 6674038.795274, 386991.988477 6674042.886413, 386997.876976 6674045.412652, 387006.713685 6674049.240908)

LINESTRING (386950.653229 6674050.214040, 386951.114696 6674040.537814)

LINESTRING (386950.653229 6674050.214040, 386950.617341 6674051.028671, 386950.500310 6674053.528575, 386950.388865 6674055.849999, 386950.359597 6674056.519552, 386950.233540 6674059.086598)

LINESTRING (386950.653229 6674050.214040, 386954.532278 6674046.973882, 386955.415684 6674046.467402)

LINESTRING (386950.653229 6674050.214040, 386952.236128 6674050.254308, 386954.968821 6674050.147626, 386957.311044 6674049.796689, 386957.938978 6674049.643567)

LINESTRING (386950.462603 6674034.517826, 386949.718403 6674029.648530)

LINESTRING (386950.462603 6674034.517826, 386945.163011 6674035.428159)

LINESTRING (386950.462603 6674034.517826, 386950.654423 6674035.158262, 386951.114696 6674040.537814)

LINESTRING (386618.464400 6673994.994016, 386619.479594 6673995.876395, 386620.347128 6673997.008520, 386620.840688 6673998.609140, 386621.119602 6674001.163664, 386620.819026 6674004.360211)

LINESTRING (386620.819026 6674004.360211, 386643.853934 6674007.335538)

LINESTRING (386620.819026 6674004.360211, 386613.450283 6674003.329160)

LINESTRING (386620.819026 6674004.360211, 386621.119602 6674001.163664, 386620.840688 6673998.609140, 386620.347128 6673997.008520, 386619.479594 6673995.876395, 386618.464400 6673994.994016)

LINESTRING (386614.970333 6673985.930577, 386615.479210 6673982.471261, 386615.650614 6673981.017208)

LINESTRING (386615.650614 6673981.017208, 386616.119038 6673976.968503)

LINESTRING (386615.650614 6673981.017208, 386618.077695 6673981.075761, 386624.785815 6673981.024009, 386631.335433 6673979.617588, 386635.219615 6673977.803379, 386641.079816 6673973.130793, 386644.637144 6673971.872782)

LINESTRING (386615.650614 6673981.017208, 386611.995838 6673980.562061, 386609.232717 6673979.867559, 386604.054103 6673978.055455, 386600.837547 6673976.160289, 386596.743068 6673972.977308, 386590.347484 6673965.920579, 386564.842558 6673962.765800, 386560.185723 6673961.316491, 386555.831144 6673959.233745, 386551.230376 6673955.654168, 386549.277283 6673953.340985)

LINESTRING (386615.650614 6673981.017208, 386615.479210 6673982.471261, 386614.970333 6673985.930577)

LINESTRING (386522.630712 6673824.738226, 386522.005010 6673842.510325)

LINESTRING (386522.005010 6673842.510325, 386522.419603 6673846.932863)

LINESTRING (386522.005010 6673842.510325, 386501.053776 6673842.156866)

LINESTRING (386522.005010 6673842.510325, 386522.630712 6673824.738226)

LINESTRING (386643.853934 6674007.335538, 386667.649078 6674010.309759)

LINESTRING (386643.853934 6674007.335538, 386620.819026 6674004.360211)

LINESTRING (386643.853934 6674007.335538, 386642.543754 6674015.923700)

LINESTRING (386613.450283 6674003.329160, 386620.819026 6674004.360211)

LINESTRING (386613.450283 6674003.329160, 386606.702861 6674002.290022)

LINESTRING (386613.450283 6674003.329160, 386612.228937 6674011.557970)

LINESTRING (386613.450283 6674003.329160, 386614.462778 6673994.449313, 386624.859614 6673904.383165, 386628.629871 6673895.841395, 386681.094466 6673859.658847, 386787.805710 6673784.878465, 386797.274416 6673778.066320)

LINESTRING (386483.351456 6673832.207921, 386472.714374 6673819.398769)

LINESTRING (386483.351456 6673832.207921, 386492.252300 6673842.006281)

LINESTRING (386483.351456 6673832.207921, 386493.539711 6673824.637134, 386501.532409 6673824.656780)

LINESTRING (386472.714374 6673819.398769, 386483.351456 6673832.207921)

LINESTRING (386472.714374 6673819.398769, 386476.692715 6673819.364549, 386480.998540 6673819.331322)

LINESTRING (386472.714374 6673819.398769, 386472.858481 6673792.726226, 386474.484643 6673710.933091, 386474.941135 6673698.448577)

LINESTRING (386492.252300 6673842.006281, 386492.004610 6673847.084572)

LINESTRING (386492.252300 6673842.006281, 386483.351456 6673832.207921)

LINESTRING (386501.532409 6673824.656780, 386522.630712 6673824.738226)

LINESTRING (386501.532409 6673824.656780, 386501.615649 6673821.255219)

LINESTRING (386501.532409 6673824.656780, 386501.484985 6673827.065397, 386501.139256 6673840.259702, 386501.053776 6673842.156866)

LINESTRING (386694.020934 6673689.142927, 386688.825960 6673683.765062)

LINESTRING (386694.020934 6673689.142927, 386699.945374 6673686.886756)

LINESTRING (386694.020934 6673689.142927, 386698.835017 6673694.588309, 386706.083236 6673694.575733, 386714.258625 6673697.621415, 386727.861954 6673705.146283, 386736.889753 6673712.244405, 386761.412284 6673731.679022, 386785.298278 6673759.792492)

LINESTRING (386688.825960 6673683.765062, 386694.020934 6673689.142927)

LINESTRING (386688.825960 6673683.765062, 386687.192490 6673678.689301, 386677.096454 6673667.389575)

LINESTRING (386688.825960 6673683.765062, 386685.947854 6673685.458904, 386677.277729 6673685.259218)

LINESTRING (386785.298278 6673759.792492, 386789.153469 6673757.210410)

LINESTRING (386785.298278 6673759.792492, 386789.817735 6673766.127485)

LINESTRING (386785.298278 6673759.792492, 386761.412284 6673731.679022, 386736.889753 6673712.244405, 386727.861954 6673705.146283, 386714.258625 6673697.621415, 386706.083236 6673694.575733, 386698.835017 6673694.588309, 386694.020934 6673689.142927)

LINESTRING (386793.207010 6673754.042702, 386797.094178 6673751.058450)

LINESTRING (386793.207010 6673754.042702, 386789.153469 6673757.210410)

LINESTRING (386793.207010 6673754.042702, 386795.691327 6673761.332169)

LINESTRING (386797.094178 6673751.058450, 386801.772702 6673757.332817)

LINESTRING (386797.094178 6673751.058450, 386793.207010 6673754.042702)

LINESTRING (386797.094178 6673751.058450, 386793.455912 6673746.835878)

LINESTRING (386797.094178 6673751.058450, 386814.376309 6673739.357639)

LINESTRING (386789.153469 6673757.210410, 386793.207010 6673754.042702)

LINESTRING (386789.153469 6673757.210410, 386785.298278 6673759.792492)

LINESTRING (386789.153469 6673757.210410, 386764.241174 6673728.214839, 386739.258478 6673708.437825, 386709.837571 6673692.141563, 386699.945374 6673686.886756)

LINESTRING (386795.691327 6673761.332169, 386789.153469 6673757.210410)

LINESTRING (386795.691327 6673761.332169, 386801.772702 6673757.332817)

LINESTRING (386795.691327 6673761.332169, 386799.429598 6673767.891924)

LINESTRING (387100.798575 6674301.895043, 387110.877272 6674288.980160)

LINESTRING (387100.798575 6674301.895043, 387094.044815 6674312.679156, 387082.889161 6674328.814537, 387068.566750 6674351.121221)

LINESTRING (387100.798575 6674301.895043, 387099.471305 6674297.545195, 387098.719628 6674295.484429, 387098.484916 6674294.711579, 387098.116902 6674293.575086, 387097.067563 6674290.319935, 387096.483185 6674288.465747, 387094.662537 6674282.693527, 387093.201512 6674278.325519, 387090.523291 6674269.938595)

LINESTRING (387100.798575 6674301.895043, 387103.811550 6674311.241186, 387104.192022 6674312.421873)

LINESTRING (387138.807364 6674372.858776, 387145.333809 6674371.799434)

LINESTRING (387138.807364 6674372.858776, 387134.096418 6674374.307909, 387131.012390 6674375.249968, 387125.702318 6674376.884750)

LINESTRING (387138.807364 6674372.858776, 387139.142286 6674384.260036, 387146.531687 6674527.980906)

LINESTRING (387145.333809 6674371.799434, 387145.996014 6674377.618538)

LINESTRING (387145.333809 6674371.799434, 387143.948042 6674354.212153)

LINESTRING (387145.333809 6674371.799434, 387138.807364 6674372.858776)

LINESTRING (387145.333809 6674371.799434, 387149.351964 6674370.917738, 387178.590279 6674362.449485)

LINESTRING (387125.702318 6674376.884750, 387122.974401 6674357.165759)

LINESTRING (387125.702318 6674376.884750, 387131.012390 6674375.249968, 387134.096418 6674374.307909, 387138.807364 6674372.858776)

LINESTRING (387146.531687 6674527.980906, 387146.927863 6674535.970175)

LINESTRING (387146.531687 6674527.980906, 387152.667142 6674527.747143)

LINESTRING (387146.531687 6674527.980906, 387142.214553 6674528.158607, 387139.193947 6674528.274042, 387134.865382 6674528.440960)

LINESTRING (387146.927863 6674535.970175, 387154.254292 6674541.249467)

LINESTRING (387146.927863 6674535.970175, 387142.613979 6674535.713155, 387139.589996 6674535.538947, 387135.315260 6674535.291872)

LINESTRING (387154.254292 6674541.249467, 387156.732959 6674587.265165)

LINESTRING (387154.254292 6674541.249467, 387152.776614 6674530.217764)

LINESTRING (387154.254292 6674541.249467, 387146.927863 6674535.970175)

LINESTRING (387154.254292 6674541.249467, 387157.783893 6674543.425185, 387174.169866 6674553.506918, 387189.871692 6674562.818575)

LINESTRING (387135.315260 6674535.291872, 387134.865382 6674528.440960)

LINESTRING (387135.315260 6674535.291872, 387128.032970 6674535.583322)

LINESTRING (387135.315260 6674535.291872, 387139.589996 6674535.538947, 387142.613979 6674535.713155, 387146.927863 6674535.970175)

LINESTRING (387134.865382 6674528.440960, 387127.532842 6674528.722816)

LINESTRING (387134.865382 6674528.440960, 387133.482438 6674506.808271, 387132.737054 6674494.873605, 387125.702318 6674376.884750)

LINESTRING (387134.865382 6674528.440960, 387139.193947 6674528.274042, 387142.214553 6674528.158607, 387146.531687 6674527.980906)

LINESTRING (387122.974401 6674357.165759, 387116.565092 6674358.065509)

LINESTRING (387122.974401 6674357.165759, 387126.924909 6674356.609305, 387129.759325 6674356.209860, 387132.764915 6674355.782850, 387134.389677 6674355.565584, 387137.953145 6674355.054511)

LINESTRING (387122.974401 6674357.165759, 387116.199297 6674314.358365, 387114.342647 6674304.898540)

LINESTRING (387462.422856 6674173.979503, 387459.180339 6674166.345201)

LINESTRING (387462.422856 6674173.979503, 387433.988207 6674183.022467)

LINESTRING (387462.422856 6674173.979503, 387466.930362 6674176.370627)

LINESTRING (387431.553929 6674175.686510, 387433.988207 6674183.022467)

LINESTRING (387431.553929 6674175.686510, 387411.354325 6674182.191863, 387361.542028 6674197.498509)

LINESTRING (387431.553929 6674175.686510, 387456.126795 6674167.564640, 387459.180339 6674166.345201)

LINESTRING (387433.988207 6674183.022467, 387462.422856 6674173.979503)

LINESTRING (387433.988207 6674183.022467, 387431.553929 6674175.686510)

LINESTRING (387433.988207 6674183.022467, 387434.515680 6674184.655570)

LINESTRING (387433.988207 6674183.022467, 387358.446530 6674206.910236, 387356.270986 6674207.445239)

LINESTRING (386515.992363 6674030.777347, 386517.435449 6674015.387045, 386517.542048 6674013.634101)

LINESTRING (386517.542048 6674013.634101, 386546.272021 6674017.713846)

LINESTRING (386517.542048 6674013.634101, 386502.435846 6674011.316400)

LINESTRING (386517.542048 6674013.634101, 386517.435449 6674015.387045, 386515.992363 6674030.777347)

LINESTRING (386903.921316 6674135.951973, 386905.298030 6674134.349255)

LINESTRING (386905.298030 6674134.349255, 386900.149611 6674129.370875)

LINESTRING (386905.298030 6674134.349255, 386914.565218 6674143.312583)

LINESTRING (386905.298030 6674134.349255, 386903.921316 6674135.951973)

LINESTRING (387060.314896 6674142.133538, 387061.875376 6674141.628480)

LINESTRING (387061.875376 6674141.628480, 387060.314896 6674142.133538)

LINESTRING (387061.875376 6674141.628480, 387064.431762 6674150.019147)

LINESTRING (387061.875376 6674141.628480, 387059.666176 6674135.857118, 387056.852692 6674129.926097)

LINESTRING (387012.466313 6674089.616859, 387013.011695 6674088.407601)

LINESTRING (387013.011695 6674088.407601, 387020.512311 6674092.823191)

LINESTRING (387013.011695 6674088.407601, 387010.582615 6674087.022699)

LINESTRING (387013.011695 6674088.407601, 387012.466313 6674089.616859)

LINESTRING (387004.999768 6674053.406002, 387018.918777 6674060.253484)

LINESTRING (387004.999768 6674053.406002, 387006.713685 6674049.240908)

LINESTRING (387004.999768 6674053.406002, 387003.436675 6674057.243261)

LINESTRING (387018.918777 6674060.253484, 387021.170926 6674054.467029)

LINESTRING (387018.918777 6674060.253484, 387028.378521 6674065.210407, 387036.125472 6674069.874742, 387044.153163 6674075.544546, 387051.295750 6674081.486849, 387057.285828 6674087.308708, 387062.503367 6674093.633609, 387064.262252 6674096.320798)

LINESTRING (387006.713685 6674049.240908, 387007.962978 6674046.204571)

LINESTRING (387006.713685 6674049.240908, 387004.999768 6674053.406002)

LINESTRING (387006.713685 6674049.240908, 386997.876976 6674045.412652, 386991.988477 6674042.886413, 386983.365606 6674038.795274, 386958.763971 6674051.378865)

LINESTRING (387006.713685 6674049.240908, 387009.958845 6674050.634051, 387021.170926 6674054.467029)

LINESTRING (387003.436675 6674057.243261, 387004.999768 6674053.406002)

LINESTRING (387003.436675 6674057.243261, 387011.226244 6674060.769528)

LINESTRING (387003.436675 6674057.243261, 386997.864571 6674054.718392, 386996.674948 6674057.530008, 386996.512308 6674058.014227, 386995.538021 6674060.250844, 386995.289764 6674060.838004, 386993.671242 6674064.676979)

LINESTRING (387083.979320 6674213.951750, 387082.567730 6674216.224123)

LINESTRING (387083.979320 6674213.951750, 387082.902425 6674209.984228)

LINESTRING (387083.979320 6674213.951750, 387090.240854 6674212.031251)

LINESTRING (387082.567730 6674216.224123, 387084.388373 6674222.174645)

LINESTRING (387082.567730 6674216.224123, 387083.979320 6674213.951750)

LINESTRING (387082.567730 6674216.224123, 387060.496166 6674223.546996, 387049.959526 6674226.658162, 387038.744461 6674229.723431, 387024.264806 6674232.198562, 387006.712630 6674233.654186, 387000.336133 6674234.185362)

LINESTRING (387082.902425 6674209.984228, 387089.057940 6674208.044709)

LINESTRING (387082.902425 6674209.984228, 387076.648840 6674211.982503)

LINESTRING (387082.902425 6674209.984228, 387083.979320 6674213.951750)

LINESTRING (387082.902425 6674209.984228, 387081.195603 6674204.665411, 387080.547521 6674202.545731)

LINESTRING (387110.157971 6674205.922855, 387102.637455 6674208.227619)

LINESTRING (387110.157971 6674205.922855, 387110.800448 6674206.961732)

LINESTRING (387110.157971 6674205.922855, 387108.145578 6674199.331877)

LINESTRING (387102.637455 6674208.227619, 387110.157971 6674205.922855)

LINESTRING (387102.637455 6674208.227619, 387105.691204 6674218.174291)

LINESTRING (387102.637455 6674208.227619, 387097.871208 6674209.689640, 387095.084026 6674210.544558, 387090.240854 6674212.031251)

LINESTRING (387108.145578 6674199.331877, 387109.558407 6674198.898257)

LINESTRING (387108.145578 6674199.331877, 387110.157971 6674205.922855)

LINESTRING (387108.145578 6674199.331877, 387106.911410 6674195.302334)

LINESTRING (386993.671242 6674064.676979, 386991.830814 6674069.057724)

LINESTRING (386993.671242 6674064.676979, 386995.289764 6674060.838004, 386995.538021 6674060.250844, 386996.512308 6674058.014227, 386996.674948 6674057.530008, 386997.864571 6674054.718392, 387003.436675 6674057.243261)

LINESTRING (386993.671242 6674064.676979, 386987.554941 6674061.422268, 386982.721009 6674058.540307, 386981.929328 6674058.063264)

LINESTRING (386991.830814 6674069.057724, 386993.671242 6674064.676979)

LINESTRING (386991.830814 6674069.057724, 386990.429350 6674072.377369)

LINESTRING (386991.830814 6674069.057724, 386981.914370 6674063.869824, 386979.856302 6674062.818954)

LINESTRING (386991.830814 6674069.057724, 386998.245119 6674072.258665, 387003.414567 6674074.684523)

LINESTRING (386981.929328 6674058.063264, 386981.779198 6674058.413368, 386979.856302 6674062.818954)

LINESTRING (386981.929328 6674058.063264, 386979.442023 6674056.591026, 386977.050388 6674054.982105, 386973.804750 6674052.675186, 386970.134128 6674049.545582, 386967.023871 6674046.231515)

LINESTRING (387089.057940 6674208.044709, 387082.902425 6674209.984228)

LINESTRING (387089.057940 6674208.044709, 387086.631071 6674200.251817, 387065.217277 6674132.130864)

LINESTRING (386863.228177 6673697.672920, 386865.851117 6673701.369729)

LINESTRING (386865.851117 6673701.369729, 386871.397013 6673709.132982)

LINESTRING (386865.851117 6673701.369729, 386861.628738 6673704.286254, 386859.020515 6673706.094203, 386855.075775 6673708.834993)

LINESTRING (386865.851117 6673701.369729, 386868.600418 6673699.457127, 386869.893616 6673698.559065)

LINESTRING (386876.949423 6673717.107780, 386880.345117 6673722.463487)

LINESTRING (386876.949423 6673717.107780, 386874.740858 6673718.557901)

LINESTRING (386876.949423 6673717.107780, 386879.549653 6673715.400388, 386881.519062 6673714.113678)

LINESTRING (386880.345117 6673722.463487, 386888.100538 6673724.318957)

LINESTRING (386880.345117 6673722.463487, 386888.027784 6673733.281100, 386896.838102 6673747.005943, 386900.618536 6673753.319320, 386905.411483 6673761.507071, 386910.755007 6673774.402936, 386915.885908 6673787.962881, 386919.153112 6673796.888714, 386923.283182 6673807.336934, 386925.835550 6673814.323483, 386928.226080 6673821.281601, 386931.846510 6673835.356273, 386934.222367 6673847.051108, 386936.891996 6673863.406267)

LINESTRING (386874.740858 6673718.557901, 386876.949423 6673717.107780)

LINESTRING (386874.740858 6673718.557901, 386873.625831 6673719.294438, 386872.581168 6673719.973080, 386870.149739 6673721.574964, 386869.197964 6673722.206160, 386865.863292 6673724.393167)

LINESTRING (386874.740858 6673718.557901, 386887.891113 6673738.378198, 386893.387366 6673747.591754, 386899.157229 6673757.398648, 386902.011761 6673764.821614, 386906.091506 6673771.482362, 386908.443272 6673777.004071)

LINESTRING (386881.519062 6673714.113678, 386881.973924 6673714.823993)

LINESTRING (386881.519062 6673714.113678, 386879.568556 6673711.521640)

LINESTRING (386881.519062 6673714.113678, 386879.549653 6673715.400388, 386876.949423 6673717.107780)

LINESTRING (386897.479213 6673775.481721, 386893.759315 6673777.234840)

LINESTRING (386897.479213 6673775.481721, 386893.122708 6673766.689856, 386889.599480 6673760.078791, 386885.224259 6673752.658244, 386877.701814 6673741.456785)

LINESTRING (386893.759315 6673777.234840, 386897.479213 6673775.481721)

LINESTRING (386893.759315 6673777.234840, 386886.835057 6673763.117405)

LINESTRING (386893.759315 6673777.234840, 386890.345113 6673778.822499, 386881.644905 6673782.490288)

LINESTRING (386877.701814 6673741.456785, 386872.850419 6673744.671340)

LINESTRING (386877.701814 6673741.456785, 386868.193101 6673727.764711)

LINESTRING (386912.069609 6673810.669954, 386907.298126 6673811.798041)

LINESTRING (386912.069609 6673810.669954, 386906.314546 6673794.332117)

LINESTRING (386907.298126 6673811.798041, 386912.069609 6673810.669954)

LINESTRING (386907.298126 6673811.798041, 386902.089058 6673796.067415)

LINESTRING (386907.298126 6673811.798041, 386904.436184 6673812.577394, 386896.168865 6673814.805327)

LINESTRING (386906.314546 6673794.332117, 386902.089058 6673796.067415)

LINESTRING (386906.314546 6673794.332117, 386897.479213 6673775.481721)

LINESTRING (386920.804693 6673848.379371, 386917.724899 6673848.753111)

LINESTRING (386920.804693 6673848.379371, 386918.720122 6673835.694861, 386915.816774 6673823.994040, 386912.069609 6673810.669954)

LINESTRING (386917.724899 6673848.753111, 386920.804693 6673848.379371)

LINESTRING (386917.724899 6673848.753111, 386914.125239 6673849.365795, 386904.302942 6673850.661063)

LINESTRING (386917.724899 6673848.753111, 386916.788584 6673842.697330, 386915.137938 6673835.616066, 386912.571106 6673826.724321)

LINESTRING (386924.323905 6673871.394768, 386923.669616 6673867.102194)

LINESTRING (386924.323905 6673871.394768, 386917.034396 6673870.238067)

LINESTRING (386924.323905 6673871.394768, 386928.790235 6673872.248639, 386930.576904 6673872.594643, 386931.592908 6673872.786144, 386933.714662 6673873.199808, 386934.697398 6673873.392338, 386938.392715 6673874.080584)

LINESTRING (386923.669616 6673867.102194, 386918.679774 6673861.338788)

LINESTRING (386923.669616 6673867.102194, 386920.804693 6673848.379371)

LINESTRING (386917.034396 6673870.238067, 386924.323905 6673871.394768)

LINESTRING (386917.034396 6673870.238067, 386918.086014 6673881.104558)

LINESTRING (386917.034396 6673870.238067, 386918.679774 6673861.338788)

LINESTRING (386917.034396 6673870.238067, 386914.237460 6673873.299956, 386894.714079 6673872.264931)

LINESTRING (386938.392715 6673874.080584, 386944.874410 6673875.317995)

LINESTRING (386938.392715 6673874.080584, 386939.303547 6673883.625272)

LINESTRING (386938.392715 6673874.080584, 386934.697398 6673873.392338, 386933.714662 6673873.199808, 386931.592908 6673872.786144, 386930.576904 6673872.594643, 386928.790235 6673872.248639, 386924.323905 6673871.394768)

LINESTRING (386855.075775 6673708.834993, 386853.130272 6673710.176699, 386850.388292 6673711.966501)

LINESTRING (386855.075775 6673708.834993, 386859.020515 6673706.094203, 386861.628738 6673704.286254, 386865.851117 6673701.369729)

LINESTRING (386850.388292 6673711.966501, 386848.782195 6673709.564428)

LINESTRING (386850.388292 6673711.966501, 386851.859971 6673714.149846)

LINESTRING (386850.388292 6673711.966501, 386853.130272 6673710.176699, 386855.075775 6673708.834993)

LINESTRING (386926.015928 6673882.152325, 386924.323905 6673871.394768)

LINESTRING (386926.015928 6673882.152325, 386918.086014 6673881.104558)

LINESTRING (386926.015928 6673882.152325, 386931.985915 6673882.814880, 386935.154569 6673883.162777, 386939.303547 6673883.625272)

LINESTRING (386918.086014 6673881.104558, 386926.015928 6673882.152325)

LINESTRING (386918.086014 6673881.104558, 386917.034396 6673870.238067)

LINESTRING (386918.086014 6673881.104558, 386919.013347 6673888.486769)

LINESTRING (386918.086014 6673881.104558, 386915.036202 6673880.831013, 386889.964374 6673878.585546)

LINESTRING (386939.303547 6673883.625272, 386947.906542 6673884.184245)

LINESTRING (386939.303547 6673883.625272, 386940.236684 6673894.071948)

LINESTRING (386939.303547 6673883.625272, 386935.154569 6673883.162777, 386931.985915 6673882.814880, 386926.015928 6673882.152325)

LINESTRING (386947.906542 6673884.184245, 386939.303547 6673883.625272)

LINESTRING (386947.906542 6673884.184245, 386948.820659 6673892.937599)

LINESTRING (386947.906542 6673884.184245, 386947.522253 6673878.390014)

LINESTRING (386947.906542 6673884.184245, 386950.734349 6673883.918609, 387003.243798 6673855.384301)

LINESTRING (386940.236684 6673894.071948, 386947.133847 6673893.847792)

LINESTRING (386940.236684 6673894.071948, 386940.586340 6673896.947483)

LINESTRING (386940.236684 6673894.071948, 386936.743574 6673894.179834, 386933.566851 6673894.289096, 386931.465440 6673894.354002, 386927.883960 6673894.475771)

LINESTRING (386976.267832 6674038.624378, 386983.243698 6674035.745543)

LINESTRING (386976.267832 6674038.624378, 386979.702245 6674041.293227, 386984.054228 6674044.022903)

LINESTRING (386983.243698 6674035.745543, 386990.349099 6674038.679963)

LINESTRING (386987.369716 6674045.536441, 387004.999768 6674053.406002)

LINESTRING (386987.369716 6674045.536441, 386984.748157 6674051.579495, 386983.462869 6674054.527799, 386983.058939 6674055.465234, 386981.929328 6674058.063264)

LINESTRING (386967.683180 6674025.527626, 386970.474232 6674030.545460, 386973.340193 6674035.293523, 386976.267832 6674038.624378)

LINESTRING (386967.683180 6674025.527626, 386972.687077 6674026.543249, 386975.608535 6674029.673700, 386979.747862 6674033.424054, 386983.243698 6674035.745543)

LINESTRING (386871.397013 6673709.132982, 386876.949423 6673717.107780)

LINESTRING (386871.397013 6673709.132982, 386875.737212 6673706.257404)

LINESTRING (386871.397013 6673709.132982, 386866.953916 6673711.911447, 386864.367571 6673713.529267, 386860.191367 6673716.143475)

LINESTRING (386875.737212 6673706.257404, 386871.397013 6673709.132982)

LINESTRING (386875.737212 6673706.257404, 386878.429305 6673704.469164, 386940.111843 6673658.923257)

LINESTRING (386875.737212 6673706.257404, 386878.687545 6673710.311862, 386879.568556 6673711.521640)

LINESTRING (386875.737212 6673706.257404, 386872.139999 6673701.565433, 386871.023729 6673700.106612)

LINESTRING (386860.191367 6673716.143475, 386855.277197 6673719.482577)

LINESTRING (386860.191367 6673716.143475, 386855.075775 6673708.834993)

LINESTRING (386860.191367 6673716.143475, 386864.367571 6673713.529267, 386866.953916 6673711.911447, 386871.397013 6673709.132982)

LINESTRING (386855.277197 6673719.482577, 386860.191367 6673716.143475)

LINESTRING (386855.277197 6673719.482577, 386859.476850 6673725.170031)

LINESTRING (386855.277197 6673719.482577, 386850.748808 6673722.553447, 386840.167288 6673730.001625, 386805.139887 6673755.122455, 386801.772702 6673757.332817)

LINESTRING (386855.277197 6673719.482577, 386852.475602 6673715.033495, 386851.859971 6673714.149846)

LINESTRING (386902.089058 6673796.067415, 386906.314546 6673794.332117)

LINESTRING (386902.089058 6673796.067415, 386898.312297 6673787.536238)

LINESTRING (386902.089058 6673796.067415, 386898.283945 6673797.756298, 386896.557294 6673798.456004)

LINESTRING (386896.168865 6673814.805327, 386893.433080 6673815.536213)

LINESTRING (386896.168865 6673814.805327, 386896.859925 6673817.592301)

LINESTRING (386896.168865 6673814.805327, 386904.436184 6673812.577394, 386907.298126 6673811.798041)

LINESTRING (386886.835057 6673763.117405, 386886.237149 6673762.088329, 386876.384070 6673749.822184)

LINESTRING (386886.835057 6673763.117405, 386883.472730 6673765.126945, 386880.566883 6673766.821492)

LINESTRING (386881.644905 6673782.490288, 386867.241752 6673788.574310)

LINESTRING (386881.644905 6673782.490288, 386882.959627 6673785.882062)

LINESTRING (386881.644905 6673782.490288, 386890.345113 6673778.822499, 386893.759315 6673777.234840)

LINESTRING (386859.476850 6673725.170031, 386836.845556 6673741.404475)

LINESTRING (386859.476850 6673725.170031, 386855.277197 6673719.482577)

LINESTRING (386859.476850 6673725.170031, 386861.106185 6673727.426516)

LINESTRING (386801.772702 6673757.332817, 386806.270641 6673763.690783)

LINESTRING (386801.772702 6673757.332817, 386797.094178 6673751.058450)

LINESTRING (386801.772702 6673757.332817, 386795.691327 6673761.332169)

LINESTRING (386801.772702 6673757.332817, 386805.139887 6673755.122455, 386840.167288 6673730.001625, 386850.748808 6673722.553447, 386855.277197 6673719.482577)

LINESTRING (386851.859971 6673714.149846, 386840.666077 6673721.538939)

LINESTRING (386851.859971 6673714.149846, 386850.388292 6673711.966501)

LINESTRING (386851.859971 6673714.149846, 386852.475602 6673715.033495, 386855.277197 6673719.482577)

LINESTRING (386918.679774 6673861.338788, 386918.511396 6673858.223628)

LINESTRING (386918.679774 6673861.338788, 386917.034396 6673870.238067)

LINESTRING (386894.714079 6673872.264931, 386878.522795 6673870.580977)

LINESTRING (386894.714079 6673872.264931, 386894.956469 6673870.050900)

LINESTRING (386894.714079 6673872.264931, 386914.237460 6673873.299956, 386917.034396 6673870.238067)

LINESTRING (386919.013347 6673888.486769, 386889.204172 6673885.774724)

LINESTRING (386919.013347 6673888.486769, 386918.086014 6673881.104558)

LINESTRING (386919.013347 6673888.486769, 386920.548395 6673888.951982, 386921.342015 6673890.209044, 386922.128989 6673894.664681)

LINESTRING (386889.964374 6673878.585546, 386865.302124 6673876.305302)

LINESTRING (386889.964374 6673878.585546, 386889.204172 6673885.774724)

LINESTRING (386889.964374 6673878.585546, 386915.036202 6673880.831013, 386918.086014 6673881.104558)

LINESTRING (386940.111843 6673658.923257, 386945.393415 6673665.858970)

LINESTRING (386940.111843 6673658.923257, 386973.327725 6673634.394641, 386979.478287 6673629.747106)

LINESTRING (386940.111843 6673658.923257, 386878.429305 6673704.469164, 386875.737212 6673706.257404)

LINESTRING (386879.568556 6673711.521640, 386896.701115 6673699.636408)

LINESTRING (386879.568556 6673711.521640, 386881.519062 6673714.113678)

LINESTRING (386879.568556 6673711.521640, 386878.687545 6673710.311862, 386875.737212 6673706.257404)

LINESTRING (386871.023729 6673700.106612, 386914.730627 6673668.990248)

LINESTRING (386871.023729 6673700.106612, 386869.893616 6673698.559065)

LINESTRING (386871.023729 6673700.106612, 386872.139999 6673701.565433, 386875.737212 6673706.257404)

LINESTRING (386948.820659 6673892.937599, 386951.179146 6673891.672341)

LINESTRING (386948.820659 6673892.937599, 386947.133847 6673893.847792)

LINESTRING (386948.820659 6673892.937599, 386947.906542 6673884.184245)

LINESTRING (386947.522253 6673878.390014, 386947.906542 6673884.184245)

LINESTRING (386947.522253 6673878.390014, 386944.874410 6673875.317995)

LINESTRING (386947.522253 6673878.390014, 386953.893615 6673875.875272, 386960.322582 6673873.069016, 386988.315311 6673857.750782)

LINESTRING (387003.243798 6673855.384301, 387006.709619 6673861.763209)

LINESTRING (387003.243798 6673855.384301, 387034.560646 6673838.247633)

LINESTRING (387003.243798 6673855.384301, 386950.734349 6673883.918609, 386947.906542 6673884.184245)

LINESTRING (387007.962978 6674046.204571, 387009.103745 6674043.427900)

LINESTRING (387007.962978 6674046.204571, 387006.713685 6674049.240908)

LINESTRING (387007.962978 6674046.204571, 387014.179220 6674048.921312, 387022.083165 6674052.377208)

LINESTRING (387021.170926 6674054.467029, 387022.083165 6674052.377208)

LINESTRING (387021.170926 6674054.467029, 387018.918777 6674060.253484)

LINESTRING (387021.170926 6674054.467029, 387026.770298 6674057.336560)

LINESTRING (387021.170926 6674054.467029, 387009.958845 6674050.634051, 387006.713685 6674049.240908)

LINESTRING (387009.103745 6674043.427900, 387019.604952 6674047.962609)

LINESTRING (387009.103745 6674043.427900, 387005.733852 6674041.949455)

LINESTRING (387009.103745 6674043.427900, 387007.962978 6674046.204571)

LINESTRING (387019.604952 6674047.962609, 387023.306075 6674049.564573)

LINESTRING (387019.604952 6674047.962609, 387009.103745 6674043.427900)

LINESTRING (387019.604952 6674047.962609, 387021.652675 6674043.464040, 387021.578219 6674041.950736, 387019.095994 6674035.608326, 387018.666886 6674030.695861, 387019.119340 6674025.756188, 387020.659422 6674019.913702)

LINESTRING (387005.733852 6674041.949455, 387009.103745 6674043.427900)

LINESTRING (387005.733852 6674041.949455, 386991.308699 6674035.607988)

LINESTRING (387005.733852 6674041.949455, 387006.275414 6674040.796035)

LINESTRING (387023.306075 6674049.564573, 387026.923499 6674041.261986)

LINESTRING (387023.306075 6674049.564573, 387022.083165 6674052.377208)

LINESTRING (387023.306075 6674049.564573, 387026.931293 6674051.224604)

LINESTRING (387023.306075 6674049.564573, 387019.604952 6674047.962609)

LINESTRING (387026.923499 6674041.261986, 387023.306075 6674049.564573)

LINESTRING (387026.923499 6674041.261986, 387024.555690 6674037.367752, 387023.433538 6674032.476677, 387023.223306 6674026.743935, 387023.842722 6674020.740416)

LINESTRING (387026.923499 6674041.261986, 387032.888862 6674039.985757, 387037.706774 6674037.853417, 387041.537136 6674034.291677)

LINESTRING (387022.083165 6674052.377208, 387023.306075 6674049.564573)

LINESTRING (387022.083165 6674052.377208, 387021.170926 6674054.467029)

LINESTRING (387022.083165 6674052.377208, 387029.864430 6674055.814617)

LINESTRING (387026.931293 6674051.224604, 387023.306075 6674049.564573)

LINESTRING (387026.931293 6674051.224604, 387030.951828 6674053.106465)

LINESTRING (387026.931293 6674051.224604, 387029.811194 6674044.738988, 387033.397821 6674044.249398, 387036.390606 6674043.399237, 387039.234178 6674042.029909, 387042.575410 6674039.163056)

LINESTRING (387070.322583 6674081.936197, 387074.892649 6674090.119872)

LINESTRING (387070.322583 6674081.936197, 387068.487449 6674079.295934)

LINESTRING (387070.322583 6674081.936197, 387079.187871 6674075.722878, 387085.885983 6674071.036314)

LINESTRING (387074.892649 6674090.119872, 387085.672203 6674126.172921)

LINESTRING (387074.892649 6674090.119872, 387070.322583 6674081.936197)

LINESTRING (387074.892649 6674090.119872, 387070.740793 6674092.253905)

LINESTRING (387068.487449 6674079.295934, 387070.322583 6674081.936197)

LINESTRING (387068.487449 6674079.295934, 387063.810404 6674073.221807)

LINESTRING (387068.487449 6674079.295934, 387065.179992 6674081.637948)

LINESTRING (387068.487449 6674079.295934, 387084.083778 6674068.383884)

LINESTRING (387085.885983 6674071.036314, 387136.893699 6674035.975136)

LINESTRING (387085.885983 6674071.036314, 387084.083778 6674068.383884)

LINESTRING (387085.885983 6674071.036314, 387079.187871 6674075.722878, 387070.322583 6674081.936197)

LINESTRING (386597.575860 6673703.529664, 386587.325544 6673702.844220)

LINESTRING (386597.575860 6673703.529664, 386611.345467 6673704.050413)

LINESTRING (386597.575860 6673703.529664, 386589.333306 6673692.406786)

LINESTRING (386597.575860 6673703.529664, 386599.346514 6673705.146444, 386609.448800 6673717.359591)

LINESTRING (386587.325544 6673702.844220, 386597.575860 6673703.529664)

LINESTRING (386587.325544 6673702.844220, 386598.154464 6673718.266640)

LINESTRING (386587.325544 6673702.844220, 386585.306528 6673700.377038, 386574.733826 6673700.214248)

LINESTRING (386611.345467 6673704.050413, 386597.575860 6673703.529664)

LINESTRING (386611.345467 6673704.050413, 386612.812166 6673703.559218)

LINESTRING (386611.345467 6673704.050413, 386611.365454 6673707.025290, 386625.265780 6673731.123128)

LINESTRING (386589.333306 6673692.406786, 386607.454210 6673693.639685)

LINESTRING (386589.333306 6673692.406786, 386568.445708 6673691.984071)

LINESTRING (386589.333306 6673692.406786, 386597.575860 6673703.529664)

LINESTRING (386589.333306 6673692.406786, 386582.293005 6673683.007459)

LINESTRING (386609.448800 6673717.359591, 386601.435356 6673722.410946)

LINESTRING (386609.448800 6673717.359591, 386599.346514 6673705.146444, 386597.575860 6673703.529664)

LINESTRING (386609.448800 6673717.359591, 386633.414648 6673756.970442, 386636.163050 6673761.844493)

LINESTRING (386583.695833 6673622.406502, 386578.604764 6673615.732838)

LINESTRING (386583.695833 6673622.406502, 386572.777075 6673631.504103)

LINESTRING (386578.604764 6673615.732838, 386583.695833 6673622.406502)

LINESTRING (386572.777075 6673631.504103, 386567.434374 6673624.949692)

LINESTRING (386572.777075 6673631.504103, 386583.695833 6673622.406502)

LINESTRING (386572.777075 6673631.504103, 386558.451555 6673643.861105)

LINESTRING (386558.451555 6673643.861105, 386570.791484 6673658.779723)

LINESTRING (386558.451555 6673643.861105, 386542.492421 6673623.560600)

LINESTRING (386558.451555 6673643.861105, 386553.438963 6673648.318088)

LINESTRING (386558.451555 6673643.861105, 386572.777075 6673631.504103)

LINESTRING (386570.791484 6673658.779723, 386591.168976 6673683.401140)

LINESTRING (386570.791484 6673658.779723, 386558.451555 6673643.861105)

LINESTRING (386570.791484 6673658.779723, 386572.149814 6673657.656652, 386580.554221 6673650.709759)

LINESTRING (386570.791484 6673658.779723, 386569.611654 6673659.752390, 386565.660754 6673663.006322)

LINESTRING (386542.492421 6673623.560600, 386558.451555 6673643.861105)

LINESTRING (386542.492421 6673623.560600, 386549.930071 6673618.192640)

LINESTRING (386553.438963 6673648.318088, 386558.451555 6673643.861105)

LINESTRING (386553.438963 6673648.318088, 386547.473629 6673653.194649)

LINESTRING (386553.438963 6673648.318088, 386565.660754 6673663.006322)

LINESTRING (386553.438963 6673648.318088, 386533.586774 6673623.647150, 386520.730687 6673607.663660)

LINESTRING (386547.473629 6673653.194649, 386553.438963 6673648.318088)

LINESTRING (386547.473629 6673653.194649, 386545.950407 6673651.325053)

LINESTRING (386547.473629 6673653.194649, 386565.672131 6673675.554324, 386565.751426 6673683.308221)

LINESTRING (386565.660754 6673663.006322, 386553.438963 6673648.318088)

LINESTRING (386565.660754 6673663.006322, 386569.611654 6673659.752390, 386570.791484 6673658.779723)

LINESTRING (386565.660754 6673663.006322, 386577.185296 6673676.869236, 386582.293005 6673683.007459)

LINESTRING (386520.730687 6673607.663660, 386533.586774 6673623.647150, 386553.438963 6673648.318088)

LINESTRING (386582.293005 6673683.007459, 386589.333306 6673692.406786)

LINESTRING (386582.293005 6673683.007459, 386591.168976 6673683.401140)

LINESTRING (386582.293005 6673683.007459, 386565.751426 6673683.308221)

LINESTRING (386582.293005 6673683.007459, 386577.185296 6673676.869236, 386565.660754 6673663.006322)

LINESTRING (386591.168976 6673683.401140, 386570.791484 6673658.779723)

LINESTRING (386591.168976 6673683.401140, 386601.733420 6673683.475082)

LINESTRING (386591.168976 6673683.401140, 386582.293005 6673683.007459)

LINESTRING (386565.751426 6673683.308221, 386582.293005 6673683.007459)

LINESTRING (386565.751426 6673683.308221, 386561.657877 6673683.390484)

LINESTRING (386565.751426 6673683.308221, 386565.672131 6673675.554324, 386547.473629 6673653.194649)

LINESTRING (386568.445708 6673691.984071, 386561.657877 6673683.390484)

LINESTRING (386568.445708 6673691.984071, 386574.733826 6673700.214248)

LINESTRING (386568.445708 6673691.984071, 386589.333306 6673692.406786)

LINESTRING (386568.445708 6673691.984071, 386562.803088 6673691.869158, 386518.929456 6673691.011185, 386486.301883 6673690.373371, 386483.785194 6673690.295387)

LINESTRING (386561.657877 6673683.390484, 386568.445708 6673691.984071)

LINESTRING (386561.657877 6673683.390484, 386565.751426 6673683.308221)

LINESTRING (386561.657877 6673683.390484, 386557.952154 6673683.271284)

LINESTRING (386574.733826 6673700.214248, 386568.445708 6673691.984071)

LINESTRING (386574.733826 6673700.214248, 386483.635554 6673698.357282)

LINESTRING (386574.733826 6673700.214248, 386585.306528 6673700.377038, 386587.325544 6673702.844220)

LINESTRING (386483.785194 6673690.295387, 386483.635554 6673698.357282)

LINESTRING (386483.785194 6673690.295387, 386484.377439 6673681.829721)

LINESTRING (386483.785194 6673690.295387, 386486.301883 6673690.373371, 386518.929456 6673691.011185, 386562.803088 6673691.869158, 386568.445708 6673691.984071)

LINESTRING (386483.785194 6673690.295387, 386482.740675 6673690.260910, 386475.140703 6673690.028518)

LINESTRING (386607.454210 6673693.639685, 386611.556133 6673693.111446)

LINESTRING (386607.454210 6673693.639685, 386589.333306 6673692.406786)

LINESTRING (386607.454210 6673693.639685, 386612.812166 6673703.559218)

LINESTRING (386607.454210 6673693.639685, 386601.733420 6673683.475082)

LINESTRING (386611.556133 6673693.111446, 386607.454210 6673693.639685)

LINESTRING (386611.556133 6673693.111446, 386621.537259 6673691.197557, 386687.346025 6673690.463938, 386694.020934 6673689.142927)

LINESTRING (386612.812166 6673703.559218, 386611.345467 6673704.050413)

LINESTRING (386612.812166 6673703.559218, 386634.531075 6673703.945297)

LINESTRING (386612.812166 6673703.559218, 386607.454210 6673693.639685)

LINESTRING (386601.733420 6673683.475082, 386677.277729 6673685.259218)

LINESTRING (386601.733420 6673683.475082, 386591.168976 6673683.401140)

LINESTRING (386601.733420 6673683.475082, 386607.454210 6673693.639685)

LINESTRING (386567.434374 6673624.949692, 386572.777075 6673631.504103)

LINESTRING (386549.930071 6673618.192640, 386542.492421 6673623.560600)

LINESTRING (386475.350348 6673681.396408, 386475.140703 6673690.028518)

LINESTRING (386475.350348 6673681.396408, 386484.377439 6673681.829721)

LINESTRING (386475.350348 6673681.396408, 386467.352095 6673681.744736)

LINESTRING (386475.140703 6673690.028518, 386467.129714 6673689.786600)

LINESTRING (386475.140703 6673690.028518, 386475.350348 6673681.396408)

LINESTRING (386475.140703 6673690.028518, 386474.941135 6673698.448577)

LINESTRING (386475.140703 6673690.028518, 386482.740675 6673690.260910, 386483.785194 6673690.295387)

LINESTRING (386484.377439 6673681.829721, 386483.785194 6673690.295387)

LINESTRING (386484.377439 6673681.829721, 386502.843386 6673682.193305)

LINESTRING (386484.377439 6673681.829721, 386475.350348 6673681.396408)

LINESTRING (386484.377439 6673681.829721, 386484.439833 6673675.965939)

LINESTRING (386467.352095 6673681.744736, 386475.350348 6673681.396408)

LINESTRING (386467.352095 6673681.744736, 386467.614860 6673672.141432)

LINESTRING (386467.352095 6673681.744736, 386467.129714 6673689.786600)

LINESTRING (386467.129714 6673689.786600, 386475.140703 6673690.028518)

LINESTRING (386467.129714 6673689.786600, 386467.352095 6673681.744736)

LINESTRING (386467.129714 6673689.786600, 386466.788800 6673697.943583)

LINESTRING (386466.788800 6673697.943583, 386474.941135 6673698.448577)

LINESTRING (386466.788800 6673697.943583, 386467.129714 6673689.786600)

LINESTRING (386474.941135 6673698.448577, 386466.788800 6673697.943583)

LINESTRING (386474.941135 6673698.448577, 386483.635554 6673698.357282)

LINESTRING (386474.941135 6673698.448577, 386475.140703 6673690.028518)

LINESTRING (386474.941135 6673698.448577, 386474.484643 6673710.933091, 386472.858481 6673792.726226, 386472.714374 6673819.398769)

LINESTRING (386483.635554 6673698.357282, 386480.998540 6673819.331322)

LINESTRING (386483.635554 6673698.357282, 386483.785194 6673690.295387)

LINESTRING (386483.635554 6673698.357282, 386474.941135 6673698.448577)

LINESTRING (386483.635554 6673698.357282, 386574.733826 6673700.214248)

LINESTRING (386483.635554 6673698.357282, 386486.250709 6673700.895080, 386487.005767 6673701.618329)

LINESTRING (386467.614860 6673672.141432, 386468.140628 6673650.973437)

LINESTRING (386467.614860 6673672.141432, 386467.352095 6673681.744736)

LINESTRING (386468.140628 6673650.973437, 386467.614860 6673672.141432)

LINESTRING (386557.952154 6673683.271284, 386561.657877 6673683.390484)

LINESTRING (386557.952154 6673683.271284, 386502.843386 6673682.193305)

LINESTRING (386557.952154 6673683.271284, 386550.960795 6673677.603800, 386543.493335 6673671.260144, 386534.772436 6673664.230977, 386529.368834 6673661.980166)

LINESTRING (386502.843386 6673682.193305, 386557.952154 6673683.271284)

LINESTRING (386502.843386 6673682.193305, 386484.377439 6673681.829721)

LINESTRING (386502.843386 6673682.193305, 386505.229154 6673678.943247, 386508.211965 6673676.332189, 386523.287666 6673665.266739, 386529.368834 6673661.980166)

LINESTRING (386484.439833 6673675.965939, 386484.377439 6673681.829721)

LINESTRING (386484.439833 6673675.965939, 386497.185415 6673671.558849, 386498.915109 6673668.630020, 386499.845673 6673662.661314)

LINESTRING (386484.439833 6673675.965939, 386484.508938 6673669.065538, 386484.599188 6673650.674815)

LINESTRING (386499.845673 6673662.661314, 386498.915109 6673668.630020, 386497.185415 6673671.558849, 386484.439833 6673675.965939)

LINESTRING (386499.845673 6673662.661314, 386497.564358 6673656.390995, 386495.303804 6673653.117821)

LINESTRING (386499.845673 6673662.661314, 386507.515802 6673662.111491, 386514.947476 6673659.061631, 386518.458741 6673657.024844)

LINESTRING (386484.599188 6673650.674815, 386492.096926 6673651.545618, 386495.303804 6673653.117821)

LINESTRING (386484.599188 6673650.674815, 386485.075958 6673631.503159, 386485.204425 6673626.696027, 386485.510915 6673622.797199, 386485.531873 6673615.775706)

LINESTRING (386484.599188 6673650.674815, 386484.508938 6673669.065538, 386484.439833 6673675.965939)

LINESTRING (386480.998540 6673819.331322, 386483.635554 6673698.357282)

LINESTRING (386480.998540 6673819.331322, 386484.055532 6673821.264772, 386501.615649 6673821.255219)

LINESTRING (386480.998540 6673819.331322, 386476.692715 6673819.364549, 386472.714374 6673819.398769)

LINESTRING (386487.005767 6673701.618329, 386486.250709 6673700.895080, 386483.635554 6673698.357282)

LINESTRING (386499.431488 6674011.075228, 386502.435846 6674011.316400)

LINESTRING (386499.431488 6674011.075228, 386496.154356 6674023.156860, 386495.529623 6674046.501048, 386495.421546 6674061.092161)

LINESTRING (386499.431488 6674011.075228, 386495.883448 6674010.661465, 386489.217376 6674010.099221)

LINESTRING (386480.793709 6674009.591493, 386480.404843 6674037.854111, 386479.911624 6674063.645953)

LINESTRING (386480.793709 6674009.591493, 386484.117923 6674009.767010, 386489.217376 6674010.099221)

LINESTRING (387357.574393 6673936.191260, 387364.537902 6673932.355159)

LINESTRING (387357.574393 6673936.191260, 387378.797695 6673973.740195)

LINESTRING (387364.537902 6673932.355159, 387357.574393 6673936.191260)

LINESTRING (387364.537902 6673932.355159, 387362.574303 6673929.863581)

LINESTRING (387364.537902 6673932.355159, 387368.797353 6673929.738968, 387370.745309 6673928.475471, 387380.196258 6673922.690662)

LINESTRING (387362.574303 6673929.863581, 387364.537902 6673932.355159)

LINESTRING (387362.574303 6673929.863581, 387356.475579 6673919.419779, 387347.513302 6673903.391763)

LINESTRING (387362.574303 6673929.863581, 387369.459113 6673926.174785, 387378.862905 6673920.480577)

LINESTRING (387380.196258 6673922.690662, 387392.578503 6673915.132949)

LINESTRING (387380.196258 6673922.690662, 387378.862905 6673920.480577)

LINESTRING (387380.196258 6673922.690662, 387370.745309 6673928.475471, 387368.797353 6673929.738968, 387364.537902 6673932.355159)

LINESTRING (387380.196258 6673922.690662, 387411.111511 6673978.897705, 387411.545113 6673985.236498, 387422.027928 6673999.111657, 387429.603340 6674002.723396, 387449.650889 6674010.732459, 387454.831580 6674010.283425, 387490.580142 6673989.258873, 387492.088464 6673985.066917, 387484.986443 6673974.286001, 387477.668286 6673961.349789, 387465.666829 6673968.115423, 387452.075498 6673944.829814, 387443.367719 6673927.857655, 387447.263642 6673918.109379)

LINESTRING (387324.219073 6674069.576267, 387330.216075 6674066.081874)

LINESTRING (387324.219073 6674069.576267, 387315.119508 6674074.681777)

LINESTRING (387324.219073 6674069.576267, 387328.679548 6674081.430018)

LINESTRING (387324.219073 6674069.576267, 387320.673846 6674063.478134)

LINESTRING (387330.216075 6674066.081874, 387326.720754 6674059.982199)

LINESTRING (387330.216075 6674066.081874, 387364.080235 6674123.267580)

LINESTRING (387330.216075 6674066.081874, 387324.219073 6674069.576267)

LINESTRING (387330.216075 6674066.081874, 387332.871626 6674064.551403, 387340.329861 6674060.209677, 387368.861100 6674043.819088, 387370.515762 6674042.765206, 387362.711557 6674028.651749, 387372.248004 6674023.310040)

LINESTRING (387315.119508 6674074.681777, 387324.219073 6674069.576267)

LINESTRING (387315.119508 6674074.681777, 387309.584515 6674069.748175)

LINESTRING (387315.119508 6674074.681777, 387312.965825 6674075.929353, 387307.389033 6674078.831345)

LINESTRING (387328.679548 6674081.430018, 387324.219073 6674069.576267)

LINESTRING (387328.679548 6674081.430018, 387339.086081 6674099.675778, 387345.433495 6674110.813969)

LINESTRING (387328.679548 6674081.430018, 387319.718040 6674078.039464, 387315.119508 6674074.681777)

LINESTRING (387320.673846 6674063.478134, 387324.219073 6674069.576267)

LINESTRING (387320.673846 6674063.478134, 387326.720754 6674059.982199)

LINESTRING (387320.673846 6674063.478134, 387256.827371 6673953.624100, 387255.327389 6673951.051433)

LINESTRING (387359.331041 6674124.929321, 387364.024183 6674131.905979)

LINESTRING (387359.331041 6674124.929321, 387364.080235 6674123.267580)

LINESTRING (387359.331041 6674124.929321, 387356.981395 6674125.759426, 387352.772055 6674127.471428, 387347.992970 6674129.423851)

LINESTRING (387347.992970 6674129.423851, 387339.749610 6674132.953925)

LINESTRING (387347.992970 6674129.423851, 387345.409289 6674120.666097, 387345.433495 6674110.813969)

LINESTRING (387347.992970 6674129.423851, 387352.772055 6674127.471428, 387356.981395 6674125.759426, 387359.331041 6674124.929321)

LINESTRING (387269.182903 6674160.189644, 387266.061189 6674154.869751)

LINESTRING (387269.182903 6674160.189644, 387263.083066 6674161.959976)

LINESTRING (387269.182903 6674160.189644, 387294.971366 6674150.279621)

LINESTRING (387240.744136 6674125.315303, 387246.545948 6674121.615041)

LINESTRING (387240.744136 6674125.315303, 387251.045667 6674142.483083, 387261.147801 6674158.765502, 387263.083066 6674161.959976)

LINESTRING (387240.744136 6674125.315303, 387224.984299 6674099.043810, 387224.054731 6674097.512274)

LINESTRING (387228.206977 6674172.662833, 387256.722600 6674163.916652, 387263.083066 6674161.959976)

LINESTRING (387228.206977 6674172.662833, 387226.931701 6674173.058735, 387224.605374 6674173.743336)

LINESTRING (387228.206977 6674172.662833, 387228.057309 6674168.165222, 387229.187289 6674167.015996)

LINESTRING (387224.605374 6674173.743336, 387225.934186 6674178.327202)

LINESTRING (387224.605374 6674173.743336, 387226.931701 6674173.058735, 387228.206977 6674172.662833)

LINESTRING (387224.605374 6674173.743336, 387220.029655 6674175.087883, 387219.248555 6674175.312544)

LINESTRING (387219.248555 6674175.312544, 387216.073914 6674165.035190)

LINESTRING (387219.248555 6674175.312544, 387217.874514 6674175.744925, 387209.882909 6674178.253429)

LINESTRING (387219.248555 6674175.312544, 387220.029655 6674175.087883, 387224.605374 6674173.743336)

LINESTRING (387112.039331 6674208.985187, 387122.053544 6674205.845738)

LINESTRING (387112.039331 6674208.985187, 387110.800448 6674206.961732)

LINESTRING (387112.039331 6674208.985187, 387113.949757 6674215.869059)

LINESTRING (387122.053544 6674205.845738, 387129.775433 6674203.412220)

LINESTRING (387122.053544 6674205.845738, 387112.039331 6674208.985187)

LINESTRING (387122.053544 6674205.845738, 387121.607035 6674204.143312, 387121.437772 6674203.513317)

LINESTRING (386731.400510 6674359.155187, 386734.322373 6674357.816616)

LINESTRING (386731.400510 6674359.155187, 386724.845568 6674361.085398)

LINESTRING (386731.400510 6674359.155187, 386733.202975 6674363.066734, 386735.321315 6674367.681734)

LINESTRING (386724.845568 6674361.085398, 386720.304420 6674363.176176)

LINESTRING (386724.845568 6674361.085398, 386731.400510 6674359.155187)

LINESTRING (386724.845568 6674361.085398, 386724.714544 6674359.362105)

LINESTRING (386735.321315 6674367.681734, 386740.361529 6674378.669940)

LINESTRING (386735.321315 6674367.681734, 386738.231396 6674366.321243)

LINESTRING (386735.321315 6674367.681734, 386733.202975 6674363.066734, 386731.400510 6674359.155187)

LINESTRING (386990.192794 6674254.346247, 387007.676561 6674250.318355, 387015.621245 6674248.635512, 387053.156006 6674238.528327, 387086.351687 6674228.432802)

LINESTRING (386990.192794 6674254.346247, 386989.625289 6674252.681003, 386988.709201 6674249.611215)

LINESTRING (386990.192794 6674254.346247, 386969.654454 6674257.755326, 386966.483333 6674258.934237)

LINESTRING (387086.351687 6674228.432802, 387084.388373 6674222.174645)

LINESTRING (387086.351687 6674228.432802, 387090.299047 6674232.267200)

LINESTRING (387086.351687 6674228.432802, 387053.156006 6674238.528327, 387015.621245 6674248.635512, 387007.676561 6674250.318355, 386990.192794 6674254.346247)

LINESTRING (386966.483333 6674258.934237, 386968.605894 6674260.818915, 386972.027526 6674261.103297, 386975.953841 6674260.658873)

LINESTRING (386966.483333 6674258.934237, 386969.654454 6674257.755326, 386990.192794 6674254.346247)

LINESTRING (386966.483333 6674258.934237, 386964.669306 6674259.313438, 386958.925357 6674260.738974)

LINESTRING (386988.499817 6674234.561940, 386990.931615 6674234.419993)

LINESTRING (386988.499817 6674234.561940, 386942.368550 6674236.744364)

LINESTRING (386988.499817 6674234.561940, 386986.621612 6674226.752165)

LINESTRING (386988.499817 6674234.561940, 386988.428598 6674235.310797, 386987.944642 6674240.485479)

LINESTRING (386954.493775 6674182.833366, 386946.255124 6674174.283943)

LINESTRING (386954.493775 6674182.833366, 386962.080238 6674190.032218)

LINESTRING (386954.493775 6674182.833366, 386953.943274 6674185.313225, 386953.773312 6674191.848945, 386953.770782 6674193.743529)

LINESTRING (386990.931615 6674234.419993, 386988.499817 6674234.561940)

LINESTRING (386990.931615 6674234.419993, 386991.773219 6674231.841999, 386992.383208 6674218.706508, 386962.080238 6674190.032218)

LINESTRING (386990.931615 6674234.419993, 386994.013449 6674234.302555, 387000.336133 6674234.185362)

LINESTRING (386916.298438 6674144.986380, 386914.565218 6674143.312583)

LINESTRING (386916.298438 6674144.986380, 386919.182507 6674147.805903)

LINESTRING (386916.298438 6674144.986380, 386921.595534 6674139.150360)

LINESTRING (386916.298438 6674144.986380, 386915.025000 6674146.519038, 386906.859376 6674155.965248)

LINESTRING (386914.565218 6674143.312583, 386905.298030 6674134.349255)

LINESTRING (386914.565218 6674143.312583, 386916.298438 6674144.986380)

LINESTRING (386914.565218 6674143.312583, 386913.246739 6674144.824346)

LINESTRING (386919.182507 6674147.805903, 386916.298438 6674144.986380)

LINESTRING (386919.182507 6674147.805903, 386922.284131 6674150.841591)

LINESTRING (386919.182507 6674147.805903, 386917.786793 6674149.152888)

LINESTRING (386921.595534 6674139.150360, 386938.272563 6674155.161972)

LINESTRING (386921.595534 6674139.150360, 386916.298438 6674144.986380)

LINESTRING (386921.595534 6674139.150360, 386914.046324 6674131.905858, 386909.708024 6674127.103032, 386908.165666 6674125.679656)

LINESTRING (386906.859376 6674155.965248, 386915.025000 6674146.519038, 386916.298438 6674144.986380)

LINESTRING (386896.083178 6674129.775128, 386900.149611 6674129.370875)

LINESTRING (386896.083178 6674129.775128, 386893.481119 6674130.156424)

LINESTRING (386896.083178 6674129.775128, 386895.120360 6674124.477973, 386894.632030 6674121.785033)

LINESTRING (386900.149611 6674129.370875, 386896.083178 6674129.775128)

LINESTRING (386900.149611 6674129.370875, 386905.298030 6674134.349255)

LINESTRING (386900.149611 6674129.370875, 386904.892137 6674122.649291)

LINESTRING (386893.481119 6674130.156424, 386880.227227 6674132.081604)

LINESTRING (386893.481119 6674130.156424, 386896.083178 6674129.775128)

LINESTRING (386893.481119 6674130.156424, 386893.698468 6674132.880026)

LINESTRING (386894.632030 6674121.785033, 386899.353425 6674121.204523)

LINESTRING (386894.632030 6674121.785033, 386889.628223 6674122.385420, 386867.339052 6674125.369950, 386864.130563 6674125.881451)

LINESTRING (386894.632030 6674121.785033, 386894.090057 6674118.792858, 386893.434564 6674115.180119)

LINESTRING (386894.632030 6674121.785033, 386895.120360 6674124.477973, 386896.083178 6674129.775128)

LINESTRING (386899.353425 6674121.204523, 386894.632030 6674121.785033)

LINESTRING (386899.353425 6674121.204523, 386898.468895 6674114.489641)

LINESTRING (386899.353425 6674121.204523, 386902.909794 6674120.816034, 386904.892137 6674122.649291)

LINESTRING (386864.130563 6674125.881451, 386865.698817 6674134.246819)

LINESTRING (386864.130563 6674125.881451, 386867.339052 6674125.369950, 386889.628223 6674122.385420, 386894.632030 6674121.785033)

LINESTRING (386864.130563 6674125.881451, 386862.130764 6674126.177290, 386846.334730 6674128.626934, 386835.111808 6674130.366908, 386825.722361 6674131.816201)

LINESTRING (386893.434564 6674115.180119, 386898.468895 6674114.489641)

LINESTRING (386893.434564 6674115.180119, 386777.094891 6674132.283624)

LINESTRING (386893.434564 6674115.180119, 386894.090057 6674118.792858, 386894.632030 6674121.785033)

LINESTRING (386870.870324 6674057.192299, 386872.143932 6674064.463503)

LINESTRING (386870.870324 6674057.192299, 386853.509704 6674055.176870, 386840.554704 6674053.315074)

LINESTRING (386870.870324 6674057.192299, 386869.900232 6674051.661346, 386869.347527 6674048.502343, 386868.659501 6674044.556288)

LINESTRING (386881.910453 6674065.153507, 386887.159960 6674080.403652)

LINESTRING (386881.910453 6674065.153507, 386886.074189 6674065.381452)

LINESTRING (386881.910453 6674065.153507, 386881.678785 6674058.195570)

LINESTRING (386881.910453 6674065.153507, 386876.487842 6674064.775022, 386872.143932 6674064.463503)

LINESTRING (386887.159960 6674080.403652, 386881.910453 6674065.153507)

LINESTRING (386887.159960 6674080.403652, 386891.758812 6674093.456222)

LINESTRING (386887.159960 6674080.403652, 386882.505153 6674082.063101)

LINESTRING (386872.143932 6674064.463503, 386870.870324 6674057.192299)

LINESTRING (386872.143932 6674064.463503, 386876.487842 6674064.775022, 386881.910453 6674065.153507)

LINESTRING (386872.143932 6674064.463503, 386851.246957 6674061.509831, 386839.159309 6674059.699238)

LINESTRING (387068.566750 6674351.121221, 387073.144142 6674354.156067)

LINESTRING (387068.566750 6674351.121221, 387055.016870 6674372.022256, 387042.618238 6674391.383358)

LINESTRING (387068.566750 6674351.121221, 387082.889161 6674328.814537, 387094.044815 6674312.679156, 387100.798575 6674301.895043)

LINESTRING (387090.523291 6674269.938595, 387079.085422 6674279.808540, 387071.743119 6674288.783214)

LINESTRING (387090.523291 6674269.938595, 387086.842338 6674270.241598, 387069.085964 6674275.325073)

LINESTRING (387090.523291 6674269.938595, 387093.201512 6674278.325519, 387094.662537 6674282.693527, 387096.483185 6674288.465747, 387097.067563 6674290.319935, 387098.116902 6674293.575086, 387098.484916 6674294.711579, 387098.719628 6674295.484429, 387099.471305 6674297.545195, 387100.798575 6674301.895043)

LINESTRING (387090.523291 6674269.938595, 387092.571595 6674266.899926, 387094.208464 6674263.116148, 387095.082267 6674259.601081, 387095.376006 6674256.170771, 387095.402403 6674253.428501, 387095.166169 6674250.627466, 387094.769057 6674248.188007, 387091.294239 6674235.925208, 387090.299047 6674232.267200)

LINESTRING (387104.192022 6674312.421873, 387105.198077 6674315.533487)

LINESTRING (387104.192022 6674312.421873, 387103.811550 6674311.241186, 387100.798575 6674301.895043)

LINESTRING (387104.192022 6674312.421873, 387084.470502 6674337.981952, 387073.144142 6674354.156067)

LINESTRING (387105.198077 6674315.533487, 387114.342647 6674304.898540)

LINESTRING (387105.198077 6674315.533487, 387104.192022 6674312.421873)

LINESTRING (387105.198077 6674315.533487, 387111.749400 6674326.252668, 387116.565092 6674358.065509)

LINESTRING (387073.144142 6674354.156067, 387068.566750 6674351.121221)

LINESTRING (387073.144142 6674354.156067, 387075.906319 6674358.249896)

LINESTRING (387073.144142 6674354.156067, 387047.102529 6674393.919558)

LINESTRING (387073.144142 6674354.156067, 387084.470502 6674337.981952, 387104.192022 6674312.421873)

LINESTRING (387114.342647 6674304.898540, 387105.198077 6674315.533487)

LINESTRING (387114.342647 6674304.898540, 387110.877272 6674288.980160)

LINESTRING (387114.342647 6674304.898540, 387118.210468 6674300.399607, 387119.795867 6674298.545363, 387122.345884 6674295.580391, 387124.569051 6674292.993257, 387127.756497 6674289.284262)

LINESTRING (387132.240284 6674284.064271, 387132.639047 6674280.619583)

LINESTRING (387132.240284 6674284.064271, 387127.756497 6674289.284262)

LINESTRING (387132.240284 6674284.064271, 387135.047078 6674302.922737, 387143.948042 6674354.212153)

LINESTRING (387137.953145 6674355.054511, 387143.948042 6674354.212153)

LINESTRING (387137.953145 6674355.054511, 387138.406232 6674359.130434, 387138.807364 6674372.858776)

LINESTRING (387137.953145 6674355.054511, 387134.389677 6674355.565584, 387132.764915 6674355.782850, 387129.759325 6674356.209860, 387126.924909 6674356.609305, 387122.974401 6674357.165759)

LINESTRING (386907.763088 6674047.805615, 386908.265376 6674039.454271)

LINESTRING (386907.763088 6674047.805615, 386942.011811 6674049.656264, 386950.653229 6674050.214040)

LINESTRING (386908.265376 6674039.454271, 386914.429594 6674039.765317)

LINESTRING (386908.265376 6674039.454271, 386899.439886 6674039.047155)

LINESTRING (386908.265376 6674039.454271, 386907.763088 6674047.805615)

LINESTRING (386908.265376 6674039.454271, 386908.410324 6674037.499566, 386910.110006 6674022.458172)

LINESTRING (386723.970087 6674036.738926, 386712.621031 6674035.128772)

LINESTRING (386723.970087 6674036.738926, 386724.388872 6674033.772760, 386724.828112 6674030.750241, 386725.258363 6674027.616558)

LINESTRING (386712.621031 6674035.128772, 386711.704827 6674041.030108)

LINESTRING (386712.621031 6674035.128772, 386673.729157 6674029.590403, 386664.949817 6674028.346607)

LINESTRING (386725.258363 6674027.616558, 386726.611867 6674018.090982)

LINESTRING (386725.258363 6674027.616558, 386734.684965 6674028.974200)

LINESTRING (387085.672203 6674126.172921, 387090.023695 6674140.046862)

LINESTRING (387085.672203 6674126.172921, 387074.892649 6674090.119872)

LINESTRING (387085.672203 6674126.172921, 387099.091059 6674122.036864)

LINESTRING (387085.672203 6674126.172921, 387082.290300 6674127.179922)

LINESTRING (387090.023695 6674140.046862, 387086.632776 6674141.121002)

LINESTRING (387090.023695 6674140.046862, 387095.776804 6674158.881287)

LINESTRING (387090.023695 6674140.046862, 387085.672203 6674126.172921)

LINESTRING (387090.023695 6674140.046862, 387092.581307 6674141.282976)

LINESTRING (387090.023695 6674140.046862, 387099.810771 6674136.914366, 387101.701853 6674136.332264)

LINESTRING (387099.091059 6674122.036864, 387127.754454 6674113.218262)

LINESTRING (387099.091059 6674122.036864, 387085.672203 6674126.172921)

LINESTRING (387099.091059 6674122.036864, 387099.719661 6674124.424607, 387100.432496 6674129.183452, 387105.566882 6674127.598643, 387115.252096 6674124.580773)

LINESTRING (387082.290300 6674127.179922, 387086.632776 6674141.121002)

LINESTRING (387082.290300 6674127.179922, 387085.672203 6674126.172921)

LINESTRING (387036.464141 6674103.686744, 387042.409465 6674109.677121)

LINESTRING (387036.464141 6674103.686744, 387033.541183 6674101.403249)

LINESTRING (387036.464141 6674103.686744, 387035.459998 6674104.776426, 387032.699472 6674108.115708, 387030.859239 6674110.345609, 387027.880823 6674113.457593, 387022.946379 6674117.744366)

LINESTRING (387042.409465 6674109.677121, 387043.887305 6674111.169407)

LINESTRING (387042.409465 6674109.677121, 387036.464141 6674103.686744)

LINESTRING (387042.409465 6674109.677121, 387041.432357 6674110.743679)

LINESTRING (387033.541183 6674101.403249, 387036.464141 6674103.686744)

LINESTRING (387033.541183 6674101.403249, 387032.607008 6674102.602214, 387030.113297 6674105.955552, 387028.317372 6674108.362393, 387025.600912 6674111.510871, 387022.946379 6674117.744366)

LINESTRING (387033.541183 6674101.403249, 387028.471229 6674097.703849, 387023.663724 6674094.776445, 387020.512311 6674092.823191)

LINESTRING (387022.946379 6674117.744366, 387019.217207 6674121.704197)

LINESTRING (387022.946379 6674117.744366, 387027.880823 6674113.457593, 387030.859239 6674110.345609, 387032.699472 6674108.115708, 387035.459998 6674104.776426, 387036.464141 6674103.686744)

LINESTRING (387022.946379 6674117.744366, 387025.600912 6674111.510871, 387028.317372 6674108.362393, 387030.113297 6674105.955552, 387032.607008 6674102.602214, 387033.541183 6674101.403249)

LINESTRING (387090.299047 6674232.267200, 387086.351687 6674228.432802)

LINESTRING (387090.299047 6674232.267200, 387092.640037 6674219.646694)

LINESTRING (387071.743119 6674288.783214, 387069.691135 6674287.564950)

LINESTRING (387071.743119 6674288.783214, 387079.085422 6674279.808540, 387090.523291 6674269.938595)

LINESTRING (387071.743119 6674288.783214, 387069.181657 6674291.915738, 387053.921608 6674315.310099)

LINESTRING (387140.591413 6674207.736951, 387166.468721 6674199.829198)

LINESTRING (387140.591413 6674207.736951, 387138.266990 6674200.743247)

LINESTRING (387140.591413 6674207.736951, 387124.686801 6674212.595883, 387117.182580 6674214.888971, 387113.949757 6674215.869059)

LINESTRING (387125.505712 6674267.043127, 387177.314169 6674251.560222)

LINESTRING (387125.505712 6674267.043127, 387128.016536 6674271.623944)

LINESTRING (387128.016536 6674271.623944, 387121.563635 6674275.433641)

LINESTRING (387128.016536 6674271.623944, 387132.639047 6674280.619583)

LINESTRING (387132.639047 6674280.619583, 387132.240284 6674284.064271)

LINESTRING (387132.639047 6674280.619583, 387134.328389 6674277.636584, 387136.936467 6674275.293904, 387140.252212 6674273.765214, 387194.970770 6674256.376335)

LINESTRING (387194.970770 6674256.376335, 387200.526757 6674254.611498)

LINESTRING (387194.970770 6674256.376335, 387214.166410 6674326.806251)

LINESTRING (387194.970770 6674256.376335, 387193.540592 6674251.204964)

LINESTRING (387194.970770 6674256.376335, 387140.252212 6674273.765214, 387136.936467 6674275.293904, 387134.328389 6674277.636584, 387132.639047 6674280.619583)

LINESTRING (387213.660771 6674240.343477, 387177.314169 6674251.560222)

LINESTRING (387213.660771 6674240.343477, 387222.149438 6674237.942245)

LINESTRING (387213.660771 6674240.343477, 387215.010781 6674244.714948)

LINESTRING (387213.660771 6674240.343477, 387210.354761 6674234.806427, 387206.099591 6674231.783767, 387200.532084 6674230.294866, 387199.452176 6674229.826661, 387194.676028 6674230.787376, 387175.703613 6674237.657425, 387173.919627 6674238.291911)

LINESTRING (387177.314169 6674251.560222, 387125.505712 6674267.043127)

LINESTRING (387177.314169 6674251.560222, 387213.660771 6674240.343477)

LINESTRING (387177.314169 6674251.560222, 387176.819272 6674249.547246, 387175.577169 6674244.537246, 387173.919627 6674238.291911)

LINESTRING (387143.948042 6674354.212153, 387145.333809 6674371.799434)

LINESTRING (387143.948042 6674354.212153, 387137.953145 6674355.054511)

LINESTRING (387143.948042 6674354.212153, 387135.047078 6674302.922737, 387132.240284 6674284.064271)

LINESTRING (387308.966579 6674311.939732, 387304.122581 6674310.874169, 387292.365292 6674309.843184, 387276.228238 6674311.109078)

LINESTRING (387308.966579 6674311.939732, 387312.469734 6674312.712260, 387314.691141 6674313.669125)

LINESTRING (387308.966579 6674311.939732, 387311.872586 6674321.434192, 387315.493021 6674334.127305, 387321.268522 6674355.357324)

LINESTRING (387272.239399 6674299.252009, 387273.748268 6674303.919497, 387276.228238 6674311.109078)

LINESTRING (387341.844484 6674328.122955, 387351.854547 6674336.574122)

LINESTRING (387341.844484 6674328.122955, 387327.592210 6674319.768971, 387314.691141 6674313.669125)

LINESTRING (387341.844484 6674328.122955, 387357.741843 6674319.431609, 387362.340030 6674316.838397)

LINESTRING (387314.691141 6674313.669125, 387331.718519 6674371.250297)

LINESTRING (387314.691141 6674313.669125, 387327.592210 6674319.768971, 387341.844484 6674328.122955)

LINESTRING (387314.691141 6674313.669125, 387312.469734 6674312.712260, 387308.966579 6674311.939732)

LINESTRING (387362.340030 6674316.838397, 387389.713595 6674302.745764)

LINESTRING (387362.340030 6674316.838397, 387345.930029 6674312.841225)

LINESTRING (387362.340030 6674316.838397, 387361.718648 6674321.170287, 387361.462450 6674324.565978, 387361.392939 6674327.175836, 387361.716707 6674329.762448, 387365.397128 6674338.820780, 387368.877606 6674345.890475, 387371.151740 6674350.545592, 387372.456368 6674353.269182, 387373.830822 6674356.458677, 387374.821157 6674359.247660, 387375.038801 6674361.090883, 387374.758023 6674362.425671, 387372.644925 6674364.986973)

LINESTRING (387362.340030 6674316.838397, 387357.741843 6674319.431609, 387341.844484 6674328.122955)

LINESTRING (387362.340030 6674316.838397, 387365.501033 6674320.017486, 387376.081107 6674340.141336, 387381.978767 6674350.925657, 387392.093491 6674369.637421, 387397.501273 6674380.013360, 387399.409367 6674383.955388, 387388.580796 6674390.194917)

LINESTRING (387173.919627 6674238.291911, 387175.703613 6674237.657425, 387194.676028 6674230.787376, 387199.452176 6674229.826661, 387200.532084 6674230.294866, 387206.099591 6674231.783767, 387210.354761 6674234.806427, 387213.660771 6674240.343477)

LINESTRING (387173.919627 6674238.291911, 387175.577169 6674244.537246, 387176.819272 6674249.547246, 387177.314169 6674251.560222)

LINESTRING (387173.919627 6674238.291911, 387172.861871 6674234.401785, 387172.144625 6674232.016764)

LINESTRING (387193.540592 6674251.204964, 387194.970770 6674256.376335)

LINESTRING (387193.540592 6674251.204964, 387134.991316 6674268.901434, 387128.016536 6674271.623944)

LINESTRING (386892.567236 6674047.060418, 386907.763088 6674047.805615)

LINESTRING (386892.567236 6674047.060418, 386893.364719 6674038.744526)

LINESTRING (386886.930726 6674039.221942, 386886.631379 6674046.775784)

LINESTRING (386886.930726 6674039.221942, 386886.474021 6674039.169189)

LINESTRING (386886.930726 6674039.221942, 386891.496984 6674038.646220, 386893.364719 6674038.744526)

LINESTRING (386886.474021 6674039.169189, 386886.930726 6674039.221942)

LINESTRING (386886.474021 6674039.169189, 386884.853376 6674038.985243)

LINESTRING (386886.474021 6674039.169189, 386886.492019 6674036.159712)

LINESTRING (386752.095461 6674047.124289, 386752.124378 6674040.704352)

LINESTRING (386752.095461 6674047.124289, 386745.498244 6674045.913090)

LINESTRING (386752.095461 6674047.124289, 386752.091107 6674050.033052, 386752.109708 6674050.634262, 386753.601419 6674060.283540)

LINESTRING (386752.095461 6674047.124289, 386755.390106 6674047.601857, 386760.936739 6674048.399807)

LINESTRING (386752.124378 6674040.704352, 386752.095461 6674047.124289)

LINESTRING (386752.124378 6674040.704352, 386733.379344 6674038.074812)

LINESTRING (386745.498244 6674045.913090, 386747.743332 6674061.077711)

LINESTRING (386745.498244 6674045.913090, 386752.095461 6674047.124289)

LINESTRING (386745.498244 6674045.913090, 386738.041641 6674044.728494)

LINESTRING (386753.601419 6674060.283540, 386764.807053 6674132.786321)

LINESTRING (386753.601419 6674060.283540, 386747.743332 6674061.077711)

LINESTRING (386753.601419 6674060.283540, 386752.109708 6674050.634262, 386752.091107 6674050.033052, 386752.095461 6674047.124289)

LINESTRING (386760.936739 6674048.399807, 386774.320792 6674050.314918)

LINESTRING (386760.936739 6674048.399807, 386760.373883 6674052.629716, 386771.840654 6674132.501874)

LINESTRING (386760.936739 6674048.399807, 386755.390106 6674047.601857, 386752.095461 6674047.124289)

LINESTRING (386652.855376 6674032.955880, 386653.591711 6674026.625472)

LINESTRING (386652.855376 6674032.955880, 386661.167600 6674034.169534)

LINESTRING (386652.855376 6674032.955880, 386646.777805 6674032.219110)

LINESTRING (386652.855376 6674032.955880, 386652.777615 6674036.000650, 386654.121080 6674066.482968, 386654.406127 6674073.896167)

LINESTRING (386653.591711 6674026.625472, 386652.855376 6674032.955880)

LINESTRING (386653.591711 6674026.625472, 386641.032893 6674024.841258)

LINESTRING (386653.591711 6674026.625472, 386654.026384 6674023.636516, 386654.441667 6674020.559007, 386654.844799 6674017.626748)

LINESTRING (386661.167600 6674034.169534, 386664.061345 6674135.514286)

LINESTRING (386661.167600 6674034.169534, 386664.174337 6674034.488773)

LINESTRING (386661.167600 6674034.169534, 386652.855376 6674032.955880)

LINESTRING (386646.777805 6674032.219110, 386640.015910 6674031.068919)

LINESTRING (386646.777805 6674032.219110, 386647.924752 6674074.275176)

LINESTRING (386646.777805 6674032.219110, 386652.855376 6674032.955880)

LINESTRING (386654.406127 6674073.896167, 386647.924752 6674074.275176)

LINESTRING (386654.406127 6674073.896167, 386654.650782 6674080.363362, 386655.613354 6674133.134700, 386655.672911 6674135.595721)

LINESTRING (386654.406127 6674073.896167, 386654.121080 6674066.482968, 386652.777615 6674036.000650, 386652.855376 6674032.955880)

LINESTRING (386919.272599 6674576.396218, 386918.919084 6674580.040137)

LINESTRING (386919.272599 6674576.396218, 386920.955437 6674571.596809)

LINESTRING (386919.272599 6674576.396218, 386928.253787 6674579.729433)

LINESTRING (386919.272599 6674576.396218, 386917.302031 6674575.654726, 386883.230611 6674562.866601)

LINESTRING (386918.919084 6674580.040137, 386919.272599 6674576.396218)

LINESTRING (386918.919084 6674580.040137, 386881.198257 6674565.871477)

LINESTRING (386920.955437 6674571.596809, 386919.272599 6674576.396218)

LINESTRING (386920.955437 6674571.596809, 386885.822373 6674558.930615)

LINESTRING (386920.955437 6674571.596809, 386921.630882 6674570.829281, 386934.099445 6674541.380089, 386936.043299 6674536.227157, 386937.552709 6674532.458378)

LINESTRING (386928.253787 6674579.729433, 386919.272599 6674576.396218)

LINESTRING (386883.230611 6674562.866601, 386879.396531 6674561.257761)

LINESTRING (386883.230611 6674562.866601, 386885.822373 6674558.930615)

LINESTRING (386883.230611 6674562.866601, 386917.302031 6674575.654726, 386919.272599 6674576.396218)

LINESTRING (386883.230611 6674562.866601, 386881.543450 6674565.370464, 386881.198257 6674565.871477)

LINESTRING (386939.889929 6674528.363135, 386937.552709 6674532.458378)

LINESTRING (386939.889929 6674528.363135, 386945.832821 6674517.224845)

LINESTRING (386939.889929 6674528.363135, 386948.840823 6674531.251573, 386957.628529 6674534.067064, 386960.316950 6674535.053866, 386970.282598 6674538.100464)

LINESTRING (386939.889929 6674528.363135, 386934.502361 6674526.222732, 386925.598360 6674522.697661)

LINESTRING (386937.552709 6674532.458378, 386939.889929 6674528.363135)

LINESTRING (386937.552709 6674532.458378, 386946.661020 6674536.311489, 386953.316863 6674539.092527, 386955.165825 6674539.848939, 386957.723602 6674540.917783, 386960.776054 6674542.372539, 386962.724028 6674543.460221, 386966.693934 6674546.413395)

LINESTRING (386937.552709 6674532.458378, 386936.043299 6674536.227157, 386934.099445 6674541.380089, 386921.630882 6674570.829281, 386920.955437 6674571.596809)

LINESTRING (386937.552709 6674532.458378, 386910.516763 6674521.815210, 386898.319098 6674516.753789, 386881.944059 6674511.007994)

LINESTRING (386945.832821 6674517.224845, 386939.889929 6674528.363135)

LINESTRING (386945.832821 6674517.224845, 386966.553952 6674472.888597)

LINESTRING (386945.832821 6674517.224845, 386953.584887 6674520.284059, 386962.297285 6674523.714817, 386964.662116 6674524.644751, 386969.122583 6674526.412641, 386970.914049 6674527.103972)

LINESTRING (386970.282598 6674538.100464, 386966.693934 6674546.413395)

LINESTRING (386970.282598 6674538.100464, 386974.430798 6674528.499824)

LINESTRING (386970.282598 6674538.100464, 386979.872981 6674541.214398)

LINESTRING (386970.282598 6674538.100464, 386960.316950 6674535.053866, 386957.628529 6674534.067064, 386948.840823 6674531.251573, 386939.889929 6674528.363135)

LINESTRING (386925.598360 6674522.697661, 386915.413182 6674518.654990, 386904.211157 6674514.209147)

LINESTRING (386925.598360 6674522.697661, 386934.502361 6674526.222732, 386939.889929 6674528.363135)

LINESTRING (386925.598360 6674522.697661, 386929.782983 6674512.482913, 386946.876005 6674470.877512, 386948.196806 6674467.827792, 386950.098217 6674466.688076, 386955.555906 6674468.581168, 386966.553952 6674472.888597)

LINESTRING (386966.693934 6674546.413395, 386973.475322 6674551.463998)

LINESTRING (386966.693934 6674546.413395, 386970.282598 6674538.100464)

LINESTRING (386966.693934 6674546.413395, 386962.724028 6674543.460221, 386960.776054 6674542.372539, 386957.723602 6674540.917783, 386955.165825 6674539.848939, 386953.316863 6674539.092527, 386946.661020 6674536.311489, 386937.552709 6674532.458378)

LINESTRING (386966.693934 6674546.413395, 386962.706282 6674555.641330, 386953.915134 6674576.964176, 386951.170271 6674583.490285, 386949.309621 6674588.462334)

LINESTRING (386973.475322 6674551.463998, 386966.693934 6674546.413395)

LINESTRING (386973.475322 6674551.463998, 386977.918119 6674548.707917)

LINESTRING (386973.475322 6674551.463998, 386965.982052 6674569.537213, 386965.701954 6674570.169936, 386959.664470 6674585.969374)

LINESTRING (386949.309621 6674588.462334, 386951.170271 6674583.490285, 386953.915134 6674576.964176, 386962.706282 6674555.641330, 386966.693934 6674546.413395)

LINESTRING (386977.918119 6674548.707917, 386973.475322 6674551.463998)

LINESTRING (386977.918119 6674548.707917, 386978.165515 6674547.195816, 386979.872981 6674541.214398)

LINESTRING (386977.918119 6674548.707917, 387000.530320 6674547.641920, 387003.706819 6674547.543844, 387059.743200 6674545.858730)

LINESTRING (386959.664470 6674585.969374, 386957.920913 6674590.960089)

LINESTRING (386959.664470 6674585.969374, 386965.701954 6674570.169936, 386965.982052 6674569.537213, 386973.475322 6674551.463998)

LINESTRING (386979.872981 6674541.214398, 386970.282598 6674538.100464)

LINESTRING (386979.872981 6674541.214398, 386982.283305 6674541.641451, 386990.804435 6674541.935530, 386996.979059 6674541.533134, 387007.419148 6674541.077063, 387056.239758 6674538.778875, 387059.442608 6674538.635458)

LINESTRING (386979.872981 6674541.214398, 386978.165515 6674547.195816, 386977.918119 6674548.707917)

LINESTRING (386979.872981 6674541.214398, 386981.513500 6674535.580517, 386982.330735 6674534.552306)

LINESTRING (386982.330735 6674534.552306, 386981.267165 6674531.197328)

LINESTRING (386982.330735 6674534.552306, 386993.000798 6674534.534860)

LINESTRING (386982.330735 6674534.552306, 386981.513500 6674535.580517, 386979.872981 6674541.214398)

LINESTRING (386957.920913 6674590.960089, 386959.664470 6674585.969374)

LINESTRING (386957.920913 6674590.960089, 386949.309621 6674588.462334)

LINESTRING (387047.102529 6674393.919558, 387042.618238 6674391.383358)

LINESTRING (387047.102529 6674393.919558, 387073.144142 6674354.156067)

LINESTRING (387047.102529 6674393.919558, 387046.112206 6674398.151462, 387052.037563 6674401.891338, 387057.422950 6674398.203600)

LINESTRING (387047.102529 6674393.919558, 387027.643516 6674428.855248, 387021.999971 6674439.816984)

LINESTRING (387042.618238 6674391.383358, 387047.102529 6674393.919558)

LINESTRING (387042.618238 6674391.383358, 387036.671710 6674401.161995, 387026.137516 6674419.975275)

LINESTRING (387042.618238 6674391.383358, 387055.016870 6674372.022256, 387068.566750 6674351.121221)

LINESTRING (387057.422950 6674398.203600, 387065.054527 6674397.533487)

LINESTRING (387057.422950 6674398.203600, 387052.037563 6674401.891338, 387046.112206 6674398.151462, 387047.102529 6674393.919558)

LINESTRING (387057.422950 6674398.203600, 387053.936505 6674409.121004, 387061.866146 6674456.773819, 387033.993431 6674460.553788)

LINESTRING (387021.999971 6674439.816984, 386999.708426 6674489.751154)

LINESTRING (387021.999971 6674439.816984, 387027.643516 6674428.855248, 387047.102529 6674393.919558)

LINESTRING (387021.999971 6674439.816984, 387032.542386 6674450.936604, 387033.993431 6674460.553788)

LINESTRING (386997.701054 6674405.864267, 386994.727892 6674412.731706)

LINESTRING (386997.701054 6674405.864267, 387002.192098 6674396.576264, 387006.598201 6674387.591782)

LINESTRING (386997.701054 6674405.864267, 386994.294477 6674404.086085, 386982.187927 6674398.029732)

LINESTRING (386997.701054 6674405.864267, 387005.459698 6674409.670052, 387013.048186 6674413.536826, 387015.235624 6674414.650578, 387026.137516 6674419.975275)

LINESTRING (386994.727892 6674412.731706, 386997.701054 6674405.864267)

LINESTRING (386994.727892 6674412.731706, 386992.536883 6674410.603959, 386979.517034 6674403.004489)

LINESTRING (386994.727892 6674412.731706, 386990.120939 6674422.937118, 386969.978842 6674465.918026)

LINESTRING (387006.598201 6674387.591782, 387040.609847 6674335.657773)

LINESTRING (387006.598201 6674387.591782, 387002.192098 6674396.576264, 386997.701054 6674405.864267)

LINESTRING (387006.598201 6674387.591782, 387003.468276 6674387.944727, 386997.439003 6674386.592983, 386981.379575 6674377.961793, 386978.614853 6674375.406003, 386975.716042 6674371.383328, 386961.198973 6674322.318192)

LINESTRING (387026.137516 6674419.975275, 387023.142247 6674425.049165, 387016.011418 6674436.725469, 386992.483427 6674484.892504)

LINESTRING (387026.137516 6674419.975275, 387036.671710 6674401.161995, 387042.618238 6674391.383358)

LINESTRING (387026.137516 6674419.975275, 387015.235624 6674414.650578, 387013.048186 6674413.536826, 387005.459698 6674409.670052, 386997.701054 6674405.864267)

LINESTRING (387057.926087 6674278.555748, 387069.085964 6674275.325073)

LINESTRING (387057.926087 6674278.555748, 387043.910772 6674282.944417)

LINESTRING (387057.926087 6674278.555748, 387058.459512 6674280.556377, 387058.902952 6674282.158594)

LINESTRING (386925.989934 6674079.839169, 386926.371364 6674072.784284)

LINESTRING (386925.989934 6674079.839169, 386932.793056 6674080.175084, 386939.649694 6674072.541292)

LINESTRING (386925.989934 6674079.839169, 386904.854251 6674078.853941, 386873.760351 6674042.782741)

LINESTRING (386926.371364 6674072.784284, 386925.989934 6674079.839169)

LINESTRING (386926.371364 6674072.784284, 386929.157326 6674071.528088)

LINESTRING (386926.371364 6674072.784284, 386928.949798 6674074.331680)

LINESTRING (386926.371364 6674072.784284, 386922.701431 6674072.552184, 386908.944081 6674071.840495, 386905.036427 6674071.638045)

LINESTRING (386939.649694 6674072.541292, 386958.763971 6674051.378865)

LINESTRING (386939.649694 6674072.541292, 386932.793056 6674080.175084, 386925.989934 6674079.839169)

LINESTRING (386939.649694 6674072.541292, 386951.338344 6674073.116391, 386963.577855 6674074.097992, 386965.124684 6674074.228532, 386965.212584 6674071.863259, 386965.294077 6674070.189121)

LINESTRING (386873.760351 6674042.782741, 386851.700325 6674000.949605)

LINESTRING (386873.760351 6674042.782741, 386904.854251 6674078.853941, 386925.989934 6674079.839169)

LINESTRING (386873.760351 6674042.782741, 386872.928613 6674043.165059, 386850.369158 6674001.692834)

LINESTRING (386873.760351 6674042.782741, 386874.584135 6674042.322660, 386852.874488 6674000.333815)

LINESTRING (386961.746214 6674014.065327, 386965.580786 6674021.424636)

LINESTRING (386965.580786 6674021.424636, 386970.957820 6674018.528285)

LINESTRING (386965.580786 6674021.424636, 386962.452307 6674023.092567, 386959.924434 6674024.441062, 386956.965086 6674026.014623, 386953.041613 6674027.996861)

LINESTRING (386965.580786 6674021.424636, 386966.048362 6674022.368594, 386967.683180 6674025.527626)

LINESTRING (387040.609847 6674335.657773, 387006.598201 6674387.591782)

LINESTRING (387040.609847 6674335.657773, 387050.970355 6674319.836539, 387053.921608 6674315.310099)

LINESTRING (387040.609847 6674335.657773, 387038.618174 6674334.415377, 387037.616622 6674333.788784, 387035.587857 6674332.603255, 387015.791410 6674338.819807)

LINESTRING (386961.198973 6674322.318192, 386975.716042 6674371.383328, 386978.614853 6674375.406003, 386981.379575 6674377.961793, 386997.439003 6674386.592983, 387003.468276 6674387.944727, 387006.598201 6674387.591782)

LINESTRING (386961.198973 6674322.318192, 386960.065454 6674318.497324, 386959.732498 6674314.005370, 386960.061689 6674311.008571)

LINESTRING (386961.198973 6674322.318192, 386964.689824 6674321.251985, 386977.041583 6674317.449292, 386977.440748 6674318.874561)

LINESTRING (386979.517034 6674403.004489, 386982.187927 6674398.029732)

LINESTRING (386979.517034 6674403.004489, 386968.625590 6674396.944090, 386961.404325 6674391.494738)

LINESTRING (386979.517034 6674403.004489, 386992.536883 6674410.603959, 386994.727892 6674412.731706)

LINESTRING (386979.517034 6674403.004489, 386975.961027 6674410.224268, 386970.241880 6674421.968514, 386972.724827 6674423.307142)

LINESTRING (386969.978842 6674465.918026, 386966.553952 6674472.888597)

LINESTRING (386969.978842 6674465.918026, 386975.769922 6674468.904122)

LINESTRING (386969.978842 6674465.918026, 386990.120939 6674422.937118, 386994.727892 6674412.731706)

LINESTRING (386969.978842 6674465.918026, 386952.574648 6674457.217062, 386960.139303 6674441.448464)

LINESTRING (386966.815206 6674306.877260, 387043.910772 6674282.944417)

LINESTRING (386966.815206 6674306.877260, 386961.061699 6674306.553459)

LINESTRING (386966.815206 6674306.877260, 386969.818673 6674302.427145, 386969.497763 6674298.324864)

LINESTRING (386966.815206 6674306.877260, 386961.897220 6674310.428108, 386960.061689 6674311.008571)

LINESTRING (386969.497763 6674298.324864, 386972.919491 6674296.636729, 387003.971178 6674287.219562, 387047.355951 6674273.922786, 387059.334779 6674270.076169)

LINESTRING (386969.497763 6674298.324864, 386966.223149 6674300.643676, 386961.061699 6674306.553459)

LINESTRING (386969.497763 6674298.324864, 386969.818673 6674302.427145, 386966.815206 6674306.877260)

LINESTRING (386960.061689 6674311.008571, 386959.732498 6674314.005370, 386960.065454 6674318.497324, 386961.198973 6674322.318192)

LINESTRING (386960.061689 6674311.008571, 386960.382543 6674308.101183, 386961.061699 6674306.553459)

LINESTRING (386960.061689 6674311.008571, 386955.926393 6674311.871803, 386951.745632 6674313.059624, 386942.905229 6674315.561514)

LINESTRING (386960.061689 6674311.008571, 386961.897220 6674310.428108, 386966.815206 6674306.877260)

LINESTRING (387038.659314 6673765.673164, 387053.747036 6673793.279697)

LINESTRING (387038.659314 6673765.673164, 387026.964248 6673768.697500, 387016.479718 6673770.302642)

LINESTRING (387038.659314 6673765.673164, 387051.668117 6673756.479062, 387057.975480 6673750.801556)

LINESTRING (387053.747036 6673793.279697, 387038.659314 6673765.673164)

LINESTRING (387053.747036 6673793.279697, 387066.066055 6673786.915245)

LINESTRING (387053.747036 6673793.279697, 387041.805694 6673800.011439)

LINESTRING (387053.747036 6673793.279697, 387056.304947 6673798.115340, 387064.388413 6673813.311717, 387064.930423 6673814.509706, 387065.898101 6673815.293374)

LINESTRING (387053.747036 6673793.279697, 387059.033706 6673796.615849, 387067.421044 6673811.947731, 387067.890383 6673812.769061, 387068.490293 6673813.864968)

LINESTRING (387016.479718 6673770.302642, 387009.967180 6673771.127714)

LINESTRING (387016.479718 6673770.302642, 387019.851121 6673776.138415)

LINESTRING (387016.479718 6673770.302642, 387026.964248 6673768.697500, 387038.659314 6673765.673164)

LINESTRING (387057.975480 6673750.801556, 387061.250617 6673747.401854)

LINESTRING (387057.975480 6673750.801556, 387051.668117 6673756.479062, 387038.659314 6673765.673164)

LINESTRING (387057.975480 6673750.801556, 387059.649234 6673752.343529, 387062.070998 6673754.564506, 387069.496336 6673761.378529, 387075.053495 6673766.645438, 387085.541991 6673776.864259)

LINESTRING (387057.975480 6673750.801556, 387051.366912 6673745.277362, 387047.776888 6673741.888870)

LINESTRING (387071.150724 6673818.786610, 387065.898101 6673815.293374)

LINESTRING (387071.150724 6673818.786610, 387068.490293 6673813.864968)

LINESTRING (387071.150724 6673818.786610, 387081.903804 6673813.116875, 387118.680546 6673793.394274, 387128.801852 6673788.290226)

LINESTRING (387071.150724 6673818.786610, 387051.987867 6673829.262645, 387039.237514 6673835.852200)

LINESTRING (387065.898101 6673815.293374, 387071.150724 6673818.786610)

LINESTRING (387065.898101 6673815.293374, 387068.490293 6673813.864968)

LINESTRING (387065.898101 6673815.293374, 387061.767027 6673817.571636)

LINESTRING (387065.898101 6673815.293374, 387064.930423 6673814.509706, 387064.388413 6673813.311717, 387056.304947 6673798.115340, 387053.747036 6673793.279697)

LINESTRING (387068.490293 6673813.864968, 387071.564585 6673812.232240)

LINESTRING (387068.490293 6673813.864968, 387065.898101 6673815.293374)

LINESTRING (387068.490293 6673813.864968, 387071.150724 6673818.786610)

LINESTRING (387068.490293 6673813.864968, 387067.890383 6673812.769061, 387067.421044 6673811.947731, 387059.033706 6673796.615849, 387053.747036 6673793.279697)

LINESTRING (387128.801852 6673788.290226, 387131.473783 6673793.947066)

LINESTRING (387128.801852 6673788.290226, 387132.630386 6673786.277685, 387151.577336 6673776.165358)

LINESTRING (387128.801852 6673788.290226, 387118.680546 6673793.394274, 387081.903804 6673813.116875, 387071.150724 6673818.786610)

LINESTRING (387039.237514 6673835.852200, 387034.560646 6673838.247633)

LINESTRING (387039.237514 6673835.852200, 387042.777724 6673842.485160)

LINESTRING (387039.237514 6673835.852200, 387051.987867 6673829.262645, 387071.150724 6673818.786610)

LINESTRING (387127.532842 6674528.722816, 387059.172000 6674532.024188)

LINESTRING (387127.532842 6674528.722816, 387134.865382 6674528.440960)

LINESTRING (387127.532842 6674528.722816, 387128.032970 6674535.583322)

LINESTRING (387127.532842 6674528.722816, 387126.308856 6674507.207811, 387120.329695 6674389.086106, 387116.565092 6674358.065509)

LINESTRING (387128.652753 6674542.005516, 387128.032970 6674535.583322)

LINESTRING (387128.652753 6674542.005516, 387071.774488 6674544.640514, 387069.838557 6674546.639331, 387066.310701 6674546.859633)

LINESTRING (386896.701115 6673699.636408, 386879.568556 6673711.521640)

LINESTRING (386896.701115 6673699.636408, 386900.162371 6673697.233781)

LINESTRING (386896.701115 6673699.636408, 386897.639593 6673701.089585)

LINESTRING (386865.863292 6673724.393167, 386861.106185 6673727.426516)

LINESTRING (386865.863292 6673724.393167, 386860.191367 6673716.143475)

LINESTRING (386865.863292 6673724.393167, 386869.197964 6673722.206160, 386870.149739 6673721.574964, 386872.581168 6673719.973080, 386873.625831 6673719.294438, 386874.740858 6673718.557901)

LINESTRING (386861.106185 6673727.426516, 386865.863292 6673724.393167)

LINESTRING (386861.106185 6673727.426516, 386859.476850 6673725.170031)

LINESTRING (386861.106185 6673727.426516, 386862.290326 6673729.106120)

LINESTRING (386836.845556 6673741.404475, 386834.961758 6673742.766573)

LINESTRING (386836.845556 6673741.404475, 386859.476850 6673725.170031)

LINESTRING (386836.845556 6673741.404475, 386837.891772 6673743.110623)

LINESTRING (386868.193101 6673727.764711, 386865.863292 6673724.393167)

LINESTRING (386914.730627 6673668.990248, 386871.023729 6673700.106612)

LINESTRING (386914.730627 6673668.990248, 386972.621316 6673628.053149)

LINESTRING (386914.730627 6673668.990248, 386913.911989 6673667.823112, 386912.616008 6673665.756902, 386905.632350 6673656.188074)

LINESTRING (386869.893616 6673698.559065, 386856.981476 6673680.703979)

LINESTRING (386869.893616 6673698.559065, 386871.023729 6673700.106612)

LINESTRING (386869.893616 6673698.559065, 386868.600418 6673699.457127, 386865.851117 6673701.369729)

LINESTRING (386840.666077 6673721.538939, 386838.616610 6673722.928443)

LINESTRING (386840.666077 6673721.538939, 386851.859971 6673714.149846)

LINESTRING (386840.666077 6673721.538939, 386840.255261 6673720.637816)

LINESTRING (387116.565092 6674358.065509, 387122.974401 6674357.165759)

LINESTRING (387116.565092 6674358.065509, 387111.749400 6674326.252668, 387105.198077 6674315.533487)

LINESTRING (387116.565092 6674358.065509, 387120.329695 6674389.086106, 387126.308856 6674507.207811, 387127.532842 6674528.722816)

LINESTRING (387145.996014 6674377.618538, 387149.817705 6674458.730254)

LINESTRING (387145.996014 6674377.618538, 387145.333809 6674371.799434)

LINESTRING (387145.996014 6674377.618538, 387149.406513 6674375.206546, 387179.692353 6674366.338245)

LINESTRING (387145.996014 6674377.618538, 387151.033931 6674384.974344, 387152.771004 6674404.957927, 387154.241002 6674427.078274, 387155.860026 6674457.451825)

LINESTRING (387156.732959 6674587.265165, 387154.254292 6674541.249467)

LINESTRING (387156.732959 6674587.265165, 387159.225190 6674584.591739)

LINESTRING (387152.776614 6674530.217764, 387154.254292 6674541.249467)

LINESTRING (387152.776614 6674530.217764, 387152.667142 6674527.747143)

LINESTRING (387152.776614 6674530.217764, 387163.584575 6674537.373382, 387178.323860 6674547.138147, 387193.946507 6674557.120912)

LINESTRING (387189.871692 6674562.818575, 387200.431608 6674569.313293)

LINESTRING (387189.871692 6674562.818575, 387174.169866 6674553.506918, 387157.783893 6674543.425185, 387154.254292 6674541.249467)

LINESTRING (387189.871692 6674562.818575, 387191.802687 6674560.117896, 387193.946507 6674557.120912)

LINESTRING (387189.871692 6674562.818575, 387187.899836 6674565.453650, 387186.823272 6674566.890995)

LINESTRING (386479.911624 6674063.645953, 386479.723979 6674068.332338)

LINESTRING (386479.911624 6674063.645953, 386480.404843 6674037.854111, 386480.793709 6674009.591493)

LINESTRING (386479.911624 6674063.645953, 386480.971634 6674063.646512, 386486.571773 6674063.662294, 386488.137011 6674063.669476)

LINESTRING (386502.880666 6674006.510602, 386502.435846 6674011.316400)

LINESTRING (386502.880666 6674006.510602, 386489.333045 6674004.701840)

LINESTRING (386502.880666 6674006.510602, 386503.416227 6674002.125470, 386503.783559 6673999.116290, 386504.114475 6673996.364557, 386504.455446 6673993.579079)

LINESTRING (386612.228937 6674011.557970, 386613.450283 6674003.329160)

LINESTRING (386612.228937 6674011.557970, 386617.223660 6674012.272504, 386634.945652 6674014.832845, 386642.543754 6674015.923700)

LINESTRING (386502.435846 6674011.316400, 386517.542048 6674013.634101)

LINESTRING (386502.435846 6674011.316400, 386499.431488 6674011.075228)

LINESTRING (386502.435846 6674011.316400, 386502.880666 6674006.510602)

LINESTRING (386667.649078 6674010.309759, 386720.184929 6674017.721514)

LINESTRING (386667.649078 6674010.309759, 386643.853934 6674007.335538)

LINESTRING (386667.649078 6674010.309759, 386666.291299 6674019.334007)

LINESTRING (386642.543754 6674015.923700, 386643.853934 6674007.335538)

LINESTRING (386642.543754 6674015.923700, 386642.014172 6674018.715001, 386641.511567 6674021.839793, 386641.032893 6674024.841258)

LINESTRING (386642.543754 6674015.923700, 386644.734786 6674016.245896, 386654.844799 6674017.626748)

LINESTRING (386641.032893 6674024.841258, 386640.015910 6674031.068919)

LINESTRING (386641.032893 6674024.841258, 386638.012298 6674024.433314, 386613.407090 6674021.105477)

LINESTRING (386641.032893 6674024.841258, 386641.511567 6674021.839793, 386642.014172 6674018.715001, 386642.543754 6674015.923700)

LINESTRING (386654.844799 6674017.626748, 386654.441667 6674020.559007, 386654.026384 6674023.636516, 386653.591711 6674026.625472)

LINESTRING (386654.844799 6674017.626748, 386659.188047 6674018.272358, 386666.291299 6674019.334007)

LINESTRING (386640.015910 6674031.068919, 386646.777805 6674032.219110)

LINESTRING (386640.015910 6674031.068919, 386612.689206 6674027.312739)

LINESTRING (386640.015910 6674031.068919, 386641.032893 6674024.841258)

LINESTRING (386613.407090 6674021.105477, 386568.621922 6674015.059824)

LINESTRING (386613.407090 6674021.105477, 386612.689206 6674027.312739)

LINESTRING (386647.924752 6674074.275176, 386646.777805 6674032.219110)

LINESTRING (386647.924752 6674074.275176, 386649.173979 6674135.941843)

LINESTRING (386647.924752 6674074.275176, 386654.406127 6674073.896167)

LINESTRING (386647.924752 6674074.275176, 386603.529492 6674075.059583)

LINESTRING (386494.316575 6674138.745805, 386494.931259 6674075.706270)

LINESTRING (386494.316575 6674138.745805, 386499.258579 6674138.659425)

LINESTRING (386494.316575 6674138.745805, 386487.465642 6674138.657362, 386486.156852 6674138.686805)

LINESTRING (386495.404278 6674063.577854, 386494.931259 6674075.706270)

LINESTRING (386495.404278 6674063.577854, 386495.421546 6674061.092161)

LINESTRING (386495.404278 6674063.577854, 386492.499719 6674063.690209, 386491.051258 6674063.690548, 386489.368897 6674063.664708, 386488.137011 6674063.669476)

LINESTRING (386516.562795 6674075.849097, 386494.931259 6674075.706270)

LINESTRING (386516.562795 6674075.849097, 386516.156071 6674100.858149)

LINESTRING (386516.562795 6674075.849097, 386567.552647 6674075.472201, 386574.331293 6674075.373587)

LINESTRING (386516.562795 6674075.849097, 386516.684945 6674071.554792, 386516.735046 6674061.356296, 386528.442278 6674061.450273)

LINESTRING (386479.515233 6674072.696196, 386479.723979 6674068.332338)

LINESTRING (386499.184653 6674154.709371, 386499.378286 6674146.278348)

LINESTRING (386499.184653 6674154.709371, 386494.010179 6674154.635798)

LINESTRING (386499.184653 6674154.709371, 386582.081210 6674153.009073)

LINESTRING (386499.258579 6674138.659425, 386525.011605 6674138.217576)

LINESTRING (386499.258579 6674138.659425, 386494.316575 6674138.745805)

LINESTRING (386499.258579 6674138.659425, 386499.320859 6674142.457667, 386499.378286 6674146.278348)

LINESTRING (386525.201631 6674145.600290, 386525.011605 6674138.217576)

LINESTRING (386525.201631 6674145.600290, 386555.557754 6674144.703919, 386582.031505 6674144.061825)

LINESTRING (386525.201631 6674145.600290, 386502.402661 6674146.273723, 386499.378286 6674146.278348)

LINESTRING (386492.900036 6674261.821767, 386496.085259 6674263.428054)

LINESTRING (386492.900036 6674261.821767, 386485.248315 6674263.998157, 386483.850827 6674264.386969)

LINESTRING (386492.900036 6674261.821767, 386491.961087 6674258.028422, 386492.403339 6674235.247092)

LINESTRING (386496.085259 6674263.428054, 386492.900036 6674261.821767)

LINESTRING (386496.085259 6674263.428054, 386495.695134 6674269.279717)

LINESTRING (386496.085259 6674263.428054, 386499.619002 6674262.493802, 386518.313029 6674257.957966, 386528.497409 6674255.491389, 386553.054038 6674250.673691)

LINESTRING (386483.850827 6674264.386969, 386485.248315 6674263.998157, 386492.900036 6674261.821767)

LINESTRING (386483.850827 6674264.386969, 386483.932110 6674262.534509, 386484.163939 6674252.831858, 386484.531324 6674242.489783, 386485.662820 6674190.756714, 386485.771499 6674173.145497)

LINESTRING (386492.403339 6674235.247092, 386493.181948 6674195.036939)

LINESTRING (386492.403339 6674235.247092, 386489.170285 6674233.530848)

LINESTRING (386492.403339 6674235.247092, 386491.961087 6674258.028422, 386492.900036 6674261.821767)

LINESTRING (386501.615649 6673821.255219, 386501.532409 6673824.656780)

LINESTRING (386501.615649 6673821.255219, 386518.636865 6673821.407330, 386519.007599 6673819.222719)

LINESTRING (386501.615649 6673821.255219, 386484.055532 6673821.264772, 386480.998540 6673819.331322)

LINESTRING (386495.303804 6673653.117821, 386497.564358 6673656.390995, 386499.845673 6673662.661314)

LINESTRING (386495.303804 6673653.117821, 386492.096926 6673651.545618, 386484.599188 6673650.674815)

LINESTRING (386495.303804 6673653.117821, 386498.285796 6673648.868585, 386500.166343 6673645.255285, 386503.025614 6673638.658432)

LINESTRING (386485.531873 6673615.775706, 386489.714229 6673621.240416, 386503.025614 6673638.658432)

LINESTRING (386485.531873 6673615.775706, 386485.510915 6673622.797199, 386485.204425 6673626.696027, 386485.075958 6673631.503159, 386484.599188 6673650.674815)

LINESTRING (386518.458741 6673657.024844, 386536.868564 6673640.172570)

LINESTRING (386518.458741 6673657.024844, 386529.368834 6673661.980166)

LINESTRING (386518.458741 6673657.024844, 386514.947476 6673659.061631, 386507.515802 6673662.111491, 386499.845673 6673662.661314)

LINESTRING (386518.458741 6673657.024844, 386514.964688 6673654.603421, 386510.379576 6673650.109570, 386505.885148 6673643.707257, 386503.025614 6673638.658432)

LINESTRING (387030.951828 6674053.106465, 387035.572433 6674055.371000)

LINESTRING (387030.951828 6674053.106465, 387026.931293 6674051.224604)

LINESTRING (387030.951828 6674053.106465, 387029.864430 6674055.814617)

LINESTRING (387042.575410 6674039.163056, 387044.686523 6674036.178148)

LINESTRING (387042.575410 6674039.163056, 387040.866399 6674042.949080)

LINESTRING (387042.575410 6674039.163056, 387039.234178 6674042.029909, 387036.390606 6674043.399237, 387033.397821 6674044.249398, 387029.811194 6674044.738988, 387026.931293 6674051.224604)

LINESTRING (387046.378506 6674031.300527, 387051.962388 6674027.372654)

LINESTRING (387046.378506 6674031.300527, 387044.686523 6674036.178148)

LINESTRING (387046.378506 6674031.300527, 387044.991552 6674029.337381)

LINESTRING (387051.962388 6674027.372654, 387046.378506 6674031.300527)

LINESTRING (387051.962388 6674027.372654, 387065.856471 6674017.582895)

LINESTRING (387051.962388 6674027.372654, 387052.512173 6674027.924040)

LINESTRING (387051.962388 6674027.372654, 387050.763994 6674025.225381)

LINESTRING (387044.686523 6674036.178148, 387042.575410 6674039.163056)

LINESTRING (387044.686523 6674036.178148, 387046.378506 6674031.300527)

LINESTRING (387044.686523 6674036.178148, 387041.537136 6674034.291677)

LINESTRING (387044.686523 6674036.178148, 387047.255310 6674037.413889)

LINESTRING (387044.991552 6674029.337381, 387050.763994 6674025.225381)

LINESTRING (387044.991552 6674029.337381, 387041.537136 6674034.291677)

LINESTRING (387044.991552 6674029.337381, 387046.378506 6674031.300527)

LINESTRING (387044.991552 6674029.337381, 387041.829577 6674025.244760, 387035.392572 6674022.568216)

LINESTRING (386942.583599 6674336.767627, 386952.876262 6674377.872521)

LINESTRING (386942.583599 6674336.767627, 386940.100435 6674328.597658, 386934.784826 6674318.197203)

LINESTRING (386942.583599 6674336.767627, 386940.473061 6674335.450946, 386938.893158 6674330.473736, 386937.739643 6674327.623033)

LINESTRING (386949.949663 6674379.957719, 386952.876262 6674377.872521)

LINESTRING (386914.739853 6674320.499239, 386914.168496 6674318.889845)

LINESTRING (387065.054527 6674397.533487, 387057.422950 6674398.203600)

LINESTRING (387326.720754 6674059.982199, 387330.216075 6674066.081874)

LINESTRING (387326.720754 6674059.982199, 387354.102132 6674043.738328)

LINESTRING (387326.720754 6674059.982199, 387320.673846 6674063.478134)

LINESTRING (387326.720754 6674059.982199, 387265.679117 6673953.618943, 387261.755926 6673946.607539)

LINESTRING (387213.565803 6673947.467933, 387208.292707 6673952.845850)

LINESTRING (387213.565803 6673947.467933, 387215.174565 6673945.824758, 387249.536886 6673922.154808)

LINESTRING (387213.565803 6673947.467933, 387210.710503 6673942.697075, 387202.666428 6673927.309745, 387178.214556 6673883.754276, 387171.544347 6673876.036391, 387168.939246 6673870.923527, 387169.234736 6673865.565244, 387159.019825 6673846.021288, 387153.956003 6673836.225685)

LINESTRING (387263.788269 6673944.661594, 387261.755926 6673946.607539)

LINESTRING (387263.788269 6673944.661594, 387256.017922 6673932.207770)

LINESTRING (387263.788269 6673944.661594, 387266.547124 6673942.158359, 387288.340755 6673926.643315)

LINESTRING (387288.340755 6673926.643315, 387266.547124 6673942.158359, 387263.788269 6673944.661594)

LINESTRING (387288.340755 6673926.643315, 387297.495103 6673920.421657, 387312.670549 6673908.955246)

LINESTRING (387288.340755 6673926.643315, 387290.779854 6673930.156617, 387291.994199 6673931.924572, 387301.170717 6673925.702239, 387315.825218 6673915.522307, 387347.588052 6673892.836006, 387348.409649 6673893.925132, 387348.115654 6673896.274439, 387348.324009 6673897.995361, 387349.349448 6673898.855333, 387350.520325 6673899.031039, 387351.770791 6673898.546795, 387352.448638 6673897.489535, 387352.335165 6673895.966286, 387351.516716 6673894.799054, 387350.037927 6673894.175915, 387348.479422 6673894.569342, 387347.682210 6673896.076040, 387347.513302 6673903.391763)

LINESTRING (387377.643542 6674017.939741, 387375.673798 6674019.215050, 387369.987569 6674022.532640, 387372.510064 6674026.957240, 387373.911684 6674026.156316)

LINESTRING (387377.643542 6674017.939741, 387368.992364 6674002.994233, 387321.832712 6673921.555792, 387312.670549 6673908.955246)

LINESTRING (387377.643542 6674017.939741, 387400.097581 6674056.910786, 387416.712512 6674087.023685)

LINESTRING (387261.755926 6673946.607539, 387263.788269 6673944.661594)

LINESTRING (387261.755926 6673946.607539, 387255.327389 6673951.051433)

LINESTRING (387261.755926 6673946.607539, 387265.679117 6673953.618943, 387326.720754 6674059.982199)

LINESTRING (387242.566622 6673958.019505, 387241.416273 6673963.014068)

LINESTRING (387242.566622 6673958.019505, 387243.612714 6673952.883281, 387244.997358 6673953.152665, 387250.938512 6673954.507555, 387251.713663 6673953.547575, 387255.327389 6673951.051433)

LINESTRING (387242.566622 6673958.019505, 387241.666695 6673957.991505, 387238.327523 6673959.130767, 387221.261443 6673970.822914)

LINESTRING (387339.749610 6674132.953925, 387335.868968 6674126.052584)

LINESTRING (387339.749610 6674132.953925, 387347.992970 6674129.423851)

LINESTRING (387339.749610 6674132.953925, 387334.460064 6674135.089238, 387301.344170 6674147.821149)

LINESTRING (387335.868968 6674126.052584, 387330.962707 6674117.923533)

LINESTRING (387335.868968 6674126.052584, 387339.749610 6674132.953925)

LINESTRING (387335.868968 6674126.052584, 387331.366515 6674128.698593)

LINESTRING (387301.344170 6674147.821149, 387304.075372 6674155.058735)

LINESTRING (387301.344170 6674147.821149, 387297.302295 6674149.383187)

LINESTRING (387301.344170 6674147.821149, 387300.861434 6674146.922195, 387299.803899 6674143.756398)

LINESTRING (387301.344170 6674147.821149, 387334.460064 6674135.089238, 387339.749610 6674132.953925)

LINESTRING (387241.416273 6673963.014068, 387224.007416 6673974.928500)

LINESTRING (387241.416273 6673963.014068, 387246.637926 6673972.180845)

LINESTRING (387241.416273 6673963.014068, 387242.566622 6673958.019505)

LINESTRING (387224.007416 6673974.928500, 387215.979769 6673980.424704)

LINESTRING (387224.007416 6673974.928500, 387241.416273 6673963.014068)

LINESTRING (387224.007416 6673974.928500, 387224.844926 6673976.173126)

LINESTRING (387224.007416 6673974.928500, 387221.261443 6673970.822914)

LINESTRING (387246.637926 6673972.180845, 387241.416273 6673963.014068)

LINESTRING (387246.637926 6673972.180845, 387254.892707 6673986.670243)

LINESTRING (387246.637926 6673972.180845, 387245.687530 6673972.856478)

LINESTRING (387307.389033 6674078.831345, 387304.144774 6674073.136293)

LINESTRING (387307.389033 6674078.831345, 387309.225585 6674081.884008)

LINESTRING (387307.389033 6674078.831345, 387312.965825 6674075.929353, 387315.119508 6674074.681777)

LINESTRING (387304.144774 6674073.136293, 387295.028033 6674057.135451)

LINESTRING (387304.144774 6674073.136293, 387307.389033 6674078.831345)

LINESTRING (387304.144774 6674073.136293, 387309.584515 6674069.748175)

LINESTRING (387304.144774 6674073.136293, 387303.126149 6674073.758292, 387300.129893 6674075.577877)

LINESTRING (387309.225585 6674081.884008, 387307.389033 6674078.831345)

LINESTRING (387309.225585 6674081.884008, 387321.126231 6674101.610465)

LINESTRING (387309.225585 6674081.884008, 387308.282123 6674082.603988)

LINESTRING (387345.433495 6674110.813969, 387355.717956 6674118.966976, 387359.331041 6674124.929321)

LINESTRING (387345.433495 6674110.813969, 387339.086081 6674099.675778, 387328.679548 6674081.430018)

LINESTRING (387221.261443 6673970.822914, 387224.007416 6673974.928500)

LINESTRING (387221.261443 6673970.822914, 387198.404103 6673986.560608, 387196.931742 6673987.586662)

LINESTRING (387309.584515 6674069.748175, 387304.144774 6674073.136293)

LINESTRING (387309.584515 6674069.748175, 387308.329172 6674068.449530, 387293.915054 6674043.518193)

LINESTRING (387174.689983 6674009.245359, 387170.623176 6674001.179782)

LINESTRING (387174.689983 6674009.245359, 387167.310732 6674015.067158)

LINESTRING (387174.689983 6674009.245359, 387179.178577 6674005.607760)

LINESTRING (387174.689983 6674009.245359, 387175.753922 6674011.173931, 387183.052565 6674024.344208, 387196.421622 6674048.471539)

LINESTRING (387170.623176 6674001.179782, 387174.689983 6674009.245359)

LINESTRING (387170.623176 6674001.179782, 387162.810944 6674007.538710)

LINESTRING (387170.623176 6674001.179782, 387177.555598 6673992.563445)

LINESTRING (387167.310732 6674015.067158, 387200.910818 6674073.128856)

LINESTRING (387167.310732 6674015.067158, 387155.544887 6674023.152727)

LINESTRING (387167.310732 6674015.067158, 387174.689983 6674009.245359)

LINESTRING (387167.310732 6674015.067158, 387162.810944 6674007.538710)

LINESTRING (387179.178577 6674005.607760, 387184.434373 6674002.013388)

LINESTRING (387179.178577 6674005.607760, 387185.412708 6674016.470587)

LINESTRING (387179.178577 6674005.607760, 387174.689983 6674009.245359)

LINESTRING (387196.421622 6674048.471539, 387205.911677 6674065.586206)

LINESTRING (387196.421622 6674048.471539, 387202.050393 6674045.456333)

LINESTRING (387196.421622 6674048.471539, 387183.052565 6674024.344208, 387175.753922 6674011.173931, 387174.689983 6674009.245359)

LINESTRING (387167.714749 6673993.245665, 387162.901658 6673999.679310)

LINESTRING (387167.714749 6673993.245665, 387174.763457 6673988.581900)

LINESTRING (387167.714749 6673993.245665, 387170.623176 6674001.179782)

LINESTRING (387162.901658 6673999.679310, 387167.714749 6673993.245665)

LINESTRING (387162.901658 6673999.679310, 387164.091970 6673992.744409)

LINESTRING (387162.901658 6673999.679310, 387159.501872 6674002.090944)

LINESTRING (387174.763457 6673988.581900, 387167.714749 6673993.245665)

LINESTRING (387174.763457 6673988.581900, 387177.555598 6673992.563445)

LINESTRING (387174.763457 6673988.581900, 387188.722478 6673978.723761, 387192.237764 6673976.096858, 387203.575981 6673959.889393, 387208.292707 6673952.845850)

LINESTRING (387061.694217 6674070.645940, 387076.015412 6674060.854179)

LINESTRING (387061.694217 6674070.645940, 387063.810404 6674073.221807)

LINESTRING (387061.694217 6674070.645940, 387057.154401 6674067.041584)

LINESTRING (387076.015412 6674060.854179, 387061.694217 6674070.645940)

LINESTRING (387076.015412 6674060.854179, 387078.218928 6674059.604924)

LINESTRING (387076.015412 6674060.854179, 387074.264322 6674058.779671)

LINESTRING (387063.810404 6674073.221807, 387068.487449 6674079.295934)

LINESTRING (387063.810404 6674073.221807, 387061.694217 6674070.645940)

LINESTRING (387063.810404 6674073.221807, 387060.097575 6674076.635025)

LINESTRING (387057.154401 6674067.041584, 387061.694217 6674070.645940)

LINESTRING (387057.154401 6674067.041584, 387053.719631 6674064.718144, 387035.572433 6674055.371000)

LINESTRING (387057.154401 6674067.041584, 387058.078384 6674065.152004, 387058.767691 6674063.570557)

LINESTRING (387208.794735 6674086.749194, 387200.910818 6674073.128856)

LINESTRING (387208.794735 6674086.749194, 387209.485906 6674088.288073)

LINESTRING (387208.794735 6674086.749194, 387211.210965 6674085.738636, 387215.977925 6674083.752976)

LINESTRING (387209.485906 6674088.288073, 387208.794735 6674086.749194)

LINESTRING (387209.485906 6674088.288073, 387167.113779 6674101.217273)

LINESTRING (387209.485906 6674088.288073, 387209.943406 6674089.087496, 387212.700867 6674093.928228)

LINESTRING (387155.544887 6674023.152727, 387136.893699 6674035.975136)

LINESTRING (387155.544887 6674023.152727, 387167.310732 6674015.067158)

LINESTRING (387155.544887 6674023.152727, 387156.893658 6674025.139377, 387155.389087 6674026.199874)

LINESTRING (387162.810944 6674007.538710, 387170.623176 6674001.179782)

LINESTRING (387162.810944 6674007.538710, 387159.501872 6674002.090944)

LINESTRING (387162.810944 6674007.538710, 387167.310732 6674015.067158)

LINESTRING (387162.810944 6674007.538710, 387161.408620 6674008.495755, 387160.664475 6674009.020180)

LINESTRING (387167.113779 6674101.217273, 387209.485906 6674088.288073)

LINESTRING (387167.113779 6674101.217273, 387161.164954 6674103.027694)

LINESTRING (387167.113779 6674101.217273, 387166.558165 6674099.395620)

LINESTRING (387216.073914 6674165.035190, 387213.990707 6674158.301470)

LINESTRING (387216.073914 6674165.035190, 387219.248555 6674175.312544)

LINESTRING (387216.073914 6674165.035190, 387214.744567 6674165.477340)

LINESTRING (387209.882909 6674178.253429, 387206.024513 6674179.464449)

LINESTRING (387209.882909 6674178.253429, 387209.416594 6674175.726940)

LINESTRING (387209.882909 6674178.253429, 387217.874514 6674175.744925, 387219.248555 6674175.312544)

LINESTRING (387222.159773 6674080.497876, 387226.661814 6674087.926023)

LINESTRING (387222.159773 6674080.497876, 387219.937381 6674076.632477)

LINESTRING (387222.159773 6674080.497876, 387221.400774 6674080.900161, 387215.977925 6674083.752976)

LINESTRING (387219.937381 6674076.632477, 387222.159773 6674080.497876)

LINESTRING (387219.937381 6674076.632477, 387211.732822 6674062.331060)

LINESTRING (387219.937381 6674076.632477, 387213.844924 6674079.907114)

LINESTRING (387219.937381 6674076.632477, 387221.845998 6674075.537269, 387229.632633 6674071.051464)

LINESTRING (387213.844924 6674079.907114, 387219.937381 6674076.632477)

LINESTRING (387213.844924 6674079.907114, 387215.977925 6674083.752976)

LINESTRING (387213.844924 6674079.907114, 387212.828121 6674078.066233, 387207.803653 6674068.993726)

LINESTRING (387216.711353 6674100.892313, 387207.955497 6674103.457795)

LINESTRING (387216.711353 6674100.892313, 387215.831681 6674099.359241, 387212.700867 6674093.928228)

LINESTRING (387216.711353 6674100.892313, 387219.485609 6674099.614414, 387224.054731 6674097.512274)

LINESTRING (387266.061189 6674154.869751, 387269.182903 6674160.189644)

LINESTRING (387266.061189 6674154.869751, 387263.325959 6674150.206604)

LINESTRING (387266.061189 6674154.869751, 387267.347336 6674154.105772)

LINESTRING (387294.971366 6674150.279621, 387297.302295 6674149.383187)

LINESTRING (387294.971366 6674150.279621, 387269.182903 6674160.189644)

LINESTRING (387294.971366 6674150.279621, 387294.630722 6674149.309429)

LINESTRING (387184.434373 6674002.013388, 387179.178577 6674005.607760)

LINESTRING (387184.434373 6674002.013388, 387195.336963 6673994.545158)

LINESTRING (387184.434373 6674002.013388, 387181.589492 6673998.300923)

LINESTRING (387185.412708 6674016.470587, 387188.251302 6674021.420245)

LINESTRING (387185.412708 6674016.470587, 387179.178577 6674005.607760)

LINESTRING (387185.412708 6674016.470587, 387190.512578 6674013.939719)

LINESTRING (386664.061345 6674135.514286, 386661.167600 6674034.169534)

LINESTRING (386664.061345 6674135.514286, 386705.977289 6674134.439562)

LINESTRING (386664.061345 6674135.514286, 386664.210209 6674138.529751, 386664.404663 6674142.479915)

LINESTRING (386664.061345 6674135.514286, 386661.276404 6674135.544797, 386655.672911 6674135.595721)

LINESTRING (386664.174337 6674034.488773, 386664.949817 6674028.346607)

LINESTRING (386664.174337 6674034.488773, 386711.704827 6674041.030108)

LINESTRING (386664.174337 6674034.488773, 386661.167600 6674034.169534)

LINESTRING (386666.291299 6674019.334007, 386667.649078 6674010.309759)

LINESTRING (386666.291299 6674019.334007, 386665.854202 6674022.245027, 386665.403920 6674025.267897, 386664.949817 6674028.346607)

LINESTRING (386666.291299 6674019.334007, 386668.933149 6674019.697980, 386717.327307 6674026.524693, 386725.258363 6674027.616558)

LINESTRING (386664.949817 6674028.346607, 386664.174337 6674034.488773)

LINESTRING (386664.949817 6674028.346607, 386653.591711 6674026.625472)

LINESTRING (386664.949817 6674028.346607, 386665.403920 6674025.267897, 386665.854202 6674022.245027, 386666.291299 6674019.334007)

LINESTRING (387347.513302 6673903.391763, 387340.119362 6673890.357838)

LINESTRING (387347.513302 6673903.391763, 387347.682210 6673896.076040, 387348.479422 6673894.569342, 387350.037927 6673894.175915, 387351.516716 6673894.799054, 387352.335165 6673895.966286, 387352.448638 6673897.489535, 387351.770791 6673898.546795, 387350.520325 6673899.031039, 387349.349448 6673898.855333, 387348.324009 6673897.995361, 387348.115654 6673896.274439, 387348.409649 6673893.925132, 387347.588052 6673892.836006, 387315.825218 6673915.522307, 387301.170717 6673925.702239, 387291.994199 6673931.924572, 387290.779854 6673930.156617, 387288.340755 6673926.643315)

LINESTRING (387347.513302 6673903.391763, 387356.475579 6673919.419779, 387362.574303 6673929.863581)

LINESTRING (387340.119362 6673890.357838, 387333.002977 6673895.179368)

LINESTRING (387340.119362 6673890.357838, 387347.513302 6673903.391763)

LINESTRING (387340.119362 6673890.357838, 387339.283558 6673888.266182)

LINESTRING (387225.804167 6673737.080161, 387210.539726 6673744.593494)

LINESTRING (387225.804167 6673737.080161, 387229.910202 6673744.253065)

LINESTRING (386574.331293 6674075.373587, 386603.529492 6674075.059583)

LINESTRING (386574.331293 6674075.373587, 386567.552647 6674075.472201, 386516.562795 6674075.849097)

LINESTRING (386574.331293 6674075.373587, 386575.263850 6674115.318914, 386553.643237 6674115.699189)

LINESTRING (386603.529492 6674075.059583, 386574.331293 6674075.373587)

LINESTRING (386603.529492 6674075.059583, 386647.924752 6674074.275176)

LINESTRING (386603.529492 6674075.059583, 386604.893315 6674116.217405, 386591.014952 6674116.435630)

LINESTRING (386553.643237 6674115.699189, 386575.263850 6674115.318914, 386574.331293 6674075.373587)

LINESTRING (386981.267165 6674531.197328, 386982.330735 6674534.552306)

LINESTRING (386981.267165 6674531.197328, 386985.187167 6674522.651299)

LINESTRING (386981.267165 6674531.197328, 386974.430798 6674528.499824)

LINESTRING (386985.187167 6674522.651299, 386981.267165 6674531.197328)

LINESTRING (386985.187167 6674522.651299, 386987.865102 6674516.829368, 386991.659995 6674508.543526)

LINESTRING (386985.187167 6674522.651299, 386986.802309 6674527.515995, 386989.518099 6674531.366019, 386993.000798 6674534.534860)

LINESTRING (386974.430798 6674528.499824, 386970.282598 6674538.100464)

LINESTRING (386974.430798 6674528.499824, 386970.914049 6674527.103972)

LINESTRING (386974.430798 6674528.499824, 386981.267165 6674531.197328)

LINESTRING (386974.430798 6674528.499824, 386977.024912 6674522.479879, 386980.741259 6674513.628098, 386988.684593 6674493.590799, 386992.483427 6674484.892504)

LINESTRING (386970.914049 6674527.103972, 386974.430798 6674528.499824)

LINESTRING (386970.914049 6674527.103972, 386969.122583 6674526.412641, 386964.662116 6674524.644751, 386962.297285 6674523.714817, 386953.584887 6674520.284059, 386945.832821 6674517.224845)

LINESTRING (386970.914049 6674527.103972, 386992.638801 6674475.727216, 386993.449652 6674473.952547)

LINESTRING (386992.483427 6674484.892504, 386999.708426 6674489.751154)

LINESTRING (386992.483427 6674484.892504, 386988.684593 6674493.590799, 386980.741259 6674513.628098, 386977.024912 6674522.479879, 386974.430798 6674528.499824)

LINESTRING (386992.483427 6674484.892504, 387016.011418 6674436.725469, 387023.142247 6674425.049165, 387026.137516 6674419.975275)

LINESTRING (386966.553952 6674472.888597, 386945.832821 6674517.224845)

LINESTRING (386966.553952 6674472.888597, 386969.978842 6674465.918026)

LINESTRING (386966.553952 6674472.888597, 386972.671243 6674475.117955)

LINESTRING (386966.553952 6674472.888597, 386955.555906 6674468.581168, 386950.098217 6674466.688076, 386948.196806 6674467.827792, 386946.876005 6674470.877512, 386929.782983 6674512.482913, 386925.598360 6674522.697661)

LINESTRING (386986.415398 6673617.675597, 386977.551708 6673624.513118)

LINESTRING (386986.415398 6673617.675597, 386990.686166 6673621.355057)

LINESTRING (386986.415398 6673617.675597, 386982.846435 6673613.896467)

LINESTRING (386986.415398 6673617.675597, 386993.636477 6673611.925205, 386993.887547 6673609.989520, 386992.792051 6673604.707584)

LINESTRING (386977.551708 6673624.513118, 386972.621316 6673628.053149)

LINESTRING (386977.551708 6673624.513118, 386986.415398 6673617.675597)

LINESTRING (386990.686166 6673621.355057, 386986.415398 6673617.675597)

LINESTRING (386990.686166 6673621.355057, 386979.478287 6673629.747106)

LINESTRING (386990.686166 6673621.355057, 387000.578378 6673618.887755, 387020.138443 6673601.645893)

LINESTRING (386990.686166 6673621.355057, 387003.654385 6673629.714063, 387022.238414 6673638.579598)

LINESTRING (386982.846435 6673613.896467, 386986.415398 6673617.675597)

LINESTRING (386982.846435 6673613.896467, 386989.624396 6673607.635972, 386992.792051 6673604.707584)

LINESTRING (386992.792051 6673604.707584, 386989.624396 6673607.635972, 386982.846435 6673613.896467)

LINESTRING (386992.792051 6673604.707584, 386993.887547 6673609.989520, 386993.636477 6673611.925205, 386986.415398 6673617.675597)

LINESTRING (386979.478287 6673629.747106, 386972.621316 6673628.053149)

LINESTRING (386979.478287 6673629.747106, 386990.686166 6673621.355057)

LINESTRING (386979.478287 6673629.747106, 386989.358952 6673634.278644)

LINESTRING (386979.478287 6673629.747106, 386973.327725 6673634.394641, 386940.111843 6673658.923257)

LINESTRING (386972.621316 6673628.053149, 386914.730627 6673668.990248)

LINESTRING (386972.621316 6673628.053149, 386977.551708 6673624.513118)

LINESTRING (386972.621316 6673628.053149, 386979.478287 6673629.747106)

LINESTRING (386972.621316 6673628.053149, 386970.918443 6673627.548515, 386967.277397 6673626.468507, 386960.770139 6673624.596612, 386954.025603 6673622.230569)

LINESTRING (386989.358952 6673634.278644, 386979.478287 6673629.747106)

LINESTRING (386989.358952 6673634.278644, 387020.483540 6673644.662727)

LINESTRING (386989.358952 6673634.278644, 386998.235521 6673647.099003)

LINESTRING (386989.358952 6673634.278644, 386986.845226 6673636.094725, 386954.427673 6673659.517583)

LINESTRING (386519.007599 6673819.222719, 386518.636865 6673821.407330, 386501.615649 6673821.255219)

LINESTRING (386519.007599 6673819.222719, 386519.219817 6673804.583812, 386519.529216 6673783.411395)

LINESTRING (386519.007599 6673819.222719, 386520.133781 6673819.923326, 386523.014378 6673821.717400)

LINESTRING (386500.975542 6673847.151893, 386497.855685 6673985.849040)

LINESTRING (386500.975542 6673847.151893, 386515.091930 6673847.238027, 386516.669205 6673848.704742)

LINESTRING (386500.975542 6673847.151893, 386498.804804 6673847.130042, 386492.004610 6673847.084572)

LINESTRING (386500.975542 6673847.151893, 386501.001368 6673845.657770, 386501.053776 6673842.156866)

LINESTRING (386501.053776 6673842.156866, 386492.252300 6673842.006281)

LINESTRING (386501.053776 6673842.156866, 386501.001368 6673845.657770, 386500.975542 6673847.151893)

LINESTRING (386501.053776 6673842.156866, 386501.139256 6673840.259702, 386501.484985 6673827.065397, 386501.532409 6673824.656780)

LINESTRING (386485.043273 6673847.032967, 386484.110848 6673875.669044)

LINESTRING (386485.043273 6673847.032967, 386476.190828 6673847.207183)

LINESTRING (386485.043273 6673847.032967, 386486.497710 6673847.043588, 386492.004610 6673847.084572)

LINESTRING (386484.110848 6673875.669044, 386485.043273 6673847.032967)

LINESTRING (386484.110848 6673875.669044, 386484.010912 6673879.784353)

LINESTRING (386484.110848 6673875.669044, 386481.591158 6673875.669169)

LINESTRING (386476.190828 6673847.207183, 386485.043273 6673847.032967)

LINESTRING (386476.190828 6673847.207183, 386476.065817 6673849.439900)

LINESTRING (386492.004610 6673847.084572, 386492.252300 6673842.006281)

LINESTRING (386492.004610 6673847.084572, 386491.280533 6673889.243244, 386491.184282 6673894.372560)

LINESTRING (386492.004610 6673847.084572, 386486.497710 6673847.043588, 386485.043273 6673847.032967)

LINESTRING (386492.004610 6673847.084572, 386498.804804 6673847.130042, 386500.975542 6673847.151893)

LINESTRING (386516.669205 6673848.704742, 386522.419603 6673846.932863)

LINESTRING (386516.669205 6673848.704742, 386519.700688 6673851.965170)

LINESTRING (386516.669205 6673848.704742, 386515.091930 6673847.238027, 386500.975542 6673847.151893)

LINESTRING (386491.184282 6673894.372560, 386483.646760 6673894.171665)

LINESTRING (386491.184282 6673894.372560, 386491.280533 6673889.243244, 386492.004610 6673847.084572)

LINESTRING (386491.184282 6673894.372560, 386491.093253 6673899.312264, 386490.800260 6673915.458151)

LINESTRING (386495.421546 6674061.092161, 386495.404278 6674063.577854)

LINESTRING (386495.421546 6674061.092161, 386497.971592 6674061.180252)

LINESTRING (386495.421546 6674061.092161, 386495.529623 6674046.501048, 386496.154356 6674023.156860, 386499.431488 6674011.075228)

LINESTRING (386485.771499 6674173.145497, 386485.662820 6674190.756714, 386484.531324 6674242.489783, 386484.163939 6674252.831858, 386483.932110 6674262.534509, 386483.850827 6674264.386969)

LINESTRING (386485.771499 6674173.145497, 386485.854483 6674159.179233, 386485.852523 6674155.000217)

LINESTRING (386485.771499 6674173.145497, 386487.042157 6674173.139524, 386493.606129 6674173.103132)

LINESTRING (386488.529773 6674298.053387, 386488.923463 6674294.285580, 386490.800281 6674292.711763, 386493.474650 6674291.982462)

LINESTRING (386493.474650 6674291.982462, 386494.291875 6674284.156173)

LINESTRING (386493.474650 6674291.982462, 386490.800281 6674292.711763, 386488.923463 6674294.285580, 386488.529773 6674298.053387)

LINESTRING (386493.474650 6674291.982462, 386543.705324 6674278.667948, 386549.731144 6674277.389035, 386556.812040 6674276.311460, 386566.644927 6674274.680553, 386581.171218 6674272.826225, 386584.180602 6674272.699541)

LINESTRING (386505.626559 6674475.730238, 386519.988686 6674463.059698)

LINESTRING (386505.626559 6674475.730238, 386500.938172 6674470.559841)

LINESTRING (386519.988686 6674463.059698, 386525.233929 6674458.628836)

LINESTRING (386519.988686 6674463.059698, 386505.626559 6674475.730238)

LINESTRING (386519.988686 6674463.059698, 386514.837389 6674457.992790)

LINESTRING (386519.988686 6674463.059698, 386521.940005 6674466.754793, 386522.294822 6674469.607854, 386521.709720 6674471.676529, 386519.903491 6674474.808335)

LINESTRING (386500.938172 6674470.559841, 386505.626559 6674475.730238)

LINESTRING (386500.938172 6674470.559841, 386497.037272 6674465.911093)

LINESTRING (386500.938172 6674470.559841, 386514.837389 6674457.992790)

LINESTRING (386649.173979 6674135.941843, 386647.924752 6674074.275176)

LINESTRING (386649.173979 6674135.941843, 386632.705466 6674136.384998)

LINESTRING (386649.173979 6674135.941843, 386649.926964 6674135.885093, 386655.672911 6674135.595721)

LINESTRING (386965.294077 6674070.189121, 386968.118428 6674070.714834)

LINESTRING (386965.294077 6674070.189121, 386965.212584 6674071.863259, 386965.124684 6674074.228532, 386963.577855 6674074.097992, 386951.338344 6674073.116391, 386939.649694 6674072.541292)

LINESTRING (386965.294077 6674070.189121, 386952.409775 6674068.815093, 386949.842825 6674068.537758)

LINESTRING (386968.118428 6674070.714834, 386965.294077 6674070.189121)

LINESTRING (386968.118428 6674070.714834, 386968.002723 6674071.999983)

LINESTRING (386968.118428 6674070.714834, 386970.033205 6674071.079185, 386976.572693 6674072.582313, 386988.708201 6674076.486975)

LINESTRING (386949.842825 6674068.537758, 386950.042628 6674061.889675)

LINESTRING (386949.842825 6674068.537758, 386946.041478 6674075.910001)

LINESTRING (386949.842825 6674068.537758, 386952.409775 6674068.815093, 386965.294077 6674070.189121)

LINESTRING (386949.842825 6674068.537758, 386940.698935 6674068.240676, 386934.862230 6674067.930615)

LINESTRING (387067.304741 6674566.665530, 387066.310701 6674546.859633)

LINESTRING (387067.304741 6674566.665530, 387071.787795 6674566.471475)

LINESTRING (387071.787795 6674566.471475, 387067.304741 6674566.665530)

LINESTRING (387071.787795 6674566.471475, 387072.514406 6674583.365861)

LINESTRING (387071.787795 6674566.471475, 387074.281384 6674566.361100, 387078.444571 6674570.367120, 387107.932710 6674569.334803)

LINESTRING (386996.665150 6674534.421715, 386993.000798 6674534.534860)

LINESTRING (386996.665150 6674534.421715, 387059.172000 6674532.024188)

LINESTRING (386996.665150 6674534.421715, 386996.404568 6674528.857686, 386993.665386 6674511.490525, 386991.659995 6674508.543526)

LINESTRING (386993.000798 6674534.534860, 386982.330735 6674534.552306)

LINESTRING (386993.000798 6674534.534860, 386996.665150 6674534.421715)

LINESTRING (386993.000798 6674534.534860, 386989.518099 6674531.366019, 386986.802309 6674527.515995, 386985.187167 6674522.651299)

LINESTRING (387059.172000 6674532.024188, 386996.665150 6674534.421715)

LINESTRING (387059.172000 6674532.024188, 387127.532842 6674528.722816)

LINESTRING (387059.172000 6674532.024188, 387059.442608 6674538.635458)

LINESTRING (386991.659995 6674508.543526, 386999.708426 6674489.751154)

LINESTRING (386991.659995 6674508.543526, 386993.665386 6674511.490525, 386996.404568 6674528.857686, 386996.665150 6674534.421715)

LINESTRING (386991.659995 6674508.543526, 386987.865102 6674516.829368, 386985.187167 6674522.651299)

LINESTRING (387062.431879 6674547.035047, 387066.310701 6674546.859633)

LINESTRING (387062.431879 6674547.035047, 387059.743200 6674545.858730)

LINESTRING (387059.743200 6674545.858730, 387059.442608 6674538.635458)

LINESTRING (387059.743200 6674545.858730, 387062.431879 6674547.035047)

LINESTRING (387059.743200 6674545.858730, 387003.706819 6674547.543844, 387000.530320 6674547.641920, 386977.918119 6674548.707917)

LINESTRING (386999.708426 6674489.751154, 387021.999971 6674439.816984)

LINESTRING (386999.708426 6674489.751154, 386991.659995 6674508.543526)

LINESTRING (386999.708426 6674489.751154, 386992.483427 6674484.892504)

LINESTRING (386999.708426 6674489.751154, 387007.727443 6674494.986493, 387015.331844 6674508.002119, 387020.630972 6674511.772415, 387039.966443 6674510.607231)

LINESTRING (387403.820910 6674295.747883, 387406.456883 6674300.079855)

LINESTRING (387403.820910 6674295.747883, 387402.006331 6674296.650656, 387398.048989 6674298.611175)

LINESTRING (387403.820910 6674295.747883, 387357.077411 6674209.125469, 387356.270986 6674207.445239)

LINESTRING (387389.713595 6674302.745764, 387362.340030 6674316.838397)

LINESTRING (387389.713595 6674302.745764, 387383.803242 6674292.452160)

LINESTRING (387389.713595 6674302.745764, 387395.753391 6674299.751632, 387398.048989 6674298.611175)

LINESTRING (387392.366708 6674288.154524, 387383.803242 6674292.452160)

LINESTRING (387392.366708 6674288.154524, 387396.472771 6674295.717626, 387398.048989 6674298.611175)

LINESTRING (387392.366708 6674288.154524, 387390.702183 6674285.096532, 387373.037031 6674252.575527, 387368.136860 6674243.554720, 387360.789503 6674230.029002, 387357.248086 6674223.507248, 387355.048154 6674219.462778, 387354.171712 6674217.851569, 387352.228797 6674214.044361, 387350.811578 6674211.090215, 387349.906445 6674209.268151)

LINESTRING (386506.390677 6674509.139173, 386514.950580 6674517.298759)

LINESTRING (386506.390677 6674509.139173, 386524.721074 6674495.064006, 386531.869601 6674489.738325)

LINESTRING (386514.950580 6674517.298759, 386517.598415 6674523.056221)

LINESTRING (386514.950580 6674517.298759, 386506.390677 6674509.139173)

LINESTRING (386531.869601 6674489.738325, 386525.721526 6674481.693371)

LINESTRING (386531.869601 6674489.738325, 386554.814323 6674472.711923, 386569.526251 6674462.549331, 386570.972943 6674461.601815, 386609.740432 6674436.039318)

LINESTRING (386531.869601 6674489.738325, 386534.405465 6674492.958391, 386536.063474 6674495.068965, 386538.639862 6674498.343499)

LINESTRING (386525.783280 6674535.049924, 386524.908602 6674533.505710)

LINESTRING (386525.721526 6674481.693371, 386531.869601 6674489.738325)

LINESTRING (386525.721526 6674481.693371, 386537.722664 6674472.695683)

LINESTRING (386537.722664 6674472.695683, 386525.721526 6674481.693371)

LINESTRING (386537.722664 6674472.695683, 386525.233929 6674458.628836)

LINESTRING (386537.722664 6674472.695683, 386545.850862 6674466.570710, 386568.233622 6674450.921415, 386575.820190 6674446.117171)

LINESTRING (386609.740432 6674436.039318, 386616.259939 6674445.688809)

LINESTRING (386609.740432 6674436.039318, 386647.977942 6674413.056832, 386682.540771 6674393.966414)

LINESTRING (386616.259939 6674445.688809, 386622.909180 6674456.482144)

LINESTRING (386616.259939 6674445.688809, 386609.740432 6674436.039318)

LINESTRING (386616.259939 6674445.688809, 386605.656863 6674452.714966, 386595.061465 6674459.629476, 386577.640148 6674471.001490, 386567.629109 6674477.251611)

LINESTRING (386632.553183 6674451.993189, 386622.909180 6674456.482144)

LINESTRING (386632.553183 6674451.993189, 386653.151186 6674441.592907)

LINESTRING (386632.553183 6674451.993189, 386638.960734 6674454.268730, 386646.887322 6674458.469756, 386652.666705 6674462.859883)

LINESTRING (386682.540771 6674393.966414, 386695.236436 6674400.750221)

LINESTRING (386682.540771 6674393.966414, 386704.422815 6674382.545997, 386717.239927 6674376.042257)

LINESTRING (386659.126442 6674429.550443, 386655.004487 6674432.809611, 386653.689827 6674435.692093, 386653.133980 6674438.528787, 386653.151186 6674441.592907)

LINESTRING (386653.151186 6674441.592907, 386632.553183 6674451.993189)

LINESTRING (386653.151186 6674441.592907, 386654.692455 6674445.490218, 386655.103824 6674449.455955)

LINESTRING (386653.151186 6674441.592907, 386653.133980 6674438.528787, 386653.689827 6674435.692093, 386655.004487 6674432.809611, 386659.126442 6674429.550443)

LINESTRING (386653.151186 6674441.592907, 386660.905462 6674437.541456, 386672.674756 6674431.794368)

LINESTRING (386685.627816 6674414.454149, 386687.789653 6674413.841153, 386690.031747 6674414.028055, 386691.620557 6674415.160151, 386694.672700 6674419.824229)

LINESTRING (386694.672700 6674419.824229, 386697.679447 6674416.031278)

LINESTRING (386694.672700 6674419.824229, 386691.620557 6674415.160151, 386690.031747 6674414.028055, 386687.789653 6674413.841153, 386685.627816 6674414.454149)

LINESTRING (386694.672700 6674419.824229, 386697.443463 6674420.418248, 386701.862876 6674418.520657)

LINESTRING (386694.672700 6674419.824229, 386691.755581 6674422.210240, 386672.674756 6674431.794368)

LINESTRING (386697.679447 6674416.031278, 386703.001723 6674410.495023)

LINESTRING (386697.679447 6674416.031278, 386694.672700 6674419.824229)

LINESTRING (386697.679447 6674416.031278, 386687.188537 6674405.000136)

LINESTRING (386672.674756 6674431.794368, 386671.179531 6674437.089580, 386670.932651 6674438.256220, 386670.040577 6674441.883415)

LINESTRING (386672.674756 6674431.794368, 386678.361042 6674433.356795, 386688.714604 6674434.217521, 386704.927734 6674434.172515, 386716.131523 6674435.252171, 386728.685993 6674437.839100, 386734.656073 6674439.069648)

LINESTRING (386672.674756 6674431.794368, 386660.905462 6674437.541456, 386653.151186 6674441.592907)

LINESTRING (386672.674756 6674431.794368, 386691.755581 6674422.210240, 386694.672700 6674419.824229)

LINESTRING (386655.103824 6674449.455955, 386661.171634 6674450.616492)

LINESTRING (386655.103824 6674449.455955, 386652.666705 6674462.859883)

LINESTRING (386655.103824 6674449.455955, 386654.692455 6674445.490218, 386653.151186 6674441.592907)

LINESTRING (386652.666705 6674462.859883, 386655.103824 6674449.455955)

LINESTRING (386652.666705 6674462.859883, 386646.887322 6674458.469756, 386638.960734 6674454.268730, 386632.553183 6674451.993189)

LINESTRING (386652.666705 6674462.859883, 386645.872920 6674497.383261, 386645.653347 6674499.072835)

LINESTRING (386670.040577 6674441.883415, 386669.063513 6674446.170750)

LINESTRING (386670.040577 6674441.883415, 386670.932651 6674438.256220, 386671.179531 6674437.089580, 386672.674756 6674431.794368)

LINESTRING (386670.040577 6674441.883415, 386675.237814 6674442.168255, 386703.403341 6674445.876520, 386732.800567 6674453.525353)

LINESTRING (386670.040577 6674441.883415, 386666.084349 6674442.251094, 386664.333462 6674442.873666, 386662.912652 6674444.299543, 386662.139378 6674446.028550, 386661.171634 6674450.616492)

LINESTRING (386734.656073 6674439.069648, 386736.611738 6674430.539549)

LINESTRING (386734.656073 6674439.069648, 386728.685993 6674437.839100, 386716.131523 6674435.252171, 386704.927734 6674434.172515, 386688.714604 6674434.217521, 386678.361042 6674433.356795, 386672.674756 6674431.794368)

LINESTRING (386734.656073 6674439.069648, 386749.151028 6674442.499273, 386783.518008 6674454.563844, 386819.325433 6674468.356106)

LINESTRING (386734.656073 6674439.069648, 386734.493019 6674440.255977, 386733.642013 6674446.467334, 386733.405075 6674448.135150, 386732.800567 6674453.525353)

LINESTRING (386819.325433 6674468.356106, 386886.809266 6674494.988336)

LINESTRING (386819.325433 6674468.356106, 386822.231041 6674461.290002)

LINESTRING (386819.325433 6674468.356106, 386783.518008 6674454.563844, 386749.151028 6674442.499273, 386734.656073 6674439.069648)

LINESTRING (386819.325433 6674468.356106, 386815.451366 6674477.480402, 386813.852320 6674481.218574)

LINESTRING (386889.404874 6674486.327112, 386898.243047 6674490.411341)

LINESTRING (386889.404874 6674486.327112, 386822.231041 6674461.290002)

LINESTRING (386889.404874 6674486.327112, 386891.457089 6674481.449410)

LINESTRING (386889.404874 6674486.327112, 386888.218096 6674489.941066, 386886.809266 6674494.988336)

LINESTRING (386696.603853 6674321.951942, 386729.407923 6674310.906836)

LINESTRING (386696.603853 6674321.951942, 386691.893425 6674314.452853)

LINESTRING (386696.603853 6674321.951942, 386718.538217 6674353.802864, 386724.714544 6674359.362105)

LINESTRING (386696.603853 6674321.951942, 386695.071215 6674322.456299, 386690.469623 6674325.284500)

LINESTRING (386729.407923 6674310.906836, 386723.616449 6674293.578565)

LINESTRING (386729.407923 6674310.906836, 386696.603853 6674321.951942)

LINESTRING (386729.407923 6674310.906836, 386750.992661 6674303.128927, 386766.864033 6674297.400120)

LINESTRING (386691.893425 6674314.452853, 386696.603853 6674321.951942)

LINESTRING (386691.893425 6674314.452853, 386685.374640 6674317.373845)

LINESTRING (386691.893425 6674314.452853, 386665.178101 6674272.842929, 386665.045438 6674270.350739)

LINESTRING (386691.893425 6674314.452853, 386706.817451 6674308.062168, 386708.838869 6674306.316828, 386709.272443 6674303.651092, 386707.895243 6674298.779137, 386723.616449 6674293.578565)

LINESTRING (386724.714544 6674359.362105, 386724.845568 6674361.085398)

LINESTRING (386724.714544 6674359.362105, 386718.538217 6674353.802864, 386696.603853 6674321.951942)

LINESTRING (386724.714544 6674359.362105, 386731.805618 6674354.852141, 386732.741914 6674354.444263)

LINESTRING (386685.374640 6674317.373845, 386690.469623 6674325.284500)

LINESTRING (386685.374640 6674317.373845, 386672.164241 6674296.842929)

LINESTRING (386685.374640 6674317.373845, 386691.893425 6674314.452853)

LINESTRING (386684.756313 6674329.127814, 386665.890212 6674301.037958)

LINESTRING (386684.756313 6674329.127814, 386684.478650 6674334.140150)

LINESTRING (386684.756313 6674329.127814, 386687.420464 6674327.351418, 386690.469623 6674325.284500)

LINESTRING (386665.890212 6674301.037958, 386672.164241 6674296.842929)

LINESTRING (386665.890212 6674301.037958, 386658.522681 6674289.453259)

LINESTRING (386665.890212 6674301.037958, 386684.756313 6674329.127814)

LINESTRING (386665.890212 6674301.037958, 386665.066945 6674309.755916, 386665.337266 6674313.826318, 386666.115048 6674325.503630, 386666.580365 6674332.287176)

LINESTRING (386684.478650 6674334.140150, 386687.541950 6674338.803879)

LINESTRING (386684.478650 6674334.140150, 386684.756313 6674329.127814)

LINESTRING (386684.478650 6674334.140150, 386674.348644 6674339.791851, 386661.842772 6674347.567683)

LINESTRING (386690.820680 6674343.973573, 386645.804267 6674372.615019)

LINESTRING (386690.820680 6674343.973573, 386687.541950 6674338.803879)

LINESTRING (386690.820680 6674343.973573, 386695.302708 6674345.350430, 386696.893061 6674347.786350, 386704.511296 6674361.023841, 386705.602476 6674364.723365, 386706.486449 6674370.513266)

LINESTRING (386645.804267 6674372.615019, 386690.820680 6674343.973573)

LINESTRING (386645.804267 6674372.615019, 386641.928389 6674375.041907)

LINESTRING (386645.804267 6674372.615019, 386648.317101 6674376.705123)

LINESTRING (386645.804267 6674372.615019, 386642.238989 6674367.153345)

LINESTRING (386706.486449 6674370.513266, 386656.003573 6674397.696760)

LINESTRING (386706.486449 6674370.513266, 386705.602476 6674364.723365, 386704.511296 6674361.023841, 386696.893061 6674347.786350, 386695.302708 6674345.350430, 386690.820680 6674343.973573)

LINESTRING (386706.486449 6674370.513266, 386708.176110 6674369.524853, 386712.299037 6674367.368995)

LINESTRING (386642.238989 6674367.153345, 386645.804267 6674372.615019)

LINESTRING (386642.238989 6674367.153345, 386638.651762 6674369.404134, 386586.337120 6674401.571079, 386576.469571 6674408.518804, 386555.750732 6674423.793279, 386548.356361 6674429.249113)

LINESTRING (386642.238989 6674367.153345, 386653.502116 6674360.106867, 386665.374829 6674352.673791, 386685.081240 6674340.339949, 386687.541950 6674338.803879)

LINESTRING (386642.238989 6674367.153345, 386640.072385 6674362.417302, 386639.636618 6674361.606129)

LINESTRING (386720.304420 6674363.176176, 386724.845568 6674361.085398)

LINESTRING (386720.304420 6674363.176176, 386725.415716 6674372.156212)

LINESTRING (386720.304420 6674363.176176, 386716.907796 6674364.952932, 386714.789152 6674366.066060, 386712.299037 6674367.368995)

LINESTRING (386851.700325 6674000.949605, 386873.760351 6674042.782741)

LINESTRING (386851.700325 6674000.949605, 386850.369158 6674001.692834)

LINESTRING (386851.700325 6674000.949605, 386852.874488 6674000.333815)

LINESTRING (386850.369158 6674001.692834, 386842.741907 6674005.940503)

LINESTRING (386850.369158 6674001.692834, 386851.700325 6674000.949605)

LINESTRING (386850.369158 6674001.692834, 386872.928613 6674043.165059, 386873.760351 6674042.782741)

LINESTRING (386852.874488 6674000.333815, 386851.700325 6674000.949605)

LINESTRING (386852.874488 6674000.333815, 386874.584135 6674042.322660, 386873.760351 6674042.782741)

LINESTRING (386852.874488 6674000.333815, 386869.382950 6673991.108847, 386872.279927 6673989.492566)

LINESTRING (386832.000770 6673873.378463, 386824.430254 6673873.545643)

LINESTRING (386832.000770 6673873.378463, 386831.941364 6673878.996955, 386831.924354 6673880.780546)

LINESTRING (386832.000770 6673873.378463, 386832.059526 6673867.559397, 386832.078985 6673865.675433)

LINESTRING (386832.000770 6673873.378463, 386834.762314 6673873.482544, 386861.884635 6673875.987444)

LINESTRING (386824.430254 6673873.545643, 386816.460180 6673873.714049)

LINESTRING (386824.430254 6673873.545643, 386832.000770 6673873.378463)

LINESTRING (386824.430254 6673873.545643, 386823.959560 6673864.065372)

LINESTRING (386831.924354 6673880.780546, 386829.483948 6673881.190316)

LINESTRING (386831.924354 6673880.780546, 386846.017455 6673881.916220)

LINESTRING (386831.924354 6673880.780546, 386831.941364 6673878.996955, 386832.000770 6673873.378463)

LINESTRING (386832.078985 6673865.675433, 386838.494315 6673866.379790)

LINESTRING (386832.078985 6673865.675433, 386831.576174 6673863.952488)

LINESTRING (386832.078985 6673865.675433, 386832.059526 6673867.559397, 386832.000770 6673873.378463)

LINESTRING (386861.884635 6673875.987444, 386865.302124 6673876.305302)

LINESTRING (386861.884635 6673875.987444, 386862.542879 6673868.912851)

LINESTRING (386861.884635 6673875.987444, 386834.762314 6673873.482544, 386832.000770 6673873.378463)

LINESTRING (387153.956003 6673836.225685, 387161.058292 6673841.032754, 387163.595973 6673839.996139, 387166.551206 6673837.921398)

LINESTRING (387153.956003 6673836.225685, 387132.275241 6673795.460244, 387131.473783 6673793.947066)

LINESTRING (387153.956003 6673836.225685, 387159.019825 6673846.021288, 387169.234736 6673865.565244, 387168.939246 6673870.923527, 387171.544347 6673876.036391, 387178.214556 6673883.754276, 387202.666428 6673927.309745, 387210.710503 6673942.697075, 387213.565803 6673947.467933)

LINESTRING (387166.551206 6673837.921398, 387184.902215 6673872.950118)

LINESTRING (387166.551206 6673837.921398, 387163.595973 6673839.996139, 387161.058292 6673841.032754, 387153.956003 6673836.225685)

LINESTRING (387166.551206 6673837.921398, 387144.360956 6673795.566842, 387142.839794 6673792.671690, 387141.790013 6673790.664679, 387145.012691 6673788.982865, 387144.139261 6673787.115291)

LINESTRING (387131.473783 6673793.947066, 387128.801852 6673788.290226)

LINESTRING (387131.473783 6673793.947066, 387132.275241 6673795.460244, 387153.956003 6673836.225685)

LINESTRING (387131.473783 6673793.947066, 387134.536342 6673792.292467, 387144.139261 6673787.115291)

LINESTRING (386772.157701 6673776.190772, 386774.302251 6673779.133367)

LINESTRING (386772.157701 6673776.190772, 386773.010673 6673775.596038, 386775.183484 6673774.068950, 386779.573127 6673771.002272, 386780.681768 6673772.572744)

LINESTRING (386772.157701 6673776.190772, 386771.561104 6673775.384557, 386770.395978 6673773.782402, 386769.880107 6673773.073987, 386767.898955 6673774.517141, 386768.414482 6673775.214422, 386770.402439 6673777.938975, 386771.312573 6673779.192403)

LINESTRING (386774.302251 6673779.133367, 386772.157701 6673776.190772)

LINESTRING (386774.302251 6673779.133367, 386775.100808 6673778.573748, 386777.273618 6673777.046661, 386781.663259 6673773.979986, 386780.681768 6673772.572744)

LINESTRING (386774.302251 6673779.133367, 386774.905081 6673779.961678, 386776.162707 6673781.683559, 386776.788748 6673782.544586, 386774.807254 6673783.976603, 386774.181557 6673783.126710, 386772.222363 6673780.434698, 386771.312573 6673779.192403)

LINESTRING (386780.681768 6673772.572744, 386781.442202 6673772.036594, 386788.449018 6673767.094777, 386789.817735 6673766.127485)

LINESTRING (386780.681768 6673772.572744, 386779.573127 6673771.002272, 386775.183484 6673774.068950, 386773.010673 6673775.596038, 386772.157701 6673776.190772)

LINESTRING (386780.681768 6673772.572744, 386781.663259 6673773.979986, 386777.273618 6673777.046661, 386775.100808 6673778.573748, 386774.302251 6673779.133367)

LINESTRING (386771.312573 6673779.192403, 386766.869222 6673782.316474)

LINESTRING (386771.312573 6673779.192403, 386772.222363 6673780.434698, 386774.181557 6673783.126710, 386774.807254 6673783.976603, 386776.788748 6673782.544586, 386776.162707 6673781.683559, 386774.905081 6673779.961678, 386774.302251 6673779.133367)

LINESTRING (386771.312573 6673779.192403, 386770.402439 6673777.938975, 386768.414482 6673775.214422, 386767.898955 6673774.517141, 386769.880107 6673773.073987, 386770.395978 6673773.782402, 386771.561104 6673775.384557, 386772.157701 6673776.190772)

LINESTRING (386815.193746 6673903.118067, 386825.691252 6673901.946551)

LINESTRING (386815.193746 6673903.118067, 386813.523942 6673899.012924, 386808.546468 6673889.705437)

LINESTRING (386815.193746 6673903.118067, 386817.405172 6673908.944952, 386818.094399 6673910.773573)

LINESTRING (386815.193746 6673903.118067, 386814.076489 6673903.241765, 386793.621091 6673903.651410)

LINESTRING (386825.691252 6673901.946551, 386815.193746 6673903.118067)

LINESTRING (386825.691252 6673901.946551, 386819.043116 6673886.171368)

LINESTRING (386825.691252 6673901.946551, 386828.134689 6673906.841304, 386829.090702 6673908.862274)

LINESTRING (386808.546468 6673889.705437, 386740.636058 6673883.380925, 386731.871690 6673881.913608, 386726.878608 6673880.897968, 386720.898210 6673878.107532, 386718.546535 6673876.542111)

LINESTRING (386808.546468 6673889.705437, 386808.113825 6673888.816137, 386806.477474 6673885.434334)

LINESTRING (386808.546468 6673889.705437, 386813.523942 6673899.012924, 386815.193746 6673903.118067)

LINESTRING (386818.094399 6673910.773573, 386750.365994 6673904.398693, 386742.370837 6673903.754514)

LINESTRING (386818.094399 6673910.773573, 386822.942330 6673911.225470, 386824.503599 6673915.590287)

LINESTRING (386818.094399 6673910.773573, 386817.405172 6673908.944952, 386815.193746 6673903.118067)

LINESTRING (386793.621091 6673903.651410, 386814.076489 6673903.241765, 386815.193746 6673903.118067)

LINESTRING (386523.014378 6673821.717400, 386522.630712 6673824.738226)

LINESTRING (386523.014378 6673821.717400, 386527.030491 6673824.334383)

LINESTRING (386523.014378 6673821.717400, 386520.133781 6673819.923326, 386519.007599 6673819.222719)

LINESTRING (386527.030491 6673824.334383, 386526.401936 6673839.866585)

LINESTRING (386527.030491 6673824.334383, 386523.014378 6673821.717400)

LINESTRING (386527.030491 6673824.334383, 386527.657966 6673825.239901, 386529.853262 6673828.381382, 386531.057887 6673833.403508)

LINESTRING (386526.401936 6673839.866585, 386527.030491 6673824.334383)

LINESTRING (386526.401936 6673839.866585, 386527.381325 6673839.412748, 386527.813835 6673839.221034, 386529.212299 6673837.962969, 386530.551314 6673835.503174, 386531.057887 6673833.403508)

LINESTRING (386526.401936 6673839.866585, 386526.334688 6673845.396191, 386522.419603 6673846.932863)

LINESTRING (386531.057887 6673833.403508, 386532.989795 6673833.956558, 386536.127736 6673834.026460, 386536.980101 6673835.025307)

LINESTRING (386531.057887 6673833.403508, 386529.853262 6673828.381382, 386527.657966 6673825.239901, 386527.030491 6673824.334383)

LINESTRING (386531.057887 6673833.403508, 386530.551314 6673835.503174, 386529.212299 6673837.962969, 386527.813835 6673839.221034, 386527.381325 6673839.412748, 386526.401936 6673839.866585)

LINESTRING (386536.980101 6673835.025307, 386536.127736 6673834.026460, 386532.989795 6673833.956558, 386531.057887 6673833.403508)

LINESTRING (386522.419603 6673846.932863, 386523.540440 6673848.714623)

LINESTRING (386522.419603 6673846.932863, 386516.669205 6673848.704742)

LINESTRING (386522.419603 6673846.932863, 386526.334688 6673845.396191, 386526.401936 6673839.866585)

LINESTRING (386523.540440 6673848.714623, 386519.700688 6673851.965170)

LINESTRING (386523.540440 6673848.714623, 386527.171112 6673854.475071, 386549.776768 6673879.740395)

LINESTRING (386519.700688 6673851.965170, 386516.669205 6673848.704742)

LINESTRING (386519.700688 6673851.965170, 386546.696026 6673882.410182)

LINESTRING (386519.700688 6673851.965170, 386523.540440 6673848.714623)

LINESTRING (386519.700688 6673851.965170, 386518.713493 6673856.642902, 386518.548158 6673862.409577)

LINESTRING (386550.682691 6673886.944900, 386546.783349 6673890.241843)

LINESTRING (386550.682691 6673886.944900, 386548.605512 6673884.568697)

LINESTRING (386550.682691 6673886.944900, 386577.320671 6673919.306850)

LINESTRING (386546.783349 6673890.241843, 386542.972477 6673892.811676)

LINESTRING (386546.783349 6673890.241843, 386544.658497 6673894.564780, 386544.046934 6673922.823122)

LINESTRING (386548.605512 6673884.568697, 386546.696026 6673882.410182)

LINESTRING (386548.605512 6673884.568697, 386550.682691 6673886.944900)

LINESTRING (386548.605512 6673884.568697, 386543.053334 6673889.332181, 386542.972477 6673892.811676)

LINESTRING (386577.320671 6673919.306850, 386577.200275 6673925.272722)

LINESTRING (386577.320671 6673919.306850, 386550.682691 6673886.944900)

LINESTRING (386577.320671 6673919.306850, 386581.791439 6673923.347400, 386587.410820 6673925.948201)

LINESTRING (386587.410820 6673925.948201, 386577.200275 6673925.272722)

LINESTRING (386587.410820 6673925.948201, 386600.940757 6673927.000079)

LINESTRING (386587.410820 6673925.948201, 386581.791439 6673923.347400, 386577.320671 6673919.306850)

LINESTRING (386577.200275 6673925.272722, 386577.320671 6673919.306850)

LINESTRING (386577.200275 6673925.272722, 386571.608976 6673925.011346)

LINESTRING (386577.200275 6673925.272722, 386587.410820 6673925.948201)

LINESTRING (386600.940757 6673927.000079, 386587.410820 6673925.948201)

LINESTRING (386600.940757 6673927.000079, 386620.985793 6673928.574583)

LINESTRING (386600.940757 6673927.000079, 386600.372196 6673933.369878)

LINESTRING (386678.165415 6673931.952642, 386682.907725 6673944.231595, 386684.917787 6673953.407896, 386687.083148 6673962.222776)

LINESTRING (386678.165415 6673931.952642, 386672.573265 6673939.012865, 386663.907736 6673946.112530, 386655.833265 6673952.046065)

LINESTRING (386678.165415 6673931.952642, 386672.236117 6673932.604255, 386668.115471 6673932.698395, 386647.481786 6673930.751816)

LINESTRING (386678.165415 6673931.952642, 386682.942691 6673930.121984, 386688.593815 6673926.938127)

LINESTRING (386687.083148 6673962.222776, 386682.465821 6673963.123512, 386677.058447 6673963.781251, 386673.200871 6673963.766945, 386669.469154 6673963.336411, 386666.269424 6673962.521652, 386664.056045 6673960.940841, 386659.940264 6673956.889205, 386655.833265 6673952.046065)

LINESTRING (386687.083148 6673962.222776, 386693.007851 6673959.810547, 386700.040337 6673955.893010, 386706.979707 6673951.476880)

LINESTRING (386687.083148 6673962.222776, 386684.917787 6673953.407896, 386682.907725 6673944.231595, 386678.165415 6673931.952642)

LINESTRING (386655.833265 6673952.046065, 386653.298579 6673948.692140, 386650.505622 6673943.808317, 386649.190525 6673939.513952, 386648.164117 6673935.043485, 386647.481786 6673930.751816)

LINESTRING (386655.833265 6673952.046065, 386659.940264 6673956.889205, 386664.056045 6673960.940841, 386666.269424 6673962.521652, 386669.469154 6673963.336411, 386673.200871 6673963.766945, 386677.058447 6673963.781251, 386682.465821 6673963.123512, 386687.083148 6673962.222776)

LINESTRING (386655.833265 6673952.046065, 386663.907736 6673946.112530, 386672.573265 6673939.012865, 386678.165415 6673931.952642)

LINESTRING (386655.833265 6673952.046065, 386651.943473 6673956.189557, 386644.994220 6673966.557093, 386644.865266 6673969.023951)

LINESTRING (386647.481786 6673930.751816, 386620.985793 6673928.574583)

LINESTRING (386647.481786 6673930.751816, 386648.164117 6673935.043485, 386649.190525 6673939.513952, 386650.505622 6673943.808317, 386653.298579 6673948.692140, 386655.833265 6673952.046065)

LINESTRING (386647.481786 6673930.751816, 386668.115471 6673932.698395, 386672.236117 6673932.604255, 386678.165415 6673931.952642)

LINESTRING (386688.593815 6673926.938127, 386706.979707 6673951.476880)

LINESTRING (386688.593815 6673926.938127, 386692.367435 6673923.700951)

LINESTRING (386688.593815 6673926.938127, 386682.942691 6673930.121984, 386678.165415 6673931.952642)

LINESTRING (386692.367435 6673923.700951, 386688.593815 6673926.938127)

LINESTRING (386692.367435 6673923.700951, 386689.514718 6673919.933367)

LINESTRING (386692.367435 6673923.700951, 386715.457294 6673955.159552)

LINESTRING (386692.367435 6673923.700951, 386694.930090 6673921.504237, 386695.757390 6673920.798835)

LINESTRING (386689.514718 6673919.933367, 386692.367435 6673923.700951)

LINESTRING (386689.514718 6673919.933367, 386694.078152 6673916.393141, 386710.922078 6673903.301192, 386717.429173 6673900.336063)

LINESTRING (386715.457294 6673955.159552, 386719.349000 6673952.331083)

LINESTRING (386715.457294 6673955.159552, 386692.367435 6673923.700951)

LINESTRING (386715.457294 6673955.159552, 386718.116621 6673958.777120)

LINESTRING (386695.757390 6673920.798835, 386707.847096 6673912.077668)

LINESTRING (386695.757390 6673920.798835, 386709.651872 6673939.369616, 386710.850245 6673940.970722)

LINESTRING (386695.757390 6673920.798835, 386694.930090 6673921.504237, 386692.367435 6673923.700951)

LINESTRING (386739.361464 6673979.048485, 386731.503419 6673968.481780)

LINESTRING (386739.361464 6673979.048485, 386743.433747 6673979.724868)

LINESTRING (386739.361464 6673979.048485, 386735.569886 6673982.063286)

LINESTRING (386731.503419 6673968.481780, 386739.361464 6673979.048485)

LINESTRING (386731.503419 6673968.481780, 386723.679975 6673957.958597)

LINESTRING (386731.503419 6673968.481780, 386734.139832 6673966.516838)

LINESTRING (386743.433747 6673979.724868, 386739.361464 6673979.048485)

LINESTRING (386743.433747 6673979.724868, 386745.035471 6673986.829869)

LINESTRING (386743.433747 6673979.724868, 386752.521830 6673974.083351, 386795.019051 6673979.722815, 386799.514075 6673985.635087)

LINESTRING (386735.569886 6673982.063286, 386739.361464 6673979.048485)

LINESTRING (386735.569886 6673982.063286, 386731.679235 6673984.925138)

LINESTRING (386735.569886 6673982.063286, 386719.637850 6673960.947735)

LINESTRING (386735.569886 6673982.063286, 386741.446008 6673989.381500)

LINESTRING (386707.847096 6673912.077668, 386695.757390 6673920.798835)

LINESTRING (386707.847096 6673912.077668, 386708.467588 6673912.938854)

LINESTRING (386707.847096 6673912.077668, 386714.459150 6673907.303929, 386718.467938 6673905.029047)

LINESTRING (386710.850245 6673940.970722, 386713.195021 6673944.107678)

LINESTRING (386710.850245 6673940.970722, 386715.925870 6673937.303229)

LINESTRING (386710.850245 6673940.970722, 386709.651872 6673939.369616, 386695.757390 6673920.798835)

LINESTRING (386722.012147 6673955.892815, 386723.679975 6673957.958597)

LINESTRING (386722.012147 6673955.892815, 386719.349000 6673952.331083)

LINESTRING (386722.012147 6673955.892815, 386748.875355 6673936.762899, 386770.590117 6673938.676605)

LINESTRING (386723.679975 6673957.958597, 386731.503419 6673968.481780)

LINESTRING (386723.679975 6673957.958597, 386722.012147 6673955.892815)

LINESTRING (386723.679975 6673957.958597, 386726.389504 6673956.024820)

LINESTRING (386723.679975 6673957.958597, 386719.637850 6673960.947735)

LINESTRING (386719.349000 6673952.331083, 386722.012147 6673955.892815)

LINESTRING (386719.349000 6673952.331083, 386721.949018 6673950.445268)

LINESTRING (386719.349000 6673952.331083, 386715.457294 6673955.159552)

LINESTRING (386719.349000 6673952.331083, 386715.424078 6673947.092198, 386713.195021 6673944.107678)

LINESTRING (386770.590117 6673938.676605, 386770.200173 6673940.962077)

LINESTRING (386770.590117 6673938.676605, 386777.774653 6673939.312483)

LINESTRING (387200.431608 6674569.313293, 387223.095598 6674583.258204)

LINESTRING (387200.431608 6674569.313293, 387189.871692 6674562.818575)

LINESTRING (387200.431608 6674569.313293, 387199.894533 6674572.951688, 387198.439829 6674583.003949)

LINESTRING (387193.946507 6674557.120912, 387190.944481 6674549.557430)

LINESTRING (387193.946507 6674557.120912, 387191.802687 6674560.117896, 387189.871692 6674562.818575)

LINESTRING (387193.946507 6674557.120912, 387178.323860 6674547.138147, 387163.584575 6674537.373382, 387152.776614 6674530.217764)

LINESTRING (387193.946507 6674557.120912, 387218.379998 6674575.725219, 387225.861772 6674578.849044, 387234.179694 6674581.557077, 387238.724806 6674582.297419, 387243.789065 6674582.598296)

LINESTRING (387186.823272 6674566.890995, 387187.899836 6674565.453650, 387189.871692 6674562.818575)

LINESTRING (387186.823272 6674566.890995, 387181.278705 6674569.190440, 387177.484308 6674571.023606, 387174.876429 6674573.366260, 387172.202459 6674576.624772, 387168.885645 6674579.189881, 387161.223549 6674582.457316, 387159.225190 6674584.591739)

LINESTRING (387159.225190 6674584.591739, 387156.732959 6674587.265165)

LINESTRING (387159.225190 6674584.591739, 387161.223549 6674582.457316, 387168.885645 6674579.189881, 387172.202459 6674576.624772, 387174.876429 6674573.366260, 387177.484308 6674571.023606, 387181.278705 6674569.190440, 387186.823272 6674566.890995)

LINESTRING (387276.136379 6674545.049127, 387279.753632 6674561.063250)

LINESTRING (387276.136379 6674545.049127, 387271.188329 6674525.643610)

LINESTRING (387276.136379 6674545.049127, 387319.175101 6674534.106400)

LINESTRING (387265.700254 6674502.398868, 387271.188329 6674525.643610)

LINESTRING (387265.700254 6674502.398868, 387263.827313 6674494.377077)

LINESTRING (387265.700254 6674502.398868, 387268.932454 6674501.586085, 387277.491232 6674499.138222, 387285.691738 6674496.768277)

LINESTRING (387292.024612 6674520.421648, 387309.089589 6674516.162880)

LINESTRING (387292.024612 6674520.421648, 387271.188329 6674525.643610)

LINESTRING (387292.024612 6674520.421648, 387290.308554 6674513.888325, 387286.270793 6674498.633799, 387285.691738 6674496.768277)

LINESTRING (387319.175101 6674534.106400, 387276.136379 6674545.049127)

LINESTRING (387319.175101 6674534.106400, 387308.841696 6674492.433557)

LINESTRING (387319.175101 6674534.106400, 387320.596247 6674536.469773)

LINESTRING (387308.841696 6674492.433557, 387306.456609 6674482.733612)

LINESTRING (387308.841696 6674492.433557, 387319.175101 6674534.106400)

LINESTRING (387308.841696 6674492.433557, 387307.144225 6674493.711677, 387306.312895 6674494.105030, 387304.628403 6674494.903554, 387302.457956 6674495.237846, 387300.107199 6674494.942478, 387297.561791 6674493.371532)

LINESTRING (386545.950407 6673651.325053, 386536.868564 6673640.172570)

LINESTRING (386545.950407 6673651.325053, 386547.473629 6673653.194649)

LINESTRING (386545.950407 6673651.325053, 386533.084922 6673659.925900, 386529.368834 6673661.980166)

LINESTRING (386625.265780 6673731.123128, 386641.342004 6673758.998375)

LINESTRING (386625.265780 6673731.123128, 386627.941721 6673723.261619)

LINESTRING (386625.265780 6673731.123128, 386611.365454 6673707.025290, 386611.345467 6673704.050413)

LINESTRING (386652.085912 6674243.593660, 386660.659784 6674243.773926)

LINESTRING (386652.085912 6674243.593660, 386645.217496 6674243.650346)

LINESTRING (386652.085912 6674243.593660, 386649.555452 6674167.256336)

LINESTRING (386637.489373 6674243.900835, 386645.217496 6674243.650346)

LINESTRING (386637.489373 6674243.900835, 386621.062886 6674244.610221)

LINESTRING (386637.489373 6674243.900835, 386637.280196 6674250.047761)

LINESTRING (386637.489373 6674243.900835, 386635.323465 6674151.749759)

LINESTRING (386642.572505 6674167.561740, 386642.236808 6674151.346200)

LINESTRING (386642.572505 6674167.561740, 386649.555452 6674167.256336)

LINESTRING (386642.572505 6674167.561740, 386645.166602 6674241.111048, 386645.217496 6674243.650346)

LINESTRING (386819.152696 6674238.813868, 386825.255789 6674238.235108)

LINESTRING (386819.152696 6674238.813868, 386811.532279 6674239.316974)

LINESTRING (386819.152696 6674238.813868, 386817.259300 6674234.113857)

LINESTRING (386804.178973 6674222.438077, 386771.263932 6674147.764939)

LINESTRING (386804.178973 6674222.438077, 386811.023435 6674219.273209)

LINESTRING (386804.178973 6674222.438077, 386810.129261 6674235.939102, 386811.532279 6674239.316974)

LINESTRING (386942.368550 6674236.744364, 386988.499817 6674234.561940)

LINESTRING (386942.368550 6674236.744364, 386942.341296 6674242.150119)

LINESTRING (386942.368550 6674236.744364, 386939.228870 6674236.785623)

LINESTRING (386942.341296 6674242.150119, 386945.689240 6674242.024420)

LINESTRING (386942.341296 6674242.150119, 386942.368550 6674236.744364)

LINESTRING (386942.341296 6674242.150119, 386942.394140 6674245.837200, 386942.472038 6674249.077742)

LINESTRING (386939.228870 6674236.785623, 386942.136755 6674227.802770)

LINESTRING (386939.228870 6674236.785623, 386942.368550 6674236.744364)

LINESTRING (386939.228870 6674236.785623, 386931.227357 6674236.988215)

LINESTRING (386655.205460 6674270.499422, 386650.803864 6674263.659467)

LINESTRING (386655.205460 6674270.499422, 386648.206506 6674270.281542, 386646.645178 6674270.218453)

LINESTRING (386655.205460 6674270.499422, 386662.601545 6674270.459846, 386665.045438 6674270.350739)

LINESTRING (386655.205460 6674270.499422, 386656.493788 6674272.498913, 386672.164241 6674296.842929)

LINESTRING (386646.645178 6674270.218453, 386637.713018 6674270.472799)

LINESTRING (386646.645178 6674270.218453, 386658.522681 6674289.453259)

LINESTRING (386646.645178 6674270.218453, 386648.206506 6674270.281542, 386655.205460 6674270.499422)

LINESTRING (386665.045438 6674270.350739, 386662.601545 6674270.459846, 386655.205460 6674270.499422)

LINESTRING (386665.045438 6674270.350739, 386665.455059 6674267.808325, 386664.853558 6674263.257834)

LINESTRING (386665.045438 6674270.350739, 386685.683626 6674269.098819, 386718.901197 6674267.992588)

LINESTRING (386665.045438 6674270.350739, 386665.178101 6674272.842929, 386691.893425 6674314.452853)

LINESTRING (386672.164241 6674296.842929, 386685.374640 6674317.373845)

LINESTRING (386672.164241 6674296.842929, 386665.890212 6674301.037958)

LINESTRING (386672.164241 6674296.842929, 386656.493788 6674272.498913, 386655.205460 6674270.499422)

LINESTRING (386763.329373 6674148.344720, 386755.452390 6674148.632989)

LINESTRING (386763.329373 6674148.344720, 386780.108261 6674186.105907, 386800.372581 6674231.426553, 386801.790884 6674239.963699)

LINESTRING (386763.329373 6674148.344720, 386764.671078 6674148.303213, 386771.263932 6674147.764939)

LINESTRING (386780.474460 6674146.633076, 386788.683931 6674145.431900)

LINESTRING (386780.474460 6674146.633076, 386787.087387 6674162.353551)

LINESTRING (386780.474460 6674146.633076, 386778.918932 6674141.376566, 386778.267909 6674139.167870)

LINESTRING (386780.474460 6674146.633076, 386776.538327 6674147.122586, 386771.263932 6674147.764939)

LINESTRING (386642.236808 6674151.346200, 386642.572505 6674167.561740)

LINESTRING (386642.236808 6674151.346200, 386642.126154 6674143.114073)

LINESTRING (386642.236808 6674151.346200, 386636.966627 6674151.765734, 386635.323465 6674151.749759)

LINESTRING (386642.236808 6674151.346200, 386647.637927 6674151.212368, 386649.506334 6674151.154508)

LINESTRING (386642.126154 6674143.114073, 386642.236808 6674151.346200)

LINESTRING (386642.126154 6674143.114073, 386655.720992 6674142.704222)

LINESTRING (386642.126154 6674143.114073, 386632.731441 6674143.315878)

LINESTRING (386635.323465 6674151.749759, 386637.489373 6674243.900835)

LINESTRING (386635.323465 6674151.749759, 386632.677459 6674151.965440)

LINESTRING (386635.323465 6674151.749759, 386636.966627 6674151.765734, 386642.236808 6674151.346200)

LINESTRING (386649.506334 6674151.154508, 386649.555452 6674167.256336)

LINESTRING (386649.506334 6674151.154508, 386664.684035 6674150.606519)

LINESTRING (386649.506334 6674151.154508, 386647.637927 6674151.212368, 386642.236808 6674151.346200)

LINESTRING (386771.840654 6674132.501874, 386777.094891 6674132.283624)

LINESTRING (386771.840654 6674132.501874, 386760.373883 6674052.629716, 386760.936739 6674048.399807)

LINESTRING (386771.840654 6674132.501874, 386769.645815 6674132.592057, 386764.807053 6674132.786321)

LINESTRING (386758.095020 6674133.060832, 386747.743332 6674061.077711)

LINESTRING (386758.095020 6674133.060832, 386754.924737 6674133.192346)

LINESTRING (386758.095020 6674133.060832, 386759.447476 6674133.007847, 386764.807053 6674132.786321)

LINESTRING (386898.468895 6674114.489641, 386893.434564 6674115.180119)

LINESTRING (386898.468895 6674114.489641, 386899.353425 6674121.204523)

LINESTRING (386898.468895 6674114.489641, 386897.756524 6674109.574792, 386891.758812 6674093.456222)

LINESTRING (386898.468895 6674114.489641, 386907.635220 6674113.181162, 386909.739154 6674115.177827)

LINESTRING (386891.758812 6674093.456222, 386887.159960 6674080.403652)

LINESTRING (386891.758812 6674093.456222, 386905.036427 6674071.638045)

LINESTRING (386891.758812 6674093.456222, 386897.756524 6674109.574792, 386898.468895 6674114.489641)

LINESTRING (386909.739154 6674115.177827, 386913.879108 6674119.128681)

LINESTRING (386909.739154 6674115.177827, 386904.892137 6674122.649291)

LINESTRING (386909.739154 6674115.177827, 386907.635220 6674113.181162, 386898.468895 6674114.489641)

LINESTRING (386913.879108 6674119.128681, 386931.498320 6674095.571715)

LINESTRING (386913.879108 6674119.128681, 386909.739154 6674115.177827)

LINESTRING (386913.879108 6674119.128681, 386908.165666 6674125.679656)

LINESTRING (386913.879108 6674119.128681, 386918.850833 6674123.956521, 386923.349770 6674127.851719, 386926.264703 6674130.592286)

LINESTRING (386904.892137 6674122.649291, 386908.165666 6674125.679656)

LINESTRING (386904.892137 6674122.649291, 386909.739154 6674115.177827)

LINESTRING (386904.892137 6674122.649291, 386900.149611 6674129.370875)

LINESTRING (386904.892137 6674122.649291, 386902.909794 6674120.816034, 386899.353425 6674121.204523)

LINESTRING (386655.672911 6674135.595721, 386655.720992 6674142.704222)

LINESTRING (386655.672911 6674135.595721, 386655.613354 6674133.134700, 386654.650782 6674080.363362, 386654.406127 6674073.896167)

LINESTRING (386655.672911 6674135.595721, 386661.276404 6674135.544797, 386664.061345 6674135.514286)

LINESTRING (386655.672911 6674135.595721, 386649.926964 6674135.885093, 386649.173979 6674135.941843)

LINESTRING (386655.720992 6674142.704222, 386655.672911 6674135.595721)

LINESTRING (386655.720992 6674142.704222, 386664.404663 6674142.479915)

LINESTRING (386655.720992 6674142.704222, 386642.126154 6674143.114073)

LINESTRING (386759.112081 6674241.272716, 386750.862121 6674241.516821)

LINESTRING (386759.112081 6674241.272716, 386759.128449 6674246.465395)

LINESTRING (386759.112081 6674241.272716, 386773.683000 6674240.855378, 386801.790884 6674239.963699)

LINESTRING (386759.112081 6674241.272716, 386759.096975 6674238.632014, 386758.942304 6674224.305392, 386759.003178 6674219.277487, 386772.461125 6674219.295771)

LINESTRING (386706.235640 6674141.352101, 386705.977289 6674134.439562)

LINESTRING (386706.235640 6674141.352101, 386751.676274 6674140.124227, 386755.157374 6674139.994238)

LINESTRING (386706.235640 6674141.352101, 386668.685511 6674142.369657, 386664.404663 6674142.479915)

LINESTRING (386754.924737 6674133.192346, 386758.095020 6674133.060832)

LINESTRING (386754.924737 6674133.192346, 386705.977289 6674134.439562)

LINESTRING (386754.924737 6674133.192346, 386755.044328 6674136.699061, 386755.157374 6674139.994238)

LINESTRING (386755.452390 6674148.632989, 386664.684035 6674150.606519)

LINESTRING (386755.452390 6674148.632989, 386763.329373 6674148.344720)

LINESTRING (386755.452390 6674148.632989, 386755.308673 6674142.552717, 386755.157374 6674139.994238)

LINESTRING (386747.743332 6674061.077711, 386745.498244 6674045.913090)

LINESTRING (386747.743332 6674061.077711, 386758.095020 6674133.060832)

LINESTRING (386747.743332 6674061.077711, 386753.601419 6674060.283540)

LINESTRING (386747.743332 6674061.077711, 386746.015555 6674061.198033, 386731.636241 6674063.526320, 386727.260230 6674064.330384)

LINESTRING (386738.041641 6674044.728494, 386737.414916 6674047.790245)

LINESTRING (386738.041641 6674044.728494, 386745.498244 6674045.913090)

LINESTRING (386738.041641 6674044.728494, 386732.516140 6674043.896492)

LINESTRING (386774.320792 6674050.314918, 386790.018489 6674052.570855)

LINESTRING (386774.320792 6674050.314918, 386760.936739 6674048.399807)

LINESTRING (386774.320792 6674050.314918, 386774.054182 6674052.819459, 386772.783502 6674063.590598)

LINESTRING (386806.894278 6674134.738668, 386825.722361 6674131.816201)

LINESTRING (386806.894278 6674134.738668, 386778.267909 6674139.167870)

LINESTRING (386806.894278 6674134.738668, 386807.931898 6674142.630082)

LINESTRING (386777.094891 6674132.283624, 386893.434564 6674115.180119)

LINESTRING (386777.094891 6674132.283624, 386771.840654 6674132.501874)

LINESTRING (386777.094891 6674132.283624, 386777.630693 6674135.431995, 386778.267909 6674139.167870)

LINESTRING (386825.255789 6674238.235108, 386819.152696 6674238.813868)

LINESTRING (386825.255789 6674238.235108, 386827.802598 6674245.043455)

LINESTRING (386825.255789 6674238.235108, 386834.403518 6674238.130576)

LINESTRING (386817.259300 6674234.113857, 386819.152696 6674238.813868)

LINESTRING (386817.259300 6674234.113857, 386813.329723 6674224.762829)

LINESTRING (386817.259300 6674234.113857, 386818.846054 6674233.563304)

LINESTRING (386788.683931 6674145.431900, 386780.474460 6674146.633076)

LINESTRING (386788.683931 6674145.431900, 386793.622921 6674144.710792)

LINESTRING (386788.683931 6674145.431900, 386788.822706 6674148.124496)

LINESTRING (386787.087387 6674162.353551, 386790.022715 6674169.339310)

LINESTRING (386787.087387 6674162.353551, 386780.474460 6674146.633076)

LINESTRING (386787.087387 6674162.353551, 386792.276776 6674160.398837)

LINESTRING (386632.705466 6674136.384998, 386649.173979 6674135.941843)

LINESTRING (386632.705466 6674136.384998, 386525.011605 6674138.217576)

LINESTRING (386632.705466 6674136.384998, 386632.716040 6674139.772504, 386632.731441 6674143.315878)

LINESTRING (386705.977289 6674134.439562, 386754.924737 6674133.192346)

LINESTRING (386705.977289 6674134.439562, 386664.061345 6674135.514286)

LINESTRING (386705.977289 6674134.439562, 386706.235640 6674141.352101)

LINESTRING (386705.977289 6674134.439562, 386705.959270 6674132.423024, 386705.523321 6674118.517439, 386705.331447 6674113.931976)

LINESTRING (386664.404663 6674142.479915, 386655.720992 6674142.704222)

LINESTRING (386664.404663 6674142.479915, 386668.685511 6674142.369657, 386706.235640 6674141.352101)

LINESTRING (386664.404663 6674142.479915, 386664.582311 6674145.349614, 386664.684035 6674150.606519)

LINESTRING (386664.404663 6674142.479915, 386664.210209 6674138.529751, 386664.061345 6674135.514286)

LINESTRING (386664.684035 6674150.606519, 386649.506334 6674151.154508)

LINESTRING (386664.684035 6674150.606519, 386755.452390 6674148.632989)

LINESTRING (386664.684035 6674150.606519, 386664.582311 6674145.349614, 386664.404663 6674142.479915)

LINESTRING (386621.062886 6674244.610221, 386637.489373 6674243.900835)

LINESTRING (386621.062886 6674244.610221, 386611.840964 6674245.007334)

LINESTRING (386621.062886 6674244.610221, 386620.981967 6674250.597158)

LINESTRING (386621.062886 6674244.610221, 386621.005266 6674242.929233, 386619.685599 6674213.404573, 386618.895222 6674210.999623, 386616.495109 6674210.015272, 386610.742355 6674210.260344)

LINESTRING (386637.280196 6674250.047761, 386637.489373 6674243.900835)

LINESTRING (386637.280196 6674250.047761, 386645.483691 6674249.916280)

LINESTRING (386637.280196 6674250.047761, 386637.341758 6674253.110507, 386637.417086 6674256.796900)

LINESTRING (386525.011605 6674138.217576, 386632.705466 6674136.384998)

LINESTRING (386525.011605 6674138.217576, 386499.258579 6674138.659425)

LINESTRING (386525.011605 6674138.217576, 386525.201631 6674145.600290)

LINESTRING (386525.011605 6674138.217576, 386525.217673 6674136.272097, 386524.535927 6674120.546476, 386524.646949 6674116.609131)

LINESTRING (386632.731441 6674143.315878, 386642.126154 6674143.114073)

LINESTRING (386632.731441 6674143.315878, 386632.716040 6674139.772504, 386632.705466 6674136.384998)

LINESTRING (386632.731441 6674143.315878, 386632.719683 6674145.444782, 386632.677459 6674151.965440)

LINESTRING (386632.731441 6674143.315878, 386628.628009 6674143.420683, 386582.031505 6674144.061825)

LINESTRING (386632.677459 6674151.965440, 386582.081210 6674153.009073)

LINESTRING (386632.677459 6674151.965440, 386635.323465 6674151.749759)

LINESTRING (386632.677459 6674151.965440, 386632.719683 6674145.444782, 386632.731441 6674143.315878)

LINESTRING (386582.031505 6674144.061825, 386582.081210 6674153.009073)

LINESTRING (386582.031505 6674144.061825, 386555.557754 6674144.703919, 386525.201631 6674145.600290)

LINESTRING (386582.031505 6674144.061825, 386628.628009 6674143.420683, 386632.731441 6674143.315878)

LINESTRING (386649.555452 6674167.256336, 386652.085912 6674243.593660)

LINESTRING (386649.555452 6674167.256336, 386649.506334 6674151.154508)

LINESTRING (386649.555452 6674167.256336, 386642.572505 6674167.561740)

LINESTRING (386649.555452 6674167.256336, 386652.671903 6674167.717038, 386662.659783 6674167.496914)

LINESTRING (386660.659784 6674243.773926, 386660.955882 6674249.214264)

LINESTRING (386660.659784 6674243.773926, 386677.813844 6674243.621689)

LINESTRING (386660.659784 6674243.773926, 386652.085912 6674243.593660)

LINESTRING (386641.928389 6674375.041907, 386645.804267 6674372.615019)

LINESTRING (386641.928389 6674375.041907, 386648.408592 6674385.751372)

LINESTRING (386641.928389 6674375.041907, 386597.471009 6674403.076023, 386577.329813 6674417.117756, 386552.854057 6674435.250152)

LINESTRING (386648.408592 6674385.751372, 386652.378707 6674383.321571)

LINESTRING (386648.408592 6674385.751372, 386656.003573 6674397.696760)

LINESTRING (386648.408592 6674385.751372, 386641.928389 6674375.041907)

LINESTRING (386648.408592 6674385.751372, 386646.287856 6674387.154355, 386619.126428 6674404.232757, 386616.799187 6674405.775886, 386568.819852 6674437.608214, 386568.105000 6674437.998127, 386562.856062 6674440.879995, 386559.548095 6674441.394860)

LINESTRING (386552.854057 6674435.250152, 386548.356361 6674429.249113)

LINESTRING (386552.854057 6674435.250152, 386555.267127 6674439.699902)

LINESTRING (386552.854057 6674435.250152, 386577.329813 6674417.117756, 386597.471009 6674403.076023, 386641.928389 6674375.041907)

LINESTRING (386552.854057 6674435.250152, 386542.059921 6674444.165790, 386531.711066 6674453.123378)

LINESTRING (386664.853558 6674263.257834, 386650.803864 6674263.659467)

LINESTRING (386664.853558 6674263.257834, 386665.455059 6674267.808325, 386665.045438 6674270.350739)

LINESTRING (386664.853558 6674263.257834, 386664.243268 6674259.498852, 386661.616630 6674256.036334)

LINESTRING (386718.901197 6674267.992588, 386722.039822 6674267.917738)

LINESTRING (386718.901197 6674267.992588, 386720.155696 6674271.051844, 386721.390898 6674273.487623, 386723.314094 6674276.815933, 386725.640340 6674279.719435, 386728.039752 6674282.297494, 386731.329745 6674284.424515)

LINESTRING (386718.901197 6674267.992588, 386685.683626 6674269.098819, 386665.045438 6674270.350739)

LINESTRING (386637.713018 6674270.472799, 386584.180602 6674272.699541)

LINESTRING (386637.713018 6674270.472799, 386646.645178 6674270.218453)

LINESTRING (386637.713018 6674270.472799, 386637.645168 6674267.744574, 386637.548724 6674263.913960)

LINESTRING (386658.522681 6674289.453259, 386646.645178 6674270.218453)

LINESTRING (386658.522681 6674289.453259, 386665.890212 6674301.037958)

LINESTRING (386658.522681 6674289.453259, 386661.842772 6674347.567683)

LINESTRING (386546.696026 6673882.410182, 386519.700688 6673851.965170)

LINESTRING (386546.696026 6673882.410182, 386548.605512 6673884.568697)

LINESTRING (386546.696026 6673882.410182, 386549.776768 6673879.740395)

LINESTRING (386542.972477 6673892.811676, 386542.252583 6673922.767294)

LINESTRING (386542.972477 6673892.811676, 386546.783349 6673890.241843)

LINESTRING (386542.972477 6673892.811676, 386543.053334 6673889.332181, 386548.605512 6673884.568697)

LINESTRING (386542.972477 6673892.811676, 386541.711313 6673893.664290, 386536.250012 6673897.956913, 386533.034361 6673901.645015, 386531.132858 6673904.757465, 386530.171480 6673908.119379, 386529.021773 6673912.746426, 386528.296996 6673914.072763, 386526.680967 6673915.114690, 386524.497755 6673915.405250, 386523.058989 6673915.004082, 386521.819896 6673914.061804, 386521.559480 6673912.643420, 386521.316402 6673908.382727, 386521.332464 6673901.918595, 386521.253189 6673895.780600)

LINESTRING (386716.097149 6673963.999369, 386719.637850 6673960.947735)

LINESTRING (386716.097149 6673963.999369, 386714.328859 6673961.736104)

LINESTRING (386716.097149 6673963.999369, 386731.679235 6673984.925138)

LINESTRING (386716.097149 6673963.999369, 386704.777977 6673972.507216, 386701.982954 6673974.009034, 386698.176767 6673975.475287, 386693.882383 6673976.588896, 386688.415133 6673976.925292, 386683.575536 6673976.740778, 386661.931058 6673974.045325)

LINESTRING (386719.637850 6673960.947735, 386723.679975 6673957.958597)

LINESTRING (386719.637850 6673960.947735, 386716.097149 6673963.999369)

LINESTRING (386719.637850 6673960.947735, 386718.116621 6673958.777120)

LINESTRING (386719.637850 6673960.947735, 386735.569886 6673982.063286)

LINESTRING (386714.328859 6673961.736104, 386706.979707 6673951.476880)

LINESTRING (386714.328859 6673961.736104, 386716.097149 6673963.999369)

LINESTRING (386714.328859 6673961.736104, 386718.116621 6673958.777120)

LINESTRING (386731.679235 6673984.925138, 386735.569886 6673982.063286)

LINESTRING (386731.679235 6673984.925138, 386716.097149 6673963.999369)

LINESTRING (386731.679235 6673984.925138, 386731.263849 6673988.180946, 386723.133961 6673993.937740, 386720.184929 6674017.721514)

LINESTRING (386661.931058 6673974.045325, 386683.575536 6673976.740778, 386688.415133 6673976.925292, 386693.882383 6673976.588896, 386698.176767 6673975.475287, 386701.982954 6673974.009034, 386704.777977 6673972.507216, 386716.097149 6673963.999369)

LINESTRING (386661.931058 6673974.045325, 386653.646393 6673973.009118, 386644.637144 6673971.872782)

LINESTRING (386661.931058 6673974.045325, 386660.820214 6673986.026281, 386686.411078 6673989.635969)

LINESTRING (386814.461250 6674016.019926, 386812.417384 6674029.968751)

LINESTRING (386814.461250 6674016.019926, 386815.781270 6674007.019204, 386799.514075 6673985.635087)

LINESTRING (386814.461250 6674016.019926, 386816.749308 6674016.250071, 386817.484272 6674016.327643)

LINESTRING (386858.754969 6674035.991663, 386861.408555 6674018.781076)

LINESTRING (386858.754969 6674035.991663, 386867.332581 6674036.996984)

LINESTRING (386858.754969 6674035.991663, 386833.229038 6674032.668533, 386812.417384 6674029.968751)

LINESTRING (386832.991306 6673938.452013, 386850.238264 6673986.685700)

LINESTRING (386832.991306 6673938.452013, 386832.002603 6673935.373359)

LINESTRING (386832.991306 6673938.452013, 386814.653226 6673944.869661, 386777.874002 6673941.627396)

LINESTRING (386850.238264 6673986.685700, 386832.991306 6673938.452013)

LINESTRING (386850.238264 6673986.685700, 386856.946171 6673984.294106)

LINESTRING (386850.238264 6673986.685700, 386851.908567 6673991.348049, 386854.364267 6673998.437837)

LINESTRING (386850.238264 6673986.685700, 386848.305879 6673987.369504, 386836.991218 6673991.541717, 386832.674909 6673993.023599, 386823.862633 6673976.713533)

LINESTRING (386832.002603 6673935.373359, 386824.503599 6673915.590287)

LINESTRING (386832.002603 6673935.373359, 386832.991306 6673938.452013)

LINESTRING (386832.002603 6673935.373359, 386838.421897 6673933.157819)

LINESTRING (386777.874002 6673941.627396, 386777.774653 6673939.312483)

LINESTRING (386777.874002 6673941.627396, 386814.653226 6673944.869661, 386832.991306 6673938.452013)

LINESTRING (386777.874002 6673941.627396, 386775.642373 6673941.428961, 386770.200173 6673940.962077)

LINESTRING (386777.874002 6673941.627396, 386778.759369 6673943.516808, 386789.508231 6673953.347844, 386802.155458 6673955.653615, 386813.142756 6673969.968440)

LINESTRING (386726.389504 6673956.024820, 386742.495279 6673944.549469)

LINESTRING (386726.389504 6673956.024820, 386723.679975 6673957.958597)

LINESTRING (386726.389504 6673956.024820, 386729.094554 6673959.685557)

LINESTRING (386718.116621 6673958.777120, 386719.637850 6673960.947735)

LINESTRING (386718.116621 6673958.777120, 386722.012147 6673955.892815)

LINESTRING (386718.116621 6673958.777120, 386715.457294 6673955.159552)

LINESTRING (386824.503599 6673915.590287, 386832.002603 6673935.373359)

LINESTRING (386824.503599 6673915.590287, 386822.942330 6673911.225470, 386818.094399 6673910.773573)

LINESTRING (386824.503599 6673915.590287, 386826.117186 6673915.005481, 386831.276095 6673913.129790)

LINESTRING (386831.276095 6673913.129790, 386829.090702 6673908.862274)

LINESTRING (386831.276095 6673913.129790, 386826.117186 6673915.005481, 386824.503599 6673915.590287)

LINESTRING (386831.276095 6673913.129790, 386836.495655 6673911.241087, 386838.048943 6673910.680438)

LINESTRING (386831.276095 6673913.129790, 386832.138804 6673915.543690, 386836.471380 6673927.690614, 386837.960242 6673931.868224)

LINESTRING (386868.659501 6674044.556288, 386878.024354 6674045.715608)

LINESTRING (386868.659501 6674044.556288, 386867.332581 6674036.996984)

LINESTRING (386868.659501 6674044.556288, 386869.347527 6674048.502343, 386869.900232 6674051.661346, 386870.870324 6674057.192299)

LINESTRING (386861.408555 6674018.781076, 386858.754969 6674035.991663)

LINESTRING (386861.408555 6674018.781076, 386858.417824 6674010.181072, 386855.857903 6674002.771323)

LINESTRING (386861.408555 6674018.781076, 386866.840899 6674033.657789, 386867.332581 6674036.996984)

LINESTRING (387164.091970 6673992.744409, 387165.842901 6673982.571578)

LINESTRING (387164.091970 6673992.744409, 387162.901658 6673999.679310)

LINESTRING (387164.091970 6673992.744409, 387163.496600 6673992.874202)

LINESTRING (387159.501872 6674002.090944, 387157.352946 6674003.672788)

LINESTRING (387159.501872 6674002.090944, 387162.901658 6673999.679310)

LINESTRING (387159.501872 6674002.090944, 387162.810944 6674007.538710)

LINESTRING (387159.501872 6674002.090944, 387159.042291 6674001.224725)

LINESTRING (387165.842901 6673982.571578, 387170.170913 6673979.484981)

LINESTRING (387165.842901 6673982.571578, 387164.091970 6673992.744409)

LINESTRING (387165.842901 6673982.571578, 387165.602246 6673981.966069)

LINESTRING (387163.496600 6673992.874202, 387164.091970 6673992.744409)

LINESTRING (387188.182199 6673949.487109, 387189.995412 6673947.815334)

LINESTRING (387188.182199 6673949.487109, 387167.917379 6673946.344972, 387152.835833 6673956.338089)

LINESTRING (387188.182199 6673949.487109, 387184.018039 6673969.596841, 387179.701093 6673972.683080)

LINESTRING (387189.995412 6673947.815334, 387188.182199 6673949.487109)

LINESTRING (387189.995412 6673947.815334, 387185.891340 6673969.695126, 387185.410209 6673972.451406, 387169.670384 6673983.411994, 387168.195970 6673990.132767, 387167.714749 6673993.245665)

LINESTRING (387189.995412 6673947.815334, 387192.926116 6673937.383281, 387192.907206 6673933.528000, 387192.213631 6673929.570925, 387189.901399 6673922.253633, 387186.567720 6673916.728591, 387182.744174 6673911.876151)

LINESTRING (387152.835833 6673956.338089, 387149.054416 6673958.973234)

LINESTRING (387152.835833 6673956.338089, 387151.486297 6673954.507480)

LINESTRING (387152.835833 6673956.338089, 387152.654156 6673957.825858)

LINESTRING (387152.835833 6673956.338089, 387167.917379 6673946.344972, 387188.182199 6673949.487109)

LINESTRING (387179.701093 6673972.683080, 387174.173126 6673976.631314)

LINESTRING (387179.701093 6673972.683080, 387179.320744 6673972.226749)

LINESTRING (387179.701093 6673972.683080, 387184.018039 6673969.596841, 387188.182199 6673949.487109)

LINESTRING (387406.456883 6674300.079855, 387403.820910 6674295.747883)

LINESTRING (387406.456883 6674300.079855, 387454.079692 6674273.886453)

LINESTRING (387406.456883 6674300.079855, 387407.443073 6674301.832573, 387410.367688 6674307.069484)

LINESTRING (387454.079692 6674273.886453, 387457.941150 6674281.078241)

LINESTRING (387454.079692 6674273.886453, 387406.456883 6674300.079855)

LINESTRING (387454.079692 6674273.886453, 387452.873325 6674271.650154, 387445.364046 6674257.538623, 387435.507653 6674239.286821)

LINESTRING (387356.270986 6674207.445239, 387349.906445 6674209.268151)

LINESTRING (387356.270986 6674207.445239, 387358.446530 6674206.910236, 387433.988207 6674183.022467)

LINESTRING (387356.270986 6674207.445239, 387357.077411 6674209.125469, 387403.820910 6674295.747883)

LINESTRING (387349.906445 6674209.268151, 387339.008841 6674212.378439)

LINESTRING (387349.906445 6674209.268151, 387356.270986 6674207.445239)

LINESTRING (387349.906445 6674209.268151, 387350.811578 6674211.090215, 387352.228797 6674214.044361, 387354.171712 6674217.851569, 387355.048154 6674219.462778, 387357.248086 6674223.507248, 387360.789503 6674230.029002, 387368.136860 6674243.554720, 387373.037031 6674252.575527, 387390.702183 6674285.096532, 387392.366708 6674288.154524)

LINESTRING (387274.651283 6673701.229626, 387275.350737 6673709.164976)

LINESTRING (387274.651283 6673701.229626, 387281.527088 6673700.661306)

LINESTRING (387274.651283 6673701.229626, 387264.424927 6673702.034866)

LINESTRING (387275.350737 6673709.164976, 387282.404306 6673708.602327)

LINESTRING (387275.350737 6673709.164976, 387264.891860 6673709.988519)

LINESTRING (387275.350737 6673709.164976, 387275.989342 6673718.729238, 387273.357981 6673727.001176)

LINESTRING (387281.527088 6673700.661306, 387284.876615 6673700.391015)

LINESTRING (387281.527088 6673700.661306, 387274.651283 6673701.229626)

LINESTRING (387281.527088 6673700.661306, 387282.404306 6673708.602327)

LINESTRING (387315.752123 6673858.879108, 387320.342045 6673864.833644)

LINESTRING (387315.752123 6673858.879108, 387283.696819 6673816.013938, 387272.939703 6673801.735251, 387266.474932 6673795.459603, 387261.182968 6673786.718434, 387252.330251 6673770.486656)

LINESTRING (387315.752123 6673858.879108, 387320.071709 6673860.919243, 387322.405485 6673861.371181, 387325.733434 6673860.945569)

LINESTRING (387260.523828 6673762.611751, 387247.693701 6673745.365774, 387247.367190 6673727.556409, 387265.924325 6673726.394274)

LINESTRING (387260.523828 6673762.611751, 387255.314293 6673767.541864, 387252.330251 6673770.486656)

LINESTRING (387260.523828 6673762.611751, 387272.345990 6673750.011472, 387276.887510 6673744.834496, 387273.357981 6673727.001176)

LINESTRING (387109.558407 6674198.898257, 387108.145578 6674199.331877)

LINESTRING (386829.483948 6673881.190316, 386828.440486 6673881.367449)

LINESTRING (386829.483948 6673881.190316, 386831.924354 6673880.780546)

LINESTRING (386829.483948 6673881.190316, 386831.568857 6673883.822747)

LINESTRING (386846.017455 6673881.916220, 386831.924354 6673880.780546)

LINESTRING (386846.017455 6673881.916220, 386859.914035 6673883.158318)

LINESTRING (386846.017455 6673881.916220, 386845.856277 6673883.704267)

LINESTRING (386889.204172 6673885.774724, 386870.098570 6673884.069418)

LINESTRING (386889.204172 6673885.774724, 386919.013347 6673888.486769)

LINESTRING (386889.204172 6673885.774724, 386889.964374 6673878.585546)

LINESTRING (386889.204172 6673885.774724, 386889.032268 6673887.395937, 386887.916105 6673897.972792)

LINESTRING (386922.128989 6673894.664681, 386927.883960 6673894.475771)

LINESTRING (386922.128989 6673894.664681, 386921.342015 6673890.209044, 386920.548395 6673888.951982, 386919.013347 6673888.486769)

LINESTRING (386922.128989 6673894.664681, 386922.724090 6673898.658191, 386924.949838 6673906.212035)

LINESTRING (386806.270641 6673763.690783, 386801.772702 6673757.332817)

LINESTRING (386806.270641 6673763.690783, 386817.813160 6673786.792357)

LINESTRING (386806.270641 6673763.690783, 386799.429598 6673767.891924)

LINESTRING (386806.270641 6673763.690783, 386812.263872 6673758.635479, 386817.778625 6673754.798548)

LINESTRING (386817.813160 6673786.792357, 386821.954040 6673795.067029)

LINESTRING (386817.813160 6673786.792357, 386806.270641 6673763.690783)

LINESTRING (386817.813160 6673786.792357, 386819.392196 6673785.985735)

LINESTRING (386799.429598 6673767.891924, 386795.691327 6673761.332169)

LINESTRING (386799.429598 6673767.891924, 386802.944759 6673774.057391)

LINESTRING (386799.429598 6673767.891924, 386793.546897 6673771.495091)

LINESTRING (386799.429598 6673767.891924, 386806.270641 6673763.690783)

LINESTRING (386817.778625 6673754.798548, 386823.429257 6673750.868272)

LINESTRING (386817.778625 6673754.798548, 386818.993946 6673756.588616)

LINESTRING (386817.778625 6673754.798548, 386812.263872 6673758.635479, 386806.270641 6673763.690783)

LINESTRING (386793.455912 6673746.835878, 386791.659817 6673744.751741)

LINESTRING (386793.455912 6673746.835878, 386797.094178 6673751.058450)

LINESTRING (386793.455912 6673746.835878, 386794.599673 6673746.131859)

LINESTRING (386814.376309 6673739.357639, 386797.094178 6673751.058450)

LINESTRING (386814.376309 6673739.357639, 386832.745499 6673726.910085)

LINESTRING (386814.376309 6673739.357639, 386813.912793 6673738.547302)

LINESTRING (386838.494315 6673866.379790, 386853.149466 6673867.921597)

LINESTRING (386838.494315 6673866.379790, 386832.078985 6673865.675433)

LINESTRING (386838.494315 6673866.379790, 386838.448121 6673865.244514)

LINESTRING (386831.576174 6673863.952488, 386832.078985 6673865.675433)

LINESTRING (386831.576174 6673863.952488, 386831.544853 6673862.939338)

LINESTRING (386831.576174 6673863.952488, 386830.089515 6673863.976159, 386823.959560 6673864.065372)

LINESTRING (387414.758770 6674314.880151, 387443.866617 6674368.724681)

LINESTRING (387414.758770 6674314.880151, 387437.091360 6674302.692566)

LINESTRING (387414.758770 6674314.880151, 387413.391338 6674312.459369, 387410.367688 6674307.069484)

LINESTRING (387443.866617 6674368.724681, 387414.758770 6674314.880151)

LINESTRING (387443.866617 6674368.724681, 387444.449542 6674368.372431, 387445.496851 6674367.783020, 387444.371202 6674365.644538, 387442.756371 6674362.395548, 387444.636425 6674361.457348, 387462.860308 6674351.547075)

LINESTRING (387437.091360 6674302.692566, 387432.756912 6674294.556954)

LINESTRING (387437.091360 6674302.692566, 387414.758770 6674314.880151)

LINESTRING (387437.091360 6674302.692566, 387437.964258 6674304.370767, 387440.745026 6674309.623268)

LINESTRING (387432.756912 6674294.556954, 387457.941150 6674281.078241)

LINESTRING (387432.756912 6674294.556954, 387437.091360 6674302.692566)

LINESTRING (387432.756912 6674294.556954, 387414.855389 6674304.490884, 387410.367688 6674307.069484)

LINESTRING (386945.689240 6674242.024420, 386954.165126 6674241.729199)

LINESTRING (386945.689240 6674242.024420, 386945.711543 6674248.855095, 386945.931202 6674256.326035)

LINESTRING (386942.472038 6674249.077742, 386934.064417 6674249.426602, 386830.740582 6674251.940006)

LINESTRING (386942.472038 6674249.077742, 386942.394140 6674245.837200, 386942.341296 6674242.150119)

LINESTRING (386942.472038 6674249.077742, 386942.405008 6674251.219490, 386942.503591 6674256.387331)

LINESTRING (386937.769264 6674262.651709, 386942.450859 6674262.585108)

LINESTRING (386937.769264 6674262.651709, 386935.135698 6674261.830384, 386916.555562 6674261.980902, 386904.338937 6674262.079758, 386900.098073 6674262.221943, 386847.528899 6674264.013873, 386835.171188 6674264.395926)

LINESTRING (386937.769264 6674262.651709, 386936.420280 6674265.869462, 386911.302644 6674274.089732)

LINESTRING (386942.450859 6674262.585108, 386937.769264 6674262.651709)

LINESTRING (386942.450859 6674262.585108, 386944.569722 6674262.553092, 386945.642477 6674262.609110)

LINESTRING (386942.450859 6674262.585108, 386942.511438 6674259.875208, 386942.503591 6674256.387331)

LINESTRING (386835.171188 6674264.395926, 386819.176231 6674264.879346)

LINESTRING (386835.171188 6674264.395926, 386833.024392 6674258.678479)

LINESTRING (386835.171188 6674264.395926, 386847.528899 6674264.013873, 386900.098073 6674262.221943, 386904.338937 6674262.079758, 386916.555562 6674261.980902, 386935.135698 6674261.830384, 386937.769264 6674262.651709)

LINESTRING (386911.302644 6674274.089732, 386876.625901 6674285.436224, 386848.225170 6674294.973123, 386839.994947 6674299.261753, 386825.749638 6674308.227489)

LINESTRING (386911.302644 6674274.089732, 386936.420280 6674265.869462, 386937.769264 6674262.651709)

LINESTRING (386911.302644 6674274.089732, 386911.755295 6674275.089865, 386912.395250 6674276.764004)

LINESTRING (386945.931202 6674256.326035, 386942.503591 6674256.387331)

LINESTRING (386945.931202 6674256.326035, 386945.642477 6674262.609110)

LINESTRING (386945.931202 6674256.326035, 386945.711543 6674248.855095, 386945.689240 6674242.024420)

LINESTRING (386945.642477 6674262.609110, 386945.931202 6674256.326035)

LINESTRING (386945.642477 6674262.609110, 386944.969122 6674264.524414, 386944.424262 6674265.209893, 386940.086976 6674267.260660, 386916.723365 6674275.315271)

LINESTRING (386945.642477 6674262.609110, 386946.591199 6674262.602095, 386952.575003 6674262.294690, 386958.925357 6674260.738974)

LINESTRING (386945.642477 6674262.609110, 386944.569722 6674262.553092, 386942.450859 6674262.585108)

LINESTRING (386975.953841 6674260.658873, 386972.027526 6674261.103297, 386968.605894 6674260.818915, 386966.483333 6674258.934237)

LINESTRING (386942.503591 6674256.387331, 386903.906543 6674257.245411, 386862.257850 6674258.120215, 386848.842616 6674258.401179, 386843.662735 6674258.505593, 386833.024392 6674258.678479)

LINESTRING (386942.503591 6674256.387331, 386942.405008 6674251.219490, 386942.472038 6674249.077742)

LINESTRING (386942.503591 6674256.387331, 386942.511438 6674259.875208, 386942.450859 6674262.585108)

LINESTRING (387115.764104 6673621.051248, 387124.267091 6673613.667987)

LINESTRING (387115.764104 6673621.051248, 387133.438560 6673637.868849)

LINESTRING (387115.764104 6673621.051248, 387112.306603 6673624.122194, 387109.541018 6673626.592313, 387104.678902 6673630.910143)

LINESTRING (387124.267091 6673613.667987, 387115.764104 6673621.051248)

LINESTRING (387124.267091 6673613.667987, 387130.845954 6673620.385652)

LINESTRING (387133.438560 6673637.868849, 387126.763403 6673654.489930)

LINESTRING (387133.438560 6673637.868849, 387141.339589 6673630.403888)

LINESTRING (387133.438560 6673637.868849, 387149.503219 6673651.983555, 387161.910831 6673662.878952, 387177.980817 6673676.993610, 387199.784290 6673699.222887, 387206.707172 6673707.568262)

LINESTRING (387273.357981 6673727.001176, 387265.924325 6673726.394274)

LINESTRING (387273.357981 6673727.001176, 387276.887510 6673744.834496, 387272.345990 6673750.011472, 387260.523828 6673762.611751)

LINESTRING (387265.924325 6673726.394274, 387273.357981 6673727.001176)

LINESTRING (387265.924325 6673726.394274, 387247.367190 6673727.556409, 387247.693701 6673745.365774, 387260.523828 6673762.611751)

LINESTRING (387265.924325 6673726.394274, 387265.108012 6673713.403102, 387264.891860 6673709.988519)

LINESTRING (387264.891860 6673709.988519, 387264.424927 6673702.034866)

LINESTRING (387264.891860 6673709.988519, 387275.350737 6673709.164976)

LINESTRING (387264.891860 6673709.988519, 387233.617859 6673712.367013, 387224.606437 6673715.675798)

LINESTRING (386954.025603 6673622.230569, 386952.928306 6673625.340233)

LINESTRING (386954.025603 6673622.230569, 386946.942898 6673619.518368, 386943.991960 6673617.960162)

LINESTRING (386954.025603 6673622.230569, 386960.770139 6673624.596612, 386967.277397 6673626.468507, 386970.918443 6673627.548515, 386972.621316 6673628.053149)

LINESTRING (387020.483540 6673644.662727, 387022.238414 6673638.579598)

LINESTRING (387020.483540 6673644.662727, 387017.387751 6673670.601504)

LINESTRING (387020.483540 6673644.662727, 387023.416852 6673645.831492)

LINESTRING (387020.483540 6673644.662727, 386989.358952 6673634.278644)

LINESTRING (386998.235521 6673647.099003, 386989.358952 6673634.278644)

LINESTRING (386998.235521 6673647.099003, 387001.349561 6673651.605412)

LINESTRING (386998.235521 6673647.099003, 386998.456360 6673652.095902)

LINESTRING (386954.427673 6673659.517583, 386955.057127 6673660.489975)

LINESTRING (386954.427673 6673659.517583, 386951.517450 6673661.613393, 386945.393415 6673665.858970)

LINESTRING (386954.427673 6673659.517583, 386986.845226 6673636.094725, 386989.358952 6673634.278644)

LINESTRING (387111.313490 6673674.713683, 387114.509229 6673681.335045)

LINESTRING (387111.313490 6673674.713683, 387103.501538 6673664.724277)

LINESTRING (387111.313490 6673674.713683, 387123.302004 6673667.334377)

LINESTRING (387111.313490 6673674.713683, 387107.904564 6673675.398295, 387091.157818 6673673.362745, 387072.501362 6673665.736106)

LINESTRING (387114.509229 6673681.335045, 387111.313490 6673674.713683)

LINESTRING (387114.509229 6673681.335045, 387111.607283 6673689.281131)

LINESTRING (387114.509229 6673681.335045, 387119.904590 6673692.513395, 387120.699416 6673693.090670)

LINESTRING (387103.501538 6673664.724277, 387111.313490 6673674.713683)

LINESTRING (387103.501538 6673664.724277, 387108.076252 6673657.027492, 387110.592236 6673654.743374)

LINESTRING (387103.501538 6673664.724277, 387092.405824 6673664.698705, 387088.498786 6673664.529456, 387080.382543 6673662.851852, 387046.567110 6673649.251632, 387042.486829 6673647.605608)

LINESTRING (387103.501538 6673664.724277, 387092.669380 6673652.008567, 387088.548238 6673646.697336)

LINESTRING (387123.302004 6673667.334377, 387111.313490 6673674.713683)

LINESTRING (387123.302004 6673667.334377, 387121.652138 6673665.847359, 387117.513262 6673662.119110)

LINESTRING (387123.302004 6673667.334377, 387128.846541 6673670.930141, 387135.573776 6673675.982763, 387140.024111 6673679.913168, 387147.816508 6673687.652139, 387184.429540 6673724.881719, 387194.747217 6673737.669253, 387197.012228 6673741.109855)

LINESTRING (387072.501362 6673665.736106, 387058.566490 6673660.036702)

LINESTRING (387072.501362 6673665.736106, 387070.285554 6673671.632833)

LINESTRING (387072.501362 6673665.736106, 387091.157818 6673673.362745, 387107.904564 6673675.398295, 387111.313490 6673674.713683)

LINESTRING (386671.371431 6674571.415699, 386668.069716 6674568.007522)

LINESTRING (386671.371431 6674571.415699, 386674.906964 6674568.397586)

LINESTRING (386668.069716 6674568.007522, 386671.371431 6674571.415699)

LINESTRING (386668.069716 6674568.007522, 386665.027057 6674565.259976)

LINESTRING (386668.069716 6674568.007522, 386671.851030 6674564.145980)

LINESTRING (386668.069716 6674568.007522, 386653.024326 6674582.804894)

LINESTRING (386674.906964 6674568.397586, 386671.371431 6674571.415699)

LINESTRING (386674.906964 6674568.397586, 386678.844829 6674564.932395)

LINESTRING (386674.906964 6674568.397586, 386671.851030 6674564.145980)

LINESTRING (386674.906964 6674568.397586, 386686.397754 6674583.777387, 386700.856492 6674600.213188)

LINESTRING (386665.027057 6674565.259976, 386668.069716 6674568.007522)

LINESTRING (386665.027057 6674565.259976, 386660.961229 6674555.813026)

LINESTRING (386665.027057 6674565.259976, 386650.264842 6674581.675642)

LINESTRING (386638.147863 6674580.301309, 386660.961229 6674555.813026)

LINESTRING (386638.147863 6674580.301309, 386650.264842 6674581.675642)

LINESTRING (386638.147863 6674580.301309, 386633.484993 6674580.601764, 386616.995443 6674579.764141)

LINESTRING (386671.851030 6674564.145980, 386668.069716 6674568.007522)

LINESTRING (386671.851030 6674564.145980, 386674.906964 6674568.397586)

LINESTRING (386671.851030 6674564.145980, 386663.302012 6674548.976012, 386655.981056 6674527.772452, 386652.727656 6674513.742375, 386652.376688 6674506.710115)

LINESTRING (386653.024326 6674582.804894, 386668.069716 6674568.007522)

LINESTRING (386653.024326 6674582.804894, 386650.264842 6674581.675642)

LINESTRING (386652.942844 6674499.727461, 386652.376688 6674506.710115)

LINESTRING (386652.942844 6674499.727461, 386645.653347 6674499.072835)

LINESTRING (386652.942844 6674499.727461, 386658.935854 6674500.087926)

LINESTRING (386652.942844 6674499.727461, 386653.401389 6674494.107731, 386661.171634 6674450.616492)

LINESTRING (386748.160972 6674506.085164, 386747.069647 6674509.551342)

LINESTRING (386748.160972 6674506.085164, 386794.497786 6674523.931020, 386826.908255 6674536.457671)

LINESTRING (386748.160972 6674506.085164, 386735.365546 6674501.800575, 386715.784993 6674497.380575, 386689.675676 6674497.163565, 386677.246483 6674498.796546, 386666.746219 6674500.002077, 386662.118205 6674500.535440, 386658.935854 6674500.087926)

LINESTRING (386652.376688 6674506.710115, 386659.100265 6674505.755228)

LINESTRING (386652.376688 6674506.710115, 386652.942844 6674499.727461)

LINESTRING (386652.376688 6674506.710115, 386645.076464 6674508.396103)

LINESTRING (386652.376688 6674506.710115, 386652.727656 6674513.742375, 386655.981056 6674527.772452, 386663.302012 6674548.976012, 386671.851030 6674564.145980)

LINESTRING (386747.069647 6674509.551342, 386745.983868 6674513.017349)

LINESTRING (386747.069647 6674509.551342, 386748.160972 6674506.085164)

LINESTRING (386747.069647 6674509.551342, 386734.400044 6674505.028836, 386715.499480 6674501.601914, 386689.680217 6674501.253342, 386677.839044 6674502.700952, 386659.100265 6674505.755228)

LINESTRING (386747.069647 6674509.551342, 386793.161814 6674527.382461, 386824.759409 6674540.001102)

LINESTRING (386703.744486 6674597.070274, 386700.856492 6674600.213188)

LINESTRING (386703.744486 6674597.070274, 386689.717776 6674580.788249, 386679.344676 6674565.663579, 386678.844829 6674564.932395)

LINESTRING (386700.856492 6674600.213188, 386703.744486 6674597.070274)

LINESTRING (386700.856492 6674600.213188, 386686.397754 6674583.777387, 386674.906964 6674568.397586)

LINESTRING (386811.978742 6674485.589312, 386881.944059 6674511.007994)

LINESTRING (386811.978742 6674485.589312, 386813.852320 6674481.218574)

LINESTRING (386811.978742 6674485.589312, 386768.489630 6674467.788846, 386729.650929 6674456.107982, 386698.046741 6674449.764500, 386669.063513 6674446.170750)

LINESTRING (386898.243047 6674490.411341, 386908.237122 6674494.192414)

LINESTRING (386898.243047 6674490.411341, 386889.404874 6674486.327112)

LINESTRING (386898.243047 6674490.411341, 386891.007604 6674509.279130)

LINESTRING (386736.611738 6674430.539549, 386734.656073 6674439.069648)

LINESTRING (386736.611738 6674430.539549, 386750.473506 6674435.025184, 386822.231041 6674461.290002)

LINESTRING (386736.611738 6674430.539549, 386734.773384 6674429.950078, 386713.627793 6674423.026490)

LINESTRING (386645.653347 6674499.072835, 386652.942844 6674499.727461)

LINESTRING (386645.653347 6674499.072835, 386645.076464 6674508.396103)

LINESTRING (386645.653347 6674499.072835, 386645.872920 6674497.383261, 386652.666705 6674462.859883)

LINESTRING (386826.908255 6674536.457671, 386836.219769 6674540.059057)

LINESTRING (386826.908255 6674536.457671, 386824.759409 6674540.001102)

LINESTRING (386826.908255 6674536.457671, 386794.497786 6674523.931020, 386748.160972 6674506.085164)

LINESTRING (386836.219769 6674540.059057, 386878.016609 6674555.928926)

LINESTRING (386836.219769 6674540.059057, 386826.908255 6674536.457671)

LINESTRING (386836.219769 6674540.059057, 386833.602567 6674543.171198)

LINESTRING (386878.016609 6674555.928926, 386875.339633 6674559.800687)

LINESTRING (386878.016609 6674555.928926, 386885.822373 6674558.930615)

LINESTRING (386878.016609 6674555.928926, 386836.219769 6674540.059057)

LINESTRING (386833.602567 6674543.171198, 386836.219769 6674540.059057)

LINESTRING (386833.602567 6674543.171198, 386830.693315 6674546.169786)

LINESTRING (386833.602567 6674543.171198, 386829.315551 6674541.810442)

LINESTRING (386833.602567 6674543.171198, 386875.339633 6674559.800687)

LINESTRING (386822.795298 6674543.237929, 386826.437153 6674544.730070)

LINESTRING (386822.795298 6674543.237929, 386824.759409 6674540.001102)

LINESTRING (386822.795298 6674543.237929, 386791.831389 6674530.833732, 386745.983868 6674513.017349)

LINESTRING (386822.795298 6674543.237929, 386813.560149 6674553.230106, 386773.535454 6674595.010688)

LINESTRING (386760.994922 6674536.902894, 386754.850338 6674535.945169, 386749.402966 6674534.386382, 386745.649976 6674534.145904, 386741.863881 6674534.987439, 386735.070917 6674538.719224)

LINESTRING (386760.994922 6674536.902894, 386762.963934 6674533.108671, 386763.580233 6674529.712916, 386762.721006 6674527.588675, 386755.116930 6674521.427198, 386745.345312 6674514.976196, 386745.983868 6674513.017349)

LINESTRING (386760.994922 6674536.902894, 386761.071672 6674541.714804, 386762.189674 6674549.871184, 386762.899525 6674554.162018, 386763.091471 6674558.034253, 386762.145977 6674571.414235)

LINESTRING (386826.437153 6674544.730070, 386829.315551 6674541.810442)

LINESTRING (386826.437153 6674544.730070, 386830.693315 6674546.169786)

LINESTRING (386826.437153 6674544.730070, 386822.795298 6674543.237929)

LINESTRING (386829.315551 6674541.810442, 386824.759409 6674540.001102)

LINESTRING (386829.315551 6674541.810442, 386826.437153 6674544.730070)

LINESTRING (386829.315551 6674541.810442, 386833.602567 6674543.171198)

LINESTRING (386830.693315 6674546.169786, 386873.454785 6674563.269063)

LINESTRING (386830.693315 6674546.169786, 386833.602567 6674543.171198)

LINESTRING (386830.693315 6674546.169786, 386826.437153 6674544.730070)

LINESTRING (386877.177724 6674564.513574, 386879.396531 6674561.257761)

LINESTRING (386877.177724 6674564.513574, 386881.198257 6674565.871477)

LINESTRING (386877.177724 6674564.513574, 386873.454785 6674563.269063)

LINESTRING (386879.396531 6674561.257761, 386877.177724 6674564.513574)

LINESTRING (386879.396531 6674561.257761, 386883.230611 6674562.866601)

LINESTRING (386879.396531 6674561.257761, 386875.339633 6674559.800687)

LINESTRING (386881.198257 6674565.871477, 386918.919084 6674580.040137)

LINESTRING (386881.198257 6674565.871477, 386877.177724 6674564.513574)

LINESTRING (386881.198257 6674565.871477, 386881.543450 6674565.370464, 386883.230611 6674562.866601)

LINESTRING (386873.454785 6674563.269063, 386875.339633 6674559.800687)

LINESTRING (386873.454785 6674563.269063, 386830.693315 6674546.169786)

LINESTRING (386873.454785 6674563.269063, 386877.177724 6674564.513574)

LINESTRING (386875.339633 6674559.800687, 386878.016609 6674555.928926)

LINESTRING (386875.339633 6674559.800687, 386873.454785 6674563.269063)

LINESTRING (386875.339633 6674559.800687, 386833.602567 6674543.171198)

LINESTRING (386875.339633 6674559.800687, 386879.396531 6674561.257761)

LINESTRING (386885.822373 6674558.930615, 386883.230611 6674562.866601)

LINESTRING (386885.822373 6674558.930615, 386920.955437 6674571.596809)

LINESTRING (386885.822373 6674558.930615, 386878.016609 6674555.928926)

LINESTRING (386732.800567 6674453.525353, 386733.405075 6674448.135150, 386733.642013 6674446.467334, 386734.493019 6674440.255977, 386734.656073 6674439.069648)

LINESTRING (386732.800567 6674453.525353, 386703.403341 6674445.876520, 386675.237814 6674442.168255, 386670.040577 6674441.883415)

LINESTRING (386732.800567 6674453.525353, 386749.309076 6674457.828772, 386761.476843 6674461.909951, 386813.852320 6674481.218574)

LINESTRING (386824.759409 6674540.001102, 386829.315551 6674541.810442)

LINESTRING (386824.759409 6674540.001102, 386822.795298 6674543.237929)

LINESTRING (386824.759409 6674540.001102, 386826.908255 6674536.457671)

LINESTRING (386824.759409 6674540.001102, 386793.161814 6674527.382461, 386747.069647 6674509.551342)

LINESTRING (386773.535454 6674595.010688, 386771.301065 6674593.096153)

LINESTRING (386773.535454 6674595.010688, 386813.560149 6674553.230106, 386822.795298 6674543.237929)

LINESTRING (387017.387751 6673670.601504, 387020.483540 6673644.662727)

LINESTRING (387017.387751 6673670.601504, 387015.443202 6673671.976523)

LINESTRING (387017.387751 6673670.601504, 387017.098075 6673674.343728, 387016.184145 6673685.014578, 387015.990394 6673687.728582)

LINESTRING (387015.443202 6673671.976523, 387017.387751 6673670.601504)

LINESTRING (387015.443202 6673671.976523, 387013.231715 6673673.694106)

LINESTRING (387015.443202 6673671.976523, 387004.783001 6673656.570019)

LINESTRING (387015.990394 6673687.728582, 387018.408327 6673687.665104)

LINESTRING (387015.990394 6673687.728582, 387011.165428 6673688.568429, 387005.547853 6673690.881483, 387001.387039 6673693.818230, 386997.340883 6673698.311622, 386994.537642 6673703.513308)

LINESTRING (387015.990394 6673687.728582, 387016.184145 6673685.014578, 387017.098075 6673674.343728, 387017.387751 6673670.601504)

LINESTRING (387022.238414 6673638.579598, 387020.483540 6673644.662727)

LINESTRING (387022.238414 6673638.579598, 387028.086890 6673641.408035)

LINESTRING (387022.238414 6673638.579598, 387003.654385 6673629.714063, 386990.686166 6673621.355057)

LINESTRING (387023.416852 6673645.831492, 387026.429854 6673647.064665)

LINESTRING (387023.416852 6673645.831492, 387020.483540 6673644.662727)

LINESTRING (387023.416852 6673645.831492, 387022.768373 6673651.256407, 387018.408327 6673687.665104)

LINESTRING (387028.086890 6673641.408035, 387026.429854 6673647.064665)

LINESTRING (387028.086890 6673641.408035, 387022.238414 6673638.579598)

LINESTRING (387028.086890 6673641.408035, 387033.599319 6673643.778797, 387042.486829 6673647.605608)

LINESTRING (387361.542028 6674197.498509, 387359.283654 6674192.096255, 387356.482137 6674190.143100, 387354.498041 6674189.145471, 387340.632410 6674192.647985, 387335.024818 6674194.904532)

LINESTRING (387361.542028 6674197.498509, 387411.354325 6674182.191863, 387431.553929 6674175.686510)

LINESTRING (387361.542028 6674197.498509, 387346.602141 6674202.337920, 387288.777876 6674220.555617)

LINESTRING (387335.024818 6674194.904532, 387340.632410 6674192.647985, 387354.498041 6674189.145471, 387356.482137 6674190.143100, 387359.283654 6674192.096255, 387361.542028 6674197.498509)

LINESTRING (387039.966443 6674510.607231, 387033.993431 6674460.553788)

LINESTRING (387039.966443 6674510.607231, 387100.779294 6674508.686194, 387106.889602 6674499.181211, 387103.800680 6674469.020166, 387094.705921 6674449.776194, 387090.549992 6674424.963826)

LINESTRING (387039.966443 6674510.607231, 387020.630972 6674511.772415, 387015.331844 6674508.002119, 387007.727443 6674494.986493, 386999.708426 6674489.751154)

LINESTRING (387298.636363 6674464.296888, 387259.215832 6674475.273240)

LINESTRING (387298.636363 6674464.296888, 387288.006564 6674428.327859)

LINESTRING (387298.636363 6674464.296888, 387301.821277 6674464.109662)

LINESTRING (387288.006564 6674428.327859, 387298.636363 6674464.296888)

LINESTRING (387288.006564 6674428.327859, 387285.510112 6674419.879495)

LINESTRING (387288.006564 6674428.327859, 387290.361141 6674427.664711, 387298.450364 6674426.000307)

LINESTRING (387301.821277 6674464.109662, 387298.636363 6674464.296888)

LINESTRING (387301.821277 6674464.109662, 387306.456609 6674482.733612)

LINESTRING (387301.821277 6674464.109662, 387340.080632 6674454.161347)

LINESTRING (387263.827313 6674494.377077, 387265.700254 6674502.398868)

LINESTRING (387263.827313 6674494.377077, 387259.215832 6674475.273240)

LINESTRING (387263.827313 6674494.377077, 387266.922299 6674493.613096, 387270.775459 6674492.602882, 387275.550649 6674491.441688, 387295.069614 6674486.862107, 387296.601568 6674486.335734)

LINESTRING (387152.667142 6674527.747143, 387152.776614 6674530.217764)

LINESTRING (387152.667142 6674527.747143, 387149.817705 6674458.730254)

LINESTRING (387152.667142 6674527.747143, 387146.531687 6674527.980906)

LINESTRING (387190.944481 6674549.557430, 387193.946507 6674557.120912)

LINESTRING (387190.944481 6674549.557430, 387188.562433 6674540.325509, 387182.228275 6674529.432355)

LINESTRING (387190.944481 6674549.557430, 387178.642576 6674542.536942, 387169.611808 6674532.729909, 387161.375657 6674522.240894, 387160.040832 6674516.921723, 387156.958777 6674468.071735)

LINESTRING (387243.789065 6674582.598296, 387238.724806 6674582.297419, 387234.179694 6674581.557077, 387225.861772 6674578.849044, 387218.379998 6674575.725219, 387193.946507 6674557.120912)

LINESTRING (387243.789065 6674582.598296, 387248.200719 6674582.428944, 387253.041963 6674581.254537, 387257.499269 6674579.144714, 387261.902396 6674576.356774, 387268.820761 6674569.657786)

LINESTRING (387274.072590 6674565.238967, 387268.820761 6674569.657786)

LINESTRING (387274.072590 6674565.238967, 387279.753632 6674561.063250)

LINESTRING (387274.072590 6674565.238967, 387276.125384 6674568.652703)

LINESTRING (387268.820761 6674569.657786, 387274.072590 6674565.238967)

LINESTRING (387268.820761 6674569.657786, 387261.902396 6674576.356774, 387257.499269 6674579.144714, 387253.041963 6674581.254537, 387248.200719 6674582.428944, 387243.789065 6674582.598296)

LINESTRING (387268.820761 6674569.657786, 387266.569480 6674567.186274, 387264.765493 6674560.321346, 387263.288349 6674554.159575)

LINESTRING (387263.288349 6674554.159575, 387264.765493 6674560.321346, 387266.569480 6674567.186274, 387268.820761 6674569.657786)

LINESTRING (387033.993431 6674460.553788, 387039.966443 6674510.607231)

LINESTRING (387033.993431 6674460.553788, 387032.542386 6674450.936604, 387021.999971 6674439.816984)

LINESTRING (387033.993431 6674460.553788, 387061.866146 6674456.773819, 387053.936505 6674409.121004, 387057.422950 6674398.203600)

LINESTRING (387075.906319 6674358.249896, 387073.144142 6674354.156067)

LINESTRING (387075.906319 6674358.249896, 387079.908293 6674367.275761)

LINESTRING (387075.906319 6674358.249896, 387080.779905 6674391.030456)

LINESTRING (387079.908293 6674367.275761, 387075.906319 6674358.249896)

LINESTRING (387079.908293 6674367.275761, 387091.998708 6674367.415396)

LINESTRING (387079.908293 6674367.275761, 387082.842670 6674373.894000, 387085.407067 6674390.464224)

LINESTRING (387080.779905 6674391.030456, 387075.906319 6674358.249896)

LINESTRING (387080.779905 6674391.030456, 387085.407067 6674390.464224)

LINESTRING (387080.779905 6674391.030456, 387085.484150 6674420.662456, 387089.666148 6674419.697628)

LINESTRING (387089.666148 6674419.697628, 387090.549992 6674424.963826)

LINESTRING (387089.666148 6674419.697628, 387085.484150 6674420.662456, 387080.779905 6674391.030456)

LINESTRING (387089.666148 6674419.697628, 387086.383160 6674396.741692, 387085.407067 6674390.464224)

LINESTRING (387090.549992 6674424.963826, 387089.666148 6674419.697628)

LINESTRING (387090.549992 6674424.963826, 387094.705921 6674449.776194, 387103.800680 6674469.020166, 387106.889602 6674499.181211, 387100.779294 6674508.686194, 387039.966443 6674510.607231)

LINESTRING (387090.549992 6674424.963826, 387097.068930 6674425.643110, 387101.485732 6674427.613105)

LINESTRING (387085.407067 6674390.464224, 387080.779905 6674391.030456)

LINESTRING (387085.407067 6674390.464224, 387082.842670 6674373.894000, 387079.908293 6674367.275761)

LINESTRING (387085.407067 6674390.464224, 387086.383160 6674396.741692, 387089.666148 6674419.697628)

LINESTRING (386976.729127 6674181.890395, 386988.880433 6674193.327998)

LINESTRING (386976.729127 6674181.890395, 386973.122452 6674178.491359)

LINESTRING (386976.729127 6674181.890395, 386979.557404 6674178.771857)

LINESTRING (386972.667920 6674176.711187, 386973.122452 6674178.491359)

LINESTRING (386972.667920 6674176.711187, 386975.454290 6674174.931237)

LINESTRING (386972.667920 6674176.711187, 386971.835697 6674173.482795, 386970.744095 6674172.457809)

LINESTRING (386972.724827 6674423.307142, 386970.241880 6674421.968514, 386975.961027 6674410.224268, 386979.517034 6674403.004489)

LINESTRING (386494.010179 6674154.635798, 386493.606129 6674173.103132)

LINESTRING (386494.010179 6674154.635798, 386499.184653 6674154.709371)

LINESTRING (386494.010179 6674154.635798, 386487.433320 6674154.973482, 386485.852523 6674155.000217)

LINESTRING (386493.606129 6674173.103132, 386493.181948 6674195.036939)

LINESTRING (386493.606129 6674173.103132, 386494.010179 6674154.635798)

LINESTRING (386493.606129 6674173.103132, 386495.828644 6674173.190231, 386507.565274 6674173.706695, 386515.922437 6674173.692753, 386515.972942 6674197.695800)

LINESTRING (386493.606129 6674173.103132, 386487.042157 6674173.139524, 386485.771499 6674173.145497)

LINESTRING (386838.421897 6673933.157819, 386837.960242 6673931.868224)

LINESTRING (386838.421897 6673933.157819, 386842.104037 6673943.474926, 386856.946171 6673984.294106)

LINESTRING (387349.398362 6674137.582654, 387347.992970 6674129.423851)

LINESTRING (387349.398362 6674137.582654, 387364.024183 6674131.905979)

LINESTRING (387373.911684 6674026.156316, 387372.248004 6674023.310040)

LINESTRING (387373.911684 6674026.156316, 387411.913987 6674089.790137, 387415.010080 6674087.967574, 387416.712512 6674087.023685)

LINESTRING (387373.911684 6674026.156316, 387372.510064 6674026.957240, 387369.987569 6674022.532640, 387375.673798 6674019.215050, 387377.643542 6674017.939741)

LINESTRING (387333.002977 6673895.179368, 387340.119362 6673890.357838)

LINESTRING (387333.002977 6673895.179368, 387357.574393 6673936.191260)

LINESTRING (387333.002977 6673895.179368, 387329.137860 6673897.805751, 387327.343778 6673899.019957, 387320.374046 6673903.736702)

LINESTRING (387339.283558 6673888.266182, 387340.119362 6673890.357838)

LINESTRING (387339.283558 6673888.266182, 387334.915479 6673882.304796)

LINESTRING (387339.283558 6673888.266182, 387351.079611 6673880.414336, 387357.736898 6673876.543074, 387366.536120 6673871.758969)

LINESTRING (387205.222951 6673998.029520, 387202.531840 6673993.543357, 387200.304767 6673991.149135)

LINESTRING (387200.304767 6673991.149135, 387195.336963 6673994.545158)

LINESTRING (387200.304767 6673991.149135, 387215.979769 6673980.424704)

LINESTRING (387200.304767 6673991.149135, 387202.531840 6673993.543357, 387205.222951 6673998.029520)

LINESTRING (387200.304767 6673991.149135, 387199.076394 6673989.827405, 387196.931742 6673987.586662)

LINESTRING (387149.054416 6673958.973234, 387143.193392 6673963.098945)

LINESTRING (387149.054416 6673958.973234, 387152.835833 6673956.338089)

LINESTRING (387149.054416 6673958.973234, 387149.655705 6673959.935380)

LINESTRING (387149.054416 6673958.973234, 387147.912086 6673957.203103)

LINESTRING (387151.486297 6673954.507480, 387152.835833 6673956.338089)

LINESTRING (387151.486297 6673954.507480, 387149.334362 6673950.951982, 387145.982823 6673945.929011)

LINESTRING (387151.486297 6673954.507480, 387167.746648 6673943.686791, 387171.537129 6673944.405766)

LINESTRING (387152.654156 6673957.825858, 387152.835833 6673956.338089)

LINESTRING (387177.555598 6673992.563445, 387170.623176 6674001.179782)

LINESTRING (387177.555598 6673992.563445, 387174.763457 6673988.581900)

LINESTRING (387177.555598 6673992.563445, 387181.589492 6673998.300923)

LINESTRING (387177.555598 6673992.563445, 387186.044657 6673986.194836, 387196.645385 6673979.014519, 387205.534167 6673972.288172, 387216.058877 6673962.457958)

LINESTRING (387208.292707 6673952.845850, 387213.565803 6673947.467933)

LINESTRING (387208.292707 6673952.845850, 387216.058877 6673962.457958)

LINESTRING (387208.292707 6673952.845850, 387203.575981 6673959.889393, 387192.237764 6673976.096858, 387188.722478 6673978.723761, 387174.763457 6673988.581900)

LINESTRING (387208.292707 6673952.845850, 387203.306013 6673947.706052, 387197.237788 6673943.669422)

LINESTRING (387197.237788 6673943.669422, 387203.306013 6673947.706052, 387208.292707 6673952.845850)

LINESTRING (387331.366515 6674128.698593, 387335.868968 6674126.052584)

LINESTRING (387136.893699 6674035.975136, 387085.885983 6674071.036314)

LINESTRING (387136.893699 6674035.975136, 387155.544887 6674023.152727)

LINESTRING (387136.893699 6674035.975136, 387138.600064 6674038.039908)

LINESTRING (387084.083778 6674068.383884, 387085.885983 6674071.036314)

LINESTRING (387084.083778 6674068.383884, 387068.487449 6674079.295934)

LINESTRING (387084.083778 6674068.383884, 387081.775857 6674064.989254, 387078.218928 6674059.604924)

LINESTRING (387084.083778 6674068.383884, 387087.045743 6674066.175131, 387088.388129 6674060.037884, 387090.533852 6674058.534104)

LINESTRING (387078.218928 6674059.604924, 387084.214897 6674055.363495)

LINESTRING (387078.218928 6674059.604924, 387076.015412 6674060.854179)

LINESTRING (387078.218928 6674059.604924, 387076.458909 6674057.240943)

LINESTRING (387078.218928 6674059.604924, 387081.775857 6674064.989254, 387084.083778 6674068.383884)

LINESTRING (387084.214897 6674055.363495, 387078.218928 6674059.604924)

LINESTRING (387084.214897 6674055.363495, 387086.914127 6674053.452595)

LINESTRING (387084.214897 6674055.363495, 387082.624351 6674052.916275)

LINESTRING (387076.458909 6674057.240943, 387078.218928 6674059.604924)

LINESTRING (387086.632776 6674141.121002, 387090.023695 6674140.046862)

LINESTRING (387086.632776 6674141.121002, 387092.401847 6674159.932642, 387094.892507 6674167.634418, 387095.206856 6674168.649982)

LINESTRING (387095.776804 6674158.881287, 387098.109472 6674166.498785)

LINESTRING (387095.776804 6674158.881287, 387090.023695 6674140.046862)

LINESTRING (387095.776804 6674158.881287, 387097.173702 6674158.470443)

LINESTRING (387092.581307 6674141.282976, 387090.023695 6674140.046862)

LINESTRING (387101.701853 6674136.332264, 387102.304353 6674137.873858)

LINESTRING (387101.701853 6674136.332264, 387099.810771 6674136.914366, 387090.023695 6674140.046862)

LINESTRING (387101.701853 6674136.332264, 387103.735712 6674135.701182, 387105.021735 6674135.293761)

LINESTRING (387197.981171 6674106.462035, 387201.315836 6674117.247074)

LINESTRING (387197.981171 6674106.462035, 387162.135039 6674117.574300)

LINESTRING (387197.981171 6674106.462035, 387199.613759 6674105.954815, 387203.863475 6674104.653724)

LINESTRING (387201.315836 6674117.247074, 387197.981171 6674106.462035)

LINESTRING (387201.315836 6674117.247074, 387205.162462 6674129.699101)

LINESTRING (387201.315836 6674117.247074, 387200.065862 6674117.564197)

LINESTRING (387162.135039 6674117.574300, 387156.187272 6674119.418130)

LINESTRING (387162.135039 6674117.574300, 387197.981171 6674106.462035)

LINESTRING (387162.135039 6674117.574300, 387159.946078 6674110.654415)

LINESTRING (387162.135039 6674117.574300, 387162.725292 6674119.439461, 387166.873336 6674134.824209)

LINESTRING (387457.941150 6674281.078241, 387454.079692 6674273.886453)

LINESTRING (387457.941150 6674281.078241, 387432.756912 6674294.556954)

LINESTRING (387435.507653 6674239.286821, 387445.364046 6674257.538623, 387452.873325 6674271.650154, 387454.079692 6674273.886453)

LINESTRING (387001.280177 6674198.974157, 386997.853907 6674201.776817)

LINESTRING (386997.853907 6674201.776817, 387000.311791 6674204.096927)

LINESTRING (386997.853907 6674201.776817, 386988.880433 6674193.327998)

LINESTRING (386997.853907 6674201.776817, 387001.280177 6674198.974157)

LINESTRING (386917.786793 6674149.152888, 386919.182507 6674147.805903)

LINESTRING (386931.707554 6674132.887009, 386930.122981 6674134.228679)

LINESTRING (386930.122981 6674134.228679, 386933.598093 6674137.498010)

LINESTRING (386930.122981 6674134.228679, 386927.950818 6674132.178390)

LINESTRING (386930.122981 6674134.228679, 386931.707554 6674132.887009)

LINESTRING (386932.221605 6674169.290214, 386936.435555 6674164.680098)

LINESTRING (386936.435555 6674164.680098, 386930.410065 6674158.792662)

LINESTRING (386936.435555 6674164.680098, 386946.255124 6674174.283943)

LINESTRING (386936.435555 6674164.680098, 386932.221605 6674169.290214)

LINESTRING (386979.557404 6674178.771857, 386976.729127 6674181.890395)

LINESTRING (386992.344483 6674190.490731, 386988.880433 6674193.327998)

LINESTRING (386988.880433 6674193.327998, 386997.853907 6674201.776817)

LINESTRING (386988.880433 6674193.327998, 386976.729127 6674181.890395)

LINESTRING (386988.880433 6674193.327998, 386992.344483 6674190.490731)

LINESTRING (387003.664269 6674201.240827, 387000.311791 6674204.096927)

LINESTRING (387000.311791 6674204.096927, 386997.853907 6674201.776817)

LINESTRING (387000.311791 6674204.096927, 387003.664269 6674201.240827)

LINESTRING (387000.311791 6674204.096927, 387002.506393 6674206.157707, 387013.748873 6674216.743055, 387021.329649 6674221.067009, 387031.225837 6674222.377463, 387039.708546 6674222.661727, 387046.989336 6674221.222327)

LINESTRING (386677.813844 6674243.621689, 386750.862121 6674241.516821)

LINESTRING (386677.813844 6674243.621689, 386660.659784 6674243.773926)

LINESTRING (386677.813844 6674243.621689, 386677.689657 6674248.751858)

LINESTRING (386677.813844 6674243.621689, 386677.731489 6674240.782471, 386677.439305 6674226.326367)

LINESTRING (386677.689657 6674248.751858, 386750.955774 6674246.695965)

LINESTRING (386677.689657 6674248.751858, 386677.813844 6674243.621689)

LINESTRING (386872.850419 6673744.671340, 386877.701814 6673741.456785)

LINESTRING (386872.850419 6673744.671340, 386868.172893 6673737.527612)

LINESTRING (386872.850419 6673744.671340, 386869.121050 6673746.837109, 386862.576005 6673750.382620, 386849.013105 6673759.772844)

LINESTRING (386868.172893 6673737.527612, 386862.290326 6673729.106120)

LINESTRING (386868.172893 6673737.527612, 386868.193101 6673727.764711)

LINESTRING (386849.013105 6673759.772844, 386845.881287 6673755.233677)

LINESTRING (386849.013105 6673759.772844, 386852.685695 6673766.724725)

LINESTRING (386849.013105 6673759.772844, 386862.576005 6673750.382620, 386869.121050 6673746.837109, 386872.850419 6673744.671340)

LINESTRING (386867.241752 6673788.574310, 386881.644905 6673782.490288)

LINESTRING (386867.241752 6673788.574310, 386868.769861 6673792.405251)

LINESTRING (386867.241752 6673788.574310, 386859.763820 6673790.844794, 386854.256223 6673796.887983, 386852.683762 6673797.727819)

LINESTRING (386868.769861 6673792.405251, 386867.241752 6673788.574310)

LINESTRING (386852.683762 6673797.727819, 386854.256223 6673796.887983, 386859.763820 6673790.844794, 386867.241752 6673788.574310)

LINESTRING (386852.683762 6673797.727819, 386848.861358 6673796.163196, 386843.522359 6673795.091221)

LINESTRING (386852.683762 6673797.727819, 386856.663730 6673802.954003, 386862.851706 6673810.485656, 386863.770746 6673812.028578)

LINESTRING (386904.302942 6673850.661063, 386902.263488 6673850.935810)

LINESTRING (386904.302942 6673850.661063, 386914.125239 6673849.365795, 386917.724899 6673848.753111)

LINESTRING (386904.302942 6673850.661063, 386899.440642 6673843.099533, 386896.111514 6673836.660774, 386887.159745 6673840.804382)

LINESTRING (386912.571106 6673826.724321, 386908.882971 6673827.707500)

LINESTRING (386912.571106 6673826.724321, 386912.140755 6673825.010273, 386907.298126 6673811.798041)

LINESTRING (386898.312297 6673787.536238, 386893.759315 6673777.234840)

LINESTRING (386898.312297 6673787.536238, 386895.070032 6673788.940275)

LINESTRING (386896.557294 6673798.456004, 386898.283945 6673797.756298, 386902.089058 6673796.067415)

LINESTRING (386882.959627 6673785.882062, 386881.644905 6673782.490288)

LINESTRING (386823.216426 6673798.739006, 386816.393667 6673801.914289)

LINESTRING (386823.216426 6673798.739006, 386825.036284 6673806.260770)

LINESTRING (386823.216426 6673798.739006, 386825.016485 6673798.259878, 386839.360913 6673794.049718, 386843.522359 6673795.091221)

LINESTRING (386823.216426 6673798.739006, 386822.243976 6673795.648706, 386821.954040 6673795.067029)

LINESTRING (386816.393667 6673801.914289, 386823.216426 6673798.739006)

LINESTRING (386816.393667 6673801.914289, 386814.507068 6673795.286124, 386802.944759 6673774.057391)

LINESTRING (386816.393667 6673801.914289, 386822.583958 6673828.546892, 386822.697771 6673831.151107)

LINESTRING (386825.036284 6673806.260770, 386826.888333 6673813.926415)

LINESTRING (386825.036284 6673806.260770, 386823.216426 6673798.739006)

LINESTRING (386825.036284 6673806.260770, 386827.057785 6673805.763653)

LINESTRING (386843.522359 6673795.091221, 386844.489054 6673799.073236)

LINESTRING (386843.522359 6673795.091221, 386848.861358 6673796.163196, 386852.683762 6673797.727819)

LINESTRING (386843.522359 6673795.091221, 386839.360913 6673794.049718, 386825.016485 6673798.259878, 386823.216426 6673798.739006)

LINESTRING (386821.954040 6673795.067029, 386817.813160 6673786.792357)

LINESTRING (386821.954040 6673795.067029, 386822.243976 6673795.648706, 386823.216426 6673798.739006)

LINESTRING (386821.954040 6673795.067029, 386823.542060 6673794.371573, 386838.210202 6673788.424058)

LINESTRING (386802.944759 6673774.057391, 386799.429598 6673767.891924)

LINESTRING (386802.944759 6673774.057391, 386797.274416 6673778.066320)

LINESTRING (386802.944759 6673774.057391, 386814.507068 6673795.286124, 386816.393667 6673801.914289)

LINESTRING (386822.697771 6673831.151107, 386830.635396 6673830.827704)

LINESTRING (386822.697771 6673831.151107, 386822.583958 6673828.546892, 386816.393667 6673801.914289)

LINESTRING (386822.697771 6673831.151107, 386823.823262 6673861.272403, 386823.959560 6673864.065372)

LINESTRING (386863.770746 6673812.028578, 386877.028627 6673806.782307)

LINESTRING (386863.770746 6673812.028578, 386866.779019 6673817.061919, 386868.280453 6673822.364712)

LINESTRING (386863.770746 6673812.028578, 386862.851706 6673810.485656, 386856.663730 6673802.954003, 386852.683762 6673797.727819)

LINESTRING (387339.008841 6674212.378439, 387290.972094 6674226.394428)

LINESTRING (387339.008841 6674212.378439, 387349.906445 6674209.268151)

LINESTRING (387339.008841 6674212.378439, 387383.803242 6674292.452160)

LINESTRING (387297.645125 6674238.737216, 387295.015265 6674240.556674)

LINESTRING (387297.645125 6674238.737216, 387303.957776 6674248.929154, 387311.796609 6674247.049625, 387322.433171 6674267.550498)

LINESTRING (387297.645125 6674238.737216, 387291.799625 6674229.299846, 387291.594728 6674228.592932, 387290.972094 6674226.394428)

LINESTRING (387060.864686 6674274.876661, 387059.334779 6674270.076169)

LINESTRING (386599.772337 6674592.322362, 386595.192681 6674587.070476)

LINESTRING (386599.772337 6674592.322362, 386601.037794 6674591.257884, 386614.756549 6674579.677486)

LINESTRING (386595.192681 6674587.070476, 386599.772337 6674592.322362)

LINESTRING (386595.192681 6674587.070476, 386594.237947 6674585.985640, 386584.870718 6674575.399176)

LINESTRING (386595.192681 6674587.070476, 386596.604710 6674585.901157, 386610.103454 6674574.383280)

LINESTRING (386614.756549 6674579.677486, 386610.103454 6674574.383280)

LINESTRING (386614.756549 6674579.677486, 386615.745032 6674579.702582, 386616.995443 6674579.764141)

LINESTRING (386614.756549 6674579.677486, 386601.037794 6674591.257884, 386599.772337 6674592.322362)

LINESTRING (386650.264842 6674581.675642, 386665.027057 6674565.259976)

LINESTRING (386650.264842 6674581.675642, 386653.024326 6674582.804894)

LINESTRING (386650.264842 6674581.675642, 386638.147863 6674580.301309)

LINESTRING (386616.995443 6674579.764141, 386623.729705 6674541.364352)

LINESTRING (386616.995443 6674579.764141, 386633.484993 6674580.601764, 386638.147863 6674580.301309)

LINESTRING (386616.995443 6674579.764141, 386615.745032 6674579.702582, 386614.756549 6674579.677486)

LINESTRING (386766.869222 6673782.316474, 386762.658449 6673785.243905)

LINESTRING (386766.869222 6673782.316474, 386771.312573 6673779.192403)

LINESTRING (386766.869222 6673782.316474, 386715.385536 6673709.466227, 386710.463980 6673704.492207, 386703.037918 6673701.089018, 386693.916472 6673699.755412, 386623.013526 6673698.183816, 386611.556133 6673693.111446)

LINESTRING (386762.658449 6673785.243905, 386766.869222 6673782.316474)

LINESTRING (386762.658449 6673785.243905, 386759.546240 6673780.982806)

LINESTRING (386762.658449 6673785.243905, 386781.795686 6673811.999772)

LINESTRING (386699.837852 6673857.362484, 386696.392253 6673853.089467)

LINESTRING (386699.837852 6673857.362484, 386704.268337 6673853.648083)

LINESTRING (386699.837852 6673857.362484, 386697.731939 6673857.282789, 386681.197261 6673868.537573)

LINESTRING (386699.837852 6673857.362484, 386708.813598 6673867.092161, 386709.643761 6673867.913427)

LINESTRING (386696.392253 6673853.089467, 386700.321619 6673849.502013)

LINESTRING (386696.392253 6673853.089467, 386699.837852 6673857.362484)

LINESTRING (386696.392253 6673853.089467, 386694.908311 6673851.408050, 386691.718323 6673847.862642, 386685.037282 6673840.190509)

LINESTRING (386704.268337 6673853.648083, 386700.321619 6673849.502013)

LINESTRING (386704.268337 6673853.648083, 386699.837852 6673857.362484)

LINESTRING (386704.268337 6673853.648083, 386709.147325 6673849.540905)

LINESTRING (386704.268337 6673853.648083, 386706.204430 6673855.772421, 386717.822451 6673867.849776)

LINESTRING (386681.197261 6673868.537573, 386669.646823 6673876.395172)

LINESTRING (386681.197261 6673868.537573, 386685.427833 6673874.502481)

LINESTRING (386681.197261 6673868.537573, 386697.731939 6673857.282789, 386699.837852 6673857.362484)

LINESTRING (386709.643761 6673867.913427, 386714.921319 6673873.099305, 386718.546535 6673876.542111)

LINESTRING (386709.643761 6673867.913427, 386708.813598 6673867.092161, 386699.837852 6673857.362484)

LINESTRING (386709.643761 6673867.913427, 386706.567127 6673870.181756, 386705.221685 6673871.181795)

LINESTRING (386709.147325 6673849.540905, 386716.720518 6673857.887553)

LINESTRING (386709.147325 6673849.540905, 386704.268337 6673853.648083)

LINESTRING (386709.147325 6673849.540905, 386688.574234 6673825.359573, 386666.499999 6673796.978888, 386655.368086 6673781.075322)

LINESTRING (386716.720518 6673857.887553, 386723.671600 6673853.125633)

LINESTRING (386716.720518 6673857.887553, 386722.498036 6673863.626324)

LINESTRING (386716.720518 6673857.887553, 386709.147325 6673849.540905)

LINESTRING (386655.368086 6673781.075322, 386647.759848 6673769.096873)

LINESTRING (386655.368086 6673781.075322, 386666.499999 6673796.978888, 386688.574234 6673825.359573, 386709.147325 6673849.540905)

LINESTRING (386655.368086 6673781.075322, 386670.816684 6673777.933585, 386683.637348 6673795.322818)

LINESTRING (386641.342004 6673758.998375, 386647.759848 6673769.096873)

LINESTRING (386641.342004 6673758.998375, 386625.265780 6673731.123128)

LINESTRING (386641.342004 6673758.998375, 386636.163050 6673761.844493)

LINESTRING (386647.759848 6673769.096873, 386655.368086 6673781.075322)

LINESTRING (386647.759848 6673769.096873, 386641.342004 6673758.998375)

LINESTRING (386647.759848 6673769.096873, 386670.044701 6673752.637917)

LINESTRING (386647.759848 6673769.096873, 386642.023608 6673772.227699)

LINESTRING (386636.163050 6673761.844493, 386637.637199 6673764.462303)

LINESTRING (386636.163050 6673761.844493, 386630.971178 6673765.348525)

LINESTRING (386636.163050 6673761.844493, 386641.342004 6673758.998375)

LINESTRING (386636.163050 6673761.844493, 386633.414648 6673756.970442, 386609.448800 6673717.359591)

LINESTRING (386781.795686 6673811.999772, 386758.860974 6673828.444715)

LINESTRING (386781.795686 6673811.999772, 386762.658449 6673785.243905)

LINESTRING (386781.795686 6673811.999772, 386792.205628 6673827.012202)

LINESTRING (386758.860974 6673828.444715, 386723.671600 6673853.125633)

LINESTRING (386758.860974 6673828.444715, 386781.795686 6673811.999772)

LINESTRING (386758.860974 6673828.444715, 386754.202016 6673821.367417)

LINESTRING (386792.205628 6673827.012202, 386781.795686 6673811.999772)

LINESTRING (386792.205628 6673827.012202, 386801.603508 6673840.707510)

LINESTRING (386792.205628 6673827.012202, 386789.075685 6673826.841536, 386785.997366 6673826.724996)

LINESTRING (386637.637199 6673764.462303, 386636.163050 6673761.844493)

LINESTRING (386637.637199 6673764.462303, 386642.023608 6673772.227699)

LINESTRING (386637.637199 6673764.462303, 386632.699012 6673767.913900)

LINESTRING (386630.971178 6673765.348525, 386617.994518 6673775.011225)

LINESTRING (386630.971178 6673765.348525, 386636.163050 6673761.844493)

LINESTRING (386630.971178 6673765.348525, 386632.699012 6673767.913900)

LINESTRING (386630.971178 6673765.348525, 386607.667841 6673726.519551, 386604.073090 6673726.218561, 386601.435356 6673722.410946)

LINESTRING (386617.994518 6673775.011225, 386603.726201 6673785.616662)

LINESTRING (386617.994518 6673775.011225, 386630.971178 6673765.348525)

LINESTRING (386617.994518 6673775.011225, 386607.707948 6673761.143285)

LINESTRING (386632.699012 6673767.913900, 386630.971178 6673765.348525)

LINESTRING (386632.699012 6673767.913900, 386622.088569 6673775.486213, 386615.384159 6673780.508145)

LINESTRING (386632.699012 6673767.913900, 386634.966616 6673771.420961, 386645.509146 6673787.465305)

LINESTRING (386601.435356 6673722.410946, 386598.154464 6673718.266640)

LINESTRING (386601.435356 6673722.410946, 386595.768639 6673726.174907, 386564.951841 6673747.423220, 386562.150508 6673748.546433)

LINESTRING (386601.435356 6673722.410946, 386604.073090 6673726.218561, 386607.667841 6673726.519551, 386630.971178 6673765.348525)

LINESTRING (386668.581442 6673877.119094, 386669.646823 6673876.395172)

LINESTRING (386668.581442 6673877.119094, 386666.916394 6673874.607482)

LINESTRING (386668.581442 6673877.119094, 386664.520218 6673880.030872, 386653.123359 6673879.403050)

LINESTRING (386669.646823 6673876.395172, 386681.197261 6673868.537573)

LINESTRING (386669.646823 6673876.395172, 386668.581442 6673877.119094)

LINESTRING (386669.646823 6673876.395172, 386673.220875 6673881.410848)

LINESTRING (386666.916394 6673874.607482, 386668.581442 6673877.119094)

LINESTRING (386666.916394 6673874.607482, 386669.802010 6673872.623636, 386696.392253 6673853.089467)

LINESTRING (386666.916394 6673874.607482, 386665.416876 6673872.781684, 386647.874254 6673849.866342)

LINESTRING (386653.123359 6673879.403050, 386625.103520 6673877.852454)

LINESTRING (386653.123359 6673879.403050, 386664.520218 6673880.030872, 386668.581442 6673877.119094)

LINESTRING (386653.123359 6673879.403050, 386653.050491 6673888.521246, 386655.504397 6673894.463122)

LINESTRING (386700.321619 6673849.502013, 386704.268337 6673853.648083)

LINESTRING (386700.321619 6673849.502013, 386697.324289 6673846.084367, 386682.712906 6673828.750526, 386661.377101 6673800.558752, 386647.673635 6673781.369283, 386642.023608 6673772.227699)

LINESTRING (386685.037282 6673840.190509, 386677.292561 6673831.147149)

LINESTRING (386685.037282 6673840.190509, 386677.844546 6673845.751221)

LINESTRING (386685.037282 6673840.190509, 386691.718323 6673847.862642, 386694.908311 6673851.408050, 386696.392253 6673853.089467)

LINESTRING (386718.546535 6673876.542111, 386720.898210 6673878.107532, 386726.878608 6673880.897968, 386731.871690 6673881.913608, 386740.636058 6673883.380925, 386808.546468 6673889.705437)

LINESTRING (386718.546535 6673876.542111, 386714.921319 6673873.099305, 386709.643761 6673867.913427)

LINESTRING (386718.546535 6673876.542111, 386718.214247 6673880.151961, 386716.749804 6673895.420219, 386716.739901 6673896.534942, 386717.429173 6673900.336063)

LINESTRING (386806.477474 6673885.434334, 386819.043116 6673886.171368)

LINESTRING (386806.477474 6673885.434334, 386804.648125 6673885.323738, 386735.963507 6673878.733500, 386729.564443 6673876.223463, 386724.519988 6673873.727241, 386719.192758 6673869.267258, 386717.822451 6673867.849776)

LINESTRING (386806.477474 6673885.434334, 386804.758477 6673881.174697, 386804.049126 6673879.413566)

LINESTRING (386806.477474 6673885.434334, 386808.113825 6673888.816137, 386808.546468 6673889.705437)

LINESTRING (386642.023608 6673772.227699, 386637.637199 6673764.462303)

LINESTRING (386642.023608 6673772.227699, 386647.759848 6673769.096873)

LINESTRING (386642.023608 6673772.227699, 386647.673635 6673781.369283, 386661.377101 6673800.558752, 386682.712906 6673828.750526, 386697.324289 6673846.084367, 386700.321619 6673849.502013)

LINESTRING (386799.763588 6673880.638214, 386804.049126 6673879.413566)

LINESTRING (386799.763588 6673880.638214, 386802.051011 6673850.333371)

LINESTRING (386799.763588 6673880.638214, 386797.716202 6673880.835256, 386781.405975 6673879.434013)

LINESTRING (386804.049126 6673879.413566, 386799.763588 6673880.638214)

LINESTRING (386804.049126 6673879.413566, 386805.579067 6673879.533420, 386817.862603 6673880.479769)

LINESTRING (386804.049126 6673879.413566, 386804.758477 6673881.174697, 386806.477474 6673885.434334)

LINESTRING (386802.051011 6673850.333371, 386799.763588 6673880.638214)

LINESTRING (386802.051011 6673850.333371, 386802.702373 6673842.501173, 386801.603508 6673840.707510)

LINESTRING (386802.051011 6673850.333371, 386803.178122 6673851.245772, 386808.254924 6673856.404555)

LINESTRING (386781.405975 6673879.434013, 386797.716202 6673880.835256, 386799.763588 6673880.638214)

LINESTRING (386781.405975 6673879.434013, 386740.805515 6673875.942521, 386734.166964 6673873.584760, 386729.700629 6673870.580299, 386724.941336 6673866.359050, 386722.498036 6673863.626324)

LINESTRING (386781.405975 6673879.434013, 386781.435816 6673875.733228, 386781.461790 6673874.060800, 386781.489248 6673871.897983)

LINESTRING (386573.522436 6673842.039283, 386588.367560 6673861.527439)

LINESTRING (386573.522436 6673842.039283, 386573.558203 6673839.073820)

LINESTRING (386573.522436 6673842.039283, 386576.447037 6673841.135141)

LINESTRING (386573.522436 6673842.039283, 386572.921463 6673842.525960, 386567.097151 6673847.286691, 386551.263158 6673858.576085, 386558.810809 6673868.773148)

LINESTRING (386588.367560 6673861.527439, 386573.522436 6673842.039283)

LINESTRING (386588.367560 6673861.527439, 386581.780167 6673866.378654)

LINESTRING (386588.367560 6673861.527439, 386597.149968 6673873.068203, 386599.038044 6673874.536467)

LINESTRING (386573.558203 6673839.073820, 386573.522436 6673842.039283)

LINESTRING (386573.558203 6673839.073820, 386573.997518 6673812.949374)

LINESTRING (386573.558203 6673839.073820, 386576.487367 6673837.779490)

LINESTRING (386573.558203 6673839.073820, 386572.703923 6673839.445760, 386556.921425 6673846.309288, 386545.936416 6673846.081366)

LINESTRING (386576.447037 6673841.135141, 386573.522436 6673842.039283)

LINESTRING (386576.447037 6673841.135141, 386600.221866 6673871.903200)

LINESTRING (386576.447037 6673841.135141, 386580.867292 6673837.989257, 386587.280333 6673833.778663, 386589.429451 6673832.385924)

LINESTRING (386558.810809 6673868.773148, 386551.263158 6673858.576085, 386567.097151 6673847.286691, 386572.921463 6673842.525960, 386573.522436 6673842.039283)

LINESTRING (386661.219123 6673877.737077, 386664.339588 6673876.347741)

LINESTRING (386661.219123 6673877.737077, 386657.845563 6673877.763518, 386647.100925 6673876.870349)

LINESTRING (386664.339588 6673876.347741, 386666.916394 6673874.607482)

LINESTRING (386647.100925 6673876.870349, 386657.845563 6673877.763518, 386661.219123 6673877.737077)

LINESTRING (386600.319257 6673788.151628, 386595.702361 6673791.760488)

LINESTRING (386600.319257 6673788.151628, 386603.726201 6673785.616662)

LINESTRING (386600.319257 6673788.151628, 386601.993805 6673790.250584)

LINESTRING (386595.702361 6673791.760488, 386592.564708 6673794.209111)

LINESTRING (386595.702361 6673791.760488, 386600.319257 6673788.151628)

LINESTRING (386595.702361 6673791.760488, 386595.382913 6673791.302328, 386594.115863 6673789.458212, 386593.234082 6673788.226235)

LINESTRING (386603.726201 6673785.616662, 386600.319257 6673788.151628)

LINESTRING (386603.726201 6673785.616662, 386617.994518 6673775.011225)

LINESTRING (386603.726201 6673785.616662, 386605.408707 6673787.793382)

LINESTRING (386603.726201 6673785.616662, 386603.569939 6673785.409762, 386601.118935 6673782.253871, 386593.234082 6673788.226235)

LINESTRING (386601.993805 6673790.250584, 386599.560069 6673792.131331)

LINESTRING (386601.993805 6673790.250584, 386600.319257 6673788.151628)

LINESTRING (386601.993805 6673790.250584, 386604.657548 6673793.645058, 386639.599173 6673839.112133)

LINESTRING (386647.874254 6673849.866342, 386639.599173 6673839.112133)

LINESTRING (386647.874254 6673849.866342, 386652.265138 6673846.487428)

LINESTRING (386647.874254 6673849.866342, 386665.416876 6673872.781684, 386666.916394 6673874.607482)

LINESTRING (386625.103520 6673877.852454, 386653.123359 6673879.403050)

LINESTRING (386625.103520 6673877.852454, 386623.710895 6673895.068772)

LINESTRING (386625.103520 6673877.852454, 386625.380450 6673875.325291)

LINESTRING (386625.103520 6673877.852454, 386602.355551 6673876.283634, 386599.038044 6673874.536467)

LINESTRING (386623.710895 6673895.068772, 386621.335039 6673924.440418)

LINESTRING (386623.710895 6673895.068772, 386625.103520 6673877.852454)

LINESTRING (386623.710895 6673895.068772, 386628.591487 6673895.318807)

LINESTRING (386623.710895 6673895.068772, 386617.328399 6673894.887550)

LINESTRING (386625.380450 6673875.325291, 386625.103520 6673877.852454)

LINESTRING (386625.380450 6673875.325291, 386627.470238 6673847.645285)

LINESTRING (386625.380450 6673875.325291, 386637.425680 6673876.100112, 386642.460139 6673876.479132, 386647.100925 6673876.870349)

LINESTRING (386599.038044 6673874.536467, 386600.221866 6673871.903200)

LINESTRING (386599.038044 6673874.536467, 386602.355551 6673876.283634, 386625.103520 6673877.852454)

LINESTRING (386599.038044 6673874.536467, 386597.149968 6673873.068203, 386588.367560 6673861.527439)

LINESTRING (386599.038044 6673874.536467, 386598.854673 6673874.887618, 386597.457371 6673877.616652, 386595.447144 6673884.387727, 386587.775694 6673890.074897)

LINESTRING (386599.560069 6673792.131331, 386593.597737 6673796.740271)

LINESTRING (386599.560069 6673792.131331, 386604.347030 6673798.312945, 386637.334925 6673840.909597)

LINESTRING (386639.599173 6673839.112133, 386647.874254 6673849.866342)

LINESTRING (386639.599173 6673839.112133, 386637.334925 6673840.909597)

LINESTRING (386639.599173 6673839.112133, 386604.657548 6673793.645058, 386601.993805 6673790.250584)

LINESTRING (386723.671600 6673853.125633, 386716.720518 6673857.887553)

LINESTRING (386723.671600 6673853.125633, 386758.860974 6673828.444715)

LINESTRING (386723.671600 6673853.125633, 386683.637348 6673795.322818)

LINESTRING (386723.671600 6673853.125633, 386724.630061 6673842.130111)

LINESTRING (386722.498036 6673863.626324, 386716.720518 6673857.887553)

LINESTRING (386722.498036 6673863.626324, 386717.822451 6673867.849776)

LINESTRING (386722.498036 6673863.626324, 386724.941336 6673866.359050, 386729.700629 6673870.580299, 386734.166964 6673873.584760, 386740.805515 6673875.942521, 386781.405975 6673879.434013)

LINESTRING (386722.498036 6673863.626324, 386723.680623 6673862.564466, 386733.376994 6673855.945693)

LINESTRING (386717.822451 6673867.849776, 386722.498036 6673863.626324)

LINESTRING (386717.822451 6673867.849776, 386706.204430 6673855.772421, 386704.268337 6673853.648083)

LINESTRING (386717.822451 6673867.849776, 386719.192758 6673869.267258, 386724.519988 6673873.727241, 386729.564443 6673876.223463, 386735.963507 6673878.733500, 386804.648125 6673885.323738, 386806.477474 6673885.434334)

LINESTRING (386615.384159 6673780.508145, 386620.693530 6673787.788019)

LINESTRING (386615.384159 6673780.508145, 386611.858320 6673783.147080, 386605.408707 6673787.793382)

LINESTRING (386645.509146 6673787.465305, 386649.875291 6673793.860602)

LINESTRING (386645.509146 6673787.465305, 386637.970541 6673792.791630)

LINESTRING (386645.509146 6673787.465305, 386634.966616 6673771.420961, 386632.699012 6673767.913900)

LINESTRING (386829.090702 6673908.862274, 386831.276095 6673913.129790)

LINESTRING (386829.090702 6673908.862274, 386836.293284 6673906.310481)

LINESTRING (386829.090702 6673908.862274, 386828.134689 6673906.841304, 386825.691252 6673901.946551)

LINESTRING (386838.048943 6673910.680438, 386836.293284 6673906.310481)

LINESTRING (386838.048943 6673910.680438, 386840.398792 6673917.216283)

LINESTRING (386838.048943 6673910.680438, 386836.495655 6673911.241087, 386831.276095 6673913.129790)

LINESTRING (386837.960242 6673931.868224, 386838.421897 6673933.157819)

LINESTRING (386837.960242 6673931.868224, 386844.722696 6673929.263187)

LINESTRING (386837.960242 6673931.868224, 386836.471380 6673927.690614, 386832.138804 6673915.543690, 386831.276095 6673913.129790)

LINESTRING (386836.293284 6673906.310481, 386838.048943 6673910.680438)

LINESTRING (386836.293284 6673906.310481, 386829.090702 6673908.862274)

LINESTRING (386836.293284 6673906.310481, 386828.398551 6673884.678560, 386828.440486 6673881.367449)

LINESTRING (386836.293284 6673906.310481, 386837.917622 6673905.714204, 386851.303564 6673901.032216)

LINESTRING (386840.398792 6673917.216283, 386844.722696 6673929.263187)

LINESTRING (386840.398792 6673917.216283, 386838.048943 6673910.680438)

LINESTRING (386840.398792 6673917.216283, 386842.045648 6673916.630456)

LINESTRING (386839.159309 6674059.699238, 386840.554704 6674053.315074)

LINESTRING (386839.159309 6674059.699238, 386851.246957 6674061.509831, 386872.143932 6674064.463503)

LINESTRING (386839.159309 6674059.699238, 386835.624559 6674059.173297, 386790.018489 6674052.570855)

LINESTRING (386839.159309 6674059.699238, 386838.704529 6674062.042427, 386836.536364 6674073.587941)

LINESTRING (386840.554704 6674053.315074, 386800.585972 6674047.574637)

LINESTRING (386840.554704 6674053.315074, 386839.159309 6674059.699238)

LINESTRING (387086.716954 6673648.146832, 387088.548238 6673646.697336)

LINESTRING (387067.768201 6673620.792984, 387050.314963 6673600.904225)

LINESTRING (387067.768201 6673620.792984, 387083.410111 6673639.545264, 387088.548238 6673646.697336)

LINESTRING (387067.768201 6673620.792984, 387064.176577 6673624.012987, 387053.964488 6673633.923117, 387047.648230 6673637.160332)

LINESTRING (386494.291875 6674284.156173, 386495.096960 6674276.475136)

LINESTRING (386494.291875 6674284.156173, 386493.474650 6674291.982462)

LINESTRING (386584.180602 6674272.699541, 386584.024541 6674266.051292)

LINESTRING (386584.180602 6674272.699541, 386637.713018 6674270.472799)

LINESTRING (386584.180602 6674272.699541, 386584.222001 6674274.035562, 386584.802683 6674289.730885, 386588.148835 6674317.665999, 386589.214515 6674354.386539, 386589.503422 6674357.442241, 386592.514292 6674358.619386, 386616.496070 6674351.925386, 386621.719143 6674351.785875, 386630.322634 6674351.497085, 386634.215855 6674353.750209, 386639.110768 6674360.753169, 386639.636618 6674361.606129)

LINESTRING (386584.180602 6674272.699541, 386581.171218 6674272.826225, 386566.644927 6674274.680553, 386556.812040 6674276.311460, 386549.731144 6674277.389035, 386543.705324 6674278.667948, 386493.474650 6674291.982462)

LINESTRING (386495.096960 6674276.475136, 386495.695134 6674269.279717)

LINESTRING (386495.096960 6674276.475136, 386494.291875 6674284.156173)

LINESTRING (386495.096960 6674276.475136, 386536.221042 6674266.195560, 386571.056060 6674260.334997, 386591.338168 6674258.514084, 386612.440687 6674257.559404, 386637.417086 6674256.796900)

LINESTRING (386495.695134 6674269.279717, 386496.085259 6674263.428054)

LINESTRING (386495.695134 6674269.279717, 386495.096960 6674276.475136)

LINESTRING (386495.695134 6674269.279717, 386519.948241 6674263.267630, 386530.548045 6674260.955342, 386534.469516 6674260.176266, 386553.815240 6674256.612245)

LINESTRING (386553.815240 6674256.612245, 386553.054038 6674250.673691)

LINESTRING (386553.815240 6674256.612245, 386556.209982 6674256.170263, 386584.330203 6674252.991967, 386600.494431 6674251.699897, 386613.494323 6674250.907114, 386620.981967 6674250.597158)

LINESTRING (386553.054038 6674250.673691, 386553.815240 6674256.612245)

LINESTRING (386553.054038 6674250.673691, 386554.654232 6674250.378922, 386584.003682 6674246.215270, 386611.840964 6674245.007334)

LINESTRING (386553.054038 6674250.673691, 386528.497409 6674255.491389, 386518.313029 6674257.957966, 386499.619002 6674262.493802, 386496.085259 6674263.428054)

LINESTRING (386553.054038 6674250.673691, 386552.930962 6674248.493243, 386551.893645 6674231.318751)

LINESTRING (386856.981476 6673680.703979, 386869.893616 6673698.559065)

LINESTRING (386856.981476 6673680.703979, 386858.893383 6673679.352170, 386864.351481 6673675.472491)

LINESTRING (386864.351481 6673675.472491, 386869.124000 6673672.037484)

LINESTRING (386864.351481 6673675.472491, 386856.545731 6673664.090373)

LINESTRING (386864.351481 6673675.472491, 386858.893383 6673679.352170, 386856.981476 6673680.703979)

LINESTRING (386519.529216 6673783.411395, 386519.869514 6673778.096209)

LINESTRING (386519.529216 6673783.411395, 386523.853718 6673783.979428)

LINESTRING (386519.529216 6673783.411395, 386519.219817 6673804.583812, 386519.007599 6673819.222719)

LINESTRING (386598.154464 6673718.266640, 386601.435356 6673722.410946)

LINESTRING (386598.154464 6673718.266640, 386565.032714 6673741.614592)

LINESTRING (386598.154464 6673718.266640, 386587.325544 6673702.844220)

LINESTRING (386565.032714 6673741.614592, 386561.741184 6673743.934278)

LINESTRING (386565.032714 6673741.614592, 386598.154464 6673718.266640)

LINESTRING (386565.032714 6673741.614592, 386564.519558 6673740.995274)

LINESTRING (386561.741184 6673743.934278, 386565.032714 6673741.614592)

LINESTRING (386561.741184 6673743.934278, 386562.150508 6673748.546433)

LINESTRING (386561.741184 6673743.934278, 386552.362128 6673743.779148, 386529.296492 6673760.998556, 386525.765815 6673763.838321, 386523.614100 6673766.401317, 386521.763419 6673769.902240, 386520.491105 6673773.619263, 386519.869514 6673778.096209)

LINESTRING (386562.150508 6673748.546433, 386561.741184 6673743.934278)

LINESTRING (386562.150508 6673748.546433, 386559.930375 6673749.439898, 386551.565547 6673750.312040, 386547.051014 6673752.925956, 386538.768427 6673758.242113, 386531.626920 6673764.559330, 386525.886273 6673772.917105, 386523.898330 6673779.330916)

LINESTRING (386562.150508 6673748.546433, 386563.427379 6673757.154757, 386561.824543 6673762.386472, 386557.899321 6673768.793427, 386553.171027 6673773.642799, 386544.074630 6673780.098583, 386536.513539 6673783.442153, 386530.139027 6673784.241517, 386523.853718 6673783.979428)

LINESTRING (386519.869514 6673778.096209, 386519.529216 6673783.411395)

LINESTRING (386519.869514 6673778.096209, 386523.898330 6673779.330916)

LINESTRING (386519.869514 6673778.096209, 386520.491105 6673773.619263, 386521.763419 6673769.902240, 386523.614100 6673766.401317, 386525.765815 6673763.838321, 386529.296492 6673760.998556, 386552.362128 6673743.779148, 386561.741184 6673743.934278)

LINESTRING (386519.869514 6673778.096209, 386518.730092 6673777.864069, 386507.400748 6673777.635784)

LINESTRING (386677.096454 6673667.389575, 386677.277729 6673685.259218)

LINESTRING (386677.096454 6673667.389575, 386687.192490 6673678.689301, 386688.825960 6673683.765062)

LINESTRING (386677.277729 6673685.259218, 386601.733420 6673683.475082)

LINESTRING (386677.277729 6673685.259218, 386677.096454 6673667.389575)

LINESTRING (386677.277729 6673685.259218, 386685.947854 6673685.458904, 386688.825960 6673683.765062)

LINESTRING (386523.853718 6673783.979428, 386519.529216 6673783.411395)

LINESTRING (386523.853718 6673783.979428, 386523.371077 6673815.499027, 386523.014378 6673821.717400)

LINESTRING (386523.853718 6673783.979428, 386530.139027 6673784.241517, 386536.513539 6673783.442153, 386544.074630 6673780.098583, 386553.171027 6673773.642799, 386557.899321 6673768.793427, 386561.824543 6673762.386472, 386563.427379 6673757.154757, 386562.150508 6673748.546433)

LINESTRING (387230.310465 6674093.954020, 387246.545948 6674121.615041)

LINESTRING (387230.310465 6674093.954020, 387226.661814 6674087.926023)

LINESTRING (387230.310465 6674093.954020, 387229.519574 6674094.401862, 387224.054731 6674097.512274)

LINESTRING (386616.119038 6673976.968503, 386615.650614 6673981.017208)

LINESTRING (386616.119038 6673976.968503, 386616.487527 6673973.814429, 386616.818079 6673971.764804)

LINESTRING (386616.119038 6673976.968503, 386621.088579 6673977.226913, 386625.732165 6673976.637322, 386629.752781 6673975.465246, 386634.242781 6673973.141930, 386638.246332 6673970.343340, 386641.635891 6673969.402559, 386644.865266 6673969.023951)

LINESTRING (386616.818079 6673971.764804, 386613.809216 6673971.378802, 386611.298006 6673970.754504, 386608.924054 6673969.903072)

LINESTRING (386616.818079 6673971.764804, 386619.629834 6673971.700002, 386622.277694 6673971.539980, 386624.305287 6673971.243153)

LINESTRING (386616.818079 6673971.764804, 386616.487527 6673973.814429, 386616.119038 6673976.968503)

LINESTRING (386644.865266 6673969.023951, 386644.637144 6673971.872782)

LINESTRING (386644.865266 6673969.023951, 386644.994220 6673966.557093, 386651.943473 6673956.189557, 386655.833265 6673952.046065)

LINESTRING (386644.865266 6673969.023951, 386681.891583 6673973.616816, 386688.353626 6673973.862547, 386692.970535 6673973.307300, 386697.859968 6673971.874379, 386703.466181 6673969.572322, 386714.328859 6673961.736104)

LINESTRING (386734.684965 6674028.974200, 386736.119936 6674019.390387)

LINESTRING (386734.684965 6674028.974200, 386737.343777 6674029.348841, 386751.998241 6674031.425160, 386766.930940 6674033.526363, 386785.279904 6674036.090316, 386792.138433 6674037.137486)

LINESTRING (386734.684965 6674028.974200, 386734.281739 6674032.084757, 386733.843524 6674035.140675, 386733.379344 6674038.074812)

LINESTRING (386736.119936 6674019.390387, 386732.528651 6674018.832860)

LINESTRING (386736.119936 6674019.390387, 386734.684965 6674028.974200)

LINESTRING (386736.119936 6674019.390387, 386765.383160 6674023.678220, 386793.603646 6674027.809082)

LINESTRING (386792.138433 6674037.137486, 386793.603646 6674027.809082)

LINESTRING (386792.138433 6674037.137486, 386796.960202 6674037.645872, 386801.971548 6674038.003528)

LINESTRING (386792.138433 6674037.137486, 386791.732405 6674040.158968, 386791.328479 6674043.068944, 386790.898174 6674046.202618)

LINESTRING (386733.379344 6674038.074812, 386732.516140 6674043.896492)

LINESTRING (386733.379344 6674038.074812, 386730.286007 6674037.646754, 386723.970087 6674036.738926)

LINESTRING (386733.379344 6674038.074812, 386733.843524 6674035.140675, 386734.281739 6674032.084757, 386734.684965 6674028.974200)

LINESTRING (386711.704827 6674041.030108, 386712.621031 6674035.128772)

LINESTRING (386711.704827 6674041.030108, 386730.793964 6674043.660034)

LINESTRING (386711.704827 6674041.030108, 386664.174337 6674034.488773)

LINESTRING (386711.704827 6674041.030108, 386711.273650 6674043.595469, 386708.998400 6674059.379175, 386708.250764 6674064.450627)

LINESTRING (386644.637144 6673971.872782, 386644.865266 6673969.023951)

LINESTRING (386644.637144 6673971.872782, 386653.646393 6673973.009118, 386661.931058 6673974.045325)

LINESTRING (386644.637144 6673971.872782, 386641.079816 6673973.130793, 386635.219615 6673977.803379, 386631.335433 6673979.617588, 386624.785815 6673981.024009, 386618.077695 6673981.075761, 386615.650614 6673981.017208)

LINESTRING (386549.277283 6673953.340985, 386548.925609 6673952.917261)

LINESTRING (386549.277283 6673953.340985, 386551.230376 6673955.654168, 386555.831144 6673959.233745, 386560.185723 6673961.316491, 386564.842558 6673962.765800, 386590.347484 6673965.920579, 386596.743068 6673972.977308, 386600.837547 6673976.160289, 386604.054103 6673978.055455, 386609.232717 6673979.867559, 386611.995838 6673980.562061, 386615.650614 6673981.017208)

LINESTRING (386549.277283 6673953.340985, 386544.068566 6673955.931854, 386537.121496 6673959.735609, 386536.746722 6673966.444887, 386538.091968 6673969.022076, 386568.326199 6673973.099958)

LINESTRING (386793.603646 6674027.809082, 386792.138433 6674037.137486)

LINESTRING (386793.603646 6674027.809082, 386797.804867 6674027.991192)

LINESTRING (386793.603646 6674027.809082, 386765.383160 6674023.678220, 386736.119936 6674019.390387)

LINESTRING (387246.545948 6674121.615041, 387250.329542 6674128.062375)

LINESTRING (387246.545948 6674121.615041, 387230.310465 6674093.954020)

LINESTRING (387246.545948 6674121.615041, 387240.744136 6674125.315303)

LINESTRING (387246.545948 6674121.615041, 387248.031069 6674120.644333, 387262.431742 6674112.344174)

LINESTRING (386732.516140 6674043.896492, 386733.379344 6674038.074812)

LINESTRING (386732.516140 6674043.896492, 386738.041641 6674044.728494)

LINESTRING (386732.516140 6674043.896492, 386730.793964 6674043.660034)

LINESTRING (386730.793964 6674043.660034, 386730.297899 6674046.639734)

LINESTRING (386730.793964 6674043.660034, 386732.516140 6674043.896492)

LINESTRING (386730.793964 6674043.660034, 386711.704827 6674041.030108)

LINESTRING (386610.355810 6673993.907878, 386608.734888 6673995.328824, 386607.756091 6673996.696446, 386606.940712 6673999.039695, 386606.702861 6674002.290022)

LINESTRING (387207.955497 6674103.457795, 387216.711353 6674100.892313)

LINESTRING (387207.955497 6674103.457795, 387206.008597 6674104.030417, 387203.863475 6674104.653724)

LINESTRING (387207.955497 6674103.457795, 387209.104121 6674107.055382, 387211.065485 6674112.355265)

LINESTRING (387210.916472 6674128.050771, 387217.716347 6674150.619819)

LINESTRING (387210.916472 6674128.050771, 387205.162462 6674129.699101)

LINESTRING (386612.689206 6674027.312739, 386640.015910 6674031.068919)

LINESTRING (386612.689206 6674027.312739, 386568.229163 6674021.190157)

LINESTRING (386612.689206 6674027.312739, 386613.407090 6674021.105477)

LINESTRING (386612.689206 6674027.312739, 386612.458065 6674029.704755, 386610.027132 6674044.211780, 386611.375059 6674046.878063)

LINESTRING (387064.262252 6674096.320798, 387067.113863 6674100.969073)

LINESTRING (387064.262252 6674096.320798, 387061.524256 6674098.232913)

LINESTRING (387064.262252 6674096.320798, 387068.255226 6674093.534156)

LINESTRING (387067.113863 6674100.969073, 387070.320011 6674106.676250, 387072.684106 6674112.431695, 387091.392540 6674172.188887, 387100.568283 6674201.415513, 387102.637455 6674208.227619)

LINESTRING (387067.113863 6674100.969073, 387062.178224 6674104.319720, 387059.590666 6674106.071178, 387056.225735 6674108.348110)

LINESTRING (387061.524256 6674098.232913, 387064.262252 6674096.320798)

LINESTRING (387061.524256 6674098.232913, 387057.263684 6674092.346539)

LINESTRING (387061.524256 6674098.232913, 387059.166463 6674099.876984, 387056.629489 6674101.649171, 387053.071145 6674104.132668)

LINESTRING (387068.255226 6674093.534156, 387070.740793 6674092.253905)

LINESTRING (387068.255226 6674093.534156, 387064.262252 6674096.320798)

LINESTRING (387068.255226 6674093.534156, 387063.884154 6674084.965448)

LINESTRING (386937.739643 6674327.623033, 386932.659517 6674319.276975)

LINESTRING (386937.739643 6674327.623033, 386936.352194 6674327.977928, 386921.764412 6674332.507348)

LINESTRING (386937.739643 6674327.623033, 386938.893158 6674330.473736, 386940.473061 6674335.450946, 386942.583599 6674336.767627)

LINESTRING (386789.817735 6673766.127485, 386793.546897 6673771.495091)

LINESTRING (386789.817735 6673766.127485, 386785.298278 6673759.792492)

LINESTRING (386789.817735 6673766.127485, 386788.449018 6673767.094777, 386781.442202 6673772.036594, 386780.681768 6673772.572744)

LINESTRING (386793.546897 6673771.495091, 386797.274416 6673778.066320)

LINESTRING (386793.546897 6673771.495091, 386789.817735 6673766.127485)

LINESTRING (386793.546897 6673771.495091, 386799.429598 6673767.891924)

LINESTRING (386781.489248 6673871.897983, 386781.461790 6673874.060800, 386781.435816 6673875.733228, 386781.405975 6673879.434013)

LINESTRING (386817.862603 6673880.479769, 386816.460180 6673873.714049)

LINESTRING (386817.862603 6673880.479769, 386819.043116 6673886.171368)

LINESTRING (386817.862603 6673880.479769, 386826.537334 6673881.203402, 386828.440486 6673881.367449)

LINESTRING (386817.862603 6673880.479769, 386805.579067 6673879.533420, 386804.049126 6673879.413566)

LINESTRING (386816.460180 6673873.714049, 386824.430254 6673873.545643)

LINESTRING (386816.460180 6673873.714049, 386817.862603 6673880.479769)

LINESTRING (386816.460180 6673873.714049, 386810.785263 6673866.980134, 386808.254924 6673856.404555)

LINESTRING (386819.043116 6673886.171368, 386806.477474 6673885.434334)

LINESTRING (386819.043116 6673886.171368, 386817.862603 6673880.479769)

LINESTRING (386819.043116 6673886.171368, 386825.691252 6673901.946551)

LINESTRING (386828.440486 6673881.367449, 386829.483948 6673881.190316)

LINESTRING (386828.440486 6673881.367449, 386828.398551 6673884.678560, 386836.293284 6673906.310481)

LINESTRING (386828.440486 6673881.367449, 386826.537334 6673881.203402, 386817.862603 6673880.479769)

LINESTRING (386947.133847 6673893.847792, 386948.820659 6673892.937599)

LINESTRING (386947.133847 6673893.847792, 386940.236684 6673894.071948)

LINESTRING (386947.133847 6673893.847792, 386948.149876 6673901.048963)

LINESTRING (386948.149876 6673901.048963, 386946.237801 6673903.470573)

LINESTRING (386948.149876 6673901.048963, 386947.133847 6673893.847792)

LINESTRING (386948.149876 6673901.048963, 386949.860410 6673900.906984)

LINESTRING (386941.137623 6673855.496529, 386936.891996 6673863.406267)

LINESTRING (386941.137623 6673855.496529, 386948.594270 6673854.876198, 386950.926809 6673857.801939)

LINESTRING (386941.137623 6673855.496529, 386943.139932 6673864.082545, 386944.173080 6673870.759412)

LINESTRING (386936.891996 6673863.406267, 386937.280856 6673866.113428, 386938.392715 6673874.080584)

LINESTRING (386950.926809 6673857.801939, 386948.594270 6673854.876198, 386941.137623 6673855.496529)

LINESTRING (386944.173080 6673870.759412, 386944.874410 6673875.317995)

LINESTRING (386944.173080 6673870.759412, 386945.946555 6673869.779677)

LINESTRING (386944.173080 6673870.759412, 386943.139932 6673864.082545, 386941.137623 6673855.496529)

LINESTRING (386965.122823 6674063.385337, 386952.860842 6674062.036665)

LINESTRING (386965.122823 6674063.385337, 386963.839420 6674060.104013)

LINESTRING (386952.860842 6674062.036665, 386950.042628 6674061.889675)

LINESTRING (386963.839420 6674060.104013, 386950.233540 6674059.086598)

LINESTRING (386963.839420 6674060.104013, 386971.693807 6674060.875592, 386977.311017 6674061.805417, 386979.856302 6674062.818954)

LINESTRING (386963.839420 6674060.104013, 386962.185829 6674057.235311, 386960.385031 6674054.092552, 386959.083353 6674051.837056, 386957.938978 6674049.643567)

LINESTRING (386823.959560 6673864.065372, 386824.430254 6673873.545643)

LINESTRING (386823.959560 6673864.065372, 386830.089515 6673863.976159, 386831.576174 6673863.952488)

LINESTRING (386823.959560 6673864.065372, 386817.951588 6673864.150825, 386817.369398 6673864.168825)

LINESTRING (386823.959560 6673864.065372, 386823.823262 6673861.272403, 386822.697771 6673831.151107)

LINESTRING (386817.369398 6673864.168825, 386816.879653 6673832.891168, 386809.916968 6673802.460009, 386797.274416 6673778.066320)

LINESTRING (386817.369398 6673864.168825, 386817.951588 6673864.150825, 386823.959560 6673864.065372)

LINESTRING (386817.369398 6673864.168825, 386815.830427 6673864.116110, 386808.254924 6673856.404555)

LINESTRING (386772.886499 6673720.079661, 386771.771076 6673721.161711)

LINESTRING (386771.771076 6673721.161711, 386761.879882 6673713.421563)

LINESTRING (386771.771076 6673721.161711, 386772.886499 6673720.079661)

LINESTRING (386771.771076 6673721.161711, 386772.146336 6673721.450997, 386779.867055 6673730.796190)

LINESTRING (386797.274416 6673778.066320, 386793.546897 6673771.495091)

LINESTRING (386797.274416 6673778.066320, 386802.944759 6673774.057391)

LINESTRING (386797.274416 6673778.066320, 386809.916968 6673802.460009, 386816.879653 6673832.891168, 386817.369398 6673864.168825)

LINESTRING (386797.274416 6673778.066320, 386787.805710 6673784.878465, 386681.094466 6673859.658847, 386628.629871 6673895.841395, 386624.859614 6673904.383165, 386614.462778 6673994.449313, 386613.450283 6674003.329160)

LINESTRING (387081.568805 6673875.846349, 387081.779513 6673873.321277, 387082.647022 6673864.200911, 387081.113966 6673849.225917)

LINESTRING (387081.568805 6673875.846349, 387087.825511 6673877.168960, 387094.518503 6673880.940977)

LINESTRING (387081.568805 6673875.846349, 387077.386869 6673875.574159, 387074.429020 6673876.122312, 387070.313126 6673877.631153, 387028.453758 6673900.230306, 387021.570370 6673906.115105, 387007.121763 6673922.942940, 387005.544536 6673924.886128)

LINESTRING (387081.113966 6673849.225917, 387091.294292 6673850.360645)

LINESTRING (387081.113966 6673849.225917, 387082.647022 6673864.200911, 387081.779513 6673873.321277, 387081.568805 6673875.846349)

LINESTRING (387081.113966 6673849.225917, 387051.433202 6673845.282729, 387042.777724 6673842.485160)

LINESTRING (387094.518503 6673880.940977, 387098.686989 6673880.957286, 387103.057549 6673879.607784, 387107.034085 6673879.518581, 387110.756342 6673880.362186, 387116.463113 6673882.749352, 387129.427608 6673890.306495, 387135.023674 6673894.324144, 387140.637709 6673899.645108, 387144.698106 6673905.337158, 387147.535485 6673911.323229, 387148.416596 6673915.241084, 387148.909296 6673918.981463, 387149.331682 6673924.941690, 387149.317421 6673930.959954, 387148.761933 6673935.624176, 387148.145325 6673939.565915, 387145.982823 6673945.929011)

LINESTRING (387094.518503 6673880.940977, 387096.146101 6673883.687953, 387096.779784 6673886.599314, 387096.728388 6673895.549632, 387096.129399 6673898.621596, 387094.323294 6673903.402411, 387092.468674 6673906.970013, 387089.128301 6673911.129505, 387087.725463 6673912.610367, 387084.612191 6673915.135817, 387083.241006 6673916.203372)

LINESTRING (387094.518503 6673880.940977, 387087.825511 6673877.168960, 387081.568805 6673875.846349)

LINESTRING (387005.544536 6673924.886128, 387003.467544 6673923.044592)

LINESTRING (387005.544536 6673924.886128, 387004.107918 6673928.507741)

LINESTRING (387005.544536 6673924.886128, 387007.121763 6673922.942940, 387021.570370 6673906.115105, 387028.453758 6673900.230306, 387070.313126 6673877.631153, 387074.429020 6673876.122312, 387077.386869 6673875.574159, 387081.568805 6673875.846349)

LINESTRING (386808.254924 6673856.404555, 386808.186792 6673840.559667, 386766.869222 6673782.316474)

LINESTRING (386808.254924 6673856.404555, 386815.830427 6673864.116110, 386817.369398 6673864.168825)

LINESTRING (386808.254924 6673856.404555, 386803.178122 6673851.245772, 386802.051011 6673850.333371)

LINESTRING (387042.777724 6673842.485160, 387038.117449 6673845.058383)

LINESTRING (387042.777724 6673842.485160, 387039.237514 6673835.852200)

LINESTRING (387042.777724 6673842.485160, 387063.867053 6673859.197032, 387072.931005 6673865.882493)

LINESTRING (387042.777724 6673842.485160, 387051.433202 6673845.282729, 387081.113966 6673849.225917)

LINESTRING (387038.117449 6673845.058383, 387042.777724 6673842.485160)

LINESTRING (387038.117449 6673845.058383, 387006.709619 6673861.763209)

LINESTRING (387038.117449 6673845.058383, 387034.560646 6673838.247633)

LINESTRING (387038.117449 6673845.058383, 387046.145167 6673861.326276)

LINESTRING (387072.931005 6673865.882493, 387063.867053 6673859.197032, 387042.777724 6673842.485160)

LINESTRING (386801.603508 6673840.707510, 386792.205628 6673827.012202)

LINESTRING (386801.603508 6673840.707510, 386795.869670 6673840.505916)

LINESTRING (386801.603508 6673840.707510, 386802.702373 6673842.501173, 386802.051011 6673850.333371)

LINESTRING (386848.782195 6673709.564428, 386846.817860 6673706.705374)

LINESTRING (386848.782195 6673709.564428, 386850.388292 6673711.966501)

LINESTRING (386848.782195 6673709.564428, 386847.365947 6673710.611175)

LINESTRING (386742.370837 6673903.754514, 386742.331137 6673904.803294)

LINESTRING (386742.370837 6673903.754514, 386730.146961 6673902.761997, 386723.281884 6673903.843671, 386722.896173 6673903.933616)

LINESTRING (386742.370837 6673903.754514, 386750.365994 6673904.398693, 386818.094399 6673910.773573)

LINESTRING (386759.546240 6673780.982806, 386736.633395 6673750.421108)

LINESTRING (386759.546240 6673780.982806, 386762.658449 6673785.243905)

LINESTRING (386759.546240 6673780.982806, 386748.617991 6673789.411531)

LINESTRING (386881.973924 6673714.823993, 386888.100538 6673724.318957)

LINESTRING (386881.973924 6673714.823993, 386881.519062 6673714.113678)

LINESTRING (386881.973924 6673714.823993, 386884.668462 6673712.935384)

LINESTRING (386862.290326 6673729.106120, 386861.106185 6673727.426516)

LINESTRING (386862.290326 6673729.106120, 386868.172893 6673737.527612)

LINESTRING (386862.290326 6673729.106120, 386860.513626 6673730.342308)

LINESTRING (386677.292561 6673831.147149, 386669.149256 6673820.165913)

LINESTRING (386677.292561 6673831.147149, 386685.037282 6673840.190509)

LINESTRING (386677.292561 6673831.147149, 386671.807139 6673835.206278, 386670.690089 6673836.054385)

LINESTRING (386669.149256 6673820.165913, 386658.741733 6673806.145568)

LINESTRING (386669.149256 6673820.165913, 386677.292561 6673831.147149)

LINESTRING (386669.149256 6673820.165913, 386663.456198 6673824.510086, 386662.466705 6673825.175939)

LINESTRING (386670.690089 6673836.054385, 386677.844546 6673845.751221)

LINESTRING (386670.690089 6673836.054385, 386662.466705 6673825.175939)

LINESTRING (386670.690089 6673836.054385, 386669.440626 6673837.107186)

LINESTRING (386670.690089 6673836.054385, 386671.807139 6673835.206278, 386677.292561 6673831.147149)

LINESTRING (386728.310045 6673764.831727, 386719.823739 6673770.566102)

LINESTRING (386728.310045 6673764.831727, 386733.429679 6673766.344947, 386738.605843 6673771.299973, 386741.435165 6673776.283034, 386748.617991 6673789.411531)

LINESTRING (386728.310045 6673764.831727, 386728.129090 6673759.521557, 386730.047574 6673755.873775, 386733.662305 6673752.875595, 386736.633395 6673750.421108)

LINESTRING (386719.823739 6673770.566102, 386728.310045 6673764.831727)

LINESTRING (386719.823739 6673770.566102, 386683.637348 6673795.322818)

LINESTRING (386719.823739 6673770.566102, 386723.403292 6673775.938270)

LINESTRING (386748.617991 6673789.411531, 386738.987502 6673796.551992)

LINESTRING (386748.617991 6673789.411531, 386759.546240 6673780.982806)

LINESTRING (386748.617991 6673789.411531, 386741.435165 6673776.283034, 386738.605843 6673771.299973, 386733.429679 6673766.344947, 386728.310045 6673764.831727)

LINESTRING (386736.633395 6673750.421108, 386759.546240 6673780.982806)

LINESTRING (386736.633395 6673750.421108, 386709.705876 6673713.174687, 386705.799778 6673709.807441, 386699.912667 6673706.991852, 386692.148453 6673705.036749, 386687.542418 6673704.878419, 386652.962216 6673704.266133)

LINESTRING (386736.633395 6673750.421108, 386733.662305 6673752.875595, 386730.047574 6673755.873775, 386728.129090 6673759.521557, 386728.310045 6673764.831727)

LINESTRING (386683.637348 6673795.322818, 386723.671600 6673853.125633)

LINESTRING (386683.637348 6673795.322818, 386719.823739 6673770.566102)

LINESTRING (386683.637348 6673795.322818, 386694.477850 6673796.257714)

LINESTRING (386683.637348 6673795.322818, 386670.816684 6673777.933585, 386655.368086 6673781.075322)

LINESTRING (386724.630061 6673842.130111, 386723.671600 6673853.125633)

LINESTRING (386536.868564 6673640.172570, 386545.950407 6673651.325053)

LINESTRING (386536.868564 6673640.172570, 386518.458741 6673657.024844)

LINESTRING (386536.868564 6673640.172570, 386527.591627 6673628.457802, 386525.454386 6673625.760286)

LINESTRING (386529.368834 6673661.980166, 386518.458741 6673657.024844)

LINESTRING (386529.368834 6673661.980166, 386533.084922 6673659.925900, 386545.950407 6673651.325053)

LINESTRING (386529.368834 6673661.980166, 386523.287666 6673665.266739, 386508.211965 6673676.332189, 386505.229154 6673678.943247, 386502.843386 6673682.193305)

LINESTRING (386529.368834 6673661.980166, 386534.772436 6673664.230977, 386543.493335 6673671.260144, 386550.960795 6673677.603800, 386557.952154 6673683.271284)

LINESTRING (386738.987502 6673796.551992, 386748.617991 6673789.411531)

LINESTRING (386723.090762 6673904.841417, 386722.896173 6673903.933616)

LINESTRING (386722.896173 6673903.933616, 386718.467938 6673905.029047)

LINESTRING (386722.896173 6673903.933616, 386723.090762 6673904.841417)

LINESTRING (386722.896173 6673903.933616, 386723.281884 6673903.843671, 386730.146961 6673902.761997, 386742.370837 6673903.754514)

LINESTRING (386694.477850 6673796.257714, 386683.637348 6673795.322818)

LINESTRING (386652.962216 6673704.266133, 386635.414095 6673703.962529)

LINESTRING (386652.962216 6673704.266133, 386687.542418 6673704.878419, 386692.148453 6673705.036749, 386699.912667 6673706.991852, 386705.799778 6673709.807441, 386709.705876 6673713.174687, 386736.633395 6673750.421108)

LINESTRING (386652.962216 6673704.266133, 386651.262677 6673706.558732, 386642.428161 6673713.775098)

LINESTRING (386523.898330 6673779.330916, 386523.853718 6673783.979428)

LINESTRING (386523.898330 6673779.330916, 386519.869514 6673778.096209)

LINESTRING (386507.400748 6673777.635784, 386518.730092 6673777.864069, 386519.869514 6673778.096209)

LINESTRING (386544.046934 6673922.823122, 386542.252583 6673922.767294)

LINESTRING (386544.046934 6673922.823122, 386548.086126 6673922.965396, 386551.598238 6673923.112866)

LINESTRING (386544.046934 6673922.823122, 386543.758783 6673937.341794, 386544.591880 6673942.375438, 386546.457092 6673946.329539, 386549.333476 6673950.319167, 386552.677713 6673954.004549)

LINESTRING (386552.677713 6673954.004549, 386556.493646 6673957.151538, 386560.949729 6673959.465167, 386565.510264 6673960.672290, 386590.625145 6673962.880757, 386593.228820 6673963.981377, 386596.003157 6673966.291429, 386599.115895 6673969.671985, 386602.712138 6673972.357770, 386606.911400 6673974.623688, 386611.656539 6673976.237483, 386616.119038 6673976.968503)

LINESTRING (386552.677713 6673954.004549, 386549.923900 6673953.432387, 386548.925609 6673952.917261)

LINESTRING (386548.925609 6673952.917261, 386549.277283 6673953.340985)

LINESTRING (386548.925609 6673952.917261, 386547.905580 6673951.700725, 386545.091220 6673947.742608, 386542.972409 6673943.306023, 386541.936027 6673937.264559, 386542.252583 6673922.767294)

LINESTRING (386548.925609 6673952.917261, 386549.923900 6673953.432387, 386552.677713 6673954.004549)

LINESTRING (386548.925609 6673952.917261, 386546.234972 6673951.518474, 386542.875748 6673948.424204, 386539.845394 6673945.197159, 386536.370276 6673940.512867, 386533.407066 6673935.155203, 386530.955421 6673929.113033, 386529.625961 6673924.897160, 386529.115280 6673921.313414)

LINESTRING (386564.519558 6673740.995274, 386565.032714 6673741.614592)

LINESTRING (386644.689236 6673717.070628, 386643.594051 6673715.399480, 386642.428161 6673713.775098)

LINESTRING (386642.428161 6673713.775098, 386635.414095 6673703.962529)

LINESTRING (386642.428161 6673713.775098, 386627.941721 6673723.261619)

LINESTRING (386642.428161 6673713.775098, 386643.594051 6673715.399480, 386644.689236 6673717.070628)

LINESTRING (386642.428161 6673713.775098, 386651.262677 6673706.558732, 386652.962216 6673704.266133)

LINESTRING (386517.193877 6673862.406983, 386518.548158 6673862.409577)

LINESTRING (386518.548158 6673862.409577, 386517.193877 6673862.406983)

LINESTRING (386518.548158 6673862.409577, 386518.514732 6673863.658763, 386518.485787 6673870.602495)

LINESTRING (386518.548158 6673862.409577, 386518.713493 6673856.642902, 386519.700688 6673851.965170)

LINESTRING (386736.451155 6673964.807129, 386734.139832 6673966.516838)

LINESTRING (386734.139832 6673966.516838, 386731.503419 6673968.481780)

LINESTRING (386734.139832 6673966.516838, 386736.451155 6673964.807129)

LINESTRING (386734.139832 6673966.516838, 386731.289978 6673962.659983)

LINESTRING (386718.257142 6673940.362598, 386715.853620 6673942.142037)

LINESTRING (386715.853620 6673942.142037, 386718.257142 6673940.362598)

LINESTRING (386715.853620 6673942.142037, 386713.195021 6673944.107678)

LINESTRING (386715.853620 6673942.142037, 386718.188680 6673945.323873)

LINESTRING (386600.221866 6673871.903200, 386599.038044 6673874.536467)

LINESTRING (386600.221866 6673871.903200, 386602.703246 6673873.174780, 386605.228373 6673873.887797, 386621.404299 6673875.069536, 386625.380450 6673875.325291)

LINESTRING (386587.775694 6673890.074897, 386580.566962 6673895.290836)

LINESTRING (386587.775694 6673890.074897, 386586.704061 6673888.625921)

LINESTRING (386587.775694 6673890.074897, 386595.447144 6673884.387727, 386597.457371 6673877.616652, 386598.854673 6673874.887618, 386599.038044 6673874.536467)

LINESTRING (386589.429451 6673832.385924, 386603.929194 6673822.987969)

LINESTRING (386589.429451 6673832.385924, 386587.280333 6673833.778663, 386580.867292 6673837.989257, 386576.447037 6673841.135141)

LINESTRING (386589.429451 6673832.385924, 386595.203557 6673841.768758, 386597.720828 6673844.198220, 386599.940565 6673845.622778, 386603.108895 6673846.315870, 386607.188332 6673846.679850, 386610.975786 6673846.038758, 386614.995247 6673844.287209, 386618.734813 6673839.591125)

LINESTRING (386482.333735 6673945.252827, 386482.401613 6673942.609546)

LINESTRING (386482.333735 6673945.252827, 386481.313981 6673983.954835)

LINESTRING (386482.333735 6673945.252827, 386490.244364 6673945.497867)

LINESTRING (386503.025614 6673638.658432, 386489.714229 6673621.240416, 386485.531873 6673615.775706)

LINESTRING (386503.025614 6673638.658432, 386505.885148 6673643.707257, 386510.379576 6673650.109570, 386514.964688 6673654.603421, 386518.458741 6673657.024844)

LINESTRING (386503.025614 6673638.658432, 386500.166343 6673645.255285, 386498.285796 6673648.868585, 386495.303804 6673653.117821)

LINESTRING (386525.454386 6673625.760286, 386527.591627 6673628.457802, 386536.868564 6673640.172570)

LINESTRING (386525.454386 6673625.760286, 386523.933847 6673627.022133, 386518.819408 6673620.672454)

LINESTRING (386759.667058 6673630.577439, 386758.174204 6673631.660022, 386745.775958 6673640.669125, 386743.767703 6673642.135416, 386742.084470 6673643.881402)

LINESTRING (386742.084470 6673643.881402, 386729.734019 6673655.329657)

LINESTRING (386742.084470 6673643.881402, 386743.767703 6673642.135416, 386745.775958 6673640.669125, 386758.174204 6673631.660022, 386759.667058 6673630.577439)

LINESTRING (386742.084470 6673643.881402, 386744.757922 6673647.052792, 386766.312721 6673672.630546, 386771.337096 6673674.469951)

LINESTRING (386724.036290 6673660.609976, 386729.734019 6673655.329657)

LINESTRING (386724.036290 6673660.609976, 386723.823460 6673662.700520, 386722.751015 6673663.736679, 386710.777288 6673673.902911, 386709.079680 6673674.824689)

LINESTRING (386729.734019 6673655.329657, 386724.036290 6673660.609976)

LINESTRING (386729.734019 6673655.329657, 386742.084470 6673643.881402)

LINESTRING (386729.734019 6673655.329657, 386727.916732 6673653.101329)

LINESTRING (386709.079680 6673674.824689, 386707.441141 6673672.992031)

LINESTRING (386709.079680 6673674.824689, 386715.081179 6673681.514926)

LINESTRING (386709.079680 6673674.824689, 386703.742291 6673677.040389)

LINESTRING (386780.282069 6673683.197788, 386771.337096 6673674.469951)

LINESTRING (386771.337096 6673674.469951, 386780.282069 6673683.197788)

LINESTRING (386771.337096 6673674.469951, 386773.347020 6673680.236184, 386777.594183 6673688.351508)

LINESTRING (386771.337096 6673674.469951, 386766.312721 6673672.630546, 386744.757922 6673647.052792, 386742.084470 6673643.881402)

LINESTRING (386707.441141 6673672.992031, 386704.256567 6673669.446439)

LINESTRING (386707.441141 6673672.992031, 386709.079680 6673674.824689)

LINESTRING (386707.441141 6673672.992031, 386708.879579 6673671.766235, 386720.680348 6673661.750222, 386722.057422 6673660.693494, 386724.036290 6673660.609976)

LINESTRING (386715.081179 6673681.514926, 386709.079680 6673674.824689)

LINESTRING (386715.081179 6673681.514926, 386716.781542 6673680.682218)

LINESTRING (386715.081179 6673681.514926, 386718.972909 6673685.852169, 386725.720369 6673689.566135)

LINESTRING (386703.742291 6673677.040389, 386707.441141 6673672.992031)

LINESTRING (386703.742291 6673677.040389, 386716.407425 6673689.219084, 386741.492922 6673703.699292, 386768.948372 6673724.826291, 386776.402321 6673733.800827)

LINESTRING (386777.594183 6673688.351508, 386773.347020 6673680.236184, 386771.337096 6673674.469951)

LINESTRING (386727.916732 6673653.101329, 386729.734019 6673655.329657)

LINESTRING (386781.268561 6674002.213532, 386783.234124 6674001.885278, 386786.458040 6674000.972043, 386791.081404 6673999.190861)

LINESTRING (386781.268561 6674002.213532, 386777.753617 6674001.074102, 386772.295044 6673999.716192, 386763.505932 6673998.695344)

LINESTRING (386781.268561 6674002.213532, 386784.469326 6674004.499386, 386789.311996 6674008.194349, 386792.382261 6674011.464932, 386794.709567 6674014.758495, 386798.649682 6674022.827606)

LINESTRING (386791.081404 6673999.190861, 386800.384307 6674011.083735, 386798.649682 6674022.827606)

LINESTRING (386791.081404 6673999.190861, 386784.400557 6673991.150802, 386755.743143 6673987.078093)

LINESTRING (386791.081404 6673999.190861, 386786.458040 6674000.972043, 386783.234124 6674001.885278, 386781.268561 6674002.213532)

LINESTRING (386763.505932 6673998.695344, 386761.125893 6673993.698373, 386758.137853 6673989.678611, 386755.743143 6673987.078093)

LINESTRING (386763.505932 6673998.695344, 386758.299991 6673999.045841, 386754.947389 6674000.642877)

LINESTRING (386763.505932 6673998.695344, 386772.295044 6673999.716192, 386777.753617 6674001.074102, 386781.268561 6674002.213532)

LINESTRING (386798.649682 6674022.827606, 386797.804867 6674027.991192)

LINESTRING (386798.649682 6674022.827606, 386800.384307 6674011.083735, 386791.081404 6673999.190861)

LINESTRING (386798.649682 6674022.827606, 386794.709567 6674014.758495, 386792.382261 6674011.464932, 386789.311996 6674008.194349, 386784.469326 6674004.499386, 386781.268561 6674002.213532)

LINESTRING (386754.947389 6674000.642877, 386751.011289 6673998.268355, 386746.363298 6673992.795495)

LINESTRING (386754.947389 6674000.642877, 386749.585053 6674003.472231, 386733.350641 6674012.934446)

LINESTRING (386754.947389 6674000.642877, 386758.299991 6673999.045841, 386763.505932 6673998.695344)

LINESTRING (386746.363298 6673992.795495, 386745.035471 6673986.829869)

LINESTRING (386746.363298 6673992.795495, 386747.986650 6673991.630853, 386754.539335 6673986.914740, 386755.743143 6673987.078093)

LINESTRING (386746.363298 6673992.795495, 386734.983574 6674000.959655, 386733.350641 6674012.934446)

LINESTRING (386746.363298 6673992.795495, 386751.011289 6673998.268355, 386754.947389 6674000.642877)

LINESTRING (386733.350641 6674012.934446, 386732.528651 6674018.832860)

LINESTRING (386733.350641 6674012.934446, 386734.983574 6674000.959655, 386746.363298 6673992.795495)

LINESTRING (386733.350641 6674012.934446, 386749.585053 6674003.472231, 386754.947389 6674000.642877)

LINESTRING (386745.035471 6673986.829869, 386746.363298 6673992.795495)

LINESTRING (386745.035471 6673986.829869, 386743.433747 6673979.724868)

LINESTRING (386745.035471 6673986.829869, 386751.486638 6673982.061170, 386753.926835 6673982.364579, 386788.216998 6673986.965147, 386791.803668 6673991.679645)

LINESTRING (386799.514075 6673985.635087, 386791.803668 6673991.679645)

LINESTRING (386799.514075 6673985.635087, 386815.781270 6674007.019204, 386814.461250 6674016.019926)

LINESTRING (386799.514075 6673985.635087, 386795.019051 6673979.722815, 386752.521830 6673974.083351, 386743.433747 6673979.724868)

LINESTRING (386799.514075 6673985.635087, 386802.542862 6673983.256871, 386812.714012 6673975.486913)

LINESTRING (386791.803668 6673991.679645, 386799.514075 6673985.635087)

LINESTRING (386791.803668 6673991.679645, 386806.156490 6674010.559768, 386803.933293 6674025.528264, 386803.416329 6674028.731481)

LINESTRING (386755.743143 6673987.078093, 386784.400557 6673991.150802, 386791.081404 6673999.190861)

LINESTRING (386755.743143 6673987.078093, 386754.539335 6673986.914740, 386747.986650 6673991.630853, 386746.363298 6673992.795495)

LINESTRING (386755.743143 6673987.078093, 386758.137853 6673989.678611, 386761.125893 6673993.698373, 386763.505932 6673998.695344)

LINESTRING (387149.817705 6674458.730254, 387152.667142 6674527.747143)

LINESTRING (387149.817705 6674458.730254, 387145.996014 6674377.618538)

LINESTRING (387149.817705 6674458.730254, 387155.860026 6674457.451825)

LINESTRING (387190.630166 6673747.792384, 387185.323957 6673750.663918)

LINESTRING (387190.630166 6673747.792384, 387192.881184 6673752.760158)

LINESTRING (387190.630166 6673747.792384, 387194.183528 6673744.952582, 387197.012228 6673741.109855)

LINESTRING (387190.630166 6673747.792384, 387182.946974 6673738.367205, 387168.753369 6673728.039422)

LINESTRING (387179.017637 6673768.087059, 387175.663175 6673762.072321)

LINESTRING (387179.017637 6673768.087059, 387199.373411 6673757.218348, 387204.822245 6673754.832781)

LINESTRING (387179.017637 6673768.087059, 387166.191574 6673774.934801, 387161.612639 6673777.271326, 387158.881758 6673771.861453)

LINESTRING (387179.017637 6673768.087059, 387179.998518 6673769.839888, 387180.891024 6673771.606585, 387183.392099 6673783.788031)

LINESTRING (387061.767027 6673817.571636, 387065.898101 6673815.293374)

LINESTRING (387061.767027 6673817.571636, 387040.694112 6673829.098487)

LINESTRING (387061.767027 6673817.571636, 387061.267657 6673816.316612)

LINESTRING (386944.874410 6673875.317995, 386938.392715 6673874.080584)

LINESTRING (386944.874410 6673875.317995, 386947.522253 6673878.390014)

LINESTRING (386944.874410 6673875.317995, 386944.173080 6673870.759412)

LINESTRING (386988.315311 6673857.750782, 387002.543801 6673849.967570)

LINESTRING (386988.315311 6673857.750782, 386987.627012 6673856.668761)

LINESTRING (386988.315311 6673857.750782, 386960.322582 6673873.069016, 386953.893615 6673875.875272, 386947.522253 6673878.390014)

LINESTRING (387158.881758 6673771.861453, 387153.523988 6673774.678904)

LINESTRING (387158.881758 6673771.861453, 387161.612639 6673777.271326, 387166.191574 6673774.934801, 387179.017637 6673768.087059)

LINESTRING (387158.881758 6673771.861453, 387156.024024 6673766.477780, 387160.517052 6673764.054744, 387162.023742 6673763.239359)

LINESTRING (387153.523988 6673774.678904, 387158.881758 6673771.861453)

LINESTRING (387153.523988 6673774.678904, 387156.580881 6673780.401904, 387154.309942 6673781.630893)

LINESTRING (387153.523988 6673774.678904, 387150.728614 6673769.337889, 387148.610521 6673770.484161)

LINESTRING (387162.023742 6673763.239359, 387185.323957 6673750.663918)

LINESTRING (387162.023742 6673763.239359, 387161.577339 6673762.261292)

LINESTRING (387162.023742 6673763.239359, 387160.517052 6673764.054744, 387156.024024 6673766.477780, 387158.881758 6673771.861453)

LINESTRING (387144.139261 6673787.115291, 387154.309942 6673781.630893)

LINESTRING (387144.139261 6673787.115291, 387134.536342 6673792.292467, 387131.473783 6673793.947066)

LINESTRING (387144.139261 6673787.115291, 387145.012691 6673788.982865, 387141.790013 6673790.664679, 387142.839794 6673792.671690, 387144.360956 6673795.566842, 387166.551206 6673837.921398)

LINESTRING (387154.309942 6673781.630893, 387144.139261 6673787.115291)

LINESTRING (387154.309942 6673781.630893, 387151.577336 6673776.165358)

LINESTRING (387154.309942 6673781.630893, 387156.580881 6673780.401904, 387153.523988 6673774.678904)

LINESTRING (387148.610521 6673770.484161, 387129.400779 6673780.894353)

LINESTRING (387148.610521 6673770.484161, 387151.577336 6673776.165358)

LINESTRING (387148.610521 6673770.484161, 387150.728614 6673769.337889, 387153.523988 6673774.678904)

LINESTRING (387175.663175 6673762.072321, 387167.529396 6673766.479761)

LINESTRING (387175.663175 6673762.072321, 387179.017637 6673768.087059)

LINESTRING (387175.663175 6673762.072321, 387179.550010 6673759.968883, 387192.881184 6673752.760158)

LINESTRING (387185.323957 6673750.663918, 387190.630166 6673747.792384)

LINESTRING (387185.323957 6673750.663918, 387162.023742 6673763.239359)

LINESTRING (387185.323957 6673750.663918, 387179.775832 6673748.026579)

LINESTRING (387168.753369 6673728.039422, 387167.080965 6673730.141484)

LINESTRING (387168.753369 6673728.039422, 387182.946974 6673738.367205, 387190.630166 6673747.792384)

LINESTRING (387168.753369 6673728.039422, 387128.086020 6673698.468414, 387120.699416 6673693.090670)

LINESTRING (386986.621612 6674226.752165, 386988.499817 6674234.561940)

LINESTRING (386986.621612 6674226.752165, 386942.136755 6674227.802770)

LINESTRING (386986.621612 6674226.752165, 386969.381973 6674206.701257, 386953.770782 6674193.743529)

LINESTRING (387076.648840 6674211.982503, 387082.902425 6674209.984228)

LINESTRING (387076.648840 6674211.982503, 387074.775120 6674212.586373)

LINESTRING (387076.648840 6674211.982503, 387074.977630 6674206.918905)

LINESTRING (387080.547521 6674202.545731, 387077.993261 6674194.221854)

LINESTRING (387080.547521 6674202.545731, 387079.387274 6674203.071866)

LINESTRING (387080.547521 6674202.545731, 387081.195603 6674204.665411, 387082.902425 6674209.984228)

LINESTRING (386946.255124 6674174.283943, 386936.435555 6674164.680098)

LINESTRING (386946.255124 6674174.283943, 386954.493775 6674182.833366)

LINESTRING (386946.255124 6674174.283943, 386942.480365 6674178.200689)

LINESTRING (386946.255124 6674174.283943, 386947.142406 6674173.365006, 386951.987118 6674168.334238)

LINESTRING (386953.770782 6674193.743529, 386942.136755 6674227.802770)

LINESTRING (386953.770782 6674193.743529, 386953.773312 6674191.848945, 386953.943274 6674185.313225, 386954.493775 6674182.833366)

LINESTRING (386953.770782 6674193.743529, 386969.381973 6674206.701257, 386986.621612 6674226.752165)

LINESTRING (386928.949798 6674074.331680, 386926.371364 6674072.784284)

LINESTRING (386928.949798 6674074.331680, 386932.813093 6674074.535525)

LINESTRING (386928.949798 6674074.331680, 386928.914302 6674074.979138, 386932.772739 6674075.205421, 386932.813093 6674074.535525)

LINESTRING (386928.949798 6674074.331680, 386928.988432 6674073.606117, 386932.846870 6674073.832401, 386932.813093 6674074.535525)

LINESTRING (386932.813093 6674074.535525, 386928.949798 6674074.331680)

LINESTRING (386932.813093 6674074.535525, 386932.846870 6674073.832401, 386928.988432 6674073.606117, 386928.949798 6674074.331680)

LINESTRING (386932.813093 6674074.535525, 386932.772739 6674075.205421, 386928.914302 6674074.979138, 386928.949798 6674074.331680)

LINESTRING (386932.813093 6674074.535525, 386933.018233 6674074.529189, 386934.446569 6674074.596511)

LINESTRING (386929.157326 6674071.528088, 386926.371364 6674072.784284)

LINESTRING (386929.157326 6674071.528088, 386932.971756 6674071.766876)

LINESTRING (386929.157326 6674071.528088, 386929.118005 6674072.231384, 386932.926202 6674072.448076, 386932.971756 6674071.766876)

LINESTRING (386929.157326 6674071.528088, 386929.191791 6674070.847231, 386933.011422 6674071.074713, 386932.971756 6674071.766876)

LINESTRING (386932.971756 6674071.766876, 386929.157326 6674071.528088)

LINESTRING (386932.971756 6674071.766876, 386933.011422 6674071.074713, 386929.191791 6674070.847231, 386929.157326 6674071.528088)

LINESTRING (386932.971756 6674071.766876, 386932.926202 6674072.448076, 386929.118005 6674072.231384, 386929.157326 6674071.528088)

LINESTRING (386932.971756 6674071.766876, 386933.171353 6674071.760710, 386934.655477 6674071.837453)

LINESTRING (387041.902308 6673705.651116, 387042.908557 6673712.540572)

LINESTRING (387041.902308 6673705.651116, 387039.072321 6673699.375139, 387035.127410 6673694.560016, 387029.892342 6673690.743103, 387025.650656 6673688.901485)

LINESTRING (387041.902308 6673705.651116, 387044.473526 6673706.418736, 387046.579707 6673707.044687)

LINESTRING (387042.908557 6673712.540572, 387041.902308 6673705.651116)

LINESTRING (387042.908557 6673712.540572, 387042.126749 6673718.861127, 387040.490486 6673723.391555, 387037.583030 6673728.094937)

LINESTRING (387042.908557 6673712.540572, 387044.880232 6673712.045116, 387048.565576 6673712.945524, 387050.151612 6673713.442653)

LINESTRING (387025.650656 6673688.901485, 387023.417271 6673688.290614)

LINESTRING (387025.650656 6673688.901485, 387029.892342 6673690.743103, 387035.127410 6673694.560016, 387039.072321 6673699.375139, 387041.902308 6673705.651116)

LINESTRING (387025.650656 6673688.901485, 387026.003156 6673686.115719, 387027.270424 6673676.102616, 387030.996384 6673648.639947)

LINESTRING (387046.579707 6673707.044687, 387058.410755 6673710.580118)

LINESTRING (387046.579707 6673707.044687, 387044.473526 6673706.418736, 387041.902308 6673705.651116)

LINESTRING (387046.579707 6673707.044687, 387049.028832 6673704.394830, 387053.850888 6673700.223028, 387054.651860 6673696.141854, 387052.657259 6673693.016171)

LINESTRING (387026.429854 6673647.064665, 387028.086890 6673641.408035)

LINESTRING (387026.429854 6673647.064665, 387028.814695 6673647.726586)

LINESTRING (387026.429854 6673647.064665, 387023.416852 6673645.831492)

LINESTRING (387026.429854 6673647.064665, 387025.786420 6673651.753911, 387020.839021 6673687.835262)

LINESTRING (387028.814695 6673647.726586, 387030.996384 6673648.639947)

LINESTRING (387028.814695 6673647.726586, 387026.429854 6673647.064665)

LINESTRING (387028.814695 6673647.726586, 387028.224351 6673652.157878, 387023.417271 6673688.290614)

LINESTRING (387020.839021 6673687.835262, 387018.408327 6673687.665104)

LINESTRING (387020.839021 6673687.835262, 387023.417271 6673688.290614)

LINESTRING (387020.839021 6673687.835262, 387014.311705 6673737.460929)

LINESTRING (387020.839021 6673687.835262, 387025.786420 6673651.753911, 387026.429854 6673647.064665)

LINESTRING (387050.151612 6673713.442653, 387048.565576 6673712.945524, 387044.880232 6673712.045116, 387042.908557 6673712.540572)

LINESTRING (386994.537642 6673703.513308, 386994.044715 6673705.345018)

LINESTRING (386994.537642 6673703.513308, 386997.340883 6673698.311622, 387001.387039 6673693.818230, 387005.547853 6673690.881483, 387011.165428 6673688.568429, 387015.990394 6673687.728582)

LINESTRING (386994.537642 6673703.513308, 386992.622038 6673702.948368, 386992.151454 6673702.806876, 386979.491412 6673699.029790, 386978.420647 6673698.683946)

LINESTRING (386994.044715 6673705.345018, 386994.537642 6673703.513308)

LINESTRING (386994.044715 6673705.345018, 386993.064407 6673709.008266, 386992.799597 6673713.195491, 386993.440781 6673718.324289, 386995.272003 6673723.527793)

LINESTRING (386994.044715 6673705.345018, 386991.977153 6673705.431128, 386987.592852 6673705.622190, 386986.223604 6673705.675602)

LINESTRING (386978.420647 6673698.683946, 386965.461075 6673693.835172)

LINESTRING (386978.420647 6673698.683946, 386978.498379 6673703.718696)

LINESTRING (386978.420647 6673698.683946, 386979.491412 6673699.029790, 386992.151454 6673702.806876, 386992.622038 6673702.948368, 386994.537642 6673703.513308)

LINESTRING (387014.311705 6673737.460929, 387011.770287 6673736.759277)

LINESTRING (387014.311705 6673737.460929, 387020.839021 6673687.835262)

LINESTRING (387014.311705 6673737.460929, 387015.133718 6673737.480136, 387017.471539 6673737.519427)

LINESTRING (387014.311705 6673737.460929, 387014.174082 6673738.936202, 387013.498759 6673749.064773, 387011.972414 6673765.426892, 387009.967180 6673771.127714)

LINESTRING (387011.770287 6673736.759277, 387014.311705 6673737.460929)

LINESTRING (387011.770287 6673736.759277, 387008.367057 6673735.827910, 387002.916611 6673732.764341, 386998.784988 6673728.913414, 386995.959634 6673724.587549)

LINESTRING (387011.770287 6673736.759277, 387010.748284 6673738.172692, 387008.012659 6673741.968122)

LINESTRING (387017.471539 6673737.519427, 387020.248433 6673737.578601, 387024.728866 6673736.727107, 387029.537079 6673734.806811, 387033.689524 6673731.959507, 387034.292979 6673731.550841)

LINESTRING (387017.471539 6673737.519427, 387015.133718 6673737.480136, 387014.311705 6673737.460929)

LINESTRING (387017.471539 6673737.519427, 387018.178746 6673739.213797, 387019.778107 6673743.020308)

LINESTRING (387009.967180 6673771.127714, 387004.392534 6673774.108099)

LINESTRING (387009.967180 6673771.127714, 387016.479718 6673770.302642)

LINESTRING (387009.967180 6673771.127714, 386998.097440 6673763.637472, 386989.290757 6673759.005905, 386982.033511 6673754.226226)

LINESTRING (387009.967180 6673771.127714, 387011.972414 6673765.426892, 387013.498759 6673749.064773, 387014.174082 6673738.936202, 387014.311705 6673737.460929)

LINESTRING (386920.377478 6673719.555109, 386924.929237 6673727.661181)

LINESTRING (386920.377478 6673719.555109, 386918.000000 6673715.716952, 386911.732702 6673719.632692)

LINESTRING (386920.377478 6673719.555109, 386934.268197 6673711.603777, 386938.117864 6673709.556947, 386950.232947 6673702.875228, 386955.434481 6673699.672258, 386965.461075 6673693.835172)

LINESTRING (386924.929237 6673727.661181, 386941.110298 6673756.671115)

LINESTRING (386924.929237 6673727.661181, 386920.377478 6673719.555109)

LINESTRING (386924.929237 6673727.661181, 386915.256983 6673733.465151)

LINESTRING (386911.732702 6673719.632692, 386918.000000 6673715.716952, 386920.377478 6673719.555109)

LINESTRING (386965.461075 6673693.835172, 386978.420647 6673698.683946)

LINESTRING (386965.461075 6673693.835172, 386957.968795 6673680.370364)

LINESTRING (386965.461075 6673693.835172, 386955.434481 6673699.672258, 386950.232947 6673702.875228, 386938.117864 6673709.556947, 386934.268197 6673711.603777, 386920.377478 6673719.555109)

LINESTRING (386965.461075 6673693.835172, 386963.920296 6673704.870866, 386963.448210 6673713.488717, 386964.245218 6673722.045094, 386966.675762 6673731.019088, 386969.945512 6673739.131363)

LINESTRING (387037.583030 6673728.094937, 387034.292979 6673731.550841)

LINESTRING (387037.583030 6673728.094937, 387040.490486 6673723.391555, 387042.126749 6673718.861127, 387042.908557 6673712.540572)

LINESTRING (387037.583030 6673728.094937, 387038.811544 6673729.416613, 387039.908059 6673730.597489)

LINESTRING (386982.033511 6673754.226226, 386989.290757 6673759.005905, 386998.097440 6673763.637472, 387009.967180 6673771.127714)

LINESTRING (386982.033511 6673754.226226, 386976.493517 6673748.981210, 386969.945512 6673739.131363)

LINESTRING (386982.033511 6673754.226226, 386966.570497 6673762.482241, 386962.743396 6673764.539490, 386959.272930 6673766.463146)

LINESTRING (386969.945512 6673739.131363, 386976.493517 6673748.981210, 386982.033511 6673754.226226)

LINESTRING (386969.945512 6673739.131363, 386966.675762 6673731.019088, 386964.245218 6673722.045094, 386963.448210 6673713.488717, 386963.920296 6673704.870866, 386965.461075 6673693.835172)

LINESTRING (386969.945512 6673739.131363, 386980.367120 6673733.148388, 386979.571532 6673727.333422, 386979.385088 6673725.968449)

LINESTRING (386959.272930 6673766.463146, 386949.555087 6673771.867246)

LINESTRING (386959.272930 6673766.463146, 386972.482689 6673791.107297)

LINESTRING (386959.272930 6673766.463146, 386962.743396 6673764.539490, 386966.570497 6673762.482241, 386982.033511 6673754.226226)

LINESTRING (386932.187934 6673816.222376, 386933.309866 6673819.843003, 386934.139557 6673822.447395)

LINESTRING (386932.187934 6673816.222376, 386938.425980 6673813.700585, 386942.601690 6673811.431947, 386952.653519 6673805.883780, 386958.160473 6673801.612682, 386963.364551 6673795.980217)

LINESTRING (386934.139557 6673822.447395, 386936.183072 6673831.288451)

LINESTRING (386934.139557 6673822.447395, 386940.007816 6673819.992748)

LINESTRING (386963.364551 6673795.980217, 386966.274878 6673794.430472)

LINESTRING (386963.364551 6673795.980217, 386949.555087 6673771.867246)

LINESTRING (386963.364551 6673795.980217, 386958.160473 6673801.612682, 386952.653519 6673805.883780, 386942.601690 6673811.431947, 386938.425980 6673813.700585, 386932.187934 6673816.222376)

LINESTRING (387018.408327 6673687.665104, 387015.990394 6673687.728582)

LINESTRING (387018.408327 6673687.665104, 387020.839021 6673687.835262)

LINESTRING (387018.408327 6673687.665104, 387022.768373 6673651.256407, 387023.416852 6673645.831492)

LINESTRING (387030.996384 6673648.639947, 387028.814695 6673647.726586)

LINESTRING (387030.996384 6673648.639947, 387040.634815 6673652.699897, 387058.566490 6673660.036702)

LINESTRING (387030.996384 6673648.639947, 387027.270424 6673676.102616, 387026.003156 6673686.115719, 387025.650656 6673688.901485)

LINESTRING (387023.417271 6673688.290614, 387020.839021 6673687.835262)

LINESTRING (387023.417271 6673688.290614, 387025.650656 6673688.901485)

LINESTRING (387023.417271 6673688.290614, 387028.224351 6673652.157878, 387028.814695 6673647.726586)

LINESTRING (387061.250617 6673747.401854, 387057.975480 6673750.801556)

LINESTRING (387061.250617 6673747.401854, 387065.731535 6673747.285907, 387085.929640 6673738.148760, 387092.636870 6673751.192255)

LINESTRING (387061.250617 6673747.401854, 387066.958545 6673736.505118, 387070.296340 6673727.219394, 387071.759556 6673714.559108, 387058.410755 6673710.580118)

LINESTRING (387092.636870 6673751.192255, 387085.929640 6673738.148760, 387065.731535 6673747.285907, 387061.250617 6673747.401854)

LINESTRING (387058.410755 6673710.580118, 387046.579707 6673707.044687)

LINESTRING (387058.410755 6673710.580118, 387057.515669 6673714.129276)

LINESTRING (387058.410755 6673710.580118, 387071.759556 6673714.559108, 387070.296340 6673727.219394, 387066.958545 6673736.505118, 387061.250617 6673747.401854)

LINESTRING (386995.272003 6673723.527793, 386995.959634 6673724.587549)

LINESTRING (386995.272003 6673723.527793, 386993.145130 6673723.849762, 386979.385088 6673725.968449)

LINESTRING (386995.272003 6673723.527793, 386993.440781 6673718.324289, 386992.799597 6673713.195491, 386993.064407 6673709.008266, 386994.044715 6673705.345018)

LINESTRING (386995.959634 6673724.587549, 386995.272003 6673723.527793)

LINESTRING (386995.959634 6673724.587549, 386998.784988 6673728.913414, 387002.916611 6673732.764341, 387008.367057 6673735.827910, 387011.770287 6673736.759277)

LINESTRING (386995.959634 6673724.587549, 386994.551119 6673726.425233, 386985.909375 6673737.746981, 386987.068067 6673738.424436)

LINESTRING (386979.385088 6673725.968449, 386978.267086 6673726.069830)

LINESTRING (386979.385088 6673725.968449, 386993.145130 6673723.849762, 386995.272003 6673723.527793)

LINESTRING (386979.385088 6673725.968449, 386979.571532 6673727.333422, 386980.367120 6673733.148388, 386969.945512 6673739.131363)

LINESTRING (386949.555087 6673771.867246, 386959.272930 6673766.463146)

LINESTRING (386949.555087 6673771.867246, 386963.364551 6673795.980217)

LINESTRING (386949.555087 6673771.867246, 386941.110298 6673756.671115)

LINESTRING (386941.110298 6673756.671115, 386949.555087 6673771.867246)

LINESTRING (386941.110298 6673756.671115, 386924.929237 6673727.661181)

LINESTRING (386941.110298 6673756.671115, 386930.928106 6673761.955875)

LINESTRING (387085.541991 6673776.864259, 387102.499300 6673768.105762)

LINESTRING (387085.541991 6673776.864259, 387066.066055 6673786.915245)

LINESTRING (387085.541991 6673776.864259, 387075.053495 6673766.645438, 387069.496336 6673761.378529, 387062.070998 6673754.564506, 387059.649234 6673752.343529, 387057.975480 6673750.801556)

LINESTRING (387047.776888 6673741.888870, 387049.333857 6673739.645439, 387049.370359 6673736.691119)

LINESTRING (387047.776888 6673741.888870, 387045.520482 6673743.228921, 387042.818719 6673743.446013)

LINESTRING (387047.776888 6673741.888870, 387051.366912 6673745.277362, 387057.975480 6673750.801556)

LINESTRING (387004.392534 6673774.108099, 387009.967180 6673771.127714)

LINESTRING (387004.392534 6673774.108099, 387000.253496 6673776.308666, 386994.687893 6673779.221923)

LINESTRING (387004.392534 6673774.108099, 387007.517921 6673779.884590, 387012.257363 6673788.865354, 387015.982951 6673795.927191)

LINESTRING (386966.274878 6673794.430472, 386963.364551 6673795.980217)

LINESTRING (386966.274878 6673794.430472, 386972.482689 6673791.107297)

LINESTRING (386966.274878 6673794.430472, 386969.283916 6673800.032219, 386974.438765 6673809.702192)

LINESTRING (387034.292979 6673731.550841, 387037.583030 6673728.094937)

LINESTRING (387034.292979 6673731.550841, 387033.689524 6673731.959507, 387029.537079 6673734.806811, 387024.728866 6673736.727107, 387020.248433 6673737.578601, 387017.471539 6673737.519427)

LINESTRING (387034.292979 6673731.550841, 387035.476791 6673732.862751, 387036.608637 6673734.109401)

LINESTRING (387036.608637 6673734.109401, 387038.826936 6673736.570669, 387040.644345 6673741.328855, 387042.818719 6673743.446013)

LINESTRING (387036.608637 6673734.109401, 387035.476791 6673732.862751, 387034.292979 6673731.550841)

LINESTRING (387036.608637 6673734.109401, 387035.409435 6673735.896033, 387036.248200 6673739.335975)

LINESTRING (386957.968795 6673680.370364, 386965.461075 6673693.835172)

LINESTRING (387383.803242 6674292.452160, 387339.008841 6674212.378439)

LINESTRING (387383.803242 6674292.452160, 387389.713595 6674302.745764)

LINESTRING (387383.803242 6674292.452160, 387381.121900 6674293.860808)

LINESTRING (387383.803242 6674292.452160, 387392.366708 6674288.154524)

LINESTRING (386991.701054 6673688.935188, 386983.284119 6673677.337657)

LINESTRING (386991.701054 6673688.935188, 386981.936166 6673695.700228)

LINESTRING (386991.701054 6673688.935188, 387010.467358 6673675.841087, 387013.231715 6673673.694106)

LINESTRING (386983.284119 6673677.337657, 386991.701054 6673688.935188)

LINESTRING (386983.284119 6673677.337657, 386982.200516 6673675.677200)

LINESTRING (386983.284119 6673677.337657, 386990.344081 6673672.305452)

LINESTRING (386981.936166 6673695.700228, 386991.701054 6673688.935188)

LINESTRING (386981.936166 6673695.700228, 386968.160613 6673676.467266)

LINESTRING (386981.936166 6673695.700228, 386981.385388 6673697.455717, 386980.255675 6673701.313032, 386969.951246 6673698.510805)

LINESTRING (387013.231715 6673673.694106, 387015.443202 6673671.976523)

LINESTRING (387013.231715 6673673.694106, 386999.733302 6673653.906414)

LINESTRING (387013.231715 6673673.694106, 387010.467358 6673675.841087, 386991.701054 6673688.935188)

LINESTRING (386608.924054 6673969.903072, 386611.298006 6673970.754504, 386613.809216 6673971.378802, 386616.818079 6673971.764804)

LINESTRING (386624.305287 6673971.243153, 386622.277694 6673971.539980, 386619.629834 6673971.700002, 386616.818079 6673971.764804)

LINESTRING (386706.979707 6673951.476880, 386688.593815 6673926.938127)

LINESTRING (386706.979707 6673951.476880, 386714.328859 6673961.736104)

LINESTRING (386706.979707 6673951.476880, 386700.040337 6673955.893010, 386693.007851 6673959.810547, 386687.083148 6673962.222776)

LINESTRING (386551.598238 6673923.112866, 386548.086126 6673922.965396, 386544.046934 6673922.823122)

LINESTRING (386620.985793 6673928.574583, 386621.335039 6673924.440418)

LINESTRING (386620.985793 6673928.574583, 386620.488987 6673934.574398)

LINESTRING (386620.985793 6673928.574583, 386600.940757 6673927.000079)

LINESTRING (386620.985793 6673928.574583, 386647.481786 6673930.751816)

LINESTRING (386571.608976 6673925.011346, 386577.200275 6673925.272722)

LINESTRING (387313.188539 6673698.605623, 387317.080399 6673706.398136)

LINESTRING (387317.080399 6673706.398136, 387313.188539 6673698.605623)

LINESTRING (387317.080399 6673706.398136, 387285.449542 6673708.363694)

LINESTRING (387317.080399 6673706.398136, 387316.279242 6673713.187261, 387283.566205 6673716.055387, 387282.404306 6673708.602327)

LINESTRING (386542.252583 6673922.767294, 386542.972477 6673892.811676)

LINESTRING (386542.252583 6673922.767294, 386544.046934 6673922.823122)

LINESTRING (386542.252583 6673922.767294, 386541.936027 6673937.264559, 386542.972409 6673943.306023, 386545.091220 6673947.742608, 386547.905580 6673951.700725, 386548.925609 6673952.917261)

LINESTRING (386621.335039 6673924.440418, 386620.985793 6673928.574583)

LINESTRING (386621.335039 6673924.440418, 386623.710895 6673895.068772)

LINESTRING (386621.335039 6673924.440418, 386677.620550 6673928.514814, 386680.068764 6673926.745111)

LINESTRING (386620.488987 6673934.574398, 386620.985793 6673928.574583)

LINESTRING (386921.057844 6674233.836546, 386921.186345 6674237.097813)

LINESTRING (386921.186345 6674237.097813, 386921.057844 6674233.836546)

LINESTRING (386921.186345 6674237.097813, 386924.975373 6674237.058766)

LINESTRING (386921.186345 6674237.097813, 386904.788353 6674237.292414)

LINESTRING (386888.272379 6674235.105883, 386888.390360 6674237.487087)

LINESTRING (386888.390360 6674237.487087, 386888.272379 6674235.105883)

LINESTRING (386888.390360 6674237.487087, 386904.788353 6674237.292414)

LINESTRING (386888.390360 6674237.487087, 386871.909204 6674237.684404)

LINESTRING (386904.668054 6674234.476659, 386904.788353 6674237.292414)

LINESTRING (386904.788353 6674237.292414, 386904.668054 6674234.476659)

LINESTRING (386904.788353 6674237.292414, 386921.186345 6674237.097813)

LINESTRING (386904.788353 6674237.292414, 386888.390360 6674237.487087)

LINESTRING (386871.882250 6674235.735010, 386871.909204 6674237.684404)

LINESTRING (386871.909204 6674237.684404, 386871.882250 6674235.735010)

LINESTRING (386871.909204 6674237.684404, 386888.390360 6674237.487087)

LINESTRING (386871.909204 6674237.684404, 386857.402780 6674237.854186)

LINESTRING (386582.081210 6674153.009073, 386499.184653 6674154.709371)

LINESTRING (386582.081210 6674153.009073, 386632.677459 6674151.965440)

LINESTRING (386582.081210 6674153.009073, 386582.031505 6674144.061825)

LINESTRING (386582.081210 6674153.009073, 386582.096513 6674155.114851, 386582.248676 6674164.861306)

LINESTRING (386637.548724 6674263.913960, 386620.194107 6674264.217477, 386605.316944 6674264.778648, 386584.024541 6674266.051292)

LINESTRING (386637.548724 6674263.913960, 386637.459683 6674259.247303, 386637.417086 6674256.796900)

LINESTRING (386637.548724 6674263.913960, 386637.645168 6674267.744574, 386637.713018 6674270.472799)

LINESTRING (386584.024541 6674266.051292, 386584.180602 6674272.699541)

LINESTRING (386584.024541 6674266.051292, 386569.943198 6674267.401474, 386555.740147 6674269.479855, 386548.160619 6674270.584032, 386531.068274 6674274.156238, 386500.982997 6674282.499933, 386494.291875 6674284.156173)

LINESTRING (386942.136755 6674227.802770, 386953.770782 6674193.743529)

LINESTRING (386942.136755 6674227.802770, 386939.228870 6674236.785623)

LINESTRING (386942.136755 6674227.802770, 386986.621612 6674226.752165)

LINESTRING (386834.403518 6674238.130576, 386834.318239 6674236.628751)

LINESTRING (386834.403518 6674238.130576, 386840.488493 6674238.042745)

LINESTRING (386834.403518 6674238.130576, 386825.255789 6674238.235108)

LINESTRING (386840.684616 6674244.745468, 386844.256731 6674244.690755)

LINESTRING (386840.684616 6674244.745468, 386840.488493 6674238.042745)

LINESTRING (386833.024392 6674258.678479, 386835.171188 6674264.395926)

LINESTRING (386833.024392 6674258.678479, 386830.740582 6674251.940006)

LINESTRING (386833.024392 6674258.678479, 386818.713809 6674258.898083)

LINESTRING (386721.008393 6674261.307729, 386722.039822 6674267.917738)

LINESTRING (386721.008393 6674261.307729, 386711.512441 6674261.635064, 386664.853558 6674263.257834)

LINESTRING (386722.039822 6674267.917738, 386721.008393 6674261.307729)

LINESTRING (386722.039822 6674267.917738, 386718.901197 6674267.992588)

LINESTRING (386722.039822 6674267.917738, 386753.989879 6674266.917919)

LINESTRING (386722.039822 6674267.917738, 386723.195970 6674272.640521, 386725.481157 6674276.548271, 386728.748761 6674279.924130, 386731.773957 6674282.460537, 386735.733867 6674283.820170, 386739.511044 6674283.937314, 386743.806483 6674282.689980, 386747.509250 6674280.402293, 386750.407102 6674278.106083, 386752.271172 6674274.861173, 386753.394884 6674271.003952, 386753.989879 6674266.917919)

LINESTRING (386753.989879 6674266.917919, 386754.821659 6674260.261400)

LINESTRING (386753.989879 6674266.917919, 386722.039822 6674267.917738)

LINESTRING (386753.989879 6674266.917919, 386753.394884 6674271.003952, 386752.271172 6674274.861173, 386750.407102 6674278.106083, 386747.509250 6674280.402293, 386743.806483 6674282.689980, 386739.511044 6674283.937314, 386735.733867 6674283.820170, 386731.773957 6674282.460537, 386728.748761 6674279.924130, 386725.481157 6674276.548271, 386723.195970 6674272.640521, 386722.039822 6674267.917738)

LINESTRING (386753.989879 6674266.917919, 386757.117416 6674266.843443)

LINESTRING (386731.329745 6674284.424515, 386728.039752 6674282.297494, 386725.640340 6674279.719435, 386723.314094 6674276.815933, 386721.390898 6674273.487623, 386720.155696 6674271.051844, 386718.901197 6674267.992588)

LINESTRING (386731.329745 6674284.424515, 386734.932424 6674285.717193, 386738.681094 6674286.347850, 386742.390802 6674285.898732, 386745.503606 6674284.810581, 386749.656128 6674282.531268, 386752.710376 6674279.550425, 386754.696318 6674276.836666, 386755.713959 6674275.111266)

LINESTRING (386731.329745 6674284.424515, 386729.318423 6674291.697042, 386723.616449 6674293.578565)

LINESTRING (386757.117416 6674266.843443, 386753.989879 6674266.917919)

LINESTRING (386757.117416 6674266.843443, 386796.513494 6674265.624774)

LINESTRING (386757.117416 6674266.843443, 386756.635561 6674269.922999, 386755.713959 6674275.111266)

LINESTRING (386796.513494 6674265.624774, 386757.117416 6674266.843443)

LINESTRING (386796.513494 6674265.624774, 386802.783825 6674265.430848)

LINESTRING (386796.513494 6674265.624774, 386792.345991 6674287.874848)

LINESTRING (386755.713959 6674275.111266, 386754.696318 6674276.836666, 386752.710376 6674279.550425, 386749.656128 6674282.531268, 386745.503606 6674284.810581, 386742.390802 6674285.898732, 386738.681094 6674286.347850, 386734.932424 6674285.717193, 386731.329745 6674284.424515)

LINESTRING (386755.713959 6674275.111266, 386756.635561 6674269.922999, 386757.117416 6674266.843443)

LINESTRING (386755.713959 6674275.111266, 386758.554217 6674277.051630, 386761.084843 6674280.104849, 386766.864033 6674297.400120)

LINESTRING (386766.864033 6674297.400120, 386792.345991 6674287.874848)

LINESTRING (386766.864033 6674297.400120, 386761.084843 6674280.104849, 386758.554217 6674277.051630, 386755.713959 6674275.111266)

LINESTRING (386766.864033 6674297.400120, 386750.992661 6674303.128927, 386729.407923 6674310.906836)

LINESTRING (386723.616449 6674293.578565, 386729.407923 6674310.906836)

LINESTRING (386723.616449 6674293.578565, 386729.318423 6674291.697042, 386731.329745 6674284.424515)

LINESTRING (386723.616449 6674293.578565, 386707.895243 6674298.779137, 386709.272443 6674303.651092, 386708.838869 6674306.316828, 386706.817451 6674308.062168, 386691.893425 6674314.452853)

LINESTRING (386518.819408 6673620.672454, 386523.933847 6673627.022133, 386525.454386 6673625.760286)

LINESTRING (386580.554221 6673650.709759, 386572.149814 6673657.656652, 386570.791484 6673658.779723)

LINESTRING (386490.307759 6673942.709851, 386490.800260 6673915.458151)

LINESTRING (386490.307759 6673942.709851, 386490.244364 6673945.497867)

LINESTRING (386490.307759 6673942.709851, 386482.401613 6673942.609546)

LINESTRING (386548.356361 6674429.249113, 386552.854057 6674435.250152)

LINESTRING (386548.356361 6674429.249113, 386541.109581 6674434.990138, 386526.863384 6674447.289234)

LINESTRING (386548.356361 6674429.249113, 386555.750732 6674423.793279, 386576.469571 6674408.518804, 386586.337120 6674401.571079, 386638.651762 6674369.404134, 386642.238989 6674367.153345)

LINESTRING (386639.636618 6674361.606129, 386661.842772 6674347.567683)

LINESTRING (386639.636618 6674361.606129, 386635.820681 6674363.997734, 386618.796308 6674374.588283, 386585.778693 6674395.548227, 386569.115855 6674407.231092, 386540.054984 6674428.358596, 386497.037272 6674465.911093)

LINESTRING (386639.636618 6674361.606129, 386640.072385 6674362.417302, 386642.238989 6674367.153345)

LINESTRING (386639.636618 6674361.606129, 386639.110768 6674360.753169, 386634.215855 6674353.750209, 386630.322634 6674351.497085, 386621.719143 6674351.785875, 386616.496070 6674351.925386, 386592.514292 6674358.619386, 386589.503422 6674357.442241, 386589.214515 6674354.386539, 386588.148835 6674317.665999, 386584.802683 6674289.730885, 386584.222001 6674274.035562, 386584.180602 6674272.699541)

LINESTRING (386648.317101 6674376.705123, 386645.804267 6674372.615019)

LINESTRING (386648.317101 6674376.705123, 386652.378707 6674383.321571)

LINESTRING (386648.317101 6674376.705123, 386649.488005 6674375.989064, 386650.522726 6674375.355233, 386662.890541 6674367.784228, 386688.416405 6674352.172116, 386693.816107 6674360.964875, 386697.030351 6674366.203436, 386656.931154 6674390.736349)

LINESTRING (386652.378707 6674383.321571, 386648.408592 6674385.751372)

LINESTRING (386652.378707 6674383.321571, 386659.805730 6674378.912500)

LINESTRING (386652.378707 6674383.321571, 386648.317101 6674376.705123)

LINESTRING (386652.378707 6674383.321571, 386656.931154 6674390.736349)

LINESTRING (386656.931154 6674390.736349, 386652.378707 6674383.321571)

LINESTRING (386659.805730 6674378.912500, 386652.378707 6674383.321571)

LINESTRING (387157.352946 6674003.672788, 387151.219228 6674007.951769)

LINESTRING (387157.352946 6674003.672788, 387159.501872 6674002.090944)

LINESTRING (387157.352946 6674003.672788, 387160.664475 6674009.020180)

LINESTRING (387157.352946 6674003.672788, 387156.781789 6674002.787721, 387148.219349 6673990.391965)

LINESTRING (387159.042291 6674001.224725, 387159.501872 6674002.090944)

LINESTRING (387160.664475 6674009.020180, 387157.352946 6674003.672788)

LINESTRING (387160.664475 6674009.020180, 387151.616555 6674015.439513, 387145.511273 6674019.739916)

LINESTRING (387160.664475 6674009.020180, 387161.408620 6674008.495755, 387162.810944 6674007.538710)

LINESTRING (387145.982823 6673945.929011, 387149.334362 6673950.951982, 387151.486297 6673954.507480)

LINESTRING (387145.982823 6673945.929011, 387129.751135 6673924.018630, 387128.857106 6673922.742334, 387103.010553 6673941.247387, 387101.216908 6673942.472838)

LINESTRING (387145.982823 6673945.929011, 387148.145325 6673939.565915, 387148.761933 6673935.624176, 387149.317421 6673930.959954, 387149.331682 6673924.941690, 387148.909296 6673918.981463, 387148.416596 6673915.241084, 387147.535485 6673911.323229, 387144.698106 6673905.337158, 387140.637709 6673899.645108, 387135.023674 6673894.324144, 387129.427608 6673890.306495, 387116.463113 6673882.749352, 387110.756342 6673880.362186, 387107.034085 6673879.518581, 387103.057549 6673879.607784, 387098.686989 6673880.957286, 387094.518503 6673880.940977)

LINESTRING (387101.216908 6673942.472838, 387083.241006 6673916.203372)

LINESTRING (387101.216908 6673942.472838, 387067.302044 6673966.041269, 387059.298672 6673967.101711)

LINESTRING (387101.216908 6673942.472838, 387103.010553 6673941.247387, 387128.857106 6673922.742334, 387129.751135 6673924.018630, 387145.982823 6673945.929011)

LINESTRING (387069.160942 6674012.443799, 387141.625796 6673961.575954)

LINESTRING (387069.160942 6674012.443799, 387067.668444 6674006.159979, 387067.511677 6674005.395870, 387067.211636 6674003.945246)

LINESTRING (387141.625796 6673961.575954, 387147.912086 6673957.203103)

LINESTRING (387141.625796 6673961.575954, 387143.193392 6673963.098945)

LINESTRING (387141.625796 6673961.575954, 387138.880562 6673956.957773, 387122.734659 6673961.946691, 387110.078314 6673965.813950, 387099.874835 6673968.056567, 387081.398330 6673971.613096, 387075.181719 6673972.484658, 387071.348017 6673972.703223, 387067.924068 6673972.351944, 387064.668952 6673970.457570, 387059.298672 6673967.101711)

LINESTRING (387067.211636 6674003.945246, 387067.511677 6674005.395870, 387067.668444 6674006.159979, 387069.160942 6674012.443799)

LINESTRING (387020.659422 6674019.913702, 387023.842722 6674020.740416)

LINESTRING (387020.659422 6674019.913702, 387019.119340 6674025.756188, 387018.666886 6674030.695861, 387019.095994 6674035.608326, 387021.578219 6674041.950736, 387021.652675 6674043.464040, 387019.604952 6674047.962609)

LINESTRING (387020.659422 6674019.913702, 387019.346087 6674017.279645, 386996.142073 6673984.719503, 386996.057568 6673981.802348)

LINESTRING (387023.842722 6674020.740416, 387020.659422 6674019.913702)

LINESTRING (387023.842722 6674020.740416, 387022.488656 6674017.505832, 387006.104410 6673994.085085)

LINESTRING (387023.842722 6674020.740416, 387023.223306 6674026.743935, 387023.433538 6674032.476677, 387024.555690 6674037.367752, 387026.923499 6674041.261986)

LINESTRING (387023.842722 6674020.740416, 387031.994560 6674021.257776, 387035.392572 6674022.568216)

LINESTRING (386996.057568 6673981.802348, 386995.380797 6673958.621142)

LINESTRING (386996.057568 6673981.802348, 386999.041325 6673981.197608)

LINESTRING (386996.057568 6673981.802348, 386976.488517 6673985.738609)

LINESTRING (386996.057568 6673981.802348, 386996.142073 6673984.719503, 387019.346087 6674017.279645, 387020.659422 6674019.913702)

LINESTRING (387035.392572 6674022.568216, 387035.994495 6674021.212344, 387042.155492 6674006.311962)

LINESTRING (387035.392572 6674022.568216, 387041.829577 6674025.244760, 387044.991552 6674029.337381)

LINESTRING (387035.392572 6674022.568216, 387031.994560 6674021.257776, 387023.842722 6674020.740416)

LINESTRING (387042.155492 6674006.311962, 387035.994495 6674021.212344, 387035.392572 6674022.568216)

LINESTRING (387042.155492 6674006.311962, 387047.643828 6674008.638891, 387049.622033 6674003.863882, 387051.403047 6673999.172968, 387052.027287 6673994.762918)

LINESTRING (387042.155492 6674006.311962, 387035.514045 6674003.485708, 387037.583650 6673998.975331, 387040.218690 6673993.544831, 387042.157988 6673989.127631)

LINESTRING (387050.763994 6674025.225381, 387069.160942 6674012.443799)

LINESTRING (387050.763994 6674025.225381, 387051.962388 6674027.372654)

LINESTRING (387041.537136 6674034.291677, 387044.991552 6674029.337381)

LINESTRING (387041.537136 6674034.291677, 387044.686523 6674036.178148)

LINESTRING (387041.537136 6674034.291677, 387037.706774 6674037.853417, 387032.888862 6674039.985757, 387026.923499 6674041.261986)

LINESTRING (386945.163011 6674035.428159, 386950.462603 6674034.517826)

LINESTRING (387010.048322 6674088.231615, 387010.582615 6674087.022699)

LINESTRING (387010.582615 6674087.022699, 387013.011695 6674088.407601)

LINESTRING (387010.582615 6674087.022699, 387010.048322 6674088.231615)

LINESTRING (387010.582615 6674087.022699, 387006.947847 6674084.872638, 386988.708201 6674076.486975)

LINESTRING (386981.640314 6674027.492661, 386979.528092 6674029.541534)

LINESTRING (386979.528092 6674029.541534, 386981.640314 6674027.492661)

LINESTRING (386979.528092 6674029.541534, 386981.462992 6674031.276000, 386987.730555 6674034.035691)

LINESTRING (386979.528092 6674029.541534, 386978.500878 6674028.625998, 386976.754573 6674026.529098)

LINESTRING (386988.453359 6674032.820952, 386987.730555 6674034.035691)

LINESTRING (386987.730555 6674034.035691, 386989.564498 6674034.837170)

LINESTRING (386987.730555 6674034.035691, 386988.453359 6674032.820952)

LINESTRING (386987.730555 6674034.035691, 386981.462992 6674031.276000, 386979.528092 6674029.541534)

LINESTRING (386991.918166 6674034.497046, 386991.308699 6674035.607988)

LINESTRING (386991.308699 6674035.607988, 387005.733852 6674041.949455)

LINESTRING (386991.308699 6674035.607988, 386989.564498 6674034.837170)

LINESTRING (386991.308699 6674035.607988, 386991.918166 6674034.497046)

LINESTRING (387006.275414 6674040.796035, 387005.733852 6674041.949455)

LINESTRING (386862.830433 6673973.748171, 386860.815598 6673974.278499)

LINESTRING (386860.815598 6673974.278499, 386867.703194 6673993.322727)

LINESTRING (386860.815598 6673974.278499, 386859.230494 6673969.858684)

LINESTRING (386860.815598 6673974.278499, 386862.830433 6673973.748171)

LINESTRING (387052.747643 6673980.877391, 387050.329408 6673980.205350, 387047.820160 6673980.360785, 387045.507870 6673981.323665, 387043.639637 6673983.008358)

LINESTRING (387052.747643 6673980.877391, 387054.817755 6673982.317975, 387056.296180 6673984.367456, 387057.009369 6673986.797160, 387056.875970 6673989.308706, 387055.915806 6673991.645166, 387054.237068 6673993.535745, 387052.027287 6673994.762918)

LINESTRING (387052.747643 6673980.877391, 387057.316835 6673968.522442, 387059.298672 6673967.101711)

LINESTRING (387043.639637 6673983.008358, 387042.553817 6673984.869502, 387042.041437 6673986.969266, 387042.157988 6673989.127631)

LINESTRING (387043.639637 6673983.008358, 387045.507870 6673981.323665, 387047.820160 6673980.360785, 387050.329408 6673980.205350, 387052.747643 6673980.877391)

LINESTRING (387043.639637 6673983.008358, 387041.166823 6673980.387784, 387031.972985 6673967.688585)

LINESTRING (387052.027287 6673994.762918, 387051.403047 6673999.172968, 387049.622033 6674003.863882, 387047.643828 6674008.638891, 387042.155492 6674006.311962)

LINESTRING (387052.027287 6673994.762918, 387054.237068 6673993.535745, 387055.915806 6673991.645166, 387056.875970 6673989.308706, 387057.009369 6673986.797160, 387056.296180 6673984.367456, 387054.817755 6673982.317975, 387052.747643 6673980.877391)

LINESTRING (387052.027287 6673994.762918, 387049.498571 6673995.186412, 387046.970438 6673994.729503, 387044.744693 6673993.460888, 387043.075300 6673991.517602, 387042.157988 6673989.127631)

LINESTRING (387059.298672 6673967.101711, 387057.316835 6673968.522442, 387052.747643 6673980.877391)

LINESTRING (387059.298672 6673967.101711, 387067.302044 6673966.041269, 387101.216908 6673942.472838)

LINESTRING (387059.298672 6673967.101711, 387052.140809 6673957.972635, 387045.810860 6673948.517133)

LINESTRING (387059.298672 6673967.101711, 387064.668952 6673970.457570, 387067.924068 6673972.351944, 387071.348017 6673972.703223, 387075.181719 6673972.484658, 387081.398330 6673971.613096, 387099.874835 6673968.056567, 387110.078314 6673965.813950, 387122.734659 6673961.946691, 387138.880562 6673956.957773, 387141.625796 6673961.575954)

LINESTRING (387042.157988 6673989.127631, 387043.075300 6673991.517602, 387044.744693 6673993.460888, 387046.970438 6673994.729503, 387049.498571 6673995.186412, 387052.027287 6673994.762918)

LINESTRING (387042.157988 6673989.127631, 387042.041437 6673986.969266, 387042.553817 6673984.869502, 387043.639637 6673983.008358)

LINESTRING (387042.157988 6673989.127631, 387040.218690 6673993.544831, 387037.583650 6673998.975331, 387035.514045 6674003.485708, 387042.155492 6674006.311962)

LINESTRING (387031.972985 6673967.688585, 387041.166823 6673980.387784, 387043.639637 6673983.008358)

LINESTRING (386973.789916 6673965.561882, 386976.488517 6673985.738609)

LINESTRING (386973.789916 6673965.561882, 386976.640173 6673961.172238)

LINESTRING (386973.789916 6673965.561882, 386969.406826 6673966.321291)

LINESTRING (386976.488517 6673985.738609, 386996.057568 6673981.802348)

LINESTRING (386976.488517 6673985.738609, 386973.789916 6673965.561882)

LINESTRING (386976.488517 6673985.738609, 386972.218915 6673987.296890)

LINESTRING (386976.640173 6673961.172238, 386995.380797 6673958.621142)

LINESTRING (386976.640173 6673961.172238, 386973.789916 6673965.561882)

LINESTRING (386976.640173 6673961.172238, 386972.511879 6673960.118426)

LINESTRING (386969.406826 6673966.321291, 386973.789916 6673965.561882)

LINESTRING (387040.866399 6674042.949080, 387042.575410 6674039.163056)

LINESTRING (387040.866399 6674042.949080, 387036.352598 6674053.496997, 387035.572433 6674055.371000)

LINESTRING (387040.866399 6674042.949080, 387042.782461 6674043.714618, 387041.102454 6674047.900935)

LINESTRING (387035.572433 6674055.371000, 387030.951828 6674053.106465)

LINESTRING (387035.572433 6674055.371000, 387036.352598 6674053.496997, 387040.866399 6674042.949080)

LINESTRING (387035.572433 6674055.371000, 387053.719631 6674064.718144, 387057.154401 6674067.041584)

LINESTRING (387041.102454 6674047.900935, 387042.782461 6674043.714618, 387040.866399 6674042.949080)

LINESTRING (386997.720297 6673939.302994, 386999.277880 6673939.600381)

LINESTRING (386999.277880 6673939.600381, 386997.333846 6673949.077189)

LINESTRING (386999.277880 6673939.600381, 386997.720297 6673939.302994)

LINESTRING (386999.277880 6673939.600381, 387000.854841 6673931.895679, 387001.254896 6673929.933105)

LINESTRING (386999.507029 6673929.764177, 387001.254896 6673929.933105)

LINESTRING (387001.254896 6673929.933105, 387001.761466 6673927.465758)

LINESTRING (387001.254896 6673929.933105, 386999.507029 6673929.764177)

LINESTRING (387001.254896 6673929.933105, 387000.854841 6673931.895679, 386999.277880 6673939.600381)

LINESTRING (386995.933576 6673948.841812, 386997.333846 6673949.077189)

LINESTRING (386997.333846 6673949.077189, 386999.277880 6673939.600381)

LINESTRING (386997.333846 6673949.077189, 386995.380797 6673958.621142)

LINESTRING (386997.333846 6673949.077189, 386995.933576 6673948.841812)

LINESTRING (386972.218915 6673987.296890, 386976.488517 6673985.738609)

LINESTRING (386995.380797 6673958.621142, 386997.333846 6673949.077189)

LINESTRING (386995.380797 6673958.621142, 386996.057568 6673981.802348)

LINESTRING (386995.380797 6673958.621142, 386976.640173 6673961.172238)

LINESTRING (386995.380797 6673958.621142, 386998.309770 6673958.218689)

LINESTRING (386998.309770 6673958.218689, 386995.380797 6673958.621142)

LINESTRING (386998.309770 6673958.218689, 386999.041325 6673981.197608)

LINESTRING (386998.309770 6673958.218689, 387003.213020 6673933.137893, 387004.107918 6673928.507741)

LINESTRING (386999.041325 6673981.197608, 386998.309770 6673958.218689)

LINESTRING (386999.041325 6673981.197608, 386996.057568 6673981.802348)

LINESTRING (386999.041325 6673981.197608, 386999.593444 6673984.880418, 387001.501781 6673987.551823, 387006.104410 6673994.085085)

LINESTRING (387006.104410 6673994.085085, 387010.254171 6673990.981507)

LINESTRING (387006.104410 6673994.085085, 387001.501781 6673987.551823, 386999.593444 6673984.880418, 386999.041325 6673981.197608)

LINESTRING (387006.104410 6673994.085085, 387022.488656 6674017.505832, 387023.842722 6674020.740416)

LINESTRING (387003.467544 6673923.044592, 387005.544536 6673924.886128)

LINESTRING (387003.467544 6673923.044592, 387002.891389 6673922.538603, 386998.807714 6673918.975951, 386978.255899 6673878.689146, 386977.600913 6673877.427792)

LINESTRING (387003.467544 6673923.044592, 387002.296494 6673924.841514, 387001.761466 6673927.465758)

LINESTRING (387004.107918 6673928.507741, 387005.544536 6673924.886128)

LINESTRING (387004.107918 6673928.507741, 387001.761466 6673927.465758)

LINESTRING (387004.107918 6673928.507741, 387003.213020 6673933.137893, 386998.309770 6673958.218689)

LINESTRING (386977.600913 6673877.427792, 386980.614122 6673875.796871)

LINESTRING (386977.600913 6673877.427792, 386975.591765 6673878.503941)

LINESTRING (386977.600913 6673877.427792, 386978.255899 6673878.689146, 386998.807714 6673918.975951, 387002.891389 6673922.538603, 387003.467544 6673923.044592)

LINESTRING (387001.761466 6673927.465758, 387001.254896 6673929.933105)

LINESTRING (387001.761466 6673927.465758, 387004.107918 6673928.507741)

LINESTRING (387001.761466 6673927.465758, 387002.296494 6673924.841514, 387003.467544 6673923.044592)

LINESTRING (387001.761466 6673927.465758, 386999.631230 6673927.854696, 386993.338022 6673924.449410, 386986.625517 6673925.080114, 386984.111330 6673925.436338, 386982.470944 6673926.411946, 386980.646772 6673936.174812, 386981.398818 6673944.175374)

LINESTRING (386972.511879 6673960.118426, 386976.640173 6673961.172238)

LINESTRING (387091.294292 6673850.360645, 387081.113966 6673849.225917)

LINESTRING (387091.294292 6673850.360645, 387092.504940 6673844.806963, 387094.949437 6673836.250890, 387096.424605 6673832.795292, 387099.579519 6673830.357724, 387108.169732 6673823.840953, 387115.406182 6673820.397150, 387121.199258 6673819.460717, 387123.442845 6673820.405652, 387126.488343 6673824.858549, 387127.895217 6673831.067022, 387127.380495 6673842.093283, 387125.784608 6673850.634310, 387122.819145 6673859.395874)

LINESTRING (387091.294292 6673850.360645, 387103.378038 6673853.108318, 387117.940456 6673857.406639, 387122.819145 6673859.395874)

LINESTRING (387122.819145 6673859.395874, 387125.784608 6673850.634310, 387127.380495 6673842.093283, 387127.895217 6673831.067022, 387126.488343 6673824.858549, 387123.442845 6673820.405652, 387121.199258 6673819.460717, 387115.406182 6673820.397150, 387108.169732 6673823.840953, 387099.579519 6673830.357724, 387096.424605 6673832.795292, 387094.949437 6673836.250890, 387092.504940 6673844.806963, 387091.294292 6673850.360645)

LINESTRING (387122.819145 6673859.395874, 387117.940456 6673857.406639, 387103.378038 6673853.108318, 387091.294292 6673850.360645)

LINESTRING (387122.819145 6673859.395874, 387128.218080 6673862.238316, 387182.744174 6673911.876151)

LINESTRING (387010.254171 6673990.981507, 387006.104410 6673994.085085)

LINESTRING (387147.912086 6673957.203103, 387151.486297 6673954.507480)

LINESTRING (387147.912086 6673957.203103, 387149.054416 6673958.973234)

LINESTRING (387143.193392 6673963.098945, 387139.391184 6673965.779318)

LINESTRING (387143.193392 6673963.098945, 387149.054416 6673958.973234)

LINESTRING (387143.193392 6673963.098945, 387141.625796 6673961.575954)

LINESTRING (387058.767691 6674063.570557, 387058.078384 6674065.152004, 387057.154401 6674067.041584)

LINESTRING (386981.398818 6673944.175374, 386980.646772 6673936.174812, 386982.470944 6673926.411946, 386984.111330 6673925.436338, 386986.625517 6673925.080114, 386993.338022 6673924.449410, 386999.631230 6673927.854696, 387001.761466 6673927.465758)

LINESTRING (386962.391291 6673992.002290, 386958.539516 6673992.533568)

LINESTRING (386958.539516 6673992.533568, 386962.391291 6673992.002290)

LINESTRING (386958.539516 6673992.533568, 386959.431350 6673995.893847, 386960.369557 6673999.497866)

LINESTRING (387122.037685 6673979.118989, 387121.411707 6673978.436212)

LINESTRING (387121.411707 6673978.436212, 387118.946008 6673980.183865)

LINESTRING (387121.411707 6673978.436212, 387139.391184 6673965.779318)

LINESTRING (387121.411707 6673978.436212, 387122.037685 6673979.118989)

LINESTRING (387082.801056 6674006.651543, 387082.243669 6674006.033521)

LINESTRING (387082.243669 6674006.033521, 387065.856471 6674017.582895)

LINESTRING (387082.243669 6674006.033521, 387093.411255 6673998.166761)

LINESTRING (387082.243669 6674006.033521, 387082.801056 6674006.651543)

LINESTRING (387066.382360 6674018.079300, 387065.856471 6674017.582895)

LINESTRING (387065.856471 6674017.582895, 387051.962388 6674027.372654)

LINESTRING (387065.856471 6674017.582895, 387082.243669 6674006.033521)

LINESTRING (387065.856471 6674017.582895, 387066.382360 6674018.079300)

LINESTRING (386961.606102 6673986.164717, 386957.415076 6673986.673040)

LINESTRING (386957.415076 6673986.673040, 386958.539516 6673992.533568)

LINESTRING (386957.415076 6673986.673040, 386961.606102 6673986.164717)

LINESTRING (387016.216216 6673868.401439, 387023.381150 6673864.803635)

LINESTRING (387023.381150 6673864.803635, 387016.216216 6673868.401439)

LINESTRING (387023.381150 6673864.803635, 387035.639519 6673858.641534)

LINESTRING (387023.381150 6673864.803635, 387025.518056 6673869.485088, 387025.751195 6673871.104936, 387023.359214 6673873.084404, 387020.099210 6673873.552772, 387016.916284 6673873.461557, 387012.152037 6673872.304739)

LINESTRING (387035.639519 6673858.641534, 387023.381150 6673864.803635)

LINESTRING (386987.627012 6673856.668761, 386988.315311 6673857.750782)

LINESTRING (387110.892845 6673987.007244, 387110.097391 6673986.407704)

LINESTRING (387110.097391 6673986.407704, 387093.411255 6673998.166761)

LINESTRING (387110.097391 6673986.407704, 387118.946008 6673980.183865)

LINESTRING (387110.097391 6673986.407704, 387110.892845 6673987.007244)

LINESTRING (387047.255310 6674037.413889, 387044.686523 6674036.178148)

LINESTRING (387139.391184 6673965.779318, 387121.411707 6673978.436212)

LINESTRING (387139.391184 6673965.779318, 387143.193392 6673963.098945)

LINESTRING (387139.391184 6673965.779318, 387140.032712 6673966.606492)

LINESTRING (387029.523369 6673828.964000, 387032.125305 6673833.787123)

LINESTRING (387032.125305 6673833.787123, 387040.694112 6673829.098487)

LINESTRING (387032.125305 6673833.787123, 387002.543801 6673849.967570)

LINESTRING (387032.125305 6673833.787123, 387029.523369 6673828.964000)

LINESTRING (386959.616796 6673971.527022, 386955.145391 6673972.122014)

LINESTRING (386955.145391 6673972.122014, 386957.415076 6673986.673040)

LINESTRING (386955.145391 6673972.122014, 386959.616796 6673971.527022)

LINESTRING (386944.657411 6673927.234120, 386948.970528 6673926.543709)

LINESTRING (386944.657411 6673927.234120, 386951.545459 6673975.777026, 386953.234323 6673987.693681, 386956.371011 6674000.847202)

LINESTRING (386948.970528 6673926.543709, 386944.657411 6673927.234120)

LINESTRING (386948.970528 6673926.543709, 386950.483964 6673937.451663)

LINESTRING (386948.970528 6673926.543709, 386953.330753 6673925.941001, 386966.736504 6673924.056006, 386969.566952 6673922.798473, 386970.571412 6673930.345474)

LINESTRING (386956.371011 6674000.847202, 386960.369557 6673999.497866)

LINESTRING (386956.371011 6674000.847202, 386958.876101 6674007.746075, 386961.746214 6674014.065327)

LINESTRING (387012.152037 6673872.304739, 387006.709619 6673861.763209)

LINESTRING (387012.152037 6673872.304739, 387016.447684 6673880.396528)

LINESTRING (387012.152037 6673872.304739, 387016.916284 6673873.461557, 387020.099210 6673873.552772, 387023.359214 6673873.084404, 387025.751195 6673871.104936, 387025.518056 6673869.485088, 387023.381150 6673864.803635)

LINESTRING (386955.871748 6673943.525998, 386951.395108 6673944.132299)

LINESTRING (386951.395108 6673944.132299, 386951.904040 6673947.493258)

LINESTRING (386951.395108 6673944.132299, 386955.871748 6673943.525998)

LINESTRING (387006.709619 6673861.763209, 387038.117449 6673845.058383)

LINESTRING (387006.709619 6673861.763209, 387001.162154 6673864.720478)

LINESTRING (387006.709619 6673861.763209, 387012.152037 6673872.304739)

LINESTRING (387006.709619 6673861.763209, 387003.243798 6673855.384301)

LINESTRING (387016.447684 6673880.396528, 387012.152037 6673872.304739)

LINESTRING (387040.050917 6673827.859047, 387040.694112 6673829.098487)

LINESTRING (387040.694112 6673829.098487, 387061.767027 6673817.571636)

LINESTRING (387040.694112 6673829.098487, 387032.125305 6673833.787123)

LINESTRING (387040.694112 6673829.098487, 387040.050917 6673827.859047)

LINESTRING (387034.560646 6673838.247633, 387038.117449 6673845.058383)

LINESTRING (387034.560646 6673838.247633, 387039.237514 6673835.852200)

LINESTRING (387034.560646 6673838.247633, 387003.243798 6673855.384301)

LINESTRING (386666.580365 6674332.287176, 386666.115048 6674325.503630, 386665.337266 6674313.826318, 386665.066945 6674309.755916, 386665.890212 6674301.037958)

LINESTRING (386661.842772 6674347.567683, 386639.636618 6674361.606129)

LINESTRING (386661.842772 6674347.567683, 386658.522681 6674289.453259)

LINESTRING (386661.842772 6674347.567683, 386674.348644 6674339.791851, 386684.478650 6674334.140150)

LINESTRING (386726.827537 6674384.961758, 386695.236436 6674400.750221)

LINESTRING (386726.827537 6674384.961758, 386717.239927 6674376.042257)

LINESTRING (386567.629109 6674477.251611, 386545.973092 6674492.889533, 386538.639862 6674498.343499)

LINESTRING (386567.629109 6674477.251611, 386558.660771 6674491.002922, 386557.013476 6674494.787290)

LINESTRING (386497.037272 6674465.911093, 386500.938172 6674470.559841)

LINESTRING (386497.037272 6674465.911093, 386540.054984 6674428.358596, 386569.115855 6674407.231092, 386585.778693 6674395.548227, 386618.796308 6674374.588283, 386635.820681 6674363.997734, 386639.636618 6674361.606129)

LINESTRING (386514.837389 6674457.992790, 386519.988686 6674463.059698)

LINESTRING (386514.837389 6674457.992790, 386500.938172 6674470.559841)

LINESTRING (386514.837389 6674457.992790, 386520.168248 6674453.280660)

LINESTRING (386776.402321 6673733.800827, 386793.207010 6673754.042702)

LINESTRING (386776.402321 6673733.800827, 386779.867055 6673730.796190)

LINESTRING (386634.531075 6673703.945297, 386612.812166 6673703.559218)

LINESTRING (386634.531075 6673703.945297, 386635.414095 6673703.962529)

LINESTRING (386634.531075 6673703.945297, 386627.941721 6673723.261619)

LINESTRING (386635.414095 6673703.962529, 386634.531075 6673703.945297)

LINESTRING (386635.414095 6673703.962529, 386652.962216 6673704.266133)

LINESTRING (386635.414095 6673703.962529, 386642.428161 6673713.775098)

LINESTRING (386627.941721 6673723.261619, 386625.265780 6673731.123128)

LINESTRING (386627.941721 6673723.261619, 386634.531075 6673703.945297)

LINESTRING (386627.941721 6673723.261619, 386642.428161 6673713.775098)

LINESTRING (386550.789828 6673781.695832, 386556.315576 6673788.968912, 386558.743624 6673790.487290, 386570.738164 6673806.274697, 386574.180170 6673807.917686, 386574.676043 6673808.158638)

LINESTRING (386574.676043 6673808.158638, 386582.409043 6673802.124071)

LINESTRING (386574.676043 6673808.158638, 386573.901426 6673808.773281, 386573.997518 6673812.949374)

LINESTRING (386574.676043 6673808.158638, 386574.180170 6673807.917686, 386570.738164 6673806.274697, 386558.743624 6673790.487290, 386556.315576 6673788.968912, 386550.789828 6673781.695832)

LINESTRING (386649.875291 6673793.860602, 386645.509146 6673787.465305)

LINESTRING (386649.875291 6673793.860602, 386642.725546 6673799.018859)

LINESTRING (386649.875291 6673793.860602, 386656.585667 6673803.192250, 386658.185652 6673805.393837, 386658.741733 6673806.145568)

LINESTRING (386637.970541 6673792.791630, 386645.509146 6673787.465305)

LINESTRING (386637.970541 6673792.791630, 386642.725546 6673799.018859)

LINESTRING (386637.970541 6673792.791630, 386629.835341 6673781.899376)

LINESTRING (386593.597737 6673796.740271, 386592.564708 6673794.209111)

LINESTRING (386593.597737 6673796.740271, 386582.162488 6673805.630984, 386576.803569 6673810.009520, 386576.732409 6673818.102405, 386576.487367 6673837.779490)

LINESTRING (386593.597737 6673796.740271, 386595.415866 6673800.428395, 386603.929194 6673822.987969)

LINESTRING (386637.334925 6673840.909597, 386627.470238 6673847.645285)

LINESTRING (386637.334925 6673840.909597, 386639.599173 6673839.112133)

LINESTRING (386637.334925 6673840.909597, 386660.546234 6673870.881952, 386664.339588 6673876.347741)

LINESTRING (386592.564708 6673794.209111, 386582.409043 6673802.124071)

LINESTRING (386592.564708 6673794.209111, 386595.702361 6673791.760488)

LINESTRING (386592.564708 6673794.209111, 386593.597737 6673796.740271)

LINESTRING (386582.409043 6673802.124071, 386574.676043 6673808.158638)

LINESTRING (386582.409043 6673802.124071, 386592.564708 6673794.209111)

LINESTRING (386582.409043 6673802.124071, 386582.201153 6673801.863051, 386578.158064 6673796.583384)

LINESTRING (386576.487367 6673837.779490, 386576.447037 6673841.135141)

LINESTRING (386576.487367 6673837.779490, 386573.558203 6673839.073820)

LINESTRING (386603.929194 6673822.987969, 386589.429451 6673832.385924)

LINESTRING (386603.929194 6673822.987969, 386618.734813 6673839.591125)

LINESTRING (386603.929194 6673822.987969, 386595.415866 6673800.428395, 386593.597737 6673796.740271)

LINESTRING (386573.997518 6673812.949374, 386573.558203 6673839.073820)

LINESTRING (386573.997518 6673812.949374, 386573.901426 6673808.773281, 386574.676043 6673808.158638)

LINESTRING (386573.997518 6673812.949374, 386573.169626 6673812.919305, 386568.450926 6673811.449606, 386565.613398 6673809.074663, 386562.808965 6673805.439404, 386559.696629 6673805.480127, 386556.983862 6673805.519614)

LINESTRING (386618.734813 6673839.591125, 386627.470238 6673847.645285)

LINESTRING (386618.734813 6673839.591125, 386603.929194 6673822.987969)

LINESTRING (386618.734813 6673839.591125, 386614.995247 6673844.287209, 386610.975786 6673846.038758, 386607.188332 6673846.679850, 386603.108895 6673846.315870, 386599.940565 6673845.622778, 386597.720828 6673844.198220, 386595.203557 6673841.768758, 386589.429451 6673832.385924)

LINESTRING (386627.470238 6673847.645285, 386625.380450 6673875.325291)

LINESTRING (386627.470238 6673847.645285, 386637.334925 6673840.909597)

LINESTRING (386627.470238 6673847.645285, 386618.734813 6673839.591125)

LINESTRING (386717.429173 6673900.336063, 386718.467938 6673905.029047)

LINESTRING (386717.429173 6673900.336063, 386716.739901 6673896.534942, 386716.749804 6673895.420219, 386718.214247 6673880.151961, 386718.546535 6673876.542111)

LINESTRING (386717.429173 6673900.336063, 386724.117991 6673898.580038, 386730.201780 6673898.614670, 386736.699938 6673899.126834, 386750.404546 6673900.263014, 386793.621091 6673903.651410)

LINESTRING (386553.714934 6673884.142890, 386550.682691 6673886.944900)

LINESTRING (386553.714934 6673884.142890, 386579.698307 6673914.006556, 386586.313569 6673919.551999, 386591.102006 6673921.844224, 386621.335039 6673924.440418)

LINESTRING (386580.566962 6673895.290836, 386587.775694 6673890.074897)

LINESTRING (386718.467938 6673905.029047, 386717.429173 6673900.336063)

LINESTRING (386718.467938 6673905.029047, 386722.896173 6673903.933616)

LINESTRING (386718.467938 6673905.029047, 386714.459150 6673907.303929, 386707.847096 6673912.077668)

LINESTRING (386677.113541 6673906.041559, 386676.434461 6673913.506892, 386677.277132 6673920.289898, 386680.068764 6673926.745111)

LINESTRING (386680.068764 6673926.745111, 386689.514718 6673919.933367)

LINESTRING (386680.068764 6673926.745111, 386677.277132 6673920.289898, 386676.434461 6673913.506892, 386677.113541 6673906.041559)

LINESTRING (386856.946171 6673984.294106, 386861.155704 6673995.876505)

LINESTRING (386856.946171 6673984.294106, 386850.238264 6673986.685700)

LINESTRING (386856.946171 6673984.294106, 386842.104037 6673943.474926, 386838.421897 6673933.157819)

LINESTRING (386875.015003 6674013.345685, 386884.853376 6674038.985243)

LINESTRING (386875.015003 6674013.345685, 386872.367970 6674006.707565)

LINESTRING (386875.015003 6674013.345685, 386876.488910 6674012.731784)

LINESTRING (386905.036427 6674071.638045, 386891.758812 6674093.456222)

LINESTRING (386905.036427 6674071.638045, 386908.944081 6674071.840495, 386922.701431 6674072.552184, 386926.371364 6674072.784284)

LINESTRING (386905.036427 6674071.638045, 386903.706572 6674069.728907, 386901.244655 6674066.205412)

LINESTRING (387114.179668 6674134.253517, 387113.646500 6674132.620629)

LINESTRING (387113.646500 6674132.620629, 387117.280008 6674131.494457)

LINESTRING (387113.646500 6674132.620629, 387114.179668 6674134.253517)

LINESTRING (387113.646500 6674132.620629, 387111.843436 6674133.177722, 387109.694175 6674133.845791)

LINESTRING (387141.074906 6674126.046753, 387140.597931 6674124.256111)

LINESTRING (387140.597931 6674124.256111, 387137.024710 6674125.358113)

LINESTRING (387140.597931 6674124.256111, 387143.857534 6674123.241792)

LINESTRING (387140.597931 6674124.256111, 387141.074906 6674126.046753)

LINESTRING (387117.280008 6674131.494457, 387113.646500 6674132.620629)

LINESTRING (387117.280008 6674131.494457, 387121.809336 6674130.084348)

LINESTRING (387117.280008 6674131.494457, 387117.797228 6674133.150126, 387122.708292 6674149.157659)

LINESTRING (387117.280008 6674131.494457, 387116.848991 6674130.114733, 387115.252096 6674124.580773)

LINESTRING (387121.809336 6674130.084348, 387117.280008 6674131.494457)

LINESTRING (387121.809336 6674130.084348, 387126.624565 6674128.587420)

LINESTRING (387121.809336 6674130.084348, 387122.327241 6674131.762284, 387126.372829 6674144.899039)

LINESTRING (387121.809336 6674130.084348, 387121.487044 6674128.991019, 387119.687865 6674123.195836)

LINESTRING (387122.708292 6674149.157659, 387117.797228 6674133.150126, 387117.280008 6674131.494457)

LINESTRING (387115.252096 6674124.580773, 387119.687865 6674123.195836)

LINESTRING (387115.252096 6674124.580773, 387105.566882 6674127.598643, 387100.432496 6674129.183452, 387099.719661 6674124.424607, 387099.091059 6674122.036864)

LINESTRING (387115.252096 6674124.580773, 387116.848991 6674130.114733, 387117.280008 6674131.494457)

LINESTRING (387119.687865 6674123.195836, 387115.252096 6674124.580773)

LINESTRING (387119.687865 6674123.195836, 387129.840244 6674120.029870)

LINESTRING (387119.687865 6674123.195836, 387121.487044 6674128.991019, 387121.809336 6674130.084348)

LINESTRING (386784.428545 6673699.005704, 386797.220944 6673715.850131, 386781.294403 6673729.570766, 386779.867055 6673730.796190)

LINESTRING (386779.867055 6673730.796190, 386784.339275 6673736.140808)

LINESTRING (386779.867055 6673730.796190, 386776.402321 6673733.800827)

LINESTRING (386779.867055 6673730.796190, 386772.146336 6673721.450997, 386771.771076 6673721.161711)

LINESTRING (386779.867055 6673730.796190, 386781.294403 6673729.570766, 386797.220944 6673715.850131, 386784.428545 6673699.005704)

LINESTRING (386784.339275 6673736.140808, 386779.867055 6673730.796190)

LINESTRING (386784.339275 6673736.140808, 386785.841460 6673735.002224)

LINESTRING (386784.339275 6673736.140808, 386787.249952 6673739.628069, 386791.659817 6673744.751741)

LINESTRING (387039.908059 6673730.597489, 387038.811544 6673729.416613, 387037.583030 6673728.094937)

LINESTRING (387039.908059 6673730.597489, 387042.319006 6673733.186545, 387047.244171 6673734.516750, 387049.370359 6673736.691119)

LINESTRING (387039.908059 6673730.597489, 387041.624853 6673729.396671, 387044.983721 6673730.329437)

LINESTRING (387049.370359 6673736.691119, 387052.313500 6673735.842513)

LINESTRING (387049.370359 6673736.691119, 387047.244171 6673734.516750, 387042.319006 6673733.186545, 387039.908059 6673730.597489)

LINESTRING (387049.370359 6673736.691119, 387049.333857 6673739.645439, 387047.776888 6673741.888870)

LINESTRING (387052.313500 6673735.842513, 387049.370359 6673736.691119)

LINESTRING (387042.818719 6673743.446013, 387042.483536 6673746.253531)

LINESTRING (387042.818719 6673743.446013, 387045.520482 6673743.228921, 387047.776888 6673741.888870)

LINESTRING (387042.818719 6673743.446013, 387040.644345 6673741.328855, 387038.826936 6673736.570669, 387036.608637 6673734.109401)

LINESTRING (387042.483536 6673746.253531, 387042.818719 6673743.446013)

LINESTRING (387098.129642 6673759.770988, 387102.499300 6673768.105762)

LINESTRING (387102.499300 6673768.105762, 387098.129642 6673759.770988)

LINESTRING (387102.499300 6673768.105762, 387104.090905 6673772.023985)

LINESTRING (387102.499300 6673768.105762, 387085.541991 6673776.864259)

LINESTRING (387167.529396 6673766.479761, 387175.663175 6673762.072321)

LINESTRING (387104.090905 6673772.023985, 387102.499300 6673768.105762)

LINESTRING (387066.066055 6673786.915245, 387085.541991 6673776.864259)

LINESTRING (387066.066055 6673786.915245, 387053.747036 6673793.279697)

LINESTRING (387066.066055 6673786.915245, 387068.497896 6673791.442750)

LINESTRING (387151.577336 6673776.165358, 387154.309942 6673781.630893)

LINESTRING (387151.577336 6673776.165358, 387148.610521 6673770.484161)

LINESTRING (387151.577336 6673776.165358, 387132.630386 6673786.277685, 387128.801852 6673788.290226)

LINESTRING (387128.895059 6673776.552595, 387127.974442 6673778.375182, 387129.400779 6673780.894353)

LINESTRING (387129.400779 6673780.894353, 387148.610521 6673770.484161)

LINESTRING (387129.400779 6673780.894353, 387120.415496 6673785.762776)

LINESTRING (387129.400779 6673780.894353, 387127.974442 6673778.375182, 387128.895059 6673776.552595)

LINESTRING (387041.805694 6673800.011439, 387053.747036 6673793.279697)

LINESTRING (387182.744174 6673911.876151, 387186.567720 6673916.728591, 387189.901399 6673922.253633, 387192.213631 6673929.570925, 387192.907206 6673933.528000, 387192.926116 6673937.383281, 387189.995412 6673947.815334)

LINESTRING (387182.744174 6673911.876151, 387128.218080 6673862.238316, 387122.819145 6673859.395874)

LINESTRING (387182.744174 6673911.876151, 387179.972136 6673921.333785, 387179.611044 6673928.165112, 387176.984218 6673934.230462, 387174.510228 6673939.132115, 387171.537129 6673944.405766)

LINESTRING (386945.946555 6673869.779677, 386944.173080 6673870.759412)

LINESTRING (387083.241006 6673916.203372, 387101.216908 6673942.472838)

LINESTRING (387083.241006 6673916.203372, 387084.612191 6673915.135817, 387087.725463 6673912.610367, 387089.128301 6673911.129505, 387092.468674 6673906.970013, 387094.323294 6673903.402411, 387096.129399 6673898.621596, 387096.728388 6673895.549632, 387096.779784 6673886.599314, 387096.146101 6673883.687953, 387094.518503 6673880.940977)

LINESTRING (387083.241006 6673916.203372, 387043.247882 6673944.773782, 387045.810860 6673948.517133)

LINESTRING (387171.537129 6673944.405766, 387189.995412 6673947.815334)

LINESTRING (387171.537129 6673944.405766, 387174.510228 6673939.132115, 387176.984218 6673934.230462, 387179.611044 6673928.165112, 387179.972136 6673921.333785, 387182.744174 6673911.876151)

LINESTRING (387130.845954 6673620.385652, 387141.339589 6673630.403888)

LINESTRING (387130.845954 6673620.385652, 387124.267091 6673613.667987)

LINESTRING (387130.845954 6673620.385652, 387136.204353 6673620.822240, 387140.952068 6673619.093414, 387143.716831 6673617.135975)

LINESTRING (387020.138443 6673601.645893, 387022.702291 6673604.330518)

LINESTRING (387020.138443 6673601.645893, 387015.816299 6673597.020733)

LINESTRING (387020.138443 6673601.645893, 387000.578378 6673618.887755, 386990.686166 6673621.355057)

LINESTRING (387141.339589 6673630.403888, 387133.438560 6673637.868849)

LINESTRING (387141.339589 6673630.403888, 387130.845954 6673620.385652)

LINESTRING (387141.339589 6673630.403888, 387145.342847 6673626.491483, 387149.383792 6673622.901100)

LINESTRING (387141.339589 6673630.403888, 387147.000013 6673635.957473, 387150.536991 6673639.425706)

LINESTRING (387149.383792 6673622.901100, 387160.252768 6673613.405622)

LINESTRING (387149.383792 6673622.901100, 387143.716831 6673617.135975)

LINESTRING (387149.383792 6673622.901100, 387145.342847 6673626.491483, 387141.339589 6673630.403888)

LINESTRING (387150.536991 6673639.425706, 387153.082870 6673641.531477, 387157.102540 6673645.174287, 387161.933269 6673649.561046, 387183.870109 6673669.445865, 387211.820286 6673696.444928, 387213.327764 6673698.716460)

LINESTRING (387150.536991 6673639.425706, 387147.000013 6673635.957473, 387141.339589 6673630.403888)

LINESTRING (387126.763403 6673654.489930, 387119.587366 6673646.943734)

LINESTRING (387126.763403 6673654.489930, 387117.513262 6673662.119110)

LINESTRING (387042.486829 6673647.605608, 387045.554577 6673641.259101, 387047.648230 6673637.160332)

LINESTRING (387042.486829 6673647.605608, 387046.567110 6673649.251632, 387080.382543 6673662.851852, 387088.498786 6673664.529456, 387092.405824 6673664.698705, 387103.501538 6673664.724277)

LINESTRING (387042.486829 6673647.605608, 387033.599319 6673643.778797, 387028.086890 6673641.408035)

LINESTRING (387047.648230 6673637.160332, 387041.624326 6673629.545302, 387038.426788 6673619.993147, 387038.641259 6673612.553396, 387047.115757 6673603.710949, 387050.314963 6673600.904225)

LINESTRING (387047.648230 6673637.160332, 387053.964488 6673633.923117, 387064.176577 6673624.012987, 387067.768201 6673620.792984)

LINESTRING (387047.648230 6673637.160332, 387045.554577 6673641.259101, 387042.486829 6673647.605608)

LINESTRING (387068.497896 6673791.442750, 387066.066055 6673786.915245)

LINESTRING (387077.021856 6673807.606247, 387077.667446 6673808.923628)

LINESTRING (387077.667446 6673808.923628, 387113.821083 6673789.331642)

LINESTRING (387077.667446 6673808.923628, 387071.564585 6673812.232240)

LINESTRING (387077.667446 6673808.923628, 387077.021856 6673807.606247)

LINESTRING (387260.492411 6673822.144516, 387253.735764 6673826.754526)

LINESTRING (387260.492411 6673822.144516, 387249.733277 6673807.442480, 387233.793269 6673781.845106, 387218.060264 6673756.308281, 387215.437096 6673752.410648)

LINESTRING (387210.615824 6673870.096108, 387227.276278 6673848.464738, 387235.353922 6673840.437320, 387251.346379 6673828.822911, 387253.735764 6673826.754526)

LINESTRING (387184.902215 6673872.950118, 387166.551206 6673837.921398)

LINESTRING (387051.260544 6673874.942586, 387052.732866 6673874.094782)

LINESTRING (387052.732866 6673874.094782, 387049.733774 6673868.269784)

LINESTRING (387052.732866 6673874.094782, 387054.302895 6673877.133264)

LINESTRING (387052.732866 6673874.094782, 387051.260544 6673874.942586)

LINESTRING (387138.600064 6674038.039908, 387136.893699 6674035.975136)

LINESTRING (387055.478212 6674130.704021, 387056.852692 6674129.926097)

LINESTRING (387056.852692 6674129.926097, 387055.478212 6674130.704021)

LINESTRING (387056.852692 6674129.926097, 387054.801238 6674126.389841)

LINESTRING (387056.852692 6674129.926097, 387059.666176 6674135.857118, 387061.875376 6674141.628480)

LINESTRING (387054.801238 6674126.389841, 387056.852692 6674129.926097)

LINESTRING (387054.801238 6674126.389841, 387053.454526 6674126.988603)

LINESTRING (387054.801238 6674126.389841, 387052.362902 6674122.185732, 387047.267451 6674115.500466, 387043.887305 6674111.169407)

LINESTRING (387254.419201 6674132.015148, 387253.146537 6674132.856725)

LINESTRING (387253.146537 6674132.856725, 387255.987418 6674137.706061)

LINESTRING (387253.146537 6674132.856725, 387250.329542 6674128.062375)

LINESTRING (387253.146537 6674132.856725, 387254.419201 6674132.015148)

LINESTRING (387064.431762 6674150.019147, 387062.979374 6674150.610022)

LINESTRING (387064.431762 6674150.019147, 387076.351925 6674188.867586)

LINESTRING (387064.431762 6674150.019147, 387061.875376 6674141.628480)

LINESTRING (387062.979374 6674150.610022, 387064.431762 6674150.019147)

LINESTRING (387076.351925 6674188.867586, 387077.993261 6674194.221854)

LINESTRING (387076.351925 6674188.867586, 387064.431762 6674150.019147)

LINESTRING (387076.351925 6674188.867586, 387075.050665 6674189.320065)

LINESTRING (387264.617652 6674149.442453, 387263.325959 6674150.206604)

LINESTRING (387263.325959 6674150.206604, 387266.061189 6674154.869751)

LINESTRING (387263.325959 6674150.206604, 387260.274874 6674145.018269)

LINESTRING (387263.325959 6674150.206604, 387264.617652 6674149.442453)

LINESTRING (387294.630722 6674149.309429, 387294.971366 6674150.279621)

LINESTRING (387285.449542 6673708.363694, 387284.876615 6673700.391015)

LINESTRING (387285.449542 6673708.363694, 387317.080399 6673706.398136)

LINESTRING (387285.449542 6673708.363694, 387282.404306 6673708.602327)

LINESTRING (387282.404306 6673708.602327, 387281.527088 6673700.661306)

LINESTRING (387282.404306 6673708.602327, 387285.449542 6673708.363694)

LINESTRING (387282.404306 6673708.602327, 387275.350737 6673709.164976)

LINESTRING (387282.404306 6673708.602327, 387283.566205 6673716.055387, 387316.279242 6673713.187261, 387317.080399 6673706.398136)

LINESTRING (387433.416775 6673771.912459, 387429.222674 6673775.217488)

LINESTRING (387433.416775 6673771.912459, 387437.159948 6673776.143553, 387443.079407 6673780.396891)

LINESTRING (387417.315929 6673785.802765, 387412.361349 6673773.763511)

LINESTRING (387417.315929 6673785.802765, 387367.205716 6673826.961410, 387358.269704 6673830.189545, 387349.396026 6673820.834104, 387346.351321 6673802.150002, 387297.619217 6673749.589941)

LINESTRING (387417.315929 6673785.802765, 387423.117292 6673780.620665, 387425.909651 6673778.116530, 387429.222674 6673775.217488)

LINESTRING (387245.687530 6673972.856478, 387246.637926 6673972.180845)

LINESTRING (387253.982839 6673987.400346, 387254.892707 6673986.670243)

LINESTRING (387254.892707 6673986.670243, 387246.637926 6673972.180845)

LINESTRING (387254.892707 6673986.670243, 387277.509487 6674026.371095)

LINESTRING (387254.892707 6673986.670243, 387253.982839 6673987.400346)

LINESTRING (387282.343730 6674023.503069, 387277.509487 6674026.371095)

LINESTRING (387282.343730 6674023.503069, 387249.029621 6673965.866476, 387244.922411 6673958.827325, 387242.566622 6673958.019505)

LINESTRING (387277.509487 6674026.371095, 387254.892707 6673986.670243)

LINESTRING (387277.509487 6674026.371095, 387288.908954 6674046.391496)

LINESTRING (387277.509487 6674026.371095, 387282.343730 6674023.503069)

LINESTRING (387277.509487 6674026.371095, 387276.544925 6674026.946859, 387267.361687 6674032.400530, 387261.508494 6674035.879452)

LINESTRING (387288.908954 6674046.391496, 387277.509487 6674026.371095)

LINESTRING (387288.908954 6674046.391496, 387295.028033 6674057.135451)

LINESTRING (387288.908954 6674046.391496, 387293.915054 6674043.518193)

LINESTRING (387288.908954 6674046.391496, 387279.556675 6674051.761190, 387270.263405 6674057.964899)

LINESTRING (387261.508494 6674035.879452, 387267.361687 6674032.400530, 387276.544925 6674026.946859, 387277.509487 6674026.371095)

LINESTRING (387293.915054 6674043.518193, 387282.343730 6674023.503069)

LINESTRING (387293.915054 6674043.518193, 387288.908954 6674046.391496)

LINESTRING (387295.028033 6674057.135451, 387288.908954 6674046.391496)

LINESTRING (387295.028033 6674057.135451, 387304.144774 6674073.136293)

LINESTRING (387295.028033 6674057.135451, 387294.096744 6674057.710186)

LINESTRING (387270.263405 6674057.964899, 387279.556675 6674051.761190, 387288.908954 6674046.391496)

LINESTRING (387294.096744 6674057.710186, 387295.028033 6674057.135451)

LINESTRING (387300.129893 6674075.577877, 387303.126149 6674073.758292, 387304.144774 6674073.136293)

LINESTRING (387308.282123 6674082.603988, 387309.225585 6674081.884008)

LINESTRING (387143.889800 6674106.468891, 387144.037967 6674106.954664, 387144.401810 6674108.135868)

LINESTRING (387144.401810 6674108.135868, 387155.276777 6674104.825111)

LINESTRING (387144.401810 6674108.135868, 387127.754454 6674113.218262)

LINESTRING (387144.401810 6674108.135868, 387144.037967 6674106.954664, 387143.889800 6674106.468891)

LINESTRING (387319.748261 6674102.276954, 387321.126231 6674101.610465)

LINESTRING (387321.126231 6674101.610465, 387309.225585 6674081.884008)

LINESTRING (387321.126231 6674101.610465, 387330.962707 6674117.923533)

LINESTRING (387321.126231 6674101.610465, 387319.748261 6674102.276954)

LINESTRING (387290.614367 6674132.416049, 387296.923184 6674148.425322, 387297.302295 6674149.383187)

LINESTRING (387297.302295 6674149.383187, 387300.137815 6674156.584126)

LINESTRING (387297.302295 6674149.383187, 387301.344170 6674147.821149)

LINESTRING (387297.302295 6674149.383187, 387294.971366 6674150.279621)

LINESTRING (387297.302295 6674149.383187, 387296.923184 6674148.425322, 387290.614367 6674132.416049)

LINESTRING (387295.537604 6674132.442762, 387296.184317 6674134.161330, 387299.632549 6674143.237901, 387299.803899 6674143.756398)

LINESTRING (387299.803899 6674143.756398, 387300.610332 6674143.452966)

LINESTRING (387299.803899 6674143.756398, 387300.861434 6674146.922195, 387301.344170 6674147.821149)

LINESTRING (387299.803899 6674143.756398, 387299.632549 6674143.237901, 387296.184317 6674134.161330, 387295.537604 6674132.442762)

LINESTRING (387300.610332 6674143.452966, 387299.803899 6674143.756398)

LINESTRING (387304.075372 6674155.058735, 387301.344170 6674147.821149)

LINESTRING (387304.075372 6674155.058735, 387318.767932 6674149.390963, 387331.740268 6674144.266541, 387349.398362 6674137.582654)

LINESTRING (387217.716347 6674150.619819, 387212.153276 6674152.340265)

LINESTRING (387217.716347 6674150.619819, 387222.371055 6674166.067017, 387223.724451 6674170.728134, 387224.605374 6674173.743336)

LINESTRING (387212.153276 6674152.340265, 387210.729500 6674147.737040)

LINESTRING (387212.153276 6674152.340265, 387213.990707 6674158.301470)

LINESTRING (387212.153276 6674152.340265, 387217.716347 6674150.619819)

LINESTRING (387212.153276 6674152.340265, 387210.844728 6674152.737198, 387196.013709 6674157.328698)

LINESTRING (387210.729500 6674147.737040, 387209.625585 6674144.149219)

LINESTRING (387210.729500 6674147.737040, 387212.153276 6674152.340265)

LINESTRING (387210.729500 6674147.737040, 387209.438271 6674148.155728)

LINESTRING (387213.990707 6674158.301470, 387212.153276 6674152.340265)

LINESTRING (387213.990707 6674158.301470, 387216.073914 6674165.035190)

LINESTRING (387213.990707 6674158.301470, 387212.683534 6674158.742936)

LINESTRING (387196.013709 6674157.328698, 387210.844728 6674152.737198, 387212.153276 6674152.340265)

LINESTRING (387122.678039 6674096.168272, 387126.425842 6674108.645563, 387127.754454 6674113.218262)

LINESTRING (387127.754454 6674113.218262, 387144.401810 6674108.135868)

LINESTRING (387127.754454 6674113.218262, 387099.091059 6674122.036864)

LINESTRING (387127.754454 6674113.218262, 387129.840244 6674120.029870)

LINESTRING (387127.754454 6674113.218262, 387126.425842 6674108.645563, 387122.678039 6674096.168272)

LINESTRING (387129.840244 6674120.029870, 387127.754454 6674113.218262)

LINESTRING (387129.840244 6674120.029870, 387119.687865 6674123.195836)

LINESTRING (387129.840244 6674120.029870, 387132.473294 6674119.213166, 387140.504139 6674116.714431, 387157.533073 6674111.408594)

LINESTRING (387157.533073 6674111.408594, 387159.946078 6674110.654415)

LINESTRING (387157.533073 6674111.408594, 387155.276777 6674104.825111)

LINESTRING (387157.533073 6674111.408594, 387140.504139 6674116.714431, 387132.473294 6674119.213166, 387129.840244 6674120.029870)

LINESTRING (387072.514406 6674583.365861, 387071.787795 6674566.471475)

LINESTRING (387107.932710 6674569.334803, 387078.444571 6674570.367120, 387074.281384 6674566.361100, 387071.787795 6674566.471475)

LINESTRING (386528.442278 6674061.450273, 386516.735046 6674061.356296, 386516.684945 6674071.554792, 386516.562795 6674075.849097)

LINESTRING (386516.156071 6674100.858149, 386516.562795 6674075.849097)

LINESTRING (387264.149854 6674347.576867, 387267.135802 6674357.681760)

LINESTRING (387264.149854 6674347.576867, 387262.608580 6674342.397752, 387248.727155 6674346.447191)

LINESTRING (387264.149854 6674347.576867, 387267.142432 6674346.726893, 387281.059079 6674343.099917, 387295.699296 6674342.426191)

LINESTRING (387179.692353 6674366.338245, 387178.590279 6674362.449485)

LINESTRING (387179.692353 6674366.338245, 387208.001790 6674357.976872)

LINESTRING (387179.692353 6674366.338245, 387181.827070 6674367.542873, 387184.265501 6674376.260425)

LINESTRING (387179.692353 6674366.338245, 387149.406513 6674375.206546, 387145.996014 6674377.618538)

LINESTRING (387184.265501 6674376.260425, 387181.827070 6674367.542873, 387179.692353 6674366.338245)

LINESTRING (387155.860026 6674457.451825, 387156.958777 6674468.071735)

LINESTRING (387155.860026 6674457.451825, 387149.817705 6674458.730254)

LINESTRING (387155.860026 6674457.451825, 387154.241002 6674427.078274, 387152.771004 6674404.957927, 387151.033931 6674384.974344, 387145.996014 6674377.618538)

LINESTRING (387155.860026 6674457.451825, 387162.058847 6674456.569770, 387165.957039 6674456.839633, 387171.667497 6674460.095977, 387179.306756 6674467.059587, 387184.330185 6674471.250946, 387192.291146 6674477.491441, 387197.083928 6674481.221873, 387202.555469 6674483.750114)

LINESTRING (387355.978768 6674517.449713, 387340.080632 6674454.161347)

LINESTRING (387355.978768 6674517.449713, 387353.023164 6674518.955984, 387320.596247 6674536.469773)

LINESTRING (387355.978768 6674517.449713, 387360.288988 6674515.244251, 387364.567358 6674513.987023, 387411.229976 6674502.499256, 387422.196744 6674501.303805, 387436.339519 6674500.534476)

LINESTRING (387355.978768 6674517.449713, 387356.219583 6674518.422983, 387356.980085 6674521.497637)

LINESTRING (386735.070917 6674538.719224, 386741.863881 6674534.987439, 386745.649976 6674534.145904, 386749.402966 6674534.386382, 386754.850338 6674535.945169, 386760.994922 6674536.902894)

LINESTRING (386762.145977 6674571.414235, 386763.091471 6674558.034253, 386762.899525 6674554.162018, 386762.189674 6674549.871184, 386761.071672 6674541.714804, 386760.994922 6674536.902894)

LINESTRING (387050.314963 6673600.904225, 387067.768201 6673620.792984)

LINESTRING (387050.314963 6673600.904225, 387047.115757 6673603.710949, 387038.641259 6673612.553396, 387038.426788 6673619.993147, 387041.624326 6673629.545302, 387047.648230 6673637.160332)

LINESTRING (386656.003573 6674397.696760, 386706.486449 6674370.513266)

LINESTRING (386656.003573 6674397.696760, 386648.408592 6674385.751372)

LINESTRING (386656.003573 6674397.696760, 386610.100207 6674425.262878, 386575.820190 6674446.117171)

LINESTRING (386559.548095 6674441.394860, 386556.775808 6674441.826258)

LINESTRING (386559.548095 6674441.394860, 386562.856062 6674440.879995, 386568.105000 6674437.998127, 386568.819852 6674437.608214, 386616.799187 6674405.775886, 386619.126428 6674404.232757, 386646.287856 6674387.154355, 386648.408592 6674385.751372)

LINESTRING (386559.548095 6674441.394860, 386566.906812 6674446.426846, 386568.534870 6674447.033896, 386575.820190 6674446.117171)

LINESTRING (386575.820190 6674446.117171, 386610.100207 6674425.262878, 386656.003573 6674397.696760)

LINESTRING (386575.820190 6674446.117171, 386568.233622 6674450.921415, 386545.850862 6674466.570710, 386537.722664 6674472.695683)

LINESTRING (386575.820190 6674446.117171, 386568.534870 6674447.033896, 386566.906812 6674446.426846, 386559.548095 6674441.394860)

LINESTRING (386818.993946 6673756.588616, 386817.778625 6673754.798548)

LINESTRING (386827.057785 6673805.763653, 386825.036284 6673806.260770)

LINESTRING (386828.760810 6673813.456194, 386826.888333 6673813.926415)

LINESTRING (386826.888333 6673813.926415, 386828.892723 6673822.211423)

LINESTRING (386826.888333 6673813.926415, 386825.036284 6673806.260770)

LINESTRING (386826.888333 6673813.926415, 386828.760810 6673813.456194)

LINESTRING (386830.551706 6673821.836956, 386828.892723 6673822.211423)

LINESTRING (386828.892723 6673822.211423, 386826.888333 6673813.926415)

LINESTRING (386828.892723 6673822.211423, 386830.551706 6673821.836956)

LINESTRING (386828.892723 6673822.211423, 386830.515205 6673828.914624, 386830.635396 6673830.827704)

LINESTRING (386832.618508 6673838.065821, 386830.796365 6673838.189015)

LINESTRING (386830.796365 6673838.189015, 386831.274362 6673854.010086)

LINESTRING (386830.796365 6673838.189015, 386830.635396 6673830.827704)

LINESTRING (386830.796365 6673838.189015, 386832.618508 6673838.065821)

LINESTRING (386867.338274 6673853.296564, 386866.019007 6673867.356680, 386865.922595 6673869.265309)

LINESTRING (386865.922595 6673869.265309, 386871.835794 6673869.884946)

LINESTRING (386865.922595 6673869.265309, 386862.542879 6673868.912851)

LINESTRING (386865.922595 6673869.265309, 386865.302124 6673876.305302)

LINESTRING (386865.922595 6673869.265309, 386866.019007 6673867.356680, 386867.338274 6673853.296564)

LINESTRING (386872.019204 6673867.917907, 386871.835794 6673869.884946)

LINESTRING (386871.835794 6673869.884946, 386878.522795 6673870.580977)

LINESTRING (386871.835794 6673869.884946, 386865.922595 6673869.265309)

LINESTRING (386871.835794 6673869.884946, 386872.019204 6673867.917907)

LINESTRING (386878.765136 6673868.545253, 386878.522795 6673870.580977)

LINESTRING (386878.522795 6673870.580977, 386894.714079 6673872.264931)

LINESTRING (386878.522795 6673870.580977, 386871.835794 6673869.884946)

LINESTRING (386878.522795 6673870.580977, 386878.765136 6673868.545253)

LINESTRING (387155.135404 6673607.824134, 387162.670928 6673601.462612)

LINESTRING (387155.135404 6673607.824134, 387143.716831 6673617.135975)

LINESTRING (387155.135404 6673607.824134, 387160.252768 6673613.405622)

LINESTRING (387143.716831 6673617.135975, 387155.135404 6673607.824134)

LINESTRING (387143.716831 6673617.135975, 387149.383792 6673622.901100)

LINESTRING (387143.716831 6673617.135975, 387140.952068 6673619.093414, 387136.204353 6673620.822240, 387130.845954 6673620.385652)

LINESTRING (386840.999105 6674003.241771, 386852.665099 6673999.125574, 386854.364267 6673998.437837)

LINESTRING (386854.364267 6673998.437837, 386855.857903 6674002.771323)

LINESTRING (386854.364267 6673998.437837, 386851.908567 6673991.348049, 386850.238264 6673986.685700)

LINESTRING (386854.364267 6673998.437837, 386852.665099 6673999.125574, 386840.999105 6674003.241771)

LINESTRING (386942.480365 6674178.200689, 386946.255124 6674174.283943)

LINESTRING (386896.859925 6673817.592301, 386896.168865 6673814.805327)

LINESTRING (386880.266357 6673822.295213, 386879.368106 6673819.269472)

LINESTRING (386879.368106 6673819.269472, 386882.362424 6673818.463721)

LINESTRING (386879.368106 6673819.269472, 386880.266357 6673822.295213)

LINESTRING (386879.368106 6673819.269472, 386877.744107 6673819.698557, 386868.280453 6673822.364712)

LINESTRING (386888.100538 6673724.318957, 386889.715243 6673726.821077)

LINESTRING (386888.100538 6673724.318957, 386881.973924 6673714.823993)

LINESTRING (386551.893645 6674231.318751, 386552.930962 6674248.493243, 386553.054038 6674250.673691)

LINESTRING (386834.318239 6674236.628751, 386834.403518 6674238.130576)

LINESTRING (386844.131226 6674236.681982, 386844.110856 6674237.997623)

LINESTRING (386844.110856 6674237.997623, 386844.131226 6674236.681982)

LINESTRING (386844.110856 6674237.997623, 386844.256731 6674244.690755)

LINESTRING (386844.110856 6674237.997623, 386848.382910 6674237.965852)

LINESTRING (386844.110856 6674237.997623, 386840.488493 6674238.042745)

LINESTRING (386641.830310 6673799.681799, 386642.725546 6673799.018859)

LINESTRING (386642.725546 6673799.018859, 386649.875291 6673793.860602)

LINESTRING (386642.725546 6673799.018859, 386651.985334 6673811.280485)

LINESTRING (386642.725546 6673799.018859, 386637.970541 6673792.791630)

LINESTRING (386642.725546 6673799.018859, 386641.830310 6673799.681799)

LINESTRING (386650.884599 6673811.938641, 386651.985334 6673811.280485)

LINESTRING (386651.985334 6673811.280485, 386662.466705 6673825.175939)

LINESTRING (386651.985334 6673811.280485, 386642.725546 6673799.018859)

LINESTRING (386651.985334 6673811.280485, 386650.884599 6673811.938641)

LINESTRING (386651.985334 6673811.280485, 386653.140167 6673810.397771, 386658.741733 6673806.145568)

LINESTRING (386661.282427 6673826.003841, 386662.466705 6673825.175939)

LINESTRING (386662.466705 6673825.175939, 386670.690089 6673836.054385)

LINESTRING (386662.466705 6673825.175939, 386651.985334 6673811.280485)

LINESTRING (386662.466705 6673825.175939, 386661.282427 6673826.003841)

LINESTRING (386662.466705 6673825.175939, 386663.456198 6673824.510086, 386669.149256 6673820.165913)

LINESTRING (386669.440626 6673837.107186, 386670.690089 6673836.054385)

LINESTRING (386676.563540 6673846.860717, 386677.844546 6673845.751221)

LINESTRING (386677.844546 6673845.751221, 386670.690089 6673836.054385)

LINESTRING (386677.844546 6673845.751221, 386676.563540 6673846.860717)

LINESTRING (386677.844546 6673845.751221, 386685.037282 6673840.190509)

LINESTRING (386677.844546 6673845.751221, 386684.285984 6673854.288859, 386667.426579 6673865.810074)

LINESTRING (387046.145167 6673861.326276, 387036.576236 6673866.335512)

LINESTRING (387046.145167 6673861.326276, 387038.117449 6673845.058383)

LINESTRING (387046.145167 6673861.326276, 387049.733774 6673868.269784)

LINESTRING (386705.221685 6673871.181795, 386706.567127 6673870.181756, 386709.643761 6673867.913427)

LINESTRING (387036.576236 6673866.335512, 387046.145167 6673861.326276)

LINESTRING (387049.733774 6673868.269784, 387046.145167 6673861.326276)

LINESTRING (387049.733774 6673868.269784, 387052.732866 6673874.094782)

LINESTRING (387049.733774 6673868.269784, 387048.190401 6673869.153214)

LINESTRING (387054.302895 6673877.133264, 387052.732866 6673874.094782)

LINESTRING (387126.624565 6674128.587420, 387121.809336 6674130.084348)

LINESTRING (387126.624565 6674128.587420, 387132.231306 6674126.843210)

LINESTRING (387126.624565 6674128.587420, 387127.115777 6674130.299612)

LINESTRING (387126.372829 6674144.899039, 387122.327241 6674131.762284, 387121.809336 6674130.084348)

LINESTRING (386742.331137 6673904.803294, 386742.370837 6673903.754514)

LINESTRING (386708.467588 6673912.938854, 386707.847096 6673912.077668)

LINESTRING (387091.998708 6674367.415396, 387100.950933 6674378.974311)

LINESTRING (387091.998708 6674367.415396, 387098.301435 6674365.939394, 387100.622025 6674370.470339, 387100.950933 6674378.974311)

LINESTRING (387091.998708 6674367.415396, 387079.908293 6674367.275761)

LINESTRING (387100.950933 6674378.974311, 387091.998708 6674367.415396)

LINESTRING (387100.950933 6674378.974311, 387100.622025 6674370.470339, 387098.301435 6674365.939394, 387091.998708 6674367.415396)

LINESTRING (387100.950933 6674378.974311, 387103.037051 6674384.359444, 387103.862252 6674392.402343)

LINESTRING (387103.862252 6674392.402343, 387103.037051 6674384.359444, 387100.950933 6674378.974311)

LINESTRING (387101.329054 6674397.528775, 387102.353983 6674403.771307, 387101.373705 6674405.272571, 387102.981669 6674415.665024, 387101.349731 6674423.204223, 387101.485732 6674427.613105)

LINESTRING (387101.485732 6674427.613105, 387103.906868 6674445.658784)

LINESTRING (387101.485732 6674427.613105, 387097.068930 6674425.643110, 387090.549992 6674424.963826)

LINESTRING (387101.485732 6674427.613105, 387101.349731 6674423.204223, 387102.981669 6674415.665024, 387101.373705 6674405.272571, 387102.353983 6674403.771307, 387101.329054 6674397.528775)

LINESTRING (387103.906868 6674445.658784, 387101.485732 6674427.613105)

LINESTRING (386685.427833 6673874.502481, 386681.197261 6673868.537573)

LINESTRING (386950.483964 6673937.451663, 386950.954987 6673941.382144)

LINESTRING (386950.483964 6673937.451663, 386954.906198 6673936.880474)

LINESTRING (386970.571412 6673930.345474, 386968.513603 6673930.743338)

LINESTRING (386970.571412 6673930.345474, 386972.463766 6673944.540401, 386970.461066 6673944.925419)

LINESTRING (386970.571412 6673930.345474, 386969.566952 6673922.798473, 386966.736504 6673924.056006, 386953.330753 6673925.941001, 386948.970528 6673926.543709)

LINESTRING (387363.675529 6674455.619369, 387365.231954 6674462.558822, 387366.016838 6674464.262003, 387367.047544 6674465.478422, 387369.014738 6674466.833184)

LINESTRING (387363.675529 6674455.619369, 387362.740477 6674450.298976, 387361.832625 6674447.485170, 387361.107505 6674446.281635, 387360.255441 6674445.460907, 387356.601174 6674443.199680, 387353.521963 6674441.232792, 387352.176743 6674439.714021, 387350.467132 6674434.829803)

LINESTRING (387363.675529 6674455.619369, 387358.541577 6674457.025512, 387351.646244 6674459.076514, 387347.203194 6674444.168727, 387346.614507 6674442.169764)

LINESTRING (386987.068067 6673738.424436, 386985.909375 6673737.746981, 386994.551119 6673726.425233, 386995.959634 6673724.587549)

LINESTRING (387004.340720 6673750.851890, 387005.120294 6673751.474188)

LINESTRING (387005.120294 6673751.474188, 387004.471660 6673752.396883)

LINESTRING (387005.120294 6673751.474188, 387004.340720 6673750.851890)

LINESTRING (387005.120294 6673751.474188, 387008.590904 6673746.497081, 387008.012659 6673741.968122)

LINESTRING (386892.552350 6673855.648930, 386892.215002 6673850.299018)

LINESTRING (386892.215002 6673850.299018, 386892.552350 6673855.648930)

LINESTRING (386892.215002 6673850.299018, 386899.566625 6673851.308878, 386902.263488 6673850.935810)

LINESTRING (386892.215002 6673850.299018, 386890.274852 6673845.165790, 386887.159745 6673840.804382)

LINESTRING (386905.944097 6673856.895661, 386901.886549 6673856.519530, 386902.263488 6673850.935810)

LINESTRING (386902.263488 6673850.935810, 386904.302942 6673850.661063)

LINESTRING (386902.263488 6673850.935810, 386899.566625 6673851.308878, 386892.215002 6673850.299018)

LINESTRING (386902.263488 6673850.935810, 386901.886549 6673856.519530, 386905.944097 6673856.895661)

LINESTRING (386497.971592 6674061.180252, 386495.421546 6674061.092161)

LINESTRING (386662.659783 6674167.496914, 386652.671903 6674167.717038, 386649.555452 6674167.256336)

LINESTRING (386520.168248 6674453.280660, 386525.233929 6674458.628836)

LINESTRING (386520.168248 6674453.280660, 386514.837389 6674457.992790)

LINESTRING (386520.168248 6674453.280660, 386526.863384 6674447.289234)

LINESTRING (386525.233929 6674458.628836, 386531.711066 6674453.123378)

LINESTRING (386525.233929 6674458.628836, 386519.988686 6674463.059698)

LINESTRING (386525.233929 6674458.628836, 386537.722664 6674472.695683)

LINESTRING (386525.233929 6674458.628836, 386520.168248 6674453.280660)

LINESTRING (386519.903491 6674474.808335, 386521.709720 6674471.676529, 386522.294822 6674469.607854, 386521.940005 6674466.754793, 386519.988686 6674463.059698)

LINESTRING (386519.903491 6674474.808335, 386517.192397 6674479.717839, 386514.178028 6674482.541638, 386480.089026 6674512.740945, 386459.298446 6674531.394932, 386456.689400 6674528.500368, 386477.679922 6674509.673002, 386509.328534 6674480.585758, 386514.155075 6674477.148553, 386519.903491 6674474.808335)

LINESTRING (386978.267086 6673726.069830, 386979.385088 6673725.968449)

LINESTRING (386972.482689 6673791.107297, 386966.274878 6673794.430472)

LINESTRING (386972.482689 6673791.107297, 386994.687893 6673779.221923)

LINESTRING (386972.482689 6673791.107297, 386959.272930 6673766.463146)

LINESTRING (386974.438765 6673809.702192, 386977.991880 6673816.568723)

LINESTRING (386974.438765 6673809.702192, 386971.720316 6673811.714060)

LINESTRING (386974.438765 6673809.702192, 386978.282981 6673806.942344)

LINESTRING (386974.438765 6673809.702192, 386969.283916 6673800.032219, 386966.274878 6673794.430472)

LINESTRING (386978.282981 6673806.942344, 386974.438765 6673809.702192)

LINESTRING (386977.991880 6673816.568723, 386974.438765 6673809.702192)

LINESTRING (386971.720316 6673811.714060, 386974.438765 6673809.702192)

LINESTRING (387381.121900 6674293.860808, 387383.803242 6674292.452160)

LINESTRING (387306.456609 6674482.733612, 387301.821277 6674464.109662)

LINESTRING (387306.456609 6674482.733612, 387308.841696 6674492.433557)

LINESTRING (387306.456609 6674482.733612, 387304.855962 6674482.470864, 387303.060883 6674482.381265, 387300.116933 6674483.185141, 387298.386942 6674484.308248, 387296.601568 6674486.335734)

LINESTRING (387340.080632 6674454.161347, 387355.978768 6674517.449713)

LINESTRING (387340.080632 6674454.161347, 387301.821277 6674464.109662)

LINESTRING (387340.080632 6674454.161347, 387342.984436 6674453.314164, 387340.257301 6674444.037061, 387346.614507 6674442.169764)

LINESTRING (387001.162154 6673864.720478, 387006.709619 6673861.763209)

LINESTRING (387001.162154 6673864.720478, 386997.302565 6673866.800986)

LINESTRING (387001.162154 6673864.720478, 387001.680327 6673865.685167)

LINESTRING (386772.952239 6674337.063340, 386732.741914 6674354.444263)

LINESTRING (386772.952239 6674337.063340, 386781.228715 6674316.335466, 386790.849833 6674293.147740, 386792.345991 6674287.874848)

LINESTRING (386772.952239 6674337.063340, 386781.914037 6674333.108535, 386796.513478 6674326.627961, 386825.749638 6674308.227489)

LINESTRING (386732.741914 6674354.444263, 386772.952239 6674337.063340)

LINESTRING (386732.741914 6674354.444263, 386733.464787 6674355.926357, 386734.322373 6674357.816616)

LINESTRING (386732.741914 6674354.444263, 386731.805618 6674354.852141, 386724.714544 6674359.362105)

LINESTRING (386526.863384 6674447.289234, 386531.711066 6674453.123378)

LINESTRING (386526.863384 6674447.289234, 386520.168248 6674453.280660)

LINESTRING (386526.863384 6674447.289234, 386541.109581 6674434.990138, 386548.356361 6674429.249113)

LINESTRING (386555.267127 6674439.699902, 386534.597028 6674455.285036)

LINESTRING (386555.267127 6674439.699902, 386552.854057 6674435.250152)

LINESTRING (386555.267127 6674439.699902, 386556.775808 6674441.826258)

LINESTRING (386531.711066 6674453.123378, 386525.233929 6674458.628836)

LINESTRING (386531.711066 6674453.123378, 386534.597028 6674455.285036)

LINESTRING (386531.711066 6674453.123378, 386526.863384 6674447.289234)

LINESTRING (386531.711066 6674453.123378, 386542.059921 6674444.165790, 386552.854057 6674435.250152)

LINESTRING (386534.597028 6674455.285036, 386555.267127 6674439.699902)

LINESTRING (386534.597028 6674455.285036, 386531.711066 6674453.123378)

LINESTRING (386534.597028 6674455.285036, 386535.854626 6674456.471910, 386542.446195 6674458.953320, 386557.979709 6674448.442032, 386557.642653 6674445.086930, 386556.775808 6674441.826258)

LINESTRING (386556.775808 6674441.826258, 386555.267127 6674439.699902)

LINESTRING (386556.775808 6674441.826258, 386559.548095 6674441.394860)

LINESTRING (386556.775808 6674441.826258, 386557.642653 6674445.086930, 386557.979709 6674448.442032, 386542.446195 6674458.953320, 386535.854626 6674456.471910, 386534.597028 6674455.285036)

LINESTRING (387212.346670 6674039.567010, 387203.926442 6674044.384409, 387202.050393 6674045.456333)

LINESTRING (387202.050393 6674045.456333, 387211.732822 6674062.331060)

LINESTRING (387202.050393 6674045.456333, 387190.978027 6674026.161614)

LINESTRING (387202.050393 6674045.456333, 387196.421622 6674048.471539)

LINESTRING (387202.050393 6674045.456333, 387203.926442 6674044.384409, 387212.346670 6674039.567010)

LINESTRING (387211.732822 6674062.331060, 387219.937381 6674076.632477)

LINESTRING (387211.732822 6674062.331060, 387202.050393 6674045.456333)

LINESTRING (387211.732822 6674062.331060, 387205.911677 6674065.586206)

LINESTRING (387211.732822 6674062.331060, 387213.641444 6674061.235848, 387228.463030 6674052.722001)

LINESTRING (387190.978027 6674026.161614, 387202.050393 6674045.456333)

LINESTRING (387190.978027 6674026.161614, 387188.251302 6674021.420245)

LINESTRING (387190.978027 6674026.161614, 387196.071821 6674023.073735)

LINESTRING (387205.911677 6674065.586206, 387207.803653 6674068.993726)

LINESTRING (387205.911677 6674065.586206, 387196.421622 6674048.471539)

LINESTRING (387205.911677 6674065.586206, 387211.732822 6674062.331060)

LINESTRING (387228.463030 6674052.722001, 387213.641444 6674061.235848, 387211.732822 6674062.331060)

LINESTRING (387207.803653 6674068.993726, 387205.911677 6674065.586206)

LINESTRING (387207.803653 6674068.993726, 387200.910818 6674073.128856)

LINESTRING (387207.803653 6674068.993726, 387212.828121 6674078.066233, 387213.844924 6674079.907114)

LINESTRING (387229.632633 6674071.051464, 387221.845998 6674075.537269, 387219.937381 6674076.632477)

LINESTRING (387153.259674 6674193.483073, 387153.893089 6674195.848387)

LINESTRING (387153.893089 6674195.848387, 387164.236931 6674192.598597)

LINESTRING (387153.893089 6674195.848387, 387148.286790 6674197.603700)

LINESTRING (387153.893089 6674195.848387, 387153.259674 6674193.483073)

LINESTRING (387345.930029 6674312.841225, 387322.433171 6674267.550498)

LINESTRING (387345.930029 6674312.841225, 387362.340030 6674316.838397)

LINESTRING (387345.930029 6674312.841225, 387334.087607 6674311.567557)

LINESTRING (387322.433171 6674267.550498, 387345.930029 6674312.841225)

LINESTRING (387322.433171 6674267.550498, 387311.796609 6674247.049625, 387303.957776 6674248.929154, 387297.645125 6674238.737216)

LINESTRING (387322.433171 6674267.550498, 387319.517550 6674269.100134, 387315.345251 6674271.468548, 387313.252330 6674272.703113)

LINESTRING (387334.087607 6674311.567557, 387345.930029 6674312.841225)

LINESTRING (387334.087607 6674311.567557, 387322.308505 6674288.917584)

LINESTRING (387334.087607 6674311.567557, 387316.120536 6674308.186795, 387309.088543 6674298.418175)

LINESTRING (387451.360022 6674329.813110, 387457.181434 6674341.012220)

LINESTRING (387451.360022 6674329.813110, 387476.903678 6674316.479485)

LINESTRING (387451.360022 6674329.813110, 387445.607710 6674319.057647, 387440.745026 6674309.623268)

LINESTRING (387457.181434 6674341.012220, 387462.860308 6674351.547075)

LINESTRING (387457.181434 6674341.012220, 387451.360022 6674329.813110)

LINESTRING (387457.181434 6674341.012220, 387461.118361 6674338.929807, 387482.408817 6674327.320601)

LINESTRING (387476.903678 6674316.479485, 387451.360022 6674329.813110)

LINESTRING (387476.903678 6674316.479485, 387478.398375 6674319.431293, 387482.408817 6674327.320601)

LINESTRING (387440.745026 6674309.623268, 387436.139930 6674311.993710)

LINESTRING (387440.745026 6674309.623268, 387437.964258 6674304.370767, 387437.091360 6674302.692566)

LINESTRING (387440.745026 6674309.623268, 387445.607710 6674319.057647, 387451.360022 6674329.813110)

LINESTRING (387462.860308 6674351.547075, 387457.181434 6674341.012220)

LINESTRING (387462.860308 6674351.547075, 387444.636425 6674361.457348, 387442.756371 6674362.395548, 387444.371202 6674365.644538, 387445.496851 6674367.783020, 387444.449542 6674368.372431, 387443.866617 6674368.724681)

LINESTRING (387434.515680 6674184.655570, 387433.988207 6674183.022467)

LINESTRING (387284.876615 6673700.391015, 387285.449542 6673708.363694)

LINESTRING (387284.876615 6673700.391015, 387281.527088 6673700.661306)

LINESTRING (387284.876615 6673700.391015, 387284.325060 6673692.752001, 387284.209160 6673691.150820)

LINESTRING (387284.876615 6673700.391015, 387296.423070 6673699.378032, 387302.782457 6673698.981667)

LINESTRING (387284.209160 6673691.150820, 387284.325060 6673692.752001, 387284.876615 6673700.391015)

LINESTRING (387284.209160 6673691.150820, 387278.046660 6673693.435651, 387267.195973 6673695.775703, 387222.838430 6673699.181265, 387217.409962 6673699.348496, 387213.327764 6673698.716460)

LINESTRING (387284.209160 6673691.150820, 387288.339824 6673688.850545, 387305.386265 6673670.339196, 387311.004276 6673663.346077)

LINESTRING (387302.782457 6673698.981667, 387296.423070 6673699.378032, 387284.876615 6673700.391015)

LINESTRING (387097.173702 6674158.470443, 387095.776804 6674158.881287)

LINESTRING (387103.696352 6674179.766283, 387102.294261 6674180.188429)

LINESTRING (387102.294261 6674180.188429, 387103.868394 6674185.344186)

LINESTRING (387102.294261 6674180.188429, 387101.492473 6674177.583145)

LINESTRING (387102.294261 6674180.188429, 387103.696352 6674179.766283)

LINESTRING (387105.251447 6674184.844618, 387103.868394 6674185.344186)

LINESTRING (387103.868394 6674185.344186, 387105.059638 6674189.241322)

LINESTRING (387103.868394 6674185.344186, 387102.294261 6674180.188429)

LINESTRING (387103.868394 6674185.344186, 387105.251447 6674184.844618)

LINESTRING (387106.473158 6674188.829968, 387105.059638 6674189.241322)

LINESTRING (387105.059638 6674189.241322, 387103.868394 6674185.344186)

LINESTRING (387105.059638 6674189.241322, 387106.473158 6674188.829968)

LINESTRING (387105.059638 6674189.241322, 387106.911410 6674195.302334)

LINESTRING (386591.014952 6674116.435630, 386604.893315 6674116.217405, 386603.529492 6674075.059583)

LINESTRING (386480.948562 6673906.669977, 386483.337598 6673906.573604)

LINESTRING (386483.337598 6673906.573604, 386483.404097 6673903.885789)

LINESTRING (386483.337598 6673906.573604, 386483.219589 6673911.179819)

LINESTRING (386483.337598 6673906.573604, 386480.948562 6673906.669977)

LINESTRING (387020.512311 6674092.823191, 387013.011695 6674088.407601)

LINESTRING (387020.512311 6674092.823191, 387019.837346 6674093.969582)

LINESTRING (387020.512311 6674092.823191, 387023.663724 6674094.776445, 387028.471229 6674097.703849, 387033.541183 6674101.403249)

LINESTRING (387188.323637 6674166.380697, 387192.803714 6674181.019723, 387193.410757 6674183.430433)

LINESTRING (387193.410757 6674183.430433, 387200.159993 6674181.305646)

LINESTRING (387193.410757 6674183.430433, 387187.996752 6674185.124036)

LINESTRING (387193.410757 6674183.430433, 387195.639295 6674190.917464)

LINESTRING (387193.410757 6674183.430433, 387192.803714 6674181.019723, 387188.323637 6674166.380697)

LINESTRING (387181.589492 6673998.300923, 387177.555598 6673992.563445)

LINESTRING (387181.589492 6673998.300923, 387184.434373 6674002.013388)

LINESTRING (387181.589492 6673998.300923, 387180.231516 6673999.256594, 387170.623176 6674001.179782)

LINESTRING (387156.958777 6674468.071735, 387155.860026 6674457.451825)

LINESTRING (387156.958777 6674468.071735, 387164.629304 6674474.789180, 387169.089809 6674483.399804, 387171.633034 6674496.237443, 387173.722462 6674511.095016, 387178.519392 6674523.060805, 387182.228275 6674529.432355)

LINESTRING (387156.958777 6674468.071735, 387160.040832 6674516.921723, 387161.375657 6674522.240894, 387169.611808 6674532.729909, 387178.642576 6674542.536942, 387190.944481 6674549.557430)

LINESTRING (387182.228275 6674529.432355, 387188.562433 6674540.325509, 387190.944481 6674549.557430)

LINESTRING (387182.228275 6674529.432355, 387178.519392 6674523.060805, 387173.722462 6674511.095016, 387171.633034 6674496.237443, 387169.089809 6674483.399804, 387164.629304 6674474.789180, 387156.958777 6674468.071735)

LINESTRING (387182.228275 6674529.432355, 387193.258307 6674518.951206, 387199.376059 6674510.761164, 387201.051459 6674497.425731, 387202.555469 6674483.750114)

LINESTRING (387314.281997 6673660.381155, 387293.158302 6673639.122114)

LINESTRING (387314.281997 6673660.381155, 387322.363850 6673653.011328)

LINESTRING (387314.281997 6673660.381155, 387312.084482 6673662.376724, 387311.004276 6673663.346077)

LINESTRING (387293.158302 6673639.122114, 387290.567996 6673641.519832)

LINESTRING (387293.158302 6673639.122114, 387300.916522 6673630.614362)

LINESTRING (387293.158302 6673639.122114, 387262.373795 6673608.030681, 387246.220328 6673589.761477)

LINESTRING (387322.363850 6673653.011328, 387314.281997 6673660.381155)

LINESTRING (387322.363850 6673653.011328, 387325.360103 6673650.277961, 387326.251039 6673649.470454)

LINESTRING (387311.004276 6673663.346077, 387305.386265 6673670.339196, 387288.339824 6673688.850545, 387284.209160 6673691.150820)

LINESTRING (387311.004276 6673663.346077, 387312.084482 6673662.376724, 387314.281997 6673660.381155)

LINESTRING (387311.004276 6673663.346077, 387309.902535 6673661.452062, 387290.567996 6673641.519832)

LINESTRING (386705.556684 6674553.618711, 386702.192680 6674554.112896, 386691.305814 6674558.060658, 386678.844829 6674564.932395)

LINESTRING (386623.729705 6674541.364352, 386599.548796 6674561.827613)

LINESTRING (386623.729705 6674541.364352, 386636.308068 6674532.549701)

LINESTRING (386623.729705 6674541.364352, 386616.995443 6674579.764141)

LINESTRING (386623.729705 6674541.364352, 386622.395519 6674538.240731, 386614.865458 6674526.415991, 386613.133618 6674524.965179, 386610.450433 6674525.404923, 386598.913237 6674506.215464)

LINESTRING (386584.870718 6674575.399176, 386558.496313 6674599.374264)

LINESTRING (386584.870718 6674575.399176, 386599.548796 6674561.827613)

LINESTRING (386584.870718 6674575.399176, 386594.237947 6674585.985640, 386595.192681 6674587.070476)

LINESTRING (386610.103454 6674574.383280, 386614.756549 6674579.677486)

LINESTRING (386610.103454 6674574.383280, 386596.604710 6674585.901157, 386595.192681 6674587.070476)

LINESTRING (386610.103454 6674574.383280, 386609.112701 6674573.210403, 386599.548796 6674561.827613)

LINESTRING (387321.268522 6674355.357324, 387318.589946 6674355.952417, 387318.140681 6674354.517514, 387315.664141 6674346.714877, 387314.969391 6674345.777873, 387314.095000 6674345.314453)

LINESTRING (387321.268522 6674355.357324, 387321.641602 6674356.660843, 387325.124750 6674369.402766, 387329.735166 6674385.776401)

LINESTRING (387321.268522 6674355.357324, 387315.493021 6674334.127305, 387311.872586 6674321.434192, 387308.966579 6674311.939732)

LINESTRING (387388.580796 6674390.194917, 387402.900734 6674412.666612)

LINESTRING (387388.580796 6674390.194917, 387383.642262 6674382.445704)

LINESTRING (387388.580796 6674390.194917, 387399.409367 6674383.955388, 387397.501273 6674380.013360, 387392.093491 6674369.637421, 387381.978767 6674350.925657, 387376.081107 6674340.141336, 387365.501033 6674320.017486, 387362.340030 6674316.838397)

LINESTRING (387340.609928 6674401.411149, 387350.467132 6674434.829803)

LINESTRING (387340.609928 6674401.411149, 387331.718519 6674371.250297)

LINESTRING (387340.609928 6674401.411149, 387354.652746 6674397.201070)

LINESTRING (387350.467132 6674434.829803, 387340.609928 6674401.411149)

LINESTRING (387350.467132 6674434.829803, 387373.742776 6674428.073374)

LINESTRING (387350.467132 6674434.829803, 387352.176743 6674439.714021, 387353.521963 6674441.232792, 387356.601174 6674443.199680, 387360.255441 6674445.460907, 387361.107505 6674446.281635, 387361.832625 6674447.485170, 387362.740477 6674450.298976, 387363.675529 6674455.619369)

LINESTRING (387373.742776 6674428.073374, 387350.467132 6674434.829803)

LINESTRING (387373.742776 6674428.073374, 387378.672401 6674444.370373)

LINESTRING (387373.742776 6674428.073374, 387381.486912 6674425.472526, 387388.195336 6674421.131651)

LINESTRING (387336.874284 6674346.752866, 387335.400104 6674341.226192, 387351.854547 6674336.574122)

LINESTRING (387296.598436 6674357.209024, 387296.200120 6674351.482073)

LINESTRING (387296.200120 6674351.482073, 387296.598436 6674357.209024)

LINESTRING (387296.200120 6674351.482073, 387296.075253 6674349.769726)

LINESTRING (387296.200120 6674351.482073, 387302.073249 6674351.189787, 387307.264771 6674350.026967, 387314.095000 6674345.314453)

LINESTRING (387307.814182 6674393.282622, 387308.267464 6674387.819197)

LINESTRING (387308.267464 6674387.819197, 387307.814182 6674393.282622)

LINESTRING (387308.267464 6674387.819197, 387295.420519 6674385.272731)

LINESTRING (387308.267464 6674387.819197, 387319.235391 6674384.127135, 387320.784115 6674381.259996, 387321.939373 6674380.032011, 387324.191052 6674379.450062)

LINESTRING (387380.026819 6674406.695070, 387370.451219 6674391.075953)

LINESTRING (387370.451219 6674391.075953, 387380.026819 6674406.695070)

LINESTRING (387370.451219 6674391.075953, 387363.367859 6674394.414285, 387354.652746 6674397.201070)

LINESTRING (387370.451219 6674391.075953, 387372.875069 6674389.597208, 387374.655770 6674388.316561, 387383.642262 6674382.445704)

LINESTRING (387360.147186 6674414.717659, 387354.652746 6674397.201070)

LINESTRING (387354.652746 6674397.201070, 387360.147186 6674414.717659)

LINESTRING (387354.652746 6674397.201070, 387340.609928 6674401.411149)

LINESTRING (387354.652746 6674397.201070, 387363.367859 6674394.414285, 387370.451219 6674391.075953)

LINESTRING (387317.656595 6674428.373272, 387317.016230 6674421.271902)

LINESTRING (387317.016230 6674421.271902, 387303.800059 6674421.868275)

LINESTRING (387317.016230 6674421.271902, 387315.712885 6674414.625565)

LINESTRING (387317.016230 6674421.271902, 387317.656595 6674428.373272)

LINESTRING (387398.627869 6674436.111519, 387388.195336 6674421.131651)

LINESTRING (387388.195336 6674421.131651, 387398.627869 6674436.111519)

LINESTRING (387388.195336 6674421.131651, 387381.486912 6674425.472526, 387373.742776 6674428.073374)

LINESTRING (387388.195336 6674421.131651, 387390.406731 6674419.782039, 387393.397534 6674417.973829, 387402.900734 6674412.666612)

LINESTRING (387378.672401 6674444.370373, 387373.742776 6674428.073374)

LINESTRING (387211.065485 6674112.355265, 387214.523089 6674121.008000, 387219.102991 6674133.125410, 387228.191746 6674160.460497, 387229.187289 6674167.015996)

LINESTRING (387211.065485 6674112.355265, 387218.119512 6674110.031675, 387238.199396 6674147.013273)

LINESTRING (387211.065485 6674112.355265, 387209.104121 6674107.055382, 387207.955497 6674103.457795)

LINESTRING (387229.187289 6674167.015996, 387233.661499 6674163.456910)

LINESTRING (387229.187289 6674167.015996, 387228.191746 6674160.460497, 387219.102991 6674133.125410, 387214.523089 6674121.008000, 387211.065485 6674112.355265)

LINESTRING (387229.187289 6674167.015996, 387228.057309 6674168.165222, 387228.206977 6674172.662833)

LINESTRING (387238.199396 6674147.013273, 387218.119512 6674110.031675, 387211.065485 6674112.355265)

LINESTRING (387238.199396 6674147.013273, 387238.841345 6674151.818898, 387237.458224 6674156.820637, 387236.374429 6674159.829504, 387233.661499 6674163.456910)

LINESTRING (387238.199396 6674147.013273, 387241.489250 6674150.043422, 387243.234031 6674152.998583, 387244.352316 6674157.054024, 387243.193467 6674159.608291, 387241.091702 6674161.277789, 387233.661499 6674163.456910)

LINESTRING (387233.661499 6674163.456910, 387229.187289 6674167.015996)

LINESTRING (387233.661499 6674163.456910, 387236.374429 6674159.829504, 387237.458224 6674156.820637, 387238.841345 6674151.818898, 387238.199396 6674147.013273)

LINESTRING (387233.661499 6674163.456910, 387241.091702 6674161.277789, 387243.193467 6674159.608291, 387244.352316 6674157.054024, 387243.234031 6674152.998583, 387241.489250 6674150.043422, 387238.199396 6674147.013273)

LINESTRING (386529.115280 6673921.313414, 386529.625961 6673924.897160, 386530.955421 6673929.113033, 386533.407066 6673935.155203, 386536.370276 6673940.512867, 386539.845394 6673945.197159, 386542.875748 6673948.424204, 386546.234972 6673951.518474, 386548.925609 6673952.917261)

LINESTRING (386963.722775 6674179.606292, 386964.117358 6674179.984152)

LINESTRING (386963.722775 6674179.606292, 386962.069963 6674178.019145)

LINESTRING (386963.722775 6674179.606292, 386970.744095 6674172.457809)

LINESTRING (387402.900734 6674412.666612, 387421.629632 6674442.458135)

LINESTRING (387402.900734 6674412.666612, 387388.580796 6674390.194917)

LINESTRING (387402.900734 6674412.666612, 387393.397534 6674417.973829, 387390.406731 6674419.782039, 387388.195336 6674421.131651)

LINESTRING (387346.614507 6674442.169764, 387340.257301 6674444.037061, 387342.984436 6674453.314164, 387340.080632 6674454.161347)

LINESTRING (387346.614507 6674442.169764, 387347.203194 6674444.168727, 387351.646244 6674459.076514, 387358.541577 6674457.025512, 387363.675529 6674455.619369)

LINESTRING (387346.614507 6674442.169764, 387346.018845 6674440.304745, 387341.831031 6674426.659536, 387335.604829 6674406.825234)

LINESTRING (386982.200516 6673675.677200, 386983.284119 6673677.337657)

LINESTRING (386982.200516 6673675.677200, 386986.183787 6673666.449477)

LINESTRING (386982.200516 6673675.677200, 386978.035445 6673669.487058, 386977.542682 6673672.043134, 386982.200516 6673675.677200)

LINESTRING (386982.200516 6673675.677200, 386977.542682 6673672.043134, 386978.035445 6673669.487058, 386982.200516 6673675.677200)

LINESTRING (386986.183787 6673666.449477, 386982.200516 6673675.677200)

LINESTRING (387263.695790 6673826.503505, 387260.492411 6673822.144516)

LINESTRING (387263.695790 6673826.503505, 387256.925256 6673831.203090)

LINESTRING (387249.845829 6673837.405511, 387254.475625 6673833.117311, 387256.925256 6673831.203090)

LINESTRING (387019.217207 6674121.704197, 387003.177598 6674138.737215)

LINESTRING (387019.217207 6674121.704197, 387022.946379 6674117.744366)

LINESTRING (387019.217207 6674121.704197, 387023.124470 6674125.851802, 387030.366193 6674134.108983, 387040.589717 6674151.234043)

LINESTRING (387019.217207 6674121.704197, 387016.432309 6674118.859247, 387014.206964 6674112.208021, 387008.884164 6674108.048398, 386989.484901 6674098.049199, 386979.431675 6674094.180540)

LINESTRING (387003.177598 6674138.737215, 387019.217207 6674121.704197)

LINESTRING (387003.177598 6674138.737215, 387003.438589 6674143.955760)

LINESTRING (387003.177598 6674138.737215, 386997.654004 6674140.835672, 386980.466540 6674158.071397, 386969.701104 6674169.592539, 386968.760780 6674170.591117)

LINESTRING (387003.438589 6674143.955760, 387003.177598 6674138.737215)

LINESTRING (387003.438589 6674143.955760, 386985.844448 6674162.039825)

LINESTRING (387003.438589 6674143.955760, 387023.058376 6674163.086411, 387016.633514 6674170.684431)

LINESTRING (386968.760780 6674170.591117, 386970.744095 6674172.457809)

LINESTRING (386968.760780 6674170.591117, 386966.657253 6674168.605552)

LINESTRING (386968.760780 6674170.591117, 386962.069963 6674178.019145)

LINESTRING (386968.760780 6674170.591117, 386969.701104 6674169.592539, 386980.466540 6674158.071397, 386997.654004 6674140.835672, 387003.177598 6674138.737215)

LINESTRING (386970.744095 6674172.457809, 386968.760780 6674170.591117)

LINESTRING (386970.744095 6674172.457809, 386971.837894 6674171.577078)

LINESTRING (386970.744095 6674172.457809, 386963.722775 6674179.606292)

LINESTRING (386970.744095 6674172.457809, 386971.835697 6674173.482795, 386972.667920 6674176.711187)

LINESTRING (386966.657253 6674168.605552, 386968.760780 6674170.591117)

LINESTRING (386966.657253 6674168.605552, 386963.285089 6674165.433310)

LINESTRING (386966.657253 6674168.605552, 386960.028110 6674176.053967)

LINESTRING (386966.657253 6674168.605552, 386967.703948 6674167.637121, 386977.544056 6674156.701752)

LINESTRING (386962.069963 6674178.019145, 386963.722775 6674179.606292)

LINESTRING (386962.069963 6674178.019145, 386968.760780 6674170.591117)

LINESTRING (386962.069963 6674178.019145, 386961.320637 6674177.295628, 386960.028110 6674176.053967)

LINESTRING (387242.927872 6674078.565352, 387228.384664 6674086.925695, 387226.661814 6674087.926023)

LINESTRING (387242.648934 6673585.714721, 387239.250176 6673588.895173)

LINESTRING (387239.250176 6673588.895173, 387242.648934 6673585.714721)

LINESTRING (387239.250176 6673588.895173, 387242.981349 6673592.903572)

LINESTRING (387242.981349 6673592.903572, 387246.220328 6673589.761477)

LINESTRING (387242.981349 6673592.903572, 387290.567996 6673641.519832)

LINESTRING (387242.981349 6673592.903572, 387239.250176 6673588.895173)

LINESTRING (387242.981349 6673592.903572, 387240.977964 6673594.714899, 387238.493131 6673596.752793)

LINESTRING (387246.220328 6673589.761477, 387242.648934 6673585.714721)

LINESTRING (387246.220328 6673589.761477, 387242.981349 6673592.903572)

LINESTRING (387290.567996 6673641.519832, 387242.981349 6673592.903572)

LINESTRING (387290.567996 6673641.519832, 387282.165133 6673649.278513)

LINESTRING (387290.567996 6673641.519832, 387293.158302 6673639.122114)

LINESTRING (387290.567996 6673641.519832, 387309.902535 6673661.452062, 387311.004276 6673663.346077)

LINESTRING (387238.493131 6673596.752793, 387240.977964 6673594.714899, 387242.981349 6673592.903572)

LINESTRING (387326.251039 6673649.470454, 387332.823788 6673645.724351)

LINESTRING (387326.251039 6673649.470454, 387325.360103 6673650.277961, 387322.363850 6673653.011328)

LINESTRING (387326.251039 6673649.470454, 387323.004140 6673647.486439, 387303.819947 6673627.750106)

LINESTRING (387332.823788 6673645.724351, 387326.251039 6673649.470454)

LINESTRING (387332.823788 6673645.724351, 387327.539953 6673639.412247)

LINESTRING (387332.823788 6673645.724351, 387340.863828 6673641.141877, 387348.296947 6673633.970379)

LINESTRING (387303.819947 6673627.750106, 387300.916522 6673630.614362)

LINESTRING (387303.819947 6673627.750106, 387323.004140 6673647.486439, 387326.251039 6673649.470454)

LINESTRING (387303.819947 6673627.750106, 387308.290712 6673623.333154, 387311.703729 6673620.074320)

LINESTRING (386855.857903 6674002.771323, 386854.364267 6673998.437837)

LINESTRING (386855.857903 6674002.771323, 386858.417824 6674010.181072, 386861.408555 6674018.781076)

LINESTRING (386855.857903 6674002.771323, 386854.233606 6674003.367593, 386853.717933 6674003.561839)

LINESTRING (387060.097575 6674076.635025, 387059.110099 6674077.545880)

LINESTRING (387060.097575 6674076.635025, 387063.810404 6674073.221807)

LINESTRING (387060.097575 6674076.635025, 387065.179992 6674081.637948)

LINESTRING (387070.740793 6674092.253905, 387068.255226 6674093.534156)

LINESTRING (387070.740793 6674092.253905, 387074.892649 6674090.119872)

LINESTRING (387070.740793 6674092.253905, 387072.957550 6674097.010924)

LINESTRING (387412.361349 6673773.763511, 387396.095592 6673778.320243)

LINESTRING (387412.361349 6673773.763511, 387399.167409 6673761.264460)

LINESTRING (387412.361349 6673773.763511, 387417.315929 6673785.802765)

LINESTRING (387396.095592 6673778.320243, 387412.361349 6673773.763511)

LINESTRING (387399.167409 6673761.264460, 387412.361349 6673773.763511)

LINESTRING (387297.619217 6673749.589941, 387346.351321 6673802.150002, 387349.396026 6673820.834104, 387358.269704 6673830.189545, 387367.205716 6673826.961410, 387417.315929 6673785.802765)

LINESTRING (387450.522098 6673787.801757, 387455.486250 6673794.380164)

LINESTRING (387450.522098 6673787.801757, 387448.160495 6673784.820886, 387445.798889 6673781.840017)

LINESTRING (387455.486250 6673794.380164, 387450.522098 6673787.801757)

LINESTRING (387455.486250 6673794.380164, 387439.316418 6673806.567452)

LINESTRING (387455.486250 6673794.380164, 387457.585252 6673797.123943, 387460.102572 6673800.657236)

LINESTRING (387445.798889 6673781.840017, 387443.079407 6673780.396891)

LINESTRING (387445.798889 6673781.840017, 387448.160495 6673784.820886, 387450.522098 6673787.801757)

LINESTRING (387300.916522 6673630.614362, 387322.363850 6673653.011328)

LINESTRING (387300.916522 6673630.614362, 387293.158302 6673639.122114)

LINESTRING (387300.916522 6673630.614362, 387303.819947 6673627.750106)

LINESTRING (387282.165133 6673649.278513, 387290.567996 6673641.519832)

LINESTRING (386868.280453 6673822.364712, 386877.744107 6673819.698557, 386879.368106 6673819.269472)

LINESTRING (386868.280453 6673822.364712, 386866.779019 6673817.061919, 386863.770746 6673812.028578)

LINESTRING (386868.280453 6673822.364712, 386874.780428 6673839.994486, 386880.902651 6673840.551959, 386887.159745 6673840.804382)

LINESTRING (386887.159745 6673840.804382, 386890.274852 6673845.165790, 386892.215002 6673850.299018)

LINESTRING (386887.159745 6673840.804382, 386880.902651 6673840.551959, 386874.780428 6673839.994486, 386868.280453 6673822.364712)

LINESTRING (386887.159745 6673840.804382, 386896.111514 6673836.660774, 386899.440642 6673843.099533, 386904.302942 6673850.661063)

LINESTRING (386877.028627 6673806.782307, 386882.362424 6673818.463721)

LINESTRING (386877.028627 6673806.782307, 386863.770746 6673812.028578)

LINESTRING (386877.028627 6673806.782307, 386875.947921 6673804.497719)

LINESTRING (386882.362424 6673818.463721, 386879.368106 6673819.269472)

LINESTRING (386882.362424 6673818.463721, 386893.433080 6673815.536213)

LINESTRING (386882.362424 6673818.463721, 386877.028627 6673806.782307)

LINESTRING (386875.947921 6673804.497719, 386877.028627 6673806.782307)

LINESTRING (386893.433080 6673815.536213, 386882.362424 6673818.463721)

LINESTRING (386893.433080 6673815.536213, 386896.168865 6673814.805327)

LINESTRING (386893.433080 6673815.536213, 386894.183414 6673818.265635)

LINESTRING (386985.844448 6674162.039825, 387003.438589 6674143.955760)

LINESTRING (387016.633514 6674170.684431, 387023.058376 6674163.086411, 387003.438589 6674143.955760)

LINESTRING (386955.486366 6674135.729831, 386945.594426 6674146.065076, 386944.857954 6674148.093770)

LINESTRING (386944.857954 6674148.093770, 386958.912769 6674161.322417)

LINESTRING (386944.857954 6674148.093770, 386940.445407 6674143.939563, 386938.290576 6674141.911022)

LINESTRING (386944.857954 6674148.093770, 386943.719371 6674149.321361, 386938.272563 6674155.161972)

LINESTRING (386944.857954 6674148.093770, 386945.594426 6674146.065076, 386955.486366 6674135.729831)

LINESTRING (386958.912769 6674161.322417, 386963.285089 6674165.433310)

LINESTRING (386958.912769 6674161.322417, 386944.857954 6674148.093770)

LINESTRING (386958.912769 6674161.322417, 386959.916830 6674160.411021)

LINESTRING (386938.290576 6674141.911022, 386936.455850 6674140.184630)

LINESTRING (386938.290576 6674141.911022, 386939.852283 6674140.547774)

LINESTRING (386938.290576 6674141.911022, 386940.445407 6674143.939563, 386944.857954 6674148.093770)

LINESTRING (386938.272563 6674155.161972, 386951.987118 6674168.334238)

LINESTRING (386938.272563 6674155.161972, 386921.595534 6674139.150360)

LINESTRING (386938.272563 6674155.161972, 386943.719371 6674149.321361, 386944.857954 6674148.093770)

LINESTRING (386951.987118 6674168.334238, 386938.272563 6674155.161972)

LINESTRING (386951.987118 6674168.334238, 386957.923549 6674174.035007, 386960.028110 6674176.053967)

LINESTRING (386951.987118 6674168.334238, 386947.142406 6674173.365006, 386946.255124 6674174.283943)

LINESTRING (386960.028110 6674176.053967, 386966.657253 6674168.605552)

LINESTRING (386960.028110 6674176.053967, 386961.320637 6674177.295628, 386962.069963 6674178.019145)

LINESTRING (386960.028110 6674176.053967, 386957.923549 6674174.035007, 386951.987118 6674168.334238)

LINESTRING (387196.931742 6673987.586662, 387181.589492 6673998.300923)

LINESTRING (387196.931742 6673987.586662, 387199.076394 6673989.827405, 387200.304767 6673991.149135)

LINESTRING (387195.336963 6673994.545158, 387184.434373 6674002.013388)

LINESTRING (387195.336963 6673994.545158, 387200.304767 6673991.149135)

LINESTRING (387195.336963 6673994.545158, 387199.258003 6674000.943635)

LINESTRING (387215.979769 6673980.424704, 387200.304767 6673991.149135)

LINESTRING (387215.979769 6673980.424704, 387224.007416 6673974.928500)

LINESTRING (387215.979769 6673980.424704, 387217.988264 6673983.650334)

LINESTRING (386754.202016 6673821.367417, 386758.860974 6673828.444715)

LINESTRING (386723.403292 6673775.938270, 386719.823739 6673770.566102)

LINESTRING (387198.439829 6674583.003949, 387199.894533 6674572.951688, 387200.431608 6674569.313293)

LINESTRING (386521.253189 6673895.780600, 386521.332464 6673901.918595, 386521.316402 6673908.382727, 386521.559480 6673912.643420, 386521.819896 6673914.061804, 386523.058989 6673915.004082, 386524.497755 6673915.405250, 386526.680967 6673915.114690, 386528.296996 6673914.072763, 386529.021773 6673912.746426, 386530.171480 6673908.119379, 386531.132858 6673904.757465, 386533.034361 6673901.645015, 386536.250012 6673897.956913, 386541.711313 6673893.664290, 386542.972477 6673892.811676)

LINESTRING (387383.642262 6674382.445704, 387388.580796 6674390.194917)

LINESTRING (387383.642262 6674382.445704, 387372.644925 6674364.986973)

LINESTRING (387383.642262 6674382.445704, 387374.655770 6674388.316561, 387372.875069 6674389.597208, 387370.451219 6674391.075953)

LINESTRING (386931.227357 6674236.988215, 386931.366786 6674242.399966)

LINESTRING (386931.227357 6674236.988215, 386939.228870 6674236.785623)

LINESTRING (386931.227357 6674236.988215, 386924.975373 6674237.058766)

LINESTRING (386931.227357 6674236.988215, 386931.129035 6674233.625718, 386930.192036 6674211.377503, 386922.822156 6674211.549455)

LINESTRING (386713.195021 6673944.107678, 386710.850245 6673940.970722)

LINESTRING (386713.195021 6673944.107678, 386715.853620 6673942.142037)

LINESTRING (386713.195021 6673944.107678, 386715.424078 6673947.092198, 386719.349000 6673952.331083)

LINESTRING (386842.741907 6674005.940503, 386850.369158 6674001.692834)

LINESTRING (386872.279927 6673989.492566, 386869.382950 6673991.108847, 386852.874488 6674000.333815)

LINESTRING (386721.949018 6673950.445268, 386719.349000 6673952.331083)

LINESTRING (386721.949018 6673950.445268, 386724.484227 6673948.617182, 386738.456557 6673938.322251, 386738.895730 6673932.067927)

LINESTRING (386721.949018 6673950.445268, 386720.517846 6673948.494750, 386718.188680 6673945.323873)

LINESTRING (386738.895730 6673932.067927, 386736.478235 6673928.732610)

LINESTRING (386738.895730 6673932.067927, 386743.521317 6673928.024353)

LINESTRING (386738.895730 6673932.067927, 386738.456557 6673938.322251, 386724.484227 6673948.617182, 386721.949018 6673950.445268)

LINESTRING (386736.478235 6673928.732610, 386730.922944 6673921.203878)

LINESTRING (386736.478235 6673928.732610, 386738.895730 6673932.067927)

LINESTRING (386736.478235 6673928.732610, 386732.258327 6673931.537781)

LINESTRING (386743.521317 6673928.024353, 386743.678275 6673926.281006)

LINESTRING (386743.521317 6673928.024353, 386738.895730 6673932.067927)

LINESTRING (386743.521317 6673928.024353, 386745.339903 6673928.146395)

LINESTRING (386730.922944 6673921.203878, 386728.590775 6673921.164600)

LINESTRING (386730.922944 6673921.203878, 386736.478235 6673928.732610)

LINESTRING (386730.922944 6673921.203878, 386740.843036 6673922.000212)

LINESTRING (386728.590775 6673921.164600, 386730.922944 6673921.203878)

LINESTRING (386728.590775 6673921.164600, 386728.651005 6673917.730331)

LINESTRING (386728.590775 6673921.164600, 386726.525090 6673921.128222, 386722.525099 6673920.817375)

LINESTRING (386740.843036 6673922.000212, 386730.922944 6673921.203878)

LINESTRING (386740.843036 6673922.000212, 386744.007547 6673922.214341)

LINESTRING (386740.843036 6673922.000212, 386740.959492 6673920.024091)

LINESTRING (387439.316418 6673806.567452, 387443.866286 6673812.668242)

LINESTRING (387439.316418 6673806.567452, 387434.060977 6673799.541116)

LINESTRING (387439.316418 6673806.567452, 387390.920694 6673841.755548)

LINESTRING (387460.102572 6673800.657236, 387461.533665 6673802.797481)

LINESTRING (387460.102572 6673800.657236, 387443.866286 6673812.668242)

LINESTRING (387460.102572 6673800.657236, 387457.585252 6673797.123943, 387455.486250 6673794.380164)

LINESTRING (387461.533665 6673802.797481, 387460.102572 6673800.657236)

LINESTRING (387461.533665 6673802.797481, 387445.272876 6673814.552920)

LINESTRING (387443.866286 6673812.668242, 387436.338008 6673818.182012)

LINESTRING (387443.866286 6673812.668242, 387445.272876 6673814.552920)

LINESTRING (387443.866286 6673812.668242, 387439.316418 6673806.567452)

LINESTRING (387402.526769 6674552.558839, 387394.869625 6674519.384415)

LINESTRING (387402.526769 6674552.558839, 387433.133045 6674553.600982)

LINESTRING (387402.526769 6674552.558839, 387396.195237 6674555.795981, 387395.813288 6674556.186632, 387390.820578 6674561.277087, 387382.664982 6674567.267252)

LINESTRING (387394.869625 6674519.384415, 387402.526769 6674552.558839)

LINESTRING (387394.869625 6674519.384415, 387399.130215 6674518.450953)

LINESTRING (387394.869625 6674519.384415, 387375.575097 6674524.402324, 387368.627787 6674527.825623)

LINESTRING (387433.133045 6674553.600982, 387434.263838 6674551.939164)

LINESTRING (387433.133045 6674553.600982, 387402.526769 6674552.558839)

LINESTRING (387433.133045 6674553.600982, 387444.164934 6674554.888721, 387459.824582 6674557.260035)

LINESTRING (387382.664982 6674567.267252, 387390.820578 6674561.277087, 387395.813288 6674556.186632, 387396.195237 6674555.795981, 387402.526769 6674552.558839)

LINESTRING (387382.664982 6674567.267252, 387373.496469 6674541.784226, 387368.627787 6674527.825623)

LINESTRING (387382.664982 6674567.267252, 387384.801673 6674577.197762, 387381.226850 6674580.038071, 387374.470832 6674582.641957, 387363.687218 6674582.929252, 387355.848754 6674581.732915, 387347.786161 6674579.384506)

LINESTRING (387459.824582 6674557.260035, 387468.158280 6674558.140476, 387473.855083 6674560.606464, 387476.466698 6674563.613080, 387481.383859 6674569.958905, 387484.196066 6674573.895462, 387485.601405 6674574.665775, 387486.897985 6674574.425320, 387488.212149 6674573.493391, 387488.496778 6674572.102774, 387488.772537 6674564.828350, 387489.579861 6674556.434320, 387493.026611 6674555.381113)

LINESTRING (387459.824582 6674557.260035, 387458.732239 6674549.526192, 387456.758665 6674542.187204, 387453.828854 6674535.691141, 387450.239354 6674530.118039, 387445.360438 6674525.019214, 387439.704257 6674521.170151, 387433.756664 6674518.310739, 387426.582434 6674516.703773, 387419.035894 6674515.620902)

LINESTRING (387459.824582 6674557.260035, 387444.164934 6674554.888721, 387433.133045 6674553.600982)

LINESTRING (387399.130215 6674518.450953, 387394.869625 6674519.384415)

LINESTRING (387399.130215 6674518.450953, 387397.130259 6674509.898097)

LINESTRING (387399.130215 6674518.450953, 387409.630619 6674516.166545, 387419.035894 6674515.620902)

LINESTRING (387368.627787 6674527.825623, 387373.496469 6674541.784226, 387382.664982 6674567.267252)

LINESTRING (387368.627787 6674527.825623, 387375.575097 6674524.402324, 387394.869625 6674519.384415)

LINESTRING (387368.627787 6674527.825623, 387363.797722 6674530.448262, 387356.889400 6674534.416445, 387342.420808 6674543.164153)

LINESTRING (387419.035894 6674515.620902, 387419.358499 6674517.449754)

LINESTRING (387419.035894 6674515.620902, 387426.582434 6674516.703773, 387433.756664 6674518.310739, 387439.704257 6674521.170151, 387445.360438 6674525.019214, 387450.239354 6674530.118039, 387453.828854 6674535.691141, 387456.758665 6674542.187204, 387458.732239 6674549.526192, 387459.824582 6674557.260035)

LINESTRING (387419.035894 6674515.620902, 387409.630619 6674516.166545, 387399.130215 6674518.450953)

LINESTRING (387419.358499 6674517.449754, 387419.035894 6674515.620902)

LINESTRING (387434.263838 6674551.939164, 387433.133045 6674553.600982)

LINESTRING (387342.420808 6674543.164153, 387330.766982 6674549.975342)

LINESTRING (387342.420808 6674543.164153, 387351.940893 6674545.088791, 387357.943225 6674547.021426, 387362.204107 6674549.163683, 387365.132790 6674554.355854, 387366.489209 6674561.468623, 387365.826779 6674566.448137, 387363.544876 6674571.633510, 387358.066011 6674576.070329, 387353.480904 6674578.897184, 387347.786161 6674579.384506)

LINESTRING (387342.420808 6674543.164153, 387356.889400 6674534.416445, 387363.797722 6674530.448262, 387368.627787 6674527.825623)

LINESTRING (387347.786161 6674579.384506, 387340.136583 6674576.934248, 387333.527460 6674571.331625, 387330.863241 6674565.719004, 387330.530116 6674561.026446, 387330.650374 6674555.740436, 387330.766982 6674549.975342)

LINESTRING (387347.786161 6674579.384506, 387355.848754 6674581.732915, 387363.687218 6674582.929252, 387374.470832 6674582.641957, 387381.226850 6674580.038071, 387384.801673 6674577.197762, 387382.664982 6674567.267252)

LINESTRING (387347.786161 6674579.384506, 387353.480904 6674578.897184, 387358.066011 6674576.070329, 387363.544876 6674571.633510, 387365.826779 6674566.448137, 387366.489209 6674561.468623, 387365.132790 6674554.355854, 387362.204107 6674549.163683, 387357.943225 6674547.021426, 387351.940893 6674545.088791, 387342.420808 6674543.164153)

LINESTRING (386870.413940 6673602.959624, 386868.527992 6673604.254902)

LINESTRING (386868.527992 6673604.254902, 386894.402562 6673640.866331)

LINESTRING (386868.527992 6673604.254902, 386870.413940 6673602.959624)

LINESTRING (386868.527992 6673604.254902, 386858.231829 6673610.891814)

LINESTRING (386742.985879 6674384.394848, 386745.943776 6674382.966017)

LINESTRING (386742.985879 6674384.394848, 386740.812865 6674385.364769, 386713.658536 6674398.920671, 386711.234821 6674401.113087, 386703.001723 6674410.495023)

LINESTRING (386742.985879 6674384.394848, 386741.962049 6674382.153117, 386740.361529 6674378.669940)

LINESTRING (386740.361529 6674378.669940, 386735.321315 6674367.681734)

LINESTRING (386740.361529 6674378.669940, 386726.827537 6674384.961758)

LINESTRING (386740.361529 6674378.669940, 386741.962049 6674382.153117, 386742.985879 6674384.394848)

LINESTRING (386905.632350 6673656.188074, 386901.007623 6673649.856195, 386900.398571 6673649.005767, 386899.117063 6673647.228862, 386894.402562 6673640.866331)

LINESTRING (386905.632350 6673656.188074, 386912.616008 6673665.756902, 386913.911989 6673667.823112, 386914.730627 6673668.990248)

LINESTRING (386905.632350 6673656.188074, 386902.250098 6673658.454524, 386894.871709 6673663.597038, 386858.231829 6673610.891814)

LINESTRING (386869.124000 6673672.037484, 386864.351481 6673675.472491)

LINESTRING (387335.604829 6674406.825234, 387341.831031 6674426.659536, 387346.018845 6674440.304745, 387346.614507 6674442.169764)

LINESTRING (387335.604829 6674406.825234, 387335.187810 6674405.355905, 387331.527337 6674391.538454, 387329.735166 6674385.776401)

LINESTRING (387335.604829 6674406.825234, 387333.037449 6674407.606344, 387333.362683 6674408.978201, 387334.372170 6674412.568960, 387333.963904 6674413.907677, 387330.034180 6674414.596998, 387324.369941 6674414.281031, 387315.712885 6674414.625565)

LINESTRING (386723.184494 6674415.531554, 386718.961332 6674418.570895)

LINESTRING (386723.184494 6674415.531554, 386728.218892 6674415.932952, 386728.508205 6674415.957430, 386732.600149 6674416.388001)

LINESTRING (386723.184494 6674415.531554, 386723.342116 6674411.659645, 386723.462754 6674409.282200)

LINESTRING (386732.600149 6674416.388001, 386728.508205 6674415.957430, 386728.218892 6674415.932952, 386723.184494 6674415.531554)

LINESTRING (386916.723365 6674275.315271, 386912.395250 6674276.764004)

LINESTRING (386916.723365 6674275.315271, 386940.086976 6674267.260660, 386944.424262 6674265.209893, 386944.969122 6674264.524414, 386945.642477 6674262.609110)

LINESTRING (386916.723365 6674275.315271, 386921.461447 6674287.316016, 386922.934272 6674290.981517)

LINESTRING (386922.934272 6674290.981517, 386939.220528 6674284.482850)

LINESTRING (386922.934272 6674290.981517, 386927.701454 6674302.847640)

LINESTRING (386922.934272 6674290.981517, 386921.461447 6674287.316016, 386916.723365 6674275.315271)

LINESTRING (386908.165666 6674125.679656, 386904.892137 6674122.649291)

LINESTRING (386908.165666 6674125.679656, 386913.879108 6674119.128681)

LINESTRING (386908.165666 6674125.679656, 386909.708024 6674127.103032, 386914.046324 6674131.905858, 386921.595534 6674139.150360)

LINESTRING (386812.714012 6673975.486913, 386802.542862 6673983.256871, 386799.514075 6673985.635087)

LINESTRING (386790.018489 6674052.570855, 386774.320792 6674050.314918)

LINESTRING (386790.018489 6674052.570855, 386790.898174 6674046.202618)

LINESTRING (386790.018489 6674052.570855, 386835.624559 6674059.173297, 386839.159309 6674059.699238)

LINESTRING (386950.042628 6674061.889675, 386950.233540 6674059.086598)

LINESTRING (386950.042628 6674061.889675, 386949.842825 6674068.537758)

LINESTRING (386950.042628 6674061.889675, 386886.164790 6674058.435844)

LINESTRING (386770.200173 6673940.962077, 386770.590117 6673938.676605)

LINESTRING (386770.200173 6673940.962077, 386775.642373 6673941.428961, 386777.874002 6673941.627396)

LINESTRING (386770.200173 6673940.962077, 386749.977909 6673939.213938, 386742.495279 6673944.549469)

LINESTRING (386770.200173 6673940.962077, 386770.054809 6673941.824674, 386768.307352 6673952.075640, 386752.982831 6673949.518485, 386745.461914 6673948.413865, 386742.912054 6673945.104927, 386742.495279 6673944.549469)

LINESTRING (386742.495279 6673944.549469, 386726.389504 6673956.024820)

LINESTRING (386742.495279 6673944.549469, 386749.977909 6673939.213938, 386770.200173 6673940.962077)

LINESTRING (386742.495279 6673944.549469, 386742.912054 6673945.104927, 386745.461914 6673948.413865, 386752.982831 6673949.518485, 386768.307352 6673952.075640, 386770.054809 6673941.824674, 386770.200173 6673940.962077)

LINESTRING (386777.774653 6673939.312483, 386777.874002 6673941.627396)

LINESTRING (386777.774653 6673939.312483, 386813.786342 6673942.500470, 386832.002603 6673935.373359)

LINESTRING (386813.142756 6673969.968440, 386802.155458 6673955.653615, 386789.508231 6673953.347844, 386778.759369 6673943.516808, 386777.874002 6673941.627396)

LINESTRING (386979.717541 6673992.358828, 386977.011618 6673993.333906, 386963.679905 6673998.147498, 386960.369557 6673999.497866)

LINESTRING (386960.369557 6673999.497866, 386963.492776 6674008.082708)

LINESTRING (386960.369557 6673999.497866, 386956.371011 6674000.847202)

LINESTRING (386960.369557 6673999.497866, 386963.679905 6673998.147498, 386977.011618 6673993.333906, 386979.717541 6673992.358828)

LINESTRING (386893.961001 6674056.066403, 386886.277001 6674055.601761)

LINESTRING (386908.443272 6673777.004071, 386906.091506 6673771.482362, 386902.011761 6673764.821614, 386899.157229 6673757.398648, 386893.387366 6673747.591754, 386887.891113 6673738.378198, 386874.740858 6673718.557901)

LINESTRING (386951.179146 6673891.672341, 386953.089508 6673890.632661)

LINESTRING (386951.179146 6673891.672341, 386948.820659 6673892.937599)

LINESTRING (386951.179146 6673891.672341, 386951.932350 6673893.777612)

LINESTRING (386940.586340 6673896.947483, 386946.237801 6673903.470573)

LINESTRING (386940.586340 6673896.947483, 386943.962749 6673922.352151, 386944.657411 6673927.234120)

LINESTRING (386927.883960 6673894.475771, 386922.128989 6673894.664681)

LINESTRING (386927.883960 6673894.475771, 386927.186135 6673889.671910, 386926.015928 6673882.152325)

LINESTRING (386927.883960 6673894.475771, 386931.465440 6673894.354002, 386933.566851 6673894.289096, 386936.743574 6673894.179834, 386940.236684 6673894.071948)

LINESTRING (386953.041613 6674027.996861, 386949.718403 6674029.648530)

LINESTRING (386953.041613 6674027.996861, 386951.297657 6674024.718621, 386946.692508 6674013.973015, 386943.713148 6674003.578391, 386940.827073 6673988.478058, 386938.358004 6673966.934674, 386937.361649 6673960.011501)

LINESTRING (386953.041613 6674027.996861, 386956.965086 6674026.014623, 386959.924434 6674024.441062, 386962.452307 6674023.092567, 386965.580786 6674021.424636)

LINESTRING (386949.718403 6674029.648530, 386950.462603 6674034.517826)

LINESTRING (386949.718403 6674029.648530, 386953.041613 6674027.996861)

LINESTRING (386949.718403 6674029.648530, 386945.938690 6674021.730334, 386943.516366 6674016.433669, 386941.346414 6674010.683445, 386939.619367 6674004.718948, 386938.191028 6673998.722937, 386937.206031 6673993.604765, 386935.738477 6673984.901938, 386934.096144 6673972.337491, 386932.456173 6673961.466882)

LINESTRING (386937.361649 6673960.011501, 386932.456173 6673961.466882)

LINESTRING (386937.361649 6673960.011501, 386934.342096 6673939.153770, 386928.981392 6673901.975316, 386928.281506 6673897.104654)

LINESTRING (386924.949838 6673906.212035, 386928.281506 6673897.104654)

LINESTRING (386924.949838 6673906.212035, 386922.724090 6673898.658191, 386922.128989 6673894.664681)

LINESTRING (387053.071145 6674104.132668, 387049.420270 6674106.674744)

LINESTRING (387053.071145 6674104.132668, 387049.764552 6674100.746585, 387043.089189 6674094.477832, 387035.850298 6674088.471653, 387028.485098 6674083.048881, 387020.387244 6674077.983060, 387010.994052 6674073.024104, 387001.117697 6674068.414411, 386993.671242 6674064.676979)

LINESTRING (387053.071145 6674104.132668, 387056.629489 6674101.649171, 387059.166463 6674099.876984, 387061.524256 6674098.232913)

LINESTRING (387047.184415 6674108.493367, 387043.887305 6674111.169407)

LINESTRING (387047.184415 6674108.493367, 387049.420270 6674106.674744)

LINESTRING (387047.184415 6674108.493367, 387041.815610 6674102.841804, 387037.412841 6674098.642605, 387032.140637 6674094.503676, 387026.361389 6674090.659006, 387018.889231 6674086.086508, 387009.838431 6674081.072412, 386997.939368 6674075.477617, 386990.429350 6674072.377369)

LINESTRING (387003.414567 6674074.684523, 386998.245119 6674072.258665, 386991.830814 6674069.057724)

LINESTRING (387049.420270 6674106.674744, 387053.071145 6674104.132668)

LINESTRING (387049.420270 6674106.674744, 387047.184415 6674108.493367)

LINESTRING (387049.420270 6674106.674744, 387046.152486 6674103.287467)

LINESTRING (387046.152486 6674103.287467, 387049.420270 6674106.674744)

LINESTRING (387057.263684 6674092.346539, 387061.524256 6674098.232913)

LINESTRING (387065.179992 6674081.637948, 387068.487449 6674079.295934)

LINESTRING (387065.179992 6674081.637948, 387067.359713 6674085.014235, 387070.740793 6674092.253905)

LINESTRING (387090.533852 6674058.534104, 387086.914127 6674053.452595)

LINESTRING (387090.533852 6674058.534104, 387088.388129 6674060.037884, 387087.045743 6674066.175131, 387084.083778 6674068.383884)

LINESTRING (387090.533852 6674058.534104, 387092.597785 6674057.077425, 387128.032871 6674032.080449)

LINESTRING (387063.884154 6674084.965448, 387068.255226 6674093.534156)

LINESTRING (387029.864430 6674055.814617, 387029.384883 6674056.999551)

LINESTRING (387029.864430 6674055.814617, 387030.951828 6674053.106465)

LINESTRING (387029.864430 6674055.814617, 387036.195009 6674058.461001, 387044.755812 6674063.601725, 387052.964213 6674069.912331, 387060.097575 6674076.635025)

LINESTRING (387026.770298 6674057.336560, 387021.170926 6674054.467029)

LINESTRING (386990.349099 6674038.679963, 387007.962978 6674046.204571)

LINESTRING (386990.349099 6674038.679963, 386987.369716 6674045.536441)

LINESTRING (386978.317912 6674066.376859, 386976.737577 6674070.014069)

LINESTRING (386978.317912 6674066.376859, 386974.076530 6674064.891920, 386965.122823 6674063.385337)

LINESTRING (386976.737577 6674070.014069, 386967.128149 6674067.580476)

LINESTRING (386990.429350 6674072.377369, 386987.286061 6674071.047964)

LINESTRING (386990.429350 6674072.377369, 386991.830814 6674069.057724)

LINESTRING (386990.429350 6674072.377369, 386988.708201 6674076.486975)

LINESTRING (386987.286061 6674071.047964, 386978.317912 6674066.376859)

LINESTRING (386987.286061 6674071.047964, 386981.725077 6674071.219659, 386976.737577 6674070.014069)

LINESTRING (386988.708201 6674076.486975, 386990.429350 6674072.377369)

LINESTRING (386988.708201 6674076.486975, 387006.947847 6674084.872638, 387010.582615 6674087.022699)

LINESTRING (386988.708201 6674076.486975, 386976.572693 6674072.582313, 386970.033205 6674071.079185, 386968.118428 6674070.714834)

LINESTRING (387043.887305 6674111.169407, 387042.409465 6674109.677121)

LINESTRING (387043.887305 6674111.169407, 387047.184415 6674108.493367)

LINESTRING (387043.887305 6674111.169407, 387047.267451 6674115.500466, 387052.362902 6674122.185732, 387054.801238 6674126.389841)

LINESTRING (386967.128149 6674067.580476, 386966.095271 6674065.762443, 386965.122823 6674063.385337)

LINESTRING (386967.128149 6674067.580476, 386959.899429 6674066.042928, 386952.860842 6674062.036665)

LINESTRING (386950.233540 6674059.086598, 386943.162835 6674058.892644)

LINESTRING (386950.233540 6674059.086598, 386963.839420 6674060.104013)

LINESTRING (386950.233540 6674059.086598, 386950.042628 6674061.889675)

LINESTRING (386950.233540 6674059.086598, 386950.359597 6674056.519552, 386950.388865 6674055.849999, 386950.500310 6674053.528575, 386950.617341 6674051.028671, 386950.653229 6674050.214040)

LINESTRING (386943.162835 6674058.892644, 386950.233540 6674059.086598)

LINESTRING (386979.856302 6674062.818954, 386978.317912 6674066.376859)

LINESTRING (386979.856302 6674062.818954, 386977.311017 6674061.805417, 386971.693807 6674060.875592, 386963.839420 6674060.104013)

LINESTRING (386979.856302 6674062.818954, 386981.914370 6674063.869824, 386991.830814 6674069.057724)

LINESTRING (386957.938978 6674049.643567, 386956.016368 6674047.228941, 386955.415684 6674046.467402)

LINESTRING (386957.938978 6674049.643567, 386960.024140 6674049.055399, 386962.660734 6674047.993294, 386967.023871 6674046.231515)

LINESTRING (386955.415684 6674046.467402, 386956.974087 6674046.073806, 386960.134906 6674045.274113, 386964.617271 6674043.419497)

LINESTRING (386955.415684 6674046.467402, 386955.129440 6674043.667917, 386953.078102 6674034.749087, 386949.718403 6674029.648530)

LINESTRING (387011.226244 6674060.769528, 387003.436675 6674057.243261)

LINESTRING (387296.075253 6674349.769726, 387296.200120 6674351.482073)

LINESTRING (387296.075253 6674349.769726, 387295.699296 6674342.426191)

LINESTRING (387296.075253 6674349.769726, 387286.232958 6674350.373702, 387278.937892 6674352.604305, 387270.318294 6674356.692209, 387267.135802 6674357.681760)

LINESTRING (387314.095000 6674345.314453, 387295.699296 6674342.426191)

LINESTRING (387314.095000 6674345.314453, 387307.264771 6674350.026967, 387302.073249 6674351.189787, 387296.200120 6674351.482073)

LINESTRING (387314.095000 6674345.314453, 387314.969391 6674345.777873, 387315.664141 6674346.714877, 387318.140681 6674354.517514, 387318.589946 6674355.952417, 387321.268522 6674355.357324)

LINESTRING (387303.800059 6674421.868275, 387317.016230 6674421.271902)

LINESTRING (387303.800059 6674421.868275, 387302.227384 6674415.486549)

LINESTRING (387303.800059 6674421.868275, 387304.396598 6674424.301611, 387298.450364 6674426.000307)

LINESTRING (387315.712885 6674414.625565, 387302.227384 6674415.486549)

LINESTRING (387315.712885 6674414.625565, 387317.016230 6674421.271902)

LINESTRING (387315.712885 6674414.625565, 387324.369941 6674414.281031, 387330.034180 6674414.596998, 387333.963904 6674413.907677, 387334.372170 6674412.568960, 387333.362683 6674408.978201, 387333.037449 6674407.606344, 387335.604829 6674406.825234)

LINESTRING (387302.227384 6674415.486549, 387315.712885 6674414.625565)

LINESTRING (387302.227384 6674415.486549, 387296.288855 6674416.895265)

LINESTRING (387302.227384 6674415.486549, 387303.800059 6674421.868275)

LINESTRING (387298.450364 6674426.000307, 387296.288855 6674416.895265)

LINESTRING (387298.450364 6674426.000307, 387290.361141 6674427.664711, 387288.006564 6674428.327859)

LINESTRING (387298.450364 6674426.000307, 387304.396598 6674424.301611, 387303.800059 6674421.868275)

LINESTRING (387295.420519 6674385.272731, 387308.267464 6674387.819197)

LINESTRING (387295.420519 6674385.272731, 387295.494915 6674387.688712, 387280.810117 6674391.773918, 387277.549640 6674392.933024)

LINESTRING (387295.420519 6674385.272731, 387292.475548 6674381.540989, 387292.619885 6674377.758691)

LINESTRING (387324.191052 6674379.450062, 387325.826822 6674380.491827, 387327.228832 6674385.296352, 387327.561447 6674386.367091, 387329.735166 6674385.776401)

LINESTRING (387324.191052 6674379.450062, 387321.939373 6674380.032011, 387320.784115 6674381.259996, 387319.235391 6674384.127135, 387308.267464 6674387.819197)

LINESTRING (387324.191052 6674379.450062, 387317.404419 6674376.204325, 387292.619885 6674377.758691)

LINESTRING (387295.699296 6674342.426191, 387296.075253 6674349.769726)

LINESTRING (387295.699296 6674342.426191, 387314.095000 6674345.314453)

LINESTRING (387295.699296 6674342.426191, 387281.059079 6674343.099917, 387267.142432 6674346.726893, 387264.149854 6674347.576867)

LINESTRING (387267.135802 6674357.681760, 387274.372623 6674382.388246)

LINESTRING (387267.135802 6674357.681760, 387264.149854 6674347.576867)

LINESTRING (387267.135802 6674357.681760, 387270.318294 6674356.692209, 387278.937892 6674352.604305, 387286.232958 6674350.373702, 387296.075253 6674349.769726)

LINESTRING (387274.372623 6674382.388246, 387277.549640 6674392.933024)

LINESTRING (387274.372623 6674382.388246, 387267.135802 6674357.681760)

LINESTRING (387274.372623 6674382.388246, 387278.189897 6674381.289997, 387292.619885 6674377.758691)

LINESTRING (387277.549640 6674392.933024, 387285.510112 6674419.879495)

LINESTRING (387277.549640 6674392.933024, 387274.372623 6674382.388246)

LINESTRING (387277.549640 6674392.933024, 387280.810117 6674391.773918, 387295.494915 6674387.688712, 387295.420519 6674385.272731)

LINESTRING (387292.619885 6674377.758691, 387278.189897 6674381.289997, 387274.372623 6674382.388246)

LINESTRING (387292.619885 6674377.758691, 387292.475548 6674381.540989, 387295.420519 6674385.272731)

LINESTRING (387292.619885 6674377.758691, 387317.404419 6674376.204325, 387324.191052 6674379.450062)

LINESTRING (387329.735166 6674385.776401, 387327.561447 6674386.367091, 387327.228832 6674385.296352, 387325.826822 6674380.491827, 387324.191052 6674379.450062)

LINESTRING (387329.735166 6674385.776401, 387331.527337 6674391.538454, 387335.187810 6674405.355905, 387335.604829 6674406.825234)

LINESTRING (387329.735166 6674385.776401, 387325.124750 6674369.402766, 387321.641602 6674356.660843, 387321.268522 6674355.357324)

LINESTRING (387285.510112 6674419.879495, 387288.006564 6674428.327859)

LINESTRING (387285.510112 6674419.879495, 387277.549640 6674392.933024)

LINESTRING (387285.510112 6674419.879495, 387287.539323 6674419.282086, 387296.288855 6674416.895265)

LINESTRING (387296.288855 6674416.895265, 387302.227384 6674415.486549)

LINESTRING (387296.288855 6674416.895265, 387298.450364 6674426.000307)

LINESTRING (387296.288855 6674416.895265, 387287.539323 6674419.282086, 387285.510112 6674419.879495)

LINESTRING (387339.005055 6673861.183459, 387344.446090 6673857.104435, 387353.333483 6673849.052367, 387364.004124 6673841.235200)

LINESTRING (387364.004124 6673841.235200, 387390.170060 6673821.864154)

LINESTRING (387364.004124 6673841.235200, 387364.716267 6673842.193969)

LINESTRING (387364.004124 6673841.235200, 387362.434369 6673839.099258)

LINESTRING (387334.083149 6673872.211574, 387339.005055 6673861.183459)

LINESTRING (387334.083149 6673872.211574, 387355.966670 6673856.348730)

LINESTRING (387355.966670 6673856.348730, 387360.969878 6673863.471871)

LINESTRING (387355.966670 6673856.348730, 387434.060977 6673799.541116)

LINESTRING (387342.776838 6673876.802843, 387334.915479 6673882.304796)

LINESTRING (387334.915479 6673882.304796, 387329.729892 6673875.387896)

LINESTRING (387334.915479 6673882.304796, 387339.283558 6673888.266182)

LINESTRING (387334.915479 6673882.304796, 387327.299197 6673887.654351)

LINESTRING (387323.194537 6673868.434539, 387316.422985 6673873.100613)

LINESTRING (387323.194537 6673868.434539, 387320.342045 6673864.833644)

LINESTRING (387323.194537 6673868.434539, 387326.422142 6673866.552139, 387325.842312 6673863.761674)

LINESTRING (387323.194537 6673868.434539, 387325.931888 6673870.278213, 387329.729892 6673875.387896)

LINESTRING (387320.342045 6673864.833644, 387315.752123 6673858.879108)

LINESTRING (387320.342045 6673864.833644, 387325.842312 6673863.761674)

LINESTRING (387320.342045 6673864.833644, 387323.194537 6673868.434539)

LINESTRING (387325.842312 6673863.761674, 387325.733434 6673860.945569)

LINESTRING (387325.842312 6673863.761674, 387339.005055 6673861.183459)

LINESTRING (387325.842312 6673863.761674, 387326.422142 6673866.552139, 387323.194537 6673868.434539)

LINESTRING (387311.703729 6673620.074320, 387323.656114 6673608.618069)

LINESTRING (387311.703729 6673620.074320, 387322.672537 6673631.482585, 387324.215417 6673635.446972, 387327.539953 6673639.412247)

LINESTRING (387311.703729 6673620.074320, 387308.290712 6673623.333154, 387303.819947 6673627.750106)

LINESTRING (387323.656114 6673608.618069, 387311.703729 6673620.074320)

LINESTRING (387323.656114 6673608.618069, 387336.609278 6673622.104968, 387340.652354 6673626.694500, 387327.539953 6673639.412247)

LINESTRING (387327.539953 6673639.412247, 387332.823788 6673645.724351)

LINESTRING (387327.539953 6673639.412247, 387340.652354 6673626.694500, 387336.609278 6673622.104968, 387323.656114 6673608.618069)

LINESTRING (387327.539953 6673639.412247, 387324.215417 6673635.446972, 387322.672537 6673631.482585, 387311.703729 6673620.074320)

LINESTRING (387378.862905 6673920.480577, 387391.279793 6673912.966370)

LINESTRING (387378.862905 6673920.480577, 387380.196258 6673922.690662)

LINESTRING (387378.862905 6673920.480577, 387369.459113 6673926.174785, 387362.574303 6673929.863581)

LINESTRING (387378.862905 6673920.480577, 387375.932302 6673915.600475, 387375.048828 6673914.123204, 387356.733937 6673883.628146, 387369.186236 6673876.179643)

LINESTRING (387447.263642 6673918.109379, 387435.367809 6673897.089660, 387425.054953 6673895.244840, 387392.578503 6673915.132949)

LINESTRING (387447.263642 6673918.109379, 387443.367719 6673927.857655, 387452.075498 6673944.829814, 387465.666829 6673968.115423, 387477.668286 6673961.349789, 387484.986443 6673974.286001, 387492.088464 6673985.066917, 387490.580142 6673989.258873, 387454.831580 6674010.283425, 387449.650889 6674010.732459, 387429.603340 6674002.723396, 387422.027928 6673999.111657, 387411.545113 6673985.236498, 387411.111511 6673978.897705, 387380.196258 6673922.690662)

LINESTRING (387392.578503 6673915.132949, 387380.196258 6673922.690662)

LINESTRING (387392.578503 6673915.132949, 387391.279793 6673912.966370)

LINESTRING (387392.578503 6673915.132949, 387425.054953 6673895.244840, 387435.367809 6673897.089660, 387447.263642 6673918.109379)

LINESTRING (386952.928306 6673625.340233, 386954.025603 6673622.230569)

LINESTRING (386943.991960 6673617.960162, 386946.942898 6673619.518368, 386954.025603 6673622.230569)

LINESTRING (386999.733302 6673653.906414, 386999.151999 6673653.055114)

LINESTRING (386999.733302 6673653.906414, 387013.231715 6673673.694106)

LINESTRING (386999.733302 6673653.906414, 387004.783001 6673656.570019)

LINESTRING (387043.107321 6673688.942320, 387042.801667 6673690.188749, 387045.925278 6673691.050767, 387052.657259 6673693.016171)

LINESTRING (387052.657259 6673693.016171, 387053.941229 6673688.039710)

LINESTRING (387052.657259 6673693.016171, 387054.651860 6673696.141854, 387053.850888 6673700.223028, 387049.028832 6673704.394830, 387046.579707 6673707.044687)

LINESTRING (387052.657259 6673693.016171, 387045.925278 6673691.050767, 387042.801667 6673690.188749, 387043.107321 6673688.942320)

LINESTRING (386998.238702 6673653.495637, 386999.151999 6673653.055114)

LINESTRING (386999.151999 6673653.055114, 386999.733302 6673653.906414)

LINESTRING (386999.151999 6673653.055114, 386998.238702 6673653.495637)

LINESTRING (386999.151999 6673653.055114, 386998.456360 6673652.095902)

LINESTRING (386999.151999 6673653.055114, 387001.349561 6673651.605412)

LINESTRING (386990.340771 6673640.912529, 386992.091312 6673643.321346, 386994.358038 6673646.449744, 386996.120352 6673648.880488, 386997.465211 6673650.733479, 386998.456360 6673652.095902)

LINESTRING (386998.456360 6673652.095902, 386999.151999 6673653.055114)

LINESTRING (386998.456360 6673652.095902, 386998.235521 6673647.099003)

LINESTRING (386998.456360 6673652.095902, 386997.465211 6673650.733479, 386996.120352 6673648.880488, 386994.358038 6673646.449744, 386992.091312 6673643.321346, 386990.340771 6673640.912529)

LINESTRING (387072.957550 6674097.010924, 387067.113863 6674100.969073)

LINESTRING (387072.957550 6674097.010924, 387076.283267 6674105.154981, 387077.048683 6674110.357966, 387082.290300 6674127.179922)

LINESTRING (387029.384883 6674056.999551, 387029.864430 6674055.814617)

LINESTRING (387059.110099 6674077.545880, 387060.097575 6674076.635025)

LINESTRING (387095.206856 6674168.649982, 387098.449088 6674167.613867)

LINESTRING (387095.206856 6674168.649982, 387096.865540 6674173.847704, 387097.534762 6674175.933302, 387098.390228 6674178.659516, 387099.141482 6674181.065764, 387100.784554 6674186.297402, 387101.985172 6674190.138527, 387103.832141 6674196.043669, 387105.106152 6674200.105413, 387102.637455 6674208.227619)

LINESTRING (387098.449088 6674167.613867, 387100.048155 6674172.858006)

LINESTRING (387098.449088 6674167.613867, 387098.109472 6674166.498785)

LINESTRING (387098.449088 6674167.613867, 387095.206856 6674168.649982)

LINESTRING (386741.747019 6673850.226083, 386765.963706 6673851.728052)

LINESTRING (386741.747019 6673850.226083, 386733.376994 6673855.945693)

LINESTRING (386741.747019 6673850.226083, 386768.049055 6673831.046844)

LINESTRING (386765.963706 6673851.728052, 386741.747019 6673850.226083)

LINESTRING (386765.963706 6673851.728052, 386768.049055 6673831.046844)

LINESTRING (386765.963706 6673851.728052, 386769.311719 6673860.205500, 386769.262501 6673863.817732)

LINESTRING (386733.376994 6673855.945693, 386741.747019 6673850.226083)

LINESTRING (386733.376994 6673855.945693, 386723.680623 6673862.564466, 386722.498036 6673863.626324)

LINESTRING (386733.376994 6673855.945693, 386736.928809 6673862.756327, 386738.691226 6673863.214430)

LINESTRING (386768.049055 6673831.046844, 386741.747019 6673850.226083)

LINESTRING (386768.049055 6673831.046844, 386765.963706 6673851.728052)

LINESTRING (386768.049055 6673831.046844, 386775.115350 6673826.058579, 386781.721767 6673826.478326)

LINESTRING (386769.262501 6673863.817732, 386769.311719 6673860.205500, 386765.963706 6673851.728052)

LINESTRING (386738.691226 6673863.214430, 386736.928809 6673862.756327, 386733.376994 6673855.945693)

LINESTRING (386785.392270 6673837.308376, 386785.997366 6673826.724996)

LINESTRING (386785.997366 6673826.724996, 386785.392270 6673837.308376)

LINESTRING (386785.997366 6673826.724996, 386781.721767 6673826.478326)

LINESTRING (386785.997366 6673826.724996, 386789.075685 6673826.841536, 386792.205628 6673827.012202)

LINESTRING (386781.515083 6673828.947578, 386781.721767 6673826.478326)

LINESTRING (386781.721767 6673826.478326, 386781.515083 6673828.947578)

LINESTRING (386781.721767 6673826.478326, 386785.997366 6673826.724996)

LINESTRING (386781.721767 6673826.478326, 386775.115350 6673826.058579, 386768.049055 6673831.046844)

LINESTRING (386795.869670 6673840.505916, 386801.603508 6673840.707510)

LINESTRING (386558.496313 6674599.374264, 386584.870718 6674575.399176)

LINESTRING (386558.496313 6674599.374264, 386545.682647 6674585.908080)

LINESTRING (386545.682647 6674585.908080, 386558.496313 6674599.374264)

LINESTRING (386599.548796 6674561.827613, 386584.870718 6674575.399176)

LINESTRING (386599.548796 6674561.827613, 386623.729705 6674541.364352)

LINESTRING (386599.548796 6674561.827613, 386609.112701 6674573.210403, 386610.103454 6674574.383280)

LINESTRING (386599.548796 6674561.827613, 386594.442900 6674555.889948, 386587.492392 6674547.011661, 386583.126469 6674546.868352, 386568.682796 6674531.480075)

LINESTRING (386568.682796 6674531.480075, 386562.600523 6674524.837195)

LINESTRING (386568.682796 6674531.480075, 386583.126469 6674546.868352, 386587.492392 6674547.011661, 386594.442900 6674555.889948, 386599.548796 6674561.827613)

LINESTRING (386568.682796 6674531.480075, 386589.552648 6674512.144479, 386598.913237 6674506.215464)

LINESTRING (386568.682796 6674531.480075, 386545.731782 6674551.693843, 386561.483118 6674569.526656)

LINESTRING (386598.913237 6674506.215464, 386620.297288 6674493.795813, 386632.291853 6674488.342500, 386641.162402 6674507.614654, 386645.076464 6674508.396103)

LINESTRING (386598.913237 6674506.215464, 386589.552648 6674512.144479, 386568.682796 6674531.480075)

LINESTRING (386598.913237 6674506.215464, 386610.450433 6674525.404923, 386613.133618 6674524.965179, 386614.865458 6674526.415991, 386622.395519 6674538.240731, 386623.729705 6674541.364352)

LINESTRING (386638.304300 6674536.087443, 386636.308068 6674532.549701)

LINESTRING (386562.600523 6674524.837195, 386568.682796 6674531.480075)

LINESTRING (386561.483118 6674569.526656, 386545.731782 6674551.693843, 386568.682796 6674531.480075)

LINESTRING (387348.296947 6673633.970379, 387340.863828 6673641.141877, 387332.823788 6673645.724351)

LINESTRING (387295.015265 6674240.556674, 387297.645125 6674238.737216)

LINESTRING (387295.015265 6674240.556674, 387313.252330 6674272.703113)

LINESTRING (387295.015265 6674240.556674, 387275.201548 6674254.528618, 387286.917186 6674271.140301)

LINESTRING (387305.750939 6674293.650963, 387309.088543 6674298.418175)

LINESTRING (387309.088543 6674298.418175, 387305.750939 6674293.650963)

LINESTRING (387309.088543 6674298.418175, 387322.308505 6674288.917584)

LINESTRING (387309.088543 6674298.418175, 387316.120536 6674308.186795, 387334.087607 6674311.567557)

LINESTRING (387309.088543 6674298.418175, 387299.707744 6674305.003431, 387294.127079 6674302.901874, 387284.950371 6674288.362797, 387285.933462 6674283.886023, 387292.459617 6674279.026819)

LINESTRING (387295.562981 6674282.853985, 387292.459617 6674279.026819)

LINESTRING (387292.459617 6674279.026819, 387295.562981 6674282.853985)

LINESTRING (387292.459617 6674279.026819, 387286.917186 6674271.140301)

LINESTRING (387292.459617 6674279.026819, 387285.933462 6674283.886023, 387284.950371 6674288.362797, 387294.127079 6674302.901874, 387299.707744 6674305.003431, 387309.088543 6674298.418175)

LINESTRING (387290.890343 6674268.432519, 387286.917186 6674271.140301)

LINESTRING (387286.917186 6674271.140301, 387292.459617 6674279.026819)

LINESTRING (387286.917186 6674271.140301, 387290.890343 6674268.432519)

LINESTRING (387286.917186 6674271.140301, 387275.201548 6674254.528618, 387295.015265 6674240.556674)

LINESTRING (387322.308505 6674288.917584, 387313.252330 6674272.703113)

LINESTRING (387322.308505 6674288.917584, 387334.087607 6674311.567557)

LINESTRING (387322.308505 6674288.917584, 387309.088543 6674298.418175)

LINESTRING (387313.252330 6674272.703113, 387322.308505 6674288.917584)

LINESTRING (387313.252330 6674272.703113, 387295.015265 6674240.556674)

LINESTRING (387313.252330 6674272.703113, 387315.345251 6674271.468548, 387319.517550 6674269.100134, 387322.433171 6674267.550498)

LINESTRING (387100.048155 6674172.858006, 387101.492473 6674177.583145)

LINESTRING (387100.048155 6674172.858006, 387098.449088 6674167.613867)

LINESTRING (387100.048155 6674172.858006, 387101.438130 6674172.402801)

LINESTRING (387098.109472 6674166.498785, 387098.449088 6674167.613867)

LINESTRING (387098.109472 6674166.498785, 387095.776804 6674158.881287)

LINESTRING (387098.109472 6674166.498785, 387099.512598 6674166.110038)

LINESTRING (387183.392099 6673783.788031, 387170.017911 6673791.577616, 387205.979941 6673856.531690, 387217.018443 6673849.315673, 387216.130600 6673847.158781, 387206.261731 6673827.670905, 387183.960271 6673786.556550, 387183.392099 6673783.788031)

LINESTRING (387183.392099 6673783.788031, 387183.960271 6673786.556550, 387206.261731 6673827.670905, 387216.130600 6673847.158781, 387217.018443 6673849.315673, 387205.979941 6673856.531690, 387170.017911 6673791.577616, 387183.392099 6673783.788031)

LINESTRING (387183.392099 6673783.788031, 387180.891024 6673771.606585, 387179.998518 6673769.839888, 387179.017637 6673768.087059)

LINESTRING (386674.185403 6673882.807443, 386673.220875 6673881.410848)

LINESTRING (386673.220875 6673881.410848, 386669.646823 6673876.395172)

LINESTRING (386673.220875 6673881.410848, 386674.185403 6673882.807443)

LINESTRING (386673.220875 6673881.410848, 386664.674543 6673887.704433)

LINESTRING (386663.386956 6673901.507359, 386661.596186 6673902.822095)

LINESTRING (386661.596186 6673902.822095, 386655.504397 6673894.463122)

LINESTRING (386661.596186 6673902.822095, 386663.386956 6673901.507359)

LINESTRING (386661.596186 6673902.822095, 386662.772758 6673904.435005, 386668.550196 6673912.859441)

LINESTRING (386630.728208 6673895.497805, 386628.591487 6673895.318807)

LINESTRING (386628.591487 6673895.318807, 386623.710895 6673895.068772)

LINESTRING (386628.591487 6673895.318807, 386627.670661 6673906.981853)

LINESTRING (386628.591487 6673895.318807, 386629.013022 6673889.934256)

LINESTRING (386628.591487 6673895.318807, 386630.728208 6673895.497805)

LINESTRING (386631.086313 6673890.215516, 386629.013022 6673889.934256)

LINESTRING (386629.013022 6673889.934256, 386628.591487 6673895.318807)

LINESTRING (386629.013022 6673889.934256, 386631.086313 6673890.215516)

LINESTRING (386629.013022 6673889.934256, 386629.551907 6673883.141903, 386647.739049 6673884.573507)

LINESTRING (386617.328399 6673894.887550, 386615.923885 6673894.875332)

LINESTRING (386617.328399 6673894.887550, 386623.710895 6673895.068772)

LINESTRING (386617.328399 6673894.887550, 386617.847942 6673882.991758, 386601.667831 6673882.211357, 386601.152689 6673892.814292, 386602.050547 6673892.953641)

LINESTRING (386627.670661 6673906.981853, 386628.591487 6673895.318807)

LINESTRING (386647.739049 6673884.573507, 386629.551907 6673883.141903, 386629.013022 6673889.934256)

LINESTRING (386591.842976 6673786.319097, 386592.311763 6673786.939793, 386593.234082 6673788.226235)

LINESTRING (386593.234082 6673788.226235, 386589.741880 6673790.875294)

LINESTRING (386593.234082 6673788.226235, 386592.311763 6673786.939793, 386591.842976 6673786.319097)

LINESTRING (386593.234082 6673788.226235, 386594.115863 6673789.458212, 386595.382913 6673791.302328, 386595.702361 6673791.760488)

LINESTRING (386593.234082 6673788.226235, 386601.118935 6673782.253871, 386603.569939 6673785.409762, 386603.726201 6673785.616662)

LINESTRING (386605.408707 6673787.793382, 386601.993805 6673790.250584)

LINESTRING (386605.408707 6673787.793382, 386603.726201 6673785.616662)

LINESTRING (386589.741880 6673790.875294, 386593.234082 6673788.226235)

LINESTRING (386620.693530 6673787.788019, 386615.384159 6673780.508145)

LINESTRING (386970.957820 6674018.528285, 386969.973757 6674016.853617)

LINESTRING (386970.957820 6674018.528285, 386965.580786 6674021.424636)

LINESTRING (386970.957820 6674018.528285, 386972.920144 6674021.510044, 386975.293051 6674024.668577)

LINESTRING (386969.973757 6674016.853617, 386970.957820 6674018.528285)

LINESTRING (386969.973757 6674016.853617, 386972.550719 6674016.016244)

LINESTRING (386969.973757 6674016.853617, 386967.724712 6674013.033758, 386963.492776 6674008.082708)

LINESTRING (386975.293051 6674024.668577, 386977.705872 6674023.368222)

LINESTRING (386975.293051 6674024.668577, 386976.143833 6674025.801298, 386976.754573 6674026.529098)

LINESTRING (386975.293051 6674024.668577, 386972.920144 6674021.510044, 386970.957820 6674018.528285)

LINESTRING (386932.456173 6673961.466882, 386924.949838 6673906.212035)

LINESTRING (386932.456173 6673961.466882, 386937.361649 6673960.011501)

LINESTRING (386932.456173 6673961.466882, 386930.049726 6673962.076132, 386914.488110 6673966.568734, 386903.874804 6673967.219804, 386896.606835 6673940.709542, 386905.736515 6673936.404432)

LINESTRING (386905.736515 6673936.404432, 386896.606835 6673940.709542, 386903.874804 6673967.219804, 386914.488110 6673966.568734, 386930.049726 6673962.076132, 386932.456173 6673961.466882)

LINESTRING (386928.281506 6673897.104654, 386927.883960 6673894.475771)

LINESTRING (386963.492776 6674008.082708, 386961.746214 6674014.065327)

LINESTRING (386963.492776 6674008.082708, 386967.724712 6674013.033758, 386969.973757 6674016.853617)

LINESTRING (386946.237801 6673903.470573, 386946.569184 6673907.371933)

LINESTRING (386946.237801 6673903.470573, 386948.149876 6673901.048963)

LINESTRING (386946.569184 6673907.371933, 386946.576877 6673908.519542)

LINESTRING (386946.569184 6673907.371933, 386950.697203 6673906.976989)

LINESTRING (386732.258327 6673931.537781, 386736.478235 6673928.732610)

LINESTRING (386740.959492 6673920.024091, 386740.843036 6673922.000212)

LINESTRING (386745.339903 6673928.146395, 386743.521317 6673928.024353)

LINESTRING (386745.485428 6673926.392258, 386743.678275 6673926.281006)

LINESTRING (386743.678275 6673926.281006, 386744.007547 6673922.214341)

LINESTRING (386743.678275 6673926.281006, 386743.521317 6673928.024353)

LINESTRING (386743.678275 6673926.281006, 386745.485428 6673926.392258)

LINESTRING (386744.163505 6673920.259287, 386744.007547 6673922.214341)

LINESTRING (386744.007547 6673922.214341, 386744.163505 6673920.259287)

LINESTRING (386744.007547 6673922.214341, 386743.678275 6673926.281006)

LINESTRING (386744.007547 6673922.214341, 386740.843036 6673922.000212)

LINESTRING (386715.925870 6673937.303229, 386710.850245 6673940.970722)

LINESTRING (386720.608144 6673943.521654, 386718.188680 6673945.323873)

LINESTRING (386718.188680 6673945.323873, 386715.853620 6673942.142037)

LINESTRING (386718.188680 6673945.323873, 386720.608144 6673943.521654)

LINESTRING (386718.188680 6673945.323873, 386720.517846 6673948.494750, 386721.949018 6673950.445268)

LINESTRING (386889.715243 6673726.821077, 386895.870918 6673736.359731)

LINESTRING (386889.715243 6673726.821077, 386892.941780 6673724.726586)

LINESTRING (386918.511396 6673858.223628, 386918.037867 6673851.518335)

LINESTRING (386918.511396 6673858.223628, 386915.364387 6673858.577157)

LINESTRING (386731.289978 6673962.659983, 386729.094554 6673959.685557)

LINESTRING (386731.289978 6673962.659983, 386734.139832 6673966.516838)

LINESTRING (386731.289978 6673962.659983, 386733.635602 6673960.982643)

LINESTRING (386729.094554 6673959.685557, 386726.389504 6673956.024820)

LINESTRING (386729.094554 6673959.685557, 386731.289978 6673962.659983)

LINESTRING (386729.094554 6673959.685557, 386731.457503 6673958.029968)

LINESTRING (386733.635602 6673960.982643, 386731.289978 6673962.659983)

LINESTRING (386731.457503 6673958.029968, 386729.094554 6673959.685557)

LINESTRING (387111.607283 6673689.281131, 387114.509229 6673681.335045)

LINESTRING (387120.699416 6673693.090670, 387118.625503 6673699.451044)

LINESTRING (387120.699416 6673693.090670, 387128.086020 6673698.468414, 387168.753369 6673728.039422)

LINESTRING (387120.699416 6673693.090670, 387119.904590 6673692.513395, 387114.509229 6673681.335045)

LINESTRING (387118.625503 6673699.451044, 387120.699416 6673693.090670)

LINESTRING (387167.080965 6673730.141484, 387168.753369 6673728.039422)

LINESTRING (387179.775832 6673748.026579, 387185.323957 6673750.663918)

LINESTRING (386549.776768 6673879.740395, 386553.714934 6673884.142890)

LINESTRING (386549.776768 6673879.740395, 386546.696026 6673882.410182)

LINESTRING (386549.776768 6673879.740395, 386553.365255 6673876.620252, 386555.317881 6673874.977265)

LINESTRING (386518.485787 6673870.602495, 386518.514732 6673863.658763, 386518.548158 6673862.409577)

LINESTRING (386555.317881 6673874.977265, 386553.365255 6673876.620252, 386549.776768 6673879.740395)

LINESTRING (386655.504397 6673894.463122, 386661.596186 6673902.822095)

LINESTRING (386655.504397 6673894.463122, 386664.674543 6673887.704433)

LINESTRING (386655.504397 6673894.463122, 386653.050491 6673888.521246, 386653.123359 6673879.403050)

LINESTRING (386664.674543 6673887.704433, 386655.504397 6673894.463122)

LINESTRING (386664.674543 6673887.704433, 386673.220875 6673881.410848)

LINESTRING (386664.674543 6673887.704433, 386665.162352 6673888.402558, 386665.650162 6673889.100683)

LINESTRING (386668.550196 6673912.859441, 386662.772758 6673904.435005, 386661.596186 6673902.822095)

LINESTRING (386665.650162 6673889.100683, 386665.162352 6673888.402558, 386664.674543 6673887.704433)

LINESTRING (386658.741733 6673806.145568, 386669.149256 6673820.165913)

LINESTRING (386658.741733 6673806.145568, 386658.185652 6673805.393837, 386656.585667 6673803.192250, 386649.875291 6673793.860602)

LINESTRING (386658.741733 6673806.145568, 386653.140167 6673810.397771, 386651.985334 6673811.280485)

LINESTRING (386629.835341 6673781.899376, 386637.970541 6673792.791630)

LINESTRING (386667.426579 6673865.810074, 386684.285984 6673854.288859, 386677.844546 6673845.751221)

LINESTRING (387443.079407 6673780.396891, 387445.798889 6673781.840017)

LINESTRING (387443.079407 6673780.396891, 387428.000558 6673791.425131)

LINESTRING (387443.079407 6673780.396891, 387437.159948 6673776.143553, 387433.416775 6673771.912459)

LINESTRING (386771.301065 6674593.096153, 386773.535454 6674595.010688)

LINESTRING (387296.601568 6674486.335734, 387295.069614 6674486.862107, 387275.550649 6674491.441688, 387270.775459 6674492.602882, 387266.922299 6674493.613096, 387263.827313 6674494.377077)

LINESTRING (387296.601568 6674486.335734, 387296.205035 6674488.955667, 387296.249263 6674490.391896, 387296.891067 6674492.132902, 387297.561791 6674493.371532)

LINESTRING (387296.601568 6674486.335734, 387298.386942 6674484.308248, 387300.116933 6674483.185141, 387303.060883 6674482.381265, 387304.855962 6674482.470864, 387306.456609 6674482.733612)

LINESTRING (387297.561791 6674493.371532, 387296.389896 6674493.697366, 387285.691738 6674496.768277)

LINESTRING (387297.561791 6674493.371532, 387300.107199 6674494.942478, 387302.457956 6674495.237846, 387304.628403 6674494.903554, 387306.312895 6674494.105030, 387307.144225 6674493.711677, 387308.841696 6674492.433557)

LINESTRING (387297.561791 6674493.371532, 387296.891067 6674492.132902, 387296.249263 6674490.391896, 387296.205035 6674488.955667, 387296.601568 6674486.335734)

LINESTRING (387285.691738 6674496.768277, 387296.389896 6674493.697366, 387297.561791 6674493.371532)

LINESTRING (387285.691738 6674496.768277, 387277.491232 6674499.138222, 387268.932454 6674501.586085, 387265.700254 6674502.398868)

LINESTRING (387285.691738 6674496.768277, 387286.270793 6674498.633799, 387290.308554 6674513.888325, 387292.024612 6674520.421648)

LINESTRING (387309.089589 6674516.162880, 387292.024612 6674520.421648)

LINESTRING (387121.437772 6674203.513317, 387121.607035 6674204.143312, 387122.053544 6674205.845738)

LINESTRING (387129.775433 6674203.412220, 387122.053544 6674205.845738)

LINESTRING (387129.775433 6674203.412220, 387136.684350 6674201.248956, 387138.266990 6674200.743247)

LINESTRING (387129.775433 6674203.412220, 387129.292178 6674201.777791, 387129.093479 6674201.092982)

LINESTRING (387129.093479 6674201.092982, 387129.292178 6674201.777791, 387129.775433 6674203.412220)

LINESTRING (387138.266990 6674200.743247, 387148.286790 6674197.603700)

LINESTRING (387138.266990 6674200.743247, 387140.591413 6674207.736951)

LINESTRING (387138.266990 6674200.743247, 387136.684350 6674201.248956, 387129.775433 6674203.412220)

LINESTRING (387138.266990 6674200.743247, 387137.502222 6674198.437706, 387132.615153 6674183.744423)

LINESTRING (387166.468721 6674199.829198, 387195.639295 6674190.917464)

LINESTRING (387166.468721 6674199.829198, 387140.591413 6674207.736951)

LINESTRING (387166.468721 6674199.829198, 387164.236931 6674192.598597)

LINESTRING (387148.286790 6674197.603700, 387153.893089 6674195.848387)

LINESTRING (387148.286790 6674197.603700, 387138.266990 6674200.743247)

LINESTRING (387148.286790 6674197.603700, 387147.725103 6674195.225030)

LINESTRING (387132.615153 6674183.744423, 387137.502222 6674198.437706, 387138.266990 6674200.743247)

LINESTRING (387147.725103 6674195.225030, 387148.286790 6674197.603700)

LINESTRING (387164.236931 6674192.598597, 387171.079357 6674190.437450)

LINESTRING (387164.236931 6674192.598597, 387153.893089 6674195.848387)

LINESTRING (387164.236931 6674192.598597, 387166.468721 6674199.829198)

LINESTRING (387164.236931 6674192.598597, 387163.515159 6674190.247150, 387160.561584 6674180.665103)

LINESTRING (387171.079357 6674190.437450, 387173.255971 6674189.757430)

LINESTRING (387171.079357 6674190.437450, 387164.236931 6674192.598597)

LINESTRING (387171.079357 6674190.437450, 387170.451153 6674188.060829)

LINESTRING (387160.561584 6674180.665103, 387163.515159 6674190.247150, 387164.236931 6674192.598597)

LINESTRING (387170.451153 6674188.060829, 387171.079357 6674190.437450)

LINESTRING (387173.255971 6674189.757430, 387177.010037 6674188.583022)

LINESTRING (387173.255971 6674189.757430, 387171.079357 6674190.437450)

LINESTRING (387173.255971 6674189.757430, 387172.600048 6674187.381662)

LINESTRING (387172.600048 6674187.381662, 387173.255971 6674189.757430)

LINESTRING (387176.095598 6674186.282088, 387177.010037 6674188.583022)

LINESTRING (387177.010037 6674188.583022, 387184.495654 6674186.223770)

LINESTRING (387177.010037 6674188.583022, 387173.255971 6674189.757430)

LINESTRING (387177.010037 6674188.583022, 387176.095598 6674186.282088)

LINESTRING (387184.495654 6674186.223770, 387187.996752 6674185.124036)

LINESTRING (387184.495654 6674186.223770, 387177.010037 6674188.583022)

LINESTRING (387184.495654 6674186.223770, 387183.746173 6674183.873172)

LINESTRING (387183.746173 6674183.873172, 387184.495654 6674186.223770)

LINESTRING (387187.996752 6674185.124036, 387193.410757 6674183.430433)

LINESTRING (387187.996752 6674185.124036, 387184.495654 6674186.223770)

LINESTRING (387187.996752 6674185.124036, 387187.373760 6674182.736107)

LINESTRING (387187.373760 6674182.736107, 387187.996752 6674185.124036)

LINESTRING (387200.159993 6674181.305646, 387206.024513 6674179.464449)

LINESTRING (387200.159993 6674181.305646, 387193.410757 6674183.430433)

LINESTRING (387200.159993 6674181.305646, 387199.563356 6674178.872326)

LINESTRING (387155.276777 6674104.825111, 387161.164954 6674103.027694)

LINESTRING (387155.276777 6674104.825111, 387144.401810 6674108.135868)

LINESTRING (387155.276777 6674104.825111, 387157.533073 6674111.408594)

LINESTRING (387155.276777 6674104.825111, 387154.720418 6674103.159500, 387150.266968 6674090.291606)

LINESTRING (387159.946078 6674110.654415, 387157.533073 6674111.408594)

LINESTRING (387159.946078 6674110.654415, 387163.128765 6674109.664773)

LINESTRING (387159.946078 6674110.654415, 387162.135039 6674117.574300)

LINESTRING (387161.164954 6674103.027694, 387167.113779 6674101.217273)

LINESTRING (387161.164954 6674103.027694, 387155.276777 6674104.825111)

LINESTRING (387161.164954 6674103.027694, 387163.128765 6674109.664773)

LINESTRING (387161.164954 6674103.027694, 387160.678614 6674101.293059, 387156.312413 6674086.394239)

LINESTRING (387150.266968 6674090.291606, 387154.720418 6674103.159500, 387155.276777 6674104.825111)

LINESTRING (387156.312413 6674086.394239, 387160.678614 6674101.293059, 387161.164954 6674103.027694)

LINESTRING (387166.558165 6674099.395620, 387167.113779 6674101.217273)

LINESTRING (387199.563356 6674178.872326, 387200.159993 6674181.305646)

LINESTRING (387206.024513 6674179.464449, 387209.882909 6674178.253429)

LINESTRING (387206.024513 6674179.464449, 387200.159993 6674181.305646)

LINESTRING (387206.024513 6674179.464449, 387205.339174 6674177.033862)

LINESTRING (387205.339174 6674177.033862, 387206.024513 6674179.464449)

LINESTRING (387209.416594 6674175.726940, 387209.882909 6674178.253429)

LINESTRING (387214.744567 6674165.477340, 387216.073914 6674165.035190)

LINESTRING (387212.683534 6674158.742936, 387213.990707 6674158.301470)

LINESTRING (387155.389087 6674026.199874, 387156.893658 6674025.139377, 387155.544887 6674023.152727)

LINESTRING (387209.438271 6674148.155728, 387210.729500 6674147.737040)

LINESTRING (387209.625585 6674144.149219, 387205.162462 6674129.699101)

LINESTRING (387209.625585 6674144.149219, 387210.729500 6674147.737040)

LINESTRING (387209.625585 6674144.149219, 387208.346472 6674144.600966)

LINESTRING (387208.346472 6674144.600966, 387209.625585 6674144.149219)

LINESTRING (387205.162462 6674129.699101, 387201.315836 6674117.247074)

LINESTRING (387205.162462 6674129.699101, 387209.625585 6674144.149219)

LINESTRING (387205.162462 6674129.699101, 387210.916472 6674128.050771)

LINESTRING (387205.162462 6674129.699101, 387203.891688 6674130.061439, 387192.487490 6674133.845273)

LINESTRING (387192.487490 6674133.845273, 387203.891688 6674130.061439, 387205.162462 6674129.699101)

LINESTRING (387200.065862 6674117.564197, 387201.315836 6674117.247074)

LINESTRING (387166.873336 6674134.824209, 387162.725292 6674119.439461, 387162.135039 6674117.574300)

LINESTRING (387156.803876 6674121.237901, 387156.187272 6674119.418130)

LINESTRING (387156.187272 6674119.418130, 387150.321988 6674121.237138)

LINESTRING (387156.187272 6674119.418130, 387162.135039 6674117.574300)

LINESTRING (387156.187272 6674119.418130, 387156.803876 6674121.237901)

LINESTRING (387150.321988 6674121.237138, 387143.857534 6674123.241792)

LINESTRING (387150.321988 6674121.237138, 387156.187272 6674119.418130)

LINESTRING (387150.321988 6674121.237138, 387150.866520 6674123.059131)

LINESTRING (387150.866520 6674123.059131, 387150.321988 6674121.237138)

LINESTRING (387143.857534 6674123.241792, 387140.597931 6674124.256111)

LINESTRING (387143.857534 6674123.241792, 387150.321988 6674121.237138)

LINESTRING (387143.857534 6674123.241792, 387144.324105 6674125.055043)

LINESTRING (387144.324105 6674125.055043, 387143.857534 6674123.241792)

LINESTRING (386990.154925 6674033.648806, 386989.564498 6674034.837170)

LINESTRING (386989.564498 6674034.837170, 386991.308699 6674035.607988)

LINESTRING (386989.564498 6674034.837170, 386987.730555 6674034.035691)

LINESTRING (386989.564498 6674034.837170, 386990.154925 6674033.648806)

LINESTRING (387137.024710 6674125.358113, 387132.231306 6674126.843210)

LINESTRING (387137.024710 6674125.358113, 387140.597931 6674124.256111)

LINESTRING (387137.024710 6674125.358113, 387137.622287 6674127.100459)

LINESTRING (387137.622287 6674127.100459, 387137.024710 6674125.358113)

LINESTRING (387132.231306 6674126.843210, 387126.624565 6674128.587420)

LINESTRING (387132.231306 6674126.843210, 387137.024710 6674125.358113)

LINESTRING (387132.231306 6674126.843210, 387132.789733 6674128.575618)

LINESTRING (387132.789733 6674128.575618, 387132.231306 6674126.843210)

LINESTRING (387127.115777 6674130.299612, 387126.624565 6674128.587420)

LINESTRING (387109.694175 6674133.845791, 387105.021735 6674135.293761)

LINESTRING (387109.694175 6674133.845791, 387110.215568 6674135.456753)

LINESTRING (387109.694175 6674133.845791, 387111.843436 6674133.177722, 387113.646500 6674132.620629)

LINESTRING (387110.215568 6674135.456753, 387109.694175 6674133.845791)

LINESTRING (387105.021735 6674135.293761, 387109.694175 6674133.845791)

LINESTRING (387105.021735 6674135.293761, 387105.575710 6674136.881430)

LINESTRING (387105.021735 6674135.293761, 387103.735712 6674135.701182, 387101.701853 6674136.332264)

LINESTRING (387105.575710 6674136.881430, 387105.021735 6674135.293761)

LINESTRING (387102.304353 6674137.873858, 387101.701853 6674136.332264)

LINESTRING (386978.895761 6674025.058825, 386976.754573 6674026.529098)

LINESTRING (386976.754573 6674026.529098, 386978.895761 6674025.058825)

LINESTRING (386976.754573 6674026.529098, 386978.500878 6674028.625998, 386979.528092 6674029.541534)

LINESTRING (386976.754573 6674026.529098, 386976.143833 6674025.801298, 386975.293051 6674024.668577)

LINESTRING (386977.705872 6674023.368222, 386975.293051 6674024.668577)

LINESTRING (386972.550719 6674016.016244, 386969.973757 6674016.853617)

LINESTRING (386953.762077 6673962.012418, 386955.145391 6673972.122014)

LINESTRING (386953.762077 6673962.012418, 386958.313868 6673961.504096, 386961.161387 6673961.159848)

LINESTRING (386961.161387 6673961.159848, 386958.313868 6673961.504096, 386953.762077 6673962.012418)

LINESTRING (386957.805417 6673957.619347, 386953.261573 6673958.205433)

LINESTRING (386953.261573 6673958.205433, 386953.762077 6673962.012418)

LINESTRING (386953.261573 6673958.205433, 386957.805417 6673957.619347)

LINESTRING (386957.325977 6673954.134891, 386952.796311 6673954.820838)

LINESTRING (386952.796311 6673954.820838, 386953.261573 6673958.205433)

LINESTRING (386952.796311 6673954.820838, 386957.325977 6673954.134891)

LINESTRING (386956.885304 6673950.827545, 386952.367110 6673951.345975)

LINESTRING (386952.367110 6673951.345975, 386952.796311 6673954.820838)

LINESTRING (386952.367110 6673951.345975, 386956.885304 6673950.827545)

LINESTRING (386956.350160 6673946.977053, 386951.904040 6673947.493258)

LINESTRING (386951.904040 6673947.493258, 386952.367110 6673951.345975)

LINESTRING (386951.904040 6673947.493258, 386956.350160 6673946.977053)

LINESTRING (386955.483251 6673940.829969, 386950.954987 6673941.382144)

LINESTRING (386950.954987 6673941.382144, 386951.395108 6673944.132299)

LINESTRING (386950.954987 6673941.382144, 386955.483251 6673940.829969)

LINESTRING (386954.906198 6673936.880474, 386950.483964 6673937.451663)

LINESTRING (386952.360082 6673918.950166, 386948.034147 6673919.585249)

LINESTRING (386948.034147 6673919.585249, 386948.970528 6673926.543709)

LINESTRING (386948.034147 6673919.585249, 386952.360082 6673918.950166)

LINESTRING (386951.352745 6673911.670717, 386946.904263 6673911.752377)

LINESTRING (386946.904263 6673911.752377, 386948.034147 6673919.585249)

LINESTRING (386946.904263 6673911.752377, 386951.352745 6673911.670717)

LINESTRING (386950.868439 6673908.208700, 386946.576877 6673908.519542)

LINESTRING (386946.576877 6673908.519542, 386946.904263 6673911.752377)

LINESTRING (386946.576877 6673908.519542, 386950.868439 6673908.208700)

LINESTRING (386950.697203 6673906.976989, 386946.569184 6673907.371933)

LINESTRING (386949.860410 6673900.906984, 386948.149876 6673901.048963)

LINESTRING (386951.932350 6673893.777612, 386951.179146 6673891.672341)

LINESTRING (387099.512598 6674166.110038, 387098.109472 6674166.498785)

LINESTRING (387101.438130 6674172.402801, 387100.048155 6674172.858006)

LINESTRING (387102.875529 6674177.083577, 387101.492473 6674177.583145)

LINESTRING (387101.492473 6674177.583145, 387102.294261 6674180.188429)

LINESTRING (387101.492473 6674177.583145, 387100.048155 6674172.858006)

LINESTRING (387101.492473 6674177.583145, 387102.875529 6674177.083577)

LINESTRING (387108.330815 6674194.901944, 387106.911410 6674195.302334)

LINESTRING (387106.911410 6674195.302334, 387108.330815 6674194.901944)

LINESTRING (387106.911410 6674195.302334, 387108.145578 6674199.331877)

LINESTRING (387106.911410 6674195.302334, 387105.059638 6674189.241322)

LINESTRING (387107.749257 6674034.254989, 387109.779365 6674037.279302)

LINESTRING (387109.779365 6674037.279302, 387102.181050 6674042.651086)

LINESTRING (387109.779365 6674037.279302, 387116.883118 6674032.245965)

LINESTRING (387109.779365 6674037.279302, 387107.749257 6674034.254989)

LINESTRING (387102.181050 6674042.651086, 387098.618446 6674045.179243)

LINESTRING (387102.181050 6674042.651086, 387109.779365 6674037.279302)

LINESTRING (387102.181050 6674042.651086, 387100.149958 6674039.415069)

LINESTRING (387116.883118 6674032.245965, 387109.779365 6674037.279302)

LINESTRING (387116.883118 6674032.245965, 387124.731026 6674026.688211)

LINESTRING (387116.883118 6674032.245965, 387116.134535 6674031.366376)

LINESTRING (387116.134535 6674031.366376, 387116.883118 6674032.245965)

LINESTRING (387128.032871 6674032.080449, 387145.511273 6674019.739916)

LINESTRING (387128.032871 6674032.080449, 387124.731026 6674026.688211)

LINESTRING (387128.032871 6674032.080449, 387092.597785 6674057.077425, 387090.533852 6674058.534104)

LINESTRING (387145.511273 6674019.739916, 387128.032871 6674032.080449)

LINESTRING (387145.511273 6674019.739916, 387141.714513 6674014.674957)

LINESTRING (387145.511273 6674019.739916, 387151.616555 6674015.439513, 387160.664475 6674009.020180)

LINESTRING (387124.731026 6674026.688211, 387116.883118 6674032.245965)

LINESTRING (387124.731026 6674026.688211, 387132.090602 6674021.490999)

LINESTRING (387124.731026 6674026.688211, 387128.032871 6674032.080449)

LINESTRING (387124.731026 6674026.688211, 387124.044805 6674025.851273, 387116.010432 6674014.564863)

LINESTRING (387132.090602 6674021.490999, 387124.731026 6674026.688211)

LINESTRING (387132.090602 6674021.490999, 387136.619907 6674018.275567)

LINESTRING (387132.090602 6674021.490999, 387131.292069 6674020.791253)

LINESTRING (387116.010432 6674014.564863, 387124.044805 6674025.851273, 387124.731026 6674026.688211)

LINESTRING (387131.292069 6674020.791253, 387132.090602 6674021.490999)

LINESTRING (387136.619907 6674018.275567, 387132.090602 6674021.490999)

LINESTRING (387136.619907 6674018.275567, 387141.714513 6674014.674957)

LINESTRING (387136.619907 6674018.275567, 387135.975244 6674017.526499)

LINESTRING (387135.975244 6674017.526499, 387136.619907 6674018.275567)

LINESTRING (387141.714513 6674014.674957, 387136.619907 6674018.275567)

LINESTRING (387141.714513 6674014.674957, 387144.956919 6674012.379599)

LINESTRING (387141.714513 6674014.674957, 387140.987080 6674013.761278)

LINESTRING (387141.714513 6674014.674957, 387145.511273 6674019.739916)

LINESTRING (387144.956919 6674012.379599, 387141.714513 6674014.674957)

LINESTRING (387144.956919 6674012.379599, 387151.219228 6674007.951769)

LINESTRING (387144.956919 6674012.379599, 387144.458921 6674011.347405)

LINESTRING (387140.987080 6674013.761278, 387141.714513 6674014.674957)

LINESTRING (387144.458921 6674011.347405, 387144.956919 6674012.379599)

LINESTRING (387150.631437 6674007.067216, 387151.219228 6674007.951769)

LINESTRING (387151.219228 6674007.951769, 387144.956919 6674012.379599)

LINESTRING (387151.219228 6674007.951769, 387157.352946 6674003.672788)

LINESTRING (387151.219228 6674007.951769, 387150.631437 6674007.067216)

LINESTRING (387148.219349 6673990.391965, 387156.781789 6674002.787721, 387157.352946 6674003.672788)

LINESTRING (387165.602246 6673981.966069, 387165.842901 6673982.571578)

LINESTRING (387170.170913 6673979.484981, 387174.173126 6673976.631314)

LINESTRING (387170.170913 6673979.484981, 387165.842901 6673982.571578)

LINESTRING (387170.170913 6673979.484981, 387169.903566 6673978.913727)

LINESTRING (387169.903566 6673978.913727, 387170.170913 6673979.484981)

LINESTRING (387174.173126 6673976.631314, 387179.701093 6673972.683080)

LINESTRING (387174.173126 6673976.631314, 387170.170913 6673979.484981)

LINESTRING (387174.173126 6673976.631314, 387173.873542 6673976.094486)

LINESTRING (387173.873542 6673976.094486, 387174.173126 6673976.631314)

LINESTRING (387179.320744 6673972.226749, 387179.701093 6673972.683080)

LINESTRING (387149.655705 6673959.935380, 387149.054416 6673958.973234)

LINESTRING (387140.032712 6673966.606492, 387139.391184 6673965.779318)

LINESTRING (387118.946008 6673980.183865, 387110.097391 6673986.407704)

LINESTRING (387118.946008 6673980.183865, 387121.411707 6673978.436212)

LINESTRING (387118.946008 6673980.183865, 387119.597992 6673980.810119)

LINESTRING (387119.597992 6673980.810119, 387118.946008 6673980.183865)

LINESTRING (387093.411255 6673998.166761, 387082.243669 6674006.033521)

LINESTRING (387093.411255 6673998.166761, 387110.097391 6673986.407704)

LINESTRING (387093.411255 6673998.166761, 387094.166525 6673998.722960)

LINESTRING (387094.166525 6673998.722960, 387093.411255 6673998.166761)

LINESTRING (386955.500383 6673891.962372, 386953.089508 6673890.632661)

LINESTRING (386953.089508 6673890.632661, 386968.189425 6673882.499216)

LINESTRING (386953.089508 6673890.632661, 386951.179146 6673891.672341)

LINESTRING (386953.089508 6673890.632661, 386955.500383 6673891.962372)

LINESTRING (386968.917869 6673883.802877, 386968.189425 6673882.499216)

LINESTRING (386968.189425 6673882.499216, 386972.229205 6673880.323960)

LINESTRING (386968.189425 6673882.499216, 386953.089508 6673890.632661)

LINESTRING (386968.189425 6673882.499216, 386968.917869 6673883.802877)

LINESTRING (386972.229205 6673880.323960, 386975.591765 6673878.503941)

LINESTRING (386972.229205 6673880.323960, 386968.189425 6673882.499216)

LINESTRING (386972.229205 6673880.323960, 386973.006518 6673881.592680)

LINESTRING (386973.006518 6673881.592680, 386972.229205 6673880.323960)

LINESTRING (386976.307743 6673879.763411, 386975.591765 6673878.503941)

LINESTRING (386975.591765 6673878.503941, 386977.600913 6673877.427792)

LINESTRING (386975.591765 6673878.503941, 386972.229205 6673880.323960)

LINESTRING (386975.591765 6673878.503941, 386976.307743 6673879.763411)

LINESTRING (386981.213660 6673877.059937, 386980.614122 6673875.796871)

LINESTRING (386980.614122 6673875.796871, 386987.028717 6673872.344746)

LINESTRING (386980.614122 6673875.796871, 386977.600913 6673877.427792)

LINESTRING (386980.614122 6673875.796871, 386981.213660 6673877.059937)

LINESTRING (386987.717701 6673873.449033, 386987.028717 6673872.344746)

LINESTRING (386987.028717 6673872.344746, 386992.798679 6673869.224568)

LINESTRING (386987.028717 6673872.344746, 386980.614122 6673875.796871)

LINESTRING (386987.028717 6673872.344746, 386987.717701 6673873.449033)

LINESTRING (387052.512173 6674027.924040, 387051.962388 6674027.372654)

LINESTRING (386993.360134 6673870.332794, 386992.798679 6673869.224568)

LINESTRING (386992.798679 6673869.224568, 386997.302565 6673866.800986)

LINESTRING (386992.798679 6673869.224568, 386987.028717 6673872.344746)

LINESTRING (386992.798679 6673869.224568, 386993.360134 6673870.332794)

LINESTRING (386997.872703 6673867.830935, 386997.302565 6673866.800986)

LINESTRING (386997.302565 6673866.800986, 387001.162154 6673864.720478)

LINESTRING (386997.302565 6673866.800986, 386992.798679 6673869.224568)

LINESTRING (386997.302565 6673866.800986, 386997.872703 6673867.830935)

LINESTRING (387001.680327 6673865.685167, 387001.162154 6673864.720478)

LINESTRING (387048.190401 6673869.153214, 387049.733774 6673868.269784)

LINESTRING (386968.513603 6673930.743338, 386970.571412 6673930.345474)

LINESTRING (386970.461066 6673944.925419, 386972.463766 6673944.540401, 386970.571412 6673930.345474)

LINESTRING (386930.054265 6674038.402260, 386930.081484 6674040.541096)

LINESTRING (386917.788537 6674037.833908, 386917.675778 6674039.932492)

LINESTRING (386917.675778 6674039.932492, 386930.081484 6674040.541096)

LINESTRING (386917.675778 6674039.932492, 386914.429594 6674039.765317)

LINESTRING (386917.675778 6674039.932492, 386917.788537 6674037.833908)

LINESTRING (386914.429594 6674039.765317, 386917.675778 6674039.932492)

LINESTRING (386914.429594 6674039.765317, 386908.265376 6674039.454271)

LINESTRING (386914.429594 6674039.765317, 386914.560704 6674037.721887)

LINESTRING (386914.560704 6674037.721887, 386914.429594 6674039.765317)

LINESTRING (386899.439886 6674039.047155, 386908.265376 6674039.454271)

LINESTRING (386899.439886 6674039.047155, 386893.364719 6674038.744526)

LINESTRING (386899.439886 6674039.047155, 386899.515200 6674036.994304)

LINESTRING (386910.110006 6674022.458172, 386908.410324 6674037.499566, 386908.265376 6674039.454271)

LINESTRING (386899.515200 6674036.994304, 386899.439886 6674039.047155)

LINESTRING (386886.492019 6674036.159712, 386886.474021 6674039.169189)

LINESTRING (386876.488910 6674012.731784, 386875.015003 6674013.345685)

LINESTRING (386872.367970 6674006.707565, 386875.015003 6674013.345685)

LINESTRING (386872.367970 6674006.707565, 386865.870746 6674009.270927)

LINESTRING (386872.367970 6674006.707565, 386871.871042 6674005.173885, 386870.231245 6674000.599738)

LINESTRING (386872.367970 6674006.707565, 386874.179058 6674006.049810, 386884.530616 6674002.319806, 386886.520084 6674002.046590, 386889.237476 6674002.341523, 386890.810869 6674003.151005, 386891.747985 6674004.203031, 386892.503510 6674005.305245)

LINESTRING (386861.155704 6673995.876505, 386856.946171 6673984.294106)

LINESTRING (386861.155704 6673995.876505, 386867.703194 6673993.322727)

LINESTRING (386861.155704 6673995.876505, 386865.791137 6674008.849909, 386865.870746 6674009.270927)

LINESTRING (386870.231245 6674000.599738, 386868.712656 6673996.356171)

LINESTRING (386870.231245 6674000.599738, 386871.977867 6674000.010839)

LINESTRING (386870.231245 6674000.599738, 386871.871042 6674005.173885, 386872.367970 6674006.707565)

LINESTRING (386892.503510 6674005.305245, 386891.747985 6674004.203031, 386890.810869 6674003.151005, 386889.237476 6674002.341523, 386886.520084 6674002.046590, 386884.530616 6674002.319806, 386874.179058 6674006.049810, 386872.367970 6674006.707565)

LINESTRING (386868.712656 6673996.356171, 386870.231245 6674000.599738)

LINESTRING (386868.712656 6673996.356171, 386867.703194 6673993.322727)

LINESTRING (386868.712656 6673996.356171, 386870.433278 6673995.823796)

LINESTRING (386871.977867 6674000.010839, 386870.231245 6674000.599738)

LINESTRING (386870.433278 6673995.823796, 386868.712656 6673996.356171)

LINESTRING (386867.703194 6673993.322727, 386868.712656 6673996.356171)

LINESTRING (386867.703194 6673993.322727, 386860.815598 6673974.278499)

LINESTRING (386867.703194 6673993.322727, 386861.155704 6673995.876505)

LINESTRING (386867.703194 6673993.322727, 386869.317785 6673992.771340, 386884.278571 6673987.338708)

LINESTRING (386884.278571 6673987.338708, 386869.317785 6673992.771340, 386867.703194 6673993.322727)

LINESTRING (386859.230494 6673969.858684, 386860.815598 6673974.278499)

LINESTRING (386859.230494 6673969.858684, 386855.440363 6673959.277441)

LINESTRING (386859.230494 6673969.858684, 386861.137271 6673969.064236)

LINESTRING (386861.137271 6673969.064236, 386859.230494 6673969.858684)

LINESTRING (386855.440363 6673959.277441, 386859.230494 6673969.858684)

LINESTRING (386855.440363 6673959.277441, 386852.901132 6673952.179090)

LINESTRING (386855.440363 6673959.277441, 386857.300685 6673958.595868)

LINESTRING (386857.300685 6673958.595868, 386855.440363 6673959.277441)

LINESTRING (386854.745818 6673951.709738, 386852.901132 6673952.179090)

LINESTRING (386852.901132 6673952.179090, 386855.440363 6673959.277441)

LINESTRING (386852.901132 6673952.179090, 386848.363601 6673939.503565)

LINESTRING (386852.901132 6673952.179090, 386854.745818 6673951.709738)

LINESTRING (386850.065167 6673939.072067, 386848.363601 6673939.503565)

LINESTRING (386848.363601 6673939.503565, 386852.901132 6673952.179090)

LINESTRING (386848.363601 6673939.503565, 386844.722696 6673929.263187)

LINESTRING (386848.363601 6673939.503565, 386850.065167 6673939.072067)

LINESTRING (386844.722696 6673929.263187, 386848.363601 6673939.503565)

LINESTRING (386844.722696 6673929.263187, 386840.398792 6673917.216283)

LINESTRING (386844.722696 6673929.263187, 386837.960242 6673931.868224)

LINESTRING (386844.722696 6673929.263187, 386846.225733 6673928.692951, 386861.013272 6673922.674949)

LINESTRING (386861.013272 6673922.674949, 386846.225733 6673928.692951, 386844.722696 6673929.263187)

LINESTRING (386842.045648 6673916.630456, 386840.398792 6673917.216283)

LINESTRING (386831.568857 6673883.822747, 386829.483948 6673881.190316)

LINESTRING (386999.878140 6673844.878974, 387002.543801 6673849.967570)

LINESTRING (387002.543801 6673849.967570, 387032.125305 6673833.787123)

LINESTRING (387002.543801 6673849.967570, 386988.315311 6673857.750782)

LINESTRING (387002.543801 6673849.967570, 386999.878140 6673844.878974)

LINESTRING (387061.267657 6673816.316612, 387061.767027 6673817.571636)

LINESTRING (387100.149958 6674039.415069, 387102.181050 6674042.651086)

LINESTRING (387096.437997 6674041.958979, 387098.618446 6674045.179243)

LINESTRING (387098.618446 6674045.179243, 387091.677297 6674050.085017)

LINESTRING (387098.618446 6674045.179243, 387102.181050 6674042.651086)

LINESTRING (387098.618446 6674045.179243, 387096.437997 6674041.958979)

LINESTRING (387089.394641 6674046.789900, 387091.677297 6674050.085017)

LINESTRING (387091.677297 6674050.085017, 387086.914127 6674053.452595)

LINESTRING (387091.677297 6674050.085017, 387098.618446 6674045.179243)

LINESTRING (387091.677297 6674050.085017, 387089.394641 6674046.789900)

LINESTRING (387082.624351 6674052.916275, 387084.214897 6674055.363495)

LINESTRING (387074.264322 6674058.779671, 387076.015412 6674060.854179)

LINESTRING (387079.387274 6674203.071866, 387080.547521 6674202.545731)

LINESTRING (387074.977630 6674206.918905, 387076.648840 6674211.982503)

LINESTRING (387071.454405 6674208.019432, 387073.132194 6674213.116258)

LINESTRING (387073.132194 6674213.116258, 387074.775120 6674212.586373)

LINESTRING (387073.132194 6674213.116258, 387057.163168 6674218.222645)

LINESTRING (387073.132194 6674213.116258, 387071.454405 6674208.019432)

LINESTRING (387055.910243 6674212.867545, 387057.163168 6674218.222645)

LINESTRING (387057.163168 6674218.222645, 387073.132194 6674213.116258)

LINESTRING (387057.163168 6674218.222645, 387050.821934 6674220.257103)

LINESTRING (387057.163168 6674218.222645, 387055.910243 6674212.867545)

LINESTRING (387045.664962 6674216.070029, 387046.989336 6674221.222327)

LINESTRING (387046.989336 6674221.222327, 387045.664962 6674216.070029)

LINESTRING (387046.989336 6674221.222327, 387049.123917 6674220.799843, 387050.821934 6674220.257103)

LINESTRING (387046.989336 6674221.222327, 387039.708546 6674222.661727, 387031.225837 6674222.377463, 387021.329649 6674221.067009, 387013.748873 6674216.743055, 387002.506393 6674206.157707, 387000.311791 6674204.096927)

LINESTRING (386975.454290 6674174.931237, 386972.667920 6674176.711187)

LINESTRING (386971.837894 6674171.577078, 386970.744095 6674172.457809)

LINESTRING (386939.852283 6674140.547774, 386938.290576 6674141.911022)

LINESTRING (386937.989148 6674138.799970, 386936.455850 6674140.184630)

LINESTRING (386936.455850 6674140.184630, 386938.290576 6674141.911022)

LINESTRING (386936.455850 6674140.184630, 386937.989148 6674138.799970)

LINESTRING (386936.455850 6674140.184630, 386934.489821 6674138.339709, 386933.598093 6674137.498010)

LINESTRING (387041.432357 6674110.743679, 387042.409465 6674109.677121)

LINESTRING (387053.454526 6674126.988603, 387054.801238 6674126.389841)

LINESTRING (387070.706870 6673811.055134, 387071.564585 6673812.232240)

LINESTRING (387071.564585 6673812.232240, 387077.667446 6673808.923628)

LINESTRING (387071.564585 6673812.232240, 387068.490293 6673813.864968)

LINESTRING (387071.564585 6673812.232240, 387070.706870 6673811.055134)

LINESTRING (387113.077467 6673787.894692, 387113.821083 6673789.331642)

LINESTRING (387113.821083 6673789.331642, 387120.415496 6673785.762776)

LINESTRING (387113.821083 6673789.331642, 387077.667446 6673808.923628)

LINESTRING (387113.821083 6673789.331642, 387113.077467 6673787.894692)

LINESTRING (387119.645531 6673784.371214, 387120.415496 6673785.762776)

LINESTRING (387120.415496 6673785.762776, 387129.400779 6673780.894353)

LINESTRING (387120.415496 6673785.762776, 387113.821083 6673789.331642)

LINESTRING (387120.415496 6673785.762776, 387119.645531 6673784.371214)

LINESTRING (387161.577339 6673762.261292, 387162.023742 6673763.239359)

LINESTRING (387070.285554 6673671.632833, 387072.501362 6673665.736106)

LINESTRING (387056.422341 6673667.535982, 387058.566490 6673660.036702)

LINESTRING (387058.566490 6673660.036702, 387072.501362 6673665.736106)

LINESTRING (387058.566490 6673660.036702, 387056.422341 6673667.535982)

LINESTRING (387058.566490 6673660.036702, 387040.634815 6673652.699897, 387030.996384 6673648.639947)

LINESTRING (387053.941229 6673688.039710, 387052.657259 6673693.016171)

LINESTRING (386944.012385 6673828.895828, 386936.183072 6673831.288451)

LINESTRING (386936.183072 6673831.288451, 386944.012385 6673828.895828)

LINESTRING (386936.183072 6673831.288451, 386937.764305 6673838.639326, 386941.137623 6673855.496529)

LINESTRING (386940.007816 6673819.992748, 386934.139557 6673822.447395)

LINESTRING (386934.932662 6673805.717828, 386929.627926 6673807.909905)

LINESTRING (386929.627926 6673807.909905, 386934.932662 6673805.717828)

LINESTRING (386929.627926 6673807.909905, 386930.674729 6673811.254248, 386932.187934 6673816.222376)

LINESTRING (386933.296484 6673801.979354, 386928.302981 6673804.005802)

LINESTRING (386928.302981 6673804.005802, 386929.627926 6673807.909905)

LINESTRING (386928.302981 6673804.005802, 386933.296484 6673801.979354)

LINESTRING (386926.889245 6673787.344396, 386922.181218 6673789.629494)

LINESTRING (386922.181218 6673789.629494, 386926.889245 6673787.344396)

LINESTRING (386922.181218 6673789.629494, 386925.039460 6673795.737352, 386928.302981 6673804.005802)

LINESTRING (386919.685608 6673771.185012, 386915.218397 6673773.540688)

LINESTRING (386915.218397 6673773.540688, 386922.181218 6673789.629494)

LINESTRING (386915.218397 6673773.540688, 386919.685608 6673771.185012)

LINESTRING (386916.785474 6673764.799847, 386912.160250 6673767.071255)

LINESTRING (386912.160250 6673767.071255, 386915.218397 6673773.540688)

LINESTRING (386912.160250 6673767.071255, 386916.785474 6673764.799847)

LINESTRING (386914.866560 6673760.713501, 386910.414941 6673763.035268)

LINESTRING (386910.414941 6673763.035268, 386912.160250 6673767.071255)

LINESTRING (386910.414941 6673763.035268, 386914.866560 6673760.713501)

LINESTRING (386904.030971 6673741.612841, 386900.633585 6673743.746034)

LINESTRING (386900.633585 6673743.746034, 386904.030971 6673741.612841)

LINESTRING (386900.633585 6673743.746034, 386904.291779 6673751.133029, 386910.414941 6673763.035268)

LINESTRING (386901.351700 6673737.527703, 386898.050981 6673739.735920)

LINESTRING (386898.050981 6673739.735920, 386900.633585 6673743.746034)

LINESTRING (386898.050981 6673739.735920, 386901.351700 6673737.527703)

LINESTRING (386899.196570 6673734.239895, 386895.870918 6673736.359731)

LINESTRING (386895.870918 6673736.359731, 386898.050981 6673739.735920)

LINESTRING (386895.870918 6673736.359731, 386899.196570 6673734.239895)

LINESTRING (386892.941780 6673724.726586, 386889.715243 6673726.821077)

LINESTRING (386884.668462 6673712.935384, 386881.973924 6673714.823993)

LINESTRING (386897.639593 6673701.089585, 386896.701115 6673699.636408)

LINESTRING (386901.034309 6673698.689015, 386900.162371 6673697.233781)

LINESTRING (386900.162371 6673697.233781, 386896.701115 6673699.636408)

LINESTRING (386900.162371 6673697.233781, 386904.205244 6673694.434289)

LINESTRING (386900.162371 6673697.233781, 386901.034309 6673698.689015)

LINESTRING (386905.026589 6673695.868799, 386904.205244 6673694.434289)

LINESTRING (386904.205244 6673694.434289, 386900.162371 6673697.233781)

LINESTRING (386904.205244 6673694.434289, 386937.780678 6673671.142363)

LINESTRING (386904.205244 6673694.434289, 386905.026589 6673695.868799)

LINESTRING (386938.506806 6673672.189775, 386937.780678 6673671.142363)

LINESTRING (386937.780678 6673671.142363, 386904.205244 6673694.434289)

LINESTRING (386937.780678 6673671.142363, 386945.393415 6673665.858970)

LINESTRING (386937.780678 6673671.142363, 386938.506806 6673672.189775)

LINESTRING (386945.393415 6673665.858970, 386937.780678 6673671.142363)

LINESTRING (386945.393415 6673665.858970, 386940.111843 6673658.923257)

LINESTRING (386945.393415 6673665.858970, 386951.517450 6673661.613393, 386954.427673 6673659.517583)

LINESTRING (386945.393415 6673665.858970, 386946.067575 6673666.841124, 386955.445791 6673682.064170)

LINESTRING (386955.445791 6673682.064170, 386946.067575 6673666.841124, 386945.393415 6673665.858970)

LINESTRING (386955.057127 6673660.489975, 386954.427673 6673659.517583)

LINESTRING (386990.344081 6673672.305452, 386983.284119 6673677.337657)

LINESTRING (386968.160613 6673676.467266, 386981.936166 6673695.700228)

LINESTRING (386969.951246 6673698.510805, 386980.255675 6673701.313032, 386981.385388 6673697.455717, 386981.936166 6673695.700228)

LINESTRING (386915.256983 6673733.465151, 386924.929237 6673727.661181)

LINESTRING (386930.928106 6673761.955875, 386941.110298 6673756.671115)

LINESTRING (387006.852335 6673743.575258, 387008.012659 6673741.968122)

LINESTRING (387008.012659 6673741.968122, 387006.852335 6673743.575258)

LINESTRING (387008.012659 6673741.968122, 387010.748284 6673738.172692, 387011.770287 6673736.759277)

LINESTRING (387008.012659 6673741.968122, 387008.590904 6673746.497081, 387005.120294 6673751.474188)

LINESTRING (387004.471660 6673752.396883, 387005.120294 6673751.474188)

LINESTRING (386986.223604 6673705.675602, 386987.592852 6673705.622190, 386991.977153 6673705.431128, 386994.044715 6673705.345018)

LINESTRING (387073.097677 6674207.500679, 387074.775120 6674212.586373)

LINESTRING (387074.775120 6674212.586373, 387076.648840 6674211.982503)

LINESTRING (387074.775120 6674212.586373, 387073.132194 6674213.116258)

LINESTRING (387074.775120 6674212.586373, 387073.097677 6674207.500679)

LINESTRING (387075.050665 6674189.320065, 387076.351925 6674188.867586)

LINESTRING (387076.717663 6674194.606676, 387077.993261 6674194.221854)

LINESTRING (387077.993261 6674194.221854, 387080.547521 6674202.545731)

LINESTRING (387077.993261 6674194.221854, 387076.351925 6674188.867586)

LINESTRING (387077.993261 6674194.221854, 387076.717663 6674194.606676)

LINESTRING (387046.469959 6674205.291094, 387049.270304 6674214.933510, 387050.821934 6674220.257103)

LINESTRING (387050.821934 6674220.257103, 387057.163168 6674218.222645)

LINESTRING (387050.821934 6674220.257103, 387049.123917 6674220.799843, 387046.989336 6674221.222327)

LINESTRING (387050.821934 6674220.257103, 387049.270304 6674214.933510, 387046.469959 6674205.291094)

LINESTRING (386964.275999 6674164.455456, 386963.285089 6674165.433310)

LINESTRING (386963.285089 6674165.433310, 386966.657253 6674168.605552)

LINESTRING (386963.285089 6674165.433310, 386958.912769 6674161.322417)

LINESTRING (386963.285089 6674165.433310, 386964.275999 6674164.455456)

LINESTRING (386959.916830 6674160.411021, 386958.912769 6674161.322417)

LINESTRING (386927.945937 6674129.325638, 386926.264703 6674130.592286)

LINESTRING (386926.264703 6674130.592286, 386927.950818 6674132.178390)

LINESTRING (386926.264703 6674130.592286, 386927.945937 6674129.325638)

LINESTRING (386926.264703 6674130.592286, 386923.349770 6674127.851719, 386918.850833 6674123.956521, 386913.879108 6674119.128681)

LINESTRING (386933.080992 6674096.503512, 386931.498320 6674095.571715)

LINESTRING (386931.498320 6674095.571715, 386934.955582 6674090.895822)

LINESTRING (386931.498320 6674095.571715, 386913.879108 6674119.128681)

LINESTRING (386931.498320 6674095.571715, 386933.080992 6674096.503512)

LINESTRING (386947.410718 6674076.759244, 386946.041478 6674075.910001)

LINESTRING (386946.041478 6674075.910001, 386947.410718 6674076.759244)

LINESTRING (386946.041478 6674075.910001, 386949.842825 6674068.537758)

LINESTRING (386946.041478 6674075.910001, 386941.774460 6674081.680731)

LINESTRING (386968.002723 6674071.999983, 386968.118428 6674070.714834)

LINESTRING (386933.598093 6674137.498010, 386930.122981 6674134.228679)

LINESTRING (386933.598093 6674137.498010, 386935.245716 6674136.221260)

LINESTRING (386933.598093 6674137.498010, 386934.489821 6674138.339709, 386936.455850 6674140.184630)

LINESTRING (386927.950818 6674132.178390, 386930.122981 6674134.228679)

LINESTRING (386927.950818 6674132.178390, 386926.264703 6674130.592286)

LINESTRING (386927.950818 6674132.178390, 386929.540935 6674130.836548)

LINESTRING (386851.303564 6673901.032216, 386837.917622 6673905.714204, 386836.293284 6673906.310481)

LINESTRING (387086.914127 6674053.452595, 387084.214897 6674055.363495)

LINESTRING (387086.914127 6674053.452595, 387091.677297 6674050.085017)

LINESTRING (387086.914127 6674053.452595, 387090.533852 6674058.534104)

LINESTRING (387086.914127 6674053.452595, 387085.294438 6674051.140002, 387074.121513 6674033.642918, 387095.470888 6674018.340969)

LINESTRING (386670.044701 6673752.637917, 386647.759848 6673769.096873)

LINESTRING (386670.044701 6673752.637917, 386666.836117 6673747.778089, 386661.210880 6673739.616395)

LINESTRING (386670.044701 6673752.637917, 386699.138550 6673727.888842, 386699.077041 6673721.059369, 386679.434274 6673711.715596)

LINESTRING (386661.210880 6673739.616395, 386666.836117 6673747.778089, 386670.044701 6673752.637917)

LINESTRING (386679.434274 6673711.715596, 386699.077041 6673721.059369, 386699.138550 6673727.888842, 386670.044701 6673752.637917)

LINESTRING (386600.405044 6673759.207523, 386600.217286 6673761.029841, 386607.707948 6673761.143285)

LINESTRING (386607.707948 6673761.143285, 386617.994518 6673775.011225)

LINESTRING (386607.707948 6673761.143285, 386608.910649 6673760.013903)

LINESTRING (386607.707948 6673761.143285, 386600.217286 6673761.029841, 386600.405044 6673759.207523)

LINESTRING (386578.158064 6673796.583384, 386582.201153 6673801.863051, 386582.409043 6673802.124071)

LINESTRING (386556.983862 6673805.519614, 386559.696629 6673805.480127, 386562.808965 6673805.439404, 386565.613398 6673809.074663, 386568.450926 6673811.449606, 386573.169626 6673812.919305, 386573.997518 6673812.949374)

LINESTRING (386545.936416 6673846.081366, 386556.921425 6673846.309288, 386572.703923 6673839.445760, 386573.558203 6673839.073820)

LINESTRING (386586.704061 6673888.625921, 386587.775694 6673890.074897)

LINESTRING (386581.780167 6673866.378654, 386588.367560 6673861.527439)

LINESTRING (386602.050547 6673892.953641, 386601.152689 6673892.814292, 386601.667831 6673882.211357, 386617.847942 6673882.991758, 386617.328399 6673894.887550)

LINESTRING (386615.923885 6673894.875332, 386617.328399 6673894.887550)

LINESTRING (386649.606138 6673604.295341, 386648.200331 6673605.141247)

LINESTRING (386648.200331 6673605.141247, 386659.405353 6673618.011331)

LINESTRING (386648.200331 6673605.141247, 386649.606138 6673604.295341)

LINESTRING (386659.405353 6673618.011331, 386648.200331 6673605.141247)

LINESTRING (386659.405353 6673618.011331, 386673.631375 6673634.342921)

LINESTRING (386673.631375 6673634.342921, 386659.405353 6673618.011331)

LINESTRING (386673.631375 6673634.342921, 386690.584840 6673653.799667)

LINESTRING (386673.631375 6673634.342921, 386675.212924 6673633.257557, 386687.068216 6673622.849704)

LINESTRING (386690.584840 6673653.799667, 386673.631375 6673634.342921)

LINESTRING (386690.584840 6673653.799667, 386698.146950 6673662.492104)

LINESTRING (386690.584840 6673653.799667, 386692.317414 6673653.110825)

LINESTRING (386687.068216 6673622.849704, 386675.212924 6673633.257557, 386673.631375 6673634.342921)

LINESTRING (386692.317414 6673653.110825, 386690.584840 6673653.799667)

LINESTRING (386698.146950 6673662.492104, 386690.584840 6673653.799667)

LINESTRING (386698.146950 6673662.492104, 386701.219947 6673666.018856)

LINESTRING (386698.146950 6673662.492104, 386699.810946 6673661.560217)

LINESTRING (386699.810946 6673661.560217, 386698.146950 6673662.492104)

LINESTRING (386701.219947 6673666.018856, 386698.146950 6673662.492104)

LINESTRING (386701.219947 6673666.018856, 386702.881531 6673665.009036)

LINESTRING (386701.219947 6673666.018856, 386702.583720 6673667.581411, 386704.256567 6673669.446439)

LINESTRING (386702.881531 6673665.009036, 386701.219947 6673666.018856)

LINESTRING (386716.781542 6673680.682218, 386715.081179 6673681.514926)

LINESTRING (386725.720369 6673689.566135, 386743.382141 6673699.283477)

LINESTRING (386725.720369 6673689.566135, 386726.434831 6673688.440757)

LINESTRING (386725.720369 6673689.566135, 386718.972909 6673685.852169, 386715.081179 6673681.514926)

LINESTRING (387267.347336 6674154.105772, 387266.061189 6674154.869751)

LINESTRING (387260.274874 6674145.018269, 387263.325959 6674150.206604)

LINESTRING (387260.274874 6674145.018269, 387255.987418 6674137.706061)

LINESTRING (387260.274874 6674145.018269, 387261.548221 6674144.198962)

LINESTRING (387261.548221 6674144.198962, 387260.274874 6674145.018269)

LINESTRING (387255.987418 6674137.706061, 387260.274874 6674145.018269)

LINESTRING (387255.987418 6674137.706061, 387253.146537 6674132.856725)

LINESTRING (387255.987418 6674137.706061, 387257.260081 6674136.864486)

LINESTRING (387257.260081 6674136.864486, 387255.987418 6674137.706061)

LINESTRING (387250.329542 6674128.062375, 387253.146537 6674132.856725)

LINESTRING (387250.329542 6674128.062375, 387246.545948 6674121.615041)

LINESTRING (387250.329542 6674128.062375, 387251.707147 6674127.384727)

LINESTRING (387251.707147 6674127.384727, 387250.329542 6674128.062375)

LINESTRING (387262.431742 6674112.344174, 387248.031069 6674120.644333, 387246.545948 6674121.615041)

LINESTRING (387196.071821 6674023.073735, 387190.978027 6674026.161614)

LINESTRING (387188.251302 6674021.420245, 387190.978027 6674026.161614)

LINESTRING (387188.251302 6674021.420245, 387185.412708 6674016.470587)

LINESTRING (387188.251302 6674021.420245, 387193.365111 6674018.621493)

LINESTRING (387193.365111 6674018.621493, 387188.251302 6674021.420245)

LINESTRING (387190.512578 6674013.939719, 387185.412708 6674016.470587)

LINESTRING (387199.258003 6674000.943635, 387195.336963 6673994.545158)

LINESTRING (387217.988264 6673983.650334, 387215.979769 6673980.424704)

LINESTRING (386482.401613 6673942.609546, 386482.800554 6673926.839272)

LINESTRING (386482.401613 6673942.609546, 386482.333735 6673945.252827)

LINESTRING (386482.401613 6673942.609546, 386490.307759 6673942.709851)

LINESTRING (386490.800260 6673915.458151, 386490.307759 6673942.709851)

LINESTRING (386490.800260 6673915.458151, 386483.122440 6673915.205888)

LINESTRING (386490.800260 6673915.458151, 386491.093253 6673899.312264, 386491.184282 6673894.372560)

LINESTRING (386480.478432 6673926.766408, 386482.800554 6673926.839272)

LINESTRING (386482.800554 6673926.839272, 386482.906616 6673923.637597)

LINESTRING (386482.800554 6673926.839272, 386482.401613 6673942.609546)

LINESTRING (386482.800554 6673926.839272, 386480.478432 6673926.766408)

LINESTRING (386482.906616 6673923.637597, 386482.993648 6673920.180196)

LINESTRING (386482.906616 6673923.637597, 386482.800554 6673926.839272)

LINESTRING (386482.906616 6673923.637597, 386480.539790 6673923.554975)

LINESTRING (386480.539790 6673923.554975, 386482.906616 6673923.637597)

LINESTRING (386482.993648 6673920.180196, 386483.122440 6673915.205888)

LINESTRING (386482.993648 6673920.180196, 386482.906616 6673923.637597)

LINESTRING (386482.993648 6673920.180196, 386480.604642 6673920.098261)

LINESTRING (386480.604642 6673920.098261, 386482.993648 6673920.180196)

LINESTRING (386483.122440 6673915.205888, 386483.219589 6673911.179819)

LINESTRING (386483.122440 6673915.205888, 386482.993648 6673920.180196)

LINESTRING (386483.122440 6673915.205888, 386490.800260 6673915.458151)

LINESTRING (386483.219589 6673911.179819, 386483.337598 6673906.573604)

LINESTRING (386483.219589 6673911.179819, 386483.122440 6673915.205888)

LINESTRING (386483.219589 6673911.179819, 386480.834741 6673911.053178)

LINESTRING (386480.834741 6673911.053178, 386483.219589 6673911.179819)

LINESTRING (386481.000173 6673903.860037, 386483.404097 6673903.885789)

LINESTRING (386483.404097 6673903.885789, 386483.524890 6673899.190334)

LINESTRING (386483.404097 6673903.885789, 386483.337598 6673906.573604)

LINESTRING (386483.404097 6673903.885789, 386481.000173 6673903.860037)

LINESTRING (386483.524890 6673899.190334, 386483.646760 6673894.171665)

LINESTRING (386483.524890 6673899.190334, 386483.404097 6673903.885789)

LINESTRING (386483.524890 6673899.190334, 386481.094621 6673899.209976)

LINESTRING (386481.094621 6673899.209976, 386483.524890 6673899.190334)

LINESTRING (386483.646760 6673894.171665, 386483.745638 6673890.201263)

LINESTRING (386483.646760 6673894.171665, 386483.524890 6673899.190334)

LINESTRING (386483.646760 6673894.171665, 386491.184282 6673894.372560)

LINESTRING (386483.745638 6673890.201263, 386483.820487 6673887.245728)

LINESTRING (386483.745638 6673890.201263, 386483.646760 6673894.171665)

LINESTRING (386483.745638 6673890.201263, 386481.282115 6673890.043628)

LINESTRING (386481.282115 6673890.043628, 386483.745638 6673890.201263)

LINESTRING (386483.820487 6673887.245728, 386484.010912 6673879.784353)

LINESTRING (386483.820487 6673887.245728, 386483.745638 6673890.201263)

LINESTRING (386483.820487 6673887.245728, 386481.342055 6673887.144277)

LINESTRING (386481.342055 6673887.144277, 386483.820487 6673887.245728)

LINESTRING (386484.010912 6673879.784353, 386484.110848 6673875.669044)

LINESTRING (386484.010912 6673879.784353, 386483.820487 6673887.245728)

LINESTRING (386484.010912 6673879.784353, 386482.756440 6673879.778677, 386481.501624 6673879.761867)

LINESTRING (386481.501624 6673879.761867, 386482.756440 6673879.778677, 386484.010912 6673879.784353)

LINESTRING (386481.591158 6673875.669169, 386484.110848 6673875.669044)

LINESTRING (386476.065817 6673849.439900, 386476.190828 6673847.207183)

LINESTRING (386726.434831 6673688.440757, 386727.142305 6673687.627631)

LINESTRING (386726.434831 6673688.440757, 386725.720369 6673689.566135)

LINESTRING (386726.434831 6673688.440757, 386726.559808 6673687.277896)

LINESTRING (386727.142305 6673687.627631, 386726.434831 6673688.440757)

LINESTRING (386726.559808 6673687.277896, 386726.434831 6673688.440757)

LINESTRING (386743.382141 6673699.283477, 386725.720369 6673689.566135)

LINESTRING (386743.382141 6673699.283477, 386743.997865 6673698.016282)

LINESTRING (386743.382141 6673699.283477, 386744.861431 6673700.095814, 386752.039584 6673705.713299)

LINESTRING (386743.997865 6673698.016282, 386743.382141 6673699.283477)

LINESTRING (386752.970647 6673704.592369, 386752.039584 6673705.713299)

LINESTRING (386752.039584 6673705.713299, 386758.364629 6673710.666247)

LINESTRING (386752.039584 6673705.713299, 386752.970647 6673704.592369)

LINESTRING (386752.039584 6673705.713299, 386744.861431 6673700.095814, 386743.382141 6673699.283477)

LINESTRING (386758.364629 6673710.666247, 386752.039584 6673705.713299)

LINESTRING (386758.364629 6673710.666247, 386761.879882 6673713.421563)

LINESTRING (386758.364629 6673710.666247, 386759.228464 6673709.525110)

LINESTRING (386759.228464 6673709.525110, 386758.364629 6673710.666247)

LINESTRING (386761.879882 6673713.421563, 386758.364629 6673710.666247)

LINESTRING (386761.879882 6673713.421563, 386771.771076 6673721.161711)

LINESTRING (386761.879882 6673713.421563, 386763.074276 6673712.559951, 386770.837494 6673701.744023)

LINESTRING (386770.837494 6673701.744023, 386763.074276 6673712.559951, 386761.879882 6673713.421563)

LINESTRING (386785.841460 6673735.002224, 386784.339275 6673736.140808)

LINESTRING (386791.659817 6673744.751741, 386793.455912 6673746.835878)

LINESTRING (386791.659817 6673744.751741, 386793.018794 6673744.007634)

LINESTRING (386791.659817 6673744.751741, 386787.249952 6673739.628069, 386784.339275 6673736.140808)

LINESTRING (386793.018794 6673744.007634, 386791.659817 6673744.751741)

LINESTRING (386794.599673 6673746.131859, 386793.455912 6673746.835878)

LINESTRING (386813.912793 6673738.547302, 386814.376309 6673739.357639)

LINESTRING (386832.745499 6673726.910085, 386814.376309 6673739.357639)

LINESTRING (386832.745499 6673726.910085, 386835.773423 6673724.855115)

LINESTRING (386832.745499 6673726.910085, 386832.323936 6673726.020440)

LINESTRING (386832.323936 6673726.020440, 386832.745499 6673726.910085)

LINESTRING (386835.773423 6673724.855115, 386832.745499 6673726.910085)

LINESTRING (386835.773423 6673724.855115, 386838.616610 6673722.928443)

LINESTRING (386835.773423 6673724.855115, 386835.254117 6673724.035356, 386825.520499 6673710.974409)

LINESTRING (386838.616610 6673722.928443, 386835.773423 6673724.855115)

LINESTRING (386838.616610 6673722.928443, 386840.666077 6673721.538939)

LINESTRING (386838.616610 6673722.928443, 386837.852603 6673722.272266)

LINESTRING (386825.520499 6673710.974409, 386835.254117 6673724.035356, 386835.773423 6673724.855115)

LINESTRING (386837.852603 6673722.272266, 386838.616610 6673722.928443)

LINESTRING (386840.255261 6673720.637816, 386840.666077 6673721.538939)

LINESTRING (386847.365947 6673710.611175, 386848.782195 6673709.564428)

LINESTRING (386846.817860 6673706.705374, 386842.018900 6673699.766024)

LINESTRING (386846.817860 6673706.705374, 386848.782195 6673709.564428)

LINESTRING (386846.817860 6673706.705374, 386845.318781 6673707.765826)

LINESTRING (386845.318781 6673707.765826, 386846.817860 6673706.705374)

LINESTRING (386842.018900 6673699.766024, 386846.817860 6673706.705374)

LINESTRING (386842.018900 6673699.766024, 386840.267890 6673700.756256)

LINESTRING (386842.018900 6673699.766024, 386840.102699 6673697.028071, 386837.570858 6673693.406472)

LINESTRING (386840.267890 6673700.756256, 386842.018900 6673699.766024)

LINESTRING (386837.570858 6673693.406472, 386835.503600 6673690.450308)

LINESTRING (386837.570858 6673693.406472, 386835.819807 6673694.575014)

LINESTRING (386837.570858 6673693.406472, 386840.102699 6673697.028071, 386842.018900 6673699.766024)

LINESTRING (386835.819807 6673694.575014, 386837.570858 6673693.406472)

LINESTRING (386835.503600 6673690.450308, 386832.368232 6673685.978124)

LINESTRING (386835.503600 6673690.450308, 386837.570858 6673693.406472)

LINESTRING (386835.503600 6673690.450308, 386833.482988 6673691.337435)

LINESTRING (387330.962707 6674117.923533, 387321.126231 6674101.610465)

LINESTRING (387330.962707 6674117.923533, 387335.868968 6674126.052584)

LINESTRING (387330.962707 6674117.923533, 387329.468189 6674118.950217)

LINESTRING (387329.468189 6674118.950217, 387330.962707 6674117.923533)

LINESTRING (386833.482988 6673691.337435, 386835.503600 6673690.450308)

LINESTRING (386832.368232 6673685.978124, 386828.222262 6673680.055011)

LINESTRING (386832.368232 6673685.978124, 386835.503600 6673690.450308)

LINESTRING (386832.368232 6673685.978124, 386830.536759 6673687.238308)

LINESTRING (386830.536759 6673687.238308, 386832.368232 6673685.978124)

LINESTRING (386828.222262 6673680.055011, 386826.038928 6673676.935277)

LINESTRING (386828.222262 6673680.055011, 386832.368232 6673685.978124)

LINESTRING (386828.222262 6673680.055011, 386826.471475 6673681.591307)

LINESTRING (386826.471475 6673681.591307, 386828.222262 6673680.055011)

LINESTRING (386826.038928 6673676.935277, 386824.523548 6673674.775581)

LINESTRING (386826.038928 6673676.935277, 386828.222262 6673680.055011)

LINESTRING (386826.038928 6673676.935277, 386824.267337 6673678.516794)

LINESTRING (386824.267337 6673678.516794, 386826.038928 6673676.935277)

LINESTRING (386822.793181 6673676.433833, 386824.523548 6673674.775581)

LINESTRING (386824.523548 6673674.775581, 386823.077459 6673672.702897)

LINESTRING (386824.523548 6673674.775581, 386826.038928 6673676.935277)

LINESTRING (386824.523548 6673674.775581, 386822.793181 6673676.433833)

LINESTRING (386823.077459 6673672.702897, 386821.619934 6673670.619422)

LINESTRING (386823.077459 6673672.702897, 386824.523548 6673674.775581)

LINESTRING (386823.077459 6673672.702897, 386821.086898 6673674.023724)

LINESTRING (386821.086898 6673674.023724, 386823.077459 6673672.702897)

LINESTRING (386821.619934 6673670.619422, 386818.304379 6673665.885360)

LINESTRING (386821.619934 6673670.619422, 386823.077459 6673672.702897)

LINESTRING (386821.619934 6673670.619422, 386819.496676 6673671.777190)

LINESTRING (386819.496676 6673671.777190, 386821.619934 6673670.619422)

LINESTRING (386818.304379 6673665.885360, 386814.170144 6673659.984187)

LINESTRING (386818.304379 6673665.885360, 386821.619934 6673670.619422)

LINESTRING (386818.304379 6673665.885360, 386816.194618 6673667.120721)

LINESTRING (386816.194618 6673667.120721, 386818.304379 6673665.885360)

LINESTRING (386814.170144 6673659.984187, 386811.609151 6673656.318929)

LINESTRING (386814.170144 6673659.984187, 386818.304379 6673665.885360)

LINESTRING (386814.170144 6673659.984187, 386812.363865 6673661.700511)

LINESTRING (386812.363865 6673661.700511, 386814.170144 6673659.984187)

LINESTRING (386811.609151 6673656.318929, 386806.081103 6673648.421476)

LINESTRING (386811.609151 6673656.318929, 386814.170144 6673659.984187)

LINESTRING (386811.609151 6673656.318929, 386809.723177 6673657.970853)

LINESTRING (386809.723177 6673657.970853, 386811.609151 6673656.318929)

LINESTRING (386806.081103 6673648.421476, 386804.263934 6673645.836496)

LINESTRING (386806.081103 6673648.421476, 386811.609151 6673656.318929)

LINESTRING (386806.081103 6673648.421476, 386804.145910 6673650.097214)

LINESTRING (386804.145910 6673650.097214, 386806.081103 6673648.421476)

LINESTRING (386804.263934 6673645.836496, 386802.911019 6673643.905812)

LINESTRING (386804.263934 6673645.836496, 386806.081103 6673648.421476)

LINESTRING (386804.263934 6673645.836496, 386802.126404 6673647.251031)

LINESTRING (386802.126404 6673647.251031, 386804.263934 6673645.836496)

LINESTRING (386802.911019 6673643.905812, 386800.204839 6673640.033312)

LINESTRING (386802.911019 6673643.905812, 386804.263934 6673645.836496)

LINESTRING (386802.911019 6673643.905812, 386800.618265 6673645.146841)

LINESTRING (386800.618265 6673645.146841, 386802.911019 6673643.905812)

LINESTRING (386797.788372 6673641.222446, 386800.204839 6673640.033312)

LINESTRING (386800.204839 6673640.033312, 386795.652372 6673633.532160)

LINESTRING (386800.204839 6673640.033312, 386802.911019 6673643.905812)

LINESTRING (386800.204839 6673640.033312, 386797.788372 6673641.222446)

LINESTRING (386795.652372 6673633.532160, 386790.031405 6673625.503873)

LINESTRING (386795.652372 6673633.532160, 386800.204839 6673640.033312)

LINESTRING (386795.652372 6673633.532160, 386793.451015 6673635.216133)

LINESTRING (386793.451015 6673635.216133, 386795.652372 6673633.532160)

LINESTRING (386790.031405 6673625.503873, 386785.234994 6673618.653664)

LINESTRING (386790.031405 6673625.503873, 386795.652372 6673633.532160)

LINESTRING (386790.031405 6673625.503873, 386788.576667 6673626.562977)

LINESTRING (386788.040647 6673627.716256, 386788.576667 6673626.562977)

LINESTRING (386788.576667 6673626.562977, 386788.040647 6673627.716256)

LINESTRING (386788.576667 6673626.562977, 386790.031405 6673625.503873)

LINESTRING (386788.576667 6673626.562977, 386787.275307 6673626.658940)

LINESTRING (386785.234994 6673618.653664, 386783.440666 6673616.090275)

LINESTRING (386785.234994 6673618.653664, 386790.031405 6673625.503873)

LINESTRING (386785.234994 6673618.653664, 386782.891146 6673620.576077)

LINESTRING (386787.275307 6673626.658940, 386788.576667 6673626.562977)

LINESTRING (386782.891146 6673620.576077, 386785.234994 6673618.653664)

LINESTRING (386783.440666 6673616.090275, 386780.159664 6673611.399752)

LINESTRING (386783.440666 6673616.090275, 386785.234994 6673618.653664)

LINESTRING (386783.440666 6673616.090275, 386780.762122 6673617.599562)

LINESTRING (386780.762122 6673617.599562, 386783.440666 6673616.090275)

LINESTRING (386780.159664 6673611.399752, 386777.726795 6673607.931148)

LINESTRING (386780.159664 6673611.399752, 386783.440666 6673616.090275)

LINESTRING (386780.159664 6673611.399752, 386777.465859 6673612.954089)

LINESTRING (386777.465859 6673612.954089, 386780.159664 6673611.399752)

LINESTRING (386777.726795 6673607.931148, 386775.607128 6673604.898625)

LINESTRING (386777.726795 6673607.931148, 386780.159664 6673611.399752)

LINESTRING (386777.726795 6673607.931148, 386774.965071 6673609.443011)

LINESTRING (386774.965071 6673609.443011, 386777.726795 6673607.931148)

LINESTRING (386775.607128 6673604.898625, 386777.726795 6673607.931148)

LINESTRING (386775.607128 6673604.898625, 386772.968735 6673606.629559)

LINESTRING (386772.968735 6673606.629559, 386775.607128 6673604.898625)

LINESTRING (386930.410065 6674158.792662, 386927.285589 6674155.735386)

LINESTRING (386930.410065 6674158.792662, 386936.435555 6674164.680098)

LINESTRING (386930.410065 6674158.792662, 386928.894057 6674160.377386)

LINESTRING (386928.894057 6674160.377386, 386930.410065 6674158.792662)

LINESTRING (386927.285589 6674155.735386, 386922.284131 6674150.841591)

LINESTRING (386927.285589 6674155.735386, 386930.410065 6674158.792662)

LINESTRING (386927.285589 6674155.735386, 386925.658009 6674157.301269)

LINESTRING (386925.658009 6674157.301269, 386927.285589 6674155.735386)

LINESTRING (386922.284131 6674150.841591, 386919.182507 6674147.805903)

LINESTRING (386922.284131 6674150.841591, 386927.285589 6674155.735386)

LINESTRING (386922.284131 6674150.841591, 386920.751187 6674152.237390)

LINESTRING (386920.751187 6674152.237390, 386922.284131 6674150.841591)

LINESTRING (386913.246739 6674144.824346, 386914.565218 6674143.312583)

LINESTRING (386893.698468 6674132.880026, 386893.481119 6674130.156424)

LINESTRING (386880.227227 6674132.081604, 386870.041807 6674133.633390)

LINESTRING (386880.227227 6674132.081604, 386893.481119 6674130.156424)

LINESTRING (386880.227227 6674132.081604, 386880.680541 6674134.898210)

LINESTRING (386880.680541 6674134.898210, 386880.227227 6674132.081604)

LINESTRING (386870.041807 6674133.633390, 386865.698817 6674134.246819)

LINESTRING (386870.041807 6674133.633390, 386880.227227 6674132.081604)

LINESTRING (386870.041807 6674133.633390, 386870.324634 6674136.499841)

LINESTRING (386870.324634 6674136.499841, 386870.041807 6674133.633390)

LINESTRING (386865.698817 6674134.246819, 386863.056922 6674134.595936)

LINESTRING (386865.698817 6674134.246819, 386870.041807 6674133.633390)

LINESTRING (386865.698817 6674134.246819, 386864.130563 6674125.881451)

LINESTRING (386865.698817 6674134.246819, 386866.256413 6674137.205075, 386872.115046 6674150.976488, 386872.747734 6674152.773431, 386870.729275 6674160.904185, 386860.095508 6674162.670455)

LINESTRING (386825.722361 6674131.816201, 386806.894278 6674134.738668)

LINESTRING (386825.722361 6674131.816201, 386826.566544 6674139.914195)

LINESTRING (386825.722361 6674131.816201, 386835.111808 6674130.366908, 386846.334730 6674128.626934, 386862.130764 6674126.177290, 386864.130563 6674125.881451)

LINESTRING (386863.056922 6674134.595936, 386854.504698 6674135.840970)

LINESTRING (386863.056922 6674134.595936, 386865.698817 6674134.246819)

LINESTRING (386863.056922 6674134.595936, 386863.302665 6674137.519254)

LINESTRING (386860.095508 6674162.670455, 386870.729275 6674160.904185, 386872.747734 6674152.773431, 386872.115046 6674150.976488, 386866.256413 6674137.205075, 386865.698817 6674134.246819)

LINESTRING (386863.302665 6674137.519254, 386863.056922 6674134.595936)

LINESTRING (386854.504698 6674135.840970, 386850.620854 6674136.406792)

LINESTRING (386854.504698 6674135.840970, 386863.056922 6674134.595936)

LINESTRING (386854.504698 6674135.840970, 386854.760849 6674138.741678)

LINESTRING (386854.760849 6674138.741678, 386854.504698 6674135.840970)

LINESTRING (386850.620854 6674136.406792, 386846.532561 6674137.001227)

LINESTRING (386850.620854 6674136.406792, 386854.504698 6674135.840970)

LINESTRING (386850.620854 6674136.406792, 386851.026014 6674139.280606)

LINESTRING (386851.026014 6674139.280606, 386850.620854 6674136.406792)

LINESTRING (386846.532561 6674137.001227, 386835.019299 6674138.683314)

LINESTRING (386846.532561 6674137.001227, 386850.620854 6674136.406792)

LINESTRING (386846.532561 6674137.001227, 386846.915203 6674139.864592)

LINESTRING (386846.915203 6674139.864592, 386846.532561 6674137.001227)

LINESTRING (386835.019299 6674138.683314, 386830.859280 6674139.291128)

LINESTRING (386835.019299 6674138.683314, 386846.532561 6674137.001227)

LINESTRING (386835.019299 6674138.683314, 386835.466760 6674141.488953)

LINESTRING (386835.466760 6674141.488953, 386835.019299 6674138.683314)

LINESTRING (386830.859280 6674139.291128, 386826.566544 6674139.914195)

LINESTRING (386830.859280 6674139.291128, 386835.019299 6674138.683314)

LINESTRING (386830.859280 6674139.291128, 386831.278679 6674142.086490)

LINESTRING (386831.278679 6674142.086490, 386830.859280 6674139.291128)

LINESTRING (386826.566544 6674139.914195, 386821.864913 6674140.594486)

LINESTRING (386826.566544 6674139.914195, 386830.859280 6674139.291128)

LINESTRING (386826.566544 6674139.914195, 386825.722361 6674131.816201)

LINESTRING (386826.566544 6674139.914195, 386826.902782 6674142.712128, 386827.695108 6674150.209940, 386828.220334 6674155.710062, 386829.074513 6674162.336718, 386834.820282 6674177.838910, 386838.131712 6674185.325707)

LINESTRING (386821.864913 6674140.594486, 386815.450763 6674141.528333)

LINESTRING (386821.864913 6674140.594486, 386826.566544 6674139.914195)

LINESTRING (386821.864913 6674140.594486, 386822.300262 6674143.367066)

LINESTRING (386838.131712 6674185.325707, 386837.193984 6674185.689023)

LINESTRING (386838.131712 6674185.325707, 386840.947855 6674191.691114, 386843.071340 6674196.294870)

LINESTRING (386838.131712 6674185.325707, 386834.820282 6674177.838910, 386829.074513 6674162.336718, 386828.220334 6674155.710062, 386827.695108 6674150.209940, 386826.902782 6674142.712128, 386826.566544 6674139.914195)

LINESTRING (386822.300262 6674143.367066, 386821.864913 6674140.594486)

LINESTRING (386815.450763 6674141.528333, 386807.931898 6674142.630082)

LINESTRING (386815.450763 6674141.528333, 386821.864913 6674140.594486)

LINESTRING (386815.450763 6674141.528333, 386815.890628 6674144.267340)

LINESTRING (386815.890628 6674144.267340, 386815.450763 6674141.528333)

LINESTRING (386807.931898 6674142.630082, 386805.578313 6674142.970325)

LINESTRING (386807.931898 6674142.630082, 386815.450763 6674141.528333)

LINESTRING (386807.931898 6674142.630082, 386806.894278 6674134.738668)

LINESTRING (386807.931898 6674142.630082, 386808.276829 6674145.349736, 386809.492192 6674155.041009, 386809.590670 6674156.430985, 386806.885054 6674156.692960)

LINESTRING (386805.578313 6674142.970325, 386799.672519 6674143.832758)

LINESTRING (386805.578313 6674142.970325, 386807.931898 6674142.630082)

LINESTRING (386805.578313 6674142.970325, 386805.818249 6674145.704370)

LINESTRING (386806.885054 6674156.692960, 386804.139903 6674157.112178)

LINESTRING (386806.885054 6674156.692960, 386806.823971 6674155.435558)

LINESTRING (386806.885054 6674156.692960, 386809.590670 6674156.430985, 386809.492192 6674155.041009, 386808.276829 6674145.349736, 386807.931898 6674142.630082)

LINESTRING (386805.818249 6674145.704370, 386805.578313 6674142.970325)

LINESTRING (386799.672519 6674143.832758, 386793.622921 6674144.710792)

LINESTRING (386799.672519 6674143.832758, 386805.578313 6674142.970325)

LINESTRING (386799.672519 6674143.832758, 386799.945036 6674146.543506)

LINESTRING (386799.945036 6674146.543506, 386799.672519 6674143.832758)

LINESTRING (386793.972374 6674147.396873, 386793.622921 6674144.710792)

LINESTRING (386793.622921 6674144.710792, 386788.683931 6674145.431900)

LINESTRING (386793.622921 6674144.710792, 386799.672519 6674143.832758)

LINESTRING (386793.622921 6674144.710792, 386793.972374 6674147.396873)

LINESTRING (386788.822706 6674148.124496, 386788.683931 6674145.431900)

LINESTRING (386806.823971 6674155.435558, 386806.885054 6674156.692960)

LINESTRING (386796.310552 6674161.990283, 386796.941594 6674161.759028, 386796.316825 6674160.039860, 386797.809638 6674158.065751, 386804.139903 6674157.112178)

LINESTRING (386804.139903 6674157.112178, 386806.885054 6674156.692960)

LINESTRING (386804.139903 6674157.112178, 386797.809638 6674158.065751, 386796.316825 6674160.039860, 386796.941594 6674161.759028, 386796.310552 6674161.990283)

LINESTRING (386804.139903 6674157.112178, 386801.798089 6674161.062769, 386809.375449 6674177.466681)

LINESTRING (386792.276776 6674160.398837, 386787.087387 6674162.353551)

LINESTRING (386790.022715 6674169.339310, 386795.869096 6674183.244720)

LINESTRING (386790.022715 6674169.339310, 386787.087387 6674162.353551)

LINESTRING (386790.022715 6674169.339310, 386791.658015 6674168.742668)

LINESTRING (386791.658015 6674168.742668, 386790.022715 6674169.339310)

LINESTRING (386795.869096 6674183.244720, 386805.410941 6674205.928898)

LINESTRING (386795.869096 6674183.244720, 386790.022715 6674169.339310)

LINESTRING (386795.869096 6674183.244720, 386797.696027 6674182.564144)

LINESTRING (386807.481604 6674178.316483, 386809.375449 6674177.466681)

LINESTRING (386809.375449 6674177.466681, 386807.481604 6674178.316483)

LINESTRING (386809.375449 6674177.466681, 386801.798089 6674161.062769, 386804.139903 6674157.112178)

LINESTRING (386809.375449 6674177.466681, 386820.204428 6674200.501138, 386817.924911 6674201.440869)

LINESTRING (386797.696027 6674182.564144, 386795.869096 6674183.244720)

LINESTRING (386805.410941 6674205.928898, 386809.693826 6674216.115950)

LINESTRING (386805.410941 6674205.928898, 386795.869096 6674183.244720)

LINESTRING (386805.410941 6674205.928898, 386807.527226 6674205.094505)

LINESTRING (386817.924911 6674201.440869, 386820.204428 6674200.501138, 386809.375449 6674177.466681)

LINESTRING (386807.527226 6674205.094505, 386805.410941 6674205.928898)

LINESTRING (386809.693826 6674216.115950, 386811.023435 6674219.273209)

LINESTRING (386809.693826 6674216.115950, 386805.410941 6674205.928898)

LINESTRING (386809.693826 6674216.115950, 386811.989239 6674215.331740)

LINESTRING (386811.989239 6674215.331740, 386809.693826 6674216.115950)

LINESTRING (386811.023435 6674219.273209, 386813.329723 6674224.762829)

LINESTRING (386811.023435 6674219.273209, 386809.693826 6674216.115950)

LINESTRING (386811.023435 6674219.273209, 386804.178973 6674222.438077)

LINESTRING (386811.023435 6674219.273209, 386812.476103 6674218.693367, 386823.388958 6674213.575073)

LINESTRING (386813.329723 6674224.762829, 386817.259300 6674234.113857)

LINESTRING (386813.329723 6674224.762829, 386811.023435 6674219.273209)

LINESTRING (386813.329723 6674224.762829, 386814.760937 6674224.027633)

LINESTRING (386823.388958 6674213.575073, 386812.476103 6674218.693367, 386811.023435 6674219.273209)

LINESTRING (386814.760937 6674224.027633, 386813.329723 6674224.762829)

LINESTRING (386818.846054 6674233.563304, 386817.259300 6674234.113857)

LINESTRING (386840.488493 6674238.042745, 386840.479076 6674236.661160)

LINESTRING (386840.488493 6674238.042745, 386840.684616 6674244.745468)

LINESTRING (386840.488493 6674238.042745, 386844.110856 6674237.997623)

LINESTRING (386840.488493 6674238.042745, 386834.403518 6674238.130576)

LINESTRING (386840.479076 6674236.661160, 386840.488493 6674238.042745)

LINESTRING (386844.256731 6674244.690755, 386848.575577 6674244.557240)

LINESTRING (386844.256731 6674244.690755, 386844.110856 6674237.997623)

LINESTRING (386848.575577 6674244.557240, 386848.382910 6674237.965852)

LINESTRING (386848.575577 6674244.557240, 386926.703517 6674242.521735, 386931.366786 6674242.399966)

LINESTRING (386848.382910 6674237.965852, 386848.575577 6674244.557240)

LINESTRING (386848.382910 6674237.965852, 386857.402780 6674237.854186)

LINESTRING (386848.382910 6674237.965852, 386844.110856 6674237.997623)

LINESTRING (386848.382910 6674237.965852, 386848.380762 6674236.639763, 386847.696949 6674220.802759)

LINESTRING (386931.366786 6674242.399966, 386942.341296 6674242.150119)

LINESTRING (386931.366786 6674242.399966, 386931.227357 6674236.988215)

LINESTRING (386857.402780 6674237.854186, 386857.387519 6674236.283331)

LINESTRING (386857.402780 6674237.854186, 386871.909204 6674237.684404)

LINESTRING (386857.402780 6674237.854186, 386848.382910 6674237.965852)

LINESTRING (386847.696949 6674220.802759, 386848.380762 6674236.639763, 386848.382910 6674237.965852)

LINESTRING (386857.387519 6674236.283331, 386857.402780 6674237.854186)

LINESTRING (386924.838236 6674233.697469, 386924.975373 6674237.058766)

LINESTRING (386924.975373 6674237.058766, 386924.838236 6674233.697469)

LINESTRING (386924.975373 6674237.058766, 386931.227357 6674236.988215)

LINESTRING (386924.975373 6674237.058766, 386921.186345 6674237.097813)

LINESTRING (386922.822156 6674211.549455, 386870.491113 6674212.809894)

LINESTRING (386922.822156 6674211.549455, 386930.192036 6674211.377503, 386931.129035 6674233.625718, 386931.227357 6674236.988215)

LINESTRING (386922.822156 6674211.549455, 386915.335691 6674203.277755, 386908.031691 6674198.577705, 386902.075495 6674195.830826)

LINESTRING (386894.956469 6673870.050900, 386894.714079 6673872.264931)

LINESTRING (386857.970075 6673866.769629, 386857.893475 6673868.421331)

LINESTRING (386857.893475 6673868.421331, 386862.542879 6673868.912851)

LINESTRING (386857.893475 6673868.421331, 386853.149466 6673867.921597)

LINESTRING (386857.893475 6673868.421331, 386857.970075 6673866.769629)

LINESTRING (386853.196581 6673866.393391, 386853.149466 6673867.921597)

LINESTRING (386853.149466 6673867.921597, 386857.893475 6673868.421331)

LINESTRING (386853.149466 6673867.921597, 386838.494315 6673866.379790)

LINESTRING (386853.149466 6673867.921597, 386853.196581 6673866.393391)

LINESTRING (386862.542879 6673868.912851, 386865.922595 6673869.265309)

LINESTRING (386862.542879 6673868.912851, 386857.893475 6673868.421331)

LINESTRING (386862.542879 6673868.912851, 386861.884635 6673875.987444)

LINESTRING (386862.542879 6673868.912851, 386862.715500 6673867.135595, 386863.966537 6673852.843559, 386863.717920 6673850.366096, 386860.770595 6673850.356888, 386860.554570 6673852.525531)

LINESTRING (386838.448121 6673865.244514, 386838.494315 6673866.379790)

LINESTRING (386833.233870 6673861.382662, 386831.500109 6673861.491981)

LINESTRING (386831.500109 6673861.491981, 386831.544853 6673862.939338)

LINESTRING (386831.500109 6673861.491981, 386833.233870 6673861.382662)

LINESTRING (386831.500109 6673861.491981, 386831.419570 6673858.886738, 386831.274362 6673854.010086)

LINESTRING (386831.544853 6673862.939338, 386831.576174 6673863.952488)

LINESTRING (386831.544853 6673862.939338, 386831.500109 6673861.491981)

LINESTRING (386831.544853 6673862.939338, 386833.282437 6673862.774181)

LINESTRING (386831.274362 6673854.010086, 386830.796365 6673838.189015)

LINESTRING (386831.274362 6673854.010086, 386832.980059 6673853.890491)

LINESTRING (386831.274362 6673854.010086, 386831.419570 6673858.886738, 386831.500109 6673861.491981)

LINESTRING (386832.980059 6673853.890491, 386831.274362 6673854.010086)

LINESTRING (386830.635396 6673830.827704, 386830.796365 6673838.189015)

LINESTRING (386830.635396 6673830.827704, 386822.697771 6673831.151107)

LINESTRING (386830.635396 6673830.827704, 386830.515205 6673828.914624, 386828.892723 6673822.211423)

LINESTRING (386830.635396 6673830.827704, 386832.227074 6673830.789643, 386848.688041 6673829.879620)

LINESTRING (386848.688041 6673829.879620, 386832.227074 6673830.789643, 386830.635396 6673830.827704)

LINESTRING (386838.210202 6673788.424058, 386823.542060 6673794.371573, 386821.954040 6673795.067029)

LINESTRING (386819.392196 6673785.985735, 386817.813160 6673786.792357)

LINESTRING (386845.452427 6673820.005613, 386849.419475 6673819.247777, 386847.408514 6673811.107836)

LINESTRING (386847.408514 6673811.107836, 386844.489054 6673799.073236)

LINESTRING (386847.408514 6673811.107836, 386843.553729 6673811.906781)

LINESTRING (386847.408514 6673811.107836, 386849.419475 6673819.247777, 386845.452427 6673820.005613)

LINESTRING (386843.553729 6673811.906781, 386847.408514 6673811.107836)

LINESTRING (386840.741327 6673799.924594, 386844.489054 6673799.073236)

LINESTRING (386844.489054 6673799.073236, 386843.522359 6673795.091221)

LINESTRING (386844.489054 6673799.073236, 386847.408514 6673811.107836)

LINESTRING (386844.489054 6673799.073236, 386840.741327 6673799.924594)

LINESTRING (386823.429257 6673750.868272, 386817.778625 6673754.798548)

LINESTRING (386823.429257 6673750.868272, 386826.379528 6673748.815694)

LINESTRING (386823.429257 6673750.868272, 386824.603697 6673752.592741)

LINESTRING (386824.603697 6673752.592741, 386823.429257 6673750.868272)

LINESTRING (386826.379528 6673748.815694, 386823.429257 6673750.868272)

LINESTRING (386826.379528 6673748.815694, 386827.497830 6673750.519611)

LINESTRING (386826.379528 6673748.815694, 386827.102192 6673748.314154, 386828.201943 6673747.622651)

LINESTRING (386827.497830 6673750.519611, 386826.379528 6673748.815694)

LINESTRING (386828.201943 6673747.622651, 386834.961758 6673742.766573)

LINESTRING (386828.201943 6673747.622651, 386829.240208 6673749.251034)

LINESTRING (386828.201943 6673747.622651, 386827.102192 6673748.314154, 386826.379528 6673748.815694)

LINESTRING (386829.240208 6673749.251034, 386828.201943 6673747.622651)

LINESTRING (386834.961758 6673742.766573, 386828.201943 6673747.622651)

LINESTRING (386834.961758 6673742.766573, 386836.845556 6673741.404475)

LINESTRING (386834.961758 6673742.766573, 386836.061703 6673744.415339)

LINESTRING (386836.061703 6673744.415339, 386834.961758 6673742.766573)

LINESTRING (386837.891772 6673743.110623, 386836.845556 6673741.404475)

LINESTRING (386860.513626 6673730.342308, 386862.290326 6673729.106120)

LINESTRING (386845.881287 6673755.233677, 386849.013105 6673759.772844)

LINESTRING (386852.685695 6673766.724725, 386849.013105 6673759.772844)

LINESTRING (386874.198778 6673751.126713, 386876.384070 6673749.822184)

LINESTRING (386876.384070 6673749.822184, 386872.850419 6673744.671340)

LINESTRING (386876.384070 6673749.822184, 386874.198778 6673751.126713)

LINESTRING (386880.566883 6673766.821492, 386883.472730 6673765.126945, 386886.835057 6673763.117405)

LINESTRING (386894.183414 6673818.265635, 386893.433080 6673815.536213)

LINESTRING (386908.882971 6673827.707500, 386912.571106 6673826.724321)

LINESTRING (386914.629179 6673852.024822, 386918.037867 6673851.518335)

LINESTRING (386918.037867 6673851.518335, 386917.724899 6673848.753111)

LINESTRING (386918.037867 6673851.518335, 386914.629179 6673852.024822)

LINESTRING (386915.364387 6673858.577157, 386918.511396 6673858.223628)

LINESTRING (386894.402562 6673640.866331, 386868.527992 6673604.254902)

LINESTRING (386894.402562 6673640.866331, 386896.350911 6673639.435408)

LINESTRING (386894.402562 6673640.866331, 386899.117063 6673647.228862, 386900.398571 6673649.005767, 386901.007623 6673649.856195, 386905.632350 6673656.188074)

LINESTRING (386858.231829 6673610.891814, 386868.527992 6673604.254902)

LINESTRING (386858.231829 6673610.891814, 386851.667821 6673601.978760)

LINESTRING (386858.231829 6673610.891814, 386894.871709 6673663.597038, 386902.250098 6673658.454524, 386905.632350 6673656.188074)

LINESTRING (386896.350911 6673639.435408, 386894.402562 6673640.866331)

LINESTRING (386895.070032 6673788.940275, 386898.312297 6673787.536238)

LINESTRING (386997.694400 6673785.102373, 386994.687893 6673779.221923)

LINESTRING (386994.687893 6673779.221923, 386972.482689 6673791.107297)

LINESTRING (386994.687893 6673779.221923, 386997.694400 6673785.102373)

LINESTRING (386994.687893 6673779.221923, 387000.253496 6673776.308666, 387004.392534 6673774.108099)

LINESTRING (387015.982951 6673795.927191, 387012.257363 6673788.865354, 387007.517921 6673779.884590, 387004.392534 6673774.108099)

LINESTRING (387019.851121 6673776.138415, 387016.479718 6673770.302642)

LINESTRING (386978.498379 6673703.718696, 386978.420647 6673698.683946)

LINESTRING (387020.423531 6673754.222530, 387018.028643 6673748.557212, 387019.778107 6673743.020308)

LINESTRING (387019.778107 6673743.020308, 387020.610688 6673745.000557)

LINESTRING (387019.778107 6673743.020308, 387018.178746 6673739.213797, 387017.471539 6673737.519427)

LINESTRING (387019.778107 6673743.020308, 387018.028643 6673748.557212, 387020.423531 6673754.222530)

LINESTRING (387020.610688 6673745.000557, 387019.778107 6673743.020308)

LINESTRING (387036.248200 6673739.335975, 387035.409435 6673735.896033, 387036.608637 6673734.109401)

LINESTRING (387044.983721 6673730.329437, 387041.624853 6673729.396671, 387039.908059 6673730.597489)

LINESTRING (387057.515669 6673714.129276, 387058.410755 6673710.580118)

LINESTRING (386817.484272 6674016.327643, 386816.749308 6674016.250071, 386814.461250 6674016.019926)

LINESTRING (386901.244655 6674066.205412, 386934.862230 6674067.930615)

LINESTRING (386901.244655 6674066.205412, 386886.074189 6674065.381452)

LINESTRING (386901.244655 6674066.205412, 386903.706572 6674069.728907, 386905.036427 6674071.638045)

LINESTRING (386934.862230 6674067.930615, 386901.244655 6674066.205412)

LINESTRING (386934.862230 6674067.930615, 386934.655477 6674071.837453)

LINESTRING (386934.862230 6674067.930615, 386940.698935 6674068.240676, 386949.842825 6674068.537758)

LINESTRING (386934.655477 6674071.837453, 386934.446569 6674074.596511)

LINESTRING (386934.655477 6674071.837453, 386934.862230 6674067.930615)

LINESTRING (386934.655477 6674071.837453, 386933.171353 6674071.760710, 386932.971756 6674071.766876)

LINESTRING (387436.139930 6674311.993710, 387440.745026 6674309.623268)

LINESTRING (386833.282437 6673862.774181, 386831.544853 6673862.939338)

LINESTRING (386865.302124 6673876.305302, 386861.884635 6673875.987444)

LINESTRING (386865.302124 6673876.305302, 386889.964374 6673878.585546)

LINESTRING (386865.302124 6673876.305302, 386865.922595 6673869.265309)

LINESTRING (386860.554570 6673852.525531, 386860.770595 6673850.356888, 386863.717920 6673850.366096, 386863.966537 6673852.843559, 386862.715500 6673867.135595, 386862.542879 6673868.912851)

LINESTRING (386845.856277 6673883.704267, 386846.017455 6673881.916220)

LINESTRING (386859.914035 6673883.158318, 386846.017455 6673881.916220)

LINESTRING (386859.914035 6673883.158318, 386862.596529 6673883.398593)

LINESTRING (386859.914035 6673883.158318, 386859.755987 6673884.868259)

LINESTRING (386859.755987 6673884.868259, 386859.914035 6673883.158318)

LINESTRING (386862.596529 6673883.398593, 386859.914035 6673883.158318)

LINESTRING (386862.596529 6673883.398593, 386866.024757 6673883.704975)

LINESTRING (386862.596529 6673883.398593, 386862.443680 6673885.097228)

LINESTRING (386862.443680 6673885.097228, 386862.596529 6673883.398593)

LINESTRING (386866.024757 6673883.704975, 386862.596529 6673883.398593)

LINESTRING (386866.024757 6673883.704975, 386870.098570 6673884.069418)

LINESTRING (386866.024757 6673883.704975, 386865.871218 6673885.381343)

LINESTRING (386865.871218 6673885.381343, 386866.024757 6673883.704975)

LINESTRING (386870.098570 6673884.069418, 386866.024757 6673883.704975)

LINESTRING (386870.098570 6673884.069418, 386889.204172 6673885.774724)

LINESTRING (386870.098570 6673884.069418, 386869.933251 6673885.723862)

LINESTRING (386652.265138 6673846.487428, 386647.874254 6673849.866342)

LINESTRING (387019.837346 6674093.969582, 387020.512311 6674092.823191)

LINESTRING (387001.349561 6673651.605412, 386998.235521 6673647.099003)

LINESTRING (387001.349561 6673651.605412, 387004.783001 6673656.570019)

LINESTRING (387001.349561 6673651.605412, 386999.151999 6673653.055114)

LINESTRING (387004.783001 6673656.570019, 387001.349561 6673651.605412)

LINESTRING (387004.783001 6673656.570019, 387015.443202 6673671.976523)

LINESTRING (387004.783001 6673656.570019, 386999.733302 6673653.906414)

LINESTRING (386977.544056 6674156.701752, 386967.703948 6674167.637121, 386966.657253 6674168.605552)

LINESTRING (386929.540935 6674130.836548, 386927.950818 6674132.178390)

LINESTRING (386935.245716 6674136.221260, 386933.598093 6674137.498010)

LINESTRING (387224.844926 6673976.173126, 387224.007416 6673974.928500)

LINESTRING (386608.910649 6673760.013903, 386607.707948 6673761.143285)

LINESTRING (386728.651005 6673917.730331, 386728.590775 6673921.164600)

LINESTRING (386722.525099 6673920.817375, 386726.525090 6673921.128222, 386728.590775 6673921.164600)

LINESTRING (387360.969878 6673863.471871, 387365.044473 6673869.275156)

LINESTRING (387360.969878 6673863.471871, 387355.966670 6673856.348730)

LINESTRING (387360.969878 6673863.471871, 387342.776838 6673876.802843)

LINESTRING (387434.060977 6673799.541116, 387439.316418 6673806.567452)

LINESTRING (387434.060977 6673799.541116, 387429.465009 6673793.386034)

LINESTRING (387434.060977 6673799.541116, 387450.522098 6673787.801757)

LINESTRING (387365.044473 6673869.275156, 387366.536120 6673871.758969)

LINESTRING (387365.044473 6673869.275156, 387360.969878 6673863.471871)

LINESTRING (387365.044473 6673869.275156, 387353.137532 6673874.968412, 387347.701756 6673875.971493, 387342.776838 6673876.802843)

LINESTRING (387366.536120 6673871.758969, 387365.044473 6673869.275156)

LINESTRING (387366.536120 6673871.758969, 387396.112255 6673850.132223)

LINESTRING (387366.536120 6673871.758969, 387367.653382 6673873.619088, 387369.186236 6673876.179643)

LINESTRING (387366.536120 6673871.758969, 387357.736898 6673876.543074, 387351.079611 6673880.414336, 387339.283558 6673888.266182)

LINESTRING (387391.279793 6673912.966370, 387378.862905 6673920.480577)

LINESTRING (387391.279793 6673912.966370, 387392.578503 6673915.132949)

LINESTRING (387391.279793 6673912.966370, 387388.226258 6673907.878302, 387387.501054 6673906.674762, 387369.186236 6673876.179643)

LINESTRING (387429.465009 6673793.386034, 387445.798889 6673781.840017)

LINESTRING (387429.465009 6673793.386034, 387434.060977 6673799.541116)

LINESTRING (387429.465009 6673793.386034, 387428.000558 6673791.425131)

LINESTRING (387428.000558 6673791.425131, 387429.465009 6673793.386034)

LINESTRING (387428.000558 6673791.425131, 387388.751326 6673819.946437)

LINESTRING (387428.000558 6673791.425131, 387443.079407 6673780.396891)

LINESTRING (387390.920694 6673841.755548, 387394.652454 6673847.781148)

LINESTRING (387390.920694 6673841.755548, 387360.969878 6673863.471871)

LINESTRING (387436.338008 6673818.182012, 387409.609942 6673836.968226)

LINESTRING (387436.338008 6673818.182012, 387437.532942 6673819.861459)

LINESTRING (387436.338008 6673818.182012, 387435.618624 6673817.167733)

LINESTRING (387445.272876 6673814.552920, 387443.866286 6673812.668242)

LINESTRING (387445.272876 6673814.552920, 387437.532942 6673819.861459)

LINESTRING (387445.272876 6673814.552920, 387461.533665 6673802.797481)

LINESTRING (387396.112255 6673850.132223, 387366.536120 6673871.758969)

LINESTRING (387396.112255 6673850.132223, 387411.176180 6673839.171160)

LINESTRING (387396.112255 6673850.132223, 387394.652454 6673847.781148)

LINESTRING (387396.112255 6673850.132223, 387396.819805 6673851.302876, 387414.069547 6673879.111728)

LINESTRING (387369.186236 6673876.179643, 387387.501054 6673906.674762, 387388.226258 6673907.878302, 387391.279793 6673912.966370)

LINESTRING (387369.186236 6673876.179643, 387367.653382 6673873.619088, 387366.536120 6673871.758969)

LINESTRING (387369.186236 6673876.179643, 387356.733937 6673883.628146, 387375.048828 6673914.123204, 387375.932302 6673915.600475, 387378.862905 6673920.480577)

LINESTRING (387437.532942 6673819.861459, 387411.176180 6673839.171160)

LINESTRING (387437.532942 6673819.861459, 387445.272876 6673814.552920)

LINESTRING (387437.532942 6673819.861459, 387436.338008 6673818.182012)

LINESTRING (387411.176180 6673839.171160, 387396.112255 6673850.132223)

LINESTRING (387411.176180 6673839.171160, 387437.532942 6673819.861459)

LINESTRING (387411.176180 6673839.171160, 387409.609942 6673836.968226)

LINESTRING (387388.751326 6673819.946437, 387362.434369 6673839.099258)

LINESTRING (387388.751326 6673819.946437, 387428.000558 6673791.425131)

LINESTRING (387388.751326 6673819.946437, 387390.170060 6673821.864154)

LINESTRING (387325.733434 6673860.945569, 387325.842312 6673863.761674)

LINESTRING (387325.733434 6673860.945569, 387322.405485 6673861.371181, 387320.071709 6673860.919243, 387315.752123 6673858.879108)

LINESTRING (387325.733434 6673860.945569, 387332.705039 6673860.073493, 387335.950536 6673858.591738, 387362.434369 6673839.099258)

LINESTRING (387482.408817 6674327.320601, 387461.118361 6674338.929807, 387457.181434 6674341.012220)

LINESTRING (387482.408817 6674327.320601, 387478.398375 6674319.431293, 387476.903678 6674316.479485)

LINESTRING (387362.434369 6673839.099258, 387388.751326 6673819.946437)

LINESTRING (387362.434369 6673839.099258, 387364.004124 6673841.235200)

LINESTRING (387362.434369 6673839.099258, 387335.950536 6673858.591738, 387332.705039 6673860.073493, 387325.733434 6673860.945569)

LINESTRING (387390.170060 6673821.864154, 387429.465009 6673793.386034)

LINESTRING (387390.170060 6673821.864154, 387390.934842 6673822.910461)

LINESTRING (387390.170060 6673821.864154, 387388.751326 6673819.946437)

LINESTRING (387364.716267 6673842.193969, 387364.004124 6673841.235200)

LINESTRING (387390.934842 6673822.910461, 387390.170060 6673821.864154)

LINESTRING (387409.609942 6673836.968226, 387394.652454 6673847.781148)

LINESTRING (387409.609942 6673836.968226, 387408.977491 6673836.073863)

LINESTRING (387409.609942 6673836.968226, 387411.176180 6673839.171160)

LINESTRING (387394.652454 6673847.781148, 387365.044473 6673869.275156)

LINESTRING (387394.652454 6673847.781148, 387396.112255 6673850.132223)

LINESTRING (387394.652454 6673847.781148, 387390.920694 6673841.755548)

LINESTRING (387408.977491 6673836.073863, 387409.609942 6673836.968226)

LINESTRING (387435.618624 6673817.167733, 387436.338008 6673818.182012)

LINESTRING (387414.069547 6673879.111728, 387425.335902 6673872.257099)

LINESTRING (387414.069547 6673879.111728, 387404.818789 6673884.734267)

LINESTRING (387414.069547 6673879.111728, 387396.819805 6673851.302876, 387396.112255 6673850.132223)

LINESTRING (387425.335902 6673872.257099, 387414.069547 6673879.111728)

LINESTRING (387404.818789 6673884.734267, 387414.069547 6673879.111728)

LINESTRING (386869.933251 6673885.723862, 386870.098570 6673884.069418)

LINESTRING (386887.916105 6673897.972792, 386889.032268 6673887.395937, 386889.204172 6673885.774724)

LINESTRING (386923.366065 6674304.419172, 386910.693590 6674309.156920)

LINESTRING (386923.366065 6674304.419172, 386918.675070 6674292.684430)

LINESTRING (386923.366065 6674304.419172, 386926.078628 6674311.211314, 386926.819838 6674314.007886, 386927.208663 6674315.277452)

LINESTRING (386918.675070 6674292.684430, 386922.934272 6674290.981517)

LINESTRING (386918.675070 6674292.684430, 386923.366065 6674304.419172)

LINESTRING (386918.675070 6674292.684430, 386917.159306 6674288.886527, 386913.225342 6674278.844602, 386912.395250 6674276.764004)

LINESTRING (386932.659517 6674319.276975, 386937.739643 6674327.623033)

LINESTRING (386932.659517 6674319.276975, 386931.263615 6674317.202708, 386929.906675 6674317.467510, 386928.041368 6674317.982045)

LINESTRING (386932.659517 6674319.276975, 386933.796843 6674318.729210, 386934.784826 6674318.197203)

LINESTRING (386928.041368 6674317.982045, 386921.764412 6674332.507348)

LINESTRING (386928.041368 6674317.982045, 386927.665007 6674316.756671, 386927.208663 6674315.277452)

LINESTRING (386928.041368 6674317.982045, 386929.906675 6674317.467510, 386931.263615 6674317.202708, 386932.659517 6674319.276975)

LINESTRING (386738.231396 6674366.321243, 386743.326697 6674377.296604)

LINESTRING (386738.231396 6674366.321243, 386792.265963 6674341.982273, 386838.094482 6674324.305729, 386875.359176 6674309.268156, 386912.031402 6674295.341409, 386918.675070 6674292.684430)

LINESTRING (386738.231396 6674366.321243, 386736.196155 6674362.060283, 386735.066355 6674359.442931, 386734.322373 6674357.816616)

LINESTRING (387043.910772 6674282.944417, 387057.926087 6674278.555748)

LINESTRING (387043.910772 6674282.944417, 386966.815206 6674306.877260)

LINESTRING (387043.910772 6674282.944417, 387044.507251 6674285.009963, 387053.252818 6674312.879027, 387053.921608 6674315.310099)

LINESTRING (386611.840964 6674245.007334, 386621.062886 6674244.610221)

LINESTRING (386611.840964 6674245.007334, 386584.003682 6674246.215270, 386554.654232 6674250.378922, 386553.054038 6674250.673691)

LINESTRING (386611.840964 6674245.007334, 386611.774717 6674243.048008, 386610.742355 6674210.260344)

LINESTRING (386620.981967 6674250.597158, 386621.062886 6674244.610221)

LINESTRING (386620.981967 6674250.597158, 386632.737522 6674250.121593, 386637.280196 6674250.047761)

LINESTRING (386823.862633 6673976.713533, 386832.674909 6673993.023599, 386836.991218 6673991.541717, 386848.305879 6673987.369504, 386850.238264 6673986.685700)

LINESTRING (387033.842894 6673957.066239, 387041.841289 6673951.347648, 387045.810860 6673948.517133)

LINESTRING (387045.810860 6673948.517133, 387043.247882 6673944.773782, 387083.241006 6673916.203372)

LINESTRING (387045.810860 6673948.517133, 387052.140809 6673957.972635, 387059.298672 6673967.101711)

LINESTRING (387045.810860 6673948.517133, 387041.841289 6673951.347648, 387033.842894 6673957.066239)

LINESTRING (387022.702291 6673604.330518, 387020.138443 6673601.645893)

LINESTRING (387015.816299 6673597.020733, 387020.138443 6673601.645893)

LINESTRING (386856.545731 6673664.090373, 386864.351481 6673675.472491)

LINESTRING (386870.491113 6674212.809894, 386922.822156 6674211.549455)

LINESTRING (386902.075495 6674195.830826, 386908.031691 6674198.577705, 386915.335691 6674203.277755, 386922.822156 6674211.549455)

LINESTRING (386832.360037 6673614.789526, 386841.480820 6673608.734932)

LINESTRING (386841.480820 6673608.734932, 386832.360037 6673614.789526)

LINESTRING (386841.480820 6673608.734932, 386847.086170 6673616.440597)

LINESTRING (386841.480820 6673608.734932, 386843.476626 6673607.402811, 386851.667821 6673601.978760)

LINESTRING (386848.860476 6673615.304775, 386847.086170 6673616.440597)

LINESTRING (386847.086170 6673616.440597, 386848.860476 6673615.304775)

LINESTRING (386847.086170 6673616.440597, 386848.110960 6673617.991393)

LINESTRING (386847.086170 6673616.440597, 386841.480820 6673608.734932)

LINESTRING (386848.110960 6673617.991393, 386847.086170 6673616.440597)

LINESTRING (386851.667821 6673601.978760, 386858.231829 6673610.891814)

LINESTRING (386851.667821 6673601.978760, 386843.476626 6673607.402811, 386841.480820 6673608.734932)

LINESTRING (386600.372196 6673933.369878, 386600.940757 6673927.000079)

LINESTRING (386843.071340 6674196.294870, 386840.947855 6674191.691114, 386838.131712 6674185.325707)

LINESTRING (386837.193984 6674185.689023, 386838.131712 6674185.325707)

LINESTRING (386705.286304 6674112.473486, 386705.331447 6674113.931976)

LINESTRING (386705.286304 6674112.473486, 386704.953899 6674084.879646, 386718.927313 6674084.681205, 386719.331689 6674112.272814, 386705.286304 6674112.473486)

LINESTRING (386705.286304 6674112.473486, 386719.331689 6674112.272814, 386718.927313 6674084.681205, 386704.953899 6674084.879646, 386705.286304 6674112.473486)

LINESTRING (386705.331447 6674113.931976, 386705.286304 6674112.473486)

LINESTRING (386705.331447 6674113.931976, 386705.523321 6674118.517439, 386705.959270 6674132.423024, 386705.977289 6674134.439562)

LINESTRING (386705.331447 6674113.931976, 386697.265194 6674114.203937, 386696.877297 6674094.680198)

LINESTRING (386696.877297 6674094.680198, 386697.265194 6674114.203937, 386705.331447 6674113.931976)

LINESTRING (386493.181948 6674195.036939, 386492.403339 6674235.247092)

LINESTRING (386493.181948 6674195.036939, 386493.606129 6674173.103132)

LINESTRING (386493.181948 6674195.036939, 386489.929758 6674196.820567)

LINESTRING (386515.972942 6674197.695800, 386515.922437 6674173.692753, 386507.565274 6674173.706695, 386495.828644 6674173.190231, 386493.606129 6674173.103132)

LINESTRING (386524.646949 6674116.609131, 386544.829519 6674116.206392)

LINESTRING (386524.646949 6674116.609131, 386515.793087 6674116.716457, 386515.866992 6674107.286172)

LINESTRING (386524.646949 6674116.609131, 386524.535927 6674120.546476, 386525.217673 6674136.272097, 386525.011605 6674138.217576)

LINESTRING (386544.829519 6674116.206392, 386524.646949 6674116.609131)

LINESTRING (386515.866992 6674107.286172, 386515.793087 6674116.716457, 386524.646949 6674116.609131)

LINESTRING (386772.783502 6674063.590598, 386774.054182 6674052.819459, 386774.320792 6674050.314918)

LINESTRING (386737.414916 6674047.790245, 386738.041641 6674044.728494)

LINESTRING (386730.297899 6674046.639734, 386730.793964 6674043.660034)

LINESTRING (386727.260230 6674064.330384, 386731.636241 6674063.526320, 386746.015555 6674061.198033, 386747.743332 6674061.077711)

LINESTRING (386708.250764 6674064.450627, 386708.998400 6674059.379175, 386711.273650 6674043.595469, 386711.704827 6674041.030108)

LINESTRING (386568.621922 6674015.059824, 386568.229163 6674021.190157)

LINESTRING (386568.621922 6674015.059824, 386557.529457 6674013.676222, 386539.736692 6674011.163024, 386510.755023 6674007.559188, 386502.880666 6674006.510602)

LINESTRING (386568.229163 6674021.190157, 386612.689206 6674027.312739)

LINESTRING (386568.229163 6674021.190157, 386564.812485 6674020.716537)

LINESTRING (386568.229163 6674021.190157, 386568.621922 6674015.059824)

LINESTRING (386568.229163 6674021.190157, 386568.119411 6674023.021206, 386567.083747 6674040.103916, 386566.609943 6674043.439568, 386551.581846 6674041.308702)

LINESTRING (386611.375059 6674046.878063, 386610.027132 6674044.211780, 386612.458065 6674029.704755, 386612.689206 6674027.312739)

LINESTRING (386564.812485 6674020.716537, 386568.229163 6674021.190157)

LINESTRING (386564.812485 6674020.716537, 386546.272021 6674017.713846)

LINESTRING (386564.812485 6674020.716537, 386564.545420 6674022.485595)

LINESTRING (386551.581846 6674041.308702, 386566.609943 6674043.439568, 386567.083747 6674040.103916, 386568.119411 6674023.021206, 386568.229163 6674021.190157)

LINESTRING (386546.272021 6674017.713846, 386564.812485 6674020.716537)

LINESTRING (386546.272021 6674017.713846, 386517.542048 6674013.634101)

LINESTRING (386546.272021 6674017.713846, 386546.094688 6674019.691865)

LINESTRING (386546.094688 6674019.691865, 386546.272021 6674017.713846)

LINESTRING (386564.545420 6674022.485595, 386564.812485 6674020.716537)

LINESTRING (386610.742355 6674210.260344, 386611.774717 6674243.048008, 386611.840964 6674245.007334)

LINESTRING (386610.742355 6674210.260344, 386606.628944 6674210.398918, 386593.959621 6674220.074544)

LINESTRING (386610.742355 6674210.260344, 386616.495109 6674210.015272, 386618.895222 6674210.999623, 386619.685599 6674213.404573, 386621.005266 6674242.929233, 386621.062886 6674244.610221)

LINESTRING (386593.959621 6674220.074544, 386606.628944 6674210.398918, 386610.742355 6674210.260344)

LINESTRING (386750.955774 6674246.695965, 386759.128449 6674246.465395)

LINESTRING (386750.955774 6674246.695965, 386750.862121 6674241.516821)

LINESTRING (386759.128449 6674246.465395, 386759.112081 6674241.272716)

LINESTRING (386759.128449 6674246.465395, 386764.955975 6674246.307394, 386787.837085 6674245.800192, 386798.939795 6674245.568238, 386802.184464 6674245.512467)

LINESTRING (386750.862121 6674241.516821, 386759.112081 6674241.272716)

LINESTRING (386750.862121 6674241.516821, 386677.813844 6674243.621689)

LINESTRING (386750.862121 6674241.516821, 386750.955774 6674246.695965)

LINESTRING (386750.862121 6674241.516821, 386750.855686 6674238.797842, 386750.283763 6674224.617859)

LINESTRING (386750.283763 6674224.617859, 386750.855686 6674238.797842, 386750.862121 6674241.516821)

LINESTRING (386677.439305 6674226.326367, 386677.731489 6674240.782471, 386677.813844 6674243.621689)

LINESTRING (386772.461125 6674219.295771, 386759.003178 6674219.277487, 386758.942304 6674224.305392, 386759.096975 6674238.632014, 386759.112081 6674241.272716)

LINESTRING (386941.774460 6674081.680731, 386937.667252 6674087.234792)

LINESTRING (386941.774460 6674081.680731, 386934.446569 6674074.596511)

LINESTRING (386941.774460 6674081.680731, 386946.041478 6674075.910001)

LINESTRING (386937.667252 6674087.234792, 386941.774460 6674081.680731)

LINESTRING (386937.667252 6674087.234792, 386934.955582 6674090.895822)

LINESTRING (386937.667252 6674087.234792, 386939.195514 6674088.201705, 386950.742641 6674097.852506, 386956.836097 6674102.344860, 386964.647869 6674092.753681, 386979.431675 6674094.180540)

LINESTRING (386934.446569 6674074.596511, 386941.774460 6674081.680731)

LINESTRING (386934.446569 6674074.596511, 386934.655477 6674071.837453)

LINESTRING (386934.446569 6674074.596511, 386933.018233 6674074.529189, 386932.813093 6674074.535525)

LINESTRING (386934.955582 6674090.895822, 386937.667252 6674087.234792)

LINESTRING (386934.955582 6674090.895822, 386931.498320 6674095.571715)

LINESTRING (386934.955582 6674090.895822, 386936.523341 6674091.883802, 386950.591663 6674101.768765, 386959.705335 6674109.176766, 386949.948479 6674120.833977)

LINESTRING (386979.431675 6674094.180540, 386978.501299 6674102.511654, 386977.761836 6674103.905216, 386976.911831 6674105.313335, 386977.258364 6674106.651077, 386978.369862 6674111.375306)

LINESTRING (386979.431675 6674094.180540, 386989.484901 6674098.049199, 387008.884164 6674108.048398, 387014.206964 6674112.208021, 387016.432309 6674118.859247, 387019.217207 6674121.704197)

LINESTRING (386979.431675 6674094.180540, 386964.647869 6674092.753681, 386956.836097 6674102.344860, 386950.742641 6674097.852506, 386939.195514 6674088.201705, 386937.667252 6674087.234792)

LINESTRING (386949.948479 6674120.833977, 386959.705335 6674109.176766, 386950.591663 6674101.768765, 386936.523341 6674091.883802, 386934.955582 6674090.895822)

LINESTRING (386882.505153 6674082.063101, 386887.159960 6674080.403652)

LINESTRING (386836.536364 6674073.587941, 386838.704529 6674062.042427, 386839.159309 6674059.699238)

LINESTRING (387095.470888 6674018.340969, 387074.121513 6674033.642918, 387085.294438 6674051.140002, 387086.914127 6674053.452595)

LINESTRING (386972.671243 6674475.117955, 386966.553952 6674472.888597)

LINESTRING (387058.902952 6674282.158594, 387058.459512 6674280.556377, 387057.926087 6674278.555748)

LINESTRING (387069.691135 6674287.564950, 387071.743119 6674288.783214)

LINESTRING (387053.921608 6674315.310099, 387069.181657 6674291.915738, 387071.743119 6674288.783214)

LINESTRING (387053.921608 6674315.310099, 387050.970355 6674319.836539, 387040.609847 6674335.657773)

LINESTRING (387053.921608 6674315.310099, 387053.252818 6674312.879027, 387044.507251 6674285.009963, 387043.910772 6674282.944417)

LINESTRING (386975.769922 6674468.904122, 386969.978842 6674465.918026)

LINESTRING (386960.139303 6674441.448464, 386952.574648 6674457.217062, 386969.978842 6674465.918026)

LINESTRING (387040.589717 6674151.234043, 387030.366193 6674134.108983, 387023.124470 6674125.851802, 387019.217207 6674121.704197)

LINESTRING (386978.369862 6674111.375306, 386977.258364 6674106.651077, 386976.911831 6674105.313335, 386977.761836 6674103.905216, 386978.501299 6674102.511654, 386979.431675 6674094.180540)

LINESTRING (387354.102132 6674043.738328, 387326.720754 6674059.982199)

LINESTRING (386582.248676 6674164.861306, 386582.096513 6674155.114851, 386582.081210 6674153.009073)

LINESTRING (386568.326199 6673973.099958, 386538.091968 6673969.022076, 386536.746722 6673966.444887, 386537.121496 6673959.735609, 386544.068566 6673955.931854, 386549.277283 6673953.340985)

LINESTRING (386686.411078 6673989.635969, 386660.820214 6673986.026281, 386661.931058 6673974.045325)

LINESTRING (386489.170285 6674233.530848, 386492.403339 6674235.247092)

LINESTRING (386489.929758 6674196.820567, 386493.181948 6674195.036939)

LINESTRING (386977.440748 6674318.874561, 386977.041583 6674317.449292, 386964.689824 6674321.251985, 386961.198973 6674322.318192)

LINESTRING (387015.791410 6674338.819807, 387035.587857 6674332.603255, 387037.616622 6674333.788784, 387038.618174 6674334.415377, 387040.609847 6674335.657773)

LINESTRING (386903.630577 6674373.309190, 386917.205812 6674362.235922, 386921.764412 6674332.507348)

LINESTRING (387214.166410 6674326.806251, 387194.970770 6674256.376335)

LINESTRING (386993.449652 6674473.952547, 386992.638801 6674475.727216, 386970.914049 6674527.103972)

LINESTRING (386853.717933 6674003.561839, 386854.233606 6674003.367593, 386855.857903 6674002.771323)

